建物移轉總面積平方公尺,house_age,count_floor,time_index,建物現況格局-廳,建物現況格局-衛,電梯_無,fold
-1.3603806893876387,0.30626534877793676,-0.05517446472814736,0.6693081130820376,-2.380517802853312,-1.8572422558319384,False,1
-0.7876605382617617,1.0243635675221503,-0.3257955993666074,0.6693081130820376,-0.8808079818064339,-0.6089598505988263,False,1
-1.810375093843685,0.7632369425242544,-0.8670378686435275,0.6693081130820376,-2.380517802853312,-1.8572422558319384,False,4
-0.3611012010089999,0.30626534877793676,-0.3257955993666074,0.6693081130820376,-2.380517802853312,4.384169770333622,True,1
0.49654003032522787,-1.652184338706282,0.48606780454877274,0.6693081130820376,-0.8808079818064339,-0.6089598505988263,False,3
-0.797116793449052,-1.1299310887104903,-0.5964167340050675,0.6693081130820376,-0.8808079818064339,-0.6089598505988263,False,4
0.9420118779525698,-1.9785926199536517,1.568552343102613,0.6693081130820376,0.6189018392404444,-0.6089598505988263,False,0
0.3125541957029522,0.6979552862747805,-0.3257955993666074,0.6693081130820376,0.6189018392404444,0.6393225546342859,True,3
-1.139803258605849,-0.3465512137168028,-0.8670378686435275,0.6693081130820376,-0.8808079818064339,-0.6089598505988263,False,-1
-0.9009300297443025,-1.1299310887104903,-0.3257955993666074,0.6693081130820376,-0.8808079818064339,-0.6089598505988263,False,0
0.650306962501163,0.5021103175263587,-0.8670378686435275,0.6693081130820376,0.6189018392404444,0.6393225546342859,True,3
-0.5783894995517322,1.2202085362705721,-0.3257955993666074,0.6693081130820376,0.6189018392404444,-0.6089598505988263,True,3
0.48872834125746656,0.3715470050274107,-0.8670378686435275,0.6693081130820376,-0.8808079818064339,1.887604959867398,True,-1
-0.02807656180443392,1.2854901925200461,-0.8670378686435275,0.6693081130820376,0.6189018392404444,-0.6089598505988263,True,3
0.16803794794936586,0.8285185987737285,0.2154466699103127,0.6693081130820376,0.6189018392404444,0.6393225546342859,False,-1
0.43713007925725283,0.8285185987737285,-0.05517446472814736,0.6693081130820376,0.6189018392404444,0.6393225546342859,False,2
-1.2014744880881763,0.6979552862747805,-0.5964167340050675,0.6693081130820376,-0.8808079818064339,-0.6089598505988263,False,1
1.471767739205759,1.0243635675221503,-0.5964167340050675,0.6693081130820376,0.6189018392404444,0.6393225546342859,True,-1
-0.664934791591931,-0.9340861199620684,-0.05517446472814736,0.6693081130820376,-2.380517802853312,-1.8572422558319384,False,1
-0.6959759770980357,0.17570203627898887,-0.8670378686435275,0.6693081130820376,0.6189018392404444,0.6393225546342859,True,-1
-1.0631253632828226,1.2202085362705721,0.48606780454877274,0.6693081130820376,-0.8808079818064339,-0.6089598505988263,False,1
-1.7955739987679264,1.481335161268468,-1.1376590032819875,0.6693081130820376,-0.8808079818064339,-0.6089598505988263,True,0
-0.7229057473053184,0.5673919737758326,-0.8670378686435275,0.6693081130820376,-0.8808079818064339,-0.6089598505988263,False,2
-0.585378905559729,0.24098369252846283,1.0273100738256928,0.6693081130820376,-0.8808079818064339,-0.6089598505988263,False,-1
-1.3235835224631838,0.11042038002951492,-0.8670378686435275,0.6693081130820376,-2.380517802853312,-0.6089598505988263,False,1
0.36312460387846024,0.6326736300253065,1.0273100738256928,0.6693081130820376,0.6189018392404444,-0.6089598505988263,False,-1
-1.2000354927335886,0.5021103175263587,0.7566889391872328,0.6693081130820376,-0.8808079818064339,-0.6089598505988263,False,-1
-0.8004059256881094,1.1549268800210981,-0.5964167340050675,0.6693081130820376,-0.8808079818064339,-0.6089598505988263,True,0
-0.47334283866683524,0.8285185987737285,-0.5964167340050675,0.6693081130820376,0.6189018392404444,0.6393225546342859,False,1
-1.4232853434596122,0.6979552862747805,1.0273100738256928,0.6693081130820376,-2.380517802853312,-1.8572422558319384,False,-1
-0.8914737745570124,0.5021103175263587,0.2154466699103127,0.6693081130820376,-0.8808079818064339,-0.6089598505988263,False,4
1.1942472065352876,-0.6729594949641726,-0.5964167340050675,0.6693081130820376,0.6189018392404444,0.6393225546342859,False,-1
0.9339946181198675,-0.6729594949641726,-0.3257955993666074,0.6693081130820376,0.6189018392404444,0.6393225546342859,False,-1
0.9288553489963403,-0.6729594949641726,0.48606780454877274,0.6693081130820376,0.6189018392404444,0.6393225546342859,False,-1
-1.105267370095746,0.11042038002951492,0.48606780454877274,0.6693081130820376,-2.380517802853312,-0.6089598505988263,False,4
-1.2569785946222705,0.5673919737758326,1.297931208464153,0.6693081130820376,-0.8808079818064339,-0.6089598505988263,False,1
-0.9440998903819314,0.7632369425242544,-0.3257955993666074,0.6693081130820376,-0.8808079818064339,-0.6089598505988263,False,2
-1.4113622390930292,0.5673919737758326,1.297931208464153,0.6693081130820376,-0.8808079818064339,-0.6089598505988263,False,1
0.1920897274474734,0.8938002550232024,0.7566889391872328,0.6693081130820376,-2.380517802853312,4.384169770333622,False,1
1.589765358281945,0.045138723780040954,-0.05517446472814736,0.6693081130820376,0.6189018392404444,0.6393225546342859,True,2
-0.25872696006833723,0.5021103175263587,-0.05517446472814736,0.6693081130820376,2.1186116602873226,0.6393225546342859,True,3
-1.4765281715793548,-0.15070624496838092,0.2154466699103127,0.6693081130820376,-0.8808079818064339,-0.6089598505988263,False,4
-1.1620049012194869,0.17570203627898887,0.7566889391872328,0.6693081130820376,-0.8808079818064339,-0.6089598505988263,False,3
-1.3760040675231617,0.6326736300253065,-0.8670378686435275,0.6693081130820376,-0.8808079818064339,-0.6089598505988263,False,-1
0.0662804193035262,0.6979552862747805,0.2154466699103127,0.6693081130820376,0.6189018392404444,0.6393225546342859,False,3
0.19969584575029384,0.8285185987737285,-0.8670378686435275,0.6693081130820376,0.6189018392404444,0.6393225546342859,True,-1
2.574860463879648,0.045138723780040954,2.1097946123795333,0.6693081130820376,0.6189018392404444,0.6393225546342859,False,2
-0.680558169727454,1.416053505018994,-1.1376590032819875,0.6693081130820376,0.6189018392404444,-0.6089598505988263,True,-1
0.7103336258639616,-1.7174659949557558,0.48606780454877274,0.6693081130820376,-0.8808079818064339,-0.6089598505988263,False,1
1.3245790715079386,0.3715470050274107,-0.05517446472814736,0.6693081130820376,0.6189018392404444,0.6393225546342859,False,2
-1.3486631557859967,0.5021103175263587,0.48606780454877274,0.6693081130820376,-2.380517802853312,-0.6089598505988263,False,1
0.794206497959926,-0.6076778387146986,0.2154466699103127,0.6693081130820376,0.6189018392404444,0.6393225546342859,False,-1
-1.059836231043765,-1.0646494324610163,-0.3257955993666074,0.6693081130820376,-0.8808079818064339,-0.6089598505988263,False,2
-1.2501947593792144,0.11042038002951492,1.0273100738256928,0.6693081130820376,-2.380517802853312,-1.8572422558319384,False,0
-1.4461036983680733,0.5021103175263587,0.48606780454877274,0.6693081130820376,-0.8808079818064339,-0.6089598505988263,False,0
-1.1749558594107756,-0.28126955746732885,-0.3257955993666074,0.6693081130820376,-0.8808079818064339,-0.6089598505988263,False,4
-1.3634642508617552,0.3715470050274107,-0.05517446472814736,0.6693081130820376,-2.380517802853312,-0.6089598505988263,False,3
-0.6501336965161726,0.3715470050274107,1.297931208464153,0.6693081130820376,-0.8808079818064339,-0.6089598505988263,False,3
-1.0894384211952821,0.8938002550232024,0.2154466699103127,0.6693081130820376,-0.8808079818064339,-0.6089598505988263,False,0
-0.8986687513299505,-0.9993677762115424,-0.3257955993666074,0.6693081130820376,0.6189018392404444,-0.6089598505988263,False,2
0.716500748812194,1.0243635675221503,-0.3257955993666074,0.6693081130820376,-0.8808079818064339,0.6393225546342859,False,1
-1.3373567637142365,0.8285185987737285,-1.1376590032819875,0.6693081130820376,-0.8808079818064339,-0.6089598505988263,True,-1
0.10492772311245134,0.3715470050274107,1.0273100738256928,0.6693081130820376,-2.380517802853312,-0.6089598505988263,False,-1
-0.33376028927183493,1.0896452237716243,-0.8670378686435275,0.6693081130820376,-2.380517802853312,-1.8572422558319384,False,3
-1.2113418848053485,0.6979552862747805,0.48606780454877274,0.6693081130820376,-0.8808079818064339,-0.6089598505988263,False,1
0.2802795856072012,0.30626534877793676,1.0273100738256928,0.6693081130820376,0.6189018392404444,0.6393225546342859,False,-1
-0.5931905946274907,-1.1299310887104903,-0.8670378686435275,0.6693081130820376,0.6189018392404444,-0.6089598505988263,False,1
0.44514733908995535,-1.1299310887104903,-0.05517446472814736,0.6693081130820376,0.6189018392404444,0.6393225546342859,False,4
-1.0606585141035294,0.6326736300253065,0.48606780454877274,0.6693081130820376,-0.8808079818064339,-0.6089598505988263,False,-1
-1.3702480861048112,0.6326736300253065,1.0273100738256928,0.6693081130820376,-0.8808079818064339,-0.6089598505988263,False,-1
-0.27702275814809396,1.416053505018994,-1.1376590032819875,0.6693081130820376,-0.8808079818064339,-0.6089598505988263,True,-1
-0.4924609198063565,0.4368286612768847,0.48606780454877274,0.6693081130820376,0.6189018392404444,1.887604959867398,False,4
0.48872834125746656,0.5021103175263587,-0.05517446472814736,0.6693081130820376,0.6189018392404444,0.6393225546342859,False,4
-1.6843602149347967,0.9590819112726764,-0.3257955993666074,0.6693081130820376,-0.8808079818064339,-0.6089598505988263,True,-1
-0.6357437429702962,-1.2604944012094381,1.839173477741073,0.6693081130820376,-0.8808079818064339,-0.6089598505988263,False,1
-1.2890476339530805,0.3715470050274107,0.48606780454877274,0.6693081130820376,-0.8808079818064339,-0.6089598505988263,False,-1
-1.4734446101052383,0.5021103175263587,0.7566889391872328,0.6693081130820376,-0.8808079818064339,-0.6089598505988263,False,0
-0.8869512177283084,0.045138723780040954,0.48606780454877274,0.6693081130820376,0.6189018392404444,-0.6089598505988263,False,0
0.09855502939927749,0.8938002550232024,-0.8670378686435275,0.6693081130820376,-0.8808079818064339,-0.6089598505988263,True,0
-1.4972908188384046,0.3715470050274107,-0.5964167340050675,0.6693081130820376,-0.8808079818064339,-0.6089598505988263,True,-1
-1.319883248694244,0.8938002550232024,-1.1376590032819875,0.6693081130820376,-2.380517802853312,0.6393225546342859,True,-1
-0.0188258773820851,1.3507718487695202,-0.8670378686435275,0.6693081130820376,0.6189018392404444,-0.6089598505988263,True,0
-1.2292265413552232,0.3715470050274107,0.48606780454877274,0.6693081130820376,-0.8808079818064339,-0.6089598505988263,False,2
-1.089232850430341,0.17570203627898887,-0.05517446472814736,0.6693081130820376,-0.8808079818064339,-0.6089598505988263,False,2
0.7444583728441825,0.5673919737758326,-0.05517446472814736,0.6693081130820376,0.6189018392404444,0.6393225546342859,False,-1
-1.2666404205745017,-1.1299310887104903,0.48606780454877274,0.6693081130820376,-0.8808079818064339,-0.6089598505988263,False,1
-0.2907959993991471,-1.7174659949557558,0.7566889391872328,0.6693081130820376,-0.8808079818064339,-0.6089598505988263,False,1
-1.1067063654503337,0.4368286612768847,1.297931208464153,0.6693081130820376,-0.8808079818064339,-0.6089598505988263,False,3
-0.6324546107312389,0.3715470050274107,1.297931208464153,0.6693081130820376,-0.8808079818064339,-0.6089598505988263,False,-1
-1.1445313861994943,-1.3257760574589121,0.2154466699103127,0.6693081130820376,-0.8808079818064339,-0.6089598505988263,False,1
-1.2234705599368727,0.9590819112726764,-0.5964167340050675,0.6693081130820376,0.6189018392404444,-0.6089598505988263,False,-1
-0.08892550822699674,1.481335161268468,-1.1376590032819875,0.6693081130820376,-2.380517802853312,-1.8572422558319384,True,4
0.48687820437299667,0.9590819112726764,-0.3257955993666074,0.6693081130820376,0.6189018392404444,0.6393225546342859,True,-1
0.6365337212501102,0.4368286612768847,0.2154466699103127,0.6693081130820376,0.6189018392404444,0.6393225546342859,False,-1
0.4233568380061998,0.6979552862747805,-0.3257955993666074,0.6693081130820376,0.6189018392404444,0.6393225546342859,True,1
-1.3973834270770351,0.4368286612768847,-0.05517446472814736,0.6693081130820376,-0.8808079818064339,0.6393225546342859,True,-1
-1.2830860817697889,1.1549268800210981,0.2154466699103127,0.6693081130820376,-0.8808079818064339,-0.6089598505988263,True,-1
-1.4806395868781765,1.481335161268468,-0.5964167340050675,0.6693081130820376,-0.8808079818064339,-0.6089598505988263,True,1
-1.1363085556018506,0.4368286612768847,-1.1376590032819875,0.6693081130820376,0.6189018392404444,-0.6089598505988263,True,2
2.62789772123445,-1.586902682456808,-0.5964167340050675,0.6693081130820376,0.6189018392404444,0.6393225546342859,False,-1
1.3918007116436752,-1.3257760574589121,-0.8670378686435275,0.6693081130820376,0.6189018392404444,0.6393225546342859,False,-1
-0.6345103183806496,0.4368286612768847,-0.3257955993666074,0.6693081130820376,0.6189018392404444,0.6393225546342859,True,3
0.4620041418151246,-1.1952127449599643,0.48606780454877274,0.6693081130820376,0.6189018392404444,0.6393225546342859,False,-1
-0.9660959622306281,-1.1299310887104903,-0.8670378686435275,0.6693081130820376,-2.380517802853312,-0.6089598505988263,False,0
-0.8766726794812539,-1.9133109637041779,2.1097946123795333,0.6693081130820376,-0.8808079818064339,-0.6089598505988263,False,0
-1.4113622390930292,0.045138723780040954,1.297931208464153,0.6693081130820376,-2.380517802853312,-0.6089598505988263,False,4
0.15960954658678123,0.3715470050274107,-1.1376590032819875,0.6693081130820376,2.1186116602873226,0.6393225546342859,False,-1
-0.3697351731365257,0.8285185987737285,-0.5964167340050675,0.6693081130820376,0.6189018392404444,0.6393225546342859,True,-1
0.18571703373429957,0.8938002550232024,-0.3257955993666074,0.6693081130820376,0.6189018392404444,-0.6089598505988263,True,2
0.48913948278734865,0.8285185987737285,-0.8670378686435275,0.6693081130820376,0.6189018392404444,0.6393225546342859,False,-1
-0.7973223642139932,-1.8480293074547038,-0.05517446472814736,0.6693081130820376,-0.8808079818064339,-0.6089598505988263,False,1
-0.7551803574010696,-0.020142932469433005,2.6510368816564536,0.6693081130820376,-2.380517802853312,-1.8572422558319384,False,-1
1.3891282916994407,-0.6729594949641726,-0.05517446472814736,0.6693081130820376,0.6189018392404444,0.6393225546342859,False,4
1.0961899516583873,0.30626534877793676,1.0273100738256928,0.6693081130820376,0.6189018392404444,0.6393225546342859,False,-1
-0.32327618025983923,-0.5423961824652247,-1.1376590032819875,0.6693081130820376,-0.8808079818064339,0.6393225546342859,False,2
0.16701009412466045,-1.1299310887104903,-0.8670378686435275,0.6693081130820376,0.6189018392404444,-0.6089598505988263,False,3
-0.4951333397505908,0.4368286612768847,-0.3257955993666074,0.6693081130820376,0.6189018392404444,0.6393225546342859,False,0
1.9959731898055388,-1.3257760574589121,-0.3257955993666074,0.6693081130820376,0.6189018392404444,0.6393225546342859,False,0
1.0513755249012302,-1.9133109637041779,-0.5964167340050675,0.6693081130820376,0.6189018392404444,0.6393225546342859,False,3
-1.0378401591950683,-1.0646494324610163,-0.5964167340050675,0.6693081130820376,-0.8808079818064339,-0.6089598505988263,False,1
-0.19685015982106904,0.4368286612768847,-0.8670378686435275,0.6693081130820376,-0.8808079818064339,0.6393225546342859,False,-1
-0.4040654908816878,1.2202085362705721,-1.1376590032819875,0.6693081130820376,-2.380517802853312,-1.8572422558319384,True,2
0.18016662308089024,0.5673919737758326,-0.3257955993666074,0.6693081130820376,0.6189018392404444,0.6393225546342859,False,-1
-0.3171090573116066,-1.586902682456808,1.0273100738256928,0.6693081130820376,0.6189018392404444,-0.6089598505988263,False,2
0.9152876785102284,0.045138723780040954,1.839173477741073,0.6693081130820376,0.6189018392404444,0.6393225546342859,False,1
-0.08892550822699674,-2.1744375887020735,-0.5964167340050675,0.6693081130820376,0.6189018392404444,-0.6089598505988263,False,3
0.28521328396578727,-1.3910577137083862,1.0273100738256928,0.6693081130820376,0.6189018392404444,0.6393225546342859,False,4
-0.005258206895972933,0.8938002550232024,-0.3257955993666074,0.6693081130820376,0.6189018392404444,0.6393225546342859,False,3
-0.0930369235258186,0.30626534877793676,-0.3257955993666074,0.6693081130820376,0.6189018392404444,0.6393225546342859,True,4
1.6565758568877993,1.2202085362705721,-0.8670378686435275,0.6693081130820376,0.6189018392404444,0.6393225546342859,False,0
-0.7120104967634406,-1.7174659949557558,1.568552343102613,0.6693081130820376,-0.8808079818064339,-0.6089598505988263,False,4
0.38943766179091976,1.481335161268468,-0.5964167340050675,0.6693081130820376,0.6189018392404444,0.6393225546342859,True,4
0.22210305912887243,1.0896452237716243,-0.5964167340050675,0.6693081130820376,0.6189018392404444,0.6393225546342859,True,-1
0.6178267816404708,-1.521621026207334,0.7566889391872328,0.6693081130820376,0.6189018392404444,-0.6089598505988263,False,4
-0.12305025520721763,0.9590819112726764,-0.5964167340050675,0.6693081130820376,0.6189018392404444,-0.6089598505988263,True,-1
-1.2783579541761438,-1.1299310887104903,-0.8670378686435275,0.6693081130820376,-0.8808079818064339,-0.6089598505988263,False,-1
0.8811629315300076,-2.043874276203126,0.2154466699103127,0.6693081130820376,0.6189018392404444,-0.6089598505988263,False,2
0.7866003796571056,0.4368286612768847,-0.5964167340050675,0.6693081130820376,0.6189018392404444,0.6393225546342859,True,1
1.120652872686377,0.7632369425242544,-0.3257955993666074,0.6693081130820376,0.6189018392404444,0.6393225546342859,False,4
-0.28092860268197495,0.8285185987737285,-0.3257955993666074,0.6693081130820376,0.6189018392404444,3.13588736510051,True,-1
-0.2833954518612678,-1.2604944012094381,-0.5964167340050675,0.6693081130820376,-0.8808079818064339,-0.6089598505988263,False,1
-0.12839509509568608,-1.0646494324610163,0.48606780454877274,0.6693081130820376,-0.8808079818064339,-0.6089598505988263,False,4
-0.9985761430913203,-1.2604944012094381,-0.8670378686435275,0.6693081130820376,-2.380517802853312,-0.6089598505988263,False,1
-0.9177868324694719,-0.41183286996627677,-0.05517446472814736,0.6693081130820376,-0.8808079818064339,-0.6089598505988263,False,0
0.010776312769432117,-1.1952127449599643,-0.8670378686435275,0.6693081130820376,-0.8808079818064339,-0.6089598505988263,False,-1
-0.7399681207954291,-0.21598790121785488,-0.8670378686435275,0.6693081130820376,-0.8808079818064339,-0.6089598505988263,False,3
0.38943766179091976,0.4368286612768847,-0.5964167340050675,0.6693081130820376,0.6189018392404444,0.6393225546342859,False,1
-0.04925035059336622,0.9590819112726764,-0.3257955993666074,0.6693081130820376,0.6189018392404444,-0.6089598505988263,True,4
-1.2014744880881763,-0.15070624496838092,-0.3257955993666074,0.6693081130820376,-2.380517802853312,-0.6089598505988263,False,1
0.8394320662469662,-0.21598790121785488,-0.3257955993666074,0.6693081130820376,0.6189018392404444,0.6393225546342859,False,-1
0.460154004930655,-0.15070624496838092,0.2154466699103127,0.6693081130820376,0.6189018392404444,0.6393225546342859,False,-1
1.4419599782893013,-0.020142932469433005,-0.05517446472814736,0.6693081130820376,0.6189018392404444,0.6393225546342859,False,-1
0.5279923573612146,0.045138723780040954,-0.5964167340050675,0.6693081130820376,0.6189018392404444,0.6393225546342859,True,-1
-0.24372029422763758,1.1549268800210981,-0.8670378686435275,0.6693081130820376,0.6189018392404444,-0.6089598505988263,True,4
2.273904864005893,0.11042038002951492,-0.3257955993666074,0.6693081130820376,0.6189018392404444,0.6393225546342859,False,0
-0.17012596037872738,0.4368286612768847,-0.05517446472814736,0.6693081130820376,2.1186116602873226,0.6393225546342859,True,0
-0.14093491175709255,0.4368286612768847,-0.3257955993666074,0.6693081130820376,0.6189018392404444,-0.6089598505988263,True,-1
0.8347039386533208,-0.15070624496838092,-0.8670378686435275,0.6693081130820376,0.6189018392404444,0.6393225546342859,False,-1
0.7707714307566421,-0.3465512137168028,-0.05517446472814736,0.6693081130820376,0.6189018392404444,0.6393225546342859,False,4
-0.146896463940384,0.24098369252846283,-0.8670378686435275,0.6693081130820376,0.6189018392404444,0.6393225546342859,True,4
-1.080598878302815,-1.1952127449599643,0.2154466699103127,0.6693081130820376,-0.8808079818064339,-0.6089598505988263,False,2
-1.253689462383213,-1.1952127449599643,1.839173477741073,0.6693081130820376,-2.380517802853312,-1.8572422558319384,False,2
1.4312702985123644,-0.08542458871890696,-0.5964167340050675,0.6693081130820376,0.6189018392404444,0.6393225546342859,False,3
0.19640671351123618,-0.6076778387146986,-1.1376590032819875,0.6693081130820376,0.6189018392404444,-0.6089598505988263,False,4
-0.5107567178861135,0.8285185987737285,-0.3257955993666074,0.6693081130820376,2.1186116602873226,0.6393225546342859,True,1
-0.9128531341108858,0.6326736300253065,-0.05517446472814736,0.6693081130820376,0.6189018392404444,-0.6089598505988263,True,2
-0.6628790839425203,0.8938002550232024,-0.5964167340050675,0.6693081130820376,0.6189018392404444,-0.6089598505988263,True,-1
-0.6285487661973582,1.416053505018994,-0.5964167340050675,0.6693081130820376,0.6189018392404444,-0.6089598505988263,True,-1
-0.13908477487262266,0.4368286612768847,0.7566889391872328,0.6693081130820376,-0.8808079818064339,-0.6089598505988263,False,-1
0.20175155339970463,0.9590819112726764,-0.5964167340050675,0.6693081130820376,0.6189018392404444,-0.6089598505988263,True,1
0.08992105727175168,1.2202085362705721,-0.8670378686435275,0.6693081130820376,0.6189018392404444,-0.6089598505988263,True,-1
0.8836297807093001,0.3715470050274107,-0.3257955993666074,0.6693081130820376,0.6189018392404444,0.6393225546342859,False,0
0.24882725857121438,0.4368286612768847,-0.8670378686435275,0.6693081130820376,0.6189018392404444,0.6393225546342859,False,2
-0.6865197219107454,1.2854901925200461,-0.5964167340050675,0.6693081130820376,-0.8808079818064339,-0.6089598505988263,True,4
-1.0489409805018872,-0.28126955746732885,0.48606780454877274,0.6693081130820376,-0.8808079818064339,-0.6089598505988263,False,2
0.057235305646118284,0.9590819112726764,-0.3257955993666074,0.6693081130820376,0.6189018392404444,-0.6089598505988263,True,-1
-1.6080934611416524,1.3507718487695202,-0.5964167340050675,0.6693081130820376,-0.8808079818064339,-0.6089598505988263,True,4
-0.12695609974109828,0.8938002550232024,-0.5964167340050675,0.6693081130820376,0.6189018392404444,-0.6089598505988263,True,-1
-0.4153718829534477,1.1549268800210981,-0.8670378686435275,0.6693081130820376,0.6189018392404444,-0.6089598505988263,True,3
-0.3880309712162827,0.30626534877793676,1.568552343102613,0.6693081130820376,0.6189018392404444,-0.6089598505988263,False,-1
-1.1112289222790377,0.30626534877793676,-0.5964167340050675,0.6693081130820376,-0.8808079818064339,-0.6089598505988263,False,-1
-0.20753983959800562,0.3715470050274107,-0.3257955993666074,0.6693081130820376,-0.8808079818064339,-0.6089598505988263,True,-1
-0.6168312325957159,1.2854901925200461,-1.1376590032819875,0.6693081130820376,0.6189018392404444,-0.6089598505988263,True,3
-0.8306248281344497,-1.7827476512052298,-0.8670378686435275,0.6693081130820376,0.6189018392404444,-0.6089598505988263,False,0
0.11027256300091949,0.6979552862747805,-0.8670378686435275,0.6693081130820376,0.6189018392404444,0.6393225546342859,True,-1
0.6934768231387918,-2.1091559324525995,1.0273100738256928,0.6693081130820376,0.6189018392404444,-0.6089598505988263,False,1
-0.6110752511773654,0.3715470050274107,1.839173477741073,0.6693081130820376,-0.8808079818064339,-0.6089598505988263,False,3
-0.2994299715266729,-1.3257760574589121,-0.5964167340050675,0.6693081130820376,0.6189018392404444,0.6393225546342859,False,4
-0.16889253578908078,1.2854901925200461,-0.3257955993666074,0.6693081130820376,0.6189018392404444,0.6393225546342859,True,-1
-1.2090806063909965,-1.1299310887104903,0.2154466699103127,0.6693081130820376,-0.8808079818064339,-0.6089598505988263,False,4
-1.3262559424074178,-0.4771145262157507,-0.3257955993666074,0.6693081130820376,-0.8808079818064339,-0.6089598505988263,False,1
0.3507903579819949,0.4368286612768847,-0.05517446472814736,0.6693081130820376,0.6189018392404444,0.6393225546342859,True,-1
0.34667894268317306,0.4368286612768847,-0.5964167340050675,0.6693081130820376,0.6189018392404444,0.6393225546342859,True,-1
-0.23056376527140782,0.8938002550232024,-0.5964167340050675,0.6693081130820376,0.6189018392404444,-0.6089598505988263,True,3
0.05024589963812115,0.5673919737758326,0.2154466699103127,0.6693081130820376,0.6189018392404444,0.6393225546342859,False,-1
-0.49266649057129763,0.8938002550232024,0.48606780454877274,0.6693081130820376,0.6189018392404444,0.6393225546342859,False,-1
-0.3822749897979322,1.2202085362705721,-1.1376590032819875,0.6693081130820376,0.6189018392404444,-0.6089598505988263,True,-1
-0.39995407558286594,1.2854901925200461,-0.8670378686435275,0.6693081130820376,-0.8808079818064339,-0.6089598505988263,True,1
0.04017293215600785,0.8285185987737285,-0.3257955993666074,0.6693081130820376,0.6189018392404444,0.6393225546342859,True,-1
0.9716140681040867,-0.08542458871890696,-0.3257955993666074,0.6693081130820376,0.6189018392404444,0.6393225546342859,False,-1
0.16824351871430704,0.30626534877793676,-1.1376590032819875,0.6693081130820376,0.6189018392404444,0.6393225546342859,True,0
-0.26879992755045057,-0.41183286996627677,-0.8670378686435275,0.6693081130820376,0.6189018392404444,-0.6089598505988263,False,3
0.16536552800513177,0.4368286612768847,-0.3257955993666074,0.6693081130820376,0.6189018392404444,0.6393225546342859,False,4
0.03297795538306981,0.4368286612768847,-0.5964167340050675,0.6693081130820376,0.6189018392404444,0.6393225546342859,True,-1
0.056618593351294995,0.6979552862747805,-0.5964167340050675,0.6693081130820376,0.6189018392404444,-0.6089598505988263,True,0
-0.25523225706433866,0.4368286612768847,-0.3257955993666074,0.6693081130820376,0.6189018392404444,-0.6089598505988263,True,-1
0.27637374107332024,0.5673919737758326,-0.5964167340050675,0.6693081130820376,0.6189018392404444,0.6393225546342859,True,3
1.106262919140501,-0.3465512137168028,0.2154466699103127,0.6693081130820376,0.6189018392404444,0.6393225546342859,False,4
-0.41989443978215163,0.5021103175263587,-0.05517446472814736,0.6693081130820376,0.6189018392404444,0.6393225546342859,True,2
0.07984808978963837,0.5673919737758326,-0.05517446472814736,0.6693081130820376,0.6189018392404444,0.6393225546342859,True,3
0.1723549340131289,0.5673919737758326,-0.8670378686435275,0.6693081130820376,0.6189018392404444,0.6393225546342859,True,-1
-0.01656459896773312,0.5673919737758326,-0.05517446472814736,0.6693081130820376,-0.8808079818064339,0.6393225546342859,True,-1
1.597165905819824,-0.28126955746732885,-0.3257955993666074,0.6693081130820376,0.6189018392404444,0.6393225546342859,False,1
1.925051275900863,-0.41183286996627677,1.0273100738256928,0.6693081130820376,0.6189018392404444,0.6393225546342859,False,1
1.3325963313406408,0.4368286612768847,1.0273100738256928,0.6693081130820376,0.6189018392404444,0.6393225546342859,False,-1
0.6840205679515021,0.4368286612768847,2.3804157470179934,0.6693081130820376,0.6189018392404444,0.6393225546342859,False,2
0.7678934400474665,0.4368286612768847,-0.3257955993666074,0.6693081130820376,0.6189018392404444,0.6393225546342859,False,2
1.5905876413417093,0.5021103175263587,1.839173477741073,0.6693081130820376,0.6189018392404444,1.887604959867398,False,0
0.23155931431616275,-1.7174659949557558,0.7566889391872328,0.6693081130820376,0.6189018392404444,-0.6089598505988263,False,-1
-0.13147865656980226,0.4368286612768847,-0.05517446472814736,0.6693081130820376,-2.380517802853312,3.13588736510051,True,-1
1.807259227589618,-0.28126955746732885,0.48606780454877274,0.6693081130820376,2.1186116602873226,0.6393225546342859,False,-1
0.5534831322139098,-1.586902682456808,1.0273100738256928,0.6693081130820376,0.6189018392404444,-0.6089598505988263,False,-1
-0.10989372625098785,-1.0646494324610163,-0.5964167340050675,0.6693081130820376,0.6189018392404444,-0.6089598505988263,False,0
0.47762751995064756,-1.2604944012094381,0.48606780454877274,0.6693081130820376,-0.8808079818064339,-0.6089598505988263,False,3
3.2084295614280873,-1.1952127449599643,-0.8670378686435275,0.6693081130820376,2.1186116602873226,0.6393225546342859,False,1
-1.1585101982154884,-0.21598790121785488,-0.8670378686435275,0.6693081130820376,-0.8808079818064339,-0.6089598505988263,False,1
4.65708674196795,-1.521621026207334,1.0273100738256928,0.6693081130820376,0.6189018392404444,0.6393225546342859,False,1
-0.2735280551440957,0.3715470050274107,-0.8670378686435275,0.6693081130820376,0.6189018392404444,-0.6089598505988263,True,-1
0.13864132856279013,0.6326736300253065,-0.05517446472814736,0.6693081130820376,0.6189018392404444,0.6393225546342859,True,-1
0.5020904409786372,0.045138723780040954,-0.05517446472814736,0.6693081130820376,-0.8808079818064339,0.6393225546342859,True,-1
-0.2831898810963269,-2.1744375887020735,-0.05517446472814736,0.6693081130820376,0.6189018392404444,-0.6089598505988263,False,-1
0.6453732641425772,-0.3465512137168028,1.0273100738256928,0.6693081130820376,0.6189018392404444,0.6393225546342859,False,3
0.6552406608597494,0.30626534877793676,-0.05517446472814736,0.6693081130820376,0.6189018392404444,0.6393225546342859,True,3
0.31481547411730415,0.3715470050274107,-0.3257955993666074,0.6693081130820376,0.6189018392404444,0.6393225546342859,True,-1
0.5082575639268698,-0.28126955746732885,-0.05517446472814736,0.6693081130820376,0.6189018392404444,0.6393225546342859,False,3
1.1603280303200076,0.11042038002951492,-1.1376590032819875,0.6693081130820376,0.6189018392404444,1.887604959867398,True,2
0.17091593865854113,0.30626534877793676,-0.05517446472814736,0.6693081130820376,0.6189018392404444,0.6393225546342859,True,1
-0.29367399010832235,-1.1952127449599643,0.48606780454877274,0.6693081130820376,0.6189018392404444,0.6393225546342859,False,0
0.5911025821981292,-0.6076778387146986,-0.05517446472814736,0.6693081130820376,0.6189018392404444,0.6393225546342859,False,-1
0.9798368987017304,-0.7382411512136465,0.2154466699103127,0.6693081130820376,0.6189018392404444,0.6393225546342859,False,-1
0.5935694313774224,-0.3465512137168028,-0.05517446472814736,0.6693081130820376,0.6189018392404444,0.6393225546342859,False,-1
1.5665358618436018,-0.21598790121785488,-1.1376590032819875,0.6693081130820376,0.6189018392404444,1.887604959867398,False,4
-1.009471393633198,-0.21598790121785488,-0.3257955993666074,0.6693081130820376,-0.8808079818064339,-0.6089598505988263,False,1
0.19250086897735552,0.30626534877793676,-0.05517446472814736,0.6693081130820376,0.6189018392404444,0.6393225546342859,True,3
-1.5793135540498997,0.3715470050274107,-0.8670378686435275,0.6693081130820376,0.6189018392404444,3.13588736510051,True,0
0.7820778228284017,0.17570203627898887,-0.5964167340050675,0.6693081130820376,0.6189018392404444,0.6393225546342859,True,0
0.4400080699664281,0.30626534877793676,-0.05517446472814736,0.6693081130820376,-2.380517802853312,8.129016986032958,True,0
-0.2648940830165699,-2.1091559324525995,-0.05517446472814736,0.6693081130820376,-0.8808079818064339,-0.6089598505988263,False,-1
0.17399950013265758,-1.2604944012094381,-0.3257955993666074,0.6693081130820376,0.6189018392404444,-0.6089598505988263,False,-1
0.11068370453080188,0.6326736300253065,-0.3257955993666074,0.6693081130820376,0.6189018392404444,0.6393225546342859,True,0
2.572188043935414,-1.45633936995786,0.48606780454877274,0.6693081130820376,0.6189018392404444,0.6393225546342859,False,3
2.448228872675937,-0.6729594949641726,0.2154466699103127,0.6693081130820376,0.6189018392404444,0.6393225546342859,False,-1
0.3435953812090569,-1.1952127449599643,0.2154466699103127,0.6693081130820376,0.6189018392404444,0.6393225546342859,False,-1
0.08478178814822443,0.4368286612768847,-0.05517446472814736,0.6693081130820376,0.6189018392404444,0.6393225546342859,True,4
0.5512218537995578,0.4368286612768847,0.48606780454877274,0.6693081130820376,0.6189018392404444,0.6393225546342859,False,-1
1.3132726794361784,-0.21598790121785488,-0.3257955993666074,0.6693081130820376,0.6189018392404444,0.6393225546342859,False,3
3.6166931006010925,-1.7827476512052298,0.2154466699103127,0.6693081130820376,0.6189018392404444,1.887604959867398,False,0
-0.11174386313545773,-0.8035228074631204,1.297931208464153,0.6693081130820376,0.6189018392404444,-0.6089598505988263,False,-1
0.3956047847391527,0.3715470050274107,-0.5964167340050675,0.6693081130820376,0.6189018392404444,0.6393225546342859,True,0
0.058674301000706065,0.3715470050274107,0.48606780454877274,0.6693081130820376,0.6189018392404444,0.6393225546342859,False,4
-0.4677924280134256,-0.28126955746732885,-0.05517446472814736,0.6693081130820376,0.6189018392404444,0.6393225546342859,False,1
-0.5265856667865774,-0.15070624496838092,-0.5964167340050675,0.6693081130820376,0.6189018392404444,-0.6089598505988263,False,4
0.6365337212501102,0.3715470050274107,-1.1376590032819875,0.6693081130820376,0.6189018392404444,0.6393225546342859,False,1
1.5776366831504207,-1.0646494324610163,-0.3257955993666074,0.6693081130820376,0.6189018392404444,0.6393225546342859,False,3
-1.107528648510098,-0.9340861199620684,-0.3257955993666074,0.6693081130820376,-0.8808079818064339,-0.6089598505988263,True,3
0.15241456981384288,-1.8480293074547038,-0.3257955993666074,0.6693081130820376,-0.8808079818064339,-0.6089598505988263,False,3
0.21346908700134692,-0.41183286996627677,-0.5964167340050675,0.6693081130820376,0.6189018392404444,0.6393225546342859,False,4
-1.1287024372990302,2.3952783487611033,-0.8670378686435275,0.6693081130820376,-0.8808079818064339,-0.6089598505988263,True,4
0.14316388539149408,-1.9133109637041779,-0.3257955993666074,0.6693081130820376,-0.8808079818064339,-0.6089598505988263,False,2
-1.162416042749369,2.1341517237632077,-1.1376590032819875,0.6693081130820376,0.6189018392404444,-0.6089598505988263,True,0
0.28521328396578727,-1.3910577137083862,0.48606780454877274,0.6693081130820376,-0.8808079818064339,-0.6089598505988263,False,-1
0.9864151631798451,-0.9340861199620684,2.3804157470179934,0.6693081130820376,0.6189018392404444,0.6393225546342859,False,1
0.25334981539991835,-0.6076778387146986,1.0273100738256928,0.6693081130820376,0.6189018392404444,-0.6089598505988263,False,3
-0.5078787271769383,-0.6076778387146986,-0.5964167340050675,0.6693081130820376,-0.8808079818064339,-0.6089598505988263,False,3
-1.0797765952430507,-0.4771145262157507,3.4629002855718336,0.6693081130820376,-0.8808079818064339,-0.6089598505988263,False,-1
0.09115448186139827,-0.41183286996627677,-0.3257955993666074,0.6693081130820376,0.6189018392404444,-0.6089598505988263,False,3
0.0233161294308386,0.3715470050274107,-0.5964167340050675,0.6693081130820376,0.6189018392404444,0.6393225546342859,True,3
-1.093960978023986,-1.1299310887104903,1.568552343102613,0.6693081130820376,-0.8808079818064339,-0.6089598505988263,False,0
-1.2070248987415857,-1.2604944012094381,1.568552343102613,0.6693081130820376,-0.8808079818064339,-0.6089598505988263,False,-1
1.6907006038680201,-1.2604944012094381,2.1097946123795333,0.6693081130820376,0.6189018392404444,0.6393225546342859,False,-1
-0.5617382675915039,-1.8480293074547038,2.6510368816564536,0.6693081130820376,-0.8808079818064339,-0.6089598505988263,False,1
-0.1039321740676964,-1.2604944012094381,0.7566889391872328,0.6693081130820376,0.6189018392404444,-0.6089598505988263,False,0
0.6198824892898819,-1.3257760574589121,-0.05517446472814736,0.6693081130820376,0.6189018392404444,-0.6089598505988263,False,1
2.7051923288523,-1.1299310887104903,1.568552343102613,0.6693081130820376,0.6189018392404444,1.887604959867398,False,-1
-0.4938999151609442,0.5021103175263587,-0.3257955993666074,0.6693081130820376,0.6189018392404444,-0.6089598505988263,True,1
-1.0059766906291996,0.6326736300253065,-0.8670378686435275,0.6693081130820376,0.6189018392404444,-0.6089598505988263,True,2
0.12877393184561772,0.5673919737758326,-0.5964167340050675,0.6693081130820376,0.6189018392404444,0.6393225546342859,True,4
0.06155229170988134,0.5673919737758326,-0.05517446472814736,0.6693081130820376,0.6189018392404444,0.6393225546342859,True,-1
1.7096131142426,-0.3465512137168028,2.1097946123795333,0.6693081130820376,0.6189018392404444,0.6393225546342859,False,2
0.6616133545729233,-0.4771145262157507,0.2154466699103127,0.6693081130820376,0.6189018392404444,0.6393225546342859,False,-1
1.7314036153263557,-0.8035228074631204,-0.8670378686435275,0.6693081130820376,0.6189018392404444,0.6393225546342859,False,-1
-0.23652531745469926,-2.1091559324525995,-0.8670378686435275,0.6693081130820376,-2.380517802853312,-1.8572422558319384,False,-1
-0.0299266986889038,0.5673919737758326,-0.8670378686435275,0.6693081130820376,0.6189018392404444,0.6393225546342859,True,2
0.36559145305775337,0.5673919737758326,-0.3257955993666074,0.6693081130820376,-0.8808079818064339,-0.6089598505988263,True,1
-0.6817915943171006,-0.21598790121785488,-0.5964167340050675,0.6693081130820376,0.6189018392404444,-0.6089598505988263,False,4
0.207301964053114,0.3715470050274107,-0.05517446472814736,0.6693081130820376,0.6189018392404444,1.887604959867398,True,-1
0.22868132360698748,0.6979552862747805,-0.8670378686435275,0.6693081130820376,0.6189018392404444,-0.6089598505988263,True,-1
0.8468326137848452,0.4368286612768847,-0.5964167340050675,0.6693081130820376,-2.380517802853312,4.384169770333622,True,-1
0.5538942737437919,0.6326736300253065,-0.8670378686435275,0.6693081130820376,0.6189018392404444,-0.6089598505988263,True,-1
-0.7414071161500165,1.0896452237716243,-1.1376590032819875,0.6693081130820376,0.6189018392404444,-0.6089598505988263,True,4
-0.28627344257044307,-0.5423961824652247,2.6510368816564536,0.6693081130820376,-0.8808079818064339,-0.6089598505988263,False,2
-1.3211166732838906,0.6326736300253065,0.2154466699103127,0.6693081130820376,-0.8808079818064339,-0.6089598505988263,False,3
0.503529436333225,1.0896452237716243,-0.5964167340050675,0.6693081130820376,0.6189018392404444,0.6393225546342859,True,1
-0.015331174378086534,0.5021103175263587,-0.5964167340050675,0.6693081130820376,0.6189018392404444,0.6393225546342859,True,1
-0.4803322446748321,0.8938002550232024,1.297931208464153,0.6693081130820376,0.6189018392404444,-0.6089598505988263,False,4
-0.5019171749936467,1.0896452237716243,-0.8670378686435275,0.6693081130820376,2.1186116602873226,0.6393225546342859,True,-1
0.2597225091130922,-0.8688044637125945,-0.5964167340050675,0.6693081130820376,0.6189018392404444,0.6393225546342859,False,2
-0.2309749068012899,0.5673919737758326,-0.3257955993666074,0.6693081130820376,0.6189018392404444,-0.6089598505988263,True,1
-0.26057709695280684,0.4368286612768847,-0.3257955993666074,0.6693081130820376,0.6189018392404444,-0.6089598505988263,True,-1
-0.5788006410816143,-1.7174659949557558,-0.3257955993666074,0.6693081130820376,-0.8808079818064339,-0.6089598505988263,False,-1
0.46590998634900527,0.3715470050274107,-1.1376590032819875,0.6693081130820376,0.6189018392404444,-0.6089598505988263,True,1
0.5477271507955592,0.3715470050274107,-0.5964167340050675,0.6693081130820376,0.6189018392404444,0.6393225546342859,False,4
0.40033291233279755,0.3715470050274107,0.2154466699103127,0.6693081130820376,0.6189018392404444,0.6393225546342859,False,-1
-1.3406458959532943,0.3715470050274107,1.0273100738256928,0.6693081130820376,-0.8808079818064339,-0.6089598505988263,False,4
-0.9950814400873217,0.5021103175263587,-0.05517446472814736,0.6693081130820376,-2.380517802853312,-1.8572422558319384,False,-1
-0.0930369235258186,-1.2604944012094381,-0.3257955993666074,0.6693081130820376,-0.8808079818064339,-0.6089598505988263,False,-1
-1.0838880105418727,0.30626534877793676,-0.05517446472814736,0.6693081130820376,-2.380517802853312,-1.8572422558319384,True,2
0.3409229612648225,1.611898473767416,-0.8670378686435275,0.6693081130820376,0.6189018392404444,1.887604959867398,True,4
0.8569055812669588,0.24098369252846283,-1.1376590032819875,0.6693081130820376,0.6189018392404444,0.6393225546342859,True,-1
0.35942433010952074,0.24098369252846283,-0.5964167340050675,0.6693081130820376,0.6189018392404444,0.6393225546342859,True,1
0.42500140412572845,-0.21598790121785488,0.2154466699103127,0.6693081130820376,0.6189018392404444,0.6393225546342859,False,0
0.15858169276207584,-1.8480293074547038,-0.5964167340050675,0.6693081130820376,-0.8808079818064339,-0.6089598505988263,False,0
0.44514733908995535,1.1549268800210981,-0.8670378686435275,0.6693081130820376,0.6189018392404444,0.6393225546342859,True,-1
-0.8365863803177412,1.2202085362705721,-0.3257955993666074,0.6693081130820376,-2.380517802853312,0.6393225546342859,True,0
2.2689711656473066,-0.9993677762115424,-0.5964167340050675,0.6693081130820376,0.6189018392404444,0.6393225546342859,False,1
1.0098502303831298,0.6326736300253065,-0.8670378686435275,0.6693081130820376,-0.8808079818064339,0.6393225546342859,True,1
-0.12880623662556817,0.8285185987737285,-0.3257955993666074,0.6693081130820376,0.6189018392404444,-0.6089598505988263,True,-1
-0.1473076054702664,0.8285185987737285,-1.1376590032819875,0.6693081130820376,0.6189018392404444,0.6393225546342859,True,0
1.2030867494277546,-0.4771145262157507,0.48606780454877274,0.6693081130820376,0.6189018392404444,0.6393225546342859,False,0
-0.4361345302124979,1.416053505018994,-0.8670378686435275,0.6693081130820376,-0.8808079818064339,-0.6089598505988263,True,4
0.8507384583187259,-0.020142932469433005,-0.3257955993666074,0.6693081130820376,0.6189018392404444,0.6393225546342859,True,-1
-0.7150940582375571,-0.3465512137168028,1.297931208464153,0.6693081130820376,-0.8808079818064339,-0.6089598505988263,False,3
-0.2926461362836169,-1.45633936995786,-0.05517446472814736,0.6693081130820376,-0.8808079818064339,0.6393225546342859,False,-1
-1.0797765952430507,-1.45633936995786,-0.5964167340050675,0.6693081130820376,-2.380517802853312,-0.6089598505988263,False,-1
2.742400637306637,-0.7382411512136465,-0.05517446472814736,0.6693081130820376,0.6189018392404444,0.6393225546342859,False,4
1.8946268026895812,-0.7382411512136465,-0.05517446472814736,0.6693081130820376,0.6189018392404444,0.6393225546342859,False,0
1.9145671668888669,0.11042038002951492,0.2154466699103127,0.6693081130820376,0.6189018392404444,0.6393225546342859,False,1
0.16886023100913033,1.0896452237716243,-0.3257955993666074,0.6693081130820376,0.6189018392404444,0.6393225546342859,True,3
-0.01389217902349875,1.0896452237716243,-0.8670378686435275,0.6693081130820376,0.6189018392404444,0.6393225546342859,True,0
0.407939030635618,1.1549268800210981,-0.8670378686435275,0.6693081130820376,0.6189018392404444,0.6393225546342859,True,0
0.1735883586027752,0.3715470050274107,-0.05517446472814736,0.6693081130820376,0.6189018392404444,0.6393225546342859,True,0
-1.0043321245096708,-1.2604944012094381,1.839173477741073,0.6693081130820376,-0.8808079818064339,-0.6089598505988263,False,0
-0.756002640460834,-1.586902682456808,0.2154466699103127,0.6693081130820376,0.6189018392404444,0.6393225546342859,False,4
0.3113207711133056,0.5021103175263587,-0.5964167340050675,0.6693081130820376,0.6189018392404444,-0.6089598505988263,False,1
0.008926175884962235,-1.7174659949557558,-0.05517446472814736,0.6693081130820376,-0.8808079818064339,-0.6089598505988263,False,2
-0.33519928462642273,-0.3465512137168028,-0.3257955993666074,0.6693081130820376,0.6189018392404444,-0.6089598505988263,False,2
0.38943766179091976,0.30626534877793676,-0.8670378686435275,0.6693081130820376,0.6189018392404444,0.6393225546342859,True,-1
-0.33314357697701164,0.6326736300253065,-0.05517446472814736,0.6693081130820376,-2.380517802853312,3.13588736510051,True,4
-0.8869512177283084,-1.521621026207334,-0.3257955993666074,0.6693081130820376,-0.8808079818064339,-0.6089598505988263,False,1
0.5783571947717818,0.3715470050274107,-0.3257955993666074,0.6693081130820376,0.6189018392404444,0.6393225546342859,True,1
1.8430285406893678,0.11042038002951492,-0.3257955993666074,0.6693081130820376,0.6189018392404444,0.6393225546342859,False,-1
0.7072500643898452,0.7632369425242544,-0.05517446472814736,0.6693081130820376,0.6189018392404444,0.6393225546342859,True,-1
0.21758050230016848,0.8285185987737285,-0.5964167340050675,0.6693081130820376,0.6189018392404444,0.6393225546342859,True,3
0.3353725506114132,0.7632369425242544,-0.3257955993666074,0.6693081130820376,0.6189018392404444,0.6393225546342859,True,3
0.9052147110281148,0.6979552862747805,0.2154466699103127,0.6693081130820376,0.6189018392404444,0.6393225546342859,False,-1
0.6270774660628199,0.9590819112726764,-0.5964167340050675,0.6693081130820376,0.6189018392404444,0.6393225546342859,True,3
1.5248049965605606,-0.8688044637125945,0.7566889391872328,0.6693081130820376,0.6189018392404444,0.6393225546342859,False,-1
1.0431526943035865,-0.7382411512136465,1.297931208464153,0.6693081130820376,0.6189018392404444,0.6393225546342859,False,1
0.8108577299201544,0.30626534877793676,-0.05517446472814736,0.6693081130820376,-2.380517802853312,5.632452175566734,True,2
-1.2962426107260188,0.8285185987737285,-0.05517446472814736,0.6693081130820376,-0.8808079818064339,-0.6089598505988263,False,2
-0.5859956178545523,0.045138723780040954,-0.5964167340050675,0.6693081130820376,-0.8808079818064339,-0.6089598505988263,True,-1
-0.84953733850903,-0.9993677762115424,-0.5964167340050675,0.6693081130820376,-0.8808079818064339,-0.6089598505988263,False,2
1.423664180209544,-1.7174659949557558,-0.5964167340050675,0.6693081130820376,0.6189018392404444,0.6393225546342859,False,0
-0.1051655986573427,-0.28126955746732885,0.48606780454877274,0.6693081130820376,0.6189018392404444,-0.6089598505988263,False,2
1.5221325766163258,-1.2604944012094381,-0.3257955993666074,0.6693081130820376,0.6189018392404444,0.6393225546342859,False,1
-0.3012801084111428,0.5021103175263587,-0.3257955993666074,0.6693081130820376,0.6189018392404444,-0.6089598505988263,False,3
0.09978845398892408,0.24098369252846283,-0.05517446472814736,0.6693081130820376,0.6189018392404444,1.887604959867398,True,-1
-0.3613067717739411,0.6979552862747805,-0.05517446472814736,0.6693081130820376,0.6189018392404444,0.6393225546342859,True,-1
-0.24495371881728417,-1.3910577137083862,0.7566889391872328,0.6693081130820376,0.6189018392404444,-0.6089598505988263,False,4
-0.04657793064913214,0.3715470050274107,-0.8670378686435275,0.6693081130820376,-0.8808079818064339,-0.6089598505988263,True,4
-0.2435147234626964,-1.586902682456808,-0.3257955993666074,0.6693081130820376,0.6189018392404444,0.6393225546342859,False,4
0.45378131121748116,1.0243635675221503,-0.8670378686435275,0.6693081130820376,0.6189018392404444,-0.6089598505988263,True,-1
1.862557763358771,-1.652184338706282,1.568552343102613,0.6693081130820376,0.6189018392404444,0.6393225546342859,False,1
-0.963834683816276,-1.9133109637041779,-1.1376590032819875,0.6693081130820376,-0.8808079818064339,-0.6089598505988263,False,-1
0.2046295441088799,0.5673919737758326,-0.8670378686435275,0.6693081130820376,0.6189018392404444,-0.6089598505988263,True,3
0.11273941218021266,-1.3257760574589121,-0.5964167340050675,0.6693081130820376,0.6189018392404444,0.6393225546342859,False,1
-0.2642773707217466,0.7632369425242544,-0.05517446472814736,0.6693081130820376,0.6189018392404444,0.6393225546342859,True,-1
-0.20466184888883035,0.7632369425242544,1.297931208464153,0.6693081130820376,0.6189018392404444,0.6393225546342859,False,4
-0.9276542291866442,0.5673919737758326,-0.3257955993666074,0.6693081130820376,0.6189018392404444,-0.6089598505988263,True,-1
2.430344216126062,-1.0646494324610163,-0.5964167340050675,0.6693081130820376,0.6189018392404444,0.6393225546342859,False,2
-0.6834361604366292,0.5673919737758326,-1.1376590032819875,0.6693081130820376,0.6189018392404444,-0.6089598505988263,False,0
-0.2683887860205685,0.8285185987737285,-0.5964167340050675,0.6693081130820376,0.6189018392404444,-0.6089598505988263,True,-1
0.03729494144683257,1.0243635675221503,-0.3257955993666074,0.6693081130820376,0.6189018392404444,-0.6089598505988263,True,2
-0.8318582527240963,1.1549268800210981,-0.5964167340050675,0.6693081130820376,-0.8808079818064339,0.6393225546342859,True,2
-1.1087620730997445,-0.3465512137168028,0.7566889391872328,0.6693081130820376,-0.8808079818064339,-0.6089598505988263,False,4
-0.7728594431860033,-0.3465512137168028,1.568552343102613,0.6693081130820376,-0.8808079818064339,-0.6089598505988263,False,3
-1.1182183282870348,0.4368286612768847,-0.3257955993666074,0.6693081130820376,0.6189018392404444,-0.6089598505988263,True,1
1.4713565976758767,-1.3910577137083862,-0.3257955993666074,0.6693081130820376,0.6189018392404444,0.6393225546342859,False,-1
0.7796109736491091,0.6979552862747805,-0.05517446472814736,0.6693081130820376,0.6189018392404444,0.6393225546342859,True,0
-0.8894180669076014,-0.3465512137168028,-0.5964167340050675,0.6693081130820376,-0.8808079818064339,-0.6089598505988263,False,3
-0.5728390888983226,-1.586902682456808,0.48606780454877274,0.6693081130820376,-0.8808079818064339,-0.6089598505988263,False,4
-0.5169238408343462,-0.08542458871890696,-0.8670378686435275,0.6693081130820376,-0.8808079818064339,0.6393225546342859,False,3
0.581440756245898,0.8938002550232024,-0.3257955993666074,0.6693081130820376,0.6189018392404444,0.6393225546342859,True,1
-0.16889253578908078,-1.652184338706282,1.568552343102613,0.6693081130820376,0.6189018392404444,-0.6089598505988263,False,-1
-1.2006522050284119,-1.2604944012094381,-0.05517446472814736,0.6693081130820376,-0.8808079818064339,-0.6089598505988263,False,0
-1.009471393633198,0.6979552862747805,-0.5964167340050675,0.6693081130820376,-0.8808079818064339,-0.6089598505988263,True,1
0.0767645283155219,1.0243635675221503,-0.3257955993666074,0.6693081130820376,0.6189018392404444,-0.6089598505988263,True,1
0.405677752221266,0.3715470050274107,-0.5964167340050675,0.6693081130820376,0.6189018392404444,0.6393225546342859,True,1
0.005225902116022474,0.3715470050274107,-0.8670378686435275,0.6693081130820376,0.6189018392404444,0.6393225546342859,True,3
-0.004024782306326638,0.3715470050274107,-1.1376590032819875,0.6693081130820376,0.6189018392404444,0.6393225546342859,True,4
0.37895355277892434,0.3715470050274107,-0.3257955993666074,0.6693081130820376,0.6189018392404444,0.6393225546342859,False,3
1.5903820705767684,-1.521621026207334,-0.3257955993666074,0.6693081130820376,0.6189018392404444,0.6393225546342859,False,4
-0.8902403499673658,0.9590819112726764,-0.5964167340050675,0.6693081130820376,0.6189018392404444,-0.6089598505988263,True,-1
-0.7204388981260255,0.9590819112726764,-0.3257955993666074,0.6693081130820376,-0.8808079818064339,-0.6089598505988263,True,4
-0.7132439213530872,0.8285185987737285,-0.5964167340050675,0.6693081130820376,-0.8808079818064339,-0.6089598505988263,True,3
0.7216400179357213,-0.5423961824652247,0.7566889391872328,0.6693081130820376,0.6189018392404444,-0.6089598505988263,False,1
-0.19767244288083322,-1.521621026207334,-0.8670378686435275,0.6693081130820376,-0.8808079818064339,-0.6089598505988263,False,2
-0.22583563767776266,-1.1952127449599643,0.48606780454877274,0.6693081130820376,-0.8808079818064339,-0.6089598505988263,False,2
-0.3623346255986465,0.6326736300253065,-0.5964167340050675,0.6693081130820376,-0.8808079818064339,0.6393225546342859,True,-1
1.4582000687196472,-1.0646494324610163,1.297931208464153,0.6693081130820376,0.6189018392404444,0.6393225546342859,False,1
0.38409282190245164,-1.1299310887104903,1.0273100738256928,0.6693081130820376,-0.8808079818064339,-0.6089598505988263,False,-1
0.3709362929462218,0.9590819112726764,-0.3257955993666074,0.6693081130820376,2.1186116602873226,0.6393225546342859,True,4
0.9897042954189031,0.5673919737758326,0.2154466699103127,0.6693081130820376,0.6189018392404444,0.6393225546342859,False,1
1.026707033108299,0.7632369425242544,-0.8670378686435275,0.6693081130820376,0.6189018392404444,0.6393225546342859,True,4
1.7277033415574161,0.24098369252846283,0.2154466699103127,0.6693081130820376,0.6189018392404444,0.6393225546342859,False,-1
-0.08008596533452973,0.7632369425242544,-0.5964167340050675,0.6693081130820376,0.6189018392404444,0.6393225546342859,True,-1
0.9740809172833799,0.24098369252846283,-0.8670378686435275,0.6693081130820376,0.6189018392404444,0.6393225546342859,True,-1
0.20545182716864438,0.6326736300253065,-0.8670378686435275,0.6693081130820376,0.6189018392404444,0.6393225546342859,True,3
-0.19109417840271847,0.24098369252846283,-0.3257955993666074,0.6693081130820376,0.6189018392404444,0.6393225546342859,True,-1
-1.769260940855467,1.6771801300168898,-0.8670378686435275,0.6693081130820376,-0.8808079818064339,1.887604959867398,True,3
-0.5578324230576233,0.3715470050274107,-0.3257955993666074,0.6693081130820376,0.6189018392404444,-0.6089598505988263,True,-1
0.15385356516843068,-0.5423961824652247,-0.8670378686435275,0.6693081130820376,0.6189018392404444,-0.6089598505988263,False,1
-0.575511508842557,0.9590819112726764,-1.1376590032819875,0.6693081130820376,-0.8808079818064339,-0.6089598505988263,True,-1
0.1509755744592554,0.8938002550232024,-1.1376590032819875,0.6693081130820376,-2.380517802853312,-1.8572422558319384,True,0
-0.5931905946274907,0.8938002550232024,-0.5964167340050675,0.6693081130820376,0.6189018392404444,-0.6089598505988263,True,1
0.12527922884161916,0.8938002550232024,-0.5964167340050675,0.6693081130820376,0.6189018392404444,0.6393225546342859,True,3
-1.9244668683859898,1.546616817517942,-1.1376590032819875,0.6693081130820376,-0.8808079818064339,-0.6089598505988263,True,-1
-0.963834683816276,1.8077434425158379,-1.1376590032819875,0.6693081130820376,0.6189018392404444,0.6393225546342859,True,3
0.2155247946507577,1.481335161268468,-1.1376590032819875,0.6693081130820376,-0.8808079818064339,4.384169770333622,True,-1
0.15693712664254714,-1.1952127449599643,1.297931208464153,0.6693081130820376,-0.8808079818064339,-0.6089598505988263,False,-1
-1.454326528965717,-0.41183286996627677,-0.05517446472814736,0.6693081130820376,-2.380517802853312,-1.8572422558319384,False,1
-1.0078268275136693,-0.5423961824652247,0.48606780454877274,0.6693081130820376,0.6189018392404444,-0.6089598505988263,False,1
0.12815721955079443,0.6979552862747805,-0.3257955993666074,0.6693081130820376,0.6189018392404444,0.6393225546342859,True,-1
0.3750477082450437,0.6979552862747805,-0.5964167340050675,0.6693081130820376,0.6189018392404444,0.6393225546342859,True,-1
0.1624875372959565,0.4368286612768847,-0.3257955993666074,0.6693081130820376,0.6189018392404444,0.6393225546342859,True,2
-1.1702277318171306,-1.1952127449599643,-0.05517446472814736,0.6693081130820376,-0.8808079818064339,-0.6089598505988263,False,2
0.15652598511266475,0.8285185987737285,-0.3257955993666074,0.6693081130820376,0.6189018392404444,0.6393225546342859,True,4
-1.1313748572432645,-0.3465512137168028,-0.8670378686435275,0.6693081130820376,-0.8808079818064339,-0.6089598505988263,False,-1
1.1985641925990507,0.30626534877793676,-0.05517446472814736,0.6693081130820376,0.6189018392404444,0.6393225546342859,False,-1
-1.0715537646454072,0.8938002550232024,0.48606780454877274,0.6693081130820376,-0.8808079818064339,-0.6089598505988263,False,-1
1.976238396371194,0.30626534877793676,0.48606780454877274,0.6693081130820376,0.6189018392404444,1.887604959867398,False,0
1.5509124837080788,0.6326736300253065,-0.3257955993666074,0.6693081130820376,0.6189018392404444,0.6393225546342859,False,2
-1.1515207922074913,-0.3465512137168028,-0.3257955993666074,0.6693081130820376,-0.8808079818064339,-0.6089598505988263,False,0
-1.4549432412605403,-0.4771145262157507,0.2154466699103127,0.6693081130820376,-2.380517802853312,-1.8572422558319384,False,-1
-0.2597548138930426,1.2202085362705721,-0.5964167340050675,0.6693081130820376,-0.8808079818064339,-0.6089598505988263,True,1
-0.9644513961110993,1.2202085362705721,-0.3257955993666074,0.6693081130820376,0.6189018392404444,-0.6089598505988263,True,-1
-0.5868179009143168,1.2854901925200461,-0.3257955993666074,0.6693081130820376,-0.8808079818064339,-0.6089598505988263,True,0
1.275242087922077,-1.0646494324610163,1.568552343102613,0.6693081130820376,-0.8808079818064339,-0.6089598505988263,False,3
-0.8448092109153849,-0.41183286996627677,-0.05517446472814736,0.6693081130820376,-0.8808079818064339,-0.6089598505988263,False,2
-0.6229983555439488,0.8285185987737285,-0.5964167340050675,0.6693081130820376,0.6189018392404444,-0.6089598505988263,True,1
0.27082333041991086,0.4368286612768847,-0.3257955993666074,0.6693081130820376,0.6189018392404444,0.6393225546342859,True,-1
0.16433767418042639,0.6979552862747805,-0.8670378686435275,0.6693081130820376,0.6189018392404444,0.6393225546342859,True,-1
0.32838314460341606,0.5021103175263587,-0.8670378686435275,0.6693081130820376,0.6189018392404444,0.6393225546342859,True,-1
0.3664137361175179,0.5021103175263587,-0.3257955993666074,0.6693081130820376,0.6189018392404444,0.6393225546342859,True,2
1.0156062118014804,0.6326736300253065,-1.1376590032819875,0.6693081130820376,0.6189018392404444,0.6393225546342859,True,3
0.6270774660628199,0.6326736300253065,-0.5964167340050675,0.6693081130820376,0.6189018392404444,0.6393225546342859,True,4
-1.2070248987415857,-0.3465512137168028,-1.1376590032819875,0.6693081130820376,-0.8808079818064339,-1.8572422558319384,False,0
-0.9700018067645088,-0.3465512137168028,-1.1376590032819875,0.6693081130820376,-2.380517802853312,-0.6089598505988263,False,-1
0.6235827630588213,-0.15070624496838092,-0.05517446472814736,0.6693081130820376,0.6189018392404444,0.6393225546342859,False,1
0.47002140164782713,0.11042038002951492,2.6510368816564536,0.6693081130820376,0.6189018392404444,0.6393225546342859,False,4
0.17667192007689167,0.3715470050274107,-0.05517446472814736,0.6693081130820376,0.6189018392404444,0.6393225546342859,True,1
-0.8413145079113864,1.3507718487695202,-0.8670378686435275,0.6693081130820376,0.6189018392404444,0.6393225546342859,True,-1
-1.418146074336085,1.3507718487695202,-1.1376590032819875,0.6693081130820376,-0.8808079818064339,-0.6089598505988263,True,3
-0.35678421494523715,1.2854901925200461,-0.8670378686435275,0.6693081130820376,-0.8808079818064339,-0.6089598505988263,True,-1
0.5781516240068406,0.4368286612768847,-0.8670378686435275,0.6693081130820376,-0.8808079818064339,-0.6089598505988263,False,3
0.5943917144371865,0.5021103175263587,0.48606780454877274,0.6693081130820376,0.6189018392404444,3.13588736510051,False,-1
0.17029922636371783,0.5021103175263587,-0.05517446472814736,0.6693081130820376,0.6189018392404444,0.6393225546342859,True,0
0.4661155571139465,1.2202085362705721,-0.5964167340050675,0.6693081130820376,2.1186116602873226,3.13588736510051,True,2
0.6209103431145873,0.5673919737758326,-0.05517446472814736,0.6693081130820376,0.6189018392404444,0.6393225546342859,False,-1
0.12527922884161916,0.8938002550232024,-0.8670378686435275,0.6693081130820376,0.6189018392404444,0.6393225546342859,True,1
-1.0211889272348402,0.6326736300253065,-0.5964167340050675,0.6693081130820376,0.6189018392404444,-0.6089598505988263,True,1
-0.17033153114366828,1.2202085362705721,-0.8670378686435275,0.6693081130820376,0.6189018392404444,-0.6089598505988263,True,-1
0.18777274138371067,1.0896452237716243,-0.3257955993666074,0.6693081130820376,-0.8808079818064339,-0.6089598505988263,True,-1
-0.35678421494523715,0.6979552862747805,-0.3257955993666074,0.6693081130820376,0.6189018392404444,-0.6089598505988263,True,4
-0.5539265785237426,-1.652184338706282,-0.3257955993666074,0.6693081130820376,-0.8808079818064339,-0.6089598505988263,False,1
-1.8556006621307248,1.9383067550147857,-0.8670378686435275,0.6693081130820376,0.6189018392404444,-0.6089598505988263,True,2
0.9070648479125847,0.4368286612768847,-0.05517446472814736,0.6693081130820376,0.6189018392404444,1.887604959867398,True,2
-0.6891921418549798,1.6771801300168898,-1.1376590032819875,0.6693081130820376,-2.380517802853312,-1.8572422558319384,True,3
-0.25893253083327816,0.9590819112726764,-0.3257955993666074,0.6693081130820376,0.6189018392404444,-0.6089598505988263,True,-1
-0.1810212109206052,0.6326736300253065,-0.05517446472814736,0.6693081130820376,0.6189018392404444,-0.6089598505988263,True,1
-0.40858804771039176,1.1549268800210981,-1.1376590032819875,0.6693081130820376,-2.380517802853312,-1.8572422558319384,True,1
1.0010106874906628,0.6326736300253065,-0.05517446472814736,0.6693081130820376,0.6189018392404444,0.6393225546342859,True,4
3.865844867709694,-1.2604944012094381,-0.5964167340050675,0.6693081130820376,0.6189018392404444,0.6393225546342859,False,0
0.595213997496951,0.7632369425242544,-0.3257955993666074,0.6693081130820376,-2.380517802853312,6.880734580799847,True,0
0.37833684048410104,-1.1952127449599643,-0.05517446472814736,0.6693081130820376,0.6189018392404444,-0.6089598505988263,False,0
0.05641302258635409,0.6326736300253065,-0.5964167340050675,0.6693081130820376,0.6189018392404444,-0.6089598505988263,True,-1
-0.12325582597215883,0.4368286612768847,-0.05517446472814736,0.6693081130820376,0.6189018392404444,0.6393225546342859,True,-1
-1.4014948423758566,1.2854901925200461,-0.5964167340050675,0.6693081130820376,-0.8808079818064339,-0.6089598505988263,True,1
-0.5477594555755096,1.3507718487695202,-0.8670378686435275,0.6693081130820376,-0.8808079818064339,-0.6089598505988263,True,4
-0.2414590158132856,1.3507718487695202,-1.1376590032819875,0.6693081130820376,-0.8808079818064339,-1.8572422558319384,True,2
0.15385356516843068,-1.7827476512052298,1.297931208464153,0.6693081130820376,-0.8808079818064339,-0.6089598505988263,False,-1
0.22785904054722297,0.5021103175263587,-0.8670378686435275,0.6693081130820376,0.6189018392404444,0.6393225546342859,True,-1
0.027016403199778067,0.8285185987737285,-0.3257955993666074,0.6693081130820376,0.6189018392404444,-0.6089598505988263,True,0
0.5978864174411851,0.24098369252846283,0.2154466699103127,0.6693081130820376,0.6189018392404444,0.6393225546342859,False,0
2.5364187308356643,-0.9993677762115424,-0.05517446472814736,0.6693081130820376,0.6189018392404444,0.6393225546342859,False,-1
2.751651321728986,-1.45633936995786,2.6510368816564536,0.6693081130820376,0.6189018392404444,0.6393225546342859,False,-1
-1.3612029724474033,0.7632369425242544,1.0273100738256928,0.6693081130820376,-2.380517802853312,-0.6089598505988263,False,1
-0.9171701201746486,-1.9133109637041779,0.7566889391872328,0.6693081130820376,-0.8808079818064339,-0.6089598505988263,False,-1
-0.6178590864204215,-1.0646494324610163,-0.3257955993666074,0.6693081130820376,-0.8808079818064339,-0.6089598505988263,False,0
0.4856447797833501,0.30626534877793676,-0.05517446472814736,0.6693081130820376,2.1186116602873226,1.887604959867398,True,1
-0.2642773707217466,0.6979552862747805,-0.5964167340050675,0.6693081130820376,0.6189018392404444,-0.6089598505988263,True,4
-0.09570934347005268,1.0896452237716243,-0.3257955993666074,0.6693081130820376,0.6189018392404444,-0.6089598505988263,True,-1
-1.2635568591003854,-2.1091559324525995,2.1097946123795333,0.6693081130820376,-0.8808079818064339,-0.6089598505988263,False,4
1.5110317553095072,-1.3910577137083862,0.48606780454877274,0.6693081130820376,0.6189018392404444,0.6393225546342859,False,0
-1.3194721071643618,-0.41183286996627677,2.3804157470179934,0.6693081130820376,-0.8808079818064339,-0.6089598505988263,False,1
3.780738571024083,-1.3910577137083862,2.3804157470179934,0.6693081130820376,0.6189018392404444,5.632452175566734,False,-1
-0.21781837784506014,-1.3910577137083862,0.48606780454877274,0.6693081130820376,0.6189018392404444,-0.6089598505988263,False,-1
0.0668971315983495,0.5673919737758326,-0.05517446472814736,0.6693081130820376,0.6189018392404444,-0.6089598505988263,False,4
0.9561962607335049,-0.28126955746732885,0.2154466699103127,0.6693081130820376,0.6189018392404444,0.6393225546342859,False,3
-1.1887291006618286,0.6979552862747805,0.48606780454877274,0.6693081130820376,-2.380517802853312,-1.8572422558319384,False,0
-1.230665536709811,0.30626534877793676,-0.05517446472814736,0.6693081130820376,-0.8808079818064339,-0.6089598505988263,True,4
0.7791998321192267,-0.020142932469433005,-0.05517446472814736,0.6693081130820376,0.6189018392404444,0.6393225546342859,False,-1
-0.874411401066902,1.3507718487695202,-0.3257955993666074,0.6693081130820376,-0.8808079818064339,0.6393225546342859,True,4
-0.5911348869780796,1.416053505018994,-0.5964167340050675,0.6693081130820376,0.6189018392404444,-0.6089598505988263,True,1
-1.0797765952430507,-1.1299310887104903,-0.8670378686435275,0.6693081130820376,-0.8808079818064339,-0.6089598505988263,False,1
0.13658562091337903,0.8285185987737285,-0.3257955993666074,0.6693081130820376,-0.8808079818064339,0.6393225546342859,False,4
3.3769975886797825,-1.3257760574589121,1.568552343102613,0.6693081130820376,0.6189018392404444,0.6393225546342859,False,2
-0.3082695144191399,1.0243635675221503,-0.8670378686435275,0.6693081130820376,0.6189018392404444,-0.6089598505988263,True,-1
-0.14525189782085532,0.4368286612768847,-0.5964167340050675,0.6693081130820376,0.6189018392404444,-0.6089598505988263,True,-1
-0.45134676681813846,1.0896452237716243,-0.5964167340050675,0.6693081130820376,-0.8808079818064339,-0.6089598505988263,True,3
-1.504896937141225,0.9590819112726764,-0.05517446472814736,0.6693081130820376,-0.8808079818064339,-0.6089598505988263,True,4
0.48913948278734865,0.8938002550232024,-1.1376590032819875,0.6693081130820376,2.1186116602873226,-0.6089598505988263,True,4
-0.01697574049761522,0.11042038002951492,1.0273100738256928,0.6693081130820376,0.6189018392404444,0.6393225546342859,False,4
-0.4346955348579101,1.0243635675221503,-0.8670378686435275,0.6693081130820376,-0.8808079818064339,-0.6089598505988263,True,0
1.7877300049202147,-1.9133109637041779,2.9216580162949137,0.6693081130820376,0.6189018392404444,0.6393225546342859,False,1
-1.1706388733470126,-2.1091559324525995,1.0273100738256928,0.6693081130820376,-2.380517802853312,-1.8572422558319384,False,2
-1.4989353849579337,0.6326736300253065,1.839173477741073,0.6693081130820376,-0.8808079818064339,-0.6089598505988263,False,2
-1.283497223299671,1.1549268800210981,-0.3257955993666074,0.6693081130820376,-0.8808079818064339,0.6393225546342859,True,-1
-0.4770431124357747,1.2202085362705721,-0.5964167340050675,0.6693081130820376,-0.8808079818064339,-0.6089598505988263,True,4
-0.5584491353524466,-1.9785926199536517,1.0273100738256928,0.6693081130820376,-2.380517802853312,-1.8572422558319384,False,2
0.9658580866857361,0.5673919737758326,-0.05517446472814736,0.6693081130820376,0.6189018392404444,0.6393225546342859,False,-1
0.06278571629952763,0.8285185987737285,-1.1376590032819875,0.6693081130820376,-0.8808079818064339,-0.6089598505988263,True,4
0.5744513502379008,-1.9785926199536517,-0.8670378686435275,0.6693081130820376,0.6189018392404444,0.6393225546342859,False,1
1.352947837069809,0.7632369425242544,-0.3257955993666074,0.6693081130820376,0.6189018392404444,0.6393225546342859,False,-1
0.20216269492958672,-1.1952127449599643,0.2154466699103127,0.6693081130820376,-0.8808079818064339,-0.6089598505988263,False,-1
-0.8851010808438385,1.2202085362705721,-0.05517446472814736,0.6693081130820376,-0.8808079818064339,-0.6089598505988263,False,-1
-1.4253410511090232,1.2202085362705721,1.568552343102613,0.6693081130820376,-2.380517802853312,-0.6089598505988263,False,4
-1.2086694648611143,-1.1952127449599643,0.7566889391872328,0.6693081130820376,-0.8808079818064339,-0.6089598505988263,False,4
-0.9882976048442658,-1.1952127449599643,1.297931208464153,0.6693081130820376,-0.8808079818064339,-0.6089598505988263,False,-1
-0.7181776197116735,0.6979552862747805,1.839173477741073,0.6693081130820376,-0.8808079818064339,-0.6089598505988263,False,2
0.9712029265742049,0.7632369425242544,-0.5964167340050675,0.6693081130820376,2.1186116602873226,0.6393225546342859,False,-1
-0.6507504088109959,0.9590819112726764,-0.3257955993666074,0.6693081130820376,-0.8808079818064339,-0.6089598505988263,True,0
-0.2854511595106789,-1.1952127449599643,2.3804157470179934,0.6693081130820376,0.6189018392404444,-0.6089598505988263,False,3
-1.1178071867571524,-0.8688044637125945,0.2154466699103127,0.6693081130820376,0.6189018392404444,-0.6089598505988263,False,2
-1.1858511099526534,-1.7827476512052298,-0.05517446472814736,0.6693081130820376,-2.380517802853312,-0.6089598505988263,False,-1
0.21819721459499178,0.17570203627898887,-0.5964167340050675,0.6693081130820376,0.6189018392404444,0.6393225546342859,False,4
-0.48978849986212236,0.7632369425242544,0.7566889391872328,0.6693081130820376,-0.8808079818064339,-0.6089598505988263,False,0
0.10163859087339366,0.30626534877793676,1.0273100738256928,0.6693081130820376,0.6189018392404444,-0.6089598505988263,False,1
0.025988549375072677,0.6979552862747805,-0.3257955993666074,0.6693081130820376,0.6189018392404444,0.6393225546342859,True,1
1.9114836054147506,0.5021103175263587,-0.5964167340050675,0.6693081130820376,0.6189018392404444,0.6393225546342859,False,-1
-1.2014744880881763,0.17570203627898887,1.0273100738256928,0.6693081130820376,-0.8808079818064339,-0.6089598505988263,False,4
1.0789220074033357,-0.08542458871890696,-0.8670378686435275,0.6693081130820376,0.6189018392404444,-0.6089598505988263,False,-1
0.5816463270108392,0.5021103175263587,1.297931208464153,0.6693081130820376,0.6189018392404444,0.6393225546342859,False,3
-0.22275207620364648,0.6326736300253065,-0.5964167340050675,0.6693081130820376,0.6189018392404444,-0.6089598505988263,True,-1
-1.1202740359364456,1.0896452237716243,-0.8670378686435275,0.6693081130820376,-0.8808079818064339,-0.6089598505988263,True,2
0.46899354782312175,0.4368286612768847,-0.3257955993666074,0.6693081130820376,0.6189018392404444,0.6393225546342859,False,-1
0.9851817385901992,0.5673919737758326,-0.3257955993666074,0.6693081130820376,0.6189018392404444,0.6393225546342859,False,1
1.9665765704189628,0.24098369252846283,1.839173477741073,0.6693081130820376,0.6189018392404444,0.6393225546342859,False,0
-1.1944850820801791,1.3507718487695202,-0.8670378686435275,0.6693081130820376,0.6189018392404444,-0.6089598505988263,True,1
-1.136925267896674,-0.9993677762115424,-0.5964167340050675,0.6693081130820376,-0.8808079818064339,-0.6089598505988263,False,1
-1.3135105549810704,-1.1299310887104903,0.2154466699103127,0.6693081130820376,-0.8808079818064339,-0.6089598505988263,False,1
-1.0612752263983527,0.7632369425242544,-0.3257955993666074,0.6693081130820376,0.6189018392404444,0.6393225546342859,True,-1
1.8313110070877259,0.17570203627898887,-0.05517446472814736,0.6693081130820376,0.6189018392404444,0.6393225546342859,False,4
-0.28874029174973626,0.17570203627898887,0.7566889391872328,0.6693081130820376,0.6189018392404444,0.6393225546342859,False,1
-0.018209165087261805,0.24098369252846283,0.7566889391872328,0.6693081130820376,0.6189018392404444,0.6393225546342859,False,-1
-0.7691591694170637,0.8938002550232024,-0.5964167340050675,0.6693081130820376,-0.8808079818064339,-0.6089598505988263,False,-1
-1.4471315521927788,0.6326736300253065,-0.05517446472814736,0.6693081130820376,-0.8808079818064339,-0.6089598505988263,False,-1
0.10801128458656752,0.30626534877793676,2.1097946123795333,0.6693081130820376,0.6189018392404444,-0.6089598505988263,False,-1
-0.9737020805334484,-1.1952127449599643,-0.8670378686435275,0.6693081130820376,-0.8808079818064339,-0.6089598505988263,False,-1
-0.5045895949378808,0.5021103175263587,-0.05517446472814736,0.6693081130820376,-0.8808079818064339,0.6393225546342859,False,1
1.4631337670782336,1.2202085362705721,-0.8670378686435275,0.6693081130820376,0.6189018392404444,0.6393225546342859,False,1
-1.084710293601637,0.5021103175263587,0.48606780454877274,0.6693081130820376,-0.8808079818064339,-0.6089598505988263,False,3
0.23854872032415989,-1.521621026207334,-0.05517446472814736,0.6693081130820376,-0.8808079818064339,-0.6089598505988263,False,0
-0.5362474927388089,0.6979552862747805,1.0273100738256928,0.6693081130820376,0.6189018392404444,-0.6089598505988263,False,4
0.2975475298622525,1.0896452237716243,-0.3257955993666074,0.6693081130820376,0.6189018392404444,0.6393225546342859,True,0
-0.5076731564119973,0.6326736300253065,-0.8670378686435275,0.6693081130820376,-0.8808079818064339,-0.6089598505988263,True,1
-0.49287206133623856,0.7632369425242544,-0.05517446472814736,0.6693081130820376,0.6189018392404444,0.6393225546342859,False,0
0.5985031297360084,0.6979552862747805,0.2154466699103127,0.6693081130820376,0.6189018392404444,0.6393225546342859,False,-1
1.7513439795256416,0.4368286612768847,-0.05517446472814736,0.6693081130820376,-2.380517802853312,1.887604959867398,False,1
-0.22604120844270387,-1.3910577137083862,-0.5964167340050675,0.6693081130820376,0.6189018392404444,-0.6089598505988263,False,2
-1.440758858479605,-1.1952127449599643,-0.05517446472814736,0.6693081130820376,-0.8808079818064339,-0.6089598505988263,False,1
-0.17485408797237223,0.6326736300253065,-0.5964167340050675,0.6693081130820376,0.6189018392404444,0.6393225546342859,True,0
0.33290570143212,0.6326736300253065,-0.8670378686435275,0.6693081130820376,0.6189018392404444,0.6393225546342859,True,-1
0.3115263418782468,0.6979552862747805,-0.3257955993666074,0.6693081130820376,0.6189018392404444,0.6393225546342859,True,2
-1.0742261845896415,-1.1299310887104903,-0.5964167340050675,0.6693081130820376,-0.8808079818064339,-0.6089598505988263,False,-1
3.91024815293697,-0.28126955746732885,-1.1376590032819875,0.6693081130820376,0.6189018392404444,1.887604959867398,False,0
0.12384023348703166,0.6979552862747805,-1.1376590032819875,0.6693081130820376,-0.8808079818064339,-0.6089598505988263,True,-1
0.9847705970603168,0.3715470050274107,0.2154466699103127,0.6693081130820376,0.6189018392404444,0.6393225546342859,False,4
1.065148766152283,-1.7174659949557558,-0.5964167340050675,0.6693081130820376,0.6189018392404444,-0.6089598505988263,False,3
-0.29696312234738,-2.043874276203126,1.297931208464153,0.6693081130820376,0.6189018392404444,-0.6089598505988263,False,-1
-0.027048707979728526,0.5021103175263587,-0.8670378686435275,0.6693081130820376,0.6189018392404444,-0.6089598505988263,True,0
-0.007519485310324912,0.4368286612768847,-0.8670378686435275,0.6693081130820376,0.6189018392404444,0.6393225546342859,True,2
-0.34486111057865393,-0.5423961824652247,-0.3257955993666074,0.6693081130820376,-0.8808079818064339,-0.6089598505988263,False,4
0.4620041418151246,1.2202085362705721,-0.5964167340050675,0.6693081130820376,0.6189018392404444,0.6393225546342859,True,4
-0.2591381015982194,0.6979552862747805,-0.05517446472814736,0.6693081130820376,0.6189018392404444,-0.6089598505988263,True,-1
-0.22398550079329277,1.3507718487695202,-0.3257955993666074,0.6693081130820376,0.6189018392404444,0.6393225546342859,True,0
1.2193268398581005,-1.0646494324610163,-0.5964167340050675,0.6693081130820376,0.6189018392404444,0.6393225546342859,False,-1
-0.28627344257044307,0.8285185987737285,-0.5964167340050675,0.6693081130820376,0.6189018392404444,-0.6089598505988263,True,3
0.31687118176671497,-0.3465512137168028,-0.5964167340050675,0.6693081130820376,0.6189018392404444,0.6393225546342859,True,-1
0.07511996219599322,0.6979552862747805,-0.5964167340050675,0.6693081130820376,0.6189018392404444,-0.6089598505988263,True,-1
-0.34506668134359486,0.5673919737758326,-0.05517446472814736,0.6693081130820376,-2.380517802853312,0.6393225546342859,True,0
0.291791548443902,0.11042038002951492,-0.5964167340050675,0.6693081130820376,0.6189018392404444,0.6393225546342859,True,1
-0.18636605080907334,-1.2604944012094381,0.2154466699103127,0.6693081130820376,-0.8808079818064339,-0.6089598505988263,False,-1
0.45172560356807007,-0.3465512137168028,-0.3257955993666074,0.6693081130820376,0.6189018392404444,0.6393225546342859,False,4
0.42294569647631763,0.5021103175263587,-0.05517446472814736,0.6693081130820376,0.6189018392404444,0.6393225546342859,True,-1
0.398482775448328,0.045138723780040954,-0.05517446472814736,0.6693081130820376,0.6189018392404444,0.6393225546342859,True,-1
-1.123357597410562,-1.1952127449599643,0.7566889391872328,0.6693081130820376,-2.380517802853312,-0.6089598505988263,False,0
-0.8631050089951419,-1.3257760574589121,0.48606780454877274,0.6693081130820376,-0.8808079818064339,-0.6089598505988263,False,3
-0.8715334103577267,-2.1091559324525995,-0.5964167340050675,0.6693081130820376,-0.8808079818064339,-0.6089598505988263,False,1
-1.676137384337153,-1.2604944012094381,-0.05517446472814736,0.6693081130820376,-2.380517802853312,-0.6089598505988263,False,0
0.00460918982119918,-0.28126955746732885,-0.5964167340050675,0.6693081130820376,0.6189018392404444,-0.6089598505988263,True,1
0.14645301763055144,1.0243635675221503,-0.8670378686435275,0.6693081130820376,0.6189018392404444,0.6393225546342859,True,2
0.5596502551621424,-0.15070624496838092,-0.8670378686435275,0.6693081130820376,0.6189018392404444,0.6393225546342859,True,0
0.5004458748591085,-0.6076778387146986,2.6510368816564536,0.6693081130820376,0.6189018392404444,-0.6089598505988263,False,-1
0.170504797128659,1.416053505018994,-0.8670378686435275,0.6693081130820376,2.1186116602873226,-0.6089598505988263,True,3
-0.6785024620780429,-0.28126955746732885,-0.05517446472814736,0.6693081130820376,0.6189018392404444,-0.6089598505988263,False,-1
-1.0736094722948182,-0.41183286996627677,3.4629002855718336,0.6693081130820376,-0.8808079818064339,-0.6089598505988263,False,0
-0.37364101767040636,-0.8035228074631204,-0.3257955993666074,0.6693081130820376,-0.8808079818064339,-0.6089598505988263,False,2
-0.9177868324694719,1.416053505018994,-1.1376590032819875,0.6693081130820376,0.6189018392404444,-0.6089598505988263,True,-1
-0.25893253083327816,-1.652184338706282,-0.5964167340050675,0.6693081130820376,0.6189018392404444,-0.6089598505988263,False,0
-0.6641125085321669,0.8938002550232024,-1.1376590032819875,0.6693081130820376,0.6189018392404444,-0.6089598505988263,True,2
-0.74017369156037,-0.3465512137168028,-0.8670378686435275,0.6693081130820376,0.6189018392404444,0.6393225546342859,True,-1
0.6546239485649261,-0.21598790121785488,-0.5964167340050675,0.6693081130820376,0.6189018392404444,0.6393225546342859,False,-1
0.16577666953501385,-1.7174659949557558,0.2154466699103127,0.6693081130820376,-0.8808079818064339,-0.6089598505988263,False,3
0.23895986185404197,0.5673919737758326,-0.5964167340050675,0.6693081130820376,0.6189018392404444,0.6393225546342859,True,-1
0.42232898418149434,-2.043874276203126,-0.3257955993666074,0.6693081130820376,-0.8808079818064339,0.6393225546342859,False,-1
0.36024661316928525,-0.28126955746732885,0.48606780454877274,0.6693081130820376,-2.380517802853312,-1.8572422558319384,False,-1
-0.21946294396458882,-0.41183286996627677,1.0273100738256928,0.6693081130820376,-0.8808079818064339,-0.6089598505988263,False,-1
0.4850280674885268,-0.5423961824652247,0.7566889391872328,0.6693081130820376,0.6189018392404444,0.6393225546342859,False,1
0.030511106203776634,-1.1952127449599643,1.0273100738256928,0.6693081130820376,-0.8808079818064339,-0.6089598505988263,False,4
-0.3177257696064299,0.6326736300253065,-0.8670378686435275,0.6693081130820376,0.6189018392404444,-0.6089598505988263,True,4
0.08046480208446137,-0.8035228074631204,-0.8670378686435275,0.6693081130820376,0.6189018392404444,-0.6089598505988263,False,2
0.17893319849124364,-1.2604944012094381,-0.3257955993666074,0.6693081130820376,0.6189018392404444,-0.6089598505988263,False,2
-0.01841473585220271,0.5021103175263587,-0.5964167340050675,0.6693081130820376,0.6189018392404444,0.6393225546342859,True,-1
-0.1915053199326006,0.4368286612768847,-0.3257955993666074,0.6693081130820376,0.6189018392404444,-0.6089598505988263,True,2
-0.36459590401299846,0.4368286612768847,-0.8670378686435275,0.6693081130820376,0.6189018392404444,-0.6089598505988263,True,0
-1.28329165253473,-0.41183286996627677,-0.3257955993666074,0.6693081130820376,-0.8808079818064339,-0.6089598505988263,False,1
-0.14299061940650334,0.6979552862747805,-0.5964167340050675,0.6693081130820376,0.6189018392404444,0.6393225546342859,True,4
-0.7911552412657603,-0.28126955746732885,-0.3257955993666074,0.6693081130820376,0.6189018392404444,-0.6089598505988263,False,4
-0.5037673118781164,-0.41183286996627677,0.7566889391872328,0.6693081130820376,0.6189018392404444,-0.6089598505988263,False,1
1.1942472065352876,-0.15070624496838092,-0.8670378686435275,0.6693081130820376,0.6189018392404444,0.6393225546342859,False,3
-0.21596824096059025,-1.652184338706282,0.2154466699103127,0.6693081130820376,-0.8808079818064339,-0.6089598505988263,False,3
-0.33766613380571564,1.416053505018994,-0.5964167340050675,0.6693081130820376,0.6189018392404444,-0.6089598505988263,True,-1
-0.08090824839429422,0.4368286612768847,-0.05517446472814736,0.6693081130820376,0.6189018392404444,0.6393225546342859,True,-1
0.29569739297778297,0.4368286612768847,-0.05517446472814736,0.6693081130820376,0.6189018392404444,-0.6089598505988263,True,-1
-0.22460221308811606,0.4368286612768847,-0.3257955993666074,0.6693081130820376,-0.8808079818064339,0.6393225546342859,True,4
0.6336557305409347,0.6979552862747805,-0.5964167340050675,0.6693081130820376,0.6189018392404444,0.6393225546342859,True,0
-0.975141075888036,0.24098369252846283,-0.3257955993666074,0.6693081130820376,-0.8808079818064339,0.6393225546342859,True,1
1.8783867122592353,-1.586902682456808,-0.05517446472814736,0.6693081130820376,0.6189018392404444,0.6393225546342859,False,0
1.0982456593077987,-1.586902682456808,-1.1376590032819875,0.6693081130820376,0.6189018392404444,0.6393225546342859,False,4
0.015298869598136075,1.1549268800210981,-0.8670378686435275,0.6693081130820376,0.6189018392404444,-0.6089598505988263,True,-1
-0.3882365419812239,1.1549268800210981,-0.8670378686435275,0.6693081130820376,-0.8808079818064339,-0.6089598505988263,True,0
-0.03588825087219554,1.0243635675221503,-0.5964167340050675,0.6693081130820376,0.6189018392404444,-0.6089598505988263,True,-1
-0.030543410983727093,0.6979552862747805,-0.3257955993666074,0.6693081130820376,0.6189018392404444,-0.6089598505988263,True,-1
-0.045344506059485555,0.6326736300253065,-0.3257955993666074,0.6693081130820376,0.6189018392404444,-0.6089598505988263,True,-1
-0.46265315888989833,-0.3465512137168028,0.2154466699103127,0.6693081130820376,0.6189018392404444,-0.6089598505988263,False,-1
0.1832501845550064,0.7632369425242544,-0.3257955993666074,0.6693081130820376,0.6189018392404444,-0.6089598505988263,True,4
0.38142040195821725,0.9590819112726764,-0.5964167340050675,0.6693081130820376,0.6189018392404444,0.6393225546342859,True,-1
1.3835778810460317,-0.020142932469433005,-0.05517446472814736,0.6693081130820376,0.6189018392404444,0.6393225546342859,True,1
-0.2093899764824755,0.6979552862747805,-0.5964167340050675,0.6693081130820376,0.6189018392404444,-0.6089598505988263,True,3
0.36497474076293007,0.24098369252846283,-0.3257955993666074,0.6693081130820376,0.6189018392404444,0.6393225546342859,True,4
-0.6158033787710105,-1.7174659949557558,0.48606780454877274,0.6693081130820376,0.6189018392404444,-0.6089598505988263,False,1
-1.2321045320643986,-0.3465512137168028,1.0273100738256928,0.6693081130820376,-0.8808079818064339,-0.6089598505988263,False,2
-0.09591491423499388,0.5673919737758326,-0.05517446472814736,0.6693081130820376,0.6189018392404444,0.6393225546342859,True,4
0.1277460780209123,0.7632369425242544,-0.05517446472814736,0.6693081130820376,0.6189018392404444,0.6393225546342859,True,2
0.19126744438770893,0.24098369252846283,-0.05517446472814736,0.6693081130820376,0.6189018392404444,-0.6089598505988263,True,0
-0.2751726212636244,-0.28126955746732885,1.0273100738256928,0.6693081130820376,0.6189018392404444,-0.6089598505988263,False,1
-0.7853992598474098,-0.8688044637125945,1.297931208464153,0.6693081130820376,-0.8808079818064339,-0.6089598505988263,False,0
-0.6474612765719385,0.8285185987737285,0.2154466699103127,0.6693081130820376,-0.8808079818064339,-0.6089598505988263,False,-1
0.47680523689088306,1.0243635675221503,-0.5964167340050675,0.6693081130820376,0.6189018392404444,0.6393225546342859,True,1
0.11541183212444674,0.8938002550232024,-0.3257955993666074,0.6693081130820376,0.6189018392404444,-0.6089598505988263,True,-1
0.2903525530893145,-0.9340861199620684,-0.8670378686435275,0.6693081130820376,0.6189018392404444,0.6393225546342859,False,0
-0.379191428323816,1.1549268800210981,-0.8670378686435275,0.6693081130820376,0.6189018392404444,-0.6089598505988263,True,2
-0.8898292084374837,0.11042038002951492,1.568552343102613,0.6693081130820376,0.6189018392404444,0.6393225546342859,False,3
-1.1389809755460847,-1.2604944012094381,0.2154466699103127,0.6693081130820376,-0.8808079818064339,-0.6089598505988263,False,3
-0.24865399258622364,0.24098369252846283,1.568552343102613,0.6693081130820376,0.6189018392404444,0.6393225546342859,False,1
-0.41927772748732833,-1.521621026207334,1.568552343102613,0.6693081130820376,-0.8808079818064339,-0.6089598505988263,False,-1
-0.4589528851209589,0.30626534877793676,0.2154466699103127,0.6693081130820376,0.6189018392404444,-0.6089598505988263,False,-1
-0.7362678470264893,0.17570203627898887,0.2154466699103127,0.6693081130820376,-0.8808079818064339,-0.6089598505988263,False,0
0.19928470422041145,0.3715470050274107,1.0273100738256928,0.6693081130820376,0.6189018392404444,0.6393225546342859,False,-1
0.32098259706553683,0.8285185987737285,-0.5964167340050675,0.6693081130820376,0.6189018392404444,0.6393225546342859,True,-1
-0.8310359696643319,-1.2604944012094381,-0.05517446472814736,0.6693081130820376,-0.8808079818064339,-0.6089598505988263,False,-1
-0.30333581606055354,1.0896452237716243,-0.8670378686435275,0.6693081130820376,0.6189018392404444,-0.6089598505988263,False,3
-0.1806100693907228,1.0243635675221503,-0.05517446472814736,0.6693081130820376,0.6189018392404444,-0.6089598505988263,False,-1
-0.1997281505302443,0.8285185987737285,-0.8670378686435275,0.6693081130820376,-0.8808079818064339,-0.6089598505988263,False,4
-0.6024412790498398,0.9590819112726764,-1.1376590032819875,0.6693081130820376,-0.8808079818064339,-0.6089598505988263,True,4
-0.3062138067697288,1.416053505018994,-0.8670378686435275,0.6693081130820376,0.6189018392404444,-0.6089598505988263,True,2
-0.9734965097685073,-0.020142932469433005,1.568552343102613,0.6693081130820376,-0.8808079818064339,-0.6089598505988263,False,4
-0.760525197289538,-0.5423961824652247,0.2154466699103127,0.6693081130820376,-2.380517802853312,-1.8572422558319384,False,0
0.43363537625325427,0.3715470050274107,0.2154466699103127,0.6693081130820376,0.6189018392404444,0.6393225546342859,False,4
0.07491439143105202,1.3507718487695202,-0.5964167340050675,0.6693081130820376,0.6189018392404444,0.6393225546342859,True,3
-1.5776689879303711,1.0896452237716243,-0.5964167340050675,0.6693081130820376,0.6189018392404444,0.6393225546342859,True,-1
1.7716954852548097,-0.15070624496838092,-0.3257955993666074,0.6693081130820376,0.6189018392404444,0.6393225546342859,False,4
0.1624875372959565,0.5673919737758326,0.2154466699103127,0.6693081130820376,-0.8808079818064339,0.6393225546342859,False,-1
0.08087594361434376,0.3715470050274107,-0.3257955993666074,0.6693081130820376,0.6189018392404444,0.6393225546342859,True,2
0.04346206439506522,0.7632369425242544,-0.3257955993666074,0.6693081130820376,0.6189018392404444,-0.6089598505988263,True,2
-1.2107251725105252,0.30626534877793676,-0.3257955993666074,0.6693081130820376,0.6189018392404444,0.6393225546342859,False,3
-0.23960887892881574,0.6979552862747805,0.7566889391872328,0.6693081130820376,0.6189018392404444,-0.6089598505988263,False,2
-0.16231427131096576,0.9590819112726764,-0.3257955993666074,0.6693081130820376,0.6189018392404444,0.6393225546342859,True,0
1.5529681913574895,0.4368286612768847,-0.3257955993666074,0.6693081130820376,0.6189018392404444,0.6393225546342859,False,0
-0.5235021053124612,0.9590819112726764,-0.3257955993666074,0.6693081130820376,-0.8808079818064339,-0.6089598505988263,True,2
-0.8489206262142067,1.0896452237716243,-1.1376590032819875,0.6693081130820376,0.6189018392404444,-0.6089598505988263,True,-1
-0.0011467915971513651,1.2202085362705721,-0.3257955993666074,0.6693081130820376,0.6189018392404444,0.6393225546342859,True,1
-0.41722201983791757,0.4368286612768847,1.839173477741073,0.6693081130820376,0.6189018392404444,-0.6089598505988263,False,0
0.3709362929462218,0.4368286612768847,2.1097946123795333,0.6693081130820376,0.6189018392404444,0.6393225546342859,False,3
0.7407580990752428,0.5673919737758326,-0.05517446472814736,0.6693081130820376,0.6189018392404444,0.6393225546342859,False,-1
1.5776366831504207,0.3715470050274107,-1.1376590032819875,0.6693081130820376,2.1186116602873226,0.6393225546342859,True,-1
0.13411877173408615,1.0896452237716243,-0.5964167340050675,0.6693081130820376,0.6189018392404444,-0.6089598505988263,True,4
1.2787367909260758,-1.521621026207334,-0.05517446472814736,0.6693081130820376,0.6189018392404444,0.6393225546342859,False,-1
-0.41290503377415483,0.17570203627898887,-1.1376590032819875,0.6693081130820376,-0.8808079818064339,-0.6089598505988263,False,2
-0.7773820000147073,0.6979552862747805,1.839173477741073,0.6693081130820376,-0.8808079818064339,-0.6089598505988263,False,4
-0.7773820000147073,0.6979552862747805,1.568552343102613,0.6693081130820376,0.6189018392404444,-0.6089598505988263,False,-1
-0.3025135330007893,0.045138723780040954,2.1097946123795333,0.6693081130820376,0.6189018392404444,-0.6089598505988263,False,-1
-0.9401940458480507,0.9590819112726764,-0.3257955993666074,0.6693081130820376,-0.8808079818064339,-0.6089598505988263,True,4
-0.16251984207590695,0.9590819112726764,-0.5964167340050675,0.6693081130820376,0.6189018392404444,-0.6089598505988263,True,0
0.3133764787627167,1.0896452237716243,-1.1376590032819875,0.6693081130820376,-0.8808079818064339,-0.6089598505988263,True,3
-0.7773820000147073,0.6979552862747805,-0.05517446472814736,0.6693081130820376,0.6189018392404444,-0.6089598505988263,False,3
-0.6567119609942876,-1.652184338706282,0.2154466699103127,0.6693081130820376,-0.8808079818064339,-0.6089598505988263,False,3
0.4595372926358317,0.8285185987737285,-0.3257955993666074,0.6693081130820376,0.6189018392404444,0.6393225546342859,True,-1
-0.5568045692329179,1.2854901925200461,-0.5964167340050675,0.6693081130820376,0.6189018392404444,0.6393225546342859,True,3
-0.5444703233364523,0.5021103175263587,-0.05517446472814736,0.6693081130820376,-0.8808079818064339,-0.6089598505988263,True,-1
-0.6375938798547661,1.0896452237716243,-0.8670378686435275,0.6693081130820376,-0.8808079818064339,-0.6089598505988263,True,-1
-0.9042191619833599,-1.7174659949557558,5.086627093402594,0.6693081130820376,-0.8808079818064339,-0.6089598505988263,False,3
1.0386301374748825,-1.1299310887104903,-0.05517446472814736,0.6693081130820376,0.6189018392404444,0.6393225546342859,False,2
-0.5115790009458779,1.3507718487695202,-1.1376590032819875,0.6693081130820376,-0.8808079818064339,-0.6089598505988263,True,-1
1.1362762508219002,0.5673919737758326,-0.3257955993666074,0.6693081130820376,0.6189018392404444,0.6393225546342859,True,3
0.09300461874586814,-1.7827476512052298,0.7566889391872328,0.6693081130820376,0.6189018392404444,-0.6089598505988263,False,2
-1.1663218872832497,-1.1299310887104903,2.3804157470179934,0.6693081130820376,-0.8808079818064339,-0.6089598505988263,False,1
-0.2206963685542354,0.5673919737758326,0.2154466699103127,0.6693081130820376,0.6189018392404444,0.6393225546342859,False,2
-1.3067267197380141,0.24098369252846283,0.48606780454877274,0.6693081130820376,-0.8808079818064339,-0.6089598505988263,False,4
-0.17773207868154753,0.9590819112726764,-0.8670378686435275,0.6693081130820376,0.6189018392404444,-0.6089598505988263,True,2
0.766454444692879,-1.7827476512052298,-0.3257955993666074,0.6693081130820376,0.6189018392404444,0.6393225546342859,False,-1
0.27041218889002877,-0.21598790121785488,1.0273100738256928,0.6693081130820376,0.6189018392404444,0.6393225546342859,False,1
-1.5330601319381545,1.0243635675221503,0.2154466699103127,0.6693081130820376,-2.380517802853312,-1.8572422558319384,False,-1
-0.9013411712741847,0.5021103175263587,0.7566889391872328,0.6693081130820376,-0.8808079818064339,-0.6089598505988263,False,-1
-0.33376028927183493,-2.1091559324525995,0.2154466699103127,0.6693081130820376,-0.8808079818064339,-0.6089598505988263,False,0
-0.007108343780442813,-1.45633936995786,0.48606780454877274,0.6693081130820376,-0.8808079818064339,-0.6089598505988263,False,0
-1.618577570153648,0.8285185987737285,-0.5964167340050675,0.6693081130820376,-2.380517802853312,-1.8572422558319384,False,4
0.26239492905732625,-1.9785926199536517,4.274763689487214,0.6693081130820376,0.6189018392404444,-0.6089598505988263,False,2
-0.04411108146983897,-1.9785926199536517,5.086627093402594,0.6693081130820376,0.6189018392404444,-0.6089598505988263,False,1
0.20031255804511713,0.4368286612768847,-0.3257955993666074,0.6693081130820376,0.6189018392404444,0.6393225546342859,True,3
-0.3458889644033593,1.2854901925200461,-0.3257955993666074,0.6693081130820376,2.1186116602873226,-0.6089598505988263,True,0
0.017354577247546858,0.24098369252846283,0.48606780454877274,0.6693081130820376,0.6189018392404444,0.6393225546342859,False,-1
-0.9440998903819314,0.6979552862747805,-0.3257955993666074,0.6693081130820376,-0.8808079818064339,-0.6089598505988263,True,4
-0.17238723879307935,1.2202085362705721,-0.5964167340050675,0.6693081130820376,0.6189018392404444,0.6393225546342859,True,-1
-1.2347769520086327,0.9590819112726764,-0.3257955993666074,0.6693081130820376,-0.8808079818064339,-0.6089598505988263,True,-1
-1.0921108411395162,1.3507718487695202,-1.1376590032819875,0.6693081130820376,-0.8808079818064339,-0.6089598505988263,True,-1
-0.8575545983417325,1.3507718487695202,-1.1376590032819875,0.6693081130820376,-2.380517802853312,0.6393225546342859,True,1
-0.1804044986257819,1.416053505018994,-1.1376590032819875,0.6693081130820376,-2.380517802853312,-1.8572422558319384,True,-1
0.7306851315931292,-1.3257760574589121,2.3804157470179934,0.6693081130820376,-0.8808079818064339,-0.6089598505988263,False,3
0.2369041542046312,0.8285185987737285,-0.5964167340050675,0.6693081130820376,0.6189018392404444,-0.6089598505988263,True,2
-0.9107974264614748,0.11042038002951492,-0.5964167340050675,0.6693081130820376,0.6189018392404444,-0.6089598505988263,False,-1
-0.6236150678387721,1.9383067550147857,-0.8670378686435275,0.6693081130820376,-2.380517802853312,-1.8572422558319384,True,-1
-1.0084435398084926,1.2202085362705721,-1.1376590032819875,0.6693081130820376,2.1186116602873226,0.6393225546342859,True,1
-0.19643901829118693,-1.3910577137083862,1.297931208464153,0.6693081130820376,-0.8808079818064339,-0.6089598505988263,False,3
0.3507903579819949,0.9590819112726764,-0.05517446472814736,0.6693081130820376,0.6189018392404444,-0.6089598505988263,True,-1
-0.33458257233159944,-1.7174659949557558,1.297931208464153,0.6693081130820376,-0.8808079818064339,-0.6089598505988263,False,-1
0.23998771567874738,0.30626534877793676,0.48606780454877274,0.6693081130820376,0.6189018392404444,-0.6089598505988263,False,-1
-0.6215593601893611,-0.9993677762115424,-0.3257955993666074,0.6693081130820376,-0.8808079818064339,-0.6089598505988263,False,0
-0.33581599692124603,-0.6729594949641726,1.0273100738256928,0.6693081130820376,0.6189018392404444,-0.6089598505988263,False,-1
-0.49698347663506043,0.4368286612768847,-0.8670378686435275,0.6693081130820376,-0.8808079818064339,-0.6089598505988263,True,0
-0.21411810407612067,1.2202085362705721,-0.5964167340050675,0.6693081130820376,-0.8808079818064339,-0.6089598505988263,True,2
-0.4474409222842578,1.3507718487695202,-0.5964167340050675,0.6693081130820376,0.6189018392404444,-0.6089598505988263,True,4
-0.25749353547869064,1.1549268800210981,-0.5964167340050675,0.6693081130820376,0.6189018392404444,0.6393225546342859,True,-1
0.028660969319306753,1.611898473767416,-0.8670378686435275,0.6693081130820376,0.6189018392404444,-0.6089598505988263,True,-1
-1.191607091371004,0.4368286612768847,0.48606780454877274,0.6693081130820376,-0.8808079818064339,-0.6089598505988263,False,-1
-1.3392069005987064,0.9590819112726764,-0.3257955993666074,0.6693081130820376,-0.8808079818064339,-0.6089598505988263,True,0
-1.0859437181912837,0.9590819112726764,-0.8670378686435275,0.6693081130820376,-0.8808079818064339,-0.6089598505988263,True,0
0.14542516380584605,0.17570203627898887,1.568552343102613,0.6693081130820376,0.6189018392404444,0.6393225546342859,False,1
0.7267792870592485,0.17570203627898887,-0.05517446472814736,0.6693081130820376,0.6189018392404444,0.6393225546342859,False,2
0.3024812282208389,0.17570203627898887,-0.5964167340050675,0.6693081130820376,0.6189018392404444,0.6393225546342859,False,2
-1.2228538476420494,0.8285185987737285,0.48606780454877274,-0.4413487512114661,0.6189018392404444,-0.6089598505988263,False,2
-1.3498965803756433,0.8285185987737285,-0.5964167340050675,-0.4413487512114661,-0.8808079818064339,-0.6089598505988263,False,1
-1.2978871768455473,0.8285185987737285,-0.5964167340050675,-0.4413487512114661,-2.380517802853312,-1.8572422558319384,False,0
-1.5441609532449732,0.8285185987737285,-0.05517446472814736,-0.4413487512114661,-0.8808079818064339,-0.6089598505988263,False,0
-1.4491872598421898,0.8285185987737285,-0.3257955993666074,-0.4413487512114661,-0.8808079818064339,-0.6089598505988263,False,1
-0.8250744174810402,-1.8480293074547038,-0.3257955993666074,-0.4413487512114661,-0.8808079818064339,-0.6089598505988263,False,-1
-0.7921830950904659,-1.8480293074547038,-0.5964167340050675,-0.4413487512114661,-0.8808079818064339,-0.6089598505988263,False,3
0.09403247257057354,-1.7827476512052298,0.7566889391872328,-0.4413487512114661,0.6189018392404444,-0.6089598505988263,False,0
0.002142340641906298,-1.3910577137083862,1.568552343102613,-0.4413487512114661,0.6189018392404444,-0.6089598505988263,False,0
-0.5862011886194936,-1.3910577137083862,2.1097946123795333,-0.4413487512114661,-0.8808079818064339,-0.6089598505988263,False,4
-0.9636291130513349,-1.3910577137083862,-0.8670378686435275,-0.4413487512114661,-0.8808079818064339,-0.6089598505988263,False,2
0.22045849300934375,1.0243635675221503,-0.5964167340050675,-0.4413487512114661,0.6189018392404444,0.6393225546342859,True,1
-0.8573490275767913,0.8285185987737285,-0.5964167340050675,-0.4413487512114661,-2.380517802853312,-0.6089598505988263,False,-1
0.9286497782313994,0.24098369252846283,0.7566889391872328,-0.4413487512114661,0.6189018392404444,0.6393225546342859,False,0
-1.144325815434553,-0.41183286996627677,0.2154466699103127,-0.4413487512114661,-0.8808079818064339,-0.6089598505988263,False,3
-1.192018232900886,-0.41183286996627677,0.2154466699103127,-0.4413487512114661,-0.8808079818064339,-0.6089598505988263,False,2
-1.1141069129882128,0.17570203627898887,-0.3257955993666074,-0.4413487512114661,-0.8808079818064339,-0.6089598505988263,False,-1
-1.0906718457849287,-1.2604944012094381,2.1097946123795333,-0.4413487512114661,-0.8808079818064339,-0.6089598505988263,False,1
-0.9993984261510847,-1.2604944012094381,1.839173477741073,-0.4413487512114661,-0.8808079818064339,-0.6089598505988263,False,-1
1.4107132220182554,0.11042038002951492,1.0273100738256928,-0.4413487512114661,0.6189018392404444,0.6393225546342859,False,-1
-0.7592917726998915,0.8938002550232024,-0.8670378686435275,-0.4413487512114661,-0.8808079818064339,-0.6089598505988263,True,3
-0.14504632705591441,0.7632369425242544,-0.3257955993666074,-0.4413487512114661,0.6189018392404444,0.6393225546342859,False,0
-0.2315916190961132,1.0896452237716243,-0.8670378686435275,-0.4413487512114661,0.6189018392404444,-0.6089598505988263,True,2
-0.20856769342271103,-1.9133109637041779,1.839173477741073,-0.4413487512114661,-0.8808079818064339,-0.6089598505988263,False,-1
-0.32964887397301307,0.8285185987737285,-0.5964167340050675,-0.4413487512114661,-0.8808079818064339,0.6393225546342859,True,1
-1.381554478176571,0.8938002550232024,-0.3257955993666074,-0.4413487512114661,-0.8808079818064339,-0.6089598505988263,False,0
-1.3751817844633971,0.045138723780040954,-0.3257955993666074,-0.4413487512114661,-0.8808079818064339,-0.6089598505988263,True,3
-0.1376457795180352,-0.6076778387146986,1.0273100738256928,-0.4413487512114661,0.6189018392404444,0.6393225546342859,False,-1
-1.2316933905345164,-0.6076778387146986,2.3804157470179934,-0.4413487512114661,-0.8808079818064339,-0.6089598505988263,False,0
-1.2347769520086327,-0.6076778387146986,1.297931208464153,-0.4413487512114661,-0.8808079818064339,-0.6089598505988263,False,-1
-1.0178997949957826,-0.6076778387146986,1.297931208464153,-0.4413487512114661,-0.8808079818064339,-0.6089598505988263,False,4
-0.8618715844054955,-1.8480293074547038,-0.3257955993666074,-0.4413487512114661,-0.8808079818064339,-0.6089598505988263,False,-1
-0.28504001798079653,1.481335161268468,-0.5964167340050675,-0.4413487512114661,0.6189018392404444,0.6393225546342859,True,-1
-0.44209608239578935,-1.45633936995786,0.48606780454877274,-0.4413487512114661,0.6189018392404444,-0.6089598505988263,False,0
3.5204859826086636,-0.4771145262157507,1.0273100738256928,-0.4413487512114661,2.1186116602873226,0.6393225546342859,False,-1
1.166289582503299,-1.9133109637041779,1.297931208464153,-0.4413487512114661,0.6189018392404444,0.6393225546342859,False,2
0.06998069307246596,0.6979552862747805,-0.3257955993666074,-0.4413487512114661,0.6189018392404444,0.6393225546342859,True,-1
-0.06281802107947838,0.7632369425242544,-0.3257955993666074,-0.4413487512114661,0.6189018392404444,-0.6089598505988263,True,3
-1.2109307432754663,-0.8035228074631204,1.568552343102613,-0.4413487512114661,-0.8808079818064339,-0.6089598505988263,False,0
-0.06734057790818235,0.4368286612768847,-1.1376590032819875,-0.4413487512114661,-0.8808079818064339,-0.6089598505988263,True,-1
-1.0900551334901054,-1.1952127449599643,-0.3257955993666074,-0.4413487512114661,-0.8808079818064339,-0.6089598505988263,False,-1
-0.2677720737257452,1.416053505018994,-0.5964167340050675,-0.4413487512114661,0.6189018392404444,-0.6089598505988263,True,-1
-0.660001093233345,1.416053505018994,-1.1376590032819875,-0.4413487512114661,-0.8808079818064339,-0.6089598505988263,True,4
-0.2671553614309219,0.5673919737758326,-0.05517446472814736,-0.4413487512114661,0.6189018392404444,-0.6089598505988263,True,2
-0.2959352685226743,1.481335161268468,-0.5964167340050675,-0.4413487512114661,-2.380517802853312,-0.6089598505988263,True,2
0.5890468745487184,-2.1091559324525995,-0.5964167340050675,-0.4413487512114661,-0.8808079818064339,-0.6089598505988263,False,2
0.588019020724013,-2.1091559324525995,0.7566889391872328,-0.4413487512114661,-2.380517802853312,-1.8572422558319384,False,0
-0.7095436475841477,1.0243635675221503,-0.8670378686435275,-0.4413487512114661,0.6189018392404444,-0.6089598505988263,True,3
1.1342205431724894,-0.5423961824652247,-0.5964167340050675,-0.4413487512114661,0.6189018392404444,0.6393225546342859,False,2
2.4451453112018204,-0.28126955746732885,1.0273100738256928,-0.4413487512114661,0.6189018392404444,0.6393225546342859,False,3
0.28562442549566935,0.17570203627898887,-0.05517446472814736,-0.4413487512114661,0.6189018392404444,0.6393225546342859,False,1
-1.440553287714664,0.8285185987737285,-0.3257955993666074,-0.4413487512114661,0.6189018392404444,-0.6089598505988263,True,4
-0.167453540434493,-1.7827476512052298,-0.8670378686435275,-0.4413487512114661,-0.8808079818064339,-0.6089598505988263,False,3
0.39005437408574306,0.6979552862747805,-0.5964167340050675,-0.4413487512114661,0.6189018392404444,0.6393225546342859,True,1
-1.4208184942803193,0.8938002550232024,-0.8670378686435275,-0.4413487512114661,-0.8808079818064339,-0.6089598505988263,True,1
0.4375412207871349,0.11042038002951492,-0.5964167340050675,-0.4413487512114661,0.6189018392404444,0.6393225546342859,True,0
-0.13476778880885992,0.11042038002951492,-0.05517446472814736,-0.4413487512114661,0.6189018392404444,1.887604959867398,True,0
-0.10907144319122365,-1.45633936995786,-0.3257955993666074,-0.4413487512114661,0.6189018392404444,0.6393225546342859,False,-1
-1.4142402298022043,0.11042038002951492,-0.3257955993666074,-0.4413487512114661,-0.8808079818064339,-0.6089598505988263,False,-1
-1.3523634295549363,-2.043874276203126,0.7566889391872328,-0.4413487512114661,0.6189018392404444,1.887604959867398,False,4
0.5508107122696757,0.7632369425242544,-0.5964167340050675,-0.4413487512114661,0.6189018392404444,0.6393225546342859,False,-1
1.2748309463921945,-2.1091559324525995,-0.5964167340050675,-0.4413487512114661,0.6189018392404444,0.6393225546342859,False,3
1.195686201889875,-2.1091559324525995,-0.5964167340050675,-0.4413487512114661,0.6189018392404444,0.6393225546342859,False,-1
0.6712751805251544,-2.1091559324525995,-0.8670378686435275,-0.4413487512114661,0.6189018392404444,0.6393225546342859,False,2
0.6239939045887035,-2.1091559324525995,-0.8670378686435275,-0.4413487512114661,0.6189018392404444,0.6393225546342859,False,1
-0.2977854054071442,-2.1091559324525995,-0.05517446472814736,-0.4413487512114661,-0.8808079818064339,0.6393225546342859,False,0
0.6239939045887035,-2.1091559324525995,-0.3257955993666074,-0.4413487512114661,0.6189018392404444,0.6393225546342859,False,2
0.09218233568610365,-1.45633936995786,-0.05517446472814736,-0.4413487512114661,-0.8808079818064339,-0.6089598505988263,False,-1
-0.9426608950273438,-1.3257760574589121,1.0273100738256928,-0.4413487512114661,-2.380517802853312,-1.8572422558319384,False,3
-1.0088546813383747,-1.3257760574589121,1.0273100738256928,-0.4413487512114661,-0.8808079818064339,-0.6089598505988263,False,3
-1.0697036277609375,-1.3257760574589121,3.1922791509333734,-0.4413487512114661,-0.8808079818064339,-0.6089598505988263,False,-1
-0.1888328999883665,-1.3257760574589121,2.6510368816564536,-0.4413487512114661,-0.8808079818064339,-0.6089598505988263,False,-1
-1.0750484676494059,-1.3257760574589121,2.3804157470179934,-0.4413487512114661,-0.8808079818064339,-0.6089598505988263,False,-1
-0.7288672994886101,0.24098369252846283,-0.3257955993666074,-0.4413487512114661,0.6189018392404444,0.6393225546342859,True,0
0.21881392688981507,0.9590819112726764,-0.5964167340050675,-0.4413487512114661,0.6189018392404444,-0.6089598505988263,True,4
-0.5251466714319899,0.8285185987737285,-0.3257955993666074,-0.4413487512114661,0.6189018392404444,0.6393225546342859,True,4
-0.6766523251935733,0.8285185987737285,-0.3257955993666074,-0.4413487512114661,0.6189018392404444,0.6393225546342859,True,0
-0.1660145450799055,1.481335161268468,-0.5964167340050675,-0.4413487512114661,-0.8808079818064339,-0.6089598505988263,True,-1
-0.6474612765719385,-0.21598790121785488,-0.3257955993666074,-0.4413487512114661,-0.8808079818064339,-0.6089598505988263,False,4
0.16803794794936586,0.8285185987737285,0.2154466699103127,-0.4413487512114661,0.6189018392404444,0.6393225546342859,False,4
0.3327001306671791,0.8285185987737285,-0.5964167340050675,-0.4413487512114661,0.6189018392404444,0.6393225546342859,False,3
-0.20096157511989088,-1.8480293074547038,1.297931208464153,-0.4413487512114661,-0.8808079818064339,-0.6089598505988263,False,1
0.2829520055514353,-1.8480293074547038,0.2154466699103127,-0.4413487512114661,-0.8808079818064339,0.6393225546342859,False,4
-0.19541116446648124,0.5021103175263587,-0.3257955993666074,-0.4413487512114661,0.6189018392404444,-0.6089598505988263,True,4
1.773340051374338,0.5021103175263587,-0.3257955993666074,-0.4413487512114661,0.6189018392404444,0.6393225546342859,False,4
0.1947621473917075,0.8938002550232024,-0.8670378686435275,-0.4413487512114661,0.6189018392404444,-0.6089598505988263,False,-1
-0.9837750480155618,-0.020142932469433005,-0.5964167340050675,-0.4413487512114661,-0.8808079818064339,-0.6089598505988263,False,-1
0.056824164116236184,1.1549268800210981,-1.1376590032819875,-0.4413487512114661,0.6189018392404444,-0.6089598505988263,True,2
-1.532648990408272,0.6979552862747805,-0.5964167340050675,-0.4413487512114661,-2.380517802853312,-1.8572422558319384,False,-1
-1.2014744880881763,0.6979552862747805,-0.3257955993666074,-0.4413487512114661,-2.380517802853312,-1.8572422558319384,False,2
0.26403949517685493,1.0243635675221503,-0.8670378686435275,-0.4413487512114661,-0.8808079818064339,0.6393225546342859,True,1
-0.35596193188547265,1.1549268800210981,-0.5964167340050675,-0.4413487512114661,0.6189018392404444,1.887604959867398,True,-1
-0.31320321277772595,1.1549268800210981,-0.5964167340050675,-0.4413487512114661,0.6189018392404444,0.6393225546342859,True,1
0.6334501597759937,0.3715470050274107,-0.3257955993666074,-0.4413487512114661,0.6189018392404444,0.6393225546342859,True,-1
-0.6195036525399502,0.9590819112726764,-0.3257955993666074,-0.4413487512114661,-0.8808079818064339,0.6393225546342859,True,1
-0.7356511347316661,1.416053505018994,-0.8670378686435275,-0.4413487512114661,0.6189018392404444,-0.6089598505988263,True,0
0.729862848533365,1.416053505018994,-0.05517446472814736,-0.4413487512114661,0.6189018392404444,0.6393225546342859,True,3
-1.0606585141035294,-0.7382411512136465,0.2154466699103127,-0.4413487512114661,-0.8808079818064339,-0.6089598505988263,False,2
-0.5169238408343462,1.416053505018994,-0.05517446472814736,-0.4413487512114661,0.6189018392404444,0.6393225546342859,True,-1
-1.2025023419128817,-0.9340861199620684,-0.8670378686435275,-0.4413487512114661,-0.8808079818064339,-0.6089598505988263,False,0
-0.4901996413920045,-0.21598790121785488,-0.5964167340050675,-0.4413487512114661,-0.8808079818064339,-0.6089598505988263,True,-1
-0.6458167104524098,0.5021103175263587,-0.3257955993666074,-0.4413487512114661,0.6189018392404444,-0.6089598505988263,True,3
-0.6791191743728662,0.6979552862747805,-1.1376590032819875,-0.4413487512114661,0.6189018392404444,-0.6089598505988263,True,0
0.5382708956082691,0.30626534877793676,-0.5964167340050675,-0.4413487512114661,0.6189018392404444,0.6393225546342859,True,3
-0.18636605080907334,0.8938002550232024,-0.3257955993666074,-0.4413487512114661,0.6189018392404444,-0.6089598505988263,True,1
0.17687749084183285,-0.9340861199620684,0.2154466699103127,-0.4413487512114661,0.6189018392404444,-0.6089598505988263,False,4
-1.1340472771874985,-0.9340861199620684,-0.3257955993666074,-0.4413487512114661,-0.8808079818064339,-0.6089598505988263,False,-1
-0.5664663951851491,-0.9340861199620684,2.1097946123795333,-0.4413487512114661,0.6189018392404444,-0.6089598505988263,False,4
-1.3361233391245901,0.4368286612768847,-0.8670378686435275,-0.4413487512114661,0.6189018392404444,0.6393225546342859,False,-1
-0.5894903208585509,-1.1952127449599643,-0.8670378686435275,-0.4413487512114661,-0.8808079818064339,-0.6089598505988263,False,1
-0.2223409346737641,-1.1952127449599643,1.297931208464153,-0.4413487512114661,-0.8808079818064339,-0.6089598505988263,False,-1
0.12527922884161916,0.6326736300253065,-0.05517446472814736,-0.4413487512114661,0.6189018392404444,0.6393225546342859,True,3
-0.09036450358158424,0.5673919737758326,-0.5964167340050675,-0.4413487512114661,0.6189018392404444,0.6393225546342859,True,0
0.11705639824397543,0.30626534877793676,1.839173477741073,-0.4413487512114661,2.1186116602873226,1.887604959867398,False,3
0.47495510000641344,-1.8480293074547038,-0.3257955993666074,-0.4413487512114661,0.6189018392404444,-0.6089598505988263,False,2
1.845495389868661,-1.521621026207334,1.297931208464153,-0.4413487512114661,0.6189018392404444,0.6393225546342859,False,0
-0.01656459896773312,0.6326736300253065,-0.3257955993666074,-0.4413487512114661,0.6189018392404444,0.6393225546342859,True,-1
-0.14792431776508969,0.6326736300253065,-0.3257955993666074,-0.4413487512114661,0.6189018392404444,0.6393225546342859,True,3
0.4599484341657138,0.6326736300253065,-0.3257955993666074,-0.4413487512114661,0.6189018392404444,0.6393225546342859,True,-1
0.5748624917677833,0.30626534877793676,-0.3257955993666074,-0.4413487512114661,0.6189018392404444,0.6393225546342859,False,2
0.4149284366436151,0.5021103175263587,1.0273100738256928,-0.4413487512114661,0.6189018392404444,0.6393225546342859,False,0
-1.2575953069170938,-0.41183286996627677,0.2154466699103127,-0.4413487512114661,-0.8808079818064339,-0.6089598505988263,False,0
0.9257717875222239,0.3715470050274107,-0.05517446472814736,-0.4413487512114661,0.6189018392404444,0.6393225546342859,False,-1
0.5462881554409716,0.3715470050274107,0.2154466699103127,-0.4413487512114661,0.6189018392404444,0.6393225546342859,False,4
0.006664897470610256,0.24098369252846283,2.3804157470179934,-0.4413487512114661,0.6189018392404444,-0.6089598505988263,False,3
-0.2663330783711574,0.24098369252846283,2.1097946123795333,-0.4413487512114661,0.6189018392404444,-0.6089598505988263,False,-1
0.6920378277842043,0.24098369252846283,0.48606780454877274,-0.4413487512114661,0.6189018392404444,0.6393225546342859,False,3
0.08642635426775311,0.24098369252846283,2.6510368816564536,-0.4413487512114661,-0.8808079818064339,-0.6089598505988263,False,4
-1.1270578711795016,-1.1952127449599643,0.48606780454877274,-0.4413487512114661,-0.8808079818064339,-0.6089598505988263,False,1
-1.1270578711795016,-1.1952127449599643,0.7566889391872328,-0.4413487512114661,-0.8808079818064339,-0.6089598505988263,False,2
-1.1270578711795016,-1.1952127449599643,0.2154466699103127,-0.4413487512114661,-0.8808079818064339,-0.6089598505988263,False,3
-1.1675553118728963,-1.1952127449599643,0.2154466699103127,-0.4413487512114661,-0.8808079818064339,-0.6089598505988263,False,1
-1.1270578711795016,-1.1952127449599643,1.568552343102613,-0.4413487512114661,-0.8808079818064339,-0.6089598505988263,False,1
-0.24063673275352113,0.4368286612768847,-0.5964167340050675,-0.4413487512114661,0.6189018392404444,0.6393225546342859,False,0
-0.24063673275352113,0.4368286612768847,-0.05517446472814736,-0.4413487512114661,0.6189018392404444,-0.6089598505988263,False,1
-0.0009412208322101699,0.4368286612768847,0.2154466699103127,-0.4413487512114661,-0.8808079818064339,0.6393225546342859,False,1
-1.4216407773400837,-0.9340861199620684,-0.8670378686435275,-0.4413487512114661,-0.8808079818064339,-0.6089598505988263,False,-1
-0.7909496705008193,-0.9340861199620684,0.7566889391872328,-0.4413487512114661,-0.8808079818064339,-0.6089598505988263,False,4
-0.09755948035452257,1.1549268800210981,-0.3257955993666074,-0.4413487512114661,0.6189018392404444,-0.6089598505988263,True,2
-1.3239946639930658,0.5021103175263587,1.0273100738256928,-0.4413487512114661,-0.8808079818064339,-0.6089598505988263,False,3
-1.1626216135143101,0.5021103175263587,1.0273100738256928,-0.4413487512114661,-2.380517802853312,-1.8572422558319384,False,-1
-1.0674423493465854,0.5021103175263587,1.297931208464153,-0.4413487512114661,-0.8808079818064339,-0.6089598505988263,False,0
-1.4105399560332645,0.6979552862747805,1.0273100738256928,-0.4413487512114661,-2.380517802853312,-1.8572422558319384,False,2
-0.6324546107312389,0.8285185987737285,-0.3257955993666074,-0.4413487512114661,-0.8808079818064339,0.6393225546342859,True,1
-0.7950610857996412,0.6979552862747805,0.48606780454877274,-0.4413487512114661,-0.8808079818064339,-0.6089598505988263,False,-1
-1.538610542591564,0.6979552862747805,1.568552343102613,-0.4413487512114661,-0.8808079818064339,-0.6089598505988263,False,2
-1.5312099950536846,0.6979552862747805,1.568552343102613,-0.4413487512114661,-2.380517802853312,-0.6089598505988263,False,1
-1.4438424199537214,0.6979552862747805,-0.05517446472814736,-0.4413487512114661,-0.8808079818064339,-0.6089598505988263,False,4
-1.4438424199537214,0.6979552862747805,-0.05517446472814736,-0.4413487512114661,-0.8808079818064339,-0.6089598505988263,False,1
-1.4000558470212692,0.5021103175263587,1.0273100738256928,-0.4413487512114661,-0.8808079818064339,-0.6089598505988263,False,2
-1.3984112809017406,0.5021103175263587,1.297931208464153,-0.4413487512114661,-0.8808079818064339,-0.6089598505988263,False,2
0.9586631099127981,-0.7382411512136465,1.297931208464153,-0.4413487512114661,0.6189018392404444,0.6393225546342859,False,4
-0.4665590034237793,-1.3910577137083862,1.0273100738256928,-0.4413487512114661,-0.8808079818064339,-0.6089598505988263,False,2
-1.7016281591898483,0.11042038002951492,0.2154466699103127,-0.4413487512114661,-2.380517802853312,-0.6089598505988263,False,4
1.1897246497065836,-0.6729594949641726,0.7566889391872328,-0.4413487512114661,0.6189018392404444,0.6393225546342859,False,2
1.1843798098181153,-0.6729594949641726,1.568552343102613,-0.4413487512114661,0.6189018392404444,0.6393225546342859,False,-1
1.17965168222447,-0.6729594949641726,1.839173477741073,-0.4413487512114661,0.6189018392404444,0.6393225546342859,False,-1
1.1936304942404643,-0.6729594949641726,0.48606780454877274,-0.4413487512114661,0.6189018392404444,0.6393225546342859,False,1
1.1936304942404643,-0.6729594949641726,-0.3257955993666074,-0.4413487512114661,0.6189018392404444,0.6393225546342859,False,0
-1.3381790467740011,0.7632369425242544,-0.05517446472814736,-0.4413487512114661,-2.380517802853312,-0.6089598505988263,False,0
-1.2415607872516887,0.5673919737758326,0.48606780454877274,-0.4413487512114661,-0.8808079818064339,-0.6089598505988263,False,-1
-1.365108816981284,0.5673919737758326,1.297931208464153,-0.4413487512114661,-2.380517802853312,-1.8572422558319384,False,-1
0.14357502692137616,0.11042038002951492,2.3804157470179934,-0.4413487512114661,0.6189018392404444,0.6393225546342859,False,2
0.0019367698769651028,1.481335161268468,-1.1376590032819875,-0.4413487512114661,-2.380517802853312,-1.8572422558319384,True,3
-1.251428183968861,0.11042038002951492,0.48606780454877274,-0.4413487512114661,-0.8808079818064339,-0.6089598505988263,False,3
-0.5545432908185656,0.11042038002951492,2.1097946123795333,-0.4413487512114661,-0.8808079818064339,-0.6089598505988263,False,0
0.9732586342236157,0.11042038002951492,-0.05517446472814736,-0.4413487512114661,0.6189018392404444,0.6393225546342859,False,-1
-1.2726019727577933,0.5673919737758326,-0.5964167340050675,-0.4413487512114661,-0.8808079818064339,-0.6089598505988263,False,3
-1.3782653459375136,0.5673919737758326,2.3804157470179934,-0.4413487512114661,-2.380517802853312,-0.6089598505988263,False,0
-0.7389402669707235,0.5673919737758326,1.568552343102613,-0.4413487512114661,-2.380517802853312,-1.8572422558319384,False,1
-0.9440998903819314,0.7632369425242544,-0.5964167340050675,-0.4413487512114661,-0.8808079818064339,-0.6089598505988263,False,2
-1.0606585141035294,0.8938002550232024,0.48606780454877274,-0.4413487512114661,-0.8808079818064339,-0.6089598505988263,False,4
-1.0606585141035294,0.8938002550232024,-0.8670378686435275,-0.4413487512114661,-0.8808079818064339,-0.6089598505988263,False,2
-1.3597639770928154,0.6979552862747805,-0.5964167340050675,-0.4413487512114661,-2.380517802853312,-0.6089598505988263,False,-1
0.3366059752010598,0.5021103175263587,-0.5964167340050675,-0.4413487512114661,0.6189018392404444,0.6393225546342859,False,-1
-0.42852841190967744,1.3507718487695202,-0.5964167340050675,-0.4413487512114661,0.6189018392404444,-0.6089598505988263,True,3
-1.12109631899621,1.2854901925200461,-0.5964167340050675,-0.4413487512114661,-0.8808079818064339,-0.6089598505988263,True,3
-0.6396495875041769,-1.0646494324610163,0.48606780454877274,-0.4413487512114661,-0.8808079818064339,0.6393225546342859,False,3
1.3459584310618118,0.045138723780040954,1.297931208464153,-0.4413487512114661,0.6189018392404444,0.6393225546342859,False,-1
-0.4112604676546258,0.8285185987737285,1.839173477741073,-0.4413487512114661,0.6189018392404444,-0.6089598505988263,False,0
-0.6332768937910034,-0.41183286996627677,1.568552343102613,-0.4413487512114661,0.6189018392404444,-0.6089598505988263,False,4
0.9198102353389324,-0.41183286996627677,2.6510368816564536,-0.4413487512114661,0.6189018392404444,0.6393225546342859,False,-1
-0.3483558135826525,-0.41183286996627677,2.9216580162949137,-0.4413487512114661,0.6189018392404444,-0.6089598505988263,False,1
-0.7393514085006058,-0.41183286996627677,2.3804157470179934,-0.4413487512114661,0.6189018392404444,-0.6089598505988263,False,4
-0.6293710492571224,-0.41183286996627677,2.9216580162949137,-0.4413487512114661,0.6189018392404444,-0.6089598505988263,False,4
0.8011959039679232,0.8285185987737285,-0.8670378686435275,-0.4413487512114661,-2.380517802853312,5.632452175566734,False,3
-1.3348899145349438,0.8938002550232024,0.48606780454877274,-0.4413487512114661,-0.8808079818064339,-0.6089598505988263,False,1
-1.3453740235469394,0.8938002550232024,0.48606780454877274,-0.4413487512114661,-0.8808079818064339,-0.6089598505988263,False,1
-0.17567637103213674,1.0243635675221503,-0.3257955993666074,-0.4413487512114661,-2.380517802853312,-1.8572422558319384,True,4
-0.8663941412341994,-1.1952127449599643,-0.3257955993666074,-0.4413487512114661,-0.8808079818064339,-0.6089598505988263,False,-1
-1.3081657150926018,-1.1952127449599643,0.48606780454877274,-0.4413487512114661,-0.8808079818064339,-0.6089598505988263,False,0
-0.4587473143560177,-1.7174659949557558,-0.8670378686435275,-0.4413487512114661,-0.8808079818064339,-0.6089598505988263,False,2
0.5763014871223707,-1.7174659949557558,0.2154466699103127,-0.4413487512114661,-0.8808079818064339,-0.6089598505988263,False,3
0.4502866082134826,-1.7174659949557558,1.839173477741073,-0.4413487512114661,-0.8808079818064339,-0.6089598505988263,False,-1
-0.8659829997043171,-1.7174659949557558,1.839173477741073,-0.4413487512114661,-0.8808079818064339,-0.6089598505988263,False,0
0.6926545400790276,-1.7174659949557558,-0.3257955993666074,-0.4413487512114661,-0.8808079818064339,-0.6089598505988263,False,4
-0.5348084973842211,-1.1952127449599643,0.48606780454877274,-0.4413487512114661,-0.8808079818064339,-0.6089598505988263,False,1
-1.4625493595633605,0.6979552862747805,0.48606780454877274,-0.4413487512114661,-0.8808079818064339,-0.6089598505988263,False,4
-0.5884624670338455,0.5021103175263587,0.7566889391872328,-0.4413487512114661,0.6189018392404444,-0.6089598505988263,False,-1
0.610837375632474,-0.28126955746732885,-0.8670378686435275,-0.4413487512114661,0.6189018392404444,-0.6089598505988263,False,3
0.21100223782205374,-0.15070624496838092,0.2154466699103127,-0.4413487512114661,-0.8808079818064339,-0.6089598505988263,False,1
2.376690246476438,-0.5423961824652247,-0.8670378686435275,-0.4413487512114661,0.6189018392404444,-0.6089598505988263,False,4
2.3394819380221006,-0.5423961824652247,-0.8670378686435275,-0.4413487512114661,0.6189018392404444,0.6393225546342859,False,0
-1.1899625252514752,-0.41183286996627677,-0.8670378686435275,-0.4413487512114661,-0.8808079818064339,-0.6089598505988263,False,3
-0.6597955224684038,-0.41183286996627677,-0.8670378686435275,-0.4413487512114661,-0.8808079818064339,-0.6089598505988263,False,2
1.964520862769552,1.1549268800210981,-0.05517446472814736,-0.4413487512114661,0.6189018392404444,0.6393225546342859,False,4
-0.1357956426335653,-2.043874276203126,2.9216580162949137,-0.4413487512114661,-0.8808079818064339,-0.6089598505988263,False,-1
-0.28133974421185703,1.2202085362705721,-0.5964167340050675,-0.4413487512114661,0.6189018392404444,-0.6089598505988263,True,2
-0.4332565395033226,1.2202085362705721,-0.3257955993666074,-0.4413487512114661,0.6189018392404444,-0.6089598505988263,True,4
-0.7303062948431976,1.3507718487695202,-0.8670378686435275,-0.4413487512114661,0.6189018392404444,-0.6089598505988263,True,1
0.02927768161413005,0.6326736300253065,-0.05517446472814736,-0.4413487512114661,0.6189018392404444,-0.6089598505988263,True,0
1.4320925815721286,0.8938002550232024,-0.8670378686435275,-0.4413487512114661,0.6189018392404444,0.6393225546342859,True,2
-0.1481298885300306,1.0243635675221503,-0.3257955993666074,-0.4413487512114661,0.6189018392404444,-0.6089598505988263,True,0
-0.9015467420391258,-1.652184338706282,-0.5964167340050675,-0.4413487512114661,-0.8808079818064339,-0.6089598505988263,False,3
1.8298720117331377,-1.1952127449599643,1.0273100738256928,-0.4413487512114661,0.6189018392404444,0.6393225546342859,False,1
1.4329148646318934,-0.21598790121785488,-1.1376590032819875,-0.4413487512114661,-2.380517802853312,-1.8572422558319384,True,2
-1.3028208752041335,0.5673919737758326,1.839173477741073,-0.4413487512114661,-2.380517802853312,-1.8572422558319384,False,0
-1.2773301003514383,0.4368286612768847,1.297931208464153,-0.4413487512114661,-0.8808079818064339,-0.6089598505988263,False,2
1.3681600736754498,1.2854901925200461,0.2154466699103127,-0.4413487512114661,0.6189018392404444,-0.6089598505988263,False,3
-0.3421886906344196,1.2854901925200461,-0.3257955993666074,-0.4413487512114661,0.6189018392404444,1.887604959867398,False,2
-0.5146625624199942,1.481335161268468,-0.5964167340050675,-0.4413487512114661,-0.8808079818064339,1.887604959867398,True,4
0.4274682533050216,0.8938002550232024,-0.5964167340050675,-0.4413487512114661,0.6189018392404444,0.6393225546342859,True,1
-1.0649755001672923,-0.4771145262157507,1.297931208464153,-0.4413487512114661,-0.8808079818064339,-0.6089598505988263,False,3
0.25088296622062517,0.045138723780040954,-0.3257955993666074,-0.4413487512114661,0.6189018392404444,0.6393225546342859,False,-1
-0.4579250312962535,0.6326736300253065,-0.3257955993666074,-0.4413487512114661,0.6189018392404444,-0.6089598505988263,True,1
-1.4173237912763208,1.0896452237716243,-0.3257955993666074,-0.4413487512114661,-0.8808079818064339,-0.6089598505988263,True,-1
-0.938549479728522,0.3715470050274107,-0.5964167340050675,-0.4413487512114661,-0.8808079818064339,0.6393225546342859,False,4
-1.2573897361521527,-0.41183286996627677,-0.5964167340050675,-0.4413487512114661,-2.380517802853312,-0.6089598505988263,False,3
-1.2950091861363722,0.5021103175263587,-0.8670378686435275,-0.4413487512114661,-0.8808079818064339,-0.6089598505988263,False,-1
-0.9841861895454439,0.045138723780040954,-0.5964167340050675,-0.4413487512114661,-0.8808079818064339,-0.6089598505988263,False,4
-1.0349621684858932,0.045138723780040954,0.2154466699103127,-0.4413487512114661,-0.8808079818064339,-0.6089598505988263,False,-1
-1.5312099950536846,-1.0646494324610163,-0.05517446472814736,-0.4413487512114661,-0.8808079818064339,-0.6089598505988263,False,-1
-0.41763316136779965,1.481335161268468,-1.1376590032819875,-0.4413487512114661,-2.380517802853312,-1.8572422558319384,True,1
-0.9644513961110993,-0.5423961824652247,-0.8670378686435275,-0.4413487512114661,-0.8808079818064339,-0.6089598505988263,False,4
-1.3873104595949215,-1.1952127449599643,1.297931208464153,-0.4413487512114661,-0.8808079818064339,-0.6089598505988263,False,1
-1.490918125125231,-1.1952127449599643,-0.3257955993666074,-0.4413487512114661,-0.8808079818064339,-0.6089598505988263,False,3
-0.3368438507459514,1.2854901925200461,-0.8670378686435275,-0.4413487512114661,0.6189018392404444,-0.6089598505988263,True,4
-0.7710093063015336,0.3715470050274107,0.2154466699103127,-0.4413487512114661,-0.8808079818064339,-0.6089598505988263,False,2
-1.1389809755460847,1.0896452237716243,-0.5964167340050675,-0.4413487512114661,-0.8808079818064339,-0.6089598505988263,False,3
-0.9790469204219167,0.5021103175263587,0.7566889391872328,-0.4413487512114661,-0.8808079818064339,-0.6089598505988263,False,-1
-1.1346639894823218,0.5021103175263587,1.297931208464153,-0.4413487512114661,-0.8808079818064339,-0.6089598505988263,False,1
-1.3149495503356579,0.5021103175263587,1.297931208464153,-0.4413487512114661,-0.8808079818064339,-0.6089598505988263,False,3
-1.3044654413236623,0.5021103175263587,1.297931208464153,-0.4413487512114661,-0.8808079818064339,-0.6089598505988263,False,2
-0.9646569668760405,0.11042038002951492,0.48606780454877274,-0.4413487512114661,-2.380517802853312,-1.8572422558319384,False,4
-1.2504003301441557,-0.8688044637125945,2.1097946123795333,-0.4413487512114661,-0.8808079818064339,-0.6089598505988263,False,3
-1.1617993304545458,-0.8688044637125945,2.1097946123795333,-0.4413487512114661,-0.8808079818064339,-0.6089598505988263,False,2
-1.0057711198642585,-0.8688044637125945,2.3804157470179934,-0.4413487512114661,-0.8808079818064339,-0.6089598505988263,False,0
0.13432434249902706,-1.3257760574589121,0.2154466699103127,-0.4413487512114661,-0.8808079818064339,-0.6089598505988263,False,-1
-1.2919256246622557,0.5021103175263587,0.7566889391872328,-0.4413487512114661,-0.8808079818064339,-0.6089598505988263,False,1
-1.4685109117466522,0.5021103175263587,1.568552343102613,-0.4413487512114661,-0.8808079818064339,-0.6089598505988263,False,-1
-0.6501336965161726,0.3715470050274107,0.7566889391872328,-0.4413487512114661,-0.8808079818064339,-0.6089598505988263,False,2
-0.6501336965161726,0.3715470050274107,1.568552343102613,-0.4413487512114661,-0.8808079818064339,-0.6089598505988263,False,2
-1.2678738451641482,1.0243635675221503,-0.5964167340050675,-0.4413487512114661,-2.380517802853312,-1.8572422558319384,False,0
-1.0836824397769316,-0.8688044637125945,-0.5964167340050675,-0.4413487512114661,-0.8808079818064339,-0.6089598505988263,False,-1
0.012215308124019606,-0.8688044637125945,-0.05517446472814736,-0.4413487512114661,-2.380517802853312,-1.8572422558319384,False,-1
-1.1087620730997445,-0.8688044637125945,2.3804157470179934,-0.4413487512114661,-0.8808079818064339,-0.6089598505988263,False,4
-0.42873398267461865,0.7632369425242544,1.568552343102613,-0.4413487512114661,-2.380517802853312,-1.8572422558319384,False,-1
-1.0822434444223439,-0.9993677762115424,0.2154466699103127,-0.4413487512114661,-0.8808079818064339,-0.6089598505988263,False,2
-0.8620771551704365,-0.9993677762115424,-0.3257955993666074,-0.4413487512114661,0.6189018392404444,-0.6089598505988263,False,-1
-0.5376864880933964,0.8285185987737285,0.2154466699103127,-0.4413487512114661,0.6189018392404444,-0.6089598505988263,False,2
-0.13106751503992015,0.8285185987737285,-0.3257955993666074,-0.4413487512114661,-2.380517802853312,1.887604959867398,False,4
1.1227085803357884,-1.1299310887104903,-0.3257955993666074,-0.4413487512114661,0.6189018392404444,0.6393225546342859,False,-1
-0.9519115794496928,-1.1299310887104903,-0.8670378686435275,-0.4413487512114661,-0.8808079818064339,-0.6089598505988263,False,0
-1.5188757491572193,-1.1952127449599643,-1.1376590032819875,-0.4413487512114661,-0.8808079818064339,-0.6089598505988263,False,-1
-0.9574619901031023,0.3715470050274107,-0.3257955993666074,-0.4413487512114661,0.6189018392404444,0.6393225546342859,False,1
-1.2748632511721454,0.9590819112726764,-0.3257955993666074,-0.4413487512114661,-2.380517802853312,-0.6089598505988263,True,0
1.1880800835870546,-0.6729594949641726,-1.1376590032819875,-0.4413487512114661,0.6189018392404444,0.6393225546342859,False,4
0.9288553489963403,-0.6729594949641726,-0.05517446472814736,-0.4413487512114661,0.6189018392404444,-0.6089598505988263,False,-1
1.193013781945641,-0.6729594949641726,-0.05517446472814736,-0.4413487512114661,0.6189018392404444,0.6393225546342859,False,1
-0.09940961723899244,1.0243635675221503,-0.5964167340050675,-0.4413487512114661,-2.380517802853312,-1.8572422558319384,True,1
0.06299128706446883,0.30626534877793676,-0.05517446472814736,-0.4413487512114661,0.6189018392404444,0.6393225546342859,True,-1
-0.13538450110368322,0.8938002550232024,-0.5964167340050675,-0.4413487512114661,0.6189018392404444,0.6393225546342859,True,-1
-0.3921423865151046,0.8938002550232024,-0.5964167340050675,-0.4413487512114661,0.6189018392404444,-0.6089598505988263,True,2
-1.2004466342634708,-1.1299310887104903,1.297931208464153,-0.4413487512114661,-2.380517802853312,-0.6089598505988263,False,-1
0.8817796438248309,0.24098369252846283,1.839173477741073,-0.4413487512114661,0.6189018392404444,0.6393225546342859,False,1
0.19784570886582398,-1.586902682456808,0.7566889391872328,-0.4413487512114661,0.6189018392404444,0.6393225546342859,False,4
-0.7829324106681168,0.5021103175263587,1.568552343102613,-0.4413487512114661,0.6189018392404444,-0.6089598505988263,False,-1
-1.363258680096814,0.8285185987737285,0.2154466699103127,-0.4413487512114661,-2.380517802853312,-0.6089598505988263,False,0
-0.5385087711531609,0.24098369252846283,-0.05517446472814736,-0.4413487512114661,-2.380517802853312,-0.6089598505988263,False,-1
-0.8707111272979623,1.3507718487695202,-0.3257955993666074,-0.4413487512114661,0.6189018392404444,-0.6089598505988263,True,3
-0.4462074976946112,0.6979552862747805,-0.05517446472814736,-0.4413487512114661,-0.8808079818064339,-0.6089598505988263,False,2
-1.3503077219055255,-0.8688044637125945,-0.5964167340050675,-0.4413487512114661,-0.8808079818064339,-0.6089598505988263,False,-1
-0.6702796314803995,0.6326736300253065,1.839173477741073,-0.4413487512114661,-0.8808079818064339,-0.6089598505988263,False,0
-0.9280653707165264,-1.1299310887104903,-0.05517446472814736,-0.4413487512114661,-0.8808079818064339,-0.6089598505988263,False,2
-1.1169849036973882,-1.1299310887104903,-0.05517446472814736,-0.4413487512114661,-0.8808079818064339,-0.6089598505988263,False,-1
-0.8217852852419828,-1.1299310887104903,-0.3257955993666074,-0.4413487512114661,-0.8808079818064339,-0.6089598505988263,False,-1
-1.0694980569959962,-0.15070624496838092,1.0273100738256928,-0.4413487512114661,-0.8808079818064339,-0.6089598505988263,False,-1
0.3310555645476504,0.24098369252846283,1.568552343102613,-0.4413487512114661,0.6189018392404444,0.6393225546342859,False,4
0.3890265202610377,0.24098369252846283,2.6510368816564536,-0.4413487512114661,0.6189018392404444,0.6393225546342859,False,4
0.27226232577449866,0.24098369252846283,1.297931208464153,-0.4413487512114661,0.6189018392404444,0.6393225546342859,False,0
-0.36603489936758626,1.3507718487695202,-1.1376590032819875,-0.4413487512114661,-2.380517802853312,-1.8572422558319384,True,-1
1.4723844515005824,0.4368286612768847,-0.3257955993666074,-0.4413487512114661,0.6189018392404444,0.6393225546342859,False,4
-0.38391955591746085,0.8938002550232024,-0.8670378686435275,-0.4413487512114661,0.6189018392404444,-0.6089598505988263,False,1
2.3250919844762237,-1.521621026207334,1.839173477741073,-0.4413487512114661,0.6189018392404444,0.6393225546342859,False,2
-1.0810100198326973,0.6326736300253065,-0.05517446472814736,-0.4413487512114661,-0.8808079818064339,-0.6089598505988263,False,3
1.2407061994119737,-2.043874276203126,0.48606780454877274,-0.4413487512114661,0.6189018392404444,0.6393225546342859,False,1
-1.3350954852998849,-0.08542458871890696,-0.8670378686435275,-0.4413487512114661,-2.380517802853312,-0.6089598505988263,False,0
-1.1768059962952455,-0.08542458871890696,-0.3257955993666074,-0.4413487512114661,-2.380517802853312,-0.6089598505988263,False,-1
-0.609841826587719,0.4368286612768847,-0.8670378686435275,-0.4413487512114661,-0.8808079818064339,-0.6089598505988263,True,0
-0.45052448375837423,0.5021103175263587,-0.8670378686435275,-0.4413487512114661,-2.380517802853312,1.887604959867398,True,2
-0.2663330783711574,0.24098369252846283,-0.05517446472814736,-0.4413487512114661,0.6189018392404444,-0.6089598505988263,False,2
-1.3523634295549363,1.0896452237716243,-0.5964167340050675,-0.4413487512114661,0.6189018392404444,-0.6089598505988263,True,4
-0.6647292208269902,1.0896452237716243,-1.1376590032819875,-0.4413487512114661,0.6189018392404444,0.6393225546342859,True,-1
-0.8164404453535146,-1.1299310887104903,0.48606780454877274,-0.4413487512114661,-0.8808079818064339,-0.6089598505988263,False,-1
1.2129541461449267,0.4368286612768847,-0.05517446472814736,-0.4413487512114661,0.6189018392404444,0.6393225546342859,False,-1
-1.0006318507407312,-0.8688044637125945,-0.5964167340050675,-0.4413487512114661,-0.8808079818064339,-0.6089598505988263,False,2
-1.0006318507407312,-0.8688044637125945,-0.05517446472814736,-0.4413487512114661,-0.8808079818064339,-0.6089598505988263,False,4
0.6322167351863472,0.24098369252846283,1.0273100738256928,-0.4413487512114661,0.6189018392404444,0.6393225546342859,False,3
-0.1588195683069672,0.24098369252846283,1.0273100738256928,-0.4413487512114661,0.6189018392404444,0.6393225546342859,False,4
1.6565758568877993,0.24098369252846283,-0.8670378686435275,-0.4413487512114661,0.6189018392404444,0.6393225546342859,False,0
0.1624875372959565,0.4368286612768847,-0.5964167340050675,-0.4413487512114661,0.6189018392404444,-0.6089598505988263,False,2
-0.93628820131417,-2.1091559324525995,-0.8670378686435275,-0.4413487512114661,-2.380517802853312,-0.6089598505988263,False,0
-0.93628820131417,-2.1091559324525995,-0.05517446472814736,-0.4413487512114661,-2.380517802853312,-0.6089598505988263,False,2
-0.93628820131417,-2.1091559324525995,0.7566889391872328,-0.4413487512114661,-2.380517802853312,-0.6089598505988263,False,-1
-0.017592452792438512,-2.1091559324525995,1.568552343102613,-0.4413487512114661,-2.380517802853312,-0.6089598505988263,False,3
0.018793572602134347,-2.1091559324525995,2.3804157470179934,-0.4413487512114661,-0.8808079818064339,-0.6089598505988263,False,-1
-0.3637736209532343,-2.1091559324525995,2.3804157470179934,-0.4413487512114661,-0.8808079818064339,-0.6089598505988263,False,2
-0.44147937010096605,-2.1091559324525995,1.297931208464153,-0.4413487512114661,-2.380517802853312,-0.6089598505988263,False,3
1.528916411859382,-0.7382411512136465,1.297931208464153,-0.4413487512114661,0.6189018392404444,0.6393225546342859,False,4
3.751958663932331,-0.7382411512136465,-0.05517446472814736,-0.4413487512114661,0.6189018392404444,0.6393225546342859,False,-1
1.1960973434197575,-0.6076778387146986,-0.5964167340050675,-0.4413487512114661,0.6189018392404444,0.6393225546342859,False,2
2.1737919014795817,-0.5423961824652247,-1.1376590032819875,-0.4413487512114661,0.6189018392404444,0.6393225546342859,False,3
3.642389446218729,-0.21598790121785488,-0.5964167340050675,-0.4413487512114661,-0.8808079818064339,3.13588736510051,True,1
-0.2965519808174976,-1.1952127449599643,-0.5964167340050675,-0.4413487512114661,0.6189018392404444,-0.6089598505988263,False,-1
0.2447158432723925,-0.5423961824652247,-0.8670378686435275,-0.4413487512114661,-0.8808079818064339,-0.6089598505988263,False,-1
0.42561811642055175,0.7632369425242544,-0.3257955993666074,-0.4413487512114661,0.6189018392404444,0.6393225546342859,True,-1
-1.4516541090214827,-0.8688044637125945,-0.3257955993666074,-0.4413487512114661,-0.8808079818064339,-0.6089598505988263,False,2
0.15693712664254714,-0.4771145262157507,-1.1376590032819875,-0.4413487512114661,-0.8808079818064339,0.6393225546342859,False,1
-0.3537006534711207,0.6326736300253065,0.48606780454877274,-0.4413487512114661,0.6189018392404444,-0.6089598505988263,False,1
-1.4325360278819614,0.6979552862747805,0.2154466699103127,-0.4413487512114661,-0.8808079818064339,-0.6089598505988263,False,4
-1.4841342898821752,0.6979552862747805,1.297931208464153,-0.4413487512114661,-0.8808079818064339,-0.6089598505988263,False,-1
-0.6743910467792213,0.5021103175263587,0.48606780454877274,-0.4413487512114661,0.6189018392404444,0.6393225546342859,False,-1
0.11623411518421123,1.0896452237716243,-0.5964167340050675,-0.4413487512114661,0.6189018392404444,0.6393225546342859,True,-1
-0.6684294945959296,0.30626534877793676,-0.3257955993666074,-0.4413487512114661,0.6189018392404444,0.6393225546342859,True,3
-1.735136193875246,0.3715470050274107,-0.05517446472814736,-0.4413487512114661,-0.8808079818064339,-0.6089598505988263,False,3
-1.2292265413552232,0.3715470050274107,0.2154466699103127,-0.4413487512114661,-0.8808079818064339,-0.6089598505988263,False,3
-1.3700425153398699,0.3715470050274107,1.839173477741073,-0.4413487512114661,-2.380517802853312,-1.8572422558319384,False,2
-0.9985761430913203,0.8285185987737285,0.48606780454877274,-0.4413487512114661,-0.8808079818064339,-0.6089598505988263,False,-1
-1.0688813447011731,0.8285185987737285,-0.5964167340050675,-0.4413487512114661,-0.8808079818064339,-0.6089598505988263,False,1
-1.059425089513883,-1.1299310887104903,-0.05517446472814736,-0.4413487512114661,-0.8808079818064339,-0.6089598505988263,False,0
-1.0512022589162393,-1.1299310887104903,0.7566889391872328,-0.4413487512114661,-0.8808079818064339,-0.6089598505988263,False,3
-0.5319305066750458,-1.1299310887104903,1.568552343102613,-0.4413487512114661,0.6189018392404444,0.6393225546342859,False,4
-1.089232850430341,0.17570203627898887,-0.05517446472814736,-0.4413487512114661,0.6189018392404444,-0.6089598505988263,False,-1
-0.6904255664446264,-1.1952127449599643,0.48606780454877274,-0.4413487512114661,0.6189018392404444,0.6393225546342859,False,1
1.338557883523933,-1.9133109637041779,-0.8670378686435275,-0.4413487512114661,0.6189018392404444,0.6393225546342859,False,-1
-0.9149088417602966,1.0896452237716243,0.2154466699103127,-0.4413487512114661,0.6189018392404444,0.6393225546342859,False,-1
-1.0816267321275206,-1.1952127449599643,0.48606780454877274,-0.4413487512114661,-0.8808079818064339,-0.6089598505988263,False,-1
-0.7555914989309518,-1.1952127449599643,-0.5964167340050675,-0.4413487512114661,-0.8808079818064339,-0.6089598505988263,False,1
-0.8028727748674025,0.11042038002951492,1.0273100738256928,-0.4413487512114661,0.6189018392404444,-0.6089598505988263,False,3
-0.776559716954943,0.4368286612768847,1.839173477741073,-0.4413487512114661,0.6189018392404444,-0.6089598505988263,False,4
-1.3899828795391556,0.4368286612768847,1.839173477741073,-0.4413487512114661,-0.8808079818064339,-0.6089598505988263,False,3
0.3431842396791745,0.4368286612768847,1.839173477741073,-0.4413487512114661,0.6189018392404444,0.6393225546342859,False,0
-1.1067063654503337,0.4368286612768847,1.297931208464153,-0.4413487512114661,-2.380517802853312,-0.6089598505988263,False,0
-1.0785431706534043,0.9590819112726764,1.568552343102613,-0.4413487512114661,-0.8808079818064339,-0.6089598505988263,False,0
-1.1227408851157388,0.4368286612768847,0.48606780454877274,-0.4413487512114661,0.6189018392404444,0.6393225546342859,False,1
-0.19500002293659915,-0.28126955746732885,0.48606780454877274,-0.4413487512114661,-0.8808079818064339,-0.6089598505988263,False,-1
-1.1128734883985663,-0.28126955746732885,0.7566889391872328,-0.4413487512114661,-0.8808079818064339,-0.6089598505988263,False,3
-1.2867863555387284,-0.28126955746732885,1.568552343102613,-0.4413487512114661,-0.8808079818064339,-0.6089598505988263,False,-1
-0.2885347209847951,0.24098369252846283,1.0273100738256928,-0.4413487512114661,0.6189018392404444,-0.6089598505988263,False,-1
-0.776559716954943,0.3715470050274107,0.48606780454877274,-0.4413487512114661,-0.8808079818064339,-0.6089598505988263,False,4
-0.982130481896033,0.3715470050274107,1.297931208464153,-0.4413487512114661,-0.8808079818064339,-0.6089598505988263,False,4
-1.059425089513883,-1.3257760574589121,0.48606780454877274,-0.4413487512114661,-2.380517802853312,-0.6089598505988263,False,3
-1.1445313861994943,-1.3257760574589121,0.7566889391872328,-0.4413487512114661,-0.8808079818064339,-0.6089598505988263,False,4
-1.1445313861994943,-1.3257760574589121,2.3804157470179934,-0.4413487512114661,-0.8808079818064339,-0.6089598505988263,False,1
0.8168192821034459,-0.41183286996627677,2.6510368816564536,-0.4413487512114661,0.6189018392404444,0.6393225546342859,False,-1
1.02115662245489,-0.9993677762115424,-0.3257955993666074,-0.4413487512114661,0.6189018392404444,0.6393225546342859,False,4
-0.07391884238629709,-1.1952127449599643,-0.8670378686435275,-0.4413487512114661,-0.8808079818064339,-0.6089598505988263,False,0
-1.1315804280082056,0.8938002550232024,-0.5964167340050675,-0.4413487512114661,-0.8808079818064339,-0.6089598505988263,True,3
-1.180917411594067,-0.3465512137168028,0.7566889391872328,-0.4413487512114661,-0.8808079818064339,-0.6089598505988263,False,2
-1.2323101028293397,-0.3465512137168028,2.1097946123795333,-0.4413487512114661,-0.8808079818064339,-0.6089598505988263,False,2
-0.6343047476157088,-0.3465512137168028,1.297931208464153,-0.4413487512114661,-0.8808079818064339,-0.6089598505988263,False,2
-0.08892550822699674,1.481335161268468,-0.5964167340050675,-0.4413487512114661,0.6189018392404444,0.6393225546342859,True,2
-0.24885956335116485,0.8285185987737285,-0.8670378686435275,-0.4413487512114661,0.6189018392404444,0.6393225546342859,True,0
0.7654265908681733,0.5021103175263587,-0.3257955993666074,-0.4413487512114661,-0.8808079818064339,0.6393225546342859,False,-1
0.533542768014624,1.3507718487695202,-0.3257955993666074,-0.4413487512114661,-2.380517802853312,8.129016986032958,True,4
0.033594667677893104,1.2202085362705721,-0.3257955993666074,-0.4413487512114661,0.6189018392404444,0.6393225546342859,True,4
-0.26057709695280684,-0.3465512137168028,-0.5964167340050675,-0.4413487512114661,-0.8808079818064339,0.6393225546342859,False,4
-0.0942703481154652,-1.2604944012094381,-0.8670378686435275,-0.4413487512114661,0.6189018392404444,-0.6089598505988263,False,0
0.5347761926042706,0.5021103175263587,0.2154466699103127,-0.4413487512114661,0.6189018392404444,0.6393225546342859,False,-1
0.25396652769474165,0.7632369425242544,-0.05517446472814736,-0.4413487512114661,0.6189018392404444,0.6393225546342859,True,2
0.9191935230441091,0.30626534877793676,0.2154466699103127,-0.4413487512114661,0.6189018392404444,0.6393225546342859,False,0
0.5469048677357949,0.3715470050274107,0.2154466699103127,-0.4413487512114661,0.6189018392404444,0.6393225546342859,False,3
-0.2206963685542354,0.7632369425242544,-0.05517446472814736,-0.4413487512114661,-0.8808079818064339,3.13588736510051,True,3
-0.013481037493616652,0.6979552862747805,-0.3257955993666074,-0.4413487512114661,0.6189018392404444,0.6393225546342859,True,0
0.002347911406847201,0.7632369425242544,-0.5964167340050675,-0.4413487512114661,0.6189018392404444,-0.6089598505988263,True,4
-0.17115381420343279,0.5021103175263587,-0.05517446472814736,-0.4413487512114661,0.6189018392404444,0.6393225546342859,True,4
0.3111152003483647,0.5673919737758326,-0.5964167340050675,-0.4413487512114661,0.6189018392404444,0.6393225546342859,True,-1
0.35037921645211284,0.3715470050274107,-0.5964167340050675,-0.4413487512114661,0.6189018392404444,0.6393225546342859,True,-1
0.34051181973494044,0.17570203627898887,-0.3257955993666074,-0.4413487512114661,0.6189018392404444,0.6393225546342859,False,2
-0.30518595294502343,0.5021103175263587,-0.3257955993666074,-0.4413487512114661,0.6189018392404444,0.6393225546342859,True,2
-0.0936536358206419,0.5021103175263587,-0.3257955993666074,-0.4413487512114661,0.6189018392404444,0.6393225546342859,True,-1
-0.8711222688278444,0.5021103175263587,-0.05517446472814736,-0.4413487512114661,0.6189018392404444,0.6393225546342859,True,-1
0.40958359675514666,0.3715470050274107,-0.5964167340050675,-0.4413487512114661,0.6189018392404444,-0.6089598505988263,True,3
-0.5753059380776158,-1.8480293074547038,-0.8670378686435275,-0.4413487512114661,-2.380517802853312,-1.8572422558319384,False,-1
-1.1085565023348036,-0.15070624496838092,-0.3257955993666074,-0.4413487512114661,-0.8808079818064339,-0.6089598505988263,False,0
1.6989234344656639,-1.0646494324610163,0.48606780454877274,-0.4413487512114661,0.6189018392404444,0.6393225546342859,False,1
-0.4762208293760105,0.9590819112726764,-0.8670378686435275,-0.4413487512114661,0.6189018392404444,-0.6089598505988263,True,2
-1.1632383258091334,0.4368286612768847,1.297931208464153,-0.4413487512114661,-0.8808079818064339,-0.6089598505988263,False,-1
-0.5358363512089265,-1.652184338706282,1.568552343102613,-0.4413487512114661,-0.8808079818064339,-0.6089598505988263,False,3
0.5351873341341526,-1.652184338706282,1.839173477741073,-0.4413487512114661,0.6189018392404444,0.6393225546342859,False,-1
-0.8622827259353776,-1.652184338706282,2.6510368816564536,-0.4413487512114661,-0.8808079818064339,-0.6089598505988263,False,2
-0.3635680501882931,0.17570203627898887,0.48606780454877274,-0.4413487512114661,-0.8808079818064339,-0.6089598505988263,False,3
-1.2830860817697889,1.1549268800210981,-0.8670378686435275,-0.4413487512114661,-0.8808079818064339,-0.6089598505988263,True,-1
-1.671409256743508,1.1549268800210981,0.2154466699103127,-0.4413487512114661,-0.8808079818064339,-0.6089598505988263,False,-1
-1.0144050919917842,1.1549268800210981,0.2154466699103127,-0.4413487512114661,0.6189018392404444,-0.6089598505988263,True,-1
-1.2857585017140232,1.481335161268468,-0.05517446472814736,-0.4413487512114661,-0.8808079818064339,-0.6089598505988263,True,-1
-0.5736613719580871,0.6326736300253065,-0.3257955993666074,-0.4413487512114661,-0.8808079818064339,-0.6089598505988263,False,0
-1.1178071867571524,0.6326736300253065,-1.1376590032819875,-0.4413487512114661,-0.8808079818064339,-0.6089598505988263,False,2
0.959485392972563,0.30626534877793676,0.2154466699103127,-0.4413487512114661,0.6189018392404444,0.6393225546342859,False,0
-0.4059156277661577,0.7632369425242544,-0.05517446472814736,-0.4413487512114661,-0.8808079818064339,0.6393225546342859,True,2
-0.3781635744991103,0.8285185987737285,-0.3257955993666074,-0.4413487512114661,-0.8808079818064339,-0.6089598505988263,True,-1
-1.176394854765363,1.0243635675221503,-0.3257955993666074,-0.4413487512114661,-0.8808079818064339,-0.6089598505988263,False,4
0.7750884168204052,0.8938002550232024,0.48606780454877274,-0.4413487512114661,0.6189018392404444,0.6393225546342859,False,-1
-0.09036450358158424,0.8938002550232024,-0.3257955993666074,-0.4413487512114661,-0.8808079818064339,-0.6089598505988263,False,4
0.4046498983965606,-1.7174659949557558,-0.5964167340050675,-0.4413487512114661,0.6189018392404444,-0.6089598505988263,False,1
-0.20404513659400705,-1.7827476512052298,-0.5964167340050675,-0.4413487512114661,-0.8808079818064339,-0.6089598505988263,False,0
0.020438138721663324,0.8285185987737285,0.7566889391872328,-0.4413487512114661,0.6189018392404444,0.6393225546342859,False,-1
0.15467584822819516,0.3715470050274107,-0.3257955993666074,-0.4413487512114661,0.6189018392404444,-0.6089598505988263,True,4
1.3169729532051182,-0.41183286996627677,-0.05517446472814736,-0.4413487512114661,0.6189018392404444,0.6393225546342859,False,3
-0.23714202974952256,-1.8480293074547038,2.1097946123795333,-0.4413487512114661,-0.8808079818064339,-0.6089598505988263,False,4
-0.7884828213215263,-1.8480293074547038,2.1097946123795333,-0.4413487512114661,-0.8808079818064339,-0.6089598505988263,False,3
-1.0914941288446929,-1.8480293074547038,2.1097946123795333,-0.4413487512114661,-0.8808079818064339,-0.6089598505988263,False,-1
-1.1749558594107756,-1.0646494324610163,-0.5964167340050675,-0.4413487512114661,-0.8808079818064339,-0.6089598505988263,False,2
-0.8470704893297368,-1.0646494324610163,-0.5964167340050675,-0.4413487512114661,-2.380517802853312,-0.6089598505988263,False,0
-0.39378695263463326,-0.08542458871890696,0.7566889391872328,-0.4413487512114661,-0.8808079818064339,-0.6089598505988263,False,4
-0.2311804775662311,0.8285185987737285,-0.8670378686435275,-0.4413487512114661,0.6189018392404444,-0.6089598505988263,True,4
-0.9085361480471228,0.30626534877793676,-0.05517446472814736,-0.4413487512114661,-0.8808079818064339,0.6393225546342859,True,-1
0.19044516132794473,0.30626534877793676,-0.3257955993666074,-0.4413487512114661,-0.8808079818064339,0.6393225546342859,True,0
-0.7442851068591918,-1.9133109637041779,-0.5964167340050675,-0.4413487512114661,-2.380517802853312,-1.8572422558319384,False,1
-0.5736613719580871,0.6326736300253065,-0.05517446472814736,-0.4413487512114661,-0.8808079818064339,-0.6089598505988263,False,-1
-0.5736613719580871,0.6326736300253065,0.48606780454877274,-0.4413487512114661,-0.8808079818064339,-0.6089598505988263,False,3
-0.5736613719580871,0.6326736300253065,-0.3257955993666074,-0.4413487512114661,-0.8808079818064339,-0.6089598505988263,False,4
-0.3539062242360619,1.2202085362705721,-0.8670378686435275,-0.4413487512114661,-0.8808079818064339,-0.6089598505988263,True,2
0.2375208664994542,0.9590819112726764,-0.3257955993666074,-0.4413487512114661,0.6189018392404444,0.6393225546342859,True,-1
-0.24125344504834442,-1.1952127449599643,1.568552343102613,-0.4413487512114661,-0.8808079818064339,-0.6089598505988263,False,3
-1.182767548478537,-1.1952127449599643,1.839173477741073,-0.4413487512114661,-0.8808079818064339,-0.6089598505988263,False,0
-1.1681720241677196,-1.1952127449599643,1.297931208464153,-0.4413487512114661,-0.8808079818064339,-0.6089598505988263,False,0
-1.201063346558294,-1.1952127449599643,1.297931208464153,-0.4413487512114661,-0.8808079818064339,-0.6089598505988263,False,3
-1.0158440873463719,0.7632369425242544,0.2154466699103127,-0.4413487512114661,-0.8808079818064339,-0.6089598505988263,False,-1
-1.1597436228051348,-0.5423961824652247,-0.3257955993666074,-0.4413487512114661,-0.8808079818064339,-0.6089598505988263,False,-1
0.051890465757650134,0.30626534877793676,-0.5964167340050675,-0.4413487512114661,0.6189018392404444,-0.6089598505988263,False,0
-1.5427219578903857,-1.0646494324610163,0.2154466699103127,-0.4413487512114661,-0.8808079818064339,-0.6089598505988263,False,-1
-0.009986334489618087,-1.652184338706282,-0.3257955993666074,-0.4413487512114661,0.6189018392404444,-0.6089598505988263,False,4
0.4739272461817078,0.6326736300253065,-0.3257955993666074,-0.4413487512114661,0.6189018392404444,0.6393225546342859,True,4
1.0729604552200442,0.5021103175263587,-0.3257955993666074,-0.4413487512114661,0.6189018392404444,-0.6089598505988263,False,-1
0.1187009643635044,-1.45633936995786,0.7566889391872328,-0.4413487512114661,0.6189018392404444,-0.6089598505988263,False,-1
-1.0240669179440154,0.5021103175263587,-0.3257955993666074,-0.4413487512114661,0.6189018392404444,0.6393225546342859,True,1
-1.1245910220002084,-1.3257760574589121,2.1097946123795333,-0.4413487512114661,-0.8808079818064339,-0.6089598505988263,False,2
-1.2857585017140232,-0.28126955746732885,0.2154466699103127,-0.4413487512114661,-0.8808079818064339,-0.6089598505988263,False,0
-0.5596825599420928,1.3507718487695202,-0.8670378686435275,-0.4413487512114661,-0.8808079818064339,0.6393225546342859,True,-1
-0.08954222052182004,-1.8480293074547038,0.2154466699103127,-0.4413487512114661,0.6189018392404444,-0.6089598505988263,False,-1
0.2792517317824955,1.2854901925200461,-1.1376590032819875,-0.4413487512114661,0.6189018392404444,0.6393225546342859,True,-1
0.00460918982119918,-0.4771145262157507,0.48606780454877274,-0.4413487512114661,0.6189018392404444,-0.6089598505988263,False,2
-0.11893883990839577,1.546616817517942,-1.1376590032819875,-0.4413487512114661,0.6189018392404444,0.6393225546342859,True,-1
0.9995716921360752,0.7632369425242544,-0.3257955993666074,-0.4413487512114661,0.6189018392404444,0.6393225546342859,False,-1
0.5800017608913105,1.0243635675221503,0.2154466699103127,-0.4413487512114661,0.6189018392404444,0.6393225546342859,False,2
2.332903673543985,-0.21598790121785488,-0.05517446472814736,-0.4413487512114661,0.6189018392404444,0.6393225546342859,False,1
-1.4461036983680733,0.6326736300253065,1.0273100738256928,-0.4413487512114661,-0.8808079818064339,-0.6089598505988263,False,2
-0.9282709414814675,-2.1091559324525995,0.48606780454877274,-0.4413487512114661,-0.8808079818064339,-0.6089598505988263,False,0
-0.9282709414814675,-2.1091559324525995,1.0273100738256928,-0.4413487512114661,-0.8808079818064339,-0.6089598505988263,False,1
-0.9282709414814675,-2.1091559324525995,0.2154466699103127,-0.4413487512114661,-0.8808079818064339,-0.6089598505988263,False,-1
0.8186694189879158,-0.7382411512136465,0.2154466699103127,-0.4413487512114661,0.6189018392404444,0.6393225546342859,False,3
-0.0023802161867976603,0.5021103175263587,0.2154466699103127,-0.4413487512114661,-2.380517802853312,-1.8572422558319384,False,1
-0.8145903084690447,0.5021103175263587,0.2154466699103127,-0.4413487512114661,-2.380517802853312,-1.8572422558319384,False,4
-0.3304711570327776,0.5021103175263587,0.2154466699103127,-0.4413487512114661,-2.380517802853312,-1.8572422558319384,False,-1
0.7387023914258319,0.6979552862747805,-0.8670378686435275,-0.4413487512114661,0.6189018392404444,0.6393225546342859,True,0
-1.1083509315698623,0.6326736300253065,-0.3257955993666074,-0.4413487512114661,-0.8808079818064339,-0.6089598505988263,False,3
0.6630523499275107,1.0896452237716243,-0.8670378686435275,-0.4413487512114661,-0.8808079818064339,-0.6089598505988263,False,3
1.0464418265426438,1.416053505018994,-0.3257955993666074,-0.4413487512114661,0.6189018392404444,-0.6089598505988263,True,4
0.2761681703083793,0.24098369252846283,-0.8670378686435275,-0.4413487512114661,0.6189018392404444,0.6393225546342859,True,3
-0.21905180243470673,1.2202085362705721,-0.3257955993666074,-0.4413487512114661,0.6189018392404444,-0.6089598505988263,True,4
0.8285368157050884,0.6979552862747805,-0.5964167340050675,-0.4413487512114661,0.6189018392404444,0.6393225546342859,True,-1
0.20380726104911542,0.5021103175263587,-0.05517446472814736,-0.4413487512114661,0.6189018392404444,3.13588736510051,True,3
-0.6238206386037131,-0.28126955746732885,-1.1376590032819875,-0.4413487512114661,0.6189018392404444,-0.6089598505988263,False,-1
1.2281663827505676,-0.4771145262157507,-0.5964167340050675,-0.4413487512114661,0.6189018392404444,0.6393225546342859,False,3
0.41266715822926314,0.9590819112726764,-0.8670378686435275,-0.4413487512114661,0.6189018392404444,0.6393225546342859,True,3
0.8005791916730999,0.9590819112726764,-1.1376590032819875,-0.4413487512114661,0.6189018392404444,0.6393225546342859,True,2
0.14254717309667078,0.8938002550232024,-0.8670378686435275,-0.4413487512114661,-0.8808079818064339,-0.6089598505988263,False,0
0.3331112721970612,-1.1299310887104903,1.297931208464153,-0.4413487512114661,0.6189018392404444,0.6393225546342859,False,3
0.7058110690352577,-1.1299310887104903,-0.3257955993666074,-0.4413487512114661,0.6189018392404444,0.6393225546342859,False,3
-0.6129253880618353,-0.08542458871890696,-0.8670378686435275,-0.4413487512114661,0.6189018392404444,-0.6089598505988263,False,3
0.10554443540727462,0.3715470050274107,-0.05517446472814736,-0.4413487512114661,0.6189018392404444,-0.6089598505988263,False,0
-0.2217242223789408,-1.8480293074547038,-0.3257955993666074,-0.4413487512114661,-0.8808079818064339,-0.6089598505988263,False,-1
2.340920933376688,-1.8480293074547038,-0.8670378686435275,-0.4413487512114661,0.6189018392404444,0.6393225546342859,False,2
1.9084000439406346,-0.8035228074631204,1.839173477741073,-0.4413487512114661,0.6189018392404444,0.6393225546342859,False,-1
0.737057825306303,-1.9133109637041779,-0.05517446472814736,-0.4413487512114661,0.6189018392404444,-0.6089598505988263,False,2
1.1387431000011934,-1.9133109637041779,1.297931208464153,-0.4413487512114661,0.6189018392404444,0.6393225546342859,False,1
0.5806184731861338,-0.020142932469433005,-0.5964167340050675,-0.4413487512114661,0.6189018392404444,0.6393225546342859,False,-1
-1.3529801418497596,0.8285185987737285,-0.3257955993666074,-0.4413487512114661,-2.380517802853312,-0.6089598505988263,True,3
0.4161618612332617,1.2854901925200461,-0.5964167340050675,-0.4413487512114661,0.6189018392404444,0.6393225546342859,True,-1
1.834805710091724,-1.9133109637041779,0.48606780454877274,-0.4413487512114661,0.6189018392404444,0.6393225546342859,False,-1
2.119110078005252,-1.9133109637041779,3.4629002855718336,-0.4413487512114661,0.6189018392404444,0.6393225546342859,False,1
-0.5672886782449132,1.3507718487695202,-0.8670378686435275,-0.4413487512114661,0.6189018392404444,-0.6089598505988263,True,-1
0.3939602186196237,1.1549268800210981,-0.5964167340050675,-0.4413487512114661,0.6189018392404444,0.6393225546342859,True,1
1.1181860235070844,-1.9785926199536517,0.48606780454877274,-0.4413487512114661,0.6189018392404444,0.6393225546342859,False,3
0.9473567178410385,-1.8480293074547038,1.839173477741073,-0.4413487512114661,0.6189018392404444,-0.6089598505988263,False,3
-1.02303906411931,-1.1299310887104903,-0.8670378686435275,-0.4413487512114661,-0.8808079818064339,-0.6089598505988263,False,2
-1.02303906411931,-1.1299310887104903,-0.3257955993666074,-0.4413487512114661,-0.8808079818064339,-0.6089598505988263,False,-1
-0.295318556227851,1.3507718487695202,-1.1376590032819875,-0.4413487512114661,0.6189018392404444,-0.6089598505988263,True,0
0.18016662308089024,0.5673919737758326,-0.05517446472814736,-0.4413487512114661,0.6189018392404444,0.6393225546342859,False,-1
0.6032312573296535,-1.7174659949557558,1.0273100738256928,-0.4413487512114661,0.6189018392404444,-0.6089598505988263,False,4
-1.1044450870359817,-1.7827476512052298,0.2154466699103127,-0.4413487512114661,-0.8808079818064339,-0.6089598505988263,False,-1
-0.712421638293323,0.8285185987737285,-0.3257955993666074,-0.4413487512114661,0.6189018392404444,0.6393225546342859,True,2
-0.42976183649932403,0.11042038002951492,0.48606780454877274,-0.4413487512114661,0.6189018392404444,-0.6089598505988263,False,0
-0.7551803574010696,-1.1299310887104903,-0.3257955993666074,-0.4413487512114661,0.6189018392404444,-0.6089598505988263,False,1
0.031127818498599927,0.4368286612768847,0.48606780454877274,-0.4413487512114661,0.6189018392404444,0.6393225546342859,False,1
0.7598761802147643,0.6326736300253065,1.839173477741073,-0.4413487512114661,0.6189018392404444,0.6393225546342859,False,4
-1.2662292790446195,-1.2604944012094381,-0.5964167340050675,-0.4413487512114661,-2.380517802853312,-0.6089598505988263,False,4
-1.2662292790446195,-1.2604944012094381,0.2154466699103127,-0.4413487512114661,-0.8808079818064339,-0.6089598505988263,False,0
0.0068704682355511595,-1.2604944012094381,1.839173477741073,-0.4413487512114661,0.6189018392404444,0.6393225546342859,False,2
-1.2728075435227344,-1.2604944012094381,-0.3257955993666074,-0.4413487512114661,-0.8808079818064339,-0.6089598505988263,False,-1
-1.0290006163026015,-1.1299310887104903,-0.05517446472814736,-0.4413487512114661,-0.8808079818064339,-0.6089598505988263,False,4
0.4301406732492557,0.9590819112726764,-0.5964167340050675,-0.4413487512114661,0.6189018392404444,0.6393225546342859,True,4
-0.2112401133669454,-2.1744375887020735,-0.5964167340050675,-0.4413487512114661,-0.8808079818064339,-0.6089598505988263,False,4
-0.8217852852419828,-2.1744375887020735,-0.8670378686435275,-0.4413487512114661,-0.8808079818064339,-0.6089598505988263,False,2
-0.2112401133669454,-2.1744375887020735,-0.8670378686435275,-0.4413487512114661,0.6189018392404444,-0.6089598505988263,False,0
-0.08892550822699674,-2.1744375887020735,-0.05517446472814736,-0.4413487512114661,-0.8808079818064339,-0.6089598505988263,False,1
1.3833723102810902,0.17570203627898887,1.568552343102613,-0.4413487512114661,-2.380517802853312,-0.6089598505988263,False,2
-0.9338213521348769,0.11042038002951492,1.0273100738256928,-0.4413487512114661,-0.8808079818064339,-0.6089598505988263,False,0
-0.3709685977261723,0.4368286612768847,0.48606780454877274,-0.4413487512114661,-0.8808079818064339,0.6393225546342859,False,0
0.21963620994957955,0.30626534877793676,1.297931208464153,-0.4413487512114661,0.6189018392404444,0.6393225546342859,False,3
-1.2366270888931026,-0.9340861199620684,-0.3257955993666074,-0.4413487512114661,-0.8808079818064339,-0.6089598505988263,False,-1
0.11232827065033056,0.3715470050274107,-0.05517446472814736,-0.4413487512114661,0.6189018392404444,0.6393225546342859,True,-1
0.1953788596865308,0.8938002550232024,-1.1376590032819875,-0.4413487512114661,-0.8808079818064339,-0.6089598505988263,False,0
-0.5171294115992874,1.1549268800210981,-0.3257955993666074,-0.4413487512114661,0.6189018392404444,-0.6089598505988263,True,-1
0.3849151049622158,0.4368286612768847,-0.8670378686435275,-0.4413487512114661,0.6189018392404444,0.6393225546342859,True,1
-0.43058411955908854,1.546616817517942,-0.3257955993666074,-0.4413487512114661,-0.8808079818064339,0.6393225546342859,True,3
-0.23467518057022968,1.2202085362705721,-0.3257955993666074,-0.4413487512114661,0.6189018392404444,-0.6089598505988263,True,1
-0.038149529286547516,-0.7382411512136465,-0.5964167340050675,-0.4413487512114661,-0.8808079818064339,-0.6089598505988263,False,3
0.6967659553778498,-0.020142932469433005,1.0273100738256928,-0.4413487512114661,0.6189018392404444,0.6393225546342859,False,2
-1.388543884184568,1.1549268800210981,-0.3257955993666074,-0.4413487512114661,-0.8808079818064339,-0.6089598505988263,True,0
0.6170044985807066,0.3715470050274107,-0.5964167340050675,-0.4413487512114661,2.1186116602873226,0.6393225546342859,True,-1
0.7911229364858096,0.17570203627898887,0.48606780454877274,-0.4413487512114661,0.6189018392404444,0.6393225546342859,False,3
-0.6768578959585142,0.8285185987737285,-0.8670378686435275,-0.4413487512114661,0.6189018392404444,-0.6089598505988263,True,1
-0.0724798470317096,0.8285185987737285,-0.3257955993666074,-0.4413487512114661,0.6189018392404444,-0.6089598505988263,True,-1
0.3111152003483647,0.9590819112726764,-0.8670378686435275,-0.4413487512114661,0.6189018392404444,0.6393225546342859,True,1
-1.3562692740888171,0.9590819112726764,-1.1376590032819875,-0.4413487512114661,-0.8808079818064339,-0.6089598505988263,True,4
-0.9299155076009962,0.24098369252846283,1.297931208464153,-0.4413487512114661,-0.8808079818064339,-0.6089598505988263,False,3
0.21346908700134692,-1.2604944012094381,-0.8670378686435275,-0.4413487512114661,-0.8808079818064339,-0.6089598505988263,False,1
-0.9726742267087428,1.0896452237716243,-0.05517446472814736,-0.4413487512114661,-0.8808079818064339,0.6393225546342859,True,1
0.40074405386267997,0.6979552862747805,-0.8670378686435275,-0.4413487512114661,0.6189018392404444,-0.6089598505988263,True,0
1.02115662245489,1.3507718487695202,-0.8670378686435275,-0.4413487512114661,0.6189018392404444,0.6393225546342859,True,1
-1.1445313861994943,-0.08542458871890696,-0.05517446472814736,-0.4413487512114661,0.6189018392404444,-0.6089598505988263,False,0
2.101225421455377,1.0243635675221503,0.2154466699103127,-0.4413487512114661,0.6189018392404444,0.6393225546342859,False,2
1.2565351483124378,0.4368286612768847,-0.8670378686435275,-0.4413487512114661,0.6189018392404444,0.6393225546342859,False,1
0.7284238531787774,-0.6729594949641726,-0.8670378686435275,-0.4413487512114661,0.6189018392404444,0.6393225546342859,False,1
-0.16765911119943422,1.1549268800210981,-0.8670378686435275,-0.4413487512114661,0.6189018392404444,0.6393225546342859,True,2
0.7773496952347568,0.4368286612768847,0.48606780454877274,-0.4413487512114661,0.6189018392404444,0.6393225546342859,False,4
-0.254204403239633,0.6979552862747805,-0.5964167340050675,-0.4413487512114661,0.6189018392404444,-0.6089598505988263,True,-1
-0.3687073193118203,0.7632369425242544,-0.5964167340050675,-0.4413487512114661,0.6189018392404444,-0.6089598505988263,True,3
1.9478696308093237,-0.020142932469433005,-0.5964167340050675,-0.4413487512114661,0.6189018392404444,0.6393225546342859,False,-1
-0.7416126869149577,0.5673919737758326,-0.3257955993666074,-0.4413487512114661,0.6189018392404444,-0.6089598505988263,False,-1
0.45501473580712776,0.8285185987737285,-0.05517446472814736,-0.4413487512114661,0.6189018392404444,0.6393225546342859,False,-1
-0.7792321368991771,0.4368286612768847,-0.5964167340050675,-0.4413487512114661,0.6189018392404444,0.6393225546342859,False,2
-0.5315193651451637,0.4368286612768847,1.568552343102613,-0.4413487512114661,0.6189018392404444,0.6393225546342859,False,2
0.8762292331714212,0.17570203627898887,0.2154466699103127,-0.4413487512114661,0.6189018392404444,0.6393225546342859,False,1
0.9728474926937333,-0.4771145262157507,-0.05517446472814736,-0.4413487512114661,-0.8808079818064339,-0.6089598505988263,False,2
-0.9788413496569757,-0.4771145262157507,0.7566889391872328,-0.4413487512114661,-0.8808079818064339,-0.6089598505988263,False,1
-0.18739390463377872,-1.2604944012094381,0.7566889391872328,-0.4413487512114661,-0.8808079818064339,-0.6089598505988263,False,4
-1.0271504794181319,-1.2604944012094381,1.568552343102613,-0.4413487512114661,-0.8808079818064339,-0.6089598505988263,False,-1
-0.2632495168970412,-1.2604944012094381,3.4629002855718336,-0.4413487512114661,-0.8808079818064339,-0.6089598505988263,False,1
-1.0271504794181319,-1.2604944012094381,-0.5964167340050675,-0.4413487512114661,-0.8808079818064339,-0.6089598505988263,False,1
0.6570907977442193,-1.2604944012094381,1.568552343102613,-0.4413487512114661,0.6189018392404444,-0.6089598505988263,False,2
-0.9525282917445161,-1.0646494324610163,2.1097946123795333,-0.4413487512114661,-0.8808079818064339,-0.6089598505988263,False,-1
-0.21699609478529594,-0.4771145262157507,1.297931208464153,-0.4413487512114661,0.6189018392404444,0.6393225546342859,False,-1
-0.22789134532717373,0.045138723780040954,-0.5964167340050675,-0.4413487512114661,0.6189018392404444,0.6393225546342859,True,0
-0.052539482832423885,0.5021103175263587,-0.05517446472814736,-0.4413487512114661,0.6189018392404444,-0.6089598505988263,True,4
0.5715733595287256,0.8938002550232024,-0.5964167340050675,-0.4413487512114661,0.6189018392404444,0.6393225546342859,True,-1
0.0068704682355511595,1.2202085362705721,-1.1376590032819875,-0.4413487512114661,0.6189018392404444,1.887604959867398,True,1
-1.520520315276748,-0.28126955746732885,-0.5964167340050675,-0.4413487512114661,-2.380517802853312,-0.6089598505988263,False,-1
-0.7890995336163494,-0.41183286996627677,1.0273100738256928,-0.4413487512114661,-0.8808079818064339,-0.6089598505988263,False,0
0.24019328644368856,0.5673919737758326,-0.5964167340050675,-0.4413487512114661,0.6189018392404444,0.6393225546342859,True,3
0.14357502692137616,0.6326736300253065,-0.05517446472814736,-0.4413487512114661,-0.8808079818064339,-0.6089598505988263,True,4
-1.0657977832270566,-0.08542458871890696,0.48606780454877274,-0.4413487512114661,0.6189018392404444,0.6393225546342859,False,-1
0.3041257943403676,-0.08542458871890696,0.2154466699103127,-0.4413487512114661,0.6189018392404444,0.6393225546342859,False,-1
-0.5520764416392727,1.2202085362705721,-1.1376590032819875,-0.4413487512114661,0.6189018392404444,-0.6089598505988263,True,0
0.01200973735907841,0.7632369425242544,-0.05517446472814736,-0.4413487512114661,0.6189018392404444,0.6393225546342859,True,4
-0.19643901829118693,0.7632369425242544,-0.05517446472814736,-0.4413487512114661,0.6189018392404444,-0.6089598505988263,True,0
-1.5766411341056656,0.5021103175263587,-0.05517446472814736,-0.4413487512114661,0.6189018392404444,-0.6089598505988263,False,4
0.2802795856072012,0.5021103175263587,1.568552343102613,-0.4413487512114661,0.6189018392404444,0.6393225546342859,False,3
-1.2113418848053485,0.5673919737758326,1.568552343102613,-0.4413487512114661,-0.8808079818064339,-0.6089598505988263,False,-1
-0.2110345426020042,0.4368286612768847,1.839173477741073,-0.4413487512114661,-0.8808079818064339,0.6393225546342859,False,2
0.2159359361806398,0.4368286612768847,1.839173477741073,-0.4413487512114661,0.6189018392404444,-0.6089598505988263,False,2
0.6969715261427907,0.8285185987737285,0.48606780454877274,-0.4413487512114661,0.6189018392404444,0.6393225546342859,False,4
-0.020881585031495883,-1.1952127449599643,0.48606780454877274,-0.4413487512114661,0.6189018392404444,-0.6089598505988263,False,0
-0.6363604552651195,-1.1952127449599643,-0.05517446472814736,-0.4413487512114661,-0.8808079818064339,-0.6089598505988263,False,0
-1.123768738940444,-1.1952127449599643,1.297931208464153,-0.4413487512114661,-0.8808079818064339,-0.6089598505988263,False,1
-0.6891921418549798,0.17570203627898887,-0.8670378686435275,-0.4413487512114661,0.6189018392404444,-0.6089598505988263,True,2
0.6355058674254046,0.24098369252846283,0.2154466699103127,-0.4413487512114661,0.6189018392404444,1.887604959867398,True,1
1.241322911706797,0.17570203627898887,-0.5964167340050675,-0.4413487512114661,0.6189018392404444,0.6393225546342859,False,-1
1.7986252554620925,0.24098369252846283,-1.1376590032819875,-0.4413487512114661,0.6189018392404444,0.6393225546342859,False,-1
0.45398688198242204,0.17570203627898887,0.2154466699103127,-0.4413487512114661,0.6189018392404444,1.887604959867398,False,-1
-0.8189072945328075,-0.15070624496838092,-0.05517446472814736,-0.4413487512114661,-0.8808079818064339,-0.6089598505988263,False,2
-0.47868767855530336,0.8938002550232024,-0.8670378686435275,-0.4413487512114661,0.6189018392404444,-0.6089598505988263,True,1
-1.2259374091161659,1.0243635675221503,-1.1376590032819875,-0.4413487512114661,-0.8808079818064339,-0.6089598505988263,True,4
0.17954991078606694,1.0243635675221503,-0.3257955993666074,-0.4413487512114661,0.6189018392404444,0.6393225546342859,True,0
-0.02581528339008194,0.8938002550232024,-0.5964167340050675,-0.4413487512114661,0.6189018392404444,-0.6089598505988263,True,2
-0.05829546425077443,0.9590819112726764,-0.3257955993666074,-0.4413487512114661,0.6189018392404444,-0.6089598505988263,True,0
0.8396376370119072,-0.21598790121785488,-0.5964167340050675,-0.4413487512114661,0.6189018392404444,0.6393225546342859,False,2
-0.8059563363415189,0.30626534877793676,-0.5964167340050675,-0.4413487512114661,0.6189018392404444,0.6393225546342859,True,-1
0.35942433010952074,0.4368286612768847,-0.8670378686435275,-0.4413487512114661,0.6189018392404444,0.6393225546342859,True,-1
-0.7021431000462683,0.7632369425242544,-0.05517446472814736,-0.4413487512114661,-0.8808079818064339,-0.6089598505988263,True,2
0.07183082995693585,0.24098369252846283,-0.5964167340050675,-0.4413487512114661,0.6189018392404444,-0.6089598505988263,True,2
0.20216269492958672,0.30626534877793676,-1.1376590032819875,-0.4413487512114661,0.6189018392404444,-0.6089598505988263,True,-1
-0.07905811150982434,0.3715470050274107,-0.8670378686435275,-0.4413487512114661,0.6189018392404444,0.6393225546342859,True,-1
2.006457298817534,-0.020142932469433005,-0.05517446472814736,-0.4413487512114661,0.6189018392404444,0.6393225546342859,False,0
0.8624559919203684,-0.28126955746732885,2.6510368816564536,-0.4413487512114661,-0.8808079818064339,-0.6089598505988263,False,2
-0.24680385570175375,0.8938002550232024,-0.3257955993666074,-0.4413487512114661,0.6189018392404444,0.6393225546342859,True,1
-0.1781432202114299,0.6326736300253065,-0.05517446472814736,-0.4413487512114661,-2.380517802853312,3.13588736510051,True,-1
0.046134484339299585,0.3715470050274107,-0.5964167340050675,-0.4413487512114661,0.6189018392404444,0.6393225546342859,True,1
-0.4766319709058926,0.5673919737758326,-1.1376590032819875,-0.4413487512114661,-0.8808079818064339,1.887604959867398,True,2
-1.2578008776820349,-0.08542458871890696,-0.5964167340050675,-0.4413487512114661,-0.8808079818064339,-0.6089598505988263,False,3
0.273495750364145,0.11042038002951492,-0.8670378686435275,-0.4413487512114661,0.6189018392404444,0.6393225546342859,True,-1
-0.11770541531874917,-1.586902682456808,-0.8670378686435275,-0.4413487512114661,0.6189018392404444,0.6393225546342859,False,4
-0.11688313225898499,-1.586902682456808,-0.3257955993666074,-0.4413487512114661,-0.8808079818064339,-0.6089598505988263,False,4
3.98939289743929,-1.3257760574589121,-0.5964167340050675,-0.4413487512114661,0.6189018392404444,0.6393225546342859,False,2
3.98939289743929,-1.3257760574589121,-0.05517446472814736,-0.4413487512114661,0.6189018392404444,0.6393225546342859,False,1
0.14850872527996223,0.7632369425242544,-0.8670378686435275,-0.4413487512114661,0.6189018392404444,0.6393225546342859,True,2
-0.1559415775977922,0.6979552862747805,-0.5964167340050675,-0.4413487512114661,0.6189018392404444,0.6393225546342859,True,1
-0.7726538724210623,-2.043874276203126,-1.1376590032819875,-0.4413487512114661,-0.8808079818064339,-0.6089598505988263,False,0
-1.0386624422548327,-2.043874276203126,-0.5964167340050675,-0.4413487512114661,-0.8808079818064339,-0.6089598505988263,False,-1
-1.100539242502101,-2.043874276203126,-0.8670378686435275,-0.4413487512114661,-0.8808079818064339,-0.6089598505988263,False,-1
-0.8248688467160992,-2.043874276203126,-0.05517446472814736,-0.4413487512114661,-0.8808079818064339,-0.6089598505988263,False,1
-0.8248688467160992,-2.043874276203126,-0.05517446472814736,-0.4413487512114661,-0.8808079818064339,-0.6089598505988263,False,3
-0.6384161629145306,-2.043874276203126,-0.05517446472814736,-0.4413487512114661,-0.8808079818064339,-0.6089598505988263,False,4
0.08971548650681048,-1.7174659949557558,-0.5964167340050675,-0.4413487512114661,-0.8808079818064339,-0.6089598505988263,False,1
1.9435526447455607,-0.08542458871890696,-0.3257955993666074,-0.4413487512114661,0.6189018392404444,0.6393225546342859,False,-1
0.023727270960720696,-0.08542458871890696,-0.3257955993666074,-0.4413487512114661,0.6189018392404444,0.6393225546342859,False,4
-0.23858102510411033,0.5021103175263587,-0.5964167340050675,-0.4413487512114661,0.6189018392404444,-0.6089598505988263,True,4
-1.253689462383213,-1.1952127449599643,1.0273100738256928,-0.4413487512114661,-0.8808079818064339,-0.6089598505988263,False,-1
-1.3009707383196638,0.6979552862747805,-0.8670378686435275,-0.4413487512114661,-0.8808079818064339,0.6393225546342859,True,-1
0.08067037284940257,0.6979552862747805,-0.3257955993666074,-0.4413487512114661,0.6189018392404444,0.6393225546342859,True,4
-0.13949591640250478,0.8285185987737285,-1.1376590032819875,-0.4413487512114661,0.6189018392404444,0.6393225546342859,True,3
0.2052462564037032,0.8285185987737285,-0.05517446472814736,-0.4413487512114661,0.6189018392404444,0.6393225546342859,True,2
-0.38638640509675404,-1.586902682456808,-0.8670378686435275,-0.4413487512114661,-0.8808079818064339,-0.6089598505988263,False,-1
-0.21864066090482462,1.0243635675221503,-0.5964167340050675,-0.4413487512114661,0.6189018392404444,0.6393225546342859,True,-1
-1.5891809507670718,1.3507718487695202,-1.1376590032819875,-0.4413487512114661,0.6189018392404444,0.6393225546342859,True,3
-0.8713278395927855,0.11042038002951492,-1.1376590032819875,-0.4413487512114661,0.6189018392404444,-0.6089598505988263,True,0
-0.6665793577114597,-0.3465512137168028,-0.5964167340050675,-0.4413487512114661,0.6189018392404444,-0.6089598505988263,False,2
0.1505644329293733,0.7632369425242544,-0.5964167340050675,-0.4413487512114661,0.6189018392404444,-0.6089598505988263,False,3
-0.44826320534402225,1.416053505018994,-0.8670378686435275,-0.4413487512114661,0.6189018392404444,-0.6089598505988263,True,2
-1.7976297064173374,1.0896452237716243,-0.05517446472814736,-0.4413487512114661,-2.380517802853312,-0.6089598505988263,True,-1
-1.1677608826378374,1.0896452237716243,0.2154466699103127,-0.4413487512114661,-0.8808079818064339,-0.6089598505988263,True,-1
-1.4802284453482946,1.0896452237716243,0.2154466699103127,-0.4413487512114661,0.6189018392404444,-0.6089598505988263,True,1
-1.0098825351630802,1.0896452237716243,-0.3257955993666074,-0.4413487512114661,-0.8808079818064339,-0.6089598505988263,True,1
-1.2939813323116667,0.5021103175263587,-0.5964167340050675,-0.4413487512114661,0.6189018392404444,-0.6089598505988263,False,4
0.21408579929616992,0.24098369252846283,-0.5964167340050675,-0.4413487512114661,0.6189018392404444,0.6393225546342859,True,-1
0.7847502427726364,-1.1952127449599643,-0.3257955993666074,-0.4413487512114661,0.6189018392404444,-0.6089598505988263,False,3
-1.4245187680492588,0.045138723780040954,1.0273100738256928,-0.4413487512114661,-0.8808079818064339,-0.6089598505988263,False,-1
-0.3428054029292429,0.6979552862747805,-0.05517446472814736,-0.4413487512114661,0.6189018392404444,0.6393225546342859,True,-1
-0.4768375416708338,-1.3257760574589121,1.0273100738256928,-0.4413487512114661,0.6189018392404444,-0.6089598505988263,False,-1
1.4793738575085795,-1.3257760574589121,0.2154466699103127,-0.4413487512114661,0.6189018392404444,-0.6089598505988263,False,2
-0.5950407315119606,1.416053505018994,-0.3257955993666074,-0.4413487512114661,0.6189018392404444,0.6393225546342859,True,0
0.7935897856651027,1.1549268800210981,-0.3257955993666074,-0.4413487512114661,0.6189018392404444,0.6393225546342859,True,-1
-0.19191646146248298,1.3507718487695202,-0.3257955993666074,-0.4413487512114661,0.6189018392404444,-0.6089598505988263,True,-1
0.09958288322398288,0.8938002550232024,-0.5964167340050675,-0.4413487512114661,0.6189018392404444,-0.6089598505988263,True,2
-0.9632179715214528,0.11042038002951492,-0.5964167340050675,-0.4413487512114661,-0.8808079818064339,-0.6089598505988263,False,-1
-0.8713278395927855,0.11042038002951492,-0.8670378686435275,-0.4413487512114661,-2.380517802853312,-0.6089598505988263,True,2
-0.15368029918343995,1.1549268800210981,-0.3257955993666074,-0.4413487512114661,0.6189018392404444,0.6393225546342859,True,2
1.2487234592446765,0.3715470050274107,-0.3257955993666074,-0.4413487512114661,0.6189018392404444,0.6393225546342859,False,0
0.9393394580083357,0.045138723780040954,0.48606780454877274,-0.4413487512114661,0.6189018392404444,0.6393225546342859,False,2
-0.9913811663183821,0.3715470050274107,0.2154466699103127,-0.4413487512114661,0.6189018392404444,0.6393225546342859,False,-1
0.11417840753480016,0.5021103175263587,-0.8670378686435275,-0.4413487512114661,0.6189018392404444,0.6393225546342859,False,-1
0.25211639081027176,0.5021103175263587,-0.8670378686435275,-0.4413487512114661,0.6189018392404444,0.6393225546342859,False,-1
0.18797831214865157,0.5021103175263587,0.48606780454877274,-0.4413487512114661,0.6189018392404444,4.384169770333622,False,4
0.18777274138371067,0.5021103175263587,-0.8670378686435275,-0.4413487512114661,0.6189018392404444,0.6393225546342859,False,-1
0.37607556206974907,0.3715470050274107,-0.8670378686435275,-0.4413487512114661,0.6189018392404444,0.6393225546342859,False,-1
0.6792924403578566,0.6979552862747805,0.48606780454877274,-0.4413487512114661,0.6189018392404444,0.6393225546342859,False,-1
0.31728232329659734,0.045138723780040954,-0.8670378686435275,-0.4413487512114661,0.6189018392404444,0.6393225546342859,True,2
1.0468529680725263,0.6326736300253065,-0.8670378686435275,-0.4413487512114661,0.6189018392404444,0.6393225546342859,False,0
-0.1487466008248539,1.2202085362705721,-0.5964167340050675,-0.4413487512114661,0.6189018392404444,0.6393225546342859,True,0
-0.4046822031765111,1.1549268800210981,-0.3257955993666074,-0.4413487512114661,0.6189018392404444,-0.6089598505988263,True,1
-1.100744813267042,-1.2604944012094381,-0.5964167340050675,-0.4413487512114661,-0.8808079818064339,-0.6089598505988263,False,2
0.0876597788573997,1.0243635675221503,-0.3257955993666074,-0.4413487512114661,0.6189018392404444,0.6393225546342859,True,1
-1.3468130189015268,-1.2604944012094381,-0.8670378686435275,-0.4413487512114661,-2.380517802853312,-1.8572422558319384,False,3
-0.11153829237051653,1.1549268800210981,-0.3257955993666074,-0.4413487512114661,-2.380517802853312,3.13588736510051,True,2
0.03976179062612575,1.0243635675221503,-0.5964167340050675,-0.4413487512114661,0.6189018392404444,-0.6089598505988263,True,3
-0.15368029918343995,1.1549268800210981,-0.8670378686435275,-0.4413487512114661,0.6189018392404444,-0.6089598505988263,True,-1
-0.5089065810016437,0.9590819112726764,-1.1376590032819875,-0.4413487512114661,-2.380517802853312,-1.8572422558319384,True,1
1.663154121365914,-1.652184338706282,-0.8670378686435275,-0.4413487512114661,0.6189018392404444,-0.6089598505988263,False,3
-0.37980814061863905,-2.1091559324525995,0.2154466699103127,-0.4413487512114661,-0.8808079818064339,-0.6089598505988263,False,-1
-0.09653162652981717,-2.1091559324525995,0.2154466699103127,-0.4413487512114661,-0.8808079818064339,-0.6089598505988263,False,3
0.07326982531152333,0.8938002550232024,-0.3257955993666074,-0.4413487512114661,2.1186116602873226,1.887604959867398,True,3
-0.5074675856470561,-0.28126955746732885,-0.05517446472814736,-0.4413487512114661,-0.8808079818064339,-0.6089598505988263,False,-1
4.591920809481624,-1.1952127449599643,-0.3257955993666074,-0.4413487512114661,0.6189018392404444,1.887604959867398,False,4
0.4519311743330113,0.9590819112726764,-1.1376590032819875,-0.4413487512114661,0.6189018392404444,-0.6089598505988263,True,-1
-0.3619234840687644,0.30626534877793676,-0.3257955993666074,-0.4413487512114661,0.6189018392404444,-0.6089598505988263,True,1
0.43527994237278295,-0.4771145262157507,-1.1376590032819875,-0.4413487512114661,0.6189018392404444,0.6393225546342859,True,4
0.19784570886582398,0.5673919737758326,0.7566889391872328,-0.4413487512114661,0.6189018392404444,0.6393225546342859,False,2
-0.9878864633143836,-1.1299310887104903,3.7335214202102938,-0.4413487512114661,-0.8808079818064339,-0.6089598505988263,False,2
-0.6523949749305246,-1.1299310887104903,2.3804157470179934,-0.4413487512114661,-0.8808079818064339,-0.6089598505988263,False,2
0.2258033328978122,0.8285185987737285,-0.5964167340050675,-0.4413487512114661,0.6189018392404444,0.6393225546342859,True,0
0.4918119027315827,1.0243635675221503,-0.5964167340050675,-0.4413487512114661,0.6189018392404444,0.6393225546342859,True,2
0.5284034988910967,0.9590819112726764,-0.5964167340050675,-0.4413487512114661,-2.380517802853312,4.384169770333622,True,2
-0.19171089069754177,0.9590819112726764,-0.3257955993666074,-0.4413487512114661,0.6189018392404444,0.6393225546342859,True,3
0.7278071408839542,0.17570203627898887,2.1097946123795333,-0.4413487512114661,0.6189018392404444,0.6393225546342859,False,3
-0.20692312730318235,0.3715470050274107,2.6510368816564536,-0.4413487512114661,-0.8808079818064339,-0.6089598505988263,False,-1
-0.09283135276087741,0.3715470050274107,2.3804157470179934,-0.4413487512114661,0.6189018392404444,-0.6089598505988263,False,-1
-0.7148884874726159,1.0896452237716243,-0.5964167340050675,-0.4413487512114661,-0.8808079818064339,-0.6089598505988263,True,1
-1.2351880935385149,-0.21598790121785488,-0.05517446472814736,-0.4413487512114661,-2.380517802853312,-1.8572422558319384,False,3
-0.486499367623065,-0.21598790121785488,-0.3257955993666074,-0.4413487512114661,-0.8808079818064339,-0.6089598505988263,False,-1
-1.4767337423442957,1.1549268800210981,-0.8670378686435275,-0.4413487512114661,0.6189018392404444,-0.6089598505988263,True,0
-0.468203569543308,1.0243635675221503,-0.5964167340050675,-0.4413487512114661,0.6189018392404444,-0.6089598505988263,True,3
-0.329237732443131,1.1549268800210981,-0.3257955993666074,-0.4413487512114661,-0.8808079818064339,-0.6089598505988263,True,0
-0.16066970519143708,1.1549268800210981,-0.8670378686435275,-0.4413487512114661,0.6189018392404444,-0.6089598505988263,True,2
-0.4131106045390957,1.1549268800210981,-0.5964167340050675,-0.4413487512114661,0.6189018392404444,-0.6089598505988263,True,-1
0.1591984050568991,0.30626534877793676,2.1097946123795333,-0.4413487512114661,2.1186116602873226,0.6393225546342859,False,-1
-0.38289170209275547,1.2202085362705721,-0.5964167340050675,-0.4413487512114661,0.6189018392404444,-0.6089598505988263,True,0
-0.5294636574957526,1.3507718487695202,-0.5964167340050675,-0.4413487512114661,-2.380517802853312,4.384169770333622,True,3
0.008515034355079845,0.8938002550232024,-0.3257955993666074,-0.4413487512114661,-0.8808079818064339,-0.6089598505988263,True,-1
0.4149284366436151,-0.08542458871890696,1.0273100738256928,-0.4413487512114661,0.6189018392404444,0.6393225546342859,False,0
0.5090798469866343,0.30626534877793676,1.568552343102613,-0.4413487512114661,0.6189018392404444,0.6393225546342859,False,2
0.120551101247974,1.0243635675221503,-0.3257955993666074,-0.4413487512114661,-0.8808079818064339,4.384169770333622,True,-1
0.8957584558408245,0.5673919737758326,-0.3257955993666074,-0.4413487512114661,0.6189018392404444,0.6393225546342859,True,2
1.1817073898738808,0.5021103175263587,-0.05517446472814736,-0.4413487512114661,0.6189018392404444,0.6393225546342859,False,-1
-0.45299133293766713,1.2854901925200461,-0.8670378686435275,-0.4413487512114661,0.6189018392404444,-0.6089598505988263,True,4
-0.015125603613145338,1.1549268800210981,-0.3257955993666074,-0.4413487512114661,0.6189018392404444,-0.6089598505988263,True,-1
-0.6762411836636909,0.5021103175263587,-0.5964167340050675,-0.4413487512114661,0.6189018392404444,-0.6089598505988263,True,4
1.1227085803357884,-0.020142932469433005,-0.8670378686435275,-0.4413487512114661,0.6189018392404444,0.6393225546342859,False,3
-0.9636291130513349,0.8285185987737285,-0.3257955993666074,-0.4413487512114661,0.6189018392404444,0.6393225546342859,True,2
-0.44764649304919896,1.2854901925200461,-0.3257955993666074,-0.4413487512114661,-0.8808079818064339,-0.6089598505988263,True,-1
-0.6168312325957159,1.2854901925200461,-0.3257955993666074,-0.4413487512114661,0.6189018392404444,-0.6089598505988263,True,3
-0.8483039139193834,-1.0646494324610163,-0.05517446472814736,-0.4413487512114661,-0.8808079818064339,-0.6089598505988263,False,1
-0.34177754910453745,-1.8480293074547038,-0.5964167340050675,-0.4413487512114661,-0.8808079818064339,-0.6089598505988263,False,0
0.09937731245904169,0.30626534877793676,-0.8670378686435275,-0.4413487512114661,0.6189018392404444,-0.6089598505988263,True,1
0.21963620994957955,0.30626534877793676,-1.1376590032819875,-0.4413487512114661,0.6189018392404444,0.6393225546342859,True,4
0.21963620994957955,0.30626534877793676,-0.05517446472814736,-0.4413487512114661,0.6189018392404444,0.6393225546342859,True,1
0.47433838771159015,0.30626534877793676,-0.05517446472814736,-0.4413487512114661,0.6189018392404444,0.6393225546342859,True,3
-0.5056174487625862,1.2202085362705721,-0.5964167340050675,-0.4413487512114661,0.6189018392404444,0.6393225546342859,True,-1
0.3152266156471863,0.4368286612768847,1.839173477741073,-0.4413487512114661,0.6189018392404444,0.6393225546342859,False,2
0.11027256300091949,0.6979552862747805,-0.05517446472814736,-0.4413487512114661,2.1186116602873226,1.887604959867398,True,-1
0.2477994047465087,0.30626534877793676,-0.05517446472814736,-0.4413487512114661,0.6189018392404444,1.887604959867398,True,2
-0.256465681653985,0.5673919737758326,1.839173477741073,-0.4413487512114661,0.6189018392404444,0.6393225546342859,False,-1
-0.6468445642771152,0.5673919737758326,1.839173477741073,-0.4413487512114661,0.6189018392404444,-0.6089598505988263,False,-1
0.2950806806829597,0.5673919737758326,-0.3257955993666074,-0.4413487512114661,0.6189018392404444,0.6393225546342859,False,-1
-0.8485094846843245,1.0243635675221503,-0.5964167340050675,-0.4413487512114661,-0.8808079818064339,-0.6089598505988263,True,4
-0.1690981065540217,1.0896452237716243,-0.8670378686435275,-0.4413487512114661,-0.8808079818064339,-0.6089598505988263,True,3
-0.4601863097106055,1.0896452237716243,-0.8670378686435275,-0.4413487512114661,-2.380517802853312,4.384169770333622,True,4
-0.3306767277977188,-1.8480293074547038,-0.05517446472814736,-0.4413487512114661,-0.8808079818064339,-0.6089598505988263,False,0
-0.4359289594475567,1.0243635675221503,-0.5964167340050675,-0.4413487512114661,0.6189018392404444,-0.6089598505988263,True,1
0.02249384637107411,1.416053505018994,-0.5964167340050675,-0.4413487512114661,0.6189018392404444,-0.6089598505988263,True,4
-0.9128531341108858,-1.521621026207334,0.7566889391872328,-0.4413487512114661,0.6189018392404444,0.6393225546342859,False,0
0.13267977637949838,0.3715470050274107,-0.3257955993666074,-0.4413487512114661,0.6189018392404444,0.6393225546342859,False,-1
-0.07556340850582577,0.8938002550232024,-0.8670378686435275,-0.4413487512114661,0.6189018392404444,0.6393225546342859,True,-1
-0.15265244535873454,1.1549268800210981,-0.5964167340050675,-0.4413487512114661,0.6189018392404444,-0.6089598505988263,True,4
0.7514477788521796,0.24098369252846283,2.1097946123795333,-0.4413487512114661,0.6189018392404444,0.6393225546342859,False,1
0.6706584682303312,0.24098369252846283,2.3804157470179934,-0.4413487512114661,-0.8808079818064339,0.6393225546342859,False,2
-0.1693036773189629,0.7632369425242544,-0.5964167340050675,-0.4413487512114661,-0.8808079818064339,-0.6089598505988263,True,0
0.273495750364145,0.4368286612768847,-0.5964167340050675,-0.4413487512114661,0.6189018392404444,0.6393225546342859,True,3
-0.7288672994886101,1.0243635675221503,-0.8670378686435275,-0.4413487512114661,0.6189018392404444,-0.6089598505988263,True,3
-0.5263800960216365,-1.1299310887104903,2.1097946123795333,-0.4413487512114661,0.6189018392404444,0.6393225546342859,False,1
-0.2422812988730498,1.2202085362705721,-0.3257955993666074,-0.4413487512114661,0.6189018392404444,-0.6089598505988263,True,3
1.0291738822875922,0.5673919737758326,-0.8670378686435275,-0.4413487512114661,0.6189018392404444,0.6393225546342859,True,1
-0.46039188047554636,1.0243635675221503,-1.1376590032819875,-0.4413487512114661,-2.380517802853312,1.887604959867398,True,4
-0.5956574438067836,1.0243635675221503,-1.1376590032819875,-0.4413487512114661,-2.380517802853312,-0.6089598505988263,True,1
-0.5062341610574095,1.2202085362705721,-0.3257955993666074,-0.4413487512114661,-0.8808079818064339,-0.6089598505988263,True,-1
-0.46183087583013416,0.7632369425242544,-0.5964167340050675,-0.4413487512114661,0.6189018392404444,-0.6089598505988263,True,0
-0.30395252835537684,1.1549268800210981,-1.1376590032819875,-0.4413487512114661,0.6189018392404444,-0.6089598505988263,True,3
-0.596068585336666,1.1549268800210981,-0.8670378686435275,-0.4413487512114661,0.6189018392404444,0.6393225546342859,True,0
-0.34239426139936074,1.3507718487695202,-1.1376590032819875,-0.4413487512114661,-0.8808079818064339,-0.6089598505988263,True,3
-0.0716575639719451,0.6326736300253065,-0.8670378686435275,-0.4413487512114661,0.6189018392404444,-0.6089598505988263,True,2
1.4464825351180053,-0.5423961824652247,1.297931208464153,-0.4413487512114661,0.6189018392404444,0.6393225546342859,False,-1
-0.3060082360047879,0.5673919737758326,-0.3257955993666074,-0.4413487512114661,0.6189018392404444,-0.6089598505988263,False,-1
0.6743587419992709,0.6326736300253065,-0.3257955993666074,-0.4413487512114661,0.6189018392404444,0.6393225546342859,False,-1
1.0852947011165095,0.30626534877793676,-0.8670378686435275,-0.4413487512114661,-0.8808079818064339,-1.8572422558319384,False,1
0.6077538141583575,0.5673919737758326,0.48606780454877274,-0.4413487512114661,2.1186116602873226,1.887604959867398,False,-1
-0.657739814818993,0.24098369252846283,-0.8670378686435275,-0.4413487512114661,0.6189018392404444,0.6393225546342859,False,4
0.4393913576716048,0.17570203627898887,-0.05517446472814736,-0.4413487512114661,0.6189018392404444,0.6393225546342859,False,-1
-0.06651829484841786,0.5021103175263587,-0.05517446472814736,-0.4413487512114661,0.6189018392404444,0.6393225546342859,False,-1
0.049012475048474856,-0.08542458871890696,-0.8670378686435275,-0.4413487512114661,0.6189018392404444,0.6393225546342859,False,1
0.5793850485964872,0.3715470050274107,-0.8670378686435275,-0.4413487512114661,0.6189018392404444,0.6393225546342859,False,-1
-0.37734129143934614,1.1549268800210981,-0.5964167340050675,-0.4413487512114661,0.6189018392404444,-0.6089598505988263,True,0
-0.37734129143934614,1.1549268800210981,-1.1376590032819875,-0.4413487512114661,-0.8808079818064339,-0.6089598505988263,True,-1
-0.33581599692124603,1.1549268800210981,-1.1376590032819875,-0.4413487512114661,0.6189018392404444,-0.6089598505988263,True,2
-0.240225591223639,0.9590819112726764,-0.5964167340050675,-0.4413487512114661,0.6189018392404444,-0.6089598505988263,True,-1
-0.6902199956796852,1.2202085362705721,-0.8670378686435275,-0.4413487512114661,0.6189018392404444,-0.6089598505988263,True,3
0.09279904798092695,0.8285185987737285,-0.5964167340050675,-0.4413487512114661,0.6189018392404444,0.6393225546342859,True,1
-0.995492581617204,0.8938002550232024,-0.8670378686435275,-0.4413487512114661,0.6189018392404444,-0.6089598505988263,True,4
0.12671822419620662,0.045138723780040954,-0.5964167340050675,-0.4413487512114661,0.6189018392404444,0.6393225546342859,True,0
-0.1594362806017905,1.2854901925200461,-0.3257955993666074,-0.4413487512114661,2.1186116602873226,0.6393225546342859,True,-1
-0.39995407558286594,1.2854901925200461,-0.3257955993666074,-0.4413487512114661,0.6189018392404444,0.6393225546342859,True,0
-0.2433091526977555,0.8285185987737285,-0.3257955993666074,-0.4413487512114661,0.6189018392404444,-0.6089598505988263,True,1
-0.2087732641876522,0.30626534877793676,-0.8670378686435275,-0.4413487512114661,0.6189018392404444,-0.6089598505988263,True,-1
-0.04616678911925005,1.3507718487695202,-0.8670378686435275,-0.4413487512114661,0.6189018392404444,-0.6089598505988263,True,-1
0.07183082995693585,1.3507718487695202,-0.5964167340050675,-0.4413487512114661,0.6189018392404444,-0.6089598505988263,True,4
0.0767645283155219,1.3507718487695202,-0.8670378686435275,-0.4413487512114661,0.6189018392404444,-0.6089598505988263,True,2
-0.14278504864156244,0.9590819112726764,-0.3257955993666074,-0.4413487512114661,0.6189018392404444,-0.6089598505988263,True,-1
-0.5471427432806864,0.5673919737758326,-0.5964167340050675,-0.4413487512114661,0.6189018392404444,0.6393225546342859,True,1
-0.3372549922758335,1.0896452237716243,-0.8670378686435275,-0.4413487512114661,0.6189018392404444,-0.6089598505988263,True,2
-0.5356307804439856,0.5021103175263587,-0.3257955993666074,-0.4413487512114661,-0.8808079818064339,-0.6089598505988263,False,3
-0.17670422485684212,0.5021103175263587,0.2154466699103127,-0.4413487512114661,0.6189018392404444,-0.6089598505988263,False,1
-0.17670422485684212,0.5021103175263587,-1.1376590032819875,-0.4413487512114661,0.6189018392404444,-0.6089598505988263,False,3
-0.8702999857680801,-0.41183286996627677,-0.05517446472814736,-0.4413487512114661,0.6189018392404444,-0.6089598505988263,False,3
-0.11215500466533983,-1.1299310887104903,1.297931208464153,-0.4413487512114661,0.6189018392404444,-0.6089598505988263,False,-1
-0.30333581606055354,-1.1299310887104903,1.0273100738256928,-0.4413487512114661,-0.8808079818064339,-0.6089598505988263,False,4
0.43342980548831306,-1.1299310887104903,-0.05517446472814736,-0.4413487512114661,0.6189018392404444,-0.6089598505988263,False,-1
0.10945027994115529,0.5021103175263587,-0.5964167340050675,-0.4413487512114661,0.6189018392404444,0.6393225546342859,True,3
0.3978660631535047,-1.1299310887104903,1.568552343102613,-0.4413487512114661,0.6189018392404444,-0.6089598505988263,False,2
-0.9572564193381611,-1.1299310887104903,-0.3257955993666074,-0.4413487512114661,-0.8808079818064339,-0.6089598505988263,False,-1
2.5904838420151712,-0.020142932469433005,-0.05517446472814736,-0.4413487512114661,0.6189018392404444,1.887604959867398,True,0
-0.4429183654555538,0.30626534877793676,-0.8670378686435275,-0.4413487512114661,0.6189018392404444,-0.6089598505988263,True,3
0.03852836603647916,0.4368286612768847,-0.3257955993666074,-0.4413487512114661,0.6189018392404444,0.6393225546342859,True,1
-0.30477481141514134,0.4368286612768847,-0.3257955993666074,-0.4413487512114661,0.6189018392404444,-0.6089598505988263,True,1
-0.24433700652246088,0.8285185987737285,-0.3257955993666074,-0.4413487512114661,-0.8808079818064339,-0.6089598505988263,True,2
-0.08954222052182004,0.7632369425242544,-0.05517446472814736,-0.4413487512114661,0.6189018392404444,-0.6089598505988263,True,2
-0.16622011584484672,0.6326736300253065,-0.3257955993666074,-0.4413487512114661,-2.380517802853312,0.6393225546342859,True,0
-0.08954222052182004,0.7632369425242544,-0.8670378686435275,-0.4413487512114661,0.6189018392404444,-0.6089598505988263,True,1
0.4778330907155887,-1.0646494324610163,-0.05517446472814736,-0.4413487512114661,0.6189018392404444,-0.6089598505988263,False,-1
-0.08789765440229136,0.7632369425242544,-0.5964167340050675,-0.4413487512114661,0.6189018392404444,-0.6089598505988263,True,3
-0.6373883090898249,-1.2604944012094381,-0.8670378686435275,-0.4413487512114661,-0.8808079818064339,-0.6089598505988263,False,-1
-0.3356104261563048,-1.2604944012094381,-0.8670378686435275,-0.4413487512114661,0.6189018392404444,-0.6089598505988263,False,4
0.15529256052301818,0.24098369252846283,-0.05517446472814736,-0.4413487512114661,0.6189018392404444,0.6393225546342859,True,3
-0.9784302081270934,-1.3257760574589121,-0.05517446472814736,-0.4413487512114661,-0.8808079818064339,-0.6089598505988263,False,-1
1.2080204477863403,-1.8480293074547038,-0.5964167340050675,-0.4413487512114661,0.6189018392404444,0.6393225546342859,False,1
0.021465992546368717,0.8285185987737285,-0.8670378686435275,-0.4413487512114661,0.6189018392404444,-0.6089598505988263,True,0
0.06771941465811399,-0.8688044637125945,-0.3257955993666074,-0.4413487512114661,0.6189018392404444,-0.6089598505988263,False,0
-1.2588287315067404,1.2854901925200461,-0.8670378686435275,-0.4413487512114661,0.6189018392404444,-0.6089598505988263,True,1
-0.25996038465798355,0.6326736300253065,-0.05517446472814736,-0.4413487512114661,0.6189018392404444,0.6393225546342859,True,2
-0.38844211274616486,0.7632369425242544,-0.3257955993666074,-0.4413487512114661,2.1186116602873226,0.6393225546342859,True,0
3.388098409986602,-1.521621026207334,1.297931208464153,-0.4413487512114661,0.6189018392404444,0.6393225546342859,False,3
0.10533886464233343,0.5673919737758326,-0.5964167340050675,-0.4413487512114661,0.6189018392404444,0.6393225546342859,True,4
0.48831719972758414,0.30626534877793676,-0.8670378686435275,-0.4413487512114661,0.6189018392404444,0.6393225546342859,True,-1
0.30823720963918944,-1.9133109637041779,0.48606780454877274,-0.4413487512114661,0.6189018392404444,-0.6089598505988263,False,-1
2.1275384793678365,-1.9133109637041779,-0.8670378686435275,-0.4413487512114661,0.6189018392404444,1.887604959867398,False,4
0.11088927529574279,0.6979552862747805,-1.1376590032819875,-0.4413487512114661,2.1186116602873226,-0.6089598505988263,True,-1
-0.9083305772821818,0.7632369425242544,-0.3257955993666074,-0.4413487512114661,2.1186116602873226,1.887604959867398,True,4
1.348219709476164,-0.15070624496838092,1.297931208464153,-0.4413487512114661,0.6189018392404444,0.6393225546342859,False,1
0.44268048991066217,-0.28126955746732885,-0.3257955993666074,-0.4413487512114661,-0.8808079818064339,-0.6089598505988263,False,2
0.22107520530416705,0.30626534877793676,-0.05517446472814736,-0.4413487512114661,0.6189018392404444,0.6393225546342859,True,4
0.2607503629377976,0.4368286612768847,-0.5964167340050675,-0.4413487512114661,0.6189018392404444,0.6393225546342859,True,-1
0.3267385784838874,0.4368286612768847,-0.3257955993666074,-0.4413487512114661,0.6189018392404444,0.6393225546342859,False,2
-0.8548821783974984,0.4368286612768847,-0.05517446472814736,-0.4413487512114661,-0.8808079818064339,-0.6089598505988263,False,3
-0.06055674266512641,0.4368286612768847,1.297931208464153,-0.4413487512114661,-0.8808079818064339,0.6393225546342859,False,1
0.8275089618803828,-2.043874276203126,-0.5964167340050675,-0.4413487512114661,0.6189018392404444,0.6393225546342859,False,0
-0.08111381915923542,-2.1091559324525995,-0.8670378686435275,-0.4413487512114661,0.6189018392404444,-0.6089598505988263,False,3
0.16495438647524968,0.4368286612768847,-0.5964167340050675,-0.4413487512114661,0.6189018392404444,-0.6089598505988263,True,-1
0.48112222295464613,0.5021103175263587,-0.8670378686435275,-0.4413487512114661,0.6189018392404444,0.6393225546342859,False,3
0.46652669864382856,-1.2604944012094381,-0.5964167340050675,-0.4413487512114661,0.6189018392404444,-0.6089598505988263,False,4
0.06237457476964554,0.17570203627898887,-0.05517446472814736,-0.4413487512114661,0.6189018392404444,0.6393225546342859,True,-1
0.08683749579763521,-1.7174659949557558,-0.05517446472814736,-0.4413487512114661,0.6189018392404444,0.6393225546342859,False,2
-1.0090602521033158,-0.9993677762115424,0.2154466699103127,-0.4413487512114661,-0.8808079818064339,-0.6089598505988263,False,-1
-0.1884217584584844,0.5021103175263587,-0.3257955993666074,-0.4413487512114661,0.6189018392404444,-0.6089598505988263,True,-1
1.6933730238122542,-1.586902682456808,1.0273100738256928,-0.4413487512114661,0.6189018392404444,0.6393225546342859,False,0
-0.7800544199589415,0.8285185987737285,-0.3257955993666074,-0.4413487512114661,-0.8808079818064339,-0.6089598505988263,True,3
0.39992177080291547,-1.8480293074547038,2.6510368816564536,-0.4413487512114661,0.6189018392404444,-0.6089598505988263,False,-1
-0.9533505748042804,-0.3465512137168028,1.0273100738256928,-0.4413487512114661,0.6189018392404444,-0.6089598505988263,False,-1
0.24759383398156778,-1.0646494324610163,0.48606780454877274,-0.4413487512114661,0.6189018392404444,-0.6089598505988263,False,-1
0.9510569916099777,-1.2604944012094381,0.2154466699103127,-0.4413487512114661,0.6189018392404444,-0.6089598505988263,False,-1
0.06422471165411542,0.17570203627898887,-0.8670378686435275,-0.4413487512114661,0.6189018392404444,-0.6089598505988263,True,1
-0.6663737869465188,-0.21598790121785488,-1.1376590032819875,-0.4413487512114661,0.6189018392404444,-0.6089598505988263,False,-1
-0.04986706288818951,0.5673919737758326,-0.8670378686435275,-0.4413487512114661,0.6189018392404444,-0.6089598505988263,True,1
-0.12263911367733553,0.5673919737758326,-0.5964167340050675,-0.4413487512114661,-0.8808079818064339,-0.6089598505988263,True,1
0.6239939045887035,0.11042038002951492,-0.5964167340050675,-0.4413487512114661,0.6189018392404444,-0.6089598505988263,True,-1
0.8928804651316495,0.11042038002951492,-0.05517446472814736,-0.4413487512114661,2.1186116602873226,1.887604959867398,True,0
-1.1231520266456207,-0.15070624496838092,-0.8670378686435275,-0.4413487512114661,-0.8808079818064339,-0.6089598505988263,False,3
-1.2499891886142733,-0.21598790121785488,1.0273100738256928,-0.4413487512114661,-0.8808079818064339,-0.6089598505988263,False,-1
4.0668930758220805,-1.1299310887104903,-0.3257955993666074,-0.4413487512114661,0.6189018392404444,0.6393225546342859,False,3
0.2656840612963836,-0.9340861199620684,-0.5964167340050675,-0.4413487512114661,0.6189018392404444,1.887604959867398,True,3
0.9448898686617454,-0.41183286996627677,-1.1376590032819875,-0.4413487512114661,0.6189018392404444,0.6393225546342859,True,-1
-0.33232129391724746,-0.5423961824652247,-0.3257955993666074,-0.4413487512114661,0.6189018392404444,-0.6089598505988263,False,1
-0.40858804771039176,-0.4771145262157507,-0.05517446472814736,-0.4413487512114661,0.6189018392404444,-0.6089598505988263,False,4
2.6182358952822185,-2.1091559324525995,-0.05517446472814736,-0.4413487512114661,0.6189018392404444,0.6393225546342859,False,4
0.013859874243548292,0.5673919737758326,-1.1376590032819875,-0.4413487512114661,0.6189018392404444,-0.6089598505988263,True,2
-0.3960482310489853,-0.9340861199620684,-0.3257955993666074,-0.4413487512114661,-0.8808079818064339,-0.6089598505988263,False,-1
-0.43120083185391156,-0.9340861199620684,-0.8670378686435275,-0.4413487512114661,-0.8808079818064339,-0.6089598505988263,False,2
0.06771941465811399,-0.9340861199620684,-0.05517446472814736,-0.4413487512114661,-0.8808079818064339,-0.6089598505988263,False,2
-0.4120827507143903,-0.9340861199620684,0.2154466699103127,-0.4413487512114661,-0.8808079818064339,-0.6089598505988263,False,4
-0.10722130630675378,0.5673919737758326,-0.3257955993666074,-0.4413487512114661,0.6189018392404444,0.6393225546342859,True,3
-0.7039932369307382,-0.41183286996627677,-0.05517446472814736,-0.4413487512114661,-0.8808079818064339,-0.6089598505988263,False,4
0.35819090551987415,0.11042038002951492,-0.5964167340050675,-0.4413487512114661,0.6189018392404444,0.6393225546342859,True,2
0.15775940970231134,0.5673919737758326,-0.5964167340050675,-0.4413487512114661,0.6189018392404444,-0.6089598505988263,True,3
0.4745439584765311,0.3715470050274107,-0.05517446472814736,-0.4413487512114661,0.6189018392404444,-0.6089598505988263,True,2
-0.0299266986889038,0.6326736300253065,-0.3257955993666074,-0.4413487512114661,0.6189018392404444,0.6393225546342859,True,-1
0.7397302452505371,-1.1952127449599643,0.2154466699103127,-0.4413487512114661,-0.8808079818064339,-0.6089598505988263,False,4
-0.05171719977265939,0.3715470050274107,-0.05517446472814736,-0.4413487512114661,0.6189018392404444,-0.6089598505988263,True,3
0.0035813359964937883,-1.9133109637041779,-0.3257955993666074,-0.4413487512114661,0.6189018392404444,-0.6089598505988263,False,0
0.7974956301989834,-0.28126955746732885,-0.8670378686435275,-0.4413487512114661,0.6189018392404444,0.6393225546342859,True,-1
-0.06261245031453719,0.6326736300253065,-0.5964167340050675,-0.4413487512114661,0.6189018392404444,-0.6089598505988263,True,4
-0.2628383753671588,-1.652184338706282,1.0273100738256928,-0.4413487512114661,0.6189018392404444,-0.6089598505988263,False,0
-0.30354138682549475,-1.652184338706282,-0.05517446472814736,-0.4413487512114661,0.6189018392404444,-0.6089598505988263,False,-1
-0.6402662997990002,-1.652184338706282,-0.3257955993666074,-0.4413487512114661,0.6189018392404444,-0.6089598505988263,False,3
1.905316482466518,0.045138723780040954,-0.05517446472814736,-0.4413487512114661,0.6189018392404444,1.887604959867398,True,-1
1.3048442780735938,-1.521621026207334,-0.8670378686435275,-0.4413487512114661,0.6189018392404444,0.6393225546342859,False,2
0.28254086402155315,0.24098369252846283,-0.3257955993666074,-0.4413487512114661,0.6189018392404444,0.6393225546342859,True,2
0.5082575639268698,-0.28126955746732885,0.2154466699103127,-0.4413487512114661,0.6189018392404444,0.6393225546342859,False,0
0.5993254127957729,-1.1952127449599643,1.839173477741073,-0.4413487512114661,2.1186116602873226,0.6393225546342859,False,0
-0.3635680501882931,-0.41183286996627677,0.48606780454877274,-0.4413487512114661,0.6189018392404444,-0.6089598505988263,False,-1
0.01797128954237015,0.6326736300253065,-0.3257955993666074,-0.4413487512114661,0.6189018392404444,-0.6089598505988263,True,-1
0.5109299838711042,0.6326736300253065,-0.8670378686435275,-0.4413487512114661,0.6189018392404444,0.6393225546342859,True,0
0.7128004750432548,-0.6076778387146986,-0.3257955993666074,-0.4413487512114661,0.6189018392404444,0.6393225546342859,False,0
0.6873097001905595,-0.41183286996627677,-0.5964167340050675,-0.4413487512114661,0.6189018392404444,0.6393225546342859,False,0
-0.17732093715166541,-0.3465512137168028,-0.5964167340050675,-0.4413487512114661,0.6189018392404444,0.6393225546342859,True,1
-0.13908477487262266,-0.3465512137168028,-0.8670378686435275,-0.4413487512114661,0.6189018392404444,-0.6089598505988263,True,1
-0.3193703357259586,-0.3465512137168028,-1.1376590032819875,-0.4413487512114661,0.6189018392404444,0.6393225546342859,True,2
0.44268048991066217,0.3715470050274107,-0.3257955993666074,-0.4413487512114661,0.6189018392404444,0.6393225546342859,True,-1
-0.17423737567754896,-1.1952127449599643,-0.5964167340050675,-0.4413487512114661,-0.8808079818064339,-0.6089598505988263,False,-1
0.33619483367117764,-0.3465512137168028,0.2154466699103127,-0.4413487512114661,0.6189018392404444,0.6393225546342859,False,4
0.7757051291152278,-0.3465512137168028,0.7566889391872328,-0.4413487512114661,0.6189018392404444,0.6393225546342859,False,3
-0.9105918556965338,-0.21598790121785488,-0.3257955993666074,-0.4413487512114661,-0.8808079818064339,-0.6089598505988263,False,-1
-0.18801061692860202,-1.7827476512052298,0.2154466699103127,-0.4413487512114661,0.6189018392404444,-0.6089598505988263,False,-1
-0.14072934099215137,0.3715470050274107,-1.1376590032819875,-0.4413487512114661,0.6189018392404444,0.6393225546342859,True,2
0.17667192007689167,0.3715470050274107,-0.5964167340050675,-0.4413487512114661,0.6189018392404444,0.6393225546342859,True,-1
-0.36706275319229165,0.3715470050274107,-0.05517446472814736,-0.4413487512114661,0.6189018392404444,-0.6089598505988263,True,0
0.282335293256612,-1.45633936995786,0.2154466699103127,-0.4413487512114661,-0.8808079818064339,-0.6089598505988263,False,0
1.7655283623065767,-1.521621026207334,-0.8670378686435275,-0.4413487512114661,0.6189018392404444,0.6393225546342859,False,-1
0.29343611456343094,0.24098369252846283,-0.05517446472814736,-0.4413487512114661,0.6189018392404444,0.6393225546342859,True,2
1.3307461944561711,-1.9785926199536517,1.839173477741073,-0.4413487512114661,0.6189018392404444,0.6393225546342859,False,4
-0.0404108077008995,0.3715470050274107,-0.05517446472814736,-0.4413487512114661,0.6189018392404444,-0.6089598505988263,True,1
-0.7841658352577634,-0.28126955746732885,-1.1376590032819875,-0.4413487512114661,-0.8808079818064339,-0.6089598505988263,False,4
0.42356240877114093,0.24098369252846283,-0.5964167340050675,-0.4413487512114661,0.6189018392404444,0.6393225546342859,True,3
-1.2882253508933161,-0.41183286996627677,-0.5964167340050675,-0.4413487512114661,-0.8808079818064339,-0.6089598505988263,False,2
0.11520626135950583,0.3715470050274107,-0.3257955993666074,-0.4413487512114661,0.6189018392404444,0.6393225546342859,True,4
-0.4334621102682638,0.3715470050274107,-0.05517446472814736,-0.4413487512114661,0.6189018392404444,-0.6089598505988263,True,4
-0.3808359944433447,-0.6076778387146986,-1.1376590032819875,-0.4413487512114661,0.6189018392404444,-0.6089598505988263,False,0
-0.3818638482680501,-0.6076778387146986,-1.1376590032819875,-0.4413487512114661,0.6189018392404444,-0.6089598505988263,False,0
-1.0275616209480138,-0.41183286996627677,-0.8670378686435275,-0.4413487512114661,-0.8808079818064339,-0.6089598505988263,False,3
0.9317333397055153,-1.0646494324610163,0.7566889391872328,-0.4413487512114661,0.6189018392404444,0.6393225546342859,False,1
0.44473619756007327,-1.45633936995786,-0.5964167340050675,-0.4413487512114661,0.6189018392404444,-0.6089598505988263,True,4
0.3427730981492924,0.30626534877793676,-0.3257955993666074,-0.4413487512114661,0.6189018392404444,0.6393225546342859,True,1
-0.3958426602840441,0.30626534877793676,-0.3257955993666074,-0.4413487512114661,0.6189018392404444,-0.6089598505988263,True,0
0.18078333537571353,-1.7827476512052298,-0.8670378686435275,-0.4413487512114661,-0.8808079818064339,-0.6089598505988263,False,-1
1.45306079959612,-1.586902682456808,-0.5964167340050675,-0.4413487512114661,0.6189018392404444,0.6393225546342859,False,1
-0.44332950698543594,-1.1952127449599643,-0.5964167340050675,-0.4413487512114661,0.6189018392404444,-0.6089598505988263,False,1
-0.004847065366090834,0.3715470050274107,-0.8670378686435275,-0.4413487512114661,0.6189018392404444,0.6393225546342859,True,-1
-0.09776505111946346,0.24098369252846283,-1.1376590032819875,-0.4413487512114661,0.6189018392404444,-0.6089598505988263,True,2
0.04284535210024192,0.24098369252846283,-0.05517446472814736,-0.4413487512114661,0.6189018392404444,0.6393225546342859,True,4
0.21758050230016848,0.30626534877793676,-0.8670378686435275,-0.4413487512114661,0.6189018392404444,0.6393225546342859,True,-1
0.04284535210024192,0.24098369252846283,-0.05517446472814736,-0.4413487512114661,0.6189018392404444,0.6393225546342859,True,4
1.4713565976758767,-0.08542458871890696,-0.05517446472814736,-0.4413487512114661,0.6189018392404444,0.6393225546342859,False,2
-0.5304915113204584,-0.15070624496838092,-0.5964167340050675,-0.4413487512114661,0.6189018392404444,-0.6089598505988263,False,-1
-0.3123809297179617,0.3715470050274107,-0.8670378686435275,-0.4413487512114661,0.6189018392404444,0.6393225546342859,True,3
-0.4024209247621591,-0.5423961824652247,0.2154466699103127,-0.4413487512114661,0.6189018392404444,0.6393225546342859,False,-1
-0.06446258719900708,0.3715470050274107,-0.5964167340050675,-0.4413487512114661,0.6189018392404444,0.6393225546342859,True,-1
-0.37857471602899273,0.3715470050274107,-1.1376590032819875,-0.4413487512114661,0.6189018392404444,-0.6089598505988263,True,1
0.8244254004062663,0.11042038002951492,-0.05517446472814736,-0.4413487512114661,0.6189018392404444,0.6393225546342859,True,-1
0.5682842272896682,0.17570203627898887,0.48606780454877274,-0.4413487512114661,2.1186116602873226,4.384169770333622,False,2
0.07326982531152333,-0.6076778387146986,-0.05517446472814736,-0.4413487512114661,0.6189018392404444,-0.6089598505988263,False,2
-1.119040611346799,-0.6076778387146986,-0.05517446472814736,-0.4413487512114661,-0.8808079818064339,-0.6089598505988263,False,1
-0.059323318075479824,0.6979552862747805,-0.3257955993666074,-0.4413487512114661,0.6189018392404444,0.6393225546342859,True,2
-0.16272541284084815,0.8285185987737285,-0.5964167340050675,-0.4413487512114661,0.6189018392404444,-0.6089598505988263,True,3
0.312348624938011,-1.2604944012094381,-0.5964167340050675,-0.4413487512114661,-0.8808079818064339,-0.6089598505988263,False,0
-0.19253317375730597,-1.2604944012094381,-0.8670378686435275,-0.4413487512114661,-0.8808079818064339,-0.6089598505988263,False,4
0.08375393432351903,0.6979552862747805,-0.5964167340050675,-0.4413487512114661,0.6189018392404444,0.6393225546342859,True,1
-0.785604830612351,-1.2604944012094381,1.839173477741073,-0.4413487512114661,-0.8808079818064339,-0.6089598505988263,False,2
2.0048127326980056,-0.4771145262157507,1.839173477741073,-0.4413487512114661,0.6189018392404444,0.6393225546342859,False,2
-0.43777909633202655,0.8285185987737285,-0.5964167340050675,-0.4413487512114661,0.6189018392404444,-0.6089598505988263,True,2
0.24615483862698,0.17570203627898887,-0.8670378686435275,-0.4413487512114661,0.6189018392404444,0.6393225546342859,True,-1
0.22004735147946167,0.24098369252846283,-0.05517446472814736,-0.4413487512114661,0.6189018392404444,0.6393225546342859,True,-1
4.4817348794732,-0.5423961824652247,1.568552343102613,-0.4413487512114661,-0.8808079818064339,1.887604959867398,False,1
0.31378762029259877,0.4368286612768847,-0.3257955993666074,-0.4413487512114661,0.6189018392404444,0.6393225546342859,True,-1
1.1689620024475336,-0.3465512137168028,0.2154466699103127,-0.4413487512114661,0.6189018392404444,0.6393225546342859,False,3
0.170504797128659,-0.6729594949641726,-0.05517446472814736,-0.4413487512114661,0.6189018392404444,0.6393225546342859,False,4
-0.16128641748626038,-0.5423961824652247,0.48606780454877274,-0.4413487512114661,0.6189018392404444,0.6393225546342859,False,-1
-0.1555304360679098,-0.5423961824652247,1.297931208464153,-0.4413487512114661,0.6189018392404444,0.6393225546342859,False,2
1.070493606040751,-0.4771145262157507,1.0273100738256928,-0.4413487512114661,0.6189018392404444,0.6393225546342859,False,1
0.37895355277892434,-0.5423961824652247,2.3804157470179934,-0.4413487512114661,0.6189018392404444,-0.6089598505988263,False,4
1.219737981387983,-0.5423961824652247,-0.05517446472814736,-0.4413487512114661,0.6189018392404444,0.6393225546342859,False,1
1.4380541337554207,-0.6076778387146986,0.7566889391872328,-0.4413487512114661,-0.8808079818064339,0.6393225546342859,False,-1
1.4769070083292863,-0.7382411512136465,1.839173477741073,-0.4413487512114661,0.6189018392404444,0.6393225546342859,False,-1
1.582775952273948,-0.7382411512136465,1.297931208464153,-0.4413487512114661,-2.380517802853312,-1.8572422558319384,False,-1
2.1873595719656937,-0.6076778387146986,0.7566889391872328,-0.4413487512114661,-0.8808079818064339,0.6393225546342859,False,0
1.637252204983337,-0.7382411512136465,1.297931208464153,-0.4413487512114661,0.6189018392404444,0.6393225546342859,False,-1
-1.2892532047180216,-1.1952127449599643,0.7566889391872328,-0.4413487512114661,-0.8808079818064339,-0.6089598505988263,False,0
0.45624816039677407,-0.3465512137168028,1.839173477741073,-0.4413487512114661,0.6189018392404444,-0.6089598505988263,False,2
-0.0613790257248906,0.30626534877793676,-0.5964167340050675,-0.4413487512114661,0.6189018392404444,0.6393225546342859,True,0
-0.07720797462535446,0.30626534877793676,-0.3257955993666074,-0.4413487512114661,0.6189018392404444,0.6393225546342859,True,-1
3.8181524502433613,0.24098369252846283,-0.3257955993666074,-0.4413487512114661,0.6189018392404444,3.13588736510051,True,2
0.49654003032522787,0.3715470050274107,-0.3257955993666074,-0.4413487512114661,-2.380517802853312,5.632452175566734,True,-1
-0.13332879345427212,0.5673919737758326,-0.5964167340050675,-0.4413487512114661,0.6189018392404444,-0.6089598505988263,True,-1
0.07758681137528639,0.30626534877793676,-0.3257955993666074,-0.4413487512114661,0.6189018392404444,0.6393225546342859,True,4
3.21254097672691,-0.4771145262157507,-0.3257955993666074,-0.4413487512114661,0.6189018392404444,0.6393225546342859,False,-1
0.6231716215289392,0.4368286612768847,1.297931208464153,-0.4413487512114661,0.6189018392404444,1.887604959867398,False,1
-0.0724798470317096,0.5021103175263587,-0.5964167340050675,-0.4413487512114661,0.6189018392404444,-0.6089598505988263,True,-1
0.5540998445087331,0.4368286612768847,2.3804157470179934,-0.4413487512114661,0.6189018392404444,0.6393225546342859,False,3
-1.2726019727577933,-0.3465512137168028,1.0273100738256928,-0.4413487512114661,-0.8808079818064339,-0.6089598505988263,False,-1
-0.8219908560069239,-0.3465512137168028,2.3804157470179934,-0.4413487512114661,-0.8808079818064339,-0.6089598505988263,False,-1
-0.9691795237047445,-0.41183286996627677,0.2154466699103127,-0.4413487512114661,0.6189018392404444,-0.6089598505988263,False,-1
0.06196343323976344,-0.41183286996627677,0.2154466699103127,-0.4413487512114661,0.6189018392404444,-0.6089598505988263,False,2
0.3958103555040936,0.3715470050274107,-1.1376590032819875,-0.4413487512114661,0.6189018392404444,0.6393225546342859,True,0
2.09608615233185,-0.020142932469433005,0.2154466699103127,-0.4413487512114661,0.6189018392404444,0.6393225546342859,False,0
2.5380632969551935,-0.8035228074631204,-0.05517446472814736,-0.4413487512114661,0.6189018392404444,0.6393225546342859,False,-1
0.5645839535207288,-1.3257760574589121,1.297931208464153,-0.4413487512114661,-2.380517802853312,-0.6089598505988263,False,2
0.6478401133218699,-1.9785926199536517,1.839173477741073,-0.4413487512114661,-0.8808079818064339,-0.6089598505988263,False,2
-0.5050007364677629,0.5021103175263587,-0.05517446472814736,-0.4413487512114661,0.6189018392404444,-0.6089598505988263,True,0
-0.044933364529603455,0.6979552862747805,-1.1376590032819875,-0.4413487512114661,0.6189018392404444,-0.6089598505988263,True,-1
0.6453732641425772,0.3715470050274107,-0.5964167340050675,-0.4413487512114661,0.6189018392404444,0.6393225546342859,False,-1
-0.6811748820222773,0.3715470050274107,0.48606780454877274,-0.4413487512114661,0.6189018392404444,0.6393225546342859,False,2
0.6100150925727095,0.3715470050274107,-0.05517446472814736,-0.4413487512114661,0.6189018392404444,-0.6089598505988263,False,1
2.0087185772318863,-0.08542458871890696,2.1097946123795333,-0.4413487512114661,0.6189018392404444,0.6393225546342859,False,1
1.0719326013953392,-0.28126955746732885,0.2154466699103127,-0.4413487512114661,0.6189018392404444,0.6393225546342859,False,-1
1.2791479324559576,0.045138723780040954,-0.5964167340050675,-0.4413487512114661,0.6189018392404444,0.6393225546342859,False,2
-0.936493772079111,-1.0646494324610163,-0.5964167340050675,-0.4413487512114661,-0.8808079818064339,-0.6089598505988263,False,3
0.8242198296413253,-0.41183286996627677,-0.8670378686435275,-0.4413487512114661,2.1186116602873226,1.887604959867398,False,4
1.2080204477863403,0.3715470050274107,-0.3257955993666074,-0.4413487512114661,0.6189018392404444,0.6393225546342859,False,4
1.3603483846076885,-0.28126955746732885,2.3804157470179934,-0.4413487512114661,0.6189018392404444,0.6393225546342859,False,-1
0.4171897150579671,0.3715470050274107,-1.1376590032819875,-0.4413487512114661,0.6189018392404444,0.6393225546342859,True,1
0.28562442549566935,-0.4771145262157507,0.7566889391872328,-0.4413487512114661,0.6189018392404444,0.6393225546342859,False,1
0.8418989154262594,0.17570203627898887,-0.05517446472814736,-0.4413487512114661,-2.380517802853312,4.384169770333622,True,3
0.4570704434565385,-0.28126955746732885,-0.8670378686435275,-0.4413487512114661,0.6189018392404444,0.6393225546342859,False,3
-0.28133974421185703,0.6326736300253065,-0.3257955993666074,-0.4413487512114661,0.6189018392404444,-0.6089598505988263,True,4
0.03544480456236269,0.6326736300253065,-1.1376590032819875,-0.4413487512114661,0.6189018392404444,0.6393225546342859,True,1
0.4720771092972382,0.30626534877793676,-0.3257955993666074,-0.4413487512114661,0.6189018392404444,0.6393225546342859,True,3
0.7687157231072314,-0.7382411512136465,0.2154466699103127,-0.4413487512114661,0.6189018392404444,-0.6089598505988263,False,-1
0.7923563610754562,-1.1952127449599643,-0.8670378686435275,-0.4413487512114661,0.6189018392404444,-0.6089598505988263,False,4
0.22004735147946167,-1.8480293074547038,0.2154466699103127,-0.4413487512114661,0.6189018392404444,-0.6089598505988263,False,3
1.141004378415545,-0.6076778387146986,-0.8670378686435275,-0.4413487512114661,0.6189018392404444,0.6393225546342859,False,1
0.20545182716864438,-0.9993677762115424,-0.8670378686435275,-0.4413487512114661,-0.8808079818064339,-0.6089598505988263,False,2
-0.12901180739050935,-2.1091559324525995,0.2154466699103127,-0.4413487512114661,-2.380517802853312,-1.8572422558319384,False,4
-0.06528487025877126,-2.1091559324525995,-0.3257955993666074,-0.4413487512114661,-2.380517802853312,-1.8572422558319384,False,1
-0.12901180739050935,-2.1091559324525995,0.2154466699103127,-0.4413487512114661,-2.380517802853312,-1.8572422558319384,False,-1
-0.12901180739050935,-2.1091559324525995,-0.3257955993666074,-0.4413487512114661,-2.380517802853312,-1.8572422558319384,False,4
-0.29244056551867575,1.1549268800210981,-0.5964167340050675,-0.4413487512114661,0.6189018392404444,-0.6089598505988263,True,-1
-0.33334914774195284,0.5673919737758326,-0.5964167340050675,-0.4413487512114661,-0.8808079818064339,-0.6089598505988263,True,2
-0.49780575969482493,1.0243635675221503,-0.5964167340050675,-0.4413487512114661,-0.8808079818064339,-0.6089598505988263,True,4
-0.2420757281081089,0.8285185987737285,-1.1376590032819875,-0.4413487512114661,0.6189018392404444,0.6393225546342859,True,0
0.08478178814822443,-1.652184338706282,-0.5964167340050675,-0.4413487512114661,-0.8808079818064339,-0.6089598505988263,False,-1
0.9006921541994108,-0.6076778387146986,-1.1376590032819875,-0.4413487512114661,0.6189018392404444,0.6393225546342859,False,3
2.403003304388897,-0.5423961824652247,4.8160059587641335,-0.4413487512114661,0.6189018392404444,0.6393225546342859,False,-1
0.39909948774315096,-0.6076778387146986,0.48606780454877274,-0.4413487512114661,0.6189018392404444,0.6393225546342859,False,-1
-0.018209165087261805,0.3715470050274107,-0.5964167340050675,-0.4413487512114661,0.6189018392404444,0.6393225546342859,True,1
0.853205307498019,-0.9993677762115424,-0.8670378686435275,-0.4413487512114661,0.6189018392404444,0.6393225546342859,False,1
-0.13291765192439003,-0.6076778387146986,-0.05517446472814736,-0.4413487512114661,0.6189018392404444,0.6393225546342859,False,0
-0.1997281505302443,-0.6076778387146986,1.0273100738256928,-0.4413487512114661,0.6189018392404444,-0.6089598505988263,False,0
-0.84953733850903,-0.4771145262157507,0.7566889391872328,-0.4413487512114661,-0.8808079818064339,-0.6089598505988263,False,4
-0.14956888388461836,-0.4771145262157507,1.568552343102613,-0.4413487512114661,0.6189018392404444,-0.6089598505988263,False,0
0.22950360666675168,-0.4771145262157507,3.1922791509333734,-0.4413487512114661,0.6189018392404444,-0.6089598505988263,False,1
-0.84953733850903,-0.4771145262157507,3.4629002855718336,-0.4413487512114661,0.6189018392404444,-0.6089598505988263,False,0
0.120551101247974,0.30626534877793676,-0.05517446472814736,-0.4413487512114661,2.1186116602873226,1.887604959867398,True,3
-0.23611417592481718,-0.8035228074631204,1.568552343102613,-0.4413487512114661,0.6189018392404444,0.6393225546342859,False,4
0.556361122923085,0.11042038002951492,-0.5964167340050675,-0.4413487512114661,0.6189018392404444,0.6393225546342859,True,4
0.049423616578356956,0.17570203627898887,-0.05517446472814736,-0.4413487512114661,0.6189018392404444,0.6393225546342859,True,4
0.170504797128659,0.24098369252846283,-0.3257955993666074,-0.4413487512114661,-2.380517802853312,3.13588736510051,True,4
0.2681509104756768,0.11042038002951492,-0.5964167340050675,-0.4413487512114661,0.6189018392404444,0.6393225546342859,True,-1
0.8994587296097643,0.24098369252846283,-0.05517446472814736,-0.4413487512114661,0.6189018392404444,0.6393225546342859,True,1
0.46652669864382856,0.24098369252846283,-0.05517446472814736,-0.4413487512114661,0.6189018392404444,0.6393225546342859,True,4
1.2355669302884464,-0.3465512137168028,-0.8670378686435275,-0.4413487512114661,0.6189018392404444,0.6393225546342859,False,3
0.5767126286522528,0.30626534877793676,-0.8670378686435275,-0.4413487512114661,0.6189018392404444,0.6393225546342859,True,-1
0.6472234010270466,0.30626534877793676,-1.1376590032819875,-0.4413487512114661,0.6189018392404444,0.6393225546342859,True,-1
-0.41989443978215163,-0.28126955746732885,-1.1376590032819875,-0.4413487512114661,2.1186116602873226,-0.6089598505988263,False,1
-0.564410687535738,0.30626534877793676,-0.3257955993666074,-0.4413487512114661,0.6189018392404444,0.6393225546342859,True,4
-0.4346955348579101,0.5673919737758326,-0.3257955993666074,-0.4413487512114661,-0.8808079818064339,-0.6089598505988263,True,0
1.8586519188248904,-0.9993677762115424,-0.3257955993666074,-0.4413487512114661,0.6189018392404444,0.6393225546342859,False,1
0.04448991821977061,0.3715470050274107,-0.8670378686435275,-0.4413487512114661,0.6189018392404444,0.6393225546342859,True,-1
1.3492475633008694,-1.1952127449599643,1.297931208464153,-0.4413487512114661,0.6189018392404444,0.6393225546342859,False,4
0.18653931679406408,0.30626534877793676,-0.8670378686435275,-0.4413487512114661,0.6189018392404444,0.6393225546342859,True,0
-1.1124623468686843,-1.1299310887104903,0.48606780454877274,-0.4413487512114661,-0.8808079818064339,-0.6089598505988263,False,1
-1.1159570498726827,-1.1299310887104903,1.568552343102613,-0.4413487512114661,-0.8808079818064339,-0.6089598505988263,False,3
-1.1083509315698623,-1.1299310887104903,-0.3257955993666074,-0.4413487512114661,-0.8808079818064339,-0.6089598505988263,False,-1
-1.208052752566291,-1.2604944012094381,1.568552343102613,-0.4413487512114661,-2.380517802853312,-0.6089598505988263,False,1
-1.0349621684858932,-1.2604944012094381,2.3804157470179934,-0.4413487512114661,-0.8808079818064339,-0.6089598505988263,False,-1
0.46776012323347516,-1.2604944012094381,-0.3257955993666074,-0.4413487512114661,-0.8808079818064339,-0.6089598505988263,False,1
1.3745327673886236,-1.2604944012094381,0.48606780454877274,-0.4413487512114661,0.6189018392404444,0.6393225546342859,False,3
3.4236621523214095,-1.2604944012094381,-0.5964167340050675,-0.4413487512114661,0.6189018392404444,0.6393225546342859,False,2
-0.33704942151089234,-1.652184338706282,-0.8670378686435275,-0.4413487512114661,-0.8808079818064339,-0.6089598505988263,False,4
-0.057267610426068746,-1.652184338706282,-0.3257955993666074,-0.4413487512114661,0.6189018392404444,-0.6089598505988263,False,2
-0.057267610426068746,-1.652184338706282,-0.3257955993666074,-0.4413487512114661,0.6189018392404444,-0.6089598505988263,False,1
-0.3267708832638378,-1.652184338706282,0.7566889391872328,-0.4413487512114661,0.6189018392404444,-0.6089598505988263,False,0
1.6351964973339255,-1.3910577137083862,0.48606780454877274,-0.4413487512114661,0.6189018392404444,0.6393225546342859,False,2
0.4171897150579671,-1.8480293074547038,0.2154466699103127,-0.4413487512114661,0.6189018392404444,-0.6089598505988263,False,0
-0.5617382675915039,-1.8480293074547038,1.839173477741073,-0.4413487512114661,0.6189018392404444,-0.6089598505988263,False,1
-0.8423423617360918,-1.8480293074547038,-0.3257955993666074,-0.4413487512114661,-0.8808079818064339,-0.6089598505988263,False,-1
0.8203139851074447,-1.8480293074547038,1.0273100738256928,-0.4413487512114661,0.6189018392404444,0.6393225546342859,False,-1
-0.13435664727897753,-1.8480293074547038,2.3804157470179934,-0.4413487512114661,0.6189018392404444,-0.6089598505988263,False,-1
0.03811722450659706,-1.2604944012094381,-0.8670378686435275,-0.4413487512114661,0.6189018392404444,-0.6089598505988263,False,2
1.0859114134113328,-1.521621026207334,-0.5964167340050675,-0.4413487512114661,0.6189018392404444,0.6393225546342859,False,0
1.1440879398896615,-1.7174659949557558,0.7566889391872328,-0.4413487512114661,0.6189018392404444,0.6393225546342859,False,4
0.6768255911785641,-1.3257760574589121,-0.3257955993666074,-0.4413487512114661,0.6189018392404444,-0.6089598505988263,False,-1
-0.24988741717587024,-0.4771145262157507,-0.05517446472814736,-0.4413487512114661,0.6189018392404444,-0.6089598505988263,True,0
0.8587557181514287,-1.7174659949557558,-0.3257955993666074,-0.4413487512114661,0.6189018392404444,-0.6089598505988263,False,-1
-1.2181257200484046,-0.4771145262157507,-0.5964167340050675,-0.4413487512114661,-0.8808079818064339,-0.6089598505988263,False,-1
-1.1938683697853558,-0.28126955746732885,-0.5964167340050675,-0.4413487512114661,-0.8808079818064339,-0.6089598505988263,False,4
-1.1938683697853558,-0.28126955746732885,-0.8670378686435275,-0.4413487512114661,-0.8808079818064339,-0.6089598505988263,False,1
-0.8067786194012833,-0.28126955746732885,0.2154466699103127,-0.4413487512114661,-0.8808079818064339,-0.6089598505988263,False,4
1.4041349575401407,-0.41183286996627677,2.9216580162949137,-0.4413487512114661,0.6189018392404444,0.6393225546342859,False,-1
0.449053183623836,0.11042038002951492,-0.05517446472814736,-0.4413487512114661,0.6189018392404444,1.887604959867398,True,3
-0.06343473337430168,-0.21598790121785488,-0.3257955993666074,-0.4413487512114661,0.6189018392404444,0.6393225546342859,False,3
1.6317017943299272,0.24098369252846283,1.568552343102613,-0.4413487512114661,0.6189018392404444,0.6393225546342859,False,0
0.9008977249643517,-0.9993677762115424,-0.8670378686435275,-0.4413487512114661,0.6189018392404444,0.6393225546342859,False,0
0.14953657910466792,-0.9993677762115424,0.48606780454877274,-0.4413487512114661,0.6189018392404444,0.6393225546342859,False,-1
-0.44271279469061264,0.4368286612768847,-0.05517446472814736,-0.4413487512114661,0.6189018392404444,1.887604959867398,True,3
-0.32348175102478044,0.4368286612768847,-0.05517446472814736,-0.4413487512114661,-2.380517802853312,1.887604959867398,True,3
0.18797831214865157,0.6326736300253065,-0.3257955993666074,-0.4413487512114661,0.6189018392404444,0.6393225546342859,True,4
0.10040516628374738,0.3715470050274107,-0.8670378686435275,-0.4413487512114661,0.6189018392404444,0.6393225546342859,True,3
0.2924082607387253,0.6326736300253065,-0.8670378686435275,-0.4413487512114661,0.6189018392404444,0.6393225546342859,True,3
-0.5282302329061063,0.6326736300253065,-0.3257955993666074,-0.4413487512114661,0.6189018392404444,-0.6089598505988263,True,0
1.5449509315247871,0.30626534877793676,-1.1376590032819875,-0.4413487512114661,0.6189018392404444,-0.6089598505988263,True,2
0.6848428510112663,-0.9993677762115424,1.568552343102613,-0.4413487512114661,-0.8808079818064339,-0.6089598505988263,False,1
-0.14504632705591441,-0.9993677762115424,1.568552343102613,-0.4413487512114661,0.6189018392404444,-0.6089598505988263,False,-1
1.3490419925359283,-0.9993677762115424,-0.8670378686435275,-0.4413487512114661,0.6189018392404444,0.6393225546342859,False,4
1.117774881977202,0.6326736300253065,-1.1376590032819875,-0.4413487512114661,0.6189018392404444,-0.6089598505988263,True,0
-0.8248688467160992,-0.21598790121785488,-0.3257955993666074,-0.4413487512114661,0.6189018392404444,-0.6089598505988263,False,3
0.16783237718442465,0.3715470050274107,-1.1376590032819875,-0.4413487512114661,0.6189018392404444,-0.6089598505988263,False,-1
0.06031886712023475,0.3715470050274107,-0.8670378686435275,-0.4413487512114661,-0.8808079818064339,-0.6089598505988263,False,4
0.27575702877849695,0.4368286612768847,-1.1376590032819875,-0.4413487512114661,0.6189018392404444,-0.6089598505988263,True,-1
1.0741938798096908,-0.3465512137168028,2.1097946123795333,-0.4413487512114661,0.6189018392404444,0.6393225546342859,False,3
0.04017293215600785,0.6979552862747805,-0.8670378686435275,-0.4413487512114661,0.6189018392404444,0.6393225546342859,True,0
0.10575000617221553,0.3715470050274107,-0.8670378686435275,-0.4413487512114661,0.6189018392404444,0.6393225546342859,True,-1
-1.215042158574288,-1.45633936995786,-0.5964167340050675,-0.4413487512114661,-0.8808079818064339,-0.6089598505988263,False,2
0.30679821428460163,0.045138723780040954,-0.3257955993666074,-0.4413487512114661,0.6189018392404444,0.6393225546342859,True,-1
0.4136950120539685,0.4368286612768847,-0.05517446472814736,-0.4413487512114661,0.6189018392404444,0.6393225546342859,True,-1
-0.16971481884884498,-1.45633936995786,0.48606780454877274,-0.4413487512114661,-0.8808079818064339,-0.6089598505988263,False,-1
0.058674301000706065,0.3715470050274107,-0.3257955993666074,-0.4413487512114661,0.6189018392404444,-0.6089598505988263,False,-1
0.16988808483383572,0.3715470050274107,0.2154466699103127,-0.4413487512114661,0.6189018392404444,-0.6089598505988263,False,3
-0.4141384583638011,0.8285185987737285,-0.3257955993666074,-0.4413487512114661,0.6189018392404444,0.6393225546342859,True,-1
-0.0841973806333516,0.6326736300253065,-0.3257955993666074,-0.4413487512114661,3.618321481334201,1.887604959867398,True,1
-1.0986891056176311,-0.41183286996627677,-0.5964167340050675,-0.4413487512114661,-0.8808079818064339,-0.6089598505988263,False,1
-0.3843306974473433,0.7632369425242544,-0.8670378686435275,-0.4413487512114661,0.6189018392404444,0.6393225546342859,True,4
0.3125541957029522,0.6326736300253065,-1.1376590032819875,-0.4413487512114661,0.6189018392404444,0.6393225546342859,True,-1
0.005225902116022474,0.3715470050274107,-0.05517446472814736,-0.4413487512114661,0.6189018392404444,-0.6089598505988263,True,-1
0.0035813359964937883,0.3715470050274107,-0.8670378686435275,-0.4413487512114661,0.6189018392404444,0.6393225546342859,True,4
1.2507791668940873,-1.1299310887104903,0.7566889391872328,-0.4413487512114661,0.6189018392404444,0.6393225546342859,False,-1
0.6453732641425772,-0.5423961824652247,-0.8670378686435275,-0.4413487512114661,0.6189018392404444,0.6393225546342859,False,0
0.6616133545729233,-0.4771145262157507,-1.1376590032819875,-0.4413487512114661,0.6189018392404444,0.6393225546342859,False,2
0.6110429463974149,-0.5423961824652247,0.7566889391872328,-0.4413487512114661,0.6189018392404444,0.6393225546342859,False,1
0.5966529928515388,-0.5423961824652247,-0.5964167340050675,-0.4413487512114661,0.6189018392404444,0.6393225546342859,False,0
0.5956251390268331,-0.5423961824652247,-0.5964167340050675,-0.4413487512114661,0.6189018392404444,0.6393225546342859,False,-1
-0.7952666565645822,-1.9133109637041779,0.2154466699103127,-0.4413487512114661,-0.8808079818064339,-0.6089598505988263,False,3
0.8715011055777764,-2.1091559324525995,-0.8670378686435275,-0.4413487512114661,0.6189018392404444,-0.6089598505988263,False,-1
2.012418851000826,-1.3910577137083862,-0.5964167340050675,-0.4413487512114661,0.6189018392404444,0.6393225546342859,False,4
-0.10146532488840322,0.8285185987737285,-0.5964167340050675,-0.4413487512114661,0.6189018392404444,0.6393225546342859,True,4
0.7111559089237258,-0.21598790121785488,-0.05517446472814736,-0.4413487512114661,0.6189018392404444,0.6393225546342859,False,-1
-0.03486039704749015,0.3715470050274107,-0.5964167340050675,-0.4413487512114661,0.6189018392404444,0.6393225546342859,True,1
-0.32492074637936824,0.4368286612768847,-1.1376590032819875,-0.4413487512114661,0.6189018392404444,0.6393225546342859,True,-1
-1.0491465512668285,-1.9133109637041779,-0.3257955993666074,-0.4413487512114661,-0.8808079818064339,-0.6089598505988263,False,-1
-0.7403792623253111,-1.9133109637041779,-0.8670378686435275,-0.4413487512114661,-0.8808079818064339,-0.6089598505988263,False,1
0.2480049755114499,0.4368286612768847,-1.1376590032819875,-0.4413487512114661,0.6189018392404444,0.6393225546342859,True,1
0.3022756574558977,0.3715470050274107,-0.3257955993666074,-0.4413487512114661,0.6189018392404444,-0.6089598505988263,False,-1
0.8472437553147276,0.30626534877793676,-0.05517446472814736,-0.4413487512114661,0.6189018392404444,-0.6089598505988263,True,2
-1.6383123635879928,0.3715470050274107,-0.5964167340050675,-0.4413487512114661,0.6189018392404444,0.6393225546342859,True,4
2.0716232313038603,-1.3257760574589121,0.7566889391872328,-0.4413487512114661,0.6189018392404444,0.6393225546342859,False,3
1.0558980817299342,-0.28126955746732885,-0.8670378686435275,-0.4413487512114661,0.6189018392404444,0.6393225546342859,False,1
1.9928896283314224,-0.08542458871890696,-0.05517446472814736,-0.4413487512114661,0.6189018392404444,0.6393225546342859,False,-1
-0.5424146156870415,0.5021103175263587,-0.5964167340050675,-0.4413487512114661,-0.8808079818064339,-0.6089598505988263,True,2
-0.2640717999568054,0.3715470050274107,-0.3257955993666074,-0.4413487512114661,0.6189018392404444,0.6393225546342859,True,1
1.0877615502958027,-0.41183286996627677,0.2154466699103127,-0.4413487512114661,0.6189018392404444,0.6393225546342859,False,2
0.13411877173408615,-1.9133109637041779,0.48606780454877274,-0.4413487512114661,-0.8808079818064339,-0.6089598505988263,False,4
0.6694250436406846,-1.9133109637041779,0.2154466699103127,-0.4413487512114661,-0.8808079818064339,-0.6089598505988263,False,-1
0.3748421374801025,0.4368286612768847,-0.5964167340050675,-0.4413487512114661,0.6189018392404444,-0.6089598505988263,True,3
0.7249291501747787,0.5673919737758326,-0.5964167340050675,-0.4413487512114661,0.6189018392404444,0.6393225546342859,True,1
0.08909877421198718,0.5673919737758326,-0.8670378686435275,-0.4413487512114661,0.6189018392404444,-0.6089598505988263,True,4
0.015915581892959368,0.5021103175263587,-0.05517446472814736,-0.4413487512114661,0.6189018392404444,0.6393225546342859,True,3
-0.22521892538293936,0.5673919737758326,-0.3257955993666074,-0.4413487512114661,0.6189018392404444,-0.6089598505988263,True,-1
0.5941861436722456,0.5673919737758326,-0.3257955993666074,-0.4413487512114661,0.6189018392404444,0.6393225546342859,True,1
0.20277940722441,0.5021103175263587,-0.05517446472814736,-0.4413487512114661,3.618321481334201,1.887604959867398,True,4
-0.08913107899193794,0.8285185987737285,-0.5964167340050675,-0.4413487512114661,0.6189018392404444,-0.6089598505988263,True,1
0.06175786247482224,0.4368286612768847,-0.8670378686435275,-0.4413487512114661,0.6189018392404444,0.6393225546342859,True,3
1.7663506453663413,-1.7827476512052298,-0.5964167340050675,-0.4413487512114661,0.6189018392404444,0.6393225546342859,False,2
-0.5269968083164598,-1.7827476512052298,-0.05517446472814736,-0.4413487512114661,0.6189018392404444,-0.6089598505988263,False,-1
1.142854515300015,-1.7827476512052298,-0.3257955993666074,-0.4413487512114661,0.6189018392404444,-0.6089598505988263,False,-1
-0.7566193527556573,-2.1091559324525995,-0.5964167340050675,-0.4413487512114661,-0.8808079818064339,-0.6089598505988263,False,3
0.3830649680777462,-2.1091559324525995,-0.5964167340050675,-0.4413487512114661,-0.8808079818064339,-0.6089598505988263,False,-1
0.8811629315300076,-2.1091559324525995,-0.5964167340050675,-0.4413487512114661,0.6189018392404444,-0.6089598505988263,False,3
0.7900950826611045,-2.1091559324525995,-0.5964167340050675,-0.4413487512114661,0.6189018392404444,-0.6089598505988263,False,4
-0.9724686559438018,-2.1091559324525995,-0.8670378686435275,-0.4413487512114661,-0.8808079818064339,-0.6089598505988263,False,0
0.2253921913679301,-2.1091559324525995,0.7566889391872328,-0.4413487512114661,-0.8808079818064339,-0.6089598505988263,False,0
-0.04781135523877873,-0.3465512137168028,0.48606780454877274,-0.4413487512114661,-0.8808079818064339,-0.6089598505988263,False,-1
-0.7309230071380209,1.9383067550147857,-0.8670378686435275,-0.4413487512114661,-0.8808079818064339,-0.6089598505988263,True,2
0.5781516240068406,0.5021103175263587,-0.3257955993666074,-0.4413487512114661,0.6189018392404444,0.6393225546342859,True,0
-1.2972704645507243,-0.5423961824652247,-0.05517446472814736,-0.4413487512114661,-2.380517802853312,-0.6089598505988263,False,4
-0.7255781672495527,0.7632369425242544,-0.3257955993666074,-0.4413487512114661,-0.8808079818064339,-0.6089598505988263,True,4
-0.056445327366304546,0.7632369425242544,-0.5964167340050675,-0.4413487512114661,-2.380517802853312,-1.8572422558319384,True,2
-0.30107453764620157,0.7632369425242544,-0.8670378686435275,-0.4413487512114661,0.6189018392404444,0.6393225546342859,True,4
-1.4230797726946713,0.6326736300253065,0.2154466699103127,-0.4413487512114661,-2.380517802853312,-0.6089598505988263,False,4
0.15529256052301818,0.8285185987737285,-0.5964167340050675,-0.4413487512114661,0.6189018392404444,0.6393225546342859,True,-1
-0.4803322446748321,0.8938002550232024,1.297931208464153,-0.4413487512114661,-0.8808079818064339,-0.6089598505988263,False,3
0.1618708250011332,0.6326736300253065,-0.5964167340050675,-0.4413487512114661,0.6189018392404444,0.6393225546342859,True,3
-0.20096157511989088,0.9590819112726764,-0.8670378686435275,-0.4413487512114661,0.6189018392404444,0.6393225546342859,True,-1
0.059496584060470266,0.7632369425242544,-0.05517446472814736,-0.4413487512114661,-0.8808079818064339,-0.6089598505988263,True,3
-0.1573805729523797,1.0243635675221503,-0.8670378686435275,-0.4413487512114661,2.1186116602873226,0.6393225546342859,True,0
0.08519292967810653,1.0243635675221503,-0.8670378686435275,-0.4413487512114661,0.6189018392404444,0.6393225546342859,True,4
-0.046783501414073336,0.9590819112726764,-0.5964167340050675,-0.4413487512114661,0.6189018392404444,0.6393225546342859,True,-1
-0.23508632210011177,0.5673919737758326,0.7566889391872328,-0.4413487512114661,0.6189018392404444,0.6393225546342859,False,-1
0.975519912637968,1.611898473767416,-0.8670378686435275,-0.4413487512114661,3.618321481334201,3.13588736510051,True,4
0.975519912637968,1.611898473767416,-0.05517446472814736,-0.4413487512114661,5.1180313023810795,4.384169770333622,True,4
-0.2661275076062165,0.5021103175263587,-0.3257955993666074,-0.4413487512114661,-0.8808079818064339,-0.6089598505988263,True,-1
-0.2860678718055022,0.6326736300253065,-0.8670378686435275,-0.4413487512114661,-0.8808079818064339,0.6393225546342859,True,-1
-0.37631343761464076,-1.1952127449599643,-0.3257955993666074,-0.4413487512114661,0.6189018392404444,-0.6089598505988263,False,4
0.7399358160154785,-2.043874276203126,-0.05517446472814736,-0.4413487512114661,0.6189018392404444,-0.6089598505988263,False,4
-0.3641847624831164,0.5673919737758326,-0.5964167340050675,-0.4413487512114661,0.6189018392404444,-0.6089598505988263,True,0
-0.5161015577745819,-0.28126955746732885,-0.05517446472814736,-0.4413487512114661,-0.8808079818064339,-0.6089598505988263,False,2
0.6792924403578566,0.4368286612768847,-0.8670378686435275,-0.4413487512114661,0.6189018392404444,0.6393225546342859,True,4
1.9466362062196771,-1.652184338706282,1.297931208464153,-0.4413487512114661,0.6189018392404444,0.6393225546342859,False,0
1.7618280885376374,-1.652184338706282,1.839173477741073,-0.4413487512114661,0.6189018392404444,0.6393225546342859,False,3
-0.4412737993360251,-0.4771145262157507,-0.8670378686435275,-0.4413487512114661,0.6189018392404444,-0.6089598505988263,True,-1
-0.10845473089640036,0.9590819112726764,-0.5964167340050675,-0.4413487512114661,0.6189018392404444,-0.6089598505988263,True,1
0.9714084973391458,-1.3910577137083862,-0.3257955993666074,-0.4413487512114661,-0.8808079818064339,0.6393225546342859,False,4
-0.26057709695280684,0.4368286612768847,-0.5964167340050675,-0.4413487512114661,0.6189018392404444,0.6393225546342859,True,-1
1.2927156029420694,-2.043874276203126,2.3804157470179934,-0.4413487512114661,-0.8808079818064339,0.6393225546342859,False,4
1.5026033539469226,-2.043874276203126,2.1097946123795333,-0.4413487512114661,-0.8808079818064339,0.6393225546342859,False,4
-0.628343195432417,0.8285185987737285,-0.5964167340050675,-0.4413487512114661,-0.8808079818064339,-0.6089598505988263,True,2
0.08087594361434376,0.3715470050274107,-0.05517446472814736,-0.4413487512114661,-2.380517802853312,4.384169770333622,True,2
0.30638707275471955,0.3715470050274107,0.2154466699103127,-0.4413487512114661,0.6189018392404444,0.6393225546342859,False,-1
0.16145968347125111,0.3715470050274107,-0.8670378686435275,-0.4413487512114661,0.6189018392404444,0.6393225546342859,False,0
0.6104262341025916,0.3715470050274107,0.48606780454877274,-0.4413487512114661,0.6189018392404444,-0.6089598505988263,False,-1
0.416778573528085,0.3715470050274107,0.2154466699103127,-0.4413487512114661,0.6189018392404444,0.6393225546342859,False,-1
-0.07700240386041356,0.3715470050274107,-0.05517446472814736,-0.4413487512114661,0.6189018392404444,0.6393225546342859,False,-1
0.405677752221266,0.3715470050274107,-0.5964167340050675,-0.4413487512114661,0.6189018392404444,0.6393225546342859,False,4
-0.9835694772506206,-0.28126955746732885,-0.5964167340050675,-0.4413487512114661,-0.8808079818064339,0.6393225546342859,False,2
-0.9601344100473364,0.5673919737758326,-0.3257955993666074,-0.4413487512114661,-0.8808079818064339,-0.6089598505988263,False,4
-0.6686350653608708,0.3715470050274107,0.48606780454877274,-0.4413487512114661,-0.8808079818064339,-0.6089598505988263,False,2
-0.6686350653608708,0.3715470050274107,0.48606780454877274,-0.4413487512114661,-0.8808079818064339,-0.6089598505988263,False,-1
-0.5185684069538748,0.3715470050274107,-0.5964167340050675,-0.4413487512114661,-0.8808079818064339,0.6393225546342859,False,-1
-1.3406458959532943,0.3715470050274107,0.7566889391872328,-0.4413487512114661,-0.8808079818064339,-0.6089598505988263,False,-1
-0.6686350653608708,0.3715470050274107,1.568552343102613,-0.4413487512114661,-0.8808079818064339,0.6393225546342859,False,3
-1.321733385578714,0.3715470050274107,1.839173477741073,-0.4413487512114661,-0.8808079818064339,-0.6089598505988263,False,2
-1.3406458959532943,0.3715470050274107,1.297931208464153,-0.4413487512114661,-2.380517802853312,-0.6089598505988263,False,3
-1.3406458959532943,0.3715470050274107,1.297931208464153,-0.4413487512114661,-2.380517802853312,-0.6089598505988263,False,1
0.17769977390159705,-0.4771145262157507,-0.05517446472814736,-0.4413487512114661,0.6189018392404444,0.6393225546342859,False,-1
0.20277940722441,-0.4771145262157507,-0.3257955993666074,-0.4413487512114661,0.6189018392404444,-0.6089598505988263,False,0
0.7578204725653535,-1.586902682456808,1.568552343102613,-0.4413487512114661,0.6189018392404444,0.6393225546342859,False,0
2.210589068404037,-1.7827476512052298,1.568552343102613,-0.4413487512114661,0.6189018392404444,0.6393225546342859,False,2
-1.043390569848478,0.7632369425242544,1.297931208464153,-0.4413487512114661,-0.8808079818064339,-0.6089598505988263,False,4
0.5199750975285121,-1.2604944012094381,1.568552343102613,-0.4413487512114661,-0.8808079818064339,-0.6089598505988263,False,-1
0.16351539112066188,-1.2604944012094381,3.4629002855718336,-0.4413487512114661,-0.8808079818064339,-0.6089598505988263,False,2
0.5347761926042706,-0.41183286996627677,1.297931208464153,-0.4413487512114661,0.6189018392404444,0.6393225546342859,False,2
0.5818518977757801,-1.1299310887104903,2.9216580162949137,-0.4413487512114661,0.6189018392404444,-0.6089598505988263,False,1
-0.011219759079264674,0.5673919737758326,-0.3257955993666074,-0.4413487512114661,0.6189018392404444,-0.6089598505988263,True,2
3.689259580625298,-0.41183286996627677,-0.3257955993666074,-0.4413487512114661,0.6189018392404444,0.6393225546342859,False,-1
0.3065926435196604,0.9590819112726764,-1.1376590032819875,-0.4413487512114661,2.1186116602873226,0.6393225546342859,True,1
0.12630708266632454,0.3715470050274107,-0.05517446472814736,-0.4413487512114661,0.6189018392404444,-0.6089598505988263,True,2
0.4809166521897049,0.5673919737758326,-0.8670378686435275,-0.4413487512114661,0.6189018392404444,0.6393225546342859,True,1
0.698616092262319,0.6326736300253065,-1.1376590032819875,-0.4413487512114661,0.6189018392404444,0.6393225546342859,True,-1
0.7097169135691384,0.5673919737758326,-0.05517446472814736,-0.4413487512114661,0.6189018392404444,0.6393225546342859,True,1
2.53929672154484,-0.020142932469433005,-0.05517446472814736,-0.4413487512114661,0.6189018392404444,1.887604959867398,True,0
0.25458323998956495,1.2854901925200461,-0.8670378686435275,-0.4413487512114661,0.6189018392404444,0.6393225546342859,True,-1
0.394576930914447,-0.21598790121785488,0.48606780454877274,-0.4413487512114661,0.6189018392404444,0.6393225546342859,False,1
0.41307829975914523,0.8938002550232024,-0.3257955993666074,-0.4413487512114661,0.6189018392404444,0.6393225546342859,True,3
0.9173433861596392,0.8285185987737285,-0.8670378686435275,-0.4413487512114661,2.1186116602873226,0.6393225546342859,True,0
1.754427540999758,-1.521621026207334,0.2154466699103127,-0.4413487512114661,0.6189018392404444,0.6393225546342859,False,4
0.1717382217183056,1.1549268800210981,-0.3257955993666074,-0.4413487512114661,2.1186116602873226,1.887604959867398,True,2
-1.2251151260564015,-0.41183286996627677,-0.05517446472814736,-0.4413487512114661,-0.8808079818064339,-0.6089598505988263,False,2
0.3004255205714278,1.0896452237716243,-1.1376590032819875,-0.4413487512114661,-0.8808079818064339,-0.6089598505988263,True,-1
-0.12962851968533265,0.4368286612768847,-0.5964167340050675,-0.4413487512114661,0.6189018392404444,0.6393225546342859,True,0
0.3230383047149479,0.8938002550232024,-0.5964167340050675,-0.4413487512114661,0.6189018392404444,-0.6089598505988263,True,3
-0.14299061940650334,0.5673919737758326,-0.3257955993666074,-0.4413487512114661,0.6189018392404444,0.6393225546342859,True,-1
0.2381375787942775,0.8938002550232024,-0.3257955993666074,-0.4413487512114661,0.6189018392404444,-0.6089598505988263,True,3
-0.578183928786791,1.2854901925200461,-0.3257955993666074,-0.4413487512114661,0.6189018392404444,-0.6089598505988263,True,3
1.090022828710155,-0.4771145262157507,-0.05517446472814736,-0.4413487512114661,0.6189018392404444,0.6393225546342859,True,0
-0.9110029972264159,1.0896452237716243,-0.5964167340050675,-0.4413487512114661,0.6189018392404444,-0.6089598505988263,True,0
-0.08769208363735016,-1.586902682456808,0.7566889391872328,-0.4413487512114661,0.6189018392404444,0.6393225546342859,False,4
-0.5890791793286688,1.2202085362705721,-0.8670378686435275,-0.4413487512114661,-2.380517802853312,0.6393225546342859,True,1
0.4722826800621791,0.30626534877793676,-0.3257955993666074,-0.4413487512114661,0.6189018392404444,0.6393225546342859,True,3
-1.6263892592214093,1.6771801300168898,-1.1376590032819875,-0.4413487512114661,-0.8808079818064339,-0.6089598505988263,True,3
1.0698768937459278,1.0896452237716243,-0.8670378686435275,-0.4413487512114661,0.6189018392404444,0.6393225546342859,True,0
0.35161264104175943,0.7632369425242544,-0.3257955993666074,-0.4413487512114661,0.6189018392404444,-0.6089598505988263,True,-1
-0.7350344224368428,0.8285185987737285,-0.8670378686435275,-0.4413487512114661,0.6189018392404444,-0.6089598505988263,True,-1
0.620704772349646,0.11042038002951492,-0.3257955993666074,-0.4413487512114661,0.6189018392404444,-0.6089598505988263,True,3
0.27164561347967536,0.11042038002951492,-0.5964167340050675,-0.4413487512114661,0.6189018392404444,0.6393225546342859,True,-1
-0.3391051291603034,1.2202085362705721,-0.8670378686435275,-0.4413487512114661,0.6189018392404444,-0.6089598505988263,True,2
-0.21658495325541355,1.3507718487695202,-0.5964167340050675,-0.4413487512114661,0.6189018392404444,-0.6089598505988263,True,2
2.5976788187881095,-0.08542458871890696,0.2154466699103127,-0.4413487512114661,2.1186116602873226,1.887604959867398,False,4
1.8070536568246771,-0.8035228074631204,-0.8670378686435275,-0.4413487512114661,0.6189018392404444,0.6393225546342859,False,-1
0.017560148012488053,0.11042038002951492,-0.3257955993666074,-0.4413487512114661,0.6189018392404444,0.6393225546342859,True,0
0.2586946552883865,0.30626534877793676,-0.5964167340050675,-0.4413487512114661,0.6189018392404444,0.6393225546342859,True,-1
0.2564333768740345,0.17570203627898887,-0.5964167340050675,-0.4413487512114661,0.6189018392404444,0.6393225546342859,True,-1
-0.018209165087261805,0.17570203627898887,-0.3257955993666074,-0.4413487512114661,0.6189018392404444,-0.6089598505988263,True,0
-0.17259280955802025,0.7632369425242544,-0.3257955993666074,-0.4413487512114661,0.6189018392404444,0.6393225546342859,True,4
0.11705639824397543,0.6979552862747805,-0.5964167340050675,-0.4413487512114661,0.6189018392404444,3.13588736510051,True,3
-1.0908774165498696,-0.3465512137168028,-0.8670378686435275,-0.4413487512114661,-0.8808079818064339,-0.6089598505988263,False,-1
0.0027590529367295916,0.6979552862747805,-0.3257955993666074,-0.4413487512114661,0.6189018392404444,0.6393225546342859,True,1
0.24553812633215671,0.4368286612768847,-0.3257955993666074,-0.4413487512114661,0.6189018392404444,0.6393225546342859,True,3
0.02619412014001387,0.3715470050274107,-0.3257955993666074,-0.4413487512114661,0.6189018392404444,0.6393225546342859,True,0
2.4385670467237057,0.6326736300253065,-0.3257955993666074,-0.4413487512114661,0.6189018392404444,0.6393225546342859,False,2
1.6062110194772319,0.6979552862747805,-0.3257955993666074,-0.4413487512114661,-2.380517802853312,-1.8572422558319384,True,-1
2.3129633093446995,0.3715470050274107,-0.8670378686435275,-0.4413487512114661,0.6189018392404444,0.6393225546342859,False,1
2.3984807475601935,0.045138723780040954,-1.1376590032819875,-0.4413487512114661,0.6189018392404444,1.887604959867398,True,2
-0.12818952433074488,0.8938002550232024,-0.5964167340050675,-0.4413487512114661,0.6189018392404444,0.6393225546342859,True,0
-0.17238723879307935,1.0896452237716243,-0.3257955993666074,-0.4413487512114661,0.6189018392404444,-0.6089598505988263,True,0
0.1719437924832465,1.2854901925200461,-0.3257955993666074,-0.4413487512114661,0.6189018392404444,0.6393225546342859,True,0
0.4093780259902055,0.7632369425242544,-0.3257955993666074,-0.4413487512114661,0.6189018392404444,0.6393225546342859,True,3
0.3004255205714278,0.30626534877793676,-0.8670378686435275,-0.4413487512114661,0.6189018392404444,0.6393225546342859,True,1
0.09362133104069115,1.0243635675221503,-0.8670378686435275,-0.4413487512114661,0.6189018392404444,0.6393225546342859,True,3
-0.4462074976946112,0.8938002550232024,-0.5964167340050675,-0.4413487512114661,0.6189018392404444,-0.6089598505988263,True,4
-0.2961408392876155,1.0896452237716243,-0.3257955993666074,-0.4413487512114661,0.6189018392404444,-0.6089598505988263,True,4
0.2163470777105222,-0.5423961824652247,-0.5964167340050675,-0.4413487512114661,0.6189018392404444,0.6393225546342859,False,-1
1.499519792472806,-0.5423961824652247,-0.5964167340050675,-0.4413487512114661,0.6189018392404444,-0.6089598505988263,False,0
-1.052641254270827,-0.5423961824652247,-0.5964167340050675,-0.4413487512114661,-0.8808079818064339,-0.6089598505988263,False,0
-0.5724279473684405,-0.5423961824652247,-0.5964167340050675,-0.4413487512114661,-0.8808079818064339,-0.6089598505988263,False,4
0.12363466272209046,0.8938002550232024,-0.8670378686435275,-0.4413487512114661,0.6189018392404444,-0.6089598505988263,True,1
0.965035803625972,0.045138723780040954,-0.5964167340050675,-0.4413487512114661,0.6189018392404444,0.6393225546342859,True,3
0.18057776461077232,0.3715470050274107,-1.1376590032819875,-0.4413487512114661,0.6189018392404444,0.6393225546342859,True,4
-0.39132010345534013,-0.41183286996627677,-0.8670378686435275,-0.4413487512114661,0.6189018392404444,-0.6089598505988263,False,1
0.5318982018950953,-1.2604944012094381,0.48606780454877274,-0.4413487512114661,-0.8808079818064339,0.6393225546342859,False,4
-0.6361548845001787,-1.2604944012094381,1.297931208464153,-0.4413487512114661,-2.380517802853312,-1.8572422558319384,False,2
-0.4883495045075346,0.5673919737758326,-0.05517446472814736,-0.4413487512114661,0.6189018392404444,0.6393225546342859,True,3
0.23772643726439538,1.0243635675221503,-0.8670378686435275,-0.4413487512114661,0.6189018392404444,3.13588736510051,True,0
-0.1555304360679098,0.6979552862747805,-0.05517446472814736,-0.4413487512114661,0.6189018392404444,-0.6089598505988263,True,3
-0.2603715261878659,-0.28126955746732885,-0.05517446472814736,-0.4413487512114661,-0.8808079818064339,-0.6089598505988263,False,4
3.7030328218763513,-1.3910577137083862,-0.5964167340050675,-0.4413487512114661,0.6189018392404444,0.6393225546342859,False,-1
0.8059240315615687,0.24098369252846283,-0.8670378686435275,-0.4413487512114661,0.6189018392404444,0.6393225546342859,True,4
0.010776312769432117,0.8285185987737285,-0.5964167340050675,-0.4413487512114661,0.6189018392404444,-0.6089598505988263,True,3
1.8785922830241761,-0.41183286996627677,-0.8670378686435275,-0.4413487512114661,0.6189018392404444,0.6393225546342859,False,1
0.8941138897212961,-0.28126955746732885,-0.8670378686435275,-0.4413487512114661,0.6189018392404444,0.6393225546342859,False,-1
0.6147432201663546,0.30626534877793676,0.48606780454877274,-0.4413487512114661,0.6189018392404444,0.6393225546342859,False,3
0.8842464930041234,-0.28126955746732885,-0.05517446472814736,-0.4413487512114661,0.6189018392404444,0.6393225546342859,False,3
-0.026431995684905233,-0.41183286996627677,-0.5964167340050675,-0.4413487512114661,0.6189018392404444,0.6393225546342859,False,0
-0.8043117702219902,1.1549268800210981,-0.5964167340050675,-0.4413487512114661,0.6189018392404444,-0.6089598505988263,True,0
-0.06610715331853576,-1.521621026207334,-0.5964167340050675,-0.4413487512114661,0.6189018392404444,-0.6089598505988263,False,2
0.060524437885175655,-1.7174659949557558,-0.05517446472814736,-0.4413487512114661,-0.8808079818064339,-0.6089598505988263,False,0
0.07100854689717136,-1.7174659949557558,-0.05517446472814736,-0.4413487512114661,-0.8808079818064339,-0.6089598505988263,False,2
-0.1582028560121442,0.6326736300253065,-0.5964167340050675,-0.4413487512114661,0.6189018392404444,0.6393225546342859,True,3
1.0612429216184023,-0.5423961824652247,-1.1376590032819875,-0.4413487512114661,0.6189018392404444,0.6393225546342859,False,2
-0.4307896903240294,-0.5423961824652247,-0.05517446472814736,-0.4413487512114661,0.6189018392404444,-0.6089598505988263,False,1
-0.004435923836208736,0.9590819112726764,-0.5964167340050675,-0.4413487512114661,-0.8808079818064339,-0.6089598505988263,True,1
0.38943766179091976,0.30626534877793676,-0.3257955993666074,-0.4413487512114661,0.6189018392404444,0.6393225546342859,True,1
-0.21535152866576696,0.8938002550232024,-0.3257955993666074,-0.4413487512114661,2.1186116602873226,0.6393225546342859,True,2
-0.10886587242628246,0.7632369425242544,-0.05517446472814736,-0.4413487512114661,0.6189018392404444,0.6393225546342859,False,3
-0.40714905235580423,0.7632369425242544,-0.5964167340050675,-0.4413487512114661,0.6189018392404444,0.6393225546342859,False,-1
-0.15306358688861693,-1.521621026207334,0.48606780454877274,-0.4413487512114661,0.6189018392404444,-0.6089598505988263,False,1
1.254479440663027,-1.521621026207334,0.2154466699103127,-0.4413487512114661,0.6189018392404444,-0.6089598505988263,False,-1
0.7267792870592485,0.6326736300253065,0.2154466699103127,-0.4413487512114661,0.6189018392404444,0.6393225546342859,False,2
-0.24927070488104694,0.6326736300253065,-0.8670378686435275,-0.4413487512114661,0.6189018392404444,-0.6089598505988263,True,2
-0.8676275658238458,-0.6729594949641726,-0.5964167340050675,-0.4413487512114661,-0.8808079818064339,-0.6089598505988263,False,-1
-0.2638662291918645,-0.6729594949641726,-0.05517446472814736,-0.4413487512114661,0.6189018392404444,-0.6089598505988263,False,3
0.6478401133218699,-0.28126955746732885,-0.3257955993666074,-0.4413487512114661,0.6189018392404444,-0.6089598505988263,False,3
0.5284034988910967,-0.28126955746732885,0.2154466699103127,-0.4413487512114661,0.6189018392404444,0.6393225546342859,False,-1
-0.8978464682701862,1.0896452237716243,-0.8670378686435275,-0.4413487512114661,0.6189018392404444,1.887604959867398,True,4
-1.73020249551666,1.0896452237716243,-0.8670378686435275,-0.4413487512114661,0.6189018392404444,0.6393225546342859,True,1
0.49797902567981533,0.9590819112726764,-1.1376590032819875,-0.4413487512114661,0.6189018392404444,0.6393225546342859,True,2
-1.1089676438646856,1.416053505018994,-0.8670378686435275,-0.4413487512114661,2.1186116602873226,1.887604959867398,True,4
0.2243643375432244,0.3715470050274107,-1.1376590032819875,-0.4413487512114661,0.6189018392404444,0.6393225546342859,True,-1
-1.0949888318486916,-0.28126955746732885,-0.8670378686435275,-0.4413487512114661,-0.8808079818064339,-0.6089598505988263,False,-1
0.6223493384691751,-2.1091559324525995,0.48606780454877274,-0.4413487512114661,0.6189018392404444,-0.6089598505988263,False,-1
0.6223493384691751,-2.1091559324525995,-0.8670378686435275,-0.4413487512114661,0.6189018392404444,-0.6089598505988263,False,0
0.060113296355293555,0.4368286612768847,-0.05517446472814736,-0.4413487512114661,0.6189018392404444,0.6393225546342859,True,4
-0.6947425525083891,-0.28126955746732885,-0.5964167340050675,-0.4413487512114661,-0.8808079818064339,-0.6089598505988263,False,1
0.041200785980713237,0.7632369425242544,-0.05517446472814736,-0.4413487512114661,0.6189018392404444,1.887604959867398,False,2
0.698616092262319,-2.1091559324525995,1.0273100738256928,-0.4413487512114661,0.6189018392404444,-0.6089598505988263,False,-1
-0.06816286096794655,0.30626534877793676,-0.05517446472814736,-0.4413487512114661,0.6189018392404444,0.6393225546342859,True,-1
-0.24063673275352113,1.0896452237716243,-0.5964167340050675,-0.4413487512114661,0.6189018392404444,0.6393225546342859,True,-1
-0.2106234010721221,1.0896452237716243,-0.5964167340050675,-0.4413487512114661,0.6189018392404444,0.6393225546342859,True,-1
-0.13065637351003806,0.7632369425242544,-0.3257955993666074,-0.4413487512114661,-0.8808079818064339,-0.6089598505988263,True,2
0.5826741808355446,0.7632369425242544,-0.8670378686435275,-0.4413487512114661,0.6189018392404444,-0.6089598505988263,True,-1
0.1820167599653601,0.7632369425242544,-0.3257955993666074,-0.4413487512114661,0.6189018392404444,0.6393225546342859,True,-1
-0.212473537956592,0.9590819112726764,-0.8670378686435275,-0.4413487512114661,0.6189018392404444,-0.6089598505988263,True,2
0.3111152003483647,-1.586902682456808,-0.05517446472814736,-0.4413487512114661,0.6189018392404444,0.6393225546342859,False,4
2.344210065615745,-1.3257760574589121,-0.5964167340050675,-0.4413487512114661,0.6189018392404444,0.6393225546342859,False,-1
2.344210065615745,-1.3257760574589121,-0.8670378686435275,-0.4413487512114661,0.6189018392404444,0.6393225546342859,False,4
-1.1319915695380878,0.5673919737758326,-0.05517446472814736,-0.4413487512114661,-0.8808079818064339,-0.6089598505988263,False,0
-0.9500614425652231,0.7632369425242544,-0.8670378686435275,-0.4413487512114661,-0.8808079818064339,-0.6089598505988263,False,-1
-0.5496095924599795,-0.5423961824652247,1.0273100738256928,-0.4413487512114661,0.6189018392404444,-0.6089598505988263,False,-1
-0.6433498612731167,0.045138723780040954,1.568552343102613,-0.4413487512114661,-2.380517802853312,-1.8572422558319384,False,0
-1.1056785116256282,0.5673919737758326,0.48606780454877274,-0.4413487512114661,-0.8808079818064339,-0.6089598505988263,True,3
0.7456917974338291,0.30626534877793676,-1.1376590032819875,-0.4413487512114661,-0.8808079818064339,1.887604959867398,False,0
1.4473048181777695,0.30626534877793676,1.0273100738256928,-0.4413487512114661,0.6189018392404444,-0.6089598505988263,False,-1
-0.31361435430760803,0.5021103175263587,-1.1376590032819875,-0.4413487512114661,0.6189018392404444,0.6393225546342859,False,3
1.4725900222655233,-0.6729594949641726,0.48606780454877274,-0.4413487512114661,0.6189018392404444,0.6393225546342859,False,-1
-0.06672386561335905,0.6326736300253065,-0.05517446472814736,-0.4413487512114661,0.6189018392404444,0.6393225546342859,True,4
-0.6970038309227411,0.8938002550232024,-0.5964167340050675,-0.4413487512114661,0.6189018392404444,-0.6089598505988263,True,-1
0.3553129148106989,1.2854901925200461,-0.8670378686435275,-0.4413487512114661,2.1186116602873226,1.887604959867398,True,1
0.22025292224440285,0.9590819112726764,-0.3257955993666074,-0.4413487512114661,0.6189018392404444,0.6393225546342859,True,2
-1.046062989792712,-0.9993677762115424,-0.05517446472814736,-0.4413487512114661,-0.8808079818064339,-0.6089598505988263,False,4
-1.0561359572748255,-0.9993677762115424,2.1097946123795333,-0.4413487512114661,-0.8808079818064339,-0.6089598505988263,False,2
-1.280619232590496,-0.9993677762115424,0.48606780454877274,-0.4413487512114661,-2.380517802853312,-1.8572422558319384,False,3
-0.7477798098631904,-0.9993677762115424,1.0273100738256928,-0.4413487512114661,-0.8808079818064339,-0.6089598505988263,False,3
-0.5625605506512681,-0.9993677762115424,-0.05517446472814736,-0.4413487512114661,0.6189018392404444,-0.6089598505988263,False,0
-0.7759430046601198,-0.9993677762115424,0.2154466699103127,-0.4413487512114661,-2.380517802853312,-1.8572422558319384,False,-1
-0.10290432024299072,-0.9993677762115424,-0.8670378686435275,-0.4413487512114661,0.6189018392404444,-0.6089598505988263,False,3
-0.7619641926441255,-0.9993677762115424,-0.05517446472814736,-0.4413487512114661,-2.380517802853312,-0.6089598505988263,False,4
-1.2429997826062764,-0.9993677762115424,2.1097946123795333,-0.4413487512114661,-0.8808079818064339,-0.6089598505988263,False,0
0.002347911406847201,0.6979552862747805,-1.1376590032819875,-0.4413487512114661,0.6189018392404444,0.6393225546342859,True,-1
2.0710065190090368,-0.9340861199620684,-1.1376590032819875,-0.4413487512114661,0.6189018392404444,0.6393225546342859,False,4
1.8518680835818349,-0.28126955746732885,-0.05517446472814736,-0.4413487512114661,0.6189018392404444,0.6393225546342859,False,-1
-1.3221445271085959,0.7632369425242544,-0.5964167340050675,-0.4413487512114661,-0.8808079818064339,-0.6089598505988263,False,3
-1.1309637157133823,0.7632369425242544,1.297931208464153,-0.4413487512114661,-2.380517802853312,-1.8572422558319384,False,-1
-0.6706907730102816,0.7632369425242544,1.297931208464153,-0.4413487512114661,-0.8808079818064339,-0.6089598505988263,False,3
0.9851817385901992,-0.6729594949641726,0.2154466699103127,-0.4413487512114661,-0.8808079818064339,0.6393225546342859,False,1
0.20935767170252506,1.0896452237716243,-1.1376590032819875,-0.4413487512114661,-2.380517802853312,-0.6089598505988263,True,-1
0.34996807492223075,0.24098369252846283,-0.05517446472814736,-0.4413487512114661,0.6189018392404444,0.6393225546342859,True,4
1.6742549426727327,-1.7174659949557558,1.297931208464153,-0.4413487512114661,0.6189018392404444,0.6393225546342859,False,2
1.8975047933987568,-0.08542458871890696,-0.8670378686435275,-0.4413487512114661,0.6189018392404444,0.6393225546342859,True,1
-1.383815756590923,0.5673919737758326,0.48606780454877274,-0.4413487512114661,-0.8808079818064339,-0.6089598505988263,False,3
-1.461110364208773,0.5673919737758326,0.2154466699103127,-0.4413487512114661,-0.8808079818064339,-0.6089598505988263,False,4
-0.10454888636251969,-1.2604944012094381,1.0273100738256928,-0.4413487512114661,-0.8808079818064339,-0.6089598505988263,False,-1
-0.6653459331218131,-1.2604944012094381,0.7566889391872328,-0.4413487512114661,-2.380517802853312,-1.8572422558319384,False,-1
-0.9827471941908563,-1.2604944012094381,1.839173477741073,-0.4413487512114661,-2.380517802853312,-1.8572422558319384,False,1
-0.5611215552966806,-1.2604944012094381,-0.3257955993666074,-0.4413487512114661,-0.8808079818064339,-0.6089598505988263,False,2
-0.20856769342271103,-0.28126955746732885,0.7566889391872328,-0.4413487512114661,0.6189018392404444,-0.6089598505988263,False,3
-0.02725427874466972,1.0243635675221503,-0.8670378686435275,-0.4413487512114661,0.6189018392404444,0.6393225546342859,True,1
1.07213817216028,0.5021103175263587,-0.8670378686435275,-0.4413487512114661,0.6189018392404444,0.6393225546342859,False,2
0.40300533227703195,0.045138723780040954,-1.1376590032819875,-0.4413487512114661,0.6189018392404444,1.887604959867398,True,4
0.3805981188984531,0.045138723780040954,-1.1376590032819875,-0.4413487512114661,0.6189018392404444,0.6393225546342859,True,1
-0.07556340850582577,0.045138723780040954,-1.1376590032819875,-0.4413487512114661,0.6189018392404444,0.6393225546342859,True,-1
0.2675341981808535,0.3715470050274107,-0.8670378686435275,-0.4413487512114661,0.6189018392404444,0.6393225546342859,True,-1
-0.27990074885726923,0.3715470050274107,-0.05517446472814736,-0.4413487512114661,-0.8808079818064339,-0.6089598505988263,True,4
-1.303232016734016,-0.4771145262157507,-0.3257955993666074,-0.4413487512114661,-0.8808079818064339,-0.6089598505988263,False,1
-0.09242021123099531,0.5673919737758326,-0.05517446472814736,-0.4413487512114661,0.6189018392404444,-0.6089598505988263,True,-1
-0.5551600031133889,-1.586902682456808,-0.5964167340050675,-0.4413487512114661,0.6189018392404444,-0.6089598505988263,False,1
1.5225437181462083,-1.2604944012094381,-0.3257955993666074,-0.4413487512114661,0.6189018392404444,0.6393225546342859,False,1
-0.5315193651451637,0.24098369252846283,-1.1376590032819875,-0.4413487512114661,0.6189018392404444,0.6393225546342859,True,4
-0.8164404453535146,1.0243635675221503,-0.5964167340050675,-0.4413487512114661,0.6189018392404444,-0.6089598505988263,True,1
1.3858391594603834,-1.652184338706282,-0.5964167340050675,-0.4413487512114661,0.6189018392404444,0.6393225546342859,False,2
0.48913948278734865,0.5673919737758326,-0.05517446472814736,-0.4413487512114661,0.6189018392404444,0.6393225546342859,True,3
1.862557763358771,-1.652184338706282,-0.5964167340050675,-0.4413487512114661,0.6189018392404444,0.6393225546342859,False,-1
-0.4316119733837939,-0.5423961824652247,-0.8670378686435275,-0.4413487512114661,0.6189018392404444,0.6393225546342859,False,4
-1.059425089513883,-0.21598790121785488,-1.1376590032819875,-0.4413487512114661,-0.8808079818064339,-0.6089598505988263,False,3
-0.5884624670338455,-0.21598790121785488,-0.5964167340050675,-0.4413487512114661,-0.8808079818064339,-0.6089598505988263,False,-1
0.8632782749801327,0.7632369425242544,-0.8670378686435275,-0.4413487512114661,0.6189018392404444,0.6393225546342859,False,-1
0.07326982531152333,0.5673919737758326,-0.5964167340050675,-0.4413487512114661,0.6189018392404444,0.6393225546342859,True,3
1.852690366641599,-1.7827476512052298,0.48606780454877274,-0.4413487512114661,0.6189018392404444,0.6393225546342859,False,1
0.40136076615750327,-1.1952127449599643,-0.5964167340050675,-0.4413487512114661,0.6189018392404444,-0.6089598505988263,False,2
-1.2027079126778228,-1.1952127449599643,-0.3257955993666074,-0.4413487512114661,-0.8808079818064339,-0.6089598505988263,False,-1
0.5649950950506109,-2.043874276203126,-0.05517446472814736,-0.4413487512114661,0.6189018392404444,-0.6089598505988263,False,-1
1.2511903084239697,-2.043874276203126,-0.8670378686435275,-0.4413487512114661,0.6189018392404444,0.6393225546342859,False,-1
0.5592391136322603,-2.043874276203126,-0.3257955993666074,-0.4413487512114661,0.6189018392404444,-0.6089598505988263,False,1
0.6786757280630333,-2.043874276203126,-0.8670378686435275,-0.4413487512114661,0.6189018392404444,-0.6089598505988263,False,1
0.5251143666520394,-2.043874276203126,-0.05517446472814736,-0.4413487512114661,0.6189018392404444,-0.6089598505988263,False,-1
0.49736231338499204,-2.043874276203126,-0.5964167340050675,-0.4413487512114661,0.6189018392404444,-0.6089598505988263,False,4
4.056820108339967,-1.7827476512052298,-0.8670378686435275,-0.4413487512114661,0.6189018392404444,0.6393225546342859,False,0
5.7211210213030315,-1.7827476512052298,-1.1376590032819875,-0.4413487512114661,2.1186116602873226,3.13588736510051,False,3
-0.5927794530976086,-2.1091559324525995,-0.8670378686435275,-0.4413487512114661,0.6189018392404444,-0.6089598505988263,False,-1
-0.146896463940384,0.8285185987737285,-0.5964167340050675,-0.4413487512114661,0.6189018392404444,-0.6089598505988263,True,-1
-0.13929034563756387,0.4368286612768847,-0.3257955993666074,-0.4413487512114661,0.6189018392404444,-0.6089598505988263,True,0
-0.3923479572800458,0.7632369425242544,-0.05517446472814736,-0.4413487512114661,0.6189018392404444,-0.6089598505988263,True,4
0.01427101577343039,0.5673919737758326,-0.8670378686435275,-0.4413487512114661,0.6189018392404444,0.6393225546342859,True,2
-0.2644829414866875,0.6979552862747805,-0.3257955993666074,-0.4413487512114661,0.6189018392404444,-0.6089598505988263,True,0
0.6133042248117668,-0.020142932469433005,0.48606780454877274,-0.4413487512114661,0.6189018392404444,0.6393225546342859,False,2
3.9345055032000187,1.416053505018994,-0.8670378686435275,-0.4413487512114661,0.6189018392404444,0.6393225546342859,True,2
0.16680452335971926,0.7632369425242544,0.2154466699103127,-0.4413487512114661,0.6189018392404444,-0.6089598505988263,False,3
-0.20466184888883035,0.7632369425242544,1.297931208464153,-0.4413487512114661,0.6189018392404444,-0.6089598505988263,False,2
-0.37980814061863905,0.6326736300253065,-0.8670378686435275,-0.4413487512114661,0.6189018392404444,-0.6089598505988263,True,-1
-0.4040654908816878,2.4605600050105774,-1.1376590032819875,-0.4413487512114661,0.6189018392404444,0.6393225546342859,True,0
-0.190271895342954,0.9590819112726764,-0.3257955993666074,-0.4413487512114661,-2.380517802853312,3.13588736510051,True,3
-0.43798466709696776,1.2854901925200461,-0.8670378686435275,-0.4413487512114661,-0.8808079818064339,-0.6089598505988263,True,-1
0.2554055230493291,-0.15070624496838092,-0.3257955993666074,-0.4413487512114661,0.6189018392404444,0.6393225546342859,True,-1
1.0756328751642783,-1.7174659949557558,0.7566889391872328,-0.4413487512114661,0.6189018392404444,-0.6089598505988263,False,2
0.059907725590352366,0.9590819112726764,-1.1376590032819875,-0.4413487512114661,0.6189018392404444,-0.6089598505988263,True,-1
-0.30086896688126064,-1.652184338706282,-0.3257955993666074,-0.4413487512114661,0.6189018392404444,-0.6089598505988263,False,0
-0.09817619264934585,1.0243635675221503,-0.5964167340050675,-0.4413487512114661,0.6189018392404444,-0.6089598505988263,True,2
0.3853262464920982,0.8285185987737285,-0.5964167340050675,-0.4413487512114661,0.6189018392404444,0.6393225546342859,True,0
-0.4418905116308484,0.5021103175263587,-0.5964167340050675,-0.4413487512114661,0.6189018392404444,-0.6089598505988263,True,-1
-0.7329787147874319,1.0896452237716243,-0.8670378686435275,-0.4413487512114661,0.6189018392404444,1.887604959867398,True,4
-0.114621853844633,1.0896452237716243,-0.8670378686435275,-0.4413487512114661,-0.8808079818064339,-0.6089598505988263,True,4
-0.5496095924599795,1.0243635675221503,-0.8670378686435275,-0.4413487512114661,-0.8808079818064339,-0.6089598505988263,True,2
-1.1702277318171306,0.3715470050274107,-0.5964167340050675,-0.4413487512114661,0.6189018392404444,0.6393225546342859,True,0
-0.33211572315230625,1.1549268800210981,-0.8670378686435275,-0.4413487512114661,0.6189018392404444,-0.6089598505988263,True,0
-0.33211572315230625,1.1549268800210981,-0.3257955993666074,-0.4413487512114661,0.6189018392404444,-0.6089598505988263,True,0
-0.5306970820853992,1.1549268800210981,-1.1376590032819875,-0.4413487512114661,-2.380517802853312,-1.8572422558319384,True,0
-0.20425070735894826,-1.7827476512052298,-0.8670378686435275,-0.4413487512114661,-0.8808079818064339,-0.6089598505988263,False,0
1.3153283870855892,-1.1952127449599643,-0.5964167340050675,-0.4413487512114661,0.6189018392404444,0.6393225546342859,False,0
-0.47046484795765997,0.5673919737758326,-0.3257955993666074,-0.4413487512114661,0.6189018392404444,-0.6089598505988263,False,1
-0.9381383381986397,0.5673919737758326,0.48606780454877274,-0.4413487512114661,-0.8808079818064339,-0.6089598505988263,False,0
0.7905062241909869,0.5673919737758326,-0.8670378686435275,-0.4413487512114661,0.6189018392404444,0.6393225546342859,False,-1
0.6424952734334017,0.3715470050274107,-0.05517446472814736,-0.4413487512114661,0.6189018392404444,0.6393225546342859,True,0
0.8094187345655669,0.3715470050274107,0.2154466699103127,-0.4413487512114661,0.6189018392404444,0.6393225546342859,False,0
-0.5933961653924316,0.3715470050274107,-0.3257955993666074,-0.4413487512114661,-0.8808079818064339,-0.6089598505988263,False,3
-0.03856067081642962,0.7632369425242544,-0.8670378686435275,-0.4413487512114661,0.6189018392404444,-0.6089598505988263,True,-1
-1.4101288145033826,0.7632369425242544,-0.5964167340050675,-0.4413487512114661,0.6189018392404444,-0.6089598505988263,True,0
1.3449305772371067,0.6326736300253065,-0.8670378686435275,-0.4413487512114661,0.6189018392404444,0.6393225546342859,False,1
-0.7981446472737574,-1.45633936995786,-0.5964167340050675,-0.4413487512114661,0.6189018392404444,-0.6089598505988263,False,4
-0.8787283871306648,1.1549268800210981,-0.3257955993666074,-0.4413487512114661,-0.8808079818064339,-0.6089598505988263,True,-1
0.23998771567874738,0.30626534877793676,-0.05517446472814736,-0.4413487512114661,0.6189018392404444,0.6393225546342859,True,-1
1.049936529546642,-2.1091559324525995,1.0273100738256928,-0.4413487512114661,0.6189018392404444,-0.6089598505988263,False,4
1.1031793576663844,-1.3257760574589121,1.568552343102613,-0.4413487512114661,0.6189018392404444,0.6393225546342859,False,2
0.3678527314721054,-1.3257760574589121,1.839173477741073,-0.4413487512114661,-0.8808079818064339,-0.6089598505988263,False,-1
-0.9650681084059226,0.8285185987737285,-1.1376590032819875,-0.4413487512114661,-0.8808079818064339,-0.6089598505988263,True,2
-0.4472353515193166,0.8285185987737285,-0.8670378686435275,-0.4413487512114661,-0.8808079818064339,-0.6089598505988263,True,-1
1.6861780470393162,-1.8480293074547038,-0.5964167340050675,-0.4413487512114661,0.6189018392404444,0.6393225546342859,False,-1
1.6861780470393162,-1.8480293074547038,-0.3257955993666074,-0.4413487512114661,0.6189018392404444,0.6393225546342859,False,-1
0.14398616845125828,-0.21598790121785488,-0.5964167340050675,-0.4413487512114661,-0.8808079818064339,-0.6089598505988263,False,4
2.067306245240097,-0.08542458871890696,-1.1376590032819875,-0.4413487512114661,0.6189018392404444,0.6393225546342859,True,1
-0.41824987366262295,-1.1299310887104903,0.7566889391872328,-0.4413487512114661,0.6189018392404444,-0.6089598505988263,False,3
3.466009729899274,-1.45633936995786,-0.05517446472814736,-0.4413487512114661,0.6189018392404444,0.6393225546342859,False,1
3.259822252663361,-1.45633936995786,1.297931208464153,-0.4413487512114661,0.6189018392404444,0.6393225546342859,False,4
-1.1747502886458345,0.8285185987737285,-0.3257955993666074,-0.4413487512114661,0.6189018392404444,-0.6089598505988263,True,2
-1.048118697442123,1.0243635675221503,-1.1376590032819875,-0.4413487512114661,-0.8808079818064339,-0.6089598505988263,True,4
-0.21905180243470673,1.1549268800210981,-0.3257955993666074,-0.4413487512114661,0.6189018392404444,0.6393225546342859,True,3
-0.08892550822699674,-0.41183286996627677,-0.05517446472814736,-0.4413487512114661,-0.8808079818064339,-0.6089598505988263,False,3
0.06484142394893871,0.3715470050274107,-0.05517446472814736,-0.4413487512114661,0.6189018392404444,0.6393225546342859,False,2
-0.9685628114099212,-0.3465512137168028,2.1097946123795333,-0.4413487512114661,-2.380517802853312,-1.8572422558319384,False,-1
-1.0898495627251643,-0.3465512137168028,1.568552343102613,-0.4413487512114661,-0.8808079818064339,-0.6089598505988263,False,3
-0.808423185520812,-0.6076778387146986,0.7566889391872328,-0.4413487512114661,-0.8808079818064339,-0.6089598505988263,False,-1
-0.03773838775666542,-0.9993677762115424,0.7566889391872328,-0.4413487512114661,0.6189018392404444,-0.6089598505988263,False,1
0.0070760390004923545,-0.020142932469433005,-0.05517446472814736,-0.4413487512114661,0.6189018392404444,0.6393225546342859,False,-1
-0.8256911297758635,-0.21598790121785488,-1.1376590032819875,-0.4413487512114661,-0.8808079818064339,0.6393225546342859,False,-1
-0.5212408268981091,-0.21598790121785488,1.297931208464153,-0.4413487512114661,0.6189018392404444,-0.6089598505988263,False,3
0.14789201298513893,0.6326736300253065,-0.8670378686435275,-0.4413487512114661,-0.8808079818064339,-0.6089598505988263,True,0
0.3098817757587181,0.3715470050274107,-0.5964167340050675,-0.4413487512114661,0.6189018392404444,0.6393225546342859,False,2
-0.16971481884884498,0.5673919737758326,-0.8670378686435275,-0.4413487512114661,0.6189018392404444,0.6393225546342859,True,0
2.91836921209621,-1.521621026207334,0.2154466699103127,-0.4413487512114661,0.6189018392404444,0.6393225546342859,False,4
1.978088533255664,-1.2604944012094381,0.2154466699103127,-0.4413487512114661,0.6189018392404444,0.6393225546342859,False,-1
1.3584982477232186,-1.1299310887104903,-0.5964167340050675,-0.4413487512114661,0.6189018392404444,0.6393225546342859,False,-1
1.4322981523370701,-1.3910577137083862,-0.05517446472814736,-0.4413487512114661,0.6189018392404444,0.6393225546342859,False,4
0.7374689668361855,-1.3910577137083862,0.7566889391872328,-0.4413487512114661,-0.8808079818064339,-0.6089598505988263,False,-1
-0.2901792871043238,0.7632369425242544,-0.3257955993666074,-0.4413487512114661,0.6189018392404444,-0.6089598505988263,True,1
-0.45134676681813846,0.8938002550232024,-0.5964167340050675,-0.4413487512114661,-2.380517802853312,3.13588736510051,True,0
-0.9755522174179181,-1.3910577137083862,-0.5964167340050675,-0.4413487512114661,-0.8808079818064339,-0.6089598505988263,False,1
-0.9332046398400536,-1.3910577137083862,1.0273100738256928,-0.4413487512114661,-0.8808079818064339,-0.6089598505988263,False,1
-0.8511819046285587,0.11042038002951492,-0.5964167340050675,-0.4413487512114661,-0.8808079818064339,-0.6089598505988263,True,-1
-0.1559415775977922,0.30626534877793676,-0.8670378686435275,-0.4413487512114661,0.6189018392404444,-0.6089598505988263,True,1
-0.5586547061173874,-0.28126955746732885,0.2154466699103127,-0.4413487512114661,0.6189018392404444,-0.6089598505988263,False,4
0.6260496122381148,0.3715470050274107,-0.5964167340050675,-0.4413487512114661,0.6189018392404444,0.6393225546342859,True,0
-0.5602992722369161,-1.586902682456808,-0.5964167340050675,-0.4413487512114661,-0.8808079818064339,-0.6089598505988263,False,2
-0.3964593725788674,-1.586902682456808,-0.3257955993666074,-0.4413487512114661,-0.8808079818064339,-0.6089598505988263,False,1
-0.08522523445805698,0.7632369425242544,-0.8670378686435275,-0.4413487512114661,0.6189018392404444,0.6393225546342859,True,1
0.03955621986118455,0.30626534877793676,-0.5964167340050675,-0.4413487512114661,0.6189018392404444,-0.6089598505988263,True,3
0.20051812881005804,0.045138723780040954,-0.3257955993666074,-0.4413487512114661,0.6189018392404444,0.6393225546342859,True,4
-0.21494038713588487,-1.7827476512052298,-0.8670378686435275,-0.4413487512114661,0.6189018392404444,-0.6089598505988263,False,-1
-0.2204907977892942,-1.7827476512052298,-0.8670378686435275,-0.4413487512114661,0.6189018392404444,-0.6089598505988263,False,2
1.4501828088869444,-1.7827476512052298,-0.05517446472814736,-0.4413487512114661,0.6189018392404444,0.6393225546342859,False,1
-0.5428257572169236,0.8285185987737285,-0.8670378686435275,-0.4413487512114661,0.6189018392404444,-0.6089598505988263,True,2
-0.33458257233159944,0.8285185987737285,-0.8670378686435275,-0.4413487512114661,0.6189018392404444,-0.6089598505988263,True,2
-1.821887056680386,0.8938002550232024,-1.1376590032819875,-0.4413487512114661,-2.380517802853312,-0.6089598505988263,True,3
-1.8177756413815642,0.8938002550232024,-1.1376590032819875,-0.4413487512114661,-2.380517802853312,-0.6089598505988263,True,4
0.19661228427617738,0.5673919737758326,-0.5964167340050675,-0.4413487512114661,0.6189018392404444,0.6393225546342859,True,-1
-0.4118771799494491,1.1549268800210981,-0.3257955993666074,-0.4413487512114661,3.618321481334201,0.6393225546342859,True,1
1.233922364168918,-1.45633936995786,1.0273100738256928,-0.4413487512114661,0.6189018392404444,0.6393225546342859,False,-1
-0.5625605506512681,-1.45633936995786,-0.5964167340050675,-0.4413487512114661,0.6189018392404444,-0.6089598505988263,False,3
0.011804166594137508,0.3715470050274107,-0.3257955993666074,-0.4413487512114661,0.6189018392404444,-0.6089598505988263,True,4
2.0243419553674094,-0.8688044637125945,1.297931208464153,-0.4413487512114661,0.6189018392404444,0.6393225546342859,False,2
2.379979378715495,-2.1091559324525995,-0.3257955993666074,-0.4413487512114661,0.6189018392404444,0.6393225546342859,False,1
-1.1266467296496194,0.8938002550232024,-0.5964167340050675,-0.4413487512114661,0.6189018392404444,-0.6089598505988263,True,-1
-0.26181052154245343,0.6979552862747805,-0.05517446472814736,-0.4413487512114661,0.6189018392404444,-0.6089598505988263,True,1
-0.2926461362836169,0.8938002550232024,-0.8670378686435275,-0.4413487512114661,0.6189018392404444,-0.6089598505988263,True,4
2.2905560959661213,-1.1952127449599643,1.0273100738256928,-0.4413487512114661,0.6189018392404444,0.6393225546342859,False,1
2.6895689507167773,-1.2604944012094381,-0.05517446472814736,-0.4413487512114661,0.6189018392404444,0.6393225546342859,False,3
0.015504440363076978,0.6326736300253065,-1.1376590032819875,-0.4413487512114661,0.6189018392404444,0.6393225546342859,True,-1
0.14501402227596366,0.5021103175263587,-0.8670378686435275,-0.4413487512114661,0.6189018392404444,0.6393225546342859,True,3
0.05415174417200211,0.6979552862747805,-0.3257955993666074,-0.4413487512114661,-0.8808079818064339,0.6393225546342859,True,0
-0.02663756644984643,0.9590819112726764,-1.1376590032819875,-0.4413487512114661,0.6189018392404444,0.6393225546342859,True,1
-0.39132010345534013,0.6979552862747805,-0.5964167340050675,-0.4413487512114661,0.6189018392404444,0.6393225546342859,True,-1
-0.2864790133353843,0.6979552862747805,-0.5964167340050675,-0.4413487512114661,-0.8808079818064339,-0.6089598505988263,True,-1
1.6709658104336753,-0.8688044637125945,-0.05517446472814736,-0.4413487512114661,0.6189018392404444,0.6393225546342859,False,3
0.6704528974653903,-1.3257760574589121,-1.1376590032819875,-0.4413487512114661,0.6189018392404444,-0.6089598505988263,False,3
1.0236234716341825,-1.3257760574589121,-0.5964167340050675,-0.4413487512114661,0.6189018392404444,0.6393225546342859,False,2
-0.8008170672179916,0.7632369425242544,-0.5964167340050675,-0.4413487512114661,0.6189018392404444,-0.6089598505988263,True,0
0.5553332690983797,0.24098369252846283,-0.8670378686435275,-0.4413487512114661,0.6189018392404444,-0.6089598505988263,True,3
1.6968677268162524,-1.1299310887104903,-0.8670378686435275,-0.4413487512114661,0.6189018392404444,0.6393225546342859,False,-1
-0.10105418335852112,1.0896452237716243,-0.5964167340050675,-0.4413487512114661,0.6189018392404444,-0.6089598505988263,True,-1
0.5212085221181587,0.5673919737758326,-0.5964167340050675,-0.4413487512114661,0.6189018392404444,0.6393225546342859,True,1
0.21120780858699495,0.3715470050274107,-0.3257955993666074,-0.4413487512114661,0.6189018392404444,0.6393225546342859,True,2
0.16557109877007267,0.24098369252846283,-0.05517446472814736,-0.4413487512114661,0.6189018392404444,1.887604959867398,True,-1
4.233610966189305,-1.521621026207334,2.1097946123795333,-0.4413487512114661,0.6189018392404444,0.6393225546342859,False,-1
1.8962713688091102,0.045138723780040954,-0.05517446472814736,-0.4413487512114661,2.1186116602873226,0.6393225546342859,True,-1
0.4833835013689981,0.6326736300253065,-0.8670378686435275,-0.4413487512114661,0.6189018392404444,0.6393225546342859,True,-1
0.3629190331135193,0.3715470050274107,0.48606780454877274,-0.4413487512114661,0.6189018392404444,0.6393225546342859,False,2
-0.26139938001257135,0.6326736300253065,-0.05517446472814736,-0.4413487512114661,0.6189018392404444,0.6393225546342859,True,0
-0.7658700371780064,1.1549268800210981,-0.8670378686435275,-0.4413487512114661,0.6189018392404444,0.6393225546342859,True,4
2.4264383715921816,-1.45633936995786,-0.05517446472814736,-0.4413487512114661,0.6189018392404444,0.6393225546342859,False,1
-0.3238928925546625,0.8285185987737285,-0.8670378686435275,-0.4413487512114661,-0.8808079818064339,-0.6089598505988263,True,0
-1.061891938693176,0.8285185987737285,-0.8670378686435275,-0.4413487512114661,-0.8808079818064339,-0.6089598505988263,False,-1
-0.2500929879408114,1.0896452237716243,-0.8670378686435275,-0.4413487512114661,-2.380517802853312,8.129016986032958,True,-1
1.5846260891584178,-0.5423961824652247,-1.1376590032819875,-0.4413487512114661,0.6189018392404444,0.6393225546342859,False,-1
0.6248161876484682,-0.5423961824652247,1.568552343102613,-0.4413487512114661,0.6189018392404444,-0.6089598505988263,False,-1
0.6332445890110528,-0.5423961824652247,-0.3257955993666074,-0.4413487512114661,0.6189018392404444,-0.6089598505988263,False,3
1.1142801789732037,-0.5423961824652247,-0.8670378686435275,-0.4413487512114661,0.6189018392404444,0.6393225546342859,False,4
0.6926545400790276,-0.5423961824652247,-0.05517446472814736,-0.4413487512114661,0.6189018392404444,-0.6089598505988263,False,-1
0.6926545400790276,-0.5423961824652247,1.839173477741073,-0.4413487512114661,0.6189018392404444,-0.6089598505988263,False,-1
0.3758699913048079,-1.1952127449599643,0.7566889391872328,-0.4413487512114661,0.6189018392404444,-0.6089598505988263,False,2
0.8934971774264728,-1.586902682456808,1.0273100738256928,-0.4413487512114661,0.6189018392404444,0.6393225546342859,False,4
2.3810072325402003,-1.1952127449599643,-0.5964167340050675,-0.4413487512114661,0.6189018392404444,0.6393225546342859,False,0
-0.114621853844633,-1.586902682456808,-0.8670378686435275,-0.4413487512114661,-0.8808079818064339,-0.6089598505988263,False,4
2.6922413706610113,-1.45633936995786,-0.3257955993666074,-0.4413487512114661,0.6189018392404444,0.6393225546342859,False,-1
0.3727864298306917,-1.521621026207334,-0.05517446472814736,-0.4413487512114661,0.6189018392404444,-0.6089598505988263,False,3
0.700260658381848,-1.521621026207334,1.568552343102613,-0.4413487512114661,0.6189018392404444,-0.6089598505988263,False,0
0.3727864298306917,-1.521621026207334,-0.3257955993666074,-0.4413487512114661,0.6189018392404444,-0.6089598505988263,False,1
-0.16457554972531774,-1.9785926199536517,-0.8670378686435275,-0.4413487512114661,0.6189018392404444,-0.6089598505988263,False,1
-0.33314357697701164,-1.0646494324610163,1.297931208464153,-0.4413487512114661,0.6189018392404444,-0.6089598505988263,False,-1
0.47372167541676685,-0.28126955746732885,0.48606780454877274,-0.4413487512114661,0.6189018392404444,-0.6089598505988263,False,-1
-0.6380050213846482,1.3507718487695202,-0.5964167340050675,-0.4413487512114661,-0.8808079818064339,-0.6089598505988263,True,3
0.037911653741655865,0.3715470050274107,-0.8670378686435275,-0.4413487512114661,0.6189018392404444,0.6393225546342859,True,-1
-1.0351677392508343,-0.6076778387146986,-0.05517446472814736,-0.4413487512114661,-0.8808079818064339,-0.6089598505988263,True,4
1.366515507555921,-2.1091559324525995,1.0273100738256928,-0.4413487512114661,0.6189018392404444,0.6393225546342859,False,-1
2.7855704979442653,-1.586902682456808,0.48606780454877274,-0.4413487512114661,0.6189018392404444,1.887604959867398,False,4
2.7855704979442653,-1.586902682456808,-0.05517446472814736,-0.4413487512114661,0.6189018392404444,0.6393225546342859,False,0
2.7855704979442653,-1.586902682456808,-0.3257955993666074,-0.4413487512114661,0.6189018392404444,0.6393225546342859,False,3
2.029892366020819,-1.2604944012094381,0.48606780454877274,-0.4413487512114661,0.6189018392404444,0.6393225546342859,False,-1
-0.578183928786791,1.1549268800210981,-0.3257955993666074,-0.4413487512114661,0.6189018392404444,-0.6089598505988263,True,0
-0.6499281257512314,1.1549268800210981,-0.8670378686435275,-0.4413487512114661,0.6189018392404444,0.6393225546342859,True,-1
0.9991605506061928,-0.9340861199620684,-0.3257955993666074,-0.4413487512114661,0.6189018392404444,0.6393225546342859,False,3
-1.0037154122148475,-0.9340861199620684,-1.1376590032819875,-0.4413487512114661,-0.8808079818064339,0.6393225546342859,False,4
-1.0084435398084926,-0.9340861199620684,-0.3257955993666074,-0.4413487512114661,-0.8808079818064339,0.6393225546342859,False,-1
-0.045755647589367655,0.5673919737758326,-0.5964167340050675,-0.4413487512114661,0.6189018392404444,0.6393225546342859,True,2
-0.07515226697594367,-1.9785926199536517,1.0273100738256928,-0.4413487512114661,0.6189018392404444,-0.6089598505988263,False,2
-1.1110233515140966,-1.0646494324610163,-0.05517446472814736,-0.4413487512114661,-0.8808079818064339,-0.6089598505988263,False,4
3.618543237485563,-1.3910577137083862,1.297931208464153,-0.4413487512114661,0.6189018392404444,0.6393225546342859,False,-1
1.6440360402263925,-1.1299310887104903,0.7566889391872328,-0.4413487512114661,0.6189018392404444,0.6393225546342859,False,-1
1.3237567884481745,-2.1091559324525995,1.297931208464153,-0.4413487512114661,0.6189018392404444,0.6393225546342859,False,0
1.9295738327295668,-0.5423961824652247,-0.3257955993666074,-0.4413487512114661,0.6189018392404444,0.6393225546342859,False,2
2.3045349079821147,0.5673919737758326,0.48606780454877274,-0.4413487512114661,0.6189018392404444,0.6393225546342859,False,0
0.6394117119592853,0.4368286612768847,-0.05517446472814736,-0.4413487512114661,0.6189018392404444,0.6393225546342859,False,-1
0.3682638730019875,0.6326736300253065,-0.05517446472814736,-0.4413487512114661,0.6189018392404444,0.6393225546342859,True,4
-0.10290432024299072,0.7632369425242544,-0.3257955993666074,-0.4413487512114661,0.6189018392404444,-0.6089598505988263,False,0
-0.00916405142985389,0.8285185987737285,0.48606780454877274,-0.4413487512114661,0.6189018392404444,0.6393225546342859,False,2
0.6609966422781,1.7424617862663638,-0.5964167340050675,-0.4413487512114661,0.6189018392404444,0.6393225546342859,True,3
0.02126042178142752,1.1549268800210981,-0.8670378686435275,-0.4413487512114661,0.6189018392404444,-0.6089598505988263,True,3
1.2219992598023346,0.30626534877793676,0.2154466699103127,-0.4413487512114661,0.6189018392404444,0.6393225546342859,False,-1
0.8571111520318997,0.30626534877793676,0.2154466699103127,-0.4413487512114661,0.6189018392404444,0.6393225546342859,False,3
1.3391745958187562,0.24098369252846283,-0.3257955993666074,-0.4413487512114661,0.6189018392404444,0.6393225546342859,True,3
1.9042886286418124,0.24098369252846283,-0.3257955993666074,-0.4413487512114661,0.6189018392404444,0.6393225546342859,False,4
-0.886128934668544,0.045138723780040954,-0.8670378686435275,-0.4413487512114661,-0.8808079818064339,-0.6089598505988263,False,3
2.0078962941721223,0.045138723780040954,-0.8670378686435275,-0.4413487512114661,0.6189018392404444,1.887604959867398,False,3
1.7194805109597728,0.7632369425242544,-0.5964167340050675,-0.4413487512114661,0.6189018392404444,0.6393225546342859,True,1
0.9228937968130488,0.3715470050274107,0.48606780454877274,-0.4413487512114661,0.6189018392404444,1.887604959867398,False,3
1.7494938426411717,-2.1091559324525995,1.839173477741073,-0.4413487512114661,0.6189018392404444,0.6393225546342859,False,1
1.9671932827137861,-2.1091559324525995,0.7566889391872328,-0.4413487512114661,0.6189018392404444,0.6393225546342859,False,4
0.005637043645904864,0.6979552862747805,-0.5964167340050675,-0.4413487512114661,0.6189018392404444,-0.6089598505988263,True,3
-1.589386521532013,1.8730250987653116,-0.8670378686435275,-0.4413487512114661,0.6189018392404444,0.6393225546342859,True,1
-0.16251984207590695,0.7632369425242544,-1.1376590032819875,-0.4413487512114661,0.6189018392404444,-0.6089598505988263,True,-1
-0.16251984207590695,0.7632369425242544,-0.3257955993666074,-0.4413487512114661,0.6189018392404444,-0.6089598505988263,True,-1
0.17687749084183285,0.9590819112726764,-0.5964167340050675,-0.4413487512114661,0.6189018392404444,-0.6089598505988263,True,0
1.4242808925043673,0.7632369425242544,0.48606780454877274,-0.4413487512114661,0.6189018392404444,0.6393225546342859,False,-1
-1.0795710244781098,1.0243635675221503,-1.1376590032819875,-0.4413487512114661,0.6189018392404444,-0.6089598505988263,True,-1
0.1295962149053819,0.7632369425242544,-0.8670378686435275,-0.4413487512114661,0.6189018392404444,0.6393225546342859,False,2
-1.3825823320012767,-0.28126955746732885,-0.05517446472814736,-0.4413487512114661,-2.380517802853312,-0.6089598505988263,False,1
1.7739567636691613,-1.1952127449599643,-0.05517446472814736,-0.4413487512114661,0.6189018392404444,0.6393225546342859,False,3
1.6800109240910832,-1.1952127449599643,2.1097946123795333,-0.4413487512114661,0.6189018392404444,0.6393225546342859,False,0
1.6565758568877993,-0.6076778387146986,-0.5964167340050675,-0.4413487512114661,0.6189018392404444,0.6393225546342859,False,-1
1.0663821907419295,-2.1091559324525995,-0.05517446472814736,-0.4413487512114661,-0.8808079818064339,-0.6089598505988263,False,-1
-0.35657864418029594,-2.1091559324525995,0.2154466699103127,-0.4413487512114661,0.6189018392404444,-0.6089598505988263,False,-1
0.7084834889794918,-2.1091559324525995,-0.3257955993666074,-0.4413487512114661,0.6189018392404444,-0.6089598505988263,False,3
1.1360706800569589,-2.1091559324525995,-0.05517446472814736,-0.4413487512114661,0.6189018392404444,-0.6089598505988263,False,1
0.6036423988595356,-2.1091559324525995,1.568552343102613,-0.4413487512114661,0.6189018392404444,-0.6089598505988263,False,0
0.5982975589710675,-2.1091559324525995,1.568552343102613,-0.4413487512114661,0.6189018392404444,0.6393225546342859,False,3
1.1350428262322536,-2.1091559324525995,-0.3257955993666074,-0.4413487512114661,0.6189018392404444,-0.6089598505988263,False,4
0.46159300028524247,0.30626534877793676,-0.5964167340050675,-0.4413487512114661,0.6189018392404444,0.6393225546342859,True,3
0.205040685638762,0.24098369252846283,-0.05517446472814736,-0.4413487512114661,0.6189018392404444,0.6393225546342859,True,0
-0.1156497076693384,0.30626534877793676,-0.3257955993666074,-0.4413487512114661,0.6189018392404444,0.6393225546342859,True,-1
0.42294569647631763,0.30626534877793676,-0.3257955993666074,-0.4413487512114661,0.6189018392404444,0.6393225546342859,True,-1
-0.5050007364677629,0.6979552862747805,-1.1376590032819875,-0.4413487512114661,0.6189018392404444,-0.6089598505988263,True,4
-0.607786118938308,-0.3465512137168028,-0.5964167340050675,-0.4413487512114661,-0.8808079818064339,-0.6089598505988263,False,1
0.3366059752010598,0.6979552862747805,-0.3257955993666074,-0.4413487512114661,0.6189018392404444,0.6393225546342859,True,1
1.3052554196034762,-0.6729594949641726,0.48606780454877274,-0.4413487512114661,0.6189018392404444,0.6393225546342859,False,1
1.316356240910295,-0.6729594949641726,1.297931208464153,-0.4413487512114661,0.6189018392404444,0.6393225546342859,False,-1
0.4648821325242999,0.6326736300253065,-0.3257955993666074,-0.4413487512114661,0.6189018392404444,0.6393225546342859,True,0
0.31666561100177404,0.4368286612768847,0.48606780454877274,-0.4413487512114661,0.6189018392404444,0.6393225546342859,False,0
0.12527922884161916,0.9590819112726764,-1.1376590032819875,-0.4413487512114661,0.6189018392404444,0.6393225546342859,True,0
-0.5931905946274907,0.9590819112726764,-0.5964167340050675,-0.4413487512114661,-0.8808079818064339,-0.6089598505988263,True,4
-0.575511508842557,0.9590819112726764,-0.3257955993666074,-0.4413487512114661,0.6189018392404444,0.6393225546342859,True,0
-0.1690981065540217,-1.7827476512052298,-0.8670378686435275,-0.4413487512114661,0.6189018392404444,5.632452175566734,True,2
0.8196972728126214,0.7632369425242544,-0.5964167340050675,-0.4413487512114661,0.6189018392404444,0.6393225546342859,True,2
-0.3203981895506643,0.6326736300253065,-0.5964167340050675,-0.4413487512114661,-2.380517802853312,1.887604959867398,True,-1
-1.093755407259045,0.7632369425242544,-0.8670378686435275,-0.4413487512114661,-0.8808079818064339,-0.6089598505988263,False,0
0.4128727289942041,0.6979552862747805,-0.05517446472814736,-0.4413487512114661,0.6189018392404444,0.6393225546342859,True,-1
2.6710675818720784,-0.8688044637125945,1.568552343102613,-0.4413487512114661,0.6189018392404444,0.6393225546342859,False,-1
0.5382708956082691,0.5673919737758326,0.48606780454877274,-0.4413487512114661,0.6189018392404444,0.6393225546342859,False,-1
-0.6390328752093539,0.8285185987737285,-0.05517446472814736,-0.4413487512114661,0.6189018392404444,0.6393225546342859,False,-1
-0.26674421990103947,0.6979552862747805,-0.05517446472814736,-0.4413487512114661,-0.8808079818064339,0.6393225546342859,True,3
-0.47046484795765997,0.8285185987737285,-0.3257955993666074,-0.4413487512114661,-0.8808079818064339,-0.6089598505988263,True,-1
-1.3626419678019908,-0.41183286996627677,-0.05517446472814736,-0.4413487512114661,-0.8808079818064339,-0.6089598505988263,False,1
-1.4695387655713577,-0.41183286996627677,-0.3257955993666074,-0.4413487512114661,-0.8808079818064339,-0.6089598505988263,False,2
1.2906598952926587,-0.7382411512136465,1.839173477741073,-0.4413487512114661,0.6189018392404444,-0.6089598505988263,False,0
-1.4868067098264093,-0.5423961824652247,-0.8670378686435275,-0.4413487512114661,-0.8808079818064339,-0.6089598505988263,False,-1
-1.8229149105050915,-0.5423961824652247,1.839173477741073,-0.4413487512114661,-0.8808079818064339,-0.6089598505988263,False,2
2.304123766452233,-1.0646494324610163,-1.1376590032819875,-0.4413487512114661,-0.8808079818064339,0.6393225546342859,False,3
1.5905876413417093,-1.0646494324610163,-0.5964167340050675,-0.4413487512114661,0.6189018392404444,0.6393225546342859,False,-1
1.5844205183934763,-1.0646494324610163,-0.8670378686435275,-0.4413487512114661,0.6189018392404444,0.6393225546342859,False,-1
1.6512310169993305,0.11042038002951492,-0.5964167340050675,-0.4413487512114661,0.6189018392404444,0.6393225546342859,True,-1
1.6224511099075785,0.11042038002951492,-0.05517446472814736,-0.4413487512114661,0.6189018392404444,0.6393225546342859,True,1
1.6356076388638079,-0.8035228074631204,-0.05517446472814736,-0.4413487512114661,0.6189018392404444,0.6393225546342859,False,-1
-1.2366270888931026,-0.28126955746732885,-0.5964167340050675,-0.4413487512114661,-0.8808079818064339,-0.6089598505988263,False,3
0.2650673490015603,0.3715470050274107,-0.05517446472814736,-0.4413487512114661,0.6189018392404444,0.6393225546342859,True,-1
0.2671230566509714,-0.21598790121785488,-0.05517446472814736,-0.4413487512114661,0.6189018392404444,0.6393225546342859,True,-1
0.18160561843547773,-0.21598790121785488,-0.05517446472814736,-0.4413487512114661,0.6189018392404444,0.6393225546342859,True,1
0.7528867742067672,0.5673919737758326,-0.3257955993666074,-0.4413487512114661,0.6189018392404444,0.6393225546342859,True,3
-0.9747299343581538,1.1549268800210981,-0.8670378686435275,-0.4413487512114661,-2.380517802853312,4.384169770333622,True,0
1.8857872597971141,1.611898473767416,-1.1376590032819875,-0.4413487512114661,-0.8808079818064339,4.384169770333622,True,2
0.29672524680248835,1.2202085362705721,-0.3257955993666074,-0.4413487512114661,0.6189018392404444,-0.6089598505988263,True,2
-0.14196276558179793,-0.020142932469433005,-0.3257955993666074,-0.4413487512114661,0.6189018392404444,0.6393225546342859,False,2
0.6001476958555371,1.0896452237716243,-0.5964167340050675,-0.4413487512114661,0.6189018392404444,0.6393225546342859,True,4
-0.4455907853997879,1.0896452237716243,-0.8670378686435275,-0.4413487512114661,-0.8808079818064339,-0.6089598505988263,True,0
-0.49903918428447147,0.8285185987737285,-0.05517446472814736,-0.4413487512114661,-0.8808079818064339,0.6393225546342859,False,3
0.0872486373275176,-1.1952127449599643,-0.8670378686435275,-0.4413487512114661,0.6189018392404444,-0.6089598505988263,False,1
-1.1231520266456207,-0.28126955746732885,-0.8670378686435275,-0.4413487512114661,-0.8808079818064339,-0.6089598505988263,False,4
0.6579130808039835,1.0896452237716243,-0.3257955993666074,-0.4413487512114661,0.6189018392404444,0.6393225546342859,True,1
-0.28010631962221044,-1.7174659949557558,-0.5964167340050675,-0.4413487512114661,-2.380517802853312,-1.8572422558319384,False,-1
-0.4480576345790811,0.7632369425242544,-0.5964167340050675,-0.4413487512114661,-0.8808079818064339,-0.6089598505988263,False,-1
-1.2205925692276975,-0.41183286996627677,0.2154466699103127,-0.4413487512114661,-0.8808079818064339,-0.6089598505988263,False,0
2.1443952820930057,0.8285185987737285,0.7566889391872328,-0.4413487512114661,0.6189018392404444,1.887604959867398,False,-1
-0.4840325184437718,0.8938002550232024,-0.3257955993666074,-0.4413487512114661,0.6189018392404444,-0.6089598505988263,False,-1
0.4319908101337256,0.4368286612768847,-0.3257955993666074,-0.4413487512114661,0.6189018392404444,0.6393225546342859,True,3
0.4482309005640715,0.5673919737758326,-0.8670378686435275,-0.4413487512114661,0.6189018392404444,0.6393225546342859,True,2
1.7369540259797653,0.24098369252846283,-0.8670378686435275,-0.4413487512114661,0.6189018392404444,0.6393225546342859,False,2
1.4382597045203616,0.6979552862747805,-1.1376590032819875,-0.4413487512114661,0.6189018392404444,0.6393225546342859,False,4
-0.2550266862993975,0.6326736300253065,-0.8670378686435275,-0.4413487512114661,0.6189018392404444,0.6393225546342859,False,-1
0.6755921665889175,0.6979552862747805,-0.5964167340050675,-0.4413487512114661,0.6189018392404444,0.6393225546342859,True,3
-1.4549432412605403,-0.4771145262157507,-0.5964167340050675,-0.4413487512114661,-0.8808079818064339,-0.6089598505988263,False,0
0.0438732059249476,0.8285185987737285,-0.5964167340050675,-0.4413487512114661,0.6189018392404444,0.6393225546342859,True,3
0.22868132360698748,0.9590819112726764,-0.3257955993666074,-0.4413487512114661,0.6189018392404444,-0.6089598505988263,True,4
-0.35472850729582606,1.2202085362705721,-0.5964167340050675,-0.4413487512114661,0.6189018392404444,-0.6089598505988263,True,-1
1.3778218996276812,1.416053505018994,-0.8670378686435275,-0.4413487512114661,0.6189018392404444,1.887604959867398,True,3
-0.5685221028345598,1.2202085362705721,-1.1376590032819875,-0.4413487512114661,-2.380517802853312,-1.8572422558319384,True,3
-0.7936220904450535,1.0896452237716243,-1.1376590032819875,-0.4413487512114661,0.6189018392404444,-0.6089598505988263,True,3
-0.6084028312331313,0.6326736300253065,-0.8670378686435275,-0.4413487512114661,0.6189018392404444,-0.6089598505988263,True,4
-0.8326805357838606,1.2202085362705721,-0.8670378686435275,-0.4413487512114661,-0.8808079818064339,-0.6089598505988263,True,4
0.077175669845404,0.8285185987737285,-0.5964167340050675,-0.4413487512114661,0.6189018392404444,0.6393225546342859,True,-1
-0.5218575391929324,1.3507718487695202,-0.8670378686435275,-0.4413487512114661,0.6189018392404444,-0.6089598505988263,True,1
-0.5886680377987867,1.0896452237716243,-0.3257955993666074,-0.4413487512114661,-0.8808079818064339,-0.6089598505988263,True,0
1.9673988534787274,-1.7174659949557558,-0.5964167340050675,-0.4413487512114661,0.6189018392404444,0.6393225546342859,False,-1
-1.6035709043129485,0.6326736300253065,-0.5964167340050675,-0.4413487512114661,0.6189018392404444,0.6393225546342859,True,4
0.4486420420939539,0.3715470050274107,-0.3257955993666074,-0.4413487512114661,0.6189018392404444,0.6393225546342859,False,3
0.7849558135375773,0.6326736300253065,-0.8670378686435275,-0.4413487512114661,0.6189018392404444,0.6393225546342859,True,1
-0.0009412208322101699,0.9590819112726764,-0.3257955993666074,-0.4413487512114661,0.6189018392404444,0.6393225546342859,True,-1
0.4667322694087697,0.8285185987737285,-0.8670378686435275,-0.4413487512114661,0.6189018392404444,0.6393225546342859,True,-1
0.7473363635533575,0.30626534877793676,-0.5964167340050675,-0.4413487512114661,0.6189018392404444,0.6393225546342859,True,-1
0.9917600030683139,0.5673919737758326,-0.05517446472814736,-0.4413487512114661,2.1186116602873226,1.887604959867398,True,0
-0.9317656444854661,-2.043874276203126,-0.5964167340050675,-0.4413487512114661,-2.380517802853312,-1.8572422558319384,False,3
-0.9317656444854661,-2.043874276203126,0.2154466699103127,-0.4413487512114661,-2.380517802853312,-1.8572422558319384,False,1
-1.0729927599999949,-2.043874276203126,-0.05517446472814736,-0.4413487512114661,-2.380517802853312,-1.8572422558319384,False,0
-1.5396383964162692,-2.043874276203126,0.2154466699103127,-0.4413487512114661,-2.380517802853312,-1.8572422558319384,False,-1
1.3194398023844114,0.11042038002951492,-0.5964167340050675,-0.4413487512114661,0.6189018392404444,1.887604959867398,True,2
0.6424952734334017,0.4368286612768847,-0.05517446472814736,-0.4413487512114661,0.6189018392404444,0.6393225546342859,True,4
0.7389079621907729,0.8285185987737285,-1.1376590032819875,-0.4413487512114661,0.6189018392404444,0.6393225546342859,True,3
0.7389079621907729,0.8285185987737285,-1.1376590032819875,-0.4413487512114661,0.6189018392404444,0.6393225546342859,True,3
0.3207770263005959,0.6326736300253065,-0.3257955993666074,-0.4413487512114661,0.6189018392404444,-0.6089598505988263,True,4
0.2691787643003822,0.6979552862747805,-0.5964167340050675,-0.4413487512114661,0.6189018392404444,0.6393225546342859,True,-1
0.0342113799727161,0.5673919737758326,-0.05517446472814736,-0.4413487512114661,0.6189018392404444,-0.6089598505988263,True,4
1.019512056335361,0.24098369252846283,-0.5964167340050675,-0.4413487512114661,0.6189018392404444,0.6393225546342859,True,-1
0.6579130808039835,0.6979552862747805,-1.1376590032819875,-0.4413487512114661,0.6189018392404444,0.6393225546342859,True,2
0.9216603722234022,0.30626534877793676,-0.05517446472814736,-0.4413487512114661,0.6189018392404444,0.6393225546342859,False,-1
1.9211454313669822,0.045138723780040954,-0.3257955993666074,-0.4413487512114661,0.6189018392404444,0.6393225546342859,False,1
0.6235827630588213,-0.15070624496838092,0.2154466699103127,-0.4413487512114661,0.6189018392404444,0.6393225546342859,False,1
0.32776643230859276,0.6979552862747805,-0.05517446472814736,-0.4413487512114661,0.6189018392404444,0.6393225546342859,True,3
1.0908451117699192,-0.9993677762115424,0.7566889391872328,-0.4413487512114661,0.6189018392404444,0.6393225546342859,False,-1
1.8494012344025417,-0.08542458871890696,0.48606780454877274,-0.4413487512114661,-2.380517802853312,-1.8572422558319384,False,3
8.277599054110429,-1.1299310887104903,3.1922791509333734,-0.4413487512114661,0.6189018392404444,3.13588736510051,False,3
1.6049775948875853,0.5021103175263587,-0.8670378686435275,-0.4413487512114661,-0.8808079818064339,0.6393225546342859,False,-1
-0.13415107651403663,0.3715470050274107,-0.5964167340050675,-0.4413487512114661,-0.8808079818064339,0.6393225546342859,True,-1
0.17029922636371783,0.3715470050274107,-0.5964167340050675,-0.4413487512114661,0.6189018392404444,0.6393225546342859,True,4
0.13679119167832024,0.7632369425242544,-0.05517446472814736,-0.4413487512114661,0.6189018392404444,0.6393225546342859,True,4
-0.5103455763562313,1.416053505018994,-0.8670378686435275,-0.4413487512114661,0.6189018392404444,-0.6089598505988263,True,4
0.1620763957660744,1.0896452237716243,-0.5964167340050675,-0.4413487512114661,-0.8808079818064339,0.6393225546342859,True,-1
-0.5078787271769383,1.0896452237716243,-0.8670378686435275,-0.4413487512114661,0.6189018392404444,-0.6089598505988263,True,1
-1.6428349204166968,1.1549268800210981,-1.1376590032819875,-0.4413487512114661,0.6189018392404444,0.6393225546342859,True,2
1.8607076264743012,-1.1952127449599643,-0.3257955993666074,-0.4413487512114661,0.6189018392404444,0.6393225546342859,False,0
-0.5923683115677262,1.0896452237716243,-1.1376590032819875,-0.4413487512114661,-2.380517802853312,-1.8572422558319384,True,1
-0.4803322446748321,1.0896452237716243,-0.8670378686435275,-0.4413487512114661,-2.380517802853312,-1.8572422558319384,True,-1
0.6307777398317597,0.11042038002951492,0.48606780454877274,-0.4413487512114661,0.6189018392404444,0.6393225546342859,False,-1
0.6190602062301174,0.11042038002951492,0.2154466699103127,-0.4413487512114661,0.6189018392404444,0.6393225546342859,False,4
0.5177138191141601,0.3715470050274107,-0.05517446472814736,-0.4413487512114661,0.6189018392404444,0.6393225546342859,True,1
-1.191607091371004,0.11042038002951492,0.2154466699103127,-0.4413487512114661,0.6189018392404444,-0.6089598505988263,False,0
-1.1657051749884264,1.2854901925200461,-1.6789012725589076,-0.4413487512114661,-0.8808079818064339,-0.6089598505988263,True,1
-1.2756855342319096,1.2854901925200461,-0.05517446472814736,-0.4413487512114661,-0.8808079818064339,-0.6089598505988263,True,1
-1.3764152090530437,1.1549268800210981,-0.3257955993666074,-0.4413487512114661,-0.8808079818064339,-0.6089598505988263,False,3
-0.03897181234631172,-0.4771145262157507,-0.05517446472814736,-0.4413487512114661,0.6189018392404444,-0.6089598505988263,False,-1
0.0662804193035262,0.9590819112726764,-0.5964167340050675,-0.4413487512114661,0.6189018392404444,-0.6089598505988263,True,1
-0.3882365419812239,0.7632369425242544,-0.05517446472814736,-0.4413487512114661,-2.380517802853312,8.129016986032958,True,4
-0.7099547891140299,1.2202085362705721,-0.5964167340050675,-0.4413487512114661,0.6189018392404444,-0.6089598505988263,True,3
1.407629660544139,-0.4771145262157507,0.48606780454877274,-0.4413487512114661,0.6189018392404444,0.6393225546342859,False,-1
-0.07104085167712182,0.7632369425242544,-0.5964167340050675,-0.4413487512114661,-2.380517802853312,0.6393225546342859,True,2
0.25355538616485923,-2.1091559324525995,0.2154466699103127,-0.4413487512114661,0.6189018392404444,-0.6089598505988263,False,1
0.37299200059563264,-2.1091559324525995,2.1097946123795333,-0.4413487512114661,-0.8808079818064339,-0.6089598505988263,False,-1
0.10513329387739223,0.8285185987737285,-0.8670378686435275,-0.4413487512114661,0.6189018392404444,0.6393225546342859,True,4
-0.22542449614788057,0.5673919737758326,-0.8670378686435275,-0.4413487512114661,0.6189018392404444,-0.6089598505988263,False,4
0.6209103431145873,0.5673919737758326,1.297931208464153,-0.4413487512114661,0.6189018392404444,0.6393225546342859,False,0
0.4809166521897049,0.3715470050274107,-0.05517446472814736,-0.4413487512114661,0.6189018392404444,0.6393225546342859,True,-1
0.19640671351123618,0.3715470050274107,-1.1376590032819875,-0.4413487512114661,0.6189018392404444,-0.6089598505988263,True,-1
0.4375412207871349,0.3715470050274107,-0.3257955993666074,-0.4413487512114661,0.6189018392404444,0.6393225546342859,True,-1
-1.1953073651399435,-0.41183286996627677,1.0273100738256928,-0.4413487512114661,-2.380517802853312,-1.8572422558319384,False,-1
1.3745327673886236,1.2854901925200461,-0.3257955993666074,-0.4413487512114661,0.6189018392404444,0.6393225546342859,True,4
-0.2817508857417391,0.8285185987737285,-0.3257955993666074,-0.4413487512114661,0.6189018392404444,0.6393225546342859,True,-1
0.8678008318088366,-0.9340861199620684,1.568552343102613,-0.4413487512114661,0.6189018392404444,-0.6089598505988263,False,4
-0.07618012080064906,-0.9340861199620684,-0.3257955993666074,-0.4413487512114661,-0.8808079818064339,-0.6089598505988263,False,-1
-0.25954924312810146,0.5673919737758326,-0.8670378686435275,-0.4413487512114661,-0.8808079818064339,-0.6089598505988263,True,3
1.936974380267446,-1.45633936995786,0.7566889391872328,-0.4413487512114661,0.6189018392404444,0.6393225546342859,False,1
2.212644776053448,0.11042038002951492,-1.1376590032819875,-0.4413487512114661,0.6189018392404444,0.6393225546342859,True,3
0.8789016531156553,-1.1299310887104903,0.7566889391872328,-0.4413487512114661,-0.8808079818064339,-0.6089598505988263,False,1
1.1157191743277912,-0.6076778387146986,0.7566889391872328,-0.4413487512114661,0.6189018392404444,0.6393225546342859,False,1
-0.7872493967318797,0.8938002550232024,-0.3257955993666074,-0.4413487512114661,0.6189018392404444,0.6393225546342859,True,4
-0.5617382675915039,0.9590819112726764,-0.3257955993666074,-0.4413487512114661,0.6189018392404444,-0.6089598505988263,True,3
-0.9944647277924985,1.2202085362705721,-1.1376590032819875,-0.4413487512114661,0.6189018392404444,-0.6089598505988263,True,-1
-0.5919571700378441,1.1549268800210981,-0.5964167340050675,-0.4413487512114661,0.6189018392404444,-0.6089598505988263,True,2
-0.08460852216323368,0.6326736300253065,-0.3257955993666074,-0.4413487512114661,0.6189018392404444,0.6393225546342859,True,1
-0.6865197219107454,0.17570203627898887,-0.8670378686435275,-0.4413487512114661,-2.380517802853312,-0.6089598505988263,True,2
-0.7282505871937869,1.416053505018994,-1.1376590032819875,-0.4413487512114661,-0.8808079818064339,-0.6089598505988263,True,1
0.041200785980713237,0.9590819112726764,-0.8670378686435275,-0.4413487512114661,-0.8808079818064339,-0.6089598505988263,True,-1
-0.8848955100788974,0.9590819112726764,-0.5964167340050675,-0.4413487512114661,0.6189018392404444,-0.6089598505988263,True,2
-0.7301007240782567,1.1549268800210981,-1.1376590032819875,-0.4413487512114661,-2.380517802853312,-1.8572422558319384,True,0
1.3506865586554573,-0.28126955746732885,-0.8670378686435275,-0.4413487512114661,0.6189018392404444,-0.6089598505988263,False,1
0.28994141155943237,0.5673919737758326,-0.8670378686435275,-0.4413487512114661,-2.380517802853312,-1.8572422558319384,True,1
-0.4657367203640148,0.9590819112726764,-0.5964167340050675,-0.4413487512114661,-0.8808079818064339,-0.6089598505988263,True,0
1.1198305896266127,-0.28126955746732885,0.48606780454877274,-0.4413487512114661,0.6189018392404444,0.6393225546342859,False,4
0.27226232577449866,-1.0646494324610163,0.2154466699103127,-0.4413487512114661,0.6189018392404444,0.6393225546342859,False,-1
-0.6904255664446264,-1.652184338706282,0.2154466699103127,-0.4413487512114661,0.6189018392404444,-0.6089598505988263,False,1
-1.0916996996096342,1.546616817517942,-0.8670378686435275,-0.4413487512114661,0.6189018392404444,-0.6089598505988263,True,3
0.4227401257113765,0.5673919737758326,-0.3257955993666074,-0.4413487512114661,0.6189018392404444,0.6393225546342859,False,3
0.4936620396160526,0.8938002550232024,-0.3257955993666074,-0.4413487512114661,0.6189018392404444,0.6393225546342859,True,1
-1.105061799330805,0.6326736300253065,-0.3257955993666074,-0.4413487512114661,-0.8808079818064339,-0.6089598505988263,True,4
-0.37795800373416943,0.6326736300253065,-1.1376590032819875,-0.4413487512114661,-0.8808079818064339,-0.6089598505988263,True,3
-0.0502782044180719,0.6326736300253065,-0.5964167340050675,-0.4413487512114661,0.6189018392404444,0.6393225546342859,True,3
-0.24392586499257848,0.9590819112726764,-0.3257955993666074,-0.4413487512114661,-2.380517802853312,3.13588736510051,True,0
-0.6404718705639414,1.2854901925200461,-1.1376590032819875,-0.4413487512114661,0.6189018392404444,-0.6089598505988263,True,-1
-0.7936220904450535,1.1549268800210981,-0.8670378686435275,-0.4413487512114661,-0.8808079818064339,-0.6089598505988263,True,1
1.0844724180567453,0.5673919737758326,-0.05517446472814736,-0.4413487512114661,0.6189018392404444,0.6393225546342859,False,-1
-1.4664552040972412,1.416053505018994,-1.1376590032819875,-0.4413487512114661,-0.8808079818064339,-0.6089598505988263,True,0
0.23978214491380617,0.6326736300253065,-0.05517446472814736,-0.4413487512114661,0.6189018392404444,-0.6089598505988263,True,3
0.6221437677042339,0.6326736300253065,-0.05517446472814736,-0.4413487512114661,0.6189018392404444,0.6393225546342859,True,4
0.27390689189402734,-1.652184338706282,-0.3257955993666074,-0.4413487512114661,-0.8808079818064339,-0.6089598505988263,False,1
0.0033757652315525933,0.7632369425242544,-0.5964167340050675,-0.4413487512114661,0.6189018392404444,0.6393225546342859,True,0
0.12795164878585322,0.3715470050274107,-0.3257955993666074,-0.4413487512114661,0.6189018392404444,0.6393225546342859,True,3
0.22210305912887243,0.4368286612768847,-0.05517446472814736,-0.4413487512114661,0.6189018392404444,-0.6089598505988263,True,4
2.498799280851445,-0.8035228074631204,0.48606780454877274,-0.4413487512114661,0.6189018392404444,0.6393225546342859,False,1
0.14480845151102276,0.7632369425242544,-1.1376590032819875,-0.4413487512114661,0.6189018392404444,0.6393225546342859,True,1
0.08930434497692838,0.7632369425242544,-0.3257955993666074,-0.4413487512114661,-0.8808079818064339,-0.6089598505988263,True,1
4.318922833639857,-1.7174659949557558,-0.3257955993666074,-0.4413487512114661,-0.8808079818064339,1.887604959867398,False,2
0.39231565250009504,-2.043874276203126,-0.5964167340050675,-0.4413487512114661,0.6189018392404444,0.6393225546342859,False,1
-1.4664552040972412,1.546616817517942,-1.1376590032819875,-0.4413487512114661,-0.8808079818064339,-0.6089598505988263,True,1
1.0850891303515686,0.6979552862747805,-0.8670378686435275,-0.4413487512114661,-2.380517802853312,10.625581796499183,True,4
0.12486808731173704,-1.1952127449599643,-0.8670378686435275,-0.4413487512114661,-0.8808079818064339,-0.6089598505988263,False,2
0.21264680394158242,1.2854901925200461,-1.1376590032819875,-0.4413487512114661,0.6189018392404444,0.6393225546342859,True,4
-0.9850084726052083,1.2202085362705721,-0.8670378686435275,-0.4413487512114661,0.6189018392404444,-0.6089598505988263,True,3
0.11150598759056607,0.8285185987737285,-1.1376590032819875,-0.4413487512114661,0.6189018392404444,-0.6089598505988263,True,-1
-0.1810212109206052,0.6326736300253065,-0.05517446472814736,-0.4413487512114661,0.6189018392404444,-0.6089598505988263,True,4
0.2025738364594691,0.6326736300253065,-0.05517446472814736,-0.4413487512114661,0.6189018392404444,-0.6089598505988263,True,3
-0.5080842979418794,1.0896452237716243,-1.1376590032819875,-0.4413487512114661,-0.8808079818064339,-0.6089598505988263,True,-1
0.08622078350281191,0.17570203627898887,-0.05517446472814736,-0.4413487512114661,0.6189018392404444,-0.6089598505988263,True,-1
0.07080297613223016,0.8285185987737285,-1.1376590032819875,-0.4413487512114661,-0.8808079818064339,0.6393225546342859,True,0
0.42006770576714236,1.0896452237716243,-1.1376590032819875,-0.4413487512114661,-2.380517802853312,-1.8572422558319384,True,4
0.4233568380061998,0.4368286612768847,-0.3257955993666074,-0.4413487512114661,0.6189018392404444,0.6393225546342859,True,3
0.5966529928515388,-1.45633936995786,-0.8670378686435275,-0.4413487512114661,-0.8808079818064339,-0.6089598505988263,False,-1
-1.4395254338899586,1.2854901925200461,-1.6789012725589076,-0.4413487512114661,-0.8808079818064339,-0.6089598505988263,True,0
-1.2680794159290893,1.2854901925200461,-0.5964167340050675,-0.4413487512114661,-0.8808079818064339,-0.6089598505988263,True,1
-1.2680794159290893,1.2854901925200461,-0.05517446472814736,-0.4413487512114661,-0.8808079818064339,-0.6089598505988263,True,2
-1.4395254338899586,1.2854901925200461,-1.6789012725589076,-0.4413487512114661,-0.8808079818064339,-0.6089598505988263,True,2
-0.003202499246562149,1.2202085362705721,-0.3257955993666074,-0.4413487512114661,0.6189018392404444,-0.6089598505988263,True,1
-0.5477594555755096,-0.4771145262157507,-0.05517446472814736,-0.4413487512114661,-0.8808079818064339,-0.6089598505988263,False,0
4.447198990963098,-1.521621026207334,-0.8670378686435275,-0.4413487512114661,0.6189018392404444,1.887604959867398,False,3
2.061961405351629,-1.521621026207334,-0.3257955993666074,-0.4413487512114661,0.6189018392404444,0.6393225546342859,False,1
0.4122560166993808,-1.7827476512052298,0.48606780454877274,-0.4413487512114661,0.6189018392404444,-0.6089598505988263,False,-1
0.6400284242541086,-1.7827476512052298,2.1097946123795333,-0.4413487512114661,-0.8808079818064339,-0.6089598505988263,False,0
2.148712268156769,-1.3910577137083862,0.48606780454877274,-0.4413487512114661,0.6189018392404444,0.6393225546342859,False,3
0.01427101577343039,0.8285185987737285,-1.1376590032819875,-0.4413487512114661,0.6189018392404444,-0.6089598505988263,True,3
3.369597041141903,1.481335161268468,-0.5964167340050675,-0.4413487512114661,2.1186116602873226,1.887604959867398,True,0
-0.5004781796390589,0.6979552862747805,-0.3257955993666074,-0.4413487512114661,-0.8808079818064339,-0.6089598505988263,False,-1
-1.4310970325273737,-0.15070624496838092,-0.5964167340050675,-0.4413487512114661,-0.8808079818064339,-0.6089598505988263,False,3
0.17523292472230417,0.30626534877793676,-0.3257955993666074,-0.4413487512114661,0.6189018392404444,0.6393225546342859,True,3
1.3677489321455676,0.3715470050274107,-0.8670378686435275,-0.4413487512114661,0.6189018392404444,0.6393225546342859,False,3
0.5362151879588581,0.6326736300253065,-0.3257955993666074,-0.4413487512114661,0.6189018392404444,0.6393225546342859,True,2
-0.47334283866683524,-1.2604944012094381,2.1097946123795333,-0.4413487512114661,0.6189018392404444,-0.6089598505988263,False,1
-0.7683368863572994,-1.2604944012094381,2.3804157470179934,-0.4413487512114661,-0.8808079818064339,-0.6089598505988263,False,-1
-0.7510689421022478,-0.4771145262157507,1.297931208464153,-0.4413487512114661,-0.8808079818064339,-0.6089598505988263,False,0
-1.4787894499937067,-0.21598790121785488,1.0273100738256928,-0.4413487512114661,-2.380517802853312,-1.8572422558319384,False,-1
-1.2279931167655767,-0.21598790121785488,1.0273100738256928,-0.4413487512114661,-2.380517802853312,-0.6089598505988263,False,-1
-1.5657458835637879,-0.21598790121785488,1.0273100738256928,-0.4413487512114661,-2.380517802853312,-1.8572422558319384,False,0
-1.3844324688857463,-0.21598790121785488,1.0273100738256928,-0.4413487512114661,-2.380517802853312,-1.8572422558319384,False,2
-1.4027282669655032,-0.21598790121785488,1.0273100738256928,-0.4413487512114661,-2.380517802853312,-1.8572422558319384,False,2
-0.6729520514246335,-0.4771145262157507,1.568552343102613,-0.4413487512114661,0.6189018392404444,0.6393225546342859,False,3
-1.3248169470528304,0.7632369425242544,1.0273100738256928,-0.4413487512114661,-0.8808079818064339,-0.6089598505988263,False,1
-0.520624114603286,0.3715470050274107,-1.1376590032819875,-0.4413487512114661,-2.380517802853312,-0.6089598505988263,True,-1
-1.0719649061752894,0.7632369425242544,-0.8670378686435275,-0.4413487512114661,-0.8808079818064339,-0.6089598505988263,True,4
-1.0491465512668285,0.9590819112726764,-0.8670378686435275,-0.4413487512114661,-0.8808079818064339,-0.6089598505988263,True,2
-0.03650496316701883,0.7632369425242544,0.2154466699103127,-0.4413487512114661,-0.8808079818064339,-0.6089598505988263,False,4
-0.015536745143027436,0.8285185987737285,-0.3257955993666074,-0.4413487512114661,0.6189018392404444,-0.6089598505988263,True,1
2.519150786580613,-1.0646494324610163,-0.5964167340050675,-0.4413487512114661,0.6189018392404444,0.6393225546342859,False,0
-0.9572564193381611,-2.1091559324525995,0.7566889391872328,-0.4413487512114661,-2.380517802853312,-0.6089598505988263,False,0
-0.9572564193381611,-2.1091559324525995,1.568552343102613,-0.4413487512114661,-2.380517802853312,-0.6089598505988263,False,4
-0.6560952486994643,-2.1091559324525995,-0.3257955993666074,-0.4413487512114661,-2.380517802853312,-0.6089598505988263,False,4
-0.8542654661026751,-2.1091559324525995,-0.05517446472814736,-0.4413487512114661,-0.8808079818064339,-0.6089598505988263,False,4
-0.8542654661026751,-2.1091559324525995,0.2154466699103127,-0.4413487512114661,-0.8808079818064339,-0.6089598505988263,False,0
-0.8326805357838606,-2.1091559324525995,-0.3257955993666074,-0.4413487512114661,-0.8808079818064339,-0.6089598505988263,False,0
-0.18780504616366112,-1.1952127449599643,1.839173477741073,-0.4413487512114661,-0.8808079818064339,-0.6089598505988263,False,4
1.6434193279315692,-0.4771145262157507,1.297931208464153,-0.4413487512114661,0.6189018392404444,0.6393225546342859,False,-1
1.5194601566720918,-1.2604944012094381,-0.05517446472814736,-0.4413487512114661,0.6189018392404444,0.6393225546342859,False,-1
-0.7716260185963569,-0.41183286996627677,1.568552343102613,-0.4413487512114661,-0.8808079818064339,-0.6089598505988263,False,2
-0.5740725134879692,0.5021103175263587,0.2154466699103127,-0.4413487512114661,0.6189018392404444,-0.6089598505988263,False,1
-0.10537116942228389,1.481335161268468,-0.8670378686435275,-0.4413487512114661,0.6189018392404444,-0.6089598505988263,True,1
-0.4949277689856496,-1.8480293074547038,-0.5964167340050675,-0.4413487512114661,-0.8808079818064339,-0.6089598505988263,False,-1
-0.1160608491992205,-1.652184338706282,1.0273100738256928,-0.4413487512114661,-0.8808079818064339,0.6393225546342859,False,4
-0.9741132220633305,0.4368286612768847,-0.05517446472814736,-0.4413487512114661,-0.8808079818064339,-0.6089598505988263,False,-1
-0.08029153609947093,1.416053505018994,-0.5964167340050675,-0.4413487512114661,0.6189018392404444,0.6393225546342859,True,-1
1.5110317553095072,-1.1299310887104903,1.297931208464153,-0.4413487512114661,0.6189018392404444,0.6393225546342859,False,1
-0.11955555220321906,0.3715470050274107,-0.5964167340050675,-0.4413487512114661,0.6189018392404444,-0.6089598505988263,True,3
-0.5117845717108189,0.4368286612768847,1.568552343102613,-0.4413487512114661,-0.8808079818064339,-0.6089598505988263,False,1
-0.5510485878145673,-1.1299310887104903,-0.05517446472814736,-0.4413487512114661,-0.8808079818064339,-0.6089598505988263,False,3
0.1324742056145572,0.8938002550232024,-0.8670378686435275,-0.4413487512114661,0.6189018392404444,0.6393225546342859,True,3
-0.44168494086590726,1.3507718487695202,-0.3257955993666074,-0.4413487512114661,0.6189018392404444,-0.6089598505988263,True,4
-0.14319619017144453,0.7632369425242544,-0.3257955993666074,-0.4413487512114661,2.1186116602873226,0.6393225546342859,True,4
-0.6412941536237059,-1.586902682456808,-0.3257955993666074,-0.4413487512114661,-0.8808079818064339,-0.6089598505988263,False,-1
1.0102613719130122,0.5673919737758326,0.7566889391872328,-0.4413487512114661,0.6189018392404444,0.6393225546342859,False,4
0.34051181973494044,-1.0646494324610163,-0.05517446472814736,-0.4413487512114661,-0.8808079818064339,-0.6089598505988263,False,-1
-0.21720166555023684,0.4368286612768847,0.2154466699103127,-0.4413487512114661,-0.8808079818064339,-0.6089598505988263,False,4
-1.3194721071643618,-1.1299310887104903,-0.05517446472814736,-0.4413487512114661,-0.8808079818064339,-0.6089598505988263,False,2
-0.8032839163972847,-2.1091559324525995,-0.5964167340050675,-0.4413487512114661,-0.8808079818064339,-0.6089598505988263,False,0
-0.19726130135095113,-2.1091559324525995,-0.3257955993666074,-0.4413487512114661,0.6189018392404444,-0.6089598505988263,False,-1
-0.278667324267623,-1.8480293074547038,-0.8670378686435275,-0.4413487512114661,-0.8808079818064339,-0.6089598505988263,False,4
0.44206377761583887,-1.8480293074547038,1.297931208464153,-0.4413487512114661,-0.8808079818064339,-0.6089598505988263,False,-1
1.6978955806409581,0.9590819112726764,-1.1376590032819875,-0.4413487512114661,0.6189018392404444,0.6393225546342859,True,-1
-0.4653255788341327,-2.1091559324525995,0.7566889391872328,-0.4413487512114661,-0.8808079818064339,-0.6089598505988263,False,-1
-0.4653255788341327,-2.1091559324525995,0.2154466699103127,-0.4413487512114661,-0.8808079818064339,-0.6089598505988263,False,-1
-0.3082695144191399,1.0243635675221503,-0.8670378686435275,-0.4413487512114661,0.6189018392404444,-0.6089598505988263,True,-1
0.14891986680984462,0.6326736300253065,-0.8670378686435275,-0.4413487512114661,-0.8808079818064339,-0.6089598505988263,True,-1
-1.0359900223105987,-1.9133109637041779,-0.8670378686435275,-0.4413487512114661,-0.8808079818064339,-0.6089598505988263,False,4
-0.14792431776508969,1.0243635675221503,-0.5964167340050675,-0.4413487512114661,0.6189018392404444,-0.6089598505988263,True,-1
0.419039851942437,-0.4771145262157507,-0.8670378686435275,-0.4413487512114661,0.6189018392404444,0.6393225546342859,False,-1
-0.6135421003566586,-1.45633936995786,1.297931208464153,-0.4413487512114661,-0.8808079818064339,-0.6089598505988263,False,4
-0.5395366249778663,0.3715470050274107,0.7566889391872328,-0.4413487512114661,-0.8808079818064339,-0.6089598505988263,False,3
2.8587536902632937,-0.08542458871890696,-0.8670378686435275,-0.4413487512114661,0.6189018392404444,5.632452175566734,True,3
-0.5726335181333817,-2.1091559324525995,-0.05517446472814736,-0.4413487512114661,-0.8808079818064339,-0.6089598505988263,False,-1
0.2033961195192333,0.3715470050274107,-0.8670378686435275,-0.4413487512114661,0.6189018392404444,0.6393225546342859,True,0
0.25437766922462374,-2.1091559324525995,0.2154466699103127,-0.4413487512114661,0.6189018392404444,-0.6089598505988263,False,1
-0.2209019393191766,-2.1091559324525995,1.297931208464153,-0.4413487512114661,0.6189018392404444,-0.6089598505988263,False,0
0.25437766922462374,-2.1091559324525995,-0.3257955993666074,-0.4413487512114661,0.6189018392404444,-0.6089598505988263,False,4
0.743019377489595,-0.28126955746732885,-0.8670378686435275,-0.4413487512114661,0.6189018392404444,0.6393225546342859,False,1
-1.1821508361837136,-1.1952127449599643,2.3804157470179934,-0.4413487512114661,-0.8808079818064339,-0.6089598505988263,False,-1
-1.0653866416971747,-1.1952127449599643,1.297931208464153,-0.4413487512114661,-0.8808079818064339,-0.6089598505988263,False,2
1.9361520972076816,0.17570203627898887,0.48606780454877274,-0.4413487512114661,0.6189018392404444,0.6393225546342859,False,3
-0.09077564511146663,-2.043874276203126,2.9216580162949137,-0.4413487512114661,0.6189018392404444,-0.6089598505988263,False,2
2.5014717007956793,-2.043874276203126,0.48606780454877274,-0.4413487512114661,0.6189018392404444,0.6393225546342859,False,0
3.1623817100812843,-2.043874276203126,0.48606780454877274,-0.4413487512114661,0.6189018392404444,0.6393225546342859,False,0
1.8413839745698388,-2.043874276203126,-0.8670378686435275,-0.4413487512114661,0.6189018392404444,0.6393225546342859,False,-1
3.8284309884904157,-2.043874276203126,3.4629002855718336,-0.4413487512114661,0.6189018392404444,0.6393225546342859,False,0
3.8259641393111226,-2.043874276203126,3.4629002855718336,-0.4413487512114661,0.6189018392404444,0.6393225546342859,False,4
1.8424118283945445,-2.043874276203126,3.4629002855718336,-0.4413487512114661,0.6189018392404444,0.6393225546342859,False,-1
3.1650541300255184,-2.043874276203126,2.9216580162949137,-0.4413487512114661,0.6189018392404444,0.6393225546342859,False,2
3.1623817100812843,-2.043874276203126,2.9216580162949137,-0.4413487512114661,0.6189018392404444,0.6393225546342859,False,4
2.5057886868594426,-2.043874276203126,2.9216580162949137,-0.4413487512114661,0.6189018392404444,0.6393225546342859,False,2
1.0877615502958027,-1.586902682456808,0.48606780454877274,-0.4413487512114661,0.6189018392404444,0.6393225546342859,False,-1
1.0877615502958027,-1.586902682456808,1.839173477741073,-0.4413487512114661,0.6189018392404444,0.6393225546342859,False,-1
-0.007519485310324912,-1.586902682456808,-0.3257955993666074,-0.4413487512114661,0.6189018392404444,-0.6089598505988263,False,1
-0.3280043078534844,-2.1091559324525995,0.48606780454877274,-0.4413487512114661,0.6189018392404444,-0.6089598505988263,False,-1
-1.1893458129566519,-2.1091559324525995,1.568552343102613,-0.4413487512114661,-2.380517802853312,-1.8572422558319384,False,4
-0.3280043078534844,-2.1091559324525995,1.568552343102613,-0.4413487512114661,0.6189018392404444,-0.6089598505988263,False,2
-0.6719241975999282,-2.1091559324525995,1.839173477741073,-0.4413487512114661,-2.380517802853312,-1.8572422558319384,False,1
-0.3280043078534844,-2.1091559324525995,1.839173477741073,-0.4413487512114661,0.6189018392404444,-0.6089598505988263,False,1
0.7715937138164063,-2.1091559324525995,1.839173477741073,-0.4413487512114661,0.6189018392404444,0.6393225546342859,False,3
0.25396652769474165,-2.1091559324525995,2.6510368816564536,-0.4413487512114661,0.6189018392404444,0.6393225546342859,False,-1
2.0212583938932926,-1.3910577137083862,1.0273100738256928,-0.4413487512114661,0.6189018392404444,0.6393225546342859,False,0
-0.30354138682549475,-1.7827476512052298,-0.3257955993666074,-0.4413487512114661,-0.8808079818064339,-0.6089598505988263,False,3
2.636737264126916,-0.3465512137168028,-0.8670378686435275,-0.4413487512114661,0.6189018392404444,0.6393225546342859,False,2
1.6711713811986162,-1.3910577137083862,1.839173477741073,-0.4413487512114661,0.6189018392404444,0.6393225546342859,False,2
0.7829001058881665,-1.3910577137083862,2.3804157470179934,-0.4413487512114661,0.6189018392404444,-0.6089598505988263,False,4
-0.3888532542760472,0.5021103175263587,0.2154466699103127,-0.4413487512114661,-0.8808079818064339,-0.6089598505988263,False,0
0.7183508856966638,-1.1299310887104903,1.0273100738256928,-0.4413487512114661,0.6189018392404444,0.6393225546342859,False,3
-0.06014560113524402,0.5673919737758326,-0.05517446472814736,-0.4413487512114661,0.6189018392404444,-0.6089598505988263,True,-1
1.5034256370066867,-2.043874276203126,-0.05517446472814736,-0.4413487512114661,0.6189018392404444,0.6393225546342859,False,4
-1.1379531217213794,-1.3257760574589121,1.0273100738256928,-0.4413487512114661,-0.8808079818064339,-0.6089598505988263,False,3
-1.2522504670286254,-1.3257760574589121,0.2154466699103127,-0.4413487512114661,0.6189018392404444,-0.6089598505988263,False,3
-1.052435683505886,0.4368286612768847,-0.05517446472814736,-0.4413487512114661,0.6189018392404444,-0.6089598505988263,True,-1
-0.08604751751782147,1.3507718487695202,-0.3257955993666074,-0.4413487512114661,-2.380517802853312,-1.8572422558319384,True,-1
-0.726194879544376,0.3715470050274107,-0.3257955993666074,-0.4413487512114661,-0.8808079818064339,-0.6089598505988263,False,2
1.3685712152053318,0.5021103175263587,0.2154466699103127,-0.4413487512114661,0.6189018392404444,0.6393225546342859,False,1
-0.5337806435595157,0.8285185987737285,-0.5964167340050675,-0.4413487512114661,-0.8808079818064339,-0.6089598505988263,True,0
0.22066406377428496,0.5673919737758326,-0.3257955993666074,-0.4413487512114661,0.6189018392404444,-0.6089598505988263,True,2
0.2607503629377976,1.2854901925200461,-0.3257955993666074,-0.4413487512114661,2.1186116602873226,1.887604959867398,True,-1
-0.18184349398036936,-1.45633936995786,0.7566889391872328,-0.4413487512114661,0.6189018392404444,-0.6089598505988263,False,-1
-1.105267370095746,0.9590819112726764,-0.3257955993666074,-0.4413487512114661,-0.8808079818064339,-0.6089598505988263,True,-1
-0.5584491353524466,-1.9785926199536517,-0.05517446472814736,-0.4413487512114661,-2.380517802853312,-1.8572422558319384,False,2
-0.9716463728840374,-1.9785926199536517,1.297931208464153,-0.4413487512114661,-2.380517802853312,-1.8572422558319384,False,2
-0.4478520638141399,0.4368286612768847,-0.5964167340050675,-0.4413487512114661,0.6189018392404444,-0.6089598505988263,True,4
-0.7159163412973215,1.2202085362705721,-0.3257955993666074,-0.4413487512114661,0.6189018392404444,0.6393225546342859,True,1
-0.48053781543977325,1.2202085362705721,-0.8670378686435275,-0.4413487512114661,0.6189018392404444,-0.6089598505988263,True,3
-0.3493836674073579,0.8285185987737285,-0.8670378686435275,-0.4413487512114661,0.6189018392404444,-0.6089598505988263,True,0
1.608883439421466,-1.2604944012094381,2.6510368816564536,-0.4413487512114661,0.6189018392404444,0.6393225546342859,False,2
-0.38371398515252,0.4368286612768847,-1.1376590032819875,-0.4413487512114661,-2.380517802853312,-1.8572422558319384,True,1
-0.363156908658411,0.4368286612768847,-0.5964167340050675,-0.4413487512114661,-0.8808079818064339,-0.6089598505988263,True,2
-0.7430516822695453,-0.3465512137168028,0.48606780454877274,-0.4413487512114661,-0.8808079818064339,-0.6089598505988263,False,2
-1.0341398854261288,-0.3465512137168028,0.2154466699103127,-0.4413487512114661,-2.380517802853312,-1.8572422558319384,False,1
0.8353206509481441,0.17570203627898887,1.0273100738256928,-0.4413487512114661,-0.8808079818064339,-0.6089598505988263,False,3
2.195993544093219,-0.6076778387146986,-0.3257955993666074,-0.4413487512114661,0.6189018392404444,0.6393225546342859,False,2
-0.41701644907297636,0.7632369425242544,-0.5964167340050675,-0.4413487512114661,0.6189018392404444,-0.6089598505988263,True,0
0.2373152957345133,1.2854901925200461,-0.3257955993666074,-0.4413487512114661,0.6189018392404444,0.6393225546342859,True,-1
0.7467196512585342,1.2854901925200461,-1.1376590032819875,-0.4413487512114661,0.6189018392404444,1.887604959867398,True,0
0.675386595823976,0.4368286612768847,-0.8670378686435275,-0.4413487512114661,0.6189018392404444,0.6393225546342859,False,1
0.14439730998114067,0.5021103175263587,-0.05517446472814736,-0.4413487512114661,0.6189018392404444,0.6393225546342859,False,2
0.44679190520948403,0.4368286612768847,1.297931208464153,-0.4413487512114661,0.6189018392404444,0.6393225546342859,False,2
2.668600732692785,-0.020142932469433005,-0.3257955993666074,-0.4413487512114661,0.6189018392404444,0.6393225546342859,False,-1
0.8449824769003753,0.7632369425242544,-0.5964167340050675,-0.4413487512114661,-0.8808079818064339,-0.6089598505988263,False,-1
0.6587353638637476,0.6326736300253065,-0.05517446472814736,-0.4413487512114661,0.6189018392404444,0.6393225546342859,False,4
-1.2871974970686109,0.4368286612768847,-0.05517446472814736,-0.4413487512114661,-2.380517802853312,-1.8572422558319384,False,0
1.1385375292362518,0.3715470050274107,-0.8670378686435275,-0.4413487512114661,0.6189018392404444,0.6393225546342859,False,0
0.8102410176253311,0.8938002550232024,-0.05517446472814736,-0.4413487512114661,2.1186116602873226,-0.6089598505988263,False,4
0.6087816679830629,1.0896452237716243,-0.3257955993666074,-0.4413487512114661,0.6189018392404444,0.6393225546342859,False,-1
0.6087816679830629,1.0896452237716243,-0.05517446472814736,-0.4413487512114661,0.6189018392404444,0.6393225546342859,False,1
1.8257605964343162,1.1549268800210981,-0.3257955993666074,-0.4413487512114661,0.6189018392404444,0.6393225546342859,False,4
1.4304480154526003,0.24098369252846283,0.2154466699103127,-0.4413487512114661,0.6189018392404444,0.6393225546342859,False,1
0.20216269492958672,-1.1952127449599643,-0.5964167340050675,-0.4413487512114661,0.6189018392404444,-0.6089598505988263,False,0
0.36682487764739996,0.5021103175263587,2.1097946123795333,-0.4413487512114661,0.6189018392404444,0.6393225546342859,False,3
2.055177570108573,0.17570203627898887,1.568552343102613,-0.4413487512114661,0.6189018392404444,0.6393225546342859,False,1
0.23957657414886527,1.2854901925200461,-0.5964167340050675,-0.4413487512114661,0.6189018392404444,0.6393225546342859,True,3
-1.1252077342950317,0.8285185987737285,1.297931208464153,-0.4413487512114661,-0.8808079818064339,-0.6089598505988263,False,3
-1.6074767488468291,-1.1299310887104903,-0.3257955993666074,-0.4413487512114661,-2.380517802853312,-1.8572422558319384,False,-1
0.460154004930655,1.481335161268468,-0.3257955993666074,-0.4413487512114661,0.6189018392404444,0.6393225546342859,True,-1
0.07511996219599322,1.1549268800210981,-0.8670378686435275,-0.4413487512114661,0.6189018392404444,0.6393225546342859,False,-1
0.5553332690983797,0.24098369252846283,1.839173477741073,-0.4413487512114661,0.6189018392404444,0.6393225546342859,False,2
0.22950360666675168,0.24098369252846283,1.839173477741073,-0.4413487512114661,0.6189018392404444,0.6393225546342859,False,2
-1.4041672623200907,-1.586902682456808,-0.5964167340050675,-0.4413487512114661,-0.8808079818064339,-0.6089598505988263,False,0
-1.4041672623200907,-1.586902682456808,-0.3257955993666074,-0.4413487512114661,-2.380517802853312,-0.6089598505988263,False,4
0.13699676244326114,1.416053505018994,-0.5964167340050675,-0.4413487512114661,0.6189018392404444,-0.6089598505988263,True,-1
-1.2201814276978153,-1.1952127449599643,-0.05517446472814736,-0.4413487512114661,-0.8808079818064339,-0.6089598505988263,False,4
-1.2066137572117035,-1.1952127449599643,2.1097946123795333,-0.4413487512114661,-2.380517802853312,-0.6089598505988263,False,-1
0.7276015701190133,0.3715470050274107,0.2154466699103127,-0.4413487512114661,0.6189018392404444,0.6393225546342859,False,-1
-1.09848353485269,-0.3465512137168028,0.2154466699103127,-0.4413487512114661,-0.8808079818064339,-0.6089598505988263,False,2
-1.1001281009722188,-0.3465512137168028,0.2154466699103127,-0.4413487512114661,-0.8808079818064339,-0.6089598505988263,False,4
1.8837315521477034,-1.9133109637041779,-0.8670378686435275,-0.4413487512114661,0.6189018392404444,0.6393225546342859,False,-1
3.072752856566969,0.30626534877793676,2.9216580162949137,-0.4413487512114661,0.6189018392404444,1.887604959867398,False,-1
0.5259366497118035,1.1549268800210981,-0.8670378686435275,-0.4413487512114661,0.6189018392404444,0.6393225546342859,False,3
0.19579000121641318,0.3715470050274107,-0.5964167340050675,-0.4413487512114661,0.6189018392404444,-0.6089598505988263,False,3
2.131649894666658,-1.521621026207334,-0.8670378686435275,-0.4413487512114661,-0.8808079818064339,0.6393225546342859,False,-1
2.379979378715495,0.3715470050274107,0.2154466699103127,-0.4413487512114661,0.6189018392404444,0.6393225546342859,False,-1
3.2230250857389056,-0.21598790121785488,-0.05517446472814736,-0.4413487512114661,0.6189018392404444,1.887604959867398,False,2
-1.0953999733785738,-1.0646494324610163,-0.3257955993666074,-0.4413487512114661,-2.380517802853312,-0.6089598505988263,False,1
1.5803091030946548,-2.1091559324525995,0.48606780454877274,-0.4413487512114661,0.6189018392404444,1.887604959867398,False,4
4.288292789663634,0.24098369252846283,1.297931208464153,-0.4413487512114661,0.6189018392404444,0.6393225546342859,False,-1
-0.7266060210742581,1.481335161268468,-0.8670378686435275,-0.4413487512114661,0.6189018392404444,-0.6089598505988263,True,0
1.5122651798991538,-0.4771145262157507,1.568552343102613,-0.4413487512114661,0.6189018392404444,0.6393225546342859,False,-1
1.4135912127274304,0.30626534877793676,-0.8670378686435275,-0.4413487512114661,0.6189018392404444,0.6393225546342859,False,3
0.023110558665897403,0.5021103175263587,-0.3257955993666074,-0.4413487512114661,-2.380517802853312,-1.8572422558319384,False,2
-1.4080731068539718,0.6979552862747805,-0.8670378686435275,-0.4413487512114661,0.6189018392404444,0.6393225546342859,False,4
1.8356279931514883,-1.45633936995786,0.48606780454877274,-0.4413487512114661,0.6189018392404444,0.6393225546342859,False,4
-0.3802192821485214,0.3715470050274107,1.297931208464153,-0.4413487512114661,0.6189018392404444,-0.6089598505988263,False,-1
-0.028898844864198407,0.8938002550232024,-1.1376590032819875,-0.4413487512114661,0.6189018392404444,0.6393225546342859,False,-1
0.2574612306987402,0.5673919737758326,0.2154466699103127,-0.4413487512114661,0.6189018392404444,0.6393225546342859,False,0
0.6673693359912738,0.5673919737758326,1.0273100738256928,-0.4413487512114661,0.6189018392404444,0.6393225546342859,False,3
0.4180119981177313,0.7632369425242544,-0.05517446472814736,-0.4413487512114661,0.6189018392404444,0.6393225546342859,False,2
1.2226159720971579,0.6326736300253065,-0.05517446472814736,-0.4413487512114661,-0.8808079818064339,0.6393225546342859,False,-1
-0.26962221061021474,-1.1952127449599643,2.1097946123795333,-0.4413487512114661,0.6189018392404444,-0.6089598505988263,False,3
-0.39440366492945655,-0.8688044637125945,-0.5964167340050675,-0.4413487512114661,-0.8808079818064339,-0.6089598505988263,False,4
0.6540072362701028,-1.7827476512052298,1.568552343102613,-0.4413487512114661,0.6189018392404444,-0.6089598505988263,False,1
-1.69443318241691,0.9590819112726764,-0.8670378686435275,-0.4413487512114661,0.6189018392404444,0.6393225546342859,True,4
1.1336038308776661,-0.8688044637125945,-0.8670378686435275,-0.4413487512114661,0.6189018392404444,0.6393225546342859,False,3
-0.3672683239572325,0.7632369425242544,0.7566889391872328,-0.4413487512114661,-0.8808079818064339,-0.6089598505988263,False,4
-1.4068396822643252,0.7632369425242544,0.2154466699103127,-0.4413487512114661,-0.8808079818064339,-0.6089598505988263,False,0
1.1040016407261493,-0.020142932469433005,3.1922791509333734,-0.4413487512114661,0.6189018392404444,0.6393225546342859,False,2
0.9878541585344333,0.11042038002951492,1.0273100738256928,-0.4413487512114661,-0.8808079818064339,0.6393225546342859,False,-1
-0.2737336259090366,0.24098369252846283,0.7566889391872328,-0.4413487512114661,-0.8808079818064339,0.6393225546342859,False,2
3.242554308408309,-0.6729594949641726,-0.3257955993666074,-0.4413487512114661,0.6189018392404444,0.6393225546342859,False,3
-0.2132958210163562,0.30626534877793676,1.0273100738256928,-0.4413487512114661,0.6189018392404444,-0.6089598505988263,False,-1
-0.2132958210163562,0.30626534877793676,2.1097946123795333,-0.4413487512114661,0.6189018392404444,-0.6089598505988263,False,4
0.10533886464233343,0.30626534877793676,2.9216580162949137,-0.4413487512114661,0.6189018392404444,-0.6089598505988263,False,-1
-0.8507707630986765,0.11042038002951492,1.297931208464153,-0.4413487512114661,-0.8808079818064339,-0.6089598505988263,False,3
1.5891486459871218,-1.586902682456808,-0.5964167340050675,-0.4413487512114661,0.6189018392404444,0.6393225546342859,False,2
-1.2849362186542588,0.7632369425242544,-1.1376590032819875,-0.4413487512114661,0.6189018392404444,-0.6089598505988263,True,2
-0.5695499566592652,0.6979552862747805,-0.8670378686435275,-0.4413487512114661,-0.8808079818064339,-0.6089598505988263,True,2
-0.5658496828903258,-1.0646494324610163,2.1097946123795333,-0.4413487512114661,-0.8808079818064339,-0.6089598505988263,False,0
-0.5942184484521961,0.24098369252846283,-0.05517446472814736,-0.4413487512114661,0.6189018392404444,-0.6089598505988263,False,1
0.4617985710501837,-0.8035228074631204,2.1097946123795333,-0.4413487512114661,0.6189018392404444,-0.6089598505988263,False,1
0.5284034988910967,-0.8035228074631204,0.2154466699103127,-0.4413487512114661,0.6189018392404444,-0.6089598505988263,False,2
1.1800628237543525,0.6326736300253065,-0.05517446472814736,-0.4413487512114661,0.6189018392404444,0.6393225546342859,False,3
-0.9835694772506206,0.8285185987737285,-0.05517446472814736,-0.4413487512114661,0.6189018392404444,0.6393225546342859,True,4
0.20442397334393872,0.5673919737758326,-0.3257955993666074,-0.4413487512114661,0.6189018392404444,0.6393225546342859,True,4
0.2348484465552201,0.30626534877793676,2.1097946123795333,-0.4413487512114661,0.6189018392404444,0.6393225546342859,False,2
-1.3704536568697523,-0.08542458871890696,-0.8670378686435275,-0.4413487512114661,-2.380517802853312,-0.6089598505988263,False,2
0.04675119663412288,1.481335161268468,-0.5964167340050675,-0.4413487512114661,0.6189018392404444,0.6393225546342859,True,0
-0.31587563272196,0.30626534877793676,-0.5964167340050675,-0.4413487512114661,0.6189018392404444,-0.6089598505988263,True,-1
0.6461955472023414,0.30626534877793676,0.7566889391872328,-0.4413487512114661,0.6189018392404444,0.6393225546342859,False,0
0.5639672412259055,0.30626534877793676,1.839173477741073,-0.4413487512114661,0.6189018392404444,0.6393225546342859,False,0
-0.5335750727945745,0.17570203627898887,1.0273100738256928,-0.4413487512114661,-0.8808079818064339,-0.6089598505988263,False,-1
0.23443730502533802,0.8285185987737285,0.48606780454877274,-0.4413487512114661,0.6189018392404444,0.6393225546342859,False,1
1.8851705475022915,-0.08542458871890696,-0.3257955993666074,-0.4413487512114661,0.6189018392404444,0.6393225546342859,False,-1
3.4672431544889206,-0.6729594949641726,2.1097946123795333,-0.4413487512114661,2.1186116602873226,0.6393225546342859,False,1
1.3848113056356783,0.30626534877793676,-0.3257955993666074,-0.4413487512114661,0.6189018392404444,0.6393225546342859,False,4
-0.6108696804124244,-1.2604944012094381,-0.5964167340050675,-0.4413487512114661,-0.8808079818064339,-0.6089598505988263,False,-1
-0.7829324106681168,-1.2604944012094381,-0.5964167340050675,-0.4413487512114661,-0.8808079818064339,-0.6089598505988263,False,-1
-0.6817915943171006,-1.2604944012094381,0.7566889391872328,-0.4413487512114661,-0.8808079818064339,-0.6089598505988263,False,4
-1.2839083648295533,-1.2604944012094381,1.839173477741073,-0.4413487512114661,-0.8808079818064339,-0.6089598505988263,False,-1
0.8408710616015538,0.5673919737758326,0.7566889391872328,-0.4413487512114661,0.6189018392404444,0.6393225546342859,False,2
0.2815130101968475,1.0243635675221503,-0.5964167340050675,-0.4413487512114661,0.6189018392404444,0.6393225546342859,True,3
0.1195232474232686,0.6979552862747805,-0.3257955993666074,-0.4413487512114661,0.6189018392404444,0.6393225546342859,False,1
0.09382690180563234,-0.6076778387146986,-0.3257955993666074,-0.4413487512114661,0.6189018392404444,0.6393225546342859,False,-1
0.11047813376586069,1.1549268800210981,-0.05517446472814736,-0.4413487512114661,0.6189018392404444,0.6393225546342859,False,2
0.6293387444771722,0.8285185987737285,-0.3257955993666074,-0.4413487512114661,0.6189018392404444,0.6393225546342859,False,3
2.3226251352969305,-0.15070624496838092,-0.05517446472814736,-0.4413487512114661,0.6189018392404444,0.6393225546342859,False,2
0.6862818463658538,0.30626534877793676,-0.3257955993666074,-0.4413487512114661,0.6189018392404444,0.6393225546342859,False,2
0.05168489499270894,1.0243635675221503,-0.8670378686435275,-0.4413487512114661,0.6189018392404444,0.6393225546342859,True,1
-0.3693240316066436,1.3507718487695202,-0.5964167340050675,-0.4413487512114661,0.6189018392404444,0.6393225546342859,True,3
-0.8378198049073878,-1.2604944012094381,-0.5964167340050675,-0.4413487512114661,-0.8808079818064339,-0.6089598505988263,False,-1
-0.30354138682549475,-1.2604944012094381,-0.05517446472814736,-0.4413487512114661,0.6189018392404444,-0.6089598505988263,False,2
-0.18143235245048728,-1.2604944012094381,0.7566889391872328,-0.4413487512114661,-0.8808079818064339,-0.6089598505988263,False,0
0.4492587543887772,0.6979552862747805,-0.05517446472814736,-0.4413487512114661,0.6189018392404444,0.6393225546342859,False,-1
-0.459364026650841,0.8285185987737285,0.48606780454877274,-0.4413487512114661,0.6189018392404444,0.6393225546342859,False,4
0.3201603140057726,0.8285185987737285,-0.3257955993666074,-0.4413487512114661,0.6189018392404444,0.6393225546342859,False,1
0.9354336134744551,0.6979552862747805,0.2154466699103127,-0.4413487512114661,0.6189018392404444,0.6393225546342859,False,1
1.0347242929410019,0.8285185987737285,-0.8670378686435275,-0.4413487512114661,0.6189018392404444,-0.6089598505988263,False,1
0.8240142588763845,0.8938002550232024,-0.05517446472814736,-0.4413487512114661,0.6189018392404444,0.6393225546342859,False,-1
2.4196545363491255,0.3715470050274107,-0.3257955993666074,-0.4413487512114661,-2.380517802853312,-1.8572422558319384,False,-1
0.9206325183986965,0.24098369252846283,0.48606780454877274,-0.4413487512114661,0.6189018392404444,0.6393225546342859,False,-1
0.478449803010412,0.7632369425242544,-0.3257955993666074,-0.4413487512114661,0.6189018392404444,0.6393225546342859,False,-1
2.09423601544738,0.5673919737758326,-0.3257955993666074,-0.4413487512114661,0.6189018392404444,0.6393225546342859,False,1
0.7276015701190133,0.24098369252846283,-0.3257955993666074,-0.4413487512114661,0.6189018392404444,0.6393225546342859,False,0
-0.438806950156732,-0.08542458871890696,1.0273100738256928,-0.4413487512114661,0.6189018392404444,0.6393225546342859,False,1
-0.16560340355002343,-1.1299310887104903,1.0273100738256928,-0.4413487512114661,-0.8808079818064339,-0.6089598505988263,False,-1
3.4616927438355116,0.6979552862747805,0.48606780454877274,-0.4413487512114661,0.6189018392404444,0.6393225546342859,False,-1
3.754425513111624,0.6979552862747805,1.839173477741073,-0.4413487512114661,0.6189018392404444,1.887604959867398,False,-1
0.43301866395843097,0.6979552862747805,1.0273100738256928,-0.4413487512114661,0.6189018392404444,0.6393225546342859,False,2
1.2748309463921945,0.6979552862747805,1.568552343102613,-0.4413487512114661,0.6189018392404444,0.6393225546342859,False,-1
-0.6209426478945378,0.8938002550232024,-0.8670378686435275,-0.4413487512114661,0.6189018392404444,0.6393225546342859,True,0
-0.14422404399614994,0.6979552862747805,-1.1376590032819875,-0.4413487512114661,0.6189018392404444,-0.6089598505988263,True,-1
0.595213997496951,0.3715470050274107,1.297931208464153,-0.4413487512114661,0.6189018392404444,0.6393225546342859,False,1
-0.03547710934231315,0.7632369425242544,-0.5964167340050675,-0.4413487512114661,0.6189018392404444,0.6393225546342859,True,1
-0.7886883920864673,0.4368286612768847,-0.05517446472814736,-0.4413487512114661,0.6189018392404444,0.6393225546342859,False,-1
0.06525256547882081,0.7632369425242544,-0.3257955993666074,-0.4413487512114661,0.6189018392404444,0.6393225546342859,True,-1
-1.2300488244149876,-0.41183286996627677,-0.05517446472814736,-0.4413487512114661,-0.8808079818064339,-0.6089598505988263,True,0
-0.6840528727314525,1.0243635675221503,-0.5964167340050675,-0.4413487512114661,-0.8808079818064339,-0.6089598505988263,True,4
-0.16560340355002343,0.4368286612768847,-0.8670378686435275,-0.4413487512114661,0.6189018392404444,0.6393225546342859,True,2
-0.9036024496885366,0.8938002550232024,-0.5964167340050675,-0.4413487512114661,0.6189018392404444,0.6393225546342859,True,2
-1.2321045320643986,0.17570203627898887,0.2154466699103127,-0.4413487512114661,-0.8808079818064339,-0.6089598505988263,False,-1
0.31543218641212745,0.5673919737758326,-0.8670378686435275,-0.4413487512114661,0.6189018392404444,-0.6089598505988263,True,-1
-1.3402347544234121,-1.0646494324610163,-0.8670378686435275,-0.4413487512114661,-0.8808079818064339,-0.6089598505988263,False,-1
-1.365108816981284,-1.0646494324610163,0.2154466699103127,-0.4413487512114661,-0.8808079818064339,-0.6089598505988263,False,-1
-1.2982983183754295,-1.1299310887104903,-0.8670378686435275,-0.4413487512114661,-2.380517802853312,-0.6089598505988263,False,-1
-0.5043840241729397,-0.9993677762115424,0.48606780454877274,-0.4413487512114661,0.6189018392404444,-0.6089598505988263,False,3
1.688028183923786,-0.9993677762115424,-0.5964167340050675,-0.4413487512114661,0.6189018392404444,0.6393225546342859,False,0
0.14604187610066935,0.6326736300253065,0.48606780454877274,-0.4413487512114661,0.6189018392404444,0.6393225546342859,False,0
-0.11071600931075234,0.5673919737758326,-0.05517446472814736,-0.4413487512114661,0.6189018392404444,0.6393225546342859,True,4
-0.4998614673442357,1.2202085362705721,-0.3257955993666074,-0.4413487512114661,-0.8808079818064339,0.6393225546342859,True,1
-0.167453540434493,0.17570203627898887,2.1097946123795333,-0.4413487512114661,0.6189018392404444,-0.6089598505988263,False,1
-0.1475131762352073,1.3507718487695202,-0.8670378686435275,-0.4413487512114661,0.6189018392404444,0.6393225546342859,True,-1
0.6326278767162296,-0.41183286996627677,-0.8670378686435275,-0.4413487512114661,0.6189018392404444,0.6393225546342859,False,2
-0.28874029174973626,0.17570203627898887,1.839173477741073,-0.4413487512114661,0.6189018392404444,0.6393225546342859,False,0
-0.26879992755045057,0.5673919737758326,-0.05517446472814736,-0.4413487512114661,0.6189018392404444,-0.6089598505988263,True,2
-0.31443663736737254,0.17570203627898887,0.7566889391872328,-0.4413487512114661,0.6189018392404444,-0.6089598505988263,False,1
0.23176488508110393,0.4368286612768847,-0.05517446472814736,-0.4413487512114661,0.6189018392404444,0.6393225546342859,True,0
0.1493310083397267,0.17570203627898887,-0.5964167340050675,-0.4413487512114661,0.6189018392404444,0.6393225546342859,False,-1
0.21367465776628783,0.24098369252846283,0.7566889391872328,-0.4413487512114661,0.6189018392404444,0.6393225546342859,False,0
0.812296725274742,0.3715470050274107,-0.05517446472814736,-0.4413487512114661,0.6189018392404444,0.6393225546342859,False,2
0.6618189253378641,0.24098369252846283,-0.5964167340050675,-0.4413487512114661,0.6189018392404444,0.6393225546342859,False,-1
0.778171978294521,0.6979552862747805,-0.3257955993666074,-0.4413487512114661,0.6189018392404444,0.6393225546342859,False,3
0.4747495292414723,0.8285185987737285,0.2154466699103127,-0.4413487512114661,0.6189018392404444,0.6393225546342859,False,1
-0.9465667395612245,1.0896452237716243,-0.3257955993666074,-0.4413487512114661,0.6189018392404444,-0.6089598505988263,False,-1
2.003373737343418,0.6979552862747805,-0.5964167340050675,-0.4413487512114661,2.1186116602873226,0.6393225546342859,False,2
0.06813055618799609,0.30626534877793676,0.2154466699103127,-0.4413487512114661,0.6189018392404444,0.6393225546342859,False,-1
0.06155229170988134,0.30626534877793676,3.4629002855718336,-0.4413487512114661,0.6189018392404444,-0.6089598505988263,False,-1
-0.09961518800393335,0.6979552862747805,0.7566889391872328,-0.4413487512114661,0.6189018392404444,0.6393225546342859,False,4
-0.6573286732891106,0.30626534877793676,1.297931208464153,-0.4413487512114661,0.6189018392404444,-0.6089598505988263,False,4
-0.9860363264299138,0.11042038002951492,1.568552343102613,-0.4413487512114661,-0.8808079818064339,-0.6089598505988263,False,2
0.6291331737122308,0.17570203627898887,-0.05517446472814736,-0.4413487512114661,0.6189018392404444,-0.6089598505988263,False,0
-1.2368326596580437,-1.9785926199536517,0.48606780454877274,-0.4413487512114661,-0.8808079818064339,-0.6089598505988263,False,-1
-1.2368326596580437,-1.9785926199536517,0.2154466699103127,-0.4413487512114661,-0.8808079818064339,-0.6089598505988263,False,4
2.218400757471798,0.24098369252846283,1.0273100738256928,-0.4413487512114661,0.6189018392404444,0.6393225546342859,False,0
-0.9465667395612245,-1.1952127449599643,1.0273100738256928,-0.4413487512114661,-0.8808079818064339,-0.6089598505988263,False,-1
0.2658896320613248,0.17570203627898887,1.0273100738256928,-0.4413487512114661,0.6189018392404444,0.6393225546342859,False,2
0.46405984946453566,0.17570203627898887,2.1097946123795333,-0.4413487512114661,0.6189018392404444,0.6393225546342859,False,2
1.5743475509113634,1.2202085362705721,-0.5964167340050675,-0.4413487512114661,0.6189018392404444,0.6393225546342859,False,-1
1.842822969924427,1.1549268800210981,0.2154466699103127,-0.4413487512114661,0.6189018392404444,1.887604959867398,False,3
0.5366263294887405,1.1549268800210981,0.48606780454877274,-0.4413487512114661,-0.8808079818064339,1.887604959867398,False,-1
0.26198378752744417,0.5021103175263587,-0.5964167340050675,-0.4413487512114661,0.6189018392404444,-0.6089598505988263,False,1
0.17029922636371783,0.5021103175263587,-0.5964167340050675,-0.4413487512114661,0.6189018392404444,-0.6089598505988263,True,-1
-0.08543080522299817,-1.45633936995786,-0.3257955993666074,-0.4413487512114661,-0.8808079818064339,-0.6089598505988263,False,3
0.3022756574558977,1.3507718487695202,-0.5964167340050675,-0.4413487512114661,0.6189018392404444,0.6393225546342859,True,-1
-1.2937757615467256,1.481335161268468,-0.3257955993666074,-0.4413487512114661,0.6189018392404444,0.6393225546342859,True,-1
0.49859573797463863,0.5021103175263587,-0.5964167340050675,-0.4413487512114661,0.6189018392404444,0.6393225546342859,True,2
0.5730123548833134,0.9590819112726764,1.0273100738256928,-0.4413487512114661,0.6189018392404444,0.6393225546342859,False,3
-0.4827990938541252,0.5021103175263587,1.839173477741073,-0.4413487512114661,-0.8808079818064339,-1.8572422558319384,False,3
0.8320315187090868,0.17570203627898887,-0.05517446472814736,-0.4413487512114661,0.6189018392404444,0.6393225546342859,True,0
0.7547369110912371,0.24098369252846283,-0.05517446472814736,-0.4413487512114661,0.6189018392404444,0.6393225546342859,False,4
1.2057591693719887,0.17570203627898887,-0.8670378686435275,-0.4413487512114661,0.6189018392404444,0.6393225546342859,False,0
1.7227696431988302,1.416053505018994,-0.3257955993666074,-0.4413487512114661,0.6189018392404444,0.6393225546342859,False,-1
1.3122448256114734,1.1549268800210981,-0.5964167340050675,-0.4413487512114661,-2.380517802853312,-1.8572422558319384,False,-1
0.8437490523107287,0.8285185987737285,0.2154466699103127,-0.4413487512114661,0.6189018392404444,0.6393225546342859,False,0
0.8575222935617821,0.8285185987737285,-0.8670378686435275,-0.4413487512114661,0.6189018392404444,0.6393225546342859,False,3
1.0676156153315761,0.24098369252846283,-0.8670378686435275,-0.4413487512114661,0.6189018392404444,1.887604959867398,False,2
-0.559888130707034,0.8938002550232024,0.7566889391872328,-0.4413487512114661,-0.8808079818064339,0.6393225546342859,False,4
-0.04555007682442675,0.7632369425242544,1.0273100738256928,-0.4413487512114661,0.6189018392404444,-0.6089598505988263,False,1
-0.12387253826698212,0.6979552862747805,1.568552343102613,-0.4413487512114661,-0.8808079818064339,-0.6089598505988263,False,2
-1.0491465512668285,0.8938002550232024,-0.5964167340050675,-0.4413487512114661,-0.8808079818064339,-0.6089598505988263,False,3
-1.5412829625357982,0.8938002550232024,-0.05517446472814736,-0.4413487512114661,-0.8808079818064339,-0.6089598505988263,False,-1
-0.6528061164604066,0.24098369252846283,-0.3257955993666074,-0.4413487512114661,0.6189018392404444,-0.6089598505988263,False,-1
-1.2843195063594355,-1.1952127449599643,-0.3257955993666074,-0.4413487512114661,-0.8808079818064339,-0.6089598505988263,False,2
2.1230159225391327,0.3715470050274107,1.568552343102613,-0.4413487512114661,0.6189018392404444,1.887604959867398,False,1
1.051581095666171,0.8285185987737285,-0.05517446472814736,-0.4413487512114661,0.6189018392404444,0.6393225546342859,False,2
-0.7714204478314157,-0.3465512137168028,-0.3257955993666074,-0.4413487512114661,0.6189018392404444,0.6393225546342859,False,-1
0.7691268646371131,0.30626534877793676,-0.5964167340050675,-0.4413487512114661,0.6189018392404444,0.6393225546342859,False,-1
-0.17773207868154753,1.416053505018994,-0.3257955993666074,-0.4413487512114661,0.6189018392404444,-0.6089598505988263,True,1
2.572188043935414,0.045138723780040954,2.1097946123795333,-0.4413487512114661,0.6189018392404444,0.6393225546342859,False,3
-0.9245706677125278,0.9590819112726764,0.48606780454877274,-0.4413487512114661,-0.8808079818064339,-0.6089598505988263,False,-1
-0.9932313032028519,0.9590819112726764,1.0273100738256928,-0.4413487512114661,-0.8808079818064339,-0.6089598505988263,False,3
-1.1556322075063132,0.9590819112726764,0.2154466699103127,-0.4413487512114661,-0.8808079818064339,-0.6089598505988263,False,2
-0.5288469452009293,0.9590819112726764,2.3804157470179934,-0.4413487512114661,-0.8808079818064339,-0.6089598505988263,False,0
2.096908435391614,0.30626534877793676,1.297931208464153,-0.4413487512114661,0.6189018392404444,0.6393225546342859,False,-1
0.45439802351230446,0.5673919737758326,-0.3257955993666074,-0.4413487512114661,0.6189018392404444,0.6393225546342859,True,3
0.7845446720076948,0.5673919737758326,-0.5964167340050675,-0.4413487512114661,0.6189018392404444,0.6393225546342859,True,0
1.9861057930883668,0.17570203627898887,-0.5964167340050675,-0.4413487512114661,0.6189018392404444,0.6393225546342859,False,-1
1.5718807017320702,0.6979552862747805,-0.3257955993666074,-0.4413487512114661,0.6189018392404444,0.6393225546342859,True,3
0.12157895507267938,1.2854901925200461,-0.5964167340050675,-0.4413487512114661,0.6189018392404444,0.6393225546342859,True,0
-0.46244758812495745,0.5673919737758326,-0.3257955993666074,-0.4413487512114661,-0.8808079818064339,-0.6089598505988263,True,1
-1.1293191495938535,-2.043874276203126,1.839173477741073,-0.4413487512114661,-0.8808079818064339,-0.6089598505988263,False,3
-0.20836212265777013,-0.5423961824652247,-0.3257955993666074,-0.4413487512114661,0.6189018392404444,0.6393225546342859,True,-1
-0.17177052649825605,1.2202085362705721,-0.3257955993666074,-0.4413487512114661,0.6189018392404444,0.6393225546342859,True,2
2.62789772123445,0.6979552862747805,0.2154466699103127,-0.4413487512114661,0.6189018392404444,1.887604959867398,False,2
0.8303869525895583,0.5673919737758326,-0.5964167340050675,-0.4413487512114661,0.6189018392404444,0.6393225546342859,True,3
-1.2456722025505105,0.7632369425242544,-0.05517446472814736,-0.4413487512114661,-0.8808079818064339,-0.6089598505988263,False,4
-0.032393547868196974,0.7632369425242544,1.839173477741073,-0.4413487512114661,0.6189018392404444,-0.6089598505988263,False,2
1.4929415279946914,0.11042038002951492,-0.5964167340050675,-0.4413487512114661,0.6189018392404444,0.6393225546342859,False,-1
1.3336241851653465,0.8938002550232024,-0.3257955993666074,-0.4413487512114661,0.6189018392404444,0.6393225546342859,False,0
0.1417248900369063,-1.1299310887104903,-0.5964167340050675,-0.4413487512114661,0.6189018392404444,0.6393225546342859,False,1
1.3058721318982995,0.30626534877793676,-0.05517446472814736,-0.4413487512114661,0.6189018392404444,0.6393225546342859,False,1
-0.9033968789235955,0.7632369425242544,-1.1376590032819875,-0.4413487512114661,-0.8808079818064339,-0.6089598505988263,True,3
-0.10310989100793191,0.8285185987737285,-0.3257955993666074,-0.4413487512114661,0.6189018392404444,-0.6089598505988263,True,-1
0.3701140098864574,0.5673919737758326,-1.1376590032819875,-0.4413487512114661,2.1186116602873226,0.6393225546342859,True,4
-0.51199014247576,1.3507718487695202,-0.8670378686435275,-0.4413487512114661,0.6189018392404444,-0.6089598505988263,True,2
-1.8578619405450767,1.3507718487695202,-0.3257955993666074,-0.4413487512114661,0.6189018392404444,-0.6089598505988263,True,-1
0.4422693483807801,0.30626534877793676,-0.3257955993666074,-0.4413487512114661,0.6189018392404444,0.6393225546342859,True,-1
0.5481382923254413,0.5021103175263587,-0.3257955993666074,-0.4413487512114661,0.6189018392404444,0.6393225546342859,True,0
0.46344313716971236,-0.020142932469433005,0.2154466699103127,-0.4413487512114661,0.6189018392404444,0.6393225546342859,False,0
-0.9642458253461582,-1.1299310887104903,-0.8670378686435275,-0.4413487512114661,-0.8808079818064339,-0.6089598505988263,False,-1
-0.17526522950225462,0.9590819112726764,-0.5964167340050675,-0.4413487512114661,-0.8808079818064339,-0.6089598505988263,True,1
0.407939030635618,0.17570203627898887,-0.3257955993666074,-0.4413487512114661,0.6189018392404444,0.6393225546342859,True,2
0.4391857869066636,0.6979552862747805,-0.05517446472814736,-0.4413487512114661,0.6189018392404444,1.887604959867398,True,1
0.1090391384112729,-1.2604944012094381,-0.8670378686435275,-0.4413487512114661,0.6189018392404444,-0.6089598505988263,False,2
0.19722899657100068,0.6979552862747805,-0.5964167340050675,-0.4413487512114661,0.6189018392404444,0.6393225546342859,True,-1
-1.0742261845896415,-1.1299310887104903,-0.8670378686435275,-0.4413487512114661,-2.380517802853312,-1.8572422558319384,False,4
0.6527738116804562,0.11042038002951492,-0.5964167340050675,-0.4413487512114661,0.6189018392404444,0.6393225546342859,False,-1
-1.73965875070395,0.6979552862747805,-0.3257955993666074,-0.4413487512114661,-0.8808079818064339,-0.6089598505988263,False,0
-1.11924618211174,0.6979552862747805,-0.8670378686435275,-0.4413487512114661,0.6189018392404444,0.6393225546342859,False,-1
-0.1884217584584844,0.5021103175263587,-0.5964167340050675,-0.4413487512114661,0.6189018392404444,-0.6089598505988263,True,4
-1.2066137572117035,-0.08542458871890696,-0.3257955993666074,-0.4413487512114661,-0.8808079818064339,-0.6089598505988263,True,1
1.6987178637007223,1.2202085362705721,-0.5964167340050675,-0.4413487512114661,2.1186116602873226,0.6393225546342859,False,4
0.8026348993225108,0.8285185987737285,-0.3257955993666074,-0.4413487512114661,0.6189018392404444,0.6393225546342859,True,0
1.7753957590237495,0.30626534877793676,-0.05517446472814736,-0.4413487512114661,0.6189018392404444,0.6393225546342859,False,3
0.3976604923885635,0.24098369252846283,-0.8670378686435275,-0.4413487512114661,0.6189018392404444,0.6393225546342859,False,-1
-0.6659626454166364,0.6326736300253065,-0.05517446472814736,-0.4413487512114661,-0.8808079818064339,-0.6089598505988263,True,1
0.7491865004378274,0.4368286612768847,-0.3257955993666074,-0.4413487512114661,0.6189018392404444,0.6393225546342859,False,-1
0.14563073457078696,0.5021103175263587,-0.05517446472814736,-0.4413487512114661,0.6189018392404444,0.6393225546342859,False,3
0.01920471413201674,-0.21598790121785488,-0.05517446472814736,-0.4413487512114661,0.6189018392404444,-0.6089598505988263,False,-1
1.4456602520582404,-1.1952127449599643,-0.05517446472814736,-0.4413487512114661,0.6189018392404444,0.6393225546342859,False,3
2.0936193031525567,0.4368286612768847,0.2154466699103127,-0.4413487512114661,0.6189018392404444,0.6393225546342859,False,3
-0.31567006195701913,0.24098369252846283,-0.3257955993666074,-0.4413487512114661,0.6189018392404444,-0.6089598505988263,True,-1
0.06443028241905661,0.6326736300253065,0.7566889391872328,-0.4413487512114661,0.6189018392404444,0.6393225546342859,False,3
0.057235305646118284,0.4368286612768847,-0.3257955993666074,-0.4413487512114661,0.6189018392404444,0.6393225546342859,True,3
0.36929172682669315,0.8285185987737285,-0.8670378686435275,-0.4413487512114661,0.6189018392404444,0.6393225546342859,True,2
-1.101155954796924,-1.0646494324610163,-0.5964167340050675,-0.4413487512114661,-0.8808079818064339,-0.6089598505988263,False,3
0.4712548262374737,-2.043874276203126,-0.5964167340050675,-0.4413487512114661,0.6189018392404444,0.6393225546342859,False,2
-0.6195036525399502,-2.043874276203126,1.0273100738256928,-0.4413487512114661,0.6189018392404444,-0.6089598505988263,False,3
-0.5454981771611577,-2.043874276203126,1.568552343102613,-0.4413487512114661,0.6189018392404444,-0.6089598505988263,False,-1
0.8174359943982692,-2.043874276203126,2.1097946123795333,-0.4413487512114661,0.6189018392404444,0.6393225546342859,False,-1
-0.5506374462846849,-2.043874276203126,2.3804157470179934,-0.4413487512114661,0.6189018392404444,-0.6089598505988263,False,-1
-0.5454981771611577,-2.043874276203126,2.3804157470179934,-0.4413487512114661,0.6189018392404444,-0.6089598505988263,False,3
-1.0195443611153114,-0.020142932469433005,3.7335214202102938,-0.4413487512114661,-0.8808079818064339,-0.6089598505988263,False,3
-1.0195443611153114,-0.020142932469433005,3.4629002855718336,-0.4413487512114661,-0.8808079818064339,-0.6089598505988263,False,0
1.0394524205346467,-0.020142932469433005,5.086627093402594,-0.4413487512114661,0.6189018392404444,-0.6089598505988263,False,-1
-0.01471446208326324,0.7632369425242544,-0.3257955993666074,-0.4413487512114661,0.6189018392404444,-0.6089598505988263,True,-1
0.7979067717288658,-0.15070624496838092,-1.1376590032819875,-0.4413487512114661,0.6189018392404444,-0.6089598505988263,True,0
0.6272830368277609,-1.3257760574589121,-0.5964167340050675,-0.4413487512114661,0.6189018392404444,-0.6089598505988263,False,4
0.6965603846129083,0.4368286612768847,1.568552343102613,-0.4413487512114661,0.6189018392404444,0.6393225546342859,False,1
2.279249703894361,-0.020142932469433005,0.7566889391872328,-0.4413487512114661,0.6189018392404444,0.6393225546342859,False,-1
2.2350519894320264,-0.020142932469433005,2.3804157470179934,-0.4413487512114661,0.6189018392404444,0.6393225546342859,False,3
2.032359215200112,-0.020142932469433005,0.48606780454877274,-0.4413487512114661,0.6189018392404444,0.6393225546342859,False,-1
0.480711081424764,0.17570203627898887,-0.5964167340050675,-0.4413487512114661,-0.8808079818064339,1.887604959867398,True,0
-1.2152477293392292,0.8285185987737285,-0.5964167340050675,-0.4413487512114661,-0.8808079818064339,-0.6089598505988263,True,1
-1.0701147692908195,0.8285185987737285,-0.5964167340050675,-0.4413487512114661,-0.8808079818064339,-0.6089598505988263,False,2
-1.0627142217529404,0.8285185987737285,-0.05517446472814736,-0.4413487512114661,-2.380517802853312,0.6393225546342859,True,3
-1.0746373261195235,0.8285185987737285,-0.5964167340050675,-0.4413487512114661,0.6189018392404444,-0.6089598505988263,True,-1
-1.2113418848053485,0.8285185987737285,-0.3257955993666074,-0.4413487512114661,0.6189018392404444,0.6393225546342859,True,3
0.6955325307882032,0.6326736300253065,-0.5964167340050675,-0.4413487512114661,0.6189018392404444,0.6393225546342859,True,0
1.029379453052533,0.6326736300253065,-0.05517446472814736,-0.4413487512114661,0.6189018392404444,0.6393225546342859,True,4
-0.9186091155292363,-0.020142932469433005,-0.8670378686435275,-0.4413487512114661,-0.8808079818064339,-0.6089598505988263,True,0
-0.7251670257196704,0.4368286612768847,-0.8670378686435275,-0.4413487512114661,-2.380517802853312,3.13588736510051,True,-1
1.8197990442510248,-0.41183286996627677,-0.5964167340050675,-0.4413487512114661,-0.8808079818064339,8.129016986032958,True,-1
-1.609121314966358,0.30626534877793676,-0.5964167340050675,-0.4413487512114661,0.6189018392404444,0.6393225546342859,False,1
-0.0406163784658404,0.7632369425242544,-0.3257955993666074,-0.4413487512114661,0.6189018392404444,-0.6089598505988263,True,3
0.3092650634638948,0.24098369252846283,-0.05517446472814736,-0.4413487512114661,0.6189018392404444,0.6393225546342859,True,-1
1.631085082035104,-1.9133109637041779,4.0041425548487535,-0.4413487512114661,-2.380517802853312,-1.8572422558319384,False,2
0.6803202941825623,-1.9133109637041779,4.0041425548487535,-0.4413487512114661,-2.380517802853312,-1.8572422558319384,False,-1
-0.2215186516139999,1.3507718487695202,-0.5964167340050675,-0.4413487512114661,0.6189018392404444,-0.6089598505988263,True,0
-0.4314064026188527,-0.3465512137168028,-0.5964167340050675,-0.4413487512114661,0.6189018392404444,-0.6089598505988263,False,3
2.3993030306199574,0.8285185987737285,-0.5964167340050675,-0.4413487512114661,0.6189018392404444,1.887604959867398,False,-1
0.5092854177515755,1.2202085362705721,-0.8670378686435275,-0.4413487512114661,0.6189018392404444,0.6393225546342859,False,1
0.5286090696560379,1.2202085362705721,-0.8670378686435275,-0.4413487512114661,-2.380517802853312,6.880734580799847,True,4
1.2080204477863403,-1.586902682456808,-0.8670378686435275,-0.4413487512114661,0.6189018392404444,-0.6089598505988263,False,1
2.5641707841027115,-1.7827476512052298,-0.3257955993666074,-0.4413487512114661,0.6189018392404444,0.6393225546342859,False,3
-1.5647180297390821,0.5673919737758326,-0.5964167340050675,-0.4413487512114661,0.6189018392404444,-0.6089598505988263,True,2
0.7752939875853461,-1.3910577137083862,-0.5964167340050675,-0.4413487512114661,0.6189018392404444,0.6393225546342859,False,4
0.22107520530416705,-1.9785926199536517,0.48606780454877274,-0.4413487512114661,0.6189018392404444,-0.6089598505988263,False,-1
-1.0711426231155252,-1.2604944012094381,-0.05517446472814736,-0.4413487512114661,-0.8808079818064339,-0.6089598505988263,False,1
-0.4762208293760105,-0.3465512137168028,1.0273100738256928,-0.4413487512114661,0.6189018392404444,-0.6089598505988263,False,3
0.8789016531156553,0.6979552862747805,-0.5964167340050675,-0.4413487512114661,0.6189018392404444,0.6393225546342859,True,3
-1.0649755001672923,-0.5423961824652247,-1.1376590032819875,-0.4413487512114661,-0.8808079818064339,-0.6089598505988263,True,-1
-1.2506059009090966,-0.5423961824652247,-0.5964167340050675,-0.4413487512114661,-2.380517802853312,-0.6089598505988263,True,1
1.0454139727179381,-0.3465512137168028,4.0041425548487535,-0.4413487512114661,0.6189018392404444,0.6393225546342859,False,2
-0.28627344257044307,0.8285185987737285,-0.5964167340050675,-0.4413487512114661,0.6189018392404444,-0.6089598505988263,True,3
1.0780997243435715,-0.3465512137168028,1.568552343102613,-0.4413487512114661,0.6189018392404444,0.6393225546342859,False,4
0.04284535210024192,-2.1091559324525995,2.6510368816564536,-0.4413487512114661,0.6189018392404444,-0.6089598505988263,False,4
-0.5872290424441989,-1.586902682456808,3.1922791509333734,-0.4413487512114661,-0.8808079818064339,-0.6089598505988263,False,2
0.2919971192088432,-0.3465512137168028,-0.05517446472814736,-0.4413487512114661,0.6189018392404444,0.6393225546342859,True,-1
-0.07412441315123829,1.416053505018994,-0.5964167340050675,-0.4413487512114661,0.6189018392404444,0.6393225546342859,True,2
-0.34506668134359486,0.5673919737758326,-0.05517446472814736,-0.4413487512114661,-2.380517802853312,0.6393225546342859,True,-1
1.9819943777895446,-0.9340861199620684,0.48606780454877274,-0.4413487512114661,0.6189018392404444,0.6393225546342859,False,4
-0.22521892538293936,0.5673919737758326,-0.05517446472814736,-0.4413487512114661,0.6189018392404444,-0.6089598505988263,True,-1
0.5378597540783868,0.4368286612768847,-0.5964167340050675,-0.4413487512114661,0.6189018392404444,0.6393225546342859,False,3
2.707042465736769,-0.4771145262157507,1.839173477741073,-0.4413487512114661,0.6189018392404444,0.6393225546342859,False,1
0.42006770576714236,0.11042038002951492,-0.5964167340050675,-0.4413487512114661,0.6189018392404444,0.6393225546342859,True,1
-0.19335545681707048,-0.4771145262157507,0.2154466699103127,-0.4413487512114661,0.6189018392404444,-0.6089598505988263,False,1
-0.07946925303970644,0.7632369425242544,-0.8670378686435275,-0.4413487512114661,0.6189018392404444,-0.6089598505988263,True,1
-0.3074472313593754,-1.2604944012094381,0.7566889391872328,-0.4413487512114661,-0.8808079818064339,-0.6089598505988263,False,-1
0.16927137253901242,0.7632369425242544,-0.8670378686435275,-0.4413487512114661,0.6189018392404444,0.6393225546342859,True,4
0.011393025064255118,0.7632369425242544,-0.3257955993666074,-0.4413487512114661,0.6189018392404444,0.6393225546342859,True,2
2.2064776531052153,-1.1299310887104903,-0.05517446472814736,-0.4413487512114661,0.6189018392404444,0.6393225546342859,False,3
0.8433379107808469,-0.21598790121785488,-0.05517446472814736,-0.4413487512114661,0.6189018392404444,0.6393225546342859,False,2
-0.48444365997365396,0.8938002550232024,-0.3257955993666074,-0.4413487512114661,-0.8808079818064339,-0.6089598505988263,True,2
1.1097576221444991,-0.41183286996627677,-0.3257955993666074,-0.4413487512114661,0.6189018392404444,0.6393225546342859,False,-1
-0.45299133293766713,0.3715470050274107,-0.3257955993666074,-0.4413487512114661,-0.8808079818064339,-0.6089598505988263,False,2
3.1081110281368356,-1.45633936995786,0.7566889391872328,-0.4413487512114661,0.6189018392404444,0.6393225546342859,False,3
-0.43736795480214447,-0.28126955746732885,-0.8670378686435275,-0.4413487512114661,-0.8808079818064339,-0.6089598505988263,False,-1
-0.6556841071695819,-1.3257760574589121,-0.5964167340050675,-0.4413487512114661,-0.8808079818064339,-0.6089598505988263,False,3
-1.2950091861363722,-2.1091559324525995,-1.1376590032819875,-0.4413487512114661,-0.8808079818064339,-0.6089598505988263,False,4
-1.2481390517298037,-2.1091559324525995,-0.05517446472814736,-0.4413487512114661,-0.8808079818064339,-0.6089598505988263,False,2
-1.2481390517298037,-2.1091559324525995,-0.3257955993666074,-0.4413487512114661,-0.8808079818064339,-0.6089598505988263,False,3
0.6848428510112663,-1.586902682456808,-0.05517446472814736,-0.4413487512114661,0.6189018392404444,-0.6089598505988263,False,-1
1.4107132220182554,-1.586902682456808,-0.3257955993666074,-0.4413487512114661,0.6189018392404444,0.6393225546342859,False,2
2.133705602316069,-0.9993677762115424,-0.3257955993666074,-0.4413487512114661,0.6189018392404444,0.6393225546342859,False,1
3.4314738413891708,-0.41183286996627677,-0.5964167340050675,-0.4413487512114661,0.6189018392404444,3.13588736510051,True,0
0.8299758110596759,-0.8688044637125945,0.7566889391872328,-0.4413487512114661,0.6189018392404444,0.6393225546342859,False,-1
1.5889430752221803,-0.21598790121785488,0.2154466699103127,-0.4413487512114661,0.6189018392404444,0.6393225546342859,False,-1
-1.128085725004207,-0.8688044637125945,1.0273100738256928,-0.4413487512114661,-0.8808079818064339,-0.6089598505988263,False,3
-0.12263911367733553,1.2202085362705721,-1.1376590032819875,-0.4413487512114661,-2.380517802853312,1.887604959867398,True,3
0.33701711673094187,0.6326736300253065,-0.8670378686435275,-0.4413487512114661,0.6189018392404444,0.6393225546342859,True,-1
0.7010829414416122,0.4368286612768847,-0.05517446472814736,-0.4413487512114661,0.6189018392404444,1.887604959867398,False,3
0.5388876079030924,-0.6076778387146986,2.6510368816564536,-0.4413487512114661,0.6189018392404444,0.6393225546342859,False,0
0.9640079498012669,-0.6076778387146986,2.3804157470179934,-0.4413487512114661,0.6189018392404444,0.6393225546342859,False,0
-0.3411608368097142,0.9590819112726764,-1.1376590032819875,-0.4413487512114661,-0.8808079818064339,-0.6089598505988263,True,-1
-0.12140568908768894,0.6979552862747805,-0.8670378686435275,-0.4413487512114661,0.6189018392404444,-0.6089598505988263,True,0
-0.3699407439014669,0.6979552862747805,-0.05517446472814736,-0.4413487512114661,0.6189018392404444,-0.6089598505988263,True,4
-1.4329471694118436,-0.28126955746732885,0.48606780454877274,-0.4413487512114661,-0.8808079818064339,-0.6089598505988263,False,3
0.23382059273051473,-0.28126955746732885,1.839173477741073,-0.4413487512114661,-0.8808079818064339,-0.6089598505988263,False,1
-0.4848548015035363,0.8285185987737285,-1.1376590032819875,-0.4413487512114661,-0.8808079818064339,-0.6089598505988263,True,0
0.2153192238858165,-0.41183286996627677,0.7566889391872328,-0.4413487512114661,0.6189018392404444,0.6393225546342859,False,2
-1.0707314815856428,-0.41183286996627677,4.274763689487214,-0.4413487512114661,-0.8808079818064339,-0.6089598505988263,False,0
-1.039073583784715,-0.41183286996627677,4.8160059587641335,-0.4413487512114661,-2.380517802853312,-0.6089598505988263,False,-1
-1.0721704769402305,-0.41183286996627677,3.4629002855718336,-0.4413487512114661,-0.8808079818064339,-0.6089598505988263,False,0
0.14398616845125828,-0.28126955746732885,2.6510368816564536,-0.4413487512114661,0.6189018392404444,-0.6089598505988263,False,3
-0.6151866664761872,0.9590819112726764,-1.1376590032819875,-0.4413487512114661,-0.8808079818064339,-0.6089598505988263,True,0
-0.8219908560069239,-0.8035228074631204,0.2154466699103127,-0.4413487512114661,-0.8808079818064339,-0.6089598505988263,False,3
-0.8219908560069239,-0.8035228074631204,1.568552343102613,-0.4413487512114661,-0.8808079818064339,-0.6089598505988263,False,1
-1.2314878197695753,-1.2604944012094381,0.2154466699103127,-0.4413487512114661,-2.380517802853312,-0.6089598505988263,False,0
-1.4467204106628966,-1.2604944012094381,1.839173477741073,-0.4413487512114661,-0.8808079818064339,-0.6089598505988263,False,2
-1.4467204106628966,-1.2604944012094381,2.6510368816564536,-0.4413487512114661,-0.8808079818064339,-0.6089598505988263,False,4
0.5908970114331883,-1.9785926199536517,1.297931208464153,-0.4413487512114661,0.6189018392404444,-0.6089598505988263,False,2
0.15796498046725255,1.0243635675221503,-0.3257955993666074,-0.4413487512114661,0.6189018392404444,0.6393225546342859,True,-1
0.170504797128659,1.481335161268468,-0.8670378686435275,-0.4413487512114661,0.6189018392404444,-0.6089598505988263,True,3
0.170504797128659,1.3507718487695202,-0.5964167340050675,-0.4413487512114661,0.6189018392404444,-0.6089598505988263,True,-1
0.170504797128659,1.481335161268468,-0.5964167340050675,-0.4413487512114661,0.6189018392404444,0.6393225546342859,True,-1
-1.3003540260248405,0.8285185987737285,-0.8670378686435275,-0.4413487512114661,-0.8808079818064339,-0.6089598505988263,True,2
-0.0619957380197139,0.8938002550232024,-1.1376590032819875,-0.4413487512114661,-0.8808079818064339,-0.6089598505988263,True,3
-0.15840842677708508,0.9590819112726764,-1.1376590032819875,-0.4413487512114661,0.6189018392404444,0.6393225546342859,True,-1
-0.146896463940384,0.5673919737758326,-1.1376590032819875,-0.4413487512114661,-0.8808079818064339,0.6393225546342859,True,1
0.06401914088917422,0.9590819112726764,-0.5964167340050675,-0.4413487512114661,0.6189018392404444,-0.6089598505988263,True,0
-0.017181311262556415,0.4368286612768847,-0.5964167340050675,-0.4413487512114661,0.6189018392404444,0.6393225546342859,True,2
-0.8421367909711508,0.4368286612768847,-1.1376590032819875,-0.4413487512114661,0.6189018392404444,-0.6089598505988263,True,-1
0.16413210341548518,0.4368286612768847,-0.8670378686435275,-0.4413487512114661,0.6189018392404444,0.6393225546342859,True,4
-0.29922440076173196,0.8285185987737285,-0.8670378686435275,-0.4413487512114661,0.6189018392404444,-0.6089598505988263,True,4
-0.015125603613145338,0.4368286612768847,-0.5964167340050675,-0.4413487512114661,0.6189018392404444,0.6393225546342859,True,3
0.2829520055514353,-1.1299310887104903,-0.8670378686435275,-0.4413487512114661,0.6189018392404444,-0.6089598505988263,False,1
1.27955907398584,-0.3465512137168028,-0.5964167340050675,-0.4413487512114661,0.6189018392404444,0.6393225546342859,False,4
0.11602854441927003,1.0896452237716243,-0.3257955993666074,-0.4413487512114661,-0.8808079818064339,-0.6089598505988263,True,4
0.08457621738328323,0.9590819112726764,-0.3257955993666074,-0.4413487512114661,-0.8808079818064339,0.6393225546342859,True,4
-0.14360733170132664,0.8285185987737285,-0.8670378686435275,-0.4413487512114661,0.6189018392404444,-0.6089598505988263,True,-1
0.7652210201032325,-0.21598790121785488,-0.3257955993666074,-0.4413487512114661,0.6189018392404444,0.6393225546342859,False,-1
0.0004977745223776125,0.9590819112726764,-0.8670378686435275,-0.4413487512114661,0.6189018392404444,-0.6089598505988263,True,0
-0.08728094210746806,1.0243635675221503,-0.8670378686435275,-0.4413487512114661,0.6189018392404444,-0.6089598505988263,True,-1
-0.5475538848105688,0.5673919737758326,-0.8670378686435275,-0.4413487512114661,0.6189018392404444,0.6393225546342859,True,3
-0.3800137113835802,1.1549268800210981,-0.5964167340050675,-0.4413487512114661,0.6189018392404444,-0.6089598505988263,True,3
-0.44086265780614303,0.30626534877793676,-0.3257955993666074,-0.4413487512114661,0.6189018392404444,-0.6089598505988263,True,2
-0.2735280551440957,0.6979552862747805,-0.8670378686435275,-0.4413487512114661,0.6189018392404444,-0.6089598505988263,True,-1
-0.16642568660978763,-1.7174659949557558,-0.05517446472814736,-0.4413487512114661,0.6189018392404444,-0.6089598505988263,False,2
-0.9644513961110993,-0.41183286996627677,-0.3257955993666074,-0.4413487512114661,-0.8808079818064339,-0.6089598505988263,False,2
-0.34691681822806475,0.4368286612768847,-0.8670378686435275,-0.4413487512114661,-0.8808079818064339,-0.6089598505988263,True,0
0.6603799299832767,0.045138723780040954,-0.05517446472814736,-0.4413487512114661,0.6189018392404444,0.6393225546342859,True,2
-0.9677405283501568,-0.3465512137168028,-0.05517446472814736,-0.4413487512114661,-0.8808079818064339,-0.6089598505988263,False,0
0.24060442797357068,-0.3465512137168028,-0.5964167340050675,-0.4413487512114661,0.6189018392404444,0.6393225546342859,False,-1
-0.6449944273926453,1.416053505018994,-0.5964167340050675,-0.4413487512114661,-2.380517802853312,-0.6089598505988263,True,0
-0.6449944273926453,1.416053505018994,-0.8670378686435275,-0.4413487512114661,-0.8808079818064339,-0.6089598505988263,True,3
-0.1787599325062532,0.8285185987737285,-0.3257955993666074,-0.4413487512114661,2.1186116602873226,0.6393225546342859,True,4
-0.28072303191703374,0.8285185987737285,-0.8670378686435275,-0.4413487512114661,0.6189018392404444,-0.6089598505988263,True,0
0.03708937068189137,0.5673919737758326,-1.1376590032819875,-0.4413487512114661,0.6189018392404444,0.6393225546342859,True,4
-0.5475538848105688,0.4368286612768847,-0.3257955993666074,-0.4413487512114661,-0.8808079818064339,-0.6089598505988263,True,-1
-1.2641735713952087,-0.3465512137168028,-0.5964167340050675,-0.4413487512114661,-0.8808079818064339,-0.6089598505988263,False,-1
1.9398523709766213,-0.41183286996627677,-0.3257955993666074,-0.4413487512114661,0.6189018392404444,0.6393225546342859,False,-1
-0.4772486832007159,0.5021103175263587,-0.3257955993666074,-0.4413487512114661,-0.8808079818064339,-0.6089598505988263,True,-1
-0.5004781796390589,-0.41183286996627677,0.7566889391872328,-0.4413487512114661,0.6189018392404444,-0.6089598505988263,False,3
-0.6556841071695819,-0.41183286996627677,-0.3257955993666074,-0.4413487512114661,-0.8808079818064339,-0.6089598505988263,False,3
-0.19643901829118693,0.5021103175263587,-0.8670378686435275,-0.4413487512114661,0.6189018392404444,-0.6089598505988263,True,1
-0.12284468444227643,0.5021103175263587,-1.1376590032819875,-0.4413487512114661,0.6189018392404444,-0.6089598505988263,True,-1
-1.045857419027771,1.416053505018994,-0.8670378686435275,-0.4413487512114661,-0.8808079818064339,-0.6089598505988263,True,-1
-0.29963554229161404,-1.3910577137083862,0.7566889391872328,-0.4413487512114661,0.6189018392404444,0.6393225546342859,False,-1
-0.05665089813124545,0.5673919737758326,-0.8670378686435275,-0.4413487512114661,0.6189018392404444,-0.6089598505988263,True,1
0.16618781106489597,-0.5423961824652247,0.2154466699103127,-0.4413487512114661,0.6189018392404444,-0.6089598505988263,False,3
-0.9083305772821818,-0.4771145262157507,-0.05517446472814736,-0.4413487512114661,0.6189018392404444,-0.6089598505988263,False,-1
-0.35657864418029594,-0.4771145262157507,-0.5964167340050675,-0.4413487512114661,0.6189018392404444,-0.6089598505988263,False,4
-0.1150329953745151,0.6979552862747805,-0.3257955993666074,-0.4413487512114661,0.6189018392404444,0.6393225546342859,True,4
1.398790117651672,-1.3257760574589121,-0.3257955993666074,-0.4413487512114661,0.6189018392404444,0.6393225546342859,False,2
-0.7048155199905026,-1.3257760574589121,0.2154466699103127,-0.4413487512114661,0.6189018392404444,0.6393225546342859,False,3
-0.5722223766034996,0.8938002550232024,-0.3257955993666074,-0.4413487512114661,-0.8808079818064339,-0.6089598505988263,True,3
0.06360799935929212,0.7632369425242544,-1.1376590032819875,-0.4413487512114661,-0.8808079818064339,-0.6089598505988263,True,-1
-1.1134902006933896,1.2202085362705721,-0.3257955993666074,-0.4413487512114661,-0.8808079818064339,-0.6089598505988263,True,4
0.12877393184561772,-0.8035228074631204,-0.3257955993666074,-0.4413487512114661,-0.8808079818064339,0.6393225546342859,False,1
-0.4250337089056789,0.8938002550232024,-0.3257955993666074,-0.4413487512114661,-0.8808079818064339,0.6393225546342859,True,3
1.6243012467920477,-1.45633936995786,1.839173477741073,-0.4413487512114661,0.6189018392404444,-0.6089598505988263,False,2
0.14254717309667078,0.4368286612768847,-0.8670378686435275,-0.4413487512114661,0.6189018392404444,0.6393225546342859,True,4
0.18119447690559562,0.4368286612768847,-0.8670378686435275,-0.4413487512114661,0.6189018392404444,0.6393225546342859,True,-1
-1.1194517528766812,-0.4771145262157507,0.7566889391872328,-0.4413487512114661,-0.8808079818064339,-0.6089598505988263,False,-1
-0.19273874452224718,0.6326736300253065,-0.3257955993666074,-0.4413487512114661,0.6189018392404444,-0.6089598505988263,True,-1
-0.23590860515987597,0.6326736300253065,-0.5964167340050675,-0.4413487512114661,0.6189018392404444,0.6393225546342859,True,1
-0.0054637776609141285,0.4368286612768847,-0.3257955993666074,-0.4413487512114661,0.6189018392404444,0.6393225546342859,True,-1
-0.027048707979728526,0.4368286612768847,-1.1376590032819875,-0.4413487512114661,0.6189018392404444,0.6393225546342859,True,-1
-0.5265856667865774,0.4368286612768847,-0.05517446472814736,-0.4413487512114661,0.6189018392404444,-0.6089598505988263,True,2
-0.12366696750204093,0.4368286612768847,-0.5964167340050675,-0.4413487512114661,0.6189018392404444,0.6393225546342859,True,0
0.3653858822928125,0.4368286612768847,-0.8670378686435275,-0.4413487512114661,0.6189018392404444,0.6393225546342859,True,1
1.3848113056356783,-0.08542458871890696,0.48606780454877274,-0.4413487512114661,0.6189018392404444,0.6393225546342859,False,-1
-0.3849474097421663,0.4368286612768847,-0.5964167340050675,-0.4413487512114661,0.6189018392404444,-0.6089598505988263,True,-1
0.48687820437299667,-0.6729594949641726,1.0273100738256928,-0.4413487512114661,0.6189018392404444,-0.6089598505988263,False,1
-0.5383032003882197,-0.6729594949641726,-0.05517446472814736,-0.4413487512114661,0.6189018392404444,-0.6089598505988263,False,1
-0.42832284114473657,-1.1299310887104903,-0.5964167340050675,-0.4413487512114661,0.6189018392404444,-0.6089598505988263,False,3
-0.5019171749936467,-1.2604944012094381,0.2154466699103127,-0.4413487512114661,-0.8808079818064339,-0.6089598505988263,False,-1
-0.6310156153766514,-0.6076778387146986,0.48606780454877274,-0.4413487512114661,-0.8808079818064339,-0.6089598505988263,False,-1
1.4695064607914068,-0.4771145262157507,0.7566889391872328,-0.4413487512114661,0.6189018392404444,0.6393225546342859,False,-1
1.7963639770477402,-0.4771145262157507,-1.1376590032819875,-0.4413487512114661,0.6189018392404444,0.6393225546342859,False,-1
0.8624559919203684,-1.0646494324610163,0.2154466699103127,-0.4413487512114661,0.6189018392404444,0.6393225546342859,False,2
-0.4336676810332047,0.6326736300253065,-0.3257955993666074,-0.4413487512114661,-2.380517802853312,3.13588736510051,True,-1
0.11705639824397543,0.7632369425242544,-0.3257955993666074,-0.4413487512114661,0.6189018392404444,0.6393225546342859,True,-1
0.05168489499270894,0.8285185987737285,-0.3257955993666074,-0.4413487512114661,0.6189018392404444,-0.6089598505988263,True,2
-0.18739390463377872,0.6979552862747805,-0.3257955993666074,-0.4413487512114661,0.6189018392404444,0.6393225546342859,True,0
-1.0816267321275206,-0.4771145262157507,1.568552343102613,-0.4413487512114661,-0.8808079818064339,-0.6089598505988263,False,2
-0.09797062188440465,-0.4771145262157507,1.839173477741073,-0.4413487512114661,0.6189018392404444,-0.6089598505988263,False,4
-0.28812357945491296,0.6326736300253065,-0.3257955993666074,-0.4413487512114661,0.6189018392404444,-0.6089598505988263,True,1
0.6570907977442193,-1.2604944012094381,1.568552343102613,-0.4413487512114661,0.6189018392404444,0.6393225546342859,False,1
-1.47940616228853,0.9590819112726764,-0.5964167340050675,-0.4413487512114661,0.6189018392404444,0.6393225546342859,True,-1
0.3520237825716415,0.7632369425242544,0.2154466699103127,-0.4413487512114661,0.6189018392404444,0.6393225546342859,False,3
-0.44990777146355093,0.8938002550232024,-0.5964167340050675,-0.4413487512114661,0.6189018392404444,-0.6089598505988263,True,1
-0.6458167104524098,0.8285185987737285,-0.3257955993666074,-0.4413487512114661,0.6189018392404444,-0.6089598505988263,True,0
1.699745717525428,-0.28126955746732885,0.7566889391872328,-0.4413487512114661,0.6189018392404444,0.6393225546342859,False,0
0.5878134499590718,-1.3257760574589121,1.297931208464153,-0.4413487512114661,0.6189018392404444,-0.6089598505988263,False,-1
0.6585297930988068,-1.1299310887104903,-0.05517446472814736,-0.4413487512114661,0.6189018392404444,-0.6089598505988263,False,-1
-0.36521261630782176,-1.1299310887104903,0.2154466699103127,-0.4413487512114661,0.6189018392404444,-0.6089598505988263,False,0
-0.95890098545769,-1.1952127449599643,0.48606780454877274,-0.4413487512114661,0.6189018392404444,-0.6089598505988263,False,0
0.02537183708024938,0.8285185987737285,-0.3257955993666074,-0.4413487512114661,2.1186116602873226,1.887604959867398,True,1
-0.7619641926441255,-0.9340861199620684,-0.8670378686435275,-0.4413487512114661,-0.8808079818064339,-0.6089598505988263,False,0
-0.2548211155344563,0.6326736300253065,-0.8670378686435275,-0.4413487512114661,0.6189018392404444,-0.6089598505988263,True,-1
-0.21966851472953003,0.6326736300253065,-0.8670378686435275,-0.4413487512114661,0.6189018392404444,0.6393225546342859,True,0
-0.1366179256933295,1.1549268800210981,-0.3257955993666074,-0.4413487512114661,0.6189018392404444,-0.6089598505988263,True,0
0.29487510991801846,1.0243635675221503,-1.1376590032819875,-0.4413487512114661,0.6189018392404444,0.6393225546342859,True,3
-0.297579834642203,1.0243635675221503,-0.5964167340050675,-0.4413487512114661,-0.8808079818064339,-0.6089598505988263,True,2
-1.436236301650901,-1.1952127449599643,1.0273100738256928,-0.4413487512114661,-0.8808079818064339,-0.6089598505988263,False,2
1.958353739821319,-1.3910577137083862,0.48606780454877274,-0.4413487512114661,0.6189018392404444,0.6393225546342859,False,-1
0.1291850733754998,0.9590819112726764,-0.3257955993666074,-0.4413487512114661,0.6189018392404444,-0.6089598505988263,True,-1
0.6494846794413989,0.3715470050274107,-0.5964167340050675,-0.4413487512114661,0.6189018392404444,0.6393225546342859,True,2
0.34852907956764295,0.5021103175263587,-0.3257955993666074,-0.4413487512114661,0.6189018392404444,0.6393225546342859,True,-1
1.2960047351811268,0.11042038002951492,-0.5964167340050675,-0.4413487512114661,0.6189018392404444,1.887604959867398,True,0
1.985283510028602,-0.41183286996627677,-0.5964167340050675,-0.4413487512114661,2.1186116602873226,3.13588736510051,True,1
0.15467584822819516,-1.586902682456808,-0.5964167340050675,-0.4413487512114661,0.6189018392404444,-0.6089598505988263,False,-1
0.07923137749481507,-1.586902682456808,-0.3257955993666074,-0.4413487512114661,0.6189018392404444,-0.6089598505988263,False,0
2.385735360133846,-0.9993677762115424,0.2154466699103127,-0.4413487512114661,0.6189018392404444,0.6393225546342859,False,1
-1.0682646324063498,-0.41183286996627677,0.2154466699103127,-0.4413487512114661,-0.8808079818064339,-0.6089598505988263,False,3
0.3518182118067003,0.8285185987737285,-1.1376590032819875,-0.4413487512114661,-0.8808079818064339,-0.6089598505988263,True,-1
0.15858169276207584,0.7632369425242544,-0.8670378686435275,-0.4413487512114661,0.6189018392404444,-0.6089598505988263,True,3
-0.03588825087219554,1.0243635675221503,-0.3257955993666074,-0.4413487512114661,0.6189018392404444,0.6393225546342859,True,1
0.2638339244119137,-0.4771145262157507,1.297931208464153,-0.4413487512114661,0.6189018392404444,-0.6089598505988263,False,-1
0.721023305640898,-0.4771145262157507,0.7566889391872328,-0.4413487512114661,0.6189018392404444,0.6393225546342859,False,-1
0.23772643726439538,-0.41183286996627677,-0.3257955993666074,-0.4413487512114661,0.6189018392404444,-0.6089598505988263,False,1
-0.5337806435595157,-0.41183286996627677,-0.8670378686435275,-0.4413487512114661,0.6189018392404444,-0.6089598505988263,False,-1
-0.08954222052182004,0.30626534877793676,-0.8670378686435275,-0.4413487512114661,0.6189018392404444,0.6393225546342859,True,4
-0.05973445960536192,0.8938002550232024,-1.1376590032819875,-0.4413487512114661,0.6189018392404444,0.6393225546342859,True,2
-0.7584694896401271,-0.28126955746732885,-0.8670378686435275,-0.4413487512114661,0.6189018392404444,-0.6089598505988263,False,3
0.8869189129483581,-0.3465512137168028,-0.05517446472814736,-0.4413487512114661,0.6189018392404444,0.6393225546342859,False,3
1.4614892009587046,-1.3257760574589121,1.0273100738256928,-0.4413487512114661,0.6189018392404444,0.6393225546342859,False,3
-0.1259282459163929,1.0896452237716243,-0.8670378686435275,-0.4413487512114661,0.6189018392404444,-0.6089598505988263,True,2
0.36846944376692864,-0.21598790121785488,-0.05517446472814736,-0.4413487512114661,0.6189018392404444,0.6393225546342859,False,1
0.19229529821241462,0.5673919737758326,-0.05517446472814736,-0.4413487512114661,0.6189018392404444,0.6393225546342859,True,4
-0.28195645650668033,-0.28126955746732885,-0.3257955993666074,-0.4413487512114661,0.6189018392404444,-0.6089598505988263,False,2
1.6483530262901556,-0.6729594949641726,1.839173477741073,-0.4413487512114661,0.6189018392404444,0.6393225546342859,False,1
0.2784294487227313,-0.5423961824652247,-0.8670378686435275,-0.4413487512114661,-0.8808079818064339,0.6393225546342859,False,-1
1.0505532418414654,-0.6729594949641726,-0.05517446472814736,-0.4413487512114661,0.6189018392404444,0.6393225546342859,False,-1
-0.21309025025141498,0.6326736300253065,-1.1376590032819875,-0.4413487512114661,-0.8808079818064339,-0.6089598505988263,True,1
-0.1781432202114299,0.6979552862747805,-0.8670378686435275,-0.4413487512114661,0.6189018392404444,-0.6089598505988263,True,0
-0.1974668721158923,-0.6076778387146986,-0.5964167340050675,-0.4413487512114661,0.6189018392404444,-0.6089598505988263,False,1
1.1196250188616719,-1.8480293074547038,-0.05517446472814736,-0.4413487512114661,-2.380517802853312,-1.8572422558319384,False,0
1.2925100321771286,-1.8480293074547038,-0.05517446472814736,-0.4413487512114661,0.6189018392404444,0.6393225546342859,False,-1
1.0715214598654568,-1.1952127449599643,-0.8670378686435275,-0.4413487512114661,0.6189018392404444,0.6393225546342859,False,-1
0.3842983926673925,-0.6076778387146986,1.0273100738256928,-0.4413487512114661,0.6189018392404444,0.6393225546342859,False,2
0.5072297101021644,-0.6076778387146986,-0.3257955993666074,-0.4413487512114661,-0.8808079818064339,-0.6089598505988263,False,-1
0.5072297101021644,-0.6076778387146986,-0.3257955993666074,-0.4413487512114661,-0.8808079818064339,-0.6089598505988263,False,2
0.38162597272315846,-0.6076778387146986,-0.8670378686435275,-0.4413487512114661,0.6189018392404444,0.6393225546342859,True,0
-0.9889143171390891,0.4368286612768847,-0.3257955993666074,-0.4413487512114661,-0.8808079818064339,-0.6089598505988263,False,4
0.45316459892265787,0.4368286612768847,-0.3257955993666074,-0.4413487512114661,0.6189018392404444,0.6393225546342859,True,3
-0.4462074976946112,0.4368286612768847,-1.1376590032819875,-0.4413487512114661,-0.8808079818064339,0.6393225546342859,False,1
0.03585594609224508,0.4368286612768847,-0.5964167340050675,-0.4413487512114661,0.6189018392404444,0.6393225546342859,False,-1
-0.7977335057438752,0.4368286612768847,-0.5964167340050675,-0.4413487512114661,-0.8808079818064339,-1.8572422558319384,False,1
-0.46285872965483954,-0.3465512137168028,-0.3257955993666074,-0.4413487512114661,0.6189018392404444,-0.6089598505988263,False,2
-0.06364030413924258,0.4368286612768847,-0.5964167340050675,-0.4413487512114661,-0.8808079818064339,-0.6089598505988263,False,1
0.3294109984281217,1.0243635675221503,-0.5964167340050675,-0.4413487512114661,0.6189018392404444,-0.6089598505988263,True,2
-0.04411108146983897,0.6326736300253065,-0.3257955993666074,-0.4413487512114661,0.6189018392404444,0.6393225546342859,True,-1
-0.11009929701592905,-1.7174659949557558,-0.5964167340050675,-0.4413487512114661,0.6189018392404444,-0.6089598505988263,False,4
-0.1368234964582707,0.4368286612768847,-0.8670378686435275,-0.4413487512114661,0.6189018392404444,-0.6089598505988263,True,2
-0.3189591941960765,0.4368286612768847,-0.05517446472814736,-0.4413487512114661,0.6189018392404444,-0.6089598505988263,False,0
-0.7703925940067103,0.4368286612768847,1.839173477741073,-0.4413487512114661,-0.8808079818064339,-0.6089598505988263,False,0
-1.0462685605576532,0.4368286612768847,-0.3257955993666074,-0.4413487512114661,-0.8808079818064339,-0.6089598505988263,False,-1
0.7358244007166564,-0.5423961824652247,0.2154466699103127,-0.4413487512114661,-0.8808079818064339,-0.6089598505988263,False,-1
0.27575702877849695,0.7632369425242544,-0.05517446472814736,-0.4413487512114661,0.6189018392404444,0.6393225546342859,True,-1
-0.8191128652977486,0.7632369425242544,-0.05517446472814736,-0.4413487512114661,-0.8808079818064339,0.6393225546342859,True,-1
-0.6739799052493389,-0.9340861199620684,-0.3257955993666074,-0.4413487512114661,-0.8808079818064339,-0.6089598505988263,False,2
0.30474250663519087,0.7632369425242544,0.48606780454877274,-0.4413487512114661,0.6189018392404444,0.6393225546342859,False,4
0.49674560109016874,0.7632369425242544,-0.5964167340050675,-0.4413487512114661,0.6189018392404444,0.6393225546342859,False,1
-1.3118659888615414,-0.3465512137168028,-0.5964167340050675,-0.4413487512114661,-2.380517802853312,-0.6089598505988263,False,-1
-0.023759575740671158,0.24098369252846283,-0.8670378686435275,-0.4413487512114661,-2.380517802853312,5.632452175566734,True,4
-0.37734129143934614,-0.4771145262157507,-0.05517446472814736,-0.4413487512114661,0.6189018392404444,-0.6089598505988263,False,3
0.41307829975914523,-0.7382411512136465,-0.3257955993666074,-0.4413487512114661,2.1186116602873226,3.13588736510051,False,3
-0.0188258773820851,0.7632369425242544,-0.05517446472814736,-0.4413487512114661,0.6189018392404444,-0.6089598505988263,True,-1
0.7866003796571056,0.3715470050274107,-0.8670378686435275,-0.4413487512114661,0.6189018392404444,0.6393225546342859,True,-1
0.03133338926354112,0.6979552862747805,-0.5964167340050675,-0.4413487512114661,0.6189018392404444,-0.6089598505988263,True,3
-0.38371398515252,0.4368286612768847,-0.3257955993666074,-0.4413487512114661,0.6189018392404444,0.6393225546342859,True,2
1.0447972604231148,0.4368286612768847,-0.5964167340050675,-0.4413487512114661,0.6189018392404444,0.6393225546342859,False,-1
0.6484568256166932,-1.1952127449599643,1.0273100738256928,-0.4413487512114661,-0.8808079818064339,-0.6089598505988263,False,2
0.6484568256166932,-1.1952127449599643,0.2154466699103127,-0.4413487512114661,0.6189018392404444,-0.6089598505988263,False,2
0.018999143367075543,0.30626534877793676,-0.5964167340050675,-0.4413487512114661,0.6189018392404444,-0.6089598505988263,True,-1
0.3538739194561114,-1.7827476512052298,1.297931208464153,-0.4413487512114661,-0.8808079818064339,-0.6089598505988263,False,1
0.6258440414731734,-1.2604944012094381,0.7566889391872328,-0.4413487512114661,0.6189018392404444,-0.6089598505988263,False,0
0.5033238655682838,-1.9785926199536517,1.568552343102613,-0.4413487512114661,0.6189018392404444,-0.6089598505988263,False,4
0.5033238655682838,-1.9785926199536517,2.9216580162949137,-0.4413487512114661,0.6189018392404444,-0.6089598505988263,False,4
0.9913488615384315,-1.9785926199536517,2.9216580162949137,-0.4413487512114661,0.6189018392404444,0.6393225546342859,False,0
-1.0090602521033158,-0.3465512137168028,1.839173477741073,-0.4413487512114661,-0.8808079818064339,-0.6089598505988263,False,1
1.6243012467920477,-0.3465512137168028,-0.5964167340050675,-0.4413487512114661,0.6189018392404444,0.6393225546342859,False,3
-0.8548821783974984,-0.5423961824652247,-0.3257955993666074,-0.4413487512114661,-0.8808079818064339,-0.6089598505988263,False,4
1.0380134251800592,-0.41183286996627677,1.568552343102613,-0.4413487512114661,0.6189018392404444,0.6393225546342859,False,3
-0.3179313403713711,-0.28126955746732885,-0.3257955993666074,-0.4413487512114661,0.6189018392404444,-0.6089598505988263,False,2
-1.1178071867571524,-0.8688044637125945,1.0273100738256928,-0.4413487512114661,-2.380517802853312,-1.8572422558319384,False,-1
0.5760959163574298,-0.8688044637125945,-0.5964167340050675,-0.4413487512114661,0.6189018392404444,-0.6089598505988263,False,4
-0.9173756909395897,-0.8688044637125945,-0.5964167340050675,-0.4413487512114661,-0.8808079818064339,-0.6089598505988263,False,0
-0.17197609726319696,-0.8688044637125945,1.839173477741073,-0.4413487512114661,-0.8808079818064339,-0.6089598505988263,False,0
-0.16231427131096576,1.1549268800210981,-0.8670378686435275,-0.4413487512114661,0.6189018392404444,0.6393225546342859,True,4
0.02886654008424795,1.0896452237716243,-0.5964167340050675,-0.4413487512114661,0.6189018392404444,0.6393225546342859,True,4
-0.7615530511142434,1.0243635675221503,0.7566889391872328,-0.4413487512114661,-0.8808079818064339,-0.6089598505988263,False,4
0.2564333768740345,1.0243635675221503,-0.8670378686435275,-0.4413487512114661,0.6189018392404444,0.6393225546342859,False,3
0.2033961195192333,1.0243635675221503,-0.3257955993666074,-0.4413487512114661,0.6189018392404444,0.6393225546342859,False,-1
-0.30456924065020013,1.1549268800210981,-0.05517446472814736,-0.4413487512114661,0.6189018392404444,-0.6089598505988263,False,2
0.35962990087446195,0.9590819112726764,-0.3257955993666074,-0.4413487512114661,2.1186116602873226,0.6393225546342859,True,0
-0.9878864633143836,-0.3465512137168028,-0.05517446472814736,-0.4413487512114661,-2.380517802853312,-1.8572422558319384,False,3
2.3098797478705837,-0.9340861199620684,1.0273100738256928,-0.4413487512114661,0.6189018392404444,0.6393225546342859,False,-1
2.6322147072982127,-0.9340861199620684,-0.8670378686435275,-0.4413487512114661,0.6189018392404444,0.6393225546342859,False,2
0.2607503629377976,-1.0646494324610163,-0.05517446472814736,-0.4413487512114661,0.6189018392404444,0.6393225546342859,False,4
0.6424952734334017,-0.15070624496838092,-0.5964167340050675,-0.4413487512114661,0.6189018392404444,0.6393225546342859,False,4
0.5598558259270836,-0.15070624496838092,-0.05517446472814736,-0.4413487512114661,0.6189018392404444,0.6393225546342859,False,0
0.38882094949609647,-0.15070624496838092,-0.05517446472814736,-0.4413487512114661,0.6189018392404444,0.6393225546342859,False,-1
-0.09509263117522938,-0.15070624496838092,-0.05517446472814736,-0.4413487512114661,0.6189018392404444,-0.6089598505988263,False,-1
-0.09632605576487598,-0.15070624496838092,0.2154466699103127,-0.4413487512114661,0.6189018392404444,-0.6089598505988263,False,0
-1.2113418848053485,1.1549268800210981,-0.5964167340050675,-0.4413487512114661,0.6189018392404444,-0.6089598505988263,True,3
0.4702269724127683,-0.7382411512136465,1.0273100738256928,-0.4413487512114661,0.6189018392404444,-0.6089598505988263,False,-1
0.4893450535522895,-0.7382411512136465,1.297931208464153,-0.4413487512114661,0.6189018392404444,-0.6089598505988263,False,-1
-0.7829324106681168,0.7632369425242544,1.0273100738256928,-0.4413487512114661,0.6189018392404444,-0.6089598505988263,False,4
0.24224899409309936,0.9590819112726764,-0.8670378686435275,-0.4413487512114661,-2.380517802853312,4.384169770333622,True,1
0.563556099696023,-0.15070624496838092,-0.5964167340050675,-0.4413487512114661,0.6189018392404444,0.6393225546342859,False,4
0.9724363511638515,-0.4771145262157507,-1.1376590032819875,-0.4413487512114661,0.6189018392404444,0.6393225546342859,False,3
1.8004753923465624,0.24098369252846283,-1.1376590032819875,-0.4413487512114661,2.1186116602873226,0.6393225546342859,True,1
1.2059647401369296,0.24098369252846283,-0.3257955993666074,-0.4413487512114661,0.6189018392404444,0.6393225546342859,True,0
1.6317017943299272,0.24098369252846283,-1.1376590032819875,-0.4413487512114661,-0.8808079818064339,-0.6089598505988263,True,-1
-0.1360012133985062,-2.043874276203126,1.568552343102613,-0.4413487512114661,0.6189018392404444,0.6393225546342859,False,0
1.3578815354283953,-2.043874276203126,2.1097946123795333,-0.4413487512114661,-2.380517802853312,-1.8572422558319384,False,-1
1.9203231483072176,-2.043874276203126,1.839173477741073,-0.4413487512114661,-2.380517802853312,-1.8572422558319384,False,-1
1.548651205293727,-2.043874276203126,2.1097946123795333,-0.4413487512114661,-2.380517802853312,-1.8572422558319384,False,2
1.19465834806517,-0.4771145262157507,1.297931208464153,-0.4413487512114661,0.6189018392404444,0.6393225546342859,False,3
1.6946064484019008,-0.4771145262157507,2.3804157470179934,-0.4413487512114661,0.6189018392404444,0.6393225546342859,False,-1
1.7077629773581302,-0.4771145262157507,1.839173477741073,-0.4413487512114661,0.6189018392404444,0.6393225546342859,False,2
-0.12366696750204093,0.5673919737758326,-0.8670378686435275,-0.4413487512114661,0.6189018392404444,-0.6089598505988263,True,-1
0.5029127240384017,0.30626534877793676,-0.5964167340050675,-0.4413487512114661,0.6189018392404444,0.6393225546342859,False,-1
-0.007313914545384009,0.8285185987737285,1.0273100738256928,-0.4413487512114661,0.6189018392404444,0.6393225546342859,False,-1
1.5488567760586678,0.045138723780040954,0.2154466699103127,-0.4413487512114661,0.6189018392404444,0.6393225546342859,False,1
0.6630523499275107,0.11042038002951492,1.0273100738256928,-0.4413487512114661,0.6189018392404444,0.6393225546342859,False,2
1.722975213963771,0.11042038002951492,1.568552343102613,-0.4413487512114661,0.6189018392404444,0.6393225546342859,False,2
2.3022736295677633,-0.4771145262157507,0.48606780454877274,-0.4413487512114661,0.6189018392404444,0.6393225546342859,False,-1
1.210898438495516,-0.4771145262157507,-0.3257955993666074,-0.4413487512114661,0.6189018392404444,0.6393225546342859,False,2
0.7086890597444326,-0.8035228074631204,3.1922791509333734,-0.4413487512114661,0.6189018392404444,-0.6089598505988263,False,1
0.7115670504536082,-0.8035228074631204,3.4629002855718336,-0.4413487512114661,0.6189018392404444,-0.6089598505988263,False,4
0.7372633960712445,-0.8035228074631204,3.1922791509333734,-0.4413487512114661,0.6189018392404444,0.6393225546342859,False,4
0.7777608367646393,-0.8035228074631204,2.9216580162949137,-0.4413487512114661,0.6189018392404444,0.6393225546342859,False,1
0.7629597416888808,-0.8035228074631204,-0.5964167340050675,-0.4413487512114661,0.6189018392404444,-0.6089598505988263,False,4
0.16495438647524968,0.045138723780040954,0.48606780454877274,-0.4413487512114661,0.6189018392404444,0.6393225546342859,False,3
0.778171978294521,0.5673919737758326,0.2154466699103127,-0.4413487512114661,0.6189018392404444,0.6393225546342859,False,1
0.012626449653901705,0.7632369425242544,-0.5964167340050675,-0.4413487512114661,0.6189018392404444,-0.6089598505988263,True,4
1.1405932368856628,0.24098369252846283,-0.05517446472814736,-0.4413487512114661,0.6189018392404444,0.6393225546342859,False,3
0.26465620747167823,0.4368286612768847,0.2154466699103127,-0.4413487512114661,0.6189018392404444,0.6393225546342859,False,0
1.512881892193977,-0.41183286996627677,-0.5964167340050675,-0.4413487512114661,-2.380517802853312,0.6393225546342859,False,2
-1.1389809755460847,0.9590819112726764,-1.1376590032819875,-0.4413487512114661,-0.8808079818064339,-0.6089598505988263,True,1
0.4276738240699625,0.6326736300253065,-0.05517446472814736,-0.4413487512114661,0.6189018392404444,0.6393225546342859,False,-1
0.35695748093022756,0.5021103175263587,-0.05517446472814736,-0.4413487512114661,0.6189018392404444,0.6393225546342859,True,1
0.3004255205714278,0.6326736300253065,-0.3257955993666074,-0.4413487512114661,0.6189018392404444,0.6393225546342859,False,4
-1.3231723809333014,0.8285185987737285,-0.3257955993666074,-0.4413487512114661,-0.8808079818064339,-0.6089598505988263,False,-1
-0.24721499723163615,-1.8480293074547038,1.0273100738256928,-0.4413487512114661,-0.8808079818064339,-0.6089598505988263,False,1
-0.24885956335116485,-1.8480293074547038,1.839173477741073,-0.4413487512114661,0.6189018392404444,-0.6089598505988263,False,-1
-1.2908977708375504,0.3715470050274107,0.2154466699103127,-0.4413487512114661,-0.8808079818064339,-0.6089598505988263,False,1
-0.9901477417287355,-1.0646494324610163,-0.5964167340050675,-0.4413487512114661,0.6189018392404444,-0.6089598505988263,False,3
-0.662262371647697,-1.2604944012094381,0.7566889391872328,-0.4413487512114661,-0.8808079818064339,-0.6089598505988263,False,0
-1.000220709210849,-1.2604944012094381,1.839173477741073,-0.4413487512114661,-0.8808079818064339,-0.6089598505988263,False,-1
0.20483511487382108,-0.08542458871890696,-0.5964167340050675,-0.4413487512114661,0.6189018392404444,-0.6089598505988263,False,3
-1.2349825227735738,0.24098369252846283,1.568552343102613,-0.4413487512114661,-0.8808079818064339,-0.6089598505988263,False,0
-1.3862826057702162,0.24098369252846283,1.839173477741073,-0.4413487512114661,0.6189018392404444,0.6393225546342859,False,4
0.9204269476337557,1.0243635675221503,-0.5964167340050675,-0.4413487512114661,0.6189018392404444,0.6393225546342859,True,2
1.136687392351782,0.30626534877793676,-0.3257955993666074,-0.4413487512114661,0.6189018392404444,0.6393225546342859,False,0
-0.3471223889930059,0.9590819112726764,-0.5964167340050675,-0.4413487512114661,0.6189018392404444,-0.6089598505988263,True,-1
-0.5426201864519824,0.11042038002951492,-0.5964167340050675,-0.4413487512114661,0.6189018392404444,-0.6089598505988263,True,1
0.8721178178725997,-0.08542458871890696,-1.1376590032819875,-0.4413487512114661,-2.380517802853312,-1.8572422558319384,False,1
0.9656525159207953,-0.08542458871890696,-1.1376590032819875,-0.4413487512114661,-2.380517802853312,-1.8572422558319384,False,-1
-0.06055674266512641,0.24098369252846283,-0.8670378686435275,-0.4413487512114661,0.6189018392404444,0.6393225546342859,False,3
1.0217733347497133,0.6979552862747805,-0.5964167340050675,-0.4413487512114661,0.6189018392404444,0.6393225546342859,True,-1
-0.18780504616366112,0.6326736300253065,-0.3257955993666074,-0.4413487512114661,0.6189018392404444,-0.6089598505988263,True,3
-0.3867975466266362,0.6979552862747805,-0.5964167340050675,-0.4413487512114661,-0.8808079818064339,0.6393225546342859,True,-1
-1.1459703815540818,-1.1952127449599643,-0.5964167340050675,-0.4413487512114661,-0.8808079818064339,-0.6089598505988263,False,2
0.16084297117642782,-1.1952127449599643,2.1097946123795333,-0.4413487512114661,-0.8808079818064339,-0.6089598505988263,False,1
0.16084297117642782,-1.1952127449599643,2.3804157470179934,-0.4413487512114661,0.6189018392404444,-0.6089598505988263,False,0
-0.9864474679597959,-0.41183286996627677,0.48606780454877274,-0.4413487512114661,-0.8808079818064339,-0.6089598505988263,False,-1
-0.11914441067333696,-0.41183286996627677,1.568552343102613,-0.4413487512114661,-0.8808079818064339,-0.6089598505988263,False,-1
-1.0265337671233086,-1.521621026207334,0.2154466699103127,-0.4413487512114661,-2.380517802853312,-1.8572422558319384,False,2
-0.9700018067645088,-1.521621026207334,1.839173477741073,-0.4413487512114661,-0.8808079818064339,-0.6089598505988263,False,1
-1.0127605258722554,-1.7174659949557558,1.0273100738256928,-0.4413487512114661,-0.8808079818064339,-0.6089598505988263,False,0
-1.0452407067329477,-1.7174659949557558,-0.8670378686435275,-0.4413487512114661,-0.8808079818064339,-0.6089598505988263,False,4
-0.1699203896137862,1.2854901925200461,-1.1376590032819875,-0.4413487512114661,-2.380517802853312,3.13588736510051,True,2
-0.7323620024926086,0.24098369252846283,-0.3257955993666074,-0.4413487512114661,0.6189018392404444,0.6393225546342859,False,-1
-0.39707608487369067,-1.1299310887104903,-0.3257955993666074,-0.4413487512114661,0.6189018392404444,-0.6089598505988263,False,-1
-0.07967482380464763,-1.1299310887104903,0.7566889391872328,-0.4413487512114661,0.6189018392404444,-0.6089598505988263,False,2
2.1661857831767612,0.11042038002951492,0.2154466699103127,-0.4413487512114661,0.6189018392404444,0.6393225546342859,False,4
0.3458566596234089,0.3715470050274107,-0.05517446472814736,-0.4413487512114661,0.6189018392404444,0.6393225546342859,False,0
-0.612103105002071,0.24098369252846283,0.2154466699103127,-0.4413487512114661,0.6189018392404444,-0.6089598505988263,False,0
-0.7134494921180283,0.24098369252846283,-0.3257955993666074,-0.4413487512114661,-0.8808079818064339,-0.6089598505988263,False,2
-0.3812471359732268,-1.3257760574589121,0.7566889391872328,-0.4413487512114661,-0.8808079818064339,-0.6089598505988263,False,2
-1.3846380396506874,0.30626534877793676,-0.8670378686435275,-0.4413487512114661,-0.8808079818064339,-0.6089598505988263,False,2
-1.3988224224316226,0.30626534877793676,-0.8670378686435275,-0.4413487512114661,-0.8808079818064339,-0.6089598505988263,False,3
-0.4585417435910768,0.30626534877793676,-0.5964167340050675,-0.4413487512114661,-0.8808079818064339,-0.6089598505988263,False,4
-1.4010837008459747,0.30626534877793676,-0.5964167340050675,-0.4413487512114661,-2.380517802853312,-1.8572422558319384,False,-1
-1.3338620607102383,0.17570203627898887,0.2154466699103127,-0.4413487512114661,-2.380517802853312,-0.6089598505988263,False,0
0.5008570163889906,1.481335161268468,-0.3257955993666074,-0.4413487512114661,0.6189018392404444,-0.6089598505988263,True,-1
1.12496985875014,1.546616817517942,-0.5964167340050675,-0.4413487512114661,0.6189018392404444,0.6393225546342859,True,-1
-0.8822230901346633,1.416053505018994,-0.5964167340050675,-0.4413487512114661,0.6189018392404444,0.6393225546342859,True,1
0.17667192007689167,0.3715470050274107,1.839173477741073,-0.4413487512114661,0.6189018392404444,-0.6089598505988263,False,4
0.8281256741752061,0.045138723780040954,1.839173477741073,-0.4413487512114661,0.6189018392404444,1.887604959867398,False,3
0.1193176766583274,0.8285185987737285,-0.05517446472814736,-0.4413487512114661,0.6189018392404444,0.6393225546342859,True,-1
-0.46429772500942734,0.5021103175263587,1.568552343102613,-0.4413487512114661,-0.8808079818064339,-0.6089598505988263,False,-1
-0.1355900718686241,0.5021103175263587,2.6510368816564536,-0.4413487512114661,0.6189018392404444,-0.6089598505988263,False,-1
0.9315277689405744,0.5021103175263587,1.297931208464153,-0.4413487512114661,0.6189018392404444,0.6393225546342859,False,1
-0.19705573058601022,0.5021103175263587,2.9216580162949137,-0.4413487512114661,0.6189018392404444,0.6393225546342859,False,3
-0.9301210783659374,-1.2604944012094381,1.0273100738256928,-0.4413487512114661,-0.8808079818064339,-0.6089598505988263,False,0
-0.867833136588787,-1.2604944012094381,0.7566889391872328,-0.4413487512114661,-0.8808079818064339,-0.6089598505988263,False,0
-0.34794467205277013,-1.2604944012094381,0.2154466699103127,-0.4413487512114661,-0.8808079818064339,-0.6089598505988263,False,1
-0.867833136588787,-1.2604944012094381,-0.3257955993666074,-0.4413487512114661,-2.380517802853312,-1.8572422558319384,False,2
0.07100854689717136,1.0243635675221503,0.2154466699103127,-0.4413487512114661,0.6189018392404444,4.384169770333622,False,1
-0.03650496316701883,0.8285185987737285,-0.05517446472814736,-0.4413487512114661,0.6189018392404444,0.6393225546342859,False,0
0.16680452335971926,0.8938002550232024,-1.1376590032819875,-0.4413487512114661,-0.8808079818064339,-0.6089598505988263,False,4
-0.16971481884884498,1.0896452237716243,-0.8670378686435275,-0.4413487512114661,0.6189018392404444,-0.6089598505988263,False,0
-0.24865399258622364,0.8285185987737285,-1.1376590032819875,-0.4413487512114661,0.6189018392404444,-0.6089598505988263,False,1
0.7156784657524298,1.1549268800210981,-1.1376590032819875,-0.4413487512114661,0.6189018392404444,0.6393225546342859,False,2
0.018176860307311346,0.5673919737758326,-0.05517446472814736,-0.4413487512114661,0.6189018392404444,0.6393225546342859,True,1
0.3267385784838874,0.5021103175263587,-0.05517446472814736,-0.4413487512114661,0.6189018392404444,0.6393225546342859,False,-1
-0.8785228163657236,-0.3465512137168028,-0.05517446472814736,-0.4413487512114661,0.6189018392404444,-0.6089598505988263,False,4
0.06340242859435093,0.5021103175263587,-0.5964167340050675,-0.4413487512114661,0.6189018392404444,0.6393225546342859,True,-1
0.10225530316821696,0.5021103175263587,-0.5964167340050675,-0.4413487512114661,0.6189018392404444,-0.6089598505988263,True,2
-0.09447591888040609,0.30626534877793676,-0.3257955993666074,-0.4413487512114661,0.6189018392404444,-0.6089598505988263,True,4
0.35860204704975623,-1.7827476512052298,-0.8670378686435275,-0.4413487512114661,0.6189018392404444,-0.6089598505988263,False,4
-0.19705573058601022,-1.7827476512052298,1.297931208464153,-0.4413487512114661,-0.8808079818064339,-0.6089598505988263,False,-1
0.35860204704975623,-1.7827476512052298,1.297931208464153,-0.4413487512114661,0.6189018392404444,-0.6089598505988263,False,2
0.11602854441927003,1.1549268800210981,-0.3257955993666074,-0.4413487512114661,0.6189018392404444,0.6393225546342859,True,0
0.33886725361541176,0.5673919737758326,0.2154466699103127,-0.4413487512114661,0.6189018392404444,0.6393225546342859,False,2
1.1190083065668486,-0.020142932469433005,-0.05517446472814736,-0.4413487512114661,0.6189018392404444,1.887604959867398,False,-1
-0.10804358936651796,1.1549268800210981,-1.1376590032819875,-0.4413487512114661,0.6189018392404444,-0.6089598505988263,True,1
-0.4743706924915406,0.8285185987737285,0.2154466699103127,-0.4413487512114661,0.6189018392404444,0.6393225546342859,False,4
-1.3675756661605771,0.8938002550232024,0.7566889391872328,-0.4413487512114661,0.6189018392404444,0.6393225546342859,False,0
0.6953269600232617,0.8938002550232024,0.7566889391872328,-0.4413487512114661,-2.380517802853312,-0.6089598505988263,False,1
-0.8273356958953924,-1.1952127449599643,-0.5964167340050675,-0.4413487512114661,0.6189018392404444,-0.6089598505988263,False,-1
-1.4140346590372632,-1.1952127449599643,-0.8670378686435275,-0.4413487512114661,-2.380517802853312,-1.8572422558319384,False,-1
-0.36336247942335187,0.8285185987737285,-0.05517446472814736,-0.4413487512114661,0.6189018392404444,0.6393225546342859,True,4
-0.24063673275352113,0.9590819112726764,-0.3257955993666074,-0.4413487512114661,0.6189018392404444,0.6393225546342859,True,2
0.5730123548833134,0.5673919737758326,-0.5964167340050675,-0.4413487512114661,0.6189018392404444,0.6393225546342859,False,1
-0.31340878354266716,0.7632369425242544,-0.3257955993666074,-0.4413487512114661,-0.8808079818064339,-0.6089598505988263,True,1
1.3683656444403909,1.481335161268468,-0.8670378686435275,-0.4413487512114661,0.6189018392404444,0.6393225546342859,True,1
-0.7227001765403774,0.5021103175263587,-0.8670378686435275,-0.4413487512114661,0.6189018392404444,-0.6089598505988263,False,1
-0.027870991039493018,1.2202085362705721,-0.8670378686435275,-0.4413487512114661,0.6189018392404444,0.6393225546342859,True,3
-0.2669497906659807,1.2854901925200461,-0.8670378686435275,-0.4413487512114661,0.6189018392404444,0.6393225546342859,True,1
-0.23816988357422825,1.2202085362705721,-1.1376590032819875,-0.4413487512114661,0.6189018392404444,0.6393225546342859,True,3
0.16824351871430704,0.7632369425242544,-0.05517446472814736,-0.4413487512114661,0.6189018392404444,0.6393225546342859,True,0
-0.37569672531981746,1.2854901925200461,-0.3257955993666074,-0.4413487512114661,-0.8808079818064339,-0.6089598505988263,True,2
-0.4462074976946112,1.0243635675221503,-0.3257955993666074,-0.4413487512114661,0.6189018392404444,-0.6089598505988263,True,4
0.22148634683404944,0.17570203627898887,-0.3257955993666074,-0.4413487512114661,0.6189018392404444,0.6393225546342859,True,4
0.9152876785102284,0.045138723780040954,-0.3257955993666074,-0.4413487512114661,0.6189018392404444,0.6393225546342859,False,0
0.5115466961659275,0.7632369425242544,-0.3257955993666074,-0.4413487512114661,0.6189018392404444,0.6393225546342859,False,-1
0.533542768014624,0.7632369425242544,0.48606780454877274,-0.4413487512114661,0.6189018392404444,0.6393225546342859,False,2
-1.5967870690698922,1.0896452237716243,-1.1376590032819875,-0.4413487512114661,-2.380517802853312,-1.8572422558319384,True,-1
-0.15450258224320443,-0.6076778387146986,-0.8670378686435275,-0.4413487512114661,-0.8808079818064339,-0.6089598505988263,False,3
1.8724251600759438,-1.2604944012094381,0.2154466699103127,-0.4413487512114661,0.6189018392404444,0.6393225546342859,False,-1
1.8590630603547729,-1.2604944012094381,0.7566889391872328,-0.4413487512114661,0.6189018392404444,0.6393225546342859,False,3
0.04346206439506522,0.7632369425242544,-0.3257955993666074,-0.4413487512114661,0.6189018392404444,-0.6089598505988263,True,2
0.7746772752905228,0.5021103175263587,2.1097946123795333,-0.4413487512114661,-2.380517802853312,-1.8572422558319384,False,4
1.718041515605185,0.6979552862747805,0.2154466699103127,-0.4413487512114661,0.6189018392404444,0.6393225546342859,False,2
-1.0694980569959962,-1.1952127449599643,1.0273100738256928,-0.4413487512114661,-0.8808079818064339,-0.6089598505988263,False,-1
0.44699747597442524,0.7632369425242544,0.48606780454877274,-0.4413487512114661,0.6189018392404444,0.6393225546342859,False,1
0.08930434497692838,1.2854901925200461,-0.5964167340050675,-0.4413487512114661,-2.380517802853312,-1.8572422558319384,True,3
-1.5955536444802456,0.5021103175263587,-0.3257955993666074,-0.4413487512114661,0.6189018392404444,0.6393225546342859,False,4
0.4391857869066636,0.5021103175263587,-0.05517446472814736,-0.4413487512114661,0.6189018392404444,0.6393225546342859,True,-1
-0.5833231979103183,1.0243635675221503,-0.8670378686435275,-0.4413487512114661,0.6189018392404444,0.6393225546342859,True,-1
0.8096243053305078,1.0243635675221503,-0.5964167340050675,-0.4413487512114661,0.6189018392404444,0.6393225546342859,True,1
-0.41228832147933153,1.0896452237716243,-1.1376590032819875,-0.4413487512114661,0.6189018392404444,-0.6089598505988263,True,3
-0.29429070240314564,1.0243635675221503,-1.1376590032819875,-0.4413487512114661,0.6189018392404444,-0.6089598505988263,True,4
-0.146896463940384,0.9590819112726764,-0.3257955993666074,-0.4413487512114661,0.6189018392404444,0.6393225546342859,True,3
2.5294293248276674,0.30626534877793676,-0.05517446472814736,-0.4413487512114661,0.6189018392404444,0.6393225546342859,False,1
0.3715530052410451,-2.043874276203126,-0.8670378686435275,-0.4413487512114661,-0.8808079818064339,-0.6089598505988263,False,4
-0.21843509013988344,-2.043874276203126,0.2154466699103127,-0.4413487512114661,-0.8808079818064339,-0.6089598505988263,False,2
-0.6038802744044273,-2.043874276203126,0.48606780454877274,-0.4413487512114661,-0.8808079818064339,-0.6089598505988263,False,4
-0.013686608258557848,-2.043874276203126,-0.5964167340050675,-0.4413487512114661,-0.8808079818064339,-0.6089598505988263,False,0
-0.14381290246626782,-2.043874276203126,0.2154466699103127,-0.4413487512114661,-0.8808079818064339,-0.6089598505988263,False,0
-0.29202942398879367,1.2854901925200461,-0.3257955993666074,-0.4413487512114661,0.6189018392404444,-0.6089598505988263,True,3
-1.3932720117782134,-0.020142932469433005,-0.8670378686435275,-0.4413487512114661,0.6189018392404444,0.6393225546342859,False,-1
0.19620114274629527,0.7632369425242544,-0.3257955993666074,-0.4413487512114661,0.6189018392404444,0.6393225546342859,True,-1
0.4636487079346533,0.6979552862747805,-0.3257955993666074,-0.4413487512114661,0.6189018392404444,0.6393225546342859,True,4
0.2566389476389757,1.2854901925200461,-0.3257955993666074,-0.4413487512114661,0.6189018392404444,4.384169770333622,True,-1
1.564685724959132,0.6979552862747805,0.48606780454877274,-0.4413487512114661,0.6189018392404444,0.6393225546342859,False,3
-1.2407385041919243,1.0896452237716243,-0.8670378686435275,-0.4413487512114661,-0.8808079818064339,-0.6089598505988263,True,2
-0.16354769590061236,1.1549268800210981,-0.3257955993666074,-0.4413487512114661,0.6189018392404444,-0.6089598505988263,True,3
-0.07741354539029566,1.0896452237716243,-0.5964167340050675,-0.4413487512114661,0.6189018392404444,0.6393225546342859,True,3
0.7800221151789909,0.5673919737758326,-0.3257955993666074,-0.4413487512114661,0.6189018392404444,0.6393225546342859,False,2
0.3372226874958831,0.7632369425242544,-0.3257955993666074,-0.4413487512114661,0.6189018392404444,0.6393225546342859,True,1
-0.27990074885726923,1.0896452237716243,-0.3257955993666074,-0.4413487512114661,0.6189018392404444,0.6393225546342859,True,2
0.0866319250326943,1.0896452237716243,-0.3257955993666074,-0.4413487512114661,0.6189018392404444,-0.6089598505988263,True,-1
1.0071778104388958,-0.020142932469433005,0.48606780454877274,-0.4413487512114661,0.6189018392404444,0.6393225546342859,False,3
1.3654876537312157,-1.652184338706282,-0.5964167340050675,-0.4413487512114661,0.6189018392404444,0.6393225546342859,False,1
-0.0042303530712675405,1.2202085362705721,-0.5964167340050675,-0.4413487512114661,0.6189018392404444,-0.6089598505988263,True,-1
0.6451676933776358,0.5673919737758326,0.48606780454877274,-0.4413487512114661,0.6189018392404444,0.6393225546342859,False,1
1.4022848206556708,0.5673919737758326,-0.8670378686435275,-0.4413487512114661,0.6189018392404444,0.6393225546342859,False,-1
0.06093557941505805,1.0896452237716243,-0.3257955993666074,-0.4413487512114661,2.1186116602873226,1.887604959867398,True,0
-0.1783487909763708,1.0896452237716243,-0.5964167340050675,-0.4413487512114661,0.6189018392404444,0.6393225546342859,True,3
-0.18759947539871993,1.0243635675221503,-1.1376590032819875,-0.4413487512114661,0.6189018392404444,-0.6089598505988263,True,0
0.058674301000706065,0.30626534877793676,1.839173477741073,-0.4413487512114661,-0.8808079818064339,-0.6089598505988263,False,-1
0.8145580036890941,0.5673919737758326,0.2154466699103127,-0.4413487512114661,0.6189018392404444,0.6393225546342859,False,2
-1.1408311124305546,0.5673919737758326,0.2154466699103127,-0.4413487512114661,-0.8808079818064339,-0.6089598505988263,False,0
0.13884689932773103,0.3715470050274107,1.839173477741073,-0.4413487512114661,-2.380517802853312,-1.8572422558319384,False,-1
-0.6310156153766514,0.6326736300253065,1.297931208464153,-0.4413487512114661,0.6189018392404444,0.6393225546342859,False,1
0.04921804581341576,0.8938002550232024,-0.3257955993666074,-0.4413487512114661,0.6189018392404444,0.6393225546342859,True,1
-0.19376659834695256,0.3715470050274107,0.48606780454877274,-0.4413487512114661,0.6189018392404444,0.6393225546342859,False,0
0.6036423988595356,0.6979552862747805,-0.3257955993666074,-0.4413487512114661,0.6189018392404444,0.6393225546342859,False,-1
-0.6867252926756866,0.6979552862747805,0.48606780454877274,-0.4413487512114661,-0.8808079818064339,-0.6089598505988263,False,1
2.2967232189143534,0.4368286612768847,2.6510368816564536,-0.4413487512114661,0.6189018392404444,0.6393225546342859,False,-1
0.8527941659681366,1.0243635675221503,-0.5964167340050675,-0.4413487512114661,0.6189018392404444,0.6393225546342859,True,1
0.8527941659681366,1.0243635675221503,-0.8670378686435275,-0.4413487512114661,0.6189018392404444,0.6393225546342859,True,0
-1.1352807017771451,0.9590819112726764,0.7566889391872328,-0.4413487512114661,-0.8808079818064339,-0.6089598505988263,False,2
-0.8361752387878592,0.9590819112726764,1.839173477741073,-0.4413487512114661,-0.8808079818064339,-0.6089598505988263,False,-1
0.10677785999692092,0.9590819112726764,-0.05517446472814736,-0.4413487512114661,0.6189018392404444,-0.6089598505988263,False,1
0.5027071532734605,0.6979552862747805,-0.5964167340050675,-0.4413487512114661,0.6189018392404444,0.6393225546342859,True,4
-1.1879068176020642,0.9590819112726764,-1.1376590032819875,-0.4413487512114661,-0.8808079818064339,-0.6089598505988263,False,4
2.5469028398476605,0.5673919737758326,0.2154466699103127,-0.4413487512114661,0.6189018392404444,0.6393225546342859,False,-1
-0.9484168764456943,0.4368286612768847,1.568552343102613,-0.4413487512114661,-0.8808079818064339,-0.6089598505988263,False,1
-0.41722201983791757,0.4368286612768847,2.1097946123795333,-0.4413487512114661,0.6189018392404444,0.6393225546342859,False,4
-0.9484168764456943,0.4368286612768847,1.839173477741073,-0.4413487512114661,-0.8808079818064339,-0.6089598505988263,False,3
2.7703582613386244,0.4368286612768847,2.9216580162949137,-0.4413487512114661,2.1186116602873226,1.887604959867398,False,1
0.2697954765952055,0.4368286612768847,1.0273100738256928,-0.4413487512114661,0.6189018392404444,0.6393225546342859,False,0
2.2665043164680134,0.4368286612768847,2.9216580162949137,-0.4413487512114661,0.6189018392404444,1.887604959867398,False,0
-1.210108460215702,0.4368286612768847,2.3804157470179934,-0.4413487512114661,-0.8808079818064339,-0.6089598505988263,False,-1
-1.2323101028293397,0.045138723780040954,2.1097946123795333,-0.4413487512114661,-0.8808079818064339,-0.6089598505988263,False,1
-1.4010837008459747,0.045138723780040954,3.4629002855718336,-0.4413487512114661,-0.8808079818064339,-0.6089598505988263,False,-1
-0.6262874877830062,1.0896452237716243,-0.3257955993666074,-0.4413487512114661,0.6189018392404444,-0.6089598505988263,True,2
0.7407580990752428,0.5673919737758326,-0.5964167340050675,-0.4413487512114661,0.6189018392404444,0.6393225546342859,False,2
0.182222330730301,1.0896452237716243,-0.8670378686435275,-0.4413487512114661,0.6189018392404444,-0.6089598505988263,True,-1
-1.269518411283677,0.6979552862747805,0.48606780454877274,-0.4413487512114661,-0.8808079818064339,-0.6089598505988263,False,-1
-1.3778542044076316,0.6979552862747805,0.2154466699103127,-0.4413487512114661,-0.8808079818064339,-0.6089598505988263,False,2
1.2448176147107959,1.481335161268468,-0.5964167340050675,-0.4413487512114661,0.6189018392404444,0.6393225546342859,True,0
-0.6647292208269902,1.2854901925200461,-0.3257955993666074,-0.4413487512114661,-0.8808079818064339,-0.6089598505988263,True,0
0.4093780259902055,0.9590819112726764,-0.5964167340050675,-0.4413487512114661,0.6189018392404444,0.6393225546342859,True,2
0.5323093434249774,0.6326736300253065,-0.8670378686435275,-0.4413487512114661,0.6189018392404444,0.6393225546342859,False,0
0.18140004767053683,1.481335161268468,-0.5964167340050675,-0.4413487512114661,0.6189018392404444,0.6393225546342859,True,0
0.18571703373429957,1.1549268800210981,-0.8670378686435275,-0.4413487512114661,0.6189018392404444,0.6393225546342859,True,3
0.9790146156419662,1.0896452237716243,-0.5964167340050675,-0.4413487512114661,0.6189018392404444,0.6393225546342859,True,3
1.1541609073717751,1.0896452237716243,-0.5964167340050675,-0.4413487512114661,0.6189018392404444,0.6393225546342859,True,4
0.05826315947082368,1.416053505018994,-0.3257955993666074,-0.4413487512114661,0.6189018392404444,0.6393225546342859,True,-1
0.3884098079662144,0.3715470050274107,-0.3257955993666074,-0.4413487512114661,0.6189018392404444,0.6393225546342859,False,-1
1.2127485753799858,0.17570203627898887,0.48606780454877274,-0.4413487512114661,0.6189018392404444,0.6393225546342859,False,2
1.2809980693404275,0.30626534877793676,-0.05517446472814736,-0.4413487512114661,-0.8808079818064339,0.6393225546342859,False,1
1.1967140557145808,0.30626534877793676,-0.05517446472814736,-0.4413487512114661,0.6189018392404444,0.6393225546342859,False,-1
0.9362558965342193,-1.8480293074547038,2.1097946123795333,-0.4413487512114661,0.6189018392404444,0.6393225546342859,False,0
-1.292131195427197,1.416053505018994,-0.05517446472814736,-0.4413487512114661,0.6189018392404444,0.6393225546342859,True,3
0.777144124469816,-0.08542458871890696,1.297931208464153,-0.4413487512114661,0.6189018392404444,0.6393225546342859,False,1
-0.8955851898558341,0.17570203627898887,1.0273100738256928,-0.4413487512114661,0.6189018392404444,0.6393225546342859,False,-1
0.09382690180563234,0.17570203627898887,0.7566889391872328,-0.4413487512114661,0.6189018392404444,0.6393225546342859,False,0
1.1111966174990873,-0.08542458871890696,-0.3257955993666074,-0.4413487512114661,0.6189018392404444,0.6393225546342859,False,2
-1.0602473725736474,0.6979552862747805,1.568552343102613,-0.4413487512114661,-0.8808079818064339,-0.6089598505988263,False,2
-0.7773820000147073,0.6979552862747805,1.839173477741073,-0.4413487512114661,0.6189018392404444,0.6393225546342859,False,-1
-1.0602473725736474,0.6979552862747805,1.297931208464153,-0.4413487512114661,0.6189018392404444,-0.6089598505988263,False,-1
-0.7773820000147073,0.6979552862747805,1.0273100738256928,-0.4413487512114661,-0.8808079818064339,-0.6089598505988263,False,-1
1.1508717751327173,0.045138723780040954,2.3804157470179934,-0.4413487512114661,0.6189018392404444,0.6393225546342859,False,0
-0.6118975342371299,0.6326736300253065,-0.3257955993666074,-0.4413487512114661,-0.8808079818064339,-0.6089598505988263,True,3
-0.810890034700105,1.0243635675221503,-1.1376590032819875,-0.4413487512114661,-0.8808079818064339,-0.6089598505988263,True,2
0.03873393680142036,0.5673919737758326,-0.5964167340050675,-0.4413487512114661,0.6189018392404444,-0.6089598505988263,True,1
-0.2731169136142133,1.1549268800210981,-0.5964167340050675,-0.4413487512114661,0.6189018392404444,-0.6089598505988263,True,1
0.05230160728753223,1.1549268800210981,-0.5964167340050675,-0.4413487512114661,0.6189018392404444,-0.6089598505988263,True,-1
-0.6815860235521594,1.1549268800210981,-0.8670378686435275,-0.4413487512114661,-0.8808079818064339,-0.6089598505988263,True,-1
-0.167453540434493,-1.3910577137083862,0.2154466699103127,-0.4413487512114661,-2.380517802853312,-1.8572422558319384,False,-1
0.22950360666675168,-1.3910577137083862,1.839173477741073,-0.4413487512114661,-0.8808079818064339,-0.6089598505988263,False,0
-0.3719964515508777,-1.3910577137083862,1.839173477741073,-0.4413487512114661,0.6189018392404444,-0.6089598505988263,False,3
0.04592891357435839,0.5021103175263587,0.2154466699103127,-0.4413487512114661,0.6189018392404444,-0.6089598505988263,False,2
-0.3288265909132489,0.5021103175263587,-0.5964167340050675,-0.4413487512114661,-0.8808079818064339,-0.6089598505988263,False,2
-0.3288265909132489,0.5021103175263587,-0.05517446472814736,-0.4413487512114661,-0.8808079818064339,-0.6089598505988263,False,-1
-0.7666923202377707,0.5021103175263587,1.839173477741073,-0.4413487512114661,-0.8808079818064339,-0.6089598505988263,False,2
1.1111966174990873,-0.08542458871890696,-0.8670378686435275,-0.4413487512114661,0.6189018392404444,0.6393225546342859,False,3
-0.22460221308811606,0.17570203627898887,1.839173477741073,-0.4413487512114661,-0.8808079818064339,-0.6089598505988263,False,-1
-0.7773820000147073,0.6979552862747805,-0.3257955993666074,-0.4413487512114661,0.6189018392404444,-0.6089598505988263,False,3
-1.0602473725736474,0.6979552862747805,1.297931208464153,-0.4413487512114661,-0.8808079818064339,-0.6089598505988263,False,-1
1.1646450163837705,-0.08542458871890696,1.297931208464153,-0.4413487512114661,0.6189018392404444,0.6393225546342859,False,0
-0.8857177931386618,0.4368286612768847,-0.05517446472814736,-0.4413487512114661,0.6189018392404444,1.887604959867398,True,3
0.26280607058720834,0.4368286612768847,-0.3257955993666074,-0.4413487512114661,0.6189018392404444,-0.6089598505988263,True,-1
-0.39070339116051683,0.5673919737758326,-0.5964167340050675,-0.4413487512114661,0.6189018392404444,-0.6089598505988263,False,-1
-0.8777005333059593,0.6326736300253065,-0.05517446472814736,-0.4413487512114661,-0.8808079818064339,-0.6089598505988263,False,-1
0.6737420297044476,0.5673919737758326,-0.05517446472814736,-0.4413487512114661,0.6189018392404444,0.6393225546342859,False,4
0.22765346978228207,0.4368286612768847,-0.5964167340050675,-0.4413487512114661,-2.380517802853312,3.13588736510051,True,-1
-0.3097085097737274,-1.652184338706282,-0.3257955993666074,-0.4413487512114661,0.6189018392404444,0.6393225546342859,False,4
-0.6373883090898249,-1.652184338706282,-0.3257955993666074,-0.4413487512114661,0.6189018392404444,-0.6089598505988263,False,2
-0.1148274246095742,1.2854901925200461,-0.5964167340050675,-0.4413487512114661,-0.8808079818064339,-0.6089598505988263,True,-1
-0.3068305190645521,0.9590819112726764,-0.3257955993666074,-0.4413487512114661,-0.8808079818064339,-0.6089598505988263,True,3
-0.5845566224999649,0.8285185987737285,-0.8670378686435275,-0.4413487512114661,0.6189018392404444,-0.6089598505988263,True,-1
-0.3966649433438086,0.7632369425242544,-0.5964167340050675,-0.4413487512114661,-0.8808079818064339,-0.6089598505988263,True,4
-0.7013208169865041,0.30626534877793676,-0.8670378686435275,-0.4413487512114661,-0.8808079818064339,-0.6089598505988263,True,1
3.1496363226549366,-0.020142932469433005,0.2154466699103127,-0.4413487512114661,3.618321481334201,5.632452175566734,False,-1
-1.3544191372043473,1.1549268800210981,-0.8670378686435275,-0.4413487512114661,-0.8808079818064339,-0.6089598505988263,True,-1
-0.4895829290971812,-1.9785926199536517,-0.3257955993666074,-0.4413487512114661,-0.8808079818064339,-0.6089598505988263,False,3
0.8971974511954126,1.2202085362705721,-0.8670378686435275,-0.4413487512114661,-2.380517802853312,-1.8572422558319384,True,-1
-0.7580583481102449,0.6979552862747805,0.7566889391872328,-0.4413487512114661,-0.8808079818064339,-1.8572422558319384,False,3
-0.9042191619833599,-1.7174659949557558,1.0273100738256928,-0.4413487512114661,-0.8808079818064339,-0.6089598505988263,False,2
-0.9543784286289859,-1.7174659949557558,4.274763689487214,-0.4413487512114661,-0.8808079818064339,-0.6089598505988263,False,0
-0.6079916897032491,-1.7174659949557558,5.086627093402594,-0.4413487512114661,-0.8808079818064339,-0.6089598505988263,False,3
0.03873393680142036,-1.7174659949557558,1.297931208464153,-0.4413487512114661,0.6189018392404444,-0.6089598505988263,False,2
1.790196854099508,-1.7174659949557558,5.357248228041054,-0.4413487512114661,0.6189018392404444,-0.6089598505988263,False,1
-0.5578324230576233,-1.7174659949557558,-0.05517446472814736,-0.4413487512114661,-0.8808079818064339,-0.6089598505988263,False,2
-1.0888217089004588,-1.7174659949557558,0.2154466699103127,-0.4413487512114661,-0.8808079818064339,-0.6089598505988263,False,0
-0.8088343270506941,-1.7174659949557558,1.568552343102613,-0.4413487512114661,-0.8808079818064339,-0.6089598505988263,False,2
-0.5138402793602299,-1.7174659949557558,3.1922791509333734,-0.4413487512114661,-0.8808079818064339,-0.6089598505988263,False,-1
-0.13086194427497896,-1.7174659949557558,1.839173477741073,-0.4413487512114661,-0.8808079818064339,-0.6089598505988263,False,1
-0.936493772079111,-1.7174659949557558,1.297931208464153,-0.4413487512114661,-2.380517802853312,-0.6089598505988263,False,3
-0.9543784286289859,-1.7174659949557558,-0.3257955993666074,-0.4413487512114661,-0.8808079818064339,-0.6089598505988263,False,-1
-0.48732165068282923,1.2202085362705721,-0.3257955993666074,-0.4413487512114661,0.6189018392404444,-0.6089598505988263,True,0
1.0386301374748825,-1.1299310887104903,1.297931208464153,-0.4413487512114661,0.6189018392404444,0.6393225546342859,False,-1
-1.4958518234838172,0.6979552862747805,0.7566889391872328,-0.4413487512114661,-2.380517802853312,-1.8572422558319384,False,1
-0.9560229947485147,-0.3465512137168028,1.297931208464153,-0.4413487512114661,-0.8808079818064339,-0.6089598505988263,False,1
-0.9817193403661509,0.30626534877793676,1.0273100738256928,-0.4413487512114661,-2.380517802853312,-1.8572422558319384,False,3
-0.7130383505881462,1.0896452237716243,-0.3257955993666074,-0.4413487512114661,0.6189018392404444,-0.6089598505988263,True,3
-0.6552729656396998,1.2202085362705721,-0.5964167340050675,-0.4413487512114661,-0.8808079818064339,-0.6089598505988263,True,-1
0.06977512230752476,0.8285185987737285,-0.5964167340050675,-0.4413487512114661,-0.8808079818064339,-0.6089598505988263,True,1
-0.943277607322167,0.7632369425242544,-0.05517446472814736,-0.4413487512114661,2.1186116602873226,0.6393225546342859,True,2
-0.724139171894965,-1.1299310887104903,1.839173477741073,-0.4413487512114661,-0.8808079818064339,-0.6089598505988263,False,1
-0.9461555980313423,-1.1299310887104903,-0.3257955993666074,-0.4413487512114661,-0.8808079818064339,-0.6089598505988263,False,0
-0.11297728772510432,0.9590819112726764,-0.3257955993666074,-0.4413487512114661,0.6189018392404444,0.6393225546342859,True,3
0.9146709662154051,-1.652184338706282,1.568552343102613,-0.4413487512114661,-0.8808079818064339,-0.6089598505988263,False,-1
-1.1837954023032424,-1.1299310887104903,0.48606780454877274,-0.4413487512114661,-0.8808079818064339,-0.6089598505988263,False,2
-1.1837954023032424,-1.1299310887104903,-0.3257955993666074,-0.4413487512114661,-0.8808079818064339,-0.6089598505988263,False,3
-0.6408830120938235,-1.1299310887104903,-0.05517446472814736,-0.4413487512114661,-2.380517802853312,-0.6089598505988263,False,1
-1.0014541338004956,-1.1299310887104903,-0.3257955993666074,-0.4413487512114661,-0.8808079818064339,-0.6089598505988263,False,0
-1.4173237912763208,0.6326736300253065,0.2154466699103127,-0.4413487512114661,-0.8808079818064339,-0.6089598505988263,False,4
-1.4232853434596122,0.6326736300253065,-0.3257955993666074,-0.4413487512114661,-0.8808079818064339,-0.6089598505988263,False,0
-0.9876808925494425,0.5021103175263587,0.7566889391872328,-0.4413487512114661,-0.8808079818064339,-0.6089598505988263,False,2
-0.7564137819907162,0.17570203627898887,0.48606780454877274,-0.4413487512114661,-0.8808079818064339,-0.6089598505988263,False,2
-0.9358770597842877,0.17570203627898887,0.48606780454877274,-0.4413487512114661,-0.8808079818064339,-0.6089598505988263,False,4
-0.048633638298542926,-1.9785926199536517,-0.8670378686435275,-0.4413487512114661,-0.8808079818064339,-0.6089598505988263,False,4
-0.41989443978215163,0.6326736300253065,-0.05517446472814736,-0.4413487512114661,-0.8808079818064339,-0.6089598505988263,True,4
-0.2550266862993975,-0.7382411512136465,-1.1376590032819875,-0.4413487512114661,-0.8808079818064339,-0.6089598505988263,False,-1
-0.029309986394080507,-0.7382411512136465,-0.5964167340050675,-0.4413487512114661,-0.8808079818064339,-0.6089598505988263,False,4
-0.029309986394080507,-0.7382411512136465,-0.8670378686435275,-0.4413487512114661,-0.8808079818064339,-0.6089598505988263,False,-1
-0.32183718490525176,-0.7382411512136465,-0.05517446472814736,-0.4413487512114661,-0.8808079818064339,-0.6089598505988263,False,2
-0.029309986394080507,-0.7382411512136465,-0.3257955993666074,-0.4413487512114661,-0.8808079818064339,-0.6089598505988263,False,0
-0.8628994382302009,0.8285185987737285,-0.05517446472814736,-0.4413487512114661,0.6189018392404444,-0.6089598505988263,True,1
1.3784386119225043,-1.9133109637041779,-0.05517446472814736,-0.4413487512114661,0.6189018392404444,0.6393225546342859,False,1
-0.901957883569008,-1.9133109637041779,2.3804157470179934,-0.4413487512114661,-0.8808079818064339,-0.6089598505988263,False,4
0.9603076760323271,-1.7174659949557558,-0.5964167340050675,-0.4413487512114661,0.6189018392404444,-0.6089598505988263,False,-1
-0.9700018067645088,0.4368286612768847,-0.3257955993666074,-0.4413487512114661,-0.8808079818064339,-0.6089598505988263,True,3
-0.9017523128040669,2.0688700675137337,-0.8670378686435275,-0.4413487512114661,0.6189018392404444,-0.6089598505988263,True,3
0.7313018438879525,-0.3465512137168028,0.7566889391872328,-0.4413487512114661,0.6189018392404444,0.6393225546342859,False,3
-0.3952259479892208,0.8285185987737285,-0.8670378686435275,-0.4413487512114661,0.6189018392404444,-0.6089598505988263,True,0
-0.6780913205481608,1.0896452237716243,-0.3257955993666074,-0.4413487512114661,0.6189018392404444,-0.6089598505988263,True,-1
-1.4792005915235888,1.0896452237716243,-0.8670378686435275,-0.4413487512114661,-0.8808079818064339,-0.6089598505988263,True,-1
-0.30271910376573025,0.9590819112726764,-1.1376590032819875,-0.4413487512114661,0.6189018392404444,-0.6089598505988263,True,1
-0.639444016739236,1.416053505018994,-1.1376590032819875,-0.4413487512114661,-0.8808079818064339,-0.6089598505988263,True,3
-0.5362474927388089,1.3507718487695202,-0.5964167340050675,-0.4413487512114661,0.6189018392404444,-0.6089598505988263,True,2
-1.3211166732838906,1.0243635675221503,0.2154466699103127,-0.4413487512114661,-0.8808079818064339,-0.6089598505988263,False,-1
0.5288146404209788,-0.6076778387146986,1.297931208464153,-0.4413487512114661,-0.8808079818064339,0.6393225546342859,False,1
1.309983547197121,-0.4771145262157507,2.1097946123795333,-0.4413487512114661,-0.8808079818064339,-0.6089598505988263,False,2
0.2260089036627534,-1.3910577137083862,0.48606780454877274,-0.4413487512114661,0.6189018392404444,-0.6089598505988263,False,2
0.08025923131952047,-1.3910577137083862,-0.05517446472814736,-0.4413487512114661,0.6189018392404444,-0.6089598505988263,False,4
-1.105061799330805,-1.45633936995786,0.2154466699103127,-0.4413487512114661,-0.8808079818064339,-0.6089598505988263,False,0
-0.46162530506519295,-1.45633936995786,2.1097946123795333,-0.4413487512114661,-0.8808079818064339,-0.6089598505988263,False,2
-0.8692721319433747,0.6326736300253065,1.0273100738256928,-0.4413487512114661,-0.8808079818064339,-0.6089598505988263,False,3
-1.628033825340938,0.8285185987737285,0.48606780454877274,-0.4413487512114661,-2.380517802853312,-0.6089598505988263,False,2
-1.6148772963847082,0.8285185987737285,1.0273100738256928,-0.4413487512114661,-2.380517802853312,-0.6089598505988263,False,-1
1.5657135787838372,-1.7174659949557558,-0.05517446472814736,-0.4413487512114661,0.6189018392404444,0.6393225546342859,False,2
-0.3177257696064299,1.3507718487695202,-0.8670378686435275,-0.4413487512114661,-0.8808079818064339,-0.6089598505988263,True,3
-1.5379938302967406,0.8938002550232024,-0.3257955993666074,-0.4413487512114661,-0.8808079818064339,0.6393225546342859,True,2
0.01694343571766476,0.4368286612768847,-0.5964167340050675,-0.4413487512114661,0.6189018392404444,0.6393225546342859,True,0
0.0342113799727161,0.6326736300253065,-0.05517446472814736,-0.4413487512114661,0.6189018392404444,-0.6089598505988263,False,-1
-0.5167182700694052,0.4368286612768847,-0.05517446472814736,-0.4413487512114661,-0.8808079818064339,0.6393225546342859,False,3
0.26239492905732625,-1.9785926199536517,4.8160059587641335,-0.4413487512114661,0.6189018392404444,-0.6089598505988263,False,3
-0.1477187470001485,-1.9785926199536517,4.8160059587641335,-0.4413487512114661,0.6189018392404444,-0.6089598505988263,False,1
-0.1477187470001485,-1.9785926199536517,4.545384824125674,-0.4413487512114661,0.6189018392404444,-0.6089598505988263,False,-1
0.26239492905732625,-1.9785926199536517,5.086627093402594,-0.4413487512114661,0.6189018392404444,-0.6089598505988263,False,0
0.26239492905732625,-1.9785926199536517,1.0273100738256928,-0.4413487512114661,-0.8808079818064339,-0.6089598505988263,False,4
-0.1477187470001485,-1.9785926199536517,4.8160059587641335,-0.4413487512114661,0.6189018392404444,-0.6089598505988263,False,4
0.26239492905732625,-1.9785926199536517,1.568552343102613,-0.4413487512114661,-0.8808079818064339,0.6393225546342859,False,2
0.26239492905732625,-1.9785926199536517,2.6510368816564536,-0.4413487512114661,-0.8808079818064339,0.6393225546342859,False,4
-0.2309749068012899,0.6979552862747805,-0.05517446472814736,-0.4413487512114661,0.6189018392404444,-0.6089598505988263,True,4
-0.16313655437073024,-1.9785926199536517,5.086627093402594,-0.4413487512114661,0.6189018392404444,-0.6089598505988263,False,0
-0.0831695268086462,-1.9785926199536517,0.48606780454877274,-0.4413487512114661,0.6189018392404444,-0.6089598505988263,False,3
-0.5161015577745819,0.4368286612768847,-0.5964167340050675,-0.4413487512114661,0.6189018392404444,0.6393225546342859,True,1
-0.05418404895195257,1.1549268800210981,-0.3257955993666074,-0.4413487512114661,0.6189018392404444,-0.6089598505988263,True,-1
1.341230303468167,0.17570203627898887,-0.5964167340050675,-0.4413487512114661,0.6189018392404444,0.6393225546342859,True,2
-0.3185480526661944,-0.15070624496838092,-0.5964167340050675,-0.4413487512114661,-0.8808079818064339,-0.6089598505988263,False,0
-1.0879994258406944,1.3507718487695202,-0.5964167340050675,-0.4413487512114661,-0.8808079818064339,-0.6089598505988263,True,2
-1.3266670839373003,0.5021103175263587,0.7566889391872328,-0.4413487512114661,-0.8808079818064339,-0.6089598505988263,False,3
0.163926532650544,1.0896452237716243,-0.5964167340050675,-0.4413487512114661,-0.8808079818064339,-0.6089598505988263,True,-1
-1.2516337547338021,0.9590819112726764,-0.5964167340050675,-0.4413487512114661,-0.8808079818064339,-0.6089598505988263,True,2
-0.4040654908816878,1.1549268800210981,-0.8670378686435275,-0.4413487512114661,-2.380517802853312,-1.8572422558319384,True,2
-1.064358787872469,0.9590819112726764,-0.8670378686435275,-0.4413487512114661,0.6189018392404444,-0.6089598505988263,True,-1
-1.2516337547338021,0.9590819112726764,-0.3257955993666074,-0.4413487512114661,-0.8808079818064339,-0.6089598505988263,True,-1
-1.3665478123358716,0.9590819112726764,-0.5964167340050675,-0.4413487512114661,-0.8808079818064339,-0.6089598505988263,True,4
0.275551458013556,0.3715470050274107,0.2154466699103127,-0.4413487512114661,0.6189018392404444,-0.6089598505988263,False,-1
0.49674560109016874,0.3715470050274107,0.2154466699103127,-0.4413487512114661,0.6189018392404444,0.6393225546342859,False,1
-0.7662811787078885,0.5021103175263587,1.297931208464153,-0.4413487512114661,-0.8808079818064339,-0.6089598505988263,False,-1
-1.04380171137836,0.5021103175263587,1.568552343102613,-0.4413487512114661,-0.8808079818064339,-0.6089598505988263,False,2
-0.6433498612731167,1.2202085362705721,-0.3257955993666074,-0.4413487512114661,-0.8808079818064339,-0.6089598505988263,True,3
0.15775940970231134,-1.652184338706282,4.274763689487214,-0.4413487512114661,0.6189018392404444,0.6393225546342859,False,4
0.6626412083976283,-2.1091559324525995,0.7566889391872328,-0.4413487512114661,0.6189018392404444,-0.6089598505988263,False,3
-0.45998073894566427,0.6326736300253065,-0.05517446472814736,-0.4413487512114661,0.6189018392404444,0.6393225546342859,True,2
-1.2592398730366225,0.9590819112726764,-1.1376590032819875,-0.4413487512114661,-0.8808079818064339,-0.6089598505988263,True,-1
-1.3612029724474033,0.9590819112726764,-0.3257955993666074,-0.4413487512114661,-0.8808079818064339,-0.6089598505988263,True,-1
-0.6881642880302741,0.5673919737758326,-0.05517446472814736,-0.4413487512114661,2.1186116602873226,0.6393225546342859,True,-1
-0.02725427874466972,0.7632369425242544,-0.3257955993666074,-0.4413487512114661,0.6189018392404444,0.6393225546342859,True,4
-0.2971686931123209,1.2202085362705721,-0.5964167340050675,-0.4413487512114661,0.6189018392404444,-0.6089598505988263,True,1
-1.4666607748621823,1.7424617862663638,-0.8670378686435275,-0.4413487512114661,3.618321481334201,3.13588736510051,True,4
-0.8756448256565483,1.481335161268468,-1.1376590032819875,-0.4413487512114661,0.6189018392404444,-0.6089598505988263,True,1
0.946123293251392,-1.1299310887104903,0.2154466699103127,-0.4413487512114661,0.6189018392404444,0.6393225546342859,False,0
-0.6182702279503037,0.17570203627898887,-0.5964167340050675,-0.4413487512114661,0.6189018392404444,0.6393225546342859,True,1
-0.6299877615519457,-0.020142932469433005,1.297931208464153,-0.4413487512114661,0.6189018392404444,-0.6089598505988263,False,4
1.478962715978697,-1.1299310887104903,1.839173477741073,-0.4413487512114661,0.6189018392404444,0.6393225546342859,False,0
-0.2663330783711574,0.9590819112726764,-1.1376590032819875,-0.4413487512114661,-0.8808079818064339,-0.6089598505988263,True,-1
0.5279923573612146,0.4368286612768847,-0.5964167340050675,-0.4413487512114661,0.6189018392404444,0.6393225546342859,False,-1
-0.4912274952167099,1.3507718487695202,-0.5964167340050675,-0.4413487512114661,0.6189018392404444,-0.6089598505988263,True,2
-1.2894587754829627,1.2854901925200461,-0.3257955993666074,-0.4413487512114661,-0.8808079818064339,-0.6089598505988263,True,0
-0.920253681648765,0.8938002550232024,-0.3257955993666074,-0.4413487512114661,2.1186116602873226,1.887604959867398,True,-1
-0.42626713349532547,1.2854901925200461,-1.1376590032819875,-0.4413487512114661,-0.8808079818064339,-0.6089598505988263,True,-1
-0.8885957838478371,0.8938002550232024,-0.05517446472814736,-0.4413487512114661,0.6189018392404444,0.6393225546342859,True,-1
0.23340945120063264,-1.45633936995786,1.0273100738256928,-0.4413487512114661,0.6189018392404444,-0.6089598505988263,False,-1
-0.5115790009458779,-1.7827476512052298,0.2154466699103127,-0.4413487512114661,-0.8808079818064339,-0.6089598505988263,False,4
-0.1993170090003622,-1.7827476512052298,0.48606780454877274,-0.4413487512114661,0.6189018392404444,-0.6089598505988263,False,2
-1.1496706553230216,-1.7174659949557558,-0.5964167340050675,-0.4413487512114661,-2.380517802853312,-1.8572422558319384,False,-1
-1.3054932951483678,-1.7174659949557558,-0.3257955993666074,-0.4413487512114661,-2.380517802853312,-1.8572422558319384,False,0
-1.6638031384406877,0.6326736300253065,-0.05517446472814736,-0.4413487512114661,-2.380517802853312,-0.6089598505988263,False,1
-0.4244169966108556,0.30626534877793676,-0.8670378686435275,-0.4413487512114661,-2.380517802853312,-1.8572422558319384,False,4
-0.6867252926756866,0.6326736300253065,-0.5964167340050675,-0.4413487512114661,-0.8808079818064339,-0.6089598505988263,False,0
-0.20260614123941958,0.6326736300253065,0.48606780454877274,-0.4413487512114661,0.6189018392404444,0.6393225546342859,False,1
0.21141337935193583,0.6326736300253065,0.48606780454877274,-0.4413487512114661,0.6189018392404444,0.6393225546342859,False,4
-0.5224742514877557,0.8938002550232024,-0.5964167340050675,-0.4413487512114661,0.6189018392404444,-0.6089598505988263,True,4
-0.6544506825799357,0.8285185987737285,-0.5964167340050675,-0.4413487512114661,-0.8808079818064339,-0.6089598505988263,True,-1
-0.5522820124042136,1.2854901925200461,-0.3257955993666074,-0.4413487512114661,0.6189018392404444,-0.6089598505988263,True,4
-0.2634550876619821,0.8285185987737285,-0.3257955993666074,-0.4413487512114661,-0.8808079818064339,-0.6089598505988263,True,2
0.2780183071928492,0.8285185987737285,-0.3257955993666074,-0.4413487512114661,0.6189018392404444,-0.6089598505988263,True,2
0.42931839018949147,-0.4771145262157507,1.568552343102613,-0.4413487512114661,-0.8808079818064339,0.6393225546342859,False,2
-1.103006091681394,1.3507718487695202,-1.1376590032819875,-0.4413487512114661,-0.8808079818064339,-0.6089598505988263,True,1
-0.422566859726386,0.4368286612768847,0.2154466699103127,-0.4413487512114661,-0.8808079818064339,-0.6089598505988263,False,0
0.1838668968498297,1.0243635675221503,-0.5964167340050675,-0.4413487512114661,0.6189018392404444,-0.6089598505988263,True,-1
0.14563073457078696,1.0243635675221503,-0.8670378686435275,-0.4413487512114661,0.6189018392404444,-0.6089598505988263,True,4
-1.191607091371004,0.4368286612768847,0.48606780454877274,-0.4413487512114661,-0.8808079818064339,-0.6089598505988263,False,2
-1.3712759399295165,0.9590819112726764,-0.8670378686435275,-0.4413487512114661,-0.8808079818064339,-0.6089598505988263,True,-1
-0.388647683511106,1.2202085362705721,-0.8670378686435275,-0.4413487512114661,0.6189018392404444,-0.6089598505988263,True,0
-0.7767652877198842,1.2202085362705721,-0.5964167340050675,-0.4413487512114661,0.6189018392404444,-0.6089598505988263,True,1
-1.3712759399295165,0.9590819112726764,-0.05517446472814736,-0.4413487512114661,-0.8808079818064339,-0.6089598505988263,True,-1
-0.7975279349789341,0.9590819112726764,-0.05517446472814736,-0.4413487512114661,-0.8808079818064339,-0.6089598505988263,True,0
-1.2199758569328742,0.9590819112726764,-0.3257955993666074,-0.4413487512114661,-0.8808079818064339,-0.6089598505988263,True,2
-1.2314878197695753,0.9590819112726764,-0.8670378686435275,-0.4413487512114661,-0.8808079818064339,-0.6089598505988263,True,4
0.07388653760634663,0.17570203627898887,1.0273100738256928,-0.4413487512114661,0.6189018392404444,0.6393225546342859,False,-1
0.3024812282208389,0.17570203627898887,-0.3257955993666074,-0.4413487512114661,0.6189018392404444,0.6393225546342859,False,2
0.13617447938349694,0.17570203627898887,1.568552343102613,-0.4413487512114661,0.6189018392404444,-0.6089598505988263,False,1
0.14542516380584605,0.17570203627898887,1.297931208464153,-0.4413487512114661,0.6189018392404444,0.6393225546342859,False,3
0.15385356516843068,0.17570203627898887,-1.1376590032819875,-0.4413487512114661,0.6189018392404444,0.6393225546342859,False,2
0.2706177596549697,0.17570203627898887,0.7566889391872328,-0.4413487512114661,0.6189018392404444,0.6393225546342859,False,2
0.06915841001270147,0.5021103175263587,0.48606780454877274,-0.4413487512114661,0.6189018392404444,-0.6089598505988263,False,1
-1.383815756590923,0.9590819112726764,-1.1376590032819875,-0.4413487512114661,-0.8808079818064339,-0.6089598505988263,True,1
-1.269312840518736,0.30626534877793676,-0.3257955993666074,-1.55200561550497,-0.8808079818064339,-0.6089598505988263,False,4
-1.1157514791077416,0.7632369425242544,1.839173477741073,-1.55200561550497,-0.8808079818064339,-0.6089598505988263,False,4
0.5345706218393295,0.8285185987737285,1.0273100738256928,-1.55200561550497,0.6189018392404444,0.6393225546342859,False,-1
-1.481873011467823,1.2854901925200461,-0.5964167340050675,-1.55200561550497,-0.8808079818064339,-0.6089598505988263,True,0
-1.0855325766614012,-0.6076778387146986,2.9216580162949137,-1.55200561550497,-0.8808079818064339,-0.6089598505988263,False,4
2.6379706887165626,-0.4771145262157507,-0.8670378686435275,-1.55200561550497,0.6189018392404444,0.6393225546342859,False,3
0.015915581892959368,-1.521621026207334,-0.05517446472814736,-1.55200561550497,0.6189018392404444,-0.6089598505988263,False,-1
-1.0933442657291628,-1.3257760574589121,-0.3257955993666074,-1.55200561550497,-2.380517802853312,-1.8572422558319384,False,-1
-1.055313674215061,0.5673919737758326,0.2154466699103127,-1.55200561550497,-0.8808079818064339,-0.6089598505988263,False,0
-1.255950740797565,0.11042038002951492,-0.8670378686435275,-1.55200561550497,-0.8808079818064339,-0.6089598505988263,True,0
-1.030028470127307,-1.3257760574589121,0.48606780454877274,-1.55200561550497,-0.8808079818064339,-0.6089598505988263,False,-1
-0.5728390888983226,-1.3257760574589121,-0.05517446472814736,-1.55200561550497,-2.380517802853312,-1.8572422558319384,False,4
-0.26139938001257135,1.2854901925200461,-0.3257955993666074,-1.55200561550497,0.6189018392404444,0.6393225546342859,True,4
1.0573370770845216,0.8938002550232024,-1.1376590032819875,-1.55200561550497,0.6189018392404444,0.6393225546342859,True,4
2.0344149228495225,-1.521621026207334,-0.8670378686435275,-1.55200561550497,0.6189018392404444,0.6393225546342859,False,4
0.1507700036943142,0.5021103175263587,-0.5964167340050675,-1.55200561550497,0.6189018392404444,0.6393225546342859,True,4
-0.6990595385721521,1.2854901925200461,-0.5964167340050675,-1.55200561550497,-2.380517802853312,1.887604959867398,True,1
-0.5929850238625495,-1.1952127449599643,2.1097946123795333,-1.55200561550497,-0.8808079818064339,-0.6089598505988263,False,2
0.7744717045255819,0.24098369252846283,-0.05517446472814736,-1.55200561550497,0.6189018392404444,0.6393225546342859,True,-1
0.8361429340079088,-0.020142932469433005,0.2154466699103127,-1.55200561550497,0.6189018392404444,0.6393225546342859,False,3
0.7868059504220472,0.11042038002951492,0.7566889391872328,-1.55200561550497,0.6189018392404444,0.6393225546342859,False,1
0.051890465757650134,0.3715470050274107,-0.05517446472814736,-1.55200561550497,0.6189018392404444,-0.6089598505988263,False,0
-0.744490677624133,0.24098369252846283,0.48606780454877274,-1.55200561550497,-0.8808079818064339,-0.6089598505988263,False,3
-0.24063673275352113,0.4368286612768847,-0.05517446472814736,-1.55200561550497,0.6189018392404444,-0.6089598505988263,False,-1
-1.2902810585427271,0.5673919737758326,0.48606780454877274,-1.55200561550497,-0.8808079818064339,-0.6089598505988263,False,2
1.3492475633008694,-1.1299310887104903,1.568552343102613,-1.55200561550497,0.6189018392404444,0.6393225546342859,False,-1
-1.4095121022085593,0.6979552862747805,0.7566889391872328,-1.55200561550497,-2.380517802853312,-0.6089598505988263,False,4
-1.4117733806229111,0.5021103175263587,0.7566889391872328,-1.55200561550497,-0.8808079818064339,-0.6089598505988263,False,-1
0.17420507089759849,0.11042038002951492,2.1097946123795333,-1.55200561550497,0.6189018392404444,0.6393225546342859,False,-1
-0.5929850238625495,0.11042038002951492,0.2154466699103127,-1.55200561550497,0.6189018392404444,-0.6089598505988263,False,-1
-0.9463611687962834,0.7632369425242544,-0.5964167340050675,-1.55200561550497,-0.8808079818064339,-0.6089598505988263,False,0
0.08478178814822443,0.5021103175263587,-0.3257955993666074,-1.55200561550497,0.6189018392404444,0.6393225546342859,False,-1
-0.19335545681707048,1.481335161268468,-1.1376590032819875,-1.55200561550497,0.6189018392404444,-0.6089598505988263,True,-1
-0.4441517900452004,1.481335161268468,-0.3257955993666074,-1.55200561550497,0.6189018392404444,0.6393225546342859,True,2
-0.4497022006986098,1.481335161268468,-0.3257955993666074,-1.55200561550497,0.6189018392404444,0.6393225546342859,True,4
0.0019367698769651028,1.0896452237716243,-0.5964167340050675,-1.55200561550497,0.6189018392404444,0.6393225546342859,True,0
0.8797239361754194,0.045138723780040954,0.7566889391872328,-1.55200561550497,0.6189018392404444,0.6393225546342859,False,4
-0.7389402669707235,-0.41183286996627677,1.297931208464153,-1.55200561550497,0.6189018392404444,-0.6089598505988263,False,0
-1.2804136618255548,-0.41183286996627677,1.0273100738256928,-1.55200561550497,-0.8808079818064339,-0.6089598505988263,False,0
-1.4680997702167702,0.5673919737758326,1.297931208464153,-1.55200561550497,-2.380517802853312,-0.6089598505988263,False,-1
-0.7890995336163494,-1.1952127449599643,1.0273100738256928,-1.55200561550497,-0.8808079818064339,-0.6089598505988263,False,4
-1.4625493595633605,0.6979552862747805,-0.5964167340050675,-1.55200561550497,-2.380517802853312,-1.8572422558319384,False,4
-1.472827897810415,0.6979552862747805,-0.05517446472814736,-1.55200561550497,-2.380517802853312,-0.6089598505988263,False,-1
1.3245790715079386,0.3715470050274107,1.297931208464153,-1.55200561550497,0.6189018392404444,0.6393225546342859,False,-1
-1.3486631557859967,0.5021103175263587,0.48606780454877274,-1.55200561550497,-0.8808079818064339,-0.6089598505988263,False,0
1.9795275286102514,-0.41183286996627677,-0.3257955993666074,-1.55200561550497,0.6189018392404444,0.6393225546342859,False,3
2.8554645580242366,-0.21598790121785488,-0.05517446472814736,-1.55200561550497,0.6189018392404444,0.6393225546342859,False,4
-1.0783375998884632,-0.41183286996627677,2.6510368816564536,-1.55200561550497,0.6189018392404444,-0.6089598505988263,False,3
-1.1130790591635076,-0.3465512137168028,-0.05517446472814736,-1.55200561550497,0.6189018392404444,0.6393225546342859,False,-1
2.350377188563978,-1.0646494324610163,-0.3257955993666074,-1.55200561550497,0.6189018392404444,0.6393225546342859,False,-1
-1.4563822366151278,-1.1952127449599643,2.6510368816564536,-1.55200561550497,-0.8808079818064339,-0.6089598505988263,False,2
-1.2545117454429773,0.5021103175263587,0.7566889391872328,-1.55200561550497,-2.380517802853312,-0.6089598505988263,False,3
-1.2390939380723955,0.5021103175263587,0.7566889391872328,-1.55200561550497,-2.380517802853312,-1.8572422558319384,False,0
-1.1178071867571524,0.8285185987737285,0.7566889391872328,-1.55200561550497,-0.8808079818064339,-0.6089598505988263,False,4
0.6579130808039835,-1.3910577137083862,0.2154466699103127,-1.55200561550497,-0.8808079818064339,-0.6089598505988263,False,2
-0.584967764029847,1.2202085362705721,-0.5964167340050675,-1.55200561550497,0.6189018392404444,0.6393225546342859,False,1
-1.262734576040621,0.5021103175263587,0.7566889391872328,-1.55200561550497,-2.380517802853312,-1.8572422558319384,False,2
0.13802461626796683,0.24098369252846283,-0.8670378686435275,-1.55200561550497,0.6189018392404444,0.6393225546342859,True,2
1.3003217212448899,0.24098369252846283,-0.05517446472814736,-1.55200561550497,0.6189018392404444,0.6393225546342859,False,1
0.3805981188984531,0.17570203627898887,-0.8670378686435275,-1.55200561550497,0.6189018392404444,0.6393225546342859,False,-1
0.15652598511266475,1.1549268800210981,-0.8670378686435275,-1.55200561550497,0.6189018392404444,-0.6089598505988263,True,3
0.3127597664678934,0.4368286612768847,1.297931208464153,-1.55200561550497,0.6189018392404444,-0.6089598505988263,False,-1
-1.2129864509248773,-1.1299310887104903,0.48606780454877274,-1.55200561550497,-0.8808079818064339,-0.6089598505988263,False,3
-0.7675146032975351,1.481335161268468,-0.5964167340050675,-1.55200561550497,-0.8808079818064339,-0.6089598505988263,True,3
-1.2458777733154518,-0.8688044637125945,1.297931208464153,-1.55200561550497,-0.8808079818064339,-0.6089598505988263,False,2
-0.4030376370569824,0.30626534877793676,-0.5964167340050675,-1.55200561550497,0.6189018392404444,0.6393225546342859,False,4
-1.0546969619202378,0.8938002550232024,-0.05517446472814736,-1.55200561550497,-2.380517802853312,-0.6089598505988263,False,-1
-1.1301414326536179,-0.7382411512136465,-0.8670378686435275,-1.55200561550497,0.6189018392404444,-0.6089598505988263,False,2
-0.7705981647716513,1.416053505018994,-1.1376590032819875,-1.55200561550497,-0.8808079818064339,-0.6089598505988263,True,-1
-0.5121957132407012,1.416053505018994,-0.5964167340050675,-1.55200561550497,0.6189018392404444,-0.6089598505988263,True,0
-0.5905181746832563,1.416053505018994,-0.8670378686435275,-1.55200561550497,0.6189018392404444,-0.6089598505988263,True,4
-0.6567119609942876,0.6979552862747805,0.48606780454877274,-1.55200561550497,-0.8808079818064339,-0.6089598505988263,False,3
-1.2964481814909596,-0.8688044637125945,-0.8670378686435275,-1.55200561550497,-0.8808079818064339,-0.6089598505988263,False,3
-1.2666404205745017,-1.1299310887104903,-0.3257955993666074,-1.55200561550497,-2.380517802853312,-1.8572422558319384,False,-1
-1.1879068176020642,-1.1952127449599643,-0.5964167340050675,-1.55200561550497,-0.8808079818064339,-0.6089598505988263,False,3
-0.03897181234631172,-0.8035228074631204,-0.8670378686435275,-1.55200561550497,-0.8808079818064339,-0.6089598505988263,False,4
0.24142671103333516,-1.521621026207334,-0.05517446472814736,-1.55200561550497,0.6189018392404444,-0.6089598505988263,False,1
-1.308576856622484,-1.1952127449599643,1.0273100738256928,-1.55200561550497,-0.8808079818064339,-0.6089598505988263,False,-1
-1.308576856622484,-1.1952127449599643,-0.3257955993666074,-1.55200561550497,-0.8808079818064339,-0.6089598505988263,False,-1
1.5889430752221803,-1.652184338706282,1.568552343102613,-1.55200561550497,0.6189018392404444,0.6393225546342859,False,-1
1.0867336964710976,0.4368286612768847,-0.8670378686435275,-1.55200561550497,0.6189018392404444,0.6393225546342859,False,4
-1.3091935689173073,-0.3465512137168028,-0.3257955993666074,-1.55200561550497,-0.8808079818064339,-0.6089598505988263,False,4
0.47886094454029415,0.5021103175263587,-0.05517446472814736,-1.55200561550497,0.6189018392404444,0.6393225546342859,True,-1
-0.5794173533764376,-1.652184338706282,-0.3257955993666074,-1.55200561550497,-0.8808079818064339,-0.6089598505988263,False,2
-0.5736613719580871,0.6326736300253065,0.48606780454877274,-1.55200561550497,0.6189018392404444,-0.6089598505988263,False,2
-1.0631253632828226,0.8285185987737285,-0.5964167340050675,-1.55200561550497,-0.8808079818064339,-0.6089598505988263,False,4
1.7468214226969376,0.17570203627898887,1.839173477741073,-1.55200561550497,0.6189018392404444,0.6393225546342859,False,4
-1.372509364519163,-1.1952127449599643,-0.5964167340050675,-1.55200561550497,-2.380517802853312,-0.6089598505988263,False,-1
-1.0549025326851789,-1.2604944012094381,0.7566889391872328,-1.55200561550497,-0.8808079818064339,-0.6089598505988263,False,4
0.5020904409786372,-1.1299310887104903,0.2154466699103127,-1.55200561550497,-0.8808079818064339,-0.6089598505988263,False,-1
-1.269929552813559,2.1341517237632077,-1.1376590032819875,-1.55200561550497,0.6189018392404444,-0.6089598505988263,True,2
0.22313091295357812,0.7632369425242544,-0.5964167340050675,-1.55200561550497,0.6189018392404444,0.6393225546342859,True,-1
0.9430397317772755,-1.1952127449599643,0.7566889391872328,-1.55200561550497,0.6189018392404444,0.6393225546342859,False,4
-0.8195240068276308,1.0243635675221503,-0.5964167340050675,-1.55200561550497,0.6189018392404444,-0.6089598505988263,True,-1
-0.7115993552335586,-1.3257760574589121,2.1097946123795333,-1.55200561550497,0.6189018392404444,-0.6089598505988263,False,1
-0.5800340656712609,0.3715470050274107,-0.5964167340050675,-1.55200561550497,-0.8808079818064339,-0.6089598505988263,True,0
1.7264699169677695,0.5673919737758326,-0.3257955993666074,-1.55200561550497,0.6189018392404444,0.6393225546342859,False,2
-1.1301414326536179,-1.1952127449599643,-0.05517446472814736,-1.55200561550497,-0.8808079818064339,-0.6089598505988263,False,4
0.6971770969077316,0.7632369425242544,-0.8670378686435275,-1.55200561550497,0.6189018392404444,0.6393225546342859,True,3
0.3754588497749258,-0.5423961824652247,0.48606780454877274,-1.55200561550497,0.6189018392404444,0.6393225546342859,False,-1
0.7273959993540718,-0.4771145262157507,-1.1376590032819875,-1.55200561550497,0.6189018392404444,0.6393225546342859,False,-1
-0.24002002045869783,0.8938002550232024,-0.8670378686435275,-1.55200561550497,0.6189018392404444,-0.6089598505988263,True,4
-0.6513671211058192,-1.1299310887104903,-0.05517446472814736,-1.55200561550497,-0.8808079818064339,-0.6089598505988263,False,1
0.5125745499906329,0.11042038002951492,1.0273100738256928,-1.55200561550497,0.6189018392404444,0.6393225546342859,False,3
-0.49903918428447147,-1.2604944012094381,0.48606780454877274,-1.55200561550497,0.6189018392404444,-0.6089598505988263,False,1
-0.9504725840951052,-1.2604944012094381,-0.8670378686435275,-1.55200561550497,-0.8808079818064339,-0.6089598505988263,False,2
-0.01060304678444138,0.7632369425242544,-0.8670378686435275,-1.55200561550497,0.6189018392404444,0.6393225546342859,True,-1
1.4394931291100082,-1.7174659949557558,0.48606780454877274,-1.55200561550497,0.6189018392404444,0.6393225546342859,False,-1
1.3720659182093304,-1.45633936995786,0.7566889391872328,-1.55200561550497,0.6189018392404444,0.6393225546342859,False,2
-0.18759947539871993,-1.521621026207334,0.48606780454877274,-1.55200561550497,0.6189018392404444,-0.6089598505988263,False,-1
0.15282571134372527,-1.521621026207334,-0.5964167340050675,-1.55200561550497,-0.8808079818064339,-0.6089598505988263,False,1
1.2949768813564217,1.0243635675221503,-0.8670378686435275,-1.55200561550497,0.6189018392404444,0.6393225546342859,False,-1
0.5257310789468627,-1.2604944012094381,1.839173477741073,-1.55200561550497,-0.8808079818064339,-0.6089598505988263,False,2
-0.12839509509568608,-1.0646494324610163,-0.05517446472814736,-1.55200561550497,-0.8808079818064339,-0.6089598505988263,False,-1
1.1021515038416794,-0.08542458871890696,-0.8670378686435275,-1.55200561550497,-0.8808079818064339,-0.6089598505988263,False,3
0.09382690180563234,-0.6729594949641726,-1.1376590032819875,-1.55200561550497,-0.8808079818064339,-0.6089598505988263,False,2
-0.23652531745469926,-1.1952127449599643,-0.3257955993666074,-1.55200561550497,0.6189018392404444,-0.6089598505988263,False,-1
-0.062201308784655095,1.0243635675221503,-0.3257955993666074,-1.55200561550497,0.6189018392404444,0.6393225546342859,True,-1
-0.4486743468739044,0.7632369425242544,-0.8670378686435275,-1.55200561550497,0.6189018392404444,-0.6089598505988263,True,4
0.21963620994957955,1.0243635675221503,-0.8670378686435275,-1.55200561550497,0.6189018392404444,-0.6089598505988263,True,1
0.1526201405787841,0.24098369252846283,-1.1376590032819875,-1.55200561550497,-2.380517802853312,3.13588736510051,True,-1
-0.18410477239472137,0.8938002550232024,-0.8670378686435275,-1.55200561550497,0.6189018392404444,0.6393225546342859,True,1
-1.1605659058648992,0.24098369252846283,-1.1376590032819875,-1.55200561550497,0.6189018392404444,0.6393225546342859,True,2
-0.2642773707217466,1.1549268800210981,-0.3257955993666074,-1.55200561550497,0.6189018392404444,0.6393225546342859,True,2
0.5882245914889539,-0.8035228074631204,-0.5964167340050675,-1.55200561550497,0.6189018392404444,0.6393225546342859,False,2
-0.2743503382038599,0.6326736300253065,-0.8670378686435275,-1.55200561550497,-2.380517802853312,3.13588736510051,True,1
-1.107117506980216,-0.3465512137168028,-0.5964167340050675,-1.55200561550497,-0.8808079818064339,0.6393225546342859,True,-1
-1.1046506578009228,1.8077434425158379,-0.5964167340050675,-1.55200561550497,2.1186116602873226,1.887604959867398,True,4
-0.44702978075437566,-1.586902682456808,1.297931208464153,-1.55200561550497,-0.8808079818064339,0.6393225546342859,False,3
-0.17094824343849158,0.045138723780040954,-0.5964167340050675,-1.55200561550497,-0.8808079818064339,-0.6089598505988263,True,4
-0.7364734177914305,-2.043874276203126,-1.1376590032819875,-1.55200561550497,-0.8808079818064339,-0.6089598505988263,False,-1
0.01427101577343039,-0.5423961824652247,-0.05517446472814736,-1.55200561550497,0.6189018392404444,0.6393225546342859,True,3
-1.080598878302815,-1.1952127449599643,1.568552343102613,-1.55200561550497,-0.8808079818064339,-0.6089598505988263,False,2
0.5756847748275474,-1.45633936995786,0.7566889391872328,-1.55200561550497,0.6189018392404444,0.6393225546342859,False,4
0.09773274633951301,0.30626534877793676,-0.05517446472814736,-1.55200561550497,0.6189018392404444,0.6393225546342859,False,-1
-1.6958721777714978,0.5021103175263587,-0.5964167340050675,-1.55200561550497,0.6189018392404444,-0.6089598505988263,False,4
-0.9841861895454439,0.4368286612768847,-1.1376590032819875,-1.55200561550497,-0.8808079818064339,-0.6089598505988263,False,0
-0.08625308828276267,-1.3257760574589121,-0.5964167340050675,-1.55200561550497,-0.8808079818064339,-0.6089598505988263,False,-1
0.05970215482541146,0.045138723780040954,-0.8670378686435275,-1.55200561550497,0.6189018392404444,-0.6089598505988263,True,-1
-1.11924618211174,-2.043874276203126,3.7335214202102938,-1.55200561550497,-0.8808079818064339,-0.6089598505988263,False,0
-1.4512429674916005,0.4368286612768847,-0.8670378686435275,-1.55200561550497,-0.8808079818064339,-0.6089598505988263,False,1
-1.7032727253093771,1.2202085362705721,-1.1376590032819875,-1.55200561550497,-2.380517802853312,-1.8572422558319384,True,0
0.38100926042833516,0.4368286612768847,0.7566889391872328,-1.55200561550497,-2.380517802853312,-1.8572422558319384,False,-1
-0.5380976296232785,1.0896452237716243,-1.1376590032819875,-1.55200561550497,0.6189018392404444,-0.6089598505988263,True,4
0.729657277768424,-1.652184338706282,-0.05517446472814736,-1.55200561550497,0.6189018392404444,-0.6089598505988263,False,2
-1.346607448136586,0.8938002550232024,-0.3257955993666074,-1.55200561550497,-0.8808079818064339,-0.6089598505988263,False,0
0.02619412014001387,0.5673919737758326,-0.3257955993666074,-1.55200561550497,-0.8808079818064339,0.6393225546342859,False,0
0.03523923379742179,-1.1299310887104903,1.839173477741073,-1.55200561550497,-0.8808079818064339,-0.6089598505988263,False,2
0.5863744546044843,1.2854901925200461,-0.3257955993666074,-1.55200561550497,-2.380517802853312,11.873864201732296,True,3
-1.1019782378566887,-1.0646494324610163,0.48606780454877274,-1.55200561550497,-0.8808079818064339,-0.6089598505988263,False,2
0.17523292472230417,0.3715470050274107,-0.05517446472814736,-1.55200561550497,-0.8808079818064339,0.6393225546342859,True,4
-0.9899421709637944,1.1549268800210981,-0.8670378686435275,-1.55200561550497,-2.380517802853312,-0.6089598505988263,True,1
-0.08728094210746806,1.0896452237716243,-0.3257955993666074,-1.55200561550497,0.6189018392404444,-0.6089598505988263,True,4
-0.4587473143560177,0.7632369425242544,-1.1376590032819875,-1.55200561550497,-0.8808079818064339,-0.6089598505988263,True,-1
-0.1154441369043972,0.5021103175263587,0.48606780454877274,-1.55200561550497,0.6189018392404444,0.6393225546342859,False,0
0.5316926311301541,0.5021103175263587,-0.5964167340050675,-1.55200561550497,0.6189018392404444,0.6393225546342859,False,-1
0.6246106168835268,1.0243635675221503,-0.5964167340050675,-1.55200561550497,0.6189018392404444,0.6393225546342859,True,3
-0.22480778385305727,1.3507718487695202,-0.5964167340050675,-1.55200561550497,0.6189018392404444,-0.6089598505988263,True,-1
0.4383635038468994,0.4368286612768847,0.48606780454877274,-1.55200561550497,0.6189018392404444,0.6393225546342859,False,2
-0.3288265909132489,0.6979552862747805,-0.5964167340050675,-1.55200561550497,0.6189018392404444,0.6393225546342859,True,1
0.6336557305409347,0.5673919737758326,-0.5964167340050675,-1.55200561550497,0.6189018392404444,0.6393225546342859,True,0
0.3546962025158756,0.5021103175263587,-0.5964167340050675,-1.55200561550497,0.6189018392404444,0.6393225546342859,True,-1
-0.3923479572800458,-0.28126955746732885,1.568552343102613,-1.55200561550497,0.6189018392404444,-0.6089598505988263,False,1
-0.18348806009989807,0.5021103175263587,-1.1376590032819875,-1.55200561550497,-2.380517802853312,-1.8572422558319384,False,4
-1.4105399560332645,-0.3465512137168028,-0.05517446472814736,-1.55200561550497,-2.380517802853312,-0.6089598505988263,False,-1
-0.8951740483259519,-0.8688044637125945,1.297931208464153,-1.55200561550497,0.6189018392404444,0.6393225546342859,False,-1
2.0185859739490586,-0.020142932469433005,-0.8670378686435275,-1.55200561550497,-0.8808079818064339,1.887604959867398,True,0
0.31810460635636156,0.045138723780040954,-0.5964167340050675,-1.55200561550497,0.6189018392404444,0.6393225546342859,True,-1
-1.1992132096738242,-0.41183286996627677,-0.5964167340050675,-1.55200561550497,-0.8808079818064339,-0.6089598505988263,False,1
0.05106818269788564,0.5673919737758326,-0.5964167340050675,-1.55200561550497,0.6189018392404444,-0.6089598505988263,True,-1
0.9364614672991607,-0.28126955746732885,-0.8670378686435275,-1.55200561550497,0.6189018392404444,0.6393225546342859,True,0
2.26773774105766,-0.9993677762115424,1.297931208464153,-1.55200561550497,0.6189018392404444,0.6393225546342859,False,1
0.4165730027631438,-0.28126955746732885,-0.8670378686435275,-1.55200561550497,0.6189018392404444,0.6393225546342859,False,4
0.17091593865854113,0.30626534877793676,-0.3257955993666074,-1.55200561550497,0.6189018392404444,0.6393225546342859,True,4
-0.12818952433074488,-0.28126955746732885,-0.05517446472814736,-1.55200561550497,0.6189018392404444,-0.6089598505988263,False,-1
-1.6786042335164462,0.30626534877793676,-0.8670378686435275,-1.55200561550497,0.6189018392404444,0.6393225546342859,True,-1
1.0741938798096908,0.045138723780040954,-1.1376590032819875,-1.55200561550497,0.6189018392404444,0.6393225546342859,True,3
-0.29922440076173196,-0.4771145262157507,0.2154466699103127,-1.55200561550497,0.6189018392404444,-0.6089598505988263,False,2
-0.1384680625777994,0.24098369252846283,-0.8670378686435275,-1.55200561550497,0.6189018392404444,0.6393225546342859,True,2
0.2447158432723925,0.30626534877793676,-0.05517446472814736,-1.55200561550497,0.6189018392404444,0.6393225546342859,True,1
-0.3123809297179617,0.3715470050274107,-1.1376590032819875,-1.55200561550497,0.6189018392404444,-0.6089598505988263,True,2
1.4374374214605974,-0.5423961824652247,1.0273100738256928,-1.55200561550497,0.6189018392404444,0.6393225546342859,False,-1
0.7483642173780632,-1.45633936995786,1.297931208464153,-1.55200561550497,0.6189018392404444,-0.6089598505988263,False,3
-0.3921423865151046,-0.15070624496838092,-0.5964167340050675,-1.55200561550497,-0.8808079818064339,-0.6089598505988263,False,4
0.14748087145525685,0.5021103175263587,-0.5964167340050675,-1.55200561550497,0.6189018392404444,0.6393225546342859,True,-1
0.16803794794936586,0.3715470050274107,-0.3257955993666074,-1.55200561550497,0.6189018392404444,0.6393225546342859,False,-1
0.6365337212501102,0.3715470050274107,-0.3257955993666074,-1.55200561550497,0.6189018392404444,0.6393225546342859,False,2
0.7321241269477172,-1.8480293074547038,-0.8670378686435275,-1.55200561550497,0.6189018392404444,-0.6089598505988263,False,3
-0.08399180986841069,-2.1091559324525995,0.48606780454877274,-1.55200561550497,-2.380517802853312,-1.8572422558319384,False,-1
3.957529428873421,-1.586902682456808,-1.1376590032819875,-1.55200561550497,0.6189018392404444,0.6393225546342859,False,2
1.5973714765847655,-1.9785926199536517,-0.8670378686435275,-1.55200561550497,0.6189018392404444,0.6393225546342859,False,2
1.370626922854743,-0.9340861199620684,1.0273100738256928,-1.55200561550497,0.6189018392404444,0.6393225546342859,False,3
-1.3603806893876387,-0.4771145262157507,0.7566889391872328,-1.55200561550497,-0.8808079818064339,-0.6089598505988263,False,-1
-0.7701870232417692,-0.4771145262157507,0.48606780454877274,-1.55200561550497,-0.8808079818064339,-0.6089598505988263,False,-1
-1.3864881765351573,-0.4771145262157507,0.2154466699103127,-1.55200561550497,-2.380517802853312,-1.8572422558319384,False,2
-0.7701870232417692,-0.4771145262157507,2.6510368816564536,-1.55200561550497,0.6189018392404444,-0.6089598505988263,False,3
0.120551101247974,0.3715470050274107,-0.05517446472814736,-1.55200561550497,0.6189018392404444,0.6393225546342859,True,4
0.08930434497692838,0.6326736300253065,-0.5964167340050675,-1.55200561550497,0.6189018392404444,-0.6089598505988263,True,-1
-0.010397476019500185,-1.2604944012094381,-0.8670378686435275,-1.55200561550497,0.6189018392404444,-0.6089598505988263,False,4
1.0834445642320403,-1.1299310887104903,-1.1376590032819875,-1.55200561550497,0.6189018392404444,0.6393225546342859,False,-1
2.119726790300075,-1.7174659949557558,-0.5964167340050675,-1.55200561550497,0.6189018392404444,0.6393225546342859,False,-1
0.5288146404209788,0.11042038002951492,-0.05517446472814736,-1.55200561550497,0.6189018392404444,0.6393225546342859,True,0
0.5832908931303679,-0.6076778387146986,0.2154466699103127,-1.55200561550497,0.6189018392404444,0.6393225546342859,False,3
0.13555776708867365,0.3715470050274107,0.48606780454877274,-1.55200561550497,0.6189018392404444,-0.6089598505988263,False,0
0.3195436017109493,0.4368286612768847,-0.3257955993666074,-1.55200561550497,0.6189018392404444,0.6393225546342859,True,1
-1.7593935441382944,0.3715470050274107,-0.05517446472814736,-1.55200561550497,-0.8808079818064339,-0.6089598505988263,True,-1
0.1725605047780698,0.5673919737758326,-0.8670378686435275,-1.55200561550497,0.6189018392404444,0.6393225546342859,True,3
0.15693712664254714,0.30626534877793676,-0.8670378686435275,-1.55200561550497,0.6189018392404444,0.6393225546342859,True,-1
-0.22953591144670243,0.4368286612768847,-0.8670378686435275,-1.55200561550497,0.6189018392404444,-0.6089598505988263,True,-1
-0.6246429216634776,0.8285185987737285,-1.1376590032819875,-1.55200561550497,0.6189018392404444,0.6393225546342859,True,-1
-0.015331174378086534,-1.8480293074547038,-0.3257955993666074,-1.55200561550497,0.6189018392404444,-0.6089598505988263,False,3
0.4498754666836005,-0.4771145262157507,-0.3257955993666074,-1.55200561550497,0.6189018392404444,-0.6089598505988263,False,4
0.5228530882376874,-0.5423961824652247,-0.3257955993666074,-1.55200561550497,0.6189018392404444,0.6393225546342859,False,2
2.0660728206504504,-1.45633936995786,2.3804157470179934,-1.55200561550497,0.6189018392404444,0.6393225546342859,False,-1
2.666750595808316,-0.9993677762115424,-0.5964167340050675,-1.55200561550497,0.6189018392404444,0.6393225546342859,False,2
1.607855585596761,-1.1299310887104903,1.297931208464153,-1.55200561550497,0.6189018392404444,0.6393225546342859,False,2
-0.58928475009361,0.5673919737758326,-0.5964167340050675,-1.55200561550497,0.6189018392404444,-0.6089598505988263,True,1
-1.4590546565593623,0.5673919737758326,-0.5964167340050675,-1.55200561550497,0.6189018392404444,0.6393225546342859,True,-1
0.257255659933799,0.8938002550232024,-0.3257955993666074,-1.55200561550497,0.6189018392404444,-0.6089598505988263,True,2
-0.5639995460058559,0.5021103175263587,-1.1376590032819875,-1.55200561550497,0.6189018392404444,-0.6089598505988263,True,2
1.930396115789331,-0.020142932469433005,-0.05517446472814736,-1.55200561550497,0.6189018392404444,0.6393225546342859,False,3
-0.35061709199700447,0.6326736300253065,-0.5964167340050675,-1.55200561550497,0.6189018392404444,-0.6089598505988263,True,4
-0.28154531497679824,-0.5423961824652247,3.4629002855718336,-1.55200561550497,-0.8808079818064339,-0.6089598505988263,False,4
-0.34239426139936074,0.8285185987737285,-0.3257955993666074,-1.55200561550497,2.1186116602873226,0.6393225546342859,True,-1
-0.4124938922442724,0.24098369252846283,-1.1376590032819875,-1.55200561550497,0.6189018392404444,-0.6089598505988263,True,-1
3.6709637825455412,-1.3910577137083862,-0.8670378686435275,-1.55200561550497,0.6189018392404444,0.6393225546342859,False,2
1.7618280885376374,-1.652184338706282,0.48606780454877274,-1.55200561550497,0.6189018392404444,0.6393225546342859,False,2
2.1324721777264224,-0.7382411512136465,-0.3257955993666074,-1.55200561550497,0.6189018392404444,0.6393225546342859,False,0
0.8349095094182623,-2.043874276203126,3.4629002855718336,-1.55200561550497,-0.8808079818064339,-0.6089598505988263,False,-1
-1.3406458959532943,0.3715470050274107,0.2154466699103127,-1.55200561550497,-2.380517802853312,-1.8572422558319384,False,-1
-1.043390569848478,0.7632369425242544,-0.3257955993666074,-1.55200561550497,-2.380517802853312,-0.6089598505988263,False,0
-0.22706906226740925,0.8285185987737285,0.2154466699103127,-1.55200561550497,0.6189018392404444,-0.6089598505988263,False,1
-0.19911143823542102,-0.28126955746732885,-0.5964167340050675,-1.55200561550497,0.6189018392404444,-0.6089598505988263,False,4
-0.3810415652082856,0.3715470050274107,-0.5964167340050675,-1.55200561550497,0.6189018392404444,-0.6089598505988263,True,0
-0.08522523445805698,0.24098369252846283,-0.8670378686435275,-1.55200561550497,0.6189018392404444,0.6393225546342859,True,2
1.0314351607019445,-0.5423961824652247,1.297931208464153,-1.55200561550497,0.6189018392404444,0.6393225546342859,False,-1
-0.2525598371201043,0.5673919737758326,-1.1376590032819875,-1.55200561550497,-2.380517802853312,-1.8572422558319384,True,-1
-1.3178275410448332,0.5673919737758326,-0.3257955993666074,-1.55200561550497,0.6189018392404444,-0.6089598505988263,True,1
-0.06857400249782893,0.6979552862747805,-0.3257955993666074,-1.55200561550497,0.6189018392404444,-0.6089598505988263,True,2
2.2348464186670856,-0.8035228074631204,1.0273100738256928,-1.55200561550497,0.6189018392404444,0.6393225546342859,False,1
-0.48793836297765253,-1.45633936995786,2.3804157470179934,-1.55200561550497,-0.8808079818064339,-0.6089598505988263,False,1
1.2010310417783439,-0.4771145262157507,-0.5964167340050675,-1.55200561550497,0.6189018392404444,0.6393225546342859,False,2
-1.2818526571801425,2.0035884112642597,-0.8670378686435275,-1.55200561550497,-2.380517802853312,-1.8572422558319384,True,2
1.5274774165047946,0.9590819112726764,-0.8670378686435275,-1.55200561550497,0.6189018392404444,0.6393225546342859,True,3
2.1433674282683,0.4368286612768847,-1.1376590032819875,-1.55200561550497,2.1186116602873226,0.6393225546342859,True,0
-0.0930369235258186,0.8285185987737285,-0.5964167340050675,-1.55200561550497,0.6189018392404444,-0.6089598505988263,True,-1
-0.8688609904134924,-0.5423961824652247,-0.8670378686435275,-1.55200561550497,-0.8808079818064339,-0.6089598505988263,False,1
-0.792799807385289,0.30626534877793676,-0.8670378686435275,-1.55200561550497,-2.380517802853312,-1.8572422558319384,False,1
0.11335612447503596,1.2202085362705721,-0.3257955993666074,-1.55200561550497,0.6189018392404444,0.6393225546342859,True,-1
-1.3821711904713943,1.8077434425158379,-1.1376590032819875,-1.55200561550497,-0.8808079818064339,-0.6089598505988263,True,-1
0.40403318610173733,0.30626534877793676,-0.05517446472814736,-1.55200561550497,0.6189018392404444,0.6393225546342859,False,4
-0.402009783232277,0.6326736300253065,0.48606780454877274,-1.55200561550497,-0.8808079818064339,-0.6089598505988263,False,3
-0.7592917726998915,0.8285185987737285,-1.1376590032819875,-1.55200561550497,2.1186116602873226,0.6393225546342859,True,0
-0.3941980941645154,-1.521621026207334,-0.05517446472814736,-1.55200561550497,-0.8808079818064339,-0.6089598505988263,False,0
-0.4581306020611944,0.5673919737758326,-0.8670378686435275,-1.55200561550497,0.6189018392404444,-0.6089598505988263,True,-1
-0.49698347663506043,-0.6729594949641726,0.7566889391872328,-1.55200561550497,-0.8808079818064339,-0.6089598505988263,False,-1
1.0320518729967678,-2.1091559324525995,-0.5964167340050675,-1.55200561550497,0.6189018392404444,0.6393225546342859,False,2
0.5138079745802795,-1.1299310887104903,-0.05517446472814736,-1.55200561550497,0.6189018392404444,-0.6089598505988263,False,-1
-1.1342528479524399,0.5673919737758326,0.48606780454877274,-1.55200561550497,-2.380517802853312,-0.6089598505988263,False,-1
-0.8460426355050314,0.24098369252846283,-0.05517446472814736,-1.55200561550497,-0.8808079818064339,-0.6089598505988263,False,4
-1.6298839622254078,0.5673919737758326,-0.05517446472814736,-1.55200561550497,-0.8808079818064339,-0.6089598505988263,True,-1
-1.3603806893876387,1.1549268800210981,-0.8670378686435275,-1.55200561550497,5.1180313023810795,4.384169770333622,True,3
0.30597593122483746,0.7632369425242544,-0.3257955993666074,-1.55200561550497,0.6189018392404444,0.6393225546342859,True,0
-0.31258650048290265,1.2854901925200461,-0.5964167340050675,-1.55200561550497,0.6189018392404444,-0.6089598505988263,True,4
-1.4475426937226612,0.5673919737758326,0.2154466699103127,-1.55200561550497,-0.8808079818064339,-0.6089598505988263,False,-1
-0.05952888884042072,0.30626534877793676,-0.8670378686435275,-1.55200561550497,-2.380517802853312,3.13588736510051,True,0
-0.24721499723163615,0.6979552862747805,-0.8670378686435275,-1.55200561550497,0.6189018392404444,-0.6089598505988263,True,-1
-0.2435147234626964,-1.586902682456808,-0.8670378686435275,-1.55200561550497,0.6189018392404444,-0.6089598505988263,False,-1
-1.2292265413552232,-0.28126955746732885,-0.05517446472814736,-1.55200561550497,-2.380517802853312,-1.8572422558319384,False,2
0.5131912622854562,0.6326736300253065,-0.3257955993666074,-1.55200561550497,0.6189018392404444,0.6393225546342859,True,1
-1.1079397900399803,-1.1952127449599643,0.48606780454877274,-1.55200561550497,-0.8808079818064339,-0.6089598505988263,False,-1
-0.488760646037417,0.8938002550232024,-0.8670378686435275,-1.55200561550497,0.6189018392404444,-0.6089598505988263,True,4
0.41636743199820264,0.045138723780040954,1.0273100738256928,-1.55200561550497,-0.8808079818064339,0.6393225546342859,False,-1
0.5277867865962734,-2.043874276203126,-0.8670378686435275,-1.55200561550497,0.6189018392404444,-0.6089598505988263,False,0
-1.002687558390142,1.416053505018994,-1.1376590032819875,-1.55200561550497,-0.8808079818064339,-0.6089598505988263,True,1
0.16988808483383572,0.30626534877793676,-0.3257955993666074,-1.55200561550497,0.6189018392404444,0.6393225546342859,True,-1
-1.0102936766929624,0.3715470050274107,-0.5964167340050675,-1.55200561550497,-0.8808079818064339,-0.6089598505988263,True,-1
0.8437490523107287,0.5673919737758326,-0.3257955993666074,-1.55200561550497,0.6189018392404444,0.6393225546342859,False,-1
-0.9543784286289859,0.9590819112726764,-0.8670378686435275,-1.55200561550497,0.6189018392404444,-0.6089598505988263,True,0
-0.47930439085012666,0.8285185987737285,-0.8670378686435275,-1.55200561550497,0.6189018392404444,-0.6089598505988263,True,2
0.2547888107545058,0.3715470050274107,-0.5964167340050675,-1.55200561550497,0.6189018392404444,-0.6089598505988263,False,0
-0.17773207868154753,-1.1952127449599643,0.48606780454877274,-1.55200561550497,0.6189018392404444,0.6393225546342859,False,2
0.7117726212185491,-1.1952127449599643,0.48606780454877274,-1.55200561550497,0.6189018392404444,-0.6089598505988263,False,2
0.6126875125169435,-0.15070624496838092,-0.8670378686435275,-1.55200561550497,-0.8808079818064339,0.6393225546342859,False,4
-0.17218166802813817,0.6326736300253065,-0.5964167340050675,-1.55200561550497,0.6189018392404444,-0.6089598505988263,True,-1
-1.1679664534027785,0.8938002550232024,-0.8670378686435275,-1.55200561550497,-2.380517802853312,-1.8572422558319384,True,0
-1.7304080662816008,0.3715470050274107,-0.8670378686435275,-1.55200561550497,0.6189018392404444,0.6393225546342859,True,0
0.5271700743014501,-1.2604944012094381,-0.05517446472814736,-1.55200561550497,0.6189018392404444,-0.6089598505988263,False,4
0.8046906069719221,0.7632369425242544,-0.8670378686435275,-1.55200561550497,0.6189018392404444,0.6393225546342859,True,3
-0.2120623964267096,0.4368286612768847,-0.5964167340050675,-1.55200561550497,-0.8808079818064339,3.13588736510051,False,2
-0.3191647649610177,0.7632369425242544,-0.8670378686435275,-1.55200561550497,0.6189018392404444,-0.6089598505988263,True,4
-1.009471393633198,0.6979552862747805,-0.5964167340050675,-1.55200561550497,-0.8808079818064339,-0.6089598505988263,True,3
-0.3619234840687644,-0.28126955746732885,-0.3257955993666074,-1.55200561550497,0.6189018392404444,0.6393225546342859,True,1
0.6231716215289392,-0.5423961824652247,2.3804157470179934,-1.55200561550497,-0.8808079818064339,0.6393225546342859,False,-1
0.6330390182461114,-0.5423961824652247,2.1097946123795333,-1.55200561550497,0.6189018392404444,-0.6089598505988263,False,2
0.49777345491487446,-1.1952127449599643,0.48606780454877274,-1.55200561550497,0.6189018392404444,-0.6089598505988263,False,4
-0.6959759770980357,0.7632369425242544,-0.5964167340050675,-1.55200561550497,0.6189018392404444,-0.6089598505988263,True,1
-1.2275819752356947,1.2854901925200461,-0.8670378686435275,-1.55200561550497,0.6189018392404444,-0.6089598505988263,True,-1
0.5985031297360084,-1.2604944012094381,-0.3257955993666074,-1.55200561550497,0.6189018392404444,-0.6089598505988263,False,0
1.9887782130326008,0.8285185987737285,-0.5964167340050675,-1.55200561550497,0.6189018392404444,0.6393225546342859,True,1
0.01200973735907841,0.8285185987737285,-0.8670378686435275,-1.55200561550497,0.6189018392404444,0.6393225546342859,True,-1
0.4685824062932396,0.6979552862747805,-0.5964167340050675,-1.55200561550497,0.6189018392404444,0.6393225546342859,False,4
0.28603556702555144,0.6979552862747805,-0.3257955993666074,-1.55200561550497,0.6189018392404444,0.6393225546342859,True,3
1.7990363969919743,0.30626534877793676,-0.8670378686435275,-1.55200561550497,0.6189018392404444,0.6393225546342859,False,2
2.7703582613386244,0.4368286612768847,-0.05517446472814736,-1.55200561550497,0.6189018392404444,0.6393225546342859,False,0
1.526449562680089,0.24098369252846283,0.2154466699103127,-1.55200561550497,0.6189018392404444,0.6393225546342859,False,1
1.3315684775159358,0.11042038002951492,-0.8670378686435275,-1.55200561550497,-0.8808079818064339,0.6393225546342859,False,2
0.9490012839605669,0.5673919737758326,0.2154466699103127,-1.55200561550497,0.6189018392404444,0.6393225546342859,False,3
0.1308296394950285,0.5021103175263587,-0.3257955993666074,-1.55200561550497,0.6189018392404444,0.6393225546342859,True,1
0.045106630514593904,0.8938002550232024,-0.5964167340050675,-1.55200561550497,0.6189018392404444,0.6393225546342859,True,3
0.12527922884161916,0.9590819112726764,-1.1376590032819875,-1.55200561550497,0.6189018392404444,0.6393225546342859,True,4
0.10821685535150871,0.8938002550232024,-1.1376590032819875,-1.55200561550497,0.6189018392404444,0.6393225546342859,True,4
-0.5537210077588014,0.8285185987737285,-0.8670378686435275,-1.55200561550497,0.6189018392404444,-0.6089598505988263,True,3
-0.2957296977577334,0.8285185987737285,-0.3257955993666074,-1.55200561550497,0.6189018392404444,-0.6089598505988263,True,3
0.20154598263476342,0.5673919737758326,-0.8670378686435275,-1.55200561550497,0.6189018392404444,0.6393225546342859,True,3
-1.2092861771559376,-1.2604944012094381,-0.8670378686435275,-1.55200561550497,-0.8808079818064339,-0.6089598505988263,False,-1
-1.2092861771559376,-1.2604944012094381,-0.8670378686435275,-1.55200561550497,-0.8808079818064339,-0.6089598505988263,False,-1
-0.6928924156239192,1.2202085362705721,-0.8670378686435275,-1.55200561550497,-0.8808079818064339,-0.6089598505988263,True,-1
-0.8322693942539784,1.1549268800210981,-0.5964167340050675,-1.55200561550497,0.6189018392404444,-0.6089598505988263,True,0
-1.1309637157133823,0.8285185987737285,0.2154466699103127,-1.55200561550497,0.6189018392404444,0.6393225546342859,False,-1
0.7960566348443959,0.5673919737758326,0.2154466699103127,-1.55200561550497,0.6189018392404444,0.6393225546342859,False,4
-1.3794987705271602,1.2854901925200461,-1.1376590032819875,-1.55200561550497,-0.8808079818064339,-0.6089598505988263,True,-1
-0.6655515038867543,1.2854901925200461,-0.5964167340050675,-1.55200561550497,0.6189018392404444,-0.6089598505988263,True,-1
-1.4376752970054887,1.481335161268468,-0.8670378686435275,-1.55200561550497,0.6189018392404444,-0.6089598505988263,True,1
-0.5689332443644419,1.8077434425158379,-0.8670378686435275,-1.55200561550497,-0.8808079818064339,-0.6089598505988263,True,-1
0.38388725113751043,0.3715470050274107,-0.5964167340050675,-1.55200561550497,-0.8808079818064339,0.6393225546342859,False,-1
1.0844724180567453,0.4368286612768847,-0.05517446472814736,-1.55200561550497,0.6189018392404444,0.6393225546342859,True,-1
0.5464937262059126,0.6326736300253065,-0.05517446472814736,-1.55200561550497,-2.380517802853312,-1.8572422558319384,True,3
-1.591236658416483,0.17570203627898887,-0.5964167340050675,-1.55200561550497,0.6189018392404444,0.6393225546342859,False,-1
-0.5446758941013935,1.0896452237716243,-0.8670378686435275,-1.55200561550497,-0.8808079818064339,0.6393225546342859,True,-1
-0.27003335214009716,0.6979552862747805,-0.8670378686435275,-1.55200561550497,0.6189018392404444,-0.6089598505988263,True,1
-0.7987613595685807,1.0896452237716243,-0.3257955993666074,-1.55200561550497,0.6189018392404444,-0.6089598505988263,True,0
-1.2756855342319096,1.2854901925200461,-0.3257955993666074,-1.55200561550497,-0.8808079818064339,-0.6089598505988263,True,-1
-0.5267912375515186,0.5673919737758326,-0.05517446472814736,-1.55200561550497,0.6189018392404444,-0.6089598505988263,False,0
0.7563814772107654,-0.9340861199620684,2.1097946123795333,-1.55200561550497,0.6189018392404444,0.6393225546342859,False,-1
0.4702269724127683,0.5673919737758326,-0.05517446472814736,-1.55200561550497,0.6189018392404444,-0.6089598505988263,True,4
0.23258716814086813,0.8938002550232024,-0.3257955993666074,-1.55200561550497,2.1186116602873226,0.6393225546342859,True,0
-0.42914512420450074,0.6326736300253065,-0.5964167340050675,-1.55200561550497,-0.8808079818064339,-0.6089598505988263,True,4
-0.7185887612415556,0.9590819112726764,-0.8670378686435275,-1.55200561550497,-0.8808079818064339,-0.6089598505988263,True,-1
-1.0680590616414087,0.8285185987737285,-0.5964167340050675,-1.55200561550497,-0.8808079818064339,-0.6089598505988263,False,4
-0.11791098608369037,0.5673919737758326,-0.5964167340050675,-1.55200561550497,0.6189018392404444,0.6393225546342859,True,4
-0.34321654445912525,0.30626534877793676,-0.5964167340050675,-1.55200561550497,0.6189018392404444,-0.6089598505988263,True,-1
-0.34321654445912525,0.30626534877793676,-0.3257955993666074,-1.55200561550497,0.6189018392404444,0.6393225546342859,True,0
-0.48238795232424314,0.5021103175263587,-0.05517446472814736,-1.55200561550497,2.1186116602873226,0.6393225546342859,True,-1
-1.2680794159290893,1.2854901925200461,-1.1376590032819875,-1.55200561550497,-0.8808079818064339,-0.6089598505988263,True,-1
-0.8429590740309151,1.2202085362705721,-0.8670378686435275,-1.55200561550497,0.6189018392404444,-0.6089598505988263,True,3
-0.09714833882464018,1.0896452237716243,-0.5964167340050675,-1.55200561550497,-2.380517802853312,4.384169770333622,True,2
-0.10290432024299072,0.8285185987737285,-1.1376590032819875,-1.55200561550497,-2.380517802853312,-1.8572422558319384,True,3
-0.3518505165866508,1.1549268800210981,-1.1376590032819875,-1.55200561550497,-0.8808079818064339,-0.6089598505988263,True,3
-0.7354455639667249,1.1549268800210981,-0.5964167340050675,-1.55200561550497,-0.8808079818064339,-0.6089598505988263,True,-1
-0.48855507527247577,0.6979552862747805,-0.3257955993666074,-1.55200561550497,0.6189018392404444,-0.6089598505988263,False,-1
-0.34856138434759343,0.6326736300253065,-0.05517446472814736,-1.55200561550497,0.6189018392404444,-0.6089598505988263,True,-1
-1.4243131972843177,-0.9993677762115424,1.568552343102613,-1.55200561550497,0.6189018392404444,0.6393225546342859,False,-1
-1.3155662626304812,0.17570203627898887,-0.5964167340050675,-1.55200561550497,0.6189018392404444,-0.6089598505988263,True,-1
-1.1406255416656135,0.4368286612768847,1.297931208464153,-1.55200561550497,-0.8808079818064339,-0.6089598505988263,False,4
1.138331958471311,-0.6076778387146986,-0.3257955993666074,-1.55200561550497,0.6189018392404444,0.6393225546342859,False,0
0.8379930708923782,-1.7827476512052298,0.48606780454877274,-1.55200561550497,0.6189018392404444,-0.6089598505988263,False,3
-0.9558174239835736,-2.1091559324525995,0.2154466699103127,-1.55200561550497,-2.380517802853312,-1.8572422558319384,False,0
2.0831351941405614,-1.1299310887104903,1.0273100738256928,-1.55200561550497,0.6189018392404444,0.6393225546342859,False,3
-0.13929034563756387,0.5673919737758326,-0.05517446472814736,-1.55200561550497,0.6189018392404444,-0.6089598505988263,False,-1
-0.4862937968581238,1.416053505018994,-0.8670378686435275,-1.55200561550497,0.6189018392404444,-0.6089598505988263,True,-1
-0.5280246621411652,-2.1091559324525995,-0.3257955993666074,-1.55200561550497,-0.8808079818064339,-0.6089598505988263,False,3
-0.8032839163972847,-2.1091559324525995,-0.3257955993666074,-1.55200561550497,-0.8808079818064339,-0.6089598505988263,False,-1
0.05291831958235552,1.2202085362705721,-0.8670378686435275,-1.55200561550497,0.6189018392404444,0.6393225546342859,True,-1
0.015915581892959368,0.8938002550232024,-0.3257955993666074,-1.55200561550497,0.6189018392404444,-0.6089598505988263,True,2
0.37628113283469,0.5021103175263587,-0.3257955993666074,-1.55200561550497,0.6189018392404444,0.6393225546342859,False,0
0.015298869598136075,0.8285185987737285,-0.8670378686435275,-1.55200561550497,-2.380517802853312,-1.8572422558319384,False,-1
1.4740290176201114,-2.043874276203126,1.297931208464153,-1.55200561550497,0.6189018392404444,0.6393225546342859,False,0
3.1650541300255184,-2.043874276203126,3.1922791509333734,-1.55200561550497,0.6189018392404444,0.6393225546342859,False,0
3.1623817100812843,-2.043874276203126,3.1922791509333734,-1.55200561550497,0.6189018392404444,0.6393225546342859,False,0
2.5057886868594426,-2.043874276203126,3.1922791509333734,-1.55200561550497,0.6189018392404444,0.6393225546342859,False,0
-0.7142717751777927,-2.043874276203126,1.839173477741073,-1.55200561550497,0.6189018392404444,0.6393225546342859,False,3
-1.2943924738415489,0.6326736300253065,1.839173477741073,-1.55200561550497,-2.380517802853312,-0.6089598505988263,False,-1
2.6087796400949284,-1.521621026207334,-0.05517446472814736,-1.55200561550497,0.6189018392404444,0.6393225546342859,False,-1
-0.20219499970953747,1.0243635675221503,-0.5964167340050675,-1.55200561550497,-0.8808079818064339,0.6393225546342859,True,1
-1.4115678098579703,1.0243635675221503,-0.8670378686435275,-1.55200561550497,-0.8808079818064339,0.6393225546342859,True,0
-1.499963238782639,0.4368286612768847,0.7566889391872328,-1.55200561550497,-2.380517802853312,-0.6089598505988263,False,2
-1.4970852480734638,0.4368286612768847,1.297931208464153,-1.55200561550497,-2.380517802853312,-0.6089598505988263,False,0
0.8513551706135492,0.4368286612768847,-0.05517446472814736,-1.55200561550497,0.6189018392404444,0.6393225546342859,False,4
0.6587353638637476,0.6326736300253065,0.2154466699103127,-1.55200561550497,0.6189018392404444,0.6393225546342859,False,4
0.36682487764739996,0.5021103175263587,1.0273100738256928,-1.55200561550497,0.6189018392404444,0.6393225546342859,False,-1
1.462105913253528,0.17570203627898887,-0.3257955993666074,-1.55200561550497,0.6189018392404444,0.6393225546342859,False,0
0.5503995707397935,0.6979552862747805,-1.1376590032819875,-1.55200561550497,0.6189018392404444,1.887604959867398,False,-1
-0.9093584311068872,-1.1952127449599643,1.568552343102613,-1.55200561550497,-0.8808079818064339,-0.6089598505988263,False,2
1.6395134833976885,0.7632369425242544,0.2154466699103127,-1.55200561550497,0.6189018392404444,0.6393225546342859,False,3
-0.8250744174810402,0.5673919737758326,-0.05517446472814736,-1.55200561550497,-0.8808079818064339,-0.6089598505988263,True,2
-0.19993372129518522,-0.9993677762115424,-0.3257955993666074,-1.55200561550497,-0.8808079818064339,-0.6089598505988263,False,-1
1.0593927847339324,0.3715470050274107,-0.3257955993666074,-1.55200561550497,0.6189018392404444,0.6393225546342859,False,4
-0.24515928958222508,0.6326736300253065,-0.8670378686435275,-1.55200561550497,0.6189018392404444,-0.6089598505988263,True,2
-0.28976814557444164,-1.8480293074547038,1.297931208464153,-1.55200561550497,-0.8808079818064339,-0.6089598505988263,False,0
-1.0351677392508343,-0.9993677762115424,-0.5964167340050675,-1.55200561550497,-2.380517802853312,-0.6089598505988263,False,-1
0.8550554443824889,0.24098369252846283,0.48606780454877274,-1.55200561550497,0.6189018392404444,0.6393225546342859,False,-1
-0.2766116166182119,-1.2604944012094381,2.1097946123795333,-1.55200561550497,0.6189018392404444,0.6393225546342859,False,-1
0.11664525671409333,0.5673919737758326,-1.1376590032819875,-1.55200561550497,-0.8808079818064339,-0.6089598505988263,False,2
-1.3194721071643618,-1.1952127449599643,-0.5964167340050675,-1.55200561550497,-0.8808079818064339,-0.6089598505988263,False,-1
-1.2999428844949583,-0.41183286996627677,-0.8670378686435275,-1.55200561550497,-0.8808079818064339,-0.6089598505988263,False,4
0.3633301746434014,0.5673919737758326,-0.3257955993666074,-1.55200561550497,0.6189018392404444,0.6393225546342859,False,2
1.564891295724073,0.8938002550232024,1.0273100738256928,-1.55200561550497,0.6189018392404444,0.6393225546342859,False,-1
-0.09797062188440465,0.7632369425242544,-1.1376590032819875,-1.55200561550497,0.6189018392404444,0.6393225546342859,False,1
-0.31443663736737254,0.17570203627898887,-0.3257955993666074,-1.55200561550497,0.6189018392404444,-0.6089598505988263,False,-1
-0.015331174378086534,0.30626534877793676,-1.1376590032819875,-1.55200561550497,0.6189018392404444,0.6393225546342859,False,-1
0.024138412490602796,0.30626534877793676,0.2154466699103127,-1.55200561550497,-0.8808079818064339,-0.6089598505988263,False,0
-1.7521985673653564,0.8938002550232024,-0.05517446472814736,-1.55200561550497,0.6189018392404444,-0.6089598505988263,True,4
0.9395450287732772,0.045138723780040954,-0.05517446472814736,-1.55200561550497,-0.8808079818064339,0.6393225546342859,False,-1
-1.9775041257407913,0.8285185987737285,0.2154466699103127,-1.55200561550497,-2.380517802853312,-1.8572422558319384,False,0
-1.3340676314751791,-0.41183286996627677,1.568552343102613,-1.55200561550497,-0.8808079818064339,-0.6089598505988263,False,3
-1.276096675761792,0.17570203627898887,0.7566889391872328,-1.55200561550497,-0.8808079818064339,-0.6089598505988263,False,3
2.0833407649055022,0.6979552862747805,0.7566889391872328,-1.55200561550497,0.6189018392404444,0.6393225546342859,False,3
0.17708306160677376,1.0243635675221503,-1.1376590032819875,-1.55200561550497,0.6189018392404444,0.6393225546342859,True,-1
-1.2388883673074547,-1.9785926199536517,2.6510368816564536,-1.55200561550497,-0.8808079818064339,-0.6089598505988263,False,0
0.4486420420939539,0.17570203627898887,2.1097946123795333,-1.55200561550497,0.6189018392404444,0.6393225546342859,False,4
0.1612541127063099,0.6979552862747805,-0.5964167340050675,-1.55200561550497,0.6189018392404444,0.6393225546342859,False,4
-1.0701147692908195,0.9590819112726764,1.839173477741073,-1.55200561550497,-0.8808079818064339,-0.6089598505988263,False,0
1.051581095666171,0.8285185987737285,1.568552343102613,-1.55200561550497,0.6189018392404444,0.6393225546342859,False,-1
-1.148848372263257,0.5021103175263587,0.48606780454877274,-1.55200561550497,-0.8808079818064339,-0.6089598505988263,False,1
-1.1167793329324471,0.8285185987737285,-0.3257955993666074,-1.55200561550497,-0.8808079818064339,-0.6089598505988263,False,1
-1.0947832610837505,-1.1952127449599643,-0.8670378686435275,-1.55200561550497,-0.8808079818064339,-0.6089598505988263,False,3
0.09999402475386499,-0.21598790121785488,-0.5964167340050675,-1.55200561550497,-0.8808079818064339,-0.6089598505988263,False,0
0.03708937068189137,0.5673919737758326,-0.05517446472814736,-1.55200561550497,-0.8808079818064339,-0.6089598505988263,True,3
0.17831648619642035,0.3715470050274107,-0.8670378686435275,-1.55200561550497,0.6189018392404444,0.6393225546342859,True,-1
0.5353929048990939,0.6326736300253065,-0.3257955993666074,-1.55200561550497,0.6189018392404444,0.6393225546342859,False,1
-1.073198330764936,-1.1299310887104903,-0.05517446472814736,-1.55200561550497,-0.8808079818064339,-0.6089598505988263,False,3
0.5142191161101616,0.6979552862747805,0.48606780454877274,-1.55200561550497,0.6189018392404444,0.6393225546342859,False,-1
-1.1104066392192733,-1.2604944012094381,0.48606780454877274,-1.55200561550497,-0.8808079818064339,-0.6089598505988263,False,2
-0.36747389472217373,0.7632369425242544,0.48606780454877274,-1.55200561550497,0.6189018392404444,-0.6089598505988263,False,1
-0.88160637783984,-1.652184338706282,-0.05517446472814736,-1.55200561550497,-0.8808079818064339,-0.6089598505988263,False,4
-0.44517964386990583,-1.652184338706282,-0.3257955993666074,-1.55200561550497,-0.8808079818064339,-0.6089598505988263,False,-1
0.312348624938011,1.2202085362705721,-0.5964167340050675,-1.55200561550497,0.6189018392404444,0.6393225546342859,True,1
2.5432025660787207,-0.020142932469433005,0.2154466699103127,-1.55200561550497,0.6189018392404444,0.6393225546342859,False,0
0.7668655862227615,1.416053505018994,-1.1376590032819875,-1.55200561550497,0.6189018392404444,0.6393225546342859,True,-1
-0.13744020875309398,0.5673919737758326,0.7566889391872328,-1.55200561550497,0.6189018392404444,0.6393225546342859,False,0
-1.7260910802178382,-0.4771145262157507,-0.8670378686435275,-1.55200561550497,-0.8808079818064339,-0.6089598505988263,False,-1
-1.7815951867519324,-0.4771145262157507,-0.8670378686435275,-1.55200561550497,-0.8808079818064339,-0.6089598505988263,False,3
1.1050294945508543,-0.6076778387146986,-0.5964167340050675,-1.55200561550497,0.6189018392404444,0.6393225546342859,False,-1
-1.3918330164236254,-0.5423961824652247,-0.3257955993666074,-1.55200561550497,-0.8808079818064339,-0.6089598505988263,False,4
-1.011321530517668,0.30626534877793676,3.1922791509333734,-1.55200561550497,0.6189018392404444,0.6393225546342859,False,-1
0.437952362317017,1.2202085362705721,-1.1376590032819875,-1.55200561550497,0.6189018392404444,-0.6089598505988263,True,0
0.12199009660256177,-1.3910577137083862,0.2154466699103127,-1.55200561550497,-0.8808079818064339,-0.6089598505988263,False,4
0.33825054132058846,-0.21598790121785488,-0.05517446472814736,-1.55200561550497,0.6189018392404444,0.6393225546342859,True,0
3.0787144087502596,-0.4771145262157507,-0.3257955993666074,-1.55200561550497,0.6189018392404444,1.887604959867398,False,-1
-0.31155864665819727,-1.2604944012094381,0.48606780454877274,-1.55200561550497,0.6189018392404444,-0.6089598505988263,False,2
-0.5183628361889339,-2.1091559324525995,-1.1376590032819875,-1.55200561550497,-2.380517802853312,-1.8572422558319384,False,-1
0.24451027250745133,-1.3910577137083862,-1.1376590032819875,-1.55200561550497,0.6189018392404444,-0.6089598505988263,False,4
0.004198048291317082,-1.3257760574589121,-0.8670378686435275,-1.55200561550497,0.6189018392404444,-0.6089598505988263,False,-1
-0.0841973806333516,0.11042038002951492,-0.05517446472814736,-1.55200561550497,0.6189018392404444,-0.6089598505988263,True,1
-1.0995113886773955,-0.9340861199620684,0.7566889391872328,-1.55200561550497,-2.380517802853312,-1.8572422558319384,False,-1
-0.04801692600371992,-0.41183286996627677,-0.05517446472814736,-1.55200561550497,0.6189018392404444,-0.6089598505988263,False,3
-1.0662089247569388,-0.41183286996627677,4.545384824125674,-1.55200561550497,-0.8808079818064339,-0.6089598505988263,False,3
-0.9175812617045307,-0.41183286996627677,1.568552343102613,-1.55200561550497,-2.380517802853312,-0.6089598505988263,False,3
-1.052435683505886,-0.41183286996627677,2.1097946123795333,-1.55200561550497,-0.8808079818064339,-0.6089598505988263,False,4
-1.064153217107528,-0.41183286996627677,3.7335214202102938,-1.55200561550497,-0.8808079818064339,-0.6089598505988263,False,3
-1.0921108411395162,-0.41183286996627677,1.839173477741073,-1.55200561550497,-0.8808079818064339,-0.6089598505988263,False,3
-0.7257837380144937,-0.28126955746732885,2.9216580162949137,-1.55200561550497,-0.8808079818064339,-0.6089598505988263,False,1
-0.5541321492886835,-1.9785926199536517,5.898490497317974,-1.55200561550497,-0.8808079818064339,-1.8572422558319384,False,3
0.5259366497118035,-1.9785926199536517,5.898490497317974,-1.55200561550497,-0.8808079818064339,0.6393225546342859,False,2
0.4404192114963102,0.8938002550232024,-0.3257955993666074,-1.55200561550497,0.6189018392404444,-0.6089598505988263,True,1
-0.43181754414873486,0.8285185987737285,-0.8670378686435275,-1.55200561550497,0.6189018392404444,-0.6089598505988263,True,3
1.1597113180251843,0.4368286612768847,-1.1376590032819875,-1.55200561550497,0.6189018392404444,0.6393225546342859,False,3
-0.42667827502520755,-0.28126955746732885,-0.3257955993666074,-1.55200561550497,0.6189018392404444,-0.6089598505988263,False,3
1.9264902712554504,-1.0646494324610163,1.568552343102613,-1.55200561550497,0.6189018392404444,0.6393225546342859,False,-1
0.5763014871223707,-1.0646494324610163,-0.5964167340050675,-1.55200561550497,0.6189018392404444,0.6393225546342859,False,-1
-0.09550377270511148,0.8938002550232024,-0.5964167340050675,-1.55200561550497,0.6189018392404444,-0.6089598505988263,True,2
0.2848021424359051,0.5021103175263587,-0.8670378686435275,-1.55200561550497,0.6189018392404444,0.6393225546342859,True,-1
2.3117298847550534,-0.3465512137168028,-0.5964167340050675,-1.55200561550497,0.6189018392404444,0.6393225546342859,False,0
2.4097871396319532,-0.21598790121785488,-0.5964167340050675,-1.55200561550497,0.6189018392404444,0.6393225546342859,False,2
0.6394117119592853,-0.28126955746732885,0.7566889391872328,-1.55200561550497,0.6189018392404444,0.6393225546342859,False,2
-1.365519958511166,-0.6729594949641726,-0.8670378686435275,-1.55200561550497,-0.8808079818064339,-0.6089598505988263,False,3
-1.3961500024873885,-1.3910577137083862,0.7566889391872328,-1.55200561550497,0.6189018392404444,0.6393225546342859,False,4
-0.44209608239578935,0.8938002550232024,-0.8670378686435275,-1.55200561550497,-0.8808079818064339,-0.6089598505988263,True,1
-0.4698481356628367,1.416053505018994,-0.5964167340050675,-1.55200561550497,-0.8808079818064339,-0.6089598505988263,True,2
-0.026226424919964332,1.3507718487695202,-0.5964167340050675,-1.55200561550497,0.6189018392404444,-0.6089598505988263,True,-1
0.2829520055514353,1.0243635675221503,-1.1376590032819875,-1.55200561550497,0.6189018392404444,0.6393225546342859,True,4
-0.49595562281035505,1.2202085362705721,-0.5964167340050675,-1.55200561550497,0.6189018392404444,-0.6089598505988263,True,-1
-0.22460221308811606,0.4368286612768847,-0.3257955993666074,-1.55200561550497,0.6189018392404444,0.6393225546342859,True,4
0.3986883462132689,1.3507718487695202,-1.1376590032819875,-1.55200561550497,0.6189018392404444,0.6393225546342859,True,-1
-0.979869203481681,-1.9133109637041779,1.0273100738256928,-1.55200561550497,-0.8808079818064339,-0.6089598505988263,False,0
-0.8715334103577267,-0.3465512137168028,0.48606780454877274,-1.55200561550497,-0.8808079818064339,-0.6089598505988263,False,-1
2.8495030058409445,-0.6076778387146986,-0.05517446472814736,-1.55200561550497,0.6189018392404444,-0.6089598505988263,False,4
1.7289367661470627,-0.15070624496838092,-0.8670378686435275,-1.55200561550497,0.6189018392404444,0.6393225546342859,False,1
0.5170971068193368,-0.020142932469433005,-0.5964167340050675,-1.55200561550497,0.6189018392404444,0.6393225546342859,True,-1
0.19722899657100068,0.4368286612768847,0.2154466699103127,-1.55200561550497,0.6189018392404444,0.6393225546342859,False,0
-0.7977335057438752,0.4368286612768847,0.48606780454877274,-1.55200561550497,0.6189018392404444,-0.6089598505988263,False,-1
-0.7245503134248473,-0.3465512137168028,-1.1376590032819875,-1.55200561550497,0.6189018392404444,0.6393225546342859,False,2
-0.9173756909395897,-0.8688044637125945,0.2154466699103127,-1.55200561550497,-0.8808079818064339,-0.6089598505988263,False,-1
-1.2331323858891041,1.1549268800210981,-0.8670378686435275,-1.55200561550497,-2.380517802853312,-0.6089598505988263,False,4
-1.0324953193066002,1.1549268800210981,-0.8670378686435275,-1.55200561550497,-2.380517802853312,-0.6089598505988263,False,-1
-0.6754189006039267,1.2854901925200461,-1.1376590032819875,-1.55200561550497,-2.380517802853312,-0.6089598505988263,True,2
-0.6669904992413421,1.0243635675221503,-0.8670378686435275,-1.55200561550497,-0.8808079818064339,-0.6089598505988263,True,-1
0.34996807492223075,-0.15070624496838092,0.48606780454877274,-1.55200561550497,0.6189018392404444,-0.6089598505988263,False,2
2.5882225636008194,-0.9340861199620684,-0.3257955993666074,-1.55200561550497,0.6189018392404444,0.6393225546342859,False,-1
0.05497402723176631,0.24098369252846283,-0.3257955993666074,-1.55200561550497,0.6189018392404444,-0.6089598505988263,True,2
0.4412414945560747,-0.8035228074631204,-1.1376590032819875,-1.55200561550497,0.6189018392404444,-0.6089598505988263,False,2
0.5133968330503971,0.3715470050274107,-1.1376590032819875,-1.55200561550497,0.6189018392404444,0.6393225546342859,False,4
0.542587881672032,0.4368286612768847,0.48606780454877274,-1.55200561550497,0.6189018392404444,-0.6089598505988263,False,-1
1.2392672040573862,-0.8035228074631204,-1.1376590032819875,-1.55200561550497,0.6189018392404444,0.6393225546342859,False,-1
-1.1389809755460847,-1.2604944012094381,1.839173477741073,-1.55200561550497,-2.380517802853312,-1.8572422558319384,False,1
-0.7360622762615482,-0.08542458871890696,-0.8670378686435275,-1.55200561550497,0.6189018392404444,-0.6089598505988263,False,2
0.22847575284204627,0.7632369425242544,-0.05517446472814736,-1.55200561550497,-0.8808079818064339,-0.6089598505988263,False,-1
-0.8310359696643319,-1.2604944012094381,0.48606780454877274,-1.55200561550497,-0.8808079818064339,-0.6089598505988263,False,-1
-0.9457444565014601,-1.2604944012094381,-0.05517446472814736,-1.55200561550497,-0.8808079818064339,-0.6089598505988263,False,-1
-0.867833136588787,-1.2604944012094381,-0.3257955993666074,-1.55200561550497,-0.8808079818064339,-0.6089598505988263,False,1
-1.0429794283185958,0.8938002550232024,-1.1376590032819875,-1.55200561550497,0.6189018392404444,0.6393225546342859,False,2
-0.12305025520721763,0.24098369252846283,-0.3257955993666074,-1.55200561550497,0.6189018392404444,0.6393225546342859,True,2
-0.3691184608417024,0.5021103175263587,-0.05517446472814736,-1.55200561550497,0.6189018392404444,0.6393225546342859,True,3
0.060113296355293555,0.5673919737758326,0.2154466699103127,-1.55200561550497,-0.8808079818064339,0.6393225546342859,False,0
-1.3992335639615048,-1.1952127449599643,-0.8670378686435275,-1.55200561550497,-2.380517802853312,-1.8572422558319384,False,1
-0.8273356958953924,-1.1952127449599643,0.2154466699103127,-1.55200561550497,-0.8808079818064339,-0.6089598505988263,False,-1
-1.166938599578073,0.5021103175263587,0.7566889391872328,-1.55200561550497,-2.380517802853312,-1.8572422558319384,False,2
-0.9401940458480507,0.5021103175263587,0.7566889391872328,-1.55200561550497,-2.380517802853312,-1.8572422558319384,False,0
0.32899985689823935,-0.3465512137168028,0.2154466699103127,-1.55200561550497,-0.8808079818064339,0.6393225546342859,False,-1
0.8622504211554269,0.7632369425242544,-0.3257955993666074,-1.55200561550497,0.6189018392404444,0.6393225546342859,False,2
0.6871041294256186,0.7632369425242544,-0.3257955993666074,-1.55200561550497,-0.8808079818064339,-0.6089598505988263,False,-1
-0.283601022626209,1.1549268800210981,-0.5964167340050675,-1.55200561550497,0.6189018392404444,0.6393225546342859,True,3
0.5331316264847419,0.7632369425242544,-0.5964167340050675,-1.55200561550497,0.6189018392404444,0.6393225546342859,False,-1
2.332903673543985,-1.2604944012094381,-0.05517446472814736,-1.55200561550497,0.6189018392404444,0.6393225546342859,False,3
-1.5974037813647155,0.7632369425242544,-0.8670378686435275,-1.55200561550497,0.6189018392404444,0.6393225546342859,True,2
0.9664747989805594,-1.45633936995786,1.839173477741073,-1.55200561550497,0.6189018392404444,5.632452175566734,False,-1
-0.5292580867308118,-2.043874276203126,-0.3257955993666074,-1.55200561550497,-0.8808079818064339,-0.6089598505988263,False,3
0.47002140164782713,0.3715470050274107,-0.5964167340050675,-1.55200561550497,0.6189018392404444,0.6393225546342859,False,1
-0.22789134532717373,0.30626534877793676,-0.5964167340050675,-1.55200561550497,-0.8808079818064339,-0.6089598505988263,True,0
0.9428341610123345,0.4368286612768847,-0.05517446472814736,-1.55200561550497,0.6189018392404444,0.6393225546342859,False,4
-0.47252055560707074,0.6326736300253065,0.2154466699103127,-1.55200561550497,0.6189018392404444,0.6393225546342859,False,4
-1.0181053657607237,0.6326736300253065,1.839173477741073,-1.55200561550497,0.6189018392404444,0.6393225546342859,False,-1
1.1802683945192933,0.4368286612768847,-0.05517446472814736,-1.55200561550497,0.6189018392404444,0.6393225546342859,False,0
-0.027870991039493018,1.1549268800210981,-0.5964167340050675,-1.55200561550497,0.6189018392404444,0.6393225546342859,True,4
-0.41722201983791757,0.4368286612768847,2.1097946123795333,-1.55200561550497,0.6189018392404444,-0.6089598505988263,False,1
0.4297295317193736,0.6979552862747805,0.48606780454877274,-1.55200561550497,0.6189018392404444,0.6393225546342859,False,-1
0.4642654202294766,0.6979552862747805,0.48606780454877274,-1.55200561550497,0.6189018392404444,0.6393225546342859,False,1
-0.02540414186019984,1.1549268800210981,-0.8670378686435275,-1.55200561550497,0.6189018392404444,0.6393225546342859,True,-1
-1.4308914617624326,1.416053505018994,-0.3257955993666074,-1.55200561550497,-0.8808079818064339,-0.6089598505988263,True,-1
-1.3141272672758937,-0.08542458871890696,-0.8670378686435275,-1.55200561550497,0.6189018392404444,0.6393225546342859,False,4
-1.0602473725736474,0.6979552862747805,-0.5964167340050675,-1.55200561550497,-0.8808079818064339,-0.6089598505988263,False,3
-0.7773820000147073,0.6979552862747805,1.297931208464153,-1.55200561550497,-0.8808079818064339,-0.6089598505988263,False,0
-0.7773820000147073,0.6979552862747805,0.7566889391872328,-1.55200561550497,-0.8808079818064339,0.6393225546342859,False,1
0.25561109381427033,0.045138723780040954,-0.05517446472814736,-1.55200561550497,0.6189018392404444,0.6393225546342859,False,1
-1.1548099244465488,0.8938002550232024,-0.3257955993666074,-1.55200561550497,-2.380517802853312,0.6393225546342859,True,3
-0.41763316136779965,-1.3910577137083862,1.568552343102613,-1.55200561550497,-0.8808079818064339,-0.6089598505988263,False,2
-0.7428461115046041,-0.08542458871890696,-0.3257955993666074,-1.55200561550497,0.6189018392404444,0.6393225546342859,False,0
-0.3972816556386318,0.4368286612768847,0.2154466699103127,-1.55200561550497,-0.8808079818064339,-0.6089598505988263,False,-1
0.03770608297671467,-1.7174659949557558,2.6510368816564536,-1.55200561550497,-0.8808079818064339,-0.6089598505988263,False,2
-0.9543784286289859,-1.7174659949557558,0.7566889391872328,-1.55200561550497,-0.8808079818064339,-0.6089598505988263,False,-1
-1.1058840823905693,0.5673919737758326,0.48606780454877274,-1.55200561550497,-0.8808079818064339,-0.6089598505988263,False,2
0.26835648124061773,-1.3910577137083862,-0.5964167340050675,-1.55200561550497,0.6189018392404444,-0.6089598505988263,False,3
0.10533886464233343,1.8730250987653116,-0.5964167340050675,-1.55200561550497,2.1186116602873226,1.887604959867398,True,-1
-0.9013411712741847,0.5021103175263587,0.7566889391872328,-1.55200561550497,-2.380517802853312,-1.8572422558319384,False,1
-0.3053915237099646,-2.1091559324525995,-0.05517446472814736,-1.55200561550497,0.6189018392404444,-0.6089598505988263,False,4
0.05147932422776774,-2.1091559324525995,0.2154466699103127,-1.55200561550497,-0.8808079818064339,-0.6089598505988263,False,2
-0.315258920427137,-2.1091559324525995,1.839173477741073,-1.55200561550497,0.6189018392404444,-0.6089598505988263,False,2
-1.1842065438331246,-0.9340861199620684,1.839173477741073,-1.55200561550497,-0.8808079818064339,-0.6089598505988263,False,0
0.024138412490602796,0.11042038002951492,-0.5964167340050675,-1.55200561550497,0.6189018392404444,0.6393225546342859,True,0
0.42294569647631763,-0.6729594949641726,-0.8670378686435275,-1.55200561550497,-2.380517802853312,-0.6089598505988263,False,-1
-1.3665478123358716,0.9590819112726764,-0.5964167340050675,-1.55200561550497,-2.380517802853312,-1.8572422558319384,True,-1
0.6204992015847052,0.4368286612768847,-0.5964167340050675,-1.55200561550497,0.6189018392404444,-0.6089598505988263,True,-1
0.4714603970024149,0.5021103175263587,1.839173477741073,-1.55200561550497,0.6189018392404444,0.6393225546342859,False,-1
-0.5989465760458412,1.1549268800210981,-0.8670378686435275,-1.55200561550497,0.6189018392404444,-0.6089598505988263,True,0
-1.3665478123358716,0.9590819112726764,-0.8670378686435275,-1.55200561550497,-2.380517802853312,-1.8572422558319384,True,-1
-0.1357956426335653,0.11042038002951492,-0.05517446472814736,-1.55200561550497,-0.8808079818064339,-0.6089598505988263,True,3
-1.5803414078746052,0.7632369425242544,-0.5964167340050675,-1.55200561550497,0.6189018392404444,-0.6089598505988263,True,0
-1.3455795943118802,1.2202085362705721,-0.5964167340050675,-1.55200561550497,-0.8808079818064339,-0.6089598505988263,True,0
-1.3054932951483678,-1.7174659949557558,0.48606780454877274,-1.55200561550497,-2.380517802853312,-1.8572422558319384,False,1
0.13309091790938046,0.7632369425242544,-0.5964167340050675,-1.55200561550497,-0.8808079818064339,3.13588736510051,True,1
0.13309091790938046,0.7632369425242544,-0.8670378686435275,-1.55200561550497,-0.8808079818064339,1.887604959867398,True,3
-0.12757281203592158,0.8285185987737285,-0.3257955993666074,-1.55200561550497,0.6189018392404444,-0.6089598505988263,True,-1
-1.0191332195854292,1.2202085362705721,-0.8670378686435275,-1.55200561550497,-0.8808079818064339,-0.6089598505988263,True,3
-1.1819452654187728,1.2202085362705721,-0.5964167340050675,-1.55200561550497,-0.8808079818064339,-0.6089598505988263,True,0
-1.1819452654187728,1.2202085362705721,-0.3257955993666074,-1.55200561550497,-0.8808079818064339,-0.6089598505988263,True,-1
-1.200857775793353,0.9590819112726764,-0.3257955993666074,-1.55200561550497,-0.8808079818064339,-0.6089598505988263,True,1
-1.0168719411710774,0.9590819112726764,-0.3257955993666074,-1.55200561550497,-0.8808079818064339,-0.6089598505988263,True,0
-0.4589528851209589,1.416053505018994,-0.3257955993666074,1.7799649773755415,9.617160765521716,-1.8572422558319384,True,4
-0.8374086633775056,-1.1952127449599643,0.2154466699103127,1.7799649773755415,-0.8808079818064339,-0.6089598505988263,False,0
-0.961573405401924,-1.2604944012094381,0.48606780454877274,1.7799649773755415,-2.380517802853312,-0.6089598505988263,False,4
0.5785627655367227,0.3715470050274107,1.839173477741073,1.7799649773755415,0.6189018392404444,-0.6089598505988263,False,-1
0.8994587296097643,-2.043874276203126,0.2154466699103127,1.7799649773755415,-2.380517802853312,-1.8572422558319384,False,0
-0.4336676810332047,1.481335161268468,-0.8670378686435275,1.7799649773755415,-0.8808079818064339,-0.6089598505988263,True,3
-0.8863345054334851,-1.8480293074547038,-0.8670378686435275,1.7799649773755415,-0.8808079818064339,-0.6089598505988263,False,-1
-1.4837231483522928,-1.1952127449599643,-0.8670378686435275,1.7799649773755415,-0.8808079818064339,-0.6089598505988263,False,4
-0.31011965130360974,0.8938002550232024,-0.5964167340050675,1.7799649773755415,0.6189018392404444,-0.6089598505988263,True,4
-0.20178385817965508,-1.521621026207334,0.7566889391872328,1.7799649773755415,0.6189018392404444,0.6393225546342859,False,4
0.0009089160522597108,0.3715470050274107,-0.8670378686435275,1.7799649773755415,0.6189018392404444,0.6393225546342859,True,1
-1.0762818922390525,-1.3257760574589121,-0.5964167340050675,1.7799649773755415,-2.380517802853312,-1.8572422558319384,False,0
-0.10907144319122365,-1.45633936995786,-0.3257955993666074,1.7799649773755415,0.6189018392404444,0.6393225546342859,False,-1
-1.1445313861994943,0.6326736300253065,1.0273100738256928,1.7799649773755415,-0.8808079818064339,-1.8572422558319384,False,-1
-0.6474612765719385,1.546616817517942,-1.1376590032819875,1.7799649773755415,0.6189018392404444,-0.6089598505988263,True,1
0.26424506594179614,-0.5423961824652247,-0.3257955993666074,1.7799649773755415,0.6189018392404444,0.6393225546342859,False,1
-0.7442851068591918,-1.3257760574589121,2.3804157470179934,1.7799649773755415,-0.8808079818064339,-0.6089598505988263,False,1
1.4791682867436386,0.30626534877793676,-0.5964167340050675,1.7799649773755415,0.6189018392404444,0.6393225546342859,False,-1
-0.673774334484398,1.3507718487695202,-0.8670378686435275,1.7799649773755415,-2.380517802853312,-1.8572422558319384,True,2
-1.1833842607733602,-0.9340861199620684,-0.8670378686435275,1.7799649773755415,-0.8808079818064339,-0.6089598505988263,False,-1
-1.1883179591319464,1.2202085362705721,0.2154466699103127,1.7799649773755415,-2.380517802853312,-0.6089598505988263,False,-1
0.3378393997907064,0.5673919737758326,-0.8670378686435275,1.7799649773755415,0.6189018392404444,0.6393225546342859,False,4
2.575066034644589,0.3715470050274107,0.7566889391872328,1.7799649773755415,0.6189018392404444,0.6393225546342859,False,4
0.872734530167423,0.6326736300253065,0.2154466699103127,1.7799649773755415,0.6189018392404444,0.6393225546342859,False,1
0.9582519683829164,0.11042038002951492,0.48606780454877274,1.7799649773755415,0.6189018392404444,0.6393225546342859,False,0
0.016326723422841465,0.24098369252846283,1.297931208464153,1.7799649773755415,0.6189018392404444,-0.6089598505988263,False,2
0.28994141155943237,0.24098369252846283,0.2154466699103127,1.7799649773755415,-0.8808079818064339,0.6393225546342859,False,3
-1.0296173285974248,1.0896452237716243,-1.1376590032819875,1.7799649773755415,-2.380517802853312,-1.8572422558319384,True,1
-1.8597120774295466,0.6979552862747805,1.0273100738256928,1.7799649773755415,-0.8808079818064339,-0.6089598505988263,False,0
-1.4438424199537214,0.6979552862747805,0.2154466699103127,1.7799649773755415,-0.8808079818064339,-0.6089598505988263,False,-1
-1.3778542044076316,0.5021103175263587,0.7566889391872328,1.7799649773755415,-0.8808079818064339,-0.6089598505988263,False,3
-0.8920904868518357,0.8938002550232024,0.7566889391872328,1.7799649773755415,-0.8808079818064339,-0.6089598505988263,False,0
0.9288553489963403,-0.6729594949641726,1.839173477741073,1.7799649773755415,-0.8808079818064339,-0.6089598505988263,False,-1
1.1878745128221138,-0.6729594949641726,-0.3257955993666074,1.7799649773755415,0.6189018392404444,0.6393225546342859,False,-1
1.1882856543519962,-0.6729594949641726,0.2154466699103127,1.7799649773755415,0.6189018392404444,0.6393225546342859,False,2
-1.5217537398663945,0.7632369425242544,-0.3257955993666074,1.7799649773755415,-0.8808079818064339,-0.6089598505988263,False,0
-1.2275819752356947,0.11042038002951492,0.2154466699103127,1.7799649773755415,-0.8808079818064339,-0.6089598505988263,False,4
-1.4140346590372632,0.11042038002951492,-0.8670378686435275,1.7799649773755415,-0.8808079818064339,-0.6089598505988263,False,0
-1.2520448962636843,0.5673919737758326,-0.05517446472814736,1.7799649773755415,-0.8808079818064339,-0.6089598505988263,False,-1
-1.3546247079692881,0.5673919737758326,0.2154466699103127,1.7799649773755415,-2.380517802853312,-1.8572422558319384,False,2
-1.2557451700326239,1.1549268800210981,-0.3257955993666074,1.7799649773755415,0.6189018392404444,0.6393225546342859,True,0
-0.9440998903819314,0.7632369425242544,1.568552343102613,1.7799649773755415,-0.8808079818064339,-0.6089598505988263,False,3
-1.3328342068855326,0.5021103175263587,0.48606780454877274,1.7799649773755415,-2.380517802853312,-1.8572422558319384,False,0
-0.6776801790182787,1.3507718487695202,-0.5964167340050675,1.7799649773755415,-0.8808079818064339,-0.6089598505988263,True,4
-0.9845973310753262,-0.15070624496838092,0.2154466699103127,1.7799649773755415,-0.8808079818064339,-0.6089598505988263,False,1
-1.1620049012194869,0.17570203627898887,0.7566889391872328,1.7799649773755415,-0.8808079818064339,-0.6089598505988263,False,-1
-0.9212815354734704,1.3507718487695202,-0.8670378686435275,1.7799649773755415,-0.8808079818064339,-0.6089598505988263,True,-1
0.08005366055457927,0.5021103175263587,-0.5964167340050675,1.7799649773755415,0.6189018392404444,-0.6089598505988263,True,0
-0.3707630269612311,-0.41183286996627677,2.9216580162949137,1.7799649773755415,0.6189018392404444,-0.6089598505988263,False,2
-0.9959037231470861,-0.41183286996627677,2.6510368816564536,1.7799649773755415,-0.8808079818064339,-0.6089598505988263,False,4
3.8942136332715642,-1.3910577137083862,-0.3257955993666074,1.7799649773755415,0.6189018392404444,0.6393225546342859,False,-1
-1.6161107209743548,-1.7174659949557558,2.3804157470179934,1.7799649773755415,0.6189018392404444,0.6393225546342859,False,4
2.088068892499147,-1.7174659949557558,-0.5964167340050675,1.7799649773755415,0.6189018392404444,0.6393225546342859,False,-1
0.6926545400790276,-1.7174659949557558,0.7566889391872328,1.7799649773755415,-0.8808079818064339,-0.6089598505988263,False,-1
-1.4625493595633605,0.6979552862747805,0.48606780454877274,1.7799649773755415,-0.8808079818064339,-0.6089598505988263,False,3
-1.2701351235785003,1.1549268800210981,1.297931208464153,1.7799649773755415,-2.380517802853312,-0.6089598505988263,False,-1
-1.2691072697537948,-0.020142932469433005,-0.3257955993666074,1.7799649773755415,-2.380517802853312,-1.8572422558319384,False,2
-0.1148274246095742,-0.28126955746732885,0.2154466699103127,1.7799649773755415,0.6189018392404444,-0.6089598505988263,False,2
-1.1301414326536179,-0.15070624496838092,-0.5964167340050675,1.7799649773755415,-0.8808079818064339,-0.6089598505988263,False,4
1.2766810832766644,-0.28126955746732885,0.2154466699103127,1.7799649773755415,0.6189018392404444,0.6393225546342859,False,0
3.6230657943142663,-0.3465512137168028,1.297931208464153,1.7799649773755415,0.6189018392404444,0.6393225546342859,False,1
-0.21391253331117946,0.6326736300253065,-0.8670378686435275,1.7799649773755415,0.6189018392404444,-0.6089598505988263,True,2
-0.0087529098999715,1.481335161268468,-0.5964167340050675,1.7799649773755415,0.6189018392404444,-0.6089598505988263,True,3
-1.3028208752041335,0.5673919737758326,1.839173477741073,1.7799649773755415,-0.8808079818064339,-0.6089598505988263,False,2
0.15899283429195793,0.9590819112726764,-0.5964167340050675,1.7799649773755415,0.6189018392404444,-0.6089598505988263,True,4
-0.9190202570591184,-1.1299310887104903,-0.05517446472814736,1.7799649773755415,-0.8808079818064339,-0.6089598505988263,False,1
-0.29860768846690866,0.5673919737758326,-0.3257955993666074,1.7799649773755415,-0.8808079818064339,-0.6089598505988263,True,4
4.046541570092913,-1.652184338706282,0.2154466699103127,1.7799649773755415,0.6189018392404444,0.6393225546342859,False,1
0.45789272651630303,0.3715470050274107,0.48606780454877274,1.7799649773755415,0.6189018392404444,0.6393225546342859,False,4
-1.237654942717808,0.8285185987737285,1.839173477741073,1.7799649773755415,-0.8808079818064339,-0.6089598505988263,False,-1
-0.5847621932649061,0.5021103175263587,1.297931208464153,1.7799649773755415,-0.8808079818064339,-0.6089598505988263,False,4
-1.0470908436174176,-0.9993677762115424,0.48606780454877274,1.7799649773755415,-0.8808079818064339,-0.6089598505988263,False,3
0.2465659801568624,1.416053505018994,-1.1376590032819875,1.7799649773755415,-0.8808079818064339,-0.6089598505988263,True,-1
0.6455788349075182,0.3715470050274107,-0.3257955993666074,1.7799649773755415,0.6189018392404444,0.6393225546342859,True,0
-1.3044654413236623,0.5021103175263587,1.297931208464153,1.7799649773755415,-0.8808079818064339,-0.6089598505988263,False,4
-0.6316323276714744,0.8285185987737285,0.2154466699103127,1.7799649773755415,-2.380517802853312,-1.8572422558319384,False,4
-1.0750484676494059,-1.3257760574589121,1.839173477741073,1.7799649773755415,-2.380517802853312,-0.6089598505988263,False,2
-1.3122771303914238,0.5021103175263587,1.839173477741073,1.7799649773755415,-0.8808079818064339,-0.6089598505988263,False,3
1.364665370671451,-1.3910577137083862,1.0273100738256928,1.7799649773755415,-0.8808079818064339,-0.6089598505988263,False,1
-1.3007651675547227,-0.9340861199620684,-0.5964167340050675,1.7799649773755415,-2.380517802853312,-0.6089598505988263,False,3
-0.5751003673126746,1.2854901925200461,-0.8670378686435275,1.7799649773755415,-0.8808079818064339,-0.6089598505988263,True,-1
0.14768644222019803,-1.652184338706282,0.2154466699103127,1.7799649773755415,-0.8808079818064339,0.6393225546342859,False,-1
-1.0014541338004956,0.9590819112726764,-0.8670378686435275,1.7799649773755415,0.6189018392404444,0.6393225546342859,True,1
0.2794573025474367,0.3715470050274107,-0.5964167340050675,1.7799649773755415,0.6189018392404444,0.6393225546342859,False,-1
0.6379727166046978,-2.1744375887020735,-0.3257955993666074,1.7799649773755415,-0.8808079818064339,-0.6089598505988263,False,1
-0.7344177101420195,0.6979552862747805,0.48606780454877274,1.7799649773755415,0.6189018392404444,-0.6089598505988263,False,0
-1.3056988659133089,-0.15070624496838092,-0.8670378686435275,1.7799649773755415,-2.380517802853312,-0.6089598505988263,False,1
-0.7259893087794348,1.416053505018994,-0.8670378686435275,1.7799649773755415,-0.8808079818064339,0.6393225546342859,True,-1
-1.086560430486107,0.6326736300253065,0.48606780454877274,1.7799649773755415,-0.8808079818064339,-0.6089598505988263,False,2
-0.4862937968581238,0.4368286612768847,1.297931208464153,1.7799649773755415,-0.8808079818064339,-0.6089598505988263,False,1
-1.3340676314751791,-1.1299310887104903,-0.3257955993666074,1.7799649773755415,-2.380517802853312,-0.6089598505988263,False,3
-1.320088819459185,0.3715470050274107,0.7566889391872328,1.7799649773755415,-0.8808079818064339,-0.6089598505988263,False,0
0.33557812137635434,0.24098369252846283,-0.3257955993666074,1.7799649773755415,0.6189018392404444,0.6393225546342859,False,-1
0.756587047975707,0.7632369425242544,-0.05517446472814736,1.7799649773755415,0.6189018392404444,0.6393225546342859,True,-1
1.2185045567983364,-2.043874276203126,-0.8670378686435275,1.7799649773755415,0.6189018392404444,0.6393225546342859,False,-1
0.27226232577449866,0.24098369252846283,2.3804157470179934,1.7799649773755415,0.6189018392404444,0.6393225546342859,False,2
0.3715530052410451,0.5021103175263587,-0.3257955993666074,1.7799649773755415,0.6189018392404444,0.6393225546342859,False,-1
-0.7615530511142434,-0.8688044637125945,-0.5964167340050675,1.7799649773755415,-0.8808079818064339,-0.6089598505988263,False,-1
1.2992938674201848,-2.1091559324525995,1.568552343102613,1.7799649773755415,0.6189018392404444,0.6393225546342859,False,0
-0.7679257448274173,-1.2604944012094381,1.839173477741073,1.7799649773755415,-0.8808079818064339,-0.6089598505988263,False,3
-0.17238723879307935,-0.6076778387146986,-0.3257955993666074,1.7799649773755415,-0.8808079818064339,0.6393225546342859,False,0
1.6783663579715549,-0.6076778387146986,0.48606780454877274,1.7799649773755415,0.6189018392404444,0.6393225546342859,False,0
0.016326723422841465,0.24098369252846283,2.3804157470179934,1.7799649773755415,0.6189018392404444,-0.6089598505988263,False,3
0.08580964197292981,1.2202085362705721,-1.1376590032819875,1.7799649773755415,-2.380517802853312,0.6393225546342859,True,-1
-1.4972908188384046,0.3715470050274107,-0.5964167340050675,1.7799649773755415,-0.8808079818064339,-0.6089598505988263,True,-1
-0.8877735007880727,0.5021103175263587,1.297931208464153,1.7799649773755415,-0.8808079818064339,-0.6089598505988263,False,0
-0.4355178179176746,0.7632369425242544,0.2154466699103127,1.7799649773755415,0.6189018392404444,-0.6089598505988263,False,4
0.33084999378270924,-1.586902682456808,0.2154466699103127,1.7799649773755415,0.6189018392404444,0.6393225546342859,False,1
1.0145783579767746,1.0896452237716243,-1.1376590032819875,1.7799649773755415,-2.380517802853312,-1.8572422558319384,False,0
-0.7089269352893244,-1.1952127449599643,-0.05517446472814736,1.7799649773755415,-0.8808079818064339,-0.6089598505988263,False,0
-1.299326172200135,-0.28126955746732885,0.48606780454877274,1.7799649773755415,-2.380517802853312,-0.6089598505988263,False,-1
-0.3530839411762974,-1.521621026207334,-0.8670378686435275,1.7799649773755415,0.6189018392404444,-0.6089598505988263,False,1
-0.6096362558227778,-1.1952127449599643,1.839173477741073,1.7799649773755415,-0.8808079818064339,-0.6089598505988263,False,-1
-1.1326082818329108,-0.3465512137168028,2.6510368816564536,1.7799649773755415,-2.380517802853312,-0.6089598505988263,False,0
-1.5252484428703932,0.045138723780040954,-0.05517446472814736,1.7799649773755415,-0.8808079818064339,-0.6089598505988263,False,-1
1.217887844503513,0.5021103175263587,0.2154466699103127,1.7799649773755415,-2.380517802853312,0.6393225546342859,False,-1
0.04161192751059563,0.8938002550232024,-1.1376590032819875,1.7799649773755415,0.6189018392404444,0.6393225546342859,True,-1
0.5353929048990939,0.045138723780040954,0.2154466699103127,1.7799649773755415,0.6189018392404444,0.6393225546342859,False,-1
0.2066852517582907,0.5021103175263587,-0.3257955993666074,1.7799649773755415,0.6189018392404444,0.6393225546342859,True,-1
0.1737939293677164,0.7632369425242544,-0.5964167340050675,1.7799649773755415,0.6189018392404444,0.6393225546342859,True,0
-0.4984224719896482,-1.521621026207334,-0.8670378686435275,1.7799649773755415,-0.8808079818064339,-0.6089598505988263,False,4
0.9241272214026954,0.5021103175263587,-0.8670378686435275,1.7799649773755415,0.6189018392404444,0.6393225546342859,False,-1
-0.2657163660763341,0.8938002550232024,-1.1376590032819875,1.7799649773755415,-0.8808079818064339,-0.6089598505988263,True,4
-1.1085565023348036,-0.15070624496838092,-0.3257955993666074,1.7799649773755415,-0.8808079818064339,-0.6089598505988263,False,3
-1.4806395868781765,1.481335161268468,-0.8670378686435275,1.7799649773755415,-0.8808079818064339,-0.6089598505988263,True,-1
-1.384226898120805,-0.3465512137168028,-0.3257955993666074,1.7799649773755415,-2.380517802853312,-1.8572422558319384,False,0
0.13740790397314354,0.9590819112726764,-0.5964167340050675,1.7799649773755415,0.6189018392404444,-0.6089598505988263,True,1
1.0863225549412152,0.17570203627898887,2.1097946123795333,1.7799649773755415,0.6189018392404444,0.6393225546342859,False,3
-1.299120601435194,-1.1299310887104903,1.297931208464153,1.7799649773755415,-0.8808079818064339,-0.6089598505988263,False,-1
-1.0396902960795382,-0.9993677762115424,0.48606780454877274,1.7799649773755415,-0.8808079818064339,-0.6089598505988263,False,-1
-0.3335547185068938,1.2202085362705721,-0.5964167340050675,1.7799649773755415,0.6189018392404444,-0.6089598505988263,True,-1
-0.07309655932653289,-0.4771145262157507,0.2154466699103127,1.7799649773755415,-0.8808079818064339,-0.6089598505988263,False,0
0.48358907213393926,0.24098369252846283,-0.3257955993666074,1.7799649773755415,0.6189018392404444,-0.6089598505988263,True,1
-0.8464537770349136,-1.1952127449599643,-0.5964167340050675,1.7799649773755415,-0.8808079818064339,-0.6089598505988263,False,0
-0.6219705017192432,1.0896452237716243,-0.3257955993666074,1.7799649773755415,0.6189018392404444,-0.6089598505988263,False,-1
-0.31381992507254924,0.17570203627898887,0.2154466699103127,1.7799649773755415,-0.8808079818064339,-0.6089598505988263,False,1
0.7222567302305446,1.1549268800210981,-0.5964167340050675,1.7799649773755415,0.6189018392404444,0.6393225546342859,True,3
0.1935287228020609,-1.0646494324610163,1.568552343102613,1.7799649773755415,-0.8808079818064339,-0.6089598505988263,False,0
0.27575702877849695,-1.9785926199536517,0.7566889391872328,1.7799649773755415,-0.8808079818064339,-0.6089598505988263,False,-1
-0.93628820131417,0.8285185987737285,0.48606780454877274,1.7799649773755415,-2.380517802853312,-1.8572422558319384,False,4
0.8863022006535348,0.8285185987737285,-0.3257955993666074,1.7799649773755415,0.6189018392404444,0.6393225546342859,False,4
-0.10187646641828532,0.8938002550232024,-0.5964167340050675,1.7799649773755415,-0.8808079818064339,-0.6089598505988263,True,2
2.3341370981336316,-1.8480293074547038,1.0273100738256928,1.7799649773755415,0.6189018392404444,0.6393225546342859,False,4
2.8053052913786107,-1.8480293074547038,-0.8670378686435275,1.7799649773755415,0.6189018392404444,0.6393225546342859,False,2
2.359627872986327,-0.8035228074631204,1.839173477741073,1.7799649773755415,0.6189018392404444,0.6393225546342859,False,-1
1.1387431000011934,-1.9133109637041779,0.2154466699103127,1.7799649773755415,-0.8808079818064339,0.6393225546342859,False,1
0.8686231148686008,-0.6729594949641726,-0.8670378686435275,1.7799649773755415,0.6189018392404444,1.887604959867398,False,3
-1.0010429922706134,-1.1299310887104903,-0.3257955993666074,1.7799649773755415,-0.8808079818064339,-0.6089598505988263,False,4
0.264450636706737,0.045138723780040954,-1.1376590032819875,1.7799649773755415,0.6189018392404444,0.6393225546342859,True,4
1.3284849160418193,-1.7174659949557558,-0.3257955993666074,1.7799649773755415,0.6189018392404444,-0.6089598505988263,False,3
0.5429990232019141,0.4368286612768847,-0.8670378686435275,1.7799649773755415,0.6189018392404444,0.6393225546342859,True,0
-1.274040968112381,0.8938002550232024,-0.3257955993666074,1.7799649773755415,-0.8808079818064339,-0.6089598505988263,False,-1
-0.4846492307385951,0.5021103175263587,-0.5964167340050675,1.7799649773755415,0.6189018392404444,0.6393225546342859,True,-1
-0.5284358036710473,-1.652184338706282,-0.05517446472814736,1.7799649773755415,-0.8808079818064339,-0.6089598505988263,False,-1
1.0073833812038366,0.7632369425242544,0.48606780454877274,1.7799649773755415,0.6189018392404444,0.6393225546342859,False,1
-0.6326601814961801,-1.652184338706282,-0.05517446472814736,1.7799649773755415,-0.8808079818064339,-0.6089598505988263,False,-1
-0.21905180243470673,0.8938002550232024,-0.5964167340050675,1.7799649773755415,0.6189018392404444,-0.6089598505988263,True,0
-0.7344177101420195,1.0896452237716243,-1.1376590032819875,1.7799649773755415,0.6189018392404444,-0.6089598505988263,True,0
-1.1650884626936033,-0.21598790121785488,-0.5964167340050675,1.7799649773755415,0.6189018392404444,0.6393225546342859,True,-1
1.4929415279946914,-1.45633936995786,-0.05517446472814736,1.7799649773755415,-0.8808079818064339,-0.6089598505988263,False,-1
-0.08830879593217345,0.6979552862747805,-0.8670378686435275,1.7799649773755415,0.6189018392404444,0.6393225546342859,True,4
2.262392901169192,-0.020142932469433005,-0.3257955993666074,1.7799649773755415,0.6189018392404444,0.6393225546342859,False,3
0.5956251390268331,-2.043874276203126,-1.1376590032819875,1.7799649773755415,0.6189018392404444,-0.6089598505988263,False,0
-1.5174367538026317,-1.2604944012094381,-0.5964167340050675,1.7799649773755415,-2.380517802853312,-0.6089598505988263,False,3
-1.1178071867571524,-1.0646494324610163,0.2154466699103127,1.7799649773755415,-0.8808079818064339,-0.6089598505988263,False,-1
0.18653931679406408,0.5021103175263587,-0.5964167340050675,1.7799649773755415,0.6189018392404444,-0.6089598505988263,True,0
-0.33293800621207076,0.8938002550232024,-0.5964167340050675,1.7799649773755415,0.6189018392404444,-0.6089598505988263,True,2
-1.1901680960164163,-0.28126955746732885,1.0273100738256928,1.7799649773755415,-0.8808079818064339,-0.6089598505988263,False,-1
0.302892369750721,0.4368286612768847,-0.8670378686435275,1.7799649773755415,0.6189018392404444,0.6393225546342859,True,2
0.8127078668046243,0.17570203627898887,1.297931208464153,1.7799649773755415,0.6189018392404444,0.6393225546342859,False,1
0.44494176832501414,-1.1952127449599643,2.9216580162949137,1.7799649773755415,-2.380517802853312,-1.8572422558319384,False,3
1.0869392672360385,-0.6729594949641726,-0.05517446472814736,1.7799649773755415,0.6189018392404444,0.6393225546342859,False,1
-0.4133161753040369,0.7632369425242544,-0.8670378686435275,1.7799649773755415,0.6189018392404444,-0.6089598505988263,True,3
0.12692379496114783,0.24098369252846283,-1.1376590032819875,1.7799649773755415,0.6189018392404444,0.6393225546342859,True,0
0.05230160728753223,-1.586902682456808,-0.8670378686435275,1.7799649773755415,0.6189018392404444,0.6393225546342859,False,0
-0.9373160551388754,1.0896452237716243,-0.8670378686435275,1.7799649773755415,-0.8808079818064339,-0.6089598505988263,True,3
-0.24372029422763758,1.1549268800210981,-0.3257955993666074,1.7799649773755415,0.6189018392404444,-0.6089598505988263,True,2
0.4001273415678567,0.6326736300253065,-0.5964167340050675,1.7799649773755415,0.6189018392404444,0.6393225546342859,True,3
-0.9140865587005323,1.8077434425158379,-0.5964167340050675,1.7799649773755415,0.6189018392404444,-0.6089598505988263,True,4
0.15385356516843068,-0.41183286996627677,0.48606780454877274,1.7799649773755415,0.6189018392404444,0.6393225546342859,False,0
-0.05377290742207018,0.3715470050274107,-0.05517446472814736,1.7799649773755415,2.1186116602873226,1.887604959867398,True,-1
1.014167216446893,-1.7827476512052298,0.2154466699103127,1.7799649773755415,0.6189018392404444,-0.6089598505988263,False,-1
0.6852539925411487,-1.7174659949557558,-0.05517446472814736,1.7799649773755415,-2.380517802853312,-1.8572422558319384,False,-1
0.5709566472339026,-1.1952127449599643,-0.5964167340050675,1.7799649773755415,-0.8808079818064339,-0.6089598505988263,False,0
1.0476752511322904,-0.5423961824652247,0.2154466699103127,1.7799649773755415,0.6189018392404444,0.6393225546342859,False,2
0.1600206881166633,0.6326736300253065,-0.5964167340050675,1.7799649773755415,0.6189018392404444,0.6393225546342859,True,-1
-1.1932516574905325,0.6326736300253065,-0.8670378686435275,1.7799649773755415,-0.8808079818064339,0.6393225546342859,True,3
-1.0491465512668285,1.1549268800210981,-1.1376590032819875,1.7799649773755415,0.6189018392404444,-0.6089598505988263,True,1
-0.19438331064177586,0.6979552862747805,-0.05517446472814736,1.7799649773755415,0.6189018392404444,0.6393225546342859,True,-1
-0.0619957380197139,0.6326736300253065,-0.3257955993666074,1.7799649773755415,0.6189018392404444,0.6393225546342859,True,-1
-0.5284358036710473,-0.15070624496838092,-0.5964167340050675,1.7799649773755415,0.6189018392404444,-0.6089598505988263,False,2
-0.5467316017508043,1.416053505018994,-0.3257955993666074,1.7799649773755415,0.6189018392404444,-0.6089598505988263,True,-1
-1.1060896531555104,-0.41183286996627677,1.0273100738256928,1.7799649773755415,-2.380517802853312,-1.8572422558319384,False,2
-0.4692314233680134,-1.0646494324610163,0.7566889391872328,1.7799649773755415,-0.8808079818064339,-0.6089598505988263,False,1
1.326018066862526,-0.21598790121785488,-0.5964167340050675,1.7799649773755415,0.6189018392404444,0.6393225546342859,False,-1
-1.5085972109101649,0.4368286612768847,0.2154466699103127,1.7799649773755415,0.6189018392404444,-0.6089598505988263,False,3
-0.6912478495043906,0.4368286612768847,-0.05517446472814736,1.7799649773755415,0.6189018392404444,-0.6089598505988263,False,0
-0.2110345426020042,0.4368286612768847,0.2154466699103127,1.7799649773755415,0.6189018392404444,-0.6089598505988263,False,-1
-1.349074297315879,0.8938002550232024,-0.8670378686435275,1.7799649773755415,0.6189018392404444,0.6393225546342859,True,0
-1.7108788436121976,0.24098369252846283,-1.1376590032819875,1.7799649773755415,-0.8808079818064339,-0.6089598505988263,True,4
0.5701343641741381,0.17570203627898887,-0.8670378686435275,1.7799649773755415,0.6189018392404444,0.6393225546342859,True,2
0.3857373880219803,0.17570203627898887,-0.8670378686435275,1.7799649773755415,0.6189018392404444,0.6393225546342859,True,2
-0.42852841190967744,0.11042038002951492,0.2154466699103127,1.7799649773755415,-0.8808079818064339,-0.6089598505988263,False,4
0.4404192114963102,0.5673919737758326,1.839173477741073,1.7799649773755415,-0.8808079818064339,-0.6089598505988263,False,3
0.3298221399580038,0.5021103175263587,-0.3257955993666074,1.7799649773755415,0.6189018392404444,-0.6089598505988263,True,4
0.11417840753480016,0.5021103175263587,-0.8670378686435275,1.7799649773755415,0.6189018392404444,0.6393225546342859,False,1
0.4936620396160526,0.045138723780040954,-0.3257955993666074,1.7799649773755415,0.6189018392404444,0.6393225546342859,True,2
-1.2027079126778228,-0.6076778387146986,-0.8670378686435275,1.7799649773755415,-0.8808079818064339,-0.6089598505988263,False,-1
1.3907728578189698,-0.15070624496838092,-1.1376590032819875,1.7799649773755415,0.6189018392404444,-0.6089598505988263,False,0
0.11027256300091949,1.2202085362705721,-0.3257955993666074,1.7799649773755415,0.6189018392404444,-0.6089598505988263,True,3
-0.4046822031765111,1.1549268800210981,-1.1376590032819875,1.7799649773755415,0.6189018392404444,0.6393225546342859,True,2
0.7278071408839542,-1.652184338706282,0.7566889391872328,1.7799649773755415,0.6189018392404444,-0.6089598505988263,False,0
-0.2984021177019675,0.8938002550232024,-1.1376590032819875,1.7799649773755415,0.6189018392404444,0.6393225546342859,True,2
-0.233030614450701,0.7632369425242544,-0.05517446472814736,1.7799649773755415,0.6189018392404444,0.6393225546342859,False,-1
-0.26016595542292476,0.9590819112726764,-0.3257955993666074,1.7799649773755415,0.6189018392404444,-0.6089598505988263,True,2
0.29487510991801846,-0.4771145262157507,-0.8670378686435275,1.7799649773755415,0.6189018392404444,0.6393225546342859,True,3
0.9586631099127981,-1.586902682456808,-1.1376590032819875,1.7799649773755415,-0.8808079818064339,-0.6089598505988263,False,3
0.9115874047412886,0.6326736300253065,-0.3257955993666074,1.7799649773755415,0.6189018392404444,-0.6089598505988263,False,-1
-0.9952870108522628,-1.1299310887104903,3.4629002855718336,1.7799649773755415,-0.8808079818064339,-0.6089598505988263,False,-1
0.44638076367960194,1.1549268800210981,-0.5964167340050675,1.7799649773755415,0.6189018392404444,1.887604959867398,True,2
-0.20692312730318235,0.3715470050274107,2.3804157470179934,1.7799649773755415,0.6189018392404444,-0.6089598505988263,False,-1
-0.6692517776556941,1.1549268800210981,-0.5964167340050675,1.7799649773755415,0.6189018392404444,-0.6089598505988263,True,2
-0.5467316017508043,1.1549268800210981,-0.8670378686435275,1.7799649773755415,0.6189018392404444,-0.6089598505988263,True,-1
-0.16622011584484672,1.3507718487695202,-0.5964167340050675,1.7799649773755415,0.6189018392404444,0.6393225546342859,True,3
-0.028898844864198407,0.8938002550232024,-0.3257955993666074,1.7799649773755415,0.6189018392404444,-0.6089598505988263,True,4
0.4478197590341894,0.30626534877793676,0.2154466699103127,1.7799649773755415,0.6189018392404444,0.6393225546342859,False,-1
0.018793572602134347,0.7632369425242544,-0.5964167340050675,1.7799649773755415,0.6189018392404444,-0.6089598505988263,True,3
-0.9710296605892141,0.045138723780040954,-1.1376590032819875,1.7799649773755415,-0.8808079818064339,-0.6089598505988263,False,1
0.27082333041991086,0.3715470050274107,-0.05517446472814736,1.7799649773755415,0.6189018392404444,0.6393225546342859,True,0
-0.6168312325957159,1.2854901925200461,-1.1376590032819875,1.7799649773755415,0.6189018392404444,-0.6089598505988263,True,3
-0.6168312325957159,1.2854901925200461,-1.1376590032819875,1.7799649773755415,-2.380517802853312,-1.8572422558319384,True,-1
-0.20260614123941958,1.0896452237716243,-0.5964167340050675,1.7799649773755415,-0.8808079818064339,-0.6089598505988263,True,2
-0.9930257324379108,-1.0646494324610163,1.297931208464153,1.7799649773755415,-0.8808079818064339,-0.6089598505988263,False,0
1.0554869402000517,0.3715470050274107,1.0273100738256928,1.7799649773755415,0.6189018392404444,0.6393225546342859,False,-1
-0.6351270306754729,1.7424617862663638,-0.8670378686435275,1.7799649773755415,0.6189018392404444,0.6393225546342859,True,2
0.3824482557829229,0.30626534877793676,-0.3257955993666074,1.7799649773755415,0.6189018392404444,0.6393225546342859,True,3
0.5314870603652132,-2.1091559324525995,0.48606780454877274,1.7799649773755415,0.6189018392404444,0.6393225546342859,False,-1
-0.9025745958638313,0.3715470050274107,-0.05517446472814736,1.7799649773755415,0.6189018392404444,-0.6089598505988263,True,2
-0.7640199002935365,0.9590819112726764,-0.8670378686435275,1.7799649773755415,0.6189018392404444,-0.6089598505988263,True,0
-0.8480983431544423,0.6979552862747805,-0.5964167340050675,1.7799649773755415,0.6189018392404444,-0.6089598505988263,True,2
0.23649301267474881,0.11042038002951492,0.48606780454877274,1.7799649773755415,2.1186116602873226,1.887604959867398,False,0
0.3727864298306917,0.8285185987737285,-1.1376590032819875,1.7799649773755415,0.6189018392404444,0.6393225546342859,True,1
-0.7348288516719018,0.8285185987737285,-0.3257955993666074,1.7799649773755415,0.6189018392404444,-0.6089598505988263,True,1
0.2566389476389757,0.8938002550232024,-0.8670378686435275,1.7799649773755415,0.6189018392404444,0.6393225546342859,False,1
-0.1483354592949718,1.2202085362705721,-0.8670378686435275,1.7799649773755415,0.6189018392404444,-0.6089598505988263,True,2
-0.0613790257248906,1.2854901925200461,-0.5964167340050675,1.7799649773755415,0.6189018392404444,-0.6089598505988263,True,4
-0.29963554229161404,1.3507718487695202,-0.3257955993666074,1.7799649773755415,-2.380517802853312,3.13588736510051,True,1
0.16824351871430704,0.30626534877793676,-0.8670378686435275,1.7799649773755415,0.6189018392404444,0.6393225546342859,True,2
0.8418989154262594,0.30626534877793676,-0.05517446472814736,1.7799649773755415,2.1186116602873226,1.887604959867398,True,0
0.8986364465500001,0.5673919737758326,-0.3257955993666074,1.7799649773755415,-2.380517802853312,5.632452175566734,True,-1
-0.02252615115102457,0.4368286612768847,-0.3257955993666074,1.7799649773755415,0.6189018392404444,0.6393225546342859,True,-1
2.4562461325086393,-0.28126955746732885,0.7566889391872328,1.7799649773755415,0.6189018392404444,0.6393225546342859,False,0
-0.8008170672179916,-1.2604944012094381,0.2154466699103127,1.7799649773755415,-0.8808079818064339,-0.6089598505988263,False,2
0.2911748361490787,-1.521621026207334,-1.1376590032819875,1.7799649773755415,0.6189018392404444,0.6393225546342859,False,0
-0.0837862391034695,0.24098369252846283,-0.3257955993666074,1.7799649773755415,0.6189018392404444,0.6393225546342859,True,1
-0.018209165087261805,0.5673919737758326,-0.05517446472814736,1.7799649773755415,0.6189018392404444,0.6393225546342859,True,-1
0.2046295441088799,0.5673919737758326,-0.5964167340050675,1.7799649773755415,0.6189018392404444,0.6393225546342859,True,3
1.0729604552200442,-1.3257760574589121,-0.05517446472814736,1.7799649773755415,-2.380517802853312,-1.8572422558319384,False,1
-0.1900663245780131,0.6326736300253065,-0.3257955993666074,1.7799649773755415,0.6189018392404444,-0.6089598505988263,True,3
-0.2879180086899718,0.6979552862747805,-0.3257955993666074,1.7799649773755415,0.6189018392404444,-0.6089598505988263,True,4
-0.9989872846212025,0.6979552862747805,-0.05517446472814736,1.7799649773755415,-2.380517802853312,4.384169770333622,True,3
-1.2277875460006358,-0.28126955746732885,-0.8670378686435275,1.7799649773755415,-2.380517802853312,-0.6089598505988263,False,4
2.021669535423175,-0.15070624496838092,0.7566889391872328,1.7799649773755415,0.6189018392404444,0.6393225546342859,False,4
-1.2518393254987432,-0.28126955746732885,-1.1376590032819875,1.7799649773755415,-0.8808079818064339,-0.6089598505988263,False,2
0.2804851563721421,0.5673919737758326,-1.1376590032819875,1.7799649773755415,0.6189018392404444,0.6393225546342859,True,3
-0.3238928925546625,-0.28126955746732885,2.6510368816564536,1.7799649773755415,0.6189018392404444,-0.6089598505988263,False,3
-0.7763541461900019,-2.1091559324525995,1.839173477741073,1.7799649773755415,-0.8808079818064339,-0.6089598505988263,False,2
1.6288238036207516,-1.586902682456808,1.0273100738256928,1.7799649773755415,0.6189018392404444,0.6393225546342859,False,4
-0.9323823567802894,-1.8480293074547038,0.2154466699103127,1.7799649773755415,-0.8808079818064339,-0.6089598505988263,False,0
0.6834038556566788,-0.4771145262157507,0.7566889391872328,1.7799649773755415,0.6189018392404444,0.6393225546342859,False,4
-0.8378198049073878,-0.41183286996627677,-1.1376590032819875,1.7799649773755415,0.6189018392404444,-0.6089598505988263,True,-1
-1.1702277318171306,-0.15070624496838092,-0.5964167340050675,1.7799649773755415,-0.8808079818064339,-0.6089598505988263,False,-1
-1.1866733930124176,-0.21598790121785488,-0.5964167340050675,1.7799649773755415,-0.8808079818064339,-0.6089598505988263,False,-1
-0.4077657646506275,0.5673919737758326,-0.3257955993666074,1.7799649773755415,0.6189018392404444,-0.6089598505988263,True,-1
-0.43942366245155523,0.3715470050274107,-0.8670378686435275,1.7799649773755415,-0.8808079818064339,-0.6089598505988263,True,-1
-0.013275466728675458,0.6326736300253065,-0.05517446472814736,1.7799649773755415,0.6189018392404444,0.6393225546342859,True,0
0.8098298760954493,-0.6076778387146986,-0.05517446472814736,1.7799649773755415,0.6189018392404444,0.6393225546342859,False,4
0.21799164383005087,0.045138723780040954,-0.05517446472814736,1.7799649773755415,0.6189018392404444,0.6393225546342859,True,3
0.61577107399106,0.6326736300253065,-0.8670378686435275,1.7799649773755415,0.6189018392404444,0.6393225546342859,True,-1
0.29693081756742923,-0.08542458871890696,1.0273100738256928,1.7799649773755415,-0.8808079818064339,-0.6089598505988263,False,-1
-0.29100157016408823,-2.1744375887020735,-0.05517446472814736,1.7799649773755415,-0.8808079818064339,-0.6089598505988263,False,3
-0.023759575740671158,0.3715470050274107,-0.3257955993666074,1.7799649773755415,0.6189018392404444,0.6393225546342859,True,0
0.3830649680777462,-0.3465512137168028,-0.5964167340050675,1.7799649773755415,0.6189018392404444,0.6393225546342859,False,1
0.6552406608597494,0.30626534877793676,-0.05517446472814736,1.7799649773755415,0.6189018392404444,0.6393225546342859,True,3
-0.5660552536552667,-0.3465512137168028,0.2154466699103127,1.7799649773755415,-0.8808079818064339,-0.6089598505988263,False,-1
1.6436248986965107,-0.020142932469433005,-0.5964167340050675,1.7799649773755415,0.6189018392404444,0.6393225546342859,True,3
0.05415174417200211,-0.28126955746732885,-0.05517446472814736,1.7799649773755415,0.6189018392404444,0.6393225546342859,False,3
-0.15100787923920586,0.30626534877793676,-0.3257955993666074,1.7799649773755415,0.6189018392404444,0.6393225546342859,True,-1
-0.0934480650557007,0.24098369252846283,-0.8670378686435275,1.7799649773755415,0.6189018392404444,-0.6089598505988263,True,-1
2.092591449327851,-0.15070624496838092,-1.1376590032819875,1.7799649773755415,0.6189018392404444,0.6393225546342859,False,2
0.9798368987017304,-0.7382411512136465,-0.8670378686435275,1.7799649773755415,0.6189018392404444,0.6393225546342859,False,2
0.43651336696242954,-0.3465512137168028,-0.3257955993666074,1.7799649773755415,0.6189018392404444,0.6393225546342859,False,-1
1.7301701907367093,-1.9785926199536517,1.297931208464153,1.7799649773755415,-0.8808079818064339,0.6393225546342859,False,-1
-0.5973020099263125,0.3715470050274107,-0.3257955993666074,1.7799649773755415,0.6189018392404444,-0.6089598505988263,True,2
0.8867133421834166,-1.0646494324610163,-0.8670378686435275,1.7799649773755415,0.6189018392404444,0.6393225546342859,False,-1
-0.1384680625777994,0.24098369252846283,-0.3257955993666074,1.7799649773755415,0.6189018392404444,0.6393225546342859,True,1
-0.8631050089951419,0.30626534877793676,-0.05517446472814736,1.7799649773755415,0.6189018392404444,0.6393225546342859,True,-1
-0.3349937138614815,0.3715470050274107,-0.8670378686435275,1.7799649773755415,-0.8808079818064339,-0.6089598505988263,True,-1
-0.525557812961872,0.6979552862747805,-0.3257955993666074,1.7799649773755415,0.6189018392404444,-0.6089598505988263,True,4
-0.525557812961872,0.6979552862747805,-0.3257955993666074,1.7799649773755415,0.6189018392404444,-0.6089598505988263,True,0
2.812705838916489,-0.4771145262157507,2.6510368816564536,1.7799649773755415,0.6189018392404444,0.6393225546342859,False,0
0.24615483862698,0.17570203627898887,-0.8670378686435275,1.7799649773755415,0.6189018392404444,0.6393225546342859,True,1
0.22456990830816562,0.24098369252846283,-0.05517446472814736,1.7799649773755415,0.6189018392404444,0.6393225546342859,True,4
1.5527626205925487,-0.5423961824652247,-0.3257955993666074,1.7799649773755415,0.6189018392404444,0.6393225546342859,False,2
2.572188043935414,-1.45633936995786,1.568552343102613,1.7799649773755415,0.6189018392404444,0.6393225546342859,False,4
1.391595140878734,-0.3465512137168028,-0.5964167340050675,1.7799649773755415,0.6189018392404444,0.6393225546342859,False,2
2.301451346507999,-0.7382411512136465,0.48606780454877274,1.7799649773755415,0.6189018392404444,0.6393225546342859,False,-1
-1.2413552164867476,-1.1952127449599643,-0.3257955993666074,1.7799649773755415,-0.8808079818064339,-0.6089598505988263,False,4
-1.1585101982154884,-0.3465512137168028,1.297931208464153,1.7799649773755415,-0.8808079818064339,-0.6089598505988263,False,3
-0.29737426387726207,0.30626534877793676,-0.8670378686435275,1.7799649773755415,0.6189018392404444,0.6393225546342859,True,4
-0.15388586994838113,0.6326736300253065,-0.05517446472814736,1.7799649773755415,0.6189018392404444,0.6393225546342859,True,-1
-0.29737426387726207,0.30626534877793676,-0.8670378686435275,1.7799649773755415,0.6189018392404444,0.6393225546342859,True,-1
-0.6406774413288826,-0.3465512137168028,0.7566889391872328,1.7799649773755415,0.6189018392404444,-0.6089598505988263,False,1
0.9950491353073713,0.045138723780040954,1.839173477741073,1.7799649773755415,0.6189018392404444,0.6393225546342859,False,1
0.11623411518421123,0.6326736300253065,-0.8670378686435275,1.7799649773755415,-0.8808079818064339,0.6393225546342859,True,-1
-0.8219908560069239,-0.3465512137168028,1.839173477741073,1.7799649773755415,-0.8808079818064339,-0.6089598505988263,False,1
-0.2971686931123209,-1.3257760574589121,-0.3257955993666074,1.7799649773755415,-0.8808079818064339,-0.6089598505988263,False,2
-0.03218797710325578,0.7632369425242544,-0.3257955993666074,1.7799649773755415,0.6189018392404444,-0.6089598505988263,True,-1
-0.3434221152240662,0.6326736300253065,-0.05517446472814736,1.7799649773755415,0.6189018392404444,-0.6089598505988263,True,-1
1.9727436933671958,-1.1299310887104903,0.7566889391872328,1.7799649773755415,0.6189018392404444,0.6393225546342859,False,3
0.4570704434565385,-0.28126955746732885,-1.1376590032819875,1.7799649773755415,0.6189018392404444,0.6393225546342859,False,-1
0.6988216630272606,-1.1952127449599643,0.2154466699103127,1.7799649773755415,0.6189018392404444,-0.6089598505988263,False,2
1.0509643833713478,-0.3465512137168028,-0.5964167340050675,1.7799649773755415,0.6189018392404444,0.6393225546342859,False,0
1.9641097212396696,-2.1744375887020735,1.297931208464153,1.7799649773755415,0.6189018392404444,0.6393225546342859,False,-1
0.6161822155209421,-2.1744375887020735,0.7566889391872328,1.7799649773755415,0.6189018392404444,0.6393225546342859,False,3
1.1280534202242565,-0.9340861199620684,1.0273100738256928,1.7799649773755415,0.6189018392404444,0.6393225546342859,False,-1
-0.2566712524189262,-0.6076778387146986,1.297931208464153,1.7799649773755415,0.6189018392404444,-0.6089598505988263,False,-1
-1.3718926522243398,-0.4771145262157507,3.1922791509333734,1.7799649773755415,-0.8808079818064339,-0.6089598505988263,False,0
0.3666193068824588,0.5021103175263587,-0.05517446472814736,1.7799649773755415,-2.380517802853312,11.873864201732296,True,4
-0.17588194179707792,0.24098369252846283,-0.5964167340050675,1.7799649773755415,0.6189018392404444,0.6393225546342859,True,-1
0.26362835364697285,0.3715470050274107,-0.3257955993666074,1.7799649773755415,0.6189018392404444,0.6393225546342859,True,-1
2.4221213855284183,-0.020142932469433005,0.2154466699103127,1.7799649773755415,0.6189018392404444,0.6393225546342859,False,-1
0.28603556702555144,0.30626534877793676,-0.8670378686435275,1.7799649773755415,0.6189018392404444,0.6393225546342859,True,3
0.04448991821977061,0.3715470050274107,-0.8670378686435275,1.7799649773755415,0.6189018392404444,0.6393225546342859,True,4
-1.093960978023986,-1.1299310887104903,-0.05517446472814736,1.7799649773755415,-0.8808079818064339,-0.6089598505988263,False,3
-1.2004466342634708,-1.2604944012094381,1.297931208464153,1.7799649773755415,-2.380517802853312,-1.8572422558319384,False,3
-0.3267708832638378,-1.652184338706282,-0.05517446472814736,1.7799649773755415,0.6189018392404444,-0.6089598505988263,False,3
3.4261290015007027,-1.586902682456808,-0.05517446472814736,1.7799649773755415,0.6189018392404444,0.6393225546342859,False,3
-1.089232850430341,-1.9133109637041779,-0.8670378686435275,1.7799649773755415,-0.8808079818064339,-0.6089598505988263,False,-1
0.9670915112753827,0.11042038002951492,-0.8670378686435275,1.7799649773755415,0.6189018392404444,0.6393225546342859,True,-1
-0.8873623592581905,-1.2604944012094381,0.7566889391872328,1.7799649773755415,-0.8808079818064339,-0.6089598505988263,False,2
-0.004435923836208736,0.6326736300253065,-0.3257955993666074,1.7799649773755415,0.6189018392404444,-0.6089598505988263,True,-1
-0.15635271912767432,-1.7174659949557558,-0.3257955993666074,1.7799649773755415,-0.8808079818064339,-0.6089598505988263,False,0
1.3636375168467458,-0.41183286996627677,-0.3257955993666074,1.7799649773755415,0.6189018392404444,0.6393225546342859,False,-1
0.3267385784838874,0.4368286612768847,-0.3257955993666074,1.7799649773755415,0.6189018392404444,0.6393225546342859,True,4
-0.046372359884190945,0.4368286612768847,-0.8670378686435275,1.7799649773755415,0.6189018392404444,0.6393225546342859,True,-1
-0.27948960732738715,-1.45633936995786,0.2154466699103127,1.7799649773755415,-0.8808079818064339,-0.6089598505988263,False,3
-0.14155162405191585,0.8285185987737285,-0.8670378686435275,1.7799649773755415,-0.8808079818064339,-0.6089598505988263,True,0
-0.1454574685857965,0.6326736300253065,-0.3257955993666074,1.7799649773755415,0.6189018392404444,-0.6089598505988263,True,1
-0.15368029918343995,0.7632369425242544,-0.5964167340050675,1.7799649773755415,0.6189018392404444,-0.6089598505988263,True,1
-0.05973445960536192,0.6979552862747805,-0.3257955993666074,1.7799649773755415,0.6189018392404444,-0.6089598505988263,True,0
1.912100317709574,-1.0646494324610163,0.7566889391872328,1.7799649773755415,0.6189018392404444,0.6393225546342859,False,-1
0.5744513502379008,-0.5423961824652247,1.0273100738256928,1.7799649773755415,0.6189018392404444,0.6393225546342859,False,1
1.4059850944246106,-1.8480293074547038,0.48606780454877274,1.7799649773755415,0.6189018392404444,0.6393225546342859,False,4
0.3748421374801025,-0.5423961824652247,0.2154466699103127,1.7799649773755415,0.6189018392404444,-0.6089598505988263,False,1
0.1832501845550064,0.6326736300253065,-0.8670378686435275,1.7799649773755415,0.6189018392404444,0.6393225546342859,True,4
-0.32492074637936824,0.4368286612768847,-1.1376590032819875,1.7799649773755415,0.6189018392404444,0.6393225546342859,True,3
-1.128291295769148,-1.9133109637041779,-0.3257955993666074,1.7799649773755415,-0.8808079818064339,-0.6089598505988263,False,0
-0.6106641096474833,0.5021103175263587,-0.05517446472814736,1.7799649773755415,0.6189018392404444,-0.6089598505988263,True,-1
0.06175786247482224,0.4368286612768847,-0.3257955993666074,1.7799649773755415,0.6189018392404444,0.6393225546342859,True,2
0.18838945367853366,0.30626534877793676,-0.05517446472814736,1.7799649773755415,0.6189018392404444,0.6393225546342859,True,-1
-0.10372660330275521,-1.7827476512052298,0.48606780454877274,1.7799649773755415,0.6189018392404444,0.6393225546342859,False,-1
0.6390005704294034,-1.652184338706282,-0.3257955993666074,1.7799649773755415,-0.8808079818064339,-0.6089598505988263,False,2
0.24019328644368856,-1.652184338706282,-0.3257955993666074,1.7799649773755415,0.6189018392404444,-0.6089598505988263,False,-1
0.6069315310985933,-0.5423961824652247,-0.05517446472814736,1.7799649773755415,0.6189018392404444,0.6393225546342859,False,-1
0.15529256052301818,0.8285185987737285,-0.3257955993666074,1.7799649773755415,3.618321481334201,1.887604959867398,True,2
-1.4894791297706433,0.8285185987737285,-0.8670378686435275,1.7799649773755415,-0.8808079818064339,-0.6089598505988263,True,0
-0.08604751751782147,0.9590819112726764,-0.3257955993666074,1.7799649773755415,-0.8808079818064339,-0.6089598505988263,True,1
-0.19479445217165794,0.9590819112726764,-0.5964167340050675,1.7799649773755415,0.6189018392404444,-0.6089598505988263,True,2
0.21264680394158242,-0.28126955746732885,0.48606780454877274,1.7799649773755415,0.6189018392404444,0.6393225546342859,False,3
-0.2603715261878659,0.5021103175263587,-0.05517446472814736,1.7799649773755415,0.6189018392404444,-0.6089598505988263,True,3
0.20771310558299638,-1.9785926199536517,-0.5964167340050675,1.7799649773755415,0.6189018392404444,-0.6089598505988263,False,-1
-0.8707111272979623,-0.9993677762115424,0.2154466699103127,1.7799649773755415,-0.8808079818064339,-0.6089598505988263,False,4
0.01714900648260566,-0.15070624496838092,-0.8670378686435275,1.7799649773755415,0.6189018392404444,-0.6089598505988263,False,3
-0.07556340850582577,0.30626534877793676,-0.5964167340050675,1.7799649773755415,0.6189018392404444,-0.6089598505988263,True,2
-0.609841826587719,0.9590819112726764,-0.5964167340050675,1.7799649773755415,-0.8808079818064339,-0.6089598505988263,True,3
-0.9593121269875721,0.7632369425242544,-0.5964167340050675,1.7799649773755415,-0.8808079818064339,-0.6089598505988263,False,4
-1.2483446224947448,0.5673919737758326,0.7566889391872328,1.7799649773755415,-0.8808079818064339,-0.6089598505988263,False,0
0.07080297613223016,-0.8688044637125945,-0.3257955993666074,1.7799649773755415,0.6189018392404444,0.6393225546342859,False,4
-1.3840213273558641,0.8285185987737285,0.2154466699103127,1.7799649773755415,-2.380517802853312,-1.8572422558319384,False,1
-1.3406458959532943,0.3715470050274107,1.297931208464153,1.7799649773755415,-2.380517802853312,-1.8572422558319384,False,-1
1.4425766905841246,-1.7827476512052298,1.297931208464153,1.7799649773755415,0.6189018392404444,0.6393225546342859,False,-1
-0.3058026652398467,0.8285185987737285,1.297931208464153,1.7799649773755415,0.6189018392404444,-0.6089598505988263,False,0
0.14891986680984462,0.5673919737758326,-0.3257955993666074,1.7799649773755415,0.6189018392404444,-0.6089598505988263,True,-1
-0.0837862391034695,0.4368286612768847,-0.5964167340050675,1.7799649773755415,0.6189018392404444,0.6393225546342859,True,4
0.25088296622062517,0.4368286612768847,-1.1376590032819875,1.7799649773755415,0.6189018392404444,0.6393225546342859,True,4
0.6751810250590351,0.5673919737758326,-0.05517446472814736,1.7799649773755415,0.6189018392404444,0.6393225546342859,True,3
-0.749013234452837,1.0243635675221503,-0.5964167340050675,1.7799649773755415,0.6189018392404444,0.6393225546342859,True,0
-0.5491984509300974,0.5673919737758326,-0.05517446472814736,1.7799649773755415,2.1186116602873226,0.6393225546342859,True,1
0.5273756450663913,0.6979552862747805,-0.5964167340050675,1.7799649773755415,0.6189018392404444,-0.6089598505988263,True,0
-0.8199351483575129,-1.1952127449599643,0.2154466699103127,1.7799649773755415,-0.8808079818064339,-0.6089598505988263,False,2
-0.5997688591056054,0.8938002550232024,-0.3257955993666074,1.7799649773755415,0.6189018392404444,-0.6089598505988263,True,1
0.2771960241330847,0.4368286612768847,-0.5964167340050675,1.7799649773755415,0.6189018392404444,-0.6089598505988263,True,3
0.7372633960712445,0.7632369425242544,-0.8670378686435275,1.7799649773755415,0.6189018392404444,0.6393225546342859,False,-1
-0.792799807385289,0.30626534877793676,-0.8670378686435275,1.7799649773755415,-0.8808079818064339,-0.6089598505988263,False,3
-0.21288467948647408,1.2202085362705721,-1.1376590032819875,1.7799649773755415,0.6189018392404444,-0.6089598505988263,True,-1
-0.5931905946274907,-1.1952127449599643,-0.5964167340050675,1.7799649773755415,-0.8808079818064339,-0.6089598505988263,False,3
-1.121713031291033,0.8938002550232024,-1.1376590032819875,1.7799649773755415,0.6189018392404444,0.6393225546342859,True,1
0.09732160480963091,0.7632369425242544,-0.5964167340050675,1.7799649773755415,0.6189018392404444,-0.6089598505988263,True,-1
0.19661228427617738,0.24098369252846283,-0.05517446472814736,1.7799649773755415,0.6189018392404444,0.6393225546342859,True,1
1.4314758692773053,-1.1299310887104903,-0.3257955993666074,1.7799649773755415,0.6189018392404444,0.6393225546342859,False,-1
0.8612225673307219,-0.21598790121785488,-1.1376590032819875,1.7799649773755415,0.6189018392404444,0.6393225546342859,True,-1
0.15652598511266475,-0.3465512137168028,1.0273100738256928,1.7799649773755415,0.6189018392404444,0.6393225546342859,False,-1
0.24286570638792265,0.5673919737758326,-0.3257955993666074,1.7799649773755415,0.6189018392404444,0.6393225546342859,True,0
-0.370351885431349,-1.3910577137083862,-0.5964167340050675,1.7799649773755415,-0.8808079818064339,0.6393225546342859,False,2
0.3627134623485781,0.24098369252846283,0.48606780454877274,1.7799649773755415,0.6189018392404444,-0.6089598505988263,False,2
1.092695248654389,-0.21598790121785488,-0.3257955993666074,1.7799649773755415,0.6189018392404444,0.6393225546342859,True,0
1.8909265289206414,-0.41183286996627677,4.545384824125674,1.7799649773755415,-0.8808079818064339,0.6393225546342859,False,0
-0.29244056551867575,1.1549268800210981,-1.1376590032819875,1.7799649773755415,0.6189018392404444,-0.6089598505988263,True,3
-0.7572360650504806,-0.41183286996627677,-0.5964167340050675,1.7799649773755415,-0.8808079818064339,0.6393225546342859,False,-1
-0.4231835720212093,1.3507718487695202,-0.5964167340050675,1.7799649773755415,0.6189018392404444,-0.6089598505988263,True,4
-0.004435923836208736,0.9590819112726764,-0.8670378686435275,1.7799649773755415,0.6189018392404444,-0.6089598505988263,True,0
-0.6560952486994643,-0.08542458871890696,-0.5964167340050675,1.7799649773755415,0.6189018392404444,-0.6089598505988263,False,1
-0.44147937010096605,0.8285185987737285,-0.3257955993666074,1.7799649773755415,0.6189018392404444,0.6393225546342859,True,0
1.3681600736754498,0.6326736300253065,0.48606780454877274,1.7799649773755415,0.6189018392404444,0.6393225546342859,False,2
-0.41290503377415483,0.8285185987737285,-0.05517446472814736,1.7799649773755415,0.6189018392404444,-0.6089598505988263,True,0
0.3111152003483647,-1.586902682456808,0.7566889391872328,1.7799649773755415,0.6189018392404444,0.6393225546342859,False,0
-0.8049284825168135,0.30626534877793676,-0.3257955993666074,1.7799649773755415,-0.8808079818064339,-0.6089598505988263,False,-1
-0.8460426355050314,0.24098369252846283,-0.05517446472814736,1.7799649773755415,-0.8808079818064339,-0.6089598505988263,False,0
0.041200785980713237,1.481335161268468,-0.8670378686435275,1.7799649773755415,0.6189018392404444,0.6393225546342859,True,1
-0.991175595553441,0.8285185987737285,-0.5964167340050675,1.7799649773755415,-0.8808079818064339,-0.6089598505988263,False,-1
-0.746751956038485,0.7632369425242544,-0.5964167340050675,1.7799649773755415,-0.8808079818064339,-0.6089598505988263,False,1
-1.4054006869097373,0.5673919737758326,-0.05517446472814736,1.7799649773755415,-0.8808079818064339,-0.6089598505988263,False,-1
-0.9539672870991037,0.8285185987737285,-0.5964167340050675,1.7799649773755415,0.6189018392404444,0.6393225546342859,False,-1
1.5221325766163258,-1.2604944012094381,-0.5964167340050675,1.7799649773755415,0.6189018392404444,0.6393225546342859,False,-1
-0.9510892963899285,0.30626534877793676,-0.05517446472814736,1.7799649773755415,-0.8808079818064339,-0.6089598505988263,True,3
1.0042998197297202,0.5021103175263587,-0.8670378686435275,1.7799649773755415,0.6189018392404444,0.6393225546342859,False,4
-0.2655107953113932,-1.3910577137083862,0.48606780454877274,1.7799649773755415,0.6189018392404444,-0.6089598505988263,False,0
-0.6674016407712242,0.6326736300253065,-0.05517446472814736,1.7799649773755415,0.6189018392404444,-0.6089598505988263,True,-1
-0.0295155571590217,0.8285185987737285,-0.8670378686435275,1.7799649773755415,0.6189018392404444,-0.6089598505988263,True,-1
2.7473343356652236,0.5673919737758326,-0.05517446472814736,1.7799649773755415,-0.8808079818064339,0.6393225546342859,True,4
1.1237364341604934,-2.1744375887020735,-0.5964167340050675,1.7799649773755415,0.6189018392404444,0.6393225546342859,False,3
1.5391949501064366,-1.1299310887104903,-0.5964167340050675,1.7799649773755415,0.6189018392404444,0.6393225546342859,False,3
0.5222363759428641,-2.043874276203126,-0.5964167340050675,1.7799649773755415,0.6189018392404444,-0.6089598505988263,False,4
0.5294313527158021,-2.043874276203126,-0.05517446472814736,1.7799649773755415,0.6189018392404444,-0.6089598505988263,False,4
1.229605378105155,-2.043874276203126,-0.5964167340050675,1.7799649773755415,0.6189018392404444,0.6393225546342859,False,4
0.4048554691615015,-0.9340861199620684,1.297931208464153,1.7799649773755415,-0.8808079818064339,0.6393225546342859,False,-1
0.34071739049988164,-2.043874276203126,-0.3257955993666074,1.7799649773755415,0.6189018392404444,-0.6089598505988263,False,-1
-0.3053915237099646,1.0243635675221503,-0.3257955993666074,1.7799649773755415,0.6189018392404444,0.6393225546342859,True,-1
-0.8908570622621891,1.481335161268468,-0.5964167340050675,1.7799649773755415,0.6189018392404444,0.6393225546342859,True,0
0.0037869067614349837,0.5673919737758326,-0.3257955993666074,1.7799649773755415,0.6189018392404444,-0.6089598505988263,True,0
-0.08625308828276267,0.7632369425242544,-1.1376590032819875,1.7799649773755415,-0.8808079818064339,-0.6089598505988263,True,2
-1.1852343976578301,-0.6076778387146986,0.2154466699103127,1.7799649773755415,-0.8808079818064339,-0.6089598505988263,False,1
-0.22480778385305727,1.2202085362705721,-0.8670378686435275,1.7799649773755415,-0.8808079818064339,-0.6089598505988263,True,-1
0.207301964053114,-0.15070624496838092,-0.5964167340050675,1.7799649773755415,0.6189018392404444,0.6393225546342859,True,2
-0.3629513378934698,0.7632369425242544,-0.5964167340050675,1.7799649773755415,-0.8808079818064339,-0.6089598505988263,True,2
-0.06035117190018521,0.7632369425242544,-0.8670378686435275,1.7799649773755415,0.6189018392404444,-0.6089598505988263,True,1
-0.17382623414766685,0.5673919737758326,0.2154466699103127,1.7799649773755415,0.6189018392404444,-0.6089598505988263,False,3
0.3641524577031659,0.24098369252846283,-0.05517446472814736,1.7799649773755415,0.6189018392404444,0.6393225546342859,True,3
-0.29922440076173196,0.24098369252846283,-0.05517446472814736,1.7799649773755415,0.6189018392404444,-0.6089598505988263,False,0
-0.37549115455487625,0.24098369252846283,-0.05517446472814736,1.7799649773755415,0.6189018392404444,-0.6089598505988263,False,2
-0.0406163784658404,0.6979552862747805,-0.8670378686435275,1.7799649773755415,-2.380517802853312,-1.8572422558319384,True,-1
0.5341594803094473,0.6326736300253065,-0.05517446472814736,1.7799649773755415,0.6189018392404444,0.6393225546342859,True,-1
0.13288534714443956,0.5021103175263587,-0.8670378686435275,1.7799649773755415,-0.8808079818064339,-0.6089598505988263,True,4
-0.1666312573747288,0.5673919737758326,-0.8670378686435275,1.7799649773755415,0.6189018392404444,-0.6089598505988263,True,1
-0.20055043359000851,-0.9993677762115424,-0.8670378686435275,1.7799649773755415,-0.8808079818064339,-0.6089598505988263,False,0
0.6464011179672824,0.3715470050274107,-0.8670378686435275,1.7799649773755415,0.6189018392404444,0.6393225546342859,True,2
-0.16169755901614247,-1.0646494324610163,1.839173477741073,1.7799649773755415,0.6189018392404444,-0.6089598505988263,False,3
0.5789739070666048,-1.1952127449599643,-0.5964167340050675,1.7799649773755415,0.6189018392404444,-0.6089598505988263,False,2
0.9919655738332548,-1.2604944012094381,2.3804157470179934,1.7799649773755415,0.6189018392404444,-0.6089598505988263,False,-1
0.048601333518592464,0.3715470050274107,-0.5964167340050675,1.7799649773755415,0.6189018392404444,-0.6089598505988263,False,2
-0.23652531745469926,0.6326736300253065,-0.05517446472814736,1.7799649773755415,0.6189018392404444,0.6393225546342859,True,2
-1.2756855342319096,0.6326736300253065,-1.1376590032819875,1.7799649773755415,0.6189018392404444,3.13588736510051,True,1
-0.10372660330275521,0.5673919737758326,-0.8670378686435275,1.7799649773755415,0.6189018392404444,-0.6089598505988263,True,2
0.02064370948660423,-1.45633936995786,0.48606780454877274,1.7799649773755415,0.6189018392404444,0.6393225546342859,False,3
0.027838686259542555,-1.45633936995786,0.7566889391872328,1.7799649773755415,0.6189018392404444,0.6393225546342859,False,3
-0.35061709199700447,0.4368286612768847,-0.05517446472814736,1.7799649773755415,0.6189018392404444,0.6393225546342859,True,-1
1.8909265289206414,-1.3257760574589121,-0.8670378686435275,1.7799649773755415,0.6189018392404444,0.6393225546342859,False,1
0.07203640072187675,0.4368286612768847,-0.05517446472814736,1.7799649773755415,0.6189018392404444,-0.6089598505988263,True,3
-0.3409552660447733,1.1549268800210981,-0.8670378686435275,1.7799649773755415,-0.8808079818064339,-0.6089598505988263,True,0
-0.7442851068591918,1.0243635675221503,-0.8670378686435275,1.7799649773755415,-0.8808079818064339,-0.6089598505988263,True,4
-0.28010631962221044,0.6326736300253065,-1.1376590032819875,1.7799649773755415,0.6189018392404444,0.6393225546342859,True,4
0.3236550170097712,0.045138723780040954,-1.1376590032819875,1.7799649773755415,0.6189018392404444,0.6393225546342859,True,0
-0.6499281257512314,1.1549268800210981,-0.3257955993666074,1.7799649773755415,0.6189018392404444,-0.6089598505988263,True,-1
-0.7498355175126012,1.1549268800210981,-0.8670378686435275,1.7799649773755415,0.6189018392404444,-0.6089598505988263,True,2
-0.7498355175126012,1.1549268800210981,-0.8670378686435275,1.7799649773755415,0.6189018392404444,-0.6089598505988263,True,0
0.3349614090815311,-1.3257760574589121,-0.05517446472814736,1.7799649773755415,0.6189018392404444,-0.6089598505988263,False,3
0.5985031297360084,-1.2604944012094381,-0.5964167340050675,1.7799649773755415,0.6189018392404444,-0.6089598505988263,False,-1
0.7863948088921647,0.5673919737758326,-1.1376590032819875,1.7799649773755415,0.6189018392404444,0.6393225546342859,True,0
1.4388764168151849,-2.1091559324525995,0.48606780454877274,1.7799649773755415,0.6189018392404444,0.6393225546342859,False,-1
2.462618826221813,0.6326736300253065,-0.5964167340050675,1.7799649773755415,-0.8808079818064339,0.6393225546342859,False,4
4.305971875448568,0.3715470050274107,-0.8670378686435275,1.7799649773755415,2.1186116602873226,1.887604959867398,False,4
1.2176822737385715,0.30626534877793676,-0.5964167340050675,1.7799649773755415,0.6189018392404444,0.6393225546342859,False,0
1.0378078544151177,0.6326736300253065,-0.3257955993666074,1.7799649773755415,0.6189018392404444,0.6393225546342859,False,-1
0.08622078350281191,0.8938002550232024,-0.8670378686435275,1.7799649773755415,0.6189018392404444,0.6393225546342859,False,-1
1.9275181250801556,-2.1091559324525995,1.568552343102613,1.7799649773755415,0.6189018392404444,-0.6089598505988263,False,2
0.5181249606440422,0.6979552862747805,-0.3257955993666074,1.7799649773755415,0.6189018392404444,0.6393225546342859,True,-1
-0.27702275814809396,0.8285185987737285,-0.5964167340050675,1.7799649773755415,0.6189018392404444,0.6393225546342859,True,0
-0.6240262093686543,0.24098369252846283,-0.05517446472814736,1.7799649773755415,0.6189018392404444,-0.6089598505988263,False,3
2.201338383981688,0.17570203627898887,-1.1376590032819875,1.7799649773755415,0.6189018392404444,0.6393225546342859,True,0
-1.0577805233943542,1.6771801300168898,-0.8670378686435275,1.7799649773755415,-0.8808079818064339,-0.6089598505988263,True,2
-0.276406045853271,0.4368286612768847,-0.5964167340050675,1.7799649773755415,-0.8808079818064339,-0.6089598505988263,True,1
0.12384023348703166,0.4368286612768847,1.839173477741073,1.7799649773755415,-0.8808079818064339,0.6393225546342859,False,-1
-0.7251670257196704,1.0896452237716243,-1.1376590032819875,1.7799649773755415,0.6189018392404444,-0.6089598505988263,True,-1
-0.34198311986947866,-1.1952127449599643,1.0273100738256928,1.7799649773755415,-0.8808079818064339,-0.6089598505988263,False,1
1.5233660012059724,-1.1299310887104903,0.48606780454877274,1.7799649773755415,0.6189018392404444,0.6393225546342859,False,4
-1.429246895642904,-0.41183286996627677,0.7566889391872328,1.7799649773755415,-0.8808079818064339,-0.6089598505988263,False,3
-0.7876605382617617,-0.41183286996627677,0.48606780454877274,1.7799649773755415,-2.380517802853312,-0.6089598505988263,False,3
0.3435953812090569,0.3715470050274107,-0.05517446472814736,1.7799649773755415,0.6189018392404444,0.6393225546342859,True,3
3.301553117946402,-0.4771145262157507,0.48606780454877274,1.7799649773755415,0.6189018392404444,0.6393225546342859,False,-1
1.6206009730231086,0.11042038002951492,-0.5964167340050675,1.7799649773755415,0.6189018392404444,0.6393225546342859,True,-1
0.33208341837235583,-0.08542458871890696,0.48606780454877274,1.7799649773755415,0.6189018392404444,0.6393225546342859,False,1
-1.235599235068397,-0.28126955746732885,-0.5964167340050675,1.7799649773755415,-2.380517802853312,-1.8572422558319384,False,4
0.3366059752010598,-1.1952127449599643,-0.3257955993666074,1.7799649773755415,0.6189018392404444,-0.6089598505988263,False,0
0.4141061535838506,0.6979552862747805,-0.5964167340050675,1.7799649773755415,0.6189018392404444,0.6393225546342859,True,2
0.5668452319350807,0.6979552862747805,-0.05517446472814736,1.7799649773755415,0.6189018392404444,-0.6089598505988263,True,-1
-1.0884105673705766,0.8938002550232024,-0.3257955993666074,1.7799649773755415,-0.8808079818064339,-0.6089598505988263,False,-1
2.045104602626459,0.6326736300253065,-1.1376590032819875,1.7799649773755415,0.6189018392404444,1.887604959867398,False,0
0.510724413106163,0.5673919737758326,-0.3257955993666074,1.7799649773755415,0.6189018392404444,0.6393225546342859,True,2
0.26342278288203164,0.6979552862747805,-0.05517446472814736,1.7799649773755415,2.1186116602873226,0.6393225546342859,True,2
0.01714900648260566,-0.4771145262157507,-0.8670378686435275,1.7799649773755415,0.6189018392404444,0.6393225546342859,False,-1
-0.6281376246674761,1.481335161268468,-1.1376590032819875,1.7799649773755415,0.6189018392404444,-0.6089598505988263,True,4
-0.749424375982719,1.611898473767416,-0.8670378686435275,1.7799649773755415,-0.8808079818064339,-0.6089598505988263,True,1
-0.7214667519507308,1.2854901925200461,-0.3257955993666074,1.7799649773755415,0.6189018392404444,-0.6089598505988263,True,0
-0.5679053905397365,1.3507718487695202,-0.8670378686435275,1.7799649773755415,-0.8808079818064339,-0.6089598505988263,True,1
1.2818203524001917,-2.043874276203126,-0.3257955993666074,1.7799649773755415,0.6189018392404444,0.6393225546342859,False,-1
0.19805127963076516,0.3715470050274107,-0.5964167340050675,1.7799649773755415,0.6189018392404444,0.6393225546342859,True,2
2.31871929076305,-0.4771145262157507,0.7566889391872328,1.7799649773755415,0.6189018392404444,0.6393225546342859,False,3
-0.0724798470317096,0.6326736300253065,-0.5964167340050675,1.7799649773755415,-0.8808079818064339,0.6393225546342859,True,1
1.5770199708555974,0.11042038002951492,-0.05517446472814736,1.7799649773755415,0.6189018392404444,1.887604959867398,True,4
0.2171693607702864,0.3715470050274107,-0.3257955993666074,1.7799649773755415,-0.8808079818064339,0.6393225546342859,False,0
0.4609762879904192,0.24098369252846283,-0.8670378686435275,1.7799649773755415,0.6189018392404444,0.6393225546342859,True,1
0.98723744623961,-0.28126955746732885,0.48606780454877274,1.7799649773755415,0.6189018392404444,0.6393225546342859,False,1
0.2066852517582907,0.8938002550232024,-1.1376590032819875,1.7799649773755415,0.6189018392404444,0.6393225546342859,True,3
-0.06754614867312325,1.0896452237716243,-0.3257955993666074,1.7799649773755415,-0.8808079818064339,-0.6089598505988263,True,-1
2.4245882347077115,-0.7382411512136465,0.2154466699103127,1.7799649773755415,0.6189018392404444,1.887604959867398,False,0
3.5560497249434713,0.11042038002951492,1.839173477741073,1.7799649773755415,0.6189018392404444,1.887604959867398,False,-1
1.3718603474443891,-0.4771145262157507,-0.8670378686435275,1.7799649773755415,0.6189018392404444,0.6393225546342859,False,-1
0.7138283288679599,1.2202085362705721,-0.8670378686435275,1.7799649773755415,0.6189018392404444,0.6393225546342859,True,4
-0.5716056643086763,0.24098369252846283,-0.05517446472814736,1.7799649773755415,-0.8808079818064339,0.6393225546342859,True,2
0.4817389352494694,-2.1091559324525995,0.48606780454877274,1.7799649773755415,0.6189018392404444,-0.6089598505988263,False,0
-0.5397421957428071,1.416053505018994,-0.8670378686435275,1.7799649773755415,0.6189018392404444,0.6393225546342859,True,-1
-0.28072303191703374,1.481335161268468,-0.8670378686435275,1.7799649773755415,-0.8808079818064339,0.6393225546342859,True,0
0.5099021300463985,0.5673919737758326,0.48606780454877274,1.7799649773755415,0.6189018392404444,0.6393225546342859,False,0
0.12527922884161916,0.8938002550232024,-0.5964167340050675,1.7799649773755415,0.6189018392404444,0.6393225546342859,True,3
-1.2119585971001716,-0.41183286996627677,0.48606780454877274,1.7799649773755415,-0.8808079818064339,-0.6089598505988263,False,3
-0.5767449334322036,0.8938002550232024,-0.5964167340050675,1.7799649773755415,-0.8808079818064339,-0.6089598505988263,True,2
1.5796923907998315,-1.45633936995786,0.48606780454877274,1.7799649773755415,0.6189018392404444,0.6393225546342859,False,2
0.7010829414416122,0.045138723780040954,-0.05517446472814736,1.7799649773755415,0.6189018392404444,0.6393225546342859,True,3
0.273495750364145,0.11042038002951492,-0.3257955993666074,1.7799649773755415,0.6189018392404444,0.6393225546342859,True,1
0.5987087005009496,0.30626534877793676,-0.8670378686435275,1.7799649773755415,0.6189018392404444,0.6393225546342859,True,0
-0.4254448504355613,0.8285185987737285,-0.8670378686435275,1.7799649773755415,-0.8808079818064339,0.6393225546342859,True,-1
-0.5432368987468057,0.8285185987737285,0.2154466699103127,1.7799649773755415,0.6189018392404444,-0.6089598505988263,False,0
2.446173165026526,-1.2604944012094381,-0.05517446472814736,1.7799649773755415,0.6189018392404444,0.6393225546342859,False,2
-0.9961092939120272,0.9590819112726764,-0.8670378686435275,1.7799649773755415,0.6189018392404444,0.6393225546342859,True,0
-1.4138290882723223,1.3507718487695202,-0.5964167340050675,1.7799649773755415,-2.380517802853312,-1.8572422558319384,True,3
0.5053795732176946,0.4368286612768847,-0.05517446472814736,1.7799649773755415,0.6189018392404444,0.6393225546342859,True,0
0.23978214491380617,0.6326736300253065,-0.05517446472814736,1.7799649773755415,0.6189018392404444,0.6393225546342859,True,2
-0.4040654908816878,4.48429134874427,-1.1376590032819875,1.7799649773755415,0.6189018392404444,-0.6089598505988263,True,-1
1.7599779516531675,0.5021103175263587,-0.5964167340050675,1.7799649773755415,0.6189018392404444,0.6393225546342859,False,1
0.6003532666204783,0.5021103175263587,-0.5964167340050675,1.7799649773755415,0.6189018392404444,0.6393225546342859,True,1
-0.6079916897032491,1.481335161268468,-0.8670378686435275,1.7799649773755415,0.6189018392404444,0.6393225546342859,True,-1
0.08930434497692838,0.7632369425242544,-0.05517446472814736,1.7799649773755415,0.6189018392404444,-0.6089598505988263,True,1
-1.0945776903188094,1.481335161268468,-0.8670378686435275,1.7799649773755415,0.6189018392404444,0.6393225546342859,True,1
-0.36665161166240956,0.6326736300253065,-0.5964167340050675,1.7799649773755415,0.6189018392404444,-0.6089598505988263,True,-1
0.0880709203872818,-1.45633936995786,0.48606780454877274,1.7799649773755415,0.6189018392404444,-0.6089598505988263,False,0
-0.22460221308811606,0.045138723780040954,-0.5964167340050675,1.7799649773755415,0.6189018392404444,0.6393225546342859,True,-1
-1.2592398730366225,-1.7827476512052298,-0.5964167340050675,1.7799649773755415,-0.8808079818064339,-0.6089598505988263,False,1
1.4177026280262526,0.30626534877793676,-0.3257955993666074,1.7799649773755415,-2.380517802853312,3.13588736510051,False,1
-0.8925016283817178,1.2854901925200461,-1.1376590032819875,1.7799649773755415,-0.8808079818064339,-0.6089598505988263,True,-1
-0.7958833688594055,-0.9993677762115424,1.839173477741073,1.7799649773755415,0.6189018392404444,0.6393225546342859,False,1
-0.7315397194328442,-1.2604944012094381,-0.3257955993666074,1.7799649773755415,-0.8808079818064339,-0.6089598505988263,False,1
-1.3262559424074178,0.7632369425242544,1.0273100738256928,1.7799649773755415,-0.8808079818064339,-0.6089598505988263,False,1
-0.5000670381091769,1.416053505018994,-0.3257955993666074,1.7799649773755415,0.6189018392404444,1.887604959867398,True,0
-0.7502466590424836,-1.9133109637041779,2.9216580162949137,1.7799649773755415,-0.8808079818064339,-0.6089598505988263,False,3
-0.35740092724006045,1.3507718487695202,-0.5964167340050675,1.7799649773755415,-0.8808079818064339,1.887604959867398,True,0
0.5101077008113397,0.30626534877793676,-0.05517446472814736,1.7799649773755415,0.6189018392404444,0.6393225546342859,False,-1
0.3682638730019875,0.30626534877793676,-0.8670378686435275,1.7799649773755415,0.6189018392404444,-0.6089598505988263,False,1
0.12404580425197256,0.8938002550232024,-0.5964167340050675,1.7799649773755415,-0.8808079818064339,0.6393225546342859,True,0
-0.9541728578640448,0.6326736300253065,-0.05517446472814736,1.7799649773755415,-0.8808079818064339,-0.6089598505988263,True,4
-0.3366382799810102,-1.3910577137083862,0.48606780454877274,1.7799649773755415,0.6189018392404444,-0.6089598505988263,False,1
1.5258328503852656,0.11042038002951492,0.7566889391872328,1.7799649773755415,-0.8808079818064339,0.6393225546342859,False,4
-1.0152273750515486,0.6979552862747805,1.0273100738256928,1.7799649773755415,-2.380517802853312,-1.8572422558319384,False,1
-1.1679664534027785,0.8285185987737285,0.48606780454877274,1.7799649773755415,-0.8808079818064339,-0.6089598505988263,False,-1
-0.05521190277665796,0.5673919737758326,-0.8670378686435275,1.7799649773755415,-0.8808079818064339,-0.6089598505988263,True,-1
-0.3189591941960765,0.30626534877793676,-0.05517446472814736,1.7799649773755415,2.1186116602873226,0.6393225546342859,True,-1
1.3648709414363924,-1.7174659949557558,-0.05517446472814736,1.7799649773755415,0.6189018392404444,0.6393225546342859,False,0
-1.7538431334848852,1.1549268800210981,-0.3257955993666074,1.7799649773755415,0.6189018392404444,-0.6089598505988263,True,4
-1.433563881706667,-2.1744375887020735,-0.05517446472814736,1.7799649773755415,-0.8808079818064339,-0.6089598505988263,False,4
-0.24063673275352113,-1.2604944012094381,0.2154466699103127,1.7799649773755415,0.6189018392404444,-0.6089598505988263,False,-1
0.501268157918873,-1.7174659949557558,-0.5964167340050675,1.7799649773755415,-0.8808079818064339,-0.6089598505988263,False,2
-1.3642865339215193,-0.020142932469433005,1.297931208464153,1.7799649773755415,-0.8808079818064339,-0.6089598505988263,False,1
-1.121301889761151,-0.3465512137168028,-0.8670378686435275,1.7799649773755415,-0.8808079818064339,-0.6089598505988263,False,3
0.43466323007795965,0.24098369252846283,-1.1376590032819875,1.7799649773755415,0.6189018392404444,-0.6089598505988263,True,2
0.6250217584134091,0.3715470050274107,-0.3257955993666074,1.7799649773755415,0.6189018392404444,0.6393225546342859,False,3
-1.1270578711795016,-1.1952127449599643,2.1097946123795333,1.7799649773755415,-0.8808079818064339,-0.6089598505988263,False,3
0.485233638253468,-0.020142932469433005,0.2154466699103127,1.7799649773755415,-0.8808079818064339,-0.6089598505988263,False,0
-0.3280043078534844,-2.1091559324525995,0.2154466699103127,1.7799649773755415,0.6189018392404444,-0.6089598505988263,False,-1
0.6700417559355079,-2.1744375887020735,0.2154466699103127,1.7799649773755415,0.6189018392404444,-0.6089598505988263,False,4
-0.769981452476828,0.11042038002951492,-0.05517446472814736,1.7799649773755415,0.6189018392404444,-0.6089598505988263,False,2
-1.0740206138247004,1.0243635675221503,-0.3257955993666074,1.7799649773755415,-2.380517802853312,0.6393225546342859,True,1
-0.39892622175816056,0.6979552862747805,-0.3257955993666074,1.7799649773755415,0.6189018392404444,-0.6089598505988263,True,2
-0.14319619017144453,1.2202085362705721,-0.5964167340050675,1.7799649773755415,0.6189018392404444,-0.6089598505988263,True,2
0.09670489251480761,0.30626534877793676,-0.3257955993666074,1.7799649773755415,0.6189018392404444,0.6393225546342859,True,-1
-1.298709459905312,0.11042038002951492,1.0273100738256928,1.7799649773755415,0.6189018392404444,0.6393225546342859,False,1
-0.11626641996416169,0.8938002550232024,-0.8670378686435275,1.7799649773755415,0.6189018392404444,0.6393225546342859,True,3
0.2360818711448667,0.4368286612768847,0.7566889391872328,1.7799649773755415,-0.8808079818064339,0.6393225546342859,False,-1
1.6874114716289628,0.6326736300253065,-1.1376590032819875,1.7799649773755415,-2.380517802853312,-1.8572422558319384,False,2
1.654314578473447,1.0243635675221503,0.48606780454877274,1.7799649773755415,0.6189018392404444,0.6393225546342859,False,4
0.841693344661318,1.0896452237716243,-0.05517446472814736,1.7799649773755415,0.6189018392404444,0.6393225546342859,False,0
-0.8431646447958562,1.2202085362705721,1.297931208464153,1.7799649773755415,-0.8808079818064339,-0.6089598505988263,False,4
-0.7340065686121373,-1.1299310887104903,2.1097946123795333,1.7799649773755415,-0.8808079818064339,-0.6089598505988263,False,0
0.28603556702555144,0.24098369252846283,-1.1376590032819875,1.7799649773755415,0.6189018392404444,0.6393225546342859,False,-1
-1.5739687141614314,0.17570203627898887,-0.5964167340050675,1.7799649773755415,0.6189018392404444,0.6393225546342859,False,3
0.41143373363961655,0.24098369252846283,1.839173477741073,1.7799649773755415,0.6189018392404444,0.6393225546342859,False,2
-0.6565063902293464,-1.586902682456808,-1.1376590032819875,1.7799649773755415,-0.8808079818064339,-0.6089598505988263,False,2
-0.9110029972264159,-1.1952127449599643,-0.05517446472814736,1.7799649773755415,-0.8808079818064339,-0.6089598505988263,False,-1
0.6309833105967007,-1.9133109637041779,-0.3257955993666074,1.7799649773755415,-0.8808079818064339,-0.6089598505988263,False,-1
-0.2870957256302076,0.8285185987737285,-0.5964167340050675,1.7799649773755415,0.6189018392404444,-0.6089598505988263,False,0
0.04695676739906378,0.5673919737758326,0.2154466699103127,1.7799649773755415,0.6189018392404444,0.6393225546342859,False,-1
0.5444380185565019,0.6326736300253065,1.568552343102613,1.7799649773755415,0.6189018392404444,0.6393225546342859,False,0
-1.212164167865113,-1.7827476512052298,-0.5964167340050675,1.7799649773755415,-0.8808079818064339,-0.6089598505988263,False,0
0.8104465883902726,0.7632369425242544,0.2154466699103127,1.7799649773755415,0.6189018392404444,0.6393225546342859,False,-1
-0.15039116694438256,-1.1952127449599643,0.7566889391872328,1.7799649773755415,0.6189018392404444,-0.6089598505988263,False,-1
0.6422897026684607,0.4368286612768847,-0.8670378686435275,1.7799649773755415,0.6189018392404444,0.6393225546342859,False,0
0.12589594113644245,0.30626534877793676,2.3804157470179934,1.7799649773755415,0.6189018392404444,-0.6089598505988263,False,3
0.2264200451926355,0.3715470050274107,-0.05517446472814736,1.7799649773755415,0.6189018392404444,0.6393225546342859,False,-1
0.34010067820505835,-1.9785926199536517,-0.3257955993666074,1.7799649773755415,-0.8808079818064339,-0.6089598505988263,False,-1
0.4708436847075916,0.24098369252846283,0.7566889391872328,1.7799649773755415,0.6189018392404444,0.6393225546342859,False,-1
-0.47149270178236535,-1.3257760574589121,0.2154466699103127,1.7799649773755415,-0.8808079818064339,-0.6089598505988263,False,4
0.010159600474608822,1.2202085362705721,-1.1376590032819875,1.7799649773755415,-2.380517802853312,-1.8572422558319384,True,3
-0.9218982477682937,-0.28126955746732885,-0.8670378686435275,1.7799649773755415,-0.8808079818064339,-0.6089598505988263,False,4
-1.1704333025820717,-1.2604944012094381,-0.3257955993666074,1.7799649773755415,-0.8808079818064339,-0.6089598505988263,False,4
1.5618077342499566,-0.3465512137168028,1.568552343102613,1.7799649773755415,0.6189018392404444,0.6393225546342859,False,-1
0.7113614796886667,0.4368286612768847,-0.5964167340050675,1.7799649773755415,0.6189018392404444,0.6393225546342859,False,-1
-0.0827583852787641,-1.2604944012094381,1.568552343102613,1.7799649773755415,0.6189018392404444,0.6393225546342859,False,4
-0.7449018191540151,0.3715470050274107,-0.5964167340050675,1.7799649773755415,-0.8808079818064339,-0.6089598505988263,False,4
-0.9445110319118135,-1.1952127449599643,1.0273100738256928,1.7799649773755415,-0.8808079818064339,-0.6089598505988263,False,-1
0.47269382159206147,0.6979552862747805,-0.3257955993666074,1.7799649773755415,0.6189018392404444,-0.6089598505988263,False,2
-1.0501744050915338,0.6979552862747805,-1.1376590032819875,1.7799649773755415,-2.380517802853312,-1.8572422558319384,False,2
0.5390931786680334,0.045138723780040954,-0.8670378686435275,1.7799649773755415,0.6189018392404444,0.6393225546342859,False,4
2.57136576087565,-0.020142932469433005,2.6510368816564536,1.7799649773755415,0.6189018392404444,0.6393225546342859,False,-1
-0.055828615071481257,0.9590819112726764,-0.3257955993666074,1.7799649773755415,0.6189018392404444,0.6393225546342859,True,4
0.049834758108239056,0.8285185987737285,-0.8670378686435275,1.7799649773755415,0.6189018392404444,0.6393225546342859,True,2
0.9689416481598526,0.30626534877793676,0.48606780454877274,1.7799649773755415,0.6189018392404444,0.6393225546342859,False,2
0.595213997496951,0.3715470050274107,1.568552343102613,1.7799649773755415,0.6189018392404444,0.6393225546342859,False,1
0.21675821924040428,0.9590819112726764,-0.3257955993666074,1.7799649773755415,0.6189018392404444,-0.6089598505988263,True,1
-1.3402347544234121,-1.0646494324610163,-0.05517446472814736,1.7799649773755415,-0.8808079818064339,-0.6089598505988263,False,-1
-0.4558693236468424,1.2202085362705721,-1.1376590032819875,1.7799649773755415,-0.8808079818064339,-0.6089598505988263,True,4
1.0920785363595658,0.6326736300253065,-0.3257955993666074,1.7799649773755415,0.6189018392404444,0.6393225546342859,False,1
-0.6630846547074611,-1.8480293074547038,-0.05517446472814736,1.7799649773755415,-0.8808079818064339,-0.6089598505988263,False,2
-1.47755602540406,0.24098369252846283,2.1097946123795333,1.7799649773755415,-0.8808079818064339,-0.6089598505988263,False,0
0.39498807244432943,0.30626534877793676,0.48606780454877274,1.7799649773755415,0.6189018392404444,0.6393225546342859,False,1
0.22950360666675168,0.24098369252846283,2.1097946123795333,1.7799649773755415,0.6189018392404444,0.6393225546342859,False,1
1.5184323028473867,1.0896452237716243,0.7566889391872328,1.7799649773755415,0.6189018392404444,0.6393225546342859,False,1
0.15775940970231134,0.8938002550232024,-0.5964167340050675,1.7799649773755415,0.6189018392404444,-0.6089598505988263,False,-1
1.6107335763059358,0.5673919737758326,1.0273100738256928,1.7799649773755415,0.6189018392404444,0.6393225546342859,False,1
0.11047813376586069,0.30626534877793676,-0.5964167340050675,1.7799649773755415,0.6189018392404444,-0.6089598505988263,False,-1
-0.680558169727454,0.30626534877793676,2.1097946123795333,1.7799649773755415,0.6189018392404444,0.6393225546342859,False,-1
-0.2840121641560911,-2.1744375887020735,4.0041425548487535,1.7799649773755415,-0.8808079818064339,-0.6089598505988263,False,-1
0.10348872775786355,0.9590819112726764,-0.3257955993666074,1.7799649773755415,0.6189018392404444,-0.6089598505988263,True,-1
0.24615483862698,0.17570203627898887,3.4629002855718336,1.7799649773755415,0.6189018392404444,0.6393225546342859,False,3
-1.2388883673074547,-1.9785926199536517,2.3804157470179934,1.7799649773755415,-0.8808079818064339,-0.6089598505988263,False,1
1.3021718581293598,0.17570203627898887,-0.8670378686435275,1.7799649773755415,0.6189018392404444,0.6393225546342859,False,1
1.5743475509113634,1.2202085362705721,-0.05517446472814736,1.7799649773755415,0.6189018392404444,0.6393225546342859,False,0
0.5366263294887405,1.1549268800210981,0.48606780454877274,1.7799649773755415,0.6189018392404444,1.887604959867398,False,1
0.5684897980546094,0.17570203627898887,-0.05517446472814736,1.7799649773755415,0.6189018392404444,0.6393225546342859,False,-1
-0.23508632210011177,0.6326736300253065,0.2154466699103127,1.7799649773755415,-0.8808079818064339,-0.6089598505988263,False,1
0.16618781106489597,0.8938002550232024,-0.8670378686435275,1.7799649773755415,-0.8808079818064339,-1.8572422558319384,False,4
-1.1457648107891407,0.5021103175263587,1.297931208464153,1.7799649773755415,-2.380517802853312,-1.8572422558319384,False,3
0.25458323998956495,-1.9785926199536517,1.839173477741073,1.7799649773755415,-0.8808079818064339,-0.6089598505988263,False,2
-0.8676275658238458,-0.3465512137168028,0.2154466699103127,1.7799649773755415,-0.8808079818064339,0.6393225546342859,False,2
0.5499884292099112,0.8285185987737285,-0.05517446472814736,1.7799649773755415,0.6189018392404444,0.6393225546342859,False,4
0.18612817526418168,0.6326736300253065,-0.5964167340050675,1.7799649773755415,0.6189018392404444,0.6393225546342859,False,2
2.370728694293146,0.6979552862747805,2.9216580162949137,1.7799649773755415,0.6189018392404444,-0.6089598505988263,False,2
0.7691268646371131,0.30626534877793676,1.297931208464153,1.7799649773755415,0.6189018392404444,0.6393225546342859,False,-1
0.8233975465815612,0.30626534877793676,3.1922791509333734,1.7799649773755415,0.6189018392404444,-0.6089598505988263,False,1
-0.28154531497679824,1.2202085362705721,-0.3257955993666074,1.7799649773755415,0.6189018392404444,0.6393225546342859,True,3
0.9204269476337557,0.17570203627898887,-0.05517446472814736,1.7799649773755415,-0.8808079818064339,3.13588736510051,True,0
0.4685824062932396,0.7632369425242544,1.297931208464153,1.7799649773755415,0.6189018392404444,0.6393225546342859,False,-1
0.5074352808671057,0.4368286612768847,-0.8670378686435275,1.7799649773755415,0.6189018392404444,0.6393225546342859,False,2
-0.8842787977840741,0.5021103175263587,-0.05517446472814736,1.7799649773755415,0.6189018392404444,-0.6089598505988263,False,2
0.9788090448770254,0.5021103175263587,-0.3257955993666074,1.7799649773755415,0.6189018392404444,0.6393225546342859,False,3
0.722462300995486,0.5021103175263587,-0.5964167340050675,1.7799649773755415,0.6189018392404444,0.6393225546342859,False,3
-0.5101400055912902,-2.043874276203126,0.7566889391872328,1.7799649773755415,0.6189018392404444,-0.6089598505988263,False,3
-1.2411496457218065,0.9590819112726764,-1.1376590032819875,1.7799649773755415,0.6189018392404444,0.6393225546342859,False,-1
0.1511811452241966,0.17570203627898887,-0.05517446472814736,1.7799649773755415,0.6189018392404444,-0.6089598505988263,True,3
0.11335612447503596,1.0896452237716243,-1.1376590032819875,1.7799649773755415,0.6189018392404444,0.6393225546342859,True,-1
0.6301610275369364,0.3715470050274107,-0.8670378686435275,1.7799649773755415,0.6189018392404444,0.6393225546342859,True,2
-0.41968886901721075,-1.2604944012094381,-1.1376590032819875,1.7799649773755415,0.6189018392404444,-0.6089598505988263,False,-1
-1.3535968541445829,-0.5423961824652247,-0.5964167340050675,1.7799649773755415,-0.8808079818064339,-0.6089598505988263,False,0
-0.9527338625094571,0.4368286612768847,-1.1376590032819875,1.7799649773755415,0.6189018392404444,0.6393225546342859,False,2
0.1731772170728931,0.6979552862747805,-0.8670378686435275,1.7799649773755415,0.6189018392404444,0.6393225546342859,False,1
-0.93628820131417,0.6979552862747805,-0.05517446472814736,1.7799649773755415,-0.8808079818064339,-0.6089598505988263,False,1
-1.077926458358581,0.6979552862747805,0.48606780454877274,1.7799649773755415,-0.8808079818064339,-0.6089598505988263,False,3
-1.4800228745833532,-0.9993677762115424,-0.8670378686435275,1.7799649773755415,-0.8808079818064339,-0.6089598505988263,False,1
-0.8277468374252744,-1.2604944012094381,-0.5964167340050675,1.7799649773755415,-0.8808079818064339,-0.6089598505988263,False,4
-1.4035505500252679,1.1549268800210981,-0.5964167340050675,1.7799649773755415,0.6189018392404444,-0.6089598505988263,True,4
0.7154728949874889,1.0243635675221503,-1.1376590032819875,1.7799649773755415,0.6189018392404444,0.6393225546342859,True,4
-0.3099140805386686,0.5021103175263587,-0.3257955993666074,1.7799649773755415,0.6189018392404444,-0.6089598505988263,True,0
-0.0011467915971513651,0.6979552862747805,-0.5964167340050675,1.7799649773755415,0.6189018392404444,0.6393225546342859,True,4
1.0378078544151177,-2.1744375887020735,0.2154466699103127,1.7799649773755415,0.6189018392404444,0.6393225546342859,False,4
0.6805258649475032,0.7632369425242544,-0.5964167340050675,1.7799649773755415,0.6189018392404444,0.6393225546342859,False,-1
0.7056054982703162,0.5021103175263587,-0.5964167340050675,1.7799649773755415,0.6189018392404444,0.6393225546342859,False,-1
-0.22706906226740925,0.30626534877793676,-0.05517446472814736,1.7799649773755415,0.6189018392404444,0.6393225546342859,True,3
1.4680674654368193,1.0243635675221503,-0.5964167340050675,1.7799649773755415,0.6189018392404444,0.6393225546342859,True,1
0.697588238437614,0.4368286612768847,0.2154466699103127,1.7799649773755415,0.6189018392404444,0.6393225546342859,False,1
1.166289582503299,0.6326736300253065,0.2154466699103127,1.7799649773755415,0.6189018392404444,0.6393225546342859,False,-1
-0.2591381015982194,0.6979552862747805,-0.05517446472814736,1.7799649773755415,0.6189018392404444,-0.6089598505988263,True,-1
-0.4326398272084993,-0.3465512137168028,1.0273100738256928,1.7799649773755415,0.6189018392404444,-0.6089598505988263,False,-1
-0.011836471374087967,-0.3465512137168028,-0.05517446472814736,1.7799649773755415,0.6189018392404444,0.6393225546342859,False,0
0.17420507089759849,1.416053505018994,-0.05517446472814736,1.7799649773755415,0.6189018392404444,0.6393225546342859,True,-1
0.04017293215600785,0.6979552862747805,-0.05517446472814736,1.7799649773755415,0.6189018392404444,-0.6089598505988263,True,-1
-0.2690054983153918,0.9590819112726764,-1.1376590032819875,1.7799649773755415,-0.8808079818064339,-0.6089598505988263,True,3
0.5843187469550732,-0.020142932469433005,-0.05517446472814736,1.7799649773755415,2.1186116602873226,1.887604959867398,True,-1
0.7604928925095876,-2.1091559324525995,0.7566889391872328,1.7799649773755415,0.6189018392404444,0.6393225546342859,False,1
-0.5313137943802225,-0.3465512137168028,-0.5964167340050675,1.7799649773755415,0.6189018392404444,-0.6089598505988263,False,-1
2.0407876165626964,-1.3257760574589121,0.48606780454877274,1.7799649773755415,0.6189018392404444,0.6393225546342859,False,4
0.33681154596600094,0.5673919737758326,-0.05517446472814736,1.7799649773755415,0.6189018392404444,0.6393225546342859,True,3
0.11746753977385782,-0.28126955746732885,-0.5964167340050675,1.7799649773755415,0.6189018392404444,-0.6089598505988263,False,4
0.11746753977385782,-0.28126955746732885,-0.5964167340050675,1.7799649773755415,0.6189018392404444,-0.6089598505988263,False,3
0.5510162830346166,-1.586902682456808,-0.8670378686435275,1.7799649773755415,0.6189018392404444,-0.6089598505988263,False,3
1.2516014499538515,-1.586902682456808,-0.3257955993666074,1.7799649773755415,0.6189018392404444,0.6393225546342859,False,0
1.4892412542257516,-1.3257760574589121,-0.5964167340050675,1.7799649773755415,0.6189018392404444,0.6393225546342859,False,-1
1.9491030553989703,-0.41183286996627677,-0.05517446472814736,1.7799649773755415,0.6189018392404444,0.6393225546342859,False,1
-0.15655828989261522,-1.0646494324610163,-0.3257955993666074,1.7799649773755415,0.6189018392404444,-0.6089598505988263,False,-1
0.8299758110596759,-0.8688044637125945,1.0273100738256928,1.7799649773755415,0.6189018392404444,0.6393225546342859,False,-1
0.8723233886375406,-0.8688044637125945,-0.05517446472814736,1.7799649773755415,0.6189018392404444,0.6393225546342859,False,0
-0.5829120563804362,-1.3257760574589121,-0.3257955993666074,1.7799649773755415,-0.8808079818064339,-0.6089598505988263,False,0
-0.9036024496885366,-0.9340861199620684,-0.5964167340050675,1.7799649773755415,-0.8808079818064339,-0.6089598505988263,False,1
-1.2302543951799287,-0.9340861199620684,1.297931208464153,1.7799649773755415,-2.380517802853312,-1.8572422558319384,False,3
-0.20774541036294683,-0.9340861199620684,-0.05517446472814736,1.7799649773755415,-0.8808079818064339,-0.6089598505988263,False,2
-0.3066249482996112,0.8285185987737285,-0.5964167340050675,1.7799649773755415,0.6189018392404444,-0.6089598505988263,True,1
-0.6047025574641918,0.8285185987737285,-1.1376590032819875,1.7799649773755415,-0.8808079818064339,-0.6089598505988263,True,-1
0.5604725382219069,0.045138723780040954,-0.5964167340050675,1.7799649773755415,0.6189018392404444,0.6393225546342859,True,-1
-1.276096675761792,0.24098369252846283,-0.3257955993666074,1.7799649773755415,0.6189018392404444,1.887604959867398,True,-1
0.36929172682669315,-0.28126955746732885,1.297931208464153,1.7799649773755415,0.6189018392404444,0.6393225546342859,False,0
-0.7738872970107089,-0.41183286996627677,4.8160059587641335,1.7799649773755415,-0.8808079818064339,-0.6089598505988263,False,4
-1.2314878197695753,-1.2604944012094381,0.7566889391872328,1.7799649773755415,-2.380517802853312,-0.6089598505988263,False,-1
0.2360818711448667,0.4368286612768847,-0.05517446472814736,1.7799649773755415,0.6189018392404444,0.6393225546342859,True,4
0.7282182824138366,0.4368286612768847,0.2154466699103127,1.7799649773755415,0.6189018392404444,0.6393225546342859,False,4
-1.0873827135458711,0.9590819112726764,-1.1376590032819875,1.7799649773755415,-2.380517802853312,-1.8572422558319384,True,-1
-0.1592307098368496,0.24098369252846283,-0.05517446472814736,1.7799649773755415,0.6189018392404444,-0.6089598505988263,True,3
0.9979271260165463,-0.3465512137168028,0.2154466699103127,1.7799649773755415,0.6189018392404444,0.6393225546342859,False,4
-0.577772787256909,-0.15070624496838092,-0.05517446472814736,1.7799649773755415,-0.8808079818064339,-0.6089598505988263,False,0
1.1153080327979088,-1.3910577137083862,0.48606780454877274,1.7799649773755415,0.6189018392404444,0.6393225546342859,False,2
1.5167877367278577,-0.020142932469433005,0.2154466699103127,1.7799649773755415,0.6189018392404444,0.6393225546342859,False,0
1.676516221087085,-0.28126955746732885,-0.8670378686435275,1.7799649773755415,0.6189018392404444,0.6393225546342859,False,2
0.05415174417200211,0.3715470050274107,-0.8670378686435275,1.7799649773755415,0.6189018392404444,0.6393225546342859,False,3
1.7774514666731602,-2.1744375887020735,0.7566889391872328,1.7799649773755415,0.6189018392404444,0.6393225546342859,False,0
-0.057267610426068746,-2.1744375887020735,-0.3257955993666074,1.7799649773755415,-0.8808079818064339,-0.6089598505988263,False,4
0.3970437800937402,-2.1744375887020735,0.7566889391872328,1.7799649773755415,0.6189018392404444,0.6393225546342859,False,-1
0.3970437800937402,-2.1744375887020735,0.2154466699103127,1.7799649773755415,0.6189018392404444,0.6393225546342859,False,2
-0.5374809173284552,0.8938002550232024,-1.1376590032819875,1.7799649773755415,-2.380517802853312,-1.8572422558319384,True,1
0.24080999873851186,0.4368286612768847,-1.1376590032819875,1.7799649773755415,0.6189018392404444,0.6393225546342859,True,0
-0.2994299715266729,0.4368286612768847,-0.3257955993666074,1.7799649773755415,0.6189018392404444,-0.6089598505988263,True,3
1.6025107457082928,-0.08542458871890696,0.48606780454877274,1.7799649773755415,0.6189018392404444,0.6393225546342859,False,2
0.03318352614801071,-1.1299310887104903,1.0273100738256928,1.7799649773755415,-0.8808079818064339,0.6393225546342859,False,-1
-0.42832284114473657,-1.1299310887104903,-0.5964167340050675,1.7799649773755415,0.6189018392404444,-0.6089598505988263,False,0
-0.4552526113520191,0.6326736300253065,-0.05517446472814736,1.7799649773755415,-2.380517802853312,4.384169770333622,True,3
-0.03938295387619411,0.6979552862747805,-0.05517446472814736,1.7799649773755415,0.6189018392404444,0.6393225546342859,True,3
0.3035090820455443,0.24098369252846283,-0.3257955993666074,1.7799649773755415,0.6189018392404444,0.6393225546342859,True,3
0.09464918486539683,0.6979552862747805,-0.5964167340050675,1.7799649773755415,0.6189018392404444,0.6393225546342859,True,3
0.33845611208552967,0.3715470050274107,-0.3257955993666074,1.7799649773755415,0.6189018392404444,0.6393225546342859,False,-1
0.7927675026053386,0.24098369252846283,-0.5964167340050675,1.7799649773755415,0.6189018392404444,0.6393225546342859,True,3
-0.1259282459163929,0.8938002550232024,-0.8670378686435275,1.7799649773755415,0.6189018392404444,-0.6089598505988263,True,-1
0.10513329387739223,0.9590819112726764,-0.5964167340050675,1.7799649773755415,0.6189018392404444,0.6393225546342859,True,0
0.8174359943982692,-0.41183286996627677,0.2154466699103127,1.7799649773755415,0.6189018392404444,-0.6089598505988263,False,-1
0.46837683552829845,-1.1299310887104903,1.568552343102613,1.7799649773755415,0.6189018392404444,-0.6089598505988263,False,2
-0.1355900718686241,0.9590819112726764,-0.8670378686435275,1.7799649773755415,0.6189018392404444,-0.6089598505988263,True,4
-0.2823675980365624,0.7632369425242544,-0.8670378686435275,1.7799649773755415,-0.8808079818064339,-0.6089598505988263,True,2
-0.5654385413604434,1.2202085362705721,-0.3257955993666074,1.7799649773755415,0.6189018392404444,-0.6089598505988263,True,0
0.010159600474608822,1.0896452237716243,-0.3257955993666074,1.7799649773755415,0.6189018392404444,0.6393225546342859,True,-1
-0.10804358936651796,0.3715470050274107,-0.5964167340050675,1.7799649773755415,0.6189018392404444,0.6393225546342859,True,-1
0.5255255081819215,0.5021103175263587,-0.8670378686435275,1.7799649773755415,0.6189018392404444,0.6393225546342859,True,4
-0.18348806009989807,0.6326736300253065,-0.5964167340050675,1.7799649773755415,0.6189018392404444,0.6393225546342859,True,3
-1.6683256952693917,0.6326736300253065,-0.8670378686435275,1.7799649773755415,0.6189018392404444,-0.6089598505988263,True,4
-0.9073027234574762,0.4368286612768847,-0.5964167340050675,1.7799649773755415,0.6189018392404444,-0.6089598505988263,True,0
0.09629375098492551,1.3507718487695202,-0.8670378686435275,1.7799649773755415,0.6189018392404444,-0.6089598505988263,True,3
-1.5758188510459012,1.0243635675221503,-0.3257955993666074,1.7799649773755415,0.6189018392404444,-0.6089598505988263,True,2
-0.3925535280449867,0.8938002550232024,-0.5964167340050675,1.7799649773755415,0.6189018392404444,0.6393225546342859,True,3
-0.3925535280449867,0.8938002550232024,-0.5964167340050675,1.7799649773755415,0.6189018392404444,-0.6089598505988263,True,4
0.29549182221284176,0.6979552862747805,-0.5964167340050675,1.7799649773755415,0.6189018392404444,0.6393225546342859,True,1
0.20031255804511713,0.30626534877793676,-0.5964167340050675,1.7799649773755415,0.6189018392404444,0.6393225546342859,True,-1
-0.7584694896401271,-0.28126955746732885,-0.5964167340050675,1.7799649773755415,0.6189018392404444,-0.6089598505988263,False,-1
-0.5015060334637643,-0.3465512137168028,-0.5964167340050675,1.7799649773755415,-0.8808079818064339,-0.6089598505988263,False,1
0.4058833229862072,0.5673919737758326,-0.05517446472814736,1.7799649773755415,0.6189018392404444,0.6393225546342859,True,4
-0.2840121641560911,-0.15070624496838092,-0.8670378686435275,1.7799649773755415,-0.8808079818064339,-0.6089598505988263,False,-1
0.9510569916099777,-0.4771145262157507,-1.1376590032819875,1.7799649773755415,-0.8808079818064339,0.6393225546342859,False,1
-0.43942366245155523,-0.9993677762115424,-0.5964167340050675,1.7799649773755415,-0.8808079818064339,-0.6089598505988263,False,-1
-0.47375398019671733,0.8285185987737285,-0.5964167340050675,1.7799649773755415,0.6189018392404444,0.6393225546342859,True,3
0.36024661316928525,0.5673919737758326,0.2154466699103127,1.7799649773755415,0.6189018392404444,0.6393225546342859,False,3
0.28624113779049265,-0.6729594949641726,-0.5964167340050675,1.7799649773755415,0.6189018392404444,-0.6089598505988263,False,1
-0.3103252220685507,0.4368286612768847,-0.8670378686435275,1.7799649773755415,0.6189018392404444,-0.6089598505988263,False,1
-0.022320580386083665,0.5021103175263587,-0.3257955993666074,1.7799649773755415,0.6189018392404444,-0.6089598505988263,True,4
-0.1462797516455607,-1.7827476512052298,0.2154466699103127,1.7799649773755415,0.6189018392404444,-0.6089598505988263,False,0
-0.6215593601893611,-0.8035228074631204,1.568552343102613,1.7799649773755415,0.6189018392404444,-0.6089598505988263,False,-1
1.269074964973844,0.8285185987737285,-1.1376590032819875,1.7799649773755415,0.6189018392404444,0.6393225546342859,True,0
-0.623409497073831,0.8938002550232024,-1.1376590032819875,1.7799649773755415,-0.8808079818064339,-0.6089598505988263,True,4
0.42232898418149434,-0.15070624496838092,0.2154466699103127,1.7799649773755415,0.6189018392404444,0.6393225546342859,False,2
-0.24803728029140035,1.0243635675221503,-0.3257955993666074,1.7799649773755415,0.6189018392404444,0.6393225546342859,True,-1
1.201853324838108,-0.4771145262157507,1.297931208464153,1.7799649773755415,0.6189018392404444,0.6393225546342859,False,3
1.1601224595550665,0.11042038002951492,1.297931208464153,1.7799649773755415,0.6189018392404444,0.6393225546342859,False,4
1.682066631740494,-0.28126955746732885,-1.1376590032819875,1.7799649773755415,0.6189018392404444,0.6393225546342859,False,-1
0.9257717875222239,0.9590819112726764,-0.3257955993666074,1.7799649773755415,0.6189018392404444,0.6393225546342859,True,-1
-0.8986687513299505,0.8938002550232024,-0.3257955993666074,1.7799649773755415,0.6189018392404444,-0.6089598505988263,False,-1
1.24749003465503,0.5673919737758326,-0.5964167340050675,1.7799649773755415,0.6189018392404444,0.6393225546342859,False,0
1.1103743344393224,0.8285185987737285,-1.1376590032819875,1.7799649773755415,0.6189018392404444,0.6393225546342859,False,4
0.6161822155209421,-1.8480293074547038,1.839173477741073,1.7799649773755415,0.6189018392404444,0.6393225546342859,False,4
-1.0372234469002453,0.3715470050274107,-0.3257955993666074,1.7799649773755415,-0.8808079818064339,-0.6089598505988263,False,-1
-1.3992335639615048,-1.2604944012094381,1.297931208464153,1.7799649773755415,-0.8808079818064339,-0.6089598505988263,False,2
0.5395043201979157,1.1549268800210981,-0.5964167340050675,1.7799649773755415,0.6189018392404444,0.6393225546342859,True,-1
0.520180668293453,0.7632369425242544,-0.5964167340050675,1.7799649773755415,0.6189018392404444,0.6393225546342859,True,0
-1.2594454438015636,-1.1952127449599643,1.0273100738256928,1.7799649773755415,-0.8808079818064339,-0.6089598505988263,False,0
-0.06281802107947838,-2.1744375887020735,1.297931208464153,1.7799649773755415,-0.8808079818064339,-0.6089598505988263,False,-1
-0.6053192697590151,-2.1744375887020735,1.297931208464153,1.7799649773755415,-0.8808079818064339,-0.6089598505988263,False,2
-0.9700018067645088,-1.521621026207334,-0.05517446472814736,1.7799649773755415,-0.8808079818064339,-0.6089598505988263,False,4
-1.0127605258722554,-1.7174659949557558,1.0273100738256928,1.7799649773755415,-0.8808079818064339,-0.6089598505988263,False,1
1.3858391594603834,-1.2604944012094381,1.0273100738256928,1.7799649773755415,0.6189018392404444,0.6393225546342859,False,2
0.9759310541678498,0.3715470050274107,1.839173477741073,1.7799649773755415,-2.380517802853312,5.632452175566734,False,0
-0.1898607538130719,1.2854901925200461,-0.8670378686435275,1.7799649773755415,0.6189018392404444,-0.6089598505988263,True,4
0.793178644135221,-1.1299310887104903,-0.3257955993666074,1.7799649773755415,0.6189018392404444,0.6393225546342859,False,-1
-1.3850491811805696,0.30626534877793676,-0.5964167340050675,1.7799649773755415,-0.8808079818064339,-0.6089598505988263,False,-1
-1.125618875824914,1.0243635675221503,-0.3257955993666074,1.7799649773755415,-0.8808079818064339,3.13588736510051,True,2
-0.9533505748042804,-1.2604944012094381,3.1922791509333734,1.7799649773755415,-2.380517802853312,-1.8572422558319384,False,-1
-0.3335547185068938,0.8285185987737285,-0.8670378686435275,1.7799649773755415,0.6189018392404444,0.6393225546342859,False,1
0.0763533867856398,1.0243635675221503,0.2154466699103127,1.7799649773755415,0.6189018392404444,-0.6089598505988263,False,2
0.0763533867856398,1.0243635675221503,-0.5964167340050675,1.7799649773755415,0.6189018392404444,0.6393225546342859,False,-1
-1.0403070083743615,0.045138723780040954,1.568552343102613,1.7799649773755415,-0.8808079818064339,-0.6089598505988263,False,-1
-1.2530727500883898,-0.020142932469433005,3.7335214202102938,1.7799649773755415,-2.380517802853312,-0.6089598505988263,False,1
0.2724678965394396,1.1549268800210981,-0.5964167340050675,1.7799649773755415,0.6189018392404444,0.6393225546342859,True,3
0.4410359237911335,0.4368286612768847,-0.8670378686435275,1.7799649773755415,0.6189018392404444,0.6393225546342859,False,-1
-1.1474093769086695,-0.5423961824652247,-0.05517446472814736,1.7799649773755415,0.6189018392404444,-0.6089598505988263,False,-1
0.6953269600232617,0.8938002550232024,0.7566889391872328,1.7799649773755415,-2.380517802853312,-1.8572422558319384,False,0
-1.0396902960795382,-0.21598790121785488,-0.8670378686435275,1.7799649773755415,-0.8808079818064339,-0.6089598505988263,False,2
1.3494531340658107,0.5673919737758326,0.2154466699103127,1.7799649773755415,0.6189018392404444,0.6393225546342859,False,0
1.412974500432607,0.5673919737758326,0.2154466699103127,1.7799649773755415,0.6189018392404444,0.6393225546342859,False,-1
1.1741012715710608,1.3507718487695202,-0.3257955993666074,1.7799649773755415,0.6189018392404444,0.6393225546342859,True,-1
0.22806461131216418,1.2202085362705721,-0.5964167340050675,1.7799649773755415,0.6189018392404444,0.6393225546342859,True,3
-0.5006837504040001,0.9590819112726764,-0.8670378686435275,1.7799649773755415,-0.8808079818064339,-0.6089598505988263,True,-1
0.5865800253694252,0.9590819112726764,-0.5964167340050675,1.7799649773755415,0.6189018392404444,-0.6089598505988263,True,3
0.18859502444347484,0.7632369425242544,-0.8670378686435275,1.7799649773755415,0.6189018392404444,0.6393225546342859,True,2
0.04346206439506522,0.7632369425242544,-0.5964167340050675,1.7799649773755415,0.6189018392404444,0.6393225546342859,True,3
-1.0349621684858932,-1.1952127449599643,1.0273100738256928,1.7799649773755415,-0.8808079818064339,-0.6089598505988263,False,1
0.12157895507267938,1.3507718487695202,-1.1376590032819875,1.7799649773755415,0.6189018392404444,1.887604959867398,True,3
0.553688702978851,0.5021103175263587,-0.5964167340050675,1.7799649773755415,0.6189018392404444,0.6393225546342859,True,-1
-0.146896463940384,0.9590819112726764,-1.1376590032819875,1.7799649773755415,0.6189018392404444,0.6393225546342859,True,-1
0.0874542080924585,0.3715470050274107,0.48606780454877274,1.7799649773755415,0.6189018392404444,0.6393225546342859,False,4
1.0614484923833432,-0.6076778387146986,-0.8670378686435275,1.7799649773755415,0.6189018392404444,0.6393225546342859,False,4
-0.27887289503256385,0.4368286612768847,-0.3257955993666074,1.7799649773755415,0.6189018392404444,0.6393225546342859,False,0
-1.329133933116593,1.2854901925200461,-0.05517446472814736,1.7799649773755415,-0.8808079818064339,-0.6089598505988263,False,4
-0.8554988906923217,0.7632369425242544,-0.3257955993666074,1.7799649773755415,0.6189018392404444,0.6393225546342859,True,-1
0.5043517193929892,0.3715470050274107,-0.3257955993666074,1.7799649773755415,0.6189018392404444,0.6393225546342859,False,4
2.00563501575777,-0.3465512137168028,-0.05517446472814736,1.7799649773755415,0.6189018392404444,0.6393225546342859,False,2
-0.3080639436541987,0.4368286612768847,-0.3257955993666074,1.7799649773755415,0.6189018392404444,0.6393225546342859,False,-1
2.0685396698297436,0.6979552862747805,0.48606780454877274,1.7799649773755415,0.6189018392404444,1.887604959867398,False,0
-0.4655311495990736,1.1549268800210981,-0.3257955993666074,1.7799649773755415,0.6189018392404444,1.887604959867398,True,-1
2.5730103269951785,0.4368286612768847,1.568552343102613,1.7799649773755415,0.6189018392404444,0.6393225546342859,False,4
0.6977938092025548,0.6979552862747805,1.839173477741073,1.7799649773755415,0.6189018392404444,0.6393225546342859,False,1
-1.2668459913394428,0.4368286612768847,2.1097946123795333,1.7799649773755415,-0.8808079818064339,-0.6089598505988263,False,-1
-0.8189072945328075,0.4368286612768847,0.7566889391872328,1.7799649773755415,-0.8808079818064339,-0.6089598505988263,False,0
-0.30477481141514134,0.045138723780040954,2.3804157470179934,1.7799649773755415,-0.8808079818064339,-0.6089598505988263,False,-1
-1.0795710244781098,0.6979552862747805,-0.8670378686435275,1.7799649773755415,-2.380517802853312,-1.8572422558319384,False,0
0.4500810374485414,1.481335161268468,-0.3257955993666074,1.7799649773755415,0.6189018392404444,0.6393225546342859,True,-1
0.4500810374485414,1.481335161268468,-0.3257955993666074,1.7799649773755415,0.6189018392404444,0.6393225546342859,True,0
0.9596909637375038,0.5673919737758326,-0.5964167340050675,1.7799649773755415,0.6189018392404444,0.6393225546342859,False,-1
0.4500810374485414,1.2854901925200461,-0.5964167340050675,1.7799649773755415,0.6189018392404444,0.6393225546342859,True,-1
1.0410969866541757,1.0896452237716243,-0.3257955993666074,1.7799649773755415,0.6189018392404444,-0.6089598505988263,True,2
0.10348872775786355,-1.521621026207334,2.6510368816564536,1.7799649773755415,0.6189018392404444,0.6393225546342859,False,-1
1.854540503526069,-1.45633936995786,1.839173477741073,1.7799649773755415,0.6189018392404444,0.6393225546342859,False,2
-0.7773820000147073,0.6979552862747805,1.297931208464153,1.7799649773755415,-0.8808079818064339,-0.6089598505988263,False,-1
0.03852836603647916,-1.652184338706282,2.3804157470179934,1.7799649773755415,0.6189018392404444,-0.6089598505988263,False,0
-1.2666404205745017,0.5673919737758326,-0.5964167340050675,1.7799649773755415,-0.8808079818064339,-0.6089598505988263,True,0
-0.6221760724841844,0.8285185987737285,-0.8670378686435275,1.7799649773755415,0.6189018392404444,-0.6089598505988263,True,2
-0.7666923202377707,0.5021103175263587,-1.1376590032819875,1.7799649773755415,-0.8808079818064339,-0.6089598505988263,False,0
-0.7666923202377707,0.5021103175263587,-0.3257955993666074,1.7799649773755415,-0.8808079818064339,-0.6089598505988263,False,-1
0.06216900400470463,0.17570203627898887,1.297931208464153,1.7799649773755415,0.6189018392404444,-0.6089598505988263,False,3
-0.42030558131203405,1.0243635675221503,-1.1376590032819875,1.7799649773755415,-0.8808079818064339,-0.6089598505988263,True,3
0.17954991078606694,0.4368286612768847,-0.8670378686435275,1.7799649773755415,0.6189018392404444,0.6393225546342859,True,1
-0.3068305190645521,0.9590819112726764,-0.3257955993666074,1.7799649773755415,-0.8808079818064339,-0.6089598505988263,True,3
-0.3966649433438086,0.7632369425242544,-0.5964167340050675,1.7799649773755415,0.6189018392404444,-0.6089598505988263,True,3
-0.4984224719896482,0.6326736300253065,-0.8670378686435275,1.7799649773755415,-0.8808079818064339,-0.6089598505988263,True,4
-0.9017523128040669,0.8938002550232024,-0.5964167340050675,1.7799649773755415,-0.8808079818064339,-0.6089598505988263,False,4
1.4160580619067236,-1.7174659949557558,0.7566889391872328,1.7799649773755415,0.6189018392404444,0.6393225546342859,False,1
2.254375641336489,-1.7174659949557558,-0.5964167340050675,1.7799649773755415,0.6189018392404444,0.6393225546342859,False,2
-0.5459093186910401,1.0896452237716243,-0.5964167340050675,1.7799649773755415,0.6189018392404444,-0.6089598505988263,True,4
-0.29490741469796894,0.8938002550232024,-0.3257955993666074,1.7799649773755415,0.6189018392404444,-0.6089598505988263,True,1
-0.5247355299021077,1.1549268800210981,-0.8670378686435275,1.7799649773755415,-2.380517802853312,4.384169770333622,True,-1
-0.16293098360578906,1.3507718487695202,-0.3257955993666074,1.7799649773755415,0.6189018392404444,-0.6089598505988263,True,3
-0.712421638293323,-1.1299310887104903,0.2154466699103127,1.7799649773755415,-0.8808079818064339,-0.6089598505988263,False,0
-1.353802424909524,-0.3465512137168028,1.0273100738256928,1.7799649773755415,-2.380517802853312,-0.6089598505988263,False,0
-1.4757058885195902,0.8285185987737285,1.0273100738256928,1.7799649773755415,-0.8808079818064339,-0.6089598505988263,False,1
1.5114428968393896,-1.652184338706282,-0.05517446472814736,1.7799649773755415,0.6189018392404444,0.6393225546342859,False,0
-0.68549186808604,0.8285185987737285,-0.5964167340050675,1.7799649773755415,0.6189018392404444,0.6393225546342859,True,2
-0.2550266862993975,-0.7382411512136465,-1.1376590032819875,1.7799649773755415,0.6189018392404444,-0.6089598505988263,False,4
-0.5350140681491623,1.2854901925200461,-0.8670378686435275,1.7799649773755415,-0.8808079818064339,-0.6089598505988263,True,0
0.7099224843340792,-1.1952127449599643,-0.8670378686435275,1.7799649773755415,0.6189018392404444,0.6393225546342859,False,2
0.613509795576708,-2.1744375887020735,1.0273100738256928,1.7799649773755415,0.6189018392404444,-0.6089598505988263,False,0
0.25149967851544847,-1.9133109637041779,2.1097946123795333,1.7799649773755415,0.6189018392404444,-0.6089598505988263,False,4
-0.44106822857108396,0.30626534877793676,-0.3257955993666074,1.7799649773755415,-0.8808079818064339,-0.6089598505988263,True,4
0.2147025115909932,-0.3465512137168028,1.297931208464153,1.7799649773755415,0.6189018392404444,-0.6089598505988263,False,4
-0.6803525989625128,0.8938002550232024,-0.3257955993666074,1.7799649773755415,0.6189018392404444,-0.6089598505988263,True,1
-0.6856974388509812,1.0243635675221503,1.0273100738256928,1.7799649773755415,0.6189018392404444,-0.6089598505988263,False,2
-0.5362474927388089,0.8285185987737285,-0.3257955993666074,1.7799649773755415,-0.8808079818064339,-0.6089598505988263,True,-1
0.4605651464605371,-1.8480293074547038,0.2154466699103127,1.7799649773755415,0.6189018392404444,-0.6089598505988263,False,-1
0.3791591235438653,-2.1091559324525995,-0.05517446472814736,1.7799649773755415,0.6189018392404444,-0.6089598505988263,False,4
-1.388338313419627,0.6326736300253065,1.0273100738256928,1.7799649773755415,-0.8808079818064339,-0.6089598505988263,False,-1
0.20935767170252506,0.3715470050274107,-0.3257955993666074,1.7799649773755415,0.6189018392404444,0.6393225546342859,False,1
-1.628033825340938,0.8285185987737285,-0.5964167340050675,1.7799649773755415,-0.8808079818064339,-0.6089598505988263,False,4
-0.4457963561647291,0.4368286612768847,-0.5964167340050675,1.7799649773755415,0.6189018392404444,0.6393225546342859,False,-1
-0.17382623414766685,1.3507718487695202,-0.8670378686435275,1.7799649773755415,0.6189018392404444,-0.6089598505988263,True,2
-0.2217242223789408,1.2854901925200461,-0.8670378686435275,1.7799649773755415,-0.8808079818064339,-0.6089598505988263,True,0
-0.6655515038867543,1.0896452237716243,-0.5964167340050675,1.7799649773755415,-0.8808079818064339,-0.6089598505988263,True,4
1.1627948794993006,0.5673919737758326,-0.3257955993666074,1.7799649773755415,0.6189018392404444,0.6393225546342859,False,-1
0.22374762524840142,-1.9785926199536517,4.274763689487214,1.7799649773755415,0.6189018392404444,0.6393225546342859,False,3
-0.13209536886462553,0.8285185987737285,-0.8670378686435275,1.7799649773755415,0.6189018392404444,-0.6089598505988263,True,1
-0.16313655437073024,-1.9785926199536517,0.48606780454877274,1.7799649773755415,-0.8808079818064339,-0.6089598505988263,False,4
-0.7161219120622625,1.2202085362705721,-0.5964167340050675,1.7799649773755415,-0.8808079818064339,-0.6089598505988263,True,0
1.497052943293513,0.4368286612768847,-0.5964167340050675,1.7799649773755415,0.6189018392404444,1.887604959867398,True,1
-0.24392586499257848,1.1549268800210981,-0.8670378686435275,1.7799649773755415,0.6189018392404444,-0.6089598505988263,True,0
0.19188415668253223,0.30626534877793676,-0.3257955993666074,1.7799649773755415,0.6189018392404444,0.6393225546342859,False,-1
0.42006770576714236,0.4368286612768847,-0.8670378686435275,1.7799649773755415,0.6189018392404444,-0.6089598505988263,False,-1
-1.3665478123358716,0.9590819112726764,-0.3257955993666074,1.7799649773755415,-0.8808079818064339,-0.6089598505988263,True,-1
-0.48506037226847726,1.2202085362705721,-0.3257955993666074,1.7799649773755415,-0.8808079818064339,-0.6089598505988263,True,1
-0.9708240898242732,1.3507718487695202,-0.5964167340050675,1.7799649773755415,0.6189018392404444,-0.6089598505988263,True,3
-0.4346955348579101,1.2202085362705721,-0.8670378686435275,1.7799649773755415,-0.8808079818064339,-0.6089598505988263,True,4
-0.6690462068907529,1.0243635675221503,-0.3257955993666074,1.7799649773755415,0.6189018392404444,-0.6089598505988263,True,3
-0.7888939628514083,1.611898473767416,-1.1376590032819875,1.7799649773755415,-2.380517802853312,-1.8572422558319384,True,-1
-1.0257114840635442,0.9590819112726764,-0.8670378686435275,1.7799649773755415,-0.8808079818064339,-0.6089598505988263,True,0
-0.6262874877830062,-0.020142932469433005,0.48606780454877274,1.7799649773755415,0.6189018392404444,-0.6089598505988263,False,0
-0.6244373508985364,-1.1299310887104903,1.568552343102613,1.7799649773755415,-0.8808079818064339,-0.6089598505988263,False,3
-1.1657051749884264,-1.7174659949557558,-0.5964167340050675,1.7799649773755415,-2.380517802853312,-0.6089598505988263,False,1
-0.40488777394145226,0.30626534877793676,-0.3257955993666074,1.7799649773755415,-0.8808079818064339,-0.6089598505988263,True,4
-0.67603561289875,0.4368286612768847,-0.8670378686435275,1.7799649773755415,0.6189018392404444,-0.6089598505988263,True,4
-1.0201610734101347,0.11042038002951492,0.2154466699103127,1.7799649773755415,-0.8808079818064339,-0.6089598505988263,False,-1
-0.011425329844205868,0.6326736300253065,0.48606780454877274,1.7799649773755415,0.6189018392404444,0.6393225546342859,False,4
-1.0964278272032792,0.11042038002951492,-0.05517446472814736,1.7799649773755415,-2.380517802853312,-0.6089598505988263,True,-1
-0.027665420274551822,0.5021103175263587,0.2154466699103127,1.7799649773755415,0.6189018392404444,0.6393225546342859,False,3
-0.19500002293659915,0.8938002550232024,-0.3257955993666074,1.7799649773755415,-0.8808079818064339,0.6393225546342859,True,2
0.12096224277785639,0.6979552862747805,-0.3257955993666074,1.7799649773755415,-0.8808079818064339,-0.6089598505988263,True,-1
0.3956047847391527,0.045138723780040954,-0.3257955993666074,1.7799649773755415,-0.8808079818064339,-0.6089598505988263,True,4
-0.5545432908185656,1.2854901925200461,-0.3257955993666074,1.7799649773755415,0.6189018392404444,-0.6089598505988263,True,-1
-0.44764649304919896,1.3507718487695202,-0.8670378686435275,1.7799649773755415,0.6189018392404444,-0.6089598505988263,True,-1
-1.867523766497308,1.2202085362705721,-0.3257955993666074,1.7799649773755415,-0.8808079818064339,-0.6089598505988263,True,-1
-1.2187424323432279,0.9590819112726764,-0.3257955993666074,1.7799649773755415,-0.8808079818064339,-0.6089598505988263,True,-1
-1.2187424323432279,0.9590819112726764,-0.05517446472814736,1.7799649773755415,-0.8808079818064339,-0.6089598505988263,True,0
-1.2094917479208787,0.9590819112726764,-0.5964167340050675,1.7799649773755415,0.6189018392404444,-0.6089598505988263,True,4
0.09382690180563234,0.17570203627898887,1.0273100738256928,1.7799649773755415,0.6189018392404444,0.6393225546342859,False,-1
