tree
version=v4
num_class=1
num_tree_per_iteration=1
label_index=0
max_feature_idx=142
objective=regression
feature_names=經度 緯度 time_index 建物移轉總面積平方公尺 house_age 建物現況格局-廳 建物現況格局-衛 MASTER_UP_rate Dependency_ratio Sex_ratio popdense 移轉層次_一層，二層 移轉層次_一層，二層，三層 移轉層次_一層，二層，三層，四層，屋頂突出物 移轉層次_一層，二層，三層，防空避難室，倉庫 移轉層次_一層，二層，三層，騎樓 移轉層次_一層，停車場 移轉層次_一層，地下一層 移轉層次_一層，地下層 移轉層次_一層，夾層 移轉層次_一層，平台 移轉層次_一層，平台，騎樓 移轉層次_一層，通道 移轉層次_一層，陽台 移轉層次_一層，陽臺 移轉層次_一層，電梯樓梯間 移轉層次_一層，露台 移轉層次_一層，騎樓 移轉層次_一層，騎樓，地下層 移轉層次_七層 移轉層次_七層，八層 移轉層次_七層，夾層 移轉層次_七層，見其他登記事項 移轉層次_七層，走廊 移轉層次_七層，陽台 移轉層次_七層，陽臺 移轉層次_七層，電梯樓梯間 移轉層次_三十一層 移轉層次_三十三層 移轉層次_三十層 移轉層次_三層 移轉層次_三層，四層 移轉層次_三層，四層，五層，夾層 移轉層次_三層，走廊 移轉層次_三層，通道 移轉層次_三層，陽台 移轉層次_三層，陽臺 移轉層次_三層，電梯樓梯間 移轉層次_三層，露台 移轉層次_九層 移轉層次_九層，十層 移轉層次_九層，陽台 移轉層次_九層，陽臺 移轉層次_九層，電梯樓梯間 移轉層次_二十一層 移轉層次_二十一層，二十二層 移轉層次_二十七層 移轉層次_二十三層 移轉層次_二十九層 移轉層次_二十二層 移轉層次_二十五層 移轉層次_二十六層 移轉層次_二十四層 移轉層次_二十層 移轉層次_二層 移轉層次_二層，三層 移轉層次_二層，夾層 移轉層次_二層，走廊 移轉層次_二層，陽台 移轉層次_二層，陽臺 移轉層次_二層，電梯樓梯間 移轉層次_二層，露台 移轉層次_五層 移轉層次_五層，六層 移轉層次_五層，夾層 移轉層次_五層，屋頂突出物，夾層 移轉層次_五層，見其他登記事項 移轉層次_五層，走廊 移轉層次_五層，通道 移轉層次_五層，陽台 移轉層次_五層，陽臺 移轉層次_五層，電梯樓梯間 移轉層次_全 移轉層次_八層 移轉層次_八層，九層 移轉層次_八層，陽臺 移轉層次_八層，電梯樓梯間 移轉層次_六層 移轉層次_六層，七層 移轉層次_六層，七層，電梯樓梯間 移轉層次_六層，夾層 移轉層次_六層，陽臺 移轉層次_六層，陽臺，電梯樓梯間 移轉層次_六層，電梯樓梯間 移轉層次_六層，露台 移轉層次_六層，露台，走廊 移轉層次_十一層 移轉層次_十一層，十二層，電梯樓梯間 移轉層次_十一層，見使用執照 移轉層次_十一層，見其他登記事項 移轉層次_十一層，陽台 移轉層次_十一層，電梯樓梯間 移轉層次_十七層 移轉層次_十七層，十八層 移轉層次_十三層 移轉層次_十三層，十四層 移轉層次_十三層，夾層 移轉層次_十三層，電梯樓梯間 移轉層次_十九層 移轉層次_十二層 移轉層次_十二層，十三層 移轉層次_十二層，夾層 移轉層次_十二層，陽臺 移轉層次_十五層 移轉層次_十五層，電梯樓梯間 移轉層次_十八層 移轉層次_十六層 移轉層次_十六層，十七層 移轉層次_十六層，電梯樓梯間 移轉層次_十四層 移轉層次_十四層，屋頂突出物 移轉層次_十四層，陽臺 移轉層次_十層 移轉層次_十層，十一層 移轉層次_十層，陽台 移轉層次_十層，陽臺 移轉層次_十層，電梯樓梯間 移轉層次_十層，露台 移轉層次_四層 移轉層次_四層，五層 移轉層次_四層，五層，夾層 移轉層次_四層，五層，屋頂突出物 移轉層次_四層，五層，屋頂突出物，夾層 移轉層次_四層，五層，電梯樓梯間 移轉層次_四層，屋頂突出物，夾層 移轉層次_四層，陽台 移轉層次_四層，陽臺 移轉層次_四層，陽臺，電梯樓梯間 移轉層次_四層，電梯樓梯間 移轉層次_四層，露台 移轉層次_地下層 移轉層次_陽臺，屋頂突出物 電梯_無
feature_infos=[-2.4690745194521382:2.5251018798013121] [-2.1000567373808083:3.1914240158336238] [-0.98961898470312581:1.9605830827980544] [-1.4447073202217302:16.663626360589241] [-2.0052224848820863:3.2262136438634004] [-2.1939463304662561:27.973978881443369] [-1.7703032352498369:23.319633764444024] [-2.4901172925138182:3.725975848082046] [-2.0633787372036152:3.5575141531492416] [-3.291198391586859:6.6300863916905088] [-1.6995708148392936:4.7794503161251791] none none none none none none none none none [-0.077789475397026603:12.855209459841962] none none none none none none [-0.0670271688443147:14.919323272070743] none [-0.2377862159668411:4.2054582345490044] none none none none none none none none none none [-0.3967918472979422:2.5202130709331887] none none none none [-0.055624269936248:17.977764043395382] [-0.1186410382834167:8.4287866531574078] none none [-0.1952034497839544:5.1228602829856289] none none none none none none none none none none none none none none [-0.37113806563807611:2.6944150777979563] none none none [-0.054211638776271699:18.446223404662994] [-0.0974531668340477:10.261339189755551] none none [-0.35838132441024662:2.7903239702727332] none none none none none none none none none [-0.1152533102327756:8.6765403785827253] [-0.1834017958339785:5.4525093140594647] none none none [-0.26115949793333337:3.8290776629355889] none none none none none none none none [-0.16752329930789819:5.9693189194062954] none none none none none [-0.054211638776271699:18.446223404662994] none [-0.1117684766817668:8.9470665583754325] none none none none [-0.16945938809598721:5.901118912535952] none none none [-0.080744748277630299:12.384706390583201] none [-0.0670271688443147:14.919323272070743] [-0.0609521966678623:16.406299603099615] none none [-0.10596671990187451:9.4369251112613792] none none [-0.19263469417493831:5.1911728792315284] none none none none none [-0.4133035089835318:2.4195294215124727] [-0.051271146640292899:19.50414737192791] none none none none none [-0.059664231003415301:16.760460717959418] [-0.1131746320717669:8.8359023722372196] none none none none none [-0.76684288085545083:1.3040480976813018]
tree_sizes=803 842 845 840 837 845 847 854 859 848 851 854 830 847 843 830 858 852 847 864 853 827 844 865 861 833 855 845 803 852 858 857 832 800 773 834 833 857 838 841 821 838 798 812 825 819 854 727 817 713 584 831 828 589 863 744 796 847 811 790 575 839 792 567 837 773 849 860 865 774 758 693 809 596 861 840 811 595 602 731 690 818 516 712 819 846 735 811 514 597 765 649 752 846 816 513 796 693 854 829 812 652 776 825 599 735 656 664 649 834 824 692 838 600 580 866 805 730 827 737 710 578 808 790 831 842 788 667 733 603 736 512 854 702 839 872 816 834 833 714 824 787 767 874 605 789 820 855 575 668 832 817 558 830 729 620 799 819 725 746 840 817 606 822 846 833 805 840 853 856 746 856 721 818 823 865 744 733 796 826 569 856 849 813 790 829 813 604 788 793 855 736 806 634 844 829 849 878 747 822 814 878 839 693 845 760 859 741 865 819 865 820 831 841 733 819 750 834 787 805 803 881 762 850 845 827 857 586 848 786 818 789 795 799 794 797 831 818 825 863 879 836 784 729 574 793 869 826 814 860 816 826 746 786 869 811 831 805 718 812 868 697 834 829 778 858 777 707 716 808 839 742 806 802 859 781 842 701 877 846 774 754 833 852 834 856 830 789 776 880 808 651 831 889 737 733 850 783 571 831 729 864 833 794 821 817 801 851 858 803 856 830 750 821 836 854 828 724 829 885 669 821 764 834 825 609 861 859 812 855 827 822 836 855 765 816 878 757 856 820 841 820 825 734 786 852 817 655 842 855 845 882 846 844 834 807 736 846 811 841 813 878 599 803 856 786 739 842 856 784 681 789 852 780 833 836 834 736 840 843 701 804 820 812 790 817 587 756 817 799 833 742 574 827 804 832 844 848 763 806 652 675 844 864 835 796 834 845 824 727 632 791 825 810 810 722 834 887 804 810 723 724 831 837 828 842 833 817 832 819 822 836 830 808 824 843 800 716 831 824 821 883 826 887 833 865 762 808 883 681 847 835 832 670 747 731 745 821 757 779 827 665 836 813 735 857 717 816 822

Tree=0
num_leaves=8
num_cat=0
split_feature=3 3 3 3 3 3 3
split_gain=1319.23 476.203 223.664 137.931 94.6367 35.7681 35.5298
threshold=0.085382008046825206 -0.9185145527088544 1.1736325520787447 -0.4558300412159258 -1.1834883466840265 0.52560233519834543 2.746319670827551
decision_type=2 2 2 2 2 2 2
left_child=1 4 5 -3 -1 -2 -4
right_child=2 3 6 -5 -6 -7 -8
leaf_value=16.503879090837057 16.734845226467421 16.666810997099905 16.800076250382808 16.703297817356098 16.616871504132092 16.764890289981075 16.865191067683394
leaf_weight=78 949 1470 451 2286 529 602 119
leaf_count=78 949 1470 451 2286 529 602 119
internal_value=16.7056 16.6765 16.7655 16.6889 16.6005 16.7468 16.8153
internal_weight=0 4363 2121 3756 607 1551 570
internal_count=6484 4363 2121 3756 607 1551 570
is_linear=0
shrinkage=1


Tree=1
num_leaves=8
num_cat=0
split_feature=3 3 3 3 3 3 3
split_gain=1091.9 417.687 158.157 120.248 82.3055 31.0179 16.5768
threshold=0.15057345943529291 -0.79525286110642879 1.4713639174566624 -1.1478822908114772 -0.34240856869100478 0.56664640687688417 2.746319670827551
decision_type=2 2 2 2 2 2 2
left_child=1 3 5 -1 -3 -2 -4
right_child=2 4 6 -5 -6 -7 -8
leaf_value=-0.17169133916145907 0.030549814171356934 -0.025831403987741339 0.092195745214039615 -0.065313995150992635 0.0024787450992558289 0.058720511907318293 0.14533264770644369
leaf_weight=104 789 1532 301 899 2039 701 119
leaf_count=104 789 1532 301 899 2039 701 119
internal_value=0 -0.0245789 0.0587801 -0.0773197 -0.00961765 0.0441039 0.109235
internal_weight=0 4574 1910 1003 3571 1490 420
internal_count=6484 4574 1910 1003 3571 1490 420
is_linear=0
shrinkage=0.0926918


Tree=2
num_leaves=8
num_cat=0
split_feature=3 3 3 3 3 142 3
split_gain=910.546 302.275 199.75 71.1197 66.873 34.8486 28.8912
threshold=-0.039562878924120845 -0.9185145527088544 1.0423433133341444 -0.52328733252355597 -1.2285461919336529 1.0000000180025095e-35 2.5803954504614697
decision_type=2 2 2 2 2 2 2
left_child=1 4 5 -3 -1 -2 -4
right_child=2 3 6 -5 -6 -7 -8
leaf_value=-0.18906364518972921 0.035743537382097082 -0.034373670085351062 0.07470573964472127 -0.006193390020234152 -0.076501797948457739 0.0073200254617135771 0.12791183516315807
leaf_weight=52 1354 1240 501 2093 555 545 144
leaf_count=52 1354 1240 501 2093 555 545 144
internal_value=0 -0.0278886 0.0431946 -0.0167821 -0.087894 0.0277492 0.0877792
internal_weight=0 3940 2544 3333 607 1899 645
internal_count=6484 3940 2544 3333 607 1899 645
is_linear=0
shrinkage=0.0926918


Tree=3
num_leaves=8
num_cat=0
split_feature=3 3 3 3 3 3 3
split_gain=754.931 292.25 107.124 89.7789 58.4201 21.2609 10.8119
threshold=0.15873048314427698 -0.9185145527088544 1.4713639174566624 -0.41918817280890242 -1.1478822908114772 0.55110921885977171 2.746319670827551
decision_type=2 2 2 2 2 2 2
left_child=1 4 5 -3 -1 -2 -4
right_child=2 3 6 -5 -6 -7 -8
leaf_value=-0.14467289346843504 0.024992892803048523 -0.028003434564528373 0.076556490036925245 0.00024597138679880853 -0.064923131718088611 0.048676239035588882 0.12095437879515449
leaf_weight=104 737 1597 301 2396 503 727 119
leaf_count=104 737 1597 301 2396 503 727 119
internal_value=0 -0.0202346 0.0493567 -0.0110121 -0.0799696 0.0370326 0.0908803
internal_weight=0 4600 1884 3993 607 1464 420
internal_count=6484 4600 1884 3993 607 1464 420
is_linear=0
shrinkage=0.0926918


Tree=4
num_leaves=8
num_cat=0
split_feature=3 3 3 0 3 8 3
split_gain=633.188 185.944 170.493 57.1624 38.6497 35.545 28.9949
threshold=-0.13136176479189376 -0.9816343790283738 0.80125794593528266 -0.94336694981177527 -1.3070737297034756 1.0345036907984981 2.5803954504614697
decision_type=2 2 2 2 2 2 2
left_child=1 4 5 -3 -1 -2 -4
right_child=2 3 6 -5 -6 -7 -8
leaf_value=-0.19373145862802979 0.01108479932313319 -0.042825248511506639 0.056942180201776812 -0.011868998671261372 -0.074474278910607553 0.042828087837026935 0.10625531984403001
leaf_weight=26 1737 663 726 2419 393 376 144
leaf_count=26 1737 663 726 2419 393 376 144
internal_value=0 -0.026706 0.0313694 -0.0186599 -0.0844757 0.0169274 0.0658968
internal_weight=0 3501 2983 3082 419 2113 870
internal_count=6484 3501 2983 3082 419 2113 870
is_linear=0
shrinkage=0.0926918


Tree=5
num_leaves=8
num_cat=0
split_feature=3 3 3 3 0 8 3
split_gain=527.742 193.699 96.7455 73.192 44.9937 17.0697 15.6767
threshold=0.047315897404899561 -0.68610411528621362 1.0423433133341444 -1.1134415240402114 -0.94336694981177527 1.2649692499709588 2.9776295574323126
decision_type=2 2 2 2 2 2 2
left_child=1 3 5 -1 -3 -2 -4
right_child=2 4 6 -5 -6 -7 -8
leaf_value=-0.11487715999945365 0.019058141857275147 -0.027738749626391848 0.058657926987825688 -0.040855110290175321 0.00012448218908058727 0.045946889771517528 0.10566389638125204
leaf_weight=130 1346 626 550 1189 2287 261 95
leaf_count=130 1346 626 550 1189 2287 261 95
internal_value=0 -0.0192791 0.0362144 -0.0487075 -0.00581606 0.0236928 0.0666528
internal_weight=0 4232 2252 1319 2913 1607 645
internal_count=6484 4232 2252 1319 2913 1607 645
is_linear=0
shrinkage=0.0926918


Tree=6
num_leaves=8
num_cat=0
split_feature=3 3 3 8 3 3 8
split_gain=442.62 129.069 126.766 38.5363 38.0089 30.0938 29.9001
threshold=-0.17111107080233981 0.56664640687688417 -0.93062061170552124 -0.064263136397267343 -1.2285461919336529 1.976257789729414 0.67922778238064518
decision_type=2 2 2 2 2 2 2
left_child=2 6 4 -4 -1 -3 -2
right_child=1 5 3 -5 -6 -7 -8
leaf_value=-0.13946987764751573 0.0040494637829061163 0.040420215153941098 -0.024220866705363785 -0.0014540734181350636 -0.053935786222645644 0.078056091874902214 0.029991984503649805
leaf_weight=52 1550 852 1627 1089 529 269 516
leaf_count=52 1550 852 1627 1089 529 269 516
internal_value=0 0.0246301 -0.023778 -0.0151981 -0.0630415 0.0499476 0.0106967
internal_weight=0 3187 3297 2716 581 1121 2066
internal_count=6484 3187 3297 2716 581 1121 2066
is_linear=0
shrinkage=0.0926918


Tree=7
num_leaves=8
num_cat=0
split_feature=4 8 6 6 4 6 6
split_gain=187.545 111.824 57.1534 49.6983 22.9493 12.9175 9.71969
threshold=-0.47938694733131942 0.89964444601004423 1.0000000180025095e-35 1.0000000180025095e-35 -1.2267349657235316 1.0808259692608293 1.0000000180025095e-35
decision_type=2 2 2 2 2 2 2
left_child=3 2 -2 4 -1 -5 -3
right_child=1 6 -4 5 -6 -7 -8
leaf_value=0.023383352242377666 -0.029587767155570353 0.0047593857831705081 -0.0057843028181707905 0.034437325724970297 -0.0022969479444206907 0.070805601736542337 0.025662297894454848
leaf_weight=573 1825 338 1708 771 587 115 567
leaf_count=573 1825 338 1708 771 587 115 567
internal_value=0 -0.0106924 -0.0181703 0.0231968 0.0102259 0.0397695 0.0181818
internal_weight=0 4438 3533 2046 1160 886 905
internal_count=6484 4438 3533 2046 1160 886 905
is_linear=0
shrinkage=0.0926918


Tree=8
num_leaves=8
num_cat=0
split_feature=4 5 142 6 0 8 8
split_gain=154.977 97.5494 71.4017 36.4105 33.6928 14.7666 9.22988
threshold=-0.85306095652742553 1.0000000180025095e-35 1.0000000180025095e-35 1.0000000180025095e-35 -0.45526465862024751 0.65832634429327885 -0.22452381515246997
decision_type=2 2 2 2 2 2 2
left_child=3 4 -3 5 -2 -1 -5
right_child=1 2 -4 6 -6 -7 -8
leaf_value=0.0060078554652640281 -0.042093890866554025 0.015861755773633229 -0.011939191011170648 0.026924638357518432 -0.013754364517014764 0.03472411535204193 0.050727828174454932
leaf_weight=837 753 1426 1777 368 764 195 364
leaf_count=837 753 1426 1777 368 764 195 364
internal_value=0 -0.00873746 0.000368658 0.023429 -0.0280635 0.011795 0.0393297
internal_weight=0 4720 3203 1764 1517 1032 732
internal_count=6484 4720 3203 1764 1517 1032 732
is_linear=0
shrinkage=0.0926918


Tree=9
num_leaves=8
num_cat=0
split_feature=3 3 3 7 4 3 3
split_gain=312.108 109.555 82.4451 30.1487 28.654 25.2227 21.1139
threshold=-0.34240856869100478 0.44966432876470802 -1.0413230763274475 0.80443339908570055 -0.91533995806010993 1.8826462319263106 -1.3070737297034756
decision_type=2 2 2 2 2 2 2
left_child=2 3 6 -2 -4 -3 -1
right_child=1 5 4 -5 -6 -7 -8
leaf_value=-0.15600956844246036 0.00049397762899440858 0.030789288417638817 -0.00061275593864306213 0.025134209296806785 -0.025314655231246777 0.063288946740514954 -0.061718409555412516
leaf_weight=26 2141 979 553 535 1721 294 235
leaf_count=26 2141 979 553 535 1721 294 235
internal_value=0 0.0163203 -0.0253226 0.00554411 -0.0194257 0.0386841 -0.0745671
internal_weight=0 3949 2535 2676 2274 1273 261
internal_count=6484 3949 2535 2676 2274 1273 261
is_linear=0
shrinkage=0.0926918


Tree=10
num_leaves=8
num_cat=0
split_feature=3 3 3 8 4 3 3
split_gain=266.58 122.132 47.6891 37.8008 26.2506 25.9041 5.96127
threshold=-0.60058484290869041 0.31591503525073167 -1.1478822908114772 -0.39322285560695253 -0.91533995806010993 1.4713639174566624 -1.3070737297034756
decision_type=2 2 2 2 2 2 2
left_child=2 3 6 -2 -4 -3 -1
right_child=1 5 4 -5 -6 -7 -8
leaf_value=-0.14373612115765669 -0.011323706235307048 0.024501822037212236 -0.0068047098114322677 0.008703732482086576 -0.035735874255296812 0.052725593324921625 -0.066772189290121436
leaf_weight=26 1312 1079 390 2091 1088 420 78
leaf_count=26 1312 1079 390 2091 1088 420 78
internal_value=0 0.0107017 -0.0330058 0.000907399 -0.0283078 0.0327065 -0.0935196
internal_weight=0 4902 1582 3403 1478 1499 104
internal_count=6484 4902 1582 3403 1478 1499 104
is_linear=0
shrinkage=0.0926918


Tree=11
num_leaves=8
num_cat=0
split_feature=3 3 3 0 3 4 3
split_gain=220.795 101.228 41.2671 30.9834 24.2803 17.3003 12.0263
threshold=-0.60058484290869041 0.23609273181281618 -1.0650820263369483 -0.94336694981177527 1.4713639174566624 -0.91533995806010993 -1.3070737297034756
decision_type=2 2 2 2 2 2 2
left_child=2 3 6 -2 -3 -4 -1
right_child=1 4 5 -5 -6 -7 -8
leaf_value=-0.13242823860772046 -0.018577173260203628 0.021235636564895233 -0.0058516928203402622 0.0045149301360424788 0.047891694089127954 -0.030186011234052821 -0.055325223305348344
leaf_weight=26 612 1255 373 2615 420 1000 183
leaf_count=26 612 1255 373 2615 420 1000 183
internal_value=0 0.00972077 -0.0300568 4.13334e-05 0.0281753 -0.0237903 -0.0686981
internal_weight=0 4902 1582 3227 1675 1373 209
internal_count=6484 4902 1582 3227 1675 1373 209
is_linear=0
shrinkage=0.0926918


Tree=12
num_leaves=8
num_cat=0
split_feature=7 4 0 4 1 1 6
split_gain=94.2209 70.2161 29.7632 26.2267 19.8786 10.9233 8.37645
threshold=0.23155304760075571 -0.91533995806010993 -0.94336694981177527 -1.1644559641908474 -1.0119428933113455 -1.3094978091596399 1.0000000180025095e-35
decision_type=2 2 2 2 2 2 2
left_child=1 6 -3 5 -5 -2 -1
right_child=3 2 -4 4 -6 -7 -8
leaf_value=0.0044529600568180066 0 -0.02998313711928911 -0.0094923352023845425 -0.012274210169523667 0.014693644244851322 0.046029100650783257 0.021385098796633636
leaf_weight=656 57 865 2267 261 1628 291 459
leaf_count=656 57 865 2267 261 1628 291 459
internal_value=0 -0.00812446 -0.0152635 0.0153603 0.0108206 0.0388596 0.011696
internal_weight=0 4247 3132 2237 1889 348 1115
internal_count=6484 4247 3132 2237 1889 348 1115
is_linear=0
shrinkage=0.0926918


Tree=13
num_leaves=8
num_cat=0
split_feature=3 142 3 3 8 7 3
split_gain=178.379 68.5193 42.479 33.7173 17.0944 16.6386 11.5755
threshold=-0.46256282269000792 1.0000000180025095e-35 -1.0527170142066633 1.1736325520787447 -0.21391233857408867 1.0084897063940061 -1.3070737297034756
decision_type=2 2 2 2 2 2 2
left_child=2 3 6 -2 -3 -4 -1
right_child=1 4 5 -5 -6 -7 -8
leaf_value=-0.12163186171796507 0.014281687721178001 -0.013734541643781351 -0.020712460450699959 0.040565223494557448 0.0045393419664316523 0.006249640996804794 -0.048466508190611268
leaf_weight=26 2153 803 1609 541 936 207 209
leaf_count=26 2153 803 1609 541 936 207 209
internal_value=0 0.010448 -0.0225811 0.0197089 -0.00377605 -0.0175 -0.0597524
internal_weight=0 4433 2051 2694 1739 1816 235
internal_count=6484 4433 2051 2694 1739 1816 235
is_linear=0
shrinkage=0.0926918


Tree=14
num_leaves=8
num_cat=0
split_feature=3 3 3 8 3 8 3
split_gain=150.764 65.1594 29.7864 26.3219 17.0644 12.8864 0.788939
threshold=-0.60058484290869041 0.39528417070481453 -1.1834883466840265 0.55714793590029577 2.9776295574323126 1.2649692499709588 -1.3070737297034756
decision_type=2 2 2 2 2 2 2
left_child=2 3 6 -2 -3 -4 -1
right_child=1 4 5 -5 -6 -7 -8
leaf_value=-0.11206294544386812 -0.0030604772022953383 0.021851817651370078 -0.024731455557912219 0.015839762558046883 0.06363842933881847 0.00048099790599321496 -0.052405541659193276
leaf_weight=26 2711 1278 1325 818 95 179 52
leaf_count=26 2711 1278 1325 818 95 179 52
internal_value=0 0.0080149 -0.0248544 0.00126799 0.0251206 -0.0215804 -0.0803474
internal_weight=0 4902 1582 3529 1373 1504 78
internal_count=6484 4902 1582 3529 1373 1504 78
is_linear=0
shrinkage=0.0926918


Tree=15
num_leaves=8
num_cat=0
split_feature=7 4 7 1 4 1 7
split_gain=64.8796 59.2814 26.6231 14.8125 9.38991 7.40288 0.589994
threshold=0.80443339908570055 -0.91533995806010993 -0.72755026277888157 -1.0119428933113455 -1.289013967256216 1.9081963829687469 1.0084897063940061
decision_type=2 2 2 2 2 2 2
left_child=1 5 -3 6 -5 -1 -2
right_child=3 2 -4 4 -6 -7 -8
leaf_value=0.013982289868378343 -0.0095174587752995445 -0.022112216099937423 -0.0052552454882702025 0.047142988989549016 0.018853476789948111 -0.010427837096086415 0
leaf_weight=1246 95 1194 2637 128 989 102 93
leaf_count=1246 95 1194 2637 128 989 102 93
internal_value=0 -0.00467832 -0.0105916 0.0184122 0.0224893 0.0119295 -0.00453167
internal_weight=0 5179 3831 1305 1117 1348 188
internal_count=6484 5179 3831 1305 1117 1348 188
is_linear=0
shrinkage=0.0926918


Tree=16
num_leaves=8
num_cat=0
split_feature=3 3 3 0 8 4 4
split_gain=123.547 54.6956 22.751 19.0213 16.4051 12.8366 4.23619
threshold=-0.67632863449211367 0.23609273181281618 -1.1134415240402114 -0.84598844976450804 -0.22452381515246997 -0.91533995806010993 -0.043433936602528894
decision_type=2 2 2 2 2 2 2
left_child=2 3 6 -2 -3 -4 -1
right_child=1 4 5 -5 -6 -7 -8
leaf_value=-0.0096534002193837849 -0.012697646329394527 0.0084067190881111451 -0.0043914628294152045 0.0036159035280941719 0.027827245086713213 -0.026566788638870506 -0.070506147916302678
leaf_weight=23 792 669 341 2672 1006 874 107
leaf_count=23 792 669 341 2672 1006 874 107
internal_value=0 0.00652999 -0.0249799 -5.71827e-05 0.0202573 -0.020579 -0.0622147
internal_weight=0 5139 1345 3464 1675 1215 130
internal_count=6484 5139 1345 3464 1675 1215 130
is_linear=0
shrinkage=0.0926918


Tree=17
num_leaves=8
num_cat=0
split_feature=3 142 3 3 3 8 7
split_gain=103.574 35.0385 33.0079 22.6142 11.444 9.41189 9.2001
threshold=-0.34240856869100478 1.0000000180025095e-35 -0.97334787875258055 4.0695701836182971 -1.3070737297034756 -0.11173659161992873 1.1183338233119573
decision_type=2 2 2 2 2 2 2
left_child=2 3 4 -2 -1 -4 -3
right_child=1 6 5 -5 -6 -7 -8
leaf_value=-0.097767691750432165 0.0146022895110322 -0.0045585816521319976 -0.014745843875028121 0.079855309719550446 -0.03229609161347393 -0.0017441791633119451 0.02007666240370189
leaf_weight=26 2459 1308 1235 44 419 855 138
leaf_count=26 2459 1308 1235 44 419 855 138
internal_value=0 0.00935261 -0.0146365 0.0159899 -0.0376201 -0.00955651 -0.00198642
internal_weight=0 3949 2535 2503 445 2090 1446
internal_count=6484 3949 2535 2503 445 2090 1446
is_linear=0
shrinkage=0.0926918


Tree=18
num_leaves=8
num_cat=0
split_feature=3 3 0 3 7 8 5
split_gain=87.8116 40.6236 21.5862 16.7023 11.0044 10.9353 1.18479
threshold=-0.68610411528621362 0.80125794593528266 -0.84598844976450804 -1.1834883466840265 0.21831157143456412 -0.22452381515246997 1.0000000180025095e-35
decision_type=2 2 2 2 2 2 2
left_child=3 2 -2 6 -5 -3 -1
right_child=1 5 -4 4 -6 -7 -8
leaf_value=-0.035071058344343722 -0.010510328486718091 0.0095655277532303608 0.0052152708110880797 -0.024253583217528515 -0.0045598773941288671 0.032200560747549005 -0.08600509530199392
leaf_weight=45 957 343 3338 851 390 527 33
leaf_count=45 957 343 3338 851 390 527 33
internal_value=0 0.00541788 0.0016483 -0.0213388 -0.0182961 0.0236474 -0.0631216
internal_weight=0 5165 4295 1319 1241 870 78
internal_count=6484 5165 4295 1319 1241 870 78
is_linear=0
shrinkage=0.0926918


Tree=19
num_leaves=8
num_cat=0
split_feature=3 3 8 4 8 142 4
split_gain=75.8236 31.3198 19.8215 13.9019 11.6584 11.2408 9.14346
threshold=-0.17111107080233981 -0.86186855472979851 0.84016614257781586 1.0000000180025095e-35 -0.38709084997844073 1.0000000180025095e-35 -0.72850295346205685
decision_type=2 2 2 2 2 2 2
left_child=1 3 5 -1 -3 -2 -4
right_child=2 4 6 -5 -6 -7 -8
leaf_value=-0.010385490429837945 0.010287221555758232 -0.012189193454320218 0.044242968380890264 -0.036619675567666071 0.00048956273703215788 -0.0029716410476964307 0.017235831371449829
leaf_weight=335 1663 1036 156 458 1468 781 587
leaf_count=335 1663 1036 156 458 1468 781 587
internal_value=0 -0.00989537 0.0101401 -0.025961 -0.00467384 0.00595521 0.0234644
internal_weight=0 3297 3187 793 2504 2444 743
internal_count=6484 3297 3187 793 2504 2444 743
is_linear=0
shrinkage=0.0926918


Tree=20
num_leaves=8
num_cat=0
split_feature=3 3 3 0 4 1 5
split_gain=62.6284 25.9349 17.9931 13.2187 11.73 11.183 6.36079
threshold=-0.17111107080233981 -0.86937819560473628 1.8826462319263106 -0.94336694981177527 1.0000000180025095e-35 0.76481408965299369 -1.5083116665592187
decision_type=2 2 2 2 2 2 2
left_child=1 4 3 -2 -1 -3 -4
right_child=2 5 6 -5 -6 -7 -8
leaf_value=-0.0091906219242609243 -0.006647564602222638 -0.0014306510269170741 0.067837719079285222 0.0097364416333540153 -0.033823624491778365 -0.018048849450908625 0.023478543581179817
leaf_weight=321 492 2107 39 2401 446 423 255
leaf_count=321 492 2107 39 2401 446 423 255
internal_value=0 -0.00899248 0.00921638 0.00686157 -0.0239407 -0.00433115 0.0311231
internal_weight=0 3297 3187 2893 767 2530 294
internal_count=6484 3297 3187 2893 767 2530 294
is_linear=0
shrinkage=0.0926918


Tree=21
num_leaves=8
num_cat=0
split_feature=3 3 3 7 3 1 4
split_gain=52.8306 24.3829 13.2041 12.7157 11.6121 10.8326 3.22345
threshold=-0.06727086422130478 -0.86186855472979851 2.746319670827551 1.0759625374994046 -1.3070737297034756 1.6472344800162075 -0.29254994273326634
decision_type=2 2 2 2 2 2 2
left_child=1 4 5 -3 -1 -2 -4
right_child=2 3 6 -5 -6 -7 -8
leaf_value=-0.080387604361821602 0.010521308996097122 -0.0052296519161531716 0.046531413102377281 0.014347912051840545 -0.018725567452429745 -0.0085433246476963234 0
leaf_weight=26 2276 2716 100 309 767 271 19
leaf_count=26 2276 2716 100 309 767 271 19
internal_value=0 -0.00703138 0.00995972 -0.00313219 -0.0215016 0.00838751 0.0401051
internal_weight=0 3818 2666 3025 793 2547 119
internal_count=6484 3818 2666 3025 793 2547 119
is_linear=0
shrinkage=0.0926918


Tree=22
num_leaves=8
num_cat=0
split_feature=7 4 0 8 0 4 10
split_gain=33.3372 30.6 15.2124 7.38825 6.20656 5.3912 2.18861
threshold=0.80443339908570055 -0.91533995806010993 -0.94336694981177527 0.84016614257781586 -0.94336694981177527 -1.1644559641908474 -1.3886599052378237
decision_type=2 2 2 2 2 2 2
left_child=1 4 -3 6 -1 -5 -2
right_child=3 2 -4 5 -6 -7 -8
leaf_value=-0.0013730157334167982 -0.011562246822506375 -0.018486076414258156 -0.0043581673696305072 0.04108763189731314 0.012307983086265543 0.015208798987979636 0.0061288403721067647
leaf_weight=356 58 868 2963 91 992 729 427
leaf_count=356 58 868 2963 91 992 729 427
internal_value=0 -0.00338222 -0.00763983 0.0131692 0.00852619 0.0185848 0.00343655
internal_weight=0 5179 3831 1305 1348 820 485
internal_count=6484 5179 3831 1305 1348 820 485
is_linear=0
shrinkage=0.0926918


Tree=23
num_leaves=8
num_cat=0
split_feature=3 142 6 1 1 10 3
split_gain=44.4448 25.7262 16.7038 14.3201 10.0949 8.93412 4.95198
threshold=-0.59184517464906461 1.0000000180025095e-35 1.0000000180025095e-35 -1.0403836196158547 1.6801231064576856 -0.033240430703109045 -1.2285461919336529
decision_type=2 2 2 2 2 2 2
left_child=2 3 4 -2 -1 -3 -4
right_child=1 5 6 -5 -6 -7 -8
leaf_value=-0.0068233078576893317 -0.0082727788322905539 -0.01049066566995918 -0.086933146291066687 0.01217538662007716 -0.037176313396641854 0.0019034806937165195 -0.029918447110972919
leaf_weight=1289 314 912 18 2610 103 1040 198
leaf_count=1289 314 912 18 2610 103 1040 198
internal_value=0 0.00437073 -0.0133782 0.00988844 -0.00935597 -0.00377642 -0.037477
internal_weight=0 4876 1608 2924 1392 1952 216
internal_count=6484 4876 1608 2924 1392 1952 216
is_linear=0
shrinkage=0.0926918


Tree=24
num_leaves=8
num_cat=0
split_feature=3 142 3 6 8 0 3
split_gain=37.4846 21.0334 14.8203 14.6988 8.27502 7.96488 2.36431
threshold=-0.71976802265662398 1.0000000180025095e-35 4.0695701836182971 1.0000000180025095e-35 -0.41650678962885579 -0.95943479239933105 -1.2285461919336529
decision_type=2 2 2 2 2 2 2
left_child=3 2 -2 5 -3 -1 -5
right_child=1 4 -4 6 -6 -7 -8
leaf_value=-0.026073390324715773 0.0072556820492663491 -0.011001262832131634 0.059657997222459756 -0.080524831216779919 0.00077626376547638054 -0.0057696542331074378 -0.031837506192326122
leaf_weight=221 3122 824 44 18 1255 858 142
leaf_count=221 3122 824 44 18 1255 858 142
internal_value=0 0.0033693 0.00814532 -0.0145275 -0.00379128 -0.0102421 -0.0408762
internal_weight=0 5245 3166 1239 2079 1079 160
internal_count=6484 5245 3166 1239 2079 1079 160
is_linear=0
shrinkage=0.0926918


Tree=25
num_leaves=8
num_cat=0
split_feature=3 1 1 3 1 3 8
split_gain=32.6877 17.1374 22.6377 12.5693 8.89918 4.24898 2.02461
threshold=-0.39186861721214622 -1.0403836196158547 0.17669299308989991 -1.0650820263369483 1.6472344800162075 -1.3070737297034756 0.1803822921512904
decision_type=2 2 2 2 2 2 2
left_child=3 6 -3 5 -5 -1 -2
right_child=1 2 -4 4 -6 -7 -8
leaf_value=-0.068149098425962965 -0.014231801152903465 0.013697068556943432 -0.00072744412594321435 -0.0047348305564349838 -0.028615966242886974 -0.022518183059877989 0
leaf_weight=26 390 1997 1697 1950 146 183 95
leaf_count=26 390 1997 1697 1950 146 183 95
internal_value=0 0.00482069 0.00701343 -0.00891654 -0.00657133 -0.0306665 -0.0113013
internal_weight=0 4179 3694 2305 2096 209 485
internal_count=6484 4179 3694 2305 2096 209 485
is_linear=0
shrinkage=0.0926918


Tree=26
num_leaves=8
num_cat=0
split_feature=3 3 8 0 5 3 0
split_gain=28.7822 16.7124 11.2816 9.27396 8.57326 6.12645 0.549154
threshold=0.23609273181281618 -0.83914541725477154 -0.39322285560695253 -1.0306432141735042 1.0000000180025095e-35 2.9776295574323126 -1.5495239125722542
decision_type=2 2 2 2 2 2 2
left_child=1 4 -3 6 -1 -5 -2
right_child=3 2 -4 5 -6 -7 -8
leaf_value=-0.010896589392902518 -0.016864854894305139 -0.0073202017612334956 0.002811311200716858 0.011330895758737244 -0.037782782376938592 0.037316089011471869 -0.0022384832100618766
leaf_weight=743 36 1536 2401 1343 129 90 206
leaf_count=743 36 1536 2401 1343 129 90 206
internal_value=0 -0.00372879 -0.00108488 0.0103629 -0.0153249 0.0132439 -0.00565762
internal_weight=0 4809 3937 1675 872 1433 242
internal_count=6484 4809 3937 1675 872 1433 242
is_linear=0
shrinkage=0.0926918


Tree=27
num_leaves=8
num_cat=0
split_feature=3 3 1 9 5 3 1
split_gain=23.9432 12.3841 10.7471 9.96268 5.95367 4.90789 2.75873
threshold=-0.06727086422130478 -1.0114787276779105 1.6061907722697855 0.028895172542797404 -1.5083116665592187 -1.3070737297034756 -1.3094978091596399
decision_type=2 2 2 2 2 2 2
left_child=1 5 -3 4 -2 -1 -5
right_child=3 2 -4 6 -6 -7 -8
leaf_value=-0.060954253360691525 0.036088675205825232 -0.0014189583031972534 -0.020272897655187951 -0.011731574244370926 0.0098915056740032647 -0.016840655098391777 0.0018887613087721906
leaf_weight=26 84 3196 283 141 1420 313 1021
leaf_count=26 84 3196 283 141 1420 313 1021
internal_value=0 -0.00478855 -0.00304605 0.00664924 0.0116191 -0.0216946 0
internal_weight=0 3818 3479 2666 1504 339 1162
internal_count=6484 3818 3479 2666 1504 339 1162
is_linear=0
shrinkage=0.0926918


Tree=28
num_leaves=8
num_cat=0
split_feature=7 4 3 0 3 10 0
split_gain=21.9592 19.3597 13.8373 4.51947 3.47834 1.96765 1.68644
threshold=1.0084897063940061 -1.289013967256216 -0.67632863449211367 -1.0109600093315081 0.67437091046219744 -0.77674587731300926 1.0014730299595971
decision_type=2 2 2 2 2 2 2
left_child=1 3 -3 -1 5 -2 -6
right_child=4 2 -4 -5 6 -7 -8
leaf_value=0 0 -0.014036052430863338 -0.0018963263183356747 0.014600360277270416 0.027617327059042598 0.011388331118087599 0.0029737197060415218
leaf_weight=213 156 1059 3624 615 183 579 55
leaf_count=213 156 1059 3624 615 183 579 55
internal_value=0 -0.00235665 -0.00470362 0.0105831 0.0127149 0.00891532 0.0230712
internal_weight=0 5511 4683 828 973 735 238
internal_count=6484 5511 4683 828 973 735 238
is_linear=0
shrinkage=0.0926918


Tree=29
num_leaves=8
num_cat=0
split_feature=7 4 0 1 9 4 0
split_gain=18.3882 16.0177 11.0585 7.00779 3.39591 2.98164 1.12831
threshold=0.80443339908570055 -1.3512929687889004 -0.94336694981177527 -0.89983624721933431 0.29823900989502566 -1.289013967256216 -0.24922285049557605
decision_type=2 2 2 2 2 2 2
left_child=1 4 -3 6 -1 -5 -2
right_child=3 2 -4 5 -6 -7 -8
leaf_value=0.01540414098907928 0.0030155267158608035 -0.013270330822692078 -0.0020957968590473359 0.028972639747024007 0.0015529410167314671 0.011009161514092571 -0.0080109358855703534
leaf_weight=427 109 1002 3449 109 301 924 163
leaf_count=427 109 1002 3449 109 301 924 163
internal_value=0 -0.0025531 -0.00467611 0.00973867 0.0100489 0.0132555 -0.00275331
internal_weight=0 5179 4451 1305 728 1033 272
internal_count=6484 5179 4451 1305 728 1033 272
is_linear=0
shrinkage=0.0926918


Tree=30
num_leaves=8
num_cat=0
split_feature=8 4 1 4 1 10 10
split_gain=16.7026 10.7004 9.86046 8.36279 4.82604 3.98858 3.13825
threshold=-0.21391233857408867 -0.72850295346205685 1.0632154057701528 -0.29254994273326634 -1.4181059499623079 0.23824458153520833 -1.3578640074131003
decision_type=2 2 2 2 2 2 2
left_child=3 4 -3 6 -2 -5 -1
right_child=1 2 -4 5 -6 -7 -8
leaf_value=-0.010968299731161681 -0.010426249117818835 0.0037618228835271331 -0.010810429591254512 -0.013137924355920216 0.014426783287737548 -0.0032811195469409911 0.0025732871865840798
leaf_weight=165 58 2178 480 1040 888 652 1023
leaf_count=165 58 2178 480 1040 888 652 1023
internal_value=0 0.004145 0.00102643 -0.00531561 0.0126087 -0.00949963 0.000457161
internal_weight=0 3604 2658 2880 946 1692 1188
internal_count=6484 3604 2658 2880 946 1692 1188
is_linear=0
shrinkage=0.0926918


Tree=31
num_leaves=8
num_cat=0
split_feature=1 0 1 4 9 7 9
split_gain=15.3274 19.4006 16.3837 4.72286 3.2981 1.3116 0.401077
threshold=-0.99925665689410559 -0.84598844976450804 -0.24784278554358577 -1.1644559641908474 -0.17061878105144468 0.40102205876113034 -0.473517237871796
decision_type=2 2 2 2 2 2 2
left_child=4 3 -3 -2 6 -6 -1
right_child=1 2 -4 -5 5 -7 -8
leaf_value=0.0032642720560572352 0.00093620703650150905 0.012210278446468268 0.00028552776449334205 -0.011066910034290396 -0.020266653926464699 -0.0077694580075617688 -0.0044367574640997208
leaf_weight=56 337 1568 2788 1035 347 198 155
leaf_count=56 337 1568 2788 1035 347 198 155
internal_value=0 0.00157913 0.00464113 -0.00795209 -0.0124235 -0.0162642 -0.00126025
internal_weight=0 5728 4356 1372 756 545 211
internal_count=6484 5728 4356 1372 756 545 211
is_linear=0
shrinkage=0.0926918


Tree=32
num_leaves=8
num_cat=0
split_feature=3 1 1 6 8 8 4
split_gain=17.4422 11.3956 14.4118 8.21843 4.77447 1.57902 1.37598
threshold=-0.80295671683158043 -1.0403836196158547 0.23533775801921861 1.0000000180025095e-35 1.0000000180025095e-35 0.1803822921512904 0.70391408178968351
decision_type=2 2 2 2 2 2 2
left_child=3 5 -3 4 -1 -2 -5
right_child=1 2 -4 6 -6 -7 -8
leaf_value=-0.013156468727258477 -0.012104358508357877 0.007681865027533992 -0.0024760702842031596 -0.050498248299773708 0.00041667792828528708 0 -0.017883708217813488
leaf_weight=539 493 2902 1994 48 321 118 69
leaf_count=539 493 2902 1994 48 321 118 69
internal_value=0 0.00197003 0.00349772 -0.0114401 -0.0078392 -0.00981813 -0.0346395
internal_weight=0 5507 4896 977 860 611 117
internal_count=6484 5507 4896 977 860 611 117
is_linear=0
shrinkage=0.0926918


Tree=33
num_leaves=8
num_cat=0
split_feature=3 3 1 0 142 3 3
split_gain=15.7687 10.3453 9.97647 4.4125 3.9493 3.65163 0.282148
threshold=0.57985301669142975 -1.0527170142066633 1.6472344800162075 -1.0482554773049122 1.0000000180025095e-35 4.0695701836182971 1.31741627952044
decision_type=2 2 2 2 2 2 2
left_child=1 4 -3 6 -1 -5 -2
right_child=3 2 -4 5 -6 -7 -8
leaf_value=-0.0089725259764936623 -0.0065721097804629838 0 -0.014678620385428304 0.010668017402018195 -0.037116206465370158 0.039335520472944654 0
leaf_weight=147 94 4725 428 902 88 44 56
leaf_count=147 94 4725 428 902 88 44 56
internal_value=0 -0.00213173 -0.00120593 0.0100416 -0.0210209 0.0124376 -0.00344584
internal_weight=0 5388 5153 1096 235 946 150
internal_count=6484 5388 5153 1096 235 946 150
is_linear=0
shrinkage=0.0926918


Tree=34
num_leaves=7
num_cat=0
split_feature=3 1 1 3 4 7
split_gain=14.1196 8.08194 9.44543 7.35603 4.89271 1.42048
threshold=-0.34240856869100478 -1.0403836196158547 0.17669299308989991 -1.3070737297034756 -0.66622395192937256 0.047497442036783903
decision_type=2 2 2 2 2 2
left_child=3 5 -3 -1 -5 -2
right_child=1 2 -4 4 -6 -7
leaf_value=-0.051462326055520952 -0.01418064223885309 0.0094042382979542833 -0.0001243226694252172 0.0018246960034128653 -0.0072389662897921064 -0.0023168569804655529
leaf_weight=26 193 1886 1603 651 1858 267
leaf_count=26 193 1886 1603 651 1858 267
internal_value=0 0.0033975 0.00496375 -0.00545893 -0.00479331 -0.00789974
internal_weight=0 3949 3489 2535 2509 460
internal_count=6484 3949 3489 2535 2509 460
is_linear=0
shrinkage=0.0926918


Tree=35
num_leaves=8
num_cat=0
split_feature=3 1 1 0 0 3 4
split_gain=12.1857 7.9118 10.611 4.43846 3.436 2.25745 0.441153
threshold=0.3754095176995913 -0.98489069301595744 0.24000104253919094 -1.0482554773049122 1.6665776075718222 -0.89158342681252611 -0.72850295346205685
decision_type=2 2 2 2 2 2 2
left_child=1 5 -3 6 -5 -1 -2
right_child=3 2 -4 4 -6 -7 -8
leaf_value=-0.031191763639205457 0 0.0026072773864415305 -0.0067614950944530783 0.011439713271040574 -0.0038727508645638982 -0.0094214363363776862 -0.010546105871934879
leaf_weight=55 136 2837 1622 1084 115 571 64
leaf_count=55 136 2837 1622 1084 115 571 64
internal_value=0 -0.00218316 -0.000750727 0.00757062 0.00976358 -0.0119276 -0.00433368
internal_weight=0 5085 4459 1399 1199 626 200
internal_count=6484 5085 4459 1399 1199 626 200
is_linear=0
shrinkage=0.0926918


Tree=36
num_leaves=8
num_cat=0
split_feature=4 7 1 10 9 1 1
split_gain=11.0539 9.2488 9.76563 4.61992 3.40963 1.3622 0.522009
threshold=-1.3512929687889004 -0.72755026277888157 -1.0262262791895669 -1.2628199077708879 0.29823900989502566 -1.0119428933113455 -0.43641034080652602
decision_type=2 2 2 2 2 2 2
left_child=4 3 -3 -2 5 -1 -6
right_child=1 2 -4 -5 6 -7 -8
leaf_value=0 -0.020940857133463969 -0.010703433985109936 0.0022807748875482586 -0.0055653826129403311 -0.0018884882563627037 0.015772992887053895 0.0047085020488697457
leaf_weight=60 217 569 3675 1140 134 481 208
leaf_count=60 217 569 3675 1140 134 481 208
internal_value=0 -0.00160509 0.000474032 -0.00826221 0.00952579 0.0141414 0.00144475
internal_weight=0 5601 4244 1357 883 541 342
internal_count=6484 5601 4244 1357 883 541 342
is_linear=0
shrinkage=0.0926918


Tree=37
num_leaves=8
num_cat=0
split_feature=3 10 3 142 1 3 9
split_gain=11.3328 7.55611 7.7957 6.00743 4.85326 3.93568 2.28046
threshold=-0.57909173281835147 -1.2913442764575971 1.8826462319263106 1.0000000180025095e-35 0.70056985629510227 -1.2285461919336529 -0.32297489106886734
decision_type=2 2 2 2 2 2 2
left_child=3 6 -3 4 -1 -5 -2
right_child=1 2 -4 5 -6 -7 -8
leaf_value=-0.00028057168844306576 0.010773472686578073 0.0024709698180643753 0.019627299953916121 -0.046686727960923324 -0.017472276990325823 -0.012202343921624281 -0.010071793598601225
leaf_weight=1030 35 4056 243 34 165 433 488
leaf_count=1030 35 4056 243 34 165 433 488
internal_value=0 0.00219572 0.00351625 -0.00666838 -0.00291152 -0.0156529 -0.00814227
internal_weight=0 4822 4299 1662 1195 467 523
internal_count=6484 4822 4299 1662 1195 467 523
is_linear=0
shrinkage=0.0926918


Tree=38
num_leaves=8
num_cat=0
split_feature=3 0 1 5 0 3 4
split_gain=9.80761 7.04553 9.47283 5.03967 3.56725 2.90925 1.6953
threshold=-0.85507103497231185 -0.84598844976450804 -1.3094978091596399 1.0000000180025095e-35 -0.98704487373394312 -1.2285461919336529 -0.66622395192937256
decision_type=2 2 2 2 2 2 2
left_child=3 6 -3 4 -1 -5 -2
right_child=1 2 -4 5 -6 -7 -8
leaf_value=-0.019603513309146201 0 -0.0081136492395099714 0.0047018115888727121 -0.060894355541193428 -0.0022036688234567457 -0.015922089499136715 -0.0073227804848554744
leaf_weight=133 427 552 3882 20 565 101 804
leaf_count=133 427 552 3882 20 565 101 804
internal_value=0 0.00129034 0.00304583 -0.00953225 -0.00596608 -0.0272263 -0.00482748
internal_weight=0 5665 4434 819 698 121 1231
internal_count=6484 5665 4434 819 698 121 1231
is_linear=0
shrinkage=0.0926918


Tree=39
num_leaves=8
num_cat=0
split_feature=3 6 3 10 10 6 82
split_gain=8.49965 8.80292 5.46368 4.78716 4.00447 2.89741 2.27404
threshold=-0.52328733252355597 1.0000000180025095e-35 1.8826462319263106 -0.49565131576179672 -1.4069217920501065 1.0000000180025095e-35 1.0000000180025095e-35
decision_type=2 2 2 2 2 2 2
left_child=1 4 3 -2 -1 -4 -3
right_child=2 6 5 -5 -6 -7 -8
leaf_value=-0.023005299525445087 -0.0030784928145331787 -0.024146326028086883 0.039833419571058216 0.0033682084242983691 -0.0014231731163236909 0.0092110533898190784 0
leaf_weight=76 1475 232 35 2868 1519 259 20
leaf_count=76 1475 232 35 2868 1519 259 20
internal_value=0 -0.00540795 0.00201788 0.00112291 -0.00266434 0.014217 -0.021482
internal_weight=0 1847 4637 4343 1595 294 252
internal_count=6484 1847 4637 4343 1595 294 252
is_linear=0
shrinkage=0.0926918


Tree=40
num_leaves=8
num_cat=0
split_feature=4 8 10 1 8 1 0
split_gain=8.13502 6.61144 5.28436 2.93097 1.59381 1.02542 0.420489
threshold=-1.600408974919638 1.0345036907984981 -1.537329902533064 -0.34253602012698042 0.13395930514021495 -1.4746504513814278 -0.86452768083360632
decision_type=2 2 2 2 2 2 2
left_child=4 2 -2 -3 5 -1 -6
right_child=1 3 -4 -5 6 -7 -8
leaf_value=-0.0061983544683307462 -0.0169286386760212 0.0095615364686437304 -0.0017967668420653771 -0.0005798183714575976 0 0.0076109930521075153 0.019640889017675803
leaf_weight=31 208 631 4761 329 28 323 173
leaf_count=31 208 631 4761 329 28 323 173
internal_value=0 -0.00109827 -0.00249333 0.00585259 0.0105895 0.005672 0.0177671
internal_weight=0 5929 4969 960 555 354 201
internal_count=6484 5929 4969 960 555 354 201
is_linear=0
shrinkage=0.0926918


Tree=41
num_leaves=8
num_cat=0
split_feature=142 7 5 4 7 4 4
split_gain=7.2514 5.59496 2.92004 2.88649 2.39092 1.45407 1.31653
threshold=1.0000000180025095e-35 0.23155304760075571 -1.5083116665592187 -1.600408974919638 -0.95303634406610815 -1.3512929687889004 0.8284720848550523
decision_type=2 2 2 2 2 2 2
left_child=1 3 6 -1 -4 -3 -2
right_child=2 5 4 -5 -6 -7 -8
leaf_value=0.0069182097278698363 0 0.01310123397898599 -0.010814826826378843 -0.0018819054114211839 -0.0031825313343238487 0.0049087279304196423 0.014577612447782454
leaf_weight=370 59 278 506 2067 1745 1368 91
leaf_count=370 59 278 506 2067 1745 1368 91
internal_value=0 0.00229289 -0.00411959 -0.000437513 -0.00502265 0.00646983 0.00763388
internal_weight=0 4083 2401 2437 2251 1646 150
internal_count=6484 4083 2401 2437 2251 1646 150
is_linear=0
shrinkage=0.0926918


Tree=42
num_leaves=8
num_cat=0
split_feature=7 4 7 0 0 0 4
split_gain=6.28413 5.80248 3.54356 1.51327 1.7049 1.20721 0.923416
threshold=-0.87072080682318653 -1.289013967256216 0.87627812600173149 -1.4374711112469343 1.5774128456814491 -1.1619104895119527 -1.6626879764523224
decision_type=2 2 2 2 2 2 2
left_child=3 5 -3 6 -5 -2 -1
right_child=1 2 -4 4 -6 -7 -8
leaf_value=0 0 -0.001424821435427848 0.0047244307279649218 -0.0021951264390872279 -0.01427782960299703 0.0098860822011830069 -0.015335130071680501
leaf_weight=26 89 3452 1045 835 127 703 207
leaf_count=26 89 3452 1045 835 127 703 207
internal_value=0 0.00129916 0 -0.00612913 -0.00409785 0.00859045 -0.0132684
internal_weight=0 5289 4497 1195 962 792 233
internal_count=6484 5289 4497 1195 962 792 233
is_linear=0
shrinkage=0.0926918


Tree=43
num_leaves=8
num_cat=0
split_feature=3 1 1 6 4 9 4
split_gain=7.32506 5.36365 7.68768 3.83601 2.43387 1.70642 1.28009
threshold=-0.85507103497231185 -0.88202841491931638 0.17669299308989991 1.0000000180025095e-35 0.33024007259357724 -0.090813199613749077 0.8907510863877367
decision_type=2 2 2 2 2 2 2
left_child=3 5 -3 4 -1 -2 -5
right_child=1 2 -4 6 -6 -7 -8
leaf_value=0 0 0.0058309450673610149 -0.0015839679588486168 -0.036845382973025476 -0.011022567313622627 -0.008362744905498664 -0.0061831914692311559
leaf_weight=380 342 2582 2168 52 341 573 46
leaf_count=380 342 2582 2168 52 341 573 46
internal_value=0 0.00111101 0.0023982 -0.00824175 -0.00539013 -0.00529008 -0.0257064
internal_weight=0 5665 4750 819 721 915 98
internal_count=6484 5665 4750 819 721 915 98
is_linear=0
shrinkage=0.0926918


Tree=44
num_leaves=8
num_cat=0
split_feature=3 142 1 1 4 1 9
split_gain=6.37681 4.70818 4.62255 5.72929 2.81975 2.70671 1.31376
threshold=-0.63968676608509012 1.0000000180025095e-35 -0.88202841491931638 0.6666353493441749 0.9530300879204211 0.70056985629510227 -0.090813199613749077
decision_type=2 2 2 2 2 2 2
left_child=1 5 6 -4 -3 -1 -2
right_child=2 4 3 -5 -6 -7 -8
leaf_value=0 0 -0.025496150588742526 0.0049975305456676292 -0.0024612140388118697 -0.0068061728184112772 -0.013626486836427193 -0.0074807121581686254
leaf_weight=945 304 137 2969 1208 249 145 527
leaf_count=945 304 137 2969 1208 249 145 527
internal_value=0 -0.00543081 0.00149047 0.00278305 -0.0142742 -0.00203401 -0.00470052
internal_weight=0 1476 5008 4177 386 1090 831
internal_count=6484 1476 5008 4177 386 1090 831
is_linear=0
shrinkage=0.0926918


Tree=45
num_leaves=8
num_cat=0
split_feature=0 0 142 0 7 2 7
split_gain=5.25446 4.97879 3.48615 1.28361 0.68156 0.366262 0.2393
threshold=-0.84598844976450804 2.1419509471371261 1.0000000180025095e-35 -1.4827037028285164 -0.38507411714969714 0.73133222133922948 0.49531729577218692
decision_type=2 2 2 2 2 2 2
left_child=3 2 -2 5 -5 -1 -3
right_child=1 6 -4 4 -6 -7 -8
leaf_value=-0.014779497776868877 0.0037935550034004133 -0.013701069315755583 -0.0013074680964139578 -0.0048193629180089412 0 -0.0017437143160633235 0
leaf_weight=161 3149 181 1722 873 289 74 35
leaf_count=161 3149 181 1722 873 289 74 35
internal_value=0 0.00128427 0.00194178 -0.00512202 -0.00352891 -0.0117833 -0.0121911
internal_weight=0 5087 4871 1397 1162 235 216
internal_count=6484 5087 4871 1397 1162 235 216
is_linear=0
shrinkage=0.0926918


Tree=46
num_leaves=8
num_cat=0
split_feature=3 3 10 6 8 6 3
split_gain=5.66019 4.24464 4.15622 3.80109 2.40133 2.19428 1.20079
threshold=-0.80295671683158043 1.8826462319263106 -0.49565131576179672 1.0000000180025095e-35 1.0000000180025095e-35 1.0000000180025095e-35 -1.2285461919336529
decision_type=2 2 2 2 2 2 2
left_child=3 2 -2 4 -1 -3 -5
right_child=1 5 -4 6 -6 -7 -8
leaf_value=-0.0078953797925879979 -0.003257559297344525 0.034207982087277454 0.0022745703614548145 -0.048199734956468898 0.0016920570528023396 0.0073469356125699303 -0.013469819313205291
leaf_weight=539 1736 35 3477 18 321 259 99
leaf_count=539 1736 35 3477 18 321 259 99
internal_value=0 0.00104874 0.000385314 -0.00658764 -0.00405099 0.0118247 -0.022407
internal_weight=0 5507 5213 977 860 294 117
internal_count=6484 5507 5213 977 860 294 117
is_linear=0
shrinkage=0.0926918


Tree=47
num_leaves=7
num_cat=0
split_feature=1 1 7 9 0 7
split_gain=5.17314 5.75876 5.62929 1.57576 1.04503 0.196251
threshold=2.0852078700734293 -0.99925665689410559 -0.87072080682318653 -0.17061878105144468 -1.1768215511214797 -1.3142686757574265
decision_type=2 2 2 2 2 2
left_child=1 3 -3 -1 5 -2
right_child=4 2 -4 -5 -6 -7
leaf_value=0 0 -0.0044495077494450079 0.0029842988260745489 -0.0097070448679422959 -0.022019128743968528 -0.0074768160013891517
leaf_weight=211 34 1066 4427 545 94 107
leaf_count=211 34 1066 4427 545 94 107
internal_value=0 0.000414215 0.00149573 -0.00709148 -0.0134573 -0.00559228
internal_weight=0 6249 5493 756 235 141
internal_count=6484 6249 5493 756 235 141
is_linear=0
shrinkage=0.0926918


Tree=48
num_leaves=8
num_cat=0
split_feature=4 7 10 9 0 64 2
split_gain=4.37322 3.83698 3.11198 1.23872 0.685398 0.592225 0.0823997
threshold=-1.600408974919638 0.8188749622124295 -1.5695249415610688 0.32272481329068375 -0.86452768083360632 1.0000000180025095e-35 0.73133222133922948
decision_type=2 2 2 2 2 2 2
left_child=3 2 -2 4 -1 -3 -5
right_child=1 5 -4 6 -6 -7 -8
leaf_value=0 -0.013905982554043043 0.0045842381265937589 -0.001504755571444242 0 0.012633870701412548 -0.00084720327613271461 0.0033024150919604999
leaf_weight=50 183 1054 4572 133 308 120 64
leaf_count=50 183 1054 4572 133 308 120 64
internal_value=0 -0.000840477 -0.00204523 0.00772655 0.0110167 0.0038255 0.000448483
internal_weight=0 5929 4755 555 358 1174 197
internal_count=6484 5929 4755 555 358 1174 197
is_linear=0
shrinkage=0.0926918


Tree=49
num_leaves=7
num_cat=0
split_feature=1 1 142 9 10 4
split_gain=4.10038 4.94658 3.66626 1.14763 0.847228 0.667846
threshold=1.9919928395956741 -0.88202841491931638 1.0000000180025095e-35 -0.23047296712971863 0.039485329162484255 1.0153090894531054
decision_type=2 2 2 2 2 2
left_child=1 3 -3 -1 5 -2
right_child=4 2 -4 -5 -6 -7
leaf_value=0 -0.013405427474080862 0.0035133352347926821 -0.0015938147855671118 -0.0074501924060623777 0 0
leaf_weight=310 257 3315 1820 707 54 21
leaf_count=310 257 3315 1820 707 54 21
internal_value=0 0.000450722 0.00165698 -0.00538625 -0.0100499 -0.0120852
internal_weight=0 6152 5135 1017 332 278
internal_count=6484 6152 5135 1017 332 278
is_linear=0
shrinkage=0.0926918


Tree=50
num_leaves=5
num_cat=0
split_feature=3 3 1 3
split_gain=5.00783 4.26676 2.98313 1.96153
threshold=-1.3070737297034756 0.82229788804178916 1.6472344800162075 4.0695701836182971
decision_type=2 2 2 2
left_child=-1 2 -2 -3
right_child=1 3 -4 -5
leaf_value=-0.03746706079492515 -0.00011153688117041487 0.0046996952963317806 -0.0078698995141950976 0.024966311042408526
leaf_weight=26 5146 798 467 47
leaf_count=26 5146 798 467 47
internal_value=0 8.301e-05 -0.000805459 0.00623776
internal_weight=0 6458 5613 845
internal_count=6484 6458 5613 845
is_linear=0
shrinkage=0.0926918


Tree=51
num_leaves=8
num_cat=0
split_feature=3 3 10 6 4 6 4
split_gain=4.66038 3.03172 3.04518 2.99473 1.85426 1.47701 0.7463
threshold=-0.88575698130610891 2.4107164096579212 -0.49565131576179672 1.0000000180025095e-35 0.33024007259357724 1.0000000180025095e-35 0.8907510863877367
decision_type=2 2 2 2 2 2 2
left_child=3 2 -2 4 -1 -3 -5
right_child=1 5 -4 6 -6 -7 -8
leaf_value=0 -0.0026356225254895939 0.031578207488733842 0.0019308708289502814 -0.032324134783257803 -0.0094485451647488127 0.0059527002146462374 -0.0049608472473773538
leaf_weight=322 1863 32 3737 49 302 137 42
leaf_count=322 1863 32 3737 49 302 137 42
internal_value=0 0.000786462 0.000368205 -0.00712065 -0.00426656 0.0128921 -0.0230419
internal_weight=0 5769 5600 715 624 169 91
internal_count=6484 5769 5600 715 624 169 91
is_linear=0
shrinkage=0.0926918


Tree=52
num_leaves=8
num_cat=0
split_feature=3 6 0 0 142 0 7
split_gain=4.06933 4.95868 3.14779 3.82665 1.83443 1.80699 0.00457297
threshold=-0.63968676608509012 1.0000000180025095e-35 2.1419509471371261 -0.56979989662941155 1.0000000180025095e-35 -0.50150300826546423 0.49531729577218692
decision_type=2 2 2 2 2 2 2
left_child=1 4 3 -2 -1 -3 -4
right_child=2 5 6 -5 -6 -7 -8
leaf_value=0 -0.0020739350170561155 -0.0017823176434913965 -0.011065280683022455 0.0034818528645615787 -0.0088438253089915108 -0.024945046811203249 0
leaf_weight=1018 1510 69 161 3305 264 125 32
leaf_count=1018 1510 69 161 3305 264 125 32
internal_value=0 -0.00435019 0.00117806 0.00168972 -0.00201994 -0.0181416 -0.0101201
internal_weight=0 1476 5008 4815 1282 194 193
internal_count=6484 1476 5008 4815 1282 194 193
is_linear=0
shrinkage=0.0926918


Tree=53
num_leaves=5
num_cat=0
split_feature=3 3 0 6
split_gain=3.76396 3.16922 2.32221 1.89376
threshold=-1.3070737297034756 0.80125794593528266 -0.6160851039195081 -1.2000773943477034
decision_type=2 2 2 2
left_child=-1 2 -2 -3
right_child=1 3 -4 -5
leaf_value=-0.032492598310136636 -0.0036103569026410534 0.021839054781855376 0.00046886564238393121 0.0037085185372878692
leaf_weight=26 1681 57 3907 813
leaf_count=26 1681 57 3907 813
internal_value=0 5.6494e-05 -0.000717574 0.00527856
internal_weight=0 6458 5588 870
internal_count=6484 6458 5588 870
is_linear=0
shrinkage=0.0926918


Tree=54
num_leaves=8
num_cat=0
split_feature=1 0 1 2 27 7 0
split_gain=3.75543 3.89282 5.47194 1.25829 1.21162 0.712052 0.0103176
threshold=-1.3094978091596399 -0.61093174792908533 -0.29762001460719861 0.73133222133922948 1.0000000180025095e-35 -0.0097264539435758472 -0.075411545735811242
decision_type=2 2 2 2 2 2 2
left_child=3 4 -3 5 -2 -1 -5
right_child=1 2 -4 6 -6 -7 -8
leaf_value=-0.015758927217098328 -0.0030623634452560107 0.0068419462235478597 -0.00021820142767893736 0.00012714744917665725 0.017132900031133231 -0.0052202798515628927 -0.00074065540072838787
leaf_weight=155 1921 1456 2489 28 18 261 156
leaf_count=155 1921 1456 2489 28 18 261 156
internal_value=0 0.000628614 0.00233209 -0.00703854 -0.00271174 -0.00984447 0
internal_weight=0 5884 3945 600 1939 416 184
internal_count=6484 5884 3945 600 1939 416 184
is_linear=0
shrinkage=0.0926918


Tree=55
num_leaves=7
num_cat=0
split_feature=1 1 0 0 9 0
split_gain=3.27738 3.35453 4.54078 3.82229 1.17827 0.798382
threshold=-0.99925665689410559 1.6472344800162075 -1.1619104895119527 -1.1480061400807429 -0.473517237871796 0.098149671019710713
decision_type=2 2 2 2 2 2
left_child=4 2 -2 -3 -1 -6
right_child=1 3 -4 -5 5 -7
leaf_value=0.0045646826034372564 -0.0070716437321567795 0 0.0023655527262782601 -0.01488432024352551 -0.0012518559198165483 -0.0093240485902581875
leaf_weight=56 469 331 4692 236 234 466
leaf_count=56 469 331 4692 236 234 466
internal_value=0 0.000673835 0.0014562 -0.00598418 -0.00579802 -0.00699019
internal_weight=0 5728 5161 567 756 700
internal_count=6484 5728 5161 567 756 700
is_linear=0
shrinkage=0.0926918


Tree=56
num_leaves=8
num_cat=0
split_feature=0 1 1 2 2 7 2
split_gain=2.92582 3.24396 4.13951 0.923455 0.0811235 0.0780736 0.000338945
threshold=2.1419509471371261 -0.88202841491931638 -0.23780535722687982 0.73133222133922948 0.73133222133922948 1.5158661165555858 1.2230325659227597
decision_type=2 2 2 2 2 2 2
left_child=1 3 -3 -1 5 -2 -6
right_child=4 2 -4 -5 6 -7 -8
leaf_value=-0.0062488506996285177 -0.013572948123138754 0.0048060126627269759 -0.00059834897252733922 0 0 0 -0.001705139673404894
leaf_weight=715 136 1838 3413 302 30 20 30
leaf_count=715 136 1838 3413 302 30 20 30
internal_value=0 0.000286105 0.00125051 -0.00444288 -0.0105674 -0.0125344 -0.00123001
internal_weight=0 6268 5251 1017 216 156 60
internal_count=6484 6268 5251 1017 216 156 60
is_linear=0
shrinkage=0.0926918


Tree=57
num_leaves=8
num_cat=0
split_feature=3 0 3 6 8 4 4
split_gain=3.36038 3.00617 2.50839 2.30352 1.44531 0.551306 0.0144779
threshold=-0.89158342681252611 2.1419509471371261 1.4713639174566624 1.0000000180025095e-35 1.7245611169398913 0.8907510863877367 -0.043433936602528894
decision_type=2 2 2 2 2 2 2
left_child=3 2 -2 4 -1 -5 -3
right_child=1 6 -4 5 -6 -7 -8
leaf_value=-0.0051914734204766572 0.0004893059457457096 -0.0041581098361706198 0.0081217804682598566 -0.028777506002177357 0.010119906534615671 -0.0034810410518994243 -0.013719050081323824
leaf_weight=555 5183 110 404 47 45 40 100
leaf_count=555 5183 110 404 47 45 40 100
internal_value=0 0.000638865 0.00109016 -0.0061924 -0.00357978 -0.0205147 -0.0100204
internal_weight=0 5797 5587 687 600 87 210
internal_count=6484 5797 5587 687 600 87 210
is_linear=0
shrinkage=0.0926918


Tree=58
num_leaves=8
num_cat=0
split_feature=4 0 4 1 0 2 10
split_gain=3.11756 2.4188 2.59744 0.726717 0.818204 0.359898 0.0224787
threshold=-1.600408974919638 -1.4374711112469343 1.5135411017145803 -1.4746504513814278 -0.86452768083360632 0.73133222133922948 -0.71074293810292521
decision_type=2 2 2 2 2 2 2
left_child=3 5 -3 6 -5 -2 -1
right_child=1 2 -4 4 -6 -7 -8
leaf_value=-0.0034632383933994688 -0.012517689470498097 -0.00052141120700031018 0.019539859777998186 0 0.0099238316322377632 -0.00032610232058978003 0
leaf_weight=17 164 5641 51 143 371 73 24
leaf_count=17 164 5641 51 143 371 73 24
internal_value=0 -0.000713125 -0.000284035 0.00651943 0.00760092 -0.00982809 -0.00120574
internal_weight=0 5929 5692 555 514 237 41
internal_count=6484 5929 5692 555 514 237 41
is_linear=0
shrinkage=0.0926918


Tree=59
num_leaves=8
num_cat=0
split_feature=4 4 0 8 7 0 0
split_gain=2.67565 2.10184 2.19753 1.71102 0.866848 0.702564 0.383186
threshold=-0.72850295346205685 1.5135411017145803 -0.4356727177161786 0.4857909110167275 -0.77173502315396292 1.7384162026041736 -1.0990389986998057
decision_type=2 2 2 2 2 2 2
left_child=3 2 -2 5 -3 -1 -5
right_child=1 4 -4 6 -6 -7 -8
leaf_value=0.0019436393138346658 -0.0042353579387026689 0 0 0 0.021474018702963876 -0.0048444254563121776 0.0089920788655524341
leaf_weight=1324 1666 17 2900 25 43 125 384
leaf_count=1324 1666 17 2900 25 43 125 384
internal_value=0 -0.00127662 -0.00155751 0.00288064 0.0149872 0.00118036 0.00824689
internal_weight=0 4626 4566 1858 60 1449 409
internal_count=6484 4626 4566 1858 60 1449 409
is_linear=0
shrinkage=0.0926918


Tree=60
num_leaves=5
num_cat=0
split_feature=3 1 0 0
split_gain=3.08903 2.35561 2.95713 0.937653
threshold=-1.3070737297034756 -1.0403836196158547 -0.61093174792908533 0.098149671019710713
decision_type=2 2 2 2
left_child=-1 3 -3 -2
right_child=1 2 -4 -5
leaf_value=-0.029423995964771896 0 -0.002187218938483314 0.0022227301327349949 -0.0073729187003782311
leaf_weight=26 213 1931 3851 463
leaf_count=26 213 1931 3851 463
internal_value=0 6.52013e-05 0.000708149 -0.00505096
internal_weight=0 6458 5782 676
internal_count=6484 6458 5782 676
is_linear=0
shrinkage=0.0926918


Tree=61
num_leaves=8
num_cat=0
split_feature=3 6 4 5 5 10 3
split_gain=2.85582 4.13187 4.37258 2.40142 2.21898 1.53028 1.21891
threshold=-0.46256282269000792 1.0000000180025095e-35 0.8907510863877367 -1.5083116665592187 1.0000000180025095e-35 0.40232807375618029 4.0695701836182971
decision_type=2 2 2 2 2 2 2
left_child=1 5 -3 6 -5 -1 -2
right_child=3 2 -4 4 -6 -7 -8
leaf_value=-0.0030605239538508125 0.0065508850606028303 -0.022047726610759356 0 -0.0045136550282874124 0.0015947111923057982 0.0026328789168402525 0.033481772721112378
leaf_weight=1177 189 178 120 577 3647 576 20
leaf_count=1177 189 178 120 577 3647 576 20
internal_value=0 -0.00293069 -0.0130083 0.00124612 0.000699855 -0.00105204 0.0109151
internal_weight=0 2051 298 4433 4224 1753 209
internal_count=6484 2051 298 4433 4224 1753 209
is_linear=0
shrinkage=0.0926918


Tree=62
num_leaves=8
num_cat=0
split_feature=3 0 1 4 8 2 8
split_gain=2.59629 2.26664 2.26007 1.45385 0.618502 0.0918555 0.0145512
threshold=-1.0413230763274475 2.1419509471371261 2.1086645298674367 0.33024007259357724 1.4523546291228464 0.73133222133922948 0.19977361427271242
decision_type=2 2 2 2 2 2 2
left_child=3 2 -2 6 -5 -3 -1
right_child=1 5 -4 4 -6 -7 -8
leaf_value=0 0.001068555605811 -0.010621873294087272 -0.0086873898389374128 -0.015439247644289413 0 -9.8239590921863653e-05 0.0018999485426949249
leaf_weight=48 5806 155 203 161 22 59 30
leaf_count=48 5806 155 203 161 22 59 30
internal_value=0 0.000319158 0.000692861 -0.00903354 -0.0134945 -0.00887529 0
internal_weight=0 6223 6009 261 183 214 78
internal_count=6484 6223 6009 261 183 214 78
is_linear=0
shrinkage=0.0926918


Tree=63
num_leaves=5
num_cat=0
split_feature=3 4 20 0
split_gain=2.37437 2.13542 2.07767 0.63049
threshold=-1.3070737297034756 -1.600408974919638 1.0000000180025095e-35 1.1021000233502289
decision_type=2 2 2 2
left_child=-1 3 -3 -2
right_child=1 2 -4 -5
leaf_value=-0.025798241435233658 0.0069086717953053111 -0.00061491406841781833 0.019798784765003078 0
leaf_weight=26 471 5865 38 84
leaf_count=26 471 5865 38 84
internal_value=0 5.3376e-05 -0.000427692 0.00555752
internal_weight=0 6458 5903 555
internal_count=6484 6458 5903 555
is_linear=0
shrinkage=0.0926918


Tree=64
num_leaves=8
num_cat=0
split_feature=3 6 5 4 10 9 3
split_gain=2.25767 3.12374 2.18102 2.14161 1.68303 1.30734 1.11081
threshold=-0.63968676608509012 1.0000000180025095e-35 -1.5083116665592187 0.8907510863877367 -1.5908154332692577 0.94303183264733115 4.0695701836182971
decision_type=2 2 2 2 2 2 2
left_child=1 5 6 -3 -4 -1 -2
right_child=2 3 4 -5 -6 -7 -8
leaf_value=-9.7742559475050584e-05 0.0057836882904050329 -0.022386346234653215 -0.010808505445499952 0 0.0006844002221158595 -0.0097581310007988711 0.030812372519460778
leaf_weight=1144 237 112 106 82 4645 138 20
leaf_count=1144 237 112 106 82 4645 138 20
internal_value=0 -0.00324307 0.000874103 -0.0141997 0.000367532 -0.00135445 0.00915453
internal_weight=0 1476 5008 194 4751 1282 257
internal_count=6484 1476 5008 194 4751 1282 257
is_linear=0
shrinkage=0.0926918


Tree=65
num_leaves=7
num_cat=0
split_feature=4 27 0 8 0 0
split_gain=1.86162 1.94918 1.64211 1.23512 0.501268 0.320444
threshold=-0.72850295346205685 1.0000000180025095e-35 -1.4374711112469343 0.4857909110167275 1.7384162026041736 -0.018956211076381697
decision_type=2 2 2 2 2 2
left_child=3 2 -2 4 -1 -5
right_child=1 -3 -4 5 -6 -7
leaf_value=0.0016019513540155895 -0.0094632943467442502 0.020779616290249409 -0.00083026526884919611 0.0041177077515118839 -0.004090266876961548 0.012958588195304346
leaf_weight=1324 202 29 4395 309 125 100
leaf_count=1324 202 29 4395 309 125 100
internal_value=0 -0.0010602 -0.00127061 0.0024074 0.000935306 0.00697703
internal_weight=0 4626 4597 1858 1449 409
internal_count=6484 4626 4597 1858 1449 409
is_linear=0
shrinkage=0.0926918


Tree=66
num_leaves=8
num_cat=0
split_feature=1 1 0 1 2 0 0
split_gain=2.02813 2.3019 3.73272 2.43649 0.974593 0.579151 0.0381934
threshold=-1.0403836196158547 1.0632154057701528 -1.1619104895119527 1.152056399978411 0.73133222133922948 0.098149671019710713 -0.075411545735811242
decision_type=2 2 2 2 2 2 2
left_child=4 2 -2 -3 5 -1 -6
right_child=1 3 -4 -5 6 -7 -8
leaf_value=-0.00066726791895853072 -0.0062976330080688368 -0.030362913048837089 0.0022874435946813052 -0.0023655302646148364 0.0028716833985396525 -0.0095749792824116036 -8.5784740589849202e-05
leaf_weight=156 468 25 4321 992 35 314 173
leaf_count=156 468 25 4321 992 35 314 173
internal_value=0 0.000506847 0.00139343 -0.00342188 -0.00483143 -0.00715641 0
internal_weight=0 5806 4789 1017 678 470 208
internal_count=6484 5806 4789 1017 678 470 208
is_linear=0
shrinkage=0.0926918


Tree=67
num_leaves=8
num_cat=0
split_feature=3 0 1 5 3 9 4
split_gain=2.05414 2.10288 1.62603 1.33219 1.99738 0.866989 0.0323139
threshold=-0.80295671683158043 2.1419509471371261 0.6666353493441749 1.0000000180025095e-35 -1.2285461919336529 -0.31209231178190816 -0.043433936602528894
decision_type=2 2 2 2 2 2 2
left_child=3 2 -2 5 -5 -1 -3
right_child=1 6 -4 4 -6 -7 -8
leaf_value=0.00061659662741576893 0.0019827628300098698 -0.0027800284940089578 -0.001717422701178279 -0.038583715011587923 -0.0052121895920606131 -0.0049309843913903058 -0.011639833614428528
leaf_weight=377 4001 107 1300 20 129 451 99
leaf_count=377 4001 107 1300 20 129 451 99
internal_value=0 0.000629443 0.00102967 -0.00396988 -0.0122731 -0.00212918 -0.00833296
internal_weight=0 5507 5301 977 149 828 206
internal_count=6484 5507 5301 977 149 828 206
is_linear=0
shrinkage=0.0926918


Tree=68
num_leaves=8
num_cat=0
split_feature=1 1 4 7 7 7 1
split_gain=1.77157 2.27259 2.39348 2.1522 0.788636 0.381329 0.323834
threshold=-0.99925665689410559 -0.23780535722687982 1.6380991047799491 -0.12793317385399872 -0.032299867378429395 -0.40736863689764591 -1.3898700560703647
decision_type=2 2 2 2 2 2 2
left_child=4 3 -3 -2 5 -1 -6
right_child=1 2 -4 -5 6 -7 -8
leaf_value=-0.0012755178937302726 -0.00070821737976210222 -0.0011664227125000436 0.026424361319820795 0.0051455620853243381 -0.0029885264446942064 -0.012028806237639347 0.0017879043330942684
leaf_weight=105 785 3564 22 1357 393 152 106
leaf_count=105 785 3564 22 1357 393 152 106
internal_value=0 0.000479675 -0.000896828 0.00289223 -0.00427679 -0.00864772 -0.00149307
internal_weight=0 5728 3586 2142 756 257 499
internal_count=6484 5728 3586 2142 756 257 499
is_linear=0
shrinkage=0.0926918


Tree=69
num_leaves=8
num_cat=0
split_feature=2 2 1 9 9 1 9
split_gain=1.71093 2.66188 1.76974 0.655603 0.702894 0.312602 0.0163568
threshold=1.7147329105062896 1.2230325659227597 -1.0262262791895669 -1.0149255573979923 0.83420603977774366 2.1086645298674367 -1.4656457161995338
decision_type=2 2 2 2 2 2 2
left_child=1 2 -1 6 -5 -3 -2
right_child=3 5 -4 4 -6 -7 -8
leaf_value=-0.0052519156693814437 0 0.0057956275153044998 0.00012435687526620739 -0.010229532908779922 0 0 0.0023414480781689235
leaf_weight=577 20 743 4809 243 49 22 21
leaf_count=577 20 743 4809 243 49 22 21
internal_value=0 0.000275922 -0.000411363 -0.0064946 -0.00818528 0.0053981 0
internal_weight=0 6151 5386 333 292 765 41
internal_count=6484 6151 5386 333 292 765 41
is_linear=0
shrinkage=0.0926918


Tree=70
num_leaves=7
num_cat=0
split_feature=4 20 4 9 1 8
split_gain=1.64719 1.64333 1.63912 0.630335 0.483934 0.407477
threshold=-1.3512929687889004 1.0000000180025095e-35 1.5135411017145803 0.29823900989502566 0.098239496903565357 0.13395930514021495
decision_type=2 2 2 2 2 2
left_child=3 2 -2 4 -1 -5
right_child=1 -3 -4 5 -6 -7
leaf_value=0.0080818216571547398 -0.0010477830873671086 0.017016759197431713 0.013584299761330364 -0.00098572499958423775 0.00091149348577362693 0.0071151383933261824
leaf_weight=319 5502 39 60 283 222 59
leaf_count=319 5502 39 60 283 222 59
internal_value=0 -0.000655072 -0.000835905 0.00363882 0.00560945 0
internal_weight=0 5601 5562 883 541 342
internal_count=6484 5601 5562 883 541 342
is_linear=0
shrinkage=0.0926918


Tree=71
num_leaves=6
num_cat=0
split_feature=3 27 142 3 10
split_gain=1.89397 1.4556 1.67168 1.41288 1.43009
threshold=-0.29010003570005949 1.0000000180025095e-35 1.0000000180025095e-35 5.8278619608881916 -0.5446115982178622
decision_type=2 2 2 2 2
left_child=1 2 -1 4 -2
right_child=3 -3 -4 -5 -6
leaf_value=-0.00020046632834811687 -0.0013472942733174396 0.018803807011729796 -0.0050609777447149949 0.022656148987584415 0.0024203626525861185
leaf_weight=1681 1244 22 1058 23 2456
leaf_count=1681 1244 22 1058 23 2456
internal_value=0 -0.00188567 -0.00217028 0.00131435 0.00108911
internal_weight=0 2761 2739 3723 3700
internal_count=6484 2761 2739 3723 3700
is_linear=0
shrinkage=0.0926918


Tree=72
num_leaves=8
num_cat=0
split_feature=1 1 4 0 7 4 7
split_gain=1.44242 1.63006 1.9093 0.580952 0.468123 0.382232 0.0485436
threshold=2.1086645298674367 -0.88202841491931638 1.6380991047799491 -1.2584094930433321 1.1810673126265476 -0.35482894426595069 -0.73918195666201936
decision_type=2 2 2 2 2 2 2
left_child=1 4 -3 6 -1 -5 -2
right_child=3 2 -4 5 -6 -7 -8
leaf_value=-0.0039969705617870612 -0.0022623253343271765 0.00072459767506807696 0.024232210834293225 0 0.00041421575282600065 -0.017058063339616309 0
leaf_weight=869 100 5230 26 23 148 65 23
leaf_count=869 100 5230 26 23 148 65 23
internal_value=0 0.000214291 0.000907477 -0.0074924 -0.00312254 -0.013538 -0.000963361
internal_weight=0 6273 5256 211 1017 88 123
internal_count=6484 6273 5256 211 1017 88 123
is_linear=0
shrinkage=0.0926918


Tree=73
num_leaves=5
num_cat=0
split_feature=3 0 0 4
split_gain=1.64413 1.50652 1.52472 0.110943
threshold=-1.3070737297034756 2.1419509471371261 -0.56979989662941155 -0.043433936602528894
decision_type=2 2 2 2
left_child=-1 2 -2 -3
right_child=1 3 -4 -5
leaf_value=-0.021453361908733305 -0.0016230734535126845 -0.0020057779356388175 0.0014237016772083492 -0.010872712454244333
leaf_weight=26 2086 114 4156 102
leaf_count=26 2086 114 4156 102
internal_value=0 6.45504e-05 0.000366865 -0.00741468
internal_weight=0 6458 6242 216
internal_count=6484 6458 6242 216
is_linear=0
shrinkage=0.0926918


Tree=74
num_leaves=8
num_cat=0
split_feature=3 5 5 1 1 0 3
split_gain=1.59622 2.10928 1.48829 1.11474 1.26167 0.951302 0.546762
threshold=-0.57909173281835147 -1.5083116665592187 1.0000000180025095e-35 -0.087907746975454032 -1.0262262791895669 -0.48305764620531416 4.0695701836182971
decision_type=2 2 2 2 2 2 2
left_child=3 6 -3 4 -1 -5 -2
right_child=1 2 -4 5 -6 -7 -8
leaf_value=-0.0088409103619221628 0.0061074672682602709 -0.0033522659857299405 0.0011010263212065828 -0.0018446443889713528 0.0010988892676235119 -0.0094712832226157544 0.026499505910346513
leaf_weight=122 216 759 3827 471 776 293 20
leaf_count=122 216 759 3827 471 776 293 20
internal_value=0 0.00080754 0.00030938 -0.00251804 -2.56463e-05 -0.00511938 0.00930406
internal_weight=0 4822 4586 1662 898 764 236
internal_count=6484 4822 4586 1662 898 764 236
is_linear=0
shrinkage=0.0926918


Tree=75
num_leaves=8
num_cat=0
split_feature=3 0 5 128 3 8 7
split_gain=1.40383 1.52378 1.43604 1.43296 1.08582 0.849576 0.0380162
threshold=-0.89158342681252611 2.1419509471371261 1.0000000180025095e-35 1.0000000180025095e-35 -1.2285461919336529 1.0000000180025095e-35 0.49531729577218692
decision_type=2 2 2 2 2 2 2
left_child=2 3 5 -2 -4 -1 -3
right_child=1 6 4 -5 -6 -7 -8
leaf_value=-0.0046413218477695303 0.0014124166505987525 -0.0079110723019019443 -0.034070027727534175 -0.0027024263231544329 -0.0052148816359406788 0.0021522026924479546 0
leaf_weight=360 4764 175 20 823 86 221 35
leaf_count=360 4764 175 20 823 86 221 35
internal_value=0 0.00042934 -0.0039866 0.00076187 -0.0140146 -0.00165324 -0.00713145
internal_weight=0 5797 687 5587 106 581 210
internal_count=6484 5797 687 5587 106 581 210
is_linear=0
shrinkage=0.0926918


Tree=76
num_leaves=8
num_cat=0
split_feature=2 2 10 4 9 9 9
split_gain=1.37039 2.40664 1.31361 0.932399 0.556013 0.691763 0.0123602
threshold=1.7147329105062896 1.0000000180025095e-35 -1.3108691636570493 -0.66622395192937256 -1.0149255573979923 0.15223107112833081 -1.4656457161995338
decision_type=2 2 2 2 2 2 2
left_child=1 2 -1 -3 6 -6 -2
right_child=4 3 -4 -5 5 -7 -8
leaf_value=-0.0061786356337819428 0 0.0058176050234204279 -0.00040904882499691466 0.0012933880381694829 -0.011307072677194592 0 0.0020353922335727445
leaf_weight=387 20 656 3629 1479 168 124 21
leaf_count=387 20 656 3629 1479 168 124 21
internal_value=0 0.000262775 -0.00103085 0.00280459 -0.00579811 -0.00737355 0
internal_weight=0 6151 4016 2135 333 292 41
internal_count=6484 6151 4016 2135 333 292 41
is_linear=0
shrinkage=0.0926918


Tree=77
num_leaves=5
num_cat=0
split_feature=20 4 3 10
split_gain=1.26532 1.48231 3.39273 1.65003
threshold=1.0000000180025095e-35 -0.043433936602528894 5.8278619608881916 0.80275413579828625
decision_type=2 2 2 2
left_child=1 2 -1 -3
right_child=-2 3 -4 -5
leaf_value=0.0010410582425832728 0.015667282861548219 -0.0024582602398688048 0.03531852337639637 0.0020951503692726004
leaf_weight=2671 39 2919 21 834
leaf_count=2671 39 2919 21 834
internal_value=0 -0.000158679 0.00145715 -0.00138156
internal_weight=0 6445 2692 3753
internal_count=6484 6445 2692 3753
is_linear=0
shrinkage=0.0926918


Tree=78
num_leaves=5
num_cat=0
split_feature=27 3 6 2
split_gain=1.23565 1.41246 1.25223 1.17533
threshold=1.0000000180025095e-35 -0.20471023988934553 1.0000000180025095e-35 1.7147329105062896
decision_type=2 2 2 2
left_child=1 2 -1 -3
right_child=-2 3 -4 -5
leaf_value=-0.00052877321266921651 0.01768036808639141 0.0016007180045485929 -0.0052939646867367187 -0.0064399568319875918
leaf_weight=2490 29 3184 631 150
leaf_count=2490 29 3184 631 150
internal_value=0 -0.000126079 -0.00157494 0.00115906
internal_weight=0 6455 3121 3334
internal_count=6484 6455 3121 3334
is_linear=0
shrinkage=0.0926918


Tree=79
num_leaves=7
num_cat=0
split_feature=9 3 4 7 1 7
split_gain=1.26176 2.2718 1.5412 0.857711 0.387467 0.308959
threshold=-0.86710385541680335 -1.3070737297034756 1.6380991047799491 0.23155304760075571 -0.7835341027087761 0.033771819916034257
decision_type=2 2 2 2 2 2
left_child=3 -2 -3 5 -5 -1
right_child=1 2 -4 4 -6 -7
leaf_value=0.00093631485730482039 -0.028177730974344509 -0.0005111502705785172 0.019256135404372227 0 0.0069708382164757601 -0.0076412214118610679
leaf_weight=317 21 5633 29 41 407 36
leaf_count=317 21 5633 29 41 407 36
internal_value=0 -0.000519781 -0.000352139 0.00339835 0.00606929 0
internal_weight=0 5683 5662 801 448 353
internal_count=6484 5683 5662 801 448 353
is_linear=0
shrinkage=0.0926918


Tree=80
num_leaves=7
num_cat=0
split_feature=8 4 4 0 1 0
split_gain=1.17106 1.1601 1.17745 0.391726 0.377756 0.184637
threshold=2.3857813607672651 -1.600408974919638 1.5135411017145803 1.1021000233502289 -0.76547649088316427 0.32545969544942061
decision_type=2 2 2 2 2 2
left_child=1 3 -3 -1 -2 -6
right_child=4 2 -4 -5 5 -7
leaf_value=0.004933740061321734 0 -0.00081279314264529176 0.011573410700413192 0 0.012420377359701229 0
leaf_weight=459 21 5749 60 84 90 21
leaf_count=459 21 5749 60 84 90 21
internal_value=0 -0.00021532 -0.000634698 0.00380294 0.00845468 0.0106081
internal_weight=0 6352 5809 543 132 111
internal_count=6484 6352 5809 543 132 111
is_linear=0
shrinkage=0.0926918


Tree=81
num_leaves=8
num_cat=0
split_feature=3 6 4 10 1 2 2
split_gain=1.13115 1.95648 1.65346 1.15197 1.32821 1.02811 0.387762
threshold=-0.63968676608509012 1.0000000180025095e-35 0.8907510863877367 -1.5908154332692577 -0.80219094926834666 -0.2520684678278306 1.2230325659227597
decision_type=2 2 2 2 2 2 2
left_child=1 5 -3 6 -5 -1 -2
right_child=3 2 -4 4 -6 -7 -8
leaf_value=-0.0036502805184994761 -0.010654499083139661 -0.018042103088203278 0 -0.0019218868291068663 0.0017278312350025634 0.0014726562030727933 0
leaf_weight=600 95 112 82 1043 3853 682 17
leaf_count=600 95 112 82 1043 3853 682 17
internal_value=0 -0.00227495 -0.010937 0.000640399 0.000900563 -0.000744057 -0.00827092
internal_weight=0 1476 194 5008 4896 1282 112
internal_count=6484 1476 194 5008 4896 1282 112
is_linear=0
shrinkage=0.0926918


Tree=82
num_leaves=4
num_cat=0
split_feature=20 27 142
split_gain=1.07175 1.05153 1.24187
threshold=1.0000000180025095e-35 1.0000000180025095e-35 1.0000000180025095e-35
decision_type=2 2 2
left_child=1 2 -1
right_child=-2 -3 -4
leaf_value=0.0006826628604790694 0.014442817326153186 0.016117866330605257 -0.0019785557643626438
leaf_weight=4078 39 29 2338
leaf_count=4078 39 29 2338
internal_value=0 -0.000128489 -0.000250659
internal_weight=0 6445 6416
internal_count=6484 6445 6416
is_linear=0
shrinkage=0.0926918


Tree=83
num_leaves=7
num_cat=0
split_feature=1 3 0 7 7 64
split_gain=1.1039 1.1558 1.11997 0.678907 0.470776 0.122595
threshold=2.1086645298674367 2.4107164096579212 -1.4827037028285164 0.8188749622124295 -1.1177047557731543 1.0000000180025095e-35
decision_type=2 2 2 2 2 2
left_child=1 2 -1 -3 -2 -6
right_child=4 3 -4 -5 5 -7
leaf_value=-0.0074298097256381259 0 0.0011024036676715774 0.00020839189984016442 0.016897812441668533 -0.0098482945720079589 0
leaf_weight=165 47 112 5945 51 143 21
leaf_count=165 47 112 5945 51 143 21
internal_value=0 0.000204974 0 0.00779821 -0.00653919 -0.00886931
internal_weight=0 6273 6110 163 211 164
internal_count=6484 6273 6110 163 211 164
is_linear=0
shrinkage=0.0926918


Tree=84
num_leaves=8
num_cat=0
split_feature=2 2 3 128 10 10 8
split_gain=1.04039 1.96928 1.92865 0.735798 0.430337 0.819867 0.000404692
threshold=1.7147329105062896 1.0000000180025095e-35 3.5044697077792346 1.0000000180025095e-35 -0.4380592225812785 0.52993156268149189 -0.31680876076606762
decision_type=2 2 2 2 2 2 2
left_child=1 2 -1 -3 6 -6 -2
right_child=4 3 -4 -5 5 -7 -8
leaf_value=-0.0011859213394701932 -0.00023751690518891396 0.0032918032034861015 0.016953109957836589 -0.0011524162924868009 -0.012905462211659433 0 0
leaf_weight=3971 57 1839 45 296 111 101 64
leaf_count=3971 57 1839 45 296 111 101 64
internal_value=0 0.000261631 -0.000904028 0.00256298 -0.00502263 -0.00750896 0
internal_weight=0 6151 4016 2135 333 212 121
internal_count=6484 6151 4016 2135 333 212 121
is_linear=0
shrinkage=0.0926918


Tree=85
num_leaves=8
num_cat=0
split_feature=3 5 2 5 3 8 3
split_gain=0.990751 1.06497 0.876867 0.693971 1.22763 1.0206 0.577341
threshold=-0.80295671683158043 -1.5083116665592187 1.0000000180025095e-35 1.0000000180025095e-35 -1.2285461919336529 1.0000000180025095e-35 -0.57909173281835147
decision_type=2 2 2 2 2 2 2
left_child=3 6 -3 5 -5 -1 -2
right_child=1 2 -4 4 -6 -7 -8
leaf_value=-0.004019588230942785 0 -0.00076777127053222411 0.0017134439758615331 -0.029388888810121114 -0.0028928197844146669 0.0023849637032799928 0.0079604036157736868
leaf_weight=515 70 3280 1921 20 129 313 236
leaf_count=515 70 3280 1921 20 129 313 236
internal_value=0 0.000465435 0.000103549 -0.00273043 -0.00878136 -0.00131221 0.00575497
internal_weight=0 5507 5201 977 149 828 306
internal_count=6484 5507 5201 977 149 828 306
is_linear=0
shrinkage=0.0926918


Tree=86
num_leaves=7
num_cat=0
split_feature=0 1 1 3 3 2
split_gain=0.968212 1.1318 2.12052 0.431069 0.0859988 0.0355156
threshold=2.1419509471371261 -0.88202841491931638 -0.29762001460719861 -0.89158342681252611 -0.72973771830093781 0.73133222133922948
decision_type=2 2 2 2 2 2
left_child=1 3 -3 -1 -2 -6
right_child=4 2 -4 -5 5 -7
leaf_value=-0.0097741224280574711 0 0.0034880983818790217 -0.00045245573979238918 -0.0016945795314531969 -0.0077629407396619691 0
leaf_weight=77 18 1691 3560 940 147 51
leaf_count=77 18 1691 3560 940 147 51
internal_value=0 0.000189284 0.000773098 -0.00258139 -0.0060568 -0.00660227
internal_weight=0 6268 5251 1017 216 198
internal_count=6484 6268 5251 1017 216 198
is_linear=0
shrinkage=0.0926918


Tree=87
num_leaves=8
num_cat=0
split_feature=2 2 0 6 9 128 9
split_gain=0.936127 1.55579 0.903644 0.655381 0.67437 0.614322 0.288126
threshold=1.7147329105062896 1.2230325659227597 -1.4374711112469343 1.0000000180025095e-35 -0.26856199463407432 1.0000000180025095e-35 -0.56873980663268575
decision_type=2 2 2 2 2 2 2
left_child=1 2 -1 6 -5 -3 -2
right_child=3 5 -4 4 -6 -7 -8
leaf_value=-0.0058798236447488213 -0.0062169998430758582 0.005283451027582031 0 0 -0.014078458280776217 -0.00058729648273746107 0.0015900147848597768
leaf_weight=233 51 657 5153 66 92 108 124
leaf_count=233 51 657 5153 66 92 108 124
internal_value=0 0.000226145 -0.000289454 -0.00478427 -0.00906322 0.0041461 0
internal_weight=0 6151 5386 333 158 765 175
internal_count=6484 6151 5386 333 158 765 175
is_linear=0
shrinkage=0.0926918


Tree=88
num_leaves=4
num_cat=0
split_feature=20 27 3
split_gain=0.894505 0.884173 0.960192
threshold=1.0000000180025095e-35 1.0000000180025095e-35 -0.2544939798275101
decision_type=2 2 2
left_child=1 2 -1
right_child=-2 -3 -4
leaf_value=-0.0015244847159582319 0.01317338547982869 0.014748772237976614 0.00073503042573381085
leaf_weight=2895 39 29 3521
leaf_count=2895 39 29 3521
internal_value=0 -0.000132688 -0.000247705
internal_weight=0 6445 6416
internal_count=6484 6445 6416
is_linear=0
shrinkage=0.0926918


Tree=89
num_leaves=5
num_cat=0
split_feature=4 1 1 7
split_gain=0.916636 1.0629 1.26657 1.25433
threshold=1.6380991047799491 0.67912133107744543 -0.80219094926834666 0.36354811342607313
decision_type=2 2 2 2
left_child=1 2 -1 -3
right_child=-2 3 -4 -5
leaf_value=-0.001907143075943825 0.014789269893419816 -0.0008819150082155831 0.0013882314546090804 -0.0085290433365874663
leaf_weight=1325 31 1160 3726 242
leaf_count=1325 31 1160 3726 242
internal_value=0 -0.000112433 0.000475629 -0.00239525
internal_weight=0 6453 5051 1402
internal_count=6484 6453 5051 1402
is_linear=0
shrinkage=0.0926918


Tree=90
num_leaves=7
num_cat=0
split_feature=128 4 9 10 4 10
split_gain=0.854165 1.0161 1.07908 0.745285 0.473259 0.0736733
threshold=1.0000000180025095e-35 1.5135411017145803 -0.86710385541680335 -0.10162689072033688 0.2679610710608929 1.5503093943571031
decision_type=2 2 2 2 2 2
left_child=1 2 -1 4 -2 -5
right_child=3 -3 -4 5 -6 -7
leaf_value=0.0036440562987062369 -0.0001363546653179175 0.012527265962733063 -0.00021783007799838108 -0.0006420748242919979 -0.0082388594999699954 0.0027864329483013278
leaf_weight=699 168 55 4784 483 244 51
leaf_count=699 168 55 4784 483 244 51
internal_value=0 0.000409195 0.000233688 -0.00259685 -0.00554582 0
internal_weight=0 5538 5483 946 412 534
internal_count=6484 5538 5483 946 412 534
is_linear=0
shrinkage=0.0926918


Tree=91
num_leaves=6
num_cat=0
split_feature=0 3 0 4 8
split_gain=0.844132 1.01226 1.00946 0.704288 0.0734256
threshold=2.1419509471371261 -0.88575698130610891 -0.56979989662941155 1.0000000180025095e-35 -1.7127195483619528
decision_type=2 2 2 2 2
left_child=1 3 -3 -1 -2
right_child=4 2 -4 -5 -6
leaf_value=0 0 -0.0010824518903468508 0.0015258625849199029 -0.0055194023636855839 -0.0062608970101149857
leaf_weight=295 24 1829 3730 414 192
leaf_count=295 24 1829 3730 414 192
internal_value=0 0.000167329 0.000624617 -0.00306456 -0.00566353
internal_weight=0 6268 5559 709 216
internal_count=6484 6268 5559 709 216
is_linear=0
shrinkage=0.0926918


Tree=92
num_leaves=7
num_cat=0
split_feature=10 1 0 0 0 4
split_gain=0.800108 0.913593 1.57891 0.630902 0.368683 0.602866
threshold=-1.5908154332692577 -1.0403836196158547 -0.025624077391334096 0.098149671019710713 0.11439483071167932 0.57935607872431483
decision_type=2 2 2 2 2 2
left_child=4 3 -3 -2 -1 -6
right_child=1 2 -4 -5 5 -7
leaf_value=0 4.2129576412896766e-05 -0.00073870540145494913 0.0023511556424983871 -0.00513045516994084 -0.001257286754964907 -0.020511718829080382
leaf_weight=29 213 3267 2422 441 81 31
leaf_count=29 213 3267 2422 441 81 31
internal_value=0 0.000121763 0.000535693 -0.00309513 -0.00682325 -0.00923534
internal_weight=0 6343 5689 654 141 112
internal_count=6484 6343 5689 654 141 112
is_linear=0
shrinkage=0.0926918


Tree=93
num_leaves=8
num_cat=0
split_feature=2 2 3 128 142 10 10
split_gain=0.784868 1.2909 1.51858 0.500177 0.452825 1.95377 0.186808
threshold=1.7147329105062896 1.0000000180025095e-35 3.5044697077792346 1.0000000180025095e-35 1.0000000180025095e-35 0.17055361695106802 0.40232807375618029
decision_type=2 2 2 2 2 2 2
left_child=1 2 -1 -3 6 -6 -2
right_child=4 3 -4 -5 5 -7 -8
leaf_value=-0.00099204842259102439 -0.0032040484261757823 0.0026777463802098956 0.01509421335227947 -0.00089817035893870406 0 -0.022285190152458872 0.0015707811629571437
leaf_weight=3971 137 1839 45 296 73 50 73
leaf_count=3971 137 1839 45 296 73 50 73
internal_value=0 0.00020036 -0.000735273 0.0020696 -0.00438642 -0.00900348 -0.000434591
internal_weight=0 6151 4016 2135 333 123 210
internal_count=6484 6151 4016 2135 333 123 210
is_linear=0
shrinkage=0.0926918


Tree=94
num_leaves=8
num_cat=0
split_feature=4 10 3 7 0 0 7
split_gain=0.759199 0.805097 1.17415 0.690095 0.344401 0.449222 0.031873
threshold=-1.600408974919638 0.82724438948161783 -1.3070737297034756 -1.3142686757574265 1.1021000233502289 -0.86452768083360632 -0.62932102912994881
decision_type=2 2 2 2 2 2 2
left_child=4 2 -2 -3 5 -1 -6
right_child=1 3 -4 -5 6 -7 -8
leaf_value=0 -0.019937805494411955 0.008608679401436321 -0.00072739812026936324 0.00074840788122977836 0 0.0061630757702530034 -0.0021611259705521741
leaf_weight=143 24 119 4818 968 30 328 54
leaf_count=143 24 119 4818 968 30 328 54
internal_value=0 -0.000345158 -0.000890813 0.00186036 0.00322373 0.00429523 -3.05087e-06
internal_weight=0 5929 4842 1087 555 471 84
internal_count=6484 5929 4842 1087 555 471 84
is_linear=0
shrinkage=0.0926918


Tree=95
num_leaves=4
num_cat=0
split_feature=20 27 3
split_gain=0.735178 0.730696 0.780335
threshold=1.0000000180025095e-35 1.0000000180025095e-35 0.82229788804178916
decision_type=2 2 2
left_child=1 2 -1
right_child=-2 -3 -4
leaf_value=-0.00065388733386369951 0.011951674667545374 0.013407144880371971 0.0023373010949971412
leaf_weight=5572 39 29 844
leaf_count=5572 39 29 844
internal_value=0 -0.000113943 -0.000221847
internal_weight=0 6445 6416
internal_count=6484 6445 6416
is_linear=0
shrinkage=0.0926918


Tree=96
num_leaves=8
num_cat=0
split_feature=1 0 4 0 2 142 1
split_gain=0.740096 0.83124 0.943274 0.660042 0.385884 0.171898 0.0994029
threshold=2.0852078700734293 -1.4827037028285164 1.6380991047799491 -1.1768215511214797 0.73133222133922948 1.0000000180025095e-35 2.2333855058374676
decision_type=2 2 2 2 2 2 2
left_child=1 4 -3 6 -1 -5 -2
right_child=3 2 -4 5 -6 -7 -8
leaf_value=-0.0089056097148180347 0.00093950648642149748 0.00026857766156696499 0.017314515633063087 -0.013015395670876327 0 0 -0.0035478821566293727
leaf_weight=118 84 6059 24 74 48 20 57
leaf_count=118 84 6059 24 74 48 20 57
internal_value=0 0.000172452 0.00038815 -0.00507534 -0.0061294 -0.010958 0
internal_weight=0 6249 6083 235 166 94 141
internal_count=6484 6249 6083 235 166 94 141
is_linear=0
shrinkage=0.0926918


Tree=97
num_leaves=7
num_cat=0
split_feature=8 0 10 1 6 0
split_gain=0.744987 0.678507 0.711621 0.273212 0.106455 0.097378
threshold=2.3857813607672651 2.1419509471371261 0.82724438948161783 -0.62888078648141466 1.0000000180025095e-35 0.32545969544942061
decision_type=2 2 2 2 2 2
left_child=1 2 -1 -2 -3 -5
right_child=3 4 -4 5 -6 -7
leaf_value=-0.0004475940982379462 0 0 0.0021608569274164996 0.010736930086209608 -0.00733358915407906 0
leaf_weight=5048 35 92 1088 77 124 20
leaf_count=5048 35 92 1088 77 124 20
internal_value=0 -0.000165403 0 0.0067508 -0.00521634 0.00918498
internal_weight=0 6352 6136 132 216 97
internal_count=6484 6352 6136 132 216 97
is_linear=0
shrinkage=0.0926918


Tree=98
num_leaves=8
num_cat=0
split_feature=4 4 1 1 1 0 4
split_gain=0.653265 1.13615 0.808534 0.61082 1.15583 0.605766 0.144278
threshold=-0.043433936602528894 0.70391408178968351 -0.35307493108222271 -0.89983624721933431 -0.59369965955860637 1.8978442984202248 -0.23027094120058197
decision_type=2 2 2 2 2 2 2
left_child=3 5 -3 6 -5 -2 -1
right_child=1 2 -4 4 -6 -7 -8
leaf_value=-0.0026384914069236378 -0.0018837256548506426 0.0028747802747942841 -0.00082918086662463165 0.0071728099862998782 0.00078562991105032181 -0.0098185291144232238 0
leaf_weight=383 1739 847 1103 300 1954 103 55
leaf_count=383 1739 847 1103 300 1954 103 55
internal_value=0 -0.000803364 0.000660611 0.00108292 0.00175434 -0.00248014 -0.00181551
internal_weight=0 3792 1950 2692 2254 1842 438
internal_count=6484 3792 1950 2692 2254 1842 438
is_linear=0
shrinkage=0.0926918


Tree=99
num_leaves=8
num_cat=0
split_feature=2 2 10 6 9 3 9
split_gain=0.672145 1.11924 0.939873 0.583471 0.568713 0.450801 0.23319
threshold=1.7147329105062896 1.2230325659227597 -0.45810603321988369 1.0000000180025095e-35 0.15223107112833081 -1.0413230763274475 -0.56873980663268575
decision_type=2 2 2 2 2 2 2
left_child=1 2 -1 6 -5 -3 -2
right_child=3 5 -4 4 -6 -7 -8
leaf_value=-0.0019554885199913495 -0.0052991912324287169 -0.0040636248547122715 0.00060351259747917915 -0.012379678010156854 0 0.0041739670304109418 0.0018520824788177204
leaf_weight=1843 51 29 3543 96 62 736 124
leaf_count=1843 51 29 3543 96 62 736 124
internal_value=0 0.000202115 -0.000228806 -0.00404467 -0.00804902 0.00352912 0
internal_weight=0 6151 5386 333 158 765 175
internal_count=6484 6151 5386 333 158 765 175
is_linear=0
shrinkage=0.0926918


Tree=100
num_leaves=8
num_cat=0
split_feature=9 2 0 2 9 10 8
split_gain=0.61769 0.8195 0.770464 0.716031 0.554071 0.409619 0.228553
threshold=-1.0149255573979923 1.7147329105062896 -0.025624077391334096 1.0000000180025095e-35 0.15223107112833081 -0.48553191758323994 -1.2663557276187436
decision_type=2 2 2 2 2 2 2
left_child=2 3 5 -2 -3 -1 -4
right_child=1 4 6 -5 -6 -7 -8
leaf_value=0.0055058414597036536 -0.000837546512897561 -0.008476081589587783 0 0.0013628828496972496 0 -0.0014877475738106416 0.0075898130825238193
leaf_weight=89 3613 168 18 1943 124 303 226
leaf_count=89 3613 168 18 1943 124 303 226
internal_value=0 -0.000321424 0.00270928 -2.46307e-05 -0.00507575 0 0.00674811
internal_weight=0 5848 636 5556 292 392 244
internal_count=6484 5848 636 5556 292 392 244
is_linear=0
shrinkage=0.0926918


Tree=101
num_leaves=6
num_cat=0
split_feature=4 4 1 5 1
split_gain=0.633117 0.733369 0.971014 0.571798 0.544326
threshold=1.5135411017145803 -0.043433936602528894 0.24000104253919094 1.0000000180025095e-35 0.90132882593593744
decision_type=2 2 2 2 2
left_child=1 3 -3 -1 -2
right_child=4 2 -4 -5 -6
leaf_value=-0.00040372209417442723 0 0 -0.0031764350919962271 0.0021858372456640043 0.019409365337673002
leaf_weight=1133 38 2549 1183 1559 22
leaf_count=1133 38 2549 1183 1559 22
internal_value=0 -0.000113482 -0.000987011 0.00100866 0.00910382
internal_weight=0 6424 3732 2692 60
internal_count=6484 6424 3732 2692 60
is_linear=0
shrinkage=0.0926918


Tree=102
num_leaves=7
num_cat=0
split_feature=3 1 4 9 20 3
split_gain=0.654524 0.687656 0.875788 0.71224 0.589003 0.538881
threshold=-0.57909173281835147 0.25046069663981524 1.3889830986492115 0.94303183264733115 1.0000000180025095e-35 5.8278619608881916
decision_type=2 2 2 2 2 2
left_child=1 3 -3 -1 5 -2
right_child=4 2 -4 -5 -6 -7
leaf_value=0.0001966136074855554 0.00026668827858994387 -0.0064989345402275316 0.0076273136562453629 -0.0070059847559010586 0.012993400789228542 0.013492698738535668
leaf_weight=1144 4770 373 23 122 29 23
leaf_count=1144 4770 373 23 122 29 23
internal_value=0 -0.00159977 -0.00500424 -0.000332731 0.000530466 0.000392854
internal_weight=0 1662 396 1266 4822 4793
internal_count=6484 1662 396 1266 4822 4793
is_linear=0
shrinkage=0.0926918


Tree=103
num_leaves=8
num_cat=0
split_feature=1 10 0 7 0 4 3
split_gain=0.596728 0.889871 1.17083 0.493022 0.434601 0.390604 0.175182
threshold=-1.3094978091596399 -1.5908154332692577 -0.42641827424051454 -0.0097264539435758472 0.11439483071167932 0.57935607872431483 0.24904038849374324
decision_type=2 2 2 2 2 2 2
left_child=3 4 -3 5 -2 -1 -5
right_child=1 2 -4 6 -6 -7 -8
leaf_value=-0.0093602352141661984 0 -0.00091878472307254169 0.0017026910359007805 -0.0018657266171502756 -0.010639149500574055 0 0.0021082239277015902
leaf_weight=135 29 2587 3180 293 88 67 105
leaf_count=135 29 2587 3180 293 88 67 105
internal_value=0 0.000281549 0.000485602 -0.00277622 -0.00745021 -0.00655472 -0.000212583
internal_weight=0 5884 5767 600 117 202 398
internal_count=6484 5884 5767 600 117 202 398
is_linear=0
shrinkage=0.0926918


Tree=104
num_leaves=5
num_cat=0
split_feature=27 4 3 3
split_gain=0.582671 0.600422 2.12161 0.911793
threshold=1.0000000180025095e-35 -0.043433936602528894 5.8278619608881916 -1.3070737297034756
decision_type=2 2 2 2
left_child=1 2 -1 -3
right_child=-2 3 -4 -5
leaf_value=0.00059352235126761794 0.012157162073829574 -0.01799704722847504 0.027702621223554418 -0.00067202067551985583
leaf_weight=2671 29 23 21 3740
leaf_count=2671 29 23 21 3740
internal_value=0 -7.38509e-05 0.000940709 -0.00086324
internal_weight=0 6455 2692 3763
internal_count=6484 6455 2692 3763
is_linear=0
shrinkage=0.0926918


Tree=105
num_leaves=7
num_cat=0
split_feature=128 3 1 10 5 1
split_gain=0.562804 0.721623 0.696768 0.545215 0.230672 0.0289055
threshold=1.0000000180025095e-35 -1.3070737297034756 2.1373553597719206 -1.4069217920501065 1.0000000180025095e-35 0.27794679061685751
decision_type=2 2 2 2 2 2
left_child=1 -1 -3 5 -5 -2
right_child=3 2 -4 4 -6 -7
leaf_value=-0.013822003822535265 0 0.00069010206891887663 -0.0054200348594829646 -0.0033607671972621296 0 -0.013978217484639021
leaf_weight=25 17 5359 154 289 605 35
leaf_count=25 17 5359 154 289 605 35
internal_value=0 0.000352703 0.000471774 -0.00208837 -0.00121869 -0.0115045
internal_weight=0 5538 5513 946 894 52
internal_count=6484 5538 5513 946 894 52
is_linear=0
shrinkage=0.0926918


Tree=106
num_leaves=6
num_cat=0
split_feature=4 10 3 4 1
split_gain=0.549319 0.683749 0.750097 0.465243 0.434872
threshold=1.5135411017145803 -1.5908154332692577 1.8826462319263106 0.57935607872431483 0.90132882593593744
decision_type=2 2 2 2 2
left_child=1 3 -3 -1 -2
right_child=4 2 -4 -5 -6
leaf_value=-0.00012763613963043307 0 -0.00018249301530134148 0.0046675163625857375 -0.014924254788242922 0.017743089821892832
leaf_weight=97 38 6005 282 40 22
leaf_count=97 38 6005 282 40 22
internal_value=0 -0.000105236 4.09021e-07 -0.00647921 0.00848054
internal_weight=0 6424 6287 137 60
internal_count=6484 6424 6287 137 60
is_linear=0
shrinkage=0.0926918


Tree=107
num_leaves=6
num_cat=0
split_feature=20 4 4 128 2
split_gain=0.513357 0.520591 0.551201 0.246134 0.0398748
threshold=1.0000000180025095e-35 -1.600408974919638 1.5135411017145803 1.0000000180025095e-35 -0.2520684678278306
decision_type=2 2 2 2 2
left_child=1 3 -3 -1 -2
right_child=4 2 -4 -5 -6
leaf_value=0.0033490156735949991 0 -0.00051204792089413792 0.0079207396256503245 -0.00086144886378773308 0.013818445981647247
leaf_weight=508 19 5830 60 47 20
leaf_count=508 19 5830 60 47 20
internal_value=0 -8.7563e-05 -0.000379513 0.00256196 0.00999751
internal_weight=0 6445 5890 555 39
internal_count=6484 6445 5890 555 39
is_linear=0
shrinkage=0.0926918


Tree=108
num_leaves=6
num_cat=0
split_feature=8 2 2 10 142
split_gain=0.521883 0.520344 0.831491 0.433088 0.117197
threshold=2.3857813607672651 1.7147329105062896 1.2230325659227597 -0.29553820183638269 1.0000000180025095e-35
decision_type=2 2 2 2 2
left_child=1 2 -1 -3 -2
right_child=4 3 -4 -5 -6
leaf_value=-0.00034627339719259194 0.0068792730949026638 0 0.0029551880913857242 -0.0067055767696562098 0
leaf_weight=5292 109 139 741 180 23
leaf_count=5292 109 139 741 180 23
internal_value=0 -0.000133436 2.16685e-05 -0.00376231 0.00565584
internal_weight=0 6352 6033 319 132
internal_count=6484 6352 6033 319 132
is_linear=0
shrinkage=0.0926918


Tree=109
num_leaves=8
num_cat=0
split_feature=3 5 4 0 6 4 8
split_gain=0.497143 0.673541 0.930907 0.605898 0.572453 1.19718 0.574766
threshold=-0.80295671683158043 -1.5083116665592187 0.8907510863877367 2.1419509471371261 1.0000000180025095e-35 0.57935607872431483 1.7245611169398913
decision_type=2 2 2 2 2 2 2
left_child=4 2 -2 -3 6 -6 -1
right_child=1 3 -4 -5 5 -7 -8
leaf_value=-0.0017193945994814434 0.0003199696659673979 0.00028349105253521807 0.013104688911960427 -0.0048247351799786953 -0.020508886516505797 0 0.0066164443200803372
leaf_weight=794 227 4999 79 202 39 78 66
leaf_count=794 227 4999 79 202 39 78 66
internal_value=0 0.000332065 0.00453488 3.51455e-05 -0.00193187 -0.00814386 -0.000771708
internal_weight=0 5507 306 5201 977 117 860
internal_count=6484 5507 306 5201 977 117 860
is_linear=0
shrinkage=0.0926918


Tree=110
num_leaves=8
num_cat=0
split_feature=1 1 0 8 10 4 9
split_gain=0.517303 1.03244 3.23382 0.781177 0.353164 0.454902 0.162459
threshold=-0.88202841491931638 -0.39238467033693863 -1.1480061400807429 0.54768031008814 -1.1327692046632667 0.64163508025699911 0.092376885050056867
decision_type=2 2 2 2 2 2 2
left_child=4 2 -2 -3 6 -6 -1
right_child=1 3 -4 -5 5 -7 -8
leaf_value=0.0065625831205396766 -0.0051556095206223363 0.00023497913114411362 0.0050292923509871858 -0.0028943488140783704 -0.0042968918856500964 0 0
leaf_weight=35 329 3201 1100 837 559 328 95
leaf_count=35 329 3201 1100 837 559 328 95
internal_value=0 0.000349829 0.00250891 -0.000357229 -0.00192224 -0.00269961 0.00152013
internal_weight=0 5467 1429 4038 1017 887 130
internal_count=6484 5467 1429 4038 1017 887 130
is_linear=0
shrinkage=0.0926918


Tree=111
num_leaves=6
num_cat=0
split_feature=128 8 3 64 10
split_gain=0.450178 0.612513 0.58511 0.619857 0.244302
threshold=1.0000000180025095e-35 -1.5103088433863709 -1.3070737297034756 1.0000000180025095e-35 0.051837014115209003
decision_type=2 2 2 2 2
left_child=2 -2 -1 -4 -3
right_child=1 4 3 -5 -6
leaf_value=-0.012428513799620965 -0.015057030130171305 -0.0025361482801848933 0.00085911383391358467 -0.0018914194386425926 2.4646543081652305e-05
leaf_weight=25 28 507 4729 784 411
leaf_count=25 28 507 4729 784 411
internal_value=0 -0.00187107 0.00031206 0.000423463 -0.0011367
internal_weight=0 946 5538 5513 918
internal_count=6484 946 5538 5513 918
is_linear=0
shrinkage=0.0926918


Tree=112
num_leaves=8
num_cat=0
split_feature=1 0 0 1 7 7 4
split_gain=0.440376 0.495078 1.14062 0.440481 0.277914 0.235787 0.00636886
threshold=-1.6301706789812949 1.3193241507547926 -0.025624077391334096 -0.25660766067887936 0.14469525568662348 -0.40736863689764591 -0.79078195499474124
decision_type=2 2 2 2 2 2 2
left_child=4 2 -2 -3 5 -1 -6
right_child=1 3 -4 -5 6 -7 -8
leaf_value=0 -0.00047963463911429187 -0.0077758097228408825 0.002258526792426455 -0.00065872700631859735 0.00041974738172948119 -0.007672736841024483 -0.00071153144345843301
leaf_weight=43 3413 104 2027 626 57 132 82
leaf_count=43 3413 104 2027 626 57 132 82
internal_value=0 0.000157648 0.000497867 -0.00204008 -0.00337533 -0.00578801 0
internal_weight=0 6170 5440 730 314 175 139
internal_count=6484 6170 5440 730 314 175 139
is_linear=0
shrinkage=0.0926918


Tree=113
num_leaves=5
num_cat=0
split_feature=27 4 3 10
split_gain=0.44394 0.490137 1.7166 0.818282
threshold=1.0000000180025095e-35 -0.043433936602528894 5.8278619608881916 0.80275413579828625
decision_type=2 2 2 2
left_child=1 2 -1 -3
right_child=-2 3 -4 -5
leaf_value=0.00050985493950792059 0.010590441057069119 -0.0015739843753485184 0.024918148309467734 0.001601734014316316
leaf_weight=2671 29 2918 21 845
leaf_count=2671 29 2918 21 845
internal_value=0 -8.05975e-05 0.000831224 -0.000796445
internal_weight=0 6455 2692 3763
internal_count=6484 6455 2692 3763
is_linear=0
shrinkage=0.0926918


Tree=114
num_leaves=5
num_cat=0
split_feature=20 1 10 3
split_gain=0.431275 0.403707 0.54177 0.323684
threshold=1.0000000180025095e-35 -1.4181059499623079 -1.5908154332692577 0.24904038849374324
decision_type=2 2 2 2
left_child=1 3 -3 -1
right_child=-2 2 -4 -5
leaf_value=-0.003958968398954787 0.0091729957384059872 -0.0058369071686911458 0.00027552906541242846 0
leaf_weight=392 39 121 5809 123
leaf_count=392 39 121 5809 123
internal_value=0 -7.25033e-05 0.000106146 -0.0025713
internal_weight=0 6445 5930 515
internal_count=6484 6445 5930 515
is_linear=0
shrinkage=0.0926918


Tree=115
num_leaves=8
num_cat=0
split_feature=3 1 4 5 5 9 4
split_gain=0.416245 0.619336 0.603072 0.588162 0.854435 0.570438 0.54769
threshold=-0.63968676608509012 0.25046069663981524 1.0775880909857898 -1.5083116665592187 1.0000000180025095e-35 0.94303183264733115 0.76619308332236791
decision_type=2 2 2 2 2 2 2
left_child=1 5 -3 6 -5 -1 -2
right_child=3 2 -4 4 -6 -7 -8
leaf_value=0.00034683620143784199 6.518823659632562e-05 -0.006792693736458061 0.00032577065839496205 -0.0024814027267671098 0.00073858160340153347 -0.0068618618841902405 0.010700378533364504
leaf_weight=1030 170 283 66 851 3900 97 87
leaf_count=1030 170 283 66 851 3900 97 87
internal_value=0 -0.00137155 -0.00478523 0.000397235 0.000109794 -8.83414e-05 0.00470305
internal_weight=0 1476 349 5008 4751 1127 257
internal_count=6484 1476 349 5008 4751 1127 257
is_linear=0
shrinkage=0.0926918


Tree=116
num_leaves=8
num_cat=0
split_feature=1 1 7 3 3 7 8
split_gain=0.38174 1.54488 0.623417 0.511926 0.379209 0.470893 0.24986
threshold=-0.80219094926834666 -0.61908119810624518 1.2825148856879125 -0.46890717446366226 -0.93062061170552124 -0.026803931097112647 -1.0541978183909542
decision_type=2 2 2 2 2 2 2
left_child=4 2 -2 -3 5 -1 -6
right_child=1 3 -4 -5 6 -7 -8
leaf_value=-0.015100541639195379 0.007915567611909426 -0.0015491646042227083 0 0.0005172806197155939 -0.003506723911859703 0 0
leaf_weight=36 303 1481 141 3229 222 63 1009
leaf_count=36 303 1481 141 3229 222 63 1009
internal_value=0 0.000362519 0.00557002 -8.27672e-05 -0.00139625 -0.00709699 -0.000719803
internal_weight=0 5154 444 4710 1330 99 1231
internal_count=6484 5154 444 4710 1330 99 1231
is_linear=0
shrinkage=0.0926918


Tree=117
num_leaves=7
num_cat=0
split_feature=4 4 10 7 7 1
split_gain=0.413576 0.480005 0.85505 0.441098 0.44096 0.0667057
threshold=1.5135411017145803 -0.043433936602528894 0.80275413579828625 -0.77173502315396292 0.064452976870766412 0.10611719795300331
decision_type=2 2 2 2 2 2
left_child=1 4 -3 -2 -1 -5
right_child=3 2 -4 5 -6 -7
leaf_value=-3.0136532142616993e-05 0 -0.0015959835660374194 0.0016559932983100975 0 0.0022419628934464472 0.017528087196091804
leaf_weight=1582 17 2885 847 22 1110 21
leaf_count=1582 17 2885 847 22 1110 21
internal_value=0 -7.96092e-05 -0.000792941 0.007372 0.000820495 0.0123816
internal_weight=0 6424 3732 60 2692 43
internal_count=6484 6424 3732 60 2692 43
is_linear=0
shrinkage=0.0926918


Tree=118
num_leaves=8
num_cat=0
split_feature=2 2 1 64 8 4 4
split_gain=0.390448 0.771821 0.513725 0.387313 0.328617 0.38169 0.0870779
threshold=1.7147329105062896 1.0000000180025095e-35 -1.4746504513814278 1.0000000180025095e-35 -0.66707327027162255 -0.41710794579863503 -0.41710794579863503
decision_type=2 2 2 2 2 2 2
left_child=1 2 -1 -3 6 -6 -2
right_child=4 3 -4 -5 5 -7 -8
leaf_value=-0.0044003674776516332 0 0.0021325178350171743 -0.00018904612887374558 -0.00119960741041758 0 -0.0068358625414948341 0.003964946609014885
leaf_weight=278 21 1879 3738 256 75 194 43
leaf_count=278 21 1879 3738 256 75 194 43
internal_value=0 0.000168507 -0.000544641 0.00161974 -0.00306888 -0.00468364 0.000100028
internal_weight=0 6151 4016 2135 333 269 64
internal_count=6484 6151 4016 2135 333 269 64
is_linear=0
shrinkage=0.0926918


Tree=119
num_leaves=7
num_cat=0
split_feature=9 3 4 0 10 9
split_gain=0.380698 0.82028 0.553217 0.424715 0.360622 0.182501
threshold=-1.0149255573979923 -1.3070737297034756 1.6380991047799491 -0.025624077391334096 -0.48553191758323994 -1.8982282428561426
decision_type=2 2 2 2 2 2
left_child=3 -2 -3 4 -1 -5
right_child=1 2 -4 5 -6 -7
leaf_value=0.0052452156743796391 -0.01655470035909417 -0.00023676779769139794 0.011596571305009525 0 -0.0013029954873543109 0.0063074784354656905
leaf_weight=89 22 5797 29 44 303 200
leaf_count=89 22 5797 29 44 303 200
internal_value=0 -0.000243398 -0.000127778 0.00213646 0 0.00514172
internal_weight=0 5848 5826 636 392 244
internal_count=6484 5848 5826 636 392 244
is_linear=0
shrinkage=0.0926918


Tree=120
num_leaves=7
num_cat=0
split_feature=0 0 10 4 6 9
split_gain=0.366158 0.403113 0.419241 0.400518 0.105237 0.0827329
threshold=2.1419509471371261 -1.4120186564770938 -1.1127048858930995 1.5135411017145803 1.0000000180025095e-35 0.83420603977774366
decision_type=2 2 2 2 2 2
left_child=1 2 -1 -3 -2 -6
right_child=4 3 -4 -5 5 -7
leaf_value=0 0 0.00021507305036813347 -0.0058585835692165677 0.0082855344705724098 -0.0067427469840243472 0
leaf_weight=128 92 5904 185 51 98 26
leaf_count=128 92 5904 185 51 98 26
internal_value=0 0.000122893 -0.00302512 0.000330611 -0.00371878 -0.00554519
internal_weight=0 6268 313 5955 216 124
internal_count=6484 6268 313 5955 216 124
is_linear=0
shrinkage=0.0926918


Tree=121
num_leaves=5
num_cat=0
split_feature=20 27 1 2
split_gain=0.361798 0.366187 0.361995 0.0319983
threshold=1.0000000180025095e-35 1.0000000180025095e-35 1.6472344800162075 -0.2520684678278306
decision_type=2 2 2 2
left_child=1 2 -1 -2
right_child=3 -3 -4 -5
leaf_value=2.5791478825714407e-05 0 0.0094854899008854042 -0.0023937479291792833 0.011674035254747327
leaf_weight=5853 19 29 563 20
leaf_count=5853 19 29 563 20
internal_value=0 -6.38032e-05 -0.000150938 0.00840469
internal_weight=0 6445 6416 39
internal_count=6484 6445 6416 39
is_linear=0
shrinkage=0.0926918


Tree=122
num_leaves=8
num_cat=0
split_feature=4 0 4 1 8 1 8
split_gain=0.340273 0.365884 0.467132 0.311316 0.258296 0.199508 0.103738
threshold=-1.600408974919638 -1.4374711112469343 0.8284720848550523 1.6801231064576856 0.13395930514021495 -0.026084613740098298 -0.083505968162062086
decision_type=2 2 2 2 2 2 2
left_child=4 3 -3 -2 6 -6 -1
right_child=1 2 -4 -5 5 -7 -8
leaf_value=0.001161821100670483 -0.0062817946519655322 -0.00053312563738260391 0.0014071047757744446 0 0.0074655786186869017 0 -0.003153984568184711
leaf_weight=312 149 4285 1407 88 114 87 42
leaf_count=312 149 4285 1407 88 114 87 42
internal_value=0 -0.000203141 -1.0887e-05 -0.00374437 0.00218781 0.00488043 0
internal_weight=0 5929 5692 237 555 201 354
internal_count=6484 5929 5692 237 555 201 354
is_linear=0
shrinkage=0.0926918


Tree=123
num_leaves=7
num_cat=0
split_feature=128 40 64 8 9 8
split_gain=0.335965 0.496093 0.588766 0.474682 0.331578 0.254563
threshold=1.0000000180025095e-35 1.0000000180025095e-35 1.0000000180025095e-35 -1.5103088433863709 -0.35018133928626394 -0.33541499334807151
decision_type=2 2 2 2 2 2
left_child=1 2 -1 -2 -3 -5
right_child=3 4 -4 5 -6 -7
leaf_value=0.0012041263205965591 -0.013256978643062052 0.0006113573111629836 -0.0014768546687551779 0.00039684316293157483 -0.0028063870154838542 -0.0023355323622190911
leaf_weight=3871 28 229 785 388 653 530
leaf_count=3871 28 229 785 388 653 530
internal_value=0 0.000281321 0.000699905 -0.00160468 -0.00165137 -0.000925896
internal_weight=0 5538 4656 946 882 918
internal_count=6484 5538 4656 946 882 918
is_linear=0
shrinkage=0.0926918


Tree=124
num_leaves=8
num_cat=0
split_feature=0 3 64 29 2 9 3
split_gain=0.325211 0.739135 0.961541 0.496176 0.353492 0.332352 0.290136
threshold=1.3193241507547926 1.4713639174566624 1.0000000180025095e-35 1.0000000180025095e-35 0.73133222133922948 1.0545782703386573 1.5144148759207454
decision_type=2 2 2 2 2 2 2
left_child=1 3 -3 -1 5 -2 -6
right_child=4 2 -4 -5 6 -7 -8
leaf_value=0.00018578537551045674 -0.0042480878943477853 0.0064453126235628801 -0.0072118961802806894 -0.0036930997594765693 0.0027162757443473522 0 -0.0071231134919403629
leaf_weight=5104 455 309 32 295 187 84 18
leaf_count=5104 455 309 32 295 187 84 18
internal_value=0 0.000236956 0.00439393 0 -0.00181699 -0.0031631 0.000575908
internal_weight=0 5740 341 5399 744 539 205
internal_count=6484 5740 341 5399 744 539 205
is_linear=0
shrinkage=0.0926918


Tree=125
num_leaves=8
num_cat=0
split_feature=2 2 1 142 10 64 10
split_gain=0.328839 0.607287 0.437582 0.384231 1.50317 0.293302 0.118372
threshold=1.7147329105062896 1.0000000180025095e-35 -1.4746504513814278 1.0000000180025095e-35 0.17055361695106802 1.0000000180025095e-35 0.40232807375618029
decision_type=2 2 2 2 2 2 2
left_child=1 2 -1 6 -5 -3 -2
right_child=3 5 -4 4 -6 -7 -8
leaf_value=-0.0040288638943522196 -0.001926321994428438 0.00189430811188617 -0.0001409424098205021 0 -0.018597509220852428 -0.00092172175360919753 0.0025160565728784873
leaf_weight=278 137 1879 3738 73 50 256 73
leaf_count=278 137 1879 3738 73 50 256 73
internal_value=0 0.000153685 -0.000473748 -0.00281733 -0.00684557 0.00144388 0
internal_weight=0 6151 4016 333 123 2135 210
internal_count=6484 6151 4016 333 123 2135 210
is_linear=0
shrinkage=0.0926918


Tree=126
num_leaves=7
num_cat=0
split_feature=3 82 6 10 7 8
split_gain=0.313298 0.478151 0.898878 0.417784 0.71569 0.636553
threshold=-0.80295671683158043 1.0000000180025095e-35 1.0000000180025095e-35 -0.11173330873239094 0.78085188798934013 -0.051691147570482592
decision_type=2 2 2 2 2 2
left_child=1 2 -1 4 -2 -5
right_child=3 -3 -4 5 -6 -7
leaf_value=-0.00075205730496890558 -0.0014669986718036617 0.0094814709661660487 -0.010272005782584319 0.0023297803655976976 0.0023216856836283965 -0.000219679063218824
leaf_weight=853 1943 21 103 1569 511 1484
leaf_count=853 1943 21 103 1569 511 1484
internal_value=0 -0.00153576 -0.0020707 0.000261372 -0.00057815 0.00101406
internal_weight=0 977 956 5507 2454 3053
internal_count=6484 977 956 5507 2454 3053
is_linear=0
shrinkage=0.0926918


Tree=127
num_leaves=6
num_cat=0
split_feature=20 4 3 4 2
split_gain=0.306857 0.33781 1.38233 0.536474 0.0173919
threshold=1.0000000180025095e-35 -0.043433936602528894 5.8278619608881916 0.70391408178968351 -0.2520684678278306
decision_type=2 2 2 2 2
left_child=1 2 -1 -3 -2
right_child=4 3 -4 -5 -6
leaf_value=0.00038678593152265622 0 -0.0018149176024249535 0.022292283604602083 0.0003182985798683479 0.010582222054025644
leaf_weight=2671 19 1842 21 1911 20
leaf_count=2671 19 1842 21 1911 20
internal_value=0 -6.50704e-05 0.000684152 -0.000666155 0.00773281
internal_weight=0 6445 2692 3753 39
internal_count=6484 6445 2692 3753 39
is_linear=0
shrinkage=0.0926918


Tree=128
num_leaves=7
num_cat=0
split_feature=1 1 1 4 7 4
split_gain=0.302827 0.370896 1.16218 0.345419 0.316013 0.210966
threshold=2.1373553597719206 -0.80219094926834666 -0.61908119810624518 0.57935607872431483 -1.1177047557731543 -0.23027094120058197
decision_type=2 2 2 2 2 2
left_child=1 3 -3 -1 -2 -6
right_child=4 2 -4 -5 5 -7
leaf_value=-0.0024130066069041598 0 0.0050183453675790388 1.4687119514246156e-05 0.00032575139965384912 0 -0.0087718826959170236
leaf_weight=831 41 444 4525 499 57 87
leaf_count=831 41 444 4525 499 57 87
internal_value=0 0.000111709 0.000514011 -0.00120914 -0.00364766 -0.00593657
internal_weight=0 6299 4969 1330 185 144
internal_count=6484 6299 4969 1330 185 144
is_linear=0
shrinkage=0.0926918


Tree=129
num_leaves=5
num_cat=0
split_feature=27 4 3 3
split_gain=0.286534 0.303339 1.33496 0.724455
threshold=1.0000000180025095e-35 0.33024007259357724 5.8278619608881916 -1.0413230763274475
decision_type=2 2 2 2
left_child=1 2 -1 -3
right_child=-2 3 -4 -5
leaf_value=0.00031450367195816613 0.0085391486970267973 -0.0063734240757859356 0.021382579501163707 -0.00027735397204132632
leaf_weight=3158 29 182 22 3093
leaf_count=3158 29 182 22 3093
internal_value=0 -3.80675e-05 0.000566073 -0.000697399
internal_weight=0 6455 3180 3275
internal_count=6484 6455 3180 3275
is_linear=0
shrinkage=0.0926918


Tree=130
num_leaves=7
num_cat=0
split_feature=0 0 3 10 0 6
split_gain=0.289233 0.32981 0.633865 0.490873 0.0883903 0.0589547
threshold=2.1419509471371261 -0.61093174792908533 -1.3070737297034756 -0.84083197798138054 2.34076152148744 1.0000000180025095e-35
decision_type=2 2 2 2 2 2
left_child=1 3 -3 -1 5 -2
right_child=4 2 -4 -5 -6 -7
leaf_value=0.0020493042815760963 0 -0.01346103343631912 0.00074736111819530195 -0.0015974043014451412 0 -0.0058235158446782237
leaf_weight=343 66 21 4308 1596 47 103
leaf_count=343 66 21 4308 1596 47 103
internal_value=0 0.000126742 0.000609064 -0.000826223 -0.00328731 -0.00425503
internal_weight=0 6268 4329 1939 216 169
internal_count=6484 6268 4329 1939 216 169
is_linear=0
shrinkage=0.0926918


Tree=131
num_leaves=4
num_cat=0
split_feature=20 4 4
split_gain=0.272798 0.271113 0.338019
threshold=1.0000000180025095e-35 1.7626571078453179 0.33024007259357724
decision_type=2 2 2
left_child=1 2 -1
right_child=-2 -3 -4
leaf_value=0.00051523842978883495 0.007308024104330923 0.0097616472964987457 -0.00081317586140799568
leaf_weight=3180 39 19 3246
leaf_count=3180 39 19 3246
internal_value=0 -4.5682e-05 -0.000118793
internal_weight=0 6445 6426
internal_count=6484 6445 6426
is_linear=0
shrinkage=0.0926918


Tree=132
num_leaves=8
num_cat=0
split_feature=0 3 64 29 3 9 4
split_gain=0.274234 0.467529 0.805324 0.414164 0.282977 0.537274 0.339824
threshold=1.3193241507547926 1.4713639174566624 1.0000000180025095e-35 1.0000000180025095e-35 0.44966432876470802 -0.29032715320799124 0.2679610710608929
decision_type=2 2 2 2 2 2 2
left_child=1 3 -3 -1 6 -6 -2
right_child=4 2 -4 -5 5 -7 -8
leaf_value=0.0002134823897348951 0.0015119263667726683 0.0054791337940206727 -0.0070504758427320461 -0.0033314882682935962 0.00073161643503103467 -0.007469979200245707 -0.002960197056549597
leaf_weight=5104 299 309 32 295 37 158 250
leaf_count=5104 299 309 32 295 37 158 250
internal_value=0 0.000228727 0.00353431 0 -0.00165705 -0.00473784 -0.00010136
internal_weight=0 5740 341 5399 744 195 549
internal_count=6484 5740 341 5399 744 195 549
is_linear=0
shrinkage=0.0926918


Tree=133
num_leaves=7
num_cat=0
split_feature=8 2 2 6 1 0
split_gain=0.265505 0.27935 0.543 0.399653 0.163222 0.0324606
threshold=2.3857813607672651 1.7147329105062896 1.2230325659227597 1.0000000180025095e-35 -0.62888078648141466 0.32545969544942061
decision_type=2 2 2 2 2 2
left_child=1 2 -1 -3 -2 -6
right_child=4 3 -4 -5 5 -7
leaf_value=-0.00026353340371944187 0 0 0.0024018672088742714 -0.0061601443689768554 0.0069333714836264104 0
leaf_weight=5292 35 169 741 150 77 20
leaf_count=5292 35 169 741 150 77 20
internal_value=0 -7.74789e-05 2.592e-05 -0.00274254 0.00405169 0.00598897
internal_weight=0 6352 6033 319 132 97
internal_count=6484 6352 6033 319 132 97
is_linear=0
shrinkage=0.0926918


Tree=134
num_leaves=8
num_cat=0
split_feature=40 4 3 8 9 9 1
split_gain=0.255366 0.291206 1.17164 0.877566 0.265227 0.633893 0.0688481
threshold=1.0000000180025095e-35 0.70391408178968351 5.8278619608881916 0.54768031008814 -0.35018133928626394 -0.22321791427174628 -0.77573133315032838
decision_type=2 2 2 2 2 2 2
left_child=1 2 -1 -3 6 -6 -2
right_child=4 3 -4 -5 5 -7 -8
leaf_value=-0.00031872825206322376 0 0.0028535848102836051 0.0194856614694386 -0.001565914568049504 -0.01194992361855607 -0.0011077912417750326 0.0018430997507728644
leaf_weight=3964 43 1104 21 513 57 596 186
leaf_count=3964 43 1104 21 513 57 596 186
internal_value=0 0.000240609 -0.000132054 0.00130389 -0.00145207 -0.00249451 0.00048984
internal_weight=0 5602 3985 1617 882 653 229
internal_count=6484 5602 3985 1617 882 653 229
is_linear=0
shrinkage=0.0926918


Tree=135
num_leaves=8
num_cat=0
split_feature=128 2 2 6 1 1 0
split_gain=0.26928 0.388527 0.715281 0.686889 0.185091 0.139499 0.0481876
threshold=1.0000000180025095e-35 -0.2520684678278306 -0.74376881241136061 1.0000000180025095e-35 -0.44447991341312282 -0.10736583252079449 -1.2916859795066726
decision_type=2 2 2 2 2 2 2
left_child=1 2 -1 -3 6 -6 -2
right_child=4 3 -4 -5 5 -7 -8
leaf_value=0.00017039609051960726 -0.0019681671016187449 0.0024632882481753059 -0.0034942337292950083 -0.00029198728598717297 -0.0057708858366143393 -0.0010372574778237664 0.0008342889727302016
leaf_weight=2158 52 1450 546 1384 122 497 275
leaf_count=2158 52 1450 546 1384 122 497 275
internal_value=0 0.000249629 -0.000486208 0.00103541 -0.00143889 -0.00238873 0
internal_weight=0 5538 2704 2834 946 619 327
internal_count=6484 5538 2704 2834 946 619 327
is_linear=0
shrinkage=0.0926918


Tree=136
num_leaves=8
num_cat=0
split_feature=1 1 8 8 2 1 83
split_gain=0.256085 1.0261 0.3838 0.229147 0.185187 0.170333 0.0984415
threshold=-0.80219094926834666 -0.64729591644174367 1.4523546291228464 1.1743380641023295 -0.2520684678278306 -0.99925665689410559 1.0000000180025095e-35
decision_type=2 2 2 2 2 2 2
left_child=4 3 -3 -2 6 -6 -1
right_child=1 2 -4 -5 5 -7 -8
leaf_value=-0.0026100337631497746 0.0066638115422308934 -0.00034406786591535828 0.0024466706090151774 0 -0.0013407311908569136 0.0015685895958459299 0
leaf_weight=612 248 4327 461 118 398 296 24
leaf_count=612 248 4327 461 118 398 296 24
internal_value=0 0.000290859 -2.34831e-05 0.00499566 -0.00114959 0 -0.00228841
internal_weight=0 5154 4788 366 1330 694 636
internal_count=6484 5154 4788 366 1330 694 636
is_linear=0
shrinkage=0.0926918


Tree=137
num_leaves=8
num_cat=0
split_feature=3 10 9 8 8 1 2
split_gain=0.259033 0.409316 0.436368 0.341096 0.353386 0.228197 0.119943
threshold=-0.57909173281835147 0.80275413579828625 -0.90156535649217218 -1.5785784130298077 -0.28837460870093629 -1.3663374120410585 -0.74376881241136061
decision_type=2 2 2 2 2 2 2
left_child=1 2 -1 5 -5 -2 -3
right_child=3 6 -4 4 -6 -7 -8
leaf_value=0.00088276828314414618 0 0 -0.0026996592442948158 0.0015284075856033424 -4.4601173393720181e-05 -0.0058959143018030213 0.0031514486866329031
leaf_weight=278 29 127 1072 1851 2827 115 185
leaf_count=278 29 127 1072 1851 2827 115 185
internal_value=0 -0.00099616 -0.00178533 0.00034416 0.000527757 -0.00384558 0.00164119
internal_weight=0 1662 1350 4822 4678 144 312
internal_count=6484 1662 1350 4822 4678 144 312
is_linear=0
shrinkage=0.0926918


Tree=138
num_leaves=8
num_cat=0
split_feature=1 0 0 1 0 1 3
split_gain=0.245818 2.65558 1.227 0.748001 0.477193 0.42027 0.275958
threshold=1.6472344800162075 -1.1480061400807429 -1.1619104895119527 2.1373553597719206 1.3193241507547926 -0.62888078648141466 1.5849148665483928
decision_type=2 2 2 2 2 2 2
left_child=2 3 5 -2 -4 -1 -3
right_child=1 6 4 -5 -6 -7 -8
leaf_value=-0.0004347084425595185 0.0066739348625238669 -0.01055357020550127 0.00099804990913768374 -0.0011044411560968688 -0.0014268550370072103 -0.0070768752303243315 0
leaf_weight=255 203 212 4679 128 744 239 24
leaf_count=255 203 212 4679 128 744 239 24
internal_value=0 -0.00183488 0.000177915 0.00298143 0.000620479 -0.00416259 -0.00950875
internal_weight=0 567 5917 331 5423 494 236
internal_count=6484 567 5917 331 5423 494 236
is_linear=0
shrinkage=0.0926918


Tree=139
num_leaves=7
num_cat=0
split_feature=109 2 6 2 1 0
split_gain=0.241964 0.32843 0.439409 0.351642 0.130321 0.0638998
threshold=1.0000000180025095e-35 1.7147329105062896 1.0000000180025095e-35 1.2230325659227597 0.82437246980251744 -1.1480061400807429
decision_type=2 2 2 2 2 2
left_child=1 3 -3 -1 5 -2
right_child=4 2 -4 -5 -6 -7
leaf_value=-0.00021805212704607661 0 0 -0.0065462807555428919 0.0019295024803348212 0 0.0049228105766725115
leaf_weight=5242 17 170 151 740 17 147
leaf_count=5242 17 170 151 740 17 147
internal_value=0 -0.000107499 -0.00298126 9.046e-06 0.00328729 0.00430527
internal_weight=0 6303 321 5982 181 164
internal_count=6484 6303 321 5982 181 164
is_linear=0
shrinkage=0.0926918


Tree=140
num_leaves=8
num_cat=0
split_feature=1 1 4 7 10 4 0
split_gain=0.243016 0.832561 0.476528 0.466436 0.356204 0.501394 0.143373
threshold=-0.80219094926834666 -0.61908119810624518 0.9530300879204211 1.2825148856879125 -1.1327692046632667 0.57935607872431483 0.84537818863683711
decision_type=2 2 2 2 2 2 2
left_child=4 3 -3 -2 6 -6 -1
right_child=1 2 -4 -5 5 -7 -8
leaf_value=0.0054663443809928576 0.0061279768219875711 -0.00049509236370822839 0.0020210478430484988 0 -0.0033493179151744355 0.00011368543978532451 0
leaf_weight=69 303 3948 762 141 716 469 76
leaf_count=69 303 3948 762 141 716 469 76
internal_value=0 0.000277647 -3.58326e-05 0.00410088 -0.00112537 -0.00178308 0.00254399
internal_weight=0 5154 4710 444 1330 1185 145
internal_count=6484 5154 4710 444 1330 1185 145
is_linear=0
shrinkage=0.0926918


Tree=141
num_leaves=8
num_cat=0
split_feature=128 10 4 4 9 4 7
split_gain=0.231146 0.370246 0.366694 0.361801 0.257325 0.161494 0.114062
threshold=1.0000000180025095e-35 -1.4069217920501065 -1.7249669779850065 1.5135411017145803 -0.090813199613749077 0.76619308332236791 -0.335278028989004
decision_type=2 2 2 2 2 2 2
left_child=2 6 4 -4 -1 -3 -2
right_child=1 5 3 -5 -6 -7 -8
leaf_value=0.0058374061348147798 0 0 -6.48700308258324e-05 0.0071948947063595545 0 -0.0024267671974483019 -0.014724955758850843
leaf_weight=161 31 611 5100 55 222 283 21
leaf_count=161 31 611 5100 55 222 283 21
internal_value=0 -0.00133859 0.0002258 0 0.00297602 -0.000583934 -0.00899086
internal_weight=0 946 5538 5155 383 894 52
internal_count=6484 946 5538 5155 383 894 52
is_linear=0
shrinkage=0.0926918


Tree=142
num_leaves=8
num_cat=0
split_feature=0 7 1 7 10 2 9
split_gain=0.235145 0.294473 0.444932 0.331081 0.278044 0.108557 0.021876
threshold=-1.5495239125722542 -1.6281444700947179 1.6801231064576856 -1.9152441011809629 -1.3242951837861452 0.73133222133922948 1.0373475198009727
decision_type=2 2 2 2 2 2 2
left_child=4 3 -3 -2 6 -6 -1
right_child=1 2 -4 -5 5 -7 -8
leaf_value=0.0019658767213825926 0 0.00019206351082748271 -0.0029203669334083408 0.0061265037948877357 -0.008048291293444778 0 0
leaf_weight=44 61 5682 419 140 77 32 29
leaf_count=44 61 5682 419 140 77 32 29
internal_value=0 9.25991e-05 0 0.00354494 -0.00324581 -0.0061908 0
internal_weight=0 6302 6101 201 182 109 73
internal_count=6484 6302 6101 201 182 109 73
is_linear=0
shrinkage=0.0926918


Tree=143
num_leaves=8
num_cat=0
split_feature=40 128 4 8 4 0 4
split_gain=0.223187 0.311213 0.425319 0.340209 0.281748 0.236942 0.123448
threshold=1.0000000180025095e-35 1.0000000180025095e-35 0.8284720848550523 -1.5103088433863709 0.33024007259357724 0.11439483071167932 -1.102176962658163
decision_type=2 2 2 2 2 2 2
left_child=1 2 -1 -3 6 -6 -2
right_child=4 3 -4 -5 5 -7 -8
leaf_value=2.5153913500015714e-05 -0.0013667677616584343 -0.011110079891065976 0.0022488712605298875 -0.00063055482821019701 -0.00024341217515955443 -0.0053099159583147185 0.0018529961348657047
leaf_weight=3652 132 28 1004 918 308 212 230
leaf_count=3652 132 28 1004 918 308 212 230
internal_value=0 0.000209993 0.000557616 -0.00124434 -0.00137256 -0.00279239 2.57777e-05
internal_weight=0 5602 4656 946 882 520 362
internal_count=6484 5602 4656 946 882 520 362
is_linear=0
shrinkage=0.0926918


Tree=144
num_leaves=5
num_cat=0
split_feature=27 4 5 5
split_gain=0.209142 0.274138 0.517852 0.408955
threshold=1.0000000180025095e-35 0.33024007259357724 -1.5083116665592187 -1.5083116665592187
decision_type=2 2 2 2
left_child=1 3 -3 -1
right_child=-2 2 -4 -5
leaf_value=-0.0028545856651244726 0.0072746790069714851 0.0032195160141310435 -0.0010656895069362051 0.00088956518952306286
leaf_weight=247 29 237 3038 2933
leaf_count=247 29 237 3038 2933
internal_value=0 -5.12529e-05 -0.000678729 0.0005201
internal_weight=0 6455 3275 3180
internal_count=6484 6455 3275 3180
is_linear=0
shrinkage=0.0926918


Tree=145
num_leaves=8
num_cat=0
split_feature=0 7 1 7 7 8 4
split_gain=0.203091 0.382164 0.491536 0.245813 0.184019 0.124706 0.0826807
threshold=-1.4374711112469343 -1.6281444700947179 1.6801231064576856 -1.8236928272396502 -1.9152441011809629 -0.26264214297515304 1.1398670925184742
decision_type=2 2 2 2 2 2 2
left_child=3 4 -3 6 -2 -5 -1
right_child=1 2 -4 5 -6 -7 -8
leaf_value=-0.0092463103897728986 0 0.0002020537041093435 -0.003164952344815257 0.00034810901447495182 0.0063676542347363488 -0.00479661485353154 0
leaf_weight=48 55 5631 394 173 117 41 25
leaf_count=48 55 5631 394 173 117 41 25
internal_value=0 0.000104227 0 -0.00239838 0.00435552 0 -0.0069866
internal_weight=0 6197 6025 287 172 214 73
internal_count=6484 6197 6025 287 172 214 73
is_linear=0
shrinkage=0.0926918


Tree=146
num_leaves=8
num_cat=0
split_feature=3 7 1 0 10 8 0
split_gain=0.223887 0.518092 0.376235 0.31539 0.303761 0.500806 0.385908
threshold=-0.80295671683158043 -0.93386472081311489 -1.4899330483918651 -0.8750545679283851 -1.5908154332692577 0.37037045735105317 -0.56979989662941155
decision_type=2 2 2 2 2 2 2
left_child=1 3 -3 -1 5 -2 -6
right_child=4 2 -4 -5 6 -7 -8
leaf_value=0 0 -0.0079547691395870802 0.00019343921029865924 -0.010868415992815695 -0.00070348113393463839 -0.014290707268012509 0.00093077672683033823
leaf_weight=96 92 46 765 70 1717 27 3671
leaf_count=96 92 46 765 70 1717 27 3671
internal_value=0 -0.00129849 -1.8788e-05 -0.00598207 0.000220702 -0.00417747 0.000365588
internal_weight=0 977 811 166 5507 119 5388
internal_count=6484 977 811 166 5507 119 5388
is_linear=0
shrinkage=0.0926918


Tree=147
num_leaves=8
num_cat=0
split_feature=3 6 3 1 10 1 2
split_gain=0.198996 0.851249 0.901202 0.439658 0.467905 0.424298 0.407738
threshold=-0.2544939798275101 1.0000000180025095e-35 -0.346292865695283 -0.8168876965245242 0.39325191872725479 -0.29762001460719861 -0.2520684678278306
decision_type=2 2 2 2 2 2 2
left_child=1 6 -3 4 -2 -5 -1
right_child=3 2 -4 5 -6 -7 -8
leaf_value=-0.0010657921796903087 0 -0.0061846267892485436 0.0012573064813158146 0.0028843644076053387 -0.0055395862541641194 0.00018947930241669419 0.0013306807411701514
leaf_weight=1153 519 409 138 773 178 2075 1239
leaf_count=1153 519 409 138 773 178 2075 1239
internal_value=0 -0.000584032 -0.00387985 0.000445873 -0.0015027 0.00100805 7.61504e-05
internal_weight=0 2939 547 3545 697 2848 2392
internal_count=6484 2939 547 3545 697 2848 2392
is_linear=0
shrinkage=0.0926918


Tree=148
num_leaves=5
num_cat=0
split_feature=4 10 8 3
split_gain=0.202639 0.256196 0.478004 0.259609
threshold=1.7626571078453179 -1.5908154332692577 0.37037045735105317 -1.0650820263369483
decision_type=2 2 2 2
left_child=1 2 -1 -3
right_child=-2 3 -4 -5
leaf_value=0 0.0085460909187564972 -0.0031676853077055411 -0.013320781241639349 0.00014958682724182542
leaf_weight=109 19 204 31 6121
leaf_count=109 19 204 31 6121
internal_value=0 -4.80264e-05 -0.00391431 2.66215e-06
internal_weight=0 6465 140 6325
internal_count=6484 6465 140 6325
is_linear=0
shrinkage=0.0926918


Tree=149
num_leaves=6
num_cat=0
split_feature=20 4 3 3 2
split_gain=0.190392 0.210182 0.918486 0.454474 0.0229981
threshold=1.0000000180025095e-35 0.33024007259357724 5.8278619608881916 -1.0413230763274475 -0.2520684678278306
decision_type=2 2 2 2 2
left_child=1 2 -1 -3 -2
right_child=4 3 -4 -5 -6
leaf_value=0.00021378579973659387 0 -0.0051342076196651595 0.017706646354266314 -0.00026037225120226676 0.0085753985050676957
leaf_weight=3158 19 182 22 3083 20
leaf_count=3158 19 182 22 3083 20
internal_value=0 -5.82751e-05 0.000435308 -0.000611912 0.00608174
internal_weight=0 6445 3180 3265 39
internal_count=6484 6445 3180 3265 39
is_linear=0
shrinkage=0.0926918


Tree=150
num_leaves=8
num_cat=0
split_feature=0 3 0 3 64 7 27
split_gain=0.18965 0.585728 0.544111 0.334031 0.643315 0.235524 0.184994
threshold=1.6665776075718222 1.4713639174566624 1.979449200446284 1.4713639174566624 1.0000000180025095e-35 -0.94582251738764833 1.0000000180025095e-35
decision_type=2 2 2 2 2 2 2
left_child=3 5 -3 6 -5 -2 -1
right_child=1 2 -4 4 -6 -7 -8
leaf_value=-9.671104903489812e-05 -0.0043292694533173769 -0.02280038636297229 0 0.0044630734227889025 -0.0063984243429875236 0.0006997955672217777 0.0067613687388773944
leaf_weight=5663 96 17 27 342 34 276 29
leaf_count=5663 96 17 27 342 34 276 29
internal_value=0 -0.00191286 -0.0116243 0.000121951 0.00278819 -1.8753e-06 -1.44182e-05
internal_weight=0 416 44 6068 376 372 5692
internal_count=6484 416 44 6068 376 372 5692
is_linear=0
shrinkage=0.0926918


Tree=151
num_leaves=8
num_cat=0
split_feature=1 2 2 6 128 1 10
split_gain=0.187647 0.290154 0.268909 0.423552 0.318231 0.25992 0.0240905
threshold=-1.6301706789812949 0.73133222133922948 1.7147329105062896 1.0000000180025095e-35 1.0000000180025095e-35 -1.6526928974053006 -0.77674587731300926
decision_type=2 2 2 2 2 2 2
left_child=1 5 4 -4 -2 -1 -3
right_child=2 6 3 -5 -6 -7 -8
leaf_value=-0.0017420192930771078 0.00059469766982464295 0 0 -0.0060336017559835991 -0.0012814756637341725 -0.016188926934225814 0.0016328230458628123
leaf_weight=196 4996 28 167 148 859 17 73
leaf_count=196 4996 28 167 148 859 17 73
internal_value=0 -0.00220736 9.83235e-05 -0.00244928 0.000277929 -0.00431143 0
internal_weight=0 314 6170 315 5855 213 101
internal_count=6484 314 6170 315 5855 213 101
is_linear=0
shrinkage=0.0926918


Tree=152
num_leaves=5
num_cat=0
split_feature=4 109 3 1
split_gain=0.179127 0.188039 0.235332 0.10873
threshold=1.6380991047799491 1.0000000180025095e-35 -0.88575698130610891 0.82437246980251744
decision_type=2 2 2 2
left_child=1 2 -1 -3
right_child=-2 3 -4 -5
leaf_value=-0.0018012692160379097 0.0065256835811291162 0.0037478364333883405 0 0
leaf_weight=681 31 164 5591 17
leaf_count=681 31 164 5591 17
internal_value=0 -5.77989e-05 -0.000179691 0.00277985
internal_weight=0 6453 6272 181
internal_count=6484 6453 6272 181
is_linear=0
shrinkage=0.0926918


Tree=153
num_leaves=8
num_cat=0
split_feature=40 64 3 7 7 10 7
split_gain=0.175672 0.240317 0.693766 0.347697 0.236675 0.455124 0.178944
threshold=1.0000000180025095e-35 1.0000000180025095e-35 5.8278619608881916 0.43840688481234952 -0.87072080682318653 0.52993156268149189 -0.019661888480888297
decision_type=2 2 2 2 2 2 2
left_child=1 2 -1 -3 5 -2 -6
right_child=4 3 -4 -5 6 -7 -8
leaf_value=0.00033054014431862789 -0.0073782373563507668 0 0.016877646106936754 -0.0045049818154520999 0.0010353395815699698 0 -0.0017911590150498132
leaf_weight=4799 129 582 18 203 340 52 361
leaf_count=4799 129 582 18 203 340 52 361
internal_value=0 0.000175802 0.000458014 -0.00124633 -0.00122755 -0.00425727 -8.4346e-05
internal_weight=0 5602 4817 785 882 181 701
internal_count=6484 5602 4817 785 882 181 701
is_linear=0
shrinkage=0.0926918


Tree=154
num_leaves=7
num_cat=0
split_feature=0 0 1 1 0 2
split_gain=0.17391 0.215904 1.52533 1.0337 0.0897723 0.0176504
threshold=2.1419509471371261 -0.61093174792908533 1.6801231064576856 1.152056399978411 2.3132824591068215 0.73133222133922948
decision_type=2 2 2 2 2 2
left_child=1 3 -3 -1 5 -2
right_child=4 2 -4 -5 -6 -7
leaf_value=-0.0022964444846750001 -0.004679664501689375 0.0008260952782529464 -0.0094835630769922012 0.0021312386546840844 0 0
leaf_weight=1288 104 4209 120 651 71 41
leaf_count=1288 104 4209 120 651 71 41
internal_value=0 7.79838e-05 0.000475424 -0.000685609 -0.00256893 -0.00385815
internal_weight=0 6268 4329 1939 216 145
internal_count=6484 6268 4329 1939 216 145
is_linear=0
shrinkage=0.0926918


Tree=155
num_leaves=5
num_cat=0
split_feature=20 6 142 72
split_gain=0.166234 0.166704 0.714211 0.289103
threshold=1.0000000180025095e-35 1.0000000180025095e-35 1.0000000180025095e-35 1.0000000180025095e-35
decision_type=2 2 2 2
left_child=1 2 -1 -3
right_child=-2 3 -4 -5
leaf_value=0.0014008841554005679 0.0056826949238816009 -0.00012463746200175123 -0.001424262382307561 -0.0028571159012898764
leaf_weight=2173 39 2725 1128 419
leaf_count=2173 39 2725 1128 419
internal_value=0 -5.4533e-05 0.000362674 -0.000568235
internal_weight=0 6445 3301 3144
internal_count=6484 6445 3301 3144
is_linear=0
shrinkage=0.0926918


Tree=156
num_leaves=8
num_cat=0
split_feature=1 2 7 2 6 128 10
split_gain=0.1756 0.263765 0.495158 0.215968 0.355157 0.267139 0.0180864
threshold=-1.6301706789812949 0.73133222133922948 -0.0097264539435758472 1.7147329105062896 1.0000000180025095e-35 1.0000000180025095e-35 -0.77674587731300926
decision_type=2 2 2 2 2 2 2
left_child=1 2 -1 5 -5 -2 -3
right_child=3 6 -4 4 -6 -7 -8
leaf_value=-0.0090858042055804809 0.00054929026861914236 0 0 0 -0.0054740583813591339 -0.0011647196163010447 0.0014147902078738461
leaf_weight=92 4996 28 121 167 148 859 73
leaf_count=92 4996 28 121 167 148 859 73
internal_value=0 -0.00213822 -0.00413603 9.16982e-05 -0.00218234 0.000256386 0
internal_weight=0 314 213 6170 315 5855 101
internal_count=6484 314 213 6170 315 5855 101
is_linear=0
shrinkage=0.0926918


Tree=157
num_leaves=8
num_cat=0
split_feature=0 1 20 29 8 2 2
split_gain=0.158532 0.321969 0.236607 0.206142 0.125475 0.110313 0.0199495
threshold=1.3693959032499348 -0.25660766067887936 1.0000000180025095e-35 1.0000000180025095e-35 -1.4285483038269136 0.73133222133922948 -0.2520684678278306
decision_type=2 2 2 2 2 2 2
left_child=2 5 3 -1 -3 -2 -4
right_child=1 4 6 -5 -6 -7 -8
leaf_value=0.00022049428829087203 -0.0079419510897954064 -0.0033464741443437248 0 -0.0021797578233997707 5.2901126632254298e-05 0 0.0098712264891970894
leaf_weight=5438 74 92 18 315 505 23 19
leaf_count=5438 74 92 18 315 505 23 19
internal_value=0 -0.0013383 0.000138273 4.59855e-05 -9.61451e-05 -0.00628292 0.00715516
internal_weight=0 694 5790 5753 597 97 37
internal_count=6484 694 5790 5753 597 97 37
is_linear=0
shrinkage=0.0926918


Tree=158
num_leaves=7
num_cat=0
split_feature=8 8 8 82 1 7
split_gain=0.155354 0.221147 0.756667 0.583277 0.119437 0.068653
threshold=2.3857813607672651 0.54768031008814 0.55714793590029577 1.0000000180025095e-35 -0.62888078648141466 2.2262012031270486
decision_type=2 2 2 2 2 2
left_child=1 3 -3 -1 -2 -6
right_child=4 2 -4 -5 5 -7
leaf_value=6.1558833041432532e-07 0 -0.015874227485605869 -0.00061875519143875951 0.0082119723369778689 0.0058590014795169322 0
leaf_weight=4768 35 26 1486 72 80 17
leaf_count=4768 35 26 1486 72 80 17
internal_value=0 -8.46036e-05 -0.00108609 0.000179751 0.0030718 0.00477308
internal_weight=0 6352 1512 4840 132 97
internal_count=6484 6352 1512 4840 132 97
is_linear=0
shrinkage=0.0926918


Tree=159
num_leaves=7
num_cat=0
split_feature=10 3 1 8 10 3
split_gain=0.158207 0.641124 0.295283 0.261916 0.254702 0.173707
threshold=0.70636009883976836 -1.3070737297034756 1.6801231064576856 -0.29583847972901473 1.1514871375389528 -0.81745809231421862
decision_type=2 2 2 2 2 2
left_child=1 -1 -3 5 -5 -2
right_child=3 2 -4 4 -6 -7
leaf_value=-0.014424769972675546 0 5.0591244921743243e-05 -0.0023224441845612403 0.0018624251479210231 -0.0012516087751859369 0.0036754451118836714
leaf_weight=23 94 4605 479 369 565 349
leaf_count=23 94 4605 479 369 565 349
internal_value=0 -0.000252094 -0.000128016 0.000865274 0 0.00270888
internal_weight=0 5107 5084 1377 934 443
internal_count=6484 5107 5084 1377 934 443
is_linear=0
shrinkage=0.0926918


Tree=160
num_leaves=8
num_cat=0
split_feature=1 1 0 8 10 4 9
split_gain=0.160504 0.406158 1.89833 0.559854 0.204666 0.243876 0.186402
threshold=-0.88202841491931638 -0.29762001460719861 -1.1619104895119527 0.54768031008814 -0.059020248835290438 0.70391408178968351 -0.39643230125583895
decision_type=2 2 2 2 2 2 2
left_child=4 2 -2 -3 6 -6 -1
right_child=1 3 -4 -5 5 -7 -8
leaf_value=0.0045073272464960807 -0.0042923160561654811 0.00018170899187797154 0.0030647441099581289 -0.002613730579262966 -0.0040181513196725915 0 -0.0004813839698071262
leaf_weight=69 361 3001 1368 737 308 189 451
leaf_count=69 361 3001 1368 737 308 189 451
internal_value=0 0.000183948 0.00138367 -0.000308259 -0.00108101 -0.00242598 0
internal_weight=0 5467 1729 3738 1017 497 520
internal_count=6484 5467 1729 3738 1017 497 520
is_linear=0
shrinkage=0.0926918


Tree=161
num_leaves=8
num_cat=0
split_feature=4 9 72 3 1 5 9
split_gain=0.154126 0.330489 0.191449 0.261888 0.234448 0.121025 0.048671
threshold=-1.7249669779850065 -0.090813199613749077 1.0000000180025095e-35 -0.35801049499152188 0.19580545435985539 -1.5083116665592187 1.0282787037285075
decision_type=2 2 2 2 2 2 2
left_child=1 5 3 -2 -4 -1 -3
right_child=2 6 4 -5 -6 -7 -8
leaf_value=0 -0.00074717705088833274 -0.0012008535014359613 0 0.00057157070247750128 -0.003434645429644681 0.0060171106625521182 0.0014962995860496231
leaf_weight=36 2116 185 376 3260 315 136 60
leaf_count=36 2116 185 376 3260 315 136 60
internal_value=0 0.00169574 -0.000135689 7.97347e-06 -0.00158896 0.00478954 0
internal_weight=0 417 6067 5376 691 172 245
internal_count=6484 417 6067 5376 691 172 245
is_linear=0
shrinkage=0.0926918


Tree=162
num_leaves=5
num_cat=0
split_feature=27 5 4 9
split_gain=0.151363 0.15758 0.607023 0.337581
threshold=1.0000000180025095e-35 1.0000000180025095e-35 1.4512621001818959 0.93940430621834425
decision_type=2 2 2 2
left_child=1 3 -3 -1
right_child=-2 2 -4 -5
leaf_value=-0.00012618524018025162 0.0061833673340306863 4.573674977765714e-05 0.0088607989131282896 -0.0036131319181505759
leaf_weight=1974 29 4116 65 300
leaf_count=1974 29 4116 65 300
internal_value=0 -4.74181e-05 0.000249437 -0.000697319
internal_weight=0 6455 4181 2274
internal_count=6484 6455 4181 2274
is_linear=0
shrinkage=0.0926918


Tree=163
num_leaves=8
num_cat=0
split_feature=40 64 4 0 10 4 10
split_gain=0.15043 0.213346 0.501882 0.35645 0.212826 0.263418 0.06953
threshold=1.0000000180025095e-35 1.0000000180025095e-35 1.5135411017145803 -0.24922285049557605 1.0311691443938362 0.33024007259357724 1.8693588683559141
decision_type=2 2 2 2 2 2 2
left_child=1 2 -1 -3 5 -2 -6
right_child=4 3 -4 -5 6 -7 -8
leaf_value=0.00028734010512619418 0 0.00032231447181229575 0.0098678639961971466 -0.0031861214093244707 0.0031966300865052858 -0.0032821819473378895 0
leaf_weight=4772 325 386 45 399 86 450 21
leaf_count=4772 325 386 45 399 86 450 21
internal_value=0 0.000167793 0.000435718 -0.00116705 -0.00113123 -0.00183822 0.00171607
internal_weight=0 5602 4817 785 882 775 107
internal_count=6484 5602 4817 785 882 775 107
is_linear=0
shrinkage=0.0926918


Tree=164
num_leaves=8
num_cat=0
split_feature=0 2 9 0 8 8 9
split_gain=0.14154 0.208386 0.263987 0.204646 0.328292 0.307704 0.198437
threshold=1.3193241507547926 0.73133222133922948 1.0545782703386573 -0.025624077391334096 -0.50850832733147577 -1.0665959626232482 -0.029145250320981097
decision_type=2 2 2 2 2 2 2
left_child=3 2 -2 4 -1 -5 -3
right_child=1 6 -4 5 -6 -7 -8
leaf_value=0.0011085773776190275 -0.0033188707306158372 0.0056141741165504529 0.00054675621151597663 -0.0015079812203933794 -0.00086157252635250142 0.0013469933153441205 0
leaf_weight=954 455 51 84 310 2488 1988 154
leaf_count=954 455 51 84 310 2488 1988 154
internal_value=0 -0.00120075 -0.00227805 0.000154259 -0.00024554 0.000855987 0.00048144
internal_weight=0 744 539 5740 3442 2298 205
internal_count=6484 744 539 5740 3442 2298 205
is_linear=0
shrinkage=0.0926918


Tree=165
num_leaves=8
num_cat=0
split_feature=1 1 10 4 10 10 9
split_gain=0.138856 0.605744 0.3044 0.296763 0.2721 0.357379 0.210039
threshold=-0.80219094926834666 -0.64729591644174367 2.735755097857548 0.9530300879204211 0.17293411911483916 1.2143832889897757 -0.39643230125583895
decision_type=2 2 2 2 2 2 2
left_child=4 2 -2 -3 6 -6 -1
right_child=1 3 -4 -5 5 -7 -8
leaf_value=0.0040977095114859462 0.0047899614606877932 -0.00038300405494271487 -0.00082018956759612996 0.0015860474394040988 -0.004405496311090642 0 -0.00036142644591488887
leaf_weight=97 346 4013 20 775 323 164 746
leaf_count=97 346 4013 20 775 323 164 746
internal_value=0 0.000216822 0.00383327 -1.32821e-05 -0.000843909 -0.00258623 0
internal_weight=0 5154 366 4788 1330 487 843
internal_count=6484 5154 366 4788 1330 487 843
is_linear=0
shrinkage=0.0926918


Tree=166
num_leaves=8
num_cat=0
split_feature=4 0 7 9 10 7 1
split_gain=0.136108 0.274542 0.359017 0.268754 0.246575 0.109916 0.106325
threshold=-1.7249669779850065 -1.4374711112469343 -1.6281444700947179 -0.090813199613749077 -1.1127048858930995 -0.42301118426419332 0.18874847264464187
decision_type=2 2 2 2 2 2 2
left_child=3 4 -3 6 -2 -5 -1
right_child=1 2 -4 5 -6 -7 -8
leaf_value=0.0060556117236481672 0 0.0042413672813210752 -0.00011034634578099435 0.0014721460455541381 -0.0057324491388790798 -0.0023071657754076169 0
leaf_weight=113 108 163 5662 125 134 120 59
leaf_count=113 108 163 5662 125 134 120 59
internal_value=0 -0.000113575 0 0.00160865 -0.00314349 0 0.00438746
internal_weight=0 6067 5825 417 242 245 172
internal_count=6484 6067 5825 417 242 245 172
is_linear=0
shrinkage=0.0926918


Tree=167
num_leaves=8
num_cat=0
split_feature=6 3 4 3 142 5 5
split_gain=0.130617 1.35245 1.19002 0.619334 0.565851 0.978313 0.524547
threshold=1.0000000180025095e-35 -0.346292865695283 0.76619308332236791 0.063306253405844462 1.0000000180025095e-35 1.0000000180025095e-35 -1.5083116665592187
decision_type=2 2 2 2 2 2 2
left_child=4 2 -2 -3 5 -1 -6
right_child=1 3 -4 -5 6 -7 -8
leaf_value=0 -0.010162429042484536 0.0022690618987797218 0 -0.00064451432569028898 0.0056577656985941404 0.0043805797775181296 -0.0018331349099112617
leaf_weight=1539 211 909 198 1843 70 636 1078
leaf_count=1539 211 909 198 1843 70 636 1078
internal_value=0 -0.000426405 -0.00539634 0.000233505 0.000405311 0.00133558 -0.00114848
internal_weight=0 3161 409 2752 3323 2175 1148
internal_count=6484 3161 409 2752 3323 2175 1148
is_linear=0
shrinkage=0.0926918


Tree=168
num_leaves=8
num_cat=0
split_feature=87 7 9 40 128 9 3
split_gain=0.129571 0.208326 0.225569 0.161115 0.239348 0.153494 0.00953042
threshold=1.0000000180025095e-35 -0.019661888480888297 0.42248179008780484 1.0000000180025095e-35 1.0000000180025095e-35 -0.35018133928626394 -0.81745809231421862
decision_type=2 2 2 2 2 2 2
left_child=3 6 -3 4 -1 -5 -2
right_child=1 2 -4 5 -6 -7 -8
leaf_value=0.00067175437635346293 -0.0002461042280944553 -0.0050546584727118021 0 0.00034073254771977693 -0.00088534312462481592 -0.001805445786904587 0.00067620609872506984
leaf_weight=4242 44 182 20 229 946 653 168
leaf_count=4242 44 182 20 229 946 653 168
internal_value=0 -0.00157653 -0.00370102 0.000109433 0.000341345 -0.000980267 0
internal_weight=0 414 202 6070 5188 882 212
internal_count=6484 414 202 6070 5188 882 212
is_linear=0
shrinkage=0.0926918


Tree=169
num_leaves=8
num_cat=0
split_feature=2 2 5 5 128 6 10
split_gain=0.135901 0.379114 0.579202 0.490387 0.258858 0.442971 0.336481
threshold=-0.2520684678278306 -0.74376881241136061 -1.5083116665592187 1.0000000180025095e-35 1.0000000180025095e-35 1.0000000180025095e-35 -0.007802021136388549
decision_type=2 2 2 2 2 2 2
left_child=1 3 -3 -1 5 -2 -6
right_child=4 2 -4 -5 6 -7 -8
leaf_value=-0.0017288499120549311 0.0019554249921102896 0.0053767634290355941 -0.0034477896856091282 0.000994427981761374 -0.0043839764030404824 -0.00023419815837010362 0
leaf_weight=844 1450 48 610 1691 196 1384 261
leaf_count=844 1450 48 610 1691 196 1384 261
internal_value=0 -0.000431108 -0.00241091 0 0.000417095 0.000803427 -0.00144587
internal_weight=0 3193 658 2535 3291 2834 457
internal_count=6484 3193 658 2535 3291 2834 457
is_linear=0
shrinkage=0.0926918


Tree=170
num_leaves=7
num_cat=0
split_feature=64 3 7 3 10 10
split_gain=0.122769 0.640689 0.288196 0.331983 0.239732 0.21205
threshold=1.0000000180025095e-35 5.8278619608881916 0.43840688481234952 -0.29010003570005949 -1.1177638303215349 0.82724438948161783
decision_type=2 2 2 2 2 2
left_child=1 5 3 -2 -4 -1
right_child=2 -3 4 -5 -6 -7
leaf_value=-0.00018069348969200296 -0.0023055661060856969 0.015421314056833439 0 0.0020899292263633303 -0.005440065346718999 0.0012690983155453773
leaf_weight=4641 280 19 23 302 180 1039
leaf_count=4641 280 19 23 302 180 1039
internal_value=0 0.00014894 -0.00108424 0 -0.00404921 4.33555e-05
internal_weight=0 5699 785 582 203 5680
internal_count=6484 5699 785 582 203 5680
is_linear=0
shrinkage=0.0926918


Tree=171
num_leaves=8
num_cat=0
split_feature=72 4 10 29 0 40 8
split_gain=0.123077 0.301215 0.175123 0.161737 0.509936 0.208307 0.123674
threshold=1.0000000180025095e-35 -0.043433936602528894 1.5503093943571031 1.0000000180025095e-35 0.072225110717392557 1.0000000180025095e-35 -0.88700209431850086
decision_type=2 2 2 2 2 2 2
left_child=3 6 -3 5 -5 -1 -2
right_child=1 2 -4 4 -6 -7 -8
leaf_value=0.0005972492531333217 -0.00067376784971056398 -0.0033340517805394532 0 -0.004694558660069759 0.0017559684141458523 -0.00088642967431430968 0.0024051411821031038
leaf_weight=4517 72 435 34 221 126 882 197
leaf_count=4517 72 435 34 221 126 882 197
internal_value=0 -0.00112083 -0.0026723 0.000147143 -0.00168153 0.000310166 0.000711705
internal_weight=0 738 469 5746 347 5399 269
internal_count=6484 738 469 5746 347 5399 269
is_linear=0
shrinkage=0.0926918


Tree=172
num_leaves=7
num_cat=0
split_feature=0 3 7 8 8 5
split_gain=0.117126 0.143882 0.399777 0.338754 0.0873819 0.147668
threshold=2.1419509471371261 -0.80295671683158043 -0.93386472081311489 -0.051691147570482592 -0.81151105466150131 1.0000000180025095e-35
decision_type=2 2 2 2 2 2
left_child=1 2 -1 -3 -2 -6
right_child=4 3 -4 -5 5 -7
leaf_value=-0.0050389237434105057 0 0.00099899772992323205 0 -0.00044878570735491471 0 -0.0059096147750198579
leaf_weight=162 107 2903 805 2398 28 81
leaf_count=162 107 2903 805 2398 28 81
internal_value=0 7.48908e-05 -0.000905211 0.000299281 -0.002098 -0.0038927
internal_weight=0 6268 967 5301 216 109
internal_count=6484 6268 967 5301 216 109
is_linear=0
shrinkage=0.0926918


Tree=173
num_leaves=8
num_cat=0
split_feature=2 2 8 10 10 10 9
split_gain=0.117323 0.275116 0.268215 0.243026 0.691553 0.237292 0.0330477
threshold=1.7147329105062896 1.2230325659227597 -0.35673336308606746 -0.29553820183638269 0.52993156268149189 -0.38090573828282454 -0.59866689967182085
decision_type=2 2 2 2 2 2 2
left_child=1 5 -3 6 -5 -1 -2
right_child=3 2 -4 4 -6 -7 -8
leaf_value=-0.0009448434385558506 0 0.0042084827235229685 3.4182746619207177e-07 -0.0095970640680302331 0 0.00031053037345292911 0.0015341834730643253
leaf_weight=1980 23 258 507 93 101 3406 116
leaf_count=1980 23 258 507 93 101 3406 116
internal_value=0 8.57717e-05 0.00174634 -0.00168861 -0.00391902 -0.000107127 0
internal_weight=0 6151 765 333 194 5386 139
internal_count=6484 6151 765 333 194 5386 139
is_linear=0
shrinkage=0.0926918


Tree=174
num_leaves=8
num_cat=0
split_feature=1 7 4 1 0 8 9
split_gain=0.139762 0.585306 0.366455 0.221099 1.40038 0.440883 0.0696383
threshold=-1.0403836196158547 -0.032299867378429395 0.57935607872431483 -0.29762001460719861 -1.1619104895119527 0.54768031008814 -0.39643230125583895
decision_type=2 2 2 2 2 2 2
left_child=1 2 -1 4 -2 -5 -3
right_child=3 6 -4 5 -6 -7 -8
leaf_value=-0.0079149169955730798 -0.0034679958041334241 0.0028785812166157001 0 0.0001996508010313397 0.0022837239211548339 -0.0022822758183813044 0
leaf_weight=143 440 68 64 3001 1628 737 403
leaf_count=143 440 68 64 3001 1628 737 403
internal_value=0 -0.00125483 -0.00536881 0.00014721 0.000939828 -0.00022817 8.63083e-05
internal_weight=0 678 207 5806 2068 3738 471
internal_count=6484 678 207 5806 2068 3738 471
is_linear=0
shrinkage=0.0926918


Tree=175
num_leaves=8
num_cat=0
split_feature=0 3 3 3 29 0 3
split_gain=0.114499 0.198185 0.750695 0.283385 0.189815 0.352298 0.239426
threshold=1.1021000233502289 -0.66435205206225623 -0.8989635911206546 0.44966432876470802 1.0000000180025095e-35 0.072225110717392557 -0.89158342681252611
decision_type=2 2 2 2 2 2 2
left_child=4 2 -2 -3 6 -6 -1
right_child=1 3 -4 -5 5 -7 -8
leaf_value=-0.0012999962307879197 0.00072100364329561004 0.00064184423986684278 -0.010284158855476684 -0.0030004261716298818 -0.0042387987587601686 0.001450790158523739 0.00059582997470704303
leaf_weight=588 53 624 80 238 221 76 4604
leaf_count=588 53 624 80 238 221 76 4604
internal_value=0 -0.000915109 -0.00428859 -9.91673e-05 0.000163376 -0.001992 0.000334248
internal_weight=0 995 133 862 5489 297 5192
internal_count=6484 995 133 862 5489 297 5192
is_linear=0
shrinkage=0.0926918


Tree=176
num_leaves=7
num_cat=0
split_feature=64 4 5 9 10 10
split_gain=0.117603 0.468829 0.270005 0.253718 0.248689 0.173373
threshold=1.0000000180025095e-35 1.7626571078453179 1.0000000180025095e-35 1.170659116066217 -1.5908154332692577 -1.1177638303215349
decision_type=2 2 2 2 2 2
left_child=1 4 3 -2 -1 -4
right_child=2 -3 5 -5 -6 -7
leaf_value=-0.0040574763181669979 -0.0047439303716647341 0.013819341785388538 0.0037713828263858554 0 0.00018020118523237401 -0.00060184963245943802
leaf_weight=115 235 17 89 30 5567 431
leaf_count=115 235 17 89 30 5567 431
internal_value=0 0.000143342 -0.00106357 -0.003452 4.92429e-05 0
internal_weight=0 5699 785 265 5682 520
internal_count=6484 5699 785 265 5682 520
is_linear=0
shrinkage=0.0926918


Tree=177
num_leaves=7
num_cat=0
split_feature=1 7 1 1 4 4
split_gain=0.12122 0.209169 0.154681 0.407523 0.27509 0.142251
threshold=2.1373553597719206 -0.9891918233903324 -0.80219094926834666 -0.64729591644174367 0.57935607872431483 -0.23027094120058197
decision_type=2 2 2 2 2 2
left_child=2 -2 4 -4 -1 -3
right_child=1 5 3 -5 -6 -7
leaf_value=-0.0018789619880187024 0 0 0.0033137544743708715 5.0363716297681331e-05 0.00061868471982697959 -0.0069005536355197534
leaf_weight=831 54 51 366 4603 499 80
leaf_count=831 54 51 366 4603 499 80
internal_value=0 -0.00230867 6.98472e-05 0.000341566 -0.000764221 -0.00454993
internal_weight=0 185 6299 4969 1330 131
internal_count=6484 185 6299 4969 1330 131
is_linear=0
shrinkage=0.0926918


Tree=178
num_leaves=8
num_cat=0
split_feature=0 7 3 7 3 3 2
split_gain=0.112606 0.183181 0.335157 0.247568 0.137366 0.00481101 0.00305448
threshold=-1.5495239125722542 -1.6281444700947179 -0.4558300412159258 -1.1353819073079838 -0.23766202614230497 -0.76968123916159781 0.73133222133922948
decision_type=2 2 2 2 2 2 2
left_child=4 2 -2 -3 5 -1 -6
right_child=1 3 -4 -5 6 -7 -8
leaf_value=-0.00081505788005502495 0 -0.0021775515666768428 0.0062018371419622085 0.00014131682340375441 -0.0058470555308674389 0.00057467401826573317 0
leaf_weight=18 89 420 112 5681 58 75 31
leaf_count=18 89 420 112 5681 58 75 31
internal_value=0 7.19194e-05 0.00279505 0 -0.0022381 0 -0.00475278
internal_weight=0 6302 201 6101 182 93 89
internal_count=6484 6302 201 6101 182 93 89
is_linear=0
shrinkage=0.0926918


Tree=179
num_leaves=8
num_cat=0
split_feature=87 10 10 8 2 142 4
split_gain=0.111677 0.195492 0.377331 0.163711 0.347638 0.237209 0.139307
threshold=1.0000000180025095e-35 -1.0185636624836845 -1.2370868786109843 -0.57314525783748138 0.73133222133922948 1.0000000180025095e-35 0.39251907412626164
decision_type=2 2 2 2 2 2 2
left_child=3 2 -2 4 -1 -5 -3
right_child=1 6 -4 5 -6 -7 -8
leaf_value=0 0 0.00083383992854689374 -0.014508986322474141 0.00030184550548337398 0.0029985684854566207 -0.001104784950096973 -0.0028117783031769367
leaf_weight=1463 44 220 23 2545 476 1586 127
leaf_count=1463 44 220 23 2545 476 1586 127
internal_value=0 -0.00146266 -0.00599585 0.000102551 0.000828691 -0.000181141 0
internal_weight=0 414 67 6070 1939 4131 347
internal_count=6484 414 67 6070 1939 4131 347
is_linear=0
shrinkage=0.0926918


Tree=180
num_leaves=5
num_cat=0
split_feature=27 7 7 0
split_gain=0.106915 0.120772 0.398382 0.196287
threshold=1.0000000180025095e-35 -1.8236928272396502 -1.6281444700947179 -1.1688705765293201
decision_type=2 2 2 2
left_child=1 3 -3 -1
right_child=-2 2 -4 -5
leaf_value=-0.0050818406294911881 0.0052149182055217409 0.0048912203825297899 -7.4552738732706436e-05 0
leaf_weight=101 29 137 6176 41
leaf_count=101 29 137 6176 41
internal_value=0 -2.4587e-05 0 -0.00266515
internal_weight=0 6455 6313 142
internal_count=6484 6455 6313 142
is_linear=0
shrinkage=0.0926918


Tree=181
num_leaves=8
num_cat=0
split_feature=6 4 8 142 5 9 5
split_gain=0.107395 0.494923 1.25382 0.456193 0.723526 0.425114 0.415286
threshold=1.0000000180025095e-35 0.8284720848550523 0.54768031008814 1.0000000180025095e-35 1.0000000180025095e-35 -0.48439981715875513 -1.5083116665592187
decision_type=2 2 2 2 2 2 2
left_child=3 5 -3 4 -1 -2 -5
right_child=1 2 -4 6 -6 -7 -8
leaf_value=0 0.0010377432770173204 0.005526279957731502 -0.0025767320210661093 0.0049636044181078053 0.0038346277970944522 -0.0016778402915908737 -0.0016384749326475827
leaf_weight=1539 538 362 248 70 636 2013 1078
leaf_count=1539 538 362 248 70 636 2013 1078
internal_value=0 -0.000381732 0.00184919 0.000372373 0.00121238 -0.00101093 -0.00101059
internal_weight=0 3161 610 3323 2175 2551 1148
internal_count=6484 3161 610 3323 2175 2551 1148
is_linear=0
shrinkage=0.0926918


Tree=182
num_leaves=8
num_cat=0
split_feature=2 2 1 5 8 9 8
split_gain=0.10083 0.283447 0.688251 0.36538 0.275037 0.397606 0.275243
threshold=-0.2520684678278306 -0.74376881241136061 1.0632154057701528 1.0000000180025095e-35 -0.33973304263539095 0.068797963261645875 -0.21391233857408867
decision_type=2 2 2 2 2 2 2
left_child=1 3 -3 -1 5 -2 -6
right_child=4 2 -4 -5 6 -7 -8
leaf_value=-0.0014772116082687767 0.0039849481335074493 -0.00018339540228601075 -0.0084440135864920531 0.00087135034103911883 -0.0038538652882410015 0 6.0651581804260469e-05
leaf_weight=844 386 540 118 1691 156 663 2086
leaf_count=844 386 540 118 1691 156 663 2086
internal_value=0 -0.000359673 -0.00207352 0 0.000370603 0.0016264 -0.000112917
internal_weight=0 3193 658 2535 3291 1049 2242
internal_count=6484 3193 658 2535 3291 1049 2242
is_linear=0
shrinkage=0.0926918


Tree=183
num_leaves=8
num_cat=0
split_feature=1 1 7 10 6 4 1
split_gain=0.101038 0.376247 0.384645 0.241139 0.319775 0.238713 0.184307
threshold=-0.80219094926834666 -0.64729591644174367 0.94903923491659159 0.20638521565025617 1.0000000180025095e-35 0.9530300879204211 -0.99925665689410559
decision_type=2 2 2 2 2 2 2
left_child=3 2 -2 6 -5 -3 -1
right_child=1 5 -4 4 -6 -7 -8
leaf_value=-0.00058631304019230747 0.0053112907056467014 -0.00031397995993293748 0 0 -0.0047977339981934031 0.0014569332698575956 0.0024050913744767923
leaf_weight=620 234 4013 132 244 234 775 232
leaf_count=620 234 4013 132 244 234 775 232
internal_value=0 0.000194128 0.00304079 -0.000710473 -0.00238507 0 0
internal_weight=0 5154 366 1330 478 4788 852
internal_count=6484 5154 366 1330 478 4788 852
is_linear=0
shrinkage=0.0926918


Tree=184
num_leaves=8
num_cat=0
split_feature=4 0 0 9 10 5 7
split_gain=0.101433 0.211841 0.191009 0.247037 0.199761 0.158336 0.0364814
threshold=-1.7249669779850065 1.1021000233502289 -1.4374711112469343 -0.17061878105144468 -1.1127048858930995 -1.5083116665592187 0.37322501950164017
decision_type=2 2 2 2 2 2 2
left_child=1 5 4 -4 -2 -1 -3
right_child=2 6 3 -5 -6 -7 -8
leaf_value=0 0 -0.0036008951194065894 -0.00070837460756802508 0.00051787947777518265 -0.0049578332059058046 0.0035031632540391726 0
leaf_weight=60 108 37 2383 3442 134 303 17
leaf_count=60 108 37 2383 3442 134 303 17
internal_value=0 0.00139563 -9.09578e-05 0 -0.00261872 0.00256298 -0.00196502
internal_weight=0 417 6067 5825 242 363 54
internal_count=6484 417 6067 5825 242 363 54
is_linear=0
shrinkage=0.0926918


Tree=185
num_leaves=8
num_cat=0
split_feature=87 7 9 3 0 6 3
split_gain=0.09598 0.150632 0.188159 0.139469 0.456327 0.365596 0.00452904
threshold=1.0000000180025095e-35 -0.019661888480888297 0.42248179008780484 -0.21157249793023691 -0.61093174792908533 1.0000000180025095e-35 -0.81745809231421862
decision_type=2 2 2 2 2 2 2
left_child=3 6 -3 5 -5 -1 -2
right_child=1 2 -4 4 -6 -7 -8
leaf_value=0.00012025904838794117 0 -0.0044415364344278351 0 -0.0011687670966874118 0.0012744854968882874 -0.0023513040640222201 0.00047476804164237448
leaf_weight=2332 44 182 20 824 2304 610 168
leaf_count=2332 44 182 20 824 2304 610 168
internal_value=0 -0.00135705 -0.00316137 9.40095e-05 0.000553931 -0.000314125 0
internal_weight=0 414 202 6070 3128 2942 212
internal_count=6484 414 202 6070 3128 2942 212
is_linear=0
shrinkage=0.0926918


Tree=186
num_leaves=8
num_cat=0
split_feature=2 142 10 2 1 10 10
split_gain=0.0968832 0.266059 1.2353 0.226847 0.207607 0.18373 0.0946107
threshold=1.7147329105062896 1.0000000180025095e-35 0.17055361695106802 1.2230325659227597 -1.4181059499623079 0.30473050368493643 0.40232807375618029
decision_type=2 2 2 2 2 2 2
left_child=3 6 -3 4 -1 -5 -2
right_child=1 2 -4 5 -6 -7 -8
leaf_value=-0.0020483973023639711 -0.00087395549974405651 0 -0.015829257974261195 0.0027645270887003011 3.5136116342225313e-05 0 0.0030128328923923588
leaf_weight=429 137 73 50 457 4957 308 73
leaf_count=429 137 73 50 457 4957 308 73
internal_value=0 -0.00152962 -0.00490912 8.30122e-05 -8.81796e-05 0.00159155 0
internal_weight=0 333 123 6151 5386 765 210
internal_count=6484 333 123 6151 5386 765 210
is_linear=0
shrinkage=0.0926918


Tree=187
num_leaves=5
num_cat=0
split_feature=20 4 5 5
split_gain=0.095521 0.108863 0.466858 0.366903
threshold=1.0000000180025095e-35 0.45479807565894603 -1.5083116665592187 -1.5083116665592187
decision_type=2 2 2 2
left_child=1 3 -3 -1
right_child=-2 2 -4 -5
leaf_value=-0.0028263881078180882 0.0043233370762486541 0.003415727284464765 -0.0008995602350878848 0.00059997974023248343
leaf_weight=273 39 214 2638 3320
leaf_count=273 39 214 2638 3320
internal_value=0 -2.81915e-05 -0.00048723 0.00027002
internal_weight=0 6445 2852 3593
internal_count=6484 6445 2852 3593
is_linear=0
shrinkage=0.0926918


Tree=188
num_leaves=8
num_cat=0
split_feature=0 4 1 4 9 9 1
split_gain=0.112397 0.497315 0.434161 0.205295 0.244623 0.144441 0.141072
threshold=1.1021000233502289 1.1398670925184742 1.0000000180025095e-35 -1.7249669779850065 -0.17061878105144468 0.92489420050239846 -1.4746504513814278
decision_type=2 2 2 2 2 2 2
left_child=3 2 -2 6 -5 -3 -1
right_child=1 5 -4 4 -6 -7 -8
leaf_value=0 -0.0046427647367450944 0 0 -0.00071331750833489456 0.00057707053905795978 0.011906013559017796 0.0030151462134562395
leaf_weight=23 280 25 667 2223 2903 23 340
leaf_count=23 280 25 667 2223 2903 23 340
internal_value=0 -0.000899328 -0.00158978 0.000169156 0 0.00713057 0.00228592
internal_weight=0 995 947 5489 5126 48 363
internal_count=6484 995 947 5489 5126 48 363
is_linear=0
shrinkage=0.0926918


Tree=189
num_leaves=8
num_cat=0
split_feature=0 3 0 3 0 29 3
split_gain=0.0985577 0.50978 0.483191 0.194283 0.520407 0.22827 0.15661
threshold=1.6665776075718222 1.4713639174566624 1.979449200446284 1.4713639174566624 -0.018956211076381697 1.0000000180025095e-35 -0.68610411528621362
decision_type=2 2 2 2 2 2 2
left_child=3 6 -3 5 -5 -1 -2
right_child=1 2 -4 4 -6 -7 -8
leaf_value=0.00010358163826119106 -0.0045779941028113143 -0.020755198567600157 0 0 0.0059075627620273456 -0.0024674623948844469 0.00060145982430058519
leaf_weight=5384 54 17 27 203 173 308 318
leaf_count=5384 54 17 27 203 173 308 318
internal_value=0 -0.00136866 -0.0103083 9.8438e-05 0.00213073 0 0
internal_weight=0 416 44 6068 376 5692 372
internal_count=6484 416 44 6068 376 5692 372
is_linear=0
shrinkage=0.0926918


Tree=190
num_leaves=8
num_cat=0
split_feature=72 4 1 64 4 0 3
split_gain=0.0945695 0.210293 0.299866 0.138864 0.361989 0.314935 0.118193
threshold=1.0000000180025095e-35 -0.043433936602528894 -0.36115128022327669 1.0000000180025095e-35 1.7626571078453179 -0.24922285049557605 0.11574426296359912
decision_type=2 2 2 2 2 2 2
left_child=3 6 -3 4 -1 -5 -2
right_child=1 2 -4 5 -6 -7 -8
leaf_value=0.00024033245466614702 0.0024833427669586536 0 -0.0040956057622402045 0.0004514129617753822 0.012547203504743422 -0.0028710544945493646 -0.00055668722885112679
leaf_weight=4944 162 172 297 386 17 399 107
leaf_count=4944 162 172 297 386 17 399 107
internal_value=0 -0.000986806 -0.00228974 0.000124651 0.00034222 -0.000942132 0.000413274
internal_weight=0 738 469 5746 4961 785 269
internal_count=6484 738 469 5746 4961 785 269
is_linear=0
shrinkage=0.0926918


Tree=191
num_leaves=7
num_cat=0
split_feature=1 7 9 7 0 10
split_gain=0.0900841 0.18366 0.122246 0.68867 0.230827 0.00138814
threshold=2.1373553597719206 -0.9891918233903324 0.63106455975451348 -1.0861568947422759 1.1382673849360494 -0.42633179307804386
decision_type=2 2 2 2 2 2
left_child=2 -2 4 -4 -1 -3
right_child=1 5 3 -5 -6 -7
leaf_value=0.00010815347323542858 0 -0.0044774842606398633 -0.0012284021860634964 0.0031265874999857409 -0.0016805727640176659 0
leaf_weight=4462 54 112 518 626 693 19
leaf_count=4462 54 112 518 626 693 19
internal_value=0 -0.00198655 6.37421e-05 0.000949954 -8.73636e-05 -0.00414144
internal_weight=0 185 6299 1144 5155 131
internal_count=6484 185 6299 1144 5155 131
is_linear=0
shrinkage=0.0926918


Tree=192
num_leaves=8
num_cat=0
split_feature=1 7 7 10 0 0 1
split_gain=0.0904738 0.487446 0.210124 0.180015 0.265561 0.225076 0.114805
threshold=-1.0403836196158547 -0.032299867378429395 -0.40736863689764591 -1.5908154332692577 -0.025624077391334096 0.16512654685449782 -1.3898700560703647
decision_type=2 2 2 2 2 2 2
left_child=1 2 -1 5 -5 -2 -3
right_child=3 6 -4 4 -6 -7 -8
leaf_value=0 0 0 -0.0067675297889435437 -0.00025339548525661073 0.00099167212000105692 -0.0060898377647471596 0.0034835405597441059
leaf_weight=66 34 393 141 3267 2422 83 78
leaf_count=66 34 393 141 3267 2422 83 78
internal_value=0 -0.00100754 -0.00479437 0.000120492 0.000235145 -0.00328952 0.000185626
internal_weight=0 678 207 5806 5689 117 471
internal_count=6484 678 207 5806 5689 117 471
is_linear=0
shrinkage=0.0926918


Tree=193
num_leaves=6
num_cat=0
split_feature=109 3 8 4 10
split_gain=0.084699 0.219333 0.14036 0.0893671 0.0569057
threshold=1.0000000180025095e-35 -1.3070737297034756 2.3857813607672651 -0.85306095652742553 -0.73207086098893659
decision_type=2 2 2 2 2
left_child=1 -1 -3 -2 -5
right_child=3 2 -4 4 -6
leaf_value=-0.0081629224112993171 0 -8.7492458639067515e-05 0.0029898123683927409 0 0.0047853298062138262
leaf_weight=24 82 6154 125 18 81
leaf_count=24 82 6154 125 18 81
internal_value=0 -6.10353e-05 0 0.00194771 0.00376885
internal_weight=0 6303 6279 181 99
internal_count=6484 6303 6279 181 99
is_linear=0
shrinkage=0.0926918


Tree=194
num_leaves=8
num_cat=0
split_feature=8 1 0 10 7 0 1
split_gain=0.0859281 0.829297 0.750175 0.527997 0.359879 0.341839 0.318921
threshold=-0.29283634603853875 1.6801231064576856 -1.2210482946450412 0.051837014115209003 -0.81772681886160725 -1.0641083651805345 0.6666353493441749
decision_type=2 2 2 2 2 2 2
left_child=3 2 -2 4 -1 -3 -5
right_child=1 5 -4 6 -6 -7 -8
leaf_value=-0.0023529953659152197 -0.0061409020507739069 0 0.00031853349302269035 0.0011220152024316369 0.00033729497906945569 -0.0084705396666455678 0.0067338895964395035
leaf_weight=613 157 49 3445 907 1043 140 130
leaf_count=613 157 49 3445 907 1043 140 130
internal_value=0 -0.000288241 0 0.000395949 -0.000518687 -0.00619883 0.0020814
internal_weight=0 3791 3602 2693 1656 189 1037
internal_count=6484 3791 3602 2693 1656 189 1037
is_linear=0
shrinkage=0.0926918


Tree=195
num_leaves=8
num_cat=0
split_feature=9 0 8 1 4 8 4
split_gain=0.0901103 0.27403 0.463374 0.365575 0.144827 0.318105 0.163383
threshold=0.43699189580374947 -1.2421514627351249 -0.59197281625485287 1.9081963829687469 0.64163508025699911 -0.67379051053628736 0.76619308332236791
decision_type=2 2 2 2 2 2 2
left_child=1 2 -1 -3 5 -2 -6
right_child=4 3 -4 -5 6 -7 -8
leaf_value=0 0 7.8648196960210629e-05 -0.0072106269738693675 -0.0049778343719724238 -0.0035191640621487072 0.0030461619799470522 5.9056479027410496e-05
leaf_weight=71 530 4533 121 121 111 483 514
leaf_count=71 530 4533 121 121 111 483 514
internal_value=0 -0.000201363 -0.00360177 -6.42445e-06 0.000592947 0.0013269 -0.000218742
internal_weight=0 4846 192 4654 1638 1013 625
internal_count=6484 4846 192 4654 1638 1013 625
is_linear=0
shrinkage=0.0926918


Tree=196
num_leaves=8
num_cat=0
split_feature=2 128 2 2 5 5 3
split_gain=0.0843488 0.224697 0.335061 0.221913 0.466006 0.294027 0.110064
threshold=-0.2520684678278306 1.0000000180025095e-35 1.7147329105062896 -0.74376881241136061 -1.5083116665592187 1.0000000180025095e-35 -0.20471023988934553
decision_type=2 2 2 2 2 2 2
left_child=3 2 -2 5 -5 -1 -3
right_child=1 6 -4 4 -6 -7 -8
leaf_value=-0.001350353203549445 0.0010983440724564252 -0.0027701334120105183 -0.0019967344641002365 0.0051158410132497723 -0.0028239260056529469 0.00075975482425612707 0
leaf_weight=844 2544 238 290 48 610 1691 219
leaf_count=844 2544 238 290 48 610 1691 219
internal_value=0 0.000328756 0.000694839 -0.000339478 -0.00185296 0 -0.00140882
internal_weight=0 3291 2834 3193 658 2535 457
internal_count=6484 3291 2834 3193 658 2535 457
is_linear=0
shrinkage=0.0926918


Tree=197
num_leaves=8
num_cat=0
split_feature=6 3 6 3 142 3 6
split_gain=0.0988759 1.01989 1.09228 0.546623 0.344703 0.301702 0.15888
threshold=1.0000000180025095e-35 -0.35801049499152188 1.0808259692608293 0.063306253405844462 1.0000000180025095e-35 -0.21157249793023691 -1.2000773943477034
decision_type=2 2 2 2 2 2 2
left_child=4 2 -2 -3 6 -6 -1
right_child=1 3 -4 -5 5 -7 -8
leaf_value=-0.00060943309129415099 -0.0071045073023327434 0.0020828832541407312 0.0043252854628588943 -0.00064667864709495892 -0.001791070599505407 0.0014284506115663865 0.0014018787849156868
leaf_weight=224 338 920 60 1843 882 266 1951
leaf_count=224 338 920 60 1843 882 266 1951
internal_value=0 -0.000374341 -0.00475893 0.00017795 0.00034926 -0.000835355 0.00108442
internal_weight=0 3161 398 2763 3323 1148 2175
internal_count=6484 3161 398 2763 3323 1148 2175
is_linear=0
shrinkage=0.0926918


Tree=198
num_leaves=7
num_cat=0
split_feature=4 3 5 0 0 4
split_gain=0.0875128 0.622772 0.478101 0.554485 0.404588 0.371188
threshold=0.70391408178968351 5.8278619608881916 -1.5083116665592187 -0.075411545735811242 -0.064148209853475691 0.45479807565894603
decision_type=2 2 2 2 2 2
left_child=1 5 4 -4 -2 -1
right_child=2 -3 3 -5 -6 -7
leaf_value=5.6281031087820674e-06 0 0.013693738839813365 0.001499545442600618 -0.0017788990841519936 0.011111022866245643 -0.0019989056358570003
leaf_weight=3571 98 22 1014 777 61 941
leaf_count=3571 98 22 1014 777 61 941
internal_value=0 -0.000226552 0.000515259 0 0.00531738 -0.000361227
internal_weight=0 4534 1950 1791 159 4512
internal_count=6484 4534 1950 1791 159 4512
is_linear=0
shrinkage=0.0926918


Tree=199
num_leaves=8
num_cat=0
split_feature=87 10 10 8 9 3 8
split_gain=0.0884443 0.165483 0.326655 0.142007 0.338565 0.173161 0.020234
threshold=1.0000000180025095e-35 -1.0185636624836845 -1.2370868786109843 -0.57314525783748138 0.068797963261645875 0.4106271438717129 -0.093428360194432528
decision_type=2 2 2 2 2 2 2
left_child=3 2 -2 4 -1 -5 -3
right_child=1 6 -4 5 -6 -7 -8
leaf_value=0.0024274460603584281 0 -0.001013501882422805 -0.013358071286053298 -0.00051840655407094484 0 0.00091324648263615721 9.3670702214305099e-05
leaf_weight=687 44 163 23 3276 1252 855 184
leaf_count=687 44 163 23 3276 1252 855 184
internal_value=0 -0.00129546 -0.00544571 9.71492e-05 0.00077473 -0.000163715 0
internal_weight=0 414 67 6070 1939 4131 347
internal_count=6484 414 67 6070 1939 4131 347
is_linear=0
shrinkage=0.0926918


Tree=200
num_leaves=8
num_cat=0
split_feature=0 7 8 20 5 0 2
split_gain=0.0856879 0.149012 0.179992 0.147131 0.11735 0.0941677 0.028126
threshold=1.3693959032499348 -0.94582251738764833 -0.69110968727427524 1.0000000180025095e-35 1.0000000180025095e-35 2.3132824591068215 -0.2520684678278306
decision_type=2 2 2 2 2 2 2
left_child=3 5 -3 4 -1 -2 -5
right_child=1 2 -4 6 -6 -7 -8
leaf_value=-0.0004614823706252521 -0.0053828511171801997 0.00077439664010479068 -0.0027586894222183167 0 0.00039400788292441374 0 0.0081785224554591206
leaf_weight=2112 90 396 167 18 3641 41 19
leaf_count=2112 90 396 167 18 3641 41 19
internal_value=0 -0.000966549 0 0.000120067 3.8391e-05 -0.00377509 0.00567145
internal_weight=0 694 563 5790 5753 131 37
internal_count=6484 694 563 5790 5753 131 37
is_linear=0
shrinkage=0.0926918


Tree=201
num_leaves=8
num_cat=0
split_feature=6 4 8 9 142 5 5
split_gain=0.0881783 0.409165 1.06691 0.355412 0.277895 0.582699 0.289877
threshold=1.0000000180025095e-35 0.8284720848550523 0.54768031008814 -0.48439981715875513 1.0000000180025095e-35 -1.5083116665592187 -1.5083116665592187
decision_type=2 2 2 2 2 2 2
left_child=4 3 -3 -2 5 -1 -6
right_child=1 2 -4 -5 6 -7 -8
leaf_value=-0.0023007713837898671 0.00092555206830711881 0.0050804972422363991 -0.002367459430778476 -0.0015379108613355703 0.0042213220783466317 0.0017128734944384257 -0.0012697212817456944
leaf_weight=325 538 362 248 2013 70 1850 1078
leaf_count=325 538 362 248 2013 70 1850 1078
internal_value=0 -0.000346707 0.00166929 -0.000924282 0.000336628 0.00100006 -0.000712293
internal_weight=0 3161 610 2551 3323 2175 1148
internal_count=6484 3161 610 2551 3323 2175 1148
is_linear=0
shrinkage=0.0926918


Tree=202
num_leaves=8
num_cat=0
split_feature=9 8 8 9 4 8 5
split_gain=0.0897531 0.281014 0.618701 0.507355 0.116932 0.270064 0.117984
threshold=0.43699189580374947 -1.0665959626232482 -0.69110968727427524 0.36806889365301176 0.64163508025699911 -0.67379051053628736 -1.5083116665592187
decision_type=2 2 2 2 2 2 2
left_child=1 3 -3 -1 5 -2 -6
right_child=4 2 -4 -5 6 -7 -8
leaf_value=-0.00030171087269831765 0 0.0030950335551680726 -0.00036203464921921057 -0.0093262803988207101 0.0032770497493862837 0.0028292665173318046 -0.0008319409365205229
leaf_weight=384 530 497 3890 75 53 483 572
leaf_count=384 530 497 3890 75 53 483 572
internal_value=0 -0.000197075 0 -0.00236937 0.00059562 0.00124725 -8.30307e-05
internal_weight=0 4846 4387 459 1638 1013 625
internal_count=6484 4846 4387 459 1638 1013 625
is_linear=0
shrinkage=0.0926918


Tree=203
num_leaves=6
num_cat=0
split_feature=4 3 10 10 9
split_gain=0.0770761 0.542351 0.409616 0.383078 0.321584
threshold=0.70391408178968351 5.8278619608881916 -1.5993089901272375 -0.86381381557133585 0.62018198046755557
decision_type=2 2 2 2 2
left_child=1 4 -2 -4 -1
right_child=2 -3 3 -5 -6
leaf_value=-0.00075202335452966864 -0.0084905767155240425 0.012763390792562527 0.004176404273176856 0.00012442453369774484 0.0012018815719956519
leaf_weight=3686 34 22 251 1665 826
leaf_count=3686 34 22 251 1665 826
internal_value=0 -0.000211523 0.000484669 0.000788256 -0.000340639
internal_weight=0 4534 1950 1916 4512
internal_count=6484 4534 1950 1916 4512
is_linear=0
shrinkage=0.0926918


Tree=204
num_leaves=8
num_cat=0
split_feature=87 8 8 40 8 10 4
split_gain=0.0774004 0.150593 0.200833 0.109072 0.172473 0.140259 0.0379086
threshold=1.0000000180025095e-35 -0.93054405777851612 -1.3393624869961254 1.0000000180025095e-35 -0.29283634603853875 1.0311691443938362 0.39251907412626164
decision_type=2 2 2 2 2 2 2
left_child=3 2 -2 4 -1 -5 -3
right_child=1 6 -4 5 -6 -7 -8
leaf_value=0.00093076345546499919 0 0.00014972524401585206 -0.009577539615696011 -0.0014091465668283417 -9.6862389803342039e-05 0.0013933572374090453 -0.0015204985729928646
leaf_weight=2165 18 227 35 775 3023 107 134
leaf_count=2165 18 227 35 775 3023 107 134
internal_value=0 -0.00121323 -0.00575685 8.96353e-05 0.000286478 -0.000794572 0
internal_weight=0 414 53 6070 5188 882 361
internal_count=6484 414 53 6070 5188 882 361
is_linear=0
shrinkage=0.0926918


Tree=205
num_leaves=7
num_cat=0
split_feature=0 4 1 29 0 1
split_gain=0.0770916 0.438728 0.337506 0.150219 0.28811 0.173006
threshold=1.1021000233502289 1.1398670925184742 1.0000000180025095e-35 1.0000000180025095e-35 0.072225110717392557 -0.88202841491931638
decision_type=2 2 2 2 2 2
left_child=3 2 -2 5 -5 -1
right_child=1 -3 -4 4 -6 -7
leaf_value=-0.00073766214816811931 -0.0041045247234810798 0.0067971768390796107 0 -0.0038324980134594364 0.0011457231364960414 0.00057832134074281604
leaf_weight=937 280 48 667 221 76 4255
leaf_count=937 280 48 667 221 76 4255
internal_value=0 -0.000746993 -0.00141132 0.000137959 -0.00176963 0.00029447
internal_weight=0 995 947 5489 297 5192
internal_count=6484 995 947 5489 297 5192
is_linear=0
shrinkage=0.0926918


Tree=206
num_leaves=8
num_cat=0
split_feature=2 8 0 9 0 2 4
split_gain=0.0791708 0.230907 0.28167 0.230626 0.133082 0.337114 0.261851
threshold=1.0000000180025095e-35 0.45412047460334992 0.37561084256160232 -0.77822945790664011 -0.19058778131921128 -0.74376881241136061 1.3267040971165274
decision_type=2 2 2 2 2 2 2
left_child=4 2 -2 -3 5 -1 -6
right_child=1 3 -4 -5 6 -7 -8
leaf_value=0 0.0020557217785520188 0.0013144280471303017 -4.7527391977685046e-05 -0.001993152239666876 0.0004490772294383342 -0.0024253888054589514 -0.0055389899549993012
leaf_weight=1191 1024 183 729 532 2051 717 57
leaf_count=1191 1024 183 729 532 2051 717 57
internal_value=0 0.000411779 0.00104751 -0.000812057 -0.000254762 -0.000839708 0.000162438
internal_weight=0 2468 1753 715 4016 1908 2108
internal_count=6484 2468 1753 715 4016 1908 2108
is_linear=0
shrinkage=0.0926918


Tree=207
num_leaves=7
num_cat=0
split_feature=64 3 4 7 4 3
split_gain=0.0729754 0.394466 0.337265 0.223853 0.279041 0.244439
threshold=1.0000000180025095e-35 5.8278619608881916 1.7626571078453179 0.43840688481234952 0.9530300879204211 -0.51674876589968777
decision_type=2 2 2 2 2 2
left_child=1 2 -1 5 -5 -2
right_child=3 -3 -4 4 -6 -7
leaf_value=0 -0.0027897005426689545 0.012098690699794091 0.011578474454344586 -0.00035559340207567513 -0.011669589216617314 0.0013227977095272589
leaf_weight=5663 172 19 17 172 31 410
leaf_count=5663 172 19 17 172 31 410
internal_value=0 0.000113004 2.11126e-05 -0.000837726 -0.00345425 0
internal_weight=0 5699 5680 785 203 582
internal_count=6484 5699 5680 785 203 582
is_linear=0
shrinkage=0.0926918


Tree=208
num_leaves=8
num_cat=0
split_feature=72 4 1 2 5 3 3
split_gain=0.0761349 0.157291 0.253352 0.123044 0.266789 0.252589 0.0848817
threshold=1.0000000180025095e-35 -0.043433936602528894 -0.32569412341535736 1.0000000180025095e-35 -1.5083116665592187 -0.18664825881945227 0.11574426296359912
decision_type=2 2 2 2 2 2 2
left_child=3 6 -3 5 -5 -1 -2
right_child=1 2 -4 4 -6 -7 -8
leaf_value=-0.0010182365613048078 0.0020768823471323961 0 -0.0037495272053258196 -0.0022749338767704711 0.0010746307418155628 0.00050771206223809619 -0.00044930696445051734
leaf_weight=1744 162 182 287 185 2012 1805 107
leaf_count=1744 162 182 287 185 2012 1805 107
internal_value=0 -0.00088673 -0.00201514 0.000110493 0.00068002 -0.000175362 0.000209561
internal_weight=0 738 469 5746 2197 3549 269
internal_count=6484 738 469 5746 2197 3549 269
is_linear=0
shrinkage=0.0926918


Tree=209
num_leaves=8
num_cat=0
split_feature=87 10 7 0 8 3 4
split_gain=0.0697046 0.139088 0.277374 0.102101 0.127981 0.114118 0.0881196
threshold=1.0000000180025095e-35 -1.0185636624836845 -0.19998033947219487 -1.5495239125722542 -0.57314525783748138 -0.23766202614230497 0.39251907412626164
decision_type=2 2 2 2 2 2 2
left_child=3 2 -2 5 -5 -1 -3
right_child=1 6 -4 4 -6 -7 -8
leaf_value=0 0 0.00071136120380946766 -0.0093261465009760302 0.00084008342402787893 -5.4892462889484571e-05 -0.0042641338489909589 -0.0022108903992500459
leaf_weight=89 24 220 43 1804 4088 89 127
leaf_count=89 24 220 43 1804 4088 89 127
internal_value=0 -0.00116162 -0.00495662 7.48116e-05 0.000179114 -0.00198835 0
internal_weight=0 414 67 6070 5892 178 347
internal_count=6484 414 67 6070 5892 178 347
is_linear=0
shrinkage=0.0926918


Tree=210
num_leaves=8
num_cat=0
split_feature=6 3 6 3 7 64 3
split_gain=0.0715603 0.849902 0.862425 0.494657 0.270358 0.289599 0.199837
threshold=1.0000000180025095e-35 -0.346292865695283 1.0808259692608293 0.063306253405844462 1.3960799558916219 1.0000000180025095e-35 0.39528417070481453
decision_type=2 2 2 2 2 2 2
left_child=4 2 -2 -3 6 -6 -1
right_child=1 3 -4 -5 5 -7 -8
leaf_value=-0.00011349544151213696 -0.0063366586673875109 0.0020085234565097561 0.0034883878124471893 -0.00059492089522971997 0.0046150233997514101 -0.00042854702645361766 0.0037154215467806455
leaf_weight=2936 348 909 61 1843 234 36 117
leaf_count=2936 348 909 61 1843 234 36 117
internal_value=0 -0.000325725 -0.00427186 0.000180394 0.000289539 0.00307795 0
internal_weight=0 3161 409 2752 3323 270 3053
internal_count=6484 3161 409 2752 3323 270 3053
is_linear=0
shrinkage=0.0926918


Tree=211
num_leaves=8
num_cat=0
split_feature=0 4 1 0 1 1 2
split_gain=0.0752854 0.391446 0.267649 0.137012 0.991882 0.537105 0.0828533
threshold=1.1021000233502289 1.1398670925184742 1.0000000180025095e-35 -0.4356727177161786 0.6666353493441749 1.152056399978411 -0.2520684678278306
decision_type=2 2 2 2 2 2 2
left_child=3 2 -2 5 -5 -1 -3
right_child=1 6 -4 4 -6 -7 -8
leaf_value=-0.001283439261052656 -0.0038081738641706315 0 0 0.0012571846083068684 -0.004124397469071883 0.0015496800741346532 0.0099012175370311976
leaf_weight=1773 280 24 667 2602 314 800 24
leaf_count=1773 280 24 667 2602 314 800 24
internal_value=0 -0.000748631 -0.00138606 0.000125547 0.000590375 -0.000308803 0.00630933
internal_weight=0 995 947 5489 2916 2573 48
internal_count=6484 995 947 5489 2916 2573 48
is_linear=0
shrinkage=0.0926918


Tree=212
num_leaves=8
num_cat=0
split_feature=1 7 0 1 0 0 7
split_gain=0.0851662 0.402417 0.14978 0.147593 0.898192 0.354651 0.0442938
threshold=-1.0403836196158547 -0.032299867378429395 0.084009652420614908 -0.29762001460719861 -0.75993737782514204 -1.1480061400807429 -0.019661888480888297
decision_type=2 2 2 2 2 2 2
left_child=1 2 -1 4 -2 -5 -3
right_child=3 6 -4 5 -6 -7 -8
leaf_value=0 -0.0020472016906379403 0.0034724031284205873 -0.0054140192129997801 0.00232788219431953 0.0020804872908659856 -0.00056080661186196589 0
leaf_weight=27 604 27 180 389 1464 3349 444
leaf_count=27 604 27 180 389 1464 3349 444
internal_value=0 -0.000989538 -0.0044149 0.000104376 0.000757925 -0.000193935 4.26229e-05
internal_weight=0 678 207 5806 2068 3738 471
internal_count=6484 678 207 5806 2068 3738 471
is_linear=0
shrinkage=0.0926918


Tree=213
num_leaves=8
num_cat=0
split_feature=9 3 8 8 8 9 4
split_gain=0.0728474 0.351861 0.257748 0.231816 0.495953 0.408453 0.129015
threshold=0.43699189580374947 -0.49758623401191565 -0.083505968162062086 -1.0665959626232482 -0.69110968727427524 0.36806889365301176 0.57935607872431483
decision_type=2 2 2 2 2 2 2
left_child=3 2 -2 5 -5 -1 -3
right_child=1 6 -4 4 -6 -7 -8
leaf_value=-0.00023905331568489208 -0.0027513081571106657 0.0022364183758318986 0.0014390754448397954 0.002760540238032478 -0.00033549762714078313 -0.0084269020425635152 0
leaf_weight=384 373 738 103 497 3890 75 424
leaf_count=384 373 738 103 497 3890 75 424
internal_value=0 0.00052324 -0.00134305 -0.000190575 0 -0.00216237 0.00149454
internal_weight=0 1638 476 4846 4387 459 1162
internal_count=6484 1638 476 4846 4387 459 1162
is_linear=0
shrinkage=0.0926918


Tree=214
num_leaves=7
num_cat=0
split_feature=1 1 0 1 7 128
split_gain=0.083045 0.132671 1.1777 0.835419 0.131372 0.0943868
threshold=2.1086645298674367 1.3125125251083161 -0.68365887456215835 1.0632154057701528 -1.1177047557731543 1.0000000180025095e-35
decision_type=2 2 2 2 2 2
left_child=1 3 -3 -1 -2 -6
right_child=4 2 -4 -5 5 -7
leaf_value=5.1490490876297614e-05 0 0.0048736790823192457 -0.0024320641474164465 -0.008286507508460236 -0.0043154294452117424 0
leaf_weight=5467 47 389 317 100 137 27
leaf_count=5467 47 389 317 100 137 27
internal_value=0 4.97515e-05 0.00126314 -6.22318e-05 -0.00179911 -0.00329124
internal_weight=0 6273 706 5567 211 164
internal_count=6484 6273 706 5567 211 164
is_linear=0
shrinkage=0.0926918


Tree=215
num_leaves=8
num_cat=0
split_feature=0 3 0 3 0 29 3
split_gain=0.0685602 0.467033 0.396278 0.112988 0.476832 0.168999 0.110117
threshold=1.6665776075718222 1.4713639174566624 1.979449200446284 1.4204148884172147 -0.018956211076381697 1.0000000180025095e-35 -0.68610411528621362
decision_type=2 2 2 2 2 2 2
left_child=3 6 -3 5 -5 -1 -2
right_child=1 2 -4 4 -6 -7 -8
leaf_value=8.2392005617061415e-05 -0.0037314177789321496 -0.01920421620871221 0 -0.00052900536596737916 0.0051128551882062426 -0.0021312864920093608 0.00063408128250497361
leaf_weight=5364 54 17 27 209 188 307 318
leaf_count=5364 54 17 27 209 188 307 318
internal_value=0 -0.00115504 -0.00969774 6.77579e-05 0.00157685 0 0
internal_weight=0 416 44 6068 397 5671 372
internal_count=6484 416 44 6068 397 5671 372
is_linear=0
shrinkage=0.0926918


Tree=216
num_leaves=7
num_cat=0
split_feature=4 5 0 7 9 0
split_gain=0.0719903 0.384466 0.491058 0.342232 0.346198 0.310098
threshold=0.70391408178968351 -1.5083116665592187 -0.10562542126207504 -1.9152441011809629 0.62018198046755557 -0.064148209853475691
decision_type=2 2 2 2 2 2
left_child=3 5 -3 -1 -5 -2
right_child=1 2 -4 4 -6 -7
leaf_value=-0.0081018549565984206 0 0.0014153154392634779 -0.001666538009335346 -0.00051091298323640536 0.0015903125554983509 0.0098515892167062146
leaf_weight=43 98 1004 787 3689 802 61
leaf_count=43 98 1004 787 3689 802 61
internal_value=0 0.000453768 0 -0.000218182 -8.13563e-05 0.00475882
internal_weight=0 1950 1791 4534 4491 159
internal_count=6484 1950 1791 4534 4491 159
is_linear=0
shrinkage=0.0926918


Tree=217
num_leaves=8
num_cat=0
split_feature=1 0 1 0 0 3 9
split_gain=0.0784756 0.321506 0.157924 1.06832 0.423035 0.100904 0.0129014
threshold=1.9919928395956741 -1.1933648027889781 1.3901390466172447 -0.68365887456215835 -0.67256736497553471 -0.23766202614230497 1.8417515054286719
decision_type=2 2 2 2 2 2 2
left_child=2 5 4 -4 -1 -2 -3
right_child=1 6 3 -5 -6 -7 -8
leaf_value=-0.001618256783109632 0.0033483579015857589 -0.0056177197730404955 0.0060172919729524236 -0.0019839895428591468 0.00033471275569680361 -0.00024566070053620134 0
leaf_weight=1196 72 107 259 251 4446 124 29
leaf_count=1196 72 107 259 251 4446 124 29
internal_value=0 -0.00138943 6.29173e-05 0.00163341 -3.80177e-05 0 -0.00492574
internal_weight=0 332 6152 510 5642 196 136
internal_count=6484 332 6152 510 5642 196 136
is_linear=0
shrinkage=0.0926918


Tree=218
num_leaves=8
num_cat=0
split_feature=0 3 7 3 7 8 3
split_gain=0.0695618 0.135933 0.128168 0.220502 0.178383 0.0919538 0.00727498
threshold=-1.5495239125722542 -0.23766202614230497 -1.6281444700947179 -0.4558300412159258 -1.1353819073079838 -0.58476638780573043 -0.76968123916159781
decision_type=2 2 2 2 2 2 2
left_child=1 6 3 -2 -4 -3 -1
right_child=2 5 4 -5 -6 -7 -8
leaf_value=0 0 0 -0.0018670697975124234 0.0050751205499182366 9.5987406829491198e-05 -0.0097794322451087122 0.00088594908642575644
leaf_weight=18 89 67 420 112 5681 22 75
leaf_count=18 89 67 420 112 5681 22 75
internal_value=0 -0.00177683 3.65652e-05 0.00232294 -1.39112e-06 -0.00433197 0
internal_weight=0 182 6302 201 6101 89 93
internal_count=6484 182 6302 201 6101 89 93
is_linear=0
shrinkage=0.0926918


Tree=219
num_leaves=8
num_cat=0
split_feature=0 4 1 4 8 1 2
split_gain=0.0685008 0.351416 0.254742 0.143049 0.153333 0.119977 0.0625801
threshold=1.1021000233502289 1.1398670925184742 0.45006763518912357 -1.7249669779850065 -1.0541978183909542 -1.4746504513814278 -0.2520684678278306
decision_type=2 2 2 2 2 2 2
left_child=3 2 -2 5 -5 -1 -3
right_child=1 6 -4 4 -6 -7 -8
leaf_value=0 -0.0025038047060311312 0 0.00012081640656482406 -0.0016293058774411134 0.00014224851213138337 0.0025981450332334152 0.0091135625792031633
leaf_weight=23 615 24 332 456 4670 340 24
leaf_count=23 615 24 332 456 4670 340 24
internal_value=0 -0.000722632 -0.00133685 0.000110053 0 0.00187726 0.00591347
internal_weight=0 995 947 5489 5126 363 48
internal_count=6484 995 947 5489 5126 363 48
is_linear=0
shrinkage=0.0926918


Tree=220
num_leaves=8
num_cat=0
split_feature=1 0 0 1 1 1 7
split_gain=0.0668463 1.13197 0.367033 0.507266 0.352696 0.21831 0.146405
threshold=1.6801231064576856 -1.1933648027889781 -1.1619104895119527 -0.62888078648141466 2.1373553597719206 -0.80219094926834666 0.58395044441370236
decision_type=2 2 2 2 2 2 2
left_child=2 4 3 -1 -2 -4 -3
right_child=1 6 5 -5 -6 -7 -8
leaf_value=0 0.0051020676426022423 -0.0068544138403772948 -0.00069131271980608878 -0.0052666093017198741 0 0.0006732713120419908 0
leaf_weight=255 176 205 1159 245 114 4284 46
leaf_count=255 176 205 1159 245 114 4284 46
internal_value=0 -0.000992531 7.86751e-05 -0.00225489 0.00238206 0.000338569 -0.00579724
internal_weight=0 541 5943 500 290 5443 251
internal_count=6484 541 5943 500 290 5443 251
is_linear=0
shrinkage=0.0926918


Tree=221
num_leaves=8
num_cat=0
split_feature=6 3 6 3 142 5 10
split_gain=0.0756033 0.68102 0.750798 0.379856 0.223707 0.49171 0.224321
threshold=1.0000000180025095e-35 -0.35801049499152188 1.0808259692608293 0.063306253405844462 1.0000000180025095e-35 -1.5083116665592187 0.30473050368493643
decision_type=2 2 2 2 2 2 2
left_child=4 2 -2 -3 5 -1 -6
right_child=1 3 -4 -5 6 -7 -8
leaf_value=-0.002118509947611211 -0.005910942320788125 0.0017001149826304327 0.0032181411943833652 -0.00057771077381647221 -0.0016789264663465936 0.0015549824535620214 0.00078524896716564488
leaf_weight=325 338 920 60 1843 759 1850 389
leaf_count=325 338 920 60 1843 759 1850 389
internal_value=0 -0.000339308 -0.00392096 9.61138e-05 0.000292709 0.000893275 -0.000637155
internal_weight=0 3161 398 2763 3323 2175 1148
internal_count=6484 3161 398 2763 3323 2175 1148
is_linear=0
shrinkage=0.0926918


Tree=222
num_leaves=7
num_cat=0
split_feature=64 4 10 8 10 5
split_gain=0.0656628 0.299008 0.193154 0.172065 0.149264 0.110858
threshold=1.0000000180025095e-35 1.7626571078453179 -0.79839347453219756 -1.5785784130298077 -0.41499437229857189 1.0000000180025095e-35
decision_type=2 2 2 2 2 2
left_child=1 3 5 -1 -4 -2
right_child=2 -3 4 -5 -6 -7
leaf_value=-0.0030208945580289886 0 0.011005042191733582 -0.004771214287542928 0.00013732591185245822 -0.00038073659158347135 0.0028842027476721484
leaf_weight=146 61 17 135 5536 454 135
leaf_count=146 61 17 135 5536 454 135
internal_value=0 9.53609e-05 -0.000805464 1.18253e-05 -0.00181832 0.00102086
internal_weight=0 5699 785 5682 589 196
internal_count=6484 5699 785 5682 589 196
is_linear=0
shrinkage=0.0926918


Tree=223
num_leaves=8
num_cat=0
split_feature=40 9 9 3 10 7 10
split_gain=0.0653126 0.175732 0.771331 0.666495 0.108496 0.156747 0.047396
threshold=1.0000000180025095e-35 -0.4490314344761393 -0.56148475377471219 5.8278619608881916 1.0311691443938362 -0.87072080682318653 1.8693588683559141
decision_type=2 2 2 2 2 2 2
left_child=1 2 -1 -3 5 -2 -6
right_child=4 3 -4 -5 6 -7 -8
leaf_value=8.1395543875016789e-05 -0.0039670946245462255 0.00029823553764028033 -0.0053701256007657339 0.016889207823358749 0.0023865301158991037 -0.00017777020224009913 0
leaf_weight=1176 164 4158 251 17 86 611 21
leaf_count=1176 164 4158 251 17 86 611 21
internal_value=0 0.000101436 -0.000725122 0.000441522 -0.00075355 -0.00130447 0.000988095
internal_weight=0 5602 1427 4175 882 775 107
internal_count=6484 5602 1427 4175 882 775 107
is_linear=0
shrinkage=0.0926918


Tree=224
num_leaves=8
num_cat=0
split_feature=4 7 7 10 7 1 0
split_gain=0.0655696 0.388069 1.124 0.409945 0.273802 0.219978 0.00173079
threshold=0.70391408178968351 0.67368651570607685 1.3001000925479376 -0.022916972232552398 -1.9152441011809629 -0.80959257773403637 -1.204944038107737
decision_type=2 2 2 2 2 2 2
left_child=4 3 -3 -2 6 -6 -1
right_child=1 2 -4 -5 5 -7 -8
leaf_value=-0.0092415042807606103 -0.00037085426986866582 -0.0064123382762984312 0.0027251779023398956 0.0024495069912138737 -0.0014133262086369225 0.00018929287526626829 0
leaf_weight=25 592 232 180 946 890 3601 18
leaf_count=25 592 232 180 946 890 3601 18
internal_value=0 0.00043718 -0.00186168 0.0012114 -0.000204484 -7.63654e-05 -0.00726773
internal_weight=0 1950 412 1538 4534 4491 43
internal_count=6484 1950 412 1538 4534 4491 43
is_linear=0
shrinkage=0.0926918


Tree=225
num_leaves=8
num_cat=0
split_feature=128 10 9 2 9 2 4
split_gain=0.0687691 0.217692 0.192413 0.151486 0.280643 0.268112 0.0957068
threshold=1.0000000180025095e-35 -1.4069217920501065 -1.8982282428561426 1.7147329105062896 0.15223107112833081 -0.2520684678278306 0.76619308332236791
decision_type=2 2 2 2 2 2 2
left_child=3 6 -3 5 -5 -1 -2
right_child=1 2 -4 4 -6 -7 -8
leaf_value=-0.00031353760044277625 -0.0089941639342713698 -0.0064802176836140403 0 -0.0042628024186140484 0.00016225131657471211 0.00097114204649963805 0
leaf_weight=2704 35 35 859 183 107 2544 17
leaf_count=2704 35 35 859 183 107 2544 17
internal_value=0 -0.00074293 -0.00011155 0.000109247 -0.00184349 0.000264105 -0.0064879
internal_weight=0 946 894 5538 290 5248 52
internal_count=6484 946 894 5538 290 5248 52
is_linear=0
shrinkage=0.0926918


Tree=226
num_leaves=8
num_cat=0
split_feature=72 1 64 0 2 8 3
split_gain=0.0657092 0.120829 0.0936306 0.264068 0.173225 0.0839628 0.0696592
threshold=1.0000000180025095e-35 -0.31140856236475878 1.0000000180025095e-35 -0.24922285049557605 1.0000000180025095e-35 0.39256943397427652 -0.35801049499152188
decision_type=2 2 2 2 2 2 2
left_child=2 6 4 -4 -1 -3 -2
right_child=1 5 3 -5 -6 -7 -8
leaf_value=-9.3283578518902279e-05 0.0023471785180833342 -0.0025189373805764711 0.00046652407467472393 -0.0025694382214661408 0.00097668932304838122 0 -0.00017098674089154861
leaf_weight=3050 103 355 386 399 1911 96 184
leaf_count=3050 103 355 386 399 1911 96 184
internal_value=0 -0.000838687 8.5657e-05 -0.000780481 0.000271356 -0.00185065 0
internal_weight=0 738 5746 785 4961 451 287
internal_count=6484 738 5746 785 4961 451 287
is_linear=0
shrinkage=0.0926918


Tree=227
num_leaves=5
num_cat=0
split_feature=27 0 0 3
split_gain=0.0651305 0.0798859 0.411708 0.260108
threshold=1.0000000180025095e-35 -0.6160851039195081 -0.70800729439749599 -1.3070737297034756
decision_type=2 2 2 2
left_child=1 2 -1 -3
right_child=-2 3 -4 -5
leaf_value=0 0.0040372984418102116 -0.0089787794473393696 -0.0042851088385486248 0.0002306791737476659
leaf_weight=1673 29 21 222 4539
leaf_count=1673 29 21 222 4539
internal_value=0 -4.19445e-05 -0.00057322 0.000126929
internal_weight=0 6455 1895 4560
internal_count=6484 6455 1895 4560
is_linear=0
shrinkage=0.0926918


Tree=228
num_leaves=8
num_cat=0
split_feature=40 2 10 2 8 8 5
split_gain=0.0637406 0.117854 0.218031 0.206904 0.115764 0.72262 0.177716
threshold=1.0000000180025095e-35 1.7147329105062896 0.39325191872725479 1.2230325659227597 0.54768031008814 0.55714793590029577 1.0000000180025095e-35
decision_type=2 2 2 2 2 2 2
left_child=4 3 -3 -2 6 -6 -1
right_child=1 2 -4 -5 5 -7 -8
leaf_value=-0.00029940663370232662 -0.00095385259049402167 -0.008781833737127211 0 0.0033482078969267162 -0.016102319364490126 -0.0001094684653464686 0.00086754473931305591
leaf_weight=1560 730 39 17 96 21 1400 2621
leaf_count=1560 730 39 17 96 21 1400 2621
internal_value=0 -0.000749512 -0.00496016 -0.000150743 9.40198e-05 -0.000564733 0.000375287
internal_weight=0 882 56 826 5602 1421 4181
internal_count=6484 882 56 826 5602 1421 4181
is_linear=0
shrinkage=0.0926918


Tree=229
num_leaves=7
num_cat=0
split_feature=128 8 8 4 8 10
split_gain=0.0667728 0.183261 0.155947 0.138886 0.355108 0.281543
threshold=1.0000000180025095e-35 -1.5103088433863709 -0.255497303048762 0.8284720848550523 0.54768031008814 -0.22751307343087612
decision_type=2 2 2 2 2 2
left_child=3 -2 -3 5 -5 -1
right_child=1 2 -4 4 -6 -7
leaf_value=0.00068981743902416003 -0.0079313197027994428 0.0007741853018554337 -0.0014874282881216121 0.0021142902613690453 -0.0009658926773768304 -0.00080515230787992734
leaf_weight=1839 28 407 511 863 384 2452
leaf_count=1839 28 407 511 863 384 2452
internal_value=0 -0.000743836 -0.000227294 9.27861e-05 0.000975104 -0.000108858
internal_weight=0 946 918 5538 1247 4291
internal_count=6484 946 918 5538 1247 4291
is_linear=0
shrinkage=0.0926918


Tree=230
num_leaves=8
num_cat=0
split_feature=0 7 8 3 0 29 7
split_gain=0.0668318 0.187459 0.380989 0.320183 0.18665 0.174323 0.162761
threshold=0.80886408595216375 -0.23764331107887302 -0.66707327027162255 -0.65464130955156097 0.56555977247618328 1.0000000180025095e-35 0.69070075615883642
decision_type=2 2 2 2 2 2 2
left_child=4 3 -3 -2 5 -1 -6
right_child=1 2 -4 -5 6 -7 -8
leaf_value=9.3979888884860617e-05 -0.0041745467530645234 0 -0.0036290418524274884 0.0014147621865264442 0.0028534180241581268 -0.0023436779102996171 0
leaf_weight=4373 90 365 400 570 374 261 51
leaf_count=4373 90 365 400 570 374 261 51
internal_value=0 -0.000587488 -0.0016343 0.000269832 0.000126302 0 0.00198005
internal_weight=0 1425 765 660 5059 4634 425
internal_count=6484 1425 765 660 5059 4634 425
is_linear=0
shrinkage=0.0926918


Tree=231
num_leaves=8
num_cat=0
split_feature=0 3 9 9 0 8 3
split_gain=0.0630104 0.128569 0.112652 0.175205 0.149499 0.060518 0.00685872
threshold=-1.5495239125722542 -0.23766202614230497 0.67822240333133432 0.90040839710674303 1.1382673849360494 -0.58476638780573043 -0.76968123916159781
decision_type=2 2 2 2 2 2 2
left_child=1 6 4 -4 -2 -3 -1
right_child=2 5 3 -5 -6 -7 -8
leaf_value=0 3.1311537351638147e-05 0 0.0032171357497008902 0 -0.0013744655539490109 -0.0090123183435645085 0.00086022938504361419
leaf_weight=18 4557 67 228 808 709 22 75
leaf_count=18 4557 67 228 808 709 22 75
internal_value=0 -0.00169886 2.07776e-05 0.00093123 -0.000113735 -0.00418928 0
internal_weight=0 182 6302 1036 5266 89 93
internal_count=6484 182 6302 1036 5266 89 93
is_linear=0
shrinkage=0.0926918


Tree=232
num_leaves=8
num_cat=0
split_feature=1 0 0 1 1 3 1
split_gain=0.0620182 0.927262 0.311531 0.422479 0.293686 0.274512 0.191149
threshold=1.6801231064576856 -1.1933648027889781 -1.1619104895119527 -0.62888078648141466 2.1373553597719206 1.0776256777896707 1.3901390466172447
decision_type=2 2 2 2 2 2 2
left_child=2 4 3 -1 -2 -3 -4
right_child=1 5 6 -5 -6 -7 -8
leaf_value=0 0.0045452827350163719 -0.0066207430558716 0.00012673225913716984 -0.0048309820916273664 0 0 0.0027105461628093921
leaf_weight=255 176 215 5167 245 114 36 276
leaf_count=255 176 215 5167 245 114 36 276
internal_value=0 -0.000967412 6.10889e-05 -0.00208617 0.0020253 -0.00533244 0.000303739
internal_weight=0 541 5943 500 290 251 5443
internal_count=6484 541 5943 500 290 251 5443
is_linear=0
shrinkage=0.0926918


Tree=233
num_leaves=8
num_cat=0
split_feature=87 8 8 0 9 8 0
split_gain=0.0590537 0.127257 0.175517 0.0870922 0.110823 0.0632728 0.0245797
threshold=1.0000000180025095e-35 -0.93054405777851612 -1.3393624869961254 -1.5495239125722542 0.67822240333133432 -0.65792207475797337 -0.088611143253913435
decision_type=2 2 2 2 2 2 2
left_child=3 2 -2 5 -5 -1 -3
right_child=1 6 -4 4 -6 -7 -8
leaf_value=0 0 -0.00095183880882116498 -0.0088315237068247836 0 0.0010523512358157081 -0.0046728448255443818 0.00033550861801754338
leaf_weight=129 18 209 35 4912 980 49 152
leaf_count=129 18 209 35 4912 980 49 152
internal_value=0 -0.00108178 -0.00524129 5.36346e-05 0.000153124 -0.00185359 0
internal_weight=0 414 53 6070 5892 178 361
internal_count=6484 414 53 6070 5892 178 361
is_linear=0
shrinkage=0.0926918


Tree=234
num_leaves=8
num_cat=0
split_feature=1 0 0 1 0 1 1
split_gain=0.0587419 0.229516 0.673844 0.109787 0.53521 0.271161 0.00903776
threshold=-1.6301706789812949 0.48857487592720095 0.13335428715006878 -0.29762001460719861 -1.1619104895119527 -0.16698435389527724 -1.7292210630775162
decision_type=2 2 2 2 2 2 2
left_child=1 2 -1 4 -2 -5 -3
right_child=3 6 -4 5 -6 -7 -8
leaf_value=0 -0.0021539928883635064 0.00070634977050446936 -0.011391126945929553 -0.002661688796093385 0.001280720526147607 0 0
leaf_weight=81 443 151 59 353 1989 3385 23
leaf_count=81 443 151 59 353 1989 3385 23
internal_value=0 -0.00124703 -0.00413038 3.85905e-05 0.000554252 -0.000233432 0
internal_weight=0 314 140 6170 2432 3738 174
internal_count=6484 314 140 6170 2432 3738 174
is_linear=0
shrinkage=0.0926918


Tree=235
num_leaves=7
num_cat=0
split_feature=6 3 4 142 64 3
split_gain=0.0690211 0.572766 0.322364 0.230274 0.268013 0.236285
threshold=1.0000000180025095e-35 -1.2285461919336529 0.8284720848550523 1.0000000180025095e-35 1.0000000180025095e-35 -0.21157249793023691
decision_type=2 2 2 2 2 2
left_child=3 -2 -3 4 -1 -5
right_child=1 2 -4 5 -6 -7
leaf_value=0.0012812439014925421 -0.015161606258731581 -0.00067617665068017978 0.0016654886084603911 -0.0015460405095592414 -0.0019011805791456018 0.0012829379506514365
leaf_weight=1977 18 2543 600 882 198 266
leaf_count=1977 18 2543 600 882 198 266
internal_value=0 -0.000334468 -0.000151562 0.000267929 0.00087865 -0.000681038
internal_weight=0 3161 3143 3323 2175 1148
internal_count=6484 3161 3143 3323 2175 1148
is_linear=0
shrinkage=0.0926918


Tree=236
num_leaves=8
num_cat=0
split_feature=128 10 9 2 2 2 4
split_gain=0.057709 0.18026 0.159518 0.110971 0.219874 0.207819 0.0848155
threshold=1.0000000180025095e-35 -1.4069217920501065 -1.8982282428561426 -0.2520684678278306 -0.74376881241136061 1.7147329105062896 0.76619308332236791
decision_type=2 2 2 2 2 2 2
left_child=3 6 -3 4 -1 -5 -2
right_child=1 2 -4 5 -6 -7 -8
leaf_value=3.2045064981332953e-05 -0.0082912298915596445 -0.0058968085507252067 0 0.00085442738929252633 -0.0019552472459419888 -0.0015427448190273947 0
leaf_weight=2158 35 35 859 2544 546 290 17
leaf_count=2158 35 35 859 2544 546 290 17
internal_value=0 -0.000691633 -9.20351e-05 8.60921e-05 -0.000283813 0.000522963 -0.00593649
internal_weight=0 946 894 5538 2704 2834 52
internal_count=6484 946 894 5538 2704 2834 52
is_linear=0
shrinkage=0.0926918


Tree=237
num_leaves=8
num_cat=0
split_feature=40 9 9 3 4 0 4
split_gain=0.0585964 0.12677 0.653072 0.566073 0.103677 0.208026 0.103729
threshold=1.0000000180025095e-35 -0.4490314344761393 -0.5261163710920963 5.8278619608881916 0.33024007259357724 0.11439483071167932 -1.102176962658163
decision_type=2 2 2 2 2 2 2
left_child=1 2 -1 -3 6 -6 -2
right_child=4 3 -4 -5 5 -7 -8
leaf_value=0 -0.0013650968110480574 0.0002370897799988333 -0.0056807608360216972 0.015522826019188639 0 -0.0038111437847727983 0.0016471684182892913
leaf_weight=1241 132 4158 186 17 308 212 230
leaf_count=1241 132 4158 186 17 308 212 230
internal_value=0 7.89681e-05 -0.000614675 0.000373552 -0.000726901 -0.00160961 0
internal_weight=0 5602 1427 4175 882 520 362
internal_count=6484 5602 1427 4175 882 520 362
is_linear=0
shrinkage=0.0926918


Tree=238
num_leaves=8
num_cat=0
split_feature=1 1 0 8 10 0 0
split_gain=0.0556572 0.257238 0.924004 0.27855 0.192212 0.318325 0.0680969
threshold=-0.80219094926834666 -0.39238467033693863 -1.1619104895119527 0.54768031008814 -1.1327692046632667 0.13335428715006878 0.84537818863683711
decision_type=2 2 2 2 2 2 2
left_child=4 2 -2 -3 6 -6 -1
right_child=1 3 -4 -5 5 -7 -8
leaf_value=0.0041055723217676802 -0.0033395286927743414 0.00014595881059255899 0.0028945485114692244 -0.001708727515931789 0 -0.0027709713644524492 0
leaf_weight=69 231 3201 885 837 650 535 76
leaf_count=69 231 3201 885 837 650 535 76
internal_value=0 0.000112311 0.00138279 -0.000180985 -0.000556364 -0.0010881 0.00209393
internal_weight=0 5154 1116 4038 1330 1185 145
internal_count=6484 5154 1116 4038 1330 1185 145
is_linear=0
shrinkage=0.0926918


Tree=239
num_leaves=8
num_cat=0
split_feature=0 1 128 9 0 1 8
split_gain=0.0585164 0.24728 0.295728 0.278334 0.147356 0.166081 0.115074
threshold=0.80886408595216375 0.45006763518912357 1.0000000180025095e-35 0.62018198046755557 0.56555977247618328 0.6666353493441749 -0.051691147570482592
decision_type=2 2 2 2 2 2 2
left_child=4 3 -3 -2 6 -6 -1
right_child=1 2 -4 -5 5 -7 -8
leaf_value=0.000438052646751618 -0.0024817235939132171 0.0025380226434378078 -0.0034794330903145472 0.00029617630760852073 0.0026601241405040752 -0.00074636618933648132 -0.00048351611746760023
leaf_weight=2307 715 348 57 305 384 41 2327
leaf_count=2307 715 348 57 305 384 41 2327
internal_value=0 -0.000542171 0.00107893 -0.00142065 0.000127658 0.00177169 0
internal_weight=0 1425 405 1020 5059 425 4634
internal_count=6484 1425 405 1020 5059 425 4634
is_linear=0
shrinkage=0.0926918


Tree=240
num_leaves=8
num_cat=0
split_feature=6 3 0 3 64 8 7
split_gain=0.0524825 0.554732 0.656637 0.319619 0.173758 0.346923 0.290274
threshold=1.0000000180025095e-35 -0.346292865695283 -0.70800729439749599 0.063306253405844462 1.0000000180025095e-35 -0.50393200607044597 1.3960799558916219
decision_type=2 2 2 2 2 2 2
left_child=4 2 -2 -3 6 -6 -1
right_child=1 3 -4 -5 5 -7 -8
leaf_value=0.00018178661328617371 0.0015777652383385118 0.0015908186113364666 -0.0056860692528663158 -0.00050123972790099577 0.0006972760719802445 -0.0038774760615062445 0.0037184394489664955
leaf_weight=2667 92 909 317 1843 182 240 234
leaf_count=2667 92 909 317 1843 182 240 234
internal_value=0 -0.000287611 -0.00347599 0.000104744 0.000238357 -0.00135912 0.000554643
internal_weight=0 3161 409 2752 3323 422 2901
internal_count=6484 3161 409 2752 3323 422 2901
is_linear=0
shrinkage=0.0926918


Tree=241
num_leaves=8
num_cat=0
split_feature=72 4 4 40 4 10 8
split_gain=0.0618416 0.12741 0.115286 0.0864951 0.15594 0.088528 0.0723757
threshold=1.0000000180025095e-35 -0.043433936602528894 0.8907510863877367 1.0000000180025095e-35 0.70391408178968351 1.0311691443938362 -0.91094488396187423
decision_type=2 2 2 2 2 2 2
left_child=3 6 -3 4 -1 -5 -2
right_child=1 2 -4 5 -6 -7 -8
leaf_value=0 -0.00095520345824567378 -0.0024345187257304064 0 -0.0011869096793771152 0.0010800179380615047 0.00078002812278543275 0.0016529057786314016
leaf_weight=3388 70 428 41 775 1476 107 199
leaf_count=3388 70 428 41 775 1476 107 199
internal_value=0 -0.000805285 -0.00182278 9.30053e-05 0.000282033 -0.000676378 9.76456e-05
internal_weight=0 738 469 5746 4864 882 269
internal_count=6484 738 469 5746 4864 882 269
is_linear=0
shrinkage=0.0926918


Tree=242
num_leaves=7
num_cat=0
split_feature=87 8 8 8 10 4
split_gain=0.0541791 0.120741 0.0896455 0.278503 0.189584 0.0504346
threshold=1.0000000180025095e-35 -1.1340731166463429 -0.57314525783748138 -0.63541480676943785 -0.22751307343087612 0.39251907412626164
decision_type=2 2 2 2 2 2
left_child=2 -2 3 -1 -4 -3
right_child=1 5 4 -5 -6 -7
leaf_value=0.00012531695385350615 -0.0067352744940356868 0.00014351188434445607 0.00066213832622293999 0.0042985463353923687 -0.00063178102972631883 -0.001732492870344536
leaf_weight=1777 28 248 1392 162 2739 138
leaf_count=1777 28 248 1392 162 2739 138
internal_value=0 -0.00102871 6.08297e-05 0.000606148 -0.000137835 0
internal_weight=0 414 6070 1939 4131 386
internal_count=6484 414 6070 1939 4131 386
is_linear=0
shrinkage=0.0926918


Tree=243
num_leaves=7
num_cat=0
split_feature=128 8 9 4 4 5
split_gain=0.0540164 0.150087 0.138091 0.102159 0.122657 0.113231
threshold=1.0000000180025095e-35 -1.5103088433863709 -1.8982282428561426 -1.7872459795176907 0.8284720848550523 -1.5083116665592187
decision_type=2 2 2 2 2 2
left_child=3 -2 -3 5 -5 -1
right_child=1 2 -4 4 -6 -7
leaf_value=0 -0.0071510673323981876 -0.0055248665423815509 0 -0.00025064882904252421 0.00080219918389514517 0.0025345864736932289
leaf_weight=49 28 35 883 3949 1247 293
leaf_count=49 28 35 883 3949 1247 293
internal_value=0 -0.000650802 -0.000159035 0.000105304 0 0.00164604
internal_weight=0 946 918 5538 5196 342
internal_count=6484 946 918 5538 5196 342
is_linear=0
shrinkage=0.0926918


Tree=244
num_leaves=5
num_cat=0
split_feature=109 3 8 2
split_gain=0.0503818 0.112608 0.0736235 0.0582781
threshold=1.0000000180025095e-35 -1.3070737297034756 2.3857813607672651 1.0000000180025095e-35
decision_type=2 2 2 2
left_child=1 -1 -3 -2
right_child=3 2 -4 -5
leaf_value=-0.0058694050712157159 0 -7.4057172325510645e-05 0.002149187973741252 0.0033679790704757217
leaf_weight=24 105 6154 125 76
leaf_count=24 105 6154 125 76
internal_value=0 -5.47823e-05 0 0.00149327
internal_weight=0 6303 6279 181
internal_count=6484 6303 6279 181
is_linear=0
shrinkage=0.0926918


Tree=245
num_leaves=8
num_cat=0
split_feature=1 0 1 1 1 3 8
split_gain=0.0546257 0.743377 0.257232 0.323114 0.253028 0.239063 0.168754
threshold=1.6801231064576856 -1.1933648027889781 1.3901390466172447 1.0632154057701528 2.1373553597719206 1.0776256777896707 1.0464865912215411
decision_type=2 2 2 2 2 2 2
left_child=2 4 3 -1 -2 -3 -4
right_child=1 5 6 -5 -6 -7 -8
leaf_value=5.5813541021098516e-05 0.0041047219048865099 -0.006039025798053735 0.0040599180433087976 -0.0039223550653453331 0 0 0
leaf_weight=5467 176 215 219 175 114 36 82
leaf_count=5467 176 215 219 175 114 36 82
internal_value=0 -0.000896569 7.18819e-05 -2.84449e-05 0.00171788 -0.00482691 0.00270495
internal_weight=0 541 5943 5642 290 251 301
internal_count=6484 541 5943 5642 290 251 301
is_linear=0
shrinkage=0.0926918


Tree=246
num_leaves=8
num_cat=0
split_feature=5 7 7 10 7 40 7
split_gain=0.0506651 0.228625 0.200113 0.163678 0.155025 0.381448 0.204455
threshold=1.0000000180025095e-35 -0.019661888480888297 -0.95831148729050264 0.019271285681027251 0.047497442036783903 1.0000000180025095e-35 -0.78453163528578596
decision_type=2 2 2 2 2 2 2
left_child=4 2 -2 -3 6 -6 -1
right_child=1 3 -4 -5 5 -7 -8
leaf_value=0 -0.00036078363323728172 0.00014068207151240013 0.0013907868339750912 -0.0013989160588512039 0.001528430053045088 -0.0041829575734353116 -0.0018801665697106118
leaf_weight=598 553 1001 1704 932 700 100 896
leaf_count=598 553 1001 1704 932 700 100 896
internal_value=0 0.00018304 0.000856276 -0.00048008 -0.000358101 0.000498024 -0.000975853
internal_weight=0 4190 2257 1933 2294 800 1494
internal_count=6484 4190 2257 1933 2294 800 1494
is_linear=0
shrinkage=0.0926918


Tree=247
num_leaves=8
num_cat=0
split_feature=0 1 7 1 1 3 0
split_gain=0.0550435 0.500587 0.532421 0.505669 0.422352 0.300081 0.217958
threshold=-0.6160851039195081 1.152056399978411 -0.48441665224347469 1.9919928395956741 1.6801231064576856 -0.043835605628826893 0.80886408595216375
decision_type=2 2 2 2 2 2 2
left_child=1 2 -1 -3 6 -6 -2
right_child=4 3 -4 -5 5 -7 -8
leaf_value=0 0.00084079240905527331 0.004040408448156064 -0.0040540170965462901 -0.00063159620271979397 -0.010752993250337795 0 -0.0004767810127349475
leaf_weight=798 3026 342 469 304 45 75 1425
leaf_count=798 3026 342 469 304 45 75 1425
internal_value=0 -0.000424844 -0.00158875 0.00148629 0.000166471 -0.00503591 0.000365365
internal_weight=0 1913 1267 646 4571 120 4451
internal_count=6484 1913 1267 646 4571 120 4451
is_linear=0
shrinkage=0.0926918


Tree=248
num_leaves=8
num_cat=0
split_feature=1 7 7 1 10 1 1
split_gain=0.0495462 0.291327 0.122619 0.114388 0.349329 0.21961 0.0790819
threshold=-1.0403836196158547 -0.032299867378429395 -0.40736863689764591 -0.29762001460719861 0.077762330857958209 -0.16698435389527724 -1.3898700560703647
decision_type=2 2 2 2 2 2 2
left_child=1 2 -1 4 -2 -5 -3
right_child=3 6 -4 5 -6 -7 -8
leaf_value=0 0.0020491682206656326 0 -0.0052097248300494612 -0.0023763722295262195 -0.00023454228841674859 0 0.0028700208706738044
leaf_weight=66 904 393 141 353 1164 3385 78
leaf_count=66 904 393 141 353 1164 3385 78
internal_value=0 -0.000762947 -0.00370121 6.98339e-05 0.000650994 -0.000188347 5.02709e-05
internal_weight=0 678 207 5806 2068 3738 471
internal_count=6484 678 207 5806 2068 3738 471
is_linear=0
shrinkage=0.0926918


Tree=249
num_leaves=8
num_cat=0
split_feature=72 6 9 128 10 64 3
split_gain=0.0486247 0.102242 0.0889433 0.0768593 0.165185 0.117804 0.0485054
threshold=1.0000000180025095e-35 1.0000000180025095e-35 0.53402822777913217 1.0000000180025095e-35 -0.10162689072033688 1.0000000180025095e-35 -0.35801049499152188
decision_type=2 2 2 2 2 2 2
left_child=3 6 -3 5 -5 -1 -2
right_child=1 2 -4 4 -6 -7 -8
leaf_value=0.0004956578921155605 0.0013625463712398467 -0.0024390349968008854 0 -0.0020720658183873463 5.6808295688165375e-05 -0.00065784270919484874 -0.00059878587370835708
leaf_weight=4015 195 337 82 412 534 785 124
leaf_count=4015 195 337 82 412 534 785 124
internal_value=0 -0.000724419 -0.00173018 6.98422e-05 -0.000624968 0.000256904 0
internal_weight=0 738 419 5746 946 4800 319
internal_count=6484 738 419 5746 946 4800 319
is_linear=0
shrinkage=0.0926918


Tree=250
num_leaves=8
num_cat=0
split_feature=0 3 9 7 7 1 3
split_gain=0.0563472 0.129729 0.0869909 0.264644 0.117555 0.0176002 0.00822157
threshold=-1.5495239125722542 -0.23766202614230497 0.67822240333133432 -1.0861568947422759 0.34774282469602891 2.1779973368917953 -0.76968123916159781
decision_type=2 2 2 2 2 2 2
left_child=1 6 4 -4 -2 -3 -1
right_child=2 5 3 -5 -6 -7 -8
leaf_value=0 0.00019076028138082437 -0.0052378879658592642 -0.00049851917267821082 0.0021807794672238606 -0.00069400845081853775 0 0.00094182515788018893
leaf_weight=18 3343 59 436 600 1923 30 75
leaf_count=18 3343 59 436 600 1923 30 75
internal_value=0 -0.00160372 2.55496e-05 0.000826737 -8.73938e-05 -0.00412677 0
internal_weight=0 182 6302 1036 5266 89 93
internal_count=6484 182 6302 1036 5266 89 93
is_linear=0
shrinkage=0.0926918


Tree=251
num_leaves=8
num_cat=0
split_feature=0 1 7 1 1 7 0
split_gain=0.0506252 0.425752 0.436458 0.431186 0.35865 0.265178 0.193541
threshold=-0.6160851039195081 1.152056399978411 -0.48441665224347469 1.9919928395956741 1.6801231064576856 0.55735885124074969 0.80886408595216375
decision_type=2 2 2 2 2 2 2
left_child=1 2 -1 -3 6 -6 -2
right_child=4 3 -4 -5 5 -7 -8
leaf_value=0 0.00078118623346617555 0.0036958336357021883 -0.0037361048669399292 -0.00059029467855438412 -0.0075715920401207394 0 -0.00045854938169001059
leaf_weight=798 3026 342 469 304 82 38 1425
leaf_count=798 3026 342 469 304 82 38 1425
internal_value=0 -0.000421646 -0.00150002 0.00132231 0.000143355 -0.00464429 0.000330672
internal_weight=0 1913 1267 646 4571 120 4451
internal_count=6484 1913 1267 646 4571 120 4451
is_linear=0
shrinkage=0.0926918


Tree=252
num_leaves=7
num_cat=0
split_feature=46 9 9 40 9 9
split_gain=0.0479632 0.0655407 0.0877618 0.0573102 0.120876 0.103565
threshold=1.0000000180025095e-35 0.43699189580374947 -0.069048041039830838 1.0000000180025095e-35 -0.4490314344761393 -0.35018133928626394
decision_type=2 2 2 2 2 2
left_child=3 2 -2 4 -1 -5
right_child=1 -3 -4 5 -6 -7
leaf_value=-0.00051755217067461063 0 0 -0.0066902512274440041 0.00037116625492499548 0.00043602374256498071 -0.0013669050000163546
leaf_weight=1412 38 18 34 229 4100 653
leaf_count=1412 38 18 34 229 4100 653
internal_value=0 -0.00208675 -0.00356727 8.98981e-07 0.000148271 -0.000646973
internal_weight=0 90 72 6394 5512 882
internal_count=6484 90 72 6394 5512 882
is_linear=0
shrinkage=0.0926918


Tree=253
num_leaves=8
num_cat=0
split_feature=0 3 7 3 7 8 3
split_gain=0.0510454 0.111655 0.0751706 0.16565 0.163329 0.0381046 0.00621504
threshold=-1.5495239125722542 -0.23766202614230497 -1.6281444700947179 -0.4558300412159258 -1.1353819073079838 -0.58476638780573043 -0.76968123916159781
decision_type=2 2 2 2 2 2 2
left_child=1 6 3 -2 -4 -3 -1
right_child=2 5 4 -5 -6 -7 -8
leaf_value=0 0 0 -0.0017907233653051738 0.0042130475521507619 8.5752986486054995e-05 -0.0080453272052518274 0.00081886990832458738
leaf_weight=18 89 67 420 112 5681 22 75
leaf_count=18 89 67 420 112 5681 22 75
internal_value=0 -0.00153059 1.45736e-05 0.00177379 -5.6118e-06 -0.00386199 0
internal_weight=0 182 6302 201 6101 89 93
internal_count=6484 182 6302 201 6101 89 93
is_linear=0
shrinkage=0.0926918


Tree=254
num_leaves=8
num_cat=0
split_feature=1 4 10 4 1 7 8
split_gain=0.050932 0.25352 0.324969 0.293336 0.210112 0.327436 0.225591
threshold=-0.80219094926834666 0.57935607872431483 -1.1327692046632667 1.0153090894531054 -0.39238467033693863 -0.12793317385399872 0.54768031008814
decision_type=2 2 2 2 2 2 2
left_child=1 2 -1 -3 5 -2 -6
right_child=4 3 -4 -5 6 -7 -8
leaf_value=0.0018403779773976732 -0.00043803443527552121 0.002681760804320755 -0.0025316139236774156 -0.0015596535860864984 0.00012731255808615181 0.0024775068548877383 -0.0015376608046043661
leaf_weight=115 389 335 716 164 3201 727 837
leaf_count=115 389 335 716 164 3201 727 837
internal_value=0 -0.000537834 -0.00163423 0.000812552 9.99479e-05 0.00125074 -0.000160156
internal_weight=0 1330 831 499 5154 1116 4038
internal_count=6484 1330 831 499 5154 1116 4038
is_linear=0
shrinkage=0.0926918


Tree=255
num_leaves=8
num_cat=0
split_feature=87 7 1 0 1 9 4
split_gain=0.0486297 0.0968055 0.179275 0.0694989 0.40293 0.365372 0.00124129
threshold=1.0000000180025095e-35 -0.019661888480888297 -0.79264524608186571 -0.6225273987522012 1.6472344800162075 -0.51523379180513851 1.0000000180025095e-35
decision_type=2 2 2 2 2 2 2
left_child=3 6 -3 5 -5 -1 -2
right_child=1 2 -4 4 -6 -7 -8
leaf_value=-0.0042143279894903268 0.00028793945085693677 -0.0080766068465109656 0 0.00048165490023940752 -0.0047545420439353957 0 0
leaf_weight=188 124 38 164 4169 120 1593 88
leaf_count=188 124 38 164 4169 120 1593 88
internal_value=0 -0.000988483 -0.00245045 3.79933e-05 0.000274615 -0.000397463 0
internal_weight=0 414 202 6070 4289 1781 212
internal_count=6484 414 202 6070 4289 1781 212
is_linear=0
shrinkage=0.0926918


Tree=256
num_leaves=8
num_cat=0
split_feature=0 4 1 9 4 4 5
split_gain=0.0505216 0.268942 0.254507 0.145443 0.117675 0.390302 0.329565
threshold=1.1021000233502289 1.1398670925184742 1.0000000180025095e-35 0.92489420050239846 0.45479807565894603 0.57935607872431483 1.0000000180025095e-35
decision_type=2 2 2 2 2 2 2
left_child=4 2 -2 -3 6 -6 -1
right_child=1 3 -4 -5 5 -7 -8
leaf_value=-0.00054935375265187977 -0.0035319648419883001 0 0 0.0096974669988099393 -0.0030438700111783202 4.9912433921986449e-05 0.0013684822795120143
leaf_weight=1163 280 25 667 23 386 2209 1731
leaf_count=1163 280 25 667 23 386 2209 1731
internal_value=0 -0.000634526 -0.00119725 0.00506276 7.58354e-05 -0.000323112 0.000515816
internal_weight=0 995 947 48 5489 2595 2894
internal_count=6484 995 947 48 5489 2595 2894
is_linear=0
shrinkage=0.0926918


Tree=257
num_leaves=7
num_cat=0
split_feature=6 3 142 142 3 3
split_gain=0.0523696 0.451157 0.257354 0.202724 0.224506 0.207873
threshold=1.0000000180025095e-35 -1.2285461919336529 1.0000000180025095e-35 1.0000000180025095e-35 -0.33541683408330419 -0.21157249793023691
decision_type=2 2 2 2 2 2
left_child=3 -2 -3 4 -1 -5
right_child=1 2 -4 5 -6 -7
leaf_value=0.0015025197739039198 -0.013473305883815768 -0.00086873387550700262 0.00081357070557795056 -0.0014805656057604859 -0.00026634590538212195 0.0011392441568986882
leaf_weight=1446 18 1903 1240 882 729 266
leaf_count=1446 18 1903 1240 882 729 266
internal_value=0 -0.000299965 -0.000129002 0.000222749 0.000800881 -0.000664412
internal_weight=0 3161 3143 3323 2175 1148
internal_count=6484 3161 3143 3323 2175 1148
is_linear=0
shrinkage=0.0926918


Tree=258
num_leaves=7
num_cat=0
split_feature=0 3 27 5 10 3
split_gain=0.0461931 0.105819 0.0614654 0.0821112 0.0154249 0.00645595
threshold=-1.5495239125722542 -0.23766202614230497 1.0000000180025095e-35 1.0000000180025095e-35 -1.3242951837861452 -0.76968123916159781
decision_type=2 2 2 2 2 2
left_child=1 5 3 -2 -3 -1
right_child=2 4 -4 -5 -6 -7
leaf_value=0 -0.00046501513840508047 0 0.0040246093974925252 0.00023548838290950373 -0.0060236646403146014 0.000834589564535818
leaf_weight=18 2216 54 28 4058 35 75
leaf_count=18 2216 54 28 4058 35 75
internal_value=0 -0.00145736 8.7864e-06 0 -0.00373407 0
internal_weight=0 182 6302 6274 89 93
internal_count=6484 182 6302 6274 89 93
is_linear=0
shrinkage=0.0926918


Tree=259
num_leaves=8
num_cat=0
split_feature=8 3 7 8 6 8 3
split_gain=0.0494185 0.437386 0.376982 0.297574 0.394598 0.240154 0.071804
threshold=-1.0665959626232482 0.56664640687688417 0.8188749622124295 -0.98988329639183437 1.0000000180025095e-35 -0.91940316225249308 -0.34240856869100478
decision_type=2 2 2 2 2 2 2
left_child=1 6 -3 4 -2 -5 -1
right_child=3 2 -4 5 -6 -7 -8
leaf_value=0.0013382433579611163 0 -0.00814083457830116 0 -0.0034009149362445568 0.0086045275036448609 6.1857502770629316e-05 -0.00047060011881260841
leaf_weight=295 74 107 42 172 76 5360 358
leaf_count=295 74 107 42 172 76 5360 358
internal_value=0 -0.000705475 -0.0052032 6.37834e-05 0.0040844 -5.47182e-06 0
internal_weight=0 802 149 5682 150 5532 653
internal_count=6484 802 149 5682 150 5532 653
is_linear=0
shrinkage=0.0926918


Tree=260
num_leaves=8
num_cat=0
split_feature=6 3 6 3 64 7 9
split_gain=0.0448577 0.44652 0.59664 0.235674 0.140237 0.225309 0.219651
threshold=1.0000000180025095e-35 -0.346292865695283 1.0808259692608293 0.063306253405844462 1.0000000180025095e-35 1.3960799558916219 0.97205204407922052
decision_type=2 2 2 2 2 2 2
left_child=4 2 -2 -3 5 -1 -6
right_child=1 3 -4 -5 6 -7 -8
leaf_value=0.00015815730567936523 -0.0049288210501299183 0.0013547450692294927 0.0030873118323415036 -0.00044154917268870536 -0.0024880146239907386 0.003294352560396768 0.0019994942405309
leaf_weight=2667 348 909 61 1843 356 234 66
leaf_count=2667 348 909 61 1843 356 234 66
internal_value=0 -0.000276387 -0.00313528 6.65093e-05 0.000207724 0.000498087 -0.00121287
internal_weight=0 3161 409 2752 3323 2901 422
internal_count=6484 3161 409 2752 3323 2901 422
is_linear=0
shrinkage=0.0926918


Tree=261
num_leaves=7
num_cat=0
split_feature=0 0 7 0 9 7
split_gain=0.0449147 0.0890924 0.0958822 0.0662389 0.0667598 0.0479347
threshold=2.1419509471371261 1.979449200446284 0.34774282469602891 2.3132824591068215 0.12139709648194746 0.42541310234394908
decision_type=2 2 2 2 2 2
left_child=1 2 -1 4 -2 -3
right_child=3 5 -4 -5 -6 -7
leaf_value=0.00023400147126650768 0 0 -0.00055084316447822008 0 -0.0040561804666828204 0.0047385533706328789
leaf_weight=4253 57 25 1942 71 88 48
leaf_count=4253 57 25 1942 71 88 48
internal_value=0 2.68621e-05 0 -0.00131473 -0.00252033 0.00314932
internal_weight=0 6268 6195 216 145 73
internal_count=6484 6268 6195 216 145 73
is_linear=0
shrinkage=0.0926918


Tree=262
num_leaves=8
num_cat=0
split_feature=128 10 8 4 7 3 8
split_gain=0.0422247 0.137518 0.13743 0.0942994 0.391551 0.110347 0.0678922
threshold=1.0000000180025095e-35 0.051837014115209003 -1.5103088433863709 1.5135411017145803 -0.62932102912994881 -1.3070737297034756 -0.14454115930610903
decision_type=2 2 2 2 2 2 2
left_child=3 2 -2 5 -5 -1 -3
right_child=1 6 -4 4 -6 -7 -8
leaf_value=-0.0058801263968235032 -0.010132598906054936 0.0017692892609510404 -0.00082002240889717047 0 0.01087140619389447 7.0539165859045855e-05 -4.1011634221779855e-05
leaf_weight=22 18 188 507 24 31 5461 233
leaf_count=22 18 188 507 24 31 5461 233
internal_value=0 -0.000585281 -0.00167562 8.18601e-05 0.00376949 0 0.000217326
internal_weight=0 946 525 5538 55 5483 421
internal_count=6484 946 525 5538 55 5483 421
is_linear=0
shrinkage=0.0926918


Tree=263
num_leaves=8
num_cat=0
split_feature=72 142 9 1 1 8 8
split_gain=0.0467955 0.121369 0.115068 0.0882884 0.379112 0.356998 0.0442427
threshold=1.0000000180025095e-35 1.0000000180025095e-35 0.53402822777913217 -0.70128848605583016 -0.64729591644174367 1.5856570229685896 -0.91094488396187423
decision_type=2 2 2 2 2 2 2
left_child=3 6 -3 5 -5 -1 -2
right_child=1 2 -4 4 -6 -7 -8
leaf_value=0 -0.0014030823406399539 -0.0031956033485854326 0 0.0060559748576782405 0.00012229492229769718 -0.0052040862610551525 0.00080494938212118995
leaf_weight=1302 77 231 96 94 4228 122 334
leaf_count=1302 77 231 96 94 4228 122 334
internal_value=0 -0.000710469 -0.00206753 6.87739e-05 0.000312837 -0.000503599 0
internal_weight=0 738 327 5746 4322 1424 411
internal_count=6484 738 327 5746 4322 1424 411
is_linear=0
shrinkage=0.0926918


Tree=264
num_leaves=7
num_cat=0
split_feature=87 8 10 4 0 4
split_gain=0.0440414 0.103575 0.083612 0.351336 0.19461 0.0380192
threshold=1.0000000180025095e-35 -1.1340731166463429 -0.80424511471032389 1.0153090894531054 -0.6225273987522012 0.39251907412626164
decision_type=2 2 2 2 2 2
left_child=2 -2 3 -1 -4 -3
right_child=1 5 4 -5 -6 -7
leaf_value=1.2517818496029604e-05 -0.00620430215445075 0.00010234331980115976 -0.0010267907865938767 0.0052072646553449143 0.00024122213902470982 -0.0015071817657428275
leaf_weight=1221 28 248 1442 132 3275 138
leaf_count=1221 28 248 1442 132 3275 138
internal_value=0 -0.000935397 4.46345e-05 0.000711096 -9.65115e-05 0
internal_weight=0 414 6070 1353 4717 386
internal_count=6484 414 6070 1353 4717 386
is_linear=0
shrinkage=0.0926918


Tree=265
num_leaves=8
num_cat=0
split_feature=8 10 10 3 3 9 3
split_gain=0.0411395 0.37828 0.368622 1.22709 0.640427 0.256865 0.230685
threshold=-0.33541499334807151 0.051837014115209003 0.019271285681027251 -1.1834883466840265 -1.1834883466840265 -0.29032715320799124 1.0000000180025095e-35
decision_type=2 2 2 2 2 2 2
left_child=1 5 4 -4 -2 -1 -3
right_child=2 6 3 -5 -6 -7 -8
leaf_value=0.0017459425613632806 0.013454644692502118 0.0026732059233265282 -0.020919345065337196 -0.00075154751886434459 0.00025664334573156596 -0.0011343815909674578 0
leaf_weight=279 29 701 23 1876 1969 1335 272
leaf_count=279 29 701 23 1876 1969 1335 272
internal_value=0 0.000272146 -0.000203463 -0.00117147 0.000598026 -0.000485514 0.00176932
internal_weight=0 2587 3897 1899 1998 1614 973
internal_count=6484 2587 3897 1899 1998 1614 973
is_linear=0
shrinkage=0.0926918


Tree=266
num_leaves=8
num_cat=0
split_feature=9 9 9 3 3 6 0
split_gain=0.0430416 0.283242 0.230135 0.199446 0.148463 0.0986998 0.0850553
threshold=-1.8982282428561426 -1.2198808006357151 -2.8359438247490858 -1.3070737297034756 -0.19920748579995157 -1.2000773943477034 -0.58921894345218384
decision_type=2 2 2 2 2 2 2
left_child=2 5 6 -3 -4 -2 -1
right_child=1 3 4 -5 -6 -7 -8
leaf_value=0.0046047044817453383 0 -0.0080456926347270575 -0.0050943098029945363 0 0 0.0040639637314867812 0
leaf_weight=33 22 22 132 5970 44 194 67
leaf_count=33 22 22 132 5970 44 194 67
internal_value=0 3.91523e-05 -0.00113305 -4.18216e-05 -0.00354526 0.00332046 0.000801296
internal_weight=0 6208 276 5992 176 216 100
internal_count=6484 6208 276 5992 176 216 100
is_linear=0
shrinkage=0.0926918


Tree=267
num_leaves=7
num_cat=0
split_feature=109 4 2 7 2 10
split_gain=0.0415524 0.0617688 0.0594168 0.230673 0.0932708 0.0443252
threshold=1.0000000180025095e-35 -0.85306095652742553 1.7147329105062896 0.49531729577218692 1.2230325659227597 -0.73207086098893659
decision_type=2 2 2 2 2 2
left_child=2 -2 4 -4 -1 -3
right_child=1 5 3 -5 -6 -7
leaf_value=-0.00012423474836292952 0 0 0 -0.0047418377612845359 0.00098358167713594939 0.0038218988260649094
leaf_weight=5242 82 18 214 107 740 81
leaf_count=5242 82 18 214 107 740 81
internal_value=0 0.00135198 -5.29728e-05 -0.0012736 0 0.00289742
internal_weight=0 181 6303 321 5982 99
internal_count=6484 181 6303 321 5982 99
is_linear=0
shrinkage=0.0926918


Tree=268
num_leaves=7
num_cat=0
split_feature=83 1 8 8 8 1
split_gain=0.0399925 0.066559 0.0564265 0.517479 0.136561 0.0399091
threshold=1.0000000180025095e-35 0.25046069663981524 0.54768031008814 0.55714793590029577 0.48355068727587897 -0.85366877773733585
decision_type=2 2 2 2 2 2
left_child=2 5 4 -4 -1 -2
right_child=1 -3 3 -5 -6 -7
leaf_value=0 0 0 -0.012632296211158649 -0.00016115860401962797 0.0029767580402787373 0.0031420011186221162
leaf_weight=4548 36 54 26 1569 130 121
leaf_count=4548 36 54 26 1569 130 121
internal_value=0 0.00122867 -5.3662e-05 -0.000549598 6.48584e-05 0.00235627
internal_weight=0 211 6273 1595 4678 157
internal_count=6484 211 6273 1595 4678 157
is_linear=0
shrinkage=0.0926918


Tree=269
num_leaves=8
num_cat=0
split_feature=1 7 4 9 4 4 1
split_gain=0.0400525 0.257837 0.251162 0.117164 0.653841 0.471529 0.0648895
threshold=-1.0403836196158547 -0.032299867378429395 0.57935607872431483 -0.17061878105144468 1.2021460940511586 1.2021460940511586 -1.3898700560703647
decision_type=2 2 2 2 2 2 2
left_child=1 2 -1 4 -2 -5 -3
right_child=3 6 -4 5 -6 -7 -8
leaf_value=-0.0056370504802664562 0 0 0 1.9614182667397842e-05 -0.0061143557800126544 0.0038472377687670976 0.0026009267751400116
leaf_weight=143 2220 393 64 3116 155 315 78
leaf_count=143 2220 393 64 3116 155 315 78
internal_value=0 -0.000684184 -0.00345982 6.50345e-05 -0.000383682 0.000445185 5.59046e-05
internal_weight=0 678 207 5806 2375 3431 471
internal_count=6484 678 207 5806 2375 3431 471
is_linear=0
shrinkage=0.0926918


Tree=270
num_leaves=8
num_cat=0
split_feature=7 9 10 0 9 9 9
split_gain=0.0417525 0.30379 0.216958 0.211336 0.183723 0.141384 0.0101263
threshold=-0.95831148729050264 0.44878135669795444 1.1274062118969697 -1.2421514627351249 1.2123756699995594 1.8417515054286719 -0.11892652943839134
decision_type=2 2 2 2 2 2 2
left_child=2 3 4 -2 -1 -3 -4
right_child=1 5 6 -5 -6 -7 -8
leaf_value=-0.0022071032234663181 -0.0039079879219556428 0.0021292309595644229 0 -1.1035443366314162e-05 2.0090930147721495e-05 -5.1952043165911331e-06 0.0033881288946284028
leaf_weight=597 123 819 24 4492 267 87 75
leaf_count=597 123 819 24 4492 267 87 75
internal_value=0 8.85118e-05 -0.000570954 -0.000170358 -0.00124774 0.0016633 0.00282514
internal_weight=0 5521 963 4615 864 906 99
internal_count=6484 5521 963 4615 864 906 99
is_linear=0
shrinkage=0.0926918


Tree=271
num_leaves=7
num_cat=0
split_feature=46 128 10 4 1 7
split_gain=0.0405176 0.0496768 0.129807 0.129252 0.0457041 0.0177887
threshold=1.0000000180025095e-35 1.0000000180025095e-35 -1.4069217920501065 0.8284720848550523 0.055275326364776355 -0.15112857183540016
decision_type=2 2 2 2 2 2
left_child=1 3 -3 -1 5 -2
right_child=4 2 -4 -5 -6 -7
leaf_value=-2.2637082833822003e-05 0 -0.0049821406913408799 -5.3080774298855257e-06 0.0010357948355138292 0 -0.003900320528443431
leaf_weight=4291 17 52 894 1157 19 54
leaf_count=4291 17 52 894 1157 19 54
internal_value=0 1.61461e-05 -0.000552794 0.000159078 -0.00191336 -0.0031261
internal_weight=0 6394 946 5448 90 71
internal_count=6484 6394 946 5448 90 71
is_linear=0
shrinkage=0.0926918


Tree=272
num_leaves=8
num_cat=0
split_feature=0 10 10 3 0 7 9
split_gain=0.041411 0.113157 0.311237 0.109328 0.401023 0.213249 0.0684394
threshold=1.1021000233502289 0.23141339158261628 -0.74599042930948123 1.0116573670003473 0.076130013534487062 0.34774282469602891 0.35355878793706713
decision_type=2 2 2 2 2 2 2
left_child=3 2 -2 5 -5 -1 -3
right_child=1 6 -4 4 -6 -7 -8
leaf_value=0.00034961447144997654 0 0.0021047118750237913 -0.0036024929478788823 0 0.0049050580998099167 -0.00095423660743292711 0
leaf_weight=3408 462 149 294 352 179 1550 90
leaf_count=3408 462 149 294 352 179 1550 90
internal_value=0 -0.00056748 -0.00125686 7.85296e-05 0.00134755 -1.04389e-05 0.00061635
internal_weight=0 995 756 5489 531 4958 239
internal_count=6484 995 756 5489 531 4958 239
is_linear=0
shrinkage=0.0926918


Tree=273
num_leaves=8
num_cat=0
split_feature=8 3 9 8 6 8 0
split_gain=0.0393151 0.351961 0.34102 0.233898 0.337355 0.190783 0.11595
threshold=-1.0665959626232482 0.56664640687688417 -0.34292628642829159 -0.98988329639183437 1.0000000180025095e-35 -0.91940316225249308 1.1187226080154062
decision_type=2 2 2 2 2 2 2
left_child=1 6 -3 4 -2 -5 -1
right_child=3 2 -4 5 -6 -7 -8
leaf_value=-0.00058826212259332057 0 0 -0.0074588218350504836 -0.0030245633136046163 0.0078220415832569619 6.5936053862456853e-05 0.001859055111065583
leaf_weight=411 74 41 108 172 76 5360 242
leaf_count=411 74 41 108 172 76 5360 242
internal_value=0 -0.000622258 -0.00466003 6.69029e-05 0.00362773 0 0
internal_weight=0 802 149 5682 150 5532 653
internal_count=6484 802 149 5682 150 5532 653
is_linear=0
shrinkage=0.0926918


Tree=274
num_leaves=8
num_cat=0
split_feature=40 4 0 4 9 9 1
split_gain=0.0370491 0.097922 0.164255 0.0917551 0.0892701 0.516715 0.268449
threshold=1.0000000180025095e-35 0.33024007259357724 0.43401406917780294 -1.102176962658163 -0.4490314344761393 -0.56148475377471219 -0.98489069301595744
decision_type=2 2 2 2 2 2 2
left_child=4 3 -3 -2 5 -1 -6
right_child=1 2 -4 -5 6 -7 -8
leaf_value=0.00012851315914804857 -0.00096269124735937864 0 -0.0040019198751481038 0.001681398824412088 -0.0013165109285748417 -0.004322754077008671 0.00068187617302533168
leaf_weight=1176 132 366 154 230 626 251 3549
leaf_count=1176 132 366 154 230 626 251 3549
internal_value=0 -0.000571549 -0.00146718 6.65485e-05 7.15241e-05 -0.000499246 0.000324029
internal_weight=0 882 520 362 5602 1427 4175
internal_count=6484 882 520 362 5602 1427 4175
is_linear=0
shrinkage=0.0926918


Tree=275
num_leaves=7
num_cat=0
split_feature=5 3 4 3 5 2
split_gain=0.0400891 0.610746 0.461296 0.423806 0.795261 0.333707
threshold=1.0000000180025095e-35 -1.2285461919336529 1.4512621001818959 -0.46890717446366226 -1.5083116665592187 -0.74376881241136061
decision_type=2 2 2 2 2 2
left_child=3 -2 -3 5 -5 -1
right_child=1 2 -4 4 -6 -7
leaf_value=-0.0011342577640841836 -0.014228698015459859 0.00010482780085960326 0.0078322981326861933 0.0020338310723625711 -0.0040167895651843158 0.0016066053004953043
leaf_weight=539 20 4105 65 211 585 959
leaf_count=539 20 4105 65 211 585 959
internal_value=0 0.000149164 0.000290989 -0.000330516 -0.00211244 0.000461177
internal_weight=0 4190 4170 2294 796 1498
internal_count=6484 4190 4170 2294 796 1498
is_linear=0
shrinkage=0.0926918


Tree=276
num_leaves=8
num_cat=0
split_feature=8 8 9 0 2 3 10
split_gain=0.03853 0.240815 0.19989 0.172606 0.278837 0.190928 0.114519
threshold=-0.57314525783748138 -0.89067171084344976 1.2377683550024634 -1.2210482946450412 0.73133222133922948 0.50721666271142896 0.039485329162484255
decision_type=2 2 2 2 2 2 2
left_child=1 6 -3 4 -2 -5 -1
right_child=3 2 -4 5 -6 -7 -8
leaf_value=-0.0011724691875751225 -0.0044461717682050929 0.0022720339507997065 -0.00057535662269320598 -0.0003144138563618904 0 0.0012920070176332767 0.00047613703908305787
leaf_weight=766 198 726 130 3340 113 780 431
leaf_count=766 198 726 130 3340 113 780 431
internal_value=0 0.000314858 0.00156162 -0.000169247 -0.00225854 0 -0.000380769
internal_weight=0 2053 856 4431 311 4120 1197
internal_count=6484 2053 856 4431 311 4120 1197
is_linear=0
shrinkage=0.0926918


Tree=277
num_leaves=7
num_cat=0
split_feature=0 0 1 8 5 7
split_gain=0.0387967 0.0684005 0.0690775 0.0612863 0.108937 0.0357118
threshold=2.1419509471371261 1.979449200446284 -0.29762001460719861 -0.81151105466150131 1.0000000180025095e-35 0.42541310234394908
decision_type=2 2 2 2 2 2
left_child=1 2 -1 -2 -5 -3
right_child=3 5 -4 4 -6 -7
leaf_value=0.00034368325190853451 0 0 -0.00027966359483557889 0 -0.0045735533305779072 0.0041331304224010322
leaf_weight=2708 107 25 3487 28 81 48
leaf_count=2708 107 25 3487 28 81 48
internal_value=0 2.714e-05 0 -0.0012206 -0.00274346 0.00276214
internal_weight=0 6268 6195 216 109 73
internal_count=6484 6268 6195 216 109 73
is_linear=0
shrinkage=0.0926918


Tree=278
num_leaves=8
num_cat=0
split_feature=6 3 2 6 3 1 0
split_gain=0.0374063 0.351436 0.531252 0.212027 0.107801 0.303586 0.162818
threshold=1.0000000180025095e-35 -0.35801049499152188 -0.74376881241136061 2.2212776510650962 0.39528417070481453 0.62192379968401823 0.83284049778023261
decision_type=2 2 2 2 2 2 2
left_child=4 2 -2 -3 6 -6 -1
right_child=1 3 -4 -5 5 -7 -8
leaf_value=0.00041774785757550713 0.00038641141256940781 0.00030890103230743433 -0.0054176607209613726 -0.0035556997326186865 0.0058137223464534548 -0.00016613363362824691 -0.0012261453661542424
leaf_weight=2558 139 2643 259 120 104 32 629
leaf_count=2558 139 2643 259 120 104 32 629
internal_value=0 -0.000239921 -0.00281695 4.91824e-05 0.000204503 0.00275113 1.72419e-05
internal_weight=0 3161 398 2763 3323 136 3187
internal_count=6484 3161 398 2763 3323 136 3187
is_linear=0
shrinkage=0.0926918


Tree=279
num_leaves=8
num_cat=0
split_feature=87 7 1 0 1 1 2
split_gain=0.0385376 0.0796806 0.137451 0.0597027 0.374715 0.349829 0.0166307
threshold=1.0000000180025095e-35 -0.019661888480888297 -0.82112479027849716 -0.6225273987522012 1.152056399978411 1.6472344800162075 -0.74376881241136061
decision_type=2 2 2 2 2 2 2
left_child=3 6 -3 4 -1 -5 -2
right_child=1 2 -4 5 -6 -7 -8
leaf_value=-0.0014149085735153863 -0.00055979679083460396 -0.007240581084754223 0 0.00046479142508902826 0.0013268358589672577 -0.0044005818954369058 0.00090274388242650005
leaf_weight=1176 70 37 165 4169 605 120 142
leaf_count=1176 70 37 165 4169 605 120 142
internal_value=0 -0.000870385 -0.0022018 4.79413e-05 -0.000348911 0.000268498 0
internal_weight=0 414 202 6070 1781 4289 212
internal_count=6484 414 202 6070 1781 4289 212
is_linear=0
shrinkage=0.0926918


Tree=280
num_leaves=8
num_cat=0
split_feature=9 9 9 0 3 6 0
split_gain=0.0387311 0.207597 0.201657 0.144452 0.140209 0.0891499 0.0733155
threshold=-1.8982282428561426 -1.2198808006357151 -2.8359438247490858 -0.53698502494845013 -1.3070737297034756 -1.2000773943477034 -0.58921894345218384
decision_type=2 2 2 2 2 2 2
left_child=2 5 6 -4 -3 -2 -1
right_child=1 4 3 -5 -6 -7 -8
leaf_value=0.0042122925313903209 0 -0.0067427142847961297 -0.0062457263574825558 0 0 0.0035826152074320055 0
leaf_weight=33 22 22 79 97 5970 194 67
leaf_count=33 22 22 79 97 5970 194 67
internal_value=0 3.1445e-05 -0.00107884 -0.00334522 -3.22461e-05 0.00284318 0.000601371
internal_weight=0 6208 276 176 5992 216 100
internal_count=6484 6208 276 176 5992 216 100
is_linear=0
shrinkage=0.0926918


Tree=281
num_leaves=7
num_cat=0
split_feature=87 8 8 8 0 4
split_gain=0.0346835 0.0861725 0.0681103 0.20341 0.1309 0.0309927
threshold=1.0000000180025095e-35 -1.1340731166463429 -0.57314525783748138 -0.62307498946006568 -1.2421514627351249 0.39251907412626164
decision_type=2 2 2 2 2 2
left_child=2 -2 3 -1 -4 -3
right_child=1 5 4 -5 -6 -7
leaf_value=0.0001098287729078074 -0.0056185250634135479 0.00011372211472950897 -0.0021026628143106518 0.0039419132422606135 0 -0.0013579341900029291
leaf_weight=1799 28 248 266 140 3865 138
leaf_count=1799 28 248 266 140 3865 138
internal_value=0 -0.000832017 3.67242e-05 0.000518 -0.000131815 0
internal_weight=0 414 6070 1939 4131 386
internal_count=6484 414 6070 1939 4131 386
is_linear=0
shrinkage=0.0926918


Tree=282
num_leaves=8
num_cat=0
split_feature=72 142 9 1 1 8 1
split_gain=0.0372451 0.0996007 0.0946158 0.0627102 0.302842 0.284424 0.0392373
threshold=1.0000000180025095e-35 1.0000000180025095e-35 0.53402822777913217 -0.70128848605583016 -0.64729591644174367 1.5856570229685896 -0.59369965955860637
decision_type=2 2 2 2 2 2 2
left_child=3 6 -3 5 -5 -1 -2
right_child=1 2 -4 4 -6 -7 -8
leaf_value=0 0.0017215473709863659 -0.0028888906968866463 0 0.0054077372559260418 9.6382032536313988e-05 -0.0046028234642583304 -0.00014249083097529365
leaf_weight=1302 107 231 96 94 4228 122 304
leaf_count=1302 107 231 96 94 4228 122 304
internal_value=0 -0.000633316 -0.00186509 6.20472e-05 0.000272709 -0.000409149 0
internal_weight=0 738 327 5746 4322 1424 411
internal_count=6484 738 327 5746 4322 1424 411
is_linear=0
shrinkage=0.0926918


Tree=283
num_leaves=8
num_cat=0
split_feature=128 10 4 7 10 3 3
split_gain=0.0347583 0.103872 0.0955248 0.093343 0.0865139 0.639459 0.357225
threshold=1.0000000180025095e-35 -1.4069217920501065 0.76619308332236791 -0.335278028989004 0.019271285681027251 -1.1834883466840265 -1.1834883466840265
decision_type=2 2 2 2 2 2 2
left_child=4 3 -3 -2 6 -6 -1
right_child=1 2 -4 -5 5 -7 -8
leaf_value=0.0091422575954044714 0 0.0003481942989661303 -0.0016106819069338406 -0.0087508028026270362 -0.013004014907821203 -6.0327218030734431e-06 0.00023560494716006131
leaf_weight=37 31 611 283 21 29 2430 3042
leaf_count=37 31 611 283 21 29 2430 3042
internal_value=0 -0.000531585 -1.15157e-05 -0.00452763 7.35733e-05 -0.000280333 0.000433581
internal_weight=0 946 894 52 5538 2459 3079
internal_count=6484 946 894 52 5538 2459 3079
is_linear=0
shrinkage=0.0926918


Tree=284
num_leaves=8
num_cat=0
split_feature=0 9 7 0 8 10 9
split_gain=0.0345197 0.0674141 0.178446 0.0897475 0.0593042 0.124119 0.00102413
threshold=-1.5495239125722542 0.67822240333133432 -1.0861568947422759 0.80886408595216375 -0.65792207475797337 -1.2959772903061337 1.0373475198009727
decision_type=2 2 2 2 2 2 2
left_child=4 3 -3 -2 6 -6 -1
right_child=1 2 -4 -5 5 -7 -8
leaf_value=4.398962566973663e-05 6.8963814145314462e-05 -0.0002686958857880757 0.0018421354614217133 -0.000841444320280945 0 -0.007689432515742326 -0.0003578399683618062
leaf_weight=67 4166 436 600 1100 25 27 63
leaf_count=67 4166 436 600 1100 25 27 63
internal_value=0 1.82313e-05 0.00072729 -7.65159e-05 -0.00125615 -0.00376787 0
internal_weight=0 6302 1036 5266 182 52 130
internal_count=6484 6302 1036 5266 182 52 130
is_linear=0
shrinkage=0.0926918


Tree=285
num_leaves=8
num_cat=0
split_feature=40 4 8 8 3 10 4
split_gain=0.0364656 0.0863539 0.139037 0.0751875 0.224896 0.168991 0.0746255
threshold=1.0000000180025095e-35 0.33024007259357724 -0.14590143177801956 -0.29283634603853875 0.13199357209816254 0.019271285681027251 -0.97761895959279432
decision_type=2 2 2 2 2 2 2
left_child=3 6 -3 4 -1 -5 -2
right_child=1 2 -4 5 -6 -7 -8
leaf_value=0.0011474974402980811 -0.00061190197566261492 -0.0030343338718318144 0 0.0003880216084337925 -0.00071852861794154685 -0.00089426516613508799 0.0017111917158543089
leaf_weight=1638 170 237 283 1685 673 1606 192
leaf_count=1638 170 237 283 1685 673 1606 192
internal_value=0 -0.00057019 -0.0014013 6.68354e-05 0.000500701 -0.000165717 0
internal_weight=0 882 520 5602 2311 3291 362
internal_count=6484 882 520 5602 2311 3291 362
is_linear=0
shrinkage=0.0926918


Tree=286
num_leaves=8
num_cat=0
split_feature=29 0 8 2 0 1 0
split_gain=0.0354942 0.232215 0.220233 0.105037 0.0805702 0.345165 0.251771
threshold=1.0000000180025095e-35 0.072225110717392557 -0.26264214297515304 -0.2520684678278306 0.16512654685449782 0.82437246980251744 -0.025624077391334096
decision_type=2 2 2 2 2 2 2
left_child=4 2 -2 -3 6 -6 -1
right_child=1 3 -4 -5 5 -7 -8
leaf_value=5.7514671150484665e-06 0 0 -0.0050518649752618067 0.003661424337307938 -5.771029214359303e-05 -0.0072924560182318441 0.0026241319176144792
leaf_weight=3227 67 53 154 73 2482 56 372
leaf_count=3227 67 53 154 73 2482 56 372
internal_value=0 -0.000922935 -0.00309142 0.00102895 2.97433e-05 -0.000324172 0.000345624
internal_weight=0 347 221 126 6137 2538 3599
internal_count=6484 347 221 126 6137 2538 3599
is_linear=0
shrinkage=0.0926918


Tree=287
num_leaves=7
num_cat=0
split_feature=5 3 3 5 1 2
split_gain=0.0348141 0.482693 0.343755 0.645769 0.299237 0.285367
threshold=1.0000000180025095e-35 -1.2285461919336529 -0.46890717446366226 -1.5083116665592187 -0.099672914362104931 -0.74376881241136061
decision_type=2 2 2 2 2 2
left_child=2 -2 5 -4 -3 -1
right_child=1 4 3 -5 -6 -7
leaf_value=-0.0010722864579452659 -0.012619498317878954 -0.00044085654743545715 0.0017424117143308752 -0.0036461627250459123 0.0010839793113216641 0.0014603462982754961
leaf_weight=539 20 2072 211 585 2098 959
leaf_count=539 20 2072 211 585 2098 959
internal_value=0 0.000137245 -0.000309441 -0.00191798 0.000269517 0.000389802
internal_weight=0 4190 2294 796 4170 1498
internal_count=6484 4190 2294 796 4170 1498
is_linear=0
shrinkage=0.0926918


Tree=288
num_leaves=8
num_cat=0
split_feature=9 9 9 3 3 0 5
split_gain=0.034521 0.178159 0.159913 0.127529 0.103393 0.0623247 0.0486769
threshold=-1.8982282428561426 -2.8359438247490858 -1.2343909063516598 -0.19920748579995157 -1.3070737297034756 -0.58921894345218384 -1.5083116665592187
decision_type=2 2 2 2 2 2 2
left_child=1 5 6 -3 -4 -1 -2
right_child=2 3 4 -5 -6 -7 -8
leaf_value=0.0038406265647127785 0 -0.0046073218784807701 -0.0057842064622312863 0 0 0 0.0033508316005704244
leaf_weight=33 25 132 22 44 6006 67 155
leaf_count=33 25 132 22 44 6006 67 155
internal_value=0 -0.00102287 2.19089e-05 -0.00316083 -2.13858e-05 0.000433166 0.00272812
internal_weight=0 276 6208 176 6028 100 180
internal_count=6484 276 6208 176 6028 100 180
is_linear=0
shrinkage=0.0926918


Tree=289
num_leaves=8
num_cat=0
split_feature=1 4 1 4 4 2 9
split_gain=0.0376041 0.188695 0.567673 0.216787 0.169482 0.378933 0.212269
threshold=-0.29762001460719861 0.51707707719163043 -0.10736583252079449 -0.97761895959279432 0.70391408178968351 -0.74376881241136061 0.67822240333133432
decision_type=2 2 2 2 2 2 2
left_child=4 3 -3 -2 6 -6 -1
right_child=1 2 -4 -5 5 -7 -8
leaf_value=-0.00072027818771709467 -0.00069947645327049805 -0.0056749738567900433 -0.00013378039116807776 0.001059682057166549 -0.00063227622558729307 0.0028602696737719023 0.0018526448628907615
leaf_weight=1541 950 198 1246 1344 330 568 307
leaf_count=1541 950 198 1246 1344 330 568 307
internal_value=0 -0.00021227 -0.001074 0.00022744 0.000236959 0.00131585 -0.000160508
internal_weight=0 3738 1444 2294 2746 898 1848
internal_count=6484 3738 1444 2294 2746 898 1848
is_linear=0
shrinkage=0.0926918


Tree=290
num_leaves=8
num_cat=0
split_feature=0 4 0 9 4 9 9
split_gain=0.0348965 0.219054 0.194934 0.106174 0.0906086 0.124775 0.124039
threshold=1.1021000233502289 1.1398670925184742 1.176555348046586 0.92489420050239846 -1.7249669779850065 -0.090813199613749077 -0.17061878105144468
decision_type=2 2 2 2 2 2 2
left_child=4 2 -2 -3 5 -1 -6
right_child=1 3 -4 -5 6 -7 -8
leaf_value=0.0033229263274472472 -0.0050747739948440417 0 -0.00028250273370266667 0.0085274056068953014 -0.00055587084902840561 0 0.00036026712400524991
leaf_weight=165 99 25 848 23 2223 198 2903
leaf_count=165 99 25 848 23 2223 198 2903
internal_value=0 -0.00052667 -0.00105646 0.00456575 6.40585e-05 0.0014761 0
internal_weight=0 995 947 48 5489 363 5126
internal_count=6484 995 947 48 5489 363 5126
is_linear=0
shrinkage=0.0926918


Tree=291
num_leaves=6
num_cat=0
split_feature=1 72 1 1 1
split_gain=0.0361362 0.0450727 0.0915492 0.0744949 0.024959
threshold=2.2125861489865111 1.0000000180025095e-35 0.20594771880461668 -0.70128848605583016 2.2930328062697187
decision_type=2 2 2 2 2
left_child=1 3 -3 -1 -2
right_child=4 2 -4 -5 -6
leaf_value=-0.00037725086801688036 -0.0026698794436092947 0 -0.0018232644089030249 0.00035271956646172424 0
leaf_weight=1424 69 408 321 4240 22
leaf_count=1424 69 408 321 4240 22
internal_value=0 2.36182e-06 -0.000635121 0.00012695 -0.0018017
internal_weight=0 6393 729 5664 91
internal_count=6484 6393 729 5664 91
is_linear=0
shrinkage=0.0926918


Tree=292
num_leaves=8
num_cat=0
split_feature=0 1 4 8 1 0 1
split_gain=0.032837 0.167611 0.171906 0.117807 0.0749334 0.274565 0.220733
threshold=1.3693959032499348 0.37552664832055815 -0.85306095652742553 -1.4285483038269136 -0.24784278554358577 -1.1619104895119527 -0.16698435389527724
decision_type=2 2 2 2 2 2 2
left_child=4 2 -2 -3 5 -1 -6
right_child=1 3 -4 -5 6 -7 -8
leaf_value=-0.0014834883668793035 0 -0.0013632104922867009 -0.0037792028447885305 0.0019397123906749465 -0.0030279178575568283 0.00089528672068632271 0
leaf_weight=446 166 74 215 239 219 2327 2798
leaf_count=446 166 74 215 239 219 2327 2798
internal_value=0 -0.000622198 -0.0020747 0.000399225 4.48677e-05 0.000424964 -0.000225647
internal_weight=0 694 381 313 5790 2773 3017
internal_count=6484 694 381 313 5790 2773 3017
is_linear=0
shrinkage=0.0926918


Tree=293
num_leaves=8
num_cat=0
split_feature=128 1 1 10 6 3 2
split_gain=0.0346661 0.11068 0.214982 0.179992 0.0747849 0.462084 0.167135
threshold=1.0000000180025095e-35 -0.44447991341312282 -0.10736583252079449 -0.007802021136388549 1.0000000180025095e-35 -0.35801049499152188 -0.2520684678278306
decision_type=2 2 2 2 2 2 2
left_child=4 3 -3 -2 6 -6 -1
right_child=1 2 -4 -5 5 -7 -8
leaf_value=-0.00016296227771479227 -0.0013304343484498056 -0.0049016349101120319 -8.2740955678633195e-06 0.0025722658203585296 -0.003496489980871131 0.00011973541669016626 0.0011441417356638343
leaf_weight=1389 128 122 497 199 330 2369 1450
leaf_count=1389 128 122 497 199 330 2369 1450
internal_value=0 -0.000542902 -0.00138453 0.000327957 5.64324e-05 -0.000239403 0.00042151
internal_weight=0 946 619 327 5538 2699 2839
internal_count=6484 946 619 327 5538 2699 2839
is_linear=0
shrinkage=0.0926918


Tree=294
num_leaves=7
num_cat=0
split_feature=1 8 0 8 3 8
split_gain=0.0352305 0.151734 0.156889 0.114106 0.339773 0.151234
threshold=-1.4181059499623079 -1.3678401840581886 0.46031003489722139 -1.4285483038269136 0.77277310123724308 -0.50850832733147577
decision_type=2 2 2 2 2 2
left_child=1 -1 -3 4 -2 -5
right_child=3 2 -4 5 -6 -7
leaf_value=0.0025647462474525421 0 -0.0030529173133771307 0 0.00091138037091376004 -0.011091128462317008 -0.00010176217007373577
leaf_weight=49 237 274 199 1673 26 4026
leaf_count=49 237 274 199 1673 26 4026
internal_value=0 -0.000752404 -0.00161709 2.76433e-05 -0.00178118 0.000154326
internal_weight=0 522 473 5962 263 5699
internal_count=6484 522 473 5962 263 5699
is_linear=0
shrinkage=0.0926918


Tree=295
num_leaves=7
num_cat=0
split_feature=64 0 10 4 10 0
split_gain=0.0336705 0.232079 0.310617 0.187437 0.104807 0.0605432
threshold=1.0000000180025095e-35 -0.24922285049557605 -0.76189475564762599 1.7626571078453179 -1.5908154332692577 -1.0306432141735042
decision_type=2 2 2 2 2 2
left_child=3 5 -3 4 -1 -2
right_child=1 2 -4 -5 -6 -7
leaf_value=-0.0027068685854113091 0 0 -0.0041651481994320755 0.0086523042092177399 6.5501009666025015e-05 0.0015571669900045623
leaf_weight=115 124 126 273 17 5567 262
leaf_count=115 124 126 273 17 5567 262
internal_value=0 -0.000595641 -0.00230675 4.00264e-05 0 0.000568729
internal_weight=0 785 399 5699 5682 386
internal_count=6484 785 399 5699 5682 386
is_linear=0
shrinkage=0.0926918


Tree=296
num_leaves=8
num_cat=0
split_feature=0 3 8 1 3 1 8
split_gain=0.0348585 0.376644 0.513439 0.218359 0.259245 0.182428 0.147187
threshold=-0.61093174792908533 0.093344816905595304 0.65832634429327885 1.6801231064576856 -0.043835605628826893 1.3125125251083161 0.82504571522122028
decision_type=2 2 2 2 2 2 2
left_child=1 5 -3 6 -5 -1 -2
right_child=3 2 -4 4 -6 -7 -8
leaf_value=-0.00018103327298348018 0.00060955705617154196 -0.0039695763558991832 0.002611375442643588 -0.0087971887625146201 0 0.0019870331864742553 -0.00055770985494928127
leaf_weight=991 3333 451 82 45 75 415 1092
leaf_count=991 3333 451 82 45 75 415 1092
internal_value=0 -0.000355148 -0.00249959 0.000109292 -0.00359838 0.000294198 0.000267358
internal_weight=0 1939 533 4545 120 1406 4425
internal_count=6484 1939 533 4545 120 1406 4425
is_linear=0
shrinkage=0.0926918


Tree=297
num_leaves=7
num_cat=0
split_feature=5 3 4 1 4 4
split_gain=0.0341475 0.392844 0.376737 0.329551 0.412697 0.378385
threshold=1.0000000180025095e-35 -1.2285461919336529 1.4512621001818959 -0.087907746975454032 1.4512621001818959 0.39251907412626164
decision_type=2 2 2 2 2 2
left_child=3 -2 -3 5 -5 -1
right_child=1 2 -4 4 -6 -7
leaf_value=-0.0005152150318360933 -0.011363137702149416 7.5590349439836536e-05 0.0070621829698169318 -0.00096102010018430154 -0.011907500738980182 0.0026248529210040937
leaf_weight=707 20 4105 65 1052 32 503
leaf_count=707 20 4105 65 1052 32 503
internal_value=0 0.000124564 0.000249361 -0.000315153 -0.00155262 0.000598733
internal_weight=0 4190 4170 2294 1084 1210
internal_count=6484 4190 4170 2294 1084 1210
is_linear=0
shrinkage=0.0926918


Tree=298
num_leaves=5
num_cat=0
split_feature=113 0 3 7
split_gain=0.0343686 0.0394735 0.0910712 0.056901
threshold=1.0000000180025095e-35 -1.5495239125722542 -0.23766202614230497 -1.6281444700947179
decision_type=2 2 2 2
left_child=1 2 -1 -3
right_child=-2 3 -4 -5
leaf_value=0 0.002445201114115011 0.0015080680860833696 -0.0035051015692843853 -6.222842911549436e-05
leaf_weight=93 42 200 88 6061
leaf_count=93 42 200 88 6061
internal_value=0 -5.05355e-05 -0.00138407 0
internal_weight=0 6442 181 6261
internal_count=6484 6442 181 6261
is_linear=0
shrinkage=0.0926918


Tree=299
num_leaves=8
num_cat=0
split_feature=40 4 1 4 128 4 1
split_gain=0.0333992 0.0807369 0.111318 0.0614655 0.056748 0.124315 0.0926495
threshold=1.0000000180025095e-35 0.33024007259357724 0.34163207300704529 -1.102176962658163 1.0000000180025095e-35 0.70391408178968351 -0.44447991341312282
decision_type=2 2 2 2 2 2 2
left_child=4 3 -3 -2 5 -1 -6
right_child=1 2 -4 -5 6 -7 -8
leaf_value=0 -0.00075664992818822243 0 -0.0035128702485254472 0.0013846788979361131 0.00019889537373399456 0.0010141067688614622 -0.0012984248662752883
leaf_weight=3393 132 369 151 230 327 1263 619
leaf_count=3393 132 369 151 230 327 1263 619
internal_value=0 -0.000552318 -0.00135564 0 5.42256e-05 0.00022482 -0.000531438
internal_weight=0 882 520 362 5602 4656 946
internal_count=6484 882 520 362 5602 4656 946
is_linear=0
shrinkage=0.0926918


Tree=300
num_leaves=7
num_cat=0
split_feature=46 9 9 0 3 1
split_gain=0.0340982 0.0521572 0.0821779 0.0391468 0.269594 0.193554
threshold=1.0000000180025095e-35 0.43699189580374947 -0.069048041039830838 -0.6160851039195081 0.093344816905595304 1.782535365703338
decision_type=2 2 2 2 2 2
left_child=3 2 -2 4 -1 -5
right_child=1 -3 -4 5 -6 -7
leaf_value=0.00021362790635262786 0 0 -0.0061202918475153061 0.00030880956431929816 -0.0021491654909481404 -0.0042497343914336431
leaf_weight=1372 38 18 34 4425 525 72
leaf_count=1372 38 18 34 4425 525 72
internal_value=0 -0.00175948 -0.00310974 0 -0.000318466 0.000178527
internal_weight=0 90 72 6394 1897 4497
internal_count=6484 90 72 6394 1897 4497
is_linear=0
shrinkage=0.0926918


Tree=301
num_leaves=8
num_cat=0
split_feature=4 7 10 7 10 10 87
split_gain=0.0319169 0.167891 0.356053 0.2971 0.121981 0.267086 0.217295
threshold=0.45479807565894603 -0.055898530784743945 -0.10162689072033688 1.3001000925479376 -0.22751307343087612 -0.15105445917050805 1.0000000180025095e-35
decision_type=2 2 2 2 2 2 2
left_child=4 2 -2 -3 6 -6 -1
right_child=1 3 -4 -5 5 -7 -8
leaf_value=0.0012223009024467501 -0.0012404787945148768 -0.0019917085597020365 0.0014368769167488664 0.0011136139351422285 -0.0054752619332927759 0 -0.00222699974431181
leaf_weight=1475 674 948 1013 256 76 1913 129
leaf_count=1475 674 948 1013 256 76 1913 129
internal_value=0 -0.000258376 0.000225702 -0.00113231 0.000149971 -0.000247918 0.000790968
internal_weight=0 2891 1687 1204 3593 1989 1604
internal_count=6484 2891 1687 1204 3593 1989 1604
is_linear=0
shrinkage=0.0926918


Tree=302
num_leaves=8
num_cat=0
split_feature=0 10 10 10 3 3 7
split_gain=0.0396486 0.16775 0.171129 0.143777 0.648982 0.517291 0.109912
threshold=0.80886408595216375 0.13805309121373818 -0.74599042930948123 0.019271285681027251 -1.1834883466840265 -1.1834883466840265 -0.60815535764480899
decision_type=2 2 2 2 2 2 2
left_child=3 2 -2 4 -1 -5 -3
right_child=1 6 -4 5 -6 -7 -8
leaf_value=0.012712963065133039 0 0.0029458364254182786 -0.0027246282414883512 -0.011236332908216967 0.00032558827143009869 -9.8075112696239953e-05 0
leaf_weight=34 583 131 397 33 2590 2402 314
leaf_count=34 583 131 397 33 2590 2402 314
internal_value=0 -0.000460133 -0.00123889 8.65895e-05 0.000598984 -0.000367872 0.000719374
internal_weight=0 1425 980 5059 2624 2435 445
internal_count=6484 1425 980 5059 2624 2435 445
is_linear=0
shrinkage=0.0926918


Tree=303
num_leaves=7
num_cat=0
split_feature=5 3 1 0 1 1
split_gain=0.0362425 0.343692 0.272372 0.31752 0.314557 0.25762
threshold=1.0000000180025095e-35 -1.2285461919336529 -0.087907746975454032 -1.1619104895119527 -0.0097589764412719486 -0.099672914362104931
decision_type=2 2 2 2 2 2
left_child=2 -2 3 -1 -4 -3
right_child=1 5 4 -5 -6 -7
leaf_value=-0.0023677319733513363 -0.010595522631005187 -0.00040637143842215941 -0.0064707469986615366 0.0013410541097279168 -0.00064300034674882346 0.0010053879220033935
leaf_weight=212 20 2072 105 998 979 2098
leaf_count=212 20 2072 105 998 979 2098
internal_value=0 0.000126809 -0.000325763 0.000488277 -0.00145179 0.000247088
internal_weight=0 4190 2294 1210 1084 4170
internal_count=6484 4190 2294 1210 1084 4170
is_linear=0
shrinkage=0.0926918


Tree=304
num_leaves=8
num_cat=0
split_feature=0 1 3 3 20 5 2
split_gain=0.0382208 0.145807 0.109152 0.0857905 0.0705226 0.0741909 0.0318986
threshold=1.3693959032499348 0.45006763518912357 -0.028557370745332947 1.8826462319263106 1.0000000180025095e-35 1.0000000180025095e-35 -0.2520684678278306
decision_type=2 2 2 2 2 2 2
left_child=4 2 -2 -3 5 -1 -6
right_child=1 3 -4 -5 6 -7 -8
leaf_value=-0.00042889069678697965 0 0.0017842820697099035 -0.0033040025321057517 -0.0018229061210531911 0 0.00026086225618236254 0.0061265725614071736
leaf_weight=2112 234 221 220 19 18 3641 19
leaf_count=2112 234 221 220 19 18 3641 19
internal_value=0 -0.000678302 -0.00181713 0.000494349 3.50257e-05 0 0.00383721
internal_weight=0 694 454 240 5790 5753 37
internal_count=6484 694 454 240 5790 5753 37
is_linear=0
shrinkage=0.0926918


Tree=305
num_leaves=8
num_cat=0
split_feature=8 3 7 8 6 8 3
split_gain=0.0359419 0.271194 0.301427 0.174551 0.283209 0.148374 0.0473234
threshold=-1.0665959626232482 0.52560233519834543 0.8188749622124295 -0.98988329639183437 1.0000000180025095e-35 -0.91940316225249308 -0.34240856869100478
decision_type=2 2 2 2 2 2 2
left_child=1 6 -3 4 -2 -5 -1
right_child=3 2 -4 5 -6 -7 -8
leaf_value=0.0010659981725803876 0 -0.0067179151691171878 0 -0.0026761895751548368 0.0069928823689076958 4.2629723799887343e-05 -0.00043357365087052916
leaf_weight=295 74 111 49 172 76 5360 347
leaf_count=295 74 111 49 172 76 5360 347
internal_value=0 -0.000608601 -0.00399595 4.20571e-05 0.00312465 -9.81562e-07 0
internal_weight=0 802 160 5682 150 5532 642
internal_count=6484 802 160 5682 150 5532 642
is_linear=0
shrinkage=0.0926918


Tree=306
num_leaves=8
num_cat=0
split_feature=40 9 9 9 4 3 1
split_gain=0.0316548 0.0823624 0.499162 0.0650691 0.489404 0.461305 0.0544512
threshold=1.0000000180025095e-35 -0.35018133928626394 -0.22321791427174628 -0.4490314344761393 1.2021460940511586 5.8278619608881916 -0.62888078648141466
decision_type=2 2 2 2 2 2 2
left_child=3 6 -3 4 -1 -5 -2
right_child=1 2 -4 5 -6 -7 -8
leaf_value=0 0 -0.009216737318039115 0 0.00013886026914646009 -0.0076431541715709086 0.01390339408487693 0.0016827940563285944
leaf_weight=1355 61 57 596 4158 72 17 168
leaf_count=1355 61 57 596 4158 72 17 168
internal_value=0 -0.000541921 -0.0012 4.54589e-05 -0.00043582 0.00026734 0.000300031
internal_weight=0 882 653 5602 1427 4175 229
internal_count=6484 882 653 5602 1427 4175 229
is_linear=0
shrinkage=0.0926918


Tree=307
num_leaves=8
num_cat=0
split_feature=72 142 1 1 1 4 1
split_gain=0.0352945 0.090882 0.0765819 0.0607107 0.232693 0.207227 0.0278024
threshold=1.0000000180025095e-35 1.0000000180025095e-35 -0.36115128022327669 -0.70128848605583016 -0.64729591644174367 0.57935607872431483 -0.64729591644174367
decision_type=2 2 2 2 2 2 2
left_child=3 6 -3 5 -5 -1 -2
right_child=1 2 -4 4 -6 -7 -8
leaf_value=-0.0014081133261237039 0.001550925304481585 0 -0.0027768336323684821 0.0047635614941582017 8.9204469111872498e-05 0.00072306818566238249 -7.0997531514803739e-05
leaf_weight=879 94 107 220 94 4228 545 317
leaf_count=879 94 107 220 94 4228 545 317
internal_value=0 -0.000628442 -0.0017997 4.15887e-05 0.000251002 -0.000425761 0
internal_weight=0 738 327 5746 4322 1424 411
internal_count=6484 738 327 5746 4322 1424 411
is_linear=0
shrinkage=0.0926918


Tree=308
num_leaves=8
num_cat=0
split_feature=40 8 10 10 10 64 10
split_gain=0.0292606 0.0692215 0.130441 0.0569075 0.148597 0.138583 0.0263546
threshold=1.0000000180025095e-35 -0.14590143177801956 0.47213661666632284 -0.80424511471032389 -1.2628199077708879 1.0000000180025095e-35 0.019271285681027251
decision_type=2 2 2 2 2 2 2
left_child=3 2 -2 4 -1 -5 -3
right_child=1 6 -4 5 -6 -7 -8
leaf_value=-8.6119615721004733e-05 -0.0024158484748090831 0.00086808587098726191 0 8.951885650115279e-05 0.0016549128152468888 -0.0014071044642903498 -0.00039751086199758904
leaf_weight=586 330 250 88 3789 638 589 214
leaf_count=586 330 250 88 3789 638 589 214
internal_value=0 -0.000517647 -0.00140334 4.96478e-05 0.000630017 -5.86691e-05 0
internal_weight=0 882 418 5602 1224 4378 464
internal_count=6484 882 418 5602 1224 4378 464
is_linear=0
shrinkage=0.0926918


Tree=309
num_leaves=8
num_cat=0
split_feature=29 8 1 7 7 3 3
split_gain=0.0298731 0.137394 0.290726 0.0495652 0.175991 0.157291 0.0397058
threshold=1.0000000180025095e-35 0.023512131797031103 -0.52241528111528424 -0.95831148729050264 -0.48441665224347469 -0.80956002173885311 1.0423433133341444
decision_type=2 2 2 2 2 2 2
left_child=3 6 -3 5 -5 -1 -2
right_child=1 2 -4 4 -6 -7 -8
leaf_value=-0.0032805266375773657 0 0 -0.0061896929582316461 0.0012287899323641812 -5.3934838558954611e-05 0 0.0034516717263382317
leaf_weight=147 185 40 98 1087 4130 773 24
leaf_count=147 185 40 98 1087 4130 773 24
internal_value=0 -0.000849616 -0.00317107 2.14935e-05 0.000168493 -0.000550733 0
internal_weight=0 347 138 6137 5217 920 209
internal_count=6484 347 138 6137 5217 920 209
is_linear=0
shrinkage=0.0926918


Tree=310
num_leaves=8
num_cat=0
split_feature=0 9 8 8 29 0 2
split_gain=0.0362401 0.146138 0.31994 0.164524 0.0802991 0.124115 0.0828146
threshold=0.80886408595216375 0.21934031006457583 -0.66707327027162255 -0.76959325792912692 1.0000000180025095e-35 0.072225110717392557 1.7147329105062896
decision_type=2 2 2 2 2 2 2
left_child=4 2 -2 -3 6 -6 -1
right_child=1 3 -4 -5 5 -7 -8
leaf_value=0.00035246550020778458 0.00011065459153333814 -0.00064656292012339766 -0.0032249989400611389 0.0019694985023702423 -0.0026314133331021227 0 -0.0012388106139160364
leaf_weight=4542 318 375 402 330 221 53 243
leaf_count=4542 318 375 402 330 221 53 243
internal_value=0 -0.000436133 -0.00143123 0.000246642 8.82467e-05 -0.00133421 0.000220723
internal_weight=0 1425 720 705 5059 274 4785
internal_count=6484 1425 720 705 5059 274 4785
is_linear=0
shrinkage=0.0926918


Tree=311
num_leaves=8
num_cat=0
split_feature=72 4 1 1 7 40 3
split_gain=0.033267 0.0787922 0.136081 0.0530707 0.271923 0.0718296 0.0319683
threshold=1.0000000180025095e-35 -0.043433936602528894 -0.36115128022327669 -1.0403836196158547 -0.032299867378429395 1.0000000180025095e-35 0.11574426296359912
decision_type=2 2 2 2 2 2 2
left_child=3 6 -3 4 -1 -5 -2
right_child=1 2 -4 5 -6 -7 -8
leaf_value=-0.003837523661750694 0.0012838651731686037 0 -0.002649752638259117 0.00036579590963746 5.2458394656190132e-05 -0.00051252796439714887 0
leaf_weight=174 162 172 297 4352 430 790 107
leaf_count=174 162 172 297 4352 430 790 107
internal_value=0 -0.000604853 -0.00141525 4.95733e-05 -0.000696861 0.000184157 0
internal_weight=0 738 469 5746 604 5142 269
internal_count=6484 738 469 5746 604 5142 269
is_linear=0
shrinkage=0.0926918


Tree=312
num_leaves=7
num_cat=0
split_feature=128 8 8 4 5 1
split_gain=0.0329912 0.0953196 0.0913647 0.0670011 0.0996654 0.0674982
threshold=1.0000000180025095e-35 -1.5103088433863709 -0.255497303048762 -1.7872459795176907 -1.5083116665592187 2.1373553597719206
decision_type=2 2 2 2 2 2
left_child=3 -2 -3 4 -1 -5
right_child=1 2 -4 5 -6 -7
leaf_value=0 -0.005741518615693505 0.00062554721318349078 -0.0011051836235001409 3.469221755649906e-05 0.0022092626508770394 -0.0019715296656161261
leaf_weight=49 28 407 511 5053 293 143
leaf_count=49 28 407 511 5053 293 143
internal_value=0 -0.000525692 -7.99838e-05 6.11758e-05 0.0013117 0
internal_weight=0 946 918 5538 342 5196
internal_count=6484 946 918 5538 342 5196
is_linear=0
shrinkage=0.0926918


Tree=313
num_leaves=8
num_cat=0
split_feature=87 10 10 10 8 8 4
split_gain=0.030574 0.083201 0.255972 0.0512873 0.261998 0.129299 0.0475191
threshold=1.0000000180025095e-35 -1.0185636624836845 -1.2370868786109843 -0.86381381557133585 0.82504571522122028 1.0723844823821149 0.39251907412626164
decision_type=2 2 2 2 2 2 2
left_child=3 2 -2 4 -1 -5 -3
right_child=1 6 -4 5 -6 -7 -8
leaf_value=0 0 0.0006255152516728825 -0.010714685856397106 9.5089301717505876e-05 0.004631057555881936 -0.0011552238224351939 -0.0015600892383005158
leaf_weight=1148 44 220 23 3984 120 818 127
leaf_count=1148 44 220 23 3984 120 818 127
internal_value=0 -0.000785616 -0.00368593 2.66275e-05 0.000575815 -6.91694e-05 0
internal_weight=0 414 67 6070 1268 4802 347
internal_count=6484 414 67 6070 1268 4802 347
is_linear=0
shrinkage=0.0926918


Tree=314
num_leaves=8
num_cat=0
split_feature=0 3 9 3 3 0 7
split_gain=0.0313106 0.128855 0.391039 0.0711401 0.0554168 0.416684 0.211227
threshold=1.3693959032499348 1.4713639174566624 0.092376885050056867 -0.66435205206225623 0.44966432876470802 -0.86452768083360632 0.94903923491659159
decision_type=2 2 2 2 2 2 2
left_child=4 3 -3 -2 6 -6 -1
right_child=1 2 -4 -5 5 -7 -8
leaf_value=0.00016651020774574064 -0.0023292992484888913 -0.011848668355033473 0 0.0002882745677606004 -0.0023597822534421093 0.0017831760444767953 -0.0015480964450744238
leaf_weight=3992 100 29 46 519 235 853 710
leaf_count=3992 100 29 46 519 235 853 710
internal_value=0 -0.000604215 -0.00413583 0 4.90815e-05 0.000663764 -4.29742e-05
internal_weight=0 694 75 619 5790 1088 4702
internal_count=6484 694 75 619 5790 1088 4702
is_linear=0
shrinkage=0.0926918


Tree=315
num_leaves=8
num_cat=0
split_feature=0 1 9 4 10 3 3
split_gain=0.0277141 0.178091 0.203404 0.180912 0.102544 0.359536 0.31986
threshold=0.80886408595216375 0.45006763518912357 0.19757515149065882 -0.35482894426595069 0.19597240533586532 -1.1478822908114772 -1.1834883466840265
decision_type=2 2 2 2 2 2 2
left_child=4 2 -2 -3 5 -1 -6
right_child=1 3 -4 -5 6 -7 -8
leaf_value=0.0080011360414161924 -0.0026445476412616797 -0.00049925119269971332 0 0.0026789492985611336 -0.009739071239219018 0.00023781310215063528 -9.9972081734565741e-05
leaf_weight=51 439 145 581 260 27 2947 2034
leaf_count=51 439 145 581 260 27 2947 2034
internal_value=0 -0.000380561 -0.00114997 0.000965882 7.83238e-05 0.000461477 -0.000363311
internal_weight=0 1425 1020 405 5059 2998 2061
internal_count=6484 1425 1020 405 5059 2998 2061
is_linear=0
shrinkage=0.0926918


Tree=316
num_leaves=8
num_cat=0
split_feature=72 4 1 10 10 4 8
split_gain=0.0276937 0.0643866 0.124503 0.0506722 0.238078 0.180393 0.0414647
threshold=1.0000000180025095e-35 -0.043433936602528894 0.20594771880461668 0.70636009883976836 0.63968219097153178 0.57935607872431483 -0.91094488396187423
decision_type=2 2 2 2 2 2 2
left_child=3 6 -3 4 -1 -5 -2
right_child=1 2 -4 5 -6 -7 -8
leaf_value=0 -0.00074657474258782235 0 -0.0028823997258047894 -9.6837044870530802e-05 -0.0045447632986786992 0.0019125454180065611 0.0012430632482751374
leaf_weight=4432 70 251 218 683 95 536 199
leaf_count=4432 70 251 218 683 95 536 199
internal_value=0 -0.000552624 -0.00128329 4.40181e-05 -5.23234e-05 0.00059562 0
internal_weight=0 738 469 5746 4527 1219 269
internal_count=6484 738 469 5746 4527 1219 269
is_linear=0
shrinkage=0.0926918


Tree=317
num_leaves=7
num_cat=0
split_feature=46 9 9 0 1 1
split_gain=0.0288493 0.0446164 0.0685895 0.0384464 0.259593 0.175969
threshold=1.0000000180025095e-35 0.43699189580374947 -0.069048041039830838 -0.61093174792908533 1.152056399978411 1.782535365703338
decision_type=2 2 2 2 2 2
left_child=3 2 -2 4 -1 -5
right_child=1 -3 -4 5 -6 -7
leaf_value=-0.0011625170154302266 0 0 -0.0056206520709044337 0.00030963566962059297 0.0010215165304064844 -0.004020545712784083
leaf_weight=1279 38 18 34 4399 644 72
leaf_count=1279 38 18 34 4399 644 72
internal_value=0 -0.0016184 -0.00286995 0 -0.000306634 0.000182507
internal_weight=0 90 72 6394 1923 4471
internal_count=6484 90 72 6394 1923 4471
is_linear=0
shrinkage=0.0926918


Tree=318
num_leaves=8
num_cat=0
split_feature=128 10 10 1 1 0 1
split_gain=0.0272601 0.0956227 0.181986 0.149856 0.0641022 0.131376 0.0615194
threshold=1.0000000180025095e-35 -0.10162689072033688 -0.60371603172814126 -0.45417607796113685 -1.6301706789812949 0.48857487592720095 2.1373553597719206
decision_type=2 2 2 2 2 2 2
left_child=4 2 -2 -3 5 -1 -6
right_child=1 3 -4 -5 6 -7 -8
leaf_value=-0.0034605114430584657 0 0.0022933452140614804 -0.0044652279270160954 -0.00078986336814438056 0.00025987885154141188 0 -0.0014306050044763036
leaf_weight=125 286 200 126 334 5115 144 154
leaf_count=125 286 200 126 334 5115 144 154
internal_value=0 -0.000480479 -0.00158072 0 5.1585e-05 -0.00124426 0.000164017
internal_weight=0 946 412 534 5538 269 5269
internal_count=6484 946 412 534 5538 269 5269
is_linear=0
shrinkage=0.0926918


Tree=319
num_leaves=8
num_cat=0
split_feature=0 1 128 3 1 0 0
split_gain=0.0279702 0.151358 0.243477 0.235457 0.0600039 0.301377 0.211404
threshold=1.0485245659185523 0.45006763518912357 1.0000000180025095e-35 -0.57345950216214814 0.072095525278693118 -0.44476582517490476 -0.4356727177161786
decision_type=2 2 2 2 2 2 2
left_child=4 3 -3 -2 6 -6 -1
right_child=1 2 -4 -5 5 -7 -8
leaf_value=-0.00056394079229981774 -0.0052225646617770913 0.0022492181918648507 -0.0037116043513764595 -0.00017567990304075408 0.00031947024186646168 -0.0020685869391577141 0.00089472019015859731
leaf_weight=1173 118 302 48 602 1386 607 2248
leaf_count=1173 118 302 48 602 1386 607 2248
internal_value=0 -0.000457163 0.000721175 -0.00136015 5.38571e-05 -0.000291532 0.00032484
internal_weight=0 1070 350 720 5414 1993 3421
internal_count=6484 1070 350 720 5414 1993 3421
is_linear=0
shrinkage=0.0926918


Tree=320
num_leaves=6
num_cat=0
split_feature=64 3 3 3 6
split_gain=0.0273866 0.164928 0.158106 0.135664 0.092798
threshold=1.0000000180025095e-35 2.3018266169713244 5.8278619608881916 -0.51674876589968777 2.2212776510650962
decision_type=2 2 2 2 2
left_child=2 3 4 -2 -1
right_child=1 -3 -4 -5 -6
leaf_value=6.1393972295588673e-05 -0.0021609872727783373 -0.0085267105521267678 0.0076001927679655024 0.00045971659655355443 -0.0023924863875147001
leaf_weight=5549 220 18 19 547 131
leaf_count=5549 220 18 19 547 131
internal_value=0 -0.000538004 3.43778e-05 0 0
internal_weight=0 785 5699 767 5680
internal_count=6484 785 5699 767 5680
is_linear=0
shrinkage=0.0926918


Tree=321
num_leaves=8
num_cat=0
split_feature=8 3 8 8 8 64 2
split_gain=0.0287261 0.242656 0.238223 0.144321 0.122115 0.0715223 0.0612973
threshold=-1.0665959626232482 -0.27482180081656554 -1.210592665910095 -0.98988329639183437 -0.91940316225249308 1.0000000180025095e-35 -0.2520684678278306
decision_type=2 2 2 2 2 2 2
left_child=1 6 -3 5 -5 -2 -1
right_child=3 2 -4 4 -6 -7 -8
leaf_value=0.0019634191187201354 0.0037205170494735945 -4.2933827029439205e-05 -0.0055934678566730966 -0.0024269375235954098 4.051386590151272e-05 0 0
leaf_weight=205 130 344 126 172 5360 20 127
leaf_count=205 130 344 126 172 5360 20 127
internal_value=0 -0.000542792 -0.00207369 4.01222e-05 0 0.00284218 0.000914433
internal_weight=0 802 470 5682 5532 150 332
internal_count=6484 802 470 5682 5532 150 332
is_linear=0
shrinkage=0.0926918


Tree=322
num_leaves=7
num_cat=0
split_feature=87 8 10 9 0 0
split_gain=0.0268632 0.0705659 0.0472908 0.217783 0.136929 0.0324946
threshold=1.0000000180025095e-35 -1.1340731166463429 -0.86381381557133585 -0.30302349570944315 -0.6225273987522012 -0.088611143253913435
decision_type=2 2 2 2 2 2
left_child=2 -2 3 -1 -4 -3
right_child=1 5 4 -5 -6 -7
leaf_value=0.0028084655583084693 -0.0050593905488982502 -0.0010354657357437658 -0.00085547003826953597 0 0.00019723071128397866 0.00048919555368136106
leaf_weight=281 28 217 1461 987 3341 169
leaf_count=281 28 217 1461 987 3341 169
internal_value=0 -0.000739692 1.6973e-05 0.000547722 -7.39324e-05 0
internal_weight=0 414 6070 1268 4802 386
internal_count=6484 414 6070 1268 4802 386
is_linear=0
shrinkage=0.0926918


Tree=323
num_leaves=8
num_cat=0
split_feature=0 1 1 29 1 0 4
split_gain=0.0276899 0.240096 0.273629 0.13856 0.175246 0.16486 0.0421179
threshold=0.18930149006562208 0.82437246980251744 -0.55015340158983472 1.0000000180025095e-35 -0.22447419707387006 -0.025624077391334096 -0.10571293813521328
decision_type=2 2 2 2 2 2 2
left_child=3 2 -2 5 -5 -1 -3
right_child=1 6 -4 4 -6 -7 -8
leaf_value=2.8001839384055855e-05 -0.0014690795840543607 0 0.00054379834995835869 0 -0.0040381563290616054 0.0021172836873286005 -0.0095283347933010857
leaf_weight=3227 849 32 1723 92 141 396 24
leaf_count=3227 849 32 1723 92 141 396 24
internal_value=0 -0.000259407 -2.94934e-05 0.000125442 -0.00191245 0.000324543 -0.00607505
internal_weight=0 2628 2572 3856 233 3623 56
internal_count=6484 2628 2572 3856 233 3623 56
is_linear=0
shrinkage=0.0926918


Tree=324
num_leaves=8
num_cat=0
split_feature=0 4 8 4 5 4 0
split_gain=0.0309011 0.172939 0.179929 0.0932361 0.319833 0.2603 0.000713011
threshold=1.1021000233502289 1.1398670925184742 -1.4285483038269136 0.45479807565894603 -1.5083116665592187 0.57935607872431483 1.1463429817453223
decision_type=2 2 2 2 2 2 2
left_child=3 2 -2 4 -1 -5 -3
right_child=1 6 -4 5 -6 -7 -8
leaf_value=-0.0024656371729047132 -0.0043669209679559201 0.0056150932890990483 -0.00017040638476852261 -0.0025090542262953854 0.0008235367676244276 0 0
leaf_weight=250 124 21 823 386 2644 2209 27
leaf_count=250 124 21 823 386 2644 2209 27
internal_value=0 -0.000497482 -0.000989188 5.73942e-05 0.000453605 -0.000292716 0.00390372
internal_weight=0 995 947 5489 2894 2595 48
internal_count=6484 995 947 5489 2894 2595 48
is_linear=0
shrinkage=0.0926918


Tree=325
num_leaves=5
num_cat=0
split_feature=113 1 0 4
split_gain=0.0253138 0.0324449 0.20009 0.162498
threshold=1.0000000180025095e-35 -0.36115128022327669 -0.75993737782514204 1.6380991047799491
decision_type=2 2 2 2
left_child=1 2 -1 -3
right_child=-2 3 -4 -5
leaf_value=-0.0012326962591104344 0.0020972401147646763 -0.00034641219732135781 0.00068508520597434532 0.0065772413203896265
leaf_weight=562 42 3890 1968 22
leaf_count=562 42 3890 1968 22
internal_value=0 -4.38151e-05 0.000163478 -0.000238826
internal_weight=0 6442 2530 3912
internal_count=6484 6442 2530 3912
is_linear=0
shrinkage=0.0926918


Tree=326
num_leaves=8
num_cat=0
split_feature=7 7 0 3 1 1 3
split_gain=0.0352991 0.448218 0.782845 0.198045 0.128471 0.486405 0.137859
threshold=0.34774282469602891 0.38912104506442441 -0.44476582517490476 -0.97334787875258055 -0.62888078648141466 -0.98489069301595744 -1.1478822908114772
decision_type=2 2 2 2 2 2 2
left_child=4 2 -2 -3 5 -1 -6
right_child=1 3 -4 -5 6 -7 -8
leaf_value=-0.00073222063421969912 0.00063039435571144581 0.0036424326356975308 -0.012454634451836716 -0.00027635082266279088 0.0038944940859698307 0.0030701952214402159 -0.00023166220541375222
leaf_weight=463 22 113 65 1840 63 534 3384
leaf_count=463 22 113 65 1840 63 534 3384
internal_value=0 -0.000339028 -0.00667762 0 0.000123881 0.00107097 -8.20022e-05
internal_weight=0 2040 87 1953 4444 997 3447
internal_count=6484 2040 87 1953 4444 997 3447
is_linear=0
shrinkage=0.0926918


Tree=327
num_leaves=8
num_cat=0
split_feature=8 10 3 3 10 3 9
split_gain=0.0297544 0.269539 0.678297 0.46887 0.256769 0.167006 0.158983
threshold=-0.33541499334807151 0.019271285681027251 -1.1834883466840265 -1.1834883466840265 0.051837014115209003 1.0000000180025095e-35 -0.29032715320799124
decision_type=2 2 2 2 2 2 2
left_child=4 3 -3 -2 6 -6 -1
right_child=1 2 -4 -5 5 -7 -8
leaf_value=0.001301618072897838 0.011500042046812559 -0.015858686780966625 -0.00066666812952836604 0.00018280886827055711 0.0022376373147900705 0 -0.00091485212573970312
leaf_weight=279 29 23 1876 1969 701 272 1335
leaf_count=279 29 23 1876 1969 701 272 1335
internal_value=0 -0.000180906 -0.00101415 0.000492434 0.000222199 0.00146501 -0.000381684
internal_weight=0 3897 1899 1998 2587 973 1614
internal_count=6484 3897 1899 1998 2587 973 1614
is_linear=0
shrinkage=0.0926918


Tree=328
num_leaves=8
num_cat=0
split_feature=6 0 3 3 3 7 7
split_gain=0.0270324 0.246742 0.276676 0.202971 0.108051 0.419407 0.0681014
threshold=1.0808259692608293 -0.69542725878736522 1.8826462319263106 1.7844382560014791 2.0597054370379886 0.8188749622124295 0.94903923491659159
decision_type=2 2 2 2 2 2 2
left_child=4 3 -3 -2 6 -6 -1
right_child=1 2 -4 -5 5 -7 -8
leaf_value=0.00013236534652411963 0.0080607211726371284 -0.0022478043012423791 0.0033851458353394764 0 -0.006634436731949518 0.0018257134290646376 -0.00071081934414701385
leaf_weight=4967 58 224 102 22 96 34 981
leaf_count=4967 58 224 102 22 96 34 981
internal_value=0 0.000707956 0 0.00524217 -6.59371e-05 -0.00266305 0
internal_weight=0 406 326 80 6078 130 5948
internal_count=6484 406 326 80 6078 130 5948
is_linear=0
shrinkage=0.0926918


Tree=329
num_leaves=8
num_cat=0
split_feature=1 1 0 4 7 9 8
split_gain=0.0278324 0.102092 0.264226 0.162026 0.0974557 0.0974075 0.0542839
threshold=-0.88202841491931638 -0.39238467033693863 -1.1369803234157823 0.51707707719163043 1.2468392788333393 -0.38554972196887977 1.7593689527241128
decision_type=2 2 2 2 2 2 2
left_child=4 2 -2 -3 5 -1 -6
right_child=1 3 -4 -5 6 -7 -8
leaf_value=0.00012168044518808944 -0.001117465370164943 0.00027991996681446757 0.0015656822847545488 -0.0008913323388808201 0.0026707215864961993 -0.0014839999322538229 0
leaf_weight=145 335 2462 1094 1576 91 753 28
leaf_count=145 335 2462 1094 1576 91 753 28
internal_value=0 7.01061e-05 0.000768679 -0.000118693 -0.000455788 -0.000961124 0.00132097
internal_weight=0 5467 1429 4038 1017 898 119
internal_count=6484 5467 1429 4038 1017 898 119
is_linear=0
shrinkage=0.0926918


Tree=330
num_leaves=8
num_cat=0
split_feature=7 7 10 6 5 3 3
split_gain=0.0252126 0.494638 0.233464 0.21493 0.133247 0.22669 0.166661
threshold=0.36354811342607313 0.38912104506442441 0.019271285681027251 1.0000000180025095e-35 1.0000000180025095e-35 0.10933517290654017 -0.37885622224781451
decision_type=2 2 2 2 2 2 2
left_child=4 3 -3 -2 6 -6 -1
right_child=1 2 -4 -5 5 -7 -8
leaf_value=0 0 0.0010080520169565188 -0.0010139663348393323 -0.013067658487214329 0.0012334324478094428 -0.00035419405246209435 -0.0019596067659198562
leaf_weight=1206 29 965 988 32 1736 1064 464
leaf_count=1206 29 965 988 32 1736 1064 464
internal_value=0 -0.000280883 0 -0.00819616 0.000113221 0.00054548 -0.000468564
internal_weight=0 2014 1953 61 4470 2800 1670
internal_count=6484 2014 1953 61 4470 2800 1670
is_linear=0
shrinkage=0.0926918


Tree=331
num_leaves=8
num_cat=0
split_feature=40 9 4 3 4 10 4
split_gain=0.0265288 0.0759238 0.407151 0.350473 0.0725503 0.117456 0.0479253
threshold=1.0000000180025095e-35 -0.4490314344761393 1.2021460940511586 5.8278619608881916 0.33024007259357724 0.47213661666632284 -1.102176962658163
decision_type=2 2 2 2 2 2 2
left_child=1 2 -1 -3 6 -6 -2
right_child=4 3 -4 -5 5 -7 -8
leaf_value=0 -0.00049246897271165669 0.00017542464563286776 -0.0070471747852866844 0.012251737974278799 -0.0022226100660412236 0 0.0012703099866825478
leaf_weight=1355 132 4158 72 17 368 152 230
leaf_count=1355 132 4158 72 17 368 152 230
internal_value=0 5.91409e-05 -0.000463595 0.000295207 -0.000484722 -0.00125905 0
internal_weight=0 5602 1427 4175 882 520 362
internal_count=6484 5602 1427 4175 882 520 362
is_linear=0
shrinkage=0.0926918


Tree=332
num_leaves=8
num_cat=0
split_feature=72 6 1 1 0 1 3
split_gain=0.0279239 0.054231 0.0866583 0.0539625 0.191708 0.171553 0.0188862
threshold=1.0000000180025095e-35 1.0000000180025095e-35 0.072095525278693118 -0.70128848605583016 -0.24922285049557605 -0.50391866355805093 -0.35801049499152188
decision_type=2 2 2 2 2 2 2
left_child=3 6 -3 4 -1 -5 -2
right_child=1 2 -4 5 -6 -7 -8
leaf_value=0.00080040282036345021 0.00086757732838718118 0 -0.0025595293989085026 0.0019878988417023073 -0.0012845959561002761 0 -0.00030547024915081366
leaf_weight=506 195 205 214 439 918 3883 124
leaf_count=506 195 205 214 439 918 3883 124
internal_value=0 -0.000546533 -0.00127416 5.60906e-05 -0.000376528 0.000254021 0
internal_weight=0 738 419 5746 1424 4322 319
internal_count=6484 738 419 5746 1424 4322 319
is_linear=0
shrinkage=0.0926918


Tree=333
num_leaves=8
num_cat=0
split_feature=8 10 3 3 10 6 9
split_gain=0.0245985 0.217674 0.572406 0.397256 0.207891 0.14058 0.135308
threshold=-0.33541499334807151 0.019271285681027251 -1.1834883466840265 -1.1834883466840265 0.051837014115209003 1.0808259692608293 0.068797963261645875
decision_type=2 2 2 2 2 2 2
left_child=4 3 -3 -2 5 -1 -6
right_child=1 2 -4 -5 6 -7 -8
leaf_value=-0.00067094330949269429 0.010575997589111315 -0.014561718861961189 -0.00057907052136442656 0.00014779590775483158 0.0025130397256067907 0.0025748412153743299 0
leaf_weight=1515 29 23 1876 1969 455 99 518
leaf_count=1515 29 23 1876 1969 455 99 518
internal_value=0 -0.000155174 -0.000908784 0.000442409 0.000212835 -0.000317657 0.00133418
internal_weight=0 3897 1899 1998 2587 1614 973
internal_count=6484 3897 1899 1998 2587 1614 973
is_linear=0
shrinkage=0.0926918


Tree=334
num_leaves=8
num_cat=0
split_feature=9 9 3 9 6 3 0
split_gain=0.0307083 0.146979 0.117781 0.115872 0.0643684 0.0587534 0.045061
threshold=-1.8982282428561426 -2.8359438247490858 -0.19920748579995157 -1.2343909063516598 -1.2000773943477034 -1.3070737297034756 -0.58921894345218384
decision_type=2 2 2 2 2 2 2
left_child=1 6 -3 4 -2 -5 -1
right_child=3 2 -4 5 -6 -7 -8
leaf_value=0.003219577688106239 0 -0.0042990885955853661 0 -0.004353534505548786 0.0030772127683665797 0 0
leaf_weight=33 20 132 44 22 160 6006 67
leaf_count=33 20 132 44 22 160 6006 67
internal_value=0 -0.000950372 -0.00289446 4.08532e-05 0.00233413 0 0.000167763
internal_weight=0 276 176 6208 180 6028 100
internal_count=6484 276 176 6208 180 6028 100
is_linear=0
shrinkage=0.0926918


Tree=335
num_leaves=8
num_cat=0
split_feature=9 7 0 1 0 9 1
split_gain=0.024234 0.211814 0.201861 0.160634 0.187936 0.154561 0.135233
threshold=0.42248179008780484 -0.9891918233903324 -0.34399747278298282 1.8348992946580891 -1.1933648027889781 1.2123756699995594 1.3901390466172447
decision_type=2 2 2 2 2 2 2
left_child=3 5 -3 6 -5 -2 -1
right_child=1 2 -4 4 -6 -7 -8
leaf_value=-0.00013268376884083527 -0.00204586346401305 0.0029861210805783136 0 0 -0.0053236349927738317 0.00025738882509854255 0.0017737233271676433
leaf_weight=4227 402 367 646 117 103 281 341
leaf_count=4227 402 367 646 117 103 281 341
internal_value=0 0.000299542 0.00124584 -0.000107731 -0.00252815 -0.000755955 0
internal_weight=0 1696 1013 4788 220 683 4568
internal_count=6484 1696 1013 4788 220 683 4568
is_linear=0
shrinkage=0.0926918


Tree=336
num_leaves=8
num_cat=0
split_feature=8 10 1 1 9 3 1
split_gain=0.0257823 0.187175 0.427496 0.267487 0.177478 0.335529 0.266549
threshold=-0.29583847972901473 0.019271285681027251 1.0632154057701528 1.3775343690218278 0.068797963261645875 -0.79525286110642879 0.6899010851646773
decision_type=2 2 2 2 2 2 2
left_child=4 2 -2 -3 6 -6 -1
right_child=1 3 -4 -5 5 -7 -8
leaf_value=0.0020567914385459822 0.001243346699695921 -0.0012988242937530101 -0.0019031447541984835 0.0022605376250994839 -0.0039709311214587567 6.7238670553375422e-05 -0.0014285151903038803
leaf_weight=827 1509 1694 449 156 184 1508 157
leaf_count=827 1509 1694 449 156 184 1508 157
internal_value=0 -0.000153671 0.000397457 -0.000865147 0.00022147 -0.000240928 0.00125529
internal_weight=0 3808 1958 1850 2676 1692 984
internal_count=6484 3808 1958 1850 2676 1692 984
is_linear=0
shrinkage=0.0926918


Tree=337
num_leaves=8
num_cat=0
split_feature=9 9 0 9 6 3 0
split_gain=0.0280421 0.125875 0.124697 0.0909628 0.0565226 0.0496054 0.0358122
threshold=-1.8982282428561426 -2.8359438247490858 -0.53698502494845013 -1.2343909063516598 -1.2000773943477034 -1.3070737297034756 -0.58921894345218384
decision_type=2 2 2 2 2 2 2
left_child=1 6 -3 4 -2 -5 -1
right_child=3 2 -4 5 -6 -7 -8
leaf_value=0.0028593583121376588 0 -0.0053378253227387238 0 -0.0040002783399517737 0.0027861944471442861 0 0
leaf_weight=33 20 79 97 22 160 6006 67
leaf_count=33 20 79 97 22 160 6006 67
internal_value=0 -0.000905421 -0.00269459 4.18312e-05 0.00207166 0 0
internal_weight=0 276 176 6208 180 6028 100
internal_count=6484 276 176 6208 180 6028 100
is_linear=0
shrinkage=0.0926918


Tree=338
num_leaves=8
num_cat=0
split_feature=0 1 8 8 4 5 4
split_gain=0.0247072 0.138043 0.132781 0.12963 0.0738913 0.289571 0.231712
threshold=1.0485245659185523 0.45006763518912357 -1.4285483038269136 -0.52484534497899582 0.45479807565894603 1.0000000180025095e-35 0.57935607872431483
decision_type=2 2 2 2 2 2 2
left_child=4 3 -3 -2 5 -1 -6
right_child=1 2 -4 -5 6 -7 -8
leaf_value=-0.00055842612160553954 0 -0.0010034592831322661 0.0021291783269363411 -0.0031911221665210563 -0.002337535493968436 0.0012533061770972074 4.3961680495343582e-05
leaf_weight=1153 499 83 267 221 382 1696 2183
leaf_count=1153 499 83 267 221 382 1696 2183
internal_value=0 -0.000405551 0.000710147 -0.00127822 8.09773e-05 0.000436771 -0.00022144
internal_weight=0 1070 350 720 5414 2849 2565
internal_count=6484 1070 350 720 5414 2849 2565
is_linear=0
shrinkage=0.0926918


Tree=339
num_leaves=8
num_cat=0
split_feature=9 7 0 9 1 8 0
split_gain=0.0273373 0.176257 0.159698 0.12872 0.118075 0.307494 0.116277
threshold=0.42248179008780484 -0.9891918233903324 -0.34399747278298282 1.2123756699995594 1.8348992946580891 -0.50850832733147577 0.80886408595216375
decision_type=2 2 2 2 2 2 2
left_child=4 3 -3 -2 6 -6 -1
right_child=1 2 -4 -5 5 -7 -8
leaf_value=0.00021729220344024534 -0.001824517466626493 0.0027378820405323527 0 0.00026143415728035514 0 -0.0059663909161222399 -0.00094645018188190574
leaf_weight=3650 402 367 646 281 120 100 918
leaf_count=3650 402 367 646 281 120 100 918
internal_value=0 0.000312933 0.00117864 -0.000623381 -0.000119411 -0.00219553 0
internal_weight=0 1696 1013 683 4788 220 4568
internal_count=6484 1696 1013 683 4788 220 4568
is_linear=0
shrinkage=0.0926918


Tree=340
num_leaves=8
num_cat=0
split_feature=7 7 1 0 7 4 5
split_gain=0.025995 0.151272 0.196304 0.0883438 0.0841191 0.149637 0.0890875
threshold=-0.48441665224347469 -0.39043329849966074 0.15788574061283103 1.1382673849360494 -0.95831148729050264 -1.0398979611254786 -1.5083116665592187
decision_type=2 2 2 2 2 2 2
left_child=4 2 -2 -3 6 -6 -1
right_child=1 3 -4 -5 5 -7 -8
leaf_value=0.0023294271307177697 -0.0060496261191745051 0.00012921934080449907 0 -0.0011774000138172582 -0.0002676445093113915 0.0015990337323800196 -0.00066342610838895661
leaf_weight=70 79 3723 71 498 334 816 893
leaf_count=70 79 3723 71 498 334 816 893
internal_value=0 -0.000130518 -0.00298111 0 0.000265084 0.000851361 -0.000189206
internal_weight=0 4371 150 4221 2113 1150 963
internal_count=6484 4371 150 4221 2113 1150 963
is_linear=0
shrinkage=0.0926918


Tree=341
num_leaves=8
num_cat=0
split_feature=7 7 2 3 7 7 0
split_gain=0.0242801 0.411295 0.191483 0.18437 0.120752 0.216367 0.12047
threshold=0.36354811342607313 0.38912104506442441 -0.74376881241136061 -0.97334787875258055 0.047497442036783903 -0.019661888480888297 -0.42641827424051454
decision_type=2 2 2 2 2 2 2
left_child=4 2 -2 -3 5 -1 -6
right_child=1 3 -4 -5 6 -7 -8
leaf_value=8.0278498578987916e-05 0 0.0035277053336435784 -0.012977224056610497 -0.00025521554059761034 0 -0.0031446158965345631 0.0021239393007568244
leaf_weight=3703 34 113 27 1840 118 181 468
leaf_count=3703 34 113 27 1840 118 181 468
internal_value=0 -0.000271177 -0.00749014 0 0.000115955 -1.22217e-05 0.00136287
internal_weight=0 2014 61 1953 4470 3884 586
internal_count=6484 2014 61 1953 4470 3884 586
is_linear=0
shrinkage=0.0926918


Tree=342
num_leaves=8
num_cat=0
split_feature=87 10 10 10 2 8 0
split_gain=0.0239274 0.0605967 0.220876 0.0534004 0.193139 0.116491 0.0519075
threshold=1.0000000180025095e-35 -1.0185636624836845 -1.2370868786109843 -0.86381381557133585 1.2230325659227597 1.0723844823821149 -0.24922285049557605
decision_type=2 2 2 2 2 2 2
left_child=3 2 -2 4 -1 -5 -3
right_child=1 6 -4 5 -6 -7 -8
leaf_value=0 0 -0.0012660548111314406 -0.0097281549004498615 9.3501638874500569e-05 0.0030714588080541665 -0.0010932625608331243 0.00094591209752805977
leaf_weight=1049 44 175 23 3984 219 818 172
leaf_count=1049 44 175 23 3984 219 818 172
internal_value=0 -0.00068568 -0.00316475 3.79645e-05 0.000594854 -5.98824e-05 0
internal_weight=0 414 67 6070 1268 4802 347
internal_count=6484 414 67 6070 1268 4802 347
is_linear=0
shrinkage=0.0926918


Tree=343
num_leaves=7
num_cat=0
split_feature=64 0 10 4 8 0
split_gain=0.0219489 0.192407 0.253039 0.127055 0.0768289 0.0534505
threshold=1.0000000180025095e-35 -0.24922285049557605 -0.76189475564762599 1.7626571078453179 -1.4285483038269136 -0.53215509934396377
decision_type=2 2 2 2 2 2
left_child=3 5 -3 4 -1 -2
right_child=1 2 -4 -5 -6 -7
leaf_value=-0.0015069833893711626 0 0 -0.0037340167864325651 0.0071625950461712594 0.00010437036470814264 0.0022126916748912004
leaf_weight=260 271 126 273 17 5422 115
leaf_count=260 271 126 273 17 5422 115
internal_value=0 -0.000464458 -0.00205042 5.65489e-05 0 0.000569047
internal_weight=0 785 399 5699 5682 386
internal_count=6484 785 399 5699 5682 386
is_linear=0
shrinkage=0.0926918


Tree=344
num_leaves=8
num_cat=0
split_feature=9 9 10 9 6 6 0
split_gain=0.0231884 0.10923 0.102822 0.0724963 0.0496639 0.0464998 0.0294913
threshold=-1.8982282428561426 -2.8359438247490858 0.58342313070443119 -1.2343909063516598 -1.2000773943477034 1.0000000180025095e-35 -0.58921894345218384
decision_type=2 2 2 2 2 2 2
left_child=1 6 -3 4 -2 -5 -1
right_child=3 2 -4 5 -6 -7 -8
leaf_value=0.0025947769343037902 0 -0.0058587111079815152 0 0.00024010264067012013 0.0025351878100582175 -0.00027308784410127204 0
leaf_weight=33 20 54 122 2992 160 3036 67
leaf_count=33 20 54 122 2992 160 3036 67
internal_value=0 -0.000824275 -0.00250021 3.71151e-05 0.0018493 0 0
internal_weight=0 276 176 6208 180 6028 100
internal_count=6484 276 176 6208 180 6028 100
is_linear=0
shrinkage=0.0926918


Tree=345
num_leaves=8
num_cat=0
split_feature=72 8 10 8 2 10 10
split_gain=0.0225133 0.0482538 0.0567536 0.0527757 0.0413017 0.188187 0.079562
threshold=1.0000000180025095e-35 -0.90510128174172955 -1.4069217920501065 0.88594017853751283 1.2230325659227597 0.17055361695106802 -0.42633179307804386
decision_type=2 2 2 2 2 2 2
left_child=4 2 -2 -3 6 -6 -1
right_child=1 3 -4 -5 5 -7 -8
leaf_value=-0.00056810082233516804 0 0.00037162386038801416 -0.0027836538800105901 -0.0017331767545245747 0.0018679645047649423 -0.0004006402647486688 0.00021887403353978687
leaf_weight=1652 20 459 134 125 546 442 3106
leaf_count=1652 20 459 134 125 546 442 3106
internal_value=0 -0.000481307 -0.00192301 0 6.09931e-05 0.000615581 -4.56054e-06
internal_weight=0 738 154 584 5746 988 4758
internal_count=6484 738 154 584 5746 988 4758
is_linear=0
shrinkage=0.0926918


Tree=346
num_leaves=8
num_cat=0
split_feature=40 5 0 10 10 0 4
split_gain=0.0231706 0.0604364 0.0703057 0.051429 0.280277 0.1699 0.0298629
threshold=1.0000000180025095e-35 -1.5083116665592187 0.43401406917780294 1.0721481337722818 0.70636009883976836 -0.025624077391334096 0.76619308332236791
decision_type=2 2 2 2 2 2 2
left_child=3 6 -3 4 -1 -5 -2
right_child=1 2 -4 5 -6 -7 -8
leaf_value=0 -0.0058642692418618874 0.00032264359703712499 -0.0013702488616630613 -0.002231037894981986 0.0023608477804887514 0.0002218800772723946 0
leaf_weight=4399 23 556 286 334 467 402 17
leaf_count=4399 23 556 286 334 467 402 17
internal_value=0 -0.000443612 0 6.62315e-05 0.00021283 -0.000576132 -0.00394245
internal_weight=0 882 842 5602 4866 736 40
internal_count=6484 882 842 5602 4866 736 40
is_linear=0
shrinkage=0.0926918


Tree=347
num_leaves=6
num_cat=0
split_feature=46 3 128 10 2
split_gain=0.0229406 0.0375045 0.0309301 0.0781613 0.0689298
threshold=1.0000000180025095e-35 -0.2544939798275101 1.0000000180025095e-35 -1.4069217920501065 1.7147329105062896
decision_type=2 2 2 2 2
left_child=2 -2 4 -4 -1
right_child=1 -3 3 -5 -6
leaf_value=0.00025164502360571173 -0.0030231900134472414 0 -0.0038471143317315932 0 -0.0011350509235674073
leaf_weight=5169 52 38 52 894 279
leaf_count=5169 52 38 52 894 279
internal_value=0 -0.00143688 1.63784e-05 -0.000418695 0.000135971
internal_weight=0 90 6394 946 5448
internal_count=6484 90 6394 946 5448
is_linear=0
shrinkage=0.0926918


Tree=348
num_leaves=8
num_cat=0
split_feature=9 3 7 4 1 10 1
split_gain=0.0244698 0.155032 0.211391 0.166725 0.0984277 0.18563 0.105439
threshold=0.42248179008780484 -0.52328733252355597 -0.87072080682318653 0.57935607872431483 1.8348992946580891 0.039485329162484255 1.3901390466172447
decision_type=2 2 2 2 2 2 2
left_child=4 2 -2 -3 6 -6 -1
right_child=1 3 -4 -5 5 -7 -8
leaf_value=-0.00015413500600761323 -0.0028997654799614004 0.0017890149552746508 0.00038245381370422655 -2.4211486661204573e-05 -0.0037278850617303073 0 0.00152648162593734
leaf_weight=4227 254 781 212 449 176 44 341
leaf_count=4227 254 781 212 449 176 44 341
internal_value=0 0.000287437 -0.000910574 0.000936269 -0.000120623 -0.00201868 0
internal_weight=0 1696 466 1230 4788 220 4568
internal_count=6484 1696 466 1230 4788 220 4568
is_linear=0
shrinkage=0.0926918


Tree=349
num_leaves=8
num_cat=0
split_feature=87 7 10 10 10 0 2
split_gain=0.0214829 0.0583656 0.135444 0.0463797 0.170397 0.111907 0.00849678
threshold=1.0000000180025095e-35 -0.019661888480888297 0.40232807375618029 -0.86381381557133585 -1.2782759655681755 -0.6225273987522012 -0.74376881241136061
decision_type=2 2 2 2 2 2 2
left_child=3 6 -3 4 -1 -5 -2
right_child=1 2 -4 5 -6 -7 -8
leaf_value=-0.00021931864228350015 -2.7196711006980175e-05 -0.003608091838984672 0 -0.00076832640988792769 0.001685147873564658 0.00018299786645817345 0.00070532176345979069
leaf_weight=631 70 137 65 1461 637 3341 142
leaf_count=631 70 137 65 1461 637 3341 142
internal_value=0 -0.000653292 -0.00181425 3.11825e-05 0.000552605 -5.72674e-05 0
internal_weight=0 414 202 6070 1268 4802 212
internal_count=6484 414 202 6070 1268 4802 212
is_linear=0
shrinkage=0.0926918


Tree=350
num_leaves=8
num_cat=0
split_feature=7 7 4 3 0 3 0
split_gain=0.0217722 0.123941 0.172875 0.0887146 0.189458 0.15536 0.076718
threshold=-0.48441665224347469 -0.39043329849966074 0.33024007259357724 0.18235995658696894 -0.83379714669138816 -0.80956002173885311 1.1382673849360494
decision_type=2 2 2 2 2 2 2
left_child=3 2 -2 5 -5 -1 -3
right_child=1 6 -4 4 -6 -7 -8
leaf_value=-0.00073934261712105818 0 0.00010802740536192091 -0.0062303183213194393 -0.0029063907504211228 0.00031448122855606153 0.0011614144747191804 -0.0011067216482152033
leaf_weight=348 87 3723 63 212 230 1323 498
leaf_count=348 87 3723 63 212 230 1323 498
internal_value=0 -0.000131056 -0.00271523 0.000229881 -0.000710328 0.000622235 0
internal_weight=0 4371 150 2113 442 1671 4221
internal_count=6484 4371 150 2113 442 1671 4221
is_linear=0
shrinkage=0.0926918


Tree=351
num_leaves=8
num_cat=0
split_feature=8 10 1 3 10 3 9
split_gain=0.0249545 0.145916 0.359503 0.213166 0.14329 0.175081 0.107862
threshold=-0.29283634603853875 0.019271285681027251 1.0632154057701528 -1.1834883466840265 0.051837014115209003 -0.81745809231421862 -0.39643230125583895
decision_type=2 2 2 2 2 2 2
left_child=4 2 -2 -3 6 -6 -1
right_child=1 3 -4 -5 5 -7 -8
leaf_value=0.001260572698095613 0.001089555427416031 -0.010223186186833787 -0.0018056649206957759 -0.00054586857794541605 -0.00060087955106359473 0.0017854297661743235 -0.00065571950788492457
leaf_weight=248 1509 19 447 1816 199 838 1408
leaf_count=248 1509 19 447 1816 199 838 1408
internal_value=0 -0.000168701 0.00030353 -0.000801255 0.000198581 0.00109782 -0.000222355
internal_weight=0 3791 1956 1835 2693 1037 1656
internal_count=6484 3791 1956 1835 2693 1037 1656
is_linear=0
shrinkage=0.0926918


Tree=352
num_leaves=8
num_cat=0
split_feature=40 2 10 2 8 3 2
split_gain=0.0214103 0.0567189 0.183678 0.109738 0.0469377 0.134608 0.105673
threshold=1.0000000180025095e-35 1.7147329105062896 0.39325191872725479 1.2230325659227597 -0.29283634603853875 0.13199357209816254 -0.74376881241136061
decision_type=2 2 2 2 2 2 2
left_child=4 3 -3 -2 5 -1 -6
right_child=1 2 -4 -5 6 -7 -8
leaf_value=0.00090590063024650436 -0.00061324384032277628 -0.0071623785662051293 0 0.0025736575869462633 0.00050600542149358658 -0.00049769480872222755 -0.00055648746223016217
leaf_weight=1638 730 39 17 96 1099 673 2192
leaf_count=1638 730 39 17 96 1099 673 2192
internal_value=0 -0.00044167 -0.00329993 0 4.42825e-05 0.000393944 -0.000129073
internal_weight=0 882 56 826 5602 2311 3291
internal_count=6484 882 56 826 5602 2311 3291
is_linear=0
shrinkage=0.0926918


Tree=353
num_leaves=8
num_cat=0
split_feature=128 0 0 0 2 2 10
split_gain=0.0220958 0.0718039 0.228944 0.0819737 0.064084 0.146483 0.129709
threshold=1.0000000180025095e-35 1.1021000233502289 1.8978442984202248 -0.20027064185157267 -0.2520684678278306 -0.74376881241136061 2.0424237302039061
decision_type=2 2 2 2 2 2 2
left_child=4 3 -3 -2 5 -1 -6
right_child=1 2 -4 -5 6 -7 -8
leaf_value=1.6787832715398491e-05 -0.0008909636236790067 -0.0052641664201121506 0 0.00098990372119040263 0.00056741342874388546 -0.001589379752511927 -0.0029032944126194359
leaf_weight=2158 451 95 55 345 2761 546 73
leaf_count=2158 451 95 55 345 2761 546 73
internal_value=0 -0.000431542 -0.00226593 0 4.80685e-05 -0.000221618 0.000389373
internal_weight=0 946 150 796 5538 2704 2834
internal_count=6484 946 150 796 5538 2704 2834
is_linear=0
shrinkage=0.0926918


Tree=354
num_leaves=8
num_cat=0
split_feature=1 7 10 1 7 1 10
split_gain=0.0222861 0.0878249 0.108875 0.0872491 0.168081 0.0800096 0.0329433
threshold=-0.88202841491931638 1.2468392788333393 -1.1327692046632667 -0.39238467033693863 -0.12793317385399872 -0.16698435389527724 -0.33981656842127245
decision_type=2 2 2 2 2 2 2
left_child=1 2 -1 4 -2 -5 -3
right_child=3 6 -4 5 -6 -7 -8
leaf_value=0.00092962790823248589 -0.00028790957721334156 0 -0.001398915315262937 -0.001064517090755222 0.0015123276236681997 0 0.0026100555928297723
leaf_weight=87 512 54 811 653 917 3385 65
leaf_count=87 512 54 811 653 917 3385 65
internal_value=0 -0.000415863 -0.000905394 5.19962e-05 0.000702056 -0.000119578 0.00124401
internal_weight=0 1017 898 5467 1429 4038 119
internal_count=6484 1017 898 5467 1429 4038 119
is_linear=0
shrinkage=0.0926918


Tree=355
num_leaves=8
num_cat=0
split_feature=72 1 4 1 7 7 3
split_gain=0.0229876 0.0474122 0.0670089 0.0417875 0.184119 0.173219 0.0118597
threshold=1.0000000180025095e-35 -0.64729591644174367 -0.72850295346205685 -0.70128848605583016 0.65894158679172599 0.80443339908570055 -0.32356972822025593
decision_type=2 2 2 2 2 2 2
left_child=3 6 -3 4 -1 -5 -2
right_child=1 2 -4 5 -6 -7 -8
leaf_value=0.00023720772914582791 0.0011104506996254594 0 -0.001651174055881343 0 -0.0018176037258059382 0.0015384087698849338 0
leaf_weight=919 78 136 424 3606 505 716 100
leaf_count=919 78 136 424 3606 505 716 100
internal_value=0 -0.000499837 -0.00102472 4.56175e-05 -0.000328035 0.000224088 0
internal_weight=0 738 560 5746 1424 4322 178
internal_count=6484 738 560 5746 1424 4322 178
is_linear=0
shrinkage=0.0926918


Tree=356
num_leaves=7
num_cat=0
split_feature=9 4 7 3 9 4
split_gain=0.0283009 0.321443 1.2435 0.312797 0.254839 0.182634
threshold=-0.4490314344761393 1.2021460940511586 0.15839724289646759 5.8278619608881916 -0.48439981715875513 -0.41710794579863503
decision_type=2 2 2 2 2 2
left_child=1 4 -3 5 -1 -2
right_child=3 2 -4 -5 -6 -7
leaf_value=0.00031287142884572591 -0.00076163374934464954 -0.018791480221709848 0 0.010990481805961398 -0.0044052608093847444 0.00044366380801837471
leaf_weight=1421 1595 34 62 18 101 3253
leaf_count=1421 1595 34 62 18 101 3253
internal_value=0 -0.000348163 -0.00542201 9.76699e-05 0 0
internal_weight=0 1618 96 4866 1522 4848
internal_count=6484 1618 96 4866 1522 4848
is_linear=0
shrinkage=0.0926918


Tree=357
num_leaves=8
num_cat=0
split_feature=8 8 9 6 0 1 3
split_gain=0.0229543 0.146635 0.173773 0.168405 0.0969416 0.153783 0.0831235
threshold=-0.57314525783748138 -0.89067171084344976 1.2377683550024634 1.0808259692608293 1.0485245659185523 -0.053981448592914698 0.50721666271142896
decision_type=2 2 2 2 2 2 2
left_child=1 3 -3 -1 6 -6 -2
right_child=4 2 -4 -5 5 -7 -8
leaf_value=-0.00070812412229059006 -0.00019967110588648364 0.001923907795977166 -0.00081187072116004164 0.0037924916324693324 -0.0034278183112246285 0 0.00087057349106306242
leaf_weight=1135 3297 726 130 62 185 185 764
leaf_count=1135 3297 726 130 62 185 185 764
internal_value=0 0.000244696 0.00122908 -0.000262739 -0.000129176 -0.00155589 0
internal_weight=0 2053 856 1197 4431 370 4061
internal_count=6484 2053 856 1197 4431 370 4061
is_linear=0
shrinkage=0.0926918


Tree=358
num_leaves=8
num_cat=0
split_feature=9 4 8 4 9 6 7
split_gain=0.0246871 0.370165 0.617004 0.302963 0.346141 0.225939 0.0885314
threshold=-0.17061878105144468 1.2021460940511586 0.55714793590029577 1.2021460940511586 1.7664803320272064 1.0808259692608293 -1.8236928272396502
decision_type=2 2 2 2 2 2 2
left_child=1 5 -3 6 -5 -1 -2
right_child=3 2 -4 4 -6 -7 -8
leaf_value=-0.00016780325396186955 -0.0026136886474412979 -0.011291906765204954 0 0.0042483913656395072 -0.0024719452083167563 0.0036282925476885915 0
leaf_weight=2251 108 63 98 295 33 138 3498
leaf_count=2251 108 63 98 295 33 138 3498
internal_value=0 -0.000235977 -0.00447885 0.000133172 0.00283 0 -4.93707e-05
internal_weight=0 2550 161 3934 328 2389 3606
internal_count=6484 2550 161 3934 328 2389 3606
is_linear=0
shrinkage=0.0926918


Tree=359
num_leaves=8
num_cat=0
split_feature=7 7 9 10 1 1 1
split_gain=0.0237754 0.355103 0.201819 0.181866 0.101205 0.363724 0.156933
threshold=0.36354811342607313 0.38912104506442441 0.084214950584838813 -1.15083367219897 -0.62888078648141466 -0.98489069301595744 1.152056399978411
decision_type=2 2 2 2 2 2 2
left_child=4 2 -2 -3 5 -1 -6
right_child=1 3 -4 -5 6 -7 -8
leaf_value=-0.00056254430735552742 -0.010766966183087708 0.002475074864264082 0 -0.00036726379176502968 -0.00047851488689698823 0.0026672535868074022 0.00096659457236909589
leaf_weight=463 38 212 23 1741 2662 540 805
leaf_count=463 38 212 23 1741 2662 540 805
internal_value=0 -0.000279305 -0.00699171 0 0.000102265 0.000943829 -7.34117e-05
internal_weight=0 2014 61 1953 4470 1003 3467
internal_count=6484 2014 61 1953 4470 1003 3467
is_linear=0
shrinkage=0.0926918


Tree=360
num_leaves=8
num_cat=0
split_feature=0 7 3 10 10 7 9
split_gain=0.0266652 0.0997544 0.148431 0.0757046 0.0820027 0.0608032 0.0321482
threshold=-1.4120186564770938 -1.6281444700947179 -0.67632863449211367 -1.1127048858930995 0.063380910101378959 -1.1353819073079838 1.0373475198009727
decision_type=2 2 2 2 2 2 2
left_child=3 2 -2 6 -5 -3 -1
right_child=1 5 -4 4 -6 -7 -8
leaf_value=0.0017734532676799925 0 -0.0011796199668668475 0.0039682505775900309 -0.003943599238751018 0 3.440407298858526e-05 -0.00027161491375891596
leaf_weight=82 41 366 131 97 88 5633 46
leaf_count=82 41 366 131 97 88 5633 46
internal_value=0 2.37423e-05 0.00220724 -0.000842802 -0.00214936 -7.78114e-07 0
internal_weight=0 6171 172 313 185 5999 128
internal_count=6484 6171 172 313 185 5999 128
is_linear=0
shrinkage=0.0926918


Tree=361
num_leaves=8
num_cat=0
split_feature=6 4 9 9 64 9 4
split_gain=0.0229383 0.150287 0.630084 0.2778 0.107577 0.176513 0.123354
threshold=1.0000000180025095e-35 0.8284720848550523 -0.51523379180513851 -0.48439981715875513 1.0000000180025095e-35 0.97205204407922052 0.33024007259357724
decision_type=2 2 2 2 2 2 2
left_child=4 3 -3 -2 6 -6 -1
right_child=1 2 -4 -5 5 -7 -8
leaf_value=0.0010142903075972126 0.0010810219976113591 -0.0038208049683099978 0.0028696648529198216 -0.0011319601645945791 -0.0022586959050854816 0.0015954900607908433 -6.3600837973740935e-05
leaf_weight=1502 538 136 474 2013 356 66 1399
leaf_count=1502 538 136 474 2013 356 66 1399
internal_value=0 -0.000196649 0.000972297 -0.00057078 0.00014979 -0.00108592 0.000413099
internal_weight=0 3161 610 2551 3323 422 2901
internal_count=6484 3161 610 2551 3323 422 2901
is_linear=0
shrinkage=0.0926918


Tree=362
num_leaves=5
num_cat=0
split_feature=113 6 3 64
split_gain=0.0219426 0.0237713 0.216783 0.0761797
threshold=1.0000000180025095e-35 1.0000000180025095e-35 -0.35801049499152188 1.0000000180025095e-35
decision_type=2 2 2 2
left_child=1 3 -3 -1
right_child=-2 2 -4 -5
leaf_value=0.00032847922850414319 0.001975573555186955 -0.0022531244701131763 0 -0.00093409463171666672
leaf_weight=2883 42 398 2739 422
leaf_count=2883 42 398 2739 422
internal_value=0 -3.18006e-05 -0.000240327 9.40991e-05
internal_weight=0 6442 3137 3305
internal_count=6484 6442 3137 3305
is_linear=0
shrinkage=0.0926918


Tree=363
num_leaves=8
num_cat=0
split_feature=0 10 4 9 1 4 10
split_gain=0.0225086 0.063975 0.0903443 0.0510282 0.0907461 0.0693728 0.0306831
threshold=-1.4120186564770938 -1.1127048858930995 -1.7249669779850065 0.67822240333133432 -0.018325604178303995 0.64163508025699911 -1.2370868786109843
decision_type=2 2 2 2 2 2 2
left_child=1 6 -3 5 -5 -2 -1
right_child=3 2 -4 4 -6 -7 -8
leaf_value=0 -0.00032114097931188666 0 -0.0030618390566128444 0.0015442747438614902 0 0.00037766144599504163 0.0030886711413957465
leaf_weight=105 3516 28 157 503 443 1709 23
leaf_count=105 3516 28 157 503 443 1709 23
internal_value=0 -0.000772231 -0.00197418 2.53571e-05 0.00067328 -4.68233e-05 0
internal_weight=0 313 185 6171 946 5225 128
internal_count=6484 313 185 6171 946 5225 128
is_linear=0
shrinkage=0.0926918


Tree=364
num_leaves=8
num_cat=0
split_feature=8 9 7 8 10 3 3
split_gain=0.0217196 0.160025 0.200555 0.180418 0.128208 0.400213 0.35692
threshold=-0.33541499334807151 0.068797963261645875 -0.41527619994264892 -1.0291377530895194 0.019271285681027251 -1.1834883466840265 -1.1834883466840265
decision_type=2 2 2 2 2 2 2
left_child=1 3 -3 -1 6 -6 -2
right_child=4 2 -4 -5 5 -7 -8
leaf_value=0 0.0098010423196238095 0.00020540922072057629 -0.0019983250345793182 0.0022025887954431008 -0.012187554417536491 -0.00043674383186530739 2.7375170583151537e-06
leaf_weight=343 29 1207 438 599 23 1876 1969
leaf_count=343 29 1207 438 599 23 1876 1969
internal_value=0 0.000195488 -0.0002407 0.00120668 -0.000149813 -0.000733713 0.000286436
internal_weight=0 2587 1645 942 3897 1899 1998
internal_count=6484 2587 1645 942 3897 1899 1998
is_linear=0
shrinkage=0.0926918


Tree=365
num_leaves=8
num_cat=0
split_feature=9 9 3 9 6 40 8
split_gain=0.0248349 0.101544 0.0962324 0.0514348 0.0440328 0.0428558 0.00146679
threshold=-1.8982282428561426 -2.8359438247490858 -0.19920748579995157 -1.2343909063516598 -1.2000773943477034 1.0000000180025095e-35 -1.1095978661471018
decision_type=2 2 2 2 2 2 2
left_child=1 6 -3 4 -2 -5 -1
right_child=3 2 -4 5 -6 -7 -8
leaf_value=0 0 -0.0037365955584397321 0 8.1398222817747741e-05 0.002238772599166786 -0.00062502576789178041 0.00040290286484063683
leaf_weight=27 20 132 44 5178 160 850 73
leaf_count=27 20 132 44 5178 160 850 73
internal_value=0 -0.00086185 -0.0024462 2.81556e-05 0.00155568 0 0
internal_weight=0 276 176 6208 180 6028 100
internal_count=6484 276 176 6208 180 6028 100
is_linear=0
shrinkage=0.0926918


Tree=366
num_leaves=7
num_cat=0
split_feature=9 3 9 1 3 3
split_gain=0.0210298 0.259876 0.252746 0.51759 0.465225 0.160535
threshold=-0.4490314344761393 5.8278619608881916 -0.5261163710920963 0.70056985629510227 3.5044697077792346 1.2837523721500295
decision_type=2 2 2 2 2 2
left_child=2 5 4 -4 -1 -2
right_child=1 -3 3 -5 -6 -7
leaf_value=0.00038748609385003 0.00019586046623887301 0.010017585478669135 0 -0.010389369240676306 -0.013235724284264651 -0.0017975539699266031
leaf_weight=1376 4479 18 167 58 17 369
leaf_count=1376 4479 18 167 58 17 369
internal_value=0 8.89565e-05 -0.000295971 -0.00317415 7.19864e-06 0
internal_weight=0 4866 1618 225 1393 4848
internal_count=6484 4866 1618 225 1393 4848
is_linear=0
shrinkage=0.0926918


Tree=367
num_leaves=8
num_cat=0
split_feature=5 4 1 4 1 4 4
split_gain=0.0222098 0.211263 0.302754 0.245768 0.205236 0.337377 0.318265
threshold=1.0000000180025095e-35 1.4512621001818959 -0.099672914362104931 0.51707707719163043 -0.087907746975454032 1.4512621001818959 0.39251907412626164
decision_type=2 2 2 2 2 2 2
left_child=4 3 -3 -2 6 -6 -1
right_child=1 2 -4 -5 5 -7 -8
leaf_value=-0.00055702830115901721 0.00062497584152375807 0 0.010494062265320597 -0.00082775357368001785 -0.00067653663485961403 -0.01053067541479236 0.0023325284068378914
leaf_weight=707 2441 30 36 1683 1052 32 503
leaf_count=707 2441 30 36 1683 1052 32 503
internal_value=0 0.00011808 0.00515031 0 -0.000239941 -0.00123017 0.000452064
internal_weight=0 4190 66 4124 2294 1084 1210
internal_count=6484 4190 66 4124 2294 1084 1210
is_linear=0
shrinkage=0.0926918


Tree=368
num_leaves=8
num_cat=0
split_feature=128 3 7 5 2 3 6
split_gain=0.0200092 0.071339 0.133552 0.0652102 0.0547176 0.1351 0.112337
threshold=1.0000000180025095e-35 0.44966432876470802 0.8188749622124295 1.0000000180025095e-35 -0.2520684678278306 -0.17745542257599414 1.0000000180025095e-35
decision_type=2 2 2 2 2 2 2
left_child=4 3 -3 -2 5 -1 -6
right_child=1 2 -4 -5 6 -7 -8
leaf_value=-0.00091184835072403666 -0.0011721470823609146 -0.0047857058535249958 0 0.00052279110815898306 0.00096258880797459425 0.00033280694572183954 -7.7798151843814191e-05
leaf_weight=1322 297 79 41 529 1450 1382 1384
leaf_count=1322 297 79 41 529 1450 1382 1384
internal_value=0 -0.000403907 -0.00248237 0 5.50994e-05 -0.00018815 0.000371166
internal_weight=0 946 120 826 5538 2704 2834
internal_count=6484 946 120 826 5538 2704 2834
is_linear=0
shrinkage=0.0926918


Tree=369
num_leaves=7
num_cat=0
split_feature=87 8 8 8 3 0
split_gain=0.0205318 0.059399 0.0450561 0.132054 0.0754235 0.0286399
threshold=1.0000000180025095e-35 -1.1340731166463429 -0.57314525783748138 -0.62307498946006568 0.4106271438717129 -0.088611143253913435
decision_type=2 2 2 2 2 2
left_child=2 -2 3 -1 -4 -3
right_child=1 5 4 -5 -6 -7
leaf_value=7.0085974051770791e-05 -0.0045694541402989336 -0.00094574124664150046 -0.0003490357176829719 0.0031965658510562382 0.00057948927657564681 0.00052486243129537915
leaf_weight=1799 28 217 3276 140 855 169
leaf_count=1799 28 217 3276 140 855 169
internal_value=0 -0.000639204 2.96987e-05 0.000425655 -9.87351e-05 0
internal_weight=0 414 6070 1939 4131 386
internal_count=6484 414 6070 1939 4131 386
is_linear=0
shrinkage=0.0926918


Tree=370
num_leaves=6
num_cat=0
split_feature=46 3 8 10 10
split_gain=0.019548 0.0317889 0.0265257 0.111545 0.105808
threshold=1.0000000180025095e-35 -0.2544939798275101 -0.33541499334807151 0.051837014115209003 0.019271285681027251
decision_type=2 2 2 2 2
left_child=2 -2 3 -1 -4
right_child=1 -3 4 -5 -6
leaf_value=-7.170329486802869e-05 -0.0027884353196917151 0 0.00029257333879664289 0.0010838068890190004 -0.00064697509714729622
leaf_weight=1603 52 38 1967 965 1859
leaf_count=1603 52 38 1967 965 1859
internal_value=0 -0.00132932 1.06535e-05 0.000270946 -0.000101889
internal_weight=0 90 6394 2568 3826
internal_count=6484 90 6394 2568 3826
is_linear=0
shrinkage=0.0926918


Tree=371
num_leaves=8
num_cat=0
split_feature=9 9 10 9 4 40 9
split_gain=0.0187786 0.0872175 0.086379 0.0404364 0.0769043 0.0357662 0.000622353
threshold=-1.8982282428561426 -2.8359438247490858 0.58342313070443119 -1.2198808006357151 0.8907510863877367 1.0000000180025095e-35 -2.9429558544041776
decision_type=2 2 2 2 2 2 2
left_child=1 6 -3 4 -2 -5 -1
right_child=3 2 -4 5 -6 -7 -8
leaf_value=0 0 -0.0053044043461102702 0 6.8195820298082736e-05 0.0048141303025706281 -0.00057714278563482922 0.00031284512950838315
leaf_weight=50 177 54 122 5146 39 846 50
leaf_count=50 177 54 122 5146 39 846 50
internal_value=0 -0.000750953 -0.00224156 2.22776e-05 0.00126041 0 0
internal_weight=0 276 176 6208 216 5992 100
internal_count=6484 276 176 6208 216 5992 100
is_linear=0
shrinkage=0.0926918


Tree=372
num_leaves=8
num_cat=0
split_feature=72 4 4 2 3 3 8
split_gain=0.0198513 0.0420815 0.0634397 0.0339876 0.221285 0.0840255 0.0212109
threshold=1.0000000180025095e-35 -0.043433936602528894 0.8907510863877367 1.2230325659227597 -0.18664825881945227 -0.21157249793023691 -0.91094488396187423
decision_type=2 2 2 2 2 2 2
left_child=3 6 -3 5 -5 -1 -2
right_child=1 2 -4 4 -6 -7 -8
leaf_value=-0.00045389172220713491 -0.00041554220608423597 -0.0015672698185321731 0 0.0020093622604923935 -0.00051087572109766968 0.00031706769346274619 0.00091194705200733786
leaf_weight=2297 70 428 41 511 477 2461 199
leaf_count=2297 70 428 41 511 477 2461 199
internal_value=0 -0.000458444 -0.00104542 5.01758e-05 0.000555554 -5.11101e-06 0
internal_weight=0 738 469 5746 988 4758 269
internal_count=6484 738 469 5746 988 4758 269
is_linear=0
shrinkage=0.0926918


Tree=373
num_leaves=8
num_cat=0
split_feature=0 8 4 7 3 7 9
split_gain=0.020139 0.0954994 0.21639 0.0664182 0.125861 0.0674174 0.00800505
threshold=-1.4374711112469343 -0.59197281625485287 -0.29254994273326634 -1.6281444700947179 -0.64739062181024176 -1.0861568947422759 1.0373475198009727
decision_type=2 2 2 2 2 2 2
left_child=1 6 -3 4 -2 -5 -1
right_child=3 2 -4 5 -6 -7 -8
leaf_value=0.00084364382325051164 0 0 -0.0062619128485039291 -0.0011602377999238422 0.0036312986246644272 5.9255829428691881e-05 0
leaf_weight=92 51 42 68 411 121 5614 85
leaf_count=92 51 42 68 411 121 5614 85
internal_value=0 -0.000759889 -0.00293712 2.73271e-05 0.00180469 0 0
internal_weight=0 287 110 6197 172 6025 177
internal_count=6484 287 110 6197 172 6025 177
is_linear=0
shrinkage=0.0926918


Tree=374
num_leaves=8
num_cat=0
split_feature=1 10 1 8 10 10 8
split_gain=0.0187203 0.094207 0.0884879 0.118284 0.0572182 0.053441 0.0314401
threshold=-0.80219094926834666 -1.1327692046632667 -0.39238467033693863 0.54768031008814 1.6265044810510276 2.4979937656512097 0.27312640475537592
decision_type=2 2 2 2 2 2 2
left_child=1 6 5 -4 -3 -2 -1
right_child=2 4 3 -5 -6 -7 -8
leaf_value=0.0021865654222994694 0.0010731755956045041 -0.0010177159579673172 0.00011437172926634445 -0.001089117133395486 1.0891449771249348e-05 0 0
leaf_weight=115 1057 1089 3201 837 96 59 30
leaf_count=115 1057 1089 3201 837 96 59 30
internal_value=0 -0.000316365 7.26951e-05 -7.70354e-05 -0.000734121 0.000825436 0.00142031
internal_weight=0 1330 5154 4038 1185 1116 145
internal_count=6484 1330 5154 4038 1185 1116 145
is_linear=0
shrinkage=0.0926918


Tree=375
num_leaves=8
num_cat=0
split_feature=29 0 7 2 0 1 0
split_gain=0.0185276 0.150051 0.17736 0.0849498 0.0583192 0.275521 0.157149
threshold=1.0000000180025095e-35 0.072225110717392557 -0.13097013959561302 -0.2520684678278306 0.16512654685449782 -0.55015340158983472 -0.025624077391334096
decision_type=2 2 2 2 2 2 2
left_child=4 2 -2 -3 6 -6 -1
right_child=1 3 -4 -5 5 -7 -8
leaf_value=2.1227437981182923e-05 0 0 -0.0050342374300633829 0.0031895122285311812 -0.0016894900705853783 0.00030044995388908485 0.0021164917253244635
leaf_weight=3227 111 53 110 73 830 1708 372
leaf_count=3227 111 53 110 73 830 1708 372
internal_value=0 -0.000657662 -0.00247432 0.000677137 3.39933e-05 -0.00025838 0.000306446
internal_weight=0 347 221 126 6137 2538 3599
internal_count=6484 347 221 126 6137 2538 3599
is_linear=0
shrinkage=0.0926918


Tree=376
num_leaves=8
num_cat=0
split_feature=87 3 1 10 10 10 0
split_gain=0.0185417 0.0545687 0.20953 0.0355489 0.524387 0.304403 0.0176446
threshold=1.0000000180025095e-35 0.063306253405844462 -0.76547649088316427 -0.22751307343087612 -0.38090573828282454 -0.11173330873239094 -0.49152473930667745
decision_type=2 2 2 2 2 2 2
left_child=3 6 -3 4 -1 -5 -2
right_child=1 2 -4 5 -6 -7 -8
leaf_value=0 -0.00044721633258490212 -0.0079101068839806787 0 -0.0038912671702108111 0.0049106766839474292 2.9425514908866128e-05 0.00096834679816249771
leaf_weight=2267 94 34 150 170 194 3439 136
leaf_count=2267 94 34 150 170 194 3439 136
internal_value=0 -0.000595036 -0.00180866 4.27108e-05 0.000339737 -9.39879e-05 0
internal_weight=0 414 184 6070 2461 3609 230
internal_count=6484 414 184 6070 2461 3609 230
is_linear=0
shrinkage=0.0926918


Tree=377
num_leaves=7
num_cat=0
split_feature=9 3 3 6 3 3
split_gain=0.0199577 0.23757 0.373532 0.302069 0.215892 0.1586
threshold=-0.4408695000109199 2.5803954504614697 1.0116573670003473 1.0808259692608293 5.8278619608881916 1.2837523721500295
decision_type=2 2 2 2 2 2
left_child=1 2 -1 -3 5 -2
right_child=4 3 -4 -5 -6 -7
leaf_value=-0.00056069105885934534 0.00020206312363285248 -0.014842459101661685 0.0042313749149905204 0 0.009154816135152493 -0.0017916982295649289
leaf_weight=1454 4465 17 149 18 18 363
leaf_count=1454 4465 17 149 18 18 363
internal_value=0 -0.000280687 0 -0.00740038 9.3115e-05 1.21708e-06
internal_weight=0 1638 1603 35 4846 4828
internal_count=6484 1638 1603 35 4846 4828
is_linear=0
shrinkage=0.0926918


Tree=378
num_leaves=8
num_cat=0
split_feature=128 1 1 10 4 8 8
split_gain=0.0183483 0.0652479 0.129716 0.0696762 0.0517306 0.332805 0.0520186
threshold=1.0000000180025095e-35 -0.62888078648141466 -0.10736583252079449 -0.33981656842127245 1.264425095583843 0.54768031008814 2.1426886030144976
decision_type=2 2 2 2 2 2 2
left_child=4 3 -3 -2 6 -6 -1
right_child=1 2 -4 -5 5 -7 -8
leaf_value=-5.9159367280886809e-05 -0.00014765001083566576 -0.0029651883115027295 0 0.0018612301847113228 0.0036479966949332929 -0.0020742066363467157 0.0015721847074989246
leaf_weight=5067 75 198 497 176 216 86 169
leaf_count=5067 75 198 497 176 216 86 169
internal_value=0 -0.00037738 -0.000976501 0.000335891 6.33723e-05 0.00123372 0
internal_weight=0 946 695 251 5538 302 5236
internal_count=6484 946 695 251 5538 302 5236
is_linear=0
shrinkage=0.0926918


Tree=379
num_leaves=8
num_cat=0
split_feature=5 1 4 4 4 1 4
split_gain=0.0186636 0.177257 0.296551 0.260145 0.16163 0.260562 0.193859
threshold=1.0000000180025095e-35 -0.087907746975454032 1.4512621001818959 0.39251907412626164 1.4512621001818959 -0.099672914362104931 0.51707707719163043
decision_type=2 2 2 2 2 2 2
left_child=1 3 -3 -1 6 -6 -2
right_child=4 2 -4 -5 5 -7 -8
leaf_value=-0.00046941024594717969 0.00056174641215077966 -0.00060898953509202927 -0.0098824765505825633 0.0021232053372074763 0 0.0095150682344831133 -0.00072776680605608529
leaf_weight=707 2441 1052 32 503 30 36 1683
leaf_count=707 2441 1052 32 503 30 36 1683
internal_value=0 -0.000217662 -0.0011428 0.000415915 0.000110751 0.0045154 0
internal_weight=0 2294 1084 1210 4190 66 4124
internal_count=6484 2294 1084 1210 4190 66 4124
is_linear=0
shrinkage=0.0926918


Tree=380
num_leaves=7
num_cat=0
split_feature=0 0 0 9 128 1
split_gain=0.0184839 0.0485738 0.0444641 0.0435251 0.0283827 0.0230253
threshold=2.1419509471371261 2.3132824591068215 1.979449200446284 0.12139709648194746 1.0000000180025095e-35 0.43432552764696247
decision_type=2 2 2 2 2 2
left_child=2 3 4 -2 -1 -4
right_child=1 -3 5 -5 -6 -7
leaf_value=7.3897653089804148e-05 0 0 0.0032353566835599747 -0.0031983775654005992 -0.00048873661332883144 0
leaf_weight=5300 57 71 51 88 895 22
leaf_count=5300 57 71 51 88 895 22
internal_value=0 -0.000841714 1.99426e-05 -0.00195798 0 0.00222553
internal_weight=0 216 6268 145 6195 73
internal_count=6484 216 6268 145 6195 73
is_linear=0
shrinkage=0.0926918


Tree=381
num_leaves=8
num_cat=0
split_feature=0 8 2 7 3 7 2
split_gain=0.0183922 0.0744759 0.147065 0.043579 0.109022 0.0626977 0.0120951
threshold=-1.4374711112469343 -0.59197281625485287 -0.74376881241136061 -1.6281444700947179 -0.49758623401191565 -1.1353819073079838 -0.74376881241136061
decision_type=2 2 2 2 2 2 2
left_child=1 6 -3 4 -2 -5 -1
right_child=3 2 -4 5 -6 -7 -8
leaf_value=-0.00021389292557210516 0 0 -0.0049011195345429227 -0.0011605251235998826 0.0035124364506556637 6.2395733789663663e-05 0.00094884220059646639
leaf_weight=70 70 29 81 379 102 5646 107
leaf_count=70 70 29 81 379 102 5646 107
internal_value=0 -0.000725674 -0.0026309 2.6775e-05 0.00146456 0 0
internal_weight=0 287 110 6197 172 6025 177
internal_count=6484 287 110 6197 172 6025 177
is_linear=0
shrinkage=0.0926918


Tree=382
num_leaves=8
num_cat=0
split_feature=7 7 6 10 7 7 0
split_gain=0.0189455 0.269738 0.190787 0.14248 0.109526 0.141432 0.10112
threshold=0.36354811342607313 0.38912104506442441 1.0000000180025095e-35 -1.15083367219897 0.047497442036783903 -0.019661888480888297 -0.42641827424051454
decision_type=2 2 2 2 2 2 2
left_child=4 2 -2 -3 5 -1 -6
right_child=1 3 -4 -5 6 -7 -8
leaf_value=4.2649558336486485e-05 0 0.0021932416939917784 -0.010546781176854151 -0.00032296453359974893 0 -0.0025530143889374028 0.0019799728012537565
leaf_weight=3703 29 212 32 1741 118 181 468
leaf_count=3703 29 212 32 1741 118 181 468
internal_value=0 -0.000241986 -0.00609188 0 9.98026e-05 -1.98575e-05 0.00129078
internal_weight=0 2014 61 1953 4470 3884 586
internal_count=6484 2014 61 1953 4470 3884 586
is_linear=0
shrinkage=0.0926918


Tree=383
num_leaves=8
num_cat=0
split_feature=8 3 4 8 6 0 0
split_gain=0.0182159 0.220044 0.230824 0.104358 0.218982 0.102655 0.0982879
threshold=-1.0665959626232482 0.52560233519834543 -1.4135719703215848 -0.98988329639183437 1.0000000180025095e-35 1.1187226080154062 1.0848176913815355
decision_type=2 2 2 2 2 2 2
left_child=1 5 -3 4 -2 -1 -5
right_child=3 2 -4 6 -6 -7 -8
leaf_value=-0.00049186658510641393 0 0 -0.0059452258756936731 0.00012245498833458825 0.0058842106638700388 0.0017863731422090984 -0.0011064488572990073
leaf_weight=401 74 51 109 4907 76 241 625
leaf_count=401 74 51 109 4907 76 241 625
internal_value=0 -0.000420634 -0.0035143 4.92388e-05 0.00242642 1.07934e-06 0
internal_weight=0 802 160 5682 150 642 5532
internal_count=6484 802 160 5682 150 642 5532
is_linear=0
shrinkage=0.0926918


Tree=384
num_leaves=7
num_cat=0
split_feature=5 3 5 3 1 2
split_gain=0.0180326 0.278153 0.478432 0.246194 0.232371 0.188749
threshold=1.0000000180025095e-35 -0.46890717446366226 -1.5083116665592187 -1.2285461919336529 -0.099672914362104931 -0.74376881241136061
decision_type=2 2 2 2 2 2
left_child=1 5 -3 -2 -5 -1
right_child=3 2 -4 4 -6 -7
leaf_value=-0.00071914474247045405 -0.0089359199814399316 0.0013615152570215212 -0.0031803229037088909 -0.00040177293076228908 0.00093965419737934838 0.0012826218886052259
leaf_weight=539 20 211 585 2072 2098 959
leaf_count=539 20 211 585 2072 2098 959
internal_value=0 -0.000216665 -0.0016775 0.000105881 0.000216267 0.00040359
internal_weight=0 2294 796 4190 4170 1498
internal_count=6484 2294 796 4190 4170 1498
is_linear=0
shrinkage=0.0926918


Tree=385
num_leaves=8
num_cat=0
split_feature=10 10 10 2 3 7 1
split_gain=0.0189747 0.116919 0.0882307 0.174561 0.137122 0.0695261 0.0265492
threshold=0.70636009883976836 0.63968219097153178 1.0721481337722818 1.2230325659227597 -0.30809727848654805 1.3960799558916219 -0.86361172865119296
decision_type=2 2 2 2 2 2 2
left_child=1 5 3 -2 -4 -1 -3
right_child=2 6 4 -5 -6 -7 -8
leaf_value=-0.00012387749589823393 0 0 0.00091521564034917357 0.0046109736633829709 -0.001358329878341789 0.001212651470233327 -0.003754443932826063
leaf_weight=4651 431 17 377 107 462 353 86
leaf_count=4651 431 17 377 107 462 353 86
internal_value=0 -9.37339e-05 0.000292385 0.00126888 -5.45113e-05 0 -0.00312254
internal_weight=0 5107 1377 538 839 5004 103
internal_count=6484 5107 1377 538 839 5004 103
is_linear=0
shrinkage=0.0926918


Tree=386
num_leaves=5
num_cat=0
split_feature=113 7 7 7
split_gain=0.017688 0.0214235 0.205553 0.092877
threshold=1.0000000180025095e-35 0.34774282469602891 0.38912104506442441 0.047497442036783903
decision_type=2 2 2 2
left_child=1 3 -3 -1
right_child=-2 2 -4 -5
leaf_value=-5.3755514539719374e-05 0.0017884875745860724 -0.0046541933595826666 0 0.0011910451770781386
leaf_weight=3859 42 85 1940 558
leaf_count=3859 42 85 1940 558
internal_value=0 -2.0857e-05 -0.000294087 5.06267e-05
internal_weight=0 6442 2025 4417
internal_count=6484 6442 2025 4417
is_linear=0
shrinkage=0.0926918


Tree=387
num_leaves=7
num_cat=0
split_feature=9 5 9 5 7 9
split_gain=0.0174488 0.216233 0.161477 0.156838 0.406454 0.165464
threshold=-0.4408695000109199 1.234226989068929 -0.48439981715875513 1.234226989068929 0.43840688481234952 -0.39643230125583895
decision_type=2 2 2 2 2 2
left_child=1 2 -1 5 -5 -2
right_child=3 -3 -4 4 -6 -7
leaf_value=0.00016199268561888178 0.0027558013825218219 -0.0075570743091382094 -0.0031884875757515647 0.0070360917674789358 -0.0019436188888765932 -0.00011213799875856019
leaf_weight=1480 175 30 128 92 18 4561
leaf_count=1480 175 30 128 92 18 4561
internal_value=0 -0.000270377 0 7.84244e-05 0.0034663 0
internal_weight=0 1638 1608 4846 110 4736
internal_count=6484 1638 1608 4846 110 4736
is_linear=0
shrinkage=0.0926918


Tree=388
num_leaves=8
num_cat=0
split_feature=72 8 8 3 6 3 6
split_gain=0.0174482 0.0481815 0.0464732 0.0341042 0.0320819 0.415482 0.154447
threshold=1.0000000180025095e-35 -0.90510128174172955 0.88594017853751283 -0.76968123916159781 2.2212776510650962 -0.19920748579995157 1.0808259692608293
decision_type=2 2 2 2 2 2 2
left_child=4 3 -3 -2 6 -6 -1
right_child=1 2 -4 -5 5 -7 -8
leaf_value=0 0 0.00038965218911118834 -0.0015928294686332321 -0.0024625864290454234 0.0034718654835014869 -0.0059826338335497165 0.00250280498588084
leaf_weight=5403 19 459 125 135 37 87 219
leaf_count=5403 19 459 125 135 37 87 219
internal_value=0 -0.000433885 0 -0.00186839 4.19197e-05 -0.00128338 0.000114585
internal_weight=0 738 584 154 5746 124 5622
internal_count=6484 738 584 154 5746 124 5622
is_linear=0
shrinkage=0.0926918


Tree=389
num_leaves=8
num_cat=0
split_feature=10 4 10 4 0 2 40
split_gain=0.01623 0.106951 0.096536 0.0949389 0.0666467 0.0647186 0.0427652
threshold=0.70636009883976836 0.57935607872431483 0.63968219097153178 1.1398670925184742 -0.75993737782514204 1.7147329105062896 1.0000000180025095e-35
decision_type=2 2 2 2 2 2 2
left_child=2 4 5 -3 -2 -1 -4
right_child=1 3 6 -5 -6 -7 -8
leaf_value=4.905559870670096e-05 -0.0016555232162587716 0.0019755430033657284 -0.0037318831594746566 0 0 -0.0014859468553086149 0
leaf_weight=4762 217 457 84 152 551 242 19
leaf_count=4762 217 457 84 152 551 242 19
internal_value=0 0.000271564 -8.57122e-05 0.00126758 -0.000212324 0 -0.0028381
internal_weight=0 1377 5107 609 768 5004 103
internal_count=6484 1377 5107 609 768 5004 103
is_linear=0
shrinkage=0.0926918


Tree=390
num_leaves=8
num_cat=0
split_feature=9 4 7 4 1 3 3
split_gain=0.0168839 0.31265 0.483335 0.197372 0.320835 0.208932 0.138269
threshold=-0.17061878105144468 1.2021460940511586 0.15839724289646759 1.2021460940511586 -0.89109850101487453 -1.0527170142066633 -1.0527170142066633
decision_type=2 2 2 2 2 2 2
left_child=1 6 -3 5 -5 -2 -1
right_child=3 2 -4 4 -6 -7 -8
leaf_value=-0.0032359393534078843 0.0041268153154150992 -0.0098409451074233899 0 -0.0020551550376719939 0.0038702639246804495 -0.00020769738854760415 0.00022212200016045815
leaf_weight=98 92 67 94 47 281 3514 2291
leaf_count=98 92 67 94 47 281 3514 2291
internal_value=0 -0.000196247 -0.00410022 0.000108861 0.00228715 -2.58802e-05 0
internal_weight=0 2550 161 3934 328 3606 2389
internal_count=6484 2550 161 3934 328 3606 2389
is_linear=0
shrinkage=0.0926918


Tree=391
num_leaves=7
num_cat=0
split_feature=46 9 9 0 3 3
split_gain=0.0169421 0.0341008 0.0593669 0.0283613 0.223109 0.12521
threshold=1.0000000180025095e-35 0.43699189580374947 -0.069048041039830838 -0.56979989662941155 0.093344816905595304 -0.61663993719304
decision_type=2 2 2 2 2 2
left_child=3 2 -2 4 -1 -5
right_child=1 -3 -4 5 -6 -7
leaf_value=0.00022122983217693165 0 0 -0.0049548715093330068 -0.00069268743900983011 -0.0018480617153757257 0.00047471397452914925
leaf_weight=1509 38 18 34 906 568 3411
leaf_count=1509 38 18 34 906 568 3411
internal_value=0 -0.00123968 -0.00239186 4.48303e-06 -0.000232905 0.000174028
internal_weight=0 90 72 6394 2077 4317
internal_count=6484 90 72 6394 2077 4317
is_linear=0
shrinkage=0.0926918


Tree=392
num_leaves=5
num_cat=0
split_feature=113 0 3 7
split_gain=0.0158933 0.0207646 0.071759 0.029099
threshold=1.0000000180025095e-35 -1.5495239125722542 -0.23766202614230497 0.34774282469602891
decision_type=2 2 2 2
left_child=1 2 -1 -3
right_child=-2 3 -4 -5
leaf_value=0 0.0016804810611868335 0.00013933660878401736 -0.0029383650322209213 -0.00028743082937348463
leaf_weight=93 42 4236 88 2025
leaf_count=93 42 4236 88 2025
internal_value=0 -2.7448e-05 -0.00099359 0
internal_weight=0 6442 181 6261
internal_count=6484 6442 181 6261
is_linear=0
shrinkage=0.0926918


Tree=393
num_leaves=8
num_cat=0
split_feature=87 3 9 72 6 1 4
split_gain=0.0156774 0.0467595 0.181758 0.0236182 0.0732905 0.0385002 0.016959
threshold=1.0000000180025095e-35 0.063306253405844462 0.45875705437766773 1.0000000180025095e-35 2.2212776510650962 -0.59369965955860637 0.57935607872431483
decision_type=2 2 2 2 2 2 2
left_child=3 6 -3 4 -1 -5 -2
right_child=1 2 -4 5 -6 -7 -8
leaf_value=0.00022345977287353382 0.00079445828867697528 -0.0038052240796266645 0 0 -0.0019087444724129271 -0.0009055307986320382 -0.0007449307781449108
leaf_weight=5211 165 140 44 195 121 543 65
leaf_count=5211 165 140 44 195 121 543 65
internal_value=0 -0.00055915 -0.00168037 2.50494e-05 0.000128752 -0.000399067 0
internal_weight=0 414 184 6070 5332 738 230
internal_count=6484 414 184 6070 5332 738 230
is_linear=0
shrinkage=0.0926918


Tree=394
num_leaves=8
num_cat=0
split_feature=29 3 3 3 7 3 4
split_gain=0.0153421 0.0872214 0.171129 0.0405783 0.727447 0.107203 0.0277808
threshold=1.0000000180025095e-35 0.4106271438717129 -0.78981484530043944 1.2837523721500295 0.71439348700171024 0.82229788804178916 -0.60394495039668816
decision_type=2 2 2 2 2 2 2
left_child=3 2 -2 5 -5 -1 -3
right_child=1 6 -4 4 -6 -7 -8
leaf_value=0 0 0.0019830621745699577 -0.0035541943123042078 -0.0034362707822095991 0.0039351207857422259 0.0018436666190905472 0
leaf_weight=5349 68 57 181 345 149 294 41
leaf_count=5349 68 57 181 345 149 294 41
internal_value=0 -0.000605656 -0.00185704 2.14639e-05 -0.000718546 0.000129026 0.000189618
internal_weight=0 347 249 6137 494 5643 98
internal_count=6484 347 249 6137 494 5643 98
is_linear=0
shrinkage=0.0926918


Tree=395
num_leaves=8
num_cat=0
split_feature=7 3 3 0 3 0 3
split_gain=0.0163324 0.288305 0.349684 0.279033 0.0927372 0.595069 0.150498
threshold=0.69070075615883642 0.67437091046219744 -0.97334787875258055 -0.051908727816872544 1.2837523721500295 1.8043737181008235 -0.17745542257599414
decision_type=2 2 2 2 2 2 2
left_child=4 2 -2 -3 6 -6 -1
right_child=1 3 -4 -5 5 -7 -8
leaf_value=-0.00015417358036608973 0.0036800558862116299 0 -0.0017506775816245853 0.0043649620917238039 0 -0.014903254980394702 0.00085252040586132323
leaf_weight=2696 85 108 1028 185 340 21 2021
leaf_count=2696 85 108 1028 185 340 21 2021
internal_value=0 -0.000283046 -0.00110893 0.00202101 7.33039e-05 -0.00126026 0.000227029
internal_weight=0 1406 1113 293 5078 361 4717
internal_count=6484 1406 1113 293 5078 361 4717
is_linear=0
shrinkage=0.0926918


Tree=396
num_leaves=8
num_cat=0
split_feature=40 5 2 6 5 64 2
split_gain=0.0152611 0.0541949 0.0569675 0.0309399 0.14742 0.114673 0.0284451
threshold=1.0000000180025095e-35 -1.5083116665592187 1.7147329105062896 1.0000000180025095e-35 -1.5083116665592187 1.0000000180025095e-35 -0.2520684678278306
decision_type=2 2 2 2 2 2 2
left_child=3 6 -3 5 -5 -1 -2
right_child=1 2 -4 4 -6 -7 -8
leaf_value=0.00059282378456946324 -0.0054749891038714396 1.240973153202326e-05 -0.0028408208355108914 0.0032567533815134799 -0.00033255957924401789 -0.00091663436459470181 0
leaf_weight=2461 23 786 56 91 2628 422 17
leaf_count=2461 23 786 56 91 2628 422 17
internal_value=0 -0.000365291 0 4.77986e-05 -0.0001195 0.00028814 -0.00361704
internal_weight=0 882 842 5602 2719 2883 40
internal_count=6484 882 842 5602 2719 2883 40
is_linear=0
shrinkage=0.0926918


Tree=397
num_leaves=8
num_cat=0
split_feature=5 1 1 4 4 7 4
split_gain=0.0153312 0.146146 0.271687 0.200116 0.124309 0.218544 0.180089
threshold=1.0000000180025095e-35 -0.087907746975454032 -0.0097589764412719486 0.39251907412626164 1.4512621001818959 -0.25523662676494147 0.51707707719163043
decision_type=2 2 2 2 2 2 2
left_child=1 3 -3 -1 6 -6 -2
right_child=4 2 -4 -5 5 -7 -8
leaf_value=-0.00038579286960582304 0.00053490113800401388 -0.0056061069550235303 -0.00029237021152630019 0.0018666732006010773 0 0.0078307667240000208 -0.00070866677568274725
leaf_weight=707 2441 105 979 503 22 44 1683
leaf_count=707 2441 105 979 503 22 44 1683
internal_value=0 -0.000203485 -0.0010479 0.000357692 9.33393e-05 0.00395451 0
internal_weight=0 2294 1084 1210 4190 66 4124
internal_count=6484 2294 1084 1210 4190 66 4124
is_linear=0
shrinkage=0.0926918


Tree=398
num_leaves=7
num_cat=0
split_feature=128 8 8 1 0 8
split_gain=0.0152041 0.0594757 0.0563227 0.0492121 0.116127 0.0676293
threshold=1.0000000180025095e-35 -1.5103088433863709 -0.22831165448960428 -1.6301706789812949 0.48857487592720095 -0.54110939755957377
decision_type=2 2 2 2 2 2
left_child=3 -2 -3 4 -1 -5
right_child=1 2 -4 5 -6 -7
leaf_value=-0.0031879465887989043 -0.0043984092844660339 0.00055362147229787769 -0.00083567939719351666 0.00065886903359333219 0 -1.1255739814430999e-05
leaf_weight=125 28 413 505 1594 144 3675
leaf_count=125 28 413 505 1594 144 3675
internal_value=0 -0.000355779 0 4.31083e-05 -0.00108095 0.000146634
internal_weight=0 946 918 5538 269 5269
internal_count=6484 946 918 5538 269 5269
is_linear=0
shrinkage=0.0926918


Tree=399
num_leaves=8
num_cat=0
split_feature=8 8 0 8 0 4 4
split_gain=0.0167522 0.0888745 0.155481 0.0788024 0.0887047 0.0451164 0.0304877
threshold=-1.0665959626232482 -1.1700483186912207 1.7384162026041736 -0.98988329639183437 1.0485245659185523 1.0153090894531054 -0.41710794579863503
decision_type=2 2 2 2 2 2 2
left_child=1 6 -3 5 -5 -2 -1
right_child=3 2 -4 4 -6 -7 -8
leaf_value=-0.00056324884634001741 0.002811466021376626 -0.0038656052548452424 0 0.00011572082004333014 -0.0010193992554418817 0 0.00070788434089855286
leaf_weight=283 131 145 38 4866 666 19 336
leaf_count=283 131 145 38 4866 666 19 336
internal_value=0 -0.000411392 -0.00219024 3.61063e-05 0 0.00210389 0
internal_weight=0 802 183 5682 5532 150 619
internal_count=6484 802 183 5682 5532 150 619
is_linear=0
shrinkage=0.0926918


Tree=400
num_leaves=6
num_cat=0
split_feature=7 9 9 5 1
split_gain=0.015449 0.0745895 0.0377655 0.0751373 0.0400426
threshold=-1.9152441011809629 0.88045700174731756 0.62018198046755557 1.0000000180025095e-35 1.7472896291131585
decision_type=2 2 2 2 2
left_child=1 -1 4 -4 -2
right_child=2 -3 3 -5 -6
leaf_value=0 0 -0.0034330826009312072 -4.3594844697456678e-05 0.001103612838601729 -0.0011091513748223195
leaf_weight=40 4898 61 419 772 294
leaf_count=40 4898 61 419 772 294
internal_value=0 -0.00112085 2.06019e-06 0.000501873 -6.70279e-05
internal_weight=0 101 6383 1191 5192
internal_count=6484 101 6383 1191 5192
is_linear=0
shrinkage=0.0926918


Tree=401
num_leaves=6
num_cat=0
split_feature=20 8 6 8 2
split_gain=0.0152236 0.0254691 0.147064 0.080978 0.0124598
threshold=1.0000000180025095e-35 -0.89067171084344976 1.0808259692608293 -0.50850832733147577 -0.2520684678278306
decision_type=2 2 2 2 2
left_child=1 2 -1 -3 -2
right_child=4 3 -4 -5 -6
leaf_value=-0.00085128175089699948 0 0.00079341860575721376 0.003157322257630379 -0.00011630739694588527 0.0030638346646118413
leaf_weight=1132 19 1011 62 4240 20
leaf_count=1132 19 1011 62 4240 20
internal_value=0 -3.20163e-05 -0.000432687 1.39969e-05 0.00168704
internal_weight=0 6445 1194 5251 39
internal_count=6484 6445 1194 5251 39
is_linear=0
shrinkage=0.0926918


Tree=402
num_leaves=8
num_cat=0
split_feature=7 3 8 7 3 5 3
split_gain=0.0153054 0.113906 0.129694 0.0962839 0.340625 0.0906522 0.0802194
threshold=-0.95831148729050264 -0.80956002173885311 -0.12563423087599387 -0.75697262071722649 0.18235995658696894 -1.5083116665592187 0.27953211997732658
decision_type=2 2 2 2 2 2 2
left_child=1 2 -1 4 -2 -3 -5
right_child=3 5 -4 6 -6 -7 -8
leaf_value=-0.0040699229314949915 0.0026474165398510854 0.0039563596889253755 0 -0.00031040296566362625 -0.0020958982929069857 -0.00015126468667142067 0.00051274306794004592
leaf_weight=129 450 44 25 3626 125 765 1320
leaf_count=129 450 44 25 3626 125 765 1320
internal_value=0 -0.000353016 -0.00263238 4.44411e-05 0.00119615 0 -4.22542e-05
internal_weight=0 963 154 5521 575 809 4946
internal_count=6484 963 154 5521 575 809 4946
is_linear=0
shrinkage=0.0926918


Tree=403
num_leaves=8
num_cat=0
split_feature=6 3 4 6 4 10 6
split_gain=0.0148913 0.184891 0.458798 0.169763 0.0892197 0.280715 0.198611
threshold=1.0000000180025095e-35 -0.35801049499152188 0.57935607872431483 2.2212776510650962 0.45479807565894603 -0.63308230005151767 -1.2000773943477034
decision_type=2 2 2 2 2 2 2
left_child=4 2 -2 -3 6 -6 -1
right_child=1 3 -4 -5 5 -7 -8
leaf_value=-0.0019788123078625201 -0.0057663638196559829 0.00027037421290703411 0 -0.0031887840501609124 -0.0026381067853455693 0.00021219752318130168 0.0010164505585444322
leaf_weight=166 164 2643 234 120 355 1151 1651
leaf_count=166 164 2643 234 120 355 1151 1651
internal_value=0 -0.000158083 -0.00203375 2.88492e-05 0.00012114 -0.000307786 0.000607499
internal_weight=0 3161 398 2763 3323 1506 1817
internal_count=6484 3161 398 2763 3323 1506 1817
is_linear=0
shrinkage=0.0926918


Tree=404
num_leaves=8
num_cat=0
split_feature=0 3 8 8 0 9 8
split_gain=0.0144015 0.194307 0.304779 0.142301 0.127627 0.28924 0.123647
threshold=-0.56979989662941155 -0.60058484290869041 -0.28837460870093629 -0.26264214297515304 -0.33243381588725712 -0.20145275569782803 1.0723844823821149
decision_type=2 2 2 2 2 2 2
left_child=1 3 -3 -1 5 -2 -6
right_child=4 2 -4 -5 6 -7 -8
leaf_value=0 0 0.00023790872858862284 -0.0021919503329844848 0.0023912763814594958 8.3703627865687116e-05 0.0039481482108294401 -0.0013072658655155671
leaf_weight=320 535 684 775 314 3009 225 622
leaf_count=320 535 684 775 314 3009 225 622
internal_value=0 -0.000214159 -0.000892647 0.000968794 7.91372e-05 0.00119637 -9.03135e-05
internal_weight=0 2093 1459 634 4391 760 3631
internal_count=6484 2093 1459 634 4391 760 3631
is_linear=0
shrinkage=0.0926918


Tree=405
num_leaves=8
num_cat=0
split_feature=8 10 7 8 7 8 7
split_gain=0.0166142 0.271399 0.228406 0.194349 0.273056 0.0856582 0.0740138
threshold=1.4523546291228464 0.10393940245799681 1.5158661165555858 1.0723844823821149 0.43840688481234952 1.0345036907984981 1.3001000925479376
decision_type=2 2 2 2 2 2 2
left_child=3 2 -2 5 -5 -1 -3
right_child=1 6 -4 4 -6 -7 -8
leaf_value=0 0.0057474357335110474 -0.0019072670309068489 0 0.00023970991746242231 -0.0039525339312464968 0.0035874750542435807 0
leaf_weight=5449 128 180 43 84 253 53 294
leaf_count=5449 128 180 43 84 253 53 294
internal_value=0 0.000434784 0.0037111 -5.84153e-05 -0.00222016 3.24239e-05 -0.000273208
internal_weight=0 645 171 5839 337 5502 474
internal_count=6484 645 171 5839 337 5502 474
is_linear=0
shrinkage=0.0926918


Tree=406
num_leaves=8
num_cat=0
split_feature=10 4 9 10 3 3 7
split_gain=0.017297 0.0890737 0.0979097 0.0880743 1.41944 0.163268 0.0640921
threshold=0.70636009883976836 0.57935607872431483 0.52405253009941999 0.19597240533586532 -1.1478822908114772 -1.1834883466840265 -0.084889806178497632
decision_type=2 2 2 2 2 2 2
left_child=3 6 -3 5 -5 -1 -2
right_child=1 2 -4 4 -6 -7 -8
leaf_value=0.0052954198002022829 -0.0011839147380637949 0.0019057514192448945 0 -0.022934315266273424 -0.00010852927503738534 0 0.00028646566619904706
leaf_weight=46 373 466 143 20 1069 3972 395
leaf_count=46 373 466 143 20 1069 3972 395
internal_value=0 0.000287517 0.00118939 -8.20322e-05 -0.000841283 6.5171e-05 -0.000121697
internal_weight=0 1377 609 5107 1089 4018 768
internal_count=6484 1377 609 5107 1089 4018 768
is_linear=0
shrinkage=0.0926918


Tree=407
num_leaves=8
num_cat=0
split_feature=0 9 8 8 0 2 29
split_gain=0.0143914 0.108965 0.220188 0.138578 0.0556871 0.159943 0.0689059
threshold=0.80886408595216375 0.21934031006457583 -0.66707327027162255 -0.76959325792912692 0.56555977247618328 -0.74376881241136061 1.0000000180025095e-35
decision_type=2 2 2 2 2 2 2
left_child=4 2 -2 -3 6 -6 -1
right_child=1 3 -4 -5 5 -7 -8
leaf_value=6.0397082743810702e-05 5.797494614699956e-06 -0.00045019195344925169 -0.0026527174512519023 0.0018789797428083257 0.003354509453569575 0 -0.0014726185202719331
leaf_weight=4373 318 375 402 330 162 263 261
leaf_count=4373 318 375 402 330 162 263 261
internal_value=0 -0.000266064 -0.00115677 0.00030901 6.65761e-05 0.00107975 0
internal_weight=0 1425 720 705 5059 425 4634
internal_count=6484 1425 720 705 5059 425 4634
is_linear=0
shrinkage=0.0926918


Tree=408
num_leaves=8
num_cat=0
split_feature=40 9 9 3 4 0 4
split_gain=0.0148476 0.0560313 0.225022 0.168132 0.0526898 0.109737 0.0393241
threshold=1.0000000180025095e-35 -0.4408695000109199 -0.56148475377471219 5.8278619608881916 0.33024007259357724 0.11439483071167932 -1.102176962658163
decision_type=2 2 2 2 2 2 2
left_child=1 2 -1 -3 6 -6 -2
right_child=4 3 -4 -5 5 -7 -8
leaf_value=0 -0.0003386795673683115 0.00015915318158841408 -0.0027906897955856905 0.0086608920790432892 0 -0.0026384461333824557 0.0011718211239358971
leaf_weight=1176 132 4138 271 17 308 212 230
leaf_count=1176 132 4138 271 17 308 212 230
internal_value=0 5.1769e-05 -0.000383313 0.000260902 -0.000356274 -0.00103798 0
internal_weight=0 5602 1447 4155 882 520 362
internal_count=6484 5602 1447 4155 882 520 362
is_linear=0
shrinkage=0.0926918


Tree=409
num_leaves=7
num_cat=0
split_feature=0 10 2 87 10 10
split_gain=0.0151376 0.0394177 0.0627244 0.0237107 0.0953965 0.0508601
threshold=-1.5495239125722542 -1.3242951837861452 0.73133222133922948 1.0000000180025095e-35 -1.0757446164368305 -0.59092996399407405
decision_type=2 2 2 2 2 2
left_child=1 -1 -3 5 -5 -2
right_child=3 2 -4 4 -6 -7
leaf_value=0 0.00054719403540261138 -0.0035067340957775405 0 -0.0038226629934446257 0 -1.1832023512259844e-05
leaf_weight=73 1680 77 32 61 349 4212
leaf_count=73 1680 77 32 61 349 4212
internal_value=0 -0.000822579 -0.00202279 2.44668e-05 -0.000579961 0.000107409
internal_weight=0 182 109 6302 410 5892
internal_count=6484 182 109 6302 410 5892
is_linear=0
shrinkage=0.0926918


Tree=410
num_leaves=6
num_cat=0
split_feature=0 0 0 7 7
split_gain=0.012745 0.0375463 0.0325814 0.024425 0.0243911
threshold=2.1419509471371261 2.3132824591068215 1.979449200446284 -0.072779993269031132 0.36354811342607313
decision_type=2 2 2 2 2
left_child=2 -2 4 -4 -1
right_child=1 -3 3 -5 -6
leaf_value=0.00011860891769068742 -0.0016947449660270955 0 0 0.0028488662523900336 -0.0002788098458061451
leaf_weight=4279 145 71 17 56 1916
leaf_count=4279 145 71 17 56 1916
internal_value=0 -0.000696989 1.92285e-05 0.00190675 0
internal_weight=0 216 6268 73 6195
internal_count=6484 216 6268 73 6195
is_linear=0
shrinkage=0.0926918


Tree=411
num_leaves=7
num_cat=0
split_feature=5 3 3 7 8 3
split_gain=0.0150104 0.204525 0.204472 0.423229 0.168524 0.141603
threshold=1.0000000180025095e-35 -1.2285461919336529 -0.46890717446366226 -0.78453163528578596 0.054436325661856105 0.063306253405844462
decision_type=2 2 2 2 2 2
left_child=2 -2 4 -4 -1 -3
right_child=1 5 3 -5 -6 -7
leaf_value=-0.00019253163910994264 -0.0081148710699633936 0.00074559050642585987 0.0016123053330717116 -0.0028097081063799697 0.001725152734145806 -0.00028483127706043247
leaf_weight=977 20 2218 190 606 521 1952
leaf_count=977 20 2218 190 606 521 1952
internal_value=0 0.000100798 -0.000193816 -0.00145299 0.000318923 0.000206314
internal_weight=0 4190 2294 796 1498 4170
internal_count=6484 4190 2294 796 1498 4170
is_linear=0
shrinkage=0.0926918


Tree=412
num_leaves=8
num_cat=0
split_feature=0 0 0 4 10 0 8
split_gain=0.0149654 0.239913 0.564967 0.19763 0.236588 0.202887 0.181866
threshold=-0.810685208459894 -0.70800729439749599 -0.67256736497553471 1.0775880909857898 -0.79484173873978936 -1.2916859795066726 -0.48119640552463233
decision_type=2 2 2 2 2 2 2
left_child=3 6 -3 4 -1 -5 -2
right_child=1 2 -4 5 -6 -7 -8
leaf_value=0.0010358724911658937 0 -0.0077934368484528904 6.3029836434691158e-05 0 -0.0016354877322850142 0.0045093237064234883 0.0042954136107171068
leaf_weight=283 18 75 4721 89 980 125 193
leaf_count=283 18 75 4721 89 980 125 193
internal_value=0 6.93544e-05 -1.75365e-05 -0.000265542 -0.000847111 0.00202079 0.00310871
internal_weight=0 5007 4796 1477 1263 214 211
internal_count=6484 5007 4796 1477 1263 214 211
is_linear=0
shrinkage=0.0926918


Tree=413
num_leaves=8
num_cat=0
split_feature=72 8 9 9 8 8 3
split_gain=0.0138907 0.0417683 0.117051 0.0426958 0.0298008 0.275903 0.221193
threshold=1.0000000180025095e-35 -0.90510128174172955 0.084214950584838813 -0.53155766073557587 1.2649692499709588 1.0723844823821149 -0.97334787875258055
decision_type=2 2 2 2 2 2 2
left_child=4 2 -2 -3 5 -1 -6
right_child=1 3 -4 -5 6 -7 -8
leaf_value=9.1018880608977599e-05 0 -0.0015506791491683043 -0.0035531339585178601 0.00038480865253970878 0.0062423759308616843 -0.003728251101322549 0
leaf_weight=4873 42 119 112 465 51 163 659
leaf_count=4873 42 119 112 465 51 163 659
internal_value=0 -0.000381235 -0.00171541 0 4.45447e-05 0 0.00061176
internal_weight=0 738 154 584 5746 5036 710
internal_count=6484 738 154 584 5746 5036 710
is_linear=0
shrinkage=0.0926918


Tree=414
num_leaves=8
num_cat=0
split_feature=40 10 7 10 10 0 0
split_gain=0.0155572 0.0513288 0.0793709 0.0377587 0.212241 0.141521 0.0357599
threshold=1.0000000180025095e-35 1.0311691443938362 -0.87072080682318653 1.0721481337722818 0.83820870594021457 -0.025624077391334096 0.057912279264215653
decision_type=2 2 2 2 2 2 2
left_child=3 2 -2 4 -1 -5 -3
right_child=1 6 -4 5 -6 -7 -8
leaf_value=0 -0.0026591679452509782 0.0025674177880792726 0 -0.0020109650968300444 0.0029468912603354265 0.000211151667770848 0
leaf_weight=4641 164 49 611 334 225 402 58
leaf_count=4641 164 49 611 334 225 402 58
internal_value=0 -0.000361378 -0.000809195 5.64627e-05 0.00018718 -0.0004814 0.00064396
internal_weight=0 882 775 5602 4866 736 107
internal_count=6484 882 775 5602 4866 736 107
is_linear=0
shrinkage=0.0926918


Tree=415
num_leaves=7
num_cat=0
split_feature=46 0 1 4 1 7
split_gain=0.0136668 0.0284768 0.0245563 0.145918 0.125473 0.00217781
threshold=1.0000000180025095e-35 -0.42641827424051454 0.14481820681975832 -0.97761895959279432 0.018666233641568452 -0.15112857183540016
decision_type=2 2 2 2 2 2
left_child=2 -2 4 -4 -1 -3
right_child=1 5 3 -5 -6 -7
leaf_value=0 0 0 -0.0014978580832697387 0.0001198934063316766 0.0017593673366895521 -0.0025625646556200954
leaf_weight=3579 20 17 572 1852 391 53
leaf_count=3579 20 17 572 1852 391 53
internal_value=0 -0.00110279 1.90992e-05 -0.000165747 0.000192049 -0.00219551
internal_weight=0 90 6394 2424 3970 70
internal_count=6484 90 6394 2424 3970 70
is_linear=0
shrinkage=0.0926918


Tree=416
num_leaves=8
num_cat=0
split_feature=4 0 10 7 4 9 4
split_gain=0.0149918 0.107532 0.205571 0.119387 0.0586158 0.235642 0.156692
threshold=-1.4758509718542692 -0.86452768083360632 -0.28247532450503204 0.94903923491659159 -0.97761895959279432 -0.89340342202695289 -0.72850295346205685
decision_type=2 2 2 2 2 2 2
left_child=1 2 -1 -3 5 -2 -6
right_child=4 3 -4 -5 6 -7 -8
leaf_value=0.00063890923908181099 -0.004528408084652628 0.0021573325366795481 -0.0039216578926332636 0 0.0022840130839981575 0 -4.0583158557227699e-05
leaf_weight=103 119 414 115 103 253 751 4626
leaf_count=103 119 414 115 103 253 751 4626
internal_value=0 0.000396601 -0.000726828 0.00132993 -4.65501e-05 -0.000764143 3.31587e-05
internal_weight=0 735 218 517 5749 870 4879
internal_count=6484 735 218 517 5749 870 4879
is_linear=0
shrinkage=0.0926918


Tree=417
num_leaves=8
num_cat=0
split_feature=0 1 4 4 1 0 0
split_gain=0.0141038 0.145554 0.175881 0.15456 0.0527307 0.298248 0.182441
threshold=0.80886408595216375 0.45006763518912357 -0.85306095652742553 -0.35482894426595069 0.072095525278693118 -0.44476582517490476 -0.4356727177161786
decision_type=2 2 2 2 2 2 2
left_child=4 2 -2 -3 6 -6 -1
right_child=1 3 -4 -5 5 -7 -8
leaf_value=-0.00043937855793251712 0.00011574460008026741 -0.00026382186590674173 -0.0019372766398669927 0.0025272929097978664 0.00034173195660132947 -0.0021248945547887197 0.00093465409656376419
leaf_weight=1173 364 145 656 260 1386 552 1948
leaf_count=1173 364 145 656 260 1386 552 1948
internal_value=0 -0.000258286 -0.000974578 0.000953907 7.13852e-05 -0.000241418 0.000342021
internal_weight=0 1425 1020 405 5059 1938 3121
internal_count=6484 1425 1020 405 5059 1938 3121
is_linear=0
shrinkage=0.0926918


Tree=418
num_leaves=8
num_cat=0
split_feature=40 4 10 4 10 10 7
split_gain=0.0134668 0.0460399 0.0995259 0.0300208 0.029473 0.190309 0.122111
threshold=1.0000000180025095e-35 0.33024007259357724 0.47213661666632284 -1.102176962658163 1.0721481337722818 0.70636009883976836 1.1296302356426449
decision_type=2 2 2 2 2 2 2
left_child=4 3 -3 -2 5 -1 -6
right_child=1 2 -4 -5 6 -7 -8
leaf_value=0 -0.00022727682473777799 -0.0019042603472555104 0 0.0010340285164742859 0 0.0019416531773149058 -0.0029870840210106447
leaf_weight=4399 132 368 152 230 609 467 127
leaf_count=4399 132 368 152 230 609 467 127
internal_value=0 -0.000336808 -0.000972469 0 5.1938e-05 0.000171332 -0.000411434
internal_weight=0 882 520 362 5602 4866 736
internal_count=6484 882 520 362 5602 4866 736
is_linear=0
shrinkage=0.0926918


Tree=419
num_leaves=8
num_cat=0
split_feature=128 10 4 7 4 0 5
split_gain=0.0139252 0.0617254 0.0894248 0.0600883 0.0396603 0.0671503 0.0638343
threshold=1.0000000180025095e-35 -1.4069217920501065 0.76619308332236791 -0.335278028989004 -1.7249669779850065 -1.4374711112469343 -1.5083116665592187
decision_type=2 2 2 2 2 2 2
left_child=4 3 -3 -2 6 -6 -1
right_child=1 2 -4 -5 5 -7 -8
leaf_value=0 0 0.00048646125324886479 -0.0014712804045813699 -0.0066971800008992733 -0.0016832990619049214 5.3309753850755082e-05 0.0016525906545327598
leaf_weight=56 31 611 283 21 194 4961 327
leaf_count=56 31 611 283 21 194 4961 327
internal_value=0 -0.000329376 0 -0.00334444 5.45759e-05 0 0.000960024
internal_weight=0 946 894 52 5538 5155 383
internal_count=6484 946 894 52 5538 5155 383
is_linear=0
shrinkage=0.0926918


Tree=420
num_leaves=7
num_cat=0
split_feature=1 1 0 4 1 1
split_gain=0.015033 1.71725 0.459052 0.425164 0.364524 0.173668
threshold=1.152056399978411 1.0632154057701528 -0.44476582517490476 0.39251907412626164 1.4560483723211444 0.90132882593593744
decision_type=2 2 2 2 2 2
left_child=1 5 4 -4 -2 -1
right_child=2 -3 3 -5 -6 -7
leaf_value=0 0.0056601598696732437 -0.022330171001121786 0 -0.0068770394131975028 0.00016284703205547907 0.005227454412246038
leaf_weight=5417 152 25 84 118 638 50
leaf_count=5417 152 25 84 118 638 50
internal_value=0 -6.47763e-05 0.000326274 -0.00322332 0.00154763 1.22624e-05
internal_weight=0 5492 992 202 790 5467
internal_count=6484 5492 992 202 790 5467
is_linear=0
shrinkage=0.0926918


Tree=421
num_leaves=7
num_cat=0
split_feature=1 1 0 3 1 1
split_gain=0.0135821 1.45913 0.375823 0.451274 0.31292 0.145494
threshold=1.152056399978411 1.0632154057701528 -0.44476582517490476 0.49316845521262309 1.8683189487150933 0.90132882593593744
decision_type=2 2 2 2 2 2
left_child=1 5 4 -4 -2 -1
right_child=2 -3 3 -5 -6 -7
leaf_value=0 0.0032181496958847578 -0.020583995799350295 -0.0062944930825378914 0.00069124862113985937 0 0.0047840082634684443
leaf_weight=5417 413 25 135 67 377 50
leaf_count=5417 413 25 135 67 377 50
internal_value=0 -5.97699e-05 0.000312067 -0.00285931 0.00143516 7.83467e-06
internal_weight=0 5492 992 202 790 5467
internal_count=6484 5492 992 202 790 5467
is_linear=0
shrinkage=0.0926918


Tree=422
num_leaves=8
num_cat=0
split_feature=0 1 1 1 3 1 1
split_gain=0.0171816 0.214746 0.445963 0.200796 0.111142 0.444231 0.212841
threshold=-0.6160851039195081 1.152056399978411 0.4678095237114836 1.9919928395956741 -0.23235348690312482 1.2858735399530161 -0.8168876965245242
decision_type=2 2 2 2 2 2 2
left_child=1 2 -1 -3 5 -2 -6
right_child=4 3 -4 -5 6 -7 -8
leaf_value=0 0 0.0025824469971477762 -0.004561992606616396 -0.00011846694937936645 -0.00081675955076207973 -0.0071959097107212886 0.001047916633968771
leaf_weight=1022 1943 342 245 304 571 74 1983
leaf_count=1022 1943 342 245 304 571 74 1983
internal_value=0 -0.000238976 -0.00103557 0.000952952 9.12564e-05 -0.000355163 0.000537061
internal_weight=0 1913 1267 646 4571 2017 2554
internal_count=6484 1913 1267 646 4571 2017 2554
is_linear=0
shrinkage=0.0926918


Tree=423
num_leaves=8
num_cat=0
split_feature=0 1 1 8 1 3 7
split_gain=0.0154997 0.168362 0.265717 0.187583 0.110415 0.262463 0.206676
threshold=0.18930149006562208 -0.55015340158983472 -0.42323397272240187 0.65832634429327885 -0.59369965955860637 2.0597054370379886 0.65894158679172599
decision_type=2 2 2 2 2 2 2
left_child=4 3 -3 -2 6 -6 -1
right_child=1 2 -4 -5 5 -7 -8
leaf_value=0.0022257548523570685 -0.00036420563646955933 0.003283206131436585 -6.427696456684387e-05 -0.0048667626670762651 0 -0.0044262745646500134 0
leaf_weight=543 728 214 1565 121 2689 113 511
leaf_count=543 728 214 1565 121 2689 113 511
internal_value=0 -0.000189889 0.000212123 -0.00130833 9.95278e-05 -0.000132999 0.000940929
internal_weight=0 2628 1779 849 3856 2802 1054
internal_count=6484 2628 1779 849 3856 2802 1054
is_linear=0
shrinkage=0.0926918


Tree=424
num_leaves=8
num_cat=0
split_feature=0 0 0 1 3 1 1
split_gain=0.0172379 0.196546 0.294232 0.284983 0.0957075 0.367805 0.180825
threshold=-0.6160851039195081 -0.70800729439749599 -0.75993737782514204 0.54194040706520796 -0.23235348690312482 1.2858735399530161 -0.8168876965245242
decision_type=2 2 2 2 2 2 2
left_child=1 2 -1 -3 5 -2 -6
right_child=4 3 -4 -5 6 -7 -8
leaf_value=-0.00022725252847989591 0 0 0.0047234010305794352 -0.0062922377282390333 -0.00074077855645215658 -0.0065679095773555499 0.00096524903268125294
leaf_weight=1583 1943 122 105 103 571 74 1983
leaf_count=1583 1943 122 105 103 571 74 1983
internal_value=0 -0.000254571 0 -0.0028098 7.2165e-05 -0.00033873 0.000489936
internal_weight=0 1913 1688 225 4571 2017 2554
internal_count=6484 1913 1688 225 4571 2017 2554
is_linear=0
shrinkage=0.0926918


Tree=425
num_leaves=8
num_cat=0
split_feature=0 1 128 9 10 1 10
split_gain=0.02017 0.116882 0.160503 0.154413 0.0675528 0.203288 0.186231
threshold=0.80886408595216375 0.45006763518912357 1.0000000180025095e-35 0.19757515149065882 0.19597240533586532 -0.29762001460719861 0.23983299167796304
decision_type=2 2 2 2 2 2 2
left_child=4 3 -3 -2 5 -1 -6
right_child=1 2 -4 -5 6 -7 -8
leaf_value=0.0013064045474738659 -0.0022748674707225914 0.0018786888519094233 -0.0023073217399972733 0 -0.0039562426566829949 -0.00015181750546177571 0
leaf_weight=1239 439 348 57 581 109 1759 1952
leaf_count=1239 439 348 57 581 109 1759 1952
internal_value=0 -0.000333103 0.000687693 -0.000972538 5.38204e-05 0.00037246 -0.00029398
internal_weight=0 1425 405 1020 5059 2998 2061
internal_count=6484 1425 405 1020 5059 2998 2061
is_linear=0
shrinkage=0.0926918


Tree=426
num_leaves=8
num_cat=0
split_feature=0 4 3 4 1 4 9
split_gain=0.0182326 0.114938 0.133687 0.0646666 0.178496 0.165716 0.0551692
threshold=1.0485245659185523 1.1398670925184742 -0.59184517464906461 0.45479807565894603 -0.70128848605583016 0.57935607872431483 0.92489420050239846
decision_type=2 2 2 2 2 2 2
left_child=3 2 -2 4 -1 -5 -3
right_child=1 6 -4 5 -6 -7 -8
leaf_value=-0.0006295144395689088 -0.0033752257810951408 0 -4.9670748259602137e-05 -0.0020296572129885207 0.00088551523746797651 0 0.0057040814364931703
leaf_weight=811 153 30 862 382 2038 2183 25
leaf_count=811 153 30 862 382 2038 2183 25
internal_value=0 -0.000376058 -0.000798006 2.93958e-05 0.000370318 -0.000256414 0.00286702
internal_weight=0 1070 1015 5414 2849 2565 55
internal_count=6484 1070 1015 5414 2849 2565 55
is_linear=0
shrinkage=0.0926918


Tree=427
num_leaves=8
num_cat=0
split_feature=10 9 9 3 10 3 64
split_gain=0.0161157 0.228887 0.219455 0.141592 0.0930778 0.46533 0.0875894
threshold=-1.1327692046632667 -0.30302349570944315 -0.17061878105144468 -0.24814962805385582 -1.0586406812223446 -0.090188216546545727 1.0000000180025095e-35
decision_type=2 2 2 2 2 2 2
left_child=1 3 -3 -1 5 -2 -6
right_child=4 2 -4 -5 6 -7 -8
leaf_value=0 0 -0.0061724004041686089 5.3012674777497208e-06 0.0060690265452996439 0.00010399434345874015 -0.0082276169866787978 -0.0010499073449261036
leaf_weight=78 87 45 699 84 4793 67 631
leaf_count=78 87 45 699 84 4793 67 631
internal_value=0 0.0003092 -8.55572e-05 0.00350588 -9.59906e-05 -0.00231635 0
internal_weight=0 906 744 162 5578 154 5424
internal_count=6484 906 744 162 5578 154 5424
is_linear=0
shrinkage=0.0926918


Tree=428
num_leaves=8
num_cat=0
split_feature=0 1 1 1 0 1 9
split_gain=0.017044 0.197341 0.322265 0.178189 0.0939159 0.234455 0.220088
threshold=-0.6160851039195081 1.152056399978411 0.4678095237114836 1.9919928395956741 -0.33243381588725712 0.82437246980251744 -0.20145275569782803
decision_type=2 2 2 2 2 2 2
left_child=1 2 -1 -3 6 -6 -2
right_child=4 3 -4 -5 5 -7 -8
leaf_value=-4.9850713982577364e-05 0 0.0024141905825976217 -0.0040514782504803108 -0.00010397870369694383 0 -0.0036029246819589502 0.0031261388850304982
leaf_weight=1022 670 342 245 304 3478 153 270
leaf_count=1022 670 342 245 304 3478 153 270
internal_value=0 -0.000258857 -0.0010232 0.000870183 6.26212e-05 -9.36237e-05 0.000916218
internal_weight=0 1913 1267 646 4571 3631 940
internal_count=6484 1913 1267 646 4571 3631 940
is_linear=0
shrinkage=0.0926918


Tree=429
num_leaves=8
num_cat=0
split_feature=10 10 10 4 1 7 1
split_gain=0.0155801 0.31602 0.248191 0.244934 0.207553 0.167062 0.0915235
threshold=-0.22751307343087612 -0.38090573828282454 -0.11173330873239094 0.8907510863877367 0.4678095237114836 0.58395044441370236 1.3479696015516118
decision_type=2 2 2 2 2 2 2
left_child=1 3 5 -1 -4 -2 -3
right_child=2 6 4 -5 -6 -7 -8
leaf_value=0.0002250969973336766 -0.0049739999108569417 0.0043314030256563834 -0.00030514795040918952 -0.002320716597173993 0.0015105605447902949 0 0
leaf_weight=2043 143 184 3031 369 653 37 24
leaf_count=2043 143 184 3031 369 653 37 24
internal_value=0 0.00013673 -0.000148047 -6.93543e-05 0 -0.00346535 0.00359796
internal_weight=0 2620 3864 2412 3684 180 208
internal_count=6484 2620 3864 2412 3684 180 208
is_linear=0
shrinkage=0.0926918


Tree=430
num_leaves=8
num_cat=0
split_feature=8 3 8 4 8 6 27
split_gain=0.0161464 0.230169 0.174077 0.0941295 0.0706857 0.167684 0.0821409
threshold=-1.0665959626232482 -0.27482180081656554 -1.1700483186912207 -0.47938694733131942 -0.98988329639183437 1.0000000180025095e-35 1.0000000180025095e-35
decision_type=2 2 2 2 2 2 2
left_child=1 3 -3 -1 5 -2 -6
right_child=4 2 -4 -5 6 -7 -8
leaf_value=0 0 -0.00022199931125841397 -0.0054585598027098309 0.0022594712142828439 -5.6780095427028294e-05 0.0050439594448188612 0.0047389813233742637
leaf_weight=109 74 366 104 223 5506 76 26
leaf_count=109 74 366 104 223 5506 76 26
internal_value=0 -0.000409553 -0.00192536 0.00102457 2.45472e-05 0.00198736 0
internal_weight=0 802 470 332 5682 150 5532
internal_count=6484 802 470 332 5682 150 5532
is_linear=0
shrinkage=0.0926918


Tree=431
num_leaves=8
num_cat=0
split_feature=10 1 0 1 1 1 3
split_gain=0.0152685 0.21445 0.317623 0.170886 0.077318 1.47123 0.272836
threshold=-1.1327692046632667 0.52450204526851685 1.3922871428363612 0.74746651971137867 1.152056399978411 1.0632154057701528 -1.0527170142066633
decision_type=2 2 2 2 2 2 2
left_child=1 2 -1 -3 5 -2 -6
right_child=4 3 -4 -5 6 -7 -8
leaf_value=0.0036971159381336649 -8.3636186270679176e-05 -0.0054768952919388471 -0.00072371299988572971 0 -0.007885221536422302 -0.022021733997702662 0.0014300879067854196
leaf_weight=315 4891 52 113 426 18 22 647
leaf_count=315 4891 52 113 426 18 22 647
internal_value=0 0.000313883 0.00198323 -0.000691211 -8.6183e-05 -0.000251046 0.000768844
internal_weight=0 906 428 478 5578 4913 665
internal_count=6484 906 428 478 5578 4913 665
is_linear=0
shrinkage=0.0926918


Tree=432
num_leaves=8
num_cat=0
split_feature=0 3 8 6 3 1 1
split_gain=0.0181458 0.164482 0.291664 0.229027 0.0824397 0.303137 0.151554
threshold=-0.6160851039195081 0.093344816905595304 0.65832634429327885 1.0808259692608293 -0.23235348690312482 1.2858735399530161 -0.8168876965245242
decision_type=2 2 2 2 2 2 2
left_child=1 3 -3 -1 5 -2 -6
right_child=4 2 -4 -5 6 -7 -8
leaf_value=0 0 -0.0028941320217940494 0.00183222566723325 0.0072583646844050064 -0.00065796888775029741 -0.0059805548957387921 0.00088821628758889556
leaf_weight=1355 1943 444 81 33 571 74 1983
leaf_count=1355 1943 444 81 33 571 74 1983
internal_value=0 -0.000271231 -0.00170481 0.000103565 5.7057e-05 -0.000320766 0.000448725
internal_weight=0 1913 525 1388 4571 2017 2554
internal_count=6484 1913 525 1388 4571 2017 2554
is_linear=0
shrinkage=0.0926918


Tree=433
num_leaves=8
num_cat=0
split_feature=0 4 2 10 4 5 4
split_gain=0.0192069 0.10597 0.0763517 0.0657143 0.0543949 0.247196 0.141222
threshold=1.0485245659185523 1.1398670925184742 -0.2520684678278306 -0.58057360231075417 0.45479807565894603 -1.5083116665592187 0.57935607872431483
decision_type=2 2 2 2 2 2 2
left_child=4 3 -3 -2 5 -1 -6
right_child=1 2 -4 -5 6 -7 -8
leaf_value=-0.002225821154645142 0 0 0.005663679839932061 -0.0015397639097867316 -0.001867487596273223 0.00068238665123257502 0
leaf_weight=247 508 26 29 507 382 2602 2183
leaf_count=247 508 26 29 507 382 2602 2183
internal_value=0 -0.000386858 0.00266295 -0.000797453 2.81282e-05 0.000343444 -0.000229242
internal_weight=0 1070 55 1015 5414 2849 2565
internal_count=6484 1070 55 1015 5414 2849 2565
is_linear=0
shrinkage=0.0926918


Tree=434
num_leaves=8
num_cat=0
split_feature=9 3 7 1 9 4 7
split_gain=0.0139308 0.126347 0.14846 0.116121 0.0969427 0.204991 0.104391
threshold=0.42248179008780484 -0.46256282269000792 -0.39043329849966074 -0.44447991341312282 0.32272481329068375 0.57935607872431483 0.69070075615883642
decision_type=2 2 2 2 2 2 2
left_child=4 2 -2 -3 6 -6 -1
right_child=1 3 -4 -5 5 -7 -8
leaf_value=0.00026651194957307201 -0.001883452203148795 0 0.001040749268611594 0.0015307727383046096 -0.0036315883472109798 0 -0.00074519659736033931
leaf_weight=3275 414 404 115 763 197 125 1191
leaf_count=3275 414 404 115 763 197 125 1191
internal_value=0 0.000179246 -0.000797157 0.00082688 -0.000116534 -0.00165808 0
internal_weight=0 1696 529 1167 4788 322 4466
internal_count=6484 1696 529 1167 4788 322 4466
is_linear=0
shrinkage=0.0926918


Tree=435
num_leaves=8
num_cat=0
split_feature=6 3 6 3 7 2 7
split_gain=0.0166581 0.140286 0.378513 0.133855 0.0817114 0.249109 0.120296
threshold=1.0000000180025095e-35 -0.35801049499152188 1.0808259692608293 0.063306253405844462 -0.78453163528578596 -0.2520684678278306 1.3960799558916219
decision_type=2 2 2 2 2 2 2
left_child=4 2 -2 -3 5 -1 -6
right_child=1 3 -4 -5 6 -7 -8
leaf_value=0 -0.00339709125709308 0.00095996081865481944 0.0030721783060261871 -0.00040159113447367565 -0.000399005781746747 0.0028290376445915984 0.001595928266848023
leaf_weight=503 338 920 60 1843 2197 353 270
leaf_count=503 338 920 60 1843 2197 353 270
internal_value=0 -0.000183595 -0.00180515 0 0.000104614 0.000915938 -8.15619e-05
internal_weight=0 3161 398 2763 3323 856 2467
internal_count=6484 3161 398 2763 3323 856 2467
is_linear=0
shrinkage=0.0926918


Tree=436
num_leaves=8
num_cat=0
split_feature=0 4 0 0 9 0 0
split_gain=0.0166542 0.218351 0.201818 0.411514 0.203795 0.199483 0.190367
threshold=-0.78174511879806341 1.0775880909857898 -0.70800729439749599 -0.67256736497553471 0.23657106060226027 -1.2916859795066726 -1.1143842774825534
decision_type=2 2 2 2 2 2 2
left_child=1 6 4 -4 -2 -3 -1
right_child=2 5 3 -5 -6 -7 -8
leaf_value=0 0.0063160952837956405 0 -0.0066527077902155509 4.9961144066079607e-05 0 0.0043914617258587118 -0.0022774501264465259
leaf_weight=796 83 89 75 4721 76 135 509
leaf_count=796 83 89 75 4721 76 135 509
internal_value=0 -0.00029272 4.85281e-05 -1.14784e-05 0.0032656 0.0020692 -0.000886196
internal_weight=0 1529 4955 4796 159 224 1305
internal_count=6484 1529 4955 4796 159 224 1305
is_linear=0
shrinkage=0.0926918


Tree=437
num_leaves=7
num_cat=0
split_feature=0 8 10 0 29 0
split_gain=0.0161342 0.0428826 0.0748967 0.0241362 0.105508 0.105121
threshold=-1.5495239125722542 -0.65792207475797337 -1.2959772903061337 0.18930149006562208 1.0000000180025095e-35 0.26494029496694271
decision_type=2 2 2 2 2 2
left_child=1 -1 -3 4 -2 -5
right_child=3 2 -4 5 -6 -7
leaf_value=0 0.00037187268013529171 0 -0.0060308507545610186 -0.0024753690597941994 -0.0015361019778642323 0
leaf_weight=130 3443 25 27 156 231 2472
leaf_count=130 3443 25 27 156 231 2472
internal_value=0 -0.000861828 -0.00299221 0 0.000185271 -0.000175517
internal_weight=0 182 52 6302 3674 2628
internal_count=6484 182 52 6302 3674 2628
is_linear=0
shrinkage=0.0926918


Tree=438
num_leaves=8
num_cat=0
split_feature=72 1 4 2 10 7 0
split_gain=0.0149436 0.0417055 0.0526866 0.0300089 0.164106 0.0661452 0.00222494
threshold=1.0000000180025095e-35 -0.59369965955860637 -0.72850295346205685 1.2230325659227597 0.17055361695106802 -0.95831148729050264 0.55562991362543068
decision_type=2 2 2 2 2 2 2
left_child=3 6 -3 5 -5 -1 -2
right_child=1 2 -4 4 -6 -7 -8
leaf_value=-0.00088025263105566344 0.00036106334335768274 0 -0.0015021907830534283 0.0016938943723699151 -0.00043169489980340425 5.6568096420638697e-05 0
leaf_weight=720 142 132 411 546 442 4038 53
leaf_count=720 142 132 411 546 442 4038 53
internal_value=0 -0.000413399 -0.00094131 1.60246e-05 0.000505048 -3.58203e-05 0
internal_weight=0 738 543 5746 988 4758 195
internal_count=6484 738 543 5746 988 4758 195
is_linear=0
shrinkage=0.0926918


Tree=439
num_leaves=8
num_cat=0
split_feature=0 4 8 2 4 4 0
split_gain=0.014583 0.0909395 0.126195 0.0642083 0.0500916 0.167528 0.148886
threshold=1.0485245659185523 1.1398670925184742 -1.4285483038269136 -0.2520684678278306 0.45479807565894603 0.14340306799552413 -0.4356727177161786
decision_type=2 2 2 2 2 2 2
left_child=4 2 -2 -3 5 -1 -6
right_child=1 3 -4 -5 6 -7 -8
leaf_value=0 -0.003500705677051406 0 -4.6268477709550687e-05 0.00520179436870046 -0.0010279485988336572 0.00172372116590232 0.00031588061259189013
leaf_weight=2262 128 26 887 29 1186 587 1379
leaf_count=2262 128 26 887 29 1186 587 1379
internal_value=0 -0.00033441 -0.000729815 0.0024516 3.07316e-05 0.00033409 -0.000213365
internal_weight=0 1070 1015 55 5414 2849 2565
internal_count=6484 1070 1015 55 5414 2849 2565
is_linear=0
shrinkage=0.0926918


Tree=440
num_leaves=8
num_cat=0
split_feature=128 3 9 9 1 2 7
split_gain=0.0142309 0.0594249 0.196159 0.0680584 0.0425209 0.0896864 0.0878673
threshold=1.0000000180025095e-35 0.44966432876470802 -0.28488586356451168 -1.8982282428561426 -1.6301706789812949 1.7147329105062896 0.14469525568662348
decision_type=2 2 2 2 2 2 2
left_child=4 3 -3 -2 6 -6 -1
right_child=1 2 -4 -5 5 -7 -8
leaf_value=-0.0025842168603709913 -0.0040171997651025897 0 -0.0053905447849786851 0.00011007740916837415 0.00025788845918409316 -0.0013726335662242626 0
leaf_weight=151 31 45 75 795 4996 273 118
leaf_count=151 31 45 75 795 4996 273 118
internal_value=0 -0.000352436 -0.00224587 0 2.7494e-05 0.000127035 -0.00101951
internal_weight=0 946 120 826 5538 5269 269
internal_count=6484 946 120 826 5538 5269 269
is_linear=0
shrinkage=0.0926918


Tree=441
num_leaves=8
num_cat=0
split_feature=6 4 9 7 7 9 5
split_gain=0.0133803 0.107346 0.463623 0.204851 0.0742921 0.278012 0.112124
threshold=1.0000000180025095e-35 0.8284720848550523 -0.51523379180513851 -0.87072080682318653 -0.78453163528578596 0.55488650474580214 -1.5083116665592187
decision_type=2 2 2 2 2 2 2
left_child=4 3 -3 -2 5 -1 -6
right_child=1 2 -4 -5 6 -7 -8
leaf_value=0.0028489507883777184 -0.0025198800737368972 -0.0032109470759216457 0.0024745326574009004 -3.1664948559339393e-05 -0.0017708585863337582 -0.00015225197112650409 5.5862919751641949e-05
leaf_weight=369 368 136 474 2183 305 487 2162
leaf_count=369 368 136 474 2183 305 487 2162
internal_value=0 -0.000162373 0.000804137 -0.00048788 9.72917e-05 0.000872652 -7.63484e-05
internal_weight=0 3161 610 2551 3323 856 2467
internal_count=6484 3161 610 2551 3323 856 2467
is_linear=0
shrinkage=0.0926918


Tree=442
num_leaves=8
num_cat=0
split_feature=9 3 8 4 9 7 8
split_gain=0.0151647 0.108427 0.216629 0.114127 0.079549 0.170628 0.0973826
threshold=0.42248179008780484 -0.46256282269000792 -0.083505968162062086 0.57935607872431483 0.32272481329068375 -0.010012915348248948 -0.67379051053628736
decision_type=2 2 2 2 2 2 2
left_child=4 2 -2 -3 6 -6 -1
right_child=1 3 -4 -5 5 -7 -8
leaf_value=0.00089940501979582821 -0.0020146423834757911 0.0015017017849677894 0.001856875183315529 0 -0.0031891139719837139 0 -0.00021795742674474516
leaf_weight=815 409 763 120 404 213 109 3651
leaf_count=815 409 763 120 404 213 109 3651
internal_value=0 0.000197483 -0.000680836 0.00080037 -0.00011553 -0.00151271 0
internal_weight=0 1696 529 1167 4788 322 4466
internal_count=6484 1696 529 1167 4788 322 4466
is_linear=0
shrinkage=0.0926918


Tree=443
num_leaves=8
num_cat=0
split_feature=0 1 4 128 10 4 1
split_gain=0.0149281 0.0969388 0.158396 0.138775 0.0573039 0.203921 0.17559
threshold=0.80886408595216375 0.45006763518912357 -0.85306095652742553 1.0000000180025095e-35 0.19597240533586532 0.57935607872431483 -0.29762001460719861
decision_type=2 2 2 2 2 2 2
left_child=4 2 -2 -3 6 -6 -1
right_child=1 3 -4 -5 5 -7 -8
leaf_value=0.0012096649764824843 0.00013528624624336303 0.0017531225887336269 -0.0018044703665310252 -0.0020685347023052243 -0.0011735983518277469 0.00059249380551602718 -0.00014000674766053396
leaf_weight=1239 364 348 656 57 1146 915 1759
leaf_count=1239 364 348 656 57 1146 915 1759
internal_value=0 -0.000288834 -0.00088192 0.000615528 4.21391e-05 -0.000274457 0.000339329
internal_weight=0 1425 1020 405 5059 2061 2998
internal_count=6484 1425 1020 405 5059 2061 2998
is_linear=0
shrinkage=0.0926918


Tree=444
num_leaves=8
num_cat=0
split_feature=40 9 3 3 9 9 9
split_gain=0.0128118 0.0566166 0.194875 0.146086 0.0443983 0.176975 0.0277399
threshold=1.0000000180025095e-35 -0.4408695000109199 2.9776295574323126 5.8278619608881916 -0.50707185733991911 -0.18875641319637612 -0.90156535649217218
decision_type=2 2 2 2 2 2 2
left_child=1 2 -1 -3 6 -6 -2
right_child=4 3 -4 -5 5 -7 -8
leaf_value=-9.5446519990528115e-05 0 0.00013648064917211837 -0.0080502143612651254 0.0080678772577881825 -0.0037699251393554577 0 0.0015963504443898479
leaf_weight=1422 69 4138 25 17 136 584 93
leaf_count=1422 69 4138 25 17 136 584 93
internal_value=0 2.25848e-05 -0.000422491 0.000235238 -0.000347742 -0.000812361 0.000250647
internal_weight=0 5602 1447 4155 882 720 162
internal_count=6484 5602 1447 4155 882 720 162
is_linear=0
shrinkage=0.0926918


Tree=445
num_leaves=8
num_cat=0
split_feature=6 3 4 3 64 7 4
split_gain=0.0126426 0.118558 0.591056 0.220346 0.0650105 0.150222 0.0752079
threshold=1.0000000180025095e-35 -0.17745542257599414 0.57935607872431483 0.053012866344507505 1.0000000180025095e-35 1.3960799558916219 -0.47938694733131942
decision_type=2 2 2 2 2 2 2
left_child=4 2 -2 -3 5 -1 -6
right_child=1 3 -4 -5 6 -7 -8
leaf_value=2.3148576196578029e-05 -0.0045998149822063881 0.0016627396932809896 0.00049772068656871204 -0.00034157058159498796 -0.002746196301414454 0.0025703837122395229 0
leaf_weight=2667 282 604 412 1863 121 234 301
leaf_count=2667 282 604 412 1863 121 234 301
internal_value=0 -0.000157455 -0.00124889 5.48191e-05 9.51691e-05 0.000314493 -0.000840386
internal_weight=0 3161 694 2467 3323 2901 422
internal_count=6484 3161 694 2467 3323 2901 422
is_linear=0
shrinkage=0.0926918


Tree=446
num_leaves=7
num_cat=0
split_feature=87 8 8 8 4 4
split_gain=0.0117995 0.0593732 0.0250088 0.125815 0.0610069 0.01152
threshold=1.0000000180025095e-35 -1.1340731166463429 -0.57314525783748138 -0.62307498946006568 0.76619308332236791 0.39251907412626164
decision_type=2 2 2 2 2 2
left_child=2 -2 3 -1 -4 -3
right_child=1 5 4 -5 -6 -7
leaf_value=0 -0.004326670807379464 0.00019318619296516165 9.1111947778237188e-05 0.0029666148446862123 -0.00064434741171259672 -0.00079235280897349786
leaf_weight=1799 28 248 2874 140 1257 138
leaf_count=1799 28 248 2874 140 1257 138
internal_value=0 -0.000490658 9.89293e-06 0.00031423 -7.54599e-05 0
internal_weight=0 414 6070 1939 4131 386
internal_count=6484 414 6070 1939 4131 386
is_linear=0
shrinkage=0.0926918


Tree=447
num_leaves=8
num_cat=0
split_feature=72 3 10 1 1 8 8
split_gain=0.0119698 0.0391629 0.0475537 0.0465599 0.0276987 0.200589 0.168825
threshold=1.0000000180025095e-35 -0.35801049499152188 -0.58057360231075417 0.19580545435985539 -0.70128848605583016 1.2649692499709588 1.6671184565842314
decision_type=2 2 2 2 2 2 2
left_child=4 3 -3 -2 6 -6 -1
right_child=1 2 -4 -5 5 -7 -8
leaf_value=0 0.0015637612691032903 0 -0.0015878791878488692 -0.0004735951751911269 0 0.0018700935014970372 -0.0036810523854496923
leaf_weight=1314 150 165 330 93 3794 528 110
leaf_count=1314 150 165 330 93 3794 528 110
internal_value=0 -0.000364532 -0.000933254 0 2.68898e-05 0.000179456 -0.00026825
internal_weight=0 738 495 243 5746 4322 1424
internal_count=6484 738 495 243 5746 4322 1424
is_linear=0
shrinkage=0.0926918


Tree=448
num_leaves=8
num_cat=0
split_feature=128 7 3 7 6 3 64
split_gain=0.0116159 0.0499217 0.0941941 0.0468738 0.034853 0.222267 0.094599
threshold=1.0000000180025095e-35 -0.015738848095535298 -0.93845394399748205 -0.25523662676494147 1.0000000180025095e-35 -0.35801049499152188 1.0000000180025095e-35
decision_type=2 2 2 2 2 2 2
left_child=4 3 -3 -2 6 -6 -1
right_child=1 2 -4 -5 5 -7 -8
leaf_value=0.00057396802017561021 -0.00030910435170313492 4.6130359564708283e-05 -0.0019416762512048506 0.0013779972444246701 -0.0024240339029260888 6.3145018637275865e-05 -0.00077016288975741945
leaf_weight=2417 382 27 349 188 330 2369 422
leaf_count=2417 382 27 349 188 330 2369 422
internal_value=0 -0.00031628 -0.00117332 0 2.91386e-05 -0.000156346 0.000289343
internal_weight=0 946 376 570 5538 2699 2839
internal_count=6484 946 376 570 5538 2699 2839
is_linear=0
shrinkage=0.0926918


Tree=449
num_leaves=6
num_cat=0
split_feature=113 8 9 0 8
split_gain=0.0116925 0.0198177 0.101812 0.0950261 0.00120732
threshold=1.0000000180025095e-35 -0.29283634603853875 0.068797963261645875 -1.2421514627351249 -0.28837460870093629
decision_type=2 2 2 2 2
left_child=1 2 -1 -3 -2
right_child=4 3 -4 -5 -6
leaf_value=0.00091239099531854482 0 -0.0023541959607688034 -0.00021805981865453058 -2.4422166992414306e-05 0.0018822288507073174
leaf_weight=990 17 168 1686 3598 25
leaf_count=990 17 168 1686 3598 25
internal_value=0 -3.01149e-05 0.00011201 -0.000194391 0.00142438
internal_weight=0 6442 2676 3766 42
internal_count=6484 6442 2676 3766 42
is_linear=0
shrinkage=0.0926918


Tree=450
num_leaves=8
num_cat=0
split_feature=9 8 9 7 9 7 7
split_gain=0.0133377 0.0989379 0.103326 0.0768846 0.0602872 0.142412 0.0926822
threshold=0.42248179008780484 -0.76959325792912692 1.8417515054286719 -0.032299867378429395 0.32272481329068375 -0.010012915348248948 0.69070075615883642
decision_type=2 2 2 2 2 2 2
left_child=4 3 -3 -2 6 -6 -1
right_child=1 2 -4 -5 5 -7 -8
leaf_value=0.00024436829659909008 -0.0009986900388733505 0.001378007409812042 -0.00066258555348264073 0.0011918498421210914 -0.0028668731460065231 0 -0.00070866706561331216
leaf_weight=3275 646 857 104 89 213 109 1191
leaf_count=3275 646 857 104 89 213 109 1191
internal_value=0 0.0001991 0.000907985 -0.000405074 -9.92182e-05 -0.00131538 0
internal_weight=0 1696 961 735 4788 322 4466
internal_count=6484 1696 961 735 4788 322 4466
is_linear=0
shrinkage=0.0926918


Tree=451
num_leaves=8
num_cat=0
split_feature=9 4 8 4 9 3 9
split_gain=0.0112799 0.262374 0.463077 0.134151 0.262622 0.183106 0.106927
threshold=-0.17061878105144468 1.2021460940511586 0.55714793590029577 1.2021460940511586 1.7664803320272064 -1.0527170142066633 -0.31753360142538778
decision_type=2 2 2 2 2 2 2
left_child=1 6 -3 5 -5 -2 -1
right_child=3 2 -4 4 -6 -7 -8
leaf_value=0.00038882629726598987 0.0038579132419880049 -0.0096562472481441525 0 0.0032342916148244251 -0.0028053378445920996 -0.00019720527149310528 -0.0011354633333471645
leaf_weight=1905 92 63 98 295 33 3514 484
leaf_count=1905 92 63 98 295 33 3514 484
internal_value=0 -0.000169588 -0.00374879 7.71488e-05 0.00187879 -2.28522e-05 0
internal_weight=0 2550 161 3934 328 3606 2389
internal_count=6484 2550 161 3934 328 3606 2389
is_linear=0
shrinkage=0.0926918


Tree=452
num_leaves=8
num_cat=0
split_feature=40 10 4 10 10 5 10
split_gain=0.0116303 0.0389026 0.072002 0.0284982 0.237591 0.155427 0.0236097
threshold=1.0000000180025095e-35 1.0311691443938362 0.33024007259357724 -0.67375882136401122 -0.56573093284681486 1.234226989068929 1.8693588683559141
decision_type=2 2 2 2 2 2 2
left_child=3 2 -2 5 -5 -1 -3
right_child=1 6 -4 4 -6 -7 -8
leaf_value=4.7752295199928134e-05 0 0.0015467616404808836 -0.0015085860054186008 -0.0031984741709448327 4.9185473595596006e-05 0.0054114773057695933 0
leaf_weight=1446 325 86 450 195 3912 49 21
leaf_count=1446 325 86 450 195 3912 49 21
internal_value=0 -0.000328696 -0.000730508 2.71472e-05 -5.04189e-05 0.000398822 0.000354
internal_weight=0 882 775 5602 4107 1495 107
internal_count=6484 882 775 5602 4107 1495 107
is_linear=0
shrinkage=0.0926918


Tree=453
num_leaves=6
num_cat=0
split_feature=9 5 3 3 4
split_gain=0.012508 0.157595 0.180499 0.140284 0.115502
threshold=-0.4408695000109199 1.234226989068929 2.9776295574323126 5.8278619608881916 -0.41710794579863503
decision_type=2 2 2 2 2
left_child=1 2 -1 4 -2
right_child=3 -3 -4 -5 -6
leaf_value=3.5357640641795263e-05 -0.00061904601781030547 -0.0064541161577501621 -0.0072294876187640241 0.0073540937556807696 0.00034385464971414353
leaf_weight=1583 1582 30 25 18 3246
leaf_count=1583 1582 30 25 18 3246
internal_value=0 -0.000232329 0 6.22592e-05 0
internal_weight=0 1638 1608 4846 4828
internal_count=6484 1638 1608 4846 4828
is_linear=0
shrinkage=0.0926918


Tree=454
num_leaves=7
num_cat=0
split_feature=87 8 10 10 10 0
split_gain=0.0118267 0.0493509 0.0315482 0.352474 0.217732 0.0203278
threshold=1.0000000180025095e-35 -1.1340731166463429 -0.22751307343087612 -0.38090573828282454 -0.11173330873239094 -0.088611143253913435
decision_type=2 2 2 2 2 2
left_child=2 -2 3 -1 -4 -3
right_child=1 5 4 -5 -6 -7
leaf_value=0 -0.0040029495370966532 -0.00074958285865691905 -0.0033093975183755933 0.0040513390733619911 0 0.00053727437046143076
leaf_weight=2267 28 217 170 194 3439 169
leaf_count=2267 28 217 170 194 3439 169
internal_value=0 -0.000486045 2.11371e-05 0.000306658 -0.000107684 0
internal_weight=0 414 6070 2461 3609 386
internal_count=6484 414 6070 2461 3609 386
is_linear=0
shrinkage=0.0926918


Tree=455
num_leaves=7
num_cat=0
split_feature=9 4 3 3 3 9
split_gain=0.0115026 0.137908 0.341791 0.13966 0.120176 0.104735
threshold=-0.4408695000109199 1.2021460940511586 -0.47706419817264628 2.5803954504614697 5.8278619608881916 -0.39643230125583895
decision_type=2 2 2 2 2 2
left_child=1 3 -3 -1 5 -2
right_child=4 2 -4 -5 -6 -7
leaf_value=0.00013631848491860673 0.002206760574636272 0 -0.0086920529150011187 -0.0054375242670472715 0.0068097830391248525 -5.739542245055818e-05
leaf_weight=1507 177 45 51 35 18 4651
leaf_count=1507 177 45 51 35 18 4651
internal_value=0 -0.000223099 -0.00354776 0 5.93202e-05 0
internal_weight=0 1638 96 1542 4846 4828
internal_count=6484 1638 96 1542 4846 4828
is_linear=0
shrinkage=0.0926918


Tree=456
num_leaves=7
num_cat=0
split_feature=46 9 9 8 1 9
split_gain=0.0110916 0.0271312 0.0456285 0.0183531 0.114481 0.10936
threshold=1.0000000180025095e-35 0.43699189580374947 -0.069048041039830838 -0.33541499334807151 -0.44447991341312282 0.068797963261645875
decision_type=2 2 2 2 2 2
left_child=3 2 -2 5 -5 -1
right_child=1 -3 -4 4 -6 -7
leaf_value=0.0010577671375902463 0 0 -0.0043177939403923641 0.00049375350198131241 -0.00052403190629358597 -0.00010623647964887376
leaf_weight=937 38 18 34 1429 2397 1631
leaf_count=937 38 18 34 1429 2397 1631
internal_value=0 -0.0010026 -0.00206957 5.15991e-06 -8.1473e-05 0.000226883
internal_weight=0 90 72 6394 3826 2568
internal_count=6484 90 72 6394 3826 2568
is_linear=0
shrinkage=0.0926918


Tree=457
num_leaves=8
num_cat=0
split_feature=72 8 4 1 8 0 10
split_gain=0.0108579 0.0349175 0.0424867 0.0252377 0.178569 0.165934 0.0134612
threshold=1.0000000180025095e-35 -1.3393624869961254 0.51707707719163043 -0.70128848605583016 1.2649692499709588 -0.29045276016940519 -1.4034781236904434
decision_type=2 2 2 2 2 2 2
left_child=3 6 -3 5 -5 -1 -2
right_child=1 2 -4 4 -6 -7 -8
leaf_value=0.00088030942299706979 0 0.00043290942785038889 -0.001017311012855124 0 0.0017713775439019324 -0.0010968103536763418 -0.003435503474754346
leaf_weight=493 17 410 273 3794 528 931 38
leaf_count=493 17 410 273 3794 528 931 38
internal_value=0 -0.000343321 0 3.1636e-05 0.000177983 -0.000244684 -0.00254924
internal_weight=0 738 683 5746 4322 1424 55
internal_count=6484 738 683 5746 4322 1424 55
is_linear=0
shrinkage=0.0926918


Tree=458
num_leaves=7
num_cat=0
split_feature=9 9 2 3 3 3
split_gain=0.0131011 0.133951 0.507885 0.246922 0.102474 0.0982495
threshold=-0.4408695000109199 -0.5261163710920963 -0.74376881241136061 3.5044697077792346 5.8278619608881916 1.2837523721500295
decision_type=2 2 2 2 2 2
left_child=1 3 -3 -1 5 -2
right_child=4 2 -4 -5 -6 -7
leaf_value=0.00027176005993821814 0.0001534056859187357 0.0011959327822973183 -0.0059634796350794368 -0.0096618369818602268 0.0063054303773402197 -0.0014177525112677599
leaf_weight=1376 4465 96 149 17 18 363
leaf_count=1376 4465 96 149 17 18 363
internal_value=0 -0.000238083 -0.00223232 0 6.33255e-05 0
internal_weight=0 1638 245 1393 4846 4828
internal_count=6484 1638 245 1393 4846 4828
is_linear=0
shrinkage=0.0926918


Tree=459
num_leaves=7
num_cat=0
split_feature=5 3 3 3 4 8
split_gain=0.01223 0.170961 0.414805 0.170306 0.148552 0.117739
threshold=1.0000000180025095e-35 -0.46890717446366226 0.047315897404899561 -1.2285461919336529 1.4512621001818959 0.054436325661856105
decision_type=2 2 2 2 2 2
left_child=1 5 -3 -2 -5 -1
right_child=3 2 -4 4 -6 -7
leaf_value=-0.00011260841186983375 -0.0073994997431065818 -0.0029186175559731509 0.0011271178696399206 5.4915820243184665e-05 0.0044978224422219217 0.00145608703442216
leaf_weight=977 20 543 253 4105 65 521
leaf_count=977 20 543 253 4105 65 521
internal_value=0 -0.000180344 -0.00133566 8.5015e-05 0.000186235 0.000277014
internal_weight=0 2294 796 4190 4170 1498
internal_count=6484 2294 796 4190 4170 1498
is_linear=0
shrinkage=0.0926918


Tree=460
num_leaves=8
num_cat=0
split_feature=9 4 0 6 4 0 3
split_gain=0.0123218 0.189388 0.428158 0.216544 0.0955292 0.241298 0.153108
threshold=-0.17061878105144468 1.2021460940511586 -0.59734019555372264 1.0808259692608293 1.2021460940511586 0.072225110717392557 -1.0527170142066633
decision_type=2 2 2 2 2 2 2
left_child=1 3 -3 -1 6 -6 -2
right_child=4 2 -4 -5 5 -7 -8
leaf_value=-0.00017419961234816037 0.0035902210146396105 -0.013033851939034785 0 0.0035445673071318289 0.0034246334418887368 -0.00074482539275886966 -0.00014093951365191628
leaf_weight=2251 92 27 134 138 241 87 3514
leaf_count=2251 92 27 134 138 241 87 3514
internal_value=0 -0.000163337 -0.00319929 0 9.78507e-05 0.0016065 0
internal_weight=0 2550 161 2389 3934 328 3606
internal_count=6484 2550 161 2389 3934 328 3606
is_linear=0
shrinkage=0.0926918


Tree=461
num_leaves=6
num_cat=0
split_feature=113 8 9 9 8
split_gain=0.0116445 0.0199092 0.0754184 0.0741981 0.000190571
threshold=1.0000000180025095e-35 -0.29283634603853875 0.068797963261645875 -0.4490314344761393 -0.28837460870093629
decision_type=2 2 2 2 2
left_child=1 2 -1 -3 -2
right_child=4 3 -4 -5 -6
leaf_value=0.00081297314789774823 0 -0.00082013803236689604 -0.00013878467292954323 0 0.0018280477119648189
leaf_weight=990 17 1139 1686 2627 25
leaf_count=990 17 1139 1686 2627 25
internal_value=0 -2.02957e-05 0.000125119 -0.000186922 0.00144514
internal_weight=0 6442 2676 3766 42
internal_count=6484 6442 2676 3766 42
is_linear=0
shrinkage=0.0926918


Tree=462
num_leaves=8
num_cat=0
split_feature=9 4 10 8 4 10 9
split_gain=0.0104733 0.0780731 0.131616 0.130641 0.049965 0.311823 0.153511
threshold=0.42248179008780484 0.64163508025699911 -1.3108691636570493 -0.7519119454591684 0.64163508025699911 0.23983299167796304 0.35355878793706713
decision_type=2 2 2 2 2 2 2
left_child=4 3 -3 -2 6 -6 -1
right_child=1 2 -4 -5 5 -7 -8
leaf_value=-0.00010524926418583177 0 -0.0039317804077047339 0 0.0017889413052644197 -0.00064406634452585435 0.0019168909332424014 -0.003416531658712228
leaf_weight=3092 512 75 565 544 907 655 134
leaf_count=3092 512 75 565 544 907 655 134
internal_value=0 0.000192187 -0.000394327 0.000772759 -7.52925e-05 0.000280037 -0.000321343
internal_weight=0 1696 640 1056 4788 1562 3226
internal_count=6484 1696 640 1056 4788 1562 3226
is_linear=0
shrinkage=0.0926918


Tree=463
num_leaves=8
num_cat=0
split_feature=10 10 10 1 8 9 8
split_gain=0.0160993 0.275415 0.134843 0.215189 0.198709 0.106243 0.0699514
threshold=0.19597240533586532 0.21662505769938678 0.051837014115209003 -0.27483888797599093 1.3637331187640906 0.092376885050056867 -0.33541499334807151
decision_type=2 2 2 2 2 2 2
left_child=2 5 4 -4 -1 -2 -3
right_child=1 6 3 -5 -6 -7 -8
leaf_value=-0.00021868420788971092 -0.0092303147481768936 0.00062887547912506112 0 0.004528511688217122 0.0028643786408827578 0 -0.00041061828897475343
leaf_weight=3504 35 845 187 144 183 19 1567
leaf_count=3504 35 845 187 144 183 19 1567
internal_value=0 -0.000198782 0.000100582 0.00189025 0 -0.00648247 0
internal_weight=0 2466 4018 331 3687 54 2412
internal_count=6484 2466 4018 331 3687 54 2412
is_linear=0
shrinkage=0.0926918


Tree=464
num_leaves=7
num_cat=0
split_feature=10 10 3 3 7 10
split_gain=0.0134617 0.233797 0.149765 0.141477 0.525488 0.123901
threshold=0.19597240533586532 0.21662505769938678 -1.2285461919336529 -1.1834883466840265 -0.49265146619717104 0.13805309121373818
decision_type=2 2 2 2 2 2
left_child=3 -2 -3 4 -1 -5
right_child=1 2 -4 5 -6 -7
leaf_value=0 -0.0059717510134349189 -0.0069427206522526532 3.5190193576776692e-05 -8.9078365078641068e-05 0.01309084328840732 0.0022878982436100232
leaf_weight=17 54 22 2390 3779 29 193
leaf_count=17 54 22 2390 3779 29 193
internal_value=0 -0.000182459 0 9.1134e-05 0.00496651 0
internal_weight=0 2466 2412 4018 46 3972
internal_count=6484 2466 2412 4018 46 3972
is_linear=0
shrinkage=0.0926918


Tree=465
num_leaves=8
num_cat=0
split_feature=3 8 4 7 7 3 3
split_gain=0.0146963 0.150538 0.242636 0.109165 0.0858155 0.240998 0.0962604
threshold=-0.83914541725477154 -0.12563423087599387 1.2021460940511586 0.16774300886611637 -0.75697262071722649 0.18235995658696894 0.27953211997732658
decision_type=2 2 2 2 2 2 2
left_child=1 2 -1 -3 5 -2 -6
right_child=4 3 -4 -5 6 -7 -8
leaf_value=-0.00025228618286628115 0.0015222533935912658 0.0026860080357898591 -0.0074589412508271526 0 -0.0004470794339586614 -0.0011728368393080094 0.00046287759773871095
leaf_weight=443 1009 146 55 228 2987 296 1320
leaf_count=443 1009 146 55 228 2987 296 1320
internal_value=0 -0.000365413 -0.00158428 0.000626998 4.05012e-05 0.000726795 -0.000112667
internal_weight=0 872 498 374 5612 1305 4307
internal_count=6484 872 498 374 5612 1305 4307
is_linear=0
shrinkage=0.0926918


Tree=466
num_leaves=7
num_cat=0
split_feature=0 4 3 0 7 3
split_gain=0.0146098 0.0535381 0.109457 0.0349483 0.0285915 0.0135676
threshold=-1.4120186564770938 0.45479807565894603 -0.084361771040128486 -1.3683097460344749 -1.6281444700947179 -0.051474723070573887
decision_type=2 2 2 2 2 2
left_child=1 5 -3 -2 -5 -1
right_child=3 2 -4 4 -6 -7
leaf_value=0.0013981264636067602 0.0023060888078644953 -0.0033047900614677017 0 0.0011587536079094081 -4.3313167823400403e-05 0
leaf_weight=55 52 135 35 170 5949 88
leaf_count=55 52 135 35 170 5949 88
internal_value=0 -0.000626347 -0.00182964 1.21589e-05 0 0
internal_weight=0 313 170 6171 6119 143
internal_count=6484 313 170 6171 6119 143
is_linear=0
shrinkage=0.0926918


Tree=467
num_leaves=8
num_cat=0
split_feature=3 8 9 8 9 9 10
split_gain=0.0132333 0.128708 0.118371 0.0652455 0.0511187 0.0840666 0.054573
threshold=-0.83914541725477154 -0.12563423087599387 0.94303183264733115 0.57984849689082318 0.45875705437766773 0.32272481329068375 -1.2620341549009544
decision_type=2 2 2 2 2 2 2
left_child=1 2 -1 -3 5 -2 -6
right_child=4 3 -4 -5 6 -7 -8
leaf_value=-0.00023391943966120777 0 0.0020205826626738996 -0.0051650535590892881 0 0 -0.0013603039190532285 0.00089461534253277512
leaf_weight=424 3813 159 74 215 291 399 1109
leaf_count=424 3813 159 74 215 291 399 1109
internal_value=0 -0.000347535 -0.00148217 0.000532843 3.73064e-05 -7.64021e-05 0.000548381
internal_weight=0 872 498 374 5612 4212 1400
internal_count=6484 872 498 374 5612 4212 1400
is_linear=0
shrinkage=0.0926918


Tree=468
num_leaves=8
num_cat=0
split_feature=10 10 4 10 0 8 0
split_gain=0.0136549 0.212869 0.22031 0.174761 0.137366 0.130092 0.0521615
threshold=-0.22751307343087612 -0.38090573828282454 0.8907510863877367 -0.11173330873239094 -0.6160851039195081 0.7303712260939077 0.53211057462233924
decision_type=2 2 2 2 2 2 2
left_child=1 2 -1 4 -2 -5 -3
right_child=3 6 -4 5 -6 -7 -8
leaf_value=0.00026847588154240164 -0.0049815880055195426 0.003695627498794229 -0.0021613529084929038 0.00032936537356262726 0 -0.00093932035637805966 0
leaf_weight=2043 106 166 369 2762 74 922 42
leaf_count=2043 106 166 369 2762 74 922 42
internal_value=0 0.000142813 -7.9599e-06 -0.000128409 -0.00291167 0 0.00297528
internal_weight=0 2620 2412 3864 180 3684 208
internal_count=6484 2620 2412 3864 180 3684 208
is_linear=0
shrinkage=0.0926918


end of trees

feature_importances:
建物移轉總面積平方公尺=455
緯度=368
經度=360
house_age=324
Dependency_ratio=260
popdense=245
Sex_ratio=238
MASTER_UP_rate=226
time_index=128
建物現況格局-衛=98
建物現況格局-廳=87
移轉層次_四層=43
電梯_無=34
移轉層次_二層=33
移轉層次_三層=32
移轉層次_五層=24
移轉層次_六層=23
移轉層次_一層，平台=19
移轉層次_一層，騎樓=18
移轉層次_七層=17
移轉層次_三層，陽臺=9
移轉層次_十五層=7
移轉層次_十二層=5
移轉層次_全=3
移轉層次_八層=2

parameters:
[boosting: gbdt]
[objective: regression]
[metric: rmse]
[tree_learner: serial]
[device_type: cpu]
[data: ]
[valid: ]
[num_iterations: 469]
[learning_rate: 0.0926918]
[num_leaves: 8]
[num_threads: 4]
[deterministic: 0]
[force_col_wise: 0]
[force_row_wise: 0]
[histogram_pool_size: -1]
[max_depth: 3]
[min_data_in_leaf: 17]
[min_sum_hessian_in_leaf: 0.001]
[bagging_fraction: 0.643323]
[pos_bagging_fraction: 1]
[neg_bagging_fraction: 1]
[bagging_freq: 0]
[bagging_seed: 400]
[feature_fraction: 0.718916]
[feature_fraction_bynode: 1]
[feature_fraction_seed: 30056]
[extra_trees: 0]
[extra_seed: 12879]
[early_stopping_round: 0]
[first_metric_only: 0]
[max_delta_step: 0]
[lambda_l1: 2.57388]
[lambda_l2: 4.63368]
[linear_lambda: 0]
[min_gain_to_split: 0]
[drop_rate: 0.1]
[max_drop: 50]
[skip_drop: 0.5]
[xgboost_dart_mode: 0]
[uniform_drop: 0]
[drop_seed: 17869]
[top_rate: 0.2]
[other_rate: 0.1]
[min_data_per_group: 100]
[max_cat_threshold: 32]
[cat_l2: 10]
[cat_smooth: 10]
[max_cat_to_onehot: 4]
[top_k: 20]
[monotone_constraints: ]
[monotone_constraints_method: basic]
[monotone_penalty: 0]
[feature_contri: ]
[forcedsplits_filename: ]
[refit_decay_rate: 0.9]
[cegb_tradeoff: 1]
[cegb_penalty_split: 0]
[cegb_penalty_feature_lazy: ]
[cegb_penalty_feature_coupled: ]
[path_smooth: 0]
[interaction_constraints: ]
[verbosity: -1]
[saved_feature_importance_type: 0]
[linear_tree: 0]
[max_bin: 255]
[max_bin_by_feature: ]
[min_data_in_bin: 3]
[bin_construct_sample_cnt: 200000]
[data_random_seed: 175]
[is_enable_sparse: 1]
[enable_bundle: 1]
[use_missing: 1]
[zero_as_missing: 0]
[feature_pre_filter: 1]
[pre_partition: 0]
[two_round: 0]
[header: 0]
[label_column: ]
[weight_column: ]
[group_column: ]
[ignore_column: ]
[categorical_feature: ]
[forcedbins_filename: ]
[precise_float_parser: 0]
[parser_config_file: ]
[objective_seed: 16083]
[num_class: 1]
[is_unbalance: 0]
[scale_pos_weight: 1]
[sigmoid: 1]
[boost_from_average: 1]
[reg_sqrt: 0]
[alpha: 0.9]
[fair_c: 1]
[poisson_max_delta_step: 0.7]
[tweedie_variance_power: 1.5]
[lambdarank_truncation_level: 30]
[lambdarank_norm: 1]
[label_gain: ]
[lambdarank_position_bias_regularization: 0]
[eval_at: ]
[multi_error_top_k: 1]
[auc_mu_weights: ]
[num_machines: 1]
[local_listen_port: 12400]
[time_out: 120]
[machine_list_filename: ]
[machines: ]
[gpu_platform_id: -1]
[gpu_device_id: -1]
[gpu_use_dp: 0]
[num_gpu: 1]

end of parameters

pandas_categorical:[]
