tree
version=v4
num_class=1
num_tree_per_iteration=1
label_index=0
max_feature_idx=6
objective=quantile
feature_names=建物移轉總面積平方公尺 house_age count_floor time_index 建物現況格局-廳 建物現況格局-衛 電梯_無
feature_infos=[-1.4352396666631275:10.586413882570094] [-1.9746975298063605:3.1375651557629598] [-1.1319067414185264:6.6010757309205399] [-1.3719550337388238:1.6902683419264284] [-2.2333196895775567:10.63101636658115] [-1.7975173762630965:9.8724751110113083] [0:1]
tree_sizes=800 857 759 756 855 763 870 752 836 833 847 838 847 858 850 851 859 761 762 761 763 762 769 860 847 840 867 873 843 770 781 781 775 777 783 784 777 764 873 776 767 865 863 856 775 856 855 855 763 767 762 782 854 770 857 861 775 857 857 679 672 685 772 677 770 778 768 507 725 726 720 848 695 761 692 754 713 707 858 712 707 713 713 604 607 588 865 680 862 679 870 685 878 792 810 602 690 862 603 855 819 604 624 612 619 604 617 780 700 864 886 898 689 871 866 866 702 601 691 858 787 872 597 592 871 884 590 600 599 595 892 603 590 860 597 601 597 598 712 862 867 695 854 692 704 704 712 713 710 686 702 695 703 596 599 859 523 522 594 522 601 521 700 601 519 538 862 889 898 538 538 612 538 542 871 861 541 536 539 857 872 870 871 874 688 872 873 876 773 600 596 603 603 603 599 600 537 539 539 538 538 870 540 540 539 540 537 539 655 540 541 541 540 541 872 798 620 796 609 618 606 619 612 614 612 606 865 882 604 591 885 870 858

Tree=0
num_leaves=8
num_cat=0
split_feature=0 0 1 0 2 1 0
split_gain=123.881 7.0035 2.67811 2.08302 1.30843 0.982331 0.299216
threshold=1.0799042871560198 0.69075046049342437 -0.48362091318197514 1.2593368552153728 3.121233618367961 -1.3356646941101948 2.0994045283046758
decision_type=2 2 2 2 2 2 2
left_child=1 4 3 -2 -1 -3 -4
right_child=2 5 6 -5 -6 -7 -8
leaf_value=17.598055435779251 17.640410030219289 17.646552622881575 17.649164942887467 17.681758471875316 17.634174256623794 17.62969510406101 17.690678547175779
leaf_weight=2081 19 33 47 168 15.999999999999998 100 18
leaf_count=2081 19 33 47 168 16 100 18
internal_value=17.6222 17.6174 17.6636 17.668 17.6165 17.6312 17.6488
internal_weight=0 2230 252 187 2097 133 65
internal_count=2482 2230 252 187 2097 133 65
is_linear=0
shrinkage=1


Tree=1
num_leaves=8
num_cat=0
split_feature=0 0 0 2 1 2 2
split_gain=110.645 6.02263 2.72346 1.2853 0.964299 0.429484 0.265623
threshold=1.0799042871560198 0.69075046049342437 1.549674650255388 3.121233618367961 -1.6399660444417019 -0.22972545297896871 -0.74525761780157318
decision_type=2 2 2 2 2 2 2
left_child=1 3 6 -1 -3 -4 -2
right_child=2 4 5 -5 -6 -7 -8
leaf_value=-0.022596767902227543 0.031779855554691747 0.023017663864475159 0.036501197932412549 0.011244051850742157 0.0069348353250055471 0.071732632134610078 0.022784071373468349
leaf_weight=2081 13.999999999999998 21 48 15.999999999999998 112 114 76
leaf_count=2081 14 21 48 16 112 114 76
internal_value=0 -0.00471278 0.0390015 -0.00554214 0.00809782 0.0445433 0.0272759
internal_weight=0 2230 252 2097 133 162 90
internal_count=2482 2230 252 2097 133 162 90
is_linear=0
shrinkage=0.0630696


Tree=2
num_leaves=7
num_cat=0
split_feature=0 0 0 1 2 2
split_gain=102.347 6.68139 2.99973 1.32723 1.17565 0.547031
threshold=1.0799042871560198 0.44141080623299073 1.9115620852136144 -1.3356646941101948 -0.22972545297896871 3.121233618367961
decision_type=2 2 2 2 2 2
left_child=1 5 4 -3 -2 -1
right_child=2 3 -4 -5 -6 -7
leaf_value=-0.025861319212103641 0.022441634897549047 0.016487656034368019 0.071979533204988511 0.0011879267780029055 0.0238055985101846 0.0067822306431333636
leaf_weight=1963 48 50 108 203 96 13.999999999999998
leaf_count=1963 48 50 108 203 96 14
internal_value=0 -0.00451523 0.0375278 0.00506219 0.0294999 -0.00575042
internal_weight=0 2230 252 253 144 1977
internal_count=2482 2230 252 253 144 1977
is_linear=0
shrinkage=0.0630696


Tree=3
num_leaves=7
num_cat=0
split_feature=0 0 0 1 1 2
split_gain=91.8671 6.01316 2.50435 3.04853 0.9662 0.541198
threshold=1.0799042871560198 0.44141080623299073 2.4948657612410532 -1.4573852342427978 -1.8225468546406065 3.121233618367961
decision_type=2 2 2 2 2 2
left_child=1 5 3 -2 -3 -1
right_child=2 4 -4 -5 -6 -7
leaf_value=-0.024230255073872831 0.034598764367795368 0.01917984533277492 0.079785714592642859 0.017721213446631644 0.0019064034460187305 0.0063544777861157063
leaf_weight=1963 59 22 62 131 231 13.999999999999998
leaf_count=1963 59 22 62 131 231 14
internal_value=0 -0.00451523 0.0353172 0.03011 0.00457286 -0.00568677
internal_weight=0 2230 252 190 253 1977
internal_count=2482 2230 252 190 253 1977
is_linear=0
shrinkage=0.0630696


Tree=4
num_leaves=8
num_cat=0
split_feature=0 0 1 0 0 1 2
split_gain=83.9145 5.34504 3.18455 1.63532 0.931415 0.741193 0.535394
threshold=1.0481701493410556 0.44141080623299073 -1.4573852342427978 2.7210782591642872 1.3162349159767788 -1.8225468546406065 3.121233618367961
decision_type=2 2 2 2 2 2 2
left_child=1 6 4 -4 -2 -3 -1
right_child=2 5 3 -5 -6 -7 -8
leaf_value=-0.022702061566532993 0.032980423218452008 0.01377161644288823 0.016565819723225166 0.064916247202035454 0.061980510480353121 0.001724322399152077 0.0059537031485533401
leaf_weight=1963 13.999999999999998 21 142 37 68 223 13.999999999999998
leaf_count=1963 14 21 142 37 68 223 14
internal_value=0 -0.00453632 0.0329585 0.0267989 0.0441803 0.00420591 -0.00562313
internal_weight=0 2221 261 179 82 244 1977
internal_count=2482 2221 261 179 82 244 1977
is_linear=0
shrinkage=0.0630696


Tree=5
num_leaves=7
num_cat=0
split_feature=0 0 1 0 2 0
split_gain=79.5489 5.55566 3.1663 1.93935 1.4192 0.519707
threshold=1.0799042871560198 0.33536753825503535 -1.5182455043090994 2.7210782591642872 1.8324032063114493 0.075252731610224458
decision_type=2 2 2 2 2 2
left_child=1 5 -2 -4 -3 -1
right_child=2 4 3 -5 -6 -7
leaf_value=-0.032108781508958469 0.055935270736713436 0.00066843645917038499 0.01675323628093292 0.066938905158737169 0.010848502117043192 -0.0062566148679241065
leaf_weight=1622 69 307 144 39 15.999999999999998 285
leaf_count=1622 69 307 144 39 16 285
internal_value=0 -0.00420479 0.0328611 0.0271013 0.00340388 -0.00549912
internal_weight=0 2230 252 183 323 1907
internal_count=2482 2230 252 183 323 1907
is_linear=0
shrinkage=0.0630696


Tree=6
num_leaves=8
num_cat=0
split_feature=0 0 2 0 2 0 1
split_gain=71.4529 5.04434 3.93963 1.18361 0.986769 0.530814 0.225446
threshold=1.0799042871560198 0.33536753825503535 1.0000000180025095e-35 1.3452095635469634 1.8324032063114493 -0.015613340021443399 -1.6399660444417019
decision_type=2 2 2 2 2 2 2
left_child=1 5 6 -4 -3 -1 -2
right_child=2 4 3 -5 -6 -7 -8
leaf_value=-0.031820867532604116 0.023351245540555888 0.0006262784111489535 0.0082098872755538583 0.046461000633210493 0.010164290974854178 -0.0063614520495710591 0.017015048286394316
leaf_weight=1525 14.999999999999998 307 24 120 15.999999999999998 382 93
leaf_count=1525 15 307 24 120 16 382 93
internal_value=0 -0.00423301 0.0308961 0.0379781 0.00301905 -0.00546613 0.0202384
internal_weight=0 2230 252 144 323 1907 108
internal_count=2482 2230 252 144 323 1907 108
is_linear=0
shrinkage=0.0630696


Tree=7
num_leaves=7
num_cat=0
split_feature=0 0 1 0 1 0
split_gain=55.3747 4.74086 3.63006 2.94727 0.828286 0.497588
threshold=1.0799042871560198 0.33536753825503535 -1.5182455043090994 2.7210782591642872 -1.4573852342427978 -0.015613340021443399
decision_type=2 2 2 2 2 2
left_child=1 5 -2 -4 -3 -1
right_child=2 4 3 -5 -6 -7
leaf_value=-0.029813936816728934 0.049477174583526337 0.012400345013364483 0.014623482670314141 0.060158241175081527 0.00013193542517477916 -0.005960237547710928
leaf_weight=1525 69 52 144 39 271 382
leaf_count=1525 69 52 144 39 271 382
internal_value=0 -0.00420479 0.0267207 0.0210557 0.00282664 -0.00540015
internal_weight=0 2230 252 183 323 1907
internal_count=2482 2230 252 183 323 1907
is_linear=0
shrinkage=0.0630696


Tree=8
num_leaves=8
num_cat=0
split_feature=0 0 0 2 1 2 2
split_gain=40.7588 4.16513 4.11429 1.22912 0.960554 0.753751 0.291462
threshold=1.0799042871560198 2.7210782591642872 0.21276732880840302 -0.74525761780157318 0.85530502827665622 1.0000000180025095e-35 -1.0030237002128752
decision_type=2 2 2 2 2 2 2
left_child=2 3 6 -2 -4 -3 -1
right_child=1 5 4 -5 -6 -7 -8
leaf_value=-0.013917218322339487 0.011097058614080389 0.034187974153711435 -2.2356976542731425e-05 0.015328515995663922 0.0075776879358805376 0.067152100122823036 -0.024639057769352043
leaf_weight=145 28 17 395 171 51 36 1639
leaf_count=145 28 17 395 171 51 36 1639
internal_value=0 0.0222996 -0.00423301 0.0173598 0.00117392 0.0378653 -0.0055846
internal_weight=0 252 2230 199 446 53 1784
internal_count=2482 252 2230 199 446 53 1784
is_linear=0
shrinkage=0.0630696


Tree=9
num_leaves=8
num_cat=0
split_feature=0 0 0 2 1 2 0
split_gain=35.7934 4.31746 2.58252 1.34963 1.27916 0.974672 0.481881
threshold=1.1004690596944955 0.33536753825503535 2.7210782591642872 -0.74525761780157318 -1.2139441539775919 1.8324032063114493 0.016055095644835603
decision_type=2 2 2 2 2 2 2
left_child=1 6 3 -2 -4 -3 -1
right_child=2 5 4 -5 -6 -7 -8
leaf_value=-0.025970255569472373 0.0045070532631166071 0.0005838044497512994 0.062916843329942532 0.015218176408330241 0.048002206755621377 0.0088696149018826637 -0.0047784402449303409
leaf_weight=1561 26 315 26 164 27 17 346
leaf_count=1561 26 315 26 164 27 17 346
internal_value=0 -0.00421322 0.0210478 0.0168343 0.0334992 0.00239529 -0.00536716
internal_weight=0 2239 243 190 53 332 1907
internal_count=2482 2239 243 190 53 332 1907
is_linear=0
shrinkage=0.0630696


Tree=10
num_leaves=8
num_cat=0
split_feature=0 0 0 1 1 2 6
split_gain=30.5924 3.24929 2.37053 1.81229 0.725677 0.707525 0.468432
threshold=1.0481701493410556 0.44141080623299073 2.0994045283046758 -1.2748044240438936 0.6118639480114505 2.8634675359566581 1.0000000180025095e-35
decision_type=2 2 2 2 2 2 2
left_child=1 5 4 -4 -2 -1 -3
right_child=2 6 3 -5 -6 -7 -8
leaf_value=-0.016068104338532251 0.0091094249565055463 0.0046543479931412269 0.053906206047525933 0.032674001861606919 0.026064888599389831 0.0095364619889271775 -0.016665499819246716
leaf_weight=1959 155 220 38 52 15.999999999999998 18 24
leaf_count=1959 155 220 38 52 16 18 24
internal_value=0 -0.00439464 0.018246 0.0266105 0.0132361 -0.00524123 0.00243131
internal_weight=0 2221 261 90 171 1977 244
internal_count=2482 2221 261 90 171 1977 244
is_linear=0
shrinkage=0.0630696


Tree=11
num_leaves=8
num_cat=0
split_feature=0 0 2 0 1 3 2
split_gain=26.7524 3.99651 1.78753 1.52427 1.20428 0.546918 0.361958
threshold=1.1004690596944955 0.21276732880840302 0.28580671184363571 1.4971129313072067 0.85530502827665622 1.0000000180025095e-35 -1.0030237002128752
decision_type=2 2 2 2 2 2 2
left_child=1 6 5 -4 -3 -2 -1
right_child=2 4 3 -5 -6 -7 -8
leaf_value=-0.010388120048699687 0.0057068192716333236 -0.00021396610882784973 0.0045212244548866057 0.038472749496816346 0.0082115497054564644 0.013770462128256361 -0.020608832970944964
leaf_weight=145 58 403 33 92 52 60 1639
leaf_count=145 58 403 33 92 52 60 1639
internal_value=0 -0.00410078 0.0177388 0.0230788 0.00116466 0.0113986 -0.00544357
internal_weight=0 2239 243 125 455 118 1784
internal_count=2482 2239 243 125 455 118 1784
is_linear=0
shrinkage=0.0630696


Tree=12
num_leaves=8
num_cat=0
split_feature=0 0 1 0 2 1 1
split_gain=18.7234 3.15041 3.30007 2.2776 1.31524 1.21162 0.234477
threshold=0.75967201446422683 2.0994045283046758 -1.4573852342427978 -0.015613340021443399 1.0591049590775425 0.79444475821035476 1.5856282690722734
decision_type=2 2 2 2 2 2 2
left_child=3 5 -3 6 -5 -2 -1
right_child=1 2 -4 4 -6 -7 -8
leaf_value=-0.023020103812170737 0.0079379252709173027 0.047990338387693281 0.028486320972545425 -0.0027955716183225231 0.0076876918301997214 0.0193384753141395 0.0035526571540884749
leaf_weight=1511 246 29 61 526 76 19 13.999999999999998
leaf_count=1511 246 29 61 526 76 19 14
internal_value=0 0.0113052 0.0212871 -0.00425114 -0.000955268 0.00759563 -0.00554476
internal_weight=0 355 90 2127 602 265 1525
internal_count=2482 355 90 2127 602 265 1525
is_linear=0
shrinkage=0.0630696


Tree=13
num_leaves=8
num_cat=0
split_feature=0 0 1 0 1 6 0
split_gain=17.3021 3.06898 2.69949 2.32009 1.38979 0.788958 0.410837
threshold=0.85415170427358211 2.7210782591642872 -1.4573852342427978 0.075252731610224458 0.79444475821035476 1.0000000180025095e-35 -0.25641171495279774
decision_type=2 2 2 2 2 2 2
left_child=3 4 -3 6 -2 -5 -1
right_child=1 2 -4 5 -6 -7 -8
leaf_value=-0.027974392870738628 0.0086726934800937447 0.050095661582919483 0.03993082474016485 0.0005589288820789511 0.018188664170955143 -0.012350608386585308 -0.0095172390160395502
leaf_weight=1123 255 15.999999999999998 37 404 17 131 499
leaf_count=1123 255 16 37 404 17 131 499
internal_value=0 0.0113774 0.0247671 -0.0041338 0.00838336 -0.000524678 -0.00531882
internal_weight=0 325 53 2157 272 535 1622
internal_count=2482 325 53 2157 272 535 1622
is_linear=0
shrinkage=0.0630696


Tree=14
num_leaves=8
num_cat=0
split_feature=0 0 1 0 1 2 2
split_gain=15.7337 2.83873 3.09465 2.38609 1.48375 1.19775 0.267558
threshold=0.85415170427358211 2.7210782591642872 -1.4573852342427978 -0.10680792239653754 0.79444475821035476 1.0591049590775425 -1.0030237002128752
decision_type=2 2 2 2 2 2 2
left_child=3 4 -3 6 -2 -5 -1
right_child=1 2 -4 5 -6 -7 -8
leaf_value=-0.010787131755419578 0.008125709809182334 0.046936146152995045 0.037412401928494182 -0.0028587031832374497 0.017041511637542025 0.0087765625949857741 -0.023077678417084309
leaf_weight=122 255 15.999999999999998 37 680 17 96 1259
leaf_count=122 255 16 37 680 17 96 1259
internal_value=0 0.0108036 0.0236755 -0.00398792 0.00792763 -0.00117858 -0.00555658
internal_weight=0 325 53 2157 272 776 1381
internal_count=2482 325 53 2157 272 776 1381
is_linear=0
shrinkage=0.0630696


Tree=15
num_leaves=8
num_cat=0
split_feature=0 0 1 0 1 6 2
split_gain=14.488 2.87789 2.49131 2.015 1.32392 0.943276 0.267558
threshold=0.75967201446422683 2.7210782591642872 -1.4573852342427978 -0.10680792239653754 0.79444475821035476 1.0000000180025095e-35 -1.0030237002128752
decision_type=2 2 2 2 2 2 2
left_child=3 4 -3 6 -2 -5 -1
right_child=1 2 -4 5 -6 -7 -8
leaf_value=-0.010106791219952879 0.00722200008277656 0.043975900229381221 0.035052815141363679 0.00028795476458135536 0.015896850036334384 -0.014483697323654598 -0.021622177506592778
leaf_weight=122 283 15.999999999999998 37 472 19 274 1259
leaf_count=122 283 16 37 472 19 274 1259
internal_value=0 0.00955216 0.022584 -0.0041328 0.0069468 -0.00147769 -0.00555658
internal_weight=0 355 53 2127 302 746 1381
internal_count=2482 355 53 2127 302 746 1381
is_linear=0
shrinkage=0.0630696


Tree=16
num_leaves=8
num_cat=0
split_feature=0 0 1 0 1 6 1
split_gain=13.2671 2.53553 2.86512 2.20757 1.36748 1.31578 0.0822618
threshold=0.78831815129098548 2.7210782591642872 -1.4573852342427978 -0.25641171495279774 0.79444475821035476 1.0000000180025095e-35 -1.5791057743754007
decision_type=2 2 2 2 2 2 2
left_child=3 4 -3 6 -2 -5 -1
right_child=1 2 -4 5 -6 -7 -8
leaf_value=-0.014119457230142716 0.0072955593155395945 0.041202355955700633 0.032842046647606794 0.00023458333198888906 0.014894241399379707 -0.014213959195822317 -0.024796328779688924
leaf_weight=70 273 15.999999999999998 37 574 19 440 1053
leaf_count=70 273 16 37 574 19 440 1053
internal_value=0 0.00928432 0.0214925 -0.00396627 0.00675585 -0.00181947 -0.00588823
internal_weight=0 345 53 2137 292 1014 1123
internal_count=2482 345 53 2137 292 1014 1123
is_linear=0
shrinkage=0.0630696


Tree=17
num_leaves=7
num_cat=0
split_feature=0 0 0 1 6 1
split_gain=10.2732 2.42385 2.06799 1.38665 1.00943 0.077527
threshold=0.78831815129098548 -0.25641171495279774 3.8717856912373398 -1.6399660444417019 1.0000000180025095e-35 -1.5791057743754007
decision_type=2 2 2 2 2 2
left_child=1 5 3 -2 -3 -1
right_child=2 4 -4 -5 -6 -7
leaf_value=-0.013228948120746899 0.018008115764679585 0.00021978824527679844 0.050234284527612527 0.0060206107045551538 -0.013317489881305343 -0.023232433206511728
leaf_weight=70 63 574 17 265 440 1053
leaf_count=70 63 574 17 265 440 1053
internal_value=0 -0.00381903 0.00784183 0.00647986 -0.00157185 -0.0058323
internal_weight=0 2137 345 328 1014 1123
internal_count=2482 2137 345 328 1014 1123
is_linear=0
shrinkage=0.0630696


Tree=18
num_leaves=7
num_cat=0
split_feature=0 0 2 6 1 5
split_gain=9.54696 2.29784 1.90802 1.00943 0.905526 0.188977
threshold=0.78831815129098548 -0.25641171495279774 2.8634675359566581 1.0000000180025095e-35 -1.6399660444417019 2.2869799942829454
decision_type=2 2 2 2 2 2
left_child=1 5 4 -3 -2 -1
right_child=2 3 -4 -5 -6 -7
leaf_value=-0.020597549931894419 0.014887439763758043 0.00020592627938333382 0.033052396823129881 -0.012477560565306536 0.0060815748790833792 -0.0080461176917071327
leaf_weight=1105 55 574 21 440 269 18
leaf_count=1105 55 574 21 440 269 18
internal_value=0 -0.00376014 0.0074812 -0.00157185 0.00605994 -0.00572046
internal_weight=0 2137 345 1014 324 1123
internal_count=2482 2137 345 1014 324 1123
is_linear=0
shrinkage=0.0630696


Tree=19
num_leaves=7
num_cat=0
split_feature=0 0 2 6 1 2
split_gain=9.14489 2.30507 1.95328 0.939174 0.818862 0.19044
threshold=0.78831815129098548 -0.25641171495279774 2.8634675359566581 1.0000000180025095e-35 0.79444475821035476 1.8324032063114493
decision_type=2 2 2 2 2 2
left_child=1 5 4 -3 -2 -1
right_child=2 3 -4 -5 -6 -7
leaf_value=-0.020178441530949356 0.0062294922965320295 0.00019293858271289747 0.03096779399608042 -0.011690605290374315 0.013471024605894139 -0.003769146341581992
leaf_weight=1086 303 574 21 440 21 37
leaf_count=1086 303 574 21 440 21 37
internal_value=0 -0.00370124 0.00730089 -0.00150994 0.00586812 -0.00566453
internal_weight=0 2137 345 1014 324 1123
internal_count=2482 2137 345 1014 324 1123
is_linear=0
shrinkage=0.0630696


Tree=20
num_leaves=7
num_cat=0
split_feature=0 0 2 6 1 5
split_gain=8.3667 2.07622 2.04488 0.994439 0.894212 0.187365
threshold=0.78831815129098548 -0.26600422866084072 2.8634675359566581 1.0000000180025095e-35 -1.7008263145080036 2.2869799942829454
decision_type=2 2 2 2 2 2
left_child=1 5 4 -3 -2 -1
right_child=2 3 -4 -5 -6 -7
leaf_value=-0.019082328267475395 0.013090630994133259 0.00019837487795190019 0.029014666322551553 -0.010912442800489445 0.0056594407455328854 -0.0050724657789065356
leaf_weight=1086 49 583 21 451 275 17
leaf_count=1086 49 583 21 451 275 17
internal_value=0 -0.00358345 0.00694027 -0.00154158 0.00548446 -0.00548213
internal_weight=0 2137 345 1034 324 1103
internal_count=2482 2137 345 1034 324 1103
is_linear=0
shrinkage=0.0630696


Tree=21
num_leaves=7
num_cat=0
split_feature=0 2 0 6 1 5
split_gain=8.03631 2.09122 2.01645 0.994439 0.917151 0.18412
threshold=0.78831815129098548 2.8634675359566581 -0.26600422866084072 1.0000000180025095e-35 0.79444475821035476 2.2869799942829454
decision_type=2 2 2 2 2 2
left_child=2 4 5 -4 -2 -1
right_child=1 -3 3 -5 -6 -7
leaf_value=-0.017878812659638168 0.0054796615486224533 0.027184721711709808 0.00018586344546476821 -0.010224198942301361 0.012264473009416603 -0.0047525471793749569
leaf_weight=1086 303 21 583 451 21 17
leaf_count=1086 303 21 583 451 21 17
internal_value=0 0.00675996 -0.00355401 -0.00154158 0.00529263 -0.0054252
internal_weight=0 345 2137 1034 324 1103
internal_count=2482 345 2137 1034 324 1103
is_linear=0
shrinkage=0.0630696


Tree=22
num_leaves=7
num_cat=0
split_feature=0 2 0 1 1 1
split_gain=6.7963 2.51268 1.52206 1.01839 0.928641 0.102483
threshold=0.44141080623299073 2.8634675359566581 -0.36909089994796074 1.4030474588733692 1.0378858384755605 -1.3965249641764965
decision_type=2 2 2 2 2 2
left_child=2 4 5 -4 -2 -1
right_child=1 -3 3 -5 -6 -7
leaf_value=-0.011267651449031526 0.0034738793548960149 0.024128064943284684 -0.0039955520614056049 0.0088344212538363168 0.010634946570368828 -0.022085073097057806
leaf_weight=87 464 25 1016 19 15.999999999999998 855
leaf_count=87 464 25 1016 19 16 855
internal_value=0 0.00439084 -0.00377729 -0.00209208 0.00325123 -0.00560833
internal_weight=0 505 1977 1035 480 942
internal_count=2482 505 1977 1035 480 942
is_linear=0
shrinkage=0.0630696


Tree=23
num_leaves=8
num_cat=0
split_feature=0 5 0 1 2 2 2
split_gain=5.90981 2.07402 1.97077 1.20497 0.912244 0.403836 0.324721
threshold=0.78831815129098548 1.0000000180025095e-35 -0.26600422866084072 0.79444475821035476 0.54357279425493799 0.28580671184363571 1.8324032063114493
decision_type=2 2 2 2 2 2 2
left_child=2 5 6 -3 -4 -2 -1
right_child=1 3 4 -5 -6 -7 -8
leaf_value=-0.016655958046084662 0.0051930000621507105 0.0032691508698376053 -0.00320950179302374 0.011271860763856631 0.0032976881484855225 0.035740274794556041 4.8149153328226244e-05
leaf_weight=1067 14.999999999999998 291 862 21 172 18 36
leaf_count=1067 15 291 862 21 172 18 36
internal_value=0 0.00549778 -0.00334788 0.00374108 -0.00135944 0.0195152 -0.00519747
internal_weight=0 345 2137 312 1034 33 1103
internal_count=2482 345 2137 312 1034 33 1103
is_linear=0
shrinkage=0.0630696


Tree=24
num_leaves=8
num_cat=0
split_feature=0 4 0 2 6 1 2
split_gain=5.33096 1.96589 1.54743 1.47614 1.06573 0.758267 0.167136
threshold=0.44141080623299073 1.0000000180025095e-35 -0.56554032451678737 0.28580671184363571 1.0000000180025095e-35 0.79444475821035476 1.8324032063114493
decision_type=2 2 2 2 2 2 2
left_child=2 3 6 -2 -4 -3 -1
right_child=1 5 4 -5 -6 -7 -8
leaf_value=-0.026342243837862413 -8.0988661364318611e-06 0.00077841611571595123 -0.00043177908754424288 0.026151506947265736 -0.011288325066026929 0.010456159109509771 -0.011742209925122486
leaf_weight=668 22 421 618 28 669 34 22
leaf_count=668 22 421 618 28 669 34 22
internal_value=0 0.00364853 -0.00358634 0.0149558 -0.00227961 0.00226204 -0.00599036
internal_weight=0 505 1977 50 1287 455 690
internal_count=2482 505 1977 50 1287 455 690
is_linear=0
shrinkage=0.0630696


Tree=25
num_leaves=8
num_cat=0
split_feature=0 0 4 2 1 1 2
split_gain=4.79738 1.78295 1.38818 1.54918 1.15789 0.910554 0.161566
threshold=0.607308731663187 -0.56554032451678737 1.0000000180025095e-35 0.28580671184363571 -1.3356646941101948 0.79444475821035476 1.8324032063114493
decision_type=2 2 2 2 2 2 2
left_child=1 6 3 -2 -3 -4 -1
right_child=2 4 5 -5 -6 -7 -8
leaf_value=-0.02468084795576991 -0.0040297868851678952 0.0039656716922568903 0.0024543145675820937 0.024836636679937719 -0.0043921714848285847 0.011440621423270144 -0.011001632951637006
leaf_weight=668 20 142 352 27 1225 26 22
leaf_count=668 20 142 352 27 1225 26 22
internal_value=0 -0.00329424 0.00403417 0.0137517 -0.00196276 0.00266764 -0.00589959
internal_weight=0 2057 425 47 1367 378 690
internal_count=2482 2057 425 47 1367 378 690
is_linear=0
shrinkage=0.0630696


Tree=26
num_leaves=8
num_cat=0
split_feature=0 2 0 0 2 0 2
split_gain=4.45605 1.63688 0.954586 0.946989 1.19318 0.326632 0.173948
threshold=-0.015613340021443399 2.8634675359566581 3.0836884177580512 -0.58144024449861209 -1.0030237002128752 2.0994045283046758 1.8324032063114493
decision_type=2 2 2 2 2 2 2
left_child=3 2 -2 6 -5 -3 -1
right_child=1 5 -4 4 -6 -7 -8
leaf_value=-0.023734539044155116 0.00030329855854997035 0.005644354031760679 0.031440933344713276 0.0018566391560196713 -0.0069379742171764413 0.023376886424079635 -0.0081227281517936307
leaf_weight=650 899 14.000000000000002 29 79 776 14.999999999999998 20
leaf_count=650 899 14 29 79 776 15 20
internal_value=0 0.00146171 0.00095948 -0.00401933 -0.00260342 0.0151048 -0.00579405
internal_weight=0 957 928 1525 855 29 670
internal_count=2482 957 928 1525 855 29 670
is_linear=0
shrinkage=0.0630696


Tree=27
num_leaves=8
num_cat=0
split_feature=0 1 0 1 0 1 2
split_gain=4.05109 1.27752 1.52271 1.12347 0.980761 0.93106 0.168381
threshold=-0.015613340021443399 -1.4573852342427978 2.7210782591642872 0.85530502827665622 -0.58144024449861209 1.4639077289396705 1.8324032063114493
decision_type=2 2 2 2 2 2 2
left_child=4 2 -2 -3 6 -6 -1
right_child=1 3 -4 -5 5 -7 -8
leaf_value=-0.022237610169225867 0.0062508719678205753 -0.00071515776714703926 0.022043218751630459 0.0053843921703037529 -0.0059115861504765348 0.013173488597218437 -0.0076104305971202938
leaf_weight=650 146 699 15.999999999999998 96 840 14.999999999999998 20
leaf_count=650 146 699 16 96 840 15 20
internal_value=0 0.00133056 0.00634943 0.00027525 -0.00389564 -0.00245671 -0.00570058
internal_weight=0 957 162 795 1525 855 670
internal_count=2482 957 162 795 1525 855 670
is_linear=0
shrinkage=0.0630696


Tree=28
num_leaves=8
num_cat=0
split_feature=0 0 4 2 2 1 0
split_gain=3.52584 1.80553 1.56609 1.54918 1.28341 0.684983 0.160311
threshold=0.607308731663187 -0.58144024449861209 1.0000000180025095e-35 0.28580671184363571 -1.0030237002128752 0.79444475821035476 -0.77394754014632505
decision_type=2 2 2 2 2 2 2
left_child=1 6 3 -2 -3 -4 -1
right_child=2 4 5 -5 -6 -7 -8
leaf_value=-0.026228167337995486 -0.0068528716109065163 0.0038641285753814886 0.001460203310880671 0.021146007166965349 -0.003514172615351422 0.010378044271490946 -0.013350191133316902
leaf_weight=447 20 111 352 27 1276 26 223
leaf_count=447 20 111 352 27 1276 26 223
internal_value=0 -0.00283539 0.00344718 0.0137517 -0.00152671 0.00200858 -0.00551365
internal_weight=0 2057 425 47 1387 378 670
internal_count=2482 2057 425 47 1387 378 670
is_linear=0
shrinkage=0.0630696


Tree=29
num_leaves=7
num_cat=0
split_feature=0 0 0 2 2 1
split_gain=3.33339 1.20296 1.10813 1.01262 0.950708 0.799334
threshold=-0.015613340021443399 3.0836884177580512 -0.77394754014632505 0.28580671184363571 -1.0030237002128752 0.85530502827665622
decision_type=2 2 2 2 2 2
left_child=2 5 -1 -3 -4 -2
right_child=1 3 4 -5 -6 -7
leaf_value=-0.02457396621988335 3.246709244694749e-05 -0.0053235436105159304 0.0011815842090672375 0.038520553622678345 -0.0075936191500518505 0.0053206882857658958
leaf_weight=447 827 13.999999999999998 96 21 982 95
leaf_count=447 827 14 96 21 982 95
internal_value=0 0.00113383 -0.00360705 0.0118754 -0.00249245 0.000666261
internal_weight=0 957 1525 35 1078 922
internal_count=2482 957 1525 35 1078 922
is_linear=0
shrinkage=0.0630696


Tree=30
num_leaves=7
num_cat=0
split_feature=0 6 2 0 0 1
split_gain=3.37854 2.35015 1.43687 1.2883 0.160311 0.146106
threshold=-0.58144024449861209 1.0000000180025095e-35 -1.0030237002128752 3.8717856912373398 -0.77394754014632505 -0.90964280364608519
decision_type=2 2 2 2 2 2
left_child=4 3 -3 -2 -1 -6
right_child=1 2 -4 -5 5 -7
leaf_value=-0.023024094973694727 0.00089952484631344832 0.0043204005588112415 -0.01134323618032927 0.037368654485429337 -0.0073392909808508043 -0.013135922540270633
leaf_weight=447 1085 87 625 14.999999999999998 64 159
leaf_count=447 1085 87 625 15 64 159
internal_value=0 -0.000284333 -0.00309641 0.00154083 -0.00551365 -0.00395683
internal_weight=0 1812 712 1100 670 223
internal_count=2482 1812 712 1100 670 223
is_linear=0
shrinkage=0.0630696


Tree=31
num_leaves=7
num_cat=0
split_feature=0 6 0 2 0 1
split_gain=3.30343 2.29167 1.29199 0.963456 0.197916 0.177318
threshold=-0.57322747591295886 1.0000000180025095e-35 3.8717856912373398 -1.0030237002128752 -0.77394754014632505 1.2204666486744649
decision_type=2 2 2 2 2 2
left_child=4 2 -2 -3 -1 -6
right_child=1 3 -4 -5 5 -7
leaf_value=-0.021571973551782184 0.00087277637253672859 0.004241541171900981 0.035011826833861032 -0.010627822338000628 -0.013293963933209644 7.6532724957830534e-05
leaf_weight=447 1080 86 14.999999999999998 621 208 25
leaf_count=447 1080 86 15 621 208 25
internal_value=0 -0.000285907 0.00151916 -0.00307386 -0.00543313 -0.00379043
internal_weight=0 1802 1095 707 680 233
internal_count=2482 1802 1095 707 680 233
is_linear=0
shrinkage=0.0630696


Tree=32
num_leaves=7
num_cat=0
split_feature=0 0 0 2 1 1
split_gain=3.19551 1.18817 1.13077 1.01262 0.977373 0.737005
threshold=-0.015613340021443399 3.0836884177580512 -0.77394754014632505 0.28580671184363571 0.85530502827665622 -1.5182455043090994
decision_type=2 2 2 2 2 2
left_child=2 4 -1 -3 -2 -4
right_child=1 3 5 -5 -6 -7
leaf_value=-0.020211436907746332 -8.1358998412000755e-05 -0.0056477022467345409 0.0023632502428620056 0.031526067201188571 0.0057718237383408196 -0.0056320437953012023
leaf_weight=447 827 13.999999999999998 75 21 95 1003
leaf_count=447 827 14 75 21 95 1003
internal_value=0 0.00119941 -0.00344214 0.0118754 0.000734313 -0.00231771
internal_weight=0 957 1525 35 922 1078
internal_count=2482 957 1525 35 922 1078
is_linear=0
shrinkage=0.0630696


Tree=33
num_leaves=7
num_cat=0
split_feature=0 6 0 1 0 1
split_gain=3.155 2.23121 1.27889 1.24719 0.242486 0.37155
threshold=-0.58144024449861209 1.0000000180025095e-35 3.8717856912373398 1.4030474588733692 -0.77394754014632505 1.2204666486744649
decision_type=2 2 2 2 2 2
left_child=4 2 -2 -3 -1 -6
right_child=1 3 -4 -5 5 -7
leaf_value=-0.018936708822455513 0.00069426883120460401 -0.0090453587924284196 0.031424506369352387 0.007708288351266716 -0.011952067520075594 0.00045368736167192319
leaf_weight=447 1085 681 14.999999999999998 31 199 24
leaf_count=447 1085 681 15 31 199 24
internal_value=0 -0.000180188 0.00159791 -0.00292043 -0.00523325 -0.00340306
internal_weight=0 1812 1100 712 670 223
internal_count=2482 1812 1100 712 670 223
is_linear=0
shrinkage=0.0630696


Tree=34
num_leaves=7
num_cat=0
split_feature=0 6 2 0 0 1
split_gain=2.97398 2.03411 1.35741 1.29199 0.272214 0.299243
threshold=-0.57322747591295886 1.0000000180025095e-35 -1.0030237002128752 3.8717856912373398 -0.79595775995587592 1.2204666486744649
decision_type=2 2 2 2 2 2
left_child=4 3 -3 -2 -1 -6
right_child=1 2 -4 -5 5 -7
leaf_value=-0.022491110144267992 0.00067321832406175785 0.0047283883051585218 -0.0093108473166864606 0.029442574010052482 -0.0099516879527622847 0.00034476183121050398
leaf_weight=417 1080 86 621 14.999999999999998 236 27
leaf_count=417 1080 86 621 15 236 27
internal_value=0 -0.000181185 -0.00280803 0.00151916 -0.00506472 -0.00336578
internal_weight=0 1802 707 1095 680 263
internal_count=2482 1802 707 1095 680 263
is_linear=0
shrinkage=0.0630696


Tree=35
num_leaves=7
num_cat=0
split_feature=0 1 0 6 0 1
split_gain=2.97398 1.94395 1.1377 0.991888 0.272214 0.299243
threshold=-0.57322747591295886 -1.4573852342427978 2.7210782591642872 1.0000000180025095e-35 -0.79595775995587592 1.2204666486744649
decision_type=2 2 2 2 2 2
left_child=4 2 -2 -3 -1 -6
right_child=1 3 -4 -5 5 -7
leaf_value=-0.021072603884612597 0.0046536244001294663 0.00025479076600183793 0.012722956561305768 -0.0067579430278337715 -0.0093240385586426736 0.00032301782602237061
leaf_weight=417 212 867 15.999999999999998 707 236 27
leaf_count=417 212 867 16 707 236 27
internal_value=0 -0.000181185 0.00519944 -0.000974358 -0.00506472 -0.00336578
internal_weight=0 1802 228 1574 680 263
internal_count=2482 1802 228 1574 680 263
is_linear=0
shrinkage=0.0630696


Tree=36
num_leaves=7
num_cat=0
split_feature=0 1 0 2 0 1
split_gain=3.0168 1.7293 1.1849 1.07601 0.272214 0.299243
threshold=-0.57322747591295886 -1.4573852342427978 2.7210782591642872 -1.0030237002128752 -0.79595775995587592 1.2204666486744649
decision_type=2 2 2 2 2 2
left_child=4 2 -2 -3 -1 -6
right_child=1 3 -4 -5 5 -7
leaf_value=-0.019743562306592632 0.0043601219763127917 0.0046225929671257692 0.011920524248815702 -0.0016414168667851217 -0.008735974786963004 0.00030264520745196618
leaf_weight=417 212 125 15.999999999999998 1449 236 27
leaf_count=417 212 125 16 1449 236 27
internal_value=0 -0.000146278 0.0049285 -0.000894462 -0.00506472 -0.00336578
internal_weight=0 1802 228 1574 680 263
internal_count=2482 1802 228 1574 680 263
is_linear=0
shrinkage=0.0630696


Tree=37
num_leaves=7
num_cat=0
split_feature=0 2 0 1 0 1
split_gain=2.82114 1.79081 1.79457 0.870231 0.304034 0.268715
threshold=-0.57322747591295886 0.28580671184363571 3.0836884177580512 1.0987461085418622 -0.80141103829674976 1.2204666486744649
decision_type=2 2 2 2 2 2
left_child=4 3 -3 -2 -1 -6
right_child=1 2 -4 -5 5 -7
leaf_value=-0.019409918747862038 -0.002606186185248026 0.0021247450479593855 0.024144611547631284 0.0030458480067366784 -0.0079406987295958277 0.00025678693894059601
leaf_weight=407 1163 454 21 164 245 28
leaf_count=407 1163 454 21 164 245 28
internal_value=0 -0.000216092 0.00308793 -0.00140606 -0.00497262 -0.00324461
internal_weight=0 1802 475 1327 680 273
internal_count=2482 1802 475 1327 680 273
is_linear=0
shrinkage=0.0630696


Tree=38
num_leaves=8
num_cat=0
split_feature=0 1 0 2 0 1 1
split_gain=2.68731 1.7293 1.1849 0.894281 0.32393 0.333163 0.00268121
threshold=-0.57322747591295886 -1.4573852342427978 2.7210782591642872 -1.0030237002128752 -0.80141103829674976 -0.84878253357978373 -0.97050307371238664
decision_type=2 2 2 2 2 2 2
left_child=4 2 -2 -3 6 -6 -1
right_child=1 3 -4 -5 5 -7 -8
leaf_value=-0.0062093028033913767 0.0042196625594556328 0.0043528291511853645 0.0096459090539933057 -0.0016135078353501941 -0.00075716075820439846 -0.0078315081942950029 -0.031967639905407713
leaf_weight=88 212 125 15.999999999999998 1449 87 186 319
leaf_count=88 212 125 16 1449 87 186 319
internal_value=0 -0.000146278 0.0049285 -0.000894462 -0.00478842 -0.00301757 -0.00592594
internal_weight=0 1802 228 1574 680 273 407
internal_count=2482 1802 228 1574 680 273 407
is_linear=0
shrinkage=0.0630696


Tree=39
num_leaves=7
num_cat=0
split_feature=0 2 1 1 1 0
split_gain=2.51283 1.65755 1.27371 0.847148 0.0898327 0.12599
threshold=-0.77394754014632505 1.8324032063114493 1.5247679990059719 -1.5791057743754007 -0.97050307371238664 -0.84654841444350015
decision_type=2 2 2 2 2 2
left_child=4 2 -2 -3 5 -1
right_child=1 3 -4 -5 -6 -7
leaf_value=-0.0069666322484064356 -0.0012717587027835072 0.017189447829264178 0.01591745951911995 0.0023854636758077049 -0.026735185692521792 -0.00080398637721088538
leaf_weight=73 1901 33 13.999999999999998 87 342 32
leaf_count=73 1901 33 14 87 342 32
internal_value=0 -0.000478963 -0.000935984 0.0065659 -0.00568047 -0.00372877
internal_weight=0 2035 1915 120 447 105
internal_count=2482 2035 1915 120 447 105
is_linear=0
shrinkage=0.0630696


Tree=40
num_leaves=7
num_cat=0
split_feature=0 0 1 0 2 1
split_gain=2.29242 1.24972 0.955541 0.72845 0.587376 0.0855595
threshold=-0.23801511332093431 3.8717856912373398 0.85530502827665622 -0.84654841444350015 -1.0030237002128752 -1.0313633437786878
decision_type=2 2 2 2 2 2
left_child=3 2 -2 5 -5 -1
right_child=1 -3 -4 4 -6 -7
leaf_value=-0.0086393892193987274 -0.00052768765537235653 0.025746351098537845 0.0031431637664004219 0.0024291358569805653 -0.0051976177526310199 -0.022297543977595202
leaf_weight=36 1121 17 191 65 733 319
leaf_count=36 1121 17 191 65 733 319
internal_value=0 0.00033528 8.57551e-05 -0.0035022 -0.00241902 -0.00587087
internal_weight=0 1329 1312 1153 798 355
internal_count=2482 1329 1312 1153 798 355
is_linear=0
shrinkage=0.0630696


Tree=41
num_leaves=8
num_cat=0
split_feature=0 0 1 0 0 1 1
split_gain=2.12085 0.936365 0.894441 0.910811 0.870947 0.698083 0.215474
threshold=0.016055095644835603 -0.84654841444350015 0.85530502827665622 3.8717856912373398 0.21276732880840302 -0.78792226351348227 -1.0313633437786878
decision_type=2 2 2 2 2 2 2
left_child=1 6 3 -2 -4 -3 -1
right_child=2 5 4 -5 -6 -7 -8
leaf_value=-0.0080945060362784278 -0.00014984937226258639 0.00050489645607814 -0.0020173897473901624 0.024415500484884931 0.0080342148364866504 -0.0053563589574600751 -0.020891245866729514
leaf_weight=36 816 264 30 15.999999999999998 59 942 319
leaf_count=36 816 264 30 16 59 942 319
internal_value=0 -0.00286352 0.000946297 0.000285691 0.00678599 -0.00201018 -0.00569557
internal_weight=0 1561 921 832 89 1206 355
internal_count=2482 1561 921 832 89 1206 355
is_linear=0
shrinkage=0.0630696


Tree=42
num_leaves=8
num_cat=0
split_feature=0 6 1 2 1 0 0
split_gain=1.89878 1.12438 1.76771 0.661194 0.215437 0.0984982 0.0265975
threshold=-0.80141103829674976 1.0000000180025095e-35 1.2204666486744649 1.8324032063114493 -0.90964280364608519 -0.95068632010958376 -0.83235675032749123
decision_type=2 2 2 2 2 2 2
left_child=4 3 -3 -2 5 -1 -6
right_child=1 2 -4 -5 6 -7 -8
leaf_value=-7.3886909905376716e-05 0.00020285132346587766 -0.0095881803034024195 0.0036842843783729444 0.0053099475765625301 -0.02937604788355257 -0.0046128211658990259 -0.0076251509892521973
leaf_weight=40 1160 676 119 120 283 62 22
leaf_count=40 1160 676 119 120 283 62 22
internal_value=0 -0.000469751 -0.00232558 0.000686786 -0.00516013 -0.00247505 -0.00600408
internal_weight=0 2075 795 1280 407 102 305
internal_count=2482 2075 795 1280 407 102 305
is_linear=0
shrinkage=0.0630696


Tree=43
num_leaves=8
num_cat=0
split_feature=0 2 1 1 0 0 2
split_gain=1.95153 0.870904 0.893637 0.866873 0.438219 0.217505 0.178912
threshold=-0.40450435808929774 1.0591049590775425 1.4030474588733692 -0.84878253357978373 2.0994045283046758 -0.75042617091701402 -1.0030237002128752
decision_type=2 2 2 2 2 2 2
left_child=3 2 -2 5 -3 -1 -5
right_child=1 4 -4 6 -6 -7 -8
leaf_value=-0.0045442510315275115 -0.00084629353298589329 0.0032418884785710891 0.007488024342526072 -0.00076579531065670533 0.021094656446910113 0.0023519666692609575 -0.015081367623138916
leaf_weight=136 1325 210 23 69 32 110 577
leaf_count=136 1325 210 23 69 32 110 577
internal_value=0 7.87157e-05 -0.000549698 -0.00360017 0.00352441 -0.000399986 -0.00480599
internal_weight=0 1590 1348 892 242 246 646
internal_count=2482 1590 1348 892 242 246 646
is_linear=0
shrinkage=0.0630696


Tree=44
num_leaves=7
num_cat=0
split_feature=0 1 1 6 0 0
split_gain=1.80518 0.93118 0.794025 1.01837 0.187254 0.168091
threshold=-0.40450435808929774 -0.84878253357978373 1.4030474588733692 1.0000000180025095e-35 -0.83235675032749123 -0.75042617091701402
decision_type=2 2 2 2 2 2
left_child=1 5 3 -2 -3 -1
right_child=2 4 -4 -5 -6 -7
leaf_value=-0.0042576467468869944 0.00082733064876245373 -0.026409518647546301 0.0070157573297290237 -0.006196376651436613 -0.0056552277414625637 0.0022036289739918225
leaf_weight=136 983 280 23 584 366 110
leaf_count=136 983 280 23 584 366 110
internal_value=0 -0.00345951 7.87157e-05 -0.000107959 -0.00470908 -0.000148494
internal_weight=0 892 1590 1567 646 246
internal_count=2482 892 1590 1567 646 246
is_linear=0
shrinkage=0.0630696


Tree=45
num_leaves=8
num_cat=0
split_feature=0 6 1 1 1 2 1
split_gain=1.55984 0.929425 1.51509 0.624135 0.587062 0.236189 0.208305
threshold=-0.57322747591295886 1.0000000180025095e-35 1.0987461085418622 0.24670232761364183 -0.84878253357978373 1.3168710414888449 1.4030474588733692
decision_type=2 2 2 2 2 2 2
left_child=4 3 -3 -2 5 -1 -6
right_child=1 2 -4 -5 6 -7 -8
leaf_value=-0.0045424064280768003 -2.839457915428201e-05 -0.0088596651062483045 0.003738855134521601 0.0028974585590212697 -0.017281058979136756 0.002019876346150811 -0.00027141302150430856
leaf_weight=164 776 556 151 319 460 28 28
leaf_count=164 776 556 151 319 460 28 28
internal_value=0 -0.000146278 -0.00192195 0.00100303 -0.0036832 -0.000702052 -0.00483669
internal_weight=0 1802 707 1095 680 192 488
internal_count=2482 1802 707 1095 680 192 488
is_linear=0
shrinkage=0.0630696


Tree=46
num_leaves=8
num_cat=0
split_feature=0 0 2 1 1 0 0
split_gain=1.41237 0.846831 1.00505 0.631809 0.272014 0.159616 0.0578728
threshold=-0.83235675032749123 0.78831815129098548 -1.0030237002128752 0.79444475821035476 -0.90964280364608519 -0.95068632010958376 -0.92657363154210592
decision_type=2 2 2 2 2 2 2
left_child=4 2 -2 -3 5 -1 -6
right_child=1 3 -4 -5 6 -7 -8
leaf_value=0.00077239359691573582 0.003532599014192579 0.0031358849143721407 -0.0021842847519073392 0.0077330951765700829 -0.027690103527236186 -0.0035914505271951867 -0.012211550576904397
leaf_weight=40 137 324 1623 21 206 54 77
leaf_count=40 137 324 1623 21 206 54 77
internal_value=0 -0.000403284 -0.000964584 0.00243248 -0.00457441 -0.00152624 -0.00554261
internal_weight=0 2105 1760 345 377 94 283
internal_count=2482 2105 1760 345 377 94 283
is_linear=0
shrinkage=0.0630696


Tree=47
num_leaves=8
num_cat=0
split_feature=0 2 2 0 1 0 0
split_gain=1.17872 0.806418 0.904962 0.575098 0.214031 0.159616 0.128933
threshold=-0.83235675032749123 1.0591049590775425 -1.0030237002128752 2.0994045283046758 -0.90964280364608519 -0.95068632010958376 -0.95068632010958376
decision_type=2 2 2 2 2 2 2
left_child=4 2 -2 -3 5 -1 -6
right_child=1 3 -4 -5 6 -7 -8
leaf_value=0.00072367900945815352 0.0032876365208143075 0.0014804798177004508 -0.0019296659943520262 0.019516056271824306 -0.029178693136231778 -0.0033649390290347268 -0.011898434072808379
leaf_weight=40 150 282 1641 32 181 54 102
leaf_count=40 150 282 1641 32 181 54 102
internal_value=0 -0.000433178 -0.000951445 0.00249097 -0.00424402 -0.00152624 -0.00510429
internal_weight=0 2105 1791 314 377 94 283
internal_count=2482 2105 1791 314 377 94 283
is_linear=0
shrinkage=0.0630696


Tree=48
num_leaves=7
num_cat=0
split_feature=0 1 4 0 1 2
split_gain=1.31927 1.11243 0.877548 0.649657 0.638631 0.440599
threshold=0.016055095644835603 0.85530502827665622 1.3401069926887506 0.14870773384030736 -0.78792226351348227 1.0591049590775425
decision_type=2 2 2 2 2 2
left_child=2 5 4 -3 -1 -2
right_child=1 3 -4 -5 -6 -7
leaf_value=0.00027135930144241794 -0.00053733846210357377 -0.005392429170671364 0.011667305923729911 0.0065848873859038846 -0.0058130309539950941 0.0041064096207011338
leaf_weight=354 657 25 21 64 1186 175
leaf_count=354 657 25 21 64 1186 175
internal_value=0 0.000946297 -0.00205792 0.00745851 -0.00224513 0.000210319
internal_weight=0 921 1561 89 1540 832
internal_count=2482 921 1561 89 1540 832
is_linear=0
shrinkage=0.0630696


Tree=49
num_leaves=7
num_cat=0
split_feature=0 1 1 6 0 0
split_gain=1.14032 0.930558 0.627666 0.623258 0.364989 0.200099
threshold=-0.37474128473489016 1.4030474588733692 -0.84878253357978373 1.0000000180025095e-35 -0.95068632010958376 -0.75042617091701402
decision_type=2 2 2 2 2 2
left_child=2 3 5 -2 -4 -1
right_child=1 -3 4 -5 -6 -7
leaf_value=-0.0032810080822997336 0.00095294906562060815 0.0065550778389741188 -0.026971777633185035 -0.0048780793443851207 -0.0054340840483080907 0.0032249349150305384
leaf_weight=136 969 21 178 560 504 114
leaf_count=136 969 21 178 560 504 114
internal_value=0 8.07408e-05 -0.00270586 -0.000118858 -0.00369084 0
internal_weight=0 1550 932 1529 682 250
internal_count=2482 1550 932 1529 682 250
is_linear=0
shrinkage=0.0630696


Tree=50
num_leaves=7
num_cat=0
split_feature=0 1 1 6 0 0
split_gain=1.1518 0.917934 0.59682 0.52202 0.394523 0.200099
threshold=-0.37474128473489016 1.4030474588733692 -0.84878253357978373 1.0000000180025095e-35 -0.95068632010958376 -0.75042617091701402
decision_type=2 2 2 2 2 2
left_child=2 3 5 -2 -4 -1
right_child=1 -3 4 -5 -6 -7
leaf_value=-0.0030740760779269286 0.00089284690943335521 0.0061416514279401795 -0.025270677280143719 -0.0045704206276422554 -0.0050913583140703217 0.0030215394252298862
leaf_weight=136 969 21 178 560 504 114
leaf_count=136 969 21 178 560 504 114
internal_value=0 0.000161871 -0.00263853 -3.66169e-05 -0.003599 0
internal_weight=0 1550 932 1529 682 250
internal_count=2482 1550 932 1529 682 250
is_linear=0
shrinkage=0.0630696


Tree=51
num_leaves=7
num_cat=0
split_feature=0 1 2 0 1 1
split_gain=1.18796 1.16956 0.762483 0.222777 0.142847 0.0284589
threshold=-0.83235675032749123 1.5247679990059719 -1.0030237002128752 -1.000160038069559 0.79444475821035476 -0.97050307371238664
decision_type=2 2 2 2 2 2
left_child=3 2 -2 5 -5 -1
right_child=1 -3 -4 4 -6 -7
leaf_value=-0.016527498270620011 0.0036705284919178157 0.012881606952538446 -0.00083178044350794473 -0.003184402939383481 -0.025458396648953559 -0.029168602637069281
leaf_weight=20 146 13.999999999999998 1945 164 43 150
leaf_count=20 146 14 1945 164 43 150
internal_value=0 -0.000253814 -0.00039394 -0.00407882 -0.00258806 -0.00577013
internal_weight=0 2105 2091 377 207 170
internal_count=2482 2105 2091 377 207 170
is_linear=0
shrinkage=0.0630696


Tree=52
num_leaves=8
num_cat=0
split_feature=0 1 1 6 0 1 1
split_gain=1.20667 0.770556 1.16358 1.00135 0.222777 0.142847 0.0284589
threshold=-0.83235675032749123 1.2204666486744649 1.2813269187407663 1.0000000180025095e-35 -1.000160038069559 0.79444475821035476 -0.97050307371238664
decision_type=2 2 2 2 2 2 2
left_child=4 3 -3 -2 6 -6 -1
right_child=1 2 -4 -5 5 -7 -8
leaf_value=-0.01548511487545039 0.00067554805108769125 0.0071122322530563636 2.1291496638841016e-06 -0.0070081050543307636 -0.0029835637867670016 -0.023852744692438959 -0.027328949318016736
leaf_weight=20 1298 35 92 680 164 43 150
leaf_count=20 1298 35 92 680 164 43 150
internal_value=0 -0.00022392 0.00444634 -0.000534083 -0.00407882 -0.00258806 -0.00577013
internal_weight=0 2105 127 1978 377 207 170
internal_count=2482 2105 127 1978 377 207 170
is_linear=0
shrinkage=0.0630696


Tree=53
num_leaves=7
num_cat=0
split_feature=0 1 1 2 0 0
split_gain=1.19901 0.776341 0.546307 0.483506 0.388696 0.168091
threshold=-0.40450435808929774 1.4030474588733692 -0.84878253357978373 2.8634675359566581 -0.95068632010958376 -0.75042617091701402
decision_type=2 2 2 2 2 2
left_child=2 3 5 -2 -4 -1
right_child=1 -3 4 -5 -6 -7
leaf_value=-0.0024911837491138752 -0.00018665577967307264 0.0057367534826082769 -0.021389192835168491 0.01504686398712825 -0.0044956443221063486 0.0019531481790864571
leaf_weight=136 1531 23 178 36 468 110
leaf_count=136 1531 23 178 36 468 110
internal_value=0 0.000197358 -0.00268589 1.1653e-05 -0.00364303 -0.000148494
internal_weight=0 1590 892 1567 646 246
internal_count=2482 1590 892 1567 646 246
is_linear=0
shrinkage=0.0630696


Tree=54
num_leaves=8
num_cat=0
split_feature=0 2 1 6 0 1 1
split_gain=1.20667 0.774341 1.1361 0.822906 0.222777 0.142847 0.0284589
threshold=-0.83235675032749123 -1.0030237002128752 0.30756259767994326 1.0000000180025095e-35 -1.000160038069559 0.79444475821035476 -0.97050307371238664
decision_type=2 2 2 2 2 2 2
left_child=4 2 -2 -3 6 -6 -1
right_child=1 3 -4 -5 5 -7 -8
leaf_value=-0.014351356160971097 -0.0074539323791367809 0.0005283919374016754 0.0063733181338786115 -0.0059339765567664755 -0.002584794615759944 -0.021921937119051781 -0.024256313545047484
leaf_weight=20 34 1260 116 695 164 43 150
leaf_count=20 34 1260 116 695 164 43 150
internal_value=0 -0.00022392 0.00407086 -0.000562879 -0.00407882 -0.00258806 -0.00577013
internal_weight=0 2105 150 1955 377 207 170
internal_count=2482 2105 150 1955 377 207 170
is_linear=0
shrinkage=0.0630696


Tree=55
num_leaves=8
num_cat=0
split_feature=0 2 6 1 1 0 0
split_gain=1.16655 0.57601 0.802658 0.729058 0.265371 0.133896 0.0871799
threshold=-0.88018791457033596 -1.0030237002128752 1.0000000180025095e-35 0.30756259767994326 -0.90964280364608519 -0.95068632010958376 -0.95068632010958376
decision_type=2 2 2 2 2 2 2
left_child=4 3 -3 -2 5 -1 -6
right_child=1 2 -4 -5 6 -7 -8
leaf_value=0.0021615735294247635 -0.0071022668532325882 0.00041731008341114935 -0.0056507774730959626 0.0053529326937448666 -0.018576762909127062 -0.0053242152586214378 -0.011828280037487217
leaf_weight=40 37 1309 703 119 181 32 61
leaf_count=40 37 1309 703 119 181 32 61
internal_value=0 -0.000342244 -0.000631406 0.00329131 -0.00442986 -0.000977854 -0.00541562
internal_weight=0 2168 2012 156 314 72 242
internal_count=2482 2168 2012 156 314 72 242
is_linear=0
shrinkage=0.0630696


Tree=56
num_leaves=7
num_cat=0
split_feature=0 1 1 2 0 0
split_gain=1.15896 0.794025 0.57708 0.404567 0.35747 0.168091
threshold=-0.40450435808929774 1.4030474588733692 -0.84878253357978373 -1.0030237002128752 -0.95068632010958376 -0.75042617091701402
decision_type=2 2 2 2 2 2
left_child=2 3 5 -2 -4 -1
right_child=1 -3 4 -5 -6 -7
leaf_value=-0.0021973632095083732 0.0032429516603612518 0.0061055847821544452 -0.017382885182044411 -0.00033973495719048422 -0.0038165942214643351 0.0017703187354537471
leaf_weight=136 107 23 178 1460 468 110
leaf_count=136 107 23 178 1460 468 110
internal_value=0 7.87157e-05 -0.00275622 -0.000107959 -0.00373994 -0.000148494
internal_weight=0 1590 892 1567 646 246
internal_count=2482 1590 892 1567 646 246
is_linear=0
shrinkage=0.0630696


Tree=57
num_leaves=8
num_cat=0
split_feature=0 1 1 6 1 0 0
split_gain=1.14996 0.50952 1.02186 0.889145 0.265371 0.133896 0.0871799
threshold=-0.88018791457033596 1.2204666486744649 1.2813269187407663 1.0000000180025095e-35 -0.90964280364608519 -0.95068632010958376 -0.95068632010958376
decision_type=2 2 2 2 2 2 2
left_child=4 3 -3 -2 5 -1 -6
right_child=1 2 -4 -5 6 -7 -8
leaf_value=0.0021638307717264525 0.00047183146536921487 0.0074275118744988374 -0.00016773205461888537 -0.0058920546858115133 -0.016308800786086659 -0.0048498319991428533 -0.010841563422544966
leaf_weight=40 1350 35 93 690 181 32 61
leaf_count=40 1350 35 93 690 181 32 61
internal_value=0 -0.000371272 0.00341537 -0.000616591 -0.00442986 -0.000977854 -0.00541562
internal_weight=0 2168 128 2040 314 72 242
internal_count=2482 2168 128 2040 314 72 242
is_linear=0
shrinkage=0.0630696


Tree=58
num_leaves=8
num_cat=0
split_feature=0 1 1 6 1 0 0
split_gain=1.16655 0.50177 1.02186 0.831953 0.265371 0.133896 0.0871799
threshold=-0.88018791457033596 1.2204666486744649 1.2813269187407663 1.0000000180025095e-35 -0.90964280364608519 -0.95068632010958376 -0.95068632010958376
decision_type=2 2 2 2 2 2 2
left_child=4 3 -3 -2 5 -1 -6
right_child=1 2 -4 -5 6 -7 -8
leaf_value=0.0020273587401173983 0.00044207322387581455 0.0069590613613823233 -0.00015715325402197716 -0.0055204449075282212 -0.015280210562921132 -0.0045439548323453569 -0.010157789901332195
leaf_weight=40 1350 35 93 690 181 32 61
leaf_count=40 1350 35 93 690 181 32 61
internal_value=0 -0.000342244 0.00341537 -0.000585747 -0.00442986 -0.000977854 -0.00541562
internal_weight=0 2168 128 2040 314 72 242
internal_count=2482 2168 128 2040 314 72 242
is_linear=0
shrinkage=0.0630696


Tree=59
num_leaves=6
num_cat=0
split_feature=0 4 1 2 1
split_gain=1.18716 0.559244 0.785142 0.577842 0.108867
threshold=-0.97736139247578568 1.3401069926887506 0.6118639480114505 -1.0030237002128752 -0.97050307371238664
decision_type=2 2 2 2 2
left_child=4 3 -3 -2 -1
right_child=1 2 -4 -5 -6
leaf_value=-0.0072756917059680149 0.0033398489290018853 -0.00085302297118056093 0.017478091576419455 -0.00095885222797004025 -0.015670607951047511
leaf_weight=28 160 27 22 2082 163
leaf_count=28 160 27 22 2082 163
internal_value=0 -0.000387094 0.00596957 -0.000538699 -0.00550557
internal_weight=0 2291 49 2242 191
internal_count=2482 2291 49 2242 191
is_linear=0
shrinkage=0.0630696


Tree=60
num_leaves=6
num_cat=0
split_feature=0 4 1 0 1
split_gain=1.17133 0.563758 0.785142 0.503072 0.0284589
threshold=-1.000160038069559 1.3401069926887506 0.6118639480114505 3.0836884177580512 -0.97050307371238664
decision_type=2 2 2 2 2
left_child=4 3 -3 -2 -1
right_child=1 2 -4 -5 -6
leaf_value=-0.013249425578380082 -0.00075132386684095517 -0.00079922311797236891 0.016375754601990627 0.018199383967600138 -0.017477867157106499
leaf_weight=20 2232 27 22 31 150
leaf_count=20 2232 27 22 31 150
internal_value=0 -0.00041353 0.00596957 -0.000564302 -0.00577013
internal_weight=0 2312 49 2263 170
internal_count=2482 2312 49 2263 170
is_linear=0
shrinkage=0.0630696


Tree=61
num_leaves=6
num_cat=0
split_feature=0 5 1 2 1
split_gain=1.21969 0.563549 1.06672 0.612495 0.0284589
threshold=-1.000160038069559 1.0000000180025095e-35 0.79444475821035476 -1.0030237002128752 -0.97050307371238664
decision_type=2 2 2 2 2
left_child=4 3 -3 -2 -1
right_child=1 2 -4 -5 -6
leaf_value=-0.012413789053583696 0.003419816920118092 -0.00049696198319435446 0.0045680761614471134 -0.0024749588006878391 -0.01637554433672337
leaf_weight=20 78 915 240 1079 150
leaf_count=20 78 915 240 1079 150
internal_value=0 -0.000304639 0.000679237 -0.00128608 -0.00577013
internal_weight=0 2312 1155 1157 170
internal_count=2482 2312 1155 1157 170
is_linear=0
shrinkage=0.0630696


Tree=62
num_leaves=7
num_cat=0
split_feature=0 1 1 1 0 1
split_gain=1.09905 0.913601 0.752932 0.438791 0.285338 0.248629
threshold=-0.40450435808929774 -0.84878253357978373 1.4030474588733692 -1.6399660444417019 -0.95068632010958376 -1.0922236138449894
decision_type=2 2 2 2 2 2
left_child=1 5 3 -2 -3 -1
right_child=2 4 -4 -5 -6 -7
leaf_value=-0.0024671989374522195 0.0057041229205289819 -0.01191089607483601 0.0056227421757978225 -0.00024933868697212745 -0.0036899152618829032 0.0015089568986048762
leaf_weight=123 140 178 23 1427 468 123
leaf_count=123 140 178 23 1427 468 123
internal_value=0 -0.00240458 0.000355548 0.000172158 -0.00364303 0.00085267
internal_weight=0 892 1590 1567 646 246
internal_count=2482 892 1590 1567 646 246
is_linear=0
shrinkage=0.0630696


Tree=63
num_leaves=6
num_cat=0
split_feature=0 4 1 0 1
split_gain=0.997146 0.539825 0.785142 0.524547 0.129429
threshold=-1.0072558701275633 1.3401069926887506 0.6118639480114505 0.036094250993829506 -0.90964280364608519
decision_type=2 2 2 2 2
left_child=4 3 -3 -2 -1
right_child=1 2 -4 -5 -6
leaf_value=-0.013051259012212706 -0.0019616740486073274 -0.00070174748631778039 0.015033525211188434 0.00091046775027775289 -0.018576246098077068
leaf_weight=24 1413 27 22 860 136
leaf_count=24 1413 27 22 860 136
internal_value=0 -0.000276223 0.00596957 -0.00042338 -0.0053548
internal_weight=0 2322 49 2273 160
internal_count=2482 2322 49 2273 160
is_linear=0
shrinkage=0.0630696


Tree=64
num_leaves=7
num_cat=0
split_feature=0 1 1 3 0 1
split_gain=0.886485 0.778102 0.752932 0.437678 0.232553 0.224893
threshold=-0.40450435808929774 -0.72706199344718081 1.4030474588733692 -0.86158447112794823 -1.0072558701275633 -1.0922236138449894
decision_type=2 2 2 2 2 2
left_child=1 5 3 -2 -3 -1
right_child=2 4 -4 -5 -6 -7
leaf_value=-0.0021878715048067 -0.0031665859153362868 -0.01717318771704357 0.0053556108346612544 0.00089160477890348993 -0.003641420392368153 0.0009284080539767632
leaf_weight=123 361 134 23 1206 501 134
leaf_count=123 361 134 23 1206 501 134
internal_value=0 -0.00212326 0.000355548 0.000172158 -0.00330149 0.000792748
internal_weight=0 892 1590 1567 635 257
internal_count=2482 892 1590 1567 635 257
is_linear=0
shrinkage=0.0630696


Tree=65
num_leaves=7
num_cat=0
split_feature=0 4 1 2 1 2
split_gain=0.759684 0.724637 0.971153 0.57592 0.0247611 0.0403214
threshold=-1.0255210674620565 1.3401069926887506 0.6118639480114505 1.8324032063114493 -0.90964280364608519 -1.0030237002128752
decision_type=2 2 2 2 2 2
left_child=4 3 -3 -2 -1 -6
right_child=1 2 -4 -5 5 -7
leaf_value=-0.021696465442587305 -0.00079695604421430553 -0.00071372171774730924 0.013824911970534627 0.0036980476606999486 -0.027956681879955543 -0.026105405913252978
leaf_weight=17 2177 27 23 125 15.999999999999998 97
leaf_count=17 2177 27 23 125 16 97
internal_value=0 -0.000272707 0.00689676 -0.000442664 -0.00514287 -0.00551033
internal_weight=0 2352 50 2302 130 113
internal_count=2482 2352 50 2302 130 113
is_linear=0
shrinkage=0.0630696


Tree=66
num_leaves=7
num_cat=0
split_feature=0 4 1 6 1 2
split_gain=0.755903 0.521307 0.785142 0.537123 0.0870368 0.026129
threshold=-1.0072558701275633 1.3401069926887506 0.6118639480114505 1.0000000180025095e-35 -0.90964280364608519 -0.48749153539027096
decision_type=2 2 2 2 2 2
left_child=4 3 -3 -2 -1 -6
right_child=1 2 -4 -5 5 -7
leaf_value=-0.011482235604539816 0.00035468160269989024 -0.00066870754469033965 0.013129046255052745 -0.0036654555055454698 -0.0035345603368007105 -0.015933840663023505
leaf_weight=24 1465 27 22 808 48 88
leaf_count=24 1465 27 22 808 48 88
internal_value=0 -0.000167799 0.00596957 -0.000312623 -0.00458931 -0.00519248
internal_weight=0 2322 49 2273 160 136
internal_count=2482 2322 49 2273 160 136
is_linear=0
shrinkage=0.0630696


Tree=67
num_leaves=4
num_cat=0
split_feature=1 0 6
split_gain=0.70912 0.788826 0.475728
threshold=1.5247679990059719 -1.0604089084139114 1.0000000180025095e-35
decision_type=2 2 2
left_child=1 -1 -3
right_child=-2 2 -4
leaf_value=-0.029123807107933827 0.0046743536048484196 0.0003433107617194663 -0.0035323807349593095
leaf_weight=97 20 1530 835
leaf_count=97 20 1530 835
internal_value=0 -0.000567358 -0.000332424
internal_weight=0 2462 2365
internal_count=2482 2462 2365
is_linear=0
shrinkage=0.0630696


Tree=68
num_leaves=6
num_cat=0
split_feature=1 0 6 2 0
split_gain=0.937153 0.661208 0.573942 0.365666 0.596862
threshold=1.4030474588733692 -1.0777542756668113 1.0000000180025095e-35 -0.48749153539027096 -0.34675216939498393
decision_type=2 2 2 2 2
left_child=1 -1 -3 4 -2
right_child=3 2 -4 -5 -6
leaf_value=-0.030969537764380686 0.0005556427666773134 0.00030760913249795784 -0.0035739390258988698 -0.012880215546511829 0.0089649668438847013
leaf_weight=83 29.999999999999996 1538 803 13.999999999999998 14.000000000000002
leaf_count=83 30 1538 803 14 14
internal_value=0 -0.000581428 -0.000378843 0.00722344 0.00981369
internal_weight=0 2424 2341 58 44
internal_count=2482 2424 2341 58 44
is_linear=0
shrinkage=0.0630696


Tree=69
num_leaves=6
num_cat=0
split_feature=1 0 6 2 0
split_gain=0.937153 0.661208 0.573942 0.365666 0.596862
threshold=1.4030474588733692 -1.0777542756668113 1.0000000180025095e-35 -0.48749153539027096 -0.34675216939498393
decision_type=2 2 2 2 2
left_child=1 -1 -3 4 -2
right_child=3 2 -4 -5 -6
leaf_value=-0.029016300112009737 0.00052059857643465721 0.00028820833470819348 -0.0033485319718520052 -0.012067864966160646 0.0083995495966221207
leaf_weight=83 29.999999999999996 1538 803 13.999999999999998 14.000000000000002
leaf_count=83 30 1538 803 14 14
internal_value=0 -0.000581428 -0.000378843 0.00722344 0.00981369
internal_weight=0 2424 2341 58 44
internal_count=2482 2424 2341 58 44
is_linear=0
shrinkage=0.0630696


Tree=70
num_leaves=6
num_cat=0
split_feature=1 0 5 2 0
split_gain=0.705993 0.667647 0.47162 0.288098 0.345494
threshold=1.4030474588733692 -1.0777542756668113 1.1199807455555051 -0.48749153539027096 -0.34675216939498393
decision_type=2 2 2 2 2
left_child=1 -1 -3 4 -2
right_child=3 2 -4 -5 -6
leaf_value=-0.027186252458652301 0.00048776461071639766 -0.00079110365802560095 0.0041004316022991228 -0.011306749045898498 0.0078697930125911069
leaf_weight=83 29.999999999999996 2186 155 13.999999999999998 14.000000000000002
leaf_count=83 30 2186 155 14 14
internal_value=0 -0.00055546 -0.000351957 0.00621885 0.00852079
internal_weight=0 2424 2341 58 44
internal_count=2482 2424 2341 58 44
is_linear=0
shrinkage=0.0630696


Tree=71
num_leaves=8
num_cat=0
split_feature=1 1 6 2 1 5 2
split_gain=0.553251 0.758865 0.679896 0.883371 0.631382 0.572854 0.256376
threshold=1.2204666486744649 1.2813269187407663 1.0000000180025095e-35 -0.74525761780157318 1.4030474588733692 1.1199807455555051 -0.74525761780157318
decision_type=2 2 2 2 2 2 2
left_child=2 6 5 -4 -3 -1 -2
right_child=1 4 3 -5 -6 -7 -8
leaf_value=-0.00037419581366153048 0.010848525094812383 -0.0045669439295901093 0.0020063797187893518 -0.0074869662275555676 0.0034937747142832036 0.006429660334133191 0.0021432483183051691
leaf_weight=1482 17 70 246 499 58 88 22
leaf_count=1482 17 70 246 499 58 88 22
internal_value=0 0.00304384 -0.000665842 -0.00222831 0.000565446 7.97154e-05 0.0102142
internal_weight=0 167 2315 745 128 1570 39
internal_count=2482 167 2315 745 128 1570 39
is_linear=0
shrinkage=0.0630696


Tree=72
num_leaves=6
num_cat=0
split_feature=0 1 1 6 2
split_gain=0.596205 0.561197 0.815661 0.621333 0.0364437
threshold=-1.0777542756668113 1.2204666486744649 1.2813269187407663 1.0000000180025095e-35 -1.0030237002128752
decision_type=2 2 2 2 2
left_child=4 3 -3 -2 -1
right_child=1 2 -4 -5 -6
leaf_value=-0.018347764406818862 0.0002390228188851672 0.0069403797263811687 0.00044019127762136084 -0.0036007424917035746 -0.023215813362478587
leaf_weight=15.999999999999998 1528 37 109 718 74
leaf_count=16 1528 37 109 718 74
internal_value=0 -0.000215527 0.0035096 -0.000464886 -0.00531701
internal_weight=0 2392 146 2246 90
internal_count=2482 2392 146 2246 90
is_linear=0
shrinkage=0.0630696


Tree=73
num_leaves=7
num_cat=0
split_feature=1 1 1 0 6 2
split_gain=0.561374 0.758865 0.631382 0.59265 0.584096 0.256376
threshold=1.2204666486744649 1.2813269187407663 1.4030474588733692 -1.0604089084139114 1.0000000180025095e-35 -0.74525761780157318
decision_type=2 2 2 2 2 2
left_child=3 5 -3 -1 -5 -2
right_child=1 2 -4 4 -6 -7
leaf_value=-0.023685385893583405 0.0097265852403804337 -0.0043066711181852886 0.0034048136616621665 0.00028940498174114784 -0.0033432099175602051 0.0015703471516168609
leaf_weight=78 17 70 58 1521 716 22
leaf_count=78 17 70 58 1521 716 22
internal_value=0 0.00304384 0.000565446 -0.000693029 -0.000497699 0.0102142
internal_weight=0 167 128 2315 2237 39
internal_count=2482 167 128 2315 2237 39
is_linear=0
shrinkage=0.0630696


Tree=74
num_leaves=6
num_cat=0
split_feature=4 1 1 0 6
split_gain=0.678666 0.839001 0.575968 0.810736 0.687899
threshold=1.3401069926887506 0.6118639480114505 1.2204666486744649 0.036094250993829506 1.0000000180025095e-35
decision_type=2 2 2 2 2
left_child=2 -2 4 -4 -1
right_child=1 -3 3 -5 -6
leaf_value=-3.4091938908842028e-05 -0.0013832197586182333 0.010674522727492659 0.00103082549350801 0.0031982626491432109 -0.0041525472630177338
leaf_weight=1554 27 25 146 13.999999999999998 716
leaf_count=1554 27 25 146 14 716
internal_value=0 0.00643169 -0.00054373 0.00305832 -0.000803778
internal_weight=0 52 2430 160 2270
internal_count=2482 52 2430 160 2270
is_linear=0
shrinkage=0.0630696


Tree=75
num_leaves=7
num_cat=0
split_feature=1 1 1 0 4 2
split_gain=0.537181 0.758865 0.631382 0.611368 0.535167 0.256376
threshold=1.2204666486744649 1.2813269187407663 1.4030474588733692 -1.0604089084139114 1.3401069926887506 -0.74525761780157318
decision_type=2 2 2 2 2 2
left_child=3 5 -3 -1 -5 -2
right_child=1 2 -4 4 -6 -7
leaf_value=-0.022189406923878312 0.0090481191990946976 -0.0041000647081653385 0.0030840498294425669 -0.000701281333296562 0.0050656336450619404 0.0013926221077870497
leaf_weight=78 17 70 58 2194 43 22
leaf_count=78 17 70 58 2194 43 22
internal_value=0 0.00304384 0.000565446 -0.000611466 -0.000413298 0.0102142
internal_weight=0 167 128 2315 2237 39
internal_count=2482 167 128 2315 2237 39
is_linear=0
shrinkage=0.0630696


Tree=76
num_leaves=6
num_cat=0
split_feature=0 1 0 6 2
split_gain=0.522337 0.514838 0.593515 0.544452 0.0453718
threshold=-1.0992388782868801 1.2204666486744649 0.036094250993829506 1.0000000180025095e-35 -1.0030237002128752
decision_type=2 2 2 2 2
left_child=4 3 -3 -2 -1
right_child=1 2 -4 -5 -6
leaf_value=-0.018847428162900304 0.00020341829044575127 0.001119943191992726 0.0027400488274951654 -0.0028870957051915962 -0.026055678139782341
leaf_weight=13.999999999999998 1534 132 15.999999999999998 720 66
leaf_count=14 1534 132 16 720 66
internal_value=0 -0.000162222 0.00338109 -0.000401811 -0.00520025
internal_weight=0 2402 148 2254 80
internal_count=2482 2402 148 2254 80
is_linear=0
shrinkage=0.0630696


Tree=77
num_leaves=6
num_cat=0
split_feature=0 1 0 4 2
split_gain=0.533319 0.499752 0.593515 0.524287 0.0453718
threshold=-1.0992388782868801 1.2204666486744649 0.036094250993829506 1.3401069926887506 -1.0030237002128752
decision_type=2 2 2 2 2
left_child=4 3 -3 -2 -1
right_child=1 2 -4 -5 -6
leaf_value=-0.017658727620508848 -0.00069488036978892077 0.001049308776078719 0.0025672349295314694 0.0049282340376266519 -0.024412355853609444
leaf_weight=13.999999999999998 2211 132 15.999999999999998 43 66
leaf_count=14 2211 132 16 43 66
internal_value=0 -0.000109812 0.00338109 -0.000345967 -0.00520025
internal_weight=0 2402 148 2254 80
internal_count=2482 2402 148 2254 80
is_linear=0
shrinkage=0.0630696


Tree=78
num_leaves=8
num_cat=0
split_feature=0 2 1 4 1 1 1
split_gain=0.545184 0.610769 0.813845 0.561268 0.533884 0.272944 0.213936
threshold=-0.41974725658427031 -1.0030237002128752 0.30756259767994326 1.0000000180025095e-35 -0.72706199344718081 1.2204666486744649 -1.0922236138449894
decision_type=2 2 2 2 2 2 2
left_child=4 2 -2 -3 6 -6 -1
right_child=1 3 -4 -5 5 -7 -8
leaf_value=-0.0018857369829663405 -0.003803412012997671 -0.0023678298646862936 0.0090399829791907357 0.00067686828017825013 -0.0061818365368663834 0.00070801814441068549 0.001565161939538912
leaf_weight=120 30 280 81 1219 529 90 133
leaf_count=120 30 280 81 1219 529 90 133
internal_value=0 0.00042926 0.00484289 8.76732e-05 -0.0015243 -0.00251664 0.000902915
internal_weight=0 1610 111 1499 872 619 253
internal_count=2482 1610 111 1499 872 619 253
is_linear=0
shrinkage=0.0630696


Tree=79
num_leaves=6
num_cat=0
split_feature=0 1 0 6 2
split_gain=0.53885 0.49229 0.593515 0.477583 0.0453718
threshold=-1.0992388782868801 1.2204666486744649 0.036094250993829506 1.0000000180025095e-35 -1.0030237002128752
decision_type=2 2 2 2 2
left_child=4 3 -3 -2 -1
right_child=1 2 -4 -5 -6
leaf_value=-0.016459290111571594 0.00024695466012258433 0.00093847479674259867 0.0023984161862210772 -0.0027038715972899623 -0.022482791099508181
leaf_weight=13.999999999999998 1534 132 15.999999999999998 720 66
leaf_count=14 1534 132 16 720 66
internal_value=0 -8.3607e-05 0.00338109 -0.000318045 -0.00520025
internal_weight=0 2402 148 2254 80
internal_count=2482 2402 148 2254 80
is_linear=0
shrinkage=0.0630696


Tree=80
num_leaves=6
num_cat=0
split_feature=0 1 0 0 2
split_gain=0.53885 0.49229 0.593515 0.384063 0.0453718
threshold=-1.0992388782868801 1.2204666486744649 0.036094250993829506 1.4971129313072067 -1.0030237002128752
decision_type=2 2 2 2 2
left_child=4 3 -3 -2 -1
right_child=1 2 -4 -5 -6
leaf_value=-0.015421208580558373 -0.0006376263771416253 0.00087928552750818931 0.0022471489365570988 0.0052470758066106606 -0.021064809519025705
leaf_weight=13.999999999999998 2084 132 15.999999999999998 170 66
leaf_count=14 2084 132 16 170 66
internal_value=0 -8.3607e-05 0.00338109 -0.000318045 -0.00520025
internal_weight=0 2402 148 2254 80
internal_count=2482 2402 148 2254 80
is_linear=0
shrinkage=0.0630696


Tree=81
num_leaves=6
num_cat=0
split_feature=0 1 0 3 2
split_gain=0.549992 0.477531 0.593515 0.401604 0.0453718
threshold=-1.0992388782868801 1.2204666486744649 0.036094250993829506 -0.86158447112794823 -1.0030237002128752
decision_type=2 2 2 2 2
left_child=4 3 -3 -2 -1
right_child=1 2 -4 -5 -6
leaf_value=-0.014448598479827169 -0.0022383002101998926 0.00082382930428078101 0.0021054220581398727 0.00011848864049472934 -0.019736259528851066
leaf_weight=13.999999999999998 519 132 15.999999999999998 1735 66
leaf_count=14 519 132 16 1735 66
internal_value=0 -3.11971e-05 0.00338109 -0.000262201 -0.00520025
internal_weight=0 2402 148 2254 80
internal_count=2482 2402 148 2254 80
is_linear=0
shrinkage=0.0630696


Tree=82
num_leaves=6
num_cat=0
split_feature=0 1 0 3 2
split_gain=0.549992 0.477531 0.593515 0.401604 0.0453718
threshold=-1.0992388782868801 1.2204666486744649 0.036094250993829506 -0.86158447112794823 -1.0030237002128752
decision_type=2 2 2 2 2
left_child=4 3 -3 -2 -1
right_child=1 2 -4 -5 -6
leaf_value=-0.013537330549724367 -0.0020971314177842294 0.00077187068518577587 0.0019726338431726885 0.00011101560438565974 -0.018491500710621146
leaf_weight=13.999999999999998 519 132 15.999999999999998 1735 66
leaf_count=14 519 132 16 1735 66
internal_value=0 -3.11971e-05 0.00338109 -0.000262201 -0.00520025
internal_weight=0 2402 148 2254 80
internal_count=2482 2402 148 2254 80
is_linear=0
shrinkage=0.0630696


Tree=83
num_leaves=5
num_cat=0
split_feature=0 1 2 2
split_gain=0.533739 0.579824 0.375335 0.294952
threshold=-1.1355721665098104 1.4030474588733692 -1.0030237002128752 -0.48749153539027096
decision_type=2 2 2 2
left_child=-1 2 -2 -3
right_child=1 3 -4 -5
leaf_value=-0.030323500218071689 0.0028137571753361606 0.0032465103108395774 -0.00049366301165053902 -0.011777241693916583
leaf_weight=60 159 39 2210 13.999999999999998
leaf_count=60 159 39 2210 14
internal_value=0 -3.094e-05 -0.000183076 0.00621123
internal_weight=0 2422 2369 53
internal_count=2482 2422 2369 53
is_linear=0
shrinkage=0.0630696


Tree=84
num_leaves=5
num_cat=0
split_feature=0 1 6 2
split_gain=0.53855 0.575009 0.384043 0.294952
threshold=-1.1355721665098104 1.4030474588733692 1.0000000180025095e-35 -0.48749153539027096
decision_type=2 2 2 2
left_child=-1 2 -2 -3
right_child=1 3 -4 -5
leaf_value=-0.028411007922312007 0.00046602685983637135 0.003041754068554546 -0.0020745172505702656 -0.011034455279322807
leaf_weight=60 1555 39 814 13.999999999999998
leaf_count=60 1555 39 814 14
internal_value=0 -4.95099e-06 -0.000156506 0.00621123
internal_weight=0 2422 2369 53
internal_count=2482 2422 2369 53
is_linear=0
shrinkage=0.0630696


Tree=85
num_leaves=5
num_cat=0
split_feature=4 1 0 1
split_gain=0.629273 0.839001 0.495787 0.586091
threshold=1.3401069926887506 0.6118639480114505 -1.1355721665098104 1.2204666486744649
decision_type=2 2 2 2
left_child=2 -2 -1 -4
right_child=1 -3 3 -5
leaf_value=-0.025522429935884272 -0.0023410478788828399 0.0095438660254606074 -0.00049034745528473225 0.0011046160582893095
leaf_weight=58 27 25 2229 143
leaf_count=58 27 25 2229 143
internal_value=0 0.00643169 -0.000284694 -0.000137734
internal_weight=0 52 2430 2372
internal_count=2482 52 2430 2372
is_linear=0
shrinkage=0.0630696


Tree=86
num_leaves=8
num_cat=0
split_feature=0 1 0 6 1 6 2
split_gain=0.471065 0.727719 0.981581 0.455966 0.713515 0.368056 0.206312
threshold=-0.41974725658427031 0.85530502827665622 0.13188798377688957 1.0000000180025095e-35 0.91616529834295768 1.0000000180025095e-35 -1.0030237002128752
decision_type=2 2 2 2 2 2 2
left_child=3 5 -3 4 -1 -2 -5
right_child=1 2 -4 6 -6 -7 -8
leaf_value=-0.00083574384463211578 0.00068982338010448825 0.00091576581480789935 0.0056051975723521866 -1.6012437180671888e-05 0.0030508713821588212 -0.0034469845414513613 -0.012562025108180826
leaf_weight=556 939 225 68 61 32 378 223
leaf_count=556 939 225 68 61 32 378 223
internal_value=0 0.000507375 0.00332321 -0.0013085 -0.000296894 -0.000128378 -0.00336126
internal_weight=0 1610 293 872 588 1317 284
internal_count=2482 1610 293 872 588 1317 284
is_linear=0
shrinkage=0.0630696


Tree=87
num_leaves=6
num_cat=0
split_feature=4 1 2 1 6
split_gain=0.446485 0.623053 0.496677 0.772156 0.630875
threshold=1.3401069926887506 0.6118639480114505 -1.0030237002128752 0.30756259767994326 1.0000000180025095e-35
decision_type=2 2 2 2 2
left_child=2 -2 3 -1 -4
right_child=1 -3 4 -5 -6
leaf_value=-0.0047482439099733572 -0.0022369057412742277 0.0087067244929431506 0.00014418851529748804 0.0060444849570322036 -0.0033122318936687693
leaf_weight=42 27 25 1515 136 737
leaf_count=42 27 25 1515 136 737
internal_value=0 0.00532095 -0.000336501 0.00282615 -0.000592205
internal_weight=0 52 2430 178 2252
internal_count=2482 52 2430 178 2252
is_linear=0
shrinkage=0.0630696


Tree=88
num_leaves=8
num_cat=0
split_feature=0 2 0 4 6 1 2
split_gain=0.49635 0.652936 0.565919 0.493216 0.461679 0.686524 0.207418
threshold=-0.40450435808929774 -1.0030237002128752 -0.23098498341161508 1.0000000180025095e-35 1.0000000180025095e-35 0.91616529834295768 -1.0030237002128752
decision_type=2 2 2 2 2 2 2
left_child=4 2 -2 -3 5 -1 -6
right_child=1 3 -4 -5 6 -7 -8
leaf_value=-0.00079212770017416854 0.011000106192596802 -0.0022301664082216253 0.0017477999250309368 0.00077446688170169659 -0.00055512361325093314 0.0031856805439114629 -0.01098565184148052
leaf_weight=566 23 272 86 1209 62 33 231
leaf_count=566 23 272 86 1209 62 33 231
internal_value=0 0.000434643 0.00503888 8.02457e-05 -0.00141997 -0.000406389 -0.00345029
internal_weight=0 1590 109 1481 892 599 293
internal_count=2482 1590 109 1481 892 599 293
is_linear=0
shrinkage=0.0630696


Tree=89
num_leaves=6
num_cat=0
split_feature=4 1 2 1 6
split_gain=0.454686 0.623053 0.408766 0.701591 0.539875
threshold=1.3401069926887506 0.6118639480114505 -1.0030237002128752 0.30756259767994326 1.0000000180025095e-35
decision_type=2 2 2 2 2
left_child=2 -2 3 -1 -4
right_child=1 -3 4 -5 -6
leaf_value=-0.0044282870183808744 -0.0021446702463004137 0.0081087491494561993 4.1592567986980261e-05 0.0055530283410036929 -0.0031335273440526654
leaf_weight=42 27 25 1515 136 737
leaf_count=42 27 25 1515 136 737
internal_value=0 0.00532095 -0.000388308 0.0024811 -0.000620152
internal_weight=0 52 2430 178 2252
internal_count=2482 52 2430 178 2252
is_linear=0
shrinkage=0.0630696


Tree=90
num_leaves=8
num_cat=0
split_feature=0 1 2 4 3 1 6
split_gain=0.545184 0.533884 0.469278 0.580033 0.502184 0.213936 0.141823
threshold=-0.41974725658427031 -0.72706199344718081 -1.0030237002128752 1.0000000180025095e-35 1.0000000180025095e-35 -1.0922236138449894 1.0000000180025095e-35
decision_type=2 2 2 2 2 2 2
left_child=1 5 4 -4 -2 -1 -3
right_child=2 6 3 -5 -6 -7 -8
leaf_value=-0.0016330182829223626 0.0052675856844621788 -0.0013653433247716822 -0.0020954569631519227 0.00065567886161626307 -0.00045890536740677212 0.0016578163608994825 -0.0055450563844989002
leaf_weight=120 65 337 280 1219 46 133 282
leaf_count=120 65 337 280 1219 46 133 282
internal_value=0 -0.0015243 0.00042926 0.000129614 0.00429816 0.000902915 -0.00251664
internal_weight=0 872 1610 1499 111 253 619
internal_count=2482 872 1610 1499 111 253 619
is_linear=0
shrinkage=0.0630696


Tree=91
num_leaves=6
num_cat=0
split_feature=4 1 0 1 2
split_gain=0.450577 0.623053 0.475761 0.351061 0.092637
threshold=1.3401069926887506 0.6118639480114505 3.0836884177580512 -1.5182455043090994 0.80133887666624026
decision_type=2 2 2 2 2
left_child=2 -2 3 -1 -4
right_child=1 -3 4 -5 -6
leaf_value=0.0040557249086791763 -0.0020507600930799916 0.0075559798145386024 0.0035974293398928136 -0.0007071417304220295 0.016430167969604646
leaf_weight=231 27 25 14.000000000000002 2168 17
leaf_count=231 27 25 14 2168 17
internal_value=0 0.00532095 -0.000362405 -0.000469405 0.00685742
internal_weight=0 52 2430 2399 31
internal_count=2482 52 2430 2399 31
is_linear=0
shrinkage=0.0630696


Tree=92
num_leaves=8
num_cat=0
split_feature=0 1 5 6 1 0 2
split_gain=0.393484 0.501151 0.941988 0.455966 0.454934 0.298263 0.206312
threshold=-0.41974725658427031 0.79444475821035476 1.0000000180025095e-35 1.0000000180025095e-35 0.91616529834295768 3.8717856912373398 -1.0030237002128752
decision_type=2 2 2 2 2 2 2
left_child=3 5 -3 4 -1 -2 -5
right_child=1 2 -4 6 -6 -7 -8
leaf_value=-0.00078008247138428228 -0.00043616347582718299 -0.00077176473295365294 0.0049319259524583164 -0.00031711820479238479 0.00277652802996587 0.01686213867399523 -0.010276025937255105
leaf_weight=556 1242 167 185 61 32 15.999999999999998 223
leaf_count=556 1242 167 185 61 32 16 223
internal_value=0 0.000351145 0.00243779 -0.0013085 -0.000296894 -0.00023926 -0.00336126
internal_weight=0 1610 352 872 588 1258 284
internal_count=2482 1610 352 872 588 1258 284
is_linear=0
shrinkage=0.0630696


Tree=93
num_leaves=7
num_cat=0
split_feature=0 4 1 3 2 2
split_gain=0.445588 0.46613 0.725949 0.418563 0.156175 0.0463682
threshold=-1.0604089084139114 1.3401069926887506 0.6118639480114505 -0.86158447112794823 -1.0030237002128752 0.80133887666624026
decision_type=2 2 2 2 2 2
left_child=4 3 -3 -2 -1 -6
right_child=1 2 -4 -5 5 -7
leaf_value=-0.011589221275616964 -0.0015994845529480504 -0.0025485100226137532 0.0072072473214404662 0.0001925401998496096 -0.010775674877933556 -0.0018857270276250537
leaf_weight=15.999999999999998 545 27 23 1787 70 13.999999999999998
leaf_count=16 545 27 23 1787 70 14
internal_value=0 -5.03394e-06 0.00574547 -0.000140091 -0.00420766 -0.00525011
internal_weight=0 2382 50 2332 100 84
internal_count=2482 2382 50 2332 100 84
is_linear=0
shrinkage=0.0630696


Tree=94
num_leaves=7
num_cat=0
split_feature=1 0 3 0 0 1
split_gain=0.462736 0.413457 0.341206 0.246576 0.122039 0.0784121
threshold=1.4030474588733692 -1.0777542756668113 -0.86158447112794823 -0.22270651267727662 -0.58144024449861209 0.91616529834295768
decision_type=2 2 2 2 2 2
left_child=1 5 -3 4 -2 -1
right_child=3 2 -4 -5 -6 -7
leaf_value=-0.0097987955707626185 0.0052235386122731191 -0.0011102202763153656 0.00012049854076170433 0.0022720815615730875 -0.0024229694688555669 -0.023250311412023807
leaf_weight=56 26.999999999999996 539 1802 14.999999999999998 16.000000000000004 27
leaf_count=56 27 539 1802 15 16 27
internal_value=0 -0.000269817 -0.000109979 0.00521427 0.00223132 -0.00451959
internal_weight=0 2424 2341 58 43 83
internal_count=2482 2424 2341 58 43 83
is_linear=0
shrinkage=0.0630696


Tree=95
num_leaves=5
num_cat=0
split_feature=4 1 0 3
split_gain=0.434312 0.623053 0.381778 0.34525
threshold=1.3401069926887506 0.6118639480114505 3.8717856912373398 -0.86158447112794823
decision_type=2 2 2 2
left_child=2 -2 3 -1
right_child=1 -3 -4 -5
leaf_value=-0.0016386366192825755 -0.0023953762082565594 0.0065039614028060029 0.016044441259778913 2.0215182715175501e-05
leaf_weight=562 27 25 13.999999999999998 1854
leaf_count=562 27 25 14 1854
internal_value=0 0.00532095 -0.00025879 -0.000328026
internal_weight=0 52 2430 2416
internal_count=2482 52 2430 2416
is_linear=0
shrinkage=0.0630696


Tree=96
num_leaves=6
num_cat=0
split_feature=0 1 6 0 1
split_gain=0.37362 0.39081 0.300588 0.27443 0.0327726
threshold=-1.1355721665098104 1.4030474588733692 1.0000000180025095e-35 -0.34359846625809298 1.2813269187407663
decision_type=2 2 2 2 2
left_child=4 2 -2 -3 -1
right_child=1 3 -4 -5 -6
leaf_value=-0.020861968331520653 0.00025769418372086409 0.0038623612218250938 -0.0017407801816627249 0.0025100405411334474 -0.045688791682266763
leaf_weight=45 1555 33 814 20 14.999999999999998
leaf_count=45 1555 33 814 20 15
internal_value=0 -4.95099e-06 -0.000129937 0.00511971 -0.00485857
internal_weight=0 2422 2369 53 60
internal_count=2482 2422 2369 53 60
is_linear=0
shrinkage=0.0630696


Tree=97
num_leaves=8
num_cat=0
split_feature=0 1 0 6 1 3 2
split_gain=0.386832 0.630969 0.801984 0.449453 0.440536 0.290226 0.22316
threshold=-0.43663270879637334 0.85530502827665622 0.13188798377688957 1.0000000180025095e-35 0.91616529834295768 -0.86158447112794823 -1.0030237002128752
decision_type=2 2 2 2 2 2 2
left_child=3 5 -3 4 -1 -2 -5
right_child=1 2 -4 6 -6 -7 -8
leaf_value=-0.00070962829514006952 -0.0021867904477649762 0.00055264283468486365 0.0053888853029746683 -0.0013112052004603076 0.0027190529129330716 0.00034128459395706937 -0.010306201511164428
leaf_weight=545 299 234 68 58 32 1029 217
leaf_count=545 299 234 68 58 32 1029 217
internal_value=0 0.000462588 0.00304069 -0.00119182 -0.000183259 -0.00013205 -0.0032665
internal_weight=0 1630 302 852 577 1328 275
internal_count=2482 1630 302 852 577 1328 275
is_linear=0
shrinkage=0.0630696


Tree=98
num_leaves=5
num_cat=0
split_feature=4 1 0 2
split_gain=0.422293 0.623053 0.375212 0.370571
threshold=1.3401069926887506 0.6118639480114505 3.8717856912373398 -1.0030237002128752
decision_type=2 2 2 2
left_child=2 -2 3 -1
right_child=1 -3 -4 -5
leaf_value=0.0026754700414551654 -0.0022820780658457051 0.0061840024062575182 0.014994746720302264 -0.00053713738675621855
leaf_weight=178 27 25 13.999999999999998 2238
leaf_count=178 27 25 14 2238
internal_value=0 0.00532095 -0.000181079 -0.000249865
internal_weight=0 52 2430 2416
internal_count=2482 52 2430 2416
is_linear=0
shrinkage=0.0630696


Tree=99
num_leaves=8
num_cat=0
split_feature=0 1 5 3 1 1 2
split_gain=0.340234 0.392877 0.368396 0.33148 0.176906 0.14994 0.0977473
threshold=-0.88018791457033596 1.4030474588733692 1.0000000180025095e-35 1.1798977793155532 -0.90964280364608519 -1.0922236138449894 1.0000000180025095e-35
decision_type=2 2 2 2 2 2 2
left_child=4 3 -3 -2 5 -1 -6
right_child=1 2 -4 -5 6 -7 -8
leaf_value=-0.0036538977697516358 0.00019790802693483138 -0.00070271852301511686 0.0039735211247064559 -0.0018826153399787854 -0.0071311790141518894 0.0027059471809471182 -0.0036730923676331641
leaf_weight=24 1855 27 18 268 157 48 85
leaf_count=24 1855 27 18 268 157 48 85
internal_value=0 0.000150662 0.00568907 2.0464e-05 -0.00205571 0.000649284 -0.00285993
internal_weight=0 2168 45 2123 314 72 242
internal_count=2482 2168 45 2123 314 72 242
is_linear=0
shrinkage=0.0630696


Tree=100
num_leaves=7
num_cat=0
split_feature=1 4 1 0 0 0
split_gain=0.449677 0.322729 0.522511 0.385516 0.246576 0.122039
threshold=1.4030474588733692 1.3401069926887506 0.42928313781254618 3.8717856912373398 -0.22270651267727662 -0.58144024449861209
decision_type=2 2 2 2 2 2
left_child=1 3 -3 -1 5 -2
right_child=4 2 -4 -5 -6 -7
leaf_value=-0.00041899876521899084 0.0054401988838128435 -0.0027659447720602397 0.0059074125568286751 0.014036551427962405 0.0019402081835215718 -0.0026190361035157424
leaf_weight=2360 26.999999999999996 21 29 13.999999999999998 14.999999999999998 16.000000000000004
leaf_count=2360 27 21 29 14 15 16
internal_value=0 -0.000191914 0.00459418 -0.000302001 0.00521427 0.00223132
internal_weight=0 2424 50 2374 58 43
internal_count=2482 2424 50 2374 58 43
is_linear=0
shrinkage=0.0630696


Tree=101
num_leaves=5
num_cat=0
split_feature=4 1 0 3
split_gain=0.430288 0.623053 0.379585 0.289345
threshold=1.3401069926887506 0.6118639480114505 3.8717856912373398 1.1798977793155532
decision_type=2 2 2 2
left_child=2 -2 3 -1
right_child=1 -3 -4 -5
leaf_value=-4.6409709505834715e-05 -0.0019761830622072392 0.0056527983935870958 0.013151271157810215 -0.0019273243877345389
leaf_weight=2089 27 25 13.999999999999998 327
leaf_count=2089 27 25 14 327
internal_value=0 0.00532095 -0.000232887 -0.000301972
internal_weight=0 52 2430 2416
internal_count=2482 52 2430 2416
is_linear=0
shrinkage=0.0630696


Tree=102
num_leaves=5
num_cat=0
split_feature=1 0 2 2
split_gain=0.324589 0.335109 0.267439 0.158452
threshold=1.5856282690722734 -1.0777542756668113 1.5746371239001469 0.54357279425493799
decision_type=2 2 2 2
left_child=1 3 -3 -1
right_child=-2 2 -4 -5
leaf_value=-0.011225780539258396 0.0073529186062664328 -0.00014484429839171619 0.0029887135614418917 -0.00011698947236247863
leaf_weight=72 14.999999999999998 2180 200 14.999999999999998
leaf_count=72 15 2180 200 15
internal_value=0 -0.000170714 -2.61955e-05 -0.00391031
internal_weight=0 2467 2380 87
internal_count=2482 2467 2380 87
is_linear=0
shrinkage=0.0630696


Tree=103
num_leaves=5
num_cat=0
split_feature=1 6 2 1
split_gain=0.324589 0.300265 0.67987 0.390409
threshold=1.5856282690722734 1.0000000180025095e-35 -0.48749153539027096 0.91616529834295768
decision_type=2 2 2 2
left_child=1 3 -3 -1
right_child=-2 2 -4 -5
leaf_value=8.1173600210634249e-05 0.0068891726638553958 0.00016528802299916839 -0.0049067323332683778 0.0023794433301327846
leaf_weight=1517 14.999999999999998 532 353 65
leaf_count=1517 15 532 353 65
internal_value=0 -0.000170714 -0.001098 0.000349391
internal_weight=0 2467 885 1582
internal_count=2482 2467 885 1582
is_linear=0
shrinkage=0.0630696


Tree=104
num_leaves=5
num_cat=0
split_feature=1 0 6 1
split_gain=0.322548 0.310216 0.612159 0.361918
threshold=1.5856282690722734 -0.43663270879637334 1.0000000180025095e-35 0.85530502827665622
decision_type=2 2 2 2
left_child=1 2 -1 -3
right_child=-2 3 -4 -5
leaf_value=-2.4118775931129348e-05 0.0064546750119013974 -0.00011174623240316877 -0.0072291108917538222 0.0014589910517084934
leaf_weight=577 14.999999999999998 1328 264 298
leaf_count=577 15 1328 264 298
internal_value=0 -0.000145198 -0.00112529 0.000363169
internal_weight=0 2467 841 1626
internal_count=2482 2467 841 1626
is_linear=0
shrinkage=0.0630696


Tree=105
num_leaves=5
num_cat=0
split_feature=4 1 0 1
split_gain=0.422293 0.623053 0.375212 0.320975
threshold=1.3401069926887506 0.6118639480114505 3.8717856912373398 -1.5182455043090994
decision_type=2 2 2 2
left_child=2 -2 3 -1
right_child=1 -3 -4 -5
leaf_value=0.0039357642096425572 -0.0018404824214443504 0.0055338660049932785 0.012332888680127611 -0.00050542120045380496
leaf_weight=236 27 25 13.999999999999998 2180
leaf_count=236 27 25 14 2180
internal_value=0 0.00532095 -0.000181079 -0.000249865
internal_weight=0 52 2430 2416
internal_count=2482 52 2430 2416
is_linear=0
shrinkage=0.0630696


Tree=106
num_leaves=5
num_cat=0
split_feature=1 0 6 1
split_gain=0.322548 0.310216 0.612159 0.361918
threshold=1.5856282690722734 -0.43663270879637334 1.0000000180025095e-35 0.85530502827665622
decision_type=2 2 2 2
left_child=1 2 -1 -3
right_child=-2 3 -4 -5
leaf_value=9.2791206789082409e-06 0.0060794577052551346 -0.00013845042934643048 -0.006741296723492423 0.0013988497427936636
leaf_weight=577 14.999999999999998 1328 264 298
leaf_count=577 15 1328 264 298
internal_value=0 -0.000145198 -0.00112529 0.000363169
internal_weight=0 2467 841 1626
internal_count=2482 2467 841 1626
is_linear=0
shrinkage=0.0630696


Tree=107
num_leaves=7
num_cat=0
split_feature=0 1 4 6 0 0
split_gain=0.321285 0.719839 0.35393 0.413565 0.342018 0.179393
threshold=0.081034520694524409 0.85530502827665622 1.3401069926887506 1.0000000180025095e-35 0.10054805885403652 0.38884908728480966
decision_type=2 2 2 2 2 2
left_child=2 4 3 -1 -2 -3
right_child=1 5 -4 -5 -6 -7
leaf_value=0.00012876969154592609 0.011204770396639778 0.0054474735432191203 0.00297136803023129 -0.0021008459100591657 6.7073409095996479e-06 0.00088073022042212817
leaf_weight=874 13.999999999999998 42 22 736 760 34
leaf_count=874 14 42 22 736 760 34
internal_value=0 0.000884708 -0.000623863 -0.000741725 0.000290771 0.00655078
internal_weight=0 850 1632 1610 774 76
internal_count=2482 850 1632 1610 774 76
is_linear=0
shrinkage=0.0630696


Tree=108
num_leaves=6
num_cat=0
split_feature=0 4 1 0 1
split_gain=0.280424 0.301382 0.522511 0.371579 0.027737
threshold=-1.1509464693021534 1.3401069926887506 0.42928313781254618 3.8717856912373398 1.2813269187407663
decision_type=2 2 2 2 2
left_child=4 3 -3 -2 -1
right_child=1 2 -4 -5 -6
leaf_value=-0.022185864594244761 -0.00013696432675978175 -0.0023314094290022443 0.0045519396498256964 0.01156336679855932 -0.040075421058741512
leaf_weight=35 2368 21 29 13.999999999999998 14.999999999999998
leaf_count=35 2368 21 29 14 15
internal_value=0 -3.0813e-05 0.00459418 -0.000137157 -0.00459418
internal_weight=0 2432 50 2382 50
internal_count=2482 2432 50 2382 50
is_linear=0
shrinkage=0.0630696


Tree=109
num_leaves=8
num_cat=0
split_feature=0 1 3 2 3 0 3
split_gain=0.290627 0.594175 0.596738 0.325356 0.6544 0.290549 0.286958
threshold=0.081034520694524409 0.30756259767994326 1.0000000180025095e-35 1.8324032063114493 1.0000000180025095e-35 0.78831815129098548 1.0000000180025095e-35
decision_type=2 2 2 2 2 2 2
left_child=3 5 -3 6 -5 -2 -1
right_child=1 2 -4 4 -6 -7 -8
leaf_value=-4.4259846731466887e-05 -0.0018590834602580048 3.9056694041827082e-05 0.0038746720881104712 -0.0091404704163879913 0.006245700783080033 0.0016009629127858261 -0.0017866753254847248
leaf_weight=897 261 159 135 31 22 295 682
leaf_count=897 261 159 135 31 22 295 682
internal_value=0 0.000810923 0.00307989 -0.000623863 0.00402819 -0.00040381 -0.000792083
internal_weight=0 850 294 1632 53 556 1579
internal_count=2482 850 294 1632 53 556 1579
is_linear=0
shrinkage=0.0630696


Tree=110
num_leaves=8
num_cat=0
split_feature=2 0 2 6 1 1 1
split_gain=0.283687 0.359284 0.31064 0.474778 0.343992 0.237106 0.203249
threshold=1.0591049590775425 2.2561698550676259 -0.48749153539027096 1.0000000180025095e-35 0.91616529834295768 0.55100367794514904 -1.2139441539775919
decision_type=2 2 2 2 2 2 2
left_child=2 5 4 -4 -1 -2 -3
right_child=1 6 3 -5 -6 -7 -8
leaf_value=-0.00027061625555399929 -0.00031338472542016843 0.0031210590815667462 -0.0002344746278944283 -0.0047082732272147416 0.0015805571848732029 0.0023497605666767062 0.013929314605300726
leaf_weight=634 287 15.000000000000002 831 354 297 50 13.999999999999998
leaf_count=634 287 15 831 354 297 50 14
internal_value=0 0.00142721 -0.000463644 -0.0011392 0.000397002 0.000791723 0.00763681
internal_weight=0 366 2116 1185 931 337 29
internal_count=2482 366 2116 1185 931 337 29
is_linear=0
shrinkage=0.0630696


Tree=111
num_leaves=8
num_cat=0
split_feature=2 0 0 2 1 1 2
split_gain=0.283687 0.359284 0.281017 0.255947 0.237106 0.203249 0.200747
threshold=1.0591049590775425 2.2561698550676259 -1.0992388782868801 -0.48749153539027096 0.55100367794514904 -1.2139441539775919 -1.0030237002128752
decision_type=2 2 2 2 2 2 2
left_child=2 4 6 -4 -2 -3 -1
right_child=1 5 3 -5 -6 -7 -8
leaf_value=-0.00091555062616432092 -0.00029361966305389066 0.0029242150033705031 0.00034178321378118656 -0.0010932449264474471 0.0022015620095071358 0.013050797723137808 -0.012843011929781446
leaf_weight=13.999999999999998 287 15.000000000000002 892 1153 50 13.999999999999998 57
leaf_count=14 287 15 892 1153 50 14 57
internal_value=0 0.00142721 -0.000463644 -0.000322782 0.000791723 0.00763681 -0.00423656
internal_weight=0 366 2116 2045 337 29 71
internal_count=2482 366 2116 2045 337 29 71
is_linear=0
shrinkage=0.0630696


Tree=112
num_leaves=6
num_cat=0
split_feature=0 2 2 5 1
split_gain=0.283629 0.28031 0.284221 0.139676 0.027737
threshold=-1.1509464693021534 0.54357279425493799 -0.48749153539027096 1.1199807455555051 1.2813269187407663
decision_type=2 2 2 2 2
left_child=4 2 -2 -3 -1
right_child=1 3 -4 -5 -6
leaf_value=-0.020683776639846087 0.00028799827382064566 0.00096116231720620759 -0.0012183971108829287 0.00952828116452685 -0.03679081072554459
leaf_weight=35 906 501 994 31 14.999999999999998
leaf_count=35 906 501 994 31 15
internal_value=0 -4.93068e-06 -0.000363909 0.00126783 -0.00459418
internal_weight=0 2432 1900 532 50
internal_count=2482 2432 1900 532 50
is_linear=0
shrinkage=0.0630696


Tree=113
num_leaves=8
num_cat=0
split_feature=6 2 3 0 1 0 0
split_gain=0.281649 0.750997 0.618954 0.595845 0.390409 0.426059 0.306841
threshold=1.0000000180025095e-35 -0.74525761780157318 1.1798977793155532 -0.29373053540600619 0.91616529834295768 -0.31620067025635362 3.8717856912373398
decision_type=2 2 2 2 2 2 2
left_child=4 2 -2 -3 6 -6 -1
right_child=1 3 -4 -5 5 -7 -8
leaf_value=2.9345862355701616e-05 0.0034917843787579217 -0.006039631669355755 -0.0024079324426817591 -0.00028349820133984391 0.0027528549123376532 -0.0015331525134055254 0.009188034258579272
leaf_weight=1502 279 231 39 351 33 32 14.999999999999998
leaf_count=1502 279 231 39 351 33 32 15
internal_value=0 -0.00104494 0.00140497 -0.00238512 0.000349391 0.00496235 0.00013637
internal_weight=0 900 318 582 1582 65 1517
internal_count=2482 900 318 582 1582 65 1517
is_linear=0
shrinkage=0.0630696


Tree=114
num_leaves=8
num_cat=0
split_feature=0 6 1 3 1 4 2
split_gain=0.287586 0.481987 0.426474 0.343623 0.676644 0.586688 0.22316
threshold=-0.43663270879637334 1.0000000180025095e-35 0.91616529834295768 -0.86158447112794823 -1.3356646941101948 1.0000000180025095e-35 -1.0030237002128752
decision_type=2 2 2 2 2 2 2
left_child=1 2 -1 4 -2 -5 -3
right_child=3 6 -4 5 -6 -7 -8
leaf_value=-0.00053013850083687554 0.0061492090566450846 0.00017431384656747337 0.0016864017138767525 -0.0017232112989397814 -0.0019440788102467162 0.0012642758128104277 -0.0073623112563689919
leaf_weight=545 54 58 32 236 328 1012 217
leaf_count=545 54 58 32 236 328 1012 217
internal_value=0 -0.0011182 -7.48512e-05 0.000308269 -0.00133556 0.000815085 -0.0032665
internal_weight=0 852 577 1630 382 1248 275
internal_count=2482 852 577 1630 382 1248 275
is_linear=0
shrinkage=0.0630696


Tree=115
num_leaves=8
num_cat=0
split_feature=0 3 6 3 1 1 2
split_gain=0.322563 0.337915 0.326778 0.323156 0.176906 0.14994 0.0977473
threshold=-0.88018791457033596 1.1798977793155532 1.0000000180025095e-35 -0.86158447112794823 -0.90964280364608519 -1.0922236138449894 1.0000000180025095e-35
decision_type=2 2 2 2 2 2 2
left_child=4 3 -3 -2 5 -1 -6
right_child=1 2 -4 -5 6 -7 -8
leaf_value=-0.0034317950846694946 -0.00065247084746758433 -0.00015268738502272828 -0.0037678749948067613 0.00081534801743001406 -0.0042760681422832729 0.0028742681620655061 -0.0031801256934981068
leaf_weight=24 508 179 98 1383 157 48 85
leaf_count=24 508 179 98 1383 157 48 85
internal_value=0 9.2608e-05 -0.00194514 0.000395575 -0.00205571 0.000649284 -0.00285993
internal_weight=0 2168 277 1891 314 72 242
internal_count=2482 2168 277 1891 314 72 242
is_linear=0
shrinkage=0.0630696


Tree=116
num_leaves=6
num_cat=0
split_feature=0 4 1 0 1
split_gain=0.283629 0.298018 0.522511 0.369364 0.027737
threshold=-1.1509464693021534 1.3401069926887506 0.42928313781254618 3.8717856912373398 1.2813269187407663
decision_type=2 2 2 2 2
left_child=4 3 -3 -2 -1
right_child=1 2 -4 -5 -6
leaf_value=-0.019040058554912313 -0.00014255579733630483 -0.0031537871259822029 0.0041901955621722964 0.008652730366021974 -0.033807787308640411
leaf_weight=35 2368 21 29 13.999999999999998 14.999999999999998
leaf_count=35 2368 21 29 14 15
internal_value=0 -4.93068e-06 0.00459418 -0.000110732 -0.00459418
internal_weight=0 2432 50 2382 50
internal_count=2482 2432 50 2382 50
is_linear=0
shrinkage=0.0630696


Tree=117
num_leaves=5
num_cat=0
split_feature=0 0 4 1
split_gain=0.280424 0.245306 0.223489 0.027737
threshold=-1.1509464693021534 3.8717856912373398 1.3401069926887506 1.2813269187407663
decision_type=2 2 2 2
left_child=3 2 -2 -1
right_child=1 -3 -4 -5
leaf_value=-0.017839208882703923 -0.00013356485426708494 0.0079201313084827831 0.0026022078672496059 -0.03167554227427849
leaf_weight=35 2368 17 47 14.999999999999998
leaf_count=35 2368 17 47 15
internal_value=0 -3.0813e-05 -9.09771e-05 -0.00459418
internal_weight=0 2432 2415 50
internal_count=2482 2432 2415 50
is_linear=0
shrinkage=0.0630696


Tree=118
num_leaves=6
num_cat=0
split_feature=0 2 0 2 1
split_gain=0.280424 0.270114 0.411686 0.315752 0.027737
threshold=-1.1509464693021534 0.28580671184363571 2.2561698550676259 -0.48749153539027096 1.2813269187407663
decision_type=2 2 2 2 2
left_child=4 3 -3 -2 -1
right_child=1 2 -4 -5 -6
leaf_value=-0.01671409636913319 0.00030989397830130162 0.00052790132672798017 0.0073151260254098504 -0.0016288053657524343 -0.029677777170385111
leaf_weight=35 906 631 47 848 14.999999999999998
leaf_count=35 906 631 47 848 15
internal_value=0 -3.0813e-05 0.00103368 -0.000444321 -0.00459418
internal_weight=0 2432 678 1754 50
internal_count=2482 2432 678 1754 50
is_linear=0
shrinkage=0.0630696


Tree=119
num_leaves=8
num_cat=0
split_feature=5 1 1 1 2 1 1
split_gain=0.273686 0.58259 0.560874 0.655309 0.552734 0.412299 0.363035
threshold=1.0000000180025095e-35 0.79444475821035476 0.42928313781254618 0.064121517414737511 -1.0030237002128752 -1.7008263145080036 1.2813269187407663
decision_type=2 2 2 2 2 2 2
left_child=2 5 3 -1 -4 -2 -3
right_child=1 6 4 -5 -6 -7 -8
leaf_value=-9.6274383160033534e-05 0.0053675397140574297 0.0037802510594818904 0.005493930456248834 0.0034824124563663122 -0.0036192402927922259 -0.00047909979414337094 -0.00090780767628654115
leaf_weight=609 76 203 74 82 527 859 52
leaf_count=609 76 203 74 82 527 859 52
internal_value=0 0.000632945 -0.000690161 0.000533942 -0.00209168 -0.000100027 0.0032752
internal_weight=0 1190 1292 691 601 935 255
internal_count=2482 1190 1292 691 601 935 255
is_linear=0
shrinkage=0.0630696


Tree=120
num_leaves=7
num_cat=0
split_feature=6 2 3 0 0 1
split_gain=0.265819 0.635612 0.585771 0.520566 0.2931 0.271568
threshold=1.0000000180025095e-35 -0.74525761780157318 1.1798977793155532 -0.29373053540600619 3.8717856912373398 0.91616529834295768
decision_type=2 2 2 2 2 2
left_child=4 2 -2 -3 5 -1
right_child=1 3 -4 -5 -6 -7
leaf_value=6.9619535979579906e-06 0.0038069550028979604 -0.0050196663222773939 -0.0019139336915874531 -0.00013932139397384766 0.0070995619185120398 0.0015451266835651034
leaf_weight=1502 279 231 39 351 14.999999999999998 65
leaf_count=1502 279 231 39 351 15 65
internal_value=0 -0.00104494 0.00120958 -0.00227764 0.000309645 0.000212284
internal_weight=0 900 318 582 1582 1567
internal_count=2482 900 318 582 1582 1567
is_linear=0
shrinkage=0.0630696


Tree=121
num_leaves=8
num_cat=0
split_feature=5 1 1 3 1 1 2
split_gain=0.270267 0.566504 0.527006 0.414943 0.483939 0.410995 0.406299
threshold=1.0000000180025095e-35 0.42928313781254618 0.24670232761364183 -0.86158447112794823 -1.5791057743754007 0.30756259767994326 -1.0030237002128752
decision_type=2 2 2 2 2 2 2
left_child=1 2 -1 4 -2 -5 -3
right_child=3 6 -4 5 -6 -7 -8
leaf_value=-3.4230820486413412e-05 0.012822968150756488 0.0049073269422599914 0.004869437392199325 -0.000397854571712907 -0.001895659868773173 0.0026209156869367836 -0.0032788184325186326
leaf_weight=638 14.999999999999998 74 53 428 256 491 527
leaf_count=638 15 74 53 428 256 491 527
internal_value=0 -0.000787432 0.000443297 0.00052737 -0.00162155 0.00116682 -0.00219579
internal_weight=0 1292 691 1190 271 919 601
internal_count=2482 1292 691 1190 271 919 601
is_linear=0
shrinkage=0.0630696


Tree=122
num_leaves=5
num_cat=0
split_feature=0 1 1 0
split_gain=0.250848 0.219872 0.370824 0.274788
threshold=3.8717856912373398 -1.5182455043090994 -1.0313633437786878 -0.74241050877741643
decision_type=2 2 2 2
left_child=1 3 -3 -1
right_child=-2 2 -4 -5
leaf_value=-0.0027339675628199993 0.0064337244346461004 -0.0025503902731783094 -2.8027845907343647e-05 0.0044734685395460671
leaf_weight=30 17 283 1945 207
leaf_count=30 17 283 1945 207
internal_value=0 -0.000165745 -0.000361295 0.00164089
internal_weight=0 2465 2228 237
internal_count=2482 2465 2228 237
is_linear=0
shrinkage=0.0630696


Tree=123
num_leaves=5
num_cat=0
split_feature=0 2 1 5
split_gain=0.252737 0.224926 0.255197 0.237222
threshold=3.8717856912373398 1.5746371239001469 1.0378858384755605 1.1199807455555051
decision_type=2 2 2 2
left_child=1 2 -1 -3
right_child=-2 3 -4 -5
leaf_value=-0.00043430287767895709 0.0060279517393498749 0.0014709859834661949 0.00051103573683670576 0.0096882206470575959
leaf_weight=1949 17 181 315 20
leaf_count=1949 17 181 315 20
internal_value=0 -0.000191281 -0.000372241 0.00180535
internal_weight=0 2465 2264 201
internal_count=2482 2465 2264 201
is_linear=0
shrinkage=0.0630696


Tree=124
num_leaves=8
num_cat=0
split_feature=2 0 1 1 2 5 1
split_gain=0.270744 0.427656 0.409198 0.322976 0.313312 0.498823 0.39865
threshold=0.28580671184363571 2.2561698550676259 -1.0922236138449894 -1.5791057743754007 -0.48749153539027096 1.0000000180025095e-35 0.91616529834295768
decision_type=2 2 2 2 2 2 2
left_child=4 3 -3 -2 6 -6 -1
right_child=1 2 -4 -5 5 -7 -8
leaf_value=-0.00040148204719025966 0.0046885133284783678 0.0021220116122486971 0.010022655351507906 -0.00012015709688334615 -0.0041273686123882315 5.5486089691887005e-05 0.0016506500254526095
leaf_weight=634 99 31 15.999999999999998 542 431 432 297
leaf_count=634 99 31 16 542 431 432 297
internal_value=0 0.000927719 0.00644374 0.000477619 -0.000539628 -0.00140202 0.000262206
internal_weight=0 688 47 641 1794 863 931
internal_count=2482 688 47 641 1794 863 931
is_linear=0
shrinkage=0.0630696


Tree=125
num_leaves=8
num_cat=0
split_feature=2 0 1 0 0 0 1
split_gain=0.257553 0.359284 0.402391 0.225424 1.1826 0.245255 0.203249
threshold=1.0591049590775425 2.2561698550676259 0.55100367794514904 0.31322591414811413 0.38884908728480966 0.2699281981645501 -1.2139441539775919
decision_type=2 2 2 2 2 2 2
left_child=3 2 -2 5 -5 -1 -3
right_child=1 6 -4 4 -6 -7 -8
leaf_value=-0.00056159139481616106 -0.00059631855696516212 -0.00050398923259563485 0.0019364583534081531 0.0030799039827795467 -0.00011755740516691114 -0.0069169997795277089 0.0098632637239637853
leaf_weight=1623 287 15.000000000000002 50 54 403 36 13.999999999999998
leaf_count=1623 287 15 50 54 403 36 14
internal_value=0 0.00142721 0.000791723 -0.000374427 0.000859141 -0.000716089 0.00763681
internal_weight=0 366 337 2116 457 1659 29
internal_count=2482 366 337 2116 457 1659 29
is_linear=0
shrinkage=0.0630696


Tree=126
num_leaves=5
num_cat=0
split_feature=0 2 4 0
split_gain=0.252737 0.203226 0.232284 0.216398
threshold=3.8717856912373398 1.8324032063114493 1.3401069926887506 -0.097018302242438778
decision_type=2 2 2 2
left_child=1 2 -1 -3
right_child=-2 3 -4 -5
leaf_value=-0.00020363759972316463 0.0048544326310002934 0.0048952299509351449 0.001944075915131167 -0.00088032684872828889
leaf_weight=2293 17 46 48 78
leaf_count=2293 17 46 48 78
internal_value=0 -0.000191281 -0.00032507 0.00224813
internal_weight=0 2465 2341 124
internal_count=2482 2465 2341 124
is_linear=0
shrinkage=0.0630696


Tree=127
num_leaves=5
num_cat=0
split_feature=0 2 0 5
split_gain=0.254631 0.20749 0.216398 0.203368
threshold=3.8717856912373398 1.8324032063114493 -0.097018302242438778 1.0000000180025095e-35
decision_type=2 2 2 2
left_child=1 3 -3 -1
right_child=-2 2 -4 -5
leaf_value=-0.00085252077413438133 0.0045482653039996476 0.0045864895515812017 -0.00082480494974438389 0.00024433428916597054
leaf_weight=1228 17 46 78 1113
leaf_count=1228 17 46 78 1113
internal_value=0 -0.000216818 0.00224813 -0.000351957
internal_weight=0 2465 124 2341
internal_count=2482 2465 124 2341
is_linear=0
shrinkage=0.0630696


Tree=128
num_leaves=5
num_cat=0
split_feature=0 2 0 5
split_gain=0.254631 0.20749 0.216398 0.203368
threshold=3.8717856912373398 1.8324032063114493 -0.097018302242438778 1.0000000180025095e-35
decision_type=2 2 2 2
left_child=1 3 -3 -1
right_child=-2 2 -4 -5
leaf_value=-0.00079875259431401381 0.004261407840632509 0.0042972212986123826 -0.00077278479703953397 0.00022892421307772217
leaf_weight=1228 17 46 78 1113
leaf_count=1228 17 46 78 1113
internal_value=0 -0.000216818 0.00224813 -0.000351957
internal_weight=0 2465 124 2341
internal_count=2482 2465 124 2341
is_linear=0
shrinkage=0.0630696


Tree=129
num_leaves=5
num_cat=0
split_feature=0 3 6 1
split_gain=0.247088 0.197396 0.59305 0.286698
threshold=3.8717856912373398 1.1798977793155532 1.0000000180025095e-35 1.0378858384755605
decision_type=2 2 2 2
left_child=1 3 -3 -1
right_child=-2 2 -4 -5
leaf_value=-0.00011646181673703172 0.0039926423747169097 0.0007296520544448512 -0.0041067294938917131 0.00115495119007577
leaf_weight=1861 17 214 118 272
leaf_count=1861 17 214 118 272
internal_value=0 -0.000114672 -0.00153384 0.000108875
internal_weight=0 2465 332 2133
internal_count=2482 2465 332 2133
is_linear=0
shrinkage=0.0630696


Tree=130
num_leaves=8
num_cat=0
split_feature=2 0 1 2 6 1 1
split_gain=0.249119 0.359284 0.402391 0.230854 0.408305 0.343992 0.203249
threshold=1.0591049590775425 2.2561698550676259 0.55100367794514904 -0.48749153539027096 1.0000000180025095e-35 0.91616529834295768 -1.2139441539775919
decision_type=2 2 2 2 2 2 2
left_child=3 2 -2 5 -5 -1 -3
right_child=1 6 -4 4 -6 -7 -8
leaf_value=-0.00023774652668369847 -0.00053611745156607448 -0.0010749146474250397 0.00098981301367671035 -0.00012250228083179562 -0.0038062558895333707 0.0017788400290796997 0.0092835174410328437
leaf_weight=634 287 15.000000000000002 50 831 354 297 13.999999999999998
leaf_count=634 287 15 50 831 354 297 14
internal_value=0 0.00142721 0.000791723 -0.000344688 -0.00092716 0.000397002 0.00763681
internal_weight=0 366 337 2116 1185 931 29
internal_count=2482 366 337 2116 1185 931 29
is_linear=0
shrinkage=0.0630696


Tree=131
num_leaves=5
num_cat=0
split_feature=0 0 6 0
split_gain=0.247088 0.201842 0.479894 0.389492
threshold=3.8717856912373398 -0.43663270879637334 1.0000000180025095e-35 -0.35273106492533945
decision_type=2 2 2 2
left_child=1 2 -1 -3
right_child=-2 3 -4 -5
leaf_value=0.00030446985339875176 0.0034166405223506058 0.0010860806916133615 -0.0045748680176309741 1.7503974217039819e-05
leaf_weight=577 17 110 275 1503
leaf_count=577 17 110 275 1503
internal_value=0 -0.000114672 -0.000897368 0.000299813
internal_weight=0 2465 852 1613
internal_count=2482 2465 852 1613
is_linear=0
shrinkage=0.0630696


Tree=132
num_leaves=5
num_cat=0
split_feature=0 2 1 4
split_gain=0.247088 0.201931 0.371314 0.325286
threshold=3.8717856912373398 -1.0030237002128752 0.30756259767994326 1.3401069926887506
decision_type=2 2 2 2
left_child=1 2 -1 -3
right_child=-2 3 -4 -5
leaf_value=-0.0030083075346286924 0.0032011542285724443 -0.00018322821665485295 0.0054061374932435563 0.002515520855999221
leaf_weight=43 17 2238 141 43
leaf_count=43 17 2238 141 43
internal_value=0 -0.000114672 0.0018677 -0.000278419
internal_weight=0 2465 184 2281
internal_count=2482 2465 184 2281
is_linear=0
shrinkage=0.0630696


Tree=133
num_leaves=8
num_cat=0
split_feature=0 6 1 0 1 3 1
split_gain=0.260032 0.55028 0.643208 0.370545 0.382276 0.328592 0.185021
threshold=-0.43663270879637334 1.0000000180025095e-35 0.91616529834295768 -0.35273106492533945 1.0378858384755605 1.0000000180025095e-35 1.4030474588733692
decision_type=2 2 2 2 2 2 2
left_child=1 2 -1 5 -5 -2 -3
right_child=3 6 -4 4 -6 -7 -8
leaf_value=-0.00012625975640863878 0.0057356610596905689 -0.004362681389703668 0.0009817930679459927 -0.00010162569526383123 0.0017384095845149731 -0.0023065413639501635 0.0015206563885049433
leaf_weight=545 60 241 32 1383 137 50 34
leaf_count=545 60 241 32 1383 137 50 34
internal_value=0 -0.00097098 0.000139893 0.000385428 0.000123693 0.00384108 -0.0032665
internal_weight=0 852 577 1630 1520 110 275
internal_count=2482 852 577 1630 1520 110 275
is_linear=0
shrinkage=0.0630696


Tree=134
num_leaves=5
num_cat=0
split_feature=0 2 1 6
split_gain=0.254631 0.223223 0.371314 0.322599
threshold=3.8717856912373398 -1.0030237002128752 0.30756259767994326 1.0000000180025095e-35
decision_type=2 2 2 2
left_child=1 2 -1 -3
right_child=-2 3 -4 -5
leaf_value=-0.0026221384819201158 0.0030056680743419132 0.00016948208784584135 0.0050715838344165542 -0.0013729906597678622
leaf_weight=43 17 1515 141 766
leaf_count=43 17 1515 141 766
internal_value=0 -0.000216818 0.0018677 -0.000388787
internal_weight=0 2465 184 2281
internal_count=2482 2465 184 2281
is_linear=0
shrinkage=0.0630696


Tree=135
num_leaves=5
num_cat=0
split_feature=0 5 1 1
split_gain=0.254631 0.235539 0.554025 0.489581
threshold=3.8717856912373398 1.0000000180025095e-35 0.42928313781254618 0.30756259767994326
decision_type=2 2 2 2
left_child=1 2 -1 -3
right_child=-2 3 -4 -5
leaf_value=0.00050453227220690808 0.0028161016656342063 -0.0005092044785910434 -0.0023196324471570487 0.0013258841956244243
leaf_weight=684 17 534 601 646
leaf_count=684 17 534 601 646
internal_value=0 -0.000216818 -0.000806376 0.000425355
internal_weight=0 2465 1285 1180
internal_count=2482 2465 1285 1180
is_linear=0
shrinkage=0.0630696


Tree=136
num_leaves=5
num_cat=0
split_feature=0 1 0 6
split_gain=0.247088 0.204482 0.391572 0.261043
threshold=3.8717856912373398 0.91616529834295768 0.13188798377688957 1.0000000180025095e-35
decision_type=2 2 2 2
left_child=1 3 -3 -1
right_child=-2 2 -4 -5
leaf_value=1.960111095269605e-05 0.0026384911424139996 0.00011784585330318047 0.0044208018356997414 -0.0018513747244810121
leaf_weight=1502 17 403 48 512
leaf_count=1502 17 403 48 512
internal_value=0 -0.000114672 0.00109185 -0.000387097
internal_weight=0 2465 451 2014
internal_count=2482 2465 451 2014
is_linear=0
shrinkage=0.0630696


Tree=137
num_leaves=5
num_cat=0
split_feature=0 3 1 1
split_gain=0.245216 0.210669 0.614359 0.27535
threshold=3.8717856912373398 -0.86158447112794823 -0.84878253357978373 -0.97050307371238664
decision_type=2 2 2 2
left_child=1 2 -1 -3
right_child=-2 3 -4 -5
leaf_value=0.0034017471893822227 0.0024720824512666694 -0.0011128370196295033 -0.002055213294171672 0.00038368898870041074
leaf_weight=144 17 482 431 1408
leaf_count=144 17 482 431 1408
internal_value=0 -8.91354e-05 -0.00114117 0.000232682
internal_weight=0 2465 575 1890
internal_count=2482 2465 575 1890
is_linear=0
shrinkage=0.0630696


Tree=138
num_leaves=6
num_cat=0
split_feature=0 1 0 6 1
split_gain=0.202865 0.211187 0.457659 0.230905 0.0207227
threshold=-1.1773587330736142 0.79444475821035476 0.99501711105470714 1.0000000180025095e-35 1.1596063786081634
decision_type=2 2 2 2 2
left_child=4 3 -3 -2 -1
right_child=1 2 -4 -5 -6
leaf_value=-0.030323955794861537 5.6638925764440309e-05 0.00010845593503163712 0.009670135532444982 -0.0022627392690366143 -0.030197077835051812
leaf_weight=25 1425 598 15.999999999999998 403 14.999999999999998
leaf_count=25 1425 598 16 403 15
internal_value=0 7.19266e-05 0.00107944 -0.000268086 -0.0042117
internal_weight=0 2442 614 1828 40
internal_count=2482 2442 614 1828 40
is_linear=0
shrinkage=0.0630696


Tree=139
num_leaves=8
num_cat=0
split_feature=5 1 1 4 1 1 2
split_gain=0.234914 0.538386 0.522263 0.510333 0.334542 0.543641 0.465332
threshold=1.0000000180025095e-35 0.30756259767994326 -1.8225468546406065 1.0000000180025095e-35 0.42928313781254618 0.24670232761364183 -1.0030237002128752
decision_type=2 2 2 2 2 2 2
left_child=4 2 -2 -3 5 -1 -6
right_child=1 3 -4 -5 6 -7 -8
leaf_value=-9.2405372651338695e-05 0.0042340763648550253 -0.0024114073373288579 -0.00098147660098673586 0.0020715099631733146 0.0040392438017123654 0.0044096718534066418 -0.0025580980918443381
leaf_weight=638 63 87 479 561 74 53 527
leaf_count=638 63 87 479 561 74 53 527
internal_value=0 0.000632945 -0.000829398 0.00185412 -0.00059289 0.000352651 -0.00167522
internal_weight=0 1190 542 648 1292 691 601
internal_count=2482 1190 542 648 1292 691 601
is_linear=0
shrinkage=0.0630696


Tree=140
num_leaves=8
num_cat=0
split_feature=3 1 1 3 6 5 2
split_gain=0.247406 0.444048 0.50464 0.35841 0.587306 0.350953 0.231119
threshold=-0.86158447112794823 -0.84878253357978373 -1.0313633437786878 1.1798977793155532 1.0000000180025095e-35 1.0000000180025095e-35 -0.74525761780157318
decision_type=2 2 2 2 2 2 2
left_child=1 2 -1 5 -5 -2 -3
right_child=3 6 -4 4 -6 -7 -8
leaf_value=-9.6553953381819992e-05 -0.00024132592669222545 0.00011664422537632321 0.0077138199498571263 0.00039434631830732099 -0.003643050335160606 0.0013667960359919865 -0.0030558559625064748
leaf_weight=115 815 103 32 215 118 756 328
leaf_count=115 815 103 32 215 118 756 328
internal_value=0 -0.00116776 0.0017828 0.000316884 -0.00154797 0.000716052 -0.00218401
internal_weight=0 578 147 1904 333 1571 431
internal_count=2482 578 147 1904 333 1571 431
is_linear=0
shrinkage=0.0630696


Tree=141
num_leaves=6
num_cat=0
split_feature=0 2 1 2 1
split_gain=0.286839 0.247362 0.498203 0.278229 0.027737
threshold=-1.1509464693021534 1.0591049590775425 0.55100367794514904 -0.48749153539027096 1.2813269187407663
decision_type=2 2 2 2 2
left_child=4 3 -3 -2 -1
right_child=1 2 -4 -5 -6
leaf_value=-0.014429858228722791 0.00032548273826173125 0.00041489917441564467 0.0011329068339250264 -0.00058279150331234518 -0.025544962308186776
leaf_weight=35 906 312 49 1165 14.999999999999998
leaf_count=35 906 312 49 1165 15
internal_value=0 2.04571e-05 0.00153293 -0.000245818 -0.00459418
internal_weight=0 2432 361 2071 50
internal_count=2482 2432 361 2071 50
is_linear=0
shrinkage=0.0630696


Tree=142
num_leaves=8
num_cat=0
split_feature=2 1 3 5 2 5 0
split_gain=0.240824 0.48301 0.691 0.434864 0.212752 0.347558 0.33363
threshold=1.0591049590775425 0.55100367794514904 1.0000000180025095e-35 1.1199807455555051 -0.48749153539027096 1.0000000180025095e-35 0.99501711105470714
decision_type=2 2 2 2 2 2 2
left_child=4 3 -3 -2 6 -6 -1
right_child=1 2 -4 -5 5 -7 -8
leaf_value=9.1826853338651379e-07 -0.00021612600146168521 0.0017832052767916121 -2.3219936261023479e-07 0.0061613084942840866 -0.0022597747222722173 8.6782214037261531e-05 0.0065723854061848106
leaf_weight=863 292 21 29 24 618 567 68
leaf_count=863 292 21 29 24 618 567 68
internal_value=0 0.00142721 0.00689676 0.00046999 -0.000314949 -0.000874151 0.000397002
internal_weight=0 366 50 316 2116 1185 931
internal_count=2482 366 50 316 2116 1185 931
is_linear=0
shrinkage=0.0630696


Tree=143
num_leaves=6
num_cat=0
split_feature=0 2 1 1 1
split_gain=0.202865 0.174233 0.339122 0.179036 0.0207227
threshold=-1.1773587330736142 1.0591049590775425 0.55100367794514904 1.0378858384755605 1.1596063786081634
decision_type=2 2 2 2 2
left_child=4 3 -3 -2 -1
right_child=1 2 -4 -5 -6
leaf_value=-0.027223450544507151 -0.00029101848070446114 0.00024946534074027187 0.0010389734266673942 0.00051131245047348684 -0.026551382942780668
leaf_weight=25 1781 313 49 299 14.999999999999998
leaf_count=25 1781 313 49 299 15
internal_value=0 7.19266e-05 0.0013396 -0.000150974 -0.0042117
internal_weight=0 2442 362 2080 40
internal_count=2482 2442 362 2080 40
is_linear=0
shrinkage=0.0630696


Tree=144
num_leaves=6
num_cat=0
split_feature=0 0 1 5 1
split_gain=0.202865 0.134796 0.253657 0.207137 0.0207227
threshold=-1.1773587330736142 1.4971129313072067 0.49014340787884753 2.2869799942829454 1.1596063786081634
decision_type=2 2 2 2 2
left_child=4 3 -3 -2 -1
right_child=1 2 -4 -5 -6
leaf_value=-0.025506477271107272 9.8216167156089954e-06 0.0024977093747339174 0.0029702167136287506 -0.0017182500243572755 -0.02487679673226233
leaf_weight=25 2230 157 13.999999999999998 41 14.999999999999998
leaf_count=25 2230 157 14 41 15
internal_value=0 7.19266e-05 0.00175467 -5.79349e-05 -0.0042117
internal_weight=0 2442 171 2271 40
internal_count=2482 2442 171 2271 40
is_linear=0
shrinkage=0.0630696


Tree=145
num_leaves=6
num_cat=0
split_feature=0 0 1 5 1
split_gain=0.202865 0.134796 0.253657 0.207137 0.0207227
threshold=-1.1773587330736142 1.4971129313072067 0.49014340787884753 2.2869799942829454 1.1596063786081634
decision_type=2 2 2 2 2
left_child=4 3 -3 -2 -1
right_child=1 2 -4 -5 -6
leaf_value=-0.023897792886977676 9.202170867884543e-06 0.0023401797392409492 0.0027828862095412182 -0.0016098806108614894 -0.023307826074142928
leaf_weight=25 2230 157 13.999999999999998 41 14.999999999999998
leaf_count=25 2230 157 14 41 15
internal_value=0 7.19266e-05 0.00175467 -5.79349e-05 -0.0042117
internal_weight=0 2442 171 2271 40
internal_count=2482 2442 171 2271 40
is_linear=0
shrinkage=0.0630696


Tree=146
num_leaves=6
num_cat=0
split_feature=0 1 0 6 1
split_gain=0.202865 0.170618 0.468075 0.243044 0.0207227
threshold=-1.1773587330736142 0.79444475821035476 0.99501711105470714 1.0000000180025095e-35 1.1596063786081634
decision_type=2 2 2 2 2
left_child=4 3 -3 -2 -1
right_child=1 2 -4 -5 -6
leaf_value=-0.022390567650665234 8.4807261093303678e-05 0.00018294456089418907 0.0082178383683726135 -0.001912389906814683 -0.021837809833368093
leaf_weight=25 1425 598 15.999999999999998 403 14.999999999999998
leaf_count=25 1425 598 16 403 15
internal_value=0 7.19266e-05 0.00097751 -0.000233674 -0.0042117
internal_weight=0 2442 614 1828 40
internal_count=2482 2442 614 1828 40
is_linear=0
shrinkage=0.0630696


Tree=147
num_leaves=6
num_cat=0
split_feature=0 1 0 6 1
split_gain=0.202865 0.170618 0.468075 0.243044 0.0207227
threshold=-1.1773587330736142 0.79444475821035476 0.99501711105470714 1.0000000180025095e-35 1.1596063786081634
decision_type=2 2 2 2 2
left_child=4 3 -3 -2 -1
right_child=1 2 -4 -5 -6
leaf_value=-0.020978402570063392 7.9458497517261747e-05 0.00017140631297607684 0.0076995422464115112 -0.0017917761604804305 -0.020460506990285017
leaf_weight=25 1425 598 15.999999999999998 403 14.999999999999998
leaf_count=25 1425 598 16 403 15
internal_value=0 7.19266e-05 0.00097751 -0.000233674 -0.0042117
internal_weight=0 2442 614 1828 40
internal_count=2482 2442 614 1828 40
is_linear=0
shrinkage=0.0630696


Tree=148
num_leaves=6
num_cat=0
split_feature=0 1 0 1 1
split_gain=0.205318 0.161064 0.468075 0.223871 0.0207227
threshold=-1.1773587330736142 0.79444475821035476 0.99501711105470714 0.67272421807775196 1.1596063786081634
decision_type=2 2 2 2 2
left_child=4 3 -3 -2 -1
right_child=1 2 -4 -5 -6
leaf_value=-0.019655302235205591 3.6229648197727198e-05 0.00016059577822072747 0.0072139348751899179 -0.0019653697606741888 -0.019170070144114645
leaf_weight=25 1664 598 15.999999999999998 164 14.999999999999998
leaf_count=25 1664 598 16 164 15
internal_value=0 9.77032e-05 0.00097751 -0.000199262 -0.0042117
internal_weight=0 2442 614 1828 40
internal_count=2482 2442 614 1828 40
is_linear=0
shrinkage=0.0630696


Tree=149
num_leaves=6
num_cat=0
split_feature=0 4 1 3 1
split_gain=0.205318 0.157633 0.37817 0.179422 0.0207227
threshold=-1.1773587330736142 1.3401069926887506 0.42928313781254618 1.1798977793155532 1.1596063786081634
decision_type=2 2 2 2 2
left_child=4 3 -3 -2 -1
right_child=1 2 -4 -5 -6
leaf_value=-0.018415649364484026 9.1575647960366857e-05 -0.0029620660311542274 0.0031223709474142189 -0.0007559227143035818 -0.017961020687550167
leaf_weight=25 2072 21 29 320 14.999999999999998
leaf_count=25 2072 21 29 320 15
internal_value=0 9.77032e-05 0.00344288 2.07985e-05 -0.0042117
internal_weight=0 2442 50 2392 40
internal_count=2482 2442 50 2392 40
is_linear=0
shrinkage=0.0630696


Tree=150
num_leaves=6
num_cat=0
split_feature=0 3 1 4 1
split_gain=0.202865 0.129572 0.44986 0.255849 0.0207227
threshold=-1.1773587330736142 -0.86158447112794823 -0.84878253357978373 1.0000000180025095e-35 1.1596063786081634
decision_type=2 2 2 2 2
left_child=4 2 -2 -3 -1
right_child=1 3 -4 -5 -6
leaf_value=-0.017254180956229652 0.0024887948402332626 -0.00029570413997841573 -0.0016023510160277817 0.00052632133543038481 -0.016828225547085181
leaf_weight=25 147 700 422 1173 14.999999999999998
leaf_count=25 147 700 422 1173 15
internal_value=0 7.19266e-05 -0.000757394 0.000325475 -0.0042117
internal_weight=0 2442 569 1873 40
internal_count=2482 2442 569 1873 40
is_linear=0
shrinkage=0.0630696


Tree=151
num_leaves=6
num_cat=0
split_feature=0 1 0 1 1
split_gain=0.202865 0.134372 0.333467 0.17625 0.0207227
threshold=-1.1773587330736142 0.79444475821035476 -1.0465457550413289 -0.72706199344718081 1.1596063786081634
decision_type=2 2 2 2 2
left_child=4 3 -3 -2 -1
right_child=1 2 -4 -5 -6
leaf_value=-0.016165965944403123 0.0002532227344160372 0.0012695216292725015 0.00014245883216440556 -0.00058219173673967613 -0.015766875390320439
leaf_weight=25 735 25 589 1093 14.999999999999998
leaf_count=25 735 25 589 1093 15
internal_value=0 7.19266e-05 0.000875584 -0.000199262 -0.0042117
internal_weight=0 2442 614 1828 40
internal_count=2482 2442 614 1828 40
is_linear=0
shrinkage=0.0630696


Tree=152
num_leaves=6
num_cat=0
split_feature=0 3 1 4 1
split_gain=0.205318 0.137736 0.331953 0.226577 0.0207227
threshold=-1.1773587330736142 -0.86158447112794823 -0.84878253357978373 1.0000000180025095e-35 1.1596063786081634
decision_type=2 2 2 2 2
left_child=4 2 -2 -3 -1
right_child=1 3 -4 -5 -6
leaf_value=-0.015146384263533803 0.0023158567740919137 -0.00029232638540655084 -0.0014645726871942988 0.00051032838848293917 -0.014772464207728099
leaf_weight=25 147 700 422 1173 14.999999999999998
leaf_count=25 147 700 422 1173 15
internal_value=0 9.77032e-05 -0.000757394 0.000359062 -0.0042117
internal_weight=0 2442 569 1873 40
internal_count=2482 2442 569 1873 40
is_linear=0
shrinkage=0.0630696


Tree=153
num_leaves=5
num_cat=0
split_feature=0 2 1 2
split_gain=0.166044 0.155478 0.342053 0.275632
threshold=-1.2535075233997917 1.0591049590775425 0.55100367794514904 -0.48749153539027096
decision_type=2 2 2 2
left_child=-1 3 -3 -2
right_child=1 2 -4 -5
leaf_value=-0.03162443048895875 0.00021671055401039743 0.00010537231553759781 0.00098774582421012717 -0.00059860467928583058
leaf_weight=20 923 314 49 1176
leaf_count=20 923 314 49 1176
internal_value=0 0.000122479 0.00131881 -8.66547e-05
internal_weight=0 2462 363 2099
internal_count=2482 2462 363 2099
is_linear=0
shrinkage=0.0630696


Tree=154
num_leaves=5
num_cat=0
split_feature=0 2 1 6
split_gain=0.162777 0.140134 0.356765 0.173942
threshold=-1.2535075233997917 -1.0030237002128752 0.30756259767994326 1.0000000180025095e-35
decision_type=2 2 2 2
left_child=-1 2 -2 -3
right_child=1 3 -4 -5
leaf_value=-0.029629888987055365 -0.0028251543954185003 0.00016633841780013775 0.0048244566573426278 -0.00089529325228261019
leaf_weight=20 43 1521 136 762
leaf_count=20 43 1521 136 762
internal_value=0 7.13435e-05 0.00174692 -6.31446e-05
internal_weight=0 2462 179 2283
internal_count=2482 2462 179 2283
is_linear=0
shrinkage=0.0630696


Tree=155
num_leaves=8
num_cat=0
split_feature=3 6 0 2 0 1 1
split_gain=0.167454 0.651546 0.726243 0.205902 0.433382 0.241136 0.0203016
threshold=1.1798977793155532 1.0000000180025095e-35 -0.9606073445610529 -0.48749153539027096 0.78831815129098548 -1.4573852342427978 0.97702556840925903
decision_type=2 2 2 2 2 2 2
left_child=3 2 -2 4 -1 -5 -3
right_child=1 6 -4 5 -6 -7 -8
leaf_value=0.00026240171163881526 0.0028093011688824113 -0.0029242411784977684 -5.9537199408374479e-05 0.0034685109682704592 0.005596116312895835 -0.00048666255199721677 -0.003705350449746229
leaf_weight=726 24 70 191 196 73 1154 48
leaf_count=726 24 70 191 196 73 1154 48
internal_value=0 -0.00136125 0.00071467 0.000149063 0.000948689 -0.00032543 -0.0050291
internal_weight=0 333 215 2149 799 1350 118
internal_count=2482 333 215 2149 799 1350 118
is_linear=0
shrinkage=0.0630696


Tree=156
num_leaves=4
num_cat=0
split_feature=0 1 2
split_gain=0.151581 0.141233 0.137554
threshold=-1.2535075233997917 1.5856282690722734 1.0591049590775425
decision_type=2 2 2
left_child=-1 2 -2
right_child=1 -3 -4
leaf_value=-0.027735173170420416 -0.00015125419711830161 0.0051019682712255291 0.00038335671300840498
leaf_weight=20 2085 13.999999999999998 363
leaf_count=20 2085 14 363
internal_value=0 -0.000107141 -0.000148894
internal_weight=0 2462 2448
internal_count=2482 2462 2448
is_linear=0
shrinkage=0.0630696


Tree=157
num_leaves=4
num_cat=0
split_feature=0 1 2
split_gain=0.151581 0.141233 0.137554
threshold=-1.2535075233997917 1.5856282690722734 1.0591049590775425
decision_type=2 2 2
left_child=-1 2 -2
right_child=1 -3 -4
leaf_value=-0.025985925734322127 -0.0001417146490909311 0.0047801889600721358 0.00035917854245143369
leaf_weight=20 2085 13.999999999999998 363
leaf_count=20 2085 14 363
internal_value=0 -0.000107141 -0.000148894
internal_weight=0 2462 2448
internal_count=2482 2462 2448
is_linear=0
shrinkage=0.0630696


Tree=158
num_leaves=5
num_cat=0
split_feature=0 1 0 4
split_gain=0.151581 0.147225 0.319093 0.154293
threshold=-1.2535075233997917 0.91616529834295768 0.14870773384030736 1.3401069926887506
decision_type=2 2 2 2
left_child=-1 3 -3 -2
right_child=1 2 -4 -5
leaf_value=-0.024347002707373742 -0.00013288380321809155 0.00028491236680131725 0.0040553654596451267 0.0013050226935749122
leaf_weight=20 1981 399 45 37
leaf_count=20 1981 399 45 37
internal_value=0 -0.000107141 0.000926189 -0.000336444
internal_weight=0 2462 444 2018
internal_count=2482 2462 444 2018
is_linear=0
shrinkage=0.0630696


Tree=159
num_leaves=4
num_cat=0
split_feature=0 1 2
split_gain=0.151581 0.141233 0.135268
threshold=-1.2535075233997917 1.5856282690722734 1.5746371239001469
decision_type=2 2 2
left_child=-1 2 -2
right_child=1 -3 -4
leaf_value=-0.022811445968612346 -0.00011363518731266975 0.0044607348338919538 0.0013389645711962355
leaf_weight=20 2244 13.999999999999998 204
leaf_count=20 2244 14 204
internal_value=0 -0.000107141 -0.000148894
internal_weight=0 2462 2448
internal_count=2482 2462 2448
is_linear=0
shrinkage=0.0630696


Tree=160
num_leaves=5
num_cat=0
split_feature=0 1 1 1
split_gain=0.151581 0.142602 0.418643 0.405483
threshold=-1.2535075233997917 0.12498178748103896 0.36842286774624472 -0.72706199344718081
decision_type=2 2 2 2
left_child=-1 3 -3 -2
right_child=1 2 -4 -5
leaf_value=-0.021372736243271729 0.00020898215173461313 0.0019768945369239561 -4.0539738934227377e-05 -0.0025517562567843968
leaf_weight=20 736 147 1223 356
leaf_count=20 736 147 1223 356
internal_value=0 -0.000107141 0.000320693 -0.0006435
internal_weight=0 2462 1370 1092
internal_count=2482 2462 1370 1092
is_linear=0
shrinkage=0.0630696


Tree=161
num_leaves=4
num_cat=0
split_feature=0 1 2
split_gain=0.154756 0.138594 0.126377
threshold=-1.2535075233997917 1.5856282690722734 1.5746371239001469
decision_type=2 2 2
left_child=-1 2 -2
right_child=1 -3 -4
leaf_value=-0.020024765424909524 -0.00011581048415991454 0.004181954712729535 0.0012570733821689322
leaf_weight=20 2244 13.999999999999998 204
leaf_count=20 2244 14 204
internal_value=0 -5.60059e-05 -9.74672e-05
internal_weight=0 2462 2448
internal_count=2482 2462 2448
is_linear=0
shrinkage=0.0630696


Tree=162
num_leaves=6
num_cat=0
split_feature=0 1 1 1 1
split_gain=0.193216 0.142866 0.536186 0.290786 0.0207227
threshold=-1.1773587330736142 -1.0313633437786878 -0.78792226351348227 -1.3356646941101948 1.1596063786081634
decision_type=2 2 2 2 2
left_child=4 3 -3 -2 -1
right_child=1 2 -4 -5 -6
leaf_value=-0.012862430226028896 0.00028398056974113033 0.0028940912311126651 -8.8171902696367179e-05 -0.0025208495317673766 -0.013242939580152303
leaf_weight=25 341 179 1733 189 14.999999999999998
leaf_count=25 341 179 1733 189 15
internal_value=0 -3.06871e-05 0.000223431 -0.000942357 -0.0042117
internal_weight=0 2442 1912 530 40
internal_count=2482 2442 1912 530 40
is_linear=0
shrinkage=0.0630696


Tree=163
num_leaves=5
num_cat=0
split_feature=0 3 1 1
split_gain=0.156353 0.141522 0.263215 0.26223
threshold=-1.2535075233997917 -0.86158447112794823 -0.97050307371238664 -0.84878253357978373
decision_type=2 2 2 2
left_child=-1 3 -3 -2
right_child=1 2 -4 -5
leaf_value=-0.01792898303595087 0.0020548653840339465 -0.00056128472329859528 0.00037405886691410379 -0.0012558292636721084
leaf_weight=20 147 490 1400 425
leaf_count=20 147 490 1400 425
internal_value=0 -3.04383e-05 0.000232682 -0.000895607
internal_weight=0 2462 1890 572
internal_count=2482 2462 1890 572
is_linear=0
shrinkage=0.0630696


Tree=164
num_leaves=4
num_cat=0
split_feature=0 1 0
split_gain=0.154756 0.138594 0.123183
threshold=-1.2535075233997917 1.5856282690722734 2.3871142373972822
decision_type=2 2 2
left_child=-1 2 -2
right_child=1 -3 -4
leaf_value=-0.016798208498695236 -8.470119388848128e-05 0.0039310085087239828 0.0035398426594189006
leaf_weight=20 2377 13.999999999999998 71
leaf_count=20 2377 14 71
internal_value=0 -5.60059e-05 -9.74672e-05
internal_weight=0 2462 2448
internal_count=2482 2462 2448
is_linear=0
shrinkage=0.0630696


Tree=165
num_leaves=4
num_cat=0
split_feature=1 2 2
split_gain=0.115879 0.108741 0.142394
threshold=1.5856282690722734 4.1522979480131701 1.5746371239001469
decision_type=2 2 2
left_child=1 2 -1
right_child=-2 -3 -4
leaf_value=-0.00011166786648925882 0.0036017679562100192 -0.0031207629450538815 0.0021379159393545674
leaf_weight=2261 14.999999999999998 14.999999999999998 191
leaf_count=2261 15 15 191
internal_value=0 -9.41664e-05 -5.62339e-05
internal_weight=0 2467 2452
internal_count=2482 2467 2452
is_linear=0
shrinkage=0.0630696


Tree=166
num_leaves=8
num_cat=0
split_feature=1 3 5 6 2 0 1
split_gain=0.114719 0.247978 0.317074 0.19219 0.302753 0.182748 0.105998
threshold=0.79444475821035476 1.1798977793155532 1.0000000180025095e-35 1.0000000180025095e-35 -0.74525761780157318 -1.1355721665098104 1.1596063786081634
decision_type=2 2 2 2 2 2 2
left_child=3 2 -2 5 -5 -1 -3
right_child=1 6 -4 4 -6 -7 -8
leaf_value=0.00064997440202595701 -0.00017949628644681119 -0.00018733883250544796 0.0026491301266601398 0.0008707978006400075 -0.00280914145548474 -2.4671740386288118e-05 -0.003490296262687034
leaf_weight=19 333 57 222 117 290 1417 27
leaf_count=19 333 57 222 117 290 1417 27
internal_value=0 0.000694631 0.00118194 -0.000282976 -0.00148422 6.08647e-05 -0.00240855
internal_weight=0 639 555 1843 407 1436 84
internal_count=2482 639 555 1843 407 1436 84
is_linear=0
shrinkage=0.0630696


Tree=167
num_leaves=8
num_cat=0
split_feature=2 6 5 3 0 0 3
split_gain=0.130047 0.366822 0.264473 0.243711 0.604456 0.367849 0.190122
threshold=-0.48749153539027096 1.0000000180025095e-35 1.0000000180025095e-35 1.1798977793155532 -0.96691475083483469 -0.79595775995587592 1.0000000180025095e-35
decision_type=2 2 2 2 2 2 2
left_child=3 6 -3 5 -5 -1 -2
right_child=1 2 -4 4 -6 -7 -8
leaf_value=-0.0024954902503186325 -0.00035729363587612873 -0.004869383229500421 -0.0006614674358092575 0.0023089347941569762 -0.0028036800140562031 0.0012839458365833743 0.00062707964508359061
leaf_weight=124 682 153 201 13.999999999999998 118 675 515
leaf_count=124 682 153 201 14 118 675 515
internal_value=0 -0.000409057 -0.0021781 0.000531797 -0.00193221 0.000948689 0.000120201
internal_weight=0 1551 354 931 132 799 1197
internal_count=2482 1551 354 931 132 799 1197
is_linear=0
shrinkage=0.0630696


Tree=168
num_leaves=8
num_cat=0
split_feature=0 5 4 5 1 1 1
split_gain=0.121508 0.29848 0.263757 0.232209 0.131406 0.118617 0.0245386
threshold=2.3871142373972822 1.1199807455555051 1.0000000180025095e-35 2.2869799942829454 0.12498178748103896 -1.1530838839112907 0.97702556840925903
decision_type=2 2 2 2 2 2 2
left_child=3 2 -2 4 -1 -3 -5
right_child=1 5 -4 6 -6 -7 -8
leaf_value=-0.00023555478783959927 0.0032656711889765245 0.00057022550039645241 -0.0064767892242067557 -0.0053263481037487022 0.00013228311677736848 0.0093094342143763813 -0.00046447358242529806
leaf_weight=1029 15.999999999999998 14.999999999999998 23 30 1337 17 14.999999999999998
leaf_count=1029 16 15 23 30 1337 17 15
internal_value=0 0.00240559 -0.00128274 -0.000159007 -6.89148e-05 0.00649952 -0.00442215
internal_weight=0 71 39 2411 2366 32 45
internal_count=2482 71 39 2411 2366 32 45
is_linear=0
shrinkage=0.0630696


Tree=169
num_leaves=4
num_cat=0
split_feature=1 2 2
split_gain=0.118337 0.106345 0.151483
threshold=1.5856282690722734 4.1522979480131701 1.5746371239001469
decision_type=2 2 2
left_child=1 2 -1
right_child=-2 -3 -4
leaf_value=-0.00014414637680118257 0.0034396259837155543 -0.0029098244173493115 0.0019799412284254381
leaf_weight=2261 14.999999999999998 14.999999999999998 191
leaf_count=2261 15 15 191
internal_value=0 -0.000145198 -0.000107577
internal_weight=0 2467 2452
internal_count=2482 2467 2452
is_linear=0
shrinkage=0.0630696


Tree=170
num_leaves=4
num_cat=0
split_feature=1 2 2
split_gain=0.118337 0.106345 0.151483
threshold=1.5856282690722734 4.1522979480131701 1.5746371239001469
decision_type=2 2 2
left_child=1 2 -1
right_child=-2 -3 -4
leaf_value=-0.00013505511645487951 0.0032226900051232055 -0.0027263028337534338 0.0018550670444363775
leaf_weight=2261 14.999999999999998 14.999999999999998 191
leaf_count=2261 15 15 191
internal_value=0 -0.000145198 -0.000107577
internal_weight=0 2467 2452
internal_count=2482 2467 2452
is_linear=0
shrinkage=0.0630696


Tree=171
num_leaves=5
num_cat=0
split_feature=1 0 0 1
split_gain=0.115879 0.114794 0.170679 0.142169
threshold=1.5856282690722734 -0.90147541074434934 -0.92112035320123187 1.2813269187407663
decision_type=2 2 2 2
left_child=1 2 -1 -3
right_child=-2 3 -4 -5
leaf_value=-0.00038230910429598667 0.0030194361009862258 4.6738020629352439e-05 -0.012802049031829377 -0.00087191341217307625
leaf_weight=259 14.999999999999998 2094 30 84
leaf_count=259 15 2094 30 84
internal_value=0 -9.41664e-05 -0.00126457 6.32896e-05
internal_weight=0 2467 289 2178
internal_count=2482 2467 289 2178
is_linear=0
shrinkage=0.0630696


Tree=172
num_leaves=4
num_cat=0
split_feature=1 2 2
split_gain=0.114657 0.109947 0.137953
threshold=1.5856282690722734 4.1522979480131701 1.5746371239001469
decision_type=2 2 2
left_child=1 2 -1
right_child=-2 -3 -4
leaf_value=-0.00010020395875025002 0.0028290013477702894 -0.0025573036409084165 0.0017621806061680963
leaf_weight=2261 14.999999999999998 14.999999999999998 191
leaf_count=2261 15 15 191
internal_value=0 -6.86505e-05 -3.05622e-05
internal_weight=0 2467 2452
internal_count=2482 2467 2452
is_linear=0
shrinkage=0.0630696


Tree=173
num_leaves=4
num_cat=0
split_feature=1 2 1
split_gain=0.114657 0.109947 0.0968374
threshold=1.5856282690722734 4.1522979480131701 -0.72706199344718081
decision_type=2 2 2
left_child=1 2 -1
right_child=-2 -3 -4
leaf_value=0.00037941478219267837 0.0026505772462188629 -0.0023960154163965835 -0.00012348076658743606
leaf_weight=723 14.999999999999998 14.999999999999998 1729
leaf_count=723 15 15 1729
internal_value=0 -6.86505e-05 -3.05622e-05
internal_weight=0 2467 2452
internal_count=2482 2467 2452
is_linear=0
shrinkage=0.0630696


Tree=174
num_leaves=8
num_cat=0
split_feature=2 6 5 1 0 1 1
split_gain=0.119077 0.312869 0.315298 0.235353 0.218289 0.32578 0.207014
threshold=-0.48749153539027096 1.0000000180025095e-35 1.0000000180025095e-35 -1.0313633437786878 -0.51238728623043917 0.91616529834295768 1.2204666486744649
decision_type=2 2 2 2 2 2 2
left_child=4 3 -3 -2 6 -6 -1
right_child=1 2 -4 -5 5 -7 -8
leaf_value=-0.0015322911060684822 -0.00093146692741659853 -0.0045418469189579657 -0.00025505059297459406 0.00046806342716396198 2.7077758813377528e-05 0.0028541105860820093 0.0011697475896119062
leaf_weight=225 402 153 201 795 469 180 57
leaf_count=225 402 153 201 795 469 180 57
internal_value=0 -0.000368518 -0.00200231 0.000120201 0.000531797 0.00116635 -0.000921574
internal_weight=0 1551 354 1197 931 649 282
internal_count=2482 1551 354 1197 931 649 282
is_linear=0
shrinkage=0.0630696


Tree=175
num_leaves=8
num_cat=0
split_feature=2 4 0 0 5 4 1
split_gain=0.125613 0.268502 0.514288 0.216071 0.133499 0.381429 0.369773
threshold=-1.0030237002128752 1.0000000180025095e-35 -0.33315182461714199 -0.15818700266838448 1.0000000180025095e-35 -1.518634353124295 0.42928313781254618
decision_type=2 2 2 2 2 2 2
left_child=1 2 -1 -3 6 -6 -2
right_child=4 3 -4 -5 5 -7 -8
leaf_value=-0.00039728321018582378 0.0002590760476275162 0.0031276302127067447 0.0042767906775941786 -0.0021489467602418652 -0.0023498627084505238 0.0002920820791776231 -0.001838675935094508
leaf_weight=56 671 51 27 50 37 1063 527
leaf_count=56 671 51 27 50 37 1063 527
internal_value=0 0.00153361 0.00408849 -0.000650153 -0.000158593 0.00034198 -0.000618251
internal_weight=0 184 83 101 2298 1100 1198
internal_count=2482 184 83 101 2298 1100 1198
is_linear=0
shrinkage=0.0630696


Tree=176
num_leaves=4
num_cat=0
split_feature=1 2 3
split_gain=0.114657 0.109947 0.108102
threshold=1.5856282690722734 4.1522979480131701 -0.86158447112794823
decision_type=2 2 2
left_child=1 2 -1
right_child=-2 -3 -4
leaf_value=-0.00044329206753054764 0.0024710505166130226 -0.0022033248026413852 6.8232589710622571e-05
leaf_weight=572 14.999999999999998 14.999999999999998 1880
leaf_count=572 15 15 1880
internal_value=0 -6.86505e-05 -3.05622e-05
internal_weight=0 2467 2452
internal_count=2482 2467 2452
is_linear=0
shrinkage=0.0630696


Tree=177
num_leaves=4
num_cat=0
split_feature=1 2 0
split_gain=0.11344 0.111157 0.0911017
threshold=1.5856282690722734 4.1522979480131701 -1.0992388782868801
decision_type=2 2 2
left_child=1 2 -1
right_child=-2 -3 -4
leaf_value=-0.0061293115145737622 0.0023152022457513955 -0.0020643618966509642 1.203379153989844e-05
leaf_weight=77 14.999999999999998 14.999999999999998 2375
leaf_count=77 15 15 2375
internal_value=0 -4.31347e-05 -4.89056e-06
internal_weight=0 2467 2452
internal_count=2482 2467 2452
is_linear=0
shrinkage=0.0630696


Tree=178
num_leaves=4
num_cat=0
split_feature=2 1 3
split_gain=0.114169 0.11043 0.0921129
threshold=4.1522979480131701 1.5856282690722734 -0.86158447112794823
decision_type=2 2 2
left_child=1 2 -1
right_child=-2 -3 -4
leaf_value=-0.00041609276255635174 -0.0019341633313596633 0.0021691832695026089 9.3629544363672636e-05
leaf_weight=572 14.999999999999998 14.999999999999998 1880
leaf_count=572 15 15 1880
internal_value=0 5.84412e-05 2.02905e-05
internal_weight=0 2467 2452
internal_count=2482 2467 2452
is_linear=0
shrinkage=0.0630696


Tree=179
num_leaves=8
num_cat=0
split_feature=1 1 3 1 1 0 0
split_gain=0.145874 0.535465 0.418615 0.376151 0.287516 0.217587 0.210773
threshold=-1.0313633437786878 -0.78792226351348227 1.1798977793155532 0.12498178748103896 -1.3356646941101948 -0.78669375699125899 -0.75042617091701402
decision_type=2 2 2 2 2 2 2
left_child=4 2 -2 -3 6 -6 -1
right_child=1 3 -4 -5 5 -7 -8
leaf_value=-0.0036484946967068302 0.0015240707492120255 -0.0014538943797404598 0.0035156187053688448 0.00012342027951245933 0.0023913505303395561 -0.002884769950075197 0.0026179550993434019
leaf_weight=37 156 384 23 1388 30 159 305
leaf_count=37 156 384 23 1388 30 159 305
internal_value=0 0.0002222 0.00346281 -0.000113251 -0.00095237 -0.00289356 0.000143758
internal_weight=0 1951 179 1772 531 189 342
internal_count=2482 1951 179 1772 531 189 342
is_linear=0
shrinkage=0.0630696


Tree=180
num_leaves=8
num_cat=0
split_feature=1 1 3 1 4 0 1
split_gain=0.118095 0.428068 0.462149 0.323156 0.245499 0.563855 0.133543
threshold=-1.0313633437786878 -0.78792226351348227 1.1798977793155532 0.12498178748103896 -1.518634353124295 -0.64569694591276339 -1.3356646941101948
decision_type=2 2 2 2 2 2 2
left_child=4 2 -2 -3 5 -1 -6
right_child=1 3 -4 -5 6 -7 -8
leaf_value=0.0043091713606157747 0.0014279481530374402 -0.0013621977820487659 0.0032938898930453342 0.00011563620669738424 -0.00028663411264853771 -0.00051392052253096507 -0.0023385882841007815
leaf_weight=13.999999999999998 156 384 23 1388 303 38 176
leaf_count=14 156 384 23 1388 303 38 176
internal_value=0 0.0002222 0.00311963 -7.77548e-05 -0.000834655 0.00309947 -0.0012894
internal_weight=0 1951 179 1772 531 52 479
internal_count=2482 1951 179 1772 531 52 479
is_linear=0
shrinkage=0.0630696


Tree=181
num_leaves=8
num_cat=0
split_feature=1 1 1 3 5 2 1
split_gain=0.145874 0.33268 0.308714 0.302381 0.202715 0.250432 0.15474
threshold=-1.0313633437786878 -0.78792226351348227 0.064121517414737511 -0.86158447112794823 -1.214017751899376 1.0591049590775425 -1.3356646941101948
decision_type=2 2 2 2 2 2 2
left_child=4 3 -3 -2 5 -1 -6
right_child=1 2 -4 -5 6 -7 -8
leaf_value=-0.0014932018346342593 0.0064310662800482537 -0.0015041051943024528 9.0944696037702628e-05 0.0020866874316213054 -0.00022670190849930687 0.0039695400652283311 -0.0023842470887152126
leaf_weight=24 33 368 1404 146 312 13.999999999999998 181
leaf_count=24 33 368 1404 146 312 14 181
internal_value=0 0.0002222 -4.22582e-05 0.00277646 -0.00095237 0.00322921 -0.00130382
internal_weight=0 1951 1772 179 531 38 493
internal_count=2482 1951 1772 179 531 38 493
is_linear=0
shrinkage=0.0630696


Tree=182
num_leaves=8
num_cat=0
split_feature=1 1 3 3 5 2 1
split_gain=0.170895 0.307946 0.302381 0.216217 0.202715 0.250432 0.15474
threshold=-1.0313633437786878 -0.78792226351348227 -0.86158447112794823 -0.86158447112794823 -1.214017751899376 1.0591049590775425 -1.3356646941101948
decision_type=2 2 2 2 2 2 2
left_child=4 2 -2 -3 5 -1 -6
right_child=1 3 -4 -5 6 -7 -8
leaf_value=-0.0013990261298437432 0.0060254612336103726 -0.0010389725342918805 0.0019550808028372156 0.00013759955789041748 -0.0002124039003432485 0.0037191825953498065 -0.0022338734789549303
leaf_weight=24 33 430 146 1342 312 13.999999999999998 181
leaf_count=24 33 430 146 1342 312 14 181
internal_value=0 0.000318944 0.00277646 6.35532e-05 -0.00095237 0.00322921 -0.00130382
internal_weight=0 1951 179 1772 531 38 493
internal_count=2482 1951 179 1772 531 38 493
is_linear=0
shrinkage=0.0630696


Tree=183
num_leaves=8
num_cat=0
split_feature=1 1 0 5 3 2 0
split_gain=0.121412 0.495522 0.555288 0.235628 0.216217 0.206039 0.099142
threshold=-0.97050307371238664 -0.78792226351348227 -0.19287773717418397 -1.214017751899376 -0.86158447112794823 1.0591049590775425 0.14870773384030736
decision_type=2 2 2 2 2 2 2
left_child=3 2 -2 5 -3 -1 -5
right_child=1 4 -4 6 -6 -7 -8
leaf_value=-0.0035747033644278744 -0.00031572799024117082 -0.00097344490875226242 0.0041229245640122571 -0.00014728357377847884 0.00012892120306740701 0.0034846150814091693 -0.0017036256062600546
leaf_weight=29 49 430 40 315 1342 13.999999999999998 263
leaf_count=29 49 430 40 315 1342 14 263
internal_value=0 0.000300525 0.00476844 -0.000714615 6.35532e-05 0.00355128 -0.00105954
internal_weight=0 1861 89 621 1772 43 578
internal_count=2482 1861 89 621 1772 43 578
is_linear=0
shrinkage=0.0630696


Tree=184
num_leaves=6
num_cat=0
split_feature=4 5 5 1 1
split_gain=0.125795 0.371615 0.36666 0.363046 0.275551
threshold=1.0000000180025095e-35 2.2869799942829454 1.1199807455555051 -0.97050307371238664 0.91616529834295768
decision_type=2 2 2 2 2
left_child=2 3 4 -2 -1
right_child=1 -3 -4 -5 -6
leaf_value=-0.00031213941418348657 -0.0016490460848950634 0.0080332582360403328 -0.0029711175277600545 0.00037360727717541459 0.00075497032396899984
leaf_weight=731 324 19 47 1196 165
leaf_count=731 324 19 47 1196 165
internal_value=0 0.00037138 -0.000551685 0.000247782 -0.000251392
internal_weight=0 1539 943 1520 896
internal_count=2482 1539 943 1520 896
is_linear=0
shrinkage=0.0630696


Tree=185
num_leaves=8
num_cat=0
split_feature=1 1 0 5 3 2 0
split_gain=0.121412 0.495522 0.555288 0.235628 0.216217 0.206039 0.099142
threshold=-0.97050307371238664 -0.78792226351348227 -0.19287773717418397 -1.214017751899376 -0.86158447112794823 1.0591049590775425 0.14870773384030736
decision_type=2 2 2 2 2 2 2
left_child=3 2 -2 5 -3 -1 -5
right_child=1 4 -4 6 -6 -7 -8
leaf_value=-0.0033295615827909479 -0.00031072850599624829 -0.0009356133642126936 0.0038393299116118019 -8.3109219373784986e-05 9.909646761655213e-05 0.0032845281775749306 -0.0014921738037491875
leaf_weight=29 49 430 40 315 1342 13.999999999999998 263
leaf_count=29 49 430 40 315 1342 14 263
internal_value=0 0.000300525 0.00476844 -0.000714615 6.35532e-05 0.00355128 -0.00105954
internal_weight=0 1861 89 621 1772 43 578
internal_count=2482 1861 89 621 1772 43 578
is_linear=0
shrinkage=0.0630696


Tree=186
num_leaves=8
num_cat=0
split_feature=3 1 0 1 5 2 1
split_gain=0.116493 0.300365 0.361277 0.224356 0.206717 0.298607 0.282259
threshold=-0.86158447112794823 1.2204666486744649 -0.22270651267727662 -1.5182455043090994 1.0000000180025095e-35 -0.48749153539027096 -1.2139441539775919
decision_type=2 2 2 2 2 2 2
left_child=1 3 -3 -1 5 -2 -6
right_child=4 2 -4 -5 6 -7 -8
leaf_value=0.0037664662718455469 0.00050825353430544403 -0.00035520810325721504 0.0021271254973018478 -0.0013753544827461658 -0.0018378060855508537 -0.0011420790336917604 0.0010563581919659328
leaf_weight=47 357 32 15.999999999999998 483 147 628 772
leaf_count=47 357 32 16 483 147 628 772
internal_value=0 -0.000734875 0.00381232 -0.00117823 0.000283843 -0.000349857 0.000962
internal_weight=0 578 48 530 1904 985 919
internal_count=2482 578 48 530 1904 985 919
is_linear=0
shrinkage=0.0630696


Tree=187
num_leaves=8
num_cat=0
split_feature=5 0 1 1 3 0 0
split_gain=0.121421 0.43998 0.332361 0.438718 0.402739 0.319777 0.297358
threshold=1.0000000180025095e-35 0.85415170427358211 0.6118639480114505 -1.7008263145080036 1.1798977793155532 -0.11797728767302594 1.3992824319149044
decision_type=2 2 2 2 2 2 2
left_child=1 5 3 -2 -4 -1 -3
right_child=2 6 4 -5 -6 -7 -8
leaf_value=-2.6752388733092252e-05 0.0030676200344568667 0.009540979277875233 0.0015628401830352408 -0.00053094957821008329 -0.0010933325430062151 -0.0022843697943816291 -0.00035825135055059883
leaf_weight=1034 76 13.999999999999998 359 698 57 226 18
leaf_count=1034 76 14 359 698 57 226 18
internal_value=0 -0.000301077 0.000580158 -0.000193592 0.00200705 -0.000498185 0.00649952
internal_weight=0 1292 1190 774 416 1260 32
internal_count=2482 1292 1190 774 416 1260 32
is_linear=0
shrinkage=0.0630696


Tree=188
num_leaves=7
num_cat=0
split_feature=0 0 3 0 1 3
split_gain=0.115619 0.182713 0.182387 0.236157 0.199674 0.114406
threshold=-0.90147541074434934 -0.92112035320123187 1.1798977793155532 0.1097463596699683 0.79444475821035476 1.1798977793155532
decision_type=2 2 2 2 2 2
left_child=1 5 4 -4 -2 -1
right_child=2 -3 3 -5 -6 -7
leaf_value=-0.0012110438161684392 5.8928598699716238e-06 -0.011865574861396777 -0.0017606388829921305 0.00023304477322879643 0.00099175689626238581 0.0013304246479186315
leaf_weight=211 1429 30 165 113 482 52
leaf_count=211 1429 30 165 113 482 52
internal_value=0 -0.00112051 0.000203844 -0.00129146 0.000424366 -0.000539462
internal_weight=0 293 2189 278 1911 263
internal_count=2482 293 2189 278 1911 263
is_linear=0
shrinkage=0.0630696


Tree=189
num_leaves=5
num_cat=0
split_feature=2 0 5 0
split_gain=0.117844 0.132467 0.251443 0.135122
threshold=4.1522979480131701 2.2561698550676259 1.1199807455555051 2.0013112203176338
decision_type=2 2 2 2
left_child=1 3 -3 -1
right_child=-2 2 -4 -5
leaf_value=1.6079452794106103e-05 -0.0014830526021991303 -0.0022566464848665603 0.0065580454676828302 -0.0059746682426831347
leaf_weight=2374 14.999999999999998 44 32 17
leaf_count=2374 15 44 32 17
internal_value=0 0.000134989 0.00264707 4.9765e-05
internal_weight=0 2467 76 2391
internal_count=2482 2467 76 2391
is_linear=0
shrinkage=0.0630696


Tree=190
num_leaves=5
num_cat=0
split_feature=2 0 5 0
split_gain=0.117844 0.132467 0.251443 0.135122
threshold=4.1522979480131701 2.2561698550676259 1.1199807455555051 2.0013112203176338
decision_type=2 2 2 2
left_child=1 3 -3 -1
right_child=-2 2 -4 -5
leaf_value=1.5065327466575782e-05 -0.0013895170058624 -0.0021143205994798762 0.006144431889369497 -0.0055978480569632613
leaf_weight=2374 14.999999999999998 44 32 17
leaf_count=2374 15 44 32 17
internal_value=0 0.000134989 0.00264707 4.9765e-05
internal_weight=0 2467 76 2391
internal_count=2482 2467 76 2391
is_linear=0
shrinkage=0.0630696


Tree=191
num_leaves=5
num_cat=0
split_feature=2 2 1 0
split_gain=0.119079 0.162606 0.402718 0.137558
threshold=4.1522979480131701 1.8324032063114493 -1.5791057743754007 2.2561698550676259
decision_type=2 2 2 2
left_child=1 3 -3 -1
right_child=-2 2 -4 -5
leaf_value=-1.0665197005363051e-05 -0.0013018806660788456 0.011825662909550859 -0.00013423902143434532 0.0028244379808627382
leaf_weight=2293 14.999999999999998 27 87 60
leaf_count=2293 15 27 87 60
internal_value=0 0.000160505 0.0024374 4.52172e-05
internal_weight=0 2467 114 2353
internal_count=2482 2467 114 2353
is_linear=0
shrinkage=0.0630696


Tree=192
num_leaves=5
num_cat=0
split_feature=2 2 1 0
split_gain=0.119079 0.162606 0.402718 0.137558
threshold=4.1522979480131701 1.8324032063114493 -1.5791057743754007 2.2561698550676259
decision_type=2 2 2 2
left_child=1 3 -3 -1
right_child=-2 2 -4 -5
leaf_value=-9.9925468508335947e-06 -0.0012197715188507459 0.011079822586233282 -0.00012577261444181683 0.0026463016892273993
leaf_weight=2293 14.999999999999998 27 87 60
leaf_count=2293 15 27 87 60
internal_value=0 0.000160505 0.0024374 4.52172e-05
internal_weight=0 2467 114 2353
internal_count=2482 2467 114 2353
is_linear=0
shrinkage=0.0630696


Tree=193
num_leaves=5
num_cat=0
split_feature=2 2 1 0
split_gain=0.119079 0.162606 0.402718 0.137558
threshold=4.1522979480131701 1.8324032063114493 -1.5791057743754007 2.2561698550676259
decision_type=2 2 2 2
left_child=1 3 -3 -1
right_child=-2 2 -4 -5
leaf_value=-9.3623205006762384e-06 -0.0011428409661238567 0.010381022144919953 -0.00011784018070531839 0.0024794003896904384
leaf_weight=2293 14.999999999999998 27 87 60
leaf_count=2293 15 27 87 60
internal_value=0 0.000160505 0.0024374 4.52172e-05
internal_weight=0 2467 114 2353
internal_count=2482 2467 114 2353
is_linear=0
shrinkage=0.0630696


Tree=194
num_leaves=5
num_cat=0
split_feature=2 0 5 5
split_gain=0.117844 0.132467 0.251443 0.131299
threshold=4.1522979480131701 2.2561698550676259 1.1199807455555051 2.2869799942829454
decision_type=2 2 2 2
left_child=1 3 -3 -1
right_child=-2 2 -4 -5
leaf_value=2.0772434630020803e-05 -0.001070762395798065 -0.0024823836422359475 0.0053080170203621988 -0.0015714170845383458
leaf_weight=2346 14.999999999999998 44 32 45
leaf_count=2346 15 44 32 45
internal_value=0 0.000134989 0.00264707 4.9765e-05
internal_weight=0 2467 76 2391
internal_count=2482 2467 76 2391
is_linear=0
shrinkage=0.0630696


Tree=195
num_leaves=5
num_cat=0
split_feature=2 0 5 5
split_gain=0.117844 0.132467 0.251443 0.131299
threshold=4.1522979480131701 2.2561698550676259 1.1199807455555051 2.2869799942829454
decision_type=2 2 2 2
left_child=1 3 -3 -1
right_child=-2 2 -4 -5
leaf_value=1.9462324619290952e-05 -0.0010032297950815707 -0.0023258205952013983 0.0049732422884151157 -0.0014723083719559995
leaf_weight=2346 14.999999999999998 44 32 45
leaf_count=2346 15 44 32 45
internal_value=0 0.000134989 0.00264707 4.9765e-05
internal_weight=0 2467 76 2391
internal_count=2482 2467 76 2391
is_linear=0
shrinkage=0.0630696


Tree=196
num_leaves=4
num_cat=0
split_feature=2 1 1
split_gain=0.116614 0.10802 0.104582
threshold=4.1522979480131701 1.5856282690722734 1.2813269187407663
decision_type=2 2 2
left_child=1 2 -1
right_child=-2 -3 -4
leaf_value=3.7891147522997284e-05 -0.00093995645129962737 0.0020340966386535888 -0.00070627390059882869
leaf_weight=2339 14.999999999999998 14.999999999999998 113
leaf_count=2339 15 15 113
internal_value=0 0.000109473 7.16339e-05
internal_weight=0 2467 2452
internal_count=2482 2467 2452
is_linear=0
shrinkage=0.0630696


Tree=197
num_leaves=4
num_cat=0
split_feature=2 1 0
split_gain=0.117844 0.106823 0.109263
threshold=4.1522979480131701 1.5856282690722734 -0.88018791457033596
decision_type=2 2 2
left_child=1 2 -1
right_child=-2 -3 -4
leaf_value=-0.0011175999438650264 -0.00088067373464307435 0.0019058068923420632 6.4149573662447174e-05
leaf_weight=310 14.999999999999998 14.999999999999998 2142
leaf_count=310 15 15 2142
internal_value=0 0.000134989 9.73055e-05
internal_weight=0 2467 2452
internal_count=2482 2467 2452
is_linear=0
shrinkage=0.0630696


Tree=198
num_leaves=4
num_cat=0
split_feature=2 1 0
split_gain=0.115389 0.109223 0.104733
threshold=4.1522979480131701 1.5856282690722734 -0.44464837093597093
decision_type=2 2 2
left_child=1 2 -1
right_child=-2 -3 -4
leaf_value=-0.0003350454273450148 -0.00082512995768896716 0.0017856083343722384 0.00012331520494075825
leaf_weight=830 14.999999999999998 14.999999999999998 1622
leaf_count=830 15 15 1622
internal_value=0 8.39571e-05 4.59622e-05
internal_weight=0 2467 2452
internal_count=2482 2467 2452
is_linear=0
shrinkage=0.0630696


Tree=199
num_leaves=4
num_cat=0
split_feature=2 1 1
split_gain=0.114169 0.11043 0.0988092
threshold=4.1522979480131701 1.5856282690722734 1.2813269187407663
decision_type=2 2 2
left_child=1 2 -1
right_child=-2 -3 -4
leaf_value=2.9845489116492039e-05 -0.00077308930684939986 0.0016729906563939748 -0.00067355279513131496
leaf_weight=2339 14.999999999999998 14.999999999999998 113
leaf_count=2339 15 15 113
internal_value=0 5.84412e-05 2.02905e-05
internal_weight=0 2467 2452
internal_count=2482 2467 2452
is_linear=0
shrinkage=0.0630696


Tree=200
num_leaves=4
num_cat=0
split_feature=2 1 0
split_gain=0.114169 0.11043 0.094481
threshold=4.1522979480131701 1.5856282690722734 -0.88018791457033596
decision_type=2 2 2
left_child=1 2 -1
right_child=-2 -3 -4
leaf_value=-0.0010278644650007309 -0.00072433084121539034 0.0015674757350219706 5.1570034359190368e-05
leaf_weight=310 14.999999999999998 14.999999999999998 2142
leaf_count=310 15 15 2142
internal_value=0 5.84412e-05 2.02905e-05
internal_weight=0 2467 2452
internal_count=2482 2467 2452
is_linear=0
shrinkage=0.0630696


Tree=201
num_leaves=8
num_cat=0
split_feature=1 0 0 4 1 5 2
split_gain=0.121799 0.251152 0.399274 0.277088 0.161869 0.353293 0.11239
threshold=0.79444475821035476 -0.77900660559508761 -1.01349757425266 -1.518634353124295 0.67272421807775196 1.0000000180025095e-35 4.1522979480131701
decision_type=2 2 2 2 2 2 2
left_child=4 2 -2 -3 6 -6 -1
right_child=1 3 -4 -5 5 -7 -8
leaf_value=1.100995867947817e-05 0.00026126535566213944 -0.0029206640319807842 -0.0091401531532286119 0.000927134026781017 -0.0050605567727068455 0.00021277855422939345 -0.00067864755454188962
leaf_weight=1662 60 33 65 481 75 91 14.999999999999998
leaf_count=1662 60 33 65 481 75 91 15
internal_value=0 0.000792599 -0.00169625 0.00140908 -0.000214711 -0.00206455 -2.58944e-05
internal_weight=0 639 125 514 1843 166 1677
internal_count=2482 639 125 514 1843 166 1677
is_linear=0
shrinkage=0.0630696


Tree=202
num_leaves=4
num_cat=0
split_feature=1 2 2
split_gain=0.114657 0.109947 0.100368
threshold=1.5856282690722734 4.1522979480131701 0.28580671184363571
decision_type=2 2 2
left_child=1 2 -1
right_child=-2 -3 -4
leaf_value=-6.7233748466576543e-05 0.0014353392361176676 -0.0006358454963935658 0.00031724675617604732
leaf_weight=1779 14.999999999999998 14.999999999999998 673
leaf_count=1779 15 15 673
internal_value=0 -6.86505e-05 -3.05622e-05
internal_weight=0 2467 2452
internal_count=2482 2467 2452
is_linear=0
shrinkage=0.0630696


Tree=203
num_leaves=4
num_cat=0
split_feature=1 2 2
split_gain=0.114657 0.109947 0.100368
threshold=1.5856282690722734 4.1522979480131701 0.28580671184363571
decision_type=2 2 2
left_child=1 2 -1
right_child=-2 -3 -4
leaf_value=-6.2993340036348604e-05 0.0013448129046871079 -0.00059574294871927904 0.0002972381169135328
leaf_weight=1779 14.999999999999998 14.999999999999998 673
leaf_count=1779 15 15 673
internal_value=0 -6.86505e-05 -3.05622e-05
internal_weight=0 2467 2452
internal_count=2482 2467 2452
is_linear=0
shrinkage=0.0630696


Tree=204
num_leaves=4
num_cat=0
split_feature=1 2 1
split_gain=0.114657 0.109947 0.105411
threshold=1.5856282690722734 4.1522979480131701 -1.9442673947732094
decision_type=2 2 2
left_child=1 2 -1
right_child=-2 -3 -4
leaf_value=-0.00014236415287515909 0.0012599960365499826 -0.00055816965436067715 2.3610867878083508e-06
leaf_weight=29 14.999999999999998 14.999999999999998 2423
leaf_count=29 15 15 2423
internal_value=0 -6.86505e-05 -3.05622e-05
internal_weight=0 2467 2452
internal_count=2482 2467 2452
is_linear=0
shrinkage=0.0630696


Tree=205
num_leaves=4
num_cat=0
split_feature=1 2 1
split_gain=0.11344 0.111157 0.0959849
threshold=1.5856282690722734 4.1522979480131701 1.2813269187407663
decision_type=2 2 2
left_child=1 2 -1
right_child=-2 -3 -4
leaf_value=2.3311961843508575e-05 0.0011805285379018378 -0.00052296609421701628 -0.00068473411324016279
leaf_weight=2339 14.999999999999998 14.999999999999998 113
leaf_count=2339 15 15 113
internal_value=0 -4.31347e-05 -4.89056e-06
internal_weight=0 2467 2452
internal_count=2482 2467 2452
is_linear=0
shrinkage=0.0630696


Tree=206
num_leaves=4
num_cat=0
split_feature=1 2 1
split_gain=0.11344 0.111157 0.106953
threshold=1.5856282690722734 4.1522979480131701 -1.9442673947732094
decision_type=2 2 2
left_child=1 2 -1
right_child=-2 -3 -4
leaf_value=-0.00013485557383566762 0.001106073025925194 -0.00048998281000050138 1.5189408348741031e-05
leaf_weight=29 14.999999999999998 14.999999999999998 2423
leaf_count=29 15 15 2423
internal_value=0 -4.31347e-05 -4.89056e-06
internal_weight=0 2467 2452
internal_count=2482 2467 2452
is_linear=0
shrinkage=0.0630696


Tree=207
num_leaves=4
num_cat=0
split_feature=2 1 2
split_gain=0.114169 0.11043 0.0852393
threshold=4.1522979480131701 1.5856282690722734 0.28580671184363571
decision_type=2 2 2
left_child=1 2 -1
right_child=-2 -3 -4
leaf_value=-6.1597553170053071e-05 -0.00045907976970354194 0.0010363133964160758 0.00027591423483803778
leaf_weight=1779 14.999999999999998 14.999999999999998 673
leaf_count=1779 15 15 673
internal_value=0 5.84412e-05 2.02905e-05
internal_weight=0 2467 2452
internal_count=2482 2467 2452
is_linear=0
shrinkage=0.0630696


Tree=208
num_leaves=5
num_cat=0
split_feature=2 1 1 0
split_gain=0.114169 0.110857 0.108091 0.014624
threshold=4.1522979480131701 -1.9442673947732094 1.5856282690722734 0.69075046049342437
decision_type=2 2 2 2
left_child=1 3 -3 -1
right_child=-2 2 -4 -5
leaf_value=-0.0086319142257767611 -0.00043012577308753302 1.7802654903915454e-05 0.00097095348174975932 -9.2673902967237764e-05
leaf_weight=15.000000000000002 14.999999999999998 2423 14.999999999999998 13.999999999999998
leaf_count=15 15 2423 15 14
internal_value=0 5.84412e-05 0.000108191 -0.00352944
internal_weight=0 2467 2438 29
internal_count=2482 2467 2438 29
is_linear=0
shrinkage=0.0630696


Tree=209
num_leaves=4
num_cat=0
split_feature=2 1 2
split_gain=0.114169 0.11043 0.0852393
threshold=4.1522979480131701 1.5856282690722734 0.28580671184363571
decision_type=2 2 2
left_child=1 2 -1
right_child=-2 -3 -4
leaf_value=-5.8835424625242101e-05 -0.00040299789466589388 0.00090971579348700523 0.00025909342701215779
leaf_weight=1779 14.999999999999998 14.999999999999998 673
leaf_count=1779 15 15 673
internal_value=0 5.84412e-05 2.02905e-05
internal_weight=0 2467 2452
internal_count=2482 2467 2452
is_linear=0
shrinkage=0.0630696


Tree=210
num_leaves=4
num_cat=0
split_feature=2 1 0
split_gain=0.116614 0.10802 0.0871032
threshold=4.1522979480131701 1.5856282690722734 -0.43663270879637334
decision_type=2 2 2
left_child=1 2 -1
right_child=-2 -3 -4
leaf_value=-0.00027522206104099522 -0.00037758096181789201 0.00085234034428548428 0.00017990817978990765
leaf_weight=840 14.999999999999998 14.999999999999998 1612
leaf_count=840 15 15 1612
internal_value=0 0.000109473 7.16339e-05
internal_weight=0 2467 2452
internal_count=2482 2467 2452
is_linear=0
shrinkage=0.0630696


Tree=211
num_leaves=4
num_cat=0
split_feature=1 2 0
split_gain=0.114657 0.109947 0.0910232
threshold=1.5856282690722734 4.1522979480131701 1.4971129313072067
decision_type=2 2 2
left_child=1 2 -1
right_child=-2 -3 -4
leaf_value=-2.3896733231822656e-05 0.00079858354411115853 -0.00035376706581945633 0.0013221413473087568
leaf_weight=2289 14.999999999999998 14.999999999999998 163
leaf_count=2289 15 15 163
internal_value=0 -6.86505e-05 -3.05622e-05
internal_weight=0 2467 2452
internal_count=2482 2467 2452
is_linear=0
shrinkage=0.0630696


Tree=212
num_leaves=4
num_cat=0
split_feature=1 2 0
split_gain=0.114657 0.109947 0.0910232
threshold=1.5856282690722734 4.1522979480131701 1.4971129313072067
decision_type=2 2 2
left_child=1 2 -1
right_child=-2 -3 -4
leaf_value=-2.2389574827556121e-05 0.0007482171660661384 -0.00033145510371050457 0.0012387543661736829
leaf_weight=2289 14.999999999999998 14.999999999999998 163
leaf_count=2289 15 15 163
internal_value=0 -6.86505e-05 -3.05622e-05
internal_weight=0 2467 2452
internal_count=2482 2467 2452
is_linear=0
shrinkage=0.0630696


Tree=213
num_leaves=4
num_cat=0
split_feature=1 2 0
split_gain=0.114657 0.109947 0.0910232
threshold=1.5856282690722734 4.1522979480131701 1.4971129313072067
decision_type=2 2 2
left_child=1 2 -1
right_child=-2 -3 -4
leaf_value=-2.0977472363985267e-05 0.00070102737744127703 -0.00031055034905880127 0.0011606265720665188
leaf_weight=2289 14.999999999999998 14.999999999999998 163
leaf_count=2289 15 15 163
internal_value=0 -6.86505e-05 -3.05622e-05
internal_weight=0 2467 2452
internal_count=2482 2467 2452
is_linear=0
shrinkage=0.0630696


Tree=214
num_leaves=8
num_cat=0
split_feature=2 3 0 6 6 0 3
split_gain=0.12176 0.531139 0.412838 0.344648 0.323123 0.462038 0.263423
threshold=-0.74525761780157318 1.0000000180025095e-35 -0.65923158854191988 1.0000000180025095e-35 1.0000000180025095e-35 -0.31127300910496164 1.0000000180025095e-35
decision_type=2 2 2 2 2 2 2
left_child=1 2 -1 -3 6 -6 -2
right_child=4 3 -4 -5 5 -7 -8
leaf_value=-0.0059564859146582971 -0.00016068466470277491 -0.0075534672931993211 0.0026238790783927528 0.00012665507961919366 -0.0036172583687124641 -2.76920681982172e-05 0.001356745410232155
leaf_weight=60 765 98 229 146 212 370 602
leaf_count=60 765 98 229 146 212 370 602
internal_value=0 0.000784637 0.0025956 -0.00136656 -0.000286992 -0.00152525 0.000243234
internal_weight=0 533 289 244 1949 582 1367
internal_count=2482 533 289 244 1949 582 1367
is_linear=0
shrinkage=0.0630696


Tree=215
num_leaves=7
num_cat=0
split_feature=4 1 2 1 6 1
split_gain=0.140791 0.331988 0.173445 0.265056 0.162532 0.092637
threshold=1.3401069926887506 0.42928313781254618 -1.0030237002128752 0.064121517414737511 1.0000000180025095e-35 0.91616529834295768
decision_type=2 2 2 2 2 2
left_child=2 -2 3 -1 -4 -3
right_child=1 5 4 -5 -6 -7
leaf_value=-0.007646437361501098 -0.003693863617035885 0.0037391223075080894 3.5976765968869823e-05 0.001536395753290151 -0.00048580647751906371 -0.00029697416452176094
leaf_weight=38 21 17.000000000000004 1515 140 737 13.999999999999998
leaf_count=38 21 17 1515 140 737 14
internal_value=0 0.00309947 -7.74649e-05 0.00179099 -0.000228898 0.00685742
internal_weight=0 52 2430 178 2252 31
internal_count=2482 52 2430 178 2252 31
is_linear=0
shrinkage=0.0630696


Tree=216
num_leaves=5
num_cat=0
split_feature=2 5 1 0
split_gain=0.112957 0.0854804 0.338542 0.292814
threshold=4.1522979480131701 1.0000000180025095e-35 0.6118639480114505 0.54476028611485161
decision_type=2 2 2 2
left_child=1 3 -3 -1
right_child=-2 2 -4 -5
leaf_value=-0.00021747480470744044 -0.00032138030773122745 -0.00017098064636286036 0.00095048866121204203 0.0030151630681838982
leaf_weight=1241 14.999999999999998 765 416 45
leaf_count=1241 15 765 416 45
internal_value=0 3.29253e-05 0.000419677 -0.000322021
internal_weight=0 2467 1181 1286
internal_count=2482 2467 1181 1286
is_linear=0
shrinkage=0.0630696


Tree=217
num_leaves=7
num_cat=0
split_feature=1 2 3 2 2 1
split_gain=0.118331 0.326197 0.633938 0.263889 0.104645 0.114589
threshold=0.91616529834295768 -0.48749153539027096 1.0000000180025095e-35 -0.22972545297896871 4.1522979480131701 -0.72706199344718081
decision_type=2 2 2 2 2 2
left_child=4 2 -2 -3 5 -1
right_child=1 3 -4 -5 -6 -7
leaf_value=0.00024469269563559299 0.0027584186982075247 -0.0035165778391449067 -0.0011211826132634468 0.00042403556038883783 -0.00030111096685285683 -0.00022359139973555613
leaf_weight=723 156 115 141 40 14.999999999999998 1292
leaf_count=723 156 115 141 40 15 1292
internal_value=0 0.000937582 0.00215061 -0.00137777 -0.00018568 -0.00014022
internal_weight=0 452 297 155 2030 2015
internal_count=2482 452 297 155 2030 2015
is_linear=0
shrinkage=0.0630696


Tree=218
num_leaves=5
num_cat=0
split_feature=2 0 0 1
split_gain=0.111762 0.0861181 0.13684 0.133495
threshold=4.1522979480131701 1.4971129313072067 1.3992824319149044 -0.36190037304937234
decision_type=2 2 2 2
left_child=1 2 -1 -3
right_child=-2 3 -4 -5
leaf_value=-1.5980635400496886e-05 -0.0002821200060425327 0.0017812836313681965 -0.0065452861832316052 -0.0034006253487003884
leaf_weight=2286 14.999999999999998 131 18 32
leaf_count=2286 15 131 18 32
internal_value=0 7.40947e-06 -9.26193e-05 0.00138725
internal_weight=0 2467 2304 163
internal_count=2482 2467 2304 163
is_linear=0
shrinkage=0.0630696


Tree=219
num_leaves=5
num_cat=0
split_feature=2 2 1 6
split_gain=0.109361 0.0793648 0.214601 0.12507
threshold=4.1522979480131701 -1.0030237002128752 0.064121517414737511 1.0000000180025095e-35
decision_type=2 2 2 2
left_child=1 2 -1 -3
right_child=-2 3 -4 -5
leaf_value=-0.0071936094517636986 -0.00026432679832729945 5.3132293500025531e-05 0.0012404140949323233 -0.00034451596157586477
leaf_weight=39 14.999999999999998 1515 145 768
leaf_count=39 15 1515 145 768
internal_value=0 -4.31347e-05 0.00119952 -0.000145849
internal_weight=0 2467 184 2283
internal_count=2482 2467 184 2283
is_linear=0
shrinkage=0.0630696


Tree=220
num_leaves=5
num_cat=0
split_feature=2 0 0 5
split_gain=0.110562 0.0766107 0.214347 0.195437
threshold=4.1522979480131701 2.3871142373972822 2.0013112203176338 1.1199807455555051
decision_type=2 2 2 2
left_child=1 2 -1 -3
right_child=-2 3 -4 -5
leaf_value=-1.0634566161098918e-05 -0.00024765580184842712 -0.0035323918655940098 -0.0025140830362324995 0.0048128779230670431
leaf_weight=2374 14.999999999999998 37 26 30
leaf_count=2374 15 37 26 30
internal_value=0 -1.76188e-05 -7.84312e-05 0.00201246
internal_weight=0 2467 2400 67
internal_count=2482 2467 2400 67
is_linear=0
shrinkage=0.0630696


Tree=221
num_leaves=5
num_cat=0
split_feature=2 5 1 0
split_gain=0.112957 0.0854804 0.336613 0.292814
threshold=4.1522979480131701 1.0000000180025095e-35 0.30756259767994326 0.54476028611485161
decision_type=2 2 2 2
left_child=1 3 -3 -1
right_child=-2 2 -4 -5
leaf_value=-0.00023282971807314404 -0.0002320362391451706 -0.00033865841822557389 0.0010094850709025838 0.0028254079908137954
leaf_weight=1241 14.999999999999998 534 647 45
leaf_count=1241 15 534 647 45
internal_value=0 3.29253e-05 0.000419677 -0.000322021
internal_weight=0 2467 1181 1286
internal_count=2482 2467 1181 1286
is_linear=0
shrinkage=0.0630696


Tree=222
num_leaves=5
num_cat=0
split_feature=2 0 1 1
split_gain=0.110562 0.101153 0.217206 0.137725
threshold=4.1522979480131701 -0.88018791457033596 1.2813269187407663 -1.0922236138449894
decision_type=2 2 2 2
left_child=1 3 -3 -1
right_child=-2 2 -4 -5
leaf_value=-0.0028505585560333656 -0.000217401796666301 0.00012399272403181003 -0.00047181519063495817 -0.00012169891925180614
leaf_weight=24 14.999999999999998 2060 93 290
leaf_count=24 15 2060 93 290
internal_value=0 -1.76188e-05 0.000137095 -0.00106648
internal_weight=0 2467 2153 314
internal_count=2482 2467 2153 314
is_linear=0
shrinkage=0.0630696


Tree=223
num_leaves=5
num_cat=0
split_feature=2 0 1 1
split_gain=0.110562 0.101153 0.217206 0.137725
threshold=4.1522979480131701 -0.88018791457033596 1.2813269187407663 -1.0922236138449894
decision_type=2 2 2 2
left_child=1 3 -3 -1
right_child=-2 2 -4 -5
leaf_value=-0.0026707748490793271 -0.00020369034323177305 0.00011617254734591472 -0.00044205797558311731 -0.00011402341201165354
leaf_weight=24 14.999999999999998 2060 93 290
leaf_count=24 15 2060 93 290
internal_value=0 -1.76188e-05 0.000137095 -0.00106648
internal_weight=0 2467 2153 314
internal_count=2482 2467 2153 314
is_linear=0
shrinkage=0.0630696


Tree=224
num_leaves=5
num_cat=0
split_feature=2 0 0 1
split_gain=0.110562 0.0893295 0.135295 0.133495
threshold=4.1522979480131701 1.4971129313072067 1.3992824319149044 -0.36190037304937234
decision_type=2 2 2 2
left_child=1 2 -1 -3
right_child=-2 3 -4 -5
leaf_value=-5.8714124399205483e-05 -0.00019084366625360313 0.0015330708015524866 -0.0061884646006645097 -0.0035414397014592626
leaf_weight=2286 14.999999999999998 131 18 32
leaf_count=2286 15 131 18 32
internal_value=0 -1.76188e-05 -0.000119937 0.00138725
internal_weight=0 2467 2304 163
internal_count=2482 2467 2304 163
is_linear=0
shrinkage=0.0630696


Tree=225
num_leaves=5
num_cat=0
split_feature=2 0 5 5
split_gain=0.110562 0.0766107 0.195437 0.120974
threshold=4.1522979480131701 2.3871142373972822 1.1199807455555051 2.2869799942829454
decision_type=2 2 2 2
left_child=1 3 -3 -1
right_child=-2 2 -4 -5
leaf_value=-2.8068186428056098e-05 -0.00017880722459024005 -0.0034575554109359022 0.0044423550386132275 -0.0017010559386958408
leaf_weight=2355 14.999999999999998 37 30 45
leaf_count=2355 15 37 30 45
internal_value=0 -1.76188e-05 0.00201246 -7.84312e-05
internal_weight=0 2467 67 2400
internal_count=2482 2467 67 2400
is_linear=0
shrinkage=0.0630696


Tree=226
num_leaves=8
num_cat=0
split_feature=1 0 0 6 1 1 1
split_gain=0.0910247 0.335693 0.607989 0.519447 0.0915103 0.332651 0.237984
threshold=0.91616529834295768 0.14870773384030736 0.38884908728480966 1.0000000180025095e-35 -0.72706199344718081 -0.97050307371238664 0.12498178748103896
decision_type=2 2 2 2 2 2 2
left_child=4 3 -3 -2 5 -1 -6
right_child=1 2 -4 -5 6 -7 -8
leaf_value=-0.00010631048648065614 0.0016803492623516216 0.0034804686174960096 -0.0023946664290390466 -0.00016036369464230072 -0.0017112880378735663 0.0017661031233063707 -2.4238638115786832e-05
leaf_weight=621 42 20 25 365 358 115 936
leaf_count=621 42 20 25 365 358 115 936
internal_value=0 0.000799508 0.00568907 0.000197647 -0.00018568 0.000373798 -0.000504568
internal_weight=0 452 45 407 2030 736 1294
internal_count=2482 452 45 407 2030 736 1294
is_linear=0
shrinkage=0.0630696


Tree=227
num_leaves=8
num_cat=0
split_feature=0 6 1 4 2 5 2
split_gain=0.090753 0.380461 0.24066 0.219092 0.611933 0.556162 0.20604
threshold=-0.44464837093597093 1.0000000180025095e-35 0.97702556840925903 1.0000000180025095e-35 -1.0030237002128752 2.2869799942829454 -0.74525761780157318
decision_type=2 2 2 2 2 2 2
left_child=1 2 -1 4 -2 -5 -3
right_child=3 6 -4 5 -6 -7 -8
leaf_value=4.6930128909618717e-05 0.0034440196450865766 -5.5119194567975648e-05 0.0021193757364916764 0.00015078610728030221 -0.0017027401416137712 0.0058955231389250535 -0.0051728745144239609
leaf_weight=552 32 120 23 1303 290 14.999999999999998 147
leaf_count=552 32 120 23 1303 290 15 147
internal_value=0 -0.000535557 0.000379695 0.000268049 -0.00119477 0.000628913 -0.00248083
internal_weight=0 842 575 1640 322 1318 267
internal_count=2482 842 575 1640 322 1318 267
is_linear=0
shrinkage=0.0630696


Tree=228
num_leaves=5
num_cat=0
split_feature=2 2 1 6
split_gain=0.116965 0.124658 0.269456 0.265576
threshold=3.6367657831905649 -0.48749153539027096 0.91616529834295768 1.0000000180025095e-35
decision_type=2 2 2 2
left_child=1 2 -1 -3
right_child=-2 3 -4 -5
leaf_value=-9.9244510344970806e-05 4.9672750552676577e-05 3.6750309631550257e-05 0.00097372673029283018 -0.0017682600343426628
leaf_weight=634 22 1175 297 354
leaf_count=634 22 1175 297 354
internal_value=0 2.53423e-05 0.000599195 -0.000324459
internal_weight=0 2460 931 1529
internal_count=2482 2460 931 1529
is_linear=0
shrinkage=0.0630696


Tree=229
num_leaves=5
num_cat=0
split_feature=2 2 1 6
split_gain=0.118409 0.135997 0.269456 0.251261
threshold=3.6367657831905649 -0.48749153539027096 0.91616529834295768 1.0000000180025095e-35
decision_type=2 2 2 2
left_child=1 2 -1 -3
right_child=-2 3 -4 -5
leaf_value=-9.298519463055331e-05 4.6539907969920247e-05 3.4432480768323838e-05 0.00091231413423796092 -0.001656736507432511
leaf_weight=634 22 1175 297 354
leaf_count=634 22 1175 297 354
internal_value=0 0 0.000599195 -0.00036558
internal_weight=0 2460 931 1529
internal_count=2482 2460 931 1529
is_linear=0
shrinkage=0.0630696


Tree=230
num_leaves=8
num_cat=0
split_feature=0 2 2 2 3 6 2
split_gain=0.111805 0.220343 0.142375 0.123428 0.234 0.17442 0.0916269
threshold=2.3871142373972822 0.28580671184363571 1.8324032063114493 -0.48749153539027096 1.1798977793155532 1.0000000180025095e-35 -0.74525761780157318
decision_type=2 2 2 2 2 2 2
left_child=3 6 -3 4 -1 -5 -2
right_child=1 2 -4 5 -6 -7 -8
leaf_value=0.00039858942204650519 -0.0005572611658382241 0.0034330283768024324 -0.0015070939497003404 -2.2496092175348394e-06 -0.0013727484495648899 -0.0014802818726951184 -0.0057310257494143056
leaf_weight=783 15.000000000000002 24 18 1145 131 352 13.999999999999998
leaf_count=783 15 24 18 1145 131 352 14
internal_value=0 0.00240559 0.00511018 -5.45775e-05 0.000521044 -0.000406967 -0.00166245
internal_weight=0 71 42 2411 914 1497 29
internal_count=2482 71 42 2411 914 1497 29
is_linear=0
shrinkage=0.0630696


Tree=231
num_leaves=8
num_cat=0
split_feature=2 1 0 5 6 0 0
split_gain=0.11549 0.221863 0.281664 0.243585 0.16529 0.247008 0.15889
threshold=-0.48749153539027096 0.7335844881440533 -0.44464837093597093 1.0000000180025095e-35 1.0000000180025095e-35 -0.29878960085476863 -1.1355721665098104
decision_type=2 2 2 2 2 2 2
left_child=1 3 -3 -1 6 -6 -2
right_child=4 2 -4 -5 5 -7 -8
leaf_value=0.00073247078464456572 0.0012259969540093056 -0.00014652733909591251 0.0012391186369688268 -0.00164480648537258 -0.0028369137211607985 -0.00064215069773811508 -2.7419805596552055e-06
leaf_weight=224 20 177 241 289 126 228 1177
leaf_count=224 20 177 241 289 126 228 1177
internal_value=0 0.000599195 0.00166937 -0.000278995 -0.00028744 -0.00147494 6.77212e-05
internal_weight=0 931 418 513 1551 354 1197
internal_count=2482 931 418 513 1551 354 1197
is_linear=0
shrinkage=0.0630696


Tree=232
num_leaves=8
num_cat=0
split_feature=2 0 0 1 6 0 0
split_gain=0.11549 0.182156 0.775535 0.209728 0.16529 0.247008 0.15889
threshold=-0.48749153539027096 0.99501711105470714 1.3992824319149044 0.7335844881440533 1.0000000180025095e-35 -0.29878960085476863 -1.1355721665098104
decision_type=2 2 2 2 2 2 2
left_child=1 3 -3 -1 6 -6 -2
right_child=4 2 -4 -5 5 -7 -8
leaf_value=-0.00046481117625035527 0.0011486737653172063 0.01127816756978196 -0.0010021590484569107 0.00030539807212075698 -0.0026579905890540961 -0.00060165048327369603 -2.5690448280742309e-06
leaf_weight=453 20 20 48 410 126 228 1177
leaf_count=453 20 20 48 410 126 228 1177
internal_value=0 0.000599195 0.00363128 0.000340896 -0.00028744 -0.00147494 6.77212e-05
internal_weight=0 931 68 863 1551 354 1197
internal_count=2482 931 68 863 1551 354 1197
is_linear=0
shrinkage=0.0630696


end of trees

feature_importances:
house_age=401
建物移轉總面積平方公尺=393
count_floor=227
電梯_無=80
time_index=51
建物現況格局-衛=51
建物現況格局-廳=45

parameters:
[boosting: gbdt]
[objective: quantile]
[metric: quantile]
[tree_learner: serial]
[device_type: cpu]
[data: ]
[valid: ]
[num_iterations: 233]
[learning_rate: 0.0630696]
[num_leaves: 8]
[num_threads: 4]
[deterministic: 0]
[force_col_wise: 0]
[force_row_wise: 0]
[histogram_pool_size: -1]
[max_depth: 3]
[min_data_in_leaf: 14]
[min_sum_hessian_in_leaf: 0.001]
[bagging_fraction: 0.634463]
[pos_bagging_fraction: 1]
[neg_bagging_fraction: 1]
[bagging_freq: 0]
[bagging_seed: 400]
[feature_fraction: 0.932483]
[feature_fraction_bynode: 1]
[feature_fraction_seed: 30056]
[extra_trees: 0]
[extra_seed: 12879]
[early_stopping_round: 0]
[first_metric_only: 0]
[max_delta_step: 0]
[lambda_l1: 0.00955434]
[lambda_l2: 4.78151]
[linear_lambda: 0]
[min_gain_to_split: 0]
[drop_rate: 0.1]
[max_drop: 50]
[skip_drop: 0.5]
[xgboost_dart_mode: 0]
[uniform_drop: 0]
[drop_seed: 17869]
[top_rate: 0.2]
[other_rate: 0.1]
[min_data_per_group: 100]
[max_cat_threshold: 32]
[cat_l2: 10]
[cat_smooth: 10]
[max_cat_to_onehot: 4]
[top_k: 20]
[monotone_constraints: ]
[monotone_constraints_method: basic]
[monotone_penalty: 0]
[feature_contri: ]
[forcedsplits_filename: ]
[refit_decay_rate: 0.9]
[cegb_tradeoff: 1]
[cegb_penalty_split: 0]
[cegb_penalty_feature_lazy: ]
[cegb_penalty_feature_coupled: ]
[path_smooth: 0]
[interaction_constraints: ]
[verbosity: -1]
[saved_feature_importance_type: 0]
[linear_tree: 0]
[max_bin: 255]
[max_bin_by_feature: ]
[min_data_in_bin: 3]
[bin_construct_sample_cnt: 200000]
[data_random_seed: 175]
[is_enable_sparse: 1]
[enable_bundle: 1]
[use_missing: 1]
[zero_as_missing: 0]
[feature_pre_filter: 1]
[pre_partition: 0]
[two_round: 0]
[header: 0]
[label_column: ]
[weight_column: ]
[group_column: ]
[ignore_column: ]
[categorical_feature: ]
[forcedbins_filename: ]
[precise_float_parser: 0]
[parser_config_file: ]
[objective_seed: 16083]
[num_class: 1]
[is_unbalance: 0]
[scale_pos_weight: 1]
[sigmoid: 1]
[boost_from_average: 1]
[reg_sqrt: 0]
[alpha: 0.9]
[fair_c: 1]
[poisson_max_delta_step: 0.7]
[tweedie_variance_power: 1.5]
[lambdarank_truncation_level: 30]
[lambdarank_norm: 1]
[label_gain: ]
[lambdarank_position_bias_regularization: 0]
[eval_at: ]
[multi_error_top_k: 1]
[auc_mu_weights: ]
[num_machines: 1]
[local_listen_port: 12400]
[time_out: 120]
[machine_list_filename: ]
[machines: ]
[gpu_platform_id: -1]
[gpu_device_id: -1]
[gpu_use_dp: 0]
[num_gpu: 1]

end of parameters

pandas_categorical:[]
