tree
version=v4
num_class=1
num_tree_per_iteration=1
label_index=0
max_feature_idx=138
objective=quantile
feature_names=經度 緯度 time_index 建物移轉總面積平方公尺 house_age 建物現況格局-廳 建物現況格局-衛 移轉層次_一層，二層 移轉層次_一層，二層，三層 移轉層次_一層，二層，三層，四層，屋頂突出物 移轉層次_一層，二層，三層，防空避難室，倉庫 移轉層次_一層，二層，三層，騎樓 移轉層次_一層，停車場 移轉層次_一層，地下一層 移轉層次_一層，地下層 移轉層次_一層，夾層 移轉層次_一層，平台 移轉層次_一層，平台，騎樓 移轉層次_一層，通道 移轉層次_一層，陽台 移轉層次_一層，陽臺 移轉層次_一層，電梯樓梯間 移轉層次_一層，露台 移轉層次_一層，騎樓 移轉層次_一層，騎樓，地下層 移轉層次_七層 移轉層次_七層，八層 移轉層次_七層，夾層 移轉層次_七層，見其他登記事項 移轉層次_七層，走廊 移轉層次_七層，陽台 移轉層次_七層，陽臺 移轉層次_七層，電梯樓梯間 移轉層次_三十一層 移轉層次_三十三層 移轉層次_三十層 移轉層次_三層 移轉層次_三層，四層 移轉層次_三層，四層，五層，夾層 移轉層次_三層，走廊 移轉層次_三層，通道 移轉層次_三層，陽台 移轉層次_三層，陽臺 移轉層次_三層，電梯樓梯間 移轉層次_三層，露台 移轉層次_九層 移轉層次_九層，十層 移轉層次_九層，陽台 移轉層次_九層，陽臺 移轉層次_九層，電梯樓梯間 移轉層次_二十一層 移轉層次_二十一層，二十二層 移轉層次_二十七層 移轉層次_二十三層 移轉層次_二十九層 移轉層次_二十二層 移轉層次_二十五層 移轉層次_二十六層 移轉層次_二十四層 移轉層次_二十層 移轉層次_二層 移轉層次_二層，三層 移轉層次_二層，夾層 移轉層次_二層，走廊 移轉層次_二層，陽台 移轉層次_二層，陽臺 移轉層次_二層，電梯樓梯間 移轉層次_二層，露台 移轉層次_五層 移轉層次_五層，六層 移轉層次_五層，夾層 移轉層次_五層，屋頂突出物，夾層 移轉層次_五層，見其他登記事項 移轉層次_五層，走廊 移轉層次_五層，通道 移轉層次_五層，陽台 移轉層次_五層，陽臺 移轉層次_五層，電梯樓梯間 移轉層次_全 移轉層次_八層 移轉層次_八層，九層 移轉層次_八層，陽臺 移轉層次_八層，電梯樓梯間 移轉層次_六層 移轉層次_六層，七層 移轉層次_六層，七層，電梯樓梯間 移轉層次_六層，夾層 移轉層次_六層，陽臺 移轉層次_六層，陽臺，電梯樓梯間 移轉層次_六層，電梯樓梯間 移轉層次_六層，露台 移轉層次_六層，露台，走廊 移轉層次_十一層 移轉層次_十一層，十二層，電梯樓梯間 移轉層次_十一層，見使用執照 移轉層次_十一層，見其他登記事項 移轉層次_十一層，陽台 移轉層次_十一層，電梯樓梯間 移轉層次_十七層 移轉層次_十七層，十八層 移轉層次_十三層 移轉層次_十三層，十四層 移轉層次_十三層，夾層 移轉層次_十三層，電梯樓梯間 移轉層次_十九層 移轉層次_十二層 移轉層次_十二層，十三層 移轉層次_十二層，夾層 移轉層次_十二層，陽臺 移轉層次_十五層 移轉層次_十五層，電梯樓梯間 移轉層次_十八層 移轉層次_十六層 移轉層次_十六層，十七層 移轉層次_十六層，電梯樓梯間 移轉層次_十四層 移轉層次_十四層，屋頂突出物 移轉層次_十四層，陽臺 移轉層次_十層 移轉層次_十層，十一層 移轉層次_十層，陽台 移轉層次_十層，陽臺 移轉層次_十層，電梯樓梯間 移轉層次_十層，露台 移轉層次_四層 移轉層次_四層，五層 移轉層次_四層，五層，夾層 移轉層次_四層，五層，屋頂突出物 移轉層次_四層，五層，屋頂突出物，夾層 移轉層次_四層，五層，電梯樓梯間 移轉層次_四層，屋頂突出物，夾層 移轉層次_四層，陽台 移轉層次_四層，陽臺 移轉層次_四層，陽臺，電梯樓梯間 移轉層次_四層，電梯樓梯間 移轉層次_四層，露台 移轉層次_地下層 移轉層次_陽臺，屋頂突出物 電梯_無
feature_infos=[-2.4571834354790401:2.491041388211519] [-2.1176655156055819:3.1865332104221133] [-0.99727178681083661:1.9488791429551888] [-1.4405637954925219:16.703437051040531] [-2.0192169637839519:3.2430076570285657] [-2.2187948211414996:28.205759984798384] [-1.7635797128317821:23.18644695344096] none [-0.027779921372933:35.997222115046597] none none none [-0.035147268043129801:28.451713480913583] none none none [-0.082657716739854101:12.09808399556047] [-0.0328747206761325:30.41850940275862] none none none none none [-0.068178296666531205:14.66742422285976] none [-0.2381480043349288:4.1990694097675956] none none none none none none none none none none [-0.40817483148162842:2.4499305759988022] [-0.0328747206761325:30.41850940275862] none none none [-0.059664231003415301:16.760460717959418] [-0.1193076644066607:8.3816911928767244] [-0.037282185960071997:26.82246156571847] [-0.0328747206761325:30.41850940275862] [-0.19349418595916509:5.1681139412170181] none none none none [-0.037282185960071997:26.82246156571847] none none [-0.035147268043129801:28.451713480913583] none [-0.0328747206761325:30.41850940275862] none none [-0.035147268043129801:28.451713480913583] none [-0.36166109043143468:2.7650195900451293] [-0.0328747206761325:30.41850940275862] none none [-0.052761654101439501:18.95315863443933] [-0.096643546568820293:10.347302385968369] [-0.0328747206761325:30.41850940275862] none [-0.36166109043143468:2.7650195900451293] [-0.027779921372933:35.997222115046597] none none none none none none [-0.0304337278979014:32.858281553767632] [-0.0304337278979014:32.858281553767632] [-0.1166195740800884:8.5748898320727083] [-0.1851910930566574:5.3998277319636516] none [-0.0304337278979014:32.85828155376764] none [-0.25743347633458169:3.884498683847621] none none none [-0.0328747206761325:30.41850940275862] none [-0.035147268043129801:28.451713480913579] none none [-0.16507478045788601:6.0578605479661425] none none none none none [-0.055624269936248:17.977764043395382] none [-0.11593834797605169:8.6252738412881325] none none none [-0.039301909608274302:25.444056280396804] [-0.16259335672693831:6.1503127811022118] none none none [-0.083598222683524001:11.961976796871362] none [-0.070425154723684699:14.199471821162923] [-0.0670271688443147:14.919323272070743] none none [-0.10596671990187451:9.4369251112613792] none none [-0.18250143262003871:5.4794090415825014] none none none none none [-0.41636797111305518:2.4017217206375192] [-0.051271146640292899:19.50414737192791] none none none none none [-0.062213890727165301:16.073580808270446] [-0.106708383668853:9.3713349000139363] none [-0.041223374433953297:24.258082064634575] [-0.027779921372933:35.997222115046597] none none [-0.77014309911885404:1.2984599889866348]
tree_sizes=722 769 779 782 874 701 839 764 772 859 869 797 768 806 898 850 865 772 769 700 612 869 866 785 865 872 792 883 794 684 868 613 860 762 794 674 703 864 868 866 848 869 863 855 788 890 857 871 778 801 865 782 781 774 678 808 793 874 601 694 866 802 785 599 866 855 697 799 801 802 801 807 887 801 888 875 858 800 865 870 868 791 879 773 704 791 868 808 800 805 799 894 787 892 857 876 872 890 797 777 773 864 798 792 786 893 799 880 876 865 887 785 868 865 805 889 793 795 882 864 795 883 806 871 886 892 882 877 792 887 880 791 888 794 815 878 880 899 887 713 865 868 785 863 778 864 878 863 785 869 525 872 778 882 777 874 787 869 867 886 785 861 875 884 884 891 869 872 804 857 893 793 792 788 866 768 870 860 787 871 878 866 536 889 886 876 865 875 867 872 875 878 773 874 885 880 864 877 866 868 879 778 865 795 776 869 869 779 866 871 874 869 872 891 874 883 855 802 778 875 862 893 871 872 877 875 866 885 883 874 878 781 810 870 869 859 868 790 873 798 879 785 873 863 880 773 879 883 864 770 866 880 868 877 868 794 892 705 863 793 879 859 892 872 876 873 861 861 796 801 867 795 894 878 534 877 883 784 789 879 860 800 860 776 778 803 801 880 868 870 798 885 890 889 771 892 872 678 689 870 881 859 855 862 859 874 785 863 778 897 865 874 882 800 872 858 866 880 785 683 870 785 881 863 791 796 849 893 893 870 864 864 873 895 887 874 607 784 791 868 801 718 847 866 619 774 879 852 894 887 871 885 864 678 797 885 871 789 883 871 873 867 877 866 604 887 859 865 432 891 879 873 889 889 695 778 868 783 868 864 696 704 785 875 795 688 876 794 785 862 797 867 877 876 873 884 781 699 861 865 796 870 612 880 858 784 886 865 860 774 870 779 856 865 888 796 871 873 874 894 890 868 858 866 860 604 877 862 820 777 527 795 784 522 613 873 768 615 873 793 880 865 589 785 869 865

Tree=0
num_leaves=7
num_cat=0
split_feature=3 3 3 1 0 0
split_gain=180.971 16.6756 12.4292 12.1638 5.06792 1.20419
threshold=-0.9253347820502732 -0.59711385695675967 -1.0312606260577253 1.5779774626866374 -0.32891594480249686 -1.4391657068047699
decision_type=2 2 2 2 2 2
left_child=2 3 -1 -2 -4 -3
right_child=1 5 4 -5 -6 -7
leaf_value=15.637369879235646 15.821596482135554 15.834601761129507 15.738301884252392 15.77337780205786 15.781031058261984 15.895185601692379
leaf_weight=287 888 236 187 89 133 4664
leaf_count=287 888 236 187 89 133 4664
internal_value=15.8303 15.8371 15.7642 15.8224 15.7883 15.8402
internal_weight=6484 5877 607 977 320 4900
internal_count=6484 5877 607 977 320 4900
is_linear=0
shrinkage=1


Tree=1
num_leaves=7
num_cat=0
split_feature=3 3 4 4 3 4
split_gain=123.971 20.3132 13.1984 11.6829 0.716045 0.397032
threshold=-0.97430845763240825 -0.57505948649593064 0.079408331421040215 -0.48440144938030077 -0.49157720772214569 -0.92292016778134378
decision_type=2 2 2 2 2 2
left_child=2 3 5 -2 -3 -1
right_child=1 4 -4 -5 -6 -7
leaf_value=-0.015930762949583534 0.02626750706179317 0.012960531926603291 -0.1442506356416772 -0.02972821048811481 0.057006260658371014 -0.052241834320464045
leaf_weight=64 427 278 317 787 4544 67
leaf_count=64 427 278 317 787 4544 67
internal_value=0.00071241 0.00567599 -0.063483 -0.00872805 0.00947426 -0.0191627
internal_weight=6484 6036 448 1214 4822 131
internal_count=6484 6036 448 1214 4822 131
is_linear=0
shrinkage=0.127801


Tree=2
num_leaves=7
num_cat=0
split_feature=5 4 0 4 0 1
split_gain=15.373 18.0136 16.8867 2.6501 1.17563 0.689485
threshold=1.0000000180025095e-35 -0.48440144938030077 -0.9808819955897311 1.0000000180025095e-35 -0.80136552477800826 1.9936105131749045
decision_type=2 2 2 2 2 2
left_child=1 5 -3 -2 -5 -1
right_child=3 2 -4 4 -6 -7
leaf_value=0.034535887615958216 0.08340786174367229 -0.076980079156365011 -0.015532092511804088 -0.014408729772966247 0.030169396155700995 -0.022517867721729312
leaf_weight=823 1598 354 1060 490 2113 46
leaf_count=823 1598 354 1060 490 2113 46
internal_value=0.00153935 -0.00672413 -0.0157742 0.00622259 0.00323588 0.00710291
internal_weight=6484 2283 1414 4201 2603 869
internal_count=6484 2283 1414 4201 2603 869
is_linear=0
shrinkage=0.127801


Tree=3
num_leaves=7
num_cat=0
split_feature=3 3 3 138 138 0
split_gain=77.5491 20.0145 7.3891 4.41345 3.12846 0.635946
threshold=-0.9163184364795226 -1.1035211222146766 -0.57505948649593064 1.0000000180025095e-35 1.0000000180025095e-35 -1.4391657068047699
decision_type=2 2 2 2 2 2
left_child=1 -1 3 -2 -3 -4
right_child=2 4 5 -5 -6 -7
leaf_value=-0.21109023951837844 0.0057603409023397126 -0.028558270846955478 0.0040649481448436133 -0.028162175401458614 -0.071230498666648601 0.048601025291027049
leaf_weight=156 737 378 230 291 100 4592
leaf_count=156 737 378 230 291 100 4592
internal_value=0.00226785 -0.0397563 0.00699963 -0.00222064 -0.0237141 0.00913021
internal_weight=6484 634 5850 1028 478 4822
internal_count=6484 634 5850 1028 478 4822
is_linear=0
shrinkage=0.127801


Tree=4
num_leaves=8
num_cat=0
split_feature=0 5 138 1 5 138 1
split_gain=6.73813 7.30012 3.11301 1.42962 1.04201 1.00859 0.640894
threshold=-0.94416004073880411 1.0000000180025095e-35 1.0000000180025095e-35 2.0823359727671562 1.0000000180025095e-35 1.0000000180025095e-35 1.7821986246198369
decision_type=2 2 2 2 2 2 2
left_child=1 3 6 -1 -4 -3 -2
right_child=2 5 4 -5 -6 -7 -8
leaf_value=-0.032427801048836628 0.030999571383977152 0.048305936396717021 -0.022314865890868965 -0.060497643027340342 0.013167064675886466 -0.0096639235712241613 -0.016180597912636329
leaf_weight=426 3313 390 427 85 1465 327 51
leaf_count=426 3313 390 427 85 1465 327 51
internal_value=0.00301604 -0.00517261 0.00508449 -0.0169474 0.000469953 0.00220366 0.00743781
internal_weight=6484 1228 5256 511 1892 717 3364
internal_count=6484 1228 5256 511 1892 717 3364
is_linear=0
shrinkage=0.127801


Tree=5
num_leaves=6
num_cat=0
split_feature=1 138 6 6 2
split_gain=5.60879 4.08465 3.04731 1.04265 0.587767
threshold=2.0286056056027295 1.0000000180025095e-35 1.0000000180025095e-35 1.0000000180025095e-35 1.7033665654746868
decision_type=2 2 2 2 2
left_child=1 4 -2 -3 -1
right_child=2 3 -4 -5 -6
leaf_value=0.025503937877593696 -0.051726591798263243 -0.015191084764991748 0.011580194847969742 0.009523682641070591 -0.00073852819535479171
leaf_weight=3663 174 1111 133 1202 201
leaf_count=3663 174 1111 133 1202 201
internal_value=0.00268133 0.00362664 -0.0134677 -0.000302037 0.00617994
internal_weight=6484 6177 307 2313 3864
internal_count=6484 6177 307 2313 3864
is_linear=0
shrinkage=0.127801


Tree=6
num_leaves=8
num_cat=0
split_feature=3 4 3 3 4 1 3
split_gain=57.9216 17.9914 9.21886 4.98025 1.81207 0.236951 0.0726601
threshold=-0.85865274430400207 -0.48440144938030077 -1.1442568417717374 -0.44844145373258321 -0.92292016778134378 2.1473694176809111 -1.0840613835727686
decision_type=2 2 2 2 2 2 2
left_child=1 6 -3 4 -2 -5 -1
right_child=3 2 -4 5 -6 -7 -8
leaf_value=-0.018509386485284666 0.036534257772717599 -0.26565473346132257 -0.040802707319910855 0.046916198315277727 -0.0093580257774431765 0.0082147343437128772 0.011854164093843827
leaf_weight=23 331 96 507 4276 944 117 190
leaf_count=23 331 96 507 4276 944 117 190
internal_value=0.00258288 -0.0289139 -0.0401216 0.00728717 0 0.00932621 0
internal_weight=6484 816 603 5668 1275 4393 213
internal_count=6484 816 603 5668 1275 4393 213
is_linear=0
shrinkage=0.127801


Tree=7
num_leaves=7
num_cat=0
split_feature=3 3 3 1 138 3
split_gain=42.7704 16.0157 4.3204 3.29517 1.61682 0.536185
threshold=-0.86630690816981926 -1.1442568417717374 -0.5149937598879083 2.0286056056027295 1.0000000180025095e-35 -0.13046932432380784
decision_type=2 2 2 2 2 2
left_child=1 -1 4 -3 -2 -4
right_child=2 3 5 -5 -6 -7
leaf_value=-0.22418527461412133 0.011050397210201174 -0.016745813695149048 0.017935577282602689 -0.065687584905924787 -0.015322737187437601 0.060531065899358055
leaf_weight=104 713 646 1647 40 361 2973
leaf_count=104 713 646 1647 40 361 2973
internal_value=0.00301604 -0.024501 0.00699838 -0.0155261 0 0.00869465
internal_weight=6484 790 5694 686 1074 4620
internal_count=6484 790 5694 686 1074 4620
is_linear=0
shrinkage=0.127801


Tree=8
num_leaves=7
num_cat=0
split_feature=3 3 3 4 4 138
split_gain=28.4087 7.8554 4.40082 3.13428 2.13155 1.07014
threshold=-0.9163184364795226 -1.1787005791679144 -0.57505948649593064 -0.48440144938030077 -0.92292016778134378 1.0000000180025095e-35
decision_type=2 2 2 2 2 2
left_child=1 -1 4 -3 -2 -4
right_child=2 3 5 -5 -6 -7
leaf_value=-0.25418045033714132 0.025323376159186787 0.0069888367023295721 0.05125012243117754 -0.032787221189858967 -0.010193290863010835 0.015927259421186193
leaf_weight=78 306 132 2879 424 722 1943
leaf_count=78 306 132 2879 424 722 1943
internal_value=0.003272 -0.02201 0.00617045 -0.0143441 -0.000738796 0.00780692
internal_weight=6484 634 5850 556 1028 4822
internal_count=6484 634 5850 556 1028 4822
is_linear=0
shrinkage=0.127801


Tree=9
num_leaves=8
num_cat=0
split_feature=138 1 0 0 1 0 5
split_gain=4.07054 2.8318 3.92482 2.1022 1.17261 1.0499 0.0786807
threshold=1.0000000180025095e-35 2.0823359727671562 -1.047631618860142 -0.83945634407116632 -1.088502795330059 1.5330253962902511 1.2385409522607602
decision_type=2 2 2 2 2 2 2
left_child=1 4 -3 6 -1 -5 -2
right_child=3 2 -4 5 -6 -7 -8
leaf_value=0.00028430766842132689 -0.023860283574170804 0.0095953075363128561 -0.038729831688276692 0.010700235499496152 0.025027793405558212 -0.027227112130672106 0.0082270532918389434
leaf_weight=355 573 98 52 1627 3565 193 21
leaf_count=355 573 98 52 1627 3565 193 21
internal_value=0.00356734 0.00604323 -0.00878084 -0.000284157 0.00682732 0.00152379 -0.00709949
internal_weight=6484 4070 150 2414 3920 1820 594
internal_count=6484 4070 150 2414 3920 1820 594
is_linear=0
shrinkage=0.127801


Tree=10
num_leaves=8
num_cat=0
split_feature=3 4 3 4 5 2 5
split_gain=19.1297 5.27384 3.20305 1.99957 1.65899 0.165 0.0215393
threshold=-0.83543078952465866 -0.48440144938030077 -0.15751836103605973 -0.92292016778134378 1.0000000180025095e-35 1.7033665654746868 1.0000000180025095e-35
decision_type=2 2 2 2 2 2 2
left_child=1 6 3 -2 -3 -4 -1
right_child=2 4 5 -5 -6 -7 -8
leaf_value=0.0077182593388087101 0.031843041449306074 -0.020490066533265568 0.046224165705413635 0.0011647066757051344 -0.090549828072501171 0.030315083222087057 -0.14869214683668566
leaf_weight=235 523 532 2970 1936 125 155 7.9999999999999991
leaf_count=235 523 532 2970 1936 125 155 8
internal_value=0.0034492 -0.0134972 0.00633602 0.00241941 -0.0194574 0.00915203 0
internal_weight=6484 900 5584 2459 657 3125 243
internal_count=6484 900 5584 2459 657 3125 243
is_linear=0
shrinkage=0.127801


Tree=11
num_leaves=7
num_cat=0
split_feature=4 0 1 1 1 138
split_gain=4.9069 3.16226 2.18827 0.781839 0.606024 0.117261
threshold=-0.92292016778134378 -0.80136552477800826 -0.99418762411851291 -1.3096027713566591 2.1036660765007777 1.0000000180025095e-35
decision_type=2 2 2 2 2 2
left_child=3 4 -3 -1 -2 -5
right_child=1 2 -4 5 -6 -7
leaf_value=0.0019988281353455258 -0.012708488910789049 -0.010703773099281338 0.016016100454019969 0.03559789344660285 -0.023331535342643043 -0.023284500729161727
leaf_weight=150 874 540 3233 1535 147 4.9999999999999991
leaf_count=150 874 540 3233 1535 147 5
internal_value=0.00370516 0.00141573 0.0032486 0.00969899 -0.00456068 0.0105568
internal_weight=6484 4794 3773 1690 1021 1540
internal_count=6484 4794 3773 1690 1021 1540
is_linear=0
shrinkage=0.127801


Tree=12
num_leaves=7
num_cat=0
split_feature=3 3 3 4 4 3
split_gain=15.124 3.95344 1.95812 1.57153 0.939241 0.887181
threshold=-0.90665343295404166 -0.41250580304052659 -1.2265715362270078 -0.92292016778134378 -0.48440144938030077 0.13100469722796157
decision_type=2 2 2 2 2 2
left_child=2 3 -1 -2 -4 -3
right_child=1 5 4 -5 -6 -7
leaf_value=-0.24102675292097273 0.014876070581328209 0.018483886374802284 -0.0011188613905333304 -0.0056222801277647219 -0.019699284712411797 0.06630203419217677
leaf_weight=52 402 2293 145 1155 463 1974
leaf_count=52 402 2293 145 1155 463 1974
internal_value=0.00339014 0.00557112 -0.0145218 0 -0.0103878 0.00757975
internal_weight=6484 5824 660 1557 608 4267
internal_count=6484 5824 660 1557 608 4267
is_linear=0
shrinkage=0.127801


Tree=13
num_leaves=7
num_cat=0
split_feature=4 0 5 5 0 5
split_gain=4.12436 2.99219 1.05705 0.931876 0.0575514 0.0548142
threshold=-0.92292016778134378 -0.80136552477800826 1.0000000180025095e-35 1.0000000180025095e-35 -2.3480456532167606 -1.5273276664610476
decision_type=2 2 2 2 2 2
left_child=4 3 -3 -2 -1 -6
right_child=1 2 -4 -5 5 -7
leaf_value=0.01354394905566709 -0.018187116608842025 -0.00076189931330757066 0.016348823221835715 -0.0013844343346988343 0.010749304273234294 0.028883119607699886
leaf_weight=8.9999999999999982 441 1093 2680 580 134 1547
leaf_count=9 441 1093 2680 580 134 1547
internal_value=0.00337045 0.00125601 0.00304573 -0.00456068 0.00887055 0.00892542
internal_weight=6484 4794 3773 1021 1690 1681
internal_count=6484 4794 3773 1021 1690 1681
is_linear=0
shrinkage=0.127801


Tree=14
num_leaves=8
num_cat=0
split_feature=3 3 6 3 4 5 0
split_gain=11.1028 2.98364 2.68371 1.34068 1.21477 0.140069 0.0394618
threshold=-0.79832755451408755 0.14644275655054192 1.0000000180025095e-35 -0.99850339934384691 -0.92292016778134378 -1.5273276664610476 -1.9289256752350681
decision_type=2 2 2 2 2 2 2
left_child=2 4 3 -1 -2 -4 -3
right_child=1 6 5 -5 -6 -7 -8
leaf_value=-0.018666121165480044 0.022122701896446849 0.011978810298735574 -0.0012794262304050682 -0.0015445510838906335 0.0052671265849663267 -0.13198115533943647 0.057888213926305838
leaf_weight=312 675 11.999999999999998 5.9999999999999991 586 2882 101 1910
leaf_count=312 675 12 6 586 2882 101 1910
internal_value=0.00313418 0.0054905 -0.00887625 -0.00536417 0.00295779 -0.0292561 0.00973829
internal_weight=6484 5479 1005 898 3557 107 1922
internal_count=6484 5479 1005 898 3557 107 1922
is_linear=0
shrinkage=0.127801


Tree=15
num_leaves=8
num_cat=0
split_feature=3 3 1 1 3 1 3
split_gain=8.22981 2.28321 1.29473 1.00282 0.764451 0.687948 0.216523
threshold=-0.41795452986026077 -0.9163184364795226 -0.99418762411851291 1.9936105131749045 -1.3042158934082202 -1.3096027713566591 0.44664165799970817
decision_type=2 2 2 2 2 2 2
left_child=1 4 6 -4 -1 -3 -2
right_child=2 5 3 -5 -6 -7 -8
leaf_value=-0.25898699759664556 -0.0073957907121902748 -0.018432960045956893 0.032631590830794123 -0.00089207649482479204 -0.0099860295311038974 0.0017904962380534007 0.052422513827000757
leaf_weight=26 404 125 3542 210 608 1433 136
leaf_count=26 404 125 3542 210 608 1433 136
internal_value=0.00329169 -0.00282361 0.00659922 0.00744525 -0.00924858 0 0
internal_weight=6484 2192 4292 3752 634 1558 540
internal_count=6484 2192 4292 3752 634 1558 540
is_linear=0
shrinkage=0.127801


Tree=16
num_leaves=8
num_cat=0
split_feature=3 3 4 1 1 1 1
split_gain=7.10032 1.96918 1.76335 1.07302 0.896932 0.255398 0.24298
threshold=-0.57505948649593064 0.14644275655054192 -0.86027463658119485 1.8714795963188355 1.6127470939518516 -1.4577954059476927 2.2098107593015333
decision_type=2 2 2 2 2 2 2
left_child=2 3 5 -2 -4 -1 -3
right_child=1 6 4 -5 -6 -7 -8
leaf_value=-0.026480422228354734 0.011913304883601487 0.047481048933929106 -0.0084280197048238158 -0.0090887150938541057 -0.022493639966186502 0.0077328434016959331 0.0044966875972577442
leaf_weight=33 2728 1886 1113 172 104 412 36
leaf_count=33 2728 1886 1113 172 104 412 36
internal_value=0.00311449 0.0056632 -0.00379687 0.00311191 -0.00648256 0.00177668 0.00907575
internal_weight=6484 4822 1662 2900 1217 445 1922
internal_count=6484 4822 1662 2900 1217 445 1922
is_linear=0
shrinkage=0.127801


Tree=17
num_leaves=7
num_cat=0
split_feature=3 6 3 4 3 0
split_gain=6.50037 3.19008 1.7963 1.5989 1.41898 1.1333
threshold=-0.39726234110436526 1.0000000180025095e-35 -1.0524717411774049 1.0190912994232757 0.44664165799970817 -0.94416004073880411
decision_type=2 2 2 2 2 2
left_child=1 2 -1 -3 5 -2
right_child=4 3 -4 -5 -6 -7
leaf_value=-0.019280980256928315 -0.0041144747050097727 -0.064633361309532858 0.0025124991282818453 -0.00012665933536903213 0.06131092813475697 0.016982767463569099
leaf_weight=187 522 239 1741 100 1275 2420
leaf_count=187 522 239 1741 100 1275 2420
internal_value=0.00295697 -0.00230896 0 -0.0136257 0.00597512 0.00394301
internal_weight=6484 2267 1928 339 4217 2942
internal_count=6484 2267 1928 339 4217 2942
is_linear=0
shrinkage=0.127801


Tree=18
num_leaves=7
num_cat=0
split_feature=3 1 1 2 1 0
split_gain=5.56375 2.67042 2.7547 0.481645 0.417527 0.400496
threshold=-0.067679234305918226 1.6127470939518516 -0.99418762411851291 1.7033665654746868 -1.8663332260114618 -1.0319871822955664
decision_type=2 2 2 2 2 2
left_child=1 2 -1 4 -2 -3
right_child=3 5 -4 -5 -6 -7
leaf_value=-0.016302957876648171 -0.0039487623805273429 -0.0059290565628772572 0.0067526898497121332 -0.0011250471028579343 0.030225354034548957 -0.02247807318336411
leaf_weight=459 53 198 3047 128 2497 102
leaf_count=459 53 198 3047 128 2497 102
internal_value=0.00299635 0 0.00085067 0.00745323 0.00783633 -0.011568
internal_weight=6484 3806 3506 2678 2550 300
internal_count=6484 3806 3506 2678 2550 300
is_linear=0
shrinkage=0.127801


Tree=19
num_leaves=6
num_cat=0
split_feature=3 3 5 138 3
split_gain=5.15355 2.32054 0.940965 0.600853 0.324703
threshold=-0.79832755451408755 0.51942108052044389 1.0000000180025095e-35 1.0000000180025095e-35 -0.9253347820502732
decision_type=2 2 2 2 2
left_child=2 3 4 -2 -1
right_child=1 -3 -4 -5 -6
leaf_value=-0.0047993146546590967 0.01323043999598 0.056899512154882571 -0.073623457917945917 0.0022792549448094192 0.00038830711938561729
leaf_weight=517 2235 1174 148 2070 340
leaf_count=517 2235 1174 148 2070 340
internal_value=0.00281915 0.00444217 -0.00521374 0.00279444 -0.0023791
internal_weight=6484 5479 1005 4305 857
internal_count=6484 5479 1005 4305 857
is_linear=0
shrinkage=0.127801


Tree=20
num_leaves=5
num_cat=0
split_feature=3 3 3 6
split_gain=4.43602 1.91172 0.844952 0.800024
threshold=-0.14285869125915582 -1.0524717411774049 0.57228670383096036 1.0000000180025095e-35
decision_type=2 2 2 2
left_child=1 -1 -2 -3
right_child=2 3 -4 -5
leaf_value=-0.026184118478892616 0.012267215757789027 0.0032920288567210554 0.050605081640027874 -0.011295781832133112
leaf_weight=234 1924 2476 1124 726
leaf_count=234 1924 2476 1124 726
internal_value=0.00270102 -0.000229504 0.00625769 0.000357755
internal_weight=6484 3436 3048 3202
internal_count=6484 3436 3048 3202
is_linear=0
shrinkage=0.127801


Tree=21
num_leaves=8
num_cat=0
split_feature=4 0 0 6 5 0 0
split_gain=3.35702 2.79126 1.52145 0.379966 0.164927 0.04629 0.000276315
threshold=-0.86027463658119485 -0.94416004073880411 2.0859284522662067 1.0716505901537572 -1.5273276664610476 -2.3480456532167606 -0.94416004073880411
decision_type=2 2 2 2 2 2 2
left_child=4 3 -3 -2 6 -6 -1
right_child=1 2 -4 -5 5 -7 -8
leaf_value=-0.021346223186640489 -0.0096566133284816825 0.0081352374915860098 -0.021395609121967314 0.020633432375247132 0.002719862596023945 0.017393646470937281 0.016938769713136223
leaf_weight=23 839 3701 157 33 8.9999999999999982 1608 114
leaf_count=23 839 3701 157 33 9 1608 114
internal_value=0.00260257 0.000641653 0.00226781 -0.00561009 0.00741598 0.00782912 0
internal_weight=6484 4730 3858 872 1754 1617 137
internal_count=6484 4730 3858 872 1754 1617 137
is_linear=0
shrinkage=0.127801


Tree=22
num_leaves=8
num_cat=0
split_feature=3 3 6 3 2 2 2
split_gain=3.94297 1.21265 1.02722 0.967176 0.887691 0.38072 0.00128566
threshold=-0.35853746120696844 0.58065439144698061 1.0000000180025095e-35 -0.50863691193155158 1.0000000180025095e-35 1.7033665654746868 1.7033665654746868
decision_type=2 2 2 2 2 2 2
left_child=2 5 4 -4 -1 -2 -3
right_child=1 6 3 -5 -6 -7 -8
leaf_value=-0.0027879975614322392 0.0099770239708077222 0.044135019489747795 -0.04631404825206565 0.0052303192957811485 0.0067033992007088476 -0.028060409306879776 0.043978535236027169
leaf_weight=1256 2807 1037 254 128 806 134 62
leaf_count=1256 2807 1037 254 128 806 134 62
internal_value=0.00242537 0.00491958 -0.0013757 -0.00742047 0 0.00311632 0.00897695
internal_weight=6484 4040 2444 382 2062 2941 1099
internal_count=6484 4040 2444 382 2062 2941 1099
is_linear=0
shrinkage=0.127801


Tree=23
num_leaves=7
num_cat=0
split_feature=3 1 1 1 1 0
split_gain=3.28867 2.1399 1.82904 0.927218 0.353793 0.248984
threshold=0.14644275655054192 -0.99418762411851291 0.2478149809401354 1.7821986246198369 -0.99418762411851291 0.086419643733506413
decision_type=2 2 2 2 2 2
left_child=1 5 -3 4 -2 -1
right_child=3 2 -4 -5 -6 -7
leaf_value=-0.0045886441111497043 0.005989705216148342 0.0090845206749055867 -0.0039559901052015961 -0.0032219749249606864 0.035609430780811462 -0.017238745922649259
leaf_weight=183 205 2610 1400 162 1555 369
leaf_count=183 205 2610 1400 162 1555 369
internal_value=0.00224816 0.000195322 0.00139297 0.00669058 0.00757885 -0.00699275
internal_weight=6484 4562 4010 1922 1760 552
internal_count=6484 4562 4010 1922 1760 552
is_linear=0
shrinkage=0.127801


Tree=24
num_leaves=8
num_cat=0
split_feature=0 1 0 4 2 4 0
split_gain=3.03837 2.27166 1.61563 1.35283 0.542963 0.126758 0.122586
threshold=-0.94416004073880411 -0.99418762411851291 2.0859284522662067 -1.1735022925819398 0.72131625555267831 0.70586364342253061 -1.1648334475494073
decision_type=2 2 2 2 2 2 2
left_child=3 4 -3 6 -2 -5 -1
right_child=1 2 -4 5 -6 -7 -8
leaf_value=0.011203941232260251 -0.012862851117420679 0.014403938568373421 -0.011294098524872051 -0.0095937795511285701 0.0064312267550403375 -0.0046932433238640386 0.00073859987349289276
leaf_weight=187 501 4286 240 515 229 443 83
leaf_count=187 501 4286 240 515 229 443 83
internal_value=0.00226785 0.00367606 0.00480375 -0.00310286 -0.00221681 -0.00569285 0.00313011
internal_weight=6484 5256 4526 1228 730 958 270
internal_count=6484 5256 4526 1228 730 958 270
is_linear=0
shrinkage=0.127801


Tree=25
num_leaves=8
num_cat=0
split_feature=0 0 36 2 2 78 0
split_gain=2.33035 1.06431 0.432237 0.36493 0.274944 0.115862 0.0030285
threshold=-0.94416004073880411 2.0859284522662067 1.0000000180025095e-35 0.72131625555267831 0.72131625555267831 1.0000000180025095e-35 -1.0069246516220591
decision_type=2 2 2 2 2 2 2
left_child=3 2 -2 5 -3 -1 -5
right_child=1 4 -4 6 -6 -7 -8
leaf_value=-0.005819644052094443 0.010030551981511761 -0.011463734397278023 0.0015985047675145764 0.0080123295726776088 0.012485590983952992 0.013290574895502252 -0.034123038990892342
leaf_weight=868 4307 168 709 312 72 14.999999999999998 33
leaf_count=868 4307 168 709 312 72 15 33
internal_value=0.00197252 0.00321468 0.00369905 -0.0026889 -0.00351038 -0.00409032 0
internal_weight=6484 5256 5016 1228 240 883 345
internal_count=6484 5256 5016 1228 240 883 345
is_linear=0
shrinkage=0.127801


Tree=26
num_leaves=7
num_cat=0
split_feature=4 0 1 1 5 0
split_gain=2.86881 1.83458 1.17357 0.673138 0.125826 0.0729521
threshold=-1.1735022925819398 -0.9253316998899197 -0.99418762411851291 -1.3096027713566591 1.2385409522607602 -2.3480456532167606
decision_type=2 2 2 2 2 2
left_child=3 4 -3 -1 -2 -5
right_child=1 2 -4 5 -6 -7
leaf_value=-0.0035012327703284191 -0.0065256762232224772 -0.0084909487922286506 0.0058472440182433024 -0.0069035546514666377 0.015712184008244146 0.021102128528402583
leaf_weight=98 948 598 3812 6.9999999999999991 23 998
leaf_count=98 948 598 3812 7 23 998
internal_value=0.00165749 0.000281859 0.00152724 0.00760894 -0.00453249 0.00862366
internal_weight=6484 5381 4410 1103 971 1005
internal_count=6484 5381 4410 1103 971 1005
is_linear=0
shrinkage=0.127801


Tree=27
num_leaves=8
num_cat=0
split_feature=3 3 2 2 3 6 78
split_gain=4.61393 1.62111 1.10964 0.333131 0.164368 0.124666 0.0338114
threshold=-0.76258650120844995 0.86950177868836731 0.72131625555267831 1.7033665654746868 -1.3042158934082202 2.2057427113479728 1.0000000180025095e-35
decision_type=2 2 2 2 2 2 2
left_child=2 3 5 -2 -4 -1 -3
right_child=1 6 4 -5 -6 -7 -8
leaf_value=-0.0073558009340747559 0.0059582483660750741 0.042808981294077973 -0.20504259819078166 -0.0071851145724379922 0.0040548319143463817 0.015634384758494352 0.055565122519196278
leaf_weight=742 4334 771 10.999999999999998 214 378 6.9999999999999991 27
leaf_count=742 4334 771 11 214 378 7 27
internal_value=0.00153935 0.00320838 -0.00557921 0.00203651 0 -0.00843333 0.00882495
internal_weight=6484 5346 1138 4548 389 749 798
internal_count=6484 5346 1138 4548 389 749 798
is_linear=0
shrinkage=0.127801


Tree=28
num_leaves=7
num_cat=0
split_feature=4 0 0 1 5 0
split_gain=2.59612 1.95799 1.14293 0.677394 0.403796 0.050241
threshold=-1.361438886182387 -0.48268429380875444 2.0859284522662067 -1.4820958913536872 1.0000000180025095e-35 -1.7269865369198751
decision_type=2 2 2 2 2 2
left_child=3 4 -3 -1 -2 -5
right_child=1 2 -4 5 -6 -7
leaf_value=-0.0068228011540759645 -0.005550959831701726 0.0081241846484631404 -0.01180703781869071 0.0074130632820303445 -0.00096844197581331232 0.021791761885494469
leaf_weight=58 938 3417 210 9.9999999999999982 1059 792
leaf_count=58 938 3417 210 10 1059 792
internal_value=0.00138184 0.000231112 0.00212711 0.00792848 -0.00281138 0.0090025
internal_weight=6484 5624 3627 860 1997 802
internal_count=6484 5624 3627 860 1997 802
is_linear=0
shrinkage=0.127801


Tree=29
num_leaves=6
num_cat=0
split_feature=4 1 1 1 4
split_gain=2.5124 1.28151 1.3046 0.523495 0.272282
threshold=-1.361438886182387 1.6857808887296062 -0.99418762411851291 -1.4820958913536872 -0.67233804298074784
decision_type=2 2 2 2 2
left_child=3 2 -2 -1 -3
right_child=1 4 -4 -5 -6
leaf_value=-0.0059508392493827934 -0.010370906835043126 0.00028214106973984803 0.0045094811861739279 0.018797268209840286 -0.01126347845338777
leaf_weight=58 659 84 4506 802 375
leaf_count=58 659 84 4506 802 375
internal_value=0.00134246 0.000208416 0.000921277 0.00778106 -0.00600218
internal_weight=6484 5624 5165 860 459
internal_count=6484 5624 5165 860 459
is_linear=0
shrinkage=0.127801


Tree=30
num_leaves=8
num_cat=0
split_feature=3 3 3 1 1 2 4
split_gain=3.48088 1.14406 0.9521 0.755977 0.647103 0.4867 0.226209
threshold=-0.35853746120696844 0.86950177868836731 -0.86630690816981926 0.77308162382200951 0.21048700621514488 0.72131625555267831 0.39263598742178535
decision_type=2 2 2 2 2 2 2
left_child=2 3 5 -2 -4 -1 -3
right_child=1 6 4 -5 -6 -7 -8
leaf_value=-0.0094755204215642812 0.010097132621276136 0.038524525527430409 0.0027307923469239398 -0.0018817100061909195 -0.0051009273163168346 -0.00068135268018991284 0.015445370599975947
leaf_weight=506 2574 717 1165 668 489 284 81
leaf_count=506 2574 717 1165 668 489 284 81
internal_value=0.00124402 0.00362481 -0.00236643 0.00220216 -0.0001064 -0.00605904 0.00834864
internal_weight=6484 4040 2444 3242 1654 790 798
internal_count=6484 4040 2444 3242 1654 790 798
is_linear=0
shrinkage=0.127801


Tree=31
num_leaves=5
num_cat=0
split_feature=4 2 2 4
split_gain=1.88733 0.341869 0.537124 0.0567759
threshold=-1.361438886182387 1.7033665654746868 1.2123414105136825 1.5202555490244678
decision_type=2 2 2 2
left_child=-1 2 -2 -3
right_child=1 3 -4 -5
leaf_value=0.014299112064310908 0.00018711306105355724 -0.025370523034500766 0.010955017927691369 0.036805951222597284
leaf_weight=860 4692 291 633 7.9999999999999991
leaf_count=860 4692 291 633 8
internal_value=0.00116526 0.000163023 0.000534097 -0.00371065
internal_weight=6484 5624 5325 299
internal_count=6484 5624 5325 299
is_linear=0
shrinkage=0.127801


Tree=32
num_leaves=8
num_cat=0
split_feature=3 3 0 2 1 1 3
split_gain=2.92906 1.18644 0.798396 0.693272 0.514329 0.459556 0.0290233
threshold=0.14644275655054192 -0.87473946158131266 1.0746883601779811 0.72131625555267831 1.6575186263596315 -0.94244600376423882 0.58065439144698061
decision_type=2 2 2 2 2 2 2
left_child=1 3 -3 -1 5 -2 -6
right_child=4 2 -4 -5 6 -7 -8
leaf_value=-0.0093316824252857641 0.0033187314002133899 0.0023844443818286033 -0.0058941820224278326 0.00083178972629994585 -0.00591750869941245 0.02124510456106795 0.01144211439292727
leaf_weight=491 236 3181 617 273 92 1475 119
leaf_count=491 236 3181 617 273 92 1475 119
internal_value=0.00122433 -0.000379934 0.000355458 -0.00503666 0.00543174 0.00616583 0
internal_weight=6484 4562 3798 764 1922 1711 211
internal_count=6484 4562 3798 764 1922 1711 211
is_linear=0
shrinkage=0.127801


Tree=33
num_leaves=7
num_cat=0
split_feature=3 3 1 0 1 3
split_gain=2.41775 1.13603 0.693883 0.636643 0.467644 0.0229894
threshold=0.14644275655054192 -1.3042158934082202 -0.99418762411851291 -0.89249354489923538 -0.94244600376423882 1.2893132069897941
decision_type=2 2 2 2 2 2
left_child=1 -1 -3 5 -5 -2
right_child=3 2 -4 4 -6 -7
leaf_value=-0.18931376165667499 -0.0039213251152202117 -0.011608764522125883 0.0009175538876761639 0.0018095396705866307 0.021765271586708702 0.046375174676122309
leaf_weight=26 229 549 3987 231 1392 70
leaf_count=26 229 549 3987 231 1392 70
internal_value=0.00114557 -0.000296019 0 0.00496796 0.00596554 0
internal_weight=6484 4562 4536 1922 1623 299
internal_count=6484 4562 4536 1922 1623 299
is_linear=0
shrinkage=0.127801


Tree=34
num_leaves=7
num_cat=0
split_feature=4 0 0 5 0 0
split_gain=1.49635 1.48086 1.07521 0.265866 0.191441 0.0374307
threshold=-1.361438886182387 -0.48268429380875444 2.0859284522662067 1.0000000180025095e-35 -1.239880584592943 2.2850618002239389
decision_type=2 2 2 2 2 2
left_child=4 3 -3 -2 -1 -6
right_child=1 2 -4 -5 5 -7
leaf_value=0.00024298163262080781 -0.0043260855582219803 0.0062606511144730273 -0.015008047073441479 -0.0012172603259744197 0.015474074842529289 0.00190387205183793
leaf_weight=109 938 3417 210 1059 742 8.9999999999999982
leaf_count=109 938 3417 210 1059 742 9
internal_value=0.00116526 0.000253808 0.00191609 -0.00236495 0.00615948 0.00689352
internal_weight=6484 5624 3627 1997 860 751
internal_count=6484 5624 3627 1997 860 751
is_linear=0
shrinkage=0.127801


Tree=35
num_leaves=6
num_cat=0
split_feature=3 3 1 4 1
split_gain=2.38953 1.18291 0.751068 0.192504 0.169047
threshold=0.80016024332770208 -1.3042158934082202 0.23617636094134647 1.0817368306234247 -0.80413631609507108
decision_type=2 2 2 2 2
left_child=1 -1 -3 4 -2
right_child=3 2 -4 -5 -6
leaf_value=-0.1659193617139138 0.011679754024292843 0.0030346873361334547 -0.0025944061711227367 -0.014540041345405168 0.029438732169865776
leaf_weight=26 141 3757 1827 19 714
leaf_count=26 141 3757 1827 19 714
internal_value=0.0010865 0 0.000255624 0.00728021 0.00760379
internal_weight=6484 5610 5584 874 855
internal_count=6484 5610 5584 874 855
is_linear=0
shrinkage=0.127801


Tree=36
num_leaves=6
num_cat=0
split_feature=4 2 6 2 45
split_gain=1.0451 0.37261 0.289308 0.241771 0.0322443
threshold=-1.6120210109829829 -0.26073405436933023 1.0000000180025095e-35 1.7033665654746868 1.0000000180025095e-35
decision_type=2 2 2 2 2
left_child=4 2 -2 -3 -1
right_child=1 3 -4 -5 -6
leaf_value=0.013680183692122438 -0.0025843366189621277 0.0039897252692496481 0.0021335686927476645 -0.0072717606636657738 0.024635076619208749
leaf_weight=513 1459 2728 1441 307 36
leaf_count=513 1459 2728 1441 307 36
internal_value=0.000968369 0.000328708 -0.000518021 0.00139831 0.00636382
internal_weight=6484 5935 2900 3035 549
internal_count=6484 5935 2900 3035 549
is_linear=0
shrinkage=0.127801


Tree=37
num_leaves=8
num_cat=0
split_feature=0 1 1 0 2 6 4
split_gain=1.14226 1.31082 1.21226 0.63521 0.332912 0.332332 0.00464064
threshold=-0.82781343263208784 -0.99418762411851291 -0.29304897387942813 0.086419643733506413 0.72131625555267831 1.0716505901537572 -0.23381932457970475
decision_type=2 2 2 2 2 2 2
left_child=4 3 -3 -2 5 -1 -6
right_child=1 2 -4 -5 6 -7 -8
leaf_value=-0.0047938880914169379 0.0091995031498340943 0.019732480518149614 0.0020917492380619607 -0.013811586014272655 0.0049221799213045358 0.023686702860430373 -0.0056917573644994189
leaf_weight=980 217 1442 2881 513 161 48 242
leaf_count=980 217 1442 2881 513 161 48 242
internal_value=0.000751788 0.00174486 0.00268837 -0.00273708 -0.00219376 -0.0034555 0
internal_weight=6484 5053 4323 730 1431 1028 403
internal_count=6484 5053 4323 730 1431 1028 403
is_linear=0
shrinkage=0.127801


Tree=38
num_leaves=8
num_cat=0
split_feature=0 138 1 0 1 1 1
split_gain=0.800715 0.804695 0.72448 0.621139 0.337207 0.276308 0.0279777
threshold=-0.94416004073880411 1.0000000180025095e-35 1.7821986246198369 1.1687732757750582 1.2996856366215728 -0.49116765371505366 1.9936105131749045
decision_type=2 2 2 2 2 2 2
left_child=4 2 -2 -3 5 -1 -6
right_child=1 3 -4 -5 6 -7 -8
leaf_value=-0.0025055034053427911 0.0066842900585629287 0.0019903515418379456 -0.030070459628326468 -0.011387748901100392 0.0070953497190473589 -0.0089089041413055944 -0.0032443747864328932
leaf_weight=417 3313 1541 51 351 196 311 304
leaf_count=417 3313 1541 51 351 196 311 304
internal_value=0.000791166 0.00156342 0.00277455 -0.000173826 -0.001861 -0.00364877 0
internal_weight=6484 5256 3364 1892 1228 728 500
internal_count=6484 5256 3364 1892 1228 728 500
is_linear=0
shrinkage=0.127801


Tree=39
num_leaves=8
num_cat=0
split_feature=0 1 1 0 1 1 1
split_gain=0.659924 0.808522 1.00604 0.410072 0.210657 0.13584 0.00942228
threshold=-0.94416004073880411 -0.99418762411851291 -0.29304897387942813 0.11288335172828366 1.2996856366215728 -0.63884527197159346 1.9936105131749045
decision_type=2 2 2 2 2 2 2
left_child=4 3 -3 -2 5 -1 -6
right_child=1 2 -4 -5 6 -7 -8
leaf_value=-0.0013947700914369613 0.0059662177078526543 0.017023609134903528 0.0015517324984161307 -0.012783909278201508 0.0061885557914844683 -0.0068818881849032594 -0.0028297399239428814
leaf_weight=310 223 1468 3058 507 196 418 304
leaf_count=310 223 1468 3058 507 196 418 304
internal_value=0.000810855 0.00151486 0.00223811 -0.00186997 -0.00155054 -0.0029532 0
internal_weight=6484 5256 4526 730 1228 728 500
internal_count=6484 5256 4526 730 1228 728 500
is_linear=0
shrinkage=0.127801


Tree=40
num_leaves=8
num_cat=0
split_feature=4 0 1 0 0 6 0
split_gain=0.889734 0.662045 0.7926 0.607011 0.92403 0.250561 0.0341237
threshold=-1.1108567613817908 -0.94416004073880411 -1.3096027713566591 -0.42663788277842418 1.3295765575137477 1.0716505901537572 -1.4218352797966218
decision_type=2 2 2 2 2 2 2
left_child=1 6 -3 5 -5 -2 -1
right_child=3 2 -4 4 -6 -7 -8
leaf_value=0.009311058417146854 -0.0040823958612991379 -0.0035225426656987509 0.011363031698991456 0.0061937855790339417 -0.0050693388569333798 0.021906923478635692 -0.0018611646229740092
leaf_weight=68 1882 116 849 2700 560 89 220
leaf_count=68 1882 116 849 2700 560 89 220
internal_value=0.00071241 0.00376147 0.00542832 0 0.00104773 -0.00178868 0
internal_weight=6484 1253 965 5231 3260 1971 288
internal_count=6484 1253 965 5231 3260 1971 288
is_linear=0
shrinkage=0.127801


Tree=41
num_leaves=8
num_cat=0
split_feature=3 3 5 4 2 1 4
split_gain=2.27138 1.26067 1.17133 1.06062 0.758793 0.587247 0.33289
threshold=-0.57505948649593064 1.021158008504303 1.0000000180025095e-35 0.89380023702297762 -0.75175920933033435 -0.99418762411851291 0.32999045622163631
decision_type=2 2 2 2 2 2 2
left_child=2 5 4 -4 -1 -2 -3
right_child=1 6 3 -5 -6 -7 -8
leaf_value=-0.0044271051896347139 -0.010648749447074921 0.034224623706855389 -0.050369166691080325 -0.00082248892257654686 0.0019291213137127368 0.0044306961984014633 0.001455047966637098
leaf_weight=459 535 595 212 145 846 3614 78
leaf_count=459 535 595 212 145 846 3614 78
internal_value=0.00069272 0.0021962 -0.00318426 -0.00986159 -0.000709446 0.00112805 0.00753396
internal_weight=6484 4822 1662 357 1305 4149 673
internal_count=6484 4822 1662 357 1305 4149 673
is_linear=0
shrinkage=0.127801


Tree=42
num_leaves=8
num_cat=0
split_feature=4 0 1 0 1 0 0
split_gain=0.872947 0.655541 0.626551 0.803878 0.482542 0.461365 0.030576
threshold=-1.2987933549822379 -1.1305866973850465 0.74777073489004031 -0.46582553835225415 -1.088502795330059 -0.34430246828031624 -1.4218352797966218
decision_type=2 2 2 2 2 2 2
left_child=1 6 3 -2 -3 -4 -1
right_child=2 4 5 -5 -6 -7 -8
leaf_value=0.010475373635785981 -0.0034460576097157568 -0.0023697993361585651 -0.00089583266642983487 0.0050428749486699318 0.013835710399266439 -0.018137050740119648 -0.0023922368795177107
leaf_weight=57 1233 74 875 3244 696 196 109
leaf_count=57 1233 74 875 3244 696 196 109
internal_value=0.000889612 0.00452454 0.000128443 0.000925825 0.00621501 -0.00245217 0
internal_weight=6484 936 5548 4477 770 1071 166
internal_count=6484 936 5548 4477 770 1071 166
is_linear=0
shrinkage=0.127801


Tree=43
num_leaves=8
num_cat=0
split_feature=4 0 0 0 1 6 0
split_gain=0.634813 0.578216 0.497311 0.971872 0.307106 0.145293 0.030576
threshold=-1.2987933549822379 -1.1305866973850465 -0.42663788277842418 1.3295765575137477 -1.4820958913536872 1.0716505901537572 -1.4218352797966218
decision_type=2 2 2 2 2 2 2
left_child=1 6 5 -4 -3 -2 -1
right_child=2 4 3 -5 -6 -7 -8
leaf_value=0.0091366087294725683 -0.0031364596024947254 -0.004431713781775275 0.0051687287462922199 -0.0054110285259771282 0.012078583380501842 0.020073260979048123 -0.0020865062303551587
leaf_weight=57 1997 63 2837 618 707 96 109
leaf_count=57 1997 63 2837 618 707 96 109
internal_value=0.000968369 0.00411793 0.00028949 0.00133942 0.00572153 -0.00106399 0
internal_weight=6484 936 5548 3455 770 2093 166
internal_count=6484 936 5548 3455 770 2093 166
is_linear=0
shrinkage=0.127801


Tree=44
num_leaves=7
num_cat=0
split_feature=1 1 0 1 0 6
split_gain=0.592357 0.826165 0.699848 0.220746 0.155542 0.10484
threshold=-0.99418762411851291 0.13817001390484226 1.0566920535965036 0.52452983285067767 -0.0080395933647701978 1.0716505901537572
decision_type=2 2 2 2 2 2
left_child=4 2 -2 -3 -1 -6
right_child=1 3 -4 -5 5 -7
leaf_value=0.0047164242282304401 0.0074284795859989186 -0.0045711681398578436 -0.0041555795362036661 0.00079664480744510925 -0.0094235951189748091 0.012741835299802075
leaf_weight=196 2906 731 374 1716 527 34
leaf_count=196 2906 731 374 1716 527 34
internal_value=0.000791166 0.00132579 0.00267438 -0.000160552 -0.00218865 -0.00330402
internal_weight=6484 5727 3280 2447 757 561
internal_count=6484 5727 3280 2447 757 561
is_linear=0
shrinkage=0.127801


Tree=45
num_leaves=8
num_cat=0
split_feature=3 3 2 3 2 83 4
split_gain=1.87215 0.871861 0.507624 0.258366 0.238417 0.18013 0.170759
threshold=0.24043329419095702 -0.73475907495052162 0.72131625555267831 1.1626951742264466 -0.26073405436933023 1.0000000180025095e-35 1.0817368306234247
decision_type=2 2 2 2 2 2 2
left_child=1 2 -1 5 -3 -2 -5
right_child=3 4 -4 6 -6 -7 -8
leaf_value=-0.0056970886433986697 0.0055166458911033566 -0.00087882172226546934 0.00010855157003004042 0.039621311997777652 0.0046684659571918042 -0.015269168176902156 -0.094565605697052621
leaf_weight=803 990 1837 413 564 1773 95 8.9999999999999982
leaf_count=803 990 1837 413 564 1773 95 9
internal_value=0.00092899 -0.00018994 -0.00325871 0.00465035 0.000628339 0.00225687 0.0077312
internal_weight=6484 4826 1216 1658 3610 1085 573
internal_count=6484 4826 1216 1658 3610 1085 573
is_linear=0
shrinkage=0.127801


Tree=46
num_leaves=8
num_cat=0
split_feature=4 0 1 0 1 0 2
split_gain=0.67585 0.579235 0.440124 0.595373 0.325002 0.233413 0.135314
threshold=-0.86027463658119485 -0.7596162047716718 1.0385946975743388 2.0859284522662067 -1.3096027713566591 -0.49421951035027345 -0.26073405436933023
decision_type=2 2 2 2 2 2 2
left_child=1 6 3 -2 -3 -4 -1
right_child=2 4 5 -5 -6 -7 -8
leaf_value=-0.0035165814013203454 0.0026326871621720651 -0.00035635755265530261 -0.0011382139786305953 -0.016298516934629598 0.007022848037311554 -0.02098471675694643 0.0029949716079090125
leaf_weight=254 3801 157 558 157 1096 214 247
leaf_count=254 3801 157 558 157 1096 214 247
internal_value=0.000850234 0.00298887 0 0.000598977 0.00447151 -0.00272075 0
internal_weight=6484 1754 4730 3958 1253 772 501
internal_count=6484 1754 4730 3958 1253 772 501
is_linear=0
shrinkage=0.127801


Tree=47
num_leaves=8
num_cat=0
split_feature=5 4 1 2 4 2 4
split_gain=0.575112 1.32384 0.785636 0.562806 0.730822 0.228135 0.0673667
threshold=1.0000000180025095e-35 1.0000000180025095e-35 0.28962877977815665 0.72131625555267831 -0.23381932457970475 1.7033665654746868 1.4576100178243188
decision_type=2 2 2 2 2 2 2
left_child=3 5 -3 4 -1 -2 -5
right_child=1 2 -4 6 -6 -7 -8
leaf_value=-0.0040416855040741684 0.0081058246924252016 0.0046311435084367353 -0.0071201891366977224 0.0031229711395495026 0.00031315945596848072 -0.021227537414032521 -0.019407827254908337
leaf_weight=687 1525 1744 859 712 865 73 19
leaf_count=687 1525 1744 859 712 865 73 19
internal_value=0.000751788 0.00169724 0 -0.000640853 -0.00226123 0.00458531 0.00171157
internal_weight=6484 4201 2603 2283 1552 1598 731
internal_count=6484 4201 2603 2283 1552 1598 731
is_linear=0
shrinkage=0.127801


Tree=48
num_leaves=7
num_cat=0
split_feature=3 3 5 1 4 2
split_gain=1.56141 0.890189 0.514848 0.448225 0.341257 0.00362518
threshold=1.021158008504303 -0.73475907495052162 1.0000000180025095e-35 -0.88270599336486277 -0.045882730979257692 1.7033665654746868
decision_type=2 2 2 2 2 2
left_child=1 2 -1 -3 5 -2
right_child=4 3 -4 -5 -6 -7
leaf_value=-0.0015115783938329957 0.029270349728804445 -0.0057132482256907653 -0.026629177673547801 0.0030916741867662444 0.00085085436649906792 0.044399667956432985
leaf_weight=1012 504 774 204 3821 140 29
leaf_count=1012 504 774 204 3821 140 29
internal_value=0.000791166 0 -0.0029452 0.000924302 0.00659416 0.00806725
internal_weight=6484 5811 1216 4595 673 533
internal_count=6484 5811 1216 4595 673 533
is_linear=0
shrinkage=0.127801


Tree=49
num_leaves=7
num_cat=0
split_feature=3 0 3 2 138 4
split_gain=1.3032 0.667567 0.779923 0.476064 0.204461 0.0655042
threshold=1.1626951742264466 -0.7596162047716718 -0.53782651989441344 -0.26073405436933023 1.0000000180025095e-35 0.89380023702297762
decision_type=2 2 2 2 2 2
left_child=1 3 -3 -1 5 -2
right_child=4 2 -4 -5 -6 -7
leaf_value=-0.0049140904439953538 0.033262662122595058 -0.0021485693763791118 0.0039830038889413152 0.00035849512061075203 -0.010005945464655499 0.031898711318919672
leaf_weight=734 538 1279 3165 733 29 5.9999999999999991
leaf_count=734 538 1279 3165 733 29 6
internal_value=0.000810855 0.000105447 0.00101021 -0.00208815 0.00662935 0.00723347
internal_weight=6484 5911 4444 1467 573 544
internal_count=6484 5911 4444 1467 573 544
is_linear=0
shrinkage=0.127801


Tree=50
num_leaves=8
num_cat=0
split_feature=0 0 1 2 1 6 0
split_gain=0.517555 0.664207 0.75636 0.330927 0.266914 0.201236 0.0203668
threshold=-0.7596162047716718 1.0566920535965036 -0.99418762411851291 -0.26073405436933023 -0.10950832748645099 1.0716505901537572 -1.4686330708592372
decision_type=2 2 2 2 2 2 2
left_child=3 2 -2 5 -3 -1 -5
right_child=1 4 -4 6 -6 -7 -8
leaf_value=-0.0047023770715558227 -0.0059557512567924827 -0.0067273300852067498 0.0063097149004728683 -0.0091558003612326293 0.00017569634497878881 0.016332486494197097 0.002608435184217303
leaf_weight=749 679 299 3161 130 764 43 659
leaf_count=749 679 299 3161 130 764 43 659
internal_value=0.00071241 0.00143375 0.00228507 -0.00102074 -0.000893799 -0.00297257 0
internal_weight=6484 4903 3840 1581 1063 792 789
internal_count=6484 4903 3840 1581 1063 792 789
is_linear=0
shrinkage=0.127801


Tree=51
num_leaves=7
num_cat=0
split_feature=3 3 0 1 4 36
split_gain=1.18315 0.666571 0.676054 0.628695 0.16399 0.0606513
threshold=1.614680037082495 -0.81402507701855997 -0.94416004073880411 -0.26799781464738259 0.079408331421040215 1.0000000180025095e-35
decision_type=2 2 2 2 2 2
left_child=1 3 -3 -1 5 -2
right_child=4 2 -4 -5 -6 -7
leaf_value=0.0013685511210025207 0.041548262956923931 -0.0023489382850371363 0.0028771072114688375 -0.0068839685662015404 0.0083594936661392401 0.032992076918802543
leaf_weight=399 307 990 4171 553 40 24
leaf_count=399 307 990 4171 553 40 24
internal_value=0.000732099 0.000168792 0.000862639 -0.00274314 0.00773789 0.00865378
internal_weight=6484 6113 5161 952 371 331
internal_count=6484 6113 5161 952 371 331
is_linear=0
shrinkage=0.127801


Tree=52
num_leaves=7
num_cat=0
split_feature=4 0 1 1 0 0
split_gain=0.884914 0.424462 0.404294 0.87036 0.339689 0.307287
threshold=-1.2987933549822379 -1.1305866973850465 -0.29304897387942813 -0.80413631609507108 -0.13002341373678422 1.7608531404513019
decision_type=2 2 2 2 2 2
left_child=1 -1 3 -2 -4 -3
right_child=2 5 4 -5 -6 -7
leaf_value=-0.0013235451585177165 -0.0025332328847013207 0.0068422484599512164 -0.0031838792742992779 0.010027678066052655 0.0012173660508380938 -0.0073658996919265581
leaf_weight=166 1134 722 1787 1226 1401 48
leaf_count=166 1134 722 1787 1226 1401 48
internal_value=0.000633653 0.00425347 0 0.00128414 -0.000919338 0.00555704
internal_weight=6484 936 5548 2360 3188 770
internal_count=6484 936 5548 2360 3188 770
is_linear=0
shrinkage=0.127801


Tree=53
num_leaves=7
num_cat=0
split_feature=3 3 1 1 4 36
split_gain=1.16141 0.593239 0.65284 0.31289 0.149971 0.0530727
threshold=1.614680037082495 -0.5149937598879083 0.28962877977815665 -0.45511375747835042 0.079408331421040215 1.0000000180025095e-35
decision_type=2 2 2 2 2 2
left_child=1 3 -3 -1 5 -2
right_child=4 2 -4 -5 -6 -7
leaf_value=0.0013390548523986641 0.036540085780400709 0.0041981572353750147 -0.0011152358715536069 -0.0035692722412718238 0.0061701215884590989 0.028788815707735362
leaf_weight=619 307 2785 1464 1245 40 24
leaf_count=619 307 2785 1464 1245 40 24
internal_value=0.000515518 0 0.000921371 -0.00180217 0.00739974 0.0082756
internal_weight=6484 6113 4249 1864 371 331
internal_count=6484 6113 4249 1864 371 331
is_linear=0
shrinkage=0.127801


Tree=54
num_leaves=6
num_cat=0
split_feature=3 3 1 4 36
split_gain=0.955909 0.542969 0.339169 0.12381 0.039273
threshold=1.614680037082495 -1.3042158934082202 0.23617636094134647 0.079408331421040215 1.0000000180025095e-35
decision_type=2 2 2 2 2
left_child=1 -1 -3 4 -2
right_child=3 2 -4 -5 -6
leaf_value=-0.14080566924268764 0.031870220416422401 0.0016391740475148848 -0.0014980051094175663 0.0053815728896236216 0.025109571653644736
leaf_weight=26 307 4067 2020 40 24
leaf_count=26 307 4067 2020 40 24
internal_value=0.00047614 0 0.000177901 0.00672343 0.00751925
internal_weight=6484 6113 6087 371 331
internal_count=6484 6113 6087 371 331
is_linear=0
shrinkage=0.127801


Tree=55
num_leaves=7
num_cat=0
split_feature=1 1 1 1 1 25
split_gain=0.260147 0.397084 0.189832 0.146504 0.12674 0.0347859
threshold=-1.0398142558938177 0.13817001390484226 0.52452983285067767 -0.80413631609507108 -1.5423236712339634 1.0000000180025095e-35
decision_type=2 2 2 2 2 2
left_child=4 3 -3 -2 -1 -6
right_child=1 2 -4 -5 5 -7
leaf_value=0.00010963558564751689 0.00034035811053911987 -0.003471054631687761 0.00062547587792897497 0.0033809535817052442 -0.012478472259021732 0.0072507139584487455
leaf_weight=390 631 731 1716 2729 273 13.999999999999998
leaf_count=390 631 731 1716 2729 273 14
internal_value=0.00047614 0.000845924 -0.000108472 0.00177577 -0.00151036 -0.00351431
internal_weight=6484 5807 2447 3360 677 287
internal_count=6484 5807 2447 3360 677 287
is_linear=0
shrinkage=0.127801


Tree=56
num_leaves=7
num_cat=0
split_feature=0 0 4 2 2 6
split_gain=0.468049 0.58768 0.672108 0.362094 0.333238 0.171815
threshold=2.1215498456585986 -0.7596162047716718 -1.1108567613817908 -0.26073405436933023 0.72131625555267831 1.0716505901537572
decision_type=2 2 2 2 2 2
left_child=1 3 -3 -1 5 -2
right_child=4 2 -4 -5 -6 -7
leaf_value=-0.0028883799322414463 -0.014552846712594386 0.0066177107951490158 0.0014877426361528604 0.00055183487161379434 0.0047763363090637537 0.017879869399715996
leaf_weight=792 138 803 3887 789 66 8.9999999999999982
leaf_count=792 138 803 3887 789 66 9
internal_value=0.000436761 0.00075083 0.00154503 -0.00110122 -0.00492915 -0.00837081
internal_weight=6484 6271 4690 1581 213 147
internal_count=6484 6271 4690 1581 213 147
is_linear=0
shrinkage=0.127801


Tree=57
num_leaves=8
num_cat=0
split_feature=3 1 1 2 1 1 1
split_gain=0.913519 0.511163 0.721018 0.319144 0.30351 0.333578 0.0720078
threshold=-0.35853746120696844 -0.81887172178867396 0.28962877977815665 -0.26073405436933023 -0.47792704412690717 -0.17622741869132516 -1.0398142558938177
decision_type=2 2 2 2 2 2 2
left_child=4 3 -3 -2 6 -6 -1
right_child=1 2 -4 -5 5 -7 -8
leaf_value=-0.0076346732898646625 -0.011721247565290721 0.010319698652616397 0.00023437176176609281 0.0033764621433874783 -0.0038817379654644412 -0.0017915856922437784 0.003066761074843724
leaf_weight=205 383 1767 1477 413 385 1227 627
leaf_count=205 383 1767 1477 413 385 1227 627
internal_value=0.000259559 0.00154055 0.0023266 -0.000665763 -0.00153213 -0.00257213 0
internal_weight=6484 4040 3244 796 2444 1612 832
internal_count=6484 4040 3244 796 2444 1612 832
is_linear=0
shrinkage=0.127801


Tree=58
num_leaves=5
num_cat=0
split_feature=3 3 1 1
split_gain=0.807464 0.32699 0.257033 0.232195
threshold=1.8767378507935215 -0.5149937598879083 1.5954473020841082 -0.45511375747835042
decision_type=2 2 2 2
left_child=1 3 -3 -1
right_child=-2 2 -4 -5
leaf_value=0.00037624744667518405 0.031994386000433861 0.0018865592618954989 -0.0028030230273477581 -0.0026665970551669241
leaf_weight=619 294 3883 443 1245
leaf_count=619 294 3883 443 1245
internal_value=0.000397383 0 0.000689682 -0.00132401
internal_weight=6484 6190 4326 1864
internal_count=6484 6190 4326 1864
is_linear=0
shrinkage=0.127801


Tree=59
num_leaves=6
num_cat=0
split_feature=3 3 2 2 60
split_gain=0.79441 0.321211 0.365009 0.177907 0.0129715
threshold=1.8767378507935215 -1.3042158934082202 0.72131625555267831 -0.75175920933033435 1.0000000180025095e-35
decision_type=2 2 2 2 2
left_child=1 3 -3 -1 -2
right_child=4 2 -4 -5 -6
leaf_value=0.018115003190697632 0.028653984147690492 -0.00039805126567669865 0.0033352487468483864 -0.13513909955753628 0.010119221844407479
leaf_weight=5.0000000000000027 268 4326 1838 21 26
leaf_count=5 268 4326 1838 21 26
internal_value=0.000436761 0 0.000190178 -0.0123491 0.00687243
internal_weight=6484 6190 6164 26 294
internal_count=6484 6190 6164 26 294
is_linear=0
shrinkage=0.127801


Tree=60
num_leaves=8
num_cat=0
split_feature=0 0 4 4 1 1 1
split_gain=0.549243 0.564267 0.715704 0.233491 0.476734 0.411253 0.229839
threshold=1.0566920535965036 -0.7596162047716718 -1.4867299485826846 0.079408331421040215 -0.097922492268869385 -0.33659694517481559 1.3725747982600358
decision_type=2 2 2 2 2 2 2
left_child=1 6 -3 4 -2 -5 -1
right_child=3 2 -4 5 -6 -7 -8
leaf_value=-0.0026013506276622114 -0.012499487312887496 0.012221004904874466 0.0027125814036387972 0.0040168851057245034 0.002459737575823883 -0.011620706496253682 0.0019961729605331444
leaf_weight=1025 125 352 3488 125 472 341 556
leaf_count=1025 125 352 3488 125 472 341 556
internal_value=0.000436761 0.00105677 0.00195285 -0.00196882 0 -0.00410281 -0.00061833
internal_weight=6484 5421 3840 1063 597 466 1581
internal_count=6484 5421 3840 1063 597 466 1581
is_linear=0
shrinkage=0.127801


Tree=61
num_leaves=7
num_cat=0
split_feature=0 0 1 2 2 6
split_gain=0.550369 0.408018 0.490333 0.182105 0.149724 0.0769754
threshold=2.0859284522662067 -0.53426150013758023 -0.99418762411851291 0.72131625555267831 1.0000000180025095e-35 2.2057427113479728
decision_type=2 2 2 2 2 2
left_child=1 4 -3 5 -1 -2
right_child=3 2 -4 -5 -6 -7
leaf_value=-0.0013100783000401471 -0.013131954221832021 -0.0019934700808262287 0.0038886520572875912 0.0019459526655769834 0.0018842300296862062 0.058436031542641265
leaf_weight=1402 163 722 3277 72 843 4.9999999999999991
leaf_count=1402 163 722 3277 72 843 5
internal_value=0.00045645 0.000801097 0.00161693 -0.00506301 -0.000299807 -0.00729291
internal_weight=6484 6244 3999 240 2245 168
internal_count=6484 6244 3999 240 2245 168
is_linear=0
shrinkage=0.127801


Tree=62
num_leaves=7
num_cat=0
split_feature=36 0 0 4 4 1
split_gain=0.387009 0.383934 0.394507 0.163054 0.25198 0.117477
threshold=1.0000000180025095e-35 -0.82781343263208784 2.226126411852507 1.1443823618235738 0.26734492502148738 1.3725747982600358
decision_type=2 2 2 2 2 2
left_child=1 5 -3 4 -2 -1
right_child=3 2 -4 -5 -6 -7
leaf_value=-0.0022471093704380749 5.2345500545900492e-06 0.0027272831036406226 -0.01502852224270982 0.0067546856073877814 -0.017781084849161785 0.0016324968470708492
leaf_weight=771 368 4237 103 120 438 447
leaf_count=771 368 4237 103 120 438 447
internal_value=0.00045645 0.000954967 0.00158123 -0.00166889 -0.00254408 -0.000624201
internal_weight=6484 5558 4340 926 806 1218
internal_count=6484 5558 4340 926 806 1218
is_linear=0
shrinkage=0.127801


Tree=63
num_leaves=5
num_cat=0
split_feature=3 3 1 2
split_gain=0.807464 0.419141 0.320227 0.31873
threshold=1.8767378507935215 -0.76258650120844995 0.79250558932359938 0.72131625555267831
decision_type=2 2 2 2
left_child=1 3 -3 -1
right_child=-2 2 -4 -5
leaf_value=-0.0034816231845181877 0.023618044425403061 0.0016392035590330229 -0.0011967068376962315 0.0015086322556653762
leaf_weight=749 294 4070 982 389
leaf_count=749 294 4070 982 389
internal_value=0.000397383 0 0.000580602 -0.00211891
internal_weight=6484 6190 5052 1138
internal_count=6484 6190 5052 1138
is_linear=0
shrinkage=0.127801


Tree=64
num_leaves=8
num_cat=0
split_feature=3 0 0 0 0 3 3
split_gain=0.730161 0.343046 0.307043 0.219261 0.368525 0.134889 0.00741458
threshold=0.31379650887095017 -0.86867626891839766 1.7608531404513019 0.80964905729984371 -0.53426150013758023 -0.90665343295404166 1.8767378507935215
decision_type=2 2 2 2 2 2 2
left_child=3 6 -3 4 -1 -5 -2
right_child=1 2 -4 5 -6 -7 -8
leaf_value=-0.0011271235951544765 -0.0026580309727800024 0.01091554359461331 -0.0055715350742539371 0.0024948596510684898 0.0035013210742459509 -0.0039555931030779241 0.01146543937835314
leaf_weight=1798 215 1129 112 74 2140 971 45
leaf_count=1798 215 1129 112 74 2140 971 45
internal_value=0.00045645 0.0029564 0.00387957 -0.000140424 0.00011607 -0.00185672 0
internal_weight=6484 1501 1241 4983 3938 1045 260
internal_count=6484 1501 1241 4983 3938 1045 260
is_linear=0
shrinkage=0.127801


Tree=65
num_leaves=8
num_cat=0
split_feature=3 1 4 4 0 2 4
split_gain=0.650029 0.727548 0.254153 0.412481 0.264149 0.248693 0.20569
threshold=0.36335397661234226 0.66629668367237394 0.64321811222238157 -1.737312073383281 -1.3408617244842922 1.7033665654746868 -0.73498357418089677
decision_type=2 2 2 2 2 2 2
left_child=2 5 3 -1 -4 -2 -3
right_child=1 6 4 -5 -6 -7 -8
leaf_value=0.0035244180918802522 0.0092342681965945535 0.0042296207516946934 -0.014285877416628255 -0.0020577099972918641 0.0037093843443302419 -0.019608929093304802 -0.010467331113992671
leaf_weight=256 963 203 186 2784 1858 49 185
leaf_count=256 963 203 186 2784 1858 49 185
internal_value=0.000535207 0.00297787 0 -0.000871716 0.000946094 0.00488945 0
internal_weight=6484 1400 5084 3040 2044 1012 388
internal_count=6484 1400 5084 3040 2044 1012 388
is_linear=0
shrinkage=0.127801


Tree=66
num_leaves=6
num_cat=0
split_feature=3 36 3 4 1
split_gain=0.56458 0.210627 0.189704 0.175962 0.162462
threshold=1.614680037082495 1.0000000180025095e-35 0.085079714033058862 0.079408331421040215 0.79250558932359938
decision_type=2 2 2 2 2
left_child=1 4 -3 -2 -1
right_child=3 2 -4 -5 -6
leaf_value=0.0010740920815364243 0.017493632399894762 -0.0077175602711871561 0.0049534553223532212 -0.0018640156460766784 -0.0012858588815413839
leaf_weight=4276 331 662 238 40 937
leaf_count=4276 331 662 238 40 937
internal_value=0.000515518 8.52606e-05 -0.00151946 0.00537082 0.000516176
internal_weight=6484 6113 900 371 5213
internal_count=6484 6113 900 371 5213
is_linear=0
shrinkage=0.127801


Tree=67
num_leaves=7
num_cat=0
split_feature=4 0 0 1 1 1
split_gain=0.292874 0.329418 0.425648 0.166165 0.695455 0.461899
threshold=-1.2987933549822379 -0.81483135306759669 0.80964905729984371 -0.28000654168418865 -0.80413631609507108 -0.19969010907484458
decision_type=2 2 2 2 2 2
left_child=1 -1 -3 4 -2 -5
right_child=3 2 -4 5 -6 -7
leaf_value=-0.00051341510791565225 -0.0021934173106817594 0.0092893298744577881 0.00014792843718124246 -0.0077863707657705571 0.0071821860283483932 -9.2948811382532849e-05
leaf_weight=297 1134 412 227 197 1244 2973
leaf_count=297 1134 412 227 197 1244 2973
internal_value=0.000515518 0.00262705 0.00429002 1.34089e-05 0.000942206 -0.000433768
internal_weight=6484 936 639 5548 2378 3170
internal_count=6484 936 639 5548 2378 3170
is_linear=0
shrinkage=0.127801


Tree=68
num_leaves=7
num_cat=0
split_feature=1 1 1 60 6 5
split_gain=0.214093 0.207434 0.162257 0.144406 0.0859146 0.064878
threshold=-1.0398142558938177 0.13817001390484226 -1.6703466142058485 1.0000000180025095e-35 1.0000000180025095e-35 1.2385409522607602
decision_type=2 2 2 2 2 2
left_child=2 3 -1 -2 -3 -4
right_child=1 4 5 -5 -6 -7
leaf_value=0.00096176026328526033 0.002034562051252531 0.00079095185632743737 -0.010651254512023738 -0.00083551675588678243 -0.0015579455036705736 0.022745415726074119
leaf_weight=286 3006 1153 380 354 1294 10.999999999999998
leaf_count=286 3006 1153 380 354 1294 11
internal_value=0.000436761 0.000779978 -0.0013235 0.00143415 0 -0.00310971
internal_weight=6484 5807 677 3360 2447 391
internal_count=6484 5807 677 3360 2447 391
is_linear=0
shrinkage=0.127801


Tree=69
num_leaves=7
num_cat=0
split_feature=4 4 1 1 2 118
split_gain=0.261829 0.144119 0.192345 0.0769039 0.0536587 0.00907514
threshold=-1.6120210109829829 0.95644576822312655 0.79250558932359938 -1.9679813794120318 1.7033665654746868 1.0000000180025095e-35
decision_type=2 2 2 2 2 2
left_child=3 2 -2 -1 -3 -5
right_child=1 4 -4 5 -6 -7
leaf_value=-0.022499443737407209 0.00033334634380996519 0.0035329555078146197 -0.0048679359256577877 0.0023722032801294529 -0.0064957680341846862 0.0018681385806370941
leaf_weight=5.9999999999999991 3956 992 924 510 63 33
leaf_count=6 3956 992 924 510 63 33
internal_value=0.000436761 4.90998e-05 -9.89258e-05 0.00314545 0.0014782 0.00350512
internal_weight=6484 5935 4880 549 1055 543
internal_count=6484 5935 4880 549 1055 543
is_linear=0
shrinkage=0.127801


Tree=70
num_leaves=7
num_cat=0
split_feature=3 2 0 2 0 118
split_gain=0.526253 0.213724 0.263488 0.244262 0.0680065 0.0184471
threshold=1.9608039217265638 0.72131625555267831 0.79023711576145061 1.7033665654746868 1.7608531404513019 1.0000000180025095e-35
decision_type=2 2 2 2 2 2
left_child=1 2 -1 -3 5 -2
right_child=4 3 -4 -5 -6 -7
leaf_value=0.00032450199546445803 0.020515701551186497 0.0028898719359667542 -0.0022040531034853211 -0.0087109550727494343 0.0030078730520291361 0.033459157871324731
leaf_weight=3391 241 1527 968 329 17 10.999999999999998
leaf_count=3391 241 1527 968 329 17 11
internal_value=0.000377694 5.80938e-06 -0.000347837 0.0012611 0.00587404 0.00640776
internal_weight=6484 6215 4359 1856 269 252
internal_count=6484 6215 4359 1856 269 252
is_linear=0
shrinkage=0.127801


Tree=71
num_leaves=7
num_cat=0
split_feature=0 0 60 2 2 138
split_gain=0.307438 0.339491 0.202307 0.0924724 0.124896 0.0790821
threshold=-0.81483135306759669 1.0566920535965036 1.0000000180025095e-35 0.72131625555267831 -0.75175920933033435 1.0000000180025095e-35
decision_type=2 2 2 2 2 2
left_child=3 2 -2 4 -1 -3
right_child=1 5 -4 -5 -6 -7
leaf_value=-0.00014354360478032604 0.0026027311265335537 0.00018818170507247652 -0.0010821266216481369 0.00066504089740171131 -0.006884084355428019 -0.0047351470841910616
leaf_weight=571 3511 615 454 411 474 448
leaf_count=571 3511 615 454 411 474 448
internal_value=0.000338316 0.000903194 0.00152137 -0.00106428 -0.00173523 -0.000654905
internal_weight=6484 5028 3965 1456 1045 1063
internal_count=6484 5028 3965 1456 1045 1063
is_linear=0
shrinkage=0.127801


Tree=72
num_leaves=8
num_cat=0
split_feature=3 1 1 4 4 1 4
split_gain=0.512618 0.446824 0.304012 0.242847 0.272181 0.115801 0.108696
threshold=-0.15751836103605973 -0.82448974775874995 0.094094315487560518 0.70586364342253061 0.079408331421040215 -0.25638596679598147 -1.4867299485826846
decision_type=2 2 2 2 2 2 2
left_child=3 6 -3 4 -1 -5 -2
right_child=1 2 -4 5 -6 -7 -8
leaf_value=-0.00023063636994472106 0.0036126072598665743 0.012631751214243292 0.00061221794366742531 0.0029718148670650705 -0.01245159078024272 -0.0016922976600213589 -0.0092828810115147473
leaf_weight=1239 90 1187 1358 665 787 668 490
leaf_count=1239 90 1187 1358 665 787 668 490
internal_value=0.000397383 0.00164377 0.00246808 -0.000527115 -0.00152026 0.000389412 -0.000605932
internal_weight=6484 3125 2545 3359 2026 1333 580
internal_count=6484 3125 2545 3359 2026 1333 580
is_linear=0
shrinkage=0.127801


Tree=73
num_leaves=7
num_cat=0
split_feature=3 3 0 2 0 60
split_gain=0.343431 0.170379 0.224282 0.167917 0.127986 0.0905323
threshold=1.8767378507935215 -0.76258650120844995 1.0077664987866524 0.72131625555267831 2.1805217932140688 1.0000000180025095e-35
decision_type=2 2 2 2 2 2
left_child=1 3 -3 -1 5 -2
right_child=4 2 -4 -5 -6 -7
leaf_value=-0.0028163460821596497 0.018275914876095922 0.0016231996323282951 -0.0016137222655882566 0.00083357754882601193 -0.010608813533667962 -0.00077861006357564182
leaf_weight=749 263 4096 956 389 4.9999999999999991 26
leaf_count=749 263 4096 956 389 5 26
internal_value=0.000436761 9.86375e-05 0.000530077 -0.00111431 0.00474906 0.00547707
internal_weight=6484 6190 5052 1138 294 289
internal_count=6484 6190 5052 1138 294 289
is_linear=0
shrinkage=0.127801


Tree=74
num_leaves=8
num_cat=0
split_feature=3 0 0 6 3 138 3
split_gain=0.243197 0.290547 0.483472 0.227614 0.658656 0.113187 0.0356615
threshold=-0.15751836103605973 -0.6539773439409734 1.3797025681349198 1.0000000180025095e-35 -0.45486316748441274 1.0000000180025095e-35 0.10116643131036947
decision_type=2 2 2 2 2 2 2
left_child=3 6 -3 5 -5 -1 -2
right_child=1 2 -4 4 -6 -7 -8
leaf_value=0.0010442003854345882 0.0019469306973803591 0.0065993908706394157 -0.002095200579605327 -0.018725927413017152 0.0014290684077154421 -0.0023524470380542656 -0.0020566170922260963
leaf_weight=1658 252 2013 394 294 433 974 466
leaf_count=1658 252 2013 394 294 433 974 466
internal_value=0.000377694 0.00123571 0.00198445 -0.000185394 -0.00227811 9.60257e-05 -0.00017326
internal_weight=6484 3125 2407 3359 727 2632 718
internal_count=6484 3125 2407 3359 727 2632 718
is_linear=0
shrinkage=0.127801


Tree=75
num_leaves=8
num_cat=0
split_feature=3 1 4 138 4 3 4
split_gain=0.338352 0.418414 0.186038 0.179045 0.124871 0.116148 0.100508
threshold=0.31379650887095017 0.66629668367237394 0.95644576822312655 1.0000000180025095e-35 -1.8626031357835788 -0.9253347820502732 -0.73498357418089677
decision_type=2 2 2 2 2 2 2
left_child=2 4 3 -1 -2 -4 -3
right_child=1 6 5 -5 -6 -7 -8
leaf_value=2.7530697595679575e-05 -0.0014249389994366371 0.0024225272100646374 -0.015910814830066414 -0.0044647469723941048 0.0079438520464105902 0.0040747027874841989 -0.010247743754841806
leaf_weight=2638 91 209 145 1350 1008 850 193
leaf_count=2638 91 209 145 1350 1008 850 193
internal_value=0.000318626 0.00202412 -3.79767e-05 -0.000575283 0.00343011 0.00131161 0
internal_weight=6484 1501 4983 3988 1099 995 402
internal_count=6484 1501 4983 3988 1099 995 402
is_linear=0
shrinkage=0.127801


Tree=76
num_leaves=8
num_cat=0
split_feature=36 1 2 68 2 4 2
split_gain=0.175887 0.111861 0.321342 0.26666 0.106923 0.169606 0.00142355
threshold=1.0000000180025095e-35 -0.80413631609507108 -0.26073405436933023 1.0000000180025095e-35 1.2123414105136825 0.95644576822312655 1.7033665654746868
decision_type=2 2 2 2 2 2 2
left_child=1 2 -1 -3 5 -2 -6
right_child=4 3 -4 -5 6 -7 -8
leaf_value=-0.0047560064796066011 -0.0061025009504910499 0.0015726021845824769 0.002936694715096006 -0.0019183140079467647 0.017098189976048568 0.0031719694840291702 -0.022593185564901044
leaf_weight=529 629 3841 591 597 96 141 60
leaf_count=529 629 3841 591 597 96 141 60
internal_value=0.00023987 0.000610486 0 0.000936823 -0.00112094 -0.00193819 0
internal_weight=6484 5558 1120 4438 926 770 156
internal_count=6484 5558 1120 4438 926 770 156
is_linear=0
shrinkage=0.127801


Tree=77
num_leaves=7
num_cat=0
split_feature=3 4 0 3 0 0
split_gain=0.226994 0.203888 0.278253 0.183624 0.145782 0.0839304
threshold=2.0634216101648915 0.70586364342253061 -1.3408617244842922 -0.72515893722051372 -0.6539773439409734 1.7608531404513019
decision_type=2 2 2 2 2 2
left_child=1 3 -3 -1 -2 -6
right_child=4 2 -4 -5 5 -7
leaf_value=-0.0019661675974632625 -0.0014203020311227279 -0.015590728083181087 0.0031893137839837291 7.0453388535438507e-05 0.029124017438149012 -0.0042379525174384286
leaf_weight=835 51 173 1755 3477 178 14.999999999999998
leaf_count=835 51 173 1755 3477 178 15
internal_value=0.000318626 3.64734e-05 0.00122738 -0.000313154 0.00416744 0.00580574
internal_weight=6484 6240 1928 4312 244 193
internal_count=6484 6240 1928 4312 244 193
is_linear=0
shrinkage=0.127801


Tree=78
num_leaves=8
num_cat=0
split_feature=6 0 0 1 4 4 1
split_gain=0.21025 0.197568 0.390883 0.143435 0.0699774 0.0367331 0.0358163
threshold=1.0716505901537572 1.0566920535965036 -0.76856706754846105 0.52452983285067767 0.079408331421040215 0.45528151862193439 -1.8663332260114618
decision_type=2 2 2 2 2 2 2
left_child=1 2 -1 -3 6 -6 -2
right_child=4 3 -4 -5 5 -7 -8
leaf_value=-0.0017140995704597701 -0.0024655970461910856 -0.0027708246005278569 0.0016568201812901678 0.0017115881908676485 -0.015930198770924737 0.011307652861759587 0.021645993327479695
leaf_weight=1478 7.9999999999999991 752 3600 239 72 189 146
leaf_count=1478 8 752 3600 239 72 189 146
internal_value=0.000318626 0 0.000441914 -0.00149616 0.00311456 0 0.00570385
internal_weight=6484 6069 5078 991 415 261 154
internal_count=6484 6069 5078 991 415 261 154
is_linear=0
shrinkage=0.127801


Tree=79
num_leaves=8
num_cat=0
split_feature=2 4 1 0 1 1 4
split_gain=0.212209 0.270937 0.443854 0.296097 0.228438 0.279016 0.27897
threshold=0.72131625555267831 -0.10852826217940668 -0.30259158538577674 -1.1571243031427116 -0.85949422355106309 -0.49116765371505366 0.76850917462267954
decision_type=2 2 2 2 2 2 2
left_child=4 3 -3 -2 6 -6 -1
right_child=1 2 -4 -5 5 -7 -8
leaf_value=-0.0047855537343775793 -0.0016235158598406545 0.0071453559895550472 -0.0071329190619390994 0.0075857393755022857 0.0074171025960378415 -0.00026400051510397479 0.0059870771498344256
leaf_weight=585 105 510 632 688 725 3049 190
leaf_count=585 105 510 632 688 725 3049 190
internal_value=0.00023987 0.00140065 0 0.0032085 -8.08666e-05 0.000141385 -0.00217096
internal_weight=6484 1935 1142 793 4549 3774 775
internal_count=6484 1935 1142 793 4549 3774 775
is_linear=0
shrinkage=0.127801


Tree=80
num_leaves=8
num_cat=0
split_feature=3 6 4 4 5 3 3
split_gain=0.202392 0.518094 0.687825 0.238085 0.122719 0.182532 0.117346
threshold=-0.35853746120696844 1.0000000180025095e-35 0.89380023702297762 -1.1735022925819398 1.0000000180025095e-35 -0.26694695799905527 -0.083376756810390584
decision_type=2 2 2 2 2 2 2
left_child=1 3 -3 -1 6 -6 -2
right_child=4 2 -4 -5 5 -7 -8
leaf_value=-0.0014287832294199313 -0.0095794332688369371 -0.048539153513742377 0.0013249171524098741 0.0013497403807065651 0.010942455604933765 0.00080855864377270487 0.0036636563113484335
leaf_weight=264 299 235 147 1798 309 3108 324
leaf_count=264 299 235 147 1798 309 3108 324
internal_value=0.000279248 -0.00043711 -0.00479175 0 0.000908953 0.00124977 0
internal_weight=6484 2444 382 2062 4040 3417 623
internal_count=6484 2444 382 2062 4040 3417 623
is_linear=0
shrinkage=0.127801


Tree=81
num_leaves=7
num_cat=0
split_feature=3 0 4 0 0 0
split_gain=0.178825 0.12116 0.0918587 0.176915 0.163882 0.0715597
threshold=2.0634216101648915 -0.6539773439409734 0.70586364342253061 -0.076190589987997839 -1.3408617244842922 1.7608531404513019
decision_type=2 2 2 2 2 2
left_child=2 -2 3 -1 -4 -3
right_child=1 5 4 -5 -6 -7
leaf_value=-0.0015463336897571457 -0.0015201244538241268 0.024272724773994607 -0.01402096712071846 0.0010046196231442242 0.0027391025832184833 -0.0034118178295039965
leaf_weight=2118 51 178 173 2194 1755 14.999999999999998
leaf_count=2118 51 178 173 2194 1755 15
internal_value=0.000259559 0.00365814 0 -0.00019479 0.000831085 0.00516654
internal_weight=6484 244 6240 4312 1928 193
internal_count=6484 244 6240 4312 1928 193
is_linear=0
shrinkage=0.127801


Tree=82
num_leaves=8
num_cat=0
split_feature=2 2 3 2 3 4 6
split_gain=0.194404 0.147877 0.28903 0.115376 0.234991 0.190126 0.00189819
threshold=0.72131625555267831 1.7033665654746868 -0.29801767403063489 -0.75175920933033435 -0.9253347820502732 -0.23381932457970475 1.0000000180025095e-35
decision_type=2 2 2 2 2 2 2
left_child=3 2 -2 5 -5 -1 -3
right_child=1 6 -4 4 -6 -7 -8
leaf_value=-0.0010609604943820595 -0.0001496047795524345 0.0045856238277550915 0.0065936109504875487 -0.010954288442608427 -0.00028006685445635396 0.0022006596474983021 -0.020873832113892866
leaf_weight=970 675 171 917 195 1856 1528 172
leaf_count=970 675 171 917 195 1856 1528 172
internal_value=0.000220181 0.00133483 0.00191692 -8.08666e-05 -0.000911824 0.000284833 0
internal_weight=6484 1935 1592 4549 2051 2498 343
internal_count=6484 1935 1592 4549 2051 2498 343
is_linear=0
shrinkage=0.127801


Tree=83
num_leaves=7
num_cat=0
split_feature=6 0 0 4 4 60
split_gain=0.154646 0.18757 0.249549 0.0825275 0.0379465 0.0307053
threshold=1.0716505901537572 1.0566920535965036 -0.20590805002461762 1.2070278930237228 1.2070278930237228 1.0000000180025095e-35
decision_type=2 2 2 2 2 2
left_child=1 2 -1 -3 5 -2
right_child=4 3 -4 -5 -6 -7
leaf_value=-0.00046828549324026496 0.0085632274904198485 -0.001815820322686415 0.0034840933838126264 0.015986928883757943 -0.0067890386476614027 -0.0024576935175502968
leaf_weight=2896 342 964 2182 27 46 27
leaf_count=2896 342 964 2182 27 46 27
internal_value=0.000141424 0 0.000291114 -0.00162422 0.00250878 0.00295174
internal_weight=6484 6069 5078 991 415 369
internal_count=6484 6069 5078 991 415 369
is_linear=0
shrinkage=0.127801


Tree=84
num_leaves=6
num_cat=0
split_feature=3 36 0 3 4
split_gain=0.10859 0.0486944 0.140196 0.128724 0.0376947
threshold=2.769291196502365 1.0000000180025095e-35 -0.13002341373678422 0.085079714033058862 0.83115470582282858
decision_type=2 2 2 2 2
left_child=1 2 -1 -3 -2
right_child=4 3 -4 -5 -6
leaf_value=-0.00049035338256567208 0.03980721089827613 -0.0058576593732060827 0.0012952974610487514 0.0032693418774289327 -0.21586373263077757
leaf_weight=2730 115 662 2716 256 4.9999999999999991
leaf_count=2730 115 662 2716 256 5
internal_value=0.000102046 0 0.000173032 -0.000826659 0.0038085
internal_weight=6484 6364 5446 918 120
internal_count=6484 6364 5446 918 120
is_linear=0
shrinkage=0.127801


Tree=85
num_leaves=7
num_cat=0
split_feature=1 1 1 118 4 4
split_gain=0.137562 0.289207 0.256191 0.125788 0.12333 0.084695
threshold=-1.0398142558938177 -0.30259158538577674 -0.16576194002522873 1.0000000180025095e-35 0.079408331421040215 1.0190912994232757
decision_type=2 2 2 2 2 2
left_child=4 3 -3 -2 -1 -6
right_child=1 2 -4 -5 5 -7
leaf_value=0.00036475251021136744 0.0041360396057264709 -0.0033042875586524528 0.00042094507771100499 -0.0068799108231372133 -0.011240295441779201 0.0023470244435710454
leaf_weight=368 1951 379 3405 72 261 48
leaf_count=368 1951 379 3405 72 261 48
internal_value=0.000141424 0.00045025 -1.29047e-05 0.00170508 -0.0013235 -0.00318869
internal_weight=6484 5807 3784 2023 677 309
internal_count=6484 5807 3784 2023 677 309
is_linear=0
shrinkage=0.127801


Tree=86
num_leaves=8
num_cat=0
split_feature=2 2 0 0 1 68 6
split_gain=0.129825 0.157692 0.103007 0.323666 0.305813 0.096042 0.00189819
threshold=1.2123414105136825 1.7033665654746868 0.79023711576145061 -0.15148680434020859 0.015284414518156552 1.0000000180025095e-35 1.0000000180025095e-35
decision_type=2 2 2 2 2 2 2
left_child=2 5 3 -1 -4 -2 -3
right_child=1 6 4 -5 -6 -7 -8
leaf_value=-0.00081608594358995566 0.0053917175781661364 0.0039265558047639378 -0.0041230552373660943 0.0038131673977631489 0.00064592544744852245 -0.00023192620798295221 -0.018660257112153748
leaf_weight=2632 687 171 575 1536 635 76 172
leaf_count=2632 687 171 575 1536 635 76 172
internal_value=0.000141424 0.00142194 0 0.000170898 -0.00113239 0.00250358 0
internal_weight=6484 1106 5378 4168 1210 763 343
internal_count=6484 1106 5378 4168 1210 763 343
is_linear=0
shrinkage=0.127801


Tree=87
num_leaves=7
num_cat=0
split_feature=1 1 2 1 1 5
split_gain=0.0722904 0.252655 0.152178 0.119729 0.0744542 0.0443136
threshold=-1.0398142558938177 -0.30259158538577674 -0.26073405436933023 -0.16576194002522873 -1.6703466142058485 1.2385409522607602
decision_type=2 2 2 2 2 2
left_child=4 2 -2 -3 -1 -6
right_child=1 3 -4 -5 5 -7
leaf_value=0.00036218459420702575 0.00027656868911843076 -0.0027776990437700425 0.007098236976064003 0.000198875003126555 -0.0077003323552975733 0.014429556035654129
leaf_weight=286 976 379 1047 3405 380 10.999999999999998
leaf_count=286 976 379 1047 3405 380 11
internal_value=6.26672e-05 0.000318359 0.00151621 -0.000114042 -0.000949775 -0.00214623
internal_weight=6484 5807 2023 3784 677 391
internal_count=6484 5807 2023 3784 677 391
is_linear=0
shrinkage=0.127801


Tree=88
num_leaves=7
num_cat=0
split_feature=0 0 3 4 3 4
split_gain=0.184823 0.25979 0.25983 0.0913525 0.127651 0.06674
threshold=2.2103719082872786 -0.82781343263208784 0.51942108052044389 0.45528151862193439 -0.72515893722051372 0.95644576822312655
decision_type=2 2 2 2 2 2
left_child=1 5 -3 4 -2 -1
right_child=3 2 -4 -5 -6 -7
leaf_value=-0.0017715980333379742 0.016553968938891467 0.00040894611803277576 0.0069745405649254523 0.0040864093254819626 -0.015482660512522999 0.0015310768893357625
leaf_weight=1129 9.9999999999999982 3979 933 27 104 302
leaf_count=1129 10 3979 933 27 104 302
internal_value=0.000102046 0.000323689 0.000856941 -0.00404537 -0.00568823 -0.000949466
internal_weight=6484 6343 4912 141 114 1431
internal_count=6484 6343 4912 141 114 1431
is_linear=0
shrinkage=0.127801


Tree=89
num_leaves=7
num_cat=0
split_feature=138 4 124 4 25 4
split_gain=0.0518319 0.125721 0.112911 0.0806871 0.0849858 0.0461403
threshold=1.0000000180025095e-35 0.95644576822312655 1.0000000180025095e-35 -0.23381932457970475 1.0000000180025095e-35 -1.737312073383281
decision_type=2 2 2 2 2 2
left_child=3 2 -2 5 -5 -1
right_child=1 -3 -4 4 -6 -7
leaf_value=0.0026387554951608798 -0.0047640884256362559 0.0012966982305518122 0.0022646575066252931 0.0028437965766154516 -0.0089130523529017697 -0.00052673866068848982
leaf_weight=419 1131 936 347 1530 176 1945
leaf_count=419 1131 936 347 1530 176 1945
internal_value=2.32889e-05 -0.000284157 -0.00120343 0.000400707 0.00107309 0
internal_weight=6484 2414 1478 4070 1706 2364
internal_count=6484 2414 1478 4070 1706 2364
is_linear=0
shrinkage=0.127801


Tree=90
num_leaves=7
num_cat=0
split_feature=0 3 0 124 60 0
split_gain=0.0914332 0.127755 0.164627 0.0716186 0.0601023 0.0597779
threshold=-0.82781343263208784 1.1626951742264466 1.3019153766015179 1.0000000180025095e-35 1.0000000180025095e-35 -1.7269865369198751
decision_type=2 2 2 2 2 2
left_child=4 3 -3 -2 5 -1
right_child=1 2 -4 -5 -6 -7
leaf_value=0.0060953698704529239 -0.00015274933370804287 0.016009123763200427 -0.0025666294230093111 0.002101103165935939 0.0047775425714505172 -0.0018209059227174253
leaf_weight=66 3885 377 98 693 157 1208
leaf_count=66 3885 377 98 693 157 1208
internal_value=4.29781e-05 0.000406211 0.00246163 1.62456e-05 -0.000682832 -0.00113568
internal_weight=6484 5053 475 4578 1431 1274
internal_count=6484 5053 475 4578 1431 1274
is_linear=0
shrinkage=0.127801


Tree=91
num_leaves=8
num_cat=0
split_feature=0 1 1 1 0 0 0
split_gain=0.0802388 0.394403 0.333336 0.297511 0.223369 0.0594246 0.0287016
threshold=-0.82781343263208784 1.6575186263596315 1.3725747982600358 -0.63884527197159346 1.0077664987866524 0.19616531039156029 -1.4391657068047699
decision_type=2 2 2 2 2 2 2
left_child=2 4 3 -1 -2 -3 -4
right_child=1 5 6 -5 -6 -7 -8
leaf_value=0.0011665208736881267 0.001902667123133277 -0.017487888155956199 -0.0016014073619883252 -0.0049957701469703769 -0.00052163775836505579 0.0042645827073906576 0.0031331342702368447
leaf_weight=334 3779 129 130 557 1140 4.9999999999999991 410
leaf_count=334 3779 129 130 557 1140 5 410
internal_value=3.59972e-06 0.000355696 -0.000682832 -0.00251674 0.000692273 -0.00578783 0.000883914
internal_weight=6484 5053 1431 891 4919 134 540
internal_count=6484 5053 1431 891 4919 134 540
is_linear=0
shrinkage=0.127801


Tree=92
num_leaves=7
num_cat=0
split_feature=1 1 1 1 68 1
split_gain=0.0885831 0.175696 0.144175 0.0694083 0.0503403 0.0417924
threshold=-1.0398142558938177 -0.28000654168418865 -0.16576194002522873 -0.80413631609507108 1.0000000180025095e-35 -1.9283921712633127
decision_type=2 2 2 2 2 2
left_child=4 3 -3 -2 5 -1
right_child=1 2 -4 -5 -6 -7
leaf_value=0.0044975818716659925 0.0011810089800250788 -0.0046920460716674585 0.00035681992290318484 0.0039228301593243163 0.0035636338512905924 -0.0025490436203163937
leaf_weight=61 631 329 3405 1442 82 534
leaf_count=61 631 329 3405 1442 82 534
internal_value=0.000141424 0.000406287 0 0.00135687 -0.000949775 -0.00154625
internal_weight=6484 5807 3734 2073 677 595
internal_count=6484 5807 3734 2073 677 595
is_linear=0
shrinkage=0.127801


Tree=93
num_leaves=8
num_cat=0
split_feature=0 1 4 1 1 2 83
split_gain=0.099942 0.252059 0.204613 0.190933 0.239299 0.0474065 0.0323838
threshold=-0.7596162047716718 1.3725747982600358 0.83115470582282858 1.7491799355876447 -1.0398142558938177 -0.26073405436933023 1.0000000180025095e-35
decision_type=2 2 2 2 2 2 2
left_child=1 2 -1 4 -2 -3 -5
right_child=3 5 -4 6 -6 -7 -8
leaf_value=-0.003274073415738812 -0.0010437385139837232 -0.00015532019063347095 0.0010786810712309174 -0.016185197942939964 0.0016073612502242791 0.0062722314849346251 0.0015015243703346973
leaf_weight=692 674 273 333 74 4143 283 11.999999999999998
leaf_count=692 674 273 333 74 4143 283 12
internal_value=2.32889e-05 -0.000698813 -0.0021404 0.000418621 0.000675119 0.000540956 -0.0043767
internal_weight=6484 1581 1025 4903 4817 556 86
internal_count=6484 1581 1025 4903 4817 556 86
is_linear=0
shrinkage=0.127801


Tree=94
num_leaves=8
num_cat=0
split_feature=2 2 25 0 1 1 4
split_gain=0.119445 0.105093 0.167229 0.0943019 0.183746 0.126095 0.00385756
threshold=0.72131625555267831 1.7033665654746868 1.0000000180025095e-35 1.3573957346965324 -0.22760070189447443 -0.85949422355106309 -1.2987933549822379
decision_type=2 2 2 2 2 2 2
left_child=3 2 -2 5 -5 -1 -3
right_child=1 6 -4 4 -6 -7 -8
leaf_value=-0.002323136933458638 0.0020568165420347174 0.015343304291691945 -0.016959243785534078 -0.015514207600159166 -0.00037166318225895976 0.00098626480348166742 -0.0131034861982046
leaf_weight=766 1495 46 97 71 436 3276 297
leaf_count=766 1495 46 97 71 436 3276 297
internal_value=0.000102046 0.00100578 0.00151727 -0.000108918 -0.00176128 0 0
internal_weight=6484 1935 1592 4549 507 4042 343
internal_count=6484 1935 1592 4549 507 4042 343
is_linear=0
shrinkage=0.127801


Tree=95
num_leaves=8
num_cat=0
split_feature=0 1 1 1 3 3 1
split_gain=0.17109 0.271962 0.506231 0.238392 0.148562 0.143596 0.0185904
threshold=-0.76856706754846105 -0.38708337258668596 -0.81887172178867396 1.3725747982600358 -1.0312606260577253 -0.34206154915681986 1.9936105131749045
decision_type=2 2 2 2 2 2 2
left_child=3 2 -2 4 -1 -3 -5
right_child=1 5 -4 6 -6 -7 -8
leaf_value=0.0061023442576178056 -0.00016090157054891521 -0.0026382077145319354 0.0098598777653470006 0.0056310007280031393 -0.0023526856432102127 0.0011904999118267381 -0.0003758793542474175
leaf_weight=71 1042 1125 872 245 932 1889 308
leaf_count=71 1042 1125 872 245 932 1889 308
internal_value=0.000141424 0.000610729 0.00180849 -0.000832645 -0.00221233 0 0.000247141
internal_weight=6484 4928 1914 1556 1003 3014 553
internal_count=6484 4928 1914 1556 1003 3014 553
is_linear=0
shrinkage=0.127801


Tree=96
num_leaves=8
num_cat=0
split_feature=2 2 118 36 3 3 5
split_gain=0.118508 0.157692 0.107121 0.0322242 0.0891992 0.0595139 0.000694694
threshold=1.2123414105136825 1.7033665654746868 1.0000000180025095e-35 1.0000000180025095e-35 0.16700521371549124 0.085079714033058862 1.0000000180025095e-35
decision_type=2 2 2 2 2 2 2
left_child=3 2 -2 4 -1 -5 -3
right_child=1 6 -4 5 -6 -7 -8
leaf_value=0.00078119319128992424 0.003989281461997625 0.0046452685246108063 -0.0035000023595107531 -0.0062590112517797091 -0.00083407124413702486 0.0023409023593212396 -0.01636603429140529
leaf_weight=3254 735 139 28 557 1354 213 204
leaf_count=3254 735 139 28 557 1354 213 204
internal_value=0.000220181 0.00142194 0.00250358 0 9.92188e-05 -0.000786738 0
internal_weight=6484 1106 763 5378 4608 770 343
internal_count=6484 1106 763 5378 4608 770 343
is_linear=0
shrinkage=0.127801


Tree=97
num_leaves=8
num_cat=0
split_feature=0 1 1 1 0 6 2
split_gain=0.114868 0.180868 0.263345 0.165003 0.210339 0.0569703 0.023351
threshold=-0.82781343263208784 1.3462262065104729 -0.63884527197159346 1.7821986246198369 1.0077664987866524 3.3398348325421883 -0.26073405436933023
decision_type=2 2 2 2 2 2 2
left_child=1 2 -1 4 -2 -5 -3
right_child=3 6 -4 5 -6 -7 -8
leaf_value=0.0014628657943445234 0.0016260013740235196 -0.00069901983767771902 -0.0045315597177214796 -0.020758678733523401 -0.00049415814009268742 0.0063062130687046945 0.0045938758404014722
leaf_weight=334 3849 266 553 58 1140 5.9999999999999991 278
leaf_count=334 3849 266 553 58 1140 6 278
internal_value=0.000121735 -0.000682832 -0.00201333 0.000507241 0.000733736 -0.00429278 4.24054e-05
internal_weight=6484 1431 887 5053 4989 64 544
internal_count=6484 1431 887 5053 4989 64 544
is_linear=0
shrinkage=0.127801


Tree=98
num_leaves=7
num_cat=0
split_feature=0 3 0 0 6 6
split_gain=0.0785878 0.118563 0.187661 0.118124 0.105581 0.111822
threshold=2.2103719082872786 -0.84418767191351718 -0.66747595991026942 0.36453432643582395 1.0000000180025095e-35 1.0716505901537572
decision_type=2 2 2 2 2 2
left_child=1 3 -3 -1 -2 -6
right_child=4 2 -4 -5 5 -7
leaf_value=-0.0024731225485482636 0.0019122042679530218 -0.00031202138823429855 0.001699790029581875 0.0027453935012491659 -0.019271705318639816 0.012960437925911695
leaf_weight=687 60 1502 3973 181 72 8.9999999999999982
leaf_count=687 60 1502 3973 181 72 9
internal_value=0.000121735 0.000303562 0.000612735 -0.000727831 -0.00231761 -0.0053522
internal_weight=6484 6343 5475 868 141 81
internal_count=6484 6343 5475 868 141 81
is_linear=0
shrinkage=0.127801


Tree=99
num_leaves=7
num_cat=0
split_feature=4 1 3 3 3 1
split_gain=0.125586 0.0743372 0.283158 0.164053 0.0656233 0.0760021
threshold=-1.737312073383281 0.79250558932359938 0.3516132676317244 0.17829186212779788 0.93605408484369257 -1.4820958913536872
decision_type=2 2 2 2 2 2
left_child=4 2 -2 -3 5 -1
right_child=1 3 -4 -5 -6 -7
leaf_value=-0.01643539207149983 -0.00019702248655898758 0.00026583585332524642 0.0046246032221271003 -0.0033010698646923297 -6.775248367153289e-05 0.0038371102783454078
leaf_weight=19 3974 752 963 376 106 294
leaf_count=19 3974 752 963 376 106 294
internal_value=0.000180802 0 0.000245132 -0.000898913 0.00230519 0.00322872
internal_weight=6484 6065 4937 1128 419 313
internal_count=6484 6065 4937 1128 419 313
is_linear=0
shrinkage=0.127801


Tree=100
num_leaves=7
num_cat=0
split_feature=3 0 0 3 3 3
split_gain=0.104704 0.106744 0.170826 0.0563414 0.208557 0.168859
threshold=1.1626951742264466 1.3019153766015179 -0.86867626891839766 -0.26694695799905527 -0.15751836103605973 -0.35853746120696844
decision_type=2 2 2 2 2 2
left_child=3 2 -2 5 -5 -1
right_child=1 -3 -4 4 -6 -7
leaf_value=2.3315112563678081e-05 -0.0010469462648066165 -0.002578825986754026 0.013214988044852575 -0.01013330167850017 0.00012121702003463057 0.0043746851886861124
leaf_weight=2444 89 98 386 480 2552 435
leaf_count=2444 89 98 386 480 2552 435
internal_value=0.000141424 0.00178121 0.00272681 0 -0.000403 0.00038451
internal_weight=6484 573 475 5911 3032 2879
internal_count=6484 573 475 5911 3032 2879
is_linear=0
shrinkage=0.127801


Tree=101
num_leaves=8
num_cat=0
split_feature=2 2 4 0 4 0 3
split_gain=0.0829056 0.134165 0.288879 0.20087 0.123112 0.2309 0.00713509
threshold=0.72131625555267831 -0.75175920933033435 0.70586364342253061 0.79023711576145061 -0.10852826217940668 -1.1571243031427116 0.093058206876241154
decision_type=2 2 2 2 2 2 2
left_child=1 3 -3 -1 5 -2 -6
right_child=4 2 -4 -5 6 -7 -8
leaf_value=0.0015823604121737932 -0.00050198582648858367 -0.0026928073219714753 0.003092415107303295 -0.0017408724279103802 0.0011522132579789084 0.00499481340257848 -0.010136865056537823
leaf_weight=1936 105 1433 618 562 866 688 276
leaf_count=1936 105 1433 618 562 866 688 276
internal_value=0.000141424 0 -0.000911824 0.000437892 0.000874157 0.00209016 0
internal_weight=6484 4549 2051 2498 1935 793 1142
internal_count=6484 4549 2051 2498 1935 793 1142
is_linear=0
shrinkage=0.127801


Tree=102
num_leaves=7
num_cat=0
split_feature=0 0 25 68 60 6
split_gain=0.0877127 0.0811057 0.0778247 0.0652697 0.0496963 0.0121659
threshold=-1.2181493278550541 1.0077664987866524 1.0000000180025095e-35 1.0000000180025095e-35 1.0000000180025095e-35 1.0716505901537572
decision_type=2 2 2 2 2 2
left_child=3 2 -2 4 -1 -3
right_child=1 5 -4 -5 -6 -7
leaf_value=-0.002600136544373043 0.0008589489050059415 -0.0013502675428246531 -0.0033090444324316115 0.0069203490456144247 0.0035051537801200714 0.012168273243932382
leaf_weight=537 4381 1061 266 79 81 79
leaf_count=537 4381 1061 266 79 81 79
internal_value=0.000141424 0.000407689 0.00069978 -0.00092279 -0.0016325 -8.72258e-05
internal_weight=6484 5787 4647 697 618 1140
internal_count=6484 5787 4647 697 618 1140
is_linear=0
shrinkage=0.127801


Tree=103
num_leaves=7
num_cat=0
split_feature=4 0 1 0 1 4
split_gain=0.0716807 0.198351 0.132866 0.115424 0.404053 0.174029
threshold=-1.737312073383281 0.70652702523622457 -1.4820958913536872 -0.13002341373678422 0.80244311834811366 0.70586364342253061
decision_type=2 2 2 2 2 2
left_child=1 2 -1 5 -5 -2
right_child=3 -3 -4 4 -6 -7
leaf_value=-0.0090912556646316495 -0.0016422975114537039 -0.0016730485526011488 0.0044792948973788778 0.0012420924652526801 -0.013649477390839767 0.0012460192776947603
leaf_weight=10.999999999999998 1897 91 317 3006 96 1066
leaf_count=11 1897 91 317 3006 96 1066
internal_value=0.000102046 0.0017051 0.00365647 0 0.000533693 -0.000580186
internal_weight=6484 419 328 6065 3102 2963
internal_count=6484 419 328 6065 3102 2963
is_linear=0
shrinkage=0.127801


Tree=104
num_leaves=7
num_cat=0
split_feature=2 2 3 0 0 3
split_gain=0.0732139 0.0804271 0.133401 0.0477009 0.141253 0.109338
threshold=1.2123414105136825 1.7033665654746868 -0.29801767403063489 -0.6539773439409734 -1.0689113221927291 -0.84418767191351718
decision_type=2 2 2 2 2 2
left_child=3 2 -2 4 -1 -5
right_child=1 -3 -4 5 -6 -7
leaf_value=0.00028147032393947597 -4.676276704818608e-05 -0.0052860522825460702 0.0067759008865233327 -0.0019103312834844346 -0.0020872591791507222 0.00084595126507347549
leaf_weight=830 304 343 459 491 639 3418
leaf_count=830 304 343 459 491 639 3418
internal_value=0.000121735 0.00107745 0.00183962 0 -0.000682569 0.000152829
internal_weight=6484 1106 763 5378 1469 3909
internal_count=6484 1106 763 5378 1469 3909
is_linear=0
shrinkage=0.127801


Tree=105
num_leaves=8
num_cat=0
split_feature=0 0 4 0 4 0 4
split_gain=0.0873567 0.116898 0.100472 0.0926391 0.204185 0.0321001 0.0271471
threshold=-0.86867626891839766 -0.9808819955897311 1.2070278930237228 1.0077664987866524 -1.4867299485826846 -1.1865334424419431 0.079408331421040215
decision_type=2 2 2 2 2 2 2
left_child=1 5 -3 4 -2 -1 -5
right_child=3 2 -4 6 -6 -7 -8
leaf_value=-0.00089759275699076392 0.0033453929202653344 -0.0082062789117880973 0.023392335925809651 0.00057218287328531154 0.00033049355155720313 0.0027600325209884225 -0.0028326726883913856
leaf_weight=751 389 163 12.999999999999998 630 3601 427 510
leaf_count=751 389 163 13 630 3601 427 510
internal_value=0.000102046 -0.000599387 -0.00362071 0.000442416 0.000792425 0 -8.72258e-05
internal_weight=6484 1354 176 5130 3990 1178 1140
internal_count=6484 1354 176 5130 3990 1178 1140
is_linear=0
shrinkage=0.127801


Tree=106
num_leaves=7
num_cat=0
split_feature=3 1 0 3 1 1
split_gain=0.134303 0.193976 0.119567 0.0629771 0.307036 0.159688
threshold=1.1626951742264466 0.63176488856442348 -1.1648334475494073 -0.26694695799905527 -0.82448974775874995 -0.63186457843550825
decision_type=2 2 2 2 2 2
left_child=3 2 -2 5 -5 -1
right_child=1 -3 -4 4 -6 -7
leaf_value=0.0028737557681657957 -0.0096069934640248128 -0.0014620015461283746 0.0096824614020693776 -0.0063105059123141332 0.00034599207209074433 -6.1385961135436426e-05
leaf_weight=805 12.999999999999998 174 386 603 2429 2074
leaf_count=805 13 174 386 603 2429 2074
internal_value=0.000141424 0.00200158 0.00367808 0 -0.000445054 0.00038451
internal_weight=6484 573 399 5911 3032 2879
internal_count=6484 573 399 5911 3032 2879
is_linear=0
shrinkage=0.127801


Tree=107
num_leaves=8
num_cat=0
split_feature=138 0 4 4 4 4 0
split_gain=0.0541904 0.170272 0.167365 0.104147 0.0625274 0.0415535 0.0241301
threshold=1.0000000180025095e-35 -0.08647085047120194 -1.361438886182387 -1.1108567613817908 0.76850917462267954 -0.10852826217940668 0.54102043365058983
decision_type=2 2 2 2 2 2 2
left_child=1 3 -3 -1 5 -2 -6
right_child=4 2 -4 -5 6 -7 -8
leaf_value=0.00098348121129447977 0.0017427717329657698 -0.00089666700604403059 0.0028002438286129808 -0.0018988376497819518 0.0014164702410957011 -0.0043380335673440214 -0.0045044970307695411
leaf_weight=726 60 327 1614 1403 1022 1003 329
leaf_count=726 60 327 1614 1403 1022 1003 329
internal_value=0.000102046 0.000463402 0.00137009 0 -0.000178577 -0.00101325 0
internal_weight=6484 4070 1941 2129 2414 1063 1351
internal_count=6484 4070 1941 2129 2414 1063 1351
is_linear=0
shrinkage=0.127801


Tree=108
num_leaves=8
num_cat=0
split_feature=0 1 0 3 1 3 3
split_gain=0.0613687 0.168604 0.584127 0.227913 0.134714 0.131721 0.0150034
threshold=-0.66747595991026942 -0.38708337258668596 1.4064614538375835 -0.35244007643250408 1.3462262065104729 -0.99033030911424569 -0.9253347820502732
decision_type=2 2 2 2 2 2 2
left_child=4 2 -2 -3 5 -1 -6
right_child=1 3 -4 -5 6 -7 -8
leaf_value=0.0055970382274097997 0.0034373881538615355 -0.0024250549399870329 -0.028465997906324952 0.0012967316292307011 -0.0044175497904252728 -0.0017154607873772604 0.0020399723031376575
leaf_weight=102 1835 1020 40 1831 34 1066 556
leaf_count=102 1835 1020 40 1831 34 1066 556
internal_value=8.23564e-05 0.000415375 0.00137739 0 -0.00036081 -0.00141217 0.000381688
internal_weight=6484 4726 1875 2851 1758 1168 590
internal_count=6484 4726 1875 2851 1758 1168 590
is_linear=0
shrinkage=0.127801


Tree=109
num_leaves=8
num_cat=0
split_feature=1 1 0 0 0 6 1
split_gain=0.0495351 0.208607 0.515693 0.107238 0.405196 0.0453369 0.00493446
threshold=-0.8935387524349373 -0.38708337258668596 1.3797025681349198 0.65801001328621511 0.15165945952100487 1.0000000180025095e-35 -1.0611875179989148
decision_type=2 2 2 2 2 2 2
left_child=3 2 -2 4 -1 -3 -5
right_child=1 5 -4 6 -6 -7 -8
leaf_value=0.0005341326565006082 0.0050910747471483867 0.00027855260645890171 -0.017468423646523651 0.0040186518559460361 -0.015170024957491295 -0.00046638642148220965 -0.0013119951521053427
leaf_weight=414 1407 2046 46 151 376 1993 51
leaf_count=414 1407 2046 46 151 376 1993 51
internal_value=0.000102046 0.000348217 0.00167048 -0.000458372 -0.00156882 0 0
internal_weight=6484 5492 1453 992 790 4039 202
internal_count=6484 5492 1453 992 790 4039 202
is_linear=0
shrinkage=0.127801


Tree=110
num_leaves=8
num_cat=0
split_feature=0 1 4 1 1 2 2
split_gain=0.0677258 0.132375 0.240993 0.103295 0.527301 0.107175 0.0138246
threshold=-0.86867626891839766 1.3462262065104729 0.70586364342253061 -0.81887172178867396 -0.38708337258668596 -0.26073405436933023 -0.26073405436933023
decision_type=2 2 2 2 2 2 2
left_child=1 2 -1 5 -5 -2 -3
right_child=3 6 -4 4 -6 -7 -8
leaf_value=-0.003390138087493532 -0.0036447767398743729 -0.00030748359695310495 0.0011535951740725516 0.0084758144608823825 3.1569852437954116e-05 0.001549973875477724 0.0031467979307044838
leaf_weight=498 503 264 320 891 3168 568 272
leaf_count=498 503 264 320 891 3168 568 272
internal_value=0.000141424 -0.000411574 -0.00170148 0.000442416 0.000807266 -0.000199514 9.01077e-05
internal_weight=6484 1354 818 5130 4059 1071 536
internal_count=6484 1354 818 5130 4059 1071 536
is_linear=0
shrinkage=0.127801


Tree=111
num_leaves=7
num_cat=0
split_feature=3 1 4 6 3 0
split_gain=0.0755942 0.115726 0.161259 0.0722174 0.335114 0.158139
threshold=1.614680037082495 0.67683604985478041 -0.29646485577985376 1.0000000180025095e-35 -0.34206154915681986 0.80964905729984371
decision_type=2 2 2 2 2 2
left_child=3 2 -2 5 -5 -1
right_child=1 -3 -4 4 -6 -7
leaf_value=0.00095610749201385434 0.0096235890475612155 -0.00020687316272587867 -0.010218998972753428 -0.0081498997926968131 0.00035272363311071928 -0.0021131106821772692
leaf_weight=2635 212 115 44 406 2409 663
leaf_count=2635 212 115 44 406 2409 663
internal_value=0.000200491 0.00198929 0.0035884 0 -0.000375115 0.000486574
internal_weight=6484 371 256 6113 2815 3298
internal_count=6484 371 256 6113 2815 3298
is_linear=0
shrinkage=0.127801


Tree=112
num_leaves=8
num_cat=0
split_feature=1 1 4 1 3 4 5
split_gain=0.0396259 0.133847 0.0938114 0.0768034 0.0717837 0.139212 2.54005e-05
threshold=-1.0398142558938177 -0.28000654168418865 -0.42175591818015173 -0.10950832748645099 -0.22919506503375392 0.76850917462267954 -1.5273276664610476
decision_type=2 2 2 2 2 2 2
left_child=4 2 -2 -3 6 -6 -1
right_child=1 3 -4 -5 5 -7 -8
leaf_value=-0.035707905591330795 -2.6009971474469277e-05 -0.0049380631712901942 0.0045543784255066885 0.00016470511031927524 -0.0063894480218283072 0.0058198310154598575 0.0022121455011725809
leaf_weight=22 580 487 1493 3247 332 60 263
leaf_count=22 580 487 1493 3247 332 60 263
internal_value=0.000141424 0.000340341 0.00117254 0 -0.000389193 -0.00178847 0
internal_weight=6484 5807 2073 3734 677 392 285
internal_count=6484 5807 2073 3734 677 392 285
is_linear=0
shrinkage=0.127801


Tree=113
num_leaves=8
num_cat=0
split_feature=0 1 0 1 4 1 3
split_gain=0.0871598 0.147427 0.407412 0.113817 0.19293 0.0794019 0.00509903
threshold=-0.86867626891839766 -0.38708337258668596 1.4064614538375835 1.3725747982600358 0.70586364342253061 -0.031428672836123987 -0.25721708867810134
decision_type=2 2 2 2 2 2 2
left_child=3 2 -2 4 -1 -3 -5
right_child=1 5 -4 6 -6 -7 -8
leaf_value=-0.0030531252856846234 0.0032147213487088238 -0.0018555015651975115 -0.02372049883795049 0.0038224192244262619 0.00052283156021854654 0.00057455744094938807 -0.00015311922442324109
leaf_weight=499 1922 932 40 223 323 2236 309
leaf_count=499 1922 932 40 223 323 2236 309
internal_value=0.000161113 0.000492174 0.00136197 -0.00050548 -0.0016316 0 0
internal_weight=6484 5130 1962 1354 822 3168 532
internal_count=6484 5130 1962 1354 822 3168 532
is_linear=0
shrinkage=0.127801


Tree=114
num_leaves=7
num_cat=0
split_feature=79 6 1 1 1 1
split_gain=0.0767569 0.0694367 0.0441146 0.206993 0.0726271 0.0177201
threshold=1.0000000180025095e-35 -1.1965336522346741 -0.28000654168418865 -0.80413631609507108 -0.10950832748645099 1.8714795963188355
decision_type=2 2 2 2 2 2
left_child=2 -2 3 -1 -4 -3
right_child=1 5 4 -5 -6 -7
leaf_value=-0.00052509496016592283 -0.0023348531928901045 0.0033767210509533111 -0.0048274078662126768 0.0031726272909030611 2.0028157162627055e-06 0.010184356566577351
leaf_weight=1270 17 190 464 1392 3143 7.9999999999999991
leaf_count=1270 17 190 464 1392 3143 8
internal_value=0.000121735 0.00246621 0 0.000430139 -0.000250472 0.00348147
internal_weight=6484 215 6269 2662 3607 198
internal_count=6484 215 6269 2662 3607 198
is_linear=0
shrinkage=0.127801


Tree=115
num_leaves=8
num_cat=0
split_feature=0 1 3 0 3 1 1
split_gain=0.0632541 0.11783 0.129673 0.115219 0.334621 0.218378 0.0239347
threshold=-0.66747595991026942 1.2996856366215728 -0.99033030911424569 1.0077664987866524 -0.88719369431213357 0.015284414518156552 1.9936105131749045
decision_type=2 2 2 2 2 2 2
left_child=1 2 -1 4 -2 -5 -3
right_child=3 6 -4 5 -6 -7 -8
leaf_value=0.0040644357726651202 -0.0031273507824137493 0.0031046180279753395 -0.0017003032972190944 -0.0036476896168308199 0.0021107938064341917 0.0013318674820797223 -0.00013599251535518359
leaf_weight=102 437 289 1059 429 3149 711 308
leaf_count=102 437 289 1059 429 3149 711 308
internal_value=4.29781e-05 -0.000433221 -0.00138781 0.000388372 0.000831729 -0.000310082 0.000102168
internal_weight=6484 1758 1161 4726 3586 1140 597
internal_count=6484 1758 1161 4726 3586 1140 597
is_linear=0
shrinkage=0.127801


Tree=116
num_leaves=7
num_cat=0
split_feature=3 4 4 3 4 36
split_gain=0.0443321 0.0545293 0.132098 0.0486457 0.0273605 0.0856495
threshold=1.1626951742264466 -0.42175591818015173 -1.7999576045834298 -0.26694695799905527 -0.73498357418089677 1.0000000180025095e-35
decision_type=2 2 2 2 2 2
left_child=1 2 -1 -3 5 -2
right_child=4 3 -4 -5 -6 -7
leaf_value=0.002405618574790758 0.0065366496872830823 0.00070520885620435798 -0.00075599300210695767 -0.00041914810705135903 3.6374060282130207e-05 -0.0070412503969538099
leaf_weight=297 358 2079 1361 2174 177 38
leaf_count=297 358 2079 1361 2174 177 38
internal_value=2.32889e-05 0 -0.000689522 0.000152488 0.0011201 0.00170728
internal_weight=6484 5911 1658 4253 573 396
internal_count=6484 5911 1658 4253 573 396
is_linear=0
shrinkage=0.127801


Tree=117
num_leaves=7
num_cat=0
split_feature=1 1 1 60 1 5
split_gain=0.0538818 0.0749855 0.0908786 0.0552391 0.0428145 0.0390687
threshold=1.6259211967069411 -1.0398142558938177 -0.28000654168418865 1.0000000180025095e-35 -1.5423236712339634 1.2385409522607602
decision_type=2 2 2 2 2 2
left_child=1 4 -3 5 -1 -2
right_child=3 2 -4 -5 -6 -7
leaf_value=0.00074770660406645018 -0.0024522976009612556 0.0014490720245222783 3.9753814066368552e-05 0.0045645236765823275 -0.0066234756569630154 0.008727683789738365
leaf_weight=390 489 2073 3149 74 287 22
leaf_count=390 489 2073 3149 74 287 22
internal_value=2.32889e-05 0.00025281 0.000512844 -0.000924668 -0.000576054 -0.00164898
internal_weight=6484 5899 5222 585 677 511
internal_count=6484 5899 5222 585 677 511
is_linear=0
shrinkage=0.127801


Tree=118
num_leaves=8
num_cat=0
split_feature=138 1 0 0 0 3 0
split_gain=0.0432453 0.132987 0.572763 0.120531 0.0958759 0.236739 0.0375965
threshold=1.0000000180025095e-35 0.66629668367237394 -0.49421951035027345 -0.7596162047716718 -1.4391657068047699 -0.076825311467614996 -0.10131573741063589
decision_type=2 2 2 2 2 2 2
left_child=1 3 -3 -1 5 -2 -6
right_child=4 2 -4 -5 6 -7 -8
leaf_value=-0.00017913548351618409 -0.046085974921375832 0.0011503118290060598 -0.012492951109514533 0.0016657093755124122 0.0015872871363523783 0.017625570614900717 -0.0011263272205251449
leaf_weight=551 146 508 263 2748 992 38 1238
leaf_count=551 146 508 263 2748 992 38 1238
internal_value=6.26672e-05 0.000400707 -0.000605017 0.000876873 -0.000178577 -0.00293354 0
internal_weight=6484 4070 771 3299 2414 184 2230
internal_count=6484 4070 771 3299 2414 184 2230
is_linear=0
shrinkage=0.127801


Tree=119
num_leaves=8
num_cat=0
split_feature=3 1 1 3 3 2 2
split_gain=0.0624095 0.261589 0.0405255 0.0344806 0.1771 0.0762875 0.00875371
threshold=1.4445370555567463 0.094094315487560518 -1.3981258879996696 0.16700521371549124 0.26365524897030063 -0.75175920933033435 1.0000000180025095e-35
decision_type=2 2 2 2 2 2 2
left_child=3 2 -2 5 -5 -1 -3
right_child=1 6 -4 4 -6 -7 -8
leaf_value=0.001124515955759215 2.9875001587868686e-05 -0.0051593163769495694 0.010321544681332766 -0.0042464664573818684 0.00027909941217270731 -0.00012141590552789091 0.014102504586120926
leaf_weight=1761 31 127 199 263 1159 2855 89
leaf_count=1761 31 127 199 263 1159 2855 89
internal_value=6.26672e-05 0.00151881 0.00473731 0 -0.000588751 0.000121163 0
internal_weight=6484 446 230 6038 1422 4616 216
internal_count=6484 446 230 6038 1422 4616 216
is_linear=0
shrinkage=0.127801


Tree=120
num_leaves=7
num_cat=0
split_feature=0 3 0 3 0 79
split_gain=0.0462492 0.0837767 0.068289 0.0530384 0.0479431 0.0289143
threshold=-0.66747595991026942 1.614680037082495 1.3797025681349198 -1.0312606260577253 -1.0689113221927291 1.0000000180025095e-35
decision_type=2 2 2 2 2 2
left_child=3 5 -3 -1 -5 -2
right_child=1 2 -4 4 -6 -7
leaf_value=0.0070078971317690791 -4.3812733615583958e-05 0.010271657964428393 -0.0042306876520136136 -4.304996034867765e-05 -0.0011398724670426295 0.0029886227498124832
leaf_weight=96 4292 228 63 936 726 143
leaf_count=96 4292 228 63 936 726 143
internal_value=2.32889e-05 0.000334367 0.00252343 -0.00036081 -0.000810391 8.13715e-06
internal_weight=6484 4726 291 1758 1662 4435
internal_count=6484 4726 291 1758 1662 4435
is_linear=0
shrinkage=0.127801


Tree=121
num_leaves=8
num_cat=0
split_feature=2 4 2 3 3 2 3
split_gain=0.0352836 0.0821093 0.137025 0.0954017 0.0706659 0.132333 0.0342979
threshold=0.72131625555267831 0.20469939382133831 -0.75175920933033435 2.4471027903878428 -0.29185542346069743 1.7033665654746868 -0.40472190758376342
decision_type=2 2 2 2 2 2 2
left_child=1 3 -3 -1 6 -6 -2
right_child=4 2 -4 -5 5 -7 -8
leaf_value=-0.00073387346213496713 0.0010235415457749521 0.0016368744647271547 -0.00096603479918698021 0.014558536076143287 0.0034592723920820996 -0.010335833027621239 -0.0062600468028297237
leaf_weight=1947 700 1330 1163 109 910 180 145
leaf_count=1947 700 1330 1163 109 910 180 145
internal_value=2.32889e-05 -2.47635e-05 0.000259842 -0.000754737 0.000545101 0.00125627 0
internal_weight=6484 4549 2493 2056 1935 1090 845
internal_count=6484 4549 2493 2056 1935 1090 845
is_linear=0
shrinkage=0.127801


Tree=122
num_leaves=7
num_cat=0
split_feature=79 6 4 4 1 4
split_gain=0.048342 0.0539223 0.0525234 0.0442256 0.0864471 0.0664339
threshold=1.0000000180025095e-35 -1.1965336522346741 -1.9252486669837279 0.70586364342253061 -0.29304897387942813 -1.6120210109829829
decision_type=2 2 2 2 2 2
left_child=3 -2 -3 5 -5 -1
right_child=1 2 -4 4 -6 -7
leaf_value=0.0018746596828959528 -0.0029929563119567501 -0.00043637418675929564 0.0042434991014616208 0.0025119229658560052 -0.00028982199774535384 -0.00047859171325740767
leaf_weight=522 17 10.999999999999998 187 903 1019 3825
leaf_count=522 17 11 187 903 1019 3825
internal_value=2.32889e-05 0.00189037 0.00285787 0 0.000462644 -0.000266607
internal_weight=6484 215 198 6269 1922 4347
internal_count=6484 215 198 6269 1922 4347
is_linear=0
shrinkage=0.127801


Tree=123
num_leaves=8
num_cat=0
split_feature=4 2 2 1 1 1 1
split_gain=0.024505 0.0771726 0.20158 0.0929734 0.0655286 0.155524 0.0382919
threshold=0.70586364342253061 0.72131625555267831 -0.75175920933033435 0.35348794725599614 -0.29304897387942813 -0.54982342656668781 -0.012586814055125599
decision_type=2 2 2 2 2 2 2
left_child=1 2 -1 -3 5 -2 -6
right_child=4 3 -4 -5 6 -7 -8
leaf_value=0.00029974214940504533 0.0004595436689498343 -0.00016577815767047013 -0.001322246576172105 0.0051342513313987707 -0.011317724530506425 0.0091457767607097968 0.0010523548078060559
leaf_weight=1803 637 900 1433 410 228 275 798
leaf_count=1803 637 900 1433 410 228 275 798
internal_value=0 -8.93409e-05 -0.00055893 0.000464143 0.000432554 0.00124928 0
internal_weight=6484 4546 3236 1310 1938 912 1026
internal_count=6484 4546 3236 1310 1938 912 1026
is_linear=0
shrinkage=0.127801


Tree=124
num_leaves=8
num_cat=0
split_feature=3 0 3 3 3 0 0
split_gain=0.0402228 0.154924 0.169313 0.0853824 0.0961448 0.0947029 0.00463844
threshold=-0.84418767191351718 0.36453432643582395 -1.0312606260577253 -0.26694695799905527 -0.15751836103605973 -0.54520056080916268 1.9318848517137945
decision_type=2 2 2 2 2 2 2
left_child=1 2 -1 5 -5 -2 -3
right_child=3 6 -4 4 -6 -7 -8
leaf_value=0.00072295651530442551 -4.8631292789980279e-05 0.0026306178976144034 -0.0025848490531209761 -0.009871403697046777 0.00046666562186427818 0.0019970228706743011 -0.0082531463381217418
leaf_weight=244 799 172 443 480 3125 1207 13.999999999999998
leaf_count=244 799 172 443 480 3125 1207 14
internal_value=0 -0.000651076 -0.00204109 0.000224822 0 0.000913162 0.000253566
internal_weight=6484 873 687 5611 3605 2006 186
internal_count=6484 873 687 5611 3605 2006 186
is_linear=0
shrinkage=0.127801


Tree=125
num_leaves=8
num_cat=0
split_feature=4 4 68 124 4 3 3
split_gain=0.0298655 0.0873309 0.0699281 0.0623043 0.116797 0.0913772 0.0341178
threshold=0.70586364342253061 1.0817368306234247 1.0000000180025095e-35 1.0000000180025095e-35 -0.67233804298074784 0.14644275655054192 -0.32694781881160467
decision_type=2 2 2 2 2 2 2
left_child=3 2 -2 4 -1 -5 -3
right_child=1 6 -4 5 -6 -7 -8
leaf_value=0.00022298516105304897 0.0021581926042693778 -0.0029734585453679227 -0.0059199273165634649 0.0024281217896731625 -0.0016012387509233531 -0.0013006995162931374 0.0053849389242496288
leaf_weight=1679 1085 458 116 435 2263 169 279
leaf_count=1679 1085 458 116 435 2263 169 279
internal_value=3.59972e-06 0.000498263 0.00125721 -3.32009e-05 -0.000374859 0.000874993 0
internal_weight=6484 1938 1201 4546 3942 604 737
internal_count=6484 1938 1201 4546 3942 604 737
is_linear=0
shrinkage=0.127801


Tree=126
num_leaves=8
num_cat=0
split_feature=1 0 1 1 0 0 1
split_gain=0.0437694 0.191124 0.363241 0.107747 0.0130138 0.186362 0.153564
threshold=-0.3963786502377068 1.3573957346965324 -0.80413631609507108 -0.62019553131987004 -0.076190589987997839 -0.41012315178684772 0.81514685969934564
decision_type=2 2 2 2 2 2 2
left_child=1 2 -1 -3 5 -2 -6
right_child=4 3 -4 -5 6 -7 -8
leaf_value=-0.0001754357445903319 0.00014437780142628141 0.0030823166378120435 0.0042852570655917766 -0.0070940464466862597 0.0014723697631268504 -0.0047703049411906171 -0.014112443778004977
leaf_weight=1298 1887 9.9999999999999982 1058 54 1683 416 78
leaf_count=1298 1887 10 1058 54 1683 416 78
internal_value=0.000102046 0.000567816 0.00104833 -0.00429278 0 -0.000303345 0
internal_weight=6484 2420 2356 64 4064 2303 1761
internal_count=6484 2420 2356 64 4064 2303 1761
is_linear=0
shrinkage=0.127801


Tree=127
num_leaves=8
num_cat=0
split_feature=0 0 4 1 4 1 0
split_gain=0.0622707 0.093001 0.251922 0.112066 0.0700744 0.207654 0.000317451
threshold=-0.86867626891839766 0.58109840926893341 -1.4867299485826846 -0.0065627855216982989 0.76850917462267954 1.3725747982600358 -1.2950023325818647
decision_type=2 2 2 2 2 2 2
left_child=4 2 -2 -3 5 -1 -6
right_child=1 3 -4 -5 6 -7 -8
leaf_value=-0.0019542239639281185 0.0049851878548397722 -0.0015838386619258173 0.00023584261984289305 0.0011891974350333916 -0.0051944273817909562 0.0011870577411041978 0.0047807459539779568
leaf_weight=531 337 960 2967 866 193 385 245
leaf_count=531 337 960 2967 866 193 385 245
internal_value=6.26672e-05 0.00036778 0.00081765 -1.27455e-05 -0.00050548 -0.00127156 0
internal_weight=6484 5130 3304 1826 1354 916 438
internal_count=6484 5130 3304 1826 1354 916 438
is_linear=0
shrinkage=0.127801


Tree=128
num_leaves=7
num_cat=0
split_feature=0 0 1 1 1 1
split_gain=0.0511746 0.0709428 0.157049 0.0540836 0.0364706 0.0944902
threshold=-0.66747595991026942 0.58109840926893341 -1.088502795330059 -0.0065627855216982989 1.2996856366215728 0.23057569430715766
decision_type=2 2 2 2 2 2
left_child=4 2 -2 -3 5 -1
right_child=1 3 -4 -5 -6 -7
leaf_value=-0.00010073756694676165 -0.0015283379495911217 -0.0013814222430397947 0.001534979280049526 0.0010372166228874539 0.00090217203368144231 -0.0069183875284093118
leaf_weight=860 444 960 2456 866 597 301
leaf_count=860 444 960 2456 866 597 301
internal_value=4.29781e-05 0.00036137 0.000781807 0 -0.00036081 -0.000840687
internal_weight=6484 4726 2900 1826 1758 1161
internal_count=6484 4726 2900 1826 1758 1161
is_linear=0
shrinkage=0.127801


Tree=129
num_leaves=8
num_cat=0
split_feature=3 5 0 0 0 3 0
split_gain=0.0539221 0.128071 0.368125 0.113522 0.327809 0.064705 6.06562e-05
threshold=-0.76258650120844995 1.0000000180025095e-35 -0.55052872031506805 0.58109840926893341 -0.08647085047120194 -0.43287366281905676 -0.55052872031506805
decision_type=2 2 2 2 2 2 2
left_child=1 6 -3 4 -2 -5 -1
right_child=3 2 -4 5 -6 -7 -8
leaf_value=-0.00086778941627116521 7.8231916592241353e-06 0.0076125041015799493 -0.035784171045159519 0.0036300806078516331 0.0041041272529429764 -0.0013048667539510093 0.00052065317046613962
leaf_weight=426 2585 50 118 251 1137 1373 544
leaf_count=426 2585 50 118 251 1137 1373 544
internal_value=0.000102046 -0.000444571 -0.00364017 0.000367264 0.000821958 -0.000186717 0
internal_weight=6484 1138 168 5346 3722 1624 970
internal_count=6484 1138 168 5346 3722 1624 970
is_linear=0
shrinkage=0.127801


Tree=130
num_leaves=8
num_cat=0
split_feature=0 60 0 1 0 1 1
split_gain=0.0408238 0.0948883 0.172489 0.130912 0.0404056 0.14854 0.0047725
threshold=-0.86867626891839766 1.0000000180025095e-35 -0.35414523431485362 1.0385946975743388 -1.0689113221927291 -0.0065627855216982989 -0.34432956528035469
decision_type=2 2 2 2 2 2 2
left_child=4 3 -3 -2 6 -6 -1
right_child=1 2 -4 -5 5 -7 -8
leaf_value=-0.00042478829789591204 0.00097855202209697523 0.0022777030045802102 -0.0028572467317061136 -0.0050687249913866301 0.0079458006112401811 -0.005388018298856395 0.0018925088293265599
leaf_weight=469 4101 181 419 429 84 283 518
leaf_count=469 4101 181 419 429 84 283 518
internal_value=0.000121735 0.00036778 -0.000585965 0.000669939 -0.000223761 -0.00139538 0
internal_weight=6484 5130 600 4530 1354 367 987
internal_count=6484 5130 600 4530 1354 367 987
is_linear=0
shrinkage=0.127801


Tree=131
num_leaves=7
num_cat=0
split_feature=3 1 0 0 1 1
split_gain=0.0592957 0.153052 0.0467176 0.0142104 0.173015 0.0830226
threshold=2.1940613222475664 0.67683604985478041 2.1454130268008251 0.80964905729984371 0.35348794725599614 -0.94244600376423882
decision_type=2 2 2 2 2 2
left_child=3 2 -2 5 -5 -1
right_child=1 -3 -4 4 -6 -7
leaf_value=-0.001290173831825632 0.014920586170545144 -0.004435279891256437 -0.0052703977069331219 -0.0018683939107597865 0.0021094118059474735 0.00040616129530739273
leaf_weight=716 145 69 4.9999999999999991 873 493 4183
leaf_count=716 145 69 5 873 493 4183
internal_value=4.29781e-05 0.00208316 0.00470915 0 -0.000389359 6.98883e-05
internal_weight=6484 219 150 6265 1366 4899
internal_count=6484 219 150 6265 1366 4899
is_linear=0
shrinkage=0.127801


Tree=132
num_leaves=8
num_cat=0
split_feature=1 2 0 1 6 0 1
split_gain=0.0437159 0.161752 0.195099 0.178059 0.0684007 0.140332 0.109968
threshold=-0.30259158538577674 -0.26073405436933023 -1.1428687988079134 -0.81215469254426342 1.0000000180025095e-35 -0.13002341373678422 -0.067879965746101181
decision_type=2 2 2 2 2 2 2
left_child=1 3 -3 -1 6 -6 -2
right_child=4 2 -4 -5 5 -7 -8
leaf_value=-0.002577728935850389 -0.0016824488477532524 -0.00095101833691559046 0.0035379700284589883 0.0017795980446687167 -0.0018267300569357434 0.0012376756292021168 0.0010678693135902069
leaf_weight=609 388 233 1169 689 966 910 1520
leaf_count=609 388 233 1169 689 966 910 1520
internal_value=4.29781e-05 0.000509083 0.00154047 0 -8.03292e-05 -0.000759013 0.000172374
internal_weight=6484 2700 1402 1298 3784 1876 1908
internal_count=6484 2700 1402 1298 3784 1876 1908
is_linear=0
shrinkage=0.127801


Tree=133
num_leaves=7
num_cat=0
split_feature=3 4 1 1 0 4
split_gain=0.0250387 0.0394744 0.145225 0.103966 0.0176974 0.0234865
threshold=2.769291196502365 -0.42175591818015173 1.1724041194827879 1.6259211967069411 -1.3102888495333884 0.83115470582282858
decision_type=2 2 2 2 2 2
left_child=1 2 -1 -3 -2 -6
right_child=4 3 -4 -5 5 -7
leaf_value=-0.00050737108457065631 0.0036971764096680915 0.00078234443606677332 0.002433978973144027 -0.0051187364466851503 0.030419842094602207 -0.19947687033429104
leaf_weight=1712 4.9999999999999991 3982 285 385 110 4.9999999999999991
leaf_count=1712 5 3982 285 385 110 5
internal_value=0 0 -0.00051548 0.000160201 0.00179491 0.00239255
internal_weight=6484 6364 1997 4367 120 115
internal_count=6484 6364 1997 4367 120 115
is_linear=0
shrinkage=0.127801


Tree=134
num_leaves=7
num_cat=0
split_feature=0 6 6 0 1 1
split_gain=0.0261455 0.114392 0.0567336 0.0454333 0.104349 0.0395824
threshold=2.0859284522662067 1.0000000180025095e-35 1.0716505901537572 -0.86867626891839766 -0.81887172178867396 -0.84957686760409323
decision_type=2 2 2 2 2 2
left_child=3 -2 -3 5 -5 -1
right_child=1 2 -4 4 -6 -7
leaf_value=0.0023312946054940601 0.003181327688487349 -0.014798131779937149 0.0082535497632721787 -0.00054594701475371829 0.00083082540578926915 -0.0008315922371848767
leaf_weight=137 96 128 15.999999999999998 1071 3819 1217
leaf_count=137 96 128 16 1071 3819 1217
internal_value=2.32889e-05 -0.000922675 -0.00371095 0.000187744 0.000438001 -0.000129854
internal_weight=6484 240 144 6244 4890 1354
internal_count=6484 240 144 6244 4890 1354
is_linear=0
shrinkage=0.127801


Tree=135
num_leaves=8
num_cat=0
split_feature=3 1 1 1 3 3 1
split_gain=0.0393874 0.190393 0.368286 0.0683202 0.0428692 0.067818 0.0222117
threshold=-0.14285869125915582 -0.82448974775874995 -0.29304897387942813 -1.7154764791778625 -0.26694695799905527 -0.35853746120696844 -1.7854161747314861
decision_type=2 2 2 2 2 2 2
left_child=4 3 -3 -2 5 -1 -6
right_child=1 2 -4 -5 6 -7 -8
leaf_value=-0.00019380207713210913 0.00309711643093277 0.0086982786611300954 3.4642968542817824e-05 -0.0060816202818942183 0.0075416694819043732 0.0027341130561775125 -0.0070664520080091098
leaf_weight=2444 131 677 1811 429 20 435 537
leaf_count=2444 131 677 1811 429 20 435 537
internal_value=2.32889e-05 0.000442724 0.00110556 -0.00107815 -0.000118145 0 -0.00115188
internal_weight=6484 3048 2488 560 3436 2879 557
internal_count=6484 3048 2488 560 3436 2879 557
is_linear=0
shrinkage=0.127801


Tree=136
num_leaves=8
num_cat=0
split_feature=2 3 2 4 1 3 4
split_gain=0.0560573 0.156853 0.19643 0.116937 0.137537 0.0858752 0.0737186
threshold=0.72131625555267831 -0.28601750186812502 1.7033665654746868 0.70586364342253061 -0.49116765371505366 -0.40472190758376342 1.1443823618235738
decision_type=2 2 2 2 2 2 2
left_child=3 5 -3 4 -1 -2 -5
right_child=1 2 -4 6 -6 -7 -8
leaf_value=0.00048766996445501675 0.00075912440589125725 0.0028020927884053869 -0.0092076065006308633 0.0031102366454048825 -0.00089960110858794916 -0.0053231097288821087 -0.001598746534688745
leaf_weight=1009 700 905 179 903 2227 151 410
leaf_count=1009 700 905 179 903 2227 151 410
internal_value=2.32889e-05 0.000676723 0.00177863 -8.08666e-05 -0.000637749 0 0.000685783
internal_weight=6484 1935 1084 4549 3236 851 1313
internal_count=6484 1935 1084 4549 3236 851 1313
is_linear=0
shrinkage=0.127801


Tree=137
num_leaves=8
num_cat=0
split_feature=4 4 0 1 1 0 138
split_gain=0.0287652 0.0656219 0.112887 0.0874644 0.0627873 0.103692 0.0771322
threshold=-0.42175591818015173 -1.6120210109829829 0.70652702523622457 -0.60523467588495772 1.0385946975743388 -0.26691350310741618 1.0000000180025095e-35
decision_type=2 2 2 2 2 2 2
left_child=1 2 -1 -3 6 -6 -2
right_child=4 3 -4 -5 5 -7 -8
leaf_value=0.0027681562561899286 0.0017514144785603283 0.00017005175978480679 -0.0013713309286579906 -0.00079470139930221605 0.00021698745884525468 -0.023840683331579692 5.8012301966273417e-05
leaf_weight=422 1729 419 127 1124 664 61 1938
leaf_count=422 1729 419 127 1124 664 61 1938
internal_value=3.59972e-06 -0.000218151 0.000156966 -0.000864365 0.000290028 -0.000223985 0.000608155
internal_weight=6484 2092 549 1543 4392 725 3667
internal_count=6484 2092 549 1543 4392 725 3667
is_linear=0
shrinkage=0.127801


Tree=138
num_leaves=8
num_cat=0
split_feature=4 0 0 124 4 0 0
split_gain=0.0334061 0.0910691 0.144389 0.0594581 0.0941189 0.0839495 0.0269689
threshold=0.70586364342253061 0.63584654482058911 -0.56185662091154109 1.0000000180025095e-35 -0.98556569898149293 -0.076190589987997839 1.3797025681349198
decision_type=2 2 2 2 2 2 2
left_child=3 2 -2 5 -5 -1 -3
right_child=1 6 -4 4 -6 -7 -8
leaf_value=-0.00062700048768133797 -0.000461431262340899 -0.0057198810563596049 0.0041879425697941711 -0.0005902657508738275 0.0046362633712311932 2.4401768536496882e-05 0.0078186004118451155
leaf_weight=1948 705 280 886 183 421 1994 67
leaf_count=1948 705 280 886 183 421 1994 67
internal_value=0 0.000498263 0.00111033 -0.000117411 0.000665805 -0.000439585 -2.98984e-05
internal_weight=6484 1938 1591 4546 604 3942 347
internal_count=6484 1938 1591 4546 604 3942 347
is_linear=0
shrinkage=0.127801


Tree=139
num_leaves=6
num_cat=0
split_feature=3 1 1 1 1
split_gain=0.0268349 0.0260717 0.0757875 0.0679663 0.0176974
threshold=2.769291196502365 -0.3963786502377068 0.52452983285067767 -1.0398142558938177 1.9936105131749045
decision_type=2 2 2 2 2
left_child=1 3 -3 -1 -2
right_child=4 2 -4 -5 -6
leaf_value=-0.00068476185178305542 0.024933628337495739 -0.00057508888095076033 0.00028472455730790781 0.0010467080865474922 -0.0017769872692848963
leaf_weight=670 115 2313 1670 1711 4.9999999999999991
leaf_count=670 115 2313 1670 1711 5
internal_value=0 -6.78586e-05 -0.000335773 4.72476e-05 0.00179491
internal_weight=6484 6364 3983 2381 120
internal_count=6484 6364 3983 2381 120
is_linear=0
shrinkage=0.127801


Tree=140
num_leaves=8
num_cat=0
split_feature=4 0 1 1 1 1 0
split_gain=0.0244211 0.0723589 0.11469 0.0881192 0.0440664 0.252208 0.127127
threshold=0.70586364342253061 0.63584654482058911 -0.28000654168418865 -0.54982342656668781 -0.81887172178867396 -0.60523467588495772 0.66789871787276101
decision_type=2 2 2 2 2 2 2
left_child=4 2 -2 -3 6 -6 -1
right_child=1 3 -4 -5 5 -7 -8
leaf_value=-0.0021493305804337155 0.0027304126762103683 -0.02561509435136277 2.425934602572315e-05 0.0031393157557468216 0.0099357200156675717 -0.0002123301706627688 0.0028271073374042852
leaf_weight=677 724 63 867 284 387 3289 193
leaf_count=677 724 63 867 284 387 3289 193
internal_value=0 0.000366844 0.000950372 -2.98984e-05 -0.000173551 0 -0.000988495
internal_weight=6484 1938 1591 347 4546 3676 870
internal_count=6484 1938 1591 347 4546 3676 870
is_linear=0
shrinkage=0.127801


Tree=141
num_leaves=8
num_cat=0
split_feature=2 1 79 1 1 5 1
split_gain=0.0218199 0.112348 0.0666712 0.0507373 0.0450162 0.0768745 0.0636558
threshold=-0.26073405436933023 -0.81215469254426342 1.0000000180025095e-35 -0.49798688783217332 -0.24764668845572405 1.0000000180025095e-35 0.39670504481049712
decision_type=2 2 2 2 2 2 2
left_child=1 2 -1 -3 5 -2 -6
right_child=4 3 -4 -5 6 -7 -8
leaf_value=-0.002391852077413967 -0.00020944171073707416 0.0050202876943657975 0.00845716356075224 -0.00031650896187876643 -0.0020278563039175228 0.0023889501069735094 0.00076820804163244113
leaf_weight=590 516 417 19 2151 868 953 970
leaf_count=590 516 417 19 2151 868 953 970
internal_value=0 -0.000284298 -0.00184309 0 0.000172879 0.000751842 0
internal_weight=6484 3177 609 2568 3307 1469 1838
internal_count=6484 3177 609 2568 3307 1469 1838
is_linear=0
shrinkage=0.127801


Tree=142
num_leaves=7
num_cat=0
split_feature=1 1 4 4 4 1
split_gain=0.00979923 0.0436866 0.0387591 0.0183932 0.0292624 0.0124794
threshold=-1.0398142558938177 -0.3963786502377068 1.0817368306234247 -0.98556569898149293 0.76850917462267954 -0.16576194002522873
decision_type=2 2 2 2 2 2
left_child=3 2 -2 -1 -5 -3
right_child=1 5 -4 4 -6 -7
leaf_value=0.00052167985765842089 0.00083685305129757169 -0.0011850166071747617 -0.0011134435658103792 -0.0029902563551980079 0.00078904356530950799 6.9438019263044456e-05
leaf_weight=165 1475 659 268 382 130 3405
leaf_count=165 1475 659 268 382 130 3405
internal_value=0 9.85408e-05 0.000663334 -0.000389193 -0.000882351 0
internal_weight=6484 5807 1743 677 512 4064
internal_count=6484 5807 1743 677 512 4064
is_linear=0
shrinkage=0.127801


Tree=143
num_leaves=8
num_cat=0
split_feature=0 3 4 3 3 4 3
split_gain=0.0377644 0.0754062 0.114746 0.0383331 0.0363778 0.0226825 0.00296118
threshold=-1.2181493278550541 -0.076825311467614996 0.76850917462267954 2.769291196502365 0.16700521371549124 0.83115470582282858 0.7733058040018691
decision_type=2 2 2 2 2 2 2
left_child=1 2 -1 4 -2 -5 -3
right_child=3 6 -4 5 -6 -7 -8
leaf_value=-0.0064637389374274856 0.0001348613976531899 0.0040881737806235134 0.00012520926268083941 0.025168568184848104 -0.00044227337887567261 -0.17870001895721141 -0.0017915298777254683
leaf_weight=208 4079 200 220 109 1594 4.9999999999999991 69
leaf_count=208 4079 200 220 109 1594 5 69
internal_value=0 -0.00092279 -0.00205181 5.47655e-05 0 0.00230666 0
internal_weight=6484 697 428 5787 5673 114 269
internal_count=6484 697 428 5787 5673 114 269
is_linear=0
shrinkage=0.127801


Tree=144
num_leaves=7
num_cat=0
split_feature=4 4 1 1 1 60
split_gain=0.0103751 0.0466898 0.0991474 0.0378861 0.0238962 0.0131472
threshold=-1.7999576045834298 -0.42175591818015173 -0.031428672836123987 1.6575186263596315 -1.4820958913536872 1.0000000180025095e-35
decision_type=2 2 2 2 2 2
left_child=4 2 -2 -3 -1 -6
right_child=1 3 -4 -5 5 -7
leaf_value=-0.003329167938508733 -0.00099158808896750075 0.00043952948160186784 8.663096042287414e-05 -0.0035563518767460678 0.0026886686970885886 0.00070753187113421117
leaf_weight=25 894 4023 826 369 311 36
leaf_count=25 894 4023 826 369 311 36
internal_value=0 0 -0.000649966 8.6659e-05 0.000668722 0.00125758
internal_weight=6484 6112 1720 4392 372 347
internal_count=6484 6112 1720 4392 372 347
is_linear=0
shrinkage=0.127801


Tree=145
num_leaves=8
num_cat=0
split_feature=2 0 0 0 0 0 0
split_gain=0.0179173 0.107628 0.113301 0.0709232 0.0544365 0.0807928 0.0455583
threshold=-0.26073405436933023 0.79023711576145061 1.8446804561142736 -0.74407283697544757 2.2103719082872786 -0.076190589987997839 2.3198501381876313
decision_type=2 2 2 2 2 2 2
left_child=1 3 -3 -1 5 -2 -6
right_child=4 2 -4 -5 6 -7 -8
leaf_value=-0.00090337625967392571 -5.7789570666485236e-05 -0.003376242366716597 0.0065123557649138892 0.0011337657875785763 -0.011606699387329021 0.0017592586424774431 0.005970559142035467
leaf_weight=806 1700 546 162 1663 50 1538 19
leaf_count=806 1700 546 162 1663 50 1538 19
internal_value=0 -0.000163881 -0.00160575 0 0.000250008 0.000534956 -0.00148571
internal_weight=6484 3177 708 2469 3307 3238 69
internal_count=6484 3177 708 2469 3307 3238 69
is_linear=0
shrinkage=0.127801


Tree=146
num_leaves=8
num_cat=0
split_feature=1 0 0 5 4 4 4
split_gain=0.0138955 0.138557 0.3151 0.0252701 0.126884 0.0845743 0.00282468
threshold=-1.0398142558938177 0.15165945952100487 0.65801001328621511 1.0000000180025095e-35 -0.23381932457970475 0.51792704982208349 -1.9252486669837279
decision_type=2 2 2 2 2 2 2
left_child=1 6 -3 4 -2 -5 -1
right_child=3 2 -4 5 -6 -7 -8
leaf_value=-0.0038360902591926789 -0.00053817657927271315 -0.014520236742260266 0.0021583547443221889 0.00080525059346285446 0.00098499024426388477 -0.00046110368690412671 0.0046071097654689789
leaf_weight=12.999999999999998 909 290 164 2153 1188 1557 210
leaf_count=13 909 290 164 2153 1188 1557 210
internal_value=0 -0.000576054 -0.00232424 0 -0.000187261 0.000301984 0
internal_weight=6484 677 454 5807 2097 3710 223
internal_count=6484 677 454 5807 2097 3710 223
is_linear=0
shrinkage=0.127801


Tree=147
num_leaves=8
num_cat=0
split_feature=3 1 1 1 1 1 3
split_gain=0.0381318 0.0591449 0.154167 0.051601 0.0970451 0.0365589 2.286e-05
threshold=-0.76258650120844995 -0.085079195300134733 0.32202861675276784 0.17689845958289116 -0.031428672836123987 0.22195573274490646 -0.93954039125886613
decision_type=2 2 2 2 2 2 2
left_child=1 6 -3 4 -2 -5 -1
right_child=3 2 -4 5 -6 -7 -8
leaf_value=0.0024639791884733565 0.00014609356623298641 -0.0031015688905741763 0.0016208631844961488 -0.002460721451376323 0.0067614331534368846 0.00013495157553633744 -0.00067738885926082613
leaf_weight=293 2821 285 228 80 471 1974 332
leaf_count=293 2821 285 228 80 471 1974 332
internal_value=0 -0.000556193 -0.00159347 0.000224014 0.000580435 0 0
internal_weight=6484 1138 513 5346 3292 2054 625
internal_count=6484 1138 513 5346 3292 2054 625
is_linear=0
shrinkage=0.127801


Tree=148
num_leaves=7
num_cat=0
split_feature=0 0 1 1 1 1
split_gain=0.0234247 0.0623669 0.361639 0.141082 0.0449698 0.1306
threshold=-0.86867626891839766 0.34280251728173489 -0.3963786502377068 -0.0065627855216982989 -0.84957686760409323 1.3725747982600358
decision_type=2 2 2 2 2 2
left_child=4 2 -2 -3 -1 -6
right_child=1 3 -4 -5 5 -7
leaf_value=0.0017877321473835997 0.004868584486782835 -0.0011540591396798374 -0.00027002391601869751 0.0014843598650987775 -0.0024610390182125599 0.00061440582249897599
leaf_weight=137 1025 1388 1754 963 685 532
leaf_count=137 1025 1388 1754 963 685 532
internal_value=0 0.000218507 0.000673554 0 -0.000317667 -0.000843989
internal_weight=6484 5130 2779 2351 1354 1217
internal_count=6484 5130 2779 2351 1354 1217
is_linear=0
shrinkage=0.127801


Tree=149
num_leaves=8
num_cat=0
split_feature=3 3 4 3 3 138 4
split_gain=0.0697922 0.081325 0.0606255 0.0342479 0.0427183 0.0413657 0.00321219
threshold=-0.84418767191351718 -0.93247001955230624 -0.29646485577985376 -0.58907049831810432 -0.35853746120696844 1.0000000180025095e-35 1.0000000180025095e-35
decision_type=2 2 2 2 2 2 2
left_child=1 6 -3 5 -5 -2 -1
right_child=3 2 -4 4 -6 -7 -8
leaf_value=0.0033266037804055341 0.0018305150798959039 -0.0034166468572997687 -0.00032278942014311185 -0.001086068727339076 0.00026252441573194603 -0.00011690521426048078 -0.0022628267615028897
leaf_weight=204 507 134 158 834 4040 230 377
leaf_count=204 507 134 158 834 4040 230 377
internal_value=0 -0.00108679 -0.00281425 0.000133827 0 0.000941891 0
internal_weight=6484 873 292 5611 4874 737 581
internal_count=6484 873 292 5611 4874 737 581
is_linear=0
shrinkage=0.127801


Tree=150
num_leaves=4
num_cat=0
split_feature=92 6 6
split_gain=0.022025 0.00541246 0.0214849
threshold=1.0000000180025095e-35 1.0716505901537572 1.0000000180025095e-35
decision_type=2 2 2
left_child=1 2 -1
right_child=-2 -3 -4
leaf_value=8.7159582667137043e-05 0.0065173441959047026 0.004070971592313663 -0.00031532370737521862
leaf_weight=3238 172 411 2663
leaf_count=3238 172 411 2663
internal_value=0 -1.17868e-05 -0.000122931
internal_weight=6484 6312 5901
internal_count=6484 6312 5901
is_linear=0
shrinkage=0.127801


Tree=151
num_leaves=8
num_cat=0
split_feature=3 0 0 0 0 1 3
split_gain=0.0222174 0.0754314 0.194641 0.0577119 0.137741 0.0625692 0.00129751
threshold=-0.84418767191351718 -0.62949360826192913 0.36453432643582395 0.48740243060852945 -0.66747595991026942 0.80244311834811366 -1.0312606260577253
decision_type=2 2 2 2 2 2 2
left_child=1 6 -3 4 -2 -5 -1
right_child=3 2 -4 5 -6 -7 -8
leaf_value=0.0045252086789117707 -0.00029952746501176668 -0.0025373638667066946 0.0027192580683600403 3.1154653287066462e-06 0.0019136871013131374 -0.012269116735320849 -0.0019183791046161369
leaf_weight=106 1502 418 186 1819 2224 66 163
leaf_count=106 1502 418 186 1819 2224 66 163
internal_value=0 -0.000505837 -0.00154439 0.000156576 0.000526647 -0.000154204 0
internal_weight=6484 873 604 5611 3726 1885 269
internal_count=6484 873 604 5611 3726 1885 269
is_linear=0
shrinkage=0.127801


Tree=152
num_leaves=7
num_cat=0
split_feature=4 3 68 4 4 3
split_gain=0.0121359 0.046201 0.0555622 0.0330906 0.1163 0.0268625
threshold=-1.2987933549822379 -0.76258650120844995 1.0000000180025095e-35 -0.42175591818015173 -0.67233804298074784 -0.97430845763240825
decision_type=2 2 2 2 2 2
left_child=1 -1 -3 4 -2 -5
right_child=3 2 -4 5 -6 -7
leaf_value=-0.0016984782747601608 -1.282205560663312e-05 0.00093766806039630776 -0.0023150828395362478 -0.002393035287308512 -0.0039787073505017142 0.00049477173978802942
leaf_weight=83 954 766 87 371 202 4021
leaf_count=83 954 766 87 371 202 4021
internal_value=0 0.000458489 0.00105262 0 -0.000679459 2.85536e-05
internal_weight=6484 936 853 5548 1156 4392
internal_count=6484 936 853 5548 1156 4392
is_linear=0
shrinkage=0.127801


Tree=153
num_leaves=8
num_cat=0
split_feature=138 0 68 0 0 68 0
split_gain=0.0129293 0.064285 0.142307 0.0914065 0.0429536 0.0656364 0.0361925
threshold=1.0000000180025095e-35 -0.08647085047120194 1.0000000180025095e-35 -0.41012315178684772 -0.08647085047120194 1.0000000180025095e-35 -1.1714496862562298
decision_type=2 2 2 2 2 2 2
left_child=1 3 -3 -1 6 -6 -2
right_child=4 2 -4 -5 5 -7 -8
leaf_value=0.00023255121527140653 -0.0054176443039049421 0.0014405957391028998 -0.0047502879044031901 -0.0080194775619033334 -0.0027520020684513114 0.0026998022179571921 0.0017091691944773211
leaf_weight=1704 358 1723 218 425 1077 154 825
leaf_count=1704 358 1723 218 425 1077 154 825
internal_value=0 0.000181276 0.000779612 0 -0.000178577 -0.000793149 0
internal_weight=6484 4070 1941 2129 2414 1231 1183
internal_count=6484 4070 1941 2129 2414 1231 1183
is_linear=0
shrinkage=0.127801


Tree=154
num_leaves=7
num_cat=0
split_feature=4 5 1 4 1 1
split_gain=0.0121359 0.069013 0.0649752 0.0337648 0.0542133 0.0309359
threshold=-1.2987933549822379 1.0000000180025095e-35 -1.088502795330059 -0.42175591818015173 1.1724041194827879 -0.99418762411851291
decision_type=2 2 2 2 2 2
left_child=1 -1 -3 4 -2 -5
right_child=3 2 -4 5 -6 -7
leaf_value=-0.00014572722473196959 -0.0010041485245225032 -0.0039568593425268472 0.0018947142546854678 -0.0012047974373894251 0.0011544074400472405 0.0006142952933834144
leaf_weight=376 1004 51 509 500 152 3892
leaf_count=376 1004 51 509 500 152 3892
internal_value=0 0.000458489 0.001529 0 -0.000679459 5.76063e-05
internal_weight=6484 936 560 5548 1156 4392
internal_count=6484 936 560 5548 1156 4392
is_linear=0
shrinkage=0.127801


Tree=155
num_leaves=8
num_cat=0
split_feature=0 0 1 1 1 1 1
split_gain=0.0115881 0.0452667 0.484774 0.202316 0.0284848 0.117269 0.0363497
threshold=-0.56185662091154109 0.15165945952100487 -0.077426452441721583 -0.20547610594208626 1.1724041194827879 -0.47792704412690717 1.6857808887296062
decision_type=2 2 2 2 2 2 2
left_child=4 2 -2 -3 5 -1 -6
right_child=1 3 -4 -5 6 -7 -8
leaf_value=0.00056457517685977725 0.0047604937418722791 -0.0010926831576155121 -0.0017277780797697667 0.0013520155590483892 0.0046844090973595437 -0.0017833385989111205 -0.00051334250252222464
leaf_weight=597 950 1418 720 1276 253 837 433
leaf_count=597 950 1418 720 1276 253 837 433
internal_value=2.32889e-05 0.000210017 0.000745558 0 0 -0.000566109 7.06023e-05
internal_weight=6484 4364 1670 2694 2120 1434 686
internal_count=6484 4364 1670 2694 2120 1434 686
is_linear=0
shrinkage=0.127801


Tree=156
num_leaves=7
num_cat=0
split_feature=4 0 0 92 4 0
split_gain=0.0305124 0.0612793 0.184234 0.0247279 0.0547883 0.0175232
threshold=-1.2987933549822379 -0.7596162047716718 0.34280251728173489 1.0000000180025095e-35 0.70586364342253061 0.9377320119599305
decision_type=2 2 2 2 2 2
left_child=1 -1 -3 4 -2 -5
right_child=3 2 -4 5 -6 -7
leaf_value=-0.00054396836741624633 -0.00049004877137999382 0.005251827569164245 -0.00013565933623085134 0.0087845571733709531 0.00062870354358871819 -0.0012796946618575794
leaf_weight=318 3495 305 313 102 1925 26
leaf_count=318 3495 305 313 102 1925 26
internal_value=2.32889e-05 0.000729558 0.0015507 0 -0.000136181 0.00149908
internal_weight=6484 936 618 5548 5420 128
internal_count=6484 936 618 5548 5420 128
is_linear=0
shrinkage=0.127801


Tree=157
num_leaves=8
num_cat=0
split_feature=3 3 3 2 3 0 0
split_gain=0.0299247 0.0618087 0.118048 0.102309 0.0602623 0.0673704 0.0361442
threshold=-0.14285869125915582 0.16700521371549124 0.26365524897030063 -0.75175920933033435 -0.47620401419503844 1.4064614538375835 0.22975768309038211
decision_type=2 2 2 2 2 2 2
left_child=4 3 -3 -2 6 -6 -1
right_child=1 2 -4 -5 5 -7 -8
leaf_value=-0.00045941794082657224 0.0050653590912667157 -0.0034288358697819139 0.00034904850890901971 0.00015765375825637571 -0.00095662087316228232 0.0053693192516325317 0.0017075624166216837
leaf_weight=1412 454 263 1605 726 1284 162 578
leaf_count=1412 454 263 1605 726 1284 162 578
internal_value=0 0.000317222 0 0.00105334 -0.000229504 -0.000895684 0
internal_weight=6484 3048 1868 1180 3436 1446 1990
internal_count=6484 3048 1868 1180 3436 1446 1990
is_linear=0
shrinkage=0.127801


Tree=158
num_leaves=8
num_cat=0
split_feature=3 3 2 3 25 6 3
split_gain=0.021764 0.0626685 0.134627 0.048472 0.0657613 0.0315639 0.00102088
threshold=-0.14285869125915582 -0.26694695799905527 1.0000000180025095e-35 -0.039657210661570748 1.0000000180025095e-35 1.0000000180025095e-35 0.26365524897030063
decision_type=2 2 2 2 2 2 2
left_child=1 5 -3 4 -2 -1 -5
right_child=3 2 -4 6 -6 -7 -8
leaf_value=0.0002518434879827109 0.0035141494500386893 -0.007277239639009672 0.0027978778249131164 -0.00095758869832161374 -0.050008518864308245 -0.0011946958295579345 0.00030443970443336542
leaf_weight=2361 472 344 213 953 18 518 1605
leaf_count=2361 472 344 213 953 18 518 1605
internal_value=0 -0.000118145 -0.0013785 0.000317222 0.0014872 0 0
internal_weight=6484 3436 557 3048 490 2879 2558
internal_count=6484 3436 557 3048 490 2879 2558
is_linear=0
shrinkage=0.127801


Tree=159
num_leaves=8
num_cat=0
split_feature=138 6 5 0 1 1 1
split_gain=0.0256041 0.0937617 0.157608 0.107738 0.0372062 0.0978086 0.0257883
threshold=1.0000000180025095e-35 1.0000000180025095e-35 1.0000000180025095e-35 -0.13002341373678422 0.62039150315588076 0.28962877977815665 1.6259211967069411
decision_type=2 2 2 2 2 2 2
left_child=1 2 -1 -3 5 -2 -6
right_child=4 3 -4 -5 6 -7 -8
leaf_value=7.1215417817937747e-05 -0.00052400617816438346 -0.0017801242604781886 0.0031420408009219499 0.0009383769450183923 0.0025703894880158024 -0.0078896311984444287 -0.0021631765659657397
leaf_weight=1537 1482 894 635 1004 519 204 209
leaf_count=1537 1482 894 635 1004 519 204 209
internal_value=2.32889e-05 0.000306665 0.000937439 0 -0.000125788 -0.000617725 0
internal_weight=6484 4070 2172 1898 2414 1686 728
internal_count=6484 4070 2172 1898 2414 1686 728
is_linear=0
shrinkage=0.127801


Tree=160
num_leaves=7
num_cat=0
split_feature=1 1 0 2 0 0
split_gain=0.0190546 0.078908 0.352357 0.0331178 0.0327679 0.0868963
threshold=-1.0398142558938177 -0.3963786502377068 1.4064614538375835 1.2123414105136825 -0.0080395933647701978 0.65801001328621511
decision_type=2 2 2 2 2 2
left_child=4 2 -2 -3 -1 -6
right_child=1 3 -4 -5 5 -7
leaf_value=0.0050423384496988801 0.0013707672823959666 -0.00029517139919068392 -0.019974491494768092 0.0021678058514186106 -0.0044870662234814665 0.0019899457889139402
leaf_weight=152 1703 3394 40 670 361 164
leaf_count=152 1703 3394 40 670 361 164
internal_value=6.26672e-05 0.000230432 0.000955461 0 -0.000202333 -0.00102897
internal_weight=6484 5807 1743 4064 677 525
internal_count=6484 5807 1743 4064 677 525
is_linear=0
shrinkage=0.127801


Tree=161
num_leaves=8
num_cat=0
split_feature=1 1 0 0 1 1 2
split_gain=0.0255856 0.21467 0.27064 0.0676489 0.117773 0.0218413 0.0094793
threshold=-0.70031557503540454 -0.3963786502377068 -1.1571243031427116 0.15165945952100487 -1.7154764791778625 0.52452983285067767 1.7033665654746868
decision_type=2 2 2 2 2 2 2
left_child=3 2 -2 6 -5 -3 -1
right_child=1 5 -4 4 -6 -7 -8
leaf_value=0.0016978166733379108 -0.0034547682777013797 -0.00047911503883824952 0.0072329959154424067 0.0017254750221478645 -0.0031204289897322655 0.00028140423775435284 -0.015337879907682398
leaf_weight=810 179 2348 645 218 528 1716 40
leaf_count=810 179 2348 645 218 528 1716 40
internal_value=8.23564e-05 0.000302414 0.00218136 -9.43036e-05 -0.00121918 0 0
internal_weight=6484 4888 824 1596 746 4064 850
internal_count=6484 4888 824 1596 746 4064 850
is_linear=0
shrinkage=0.127801


Tree=162
num_leaves=8
num_cat=0
split_feature=3 0 0 3 0 0 0
split_gain=0.0490789 0.0772226 0.0862724 0.045571 0.0451387 0.108799 0.0531402
threshold=-0.15751836103605973 -0.8523627098596166 1.235213547187171 0.7733058040018691 -0.9808819955897311 -1.4391657068047699 1.4064614538375835
decision_type=2 2 2 2 2 2 2
left_child=4 3 -3 -2 5 -1 -6
right_child=1 2 -4 -5 6 -7 -8
leaf_value=-0.019931943546464125 0.00029061737099367362 0.0018639299561794889 -0.0002261355590508472 -0.0019144961638280853 -0.00070970112255171766 0.0016051700775947001 0.0012671118632618414
leaf_weight=169 402 2093 479 151 2376 530 284
leaf_count=169 402 2093 479 151 2376 530 284
internal_value=6.26672e-05 0.00050121 0.000891151 0 -0.000109457 0.00030465 -0.000516717
internal_weight=6484 3125 2572 553 3359 699 2660
internal_count=6484 3125 2572 553 3359 699 2660
is_linear=0
shrinkage=0.127801


Tree=163
num_leaves=8
num_cat=0
split_feature=3 4 3 4 4 3 4
split_gain=0.0196868 0.0603607 0.108625 0.0585652 0.0951896 0.090903 0.0239736
threshold=-0.15751836103605973 0.14205386262118927 -0.10114998476999983 0.079408331421040215 -0.23381932457970475 -0.26694695799905527 -1.5493754797828339
decision_type=2 2 2 2 2 2 2
left_child=3 6 -3 4 -1 -5 -2
right_child=1 2 -4 5 -6 -7 -8
leaf_value=-0.00033063725889198977 0.0024481977701586747 0.0096267520246062169 0.0005303125418395858 -4.6355012814138781e-05 0.009443389466602713 -0.0082205638624515392 -0.00055362789254221039
leaf_weight=1054 381 239 1289 1749 185 371 1216
leaf_count=1054 381 239 1289 1749 185 371 1216
internal_value=0 0.000256375 0.000881139 -0.000185394 7.00385e-05 -0.000707992 0
internal_weight=6484 3125 1528 3359 1239 2120 1597
internal_count=6484 3125 1528 3359 1239 2120 1597
is_linear=0
shrinkage=0.127801


Tree=164
num_leaves=8
num_cat=0
split_feature=138 6 3 1 6 3 5
split_gain=0.026855 0.133233 0.108913 0.0971331 0.0841042 0.361488 0.171819
threshold=1.0000000180025095e-35 1.0000000180025095e-35 0.11660449063294966 -0.85693837452732435 1.0000000180025095e-35 -0.35853746120696844 1.0000000180025095e-35
decision_type=2 2 2 2 2 2 2
left_child=4 3 -3 -2 6 -6 -1
right_child=1 2 -4 -5 5 -7 -8
leaf_value=8.3327165005748238e-05 0.0040534770152200325 0.0034889617628421363 -0.0039850434582216236 -0.0040136796711013672 -0.045020683501761943 0.0002991989556264227 0.0028928260919674157
leaf_weight=1537 250 962 291 911 136 1762 635
leaf_count=1537 250 962 291 911 136 1762 635
internal_value=0 -0.000231367 0.000211268 -0.00138781 0.000275318 0 0.000878786
internal_weight=6484 2414 1253 1161 4070 1898 2172
internal_count=6484 2414 1253 1161 4070 1898 2172
is_linear=0
shrinkage=0.127801


Tree=165
num_leaves=8
num_cat=0
split_feature=2 2 3 25 0 3 1
split_gain=0.049334 0.144683 0.175472 0.0944568 0.36801 0.0909513 0.06223
threshold=-0.26073405436933023 -0.75175920933033435 1.021158008504303 1.0000000180025095e-35 -0.08647085047120194 -0.86630690816981926 -0.047211329028630594
decision_type=2 2 2 2 2 2 2
left_child=1 6 -3 5 -5 -2 -1
right_child=3 2 -4 4 -6 -7 -8
leaf_value=0.00084637973526979337 -0.00072487253250890871 -0.0049134472537522436 0.0056023307106675855 -0.025915251908265994 0.010418155841824405 0.0012666569346411101 -0.00044044481470947486
leaf_weight=1325 430 617 62 119 76 2682 1173
leaf_count=1325 430 617 62 119 76 2682 1173
internal_value=0.000121735 -4.34625e-05 -0.00184132 0.000519961 -0.000811848 0.000859789 0.000131774
internal_weight=6484 3177 679 3307 195 3112 2498
internal_count=6484 3177 679 3307 195 3112 2498
is_linear=0
shrinkage=0.127801


Tree=166
num_leaves=8
num_cat=0
split_feature=2 83 2 3 4 3 0
split_gain=0.0763103 0.0810347 0.0700631 0.159847 0.153425 0.0557124 0.0352789
threshold=-0.26073405436933023 1.0000000180025095e-35 -0.75175920933033435 -0.44013863191203578 -0.23381932457970475 -1.3042158934082202 -0.6165431365289481
decision_type=2 2 2 2 2 2 2
left_child=2 5 4 -4 -1 -2 -3
right_child=1 6 3 -5 -6 -7 -8
leaf_value=-0.0010646497062949997 -0.071217991231739566 0.0057697684780219074 0.0014079094408254273 -0.0047613272645911286 0.0014967448953115577 0.0010477791449700845 -0.014965360633416589
leaf_weight=970 17 62 215 464 1528 3074 154
leaf_count=970 17 62 215 464 1528 3074 154
internal_value=0.000259559 0.000712785 0 -0.00128237 8.07546e-05 0.000985252 0
internal_weight=6484 3307 3177 679 2498 3091 216
internal_count=6484 3307 3177 679 2498 3091 216
is_linear=0
shrinkage=0.127801


Tree=167
num_leaves=8
num_cat=0
split_feature=2 1 1 3 1 4 1
split_gain=0.0494702 0.0764599 0.108285 0.084335 0.0396809 0.151243 0.140989
threshold=-0.26073405436933023 -1.0398142558938177 -1.5423236712339634 -0.29185542346069743 -0.81215469254426342 1.0000000180025095e-35 -0.48607027425342464
decision_type=2 2 2 2 2 2 2
left_child=4 2 -2 -3 5 -1 -6
right_child=1 3 -4 -5 6 -7 -8
leaf_value=0.00047098246378223825 0.0018919308175598835 0.00019793048106397663 -0.012233845342518325 0.0017184602450660215 0.0037261438231009514 -0.0081897673733834948 -0.0002074542654328014
leaf_weight=272 208 1314 147 1638 442 337 2126
leaf_count=272 208 1314 147 1638 442 337 2126
internal_value=0.00023987 0.000597091 0 0.00090628 0 -0.00101313 7.85593e-05
internal_weight=6484 3307 355 2952 3177 609 2568
internal_count=6484 3307 355 2952 3177 609 2568
is_linear=0
shrinkage=0.127801


Tree=168
num_leaves=7
num_cat=0
split_feature=0 0 0 4 4 4
split_gain=0.0299777 0.0668802 0.0960729 0.0930124 0.0172612 0.0201554
threshold=-1.4391657068047699 -1.0689113221927291 -0.86867626891839766 -0.54704698058044976 -1.6746665421831322 1.5829010802246168
decision_type=2 2 2 2 2 2
left_child=4 3 -3 -2 -1 -6
right_child=1 2 -4 -5 5 -7
leaf_value=0.015626517247044246 -0.00016623656887863585 -0.0025199544869066947 0.00035174827551332828 0.0037092979968188682 -0.0089388100821405549 0.01636241718335902
leaf_weight=34 240 367 5130 458 246 8.9999999999999982
leaf_count=34 240 367 5130 458 246 9
internal_value=0.000161113 0.000314928 1.12111e-05 0.00155601 -0.000381238 -0.00111379
internal_weight=6484 6195 5497 698 289 255
internal_count=6484 6195 5497 698 289 255
is_linear=0
shrinkage=0.127801


Tree=169
num_leaves=8
num_cat=0
split_feature=0 4 0 1 4 1 4
split_gain=0.0279719 0.0854144 0.153096 0.0770919 0.107878 0.0521375 0.0302772
threshold=1.036767952749827 -1.1108567613817908 -0.7596162047716718 0.015284414518156552 1.1443823618235738 -0.41717918914823621 -0.98556569898149293
decision_type=2 2 2 2 2 2 2
left_child=1 2 -1 4 -2 -3 -5
right_child=3 5 -4 6 -6 -7 -8
leaf_value=-0.00013453314642533306 -0.0035933149709579779 0.00079982415154144701 0.0018169549980924988 -0.0020308679516877854 0.0044539796906124304 -0.00053085255407807255 0.0030692597085726467
leaf_weight=402 329 1788 602 214 54 2604 491
leaf_count=402 329 1788 602 214 54 2604 491
internal_value=0.000161113 0.000340211 0.00141371 0 -0.00179697 0 0
internal_weight=6484 5396 1004 1088 383 4392 705
internal_count=6484 5396 1004 1088 383 4392 705
is_linear=0
shrinkage=0.127801


Tree=170
num_leaves=8
num_cat=0
split_feature=3 1 1 138 1 0 1
split_gain=0.0428376 0.118175 0.174885 0.0422146 0.0631276 0.054451 0.0362485
threshold=-0.14285869125915582 -0.82448974775874995 0.16104930649564728 1.0000000180025095e-35 -0.82975509858098229 -0.83945634407116632 -1.6703466142058485
decision_type=2 2 2 2 2 2 2
left_child=3 6 -3 5 -5 -1 -2
right_child=1 2 -4 4 -6 -7 -8
leaf_value=0.0013609211890956718 0.00080326858955480677 0.0039845969803817905 1.4898950560452884e-05 0.0023928289097564204 -0.0017235691638860945 -3.0752920505179812e-06 -0.0049888191541053815
leaf_weight=416 142 1234 1254 358 1174 1488 418
leaf_count=416 142 1234 1254 358 1174 1488 418
internal_value=0.000259559 0.000610062 0.00110556 0 -0.000546668 0.00034662 -0.000176462
internal_weight=6484 3048 2488 3436 1532 1904 560
internal_count=6484 3048 2488 3436 1532 1904 560
is_linear=0
shrinkage=0.127801


Tree=171
num_leaves=7
num_cat=0
split_feature=3 60 3 3 60 0
split_gain=0.0284073 0.0412963 0.112157 0.099788 0.0311246 0.055196
threshold=-0.97430845763240825 1.0000000180025095e-35 -0.28601750186812502 -0.26694695799905527 1.0000000180025095e-35 -0.58196921581381234
decision_type=2 2 2 2 2 2
left_child=4 3 -3 -2 5 -1
right_child=1 2 -4 -5 -6 -7
leaf_value=0.00099325527478679398 0.0010586742825417605 -0.0047530186758690841 0.0005031922177687405 4.6746761878478291e-05 0.0073202525103929434 -0.0062234453112203205
leaf_weight=160 2136 281 422 3197 47 241
leaf_count=160 2136 281 422 3197 47 241
internal_value=0.000141424 0.00030418 0 0.000480644 -0.000276088 -0.00115377
internal_weight=6484 6036 703 5333 448 401
internal_count=6484 6036 703 5333 448 401
is_linear=0
shrinkage=0.127801


Tree=172
num_leaves=7
num_cat=0
split_feature=3 0 0 0 0 4
split_gain=0.0200094 0.0406984 0.0953104 0.0256224 0.0869779 0.0109937
threshold=-0.86630690816981926 0.91939451362051006 -0.6165431365289481 0.51995275914942274 0.07240972789433997 -0.48440144938030077
decision_type=2 2 2 2 2 2
left_child=3 2 -2 4 -1 -3
right_child=1 5 -4 -5 -6 -7
leaf_value=-9.0635512020426436e-06 -9.4017484891013143e-05 0.00018254421012973651 0.0010029861893122464 0.0025901101002579474 -0.026239025949237469 -0.0015683028174286267
leaf_weight=562 1656 455 2834 134 94 749
leaf_count=562 1656 455 2834 134 94 749
internal_value=8.23564e-05 0.000250692 0.000476961 -0.000125534 -0.000806359 0
internal_weight=6484 5694 4490 790 656 1204
internal_count=6484 5694 4490 790 656 1204
is_linear=0
shrinkage=0.127801


Tree=173
num_leaves=7
num_cat=0
split_feature=1 1 0 1 0 0
split_gain=0.0282505 0.0565775 0.147982 0.0561948 0.0464033 0.123617
threshold=-1.0398142558938177 -0.3963786502377068 -1.2181493278550541 -0.34432956528035469 0.70652702523622457 0.15165945952100487
decision_type=2 2 2 2 2 2
left_child=4 2 -2 -3 5 -1
right_child=1 3 -4 -5 -6 -7
leaf_value=0.0018777303230848963 -0.0010239646969570329 -0.0066033161563199159 0.0026477135959186125 0.00021402387167574684 0.0026787940964476749 -0.0086796728682614014
leaf_weight=223 345 150 1398 3914 149 305
leaf_count=223 345 150 1398 3914 149 305
internal_value=0.000180802 0.000340341 0.000955461 0 -1.54722e-05 -0.00119043
internal_weight=6484 5807 1743 4064 677 528
internal_count=6484 5807 1743 4064 677 528
is_linear=0
shrinkage=0.127801


Tree=174
num_leaves=8
num_cat=0
split_feature=0 1 4 0 1 1 4
split_gain=0.0279719 0.10789 0.127099 0.0669231 0.0966413 0.0280366 0.0209644
threshold=1.036767952749827 0.015284414518156552 1.1443823618235738 -0.66747595991026942 -0.41717918914823621 1.2996856366215728 -1.1108567613817908
decision_type=2 2 2 2 2 2 2
left_child=3 2 -2 5 -5 -1 -3
right_child=1 6 -4 4 -6 -7 -8
leaf_value=-0.00070440766682738117 -0.0035776596681179411 -0.0025776826237742701 0.0043516990192143017 0.0021876858083795252 7.8523322215714485e-05 0.0011886472139930957 0.0016991127972705963
leaf_weight=1161 329 169 54 1613 2025 597 536
leaf_count=1161 329 169 54 1613 2025 597 536
internal_value=0.000161113 0 -0.00212472 0.000340211 0.000686625 0 5.07669e-05
internal_weight=6484 1088 383 5396 3638 1758 705
internal_count=6484 1088 383 5396 3638 1758 705
is_linear=0
shrinkage=0.127801


Tree=175
num_leaves=7
num_cat=0
split_feature=0 0 4 4 0 4
split_gain=0.0320943 0.0400352 0.040608 0.00906492 0.0241502 0.000396048
threshold=2.0859284522662067 -1.4391657068047699 1.1443823618235738 -1.2987933549822379 2.3198501381876313 0.079408331421040215
decision_type=2 2 2 2 2 2
left_child=1 5 -3 -2 -5 -1
right_child=3 2 -4 4 -6 -7
leaf_value=0.0031874006583188434 0.0010315586749282955 0.00040292593905927104 -0.0010320585217355785 -0.0044376440245486037 0.0079686926575928217 -0.017598633622730946
leaf_weight=94 36 5407 548 164 40 195
leaf_count=94 36 5407 548 164 40 195
internal_value=0.000259559 0.000392195 0.000520531 0 -0.000837796 0
internal_weight=6484 6244 5955 240 204 289
internal_count=6484 6244 5955 240 204 289
is_linear=0
shrinkage=0.127801


Tree=176
num_leaves=8
num_cat=0
split_feature=2 6 1 2 2 3 1
split_gain=0.0355889 0.0639248 0.138485 0.0789944 0.055577 0.0987629 0.0595711
threshold=-0.26073405436933023 -1.1965336522346741 0.19828235870676117 1.7033665654746868 -0.75175920933033435 -0.44013863191203578 -0.047211329028630594
decision_type=2 2 2 2 2 2 2
left_child=4 2 -2 -3 6 -6 -1
right_child=1 3 -4 -5 5 -7 -8
leaf_value=0.00072680206221693877 -0.021946516602595823 0.00081469297068250865 0.016061809862517422 -0.0033543419431383884 0.0017229549519692186 -0.0043330042047743629 -0.00021036309524663844
leaf_weight=1325 91 2829 60 327 215 464 1173
leaf_count=1325 91 2829 60 327 215 464 1173
internal_value=0.000220181 0.000519961 0 0.000783179 0 -0.00109606 0.000182794
internal_weight=6484 3307 151 3156 3177 679 2498
internal_count=6484 3307 151 3156 3177 679 2498
is_linear=0
shrinkage=0.127801


Tree=177
num_leaves=8
num_cat=0
split_feature=0 1 0 0 0 1 1
split_gain=0.0445763 0.0539562 0.246886 0.0654957 0.0281881 0.0631989 0.0400087
threshold=-0.66747595991026942 0.81514685969934564 -0.35414523431485362 0.91939451362051006 -1.0689113221927291 0.23057569430715766 -0.34432956528035469
decision_type=2 2 2 2 2 2 2
left_child=4 3 -3 -2 6 -6 -1
right_child=1 2 -4 -5 5 -7 -8
leaf_value=-0.00048556048715762127 0.0010087703489945323 0.0050394855029286048 -0.015502591043171619 -1.8030070385964007e-05 0.0011474050211419484 -0.0027539047377906981 0.0024325169904435015
leaf_weight=469 2976 299 181 1270 346 425 518
leaf_count=469 2976 299 181 1270 346 425 518
internal_value=0.000220181 0.00046938 0 0.000672606 0 -0.000769299 0
internal_weight=6484 4726 480 4246 1758 771 987
internal_count=6484 4726 480 4246 1758 771 987
is_linear=0
shrinkage=0.127801


Tree=178
num_leaves=7
num_cat=0
split_feature=2 4 3 0 0 3
split_gain=0.059116 0.0642408 0.106175 0.0770176 0.0485759 0.0529843
threshold=-0.26073405436933023 0.20469939382133831 -0.9163184364795226 -0.30678078162703953 2.2103719082872786 -1.1160402207409705
decision_type=2 2 2 2 2 2
left_child=1 2 -1 -3 5 -2
right_child=4 3 -4 -5 -6 -7
leaf_value=0.002086420402501545 -0.015868537785434546 -0.00050819602038013187 -0.00093415776144128028 0.0027367345591972009 -0.0084265329601235922 0.0009642012794391047
leaf_weight=109 85 773 1351 944 69 3153
leaf_count=109 85 773 1351 944 69 3153
internal_value=0.00023987 0 -0.000765166 0.000332325 0.000635655 0.000810649
internal_weight=6484 3177 1460 1717 3307 3238
internal_count=6484 3177 1460 1717 3307 3238
is_linear=0
shrinkage=0.127801


Tree=179
num_leaves=8
num_cat=0
split_feature=2 1 2 1 2 1 0
split_gain=0.0388805 0.0669275 0.0654479 0.0617367 0.0221144 0.0912886 0.0450596
threshold=-0.26073405436933023 -1.0398142558938177 1.7033665654746868 -1.5423236712339634 -0.75175920933033435 -0.7951711842224779 0.75655098263484888
decision_type=2 2 2 2 2 2 2
left_child=4 3 -3 -2 6 -6 -1
right_child=1 2 -4 -5 5 -7 -8
leaf_value=0.00054555846454227305 0.0011548780272506562 0.00097385887654635121 -0.0029826029002869244 -0.011286239935619471 -0.013496107147192862 6.263099879393592e-05 -0.0010591520714957243
leaf_weight=1919 208 2645 307 147 155 524 579
leaf_count=1919 208 2645 307 147 155 524 579
internal_value=0.000200491 0.000519961 0.000819897 0 0 -0.000723427 2.97349e-05
internal_weight=6484 3307 2952 355 3177 679 2498
internal_count=6484 3307 2952 355 3177 679 2498
is_linear=0
shrinkage=0.127801


Tree=180
num_leaves=8
num_cat=0
split_feature=1 0 60 1 0 1 2
split_gain=0.0583501 0.0840958 0.111152 0.0563263 0.0979357 0.0345784 0.0255206
threshold=0.13817001390484226 -1.1428687988079134 1.0000000180025095e-35 0.30807327372553367 -0.41012315178684772 -0.82975509858098229 1.0000000180025095e-35
decision_type=2 2 2 2 2 2 2
left_child=1 5 -3 4 -2 -1 -5
right_child=3 2 -4 6 -6 -7 -8
leaf_value=0.0039722219990577165 0.00088577987259079493 0.0010759880490943559 -0.0034416192264014969 -0.0001126583625194217 -0.0027264864939247429 -0.0033820144042781557 0.0018064288454682452
leaf_weight=128 190 3186 399 1270 210 324 777
leaf_count=128 190 3186 399 1270 210 324 777
internal_value=0.000298937 0.000615718 0.000899562 0 -0.00150206 0 3.00417e-05
internal_weight=6484 4037 3585 2447 400 452 2047
internal_count=6484 4037 3585 2447 400 452 2047
is_linear=0
shrinkage=0.127801


Tree=181
num_leaves=8
num_cat=0
split_feature=1 1 118 1 2 1 4
split_gain=0.0858317 0.081864 0.0926355 0.00918525 0.0212414 0.0201018 0.000654524
threshold=-0.30259158538577674 -1.0398142558938177 1.0000000180025095e-35 -0.16576194002522873 1.2123414105136825 0.17689845958289116 -0.98556569898149293
decision_type=2 2 2 2 2 2 2
left_child=1 6 -3 4 -2 -5 -1
right_child=3 2 -4 5 -6 -7 -8
leaf_value=0.0018108214654683765 -0.0054013680894145983 0.0011858483801019952 -0.0070809819404452964 0.00086684361569740805 0.0032926517960131731 -0.00011477304400024768 -0.001585328779385547
leaf_weight=165 326 1951 72 1038 53 2367 512
leaf_count=165 326 1951 72 1038 53 2367 512
internal_value=0.000279248 0.00083957 0.00126438 0 -0.000623478 0 0
internal_weight=6484 2700 2023 3784 379 3405 677
internal_count=6484 2700 2023 3784 379 3405 677
is_linear=0
shrinkage=0.127801


Tree=182
num_leaves=4
num_cat=0
split_feature=68 42 60
split_gain=0.024655 0.0348821 0.0420883
threshold=1.0000000180025095e-35 1.0000000180025095e-35 1.0000000180025095e-35
decision_type=2 2 2
left_child=1 2 -1
right_child=-2 -3 -4
leaf_value=0.00061339766924650436 -0.00062760500820195956 -0.0023134276798269528 -8.56795593547956e-05
leaf_weight=4893 750 91 750
leaf_count=4893 750 91 750
internal_value=0.000259559 0.000382513 0.000499512
internal_weight=6484 5734 5643
internal_count=6484 5734 5643
is_linear=0
shrinkage=0.127801


Tree=183
num_leaves=8
num_cat=0
split_feature=1 0 0 0 0 1 6
split_gain=0.0545128 0.129593 0.245284 0.0482989 0.135198 0.0977128 0.0197807
threshold=-0.30259158538577674 0.15165945952100487 -1.1428687988079134 0.19616531039156029 0.66789871787276101 1.1724041194827879 1.0000000180025095e-35
decision_type=2 2 2 2 2 2 2
left_child=1 2 -1 5 -5 -2 -3
right_child=3 6 -4 4 -6 -7 -8
leaf_value=-0.00026484877086475688 -0.00082722838109862786 -0.00080827105908705898 0.0048698036500733214 0.0078991824632412277 -0.00022043324619886465 0.00076085054160294043 0.0007359187577159616
leaf_weight=449 1427 642 957 354 1031 972 652
leaf_count=449 1427 642 957 354 1031 972 652
internal_value=0.000121735 0.000603508 0.00148183 -1.29047e-05 0.000301412 -0.000524965 0
internal_weight=6484 2700 1406 3784 1385 2399 1294
internal_count=6484 2700 1406 3784 1385 2399 1294
is_linear=0
shrinkage=0.127801


Tree=184
num_leaves=8
num_cat=0
split_feature=4 138 2 4 4 4 5
split_gain=0.0311396 0.111643 0.0804751 0.0937996 0.0664764 0.0297027 0.0205408
threshold=-0.42175591818015173 1.0000000180025095e-35 -0.75175920933033435 -1.6746665421831322 1.1443823618235738 -0.67233804298074784 -1.5273276664610476
decision_type=2 2 2 2 2 2 2
left_child=2 4 3 -1 -2 -4 -3
right_child=1 6 5 -5 -6 -7 -8
leaf_value=0.0011019718577154672 0.0014858188805618143 0.016026307987203409 0.00080616029715489899 -0.0014835571660943177 -0.024382666828422696 -0.0082826420828693778 -0.00031344556939826474
leaf_weight=203 1945 141 1151 632 47 106 2259
leaf_count=203 1945 141 1151 632 47 106 2259
internal_value=8.23564e-05 0.000348134 -9.6374e-05 -0.00125728 0.00108579 4.88184e-05 0
internal_weight=6484 4392 2092 835 1992 1257 2400
internal_count=6484 4392 2092 835 1992 1257 2400
is_linear=0
shrinkage=0.127801


Tree=185
num_leaves=8
num_cat=0
split_feature=1 1 0 0 1 0 3
split_gain=0.0367383 0.111065 0.189071 0.0363022 0.14695 0.0693174 0.0129636
threshold=-0.3963786502377068 -0.70031557503540454 -1.1714496862562298 -0.0080395933647701978 1.1724041194827879 0.66789871787276101 -0.38182428178178501
decision_type=2 2 2 2 2 2 2
left_child=1 6 -3 4 -2 -5 -1
right_child=3 2 -4 5 -6 -7 -8
leaf_value=0.0011031177399896204 -0.00082375382627626311 -0.0033828467867662621 0.0046548061186706775 0.0057534766002696009 0.00099832580070774641 -0.00019286812543912763 -0.0013750930194637123
leaf_weight=578 1400 161 663 557 962 1145 1018
leaf_count=578 1400 161 663 557 962 1145 1018
internal_value=8.23564e-05 0.000515157 0.00171995 0 -0.000463031 0.000223066 0
internal_weight=6484 2420 824 4064 2362 1702 1596
internal_count=6484 2420 824 4064 2362 1702 1596
is_linear=0
shrinkage=0.127801


Tree=186
num_leaves=8
num_cat=0
split_feature=1 0 0 4 3 0 3
split_gain=0.0309715 0.229365 0.186804 0.055056 0.13724 0.10066 0.00812101
threshold=1.6857808887296062 -1.1571243031427116 -0.43496472311184781 -0.35911038698000275 0.39487875321223315 0.5935985799389617 -0.25721708867810134
decision_type=2 2 2 2 2 2 2
left_child=3 6 -3 4 -1 -5 -2
right_child=1 2 -4 5 -6 -7 -8
leaf_value=-0.00047313904228162853 0.014356706810715244 -0.0085113418428841014 0.0017979303754276173 0.0010161390323530069 0.0019167080822826048 -0.00061564730084209221 -0.00063170625171856082
leaf_weight=1236 112 139 76 2848 755 1110 208
leaf_count=1236 112 139 76 2848 755 1110 208
internal_value=6.26672e-05 -0.000538335 -0.00419372 0.000250687 0 0.000566744 0
internal_weight=6484 535 215 5949 1991 3958 320
internal_count=6484 535 215 5949 1991 3958 320
is_linear=0
shrinkage=0.127801


Tree=187
num_leaves=8
num_cat=0
split_feature=1 1 2 1 3 3 3
split_gain=0.0276456 0.0696963 0.03056 0.0153159 0.147543 0.0492379 0.00152307
threshold=-0.3963786502377068 -0.70031557503540454 1.7033665654746868 -0.029667426836213647 -0.58907049831810432 -0.34206154915681986 -0.38182428178178501
decision_type=2 2 2 2 2 2 2
left_child=1 6 -3 4 -2 -5 -1
right_child=3 2 -4 5 -6 -7 -8
leaf_value=0.00096550645520881995 0.001572619772303725 0.0014213939161574493 -0.0043445780622278565 -0.00091045622311146563 -0.0018792950576292341 0.00082177948916714865 -0.0013051532211980968
leaf_weight=578 377 763 61 1043 710 1934 1018
leaf_count=578 377 763 61 1043 710 1934 1018
internal_value=0.000102046 0.000462498 0.00141235 0 -0.00047698 2.06788e-05 0
internal_weight=6484 2420 824 4064 1087 2977 1596
internal_count=6484 2420 824 4064 1087 2977 1596
is_linear=0
shrinkage=0.127801


Tree=188
num_leaves=8
num_cat=0
split_feature=1 0 1 3 1 4 0
split_gain=0.0310897 0.090955 0.224815 0.052403 0.0437684 0.0532221 0.0338344
threshold=0.17689845958289116 0.91939451362051006 -0.72168610620266682 -0.43287366281905676 0.30807327372553367 1.2070278930237228 0.73958325159133242
decision_type=2 2 2 2 2 2 2
left_child=1 2 -1 -3 5 -2 -6
right_child=4 3 -4 -5 6 -7 -8
leaf_value=-0.00023923532565766327 -0.0020463585686055553 0.0016556167593872503 0.0011864030809253367 -0.0018316262274576144 -0.00035292906527547885 0.02169516678079484 0.0014364651072337415
leaf_weight=1454 303 174 2042 447 1460 17 587
leaf_count=1454 303 174 2042 447 1460 17 587
internal_value=0.000180802 0.000417834 0.00078013 -0.000342492 0 -0.00147871 0
internal_weight=6484 4117 3496 621 2367 320 2047
internal_count=6484 4117 3496 621 2367 320 2047
is_linear=0
shrinkage=0.127801


Tree=189
num_leaves=8
num_cat=0
split_feature=4 4 2 2 4 4 4
split_gain=0.0236741 0.107833 0.0802374 0.0291578 0.0288842 0.020717 0.0139284
threshold=0.70586364342253061 1.0817368306234247 0.72131625555267831 0.72131625555267831 -0.10852826217940668 -0.17117379337955571 1.3323189554240209
decision_type=2 2 2 2 2 2 2
left_child=3 2 -2 5 -5 -1 -3
right_child=1 6 -4 4 -6 -7 -8
leaf_value=-0.00031114636330007047 0.0026822969016851075 -0.0027316428252580727 -2.7599869802942993e-05 0.0010546080168388015 -0.00028101006897289732 0.00033707508394261376 0.002240507000081925
leaf_weight=1762 816 472 385 793 517 1474 265
leaf_count=1762 816 472 385 793 517 1474 265
internal_value=0.000121735 0.000498263 0.00136301 0 0.000464143 -0.000243658 0
internal_weight=6484 1938 1201 4546 1310 3236 737
internal_count=6484 1938 1201 4546 1310 3236 737
is_linear=0
shrinkage=0.127801


Tree=190
num_leaves=8
num_cat=0
split_feature=2 1 1 1 0 3 0
split_gain=0.0166827 0.0316307 0.0838808 0.0281805 0.0124591 0.183941 0.0346014
threshold=-0.26073405436933023 -1.0398142558938177 -0.24764668845572405 -1.5423236712339634 -0.74407283697544757 -0.16971313058498871 0.79023711576145061
decision_type=2 2 2 2 2 2 2
left_child=4 3 -3 -2 5 -1 -6
right_child=1 2 -4 -5 6 -7 -8
leaf_value=-0.0026947792039144487 0.0010199583125106552 0.0013542046429456168 2.0481554442527601e-05 -0.010054460677060518 0.00070112408311167869 0.0010866908473830968 -0.0010168991420107475
leaf_weight=471 208 1114 1838 147 1663 335 708
leaf_count=471 208 1114 1838 147 1663 335 708
internal_value=2.32889e-05 0.000288573 0.000517556 0 -3.3232e-06 -0.000500364 0
internal_weight=6484 3307 2952 355 3177 806 2371
internal_count=6484 3307 2952 355 3177 806 2371
is_linear=0
shrinkage=0.127801


Tree=191
num_leaves=8
num_cat=0
split_feature=1 0 2 3 1 4 0
split_gain=0.0203995 0.139052 0.117495 0.0674788 0.0382753 0.227739 0.123411
threshold=-0.48607027425342464 0.07240972789433997 1.7033665654746868 -0.39726234110436526 -0.20547610594208626 0.32999045622163631 0.19616531039156029
decision_type=2 2 2 2 2 2 2
left_child=1 2 -1 -3 5 -2 -6
right_child=4 3 -4 -5 6 -7 -8
leaf_value=0.0014455261131545258 -0.0017914209539233723 0.0024920318154327339 -0.019282919636932974 -0.0023096209590008077 -0.00040004172378741977 0.0024378448924699918 0.0013274659593385143
leaf_weight=1032 368 328 63 747 2269 415 1262
leaf_count=1032 368 328 63 747 2269 415 1262
internal_value=4.29781e-05 0.000398197 0.00154052 -3.34049e-05 0 -0.000887041 3.189e-05
internal_weight=6484 2170 1095 1075 4314 783 3531
internal_count=6484 2170 1095 1075 4314 783 3531
is_linear=0
shrinkage=0.127801


Tree=192
num_leaves=7
num_cat=0
split_feature=4 4 131 3 3 4
split_gain=0.0267177 0.0624576 0.0342448 0.0232718 0.0159232 0.0496577
threshold=1.1443823618235738 0.70586364342253061 1.0000000180025095e-35 2.4471027903878428 -0.29185542346069743 1.6455466114247659
decision_type=2 2 2 2 2 2
left_child=1 3 -3 -1 5 -2
right_child=4 2 -4 -5 -6 -7
leaf_value=-5.8306577173597985e-05 -0.0030259759975789133 0.0011797342179161981 -0.01541528617254821 0.007798642102866897 0.0043711332000015849 0.012604511642514879
leaf_weight=4384 387 1306 23 162 197 25
leaf_count=4384 387 1306 23 162 197 25
internal_value=0.000180802 0.000332061 0.00111762 0 0 -0.000787907
internal_weight=6484 5875 1329 4546 609 412
internal_count=6484 5875 1329 4546 609 412
is_linear=0
shrinkage=0.127801


Tree=193
num_leaves=8
num_cat=0
split_feature=1 4 4 2 1 4 3
split_gain=0.0395412 0.0611311 0.121443 0.0324409 0.0302073 0.0228085 0.0168398
threshold=0.13817001390484226 1.1443823618235738 0.20469939382133831 1.0000000180025095e-35 0.39670504481049712 0.64321811222238157 -0.29185542346069743
decision_type=2 2 2 2 2 2 2
left_child=1 2 -1 5 -5 -2 -3
right_child=3 6 -4 4 -6 -7 -8
leaf_value=-1.6128978646372625e-05 -0.0010739820517444677 -0.0042867048405751266 0.0013867413679193676 -0.0020205030583950716 0.0022609800823461374 2.7489824601929159e-05 0.00476087394272625
leaf_weight=1771 1080 276 1837 211 719 437 153
leaf_count=1771 1080 276 1837 211 719 437 153
internal_value=0.000121735 0.000426099 0.000692323 -5.63919e-05 0 -0.00059398 0
internal_weight=6484 4037 3608 2447 930 1517 429
internal_count=6484 4037 3608 2447 930 1517 429
is_linear=0
shrinkage=0.127801


Tree=194
num_leaves=8
num_cat=0
split_feature=1 0 1 1 0 0 0
split_gain=0.0352424 0.075527 0.154686 0.0569076 0.0338704 0.0997912 0.00818593
threshold=0.17689845958289116 0.75655098263484888 -1.0398142558938177 -0.90136019613919005 -1.0689113221927291 0.71699597088782407 -1.4391657068047699
decision_type=2 2 2 2 2 2 2
left_child=1 2 -1 -3 6 -6 -2
right_child=4 3 -4 -5 5 -7 -8
leaf_value=-0.00074375500125512548 -0.0039148939565244846 0.0021528504916521127 0.00072720843439134594 -0.0014632136808746866 -0.00093856650487127407 0.00052168136369743639 0.002058629228315068
leaf_weight=541 135 170 2779 627 1180 713 339
leaf_count=541 135 170 2779 627 1180 713 339
internal_value=4.29781e-05 0.000355853 0.000721524 -0.000172131 -0.000165962 -0.000570603 0
internal_weight=6484 4117 3320 797 2367 1893 474
internal_count=6484 4117 3320 797 2367 1893 474
is_linear=0
shrinkage=0.127801


Tree=195
num_leaves=8
num_cat=0
split_feature=1 60 3 0 1 0 2
split_gain=0.0562423 0.0557568 0.0777557 0.0383688 0.196403 0.039497 0.0193717
threshold=0.17689845958289116 1.0000000180025095e-35 -1.0655097660674833 -0.49421951035027345 0.66629668367237394 -0.57378113119447705 -0.26073405436933023
decision_type=2 2 2 2 2 2 2
left_child=1 2 -1 5 -5 -2 -3
right_child=3 6 -4 4 -6 -7 -8
leaf_value=-0.0092050284067982137 -0.0001294406056526085 -0.0046650538466489928 0.00047135367944842833 0.00046911390410136371 -0.0058228001246172102 0.0090507991272791577 0.0022989044918761267
leaf_weight=134 1065 217 3543 697 480 125 223
leaf_count=134 1065 217 3543 697 480 125 223
internal_value=0.000121735 0.000479814 0.000710578 -0.000165962 -0.000764558 0 0
internal_weight=6484 4117 3677 2367 1177 1190 440
internal_count=6484 4117 3677 2367 1177 1190 440
is_linear=0
shrinkage=0.127801


Tree=196
num_leaves=8
num_cat=0
split_feature=1 4 0 1 4 0 0
split_gain=0.0445922 0.0654947 0.120618 0.0470581 0.163634 0.063983 0.011601
threshold=0.13817001390484226 1.1443823618235738 1.0077664987866524 0.52452983285067767 -0.98556569898149293 0.73958325159133242 1.0077664987866524
decision_type=2 2 2 2 2 2 2
left_child=1 2 -1 4 -2 -5 -3
right_child=3 6 -4 5 -6 -7 -8
leaf_value=0.00072199019500613477 -0.002344197412282019 -0.0037255947408469741 -0.0015821262088516184 -4.5681364247569849e-05 0.00013152120866176747 0.0040610967101520823 0.0051846908545859901
leaf_weight=3181 202 367 427 1397 529 319 62
leaf_count=3181 202 367 427 1397 529 319 62
internal_value=0.000279248 0.000552512 0.000798384 0 -0.000984185 0.000176748 0
internal_weight=6484 4037 3608 2447 731 1716 429
internal_count=6484 4037 3608 2447 731 1716 429
is_linear=0
shrinkage=0.127801


Tree=197
num_leaves=8
num_cat=0
split_feature=3 1 1 3 5 1 3
split_gain=0.034757 0.0632472 0.128414 0.0463823 0.302066 0.0752236 0.00303647
threshold=-0.15751836103605973 -0.82448974775874995 0.16104930649564728 -0.40472190758376342 1.0000000180025095e-35 -0.45511375747835042 1.5447547095625722
decision_type=2 2 2 2 2 2 2
left_child=3 6 -3 5 -5 -1 -2
right_child=1 2 -4 4 -6 -7 -8
leaf_value=0.0009953683036430861 -0.0033706156431893238 0.002676557895849693 -1.868204164233406e-05 -0.0070905399134742111 0.00056581375047124718 -5.7098764784776952e-05 0.0046161482979984068
leaf_weight=780 535 1264 1281 304 813 1462 45
leaf_count=780 535 1264 1281 304 813 1462 45
internal_value=0.000121735 0.000460404 0.000815444 0 -0.000805373 0.000112678 0
internal_weight=6484 3125 2545 3359 1117 2242 580
internal_count=6484 3125 2545 3359 1117 2242 580
is_linear=0
shrinkage=0.127801


Tree=198
num_leaves=8
num_cat=0
split_feature=68 2 0 1 1 1 2
split_gain=0.0198972 0.0837484 0.0835098 0.0816057 0.346874 0.039911 0.00741459
threshold=1.0000000180025095e-35 1.2123414105136825 -1.1194408884087286 0.39670504481049712 -0.6578003401771727 0.41726823401706842 1.2123414105136825
decision_type=2 2 2 2 2 2 2
left_child=1 5 -3 4 -2 -1 -5
right_child=3 2 -4 6 -6 -7 -8
leaf_value=0.00025471028350161265 0.0036418321090144565 -0.0045209121158690541 0.0030152104357192904 0.0032626163019436401 -0.0087891018508845387 -0.00068865136557925695 -0.0066777253249749157
leaf_weight=3361 192 124 871 215 311 1378 32
leaf_count=3361 192 124 871 215 311 1378 32
internal_value=8.23564e-05 0.000248945 0.00131161 -0.000132168 -0.00162472 0 0
internal_weight=6484 5734 995 750 503 4739 247
internal_count=6484 5734 995 750 503 4739 247
is_linear=0
shrinkage=0.127801


Tree=199
num_leaves=8
num_cat=0
split_feature=4 0 0 4 0 0 4
split_gain=0.0144821 0.0716359 0.127923 0.0418993 0.0163048 0.0100913 3.06168e-05
threshold=-1.2987933549822379 -0.7596162047716718 0.34280251728173489 -0.98556569898149293 -0.7596162047716718 0.29277530628345672 -1.5493754797828339
decision_type=2 2 2 2 2 2 2
left_child=1 6 -3 5 -5 -2 -1
right_child=3 2 -4 4 -6 -7 -8
leaf_value=-0.0020110411603696441 -0.0015873633231415628 0.0031551859639777735 1.8001711190314578e-07 0.0006571665840683005 5.0066589208381234e-05 -8.0353130196504644e-06 0.0018364252918835558
leaf_weight=217 396 305 313 1115 3782 255 101
leaf_count=217 396 305 313 1115 3782 255 101
internal_value=0.000121735 0.000594023 0.0015507 0 0.000168948 -0.000909609 0
internal_weight=6484 936 618 5548 4897 651 318
internal_count=6484 936 618 5548 4897 651 318
is_linear=0
shrinkage=0.127801


Tree=200
num_leaves=8
num_cat=0
split_feature=1 0 0 1 1 3 0
split_gain=0.032701 0.08966 0.169029 0.0589824 0.0221201 0.129998 0.0271772
threshold=-0.41717918914823621 0.059218062103178211 -0.6784511583279188 -0.54982342656668781 -0.029667426836213647 -0.58907049831810432 0.19616531039156029
decision_type=2 2 2 2 2 2 2
left_child=1 2 -1 -3 5 -2 -6
right_child=4 3 -4 -5 6 -7 -8
leaf_value=-0.00028793285254033907 0.0012525025055863969 -0.00086458873552149344 0.0067749160025713266 0.003194715519817135 -0.00017550348004071804 -0.0018696686581231401 0.0011541533340623988
leaf_weight=558 396 1012 572 228 1953 741 1024
leaf_count=558 396 1012 572 228 1953 741 1024
internal_value=2.32889e-05 0.000472227 0.00132448 0 -4.28839e-05 -0.000567852 0
internal_weight=6484 2370 1130 1240 4114 1137 2977
internal_count=6484 2370 1130 1240 4114 1137 2977
is_linear=0
shrinkage=0.127801


Tree=201
num_leaves=7
num_cat=0
split_feature=6 2 1 4 1 2
split_gain=0.0123506 0.073344 0.0375377 0.0272056 0.106655 0.0439083
threshold=1.0716505901537572 -0.75175920933033435 -1.3741810827234102 -0.42175591818015173 1.1724041194827879 -0.75175920933033435
decision_type=2 2 2 2 2 2
left_child=3 -2 -3 4 -1 -5
right_child=1 2 -4 5 -6 -7
leaf_value=-0.00036628736608425484 -0.0010287729342181114 -0.003676250790655592 0.0078948161522595199 0.00098594563589876377 0.0018971555565164262 -0.00050928161400552654
leaf_weight=1691 155 23 237 1556 275 2547
leaf_count=1691 155 23 237 1556 275 2547
internal_value=0 0.000691439 0.00228984 0 -0.00046528 6.47666e-05
internal_weight=6484 415 260 6069 1966 4103
internal_count=6484 415 260 6069 1966 4103
is_linear=0
shrinkage=0.127801


Tree=202
num_leaves=8
num_cat=0
split_feature=3 0 0 4 3 3 0
split_gain=0.0126155 0.111907 0.183463 0.0609903 0.0417437 0.0466645 0.039255
threshold=0.16700521371549124 1.3797025681349198 -0.076190589987997839 0.20469939382133831 -0.3457588994987823 -0.40472190758376342 -0.0080395933647701978
decision_type=2 2 2 2 2 2 2
left_child=4 2 -2 -3 5 -1 -6
right_child=1 3 -4 -5 6 -7 -8
leaf_value=0.00011735938156991607 -0.00082565564427968083 -0.0019025474563069131 0.002478711568045478 0.0084662246408384947 0.0018267084822206612 -0.0024008562718707675 0.00014595529422118528
leaf_weight=2242 891 232 725 20 1005 253 1116
leaf_count=2242 891 232 725 20 1005 253 1116
internal_value=0 -0.000271479 0 -0.00275543 0.000121163 0 0.000593548
internal_weight=6484 1868 1616 252 4616 2495 2121
internal_count=6484 1868 1616 252 4616 2495 2121
is_linear=0
shrinkage=0.127801


Tree=203
num_leaves=7
num_cat=0
split_feature=1 1 3 1 83 6
split_gain=0.019863 0.0632074 0.0362057 0.0355709 0.0213808 0.0235894
threshold=1.6857808887296062 1.3725747982600358 1.3812929049705456 0.17689845958289116 1.0000000180025095e-35 3.3398348325421883
decision_type=2 2 2 2 2 2
left_child=1 3 -3 -1 5 -2
right_child=4 2 -4 -5 -6 -7
leaf_value=0.00016703622096339804 -0.0015229762048509295 0.0043638393750962644 -0.014989579535230545 -0.00041681658166418018 0.0033428807429065517 0.013365046937313971
leaf_weight=4117 491 286 42 1504 33 10.999999999999998
leaf_count=4117 491 286 42 1504 33 11
internal_value=-7.53661e-06 0 0.00174864 -3.82132e-05 -0.000774157 -0.0011508
internal_weight=6484 5949 328 5621 535 502
internal_count=6484 5949 328 5621 535 502
is_linear=0
shrinkage=0.127801


Tree=204
num_leaves=7
num_cat=0
split_feature=0 0 3 3 3 3
split_gain=0.0168978 0.0693619 0.0682199 0.0610825 0.0674351 3.53529e-05
threshold=-1.0689113221927291 -1.4391657068047699 0.7733058040018691 2.769291196502365 0.16700521371549124 -0.076825311467614996
decision_type=2 2 2 2 2 2
left_child=1 5 -3 4 -2 -1
right_child=3 2 -4 -5 -6 -7
leaf_value=-0.027238418307900414 -2.6404577078995379e-05 0.0008916637476150931 -0.0006972498542300497 0.017632097730284631 -0.00039723893420266711 0.0042871095033347167
leaf_weight=187 3861 619 79 112 1524 102
leaf_count=187 3861 619 79 112 1524 102
internal_value=0 0.000447821 0.00137472 -0.000118022 -0.000314832 0
internal_weight=6484 987 698 5497 5385 289
internal_count=6484 987 698 5497 5385 289
is_linear=0
shrinkage=0.127801


Tree=205
num_leaves=8
num_cat=0
split_feature=3 3 1 1 3 1 3
split_gain=0.00477696 0.0461982 0.189415 0.0217059 0.0163956 0.0550807 0.0319274
threshold=0.16700521371549124 0.27364458147314658 -0.029667426836213647 0.080798796701705658 -0.35853746120696844 -0.70031557503540454 -0.40472190758376342
decision_type=2 2 2 2 2 2 2
left_child=4 2 -2 -3 6 -6 -1
right_child=1 3 -4 -5 5 -7 -8
leaf_value=6.8419891727480183e-05 -0.0049965667998254646 0.0021711274281111105 0.0013216135283066054 -0.00057090807572365984 -0.00088072581449395552 0.00110720608747056 -0.0027327602269930362
leaf_weight=2242 147 856 142 723 583 1589 202
leaf_count=2242 147 856 142 723 583 1589 202
internal_value=0 -0.000203316 -0.00167679 0 1.05831e-05 0.000350909 0
internal_weight=6484 1868 289 1579 4616 2172 2444
internal_count=6484 1868 289 1579 4616 2172 2444
is_linear=0
shrinkage=0.127801


Tree=206
num_leaves=8
num_cat=0
split_feature=4 4 92 3 3 3 3
split_gain=0.00843589 0.0660484 0.0679939 0.0228014 0.0671185 0.0640395 0.00438406
threshold=-0.98556569898149293 -1.4867299485826846 1.0000000180025095e-35 -0.26694695799905527 -0.97430845763240825 -0.15751836103605973 -0.76258650120844995
decision_type=2 2 2 2 2 2 2
left_child=1 6 -3 4 -2 -5 -1
right_child=3 2 -4 5 -6 -7 -8
leaf_value=-0.0013036931349164733 -0.0011448456096031111 -0.00066505646222488578 0.002035157243169813 -0.006510881997521728 0.00087510798160488816 0.00032918305659300679 0.00085843691901668628
leaf_weight=70 394 839 39 416 1874 2213 639
leaf_count=70 394 839 39 416 1874 2213 639
internal_value=0 -0.000247177 -0.00115286 9.07655e-05 0.000425986 0 0
internal_weight=6484 1587 878 4897 2268 2629 709
internal_count=6484 1587 878 4897 2268 2629 709
is_linear=0
shrinkage=0.127801


Tree=207
num_leaves=7
num_cat=0
split_feature=1 1 1 3 3 3
split_gain=0.00311475 0.0382466 0.0286425 0.0272484 0.0203623 0.0244547
threshold=1.6857808887296062 1.3725747982600358 1.0385946975743388 1.3812929049705456 0.58065439144698061 -1.0312606260577253
decision_type=2 2 2 2 2 2
left_child=1 2 -1 -3 5 -2
right_child=4 3 -4 -5 -6 -7
leaf_value=6.0387887420381167e-05 0.01578352610506473 0.0047132929615134895 -0.015028952245472998 -0.0130560386230278 0.00020868187139761046 -0.0021147261411795311
leaf_weight=5446 12.999999999999998 286 175 42 109 413
leaf_count=5446 13 286 175 42 109 413
internal_value=0 1.46519e-05 0 0.00136708 -0.000302513 -0.000939545
internal_weight=6484 5949 5621 328 535 426
internal_count=6484 5949 5621 328 535 426
is_linear=0
shrinkage=0.127801


Tree=208
num_leaves=8
num_cat=0
split_feature=2 83 1 3 3 0 3
split_gain=0.0274785 0.0585892 0.0925397 0.0472552 0.0979585 0.0766522 0.006722
threshold=0.72131625555267831 1.0000000180025095e-35 0.44533759387041244 -0.8238198121349869 -0.59711385695675967 1.4421248935109925 0.82104702947001662
decision_type=2 2 2 2 2 2 2
left_child=3 2 -2 5 -5 -1 -3
right_child=1 6 -4 4 -6 -7 -8
leaf_value=-0.0010097505661494735 0.00014296835276613734 -0.013111666296284338 0.002193877405322927 0.0023138880606557765 -0.00012443424303049675 0.0087759139550695059 0.021383973074663838
leaf_weight=573 1310 109 497 470 3475 31 19
leaf_count=573 1310 109 497 470 3475 31 19
internal_value=3.59972e-06 0.00047929 0.000879477 -2.47635e-05 0 -0.00112602 0
internal_weight=6484 1935 1807 4549 3945 604 128
internal_count=6484 1935 1807 4549 3945 604 128
is_linear=0
shrinkage=0.127801


Tree=209
num_leaves=8
num_cat=0
split_feature=0 4 1 0 60 1 0
split_gain=0.0166442 0.0478023 0.0492342 0.0477454 0.158812 0.039512 0.000128596
threshold=1.0746883601779811 -1.1108567613817908 -0.59657541315185902 0.38740183499144254 1.0000000180025095e-35 -1.3096027713566591 2.0859284522662067
decision_type=2 2 2 2 2 2 2
left_child=3 2 -2 5 -5 -1 -3
right_child=1 6 -4 4 -6 -7 -8
leaf_value=-0.0022227842684248177 0.0023070602612604856 0.0015868900899218665 -0.0016658176680743487 0.0023436007289117187 -0.011919768797743441 0.00013454659234407793 -0.0013295049293642611
leaf_weight=323 22 615 220 1065 143 3915 181
leaf_count=323 22 615 220 1065 143 3915 181
internal_value=3.59972e-06 -0.000242506 -0.00183935 0.000196469 0.000902838 0 0
internal_weight=6484 1038 242 5446 1208 4238 796
internal_count=6484 1038 242 5446 1208 4238 796
is_linear=0
shrinkage=0.127801


Tree=210
num_leaves=8
num_cat=0
split_feature=1 1 118 1 4 4 3
split_gain=0.00589103 0.0479381 0.0319065 0.0114167 0.0903199 0.0250749 0.00338924
threshold=-0.3963786502377068 -0.68301025384854885 1.0000000180025095e-35 -0.20547610594208626 0.32999045622163631 0.39263598742178535 -0.38182428178178501
decision_type=2 2 2 2 2 2 2
left_child=1 6 -3 4 -2 -5 -1
right_child=3 2 -4 5 -6 -7 -8
leaf_value=0.00029637213144859803 -0.0034221230230125489 0.0013273727972861035 -0.0041250284506353721 0.00030795067046958315 0.00097506969120513714 -0.00023849536080001467 -0.00057687632189887684
leaf_weight=583 247 774 24 1889 286 1642 1039
leaf_count=583 247 774 24 1889 286 1642 1039
internal_value=3.59972e-06 0.000199201 0.00104516 0 -0.000587668 0 0
internal_weight=6484 2420 798 4064 533 3531 1622
internal_count=6484 2420 798 4064 533 3531 1622
is_linear=0
shrinkage=0.127801


Tree=211
num_leaves=8
num_cat=0
split_feature=0 1 1 1 0 1 1
split_gain=0.00881359 0.0399438 0.0394923 0.0331927 0.124593 0.122971 0.000517919
threshold=0.91939451362051006 0.44533759387041244 -0.71323871680926609 0.063490787369168564 -0.34430246828031624 -0.73950353084221854 0.68703301035126219
decision_type=2 2 2 2 2 2 2
left_child=3 2 -2 5 -5 -1 -3
right_child=1 6 -4 4 -6 -7 -8
leaf_value=-0.0001542897649543329 0.00085266471052807154 0.0030799633708064995 -0.0011431147756785873 0.00031827473949822146 -0.0034966941229647381 0.00090610590084597641 -0.00062224958401619127
leaf_weight=1401 90 276 816 1513 453 1825 110
leaf_count=1401 90 276 816 1513 453 1825 110
internal_value=0 -0.00015573 -0.000865522 0.000147071 0 0.000449974 0
internal_weight=6484 1292 906 5192 1966 3226 386
internal_count=6484 1292 906 5192 1966 3226 386
is_linear=0
shrinkage=0.127801


Tree=212
num_leaves=8
num_cat=0
split_feature=0 1 4 1 1 1 1
split_gain=0.00863319 0.0392579 0.0808146 0.079881 0.0327389 0.14775 0.0662229
threshold=-0.5283099646429229 0.66629668367237394 -1.0482112301816418 -0.68301025384854885 0.66629668367237394 -0.46597108835795226 1.6259211967069411
decision_type=2 2 2 2 2 2 2
left_child=4 3 -3 -2 5 -1 -6
right_child=1 2 -4 -5 6 -7 -8
leaf_value=0.00031325475801561762 -0.00013000904016405784 0.004113049511423157 -0.0063662502840854075 0.00092541700048000535 0.0031912164185560359 -0.0016523871915972762 -0.00040039852443473386
leaf_weight=628 1193 91 428 2500 447 723 474
leaf_count=628 1193 91 428 2500 447 723 474
internal_value=0 0.000181233 -0.000214517 0.000451899 -3.26827e-05 -0.000628945 0
internal_weight=6484 4212 519 3693 2272 1351 921
internal_count=6484 4212 519 3693 2272 1351 921
is_linear=0
shrinkage=0.127801


Tree=213
num_leaves=8
num_cat=0
split_feature=3 0 0 0 3 3 3
split_gain=0.0278489 0.0632361 0.0560292 0.0397567 0.0781559 0.0282992 0.0132937
threshold=0.16700521371549124 1.235213547187171 -0.076190589987997839 -0.53426150013758023 -0.78931120894333684 0.17829186212779788 -0.63856310026402352
decision_type=2 2 2 2 2 2 2
left_child=3 2 -2 6 -5 -3 -1
right_child=1 5 -4 4 -6 -7 -8
leaf_value=0.00070853032392072636 -0.00044635121900725823 0.020377359434878728 0.0029145074608330902 -0.00059869482833333257 0.00095445398233407798 -0.0012832491387761234 -0.00083966196766058188
leaf_weight=657 891 7.9999999999999991 675 584 2334 294 1041
leaf_count=657 891 8 675 584 2334 294 1041
internal_value=2.32889e-05 -0.000203316 0 0.000287033 0.000593482 -0.0018958 0
internal_weight=6484 1868 1566 4616 2918 302 1698
internal_count=6484 1868 1566 4616 2918 302 1698
is_linear=0
shrinkage=0.127801


Tree=214
num_leaves=8
num_cat=0
split_feature=0 1 0 0 1 4 4
split_gain=0.0129334 0.0431128 0.165942 0.0622826 0.0425312 0.0464296 0.00421905
threshold=0.91939451362051006 -0.72168610620266682 -0.43496472311184781 0.059218062103178211 0.52452983285067767 0.45528151862193439 0.58057258102223253
decision_type=2 2 2 2 2 2 2
left_child=1 3 -3 -1 5 -2 -6
right_child=4 2 -4 -5 6 -7 -8
leaf_value=0.00049551908412147848 -0.000885913678176432 -0.00016985906037189665 0.002325823977874219 -0.001124324756011366 0.0037373938123415017 0.00056858278571774508 -0.010110250036714482
leaf_weight=745 704 2122 1616 709 222 301 65
leaf_count=745 704 2122 1616 709 222 301 65
internal_value=0 9.79064e-05 0.000429406 -0.000208444 -0.000352508 -0.000919769 0
internal_weight=6484 5192 3738 1454 1292 1005 287
internal_count=6484 5192 3738 1454 1292 1005 287
is_linear=0
shrinkage=0.127801


Tree=215
num_leaves=8
num_cat=0
split_feature=1 1 0 1 0 6 4
split_gain=0.0096187 0.0665399 0.275681 0.0226622 0.0906642 0.0274885 0.000520651
threshold=-0.41717918914823621 -0.68301025384854885 -1.1571243031427116 -0.029667426836213647 -0.6784511583279188 1.0000000180025095e-35 0.76850917462267954
decision_type=2 2 2 2 2 2 2
left_child=1 6 -3 4 -2 -5 -1
right_child=3 2 -4 5 -6 -7 -8
leaf_value=-0.00027568674988555749 0.0030711720089915545 -0.0021762075727793924 0.0031811913315790388 0.000734413461445676 -0.0011918231526964753 -0.00035430446595722089 0.00048965439574970694
leaf_weight=1170 155 173 575 1425 982 1552 452
leaf_count=1170 155 173 575 1425 982 1552 452
internal_value=3.59972e-06 0.000257158 0.00128367 0 -0.000567852 2.06788e-05 0
internal_weight=6484 2370 748 4114 1137 2977 1622
internal_count=6484 2370 748 4114 1137 2977 1622
is_linear=0
shrinkage=0.127801


Tree=216
num_leaves=8
num_cat=0
split_feature=0 1 0 0 1 0 1
split_gain=0.0145144 0.0472778 0.0349834 0.0304022 0.0856522 0.0284945 0.00206349
threshold=0.91939451362051006 0.52452983285067767 2.2850618002239389 0.38740183499144254 0.81514685969934564 0.31535867863553507 0.74777073489004031
decision_type=2 2 2 2 2 2 2
left_child=3 2 -2 5 -5 -1 -3
right_child=1 6 -4 4 -6 -7 -8
leaf_value=0.00011250326847672593 -0.00083863797975836953 0.0034831145487317743 0.00090430450647784163 0.0021799481267350891 -0.013774898067983453 -0.0070962564781073016 -0.0013183793304482557
leaf_weight=4081 937 219 68 920 34 157 68
leaf_count=4081 937 219 68 920 34 157 68
internal_value=0 -0.000254119 -0.000919769 0.000171653 0.000822289 0 0
internal_weight=6484 1292 1005 5192 954 4238 287
internal_count=6484 1292 1005 5192 954 4238 287
is_linear=0
shrinkage=0.127801


Tree=217
num_leaves=7
num_cat=0
split_feature=2 3 3 3 3 45
split_gain=0.0174391 0.0323129 0.0679395 0.0486643 0.0219582 0.0315096
threshold=1.2123414105136825 0.16700521371549124 2.4471027903878428 -0.81402507701855997 -1.3042158934082202 1.0000000180025095e-35
decision_type=2 2 2 2 2 2
left_child=1 3 -3 -1 -2 -6
right_child=4 2 -4 -5 5 -7
leaf_value=-0.00045679405265451058 -0.06856755532749774 -0.00060931711876775687 0.0036965820338407803 0.00040623438133770002 0.0010705619099279104 -0.00065134373356983885
leaf_weight=761 7.9999999999999991 1399 138 3080 1059 39
leaf_count=761 8 1399 138 3080 1059 39
internal_value=0 -2.33245e-05 -0.000586286 0 0.000503287 0.000761391
internal_weight=6484 5378 1537 3841 1106 1098
internal_count=6484 5378 1537 3841 1106 1098
is_linear=0
shrinkage=0.127801


Tree=218
num_leaves=7
num_cat=0
split_feature=92 0 0 6 3 0
split_gain=0.00539795 0.060772 0.0155103 0.00371169 0.017151 0.00154377
threshold=1.0000000180025095e-35 -1.3013815735662686 0.70652702523622457 1.0716505901537572 0.16700521371549124 1.9318848517137945
decision_type=2 2 2 2 2 2
left_child=3 -2 -3 4 -1 -5
right_child=1 2 -4 5 -6 -7
leaf_value=3.7891885830263976e-06 -0.0074747967922562889 0.0057594470006343155 0.0012589247540083781 0.0023882760461171396 -0.0003260652280535325 -0.0028798313672010233
leaf_weight=4360 5.9999999999999991 125 41 390 1541 21
leaf_count=4360 6 125 41 390 1541 21
internal_value=0 0.000701935 0.00249988 0 -0.000101298 0
internal_weight=6484 172 166 6312 5901 411
internal_count=6484 172 166 6312 5901 411
is_linear=0
shrinkage=0.127801


Tree=219
num_leaves=8
num_cat=0
split_feature=4 0 3 3 1 3 1
split_gain=0.00159538 0.0391705 0.112373 0.106683 0.0244293 0.108105 0.0644106
threshold=0.70586364342253061 -0.56185662091154109 -0.2029892836626512 -0.9253347820502732 0.52452983285067767 2.3227550604660507 0.66629668367237394
decision_type=2 2 2 2 2 2 2
left_child=4 2 -2 -3 5 -1 -6
right_child=1 3 -4 -5 6 -7 -8
leaf_value=-0.00030506624280250493 0.00082962944790455407 -0.0070048426300486563 -0.019055240622693596 0.0019581695839120776 0.0059074095378742275 0.0067116061447744339 -0.00016509432644319988
leaf_weight=3206 541 112 164 1121 210 114 1016
leaf_count=3206 541 112 164 1121 210 114 1016
internal_value=0 0.000104006 0 0.000730029 -3.32009e-05 -0.000337382 0.000143336
internal_weight=6484 1938 705 1233 4546 3320 1226
internal_count=6484 1938 705 1233 4546 3320 1226
is_linear=0
shrinkage=0.127801


Tree=220
num_leaves=8
num_cat=0
split_feature=68 1 1 2 1 1 4
split_gain=0.0186717 0.0821104 0.272635 0.0713155 0.109046 0.0244348 0.00346324
threshold=1.0000000180025095e-35 -0.6578003401771727 0.39670504481049712 1.2123414105136825 -0.73950353084221854 1.6857808887296062 -1.361438886182387
decision_type=2 2 2 2 2 2 2
left_child=3 6 -3 5 -5 -1 -2
right_child=1 2 -4 4 -6 -7 -8
leaf_value=0.00010714078024121529 -0.0012266039595325673 -0.007018827235772949 0.0021091810957248047 -0.00030677696590127837 0.0028070750556473162 -0.0016774914191249068 0.004798807321649304
leaf_weight=4351 22 311 247 241 754 388 170
leaf_count=4351 22 311 247 241 754 388 170
internal_value=2.32889e-05 -0.000301007 -0.00157966 0.000204422 0.00118406 0 0
internal_weight=6484 750 558 5734 995 4739 192
internal_count=6484 750 558 5734 995 4739 192
is_linear=0
shrinkage=0.127801


Tree=221
num_leaves=8
num_cat=0
split_feature=0 1 0 1 4 0 1
split_gain=0.0189343 0.0673778 0.133428 0.053141 0.0544516 0.0496734 0.0453602
threshold=0.07240972789433997 -0.18290080205970558 -1.1428687988079134 -0.20547610594208626 -0.98556569898149293 0.38740183499144254 0.10042142495187756
decision_type=2 2 2 2 2 2 2
left_child=1 2 -1 5 -5 -2 -3
right_child=3 6 -4 4 -6 -7 -8
leaf_value=-0.00026090401781580673 -0.0025366501051211493 -0.0019842134085927914 0.0016749954877121388 -0.00079897735416580777 0.0023405995193337558 -9.6124329449620582e-05 0.0004171811403016385
leaf_weight=452 440 491 1033 336 1007 1068 1657
leaf_count=452 440 491 1033 336 1007 1068 1657
internal_value=3.59972e-06 0.000283794 0.000966498 -7.5251e-05 0.000102511 -0.000757794 0
internal_weight=6484 3633 1485 2851 1343 1508 2148
internal_count=6484 3633 1485 2851 1343 1508 2148
is_linear=0
shrinkage=0.127801


Tree=222
num_leaves=8
num_cat=0
split_feature=0 3 3 0 4 3 4
split_gain=0.0393648 0.0679081 0.116708 0.0321073 0.0612259 0.0202524 0.0114769
threshold=0.91939451362051006 -0.44844145373258321 -0.21615704014367562 -0.86867626891839766 -1.4867299485826846 0.7733058040018691 -1.4240844173825358
decision_type=2 2 2 2 2 2 2
left_child=3 6 -3 5 -5 -1 -2
right_child=1 2 -4 4 -6 -7 -8
leaf_value=0.00051355221204128798 -0.011865941390306103 -0.0035512030374907446 -9.1517495574255432e-05 0.0024051805236265118 0.00010767816929960525 -0.0024053876112974143 0.0023232281083487394
leaf_weight=1204 26 229 767 379 3459 150 270
leaf_count=1204 26 229 767 379 3459 150 270
internal_value=3.59972e-06 -0.000450896 -0.00117013 0.000269982 0.000484715 0 0
internal_weight=6484 1292 996 5192 3838 1354 296
internal_count=6484 1292 996 5192 3838 1354 296
is_linear=0
shrinkage=0.127801


Tree=223
num_leaves=8
num_cat=0
split_feature=4 4 68 4 2 5 2
split_gain=0.0337367 0.0601726 0.0635301 0.016562 0.0392396 0.0182041 0.00653167
threshold=0.70586364342253061 1.0817368306234247 1.0000000180025095e-35 0.51792704982208349 -0.75175920933033435 1.0000000180025095e-35 -0.75175920933033435
decision_type=2 2 2 2 2 2 2
left_child=3 2 -2 5 -5 -1 -3
right_child=1 6 -4 4 -6 -7 -8
leaf_value=-0.00029242031411092233 0.0013214902549617553 -0.0018289829981291254 -0.0028328132676878441 0.00092764936651659399 -0.0060670269452956001 0.0003457676437426322 0.00052353204006418998
leaf_weight=1393 1085 245 116 246 438 2469 492
leaf_count=1393 1085 245 116 246 438 2469 492
internal_value=0.000102046 0.000563973 0.00115141 0 -0.000625708 0 0
internal_weight=6484 1938 1201 4546 684 3862 737
internal_count=6484 1938 1201 4546 684 3862 737
is_linear=0
shrinkage=0.127801


Tree=224
num_leaves=8
num_cat=0
split_feature=4 0 0 0 0 0 4
split_gain=0.0319857 0.0504895 0.112209 0.013932 0.00552301 0.10022 0.0200737
threshold=0.70586364342253061 0.63584654482058911 -0.56185662091154109 0.71699597088782407 -0.076190589987997839 -0.34430246828031624 -0.10852826217940668
decision_type=2 2 2 2 2 2 2
left_child=4 2 -2 -3 5 -1 -6
right_child=1 3 -4 -5 6 -7 -8
leaf_value=6.7365743907387028e-05 -4.146547105904409e-05 -0.022340289437507026 0.0017581769523566685 0.00098878398676611524 0.00031223855510960916 -0.0080423875157695276 -0.00029532140852545216
leaf_weight=1878 705 49 886 298 1304 356 1008
leaf_count=1878 705 49 886 298 1304 356 1008
internal_value=0.000121735 0.000563973 0.000950372 0 0 -0.000192921 5.41647e-05
internal_weight=6484 1938 1591 347 4546 2234 2312
internal_count=6484 1938 1591 347 4546 2234 2312
is_linear=0
shrinkage=0.127801


Tree=225
num_leaves=8
num_cat=0
split_feature=0 3 1 60 3 0 0
split_gain=0.0331606 0.0722398 0.155832 0.0475734 0.0453757 0.0680348 0.00666198
threshold=0.91939451362051006 -0.45486316748441274 -0.81887172178867396 1.0000000180025095e-35 -0.44013863191203578 1.285367955502579 1.9318848517137945
decision_type=2 2 2 2 2 2 2
left_child=1 3 -3 -1 6 -6 -2
right_child=4 2 -4 -5 5 -7 -8
leaf_value=0.00010458612038921821 0.0014730965993110545 -0.00067475786378555557 0.00087736467293895364 -0.004194108130998438 -0.0016854416561585832 0.00010222591094097331 -0.0088780718189306277
leaf_weight=1570 247 815 2601 206 382 610 53
leaf_count=1570 247 815 2601 206 382 610 53
internal_value=0.000200491 0.000392892 0.000761027 0 0 -0.000842183 0.000325939
internal_weight=6484 5192 3416 1776 1292 992 300
internal_count=6484 5192 3416 1776 1292 992 300
is_linear=0
shrinkage=0.127801


Tree=226
num_leaves=8
num_cat=0
split_feature=1 0 0 3 1 0 1
split_gain=0.0291181 0.0838998 0.161305 0.070742 0.011637 0.0683362 0.0227198
threshold=-0.3963786502377068 0.31535867863553507 -0.7596162047716718 -0.43287366281905676 -0.20547610594208626 -0.68944079403594494 0.17689845958289116
decision_type=2 2 2 2 2 2 2
left_child=1 2 -1 -3 5 -2 -6
right_child=4 3 -4 -5 6 -7 -8
leaf_value=-7.480346214069291e-05 0.0032698743727429562 0.0022908024278525899 0.0040607487055586058 -0.0018972230445271092 0.00061343064889765337 -0.0018197803994383767 -6.611014389611581e-05
leaf_weight=531 76 275 936 678 1164 457 2367
leaf_count=531 76 275 936 678 1164 457 2367
internal_value=0.000161113 0.000515157 0.00116906 0 0 -0.000587668 3.189e-05
internal_weight=6484 2420 1467 953 4064 533 3531
internal_count=6484 2420 1467 953 4064 533 3531
is_linear=0
shrinkage=0.127801


Tree=227
num_leaves=8
num_cat=0
split_feature=3 6 4 1 1 4 4
split_gain=0.0412724 0.125306 0.125582 0.0725653 0.190986 0.0375286 0.0238323
threshold=-0.3457588994987823 1.0000000180025095e-35 1.2070278930237228 -0.81887172178867396 -0.29304897387942813 -0.29646485577985376 -0.29646485577985376
decision_type=2 2 2 2 2 2 2
left_child=1 5 -3 6 -5 -1 -2
right_child=3 2 -4 4 -6 -7 -8
leaf_value=-0.00042924295010377081 0.00037732259663705603 -0.0088484678183567717 0.0014531947570733462 0.0020011205861349434 0.00010331733545949638 0.00060098085941860289 -0.0048234231921681749
leaf_weight=749 289 334 70 874 2333 1342 493
leaf_count=749 289 334 70 874 2333 1342 493
internal_value=2.32889e-05 -0.000218769 -0.00229604 0.000373649 0.000734963 0 -9.44086e-05
internal_weight=6484 2495 404 3989 3207 2091 782
internal_count=6484 2495 404 3989 3207 2091 782
is_linear=0
shrinkage=0.127801


Tree=228
num_leaves=8
num_cat=0
split_feature=3 6 5 0 0 6 5
split_gain=0.0236945 0.0532182 0.12913 0.051688 0.132236 0.0152225 0.00600572
threshold=-0.35853746120696844 1.0000000180025095e-35 1.0000000180025095e-35 0.29277530628345672 -0.6539773439409734 1.0000000180025095e-35 -1.5273276664610476
decision_type=2 2 2 2 2 2 2
left_child=1 6 -3 4 -2 -5 -1
right_child=3 2 -4 5 -6 -7 -8
leaf_value=-0.00082772612680814849 -0.00020258904828368267 0.0093268417333830615 -0.0181413253003022 -0.00087706952228437348 0.0024053883739935844 0.00040152872789757041 0.00030565951787443914
leaf_weight=267 985 115 267 539 1350 1166 1795
leaf_count=267 985 115 267 539 1350 1166 1795
internal_value=4.29781e-05 -7.21041e-05 -0.00150586 0.000308939 0.000724852 0 0
internal_weight=6484 2444 382 4040 2335 1705 2062
internal_count=6484 2444 382 4040 2335 1705 2062
is_linear=0
shrinkage=0.127801


Tree=229
num_leaves=8
num_cat=0
split_feature=4 4 2 1 2 1 1
split_gain=0.0351796 0.0825299 0.0676954 0.0386527 0.165889 0.0556458 0.0199802
threshold=0.70586364342253061 1.1443823618235738 0.72131625555267831 -0.81887172178867396 -0.75175920933033435 -0.047211329028630594 0.080798796701705658
decision_type=2 2 2 2 2 2 2
left_child=3 2 -2 4 -1 -5 -3
right_child=1 6 -4 5 -6 -7 -8
leaf_value=0.0013098614083860718 0.0017699851326227322 -0.0012893845904873779 -1.4981187279555998e-05 0.00042921541085355982 -0.0016991268412558489 -0.00010062737895468065 0.0036398682180445816
leaf_weight=328 903 409 426 1452 542 2224 200
leaf_count=328 903 409 426 1452 542 2224 200
internal_value=8.23564e-05 0.000563973 0.00121329 0 -0.000842759 4.7985e-05 0
internal_weight=6484 1938 1329 4546 870 3676 609
internal_count=6484 1938 1329 4546 870 3676 609
is_linear=0
shrinkage=0.127801


Tree=230
num_leaves=8
num_cat=0
split_feature=4 4 1 1 1 1 3
split_gain=0.0414985 0.0574205 0.0535412 0.105356 0.0471435 0.0141749 3.60987e-05
threshold=-0.98556569898149293 -1.2987933549822379 -1.0398142558938177 -0.30259158538577674 -1.5423236712339634 -1.4820958913536872 1.4914998914792175
decision_type=2 2 2 2 2 2 2
left_child=1 6 5 -4 -3 -2 -1
right_child=2 4 3 -5 -6 -7 -8
leaf_value=-5.2180325969535068e-05 0.00022350778777652423 0.0022671223810488972 0.0010903199955926539 1.6268370283737429e-05 -0.0006910517540046837 -0.00701910630034293 0.0038123537720175594
leaf_weight=753 350 47 1565 2820 604 162 183
leaf_count=753 350 47 1565 2820 604 162 183
internal_value=4.29781e-05 -0.000327357 0.000325314 0.000561111 -0.0012981 -0.000143529 0
internal_weight=6484 1587 4897 4385 651 512 936
internal_count=6484 1587 4897 4385 651 512 936
is_linear=0
shrinkage=0.127801


Tree=231
num_leaves=7
num_cat=0
split_feature=1 1 0 0 0 68
split_gain=0.0108723 0.0409881 0.0898821 0.0399238 0.069206 0.0265229
threshold=-1.088502795330059 -0.3963786502377068 -0.7596162047716718 0.65801001328621511 -0.0080395933647701978 1.0000000180025095e-35
decision_type=2 2 2 2 2 2
left_child=3 2 -2 4 -1 -3
right_child=1 5 -4 -5 -6 -7
leaf_value=0.004647346305929792 -8.9509094678034482e-05 9.863648004924853e-05 0.0012746829879041464 0.0016249498329672753 -0.0044610677588542381 -0.0020604705663825494
leaf_weight=137 531 3582 1265 142 345 482
leaf_count=137 531 3582 1265 142 345 482
internal_value=0 0.000147752 0.0006651 -0.000280096 -0.00119787 0
internal_weight=6484 5860 1796 624 482 4064
internal_count=6484 5860 1796 624 482 4064
is_linear=0
shrinkage=0.127801


Tree=232
num_leaves=7
num_cat=0
split_feature=6 125 0 4 0 4
split_gain=0.0228457 0.0293235 0.025193 0.0104171 0.0254173 0.0241499
threshold=1.0716505901537572 1.0000000180025095e-35 -0.41012315178684772 -0.98556569898149293 -0.42663788277842418 -1.2987933549822379
decision_type=2 2 2 2 2 2
left_child=3 2 -2 5 -5 -1
right_child=1 -3 -4 4 -6 -7
leaf_value=9.5577162100002702e-05 0.0071352752581639789 -0.0036125804793097254 0.00082757697952250825 -5.4867893452779637e-05 0.00061986000307842951 -0.00058660345528839726
leaf_weight=872 136 4.9999999999999991 274 1750 2833 614
leaf_count=872 136 5 274 1750 2833 614
internal_value=8.23564e-05 0.00099433 0.00146604 0 0.000113681 -0.000272459
internal_weight=6484 415 410 6069 4583 1486
internal_count=6484 415 410 6069 4583 1486
is_linear=0
shrinkage=0.127801


Tree=233
num_leaves=8
num_cat=0
split_feature=3 60 2 3 2 6 1
split_gain=0.0135579 0.0629949 0.1577 0.133103 0.0486877 0.076271 0.0360585
threshold=0.16700521371549124 1.0000000180025095e-35 -0.26073405436933023 -0.84418767191351718 1.2123414105136825 -1.1965336522346741 -0.82975509858098229
decision_type=2 2 2 2 2 2 2
left_child=1 3 -3 -1 5 -2 -6
right_child=4 2 -4 -5 6 -7 -8
leaf_value=-0.00059040930437616887 0.018651614258208375 -0.003864811648385833 0.0032946758564410487 0.00067868081326309703 -0.0032309730245551351 -0.00063018069865482674 0.0070652960271502235
leaf_weight=780 58 278 292 3266 57 1479 274
leaf_count=780 58 278 292 3266 57 1479 274
internal_value=0 0.000176453 -0.000616435 0.000485066 -0.000203316 -0.000751838 0
internal_weight=6484 4616 570 4046 1868 1537 331
internal_count=6484 4616 570 4046 1868 1537 331
is_linear=0
shrinkage=0.127801


Tree=234
num_leaves=8
num_cat=0
split_feature=4 0 3 0 3 0 0
split_gain=0.0112916 0.0781071 0.0436156 0.0372138 0.0297472 0.0306833 0.00906409
threshold=-0.98556569898149293 -0.7596162047716718 -0.90665343295404166 -0.36278913861678891 -0.97430845763240825 2.0859284522662067 1.0077664987866524
decision_type=2 2 2 2 2 2 2
left_child=1 2 -1 -3 6 -6 -2
right_child=4 3 -4 -5 5 -7 -8
leaf_value=0.0010869049228999278 -0.0011061297323169911 0.00094284823607683845 -0.0007647571326425955 -0.00026470341791195713 0.00045987618884472183 -0.0022851134794676276 0.017639701084722459
leaf_weight=23 369 338 443 783 4345 158 25
leaf_count=23 369 338 443 783 4345 158 25
internal_value=0 -0.000166998 -0.00167076 0 0.000168948 0.000370737 -0.00012202
internal_weight=6484 1587 466 1121 4897 4503 394
internal_count=6484 1587 466 1121 4897 4503 394
is_linear=0
shrinkage=0.127801


Tree=235
num_leaves=8
num_cat=0
split_feature=1 4 1 1 1 5 6
split_gain=0.00664179 0.059983 0.0463742 0.023896 0.0429507 0.032765 0.00144047
threshold=0.52452983285067767 0.39263598742178535 2.231689484206115 -0.3963786502377068 -0.72168610620266682 1.0000000180025095e-35 -1.1965336522346741
decision_type=2 2 2 2 2 2 2
left_child=3 2 -2 4 -1 -5 -3
right_child=1 6 -4 5 -6 -7 -8
leaf_value=-0.00020564498273650052 0.00081061500009801881 0.014447990558375786 -0.0016184109041198988 -0.00053211211183807673 0.00045779663356379762 2.738026240385783e-05 -0.0009952878104943965
leaf_weight=1544 840 30 39 985 876 1363 807
leaf_count=1544 840 30 39 985 876 1363 807
internal_value=0 0.000250924 0.00110828 0 0.000146541 -0.000378952 0
internal_weight=6484 1716 879 4768 2420 2348 837
internal_count=6484 1716 879 4768 2420 2348 837
is_linear=0
shrinkage=0.127801


Tree=236
num_leaves=8
num_cat=0
split_feature=3 3 6 1 0 0 0
split_gain=0.0165356 0.0438671 0.0577067 0.0398062 0.167596 0.0315644 0.00578792
threshold=0.16700521371549124 -0.3457588994987823 1.0000000180025095e-35 1.1724041194827879 -0.076190589987997839 -0.32891594480249686 -0.83945634407116632
decision_type=2 2 2 2 2 2 2
left_child=1 6 -3 4 -2 -5 -1
right_child=3 2 -4 5 -6 -7 -8
leaf_value=0.00073922935112609987 -0.0015167741382912244 -5.9602191373349767e-05 0.0021325138340962226 0.002556478655126421 0.00021163013603302849 -0.01680307963860142 -0.00024584213482039521
leaf_weight=640 531 985 1136 314 965 58 1855
leaf_count=640 531 985 1136 314 965 58 1855
internal_value=0 0.000204098 0.000653607 -0.000203316 -0.000695817 0 0
internal_weight=6484 4616 2121 1868 1496 372 2495
internal_count=6484 4616 2121 1868 1496 372 2495
is_linear=0
shrinkage=0.127801


Tree=237
num_leaves=7
num_cat=0
split_feature=6 125 1 3 2 2
split_gain=0.0123506 0.02197 0.0290881 0.0135534 0.0642366 0.0202652
threshold=1.0716505901537572 1.0000000180025095e-35 -0.55801940310457943 0.16700521371549124 1.2123414105136825 -0.75175920933033435
decision_type=2 2 2 2 2 2
left_child=3 2 -2 5 -5 -1
right_child=1 -3 -4 4 -6 -7
leaf_value=0.00035472198496290291 -0.00015489546554708458 -0.0029790425154185224 0.0032624144093026265 -0.00048040156374798751 0.0012508174102933468 -0.00016233017428200723
leaf_weight=1701 114 4.9999999999999991 296 1326 285 2757
leaf_count=1701 114 5 296 1326 285 2757
internal_value=0 0.000691439 0.00115951 0 -0.000369895 0
internal_weight=6484 415 410 6069 1611 4458
internal_count=6484 415 410 6069 1611 4458
is_linear=0
shrinkage=0.127801


Tree=238
num_leaves=8
num_cat=0
split_feature=4 2 1 4 4 0 1
split_gain=0.0273567 0.0753034 0.0841709 0.0715102 0.0541554 0.0973152 0.0199802
threshold=0.70586364342253061 0.72131625555267831 0.19828235870676117 0.39263598742178535 1.1443823618235738 1.023691457787882 0.080798796701705658
decision_type=2 2 2 2 2 2 2
left_child=1 3 -3 -1 5 -2 -6
right_child=4 2 -4 -5 6 -7 -8
leaf_value=-6.4321016282124381e-05 0.0012480155060914083 -0.00016778982238070892 0.0028342651907971674 -0.001131225804964644 -0.0010173087645664216 -0.0083706667303298198 0.0030890877722047701
leaf_weight=2392 1194 821 489 844 409 135 200
leaf_count=2392 1194 821 489 844 409 135 200
internal_value=0 -0.000201621 0.000270055 -0.000637749 0.000366844 0.000926295 0
internal_weight=6484 4546 1310 3236 1938 1329 609
internal_count=6484 4546 1310 3236 1938 1329 609
is_linear=0
shrinkage=0.127801


Tree=239
num_leaves=7
num_cat=0
split_feature=6 1 1 1 1 1
split_gain=0.000772977 0.014756 0.037105 0.0193797 0.00584814 0.00945882
threshold=1.0716505901537572 -0.41717918914823621 1.3322709034750566 -0.72168610620266682 2.2539573336078051 -0.46597108835795226
decision_type=2 2 2 2 2 2
left_child=1 3 -3 -1 5 -2
right_child=4 2 -4 -5 -6 -7
leaf_value=-0.00017764346786580744 4.2615140186312683e-05 -0.00030652876322066481 0.0009727752990068547 0.00044207319576317891 -0.0043414802320642385 0.0025848759354361451
leaf_weight=1457 135 3012 829 771 6.9999999999999991 273
leaf_count=1457 135 3012 829 771 7 273
internal_value=0 -3.96024e-05 -0.000255168 0 8.56589e-05 0.000487504
internal_weight=6484 6069 3841 2228 415 408
internal_count=6484 6069 3841 2228 415 408
is_linear=0
shrinkage=0.127801


Tree=240
num_leaves=8
num_cat=0
split_feature=0 0 60 4 0 4 0
split_gain=0.0344329 0.0395436 0.0753145 0.0394774 0.0207782 0.0451079 0.00432028
threshold=-0.5283099646429229 0.91939451362051006 1.0000000180025095e-35 -0.10852826217940668 -1.0689113221927291 -1.9252486669837279 -1.1714496862562298
decision_type=2 2 2 2 2 2 2
left_child=4 2 -2 -3 6 -6 -1
right_child=1 3 -4 -5 5 -7 -8
leaf_value=-0.00018756345346120304 0.000795542451978047 0.00029337446041106902 -0.0012355921839818154 -0.0020434041232229591 0.0015215019016725543 -0.00034337980503419636 0.0033779585835749691
leaf_weight=777 2595 675 325 617 86 1199 210
leaf_count=777 2595 675 325 617 86 1199 210
internal_value=0 9.03563e-05 0.000470818 -0.00015573 -0.000481317 -0.000819351 0
internal_weight=6484 4212 2920 1292 2272 1285 987
internal_count=6484 4212 2920 1292 2272 1285 987
is_linear=0
shrinkage=0.127801


Tree=241
num_leaves=7
num_cat=0
split_feature=4 4 79 4 3 4
split_gain=0.0319214 0.0533453 0.091042 0.0302147 0.119596 0.0119904
threshold=-0.98556569898149293 -1.737312073383281 1.0000000180025095e-35 -0.67233804298074784 0.032992480268218757 -0.42175591818015173
decision_type=2 2 2 2 2 2
left_child=1 -1 -3 4 -2 -5
right_child=3 2 -4 5 -6 -7
leaf_value=0.00013997584666235551 -0.00055426459095878999 -0.00058853285773268708 0.0029730852932089496 -0.0028470833684807145 0.010459447045753342 0.00011059810665118775
leaf_weight=419 164 1089 79 202 139 4392
leaf_count=419 164 1089 79 202 139 4392
internal_value=0 -0.000567895 -0.00108586 3.86437e-05 0.00127117 0
internal_weight=6484 1587 1168 4897 303 4594
internal_count=6484 1587 1168 4897 303 4594
is_linear=0
shrinkage=0.127801


Tree=242
num_leaves=8
num_cat=0
split_feature=0 0 92 4 0 0 0
split_gain=0.044055 0.0420045 0.0453208 0.0371763 0.109728 0.0248806 2.21225e-05
threshold=-0.5283099646429229 -1.2679763747404909 1.0000000180025095e-35 0.58057258102223253 0.059218062103178211 -0.076190589987997839 -1.4391657068047699
decision_type=2 2 2 2 2 2 2
left_child=1 6 -3 5 -5 -2 -1
right_child=3 2 -4 4 -6 -7 -8
leaf_value=-0.0010751800868775967 -0.00089762078377635958 -0.00028195064186896254 0.0027441018941671406 0.0026892913508453397 -0.00025549922823787257 0.00013844749654456291 0.00040051976091219383
leaf_weight=289 599 1614 66 565 946 2102 303
leaf_count=289 599 1614 66 565 946 2102 303
internal_value=0 -0.000537396 -0.000892655 0.000120649 0.000663684 0 0
internal_weight=6484 2272 1680 4212 1511 2701 592
internal_count=6484 2272 1680 4212 1511 2701 592
is_linear=0
shrinkage=0.127801


Tree=243
num_leaves=8
num_cat=0
split_feature=0 4 0 4 0 0 4
split_gain=0.0331935 0.053573 0.107716 0.0469476 0.15822 0.0403375 0.0167646
threshold=-0.42663788277842418 0.39263598742178535 -1.047631618860142 0.45528151862193439 0.31535867863553507 0.24272201547589603 -0.98556569898149293
decision_type=2 2 2 2 2 2 2
left_child=1 6 -3 5 -5 -2 -1
right_child=3 2 -4 4 -6 -7 -8
leaf_value=-0.00014909796069353549 -0.0012067859215671548 0.00035954845868333785 -0.00095558236380447923 0.0040892145784867722 -0.00025620299208914269 0.0001313958508716076 0.0017263618109898825
leaf_weight=765 685 527 748 737 938 1523 561
leaf_count=765 685 527 748 737 938 1523 561
internal_value=0 -0.000425497 -0.00102513 0.000134138 0.000705349 0 0
internal_weight=6484 2601 1275 3883 1675 2208 1326
internal_count=6484 2601 1275 3883 1675 2208 1326
is_linear=0
shrinkage=0.127801


Tree=244
num_leaves=8
num_cat=0
split_feature=0 1 1 1 1 0 3
split_gain=0.0146083 0.128014 0.137592 0.0693872 0.032393 0.0825369 0.044019
threshold=-0.5283099646429229 0.66629668367237394 -0.52744687979974414 1.6857808887296062 0.81514685969934564 -0.34430246828031624 -0.78931120894333684
decision_type=2 2 2 2 2 2 2
left_child=1 2 -1 -3 6 -6 -2
right_child=4 3 -4 -5 5 -7 -8
leaf_value=0.00021931830615204231 -0.00068322815206442336 0.0025893520788497016 -0.0010066275832012353 -0.00046057140908752032 0.0034785225330193014 -0.011662735008641225 0.00043614322451898657
leaf_weight=543 547 482 808 439 173 168 3324
leaf_count=543 547 482 808 439 173 168 3324
internal_value=0 -0.000313079 -0.00128774 0.000259311 6.00641e-05 -0.000618109 0.000325698
internal_weight=6484 2272 1351 921 4212 341 3871
internal_count=6484 2272 1351 921 4212 341 3871
is_linear=0
shrinkage=0.127801


Tree=245
num_leaves=7
num_cat=0
split_feature=4 4 1 4 1 1
split_gain=0.0088738 0.067062 0.0977759 0.0489806 0.0902211 0.0437423
threshold=1.1443823618235738 0.70586364342253061 0.19828235870676117 1.3323189554240209 0.79250558932359938 -0.33659694517481559
decision_type=2 2 2 2 2 2
left_child=1 5 -3 4 -2 -1
right_child=3 2 -4 -5 -6 -7
leaf_value=-0.00027837235851521918 -0.0060775497126918099 0.00120019611390926 -0.000362846671733401 0.0020313689202995536 0.0083598237686119421 0.00013108972134400534
leaf_weight=1724 292 906 423 265 52 2822
leaf_count=1724 292 906 423 265 52 2822
internal_value=0 9.30561e-05 0.000926295 -0.000390662 -0.00159608 0
internal_weight=6484 5875 1329 609 344 4546
internal_count=6484 5875 1329 609 344 4546
is_linear=0
shrinkage=0.127801


Tree=246
num_leaves=8
num_cat=0
split_feature=3 2 6 2 3 6 6
split_gain=0.00722063 0.0486877 0.076271 0.0326722 0.0721274 0.0190681 0.00355359
threshold=0.16700521371549124 1.2123414105136825 -1.1965336522346741 -0.75175920933033435 -0.15174530523896049 1.0000000180025095e-35 2.2057427113479728
decision_type=2 2 2 2 2 2 2
left_child=3 2 -2 4 -1 -5 -3
right_child=1 6 -4 5 -6 -7 -8
leaf_value=9.5482701881096637e-05 0.016019417137077878 0.0018044004095574646 -0.00062799730374947375 0.00017935046892161169 0.0024743806511835606 -0.0014338266460840483 -0.11848276791205557
leaf_weight=1287 58 323 1479 1900 474 955 7.9999999999999991
leaf_count=1287 58 323 1479 1900 474 955 8
internal_value=0 -0.000203316 -0.000751838 9.35181e-05 0.000569834 0 0
internal_weight=6484 1868 1537 4616 1761 2855 331
internal_count=6484 1868 1537 4616 1761 2855 331
is_linear=0
shrinkage=0.127801


Tree=247
num_leaves=8
num_cat=0
split_feature=0 3 1 3 0 1 0
split_gain=0.0154735 0.134118 0.146924 0.0443443 0.0850951 0.0332243 0.0276757
threshold=-0.56185662091154109 -0.60600047093656439 0.64308795434895238 -0.64803350640308544 0.27566354130335718 -0.029667426836213647 -1.6134663080850815
decision_type=2 2 2 2 2 2 2
left_child=1 6 -3 5 -5 -2 -1
right_child=3 2 -4 4 -6 -7 -8
leaf_value=-0.023074049002176598 0.0003438395537558531 -0.0016179163769912287 8.8454936696832936e-05 0.0017817143429373899 -3.8145262113156066e-06 -0.0016522083503593622 0.00089235361055482775
leaf_weight=21 571 773 710 1422 2085 286 616
leaf_count=21 571 773 710 1422 2085 286 616
internal_value=0 -0.000227296 -0.0011565 0.000180778 0.000490367 -0.000160177 0.000691225
internal_weight=6484 2120 1483 4364 3507 857 637
internal_count=6484 2120 1483 4364 3507 857 637
is_linear=0
shrinkage=0.127801


Tree=248
num_leaves=8
num_cat=0
split_feature=0 6 3 3 0 0 3
split_gain=0.00520296 0.0216945 0.0507468 0.0212746 0.0831504 0.0382967 0.00204583
threshold=-0.42663788277842418 1.0716505901537572 -0.60600047093656439 0.41466282083150613 -0.10131573741063589 -0.06146492615899344 2.5905859299741771
decision_type=2 2 2 2 2 2 2
left_child=1 2 -1 4 -2 -5 -3
right_child=3 6 -4 5 -6 -7 -8
leaf_value=0.00015294820342436622 0.0044207430416371898 0.0059256178789979736 -0.0005457791049985663 -0.0095012831446773353 3.100229597313274e-05 0.00064992641178330775 -0.0023192304670940785
leaf_weight=814 517 107 1656 181 2510 675 24
leaf_count=814 517 107 1656 181 2510 675 24
internal_value=0 -0.000131469 -0.000401564 0.000101284 0.000357329 0 0
internal_weight=6484 2601 2470 3883 3027 856 131
internal_count=6484 2601 2470 3883 3027 856 131
is_linear=0
shrinkage=0.127801


Tree=249
num_leaves=7
num_cat=0
split_feature=1 1 3 3 1 1
split_gain=0.0108243 0.0371164 0.0605851 0.0244674 0.016595 0.00749307
threshold=1.6857808887296062 1.3725747982600358 1.3812929049705456 -0.47620401419503844 1.7491799355876447 -0.30259158538577674
decision_type=2 2 2 2 2 2
left_child=1 5 -3 -2 -5 -1
right_child=3 2 -4 4 -6 -7
leaf_value=0.00022943663025603195 0.0023710079092028663 0.0054274999189253617 -0.017519673593042413 0.0072442153501453615 -0.0010319942985919535 -0.00024862417856332246
leaf_weight=2700 144 286 42 36 355 2921
leaf_count=2700 144 286 42 36 355 2921
internal_value=0 5.75675e-05 0.00136708 -0.000538335 -0.00118276 0
internal_weight=6484 5949 328 535 391 5621
internal_count=6484 5949 328 535 391 5621
is_linear=0
shrinkage=0.127801


Tree=250
num_leaves=8
num_cat=0
split_feature=0 4 0 4 0 4 0
split_gain=0.020278 0.0562523 0.185576 0.0517067 0.0321691 0.0146435 3.60987e-05
threshold=-0.6165431365289481 -1.4867299485826846 0.70652702523622457 0.64321811222238157 -1.3102888495333884 0.079408331421040215 -1.4391657068047699
decision_type=2 2 2 2 2 2 2
left_child=4 2 -2 -3 6 -6 -1
right_child=1 3 -4 -5 5 -7 -8
leaf_value=-0.0011246789130162666 0.0071478392969252461 -0.00030467226524623321 -0.00062433187565210367 0.0004745181007077831 -0.00054334562429555848 -6.9085347285265832e-05 0.0022099414261962857
leaf_weight=289 229 2725 164 1456 665 773 183
leaf_count=289 229 2725 164 1456 665 773 183
internal_value=0 0.000172491 0.00162422 0 -0.000318866 -0.000706058 0
internal_weight=6484 4574 393 4181 1910 1438 472
internal_count=6484 4574 393 4181 1910 1438 472
is_linear=0
shrinkage=0.127801


Tree=251
num_leaves=8
num_cat=0
split_feature=4 3 3 3 3 3 4
split_gain=0.0229186 0.0957016 0.14523 0.038247 0.0127103 0.0449653 0.0426735
threshold=-0.98556569898149293 -0.29185542346069743 -0.90665343295404166 0.16700521371549124 -0.039657210661570748 -0.14285869125915582 -0.48440144938030077
decision_type=2 2 2 2 2 2 2
left_child=1 2 -1 -3 5 -2 -6
right_child=4 3 -4 -5 6 -7 -8
leaf_value=0.00066327106454711418 3.4394563986715663e-05 0.0025024110100332012 -0.0010221814679333685 -0.00023216271873696968 0.0039551690491418908 0.0017090927173142683 -0.00081545464013036556
leaf_weight=109 2751 285 475 718 246 432 1468
leaf_count=109 2751 285 475 718 246 432 1468
internal_value=-2.72258e-05 -0.000487715 -0.00181293 0 0 0.000243701 -0.00010269
internal_weight=6484 1587 584 1003 4897 3183 1714
internal_count=6484 1587 584 1003 4897 3183 1714
is_linear=0
shrinkage=0.127801


Tree=252
num_leaves=8
num_cat=0
split_feature=2 1 25 3 1 1 1
split_gain=0.00811409 0.032876 0.0284597 0.0166618 0.0146474 0.0597737 0.0365157
threshold=-0.26073405436933023 -0.047211329028630594 1.0000000180025095e-35 1.0000000180025095e-35 0.39670504481049712 0.79250558932359938 -0.28000654168418865
decision_type=2 2 2 2 2 2 2
left_child=1 3 -3 -1 6 -6 -2
right_child=4 2 -4 -5 5 -7 -8
leaf_value=0.00040394682226855145 0.00025162731702179665 -0.00037093586197700515 0.00038159942069415946 -0.0013932719933395753 0.0020762175366596802 -9.0913249201226469e-05 -0.0008868347205365604
leaf_weight=1112 1426 1428 81 556 354 616 911
leaf_count=1112 1426 1428 81 556 354 616 911
internal_value=0 -0.00020402 -0.000664559 0 0 0.000494859 0
internal_weight=6484 3177 1509 1668 3307 970 2337
internal_count=6484 3177 1509 1668 3307 970 2337
is_linear=0
shrinkage=0.127801


Tree=253
num_leaves=8
num_cat=0
split_feature=0 3 0 4 1 3 1
split_gain=0.050958 0.122814 0.135092 0.0240384 0.0693919 0.0160871 0.013644
threshold=-0.5283099646429229 -0.60600047093656439 -1.3574612321484096 0.64321811222238157 -0.54982342656668781 -0.86630690816981926 0.66629668367237394
decision_type=2 2 2 2 2 2 2
left_child=1 5 -3 6 -5 -1 -2
right_child=3 2 -4 4 -6 -7 -8
leaf_value=-9.4038280232360872e-05 0.00014891943543821935 0.00081603274849017561 -0.00081700019553224677 -0.00086432182069667342 0.0011676291906435967 0.0013654795337976454 -0.0035957959701685932
leaf_weight=353 2475 331 1242 467 895 346 375
leaf_count=353 2475 331 1242 467 895 346 375
internal_value=-2.72258e-05 -0.000593475 -0.00133329 9.03563e-05 0.000558542 0 0
internal_weight=6484 2272 1573 4212 1362 699 2850
internal_count=6484 2272 1573 4212 1362 699 2850
is_linear=0
shrinkage=0.127801


Tree=254
num_leaves=8
num_cat=0
split_feature=4 3 1 5 1 4 3
split_gain=0.0231906 0.0600942 0.0720026 0.0101884 0.185091 0.0418447 0.00660802
threshold=-0.98556569898149293 -0.023505627588787197 -0.60523467588495772 -1.5273276664610476 -0.019273964145061797 0.39263598742178535 0.16700521371549124
decision_type=2 2 2 2 2 2 2
left_child=1 2 -1 4 -2 -5 -3
right_child=3 6 -4 5 -6 -7 -8
leaf_value=0.00041618539116133825 -0.0052257419807915633 0.006353862326332913 -0.00065932626085108651 0.00055845042265072577 0.010051553102534316 -0.00021545617519438712 -0.00018992956624760583
leaf_weight=222 194 111 536 1669 147 2887 718
leaf_count=222 194 111 536 1669 147 2887 718
internal_value=-7.53661e-06 -0.000487715 -0.00133372 0 0.000691572 0 0
internal_weight=6484 1587 758 4897 341 4556 829
internal_count=6484 1587 758 4897 341 4556 829
is_linear=0
shrinkage=0.127801


Tree=255
num_leaves=7
num_cat=0
split_feature=0 5 6 0 2 6
split_gain=0.0133818 0.0422053 0.039162 0.00369703 0.0297188 0.000481674
threshold=-0.5283099646429229 1.0000000180025095e-35 1.0716505901537572 2.2103719082872786 -0.26073405436933023 1.0000000180025095e-35
decision_type=2 2 2 2 2 2
left_child=1 2 -1 4 -2 -3
right_child=3 5 -4 -5 -6 -7
leaf_value=-0.00070489940147802697 -6.67833528848852e-05 0.00013704843559245915 0.031585194754194579 -0.0027877698568898874 0.00061642946860748944 -0.00019233388634562687
leaf_weight=1000 1975 477 22 141 2096 773
leaf_count=1000 1975 477 22 141 2096 773
internal_value=-2.72258e-05 -0.000313079 -0.000941835 0 0.000121686 0
internal_weight=6484 2272 1022 4212 4071 1250
internal_count=6484 2272 1022 4212 4071 1250
is_linear=0
shrinkage=0.127801


Tree=256
num_leaves=8
num_cat=0
split_feature=3 5 4 3 5 3 0
split_gain=0.00591366 0.226122 0.355474 0.169646 0.0945661 0.101041 0.0939481
threshold=-0.58907049831810432 1.0000000180025095e-35 0.64321811222238157 -0.10114998476999983 1.0000000180025095e-35 -0.84418767191351718 -0.55052872031506805
decision_type=2 2 2 2 2 2 2
left_child=4 2 -2 -3 5 -1 -6
right_child=1 3 -4 -5 6 -7 -8
leaf_value=-5.9710273034157433e-05 -0.0033487819482743938 0.0008218755507672492 0.0010491439991243898 -0.00017452816891371772 0.00084362176717409781 0.0022074374727411084 -0.020240790878449991
leaf_weight=744 643 1372 372 2487 119 524 223
leaf_count=744 643 1372 372 2487 119 524 223
internal_value=-7.53661e-06 -0.000140941 -0.00191123 0.000121747 0 0.000860349 -0.00131222
internal_weight=6484 4874 1015 3859 1610 1268 342
internal_count=6484 4874 1015 3859 1610 1268 342
is_linear=0
shrinkage=0.127801


Tree=257
num_leaves=6
num_cat=0
split_feature=1 1 1 1 1
split_gain=0.000336704 0.0310251 0.0210223 0.0193157 0.0144639
threshold=-1.088502795330059 -0.41717918914823621 -0.16576194002522873 -0.73950353084221854 -1.9089017399876325
decision_type=2 2 2 2 2
left_child=4 3 -3 -2 -1
right_child=1 2 -4 -5 -6
leaf_value=0.002787670247191626 0.00014567796579463435 -0.00062299403946727892 1.0230671145355696e-05 0.00055202391576838193 -0.00086574599332159903
leaf_weight=104 867 709 3405 879 520
leaf_count=104 867 709 3405 879 520
internal_value=0 1.70525e-05 -1.18713e-05 0.000538257 -7.75391e-05
internal_weight=6484 5860 4114 1746 624
internal_count=6484 5860 4114 1746 624
is_linear=0
shrinkage=0.127801


Tree=258
num_leaves=8
num_cat=0
split_feature=1 1 118 1 3 1 3
split_gain=0.00602021 0.0443895 0.0415599 0.0126402 0.0338116 0.0103454 0.00181
threshold=-0.41717918914823621 -0.73950353084221854 1.0000000180025095e-35 0.0078431588409661017 -0.58907049831810432 1.6857808887296062 -0.22231929071361317
decision_type=2 2 2 2 2 2 2
left_child=1 6 -3 4 -2 -5 -1
right_child=3 2 -4 5 -6 -7 -8
leaf_value=0.00024033156278756765 0.00048560930145766077 0.00051119723388382964 -0.0015656090387069367 0.00014001631673437736 -0.00085345207577930177 -0.00061850881397223416 -0.0010529696541449428
leaf_weight=725 432 851 28 2331 816 535 766
leaf_count=725 432 851 28 2331 816 535 766
internal_value=0 0.000203391 0.000964029 0 -0.000405602 0 0
internal_weight=6484 2370 879 4114 1248 2866 1491
internal_count=6484 2370 879 4114 1248 2866 1491
is_linear=0
shrinkage=0.127801


Tree=259
num_leaves=7
num_cat=0
split_feature=1 4 4 3 1 3
split_gain=0.0287852 0.0664694 0.066252 0.0359845 0.0335061 0.0558612
threshold=-0.30259158538577674 0.83115470582282858 1.3323189554240209 -0.2628604128842546 -0.73950353084221854 -0.30846106710179216
decision_type=2 2 2 2 2 2
left_child=4 3 -3 -2 -1 -6
right_child=1 2 -4 -5 5 -7
leaf_value=2.6308265539977342e-05 0.000412226928253944 -0.001381909886575893 0.0030509333856989498 -0.00010377416493100184 -4.5711763706004913e-05 0.0014769975727404168
leaf_weight=1491 1167 626 159 1832 516 693
leaf_count=1491 1167 626 159 1832 516 693
internal_value=2.32889e-05 -4.6617e-05 -0.00117528 0 0.000414658 0.000912606
internal_weight=6484 3784 785 2999 2700 1209
internal_count=6484 3784 785 2999 2700 1209
is_linear=0
shrinkage=0.127801


Tree=260
num_leaves=8
num_cat=0
split_feature=0 0 60 0 4 4 4
split_gain=0.0610088 0.0369466 0.051778 0.0333962 0.0276862 0.0176448 0.00980815
threshold=-0.56185662091154109 0.91939451362051006 1.0000000180025095e-35 -1.0689113221927291 -1.9878941981838769 -0.10852826217940668 -1.4867299485826846
decision_type=2 2 2 2 2 2 2
left_child=3 2 -2 6 -5 -3 -1
right_child=1 5 -4 4 -6 -7 -8
leaf_value=-0.001720443436260899 0.00038661862626085115 0.00035992228824153528 -0.00060698505629077021 0.020984491088306103 -0.00042717279887582353 -0.0015717714430726981 0.00020447942992482193
leaf_weight=141 2724 675 348 18 1115 617 846
leaf_count=141 2724 675 348 18 1115 617 846
internal_value=4.29781e-05 0.000414689 0.000663418 -0.00034747 -0.000838914 0 0
internal_weight=6484 4364 3072 2120 1133 1292 987
internal_count=6484 4364 3072 2120 1133 1292 987
is_linear=0
shrinkage=0.127801


Tree=261
num_leaves=8
num_cat=0
split_feature=1 1 2 1 2 1 1
split_gain=0.00325799 0.0215175 0.0611829 0.0104491 0.0286779 0.00928582 7.90104e-05
threshold=-0.41717918914823621 -1.4257874527230199 1.2123414105136825 -0.20547610594208626 1.2123414105136825 0.13817001390484226 -1.9089017399876325
decision_type=2 2 2 2 2 2 2
left_child=1 6 -3 4 -2 -5 -1
right_child=3 2 -4 5 -6 -7 -8
leaf_value=0.0024670271412402861 -0.0017894962631168499 0.00037408596332090375 -0.00067431250113368071 0.00043414477066540895 0.0014917577085432573 -5.7874049778002184e-05 -0.00091173979341459439
leaf_weight=104 484 1527 323 1084 99 2447 416
leaf_count=104 484 1527 323 1084 99 2447 416
internal_value=0 0.000149624 0.000466817 0 -0.000537861 0 0
internal_weight=6484 2370 1850 4114 583 3531 520
internal_count=6484 2370 1850 4114 583 3531 520
is_linear=0
shrinkage=0.127801


Tree=262
num_leaves=8
num_cat=0
split_feature=5 6 1 1 1 2 2
split_gain=0.0109162 0.0899321 0.0790833 0.0299209 0.113064 0.0116618 0.00718116
threshold=1.0000000180025095e-35 1.0716505901537572 -0.13445355381090321 0.33779789312114444 -0.10950832748645099 1.7033665654746868 1.0000000180025095e-35
decision_type=2 2 2 2 2 2 2
left_child=1 2 -1 4 -2 -3 -5
right_child=3 5 -4 6 -6 -7 -8
leaf_value=9.3495829435167994e-05 1.8727217406178149e-05 0.012273975681576741 -0.00061721472534173886 -0.00034652168228664393 0.0017218906957124269 -0.048920857067220179 0.00043678801688535544
leaf_weight=1083 2059 95 1097 922 706 7.9999999999999991 514
leaf_count=1083 2059 95 1097 922 706 8 514
internal_value=0 -0.000138564 -0.000630129 0.00017867 0.000474093 0.00242121 0
internal_weight=6484 2283 2180 4201 2765 103 1436
internal_count=6484 2283 2180 4201 2765 103 1436
is_linear=0
shrinkage=0.127801


Tree=263
num_leaves=8
num_cat=0
split_feature=0 1 1 1 0 0 1
split_gain=0.0129756 0.0598276 0.137786 0.0412788 0.100537 0.0473746 0.0135796
threshold=-0.5283099646429229 0.66629668367237394 -0.52744687979974414 0.85081176937260372 -0.34430246828031624 0.91939451362051006 1.6259211967069411
decision_type=2 2 2 2 2 2 2
left_child=1 2 -1 5 -5 -2 -3
right_child=3 6 -4 4 -6 -7 -8
leaf_value=0.00010048070149525457 0.00060815122430948128 0.0028652056267278077 -0.00077468609924983439 0.0028008591527282573 -0.011143968414144726 -6.6433822843629529e-05 -0.00027209971747299251
leaf_weight=543 2610 447 808 173 138 1291 474
leaf_count=543 2610 447 808 173 138 1291 474
internal_value=0 -0.000257 -0.000911288 0.000120649 -0.000676432 0.000388603 0
internal_weight=6484 2272 1351 4212 311 3901 921
internal_count=6484 2272 1351 4212 311 3901 921
is_linear=0
shrinkage=0.127801


Tree=264
num_leaves=8
num_cat=0
split_feature=0 0 3 0 1 1 0
split_gain=0.00764147 0.0387459 0.0628173 0.0258449 0.0236487 0.0425579 0.0271253
threshold=-0.53426150013758023 -1.0689113221927291 0.3760676725250553 -1.2181493278550541 0.85081176937260372 -1.6066855434117828 -0.34430246828031624
decision_type=2 2 2 2 2 2 2
left_child=1 3 -3 -1 5 -2 -6
right_child=4 2 -4 -5 6 -7 -8
leaf_value=-9.3351565753648215e-05 -0.00068670616796468375 -0.00071060970889331705 0.0033570075312740078 0.0018058316016565086 0.0027822496673266701 0.0002719314960870749 -0.0097197563193170775
leaf_weight=697 338 1016 242 290 178 3585 138
leaf_count=697 338 1016 242 290 178 3585 138
internal_value=0 -1.60491e-05 -0.000705496 6.20796e-05 0.000171051 0.000360412 0
internal_weight=6484 2245 1258 987 4239 3923 316
internal_count=6484 2245 1258 987 4239 3923 316
is_linear=0
shrinkage=0.127801


Tree=265
num_leaves=8
num_cat=0
split_feature=0 3 5 3 0 0 3
split_gain=0.00549713 0.0360859 0.0799299 0.0225878 0.13652 0.0348678 0.00527535
threshold=-0.56185662091154109 -0.60600047093656439 1.0000000180025095e-35 -0.65828230208782357 0.27566354130335718 0.22975768309038211 -0.85132290941555011
decision_type=2 2 2 2 2 2 2
left_child=1 6 -3 5 -5 -2 -1
right_child=3 2 -4 4 -6 -7 -8
leaf_value=-3.9147140096516836e-05 -0.00087483775918993569 -0.002403417190317191 -3.1455821425013302e-06 0.0015227975257653533 -8.4760737742609022e-05 0.00072937926848654956 0.00191708015384283
leaf_weight=332 448 408 1075 1425 2094 397 305
leaf_count=332 448 408 1075 1425 2094 397 305
internal_value=0 -0.000107123 -0.000641845 0.000122301 0.000350963 0 0
internal_weight=6484 2120 1483 4364 3519 845 637
internal_count=6484 2120 1483 4364 3519 845 637
is_linear=0
shrinkage=0.127801


Tree=266
num_leaves=8
num_cat=0
split_feature=1 1 0 0 3 0 3
split_gain=0.00581347 0.0430152 0.091672 0.0390213 0.027332 0.0554695 0.0335642
threshold=0.30807327372553367 -0.24764668845572405 1.5582971924693931 0.15165945952100487 -0.20986505798279206 -0.29162181744332377 0.022289624015169356
decision_type=2 2 2 2 2 2 2
left_child=1 3 -3 -1 5 -2 -6
right_child=4 2 -4 -5 6 -7 -8
leaf_value=0.00035892250076146768 -8.3505253757471078e-06 -0.00045081727652481179 0.0041598842073495342 -0.00030655946945207886 -0.0051052566088758099 0.004170404662818197 6.1592712124970567e-05
leaf_weight=1471 549 1445 164 1357 334 281 883
leaf_count=1471 549 1445 164 1357 334 281 883
internal_value=0 -0.000146173 -0.000702521 0 0 0.000730338 0
internal_weight=6484 4437 1609 2828 2047 830 1217
internal_count=6484 4437 1609 2828 2047 830 1217
is_linear=0
shrinkage=0.127801


Tree=267
num_leaves=8
num_cat=0
split_feature=1 1 0 0 4 0 0
split_gain=0.00375768 0.0369771 0.0540019 0.0454365 0.0163801 0.0618402 0.00417608
threshold=1.3725747982600358 1.6857808887296062 -0.29162181744332377 -1.1428687988079134 -0.35911038698000275 0.51995275914942274 0.5935985799389617
decision_type=2 2 2 2 2 2 2
left_child=4 2 -2 -3 5 -1 -6
right_child=1 3 -4 -5 6 -7 -8
leaf_value=-0.00046635046858065364 0.004961372528207152 0.0022060764203046391 -0.017986575744507783 -0.0024404901070156659 0.00018108855448355861 0.00018635804319302825 -0.00026132239306224847
leaf_weight=1180 284 328 44 207 2613 718 1110
leaf_count=1180 284 328 44 207 2613 718 1110
internal_value=0 0.000159073 0.00136708 0 -8.36299e-05 -0.000401382 0
internal_weight=6484 863 328 535 5621 1898 3723
internal_count=6484 863 328 535 5621 1898 3723
is_linear=0
shrinkage=0.127801


Tree=268
num_leaves=7
num_cat=0
split_feature=0 0 1 1 1 0
split_gain=0.0204154 0.0477984 0.107032 0.00691873 0.127886 0.0430867
threshold=-0.86867626891839766 -1.0689113221927291 -0.031428672836123987 -0.72168610620266682 -0.42512385566363081 0.47340787742328411
decision_type=2 2 2 2 2 2
left_child=1 -1 -3 5 -5 -2
right_child=3 2 -4 4 -6 -7
leaf_value=-2.4077619797810863e-05 -0.00069753458397899492 0.0045065746063993198 -0.0017186878054711893 0.0024611244375491613 -5.2570633052319197e-05 0.00068957406855254058
leaf_weight=987 846 81 286 613 3254 417
leaf_count=987 846 81 286 613 3254 417
internal_value=-4.69149e-05 -0.00050548 -0.00173715 0 0.000147888 -0.000149222
internal_weight=6484 1354 367 5130 3867 1263
internal_count=6484 1354 367 5130 3867 1263
is_linear=0
shrinkage=0.127801


Tree=269
num_leaves=7
num_cat=0
split_feature=92 3 5 4 4 4
split_gain=0.0213587 0.0206245 0.025142 0.0140063 0.0144022 0.00981834
threshold=1.0000000180025095e-35 -0.93954039125886613 -1.5273276664610476 -1.4867299485826846 0.83115470582282858 0.32999045622163631
decision_type=2 2 2 2 2 2
left_child=1 5 -3 -2 -5 -1
right_child=3 2 -4 4 -6 -7
leaf_value=0.0017029799213307876 -0.003606171515791018 0.0013399612043204733 -0.000170998984466586 0.0031747877111930156 -0.0063594616274990383 -0.00069194469178698675
leaf_weight=217 33 337 5432 134 4.9999999999999991 326
leaf_count=217 33 337 5432 134 5 326
internal_value=-6.66041e-05 -0.000214038 -0.000329303 0.000701935 0.00147366 0
internal_weight=6484 6312 5769 172 139 543
internal_count=6484 6312 5769 172 139 543
is_linear=0
shrinkage=0.127801


Tree=270
num_leaves=8
num_cat=0
split_feature=0 3 1 3 0 0 1
split_gain=0.0161987 0.0593074 0.0748612 0.0128439 0.0875057 0.00777504 0.000491838
threshold=-0.8523627098596166 -0.20986505798279206 -0.63884527197159346 0.80016024332770208 0.27566354130335718 0.20363652201438839 -0.34432956528035469
decision_type=2 2 2 2 2 2 2
left_child=1 6 -3 5 -5 -2 -1
right_child=3 2 -4 4 -6 -7 -8
leaf_value=-0.00019234558015103153 -0.00024798147151452793 0.0021600999349738349 -0.001626120067129998 0.0065003455211574282 -0.0013346695513013354 4.9568213536417935e-05 0.0027231307302677987
leaf_weight=313 2137 118 482 374 359 2234 467
leaf_count=313 2137 118 482 374 359 2234 467
internal_value=-2.72258e-05 -0.000440717 -0.00142823 0 0.000532458 0 0
internal_weight=6484 1380 600 5104 733 4371 780
internal_count=6484 1380 600 5104 733 4371 780
is_linear=0
shrinkage=0.127801


Tree=271
num_leaves=7
num_cat=0
split_feature=0 1 1 4 0 4
split_gain=0.0196474 0.0492889 0.0600885 0.0131725 0.0966123 0.037178
threshold=-0.8523627098596166 -0.75085523815867161 1.715717462395183 -1.4867299485826846 0.70652702523622457 -0.35911038698000275
decision_type=2 2 2 2 2 2
left_child=1 -1 -3 4 -2 -5
right_child=3 2 -4 5 -6 -7
leaf_value=0.0026028085079095467 0.0032251046240747996 -0.00078586831381426267 0.00017750994387458961 -0.00048093009792572777 -0.0004234499175663648 8.2065851586846892e-05
leaf_weight=263 333 710 407 1200 164 3407
leaf_count=263 333 710 407 1200 164 3407
internal_value=-0.000105982 -0.000532863 -0.00103279 0 0.000629651 -5.76909e-05
internal_weight=6484 1380 1117 5104 497 4607
internal_count=6484 1380 1117 5104 497 4607
is_linear=0
shrinkage=0.127801


Tree=272
num_leaves=8
num_cat=0
split_feature=0 1 1 1 0 3 4
split_gain=0.0280581 0.0891866 0.100554 0.0209395 0.0736161 0.0599431 0.0166585
threshold=-0.076190589987997839 -0.46597108835795226 1.1724041194827879 -0.46597108835795226 0.96439779967673489 -0.71549393369503278 0.58057258102223253
decision_type=2 2 2 2 2 2 2
left_child=1 6 -3 4 -2 -5 -1
right_child=3 2 -4 5 -6 -7 -8
leaf_value=-0.00013433439906915633 0.00016108755150964042 -0.0005794909845273803 0.00012819284945128458 -0.00059404583742643524 -0.0011590327392976823 0.00079071787174001137 0.0029627703538946241
leaf_weight=548 1045 1411 958 268 208 1627 419
leaf_count=548 1045 1411 958 268 208 1627 419
internal_value=-8.62933e-05 -0.00038929 -0.000908121 0 -4.89724e-05 0.000422175 6.33544e-05
internal_weight=6484 3336 2369 3148 1253 1895 967
internal_count=6484 3336 2369 3148 1253 1895 967
is_linear=0
shrinkage=0.127801


Tree=273
num_leaves=8
num_cat=0
split_feature=0 4 4 4 1 1 0
split_gain=0.0399183 0.0658416 0.0494974 0.0489322 0.00656045 0.111809 0.060855
threshold=-0.42663788277842418 0.39263598742178535 -1.2361478237820889 1.5829010802246168 0.13817001390484226 0.22195573274490646 0.75655098263484888
decision_type=2 2 2 2 2 2 2
left_child=1 2 -1 -3 6 -6 -2
right_child=4 3 -4 -5 5 -7 -8
leaf_value=-0.00026251840331539822 0.00084196722286582052 -0.00053798312346531763 0.00094309111690253796 0.0081100570639503159 -0.012130363046402613 0.00018979519839965733 -0.00038924881804383674
leaf_weight=556 1956 1245 770 30 85 1048 794
leaf_count=556 1956 1245 770 30 85 1048 794
internal_value=-0.000283185 -0.000670521 0 -0.00132421 0 -0.000278352 8.26444e-05
internal_weight=6484 2601 1326 1275 3883 1133 2750
internal_count=6484 2601 1326 1275 3883 1133 2750
is_linear=0
shrinkage=0.127801


Tree=274
num_leaves=4
num_cat=0
split_feature=92 3 3
split_gain=0.0128344 0.0164282 0.0160603
threshold=1.0000000180025095e-35 2.769291196502365 -0.58907049831810432
decision_type=2 2 2
left_child=1 2 -1
right_child=-2 -3 -4
leaf_value=9.8393113560417622e-06 0.0023618981896526771 0.0093684931509426649 -0.00016246192381075221
leaf_weight=1565 172 117 4630
leaf_count=1565 172 117 4630
internal_value=-0.000145361 -0.000234263 -0.000314927
internal_weight=6484 6312 6195
internal_count=6484 6312 6195
is_linear=0
shrinkage=0.127801


Tree=275
num_leaves=8
num_cat=0
split_feature=0 1 6 0 4 1 1
split_gain=0.0824884 0.0544736 0.0578695 0.0255589 0.0829106 0.0525865 0.0091031
threshold=-0.5283099646429229 0.79250558932359938 1.0716505901537572 0.34280251728173489 0.51792704982208349 -0.18290080205970558 1.6259211967069411
decision_type=2 2 2 2 2 2 2
left_child=1 2 -1 4 -2 -5 -3
right_child=3 6 -4 5 -6 -7 -8
leaf_value=-0.00045511035501389984 -0.00045551792932533545 0.0027176021471849378 0.0052444095512573195 -0.00055081550246984651 0.002007182585695893 0.00054187898691796562 -0.00032566731996576913
leaf_weight=1379 1002 366 53 1189 859 1162 474
leaf_count=1379 1002 366 53 1189 859 1162 474
internal_value=-0.00016505 -0.000817792 -0.00129519 0 0.00047091 -3.70077e-05 0
internal_weight=6484 2272 1432 4212 1861 2351 840
internal_count=6484 2272 1432 4212 1861 2351 840
is_linear=0
shrinkage=0.127801


Tree=276
num_leaves=8
num_cat=0
split_feature=0 3 3 0 0 1 4
split_gain=0.0408019 0.0452236 0.0948445 0.0341237 0.0161317 0.118884 0.0534999
threshold=-0.42663788277842418 0.46467434914120936 -0.60600047093656439 -0.86867626891839766 0.34280251728173489 0.063490787369168564 0.51792704982208349
decision_type=2 2 2 2 2 2 2
left_child=1 2 -1 -3 5 -2 -6
right_child=4 3 -4 -5 6 -7 -8
leaf_value=2.6561814169745012e-05 0.0022288730660581274 -0.0011313289224619205 -0.00061687126002452802 0.0067785585605202913 0.00021616764407008898 -0.0032772066356215228 -0.00068365293468561383
leaf_weight=828 1135 222 1331 220 1548 397 803
leaf_count=828 1135 222 1331 220 1548 397 803
internal_value=-8.62933e-05 -0.000523507 -0.000819154 0 2.72093e-06 0.000413797 0
internal_weight=6484 2601 2159 442 3883 1532 2351
internal_count=6484 2601 2159 442 3883 1532 2351
is_linear=0
shrinkage=0.127801


Tree=277
num_leaves=7
num_cat=0
split_feature=1 0 3 1 0 0
split_gain=0.00903187 0.0467295 0.0488677 0.00915777 0.169371 0.0323118
threshold=-0.73950353084221854 0.70652702523622457 1.8767378507935215 -0.44690440932941106 1.036767952749827 -0.0080395933647701978
decision_type=2 2 2 2 2 2
left_child=1 2 -1 4 -2 -5
right_child=3 -3 -4 5 -6 -7
leaf_value=-0.00076315791007847871 0.0021254802066757029 0.0019118196400489825 0.0198028550171137 -0.00018965701434283687 -0.0035749476661957472 0.00043467797816517013
leaf_weight=1253 666 208 30 2415 113 1799
leaf_count=1253 666 208 30 2415 113 1799
internal_value=-7.53661e-06 -0.000314209 -0.000840436 0 0.00043625 0
internal_weight=6484 1491 1283 4993 779 4214
internal_count=6484 1491 1283 4993 779 4214
is_linear=0
shrinkage=0.127801


Tree=278
num_leaves=7
num_cat=0
split_feature=4 4 2 4 1 2
split_gain=0.0305983 0.072707 0.0746195 0.0306631 0.0305974 0.0154932
threshold=-0.98556569898149293 -1.7999576045834298 -0.75175920933033435 -0.67233804298074784 -0.94244600376423882 -0.75175920933033435
decision_type=2 2 2 2 2 2
left_child=1 -1 -3 4 -2 -5
right_child=3 2 -4 5 -6 -7
leaf_value=0.00019733849136802049 -0.00026501550917004549 -0.00094061892104309037 -5.0091256592552746e-05 0.00033793902746740757 0.0067664461245322228 -0.00019718971518808685
leaf_weight=372 51 475 740 1759 252 2835
leaf_count=372 51 475 740 1759 252 2835
internal_value=-4.69149e-05 -0.000567895 -0.00118005 0 0.00127117 0
internal_weight=6484 1587 1215 4897 303 4594
internal_count=6484 1587 1215 4897 303 4594
is_linear=0
shrinkage=0.127801


Tree=279
num_leaves=8
num_cat=0
split_feature=4 3 0 3 124 4 4
split_gain=0.0229186 0.0957016 0.0433111 0.038247 0.0234576 0.107985 0.0188535
threshold=-0.98556569898149293 -0.29185542346069743 2.0859284522662067 0.16700521371549124 1.0000000180025095e-35 0.83115470582282858 -0.67233804298074784
decision_type=2 2 2 2 2 2 2
left_child=1 2 -1 -3 6 -6 -2
right_child=4 3 -4 -5 5 -7 -8
leaf_value=-0.00058913537371079892 0.00315663842892088 0.0020580498930953739 0.0094283676218976636 -0.00057991062422117095 0.0013373095628096668 -0.0026841657986378066 -0.00017153428212015399
leaf_weight=571 275 285 12.999999999999998 718 515 260 3847
leaf_count=571 275 285 13 718 515 260 3847
internal_value=-2.72258e-05 -0.000487715 -0.00181293 0 0 0.000699988 0
internal_weight=6484 1587 584 1003 4897 775 4122
internal_count=6484 1587 584 1003 4897 775 4122
is_linear=0
shrinkage=0.127801


Tree=280
num_leaves=8
num_cat=0
split_feature=3 5 6 3 3 6 3
split_gain=0.00116323 0.0507373 0.153823 0.0500239 0.0185767 0.160259 0.00880358
threshold=-0.58907049831810432 1.0000000180025095e-35 1.0716505901537572 -0.10114998476999983 -0.76258650120844995 1.0000000180025095e-35 -0.93954039125886613
decision_type=2 2 2 2 2 2 2
left_child=4 2 -2 -3 6 -6 -1
right_child=1 3 -4 -5 5 -7 -8
leaf_value=0.00012839789969412244 -0.0017929313193361623 0.00072937047999529776 0.011836308167282572 -0.00022354596246870187 0.0027834423332683865 -0.038369411074705755 -0.00037112446848436455
leaf_weight=553 920 1372 95 2487 386 86 585
leaf_count=553 920 1372 95 2487 386 86 585
internal_value=0 -6.23902e-05 -0.000910769 0 0 0.000795939 0
internal_weight=6484 4874 1015 3859 1610 472 1138
internal_count=6484 4874 1015 3859 1610 472 1138
is_linear=0
shrinkage=0.127801


Tree=281
num_leaves=7
num_cat=0
split_feature=1 0 0 0 1 1
split_gain=0.00480624 0.0306975 0.0538804 0.0152674 0.0622849 0.0204986
threshold=-0.73950353084221854 0.65801001328621511 -1.3102888495333884 -0.42663788277842418 0.66629668367237394 1.3322709034750566
decision_type=2 2 2 2 2 2
left_child=1 2 -1 5 -5 -2
right_child=3 -3 -4 4 -6 -7
leaf_value=0.0027216382054640401 -0.00023544895926854616 0.0016678232962228528 -0.0007765059298824005 0.0005855012195103862 -0.0010444294617021359 0.00038199736417428249
leaf_weight=143 1404 240 1108 2418 420 751
leaf_count=143 1404 240 1108 2418 420 751
internal_value=0 -0.000228891 -0.000678944 2.11698e-06 0.000295715 -1.67172e-05
internal_weight=6484 1491 1251 4993 2838 2155
internal_count=6484 1491 1251 4993 2838 2155
is_linear=0
shrinkage=0.127801


Tree=282
num_leaves=8
num_cat=0
split_feature=0 4 0 4 2 4 0
split_gain=0.00747209 0.0645898 0.124689 0.0312341 0.0226875 0.0442613 0.000759396
threshold=-0.6165431365289481 -1.4867299485826846 0.70652702523622457 0.95644576822312655 -0.26073405436933023 1.3323189554240209 -0.74407283697544757
decision_type=2 2 2 2 2 2 2
left_child=4 2 -2 -3 5 -1 -6
right_child=1 3 -4 -5 6 -7 -8
leaf_value=-0.00072380277508894914 0.0054051242930478298 -0.00025209951357575895 -0.00040191179520215734 0.0014930635874261765 0.00023736030493074026 0.018594906888192882 -0.0022159514394901689
leaf_weight=915 229 3539 164 642 800 39 156
leaf_count=915 229 3539 164 642 800 39 156
internal_value=0 5.10041e-06 0.00162422 0 -0.000252197 -0.000715892 0
internal_weight=6484 4574 393 4181 1910 954 956
internal_count=6484 4574 393 4181 1910 954 956
is_linear=0
shrinkage=0.127801


Tree=283
num_leaves=7
num_cat=0
split_feature=0 0 0 124 0 0
split_gain=0.00229164 0.0131215 0.0123694 0.00861005 0.00191226 0.00420462
threshold=-0.8523627098596166 -1.0689113221927291 -1.2181493278550541 1.0000000180025095e-35 2.2103719082872786 1.1118457513707611
decision_type=2 2 2 2 2 2
left_child=1 2 -1 -3 5 -2
right_child=4 3 -4 -5 -6 -7
leaf_value=-0.00025118049376530516 1.0623542618111377e-05 -0.00078208498815205926 0.0013361850710326014 0.00047310544780228069 -0.003324047402776946 0.00052187317307244002
leaf_weight=697 4118 339 290 54 141 845
leaf_count=697 4118 339 290 54 141 845
internal_value=0 -0.000164278 0 -0.000793384 0 7.92743e-05
internal_weight=6484 1380 987 393 5104 4963
internal_count=6484 1380 987 393 5104 4963
is_linear=0
shrinkage=0.127801


Tree=284
num_leaves=7
num_cat=0
split_feature=0 4 3 3 4 2
split_gain=0.0164933 0.0329825 0.0515617 0.00481987 0.0801133 0.0714031
threshold=-0.8523627098596166 1.2070278930237228 -0.60600047093656439 -0.31365033073963428 -1.4867299485826846 -0.26073405436933023
decision_type=2 2 2 2 2 2
left_child=1 2 -1 5 -5 -2
right_child=3 -3 -4 4 -6 -7
leaf_value=0.00096444927212895233 0.0005246799931900131 0.010960141202398811 -0.00066249772650092264 0.0021503558882649647 -8.9597945083196882e-06 -0.0005099630241348186
leaf_weight=328 925 131 921 347 2774 1058
leaf_count=328 925 131 921 347 2774 1058
internal_value=0 -0.000440717 -0.000802134 0 0.000158644 0
internal_weight=6484 1380 1249 5104 3121 1983
internal_count=6484 1380 1249 5104 3121 1983
is_linear=0
shrinkage=0.127801


Tree=285
num_leaves=7
num_cat=0
split_feature=4 4 5 4 4 4
split_gain=0.0285137 0.0227639 0.0188635 0.00485187 0.0107995 0.005927
threshold=-0.98556569898149293 -1.737312073383281 1.0000000180025095e-35 0.51792704982208349 1.3323189554240209 0.14205386262118927
decision_type=2 2 2 2 2 2
left_child=1 -1 -3 5 -5 -2
right_child=3 2 -4 4 -6 -7
leaf_value=8.1942461891068385e-05 4.3302439446744937e-05 -0.00065128454066115367 -2.3147103888909581e-05 -0.00019863252775449364 0.0015200185896499328 0.0011908212048744519
leaf_weight=419 1270 516 652 2357 265 1005
leaf_count=419 1270 516 652 2357 265 1005
internal_value=-8.62933e-05 -0.000567895 -0.00086831 0 -2.83315e-05 0.000183856
internal_weight=6484 1587 1168 4897 2622 2275
internal_count=6484 1587 1168 4897 2622 2275
is_linear=0
shrinkage=0.127801


Tree=286
num_leaves=7
num_cat=0
split_feature=1 0 3 3 3 3
split_gain=0.0185998 0.0365261 0.0319209 0.00635009 0.0791788 0.0463151
threshold=-0.73950353084221854 0.71699597088782407 1.8767378507935215 -0.56143766944659512 -0.15751836103605973 -0.97430845763240825
decision_type=2 2 2 2 2 2
left_child=1 2 -1 5 -5 -2
right_child=3 -3 -4 4 -6 -7
leaf_value=-0.00061005825417513398 -0.00045233385299111656 0.001538390409581735 0.016706589474709856 -0.00037464042503152531 9.0613615343455804e-05 0.00086089787036443244
leaf_weight=1261 356 200 30 1220 2433 984
leaf_count=1261 356 200 30 1220 2433 984
internal_value=-8.62933e-05 -0.000484845 -0.000854949 0 -5.17774e-05 0.00026404
internal_weight=6484 1491 1291 4993 3653 1340
internal_count=6484 1491 1291 4993 3653 1340
is_linear=0
shrinkage=0.127801


Tree=287
num_leaves=8
num_cat=0
split_feature=4 3 1 3 1 0 0
split_gain=0.0153335 0.0527332 0.123356 0.0191827 0.0122551 0.0849106 0.0591477
threshold=-0.98556569898149293 -0.29185542346069743 0.13817001390484226 0.16700521371549124 -0.10950832748645099 0.19616531039156029 0.27566354130335718
decision_type=2 2 2 2 2 2 2
left_child=1 2 -1 -3 6 -6 -2
right_child=4 3 -4 -5 5 -7 -8
leaf_value=-1.2805849448257504e-05 0.00026844892018597593 0.001912790273101202 -0.0027605339538662168 -0.0005994245872173097 -9.4854459420364216e-05 0.0025165564294188209 -0.0016530378678554498
leaf_weight=423 1369 285 161 718 1600 842 1086
leaf_count=423 1369 285 161 718 1600 842 1086
internal_value=-4.69149e-05 -0.000407536 -0.0013804 0 0 0.000260035 -0.000118502
internal_weight=6484 1587 584 1003 4897 2442 2455
internal_count=6484 1587 584 1003 4897 2442 2455
is_linear=0
shrinkage=0.127801


Tree=288
num_leaves=8
num_cat=0
split_feature=1 0 6 1 0 0 3
split_gain=0.0212295 0.041924 0.0966181 0.0415958 0.0957935 0.0741677 0.0177064
threshold=1.3322709034750566 -1.2181493278550541 1.0000000180025095e-35 1.6575186263596315 -0.34430246828031624 -1.2551208087874495 -0.034467947023728747
decision_type=2 2 2 2 2 2 2
left_child=1 2 -1 4 -2 -5 -3
right_child=3 6 -4 5 -6 -7 -8
leaf_value=-0.001972630136377712 0.0056270850382463891 0.00012042919986025939 0.00042276357962882681 0.0035254416811931807 -0.014507501273285069 -0.0022827373177887857 -0.00047732348107494484
leaf_weight=272 298 3183 127 254 55 306 1989
leaf_count=272 298 3183 127 254 55 306 1989
internal_value=-2.72258e-05 -0.000221851 -0.00153725 0.000289351 0.00144965 0 0
internal_weight=6484 5571 399 913 353 560 5172
internal_count=6484 5571 399 913 353 560 5172
is_linear=0
shrinkage=0.127801


Tree=289
num_leaves=8
num_cat=0
split_feature=4 1 0 1 0 1 1
split_gain=0.00607441 0.0465627 0.115875 0.0387768 0.0758673 0.0378699 0.0134178
threshold=0.70586364342253061 -0.81887172178867396 0.65801001328621511 -0.29304897387942813 0.059218062103178211 -0.012586814055125599 -0.047211329028630594
decision_type=2 2 2 2 2 2 2
left_child=1 2 -1 4 -2 -5 -3
right_child=3 6 -4 5 -6 -7 -8
leaf_value=-0.0019087694085720285 0.0041867871407891659 0.00035574418523613238 0.0015262308779895681 -0.010446560000515701 -0.00016291003750184941 0.0002582724034590473 -0.00014473185762616639
leaf_weight=671 455 1452 199 228 457 798 2224
leaf_count=671 455 1452 199 228 457 798 2224
internal_value=0 -0.000145481 -0.000988495 3.82963e-05 0.000832057 0 0
internal_weight=6484 4546 870 1938 912 1026 3676
internal_count=6484 4546 870 1938 912 1026 3676
is_linear=0
shrinkage=0.127801


Tree=290
num_leaves=7
num_cat=0
split_feature=2 3 4 3 0 45
split_gain=0.022355 0.0443536 0.0904786 0.0497249 0.0313724 0.0414334
threshold=1.2123414105136825 -0.58907049831810432 0.14205386262118927 -0.97430845763240825 -1.1194408884087286 1.0000000180025095e-35
decision_type=2 2 2 2 2 2
left_child=1 3 -3 -1 -2 -6
right_child=4 2 -4 -5 5 -7
leaf_value=-0.00054805030880198335 -0.0018345752527080808 -0.00044076586421489797 2.3470386191810943e-05 0.00085640909131735226 0.0016431495558675894 -0.0041824848006912557
leaf_weight=346 137 1742 2321 969 936 33
leaf_count=346 137 1742 2321 969 936 33
internal_value=-6.66041e-05 -0.000260655 -0.00051758 0 0.000158791 0.000744175
internal_weight=6484 5378 4063 1315 1106 969
internal_count=6484 5378 4063 1315 1106 969
is_linear=0
shrinkage=0.127801


Tree=291
num_leaves=8
num_cat=0
split_feature=138 6 6 4 3 4 2
split_gain=0.00793448 0.133233 0.123184 0.0878233 0.0813992 0.0751386 0.0732139
threshold=1.0000000180025095e-35 1.0000000180025095e-35 1.0000000180025095e-35 -0.29646485577985376 0.11660449063294966 0.39263598742178535 1.2123414105136825
decision_type=2 2 2 2 2 2 2
left_child=2 5 3 -1 -3 -2 -4
right_child=1 4 6 -5 -6 -7 -8
leaf_value=1.1632408884970258e-05 0.0047183185295564117 0.0030457178461216609 -0.0011251925217408659 0.0012694705695630677 -0.0019348735654693742 -0.0015817701541558724 0.0021675332250691102
leaf_weight=1273 85 962 1549 899 291 1076 349
leaf_count=1273 85 962 1549 899 291 1076 349
internal_value=0 -0.000231367 0 0.000820133 0.000211268 -0.00138781 -0.000535561
internal_weight=6484 2414 4070 2172 1253 1161 1898
internal_count=6484 2414 4070 2172 1253 1161 1898
is_linear=0
shrinkage=0.127801


Tree=292
num_leaves=8
num_cat=0
split_feature=138 6 6 5 3 3 3
split_gain=0.00234525 0.0988103 0.0683918 0.0788765 0.047096 0.0468796 0.0425315
threshold=1.0000000180025095e-35 1.0000000180025095e-35 1.0000000180025095e-35 1.0000000180025095e-35 0.14644275655054192 0.11660449063294966 0.050960305614246956
decision_type=2 2 2 2 2 2 2
left_child=2 6 3 -1 -4 -3 -2
right_child=1 5 4 -5 -6 -7 -8
leaf_value=1.0397735873013765e-05 -0.0013914597609563739 0.002656471571125829 -0.0074359697057593639 0.0012806219875974242 7.0450944016982266e-05 -0.0016875944785681549 0.0085462757252505097
leaf_weight=1537 1122 962 493 635 1405 291 39
leaf_count=1537 1122 962 493 635 1405 291 39
internal_value=0 -0.000125788 0 0.000644174 -0.000334293 0.000211268 -0.00116896
internal_weight=6484 2414 4070 2172 1898 1253 1161
internal_count=6484 2414 4070 2172 1898 1253 1161
is_linear=0
shrinkage=0.127801


Tree=293
num_leaves=8
num_cat=0
split_feature=3 4 3 4 4 4 3
split_gain=0.00383789 0.0356212 0.0819183 0.0374143 0.0335517 0.0194341 0.00119205
threshold=-0.86630690816981926 0.14205386262118927 -0.26694695799905527 -0.67233804298074784 0.32999045622163631 1.6455466114247659 -0.9163184364795226
decision_type=2 2 2 2 2 2 2
left_child=4 3 -3 -2 6 -6 -1
right_child=1 2 -4 -5 5 -7 -8
leaf_value=0.0016286716295867726 2.8622315744540517e-05 0.0010995754373996774 -0.00011990680084023198 -0.0013041965547140979 -0.0011313206547960053 0.0092270238044772617 -0.0013481034876689549
leaf_weight=278 1689 1287 1896 822 401 8.9999999999999982 102
leaf_count=278 1689 1287 1896 822 401 9 102
internal_value=0 9.37687e-05 0.00044402 -3.46561e-05 -0.000125534 -0.00115951 0
internal_weight=6484 5694 3183 2511 790 410 380
internal_count=6484 5694 3183 2511 790 410 380
is_linear=0
shrinkage=0.127801


Tree=294
num_leaves=7
num_cat=0
split_feature=3 4 3 3 4 4
split_gain=0.00334483 0.0224679 0.0549342 0.0135954 0.0195278 0.00134105
threshold=0.93605408484369257 -0.48440144938030077 2.5905859299741771 -0.84418767191351718 -0.42175591818015173 0.32999045622163631
decision_type=2 2 2 2 2 2
left_child=3 -2 -3 5 -5 -1
right_child=1 2 -4 4 -6 -7
leaf_value=0.00051626237278544289 0.00029923137800338593 -0.0046355766834208579 0.022061883436712178 -0.00011858567685410395 0.00043210507910024167 -0.00082854918411657044
leaf_weight=423 523 198 27 1317 3546 450
leaf_count=423 523 198 27 1317 3546 450
internal_value=0 0 -0.00125785 9.75337e-05 0.000238359 0
internal_weight=6484 748 225 5736 4863 873
internal_count=6484 748 225 5736 4863 873
is_linear=0
shrinkage=0.127801


Tree=295
num_leaves=8
num_cat=0
split_feature=138 1 2 1 1 1 1
split_gain=0.00640074 0.0494099 0.0587336 0.0526938 0.0319578 0.0615661 0.0571689
threshold=1.0000000180025095e-35 -0.85693837452732435 -0.75175920933033435 -1.9089017399876325 -0.90136019613919005 0.62039150315588076 -1.4257874527230199
decision_type=2 2 2 2 2 2 2
left_child=1 3 -3 -1 6 -6 -2
right_child=4 2 -4 -5 5 -7 -8
leaf_value=0.0044467994096925468 -0.0016851679782002599 -0.00019452082934890447 0.00056058378528909582 -0.0012494223881029233 -0.0012667066850195505 0.00035827446634694582 0.003748757335695652
leaf_weight=58 227 1370 2082 560 1230 728 229
leaf_count=58 227 1370 2082 560 1230 728 229
internal_value=0 0.000149929 0.00047969 -0.000405487 -7.29976e-05 -0.000519207 0.000105679
internal_weight=6484 4070 3452 618 2414 1958 456
internal_count=6484 4070 3452 618 2414 1958 456
is_linear=0
shrinkage=0.127801


Tree=296
num_leaves=8
num_cat=0
split_feature=0 3 3 3 3 0 3
split_gain=0.0113246 0.0262238 0.0679127 0.0159849 0.059535 0.00288381 0.000415198
threshold=-0.5283099646429229 -0.60600047093656439 0.3516132676317244 -0.046403253390765599 -0.65828230208782357 1.4064614538375835 -0.86630690816981926
decision_type=2 2 2 2 2 2 2
left_child=1 6 -3 4 -2 -5 -1
right_child=3 2 -4 5 -6 -7 -8
leaf_value=-0.00026089992593880267 -0.00049792188453138479 -0.00068646570564115882 0.00060066122576405605 0.00024178501936734099 0.00078632888632531347 -0.0014535965741466208 0.001437090754475525
leaf_weight=353 784 1139 434 1496 1604 328 346
leaf_count=353 784 1139 434 1496 1604 328 346
internal_value=0 -0.000257 -0.000605283 9.03563e-05 0.000351279 0 0
internal_weight=6484 2272 1573 4212 2388 1824 699
internal_count=6484 2272 1573 4212 2388 1824 699
is_linear=0
shrinkage=0.127801


Tree=297
num_leaves=6
num_cat=0
split_feature=0 0 0 0 0
split_gain=0.0010993 0.0127637 0.0147007 0.00724224 0.00206367
threshold=-0.5283099646429229 0.34280251728173489 0.38740183499144254 -1.0689113221927291 -1.2181493278550541
decision_type=2 2 2 2 2
left_child=3 -2 -3 4 -1
right_child=1 2 -4 -5 -6
leaf_value=-0.00017462285748700191 0.00045928362209087453 -0.0091406338009114869 6.6410794498721515e-05 -0.00033527136130510502 0.00046208349654048149
leaf_weight=697 1861 105 2246 1285 290
leaf_count=697 1861 105 2246 1285 290
internal_value=0 0 0 -8.87619e-05 0
internal_weight=6484 4212 2351 2272 987
internal_count=6484 4212 2351 2272 987
is_linear=0
shrinkage=0.127801


Tree=298
num_leaves=6
num_cat=0
split_feature=1 1 1 1 1
split_gain=0.00195933 0.0496079 0.0424072 0.0206144 0.0031393
threshold=0.023783311610653651 -0.047211329028630594 0.17689845958289116 0.52452983285067767 -1.0398142558938177
decision_type=2 2 2 2 2
left_child=1 4 -2 -4 -1
right_child=2 -3 3 -5 -6
leaf_value=-0.00025776683304666852 0.0018608293236956465 -0.0014987354889045357 -0.00068701684185598513 0.00018586017250896887 0.00025588096155853255
leaf_weight=677 446 242 651 1716 2752
leaf_count=677 446 242 651 1716 2752
internal_value=0 -9.32217e-05 3.75318e-06 0 0
internal_weight=6484 3671 2813 2367 3429
internal_count=6484 3671 2813 2367 3429
is_linear=0
shrinkage=0.127801


Tree=299
num_leaves=8
num_cat=0
split_feature=0 1 1 1 1 5 0
split_gain=0.0146083 0.0641557 0.0591486 0.0167257 0.0559807 0.021442 0.00231142
threshold=-0.5283099646429229 0.79250558932359938 -0.55801940310457943 0.66629668367237394 -0.55801940310457943 1.0000000180025095e-35 -1.4391657068047699
decision_type=2 2 2 2 2 2 2
left_child=1 2 -1 4 -2 -5 -3
right_child=3 6 -4 5 -6 -7 -8
leaf_value=0.00024877433400808091 -0.0001659600490583061 -0.0035285547011339605 -0.00032242390269390971 0.0024792280996081381 0.00062433535449651358 -0.0028821543970444785 0.00034087564958896978
leaf_weight=526 1411 135 906 111 2282 408 705
leaf_count=526 1411 135 906 111 2282 408 705
internal_value=0 -0.000313079 -0.000939924 6.00641e-05 0.000279192 0 0
internal_weight=6484 2272 1432 4212 3693 519 840
internal_count=6484 2272 1432 4212 3693 519 840
is_linear=0
shrinkage=0.127801


Tree=300
num_leaves=8
num_cat=0
split_feature=138 6 4 6 5 0 3
split_gain=0.0047268 0.0598237 0.0614376 0.0244415 0.0844936 0.0273774 0.0163713
threshold=1.0000000180025095e-35 1.0000000180025095e-35 1.2070278930237228 1.0000000180025095e-35 1.0000000180025095e-35 -1.1571243031427116 0.11660449063294966
decision_type=2 2 2 2 2 2 2
left_child=3 2 -2 4 -1 -5 -3
right_child=1 6 -4 5 -6 -7 -8
leaf_value=-7.3891661422431075e-06 -0.0013760393240174907 0.0022184033929921227 0.00059163034793664813 0.0010442542068882438 0.0011236974862230658 -0.00067653438765674341 -0.001347882458287071
leaf_weight=1537 882 962 279 201 635 1697 291
leaf_count=1537 882 962 279 201 635 1697 291
internal_value=0 -0.000178577 -0.000950111 0 0.000409562 -0.000133025 0
internal_weight=6484 2414 1161 4070 2172 1898 1253
internal_count=6484 2414 1161 4070 2172 1898 1253
is_linear=0
shrinkage=0.127801


Tree=301
num_leaves=8
num_cat=0
split_feature=0 1 1 1 1 4 4
split_gain=0.00944465 0.020899 0.065408 0.0133297 0.0494962 0.0364711 0.000335911
threshold=-0.5283099646429229 0.79250558932359938 -0.22760070189447443 0.66629668367237394 0.52452983285067767 -1.0482112301816418 -1.2361478237820889
decision_type=2 2 2 2 2 2 2
left_child=1 2 -1 4 -2 -5 -3
right_child=3 6 -4 5 -6 -7 -8
leaf_value=3.3803140582153172e-05 4.1610817806075345e-05 -0.00090839430276676595 -0.00047640976834952101 0.0034514234617550299 0.0048538940465834429 -0.0024273498153776075 0.0007366145067661229
leaf_weight=755 3473 153 677 91 220 428 687
leaf_count=755 3473 153 677 91 220 428 687
internal_value=0 -0.000257 -0.000584659 2.97718e-05 0.000244651 0 0
internal_weight=6484 2272 1432 4212 3693 519 840
internal_count=6484 2272 1432 4212 3693 519 840
is_linear=0
shrinkage=0.127801


Tree=302
num_leaves=8
num_cat=0
split_feature=1 4 4 4 1 4 4
split_gain=0.00182736 0.0490775 0.0636657 0.0626143 0.0424097 0.0766363 0.0410821
threshold=0.17689845958289116 0.39263598742178535 -0.98556569898149293 0.95644576822312655 0.023783311610653651 1.1443823618235738 0.14205386262118927
decision_type=2 2 2 2 2 2 2
left_child=4 2 -2 -3 6 -6 -1
right_child=1 3 -4 -5 5 -7 -8
leaf_value=-0.00021054520580023704 -0.00035124448177580026 -0.0016573273938381222 0.0016741081103820096 0.00074289389257576547 0.0019376874313991473 -0.003294720863531816 0.00043734390037300465
leaf_weight=1571 545 802 729 291 391 55 2100
leaf_count=1571 545 802 729 291 391 55 2100
internal_value=0 -0.000112127 0 -0.000869421 0 0.00123665 0
internal_weight=6484 2367 1274 1093 4117 446 3671
internal_count=6484 2367 1274 1093 4117 446 3671
is_linear=0
shrinkage=0.127801


Tree=303
num_leaves=8
num_cat=0
split_feature=1 0 0 1 1 0 1
split_gain=0.000660273 0.0168941 0.0678294 0.0174241 0.0143202 0.0307079 0.0130293
threshold=-0.13445355381090321 0.15165945952100487 -1.1428687988079134 -0.20547610594208626 0.023783311610653651 -0.54012720352114996 0.17689845958289116
decision_type=2 2 2 2 2 2 2
left_child=1 2 -1 -3 5 -2 -6
right_child=4 3 -4 -5 6 -7 -8
leaf_value=-0.00027028928088037479 0.00074795552566212366 -0.00042675576149922898 0.001659315518184389 0.0080231828329967239 0.0014238189324440359 -0.0017973809069239998 -0.00013407895677953579
leaf_weight=452 134 1418 1193 98 446 376 2367
leaf_count=452 134 1418 1193 98 446 376 2367
internal_value=0 0 0.000408701 0 -5.69087e-05 -0.000687983 0
internal_weight=6484 3161 1645 1516 3323 510 2813
internal_count=6484 3161 1645 1516 3323 510 2813
is_linear=0
shrinkage=0.127801


Tree=304
num_leaves=8
num_cat=0
split_feature=2 0 0 0 0 4 4
split_gain=0.00136247 0.0194053 0.0681888 0.015423 0.00659566 0.0814245 0.031233
threshold=-0.26073405436933023 0.7765230816658556 1.8446804561142736 -0.74407283697544757 0.20363652201438839 -0.10852826217940668 0.079408331421040215
decision_type=2 2 2 2 2 2 2
left_child=1 3 -3 -1 6 -6 -2
right_child=4 2 -4 -5 5 -7 -8
leaf_value=-0.00061570007114893088 -0.00044488403946295042 -0.0011560432623084057 0.0029923100686423585 0.00042912540737022369 0.0012664667167842764 -0.00034435064416980397 0.0002823284545622079
leaf_weight=806 788 557 162 1652 563 779 1177
leaf_count=806 788 557 162 1652 563 779 1177
internal_value=0 -8.36019e-05 -0.000683565 0 0 0.000282597 0
internal_weight=6484 3177 719 2458 3307 1342 1965
internal_count=6484 3177 719 2458 3307 1342 1965
is_linear=0
shrinkage=0.127801


Tree=305
num_leaves=8
num_cat=0
split_feature=4 3 79 3 3 4 3
split_gain=0.00619898 0.0805037 0.0962256 0.0502464 0.0821041 0.0557079 0.0094793
threshold=-0.35911038698000275 -0.27200649004595134 1.0000000180025095e-35 -0.26694695799905527 -0.84418767191351718 0.95644576822312655 0.93605408484369257
decision_type=2 2 2 2 2 2 2
left_child=1 2 -1 4 -2 -5 -3
right_child=3 6 -4 5 -6 -7 -8
leaf_value=-0.00086272096451712175 -0.00027218150476218547 0.00024731211234142535 0.0028637743056752953 -0.0010107673989304703 0.00096472509350004933 0.003940187206918919 -0.00021590339017168192
leaf_weight=778 620 810 45 1899 1426 358 548
leaf_count=778 620 810 45 1899 1426 358 548
internal_value=0 -0.000215118 -0.00130625 0 0.000584106 -0.000230477 0
internal_weight=6484 2181 823 4303 2046 2257 1358
internal_count=6484 2181 823 4303 2046 2257 1358
is_linear=0
shrinkage=0.127801


Tree=306
num_leaves=7
num_cat=0
split_feature=1 1 138 1 1 1
split_gain=0.00237268 0.0335455 0.0169038 0.0322077 0.00795141 0.0018297
threshold=0.023783311610653651 -0.3963786502377068 1.0000000180025095e-35 0.63176488856442348 -0.80413631609507108 0.62039150315588076
decision_type=2 2 2 2 2 2
left_child=1 4 3 -2 -1 -4
right_child=2 -3 5 -5 -6 -7
leaf_value=-0.0002065627147658555 0.00062790746733027 -0.00053735901828048298 -0.0016382225984012738 -0.00015213873563586417 0.00031234438377598494 0.00057652157708294467
leaf_weight=1308 868 1251 419 798 1112 728
leaf_count=1308 868 1251 419 798 1112 728
internal_value=0 -9.32217e-05 4.90737e-05 0.00041121 0 0
internal_weight=6484 3671 2813 1666 2420 1147
internal_count=6484 3671 2813 1666 2420 1147
is_linear=0
shrinkage=0.127801


Tree=307
num_leaves=8
num_cat=0
split_feature=3 1 1 3 1 0 1
split_gain=0.000403631 0.0404904 0.0696228 0.0161663 0.0462882 0.0107652 0.00749117
threshold=-0.84418767191351718 0.32202861675276784 -0.059469158199078394 -0.58907049831810432 0.17689845958289116 -0.56185662091154109 1.9936105131749045
decision_type=2 2 2 2 2 2 2
left_child=1 2 -1 4 -2 -5 -3
right_child=3 6 -4 5 -6 -7 -8
leaf_value=3.1314887591103364e-05 0.0014916472416582522 0.0041136631551933409 -0.0019771821176860589 -0.0003118269815107052 -0.001290270801247852 7.1935557756193385e-05 -0.0030516604377288491
leaf_weight=486 509 122 218 1459 228 3415 47
leaf_count=486 509 122 218 1459 228 3415 47
internal_value=0 -7.01213e-05 -0.000967633 2.00832e-05 0.000598311 0 0
internal_weight=6484 873 704 5611 737 4874 169
internal_count=6484 873 704 5611 737 4874 169
is_linear=0
shrinkage=0.127801


Tree=308
num_leaves=7
num_cat=0
split_feature=1 0 1 0 1 1
split_gain=0.00520579 0.0548011 0.119126 0.0181098 0.0336792 0.00731506
threshold=1.3322709034750566 -1.2181493278550541 -0.75085523815867161 -0.26691350310741618 1.6259211967069411 -0.41717918914823621
decision_type=2 2 2 2 2 2
left_child=1 2 -1 4 -2 -3
right_child=3 5 -4 -5 -6 -7
leaf_value=0.0015525554293226742 0.0043219982662170333 0.00021210761227703255 -0.003503756694629199 -0.0064521318324635337 4.7513834558098813e-05 -0.00015770132708657302
leaf_weight=184 292 2023 215 60 561 3149
leaf_count=184 292 2023 215 60 561 3149
internal_value=0 -0.000107291 -0.00153725 0.000150427 0.000606773 0
internal_weight=6484 5571 399 913 853 5172
internal_count=6484 5571 399 913 853 5172
is_linear=0
shrinkage=0.127801


Tree=309
num_leaves=8
num_cat=0
split_feature=4 1 1 2 4 1 1
split_gain=0.00328958 0.0474749 0.0823558 0.027279 0.0791299 0.0717769 0.00912943
threshold=-0.35911038698000275 1.4862085513295493 0.63176488856442348 -0.75175920933033435 1.0817368306234247 -0.30259158538577674 2.2539573336078051
decision_type=2 2 2 2 2 2 2
left_child=1 2 -1 4 -2 -5 -3
right_child=3 6 -4 5 -6 -7 -8
leaf_value=-5.9352547038300668e-05 0.00083009443414479257 0.0025721677015638927 -0.0019634948820907278 0.00055792582623510922 -0.0014170634702752934 -0.0010044946236997566 -0.0020612666532642608
leaf_weight=1708 1373 239 223 1168 245 1517 10.999999999999998
leaf_count=1708 1373 239 223 1168 245 1517 11
internal_value=0 -0.000156707 -0.000638551 0 0.000517737 -6.09013e-05 0.000389366
internal_weight=6484 2181 1931 4303 1618 2685 250
internal_count=6484 2181 1931 4303 1618 2685 250
is_linear=0
shrinkage=0.127801


Tree=310
num_leaves=8
num_cat=0
split_feature=3 3 0 0 3 0 0
split_gain=0.00245892 0.0460068 0.0686509 0.02197 0.0527705 0.0218598 0.00152281
threshold=-0.3457588994987823 -0.40472190758376342 1.4064614538375835 0.27566354130335718 -0.21615704014367562 1.1331877215751258 0.10251533119553367
decision_type=2 2 2 2 2 2 2
left_child=1 6 -3 4 -2 -5 -1
right_child=3 2 -4 5 -6 -7 -8
leaf_value=-0.00011835610970762703 0.0036242728639036509 -0.0014354045032877903 0.012384979546548835 -0.00090485845400394894 5.0658922351610882e-05 0.00038169395765540621 0.00068047240824645476
leaf_weight=1479 344 226 27 1040 1942 663 763
leaf_count=1479 344 226 27 1040 1942 663 763
internal_value=0 -6.55262e-05 -0.00171235 8.58039e-05 0.000411495 0 0
internal_weight=6484 2495 253 3989 2286 1703 2242
internal_count=6484 2495 253 3989 2286 1703 2242
is_linear=0
shrinkage=0.127801


Tree=311
num_leaves=8
num_cat=0
split_feature=4 3 1 3 3 4 3
split_gain=0.0160168 0.11547 0.0909501 0.0423321 0.0282354 0.0664297 0.0322193
threshold=-0.35911038698000275 0.39487875321223315 2.0286056056027295 1.9608039217265638 -0.26694695799905527 0.95644576822312655 -0.15751836103605973
decision_type=2 2 2 2 2 2 2
left_child=1 2 -1 -3 5 -2 -6
right_child=4 3 -4 -5 6 -7 -8
leaf_value=-0.00060722209144284975 0.0008324699310886276 0.0014203341242408824 0.0076073846643236517 -0.00059415328063749289 -0.0064620525619819534 -0.00021000732408724395 0.00013740629254411371
leaf_weight=1273 1349 616 67 225 392 697 1865
leaf_count=1273 1349 616 67 225 392 697 1865
internal_value=0 -0.00027353 -0.00121287 0.000283776 0.000150719 0.000521853 0
internal_weight=6484 2181 1340 841 4303 2046 2257
internal_count=6484 2181 1340 841 4303 2046 2257
is_linear=0
shrinkage=0.127801


Tree=312
num_leaves=8
num_cat=0
split_feature=3 1 1 1 1 1 1
split_gain=0.000756961 0.073739 0.156171 0.0245745 0.017211 0.0809402 0.0253071
threshold=-0.15751836103605973 -0.82448974775874995 0.16104930649564728 -1.7154764791778625 -0.82448974775874995 0.088134190879037316 -1.7154764791778625
decision_type=2 2 2 2 2 2 2
left_child=4 3 -3 -2 6 -6 -1
right_child=1 2 -4 -5 5 -7 -8
leaf_value=-0.00038409937172351438 0.00069573760462518367 0.001148667536891748 -0.00018046304641567153 -0.001574312249316606 -0.00052390801251703614 0.00024100940739170718 0.0021197747736714074
leaf_weight=121 139 1264 1281 441 1477 1232 529
leaf_count=121 139 1264 1281 441 1477 1232 529
internal_value=0 5.23463e-05 0.000565044 -0.000823674 -3.35186e-05 -0.000323877 0
internal_weight=6484 3125 2545 580 3359 2709 650
internal_count=6484 3125 2545 580 3359 2709 650
is_linear=0
shrinkage=0.127801


Tree=313
num_leaves=7
num_cat=0
split_feature=4 1 1 1 1 3
split_gain=0.020306 0.0350808 0.0353571 0.0268441 0.036737 0.0223356
threshold=-0.98556569898149293 -1.0398142558938177 -0.44045646858288989 -0.98130720845520258 0.52452983285067767 -0.38182428178178501
decision_type=2 2 2 2 2 2
left_child=3 5 -3 -1 -5 -2
right_child=1 2 -4 4 -6 -7
leaf_value=0.0007070447125420876 0.00026634305845196787 0.00083401326012020618 1.0543334942380677e-05 -0.00046578768980166057 4.7760158043211381e-05 -0.0016365804595903756
leaf_weight=187 146 1256 3129 1027 373 366
leaf_count=187 146 1256 3129 1027 373 366
internal_value=0 0.000116826 0.000357418 -0.000407536 -0.000706961 -0.000389803
internal_weight=6484 4897 4385 1587 1400 512
internal_count=6484 4897 4385 1587 1400 512
is_linear=0
shrinkage=0.127801


Tree=314
num_leaves=8
num_cat=0
split_feature=4 3 3 1 1 1 3
split_gain=0.00721939 0.043069 0.085599 0.0317304 0.0276457 0.0272451 0.0119295
threshold=-0.98556569898149293 -0.29185542346069743 0.17829186212779788 0.13817001390484226 -1.0398142558938177 1.0385946975743388 -0.93247001955230624
decision_type=2 2 2 2 2 2 2
left_child=1 3 -3 -1 6 -6 -2
right_child=4 2 -4 -5 5 -7 -8
leaf_value=-3.6949180338121208e-05 0.0058915446792297778 0.0014183779702581785 -0.00018030472738382063 -0.0019690562061799402 0.00027233244390852823 -0.00050520746070158769 -0.0010465627093041335
leaf_weight=423 23 290 713 161 3588 797 489
leaf_count=423 23 290 713 161 3588 797 489
internal_value=0 -0.000247177 0 -0.00116413 6.47046e-05 0.00029922 -0.000389803
internal_weight=6484 1587 1003 584 4897 4385 512
internal_count=6484 1587 1003 584 4897 4385 512
is_linear=0
shrinkage=0.127801


Tree=315
num_leaves=8
num_cat=0
split_feature=2 3 0 5 0 3 3
split_gain=0.00294573 0.0191488 0.0660635 0.039846 0.0135845 0.0570781 0.0057302
threshold=1.2123414105136825 -0.58907049831810432 -0.58196921581381234 1.0000000180025095e-35 -1.0319871822955664 -0.61683305878055961 -0.35244007643250408
decision_type=2 2 2 2 2 2 2
left_child=1 2 -1 -3 6 -6 -2
right_child=4 3 -4 -5 5 -7 -8
leaf_value=0.0012209549182057679 0.0050579067939281932 -0.00099674066633239256 -0.00020791785029163797 -1.4824246171028624e-05 -0.00022044789979151015 0.0018588529938201104 -0.0059318129581650315
leaf_weight=500 68 826 815 3237 235 703 100
leaf_count=500 68 826 815 3237 235 703 100
internal_value=0 -9.45237e-05 0 -0.000297771 0 0.000484568 0
internal_weight=6484 5378 1315 4063 1106 938 168
internal_count=6484 5378 1315 4063 1106 938 168
is_linear=0
shrinkage=0.127801


Tree=316
num_leaves=8
num_cat=0
split_feature=2 1 4 1 1 1 4
split_gain=0.00589888 0.0370402 0.140546 0.0482704 0.0280939 0.0735582 0.0705788
threshold=-0.26073405436933023 0.52452983285067767 0.58057258102223253 -0.28000654168418865 -0.72168610620266682 -0.44690440932941106 -1.7999576045834298
decision_type=2 2 2 2 2 2 2
left_child=4 3 -3 -2 6 -6 -1
right_child=1 2 -4 -5 5 -7 -8
leaf_value=0.020923436752890545 0.0001365162576013862 0.0035141374835908515 -0.0015572917041497291 -0.00087328072601057516 0.0016578657971096525 -0.00013097254168243494 -0.0017801762728224602
leaf_weight=36 1426 541 339 1001 372 2067 702
leaf_count=36 1426 541 339 1001 372 2067 702
internal_value=0 5.71844e-05 0.000833259 0 -0.000163881 0 -0.000854846
internal_weight=6484 3307 880 2427 3177 2439 738
internal_count=6484 3307 880 2427 3177 2439 738
is_linear=0
shrinkage=0.127801


Tree=317
num_leaves=8
num_cat=0
split_feature=4 1 0 0 0 0 1
split_gain=0.029116 0.0465083 0.153813 0.0178885 0.0906489 0.0271253 0.0081556
threshold=0.14205386262118927 -0.85693837452732435 0.80964905729984371 -0.42663788277842418 0.059218062103178211 -0.49421951035027345 -0.60523467588495772
decision_type=2 2 2 2 2 2 2
left_child=1 2 -1 5 -5 -2 -3
right_child=3 6 -4 4 -6 -7 -8
leaf_value=-0.0011991357171095434 0.00011034264727124234 0.0047347801265475425 0.0011332118754494704 0.0041040670174365248 -4.548370421422724e-05 -0.0082053062511609712 -8.9101722946927054e-05
leaf_weight=428 1293 260 106 668 1528 138 2063
leaf_count=428 1293 260 106 668 1528 138 2063
internal_value=-2.72258e-05 -0.000405313 -0.00150799 5.21489e-05 0.000370292 0 0
internal_weight=6484 2857 534 3627 2196 1431 2323
internal_count=6484 2857 534 3627 2196 1431 2323
is_linear=0
shrinkage=0.127801


Tree=318
num_leaves=7
num_cat=0
split_feature=2 2 3 3 3 2
split_gain=0.0148928 0.0377743 0.0348766 0.0262202 0.109484 0.0303148
threshold=1.2123414105136825 1.7033665654746868 -0.29185542346069743 -0.56143766944659512 -0.86630690816981926 -0.75175920933033435
decision_type=2 2 2 2 2 2
left_child=3 2 -2 4 -1 -5
right_child=1 -3 -4 5 -6 -7
leaf_value=-0.00050608191223976823 -2.19068449126535e-05 -0.0013940358066131518 0.0018477559796422167 2.3479276243443105e-05 0.00099612086965634506 -0.00042583489680352222
leaf_weight=621 309 343 454 1902 780 2075
leaf_count=621 309 343 454 1902 780 2075
internal_value=0 0.000388455 0.00100968 -0.000118257 0 -0.000355526
internal_weight=6484 1106 763 5378 1401 3977
internal_count=6484 1106 763 5378 1401 3977
is_linear=0
shrinkage=0.127801


Tree=319
num_leaves=6
num_cat=0
split_feature=4 4 4 4 4
split_gain=0.00321104 0.0126291 0.0161787 0.0098594 4.63536e-05
threshold=0.14205386262118927 1.1443823618235738 1.3323189554240209 -1.2987933549822379 -1.9252486669837279
decision_type=2 2 2 2 2
left_child=3 -2 -3 4 -1
right_child=1 2 -4 -5 -6
leaf_value=-0.00045791445789488132 0.00015927659547492639 -0.0032896999894683524 0.00098243874444686827 -9.5149836515034386e-05 0.00034462287014603779
leaf_weight=222 3018 344 265 1921 714
leaf_count=222 3018 344 265 1921 714
internal_value=0 8.73176e-05 0 -9.29431e-05 0
internal_weight=6484 3627 609 2857 936
internal_count=6484 3627 609 2857 936
is_linear=0
shrinkage=0.127801


Tree=320
num_leaves=8
num_cat=0
split_feature=4 2 3 3 3 0 2
split_gain=0.0113504 0.031914 0.072232 0.0209683 0.0576666 0.0125059 0.00553107
threshold=0.14205386262118927 0.72131625555267831 -0.44013863191203578 -0.9163184364795226 -0.26694695799905527 -1.1305866973850465 0.72131625555267831
decision_type=2 2 2 2 2 2 2
left_child=1 2 -1 6 -5 -3 -2
right_child=3 5 -4 4 -6 -7 -8
leaf_value=0.00014277533055780608 -0.0020165360343424839 -0.00099711174630469205 -0.00042731987285236293 0.00056753479804318044 -1.248605601397531e-05 0.00088324382874286733 0.00021055866139572642
leaf_weight=626 246 113 1365 1349 1896 753 136
leaf_count=626 246 113 1365 1349 1896 753 136
internal_value=0 -0.000182192 -0.000555408 0.000157655 0.000364815 0 0
internal_weight=6484 2857 1991 3627 3245 866 382
internal_count=6484 2857 1991 3627 3245 866 382
is_linear=0
shrinkage=0.127801


Tree=321
num_leaves=7
num_cat=0
split_feature=4 0 0 0 0 0
split_gain=0.00211976 0.0198061 0.0303681 0.0098643 0.0215072 0.00553424
threshold=0.14205386262118927 -0.08647085047120194 -1.3574612321484096 -1.404109426834266 0.5935985799389617 1.0746883601779811
decision_type=2 2 2 2 2 2
left_child=1 2 -1 -2 -5 -3
right_child=3 5 -4 4 -6 -7
leaf_value=0.0027104907526462733 -0.004002405574515768 0.0003389727403040244 -0.00037010941508980202 0.0003327308887136278 -0.00020923203135729009 -0.00015476281512380067
leaf_weight=146 215 854 1257 2573 839 600
leaf_count=146 215 854 1257 2573 839 600
internal_value=0 -9.29431e-05 -0.000496978 5.21489e-05 0.00022364 0
internal_weight=6484 2857 1403 3627 3412 1454
internal_count=6484 2857 1403 3627 3412 1454
is_linear=0
shrinkage=0.127801


Tree=322
num_leaves=8
num_cat=0
split_feature=4 1 3 1 3 3 1
split_gain=0.00210572 0.0531541 0.0337453 0.0253995 0.10894 0.035272 0.0119152
threshold=0.14205386262118927 -0.85693837452732435 -1.0312606260577253 0.28962877977815665 -0.86630690816981926 -0.26694695799905527 0.63176488856442348
decision_type=2 2 2 2 2 2 2
left_child=1 2 -1 4 -2 -5 -3
right_child=3 6 -4 5 -6 -7 -8
leaf_value=0.0015317607541585326 -0.0014848902675490576 0.00019816392565515776 -0.00057581788612475013 0.00041943135338296525 0.00078472556211419092 -0.0015908221802834008 -0.00021300646446112946
leaf_weight=13.999999999999998 368 1687 520 433 2157 669 636
leaf_count=14 368 1687 520 433 2157 669 636
internal_value=0 -4.83188e-05 -0.00127173 8.73176e-05 0.00041808 0 0
internal_weight=6484 2857 534 3627 2525 1102 2323
internal_count=6484 2857 534 3627 2525 1102 2323
is_linear=0
shrinkage=0.127801


Tree=323
num_leaves=8
num_cat=0
split_feature=1 3 4 3 3 4 3
split_gain=0.00189047 0.0626343 0.0743619 0.0113147 0.0374321 0.0342912 0.00217148
threshold=-0.73950353084221854 -0.84418767191351718 -0.23381932457970475 -0.78379761632812961 -0.29185542346069743 -0.73498357418089677 -0.22231929071361317
decision_type=2 2 2 2 2 2 2
left_child=1 2 -1 5 -5 -2 -3
right_child=3 6 -4 4 -6 -7 -8
leaf_value=-0.0051770374989402309 -0.00022907772376657407 0.00063591326092728704 0.00039951191126035333 -0.0003429375827912504 0.00019860835163232218 0.00065345579684033476 -0.00018280252435650258
leaf_weight=66 228 533 126 1271 2889 605 766
leaf_count=66 228 533 126 1271 2889 605 766
internal_value=0 -0.000143573 -0.00230164 0 0 0.000469065 0
internal_weight=6484 1491 192 4993 4160 833 1299
internal_count=6484 1491 192 4993 4160 833 1299
is_linear=0
shrinkage=0.127801


Tree=324
num_leaves=7
num_cat=0
split_feature=3 0 0 0 3 1
split_gain=0.00478931 0.0327966 0.0470288 0.0465687 0.0261511 0.025709
threshold=-0.58907049831810432 -0.56185662091154109 0.27566354130335718 -1.3574612321484096 -1.1160402207409705 -0.16576194002522873
decision_type=2 2 2 2 2 2
left_child=4 3 -3 -2 -1 -6
right_child=1 2 -4 -5 5 -7
leaf_value=-0.0067263188172442551 0.00082479595859569481 0.0011546575141374502 -0.00011985218787482414 -0.00033545181670006051 4.4439104749954803e-05 0.00060064291749411581
leaf_weight=130 326 1373 2042 1133 722 758
leaf_count=130 326 1373 2042 1133 722 758
internal_value=0 0 4.79101e-05 -0.000600045 0.00021995 0.000582977
internal_weight=6484 4874 3415 1459 1610 1480
internal_count=6484 4874 3415 1459 1610 1480
is_linear=0
shrinkage=0.127801


Tree=325
num_leaves=7
num_cat=0
split_feature=79 4 4 5 4 4
split_gain=0.00240219 0.0163423 0.0352714 0.0337682 5.27671e-05 0.0039685
threshold=1.0000000180025095e-35 -0.42175591818015173 -1.4867299485826846 -1.5273276664610476 -0.48440144938030077 -1.9252486669837279
decision_type=2 2 2 2 2 2
left_child=1 2 -1 -3 5 -2
right_child=4 3 -4 -5 -6 -7
leaf_value=0.00014929059294227718 -0.00011380107445667827 0.0042042382726601513 -0.00013695276410041212 -0.00010799711999440032 -0.00023724256726133611 0.0031092081972628094
leaf_weight=673 13.999999999999998 315 1294 3987 92 109
leaf_count=673 14 315 1294 3987 92 109
internal_value=0 -7.90677e-05 -0.000393826 0 0 8.14417e-05
internal_weight=6484 6269 1967 4302 215 123
internal_count=6484 6269 1967 4302 215 123
is_linear=0
shrinkage=0.127801


Tree=326
num_leaves=8
num_cat=0
split_feature=3 0 0 0 3 0 0
split_gain=0.00153277 0.04313 0.0484086 0.0369542 0.0350134 0.0155502 0.00857729
threshold=-0.039657210661570748 -0.8523627098596166 1.4064614538375835 -1.404109426834266 -0.15751836103605973 -1.5535347794406922 -0.9808819955897311
decision_type=2 2 2 2 2 2 2
left_child=4 3 -3 -2 6 -6 -1
right_child=1 2 -4 -5 5 -7 -8
leaf_value=0.00030250439101314909 0.0033281826193610913 0.00050985646431337924 -0.0013779689876879022 -0.001765212226750898 -0.02078505121630413 0.00095036396834217323 -0.00012151212013091972
leaf_weight=699 108 1789 326 335 22 545 2660
leaf_count=699 108 1789 326 335 22 545 2660
internal_value=0 -9.87951e-05 0 -0.0012733 0 0.000998203 0
internal_weight=6484 2558 2115 443 3926 567 3359
internal_count=6484 2558 2115 443 3926 567 3359
is_linear=0
shrinkage=0.127801


Tree=327
num_leaves=8
num_cat=0
split_feature=0 4 0 0 138 2 2
split_gain=0.00153293 0.0299327 0.157103 0.049749 0.0283672 0.0391034 0.0273023
threshold=-0.076190589987997839 0.70586364342253061 -0.49004797580609749 -0.56185662091154109 1.0000000180025095e-35 1.0000000180025095e-35 1.2123414105136825
decision_type=2 2 2 2 2 2 2
left_child=1 2 -1 -3 5 -2 -6
right_child=4 3 -4 -5 6 -7 -8
leaf_value=6.1896861510163343e-05 0.00025913747067284981 -0.00016621681164807664 -0.0030084029272400658 0.0038294483041235207 -0.00068454787555111672 -9.3008857497908632e-05 0.0010912006691878235
leaf_weight=1624 1192 705 610 397 1005 734 217
leaf_count=1624 1192 705 610 397 1005 734 217
internal_value=0 -8.34485e-05 -0.000478072 0 2.36088e-05 0.000488133 -6.06071e-05
internal_weight=6484 3336 2234 1102 3148 1926 1222
internal_count=6484 3336 2234 1102 3148 1926 1222
is_linear=0
shrinkage=0.127801


Tree=328
num_leaves=8
num_cat=0
split_feature=0 1 4 4 1 1 1
split_gain=0.000691848 0.0503325 0.124266 0.0528058 0.0171241 0.090523 0.0254907
threshold=0.20363652201438839 -0.20547610594208626 -1.1735022925819398 -0.48440144938030077 1.1724041194827879 -0.047211329028630594 1.5954473020841082
decision_type=2 2 2 2 2 2 2
left_child=4 3 -3 -2 5 -1 -6
right_child=1 2 -4 -5 6 -7 -8
leaf_value=0.00011255486469108723 0.0005805475276641635 -0.0012954885571922522 0.0014300224167856795 -0.0009837089626971462 0.0039878551107754602 -0.00050614997222659676 -0.00015653987465982374
leaf_weight=1865 357 204 1048 1005 342 1032 631
leaf_count=1865 357 204 1048 1005 342 1032 631
internal_value=0 5.76759e-05 0.000810375 -5.44088e-05 -2.58042e-05 -0.000311711 1.07995e-05
internal_weight=6484 2614 1252 1362 3870 2897 973
internal_count=6484 2614 1252 1362 3870 2897 973
is_linear=0
shrinkage=0.127801


Tree=329
num_leaves=8
num_cat=0
split_feature=0 0 1 1 0 1 1
split_gain=0.00370368 0.0212993 0.0455816 0.0186653 0.0482277 0.035693 0.0112086
threshold=0.20363652201438839 0.5935985799389617 -1.8122587916270867 -0.18290080205970558 -1.2551208087874495 -0.88270599336486277 0.080798796701705658
decision_type=2 2 2 2 2 2 2
left_child=3 2 -2 5 -5 -1 -3
right_child=1 6 -4 4 -6 -7 -8
leaf_value=-0.00072987805926483728 -0.021816798213359523 -0.00045963832771471664 0.00083764544725017129 0.0021295278940497435 -0.00036316400555755482 0.00060053795736854441 0.00060980739748691065
leaf_weight=476 71 1014 743 277 1960 1157 786
leaf_count=476 71 1014 743 277 1960 1157 786
internal_value=0 8.91427e-06 0.000651166 -0.000124698 -0.000403393 0 0
internal_weight=6484 2614 814 3870 2237 1633 1800
internal_count=6484 2614 814 3870 2237 1633 1800
is_linear=0
shrinkage=0.127801


Tree=330
num_leaves=8
num_cat=0
split_feature=4 1 2 2 3 2 1
split_gain=0.00488273 0.0428444 0.104726 0.0225712 0.0106319 0.0287393 0.00995472
threshold=0.51792704982208349 -0.25638596679598147 0.72131625555267831 -0.26073405436933023 0.20598955679478007 -0.75175920933033435 -0.57158900009596991
decision_type=2 2 2 2 2 2 2
left_child=4 3 -3 -2 5 -1 -6
right_child=1 2 -4 -5 6 -7 -8
leaf_value=0.000475013936423309 -0.00041260041135440524 4.7755089840842644e-05 -0.0038381993722102748 0.0026388017720994895 -0.00094617591827940981 -3.7907394622046779e-05 0.00010887360033318907
leaf_weight=964 565 942 454 661 388 1459 1051
leaf_count=964 565 942 454 661 388 1459 1051
internal_value=0 -0.000174171 -0.000745415 0 0 0.000267327 0
internal_weight=6484 2622 1396 1226 3862 2423 1439
internal_count=6484 2622 1396 1226 3862 2423 1439
is_linear=0
shrinkage=0.127801


Tree=331
num_leaves=8
num_cat=0
split_feature=1 1 4 1 1 4 0
split_gain=0.00476873 0.026886 0.0552044 0.0280234 0.0187871 0.0660596 0.0236103
threshold=0.17689845958289116 -0.16576194002522873 1.1443823618235738 -0.24764668845572405 0.52452983285067767 1.0190912994232757 0.79023711576145061
decision_type=2 2 2 2 2 2 2
left_child=1 3 -3 -1 5 -2 -6
right_child=4 2 -4 -5 6 -7 -8
leaf_value=4.5623044670343149e-05 -0.00079963779742849212 0.00058198757821831021 -0.001707373897648694 -0.0019070928251936209 -0.00021483280600575249 0.0090505214573245712 0.0014420838320235831
leaf_weight=2828 605 921 117 251 1407 46 309
leaf_count=2828 605 921 117 251 1407 46 309
internal_value=0 0.000107933 0.000682805 0 -0.000112127 -0.000715365 0
internal_weight=6484 4117 1038 3079 2367 651 1716
internal_count=6484 4117 1038 3079 2367 651 1716
is_linear=0
shrinkage=0.127801


Tree=332
num_leaves=8
num_cat=0
split_feature=1 1 3 3 3 3 3
split_gain=0.00996312 0.0302869 0.0270381 0.0542954 0.0251592 0.0132779 0.0030285
threshold=0.17689845958289116 1.3322709034750566 -0.11509613079670049 0.93605408484369257 -0.34206154915681986 -0.38182428178178501 -0.2628604128842546
decision_type=2 2 2 2 2 2 2
left_child=2 4 5 -4 -2 -1 -3
right_child=1 6 3 -5 -6 -7 -8
leaf_value=7.3805213229680781e-05 -0.00056556226649405775 0.0015241481904247913 0.00082176033571866711 -0.00040949774860122391 -8.418453941422976e-05 -0.00038095732820662601 -0.00018003325665297303
leaf_weight=1647 492 312 1297 417 962 756 601
leaf_count=1647 492 312 1297 417 962 756 601
internal_value=0 -0.000219798 0.000107933 0.000533413 -0.000645838 0 0
internal_weight=6484 2367 4117 1714 1454 2403 913
internal_count=6484 2367 4117 1714 1454 2403 913
is_linear=0
shrinkage=0.127801


Tree=333
num_leaves=8
num_cat=0
split_feature=1 2 1 2 138 1 3
split_gain=0.0108601 0.0619107 0.0437489 0.0279473 0.0516236 0.0386243 0.0236953
threshold=0.17689845958289116 1.0000000180025095e-35 1.5558241604480159 1.0000000180025095e-35 1.0000000180025095e-35 -1.5706715958429196 -0.057625036007599093
decision_type=2 2 2 2 2 2 2
left_child=3 2 -2 4 -1 -5 -3
right_child=1 6 -4 5 -6 -7 -8
leaf_value=0.00028133667104421637 -0.00046527768872238262 0.0012674799081512072 3.1898594178882744e-05 0.00055425134650961935 -0.0002179604222681004 -0.00049554310108020029 -0.00048068279225550032
leaf_weight=1674 1047 476 427 151 844 1448 417
leaf_count=1674 1047 476 427 151 844 1448 417
internal_value=-7.53661e-06 -0.000273633 -0.000896008 0 0.000383808 -0.000229414 0
internal_weight=6484 2367 1474 4117 2518 1599 893
internal_count=6484 2367 1474 4117 2518 1599 893
is_linear=0
shrinkage=0.127801


Tree=334
num_leaves=8
num_cat=0
split_feature=0 3 3 3 1 1 0
split_gain=0.0111405 0.0313403 0.0795115 0.0271233 0.0172759 0.0386089 0.0204353
threshold=-0.076190589987997839 -0.78379761632812961 -0.3457588994987823 -0.86630690816981926 -0.54982342656668781 0.063490787369168564 0.31535867863553507
decision_type=2 2 2 2 2 2 2
left_child=1 3 -3 -1 6 -6 -2
right_child=4 2 -4 -5 5 -7 -8
leaf_value=-0.00021974698437200391 0.00010615882374802061 -0.00085067611210638968 6.940910423307429e-06 0.0012989670182829581 0.00092702421087403929 -1.7468560047473416e-05 -0.00039417607164627088
leaf_weight=522 380 808 1853 153 1038 992 738
leaf_count=522 380 808 1853 153 1038 992 738
internal_value=-2.72258e-05 -0.000236369 -0.000511733 0 0 0.000362824 -0.000111653
internal_weight=6484 3336 2661 675 3148 2030 1118
internal_count=6484 3336 2661 675 3148 2030 1118
is_linear=0
shrinkage=0.127801


Tree=335
num_leaves=8
num_cat=0
split_feature=1 1 0 0 0 1 3
split_gain=0.00453648 0.0238829 0.0958132 0.0188905 0.0454892 0.0183235 0.0030285
threshold=0.17689845958289116 1.3322709034750566 0.73958325159133242 -1.1428687988079134 0.75655098263484888 -0.34432956528035469 -0.2628604128842546
decision_type=2 2 2 2 2 2 2
left_child=3 2 -2 5 -5 -1 -3
right_child=1 6 -4 4 -6 -7 -8
leaf_value=-0.00079121976168346057 -0.00067422717698989833 0.0014037679284284576 0.00039791687701690317 0.00027726709433296948 -0.00025703858109012054 0.009494677049358689 -0.00016198851339320952
leaf_weight=429 751 312 703 2868 797 23 601
leaf_count=429 751 312 703 2868 797 23 601
internal_value=0 -0.000165962 -0.000558359 4.59527e-05 0.000288282 -0.000162293 0
internal_weight=6484 2367 1454 4117 3665 452 913
internal_count=6484 2367 1454 4117 3665 452 913
is_linear=0
shrinkage=0.127801


Tree=336
num_leaves=5
num_cat=0
split_feature=0 0 0 0
split_gain=9.99497e-06 0.00628084 0.00428407 0.000448293
threshold=-0.076190589987997839 0.49694482866477346 -0.18170122430746591 -0.66747595991026942
decision_type=2 2 2 2
left_child=2 -2 3 -1
right_child=1 -3 -4 -5
leaf_value=-7.3380035415100193e-05 0.0003258946288504928 -3.7382351578115486e-05 -0.0030386282685344137 7.0800547906546833e-05
leaf_weight=1758 1139 2009 218 1360
leaf_count=1758 1139 2009 218 1360
internal_value=0 0 -6.98814e-06 0
internal_weight=6484 3148 3336 3118
internal_count=6484 3148 3336 3118
is_linear=0
shrinkage=0.127801


Tree=337
num_leaves=7
num_cat=0
split_feature=3 6 6 3 6 6
split_gain=0.00885641 0.0280465 0.020952 0.0182253 0.00943369 0.00794939
threshold=0.17829186212779788 -1.1965336522346741 3.3398348325421883 -0.31909905755936857 -1.1965336522346741 1.0000000180025095e-35
decision_type=2 2 2 2 2 2
left_child=3 -2 -3 5 -5 -1
right_child=1 2 -4 4 -6 -7
leaf_value=1.7403819955927425e-05 0.015742113747957583 -0.00017929474956278845 0.0071151156566970917 -0.015178242808323878 0.00026194789602386313 -0.0017175658912487258
leaf_weight=2187 73 1739 30 27 1989 439
leaf_count=2187 73 1739 30 27 1989 439
internal_value=0 -0.000247648 -0.000567266 8.19989e-05 0.00040324 0
internal_weight=6484 1842 1769 4642 2016 2626
internal_count=6484 1842 1769 4642 2016 2626
is_linear=0
shrinkage=0.127801


Tree=338
num_leaves=7
num_cat=0
split_feature=3 1 1 4 1 3
split_gain=0.00102939 0.0189588 0.141122 0.0176511 0.0319684 0.0099723
threshold=0.17829186212779788 -1.5423236712339634 -0.82448974775874995 0.26734492502148738 -1.5136045185739972 -0.68046640413959858
decision_type=2 2 2 2 2 2
left_child=3 -2 -3 4 -1 -5
right_child=1 2 -4 5 -6 -7
leaf_value=-0.0010869796269079067 0.0034834614975901546 -0.0019542124269351356 4.0030914822046788e-06 -0.00031833541088156298 0.00021235193528617782 6.9641225761277544e-05
leaf_weight=147 102 209 1531 662 1592 2241
leaf_count=147 102 209 1531 662 1592 2241
internal_value=0 -4.02837e-05 -0.000423053 5.45085e-05 0.000415977 0
internal_weight=6484 1842 1740 4642 1739 2903
internal_count=6484 1842 1740 4642 1739 2903
is_linear=0
shrinkage=0.127801


Tree=339
num_leaves=8
num_cat=0
split_feature=3 4 3 4 3 4 4
split_gain=0.00609714 0.0481414 0.0820478 0.03879 0.0481766 0.0252587 0.0247611
threshold=-0.29801767403063489 -0.35911038698000275 -0.94829727364772454 0.95644576822312655 1.0513854691947333 -0.48440144938030077 0.83115470582282858
decision_type=2 2 2 2 2 2 2
left_child=1 2 -1 5 -5 -2 -3
right_child=3 6 -4 4 -6 -7 -8
leaf_value=0.0005965691326105802 0.00020452477945064678 0.00079247254896545524 -0.00066198054825119829 0.004670219201990621 -0.068255058798752016 -0.00044021549838618018 -0.0001543355079204375
leaf_weight=111 1294 1048 681 391 10.999999999999998 2061 887
leaf_count=111 1294 1048 681 391 11 2061 887
internal_value=0 -0.000190855 -0.00105301 0 0.0012447 0 0
internal_weight=6484 2727 792 3757 402 3355 1935
internal_count=6484 2727 792 3757 402 3355 1935
is_linear=0
shrinkage=0.127801


Tree=340
num_leaves=7
num_cat=0
split_feature=1 1 1 1 138 1
split_gain=0.00271495 0.00678691 0.00357369 0.00602721 0.00290328 0.000829786
threshold=-0.41717918914823621 -0.73950353084221854 -0.16576194002522873 -0.24764668845572405 1.0000000180025095e-35 0.13817001390484226
decision_type=2 2 2 2 2 2
left_child=1 -1 3 -2 -3 -4
right_child=2 4 5 -5 -6 -7
leaf_value=-1.5770624956251538e-08 -0.0002005811285834148 0.00035635348193681094 0.00031643791380173381 -0.0012509310121240045 1.8255788971777451e-05 -9.1857501357648998e-05
leaf_weight=1491 458 598 958 251 281 2447
leaf_count=1491 458 598 958 251 281 2447
internal_value=0 9.58567e-05 -7.38965e-05 -0.000336096 0.000387008 0
internal_weight=6484 2370 4114 709 879 3405
internal_count=6484 2370 4114 709 879 3405
is_linear=0
shrinkage=0.127801


Tree=341
num_leaves=6
num_cat=0
split_feature=1 1 1 1 1
split_gain=0.000730769 0.00210256 0.00199649 0.00138548 0.000867491
threshold=-0.30259158538577674 -0.73950353084221854 1.3322709034750566 0.17689845958289116 -0.41717918914823621
decision_type=2 2 2 2 2
left_child=1 -1 3 -2 -3
right_child=2 4 -4 -5 -6
leaf_value=-1.3755120692238525e-08 -4.5292527432624271e-06 0.00026054381822327198 7.426967500059397e-05 -0.00011763100086601505 -4.6274151411539471e-06
leaf_weight=1491 1417 879 913 1454 330
leaf_count=1491 1417 879 913 1454 330
internal_value=0 3.69585e-05 -4.6617e-05 -0.000119135 0.000176871
internal_weight=6484 2700 3784 2871 1209
internal_count=6484 2700 3784 2871 1209
is_linear=0
shrinkage=0.127801


Tree=342
num_leaves=8
num_cat=0
split_feature=0 1 1 1 1 0 0
split_gain=0.000441817 0.0179989 0.055996 0.0091121 0.00537537 0.0406567 0.00478042
threshold=-0.8523627098596166 1.5558241604480159 0.23057569430715766 2.0823359727671562 1.0385946975743388 -0.58196921581381234 -0.7596162047716718
decision_type=2 2 2 2 2 2 2
left_child=1 2 -1 -3 5 -2 -6
right_child=4 3 -4 -5 6 -7 -8
leaf_value=7.4440795571727751e-06 0.0009127824953260303 0.0021063998029276121 -0.0065575331012593073 -0.00034677098059712562 0.011069431946050307 1.1634184556720762e-05 -0.0012624016210409381
leaf_weight=680 511 268 217 215 39 4101 453
leaf_count=680 511 268 217 215 39 4101 453
internal_value=0 -7.21319e-05 -0.000577237 0 0 0.000137869 0
internal_weight=6484 1380 897 483 5104 4612 492
internal_count=6484 1380 897 483 5104 4612 492
is_linear=0
shrinkage=0.127801


Tree=343
num_leaves=8
num_cat=0
split_feature=3 3 4 3 4 3 4
split_gain=0.00272177 0.0476247 0.0361687 0.0140125 0.00836114 0.0524216 0.0373607
threshold=0.26365524897030063 0.93605408484369257 0.64321811222238157 2.769291196502365 -0.29646485577985376 -0.9163184364795226 0.26734492502148738
decision_type=2 2 2 2 2 2 2
left_child=4 2 -2 -3 5 -1 -6
right_child=1 3 -4 -5 6 -7 -8
leaf_value=0.00076906069813577295 0.0010117976966572701 -0.00047296056237174561 -0.0025635215306004412 0.0068642406529825541 0.0012590387239811473 -0.00020054303402129893 -0.00010367107989138531
leaf_weight=169 689 628 168 120 514 1172 3024
leaf_count=169 689 628 168 120 514 1172 3024
internal_value=0 0.000101706 0.000958992 0 -7.54048e-05 -0.000349175 0
internal_weight=6484 1605 857 748 4879 1341 3538
internal_count=6484 1605 857 748 4879 1341 3538
is_linear=0
shrinkage=0.127801


Tree=344
num_leaves=5
num_cat=0
split_feature=1 1 2 1
split_gain=0.00855875 0.0112088 0.0615092 0.0102023
threshold=-1.5423236712339634 0.52452983285067767 -0.75175920933033435 1.5954473020841082
decision_type=2 2 2 2
left_child=-1 2 -2 -3
right_child=1 3 -4 -5
leaf_value=0.00032723703075379976 0.00011958054178847781 0.00069007695717526827 -0.00021483565164240104 -0.00028360667579035542
leaf_weight=390 1720 1081 2658 635
leaf_count=390 1720 1081 2658 635
internal_value=-8.62933e-05 -0.000175601 -0.000290953 0
internal_weight=6484 6094 4378 1716
internal_count=6484 6094 4378 1716
is_linear=0
shrinkage=0.127801


Tree=345
num_leaves=7
num_cat=0
split_feature=1 0 0 0 0 1
split_gain=0.007171 0.0245882 0.0402852 0.0183213 0.0624133 0.0602904
threshold=-1.5423236712339634 0.44481185261841205 -0.0080395933647701978 0.46016188993549384 0.20363652201438839 0.080798796701705658
decision_type=2 2 2 2 2 2
left_child=1 2 -1 4 -2 -5
right_child=3 -3 -4 5 -6 -7
leaf_value=0.0050730921241122365 -5.6298233267969125e-05 0.0024288527305413614 -0.0063366691317142902 -0.00058768532136987278 0.0027382688811699494 0.00028953835956706616
leaf_weight=51 3745 205 134 1042 463 844
leaf_count=51 3745 205 134 1042 463 844
internal_value=-6.66041e-05 0 0 -0.000154653 0 -0.000484944
internal_weight=6484 390 185 6094 4208 1886
internal_count=6484 390 185 6094 4208 1886
is_linear=0
shrinkage=0.127801


Tree=346
num_leaves=8
num_cat=0
split_feature=0 1 0 0 1 1 2
split_gain=0.009559 0.0557867 0.0223684 0.00583341 0.0411782 0.00985175 0.00539795
threshold=0.96439779967673489 0.52452983285067767 1.6165031780995682 0.38740183499144254 0.81514685969934564 -0.88270599336486277 -0.75175920933033435
decision_type=2 2 2 2 2 2 2
left_child=3 2 -2 5 -5 -1 -3
right_child=1 6 -4 4 -6 -7 -8
leaf_value=-0.00026579010110905935 -0.00045133518340060474 -0.0030640785711788256 -0.00017120785891260853 0.00040915258588808151 -0.0068650209702319116 3.6219759894624904e-06 0.0066358924261997257
leaf_weight=612 538 100 381 1021 34 3626 172
leaf_count=612 538 100 381 1021 34 3626 172
internal_value=-6.66041e-05 -0.000392896 -0.00108801 0 0.000274729 -5.96952e-05 0
internal_weight=6484 1191 919 5293 1055 4238 272
internal_count=6484 1191 919 5293 1055 4238 272
is_linear=0
shrinkage=0.127801


Tree=347
num_leaves=8
num_cat=0
split_feature=3 0 2 0 0 3 0
split_gain=0.00618442 0.0486802 0.0535275 0.0302672 0.013975 0.0707516 0.0492411
threshold=-0.039657210661570748 1.235213547187171 0.72131625555267831 0.80964905729984371 1.4064614538375835 -0.38610542428300482 0.91939451362051006
decision_type=2 2 2 2 2 2 2
left_child=4 3 -3 -2 6 -6 -1
right_child=1 2 -4 -5 5 -7 -8
leaf_value=2.781329894179003e-05 -0.00012147731521662804 -0.0014895621068368307 0.0016909619087790862 0.0024928255750581653 -0.00033624295603210201 0.0070253047845068245 -0.0011789328392238364
leaf_weight=3208 1941 291 119 207 163 171 384
leaf_count=3208 1941 291 119 207 163 171 384
internal_value=0 -0.000198447 -0.00146604 0 0 0.000818226 0
internal_weight=6484 2558 410 2148 3926 334 3592
internal_count=6484 2558 410 2148 3926 334 3592
is_linear=0
shrinkage=0.127801


Tree=348
num_leaves=8
num_cat=0
split_feature=6 138 1 1 138 1 1
split_gain=0.00219558 0.116083 0.0538093 0.0438873 0.0246996 0.022251 0.0141859
threshold=1.0000000180025095e-35 1.0000000180025095e-35 0.79250558932359938 -0.88270599336486277 1.0000000180025095e-35 0.63176488856442348 0.19828235870676117
decision_type=2 2 2 2 2 2 2
left_child=1 3 -3 -1 5 -2 -6
right_child=4 2 -4 -5 6 -7 -8
leaf_value=-1.9866724405975011e-05 -0.00013828293487599928 -0.0016787066589143121 9.6506574265302656e-05 0.00030722046947875056 0.0024451799968872711 -0.0013571678696035424 -0.00019991717688961456
leaf_weight=291 1466 940 221 1881 663 432 590
leaf_count=291 1466 940 221 1881 663 432 590
internal_value=0 7.9698e-05 -0.000621838 0.000820133 -6.81022e-05 -0.000468471 0
internal_weight=6484 3333 1161 2172 3151 1898 1253
internal_count=6484 3333 1161 2172 3151 1898 1253
is_linear=0
shrinkage=0.127801


Tree=349
num_leaves=8
num_cat=0
split_feature=3 0 0 0 3 3 1
split_gain=0.0019437 0.0723559 0.066955 0.0321976 0.10968 0.0383274 0.0146845
threshold=-0.64803350640308544 -0.58196921581381234 0.29277530628345672 -0.56185662091154109 -0.44013863191203578 -0.44844145373258321 -0.38708337258668596
decision_type=2 2 2 2 2 2 2
left_child=1 6 -3 5 -5 -2 -1
right_child=3 2 -4 4 -6 -7 -8
leaf_value=-0.00035519357533458852 -0.0015243021170837096 -0.0011408923502351182 3.0873952546229631e-05 0.0036456217202874269 2.2768992326109467e-05 1.0061603937215226e-05 0.00096672843656740314
leaf_weight=179 263 503 393 396 3111 1263 376
leaf_count=179 263 503 393 396 3111 1263 376
internal_value=0 -0.000147512 -0.00115819 2.10018e-06 0.000344888 -0.00026535 6.43182e-05
internal_weight=6484 1451 896 5033 3507 1526 555
internal_count=6484 1451 896 5033 3507 1526 555
is_linear=0
shrinkage=0.127801


Tree=350
num_leaves=8
num_cat=0
split_feature=1 0 0 0 1 1 3
split_gain=0.00559484 0.0469968 0.0366597 0.0212309 0.135432 0.126694 0.00150584
threshold=-0.70031557503540454 -0.18170122430746591 0.70652702523622457 -1.2181493278550541 1.7491799355876447 -0.41717918914823621 -0.54561041535117671
decision_type=2 2 2 2 2 2 2
left_child=1 6 -3 4 -2 -5 -1
right_child=3 2 -4 5 -6 -7 -8
leaf_value=-0.0010743800606661446 -0.0025618335426378005 -0.00066779590134900021 0.00025563737424112178 0.0011148004691880595 0.0028923099595624994 3.604016326168224e-06 0.003325814146679271
leaf_weight=199 231 785 212 630 263 3764 400
leaf_count=199 231 785 212 630 263 3764 400
internal_value=0 -0.000174033 -0.000901639 9.35433e-05 -9.76616e-05 0.000295704 0
internal_weight=6484 1596 997 4888 494 4394 599
internal_count=6484 1596 997 4888 494 4394 599
is_linear=0
shrinkage=0.127801


Tree=351
num_leaves=8
num_cat=0
split_feature=138 0 36 0 0 0 0
split_gain=0.00585517 0.0153686 0.0278884 0.0262515 0.0142563 0.0518928 0.0126594
threshold=1.0000000180025095e-35 -0.08647085047120194 1.0000000180025095e-35 -0.42663788277842418 -0.08647085047120194 1.0746883601779811 -0.54012720352114996
decision_type=2 2 2 2 2 2 2
left_child=4 3 -3 -2 6 -6 -1
right_child=1 2 -4 -5 5 -7 -8
leaf_value=0.00011516383269624427 -0.00043775367374915947 -8.8161903888128989e-05 -0.0078764142913427971 0.0034450495536341519 0.00039061917714143442 -0.00013056174469988952 -0.00056084047187688734
leaf_weight=1401 935 987 244 248 1339 602 728
leaf_count=1401 935 987 244 248 1339 602 728
internal_value=0 -0.000125788 -0.000483438 0 0.000118581 0.000385962 0
internal_weight=6484 2414 1231 1183 4070 1941 2129
internal_count=6484 2414 1231 1183 4070 1941 2129
is_linear=0
shrinkage=0.127801


Tree=352
num_leaves=8
num_cat=0
split_feature=138 3 3 3 3 3 3
split_gain=0.000779615 0.0336999 0.0421143 0.0177332 0.0110838 0.0127621 0.00185808
threshold=1.0000000180025095e-35 -0.68046640413959858 -1.021141561963933 -0.26694695799905527 0.20598955679478007 -1.021141561963933 0.82104702947001662
decision_type=2 2 2 2 2 2 2
left_child=4 2 -2 -3 5 -1 -6
right_child=1 3 -4 -5 6 -7 -8
leaf_value=-5.7842741081752591e-05 0.0001852659372561536 0.00085332302934652891 -0.0026939377144254094 -0.00039398905093228419 -0.00039145753711928682 0.00014180790667542526 0.00012626716824321678
leaf_weight=199 118 800 235 1261 746 2328 797
leaf_count=199 118 800 235 1261 746 2328 797
internal_value=0 0 -0.00123662 0 5.58866e-05 0.00027653 0
internal_weight=6484 2414 353 2061 4070 2527 1543
internal_count=6484 2414 353 2061 4070 2527 1543
is_linear=0
shrinkage=0.127801


Tree=353
num_leaves=6
num_cat=0
split_feature=4 4 3 3 2
split_gain=0.000627156 0.023641 0.0553683 0.022737 0.00052638
threshold=-1.9252486669837279 -1.2987933549822379 -0.66561213697627553 -0.58907049831810432 1.2123414105136825
decision_type=2 2 2 2 2
left_child=4 2 -2 -3 -1
right_child=1 3 -4 -5 -6
leaf_value=-0.00072136988022493127 -0.00083696619496685177 0.00011697600249199982 0.00051740485850591063 -0.00017105232652214544 0.002269122160202927
leaf_weight=145 91 1465 623 4083 77
leaf_count=145 91 1465 623 4083 77
internal_value=0 4.04227e-05 0.000741488 0 0
internal_weight=6484 6262 714 5548 222
internal_count=6484 6262 714 5548 222
is_linear=0
shrinkage=0.127801


Tree=354
num_leaves=7
num_cat=0
split_feature=1 5 1 1 1 5
split_gain=0.0172822 0.029472 0.0544809 0.0327545 0.0112309 0.0149696
threshold=-0.70031557503540454 1.0000000180025095e-35 0.58292036326834118 0.30807327372553367 -1.5423236712339634 1.0000000180025095e-35
decision_type=2 2 2 2 2 2
left_child=4 3 -3 -2 -1 -6
right_child=1 2 -4 -5 5 -7
leaf_value=4.9048529393660022e-05 -0.00029951229640227581 0.00034290059101507194 -9.7841480974005429e-05 0.00056404350466759674 0.0002172880021733025 -0.00084718618418473711
leaf_weight=390 1197 1976 1142 573 403 803
leaf_count=390 1197 1976 1142 573 403 803
internal_value=0 0.000145761 0.000432807 0 -0.000333491 -0.000546085
internal_weight=6484 4888 3118 1770 1596 1206
internal_count=6484 4888 3118 1770 1596 1206
is_linear=0
shrinkage=0.127801


Tree=355
num_leaves=8
num_cat=0
split_feature=2 4 4 138 4 3 4
split_gain=0.0117085 0.0623255 0.0758687 0.0197677 0.0687472 0.042971 0.0119068
threshold=-0.75175920933033435 -0.54704698058044976 0.76850917462267954 1.0000000180025095e-35 1.0190912994232757 -0.47620401419503844 -1.1108567613817908
decision_type=2 2 2 2 2 2 2
left_child=1 6 -3 5 -5 -2 -1
right_child=3 2 -4 4 -6 -7 -8
leaf_value=4.1638412429724816e-05 0.00076315516887627533 0.00064008289238774371 -0.00010882112058820676 -0.0010636076733258335 0.00033209974711845947 -5.2997476745582432e-05 -0.0013498401807268386
leaf_weight=512 854 1112 614 1004 511 1617 260
leaf_count=512 854 1112 614 1004 511 1617 260
internal_value=4.29781e-05 0.000284833 0.000839462 0 -0.00044361 9.71072e-05 0
internal_weight=6484 2498 1726 3986 1515 2471 772
internal_count=6484 2498 1726 3986 1515 2471 772
is_linear=0
shrinkage=0.127801


Tree=356
num_leaves=8
num_cat=0
split_feature=2 4 4 0 4 1 1
split_gain=0.00301347 0.0378874 0.0485129 0.0170535 0.0149324 0.171577 0.170524
threshold=-0.75175920933033435 -0.54704698058044976 0.76850917462267954 -0.9808819955897311 0.70586364342253061 -0.30259158538577674 -0.33659694517481559
decision_type=2 2 2 2 2 2 2
left_child=1 3 -3 -1 6 -6 -2
right_child=4 2 -4 -5 5 -7 -8
leaf_value=0.001682821618561298 -0.00061315642137974111 0.00055827955598627412 -9.4913655100713792e-05 -0.000277312436289937 0.0030576725340831111 -0.00097669861570262866 0.00024745236411651336
leaf_weight=147 1067 1112 614 625 575 668 1676
leaf_count=147 1067 1112 614 625 575 668 1676
internal_value=0 0.000131774 0.000618217 0 -3.78573e-05 0 -0.000301283
internal_weight=6484 2498 1726 772 3986 1243 2743
internal_count=6484 2498 1726 772 3986 1243 2743
is_linear=0
shrinkage=0.127801


Tree=357
num_leaves=7
num_cat=0
split_feature=3 3 2 2 3 3
split_gain=0.00610856 0.0429522 0.0289539 0.00814953 0.015216 0.00125843
threshold=-0.3457588994987823 -0.26694695799905527 0.72131625555267831 1.2123414105136825 -0.58907049831810432 -0.15751836103605973
decision_type=2 2 2 2 2 2
left_child=3 2 -2 4 -1 -3
right_child=1 5 -4 -5 -6 -7
leaf_value=1.2833505800548337e-05 0.0024962599144532278 -0.0011685082476791079 -0.00016100496418385235 0.00017147503252509539 -0.00052787960004121266 6.4394733627275974e-05
leaf_weight=1315 278 480 106 428 752 3125
leaf_count=1315 278 480 106 428 752 3125
internal_value=0 8.58039e-05 0.00136739 -0.000167688 -0.000313214 0
internal_weight=6484 3989 384 2495 2067 3605
internal_count=6484 3989 384 2495 2067 3605
is_linear=0
shrinkage=0.127801


Tree=358
num_leaves=8
num_cat=0
split_feature=3 4 5 4 4 3 4
split_gain=0.00787069 0.111302 0.160464 0.0419118 0.0801822 0.038231 0.0153505
threshold=-0.29185542346069743 -0.98556569898149293 1.0000000180025095e-35 -0.48440144938030077 0.95644576822312655 1.9608039217265638 0.83115470582282858
decision_type=2 2 2 2 2 2 2
left_child=1 2 -1 5 -5 -2 -3
right_child=3 6 -4 4 -6 -7 -8
leaf_value=-0.00071848384022411252 0.00041874378045730952 0.00043025305652737833 0.00081035567940836292 -0.00056241669504192532 0.0033078532582173537 -0.00043906043981993401 -0.00015629929404079623
leaf_weight=490 1065 1276 94 2048 398 221 892
leaf_count=490 1065 1276 94 2048 398 221 892
internal_value=0 -0.000212287 -0.00181293 3.35938e-05 -9.52382e-06 0.000729757 0
internal_weight=6484 2752 584 3732 2446 1286 2168
internal_count=6484 2752 584 3732 2446 1286 2168
is_linear=0
shrinkage=0.127801


Tree=359
num_leaves=8
num_cat=0
split_feature=0 3 2 3 3 2 3
split_gain=0.00563263 0.0209676 0.0639207 0.0114913 0.080698 0.0409939 0.00541779
threshold=-0.5283099646429229 -0.60600047093656439 -0.75175920933033435 -0.65828230208782357 -0.56143766944659512 -0.75175920933033435 -0.86630690816981926
decision_type=2 2 2 2 2 2 2
left_child=1 6 -3 5 -5 -2 -1
right_child=3 2 -4 4 -6 -7 -8
leaf_value=-0.00012233416802092783 0.00023504381335533436 0.00018287625592268298 -0.00060318366757603512 0.0088857606557119061 1.1850875251480113e-05 -0.0014264291172840973 0.00088022735274600051
leaf_weight=353 264 628 945 161 3267 520 346
leaf_count=353 264 628 945 161 3267 520 346
internal_value=0 -0.00020092 -0.000524393 0 0.000207716 -0.000223435 0
internal_weight=6484 2272 1573 4212 3428 784 699
internal_count=6484 2272 1573 4212 3428 784 699
is_linear=0
shrinkage=0.127801


Tree=360
num_leaves=8
num_cat=0
split_feature=1 3 1 1 3 1 1
split_gain=0.00338336 0.0220416 0.0553516 0.0203449 0.031638 0.0189449 0.00128482
threshold=0.10042142495187756 -0.11509613079670049 -0.82448974775874995 1.6259211967069411 -0.97430845763240825 -0.82448974775874995 2.1839970839513501
decision_type=2 2 2 2 2 2 2
left_child=1 2 -1 4 -2 -3 -5
right_child=3 5 -4 6 -6 -7 -8
leaf_value=0.00011763314483064557 -0.0022378034484059912 -0.00021214024066726093 -0.00020052607805140475 -0.00072299805113445537 0.00028842109916840111 0.00048315615981963793 0.00087679990480424438
leaf_weight=707 105 523 1575 470 1861 1128 115
leaf_count=707 105 523 1575 470 1861 1128 115
internal_value=0 -0.000112972 -0.00042338 4.41076e-05 0.00041346 0 0
internal_weight=6484 3933 2282 2551 1966 1651 585
internal_count=6484 3933 2282 2551 1966 1651 585
is_linear=0
shrinkage=0.127801


Tree=361
num_leaves=8
num_cat=0
split_feature=3 5 6 5 0 0 1
split_gain=0.00234447 0.0647875 0.137807 0.0522791 0.083653 0.0802154 0.0289066
threshold=-0.58907049831810432 1.0000000180025095e-35 1.0716505901537572 1.0000000180025095e-35 0.10251533119553367 -0.55052872031506805 -0.81887172178867396
decision_type=2 2 2 2 2 2 2
left_child=3 2 -2 4 -1 -5 -3
right_child=1 6 -4 5 -6 -7 -8
leaf_value=1.3172667278870361e-05 -0.00086536708733634077 -0.00019214996726471959 0.0094095913060801683 0.0012782291398742006 0.0016518001835013789 -0.018217579845206944 0.0002445446663515517
leaf_weight=907 920 790 95 119 361 223 3069
leaf_count=907 920 790 95 119 361 223 3069
internal_value=0 -8.85739e-05 -0.00103583 0 0.000760108 -0.000579712 0
internal_weight=6484 4874 1015 1610 1268 342 3859
internal_count=6484 4874 1015 1610 1268 342 3859
is_linear=0
shrinkage=0.127801


Tree=362
num_leaves=8
num_cat=0
split_feature=0 4 0 0 3 4 4
split_gain=0.0269356 0.083842 0.0808789 0.0116919 0.0379254 0.029204 0.00171283
threshold=0.96439779967673489 -0.98556569898149293 1.0746883601779811 -0.66747595991026942 -0.63856310026402352 -1.1108567613817908 -0.10852826217940668
decision_type=2 2 2 2 2 2 2
left_child=3 2 -2 4 -1 -5 -3
right_child=1 6 -4 5 -6 -7 -8
leaf_value=0.00071534703883271414 0.0057298548408691568 0.0022331418495853271 -0.00045257620635023047 0.00047071538463497315 -0.00028539340986918037 4.8922387203886152e-05 -0.00023210807467154702
leaf_weight=461 26 289 301 560 1297 2975 575
leaf_count=461 26 289 301 560 1297 2975 575
internal_value=-7.53661e-06 -0.000606265 -0.00232794 0 -7.11654e-05 0.000226698 0
internal_weight=6484 1191 327 5293 1758 3535 864
internal_count=6484 1191 327 5293 1758 3535 864
is_linear=0
shrinkage=0.127801


Tree=363
num_leaves=8
num_cat=0
split_feature=4 2 0 0 2 0 2
split_gain=0.00899814 0.0287136 0.022919 0.00570846 0.00260081 0.0186624 0.0120562
threshold=0.14205386262118927 0.72131625555267831 -1.404109426834266 -1.1305866973850465 0.72131625555267831 -1.1648334475494073 1.2123414105136825
decision_type=2 2 2 2 2 2 2
left_child=1 2 -1 -3 5 -2 -6
right_child=4 3 -4 -5 6 -7 -8
leaf_value=0.003429408904539623 -0.00026067950581399777 -0.0011775562746336283 -0.00010144777040861083 0.00070591477097651297 -0.0012275369269194594 0.00030889087175437158 0.00055848883682332537
leaf_weight=81 337 113 1910 753 464 2221 605
leaf_count=81 337 113 1910 753 464 2221 605
internal_value=-7.53661e-06 -0.000226816 -0.000555408 0 0 0.000128692 0
internal_weight=6484 2857 1991 866 3627 2558 1069
internal_count=6484 2857 1991 866 3627 2558 1069
is_linear=0
shrinkage=0.127801


Tree=364
num_leaves=5
num_cat=0
split_feature=100 2 3 2
split_gain=0.00247661 0.0072341 0.0203494 0.00183856
threshold=1.0000000180025095e-35 1.2123414105136825 0.13846426370735951 1.7033665654746868
decision_type=2 2 2 2
left_child=1 2 -1 -3
right_child=-2 3 -4 -5
leaf_value=5.347015733682003e-06 0.0064363506331433498 0.00090459247000817123 -0.00018991271462907863 -0.0014893188890257219
leaf_weight=3737 86 754 1569 338
leaf_count=3737 86 754 1569 338
internal_value=0 -7.94705e-05 -0.00017278 0
internal_weight=6484 6398 5306 1092
internal_count=6484 6398 5306 1092
is_linear=0
shrinkage=0.127801


Tree=365
num_leaves=8
num_cat=0
split_feature=4 3 1 4 3 2 4
split_gain=0.0100241 0.1612 0.0712715 0.0453706 0.0361443 0.0643679 0.0415933
threshold=-0.35911038698000275 0.032992480268218757 2.0286056056027295 -0.48440144938030077 -0.26694695799905527 -0.75175920933033435 1.1443823618235738
decision_type=2 2 2 2 2 2 2
left_child=1 2 -1 -3 6 -6 -2
right_child=4 3 -4 -5 5 -7 -8
leaf_value=-0.00033850545010012591 0.00051169537231990977 0.00033266177966493124 0.0067614890578221835 -0.0022951706816800553 0.00030873684257349729 -0.001021835670533631 -0.00010258443695707419
leaf_weight=1031 1613 1035 43 72 874 1383 433
leaf_count=1031 1613 1035 43 72 874 1383 433
internal_value=0 -0.00027353 -0.00158227 0.00028485 2.45582e-06 -0.000117575 0.000521853
internal_weight=6484 2181 1074 1107 4303 2257 2046
internal_count=6484 2181 1074 1107 4303 2257 2046
is_linear=0
shrinkage=0.127801


Tree=366
num_leaves=8
num_cat=0
split_feature=1 0 0 4 1 4 4
split_gain=0.00506704 0.0297458 0.10416 0.0262593 0.0728829 0.0221228 0.0109823
threshold=-0.30259158538577674 1.5582971924693931 0.66789871787276101 0.70586364342253061 -0.54982342656668781 -1.1735022925819398 -1.737312073383281
decision_type=2 2 2 2 2 2 2
left_child=3 2 -2 5 -5 -1 -3
right_child=1 6 -4 4 -6 -7 -8
leaf_value=0.0003206142411997584 -1.1965162714050594e-05 -0.006855562162835096 -0.00082138460803619527 2.597916614125649e-05 0.0042423005123352342 -0.00022735530371457779 0.0021670761979851534
leaf_weight=426 2753 20 587 637 264 1373 424
leaf_count=426 2753 20 587 637 264 1373 424
internal_value=0 -0.000147754 -0.000411735 0 0.000687302 0 5.1809e-05
internal_weight=6484 3784 3340 2700 901 1799 444
internal_count=6484 3784 3340 2700 901 1799 444
is_linear=0
shrinkage=0.127801


Tree=367
num_leaves=8
num_cat=0
split_feature=2 3 0 0 0 0 3
split_gain=0.00811409 0.0228169 0.104854 0.0437183 0.0117594 0.0915123 0.0521921
threshold=-0.26073405436933023 -0.067679234305918226 -0.74407283697544757 -0.49004797580609749 0.20363652201438839 0.96439779967673489 -0.20986505798279206
decision_type=2 2 2 2 2 2 2
left_child=1 2 -1 -3 6 -6 -2
right_child=4 3 -4 -5 5 -7 -8
leaf_value=-0.0015760644280323058 0.00044961140101390631 0.0022380800514696189 2.5169833795957329e-05 -0.00035025588057817326 0.0012393841483344036 -0.00023332631080166062 -0.00069214779712348544
leaf_weight=523 1034 424 1329 901 740 602 931
leaf_count=523 1034 424 1329 901 740 602 931
internal_value=0 -0.00020402 -0.000521314 0 0 0.000377339 0
internal_weight=6484 3177 1852 1325 3307 1342 1965
internal_count=6484 3177 1852 1325 3307 1342 1965
is_linear=0
shrinkage=0.127801


Tree=368
num_leaves=3
num_cat=0
split_feature=2 2
split_gain=7.24954e-05 0.00333946
threshold=-0.26073405436933023 1.7033665654746868
decision_type=2 2
left_child=-1 -2
right_child=1 -3
leaf_value=-7.1096732789747649e-05 7.9414664840740033e-05 -0.00095417691032660961
leaf_weight=3177 2964 343
leaf_count=3177 2964 343
internal_value=0 1.86197e-05
internal_weight=6484 3307
internal_count=6484 3307
is_linear=0
shrinkage=0.127801


Tree=369
num_leaves=8
num_cat=0
split_feature=4 3 4 3 4 4 3
split_gain=0.00602135 0.0997264 0.0523882 0.0218915 0.0223563 0.0206603 0.00361974
threshold=-1.2987933549822379 -0.52926423489197394 -1.9252486669837279 -0.22231929071361317 0.95644576822312655 -0.35911038698000275 -1.0524717411774049
decision_type=2 2 2 2 2 2 2
left_child=1 6 -3 5 -5 -2 -1
right_child=3 2 -4 4 -6 -7 -8
leaf_value=0.013700924486373891 -0.00018108704213150946 -0.00027024988076617719 0.00038260328303429096 -0.00026595798483308627 0.0022806179135344087 0.00026237474965581947 -0.00068643173208326937
leaf_weight=4.9999999999999991 556 173 589 2474 317 2201 169
leaf_count=5 556 173 589 2474 317 2201 169
internal_value=0 0.000322954 0.00149298 0 -0.000350926 6.85635e-05 -0.000270382
internal_weight=6484 936 762 5548 2791 2757 174
internal_count=6484 936 762 5548 2791 2757 174
is_linear=0
shrinkage=0.127801


Tree=370
num_leaves=8
num_cat=0
split_feature=1 5 1 2 1 6 1
split_gain=0.00592697 0.0499271 0.175996 0.0255206 0.0394736 0.00895595 0.000998735
threshold=0.30807327372553367 1.0000000180025095e-35 -0.13445355381090321 1.0000000180025095e-35 2.0823359727671562 1.0000000180025095e-35 0.43017759593200816
decision_type=2 2 2 2 2 2 2
left_child=1 2 -1 6 -5 -3 -2
right_child=3 5 -4 4 -6 -7 -8
leaf_value=2.8399661903570304e-05 0.0034263250975767345 0.00048279258295496334 -0.00062601751713322685 0.0010824020447934143 -0.0010156000481957471 -5.134137007993139e-05 -0.00036715111187531627
leaf_weight=1138 103 921 572 679 98 1806 1167
leaf_count=1138 103 921 572 679 98 1806 1167
internal_value=0 -0.000146173 -0.000728187 3.00417e-05 0.000730807 0 0
internal_weight=6484 4437 1710 2047 777 2727 1270
internal_count=6484 4437 1710 2047 777 2727 1270
is_linear=0
shrinkage=0.127801


Tree=371
num_leaves=8
num_cat=0
split_feature=4 1 1 1 4 4 1
split_gain=0.00325259 0.0191936 0.0324522 0.0181936 0.0160604 0.00933836 0.0031565
threshold=0.51792704982208349 -0.85693837452732435 -1.5423236712339634 -0.25638596679598147 1.6455466114247659 -0.98556569898149293 -1.0398142558938177
decision_type=2 2 2 2 2 2 2
left_child=1 2 -1 6 -5 -3 -2
right_child=3 5 -4 4 -6 -7 -8
leaf_value=8.5579473895363057e-05 -0.0027829740432622069 1.7759516036912868e-05 -0.0011064759175603211 -0.00037922183867754625 0.0033428032716702727 0.00042079412446427466 0.00092796290555879858
leaf_weight=266 226 1327 411 1378 18 1858 1000
leaf_count=266 226 1327 411 1378 18 1858 1000
internal_value=0 9.85303e-05 0 -7.69447e-05 -0.000472129 0.000331633 0
internal_weight=6484 3862 677 2622 1396 3185 1226
internal_count=6484 3862 677 2622 1396 3185 1226
is_linear=0
shrinkage=0.127801


Tree=372
num_leaves=8
num_cat=0
split_feature=4 0 0 1 0 0 0
split_gain=0.00242885 0.0881415 0.0971185 0.0799766 0.0416722 0.228851 0.0757194
threshold=0.51792704982208349 0.31535867863553507 -0.56185662091154109 -0.54982342656668781 -0.076190589987997839 -0.18170122430746591 1.0746883601779811
decision_type=2 2 2 2 2 2 2
left_child=4 2 -2 -3 5 -1 -6
right_child=1 3 -4 -5 6 -7 -8
leaf_value=5.1079250468998308e-05 -0.00029985879204735935 -0.0080372237229998835 0.0016460459261870952 -6.3341354423549729e-05 0.0004598960349573828 -0.012906663958909876 -0.000168704315718238
leaf_weight=1751 914 261 885 562 1213 115 783
leaf_count=1751 914 261 885 562 1213 115 783
internal_value=0 -2.83315e-05 0.000119088 -0.00130625 9.85303e-05 -1.24732e-05 0.000598687
internal_weight=6484 2622 1799 823 3862 1866 1996
internal_count=6484 2622 1799 823 3862 1866 1996
is_linear=0
shrinkage=0.127801


Tree=373
num_leaves=8
num_cat=0
split_feature=5 4 3 0 6 3 1
split_gain=0.0122182 0.0537087 0.20372 0.0430417 0.0267993 0.0977359 0.00317438
threshold=1.0000000180025095e-35 0.51792704982208349 0.20598955679478007 0.11288335172828366 1.0716505901537572 -0.58907049831810432 2.1036660765007777
decision_type=2 2 2 2 2 2 2
left_child=4 2 -2 -3 5 -1 -6
right_child=1 3 -4 -5 6 -7 -8
leaf_value=7.8771357300534762e-05 0.0012204256555870335 0.00062387065528516142 -8.5910999387329276e-05 -0.001900790117927169 0.0079017268336347129 -0.00069020110158019335 0.0037584892698522732
leaf_weight=1260 1170 962 1299 770 98 920 4.9999999999999991
leaf_count=1260 1170 962 1299 770 98 920 5
internal_value=0 0.000209041 0.000654652 0 -8.27546e-05 -0.000454814 9.62574e-05
internal_weight=6484 4201 2469 1732 2283 2180 103
internal_count=6484 4201 2469 1732 2283 2180 103
is_linear=0
shrinkage=0.127801


Tree=374
num_leaves=6
num_cat=0
split_feature=1 1 1 1 1
split_gain=3.47458e-05 0.0121692 0.00597338 0.017713 0.000768307
threshold=-0.44045646858288989 -0.80413631609507108 0.30807327372553367 0.17689845958289116 2.0823359727671562
decision_type=2 2 2 2 2
left_child=1 -1 3 -2 -4
right_child=2 -3 4 -5 -6
leaf_value=-2.1970799542680071e-05 -1.2845111716913049e-05 0.00047340460646443734 0.00019221248963103042 -0.00053056537299602956 -0.00050363680144825738
leaf_weight=1308 1822 987 1814 320 233
leaf_count=1308 1822 987 1814 320 233
internal_value=0 1.57014e-05 0 -0.000213075 0
internal_weight=6484 2295 4189 2142 2047
internal_count=6484 2295 4189 2142 2047
is_linear=0
shrinkage=0.127801


Tree=375
num_leaves=7
num_cat=0
split_feature=0 0 0 0 0 0
split_gain=0.000625071 0.0127241 0.0106094 0.00206367 0.000514552 0.000377361
threshold=-0.6165431365289481 -1.0689113221927291 0.96439779967673489 -1.2181493278550541 -0.5283099646429229 1.1118457513707611
decision_type=2 2 2 2 2 2
left_child=1 3 4 -1 -2 -4
right_child=2 -3 5 -5 -6 -7
leaf_value=-0.00013512623298717985 1.5906441946459433e-05 -0.00026602394137071499 -0.0016476231398242155 0.00093804541109429671 0.00025150347900302245 7.09101977894094e-05
leaf_weight=697 362 923 205 290 3021 986
leaf_count=697 362 923 205 290 3021 986
internal_value=0 -5.21886e-05 3.29989e-05 0 0.000229323 0
internal_weight=6484 1910 4574 987 3383 1191
internal_count=6484 1910 4574 987 3383 1191
is_linear=0
shrinkage=0.127801


Tree=376
num_leaves=8
num_cat=0
split_feature=3 3 4 0 0 0 0
split_gain=0.00298142 0.0321315 0.0727513 0.0477402 0.0221822 0.0740653 0.00605131
threshold=-0.76258650120844995 -0.20986505798279206 0.64321811222238157 -0.6539773439409734 -0.58196921581381234 1.0077664987866524 -1.1305866973850465
decision_type=2 2 2 2 2 2 2
left_child=4 2 -2 -3 6 -6 -1
right_child=1 3 -4 -5 5 -7 -8
leaf_value=-0.00077246643428162626 -7.3882284933452072e-05 -0.00064617072931652281 0.00129918575862802 0.00014125417833081935 -0.00043792889841862874 0.001709248928001798 0.00091277853195923507
leaf_weight=156 1052 777 943 2574 601 116 265
leaf_count=156 1052 777 943 2574 601 116 265
internal_value=0 8.07647e-05 0.000528764 0 -0.000109703 -0.000720761 0
internal_weight=6484 5346 1995 3351 1138 717 421
internal_count=6484 5346 1995 3351 1138 717 421
is_linear=0
shrinkage=0.127801


Tree=377
num_leaves=7
num_cat=0
split_feature=0 4 0 3 0 0
split_gain=0.00302295 0.0226251 0.0727311 0.0173885 0.0584877 0.0244337
threshold=1.0746883601779811 0.45528151862193439 1.5046741536716908 -0.76258650120844995 -0.6165431365289481 -0.10131573741063589
decision_type=2 2 2 2 2 2
left_child=3 2 -2 5 -5 -1
right_child=1 -3 -4 4 -6 -7
leaf_value=2.7840357561357633e-05 -0.001221344717544034 0.001414871818711323 0.00028963763710618663 -8.6402210942147705e-05 0.00047799431392133855 -0.0016119801256225643
leaf_weight=721 294 302 442 1543 2872 310
leaf_count=721 294 302 442 1543 2872 310
internal_value=0 -0.000120201 -0.00071953 7.92836e-05 0.000268288 0
internal_weight=6484 1038 736 5446 4415 1031
internal_count=6484 1038 736 5446 4415 1031
is_linear=0
shrinkage=0.127801


Tree=378
num_leaves=8
num_cat=0
split_feature=4 5 3 3 0 0 3
split_gain=0.0118688 0.0266422 0.0496926 0.0403545 0.0192705 0.0829396 0.0570409
threshold=0.51792704982208349 -1.5273276664610476 0.20598955679478007 0.18743793928949451 -0.42663788277842418 0.059218062103178211 -0.99033030911424569
decision_type=2 2 2 2 2 2 2
left_child=1 3 -3 -1 6 -6 -2
right_child=4 2 -4 -5 5 -7 -8
leaf_value=-0.0018440390966756061 0.0036227073744107894 0.00016419557740515904 -8.0923250069353324e-05 0.011326628806141364 0.0038560391207598166 -0.00062102329993554966 -0.00045697594217109254
leaf_weight=199 150 2223 1368 72 454 1037 981
leaf_count=199 150 2223 1368 72 454 1037 981
internal_value=4.29781e-05 0.000230661 0.000422085 0 0 0 -0.000525922
internal_weight=6484 3862 3591 271 2622 1491 1131
internal_count=6484 3862 3591 271 2622 1491 1131
is_linear=0
shrinkage=0.127801


Tree=379
num_leaves=8
num_cat=0
split_feature=0 0 4 6 0 0 4
split_gain=0.00978018 0.0265752 0.0274159 0.0118055 0.143296 0.0191093 0.00152856
threshold=1.0746883601779811 -0.6165431365289481 1.1443823618235738 1.0000000180025095e-35 1.6165031780995682 2.0859284522662067 -0.6096925117805988
decision_type=2 2 2 2 2 2 2
left_child=1 6 -3 4 -2 -5 -1
right_child=3 2 -4 5 -6 -7 -8
leaf_value=7.218872678673276e-05 -0.0019172868931780383 0.00024176808744022472 -0.00088708464302957046 0.00086103916394222532 0.0017090628888778326 -0.0035109592617697774 -0.00028334338457072929
leaf_weight=666 281 3226 310 420 193 144 1244
leaf_count=666 281 3226 310 420 193 144 1244
internal_value=2.32889e-05 0.000173032 0.000410602 0 -0.000633188 0 0
internal_weight=6484 5446 3536 1038 474 564 1910
internal_count=6484 5446 3536 1038 474 564 1910
is_linear=0
shrinkage=0.127801


Tree=380
num_leaves=6
num_cat=0
split_feature=0 0 36 6 3
split_gain=0.0214676 0.0393143 0.0430078 0.00154151 0.000127114
threshold=2.2103719082872786 -0.25601731485821894 1.0000000180025095e-35 1.0000000180025095e-35 0.10116643131036947
decision_type=2 2 2 2 2
left_child=1 3 -3 -1 -2
right_child=4 2 -4 -5 -6
leaf_value=5.9714827885207286e-05 0.0032833771715926434 0.00021647733885539006 -6.878734344913868e-05 -0.0004937882819982713 -0.006320195964403843
leaf_weight=1721 94 2860 486 1276 47
leaf_count=1721 94 2860 486 1276 47
internal_value=0.000220181 0.000323689 0.00062445 0 0
internal_weight=6484 6343 3346 2997 141
internal_count=6484 6343 3346 2997 141
is_linear=0
shrinkage=0.127801


Tree=381
num_leaves=6
num_cat=0
split_feature=0 6 4 0 6
split_gain=0.0240251 0.0267896 0.0786235 0.0163079 0.00034812
threshold=-1.2181493278550541 1.0000000180025095e-35 0.39263598742178535 0.55272037880404323 1.0000000180025095e-35
decision_type=2 2 2 2 2
left_child=4 2 -2 -3 -1
right_child=1 3 -4 -5 -6
leaf_value=-0.00034967094545917748 0.00021433875862165682 -0.00030848875026853864 -1.1816133648175302e-05 0.00020576320527329654 0.00063003807270663756
leaf_weight=414 1567 1868 1352 1000 283
leaf_count=414 1567 1868 1352 1000 283
internal_value=0.00023987 0.000363574 0.000641326 0 0
internal_weight=6484 5787 2919 2868 697
internal_count=6484 5787 2919 2868 697
is_linear=0
shrinkage=0.127801


Tree=382
num_leaves=7
num_cat=0
split_feature=118 1 0 0 4 3
split_gain=0.0150948 0.0314109 0.0959117 0.0581303 0.0111861 0.0457593
threshold=1.0000000180025095e-35 -0.43365059115470933 0.045479348751190807 1.1331877215751258 0.45528151862193439 -0.88719369431213357
decision_type=2 2 2 2 2 2
left_child=1 2 -1 -3 5 -2
right_child=4 3 -4 -5 -6 -7
leaf_value=0.00098507468502336817 0.013332376466892946 -0.00018686846441989897 -8.2096910487376904e-06 0.00025926693140952543 0.0062932488234255478 -0.0022160141430357366
leaf_weight=1061 25 3241 1187 786 45 139
leaf_count=1061 25 3241 1187 786 45 139
internal_value=0.000180802 0.000270229 0.000656469 0 0 -0.00103384
internal_weight=6484 6275 2248 4027 209 164
internal_count=6484 6275 2248 4027 209 164
is_linear=0
shrinkage=0.127801


Tree=383
num_leaves=8
num_cat=0
split_feature=0 1 1 1 1 83 4
split_gain=0.0299191 0.117503 0.220562 0.0638525 0.046539 0.0264787 0.00696244
threshold=-1.2181493278550541 1.715717462395183 -0.63884527197159346 1.7491799355876447 -0.81887172178867396 1.0000000180025095e-35 0.70586364342253061
decision_type=2 2 2 2 2 2 2
left_child=1 2 -1 4 -2 -5 -3
right_child=3 6 -4 5 -6 -7 -8
leaf_value=0.0007705352545282658 -4.8613517141363962e-05 0.002686747840240047 -0.0042878541656568743 -0.0027392819599506646 0.00014597091049820785 0.0063617224779030524 -0.0037749277682982466
leaf_weight=231 1117 194 195 200 4448 22 77
leaf_count=231 1117 194 195 200 4448 22 77
internal_value=0.000141424 -0.000196584 -0.00212032 0.000319458 0.000511092 -0.000883572 0
internal_weight=6484 697 426 5787 5565 222 271
internal_count=6484 697 426 5787 5565 222 271
is_linear=0
shrinkage=0.127801


Tree=384
num_leaves=7
num_cat=0
split_feature=3 25 60 4 0 25
split_gain=0.0211689 0.045859 0.0619676 0.0274406 0.00927876 0.0534534
threshold=-0.86630690816981926 1.0000000180025095e-35 1.0000000180025095e-35 -0.67233804298074784 1.0077664987866524 1.0000000180025095e-35
decision_type=2 2 2 2 2 2
left_child=4 2 -2 -3 5 -1
right_child=1 3 -4 -5 -6 -7
leaf_value=-0.0004874545005731725 0.00020405924337766248 0.00095432280256967713 -5.9412692647558354e-05 -0.01408499498195601 0.0032551683331856407 0.0077707135809308393
leaf_weight=663 4727 130 671 166 78 49
leaf_count=663 4727 130 671 166 78 49
internal_value=0.000220181 0.000340362 0.000510331 -7.71191e-05 0 -0.000459128
internal_weight=6484 5694 5398 296 790 712
internal_count=6484 5694 5398 296 790 712
is_linear=0
shrinkage=0.127801


Tree=385
num_leaves=6
num_cat=0
split_feature=0 3 132 0 0
split_gain=0.0214458 0.0231705 0.0287329 0.00668307 0.0135768
threshold=0.96439779967673489 -1.3042158934082202 1.0000000180025095e-35 1.5582971924693931 2.2103719082872786
decision_type=2 2 2 2 2
left_child=1 -1 -3 -2 -5
right_child=3 2 -4 4 -6
leaf_value=-0.088346257358478536 -0.00020217481259983888 0.00017516057384871404 -0.0087828439688516398 0.0012690648009760475 -0.0023662278127315069
leaf_weight=22 706 5208 63 344 141
leaf_count=22 706 5208 63 344 141
internal_value=0.000200491 0.000339589 0.000433019 0 0
internal_weight=6484 5293 5271 1191 485
internal_count=6484 5293 5271 1191 485
is_linear=0
shrinkage=0.127801


Tree=386
num_leaves=8
num_cat=0
split_feature=1 1 0 0 0 0 0
split_gain=0.0230382 0.0728051 0.160931 0.0102441 0.049563 0.00998484 0.00857089
threshold=-0.80413631609507108 -0.43365059115470933 1.036767952749827 -0.74407283697544757 -1.0689113221927291 -0.0080395933647701978 -0.70267367876820608
decision_type=2 2 2 2 2 2 2
left_child=3 2 -2 4 -1 -5 -3
right_child=1 6 -4 5 -6 -7 -8
leaf_value=0.0019542622891995224 0.0010122396607848761 0.00024231818202131327 -0.0018467999935832145 0.0044599841830381343 -0.011497710415906125 -0.00019593488085490189 -0.00011394204994615481
leaf_weight=193 884 1142 128 319 58 738 3022
leaf_count=193 884 1142 128 319 58 738 3022
internal_value=8.23564e-05 0.000280678 0.0012521 -9.55199e-05 -0.000833779 0 0
internal_weight=6484 5176 1012 1308 251 1057 4164
internal_count=6484 5176 1012 1308 251 1057 4164
is_linear=0
shrinkage=0.127801


Tree=387
num_leaves=7
num_cat=0
split_feature=4 2 2 3 3 3
split_gain=0.0186464 0.0276718 0.0204851 0.0345131 0.0133005 0.00167742
threshold=-1.8626031357835788 1.2123414105136825 1.7033665654746868 -0.88719369431213357 2.769291196502365 -0.93954039125886613
decision_type=2 2 2 2 2 2
left_child=1 4 3 -2 -1 -4
right_child=2 -3 5 -5 -6 -7
leaf_value=-0.00053182631246179092 -0.00017861285689341511 0.00075769986178821167 0.0043843250594775259 0.00013908882428505004 0.047524350046192258 -0.0066266519184278059
leaf_weight=217 636 89 46 5220 4.9999999999999991 271
leaf_count=217 636 89 46 5220 5 271
internal_value=8.23564e-05 -0.000274464 0.000229193 0.000335317 -0.0014418 0
internal_weight=6484 311 6173 5856 222 317
internal_count=6484 311 6173 5856 222 317
is_linear=0
shrinkage=0.127801


Tree=388
num_leaves=7
num_cat=0
split_feature=0 3 60 3 2 4
split_gain=0.01396 0.0343685 0.0449174 0.0333333 0.011788 0.024998
threshold=0.91939451362051006 -0.88719369431213357 1.0000000180025095e-35 -0.93954039125886613 1.2123414105136825 -0.48440144938030077
decision_type=2 2 2 2 2 2
left_child=1 3 -3 -1 5 -2
right_child=4 2 -4 -5 -6 -7
leaf_value=0.00028873416111922752 4.4311190088164864e-05 0.00022172434424587542 -0.00025792469542302692 -0.0015437188247220772 0.0014163410487295586 -0.00066440224164775533
leaf_weight=503 414 4038 515 136 210 668
leaf_count=503 414 4038 515 136 210 668
internal_value=6.26672e-05 0.000220817 0.000422725 0 0 -0.000420488
internal_weight=6484 5192 4553 639 1292 1082
internal_count=6484 5192 4553 639 1292 1082
is_linear=0
shrinkage=0.127801


Tree=389
num_leaves=8
num_cat=0
split_feature=1 1 3 2 1 3 3
split_gain=0.0136169 0.0249525 0.0793104 0.00835514 0.00793622 0.0244522 0.000220973
threshold=-1.088502795330059 -0.43365059115470933 0.13846426370735951 1.2123414105136825 -1.5423236712339634 -0.19754055684291702 -0.83543078952465866
decision_type=2 2 2 2 2 2 2
left_child=4 2 -2 -3 6 -6 -1
right_child=1 3 -4 -5 5 -7 -8
leaf_value=-0.002743068506480172 0.00060331838599317713 -4.3571627424375624e-05 -0.00025173413653654275 0.0004617763641020551 0.0033180207194146391 -0.0086946752551715478 0.0007742935435454413
leaf_weight=35 1224 3468 472 696 107 127 355
leaf_count=35 1224 3468 472 696 107 127 355
internal_value=8.23564e-05 0.000213102 0.000629108 0 0 -0.00073348 0
internal_weight=6484 5860 1696 4164 624 234 390
internal_count=6484 5860 1696 4164 624 234 390
is_linear=0
shrinkage=0.127801


Tree=390
num_leaves=7
num_cat=0
split_feature=3 1 2 3 1 1
split_gain=0.0165399 0.0445838 0.0962471 0.0253113 0.113457 0.017707
threshold=0.26365524897030063 0.080798796701705658 1.0000000180025095e-35 0.16700521371549124 -0.029667426836213647 -0.45511375747835042
decision_type=2 2 2 2 2 2
left_child=3 2 -2 5 -5 -1
right_child=1 -3 -4 4 -6 -7
leaf_value=0.00024091959229146089 0.0013195823988259405 -2.4653853632224154e-05 -0.00055102284579421827 -0.0049429467272058495 0.00057894531137009798 -3.4351429817410522e-05
leaf_weight=1650 537 735 333 134 129 2966
leaf_count=1650 537 735 333 134 129 2966
internal_value=0.000141424 0.000498127 0.00113423 0 -0.00117547 9.35181e-05
internal_weight=6484 1605 870 4879 263 4616
internal_count=6484 1605 870 4879 263 4616
is_linear=0
shrinkage=0.127801


Tree=391
num_leaves=8
num_cat=0
split_feature=0 0 1 1 1 1 1
split_gain=0.0177319 0.0396155 0.0649375 0.00530024 0.071408 0.00511399 0.00484363
threshold=-0.5283099646429229 1.0746883601779811 0.85081176937260372 0.66629668367237394 -0.46597108835795226 0.22195573274490646 1.6259211967069411
decision_type=2 2 2 2 2 2 2
left_child=3 2 -2 4 -1 -3 -5
right_child=1 5 -4 6 -6 -7 -8
leaf_value=0.00044488409906454042 0.00028744056704286679 -0.00093225833763427302 -0.0017218853670535013 0.0011745475034253491 -0.00050711975757494721 0.00014859094826866564 -0.00015292063536201657
leaf_weight=628 2864 423 310 447 723 615 474
leaf_count=628 2864 423 310 447 723 615 474
internal_value=0.000121735 0.000302402 0.000569826 0 -0.000252489 0 0
internal_weight=6484 4212 3174 2272 1351 1038 921
internal_count=6484 4212 3174 2272 1351 1038 921
is_linear=0
shrinkage=0.127801


Tree=392
num_leaves=8
num_cat=0
split_feature=1 2 0 0 0 0 1
split_gain=0.0282076 0.0411025 0.0989861 0.0599782 0.0378508 0.049272 0.00227303
threshold=0.13817001390484226 1.0000000180025095e-35 0.73958325159133242 -0.91153138933101074 -1.1428687988079134 0.75655098263484888 -0.37822596059946439
decision_type=2 2 2 2 2 2 2
left_child=4 3 -3 -2 6 -6 -1
right_child=1 2 -4 -5 5 -7 -8
leaf_value=-0.00048383468257375125 0.00033914613817734719 -0.00020046806554396455 0.002065957017346215 -0.00037876958091194056 0.0004871454597226275 -0.00012949869424966432 0.0057837691951139062
leaf_weight=418 435 655 275 1082 2791 794 34
leaf_count=418 435 655 275 1082 2791 794 34
internal_value=4.29781e-05 -0.000108472 0 -0.000677843 0.00033129 0.000543763 0
internal_weight=6484 2447 930 1517 4037 3585 452
internal_count=6484 2447 930 1517 4037 3585 452
is_linear=0
shrinkage=0.127801


Tree=393
num_leaves=8
num_cat=0
split_feature=0 4 1 4 1 1 1
split_gain=0.0161988 0.0338625 0.0744843 0.0674453 0.0235776 0.0739038 0.0255412
threshold=-0.5283099646429229 -0.98556569898149293 0.66629668367237394 -1.2361478237820889 -0.46597108835795226 0.66629668367237394 -0.85693837452732435
decision_type=2 2 2 2 2 2 2
left_child=4 3 -3 -2 6 -6 -1
right_child=1 2 -4 -5 5 -7 -8
leaf_value=-0.00054084997766355638 0.00019814989845242197 0.00042267737700093377 -0.0013491513703806086 -0.00064096797047909508 -0.00044793008689903384 3.5957536297119806e-05 0.0015651251239086584
leaf_weight=213 505 2912 418 377 723 921 415
leaf_count=213 505 2912 418 377 723 921 415
internal_value=3.59972e-06 0.000241818 0.000489568 0 -8.87619e-05 -0.0004941 0
internal_weight=6484 4212 3330 882 2272 1644 628
internal_count=6484 4212 3330 882 2272 1644 628
is_linear=0
shrinkage=0.127801


Tree=394
num_leaves=8
num_cat=0
split_feature=3 1 3 1 3 5 3
split_gain=0.00891786 0.0239776 0.125365 0.0232482 0.069594 0.037596 0.0099673
threshold=0.057641482547968755 -0.16576194002522873 1.7946826195201429 0.19828235870676117 -0.20986505798279206 1.0000000180025095e-35 1.4445370555567463
decision_type=2 2 2 2 2 2 2
left_child=3 6 -3 5 -5 -1 -2
right_child=1 2 -4 4 -6 -7 -8
leaf_value=-0.00015902489667954359 -0.00077750375895535323 0.00056298097624482492 -0.00099067445699974424 2.1101171066951169e-05 -0.0026779945687267119 0.00052977708843196243 0.0036322044413299786
leaf_weight=1455 770 1070 202 972 423 1422 170
leaf_count=1455 770 1070 202 972 423 1422 170
internal_value=0 0.000171797 0.000597847 -0.000136876 -0.000572742 0 0
internal_weight=6484 2212 1272 4272 1395 2877 940
internal_count=6484 2212 1272 4272 1395 2877 940
is_linear=0
shrinkage=0.127801


Tree=395
num_leaves=8
num_cat=0
split_feature=2 0 0 2 4 1 4
split_gain=0.0126789 0.028663 0.0546196 0.0219767 0.0650329 0.0273349 0.000530944
threshold=-0.26073405436933023 2.2103719082872786 0.20363652201438839 -0.75175920933033435 1.0190912994232757 -0.48607027425342464 -1.1735022925819398
decision_type=2 2 2 2 2 2 2
left_child=3 2 -2 5 -5 -1 -3
right_child=1 6 -4 4 -6 -7 -8
leaf_value=0.00069127916085138055 1.1216504798488062e-05 0.0049415079740679282 0.00046985036233073915 -0.00086761354053002432 0.00702434989676583 -9.5789963504623417e-05 -0.0082022822539663445
leaf_weight=809 1965 12.999999999999998 1273 586 93 1689 56
leaf_count=809 1965 13 1273 586 93 1689 56
internal_value=3.59972e-06 0.000250008 0.000456186 -3.3232e-06 -0.000723427 0 0
internal_weight=6484 3307 3238 3177 679 2498 69
internal_count=6484 3307 3238 3177 679 2498 69
is_linear=0
shrinkage=0.127801


Tree=396
num_leaves=7
num_cat=0
split_feature=0 0 3 3 0 5
split_gain=0.0159422 0.0363064 0.0752282 0.0169497 0.0369694 0.00761082
threshold=-1.1865334424419431 -1.3574612321484096 0.29693140204796314 -0.31909905755936857 -0.8523627098596166 1.0000000180025095e-35
decision_type=2 2 2 2 2 2
left_child=1 -1 -3 5 -5 -2
right_child=3 2 -4 4 -6 -7
leaf_value=0.00041472941594934909 5.310242642287741e-05 -0.00049781220415560077 0.00173532439934152 -0.00039409155083913825 0.0001903662152302926 -0.0004486300995326781
leaf_weight=394 1488 279 78 302 3140 803
leaf_count=394 1488 279 78 302 3140 803
internal_value=0 -0.000452365 -0.00143372 0.000135436 0.00033286 0
internal_weight=6484 751 357 5733 3442 2291
internal_count=6484 751 357 5733 3442 2291
is_linear=0
shrinkage=0.127801


Tree=397
num_leaves=6
num_cat=0
split_feature=5 2 2 2 2
split_gain=0.000185214 0.00732272 0.021879 6.81249e-05 0.0051969
threshold=1.0000000180025095e-35 1.7033665654746868 1.2123414105136825 1.7033665654746868 1.0000000180025095e-35
decision_type=2 2 2 2 2
left_child=3 2 -2 4 -1
right_child=1 -3 -4 -5 -6
leaf_value=2.5893495547291652e-05 1.4203629223891127e-05 -0.0062419958649637909 0.00094050236288454291 0.0015980448551118731 -0.000246597938320169
leaf_weight=1327 3517 204 480 139 817
leaf_count=1327 3517 204 480 139 817
internal_value=0 2.68125e-05 0.000175005 0 -2.27444e-05
internal_weight=6484 4201 3997 2283 2144
internal_count=6484 4201 3997 2283 2144
is_linear=0
shrinkage=0.127801


Tree=398
num_leaves=8
num_cat=0
split_feature=3 0 0 4 3 0 3
split_gain=0.00180121 0.02197 0.0740715 0.0177747 0.0120824 0.0632829 0.0271503
threshold=-0.3457588994987823 0.27566354130335718 -0.8523627098596166 -0.29646485577985376 -0.58907049831810432 -0.076190589987997839 -0.65828230208782357
decision_type=2 2 2 2 2 2 2
left_child=4 2 -2 -3 6 -6 -1
right_child=1 3 -4 -5 5 -7 -8
leaf_value=-2.8972136889437868e-05 -0.00016077728205363324 0.00010373195419542664 0.00093731435073453112 -0.0006174035485643479 -0.00109124069123606 0.00049040485256791801 0.0023799889024933127
leaf_weight=1425 751 678 1535 1025 468 417 185
leaf_count=1425 751 678 1535 1025 468 417 185
internal_value=0 8.58039e-05 0.000411495 0 0 -0.000470375 0
internal_weight=6484 3989 2286 1703 2495 885 1610
internal_count=6484 3989 2286 1703 2495 885 1610
is_linear=0
shrinkage=0.127801


Tree=399
num_leaves=8
num_cat=0
split_feature=1 1 1 105 1 3 3
split_gain=0.00281096 0.026895 0.0323205 0.0278707 0.0175364 0.0389972 0.0275589
threshold=-0.3963786502377068 0.0078431588409661017 0.13817001390484226 1.0000000180025095e-35 -1.4257874527230199 0.093058206876241154 0.13846426370735951
decision_type=2 2 2 2 2 2 2
left_child=4 3 -3 -2 5 -1 -6
right_child=1 2 -4 -5 6 -7 -8
leaf_value=-0.001080150265567443 -0.00049565416477896781 0.00091099046458284645 -4.5574892956870611e-05 0.0052758588300286574 0.00030600110577961968 0.0021871303017390246 -0.00048886544741383276
leaf_weight=360 1156 419 2447 42 1371 160 529
leaf_count=360 1156 419 2447 42 1371 160 529
internal_value=0 -0.000106198 0 -0.000634562 0 0 0.000387558
internal_weight=6484 4064 2866 1198 2420 520 1900
internal_count=6484 4064 2866 1198 2420 520 1900
is_linear=0
shrinkage=0.127801


Tree=400
num_leaves=7
num_cat=0
split_feature=3 3 1 3 4 4
split_gain=0.0016124 0.0312925 0.0296907 0.0964072 0.0275805 0.0179823
threshold=0.93605408484369257 0.050960305614246956 0.25581227426880471 2.3227550604660507 -0.35911038698000275 -1.9878941981838769
decision_type=2 2 2 2 2 2
left_child=1 4 3 -2 -1 -3
right_child=2 5 -4 -5 -6 -7
leaf_value=-0.0002126885816270769 -0.0019682452540433783 -0.070725698080749494 0.00096981762291762274 0.004725814948154064 3.4593170776040416e-05 0.00047203285132948005
leaf_weight=1083 323 12.999999999999998 317 108 3162 1478
leaf_count=1083 323 13 317 108 3162 1478
internal_value=0 3.07729e-05 -0.000166375 -0.00107473 0 0.000587228
internal_weight=6484 5736 748 431 4245 1491
internal_count=6484 5736 748 431 4245 1491
is_linear=0
shrinkage=0.127801


Tree=401
num_leaves=8
num_cat=0
split_feature=1 1 4 1 3 1 2
split_gain=0.00733655 0.0369699 0.0351065 0.0163541 0.0728251 0.00869349 0.000221047
threshold=0.13817001390484226 0.52452983285067767 1.2070278930237228 0.0078431588409661017 1.7946826195201429 -0.3963786502377068 1.0000000180025095e-35
decision_type=2 2 2 2 2 2 2
left_child=3 2 -2 5 -5 -1 -3
right_child=1 6 -4 4 -6 -7 -8
leaf_value=9.8203758532717955e-05 -0.00036550190597162098 -0.00013850122672277401 0.0097009528731048771 0.0011054123563313297 -0.001481805423768752 -0.00028816844059396371 0.00085484761458738939
leaf_weight=2420 703 1060 28 392 27 1198 656
leaf_count=2420 703 1060 28 392 27 1198 656
internal_value=0 -0.000212632 -0.000984185 4.68617e-05 0.000804964 0 0
internal_weight=6484 2447 731 4037 419 3618 1716
internal_count=6484 2447 731 4037 419 3618 1716
is_linear=0
shrinkage=0.127801


Tree=402
num_leaves=5
num_cat=0
split_feature=4 4 5 5
split_gain=0.00584597 0.0249989 0.0985351 0.0100546
threshold=1.3323189554240209 1.1443823618235738 1.0000000180025095e-35 1.0000000180025095e-35
decision_type=2 2 2 2
left_child=1 3 -3 -1
right_child=-2 2 -4 -5
leaf_value=-0.0001153102819118073 0.00074043254960246842 0.00169343623651057 -0.004116330673427971 0.00013628179107136518
leaf_weight=2043 265 130 214 3832
leaf_count=2043 265 130 214 3832
internal_value=-6.66041e-05 -0.000141284 -0.00123191 0
internal_weight=6484 6219 344 5875
internal_count=6484 6219 344 5875
is_linear=0
shrinkage=0.127801


Tree=403
num_leaves=8
num_cat=0
split_feature=1 3 6 3 1 3 3
split_gain=0.0136189 0.0220804 0.0319045 0.0218276 0.0172839 0.0275589 0.00866189
threshold=-0.3963786502377068 -0.2628604128842546 -1.1965336522346741 -0.36671055143656983 -1.4257874527230199 0.13846426370735951 0.093058206876241154
decision_type=2 2 2 2 2 2 2
left_child=4 3 -3 -2 6 -6 -1
right_child=1 2 -4 -5 5 -7 -8
leaf_value=-0.0010268091797321088 -0.00010574441324746913 0.0093709168136716613 -0.00020036736704608972 0.0011791658012736356 0.00026431351638956833 -0.0005166817474393673 0.0020980020498449566
leaf_weight=360 1488 72 2196 308 1371 529 160
leaf_count=360 1488 72 2196 308 1371 529 160
internal_value=-7.53661e-06 -0.000231772 -0.000504634 0 4.12224e-05 0.000387558 0
internal_weight=6484 4064 2268 1796 2420 1900 520
internal_count=6484 4064 2268 1796 2420 1900 520
is_linear=0
shrinkage=0.127801


Tree=404
num_leaves=8
num_cat=0
split_feature=4 3 92 4 2 3 3
split_gain=0.0104579 0.0220479 0.0461291 0.0138788 0.0313119 0.0176434 0.00238744
threshold=-0.98556569898149293 -0.29185542346069743 1.0000000180025095e-35 0.39263598742178535 1.7033665654746868 -0.86630690816981926 0.17829186212779788
decision_type=2 2 2 2 2 2 2
left_child=1 2 -1 4 -2 -5 -3
right_child=3 6 -4 5 -6 -7 -8
leaf_value=-0.00031539901352894842 0.00044937865207510816 0.00054113492047360237 0.003664630631424767 -0.00060417564052471159 -0.027238925971623518 4.3564880699008416e-05 -0.00010944356647514907
leaf_weight=561 1700 290 23 401 82 2714 713
leaf_count=561 1700 290 23 401 82 2714 713
internal_value=0 -0.000327357 -0.00094786 0 0.00035597 0 0
internal_weight=6484 1587 584 4897 1782 3115 1003
internal_count=6484 1587 584 4897 1782 3115 1003
is_linear=0
shrinkage=0.127801


Tree=405
num_leaves=7
num_cat=0
split_feature=1 0 0 0 0 1
split_gain=0.0209205 0.0289764 0.0551848 0.0232407 0.107342 0.00584253
threshold=0.13817001390484226 0.66789871787276101 -1.1428687988079134 0.73958325159133242 -0.49421951035027345 0.080798796701705658
decision_type=2 2 2 2 2 2
left_child=1 2 -1 4 -2 -3
right_child=3 5 -4 -5 -6 -7
leaf_value=-0.00046791313762678841 0.00019364028383259929 -0.00042114095713504925 0.00031711220503083761 0.00010540523248221208 -0.0018301606604722875 0.005682390827537331
leaf_weight=452 1238 885 2661 706 503 39
leaf_count=452 1238 885 2661 706 503 39
internal_value=0 0.000204877 0.000453982 -0.000264712 -0.00056173 0
internal_weight=6484 4037 3113 2447 1741 924
internal_count=6484 4037 3113 2447 1741 924
is_linear=0
shrinkage=0.127801


Tree=406
num_leaves=8
num_cat=0
split_feature=1 0 0 0 0 0 3
split_gain=0.00929375 0.0599788 0.103671 0.0766053 0.038162 0.185805 0.00351315
threshold=-0.35514738154846198 -0.035686333608428246 -0.91153138933101074 0.66789871787276101 -0.80136552477800826 0.059218062103178211 -0.3628186037081883
decision_type=2 2 2 2 2 2 2
left_child=4 2 -2 -3 6 -6 -1
right_child=1 3 -4 -5 5 -7 -8
leaf_value=-0.00046701033248630066 0.00048931032980529339 0.0025872798645651964 -0.00023569776122378316 -9.9736051045255095e-05 0.0023693439327159877 -0.00012832811528645731 0.00017100179392671593
leaf_weight=268 781 549 1511 1098 678 1340 259
leaf_count=268 781 549 1511 1098 678 1340 259
internal_value=0 -9.33678e-05 -0.000643903 0.000191849 0.000214483 0.000604806 0
internal_weight=6484 3939 2292 1647 2545 2018 527
internal_count=6484 3939 2292 1647 2545 2018 527
is_linear=0
shrinkage=0.127801


Tree=407
num_leaves=8
num_cat=0
split_feature=1 3 3 3 1 3 3
split_gain=0.0019806 0.0108562 0.0861111 0.0260835 0.0101956 0.0294537 0.00111796
threshold=-0.44045646858288989 0.050960305614246956 -0.10114998476999983 0.17829186212779788 -0.70031557503540454 -0.66561213697627553 -0.93954039125886613
decision_type=2 2 2 2 2 2 2
left_child=4 2 -2 -3 6 -6 -1
right_child=1 3 -4 -5 5 -7 -8
leaf_value=0.00092790114517411228 1.8111424861209036e-05 0.0021933434295685113 -0.0037995031722265209 -6.6122759221616187e-05 -0.000710876908690413 0.0014397346812737668 -0.00021829425059224504
leaf_weight=131 2322 269 367 1231 129 570 1465
leaf_count=131 2322 269 367 1231 129 570 1465
internal_value=0 -8.78048e-05 -0.000278874 0 0 0.000485688 0
internal_weight=6484 4189 2689 1500 2295 699 1596
internal_count=6484 4189 2689 1500 2295 699 1596
is_linear=0
shrinkage=0.127801


Tree=408
num_leaves=8
num_cat=0
split_feature=4 0 3 3 4 2 0
split_gain=0.0162082 0.0394624 0.0764688 0.0172078 0.0139965 0.0522261 0.00732237
threshold=-0.98556569898149293 1.1331877215751258 0.25061722408022241 -0.023505627588787197 -0.67233804298074784 0.72131625555267831 -0.42663788277842418
decision_type=2 2 2 2 2 2 2
left_child=1 3 -3 -1 5 -2 -6
right_child=4 2 -4 -5 6 -7 -8
leaf_value=-0.00019857007599424539 -0.00034511401614256449 0.00013171815825388573 -0.0014415637279717886 0.00040583591674208525 -0.00021460692117621433 0.0059805613770225205 0.00013729617956693765
leaf_weight=669 193 126 152 640 1713 110 2881
leaf_count=669 193 126 152 640 1713 110 2881
internal_value=0 -0.000407536 -0.00178637 0 0 0.00085883 0
internal_weight=6484 1587 278 1309 4897 303 4594
internal_count=6484 1587 278 1309 4897 303 4594
is_linear=0
shrinkage=0.127801


Tree=409
num_leaves=7
num_cat=0
split_feature=1 2 6 1 6 1
split_gain=0.00393128 0.0128374 0.0234581 0.00650823 0.0142973 0.00518029
threshold=1.3322709034750566 -0.75175920933033435 1.0716505901537572 1.6857808887296062 1.0716505901537572 -0.52744687979974414
decision_type=2 2 2 2 2 2
left_child=1 5 -3 4 -2 -1
right_child=3 2 -4 -5 -6 -7
leaf_value=0.00067062144247738182 0.0029973945571974423 -0.00013926129232612076 0.0027705283068526873 -0.00022747561792425467 -0.00050720250506085306 -5.0513317849768413e-05
leaf_weight=752 339 3214 208 535 39 1397
leaf_count=752 339 3214 208 535 39 1397
internal_value=0 -0.000107291 -0.000282621 0 0.000525497 0
internal_weight=6484 5571 3422 913 378 2149
internal_count=6484 5571 3422 913 378 2149
is_linear=0
shrinkage=0.127801


Tree=410
num_leaves=8
num_cat=0
split_feature=0 1 1 1 3 0 3
split_gain=0.00590029 0.0269192 0.0547091 0.0522514 0.0208339 0.0401586 0.0150504
threshold=0.20363652201438839 -0.52744687979974414 -0.88270599336486277 0.68703301035126219 0.65667710374136767 0.66789871787276101 3.3969326334993681
decision_type=2 2 2 2 2 2 2
left_child=1 2 -1 -3 5 -2 -6
right_child=4 3 -4 -5 6 -7 -8
leaf_value=-0.00047038821204542307 0.00055647112649007515 -0.00014733409208978669 0.0026795183462839001 0.00011939540887368334 -0.0005257851902748257 -1.3531463146458055e-06 0.016707275235158862
leaf_weight=476 822 1543 661 1190 411 1354 27
leaf_count=476 822 1543 661 1190 411 1354 27
internal_value=0 -0.000157662 0 -0.000442314 0 0.000373685 -0.000282293
internal_weight=6484 3870 1137 2733 2614 2176 438
internal_count=6484 3870 1137 2733 2614 2176 438
is_linear=0
shrinkage=0.127801


Tree=411
num_leaves=7
num_cat=0
split_feature=3 1 45 3 1 5
split_gain=0.00398823 0.0429867 0.0230767 0.00466491 0.0641133 0.0325022
threshold=-0.86630690816981926 0.30807327372553367 1.0000000180025095e-35 -0.56143766944659512 0.26235349828176907 1.0000000180025095e-35
decision_type=2 2 2 2 2 2
left_child=1 2 -1 4 -2 -5
right_child=3 -3 -4 5 -6 -7
leaf_value=-0.00032718963179748719 0.00041333354296351052 0.0028613185398023893 0.00094761017059711162 -0.00047632505106529082 -0.00041596502600461157 6.6703617304171906e-05
leaf_weight=593 702 157 40 952 221 3819
leaf_count=593 702 157 40 952 221 3819
internal_value=0 -0.000285899 -0.00109496 0 0.000286239 0
internal_weight=6484 790 633 5694 923 4771
internal_count=6484 790 633 5694 923 4771
is_linear=0
shrinkage=0.127801


Tree=412
num_leaves=8
num_cat=0
split_feature=4 4 0 0 4 2 0
split_gain=0.0104579 0.02999 0.0795034 0.0355923 0.0139965 0.0522261 0.0187055
threshold=-0.98556569898149293 -1.4867299485826846 -0.54012720352114996 -0.86867626891839766 -0.67233804298074784 0.72131625555267831 -0.42663788277842418
decision_type=2 2 2 2 2 2 2
left_child=1 3 -3 -1 5 -2 -6
right_child=4 2 -4 -5 6 -7 -8
leaf_value=-0.00038380142156109866 -0.0002557849242300375 0.00028933757363494431 -0.00052905744084865715 0.00046824243654175495 -0.00018073523405065132 0.005276024596217936 8.4895844272641185e-05
leaf_weight=202 193 313 565 507 1713 110 2881
leaf_count=202 193 313 565 507 1713 110 2881
internal_value=0 -0.000327357 -0.000864024 0 0 0.00085883 0
internal_weight=6484 1587 878 709 4897 303 4594
internal_count=6484 1587 878 709 4897 303 4594
is_linear=0
shrinkage=0.127801


Tree=413
num_leaves=8
num_cat=0
split_feature=3 0 0 0 0 0 1
split_gain=0.00430735 0.0491502 0.0586694 0.0296564 0.0126365 0.0629216 0.0383208
threshold=-0.3457588994987823 0.086419643733506413 -0.9253316998899197 0.42995034495408885 0.27566354130335718 -0.6539773439409734 -0.45511375747835042
decision_type=2 2 2 2 2 2 2
left_child=1 2 -1 -3 5 -2 -6
right_child=4 3 -4 -5 6 -7 -8
leaf_value=0.00020962535884554468 -0.00024171358280158386 0.0025282026918936737 -0.00034224879736431728 -8.8916600910389306e-05 -0.00081065478369232258 0.00061750635690339267 0.00013018924782086681
leaf_weight=575 974 218 1030 672 590 1312 1113
leaf_count=575 974 218 1030 672 590 1312 1113
internal_value=0 -0.000167688 -0.000735978 0 0 0.000300021 0
internal_weight=6484 2495 1605 890 3989 2286 1703
internal_count=6484 2495 1605 890 3989 2286 1703
is_linear=0
shrinkage=0.127801


Tree=414
num_leaves=8
num_cat=0
split_feature=3 0 0 5 3 5 0
split_gain=0.0102798 0.0314059 0.0318293 0.0163614 0.00785573 0.0426386 0.0329806
threshold=-0.3457588994987823 0.086419643733506413 -0.9253316998899197 1.0000000180025095e-35 0.13846426370735951 1.0000000180025095e-35 1.235213547187171
decision_type=2 2 2 2 2 2 2
left_child=1 2 -1 -3 5 -2 -6
right_child=4 3 -4 -5 6 -7 -8
leaf_value=0.00018283499473509247 -0.00063605778126234267 0.00082815827592229972 -0.00029850900391460559 -0.0011706716399210496 5.3479900563468247e-05 0.00048474372998664718 -0.0005602695728078404
leaf_weight=575 398 501 1030 389 1633 1643 315
leaf_count=575 398 501 1030 389 1633 1643 315
internal_value=-4.69149e-05 -0.00026985 -0.000656694 0 0 0.000242306 -6.42488e-05
internal_weight=6484 2495 1605 890 3989 2041 1948
internal_count=6484 2495 1605 890 3989 2041 1948
is_linear=0
shrinkage=0.127801


Tree=415
num_leaves=7
num_cat=0
split_feature=0 3 0 3 3 0
split_gain=0.00404705 0.0323876 0.0337326 0.0287897 0.0262713 0.02034
threshold=-0.6165431365289481 -0.64803350640308544 -0.58196921581381234 -1.021141561963933 -0.10114998476999983 -1.3574612321484096
decision_type=2 2 2 2 2 2
left_child=3 2 -2 -1 -3 -5
right_child=1 4 -4 5 -6 -7
leaf_value=0.0031780199336380183 0.0031567267404758264 0.0003330350713273535 -0.00027854498781003227 0.00018698386043898067 1.4164197516723433e-05 -0.00023563997975792409
leaf_weight=119 63 1499 896 380 2116 1411
leaf_count=119 63 1499 896 380 2116 1411
internal_value=0 5.10041e-06 -0.000381417 -0.000185527 0.000327547 -0.000546109
internal_weight=6484 4574 959 1910 3615 1791
internal_count=6484 4574 959 1910 3615 1791
is_linear=0
shrinkage=0.127801


Tree=416
num_leaves=8
num_cat=0
split_feature=0 1 1 1 1 0 0
split_gain=0.00037799 0.01147 0.0414242 0.0214197 0.0055471 0.0412814 2.98191e-05
threshold=-0.5283099646429229 -0.20547610594208626 0.66629668367237394 -0.41717918914823621 1.833969578843442 -1.1865334424419431 -1.2551208087874495
decision_type=2 2 2 2 2 2 2
left_child=4 3 -3 -2 5 -1 -6
right_child=1 2 -4 -5 6 -7 -8
leaf_value=-0.00048849372753286457 6.4609166588834244e-05 0.00027096128886010983 -0.00052144722166821088 -0.0013008227938783076 0.0033427878585007009 3.275721659003446e-05 -0.00074045886712595333
leaf_weight=480 1715 1512 519 466 223 1405 164
leaf_count=480 1715 1512 519 466 223 1405 164
internal_value=0 2.97718e-05 0.000306206 0 -3.26827e-05 -0.000221754 0
internal_weight=6484 4212 2031 2181 2272 1885 387
internal_count=6484 4212 2031 2181 2272 1885 387
is_linear=0
shrinkage=0.127801


Tree=417
num_leaves=8
num_cat=0
split_feature=0 3 2 3 3 3 2
split_gain=0.0010993 0.0179274 0.0920476 0.0160871 0.0128008 0.0771563 0.0112124
threshold=-0.5283099646429229 -0.60600047093656439 -0.75175920933033435 -0.86630690816981926 -0.65828230208782357 -0.56143766944659512 1.0000000180025095e-35
decision_type=2 2 2 2 2 2 2
left_child=1 3 -3 -1 6 -6 -2
right_child=4 2 -4 -5 5 -7 -8
leaf_value=-0.00023540343102041174 5.9118095908363634e-05 0.00033966691195684931 -0.00040845494868304872 0.0010592936403517694 0.0073747243040294804 3.9475353865890201e-05 -0.00055624156877304143
leaf_weight=353 446 628 945 346 161 3267 338
leaf_count=353 446 628 945 346 161 3267 338
internal_value=0 -8.87619e-05 -0.000443503 0 0 0.000244922 -6.18535e-05
internal_weight=6484 2272 1573 699 4212 3428 784
internal_count=6484 2272 1573 699 4212 3428 784
is_linear=0
shrinkage=0.127801


Tree=418
num_leaves=8
num_cat=0
split_feature=4 4 1 2 1 2 4
split_gain=0.00619898 0.0263057 0.0416965 0.0209779 0.0704223 0.0558824 0.0107812
threshold=-0.35911038698000275 -1.737312073383281 1.4862085513295493 -0.26073405436933023 -0.30259158538577674 -0.75175920933033435 -1.9252486669837279
decision_type=2 2 2 2 2 2 2
left_child=1 6 -3 5 -5 -2 -1
right_child=3 2 -4 4 -6 -7 -8
leaf_value=-0.00043442595338440051 0.00013201303607727878 -0.00020528355820651669 0.00055451610225216953 0.00094601684381210845 -0.00016384105663165297 -0.0022851124316421397 0.0031796554458411934
leaf_weight=222 1618 1560 202 966 1253 466 197
leaf_count=222 1618 1560 202 966 1253 466 197
internal_value=0 -0.000215118 -0.000547837 0 0.00038369 -8.45184e-05 0
internal_weight=6484 2181 1762 4303 2219 2084 419
internal_count=6484 2181 1762 4303 2219 2084 419
is_linear=0
shrinkage=0.127801


Tree=419
num_leaves=8
num_cat=0
split_feature=0 4 1 4 3 4 1
split_gain=0.0239846 0.0747229 0.205069 0.0243141 0.0230752 0.0634264 0.0552945
threshold=-0.6165431365289481 -1.2361478237820889 0.46308015499421312 -0.6096925117805988 -0.31365033073963428 -0.35911038698000275 -0.70031557503540454
decision_type=2 2 2 2 2 2 2
left_child=1 2 -1 -3 5 -2 -6
right_child=4 3 -4 -5 6 -7 -8
leaf_value=6.9569456340816817e-05 -0.00090329088205063875 0.0011641053913752548 -0.0018519209270777691 -0.00029223845846282321 -0.00027700722437638169 0.00010853633186263547 0.00027657258762111262
leaf_weight=283 510 234 149 1244 762 1223 2079
leaf_count=283 510 234 149 1244 762 1223 2079
internal_value=-7.53661e-06 -0.000452205 -0.00191664 0 5.10041e-06 -0.000108914 0.000353741
internal_weight=6484 1910 432 1478 4574 1733 2841
internal_count=6484 1910 432 1478 4574 1733 2841
is_linear=0
shrinkage=0.127801


Tree=420
num_leaves=8
num_cat=0
split_feature=4 3 1 1 4 3 1
split_gain=0.0061764 0.0387711 0.0973524 0.0152401 0.00906092 0.0876571 0.00844261
threshold=-0.35911038698000275 0.39487875321223315 0.0078431588409661017 -0.059469158199078394 0.51792704982208349 0.43373336470057583 -0.90136019613919005
decision_type=2 2 2 2 2 2 2
left_child=1 2 -1 -3 5 -2 -6
right_child=4 3 -4 -5 6 -7 -8
leaf_value=-0.00044255580720800993 0.00057246997607215532 0.0029222878079190489 9.7349848845897007e-05 -0.00013284418894331229 0.00093876560334075717 -0.00062436836995855764 -0.00013780506290918707
leaf_weight=810 1375 335 530 506 388 306 2234
leaf_count=810 1375 335 530 506 388 306 2234
internal_value=-7.53661e-06 -0.000215118 -0.000738453 0 0 0.000293984 -2.83315e-05
internal_weight=6484 2181 1340 841 4303 1681 2622
internal_count=6484 2181 1340 841 4303 1681 2622
is_linear=0
shrinkage=0.127801


Tree=421
num_leaves=8
num_cat=0
split_feature=1 3 1 3 6 1 2
split_gain=0.0077259 0.03098 0.0427784 0.0353171 0.00675949 0.0572335 0.0256106
threshold=-0.16576194002522873 -0.31365033073963428 -0.82448974775874995 0.13846426370735951 1.0000000180025095e-35 -0.059469158199078394 0.72131625555267831
decision_type=2 2 2 2 2 2 2
left_child=1 2 -1 -3 6 -6 -2
right_child=4 3 -4 -5 5 -7 -8
leaf_value=0.00028407731491524507 0.00017697038558971007 0.00034969045796253161 -0.00055687485021004338 -0.00056236210759693522 0.012627197080026048 -0.00022135649444623799 -0.00025398003221107355
leaf_weight=491 1174 922 835 831 123 1596 512
leaf_count=491 1174 922 835 831 123 1596 512
internal_value=0 -0.000202216 -0.000688681 0 0 0 0.000255371
internal_weight=6484 3079 1326 1753 3405 1719 1686
internal_count=6484 3079 1326 1753 3405 1719 1686
is_linear=0
shrinkage=0.127801


Tree=422
num_leaves=8
num_cat=0
split_feature=1 0 1 1 0 1 3
split_gain=0.00676616 0.0355714 0.0276746 0.00620192 0.0586651 0.00912063 0.0049575
threshold=-0.80413631609507108 0.38740183499144254 -0.88270599336486277 -0.44045646858288989 1.4064614538375835 0.0078431588409661017 0.16700521371549124
decision_type=2 2 2 2 2 2 2
left_child=1 2 -1 4 -2 -5 -3
right_child=3 6 -4 5 -6 -7 -8
leaf_value=-0.00044388263823553147 0.00081205889830918956 0.00050903155985451904 0.00028170565744504745 -0.00022157024751186664 -0.021811955296408565 4.029484870631425e-05 -0.0015412875588527593
leaf_weight=612 951 325 255 1323 36 2866 116
leaf_count=612 951 325 255 1323 36 2866 116
internal_value=0 -0.000289903 -0.000889523 0 0.000319241 0 0
internal_weight=6484 1308 867 5176 987 4189 441
internal_count=6484 1308 867 5176 987 4189 441
is_linear=0
shrinkage=0.127801


Tree=423
num_leaves=8
num_cat=0
split_feature=0 3 1 3 4 6 1
split_gain=0.0103174 0.116775 0.101966 0.0313213 0.0597075 0.05083 0.0193977
threshold=-0.8523627098596166 -0.20986505798279206 -0.63884527197159346 -0.31365033073963428 -1.4867299485826846 1.0000000180025095e-35 -0.38708337258668596
decision_type=2 2 2 2 2 2 2
left_child=1 6 -3 5 -5 -2 -1
right_child=3 2 -4 4 -6 -7 -8
leaf_value=-0.00024822935694762265 3.0257945359185487e-05 0.0017816095371121219 -0.0011472223802950379 0.0014734231191989564 3.4785604194092069e-05 -0.0021537596536008495 0.0022446473060120454
leaf_weight=297 1621 118 482 347 2774 362 483
leaf_count=297 1621 118 482 347 2774 362 483
internal_value=0 -0.000348571 -0.00184937 0 0.000362934 -0.000223678 0
internal_weight=6484 1380 600 5104 3121 1983 780
internal_count=6484 1380 600 5104 3121 1983 780
is_linear=0
shrinkage=0.127801


Tree=424
num_leaves=8
num_cat=0
split_feature=4 0 1 0 0 0 1
split_gain=0.0060099 0.0473303 0.0808215 0.0452295 0.0914027 0.0252298 0.00316277
threshold=-0.98556569898149293 -0.54012720352114996 1.0385946975743388 1.1331877215751258 2.0859284522662067 -0.86867626891839766 0.64308795434895238
decision_type=2 2 2 2 2 2 2
left_child=1 5 -3 6 -5 -1 -2
right_child=3 2 -4 4 -6 -7 -8
leaf_value=-0.00022081310618915682 -7.6937094059201805e-05 -0.00032229112500122112 0.007705688834117398 0.0011415750644416436 -0.0010320058716943269 0.0010972513926981546 0.00010570787281994694
leaf_weight=379 3196 860 48 495 162 300 1044
leaf_count=379 3196 860 48 495 162 300 1044
internal_value=0 -0.000247177 -0.000975377 1.25828e-05 0.00105538 0 0
internal_weight=6484 1587 908 4897 657 679 4240
internal_count=6484 1587 908 4897 657 679 4240
is_linear=0
shrinkage=0.127801


Tree=425
num_leaves=5
num_cat=0
split_feature=105 3 3 3
split_gain=0.000685961 0.0077556 0.0208279 0.0197418
threshold=1.0000000180025095e-35 0.17829186212779788 3.3969326334993681 0.050960305614246956
decision_type=2 2 2 2
left_child=1 3 -3 -1
right_child=-2 2 -4 -5
leaf_value=-5.4023560893080707e-05 0.00144062678019087 -0.00012061722024112316 0.010491897375524995 0.0013842851221419767
leaf_weight=4148 167 1707 72 390
leaf_count=4148 167 1707 72 390
internal_value=0 -4.20911e-05 -0.000277852 0
internal_weight=6484 6317 1779 4538
internal_count=6484 6317 1779 4538
is_linear=0
shrinkage=0.127801


Tree=426
num_leaves=8
num_cat=0
split_feature=4 0 3 0 0 3 0
split_gain=0.031498 0.0381766 0.0518787 0.0302196 0.0483752 0.00652713 0.000344825
threshold=-0.98556569898149293 -0.54012720352114996 1.5447547095625722 1.1331877215751258 2.0859284522662067 -0.21615704014367562 -0.76856706754846105
decision_type=2 2 2 2 2 2 2
left_child=1 6 -3 5 -5 -2 -1
right_child=3 2 -4 4 -6 -7 -8
leaf_value=-0.00016531425290879925 5.094732734791736e-05 -0.00027683363460631122 0.0030878622140974058 0.00080590520023407638 -0.00089235897324178219 -0.00027271111734566489 0.0017360226509811232
leaf_weight=454 2169 733 175 495 162 2071 225
leaf_count=454 2169 733 175 495 162 2071 225
internal_value=-7.53661e-06 -0.000567895 -0.00111506 1.25828e-05 0.000862892 0 0
internal_weight=6484 1587 908 4897 657 4240 679
internal_count=6484 1587 908 4897 657 4240 679
is_linear=0
shrinkage=0.127801


Tree=427
num_leaves=8
num_cat=0
split_feature=4 3 0 0 3 3 3
split_gain=0.0104579 0.0220479 0.0635903 0.00480394 0.0144546 0.00860358 0.000273956
threshold=-0.98556569898149293 -0.29185542346069743 -1.2273966836650325 -0.57378113119447705 -1.021141561963933 -0.60600047093656439 0.16700521371549124
decision_type=2 2 2 2 2 2 2
left_child=1 2 -1 5 -5 -2 -3
right_child=3 6 -4 4 -6 -7 -8
leaf_value=0.0012540084534191096 0.00074047796993418193 0.00079573893922191708 -0.00032005083860806895 -0.00077999623833921005 0.00015814356905189856 -0.00035673009483525183 -0.00017018746120190691
leaf_weight=39 475 285 545 161 3302 959 718
leaf_count=39 475 285 545 161 3302 959 718
internal_value=0 -0.000327357 -0.00094786 0 0.000150374 0 0
internal_weight=6484 1587 584 4897 3463 1434 1003
internal_count=6484 1587 584 4897 3463 1434 1003
is_linear=0
shrinkage=0.127801


Tree=428
num_leaves=7
num_cat=0
split_feature=92 105 1 3 1 1
split_gain=0.0020314 0.00659009 0.0168411 0.00134012 0.00233057 0.000899349
threshold=1.0000000180025095e-35 1.0000000180025095e-35 1.3322709034750566 -0.99033030911424569 1.7491799355876447 1.0385946975743388
decision_type=2 2 2 2 2 2
left_child=1 2 -1 -2 -5 -3
right_child=3 5 -4 4 -6 -7
leaf_value=-9.0013841591046317e-05 -0.00034975696513659548 0.0031690216736421657 0.00018252880889292004 0.0014902506218933752 0.0049147531290081002 -0.0086245357823251552
leaf_weight=5262 4.9999999999999991 156 883 160 6.9999999999999991 10.999999999999998
leaf_count=5262 5 156 883 160 7 11
internal_value=0 -7.24621e-05 -0.000151293 0 0.000354739 0
internal_weight=6484 6312 6145 172 167 167
internal_count=6484 6312 6145 172 167 167
is_linear=0
shrinkage=0.127801


Tree=429
num_leaves=7
num_cat=0
split_feature=0 3 3 0 3 0
split_gain=0.00165804 0.0231814 0.0183382 0.00270859 0.0197712 0.00238837
threshold=-0.6165431365289481 -1.021141561963933 -0.3457588994987823 -0.34430246828031624 -1.1160402207409705 0.20363652201438839
decision_type=2 2 2 2 2 2
left_child=1 -1 -3 4 -2 -5
right_child=3 2 -4 5 -6 -7
leaf_value=0.0027356461838950203 -0.031149632771321042 -0.00038879257076295974 -2.6240119215168376e-05 -0.00031023843125229901 0.00021996377379811851 3.0334434154946421e-05
leaf_weight=119 31 741 1050 1042 887 2614
leaf_count=119 31 741 1050 1042 887 2614
internal_value=0 -0.000118858 -0.000475027 0 0.0002187 0
internal_weight=6484 1910 1791 4574 918 3656
internal_count=6484 1910 1791 4574 918 3656
is_linear=0
shrinkage=0.127801


Tree=430
num_leaves=4
num_cat=0
split_feature=100 115 0
split_gain=0.00138908 0.0046471 0.00715829
threshold=1.0000000180025095e-35 1.0000000180025095e-35 0.38740183499144254
decision_type=2 2 2
left_child=1 2 -1
right_child=-2 -3 -4
leaf_value=-0.00010593421019953534 0.0046772389972014649 0.0048775038840095661 2.1884405459099651e-05
leaf_weight=4124 86 72 2202
leaf_count=4124 86 72 2202
internal_value=0 -5.9517e-05 -0.000124771
internal_weight=6484 6398 6326
internal_count=6484 6398 6326
is_linear=0
shrinkage=0.127801


Tree=431
num_leaves=7
num_cat=0
split_feature=4 4 0 0 3 3
split_gain=0.0388129 0.0656373 0.0798604 0.0580205 0.0683673 0.00431106
threshold=0.14205386262118927 0.39263598742178535 2.2103719082872786 -0.08647085047120194 0.46467434914120936 -0.26694695799905527
decision_type=2 2 2 2 2 2
left_child=3 2 -2 4 -1 -3
right_child=1 5 -4 -5 -6 -7
leaf_value=-0.00046892480513973343 0.0013090172377777608 0.00013393359454991059 -0.012374328360656784 2.3660785550633247e-05 0.0001147309567058227 -0.00045433071987584217
leaf_weight=925 488 1573 24 1454 478 1542
leaf_count=925 488 1573 24 1454 478 1542
internal_value=-7.53661e-06 0.000122486 0.00147341 -0.000449937 -0.00104084 0
internal_weight=6484 3627 512 2857 1403 3115
internal_count=6484 3627 512 2857 1403 3115
is_linear=0
shrinkage=0.127801


Tree=432
num_leaves=7
num_cat=0
split_feature=4 4 100 2 2 4
split_gain=0.00908487 0.0102395 0.00792273 0.0117714 0.0041598 0.00168
threshold=0.14205386262118927 1.1443823618235738 1.0000000180025095e-35 0.72131625555267831 0.72131625555267831 1.5829010802246168
decision_type=2 2 2 2 2 2
left_child=2 4 3 -1 -2 -3
right_child=1 5 -4 -5 -6 -7
leaf_value=-0.00015851063966674812 0.00019010154655562335 -0.00084662026129535761 0.0037517183095651867 3.9112393287101563e-05 7.3894965993876626e-06 0.0067074770420781559
leaf_weight=1943 2148 568 68 846 870 41
leaf_count=1943 2148 568 68 846 870 41
internal_value=0 1.69801e-05 -0.000226816 -0.000314609 0.000235869 0
internal_weight=6484 3627 2857 2789 3018 609
internal_count=6484 3627 2857 2789 3018 609
is_linear=0
shrinkage=0.127801


Tree=433
num_leaves=4
num_cat=0
split_feature=4 4 4
split_gain=0.00501471 0.00683658 0.00524668
threshold=0.14205386262118927 -1.737312073383281 1.1443823618235738
decision_type=2 2 2
left_child=1 -1 -2
right_child=2 -3 -4
leaf_value=4.445310815731503e-05 0.00012341131990588285 -0.00012076359332445087 -0.00025696743129509895
leaf_weight=419 3018 2438 609
leaf_count=419 3018 2438 609
internal_value=0 -0.000137567 8.73176e-05
internal_weight=6484 2857 3627
internal_count=6484 2857 3627
is_linear=0
shrinkage=0.127801


Tree=434
num_leaves=5
num_cat=0
split_feature=4 92 4 4
split_gain=0.00040938 0.00452631 0.0118513 0.00186131
threshold=0.14205386262118927 1.0000000180025095e-35 -0.67233804298074784 0.39263598742178535
decision_type=2 2 2 2
left_child=1 2 -1 -2
right_child=3 -3 -4 -5
leaf_value=1.8007309038409364e-06 0.00087293316744777526 0.00022092072512831326 -0.00023242580732053217 -8.9995874208665434e-06
leaf_weight=1803 512 116 938 3115
leaf_count=1803 512 116 938 3115
internal_value=0 -4.83188e-05 -0.000171279 0
internal_weight=6484 2857 2741 3627
internal_count=6484 2857 2741 3627
is_linear=0
shrinkage=0.127801


Tree=435
num_leaves=8
num_cat=0
split_feature=0 1 1 1 0 0 3
split_gain=0.00166557 0.0917398 0.104519 0.0142349 0.0319145 0.0261202 0.00248152
threshold=-1.2181493278550541 1.833969578843442 -0.63884527197159346 1.7491799355876447 -0.42663788277842418 -0.34430246828031624 1.3812929049705456
decision_type=2 2 2 2 2 2 2
left_child=1 2 -1 5 -5 -2 -3
right_child=3 6 -4 4 -6 -7 -8
leaf_value=0.00026181351908676701 0.00020725204487522886 0.0032777247084578719 -0.0019763931915705029 -0.0039111486343695852 0.00053447625432915917 -1.5639010107177028e-05 -0.0012406459477856484
leaf_weight=231 1948 240 212 161 61 3617 13.999999999999998
leaf_count=231 1948 240 212 161 61 3617 14
internal_value=0 -0.000196584 -0.00184138 0 -0.000883572 9.82333e-05 0
internal_weight=6484 697 443 5787 222 5565 254
internal_count=6484 697 443 5787 222 5565 254
is_linear=0
shrinkage=0.127801


Tree=436
num_leaves=7
num_cat=0
split_feature=0 1 1 0 2 1
split_gain=0.00616255 0.0397191 0.0467534 0.0260794 0.0436421 0.00900643
threshold=-1.2181493278550541 1.9067682599132671 -0.63884527197159346 -1.0689113221927291 1.2123414105136825 -0.44045646858288989
decision_type=2 2 2 2 2 2
left_child=1 2 -1 4 -2 -5
right_child=3 -3 -4 5 -6 -7
leaf_value=0.00022835344753814989 0.0020592375551709329 0.0017843558262767329 -0.0014033800186436659 0.00011390861366727457 -0.0007573268410768359 -8.1522871078014918e-05
leaf_weight=231 244 226 240 1864 46 3633
leaf_count=231 244 226 240 1864 46 3633
internal_value=0 -0.000378136 -0.00125218 0 0.00119771 0
internal_weight=6484 697 471 5787 290 5497
internal_count=6484 697 471 5787 290 5497
is_linear=0
shrinkage=0.127801


Tree=437
num_leaves=5
num_cat=0
split_feature=92 1 2 1
split_gain=0.00332364 0.00790162 0.0406515 0.0219997
threshold=1.0000000180025095e-35 0.13817001390484226 1.0000000180025095e-35 -0.012586814055125599
decision_type=2 2 2 2
left_child=1 3 -3 -1
right_child=-2 2 -4 -5
leaf_value=-8.3646148877200205e-05 0.00098450351965029314 -0.00022349029170411964 0.00019759651332631339 0.0008739219893303048
leaf_weight=3463 172 1480 906 463
leaf_count=3463 172 1480 906 463
internal_value=0 -9.26872e-05 -0.000276801 0
internal_weight=6484 6312 2386 3926
internal_count=6484 6312 2386 3926
is_linear=0
shrinkage=0.127801


Tree=438
num_leaves=8
num_cat=0
split_feature=4 1 1 1 1 4 4
split_gain=0.0128968 0.0309562 0.0337391 0.00724444 0.0182913 0.0149067 0.00240822
threshold=0.14205386262118927 0.11376801127662571 -1.752967508806617 0.28962877977815665 0.62039150315588076 1.1443823618235738 -0.98556569898149293
decision_type=2 2 2 2 2 2 2
left_child=1 2 -1 5 -5 -2 -3
right_child=3 6 -4 4 -6 -7 -8
leaf_value=0.00044043805156738879 0.00022587546629154937 -0.00015189694630941082 -0.00019345156610073072 -0.0071242430796204783 0.00021964032793061683 -0.00027060801707972645 0.00053974507806204056
leaf_weight=153 2070 611 1519 208 894 455 574
leaf_count=153 2070 611 1519 208 894 455 574
internal_value=-7.53661e-06 -0.00027144 -0.000653324 0 0 0.000216178 0
internal_weight=6484 2857 1672 3627 1102 2525 1185
internal_count=6484 2857 1672 3627 1102 2525 1185
is_linear=0
shrinkage=0.127801


Tree=439
num_leaves=7
num_cat=0
split_feature=4 0 0 0 0 4
split_gain=0.0210488 0.0409665 0.0499297 0.00257737 0.023893 0.00840662
threshold=0.14205386262118927 -0.08647085047120194 -1.404109426834266 -0.42663788277842418 -0.08647085047120194 0.39263598742178535
decision_type=2 2 2 2 2 2
left_child=1 2 -1 5 -5 -2
right_child=3 -3 -4 4 -6 -7
leaf_value=0.0017224741973429732 0.002312983907491243 8.1817488123867192e-05 -0.00017957421213106418 0.0016606268260160495 -6.4622171530581484e-06 -0.00019903126983581749
leaf_weight=126 156 1454 1277 478 1718 1275
leaf_count=126 156 1454 1277 478 1718 1275
internal_value=-6.66041e-05 -0.000360689 -0.00085955 0 0.000138236 0
internal_weight=6484 2857 1403 3627 2196 1431
internal_count=6484 2857 1403 3627 2196 1431
is_linear=0
shrinkage=0.127801


Tree=440
num_leaves=8
num_cat=0
split_feature=0 4 4 4 4 4 0
split_gain=0.0202214 0.051913 0.0928259 0.0102796 0.00450008 0.023748 9.27304e-05
threshold=0.20363652201438839 0.20469939382133831 -1.361438886182387 0.39263598742178535 -1.8626031357835788 -0.29646485577985376 1.9318848517137945
decision_type=2 2 2 2 2 2 2
left_child=1 2 -1 -3 6 -6 -2
right_child=4 3 -4 -5 5 -7 -8
leaf_value=6.5635116442212972e-05 -0.0068006460835753728 0.003567033252185737 -0.00054158992231773139 -4.8770053697645576e-05 0.00036737369776755684 -1.5529837679443328e-05 0.0036402426744803411
leaf_weight=573 67 269 1082 1946 872 1664 10.999999999999998
leaf_count=573 67 269 1082 1946 872 1664 11
internal_value=-0.000105982 -0.000322484 -0.000867634 0 0 0.000170011 0
internal_weight=6484 3870 1655 2215 2614 2536 78
internal_count=6484 3870 1655 2215 2614 2536 78
is_linear=0
shrinkage=0.127801


Tree=441
num_leaves=8
num_cat=0
split_feature=0 1 0 1 0 1 1
split_gain=0.0033372 0.0271324 0.0349214 0.0117929 0.0363467 0.0237489 0.00898141
threshold=0.72888870081349089 0.22195573274490646 2.226126411852507 -0.99418762411851291 0.46016188993549384 -0.047211329028630594 -0.29304897387942813
decision_type=2 2 2 2 2 2 2
left_child=3 6 -3 4 -1 -5 -2
right_child=1 2 -4 5 -6 -7 -8
leaf_value=-0.00060105125660640378 0.00050920789163456253 0.00043987435245349844 -0.0011156950202817141 0.00019954482744228877 0.00085560322817806241 -9.1518657221469603e-05 -0.0021604390501092524
leaf_weight=450 578 615 82 2102 149 2236 272
leaf_count=450 578 615 82 2102 149 2236 272
internal_value=0 0.000121951 0.00081386 -7.96902e-05 -0.000608024 0 0
internal_weight=6484 1547 697 4937 599 4338 850
internal_count=6484 1547 697 4937 599 4338 850
is_linear=0
shrinkage=0.127801


Tree=442
num_leaves=5
num_cat=0
split_feature=1 1 1 1
split_gain=0.00013511 0.00747979 0.00652902 0.00209908
threshold=1.6259211967069411 1.3322709034750566 2.1839970839513501 0.46308015499421312
decision_type=2 2 2 2
left_child=1 3 -2 -1
right_child=2 -3 -4 -5
leaf_value=1.6340034749097005e-05 -0.00018349971929204715 0.0020938976081150791 0.0015112396645446708 -0.00012481695444849247
leaf_weight=4667 470 328 115 904
leaf_count=4667 470 328 115 904
internal_value=0 0 -6.10576e-05 0
internal_weight=6484 5899 585 5571
internal_count=6484 5899 585 5571
is_linear=0
shrinkage=0.127801


Tree=443
num_leaves=7
num_cat=0
split_feature=4 0 3 3 3 3
split_gain=0.0060099 0.0302196 0.0436899 0.0168429 0.0140305 0.0044484
threshold=-0.98556569898149293 1.1331877215751258 -0.38610542428300482 -0.21615704014367562 3.8590365604492085 -0.8817449674923995
decision_type=2 2 2 2 2 2
left_child=4 3 -3 -2 5 -1
right_child=1 2 -4 -5 -6 -7
leaf_value=9.3592662299960555e-05 6.8932812192861438e-05 -0.00035634112327242833 0.001114989824471333 -0.00028791963116092385 0.028718849705249967 -8.9344353975428427e-05
leaf_weight=143 2169 196 461 2071 35 1409
leaf_count=143 2169 196 461 2071 35 1409
internal_value=0 1.25828e-05 0.000862892 0 -0.000247177 -0.000457675
internal_weight=6484 4897 657 4240 1587 1552
internal_count=6484 4897 657 4240 1587 1552
is_linear=0
shrinkage=0.127801


Tree=444
num_leaves=8
num_cat=0
split_feature=0 3 0 3 2 2 0
split_gain=0.00344632 0.0174842 0.0377246 0.0137177 0.0730851 0.035143 0.00725112
threshold=0.38740183499144254 0.71745635409959319 1.1118457513707611 0.69669929954822496 1.0000000180025095e-35 -0.75175920933033435 1.1948941912241235
decision_type=2 2 2 2 2 2 2
left_child=3 2 -2 4 -1 -5 -3
right_child=1 6 -4 5 -6 -7 -8
leaf_value=5.5180669048244341e-05 -1.3189184027570589e-05 0.002313493308700146 0.00067146622534362116 -0.0002445088415162002 -0.00027791667495613613 0.002230324855987992 -0.00094504733606375025
leaf_weight=2247 1114 156 790 244 1368 379 186
leaf_count=2247 1114 156 790 244 1368 379 186
internal_value=0 0.000135168 0.000413498 -5.96952e-05 -0.000256975 0 0
internal_weight=6484 2246 1904 4238 3615 623 342
internal_count=6484 2246 1904 4238 3615 623 342
is_linear=0
shrinkage=0.127801


Tree=445
num_leaves=8
num_cat=0
split_feature=3 0 4 1 3 1 0
split_gain=0.00690377 0.0485671 0.0812598 0.0625019 0.0321911 0.0733074 0.0331221
threshold=-0.20986505798279206 -0.8523627098596166 -1.5493754797828339 -0.63884527197159346 -0.3457588994987823 0.080798796701705658 0.086419643733506413
decision_type=2 2 2 2 2 2 2
left_child=4 3 -3 -2 6 -6 -1
right_child=1 2 -4 -5 5 -7 -8
leaf_value=-0.0001577155881937429 0.00069188825374500796 0.0025709822668887219 -8.220971916556694e-05 -0.0011460551197626384 -8.6293815678595246e-05 0.00382830100867709 0.0002442292448595583
leaf_weight=1605 118 268 2483 482 361 277 890
leaf_count=1605 118 268 2483 482 361 277 890
internal_value=0 -0.000178224 0 -0.00121767 4.40725e-05 0.000908129 0
internal_weight=6484 3351 2751 600 3133 638 2495
internal_count=6484 3351 2751 600 3133 638 2495
is_linear=0
shrinkage=0.127801


end of trees

feature_importances:
緯度=729
經度=674
建物移轉總面積平方公尺=547
house_age=435
time_index=197
建物現況格局-衛=89
建物現況格局-廳=66
電梯_無=38
移轉層次_二層=22
移轉層次_五層=13
移轉層次_三層=12
移轉層次_十一層=11
移轉層次_七層=9
移轉層次_十層=8
移轉層次_八層=7
移轉層次_六層=6
移轉層次_四層=6
移轉層次_九層=4
移轉層次_十三層=3
移轉層次_十二層=3
移轉層次_全=2
移轉層次_四層，五層=2
移轉層次_三層，陽臺=1
移轉層次_十四層=1
移轉層次_四層，陽台=1
移轉層次_四層，陽臺=1

parameters:
[boosting: gbdt]
[objective: quantile]
[metric: quantile]
[tree_learner: serial]
[device_type: cpu]
[data_sample_strategy: bagging]
[data: ]
[valid: ]
[num_iterations: 448]
[learning_rate: 0.127801]
[num_leaves: 84]
[num_threads: -1]
[seed: 42]
[deterministic: 0]
[force_col_wise: 0]
[force_row_wise: 0]
[histogram_pool_size: -1]
[max_depth: 3]
[min_data_in_leaf: 5]
[min_sum_hessian_in_leaf: 0.001]
[bagging_fraction: 0.848343]
[pos_bagging_fraction: 1]
[neg_bagging_fraction: 1]
[bagging_freq: 0]
[bagging_seed: 400]
[bagging_by_query: 0]
[feature_fraction: 0.634802]
[feature_fraction_bynode: 1]
[feature_fraction_seed: 30056]
[extra_trees: 0]
[extra_seed: 12879]
[early_stopping_round: 0]
[early_stopping_min_delta: 0]
[first_metric_only: 0]
[max_delta_step: 0]
[lambda_l1: 6.2172]
[lambda_l2: 6.93888]
[linear_lambda: 0]
[min_gain_to_split: 0]
[drop_rate: 0.1]
[max_drop: 50]
[skip_drop: 0.5]
[xgboost_dart_mode: 0]
[uniform_drop: 0]
[drop_seed: 17869]
[top_rate: 0.2]
[other_rate: 0.1]
[min_data_per_group: 100]
[max_cat_threshold: 32]
[cat_l2: 10]
[cat_smooth: 10]
[max_cat_to_onehot: 4]
[top_k: 20]
[monotone_constraints: ]
[monotone_constraints_method: basic]
[monotone_penalty: 0]
[feature_contri: ]
[forcedsplits_filename: ]
[refit_decay_rate: 0.9]
[cegb_tradeoff: 1]
[cegb_penalty_split: 0]
[cegb_penalty_feature_lazy: ]
[cegb_penalty_feature_coupled: ]
[path_smooth: 0]
[interaction_constraints: ]
[verbosity: -1]
[saved_feature_importance_type: 0]
[use_quantized_grad: 0]
[num_grad_quant_bins: 4]
[quant_train_renew_leaf: 0]
[stochastic_rounding: 1]
[linear_tree: 0]
[max_bin: 255]
[max_bin_by_feature: ]
[min_data_in_bin: 3]
[bin_construct_sample_cnt: 200000]
[data_random_seed: 175]
[is_enable_sparse: 1]
[enable_bundle: 1]
[use_missing: 1]
[zero_as_missing: 0]
[feature_pre_filter: 1]
[pre_partition: 0]
[two_round: 0]
[header: 0]
[label_column: ]
[weight_column: ]
[group_column: ]
[ignore_column: ]
[categorical_feature: ]
[forcedbins_filename: ]
[precise_float_parser: 0]
[parser_config_file: ]
[objective_seed: 16083]
[num_class: 1]
[is_unbalance: 0]
[scale_pos_weight: 1]
[sigmoid: 1]
[boost_from_average: 1]
[reg_sqrt: 0]
[alpha: 0.1]
[fair_c: 1]
[poisson_max_delta_step: 0.7]
[tweedie_variance_power: 1.5]
[lambdarank_truncation_level: 30]
[lambdarank_norm: 1]
[label_gain: ]
[lambdarank_position_bias_regularization: 0]
[eval_at: ]
[multi_error_top_k: 1]
[auc_mu_weights: ]
[num_machines: 1]
[local_listen_port: 12400]
[time_out: 120]
[machine_list_filename: ]
[machines: ]
[gpu_platform_id: -1]
[gpu_device_id: -1]
[gpu_use_dp: 0]
[num_gpu: 1]

end of parameters

pandas_categorical:[]
