tree
version=v4
num_class=1
num_tree_per_iteration=1
label_index=0
max_feature_idx=6
objective=quantile
feature_names=建物移轉總面積平方公尺 house_age count_floor time_index 建物現況格局-廳 建物現況格局-衛 電梯_無
feature_infos=[-1.4352396666631275:10.586413882570094] [-1.9746975298063605:3.1375651557629598] [-1.1319067414185264:6.6010757309205399] [-1.3719550337388238:1.6902683419264284] [-2.2333196895775567:10.63101636658115] [-1.7975173762630965:9.8724751110113083] [0:1]
tree_sizes=1394 1495 1232 1572 1467 1827 2022 2621 2179 1790 2563 2808 2607 2517 2188 1853 2723 2230 3802 2760 4063 3386 2593 2725 2350 2787 2081 2269 2884 3242 2911 2249 2416 2218 1857 2009 2321 2131 2131 2366 1962 1230 2297 2007 1145 964 1344 1751 2369 2257 2115 1502 881 3698 964 3000 2839 2131 2180 854 870 2161 3171 1647 1293 2954 1582 950 1407 1491 1580 979 2406 1743 2613 1781 1890 1135 1355 2130 1665 2372 2778 1649 2200 1513 2133 1129 519 429 1930 1410 1526 2469 1762 1849 1914 1847 1503 1351 1395 427 1305 1887 1605 2005 2520 2851 1214 1773 1901 2054 1385 1227 1562 1890 1682 878 2196 1760 1690 1316 1922 2105 2600 2427 698 592 1614 1864 2111 2129 1247 2041 1792 955 1768 1046 1480 1660 1320 506 1519 1164 701 1994 1484 1246 1494 1074 860 1293 1930 1555 1032 1591 1117 605 1744 1118 1160 1433 2003 1429 1681 2038 1510 2070 687 1058 602 766 1154 1320 1206 1756 1676 1208 528 1124 1128 2007 1622 1197 2037 2134 609 1241 869 869 1482 1129 2035 1539 592 1486 793 1033 2643 2646 1317 1383 633 2374 1067 1800 1877 1142 963 337 511 1298 1324 869 1055 1166 1814 1682 592 1350 1528 1043 1311 422 1060 1701 2195 1038 1237 944 611 1780 598 944 1486 1273 423 516 857 1585 521 869 1815 1254 1396 1052 1608 1468 1322 775 1576 933 1783 336 430 424 595 604 597 860 615 1128 699 507

Tree=0
num_leaves=15
num_cat=0
split_feature=4 6 1 2 1 2 2 1 1 2 1 1 1 1
split_gain=73.5663 65.7669 12.1314 3.03849 3.03421 2.08919 1.26606 1.01141 1.0368 0.372185 0.38896 0.390865 0.19033 0.175816
threshold=1.0000000180025095e-35 1.0000000180025095e-35 -1.0313633437786878 1.8324032063114493 -0.48362091318197514 -1.0030237002128752 -1.0030237002128752 0.30756259767994326 1.4030474588733692 0.80133887666624026 -1.2748044240438936 -1.9442673947732094 -1.9442673947732094 1.4639077289396705
decision_type=2 2 2 2 2 2 2 2 2 2 2 2 2 2
left_child=2 4 9 5 -2 -4 -3 -8 -9 12 11 -11 -1 -7
right_child=1 6 3 -5 -6 13 7 8 -10 10 -12 -13 -14 -15
leaf_value=16.756374113840675 16.833986980396016 16.741696934328306 16.699198157376937 16.753654956361814 16.775407682501335 16.663070187611929 16.736126664181842 16.71366813121881 16.749597034106561 16.703005511538702 16.723777179535826 16.767187367907123 16.720624264404179 16.684230649764768
leaf_weight=10.999999999999998 430 68 77 19 463 613 57 495 26 8.9999999999999982 28 52 126 7.9999999999999991
leaf_count=11 430 68 77 19 463 613 57 495 26 9 28 52 126 8
internal_value=16.7333 16.7519 16.7024 16.6936 16.7766 16.692 16.7189 16.7168 16.7149 16.7333 16.7371 16.7448 16.7269 16.6888
internal_weight=0 1539 943 717 893 698 646 578 521 226 89 61 137 621
internal_count=2482 1539 943 717 893 698 646 578 521 226 89 61 137 621
is_linear=0
shrinkage=1


Tree=1
num_leaves=15
num_cat=0
split_feature=0 0 0 1 0 1 0 1 1 0 1 0 1 0
split_gain=202.201 35.6301 18.8301 6.57713 1.90084 0.681478 0.415285 0.18037 0.190144 0.118553 0.0939196 0.0923683 0.0317853 0.0132502
threshold=-0.26600422866084072 0.17492289116571272 -0.57322747591295886 -0.72706199344718081 -0.097018302242438778 1.2204666486744649 0.16355641944316859 -0.78792226351348227 0.85530502827665622 -0.53794542206899221 1.5856282690722734 -0.2437969024052343 -0.11845929278416668 -0.17086751736463307
decision_type=2 2 2 2 2 2 2 2 2 2 2 2 2 2
left_child=2 4 10 9 7 -5 -6 -2 11 -4 -1 -9 -13 -10
right_child=1 -3 3 5 6 -7 -8 8 13 -11 -12 12 -14 -15
leaf_value=-0.083442999220664879 0.016524282598770108 0.086476588036641572 -6.0360073676803514e-05 -0.025891694696057857 0.016627251135552978 -0.01103291872213172 -0.0049254450168059695 0.0098088479565845137 0.0082195353093918958 0.011271920606433396 -0.07515994896810034 0.0005794973467324959 -0.0090859985860347239 -0.00062378838293188825
leaf_weight=670 46 738 20 288 335 46 9.9999999999999982 11.999999999999998 64 69 9.9999999999999982 15.999999999999998 133 25
leaf_count=670 46 738 20 288 335 46 10 12 64 69 10 16 133 25
internal_value=0 0.0361891 -0.0439249 -0.0174266 0.0102721 -0.0270942 0.0173137 0 0 0.0095881 -0.0588465 -0.00465558 -0.00590794 0.000873238
internal_weight=0 1379 1103 423 641 334 345 296 250 89 680 161 149 89
internal_count=2482 1379 1103 423 641 334 345 296 250 89 680 161 149 89
is_linear=0
shrinkage=0.139904


Tree=2
num_leaves=12
num_cat=0
split_feature=0 6 0 0 0 0 5 0 0 0 0
split_gain=167.772 32.9172 15.6873 4.57689 2.64543 0.727733 0.54588 0.406363 0.363859 0.309433 0.237028
threshold=-0.26600422866084072 1.0000000180025095e-35 -0.59195258828824826 0.17492289116571272 0.081034520694524409 -0.43663270879637334 1.0000000180025095e-35 -0.24911877644873756 0.15462092722197776 -0.41974725658427031 -0.56002134402722825
decision_type=2 2 2 2 2 2 2 2 2 2 2
left_child=2 3 -1 8 6 10 7 -3 -2 -7 -4
right_child=1 4 5 -5 -6 9 -8 -9 -10 -11 -12
leaf_value=-0.073226611864370572 0.021508719437976057 0.0092222336415566757 -0.018659194585763556 0.081232473318369386 0.021379525082113354 0.0099056891514696967 0.00090818113987977702 -0.013903221749509868 0.0065270449833633084 -0.0087946818686690381 -0.029614103153118593
leaf_weight=660 253 11.999999999999998 40 643 146 20 198 117 9.9999999999999982 231 152
leaf_count=660 253 12 40 643 146 20 198 117 10 231 152
internal_value=0 0.0340699 -0.0388847 0.0496463 0.00221402 -0.0154099 -0.00276242 -0.00985356 0.0261885 -0.00519991 -0.0239357
internal_weight=0 1379 1103 906 473 443 327 129 263 251 192
internal_count=2482 1379 1103 906 473 443 327 129 263 251 192
is_linear=0
shrinkage=0.139904


Tree=3
num_leaves=16
num_cat=0
split_feature=0 0 0 0 2 2 2 0 2 0 2 4 0 2 0
split_gain=136.867 25.7346 13.9516 6.84995 1.57186 1.15095 2.31931 0.323519 0.314166 0.289082 0.274111 0.243686 0.238125 0.2088 0.0511961
threshold=-0.10220877198857158 -0.8227642366194482 0.18451540487375581 -0.43663270879637334 1.0591049590775425 1.0000000180025095e-35 -0.74525761780157318 -0.37474128473489016 -1.0030237002128752 -0.41974725658427031 -1.0030237002128752 -1.518634353124295 -0.16311466381977643 2.0901692887227514 0.62353716238843793
decision_type=2 2 2 2 2 2 2 2 2 2 2 2 2 2 2
left_child=1 -1 8 4 -3 6 10 -7 -2 -8 -5 -11 -9 -10 -4
right_child=2 3 14 5 -6 7 9 12 13 11 -12 -13 -14 -15 -16
leaf_value=-0.094946827159035338 -0.0036305472901414174 -0.030256398020954287 0.031443549516411755 0.027861135975723064 -0.004482932381080368 -0.012382758110600058 0.0026484183827470715 0.012911031954901866 0.012087856254893344 0.0069011385518956978 0.00023153411807440307 -0.012895642117563198 0.0098586453384256097 -0.0011816966200257149 0.098077584260887321
leaf_weight=387 21 398 313 53 67 20 9.9999999999999982 59 334 12.999999999999998 91 274 18 8.9999999999999982 415
leaf_count=387 21 398 313 53 67 20 10 59 334 13 91 274 18 9 415
internal_value=0 -0.0263425 0.039592 -0.0132384 -0.0256517 -0.000795625 -0.00518061 0.0101939 0.013602 -0.0131487 0.00564088 -0.0140708 0.014271 0.014617 0.0511999
internal_weight=0 1390 1092 1003 465 538 441 97 364 297 144 287 77 343 728
internal_count=2482 1390 1092 1003 465 538 441 97 364 297 144 287 77 343 728
is_linear=0
shrinkage=0.139904


Tree=4
num_leaves=15
num_cat=0
split_feature=5 6 1 2 2 2 1 2 1 1 1 1 1 1
split_gain=42.4315 30.7763 27.0832 2.28097 2.16744 1.90101 1.48675 1.15633 0.956902 0.523981 0.427626 0.258383 0.219065 0.0031617
threshold=1.0000000180025095e-35 1.0000000180025095e-35 -0.84878253357978373 2.0901692887227514 -1.0030237002128752 -0.48749153539027096 -1.0313633437786878 -0.74525761780157318 -0.48362091318197514 1.0378858384755605 1.4639077289396705 0.7335844881440533 1.2813269187407663 0.18584205754734043
decision_type=2 2 2 2 2 2 2 2 2 2 2 2 2 2
left_child=2 8 6 4 -4 11 7 -1 -2 -7 -6 13 -13 -3
right_child=1 5 3 -5 10 9 -8 -9 -10 -11 -12 12 -14 -15
leaf_value=-0.0014300787453392059 0.071836694323685793 0.00081240686030040427 -0.012856404170675208 0.040735786574184904 -0.034216090741475219 -0.01539494203899208 0.00017433294412816757 0.012780314220967159 0.032241134844972034 0.0068467789950612343 -0.0014127265701204012 0.012612183938723249 -0.018904361561785779 -0.0053395702534279506
leaf_weight=40 339 18 85 13.999999999999998 772 172 123 250 389 29 7.9999999999999991 98 38 107
leaf_count=40 339 18 85 14 772 172 123 250 389 29 8 98 38 107
internal_value=0 0.0218623 -0.014547 -0.0286654 -0.029767 -0.00479975 0.0135141 0.0188696 0.0397841 -0.0151785 -0.032181 0.000313472 0.00595574 0
internal_weight=0 1190 1292 879 865 462 413 290 728 201 780 261 136 125
internal_count=2482 1190 1292 879 865 462 413 290 728 201 780 261 136 125
is_linear=0
shrinkage=0.139904


Tree=5
num_leaves=19
num_cat=0
split_feature=0 6 0 1 0 1 0 0 1 1 1 0 1 1 0 0 1 0
split_gain=102.193 22.3736 17.978 13.8157 5.31096 3.92681 3.75627 1.64902 1.00338 0.474678 0.372051 0.348261 0.603992 0.339279 0.0232183 0.0290429 0.019266 0.0213107
threshold=-0.26600422866084072 1.0000000180025095e-35 -0.88787506596650745 -0.84878253357978373 0.54476028611485161 0.79444475821035476 -0.50207204888685875 0.18451540487375581 1.0987461085418622 1.2204666486744649 1.0378858384755605 -0.83235675032749123 -1.8225468546406065 -0.24017983291676948 -0.23801511332093431 0.19331949279757607 0.7335844881440533 -0.23098498341161508
decision_type=2 2 2 2 2 2 2 2 2 2 2 2 2 2 2 2 2 2
left_child=2 4 -1 11 -2 7 9 16 13 -5 14 -4 -13 -8 -7 -16 17 -3
right_child=1 5 3 6 -6 10 8 -9 -10 -11 -12 12 -14 -15 15 -17 -18 -19
leaf_value=-0.096000769561232518 0.019475713314653118 -0.0065369111735674463 -0.00095066951565616362 -0.041602756540738639 0.07428802760419799 -0.01088283184403342 0.0016453505079712992 0.011387824558106463 0.00070237252311102015 -0.023710821832295132 0.029446867913289623 -0.0034886288230169351 0.0082500261912744777 -0.013285372039928365 0.0074486319509689475 -0.0011189894288367846 -0.0012163823617318337 -0.010847089903446168
leaf_weight=303 482 10.999999999999998 29 278 424 9.9999999999999982 17 61 67 37 92 21 159 192 72 17 31 179
leaf_count=303 482 11 29 278 424 10 17 61 67 37 92 21 159 192 72 17 31 179
internal_value=0 0.0282166 -0.0286785 -0.0159606 0.0410682 0.00163147 -0.0272646 -0.00681878 -0.0104198 -0.0388916 0.0180602 0.0120302 0.0142661 -0.0152639 0.000791106 0.00232571 -0.0138489 -0.0149611
internal_weight=0 1379 1103 800 906 473 591 282 276 315 191 209 180 209 99 89 221 190
internal_count=2482 1379 1103 800 906 473 591 282 276 315 191 209 180 209 99 89 221 190
is_linear=0
shrinkage=0.139904


Tree=6
num_leaves=21
num_cat=0
split_feature=0 0 1 0 6 6 1 0 0 0 0 0 0 0 1 0 0 0 0 0
split_gain=88.949 23.5836 14.4034 9.08606 3.9886 3.28611 2.25173 0.885894 0.844664 0.495701 0.339897 0.296687 0.227845 0.204618 0.154793 0.0751355 0.0933496 0.0158274 0.00931731 0.0350754
threshold=0.0075138163157561005 -0.59195258828824826 -0.54448118324827655 0.69075046049342437 1.0000000180025095e-35 1.0000000180025095e-35 0.85530502827665622 -0.059305268897118839 -0.9606073445610529 0.65126346913360333 -0.60036246331995724 -0.44464837093597093 -0.47099493255874675 -0.68091329760804464 1.2813269187407663 -0.2437969024052343 -0.027833939676895497 -0.92657363154210592 0.081034520694524409 0.35954592897119847
decision_type=2 2 2 2 2 2 2 2 2 2 2 2 2 2 2 2 2 2 2 2
left_child=1 2 8 5 12 9 7 -6 -1 -2 -4 14 -3 17 -8 -13 -17 -10 -7 -20
right_child=3 4 10 -5 6 18 11 -9 13 -11 -12 15 -14 -15 -16 16 -18 -19 19 -21
leaf_value=-0.045122967400968127 0.023410381087138183 0.00071077676855730752 -0.067032247709084919 0.07553479166786474 -0.015739298936761157 -0.0077930481980494591 -0.03234545896629535 0.0011282508650910415 0.000927789623236652 0.00252121740044694 -0.0085305308596729038 -0.00015988165859474955 0.0082350937690890066 -0.028199062924971305 0.00049526967205855432 0.009390336640226116 -0.006636728455645031 0.0048808023226384499 0.012315597108992389 -0.0015391881454012084
leaf_weight=43 362 80 452 385 228 42 45 42 9.9999999999999982 20 7.9999999999999991 99 283 31 14.999999999999998 91 7.9999999999999991 116 92 30
leaf_count=43 362 80 452 385 228 42 45 42 10 20 8 99 283 31 15 91 8 116 92 30
internal_value=0 -0.0173813 -0.037339 0.0370665 -0.00149529 0.0222759 -0.0099576 -0.018717 -0.00141793 0.0295034 -0.050924 0 0.00853854 0 -0.00852298 0.00211314 0.0047387 0.00535309 8.26469e-05 0.00119132
internal_weight=0 1551 660 931 891 546 528 270 200 382 460 258 363 157 60 198 99 126 164 122
internal_count=2482 1551 660 931 891 546 528 270 200 382 460 258 363 157 60 198 99 126 164 122
is_linear=0
shrinkage=0.139904


Tree=7
num_leaves=28
num_cat=0
split_feature=0 0 6 1 0 0 1 1 2 0 2 2 1 1 0 2 0 2 1 0 1 0 1 1 0 1 2
split_gain=72.3542 21.6868 8.53281 5.10211 8.98864 2.87403 2.26005 1.39952 1.00244 1.2111 0.956289 0.916504 0.588737 0.459336 0.441196 0.439598 0.328519 0.327739 0.316803 0.252571 0.211987 0.148067 0.104601 0.0605229 0.0439612 0.0123126 0.000226003
threshold=1.0000000180025095e-35 -0.90147541074434934 1.0000000180025095e-35 -0.84878253357978373 -0.47099493255874675 1.0481701493410556 -0.48362091318197514 1.0378858384755605 -0.74525761780157318 -0.12927805724688482 -1.0030237002128752 1.0000000180025095e-35 1.0987461085418622 0.7335844881440533 0.99501711105470714 -0.74525761780157318 -0.13703091079174162 -0.22972545297896871 0.36842286774624472 -0.086505958452802498 0.36842286774624472 -0.42901125954888714 0.97702556840925903 0.67272421807775196 0.26125551453810009 1.2204666486744649 -0.74525761780157318
decision_type=2 2 2 2 2 2 2 2 2 2 2 2 2 2 2 2 2 2 2 2 2 2 2 2 2 2 2
left_child=1 6 5 15 10 14 -1 17 13 11 -5 12 18 -6 -2 -3 -17 24 -10 21 -11 -15 -22 -19 26 -12 -4
right_child=2 3 7 4 8 -7 -8 -9 9 20 25 -13 -14 19 -16 16 -18 23 -20 -21 22 -23 -24 -25 -26 -27 -28
leaf_value=-0.021035347595934641 0.02022790882066108 -0.0053861929539620081 0.010160389439992984 -0.022768711466048246 -0.0015918856437204488 0.086405261389041518 -0.092955295382509934 0.031060598273848012 -0.0025387317662219347 -0.0081235430309366183 -0.030395706066229804 0.004545282731449842 -0.0006069879486684008 -0.0048495770154578875 0.019630092065143979 0.0068235212064505276 -0.0083471066572591256 -0.018910318555824469 -0.01202795782719566 -0.0064982534595160613 0.0058409996830695345 0.018588040907762317 -0.0025088965868077431 0.010636731289685643 0.013890505696169226 -0.017729691651397123 -0.0071942512904857332
leaf_weight=67 482 37 29 36 68 249 226 33 39 23 278 55 44 13.999999999999998 14.999999999999998 215 30 36 167 9.9999999999999982 91 89 23 7.9999999999999991 51 29 38
leaf_count=67 482 37 29 36 68 249 226 33 39 23 278 55 44 14 15 215 30 36 167 10 91 89 23 8 51 29 38
internal_value=0 -0.0163189 0.0326924 -0.0073669 -0.0125198 0.0395764 -0.0505917 0.00179872 -0.00102127 -0.00563613 -0.0305914 -0.0110201 -0.0147348 0.00564695 0.0287401 0.00730234 0.00975931 0 -0.017774 0.0111639 0.000582806 0.013444 0.00588257 -0.0111801 0 -0.0332049 0
internal_weight=0 1541 941 1248 966 746 293 195 623 442 343 305 250 181 497 282 245 162 206 113 137 103 114 44 118 307 67
internal_count=2482 1541 941 1248 966 746 293 195 623 442 343 305 250 181 497 282 245 162 206 113 137 103 114 44 118 307 67
is_linear=0
shrinkage=0.139904


Tree=8
num_leaves=23
num_cat=0
split_feature=0 0 0 6 6 2 0 2 0 0 0 2 0 5 2 2 5 4 0 0 0 2
split_gain=54.8305 15.5234 12.3913 3.43124 3.22424 3.40358 1.26681 1.47375 1.23384 0.727755 0.405423 0.356815 0.322288 0.286996 0.266621 0.247634 0.193364 0.130401 0.051246 0.0433131 0.00970982 0.0606184
threshold=-0.10220877198857158 -0.90147541074434934 1.1004690596944955 1.0000000180025095e-35 1.0000000180025095e-35 -1.0030237002128752 -0.44464837093597093 -0.48749153539027096 -0.57322747591295886 -0.14465236003922782 -0.62789166361906712 -0.48749153539027096 -0.87374910399918371 1.0000000180025095e-35 1.5746371239001469 -1.0030237002128752 1.1199807455555051 -1.518634353124295 0.31322591414811413 -0.11797728767302594 0.35954592897119847 -1.0030237002128752
decision_type=2 2 2 2 2 2 2 2 2 2 2 2 2 2 2 2 2 2 2 2 2 2
left_child=1 -1 3 15 8 10 -7 -8 12 16 -6 20 -3 17 -14 -2 -9 -10 -13 -19 21 -5
right_child=2 4 -4 11 5 6 7 9 13 -11 -12 18 14 -15 -16 -17 -18 19 -20 -21 -22 -23
leaf_value=-0.066196561826448147 0.0059591550361831119 0.0058688833784321607 0.075945406718887179 0.0085383839199173819 -0.030927678813889265 -0.036927393455568752 -0.00126247227747294 -0.016795634974732188 -0.0014638495545169364 0.00080641215297791577 0.02081356036678219 -0.0060434103869110136 -0.0092375732212222599 -0.0015503866442452077 0.0024398582573701474 0.017305210305717578 -0.013187252793927894 0.0077153387744611284 0.0072369599502384203 -0.0016503376165298933 0.014635416537245515 0.0061282842007281436
leaf_weight=293 29 28 243 20 18 147 159 105 19 21 65 108 225 61 26 542 10.999999999999998 202 22 9.9999999999999982 25 103
leaf_count=293 29 28 243 20 18 147 159 105 19 21 65 108 225 61 26 542 11 202 22 10 25 103
internal_value=0 -0.0166306 0.0250839 0.0154558 -0.00793081 -0.0157661 -0.0210021 -0.0106552 0 -0.0209401 0.00248021 0 -0.00713453 0.00565616 -0.00899104 0.0216758 -0.0250732 0.00798445 -0.00214073 0.0089951 0.00639635 0.00708662
internal_weight=0 1390 1092 849 1097 526 443 296 571 137 83 278 279 292 251 571 116 231 130 212 148 123
internal_count=2482 1390 1092 849 1097 526 443 296 571 137 83 278 279 292 251 571 116 231 130 212 148 123
is_linear=0
shrinkage=0.139904


Tree=9
num_leaves=18
num_cat=0
split_feature=0 0 0 1 0 1 5 1 5 4 0 1 0 5 0 1 0
split_gain=45.8829 16.0531 9.67005 4.64361 5.50412 1.03727 1.30036 0.700251 0.579369 0.455892 0.403563 0.284947 0.191821 0.0796369 0.0249875 0.0815851 0.0259233
threshold=0.075252731610224458 -0.9606073445610529 1.1004690596944955 -0.84878253357978373 -0.47099493255874675 0.7335844881440533 1.0000000180025095e-35 -0.24017983291676948 1.0000000180025095e-35 -1.518634353124295 -0.9407652956581144 1.5247679990059719 -0.29373053540600619 2.2869799942829454 -0.38807882091799112 1.4030474588733692 -0.31620067025635362
decision_type=2 2 2 2 2 2 2 2 2 2 2 2 2 2 2 2 2
left_child=1 -1 -2 8 7 13 14 -5 9 -3 -9 -12 -8 -6 -7 16 -16
right_child=2 3 -4 4 5 6 12 10 -10 -11 11 -13 -14 -15 15 -17 -18
leaf_value=-0.074819796584301171 0.013811789552822683 -0.0044061613558251224 0.065320341459389655 -0.00440196944279186 -0.0047135363098426246 0.00088802082856814769 0.004715439283312528 -0.00058479606881517887 -0.0066889460057822162 0.0057689874187667025 -0.024473135721583193 -0.004028471041612294 0.012687525553114493 0.0014593135528097605 0.0001328064463226494 0.022137681888903638 -0.0036507951133389195
leaf_weight=211 617 31 243 53 347 45 32 11.999999999999998 25 262 331 7.9999999999999991 96 10.999999999999998 30 9.9999999999999982 118
leaf_count=211 617 31 243 53 347 45 32 12 25 262 331 8 96 11 30 10 118
internal_value=0 -0.0113431 0.0284062 -0.00518861 -0.00986686 -0.000924469 0.00314328 -0.0228234 0.00821446 0.0105287 -0.0252231 -0.0260971 0.0145788 -0.00693207 -0.000399918 -0.00177816 -0.00369412
internal_weight=0 1622 860 1411 1093 689 331 404 318 293 351 339 128 358 203 158 148
internal_count=2482 1622 860 1411 1093 689 331 404 318 293 351 339 128 358 203 158 148
is_linear=0
shrinkage=0.139904


Tree=10
num_leaves=27
num_cat=0
split_feature=0 0 0 1 0 4 4 2 0 1 1 2 2 2 1 1 0 1 0 0 1 0 1 2 2 1
split_gain=37.7412 13.3441 6.88869 4.32852 4.55209 0.536707 0.593084 0.452076 0.398873 1.19651 1.16089 0.522106 0.376361 0.463586 0.769534 0.299436 0.25454 0.242149 0.228863 0.173739 0.135586 0.119009 0.0640973 0.0570317 0.477866 0.0262643
threshold=0.075252731610224458 -1.0072558701275633 1.1937004086788314 -0.84878253357978373 -0.36909089994796074 1.0000000180025095e-35 -1.518634353124295 -0.74525761780157318 -0.65923158854191988 0.7335844881440533 0.36842286774624472 0.80133887666624026 -0.74525761780157318 1.0000000180025095e-35 0.064121517414737511 1.0378858384755605 -0.62789166361906712 0.7335844881440533 -0.13703091079174162 -0.086505958452802498 0.064121517414737511 -0.25641171495279774 -0.36190037304937234 -0.48749153539027096 1.0000000180025095e-35 -0.057599022717865239
decision_type=2 2 2 2 2 2 2 2 2 2 2 2 2 2 2 2 2 2 2 2 2 2 2 2 2 2
left_child=1 -1 -2 5 8 6 -3 -8 10 11 22 16 17 15 -15 20 -10 -6 -9 21 -14 -19 -5 -11 -25 -24
right_child=2 3 -4 4 12 -7 7 18 9 23 -12 -13 13 14 -16 -17 -18 19 -20 -21 -22 -23 25 24 -26 -27
leaf_value=-0.092230380702460729 0.011879465114922449 -0.0060022689327073426 0.060588454759920522 0.0068836811111792663 -0.0011091049694102262 -0.0014925000638883414 -0.00026169190853890338 0.0067280127844543671 -0.0037861163633145564 0.0028380123740823185 -0.032980366192904696 -0.00079283036383796378 0.0091532987184057557 -0.0088264646409399634 0.022502789112401857 0.00034668800032065366 -0.021140707284853538 0.0037445978419724749 -0.0040519896793971147 -0.0035016659742114964 -0.0044459615987406395 0.01964480472244234 -0.012933280676328526 -0.024649379137030372 0.0072587371828007818 -0.0012512160533306839
leaf_weight=160 635 32 225 20 75 77 31 178 12.999999999999998 116 173 29 21 24 49 63 70 30 15.999999999999998 14.999999999999998 255 42 45 33 13.999999999999998 41
leaf_count=160 635 32 225 20 75 77 31 178 13 116 173 29 21 24 49 63 70 30 16 15 255 42 45 33 14 41
internal_value=0 -0.0097116 0.0263092 -0.00477047 -0.00925461 0.00782939 0.0109041 0.0136105 -0.0182198 -0.00822672 -0.0247251 -0.0188787 0 -0.00270292 0.00104719 -0.00589848 -0.0241657 0.00504121 0.0160537 0.00979141 -0.00795078 0.0125249 -0.00259411 0 -0.00412392 -0.00464923
internal_weight=0 1622 860 1462 1128 334 257 225 554 275 279 112 574 412 73 339 83 162 194 87 276 72 106 163 47 86
internal_count=2482 1622 860 1462 1128 334 257 225 554 275 279 112 574 412 73 339 83 162 194 87 276 72 106 163 47 86
is_linear=0
shrinkage=0.139904


Tree=11
num_leaves=29
num_cat=0
split_feature=1 6 2 2 3 5 5 1 5 1 5 1 1 1 1 2 2 1 1 5 2 3 1 3 2 1 1 5
split_gain=17.1718 4.85967 3.62612 1.58135 1.40409 0.997212 0.927533 0.840801 0.747863 0.817269 0.556694 0.422124 0.353232 0.271291 0.244489 0.142689 0.119626 0.106082 0.0800598 0.0834962 0.00375254 0.025057 0.140527 0.101103 0.211418 0.195381 0.000983359 0.000272432
threshold=-0.72706199344718081 1.0000000180025095e-35 -0.48749153539027096 -0.22972545297896871 -0.86158447112794823 1.0000000180025095e-35 1.0000000180025095e-35 -1.2748044240438936 1.0000000180025095e-35 0.49014340787884753 3.4539792430103859 0.85530502827665622 0.7335844881440533 1.2813269187407663 1.5247679990059719 -0.48749153539027096 -1.0030237002128752 0.064121517414737511 -0.48362091318197514 -1.214017751899376 0.80133887666624026 1.0000000180025095e-35 0.7335844881440533 1.1798977793155532 0.54357279425493799 0.91616529834295768 0.67272421807775196 1.1199807455555051
decision_type=2 2 2 2 2 2 2 2 2 2 2 2 2 2 2 2 2 2 2 2 2 2 2 2 2 2 2 2
left_child=3 4 6 7 11 -5 14 16 20 15 17 18 27 -14 -3 -10 -1 -4 -2 -20 21 22 -6 24 25 -23 -22 -8
right_child=1 2 10 5 8 -7 12 -9 9 -11 -12 -13 13 -15 -16 -17 -18 -19 19 -21 26 23 -24 -25 -26 -27 -28 -29
leaf_value=0.0025224192745539986 0.006184948642004042 -0.0093964217251830684 -0.0027166503040428006 0.0057867369655473016 -0.017709243102971933 0.035796009487790117 -0.005006358003794377 -0.0014377952415660226 -0.0065791742618309052 0.025478429705201443 0.0072816928098769019 0.022261683152007234 0.0088747459159213889 -0.0010523511413360481 0.023456209730189338 0.010868386989603917 0.0091386707434877486 -0.014483559665864469 0.0014151863238163567 -0.0085701830255939197 0.0074647114994031436 0.0067131433659505836 0.0074427705770030534 -0.010977593441336243 -0.014634670357808457 -0.0089267855778916733 -0.00077044241439235624 0.00020515693757853872
leaf_weight=9.9999999999999982 15.999999999999998 274 8.9999999999999982 282 71 204 113 137 59 128 12.999999999999998 28 98 38 8.9999999999999982 141 103 331 13.999999999999998 149 69 66 24 42 11.999999999999998 9.9999999999999982 20 11.999999999999998
leaf_count=10 16 274 9 282 71 204 113 137 59 128 13 28 98 38 9 141 103 331 14 149 69 66 24 42 12 10 20 12
internal_value=0 -0.00487549 -0.0121601 0.0203462 0.00189538 0.025836 -0.00307082 0.00603566 0.00583928 0.0104728 -0.02353 -0.00626745 0.000313472 0.0069319 -0.00896381 6.82957e-05 0.0146521 -0.0246121 -0.00946195 -0.0103508 0 0 -0.00218934 0 0.00455169 0.00856542 0.000873238 -0.00063566
internal_weight=0 1746 897 736 849 486 544 250 642 328 353 207 261 136 283 200 113 340 179 163 314 225 95 130 88 76 89 125
internal_count=2482 1746 897 736 849 486 544 250 642 328 353 207 261 136 283 200 113 340 179 163 314 225 95 130 88 76 89 125
is_linear=0
shrinkage=0.139904


Tree=12
num_leaves=27
num_cat=0
split_feature=0 0 0 1 0 1 1 0 6 0 4 1 3 4 0 6 0 1 6 1 1 1 0 0 0 1
split_gain=23.527 11.8437 6.61756 2.02785 3.60242 2.03527 1.12131 1.08391 1.03748 0.855563 0.672724 0.506598 0.371059 0.323084 0.394293 0.205987 0.105526 0.0899524 0.562148 0.0886564 0.0501059 0.0408782 0.0283171 0.0324413 0.0205595 0.00741923
threshold=1.0000000180025095e-35 -1.0255210674620565 1.2593368552153728 -0.84878253357978373 -0.65923158854191988 0.36842286774624472 1.0987461085418622 -0.23801511332093431 1.0000000180025095e-35 -0.54839206370994331 1.0000000180025095e-35 0.7335844881440533 1.0000000180025095e-35 -1.518634353124295 -0.13703091079174162 1.0000000180025095e-35 -0.95068632010958376 0.30756259767994326 1.0000000180025095e-35 -0.97050307371238664 1.0378858384755605 -1.5182455043090994 -0.086505958452802498 -0.61941608643867285 -0.76205545123429907 -0.11845929278416668
decision_type=2 2 2 2 2 2 2 2 2 2 2 2 2 2 2 2 2 2 2 2 2 2 2 2 2 2
left_child=1 -1 8 10 5 12 7 9 -2 -6 13 25 16 -3 -15 -11 -5 -9 -19 21 -13 -12 23 -8 -14 -10
right_child=2 3 -4 4 6 -7 22 17 11 15 19 20 24 14 -16 -17 -18 18 -20 -21 -22 -23 -24 -25 -26 -27
leaf_value=-0.089281248919376902 0.010551713996842375 -0.0037595680292811543 0.050192889435368371 -0.0029150272714764699 0.0006768174187216045 -0.028219053320187884 0.008098382268298579 -0.0072284962783000124 0.0025334829981661067 -0.003431922489994352 0.00091633362028054369 0.0051163090446759048 0.0075765228196408704 0.0049062992709261897 -0.017051120705107382 -0.010079745383423872 -0.015948965965075151 0.019809354598448705 -0.00073723537762610902 0.0071289775479365988 0.028736166556578121 -0.017836706733820117 0.00029332901556295289 0.0062076264372588983 -0.00034104574902323921 -0.0086906040201966284
leaf_weight=130 539 33 216 15.999999999999998 70 187 9.9999999999999982 42 7.9999999999999991 97 18 41 38 213 13.999999999999998 174 48 52 198 8.9999999999999982 30 39 9.9999999999999982 130 12.999999999999998 107
leaf_count=130 539 33 216 16 70 187 10 42 8 97 18 41 38 213 14 174 48 52 198 9 30 39 10 130 13 107
internal_value=0 -0.00909018 0.0188248 -0.00459677 -0.00776178 -0.0208513 -0.0015226 -0.00493815 0.0106222 -0.0102828 0.0034003 0 0 0.0079033 0.00991194 -0.0138743 -0.0100066 0 0.0022298 -0.00210121 0.0100054 -0.00565786 0.00720432 0.00769334 0.00144221 -0.00411886
internal_weight=0 1541 941 1411 1085 302 783 633 725 341 326 186 115 260 227 271 64 292 250 66 71 57 150 140 51 115
internal_count=2482 1541 941 1411 1085 302 783 633 725 341 326 186 115 260 227 271 64 292 250 66 71 57 150 140 51 115
is_linear=0
shrinkage=0.139904


Tree=13
num_leaves=26
num_cat=0
split_feature=0 0 0 6 0 1 1 5 4 1 6 1 5 0 0 0 4 0 0 4 0 0 1 4 1
split_gain=17.6732 9.25651 6.10532 2.05621 2.76606 1.53333 1.4759 1.0941 1.04508 1.02986 1.16366 0.944457 0.654923 0.34701 0.344369 0.259165 0.240471 0.343236 0.21286 0.176193 0.158179 0.11961 0.112418 0.0577165 0.00101342
threshold=-0.04025164577840324 -1.0255210674620565 1.549674650255388 1.0000000180025095e-35 -0.67000674092629697 1.0378858384755605 -0.90964280364608519 1.0000000180025095e-35 -1.518634353124295 0.7335844881440533 1.0000000180025095e-35 0.064121517414737511 1.0000000180025095e-35 -0.08164399945009583 -0.54839206370994331 -0.98859645990095923 1.0000000180025095e-35 -0.29878960085476863 -0.059305268897118839 -1.518634353124295 -0.98859645990095923 -0.54839206370994331 -1.2139441539775919 1.3401069926887506 -0.11845929278416668
decision_type=2 2 2 2 2 2 2 2 2 2 2 2 2 2 2 2 2 2 2 2 2 2 2 2 2
left_child=1 6 9 7 15 18 -1 8 14 10 -2 -4 -7 20 22 -5 -9 -18 19 -6 -10 -21 -3 -23 -12
right_child=2 3 11 4 5 12 -8 16 13 -11 24 -13 -14 -15 -16 -17 17 -19 -20 21 -22 23 -24 -25 -26
leaf_value=-0.0088269788693085462 0.006610202571741869 -0.0031082148537422104 0.051330044397567082 -0.0072120764016560829 0.004006607449724248 -0.00043770422792426981 -0.09269879485375869 6.9118463733645354e-05 -0.0055450674471165182 0.023244625234095623 0.0021790386235511338 0.022405115560311273 0.019094114739056478 -0.0081926500070376822 0.0052707710679214433 -0.04322808837082006 -0.052487958962340132 -0.00037256326657380076 0.0043939025214815583 -7.2338612494519659e-05 0.0034611014099157149 -0.0066476145188607587 -0.032449776144906357 0.0032757850232915347 -0.0054762872121230334
leaf_weight=17 538 11.999999999999998 143 8.9999999999999982 17 124 113 21 31 153 7.9999999999999991 19 45 13.999999999999998 18 88 46 40 13.999999999999998 18 509 296 50 7.9999999999999991 131
leaf_count=17 538 12 143 9 17 124 113 21 31 153 8 19 45 14 18 88 46 40 14 18 509 296 50 8 131
internal_value=0 -0.00767122 0.0162541 -0.00348923 -0.00951601 -0.00346276 -0.0428931 0.000486314 0.00373062 0.00987494 0.00564285 0.0422231 0.00444434 0.00675472 -0.00657087 -0.0316514 -0.010526 -0.0136443 -0.00955206 -0.0103422 0.00769435 -0.0110885 -0.0123135 -0.0117296 -0.00153098
internal_weight=0 1490 992 1360 619 522 130 741 634 830 677 162 169 554 80 97 107 86 353 339 540 322 62 304 139
internal_count=2482 1490 992 1360 619 522 130 741 634 830 677 162 169 554 80 97 107 86 353 339 540 322 62 304 139
is_linear=0
shrinkage=0.139904


Tree=14
num_leaves=23
num_cat=0
split_feature=0 0 0 2 0 2 0 2 0 5 2 2 0 5 0 4 0 0 2 0 2 0
split_gain=14.0249 6.47731 5.73122 1.60925 0.931408 0.65945 0.356293 0.241088 0.19497 0.183708 0.139295 0.124748 0.0967055 0.0819144 0.205517 0.321486 0.155972 0.0759886 0.0389607 0.0284855 0.0185949 0.0147475
threshold=-0.28709461838879841 1.4971129313072067 -1.0992388782868801 1.0000000180025095e-35 -0.43663270879637334 -0.22972545297896871 1.0000000180025095e-35 -0.48749153539027096 -0.12927805724688482 1.1199807455555051 1.0000000180025095e-35 -0.22972545297896871 0.022033991175191055 1.0000000180025095e-35 -1.0072558701275633 -1.518634353124295 -0.43663270879637334 1.1004690596944955 -0.22972545297896871 -0.24911877644873756 -0.48749153539027096 -0.059305268897118839
decision_type=2 2 2 2 2 2 2 2 2 2 2 2 2 2 2 2 2 2 2 2 2 2
left_child=2 6 -1 4 9 20 7 8 -2 -4 11 12 -8 14 -5 -16 -17 -14 19 -9 -3 -21
right_child=1 5 3 13 -6 -7 10 18 -10 -11 -12 -13 17 -15 15 16 -18 -19 -20 21 -22 -23
leaf_value=-0.11668018290642919 0.010555849521848871 0.019914161889194513 -0.010379381176092167 -0.0079176430854058927 -0.0013275319419978158 0.04937333805746804 -0.0031825773082565681 0.0014076243287738984 -2.8819898830970624e-05 -0.0034227288523176707 0.01012627881989394 -9.7447320508598778e-05 0.00444609053544798 -0.018499730684119 -0.013118364963061369 0.003347266070358193 -0.00061494936730235612 -0.001636016265049468 0.0027636040559627611 -0.0050184101527829175 -0.00094164616122567038 -0.00076840212308280584
leaf_weight=80 121 42 450 41 170 118 18 12.999999999999998 98 18 309 113 309 32 35 209 37 21 144 75 10.999999999999998 18
leaf_count=80 121 42 450 41 170 118 18 13 98 18 309 113 309 32 35 209 37 21 144 75 11 18
internal_value=0 0.010572 -0.0105125 -0.00645413 -0.010645 0.0365616 0.00612918 0.000764021 0.00469881 -0.0138636 0.0082974 0.00346569 0.00476473 0 0.0017423 0.00417362 0.00668325 0.00543373 0 -0.00259411 0.00139439 -0.00362755
internal_weight=0 1410 1072 992 638 171 1239 469 219 468 770 461 348 354 322 281 246 330 250 106 53 93
internal_count=2482 1410 1072 992 638 171 1239 469 219 468 770 461 348 354 322 281 246 330 250 106 53 93
is_linear=0
shrinkage=0.139904


Tree=15
num_leaves=19
num_cat=0
split_feature=6 1 5 3 5 1 1 1 1 1 1 1 1 3 4 1 1 5
split_gain=7.08384 3.39783 1.02433 0.602149 0.614011 0.585685 0.487474 0.412046 0.348411 0.229783 0.595895 0.297325 0.10379 0.0955353 0.0729607 0.132904 0.0293472 0.0185627
threshold=1.0000000180025095e-35 -1.5182455043090994 1.0000000180025095e-35 1.0000000180025095e-35 -1.214017751899376 1.0378858384755605 1.5247679990059719 -1.2139441539775919 1.2813269187407663 -0.72706199344718081 -1.1530838839112907 0.49014340787884753 1.0987461085418622 -0.86158447112794823 -1.518634353124295 0.7335844881440533 -1.2748044240438936 -1.214017751899376
decision_type=2 2 2 2 2 2 2 2 2 2 2 2 2 2 2 2 2 2
left_child=1 -1 6 9 -5 14 -2 -6 12 10 16 17 -7 -13 -4 -16 -3 -11
right_child=2 3 5 4 7 8 -8 -9 -10 11 -12 13 -14 -15 15 -17 -18 -19
leaf_value=0.016609552803352537 -0.011526862217416833 0.0023521857484875047 0.0011094109443453653 -0.022655171989024867 -0.00096794292230637782 0.0038279202702351783 0.033346129395291732 0.0059476422075682503 -0.0022891236216030356 0.00029403120503355615 0.0056583519833049026 -0.0062050185808700427 0.024123267957922651 0.0091776449602940929 -0.0058765905918918048 -0.00068893525371148336 -0.019328796694335973 -0.003377990040097029
leaf_weight=242 428 84 23 29 60 9.9999999999999982 9.9999999999999982 481 51 15.999999999999998 172 91 38 121 236 104 34 252
leaf_count=242 428 84 23 29 60 10 10 481 51 16 172 91 38 121 236 104 34 252
internal_value=0 0.00731519 -0.00803372 0.0037487 0.00729452 -0.00122256 -0.0132267 0.00882849 0.0047387 1.82153e-05 0.00381201 -0.000603231 0.0129007 0.000702455 -0.00513842 -0.00568009 0 -0.00462477
internal_weight=0 1582 900 1340 570 462 438 541 99 770 290 480 48 212 363 340 118 268
internal_count=2482 1582 900 1340 570 462 438 541 99 770 290 480 48 212 363 340 118 268
is_linear=0
shrinkage=0.139904


Tree=16
num_leaves=29
num_cat=0
split_feature=0 0 1 6 1 2 0 0 2 0 6 2 0 0 0 0 0 0 0 0 2 0 1 1 0 0 0 1
split_gain=12.2805 6.66774 4.60885 1.09843 1.07399 1.18928 1.03272 0.652648 0.412763 0.392029 0.320039 0.676295 0.209606 0.197016 0.146622 0.0578476 0.0413579 0.0305428 0.135417 0.0293472 0.0682425 0.191158 0.182856 0.0536078 0.0227425 0.00847665 0.0069083 0.000349329
threshold=-0.61941608643867285 0.75967201446422683 -0.24017983291676948 1.0000000180025095e-35 0.7335844881440533 0.80133887666624026 -0.68091329760804464 -0.26600422866084072 0.80133887666624026 0.30343629399401534 1.0000000180025095e-35 -0.48749153539027096 -0.56554032451678737 0.31322591414811413 2.0994045283046758 -0.54839206370994331 -0.50207204888685875 -0.87374910399918371 -1.0992388782868801 0.62353716238843793 -0.74525761780157318 -0.41337414816180323 -1.8834071247069077 0.67272421807775196 -0.091236513158138785 2.0013112203176338 -0.77394754014632505 -0.78792226351348227
decision_type=2 2 2 2 2 2 2 2 2 2 2 2 2 2 2 2 2 2 2 2 2 2 2 2 2 2 2 2
left_child=2 4 17 14 5 10 8 15 -4 12 19 -12 -7 -13 25 -6 -17 18 -1 20 24 27 -23 -24 -2 -3 -10 -22
right_child=1 3 6 -5 7 9 -8 -9 26 -11 11 13 -14 -15 -16 16 -18 -19 -20 -21 21 22 23 -25 -26 -27 -28 -29
leaf_value=-0.051717956623109011 0.0018197470502467809 0.013564135850143258 -0.035034892806330216 -0.0033690984456503769 0.0054324249191616313 -0.0015090948214222574 -0.0011540306441785771 0.0089458948238583021 -0.0099007909585173363 -0.0055213342972312684 0.0013628232576846 -0.0090933611602388824 0.010163036659948065 0.0040100691285024689 0.060856770644567466 -0.019400482828886727 0.00024014984111567361 -0.0023389903410387671 0.0039332656188519792 -0.0071192149557968397 0.0015412787883999763 -0.0041507752051684966 0.0054991751446296835 -0.0071564616447398772 -0.0072259613044887358 0.02013316992426098 0.023107504511873159 -0.034044604903980862
leaf_weight=12.999999999999998 43 239 296 22 37 12.999999999999998 42 291 45 40 151 137 144 10.999999999999998 85 22 154 124 100 34 40 14.999999999999998 288 8.9999999999999982 46 8.9999999999999982 9.9999999999999982 22
leaf_count=13 43 239 296 22 37 13 42 291 45 40 151 137 144 11 85 22 154 124 100 34 40 15 288 9 46 9 10 22
internal_value=0 0.0072311 -0.015169 0.0245585 0.00247395 0 -0.0243242 0.00768885 -0.0267849 0.00931311 -0.00262998 -0.00621199 0.0124316 -0.0127015 0.0265572 0 0 0 0.00186181 0 0 0.0018716 0.00398751 0.00533337 0 0.0164941 0 0
internal_weight=0 1852 630 355 1497 993 393 504 351 197 796 299 157 148 333 213 176 237 113 497 463 374 312 297 89 248 55 62
internal_count=2482 1852 630 355 1497 993 393 504 351 197 796 299 157 148 333 213 176 237 113 497 463 374 312 297 89 248 55 62
is_linear=0
shrinkage=0.139904


Tree=17
num_leaves=23
num_cat=0
split_feature=0 0 0 5 2 3 2 0 5 0 0 0 2 3 0 2 2 0 0 0 2 2
split_gain=9.47515 7.46076 1.67996 1.20225 0.887315 0.233623 0.229066 0.165025 0.267756 0.138019 0.111201 0.173144 0.103221 0.100714 0.0260764 0.0680542 0.0705854 0.024153 0.0236829 0.0161641 0.00018515 0.0265719
threshold=-1.0992388782868801 1.2593368552153728 -0.47099493255874675 1.0000000180025095e-35 -0.22972545297896871 1.0000000180025095e-35 -0.22972545297896871 -0.60036246331995724 1.1199807455555051 -0.2437969024052343 -0.69129423710031046 -1.0465457550413289 1.5746371239001469 1.1798977793155532 -0.40450435808929774 -0.48749153539027096 1.3168710414888449 -0.27369138005701216 -0.49458200393674295 1.1527022678992505 1.0000000180025095e-35 -1.0030237002128752
decision_type=2 2 2 2 2 2 2 2 2 2 2 2 2 2 2 2 2 2 2 2 2 2
left_child=-1 2 3 5 -3 6 18 8 -5 14 11 -7 13 -13 -4 -16 17 -17 -2 -11 21 -12
right_child=1 4 9 7 -6 10 -8 -9 -10 19 20 12 -14 -15 15 16 -18 -19 -20 -21 -22 -23
leaf_value=-0.093841984804270404 -0.0098344840626770121 0.0098251415694606357 0.0054881477279941759 -0.051031419366291811 0.031801624629592087 -0.01399989792726662 -3.5967137442040177e-06 -0.0036342048082809125 -0.0060695912898631457 0.0024238432214957559 0.019267753137596634 0.0052058799328378305 -0.0029081626679063359 0.0053014980548679053 0.0011721588491881581 -0.006118733906754434 0.0007146907838517702 -0.00061805977946987538 0.00031050718194214133 0.0026895822228648111 0.0019804451142883457 -0.013302382958230358
leaf_weight=80 156 64 91 74 152 12.999999999999998 191 22 9.9999999999999982 1105 9.9999999999999982 111 7.9999999999999991 51 117 96 20 18 7.9999999999999991 18 29 38
leaf_count=80 156 64 91 74 152 13 191 22 10 1105 10 111 8 51 117 96 20 18 8 18 29 38
internal_value=0 0.00319961 0.000325387 -0.00472567 0.0276281 -0.000809587 -0.00370734 -0.0186437 -0.0216031 0.00338292 5.29668e-05 0.00338232 0.00560276 0.00669374 0 0 -0.00307011 -0.0047294 -0.00743222 0.00415894 0 -0.000255945
internal_weight=0 2402 2186 721 216 615 355 106 84 1465 260 183 170 162 342 251 134 114 164 1123 77 48
internal_count=2482 2402 2186 721 216 615 355 106 84 1465 260 183 170 162 342 251 134 114 164 1123 77 48
is_linear=0
shrinkage=0.139904


Tree=18
num_leaves=41
num_cat=0
split_feature=0 0 0 1 1 1 1 0 0 1 0 3 3 0 2 0 0 2 0 3 0 0 2 2 1 2 1 0 1 0 2 0 1 1 1 0 1 1 0 0
split_gain=7.84975 4.83217 1.71298 1.47093 1.25486 1.05762 0.886912 0.541807 0.498136 0.556286 0.564219 0.413086 0.669566 0.412475 0.369338 0.243717 0.219385 0.217444 0.448848 0.158971 0.117807 0.106405 0.105421 0.102023 0.287718 0.106022 0.261372 0.0903565 0.0879359 0.0627252 0.049409 0.0586673 0.06422 0.0297709 0.0119207 0.00755161 0.210052 0.275994 0.00300404 4.40378e-05
threshold=-1.0992388782868801 1.9115620852136144 -0.28709461838879841 0.30756259767994326 0.30756259767994326 0.7335844881440533 -1.3965249641764965 0.10054805885403652 -0.77900660559508761 0.91616529834295768 -1.01349757425266 1.1798977793155532 1.0000000180025095e-35 -0.36909089994796074 1.0000000180025095e-35 0.14870773384030736 0.22150571458353818 -0.48749153539027096 -0.63794409236790661 1.0000000180025095e-35 -0.62789166361906712 -0.2437969024052343 -0.22972545297896871 -0.48749153539027096 -1.2748044240438936 0.54357279425493799 -1.3356646941101948 -0.53091529215967304 -0.17931956285046807 -0.86527352681878966 1.5746371239001469 -0.38807882091799112 -1.4573852342427978 1.4030474588733692 -0.48362091318197514 0.052059873124339608 -1.2139441539775919 -0.48362091318197514 -0.11495498883350559 -0.023497597863670595
decision_type=2 2 2 2 2 2 2 2 2 2 2 2 2 2 2 2 2 2 2 2 2 2 2 2 2 2 2 2 2 2 2 2 2 2 2 2 2 2 2 2
left_child=-1 2 3 19 6 13 7 -4 9 -7 -11 12 16 29 15 -8 38 20 -19 23 -10 -14 -20 24 -2 26 -25 -28 -26 -5 31 32 -21 -22 -27 39 -37 -38 -6 -16
right_child=1 -3 4 5 11 8 14 -9 17 10 -12 -13 21 -15 35 -17 -18 18 22 30 33 -23 -24 25 28 34 27 -29 -30 -31 -32 -33 -34 -35 -36 36 37 -39 -40 -41
leaf_value=-0.080713116901609289 0.0052664602541631139 0.045566402566605234 -0.0016432838780748641 -0.0079125759670385949 0.0016582487305459462 0.0031390974141164681 -0.00094531271187776942 0.014819225664194996 -0.004393361755480686 0.0021008960528297259 -0.028890234304713755 -0.00083961045751606547 0.0062516764397033816 -0.0016048614868377355 -0.0079422948073305591 -0.0040988105210965796 0.016552791406175008 0.0096867253921960762 -0.014445934861403165 0.00077960591602635617 0.0060482905481278378 0.011713365247251585 -0.00055129628636117485 -0.011950144600272383 -0.028399236153556044 0.0016617309808420421 0.007479822998662288 0.0023758284854644399 0.00062098189528468411 -0.024758413450929263 -0.00058424058987823781 -0.0040131674147173002 0.0070633852254675493 0.0017516987640014698 -0.0068871153165504751 -0.0054321000659329601 0.010495139067088198 -0.0032011275193294404 -0.0012181387245122374 0.0041394885159657356
leaf_weight=80 11.999999999999998 108 50 43 113 31 77 126 32 13.999999999999998 54 87 14.999999999999998 34 32 161 105 22 45 32 129 206 23 21 37 63 74 20 9.9999999999999982 91 17 14.999999999999998 136 13.999999999999998 23 21 81 56 164 7.9999999999999991
leaf_count=80 12 108 50 43 113 31 77 126 32 14 54 87 15 34 32 161 105 22 45 32 129 206 23 21 37 63 74 20 10 91 17 15 136 14 23 21 81 56 164 8
internal_value=0 0.00232859 0.000553289 -0.00337415 0.00417805 -0.00858671 0 0.00770888 -0.00154523 -0.0100022 -0.0169049 0.00824616 0.00953625 -0.0184345 -0.00381892 -0.00747148 0.0029112 0 -0.00302059 0.000928422 0.00429808 0.0169127 -0.0113326 0 -0.00548724 0 0.00411886 0.00842454 -0.0118504 -0.0218796 0.00411721 0.00485251 0.00566668 0.00614375 0 0 0.000931903 0.00542978 0 -0.000299215
internal_weight=0 2402 2294 992 1302 532 612 176 364 99 68 690 603 168 436 238 382 265 90 460 175 221 68 260 59 201 115 94 47 134 200 183 168 143 86 198 158 137 277 40
internal_count=2482 2402 2294 992 1302 532 612 176 364 99 68 690 603 168 436 238 382 265 90 460 175 221 68 260 59 201 115 94 47 134 200 183 168 143 86 198 158 137 277 40
is_linear=0
shrinkage=0.139904


Tree=19
num_leaves=29
num_cat=0
split_feature=0 0 0 6 6 5 6 0 0 0 5 0 0 3 3 3 0 0 3 0 0 5 0 0 0 0 0 0
split_gain=6.6565 4.04306 0.938589 0.710998 0.382116 0.534684 0.344719 0.179749 0.345393 0.268548 0.0509501 0.0225065 0.128095 0.0161539 0.0393207 0.0330649 0.0126361 0.010163 0.00579328 0.0997791 0.143721 0.117928 0.0426317 0.00513999 0.00186006 0.00223238 0.00157381 5.46931e-05
threshold=-1.0992388782868801 1.2593368552153728 -0.47099493255874675 1.0000000180025095e-35 1.0000000180025095e-35 1.0000000180025095e-35 1.0000000180025095e-35 -1.01349757425266 -0.68091329760804464 -0.54839206370994331 1.0000000180025095e-35 -0.027833939676895497 0.47406477412954812 1.0000000180025095e-35 1.1798977793155532 -0.86158447112794823 -0.60036246331995724 0.78831815129098548 1.0000000180025095e-35 -0.69129423710031046 -1.0465457550413289 -1.214017751899376 -0.77394754014632505 1.0183413738379625 -0.70082104865966821 -0.86527352681878966 0.52564096084745082 -0.63794409236790661
decision_type=2 2 2 2 2 2 2 2 2 2 2 2 2 2 2 2 2 2 2 2 2 2 2 2 2 2 2 2
left_child=-1 2 3 10 5 -4 -3 -5 -9 27 18 -7 -13 15 -15 -6 -12 26 24 20 -20 -22 -23 -19 25 -2 -14 -10
right_child=1 6 4 7 13 11 -8 8 9 -11 16 12 17 14 -16 -17 -18 23 19 -21 21 22 -24 -25 -26 -27 -28 -29
leaf_value=-0.069421029974595941 0.0002155023788047983 0.020602396015159251 0.0038591711460107267 0.00028532302035758734 0.00058287544166044038 -0.0025127316073493937 -0.0072787249255707375 -0.030785360282335431 -0.0067390425765479515 -0.014409646295046551 -0.060066980421661205 0.0086780566823806277 -0.0024535665201222247 0.0016285438588254724 -0.0047254594706107227 -0.0037520438180264569 0.00064738126143917081 0.013115019945547911 -0.016283181656116114 -0.0010082043690114316 -0.010611322970333646 0.0077314786238295661 0.0042477126692293411 -0.0010076062176716898 0.0016087523227349336 -0.0053402644995147889 -0.003404020192305077 0.0075643398104366004
leaf_weight=80 106 207 328 14.999999999999998 154 71 8.9999999999999982 90 15.999999999999998 41 33 201 15.999999999999998 214 72 206 9.9999999999999982 63 9.9999999999999982 50 11.999999999999998 99 31 44 87 81 96 40
leaf_count=80 106 207 328 15 154 71 9 90 16 41 33 201 16 214 72 206 10 63 10 50 12 99 31 44 87 81 96 40
internal_value=0 0.00215439 0 -0.00376522 0.00233767 0.00433453 0.0201105 -0.0107616 -0.0119523 0 0 0 0.00101533 0 0.000525237 -0.0008003 -0.00445172 0 0 0.000736014 0.00360138 0.00571643 0.00723478 0 0 -0.000432846 -0.00129117 0.000223609
internal_weight=0 2402 2186 721 1465 819 216 202 187 97 519 491 420 646 286 360 43 219 476 202 152 142 130 107 274 187 112 56
internal_count=2482 2402 2186 721 1465 819 216 202 187 97 519 491 420 646 286 360 43 219 476 202 152 142 130 107 274 187 112 56
is_linear=0
shrinkage=0.139904


Tree=20
num_leaves=43
num_cat=0
split_feature=0 0 1 1 0 0 5 0 1 1 1 1 0 1 1 3 0 1 1 5 0 0 0 0 0 3 0 3 1 4 0 0 3 0 0 0 0 0 0 0 0 0
split_gain=5.03336 3.86872 1.93185 1.2958 1.89149 0.978906 0.440484 0.981767 1.23564 0.831325 0.435695 0.355828 0.316099 0.308764 0.538463 0.328911 0.30833 0.359098 0.206453 0.183365 0.180066 0.188991 0.159598 0.132948 0.180279 0.361518 0.129803 0.128125 0.111304 0.0784672 0.0754652 0.0722469 0.172707 0.0688931 0.0579169 0.0580169 0.0532499 0.0335527 0.0403038 0.00711514 6.2715e-05 0.0307427
threshold=-1.1355721665098104 2.7210782591642872 -1.5182455043090994 0.7335844881440533 0.016055095644835603 0.99501711105470714 1.0000000180025095e-35 -0.43663270879637334 -0.97050307371238664 0.42928313781254618 -1.4573852342427978 -0.17931956285046807 -0.77900660559508761 -0.72706199344718081 0.30756259767994326 1.1798977793155532 -1.0604089084139114 0.91616529834295768 1.0378858384755605 1.1199807455555051 0.15462092722197776 -0.84148934899473771 -0.81192338208638593 1.0000000180025095e-35 -0.87374910399918371 -0.86158447112794823 -0.06843786756436529 1.1798977793155532 -0.4227606431156738 -1.518634353124295 -0.28709461838879841 0.28162318063052022 -0.86158447112794823 1.0183413738379625 -0.059305268897118839 -0.73097833490618702 0.3448943498143931 0.14870773384030736 -0.91632409634721046 0.16355641944316859 -0.3951089508273104 -0.059305268897118839
decision_type=2 2 2 2 2 2 2 2 2 2 2 2 2 2 2 2 2 2 2 2 2 2 2 2 2 2 2 2 2 2 2 2 2 2 2 2 2 2 2 2 2 2
left_child=-1 2 5 6 12 31 9 -8 10 11 -9 23 16 36 15 -15 -5 -18 40 39 21 -11 -19 24 -4 -26 -20 29 -25 -6 -23 32 -2 -16 35 -34 -10 38 -13 -12 -14 -42
right_child=1 -3 3 4 27 -7 7 8 13 20 19 37 18 14 33 -17 17 22 26 -21 -22 30 -24 28 25 -27 -28 -29 -30 -31 -32 -33 34 -35 -36 -37 -38 -39 -40 -41 41 -43
leaf_value=-0.082637328119654366 -0.0066427106769425199 0.070949351063474747 0.0021005929840800202 0.0079629161535389303 0.0063246582190900034 0.025177026606665941 -0.04076899028024885 0.0058015627631513569 -0.0095901379795938976 -0.0042341825014398961 -0.0078649925136809237 0.0042222513960774944 0.002064181545398783 -0.0047943879838527066 0.0026627170249958945 0.0097131446636701726 0.0026600073392299222 -0.022694652537261824 0.0041438292757227145 0.0016737495131704892 0.030590539435420755 -0.014698996892088615 -0.011707527849320113 0.010492134639650116 0.0013015440490555237 -0.005129288392700145 -0.0031442653120607351 0.0080240071986680539 -0.00086586043011442756 0.016433444215409578 -0.00054123957797597643 -0.0029270195979155902 0.0021940024891844603 -0.013306815841587182 0.0044706813827298658 0.010685063121969811 0.023085058736262473 0.0073953748046406828 0.0071266741450942998 -0.0098718685678981684 -0.0033639154150215105 0.015349432372931729
leaf_weight=60 24 53 93 13.999999999999998 10.999999999999998 64 57 13.999999999999998 7.9999999999999991 39 13.999999999999998 25 94 182 295 24 29 52 191 9.9999999999999982 7.9999999999999991 69 9.9999999999999982 59 62 183 8.9999999999999982 14.999999999999998 13.999999999999998 110 53 41 27 15.999999999999998 20 51 33 9.9999999999999982 94 89 136 20
leaf_count=60 24 53 93 14 11 64 57 14 8 39 14 25 94 182 295 24 29 52 191 10 8 69 10 59 62 183 9 15 14 110 53 41 27 16 20 51 33 10 94 89 136 20
internal_value=0 0.00115762 0 -0.00104806 0.00332594 0.0123002 -0.00370321 -0.00618025 -0.00315269 0 -0.0152081 0.00155957 0 0 -0.00122773 -0.00728059 -0.00697671 -0.010816 0.00125464 -0.0181404 -0.00920512 -0.0104738 -0.0163499 0 -0.00166157 -0.00421463 0.00479202 0.0176696 0.00453081 0.01919 -0.0130915 0.000493839 0.00335499 0.000264234 0.00677623 0.00836464 0.0104266 0.00780099 0.00841855 -0.0197847 0 -8.66952e-05
internal_weight=0 2422 2369 2142 691 227 1451 742 685 709 127 540 555 558 517 206 105 91 450 113 169 161 62 411 338 245 200 136 73 121 122 163 122 311 98 78 41 129 119 103 250 156
internal_count=2482 2422 2369 2142 691 227 1451 742 685 709 127 540 555 558 517 206 105 91 450 113 169 161 62 411 338 245 200 136 73 121 122 163 122 311 98 78 41 129 119 103 250 156
is_linear=0
shrinkage=0.139904


Tree=21
num_leaves=36
num_cat=0
split_feature=0 0 1 0 1 0 0 1 5 1 1 0 0 1 1 0 3 1 0 1 1 1 0 3 0 3 0 0 0 0 5 0 0 0 0
split_gain=4.04116 3.08187 1.22305 0.983429 0.697442 1.38413 0.43731 0.467518 0.267026 0.476892 0.41781 0.3853 0.186816 0.15283 0.145423 0.107161 0.0702627 0.0623956 0.0864975 0.051273 0.784718 0.0487158 0.0203856 0.017765 0.0949562 0.0184484 0.00603252 0.0401461 0.0353507 0.0176367 0.0035325 0.109189 0.00329273 7.04832e-05 4.95656e-05
threshold=2.7210782591642872 -1.1773587330736142 -1.5182455043090994 1.0799042871560198 0.7335844881440533 0.016055095644835603 -0.8227642366194482 0.85530502827665622 1.0000000180025095e-35 0.36842286774624472 0.6118639480114505 -0.86527352681878966 -0.21442804194293807 -1.4573852342427978 1.0378858384755605 -0.06843786756436529 1.1798977793155532 -1.4573852342427978 -1.0255210674620565 -0.97050307371238664 -0.72706199344718081 0.42928313781254618 -0.76593187800672735 -0.86158447112794823 -0.059305268897118839 1.1798977793155532 -0.21442804194293807 1.0183413738379625 0.10054805885403652 -0.91008239222211385 1.0000000180025095e-35 -0.059305268897118839 -0.73097833490618702 -0.18019722247793515 -0.45424088464401396
decision_type=2 2 2 2 2 2 2 2 2 2 2 2 2 2 2 2 2 2 2 2 2 2 2 2 2 2 2 2 2 2 2 2 2 2 2
left_child=1 -1 3 23 8 6 7 -6 10 13 17 -12 -13 -10 30 22 -7 -4 -19 -15 -21 -20 -16 -3 25 32 29 28 -28 -11 33 -32 -25 34 -8
right_child=-2 2 4 -5 5 16 14 -9 9 26 11 12 -14 19 15 -17 -18 18 21 20 -22 -23 -24 24 -26 -27 27 -29 -30 -31 31 -33 -34 -35 -36
leaf_value=-0.097799807424575488 0.061023253913731555 -0.0046846788667774643 -0.01787065243980053 0.021882387545702837 0.0039442481010714932 0.013710606097636999 1.9621882261248397e-05 -0.01500132457399307 0.0049899009967761211 0.0049667927930031981 0.0085364753508608351 -0.018718685214910161 -0.010326345366114514 -0.0073676105710938355 0.0014199699541417338 -0.0027043700560189293 0.006901416592970301 -0.0064351725847609205 0.0015613318577100686 0.014578510601881466 -0.0052212691829957225 -0.00015377991493743169 0.0035640910350448717 0.0018870527915765391 -0.0018826965713294155 0.0015812758817695205 0.00061420504015374322 -0.0075526755390093875 0.0079042821868224415 -0.010404599561286565 -0.002673825193766079 0.013590355380903514 0.010605051740897724 -0.0069418927831384038 0.005246383736840823
leaf_weight=40 53 35 25 55 22 121 60 77 13.999999999999998 8.9999999999999982 12.999999999999998 37 19 118 13.999999999999998 8.9999999999999982 14.999999999999998 38 492 41 273 93 185 23 59 11.999999999999998 112 13.999999999999998 120 44 78 17 43 24 78
leaf_count=40 53 35 25 55 22 121 60 77 14 9 13 37 19 118 14 9 15 38 492 41 273 93 185 23 59 12 112 14 120 44 78 17 43 24 78
internal_value=0 -0.000321645 3.51001e-05 0.00991194 -0.000651448 0.00239355 0 -0.00868629 -0.00267571 -0.00457492 0 -0.0102676 -0.0156897 -0.00743812 0.0010667 0.00396424 0.0147412 0.000448585 0.00146518 -0.00799361 -0.00265648 0.00226777 0.00515429 0 0.0015522 0.00508516 0 5.58941e-05 0.00181293 -0.00139439 0 -0.000822032 0.00591742 0 9.74336e-05
internal_weight=0 2429 2389 227 2162 700 564 99 1462 745 717 69 56 446 465 208 136 648 623 432 314 585 199 172 137 78 299 246 232 53 257 95 66 162 138
internal_count=2482 2429 2389 227 2162 700 564 99 1462 745 717 69 56 446 465 208 136 648 623 432 314 585 199 172 137 78 299 246 232 53 257 95 66 162 138
is_linear=0
shrinkage=0.139904


Tree=22
num_leaves=28
num_cat=0
split_feature=0 0 0 1 1 6 1 1 0 0 1 0 0 1 1 0 5 0 0 1 0 0 0 0 0 0 0
split_gain=4.16138 2.41251 0.888202 1.22843 0.695585 0.619462 0.849673 0.432784 0.659814 0.38082 0.193292 0.281605 0.169009 0.135351 0.446994 0.0643772 0.047615 0.0425758 0.0505433 0.131282 0.0223979 0.0191509 0.016801 0.293473 0.00359163 0.000105246 0.0344971
threshold=0.78831815129098548 -1.1773587330736142 2.7210782591642872 -1.4573852342427978 -1.1530838839112907 1.0000000180025095e-35 1.0378858384755605 -0.11845929278416668 -0.33315182461714199 -0.26600422866084072 -0.84878253357978373 -0.77900660559508761 0.47406477412954812 -0.30104010298307088 0.6118639480114505 -0.9407652956581144 1.0000000180025095e-35 0.65126346913360333 -0.72053169326523603 -1.8834071247069077 -0.63794409236790661 -0.67000674092629697 -0.43663270879637334 -0.35273106492533945 -1.0604089084139114 -0.91008239222211385 -0.74241050877741643
decision_type=2 2 2 2 2 2 2 2 2 2 2 2 2 2 2 2 2 2 2 2 2 2 2 2 2 2 2
left_child=1 -1 3 -2 -5 7 12 10 25 21 17 -12 15 -6 -15 -7 -11 18 -3 -20 -21 24 -17 -24 -8 -9 -27
right_child=2 5 -4 4 13 6 9 8 -10 16 11 -13 -14 14 -16 22 -18 -19 19 20 -22 -23 23 -25 -26 26 -28
leaf_value=-0.084117224354097547 0.017031220288660567 -0.0010774519940963145 0.052485857339107128 -0.010493688328296254 0.0054675537357282951 -0.0050139967065957807 -0.0016076412676502008 -0.0046741363708976049 0.010563223802305151 0.0009824434901515018 0.0024105309348004178 -0.0040681431344810649 0.021712852672359687 -0.0048591719032949872 0.029614252269645414 -0.016844755467243774 0.016452309624437465 -0.0022541211253714203 -0.0016429459849666222 7.3071047991061407e-05 0.0018574026347557553 0.001434718592146008 0.0032030644826838931 -0.0035681436557480815 -0.013122347466534746 0.0068234851059928081 -0.0016816087535587679
leaf_weight=40 81 142 53 45 80 24 9.9999999999999982 90 281 47 53 168 8.9999999999999982 55 31 106 41 27 39 26 256 113 38 418 46 67 96
leaf_count=40 81 142 53 45 80 24 10 90 281 47 53 168 9 55 31 106 41 27 39 26 256 113 38 418 46 67 96
internal_value=0 -0.0013441 0.0149312 0.00752578 0 -0.000239423 -0.00343544 0.00129604 0.00441979 0.000847512 0 -0.0040449 -0.00664334 0.00573206 0 -0.00709781 0.00895483 0.000309786 0.0013687 0.00238678 0.00391742 0 -0.00739702 -0.00365407 -0.00243305 0 0
internal_weight=0 2137 345 292 211 2097 852 1245 534 257 711 221 595 166 86 586 88 490 463 321 282 169 562 456 56 253 163
internal_count=2482 2137 345 292 211 2097 852 1245 534 257 711 221 595 166 86 586 88 490 463 321 282 169 562 456 56 253 163
is_linear=0
shrinkage=0.139904


Tree=23
num_leaves=29
num_cat=0
split_feature=0 0 0 0 4 1 1 1 6 0 0 1 0 1 0 1 0 0 4 5 0 0 0 0 1 1 0 0
split_gain=3.00892 1.6618 0.535246 0.434853 0.460117 0.216961 0.244653 0.211733 0.211314 0.172758 0.16863 0.348852 0.558886 0.161458 0.143382 0.121364 0.190087 0.105687 0.0860283 0.0762711 0.0373597 0.0230237 0.0520656 0.0674896 0.031425 0.0529141 0.0220343 0.0200732
threshold=0.54476028611485161 -1.1355721665098104 2.7210782591642872 -0.61941608643867285 1.0000000180025095e-35 0.18584205754734043 1.2204666486744649 1.0987461085418622 1.0000000180025095e-35 1.6766769036639302 0.28950743847274729 -0.24017983291676948 -0.23801511332093431 -1.5182455043090994 -0.70082104865966821 0.55100367794514904 -0.54839206370994331 -0.90147541074434934 1.3401069926887506 1.0000000180025095e-35 -0.65923158854191988 -0.26219350403709757 0.052059873124339608 0.14870773384030736 -0.84878253357978373 -1.1530838839112907 -1.0465457550413289 -1.0072558701275633
decision_type=2 2 2 2 2 2 2 2 2 2 2 2 2 2 2 2 2 2 2 2 2 2 2 2 2 2 2 2
left_child=1 -1 9 4 5 17 20 8 10 18 11 21 -13 -11 27 -10 -17 26 -2 -9 -7 24 -23 -24 25 -5 -3 -6
right_child=2 3 -4 7 14 6 -8 19 15 13 -12 12 -14 -15 -16 16 -18 -19 -20 -21 -22 22 23 -25 -26 -27 -28 -29
leaf_value=-0.052178174978706693 0.0047026211642702109 -0.0010966269503899823 0.045142876591200955 -4.5697700064050139e-05 -0.016936966696013599 -0.0092766477571341582 0.013887174058524052 0.00055875119405050344 5.5193947412965291e-05 0.017859246374125046 -0.001976752755157656 -0.0011784605186061193 0.010437921129942915 -0.006586976680485049 -0.0011372073201224588 0.012404010745251055 -0.0038841037267287339 -0.00030118553701423601 -0.001525869276807836 0.012325358972270708 0.00038377334347168313 -0.0053072669184269184 0.020816782368710773 -0.0037994189163470054 -0.0003179782924662273 0.0065940246607986315 0.0072087952617050279 -0.023745743617670647
leaf_weight=60 302 18 53 62 10.999999999999998 162 27 108 183 28 120 95 173 63 27 13.999999999999998 344 150 8.9999999999999982 57 13.999999999999998 95 35 45 26 40 87 74
leaf_count=60 302 18 53 62 11 162 27 108 183 28 120 95 173 63 27 14 344 150 9 57 14 95 35 45 26 40 87 74
internal_value=0 -0.00127924 0.011076 -0.000113464 -0.00365952 0 -0.00439107 0.000757262 0 0.00618691 0.00172319 0.00304841 0.00665736 0 -0.0118437 -0.00193945 -0.00348541 0.000853973 0.00773584 0.00535939 -0.00694571 0 -0.00122869 0 0.0011385 0.00268903 0.00448557 -0.0145497
internal_weight=0 2027 455 1967 570 458 203 1397 1232 402 691 571 268 91 112 541 358 255 311 165 176 303 175 80 128 102 105 85
internal_count=2482 2027 455 1967 570 458 203 1397 1232 402 691 571 268 91 112 541 358 255 311 165 176 303 175 80 128 102 105 85
is_linear=0
shrinkage=0.139904


Tree=24
num_leaves=25
num_cat=0
split_feature=0 0 2 0 3 3 2 2 0 0 2 0 0 0 2 6 0 2 0 0 0 0 2 2
split_gain=1.86413 1.44243 0.585846 0.768251 0.39874 0.21693 0.165177 0.139609 0.303911 0.171938 0.170171 0.132795 0.114138 0.105506 0.0919341 0.0819758 0.0616466 0.0944527 0.0358719 0.171032 0.0435046 0.031563 0.00219965 0.0144142
threshold=2.7210782591642872 -1.1509464693021534 1.5746371239001469 -0.61941608643867285 1.0000000180025095e-35 1.1798977793155532 0.28580671184363571 -0.48749153539027096 0.18451540487375581 0.18451540487375581 0.54357279425493799 -0.84654841444350015 1.4407404877352825 -1.0604089084139114 -1.0030237002128752 1.0000000180025095e-35 -0.64569694591276339 -0.22972545297896871 -0.12421899179812244 0.66552083539829743 -0.83235675032749123 -0.28709461838879841 -0.74525761780157318 1.3168710414888449
decision_type=2 2 2 2 2 2 2 2 2 2 2 2 2 2 2 2 2 2 2 2 2 2 2 2
left_child=1 -1 4 -4 6 7 13 8 11 16 12 -6 -11 -3 -15 22 -9 21 20 -20 -8 -18 -7 -24
right_child=-2 2 3 -5 5 15 18 9 -10 10 -12 -13 -14 14 -16 -17 17 -19 19 -21 -22 -23 23 -25
leaf_value=-0.05098003340837156 0.038827208132694184 0.0041053856483162293 -0.0018024488033662322 0.0089776143389130123 0.0011591589726242431 -0.010584575950283255 0.0045436951732092572 0.0014930753022448639 -0.00052252365205470179 0.013328893889337952 -0.0017726803536814507 0.0065010177820452337 -0.0017156167300416538 4.7472094064064591e-05 -0.0013994941828329968 -0.0081124208871587878 -0.021526758675062839 9.6470352943911079e-05 0.0081671177105251732 -0.0048875992401100216 -0.0050890683851658207 -0.0019863597859175919 0.0055699046153504864 -0.01956687455314083
leaf_weight=50 53 22 36 151 34 23 44 88 71 76 36 186 10.999999999999998 95 854 110 27 104 74 42 94 44 147 9.9999999999999982
leaf_count=50 53 22 36 151 34 23 44 88 71 76 36 186 11 95 854 110 27 104 74 42 94 44 147 10
internal_value=0 -0.000149372 3.52472e-05 0.00763248 -0.000260887 0.00137865 -0.0022253 0.0029851 0.00544063 0 0.00493955 0.0080631 0.00830813 -0.00308906 -0.00345271 0 -0.0008287 -0.00276339 0 0.00238376 -9.74336e-05 -0.0064328 0 0.000511871
internal_weight=0 2429 2379 187 2192 967 1225 677 291 386 123 220 87 971 949 290 263 175 254 116 138 71 180 157
internal_count=2482 2429 2379 187 2192 967 1225 677 291 386 123 220 87 971 949 290 263 175 254 116 138 71 180 157
is_linear=0
shrinkage=0.139904


Tree=25
num_leaves=29
num_cat=0
split_feature=1 0 0 1 0 2 2 0 2 2 0 0 0 0 2 5 4 2 0 2 0 2 2 0 0 0 0 5
split_gain=1.73599 1.48293 1.16744 0.490807 0.461527 0.374634 0.219499 0.363977 0.234774 0.180372 0.177754 0.13672 0.143267 0.0757602 0.143423 0.24753 0.2215 0.221492 0.0461874 0.0697751 0.0305006 0.0798448 0.161459 0.0566849 0.0240098 0.0150022 0.0287923 0.0035773
threshold=-1.5182455043090994 -1.1773587330736142 1.1527022678992505 0.7335844881440533 -0.8227642366194482 -0.74525761780157318 -0.74525761780157318 0.26125551453810009 -0.48749153539027096 -0.22972545297896871 -1.0604089084139114 -0.9407652956581144 2.4948657612410532 2.0994045283046758 -0.48749153539027096 1.0000000180025095e-35 -1.518634353124295 1.8324032063114493 0.52564096084745082 0.80133887666624026 -0.70082104865966821 1.0000000180025095e-35 -0.48749153539027096 -0.10680792239653754 0.17492289116571272 -0.83235675032749123 0.97037880529774745 1.1199807455555051
decision_type=2 2 2 2 2 2 2 2 2 2 2 2 2 2 2 2 2 2 2 2 2 2 2 2 2 2 2 2
left_child=2 -2 18 5 10 11 -6 20 -9 -4 -5 -3 27 14 25 -16 -17 -18 19 -1 -8 22 -22 -24 -21 -7 -27 -13
right_child=1 3 9 4 6 13 7 8 -10 -11 -12 12 -14 -15 15 16 17 -19 -20 24 21 -23 23 -25 -26 26 -28 -29
leaf_value=0.00017273645603635695 -0.058759463223479275 0.0075499362074431609 0.0034279531957086161 0.0035310258244203368 0.0079030840464058231 -0.0035614955934160876 0.013021423319645205 -0.0024416536676229576 0.018282292362197517 0.027908761402472507 -0.013419570334368865 -0.0069024815952241766 0.017287696468409157 0.012989285499711553 1.8399580444305523e-05 0.01084278181707002 -0.0037103204471064153 0.0025773715320644092 -0.0038526800925531247 0.010427321614427451 0.0006875272995606629 0.0057124993985909912 -0.0081495342868440051 -0.00030867093739868183 -0.00033483732362131371 0.0030582791990625261 -0.0026463833362238634 -0.00044942050938186624
leaf_weight=88 39 11.999999999999998 8.9999999999999982 23 203 31 29 19 45 55 76 223 7.9999999999999991 48 525 13.999999999999998 425 32 39 41 124 31 106 47 9.9999999999999982 147 15.999999999999998 17
leaf_count=88 39 12 9 23 203 31 29 19 45 55 76 223 8 48 525 14 425 32 39 41 124 31 106 47 10 147 16 17
internal_value=0 -0.00100236 0.0112796 -0.000101441 0.00248192 -0.0018682 0.00460027 0.000205993 0.0100066 0.0276611 -0.00210697 -0.00685659 -0.0077268 -0.000123714 -0.000946606 -0.00196628 -0.0042707 -0.0053034 7.64033e-05 0.00248713 0 -0.00137597 -0.00275615 -0.00576054 0.00623993 7.03312e-05 0.00131525 -0.00854242
internal_weight=0 2240 242 2201 703 1498 604 401 64 64 99 260 248 1238 1190 996 471 457 178 139 337 308 277 153 51 194 163 240
internal_count=2482 2240 242 2201 703 1498 604 401 64 64 99 260 248 1238 1190 996 471 457 178 139 337 308 277 153 51 194 163 240
is_linear=0
shrinkage=0.139904


Tree=26
num_leaves=22
num_cat=0
split_feature=1 1 2 2 3 1 5 4 1 3 1 3 3 1 3 5 1 1 5 2 2
split_gain=1.42669 0.178744 0.131897 0.131294 0.521529 0.618964 0.329455 0.116723 0.100507 0.222002 0.088346 0.0714271 0.0879706 0.0404865 0.0538921 0.0869215 0.0193761 0.0124604 0.00935801 0.00568465 0.107756
threshold=-1.5182455043090994 0.7335844881440533 -0.22972545297896871 0.28580671184363571 1.0000000180025095e-35 -0.84878253357978373 1.1199807455555051 1.0000000180025095e-35 -0.97050307371238664 1.0000000180025095e-35 -0.54448118324827655 1.1798977793155532 -0.86158447112794823 -0.4227606431156738 1.1798977793155532 1.1199807455555051 -1.3965249641764965 0.18584205754734043 1.0000000180025095e-35 -0.22972545297896871 -0.74525761780157318
decision_type=2 2 2 2 2 2 2 2 2 2 2 2 2 2 2 2 2 2 2 2 2
left_child=2 3 -1 4 5 -2 -7 19 11 10 -10 12 -5 16 15 -15 -6 -12 -9 20 -3
right_child=1 7 -4 8 13 6 -8 18 9 -11 17 -13 -14 14 -16 -17 -18 -19 -20 -21 -22
leaf_value=0.0016342242101660056 0.00021417715106670086 0.0018766879560791424 0.0073182097582422355 0.00012964022652456033 0.0061375695670725424 -0.0053758215249878095 0.0017379686002180572 0.00085475537267461709 0.012550438821933187 -0.0018672599709530617 -0.0016044693104411598 0.0065600361261213139 -0.003912364324872953 0.0031768187647618629 -0.0033563975305619144 -0.003100511801483294 -0.0043675569400964129 0.0094016343614165363 0.0039707682851945116 0.0030370212303530409 -0.0077445736493922755
leaf_weight=66 150 99 176 45 14.999999999999998 369 35 206 38 144 69 19 99 198 96 19 125 90 251 66 107
leaf_count=66 150 99 176 45 15 369 35 206 38 144 69 19 99 198 96 19 125 90 251 66 107
internal_value=0 -0.000193061 0.0107185 -0.00134541 -0.00228978 -0.00525928 -0.00819762 0.00106425 0 0.00184809 0.00520475 -0.00213667 -0.00379177 0 0.00157287 0.00286967 0 0 0.00259162 0 -0.000722213
internal_weight=0 2240 242 1511 1007 554 404 729 504 341 197 163 144 453 313 217 140 159 457 272 206
internal_count=2482 2240 242 1511 1007 554 404 729 504 341 197 163 144 453 313 217 140 159 457 272 206
is_linear=0
shrinkage=0.139904


Tree=27
num_leaves=24
num_cat=0
split_feature=0 4 0 2 5 0 3 0 2 2 2 2 2 0 0 0 2 0 2 0 0 0 0
split_gain=1.45965 0.958582 1.65042 0.686247 0.28689 0.198826 0.482833 0.228386 0.179036 0.161251 0.0899946 0.109375 0.0697252 0.0632531 0.0712467 0.0485356 0.0382201 0.287719 0.19033 0.119283 0.190084 0.000289989 0.000135987
threshold=-0.8227642366194482 -1.518634353124295 -0.21442804194293807 1.0000000180025095e-35 3.4539792430103859 0.54476028611485161 -0.86158447112794823 0.14870773384030736 1.0591049590775425 -0.48749153539027096 -0.48749153539027096 0.54357279425493799 1.5746371239001469 -0.13703091079174162 -0.61941608643867285 0.31322591414811413 0.80133887666624026 -0.65923158854191988 2.6057014535453562 0.11795912825562151 -0.75587944925788786 -0.79595775995587592 0.38884908728480966
decision_type=2 2 2 2 2 2 2 2 2 2 2 2 2 2 2 2 2 2 2 2 2 2 2
left_child=3 2 -2 -1 -4 7 -7 9 15 13 -8 -12 -13 14 -3 -9 19 21 -19 20 -11 -18 -17
right_child=1 5 4 -5 -6 6 10 8 -10 16 11 12 -14 -15 -16 22 17 18 -20 -21 -22 -23 -24
leaf_value=-0.010856938674391216 -0.0010466778502620918 0.00074907145567426018 0.024999298862218137 8.3457871377574165e-05 0.00081801009549253769 -0.0018153444655637373 0.00022449384522411908 -0.0070319025127786794 0.0066370769875929254 0.0043097852904640304 0.0071385701612651994 -0.0045671977759230908 0.012016422204544434 3.8693074767236084e-06 0.0038151194113531812 0.0033344407695300193 0.0028669896674388524 0.0040774535333849664 -0.0060466169038471745 0.0076296403328901486 -0.0019225502377831166 -0.008512537887396825 -0.0038522786125731426
leaf_weight=236 59 76 57 151 10.999999999999998 94 89 141 41 40 120 65 56 155 303 54 7.9999999999999991 126 10.999999999999998 24 469 28 68
leaf_count=236 59 76 57 151 11 94 89 141 41 40 120 65 56 155 303 54 8 126 11 24 469 28 68
internal_value=0 0.00216953 0.0141665 -0.00695445 0.0280495 0.000927905 0.00360081 0 -0.0031912 0.00102082 0.00667798 0.00822632 0 0.0028691 0.00383917 -0.00496908 0 0.00124231 0.00639917 -0.000932451 -0.00233061 0 0
internal_weight=0 2095 127 387 68 1968 424 1544 304 1240 330 241 121 534 379 263 706 173 137 533 509 36 122
internal_count=2482 2095 127 387 68 1968 424 1544 304 1240 330 241 121 534 379 263 706 173 137 533 509 36 122
is_linear=0
shrinkage=0.139904


Tree=28
num_leaves=31
num_cat=0
split_feature=0 0 1 0 5 0 1 2 1 0 1 2 0 2 0 2 1 1 5 2 0 1 0 1 0 2 2 0 2 1
split_gain=1.16491 0.553009 0.474614 0.404174 0.217509 0.743218 0.323378 0.199158 0.136341 0.113524 0.135744 0.246103 0.115491 0.106044 0.10317 0.197922 0.182498 0.244551 0.0992592 0.0864077 0.0694303 0.224052 0.0529887 0.0418757 0.030406 0.0242103 0.0170028 0.0110995 0.00941541 0.00338365
threshold=-1.2165172136900091 2.4948657612410532 0.7335844881440533 -0.8227642366194482 1.0000000180025095e-35 -0.45424088464401396 0.42928313781254618 0.80133887666624026 -1.2139441539775919 1.0000000180025095e-35 -0.17931956285046807 0.54357279425493799 -0.3621264721873268 -0.48749153539027096 0.62353716238843793 1.5746371239001469 -1.7008263145080036 0.6118639480114505 3.4539792430103859 -0.48749153539027096 -0.84148934899473771 0.49014340787884753 -1.0604089084139114 -0.4227606431156738 -0.54839206370994331 -0.74525761780157318 -1.0030237002128752 -1.0992388782868801 1.8324032063114493 -0.97050307371238664
decision_type=2 2 2 2 2 2 2 2 2 2 2 2 2 2 2 2 2 2 2 2 2 2 2 2 2 2 2 2 2 2
left_child=-1 2 4 22 6 27 9 20 -3 10 12 -12 13 24 25 16 -16 -18 -5 -14 -8 -22 -4 -11 -2 26 -7 -6 -15 -27
right_child=1 8 3 18 5 14 7 -9 -10 23 11 -13 19 28 15 -17 17 -19 -20 -21 21 -23 -24 -25 -26 29 -28 -29 -30 -31
leaf_value=-0.091246192012302427 -0.0065280583406829313 0.05721656376425923 0.002193536794766316 0.0026679382634773371 -0.027701867428358853 0.0030094549828808283 0.001464266778229476 0.0082878977140661714 0.0017155669863720615 0.0080552325874320707 0.0086947906457804699 -0.00090122841236980542 5.4159728946726556e-05 0.0011530926994664722 0.0029730030738579073 0.0026334423670680948 -0.0021098403433675692 0.018626685319327652 -0.0098646555002215881 -0.0048010486847123906 0.0013092638642219741 -0.009943647244619316 -0.0097489646117600633 3.9082721284971742e-05 0.0063548186126421904 0.00026797420194208722 -0.0082328438107661418 -0.028348768557302794 3.0998954098435711e-05 0.0014898577579994202
leaf_weight=30 77 29 29 589 8.9999999999999982 33 28 43 33 95 90 26 29 218 35 60 194 9.9999999999999982 11.999999999999998 76 20 82 76 29 14.999999999999998 46 64 53 20 332
leaf_count=30 77 29 29 589 9 33 28 43 33 95 90 26 29 218 35 60 194 10 12 76 20 82 76 29 15 46 64 53 20 332
internal_value=0 0.00131416 0.000589491 0.00374633 -0.000256528 -0.00217344 0.00067083 -0.00279403 0.0143317 0.00278881 0.00015065 0.0046527 0 4.19753e-05 0 -0.0025582 -0.00488526 -0.00668745 0.0054279 -0.00448557 -0.00621597 -0.00780804 0 0.00756533 0 0.000174388 0 -0.0163499 0.00290916 0.001126
internal_weight=0 2452 2390 706 1684 836 848 173 62 675 551 116 435 330 774 299 239 204 601 105 130 102 105 124 92 475 97 62 238 378
internal_count=2482 2452 2390 706 1684 836 848 173 62 675 551 116 435 330 774 299 239 204 601 105 130 102 105 124 92 475 97 62 238 378
is_linear=0
shrinkage=0.139904


Tree=29
num_leaves=35
num_cat=0
split_feature=0 0 3 2 0 5 5 2 3 2 0 0 0 0 0 0 0 0 0 0 0 0 0 0 0 0 0 2 0 0 2 0 0 0
split_gain=0.756314 0.662856 0.260571 0.297252 0.425425 0.253448 0.269785 0.315596 0.105521 0.140845 0.205465 0.153969 0.111751 0.0953633 0.0715654 0.380355 0.151885 0.117963 0.0501181 0.0363385 0.116372 0.0506912 0.0297068 0.213711 0.123406 0.0517466 0.0285449 0.0100891 0.00982032 0.00943214 0.00906702 0.00430021 0.00114744 0.000152147
threshold=-1.2165172136900091 2.7210782591642872 1.0000000180025095e-35 0.28580671184363571 -0.12421899179812244 1.0000000180025095e-35 1.1199807455555051 -1.0030237002128752 1.1798977793155532 -0.48749153539027096 -0.9606073445610529 0.18451540487375581 -0.23801511332093431 -0.90147541074434934 -0.076847742596074228 -0.61034918992011156 -0.95068632010958376 2.0013112203176338 -0.11029013627685444 -0.34359846625809298 -0.56554032451678737 -0.83235675032749123 -0.45424088464401396 -0.54839206370994331 -0.20858055070995304 0.036094250993829506 1.6766769036639302 -0.48749153539027096 0.14870773384030736 0.28162318063052022 1.8324032063114493 0.1214413421359385 0.66552083539829743 0.82846216413765872
decision_type=2 2 2 2 2 2 2 2 2 2 2 2 2 2 2 2 2 2 2 2 2 2 2 2 2 2 2 2 2 2 2 2 2 2
left_child=-1 2 3 5 19 22 7 -7 9 10 -4 -12 13 -11 15 16 -10 -16 -17 20 21 -5 23 27 -24 -26 28 -2 -14 31 -15 -27 -6 -34
right_child=1 -3 8 4 32 6 -8 -9 14 12 11 -13 26 30 17 18 -18 -19 -20 -21 -22 -23 24 -25 25 29 -28 -29 -30 -31 -32 -33 33 -35
leaf_value=-0.078480485872891428 -0.0045436235313034276 0.027284317122048363 -0.015315849370994547 0.001844294383538757 0.0078861030342310193 0.0059429573214349763 0.001960212839860797 -0.0041120394192513026 0.007650145058580006 0.0066072060205651937 0.0053108567611346771 9.3316426796422367e-05 0.00060864027779700841 -0.0015846974266536167 -0.0058003186861848672 0.0056724850144079979 -0.024100881609264969 0.016357341475319285 -0.0041669367535687139 -0.0099567478162909413 0.0051032762349657521 -0.0055558943695889814 0.0030891608062599877 -0.013697614681143108 -0.0060932155111105158 0.0014524636382953408 -0.0011620678860983686 0.0033269116984428054 0.0054088072996488655 -0.00041681950634749271 -0.00040874412692400999 0.023514126764529207 -0.013891249973436267 0.0041830419488091894
leaf_weight=30 102 53 18 54 104 42 66 355 37 43 206 71 92 136 119 89 56 9.9999999999999982 11.999999999999998 26 34 66 124 47 78 12.000000000000002 17 114 147 19 11.999999999999998 19 11.999999999999998 60
leaf_count=30 102 53 18 54 104 42 66 355 37 43 206 71 92 136 119 89 56 10 12 26 34 66 124 47 78 12 17 114 147 19 12 19 12 60
internal_value=0 0.000688404 0 -0.000949284 0.00119418 -0.00257016 -0.00493828 -0.00643643 0.001905 0.00281951 0.00536865 0.00669266 0 -0.00112956 0 0.00146019 0 -0.00266958 0.00852591 -7.55876e-05 0 -0.00121004 0 -0.00134625 0.000594102 0 0.0027103 0 0.00318134 0 -0.00369412 0.00219491 0.00694571 0
internal_weight=0 2452 2399 1334 356 978 463 397 1065 742 295 277 447 191 323 194 93 129 101 180 154 120 515 263 252 128 256 216 239 50 148 31 176 72
internal_count=2482 2452 2399 1334 356 978 463 397 1065 742 295 277 447 191 323 194 93 129 101 180 154 120 515 263 252 128 256 216 239 50 148 31 176 72
is_linear=0
shrinkage=0.139904


Tree=30
num_leaves=31
num_cat=0
split_feature=1 0 0 4 1 2 2 1 0 6 6 2 0 1 1 0 1 0 0 1 1 2 2 0 2 0 1 1 0 0
split_gain=0.896377 0.557868 0.340464 0.839653 0.669304 0.13662 0.17611 0.197467 0.199297 0.107176 0.069492 0.179131 0.223927 0.125386 0.163538 0.151643 0.314023 0.0860285 0.0494101 0.0375303 0.133772 0.135859 0.0179126 0.0109888 0.00313209 0.00277353 0.0336859 0.00269093 0.301351 0.00529045
threshold=-1.5182455043090994 1.0799042871560198 -0.83235675032749123 1.0000000180025095e-35 0.7335844881440533 -0.74525761780157318 -1.0030237002128752 -1.3965249641764965 0.71453463831747632 1.0000000180025095e-35 1.0000000180025095e-35 -0.48749153539027096 -0.29373053540600619 -1.1530838839112907 -1.2748044240438936 0.65126346913360333 0.42928313781254618 -0.29878960085476863 -0.77900660559508761 -1.0922236138449894 -0.24017983291676948 1.3168710414888449 -1.0030237002128752 1.3162349159767788 -0.48749153539027096 0.28162318063052022 -1.8225468546406065 0.12498178748103896 1.0481701493410556 2.4948657612410532
decision_type=2 2 2 2 2 2 2 2 2 2 2 2 2 2 2 2 2 2 2 2 2 2 2 2 2 2 2 2 2 2
left_child=1 25 3 9 5 6 -4 -8 -9 19 13 -12 -13 14 -7 16 -15 -18 -6 -2 21 24 -5 -20 -21 26 -1 28 -17 -30
right_child=2 -3 4 22 18 10 7 8 -10 -11 11 12 -14 15 -16 27 17 -19 23 20 -22 -23 -24 -25 -26 -27 -28 -29 29 -31
leaf_value=-0.0010970958663772358 -0.015082491773889714 0.017526067170216007 0.00086940545886479063 -0.034088397451368234 -0.0041731701932932914 0.0005089260862607024 0.0071391117249320988 -0.0055227222899082778 0.0010042152594357207 -0.019594896869080336 0.0024961487887090999 0.0010426435606032387 -0.0047973433118381698 0.0031393817989829121 -0.0090549442263012647 -0.0099869226455883559 -0.013905240641558207 0.0058011104282445257 0.0018094302710070045 0.0032533249108515662 -0.00051622904347006619 -0.0039986266279670186 -0.024492467671262282 0.0066056638152226788 0.010281227370425463 -0.0026594706326998497 0.0037686819085762154 0.014248260315013091 0.0046520935888706158 -0.0065021212116273741
leaf_weight=60 9.9999999999999982 69 66 8.9999999999999982 17 99 10.999999999999998 122 27 59 71 37 132 363 46 48 44 100 579 30 130 11.999999999999998 62 9.9999999999999982 46 50 63 31 61 18
leaf_count=60 10 69 66 9 17 99 11 122 27 59 71 37 132 363 46 48 44 100 579 30 130 12 62 10 46 50 63 31 61 18
internal_value=0 0.00847389 -0.000130808 -0.00425134 0.000229644 -0.0011012 -0.00425803 -0.00677375 -0.00859288 0 0 -0.00231996 -0.00523781 0.000188498 -0.00147068 0.00178983 0.00315572 0 0.00435716 0.000654694 0.00192557 0.0060194 -0.0171505 0.00459868 0.00856542 0 0.000645415 0 -0.000626195 0
internal_weight=0 242 2240 358 1882 1276 226 160 149 287 1050 240 169 810 145 665 507 144 606 228 218 88 71 589 76 173 123 158 127 79
internal_count=2482 242 2240 358 1882 1276 226 160 149 287 1050 240 169 810 145 665 507 144 606 228 218 88 71 589 76 173 123 158 127 79
is_linear=0
shrinkage=0.139904


Tree=31
num_leaves=24
num_cat=0
split_feature=0 1 1 1 6 2 1 1 2 0 0 0 0 2 0 0 0 3 1 6 1 1 1
split_gain=0.643507 0.277474 0.380321 0.308257 0.206467 0.232914 0.199408 0.396863 0.152878 0.152051 0.172732 0.114002 0.118922 0.112883 0.107796 0.0974033 0.0957413 0.0705968 0.0357874 0.0119207 0.00780901 0.037171 0.000167034
threshold=-0.47099493255874675 0.12498178748103896 -1.5182455043090994 -1.8834071247069077 1.0000000180025095e-35 -0.48749153539027096 0.97702556840925903 0.30756259767994326 -0.48749153539027096 3.8717856912373398 -0.38807882091799112 0.35954592897119847 -0.37474128473489016 1.8324032063114493 -0.33315182461714199 0.21276732880840302 1.0183413738379625 -0.86158447112794823 0.7335844881440533 1.0000000180025095e-35 -0.17931956285046807 -1.761686584574305 0.85530502827665622
decision_type=2 2 2 2 2 2 2 2 2 2 2 2 2 2 2 2 2 2 2 2 2 2 2
left_child=6 2 3 -2 5 -3 7 20 11 10 -4 12 -6 -12 -10 -16 -7 -5 -9 -8 21 -1 -20
right_child=1 4 9 17 8 16 19 18 14 -11 13 -13 -14 -15 15 -17 -18 -19 22 -21 -22 -23 -24
leaf_value=0.0019674792984698147 -0.0010115591187471115 0.0016275179768559644 0.0030635195942105482 0.0011852505903263547 -0.0028522510819960771 0.0082807037382693991 0.011046767859388788 -0.017057120096052932 0.0020729302327500529 0.050081378838625089 -0.0019683803528959781 -0.0030452726860562829 0.0025809531061344059 0.0011510064448206363 -0.004091673143769326 0.0039272498812395733 0.0034564458845203743 0.0086027923134237919 0.0022976274469773943 -0.003739676882840041 0.0037431094306990208 -0.00064102582848586393 -0.0089898452622882812
leaf_weight=40 78 76 26 25 52 226 23 131 34 9.9999999999999982 458 28 281 48 205 29 22 83 51 145 76 281 54
leaf_count=40 78 76 26 25 52 226 23 131 34 10 458 28 281 48 205 29 22 83 51 145 76 281 54
internal_value=0 0.00187287 0 0.00513905 0.00343833 0.00679891 -0.00287333 -0.00406418 0.000352047 -0.00206326 -0.00313915 0.00288726 0.003947 -0.00411579 -5.14278e-05 -0.00295739 0.00882271 0.00982814 -0.00868285 0 0 -0.000682305 0
internal_weight=0 1681 728 186 953 324 801 633 629 542 532 361 333 506 268 234 248 108 236 168 397 321 105
internal_count=2482 1681 728 186 953 324 801 633 629 542 532 361 333 506 268 234 248 108 236 168 397 321 105
is_linear=0
shrinkage=0.139904


Tree=32
num_leaves=25
num_cat=0
split_feature=2 3 1 1 3 2 3 1 6 2 1 2 1 3 5 5 5 1 5 1 5 1 1 5
split_gain=0.211184 0.125515 0.136507 0.105895 0.360822 0.885891 0.182376 0.148825 0.138135 0.676713 0.263067 0.363725 0.271396 0.104737 0.0786346 0.0364286 0.0322272 0.0262037 0.00714779 0.201632 0.0979398 0.163993 0.164295 0.0148738
threshold=2.0901692887227514 -0.86158447112794823 -1.8834071247069077 1.0378858384755605 -0.86158447112794823 -0.48749153539027096 -0.86158447112794823 -1.2748044240438936 1.0000000180025095e-35 -1.0030237002128752 -0.4227606431156738 1.0000000180025095e-35 -1.5182455043090994 1.1798977793155532 1.1199807455555051 -1.214017751899376 1.0000000180025095e-35 0.064121517414737511 1.0000000180025095e-35 -1.5182455043090994 1.1199807455555051 0.55100367794514904 -1.3356646941101948 -1.214017751899376
decision_type=2 2 2 2 2 2 2 2 2 2 2 2 2 2 2 2 2 2 2 2 2 2 2 2
left_child=3 -2 -3 4 5 7 -5 -1 10 -10 12 13 16 -12 15 -14 -6 -11 19 -7 21 22 -20 -21
right_child=1 2 -4 6 8 18 -8 -9 9 17 11 -13 14 -15 -16 -17 -18 -19 20 23 -22 -23 -24 -25
leaf_value=0.00014940116910013246 -0.00036889560647316964 -0.0027185075005048374 0.010737069827232231 0.0065652017179451648 0.0043021173740693044 -0.0082512797698302224 -0.00035801847453417447 -0.0061898930566591783 0.017427058365268706 -0.00099826913209592597 0.0052775312875267023 3.9776866862113341e-05 0.0037277886472968013 0.0013256831423454358 0.0019012515129609739 -0.0012576290232077685 0.00095590164571080817 -0.003523418654713951 0.011611594835671722 -0.028255158834891395 0.0080996310505078283 0.0036233379100308206 -0.011691655692654616 0.0038248565400954742
leaf_weight=18 23 10.999999999999998 59 83 93 21 233 150 55 20 206 286 14.999999999999998 51 21 381 73 400 11.999999999999998 9.9999999999999982 14.999999999999998 33 80 133
leaf_count=18 23 11 59 83 93 21 233 150 55 20 206 286 15 51 21 381 73 400 12 10 15 33 80 133
internal_value=0 0.00641667 0.00923008 -3.51001e-05 -0.000712943 -0.00411585 0.00177463 -0.0120506 0 -0.00162471 0.00112351 0.00345773 0 0.00719906 -0.00283593 -0.00350391 0.00331048 -0.0049441 0 0.000899266 -9.61108e-05 -0.00380758 -0.00718558 0.00521305
internal_weight=0 93 70 2389 2073 472 316 168 1601 475 1126 543 583 257 417 396 166 420 304 164 140 125 92 143
internal_count=2482 93 70 2389 2073 472 316 168 1601 475 1126 543 583 257 417 396 166 420 304 164 140 125 92 143
is_linear=0
shrinkage=0.139904


Tree=33
num_leaves=23
num_cat=0
split_feature=1 1 2 1 2 1 2 4 1 2 1 1 1 4 1 1 2 5 6 1 1 1
split_gain=0.265194 0.280025 0.320077 0.182254 0.125469 0.117905 0.0842798 0.27443 0.172565 0.152742 0.138018 0.051255 0.0495446 0.135591 0.0487403 0.223367 0.147473 0.0446016 0.1049 0.0236691 0.0209601 0.000247881
threshold=-1.5182455043090994 0.7335844881440533 -0.74525761780157318 -1.8834071247069077 0.54357279425493799 -1.3965249641764965 -0.22972545297896871 1.0000000180025095e-35 0.30756259767994326 0.54357279425493799 -0.36190037304937234 -1.4573852342427978 0.67272421807775196 1.0000000180025095e-35 -0.24017983291676948 -1.4573852342427978 2.6057014535453562 -1.214017751899376 1.0000000180025095e-35 -0.84878253357978373 -1.3356646941101948 -1.2139441539775919
decision_type=2 2 2 2 2 2 2 2 2 2 2 2 2 2 2 2 2 2 2 2 2 2
left_child=3 2 5 -1 -5 -2 10 14 9 19 20 -11 13 -12 15 -8 -17 -3 -19 21 -4 -9
right_child=1 17 6 4 -6 -7 7 8 -10 11 12 -13 -14 -15 -16 16 -18 18 -20 -21 -22 -23
leaf_value=-9.7347161049675743e-06 0.0057305742176874813 -0.00078144173574627035 0.0040240556590608592 0.00035058865535227992 0.012052466480831405 -0.0030074083371890315 -0.020037043346309541 -0.00010735694558177197 5.8186866390550301e-05 -0.0028484533011971726 -0.00023224877729446941 -0.0047581810390995216 -0.0002373981320912685 0.0023991485492636999 -0.0012184305652093714 0.0037983914009039285 -0.0021556394094030501 0.0063002807144326373 0.00041637729591373628 -0.0030767670148028718 -0.0024450681059164595 0.0032797934559881466
leaf_weight=102 11.999999999999998 33 17 71 69 249 11.999999999999998 30 168 11.999999999999998 54 149 35 186 159 169 8.9999999999999982 167 529 101 115 34
leaf_count=102 12 33 17 71 69 249 12 30 168 12 54 149 35 186 159 169 9 167 529 101 115 34
internal_value=0 -0.000130808 -0.0015297 0.00454591 0.00769334 -0.00604893 0 -0.00125063 -0.00365616 -0.00549894 0.000878351 -0.00881144 0.00327122 0.00401699 0 0.00219881 0.0053609 0.00163426 0.00200932 0 0 0
internal_weight=0 2240 1511 242 140 261 1250 843 494 326 407 161 275 240 349 190 178 729 696 165 132 64
internal_count=2482 2240 1511 242 140 261 1250 843 494 326 407 161 275 240 349 190 178 729 696 165 132 64
is_linear=0
shrinkage=0.139904


Tree=34
num_leaves=19
num_cat=0
split_feature=6 5 5 2 3 4 5 3 3 2 2 2 5 2 2 2 2 2
split_gain=0.139133 0.196051 0.183182 0.171038 0.338904 0.286502 0.197681 0.101162 0.10417 0.0680881 0.0672283 0.046245 0.0452605 0.124433 0.0309291 0.0040978 0.0561372 0.00243694
threshold=1.0000000180025095e-35 1.0000000180025095e-35 1.1199807455555051 -0.48749153539027096 -0.86158447112794823 1.0000000180025095e-35 2.2869799942829454 1.0000000180025095e-35 1.1798977793155532 2.8634675359566581 2.0901692887227514 3.3789997007792629 1.1199807455555051 -1.0030237002128752 -1.0030237002128752 1.0591049590775425 -0.48749153539027096 1.0000000180025095e-35
decision_type=2 2 2 2 2 2 2 2 2 2 2 2 2 2 2 2 2 2
left_child=1 11 9 7 -5 6 -6 12 -9 15 -4 14 13 -2 -1 16 -3 -18
right_child=3 2 10 4 5 -7 -8 8 -10 -11 -12 -13 -14 -15 -16 -17 17 -19
leaf_value=-0.0044143413804435348 0.0039601769776494936 -0.0031221108069927226 0.0042082757665206361 0.0014873397529097565 -0.012992674884219511 -0.0018701580037995256 -0.00047204402386241153 0.0039086394959902803 -0.003244347370639999 0.01354943053433106 -0.003025458756184297 -0.0023834623770524208 0.014982620665184417 -0.003412643098176234 0.00089179383912972284 -0.0041952527797209154 0.0014772525178787077 -0.00072452119707875024
leaf_weight=19 67 164 76 80 58 200 15.999999999999998 174 76 11.999999999999998 12.999999999999998 11.999999999999998 17 212 823 132 141 190
leaf_count=19 67 164 76 80 58 200 16 174 76 12 13 12 17 212 823 132 141 190
internal_value=0 0.00132932 0 -0.000478189 -0.0031368 -0.00601806 -0.0139373 0 0.0027735 -0.00121245 0.00523067 0.00277774 -4.66804e-05 -0.00175964 0.00298171 -0.00189706 0 0
internal_weight=0 1582 728 900 354 274 74 546 250 639 89 854 296 279 842 627 495 331
internal_count=2482 1582 728 900 354 274 74 546 250 639 89 854 296 279 842 627 495 331
is_linear=0
shrinkage=0.139904


Tree=35
num_leaves=20
num_cat=0
split_feature=6 5 2 3 4 5 5 4 2 2 2 3 2 2 4 2 3 2 2
split_gain=0.0955914 0.223449 0.149115 0.133296 0.206543 0.230965 0.0940394 0.0703285 0.0699568 0.0927198 0.0433456 0.0316822 0.0287763 0.0263708 0.0380526 0.0175301 0.00796042 0.00225453 0.000249946
threshold=1.0000000180025095e-35 1.0000000180025095e-35 -1.0030237002128752 -0.86158447112794823 1.0000000180025095e-35 2.2869799942829454 1.1199807455555051 1.0000000180025095e-35 3.6367657831905649 0.54357279425493799 3.3789997007792629 -0.86158447112794823 -1.0030237002128752 2.0901692887227514 1.0000000180025095e-35 -1.0030237002128752 1.1798977793155532 -0.48749153539027096 -1.0030237002128752
decision_type=2 2 2 2 2 2 2 2 2 2 2 2 2 2 2 2 2 2 2
left_child=1 10 11 -4 5 -5 7 -3 9 17 12 -2 -1 14 -8 -16 -13 18 -9
right_child=2 6 3 4 -6 -7 13 8 -10 -11 -12 16 -14 -15 15 -17 -18 -19 -20
leaf_value=-0.003796757417551411 -0.0051377202564459731 0.0096963614328685454 0.00042186508954017942 -0.0094715406989921199 -0.00067605935596508359 0.0012013319036263297 -2.9176537185643722e-05 -0.00033446105212846727 0.016106209126528503 -0.004277184909705101 -0.002050006485592195 0.0078370786976197006 0.00076702832468782936 -0.0026021850110931263 -0.00015167934089992344 0.0059824685064016891 0.00085050976498825693 0.0003805510318697819 -0.0020950916388281886
leaf_weight=19 30 45 188 119 439 22 8.9999999999999982 15.999999999999998 7.9999999999999991 185 11.999999999999998 84 823 12.999999999999998 11.999999999999998 55 18 248 137
leaf_count=19 30 45 188 119 439 22 9 16 8 185 12 84 823 13 12 55 18 248 137
internal_value=0 0.000977212 -0.000632384 -0.00200317 -0.0031208 -0.0081131 0 -0.00142891 -0.0021175 -0.00261764 0.00261531 0.00110581 0.00281699 0.00232571 0.00352813 0.00489659 0.00268903 0 -0.000524642
internal_weight=0 1582 900 768 580 141 728 639 594 586 854 132 842 89 76 67 102 401 153
internal_count=2482 1582 900 768 580 141 728 639 594 586 854 132 842 89 76 67 102 401 153
is_linear=0
shrinkage=0.139904


Tree=36
num_leaves=24
num_cat=0
split_feature=1 1 5 3 3 1 5 5 2 2 1 1 2 1 1 1 2 1 2 1 2 2 2
split_gain=0.17125 0.254032 0.165404 0.101053 0.0601294 0.0330114 0.0229374 0.022087 0.0218947 0.110349 0.101635 0.104745 0.0223811 0.0996055 0.184821 0.0172859 0.13359 0.0974872 0.142156 0.00269093 0.0982048 0.000156805 0.00702606
threshold=-1.2748044240438936 0.7335844881440533 -1.214017751899376 -0.86158447112794823 1.1798977793155532 0.12498178748103896 -1.214017751899376 3.4539792430103859 -0.22972545297896871 0.80133887666624026 -0.97050307371238664 0.67272421807775196 -0.74525761780157318 -0.36190037304937234 0.67272421807775196 -0.84878253357978373 2.6057014535453562 0.6118639480114505 1.0591049590775425 -0.30104010298307088 -1.0030237002128752 2.0901692887227514 1.0591049590775425
decision_type=2 2 2 2 2 2 2 2 2 2 2 2 2 2 2 2 2 2 2 2 2 2 2
left_child=2 3 -1 5 6 -2 -3 -8 12 10 -10 -12 19 -14 -15 21 17 18 -17 -5 -21 22 -11
right_child=1 4 -4 8 -6 -7 7 -9 9 15 11 -13 13 14 -16 16 -18 -19 -20 20 -22 -23 -24
leaf_value=0.032460252914412034 -0.0037069516060401026 -0.00043067928297629393 0.00021025645891618137 0.00026540318774122452 -0.0016473440543398499 -0.00042642765271128915 0.0016100337460333966 -0.0063822602161103439 0.0010352506875339394 0.0075145762169024832 -0.0026806087867049461 0.0089856682174676277 -0.0012362328168729079 0.0026101588132306187 -0.0036438883821909773 -0.0009220646299395016 -0.0063625105760276033 -0.005929848772999703 0.0091522980533293025 0.0026761773140903983 -0.0034441448736760934 0.01160919899673059 -0.0044175810571850755
leaf_weight=31 168 23 341 56 101 150 592 12.999999999999998 65 14.999999999999998 294 14.999999999999998 89 181 25 31 7.9999999999999991 13.999999999999998 88 39 88 11.999999999999998 43
leaf_count=31 168 23 341 56 101 150 592 13 65 15 294 15 89 181 25 31 8 14 88 39 88 12 43
internal_value=0 -6.68729e-06 0.00298795 -0.00147139 0.00163426 -0.00391397 0.00222439 0.00242218 0 -0.000850591 -0.00260538 -0.00380418 0 0.00120375 0.00334556 0 0.00151034 0.00458753 0.00620349 0 -0.000626195 0 -0.000216763
internal_weight=0 2110 372 1381 729 318 628 605 1063 585 374 309 478 295 206 211 141 133 119 183 127 70 58
internal_count=2482 2110 372 1381 729 318 628 605 1063 585 374 309 478 295 206 211 141 133 119 183 127 70 58
is_linear=0
shrinkage=0.139904


Tree=37
num_leaves=22
num_cat=0
split_feature=0 1 1 0 0 1 1 1 1 2 0 0 0 0 0 0 0 3 3 0 0
split_gain=0.539965 0.183673 0.173447 0.413816 0.341235 0.257152 0.162791 0.11983 0.0910162 0.0829978 0.0579391 0.0462689 0.296587 0.103361 0.094492 0.0260751 0.0136143 0.0999651 0.0544529 0.0038939 0.000366612
threshold=-0.47099493255874675 0.97702556840925903 0.12498178748103896 1.0000000180025095e-35 -0.29373053540600619 -1.3356646941101948 -0.97050307371238664 -1.8834071247069077 -1.761686584574305 2.0901692887227514 1.549674650255388 0.54476028611485161 -0.18019722247793515 -0.28709461838879841 1.0183413738379625 -0.31620067025635362 0.65126346913360333 1.0000000180025095e-35 -0.86158447112794823 -0.45424088464401396 3.6169927586360329
decision_type=2 2 2 2 2 2 2 2 2 2 2 2 2 2 2 2 2 2 2 2 2
left_child=1 6 3 4 -2 7 -1 -5 -6 -8 11 12 13 15 -13 19 17 18 -7 -4 -18
right_child=2 -3 10 5 8 16 9 -9 -10 -11 -12 14 -14 -15 -16 -17 20 -19 -20 -21 -22
leaf_value=-3.1186140437978042e-05 0.0010299156560515917 0.0007130284539006703 0.00077135986109017616 0.00026337233490221859 2.9480983768934559e-05 -0.0006289335782661043 -0.003156461291013643 0.0064388671882478713 -0.0077635876847238182 0.0026426106718766603 -0.0023297062156240806 0.010993720364241165 -0.00013284840492130317 0.0021419696846789759 0.012887130606339024 -0.0095363851727858669 -0.0014837621242426379 -0.0017793400773091507 0.0043319360484528691 0.002278403892907913 -0.0010538327024818637
leaf_weight=192 69 168 22 63 15.999999999999998 30 433 133 99 7.9999999999999991 15.999999999999998 56 530 129 25 35 186 68 52 140 11.999999999999998
leaf_count=192 69 168 22 63 16 30 433 133 99 8 16 56 530 129 25 35 186 68 52 140 12
internal_value=0 -0.00218101 0.0020386 0 -0.00519278 0.00230953 -0.00340871 0.00626249 -0.00983758 -0.00486855 0.00329265 0.00349659 0.00179899 0.00507921 0.0104566 0 0 0.000979292 0.00485744 0.00173615 -0.000750353
internal_weight=0 801 1681 728 184 544 633 196 115 441 953 937 856 326 81 197 348 150 82 162 198
internal_count=2482 801 1681 728 184 544 633 196 115 441 953 937 856 326 81 197 348 150 82 162 198
is_linear=0
shrinkage=0.139904


Tree=38
num_leaves=22
num_cat=0
split_feature=6 2 5 5 1 2 2 5 1 2 3 2 3 1 2 2 1 2 1 1 2
split_gain=0.0743127 0.233893 0.200564 0.117672 0.0964575 0.109472 0.092256 0.0522942 0.120033 0.156313 0.012567 0.0885608 0.10417 0.0875226 0.0851778 0.0957549 0.0245767 0.0108015 0.00911832 0.00593523 0.00244876
threshold=1.0000000180025095e-35 -0.22972545297896871 1.0000000180025095e-35 2.2869799942829454 -1.1530838839112907 2.6057014535453562 -0.74525761780157318 1.1199807455555051 -0.057599022717865239 3.121233618367961 1.0000000180025095e-35 -0.48749153539027096 1.1798977793155532 1.0378858384755605 -1.0030237002128752 -0.48749153539027096 1.3421871888070676 2.0901692887227514 1.2813269187407663 -1.5791057743754007 -1.0030237002128752
decision_type=2 2 2 2 2 2 2 2 2 2 2 2 2 2 2 2 2 2 2 2 2
left_child=2 10 4 -3 19 6 -6 8 9 -4 13 12 18 14 -2 -16 -15 20 -12 -1 -9
right_child=1 3 7 -5 5 -7 -8 17 -10 -11 11 -13 -14 16 15 -17 -18 -19 -20 -21 -22
leaf_value=0.0011262052286102084 0.0034743748821255893 -0.0062068029932434874 -0.002112570321064849 0.0019341259898098869 -0.00055736770167248923 -0.0029375106692790228 0.0019685845568433859 -0.00010796771224544358 0.0016654991797970368 0.012272652601540531 0.0033214178099491383 -0.0043431926318652165 -0.0027581301535500543 0.0020046100779717298 -0.0045262721144261808 -0.00014513073632957697 -0.0018246592540325996 -0.001511927400198367 0.0016564175145262479 -0.0017619945934581964 0.0049415067004950066
leaf_weight=123 45 113 372 7.9999999999999991 71 9.9999999999999982 543 11.999999999999998 257 9.9999999999999982 139 94 76 97 155 90 48 12.999999999999998 35 107 64
leaf_count=123 45 113 372 8 71 10 543 12 257 10 139 94 76 97 155 90 48 13 35 107 64
internal_value=0 -0.000478189 0.000889184 -0.0061068 0.00245288 0.00334651 0.00385071 0 -0.00121245 -0.0029112 0 0.000836748 0.0027735 0 -0.00240037 -0.00366016 0 0.000873238 0.00470758 0 0.00184903
internal_weight=0 900 1582 121 854 624 614 728 639 382 779 344 250 435 290 245 145 89 174 230 76
internal_count=2482 900 1582 121 854 624 614 728 639 382 779 344 250 435 290 245 145 89 174 230 76
is_linear=0
shrinkage=0.139904


Tree=39
num_leaves=25
num_cat=0
split_feature=0 5 1 0 1 0 0 0 0 0 2 1 2 1 0 0 0 1 1 1 1 0 0 0
split_gain=0.667926 0.393194 0.462857 0.35211 0.211097 0.155434 0.204823 0.162745 0.140474 0.176893 0.299275 0.193182 0.110604 0.0799377 0.191814 0.0638406 0.0513319 0.312983 0.212664 0.115958 0.042356 0.0372492 0.0165555 0.00428658
threshold=-0.47099493255874675 1.0000000180025095e-35 0.85530502827665622 -0.60036246331995724 0.12498178748103896 1.0000000180025095e-35 -0.17540096562391369 0.13188798377688957 -0.56002134402722825 -0.75042617091701402 1.3168710414888449 -1.4573852342427978 -1.0030237002128752 -0.17931956285046807 0.41867786278790214 1.549674650255388 -0.90147541074434934 0.7335844881440533 0.85530502827665622 1.4030474588733692 -0.66620172338087946 -1.0465457550413289 -0.45424088464401396 0.16355641944316859
decision_type=2 2 2 2 2 2 2 2 2 2 2 2 2 2 2 2 2 2 2 2 2 2 2 2
left_child=1 8 3 -3 5 6 -2 -7 9 16 11 -11 -10 14 23 22 18 -18 21 -20 -14 -1 -6 -9
right_child=4 2 -4 -5 15 7 -8 13 12 10 -12 -13 20 -15 -16 -17 17 -19 19 -21 -22 -23 -24 -25
leaf_value=-0.00012114664193545249 0.00036895684969682005 -0.037765244872953414 0.00050431331395272162 0.0030037493929047734 0.00031523403405161668 0.0095918989052430261 -0.0079762897557760712 0.0058336010038696909 0.0098915288453827015 -0.002765234386285541 -0.002288561723134735 0.0029790286700594336 -0.00018723543224565721 -0.0062939067779493344 0.001256785136265878 -0.0020812870319504772 -0.0025605107597421067 0.0049074938045694915 -0.0092968910682486184 0.015086621511924523 -0.014360127369450115 0.0055220275445350174 0.001494021638790273 -0.0034818124867161599
leaf_weight=46 119 62 58 12.999999999999998 22 49 65 10.999999999999998 7.9999999999999991 18 24 131 27 53 354 15.999999999999998 130 40 53 7.9999999999999991 50 133 915 77
leaf_count=46 119 62 58 13 22 49 65 11 8 18 24 131 27 53 354 16 130 40 53 8 50 133 915 77
internal_value=0 -0.00252717 -0.00957267 -0.0163172 0.00220433 0 -0.00299902 0.00154825 0 0 0.00434576 0.0076979 -0.0054573 0 0.00127698 0.00358402 -0.000369172 -0.00244681 0 -0.00532661 -0.00763425 0.00345494 0.0037929 0
internal_weight=0 801 133 75 1681 728 184 544 668 583 173 149 85 495 442 953 410 170 240 61 77 179 937 88
internal_count=2482 801 133 75 1681 728 184 544 668 583 173 149 85 495 442 953 410 170 240 61 77 179 937 88
is_linear=0
shrinkage=0.139904


Tree=40
num_leaves=20
num_cat=0
split_feature=1 1 3 1 6 1 2 1 1 1 2 5 2 1 2 5 1 5 1
split_gain=0.0934043 0.093121 0.147917 0.0898131 0.0419949 0.0277194 0.0644054 0.0402246 0.0477882 0.0140484 0.00917281 0.109701 0.0829037 0.0680036 0.0456821 0.0105036 0.00926564 0.00598139 0.00574942
threshold=0.85530502827665622 -1.5182455043090994 -0.86158447112794823 -0.057599022717865239 1.0000000180025095e-35 -0.72706199344718081 1.5746371239001469 -1.0922236138449894 -1.2748044240438936 -1.1530838839112907 -0.22972545297896871 1.0000000180025095e-35 1.0591049590775425 0.6118639480114505 -0.74525761780157318 2.2869799942829454 0.064121517414737511 2.2869799942829454 0.42928313781254618
decision_type=2 2 2 2 2 2 2 2 2 2 2 2 2 2 2 2 2 2 2
left_child=1 2 -1 5 -2 7 -7 8 -3 -10 13 18 15 14 -5 16 -13 -16 -12
right_child=4 3 -4 10 -6 6 -8 -9 9 -11 11 12 -14 -15 17 -17 -18 -19 -20
leaf_value=-0.00076006691066142571 0.0050876856016953756 3.0459733265973827e-05 0.002638922608942937 -5.8564132641465638e-05 0.00036225986963108842 -0.0011846577037981519 0.0025281076327494066 0.00092789583552934491 -0.0082243283748328049 -7.6936382927830365e-05 0.0074270090103716524 0.0011222334706288348 0.0047654061401478549 -0.00086045191674995463 0.0013602715208599198 0.00070732711981073967 -0.0052414626712459066 0.0025865628402523943 -3.4716643985820051e-05
leaf_weight=47 108 130 195 102 441 271 26 262 59 43 55 7.9999999999999991 44 207 157 9.9999999999999982 168 7.9999999999999991 141
leaf_count=47 108 130 195 102 441 271 26 262 59 43 55 8 44 207 157 10 168 8 141
internal_value=0 0 0.00230135 -0.000543793 0.00191156 -0.00168259 -0.00303474 0 -0.00181293 -0.00396878 0 0 -0.00300723 0.000610751 0.00234662 -0.00441537 -0.00465622 0.00373563 6.96394e-05
internal_weight=0 1933 242 1691 549 791 297 494 232 102 900 426 230 474 267 186 176 165 196
internal_count=2482 1933 242 1691 549 791 297 494 232 102 900 426 230 474 267 186 176 165 196
is_linear=0
shrinkage=0.139904


Tree=41
num_leaves=12
num_cat=0
split_feature=1 3 1 1 1 2 1 1 2 2 1
split_gain=0.0287484 0.064785 0.137218 0.0638346 0.0983554 0.0558233 0.0364594 0.0345785 0.0642026 0.0846555 0.0105854
threshold=0.7335844881440533 -0.86158447112794823 -1.2748044240438936 -1.5182455043090994 -1.2139441539775919 -0.74525761780157318 -1.8834071247069077 0.6118639480114505 -0.74525761780157318 2.6057014535453562 0.12498178748103896
decision_type=2 2 2 2 2 2 2 2 2 2 2
left_child=1 2 6 -3 -5 -2 -1 8 -6 -10 -4
right_child=5 3 10 4 7 -7 -8 -9 9 -11 -12
leaf_value=-0.0090153542438432734 0.0025115690787712724 0.0022697268123024442 -0.0028982273117370539 -0.0047939788688647622 -0.00040250692091368549 0.00012727744133538804 0.0026560141422011202 -0.0020993542757634363 0.00076221639243821541 -0.0035742180784625577 -0.00041858440950149793
leaf_weight=14.999999999999998 243 195 168 125 152 486 63 146 725 13.999999999999998 150
leaf_count=15 243 195 168 125 152 486 63 146 725 14 150
internal_value=0 0 -0.00176951 6.16505e-05 0 0.000874248 0 8.05415e-05 0.000872329 0.00161237 -0.00348392
internal_weight=0 1753 396 1357 1162 729 78 1037 891 739 318
internal_count=2482 1753 396 1357 1162 729 78 1037 891 739 318
is_linear=0
shrinkage=0.139904


Tree=42
num_leaves=25
num_cat=0
split_feature=0 1 0 0 1 0 1 0 1 1 1 1 1 1 1 1 1 1 0 0 0 0 0 0
split_gain=0.507019 0.150093 0.121291 0.162375 0.146378 0.122467 0.136352 0.112171 0.126743 0.100313 0.0212555 0.0246805 0.0125482 0.140117 0.00665394 0.0386584 0.00530284 0.00239301 0.000172665 5.41022e-05 0.162126 0.00228809 8.04477e-05 0.0185356
threshold=-0.61941608643867285 0.97702556840925903 0.71453463831747632 1.0183413738379625 -1.761686584574305 -0.17540096562391369 -1.0922236138449894 2.7210782591642872 -1.3356646941101948 -1.5791057743754007 1.0378858384755605 0.55100367794514904 0.6118639480114505 -0.4227606431156738 -1.0922236138449894 -1.5791057743754007 -1.1530838839112907 1.0378858384755605 -0.10680792239653754 0.06566021790218142 0.13188798377688957 -0.12421899179812244 0.31322591414811413 0.65126346913360333
decision_type=2 2 2 2 2 2 2 2 2 2 2 2 2 2 2 2 2 2 2 2 2 2 2 2
left_child=1 9 5 4 -4 6 -2 12 -9 -1 11 19 13 14 15 -5 -17 -8 -12 21 -21 -7 -22 -24
right_child=2 -3 3 7 -6 10 17 8 -10 -11 18 -13 -14 -15 -16 16 -18 -19 -20 20 22 -23 23 -25
leaf_value=0.0015819148089687746 -0.001177226615824041 0.00079269922488485716 -0.0093659636582556147 0.0023809862892465506 0.0041434317057991929 9.6785203345034783e-05 0.001096319414508308 0.050739844814488233 -0.00084588742347510419 -0.0019537938358815958 -0.008129402668245923 -0.0021113473652320607 0.016438238655611129 -0.016784763369730574 0.0079417132690021309 -0.0065931146415304561 0.00045814705166071499 0.00029377164762106443 0.0095065641975358335 0.0097838266747643302 -0.0026579026033681508 -0.0026176240277843953 0.00162538002391031 -0.0088130228119809844
leaf_weight=40 84 129 12.999999999999998 54 92 35 409 21 32 461 17 275 20 37 47 51 7.9999999999999991 131 52 52 120 147 131 24
leaf_count=40 84 129 13 54 92 35 409 21 32 461 17 275 20 37 47 51 8 131 52 52 120 147 131 24
internal_value=0 -0.00287596 0.00158775 0.00424527 0.00946786 0.00033943 0.00201687 0 0.00603304 -0.00401866 0 -0.000725085 0 -0.00109639 0 0 -0.00337774 0.00309326 0 0 0 -7.47891e-05 0 0
internal_weight=0 630 1852 375 105 1477 624 270 53 501 853 784 217 197 160 113 59 540 69 509 327 182 275 155
internal_count=2482 630 1852 375 105 1477 624 270 53 501 853 784 217 197 160 113 59 540 69 509 327 182 275 155
is_linear=0
shrinkage=0.139904


Tree=43
num_leaves=21
num_cat=0
split_feature=0 5 5 0 0 0 2 2 2 0 0 0 2 0 0 0 0 0 0 0
split_gain=0.482131 0.205318 0.293439 0.154726 0.110285 0.147318 0.0724044 0.0254734 0.0341437 0.0179018 0.0425036 0.0117435 0.00731861 0.00187078 0.00108765 0.0124604 0.0083272 0.0230777 0.00322302 5.64892e-05
threshold=-0.50207204888685875 1.0000000180025095e-35 2.2869799942829454 0.57872829698511352 -0.17540096562391369 -0.2437969024052343 -1.0030237002128752 0.54357279425493799 2.0901692887227514 1.5917897275626178 2.7210782591642872 -0.34359846625809298 -0.74525761780157318 -0.47099493255874675 0.14870773384030736 0.075252731610224458 0.44141080623299073 0.38884908728480966 0.13188798377688957 0.31322591414811413
decision_type=2 2 2 2 2 2 2 2 2 2 2 2 2 2 2 2 2 2 2 2
left_child=1 7 6 4 5 11 -3 12 -9 -5 -11 13 -1 -2 15 -6 17 19 -17 -16
right_child=3 2 -4 9 14 -7 -8 8 -10 10 -12 -13 -14 -15 16 18 -18 -19 -20 -21
leaf_value=-0.0012016234219425995 -0.00038950270293494708 -0.0049265171360218995 0.012415154801602579 0.00212312449795869 -0.00087826574271994981 0.0016704690519865702 -0.014575846499191988 -0.0017141826927088329 0.0024125732551093784 -0.0025082797118405218 0.019098341228354087 -0.00032537355095699482 0.00092892282861793251 0.0017638309651521365 -0.0016340387759171016 0.0051235540783541415 0.00023274495363565737 -0.0055298930125432496 0.002326370414507705 0.0024157174324984125
leaf_weight=136 30 11.999999999999998 9.9999999999999982 292 368 111 104 154 11.999999999999998 100 53 161 343 181 174 70 60 30 20 61
leaf_count=136 30 12 10 292 368 111 104 154 12 100 53 161 343 181 174 70 60 30 20 61
internal_value=0 -0.00208533 -0.00745184 0.00192159 0.00034074 0.00216886 -0.010325 0 -0.00169608 0.00451619 0 0 0 0.00102608 0 0 -0.000253102 -0.000822614 0.00158304 0
internal_weight=0 771 126 1711 1266 483 116 645 166 445 153 372 479 211 783 458 325 265 90 235
internal_count=2482 771 126 1711 1266 483 116 645 166 445 153 372 479 211 783 458 325 265 90 235
is_linear=0
shrinkage=0.139904


Tree=44
num_leaves=11
num_cat=0
split_feature=6 1 3 3 1 5 1 5 1 5
split_gain=0.0574544 0.175346 0.185952 0.107138 0.067783 0.0534933 0.0186635 0.0424566 0.0112927 0.00738953
threshold=1.0000000180025095e-35 -0.11845929278416668 -0.86158447112794823 1.1798977793155532 -1.2748044240438936 1.0000000180025095e-35 0.7335844881440533 2.2869799942829454 0.18584205754734043 1.0000000180025095e-35
decision_type=2 2 2 2 2 2 2 2 2 2
left_child=1 4 -3 -4 5 -1 7 8 -2 -6
right_child=6 2 3 -5 9 -7 -8 -9 -10 -11
leaf_value=0.00094976305988637327 -0.00012344813697467042 -0.00045119496553037107 0.003442447276521527 0.00083807605837335985 -7.5032992421736826e-05 -0.0002683618281019298 9.4709209923058189e-05 0.001725183598103072 -0.00068016519344429567 -0.0020027718626226616
leaf_weight=206 54 144 366 94 353 166 545 15.999999999999998 285 253
leaf_count=206 54 144 366 94 353 166 545 16 285 253
internal_value=0 0.000889184 0.00276942 0.00422154 0 0.00114381 -1.56054e-05 -0.00100441 -0.00185876 -0.00116363
internal_weight=0 1582 604 460 978 372 900 355 339 606
internal_count=2482 1582 604 460 978 372 900 355 339 606
is_linear=0
shrinkage=0.139904


Tree=45
num_leaves=9
num_cat=0
split_feature=1 1 6 3 3 3 5 3
split_gain=0.0148848 0.0648817 0.0600379 0.11143 0.0227908 0.0215437 0.00565765 0.00677572
threshold=-0.057599022717865239 -1.2748044240438936 1.0000000180025095e-35 -0.86158447112794823 1.1798977793155532 1.1798977793155532 1.0000000180025095e-35 1.0000000180025095e-35
decision_type=2 2 2 2 2 2 2 2
left_child=1 6 3 -2 -5 -3 7 -1
right_child=2 5 -4 4 -6 -7 -8 -9
leaf_value=0.00015619030634863362 -0.00049773338342505146 -0.00055717857551969621 -5.9205550491268739e-05 0.0030668835337166935 0.0018264126030315905 0.00019965830813012189 -0.00023081693816151937 0.003366682957856693
leaf_weight=116 139 574 872 347 91 87 166 90
leaf_count=116 139 574 872 347 91 87 166 90
internal_value=0 -8.08511e-05 0.000442023 0.00158053 0.00285927 -0.00138187 3.73276e-05 0.000722213
internal_weight=0 1033 1449 577 438 661 372 206
internal_count=2482 1033 1449 577 438 661 372 206
is_linear=0
shrinkage=0.139904


Tree=46
num_leaves=13
num_cat=0
split_feature=1 2 1 2 1 1 2 6 1 5 2 1
split_gain=0.0113696 0.062788 0.149667 0.18412 0.260005 0.0755373 0.0343794 0.0426592 0.0169924 0.0183952 0.034274 0.00786021
threshold=-0.057599022717865239 1.5746371239001469 -1.9442673947732094 1.0000000180025095e-35 -1.3965249641764965 -0.72706199344718081 -1.0030237002128752 1.0000000180025095e-35 -0.36190037304937234 1.0000000180025095e-35 3.3789997007792629 -0.11845929278416668
decision_type=2 2 2 2 2 2 2 2 2 2 2 2
left_child=1 2 -1 -4 -5 -6 -2 -8 9 10 -3 -7
right_child=6 8 3 4 5 11 7 -9 -10 -11 -12 -13
leaf_value=0.0079754779109038991 0.0034385612150238266 0.0049643342234455476 -5.3645058859751944e-05 -0.0048544392248381632 0.00067505817879476315 -0.0046469499935288122 0.0012845160906183749 -0.00026269262748119106 -0.0049401407162387922 5.5397384315416844e-05 -0.00076306956972239817 0.0013850047130004291
leaf_weight=24 149 56 464 105 166 108 556 744 10.999999999999998 78 8.9999999999999982 11.999999999999998
leaf_count=24 149 56 464 105 166 108 556 744 11 78 9 12
internal_value=0 -0.000215333 -0.00119984 -0.00220668 -0.00442598 0 0.000345956 0 8.777e-05 0.00149025 0.00309751 -0.0034077
internal_weight=0 1033 879 855 391 286 1449 1300 154 143 65 120
internal_count=2482 1033 879 855 391 286 1449 1300 154 143 65 120
is_linear=0
shrinkage=0.139904


Tree=47
num_leaves=18
num_cat=0
split_feature=5 6 1 1 2 2 2 1 2 2 1 2 1 1 1 1 1
split_gain=0.00740193 0.0687945 0.0509789 0.0490642 0.0977717 0.25374 0.0350201 0.169229 0.0324227 0.00759134 0.00599209 0.00357316 0.00212216 0.0550636 0.00650446 0.00184484 0.00119077
threshold=1.0000000180025095e-35 1.0000000180025095e-35 0.42928313781254618 -0.97050307371238664 1.0591049590775425 3.3789997007792629 -1.0030237002128752 1.2813269187407663 3.3789997007792629 -0.22972545297896871 1.2813269187407663 -1.0030237002128752 0.91616529834295768 1.2813269187407663 1.0378858384755605 -0.30104010298307088 0.7335844881440533
decision_type=2 2 2 2 2 2 2 2 2 2 2 2 2 2 2 2 2
left_child=1 2 8 4 9 -6 10 -8 11 -2 16 -1 15 14 -14 -5 -3
right_child=3 6 -4 12 5 -7 7 -9 -10 -11 -12 -13 13 -15 -16 -17 -18
leaf_value=-0.0017423797987802809 -0.0047044075629715373 -0.0010918171201385015 -0.00024937519862783627 0.0023521119429565692 -0.0057010556801824659 0.031906253542993354 -0.0030182786554789364 0.0022491853173973475 -0.0010026249138091858 0.0025252516862935056 -0.016233062179489104 0.00070741139188207802 0.0016784071102052048 -0.0025401802185138198 0.0081420462870352983 -0.00050124706001992069 0.013301649264127665
leaf_weight=13.999999999999998 85 9.9999999999999982 210 120 71 9.9999999999999982 314 49 11.999999999999998 91 22 618 49 52 62 650 43
leaf_count=14 85 10 210 120 71 10 314 49 12 91 22 618 49 52 62 650 43
internal_value=0 0.000333921 0.00131588 0 -0.0019061 -0.00570446 0 -0.0013605 0.00195494 0 0 0.00221047 0 0.000493839 0.00307569 0 0.00139439
internal_weight=0 1292 854 1190 257 81 438 363 644 176 75 632 933 163 111 770 53
internal_count=2482 1292 854 1190 257 81 438 363 644 176 75 632 933 163 111 770 53
is_linear=0
shrinkage=0.139904


Tree=48
num_leaves=25
num_cat=0
split_feature=0 1 5 0 0 0 0 2 2 0 1 5 0 1 0 5 0 2 2 0 0 1 1 0
split_gain=0.439939 0.278268 0.238729 0.0755743 0.0947291 0.368279 0.0688963 0.15003 0.0684483 0.0384249 0.0338694 0.0276022 0.677279 0.320114 0.192397 0.142727 0.0498612 0.0277712 0.0268161 0.0181891 0.00656126 0.00568465 0.067042 0.000643458
threshold=-0.65923158854191988 0.12498178748103896 1.0000000180025095e-35 -0.50207204888685875 -0.086505958452802498 0.57872829698511352 1.549674650255388 0.80133887666624026 0.80133887666624026 -0.53794542206899221 0.97702556840925903 1.0000000180025095e-35 0.54476028611485161 -0.66620172338087946 0.48858494898898303 1.1199807455555051 0.65126346913360333 -0.48749153539027096 1.0591049590775425 -0.015613340021443399 0.26125551453810009 0.36842286774624472 1.2204666486744649 -0.56002134402722825
decision_type=2 2 2 2 2 2 2 2 2 2 2 2 2 2 2 2 2 2 2 2 2 2 2 2
left_child=2 11 21 9 -5 8 7 -7 19 23 -4 12 18 -14 17 16 -16 -13 -2 -6 -19 -1 -23 -3
right_child=1 3 10 4 5 6 -8 -9 -10 -11 -12 14 13 -15 15 -17 -18 20 -20 -21 -22 22 -24 -25
leaf_value=0.00021823831399572695 -0.0016487275775335249 0.002609653799910155 -0.028237733528976839 0.0013189591549785421 -8.9925980120004963e-05 0.010995390277555906 -0.0020356447498094919 -0.00062329848395827395 0.011839489082745713 -0.013803923490944029 -0.0021703586075741128 -0.0031504741872079808 0.046837249266699736 -0.0010533012561935553 0.00023260135735930657 0.0017095357736856469 -0.0022022950131322838 0.00096721078990733402 0.00059437053345699829 -0.0027851511096875481 0.024905167374498435 -0.0043468719050823385 0.0019345153220611656 -0.00040274668438600761
leaf_weight=278 245 69 64 477 78 67 15.999999999999998 10.999999999999998 33 28 32 49 30 8.9999999999999982 34 55 240 57 74 290 28 171 35 11.999999999999998
leaf_count=278 245 69 64 477 78 67 16 11 33 28 32 49 30 9 34 55 240 57 74 290 28 171 35 12
internal_value=0 0.00139963 -0.00288259 0.00290539 0.0033002 0 0.00842454 0.0100044 -0.000205993 0 -0.00961554 0 3.87581e-05 0.0169174 -0.00107123 -0.00357796 -0.00502344 0 0 -0.00190152 0.00242648 0 -0.000722213 0.000952335
internal_weight=0 1902 580 1081 972 495 94 78 401 109 96 821 358 39 463 329 274 134 319 368 85 484 206 81
internal_count=2482 1902 580 1081 972 495 94 78 401 109 96 821 358 39 463 329 274 134 319 368 85 484 206 81
is_linear=0
shrinkage=0.139904


Tree=49
num_leaves=24
num_cat=0
split_feature=5 1 6 2 2 2 1 1 1 2 2 1 2 1 2 1 1 1 2 2 2 1 1
split_gain=0.0281622 0.10889 0.0675191 0.0615218 0.0515146 0.0387601 0.306655 0.0351822 0.030284 0.0239679 0.0152156 0.0109223 0.0482869 0.0664741 0.0417662 0.00674131 0.070589 0.0619245 0.0187022 0.00253967 0.000976042 0.05137 0.0191004
threshold=1.0000000180025095e-35 0.36842286774624472 1.0000000180025095e-35 3.3789997007792629 1.5746371239001469 1.0591049590775425 -0.84878253357978373 -0.30104010298307088 1.2813269187407663 3.3789997007792629 -1.0030237002128752 -1.8225468546406065 1.0000000180025095e-35 -1.6399660444417019 -0.74525761780157318 -1.3965249641764965 -1.5791057743754007 0.6118639480114505 0.28580671184363571 -0.22972545297896871 -1.0030237002128752 1.2813269187407663 0.36842286774624472
decision_type=2 2 2 2 2 2 2 2 2 2 2 2 2 2 2 2 2 2 2 2 2 2 2
left_child=2 3 9 5 8 7 -7 19 -3 10 -1 -12 13 -13 -15 16 -14 18 -17 -2 -4 22 -22
right_child=1 4 20 -5 -6 6 -8 -9 -10 -11 11 12 15 14 -16 17 -18 -19 -20 -21 21 -23 -24
leaf_value=-0.0031255318709291417 -0.0011342204898906918 0.0012339267419777928 0.0032391277119509392 0.027203270562583703 -0.00716465038993207 -0.0050903831073590153 0.00084638045876088462 -0.0021002317360154349 -0.0018811570517824662 -0.00091919729920477171 0.00038435266677597267 -0.00093328706681085512 0.011709725083618826 0.00024621215014835679 0.0021531552858598769 0.00021180955351756165 -0.014212071343642836 -0.0013854994501907149 0.0021209254051478606 0.002480068759812585 0.00021469674195769451 0.001663868913931493 -0.0026807475206553854
leaf_weight=19 127 536 75 11.999999999999998 19 79 45 185 52 11.999999999999998 62 20 29 73 237 66 29 72 235 135 25 49 289
leaf_count=19 127 536 75 12 19 79 45 185 52 12 62 20 29 73 237 66 29 72 235 135 25 49 289
internal_value=0 0 0.000656945 -0.00180146 0.000592392 -0.00232267 -0.00543462 0 0.00143382 0.0014783 0.00166392 0.00178624 0.00193038 0.00335998 0.00401264 0 0 0.000589016 0.00208785 0 0 -0.00022713 -0.00178568
internal_weight=0 1190 1292 583 607 571 124 447 588 854 842 823 761 330 310 431 58 373 301 262 438 363 314
internal_count=2482 1190 1292 583 607 571 124 447 588 854 842 823 761 330 310 431 58 373 301 262 438 363 314
is_linear=0
shrinkage=0.139904


Tree=50
num_leaves=22
num_cat=0
split_feature=0 6 0 0 2 2 0 0 0 2 0 0 2 0 2 0 0 0 2 0 0
split_gain=0.597291 0.104122 0.195006 0.04529 0.144477 0.0593669 0.134985 0.278043 0.120609 0.281478 0.240677 0.0720636 0.145467 0.0858849 0.0184007 0.0171358 0.0239811 0.0167235 0.016659 0.0021937 0.000114673
threshold=-0.61941608643867285 1.0000000180025095e-35 -0.68091329760804464 1.6766769036639302 -0.48749153539027096 0.80133887666624026 0.31322591414811413 -0.18735875668462479 0.30343629399401534 2.6057014535453562 -0.56554032451678737 -0.46823544231396724 1.0000000180025095e-35 -0.56002134402722825 0.54357279425493799 -0.90147541074434934 -0.79595775995587592 -0.44464837093597093 0.28580671184363571 1.4971129313072067 -0.97736139247578568
decision_type=2 2 2 2 2 2 2 2 2 2 2 2 2 2 2 2 2 2 2 2 2
left_child=1 15 -3 4 17 6 7 11 9 10 -7 13 -13 -6 19 20 -17 -2 -5 -8 -1
right_child=3 2 -4 18 5 8 14 -9 -10 -11 -12 12 -14 -15 -16 16 -18 -19 -20 -21 -22
leaf_value=-0.0013743032519956048 0.00022123298999581796 -0.0081931165103485918 0.0066384557605218162 -0.0036843864368491159 0.001657068448837204 -0.0019167313948790852 0.0019966302378947327 -0.0024556675528095034 -0.0014023462627919252 -0.0031984628214528853 0.0037909536637168229 0.0015862822105522894 -0.0022960877675784145 -0.0074077393050414747 -0.00065631316838873183 -0.0015026053938183707 -2.0794247040619885e-05 0.00083231555929833858 0.006060322495782572 0.00087313727373680846 0.0058135799011358319
leaf_weight=126 100 148 24 66 20 14.999999999999998 176 316 109 13.999999999999998 138 137 36 44 21 100 150 574 78 7.9999999999999991 82
leaf_count=126 100 148 24 66 20 15 176 316 109 14 138 137 36 44 21 100 150 574 78 8 82
internal_value=0 -0.003315 -0.00710065 0.00158775 0.00180261 0 0 -0.00189791 0.00202518 0.00449533 0.00750584 0 0.00279403 -0.000198527 0.001714 -3.04288e-05 -0.00114241 0.0035116 0 0.00226777 0
internal_weight=0 630 172 1852 1708 1034 758 553 276 167 153 237 173 64 205 458 250 674 144 184 208
internal_count=2482 630 172 1852 1708 1034 758 553 276 167 153 237 173 64 205 458 250 674 144 184 208
is_linear=0
shrinkage=0.139904


Tree=51
num_leaves=15
num_cat=0
split_feature=3 2 5 5 2 3 2 4 5 5 5 2 2 2
split_gain=0.0747913 0.0800702 0.216181 0.137959 0.0187036 0.11526 0.00708842 0.00323 0.086511 0.0110013 0.00842849 0.000439205 2.64449e-05 1.28888e-06
threshold=1.0000000180025095e-35 1.0000000180025095e-35 -1.214017751899376 1.1199807455555051 -0.48749153539027096 1.1798977793155532 1.5746371239001469 -1.518634353124295 1.0000000180025095e-35 2.2869799942829454 -1.214017751899376 1.0591049590775425 1.0000000180025095e-35 2.6057014535453562
decision_type=2 2 2 2 2 2 2 2 2 2 2 2 2 2
left_child=1 7 11 6 5 -2 -4 10 -9 -10 -1 -3 -6 -14
right_child=4 2 3 -5 12 -7 -8 8 9 -11 -12 -13 13 -15
leaf_value=-0.0074407849975528066 0.0010698286572927585 -0.0051497953687497473 -0.0016844193730642624 0.0027251634337021359 -0.00066441065097606292 -0.0011480630894208194 -0.00012435149562604168 0.00080525318650050658 -0.00077138409440381469 0.026977477926168635 0.0011108749090930515 0.047996873467727727 0.00078259511709324187 6.5125537074572137e-05
leaf_weight=35 303 15.999999999999998 335 24 284 132 93 408 394 12.999999999999998 49 15.999999999999998 362 18
leaf_count=35 303 16 335 24 284 132 93 408 394 13 49 16 362 18
internal_value=0 -0.000563633 -0.00202207 -0.00368589 0.000961239 0.00177163 -0.00453186 0 0.000272418 0 -0.000155048 0 0 3.65566e-05
internal_weight=0 1383 484 452 1099 435 428 899 815 407 84 32 664 380
internal_count=2482 1383 484 452 1099 435 428 899 815 407 84 32 664 380
is_linear=0
shrinkage=0.139904


Tree=52
num_leaves=8
num_cat=0
split_feature=2 2 3 3 5 3 5
split_gain=0.0438452 0.0491528 0.0377847 0.0908834 0.0122107 0.00219965 0.000281103
threshold=-0.22972545297896871 1.5746371239001469 -0.86158447112794823 1.0000000180025095e-35 -1.214017751899376 -0.86158447112794823 4.6209784917378274
decision_type=2 2 2 2 2 2 2
left_child=4 2 -2 -4 -1 -3 -6
right_child=1 5 3 -5 6 -7 -8
leaf_value=-0.0003299190452500643 0.00050936562751999475 -0.0010905198073015183 -0.001190113532565258 -0.00010910585677570001 0.00017585278682051607 0.00083628681785362325 -0.0047768835330655778
leaf_weight=46 204 49 340 407 1271 157 7.9999999999999991
leaf_count=46 204 49 340 407 1271 157 8
internal_value=0 -0.000432718 -0.00110969 -0.00159527 0.000693178 0 0.000826729
internal_weight=0 1157 951 747 1325 206 1279
internal_count=2482 1157 951 747 1325 206 1279
is_linear=0
shrinkage=0.139904


Tree=53
num_leaves=40
num_cat=0
split_feature=0 1 4 0 1 3 1 1 0 1 0 0 0 0 3 0 4 0 1 0 0 1 0 1 0 0 1 0 0 0 0 0 0 0 1 0 0 0 0
split_gain=0.320126 0.374795 0.299538 0.0277388 0.153245 0.0430088 0.133178 0.329323 0.473528 0.102524 0.110821 0.0998312 0.0962608 0.0703915 0.0375267 0.122353 0.0135764 0.160272 0.0468835 0.704706 0.0271823 0.0113088 0.0897914 0.0880963 0.0401986 0.0327353 0.0874024 0.0252192 0.00902546 0.310827 0.00563185 0.00491091 0.119725 0.00422252 0.0849012 0.000117299 0.000112161 4.44589e-05 1.07691e-05
threshold=-0.79595775995587592 0.85530502827665622 1.0000000180025095e-35 -0.70082104865966821 -1.0313633437786878 1.0000000180025095e-35 0.49014340787884753 -0.057599022717865239 0.97037880529774745 -1.4573852342427978 -0.3951089508273104 -0.44464837093597093 2.9818500872959501 -0.41974725658427031 1.1798977793155532 -0.11029013627685444 -1.518634353124295 -1.01349757425266 0.18584205754734043 -0.90147541074434934 -0.91008239222211385 0.49014340787884753 0.19331949279757607 -1.2748044240438936 0.030640972652955702 0.47406477412954812 -1.2139441539775919 -0.34359846625809298 0.24259610431149578 -0.015613340021443399 3.8717856912373398 -0.53091529215967304 -0.2437969024052343 -0.60036246331995724 0.6118639480114505 0.75967201446422683 -0.17086751736463307 0.18451540487375581 1.1004690596944955
decision_type=2 2 2 2 2 2 2 2 2 2 2 2 2 2 2 2 2 2 2 2 2 2 2 2 2 2 2 2 2 2 2 2 2 2 2 2 2 2 2
left_child=2 3 16 4 -2 21 7 9 13 10 -7 -11 -13 -9 36 -16 17 -1 19 -18 -20 22 23 -5 33 26 -24 -25 29 31 -27 -3 -33 -23 -35 37 -8 -26 -38
right_child=1 28 -4 5 -6 6 14 8 -10 11 -12 12 -14 -15 15 -17 18 -19 20 -21 -22 24 25 27 35 30 -28 -29 -30 -31 -32 32 -34 34 -36 -37 38 -39 -40
leaf_value=0.0019728146639153977 0.0022769131191295866 0.0047989545127241446 -0.019220903617494612 0.00043810334495216884 -0.0094242557331063511 -0.0054548191643237452 -0.0028686954297613677 0.00091208851883604132 -0.010053166164825978 0.0025731982881600605 0.0035258832632750173 -0.0023112297331266186 0.016948250565874293 0.004093609865827341 0.0012828502457497115 -0.012199459494536909 0.0062252244223451542 -0.013255846847020481 -0.0063223336913611119 -0.0012557064016065157 0.0056917613144173134 -0.0024828765699632621 -0.00027631299953349061 -0.00015128071937970777 0.0045796159932605975 -0.0022640850676898736 0.007752254270824945 -0.001977067207576573 0.018858286839130423 -0.0036281321933229358 0.070956092382562619 -0.0040732021995173763 0.0023584249339556411 0.013935553479734292 3.2318019204528956e-05 0.015022075943573054 0.0042493257354130048 -0.0072008254282355582 0.0096902585630273992
leaf_weight=34 26 89 77 80 65 14.999999999999998 39 9.9999999999999982 13.999999999999998 37 107 187 8.9999999999999982 132 26 35 80 48 87 57 34 15.999999999999998 22 84 24 208 49 139 50 46 8.9999999999999982 153 101 45 100 7.9999999999999991 76 56 7.9999999999999991
leaf_count=34 26 89 77 80 65 15 39 10 14 37 107 187 9 132 26 35 80 48 87 57 34 16 22 84 24 208 49 139 50 46 9 153 101 45 100 8 76 56 8
internal_value=0 0.000985739 -0.00316564 0 -0.00227841 0.000145245 0.00111577 0.00259154 0.00779627 0 0.00335499 -0.0015143 -0.00351011 0.011338 0 -0.00327886 0 -0.00172483 0 0.0025216 0 0 -0.000608234 -0.00252523 0 0 0.00286022 -0.00400977 0.0045769 0.00127125 0 0.00423369 0 0.00216205 0.00238916 0 0 -0.000162151 0.000155048
internal_weight=0 2065 417 1626 91 1535 695 511 156 355 122 233 196 142 184 61 340 82 258 137 121 840 591 303 249 288 71 223 439 389 217 343 254 161 145 88 123 80 84
internal_count=2482 2065 417 1626 91 1535 695 511 156 355 122 233 196 142 184 61 340 82 258 137 121 840 591 303 249 288 71 223 439 389 217 343 254 161 145 88 123 80 84
is_linear=0
shrinkage=0.139904


Tree=54
num_leaves=9
num_cat=0
split_feature=1 1 1 2 5 2 2 1
split_gain=0.0770032 0.0485764 0.0715334 0.0107288 0.00138372 6.2715e-05 0.00619758 5.84032e-05
threshold=0.7335844881440533 -1.2748044240438936 -0.057599022717865239 1.5746371239001469 3.4539792430103859 1.0000000180025095e-35 0.54357279425493799 0.42928313781254618
decision_type=2 2 2 2 2 2 2 2
left_child=1 5 -3 4 -2 -1 -7 -4
right_child=3 2 7 -5 -6 6 -8 -9
leaf_value=0.0006435594268612713 0.00082445452719797242 -0.00038024780644399893 0.00047568191003475652 -0.0016836770775173059 -0.0037496833977248368 -0.0037160789316545545 0.0012239002625845155 -0.00033590661711717525
leaf_weight=156 700 661 282 14.999999999999998 13.999999999999998 51 165 438
leaf_count=156 700 661 282 15 14 51 165 438
internal_value=0 -0.000445164 -0.000967533 0.00125426 0.00137732 0 0 0
internal_weight=0 1753 1381 729 714 372 216 720
internal_count=2482 1753 1381 729 714 372 216 720
is_linear=0
shrinkage=0.139904


Tree=55
num_leaves=32
num_cat=0
split_feature=0 0 4 2 1 0 4 1 0 1 1 0 0 2 1 2 0 1 2 0 0 1 1 2 1 2 0 4 0 2 2
split_gain=0.0855294 0.0889315 0.322655 0.356846 0.217676 0.181323 0.0882864 0.538524 0.0846076 0.0696238 0.094175 0.399176 0.107343 0.166799 0.355946 0.278019 0.0748907 0.0584433 0.054073 0.018145 0.143307 0.00422056 0.0974177 0.0208821 0.00820601 0.00253955 0.00240451 0.086251 0.0235157 9.03865e-05 0.00374173
threshold=-0.61941608643867285 -0.086505958452802498 1.0000000180025095e-35 0.54357279425493799 0.24670232761364183 0.54476028611485161 1.0000000180025095e-35 0.85530502827665622 -0.50207204888685875 1.1596063786081634 0.24670232761364183 0.57872829698511352 1.5917897275626178 -0.48749153539027096 -1.3356646941101948 -1.0030237002128752 3.8717856912373398 -1.5791057743754007 0.80133887666624026 1.0799042871560198 0.13188798377688957 -0.24017983291676948 -0.66620172338087946 -0.48749153539027096 0.97702556840925903 -0.74525761780157318 -0.41974725658427031 1.0000000180025095e-35 -0.16311466381977643 -0.22972545297896871 1.5746371239001469
decision_type=2 2 2 2 2 2 2 2 2 2 2 2 2 2 2 2 2 2 2 2 2 2 2 2 2 2 2 2 2 2 2
left_child=6 4 3 -3 26 -5 21 25 -6 10 12 18 13 14 -4 -16 17 -14 -12 20 -15 22 29 -24 -23 -8 -2 28 -28 -1 -31
right_child=1 2 9 5 8 -7 7 -9 -10 -11 11 -13 16 19 15 -17 -18 -19 -20 -21 -22 24 23 -25 -26 -27 27 -29 -30 30 -32
leaf_value=0.0012699855778864776 0.00065823147096924495 0.00020112523362368848 -0.0038698002911454715 0.0070151265171692319 -0.00073371637577381694 0.044848199485011855 -4.4068535315673718e-05 0.0016765048601821255 0.00086363937978678419 0.011678919307765693 -0.0033409889535148218 0.0043915960186218612 0.00033485008508732855 0.0037896753725573879 -9.22797531480757e-05 0.0066806043602677728 0.022272625688147186 -0.0051620691688532656 0.004239732932066715 0.0030298004065364122 -0.0020170493262306418 -0.001552849541360239 -0.0012064144514127573 0.011302319359448268 0.0013050262444502037 -0.02285654554932633 -0.0052794896836552089 0.00019043640297598138 -0.0065415994866429112 -0.0020936357597309404 0.0010991318603182998
leaf_weight=69 97 101 27 19 79 26 10.999999999999998 60 468 26 278 69 30 49 13.999999999999998 74 7.9999999999999991 83 24 50 187 199 7.9999999999999991 30 81 66 53 74 15.999999999999998 87 19
leaf_count=69 97 101 27 19 79 26 11 60 468 26 278 69 30 49 14 74 8 83 24 50 187 199 8 30 81 66 53 74 16 87 19
internal_value=0 0.000534328 0 0.00556729 0.00169106 0.0149774 -0.00133933 -0.00446038 0.00343278 -0.00129906 -0.00180275 -0.00355055 0 0.000548625 0.00526261 0.0104225 -0.00392627 -0.00535008 -0.00637789 0 -0.00120815 0 0 0.00648634 -0.000536206 -0.0126118 0 -0.000559544 -0.00476827 0 -0.000124947
internal_weight=0 1852 1065 146 787 45 630 137 547 919 893 371 522 401 115 88 121 113 302 286 236 493 213 38 280 77 240 143 69 175 106
internal_count=2482 1852 1065 146 787 45 630 137 547 919 893 371 522 401 115 88 121 113 302 286 236 493 213 38 280 77 240 143 69 175 106
is_linear=0
shrinkage=0.139904


Tree=56
num_leaves=30
num_cat=0
split_feature=1 0 3 0 1 0 0 0 0 1 0 0 0 0 1 3 3 1 0 0 3 3 0 0 0 0 1 1 1
split_gain=0.14027 0.208667 0.181638 0.19622 0.0865289 0.0780748 0.0509501 0.0558979 0.0293472 0.00686293 0.19194 0.114714 0.0864215 0.078794 0.278186 0.0486029 0.0434197 0.0212846 0.0260213 0.0170255 0.049713 0.0103089 0.00118639 0.0270683 0.210587 0.00847381 0.000253238 0.162025 7.38561e-05
threshold=0.49014340787884753 -0.56554032451678737 1.1798977793155532 -1.1509464693021534 -1.9442673947732094 1.8444801914059978 -0.086505958452802498 0.607308731663187 -0.38104869100867195 -0.30104010298307088 0.38884908728480966 2.0994045283046758 0.41867786278790214 1.3992824319149044 -1.5182455043090994 1.1798977793155532 -0.86158447112794823 -0.17931956285046807 -0.41974725658427031 -0.41974725658427031 -0.86158447112794823 1.1798977793155532 -1.0072558701275633 -0.38807882091799112 -0.26600422866084072 -0.33315182461714199 -1.4573852342427978 -1.0922236138449894 -1.8834071247069077
decision_type=2 2 2 2 2 2 2 2 2 2 2 2 2 2 2 2 2 2 2 2 2 2 2 2 2 2 2 2 2
left_child=1 4 3 -2 -1 22 8 -8 -4 12 16 15 19 14 -14 -12 -11 -18 -19 -3 -21 -22 -5 -24 25 -25 28 -28 -15
right_child=2 9 6 5 -6 -7 7 -9 -10 10 11 -13 13 26 -16 -17 17 18 -20 20 21 -23 23 24 -26 -27 27 -29 -30
leaf_value=0.0013930098471563849 -0.016881716742932155 0.0010777650540006109 -0.0028636160906844129 0.00040935732250899244 -0.0013416701717662767 -0.0025049232976192821 -0.010212744469622245 0.0079127003790378601 0.0051081789537594366 -0.0025923303550657766 -0.0027333691321702117 0.011006389674768878 -0.00114047221935744 0.00028800322284865934 0.002521914195451194 -0.0021085000718515717 -5.1517347245966663e-05 -0.0024630980085124715 0.0024929669453971066 0.0011584827139875286 -0.0026910024426190773 0.00026561105367451287 0.0017958912174888412 -0.001173588947623842 0.00080472465200547168 -0.0088568563445070529 -0.0090929969427051369 0.010299490950526676 0.0074097166969443514
leaf_weight=8.9999999999999982 27 55 72 41 376 8.9999999999999982 34 8.9999999999999982 34 70 81 7.9999999999999991 54 22 121 13.999999999999998 21 14.999999999999998 178 65 161 26 288 42 466 52 52 42 38
leaf_count=9 27 55 72 41 376 9 34 9 34 70 81 8 54 22 121 14 21 15 178 65 161 26 288 42 466 52 52 42 38
internal_value=0 -0.000603102 0.0014363 0.00249118 -0.00342385 0.00326088 0 -0.00445172 0 0 0 -0.00583504 0.000456952 0.00233001 0.00429808 -0.00765856 4.86032e-05 0.00196037 0.00251508 0 -0.0011336 -0.00259274 0.00352775 0.00361507 0.000764772 -0.00152055 0 -0.000139745 0.000210323
internal_weight=0 1408 1074 925 385 898 149 43 106 1023 387 103 636 329 175 95 284 214 193 307 252 187 889 848 560 94 154 94 60
internal_count=2482 1408 1074 925 385 898 149 43 106 1023 387 103 636 329 175 95 284 214 193 307 252 187 889 848 560 94 154 94 60
is_linear=0
shrinkage=0.139904


Tree=57
num_leaves=22
num_cat=0
split_feature=1 3 0 0 3 1 0 1 0 0 2 2 0 1 2 2 2 0 2 2 2
split_gain=0.131789 0.16018 0.153496 0.150709 0.130528 0.18919 0.0742708 0.0732498 0.117645 0.0893546 0.0569546 0.149855 0.0541678 0.119811 0.0478648 0.0211555 0.014912 0.00570941 0.0413986 0.000105246 8.73048e-05
threshold=0.49014340787884753 1.1798977793155532 0.036094250993829506 -1.1509464693021534 1.1798977793155532 -1.2748044240438936 1.8444801914059978 -0.30104010298307088 0.38884908728480966 2.0994045283046758 0.54357279425493799 -0.22972545297896871 1.5917897275626178 -1.5182455043090994 2.3479353711340543 -0.22972545297896871 1.5746371239001469 0.17492289116571272 -0.74525761780157318 -0.74525761780157318 -0.74525761780157318
decision_type=2 2 2 2 2 2 2 2 2 2 2 2 2 2 2 2 2 2 2 2 2
left_child=2 3 4 -2 5 15 -5 12 17 -10 11 -7 13 -4 -12 -1 -17 -9 -19 -6 -3
right_child=1 20 7 6 19 10 -8 8 9 -11 14 -13 -14 -15 -16 16 -18 18 -20 -21 -22
leaf_value=0.0041678156436082735 -0.014519897248700776 0.0005034622227975895 -0.00014763228982972985 0.0008069368512337126 -0.0054310202529541099 -0.0014224133037582546 -0.0021544745390032079 -4.4309864922497791e-05 -0.0023509598902907661 0.0094665518673455983 -0.0023369564997906887 0.0027148418067527436 -0.00066893884487948473 0.0018349806223959346 8.7732468078594557e-06 -0.0035488432490877637 0.00084493146208425914 -0.0096730425127439096 0.012314845201516047 0.0029291774716350325 -0.0016851157965889153
leaf_weight=50 27 39 92 889 9.9999999999999982 236 8.9999999999999982 51 95 7.9999999999999991 123 144 129 217 11.999999999999998 74 22 7.9999999999999991 47 90 110
leaf_count=50 27 39 92 889 10 236 9 51 95 8 123 144 129 217 12 74 22 8 47 90 110
internal_value=0 0.00156568 -0.000207703 0.00249118 -0.00193038 -0.00284723 0.00310634 0.000556178 0 -0.00456688 -0.00417879 -0.000397766 0.00191678 0.00291961 -0.00845513 0 0 0.000124947 0.00134964 0 0
internal_weight=0 1074 1408 925 761 661 898 647 209 103 515 380 438 309 135 146 96 106 55 100 149
internal_count=2482 1074 1408 925 761 661 898 647 209 103 515 380 438 309 135 146 96 106 55 100 149
is_linear=0
shrinkage=0.139904


Tree=58
num_leaves=23
num_cat=0
split_feature=0 0 0 0 1 0 0 0 0 0 1 0 0 1 0 1 1 1 1 1 1 1
split_gain=0.150417 0.117354 0.23947 0.115271 0.0773842 0.118704 0.26521 0.0492788 0.123601 0.0411389 0.0214053 0.00122808 0.0489254 0.0608573 0.17389 0.0352313 0.0433488 0.00375254 0.00391513 0.0011108 0.000439205 4.01958e-05
threshold=-0.23801511332093431 1.5917897275626178 0.78831815129098548 -0.17540096562391369 0.67272421807775196 -0.90147541074434934 -0.70082104865966821 -0.8227642366194482 -0.40450435808929774 2.7210782591642872 1.0378858384755605 1.0000000180025095e-35 0.62353716238843793 0.24670232761364183 0.13188798377688957 0.064121517414737511 -1.5182455043090994 0.6118639480114505 0.91616529834295768 0.36842286774624472 -1.4573852342427978 0.30756259767994326
decision_type=2 2 2 2 2 2 2 2 2 2 2 2 2 2 2 2 2 2 2 2 2 2
left_child=4 2 3 -2 5 -1 -7 -6 -9 -3 -4 15 13 14 -13 16 -5 19 -19 -17 -11 -14
right_child=1 9 10 11 7 6 -8 8 -10 20 -12 12 21 -15 -16 17 -18 18 -20 -21 -22 -23
leaf_value=0.00058236139856531106 0.0026697808578770078 -0.0019955617413213275 0.0020132447281957667 0.000320572372408975 -0.0021190452205796617 -0.0025272684665705613 -0.00012267903457286093 0.0014795134863220104 -0.0038785047001980732 0.054193856431266486 0.0048931391729617737 0.013248837660803581 -0.0030408349010376469 -0.00019921802619005431 3.2265217481282973e-05 0.0021312029337893857 -0.0091671302553095069 -0.0041530110190329964 0.0002979538414222144 0.0030524544082272515 -0.0052796710548183492 0.00051794707943923378
leaf_weight=189 101 100 184 14.999999999999998 132 170 328 208 126 15.999999999999998 7.9999999999999991 52 52 296 178 22 48 85 50 67 37 18
leaf_count=189 101 100 184 15 132 170 328 208 126 16 8 52 52 296 178 22 48 85 50 67 37 18
internal_value=0 0.00152865 0.0021401 0.000296541 -0.000313637 -0.00153162 -0.00279664 0 0.00168104 0 0.00709007 0 0 0.00133818 0.00300723 -0.00028578 -0.00318561 0 0 0.000873238 0 -0.000183122
internal_weight=0 1329 1176 984 1153 687 498 466 334 153 192 883 596 526 230 287 63 224 135 89 53 70
internal_count=2482 1329 1176 984 1153 687 498 466 334 153 192 883 596 526 230 287 63 224 135 89 53 70
is_linear=0
shrinkage=0.139904


Tree=59
num_leaves=8
num_cat=0
split_feature=3 6 2 2 2 2 4
split_gain=0.0519172 0.140163 0.106325 0.0164013 0.0025427 0.151315 0.17529
threshold=1.0000000180025095e-35 1.0000000180025095e-35 0.54357279425493799 -0.48749153539027096 0.28580671184363571 1.0000000180025095e-35 1.0000000180025095e-35
decision_type=2 2 2 2 2 2 2
left_child=4 2 -2 -3 5 -1 -7
right_child=1 3 -4 -5 -6 6 -8
leaf_value=6.1979382350578713e-05 0.0011464120986368089 0.0012309992429995456 -7.3057078934213077e-05 -0.0024255079306871492 0.00036394416928366027 2.7050973318562205e-05 -0.0099878632315321472
leaf_weight=899 460 250 240 149 382 45 57
leaf_count=899 460 250 240 149 382 45 57
internal_value=0 0.0010877 0.00239355 0 0 -0.000222166 -0.00524854
internal_weight=0 1099 700 399 1383 1001 102
internal_count=2482 1099 700 399 1383 1001 102
is_linear=0
shrinkage=0.139904


Tree=60
num_leaves=8
num_cat=0
split_feature=0 0 0 0 4 0 3
split_gain=0.0785943 0.0463153 0.104685 0.0385506 0.0147077 0.0264695 0.00777494
threshold=-0.85949173773448984 1.3992824319149044 0.78831815129098548 0.62353716238843793 1.0000000180025095e-35 3.8717856912373398 1.1798977793155532
decision_type=2 2 2 2 2 2 2
left_child=6 2 3 -2 -3 -6 -1
right_child=1 4 -4 -5 5 -7 -8
leaf_value=-0.00099523774695456997 0.00014126203800473314 0.023669354771470499 0.0016470543686439496 -0.0018232176099971821 -0.0015825390763847939 0.013801503600244614 0.00092965638819756844
leaf_weight=286 1722 22 156 70 157 9.9999999999999982 59
leaf_count=286 1722 22 156 70 157 10 59
internal_value=0 0.000887397 0.00115205 0.000318884 0 -0.00128507 -0.000635827
internal_weight=0 2137 1948 1792 189 167 345
internal_count=2482 2137 1948 1792 189 167 345
is_linear=0
shrinkage=0.139904


Tree=61
num_leaves=22
num_cat=0
split_feature=0 0 1 1 1 0 0 2 0 2 1 1 1 0 1 2 0 2 2 0 0
split_gain=0.0876634 0.103833 0.112558 0.0682018 0.142725 0.0594668 0.0570223 0.122972 0.0379483 0.0344699 0.0201879 0.0718232 0.0188075 0.083857 0.0762648 0.0165184 0.015965 0.00896132 0.066576 0.00105927 0.000439205
threshold=0.036094250993829506 1.3992824319149044 -1.5182455043090994 0.49014340787884753 -0.84878253357978373 -1.2165172136900091 -0.086505958452802498 -0.22972545297896871 -0.027833939676895497 2.0901692887227514 0.42928313781254618 0.6118639480114505 -1.4573852342427978 3.8717856912373398 0.7335844881440533 2.0901692887227514 0.26125551453810009 -0.22972545297896871 -1.0030237002128752 0.48858494898898303 2.7210782591642872
decision_type=2 2 2 2 2 2 2 2 2 2 2 2 2 2 2 2 2 2 2 2 2
left_child=3 2 -2 4 17 -5 7 -7 9 -6 -4 19 20 14 15 -14 -13 18 -1 -12 -3
right_child=1 12 10 5 8 6 -8 -9 -10 -11 11 16 13 -15 -16 -17 -18 -19 -20 -21 -22
leaf_value=-0.030407654306835737 -0.00063513766084658668 -0.00015233806828041498 0.00099160932826256412 -0.048038818624315749 -0.00096449009916353603 0.0010336148242166144 -0.0011911260380411271 -0.00058796111702780164 0.0061474749437894806 0.00018597575792193106 -0.016128919752596761 0.0001315543966846325 -0.0054792655839237632 0.023460086671555688 0.010033531761502967 -0.0015119601890520007 0.0053355246492464347 -0.00074605370910678294 0.0019399197741048599 0.00062049297936014685 0.043280134544567757
leaf_weight=7.9999999999999991 86 44 356 23 368 529 94 184 27 12.999999999999998 59 77 101 9.9999999999999982 7.9999999999999991 9.9999999999999982 108 225 120 15.999999999999998 15.999999999999998
leaf_count=8 86 44 356 23 368 529 94 184 27 13 59 77 101 10 8 10 108 225 120 16 16
internal_value=0 0.00149529 0.0023868 0 -0.00120202 0.000518166 0.00130592 0.00186479 -0.00306581 -0.00345912 0.00316501 0 0 -0.00164329 -0.00398844 -0.00544052 0.0026197 0 0.0011385 -0.00102175 0
internal_weight=0 891 702 1591 761 830 807 713 408 381 616 260 189 129 119 111 185 353 128 75 60
internal_count=2482 891 702 1591 761 830 807 713 408 381 616 260 189 129 119 111 185 353 128 75 60
is_linear=0
shrinkage=0.139904


Tree=62
num_leaves=34
num_cat=0
split_feature=0 1 0 3 0 2 0 0 1 1 1 0 2 0 2 0 0 2 0 0 2 5 0 0 2 1 0 0 0 0 1 1 1
split_gain=0.0562269 0.0443163 0.176262 0.124217 0.148856 0.192354 0.136271 0.0691145 0.0649182 0.128481 0.0604108 0.141581 0.106507 0.160998 0.0810235 0.130553 0.0698774 0.0540602 0.21047 0.0444038 0.0434517 0.149452 0.374519 0.0346837 0.0312801 0.00782957 0.00751703 0.00748016 0.00669583 0.00129868 0.0117609 0.0276225 0.00952439
threshold=0.78831815129098548 0.91616529834295768 -0.8227642366194482 1.0000000180025095e-35 0.33536753825503535 1.5746371239001469 -0.10680792239653754 -0.46823544231396724 0.24670232761364183 -1.8834071247069077 -0.057599022717865239 -0.77394754014632505 0.80133887666624026 0.32268702355878659 0.54357279425493799 -1.0604089084139114 -0.64569694591276339 -1.0030237002128752 -0.33315182461714199 -1.0465457550413289 1.0591049590775425 1.1199807455555051 1.0183413738379625 -0.90147541074434934 -0.74525761780157318 1.0000000180025095e-35 -0.26600422866084072 -1.01349757425266 -0.086505958452802498 -0.61941608643867285 -0.97050307371238664 0.67272421807775196 -1.3356646941101948
decision_type=2 2 2 2 2 2 2 2 2 2 2 2 2 2 2 2 2 2 2 2 2 2 2 2 2 2 2 2 2 2 2 2 2
left_child=1 3 27 4 6 25 17 -4 9 -8 11 19 13 16 15 -12 -13 -1 29 -5 21 22 -2 -21 -11 -6 -9 -3 -28 30 -19 -32 -31
right_child=20 2 7 10 5 -7 8 26 -10 24 14 12 -14 -15 -16 -17 -18 18 -20 23 -22 -23 -24 -25 -26 -27 28 -29 -30 32 31 -33 -34
leaf_value=0.0017553916398686186 0.011713066678778509 0.0022444738435889217 0.0024206689451053602 -0.0086263228198890408 -0.00017332285420127705 0.019821221501219861 -0.0084728277039895598 -0.0036597277347996649 -2.327494054579604e-05 -0.00029451034669284983 -0.015111878026946593 0.00091421856814190034 0.000707755798117319 0.00072786516966353914 -0.00099213174613138285 0.0015403433665932571 -0.0037056209109062694 0.00052266760714113391 -0.0037450293368737385 0.0054047389849998613 -4.3227379552099404e-05 -0.0003555027406777734 0.00019516169039609509 -0.00017315320849583743 0.0063703524590129007 -0.017301753915695241 0.0020547564723557496 -0.0070174318098209379 -0.00055108802055221003 -0.004528894682660353 -0.001592176381123634 0.0007080421478117343 0.001438253336438681
leaf_weight=35 52 45 107 9.9999999999999982 67 8.9999999999999982 8.9999999999999982 92 151 11.999999999999998 17 22 60 40 72 331 117 82 147 40 101 52 140 28 77 46 78 41 76 17 159 30 120
leaf_count=35 52 45 107 10 67 9 9 92 151 12 17 22 60 40 72 331 117 82 147 40 101 52 140 28 77 46 78 41 76 17 159 30 120
internal_value=0 0 0.00112884 -0.000418501 -0.00167615 -0.0066005 0 0.00333964 0.00141978 0.00411951 0.000113004 0 -0.00318134 -0.00495669 0.00167012 0.00279603 -0.00726785 -0.00189746 -0.00238875 0.00180569 0.0018271 0.00283971 0.00498436 0.00390286 0.00668314 -0.00883835 0 0 0.00095501 0 -0.000302209 -0.00114107 0
internal_weight=0 2137 439 1698 961 122 839 353 249 98 737 317 239 179 420 348 139 590 555 78 345 244 192 68 89 113 246 86 154 408 271 189 137
internal_count=2482 2137 439 1698 961 122 839 353 249 98 737 317 239 179 420 348 139 590 555 78 345 244 192 68 89 113 246 86 154 408 271 189 137
is_linear=0
shrinkage=0.139904


Tree=63
num_leaves=17
num_cat=0
split_feature=6 5 1 1 5 2 2 1 5 3 2 2 1 2 2 2
split_gain=0.0421435 0.157983 0.0648772 0.0406153 0.0435592 0.116445 0.0392037 0.168383 0.105002 0.0293776 0.0657559 0.0286317 0.0729956 0.0243093 7.68272e-05 0.0989597
threshold=1.0000000180025095e-35 1.0000000180025095e-35 -1.4573852342427978 1.5247679990059719 1.0000000180025095e-35 -1.0030237002128752 0.54357279425493799 -1.3965249641764965 1.1199807455555051 1.0000000180025095e-35 -0.48749153539027096 0.28580671184363571 0.85530502827665622 2.6057014535453562 -0.48749153539027096 0.80133887666624026
decision_type=2 2 2 2 2 2 2 2 2 2 2 2 2 2 2 2
left_child=1 2 14 4 5 -2 9 -8 -9 11 -11 12 -3 -4 -1 -16
right_child=3 6 13 -5 -6 -7 7 8 -10 10 -12 -13 -14 -15 15 -17
leaf_value=0.0039361430478896961 0.0018776404574585618 -0.0020968391607906864 0.00084757089363724858 0.011611252144119731 -3.3207559426663694e-06 -0.0013584982835159411 0.0015337928124438413 -0.0046327321771800723 0.0072503020467288622 -0.00021229987712621947 0.00368293665510267 0.0051073699849906668 0.00087435908073894017 -0.00017202451539591549 -0.002620867608787669 0.00049612830944331025
leaf_weight=35 69 201 682 20 452 359 66 154 18 94 129 38 28 10.999999999999998 61 65
leaf_count=35 69 201 682 20 452 359 66 154 18 94 129 38 28 11 61 65
internal_value=0 0.000713129 0.00212802 -0.0001698 -0.000961978 -0.00196081 0 -0.00176859 -0.00476008 0 0.00158005 0 -0.00153994 0.00271713 0 -0.000106203
internal_weight=0 1582 854 900 880 428 728 238 172 490 223 267 229 693 161 126
internal_count=2482 1582 854 900 880 428 728 238 172 490 223 267 229 693 161 126
is_linear=0
shrinkage=0.139904


Tree=64
num_leaves=13
num_cat=0
split_feature=5 0 1 0 1 1 0 0 0 0 0 0
split_gain=0.0286538 0.23335 0.102041 0.21074 0.0322181 0.102347 0.0168754 0.0152663 0.024582 0.0110936 0.00142984 0.00281676
threshold=1.0000000180025095e-35 0.036094250993829506 0.36842286774624472 1.1004690596944955 1.0378858384755605 1.2813269187407663 -0.086505958452802498 -0.25641171495279774 -0.56002134402722825 -0.97736139247578568 -0.45424088464401396 -0.3621264721873268
decision_type=2 2 2 2 2 2 2 2 2 2 2 2
left_child=1 6 3 -2 -4 -6 7 8 9 -1 -10 -12
right_child=2 -3 4 -5 5 -7 -8 -9 10 -11 11 -13
leaf_value=-0.0001449067313893915 -0.0010006268053229348 0.0025630042150860768 -2.1185152795249324e-05 0.00029119351148055201 0.0062872404895657234 -0.00065098789226203466 -0.004587873899761178 0.0011969756441071754 -0.0015541032699913843 0.00054892093094191887 0.0012281825300855121 -0.00096147374537684338
leaf_weight=152 392 159 493 191 62 52 66 157 111 431 95 121
leaf_count=152 392 159 493 191 62 52 66 157 111 431 95 121
internal_value=0 0.000656945 -1.18257e-05 -0.00180146 0.000364655 0.00242305 0 7.82924e-05 0 0.00037948 -0.00108853 0
internal_weight=0 1292 1190 583 607 114 1133 1067 910 583 327 216
internal_count=2482 1292 1190 583 607 114 1133 1067 910 583 327 216
is_linear=0
shrinkage=0.139904


Tree=65
num_leaves=31
num_cat=0
split_feature=0 1 0 3 0 0 1 0 5 5 1 0 1 1 1 1 0 0 1 1 0 0 0 1 5 0 0 1 1 0
split_gain=0.0175675 0.0649213 0.10996 0.0746193 0.0470524 0.0478692 0.352915 0.180474 0.1608 0.157623 0.128548 0.0927577 0.0851226 0.333626 0.0425036 0.0157694 0.0127218 0.102705 0.0206087 0.0942512 0.307681 0.0411772 0.067114 0.0107279 0.00730489 0.00428658 0.0137264 0.00382154 0.0202623 0.0214385
threshold=1.0799042871560198 1.2204666486744649 -1.1355721665098104 1.0000000180025095e-35 -1.0992388782868801 -0.45962846083620251 -0.97050307371238664 0.016055095644835603 1.0000000180025095e-35 -1.214017751899376 0.064121517414737511 0.75967201446422683 0.18584205754734043 0.6118639480114505 -1.0922236138449894 -0.17931956285046807 -0.95068632010958376 -1.2165172136900091 -0.057599022717865239 -1.0922236138449894 -0.76205545123429907 1.0000000180025095e-35 0.78831815129098548 0.91616529834295768 -1.214017751899376 -0.18019722247793515 -0.059305268897118839 0.18584205754734043 0.79444475821035476 -0.132497462532461
decision_type=2 2 2 2 2 2 2 2 2 2 2 2 2 2 2 2 2 2 2 2 2 2 2 2 2 2 2 2 2 2
left_child=1 3 -3 4 -1 6 14 12 -8 -9 -11 -12 -7 -14 -6 -2 17 -5 19 -18 -21 27 23 -23 -4 -15 -27 -20 29 -29
right_child=15 2 24 16 5 7 8 9 -10 10 11 -13 13 25 -16 -17 18 -19 21 20 -22 22 -24 -25 -26 26 -28 28 -30 -31
leaf_value=0.0015123888124268447 0.0010242420400395067 -0.035783860929894135 -0.0038510491581143385 -0.038871142969536879 -0.0020842532701796593 -0.00055854699798414296 -0.0020988251640843185 0.010216232117272237 0.00044487776806698668 -0.00014097897618179492 -0.0050735777795488683 0.0085238072879293674 0.0068443918806386306 0.00097758156342849954 0.0058464773316868751 -0.00024850814396362567 0.00021048858901381027 0.008555881230677494 0.012200883527288381 0.0034426265100382897 -0.0025916694596613858 0.0037444091041317503 -0.00055488833085717555 0.0033782664045887696 0.0026533951887115262 -0.0099572958899818258 0.0054726684273450612 -9.8474230456510272e-05 0.00040174993677164546 -0.0038825807514224369
leaf_weight=30 199 17 7.9999999999999991 11.999999999999998 60 107 230 11.999999999999998 45 171 165 14.999999999999998 91 111 53 53 144 76 21 29 148 134 8.9999999999999982 13.999999999999998 141 60 17 127 134 49
leaf_count=30 199 17 8 12 60 107 230 12 45 171 165 15 91 111 53 53 144 76 21 29 148 134 9 14 141 60 17 127 134 49
internal_value=0 -6.88605e-05 0.00169608 -0.000614726 -0.00138212 -0.00166288 -0.00322091 0 -0.00624452 -0.00287167 -0.00413917 -0.0067974 0.0011031 0.0027369 0 0.0011336 0 0.00161626 0 -0.00110842 -0.00349242 0 0.00221468 0.00369412 0.00411798 0 -0.000997511 0 -0.000485512 -0.00160357
internal_weight=0 2230 166 2064 1167 1137 388 749 275 363 351 180 386 279 113 252 897 88 809 321 177 488 157 148 149 188 77 331 310 176
internal_count=2482 2230 166 2064 1167 1137 388 749 275 363 351 180 386 279 113 252 897 88 809 321 177 488 157 148 149 188 77 331 310 176
is_linear=0
shrinkage=0.139904


Tree=66
num_leaves=16
num_cat=0
split_feature=1 3 3 2 0 0 0 0 2 1 0 2 0 1 1
split_gain=0.0674891 0.17029 0.158975 0.135494 0.0798294 0.0875011 0.0707893 0.0625406 0.083902 0.0236439 0.0214484 0.00802399 0.05711 0.00017869 0.000112161
threshold=0.49014340787884753 1.1798977793155532 1.0000000180025095e-35 1.5746371239001469 2.4948657612410532 -1.0777542756668113 -1.2535075233997917 -0.42901125954888714 0.28580671184363571 0.42928313781254618 1.8444801914059978 -0.74525761780157318 -0.96691475083483469 -0.11845929278416668 -1.0313633437786878
decision_type=2 2 2 2 2 2 2 2 2 2 2 2 2 2 2
left_child=2 6 3 4 5 -1 -2 13 9 -9 -8 -3 -13 14 -4
right_child=1 11 7 -5 -6 -7 10 8 -10 -11 -12 12 -14 -15 -16
leaf_value=0.0039184817901499443 -0.10684367549275101 0.001454675569370149 -0.0018610509445897106 0.00046893990434814908 0.0009339865918718569 -0.00076470092942075726 0.00076250885157365378 0.00053342446759732133 -0.00028910619380165638 -0.0001752638351507615 -0.00021374086360762069 0.012385416583531723 -0.0031779704443863697 -0.0017333880422549385 0.0034774428552584789
leaf_weight=17 11.999999999999998 39 61 100 25 626 904 239 168 38 8.9999999999999982 17 93 50 84
leaf_count=17 12 39 61 100 25 626 904 239 168 38 9 17 93 50 84
internal_value=0 0.00104815 -0.000306553 -0.00200317 -0.0029213 -0.0033563 0.00219106 0.000454129 0.00173247 0.00324821 0.00252366 -0.000538067 -0.00131318 0 0
internal_weight=0 1074 1408 768 668 643 925 640 445 277 913 149 110 195 145
internal_count=2482 1074 1408 768 668 643 925 640 445 277 913 149 110 195 145
is_linear=0
shrinkage=0.139904


Tree=67
num_leaves=9
num_cat=0
split_feature=1 3 3 1 1 6 1 1
split_gain=0.0463094 0.109933 0.0945392 0.192294 0.091671 0.0530843 0.00335195 0.0276753
threshold=0.49014340787884753 1.1798977793155532 1.1798977793155532 -0.30104010298307088 -1.0922236138449894 1.0000000180025095e-35 -0.605341453314578 -1.2748044240438936
decision_type=2 2 2 2 2 2 2 2
left_child=2 -2 3 6 -4 -6 7 -1
right_child=1 -3 4 -5 5 -7 -8 -9
leaf_value=0.00016876862529606348 0.00054244295849708083 -0.00095226664865856578 -0.0014471620891746912 -0.00066085904421823668 0.0066543408036424346 -4.2527667884337409e-05 0.0024744812095763057 -0.00056445648339797645
leaf_weight=330 925 149 59 453 104 21 101 340
leaf_count=330 925 149 59 453 104 21 101 340
internal_value=0 0.000789389 -0.000405403 -0.00126133 0.00080526 0.00380758 0 -2.09046e-05
internal_weight=0 1074 1408 1224 184 125 771 670
internal_count=2482 1074 1408 1224 184 125 771 670
is_linear=0
shrinkage=0.139904


Tree=68
num_leaves=14
num_cat=0
split_feature=0 0 0 0 0 5 3 0 5 5 0 0 0
split_gain=0.00197619 0.0320611 0.029969 0.0271315 0.0176841 0.0481604 0.033846 0.111166 0.0608792 0.0308327 0.0369481 0.00294475 0.000199581
threshold=-0.70082104865966821 -1.01349757425266 -1.3816267133359827 -1.0992388782868801 -0.086505958452802498 -1.214017751899376 1.0000000180025095e-35 1.0000000180025095e-35 -1.214017751899376 2.2869799942829454 0.016055095644835603 -0.56554032451678737 -0.064364334345881333
decision_type=2 2 2 2 2 2 2 2 2 2 2 2 2
left_child=1 2 -1 -4 5 -2 8 12 -6 10 -10 -7 -8
right_child=4 -3 3 -5 6 11 7 -9 9 -11 -12 -13 -14
leaf_value=-0.26223884811569864 -0.0029362205307864792 -0.00077932185792242215 0.0058877645445516427 -7.6687103259277003e-05 0.0087953772847047182 1.1490781875853294e-05 0.0028233360438876453 0.00044189822635171111 0.0025768499722053596 0.00057649946728669768 -0.00047199666820013192 0.00029723046771336581 -0.0039254647492585571
leaf_weight=9.9999999999999982 25 389 70 70 24 141 14.999999999999998 426 75 18 463 712 44
leaf_count=10 25 389 70 70 24 141 15 426 75 18 463 712 44
internal_value=0 -0.000153959 0 0.00199542 0.000114861 0.000648098 0 0.000455018 -0.000976936 -0.00176363 -0.00207839 0.0012361 0
internal_weight=0 539 150 140 1943 878 1065 485 580 556 538 853 59
internal_count=2482 539 150 140 1943 878 1065 485 580 556 538 853 59
is_linear=0
shrinkage=0.139904


Tree=69
num_leaves=15
num_cat=0
split_feature=1 1 0 0 0 0 0 5 0 0 0 0 0 0
split_gain=0.0704361 0.182983 0.0531082 0.0473007 0.0431698 0.00809627 0.00762326 0.0856772 0.0319202 0.00502507 0.00456704 0.000147757 3.86049e-05 0.0930449
threshold=0.49014340787884753 -0.30104010298307088 -1.3816267133359827 2.0994045283046758 -0.56002134402722825 -0.26600422866084072 0.41867786278790214 1.0000000180025095e-35 0.16355641944316859 -0.56554032451678737 1.549674650255388 -0.33315182461714199 0.62353716238843793 1.1527022678992505
decision_type=2 2 2 2 2 2 2 2 2 2 2 2 2 2
left_child=1 6 -2 -3 -4 11 8 -8 9 -1 -7 -6 -9 -14
right_child=2 3 4 -5 5 10 7 12 -10 -11 -12 -13 13 -15
leaf_value=-0.00042560723674205618 -0.23893554983950627 -0.00053214541966572831 0.0014467886001657494 0.0056836022394969573 3.4662889907631724e-05 0.00061471600924598881 0.021744530046236984 0.0037202377454498476 -0.0056204754025157913 0.00059134990659309998 -0.0003403821719716925 -0.0061260475536884197 -0.0027804023460614551 0.00017260244904778276
leaf_weight=242 7.9999999999999991 522 302 7.9999999999999991 164 527 40 31 73 234 10.999999999999998 62 96 162
leaf_count=242 8 522 302 8 164 527 40 31 73 234 11 62 96 162
internal_value=0 -0.000800801 0.000660007 -0.00289046 0.00118631 0 0 0.000666075 0 0 0.000539072 0 0 -5.33661e-05
internal_weight=0 1408 1074 530 1066 764 878 329 549 476 538 226 289 258
internal_count=2482 1408 1074 530 1066 764 878 329 549 476 538 226 289 258
is_linear=0
shrinkage=0.139904


Tree=70
num_leaves=16
num_cat=0
split_feature=0 1 1 0 4 1 0 0 0 1 1 0 0 1 0
split_gain=0.0169915 0.077881 0.0905672 0.144091 0.069513 0.0182205 0.139919 0.0113773 0.0497555 0.0817272 7.04947e-05 0.0734991 0.0995266 0.0411216 0.197602
threshold=0.075252731610224458 0.49014340787884753 -0.84878253357978373 -0.41337414816180323 1.0000000180025095e-35 0.67272421807775196 0.40251513421133661 -1.3816267133359827 -0.84148934899473771 0.85530502827665622 -1.2139441539775919 0.25343695884455819 1.7584760787770368 -1.0313633437786878 2.7210782591642872
decision_type=2 2 2 2 2 2 2 2 2 2 2 2 2 2 2
left_child=1 2 -1 -4 5 6 -2 -3 9 -9 11 -6 -13 14 -12
right_child=4 7 3 -5 10 -7 -8 8 -10 -11 13 12 -14 -15 -16
leaf_value=8.7080180327724378e-06 -0.00065685186636544094 -0.2055075135758288 -0.0011947081880098645 4.6209166076066362e-05 0.010424968248617066 -0.00014266363675363223 0.025713568665744119 0.0093421004758015465 9.0494529125909128e-06 -0.00013469540780211353 0.0026817444905223916 -0.0023608381081514566 0.00056334963464000091 -8.6204161248706028e-05 -0.008176480900304945
leaf_weight=359 43 7.9999999999999991 225 192 19 22 47 60 688 90 47 115 54 505 7.9999999999999991
leaf_count=359 43 8 225 192 19 22 47 60 688 90 47 115 54 505 8
internal_value=0 -0.00026629 -0.0014469 -0.00283593 0.000500243 0.00363617 0.00445815 0 0.000513262 0.00275787 0 -7.24917e-05 -0.00285742 2.49579e-05 0.00359454
internal_weight=0 1622 776 417 860 112 90 846 838 150 748 188 169 560 55
internal_count=2482 1622 776 417 860 112 90 846 838 150 748 188 169 560 55
is_linear=0
shrinkage=0.139904


Tree=71
num_leaves=9
num_cat=0
split_feature=0 4 5 0 0 0 0 4
split_gain=0.0190347 0.130981 0.0133587 0.00421376 0.0177047 0.00479767 0.000144918 2.98341e-05
threshold=-0.70082104865966821 1.0000000180025095e-35 1.1199807455555051 -0.086505958452802498 0.06566021790218142 1.3992824319149044 0.075252731610224458 -1.518634353124295
decision_type=2 2 2 2 2 2 2 2
left_child=1 7 -3 -2 -5 6 -6 -1
right_child=3 2 -4 4 5 -7 -8 -9
leaf_value=-0.0027868279250360642 0.00017387396615298455 -0.0015758801799544326 0.00090273354715102367 -0.00099443226620151088 -0.0054012393232980137 -0.00022616347450429272 0.00025425540736007964 0.00055582038920648296
leaf_weight=93 878 100 9.9999999999999982 195 9.9999999999999982 189 671 336
leaf_count=93 878 100 10 195 10 189 671 336
internal_value=0 -0.000666127 -0.00489064 0.000258328 0 0.000335074 0.000528706 0
internal_weight=0 539 110 1943 1065 870 681 429
internal_count=2482 539 110 1943 1065 870 681 429
is_linear=0
shrinkage=0.139904


Tree=72
num_leaves=25
num_cat=0
split_feature=0 2 0 0 2 0 3 0 0 2 0 0 0 0 3 0 0 0 3 3 0 0 0 0
split_gain=0.00678407 0.0229936 0.126039 0.107891 0.153617 0.104654 0.130411 0.0728176 0.112171 0.0276191 0.0465225 0.0258158 0.0130703 0.0898641 0.0474038 0.069725 0.0256045 0.0212894 0.00954322 0.00843497 0.00648551 0.000741894 0.000226003 5.64892e-05
threshold=-1.3816267133359827 0.54357279425493799 -0.57322747591295886 -1.1080429662107008 2.0901692887227514 -0.53794542206899221 1.1798977793155532 0.65126346913360333 1.1004690596944955 2.6057014535453562 0.33536753825503535 -0.30450568779038334 0.31322591414811413 1.5917897275626178 -0.86158447112794823 0.41867786278790214 -0.086505958452802498 -0.45424088464401396 1.0000000180025095e-35 -0.86158447112794823 -0.31620067025635362 -0.44464837093597093 2.2561698550676259 -0.19819961121768717
decision_type=2 2 2 2 2 2 2 2 2 2 2 2 2 2 2 2 2 2 2 2 2 2 2 2
left_child=-1 5 3 -3 -5 6 -2 9 -9 10 11 -4 16 14 -14 -16 17 -7 19 -18 21 -19 -10 -22
right_child=1 2 7 4 -6 12 -8 8 22 -11 -12 -13 13 -15 15 -17 18 20 -20 -21 23 -23 -24 -25
leaf_value=-0.20067202214839716 0.0006124612131582607 0.0061358548351232696 0.00079123138104349525 -0.0018676680361028363 0.0026939180791413133 -0.0024529464488261465 -0.00090586608265732084 -0.0047248998644076334 -0.0013778431253053342 -7.1797371339951481e-05 -0.00011802838851557968 0.0024738607264398328 -0.00050757580687668755 -0.0019492793523553978 -6.0570088052401475e-05 0.0015368710578000594 -0.00063687700574600198 -0.011470511500696216 -0.00036806544663982343 -0.0024773896268901361 -0.00038450385353033063 0.0015396707924031099 0.0083592703313611245 0.0011500791553186545
leaf_weight=9.9999999999999982 458 10.999999999999998 53 143 10.999999999999998 88 85 53 69 17 31 113 67 82 55 197 95 7.9999999999999991 171 127 171 155 38 174
leaf_count=10 458 11 53 143 11 88 85 53 69 17 31 113 67 82 55 197 95 8 171 127 171 155 38 174
internal_value=0 0.000231424 0 -0.00373563 -0.00529121 0.000548074 0.00218662 0.000404025 0 0.0025925 0.00315057 0.00411767 0 0.000548625 0.00240141 0.00329161 -0.000365263 0 -0.00125855 -0.00189198 0.000570454 0.00131525 0 0
internal_weight=0 2472 539 165 154 1933 543 374 160 214 197 166 1390 401 319 252 989 596 393 222 508 163 107 345
internal_count=2482 2472 539 165 154 1933 543 374 160 214 197 166 1390 401 319 252 989 596 393 222 508 163 107 345
is_linear=0
shrinkage=0.139904


Tree=73
num_leaves=18
num_cat=0
split_feature=0 2 4 2 0 2 0 0 0 0 2 2 2 2 0 0 0
split_gain=0.015511 0.0841699 0.0639366 0.301001 0.198884 0.0749467 0.139963 0.207424 0.0651588 0.0566693 0.019198 0.0101626 0.00409245 0.00216808 0.000107455 0.000161758 4.59158e-05
threshold=1.0000000180025095e-35 -0.22972545297896871 1.0000000180025095e-35 -0.22972545297896871 0.06566021790218142 1.0000000180025095e-35 0.47406477412954812 1.0799042871560198 0.31322591414811413 1.3992824319149044 2.0901692887227514 -0.22972545297896871 0.28580671184363571 -0.74525761780157318 0.14870773384030736 0.075252731610224458 0.13188798377688957
decision_type=2 2 2 2 2 2 2 2 2 2 2 2 2 2 2 2 2
left_child=1 13 3 -2 -5 8 12 -8 14 11 -3 -10 -7 -1 15 -4 -17
right_child=2 10 5 4 -6 6 7 -9 9 -11 -12 -13 -14 -15 -16 16 -18
leaf_value=-7.0053855268339998e-05 -0.0010424227671333279 -0.00043038260124253882 -0.0036418808245403914 -0.0076720750457559515 0.011302307115335537 -0.0072155456584013468 -0.0029369582132446536 -0.00017359418077982016 0.0016325583380603606 -0.00040953669232373773 0.00010880512503190571 0.00031252812870444159 0.0035555430502409134 0.00013338776040033645 -0.0061200806492318878 0.0044514921386620346 0.0033238357789782138
leaf_weight=372 51 580 49 7.9999999999999991 69 40 103 122 156 71 37 47 81 552 88 42 13.999999999999998
leaf_count=372 51 580 49 8 69 40 103 122 156 71 37 47 81 552 88 42 14
internal_value=0 -0.0003254 0.000383751 0.00320624 0.00929343 0 -0.00162395 -0.00397525 0.0010622 0.00253689 -0.00170335 0.00372588 0 0 0 0 0.000223609
internal_weight=0 1541 941 128 77 813 346 225 467 274 617 203 121 924 193 105 56
internal_count=2482 1541 941 128 77 813 346 225 467 274 617 203 121 924 193 105 56
is_linear=0
shrinkage=0.139904


Tree=74
num_leaves=27
num_cat=0
split_feature=1 1 0 0 0 2 2 1 0 0 1 2 1 0 2 1 0 0 2 2 2 5 0 0 0 0
split_gain=0.0546712 0.157042 0.104392 0.0156614 0.0154798 0.0150848 0.00209324 0.132733 0.172708 0.225969 0.178617 0.17271 0.0986599 0.118733 0.170804 0.079273 0.224769 0.0842202 0.0256262 0.00521374 0.00186265 2.43109e-05 0.0138893 0.0549046 0.0112292 0.00314859
threshold=0.49014340787884753 -0.72706199344718081 2.4948657612410532 -1.3816267133359827 -0.40450435808929774 1.8324032063114493 1.3168710414888449 -1.6399660444417019 -0.84654841444350015 2.7210782591642872 -0.84878253357978373 -1.0030237002128752 -1.9442673947732094 0.78831815129098548 -0.74525761780157318 -1.6399660444417019 0.092729503160494622 -0.76593187800672735 1.5746371239001469 4.1522979480131701 -0.22972545297896871 1.0000000180025095e-35 -0.12927805724688482 0.030640972652955702 0.13188798377688957 -0.31620067025635362
decision_type=2 2 2 2 2 2 2 2 2 2 2 2 2 2 2 2 2 2 2 2 2 2 2 2 2 2
left_child=1 6 5 -2 20 -3 7 12 -9 10 11 -10 -1 14 -14 18 17 -17 -8 -20 -5 24 -23 -24 25 -6
right_child=3 2 -4 4 21 -7 15 8 9 -11 -12 -13 13 -15 -16 16 -18 -19 19 -21 -22 22 23 -25 -26 -27
leaf_value=0.0041549851613607389 -0.1483663957969597 -0.00049450674387484792 0.0059149032022044381 0.00093036131125091316 0.00064504905876897566 -0.00067740024400131263 -0.0054681922026007697 -0.00408219120961227 -0.015580875194447057 -0.0067074645752376117 -0.00068651112359383363 0.0014910776419790178 0.0088564539657760254 0.0027341058490126971 -0.0042195560684963286 -0.0010765867198887472 0.00032344315024678417 -0.0077508888515858011 0.0085123583402793891 -0.0028807855040928316 4.49374804990624e-05 -0.0021826804885064894 0.0031620138936791927 -2.0340830751050798e-05 0.0073702435399886504 -0.00089658366497678355
leaf_weight=22 7.9999999999999991 629 12.999999999999998 284 50 30 9.9999999999999982 68 8.9999999999999982 20 27 305 15.999999999999998 32 73 11.999999999999998 66 36 32 7.9999999999999991 125 104 91 219 22 171
leaf_count=22 8 629 13 284 50 30 10 68 9 20 27 305 16 32 73 12 66 36 32 8 125 104 91 219 22 171
internal_value=0 -0.000899651 -0.0024922 1.30943e-05 0.000534579 -0.00306574 0 0.000265937 0.00243729 0.00402679 0.00546296 0.0065751 -0.000559544 -0.00392627 -0.00668314 0 -0.00357622 -0.0103717 0 0.0032557 0.00121018 0 3.36065e-05 0.000926403 0 -0.000981141
internal_weight=0 1408 672 1074 1066 659 736 572 429 361 341 314 143 121 89 164 114 48 50 40 409 657 414 310 243 221
internal_count=2482 1408 672 1074 1066 659 736 572 429 361 341 314 143 121 89 164 114 48 50 40 409 657 414 310 243 221
is_linear=0
shrinkage=0.139904


Tree=75
num_leaves=18
num_cat=0
split_feature=1 1 5 2 2 2 1 2 2 5 2 1 1 1 4 2 5
split_gain=0.0498499 0.135359 0.113703 0.296282 0.033801 0.0245767 0.122259 0.123476 0.0591866 0.0192443 0.0417351 0.0141736 0.0447962 0.0286429 0.0239704 0.000344132 0.0188401
threshold=-0.72706199344718081 0.49014340787884753 1.0000000180025095e-35 1.0591049590775425 3.3789997007792629 1.0591049590775425 -0.97050307371238664 3.3789997007792629 -0.22972545297896871 1.0000000180025095e-35 1.3168710414888449 -1.6399660444417019 -0.84878253357978373 -1.9442673947732094 -1.518634353124295 1.5746371239001469 1.0000000180025095e-35
decision_type=2 2 2 2 2 2 2 2 2 2 2 2 2 2 2 2 2
left_child=2 9 3 11 -5 8 7 -7 -4 -2 -11 13 14 -1 -13 16 -3
right_child=1 15 5 4 -6 6 -8 -9 -10 10 -12 12 -14 -15 -16 -17 -18
leaf_value=0.0024653244727893919 -9.4070026839525799e-05 -0.00013428532976680316 -0.0012108243877174581 0.00098156395160527501 -0.0042725930747156788 -0.0043170817865385187 0.0077850576504002941 0.013170057165772792 0.0014326240173033321 -0.00070409874496633028 0.00084846725763017196 -0.00037822987494130485 -0.016182098234761921 -0.0018080626511879189 0.0014869531312330442 -0.0010416819402684619 0.00039967929909818617
leaf_weight=9.9999999999999982 292 549 98 98 7.9999999999999991 71 15.999999999999998 9.9999999999999982 107 343 37 23 18 71 206 31 494
leaf_count=10 292 549 98 98 8 71 16 10 107 343 37 23 18 71 206 31 494
internal_value=0 -0.000407044 0.000960122 0.00256818 0.00876702 0 -0.00214736 -0.00570446 0 -0.00208031 -0.00292623 0 0.000880836 -0.000952335 0.00213194 0 8.00814e-05
internal_weight=0 1746 736 434 106 302 97 81 205 672 380 328 247 81 229 1074 1043
internal_count=2482 1746 736 434 106 302 97 81 205 672 380 328 247 81 229 1074 1043
is_linear=0
shrinkage=0.139904


Tree=76
num_leaves=19
num_cat=0
split_feature=0 6 0 0 0 0 5 0 5 5 5 0 0 0 0 0 0 0
split_gain=0.0164144 0.123298 0.117608 0.0575501 0.0263122 0.162073 0.0292249 0.0134995 0.00999301 0.00858581 0.00171157 0.000758835 0.00592906 0.00191932 4.46653e-05 2.52705e-05 4.26763e-06 6.39241e-07
threshold=-0.37474128473489016 1.0000000180025095e-35 -0.97736139247578568 -0.086505958452802498 -0.97736139247578568 -0.90147541074434934 -1.214017751899376 -1.0777542756668113 1.1199807455555051 -1.214017751899376 -1.214017751899376 0.31322591414811413 0.14870773384030736 0.62353716238843793 -0.04025164577840324 3.8717856912373398 0.13188798377688957 0.65126346913360333
decision_type=2 2 2 2 2 2 2 2 2 2 2 2 2 2 2 2 2 2
left_child=1 4 -3 -2 7 6 -6 -1 9 -4 -9 12 14 -13 -5 17 -16 -15
right_child=3 2 8 11 5 -7 -8 10 -10 -11 -12 13 -14 15 16 -17 -18 -19
leaf_value=0.00043796152511365406 0.0005131001839949722 0.0003695237570747368 -0.020145939920567357 -0.0036005731813667239 -0.0011807524961437578 -5.554045662264791e-05 0.0036946063472661009 0.00042052377689363461 0.0002162378805284243 -0.001464179861024074 -0.0032659644364553767 0.00079902784278788669 -0.0011006002813459814 0.0022848642401691157 0.0010185873883655787 0.026190980267574708 0.0019637618065398172 -0.00035662728601192669
leaf_weight=44 485 65 7.9999999999999991 73 11.999999999999998 405 70 9.9999999999999982 9.9999999999999982 236 72 181 174 9.9999999999999982 202 17 20 388
leaf_count=44 485 65 8 73 12 405 70 10 10 236 72 181 174 10 202 17 20 388
internal_value=0 -0.000461899 -0.00283014 0.000278601 0 0.00101922 0.00642374 -0.000106203 -0.00433716 -0.00450974 -0.00172483 0 -0.000176585 0 0 0 6.17438e-05 -3.49332e-05
internal_weight=0 932 319 1550 613 487 82 126 254 244 82 1065 469 596 295 415 222 398
internal_count=2482 932 319 1550 613 487 82 126 254 244 82 1065 469 596 295 415 222 398
is_linear=0
shrinkage=0.139904


Tree=77
num_leaves=11
num_cat=0
split_feature=1 1 3 3 5 4 5 1 1 1
split_gain=0.0461548 0.127122 0.222814 0.0739091 0.026173 0.0210115 0.0734171 0.0615284 3.88981e-05 0.00250078
threshold=0.49014340787884753 -0.30104010298307088 1.1798977793155532 1.1798977793155532 1.0000000180025095e-35 -1.518634353124295 1.0000000180025095e-35 -1.4573852342427978 -0.97050307371238664 -1.4573852342427978
decision_type=2 2 2 2 2 2 2 2 2 2
left_child=1 5 -3 4 -2 -1 7 -7 9 -8
right_child=3 2 -4 -5 -6 6 8 -9 -10 -11
leaf_value=-0.00098768757188062435 4.5813256721189713e-05 -0.0006312702971576846 0.0018204908646707832 -0.00056637672508134756 0.0002166167616748401 -4.2817701949770174e-05 0.00028824035190792076 0.00084270543586702771 0.0010130092451402692 -0.0020838328519046144
leaf_weight=71 485 453 77 149 440 125 121 306 120 135
leaf_count=71 485 453 77 149 440 125 121 306 120 135
internal_value=0 -1.00042e-05 -0.00210934 0.000918772 0.00159082 0.000332046 0.000790508 0.00210698 0 -5.37714e-05
internal_weight=0 1408 530 1074 925 878 807 431 376 256
internal_count=2482 1408 530 1074 925 878 807 431 376 256
is_linear=0
shrinkage=0.139904


Tree=78
num_leaves=13
num_cat=0
split_feature=1 1 0 0 0 1 0 0 0 0 0 0
split_gain=0.0424514 0.163039 0.0531082 0.0367242 0.0274955 0.0216507 0.158163 0.308125 0.00809627 0.00980267 2.81918e-05 0.0276836
threshold=0.49014340787884753 -0.72706199344718081 -1.3816267133359827 2.9818500872959501 -0.40450435808929774 -1.1530838839112907 -0.84654841444350015 2.4948657612410532 -0.26600422866084072 2.0994045283046758 1.7584760787770368 0.17492289116571272
decision_type=2 2 2 2 2 2 2 2 2 2 2 2
left_child=1 5 -2 -3 -4 10 -7 -8 -6 -10 11 -1
right_child=2 3 4 -5 8 6 7 -9 9 -11 -12 -13
leaf_value=0.00048060308986286028 -0.12769796554840129 -0.00038767757973753078 0.00073994440164479726 0.0068221209937736321 -0.0039785094051306216 -0.0044274770636863296 0.0022469146230032102 -0.015779153697645112 0.00018631121287934852 -0.0056772253539996301 0.0012357275656542611 -0.00087556292629005353
leaf_weight=204 7.9999999999999991 664 409 7.9999999999999991 119 70 223 11.999999999999998 530 7.9999999999999991 75 152
leaf_count=204 8 664 409 8 119 70 223 12 530 8 75 152
internal_value=0 -0.000504252 0.000660007 -0.00228626 0.00118631 1.90485e-05 0.00116521 0.00381121 0 0.000539072 0 -3.89714e-05
internal_weight=0 1408 1074 672 1066 736 305 235 657 538 431 356
internal_count=2482 1408 1074 672 1066 736 305 235 657 538 431 356
is_linear=0
shrinkage=0.139904


Tree=79
num_leaves=22
num_cat=0
split_feature=5 0 1 6 0 1 0 6 1 0 1 0 0 1 0 0 0 0 0 0 0
split_gain=0.00708544 0.188217 0.230231 0.0954936 0.108902 0.0922594 0.12518 0.144404 0.0793933 0.135263 0.0570542 0.0790059 0.106176 0.0569143 0.0112275 0.0131934 0.00599209 0.00400288 0.117406 0.00942979 0.000916205
threshold=1.0000000180025095e-35 -0.62789166361906712 0.97702556840925903 1.0000000180025095e-35 0.23642010233508451 0.36842286774624472 0.022033991175191055 1.0000000180025095e-35 -1.4573852342427978 -0.97736139247578568 1.5247679990059719 0.036094250993829506 -0.97736139247578568 -0.17931956285046807 1.1004690596944955 -0.20483552823489506 0.73588783664017499 0.62353716238843793 0.32268702355878659 1.1004690596944955 0.26125551453810009
decision_type=2 2 2 2 2 2 2 2 2 2 2 2 2 2 2 2 2 2 2 2 2
left_child=3 2 -2 4 8 13 7 -7 -1 -10 11 12 -5 17 15 -15 20 18 -3 -19 -6
right_child=1 5 -4 10 16 6 -8 -9 9 -11 -12 -13 -14 14 -16 -17 -18 19 -20 -21 -22
leaf_value=-0.00011399210283609048 -0.021028165635277988 -0.00078599396330333718 0.0021937596266353864 0.0039744795514980542 -0.0024314797584274266 -0.0016604547313833469 -1.9848983534158935e-05 0.0015459323488043165 -0.0018362531972059401 0.00098727449413072094 0.032901205236807736 0.017752095897652614 -0.00077334996258188421 -0.00041200466583656302 -0.0014477017531659632 -0.0010826528456004516 0.0069347606867682507 -0.0018867102945128518 0.0028608284918296908 0.00026368661999227389 -0.0033595702416761939
leaf_weight=124 67 76 36 40 7.9999999999999991 41 278 211 107 536 9.9999999999999982 19 369 18 20 117 34 106 49 171 45
leaf_count=124 67 76 36 40 8 41 278 211 107 536 10 19 369 18 20 117 34 106 49 171 45
internal_value=0 -0.000245521 -0.00583504 0.000226247 0.0014783 0 0.00158859 0.00383111 0.00227678 0.00292604 -0.00034596 -0.00163943 -0.00255437 -0.000892795 -0.00310387 -0.00354005 0 0 0.00063566 -0.000295832 -0.00139439
internal_weight=0 1190 103 1292 854 1087 530 252 767 643 438 428 409 557 155 135 87 402 125 277 53
internal_count=2482 1190 103 1292 854 1087 530 252 767 643 438 428 409 557 155 135 87 402 125 277 53
is_linear=0
shrinkage=0.139904


Tree=80
num_leaves=17
num_cat=0
split_feature=6 4 4 2 2 5 3 2 5 2 3 2 4 5 2 2
split_gain=0.0105831 0.0723935 0.142187 0.145355 0.112413 0.343689 0.126984 0.123484 0.0999654 0.0922709 0.0667503 0.0124045 0.0363358 0.0517844 0.00946167 0.000192095
threshold=1.0000000180025095e-35 1.0000000180025095e-35 -1.518634353124295 1.0591049590775425 0.54357279425493799 1.0000000180025095e-35 1.0000000180025095e-35 3.3789997007792629 1.0000000180025095e-35 1.3168710414888449 -0.86158447112794823 -1.0030237002128752 1.0000000180025095e-35 2.2869799942829454 -1.0030237002128752 1.0591049590775425
decision_type=2 2 2 2 2 2 2 2 2 2 2 2 2 2 2 2
left_child=1 2 3 14 6 15 -3 -7 -8 10 -4 -2 13 -13 -1 -6
right_child=11 4 9 -5 5 7 8 -9 -10 -11 -12 12 -14 -15 -16 -17
leaf_value=-0.014277053532444786 0.0010544266150699002 -0.00056121356760846009 0.00028748131183442283 0.021259193382036655 -0.005824060389240977 -0.00289421749709734 -0.0001100994846822231 0.0059617303204791963 0.00074289955334525676 -0.00041231374920222753 0.0016740340296759226 -0.0019641137826704397 -1.8549972231060735e-06 0.00026948309526332424 -0.0031164378745755111 0.0032112290407696601
leaf_weight=7.9999999999999991 132 332 111 33 25 208 62 11.999999999999998 208 86 343 160 578 30 108 46
leaf_count=8 132 332 111 33 25 208 62 12 208 86 343 160 578 30 108 46
internal_value=0 0.000361019 0.00152723 0 0 -0.00262681 0.00048245 -0.00621676 0.00307796 0.00283765 0.00366991 0 -0.000559602 -0.00219881 -0.0046527 0
internal_weight=0 1582 689 149 893 291 602 220 270 540 454 900 768 190 116 71
internal_count=2482 1582 689 149 893 291 602 220 270 540 454 900 768 190 116 71
is_linear=0
shrinkage=0.139904


Tree=81
num_leaves=25
num_cat=0
split_feature=0 0 2 0 6 1 2 1 0 2 0 0 0 0 1 0 0 1 1 2 0 0 0 0
split_gain=0.0663392 0.0773718 0.0777285 0.126304 0.0136056 0.0625587 0.200028 0.383824 0.0555278 0.0349486 0.059087 0.123087 0.0327227 0.0836906 0.112006 0.0223811 0.0124604 0.00400183 0.0271429 0.0307595 0.00253967 0.00209365 8.58414e-05 0.0516607
threshold=0.1214413421359385 2.0013112203176338 0.54357279425493799 0.44141080623299073 1.0000000180025095e-35 -0.17931956285046807 0.54357279425493799 0.42928313781254618 -1.0255210674620565 -1.0030237002128752 -0.97736139247578568 -0.68091329760804464 -0.87374910399918371 0.06566021790218142 -1.5182455043090994 -0.24911877644873756 -0.37474128473489016 -1.0313633437786878 -0.24017983291676948 1.3168710414888449 -0.41337414816180323 -1.0353106876161549 -0.36909089994796074 -0.98859645990095923
decision_type=2 2 2 2 2 2 2 2 2 2 2 2 2 2 2 2 2 2 2 2 2 2 2 2
left_child=4 2 3 -2 5 12 7 8 -7 -6 -11 -12 17 14 -14 20 21 -1 19 -19 -13 -8 23 -9
right_child=1 -3 -4 -5 9 6 16 22 -10 10 11 15 13 -15 -16 -17 -18 18 -20 -21 -22 -23 -24 -25
leaf_value=-0.0025968562715751394 0.00013018309449585634 -0.00060156013046461134 -0.00021148654518450381 0.0007255760609598612 0.00087900278435020949 0.0043207216643124519 -0.0016139017702626482 -0.0019188149120169401 0.010035256720657271 0.0036826665796058566 -0.0087084744194928128 -0.00029798974476552521 0.00079039612440220161 0.0075720234815734172 -0.0010523839886653038 -0.00037969134124835269 0.011256436522783774 0.0031983196281810699 -0.025152706946651195 -0.0042355951924764584 0.0015721879236769787 -0.0063407863448437605 -0.0045611651246269249 0.0035003987565506633
leaf_weight=34 240 99 187 274 119 7.9999999999999991 13.999999999999998 34 86 47 66 114 87 22 280 295 37 64 7.9999999999999991 10.999999999999998 135 76 67 78
leaf_count=34 240 99 187 274 119 8 14 34 86 47 66 114 87 22 280 295 37 64 8 11 135 76 67 78
internal_value=0 0.00140389 0.0020939 0.00297917 0 0.000168685 0.00175213 0.00429273 0.0111861 -0.000553887 -0.0011796 -0.00183598 0 -0.00127125 -0.00246723 0 0 0 0.000931247 0.00272124 0 -0.00158304 0 0.000118664
internal_weight=0 800 701 514 1682 906 400 273 94 776 657 610 506 389 367 544 127 117 83 75 249 90 179 112
internal_count=2482 800 701 514 1682 906 400 273 94 776 657 610 506 389 367 544 127 117 83 75 249 90 179 112
is_linear=0
shrinkage=0.139904


Tree=82
num_leaves=29
num_cat=0
split_feature=1 0 3 2 1 2 0 0 1 6 2 0 1 1 2 0 1 0 0 1 1 2 1 1 2 1 1 0
split_gain=0.0349515 0.0577349 0.0200021 0.201435 0.181763 0.14211 0.127652 0.078384 0.0420246 0.0849271 0.12367 0.144078 0.0311127 0.130596 0.0363931 0.0268573 0.0237678 0.0968868 0.0662391 0.0229928 0.0504926 0.0323571 0.186681 0.119913 0.0277981 0.0218377 0.141416 1.61598e-05
threshold=1.2204666486744649 -0.81192338208638593 1.0000000180025095e-35 -0.48749153539027096 -1.0313633437786878 -1.0030237002128752 0.75967201446422683 -1.0777542756668113 -0.54448118324827655 1.0000000180025095e-35 0.54357279425493799 0.97037880529774745 -1.8225468546406065 -1.5182455043090994 1.5746371239001469 -1.0353106876161549 -1.8834071247069077 2.0994045283046758 -0.68091329760804464 0.49014340787884753 0.79444475821035476 0.54357279425493799 -0.97050307371238664 -1.2748044240438936 1.5746371239001469 0.064121517414737511 -1.3965249641764965 1.7584760787770368
decision_type=2 2 2 2 2 2 2 2 2 2 2 2 2 2 2 2 2 2 2 2 2 2 2 2 2 2 2 2
left_child=2 -2 3 4 -1 -6 7 -7 16 10 11 15 14 -14 -5 -10 27 18 -18 21 24 25 23 -23 -21 26 -15 -4
right_child=1 -3 8 12 5 6 -8 -9 9 -11 -12 -13 13 19 -16 -17 17 -19 -20 20 -22 22 -24 -25 -26 -27 -28 -29
leaf_value=0.00075569244270844301 -0.0018695071245123814 0.0019820867030504131 0.0013132507144105966 -0.0062701926596508469 0.00070154041422795105 0.012166235689344506 0.012927062644670913 -0.0034955802836624554 0.0051724917065552531 -3.5311216498499366e-05 -0.00016545694735598741 -0.0027258671878365032 0.0051613547837642696 -0.010557829602688475 0.0014604539222539843 0.0022551415827301688 0.0004389828744363839 0.0044949591183167572 -0.0018190067541768687 0.0013267984485819981 -7.7217387952226499e-05 0.00095614166360536888 0.00049760573226311834 -0.0026903111870919981 -0.00019144478654775678 -0.0028420466380069871 0.0021768165061803214 -0.0019816690694760661
leaf_weight=67 40 127 60 26 77 10.999999999999998 18 262 13.999999999999998 320 112 23 52 10.999999999999998 14.999999999999998 205 61 26 192 160 126 34 108 55 10.999999999999998 76 185 7.9999999999999991
leaf_count=67 40 127 60 26 77 11 18 262 14 320 112 23 52 11 15 205 61 26 192 160 126 34 108 55 11 76 185 8
internal_value=0 0.00208764 0 -0.000333408 -0.00303682 -0.00451082 -0.0059096 -0.00678816 0.000489947 0.00125284 0.0027496 0.00454591 9.709e-05 0.000864729 0 0.00593514 0 -0.00127102 -0.00301025 0 0.00119584 -0.000176585 -0.00178111 -0.00668314 0.00282537 0 0.00144583 0.000187984
internal_weight=0 167 2315 1294 435 368 291 273 1021 674 354 242 859 818 41 219 347 279 253 766 297 469 197 89 171 272 196 68
internal_count=2482 167 2315 1294 435 368 291 273 1021 674 354 242 859 818 41 219 347 279 253 766 297 469 197 89 171 272 196 68
is_linear=0
shrinkage=0.139904


Tree=83
num_leaves=17
num_cat=0
split_feature=0 2 2 0 0 0 0 0 0 2 0 0 5 5 2 0
split_gain=0.0102022 0.0321937 0.0621909 0.0817969 0.0701193 0.0503097 0.0708484 0.0317649 0.0121559 0.0289193 0.00896429 0.00846111 0.00318014 0.0112803 0.0408553 0.000743231
threshold=0.62353716238843793 -0.22972545297896871 0.28580671184363571 -0.56554032451678737 -0.72053169326523603 -0.8227642366194482 -0.24911877644873756 -0.11298392437294873 0.38884908728480966 2.6057014535453562 -0.87374910399918371 0.022033991175191055 1.0000000180025095e-35 1.1199807455555051 0.54357279425493799 -0.19819961121768717
decision_type=2 2 2 2 2 2 2 2 2 2 2 2 2 2 2 2
left_child=1 5 4 -4 -3 10 -7 -6 9 -5 -1 -9 -2 14 -14 -8
right_child=12 2 3 8 7 6 15 11 -10 -11 -12 -13 13 -15 -16 -17
leaf_value=0.00063050544502558513 0.0044775819379727555 0.00067965148575393846 -0.00022533521267105574 0.0011876020487080535 -0.0037952239719381505 0.0007700141031437202 -0.0012362912429168592 0.007149059253574167 0.00072551981405657908 -0.0016590981778848773 -0.023317776111017 -0.0019846947803926532 2.0526486339041558e-05 0.00014702107410690039 -0.0019923276658756666 0.00020630588990660237
leaf_weight=162 41 95 216 231 129 445 63 29 34 14.999999999999998 33 136 183 76 115 479
leaf_count=162 41 95 216 231 129 445 63 29 34 15 33 136 183 76 115 479
internal_value=0 0.000310331 0 0.000584055 -0.00162426 0.00083534 0.00135092 -0.0028328 0.00248391 0.00281729 0 0 0 -0.000404025 -0.000962813 0
internal_weight=0 2067 885 496 389 1182 987 294 280 246 195 165 415 374 298 542
internal_count=2482 2067 885 496 389 1182 987 294 280 246 195 165 415 374 298 542
is_linear=0
shrinkage=0.139904


Tree=84
num_leaves=23
num_cat=0
split_feature=2 0 0 0 0 2 0 2 2 0 2 2 2 0 0 0 0 0 0 0 0 0
split_gain=0.00324829 0.0271864 0.070461 0.00925362 0.0427856 0.115469 0.0460253 0.0716575 0.0618931 0.0169188 0.00828072 0.00605367 0.0668536 0.0639858 0.114252 0.00753366 0.0942072 0.0501437 0.0119684 0.00121979 0.00894132 0.000161758
threshold=1.0591049590775425 -0.24911877644873756 0.47406477412954812 -0.18019722247793515 0.57872829698511352 -0.74525761780157318 1.3992824319149044 0.28580671184363571 0.80133887666624026 1.5917897275626178 -1.0030237002128752 -0.22972545297896871 -0.74525761780157318 -0.83235675032749123 -0.26219350403709757 -0.28203555294003596 -0.74241050877741643 -0.58144024449861209 -0.9606073445610529 -0.19819961121768717 -0.9407652956581144 -0.97736139247578568
decision_type=2 2 2 2 2 2 2 2 2 2 2 2 2 2 2 2 2 2 2 2 2 2
left_child=3 -2 -3 11 5 -5 8 9 10 -8 -6 12 19 21 -15 16 18 -18 -13 20 -1 -14
right_child=1 2 -4 4 6 -7 7 -9 -10 -11 -12 15 13 14 -16 -17 17 -19 -20 -21 -22 -23
leaf_value=0.000501384399263674 -2.6666349736380561e-05 0.0030447966937589095 -0.00033085284726296559 0.00071739166012993233 0.00012833556521950701 -0.00053317316120405625 0.0022507302362633607 0.0071281475614256564 -0.003603654053950561 -0.0055262285778726007 0.00082971928290827886 -0.0033339136171858484 0.0037199870807925872 0.0010954099192957366 -0.00031456769591194637 0.0011655999462119699 -0.007724352263411307 -0.00041943452654928106 0.0043745423379498117 0.0041370551117403242 -0.001007511053073332 -0.0028545490008466388
leaf_weight=44 151 88 127 165 13.999999999999998 543 18 35 12.999999999999998 69 175 81 56 254 57 29 56 102 94 9.9999999999999982 245 56
leaf_count=44 151 88 127 165 14 543 18 35 13 69 175 81 56 254 57 29 56 102 94 10 245 56
internal_value=0 0.000412683 0.00163691 0 -0.000417456 -0.00119329 0 -0.000109488 0.00207275 -0.0038583 0.00327895 0 0.00040307 0.00182104 0.00290127 0 -0.000658247 -0.00347067 0 0 -0.000283851 0
internal_weight=0 366 215 2116 1032 708 324 122 202 87 189 1084 722 423 311 362 333 158 175 299 289 112
internal_count=2482 366 215 2116 1032 708 324 122 202 87 189 1084 722 423 311 362 333 158 175 299 289 112
is_linear=0
shrinkage=0.139904


Tree=85
num_leaves=15
num_cat=0
split_feature=1 1 0 3 5 0 0 0 0 0 1 1 5 1
split_gain=0.0215389 0.103107 0.27421 0.187399 0.0982597 0.0755107 0.128369 0.0421933 0.0315508 0.022234 0.0283615 0.0110659 0.000593079 6.76884e-05
threshold=-0.057599022717865239 -0.72706199344718081 -0.77900660559508761 -0.86158447112794823 1.1199807455555051 0.41867786278790214 2.9818500872959501 -1.3816267133359827 0.40251513421133661 -0.68091329760804464 -0.97050307371238664 -1.8225468546406065 4.6209784917378274 -1.8225468546406065
decision_type=2 2 2 2 2 2 2 2 2 2 2 2 2 2
left_child=1 5 3 -3 -4 9 -7 -2 12 13 11 -11 -9 -1
right_child=7 2 4 -5 -6 6 -8 8 -10 10 -12 -13 -14 -15
leaf_value=-0.0027531976591992882 -0.13298543236749508 -0.018704053660524408 -0.0014930718403899212 0.0040978132807102351 0.0084759830559112698 0.00059116189402768108 -0.0057523203337029229 0.00021877978219812122 -9.8426287438248316e-05 -6.7487832208576858e-05 0.000320049002360917 -0.00057030076976486278 0.0037025199549048705 0.0011725566572554007
leaf_weight=22 9.9999999999999982 15.999999999999998 229 44 7.9999999999999991 240 33 1278 153 46 48 203 7.9999999999999991 144
leaf_count=22 10 16 229 44 8 240 33 1278 153 46 48 203 8 144
internal_value=0 0 -0.00257501 0 -0.00549788 1.90485e-05 0.00229639 0.00053809 0.000928734 0 -0.00119584 -0.00196559 0.00120086 0
internal_weight=0 1033 297 60 237 736 273 1449 1439 463 297 249 1286 166
internal_count=2482 1033 297 60 237 736 273 1449 1439 463 297 249 1286 166
is_linear=0
shrinkage=0.139904


Tree=86
num_leaves=22
num_cat=0
split_feature=6 0 2 5 0 2 0 0 0 0 2 0 0 2 2 0 0 0 0 0 0
split_gain=0.0308405 0.165715 0.08724 0.0814097 0.200675 0.173507 0.0250305 0.101709 0.0148401 0.109528 0.120151 0.0433246 0.0212276 0.0338331 0.0330261 0.00427082 0.0535768 0.00312158 0.0027111 0.000609852 0.000199581
threshold=1.0000000180025095e-35 -0.41974725658427031 -1.0030237002128752 -1.214017751899376 -0.97736139247578568 0.54357279425493799 -0.45424088464401396 -0.97736139247578568 0.71453463831747632 0.23642010233508451 1.8324032063114493 1.0000000180025095e-35 2.9818500872959501 3.121233618367961 -1.0030237002128752 0.40251513421133661 0.23642010233508451 -0.23801511332093431 -0.22658293944970498 -0.37474128473489016 -0.15273372432751067
decision_type=2 2 2 2 2 2 2 2 2 2 2 2 2 2 2 2 2 2 2 2 2
left_child=1 2 -1 -4 -5 -6 7 -2 9 11 -11 17 13 14 -10 16 18 -3 19 -8 -19
right_child=6 8 3 4 5 -7 15 -9 12 10 -12 -13 -14 -15 -16 -17 -18 20 -20 -21 -22
leaf_value=-0.024765883426314497 0.0025542371692265707 -0.00089716440292908028 -0.00058594078560539017 -0.00039490818384152541 0.0020537702462304253 6.4808772004645602e-05 0.00017035564242316877 -0.00089519532957362024 -0.0072062281280760344 -0.00082559560223476513 0.0020720551988116513 0.0030127290541206169 -0.0039693320265920115 -0.004481849868997116 0.00047830296833808431 -0.00079246081359394703 0.011272751084560953 0.0036571620959458084 -0.00034789500236743668 0.00076484143136831926 -0.001625723528163504
leaf_weight=11.999999999999998 65 107 54 107 277 138 56 198 9.9999999999999982 229 15.999999999999998 149 41 12.999999999999998 288 44 37 44 351 149 97
leaf_count=12 65 107 54 107 277 138 56 198 10 229 16 149 41 13 288 44 37 44 351 149 97
internal_value=0 0.000713129 0.00260885 0.0031422 0.00372707 0.00516827 0 -0.00134625 0 -0.000668192 -0.00310569 0 3.94053e-05 0.00114325 0.00187925 0 0.000373159 -5.54562e-05 0 0.000396151 0
internal_weight=0 1582 588 576 522 415 900 263 994 642 245 397 352 311 298 637 593 248 556 205 141
internal_count=2482 1582 588 576 522 415 900 263 994 642 245 397 352 311 298 637 593 248 556 205 141
is_linear=0
shrinkage=0.139904


Tree=87
num_leaves=11
num_cat=0
split_feature=2 0 0 0 0 2 0 0 0 0
split_gain=0.0380981 0.0645919 0.0479913 0.0722994 0.0571241 0.0617856 0.024601 0.0217148 0.015742 0.0181965
threshold=0.28580671184363571 -1.000160038069559 -1.000160038069559 -1.3816267133359827 0.44141080623299073 -1.0030237002128752 0.65126346913360333 1.3992824319149044 1.4971129313072067 3.6169927586360329
decision_type=2 2 2 2 2 2 2 2 2 2
left_child=2 -2 3 -1 5 -4 -3 -6 -8 -10
right_child=1 6 4 -5 7 -7 8 -9 9 -11
leaf_value=-0.11473758801812493 -0.00468318488452725 0.00027507723430846562 0.00094463765714684271 0.0030305299144081244 0.00050808552508303697 -0.0002216708697639609 -0.0020570881788982056 -0.0027001154302603095 0.0019744530024016311 -0.0029962513575924415
leaf_weight=7.9999999999999991 52 449 141 110 196 1252 95 87 77 14.999999999999998
leaf_count=8 52 449 141 110 196 1252 95 87 77 15
internal_value=0 0.0010264 -8.55279e-05 0.00122935 -0.000673307 -0.00115906 0.00176178 0 0 0.00155116
internal_weight=0 688 1794 118 1676 1393 636 283 187 92
internal_count=2482 688 1794 118 1676 1393 636 283 187 92
is_linear=0
shrinkage=0.139904


Tree=88
num_leaves=4
num_cat=0
split_feature=2 2 5
split_gain=0.0162827 0.0216328 0.019394
threshold=0.28580671184363571 1.0000000180025095e-35 1.0000000180025095e-35
decision_type=2 2 2
left_child=1 -1 -2
right_child=2 -3 -4
leaf_value=1.2322480673074848e-06 0.00018646987466599995 -0.00092024461518993607 -4.1701282396222752e-05
leaf_weight=1618 383 176 305
leaf_count=1618 383 176 305
internal_value=0 -0.000163195 0.000623987
internal_weight=0 1794 688
internal_count=2482 1794 688
is_linear=0
shrinkage=0.139904


Tree=89
num_leaves=3
num_cat=0
split_feature=3 6
split_gain=2.28582e-05 0.0139467
threshold=-0.86158447112794823 1.0000000180025095e-35
decision_type=2 2
left_child=-1 -2
right_child=1 -3
leaf_value=9.9118536102553066e-05 8.2334141653293982e-05 -0.00010994775882913253
leaf_weight=578 1222 682
leaf_count=578 1222 682
internal_value=0 -7.40804e-06
internal_weight=0 1904
internal_count=2482 1904
is_linear=0
shrinkage=0.139904


Tree=90
num_leaves=20
num_cat=0
split_feature=1 3 0 0 0 0 0 0 0 1 0 0 0 0 0 3 0 3 0
split_gain=0.00112146 0.0215865 0.114185 0.0492959 0.0431192 0.0451243 0.00718286 0.0221643 0.0185646 0.00649924 0.0756946 0.0923018 0.00259096 0.00128941 0.0375972 0.0118265 0.0978238 0.00750269 0.00012293
threshold=0.49014340787884753 1.1798977793155532 -0.10680792239653754 2.0994045283046758 -0.73097833490618702 -1.0072558701275633 -0.086505958452802498 0.607308731663187 -0.61034918992011156 -0.72706199344718081 0.88536022489906474 2.9818500872959501 -0.14465236003922782 0.41867786278790214 2.9818500872959501 -0.86158447112794823 -0.68091329760804464 1.1798977793155532 -0.76593187800672735
decision_type=2 2 2 2 2 2 2 2 2 2 2 2 2 2 2 2 2 2 2
left_child=9 2 4 -4 5 -2 8 -8 -3 13 -11 -12 -10 15 17 18 -17 -15 -1
right_child=1 6 3 -5 -6 -7 7 -9 12 10 11 -13 -14 14 -16 16 -18 -19 -20
leaf_value=-0.0039963415517849455 -0.0014565436073257451 -0.0084659371842261879 0.00088104883861751272 -0.0057417843218722977 -0.0004176350775728163 0.0034546979438153528 -0.0083100626944184949 0.0059970320136536791 0.0037128931516803589 2.0394120404374908e-06 -0.0068709532127464151 0.0071056464673722383 0.0046936927607595996 0.00065193084568146041 -0.0039787195854197634 0.00064329883098385133 -0.00073074303015231669 0.00025874304934780788 0.0018645451623320716
leaf_weight=21 68 48 303 7.9999999999999991 439 107 34 8.9999999999999982 50 597 67 7.9999999999999991 7.9999999999999991 200 33 136 230 40 76
leaf_count=21 68 48 303 8 439 107 34 9 50 597 67 8 8 200 33 136 230 40 76
internal_value=0 0.000142477 0.000690457 0.00290127 0 0.00122869 0 -0.00167149 0 0 -0.000432737 -0.00442073 0.00235856 0 0.000300053 0 -0.000787438 0.00175428 0
internal_weight=0 1074 925 311 614 175 149 43 106 1408 672 75 58 736 273 463 366 240 97
internal_count=2482 1074 925 311 614 175 149 43 106 1408 672 75 58 736 273 463 366 240 97
is_linear=0
shrinkage=0.139904


Tree=91
num_leaves=14
num_cat=0
split_feature=1 0 0 0 0 2 0 2 1 2 2 2 0
split_gain=0.0176128 0.0419162 0.197967 0.0135673 0.128433 0.174563 0.0230259 0.0330604 0.0211968 0.000472018 0.170277 0.00415356 0.000147757
threshold=0.7335844881440533 -0.85949173773448984 -0.70082104865966821 -0.90147541074434934 -0.70082104865966821 1.3168710414888449 -1.2165172136900091 1.3168710414888449 -1.8834071247069077 1.0000000180025095e-35 0.28580671184363571 -0.74525761780157318 -1.0604089084139114
decision_type=2 2 2 2 2 2 2 2 2 2 2 2 2
left_child=3 12 -3 6 5 8 -1 -8 -5 11 -11 -6 -2
right_child=1 2 -4 4 9 -7 7 -9 -10 10 -12 -13 -14
leaf_value=-0.049429957672162253 0.0070263626822751717 0.0036188426675686407 3.775793354141111e-05 -0.00064441219617500367 -0.00014271909328940582 0.00050165581260518783 0.0012826357648531301 -0.003296407622240751 -0.0056147117188750824 -0.0018860029888152433 9.469176610341777e-05 0.00028383502932982695 -0.0042505031717710064
leaf_weight=9.9999999999999982 49 58 560 9.9999999999999982 238 24 164 20 142 117 479 549 62
leaf_count=10 49 58 560 10 238 24 164 20 142 117 479 549 62
internal_value=0 0.000684244 0.00136503 0 -0.00041098 -0.00389306 7.03312e-05 0.00153651 -0.00623576 0 -2.34687e-05 0.000105891 0
internal_weight=0 729 618 1753 1559 176 194 184 152 1383 596 787 111
internal_count=2482 729 618 1753 1559 176 194 184 152 1383 596 787 111
is_linear=0
shrinkage=0.139904


Tree=92
num_leaves=15
num_cat=0
split_feature=2 1 1 2 5 5 1 1 5 4 2 2 2 2
split_gain=0.0228625 0.0289671 0.0269422 0.0346588 0.047962 0.01914 0.00948822 0.0676558 0.0365814 0.0069848 0.0253862 0.025066 0.0530255 0.000894429
threshold=-0.74525761780157318 -1.8225468546406065 1.4639077289396705 1.0000000180025095e-35 1.1199807455555051 -1.214017751899376 1.2204666486744649 -0.30104010298307088 2.2869799942829454 1.0000000180025095e-35 0.28580671184363571 2.0901692887227514 0.54357279425493799 3.6367657831905649
decision_type=2 2 2 2 2 2 2 2 2 2 2 2 2 2
left_child=6 -2 3 4 5 -3 7 -1 -9 10 -5 12 -11 -12
right_child=1 2 -4 9 -6 -7 -8 8 -10 11 13 -13 -14 -15
leaf_value=0.00053723577180434803 -0.00020879813569071973 -1.807344628846439e-07 -0.0022041785627789864 -0.00095786163990135267 -0.00037062912770477214 0.00054546222916523326 0.003142215464191923 -0.00096212333675304901 0.0027526168948666567 4.1727347978327369e-05 0.00049042186749041934 0.00089805918558333298 -0.0011747454690092796 0.00022722304511729182
leaf_weight=128 111 27 13.999999999999998 71 75 939 75 320 9.9999999999999982 168 282 46 208 7.9999999999999991
leaf_count=128 111 27 14 71 75 939 75 320 10 168 282 46 208 8
internal_value=0 0.000615105 0.000841644 0.00100087 0.00154824 0.00188315 0 -0.000631751 -0.00211573 0 0.000608206 -3.29803e-05 -0.00113187 0.00145927
internal_weight=0 1949 1838 1824 1041 966 533 458 330 783 361 422 376 290
internal_count=2482 1949 1838 1824 1041 966 533 458 330 783 361 422 376 290
is_linear=0
shrinkage=0.139904


Tree=93
num_leaves=26
num_cat=0
split_feature=6 0 4 0 4 0 1 0 0 0 0 4 1 0 0 0 0 0 1 0 0 0 1 1 1
split_gain=0.0158861 0.103886 0.072022 0.0940168 0.159109 0.0237103 0.109015 0.0177511 0.0354775 0.0250106 0.0239793 0.0168952 0.407467 0.0636691 0.0861466 0.0112274 0.00645901 0.00414114 0.0029198 0.134575 0.0523247 0.00265145 0.0400801 8.04477e-05 0.0601601
threshold=1.0000000180025095e-35 -0.68091329760804464 -1.518634353124295 -1.0255210674620565 1.0000000180025095e-35 -0.23801511332093431 0.91616529834295768 1.3992824319149044 0.71453463831747632 0.23642010233508451 0.41867786278790214 1.0000000180025095e-35 0.67272421807775196 0.052059873124339608 -0.92112035320123187 1.0183413738379625 0.075252731610224458 0.62353716238843793 0.91616529834295768 -0.31127300910496164 -0.68091329760804464 -0.29373053540600619 1.3421871888070676 -1.4573852342427978 0.30756259767994326
decision_type=2 2 2 2 2 2 2 2 2 2 2 2 2 2 2 2 2 2 2 2 2 2 2 2 2
left_child=1 2 -1 -4 -5 6 -3 8 9 16 -11 12 13 14 -2 -10 -7 -12 19 20 -13 22 -20 -9 -25
right_child=11 5 3 4 -6 7 -8 23 15 10 17 18 -14 -15 -16 -17 -18 -19 21 -21 -22 -23 -24 24 -26
leaf_value=-0.0013395200730088731 0.0034043862783033948 -0.00047596514721099921 -0.0012932878540827418 0.0011619311079173688 -0.0054530670933616446 1.2832035413300002e-05 0.034291388414467404 0.0010583048388858496 0.0013794396155719381 -0.0029590038778723356 0.00086312789893592276 -0.0013922375642468365 0.00052054351460113476 0.003431206232147611 -0.019580664312114939 0.00016660059618698738 0.0030136874490224288 -0.0018577599651012815 -0.0034847187914772378 -0.00010509083297440366 0.0018222937338826456 0.00085752530642739836 0.0021221099251428313 -0.0033262031615477537 0.0050764284930673361
leaf_weight=78 7.9999999999999991 274 52 245 37 177 8.9999999999999982 60 97 122 85 26 200 7.9999999999999991 38 75 113 38 96 321 61 109 33 105 14.999999999999998
leaf_count=78 8 274 52 245 37 177 9 60 97 122 85 26 200 8 38 75 113 38 96 321 61 109 33 105 15
internal_value=0 0.000449047 0.00236928 0.0033206 0.00440098 0 -0.00125351 9.40503e-05 0.000705318 0 -0.000887818 0 -0.00112493 -0.0116384 -0.0133846 0.00241952 0.00098872 0 0 0.00037095 0.00534158 0 -0.000617008 0 -0.000111208
internal_weight=0 1582 412 334 282 1170 283 887 707 535 245 900 254 54 46 172 290 123 646 408 87 238 129 180 120
internal_count=2482 1582 412 334 282 1170 283 887 707 535 245 900 254 54 46 172 290 123 646 408 87 238 129 180 120
is_linear=0
shrinkage=0.139904


Tree=94
num_leaves=18
num_cat=0
split_feature=2 2 1 1 5 5 1 5 1 1 1 2 2 2 2 1 1
split_gain=0.0242691 0.0533661 0.0665034 0.148089 0.115506 0.00990313 0.00260606 0.0275312 0.1501 0.00092603 0.0584409 0.11754 0.0406263 0.0139098 0.0613491 0.00410623 0.0130516
threshold=1.0000000180025095e-35 -0.74525761780157318 -1.761686584574305 0.064121517414737511 -1.214017751899376 1.0000000180025095e-35 1.2204666486744649 1.1199807455555051 0.91616529834295768 -0.90964280364608519 -1.7008263145080036 2.0901692887227514 1.3168710414888449 1.0591049590775425 2.6057014535453562 -0.72706199344718081 0.79444475821035476
decision_type=2 2 2 2 2 2 2 2 2 2 2 2 2 2 2 2 2
left_child=1 6 -3 4 -4 -6 7 8 -1 10 -2 12 -12 15 -15 -11 -17
right_child=9 2 3 -5 5 -7 -8 -9 -10 13 11 -13 -14 14 -16 16 -18
leaf_value=3.5570916988086294e-05 0.00031623346193111843 -0.0029620396531439101 -0.0036749877672848635 5.3053526075651e-05 0.0022924549380005945 0.00026295929915457985 0.0028729814763374171 0.0012451980142528783 -0.003858604356479718 0.006572579425625954 -0.00022224080862085437 0.0019254377952791645 -0.0022572727200932522 0.0024807561628668903 -0.0021988822298820952 -0.0011984641104536484 0.0005218868827606307
leaf_weight=337 107 40 10.999999999999998 744 167 123 75 35 86 15.999999999999998 169 37 70 165 11.999999999999998 250 38
leaf_count=337 107 40 11 744 167 123 75 35 86 16 169 37 70 165 12 250 38
internal_value=0 0.000611256 0.00122972 0.00167531 0.00435665 0.00522366 0 -0.00033109 -0.00117081 0 -0.000215492 -0.00202518 -0.00374932 0 0.00121535 0 -0.00052168
internal_weight=0 1618 1085 1045 301 290 533 458 423 864 383 276 239 481 177 304 288
internal_count=2482 1618 1085 1045 301 290 533 458 423 864 383 276 239 481 177 304 288
is_linear=0
shrinkage=0.139904


Tree=95
num_leaves=19
num_cat=0
split_feature=0 0 1 1 1 1 0 2 2 0 0 0 0 2 0 0 0 0
split_gain=0.0691388 0.0661988 0.0313982 0.0304471 0.00785171 0.0523915 0.0018837 0.0341701 0.101858 0.136069 0.305451 0.0363916 0.084856 0.0247936 0.0419354 0.00175692 9.54397e-05 0.0353557
threshold=0.075252731610224458 3.0836884177580512 1.2813269187407663 -1.5791057743754007 -1.0313633437786878 0.6118639480114505 -0.34359846625809298 -0.74525761780157318 -0.22972545297896871 -0.62789166361906712 -0.77900660559508761 -0.65923158854191988 -0.95068632010958376 -0.74525761780157318 -0.04025164577840324 -0.17540096562391369 -0.19819961121768717 -0.064364334345881333
decision_type=2 2 2 2 2 2 2 2 2 2 2 2 2 2 2 2 2 2
left_child=6 2 3 -2 -5 -6 7 11 9 10 -9 12 -1 16 15 -15 -8 -18
right_child=1 -3 -4 4 5 -7 13 8 -10 -11 -12 -13 -14 14 -16 -17 17 -19
leaf_value=0.0053045631603530182 -8.043721674958489e-05 -0.0034271048433287899 -0.0030593307940230074 0.00097525255707150461 -0.00017393008212928521 0.00091877754972626382 -0.0007835500790056404 0.0004731966253246716 -8.6392656491496848e-05 -9.6753273087675723e-05 0.0043692489785364143 0.0013352493117549352 -0.0084205256891110233 -0.00014379936449305852 0.001700000808220135 -0.0027396216726323246 0.0042950111987948066 -0.0021716643368463301
leaf_weight=42 112 35 9.9999999999999982 154 375 174 61 131 441 135 47 114 72 195 107 177 65 35
leaf_count=42 112 35 10 154 375 174 61 131 441 135 47 114 72 195 107 177 65 35
internal_value=0 0.00146808 0.00195003 0.00214388 0.00248192 0.000151192 0 1.4312e-05 0.000937422 0.00288316 0.0053609 0 -0.00242305 -0.000238001 -0.00103599 -0.00188146 0 0.000131933
internal_weight=0 860 825 815 703 549 1622 982 754 313 178 228 114 640 479 372 161 100
internal_count=2482 860 825 815 703 549 1622 982 754 313 178 228 114 640 479 372 161 100
is_linear=0
shrinkage=0.139904


Tree=96
num_leaves=20
num_cat=0
split_feature=1 3 1 5 1 1 5 1 1 5 5 1 1 1 3 3 1 1 3
split_gain=0.0178871 0.0801874 0.149258 0.184471 0.0702817 0.0303792 0.00483455 0.0376503 0.0134385 0.0258315 0.00936743 0.0196894 0.0321259 0.00255123 0.0155249 0.0349298 0.109448 8.58414e-05 0.0636044
threshold=-0.78792226351348227 -0.86158447112794823 0.18584205754734043 -1.214017751899376 0.67272421807775196 -0.4227606431156738 1.0000000180025095e-35 0.30756259767994326 1.2813269187407663 3.4539792430103859 -1.214017751899376 0.36842286774624472 1.4030474588733692 -1.5182455043090994 -0.86158447112794823 1.1798977793155532 -1.0313633437786878 -1.8225468546406065 1.0000000180025095e-35
decision_type=2 2 2 2 2 2 2 2 2 2 2 2 2 2 2 2 2 2 2
left_child=13 4 3 -3 5 -2 10 -8 9 -9 -4 -12 -13 17 -15 16 -16 -1 -19
right_child=1 2 6 -5 -6 -7 7 8 -10 -11 11 12 -14 14 15 -17 -18 18 -20
leaf_value=-0.00020554462895086743 3.604360205233282e-05 -0.005749364547107204 0.0042235103407278676 0.001095323358484186 0.00084405843340743891 -0.0017510453953122139 -0.0025429202682657149 0.00049033135406706385 -0.00039016580932553209 -0.01817872063278321 0.015371962999628924 -0.00050549627789860476 0.00050452941576642843 0.00029899318003038454 6.8700507601985363e-05 0.00079740929079058964 -0.0034046397484969715 0.0019833819987202439 -0.000594202026429452
leaf_weight=130 29 17 41 297 198 203 32 448 33 9.9999999999999982 25 418 21 101 187 57 123 62 50
leaf_count=130 29 17 41 297 198 203 32 448 33 10 25 418 21 101 187 57 123 62 50
internal_value=0 0.000558352 0.00125471 0.00396269 0 -0.00239751 0 0.000422414 0.00129179 0.00153374 0 -0.000623709 -0.00112884 0 -0.000324124 -0.000972211 -0.00180819 0 0.000118664
internal_weight=0 1772 1342 314 430 232 1028 523 491 458 505 464 439 710 468 367 310 242 112
internal_count=2482 1772 1342 314 430 232 1028 523 491 458 505 464 439 710 468 367 310 242 112
is_linear=0
shrinkage=0.139904


Tree=97
num_leaves=19
num_cat=0
split_feature=4 6 1 1 2 2 2 1 1 5 5 1 1 1 5 2 1 1
split_gain=0.00711999 0.0379361 0.0694165 0.0744867 0.0350069 0.0392669 0.0201489 0.0501447 0.0659229 0.0417176 0.0499896 0.0142463 0.0631766 0.0257707 0.077216 0.020786 0.000167034 0.00207347
threshold=1.0000000180025095e-35 1.0000000180025095e-35 0.6118639480114505 -1.0313633437786878 1.8324032063114493 -0.48749153539027096 1.0000000180025095e-35 0.79444475821035476 -0.72706199344718081 1.0000000180025095e-35 1.1199807455555051 -0.78792226351348227 0.91616529834295768 1.2204666486744649 1.1199807455555051 -1.0030237002128752 0.67272421807775196 1.3421871888070676
decision_type=2 2 2 2 2 2 2 2 2 2 2 2 2 2 2 2 2 2
left_child=1 2 3 -1 5 -5 11 8 -8 -10 -11 -2 15 14 -14 -13 -3 -18
right_child=6 16 -4 4 -6 -7 7 -9 9 10 -12 12 13 -15 -16 -17 17 -19
leaf_value=3.4816351530594259e-05 -0.00019718637741695375 -0.0094233002749353686 -0.00032900850864426044 0.00049070101244858401 -0.00096916324545356382 0.0015542273734426243 -3.0083379890705082e-05 0.0028023346092126622 -4.2079774126398402e-06 -0.0027613386576262593 0.0096429090474634653 -4.4144533371787874e-05 -0.0028511165308833333 0.0011252066582894127 0.038280636963198979 0.00030655536536415172 0.0016884712595303078 -0.0011107453570924203
leaf_weight=226 166 54 123 81 17 242 216 31 54 156 12.999999999999998 63 156 95 7.9999999999999991 581 167 33
leaf_count=226 166 54 123 81 17 242 216 31 54 156 13 63 156 95 8 581 167 33
internal_value=0 0.000382943 0.00112539 0.00197689 0.00326324 0.00364295 0 -0.000908971 -0.00175576 -0.00340234 -0.00444434 0 0.000553457 0 -0.00171589 0.00152534 0 0
internal_weight=0 943 689 566 340 323 1539 470 439 223 169 1069 903 259 164 644 254 200
internal_count=2482 943 689 566 340 323 1539 470 439 223 169 1069 903 259 164 644 254 200
is_linear=0
shrinkage=0.139904


Tree=98
num_leaves=15
num_cat=0
split_feature=1 0 0 2 0 0 2 2 4 4 1 0 0 0
split_gain=0.0281483 0.0606027 0.0691727 0.0321401 0.0197574 0.198913 0.0918977 0.105003 0.0375235 0.111232 0.0211224 0.0182388 0.0293045 0.00579979
threshold=-0.057599022717865239 -0.50207204888685875 1.549674650255388 1.5746371239001469 -0.77394754014632505 1.0000000180025095e-35 -0.22972545297896871 2.8634675359566581 1.0000000180025095e-35 -1.518634353124295 -0.30104010298307088 3.0836884177580512 0.41867786278790214 0.13188798377688957
decision_type=2 2 2 2 2 2 2 2 2 2 2 2 2 2
left_child=4 -2 3 -3 8 6 -6 -8 9 -1 11 12 -7 -12
right_child=1 2 -4 -5 5 10 7 -9 -10 -11 13 -13 -14 -15
leaf_value=-0.0024964180122259709 -0.00021760050032146869 0.00033744867171204396 -0.0066055534101031755 -0.0020973794696957804 -7.203603698351491e-05 -0.00020260967156652347 -0.00060180081752699726 0.0021076342993273066 -0.026450079728041608 0.001431496471561838 0.0067615134800941695 -0.0020625450432006929 0.00046522210711678376 -0.0022119312096343722
leaf_weight=38 438 957 24 30 127 119 192 11.999999999999998 15.999999999999998 135 9.9999999999999982 28 301 55
leaf_count=38 438 957 24 30 127 119 192 12 16 135 10 28 301 55
internal_value=0 0.000634156 0.00131908 0.00177303 0 -0.000673982 -0.00355681 -0.00536336 0 0.00201817 0 0.000952891 0.00134273 0
internal_weight=0 1449 1011 987 1033 844 331 204 189 173 513 448 420 65
internal_count=2482 1449 1011 987 1033 844 331 204 189 173 513 448 420 65
is_linear=0
shrinkage=0.139904


Tree=99
num_leaves=13
num_cat=0
split_feature=0 2 0 2 0 2 0 5 0 0 5 0
split_gain=0.023789 0.0618979 0.0550999 0.132355 0.0269555 0.0173352 0.0523698 0.0499037 0.00407385 0.00192169 0.0182512 3.77512e-05
threshold=-0.23801511332093431 -0.22972545297896871 -0.83235675032749123 2.0901692887227514 3.0836884177580512 -0.74525761780157318 -0.26219350403709757 -1.214017751899376 -1.1773587330736142 0.075252731610224458 2.2869799942829454 -0.086505958452802498
decision_type=2 2 2 2 2 2 2 2 2 2 2 2
left_child=1 5 -3 -4 9 -1 7 -7 -9 11 -11 -2
right_child=4 2 3 -5 -6 6 -8 8 -10 10 -12 -13
leaf_value=-0.00038746858103614045 0.00023706506288361334 0.00049154234697539761 -0.00057411527059399951 0.0014269893766115113 -0.0022840530086607309 -0.0022908691627547819 -0.0030890129143334136 -0.00089967634435586541 0.00092796005685397999 0.00020535880822396824 -0.0041536439915390421 -0.00058743721573931899
leaf_weight=273 264 187 289 21 35 8.9999999999999982 17 11.999999999999998 345 811 13.999999999999998 205
leaf_count=273 264 187 289 21 35 9 17 12 345 811 14 205
internal_value=0 -7.24895e-05 -0.00155383 -0.00268997 0.000586409 0 0.000932359 0.0019117 0.00253495 0.000870954 0.00110959 0
internal_weight=0 1153 497 310 1329 656 383 366 357 1294 825 469
internal_count=2482 1153 497 310 1329 656 383 366 357 1294 825 469
is_linear=0
shrinkage=0.139904


Tree=100
num_leaves=14
num_cat=0
split_feature=0 3 0 0 5 0 3 0 0 0 0 0 0
split_gain=0.0209487 0.0488853 0.059677 0.0234888 0.0438456 0.0528237 0.126923 0.0228127 0.00823138 0.00695153 0.00770816 0.00261312 0.00959634
threshold=-0.10680792239653754 1.1798977793155532 2.0013112203176338 -1.01349757425266 1.1199807455555051 -0.3621264721873268 1.1798977793155532 -0.47099493255874675 -1.3816267133359827 0.1214413421359385 0.0075138163157561005 2.0994045283046758 0.14042926310596893
decision_type=2 2 2 2 2 2 2 2 2 2 2 2 2
left_child=3 2 9 8 5 7 -7 -5 -1 10 -2 12 -3
right_child=1 11 -4 4 -6 6 -8 -9 -10 -11 -12 -13 -14
leaf_value=-0.1005981124373836 0.0015090960136680117 0.0018229907125894619 -0.0015147391077774879 -0.00022030647649021287 0.0018065086837035047 -0.00089238024106244563 0.0050567189000346076 0.0010454335470432873 0.0024995930454604709 0.00037500026000519121 -0.0013204182100260563 0.0088857843605670023 -0.0024595040372969619
leaf_weight=9.9999999999999982 150 39 85 638 41 363 43 146 140 608 115 11.999999999999998 92
leaf_count=10 150 39 85 638 41 363 43 146 140 608 115 12 92
internal_value=0 0.000580813 0.00117411 -0.000161357 -0.000632817 -0.00106345 -0.00240367 0 0 0.00168478 0 0 -0.000608087
internal_weight=0 1101 958 1381 1231 1190 406 784 150 873 265 143 131
internal_count=2482 1101 958 1381 1231 1190 406 784 150 873 265 143 131
is_linear=0
shrinkage=0.139904


Tree=101
num_leaves=3
num_cat=0
split_feature=3 3
split_gain=0.000167623 0.012269
threshold=1.1798977793155532 1.0000000180025095e-35
decision_type=2 2
left_child=1 -1
right_child=-2 -3
leaf_value=-2.1258975794365183e-05 -0.00030392247808286164 0.00023197097566731922
leaf_weight=1383 333 766
leaf_count=1383 333 766
internal_value=0 3.90068e-05
internal_weight=0 2149
internal_count=2482 2149
is_linear=0
shrinkage=0.139904


Tree=102
num_leaves=13
num_cat=0
split_feature=3 2 2 3 2 5 3 2 3 2 6 2
split_gain=0.00230996 0.22499 0.0894469 0.159296 0.0661266 0.0409508 0.171763 0.146796 0.0199814 0.0256144 0.0100944 0.00778382
threshold=-0.86158447112794823 -0.48749153539027096 -0.48749153539027096 1.1798977793155532 0.80133887666624026 1.0000000180025095e-35 1.1798977793155532 1.0591049590775425 1.1798977793155532 2.6057014535453562 1.0000000180025095e-35 -0.22972545297896871
decision_type=2 2 2 2 2 2 2 2 2 2 2 2
left_child=1 -1 3 10 11 6 7 -4 9 -7 -2 -3
right_child=2 4 5 -5 -6 8 -8 -9 -10 -11 -12 -13
leaf_value=-0.0012998468505429836 0.00079441259798519054 0.00041696311633217394 -0.00064961244972455148 -0.00063846182923804086 -4.7022709293075505e-05 0.00032910554080059138 0.0014565412092789941 0.0001492724674454289 -0.00090658384942715988 -0.0027811916735411123 0.00026139216291240681 0.0022178029422069514
leaf_weight=223 244 102 400 132 107 457 107 121 94 17 332 146
leaf_count=223 244 102 400 132 107 457 107 121 94 17 332 146
internal_value=0 0 0.000153803 0.00158445 0.00139054 -1.17667e-05 -0.00112334 -0.00280729 0 0.000901417 0.00290236 0.00279522
internal_weight=0 578 1904 708 355 1196 628 521 568 474 576 248
internal_count=2482 578 1904 708 355 1196 628 521 568 474 576 248
is_linear=0
shrinkage=0.139904


Tree=103
num_leaves=19
num_cat=0
split_feature=1 0 0 1 5 0 1 1 1 0 0 0 0 0 0 0 0 0
split_gain=0.0128362 0.0494717 0.0554647 0.0306797 0.0334951 0.00444867 0.0356237 0.0113071 0.0355517 0.150813 0.13779 0.00858086 0.00731313 0.00125148 6.34926e-05 0.0289654 0.00360292 0.000398902
threshold=-0.11845929278416668 1.0799042871560198 -0.90147541074434934 -1.9442673947732094 1.1199807455555051 -0.10680792239653754 0.12498178748103896 0.18584205754734043 0.97702556840925903 -0.50207204888685875 -0.9407652956581144 -0.28203555294003596 -0.43663270879637334 1.549674650255388 -0.53091529215967304 -0.85949173773448984 -0.26600422866084072 -0.49458200393674295
decision_type=2 2 2 2 2 2 2 2 2 2 2 2 2 2 2 2 2 2
left_child=1 2 -1 -4 -5 7 -7 12 9 10 -9 -11 -2 -8 15 -10 17 -16
right_child=5 -3 3 4 -6 6 13 8 14 11 -12 -13 -14 -15 16 -17 -18 -19
leaf_value=0.00028663524046386733 0.006507998901744424 0.00020392630728210121 0.0026235410337574136 -0.00024989440536051481 0.0003816246133830902 -0.0036063891854450155 0.00046876555802091935 0.00028177221020287004 -0.00084502991942805655 0.0016107622854479729 -0.0031632566482903265 -0.0005461578921976412 -0.019891465983380721 -0.0014069799446491552 -0.0019786357543761235 0.0023432395905467647 0.00025197016116066165 -0.0024089790752891646
leaf_weight=106 41 201 15.999999999999998 670 9.9999999999999982 48 505 83 73 134 165 168 12.999999999999998 15.999999999999998 9.9999999999999982 81 59 83
leaf_count=106 41 201 16 670 10 48 505 83 73 134 165 168 13 16 10 81 59 83
internal_value=0 -0.000498676 -0.00122756 -0.0018104 -0.0020561 0 0.000388699 0 -0.000502561 -0.00128055 -0.00389113 0 0.000230902 0.00121844 0 8.777e-05 0 -0.00083842
internal_weight=0 1003 802 696 680 1479 569 910 856 550 248 302 54 521 306 154 152 93
internal_count=2482 1003 802 696 680 1479 569 910 856 550 248 302 54 521 306 154 152 93
is_linear=0
shrinkage=0.139904


Tree=104
num_leaves=16
num_cat=0
split_feature=1 2 0 1 4 0 0 2 0 0 0 0 0 4 0
split_gain=0.0113696 0.062788 0.0818508 0.0832524 0.0789984 0.0803692 0.0212237 0.0169066 0.0131045 0.0239314 0.0384627 0.0126583 0.000192095 0.0265649 0.0211343
threshold=-0.057599022717865239 1.5746371239001469 -0.87374910399918371 -1.9442673947732094 1.3401069926887506 1.7584760787770368 -1.3816267133359827 1.5746371239001469 1.7584760787770368 -0.10680792239653754 -0.35273106492533945 0.24259610431149578 -0.9407652956581144 -1.518634353124295 -0.90147541074434934
decision_type=2 2 2 2 2 2 2 2 2 2 2 2 2 2 2
left_child=1 2 12 -4 5 -5 -2 8 9 10 -8 -3 -1 -14 -15
right_child=6 11 3 4 -6 -7 7 -9 -10 -11 -12 -13 13 14 -16
leaf_value=-0.00058843712190833404 -0.086540680552834592 -0.00030753781848923156 0.0030447185078786095 -0.00037909691923181842 0.015517706467353221 0.00011756851684448374 0.00032857820782183011 -0.0015711864051257401 -0.0071874969127737054 0.00058287006446072211 -0.00029942640632857277 0.00099362651777404006 -0.0068602275492487081 0.004863905610297461 -0.00061137991457625468
leaf_weight=76 9.9999999999999982 66 19 658 7.9999999999999991 72 544 51 18 511 315 88 7.9999999999999991 18 20
leaf_count=76 10 66 19 658 8 72 544 51 18 511 315 88 8 18 20
internal_value=0 -0.000215333 -0.00119984 -0.00194048 -0.00245922 -0.0028654 0.000345956 0.000638541 0.00081228 0.000924472 0 8.777e-05 0 0.000265545 0.00339938
internal_weight=0 1033 879 757 738 730 1449 1439 1388 1370 859 154 122 46 38
internal_count=2482 1033 879 757 738 730 1449 1439 1388 1370 859 154 122 46 38
is_linear=0
shrinkage=0.139904


Tree=105
num_leaves=21
num_cat=0
split_feature=1 2 0 0 1 4 0 0 0 1 1 0 0 0 1 1 0 0 0 0
split_gain=0.0154091 0.029773 0.0881591 0.136731 0.0457819 0.0253289 0.138595 0.172656 0.018013 0.116449 0.029969 0.0107011 0.0446488 0.022838 0.0920219 0.0152032 0.00315245 0.0538142 0.0411668 0.0263049
threshold=-0.057599022717865239 0.80133887666624026 0.32268702355878659 -1.000160038069559 -1.2748044240438936 1.0000000180025095e-35 -0.16311466381977643 0.30343629399401534 0.62353716238843793 -1.3965249641764965 -1.4573852342427978 -0.3621264721873268 -0.67000674092629697 2.2561698550676259 -1.9442673947732094 -0.97050307371238664 -0.3621264721873268 0.75967201446422683 -1.2165172136900091 -0.132497462532461
decision_type=2 2 2 2 2 2 2 2 2 2 2 2 2 2 2 2 2 2 2 2
left_child=1 2 3 -1 -5 6 -2 -8 9 -4 -10 12 -3 14 -13 -16 18 19 -7 -18
right_child=5 11 8 4 -6 16 7 -9 10 -11 -12 13 -14 -15 15 -17 17 -19 -20 -21
leaf_value=0.0061742192759173531 2.7808101882932989e-06 -0.00025691864898001786 -0.0010614980605673774 -5.7310831710974782e-05 -0.0010068740473592709 -0.031514916263333401 0.0036583297044218716 -0.0036601164444964125 0.0006173851301764893 0.0024415739289196008 -0.0010206102348994345 0.0034428608095661887 0.0037490545165055423 0.0064577107528009789 -0.0015644197941292216 -0.00011575718417801252 2.3062879321627461e-06 0.0028179487594934198 0.00094862027005648602 -0.0010217913075892795
leaf_weight=34 394 67 17 130 293 12.999999999999998 68 22 53 43 140 8.9999999999999982 39 31 122 55 216 70 218 448
leaf_count=34 394 67 17 130 293 13 68 22 53 43 140 9 39 31 122 55 216 70 218 448
internal_value=0 -0.000349814 -0.000994923 -0.00229031 -0.00344662 0.000345956 0.00116782 0.0058957 0 0.00228849 0 0 0.00135953 0 -0.00152062 -0.00349242 0 -0.000207822 0.000352932 -0.0012715
internal_weight=0 1033 710 457 423 1449 484 90 253 60 193 323 106 217 186 177 965 734 231 664
internal_count=2482 1033 710 457 423 1449 484 90 253 60 193 323 106 217 186 177 965 734 231 664
is_linear=0
shrinkage=0.139904


Tree=106
num_leaves=26
num_cat=0
split_feature=1 2 0 1 0 1 1 0 0 0 0 0 1 5 0 0 0 1 5 0 1 0 0 1 0
split_gain=0.0367468 0.0386681 0.0284162 0.0143154 0.0209822 0.0409325 0.0901522 0.0694755 0.0561595 0.0525302 0.0279793 0.0127921 0.0593229 0.0487403 0.0282612 0.0057111 0.0170559 0.00150403 0.00106836 0.0238304 0.0162784 0.00547917 0.00724264 0.0415701 0.00243694
threshold=0.49014340787884753 2.8634675359566581 -1.01349757425266 -0.057599022717865239 -0.77394754014632505 -0.30104010298307088 -0.97050307371238664 -0.55469946998372499 2.2561698550676259 -0.68091329760804464 -0.53091529215967304 -0.56002134402722825 0.85530502827665622 1.0000000180025095e-35 -1.0172425967277177 0.06566021790218142 1.0183413738379625 0.24670232761364183 1.0000000180025095e-35 -0.26600422866084072 0.6118639480114505 0.030640972652955702 -0.12421899179812244 0.97702556840925903 0.44141080623299073
decision_type=2 2 2 2 2 2 2 2 2 2 2 2 2 2 2 2 2 2 2 2 2 2 2 2 2
left_child=1 2 -1 4 -4 6 9 -8 -9 -6 -7 12 13 14 -2 -11 -17 -5 19 20 -13 22 -20 -24 -23
right_child=11 -3 3 17 5 10 7 8 -10 15 -12 18 -14 -15 -16 16 -18 -19 21 -21 -22 24 23 -25 -26
leaf_value=0.00039968015557334768 0.0021712102251708843 0.0052121171326689683 -9.8322357251293677e-05 0.0016650216002514497 0.0028897585778264092 0.001616769460189558 -0.00062070913193021447 0.00064791622031368235 -0.008202772697918307 -0.00057842918643641458 -0.0028937458394165416 0.0035923178731086958 -0.00025833388785616621 -0.0028993895889169209 0.0034223257189947448 0.00024206804179154997 -0.00044528606551431119 -0.00071949874078174004 2.1693564718490367e-06 0.00025828682022986595 -0.0042700794927985038 -0.0018938543281142816 0.0049061578192172344 -0.0065571905946447493 0.0030037694367640103
leaf_weight=63 20 42 146 117 27 15.999999999999998 36 159 15.999999999999998 170 95 12.999999999999998 186 25 79 145 143 233 126 161 157 141 74 13.999999999999998 78
leaf_count=63 20 42 146 117 27 16 36 159 16 170 95 13 186 25 79 145 143 233 126 161 157 141 74 14 78
internal_value=0 -0.000701952 -0.00102904 -0.00123867 -0.00154443 -0.00182133 -2.01318e-05 0.000385264 0.00276339 -0.00187588 -0.00544052 0.000142477 0.000926403 0.0033039 0.0047387 -0.00243572 0 0 0 -0.000248613 -0.00165782 0 0.000696107 0.00161626 0
internal_weight=0 1408 1366 1303 953 807 696 211 175 485 111 1074 310 124 99 458 288 350 764 331 170 433 214 88 219
internal_count=2482 1408 1366 1303 953 807 696 211 175 485 111 1074 310 124 99 458 288 350 764 331 170 433 214 88 219
is_linear=0
shrinkage=0.139904


Tree=107
num_leaves=30
num_cat=0
split_feature=2 0 2 0 0 2 0 0 0 0 5 0 5 0 0 0 0 0 0 2 2 0 0 0 0 0 0 0 0
split_gain=0.0050671 0.0382473 0.0956757 0.0790965 0.0668677 0.0118726 0.0707234 0.0663849 0.0965452 0.080111 0.0572639 0.0490945 0.0246403 0.0849344 0.079848 0.0421642 0.00592375 0.00408745 0.00225394 0.00078521 0.0342349 0.0359474 0.0105155 0.0135989 0.000117299 0.000143614 0.000114673 2.342e-05 1.18303e-05
threshold=1.0000000180025095e-35 -0.83235675032749123 0.28580671184363571 0.65126346913360333 -0.56002134402722825 -0.74525761780157318 0.20442315592537938 -0.24911877644873756 -0.48374114940368057 -0.67000674092629697 1.1199807455555051 -0.83235675032749123 2.2869799942829454 -0.19819961121768717 1.4407404877352825 -0.95068632010958376 -0.69129423710031046 0.26125551453810009 0.036094250993829506 0.54357279425493799 2.0901692887227514 1.1004690596944955 -0.69129423710031046 2.2561698550676259 -1.000160038069559 -1.2535075233997917 -1.000160038069559 -1.01349757425266 -0.85949173773448984
decision_type=2 2 2 2 2 2 2 2 2 2 2 2 2 2 2 2 2 2 2 2 2 2 2 2 2 2 2 2 2
left_child=5 26 3 4 -3 12 7 8 9 11 -8 24 13 15 17 -1 -13 -15 -9 22 21 -21 -4 -24 25 -7 -2 -27 -26
right_child=1 2 19 -5 -6 6 10 18 -10 -11 -12 16 -14 14 -16 -17 -18 -19 -20 20 -22 -23 23 -25 28 27 -28 -29 -30
leaf_value=0.0035345294412878988 -0.0022952742290039962 -0.00022306260877632536 -0.0055048688246355504 0.00020820175741168378 -0.0055211243026944768 -0.052027218686671553 0.0010978986507167372 -0.00074729301517814672 0.0012417479797182051 -0.0040175671920898472 -0.0014246280348633074 0.0044636204554489231 0.0076669249278746012 0.0015396089031105191 -0.0062575653821217879 -0.00092912064211199343 -0.0037191829217610348 3.6684069390710527e-05 -5.0799962795647623e-05 -0.00057595528875900213 0.00073225513606750873 0.0002439120118266512 0.0017598096121595149 -0.0022285622283231294 -0.0019528919125654841 0.0056258557411994542 0.0024422054527804336 -0.003030332969335677 -0.0050876426283739708
leaf_weight=41 65 28 10.999999999999998 33 84 7.9999999999999991 217 257 175 83 32 66 13.999999999999998 135 26 238 7.9999999999999991 79 95 291 90 72 99 8.9999999999999982 72 54 82 9.9999999999999982 7.9999999999999991
leaf_count=41 65 28 11 33 84 8 217 257 175 83 32 66 14 135 26 238 8 79 95 291 90 72 99 9 72 54 82 10 8
internal_value=0 -0.000337381 -0.00108188 -0.00422612 -0.00598117 0 0.000461241 0 0.000883071 0 0.00251141 0.000660306 0 -0.000957254 0 -0.0027369 0.0036149 0.00196037 -0.00159683 0 -0.000182723 -0.0013605 0 0.00133595 0 0 0 0.000198527 -0.000162151
internal_weight=0 864 717 145 112 1618 1085 836 484 309 249 226 533 519 240 279 74 214 352 572 453 363 119 108 152 72 147 64 80
internal_count=2482 864 717 145 112 1618 1085 836 484 309 249 226 533 519 240 279 74 214 352 572 453 363 119 108 152 72 147 64 80
is_linear=0
shrinkage=0.139904


Tree=108
num_leaves=12
num_cat=0
split_feature=0 0 0 3 2 0 0 0 0 0 0
split_gain=0.0629807 0.0104703 0.00593046 0.0937819 0.148278 0.00624196 0.0172468 0.000474803 0.000451107 6.95263e-05 8.26207e-05
threshold=-0.75042617091701402 -1.1080429662107008 -0.38807882091799112 1.1798977793155532 0.54357279425493799 0.06566021790218142 0.47406477412954812 -0.35273106492533945 0.075252731610224458 0.78831815129098548 0.65126346913360333
decision_type=2 2 2 2 2 2 2 2 2 2 2
left_child=1 -1 3 4 -2 7 8 -4 -7 10 -8
right_child=2 -3 5 -5 -6 6 9 -9 -10 -11 -12
leaf_value=0.00057098619429939265 0.00094205913025877173 -0.00056461190205472065 0.00027787796448920183 -0.001421304729184852 -0.00031545033605988228 -0.003743326938677649 0.00010816175089425195 -0.00019440741252327117 0.00030151424098300353 3.2901708466424282e-05 -0.00068615951584949082
leaf_weight=70 291 417 50 59 75 9.9999999999999982 80 650 375 345 60
leaf_count=70 291 417 50 59 75 10 80 650 375 345 60
internal_value=0 -0.00158527 0 0.000518169 0.00228646 0 0 -0.000415606 0.000927606 0 -9.61108e-05
internal_weight=0 487 1995 425 366 1570 870 700 385 485 140
internal_count=2482 487 1995 425 366 1570 870 700 385 485 140
is_linear=0
shrinkage=0.139904


Tree=109
num_leaves=18
num_cat=0
split_feature=0 1 1 1 1 0 0 1 0 0 1 0 0 0 0 0 0
split_gain=0.0423415 0.0407621 0.0338671 0.00353968 0.140164 0.0411987 0.0349447 0.0220413 0.0440867 0.0194954 0.0416361 0.0492226 0.000773103 0.000354946 0.00684042 2.6861e-05 0.00253967
threshold=-0.75042617091701402 1.2204666486744649 -1.8834071247069077 -0.30104010298307088 -0.97050307371238664 2.2561698550676259 -0.55469946998372499 -0.057599022717865239 -0.53091529215967304 -0.68091329760804464 -1.7008263145080036 3.8717856912373398 -0.38807882091799112 -0.50207204888685875 -0.18019722247793515 0.17492289116571272 0.40251513421133661
decision_type=2 2 2 2 2 2 2 2 2 2 2 2 2 2 2 2 2
left_child=1 2 -1 4 9 6 -6 8 -5 -2 -11 12 -12 -9 -15 -16 -17
right_child=3 -3 -4 7 5 -7 -8 13 -10 10 11 -13 -14 14 15 16 -18
leaf_value=0.0014030510251836869 0.0089944394785867968 0.0031190261339387967 -0.00061938516787353188 0.0074168331574874591 -6.6892757327836032e-05 -0.0019213805656116008 0.00056691447629629208 -0.00026000642405043188 -0.0025641462980184196 0.00011894054053976888 -0.0002469902020530641 0.036966511798763473 -0.00027915666559531337 0.00053178369571854015 -0.00027119709801043564 0.0018148782573227749 -0.0002326740226665578
leaf_weight=15.999999999999998 20 49 422 13.999999999999998 32 17 162 158 95 147 55 8.9999999999999982 275 349 374 135 153
leaf_count=16 20 49 422 14 32 17 162 158 95 147 55 9 275 349 374 135 153
internal_value=0 -0.00130225 -0.00191678 0 0.000309276 0.00358935 0.00423991 0 -0.00192584 0 -0.00087949 -0.00185876 -0.00253048 0 8.25979e-05 0 0
internal_weight=0 487 438 1995 717 211 194 1278 109 506 486 339 330 1169 1011 662 288
internal_count=2482 487 438 1995 717 211 194 1278 109 506 486 339 330 1169 1011 662 288
is_linear=0
shrinkage=0.139904


Tree=110
num_leaves=20
num_cat=0
split_feature=0 1 1 2 0 1 0 0 4 2 2 1 0 0 0 1 0 0 0
split_gain=0.0505096 0.0417173 0.0238372 0.0518774 0.0585793 0.0226198 0.0475241 0.099863 0.0394481 0.0148889 0.0156572 0.011277 0.0274177 0.0135764 0.000164035 0.000139696 5.77635e-05 0.0859707 0.014912
threshold=-0.04025164577840324 1.2204666486744649 -1.8225468546406065 -0.48749153539027096 0.30343629399401534 -1.5182455043090994 -0.3951089508273104 -0.70082104865966821 1.3401069926887506 1.3168710414888449 -0.74525761780157318 -1.0922236138449894 0.47406477412954812 1.0799042871560198 0.15462092722197776 -1.3356646941101948 0.28162318063052022 0.41867786278790214 0.075252731610224458
decision_type=2 2 2 2 2 2 2 2 2 2 2 2 2 2 2 2 2 2 2
left_child=1 5 -2 16 14 -1 7 -7 -8 10 -9 15 -13 -14 -5 -6 18 -18 -4
right_child=2 -3 3 4 11 6 8 9 -10 -11 -12 12 13 -15 -16 -17 17 -19 -20
leaf_value=0.00021838974596318842 -0.00044812836293478482 0.00044858282643144931 -0.0014226249837256965 0.0016008107107131522 0.0047789826290364065 -0.00050286338045734433 -0.00053225651652955344 -0.00018713839406496739 0.0041198175502115374 -6.1613013013795765e-05 0.00061012154661715121 0.0073604021029465708 -0.00078148472623552 0.0045547256257227834 -0.0015105765326235933 -0.0015741438411146836 -0.014158363578562224 0.00014182342559169184 0.0030800242354403324
leaf_weight=96 84 144 47 142 66 453 491 70 9.9999999999999982 25 201 61 118 82 100 48 44 126 74
leaf_count=96 84 144 47 142 66 453 491 70 10 25 201 61 118 82 100 48 44 126 74
internal_value=0 -0.00066351 0.000574165 0.000932551 0.00170335 -0.00104425 -0.00123525 0 -0.00236729 0.0014304 0.00181022 0.00278153 0.0034419 0 0 0 0 -7.98503e-05 0
internal_weight=0 1490 992 908 617 1346 1250 749 501 296 271 375 261 200 242 114 291 170 121
internal_count=2482 1490 992 908 617 1346 1250 749 501 296 271 375 261 200 242 114 291 170 121
is_linear=0
shrinkage=0.139904


Tree=111
num_leaves=21
num_cat=0
split_feature=2 4 2 0 0 0 3 5 0 0 5 0 3 2 2 0 2 0 0 0
split_gain=0.0193102 0.0586829 0.0636635 0.0564342 0.0562927 0.0528539 0.065341 0.131031 0.0127218 0.024621 0.0104056 0.0715038 0.0555307 0.019954 0.0140079 0.0764239 0.0447571 0.00710306 0.000804663 0.000125954
threshold=1.0000000180025095e-35 1.0000000180025095e-35 3.6367657831905649 0.052059873124339608 -0.10680792239653754 1.5917897275626178 1.1798977793155532 1.1199807455555051 -0.24911877644873756 -0.83235675032749123 1.1199807455555051 -0.24911877644873756 1.1798977793155532 -1.0030237002128752 -0.74525761780157318 -0.77900660559508761 -0.22972545297896871 -0.9407652956581144 -0.28709461838879841 -1.000160038069559
decision_type=2 2 2 2 2 2 2 2 2 2 2 2 2 2 2 2 2 2 2 2
left_child=4 8 3 -3 10 6 7 -6 9 19 11 14 13 -13 17 -16 -17 -1 -19 -2
right_child=1 2 -4 -5 5 -7 -8 -9 -10 -11 -12 12 -14 -15 15 16 -18 18 -20 -21
leaf_value=4.9573786806707191e-05 -0.0020286006257256759 -3.8318203833583113e-06 0.0099488565567208351 -0.00076736718005600312 0.00040364476548474703 -0.0026920707150751974 -0.00053981621780350628 -0.00018714335759568526 0.0012986057352779321 -0.0003605069480790137 0.0011344175802936842 0.00025347712163912022 0.0083895248379174617 -0.0035813767478636085 -0.00027885597931429231 0.00066356348047003359 -0.00011094974171825375 -0.00061633580124229243 0.0058958682663903805 0.0027245573389848426
leaf_weight=43 60 132 13.999999999999998 324 472 60 73 49 88 172 48 24 15.999999999999998 158 168 233 63 197 13.999999999999998 74
leaf_count=43 60 132 14 324 472 60 73 49 88 172 48 24 16 158 168 233 63 197 14 74
internal_value=0 -0.000658512 -0.00178828 -0.00244623 8.7116e-06 0.00129072 0.00188484 0.00254248 0 0 -1.45772e-05 -0.000469903 -0.00279453 -0.00376968 0 0.000623709 0.00235288 -0.000589555 -0.00102608 0
internal_weight=0 864 470 456 1618 654 594 521 394 306 964 916 198 182 718 464 296 254 211 134
internal_count=2482 864 470 456 1618 654 594 521 394 306 964 916 198 182 718 464 296 254 211 134
is_linear=0
shrinkage=0.139904


Tree=112
num_leaves=14
num_cat=0
split_feature=2 1 2 1 1 1 2 1 1 1 1 1 1
split_gain=0.0296526 0.102308 0.13458 0.0636902 0.0618873 0.0712791 0.0564475 0.0467232 0.00219965 0.001245 0.0011573 0.00344794 0.00066939
threshold=1.0000000180025095e-35 -0.97050307371238664 2.6057014535453562 -0.72706199344718081 0.064121517414737511 -0.605341453314578 0.28580671184363571 -1.9442673947732094 0.064121517414737511 0.55100367794514904 -0.84878253357978373 -1.8225468546406065 -1.2139441539775919
decision_type=2 2 2 2 2 2 2 2 2 2 2 2 2
left_child=4 2 7 6 5 10 -3 -2 -5 -6 11 -1 -9
right_child=1 3 -4 8 9 -7 -8 12 -10 -11 -12 -13 -14
leaf_value=-0.0009549268781378163 0.00089413026335830536 -0.0001128318317533274 0.0041401255451097097 -0.00068278550127866288 -0.00066319364172679732 0.00077418628967056548 0.003070876166981212 -0.00082828517335547006 9.0244687216247543e-05 0.00014342248067051469 -0.019669245574272989 0.00038273466338128748 -0.00018668499379545622
leaf_weight=49 19 12.999999999999998 35 157 283 174 49 183 294 827 29 256 114
leaf_count=49 19 13 35 157 283 174 49 183 294 827 29 256 114
internal_value=0 -0.000658512 -0.0025774 0 0.000353023 0.00165641 0.00424067 -0.00393818 0 0 0 0.00026931 -0.00441392
internal_weight=0 864 351 513 1618 508 62 316 451 1110 334 305 297
internal_count=2482 864 351 513 1618 508 62 316 451 1110 334 305 297
is_linear=0
shrinkage=0.139904


Tree=113
num_leaves=12
num_cat=0
split_feature=2 1 2 1 1 2 1 5 1 1 1
split_gain=0.0298717 0.0505134 0.169626 0.140824 0.0326333 0.057431 0.149876 0.0386472 0.00463125 0.000274448 2.53959e-05
threshold=1.0000000180025095e-35 -0.90964280364608519 2.0901692887227514 -1.9442673947732094 0.064121517414737511 -0.74525761780157318 -1.761686584574305 -1.214017751899376 1.2204666486744649 -0.72706199344718081 0.79444475821035476
decision_type=2 2 2 2 2 2 2 2 2 2 2
left_child=4 2 3 -2 5 -1 -7 -8 -6 -3 -11
right_child=1 9 -4 -5 8 6 7 -9 -10 10 -12
leaf_value=-6.3855408555395872e-05 0.0020866264175633921 0.0056950343771146553 0.00088665880667750368 -0.00035476088651619267 -0.00012215351075075807 -0.0025257737671222943 -0.002079319819174565 0.001377542125245327 0.00033567704448230086 -0.00020319866634942453 0.00070692839406446748
leaf_weight=167 15.999999999999998 30 59 308 946 40 10.999999999999998 290 164 396 55
leaf_count=167 16 30 59 308 946 40 11 290 164 396 55
internal_value=0 -0.000819077 -0.00200766 -0.00384309 8.7116e-06 0.00111343 0.00224974 0.00390289 0 0 0
internal_weight=0 864 383 324 1618 508 341 301 1110 481 451
internal_count=2482 864 383 324 1618 508 341 301 1110 481 451
is_linear=0
shrinkage=0.139904


Tree=114
num_leaves=16
num_cat=0
split_feature=0 1 1 1 0 1 2 0 0 2 2 1 0 0 2
split_gain=0.0408267 0.0471254 0.0351021 0.0250488 0.0517043 0.146377 0.073771 0.0795231 0.137205 0.049088 0.0619042 0.0460836 0.109388 0.0308996 0.00529045
threshold=-0.61941608643867285 1.2204666486744649 -1.5791057743754007 -0.605341453314578 -0.3621264721873268 -1.7008263145080036 2.0901692887227514 0.16355641944316859 1.7584760787770368 1.0000000180025095e-35 0.28580671184363571 0.42928313781254618 -0.48374114940368057 0.97037880529774745 0.54357279425493799
decision_type=2 2 2 2 2 2 2 2 2 2 2 2 2 2 2
left_child=1 2 -1 4 -2 -6 7 -7 -9 11 -11 12 -5 -14 -12
right_child=3 -3 -4 9 5 6 -8 8 -10 10 14 -13 13 -15 -16
leaf_value=0.00066927511590131718 0.000992562998526168 0.0019350446874395791 -0.00034788095657425737 -0.008418948876337715 0.00037529236262463095 -4.7413745773882727e-05 0.00020525919967466264 -0.00058921385058960764 5.4726701059475172e-05 -0.0068226347272476286 0.0035104231098139517 0.00010887505315636344 0.00079010753498802682 0.000116905175265571 -5.0994565429176374e-05
leaf_weight=40 85 64 526 9.9999999999999982 125 103 34 162 66 64 61 744 215 30 153
leaf_count=40 85 64 526 10 125 103 34 162 66 64 61 744 215 30 153
internal_value=0 -0.00111981 -0.00173286 0 -0.000144441 -0.00143505 -0.003232 -0.00397033 -0.00541089 0.000610152 0 0.00119578 0.0029873 0.00421463 0
internal_weight=0 630 566 1852 575 490 365 331 228 1277 278 999 255 245 214
internal_count=2482 630 566 1852 575 490 365 331 228 1277 278 999 255 245 214
is_linear=0
shrinkage=0.139904


Tree=115
num_leaves=20
num_cat=0
split_feature=0 1 1 0 2 0 1 0 0 0 1 0 0 0 3 3 3 0 0
split_gain=0.0726894 0.0354998 0.0378623 0.0434423 0.0768601 0.0616601 0.0353874 0.0786621 0.164508 0.0370444 0.0327845 0.0540665 0.0435482 0.0360675 0.0314731 0.0206668 0.350201 0.000207674 0.000161758
threshold=-0.23801511332093431 -0.605341453314578 -1.7008263145080036 0.16355641944316859 2.0901692887227514 1.7584760787770368 0.7335844881440533 -0.90147541074434934 -0.70082104865966821 -0.3621264721873268 0.67272421807775196 0.93299428269585372 -0.045442115524536093 -0.11495498883350559 1.0000000180025095e-35 1.0000000180025095e-35 -0.86158447112794823 -0.93544342161461114 2.0994045283046758
decision_type=2 2 2 2 2 2 2 2 2 2 2 2 2 2 2 2 2 2 2
left_child=6 2 -2 -4 5 -5 7 17 -9 -10 11 12 13 -3 -8 16 -12 -1 -13
right_child=1 10 3 4 -6 -7 14 8 9 -11 15 18 -14 -15 -16 -17 -18 -19 -20
leaf_value=-0.00020366546298493184 0.00046817647297179384 0.0016149039485281584 0.00085587821893465255 -0.00050678048319089243 0.0024884846614984511 4.7070217339005051e-05 0.0010433126551558857 -0.0032514812783853439 0.00043129754788869337 -0.00073187148657229747 0.0015597051787169058 -0.0052357761236843563 0.00041489333592391938 -0.0048632497390256177 -0.00021167727708529507 0.0012855579342283441 -0.0025806272545098397 0.0034855058416623681 0.0098423148184452434
leaf_weight=152 117 74 82 162 25 66 235 176 232 112 94 56 341 50 204 132 113 42 17
leaf_count=152 117 74 82 162 25 66 235 176 232 112 94 56 341 50 204 132 113 42 17
internal_value=0 0 -3.08262e-05 -0.00147179 -0.00247282 -0.00362731 -0.00115765 -0.00176523 -0.00267996 0 0.000886139 0.00156529 0.00225152 0 0 0 -0.00104523 0 0
internal_weight=0 1329 452 335 253 228 1153 714 520 344 877 538 465 124 439 339 207 194 73
internal_count=2482 1329 452 335 253 228 1153 714 520 344 877 538 465 124 439 339 207 194 73
is_linear=0
shrinkage=0.139904


Tree=116
num_leaves=17
num_cat=0
split_feature=0 0 2 0 2 0 0 0 0 2 0 0 0 0 0 0
split_gain=0.0204622 0.088775 0.0377214 0.0633267 0.110152 0.0357029 0.0157868 0.011892 0.0055935 0.0740621 0.0921396 0.0263977 0.00865231 0.0181638 0.00494303 0.00469552
threshold=0.69075046049342437 1.0183413738379625 -0.22972545297896871 0.23642010233508451 1.8324032063114493 -0.12421899179812244 -1.1509464693021534 -0.57322747591295886 -0.12927805724688482 -0.74525761780157318 -0.77900660559508761 0.17492289116571272 -0.19819961121768717 -0.9407652956581144 -0.20483552823489506 0.1214413421359385
decision_type=2 2 2 2 2 2 2 2 2 2 2 2 2 2 2 2
left_child=2 -2 8 5 -5 6 -4 -8 9 12 -11 -10 13 -1 -12 -7
right_child=1 -3 3 4 -6 15 7 -9 11 10 14 -13 -14 -15 -16 -17
leaf_value=0.0011626287861749986 0.00028160873908533046 -6.1190766426465128e-05 0.0069216879478454256 -0.0013931228706432935 0.002140335733630502 0.00012849663239939161 -0.00025466252991252923 -3.2403534237473814e-05 -0.00082367092252303635 -2.1934320106067901e-05 0.00055570424086539563 0.00035669354927115812 0.0070821126167421389 -0.00069427923365245048 5.5854557503658172e-05 0.0057726626241563122
leaf_weight=44 115 270 13.999999999999998 139 14.999999999999998 137 322 211 249 131 278 164 33 245 51 64
leaf_count=44 115 270 14 139 15 137 322 211 249 131 278 164 33 245 51 64
internal_value=0 0.000927606 -0.000172939 -0.000938704 -0.00355673 0 -0.000908901 -0.00119138 0 0.00037243 0.00182655 0 0 -0.000755988 0.00316198 0.00107534
internal_weight=0 385 2097 902 154 748 547 533 1195 782 460 413 322 289 329 201
internal_count=2482 385 2097 902 154 748 547 533 1195 782 460 413 322 289 329 201
is_linear=0
shrinkage=0.139904


Tree=117
num_leaves=8
num_cat=0
split_feature=0 1 0 1 1 1 3
split_gain=0.0367434 0.0556316 0.0212596 0.0142561 0.0110415 0.00748964 0.0205744
threshold=-0.23801511332093431 -0.605341453314578 1.7584760787770368 1.2813269187407663 1.5247679990059719 -1.7008263145080036 1.0000000180025095e-35
decision_type=2 2 2 2 2 2 2
left_child=4 5 3 -3 -1 -2 -7
right_child=1 2 -4 -5 -6 6 -8
leaf_value=-7.9249135585601109e-05 0.00041123754962495612 0.00018481025052684042 -0.00072549098868188242 -0.00034619537147419563 0.0073609857891218551 1.5817161945630237e-05 -0.00070929759427983997
leaf_weight=1137 117 814 30 33 15.999999999999998 185 150
leaf_count=1137 117 814 30 33 16 185 150
internal_value=0 0.000377023 0.00120255 0.00140854 -0.000675357 0 -0.000654401
internal_weight=0 1329 877 847 1153 452 335
internal_count=2482 1329 877 847 1153 452 335
is_linear=0
shrinkage=0.139904


Tree=118
num_leaves=23
num_cat=0
split_feature=0 0 2 3 2 3 2 0 2 0 0 0 0 0 0 0 2 0 0 0 0 0
split_gain=0.049987 0.0766852 0.157876 0.0693698 0.00841327 0.0914908 0.20762 0.0271821 0.02324 0.114255 0.0174933 0.015232 0.0147371 0.0127427 0.0092637 0.00651494 0.055671 0.0376004 0.0228343 0.0281591 0.0198957 0.00353065
threshold=0.57872829698511352 2.0013112203176338 0.80133887666624026 -0.86158447112794823 -0.22972545297896871 -0.86158447112794823 0.80133887666624026 -1.01349757425266 0.54357279425493799 0.24259610431149578 -0.023497597863670595 -0.75042617091701402 0.25343695884455819 -1.0255210674620565 -0.74241050877741643 -0.12927805724688482 -0.74525761780157318 -0.77900660559508761 -0.19819961121768717 -0.95068632010958376 0.17492289116571272 0.33536753825503535
decision_type=2 2 2 2 2 2 2 2 2 2 2 2 2 2 2 2 2 2 2 2 2 2
left_child=4 2 3 -2 15 8 7 -7 9 13 14 -8 -13 -6 -10 16 18 -18 19 -1 -17 -9
right_child=1 -3 -4 -5 5 6 11 21 10 -11 -12 12 -14 -15 -16 20 17 -19 -20 -21 -22 -23
leaf_value=0.0024097151790796307 -1.2340973519966799e-05 -0.00043976375577180297 -0.00052580985103378372 0.0010351110690577051 0.0025316995101805975 0.00088814202859537777 -0.0013012839794311168 -0.00050935675589612009 0.00027260069680225751 -0.0029266111377683267 0.0083445414410602339 0.00076551130271285367 -0.0032643512150724628 0.0052651958283285276 -0.0018439612263403209 -0.00068209172733992582 -7.7783511496706973e-06 0.0003722533177360752 0.0060654411281519209 -0.00058605953007462666 0.00056577888538668017 -0.00017095057414256632
leaf_weight=42 52 99 104 190 7.9999999999999991 34 77 367 24 15.999999999999998 27 140 21 79 38 249 131 329 33 247 138 37
leaf_count=42 52 99 104 190 8 34 77 367 24 16 27 140 21 79 38 249 131 329 33 247 138 37
internal_value=0 0.00111386 0.00241589 0.00454591 -0.000451756 -0.000815334 -0.00186339 -0.00380177 0 0.00203058 0 0 0.00133088 0.00534158 -0.00222246 0 1.79384e-05 0.00152717 0 -0.00122812 -0.000568103 -0.00411602
internal_weight=0 445 346 242 2037 868 676 438 192 103 89 238 161 87 62 1169 782 460 322 289 387 404
internal_count=2482 445 346 242 2037 868 676 438 192 103 89 238 161 87 62 1169 782 460 322 289 387 404
is_linear=0
shrinkage=0.139904


Tree=119
num_leaves=18
num_cat=0
split_feature=4 0 0 5 0 0 0 0 2 2 0 2 0 2 0 2 2
split_gain=0.00876714 0.0875342 0.18389 0.0850227 0.0554057 0.0657297 0.0293773 0.0677112 0.0257889 0.0140616 0.0110641 0.0978132 0.100148 0.0561725 0.00870404 0.0276876 0.0566919
threshold=1.0000000180025095e-35 -0.16311466381977643 1.1527022678992505 2.2869799942829454 -0.77394754014632505 -0.91008239222211385 1.1004690596944955 -0.132497462532461 3.121233618367961 -0.74525761780157318 -0.57322747591295886 -0.74525761780157318 -0.18735875668462479 -0.74525761780157318 2.0013112203176338 1.8324032063114493 -0.74525761780157318
decision_type=2 2 2 2 2 2 2 2 2 2 2 2 2 2 2 2 2
left_child=1 4 3 -3 5 -1 7 10 9 -9 13 -12 -13 -2 15 16 -8
right_child=6 2 -4 -5 -6 -7 14 8 -10 -11 11 12 -14 -15 -16 -17 -18
leaf_value=-0.00013863744209178331 0.0065696919022377029 0.0019494346715607646 -0.0022726794482218239 -0.00020233390568658206 -0.00037853577396221511 0.0011448195125387433 -0.00088359146153500995 -9.2807994391703021e-05 0.014347291269087901 -0.00027899599167303338 -0.00031333030093542785 0.00066156548227073032 -0.00017739927952463555 -0.0026834444380134503 -0.0016659558564146772 -0.00071855683491186932 0.0025351951883424003
leaf_weight=228 43 134 31 19 399 132 18 143 7.9999999999999991 627 113 234 47 113 79 18 96
leaf_count=228 43 134 31 19 399 132 18 143 8 627 113 234 47 113 79 18 96
internal_value=0 8.85081e-05 0.00299902 0.00576054 0 0.000419424 -0.000325821 -0.000744006 -0.00162137 -0.00181804 0 0.000732499 0.00271791 -8.66952e-05 0 0.00110581 0.00242305
internal_weight=0 943 184 153 759 360 1539 1328 778 770 550 394 281 156 211 132 114
internal_count=2482 943 184 153 759 360 1539 1328 778 770 550 394 281 156 211 132 114
is_linear=0
shrinkage=0.139904


Tree=120
num_leaves=17
num_cat=0
split_feature=2 0 0 0 0 0 0 2 0 2 2 0 0 2 0 0
split_gain=0.00474507 0.0367785 0.0367948 0.0202964 0.00716523 0.0439092 0.0184686 0.0534564 0.00908073 0.00787631 0.00566742 0.0211864 0.00458108 0.00357469 0.00431036 0.000172665
threshold=-0.74525761780157318 -0.17540096562391369 -0.95068632010958376 0.26125551453810009 -0.18735875668462479 -0.48374114940368057 0.31322591414811413 0.80133887666624026 -0.086505958452802498 1.0591049590775425 -0.48749153539027096 -0.023497597863670595 0.28950743847274729 0.80133887666624026 2.9818500872959501 0.71453463831747632
decision_type=2 2 2 2 2 2 2 2 2 2 2 2 2 2 2 2
left_child=1 2 -1 -3 5 -2 7 8 -6 -7 -10 -12 -13 14 -8 -5
right_child=4 3 -4 15 6 9 13 -9 10 -11 11 12 -14 -15 -16 -17
leaf_value=0.0020919823469385591 -4.6150085720282994e-05 0.0016439640849388799 -0.00045110880037041245 -0.0010637316038701137 -5.0762658730611636e-06 0.0004171680555187762 0.00048740239718824362 0.00034221095311257266 -0.00054763172276785363 -1.5392077638471628e-05 -0.00016324421115807957 -0.0018806854307934456 3.3986554454065976e-05 -7.5547964418783644e-05 -0.0016507130037521738 5.2066629027954472e-05
leaf_weight=42 615 119 263 52 115 278 317 85 77 44 48 181 7.9999999999999991 168 12.999999999999998 57
leaf_count=42 615 119 263 52 115 278 317 85 77 44 48 181 8 168 13 57
internal_value=0 -0.000414596 -0.00161316 0 0 0.000385376 0 -0.000832253 -0.001796 0.0017423 -0.00222108 -0.00263476 -0.00327895 2.80201e-05 0.000456726 0
internal_weight=0 533 305 228 1949 937 1012 514 429 322 314 237 189 498 330 109
internal_count=2482 533 305 228 1949 937 1012 514 429 322 314 237 189 498 330 109
is_linear=0
shrinkage=0.139904


Tree=121
num_leaves=13
num_cat=0
split_feature=1 6 4 2 2 2 1 1 4 1 1 4
split_gain=0.00714649 0.0735622 0.0862108 0.137502 0.126702 0.0115787 0.0122036 0.00535652 0.00522295 0.0151076 0.0268925 0.0253469
threshold=-0.605341453314578 1.0000000180025095e-35 -1.518634353124295 0.54357279425493799 -1.0030237002128752 2.6057014535453562 -1.2139441539775919 -1.7008263145080036 -1.518634353124295 1.5247679990059719 0.79444475821035476 1.3401069926887506
decision_type=2 2 2 2 2 2 2 2 2 2 2 2
left_child=5 2 -2 4 -4 6 7 -1 -3 10 -10 -12
right_child=1 8 3 -5 -6 -7 -8 -9 9 -11 11 -13
leaf_value=-2.4082269726425806e-05 -0.00049073814840540169 0.000895733774650272 -0.00012333764324731278 -0.0002004570899047966 0.00041921285813002155 0.0018761907438054389 1.4965616230611812e-06 -0.00028700841917669786 1.7220793877266356e-05 0.0088236430972045751 -0.0006242009597337701 0.010743649843438705
leaf_weight=159 84 58 28 221 489 40 352 213 379 18 425 15.999999999999998
leaf_count=159 84 58 28 221 489 40 352 213 379 18 425 16
internal_value=0 0.000251473 0.00136665 0.0020838 0.00336237 -0.000199739 -0.00059327 -0.00114381 0 -0.000347758 -0.000693534 -0.00143586
internal_weight=0 1718 822 738 517 764 724 372 896 838 820 441
internal_count=2482 1718 822 738 517 764 724 372 896 838 820 441
is_linear=0
shrinkage=0.139904


Tree=122
num_leaves=20
num_cat=0
split_feature=1 2 0 1 2 2 0 1 2 0 0 0 1 0 0 0 4 0 0
split_gain=0.00624843 0.1243 0.141579 0.185266 0.0760063 0.0175674 0.0925147 0.098628 0.158511 0.00360944 0.0436661 0.0135327 0.0204128 0.0766366 0.0111987 0.00187529 0.000135987 4.04336e-05 0.000289989
threshold=-1.2139441539775919 1.0000000180025095e-35 2.2561698550676259 -1.761686584574305 2.0901692887227514 1.0591049590775425 -0.75042617091701402 -0.97050307371238664 2.6057014535453562 -0.086505958452802498 0.17492289116571272 -0.9606073445610529 0.30756259767994326 -0.29373053540600619 -0.10680792239653754 -0.92112035320123187 1.0000000180025095e-35 0.65126346913360333 0.75967201446422683
decision_type=2 2 2 2 2 2 2 2 2 2 2 2 2 2 2 2 2 2 2
left_child=1 16 3 -3 -5 9 -7 -8 -9 11 -11 -2 13 -13 15 -14 -1 -12 -19
right_child=5 2 -4 4 -6 6 7 8 -10 10 17 12 14 -15 -16 -17 -18 18 -20
leaf_value=0.0013514489841374001 -0.0014717182107023402 -1.9946743497462824e-05 0.0053593582363833632 -0.0065491514434539971 0.00032186570675719444 -0.00036079657523020351 -0.00016425374433365556 0.0027520405537102416 -0.00061879145794076912 -0.00069555807281158899 0.00026244749005183181 0.0011632091400017846 0.0047901747004904897 -0.0031948702196834306 0.0082051653394018074 -0.00016093875077217697 -0.0001004630689780661 -0.0014222884585813396 0.000455015198299305
leaf_weight=68 181 86 28 101 18 59 42 130 12.999999999999998 267 246 228 15.999999999999998 48 25 634 102 28 162
leaf_count=68 181 86 28 101 18 59 42 130 13 267 246 228 16 48 25 634 102 28 162
internal_value=0 -0.000545951 -0.00326077 -0.00500864 -0.00841855 0 0.00116969 0.00334715 0.00521305 0 -0.000315372 0 0.000525735 0.00153138 0 -2.15407e-05 0 0 0
internal_weight=0 403 233 205 119 2079 244 185 143 1835 703 1132 951 276 675 650 170 436 190
internal_count=2482 403 233 205 119 2079 244 185 143 1835 703 1132 951 276 675 650 170 436 190
is_linear=0
shrinkage=0.139904


Tree=123
num_leaves=22
num_cat=0
split_feature=0 3 0 1 2 2 0 1 0 0 1 1 2 0 1 0 1 1 1 1 1
split_gain=0.00727706 0.063854 0.0660577 0.129998 0.0297015 0.027399 0.0182249 0.0794191 0.0699053 0.0328476 0.0535903 0.140368 0.199058 0.0247617 0.0162769 0.0107422 0.00360292 0.0386584 0.00387724 5.71193e-05 7.88678e-05
threshold=0.78831815129098548 1.0000000180025095e-35 2.9818500872959501 -1.8225468546406065 0.28580671184363571 3.121233618367961 -0.34359846625809298 0.30756259767994326 1.0000000180025095e-35 -0.85949173773448984 -1.4573852342427978 -0.54448118324827655 -0.48749153539027096 -0.29373053540600619 0.91616529834295768 0.13188798377688957 0.85530502827665622 0.49014340787884753 1.0987461085418622 -1.1530838839112907 -0.605341453314578
decision_type=2 2 2 2 2 2 2 2 2 2 2 2 2 2 2 2 2 2 2 2 2
left_child=6 2 3 -2 -3 -6 9 8 13 16 -11 12 -12 -8 -5 -10 17 19 -18 -1 -21
right_child=1 4 -4 14 5 -7 7 -9 15 10 11 -13 -14 -15 -16 -17 18 -19 -20 20 -22
leaf_value=0.00015662283045325294 -0.0067367501599195165 0.0017035114265550795 -0.0050963259789959334 0.0010055204687727851 -0.0022178767473785277 0.002562766649430657 0.00012827064214590426 3.0559706528690679e-05 0.0043572854059104552 -0.0012845217619815671 -0.0036385209120153588 2.2935437625518041e-05 0.0015411727643895614 -0.0026494309247354119 0.0025187898174235317 -0.00020112728551471783 -0.0075130766219442535 0.0066789143787227383 -0.00047773101078179203 -0.0037252536468494629 -1.798362606823981e-05
leaf_weight=21 14.999999999999998 91 28 124 70 8.9999999999999982 20 716 56 61 36 445 95 128 7.9999999999999991 235 41 59 52 68 104
leaf_count=21 15 91 28 124 70 9 20 716 56 61 36 445 95 128 8 235 41 59 52 68 104
internal_value=0 0.000635827 0.00276339 0.00417135 0 -0.00259514 0 -0.000553829 -0.00206922 1.4312e-05 0.000999078 0.00170316 0.00566531 -0.00459487 0.00612674 0 0 0 -0.00083842 0 -7.89598e-05
internal_weight=0 345 175 147 170 79 2137 1155 439 982 637 576 131 148 132 291 345 252 93 193 172
internal_count=2482 345 175 147 170 79 2137 1155 439 982 637 576 131 148 132 291 345 252 93 193 172
is_linear=0
shrinkage=0.139904


Tree=124
num_leaves=28
num_cat=0
split_feature=3 5 1 0 1 1 0 1 0 0 0 1 0 0 0 0 0 0 0 0 0 0 0 0 1 1 1
split_gain=0.00601015 0.0397266 0.0744451 0.115973 0.0224971 0.0448351 0.0866515 0.0413693 0.074009 0.0326234 0.0318288 0.0218692 0.0520448 0.0760785 0.0244465 0.0482512 0.00896429 0.0305581 0.00881214 0.00561945 0.00437792 0.0599241 0.0188874 0.0266179 0.00132481 0.00342321 1.35304e-05
threshold=1.1798977793155532 1.0000000180025095e-35 0.91616529834295768 2.0994045283046758 -1.2748044240438936 -1.8225468546406065 0.25343695884455819 0.49014340787884753 1.0799042871560198 -0.53091529215967304 -0.87374910399918371 0.79444475821035476 0.030640972652955702 -1.0172425967277177 -0.84148934899473771 -0.68091329760804464 -0.9606073445610529 -0.3951089508273104 -0.086505958452802498 1.8444801914059978 0.17492289116571272 0.37557725325039387 -0.29373053540600619 -0.70082104865966821 1.0378858384755605 1.4639077289396705 0.85530502827665622
decision_type=2 2 2 2 2 2 2 2 2 2 2 2 2 2 2 2 2 2 2 2 2 2 2 2 2 2 2
left_child=4 16 3 -3 5 -1 9 8 10 -7 -6 12 13 -9 -15 -16 -2 -18 -19 -10 22 -22 23 -12 26 -26 -13
right_child=1 2 -4 -5 7 6 -8 11 19 -11 20 24 -14 14 15 -17 17 18 -20 -21 21 -23 -24 -25 25 -27 -28
leaf_value=-0.00024779307523228856 0.013437404065598327 -0.0033723268292257698 0.0048748626747791091 0.0045879854848982866 8.1100995115270208e-05 0.00019725559705707082 -2.2239960118065376e-05 -0.01110590163957618 0.0021815627323589159 0.0017835047145585302 -0.0024685707996619575 -8.2398438975660312e-05 -0.00011338212897740573 0.0082694465227484415 -0.0073103341744111443 0.00053318460585694688 -0.0035934896120953285 0.0046644415124693708 -0.00063688984461537392 -0.0013327015388142787 0.0028613369685300122 -0.0002322062270044123 -0.0011007472923209663 0.00052695571308367637 0.00027817684831600863 -0.0019792261609676977 -0.0011599817848961178
leaf_weight=108 33 129 23 10.999999999999998 133 45 97 17 57 80 89 80 108 27 26 192 77 33 27 46 74 143 205 147 250 23 202
leaf_count=108 33 129 23 11 133 45 97 17 57 80 89 80 108 27 26 192 77 33 27 46 74 143 205 147 250 23 202
internal_value=0 0 -0.00213667 -0.00389473 0.000233649 0.00128623 0.00250206 0 -0.000636594 0.00486489 -0.00150734 0.000690457 0.00152066 0.00264992 0.00366016 0 0 0 0.000210323 0 -0.00191381 0 -0.00237205 0 0 0.000300053 -4.89392e-05
internal_weight=0 333 163 140 2149 330 222 1819 894 125 791 925 370 262 245 218 170 137 60 103 658 217 441 236 555 273 282
internal_count=2482 333 163 140 2149 330 222 1819 894 125 791 925 370 262 245 218 170 137 60 103 658 217 441 236 555 273 282
is_linear=0
shrinkage=0.139904


Tree=125
num_leaves=25
num_cat=0
split_feature=2 1 0 0 1 0 1 2 0 1 0 1 1 1 0 1 1 0 1 0 2 0 0 0
split_gain=0.0820497 0.0780871 0.0831229 0.164308 0.145217 0.101951 0.0714178 0.0562751 0.0325552 0.0258577 0.0111222 0.00710135 0.00621812 0.0931192 0.0343853 0.00305208 0.103058 0.160523 0.0288656 0.0768968 0.0784235 0.00450005 0.00545146 0.00173506
threshold=-0.74525761780157318 -1.8225468546406065 -0.18735875668462479 -0.04025164577840324 1.4639077289396705 -1.2535075233997917 -0.72706199344718081 3.121233618367961 1.0481701493410556 0.79444475821035476 3.6169927586360329 -1.1530838839112907 -0.30104010298307088 0.7335844881440533 -0.92112035320123187 -0.36190037304937234 -1.0922236138449894 0.16355641944316859 0.79444475821035476 0.88536022489906474 1.5746371239001469 0.075252731610224458 0.30343629399401534 -0.80141103829674976
decision_type=2 2 2 2 2 2 2 2 2 2 2 2 2 2 2 2 2 2 2 2 2 2 2 2
left_child=12 -2 4 6 5 -3 -4 11 15 -8 -10 -7 -1 14 -14 16 21 -18 19 20 -17 -5 -23 -15
right_child=1 2 3 8 -6 7 9 -9 10 -11 -12 -13 13 23 -16 18 17 -19 -20 -21 -22 22 -24 -25
leaf_value=0.00028308738440887605 -0.00057291612167494565 -0.04092182435407412 0.00053881671843292417 -0.0052307690976287026 -0.021582486022338879 9.9698217913481713e-05 -0.0024839149981295363 -0.0010545846608661633 0.00077738217697099034 -0.00053537748352797088 0.0037366565648377999 0.00042336296711785443 0.0031846476223505544 -0.018220268571104908 -0.0021232079004785214 0.0019013087421464023 0.0042172527022847957 -0.0039169019881371359 -0.00088664693510927966 -0.0026028292384605266 -0.003106471225934659 0.0017236565564216083 1.7326226885173592e-05 0.00056936108098084681
leaf_weight=128 111 13.999999999999998 28 12.999999999999998 8.9999999999999982 84 107 7.9999999999999991 169 49 18 790 10.999999999999998 42 151 262 12.999999999999998 73 96 12.999999999999998 19 29 44 201
leaf_count=128 111 14 28 13 9 84 107 8 169 49 18 790 11 42 151 262 13 73 96 13 19 29 44 201
internal_value=0 0.00118722 0.00152398 0 0.00254579 0.00311322 -0.00299902 0.00347686 0.00140607 -0.00436979 0.0033127 0.00366717 0 -0.000543303 -0.00338868 0 0 -0.00464923 0.000387755 0.0014399 0.00271791 0 0.00104719 0
internal_weight=0 1949 1838 933 905 896 184 882 749 156 187 874 533 405 162 562 172 86 390 294 281 86 73 243
internal_count=2482 1949 1838 933 905 896 184 882 749 156 187 874 533 405 162 562 172 86 390 294 281 86 73 243
is_linear=0
shrinkage=0.139904


Tree=126
num_leaves=6
num_cat=0
split_feature=2 4 5 6 5
split_gain=0.0594714 0.103218 0.0482399 0.00407364 0.000686746
threshold=-0.74525761780157318 1.0000000180025095e-35 1.1199807455555051 1.0000000180025095e-35 2.2869799942829454
decision_type=2 2 2 2 2
left_child=4 2 3 -2 -1
right_child=1 -3 -4 -5 -6
leaf_value=-0.00011865678564218429 0.00025538938962346009 2.088285983117581e-05 -0.00054650802189145753 7.4661431336380563e-05 0.0062646293795113155
leaf_weight=519 593 1208 38 110 13.999999999999998
leaf_count=519 593 1208 38 110 14
internal_value=0 0.00104419 0.00235589 0.00267888 0
internal_weight=0 1949 741 703 533
internal_count=2482 1949 741 703 533
is_linear=0
shrinkage=0.139904


Tree=127
num_leaves=5
num_cat=0
split_feature=1 1 5 1
split_gain=0.0270928 0.0482997 0.109046 0.0463307
threshold=-0.30104010298307088 -1.2139441539775919 -1.214017751899376 -0.057599022717865239
decision_type=2 2 2 2
left_child=1 -1 -3 -2
right_child=3 2 -4 -5
leaf_value=-1.3893269213344922e-05 -0.00062580744443939699 -0.0068648243916915458 0.00031862081552631248 5.7817723602548823e-05
leaf_weight=403 155 20 455 1449
leaf_count=403 155 20 455 1449
internal_value=0 0.000964151 0.00191477 0
internal_weight=0 878 475 1604
internal_count=2482 878 475 1604
is_linear=0
shrinkage=0.139904


Tree=128
num_leaves=16
num_cat=0
split_feature=2 1 0 0 1 0 1 1 1 1 0 0 0 0 0
split_gain=0.0268633 0.0458938 0.065586 0.0737808 0.0742376 0.0600726 0.0542396 0.0516723 0.0292869 0.0142634 0.0317979 8.44263e-05 0.0152035 0.0115179 0.00181322
threshold=-0.74525761780157318 -1.8225468546406065 -0.17540096562391369 0.31322591414811413 -1.0922236138449894 -1.2535075233997917 1.4030474588733692 1.4639077289396705 -1.1530838839112907 -1.2139441539775919 3.0836884177580512 -0.65923158854191988 -0.95068632010958376 0.99501711105470714 -0.17540096562391369
decision_type=2 2 2 2 2 2 2 2 2 2 2 2 2 2 2
left_child=11 -2 5 4 -4 -3 -6 8 -7 -5 -11 12 -1 14 -13
right_child=1 2 3 9 6 7 -8 -9 -10 10 -12 13 -14 -15 -16
leaf_value=0.0030332388171566741 -0.00049374074314532728 -0.035176291717712554 0.0011915409875124492 2.7867084905345561e-05 -0.00067330869878713413 -1.6182751091774325e-05 0.00090056006792700843 -0.018574020685385353 0.0003136960232151572 0.0004728926061950071 -0.0082752275028949371 4.972879350190353e-05 -0.0063688044722707534 -0.0045408002539277298 0.00043521819991500926
leaf_weight=42 111 13.999999999999998 56 104 416 88 8.9999999999999982 8.9999999999999982 805 329 7.9999999999999991 191 72 43 185
leaf_count=42 111 14 56 104 416 88 9 9 805 329 8 191 72 43 185
internal_value=0 0.000686619 0.000993275 0 -0.00103175 0.00183361 -0.00213623 0.00216955 0.00242433 0.00143586 0.00186956 0 -0.000116708 0 0.000766895
internal_weight=0 1949 1838 922 481 916 425 902 893 441 337 533 114 419 376
internal_count=2482 1949 1838 922 481 916 425 902 893 441 337 533 114 419 376
is_linear=0
shrinkage=0.139904


Tree=129
num_leaves=19
num_cat=0
split_feature=0 0 4 1 0 0 1 1 0 0 1 0 0 1 0 0 1 1
split_gain=0.0229254 0.106913 0.176789 0.248107 0.033062 0.0397698 0.0480274 0.0229564 0.13944 0.0941058 0.0401476 0.0209601 0.0180006 0.0086868 0.0123517 0.00394589 0.00326047 0.00305431
threshold=-0.90147541074434934 -1.3816267133359827 -1.518634353124295 0.85530502827665622 0.69075046049342437 3.0836884177580512 -0.72706199344718081 0.85530502827665622 0.23642010233508451 -0.61941608643867285 -1.8834071247069077 -0.53091529215967304 -0.85949173773448984 0.79444475821035476 0.14870773384030736 0.24259610431149578 0.6118639480114505 -1.8225468546406065
decision_type=2 2 2 2 2 2 2 2 2 2 2 2 2 2 2 2 2 2
left_child=1 -1 -3 -4 7 6 -6 8 9 10 -2 12 -9 14 16 -13 17 -11
right_child=4 2 3 -5 5 -7 -8 11 -10 13 -12 15 -14 -15 -16 -17 -18 -19
leaf_value=-0.064556142243222037 0.00071834754300355633 -0.0017081285681533112 0.0010141358041538535 -0.0012533013819344394 0.00057326204768736973 -0.0029886510455819798 -7.2022199916565537e-07 -0.0095433079200569308 -0.0002689717799979606 -0.0003323656218956656 -0.00056378656660135518 -0.00059261045386658758 0.0018819097877185015 -0.00011417097147318221 -0.0003596048226134895 0.014332423096163878 2.6653371569396583e-05 0.00028060510049605903
leaf_weight=9.9999999999999982 13.999999999999998 64 153 66 208 35 142 8.9999999999999982 261 30 244 300 106 51 77 30 149 533
leaf_count=10 14 64 153 66 208 35 142 9 261 30 244 300 106 51 77 30 149 533
internal_value=0 0.00167762 0.00318108 0.00531698 0 0.00128421 0.00199731 -7.81703e-06 -0.000573534 0 -0.00216257 0 0.00183137 0.000842277 0.000984064 0 0.00118665 0.00137402
internal_weight=0 293 283 219 2189 385 350 1804 1359 1098 258 445 115 840 789 330 712 563
internal_count=2482 293 283 219 2189 385 350 1804 1359 1098 258 445 115 840 789 330 712 563
is_linear=0
shrinkage=0.139904


Tree=130
num_leaves=22
num_cat=0
split_feature=0 0 1 0 1 5 0 1 4 0 1 1 0 1 0 1 1 1 1 1 0
split_gain=0.0167596 0.0298254 0.0310432 0.0231996 0.158005 0.0100811 0.0722815 0.169953 0.121229 0.245283 0.200494 0.0363159 0.072717 0.0777268 0.00909575 0.0962194 0.0117634 0.0648543 0.0101117 0.000938755 0.000112161
threshold=0.69075046049342437 3.0836884177580512 -0.72706199344718081 0.23642010233508451 0.91616529834295768 1.0000000180025095e-35 -0.54839206370994331 -0.78792226351348227 -1.518634353124295 -1.0072558701275633 1.0987461085418622 -1.2748044240438936 -0.16311466381977643 0.85530502827665622 -0.50207204888685875 0.97702556840925903 0.85530502827665622 0.30756259767994326 -1.0922236138449894 -1.8225468546406065 -0.31127300910496164
decision_type=2 2 2 2 2 2 2 2 2 2 2 2 2 2 2 2 2 2 2 2 2
left_child=3 2 -2 5 -5 6 7 -1 -9 -10 -11 19 13 -13 15 18 17 20 -7 -8 -16
right_child=1 -3 -4 4 -6 14 11 8 9 10 -12 12 -14 -15 16 -17 -18 -19 -20 -21 -22
leaf_value=-4.5768353399198597e-05 0.00049306040112800909 -0.0025705268459882283 -6.1946006955857794e-07 -0.00037172697969506239 0.012525701065049865 0.0074980381570395778 -0.00028586634596519152 -0.0011487762046617648 -0.00093528385146107219 0.0011081232137121132 -0.00066166771228871489 -0.00062290965842041871 0.00021586456753782513 4.7776149285456851e-05 0.011058868142696883 0.0015540304287184768 -0.00072405090236634837 0.00058112942498420787 -0.0097545835488626661 0.00068050952170980376 -0.0019021887350395342
leaf_weight=204 208 35 142 272 21 7.9999999999999991 20 74 73 202 47 196 162 150 14.999999999999998 42 111 269 76 71 84
leaf_count=204 208 35 142 272 21 8 20 74 73 202 47 196 162 150 15 42 111 269 76 71 84
internal_value=0 0.000927606 0.00160577 0 -0.00121177 8.50557e-05 0.000417653 0.00163585 0.00350391 0.00471608 0.00687793 0 -0.00111343 -0.00241589 0 -0.00115558 0 0.000783242 -0.00475106 0.000855475 0
internal_weight=0 385 350 2097 293 1804 1199 600 396 322 249 599 508 346 605 126 479 368 84 91 99
internal_count=2482 385 350 2097 293 1804 1199 600 396 322 249 599 508 346 605 126 479 368 84 91 99
is_linear=0
shrinkage=0.139904


Tree=131
num_leaves=22
num_cat=0
split_feature=3 1 1 4 0 0 1 0 0 1 1 1 1 1 0 0 0 0 0 0 1
split_gain=0.0230802 0.0816178 0.179741 0.0811685 0.0899054 0.083775 0.0281551 0.070627 0.0776731 0.0121305 0.216453 0.0592086 0.0363394 0.00750181 1.7991e-05 0.0661425 0.00637268 0.00148419 0.000374511 9.54397e-05 4.82796e-06
threshold=-0.86158447112794823 -1.2139441539775919 0.18584205754734043 -1.518634353124295 -0.97736139247578568 2.4948657612410532 -1.8834071247069077 2.0994045283046758 0.17492289116571272 0.6118639480114505 -1.2748044240438936 0.12498178748103896 -1.8834071247069077 -1.3356646941101948 -0.19287773717418397 -0.77900660559508761 0.57872829698511352 -0.11495498883350559 0.075252731610224458 0.22150571458353818 0.67272421807775196
decision_type=2 2 2 2 2 2 2 2 2 2 2 2 2 2 2 2 2 2 2 2 2
left_child=9 6 3 -3 -5 -6 -2 8 -8 10 12 -12 -1 -14 15 -4 17 -16 -19 -20 -11
right_child=1 2 14 4 5 -7 7 -9 -10 20 11 -13 13 -15 16 -17 -18 18 19 -21 -22
leaf_value=-0.0076984468136405675 0.00055951768970070469 -0.0025408775975337065 -0.0016471019332450676 -0.00043247932576216864 0.00064617818173763554 -0.0017026836946166589 -3.1872369195097538e-05 0.002813904209340112 -0.0015793600913446861 -0.0016681161723938397 -0.0011990286390614704 -0.00018555535317740088 0.0021811064866137831 0.0012015846930248527 0.00013598324761255007 0.00024930892427643816 0.00024348240576333176 -0.0014135190211900189 0.0013564041503707812 -0.0010740826798831004 0.00088661109971862988
leaf_weight=14.999999999999998 87 48 176 36 456 15.999999999999998 119 26 88 22 168 112 51 11.999999999999998 76 386 71 140 79 100 198
leaf_count=15 87 48 176 36 456 16 119 26 88 22 168 112 51 12 76 386 71 140 79 100 198
internal_value=0 0.000666186 0.00123973 0.00325376 0.00382832 0.00440773 0 -0.0015143 -0.00300357 0 -0.000804682 -0.00394469 0.000165951 0.00318561 0 2.48702e-05 0 -0.000556807 -0.000686487 0 6.2287e-05
internal_weight=0 1904 1584 556 508 472 320 233 207 578 358 280 78 63 1028 562 466 395 319 179 220
internal_count=2482 1904 1584 556 508 472 320 233 207 578 358 280 78 63 1028 562 466 395 319 179 220
is_linear=0
shrinkage=0.139904


Tree=132
num_leaves=12
num_cat=0
split_feature=0 1 0 2 0 0 2 0 0 0 1
split_gain=0.0184554 0.0207181 0.104478 0.0457406 0.0347342 0.0327208 0.0261773 0.00320711 0.00416261 0.000780421 4.35264e-05
threshold=-1.3816267133359827 -1.2139441539775919 -0.53794542206899221 0.54357279425493799 0.17492289116571272 1.549674650255388 -0.74525761780157318 -0.37474128473489016 -0.086505958452802498 -0.53091529215967304 -1.7008263145080036
decision_type=2 2 2 2 2 2 2 2 2 2 2
left_child=-1 10 3 6 7 -6 -3 9 -9 -4 -2
right_child=1 2 4 -5 5 -7 -8 8 -10 -11 -12
leaf_value=-0.054531332618487333 0.00026079892905820441 0.00049397574996243743 -0.00064309084162687943 -4.1550502700994618e-07 0.00016405187551434661 -0.00012593882951324775 0.00090030856225038096 0.00015338588067489103 -0.00070737896415000456 -0.00046841650100321259 -0.00032977225150464945
leaf_weight=9.9999999999999982 175 140 9.9999999999999982 144 450 79 352 441 284 169 228
leaf_count=10 175 140 10 144 450 79 352 441 284 169 228
internal_value=0 0.000513566 0.000714317 0.00219672 0 0.000939406 0.00283024 -0.00047609 0 -0.00120231 0
internal_weight=0 2472 2069 636 1433 529 492 904 725 179 403
internal_count=2482 2472 2069 636 1433 529 492 904 725 179 403
is_linear=0
shrinkage=0.139904


Tree=133
num_leaves=21
num_cat=0
split_feature=1 0 0 0 0 0 1 1 1 1 1 0 0 5 0 5 5 1 0 1
split_gain=0.030204 0.0493522 0.0424422 0.0326814 0.138036 0.106377 0.0396384 0.0180789 0.0599721 0.0536374 0.0177142 0.0159039 0.0146958 0.054046 0.0127218 0.0114702 0.010532 0.0087944 0.00116552 2.86652e-05
threshold=0.55100367794514904 -0.54839206370994331 -1.3816267133359827 -0.56554032451678737 -0.29373053540600619 -1.01349757425266 -1.8225468546406065 -0.30104010298307088 0.36842286774624472 -0.605341453314578 -1.5791057743754007 -0.045442115524536093 -0.10680792239653754 -1.214017751899376 0.38884908728480966 1.1199807455555051 1.1199807455555051 0.36842286774624472 1.9115620852136144 -1.7008263145080036
decision_type=2 2 2 2 2 2 2 2 2 2 2 2 2 2 2 2 2 2 2 2
left_child=3 2 -2 5 6 -1 -5 9 11 19 -7 -9 15 -14 -13 -3 -15 -8 -16 -6
right_child=1 12 -4 4 7 10 17 8 -10 -11 -12 14 13 16 18 -17 -18 -19 -20 -21
leaf_value=0.0021355753073105327 -0.033981796207777866 -0.0012814325732915192 0.00082811357696703795 -0.0081510166934086036 0.00023779467308306665 0.00012023206311193539 0.0011761941790749361 -0.0044239995515245375 0.00018646673462330906 0.0008810827292282514 -0.00061141523932140701 0.0027700210027664166 -0.0032341941181456002 0.00025994262822456952 -0.0018372763345646582 0.0012341030687154091 -0.00078701767449783626 0.00092258870914489071 -0.00059237308184257773 -0.00012834986998183596
leaf_weight=67 7.9999999999999991 348 299 8.9999999999999982 121 40 126 40 171 74 287 82 8.9999999999999982 263 80 23 42 35 7.9999999999999991 350
leaf_count=67 8 348 299 9 121 40 126 40 171 74 287 82 9 263 80 23 42 35 8 350
internal_value=0 0.000994162 0.00249309 0 0.000393241 -0.00108111 0.00402479 0 -0.000937161 0.000152287 -0.00276242 -0.00264022 0 0.000914871 0 -0.000222327 0.00206111 0.00465558 -0.00161626 0
internal_weight=0 992 307 1490 1096 394 170 926 381 545 327 210 685 314 170 371 305 161 88 471
internal_count=2482 992 307 1490 1096 394 170 926 381 545 327 210 685 314 170 371 305 161 88 471
is_linear=0
shrinkage=0.139904


Tree=134
num_leaves=18
num_cat=0
split_feature=1 0 0 0 3 0 1 1 2 1 0 1 2 0 2 2 2
split_gain=0.0790925 0.0504424 0.0958407 0.0376631 0.047161 0.0414817 0.0297269 0.0282994 0.0202963 0.0261518 0.0504669 0.0902991 0.0185693 0.000117299 0.000102575 0.00238106 1.4514e-05
threshold=-0.36190037304937234 0.41867786278790214 -0.68091329760804464 1.7584760787770368 -0.86158447112794823 -1.3816267133359827 -0.4227606431156738 -1.8225468546406065 -1.0030237002128752 -1.2139441539775919 2.9818500872959501 -0.72706199344718081 1.8324032063114493 -0.84654841444350015 -0.48749153539027096 -1.0030237002128752 0.54357279425493799
decision_type=2 2 2 2 2 2 2 2 2 2 2 2 2 2 2 2 2
left_child=1 2 13 4 14 -6 7 -4 -3 -10 11 -11 -7 -1 15 -2 -16
right_child=3 8 6 -5 5 12 -8 -9 9 10 -12 -13 -14 -15 16 -17 -18
leaf_value=-0.00034791597526204573 0.00070924354274852638 -0.00022001416363503633 -0.00039390649349702256 -0.0027940048735434009 -0.038842816393798905 0.00023369451736534718 0.0016064233247726756 -0.00023230389541714346 2.5922078818016845e-05 0.0034381343034282823 -0.0061364141272723868 -1.4170767958960523e-05 -0.00074044813954304357 0.0023135556983663089 0.00058329252174181079 -0.00087810375837497369 -0.00015024219772167587
leaf_weight=100 35 13.999999999999998 46 24 8.9999999999999982 1197 17 277 174 82 9.9999999999999982 43 21 80 160 141 52
leaf_count=100 35 14 46 24 9 1197 17 277 174 82 10 43 21 80 160 141 52
internal_value=0 0 -0.00135341 0.00115583 0.0013454 0.00176832 -0.00286043 -0.00321941 0.000254635 0.00115047 0.00255703 0.00380758 0.00195257 0 0 -7.72369e-05 6.4559e-05
internal_weight=0 843 520 1639 1615 1227 340 323 323 309 135 125 1218 180 388 176 212
internal_count=2482 843 520 1639 1615 1227 340 323 323 309 135 125 1218 180 388 176 212
is_linear=0
shrinkage=0.139904


Tree=135
num_leaves=9
num_cat=0
split_feature=1 1 2 2 1 2 1 2
split_gain=0.132861 0.0857596 0.0288014 0.0238027 0.0197559 0.0121723 0.00677285 0.00425679
threshold=-0.36190037304937234 -1.7008263145080036 -0.22972545297896871 0.54357279425493799 -1.5182455043090994 -0.74525761780157318 -0.90964280364608519 1.0591049590775425
decision_type=2 2 2 2 2 2 2 2
left_child=1 -1 -3 5 -4 -2 -6 -5
right_child=3 2 4 7 6 -7 -8 -9
leaf_value=0.0002008996478268357 5.8553520613080607e-05 -2.4127775149801139e-05 3.6103168232986423e-05 -0.0038019605042689053 -0.00032481122547047355 0.00022436161339499708 -1.9175318345933184e-05 0.00040439837683001602
leaf_weight=175 411 242 50 79 276 1009 100 140
leaf_count=175 411 242 50 79 276 1009 100 140
internal_value=0 -0.000921571 -0.00188547 0.00107085 -0.00261559 0.00128416 -0.00295677 0
internal_weight=0 843 668 1639 426 1420 376 219
internal_count=2482 843 668 1639 426 1420 376 219
is_linear=0
shrinkage=0.139904


Tree=136
num_leaves=18
num_cat=0
split_feature=2 3 4 0 0 0 3 4 3 0 0 3 0 0 0 0 4
split_gain=0.00995767 0.220275 0.117458 0.208074 0.101456 0.106203 0.12001 0.132632 0.0266673 0.0593231 0.0909025 0.105413 0.0344057 0.0335931 0.00525264 0.00198249 0.000975546
threshold=-0.48749153539027096 -0.86158447112794823 1.0000000180025095e-35 -0.097018302242438778 -1.1509464693021534 1.5917897275626178 1.1798977793155532 1.0000000180025095e-35 -0.86158447112794823 0.28162318063052022 -0.90147541074434934 1.1798977793155532 0.16355641944316859 0.47406477412954812 -1.0072558701275633 1.4407404877352825 1.3401069926887506
decision_type=2 2 2 2 2 2 2 2 2 2 2 2 2 2 2 2 2
left_child=1 2 3 -1 -3 6 7 -6 12 10 -10 -12 14 -11 -2 -15 -9
right_child=8 4 -4 -5 5 -7 -8 16 9 13 11 -13 -14 15 -16 -17 -18
leaf_value=-0.0096730502308791291 0.0020545760519945534 -0.021521142753427976 0.00018352392170705917 0.003723738659029432 0.0028793122096935448 -0.0021787574402448804 -0.00049213523369893671 0.00028804091388549862 0.00039024956847083481 0.0041357934187205543 -0.00037800783554867883 0.00011486561791558848 -1.3778403728932715e-05 -0.00027341378971105026 0.0004656742316541741 0.0014493536991564276 -0.00014437336675431731
leaf_weight=66 22 19 142 14.999999999999998 178 28 119 353 148 69 595 108 118 175 215 101 10.999999999999998
leaf_count=66 22 19 142 15 178 28 119 353 148 69 595 108 118 175 215 101 11
internal_value=0 0.000536941 -0.00158005 -0.00570446 0.00236678 0.00293366 0.00347524 0.00435543 0 -0.000360561 -0.00123898 -0.002088 0.00100441 0 0.00206214 0 3.81318e-05
internal_weight=0 931 223 81 708 689 661 542 1551 1196 851 703 355 345 237 276 364
internal_count=2482 931 223 81 708 689 661 542 1551 1196 851 703 355 345 237 276 364
is_linear=0
shrinkage=0.139904


Tree=137
num_leaves=10
num_cat=0
split_feature=1 2 3 1 2 4 2 4 4
split_gain=0.0809418 0.0568879 0.0731832 0.051268 0.00553674 0.0047651 0.00383211 1.34538e-05 0.0647261
threshold=-0.605341453314578 0.54357279425493799 1.0000000180025095e-35 -1.7008263145080036 2.0901692887227514 1.3401069926887506 1.0591049590775425 -1.518634353124295 1.0000000180025095e-35
decision_type=2 2 2 2 2 2 2 2 2
left_child=3 2 7 -1 -5 -4 -3 -2 -9
right_child=1 6 5 4 -6 -7 -8 8 -10
leaf_value=0.00021104466545253831 -0.00095489690296696509 -0.0026635375184204252 0.0003917584667506553 -0.00027834274278827289 5.4192260343699729e-05 0.0077912405780206024 0.00016857014818436129 0.00053529299351977636 -0.00012417495700475624
leaf_weight=175 74 87 628 547 42 15.999999999999998 159 193 561
leaf_count=175 74 87 628 547 42 16 159 193 561
internal_value=0 0.000819093 0.00123902 -0.000743886 -0.00154872 0.00238454 0 0 1.85981e-05
internal_weight=0 1718 1472 764 589 644 246 828 754
internal_count=2482 1718 1472 764 589 644 246 828 754
is_linear=0
shrinkage=0.139904


Tree=138
num_leaves=15
num_cat=0
split_feature=1 1 0 0 0 0 0 0 0 0 0 0 0 0
split_gain=0.0433821 0.0485188 0.0443019 0.0858614 0.015227 0.0509558 0.0100178 0.00266081 0.0101536 0.00785007 0.00222675 0.00103176 0.00079558 0.000279134
threshold=-0.605341453314578 -1.5182455043090994 -0.86527352681878966 -1.3816267133359827 -0.68091329760804464 -0.53794542206899221 1.7584760787770368 0.75967201446422683 0.40251513421133661 0.57872829698511352 0.17492289116571272 -0.132497462532461 -0.50207204888685875 -0.22270651267727662
decision_type=2 2 2 2 2 2 2 2 2 2 2 2 2 2
left_child=1 -1 3 -2 -4 -6 -3 8 10 -10 11 12 -7 -14
right_child=2 6 4 -5 5 7 -8 -9 9 -11 -12 -13 13 -15
leaf_value=7.1921104358354496e-05 -0.035274088370722621 -0.00019485933844270986 -0.00072549070380880959 0.0010904828937928052 0.0013412031487072241 -0.011098108040273332 -0.00021483172030921781 0.00094158123216150739 -0.002291993582438269 3.2655600386372595e-06 0.0009723566695362543 -0.0003799316036892394 0.00015483391557967693 1.6474901787044586e-05
leaf_weight=242 9.9999999999999982 456 144 238 109 31 66 129 60 52 155 343 329 118
leaf_count=242 10 456 144 238 109 31 66 129 60 52 155 343 329 118
internal_value=0 -0.000743886 0.000494739 0.00224727 0 0.000325406 -0.0016126 0 -1.29269e-05 -0.00129117 0 0 0 0.000185136
internal_weight=0 764 1718 248 1470 1326 522 1217 1088 112 976 821 478 447
internal_count=2482 764 1718 248 1470 1326 522 1217 1088 112 976 821 478 447
is_linear=0
shrinkage=0.139904


Tree=139
num_leaves=17
num_cat=0
split_feature=1 1 2 0 1 0 1 0 1 0 0 0 0 0 0 0
split_gain=0.0505079 0.0526975 0.0309348 0.073225 0.169705 0.10492 0.0744267 0.0303911 0.0141159 0.0238497 0.036683 0.0149656 0.00338236 0.00496044 0.00318607 0.000192095
threshold=-0.605341453314578 -1.2748044240438936 0.54357279425493799 -0.53794542206899221 -0.17931956285046807 -1.3816267133359827 -0.30104010298307088 1.1527022678992505 0.85530502827665622 0.14870773384030736 1.1937004086788314 0.40251513421133661 -0.10680792239653754 -0.35273106492533945 -0.17086751736463307 0.24259610431149578
decision_type=2 2 2 2 2 2 2 2 2 2 2 2 2 2 2 2
left_child=1 -1 3 4 -2 -6 -5 -3 9 12 11 -11 13 -8 -15 -10
right_child=2 7 -4 6 5 -7 8 -9 15 10 -12 -13 -14 14 -16 -17
leaf_value=1.8488726642251181e-05 -0.00051255594766713025 -0.00022283032980960796 -9.4196507658465413e-05 0.0012811078297657757 -0.02552567259786271 0.0010151713909219641 4.359304422006013e-05 0.0001863677142182893 -0.00025002348322637991 -0.00025060167004173502 0.0017266129216015687 -0.0017985089352965833 0.00052476357848741501 -0.00081425205693707941 -1.513057465900789e-05 0.01031717016480894
leaf_weight=372 46 321 246 52 8.9999999999999982 344 71 71 301 118 28 100 173 120 64 46
leaf_count=372 46 321 246 52 9 344 71 71 301 118 28 100 173 120 64 46
internal_value=0 -0.000562504 0.000656916 0.000955302 0.00261724 0.00411619 0 -0.00178723 0 -0.000636809 -0.00171273 -0.00254648 0 -0.000320642 -0.00080526 0
internal_weight=0 764 1718 1472 399 353 1073 392 1021 674 246 218 428 255 184 347
internal_count=2482 764 1718 1472 399 353 1073 392 1021 674 246 218 428 255 184 347
is_linear=0
shrinkage=0.139904


Tree=140
num_leaves=13
num_cat=0
split_feature=1 2 1 3 3 1 2 2 1 3 1 1
split_gain=0.0341755 0.0309348 0.145246 0.132306 0.0193145 0.055675 0.0125482 0.0219172 0.0185758 0.00516088 0.070201 0.00833544
threshold=-0.605341453314578 0.54357279425493799 0.42928313781254618 -0.86158447112794823 1.0000000180025095e-35 -1.8834071247069077 0.28580671184363571 4.1522979480131701 -1.8834071247069077 -0.86158447112794823 1.0378858384755605 1.4030474588733692
decision_type=2 2 2 2 2 2 2 2 2 2 2 2
left_child=4 2 3 -2 6 -6 -1 8 -8 10 -4 -11
right_child=1 -3 9 -5 5 -7 7 -9 -10 11 -12 -13
leaf_value=-0.0002089236605777772 -0.00078887802240438566 -8.1018040594910045e-05 -0.00038651472242663752 0.00090309523995761207 0.00029024171616737952 -0.00065952078068287189 -0.0024071756869585357 -0.0052059173230039058 0.00051113520878291404 -0.00018067251868367858 0.0038936413966321223 0.0023860479110191942
leaf_weight=224 106 246 167 317 68 275 14.999999999999998 7.9999999999999991 174 763 83 36
leaf_count=224 106 246 167 317 68 275 15 8 174 763 83 36
internal_value=0 0.000656916 0.000955302 0.0031215 0 -0.00103882 0 0.00109639 0.00185369 0 0.00059872 -0.000104315
internal_weight=0 1718 1472 423 764 343 421 197 189 1049 250 799
internal_count=2482 1718 1472 423 764 343 421 197 189 1049 250 799
is_linear=0
shrinkage=0.139904


Tree=141
num_leaves=4
num_cat=0
split_feature=1 1 1
split_gain=0.000702858 0.0130375 0.0110564
threshold=-0.605341453314578 0.064121517414737511 -1.2748044240438936
decision_type=2 2 2
left_child=2 -2 -1
right_child=1 -3 -4
leaf_value=4.5131333327177429e-05 0.00020874196562789822 -5.9394240121962386e-06 -0.00012708328935651176
leaf_weight=372 314 1404 392
leaf_count=372 314 1404 392
internal_value=0 8.92953e-05 0
internal_weight=0 1718 764
internal_count=2482 1718 764
is_linear=0
shrinkage=0.139904


Tree=142
num_leaves=15
num_cat=0
split_feature=0 0 0 1 0 1 1 1 0 0 1 0 1 0
split_gain=0.00120354 0.0221026 0.0196511 0.10982 0.00899401 0.0883496 0.035331 0.0312334 0.0398522 0.0286714 0.0466875 0.0334935 0.00793879 3.22786e-05
threshold=-0.90147541074434934 -1.3816267133359827 -0.61941608643867285 0.7335844881440533 0.13188798377688957 0.97702556840925903 -1.4573852342427978 1.5247679990059719 -0.49458200393674295 0.78831815129098548 0.91616529834295768 0.14870773384030736 -1.8834071247069077 3.0836884177580512
decision_type=2 2 2 2 2 2 2 2 2 2 2 2 2 2
left_child=1 -1 3 12 5 6 -4 8 -7 10 11 -6 -2 -11
right_child=2 -3 4 -5 9 7 -8 -9 -10 13 -12 -13 -14 -15
leaf_value=-0.02674185159541732 0.00047702278172636123 0.00040163892424586285 -7.7198060378354716e-05 0.00041136605325293573 0.0099759844538710538 0.00088357570359124294 0.00025699556850930744 0.033665732793876531 -0.0011636191854580648 0.0001447169471058929 0.0041311383766763216 -0.0003709582227476528 -0.00062855319185429906 -0.0017182010085689098
leaf_weight=9.9999999999999982 13.999999999999998 283 82 102 15.999999999999998 34 762 8.9999999999999982 175 310 36 393 221 35
leaf_count=10 14 283 82 102 16 34 762 9 175 310 36 393 221 35
internal_value=0 0.000280071 0 -0.00105692 0 0.000405744 0.00149567 -6.28399e-05 -0.00168231 0 -0.00111386 -0.00188228 -0.00323386 0
internal_weight=0 293 2189 337 1852 1062 844 218 209 790 445 409 235 345
internal_count=2482 293 2189 337 1852 1062 844 218 209 790 445 409 235 345
is_linear=0
shrinkage=0.139904


Tree=143
num_leaves=11
num_cat=0
split_feature=0 5 0 0 0 0 0 5 0 0
split_gain=0.010032 0.0165608 0.0102038 0.010013 0.00430223 0.00418726 0.00264363 0.0122611 1.87829e-05 3.50871e-07
threshold=-0.3621264721873268 1.0000000180025095e-35 -1.0353106876161549 1.1004690596944955 -0.65285848011945302 -0.43663270879637334 0.14870773384030736 -1.214017751899376 -0.04025164577840324 -0.35273106492533945
decision_type=2 2 2 2 2 2 2 2 2 2
left_child=1 2 -1 6 -4 -6 8 -8 9 -2
right_child=3 -3 4 -5 5 -7 7 -9 -10 -11
leaf_value=-9.0620755335226491e-05 0.0027476063200848593 -0.00010207881824209701 0.00018481155181309338 0.00011104461118714276 -0.00028658986093918032 0.00050058107822949249 0.00075766346562259376 -0.0001446671272628662 0.00028099064027112432 -7.986644805607645e-05
leaf_weight=89 9.9999999999999982 163 402 243 219 79 13.999999999999998 513 222 528
leaf_count=89 10 163 402 243 219 79 14 513 222 528
internal_value=0 0.000452269 0.000808376 -9.21027e-06 0.00100899 0 -0.000389257 -0.000681087 0 -2.59648e-05
internal_weight=0 952 789 1530 700 298 1287 527 760 538
internal_count=2482 952 789 1530 700 298 1287 527 760 538
is_linear=0
shrinkage=0.139904


Tree=144
num_leaves=6
num_cat=0
split_feature=0 0 0 0 0
split_gain=0.00237089 0.0200879 0.00762758 2.45439e-05 7.73472e-06
threshold=-0.90147541074434934 0.57872829698511352 -1.3816267133359827 3.0836884177580512 0.78831815129098548
decision_type=2 2 2 2 2
left_child=2 -2 -1 4 -3
right_child=1 3 -4 -5 -6
leaf_value=-0.022987080195100807 -4.6841131615279243e-05 1.2943673141836693e-05 0.00035812624211896464 -0.0014933534194633282 0.00012682243113554563
leaf_weight=9.9999999999999982 1744 100 283 35 310
leaf_count=10 1744 100 283 35 310
internal_value=0 -0.000101996 0.000280071 0 3.39287e-05
internal_weight=0 2189 293 445 410
internal_count=2482 2189 293 445 410
is_linear=0
shrinkage=0.139904


Tree=145
num_leaves=21
num_cat=0
split_feature=0 2 0 0 2 2 0 0 0 0 2 2 2 0 0 0 0 0 0 0
split_gain=0.00116734 0.0349319 0.0137638 0.0136913 0.0409084 0.0623679 0.058594 0.0584328 0.191136 0.11242 0.022234 0.0233851 0.00923428 0.00450005 0.000850688 0.044484 0.000236437 4.58653e-05 0.00205167 4.20009e-05
threshold=-0.90147541074434934 1.3168710414888449 -1.3816267133359827 0.57872829698511352 0.80133887666624026 -0.48749153539027096 0.28950743847274729 -0.67000674092629697 -0.47099493255874675 -0.023497597863670595 0.80133887666624026 -0.22972545297896871 2.8634675359566581 -0.11495498883350559 -0.132497462532461 -0.72053169326523603 0.38884908728480966 -0.75042617091701402 0.16355641944316859 0.052059873124339608
decision_type=2 2 2 2 2 2 2 2 2 2 2 2 2 2 2 2 2 2 2 2
left_child=1 2 -1 4 5 14 7 -7 -9 13 11 -5 -12 -10 15 -2 -8 -6 -19 -16
right_child=3 -3 -4 10 17 6 16 8 9 -11 12 -13 -14 -15 19 -17 -18 18 -20 -21
leaf_value=-0.014958467379205729 -0.0024409416642487626 -0.0024961820179649668 0.0004478640656597859 -1.0564814141478383e-06 -0.00049939737474005892 4.3622156272329024e-05 0.0044690147681891472 -0.0022503443323320647 -0.00015406908874995943 -0.0018786584526018547 -0.00035436076352647297 0.00090787287635975028 0.0069583889608156625 0.0011284844373820714 -0.0013640239853482789 0.0006560782534487489 -0.0015609028943253879 0.00047626577400156918 -0.00057802820759084367 6.6463951075762542e-05
leaf_weight=8.9999999999999982 73 25 259 156 50 125 36 80 231 181 124 141 24 73 122 364 47 165 51 146
leaf_count=9 73 25 259 156 50 125 36 80 231 181 124 141 24 73 122 364 47 165 51 146
internal_value=0 0 0.00157587 -0.000101996 -0.000407509 -0.000857252 -0.0017214 -0.00222724 -0.00283592 0 0 0.00119584 0 0 0 0.000189303 0 0 6.34026e-05 -5.14278e-05
internal_weight=0 293 268 2189 1744 1478 773 690 565 485 445 297 148 304 705 437 83 266 216 268
internal_count=2482 293 268 2189 1744 1478 773 690 565 485 445 297 148 304 705 437 83 266 216 268
is_linear=0
shrinkage=0.139904


Tree=146
num_leaves=15
num_cat=0
split_feature=2 3 4 3 4 4 5 2 3 5 2 3 3 3
split_gain=0.0138212 0.101976 0.0290289 0.0262037 0.0505533 0.017983 0.0381357 0.107635 0.0261828 0.0483112 0.00912613 0.00647367 9.30347e-05 0.00840758
threshold=-0.48749153539027096 -0.86158447112794823 1.0000000180025095e-35 1.1798977793155532 1.0000000180025095e-35 1.0000000180025095e-35 1.0000000180025095e-35 0.54357279425493799 1.0000000180025095e-35 1.1199807455555051 3.3789997007792629 1.1798977793155532 1.0000000180025095e-35 1.1798977793155532
decision_type=2 2 2 2 2 2 2 2 2 2 2 2 2 2
left_child=1 2 -1 4 -3 8 -7 12 9 -2 -9 -10 -8 -14
right_child=5 3 -4 -5 -6 6 7 10 11 -11 -12 -13 13 -15
leaf_value=-0.0061608529544323358 0.00029116714449262105 0.0020842661114278591 0.00019776358635367796 -6.4465611137673047e-05 0.00013229022836063915 9.0755439394791433e-05 -0.00021024059545380849 -0.00085892655076699785 -0.00056977162634260967 -0.0044028064002368424 -5.673305697086517e-06 0.00016790046609704658 0.0008785617898694675 -0.0006720180377942208
leaf_weight=81 342 186 142 132 390 272 252 208 180 18 11.999999999999998 83 136 48
leaf_count=81 342 186 142 132 390 272 252 208 180 18 12 83 136 48
internal_value=0 0.000536941 0 0.00178003 0.00218284 0 -0.000613453 -0.00128683 0 0.00118118 -0.00375497 0 0 7.40073e-05
internal_weight=0 931 223 708 576 1551 928 656 623 360 220 263 436 184
internal_count=2482 931 223 708 576 1551 928 656 623 360 220 263 436 184
is_linear=0
shrinkage=0.139904


Tree=147
num_leaves=12
num_cat=0
split_feature=0 2 0 0 0 4 2 0 2 0 0
split_gain=0.0219144 0.0719567 0.0540135 0.0459329 0.0286586 0.0521213 0.0735561 0.0114434 0.0487017 0.0142111 0.00937039
threshold=0.13188798377688957 1.3168710414888449 -0.70082104865966821 -0.90147541074434934 0.78831815129098548 1.0000000180025095e-35 0.28580671184363571 -0.78669375699125899 2.0901692887227514 -0.076847742596074228 -1.3816267133359827
decision_type=2 2 2 2 2 2 2 2 2 2 2
left_child=1 2 3 10 5 -2 -7 -3 9 -9 -1
right_child=4 7 -4 -5 -6 6 -8 8 -10 -11 -12
leaf_value=-0.01315731528135246 0.0002444786685342268 0.00015640925604437549 0.00018628598346141147 -0.0004495501858927077 7.1306474843241317e-05 -0.00068317557420649187 6.3763826188319424e-05 -0.00083037425173794108 0.00017883647066439467 0.0030820284838343455 0.00039422509293341601
leaf_weight=8.9999999999999982 64 40 1067 219 345 275 106 52 32 13.999999999999998 259
leaf_count=9 64 40 1067 219 345 275 106 52 32 14 259
internal_value=0 0.000502308 0.00108434 0 -1.77584e-05 -0.00111386 -0.002018 -9.74336e-05 -0.0014628 -0.00400932 0.00106773
internal_weight=0 1692 1554 487 790 445 381 138 98 66 268
internal_count=2482 1692 1554 487 790 445 381 138 98 66 268
is_linear=0
shrinkage=0.139904


Tree=148
num_leaves=15
num_cat=0
split_feature=1 1 5 2 2 5 2 1 5 2 2 1 1 1
split_gain=0.0203993 0.0250941 0.0815865 0.107367 0.141803 0.017885 0.0259662 0.0388746 0.0832802 0.0018924 0.0144422 0.0143304 0.00796932 0.000803291
threshold=-1.2139441539775919 0.064121517414737511 -1.214017751899376 -1.0030237002128752 2.3479353711340543 -1.214017751899376 1.0000000180025095e-35 -1.9442673947732094 1.0000000180025095e-35 -0.48749153539027096 1.0591049590775425 0.36842286774624472 0.36842286774624472 1.3421871888070676
decision_type=2 2 2 2 2 2 2 2 2 2 2 2 2 2
left_child=5 2 -2 -4 -5 -1 -7 -8 -9 11 12 -3 -11 -14
right_child=1 9 3 4 -6 6 7 8 -10 10 -12 -13 13 -15
leaf_value=0.0011386332821842549 -0.0048380523673140193 -0.001434771851933761 -0.003817921843501174 0.00033065720036505971 -0.00069534709534302213 0.0001446685953500011 0.00011190783247530734 -0.0047012995354898694 -5.8094783001641953e-06 0.00016022383149320337 0.00061231553798961986 0.0002572073677724012 -0.00017599918264883603 -3.6698907009710217e-05
leaf_weight=32 33 52 26 598 18 159 15.999999999999998 94 102 87 108 586 551 20
leaf_count=32 33 52 26 598 18 159 16 94 102 87 108 586 551 20
internal_value=0 0.000442662 0.00114848 0.00196096 0.00271611 0 -0.000961932 -0.00197825 -0.00282202 0 -1.83095e-05 0.000238739 -0.000652123 -0.000871182
internal_weight=0 2079 675 642 616 403 371 212 196 1404 766 638 658 571
internal_count=2482 2079 675 642 616 403 371 212 196 1404 766 638 658 571
is_linear=0
shrinkage=0.139904


Tree=149
num_leaves=10
num_cat=0
split_feature=1 1 2 5 1 1 1 2 2
split_gain=0.0200984 0.0409051 0.0500417 0.0354704 0.00198249 0.00492581 0.00115182 0.00512283 0.00467776
threshold=0.064121517414737511 -0.36190037304937234 -1.0030237002128752 -1.214017751899376 -1.7008263145080036 -1.8225468546406065 0.49014340787884753 1.0000000180025095e-35 -0.22972545297896871
decision_type=2 2 2 2 2 2 2 2 2
left_child=1 4 -3 -4 5 -1 7 -2 -8
right_child=6 2 3 -5 -6 -7 8 -9 -10
leaf_value=-4.4064592997418446e-05 -0.0004569607092664809 -0.0032837793522636103 -0.00079003157827510398 0.00039720835936956825 -2.9464452954916367e-05 0.00061003431291296656 0.00014975337609062002 0.0001552515143096151 -4.6158347373903508e-05
leaf_weight=130 228 13.999999999999998 12.999999999999998 208 668 45 754 102 320
leaf_count=130 228 14 13 208 668 45 754 102 320
internal_value=0 0.000915385 0.00265651 0.00343215 0 0.000461335 0 -4.19753e-05 0.000142477
internal_weight=0 1078 235 221 843 175 1404 330 1074
internal_count=2482 1078 235 221 843 175 1404 330 1074
is_linear=0
shrinkage=0.139904


Tree=150
num_leaves=8
num_cat=0
split_feature=2 1 4 1 2 4 2
split_gain=0.0229822 0.0454618 0.0298463 0.0105314 0.0046899 0.00225247 0.00202458
threshold=-0.48749153539027096 -0.54448118324827655 -1.518634353124295 -0.84878253357978373 0.28580671184363571 1.3401069926887506 4.1522979480131701
decision_type=2 2 2 2 2 2 2
left_child=1 3 -3 -1 5 -2 -6
right_child=4 2 -4 -5 6 -7 -8
leaf_value=0.00064218353343179966 -8.0049120995674463e-05 -0.0012575056887613092 0.00025156697219026465 -0.020219146412138889 0.0001250672664865812 0.00052106449140085448 -0.00018140247471478421
leaf_weight=179 842 52 673 27 673 21 14.999999999999998
leaf_count=179 842 52 673 27 673 21 15
internal_value=0 0.000835142 0.00145215 0 0 -0.000257394 0.000221571
internal_weight=0 931 725 206 1551 863 688
internal_count=2482 931 725 206 1551 863 688
is_linear=0
shrinkage=0.139904


Tree=151
num_leaves=13
num_cat=0
split_feature=2 0 0 2 0 0 0 0 0 0 0 0
split_gain=0.0295723 0.0485536 0.0481538 0.00294588 0.0283574 0.0450831 0.0200648 0.101922 0.00579328 8.17316e-05 5.64892e-05 3.89505e-05
threshold=-0.48749153539027096 1.5917897275626178 -0.67000674092629697 0.28580671184363571 -0.67000674092629697 0.28950743847274729 -0.56554032451678737 0.23642010233508451 -1.1080429662107008 -0.95068632010958376 1.4971129313072067 0.62353716238843793
decision_type=2 2 2 2 2 2 2 2 2 2 2 2
left_child=1 2 9 4 -2 -6 8 -8 -5 -1 11 -9
right_child=3 -3 -4 6 5 -7 7 10 -10 -11 -12 -13
leaf_value=0.0026381656803807709 0.00010423702591607651 -0.0020953320288122166 0.00039525241427985463 0.019360525304811627 -0.00033889795498994634 4.3628606439918759e-05 0.00059989401978307081 0.00046192994755234727 -0.0004174679722446706 -0.0014560596534595725 0.0018257851901163883 -0.00044399367383722696
leaf_weight=76 194 36 701 13.999999999999998 480 189 206 74 202 118 92 100
leaf_count=76 194 36 701 14 480 189 206 74 202 118 92 100
internal_value=0 0.000835142 0.00133361 0 -0.000257394 -0.000951807 0 0.000905179 0 0 0 -7.80888e-05
internal_weight=0 931 895 1551 863 669 688 472 216 194 266 174
internal_count=2482 931 895 1551 863 669 688 472 216 194 266 174
is_linear=0
shrinkage=0.139904


Tree=152
num_leaves=20
num_cat=0
split_feature=1 3 1 4 0 0 1 1 0 4 0 0 0 0 1 1 0 1 3
split_gain=0.0397061 0.0993241 0.0888063 0.095999 0.0692056 0.0812908 0.00716187 0.0216344 0.00669715 0.0846503 0.137446 0.147365 0.110622 0.16035 0.174999 0.132481 0.0401986 0.0528849 0.00640529
threshold=0.064121517414737511 -0.86158447112794823 -1.2139441539775919 -1.518634353124295 -0.93544342161461114 2.4948657612410532 -1.2748044240438936 -0.11845929278416668 -0.53091529215967304 1.0000000180025095e-35 -0.16311466381977643 0.30343629399401534 -0.132497462532461 0.71453463831747632 0.42928313781254618 1.1596063786081634 -0.77900660559508761 0.79444475821035476 -0.86158447112794823
decision_type=2 2 2 2 2 2 2 2 2 2 2 2 2 2 2 2 2 2 2
left_child=1 6 -3 -4 -5 -6 -1 -8 16 10 -10 -12 -11 14 -14 -16 18 -18 -2
right_child=8 2 3 4 5 -7 7 -9 9 12 11 -13 13 -15 15 -17 17 -19 -20
leaf_value=0.0010956330247391935 0.0020255067647256654 7.3947299893993853e-06 -0.0022091415146407349 -0.00019316205911538683 0.00039541301702841351 -0.0014566192190084905 -0.0008332588625309461 0.00085622462431914049 -0.005358637628984528 6.1542024860629466e-05 0.0029011541954814058 -0.001749159760857838 0.0014314286859341114 0.0005789887956570266 -0.0016311034400605666 0.0017566000136607582 -0.0002413970190603368 0.0010624420773583463 -0.00077845851826123394
leaf_weight=78 58 320 45 51 406 15.999999999999998 146 15.999999999999998 113 305 67 20 94 67 311 26 65 96 182
leaf_count=78 58 320 45 51 406 16 146 16 113 305 67 20 94 67 311 26 65 96 182
internal_value=0 0.000915385 0.00183729 0.00295648 0.00367038 0.00426933 0 -0.000909888 0 -0.000360201 6.82957e-05 0.00534158 -0.00148502 -0.00279664 -0.00402207 -0.00552642 0 0.00216205 0
internal_weight=0 1078 838 518 473 422 240 162 1404 1003 200 87 803 498 431 337 401 161 240
internal_count=2482 1078 838 518 473 422 240 162 1404 1003 200 87 803 498 431 337 401 161 240
is_linear=0
shrinkage=0.139904


Tree=153
num_leaves=16
num_cat=0
split_feature=2 3 0 3 0 0 0 0 0 3 2 2 0 0 2
split_gain=0.0683902 0.125874 0.0978294 0.185439 0.0150706 0.00428658 0.00718286 0.00410664 0.0453215 0.0188144 0.0178725 0.00837078 0.0398492 0.00801522 0.0399846
threshold=-0.48749153539027096 -0.86158447112794823 0.2699281981645501 1.1798977793155532 -1.1509464693021534 0.78831815129098548 1.5917897275626178 0.052059873124339608 1.0481701493410556 1.1798977793155532 2.0901692887227514 1.3168710414888449 -0.12927805724688482 0.022033991175191055 -0.22972545297896871
decision_type=2 2 2 2 2 2 2 2 2 2 2 2 2 2 2
left_child=1 -1 3 4 -3 -4 -7 11 9 10 -9 12 -2 14 -14
right_child=7 2 5 -5 -6 6 -8 8 -10 -11 -12 -13 13 -15 -16
leaf_value=-0.00058855688366268107 8.997099061698386e-06 -0.0056990883466857675 -0.0014029055641864607 -0.0016451854581372174 0.00059919570657625287 0.0039028029798364753 -0.0017008105794361962 -0.00021187507207509813 4.8966887849800812e-05 0.00045604991229236306 8.7083644019225474e-05 -0.0002076246134366896 -2.9851054630289847e-05 -0.0016045709056642867 0.0024952711541416138
leaf_weight=223 668 13.999999999999998 77 100 446 43 28 357 196 47 17 133 50 20 63
leaf_count=223 668 14 77 100 446 43 28 357 196 47 17 133 50 20 63
internal_value=0 0.00128244 0.00236678 0.00323082 0.00452092 0 0 0 -0.000358814 -0.00150291 -0.0018716 0 0.000450216 0.00259348 0.00302457
internal_weight=0 931 708 560 460 148 71 1551 617 421 374 934 801 133 113
internal_count=2482 931 708 560 460 148 71 1551 617 421 374 934 801 133 113
is_linear=0
shrinkage=0.139904


Tree=154
num_leaves=10
num_cat=0
split_feature=2 1 1 4 1 1 4 1 1
split_gain=0.0225627 0.0156827 0.0131888 0.0136648 0.038154 0.0417441 0.0106495 0.00191932 4.35264e-05
threshold=-0.48749153539027096 -1.0922236138449894 -1.2748044240438936 -1.518634353124295 0.49014340787884753 0.12498178748103896 -1.518634353124295 -1.8225468546406065 -0.78792226351348227
decision_type=2 2 2 2 2 2 2 2 2
left_child=1 -1 7 -4 5 8 -3 -2 -5
right_child=2 6 3 4 -6 -7 -8 -9 -10
leaf_value=-0.00017807214817200647 -0.00041125458655520551 -0.0010797048685262528 0.00052168418563633195 -0.00014143033915259067 2.9757482284083946e-05 -0.00058318078816008481 0.00013715969753949817 0.00017536514155755821 0.00021775015354781626
leaf_weight=118 102 59 107 228 498 191 754 181 244
leaf_count=118 102 59 107 228 498 191 754 181 244
internal_value=0 0.000686041 0 -0.000449906 -0.000670733 -0.00137775 0.000955274 0 0
internal_weight=0 931 1551 1268 1161 663 813 283 472
internal_count=2482 931 1551 1268 1161 663 813 283 472
is_linear=0
shrinkage=0.139904


Tree=155
num_leaves=16
num_cat=0
split_feature=1 3 1 4 1 1 1 1 3 1 3 4 4 3 4
split_gain=0.00151808 0.0428019 0.0610399 0.0593732 0.0459124 0.0310658 0.0237642 0.0153907 0.0151825 0.0121902 0.00422337 0.025685 0.027359 0.0263733 0.0063554
threshold=0.67272421807775196 -0.86158447112794823 -0.605341453314578 1.3401069926887506 0.18584205754734043 -1.2748044240438936 0.12498178748103896 -0.66620172338087946 1.1798977793155532 0.49014340787884753 -0.86158447112794823 -1.518634353124295 1.3401069926887506 1.1798977793155532 -1.518634353124295
decision_type=2 2 2 2 2 2 2 2 2 2 2 2 2 2 2
left_child=1 5 -3 4 8 -1 7 -7 -4 -6 14 -12 13 -13 -2
right_child=10 2 3 -5 9 6 -8 -9 -10 -11 11 12 -14 -15 -16
leaf_value=0.00098849269988436931 -0.00059219445150627073 -2.020318394651528e-06 0.00079406813345400706 -0.0019542267343806998 -0.00041324260388539094 -0.00015147767910647465 -0.00014125230071594633 -0.001955040129076548 0.0006437564254164616 0.00043097754510123951 0.0014455516063410546 -0.00034854097842423887 0.014549766454147657 1.7571322173594225e-05 0.00050024859219324985
leaf_weight=78 15.999999999999998 602 216 20 205 79 134 89 51 203 51 438 14.999999999999998 103 182
leaf_count=78 16 602 216 20 205 79 134 89 51 203 51 438 15 103 182
internal_value=0 0.000133 0.00081532 0.00171338 0.00217369 -3.65566e-05 -0.00140266 -0.00247472 0.00387662 0 0 -0.000364655 -0.00101856 -0.00142915 6.8961e-05
internal_weight=0 1677 1297 695 675 380 302 168 267 408 805 607 556 541 198
internal_count=2482 1677 1297 695 675 380 302 168 267 408 805 607 556 541 198
is_linear=0
shrinkage=0.139904


Tree=156
num_leaves=11
num_cat=0
split_feature=0 0 2 0 0 0 0 0 0 0
split_gain=0.0265324 0.0616367 0.00667922 0.00597558 0.033049 0.00290581 0.000915732 0.00179791 4.46653e-05 4.26763e-06
threshold=-0.38807882091799112 -0.61941608643867285 1.3168710414888449 0.57872829698511352 0.14870773384030736 3.0836884177580512 0.78831815129098548 0.97037880529774745 -0.04025164577840324 0.13188798377688957
decision_type=2 2 2 2 2 2 2 2 2 2
left_child=1 -1 -3 4 8 6 -5 -8 -2 -10
right_child=3 2 -4 5 -6 -7 7 -9 9 -11
leaf_value=1.9142736772767745e-05 -8.709224719467479e-05 0.00023530477651536488 0.00016239292363757585 -2.739018228064341e-05 -0.00054770125492485124 -0.00084579948635587771 0.0018157875429360678 3.9816366785967443e-05 0.00054364701168317534 0.0016700181242510403
leaf_weight=630 578 262 20 100 325 35 57 253 202 20
leaf_count=630 578 262 20 100 325 35 57 253 202 20
internal_value=0 0.000776311 0.00246674 0 -0.000321392 0 0.000369172 0.000485512 0 6.17438e-05
internal_weight=0 912 282 1570 1125 445 410 310 800 222
internal_count=2482 912 282 1570 1125 445 410 310 800 222
is_linear=0
shrinkage=0.139904


Tree=157
num_leaves=5
num_cat=0
split_feature=0 0 0 0
split_gain=0.000713611 0.0126161 0.0018999 0.000488692
threshold=0.13188798377688957 1.0481701493410556 -1.3816267133359827 0.14870773384030736
decision_type=2 2 2 2
left_child=2 3 -1 -2
right_child=1 -3 -4 -5
leaf_value=-0.016663120017109626 0.0014363759288725459 8.18879141048938e-05 5.8957137431007179e-05 -0.00014402209321439792
leaf_weight=9.9999999999999982 20 261 1682 509
leaf_count=10 20 261 1682 509
internal_value=0 0 9.06616e-05 -0.000678547
internal_weight=0 790 1692 529
internal_count=2482 790 1692 529
is_linear=0
shrinkage=0.139904


Tree=158
num_leaves=18
num_cat=0
split_feature=0 2 2 0 0 2 0 0 0 0 0 0 2 2 0 2 2
split_gain=0.000713611 0.0159532 0.0352532 0.225475 0.0341404 0.0384195 0.034098 0.049094 0.0220948 0.0147797 0.014087 0.0126161 0.0208017 0.00941082 0.0021732 4.50582e-05 0.0143327
threshold=0.13188798377688957 1.3168710414888449 0.80133887666624026 -0.75042617091701402 -1.01349757425266 -0.48749153539027096 -0.11495498883350559 -0.74241050877741643 -1.3816267133359827 -0.48374114940368057 -0.61941608643867285 1.0481701493410556 -1.0030237002128752 2.6057014535453562 -0.33315182461714199 -0.74525761780157318 1.8324032063114493
decision_type=2 2 2 2 2 2 2 2 2 2 2 2 2 2 2 2 2
left_child=1 2 4 -4 8 10 7 -7 -1 -9 -6 12 -2 -14 -11 -13 -17
right_child=11 -3 3 -5 5 6 -8 9 -10 14 -12 15 13 -15 -16 16 -18
leaf_value=-0.0083830396579302156 0.00061324812995134552 -0.00023147162005117289 -0.003646397435728452 0.0059467560717736912 -0.00053821638879325432 2.741482395441084e-05 0.00014181756192592322 -0.0013162916605210673 0.0031978390431740026 0.00046426623793434228 0.00022390843788693348 -0.001166700410896713 -0.00021672676417451559 0.0058697409816918823 -0.00035149210159406721 0.00091599816189852888 -0.00021404593910331481
leaf_weight=8.9999999999999982 33 138 54 69 166 155 164 116 113 76 473 41 487 8.9999999999999982 159 171 49
leaf_count=9 33 138 54 69 166 155 164 116 113 76 473 41 487 9 159 171 49
internal_value=0 9.06616e-05 0.0004571 0.00279248 0 0 -0.00105368 -0.00166286 0.00227316 -0.0025774 0 0 -0.000678547 -0.00113998 0 0 6.2287e-05
internal_weight=0 1692 1554 123 1431 1309 670 506 122 351 639 790 529 496 235 261 220
internal_count=2482 1692 1554 123 1431 1309 670 506 122 351 639 790 529 496 235 261 220
is_linear=0
shrinkage=0.139904


Tree=159
num_leaves=11
num_cat=0
split_feature=2 3 3 4 4 3 4 3 4 4
split_gain=0.00273239 0.0677634 0.0420144 0.148336 0.0290289 0.00180637 0.0261828 0.00364493 0.00102237 0.000700047
threshold=-0.48749153539027096 -0.86158447112794823 1.1798977793155532 1.0000000180025095e-35 1.0000000180025095e-35 1.0000000180025095e-35 1.0000000180025095e-35 1.1798977793155532 1.0000000180025095e-35 1.3401069926887506
decision_type=2 2 2 2 2 2 2 2 2 2
left_child=1 4 3 -3 -1 6 -2 8 -7 -8
right_child=5 2 -4 -5 -6 7 9 -9 -10 -11
leaf_value=-0.0054683396666962165 0.00013219466146354079 0.0017670235730461524 -0.00036426792573953119 1.5951553755569299e-05 0.00046318920182633725 -0.00042463668025260716 -0.00014579872392137113 8.7581159897903526e-05 -9.3551889450311647e-05 0.00080973103967441659
leaf_weight=81 360 186 132 390 142 180 509 201 283 18
leaf_count=81 360 186 132 390 142 180 509 201 283 18
internal_value=0 0.00023874 0.00138887 0.001943 0 0 0 -0.000229492 -0.000476303 0
internal_weight=0 931 708 576 223 1551 887 664 463 527
internal_count=2482 931 708 576 223 1551 887 664 463 527
is_linear=0
shrinkage=0.139904


Tree=160
num_leaves=11
num_cat=0
split_feature=0 0 0 2 0 2 0 0 0 0
split_gain=0.0033119 0.0550405 0.0117351 0.0121758 0.0167033 0.00910153 1.99538e-05 0.00144744 5.90966e-05 0.000103127
threshold=-0.45962846083620251 -0.70082104865966821 1.0481701493410556 -1.0030237002128752 0.0075138163157561005 2.6057014535453562 -0.10680792239653754 -0.26219350403709757 -0.37474128473489016 -0.45424088464401396
decision_type=2 2 2 2 2 2 2 2 2 2
left_child=1 -1 3 -2 6 -6 7 8 9 -5
right_child=2 -3 -4 4 5 -7 -8 -9 -10 -11
leaf_value=-0.00011694343828001177 0.00044546522860340777 0.00036750867412309199 0.00018934335542795404 2.0424081568920925e-05 -0.00019546436993806861 0.0050689386335588385 0.00039301553383418403 -0.0002065776562688136 0.00035457126243290058 -0.0012690948036054471
leaf_weight=539 107 282 261 8.9999999999999982 621 8.9999999999999982 157 239 166 92
leaf_count=539 107 282 261 9 621 9 157 239 166 92
internal_value=0 0.000270445 -5.04166e-05 -0.000407707 -0.000602644 -0.00111981 0 -2.75834e-05 0 0
internal_weight=0 821 1661 1400 1293 630 663 506 267 101
internal_count=2482 821 1661 1400 1293 630 663 506 267 101
is_linear=0
shrinkage=0.139904


Tree=161
num_leaves=14
num_cat=0
split_feature=1 0 0 1 0 0 1 1 1 0 0 0 0
split_gain=0.00193891 0.0281031 0.0766118 0.0619086 0.0149202 0.0593144 0.0334343 0.0231209 0.00785687 0.0438897 0.00846905 0.00133711 0.000374902
threshold=0.42928313781254618 0.88536022489906474 -0.85949173773448984 -1.1530838839112907 0.71453463831747632 -0.53091529215967304 1.5247679990059719 0.55100367794514904 0.55100367794514904 -0.65923158854191988 -0.54839206370994331 3.8717856912373398 -1.01349757425266
decision_type=2 2 2 2 2 2 2 2 2 2 2 2 2
left_child=1 2 -1 -4 5 8 7 -7 12 -10 -11 -3 -2
right_child=4 11 3 -5 -6 6 -8 -9 9 10 -12 -13 -14
leaf_value=-0.00040584372611208097 0.0047388709812535689 -0.00023845605539115031 -0.00016206582485863189 0.00031839975085065343 0.0042789612261070961 -5.6985067688504593e-05 0.0025468010497308085 -0.0002424653223276441 -3.5364875782688182e-06 0.0015993122718629734 -0.0010937512762545284 0.025452345065171727 -0.034523040391223517
leaf_weight=180 10.000000000000002 263 259 598 47 136 8.9999999999999982 626 241 66 11.999999999999998 14.999999999999998 20
leaf_count=180 10 263 259 598 47 136 9 626 241 66 12 15 20
internal_value=0 0.000169411 0.000750374 0.00155411 0 -0.000508972 -0.00136632 -0.00165509 0 0.000686487 0.00344543 0 0
internal_weight=0 1315 1037 857 1167 1120 771 762 349 319 78 278 30
internal_count=2482 1315 1037 857 1167 1120 771 762 349 319 78 278 30
is_linear=0
shrinkage=0.139904


Tree=162
num_leaves=21
num_cat=0
split_feature=4 0 0 0 0 0 0 0 0 0 0 0 0 0 0 0 0 0 0 0
split_gain=0.000380344 0.0191024 0.0202885 0.0137928 0.00914616 0.0070312 0.0348889 0.0273752 0.0226042 0.00293317 0.00239573 0.0159385 0.00202259 0.000578342 0.0193782 0.000993964 0.00222675 0.000348745 7.35186e-05 4.47871e-06
threshold=1.0000000180025095e-35 -1.0353106876161549 -0.45962846083620251 -0.61941608643867285 -0.77394754014632505 -0.11298392437294873 -0.04025164577840324 -0.41974725658427031 -0.92112035320123187 -0.132497462532461 -0.16311466381977643 1.1527022678992505 -0.11495498883350559 0.13188798377688957 1.1004690596944955 0.52564096084745082 0.31322591414811413 -0.41974725658427031 2.0013112203176338 1.1527022678992505
decision_type=2 2 2 2 2 2 2 2 2 2 2 2 2 2 2 2 2 2 2 2
left_child=1 -1 3 4 -3 7 -7 8 -2 -9 17 12 -12 -8 15 16 -15 -4 19 -16
right_child=5 2 10 -5 -6 6 13 9 -10 -11 11 -13 -14 14 18 -17 -18 -19 -20 -21
leaf_value=-0.00040551440205981057 0.0026101975984488216 0.00038976565895468978 -0.0029134019269459067 0.00085094143232620145 -0.00030942763795746472 -0.0023583356615421449 0.00044528766728152555 0.00021941188171414571 -0.000357406422103417 4.4054992082909957e-06 8.9031205692738689e-05 -0.0007065546616856908 0.0017197511806793745 -0.0018781876604950104 -0.0021323774683263273 -0.00043534812760515957 0.0016079669507950126 -0.001999118252786571 -0.00074545529552737613 0.00086666314103955693
leaf_weight=87 52 273 20 119 133 98 170 310 188 34 18 31 135 155 7.9999999999999991 204 117 127 79 124
leaf_count=87 52 273 20 119 133 98 170 310 188 34 18 31 135 155 8 204 117 127 79 124
internal_value=0 8.85081e-05 0.000664614 0.00120928 0 0 -0.000378168 0 0 0.00123497 0 7.40073e-05 0.00139729 0 -0.000121142 -0.000897687 0 -0.00054504 0 0.00010163
internal_weight=0 943 856 525 406 1539 955 584 240 344 331 184 153 857 687 476 272 147 211 132
internal_count=2482 943 856 525 406 1539 955 584 240 344 331 184 153 857 687 476 272 147 211 132
is_linear=0
shrinkage=0.139904


Tree=163
num_leaves=14
num_cat=0
split_feature=0 1 0 5 0 1 1 0 1 1 1 5 5
split_gain=0.0219144 0.0649821 0.126643 0.0481504 0.0121717 0.029629 0.0349027 0.0384611 4.38995e-05 0.0232766 1.70905e-05 0.00451013 0.0131091
threshold=0.13188798377688957 0.6118639480114505 -0.56554032451678737 -1.214017751899376 6.6098570355454607 0.97702556840925903 -1.7008263145080036 0.14870773384030736 -0.36190037304937234 -1.5791057743754007 1.2204666486744649 1.1199807455555051 -1.214017751899376
decision_type=2 2 2 2 2 2 2 2 2 2 2 2 2
left_child=1 2 8 -4 5 6 -2 -8 9 -1 11 12 -3
right_child=4 10 3 -5 -6 -7 7 -9 -10 -11 -12 -13 -14
leaf_value=0.0009472440778472926 0.00038517985653774772 0.0016981701213559081 -0.00083427093008182386 0.00040188858033085475 0.033173753931737882 0.0035634347625333536 0.0094066104246056936 -0.00034647296690628601 0.0002211896984034386 -0.00087464313163556284 0.00012650069741763814 0.00037574393860961044 -0.00013601891403411032
leaf_weight=44 93 21 11.999999999999998 507 7.9999999999999991 39 14.999999999999998 635 201 182 154 33 538
leaf_count=44 93 21 12 507 8 39 15 635 201 182 154 33 538
internal_value=0 0.000502308 0.00133564 0.00281796 -1.77584e-05 -0.000549676 -0.00104439 -0.00151142 0 -6.06852e-05 0 -2.36253e-05 -0.000395562
internal_weight=0 1692 946 519 790 782 743 650 427 226 746 592 559
internal_count=2482 1692 946 519 790 782 743 650 427 226 746 592 559
is_linear=0
shrinkage=0.139904


Tree=164
num_leaves=17
num_cat=0
split_feature=0 0 1 1 1 1 0 1 0 5 1 1 0 1 1 1
split_gain=0.00910106 0.0253838 0.0739059 0.125364 0.00909053 0.0146477 0.00217586 0.0386134 0.0692236 0.0227229 0.037829 0.0069436 0.00860618 3.91958e-05 0.00776822 8.44263e-05
threshold=-0.086505958452802498 -0.85949173773448984 -1.1530838839112907 -0.84878253357978373 -0.17931956285046807 1.0378858384755605 0.41867786278790214 -0.30104010298307088 0.97037880529774745 1.0000000180025095e-35 0.85530502827665622 0.97702556840925903 2.7210782591642872 0.67272421807775196 0.30756259767994326 1.1596063786081634
decision_type=2 2 2 2 2 2 2 2 2 2 2 2 2 2 2 2
left_child=1 -1 -3 -4 -5 -6 9 8 -8 10 -2 12 -9 14 -11 -15
right_child=6 2 3 4 5 -7 7 11 -10 13 -12 -13 -14 15 -16 -17
leaf_value=-3.3365907159093649e-05 -0.0011896825896134168 -0.00038662329749521325 0.0017488372318649093 -0.00064465178588305437 6.877355836581707e-05 -4.9982660306605912e-05 0.00071678423957502989 -0.0006165243364688734 9.2042089297420004e-06 -0.00057100873928066763 0.00059524981924780605 0.002361607282649491 0.0064635334107910223 -0.0027493728887609988 0.0031231646195139786 0.0090202215130508138
leaf_weight=345 146 138 104 93 539 198 113 157 216 106 24 20 8.9999999999999982 114 148 11.999999999999998
leaf_count=345 146 138 104 93 539 198 113 157 216 106 24 20 9 114 148 12
internal_value=0 0.000353729 0.000790852 0.00150129 0 0.000488928 0 0 0.00149804 -0.000276435 -0.00165782 -7.32416e-05 -0.000888889 0 5.4183e-05 0
internal_weight=0 1417 1072 934 830 737 1065 515 329 550 170 186 166 380 254 126
internal_count=2482 1417 1072 934 830 737 1065 515 329 550 170 186 166 380 254 126
is_linear=0
shrinkage=0.139904


Tree=165
num_leaves=21
num_cat=0
split_feature=0 0 1 1 1 0 1 1 1 1 0 0 2 0 2 0 2 2 1 1
split_gain=0.0056596 0.0318955 0.0970608 0.0248847 0.00894968 0.0397906 0.0202908 0.034027 0.00406755 0.0397836 0.0357429 0.00107471 0.0457665 0.0906095 0.014912 0.078647 0.000992116 0.00264598 4.07554e-05 0.0675496
threshold=0.13188798377688957 -0.70082104865966821 0.6118639480114505 -1.4573852342427978 1.2204666486744649 -0.86527352681878966 -0.97050307371238664 0.7335844881440533 0.6118639480114505 -0.30104010298307088 2.7210782591642872 0.41867786278790214 0.80133887666624026 2.9818500872959501 1.8324032063114493 0.16355641944316859 -0.74525761780157318 0.28580671184363571 0.85530502827665622 0.49014340787884753
decision_type=2 2 2 2 2 2 2 2 2 2 2 2 2 2 2 2 2 2 2 2
left_child=1 4 3 -3 5 18 -7 -8 9 11 -11 14 13 -13 15 -2 -4 -18 19 -1
right_child=8 2 16 -5 -6 6 7 -9 -10 10 -12 12 -14 -15 -16 -17 17 -19 -20 -21
leaf_value=-0.00027979438830823841 0.0087443941924810753 7.4676785097381313e-05 0.0002280927258676719 0.00034556479201667823 0.0031325036292035252 7.3321695874007585e-05 -0.0021405628154598753 -9.0335297987512224e-05 0.00091511337350660179 -0.00082473119804915226 0.0065591024999473247 0.00074908838426197767 -0.00015946738352556813 -0.0037665415536171916 0.0091619425153972051 -0.0040965889859354097 -0.00014844862671451416 5.2850001405589096e-05 -0.0011408394605344695 0.0060021519061911246
leaf_weight=186 8.9999999999999982 96 188 512 53 58 86 46 167 204 7.9999999999999991 182 131 15.999999999999998 7.9999999999999991 65 326 31 52 58
leaf_count=186 9 96 188 512 53 58 86 46 167 204 8 182 131 16 8 65 326 31 52 58
internal_value=0 0.00025532 0.000795931 0.00206932 0 -0.000595894 -0.00219881 -0.00311418 0 -0.000355398 -0.00197825 0 0.000250092 0.00211314 0 -0.00189451 0 -0.000230871 0 5.63389e-05
internal_weight=0 1692 1153 608 539 486 190 132 790 623 212 411 329 198 82 74 545 357 296 244
internal_count=2482 1692 1153 608 539 486 190 132 790 623 212 411 329 198 82 74 545 357 296 244
is_linear=0
shrinkage=0.139904


Tree=166
num_leaves=15
num_cat=0
split_feature=0 1 0 0 4 1 6 0 4 4 4 0 0 0
split_gain=0.0366485 0.0358847 0.100852 0.109939 0.0851253 0.0186556 0.0516398 0.0537277 0.0455212 0.0234648 0.00921809 0.00736063 0.0234448 0.000199581
threshold=-0.31127300910496164 -1.1530838839112907 -0.85949173773448984 -0.53794542206899221 1.0000000180025095e-35 -1.7008263145080036 1.0000000180025095e-35 -0.15273372432751067 1.3401069926887506 -1.518634353124295 -1.518634353124295 -0.14465236003922782 -0.015613340021443399 -0.24911877644873756
decision_type=2 2 2 2 2 2 2 2 2 2 2 2 2 2
left_child=1 -1 -3 4 10 -2 7 13 9 -9 -4 -8 -13 -7
right_child=5 2 3 -5 -6 6 11 8 -10 -11 -12 12 -14 -15
leaf_value=-0.00034769955842961351 0.0005534596777330657 -9.9066599930770104e-05 0.0014883506776866438 2.0732803524742651e-05 2.0229558958640809e-05 -0.00070155110276129548 -0.00058150625117361042 0.0002998058152653427 0.0053298531834816559 -0.00022616585876318709 0.00038103520222704902 0.00088286450392756333 -0.00015127853737833172 0.0030713474501049944
leaf_weight=124 122 324 29 265 101 30 182 29 14.999999999999998 687 189 136 205 44
leaf_count=124 122 324 29 265 101 30 182 29 15 687 189 136 205 44
internal_value=0 0.000821289 0.00123824 0.0023899 0.00411634 -0.000105717 -0.000534463 -0.00130914 -0.00181933 -0.00214718 0.00565103 0 0.000643128 0
internal_weight=0 1032 908 584 319 1450 1328 805 731 716 218 523 341 74
internal_count=2482 1032 908 584 319 1450 1328 805 731 716 218 523 341 74
is_linear=0
shrinkage=0.139904


Tree=167
num_leaves=21
num_cat=0
split_feature=5 3 2 1 1 1 1 3 2 1 5 2 2 2 1 1 1 2 2 1
split_gain=0.012941 0.0544099 0.125199 0.161586 0.0454027 0.0294978 0.00733933 0.00395462 0.114913 0.136487 0.0773092 0.0634963 0.0578591 0.0957489 0.184134 0.0288648 0.0254005 0.0211847 0.00826812 0.000705636
threshold=1.0000000180025095e-35 -0.86158447112794823 -0.48749153539027096 -1.761686584574305 0.36842286774624472 1.4030474588733692 -0.66620172338087946 1.0000000180025095e-35 0.28580671184363571 0.49014340787884753 1.1199807455555051 2.3479353711340543 0.54357279425493799 -1.0030237002128752 -0.4227606431156738 0.7335844881440533 -1.7008263145080036 -0.74525761780157318 1.0000000180025095e-35 0.67272421807775196
decision_type=2 2 2 2 2 2 2 2 2 2 2 2 2 2 2 2 2 2 2 2
left_child=1 2 -1 -4 6 -6 -3 8 9 10 16 15 13 -9 -15 -10 -2 -11 -19 -14
right_child=7 4 3 -5 5 -7 -8 12 11 17 -12 -13 19 14 -16 -17 -18 18 -20 -21
leaf_value=-0.00077075375077505952 -0.00011639160307246717 2.3843683213429311e-05 -0.0044932845153578243 0.00082193423664581879 -0.00046422441468780651 0.00081520032539456153 0.00066390317384191556 -0.00068347703898809556 0.0013853404588525446 0.0058384344657065783 0.00022688095159966397 -0.0021791789635008242 -0.0016481973767543952 -0.00041021121268873539 0.0008541655942442965 -0.00082931599167562569 -0.001120642182533211 -0.0016325549244698746 0.00027505299119918617 -0.00018433929501798961
leaf_weight=121 13.999999999999998 344 7.9999999999999991 178 456 23 162 40 133 74 29 18 106 91 304 10.999999999999998 176 169 17 7.9999999999999991
leaf_count=121 14 344 8 178 456 23 162 40 133 74 29 18 106 91 304 11 176 169 17 8
internal_value=0 0.000441596 0.00204799 0.00441537 0 -0.00103599 0.000845224 0 -0.000345531 -0.0021867 -0.00469881 8.36231e-05 0 0.00145534 0.00264326 0.00286722 -0.0057439 0 -0.000796929 -0.00126988
internal_weight=0 1292 307 186 985 479 506 1190 641 479 219 162 549 435 395 144 190 260 186 114
internal_count=2482 1292 307 186 985 479 506 1190 641 479 219 162 549 435 395 144 190 260 186 114
is_linear=0
shrinkage=0.139904


Tree=168
num_leaves=6
num_cat=0
split_feature=4 2 5 5 5
split_gain=0.011873 0.0116679 0.0636963 0.0591172 7.18623e-06
threshold=1.0000000180025095e-35 1.3168710414888449 -1.214017751899376 1.0000000180025095e-35 1.1199807455555051
decision_type=2 2 2 2 2
left_child=1 2 -1 -4 -2
right_child=4 -3 3 -5 -6
leaf_value=-0.00072133766989394962 -3.4353333605561891e-05 -7.8990228670665629e-05 0.00030960065189685908 -0.00027111707860739222 0.00019513940170157556
leaf_weight=99 1418 114 615 115 121
leaf_count=99 1418 114 615 115 121
internal_value=0 0.000530161 0.000769713 0.00153717 0
internal_weight=0 943 829 730 1539
internal_count=2482 943 829 730 1539
is_linear=0
shrinkage=0.139904


Tree=169
num_leaves=10
num_cat=0
split_feature=0 0 2 2 0 0 2 2 0
split_gain=0.00479688 0.0224064 0.0752963 0.00816701 0.00661689 0.0192482 8.30571e-05 6.05568e-05 4.45977e-05
threshold=3.0836884177580512 0.71453463831747632 1.0000000180025095e-35 -1.0030237002128752 -0.31127300910496164 -0.61941608643867285 1.5746371239001469 0.54357279425493799 -0.29878960085476863
decision_type=2 2 2 2 2 2 2 2 2
left_child=1 4 3 -3 5 -1 7 -4 -6
right_child=-2 2 6 -5 8 -7 -8 -9 -10
leaf_value=-2.2806508997047189e-05 -0.0011539641091884761 -0.00015249109867076512 0.00021141758288225501 0.00067750644885532262 0.0012450590188493381 0.00026903130355132311 0.00070325196122359649 -0.0018558625200417345 -5.8402526537060508e-05
leaf_weight=630 35 11.999999999999998 52 144 20 402 68 64 1055
leaf_count=630 35 12 52 144 20 402 68 64 1055
internal_value=0 0.00020528 0.00124919 0.00351317 0 0.000282845 0 -0.000114815 -0.000206977
internal_weight=0 2447 340 156 2107 1032 184 116 1075
internal_count=2482 2447 340 156 2107 1032 184 116 1075
is_linear=0
shrinkage=0.139904


Tree=170
num_leaves=5
num_cat=0
split_feature=1 4 1 1
split_gain=0.0089051 0.0253289 0.0111143 0.000232348
threshold=-0.057599022717865239 1.0000000180025095e-35 -1.7008263145080036 -0.605341453314578
decision_type=2 2 2 2
left_child=2 -2 -1 -4
right_child=1 -3 3 -5
leaf_value=0.00044391268613920652 0.00022340856793427957 -1.3925422012376192e-05 -5.5965005300653305e-05 -2.2055593531143543e-05
leaf_weight=175 484 965 589 269
leaf_count=175 484 965 589 269
internal_value=0 0.000345956 0 -0.000501399
internal_weight=0 1449 1033 858
internal_count=2482 1449 1033 858
is_linear=0
shrinkage=0.139904


Tree=171
num_leaves=7
num_cat=0
split_feature=1 2 1 1 2 1
split_gain=0.00176051 0.0146726 0.13911 0.00510223 0.0122281 0.000139696
threshold=-0.057599022717865239 0.54357279425493799 0.42928313781254618 -1.7008263145080036 1.5746371239001469 0.49014340787884753
decision_type=2 2 2 2 2 2
left_child=3 2 -2 -1 -5 -3
right_child=1 5 -4 4 -6 -7
leaf_value=0.0003818075310872142 0.001533646407421049 -0.0021666352699855661 -1.1977199940045093e-05 -5.0920014975985106e-05 3.9321772653019546e-05 0.00072308249741029329
leaf_weight=175 232 66 1049 741 117 102
leaf_count=175 232 66 1049 741 117 102
internal_value=0 0.000153823 0.000499664 0 -0.00033972 0
internal_weight=0 1449 1281 1033 858 168
internal_count=2482 1449 1281 1033 858 168
is_linear=0
shrinkage=0.139904


Tree=172
num_leaves=11
num_cat=0
split_feature=0 0 3 2 2 2 0 3 0 0
split_gain=0.00670092 0.0228417 0.0491431 0.0201989 0.0180449 0.00745678 0.0297655 0.116318 0.108449 0.00409245
threshold=-0.29878960085476863 0.71453463831747632 1.1798977793155532 3.3789997007792629 -0.48749153539027096 -0.22972545297896871 -0.75042617091701402 1.0000000180025095e-35 -0.3621264721873268 -0.87374910399918371
decision_type=2 2 2 2 2 2 2 2 2 2
left_child=5 2 3 4 -2 6 9 8 -8 -1
right_child=1 -3 -4 -5 -6 -7 7 -9 -10 -11
leaf_value=0.00045026502197185759 -0.00017424397697080884 5.8432621091912336e-05 0.0005014024751714229 0.021172739549510718 -0.00011254753530959108 -4.6621468601494276e-06 0.00066133492877151301 -6.8409115559171148e-05 -0.002027252669063547 -0.00069596179530543429
leaf_weight=162 371 375 122 7.9999999999999991 554 468 159 144 38 81
leaf_count=162 371 375 122 8 554 468 159 144 38 81
internal_value=0 -0.000301861 -0.000737659 -0.00127972 -0.00144076 1.33662e-05 0.000497136 0.00144643 0.00383529 0
internal_weight=0 1430 1055 933 925 1052 584 341 197 243
internal_count=2482 1430 1055 933 925 1052 584 341 197 243
is_linear=0
shrinkage=0.139904


Tree=173
num_leaves=13
num_cat=0
split_feature=2 0 0 2 0 0 0 2 2 0 2 0
split_gain=0.00472724 0.0269046 0.068147 0.0804594 0.0230777 0.0226528 0.00207347 0.00526169 0.00128941 0.0257437 0.0142129 0.0428877
threshold=-0.48749153539027096 -0.68091329760804464 0.2699281981645501 0.80133887666624026 1.5917897275626178 -0.61941608643867285 -0.88018791457033596 1.8324032063114493 0.80133887666624026 0.88536022489906474 1.5746371239001469 2.9818500872959501
decision_type=2 2 2 2 2 2 2 2 2 2 2 2
left_child=4 6 3 -3 5 -1 -2 -8 9 -4 11 -10
right_child=1 2 8 -5 -6 -7 7 -9 10 -11 -12 -13
leaf_value=-9.6513470056780164e-05 -8.4592811731227773e-05 -0.00029889046380406428 0.00083906631018525939 5.7936680936111956e-05 -0.0032451610819774039 0.00020112042789359799 0.00037177634509699497 -0.00015733405577507008 -0.0024107690059920243 -0.00014773721578150551 0.00039874975312747938 0.01503294207622855
leaf_weight=222 200 560 156 177 36 673 158 8.9999999999999982 70 117 96 7.9999999999999991
leaf_count=222 200 560 156 177 36 673 158 9 70 117 96 8
internal_value=0 -0.000233533 -0.000716501 -0.0016167 8.964e-05 0.000713413 0 0.000482507 0 0.000300053 0 -0.00180569
internal_weight=0 1551 1184 737 931 895 367 167 447 273 174 78
internal_count=2482 1551 1184 737 931 895 367 167 447 273 174 78
is_linear=0
shrinkage=0.139904


Tree=174
num_leaves=12
num_cat=0
split_feature=0 1 0 1 1 1 0 0 1 1 0
split_gain=0.00480253 0.0260544 0.081047 0.088502 0.00466536 0.0133147 0.0174225 0.0164057 0.00198249 0.00544999 0.00043015
threshold=-0.38807882091799112 -1.4573852342427978 -0.85949173773448984 1.0378858384755605 -1.7008263145080036 -0.605341453314578 3.8717856912373398 0.16355641944316859 0.49014340787884753 0.85530502827665622 0.06566021790218142
decision_type=2 2 2 2 2 2 2 2 2 2 2
left_child=1 -1 8 -4 -2 6 7 10 -3 -10 -6
right_child=4 2 3 -5 5 -7 -8 -9 9 -11 -12
leaf_value=-0.00068922077332275256 0.00040439071723155509 -0.00075511296358745641 0.00027928255089142596 -3.0613030238865631e-05 -0.0012900867161187391 -1.681854347370655e-07 0.023947979229299379 -0.00029577287666235716 0.0047142184675777622 -0.00031073508857822134 0.010147829930013603
leaf_weight=76 127 175 406 103 92 1074 9.9999999999999982 243 59 93 24
leaf_count=76 127 175 406 103 92 1074 10 243 59 93 24
internal_value=0 0.000319765 0.000846272 0.00205965 0 -0.000250923 -0.000967044 -0.00137536 0 0 0
internal_weight=0 912 836 509 1570 1443 369 359 327 152 116
internal_count=2482 912 836 509 1570 1443 369 359 327 152 116
is_linear=0
shrinkage=0.139904


Tree=175
num_leaves=18
num_cat=0
split_feature=4 0 3 0 5 0 0 0 0 5 0 0 0 0 0 0 0
split_gain=0.00165804 0.0262189 0.0439266 0.0558477 0.0470655 0.0731562 0.0316899 0.0271781 0.0147811 0.0126303 0.00391436 0.00195804 0.0224045 0.00234219 0.00225453 0.00193053 0.000348745
threshold=1.0000000180025095e-35 1.1004690596944955 -0.86158447112794823 0.3448943498143931 1.1199807455555051 -1.0992388782868801 2.0013112203176338 0.33536753825503535 0.28162318063052022 1.0000000180025095e-35 0.13188798377688957 -0.45962846083620251 -1.0353106876161549 -0.16311466381977643 1.1527022678992505 1.1527022678992505 -0.41974725658427031
decision_type=2 2 2 2 2 2 2 2 2 2 2 2 2 2 2 2 2
left_child=11 2 7 4 5 -4 15 9 -7 10 -2 12 -1 16 -15 -3 -13
right_child=1 6 3 -5 -6 8 -8 -9 -10 -11 -12 13 -14 14 -16 -17 -18
leaf_value=-0.00024565307593137455 0.0014212593947609696 -0.0018702425987890273 0.0039921991318689802 5.1497540960098546e-05 0.00060736312642709436 -0.00024679680613085865 -0.00023973662559978313 -0.0042559916388017847 -0.00011624630254645765 3.0495454090171614e-06 0.00027500841336753403 -0.0030701877263243408 0.00012985543264848308 0.0011923423991572501 -0.00057624047029565507 0.0005334772877393345 -0.0016795821767752242
leaf_weight=87 94 7.9999999999999991 24 231 29 697 79 62 42 139 9.9999999999999982 20 525 153 31 124 127
leaf_count=87 94 8 24 231 29 697 79 62 42 139 10 20 525 153 31 124 127
internal_value=0 -0.00014487 -0.000639234 -0.00116793 -0.001768 -0.00210699 0 0 -0.00254966 0.00145381 0.00264072 0 0.000248761 0 0 0.00211 -0.00054504
internal_weight=0 1539 1328 1023 792 763 211 305 739 243 104 943 612 331 184 132 147
internal_count=2482 1539 1328 1023 792 763 211 305 739 243 104 943 612 331 184 132 147
is_linear=0
shrinkage=0.139904


Tree=176
num_leaves=17
num_cat=0
split_feature=2 4 0 0 2 0 0 0 0 0 2 0 0 0 0 0
split_gain=0.027407 0.0565821 0.0667521 0.0898967 0.154355 0.0433721 0.0424287 0.034472 0.0561521 0.0167272 0.0107331 0.0245954 0.00457052 0.0570909 0.0089545 0.00198716
threshold=-0.48749153539027096 1.0000000180025095e-35 0.052059873124339608 0.26125551453810009 0.80133887666624026 -0.04025164577840324 0.38884908728480966 1.5917897275626178 -0.67000674092629697 -1.1355721665098104 0.80133887666624026 0.52564096084745082 -0.76593187800672735 -1.0353106876161549 0.030640972652955702 -0.68091329760804464
decision_type=2 2 2 2 2 2 2 2 2 2 2 2 2 2 2 2
left_child=7 12 5 4 -4 9 -5 8 -1 -3 -8 -12 13 -2 15 -14
right_child=1 2 3 6 -6 -7 10 -9 -10 -11 11 -13 14 -15 -16 -17
leaf_value=-0.00017904978951890335 -0.0016117954581177125 0.0086337491609369769 -0.0059995010766892478 0.0033017700111383995 0.00079230673536898999 0.0056523868655848509 -2.165050960574557e-05 -0.0027369083280299584 0.00016948195446537102 -0.00029708928661743936 0.0015839720699527618 -0.00051503953649421083 5.0696556403352107e-06 0.00037125580044841547 0.0016906158416602809 -0.00035267414809254081
leaf_weight=194 55 10.999999999999998 107 57 24 57 210 36 701 327 8.9999999999999982 126 52 203 86 227
leaf_count=194 55 11 107 57 24 57 210 36 701 327 9 126 52 203 86 227
internal_value=0 -0.00041309 -0.00121177 -0.00222709 -0.00566531 0 0 0.000536941 0.00102351 -0.000446145 -0.00143001 -0.00255703 0 0.000580667 0 -0.000782392
internal_weight=0 1551 928 533 131 395 402 931 895 338 345 135 623 258 365 279
internal_count=2482 1551 928 533 131 395 402 931 895 338 345 135 623 258 365 279
is_linear=0
shrinkage=0.139904


Tree=177
num_leaves=12
num_cat=0
split_feature=2 2 0 0 0 0 0 2 0 0 0
split_gain=0.00273239 0.0243256 0.0469774 0.0220692 0.0153722 0.0280112 0.00686293 0.0144559 0.00684006 0.00142831 0.00349364
threshold=-0.48749153539027096 0.28580671184363571 -1.000160038069559 2.0994045283046758 -0.61941608643867285 1.5917897275626178 -1.000160038069559 3.121233618367961 3.6169927586360329 -0.56554032451678737 -0.74241050877741643
decision_type=2 2 2 2 2 2 2 2 2 2 2
left_child=4 2 -2 -4 -1 -6 -3 8 9 10 -8
right_child=1 6 3 -5 5 -7 7 -9 -10 -11 -12
leaf_value=-9.0766616348915554e-05 0.00059916807036517286 -0.0019873492776371141 -0.00013122037903795527 0.0022751168025620422 0.00014577075316564463 -0.0023540039385360201 0.00090726454538631268 -0.001333799260088332 -0.001433133725859673 0.00020738840074328131 -0.0018846998093476552
leaf_weight=222 60 52 785 18 673 36 101 35 10.999999999999998 431 58
leaf_count=222 60 52 785 18 673 36 101 35 11 431 58
internal_value=0 0 -0.000739643 -0.00131237 0.00023874 0.000703348 0 0.000456952 0.000828219 0.000960581 0
internal_weight=0 1551 863 803 931 709 688 636 601 590 159
internal_count=2482 1551 863 803 931 709 688 636 601 590 159
is_linear=0
shrinkage=0.139904


Tree=178
num_leaves=4
num_cat=0
split_feature=1 1 1
split_gain=1.79262e-05 0.00811775 0.0053041
threshold=-0.30104010298307088 1.5856282690722734 -1.2139441539775919
decision_type=2 2 2
left_child=2 -2 -1
right_child=1 -3 -4
leaf_value=-3.5181137269913651e-05 -2.844487324369149e-05 0.01353846728352307 7.2721765524502415e-05
leaf_weight=403 1589 14.999999999999998 475
leaf_count=403 1589 15 475
internal_value=0 -8.78729e-06 1.59932e-05
internal_weight=0 1604 878
internal_count=2482 1604 878
is_linear=0
shrinkage=0.139904


Tree=179
num_leaves=11
num_cat=0
split_feature=4 1 4 1 1 1 1 1 1 1
split_gain=0.00165804 0.0129194 0.0165411 0.00512554 0.00357377 0.0303718 0.0191084 0.00597124 3.98051e-05 6.68055e-05
threshold=1.0000000180025095e-35 -1.7008263145080036 1.3401069926887506 1.5247679990059719 -0.84878253357978373 -1.8225468546406065 -0.057599022717865239 0.30756259767994326 0.91616529834295768 1.3421871888070676
decision_type=2 2 2 2 2 2 2 2 2 2
left_child=4 -2 3 -3 5 -1 -6 -8 -9 -10
right_child=1 2 -4 -5 6 -7 7 8 9 -11
leaf_value=-0.00040510518020056866 0.00047139263959116627 -6.1653139453829019e-05 0.0015640019214170765 0.0019642650297727647 -0.00076338282176350864 0.00044641165910306913 0.0068245102605547139 -0.00020489534024545187 0.0003799759186005318 -0.0011017507105401279
leaf_weight=56 94 1384 52 8.9999999999999982 127 276 53 250 146 35
leaf_count=56 94 1384 52 9 127 276 53 250 146 35
internal_value=0 -0.00014487 -0.00044324 -0.000659517 0 0.000454034 0 2.88185e-05 0 0
internal_weight=0 1539 1445 1393 943 332 611 484 431 181
internal_count=2482 1539 1445 1393 943 332 611 484 431 181
is_linear=0
shrinkage=0.139904


Tree=180
num_leaves=11
num_cat=0
split_feature=0 0 0 5 0 4 0 0 0 0
split_gain=0.00518663 0.0687515 0.0234874 0.0231729 0.0209064 0.0107667 0.000847833 0.000652983 0.000259816 1.58379e-05
threshold=-0.75042617091701402 -1.1080429662107008 -0.31127300910496164 -1.214017751899376 0.57872829698511352 1.3401069926887506 3.6169927586360329 -0.29878960085476863 0.78831815129098548 -0.61941608643867285
decision_type=2 2 2 2 2 2 2 2 2 2
left_child=1 -1 9 -3 5 7 8 -4 -6 -2
right_child=2 3 4 -5 6 -7 -8 -9 -10 -11
leaf_value=0.0034840280154411389 4.9572627602353468e-06 0.00028849329266445394 0.0013155514570062433 -0.00034958009165612442 5.8851936541715974e-05 0.0013451918155928323 -0.002991624132280555 -0.00016364749450148422 0.00017245016434985015 0.00024096668413980141
leaf_weight=70 143 41 20 376 100 22 26 963 319 402
leaf_count=70 143 41 20 376 100 22 26 963 319 402
internal_value=0 -0.000453177 0 -0.00184679 -9.71587e-06 -0.000635892 0 -0.00079129 0.000197295 0.000912193
internal_weight=0 487 1995 417 1450 1005 445 983 419 545
internal_count=2482 487 1995 417 1450 1005 445 983 419 545
is_linear=0
shrinkage=0.139904


Tree=181
num_leaves=20
num_cat=0
split_feature=0 0 1 1 2 1 0 5 0 2 5 2 1 1 5 2 5 2 2
split_gain=0.0137977 0.0596732 0.0555609 0.0572568 0.0338983 0.0326638 0.0308108 0.0450744 0.0264752 0.03998 0.0686413 0.166504 0.0707107 0.011622 0.00166251 0.00532377 0.00154993 0.00118772 8.3548e-05
threshold=-0.56554032451678737 -0.086505958452802498 1.2204666486744649 -1.5791057743754007 2.0901692887227514 1.4030474588733692 -1.1355721665098104 1.1199807455555051 0.57872829698511352 1.0591049590775425 1.0000000180025095e-35 -1.0030237002128752 1.2813269187407663 -1.1530838839112907 -1.214017751899376 1.3168710414888449 -1.214017751899376 0.80133887666624026 -1.0030237002128752
decision_type=2 2 2 2 2 2 2 2 2 2 2 2 2 2 2 2 2 2 2
left_child=2 5 3 -1 6 13 -5 16 9 10 11 -3 -13 -2 -15 -16 -8 18 -10
right_child=1 8 -4 4 -6 -7 7 -9 17 -11 -12 12 -14 14 15 -17 -18 -19 -20
leaf_value=0.00083632723759253125 -4.829441505979599e-05 0.010547820798897456 0.0012736394424119652 0.0018526853902340315 0.00033944907140357123 -0.0044553725094985137 -0.00045248718153008155 0.0031152396864482608 0.0001988888016069305 0.0010125984812074287 -0.00015350713968534409 -0.0016177040839932585 0.00079889378126694779 -0.00056550606736912473 0.0002390877959778042 -7.9553968528094885e-05 -0.00027261623911642251 -5.8195900935049167e-05 0.00025688082213999787
leaf_weight=44 80 11.999999999999998 69 41 9.9999999999999982 21 49 11.999999999999998 20 70 401 128 8.9999999999999982 9.9999999999999982 586 30 465 148 277
leaf_count=44 80 12 69 41 10 21 49 12 20 70 401 128 9 10 586 30 465 148 277
internal_value=0 7.86916e-06 -0.000622197 -0.00146985 -0.00205939 0.00125767 -0.00233884 -0.00264981 -7.84384e-05 -0.000914644 -0.00153158 -0.00411798 -0.00639917 0.00158889 0.0017896 0.00181831 -0.00297917 0 0.00027639
internal_weight=0 1792 690 621 577 727 567 526 1065 620 550 149 137 706 626 616 514 445 297
internal_count=2482 1792 690 621 577 727 567 526 1065 620 550 149 137 706 626 616 514 445 297
is_linear=0
shrinkage=0.139904


Tree=182
num_leaves=16
num_cat=0
split_feature=4 1 1 1 1 1 5 5 1 1 1 1 1 1 1
split_gain=0.0155068 0.0326132 0.0311103 0.0190826 0.0323048 0.0302928 0.0190702 0.0131805 0.176114 0.0101481 0.0738547 0.00422056 0.00499133 0.00277552 0.00131003
threshold=1.0000000180025095e-35 -0.24017983291676948 -1.8225468546406065 0.064121517414737511 -0.78792226351348227 -1.7008263145080036 2.2869799942829454 1.0000000180025095e-35 0.30756259767994326 0.91616529834295768 1.2813269187407663 0.67272421807775196 1.4639077289396705 -0.90964280364608519 1.0000000180025095e-35
decision_type=2 2 2 2 2 2 2 2 2 2 2 2 2 2 2
left_child=1 2 -1 4 5 -2 7 9 -9 -5 -11 -10 -13 -7 -6
right_child=3 -3 -4 6 14 13 -8 8 11 10 -12 12 -14 -15 -16
leaf_value=-0.00039047059692715145 0.00041167838984846038 -0.00010448976665213882 0.00024927405876234299 0.00038758282285315148 0.00038463571386568643 -0.00014577456824842568 0.022252460099990212 -0.0023347013047270485 0.00076549883062283482 -0.0021241512108861327 0.00084168400296299691 -0.00031816237562372552 0.0038496651851789468 7.2268365517924791e-06 -0.00078361769063573568
leaf_weight=56 94 527 360 171 215 258 10.999999999999998 64 272 110 32 271 8.9999999999999982 22 9.9999999999999982
leaf_count=56 94 527 360 171 215 258 11 64 272 110 32 271 9 22 10
internal_value=0 0.000382943 0.00135541 -0.000325821 0 -0.000404025 -0.000753366 -0.000986345 -0.00136941 0 -0.00103176 0 -0.000536206 -0.00151006 0.00156645
internal_weight=0 943 416 1539 599 374 940 929 616 313 142 552 280 280 225
internal_count=2482 943 416 1539 599 374 940 929 616 313 142 552 280 280 225
is_linear=0
shrinkage=0.139904


Tree=183
num_leaves=12
num_cat=0
split_feature=0 0 2 2 0 0 2 2 2 2 2
split_gain=0.00536715 0.0275819 0.0552697 0.0123073 0.0107595 0.00744614 0.03915 0.00828127 0.000666485 0.0191509 0.000189378
threshold=-0.75042617091701402 -0.086505958452802498 -0.22972545297896871 0.80133887666624026 -1.1080429662107008 0.18451540487375581 -0.74525761780157318 0.80133887666624026 0.80133887666624026 1.3168710414888449 -0.74525761780157318
decision_type=2 2 2 2 2 2 2 2 2 2 2
left_child=4 2 -2 -4 -1 6 -3 -8 10 -10 -7
right_child=1 5 3 -5 -6 8 7 -9 9 -11 -12
leaf_value=0.002656740167106166 0.00019112731110101431 0.00033425040543152534 -0.00039332062239454325 0.0002150857454245094 -0.00033476197881485972 4.7934253535720947e-05 -0.000689512772397576 0.00012361489595697712 -0.0025087006317176916 0.00033082364362334304 0.00016631185242088891
leaf_weight=70 600 66 201 129 417 120 229 42 56 137 415
leaf_count=70 600 66 201 129 417 120 229 42 56 137 415
internal_value=0 4.20068e-05 0.000761403 0 -0.000453177 0 -0.0006506 -0.00181022 0 0 0.000155095
internal_weight=0 1995 930 330 487 1065 337 271 728 193 535
internal_count=2482 1995 930 330 487 1065 337 271 728 193 535
is_linear=0
shrinkage=0.139904


Tree=184
num_leaves=21
num_cat=0
split_feature=0 0 1 2 0 2 1 0 2 1 0 2 1 1 1 2 1 1 1 1
split_gain=0.00337922 0.0349519 0.045417 0.0585076 0.00719537 0.0150386 0.023702 0.0169209 0.00667613 0.0210143 0.0350373 0.00360292 0.0447438 0.00464197 0.00387033 0.0279978 0.0175611 0.0027231 0.0196785 0.00132866
threshold=-0.75042617091701402 -0.31127300910496164 1.3421871888070676 -0.22972545297896871 -0.10680792239653754 1.0000000180025095e-35 -1.0313633437786878 -0.24911877644873756 1.0000000180025095e-35 0.42928313781254618 0.35954592897119847 0.28580671184363571 0.7335844881440533 -1.8834071247069077 -1.8225468546406065 1.5746371239001469 -0.17931956285046807 1.2204666486744649 -1.8834071247069077 0.36842286774624472
decision_type=2 2 2 2 2 2 2 2 2 2 2 2 2 2 2 2 2 2 2 2
left_child=17 2 3 19 5 6 -3 -8 9 10 -6 12 13 -10 -13 16 -16 18 -1 -2
right_child=1 4 -4 -5 8 -7 7 -9 11 -11 -12 14 -14 -15 15 -17 -18 -19 -20 -21
leaf_value=0.00082078465136989375 0.0046558208412971359 0.00046860535774655577 -0.0038795282733972022 -9.4185328142478996e-07 0.00090497493131693211 2.6711242225659299e-05 4.2986815610949002e-06 -0.00058780654792843284 0.00011730305738414083 -0.0002889752457894885 1.2532808362306474e-05 -0.0016976874169746035 0.00673197752822801 -0.001071701165077628 2.5235674278896875e-05 -4.868154096374347e-05 0.0027215046877505289 0.0025453728915914974 -0.00040236006500424774 2.1499432286659416e-05
leaf_weight=15.999999999999998 83 22 32 214 146 52 76 199 7.9999999999999991 314 194 48 8.9999999999999982 76 123 101 82 49 422 216
leaf_count=16 83 22 32 214 146 52 76 199 8 314 194 48 9 76 123 101 82 49 422 216
internal_value=0 0.000181749 0.00116549 0.00177493 0 -0.000628689 -0.00119584 -0.00178458 0 0.000444515 0.00124919 0 -0.00083842 -0.00321905 0 0.00049171 0.001714 0 -0.00034596 0.00301493
internal_weight=0 1995 545 513 1450 349 297 275 1101 654 340 447 93 84 354 306 205 487 438 299
internal_count=2482 1995 545 513 1450 349 297 275 1101 654 340 447 93 84 354 306 205 487 438 299
is_linear=0
shrinkage=0.139904


Tree=185
num_leaves=22
num_cat=0
split_feature=2 0 0 4 5 2 0 0 2 0 0 0 0 2 2 0 0 0 0 0 0
split_gain=0.00744299 0.0275168 0.0323049 0.0177511 0.0381357 0.12523 0.0528468 0.0247165 0.0801488 0.0942514 0.0357444 0.0162861 0.00790926 0.0713638 0.0745284 0.00222675 0.00934621 0.00748016 0.00726761 9.91346e-05 0.0196764
threshold=-0.48749153539027096 0.2699281981645501 -0.67000674092629697 1.0000000180025095e-35 1.0000000180025095e-35 -0.22972545297896871 0.35954592897119847 -0.091236513158138785 1.0591049590775425 0.41867786278790214 -0.75042617091701402 -0.74241050877741643 -0.25641171495279774 -0.22972545297896871 1.3168710414888449 -0.65285848011945302 -1.0353106876161549 -1.1773587330736142 -0.84148934899473771 -0.04025164577840324 0.38884908728480966
decision_type=2 2 2 2 2 2 2 2 2 2 2 2 2 2 2 2 2 2 2 2 2
left_child=1 2 -1 12 7 19 11 10 9 -9 -5 -7 15 -14 -15 16 17 -2 -18 -6 -21
right_child=3 -3 -4 4 5 6 -8 8 -10 -11 -12 -13 13 14 -16 -17 18 -19 -20 20 -22
leaf_value=-0.00038948518619412133 0.018747307021223524 -7.0368521225692125e-05 0.00029184238686042098 -0.0042787709971979018 -0.0017418097944544293 -0.0085751067861091646 -7.2511922966274843e-05 -0.0053065080786876473 0.0016717214245492117 0.00020846403086542315 0.00079165625788118652 -0.0026005568746949384 -0.00071235966216494286 0.0011059963948901273 -0.00018516022749653533 -0.00056872618331077485 0.00049169746210358698 -0.0044514718642123278 -1.1679730505518927e-06 0.0034014533159461061 -0.00048889105088007628
leaf_weight=194 13.999999999999998 189 548 20 59 13.999999999999998 293 67 23 9.9999999999999982 152 194 32 77 37 155 147 41 120 54 42
leaf_count=194 14 189 548 20 59 14 293 67 23 10 152 194 32 77 37 155 147 41 120 54 42
internal_value=0 0.000387841 0.000952434 -5.39755e-05 -0.000613453 -0.00128683 -0.00264252 0 -0.000131933 -0.00431588 0.00163933 -0.00461398 0 0.00100484 0.00357622 0 0 0 0.000816617 0 0.00013704
internal_weight=0 931 742 1551 928 656 501 272 100 77 172 208 623 146 114 477 322 55 267 155 96
internal_count=2482 931 742 1551 928 656 501 272 100 77 172 208 623 146 114 477 322 55 267 155 96
is_linear=0
shrinkage=0.139904


Tree=186
num_leaves=5
num_cat=0
split_feature=1 5 5 5
split_gain=0.0537133 0.00826467 0.00323372 0.00961255
threshold=0.064121517414737511 2.2869799942829454 2.2869799942829454 -1.214017751899376
decision_type=2 2 2 2
left_child=1 -1 3 -2
right_child=2 -3 -4 -5
leaf_value=0.00014530544172833035 0.00030388698947594206 -0.00083274271837745965 0.00066510913135244118 -0.00016042261842062861
leaf_weight=1069 56 8.9999999999999982 46 1302
leaf_count=1069 56 9 46 1302
internal_value=0 0.00104429 0 -0.00021531
internal_weight=0 1078 1404 1358
internal_count=2482 1078 1404 1358
is_linear=0
shrinkage=0.139904


Tree=187
num_leaves=12
num_cat=0
split_feature=1 0 0 0 0 0 0 0 5 0 0
split_gain=0.0425994 0.0430674 0.0548728 0.0111121 0.0409102 0.039019 0.0215689 0.0126308 0.00346345 0.000131325 9.93874e-06
threshold=0.064121517414737511 0.88536022489906474 -0.56554032451678737 0.016055095644835603 0.71453463831747632 0.40251513421133661 -0.77900660559508761 -1.1509464693021534 -1.214017751899376 -0.90147541074434934 -1.1080429662107008
decision_type=2 2 2 2 2 2 2 2 2 2 2
left_child=1 2 9 6 5 -5 7 -2 -4 10 -1
right_child=3 -3 8 4 -6 -7 -8 -9 -10 -11 -12
leaf_value=0.001414862359857717 0.0044590368815236332 -2.5677534038848847e-05 -0.00042172017170236841 -0.00028781678480005349 0.00018937355761979125 -0.0027795866859457105 0.00012512377813435547 -0.00081017951421226593 0.00021993314023869439 -0.00043094501306731108 0.00032140631006259961
leaf_weight=13.999999999999998 45 259 11.999999999999998 249 74 67 774 195 493 194 106
leaf_count=14 45 259 12 249 74 67 774 195 493 194 106
internal_value=0 0.000915385 0.00145627 0 -0.000739873 -0.00177463 0 -5.72501e-05 0.00234881 0 0.000111208
internal_weight=0 1078 819 1404 390 316 1014 240 505 314 120
internal_count=2482 1078 819 1404 390 316 1014 240 505 314 120
is_linear=0
shrinkage=0.139904


Tree=188
num_leaves=8
num_cat=0
split_feature=2 5 2 2 5 5 5
split_gain=0.0100921 0.00380001 0.0174007 0.00364559 0.000523475 3.86049e-05 0.00286878
threshold=1.3168710414888449 -1.214017751899376 -1.0030237002128752 0.80133887666624026 3.4539792430103859 -1.214017751899376 1.0000000180025095e-35
decision_type=2 2 2 2 2 2 2
left_child=1 -1 -3 4 -4 -2 -7
right_child=5 2 3 -5 -6 6 -8
leaf_value=-0.00015710553420207561 0.016079454780789204 -0.0006925043657306512 8.1738334408231326e-05 5.0035263433769974e-05 -0.0027074347591637985 -0.00057064509792996909 0.00013079546123556773
leaf_weight=99 22 166 1745 170 22 117 141
leaf_count=99 22 166 1745 170 22 117 141
internal_value=0 0.000386355 0.000437628 0.000618901 0.000678199 0 -5.33661e-05
internal_weight=0 2202 2103 1937 1767 280 258
internal_count=2482 2202 2103 1937 1767 280 258
is_linear=0
shrinkage=0.139904


Tree=189
num_leaves=8
num_cat=0
split_feature=2 5 2 2 5 5 5
split_gain=0.00760904 0.00241902 0.0123797 0.00214731 0.000308335 3.86049e-05 0.00286878
threshold=1.3168710414888449 -1.214017751899376 -1.0030237002128752 0.80133887666624026 3.4539792430103859 -1.214017751899376 1.0000000180025095e-35
decision_type=2 2 2 2 2 2 2
left_child=1 -1 -3 4 -4 -2 -7
right_child=5 2 3 -5 -6 6 -8
leaf_value=-0.0001351258434526587 0.013829874934368434 -0.00059562024335563864 7.0302815463581974e-05 4.303513054570864e-05 -0.0023286538394905634 -0.00049080957307768528 0.00011249665461500804
leaf_weight=99 22 166 1745 170 22 117 141
leaf_count=99 22 166 1745 170 22 117 141
internal_value=0 0.000259707 0.000305038 0.000474991 0.000520501 0 -5.33661e-05
internal_weight=0 2202 2103 1937 1767 280 258
internal_count=2482 2202 2103 1937 1767 280 258
is_linear=0
shrinkage=0.139904


Tree=190
num_leaves=15
num_cat=0
split_feature=1 1 0 0 0 0 1 0 0 0 0 0 1 1
split_gain=0.0186641 0.0320299 0.0389092 0.010758 0.0484286 0.00834467 0.00694129 0.00431057 0.00146739 0.00311479 0.00122664 0.000329906 2.46621e-05 2.72466e-05
threshold=0.18584205754734043 -0.97050307371238664 1.8444801914059978 -0.77900660559508761 -0.97736139247578568 -0.56002134402722825 0.36842286774624472 -0.26600422866084072 -0.086505958452802498 0.54476028611485161 0.016055095644835603 -0.53091529215967304 -1.5791057743754007 -1.2139441539775919
decision_type=2 2 2 2 2 2 2 2 2 2 2 2 2 2
left_child=1 12 -3 4 -2 -5 -6 11 -9 10 -10 -7 -1 -14
right_child=3 2 -4 5 6 7 -8 8 9 -11 -12 -13 13 -15
leaf_value=0.00022762800579371537 0.00019829303346652059 0.00016716656633137357 -0.0021906118685429679 0.00026245451637314316 -0.0039071568400128502 0.00015763464951405024 -0.0024548960095599369 0.00028323229616405028 0.00012207601533913007 0.0001261139633283916 -0.00050571151034744263 -0.00036594582940472595 -0.00022052496945127503 2.6331733138551111e-05
leaf_weight=213 124 479 27 138 11.999999999999998 20 95 239 110 91 272 254 190 218
leaf_count=213 124 479 27 138 12 20 95 239 110 91 272 254 190 218
internal_value=0 0.0005675 0.00139032 0 -0.000939972 0 -0.00318331 0 0 0 -0.000395723 -0.000547642 0 -3.4092e-05
internal_weight=0 1127 506 1355 231 1124 107 986 712 473 382 274 621 408
internal_count=2482 1127 506 1355 231 1124 107 986 712 473 382 274 621 408
is_linear=0
shrinkage=0.139904


Tree=191
num_leaves=11
num_cat=0
split_feature=0 0 1 0 1 1 1 0 1 1
split_gain=0.0285676 0.0265453 0.0563868 0.0198581 0.00582271 0.0376495 0.0250206 0.00355061 0.0512445 0.00279007
threshold=-0.10680792239653754 1.3992824319149044 0.24670232761364183 -0.29878960085476863 0.12498178748103896 -1.0922236138449894 1.2204666486744649 -0.23801511332093431 1.0987461085418622 0.36842286774624472
decision_type=2 2 2 2 2 2 2 2 2 2
left_child=3 2 -2 4 5 -1 9 8 -5 -6
right_child=1 -3 -4 7 6 -7 -8 -9 -10 -11
leaf_value=-0.00035282945724330944 0.00016421124601198841 -6.7678946368249376e-05 -8.5782308863105213e-06 -0.00067228397766021979 0.0013377093680542078 0.00022657435351603226 0.00095043477712507143 -5.1658740273029276e-05 0.0015284221999714612 -0.00027624809551014291
leaf_weight=142 446 189 466 83 52 291 108 228 18 459
leaf_count=142 446 189 466 83 52 291 108 228 18 459
internal_value=0 0.000707043 0.00108067 -6.05848e-05 0 0.000508754 0 -0.00108206 -0.00206807 -0.000972029
internal_weight=0 1101 912 1381 1052 433 619 329 101 511
internal_count=2482 1101 912 1381 1052 433 619 329 101 511
is_linear=0
shrinkage=0.139904


Tree=192
num_leaves=21
num_cat=0
split_feature=1 1 0 2 2 0 0 1 1 0 1 1 0 1 0 1 0 0 1 1
split_gain=0.0154976 0.0538358 0.0487199 0.0290031 0.00408035 0.000906779 0.0127486 0.0307658 0.0157018 0.126416 0.0249915 0.0121317 0.0178463 0.00987071 0.00418567 0.000716704 0.0148861 0.0319396 0.000114673 0.0334785
threshold=0.064121517414737511 -0.78792226351348227 0.88536022489906474 -1.0030237002128752 2.0901692887227514 0.71453463831747632 0.016055095644835603 0.6118639480114505 0.6118639480114505 -0.41337414816180323 0.30756259767994326 1.5247679990059719 -1.1773587330736142 0.42928313781254618 -0.10680792239653754 -1.5791057743754007 -0.56554032451678737 -1.000160038069559 0.49014340787884753 0.18584205754734043
decision_type=2 2 2 2 2 2 2 2 2 2 2 2 2 2 2 2 2 2 2 2
left_child=1 15 3 -3 -5 6 8 13 9 18 -11 12 -10 -8 -14 -1 17 -17 19 -2
right_child=5 2 -4 4 -6 -7 7 -9 11 10 -12 -13 14 -15 -16 16 -18 -19 -20 -21
leaf_value=0.00022626562881854445 0.0037588427517354695 -2.1985452940487343e-05 -0.00034825067834860465 0.00035287860499567432 -0.00050506278192281417 0.00016351045529856441 -1.1987300598747214e-05 5.9973133291349783e-05 0.0062252425643353317 0.0041520888616028715 0.0014952764380922249 0.0063813020707172924 -0.00021840878340009779 -0.0041117845626626468 3.2853943032425531e-05 0.0031963336044613798 7.8450966987080885e-05 -0.0015947931889105961 0.0022275995501792952 -0.010893609948024584
leaf_weight=213 12.999999999999998 19 60 281 7.9999999999999991 74 71 171 27 28 150 18 583 74 78 22 340 135 48 69
leaf_count=213 13 19 60 281 8 74 71 171 27 28 150 18 583 74 78 22 340 135 48 69
internal_value=0 0.000528669 0.00190152 0.00270703 0.00311667 0 -0.000115203 -0.000909211 0 0.000932279 0.00385104 -0.00021598 -0.000623987 -0.00238916 -0.0009632 0 -0.000166781 -0.00136328 0 -0.00015852
internal_weight=0 1078 368 308 289 1404 1330 316 1014 308 178 706 688 145 661 710 497 157 130 82
internal_count=2482 1078 368 308 289 1404 1330 316 1014 308 178 706 688 145 661 710 497 157 130 82
is_linear=0
shrinkage=0.139904


Tree=193
num_leaves=15
num_cat=0
split_feature=1 2 3 1 4 2 1 1 1 2 2 1 4 1
split_gain=0.0360093 0.041137 0.0911325 0.290856 0.222655 0.15343 0.0619793 0.0610823 0.0574169 0.0769123 0.0147973 0.0142259 0.0116383 0.00607759
threshold=0.064121517414737511 3.121233618367961 -0.86158447112794823 -1.2139441539775919 -1.518634353124295 -1.0030237002128752 -1.2748044240438936 -1.8834071247069077 -1.8834071247069077 1.0000000180025095e-35 1.8324032063114493 -1.3356646941101948 -1.518634353124295 -0.11845929278416668
decision_type=2 2 2 2 2 2 2 2 2 2 2 2 2 2
left_child=1 2 6 8 -5 -6 7 -1 10 -10 -4 -9 -11 -8
right_child=-2 -3 3 4 5 -7 13 11 9 12 -12 -13 -14 -15
leaf_value=-0.0051091197225561031 -1.8149303256632664e-05 -0.0018162360282228784 0.00049167214894455099 -0.0038365707879577915 -0.0011957313483899291 0.00030350948092680731 -0.0012678648189462717 0.0011019579073764192 4.3383766809872267e-05 0.00011451899062688063 -0.00060380876122588794 0.00074929667837630857 -0.0031230459455574015 0.00086613925729269218
leaf_weight=12.999999999999998 1404 33 74 45 19 447 144 48 101 9.9999999999999982 7.9999999999999991 11.999999999999998 108 15.999999999999998
leaf_count=13 1404 33 74 45 19 447 144 48 101 10 8 12 108 16
internal_value=0 0.000915385 0.00127646 0.00206635 0.00421104 0.00535035 0 0.00104719 0 -0.00222614 0.00015852 0.00436665 -0.00457844 -0.00259305
internal_weight=0 1078 1045 812 511 466 233 73 301 219 82 60 118 160
internal_count=2482 1078 1045 812 511 466 233 73 301 219 82 60 118 160
is_linear=0
shrinkage=0.139904


Tree=194
num_leaves=5
num_cat=0
split_feature=1 3 1 5
split_gain=0.0802738 0.0596863 0.105526 7.50203e-06
threshold=0.064121517414737511 -0.86158447112794823 -1.2139441539775919 2.2869799942829454
decision_type=2 2 2 2
left_child=1 -1 -3 -2
right_child=3 2 -4 -5
leaf_value=-3.6924062182574615e-05 -3.756553436468426e-05 -8.4469064619289266e-06 0.00023935015919302515 0.0007147114006963545
leaf_weight=240 1358 320 518 46
leaf_count=240 1358 320 518 46
internal_value=0 0.00143101 0.0020028 0
internal_weight=0 1078 838 1404
internal_count=2482 1078 838 1404
is_linear=0
shrinkage=0.139904


Tree=195
num_leaves=15
num_cat=0
split_feature=1 0 0 2 0 3 3 0 2 0 0 0 0 0
split_gain=0.0500166 0.0460688 0.0713106 0.0620199 0.0290647 0.0367801 0.028262 0.086987 0.0131909 0.00490316 0.0285401 0.0172859 0.000390198 8.6106e-06
threshold=0.064121517414737511 1.0000000180025095e-35 3.6169927586360329 -0.22972545297896871 -0.34359846625809298 1.1798977793155532 -0.86158447112794823 -0.77394754014632505 3.121233618367961 -0.77900660559508761 -1.1509464693021534 -0.56002134402722825 0.54476028611485161 -0.53091529215967304
decision_type=2 2 2 2 2 2 2 2 2 2 2 2 2 2
left_child=1 4 3 -3 6 -6 -1 -8 -5 10 -2 -11 13 -13
right_child=9 2 -4 8 5 -7 7 -9 -10 11 -12 12 -14 -15
leaf_value=-0.00012819179930952581 0.0032407603890012124 1.6913015108754615e-06 -0.0022427972399635307 0.00024739292567658988 -0.0015609556090832443 0.00017553267068982274 0.0013020390288128027 -3.3940961486250721e-05 -0.0011388011050865871 0.00029065714135231147 -0.00095004973269801577 0.00021258013136901766 0.00010720613340654864 -0.00013156494477419334
leaf_weight=85 45 173 24 320 115 15.999999999999998 161 166 18 141 195 20 104 899
leaf_count=85 45 173 24 320 115 16 161 166 18 141 195 20 104 899
internal_value=0 0.00104429 0.0019609 0.00259154 0 -0.00161953 0.000701055 0.001507 0.00368728 0 -0.000622928 0 0 -9.08013e-05
internal_weight=0 1078 535 511 543 131 412 327 338 1404 240 1164 1023 919
internal_count=2482 1078 535 511 543 131 412 327 338 1404 240 1164 1023 919
is_linear=0
shrinkage=0.139904


Tree=196
num_leaves=7
num_cat=0
split_feature=1 0 0 2 0 0
split_gain=0.0586267 0.101642 0.0600287 0.0389083 9.65088e-06 0.0101213
threshold=0.42928313781254618 -0.85949173773448984 0.88536022489906474 3.3789997007792629 0.35954592897119847 -0.97736139247578568
decision_type=2 2 2 2 2 2
left_child=1 -1 3 -3 5 -2
right_child=4 2 -4 -5 -6 -7
leaf_value=-0.00018585858451831849 0.00076255223202017033 0.00017888784784508195 1.1460063248016591e-05 -0.00092450790412503957 0.00018100319774799688 -8.2904200860928562e-05
leaf_weight=180 112 845 278 11.999999999999998 113 942
leaf_count=180 112 845 278 12 113 942
internal_value=0 0.00112163 0.00178826 0.00236344 0 -1.33411e-05
internal_weight=0 1315 1135 857 1167 1054
internal_count=2482 1315 1135 857 1167 1054
is_linear=0
shrinkage=0.139904


Tree=197
num_leaves=10
num_cat=0
split_feature=1 1 2 1 5 2 1 1 1
split_gain=0.0152461 0.0103272 0.0297326 0.0640276 0.0663412 0.0568007 0.00197951 0.00021377 2.08472e-05
threshold=1.1596063786081634 -0.48362091318197514 0.54357279425493799 0.42928313781254618 -1.214017751899376 -0.74525761780157318 -1.0313633437786878 -1.8225468546406065 0.7335844881440533
decision_type=2 2 2 2 2 2 2 2 2
left_child=1 6 3 4 -3 -6 7 -1 -5
right_child=-2 2 -4 8 5 -7 -8 -9 -10
leaf_value=3.0637136295408768e-05 -0.00020478623862539124 -0.00302113230750875 -8.3717144197819943e-05 -0.00020235858065548835 2.662674887935207e-05 0.0011458809334865753 -6.4150243835321509e-05 9.4781761119145045e-05 8.1308013925182284e-05
leaf_weight=130 209 19 230 357 90 293 269 401 484
leaf_count=130 209 19 230 357 90 293 269 401 484
internal_value=0 0.000405002 0.000623875 0.000962427 0.00242716 0.00308296 0 0.000156247 0
internal_weight=0 2273 1473 1243 402 383 800 531 841
internal_count=2482 2273 1473 1243 402 383 800 531 841
is_linear=0
shrinkage=0.139904


Tree=198
num_leaves=28
num_cat=0
split_feature=0 2 1 0 1 0 2 0 2 0 1 1 1 0 0 0 0 0 0 0 0 0 1 0 0 0 1
split_gain=0.0141438 0.0589371 0.118471 0.13448 0.252628 0.038428 0.0567539 0.0608918 0.0371283 0.0184762 0.0133756 0.00229965 0.0475184 0.249422 0.0525119 0.00220969 0.00963924 0.00216808 0.0241143 0.023907 0.00178651 0.00164056 6.76884e-05 6.18142e-05 4.38995e-05 7.35186e-05 1.03089e-05
threshold=-0.85949173773448984 0.28580671184363571 -1.8225468546406065 1.0000000180025095e-35 -1.0313633437786878 -0.69129423710031046 -0.48749153539027096 -0.48374114940368057 -0.74525761780157318 -0.67000674092629697 -1.0922236138449894 -1.1530838839112907 0.55100367794514904 -0.26600422866084072 2.2561698550676259 -0.34359846625809298 -0.69129423710031046 0.2699281981645501 0.78831815129098548 -0.10220877198857158 -1.01349757425266 -0.26600422866084072 -0.84878253357978373 1.1004690596944955 -0.38807882091799112 -0.61941608643867285 0.67272421807775196
decision_type=2 2 2 2 2 2 2 2 2 2 2 2 2 2 2 2 2 2 2 2 2 2 2 2 2 2 2
left_child=20 5 -3 15 -5 8 17 9 -2 -8 -10 -9 13 -13 -15 16 -4 19 -19 24 -1 -14 -6 -23 25 -7 -24
right_child=1 2 3 4 22 6 7 11 10 -11 -12 12 21 14 -16 -17 -18 18 -20 -21 -22 23 26 -25 -26 -27 -28
leaf_value=0.00094254686701849785 -6.7401397390400379e-06 -0.00072617869794813078 -5.4162070043267587e-05 0.0013268682115412044 -0.0045990210836984831 -0.01108031002359022 0.0018769562067491551 0.00033440096479491583 0.00026925860083298008 -0.0031624746060216042 0.0020413436482300644 0.0030899672063259675 -0.004625405715255204 -0.0009134860488761769 0.0037902879583853462 -0.00078531811294001825 0.0011349938765590447 -0.00095286939168857466 0.00039295622933278418 0.0007325279099736153 -0.0008736449230506675 0.00070993032749997039 0.00086589502567580945 -0.00012113882190640758 -0.00070045498268808085 0.00055124991536036625 -8.8468359314016414e-05
leaf_weight=150 41 61 69 106 25 32 9.9999999999999982 89 15.999999999999998 60 75 41 54 203 8.9999999999999982 84 96 99 90 162 195 205 124 7.9999999999999991 226 132 20
leaf_count=150 41 61 69 106 25 32 10 89 16 60 75 41 54 203 9 84 96 99 90 162 195 205 124 8 226 132 20
internal_value=0 0.000365445 0.00155918 0.00265978 0.00475787 0 -0.000303976 -0.00134563 0.00211 -0.0056113 0.00370134 0 -0.000292162 -0.00193539 -0.00516773 0 0.000488107 0 0 0.000275447 0 0 0 0.000381766 0 0 9.35702e-05
internal_weight=0 2137 585 524 275 1552 1420 679 132 70 91 609 520 253 212 249 165 741 189 552 345 267 169 213 390 164 144
internal_count=2482 2137 585 524 275 1552 1420 679 132 70 91 609 520 253 212 249 165 741 189 552 345 267 169 213 390 164 144
is_linear=0
shrinkage=0.139904


Tree=199
num_leaves=28
num_cat=0
split_feature=3 0 0 1 1 1 0 1 1 0 1 0 0 0 0 1 1 1 0 1 0 1 1 1 1 1 1
split_gain=0.00611601 0.0618713 0.163087 0.135672 0.11062 0.110241 0.0509905 0.0866017 0.0213085 0.0292528 0.119362 0.0134377 0.0115411 0.123503 0.0988223 0.0549791 0.0395463 0.0615538 0.0275622 0.00815525 0.00774556 0.00488987 0.0329947 0.0676683 0.00596088 7.56918e-05 6.56166e-05
threshold=1.0000000180025095e-35 0.97037880529774745 -0.32743573768152728 1.0378858384755605 1.4639077289396705 -0.4227606431156738 -0.38807882091799112 -0.90964280364608519 -1.8225468546406065 2.0994045283046758 0.6118639480114505 -0.45962846083620251 -0.34359846625809298 -0.10680792239653754 -0.45962846083620251 -1.2139441539775919 1.2204666486744649 -0.97050307371238664 -0.50207204888685875 1.4639077289396705 -1.2165172136900091 0.85530502827665622 -0.97050307371238664 -1.2748044240438936 0.24670232761364183 0.49014340787884753 -1.5791057743754007
decision_type=2 2 2 2 2 2 2 2 2 2 2 2 2 2 2 2 2 2 2 2 2 2 2 2 2 2 2
left_child=12 2 3 6 -5 -4 7 -2 -3 10 -10 20 14 -14 16 -16 17 -1 -19 -18 -9 22 23 26 -24 -26 -15
right_child=1 8 5 4 -6 -7 -8 11 9 -11 -12 -13 13 21 15 -17 19 18 -20 -21 -22 -23 24 -25 25 -27 -28
leaf_value=0.00035688210438600157 -0.00027319915776437428 0.00044174637816941643 -4.7658401656136238e-06 -0.0057098849030407569 0.0017829146947782159 0.00044005181768912513 -0.002225243999960996 -0.0016069069256953162 -0.0042207056148242921 0.00029578131438775179 0.012965482804706783 -0.00011273208102159643 -0.001873042769506605 0.0010778894334338932 -0.00090057608193995205 0.0034165822780076725 0.014239738791857607 -0.00044460021446990751 0.0010477228233116715 -0.0063712384041070885 0.0015307965410719343 -0.00074611454249708142 0.0013062871266025964 -0.00121340403628892 -0.0018176883447867422 0.00057941705665528738 1.9618905846964944e-05
leaf_weight=115 97 28 139 79 9.9999999999999982 387 27 9.9999999999999982 69 33 10.999999999999998 20 225 64 12.999999999999998 77 37 282 21 11.999999999999998 189 84 147 58 60 128 60
leaf_count=115 97 28 139 79 10 387 27 10 69 33 11 20 225 64 13 77 37 282 21 12 189 84 147 58 60 128 60
internal_value=0 0.000328945 0.00117411 0 -0.00523067 0.00291214 0.000240097 0.00177463 0 -0.00186181 -0.00336651 0.00346248 0 -0.000520653 0 0.00445815 0 -0.00134904 -0.00252523 0 0.00379812 0 0.000427248 0 0.00147179 0 0.000107821
internal_weight=0 1099 958 432 89 526 343 316 141 113 80 219 1383 826 557 90 467 418 303 49 199 601 517 182 335 188 124
internal_count=2482 1099 958 432 89 526 343 316 141 113 80 219 1383 826 557 90 467 418 303 49 199 601 517 182 335 188 124
is_linear=0
shrinkage=0.139904


Tree=200
num_leaves=13
num_cat=0
split_feature=0 0 5 1 1 1 1 0 0 0 0 1
split_gain=0.0333898 0.0731388 0.0834023 0.0643831 0.0271274 0.00396003 0.000922465 0.0344951 0.0426673 0.0144839 0.051682 0.0702102
threshold=-0.50207204888685875 -0.086505958452802498 -1.214017751899376 1.2204666486744649 -1.3356646941101948 0.97702556840925903 -0.72706199344718081 0.06566021790218142 2.9818500872959501 2.4948657612410532 0.66552083539829743 0.79444475821035476
decision_type=2 2 2 2 2 2 2 2 2 2 2 2
left_child=-1 2 -2 4 -4 -6 7 -3 -9 10 -8 -12
right_child=1 6 3 -5 5 -7 9 8 -10 -11 11 -13
leaf_value=-4.748384348475215e-05 -0.0024475146434463492 -0.002520818643327081 -6.9038167579640294e-05 -0.00016600805829398426 0.00040366045766928514 0.00023600384763603909 -3.2130243782788518e-07 0.000271094339485864 -4.3554990452000414e-05 0.0057559589263128028 -0.0017824698584397091 0.0043013682229308863
leaf_weight=771 12.999999999999998 32 52 62 433 86 518 326 33 18 116 22
leaf_count=771 13 32 52 62 433 86 518 326 33 18 116 22
internal_value=0 0.000781721 0.00194896 0.00253475 0.00304841 0.00334959 0 0.000211164 0.00137536 -2.07819e-05 -0.000654089 -0.00298561
internal_weight=0 1711 646 633 571 519 1065 391 359 674 656 138
internal_count=2482 1711 646 633 571 519 1065 391 359 674 656 138
is_linear=0
shrinkage=0.139904


Tree=201
num_leaves=13
num_cat=0
split_feature=0 5 2 1 2 0 1 5 0 2 2 2
split_gain=0.0390399 0.0626931 0.0730009 0.0313922 0.0227425 0.0216384 0.0190705 0.0179719 0.00524978 0.0063401 2.6861e-05 0.0119928
threshold=-0.50207204888685875 -1.214017751899376 2.6057014535453562 0.97702556840925903 2.3479353711340543 1.5917897275626178 -1.6399660444417019 3.4539792430103859 2.7210782591642872 -1.0030237002128752 -0.22972545297896871 2.0901692887227514
decision_type=2 2 2 2 2 2 2 2 2 2 2 2
left_child=10 4 3 5 8 6 -3 -8 9 -2 -1 -12
right_child=1 2 -4 -5 -6 -7 7 -9 -10 -11 11 -13
leaf_value=0.00012201492372225796 -0.0055544829511765563 1.1656708985177031e-05 -0.0011062950875247422 -4.7069082151815218e-07 0.031744176507308021 -5.9204161760356389e-05 0.00017879543893303007 -0.0090389163362034758 -0.00018938414289133447 -0.001164738304733336 -0.00024311830162054149 0.0006781647924038051
leaf_weight=397 7.9999999999999956 90 35 220 7.9999999999999991 120 1181 10.999999999999998 9.9999999999999982 28.000000000000004 360 13.999999999999998
leaf_count=397 8 90 35 220 8 120 1181 11 10 28 360 14
internal_value=0 0.00086314 0.00122739 0.00155429 0 0.00179692 0.00196416 0.00211155 -0.00288935 -0.00355632 0 -3.71318e-05
internal_weight=0 1711 1657 1622 54 1402 1282 1192 46 36 771 374
internal_count=2482 1711 1657 1622 54 1402 1282 1192 46 36 771 374
is_linear=0
shrinkage=0.139904


Tree=202
num_leaves=5
num_cat=0
split_feature=1 2 5 5
split_gain=0.0364382 0.00833529 0.0130021 0.0100195
threshold=0.42928313781254618 4.1522979480131701 -1.214017751899376 2.2869799942829454
decision_type=2 2 2 2
left_child=1 2 -1 -4
right_child=-2 -3 3 -5
leaf_value=-5.1477587542789637e-05 -1.8784410674349309e-05 -0.00095151999303198461 0.00010604609989814811 -0.00018018995450633636
leaf_weight=73 1167 14.999999999999998 1212 14.999999999999998
leaf_count=73 1167 15 1212 15
internal_value=0 0.00101583 0.00108099 0.00120159
internal_weight=0 1315 1300 1227
internal_count=2482 1315 1300 1227
is_linear=0
shrinkage=0.139904


Tree=203
num_leaves=25
num_cat=0
split_feature=3 1 0 2 3 0 0 0 2 0 1 0 2 2 1 0 0 0 1 0 0 0 0 0
split_gain=0.0728705 0.0617628 0.0975928 0.139102 0.0283096 0.110971 0.0396142 0.0600614 0.0274012 0.0138399 0.0351838 0.273764 0.166712 0.0287962 0.0194237 0.0112993 0.00823138 0.00718286 0.00533456 0.00486383 0.00333683 0.078857 0.00144501 0.00087462
threshold=1.0000000180025095e-35 1.1596063786081634 0.13188798377688957 1.3168710414888449 1.1798977793155532 2.0994045283046758 1.5917897275626178 0.44141080623299073 -1.0030237002128752 0.78831815129098548 1.0000000180025095e-35 1.0000000180025095e-35 -1.0030237002128752 -0.74525761780157318 -1.8225468546406065 -0.14465236003922782 -0.35273106492533945 -0.42901125954888714 -1.6399660444417019 -1.0992388782868801 0.19331949279757607 0.62353716238843793 -0.17540096562391369 -0.50207204888685875
decision_type=2 2 2 2 2 2 2 2 2 2 2 2 2 2 2 2 2 2 2 2 2 2 2 2
left_child=9 2 3 8 6 -6 7 -4 -2 10 20 15 -13 -11 -15 16 17 19 -10 -12 -1 -22 -18 -21
right_child=1 -3 4 -5 5 -7 -8 -9 18 13 11 12 -14 14 -16 -17 22 -19 -20 23 21 -23 -24 -25
leaf_value=-7.7901886187955359e-05 -0.00020177851732626625 -0.0014607391295740286 -5.2817747245433015e-06 -0.0008183985514800485 -0.0015927503084180198 0.0055780695066669781 -0.0016656833808605907 0.00070973572779598837 0.00011094817312887712 -0.0002967159941185078 0.0059467841557061495 0.012011339098471463 -0.0017889649335760137 -0.007120732201780249 0.0011297515079037592 0.00064428684682266992 -0.0017190759157025217 0.0074149272550078507 0.00042966273704980881 -0.0005078824942615428 0.0018561266440194298 -0.0013362586113138202 -0.0010024195287002375 -2.8490360729930193e-05
leaf_weight=355 40 97 93 57 89 11.999999999999998 44 117 43 29 31 14.999999999999998 181 12.999999999999998 133 100 118 43 507 204 75 26 22 38
leaf_count=355 40 97 93 57 89 12 44 117 43 29 31 15 181 13 133 100 118 43 507 204 75 26 22 38
internal_value=0 0.00121416 0.00167737 0.00269433 0 -0.00206807 0.000589555 0.00199645 0.00353699 0 -0.000472118 -0.00112414 -0.00557439 0 0.00191733 0 0 0 0.00379085 0 0 0.000776499 -0.00104577 -0.000617931
internal_weight=0 1099 1002 647 355 101 254 210 590 1383 1208 752 196 175 146 556 456 316 550 273 456 101 140 242
internal_count=2482 1099 1002 647 355 101 254 210 590 1383 1208 752 196 175 146 556 456 316 550 273 456 101 140 242
is_linear=0
shrinkage=0.139904


Tree=204
num_leaves=10
num_cat=0
split_feature=3 0 0 1 1 0 5 1 2
split_gain=0.124151 0.0792942 0.0682098 0.0564498 0.0518131 0.0236197 0.006669 0.00641766 0.0192085
threshold=1.0000000180025095e-35 -0.34359846625809298 0.97037880529774745 -1.5791057743754007 1.0378858384755605 3.8717856912373398 -1.214017751899376 -1.8225468546406065 -0.48749153539027096
decision_type=2 2 2 2 2 2 2 2 2
left_child=3 -2 -3 7 5 6 -5 -1 -9
right_child=1 2 -4 4 -6 -7 -8 8 -10
leaf_value=-0.0015620813087607115 -2.9959205656416625e-06 0.00019957226804426416 -1.950250427578657e-06 -0.00025905103464837168 0.00010460985897531887 0.015298581842033431 -0.00012696287870755867 -0.0010694726365127849 0.0090856269115256079
leaf_weight=50 425 533 141 46 172 7.9999999999999991 1058 8.9999999999999982 40
leaf_count=50 425 533 141 46 172 8 1058 9 40
internal_value=0 0.00134062 0.00227955 -0.000563633 -0.00109438 -0.00151253 -0.00164931 0 0.00149342
internal_weight=0 1099 674 1383 1284 1112 1104 99 49
internal_count=2482 1099 674 1383 1284 1112 1104 99 49
is_linear=0
shrinkage=0.139904


Tree=205
num_leaves=18
num_cat=0
split_feature=0 0 0 2 0 5 2 0 2 2 0 2 0 2 0 0 0
split_gain=0.0253151 0.048917 0.0311256 0.0829768 0.0282931 0.0257102 0.0359308 0.0124287 0.00771143 0.0051012 0.040229 0.0491693 0.0678467 0.0057567 0.0108829 0.0125799 0.000307394
threshold=0.57872829698511352 1.3992824319149044 -0.086505958452802498 0.54357279425493799 0.45468264026740629 1.1199807455555051 -0.74525761780157318 -0.023497597863670595 2.0901692887227514 -0.22972545297896871 -0.24911877644873756 2.0901692887227514 -1.1773587330736142 -0.74525761780157318 -1.1773587330736142 -0.20483552823489506 -0.18735875668462479
decision_type=2 2 2 2 2 2 2 2 2 2 2 2 2 2 2 2 2
left_child=2 5 9 4 7 6 -2 -4 -8 13 11 12 -11 -1 -15 -16 -12
right_child=1 -3 3 -5 -6 -7 8 -9 -10 10 16 -13 -14 14 15 -17 -18
leaf_value=-5.2805509809425176e-06 -1.6774026152801914e-06 -0.0001191273571627073 -2.5553685116213921e-05 0.00014461111099478777 0.00011333326024150541 -9.2224305532906175e-05 0.00054493658736077925 -0.00021247153872912589 0.0010983792894459958 0.020891764835062443 0.0040520948743992301 0.00039758197937756189 -0.00041216483322584479 -0.0052318862606900579 0.0003180350422057815 -1.8898495100541417e-05 -0.00023106667674675283
leaf_weight=347 29 189 87 100 43 27 188 390 11.999999999999998 11.999999999999998 26 24 457 13.999999999999998 395 87 55
leaf_count=347 29 189 87 100 43 27 188 390 12 12 26 24 457 14 395 87 55
internal_value=0 0.000804559 -0.000314886 -0.00113766 -0.00214934 0.00217899 0.00272395 -0.0024846 0.00344239 0 -0.000265022 -0.00128663 -0.00193889 0.000263448 0.000584055 0.00088668 0
internal_weight=0 445 2037 620 520 256 229 477 200 1417 574 493 469 843 496 482 81
internal_count=2482 445 2037 620 520 256 229 477 200 1417 574 493 469 843 496 482 81
is_linear=0
shrinkage=0.139904


Tree=206
num_leaves=19
num_cat=0
split_feature=3 1 0 0 5 0 0 1 1 1 1 0 0 0 0 1 1 1
split_gain=0.060694 0.0479989 0.18013 0.098573 0.0580896 0.035597 0.0400746 0.0462556 0.0597957 0.0429301 0.0229989 0.229643 0.0507956 0.0268916 0.023042 0.0473875 0.00325662 2.44268e-05
threshold=1.0000000180025095e-35 -0.97050307371238664 -0.68091329760804464 2.4948657612410532 1.1199807455555051 -0.80141103829674976 0.97037880529774745 -1.6399660444417019 0.49014340787884753 0.85530502827665622 -0.54448118324827655 -0.56554032451678737 2.2561698550676259 -0.92112035320123187 2.0994045283046758 0.49014340787884753 -0.30104010298307088 0.67272421807775196
decision_type=2 2 2 2 2 2 2 2 2 2 2 2 2 2 2 2 2 2
left_child=1 2 -1 4 -4 -2 7 -7 -9 -10 11 -3 -13 -12 15 16 -15 -17
right_child=5 10 3 -5 -6 6 -8 8 9 -11 13 12 -14 14 -16 17 -18 -19
leaf_value=0.0026449209202272436 -3.8687048282487719e-05 -0.0016696760593735344 -0.0007189593560338307 0.0020650395372185958 0.00043058271669444093 -0.00039525292023007488 -2.8369266112827313e-05 0.000519257421536554 -0.00046678472344482188 0.00076394877632871038 0.00039600550159412257 0.0046082719008678948 0.0013050517560706241 -0.00020120934752162039 0.0039390754918414688 0.00041030818585202682 -0.00093089747154477575 -0.00011932264248649907
leaf_weight=76 185 24 232 24 10.999999999999998 57 141 361 176 179 111 50 11.999999999999998 57 8.9999999999999982 137 228 412
leaf_count=76 185 24 232 24 11 57 141 361 176 179 111 50 12 57 9 137 228 412
internal_value=0 -0.000764887 -0.00223689 -0.00438662 -0.0053661 0.000581863 0.00107833 0.00154211 0.00195376 0 0 0.00165089 0.00827708 -0.000451328 -0.000921571 -0.00118087 -0.00268072 0
internal_weight=0 1383 343 267 243 1099 914 773 716 355 1040 86 62 954 843 834 285 549
internal_count=2482 1383 343 267 243 1099 914 773 716 355 1040 86 62 954 843 834 285 549
is_linear=0
shrinkage=0.139904


Tree=207
num_leaves=11
num_cat=0
split_feature=0 0 0 6 2 2 0 5 0 0
split_gain=0.0165162 0.0513168 0.0318121 0.0602164 0.117327 0.0159861 0.000748866 0.015645 0.0234594 0.00866607
threshold=0.44141080623299073 1.3992824319149044 0.14870773384030736 1.0000000180025095e-35 1.3168710414888449 0.80133887666624026 0.06566021790218142 2.2869799942829454 -0.87374910399918371 -0.10680792239653754
decision_type=2 2 2 2 2 2 2 2 2 2
left_child=2 5 6 4 -4 -2 7 8 -1 -10
right_child=1 -3 3 -5 -6 -7 -8 -9 9 -11
leaf_value=0.00013065604074952489 0.00032935437820649555 -0.00031229116480446719 -0.00094461485538251903 0.000759610872568422 0.00017889233654940441 2.8763563890931638e-05 0.00077198299368010429 0.00025682303383610763 -0.00011949487434725269 3.8239988810406606e-05
leaf_weight=322 240 189 158 76 31 76 100 32 1032 226
leaf_count=322 240 189 158 76 31 76 100 32 1032 226
internal_value=0 0.000164177 -0.000394911 -0.00185011 -0.00327895 0.00177463 0 -9.51406e-05 -0.000449612 -0.000785166
internal_weight=0 505 1977 265 189 316 1712 1612 1580 1258
internal_count=2482 505 1977 265 189 316 1712 1612 1580 1258
is_linear=0
shrinkage=0.139904


Tree=208
num_leaves=9
num_cat=0
split_feature=3 1 2 1 1 2 2 1
split_gain=0.0286817 0.0530984 0.0848806 0.019666 0.0215871 0.0576212 0.0269759 0.0177525
threshold=1.0000000180025095e-35 1.0378858384755605 0.28580671184363571 1.1596063786081634 -0.54448118324827655 0.54357279425493799 -1.0030237002128752 -1.8834071247069077
decision_type=2 2 2 2 2 2 2 2
left_child=1 2 7 4 -2 6 -6 -1
right_child=3 -3 -4 -5 5 -7 -8 -9
leaf_value=0.00081308112766568835 -5.4325856412643685e-06 4.9366072678639807e-05 0.00013434923619051108 -0.0013737197570291631 -4.3551744768183489e-05 -0.00023492089369224204 0.00024756907733899507 -0.00021519652628596944
leaf_weight=17 347 172 380 97 53 112 490 814
leaf_count=17 347 172 380 97 53 112 490 814
internal_value=0 -0.000563633 -0.00110254 0.000328945 0.000707088 0.00118316 0.0019324 -0.00193608
internal_weight=0 1383 1211 1099 1002 655 543 831
internal_count=2482 1383 1211 1099 1002 655 543 831
is_linear=0
shrinkage=0.139904


Tree=209
num_leaves=2
num_cat=0
split_feature=3
split_gain=0.00416154
threshold=1.0000000180025095e-35
decision_type=2
left_child=-1
right_child=-2
leaf_value=-6.5681376271456603e-05 7.9518305763000659e-05
leaf_weight=1383 1099
leaf_count=1383 1099
internal_value=0
internal_weight=0
internal_count=2482
is_linear=0
shrinkage=0.139904


Tree=210
num_leaves=4
num_cat=0
split_feature=1 1 3
split_gain=0.0019824 0.0138163 0.0480781
threshold=-0.36190037304937234 -1.7008263145080036 1.1798977793155532
decision_type=2 2 2
left_child=1 -1 -3
right_child=-2 2 -4
leaf_value=0.00019103625678598292 4.3831123231578256e-05 -0.00017297808575695499 0.00014990315138075296
leaf_weight=175 1639 590 78
leaf_count=175 1639 590 78
internal_value=0 -9.89169e-05 -0.000642466
internal_weight=0 843 668
internal_count=2482 843 668
is_linear=0
shrinkage=0.139904


Tree=211
num_leaves=13
num_cat=0
split_feature=1 3 1 1 1 1 1 1 1 1 1 1
split_gain=0.000490885 0.00300667 0.0349589 0.0579721 0.00217123 0.0301528 0.0271097 0.00281333 0.000749395 0.00058421 0.00118172 6.89671e-06
threshold=0.7335844881440533 -0.86158447112794823 0.12498178748103896 -1.2748044240438936 0.6118639480114505 -0.78792226351348227 0.064121517414737511 0.49014340787884753 -1.8834071247069077 -0.48362091318197514 -0.11845929278416668 0.18584205754734043
decision_type=2 2 2 2 2 2 2 2 2 2 2 2
left_child=1 2 3 -1 5 8 9 11 -3 -7 -11 -8
right_child=-2 4 -4 -5 -6 6 7 -9 -10 10 -12 -13
leaf_value=0.00038552691132754909 4.4268128990024469e-05 0.00030509433380800549 0.00031371354098895385 -0.00079326643664288053 -0.00061331022621313399 5.1457527198515311e-05 0.0020420173762654929 0.00039670684164453318 -9.2696481987277789e-05 0.00061754662117490683 0.00044401321932086626 -0.00087799998100533531
leaf_weight=78 729 87 150 168 146 67 38 123 475 150 59 212
leaf_count=78 729 87 150 168 146 67 38 123 475 150 59 212
internal_value=0 0 -0.000381986 -0.00171273 0 0.000183872 0.000980811 0 0 0.00202518 0.00232905 -5.50252e-05
internal_weight=0 1753 396 246 1357 1211 649 373 562 276 209 250
internal_count=2482 1753 396 246 1357 1211 649 373 562 276 209 250
is_linear=0
shrinkage=0.139904


Tree=212
num_leaves=13
num_cat=0
split_feature=0 1 0 3 0 0 1 0 0 0 0 3
split_gain=0.0132071 0.0829988 0.0890472 0.0516345 0.0680989 0.0639554 0.0743987 0.0441838 0.0387322 0.0184195 0.0167706 0.00628166
threshold=0.44141080623299073 -0.36190037304937234 -0.086505958452802498 -0.86158447112794823 3.6169927586360329 0.57872829698511352 0.67272421807775196 -1.0072558701275633 0.17492289116571272 -1.000160038069559 0.38884908728480966 1.1798977793155532
decision_type=2 2 2 2 2 2 2 2 2 2 2 2
left_child=1 9 7 -2 5 -5 -7 -3 11 -1 -11 -4
right_child=3 2 8 4 -6 6 -8 -9 -10 10 -12 -13
leaf_value=0.00031091620878671454 -0.00022210289735638146 -0.00032163095846090493 -0.00041617005542178066 -0.0012238030406013585 -0.0032052447387317658 0.00038835921573301599 -0.0011468090958635143 0.00015088890201017067 0.0001483957610536866 -0.00022582547452301404 0.00010217534161384388 -0.00062925686977198959
leaf_weight=29 111 133 227 46 22 298 28 901 163 485 8.9999999999999982 30
leaf_count=29 111 133 227 46 22 298 28 901 163 485 9 30
internal_value=0 0 0.000105427 0.000710334 0.00177832 0.00261912 0.0034003 0.00122277 -0.00068793 -0.00174146 -0.00198174 -0.0019061
internal_weight=0 1977 1454 505 394 372 326 1034 420 523 494 257
internal_count=2482 1977 1454 505 394 372 326 1034 420 523 494 257
is_linear=0
shrinkage=0.139904


Tree=213
num_leaves=8
num_cat=0
split_feature=0 0 0 0 0 0 0
split_gain=0.000705512 0.0296479 0.0132077 0.00349147 0.000970799 0.000531972 5.51088e-05
threshold=0.44141080623299073 -0.086505958452802498 3.6169927586360329 -0.56554032451678737 -0.87374910399918371 0.41867786278790214 -0.58144024449861209
decision_type=2 2 2 2 2 2 2
left_child=1 3 -2 4 -1 -3 -6
right_child=2 5 -4 -5 6 -7 -8
leaf_value=8.5569036499991594e-05 9.0955205070913971e-05 -0.00010929775083872295 -0.0023945954546795859 0.00011330085596270529 -0.00013445438875818609 -0.00022749763112824239 -0.00026665574897383442
leaf_weight=325 479 550 26 727 345 9.9999999999999982 20
leaf_count=325 479 550 26 727 345 10 20
internal_value=0 0 0.000164177 0 0 -0.00101138 -0.00022591
internal_weight=0 1977 505 1417 690 560 365
internal_count=2482 1977 505 1417 690 560 365
is_linear=0
shrinkage=0.139904


Tree=214
num_leaves=10
num_cat=0
split_feature=1 1 4 0 0 2 1 1 0
split_gain=0.00540514 0.0157744 0.0413493 0.064081 0.0919027 0.00744128 0.0432527 0.110767 0.131277
threshold=-0.78792226351348227 0.42928313781254618 1.3401069926887506 -1.1509464693021534 0.88536022489906474 1.5746371239001469 -1.8834071247069077 -1.6399660444417019 2.0994045283046758
decision_type=2 2 2 2 2 2 2 2 2
left_child=5 2 3 -2 -5 6 -1 8 -8
right_child=1 -3 -4 4 -6 -7 7 -9 -10
leaf_value=0.0002837534025847819 -0.021797484845399343 -5.4555141728517186e-06 -0.0022734096433236275 0.0002416470925811378 -0.0006193239080578562 0.00012902952268560041 -0.0014728244174160229 -1.5436677510315773e-05 0.0050894180691890408
leaf_weight=80 10.999999999999998 1167 17 507 70 124 65 433 7.9999999999999991
leaf_count=80 11 1167 17 507 70 124 65 433 8
internal_value=0 0.000243841 0.000822809 0.00143382 0.00205939 0 -0.000495461 -0.00139032 -0.00627262
internal_weight=0 1772 605 588 577 710 586 506 73
internal_count=2482 1772 605 588 577 710 586 506 73
is_linear=0
shrinkage=0.139904


Tree=215
num_leaves=11
num_cat=0
split_feature=0 0 1 1 0 1 0 1 1 0
split_gain=0.00500029 0.0247415 0.0115135 0.00707336 0.00275965 0.00960605 0.0151759 0.00589819 0.0316156 0.0443904
threshold=0.44141080623299073 1.3992824319149044 1.1596063786081634 -1.5791057743754007 -0.29878960085476863 0.36842286774624472 0.41867786278790214 -0.36190037304937234 0.36842286774624472 -1.0255210674620565
decision_type=2 2 2 2 2 2 2 2 2 2
left_child=4 2 3 -2 7 6 -6 -1 9 -9
right_child=1 -3 -4 -5 5 -7 -8 8 -10 -11
leaf_value=-2.5123963946658409e-05 -3.1211669571312447e-05 -0.00010354453859821369 -0.0031603728287483163 0.00033583101060015398 -0.00043251766501528025 6.3878405182791497e-06 0.00030833350770109638 -0.0047668124056698281 -4.6922659841267409e-06 0.00083242251125486525
leaf_weight=312 46 189 8.9999999999999982 261 342 575 7.9999999999999991 22 567 151
leaf_count=312 46 189 9 261 342 575 8 22 567 151
internal_value=0 0.000437255 0.00134192 0.00160289 0 -0.000240277 -0.000822698 1.33662e-05 0.000393361 0.00201817
internal_weight=0 505 316 307 1977 925 350 1052 740 173
internal_count=2482 505 316 307 1977 925 350 1052 740 173
is_linear=0
shrinkage=0.139904


Tree=216
num_leaves=18
num_cat=0
split_feature=3 0 0 5 0 2 2 5 0 0 0 2 2 0 0 0 0
split_gain=0.0278713 0.0456553 0.0383642 0.0457362 0.0318677 0.0764821 0.0185036 0.0160926 0.0600176 0.0116369 0.0253647 0.0112172 0.00333124 0.0126421 0.00140082 0.000109758 3.79998e-05
threshold=1.0000000180025095e-35 -0.34359846625809298 2.4948657612410532 -1.214017751899376 -0.34359846625809298 0.28580671184363571 3.121233618367961 1.0000000180025095e-35 0.71453463831747632 -0.28203555294003596 0.62353716238843793 -1.0030237002128752 -0.22972545297896871 -0.65923158854191988 -0.3621264721873268 -0.92112035320123187 -0.75042617091701402
decision_type=2 2 2 2 2 2 2 2 2 2 2 2 2 2 2 2 2
left_child=4 -2 3 -3 12 7 11 -6 -9 -7 -11 -5 13 15 -15 -1 -17
right_child=1 2 -4 6 5 9 -8 8 -10 10 -12 -13 -14 14 -16 16 -18
leaf_value=0.002742196613460176 -1.2887060441350225e-05 -0.0081611499419072722 -0.0024224883898858584 -0.00012941920734783408 -2.6069584007887017e-05 -0.015046434077021015 -0.00068135149194776601 -0.00073854310831332471 2.159700552938119e-05 0.00082367564746667506 -1.8924199599357767e-05 0.00014745391594432543 -9.7620820201289825e-06 0.00056408346965518535 0.00046839093536511122 -0.0025907739120629111 -0.00023902534647923061
leaf_weight=65 425 12.999999999999998 23 38 202 10.999999999999998 8.9999999999999982 307 93 112 101 591 259 135 11.999999999999998 62 24
leaf_count=65 425 13 23 38 202 11 9 307 93 112 101 591 259 135 12 62 24
internal_value=0 0.000708322 0.00145818 0.0018279 0 -0.000856428 0.00218992 -0.00186009 -0.00243908 0 0.00101677 0.00233082 0.000149048 0.000504594 0.00145162 0 -0.000151725
internal_weight=0 1099 674 651 1383 826 638 602 400 224 213 629 557 298 147 151 86
internal_count=2482 1099 674 651 1383 826 638 602 400 224 213 629 557 298 147 151 86
is_linear=0
shrinkage=0.139904


Tree=217
num_leaves=17
num_cat=0
split_feature=3 0 0 4 4 4 0 4 0 4 0 0 0 0 0 0
split_gain=0.0326313 0.0569388 0.016051 0.0163789 0.00394589 0.00597921 2.01105e-05 0.0247344 0.0202187 0.0142006 0.0656977 0.0184995 0.0085663 0.00108247 0.000909968 0.000833407
threshold=1.0000000180025095e-35 -0.34359846625809298 2.4948657612410532 1.3401069926887506 1.0000000180025095e-35 -1.518634353124295 0.016055095644835603 -1.518634353124295 0.78831815129098548 1.0000000180025095e-35 -0.30450568779038334 -0.98859645990095923 -0.04025164577840324 -0.98859645990095923 -1.1355721665098104 -0.30450568779038334
decision_type=2 2 2 2 2 2 2 2 2 2 2 2 2 2 2 2
left_child=6 4 3 -3 5 -2 7 13 -8 10 11 -9 14 -1 -11 -16
right_child=1 2 -4 -5 -6 -7 8 9 -10 12 -12 -13 -14 -15 15 -17
leaf_value=0.0018537000723274765 0.00019433818606204195 0.00011652345163396763 -0.0020835726036002224 -0.0014975143691661091 0.00059386054139121049 -0.00028108044937818236 -0.00031474778591679333 8.0981399838729918e-05 0.00013041828941034612 0.0026594501353095971 -0.00049932174716275761 0.00048516594276547308 0.00928208058885561 -0.0034897584743768689 -0.00097735212435864005 3.2717660630243664e-05
leaf_weight=24 49 636 23 14.999999999999998 125 251 327 48 175 12.999999999999998 56 255 35 71 197 182
leaf_count=24 49 636 23 15 125 251 327 48 175 13 56 255 35 71 197 182
internal_value=0 0.00083478 0.00166352 0.0018279 0 -0.00050131 0 0 -2.78e-05 0.000723257 0.00137536 0.00252523 0 -0.000822032 -3.5458e-05 -0.000217723
internal_weight=0 1099 674 651 425 300 1383 881 502 786 359 303 427 95 392 379
internal_count=2482 1099 674 651 425 300 1383 881 502 786 359 303 427 95 392 379
is_linear=0
shrinkage=0.139904


Tree=218
num_leaves=5
num_cat=0
split_feature=2 1 1 2
split_gain=0.0332786 0.0556063 0.0467559 0.037039
threshold=0.28580671184363571 0.6118639480114505 -1.8225468546406065 1.8324032063114493
decision_type=2 2 2 2
left_child=-1 2 -2 -4
right_child=1 -3 3 -5
leaf_value=1.2181786995773611e-06 -0.00021809232384104114 -0.00021855650064312717 0.00039687714011203782 9.3566752170765395e-06
leaf_weight=1794 70 94 422 102
leaf_count=1794 70 94 422 102
internal_value=0 0.00122761 0.00188484 0.00239647
internal_weight=0 688 594 524
internal_count=2482 688 594 524
is_linear=0
shrinkage=0.139904


Tree=219
num_leaves=13
num_cat=0
split_feature=0 2 1 1 0 2 2 5 1 0 2 2
split_gain=0.0319045 0.0412106 0.096733 0.101535 0.0212984 0.034822 0.0471474 0.0409759 0.0350455 0.00712491 8.30571e-05 0.00391877
threshold=-0.37474128473489016 0.28580671184363571 -1.8834071247069077 0.85530502827665622 -1.01349757425266 2.0901692887227514 -1.0030237002128752 2.2869799942829454 -1.8834071247069077 -0.50207204888685875 0.54357279425493799 -0.74525761780157318
decision_type=2 2 2 2 2 2 2 2 2 2 2 2
left_child=4 -2 -3 -4 10 6 -6 8 -8 -10 11 -1
right_child=1 2 3 -5 5 -7 7 -9 9 -11 -12 -13
leaf_value=-0.00032012698858420566 1.9364697889485072e-06 -0.00060025340874182785 0.00030637241968469527 -0.0012225505323396658 0.0032724668143119264 0.00051226938000230868 0.00023518559958259929 0.00041167652771044693 -0.00015522998274661285 -7.9995230203233275e-05 -0.0039021969087498984 0.0023470523229078342
leaf_weight=33 1131 41 368 9.9999999999999982 60 12.999999999999998 20 8.9999999999999982 540 140 34 83
leaf_count=33 1131 41 368 10 60 13 20 9 540 140 34 83
internal_value=0 0.000637946 0.00183812 0.00294142 -1.50738e-05 -0.000726922 -0.00118963 -0.00167989 -0.00199796 -0.00225965 0 0.000114815
internal_weight=0 1550 419 378 932 782 769 709 700 680 150 116
internal_count=2482 1550 419 378 932 782 769 709 700 680 150 116
is_linear=0
shrinkage=0.139904


Tree=220
num_leaves=15
num_cat=0
split_feature=0 2 0 5 1 3 2 1 0 2 1 1 1 0
split_gain=0.0234159 0.0496882 0.0602999 0.0586492 0.0636148 0.0201491 0.015651 0.0352018 0.0574585 0.0822031 0.0611314 0.00934621 0.0596849 0.155427
threshold=-0.37474128473489016 0.28580671184363571 0.62353716238843793 1.1199807455555051 -0.97050307371238664 1.0000000180025095e-35 -0.22972545297896871 -1.8834071247069077 -1.1509464693021534 2.0901692887227514 0.91616529834295768 0.85530502827665622 -0.17931956285046807 -0.57322747591295886
decision_type=2 2 2 2 2 2 2 2 2 2 2 2 2 2
left_child=6 5 3 4 -3 -2 11 -8 -9 10 -10 12 -1 -14
right_child=1 2 -4 -5 -6 -7 7 8 9 -11 -12 -13 13 -15
leaf_value=-7.5508999528878782e-05 -0.00024624003574890893 1.0323823695300245e-05 -1.9960428232702836e-06 -0.025588211664663209 0.00069713800253007037 6.3241411076574879e-05 0.00052764844787753608 0.010868416781532712 -0.0004525264478069253 0.00031054361195349264 0.00123734563232149 -0.00021011225675821767 0.0023815671435151245 -0.00012774198941477985
leaf_weight=135 624 81 192 7.9999999999999991 138 507 15.999999999999998 13.999999999999998 359 13.999999999999998 22 240 87 45
leaf_count=135 624 81 192 8 138 507 16 14 359 14 22 240 87 45
internal_value=0 0.00054811 0.00183812 0.00334426 0.00408064 0 0 -0.00084178 -0.00154623 -0.00229552 -0.00309884 0 0.000816617 0.00311418
internal_weight=0 1550 419 227 219 1131 932 425 409 395 381 507 267 132
internal_count=2482 1550 419 227 219 1131 932 425 409 395 381 507 267 132
is_linear=0
shrinkage=0.139904


Tree=221
num_leaves=10
num_cat=0
split_feature=1 6 1 5 1 1 3 1 1
split_gain=0.0480153 0.0541924 0.0692513 0.0145724 0.113636 0.0879065 0.0117992 0.00300667 0.03167
threshold=-0.30104010298307088 1.0000000180025095e-35 1.2204666486744649 1.0000000180025095e-35 0.36842286774624472 1.2813269187407663 -0.86158447112794823 1.4030474588733692 1.0987461085418622
decision_type=2 2 2 2 2 2 2 2 2
left_child=6 2 -2 7 -5 -6 -1 8 -3
right_child=1 3 -4 4 5 -7 -8 -9 -10
leaf_value=-2.5928013679376277e-06 -0.00012354844103386407 0.00010252986722602002 0.035936537904762075 -0.00055717489676770254 0.00054225587244232569 -0.0029977148070793763 5.3352878922694337e-05 0.0016415823828526625 -0.0013019599562247069
leaf_weight=194 705 276 11.999999999999998 71 335 51 684 34 120
leaf_count=194 705 276 12 71 335 51 684 34 120
internal_value=0 -0.000269264 -0.00127504 0 0.000783766 0.00252589 0.000964151 0 -0.000381986
internal_weight=0 1604 717 887 457 386 878 430 396
internal_count=2482 1604 717 887 457 386 878 430 396
is_linear=0
shrinkage=0.139904


Tree=222
num_leaves=13
num_cat=0
split_feature=1 1 0 0 0 1 0 0 0 0 0 0
split_gain=0.0301457 0.0652228 0.0827187 0.0411234 0.0792392 0.0493577 0.0354799 0.0311707 0.00370541 0.00335361 0.0309109 0.000147757
threshold=-0.30104010298307088 0.7335844881440533 -0.86527352681878966 -0.85949173773448984 -0.41337414816180323 1.3421871888070676 -0.84654841444350015 2.7210782591642872 2.7210782591642872 0.41867786278790214 0.26125551453810009 -1.0604089084139114
decision_type=2 2 2 2 2 2 2 2 2 2 2 2
left_child=6 2 -2 11 5 -5 -1 -4 9 10 -8 -3
right_child=1 3 7 4 -6 -7 8 -9 -10 -11 -12 -13
leaf_value=-0.00025132007881225178 0.00064215503396930365 0.001984463992105473 -0.00022194867372296866 0.00055456038919534192 -3.5186267147344239e-06 -0.0023540862201649891 4.6318922644665773e-05 0.0034147593930274676 0.00017823660958271533 0.00029586078525081034 -0.0039505406628640967 -0.0042512462990679286
leaf_weight=108 124 49 743 177 410 31 398 7.9999999999999991 42 287 43 62
leaf_count=108 124 49 743 177 410 31 398 8 42 287 43 62
internal_value=0 -9.56129e-05 -0.00120527 0.000114232 0.0011413 0.00331449 0.000806125 -0.00195584 0.00127809 0.00135109 0 0
internal_weight=0 1604 875 729 618 208 878 751 770 728 441 111
internal_count=2482 1604 875 729 618 208 878 751 770 728 441 111
is_linear=0
shrinkage=0.139904


Tree=223
num_leaves=3
num_cat=0
split_feature=3 6
split_gain=0.000326712 0.00496454
threshold=1.0000000180025095e-35 1.0000000180025095e-35
decision_type=2 2
left_child=1 -1
right_child=-2 -3
leaf_value=-0.00010278836748939753 1.4324434326375074e-05 4.3938281424418937e-05
leaf_weight=882 1099 501
leaf_count=882 1099 501
internal_value=0 0
internal_weight=0 1383
internal_count=2482 1383
is_linear=0
shrinkage=0.139904


Tree=224
num_leaves=10
num_cat=0
split_feature=1 0 0 1 0 0 0 0 1
split_gain=0.0129444 0.0256722 0.0235986 0.0229562 0.0266325 0.0284539 0.0119546 0.0539229 0.00653256
threshold=-0.72706199344718081 -0.59195258828824826 2.4948657612410532 0.97702556840925903 -1.0992388782868801 2.4948657612410532 -1.1355721665098104 -0.21442804194293807 0.7335844881440533
decision_type=2 2 2 2 2 2 2 2 2
left_child=1 -1 -3 4 -2 8 -5 -8 -6
right_child=3 2 -4 6 5 -7 7 -9 -10
leaf_value=-0.00022996235549612102 0.0022977746187471683 0.00015294889578710451 -0.00018343575361364853 -0.0019223030849928439 -0.00017788272304216721 0.0038195614482674656 0.00047362264980907318 -0.00016707920097502782 -1.3236209168682151e-05
leaf_weight=195 43 497 44 25 972 15.999999999999998 248 114 328
leaf_count=195 43 497 44 25 972 16 248 114 328
internal_value=0 0.000583693 0.001174 -8.07561e-06 -0.000573534 -0.000856475 0 0.000795966 -0.00108099
internal_weight=0 736 541 1746 1359 1316 387 362 1300
internal_count=2482 736 541 1746 1359 1316 387 362 1300
is_linear=0
shrinkage=0.139904


Tree=225
num_leaves=17
num_cat=0
split_feature=0 2 6 3 2 5 2 0 3 2 2 0 2 0 0 2
split_gain=0.0075473 0.0292319 0.0358744 0.0420316 0.065551 0.0255764 0.0448895 0.04711 0.0237966 0.0149351 0.00468661 0.00191932 0.0129591 0.0014325 0.00178651 0.00111365
threshold=-0.50207204888685875 0.28580671184363571 1.0000000180025095e-35 1.0000000180025095e-35 -0.48749153539027096 1.1199807455555051 4.1522979480131701 2.0013112203176338 1.1798977793155532 -0.22972545297896871 -1.0030237002128752 -0.65285848011945302 -1.0030237002128752 -0.85949173773448984 -1.01349757425266 1.5746371239001469
decision_type=2 2 2 2 2 2 2 2 2 2 2 2 2 2 2 2
left_child=11 2 3 4 -2 6 7 8 -3 10 -4 13 -13 14 -1 -14
right_child=1 5 9 -5 -6 -7 -8 -9 -10 -11 -12 12 15 -15 -16 -17
leaf_value=9.7105239887636962e-05 9.5917938554435935e-05 0.00044364437505760562 -5.9924007087108499e-05 8.7624233152564936e-05 -0.0005951926499669863 -0.00015777236016744592 -0.0036932138893908525 -0.00017111986936282772 -7.1924411362843662e-05 -8.8081759911601417e-05 0.00012871850680023269 0.0052597044776489252 -0.00018400097843516552 0.00037697043659818628 -0.00063179365848494817 -8.6996318361369594e-05
leaf_weight=150 131 317 80 266 194 40 10.999999999999998 32 50 100 490 15.999999999999998 153 245 195 11.999999999999998
leaf_count=150 131 317 80 266 194 40 11 32 50 100 490 16 153 245 195 12
internal_value=0 0.000293207 0 -0.000842062 -0.00193706 0.00125464 0.00171014 0.00227292 0.00284098 0.000640569 0.000993858 0 -0.000446637 0 0 -0.00129999
internal_weight=0 1711 1261 591 325 450 410 399 367 670 570 771 181 590 345 165
internal_count=2482 1711 1261 591 325 450 410 399 367 670 570 771 181 590 345 165
is_linear=0
shrinkage=0.139904


Tree=226
num_leaves=23
num_cat=0
split_feature=6 5 2 1 1 2 1 1 1 2 2 1 1 2 1 1 1 1 1 1 1 1
split_gain=0.00133652 0.0541102 0.074748 0.0884756 0.0149691 0.0497704 0.111199 0.101457 0.0108548 0.00225453 0.00161067 0.0300965 0.0634404 0.00818466 0.00879124 0.0154367 0.00269617 0.00187076 0.000859935 0.0166547 2.007e-05 2.30889e-06
threshold=1.0000000180025095e-35 1.0000000180025095e-35 -0.22972545297896871 1.2813269187407663 -1.7008263145080036 -0.74525761780157318 0.79444475821035476 -0.30104010298307088 0.12498178748103896 2.0901692887227514 1.0000000180025095e-35 0.42928313781254618 -0.11845929278416668 2.0901692887227514 -1.3965249641764965 0.55100367794514904 -0.97050307371238664 0.91616529834295768 0.30756259767994326 1.4030474588733692 -0.24017983291676948 -1.2139441539775919
decision_type=2 2 2 2 2 2 2 2 2 2 2 2 2 2 2 2 2 2 2 2 2 2
left_child=4 18 3 8 9 6 7 -6 -3 -1 11 12 16 14 -12 21 -7 -17 -2 -20 -18 -16
right_child=1 2 -4 -5 5 10 -8 -9 -10 -11 13 -13 -14 -15 15 17 20 -19 19 -21 -22 -23
leaf_value=0.00049028406097550905 0.0012097385656335668 0.00015166867949843659 -0.0010419198207119809 -0.0023699819114623827 -3.7149686902785214e-05 0.00065148876455756969 0.0062231533720392695 -0.0032698219910715313 0.00032278044642259512 -0.00022911001416958608 -0.0073046179296385027 -0.00021612577141573447 0.0055884068691527573 6.2020480204010486e-05 1.907830404982213e-05 -0.00020195915887743737 -0.00053858436087256603 0.00021533516621182505 -0.00033174920910917832 0.0013709551276324529 -0.0013241896172778572 8.3823456315539161e-05
leaf_weight=153 25 15.999999999999998 82 49 102 131 22 69 315 22 58 146 65 71 46 141 92 18 379 34 24 422
leaf_count=153 25 16 82 49 102 131 22 69 315 22 58 146 65 71 46 141 92 18 379 34 24 422
internal_value=0 0.0001698 0.00152066 0.00256502 0 -0.000455149 -0.00251508 -0.0043945 0.00355681 0 0 3.04288e-05 0.00135873 -0.000201833 -0.000525651 0 0 -0.00134688 0 -0.000200112 -0.000114815 2.97886e-05
internal_weight=0 900 462 380 1582 1407 193 171 331 175 1214 458 312 756 685 627 247 159 438 413 116 468
internal_count=2482 900 462 380 1582 1407 193 171 331 175 1214 458 312 756 685 627 247 159 438 413 116 468
is_linear=0
shrinkage=0.139904


Tree=227
num_leaves=10
num_cat=0
split_feature=3 0 0 0 0 0 0 0 0
split_gain=0.000259975 0.00765356 0.0185575 0.00552913 0.0272062 0.00457052 0.00208603 0.00127865 0.000213619
threshold=1.0000000180025095e-35 0.78831815129098548 -0.023497597863670595 0.57872829698511352 0.97037880529774745 -0.064364334345881333 -1.0465457550413289 0.33536753825503535 -0.132497462532461
decision_type=2 2 2 2 2 2 2 2 2
left_child=1 2 -1 5 -5 6 -2 -7 -8
right_child=3 -3 -4 4 -6 7 8 -9 -10
leaf_value=-8.6042865952361914e-06 -0.0019148079196653659 0.0004216913656614875 -0.00019150491611320491 0.0029088154598886661 -1.8868828777430157e-05 -0.0001112731311589267 0.00011340370687349616 0.00025089943985843609 -7.9681471089340482e-05
leaf_weight=852 55 175 356 71 141 200 520 58 54
leaf_count=852 55 175 356 71 141 200 520 58 54
internal_value=0 -6.04976e-05 -0.000357001 0 0.000702455 0 0 -0.000580667 0.000265022
internal_weight=0 1383 1208 1099 212 887 629 258 574
internal_count=2482 1383 1208 1099 212 887 629 258 574
is_linear=0
shrinkage=0.139904


Tree=228
num_leaves=12
num_cat=0
split_feature=1 0 6 1 0 0 1 1 0 4 2
split_gain=0.00748442 0.0462002 0.0590357 0.0604518 0.112382 0.0113088 0.017725 0.0110386 0.00995152 0.00822161 0.00150403
threshold=-1.5182455043090994 -0.097018302242438778 1.0000000180025095e-35 -1.1530838839112907 0.75967201446422683 -0.50207204888685875 1.4030474588733692 -0.97050307371238664 -0.53091529215967304 -1.518634353124295 4.1522979480131701
decision_type=2 2 2 2 2 2 2 2 2 2 2
left_child=10 5 3 -3 9 8 7 -7 -2 -5 -1
right_child=1 2 -4 4 -6 6 -8 -9 -10 -11 -12
leaf_value=0.00042536735710058045 8.2464300916311703e-06 5.2817987966548279e-05 0.00011636329350725265 0.0009528305005694187 4.4511922962245545e-05 -7.3796392855434093e-05 -0.0037713880814279391 0.00022360948831953682 -0.0093153680234019081 -0.00054203502794790154 -0.0082205922486272495
leaf_weight=233 688 124 283 9.9999999999999982 175 51 19 521 29 340 8.9999999999999982
leaf_count=233 688 124 283 10 175 51 19 521 29 340 9
internal_value=0 -0.000255315 -0.00105767 -0.00183347 -0.00252338 0 0.000608234 0.000990427 0 -0.00395498 0
internal_weight=0 2240 932 649 525 1308 591 572 717 350 242
internal_count=2482 2240 932 649 525 1308 591 572 717 350 242
is_linear=0
shrinkage=0.139904


Tree=229
num_leaves=9
num_cat=0
split_feature=1 2 2 1 1 1 2 2
split_gain=0.0116159 0.0292129 0.0172519 0.0600416 0.0054099 0.054538 0.00180604 0.000107455
threshold=-0.30104010298307088 1.0591049590775425 0.80133887666624026 0.97702556840925903 0.42928313781254618 -0.057599022717865239 -1.0030237002128752 1.5746371239001469
decision_type=2 2 2 2 2 2 2 2
left_child=1 6 3 4 5 -2 -1 -3
right_child=2 7 -4 -5 -6 -7 -8 -9
leaf_value=0.00016675486769169919 -0.0014431586853375902 -0.00045708740583008699 5.2840214889084333e-05 9.829089686535013e-05 -0.00014702295535531056 0.0012505248465931827 0.00017317908975358404 0.00021487435003899997
leaf_weight=28 129 88 166 384 685 240 614 148
leaf_count=28 129 88 166 384 685 240 614 148
internal_value=0 0.000490072 -9.56129e-05 -0.000493786 -0.00119973 0 0.00109912 0
internal_weight=0 878 1604 1438 1054 369 642 236
internal_count=2482 878 1604 1438 1054 369 642 236
is_linear=0
shrinkage=0.139904


Tree=230
num_leaves=5
num_cat=0
split_feature=1 1 1 1
split_gain=0.00435374 0.0181486 0.000327327 0.000136806
threshold=0.24670232761364183 0.7335844881440533 -0.30104010298307088 0.42928313781254618
decision_type=2 2 2 2
left_child=2 3 -1 -2
right_child=1 -3 -4 -5
leaf_value=5.6279511605535674e-05 -0.00011256171654907723 1.2745778792484101e-05 2.3605499181586646e-06 -0.00011956008732396109
leaf_weight=878 159 729 278 438
leaf_count=878 159 729 278 438
internal_value=0 -0.000220477 0.000132434 -0.000833701
internal_weight=0 1326 1156 597
internal_count=2482 1326 1156 597
is_linear=0
shrinkage=0.139904


Tree=231
num_leaves=18
num_cat=0
split_feature=1 2 0 0 2 0 1 1 0 0 0 0 1 1 0 1 1
split_gain=0.00137609 0.0245341 0.0295429 0.0145333 0.0125807 0.0488995 0.0662925 0.0424322 0.000654418 0.0121044 0.00666335 5.13879e-05 0.116069 0.00673858 0.00607088 0.0394719 0.0138731
threshold=-0.30104010298307088 1.0591049590775425 -0.58144024449861209 2.9818500872959501 -0.22972545297896871 -0.086505958452802498 1.0378858384755605 0.42928313781254618 -1.0465457550413289 1.3162349159767788 -0.04025164577840324 -0.26600422866084072 0.36842286774624472 1.3421871888070676 -0.97736139247578568 0.30756259767994326 1.5247679990059719
decision_type=2 2 2 2 2 2 2 2 2 2 2 2 2 2 2 2 2
left_child=1 2 -1 -4 5 11 7 -7 -6 10 -10 14 -13 -14 -2 -16 -17
right_child=4 -3 3 -5 8 6 -8 -9 9 -11 -12 12 13 -15 15 16 -18
leaf_value=-4.8368798579023183e-05 0.0003669588170020292 -9.933961707412657e-05 0.00032804499592964062 -0.0018601284624374201 -0.0067128623450680401 -2.2348841941599131e-06 0.00047714600309475141 -0.0012522450632382483 9.8466076267402647e-06 -0.003909586217221362 0.00020300868550062034 -0.015549598580569887 0.0013861629045192785 -0.00024382730223317125 0.0012119846357478096 -0.00029663034443774898 0.0016882982188405331
leaf_weight=180 79 236 441 21 36 107 53 177 303 22 220 17 165 9.9999999999999982 53 349 12.999999999999998
leaf_count=180 79 236 441 21 36 107 53 177 303 22 220 17 165 10 53 349 13
internal_value=0 0.00017402 0.000883654 0.00152066 -8.78729e-06 -0.000488996 -0.00186956 -0.00293004 0 0.000152287 0.000686224 0 7.10369e-05 0.00353074 0 -0.000530438 -0.00155359
internal_weight=0 878 642 462 1604 1023 337 284 581 545 523 686 192 175 494 415 362
internal_count=2482 878 642 462 1604 1023 337 284 581 545 523 686 192 175 494 415 362
is_linear=0
shrinkage=0.139904


Tree=232
num_leaves=5
num_cat=0
split_feature=1 1 1 1
split_gain=4.564e-05 0.00696665 0.00524424 0.00293835
threshold=-1.5182455043090994 0.97702556840925903 0.42928313781254618 -0.605341453314578
decision_type=2 2 2 2
left_child=-1 2 3 -2
right_child=1 -3 -4 -5
leaf_value=0.00027353133605605455 -8.909609012704129e-05 3.7580941247453537e-05 -0.0001042107339923137 0.00012969839959812337
leaf_weight=242 522 387 780 551
leaf_count=242 522 387 780 551
internal_value=0 -6.30045e-06 -0.000270826 0
internal_weight=0 2240 1853 1073
internal_count=2482 2240 1853 1073
is_linear=0
shrinkage=0.139904


Tree=233
num_leaves=9
num_cat=0
split_feature=0 0 0 2 2 2 0 0
split_gain=0.000253769 0.0263993 0.0169524 0.0113436 0.00341284 0.0431833 0.00299485 0.0011573
threshold=-0.086505958452802498 -0.61941608643867285 0.44141080623299073 -0.74525761780157318 0.80133887666624026 -0.74525761780157318 -0.21442804194293807 -0.87374910399918371
decision_type=2 2 2 2 2 2 2 2
left_child=1 7 3 -2 5 -4 -3 -1
right_child=2 6 4 -5 -6 -7 -8 -9
leaf_value=4.4027214050006246e-05 5.4811496891425557e-06 0.00022221394344570385 -0.000161675709362908 -0.00012831239268858491 -0.00013804521665278525 0.00029461509111387407 4.3215045899815496e-05 -0.00015500014685190127
leaf_weight=325 109 560 77 451 157 271 227 305
leaf_count=325 109 560 77 451 157 271 227 305
internal_value=0 5.90535e-05 0 -0.000764772 0 0.000433589 0.000810412 0
internal_weight=0 1417 1065 560 505 348 787 630
internal_count=2482 1417 1065 560 505 348 787 630
is_linear=0
shrinkage=0.139904


Tree=234
num_leaves=15
num_cat=0
split_feature=2 0 1 1 0 1 1 0 1 0 1 0 0 0
split_gain=0.0241901 0.0810152 0.0904664 0.0536054 0.0100197 0.0441261 0.0722532 0.0108943 0.00748964 0.0549633 0.0391743 0.0260593 6.68055e-05 0.0732239
threshold=0.28580671184363571 -0.56554032451678737 -1.8225468546406065 0.85530502827665622 -0.53091529215967304 -0.17931956285046807 0.91616529834295768 0.78831815129098548 -0.17931956285046807 -1.0353106876161549 1.1596063786081634 -0.86527352681878966 -1.000160038069559 -0.75042617091701402
decision_type=2 2 2 2 2 2 2 2 2 2 2 2 2 2
left_child=4 -2 -3 -4 8 -6 7 -7 12 -10 11 -11 -1 -14
right_child=1 2 3 -5 5 6 -8 -9 9 10 -12 -13 13 -15
leaf_value=0.0015403226533499835 -0.00018603891067823372 -0.00046572069477516192 0.00031140113490218068 -0.00082694579535620314 3.8744664049792381e-05 -0.00024688394232348415 7.8016194019424624e-05 -4.9917371309550947e-05 -0.00077104353028678693 0.0030936103181240572 -0.0013718837092941854 1.234600853952839e-06 -0.0025080213637517891 0.000728477760376146
leaf_weight=26 216 56 402 13.999999999999998 363 596 276 52 73 68 61 133 85 61
leaf_count=26 216 56 402 14 363 596 276 52 73 68 61 133 85 61
internal_value=0 0.000825195 0.0020727 0.00300787 0 -0.000389257 -0.00106675 -0.00194301 0 0.000654401 0.00213045 0.00309007 0 -9.23497e-05
internal_weight=0 688 472 416 1794 1287 924 648 507 335 262 201 172 146
internal_count=2482 688 472 416 1794 1287 924 648 507 335 262 201 172 146
is_linear=0
shrinkage=0.139904


Tree=235
num_leaves=13
num_cat=0
split_feature=0 2 0 0 6 0 2 2 0 0 0 0
split_gain=0.000933299 0.0249705 0.0248393 0.0228891 0.0538195 0.251527 0.0140286 0.00733515 0.00178651 0.000147757 4.01169e-05 0.00019632
threshold=-0.21442804194293807 -0.22972545297896871 -0.85949173773448984 0.78831815129098548 1.0000000180025095e-35 -0.12421899179812244 1.3168710414888449 3.6367657831905649 -1.01349757425266 -0.15273372432751067 0.40251513421133661 0.20442315592537938
decision_type=2 2 2 2 2 2 2 2 2 2 2 2
left_child=2 3 8 4 5 -2 -3 -8 -1 -6 11 -11
right_child=1 6 -4 -5 9 -7 7 -9 -10 10 -12 -13
leaf_value=0.00039089542177918069 0.0089641908456941644 0.00012595626347611152 9.1126171385114618e-05 0.00016344532809683778 -0.0024203638467150644 -0.0014115382468289307 -0.00015707796267463243 0.019114384528335023 -0.00067966716353901372 -2.1290828279067343e-05 -0.00064474885862061612 0.0082070984250716891
leaf_weight=150 21 475 845 116 62 178 158 17 195 212 17 36
leaf_count=150 21 475 845 116 62 178 158 17 195 212 17 36
internal_value=0 -0.000118572 0 -0.000883654 -0.00133818 -0.00312003 0 0 0 0 0 5.54562e-05
internal_weight=0 1292 1190 642 526 199 650 175 345 327 265 248
internal_count=2482 1292 1190 642 526 199 650 175 345 327 265 248
is_linear=0
shrinkage=0.139904


Tree=236
num_leaves=3
num_cat=0
split_feature=2 2
split_gain=1.47309e-05 0.0106158
threshold=0.28580671184363571 1.3168710414888449
decision_type=2 2
left_child=-1 -2
right_child=1 -3
leaf_value=-1.2683791863577343e-05 0.00023652693933217338 -8.1880108195851708e-06
leaf_weight=1794 408 280
leaf_count=1794 408 280
internal_value=0 2.03635e-05
internal_weight=0 688
internal_count=2482 688
is_linear=0
shrinkage=0.139904


Tree=237
num_leaves=4
num_cat=0
split_feature=1 1 1
split_gain=0.0155694 0.0272898 0.00105575
threshold=0.42928313781254618 0.97702556840925903 -0.30104010298307088
decision_type=2 2 2
left_child=2 -2 -1
right_child=1 -3 -4
leaf_value=7.8606807062281872e-05 -8.7069311813892621e-05 8.0151769672929149e-05 1.6724196796203822e-05
leaf_weight=878 780 387 437
leaf_count=878 780 387 437
internal_value=0 -0.000309897 0.000381014
internal_weight=0 1167 1315
internal_count=2482 1167 1315
is_linear=0
shrinkage=0.139904


Tree=238
num_leaves=8
num_cat=0
split_feature=1 3 1 1 1 1 1
split_gain=0.000273344 0.0124122 0.0181687 0.0289347 0.00528802 0.0973244 1.30095e-05
threshold=0.42928313781254618 -0.86158447112794823 -0.605341453314578 0.18584205754734043 -1.2748044240438936 0.36842286774624472 0.97702556840925903
decision_type=2 2 2 2 2 2 2
left_child=1 4 -3 -4 -1 -6 -2
right_child=6 2 3 -5 5 -7 -8
leaf_value=0.00079231064301978223 -7.4887967871059899e-05 5.9905975545913699e-07 0.00050058400588377154 -5.9741671118451925e-05 -0.00065634218096961752 0.0062693720661487944 6.8938217461784213e-05
leaf_weight=78 780 602 274 139 199 23 387
leaf_count=78 780 602 274 139 199 23 387
internal_value=0 6.36087e-05 0.000492823 0.00119866 0 -0.000671823 0
internal_weight=0 1315 1015 413 300 222 1167
internal_count=2482 1315 1015 413 300 222 1167
is_linear=0
shrinkage=0.139904


Tree=239
num_leaves=15
num_cat=0
split_feature=0 0 1 1 1 0 1 1 2 2 2 1 0 5
split_gain=0.00938596 0.0142368 0.084285 0.042711 0.0182453 0.00179819 0.0212902 0.00930414 0.0165085 0.0226054 0.00182198 0.0018073 0.000918411 0.000207968
threshold=-0.85949173773448984 -0.086505958452802498 -1.1530838839112907 -0.84878253357978373 0.064121517414737511 0.06566021790218142 -1.5791057743754007 0.67272421807775196 1.8324032063114493 -0.74525761780157318 -1.0030237002128752 1.2204666486744649 0.081034520694524409 3.4539792430103859
decision_type=2 2 2 2 2 2 2 2 2 2 2 2 2 2
left_child=-1 2 -2 -4 -5 6 -3 8 9 -7 -8 -12 -11 -6
right_child=1 5 3 4 13 7 10 -9 -10 12 11 -13 -14 -15
leaf_value=-0.00016115034356907631 -0.00058977167064471088 0.00055517000042295964 0.0015571877641396695 -0.00017968336975641655 0.00018435032320901878 -0.00013649256906636651 0.0014220646190881024 -0.00013738085282707216 -4.790867292830168e-05 -1.5986134981109278e-07 -0.00073409247046647892 0.00045539490085404866 9.2570454063144563e-05 -0.0034621784743951922
leaf_weight=345 138 10.999999999999998 104 127 695 114 13.999999999999998 151 75 9.9999999999999982 158 11.999999999999998 520 7.9999999999999991
leaf_count=345 138 11 104 127 695 114 14 151 75 10 158 12 520 8
internal_value=0 0.000300201 0.00066123 0.00150129 1.69101e-05 0 -0.000415731 1.61391e-05 0.000501044 0.000880941 -0.00153651 -0.00165782 0.00132822 0.000709289
internal_weight=0 2137 1072 934 830 1065 195 870 719 644 184 170 530 703
internal_count=2482 2137 1072 934 830 1065 195 870 719 644 184 170 530 703
is_linear=0
shrinkage=0.139904


Tree=240
num_leaves=4
num_cat=0
split_feature=3 3 3
split_gain=0.00416154 0.00339176 0.00131214
threshold=1.0000000180025095e-35 1.1798977793155532 -0.86158447112794823
decision_type=2 2 2
left_child=2 -2 -1
right_child=1 -3 -4
leaf_value=-2.9947795240801852e-06 4.6545902204700335e-05 -3.152453128734724e-07 -6.7405761335495972e-05
leaf_weight=578 766 333 805
leaf_count=578 766 333 805
internal_value=0 0.000202487 -0.000161125
internal_weight=0 1099 1383
internal_count=2482 1099 1383
is_linear=0
shrinkage=0.139904


Tree=241
num_leaves=8
num_cat=0
split_feature=1 2 2 1 2 1 2
split_gain=0.00193891 0.0185693 0.0110217 0.048239 0.00954758 0.0407046 0.0395843
threshold=0.42928313781254618 1.0591049590775425 -0.74525761780157318 -1.6399660444417019 0.28580671184363571 0.97702556840925903 -1.0030237002128752
decision_type=2 2 2 2 2 2 2
left_child=1 2 -1 -4 5 6 -2
right_child=4 -3 3 -5 -6 -7 -8
leaf_value=-2.2499988402263218e-06 0.0014975522395487171 -7.1802884411193343e-05 -0.00056582609051777357 0.00022741364743658567 0.00012655235114351302 0.00015897795942730749 -0.00021222743604709315
leaf_weight=207 63 290 101 717 167 383 554
leaf_count=207 63 290 101 717 167 383 554
internal_value=0 0.000169411 0.000623573 0.000864729 0 -0.000430718 -0.00125517
internal_weight=0 1315 1025 818 1167 1000 617
internal_count=2482 1315 1025 818 1167 1000 617
is_linear=0
shrinkage=0.139904


Tree=242
num_leaves=18
num_cat=0
split_feature=2 0 1 1 0 2 1 0 1 1 1 0 0 0 0 0 0
split_gain=0.00174402 0.0759173 0.0773736 0.0473294 0.00579328 0.0283245 0.055674 0.00396685 0.0571253 0.032409 0.000438481 0.00890773 0.00137789 0.00154254 0.000327023 0.000191439 5.45256e-05
threshold=0.28580671184363571 -0.56554032451678737 -1.8225468546406065 0.85530502827665622 -1.1080429662107008 2.0901692887227514 -1.8834071247069077 -0.023497597863670595 -1.8225468546406065 0.91616529834295768 0.24670232761364183 -0.2437969024052343 -0.53091529215967304 -1.0353106876161549 0.66552083539829743 -0.27369138005701216 -0.53794542206899221
decision_type=2 2 2 2 2 2 2 2 2 2 2 2 2 2 2 2 2
left_child=7 4 -3 -4 -2 6 -6 10 14 -10 -1 12 13 -12 -9 -14 -15
right_child=1 2 3 -5 5 -7 -8 8 9 -11 11 -13 15 16 -16 -17 -18
leaf_value=-0.0001181743208320957 0.01119284471565948 -0.00039793401105500513 0.00027764276344870869 -0.00075293685126467534 0.00031779775520150293 0.00074032026672938623 -0.0006454499463470375 -0.00085592096112741846 -0.00021178199011061429 0.00010383591690859111 -0.00038042081219380908 0.000306854359800733 -0.00042694374440630536 0.00041286578928196308 0.0027693075445012184 -0.00079052831936396689 0.00062339871562152802
leaf_weight=338 13.999999999999998 56 402 13.999999999999998 10.999999999999998 10.999999999999998 180 12.999999999999998 532 70 68 267 223 219 24 32 7.9999999999999991
leaf_count=338 14 56 402 14 11 11 180 13 532 70 68 267 223 219 24 32 8
internal_value=0 0.000221571 0.00178082 0.00267738 0 -0.000736014 -0.001835 0 -0.0003466 -0.00140088 0 0.000102037 0 0 0 -0.000320642 0.000358957
internal_weight=0 688 472 416 216 202 191 1794 639 602 1155 817 550 295 37 255 227
internal_count=2482 688 472 416 216 202 191 1794 639 602 1155 817 550 295 37 255 227
is_linear=0
shrinkage=0.139904


Tree=243
num_leaves=12
num_cat=0
split_feature=3 6 5 0 5 4 4 0 0 0 0
split_gain=0.0048667 0.0243942 0.0701389 0.0132493 0.0137372 0.00126494 0.000765261 0.000654418 0.00822328 0.00416261 0.000477873
threshold=1.0000000180025095e-35 1.0000000180025095e-35 -1.214017751899376 -1.1080429662107008 2.2869799942829454 1.3401069926887506 -1.518634353124295 -0.18019722247793515 -1.0465457550413289 0.33536753825503535 -0.132497462532461
decision_type=2 2 2 2 2 2 2 2 2 2 2
left_child=1 2 -1 -4 5 -5 -3 8 -2 10 -9
right_child=7 6 3 4 -6 -7 -8 9 -10 -11 -12
leaf_value=0.00063760840017064696 -0.00068992870805876356 -0.0092769898059012687 0.0038665983937369816 -0.00016922203968321652 0.011174939953489763 0.00059617001612225656 0.00020653069964743365 0.00014150191698713538 0.00024392960905458705 0.00020163553426061413 -7.8778193069841863e-05
leaf_weight=56 55 36 14.999999999999998 792 10.999999999999998 7.9999999999999991 465 30 490 270 254
leaf_count=56 55 36 15 792 11 8 465 30 490 270 254
internal_value=0 -0.000261752 -0.000802499 -0.00152798 -0.00164147 -0.00175048 0 0 0.000152287 0 -0.000528843
internal_weight=0 1383 882 826 811 800 501 1099 545 554 284
internal_count=2482 1383 882 826 811 800 501 1099 545 554 284
is_linear=0
shrinkage=0.139904


Tree=244
num_leaves=14
num_cat=0
split_feature=1 5 1 1 5 5 1 5 1 4 6 1 1
split_gain=0.00576186 0.0658712 0.0728443 0.00459209 0.0351792 0.0620357 0.008341 0.00497002 0.0151091 0.00935017 0.00330135 0.0109721 0.0119199
threshold=0.42928313781254618 1.0000000180025095e-35 1.4030474588733692 -0.605341453314578 -1.214017751899376 1.1199807455555051 -1.5182455043090994 -1.214017751899376 -0.78792226351348227 -1.518634353124295 1.0000000180025095e-35 0.55100367794514904 1.2813269187407663
decision_type=2 2 2 2 2 2 2 2 2 2 2 2 2
left_child=3 2 -2 6 -5 -6 -1 -8 9 -9 -3 -12 -13
right_child=1 10 -4 4 5 -7 7 8 -10 -11 11 12 -14
leaf_value=0.00023233389017082677 -0.00016504086334511689 -4.8527938984227657e-05 0.001350620278374943 -0.0017215534387580362 0.00037647271960517919 -0.0002641721792767837 0.00053377033583966991 0.0013845995638033974 2.7722736153240013e-05 -8.1442657504415304e-05 -0.00070730854755543602 0.00029126695262711585 -0.0019928164915804522
leaf_weight=242 566 206 35 26 488 37 21 10.999999999999998 52 438 58 251 51
leaf_count=242 566 206 35 26 488 37 21 11 52 438 58 251 51
internal_value=0 -0.000309897 -0.00151817 0 0.00040123 0.00120928 0 -0.000555366 -0.000715924 -0.0011041 0 0.000419424 0.000950363
internal_weight=0 1167 601 1315 551 525 764 522 501 449 566 360 302
internal_count=2482 1167 601 1315 551 525 764 522 501 449 566 360 302
is_linear=0
shrinkage=0.139904


Tree=245
num_leaves=10
num_cat=0
split_feature=1 2 1 0 2 0 0 2 0
split_gain=0.00274003 0.0148116 0.0119181 0.0201936 0.0184483 0.00816945 0.00797652 0.00512446 0.0157062
threshold=-0.30104010298307088 1.0591049590775425 1.2204666486744649 -0.86527352681878966 2.0901692887227514 -0.84654841444350015 2.9818500872959501 -1.0030237002128752 0.26125551453810009
decision_type=2 2 2 2 2 2 2 2 2
left_child=1 5 3 -2 7 -1 -7 -5 -9
right_child=2 -3 -4 4 -6 6 -8 8 -10
leaf_value=-0.00012111353905307051 0.00019959290353351979 -6.6270921833750908e-05 0.00035965632058156653 2.6864941815645043e-06 0.0064517368229722316 0.00014529274282359662 -0.0014259625323706396 -0.0001256883052368954 2.4189983875815971e-05
leaf_weight=85 194 236 167 108 19 536 21 878 238
leaf_count=85 194 236 167 108 19 536 21 878 238
internal_value=0 0 -0.000182439 -0.000445695 -0.000738638 0.000668192 0.000892795 -0.000920468 -0.00100896
internal_weight=0 878 1604 1437 1243 642 557 1224 1116
internal_count=2482 878 1604 1437 1243 642 557 1224 1116
is_linear=0
shrinkage=0.139904


Tree=246
num_leaves=16
num_cat=0
split_feature=6 1 1 0 0 0 0 1 0 1 0 0 0 0 0
split_gain=0.00738784 0.0554205 0.0980862 0.145997 0.187092 0.0306586 0.0335525 0.0162542 0.0477561 0.0535996 0.00563185 0.0103602 0.00170001 0.0257243 0.00104368
threshold=1.0000000180025095e-35 0.42928313781254618 1.2204666486744649 -1.1509464693021534 0.35954592897119847 -0.85949173773448984 0.40251513421133661 1.3421871888070676 -0.14465236003922782 0.12498178748103896 -0.35273106492533945 -0.63794409236790661 0.26125551453810009 -0.93544342161461114 1.7584760787770368
decision_type=2 2 2 2 2 2 2 2 2 2 2 2 2 2 2
left_child=1 12 3 -3 -5 -2 7 8 10 -10 11 -7 13 -1 -14
right_child=5 2 -4 4 -6 6 -8 -9 9 -11 -12 -13 14 -15 -16
leaf_value=-0.00063783380114386618 -0.0032456338343259186 0.037977494751952015 0.030898402800464308 -0.00039347713768802281 0.00038593105639931849 -0.00022730571727984402 -0.0007255091348598602 -0.00030529464770128617 -0.000445713951628504 0.00071868717407609672 -0.00098445500466842013 0.00043774675425009769 -0.00016668044047530488 0.00013200335239233507 5.9421593489378999e-05
leaf_weight=100 94 7.9999999999999991 11.999999999999998 315 81 55 44 63 11.999999999999998 268 211 153 339 606 121
leaf_count=100 94 8 12 315 81 55 44 63 12 268 211 153 339 606 121
internal_value=0 -0.000272991 -0.00168591 -0.00275549 -0.00385079 0.0001698 0.000877488 0.00129138 0.0015056 0.00297083 0 0.000715504 0 0.00021598 0
internal_weight=0 1582 416 404 396 900 806 762 699 280 419 208 1166 706 460
internal_count=2482 1582 416 404 396 900 806 762 699 280 419 208 1166 706 460
is_linear=0
shrinkage=0.139904


Tree=247
num_leaves=15
num_cat=0
split_feature=3 1 6 1 5 2 1 1 1 1 2 2 2 2
split_gain=0.00932784 0.0358708 0.0860655 0.0595806 0.0638537 0.0069021 0.012868 0.0189912 0.0124518 0.00250797 0.00170237 0.00923428 0.00018515 0.000107455
threshold=1.0000000180025095e-35 -1.5182455043090994 1.0000000180025095e-35 1.2204666486744649 -1.214017751899376 1.3168710414888449 -0.97050307371238664 -0.4227606431156738 1.1596063786081634 -0.057599022717865239 -0.48749153539027096 -0.74525761780157318 0.54357279425493799 2.0901692887227514
decision_type=2 2 2 2 2 2 2 2 2 2 2 2 2 2
left_child=1 12 3 4 -3 6 -2 -8 9 -9 11 -4 -1 -7
right_child=5 2 10 -5 -6 13 7 8 -10 -11 -12 -13 -14 -15
leaf_value=-0.00033675784789224901 0.00042763456242714851 0.00044989750808889251 0.00037373235940545179 0.015820250728181922 -0.00022342582462750568 -0.0013129358110646502 -0.00094329445573019947 0.00010589568979824642 -0.00019788483699399744 0.00025331145306875904 0.00034131007545503181 -0.0012187174622478962 0.0028903002949001127 0.00076346769712092326
leaf_weight=64 216 41 172 9.9999999999999982 719 88 72 80 97 508 205 124 48 38
leaf_count=64 216 41 172 10 719 88 72 80 97 508 205 124 48 38
internal_value=0 -0.000362379 -0.000831903 -0.00181804 -0.00220639 0 0.000371224 0 0.000323571 0.000728802 0 0 0 0
internal_weight=0 1383 1271 770 760 1099 973 757 685 588 501 296 112 126
internal_count=2482 1383 1271 770 760 1099 973 757 685 588 501 296 112 126
is_linear=0
shrinkage=0.139904


Tree=248
num_leaves=13
num_cat=0
split_feature=0 1 1 0 2 0 1 2 0 1 1 1
split_gain=0.0071628 0.0452038 0.0340722 0.0225303 0.0332711 0.0212186 0.0185492 9.03865e-05 0.00535961 2.05957e-05 0.00414201 0.00324829
threshold=-0.097018302242438778 -1.4573852342427978 1.4030474588733692 -0.37474128473489016 -1.0030237002128752 3.8717856912373398 -1.4573852342427978 1.0591049590775425 0.66552083539829743 0.30756259767994326 0.97702556840925903 -1.4573852342427978
decision_type=2 2 2 2 2 2 2 2 2 2 2 2
left_child=3 7 5 9 -5 -3 -6 8 -2 11 -11 -1
right_child=1 2 -4 4 6 -7 -8 -9 -10 10 -12 -13
leaf_value=-0.00046458174741638544 -0.00025364654628381474 -0.00011771844827737112 0.0037108472409292845 -0.00072882965187249062 -0.00023474194560772115 0.0065592885086500768 0.00033014034594162071 -0.0002417287938072002 0.0015689429801446909 -6.3413952658862669e-05 3.1959135415144108e-05 0.000256324920653464
leaf_weight=76 47 889 9.9999999999999982 45 33 9.9999999999999982 389 68 59 284 206 366
leaf_count=76 47 889 10 45 33 10 389 68 59 284 206 366
internal_value=0 -0.000205458 -0.00100787 0.000258774 0.0010622 -0.00132772 0.00166234 0 0.000124947 0 -2.84708e-05 0
internal_weight=0 1083 909 1399 467 899 422 174 106 932 490 442
internal_count=2482 1083 909 1399 467 899 422 174 106 932 490 442
is_linear=0
shrinkage=0.139904


Tree=249
num_leaves=7
num_cat=0
split_feature=1 2 1 1 2 2
split_gain=0.00733843 0.0245341 0.0406048 0.0157533 0.0156399 0.000107455
threshold=-0.30104010298307088 1.0591049590775425 -1.0922236138449894 1.2204666486744649 0.28580671184363571 1.5746371239001469
decision_type=2 2 2 2 2 2
left_child=1 2 -1 4 -2 -3
right_child=3 5 -4 -5 -6 -7
leaf_value=-3.239174517321918e-05 -8.3687929374078604e-05 -0.00042230817479616673 0.00025769855621579212 0.00033265189513010355 3.6788026647144392e-05 0.00020045772173730289
leaf_weight=331 1159 88 311 167 278 148
leaf_count=331 1159 88 311 167 278 148
internal_value=0 0.00017402 0.000883654 -0.000269264 -0.00054256 0
internal_weight=0 878 642 1604 1437 236
internal_count=2482 878 642 1604 1437 236
is_linear=0
shrinkage=0.139904


Tree=250
num_leaves=16
num_cat=0
split_feature=3 1 2 1 2 2 1 2 1 1 2 2 1 2 1
split_gain=0.00519341 0.0316192 0.079004 0.318871 0.0494292 0.00657539 0.0239419 0.00726858 0.00152474 0.0192477 0.0254912 0.0489639 0.016832 0.031388 0.000107455
threshold=1.0000000180025095e-35 -1.2748044240438936 0.54357279425493799 0.49014340787884753 0.54357279425493799 1.3168710414888449 0.49014340787884753 -0.74525761780157318 -0.30104010298307088 1.0378858384755605 -0.48749153539027096 -1.0030237002128752 -1.0922236138449894 -1.0030237002128752 -1.3965249641764965
decision_type=2 2 2 2 2 2 2 2 2 2 2 2 2 2 2
left_child=1 4 8 -4 14 6 7 -2 12 10 11 -10 -3 -14 -1
right_child=5 2 3 -5 -6 -7 -8 -9 9 -11 -12 -13 13 -15 -16
leaf_value=-0.00034206828419483385 1.3325132813026663e-05 -0.00087601632150467994 -0.0008065294895951569 0.0035064215955673116 0.0019932607985599505 -0.00028152439442371034 -1.6355487103716197e-05 0.00025791080959044333 0.0010555020550968147 0.0001925128199689656 5.1919086183169512e-06 -0.00072484872033604618 -0.0064874242805286484 0.0028666813837725999 0.0032537745832243712
leaf_weight=88 104 36 163 55 82 126 435 434 58 171 344 215 11.999999999999998 133 26
leaf_count=88 104 36 163 55 82 126 435 434 58 171 344 215 12 133 26
internal_value=0 -0.000261752 -0.000773272 -0.00316739 0 7.60278e-05 0.000371224 0.00105218 0 -0.000193712 -0.000806994 -0.00179731 0 0.00147068 0
internal_weight=0 1383 1187 218 196 1099 973 538 969 788 617 273 181 145 114
internal_count=2482 1383 1187 218 196 1099 973 538 969 788 617 273 181 145 114
is_linear=0
shrinkage=0.139904


Tree=251
num_leaves=9
num_cat=0
split_feature=2 0 0 0 2 0 0 0
split_gain=0.0191708 0.0440317 0.0432026 0.0246161 0.0139871 0.0560337 0.00346478 0.00619758
threshold=0.28580671184363571 -1.000160038069559 -0.023497597863670595 0.62353716238843793 -1.0030237002128752 0.78831815129098548 1.4971129313072067 2.4948657612410532
decision_type=2 2 2 2 2 2 2 2
left_child=2 -2 -1 -3 -4 -6 -7 -8
right_child=1 3 4 -5 5 6 7 -9
leaf_value=2.1944515456628056e-05 -0.00076977192040630872 0.00019447504974738595 3.3537956500982735e-05 5.7901059254506233e-06 -0.00021628567315914421 0.00040955026091716126 -0.0015638076452905796 0.00085296504814243385
leaf_weight=1155 52 444 51 192 418 97 51 22
leaf_count=1155 52 444 51 192 418 97 51 22
internal_value=0 0.000623987 -0.000240863 0.00132684 -0.00121245 -0.00143382 0 0
internal_weight=0 688 1794 636 639 588 170 73
internal_count=2482 688 1794 636 639 588 170 73
is_linear=0
shrinkage=0.139904


Tree=252
num_leaves=18
num_cat=0
split_feature=2 0 1 1 0 0 2 0 1 1 0 2 2 1 1 1 1
split_gain=0.00246575 0.0236291 0.0480016 0.0429166 0.0433393 0.0334433 0.0339892 0.0200501 0.041407 0.0404241 0.0416399 0.00593046 0.00132729 0.00600787 0.0187413 6.59453e-05 0.00916834
threshold=0.28580671184363571 -0.69129423710031046 -1.8225468546406065 0.91616529834295768 0.14870773384030736 -0.34359846625809298 -1.0030237002128752 -0.56554032451678737 -1.8225468546406065 0.55100367794514904 -0.53091529215967304 1.0000000180025095e-35 -0.74525761780157318 0.6118639480114505 -0.78792226351348227 0.49014340787884753 -1.5791057743754007
decision_type=2 2 2 2 2 2 2 2 2 2 2 2 2 2 2 2 2
left_child=1 12 -3 4 5 6 -4 15 -9 10 -10 -7 -1 14 -14 16 -2
right_child=7 2 3 -5 -6 11 -8 8 9 -11 -12 -13 13 -15 -16 -17 -18
leaf_value=-0.00051903218634143512 0.00014326665814202633 0.00073823686530477615 0.0045845969671792948 8.0383497201179838e-05 -0.00022681822942112508 0.00027329861530608191 -0.000927239981998681 -0.00029581634847926992 -0.00020199192073714177 -0.00025367643368382484 0.00033520505113702738 -0.0024997781557020756 -0.00030635015218415915 -4.3260618923699927e-06 0.0018754762780306413 0.0023040905817408542 -0.0013619395872485212
leaf_weight=109 24 50 9.9999999999999982 324 402 425 185 56 13.999999999999998 58 344 24 67 107 91 68 124
leaf_count=109 24 50 10 324 402 425 185 56 14 58 344 24 67 107 91 68 124
internal_value=0 -0.000163195 -0.000598032 -0.00102605 -0.00147448 0 -0.00179872 2.03635e-05 0.000905179 0.00168591 0.00233653 0 0 0.000308868 0.000931903 0 -9.11605e-05
internal_weight=0 1794 1420 1370 1046 644 195 688 472 416 358 449 374 265 158 216 148
internal_count=2482 1794 1420 1370 1046 644 195 688 472 416 358 449 374 265 158 216 148
is_linear=0
shrinkage=0.139904


Tree=253
num_leaves=2
num_cat=0
split_feature=3
split_gain=0.0154438
threshold=1.0000000180025095e-35
decision_type=2
left_child=-1
right_child=-2
leaf_value=-3.4299464243694612e-05 6.2362825511807929e-05
leaf_weight=1383 1099
leaf_count=1383 1099
internal_value=0
internal_weight=0
internal_count=2482
is_linear=0
shrinkage=0.139904


Tree=254
num_leaves=3
num_cat=0
split_feature=3 3
split_gain=0.00416154 0.00131214
threshold=1.0000000180025095e-35 -0.86158447112794823
decision_type=2 2
left_child=1 -1
right_child=-2 -3
leaf_value=-7.238112805448686e-06 5.3638017528365563e-05 -9.8981296714766777e-05
leaf_weight=578 1099 805
leaf_count=578 1099 805
internal_value=0 -0.000161125
internal_weight=0 1383
internal_count=2482 1383
is_linear=0
shrinkage=0.139904


Tree=255
num_leaves=3
num_cat=0
split_feature=4 4
split_gain=0.000380344 0.0030735
threshold=1.0000000180025095e-35 -1.518634353124295
decision_type=2 2
left_child=1 -1
right_child=-2 -3
leaf_value=-4.3334544965919927e-05 -1.565295428069019e-05 0.0001029706280431008
leaf_weight=208 1539 735
leaf_count=208 1539 735
internal_value=0 8.85081e-05
internal_weight=0 943
internal_count=2482 943
is_linear=0
shrinkage=0.139904


Tree=256
num_leaves=5
num_cat=0
split_feature=0 0 0 0
split_gain=0.00350864 0.044055 0.0177492 0.00178651
threshold=-0.17540096562391369 -0.85949173773448984 0.44141080623299073 -1.01349757425266
decision_type=2 2 2 2
left_child=1 3 -2 -1
right_child=2 -3 -4 -5
leaf_value=0.00055869911651988842 -8.3906727163079309e-05 0.0001124107863937394 4.6539567646101452e-05 -0.00066125498514650973
leaf_weight=150 723 909 505 195
leaf_count=150 723 909 505 195
internal_value=0 0.000233063 -1.14619e-05 0
internal_weight=0 1254 1228 345
internal_count=2482 1254 1228 345
is_linear=0
shrinkage=0.139904


Tree=257
num_leaves=5
num_cat=0
split_feature=4 3 3 3
split_gain=0.000380344 0.0014079 0.00361612 0.00129617
threshold=1.0000000180025095e-35 1.0000000180025095e-35 -0.86158447112794823 -0.86158447112794823
decision_type=2 2 2 2
left_child=3 2 -2 -1
right_child=1 -3 -4 -5
leaf_value=-2.903375945939907e-05 3.7889321426962587e-07 9.6684069099062299e-05 -0.00025876705780730113 8.4490016372849473e-05
leaf_weight=227 351 685 503 716
leaf_count=227 351 685 503 716
internal_value=0 0 -0.000178868 8.85081e-05
internal_weight=0 1539 854 943
internal_count=2482 1539 854 943
is_linear=0
shrinkage=0.139904


Tree=258
num_leaves=5
num_cat=0
split_feature=0 0 0 0
split_gain=0.00187099 0.0171916 0.0100025 0.0026697
threshold=-0.11298392437294873 -0.56554032451678737 0.06566021790218142 -0.086505958452802498
decision_type=2 2 2 2
left_child=1 -1 3 -2
right_child=2 -3 -4 -5
leaf_value=-2.4667755210041492e-05 0.00010748603859539188 8.3517159706822183e-05 2.020502063415343e-05 -0.00031721049701256414
leaf_weight=690 54 673 870 195
leaf_count=690 54 673 870 195
internal_value=0 0.000163476 0 -0.000873963
internal_weight=0 1363 1119 249
internal_count=2482 1363 1119 249
is_linear=0
shrinkage=0.139904


Tree=259
num_leaves=8
num_cat=0
split_feature=0 0 3 0 0 0 0
split_gain=0.000989772 0.0253445 0.0121983 0.0214791 2.12804e-05 0.0153454 0.00400183
threshold=-0.17540096562391369 0.06566021790218142 1.0000000180025095e-35 -1.0465457550413289 -0.45424088464401396 -1.0992388782868801 -0.34359846625809298
decision_type=2 2 2 2 2 2 2
left_child=2 -2 4 -4 5 -1 -6
right_child=1 -3 3 -5 6 -7 -8
leaf_value=0.0037179354467857294 -0.0001448551606947199 1.7378257672891909e-05 -0.00082817665130403622 0.00014977351340657321 0.0023346115357280404 -0.00026305540954150026 -0.00061894439816430249
leaf_weight=41 358 870 55 492 83 433 150
leaf_count=41 358 870 55 492 83 433 150
internal_value=0 -0.000124715 1.12256e-05 0.000656513 0 -2.94173e-05 0
internal_weight=0 1228 1254 547 707 474 233
internal_count=2482 1228 1254 547 707 474 233
is_linear=0
shrinkage=0.139904


Tree=260
num_leaves=5
num_cat=0
split_feature=0 0 0 0
split_gain=0.000590841 0.0166154 0.00968909 0.000429421
threshold=-0.086505958452802498 0.44141080623299073 -1.0353106876161549 -0.11298392437294873
decision_type=2 2 2 2
left_child=2 -2 -1 -4
right_child=1 -3 3 -5
leaf_value=-0.00050270306286939531 -8.9539327731016002e-05 2.8606908784410748e-05 5.0878864208298507e-05 0.00011271412780004975
leaf_weight=120 560 505 1243 54
leaf_count=120 560 505 1243 54
internal_value=0 -7.84384e-05 5.90535e-05 0.000386272
internal_weight=0 1065 1417 1297
internal_count=2482 1065 1417 1297
is_linear=0
shrinkage=0.139904


Tree=261
num_leaves=11
num_cat=0
split_feature=3 0 0 0 0 0 0 0 0 0
split_gain=0.000326712 0.0231536 0.0326266 0.0103407 0.00929348 0.00326722 0.0132488 0.00136016 0.00671223 0.000852937
threshold=1.0000000180025095e-35 -0.18019722247793515 1.0000000180025095e-35 -1.0465457550413289 -0.132497462532461 2.4948657612410532 0.3448943498143931 -0.24911877644873756 -1.0992388782868801 -0.023497597863670595
decision_type=2 2 2 2 2 2 2 2 2 2
left_child=5 3 4 -2 -3 6 7 8 -1 -9
right_child=1 2 -4 -5 -6 -7 -8 9 -10 -11
leaf_value=0.0032681116143845838 -0.00064198127193145112 -1.2799794533523928e-05 0.00011995925135781455 0.00012170144560503233 -0.00072025179618686176 0.0022319822320611016 -0.00024349152081966843 0.00030130596067491964 -0.00024452678687472836 1.3144798532988383e-05
leaf_weight=41 55 30 426 490 98 39 260 211 600 232
leaf_count=41 55 30 426 490 98 39 260 211 600 232
internal_value=0 7.60278e-05 0 0.000912193 -0.00217237 0 -0.000217541 0 -0.000129737 0.00018678
internal_weight=0 1099 554 545 128 1383 1344 1084 641 443
internal_count=2482 1099 554 545 128 1383 1344 1084 641 443
is_linear=0
shrinkage=0.139904


Tree=262
num_leaves=6
num_cat=0
split_feature=3 0 0 0 0
split_gain=0.00637599 0.0173643 0.0103407 0.00301209 0.00662527
threshold=1.0000000180025095e-35 -0.18019722247793515 -1.0465457550413289 -1.0992388782868801 2.4948657612410532
decision_type=2 2 2 2 2
left_child=3 2 -2 -1 -5
right_child=1 -3 -4 4 -6
leaf_value=0.0028108897667660625 -0.00055216553185789851 -3.8534127523491164e-06 0.00010467492803692462 -9.0497029534821093e-05 0.0019197190169667434
leaf_weight=41 55 554 490 1303 39
leaf_count=41 55 554 490 1303 39
internal_value=0 0.000328945 0.000912193 -6.04976e-05 -0.000217863
internal_weight=0 1099 545 1383 1342
internal_count=2482 1099 545 1383 1342
is_linear=0
shrinkage=0.139904


Tree=263
num_leaves=4
num_cat=0
split_feature=0 0 0
split_gain=0.000253769 0.00865691 0.00261
threshold=-0.086505958452802498 -0.85949173773448984 2.0994045283046758
decision_type=2 2 2
left_child=1 -1 -2
right_child=2 -3 -4
leaf_value=-0.00016973164945582739 -3.4041973066772342e-05 3.7602418906596697e-05 0.00028183393473380489
leaf_weight=345 975 1072 90
leaf_count=345 975 1072 90
internal_value=0 5.90535e-05 0
internal_weight=0 1417 1065
internal_count=2482 1417 1065
is_linear=0
shrinkage=0.139904


end of trees

feature_importances:
建物移轉總面積平方公尺=1672
house_age=1049
count_floor=648
建物現況格局-衛=217
time_index=191
建物現況格局-廳=119
電梯_無=68

parameters:
[boosting: gbdt]
[objective: quantile]
[metric: quantile]
[tree_learner: serial]
[device_type: cpu]
[data: ]
[valid: ]
[num_iterations: 487]
[learning_rate: 0.139904]
[num_leaves: 76]
[num_threads: 4]
[deterministic: 0]
[force_col_wise: 0]
[force_row_wise: 0]
[histogram_pool_size: -1]
[max_depth: 10]
[min_data_in_leaf: 8]
[min_sum_hessian_in_leaf: 0.001]
[bagging_fraction: 0.81425]
[pos_bagging_fraction: 1]
[neg_bagging_fraction: 1]
[bagging_freq: 0]
[bagging_seed: 400]
[feature_fraction: 0.694506]
[feature_fraction_bynode: 1]
[feature_fraction_seed: 30056]
[extra_trees: 0]
[extra_seed: 12879]
[early_stopping_round: 0]
[first_metric_only: 0]
[max_delta_step: 0]
[lambda_l1: 5.89879]
[lambda_l2: 7.32098]
[linear_lambda: 0]
[min_gain_to_split: 0]
[drop_rate: 0.1]
[max_drop: 50]
[skip_drop: 0.5]
[xgboost_dart_mode: 0]
[uniform_drop: 0]
[drop_seed: 17869]
[top_rate: 0.2]
[other_rate: 0.1]
[min_data_per_group: 100]
[max_cat_threshold: 32]
[cat_l2: 10]
[cat_smooth: 10]
[max_cat_to_onehot: 4]
[top_k: 20]
[monotone_constraints: ]
[monotone_constraints_method: basic]
[monotone_penalty: 0]
[feature_contri: ]
[forcedsplits_filename: ]
[refit_decay_rate: 0.9]
[cegb_tradeoff: 1]
[cegb_penalty_split: 0]
[cegb_penalty_feature_lazy: ]
[cegb_penalty_feature_coupled: ]
[path_smooth: 0]
[interaction_constraints: ]
[verbosity: -1]
[saved_feature_importance_type: 0]
[linear_tree: 0]
[max_bin: 255]
[max_bin_by_feature: ]
[min_data_in_bin: 3]
[bin_construct_sample_cnt: 200000]
[data_random_seed: 175]
[is_enable_sparse: 1]
[enable_bundle: 1]
[use_missing: 1]
[zero_as_missing: 0]
[feature_pre_filter: 1]
[pre_partition: 0]
[two_round: 0]
[header: 0]
[label_column: ]
[weight_column: ]
[group_column: ]
[ignore_column: ]
[categorical_feature: ]
[forcedbins_filename: ]
[precise_float_parser: 0]
[parser_config_file: ]
[objective_seed: 16083]
[num_class: 1]
[is_unbalance: 0]
[scale_pos_weight: 1]
[sigmoid: 1]
[boost_from_average: 1]
[reg_sqrt: 0]
[alpha: 0.5]
[fair_c: 1]
[poisson_max_delta_step: 0.7]
[tweedie_variance_power: 1.5]
[lambdarank_truncation_level: 30]
[lambdarank_norm: 1]
[label_gain: ]
[lambdarank_position_bias_regularization: 0]
[eval_at: ]
[multi_error_top_k: 1]
[auc_mu_weights: ]
[num_machines: 1]
[local_listen_port: 12400]
[time_out: 120]
[machine_list_filename: ]
[machines: ]
[gpu_platform_id: -1]
[gpu_device_id: -1]
[gpu_use_dp: 0]
[num_gpu: 1]

end of parameters

pandas_categorical:[]
