tree
version=v4
num_class=1
num_tree_per_iteration=1
label_index=0
max_feature_idx=6
objective=quantile
feature_names=建物移轉總面積平方公尺 house_age count_floor time_index 建物現況格局-廳 建物現況格局-衛 電梯_無
feature_infos=[-1.4352396666631275:10.586413882570094] [-1.9746975298063605:3.1375651557629598] [-1.1319067414185264:6.6010757309205399] [-1.3719550337388238:1.6902683419264284] [-2.2333196895775567:10.63101636658115] [-1.7975173762630965:9.8724751110113083] [0:1]
tree_sizes=1348 1323 988 857 1201 1096 1504 1724 938 1008 1625 1326 1249 1407 941 1680 1487 862 1382 1534 1877 1828 1899 2065 1330 1773 1408 1242 1900 1219 2039 2030 1671 2090 950 947 1143 1617 1489 1779 1587 1325 1508 1240 1377 1331 1497 1528 1821 1764 1424 1293 1295 1837 1484 867 1590 1490 1845 1104 1332 1813 1857 1777 1583 1311 1747 1780 1617 1670 1956 1623 2107 1812 2073 1872 1218 1867 2094 2079 1119 2077 2093 1798 1918 2081 1613 1378 1531 1264 2082 1630 1804 1419 1578 2056 1813 1529 2091 1390 1194 1258 1264 1791 2110 1812 2080 1432 1247 1685 2064 882 1699 2004 1907 2058 1707 1432 1583 1208 1487 1805 1720 1677 1838 2050 1404 1332 1751 1609 2010 1312 2082 1315 1809 1700 1839 1413 1787 1747 1410 1413 1857 1168 1510 1480 1033 1579 1759 2043 2011 2069 1506 1560 1764 1048 1619 1205 1786 950 1583 1894 1330 2011 1880 1333 1471 2094 956 1957 1496 1616 1811 1413 2067 1328 1517 1219 1870 1220 1297 2051 1674 1407 2052 1858 960 2040 977 978 1233 2040 2068 1416 1303 1803 2056 1119 2025 2116 1537 1570 1321 1698 1605 1240 1616 1603 1305 1268 882 1771 1761 1491 2077 1769 1637 953 1413 2056 1840 1521 2048 705 1033 1577 1233 1405 1400 1222 1326 1588 964 1047 962 1867 1076 1171 947 1238 864 1618 1024 1157 2084 992 1061 2044 1700 1285 1418 1790 1286 1315 1332 1716 920 1668 1595 989 1336 1233 1233 865 1312 2070 1341 1238 2017 1978 1554 1404 1868 1558 1760 772 1802 1322 1077 419 2094 1423 687 1852 1436 808 1220 1786 1859 1452 1151 1309 1898 1164 1504 1321 859 1774 597 686 1083 890 777 778 1682 966 610 1254 1303 1068 1717 1280 885 1787 1137 687 508 336 336 1500 1620 1692 1810 1408 1700 1426 793 1969 1072 1038 870 1323 774 862 1441 1420 697 1393 692 1143 1583 1152 1240 1127 1160 1713 1264 1032 1250 860 1493 1420 697 1615 1333 1331 1243 863 1715 1663 1533 1224 763 949 1867 1577 1406 976 609 786 1485 1427 1424 1485 1530 2027 2041 1497 2040 1719 1287 1465 1698 1667 1037 801 695 998 1271 1271 1644 803 1552

Tree=0
num_leaves=14
num_cat=0
split_feature=4 1 6 2 1 1 2 1 1 1 1 2 1
split_gain=50.361 24.3627 6.51189 2.1223 1.05177 0.979456 0.821195 0.177988 0.0727972 0.0415871 0.0267782 0.00755068 0.0234993
threshold=1.0000000180025095e-35 -0.84878253357978373 1.0000000180025095e-35 1.8324032063114493 -1.2748044240438936 0.91616529834295768 -0.48749153539027096 -0.36190037304937234 -0.36190037304937234 1.5247679990059719 1.4030474588733692 0.28580671184363571 -1.1530838839112907
decision_type=2 2 2 2 2 2 2 2 2 2 2 2 2
left_child=1 4 7 9 -1 8 -6 -2 -4 -3 -7 -8 -13
right_child=2 3 5 -5 6 10 11 -9 -10 -11 -12 12 -14
leaf_value=16.305905627178369 16.319530430194249 16.287109247289603 16.297979952320908 16.305546663538642 16.29594552274904 16.298808453653354 16.297694998935786 16.310698386655922 16.303403570323884 16.292705884364345 16.302059415449818 16.299990755681776 16.302833736100862
leaf_weight=157 455 585 5.9999999999999991 15.999999999999998 53 207 48 438 402 9.9999999999999982 31 4.9999999999999991 69
leaf_count=157 455 585 6 16 53 207 48 438 402 10 31 5 69
internal_value=16.3004 16.2958 16.3032 16.2928 16.3008 16.3009 16.3002 16.3046 16.3018 16.2925 16.3001 16.3004 16.3007
internal_weight=0 943 1539 611 332 646 175 893 408 595 238 122 74
internal_count=2482 943 1539 611 332 646 175 893 408 595 238 122 74
is_linear=0
shrinkage=1


Tree=1
num_leaves=13
num_cat=0
split_feature=0 1 0 0 0 1 0 1 0 0 1 1
split_gain=162.787 21.2312 7.09874 4.23515 3.77153 1.69353 0.790002 0.770712 0.280112 0.191685 0.00238086 0.0113165
threshold=-0.60036246331995724 -0.54448118324827655 -0.32349360876041372 -0.65923158854191988 -0.9407652956581144 0.30756259767994326 -0.46823544231396724 1.2813269187407663 -0.59195258828824826 -0.34359846625809298 -1.5182455043090994 -1.0922236138449894
decision_type=2 2 2 2 2 2 2 2 2 2 2 2
left_child=1 4 5 -3 -1 9 7 8 -7 -2 -6 -12
right_child=2 3 -4 -5 10 6 -8 -9 -10 -11 11 -13
leaf_value=-0.011710165532034069 0.0051736338193882599 -0.022299836069510189 0.010651852046678449 -0.0059567331560916037 0.0035239255705357842 0.00073597059294871982 0.00091194596389279376 0.0031961394715276457 -0.004359864002867803 -0.00054563693621298372 -0.0018303748984055792 0.00044287982809477209
leaf_weight=49 125 404 1470 48 38 5.9999999999999991 139 13.999999999999998 72 5.9999999999999991 38 73
leaf_count=49 125 404 1470 48 38 6 139 14 72 6 38 73
internal_value=0 -0.0107336 0.00397661 -0.0138499 -0.00257991 0.000260186 -0.000484035 -0.00239527 -0.0035461 0.00277704 0 -0.000114277
internal_weight=0 650 1832 452 198 362 231 92 78 131 149 111
internal_count=2482 650 1832 452 198 362 231 92 78 131 149 111
is_linear=0
shrinkage=0.0253571


Tree=2
num_leaves=9
num_cat=0
split_feature=0 0 0 6 0 0 5 0
split_gain=158.485 14.2273 6.91188 0.648919 0.529646 0.20376 0.00995972 0.0043086
threshold=-0.60036246331995724 -0.90147541074434934 -0.32349360876041372 1.0000000180025095e-35 -0.47099493255874675 -0.59195258828824826 1.0000000180025095e-35 -0.58144024449861209
decision_type=2 2 2 2 2 2 2 2
left_child=1 -1 3 7 5 -5 -7 -2
right_child=2 -3 -4 4 -6 6 -8 -9
leaf_value=-0.026954696585016195 0.0039720354820053745 -0.00673223182950306 0.010381752065954894 0.00071730851971511887 0.0010976427067523979 -0.0043234749948247893 -0.0018693405482646044 0.0040057638977623496
leaf_weight=293 8.9999999999999982 357 1470 6.9999999999999991 123 51 9.9999999999999982 162
leaf_count=293 9 357 1470 7 123 51 10 162
internal_value=0 -0.0105791 0.00393523 0.000260186 -6.79228e-05 -0.00214488 -0.00265113 0.00157793
internal_weight=0 650 1832 362 191 68 61 171
internal_count=2482 650 1832 362 191 68 61 171
is_linear=0
shrinkage=0.0253571


Tree=3
num_leaves=8
num_cat=0
split_feature=0 0 0 2 0 0 0
split_gain=153.717 16.0065 6.44299 2.15512 0.313231 0.0628823 0.0121228
threshold=-0.60036246331995724 -0.90147541074434934 -0.32349360876041372 1.3168710414888449 -0.47099493255874675 -0.32743573768152728 -0.54839206370994331
decision_type=2 2 2 2 2 2 2
left_child=1 -1 4 -3 6 -6 -2
right_child=2 3 -4 -5 5 -7 -8
leaf_value=-0.026271203893217812 0.0018173676250998465 -0.0078930205492857616 0.010118501034997765 -0.00018625641784425994 0.0029764532872225309 0.00073909370276205495 -0.0026656925531883093
leaf_weight=293 70 318 1470 39 201 9.9999999999999982 81
leaf_count=293 70 318 1470 39 201 10 81
internal_value=0 -0.0103859 0.00390764 -0.00579632 0.000329049 0.0010539 0
internal_weight=0 650 1832 357 362 211 151
internal_count=2482 650 1832 357 362 211 151
is_linear=0
shrinkage=0.0253571


Tree=4
num_leaves=12
num_cat=0
split_feature=5 1 6 2 2 1 1 1 1 1 2
split_gain=24.5568 17.6587 3.88099 1.59925 1.3841 0.615615 0.519788 0.299218 0.115883 0.10373 0.00794914
threshold=1.0000000180025095e-35 -0.90964280364608519 1.0000000180025095e-35 -0.48749153539027096 1.8324032063114493 1.2813269187407663 1.2204666486744649 -1.2748044240438936 1.2813269187407663 -0.36190037304937234 4.1522979480131701
decision_type=2 2 2 2 2 2 2 2 2 2 2
left_child=1 3 -2 7 6 -4 9 -1 -8 -3 -5
right_child=2 4 5 10 -6 -7 8 -9 -10 -11 -12
leaf_value=0.0051152387807095129 0.016344138236179053 -0.0026424163703273633 0.0027241710001339012 0.0051261953820822079 0.0050893517312993776 -0.01135431442690083 0.00044883213008416932 -0.0028998150791433842 -0.0051504319197077661 -0.0074866002959134833 0.011678475024301188
leaf_weight=49 728 73 411 291 21 51 28 56 76 693 4.9999999999999991
leaf_count=49 728 73 411 291 21 51 28 56 76 693 5
internal_value=0 -0.00221257 0.00281459 0.00190095 -0.00425419 0.000529553 -0.00442126 0 -0.000294074 -0.00475401 0.00287601
internal_weight=0 1292 1190 401 891 462 870 105 104 766 296
internal_count=2482 1292 1190 401 891 462 870 105 104 766 296
is_linear=0
shrinkage=0.0253571


Tree=5
num_leaves=11
num_cat=0
split_feature=0 1 0 0 0 1 0 1 0 1
split_gain=147.107 20.8567 6.17253 5.82714 3.52024 0.901598 0.610469 0.433035 0.241226 0.0334001
threshold=-0.60036246331995724 -0.54448118324827655 -0.41337414816180323 -0.79595775995587592 -0.9606073445610529 0.30756259767994326 0.16355641944316859 1.2204666486744649 0.14870773384030736 -0.24017983291676948
decision_type=2 2 2 2 2 2 2 2 2 2
left_child=1 4 5 -3 -1 9 8 -7 -4 -2
right_child=2 3 6 -5 -6 7 -8 -9 -10 -11
leaf_value=-0.010030217496988819 0.0050172823912150921 -0.02533296326090995 0.0048688192989370547 -0.0094710913619004949 -8.7709499559403728e-05 -0.0027348099514289104 0.01895617014035918 0.0017286726312918355 0.0035523746979434652 0.0015569155470422302
leaf_weight=43 74 300 830 152 155 114 748 26 22 18
leaf_count=43 74 300 830 152 155 114 748 26 22 18
internal_value=0 -0.0101154 0.00386626 -0.0131858 -0.00208326 0 0.00442469 -0.00126216 0.00325829 0.00187895
internal_weight=0 650 1832 452 198 232 1600 140 852 92
internal_count=2482 650 1832 452 198 232 1600 140 852 92
is_linear=0
shrinkage=0.0253571


Tree=6
num_leaves=15
num_cat=0
split_feature=0 1 0 0 0 1 6 0 1 0 0 0 0 1
split_gain=139.777 19.2993 6.69869 5.91381 3.07546 1.39905 0.567759 0.512373 0.652546 0.190571 0.202264 0.174382 0.145048 0.0479816
threshold=-0.60036246331995724 -0.36190037304937234 -0.83235675032749123 -0.32349360876041372 -0.9606073445610529 0.30756259767994326 1.0000000180025095e-35 -0.46823544231396724 1.2204666486744649 -0.29373053540600619 1.7584760787770368 -0.34359846625809298 -0.59195258828824826 -1.5182455043090994
decision_type=2 2 2 2 2 2 2 2 2 2 2 2 2 2
left_child=1 4 -3 5 -1 11 -5 8 12 -8 -11 -2 -7 -6
right_child=3 2 -4 6 13 7 9 -9 -10 10 -12 -13 -14 -15
leaf_value=-0.0099392240681762563 0.0046173239490401316 -0.025163350332112949 -0.0094105511219406933 0.015555708385063049 0.0036868025286684457 0.0009122217351655137 0.00051656634596036353 0.00074833835726747882 0.0021117878716658584 0.0046001011636211103 -0.034843934460871751 -0.00080036910422600792 -0.0040353937287074841 -0.0013795195847984708
leaf_weight=45 125 268 171 938 39 4.9999999999999991 32 139 18 494 5.9999999999999991 5.9999999999999991 69 127
leaf_count=45 125 268 171 938 39 5 32 139 18 494 6 6 69 127
internal_value=0 -0.00984488 -0.0129586 0.00378349 -0.00239633 0.000329049 0.00451374 -0.000270253 -0.00187895 0.00283987 0.00296929 0.00259225 -0.00309075 0
internal_weight=0 650 439 1832 211 362 1470 231 92 532 500 131 74 166
internal_count=2482 650 439 1832 211 362 1470 231 92 532 500 131 74 166
is_linear=0
shrinkage=0.0253571


Tree=7
num_leaves=17
num_cat=0
split_feature=0 0 1 0 1 0 1 6 0 2 1 2 1 1 0 0
split_gain=131.665 16.424 8.0068 5.80092 1.60168 0.538302 0.652546 0.235957 0.145048 0.167484 0.0566495 0.0190512 0.0858121 0.0592937 0.0043154 0.000892041
threshold=-0.60036246331995724 -0.91008239222211385 -0.84878253357978373 -0.29373053540600619 0.30756259767994326 -0.46823544231396724 1.2204666486744649 1.0000000180025095e-35 -0.59195258828824826 -1.0030237002128752 -1.8834071247069077 1.5746371239001469 -0.24017983291676948 1.5856282690722734 -0.41974725658427031 -0.31127300910496164
decision_type=2 2 2 2 2 2 2 2 2 2 2 2 2 2 2 2
left_child=1 -1 -3 4 10 6 8 -5 -6 -10 -2 12 -4 -14 -7 -16
right_child=3 2 11 7 5 14 -8 -9 9 -11 -12 -13 13 -15 15 -17
leaf_value=-0.024198315932811059 0.008604000982268642 0.00060574649031167288 -0.010128469476421428 0.015414635322940162 0.00088909044569543698 -0.0016284227102679168 0.0020582390746182039 0.0044801345617213346 0.0028052064969660744 -0.0039869734472077869 0.0044907748402713641 -0.0023016821887363484 -0.011044379881946573 -0.0017246116749181301 0.0025666890856140372 9.4519538658353227e-05
leaf_weight=283 8.9999999999999982 124 32 920 4.9999999999999991 41 18 500 4.9999999999999991 64 136 9.9999999999999982 196 4.9999999999999991 110 24
leaf_count=283 9 124 32 920 5 41 18 500 5 64 136 10 196 5 110 24
internal_value=0 -0.00949711 -0.00506352 0.00372831 0.000562548 -4.90293e-05 -0.00187895 0.00452086 -0.00309075 -0.00338046 0.00277147 -0.0076846 -0.00784683 -0.00844673 3.9586e-06 0.000140742
internal_weight=0 650 367 1832 412 267 92 1420 74 69 145 243 233 201 175 134
internal_count=2482 650 367 1832 412 267 92 1420 74 69 145 243 233 201 175 134
is_linear=0
shrinkage=0.0253571


Tree=8
num_leaves=9
num_cat=0
split_feature=0 0 0 6 2 6 2 0
split_gain=125.481 17.0473 5.8176 1.42646 1.17956 0.554135 0.164425 0.159489
threshold=-0.60036246331995724 -0.91008239222211385 -0.41337414816180323 1.0000000180025095e-35 1.3168710414888449 1.0000000180025095e-35 -1.0030237002128752 1.7584760787770368
decision_type=2 2 2 2 2 2 2 2
left_child=1 -1 5 -4 -3 -2 -7 -5
right_child=2 4 3 7 -6 6 -8 -9
leaf_value=-0.023584717035797353 0.0030094766555254344 -0.0063897017872938406 0.014062097602251807 0.003823040228651061 -0.00028191770171215205 0.006241573955615822 -0.0025188247631809718 -0.034073996826410061
leaf_weight=283 120 327 989 605 40 19 93 5.9999999999999991
leaf_count=283 120 327 989 605 40 19 93 6
internal_value=0 -0.00926527 0.00364555 0.00418789 -0.00479175 0 -0.0013466 0.0025072
internal_weight=0 650 1832 1600 367 232 112 611
internal_count=2482 650 1832 1600 367 232 112 611
is_linear=0
shrinkage=0.0253571


Tree=9
num_leaves=10
num_cat=0
split_feature=0 1 0 0 0 0 1 1 1
split_gain=112.29 16.7947 6.53996 5.56377 1.61434 1.5416 1.00799 0.368289 0.0334001
threshold=-0.60036246331995724 -0.90964280364608519 -0.83235675032749123 -0.41337414816180323 -0.9407652956581144 0.17492289116571272 0.30756259767994326 1.2813269187407663 -0.24017983291676948
decision_type=2 2 2 2 2 2 2 2 2
left_child=1 4 -3 6 -1 -5 8 -8 -2
right_child=3 2 -4 5 -6 -7 7 -9 -10
leaf_value=-0.0081128073625575964 0.0045827922433105458 -0.023377963159471223 -0.008550230243033443 0.0043832246060829154 0.00052863561435607378 0.017863238797120623 -0.002485601009846418 0.0019015605999953989 0.0012101702357925584
leaf_weight=43 74 283 188 862 136 738 120 20 18
leaf_count=43 74 283 188 862 136 738 120 20 18
internal_value=0 -0.00864701 -0.0111864 0.00356278 -0.000893725 0.00409317 0 -0.00143557 0.00187895
internal_weight=0 650 471 1832 179 1600 232 140 92
internal_count=2482 650 471 1832 179 1600 232 140 92
is_linear=0
shrinkage=0.0253571


Tree=10
num_leaves=16
num_cat=0
split_feature=0 1 0 0 0 0 1 1 0 0 5 5 2 0 2
split_gain=104.288 15.82 6.51304 6.42528 1.57384 1.3126 0.780366 0.734415 0.383248 0.181711 0.181873 0.129872 0.114765 0.0854082 0.0619267
threshold=-0.60036246331995724 -0.90964280364608519 -0.045442115524536093 -0.85949173773448984 -0.47099493255874675 -0.9407652956581144 -0.30104010298307088 1.2813269187407663 -0.56002134402722825 -0.050895393865409845 -1.214017751899376 3.4539792430103859 1.5746371239001469 -0.84654841444350015 -0.48749153539027096
decision_type=2 2 2 2 2 2 2 2 2 2 2 2 2 2 2
left_child=1 5 4 -3 6 -1 -2 8 -8 10 -6 -12 13 -5 -7
right_child=2 3 -4 12 9 14 7 -9 -10 -11 11 -13 -14 -15 -16
leaf_value=-0.0079070901687176565 0.0045596717254913063 -0.024077532216194356 0.01376141171917363 -0.0050495431067943998 0.00013209338475434344 -0.0018038137633865883 -0.00019957414393312122 0.0036550566477990486 -0.0036631832877681422 -0.00060077223294181022 0.0035760316421868331 -0.00072439998275707638 -0.0016481388176255618 -0.0098884539400925526 0.0016524643428369084
leaf_weight=43 52 263 1002 5.9999999999999991 13.999999999999998 39 29 11.999999999999998 58 8.9999999999999982 650 5.9999999999999991 8.9999999999999982 193 97
leaf_count=43 52 263 1002 6 14 39 29 12 58 9 650 6 9 193 97
internal_value=0 -0.00829924 0.00346622 -0.0107613 0.00147912 -0.000756825 0 -0.00205519 -0.00313575 0.00203636 0.00209158 0.00215494 -0.00559623 -0.00574898 0
internal_weight=0 650 1832 471 830 179 151 99 87 679 670 656 208 199 136
internal_count=2482 650 1832 471 830 179 151 99 87 679 670 656 208 199 136
is_linear=0
shrinkage=0.0253571


Tree=11
num_leaves=13
num_cat=0
split_feature=5 1 6 1 2 2 1 1 2 2 2 1
split_gain=18.1857 14.682 4.51005 1.98962 1.1651 0.786373 0.430008 0.302883 0.203529 0.0465166 0.0303575 0.000239272
threshold=1.0000000180025095e-35 -0.36190037304937234 1.0000000180025095e-35 -1.2748044240438936 -0.48749153539027096 2.0901692887227514 1.2204666486744649 1.2813269187407663 -1.0030237002128752 1.0000000180025095e-35 4.1522979480131701 1.2813269187407663
decision_type=2 2 2 2 2 2 2 2 2 2 2 2
left_child=1 3 -2 8 -5 6 -3 -4 -1 -6 -10 -8
right_child=2 5 7 4 9 -7 11 -9 10 -11 -12 -13
leaf_value=-0.0016674954330360581 0.014144383526417854 -0.0058588538744577777 0.0020633644250041979 -0.0027874666899373019 0.00075099611604501168 0.007991345507255488 0.00019842816229914394 -0.0085469661039499541 0.0078175505806973786 0.0030623126251885721 0.0099151684852605906 -0.0042286433066015027
leaf_weight=6.9999999999999991 728 696 411 78 47 10.999999999999998 28 51 194 150 4.9999999999999991 76
leaf_count=7 728 696 411 78 47 11 28 51 194 150 5 76
internal_value=0 -0.00166567 0.002645 0.00158882 0 -0.00380185 -0.00390876 0.000258773 0.00343852 0.00118889 0.0035867 -6.40217e-05
internal_weight=0 1292 1190 481 275 811 800 462 206 197 199 104
internal_count=2482 1292 1190 481 275 811 800 462 206 197 199 104
is_linear=0
shrinkage=0.0253571


Tree=12
num_leaves=12
num_cat=0
split_feature=0 0 1 0 0 1 1 0 0 4 1
split_gain=101.592 14.2871 7.97585 5.97839 1.49781 0.745789 0.79207 0.265645 0.186087 0.0922602 0.0181855
threshold=-0.60036246331995724 -0.96691475083483469 -0.84878253357978373 -0.045442115524536093 -0.47099493255874675 0.30756259767994326 1.2813269187407663 -0.59195258828824826 -0.050895393865409845 -1.518634353124295 -0.24017983291676948
decision_type=2 2 2 2 2 2 2 2 2 2 2
left_child=1 -1 -3 4 5 10 7 -7 9 -6 -2
right_child=3 2 -4 -5 8 6 -8 -9 -10 -11 -12
leaf_value=-0.028135133360991903 0.0042159528469178876 7.1037859112548887e-05 -0.0098383975515606795 0.013260968670560678 0.0025315025421223372 0.0011470674877651968 0.0036696011368519345 -0.0035175265577732269 -0.00043697490648210571 0.0032631848361007482 0.0002357473414538691
leaf_weight=201 53 147 302 1002 36 5.9999999999999991 11.999999999999998 68 8.9999999999999982 634 11.999999999999998
leaf_count=201 53 147 302 1002 36 6 12 68 9 634 12
internal_value=0 -0.00814468 -0.0049034 0.00346622 0.00153977 0 -0.00213867 -0.00340683 0.00207336 0.00212908 0.000900133
internal_weight=0 650 449 1832 830 151 86 74 679 670 65
internal_count=2482 650 449 1832 830 151 86 74 679 670 65
is_linear=0
shrinkage=0.0253571


Tree=13
num_leaves=14
num_cat=0
split_feature=0 0 1 6 5 0 1 0 0 0 1 1 1
split_gain=97.3058 14.1002 7.6059 5.7602 2.07336 0.458912 0.542165 0.287623 0.16171 0.167996 0.141395 0.115683 0.0387208
threshold=-0.60036246331995724 -0.96691475083483469 -0.24017983291676948 1.0000000180025095e-35 1.0000000180025095e-35 -0.43663270879637334 1.2204666486744649 -0.57322747591295886 1.7584760787770368 -0.52224260853322313 0.12498178748103896 -1.5182455043090994 0.97702556840925903
decision_type=2 2 2 2 2 2 2 2 2 2 2 2 2
left_child=1 -1 11 7 5 6 -5 -2 9 -6 -11 -3 -7
right_child=3 2 -4 4 8 12 -8 -9 -10 10 -12 -13 -14
leaf_value=-0.027421708226549827 0.0026761396339532919 0.0034846422179366319 -0.0096427172226169078 -0.0033307231149675882 -0.0026974488337907299 0.00025541735125946506 0.0020125425107620741 0.011342428201406575 -0.034400469036813153 0.0009757557362228827 0.0043616795424762109 -0.0014041378851113887 0.0033651766713344664
leaf_weight=201 13.999999999999998 39 258 61 5.9999999999999991 141 20 1095 5.9999999999999991 17 365 152 107
leaf_count=201 14 39 258 61 6 141 20 1095 6 17 365 152 107
internal_value=0 -0.00795147 -0.00473629 0.00341104 0.00128758 0 -0.00175252 0.00462767 0.00252025 0.00259077 0.00266347 0 0.000326988
internal_weight=0 650 449 1832 723 329 81 1109 394 388 382 191 248
internal_count=2482 650 449 1832 723 329 81 1109 394 388 382 191 248
is_linear=0
shrinkage=0.0253571


Tree=14
num_leaves=9
num_cat=0
split_feature=0 0 0 0 2 5 0 0
split_gain=94.1607 13.4148 6.16405 2.18318 1.77299 0.193361 0.0036008 0.182441
threshold=-0.60036246331995724 -0.96691475083483469 0.18451540487375581 -0.41337414816180323 1.0591049590775425 -1.214017751899376 -0.54839206370994331 -0.47099493255874675
decision_type=2 2 2 2 2 2 2 2
left_child=1 -1 3 6 -3 -5 -2 -8
right_child=2 4 -4 5 -6 -7 7 -9
leaf_value=-0.026726373478100276 0.0013483314947217023 -0.0067938146837585043 0.016418349037695325 0.0010255301122399718 -0.00058344118506136096 0.0038254227393801081 -0.0019768242323726904 0.0013311145334220069
leaf_weight=201 70 376 728 14.999999999999998 73 857 81 81
leaf_count=201 70 376 728 15 73 857 81 81
internal_value=0 -0.00783555 0.00334207 0.00187921 -0.00468059 0.00246226 0 -0.000117316
internal_weight=0 650 1832 1104 449 872 232 162
internal_count=2482 650 1832 1104 449 872 232 162
is_linear=0
shrinkage=0.0253571


Tree=15
num_leaves=17
num_cat=0
split_feature=4 1 6 5 1 1 1 1 1 1 5 1 1 1 1 5
split_gain=26.0535 13.8381 7.33951 3.45375 0.864012 0.532388 0.522197 0.405193 0.398467 0.0840399 0.0475071 0.168805 0.0355371 0.0131641 0.0306674 0.00838705
threshold=1.0000000180025095e-35 -0.84878253357978373 1.0000000180025095e-35 1.0000000180025095e-35 -1.1530838839112907 -0.54448118324827655 0.49014340787884753 1.6464885391385746 -0.36190037304937234 -0.36190037304937234 1.0000000180025095e-35 1.2204666486744649 0.6118639480114505 1.2813269187407663 0.55100367794514904 1.1199807455555051
decision_type=2 2 2 2 2 2 2 2 2 2 2 2 2 2 2 2
left_child=1 4 5 7 -1 -2 9 8 -3 -4 11 12 -8 14 -12 -5
right_child=2 3 6 15 -6 -7 10 -9 -10 -11 13 -13 -14 -15 -16 -17
leaf_value=0.0036527743434571743 0.015267641326101054 -0.0049367231968695455 -0.00086489504645369752 -0.0067998993181527852 -0.00046310007265023374 0.0074418469256505399 0.0020311055500388643 0.0081303437332131776 -0.0092033500298181053 0.0033976764100907969 -0.00097078496749921793 0.0027409450147138077 -0.0010861230147271891 -0.0045485459090356473 0.0028465947156189834 0.002047842309999747
leaf_weight=172 410 45 5.9999999999999991 66 160 483 12.999999999999998 4.9999999999999991 450 146 31 44 163 40 203 45
leaf_count=172 410 45 6 66 160 483 13 5 450 146 31 44 163 40 203 45
internal_value=0 -0.00281903 0.00249478 -0.00511594 0.000920522 0.00399094 0.000146892 -0.00602483 -0.00609758 0.00148696 0 -0.00036746 -0.000873651 0 0.00018771 0
internal_weight=0 943 1539 611 332 893 646 500 495 152 494 220 176 274 234 111
internal_count=2482 943 1539 611 332 893 646 500 495 152 494 220 176 274 234 111
is_linear=0
shrinkage=0.0253571


Tree=16
num_leaves=15
num_cat=0
split_feature=0 0 1 0 0 1 1 5 5 1 2 1 1 1
split_gain=90.9669 13.4915 7.45332 6.16405 1.79932 0.643718 0.327518 0.263678 0.193462 0.110524 0.0667919 0.402829 0.0554983 0.00486666
threshold=-0.60036246331995724 -1.0072558701275633 -0.84878253357978373 0.18451540487375581 -0.41337414816180323 -0.30104010298307088 1.2204666486744649 3.4539792430103859 -1.214017751899376 -1.8225468546406065 0.28580671184363571 -1.2748044240438936 0.30756259767994326 -1.3356646941101948
decision_type=2 2 2 2 2 2 2 2 2 2 2 2 2 2
left_child=1 -1 10 4 5 9 12 8 -6 -2 11 -3 -7 -12
right_child=3 2 -4 -5 7 6 -8 -9 -10 -11 13 -13 -14 -15
leaf_value=-0.028103005722758433 0.0016125920354064509 0.0023150602803606079 -0.0089876351580199711 0.015761557806585849 0.0012328958353479303 1.9226266599087921e-05 0.0017135388443726837 -5.2109224712392693e-06 0.0035896067261326149 0.0041032092107647893 0.00043873661532898802 -0.0017790900737904886 -0.0021337568226359022 0.0028538742794312487
leaf_weight=160 5.9999999999999991 32 331 728 14.999999999999998 19 26 12.999999999999998 844 67 27 59 114 41
leaf_count=160 6 32 331 728 15 19 26 13 844 67 27 59 114 41
internal_value=0 -0.00764234 -0.00489429 0.00334207 0.00187921 0 -0.00100191 0.00240451 0.00246262 0.00176945 0 -0.000659413 -0.00164435 9.50738e-05
internal_weight=0 650 490 1832 1104 232 159 872 859 73 159 91 133 68
internal_count=2482 650 490 1832 1104 232 159 872 859 73 159 91 133 68
is_linear=0
shrinkage=0.0253571


Tree=17
num_leaves=8
num_cat=0
split_feature=0 0 0 2 0 4 0
split_gain=85.2945 12.108 5.70964 1.85592 1.79932 0.297341 0.241684
threshold=-0.60036246331995724 -1.0255210674620565 0.18451540487375581 1.0591049590775425 -0.41337414816180323 -1.518634353124295 -1.0172425967277177
decision_type=2 2 2 2 2 2 2
left_child=1 -1 4 6 -2 -6 -3
right_child=2 3 -4 -5 5 -7 -8
leaf_value=-0.030456697484507043 -0.00025871620640279013 -0.0011208631664958615 0.015361890552377279 -0.00073521530554002698 0.0034198829437149902 0.0034583192859960299 -0.0072189654513355817
leaf_weight=130 232 6.9999999999999991 728 83 42 830 430
leaf_count=130 232 7 728 83 42 830 430
internal_value=0 -0.00733322 0.00330069 -0.00497667 0.00187921 0.00240451 -0.00566548
internal_weight=0 650 1832 520 1104 872 437
internal_count=2482 650 1832 520 1104 872 437
is_linear=0
shrinkage=0.0253571


Tree=18
num_leaves=14
num_cat=0
split_feature=0 1 0 0 0 0 1 1 1 4 1 1 0
split_gain=79.5882 13.1879 5.12666 3.87767 1.79932 1.06831 1.04559 0.643718 0.327518 0.297341 0.110524 0.0554983 0.00719207
threshold=-0.60036246331995724 -0.30104010298307088 0.18451540487375581 -0.68091329760804464 -0.41337414816180323 -0.84654841444350015 -1.761686584574305 -0.30104010298307088 1.2204666486744649 -1.518634353124295 -1.8225468546406065 0.30756259767994326 -0.69129423710031046
decision_type=2 2 2 2 2 2 2 2 2 2 2 2 2
left_child=1 5 4 -3 7 6 -1 10 11 -6 -2 -9 -7
right_child=2 3 -4 -5 9 12 -8 8 -10 -11 -12 -13 -14
leaf_value=0.0024844780066646589 0.0015782616829275035 -0.016158227105061485 0.014972357697067996 -0.0036903971890599428 0.0033331646610045202 0.0027728507486511076 -0.0045638793368880399 2.5299034775110806e-05 0.0016766487744815331 0.0033706263694599798 0.004005724052144527 -0.0020730906665351926 -0.0019971964894330823
leaf_weight=14.999999999999998 5.9999999999999991 368 728 55 42 78 93 19 26 830 67 114 41
leaf_count=15 6 368 728 55 42 78 93 19 26 830 67 114 41
internal_value=0 -0.00702409 0.00324551 -0.00971979 0.00187921 -0.00114469 -0.00294773 0 -0.00100191 0.00240451 0.00176945 -0.00164435 0
internal_weight=0 650 1832 423 1104 227 108 232 159 872 73 133 119
internal_count=2482 650 1832 423 1104 227 108 232 159 872 73 133 119
is_linear=0
shrinkage=0.0253571


Tree=19
num_leaves=15
num_cat=0
split_feature=0 0 6 5 6 0 0 4 0 0 0 5 0 4
split_gain=74.6531 14.1542 5.80528 1.87818 1.53615 0.765782 0.423064 0.195338 0.202064 0.169598 0.0627541 0.0139027 0.00943734 0.0554592
threshold=-0.60036246331995724 -1.0255210674620565 1.0000000180025095e-35 1.0000000180025095e-35 1.0000000180025095e-35 -0.31620067025635362 -0.43663270879637334 1.0000000180025095e-35 -0.50207204888685875 1.7584760787770368 -0.59195258828824826 1.1199807455555051 -0.20858055070995304 1.0000000180025095e-35
decision_type=2 2 2 2 2 2 2 2 2 2 2 2 2 2
left_child=1 -1 5 6 -3 -2 10 -5 -9 -10 -4 -6 13 -8
right_child=2 4 3 7 11 -7 12 8 9 -11 -12 -13 -14 -15
leaf_value=-0.029274678603856227 0.0027136244795479955 -0.0024292675199315918 0.0015148527657294724 0.0019353946132337077 -0.012203769514837247 0.011965352087378643 -0.00052203838639993468 -0.0041082310073570511 0.0039474606272169102 -0.035196012062477904 -0.0027097323449570975 -0.002976274259087067 0.00017118901929725957 0.0022566012345751254
leaf_weight=130 175 397 4.9999999999999991 54 118 934 39 4.9999999999999991 329 5.9999999999999991 76 4.9999999999999991 107 102
leaf_count=130 175 397 5 54 118 934 39 5 329 6 76 5 107 102
internal_value=0 -0.0067536 0.00319033 0.00107894 -0.00430205 0.0044003 0 0.00226682 0.00251051 0.00260304 -0.00175252 -0.00775654 0.000127501 0.000263227
internal_weight=0 650 1832 723 520 1109 329 394 340 335 81 123 248 141
internal_count=2482 650 1832 723 520 1109 329 394 340 335 81 123 248 141
is_linear=0
shrinkage=0.0253571


Tree=20
num_leaves=19
num_cat=0
split_feature=0 1 0 0 0 0 4 1 1 0 1 1 1 1 5 5 0 0
split_gain=70.2879 12.5271 5.52731 4.91493 1.77751 0.792539 0.522833 0.516778 0.327518 0.301988 0.0921125 0.0864658 0.0554983 0.033828 0.0173379 0.00805239 0.00206394 0.0485863
threshold=-0.60036246331995724 -0.84878253357978373 0.18451540487375581 -1.0255210674620565 -0.41337414816180323 -0.65923158854191988 1.0000000180025095e-35 -0.30104010298307088 1.2204666486744649 -0.97736139247578568 -1.1530838839112907 -1.8225468546406065 0.30756259767994326 -0.84878253357978373 3.4539792430103859 -1.214017751899376 -0.67000674092629697 -0.84654841444350015
decision_type=2 2 2 2 2 2 2 2 2 2 2 2 2 2 2 2 2 2
left_child=1 9 4 -3 7 -5 14 11 12 10 -1 -2 -9 -13 15 -6 17 -11
right_child=2 3 -4 5 6 -7 -8 8 -10 16 -12 13 -14 -15 -16 -17 -18 -19
leaf_value=0.0015377145450094279 0.0014694319353238154 -0.029312491860607647 0.014327438995010622 -0.0088678010569171895 0.00099382030244754083 -0.0037328651732841988 0.0036607245789588806 -4.415209777721799e-05 0.001673398041853698 -0.00028292424535403065 -0.0045663297931935335 0.0061982277687437481 -0.0020860988386378044 0.00084078946193661796 -0.00023677325331350471 0.0017901551529546404 -0.0013879887116626237 0.0028052896642468909
leaf_weight=4.9999999999999991 5.9999999999999991 112 728 302 14.999999999999998 52 656 19 26 54 30 54 114 12.999999999999998 11.999999999999998 189 20 75
leaf_count=5 6 112 728 302 15 52 656 19 26 54 30 54 114 13 12 189 20 75
internal_value=0 -0.00648312 0.00316275 -0.00868706 0.00176501 -0.00610856 0.00228902 0 -0.00100191 0 -0.00217032 0.00144938 -0.00164435 0.0017413 0.000145861 0.000274807 0 9.90655e-05
internal_weight=0 650 1832 466 1104 354 872 232 159 184 35 73 133 67 216 204 149 129
internal_count=2482 650 1832 466 1104 354 872 232 159 184 35 73 133 67 216 204 149 129
is_linear=0
shrinkage=0.0253571


Tree=21
num_leaves=18
num_cat=0
split_feature=0 0 1 0 0 0 4 1 1 1 1 1 1 1 5 5 1
split_gain=68.9779 12.6669 6.45477 5.38185 1.77751 0.696731 0.522833 0.516778 0.327518 0.223039 0.185897 0.0864658 0.0554983 0.033828 0.0173379 0.00805239 1.85181e-05
threshold=-0.60036246331995724 -1.0255210674620565 -0.84878253357978373 0.18451540487375581 -0.41337414816180323 -0.65923158854191988 1.0000000180025095e-35 -0.30104010298307088 1.2204666486744649 -0.54448118324827655 -1.0922236138449894 -1.8225468546406065 0.30756259767994326 -0.84878253357978373 3.4539792430103859 -1.214017751899376 0.97702556840925903
decision_type=2 2 2 2 2 2 2 2 2 2 2 2 2 2 2 2 2
left_child=1 10 -3 4 7 9 14 11 12 -4 -1 -2 -9 -13 15 -6 -7
right_child=3 2 5 -5 6 16 -8 8 -10 -11 -12 13 -14 -15 -16 -17 -18
leaf_value=-0.0093266370437295222 0.0014321714161515491 4.3585075518581247e-05 -0.0039984025147521939 0.013964136821885031 0.00096861991068867474 -0.0051098526684668988 0.0035678992530081858 -4.3032529019908403e-05 0.0016309655355753105 -0.0087230778633097389 -0.027962353065841519 0.0060410587437215151 -0.002033201440736045 0.00081946948711286792 -0.00023076937240383159 0.0017447620259954959 0.0033291200195160282
leaf_weight=5.9999999999999991 5.9999999999999991 166 8.9999999999999982 728 14.999999999999998 37 656 19 26 293 124 54 114 12.999999999999998 11.999999999999998 189 14.999999999999998
leaf_count=6 6 166 9 728 15 37 656 19 26 293 124 54 114 13 12 189 15
internal_value=0 -0.00640583 -0.00406112 0.00314895 0.00176501 -0.00596778 0.00228902 0 -0.00100191 -0.00656325 -0.0139195 0.00144938 -0.00164435 0.0017413 0.000145861 0.000274807 0
internal_weight=0 650 520 1832 1104 354 872 232 159 302 130 73 133 67 216 204 52
internal_count=2482 650 520 1832 1104 354 872 232 159 302 130 73 133 67 216 204 52
is_linear=0
shrinkage=0.0253571


Tree=22
num_leaves=19
num_cat=0
split_feature=0 0 1 6 5 0 0 0 1 1 1 1 0 5 0 0 1 1
split_gain=67.4189 12.8522 6.30526 5.56869 2.0429 1.1385 0.864579 0.416634 0.542165 0.241518 0.206498 0.185897 0.151131 0.198953 0.187716 0.0209916 0.00933895 0.00455861
threshold=-0.60036246331995724 -1.0255210674620565 -0.84878253357978373 1.0000000180025095e-35 1.0000000180025095e-35 -0.68091329760804464 -0.41337414816180323 -0.43663270879637334 1.2204666486744649 -0.54448118324827655 0.12498178748103896 -1.0922236138449894 1.4971129313072067 3.4539792430103859 -0.34675216939498393 -0.41974725658427031 0.97702556840925903 1.1596063786081634
decision_type=2 2 2 2 2 2 2 2 2 2 2 2 2 2 2 2 2 2
left_child=1 11 -3 6 7 9 15 8 -5 -4 -6 -1 13 14 -12 -2 -9 -7
right_child=3 2 5 4 10 17 -8 16 -10 -11 12 -13 -14 -15 -16 -17 -18 -19
leaf_value=-0.0090901406603129901 0.002508672350449259 4.2479884796228781e-05 -0.0038970146586848327 -0.0029259037665995131 0.0012127667561890494 -0.004278642669347456 0.010858131959745075 -0.00027234186899265203 0.0020069442604268911 -0.0086599770689848657 0.00090635861768051005 -0.027253309137051242 -0.035898582648645504 0.00050602179277317583 0.0035609628531095981 -0.00049395286052031535 0.0026564740725073662 0.0029541663107379166
leaf_weight=5.9999999999999991 115 166 8.9999999999999982 61 19 55 989 141 20 280 31 124 5.9999999999999991 14.999999999999998 323 4.9999999999999991 107 9.9999999999999982
leaf_count=6 115 166 9 61 19 55 989 141 20 280 31 124 6 15 323 5 107 10
internal_value=0 -0.00636719 -0.00401293 0.00307998 0.00100939 -0.00589739 0.00426388 -2.14003e-06 -0.00175252 -0.00670195 0.00226682 -0.0139195 0.00239643 0.00246854 0.00258893 0.000256798 0 0
internal_weight=0 650 520 1832 723 354 1109 329 81 289 394 130 375 369 354 120 248 65
internal_count=2482 650 520 1832 723 354 1109 329 81 289 394 130 375 369 354 120 248 65
is_linear=0
shrinkage=0.0253571


Tree=23
num_leaves=21
num_cat=0
split_feature=0 0 1 6 5 0 0 0 1 1 1 0 5 0 1 4 0 1 4 1
split_gain=64.5306 12.2262 5.86724 5.47567 1.86661 0.953624 0.840213 0.289875 0.444947 0.236615 0.1964 0.145486 0.189569 0.173306 0.132156 0.0221496 0.0336866 0.00933895 0.0115504 0.00455861
threshold=-0.60036246331995724 -1.0255210674620565 -0.84878253357978373 1.0000000180025095e-35 1.0000000180025095e-35 -0.68091329760804464 -0.41337414816180323 -0.43663270879637334 1.2204666486744649 -0.24017983291676948 0.12498178748103896 1.4971129313072067 3.4539792430103859 -0.34675216939498393 -1.0922236138449894 -1.518634353124295 -0.41974725658427031 0.97702556840925903 1.0000000180025095e-35 1.1596063786081634
decision_type=2 2 2 2 2 2 2 2 2 2 2 2 2 2 2 2 2 2 2 2
left_child=1 14 -3 6 7 9 15 8 -5 -4 -6 12 13 -12 -1 -2 -17 -9 -19 -7
right_child=3 2 5 4 10 19 -8 17 -10 -11 11 -13 -14 -15 -16 16 -18 18 -20 -21
leaf_value=-0.0088596411371910429 -0.011189585729554178 4.1402718495512423e-05 -0.0037204535027347439 -0.0028517113587915414 0.0011820145192978867 -0.0041701487382029313 0.010582801320512697 -0.00026543607146159887 0.0019560539923609366 -0.0085688426414081108 0.00088337599981356662 -0.034988299024829472 0.00049319055217061372 0.0034706671943107482 -0.02656224449962355 0.0028864503741072626 -0.0004814276529301122 0.0003119015223803541 0.0044576959386411954 0.0028792572470288493
leaf_weight=5.9999999999999991 8.9999999999999982 166 43 61 19 55 989 141 20 246 31 5.9999999999999991 14.999999999999998 323 124 106 4.9999999999999991 35 72 9.9999999999999982
leaf_count=6 9 166 43 61 19 55 989 141 20 246 31 6 15 323 124 106 5 35 72 10
internal_value=0 -0.00617399 -0.00386837 0.00306618 0.00100939 -0.00568621 0.00424114 0 -0.0014618 -0.00644428 0.00220346 0.00232991 0.00240096 0.00251853 -0.0135472 0.000256798 0.00043875 0 0.000230293 0
internal_weight=0 650 520 1832 723 354 1109 329 81 289 394 375 369 354 130 120 111 248 107 65
internal_count=2482 650 520 1832 723 354 1109 329 81 289 394 375 369 354 130 120 111 248 107 65
is_linear=0
shrinkage=0.0253571


Tree=24
num_leaves=13
num_cat=0
split_feature=0 0 0 6 2 0 6 2 4 0 0 0
split_gain=61.7995 12.2785 3.00271 1.96075 1.15097 0.95376 1.38486 0.816774 0.264583 0.12074 0.0487428 0.0154714
threshold=-0.8227642366194482 -0.29373053540600619 -1.0255210674620565 1.0000000180025095e-35 1.0591049590775425 -0.47099493255874675 1.0000000180025095e-35 -1.0030237002128752 1.0000000180025095e-35 1.7584760787770368 -0.31127300910496164 -0.28203555294003596
decision_type=2 2 2 2 2 2 2 2 2 2 2 2
left_child=2 5 -1 11 -4 6 -2 -8 -5 -10 -7 -3
right_child=1 3 4 8 -6 10 7 -9 9 -11 -12 -13
leaf_value=-0.025715428581332016 -6.4632296073766768e-05 0.0032557003091538425 -0.0071891829130177028 0.00069741235140047297 -0.00058928320679253927 0.0018137808378252663 0.00019075846076647827 -0.0059571662926061432 0.0029516707668354723 -0.033223450541878322 0.00012488965682699423 0.010908031031056472
leaf_weight=130 270 5.9999999999999991 217 81 40 231 28 116 413 5.9999999999999991 30 914
leaf_count=130 270 6 217 81 40 231 28 116 413 6 30 914
internal_value=0 0.00237769 -0.00854612 0.0037208 -0.00539738 -0.000205779 -0.00113312 -0.00308531 0.00176712 0.00202919 0.000619477 0.00457956
internal_weight=0 2095 387 1420 257 675 414 144 500 419 261 920
internal_count=2482 2095 387 1420 257 675 414 144 500 419 261 920
is_linear=0
shrinkage=0.0253571


Tree=25
num_leaves=18
num_cat=0
split_feature=0 0 1 0 1 1 2 4 5 1 0 0 1 1 2 1 1
split_gain=58.9657 12.2264 8.8076 2.28714 2.33172 1.76099 0.801478 0.700103 0.546711 0.503717 0.451088 0.387525 0.305213 0.135766 0.128874 0.0829338 0.0707522
threshold=-0.8227642366194482 -0.10680792239653754 -0.24017983291676948 -0.47099493255874675 -0.84878253357978373 1.2204666486744649 1.0591049590775425 1.0000000180025095e-35 2.2869799942829454 -1.761686584574305 -0.84654841444350015 0.18451540487375581 0.6118639480114505 0.7335844881440533 -0.74525761780157318 -0.90964280364608519 1.1596063786081634
decision_type=2 2 2 2 2 2 2 2 2 2 2 2 2 2 2 2 2
left_child=2 3 9 4 14 6 8 15 -6 -1 -11 -3 -9 -14 -2 -5 -17
right_child=1 11 -4 7 5 -7 -8 12 -10 10 -12 -13 13 -15 -16 16 -18
leaf_value=0.0036678783798558164 -0.00064707576282161912 0.004426503167842032 -0.016531420245330577 0.0049580998840412002 -0.0068816957332985488 0.001684109506071806 0.00039183633870538682 0.0032861560604691129 0.0013289576845099561 -0.0031464069276893711 0.0016582571627671093 0.012878696114635036 -0.00073488678132393982 0.0023019599422092886 0.0031426698928256713 -0.0022839639386526235 0.0015792583612660453
leaf_weight=15.999999999999998 19 373 253 54 208 40 33 170 4.9999999999999991 107 10.999999999999998 728 34 193 109 100 29
leaf_count=16 19 373 253 54 208 40 33 170 5 107 11 728 34 193 109 100 29
internal_value=0 0.00231735 -0.00835267 9.57851e-05 -0.00113312 -0.00258395 -0.00349642 0.00126643 -0.00405165 -0.00140658 -0.00220013 0.00415727 0.00185692 0.000220525 0.000808245 0 -0.000380346
internal_weight=0 2095 387 994 414 286 246 580 213 134 118 1101 397 227 128 183 129
internal_count=2482 2095 387 994 414 286 246 580 213 134 118 1101 397 227 128 183 129
is_linear=0
shrinkage=0.0253571


Tree=26
num_leaves=14
num_cat=0
split_feature=4 1 1 5 2 2 5 1 1 1 1 1 5
split_gain=15.1795 9.49771 6.90915 2.1167 1.22144 0.626744 0.626278 0.263008 0.242279 0.0698023 0.244946 0.0694834 0.0430736
threshold=1.0000000180025095e-35 -0.84878253357978373 0.24670232761364183 1.0000000180025095e-35 1.8324032063114493 -0.48749153539027096 1.0000000180025095e-35 1.6464885391385746 1.2813269187407663 1.2204666486744649 0.6118639480114505 -1.2748044240438936 1.0000000180025095e-35
decision_type=2 2 2 2 2 2 2 2 2 2 2 2 2
left_child=1 5 -2 4 7 11 9 -3 -8 10 -4 -1 -7
right_child=2 3 6 -5 -6 12 8 -9 -10 -11 -12 -13 -14
leaf_value=0.0034597245646622262 0.00952893820217896 -0.0063644796560590362 0.0023532437540269282 -0.00094889327394790377 0.0038375151227960157 0.0034622384702194791 0.0029049571210380733 0.0098196024842664969 -0.0013811153830087766 0.0022608790982246913 -0.0013652122586354572 -0.0016231718627523497 0.0088531154565298677
leaf_weight=39 655 482 70 111 12.999999999999998 227 541 4.9999999999999991 41 46 186 53 12.999999999999998
leaf_count=39 655 482 70 111 13 227 541 5 41 46 186 53 13
internal_value=0 -0.00177721 0.00224863 -0.00371913 -0.00442193 0.00129538 0.000549122 -0.00465415 0.00106814 0 -0.000413713 0 0.00198536
internal_weight=0 943 1539 611 500 332 884 487 582 302 256 92 240
internal_count=2482 943 1539 611 500 332 884 487 582 302 256 92 240
is_linear=0
shrinkage=0.0253571


Tree=27
num_leaves=12
num_cat=0
split_feature=0 0 0 2 0 4 5 5 5 5 0
split_gain=53.4549 11.5175 6.46869 2.2051 0.982976 0.401756 0.206284 0.444359 0.00438032 0.013564 9.17654e-06
threshold=-0.60036246331995724 -1.0255210674620565 0.18451540487375581 1.0591049590775425 -0.47099493255874675 1.0000000180025095e-35 2.2869799942829454 1.0000000180025095e-35 -1.214017751899376 3.4539792430103859 -0.54839206370994331
decision_type=2 2 2 2 2 2 2 2 2 2 2
left_child=1 -1 4 6 10 8 7 -3 -6 -10 -2
right_child=2 3 -4 -5 5 -7 -8 -9 9 -11 -12
leaf_value=-0.02448278670566641 0.0014027124187745643 -0.0029575688491342397 0.012331330736752152 0.00030784480055499094 -0.0013848809790019513 0.0028441571747616482 0.0012215979218740472 -0.015270541698717005 0.0012431743020865408 -0.00024973371889257739 -0.001168479223781947
leaf_weight=130 70 362 728 83 15.999999999999998 702 4.9999999999999991 70 223 11.999999999999998 81
leaf_count=130 70 362 728 83 16 702 5 70 223 12 81
internal_value=0 -0.00551709 0.00288686 -0.00329012 0.00142241 0.00173224 -0.00400637 -0.00406654 2.78897e-06 0.000108093 0
internal_weight=0 650 1832 520 1104 953 437 432 251 235 151
internal_count=2482 650 1832 520 1104 953 437 432 251 235 151
is_linear=0
shrinkage=0.0253571


Tree=28
num_leaves=19
num_cat=0
split_feature=0 0 0 1 1 2 1 0 5 1 0 1 1 0 5 0 1 2
split_gain=50.4214 10.0247 6.58456 4.08239 1.12415 1.09837 1.0782 1.03667 0.247089 0.209827 0.195518 0.145714 0.310029 0.144591 0.118143 0.144091 0.0343255 7.06928e-06
threshold=-0.60036246331995724 -0.98859645990095923 0.18451540487375581 -0.84878253357978373 -1.1530838839112907 1.0591049590775425 -0.90964280364608519 -0.41974725658427031 -1.214017751899376 -0.4227606431156738 -0.56554032451678737 1.2204666486744649 0.30756259767994326 -0.42901125954888714 3.4539792430103859 0.11795912825562151 1.5856282690722734 -0.48749153539027096
decision_type=2 2 2 2 2 2 2 2 2 2 2 2 2 2 2 2 2 2
left_child=1 4 6 17 -1 16 8 11 -2 -9 -10 12 -8 -14 15 -11 -5 -3
right_child=2 3 -4 5 -6 -7 7 9 10 14 -12 -13 13 -15 -16 -17 -18 -19
leaf_value=0.0032824548972441021 4.3050095379302163e-05 -0.00098294207609455611 0.012018644062200413 -0.0075894443244005332 -0.020660407904011205 -0.00036136362586018103 0.00048265786308812034 -0.002736381874178065 0.00071944970990149928 0.0021826415611952304 0.00664742174072865 0.0017516316465714112 -0.002185278459807097 0.0069504091455306486 -0.00019655783598263537 0.0014145723473348516 -0.0015390210936154427 0.0011984549226754387
leaf_weight=4.9999999999999991 5.9999999999999991 46 728 273 175 38 33 22 12.999999999999998 640 182 26 100 6.9999999999999991 12.999999999999998 62 5.9999999999999991 107
leaf_count=5 6 46 728 273 175 38 33 22 13 640 182 26 100 7 13 62 6 107
internal_value=0 -0.00528525 0.00287306 -0.002757 -0.0106588 -0.00439546 0.00139957 0.000753785 0.00336853 0.00124626 0.00353198 -0.000409059 -0.000915329 -0.00168601 0.00133702 0.00138841 -0.00493661 0
internal_weight=0 650 1832 470 180 317 1104 903 201 737 195 166 140 107 715 702 279 153
internal_count=2482 650 1832 470 180 317 1104 903 201 737 195 166 140 107 715 702 279 153
is_linear=0
shrinkage=0.0253571


Tree=29
num_leaves=12
num_cat=0
split_feature=0 0 0 2 0 4 0 4 0 5 5
split_gain=48.1676 9.69707 7.17457 2.54135 0.841457 0.389349 0.162871 0.0289423 9.17654e-06 3.31811e-06 0.00460958
threshold=-0.60036246331995724 -1.0992388782868801 0.18451540487375581 1.0591049590775425 -0.47099493255874675 1.0000000180025095e-35 -0.83235675032749123 1.3401069926887506 -0.54839206370994331 -1.214017751899376 3.4539792430103859
decision_type=2 2 2 2 2 2 2 2 2 2 2
left_child=1 -1 4 6 8 9 -3 -7 -2 -6 -11
right_child=2 3 -4 -5 5 7 -8 -9 -10 10 -12
leaf_value=-0.02816609394190216 0.0013975988701518862 -0.0062720876788481912 0.011713886212082083 0.00027576235919345675 -0.0013915464127821479 0.0026947928262646675 -0.0025320975498843031 0.0043463311194157084 -0.0011510887891897756 0.0010787892012266546 -0.0002384170633625374
leaf_weight=80 70 254 728 90 15.999999999999998 684 226 18 81 223 11.999999999999998
leaf_count=80 70 254 728 90 16 684 226 18 81 223 12
internal_value=0 -0.00516932 0.00280409 -0.0035107 0.00128538 0.00157363 -0.00423876 0.00192547 0 0 2.97396e-06
internal_weight=0 650 1832 570 1104 953 480 702 151 251 235
internal_count=2482 650 1832 570 1104 953 480 702 151 251 235
is_linear=0
shrinkage=0.0253571


Tree=30
num_leaves=21
num_cat=0
split_feature=0 1 0 0 6 2 2 0 1 4 0 0 1 1 1 4 1 0 0 0
split_gain=45.6852 10.5851 6.81598 4.36045 1.44546 1.01085 0.997289 1.17503 0.563917 0.555662 0.483766 0.381351 0.349056 0.341486 0.225587 0.219647 0.468024 0.0574725 0.0501815 0.0494036
threshold=-0.60036246331995724 -0.90964280364608519 0.18451540487375581 -1.0992388782868801 1.0000000180025095e-35 -0.48749153539027096 1.0591049590775425 -0.68091329760804464 0.30756259767994326 1.0000000180025095e-35 -0.27369138005701216 -0.48374114940368057 0.6118639480114505 1.2813269187407663 0.12498178748103896 -1.518634353124295 0.30756259767994326 -0.33315182461714199 -0.56554032451678737 0.0075138163157561005
decision_type=2 2 2 2 2 2 2 2 2 2 2 2 2 2 2 2 2 2 2 2
left_child=1 -1 4 -3 15 9 7 8 -5 -6 12 -11 -7 -14 -13 -2 18 -18 -17 -19
right_child=2 3 -4 6 5 10 -8 -9 -10 11 -12 14 13 -15 -16 16 17 19 -20 -21
leaf_value=4.1265604197823682e-05 -0.0003218030113520808 -0.028382724225585979 0.011416856134475248 -0.0041454970787581759 -0.00040193269538407137 0.0018881218170866418 -0.0010155549608133717 -0.0028839626513400998 -0.0084022474430539319 -0.0023049964501136496 7.6121180163184053e-05 -0.00082240168065545274 -0.0024558658372665324 0.00091366112468678777 0.003904479938825495 0.0019172654411808994 -0.0017645410882794973 0.0074770037553100813 0.004921084743697202 0.0030067250320524198
leaf_weight=179 24 73 728 106 91 22 49 56 187 21 174 7.9999999999999991 53 6.9999999999999991 254 14.999999999999998 38 66 292 39
leaf_count=179 24 73 728 106 91 22 49 56 187 21 174 8 53 7 254 15 38 66 292 39
internal_value=0 -0.00501476 0.00274891 -0.00698871 0.00126254 0.000150586 -0.00506726 -0.00556994 -0.00627339 0.00118564 -0.000703814 0.00175594 -0.00223564 -0.0031698 0.00205886 0.00236442 0.0024888 0 0.00315955 0.000576411
internal_weight=0 650 1832 471 1104 630 398 349 293 374 256 283 82 60 262 474 450 143 307 105
internal_count=2482 650 1832 471 1104 630 398 349 293 374 256 283 82 60 262 474 450 143 307 105
is_linear=0
shrinkage=0.0253571


Tree=31
num_leaves=21
num_cat=0
split_feature=0 0 0 1 1 0 1 2 2 1 2 2 1 0 1 0 1 1 2 2
split_gain=43.431 10.7572 6.89339 6.16371 1.49843 0.90806 0.410349 0.404763 0.349155 0.49479 0.283881 0.331962 0.413003 0.174227 0.0831502 0.0715448 0.0342899 0.0183589 0.00151424 0.000821945
threshold=-0.60036246331995724 -1.0992388782868801 0.18451540487375581 0.36842286774624472 -0.90964280364608519 -0.28203555294003596 1.4030474588733692 1.5746371239001469 -0.48749153539027096 -1.3965249641764965 -0.48749153539027096 0.28580671184363571 0.12498178748103896 -0.56554032451678737 -0.4227606431156738 0.11795912825562151 0.97702556840925903 -0.90964280364608519 0.28580671184363571 1.0591049590775425
decision_type=2 2 2 2 2 2 2 2 2 2 2 2 2 2 2 2 2 2 2 2
left_child=1 -1 4 8 13 10 7 -5 9 -3 16 12 -12 -2 -7 -16 -6 18 -10 -19
right_child=2 3 -4 6 5 14 -8 -9 17 -11 11 -13 -14 -15 15 -17 -18 19 -20 -21
leaf_value=-0.026732180418690736 0.00061715124249943007 0.0037167991037778394 0.011127357875549766 -0.00737041358967617 -0.00052731660737959356 -0.00019364705621582933 -0.0024711249343615928 -0.00072061329217286754 0.0002206196690843981 -0.0042242945136383931 0.0015150482319685507 0.0019554961708517895 -0.0017776410559036226 0.0062764214291137627 0.0025568466250061482 0.0014141988049404203 0.0023956807675941808 -0.0028874834665121706 0.0011463209987157734 0.0019712043414545693
leaf_weight=80 12.999999999999998 17 728 226 97 13.999999999999998 21 9.9999999999999982 45 69 14.999999999999998 54 96 188 477 64 86 88 76 18
leaf_count=80 13 17 728 226 97 14 21 10 45 69 15 54 96 188 477 64 86 88 76 18
internal_value=0 -0.0048602 0.00270753 -0.00315865 0.00121686 0.000530675 -0.00607171 -0.00641491 -0.000161115 -0.00158877 -9.15066e-05 -0.00104085 -0.0018448 0.00336853 0.00122119 0.0012756 0 0 0.000304607 0
internal_weight=0 650 1832 570 1104 903 257 236 313 86 348 165 111 201 555 541 183 227 121 106
internal_count=2482 650 1832 570 1104 903 257 236 313 86 348 165 111 201 555 541 183 227 121 106
is_linear=0
shrinkage=0.0253571


Tree=32
num_leaves=17
num_cat=0
split_feature=1 5 1 1 6 2 3 2 2 2 2 2 1 5 2 1
split_gain=13.4348 6.77586 2.00882 1.30979 1.1079 0.513755 0.45435 0.302462 0.282187 0.223896 0.203126 0.0771344 0.163128 0.0272886 0.00522896 0.000470315
threshold=-0.84878253357978373 1.0000000180025095e-35 0.36842286774624472 1.2204666486744649 1.0000000180025095e-35 1.8324032063114493 -0.86158447112794823 -1.0030237002128752 -1.0030237002128752 -0.48749153539027096 -0.48749153539027096 -0.48749153539027096 0.064121517414737511 -1.214017751899376 2.6057014535453562 -0.605341453314578
decision_type=2 2 2 2 2 2 2 2 2 2 2 2 2 2 2 2
left_child=8 2 11 5 6 7 -3 -4 -1 -8 -6 12 -2 -10 -11 -13
right_child=1 4 3 -5 10 -7 9 -9 13 14 -12 15 -14 -15 -16 -17
leaf_value=0.00047640303773365824 -0.0062248635438143666 0.0013765552844794318 -0.0038993489665064733 -0.00030557269267125954 0.0020030153626851331 0.014553562575129938 0.0011304977741328816 -0.0031810994877462593 0.0031074718865848091 0.0079798643270496718 -0.0006961086488557381 0.0024643289228992288 0.00590327644139988 0.006515600603817874 0.014497584307488702 0.0013370444513150998
leaf_weight=17 54 101 47 104 261 5.9999999999999991 94 476 45 246 200 24 9.9999999999999982 634 4.9999999999999991 158
leaf_count=17 54 101 47 104 261 6 94 476 45 246 200 24 10 634 5 158
internal_value=0 -0.00046376 -0.00210621 -0.00285726 0.00094485 -0.00336509 0.00183795 -0.00347511 0.00362102 0.00227623 0 0 -0.000822677 0.00370161 0.00276303 0.00010485
internal_weight=0 1786 879 633 907 529 446 523 696 345 461 246 64 679 251 182
internal_count=2482 1786 879 633 907 529 446 523 696 345 461 246 64 679 251 182
is_linear=0
shrinkage=0.0253571


Tree=33
num_leaves=21
num_cat=0
split_feature=1 4 4 2 1 5 6 1 2 2 1 2 6 1 1 1 1 5 1 1
split_gain=13.2547 8.61544 3.02105 1.02204 0.890953 0.911897 0.880434 0.57273 0.496958 0.428799 0.309958 0.304016 0.268932 0.198637 0.183752 0.241733 0.155231 0.144025 0.286604 0.100902
threshold=-0.30104010298307088 1.0000000180025095e-35 1.0000000180025095e-35 -0.48749153539027096 -0.24017983291676948 1.1199807455555051 1.0000000180025095e-35 -1.2748044240438936 2.0901692887227514 -0.48749153539027096 -0.84878253357978373 -0.48749153539027096 1.0000000180025095e-35 1.6464885391385746 0.36842286774624472 1.2813269187407663 -0.24017983291676948 1.0000000180025095e-35 1.2813269187407663 0.12498178748103896
decision_type=2 2 2 2 2 2 2 2 2 2 2 2 2 2 2 2 2 2 2 2
left_child=2 4 3 7 -2 8 11 -1 13 17 -5 -3 -4 -6 -11 -16 -13 -8 19 -19
right_child=1 6 12 10 5 -7 9 -9 -10 14 -12 16 -14 -15 15 -17 -18 18 -20 -21
leaf_value=0.0035418593290596568 0.0028914903668024691 0.00081403834725965257 0.010190272388031966 0.0032645417718975504 -0.00556820472469293 0.00030575196091001713 -0.00012449215823423816 -0.0018907275852184668 0.01467523015103713 0.0014267115444628097 0.00050715786702192013 0.0010840751783759638 0.0016064470709001959 0.0095421999288592373 -0.0015029270759671066 0.0020598957542213425 0.0057844714862119754 -0.0017398668787203088 -0.0043362989320078196 0.0034479574406485092
leaf_weight=39 20 113 474 240 473 44 157 74 4.9999999999999991 42 43 13.999999999999998 7.9999999999999991 4.9999999999999991 204 11.999999999999998 292 4.9999999999999991 34 184
leaf_count=39 20 113 474 240 473 44 157 74 5 42 43 14 8 5 204 12 292 5 34 184
internal_value=0 -0.00066578 0.00314814 0.000900137 -0.00327851 -0.00349659 0.000537283 -6.0172e-06 -0.00381107 0 0.00184362 0.00143287 0.00461092 -0.00391588 -0.00084244 -0.00117282 0.00184993 0.000477849 0.000888105 0.0013675
internal_weight=0 1604 878 396 547 527 1057 113 483 638 283 419 482 478 258 216 306 380 223 189
internal_count=2482 1604 878 396 547 527 1057 113 483 638 283 419 482 478 258 216 306 380 223 189
is_linear=0
shrinkage=0.0253571


Tree=34
num_leaves=9
num_cat=0
split_feature=4 6 6 2 2 5 5 5
split_gain=9.96431 6.56474 2.84158 0.623942 0.427106 0.308674 0.245295 0.125374
threshold=1.0000000180025095e-35 1.0000000180025095e-35 1.0000000180025095e-35 1.0591049590775425 -0.48749153539027096 2.2869799942829454 1.0000000180025095e-35 1.0000000180025095e-35
decision_type=2 2 2 2 2 2 2 2
left_child=2 -2 3 7 6 -4 -3 -1
right_child=1 4 5 -5 -6 -7 -8 -9
leaf_value=-0.0013601767817394508 0.0074686387547760877 -0.00013121256116628948 -0.0061623435867939466 0.0019899968690867144 -0.00082209996822459118 -0.00024902404490324251 0.0025610993027130151 0.00046610757333595087
leaf_weight=484 893 158 223 164 261 31 227 41
leaf_count=484 893 158 223 164 261 31 227 41
internal_value=0 0.00196966 -0.00126965 -0.000146925 0 -0.00358381 0.000552761 -0.000765085
internal_weight=0 1539 943 689 646 254 385 525
internal_count=2482 1539 943 689 646 254 385 525
is_linear=0
shrinkage=0.0253571


Tree=35
num_leaves=9
num_cat=0
split_feature=4 6 6 2 2 5 5 5
split_gain=9.31197 6.60812 2.83627 0.421131 0.386064 0.281873 0.204627 0.0963512
threshold=1.0000000180025095e-35 1.0000000180025095e-35 1.0000000180025095e-35 1.0591049590775425 -0.48749153539027096 2.2869799942829454 1.0000000180025095e-35 1.0000000180025095e-35
decision_type=2 2 2 2 2 2 2 2
left_child=2 -2 3 7 6 -4 -3 -1
right_child=1 4 5 -5 -6 -7 -8 -9
leaf_value=-0.0013256866554292033 0.007279255802886 -0.00012788539232410235 -0.0060060844802356456 0.0019395363375636604 -0.00080125390459195758 -0.00024270951955743716 0.0024961572748607025 0.00045428844122436391
leaf_weight=484 893 158 223 164 261 31 227 41
leaf_count=484 893 158 223 164 261 31 227 41
internal_value=0 0.00193684 -0.00118951 -7.39785e-05 0 -0.00348637 0.000487946 -0.000621885
internal_weight=0 1539 943 689 646 254 385 525
internal_count=2482 1539 943 689 646 254 385 525
is_linear=0
shrinkage=0.0253571


Tree=36
num_leaves=11
num_cat=0
split_feature=1 5 1 1 6 6 5 2 2 1
split_gain=11.8875 4.75943 1.55296 1.28544 0.865274 0.620835 0.429401 0.384059 0.199075 7.32818e-06
threshold=-0.30104010298307088 1.0000000180025095e-35 0.36842286774624472 1.2204666486744649 1.0000000180025095e-35 1.0000000180025095e-35 -1.214017751899376 2.0901692887227514 -1.0030237002128752 -0.17931956285046807
decision_type=2 2 2 2 2 2 2 2 2 2
left_child=4 2 9 7 6 -3 -1 8 -4 -2
right_child=1 5 3 -5 -6 -7 -8 -9 -10 -11
leaf_value=0.00089423749991299705 -0.0021894478956544215 0.004893619514318966 -0.0035707347505173274 0.00015192515204068098 -0.011192724163439081 0.00011646511659177226 0.0052513080291245679 0.014203467475189163 -0.0030437246661479318 0.0011811942709542683
leaf_weight=50 55 356 47 104 12.999999999999998 457 815 4.9999999999999991 477 103
leaf_count=50 55 356 47 104 13 457 815 5 477 103
internal_value=0 -0.000571295 -0.00202063 -0.00257958 0.00303343 0.000635404 0.00315873 -0.00308083 -0.00316966 0
internal_weight=0 1604 791 633 878 813 865 529 524 158
internal_count=2482 1604 791 633 878 813 865 529 524 158
is_linear=0
shrinkage=0.0253571


Tree=37
num_leaves=16
num_cat=0
split_feature=0 0 0 1 2 0 1 0 0 0 1 1 1 0 0
split_gain=43.4675 10.1503 6.22375 3.28312 1.00809 0.997119 0.739487 0.828865 0.116586 0.126341 0.101695 0.066264 0.0564966 0.0679843 0.155332
threshold=-0.58144024449861209 -1.0465457550413289 0.20442315592537938 -0.84878253357978373 1.0591049590775425 -0.68091329760804464 -0.90964280364608519 -0.28709461838879841 0.17492289116571272 -0.56554032451678737 -0.54448118324827655 -0.4227606431156738 1.2204666486744649 -0.56002134402722825 -0.42901125954888714
decision_type=2 2 2 2 2 2 2 2 2 2 2 2 2 2 2
left_child=1 -1 6 -3 5 10 8 12 9 -2 -5 -9 13 -8 -15
right_child=2 3 -4 4 -6 -7 7 11 -10 -11 -12 -13 -14 14 -16
leaf_value=-0.021923352231836134 0.0021654722749714366 -1.3444185922688078e-05 0.010480334820314546 -0.0023740494762279386 -0.0003790527314282584 -0.0031841536638509823 0.0011426351229349221 8.1181254780324463e-05 0.0046987491403911686 0.0052534553664327485 -0.0069630381371155042 0.0021992806694065823 0.0027450944304371746 -0.0014716211052413115 -1.8544852964872135e-05
leaf_weight=110 7.9999999999999991 175 708 8.9999999999999982 47 70 19 14.999999999999998 7.9999999999999991 185 259 563 44 103 159
leaf_count=110 8 175 708 9 47 70 19 15 8 185 259 563 44 103 159
internal_value=0 -0.00479145 0.00270942 -0.00292335 -0.0042148 -0.00469821 0.00128538 0.000698008 0.00300143 0.00312196 -0.0054814 0.00129247 0 -0.000355632 -0.000546264
internal_weight=0 670 1812 560 385 338 1104 903 201 193 268 578 325 281 262
internal_count=2482 670 1812 560 385 338 1104 903 201 193 268 578 325 281 262
is_linear=0
shrinkage=0.0253571


Tree=38
num_leaves=15
num_cat=0
split_feature=1 5 1 1 6 2 3 2 2 2 2 2 1 1
split_gain=10.9078 4.61031 1.63407 1.09536 1.03815 0.671565 0.421676 0.420862 0.305506 0.233601 0.133535 0.00432105 0.0514074 0.000470315
threshold=-0.84878253357978373 1.0000000180025095e-35 0.36842286774624472 1.2204666486744649 1.0000000180025095e-35 -0.48749153539027096 -0.86158447112794823 1.8324032063114493 -0.48749153539027096 -1.0030237002128752 -1.0030237002128752 -0.48749153539027096 0.064121517414737511 -0.605341453314578
decision_type=2 2 2 2 2 2 2 2 2 2 2 2 2 2
left_child=9 2 11 7 5 -3 -7 10 -6 -1 -4 12 -2 -13
right_child=1 4 3 -5 8 6 -8 -9 -10 -11 -12 13 -14 -15
leaf_value=0.00017624703651980241 -0.0054590953038725562 2.9594242098075238e-05 -0.0031908762026250314 9.2305412274647274e-05 0.0018049424484862936 0.0023170942000988884 0.0069297664587659995 0.013269187443505005 -0.00056164034887312545 0.005857406300979846 -0.002974302973111671 0.0024117480972545863 0.005677594242948435 0.0012173807256408351
leaf_weight=17 54 121 47 104 261 74 251 5.9999999999999991 200 679 476 24 9.9999999999999982 158
leaf_count=17 54 121 47 104 261 74 251 6 200 679 476 24 10 158
internal_value=0 -0.000336425 -0.00170518 -0.00238124 0.000806017 0.00166973 0.00226057 -0.00284394 0 0.00333215 -0.00294806 0 -0.000100489 0.00010485
internal_weight=0 1786 879 633 907 446 325 529 461 696 523 246 64 182
internal_count=2482 1786 879 633 907 446 325 529 461 696 523 246 64 182
is_linear=0
shrinkage=0.0253571


Tree=39
num_leaves=18
num_cat=0
split_feature=0 0 0 1 0 5 0 5 5 1 1 1 2 1 1 1 1
split_gain=40.4001 10.7131 5.83895 3.49125 1.53888 0.678735 0.506573 0.137324 0.0879541 0.0845114 0.0767033 0.046273 0.0274103 0.181841 0.196851 0.00624484 0.00757313
threshold=-0.58144024449861209 -1.0992388782868801 0.20442315592537938 0.36842286774624472 -0.68091329760804464 1.0000000180025095e-35 -0.41337414816180323 3.4539792430103859 -1.214017751899376 -0.4227606431156738 0.85530502827665622 -1.8225468546406065 -0.48749153539027096 -1.3965249641764965 -0.17931956285046807 -0.24017983291676948 -1.1530838839112907
decision_type=2 2 2 2 2 2 2 2 2 2 2 2 2 2 2 2 2
left_child=1 -1 6 5 -5 12 9 8 -8 11 -11 -2 13 -3 -15 16 -14
right_child=2 3 -4 4 -6 -7 7 -9 -10 10 -12 -13 15 14 -16 -17 -18
leaf_value=-0.025654818259315641 4.2772775605734209e-05 0.0031542858747651082 0.010066057233413186 -0.0068247909198456093 -0.0023233646753190152 -0.024434329654756688 0.00095928001404800133 -4.4052883669510982e-05 0.0022412371807463013 -0.0013399573144373335 0.00038564462285532741 0.0035500925480573672 1.4868277860298439e-05 -0.0020560223243327362 0.0013852346493738955 -0.00063814657460819471 0.0016235332577482025
leaf_weight=80 5.9999999999999991 17 708 209 62 25 14.999999999999998 12.999999999999998 864 67 81 58 51 50 11.999999999999998 52 112
leaf_count=80 6 17 708 209 62 25 15 13 864 67 81 58 51 50 12 52 112
internal_value=0 -0.00460396 0.00262574 -0.00296764 -0.00517054 -0.000509 0.0012397 0.00150406 0.00154763 0 -0.000210175 0.000822677 0 -0.000454725 -0.00140431 3.24283e-06 0.000154084
internal_weight=0 670 1812 590 271 319 1104 892 879 212 148 64 294 79 62 215 163
internal_count=2482 670 1812 590 271 319 1104 892 879 212 148 64 294 79 62 215 163
is_linear=0
shrinkage=0.0253571


Tree=40
num_leaves=16
num_cat=0
split_feature=1 5 1 1 2 1 5 6 2 2 2 2 5 2 1
split_gain=10.4217 3.37691 1.1813 1.05862 1.44259 0.954247 0.832711 0.529849 0.460035 0.430761 0.322429 0.269039 0.161811 0.0789014 7.32818e-06
threshold=-0.30104010298307088 1.0000000180025095e-35 0.36842286774624472 -1.2748044240438936 -0.48749153539027096 1.2204666486744649 -1.214017751899376 1.0000000180025095e-35 -1.0030237002128752 -0.48749153539027096 2.0901692887227514 -0.48749153539027096 1.0000000180025095e-35 -1.0030237002128752 -0.17931956285046807
decision_type=2 2 2 2 2 2 2 2 2 2 2 2 2 2 2
left_child=3 2 14 8 12 10 -6 9 -1 -3 13 -9 -5 -4 -2
right_child=1 7 5 4 6 -7 -8 11 -10 -11 -12 -13 -14 -15 -16
leaf_value=-0.0015106112729949821 -0.0019481324045462984 -0.00035366015979989093 -0.0030064477330445523 -0.001699334676709362 -0.0078434155767166409 4.1260236702695972e-05 0.0044094409115240304 0.0015752373138281459 0.0075557360420242872 0.0054375318573010962 0.013430275559391587 -0.00070701193085774127 0.0078353976178416537 -0.0028635877877995915 0.0012435824489127774
leaf_weight=9.9999999999999982 55 96 47 82 13.999999999999998 104 350 257 362 260 4.9999999999999991 200 60 477 103
leaf_count=10 55 96 47 82 14 104 350 257 362 260 5 200 60 477 103
internal_value=0 -0.000508304 -0.00173437 0.00286137 0.00147414 -0.00222256 0.00234777 0.000480641 0.00424235 0.00120955 -0.00265443 0 0 -0.00273925 0
internal_weight=0 1604 791 878 506 633 364 813 372 356 529 457 142 524 158
internal_count=2482 1604 791 878 506 633 364 813 372 356 529 457 142 524 158
is_linear=0
shrinkage=0.0253571


Tree=41
num_leaves=13
num_cat=0
split_feature=1 4 4 2 1 1 6 2 6 1 1 1
split_gain=10.0781 5.98998 2.4123 0.999157 0.580179 0.580145 0.519763 0.345208 0.222648 0.132207 0.00172648 0.0880284
threshold=-0.24017983291676948 1.0000000180025095e-35 1.0000000180025095e-35 -0.48749153539027096 -1.2748044240438936 -0.30104010298307088 1.0000000180025095e-35 1.0591049590775425 1.0000000180025095e-35 1.6464885391385746 0.49014340787884753 1.2204666486744649
decision_type=2 2 2 2 2 2 2 2 2 2 2 2
left_child=2 7 3 4 -1 8 -3 9 -4 -2 -8 -12
right_child=1 6 5 -5 -6 -7 10 -9 -10 -11 11 -13
leaf_value=0.0030147049496242456 -0.0047350867135513156 0.004134824824625967 0.0088306006600724456 0.002837456601150742 -0.0019708157672411282 0.00014291234952284898 0.001823185710132618 -0.00027281537412831208 0.0015510835892751742 0.0095221677835229061 -0.00071545944064175398 0.0019840304272009915
leaf_weight=39 465 400 474 300 77 19 144 57 7.9999999999999991 4.9999999999999991 401 93
leaf_count=39 465 400 474 300 77 19 144 57 8 5 401 93
internal_value=0 -0.000549164 0.00273363 0.000737387 -0.000265202 0.00402577 0.000431714 -0.00278328 0.00419542 -0.00302323 0 -3.94528e-05
internal_weight=0 1565 917 416 116 501 1038 527 482 470 638 494
internal_count=2482 1565 917 416 116 501 1038 527 482 470 638 494
is_linear=0
shrinkage=0.0253571


Tree=42
num_leaves=15
num_cat=0
split_feature=0 0 0 1 0 1 2 0 1 1 1 0 1 1
split_gain=38.7076 9.45624 5.65121 2.62525 1.2957 0.498734 0.469347 0.370643 0.0757267 0.0744183 0.0867964 0.0623218 0.046273 0.0348872
threshold=-0.58144024449861209 -1.0992388782868801 0.20442315592537938 0.36842286774624472 -0.64569694591276339 -1.5182455043090994 1.0591049590775425 -0.41337414816180323 1.5856282690722734 -0.4227606431156738 0.85530502827665622 -1.0604089084139114 -1.8225468546406065 -0.17931956285046807
decision_type=2 2 2 2 2 2 2 2 2 2 2 2 2 2
left_child=1 -1 7 5 8 -3 11 9 -5 12 -11 -7 -2 -13
right_child=2 3 -4 4 -6 6 -8 -9 -10 10 -12 13 -14 -15
leaf_value=-0.024892517036641606 -0.00022297657388915847 0.0027764629118875363 0.0097046695147039574 -0.0065722040159268916 -0.0011591274796881651 0.0005392475235561808 0.00023835703775080606 0.0022081483425851747 -0.00082139306149124516 -0.0012414501272998827 0.00056854607723179015 -0.0021851048186635703 0.0032763122895167881 -0.00073063219460454195
leaf_weight=80 5.9999999999999991 43 708 225 40 4.9999999999999991 46 892 5.9999999999999991 67 81 169 58 56
leaf_count=80 6 43 708 225 40 5 46 892 6 67 81 169 58 56
internal_value=0 -0.00449146 0.00258391 -0.00292511 -0.00489614 -0.000664937 -0.00128287 0.00121686 -0.00561482 0 -4.57562e-05 -0.00180105 0.000822677 -0.00186741
internal_weight=0 670 1812 590 271 319 276 1104 231 212 148 230 64 225
internal_count=2482 670 1812 590 271 319 276 1104 231 212 148 230 64 225
is_linear=0
shrinkage=0.0253571


Tree=43
num_leaves=12
num_cat=0
split_feature=0 0 0 5 0 2 0 5 5 5 0
split_gain=37.4454 9.70412 5.46656 1.6823 1.13644 0.479718 0.356081 0.177527 0.156912 0.0125962 0.0027572
threshold=-0.58144024449861209 -1.0992388782868801 0.20442315592537938 1.0000000180025095e-35 -0.8227642366194482 1.0591049590775425 -0.47099493255874675 2.2869799942829454 -1.214017751899376 3.4539792430103859 -0.69129423710031046
decision_type=2 2 2 2 2 2 2 2 2 2 2
left_child=1 -1 6 4 5 -3 -2 -5 -8 -10 -6
right_child=2 3 -4 7 10 -7 8 -9 9 -11 -12
leaf_value=-0.024261315219127173 -7.8137215810736253e-05 -0.0034893516620312062 0.0094585873275534471 -0.013384291691281002 0.00064211067687843339 -6.9121678254375669e-05 -0.0012947442464465082 -0.00020430557215627269 0.0020695485190205917 3.9067741113243336e-05 -0.0017640866701029436
leaf_weight=80 131 227 708 82 135 45 15.999999999999998 5.9999999999999991 944 12.999999999999998 95
leaf_count=80 131 227 708 82 135 45 16 6 944 13 95
internal_value=0 -0.00441646 0.00254207 -0.00284005 -0.00173522 -0.00285069 0.00119402 -0.00680284 0.00136023 0.00140915 0
internal_weight=0 670 1812 590 502 272 1104 88 973 957 230
internal_count=2482 670 1812 590 502 272 1104 88 973 957 230
is_linear=0
shrinkage=0.0253571


Tree=44
num_leaves=14
num_cat=0
split_feature=1 4 4 6 5 1 1 1 5 1 1 1 1
split_gain=9.65245 6.12411 1.62039 1.18863 0.694889 0.631461 0.286834 0.125944 0.00401706 0.161752 0.169146 0.004613 2.2724e-05
threshold=-0.84878253357978373 1.0000000180025095e-35 1.0000000180025095e-35 1.0000000180025095e-35 1.1199807455555051 -1.5182455043090994 -0.24017983291676948 1.6464885391385746 1.0000000180025095e-35 1.2204666486744649 0.6118639480114505 1.2813269187407663 -0.605341453314578
decision_type=2 2 2 2 2 2 2 2 2 2 2 2 2
left_child=2 4 5 -3 6 -1 12 -8 9 10 -5 -10 -2
right_child=1 3 -4 8 -6 -7 7 -9 11 -11 -12 -13 -14
leaf_value=0.0045483637992796058 -0.0083046977865012007 0.0044756602797628537 0.0091164224907043685 0.0013541003682565195 0.00043941539628310011 0.00021240519671401304 -0.0044419880565232184 0.0092682779672786306 0.00070322483756677073 0.0018490933053175137 -0.0011476087441690795 -0.0015145220278523855 0.0028994532522066472
leaf_weight=111 29 530 364 50 45 221 478 4.9999999999999991 348 44 163 40 54
leaf_count=111 29 530 364 50 45 221 478 5 348 44 163 40 54
internal_value=0 -0.00029398 0.0031516 0.000666078 -0.00240449 0.00107047 -0.00264897 -0.00292994 0 -9.90585e-05 -0.000697281 0 0
internal_weight=0 1786 696 1175 611 332 566 483 645 257 213 388 83
internal_count=2482 1786 696 1175 611 332 566 483 645 257 213 388 83
is_linear=0
shrinkage=0.0253571


Tree=45
num_leaves=13
num_cat=0
split_feature=1 4 4 1 1 5 6 1 1 1 1 5
split_gain=9.2618 4.71861 2.5813 0.964773 0.882044 0.726473 0.645972 0.122546 0.0489986 0.00121094 0.0880284 0.201468
threshold=-0.48362091318197514 1.0000000180025095e-35 1.0000000180025095e-35 -1.5182455043090994 -0.24017983291676948 1.1199807455555051 1.0000000180025095e-35 1.6464885391385746 -0.4227606431156738 0.49014340787884753 1.2204666486744649 1.0000000180025095e-35
decision_type=2 2 2 2 2 2 2 2 2 2 2 2
left_child=2 4 3 -1 -2 7 8 -6 -3 -8 11 -11
right_child=1 6 -4 -5 5 -7 9 -9 -10 10 -12 -13
leaf_value=0.0044330305249226385 0.0025119950505765095 0.0005165379849121582 0.0088082255918301867 -9.1090243860004086e-05 -0.0043293521615461105 0.00032793852527339726 0.0016557454175150641 0.0090332614002691745 0.0036423174245409887 -0.0011157513046921655 0.0017783636120287897 6.9566594994174919e-05
leaf_weight=111 49 10.999999999999998 433 256 478 44 149 4.9999999999999991 452 176 93 225
leaf_count=111 49 11 433 256 478 44 149 5 452 176 93 225
internal_value=0 -0.00037217 0.00287086 0.000681331 -0.00227683 -0.00259306 0.000473715 -0.00287811 0.00119042 0 -3.94528e-05 -0.000375372
internal_weight=0 1682 800 367 576 527 1106 483 463 643 494 401
internal_count=2482 1682 800 367 576 527 1106 483 463 643 494 401
is_linear=0
shrinkage=0.0253571


Tree=46
num_leaves=15
num_cat=0
split_feature=1 4 4 2 1 5 1 6 2 1 1 1 1 5
split_gain=9.13749 4.31229 2.64106 1.00388 0.819142 0.674512 0.66865 0.439569 0.186662 0.143951 0.0364366 0.00121094 0.0880284 0.201468
threshold=-0.48362091318197514 1.0000000180025095e-35 1.0000000180025095e-35 1.0591049590775425 -1.5182455043090994 1.1199807455555051 -0.24017983291676948 1.0000000180025095e-35 -0.48749153539027096 1.6464885391385746 -0.4227606431156738 0.49014340787884753 1.2204666486744649 1.0000000180025095e-35
decision_type=2 2 2 2 2 2 2 2 2 2 2 2 2 2
left_child=2 3 4 5 -1 6 -2 10 -6 -8 -3 -9 13 -13
right_child=1 7 -4 -5 8 -7 9 11 -10 -11 -12 12 -14 -15
leaf_value=0.0043206217668886994 0.0025930865481276198 0.00050344008426952155 0.0085848746147290309 0.00039655653302989941 -0.0015986936781778446 0.00021928838341639707 -0.0049009283537728458 0.0016137605304368042 0.0010918165408444276 0.0088042041697151251 0.0035499588504783728 -0.0010874590974244611 0.0017332694842448449 6.7802588520487713e-05
leaf_weight=111 38 10.999999999999998 433 68 78 43 422 149 178 4.9999999999999991 452 176 93 225
leaf_count=111 38 11 433 68 78 43 422 149 178 5 452 176 93 225
internal_value=0 -0.00041723 0.00280795 -0.00223328 0.00061339 -0.00262723 -0.00290733 0.000382521 0 -0.00319161 0.00097426 0 -3.94528e-05 -0.000375372
internal_weight=0 1682 800 576 367 508 465 1106 256 427 463 643 494 401
internal_count=2482 1682 800 576 367 508 465 1106 256 427 463 643 494 401
is_linear=0
shrinkage=0.0253571


Tree=47
num_leaves=15
num_cat=0
split_feature=1 4 4 2 1 5 1 6 1 5 1 1 1 5
split_gain=9.06074 4.17017 2.35959 0.973035 0.851801 0.652597 0.646414 0.439569 0.139871 0.0524199 0.0364366 0.00121094 0.0880284 0.201468
threshold=-0.48362091318197514 1.0000000180025095e-35 1.0000000180025095e-35 1.0591049590775425 -1.2748044240438936 1.1199807455555051 -0.24017983291676948 1.0000000180025095e-35 1.6464885391385746 1.0000000180025095e-35 -0.4227606431156738 0.49014340787884753 1.2204666486744649 1.0000000180025095e-35
decision_type=2 2 2 2 2 2 2 2 2 2 2 2 2 2
left_child=2 3 4 5 9 6 -2 10 -8 -1 -3 -9 13 -13
right_child=1 7 -4 -5 -6 -7 8 11 -10 -11 -12 12 -14 -15
leaf_value=0.0033254832643698318 0.0025273334167853303 0.00049067430828419903 0.0083671871686594162 0.00038650101297031171 -0.00030206354796839135 0.00021372786794227389 -0.0047766550679554159 0.0015728402579571372 0.0085809551641802071 0.0050769714299187209 0.0034599422211746924 -0.001059884298228552 0.0016893188123587133 6.6083312119313397e-05
leaf_weight=144 38 10.999999999999998 433 68 210 43 422 149 4.9999999999999991 12.999999999999998 452 176 93 225
leaf_count=144 38 11 433 68 210 43 422 149 5 13 452 176 93 225
internal_value=0 -0.00040221 0.00280795 -0.00218973 0.000681331 -0.00257792 -0.00285352 0.000382521 -0.00313308 0.00210165 0.00097426 0 -3.94528e-05 -0.000375372
internal_weight=0 1682 800 576 367 508 465 1106 427 157 463 643 494 401
internal_count=2482 1682 800 576 367 508 465 1106 427 157 463 643 494 401
is_linear=0
shrinkage=0.0253571


Tree=48
num_leaves=18
num_cat=0
split_feature=0 0 0 0 1 1 1 2 5 5 0 5 1 1 4 2 4
split_gain=34.5815 9.25734 4.24382 2.54494 1.07569 0.994848 1.19644 1.00469 0.422147 0.15335 0.116856 0.0674934 0.0435094 0.110829 0.0072811 0.0266561 0.0373869
threshold=-0.84654841444350015 0.18451540487375581 -1.0992388782868801 -0.47099493255874675 -1.8834071247069077 -0.54448118324827655 1.2204666486744649 1.0591049590775425 2.2869799942829454 -1.214017751899376 0.11795912825562151 3.4539792430103859 0.30756259767994326 -0.17931956285046807 1.0000000180025095e-35 -0.74525761780157318 -1.518634353124295
decision_type=2 2 2 2 2 2 2 2 2 2 2 2 2 2 2 2 2
left_child=2 3 -1 5 -4 14 7 8 -7 -5 11 -11 13 -6 15 -2 -17
right_child=1 -3 4 9 12 6 -8 -9 -10 10 -12 -13 -14 -15 -16 16 -18
leaf_value=-0.023189734224604484 -0.00078636962366200342 0.0086068116041698919 0.0031273382599410395 -0.0010164612766136655 -0.0018337810080285668 -0.0049669312750743053 0.002505282427058234 0.00038515494073789705 0.0014517731928918134 0.0018999233115118254 0.0015636925308128782 -0.00020122323662651175 -0.0074290805587561813 -0.00035061538668686545 -0.00072904849203381684 -0.0032374275959904442 0.0032879532472967045
leaf_weight=80 24 728 12.999999999999998 15.999999999999998 105 210 41 37 4.9999999999999991 845 81 10.999999999999998 122 35 13.999999999999998 12.999999999999998 102
leaf_count=80 24 728 13 16 105 210 41 37 5 845 81 11 122 35 14 13 102
internal_value=0 0.00187844 -0.00656549 0.000523812 -0.00392482 -0.00082865 -0.001782 -0.00258049 -0.00326998 0.00133572 0.00138526 0.00147863 -0.00432776 -0.00143557 0 0.000179548 0.000424273
internal_weight=0 2127 355 1399 275 446 293 252 215 953 937 856 262 140 153 139 115
internal_count=2482 2127 355 1399 275 446 293 252 215 953 937 856 262 140 153 139 115
is_linear=0
shrinkage=0.0253571


Tree=49
num_leaves=18
num_cat=0
split_feature=1 4 4 1 2 5 1 6 2 1 2 2 1 5 1 1 1
split_gain=8.56168 3.32821 2.70081 0.864843 0.825624 0.548346 0.540818 0.447277 0.64339 0.172882 0.172784 0.168806 0.12028 0.0949381 0.173759 0.0279376 0.0182646
threshold=-0.48362091318197514 1.0000000180025095e-35 1.0000000180025095e-35 -1.5182455043090994 1.0591049590775425 1.1199807455555051 -0.24017983291676948 1.0000000180025095e-35 -0.48749153539027096 1.1596063786081634 -0.48749153539027096 -0.48749153539027096 1.6464885391385746 1.0000000180025095e-35 1.2813269187407663 0.42928313781254618 0.12498178748103896
decision_type=2 2 2 2 2 2 2 2 2 2 2 2 2 2 2 2 2
left_child=2 4 3 -1 5 6 -2 11 13 15 -5 -3 -8 -9 16 -10 -15
right_child=1 7 -4 10 -6 -7 12 8 9 -11 -12 -13 -14 14 -16 -17 -18
leaf_value=0.0040454022215056645 0.0025323384776390007 0.00027409315815448315 0.0081153689492886611 -0.0015239161319326702 0.00036693406279978444 0.00019245319649939223 -0.0045550460853866883 0.00036831032022643397 -0.00021581498449966594 0.00095913551459834339 0.00098527476316783553 0.0040639834442371897 0.0082998404297125496 0.0025241140099723971 -0.0037795040025624393 -0.0015172323934113216 0.002369057993403909
leaf_weight=111 38 122 433 78 68 43 422 157 62 25 178 341 4.9999999999999991 7.9999999999999991 34 173 184
leaf_count=111 38 122 433 78 68 43 422 157 62 25 178 341 5 8 34 173 184
internal_value=0 -0.00037217 0.00274505 0.000545449 -0.00197197 -0.00233136 -0.00258446 0.000314125 0 -0.00107423 0 0.000920219 -0.00284042 0.000523027 0.000849334 -0.00131696 0.0011869
internal_weight=0 1682 800 367 576 508 465 1106 643 260 256 463 427 383 226 235 192
internal_count=2482 1682 800 367 576 508 465 1106 643 260 256 463 427 383 226 235 192
is_linear=0
shrinkage=0.0253571


Tree=50
num_leaves=14
num_cat=0
split_feature=0 0 0 5 0 0 5 2 5 2 0 0 5
split_gain=33.1845 8.3413 5.31465 1.71848 0.813159 0.61211 0.153092 0.144523 0.0450405 0.0149009 0.0162469 0.0121228 0.0106642
threshold=-0.58144024449861209 -1.0992388782868801 0.20442315592537938 1.0000000180025095e-35 -0.84654841444350015 -0.47099493255874675 2.2869799942829454 1.0591049590775425 -1.214017751899376 1.0591049590775425 -0.84148934899473771 -0.54839206370994331 3.4539792430103859
decision_type=2 2 2 2 2 2 2 2 2 2 2 2 2
left_child=1 -1 5 4 7 11 -5 -3 -7 10 -6 -2 -10
right_child=2 3 -4 6 9 8 -8 -9 12 -11 -12 -13 -14
leaf_value=-0.022486207307964187 0.0022006945690697562 -0.0028432359766261796 0.0085698098313754471 -0.012814107613312982 0.00072595123357361484 -0.00092970464532071359 -0.00038009893133340042 -0.00010562596111526004 0.0017712890100205427 0.00040378494922651458 -0.00090583989638792219 -0.00036912949297211983 7.8615839528470538e-06
leaf_weight=80 50 207 708 82 6.9999999999999991 15.999999999999998 5.9999999999999991 35 944 54 199 81 12.999999999999998
leaf_count=80 50 207 708 82 7 16 6 35 944 54 199 81 13
internal_value=0 -0.00411648 0.0024305 -0.0026274 -0.00153564 0.00110266 -0.00653372 -0.00263337 0.00133433 0 -0.000212476 0 0.0013565
internal_weight=0 670 1812 590 502 1104 88 242 973 260 206 131 957
internal_count=2482 670 1812 590 502 1104 88 242 973 260 206 131 957
is_linear=0
shrinkage=0.0253571


Tree=51
num_leaves=13
num_cat=0
split_feature=6 4 4 2 4 2 5 3 5 3 3 2
split_gain=5.18104 4.7286 1.54201 0.564074 0.466237 0.574108 0.289398 0.228104 0.102864 0.0571394 0.0501549 0.0221974
threshold=1.0000000180025095e-35 1.0000000180025095e-35 1.0000000180025095e-35 -0.48749153539027096 -1.518634353124295 1.8324032063114493 2.2869799942829454 -0.86158447112794823 1.0000000180025095e-35 -0.86158447112794823 1.1798977793155532 1.0591049590775425
decision_type=2 2 2 2 2 2 2 2 2 2 2 2
left_child=1 4 6 8 5 -1 -2 11 -4 -5 -10 -6
right_child=2 -3 3 9 7 -7 -8 -9 10 -11 -12 -13
leaf_value=-0.004234043329182537 -0.0044688057805366433 0.0052386979472240011 1.3490937424864419e-05 -9.0834708398012293e-05 -0.0022550344141409259 0.017462387013715563 -0.00020120020082075628 0.00081589404360378958 0.0021344096047126518 -0.0012538044555606598 -0.0029858819233858172 0.002779014745991406
leaf_weight=134 223 893 158 61 99 14.999999999999998 31 410 196 200 31 31
leaf_count=134 223 893 158 61 99 15 31 410 196 200 31 31
internal_value=0 0.00148127 -0.000847219 0 0 -0.00131149 -0.00251193 0.000245032 0.000423131 -0.00104649 0.000764149 0
internal_weight=0 1582 900 646 689 149 254 540 385 261 227 130
internal_count=2482 1582 900 646 689 149 254 540 385 261 227 130
is_linear=0
shrinkage=0.0253571


Tree=52
num_leaves=13
num_cat=0
split_feature=6 4 4 2 4 2 5 3 5 3 3 2
split_gain=4.85239 4.51725 1.35167 0.485277 0.369237 0.510246 0.242251 0.228104 0.102864 0.0501549 0.041105 0.0221974
threshold=1.0000000180025095e-35 1.0000000180025095e-35 1.0000000180025095e-35 -0.48749153539027096 -1.518634353124295 1.8324032063114493 2.2869799942829454 -0.86158447112794823 1.0000000180025095e-35 1.1798977793155532 -0.86158447112794823 1.0591049590775425
decision_type=2 2 2 2 2 2 2 2 2 2 2 2
left_child=1 4 6 8 5 -1 -2 11 -4 -10 -5 -6
right_child=2 -3 3 10 7 -7 -8 -9 9 -11 -12 -13
leaf_value=-0.0041266803075611577 -0.0043554898660936965 0.0051058598071183079 1.3148846498142866e-05 -8.8531404439229919e-05 -0.0021978533014929765 0.017019591678676824 -0.00019609834903714859 0.00079520534416595713 0.0020802871863235986 -0.0029101686440034719 -0.0012220116219957215 0.002708547016432832
leaf_weight=134 223 893 158 61 99 14.999999999999998 31 410 196 31 200 31
leaf_count=134 223 893 158 61 99 15 31 410 196 31 200 31
internal_value=0 0.00148127 -0.000763276 0 0 -0.00114814 -0.00231704 0.000245032 0.000423131 0.000764149 -0.000951596 0
internal_weight=0 1582 900 646 689 149 254 540 385 227 261 130
internal_count=2482 1582 900 646 689 149 254 540 385 227 261 130
is_linear=0
shrinkage=0.0253571


Tree=53
num_leaves=19
num_cat=0
split_feature=0 0 0 1 1 0 1 1 0 1 1 1 6 4 4 1 0 0
split_gain=31.3324 8.94671 3.90578 1.44383 0.981904 0.87033 0.72514 1.15981 0.341693 0.202942 0.119151 0.250954 0.0831195 0.0235466 0.0151355 1.85181e-05 9.85442e-06 0.00566995
threshold=-0.84654841444350015 -0.10680792239653754 -1.0992388782868801 -0.24017983291676948 -1.8834071247069077 -0.47099493255874675 -0.54448118324827655 0.91616529834295768 -0.15273372432751067 0.12498178748103896 0.24670232761364183 0.7335844881440533 1.0000000180025095e-35 -1.518634353124295 1.3401069926887506 -0.17931956285046807 -0.68091329760804464 -0.56554032451678737
decision_type=2 2 2 2 2 2 2 2 2 2 2 2 2 2 2 2 2 2
left_child=2 5 -1 12 -4 6 16 10 13 -5 15 -12 -3 -7 -15 -8 -2 -18
right_child=1 3 4 9 -6 8 7 -9 -10 -11 11 -13 -14 14 -16 -17 17 -19
leaf_value=-0.021692264038059489 0.0023251339643255331 0.0084737943303747169 0.0029767018269674143 0.0017722101303008393 -0.0041735478265741343 1.7736572501568407e-05 -0.0034643959700029064 0.00051158854852757741 -0.00070570689493512314 0.0037458673161265307 -0.0070173347749933994 -0.0012784980084165761 0.00086700598805835812 0.0015388559078021134 0.0042815710224658535 0.0020808238531415278 -0.0019224703330613488 0.0046641698681854091
leaf_weight=80 75 490 12.999999999999998 85 262 25 37 107 91 521 69 51 4.9999999999999991 456 7.9999999999999991 29 43 35
leaf_count=80 75 490 13 85 262 25 37 107 91 521 69 51 5 456 8 29 43 35
internal_value=0 0.00181901 -0.0062145 0.00340152 -0.00365432 0 -0.000716506 -0.00152777 0.000747373 0.00197888 -0.00274097 -0.00347106 0.00475693 0.00105112 0.00109352 0 0 0
internal_weight=0 2127 355 1101 275 1026 446 293 580 606 186 120 495 489 464 66 153 78
internal_count=2482 2127 355 1101 275 1026 446 293 580 606 186 120 495 489 464 66 153 78
is_linear=0
shrinkage=0.0253571


Tree=54
num_leaves=15
num_cat=0
split_feature=1 4 4 1 2 5 1 6 1 2 1 1 1 2
split_gain=8.51093 2.52876 2.32163 1.01583 0.796929 0.434958 0.426388 0.333434 0.0985493 0.0916484 0.0255117 0.0154309 0.142845 0.000560299
threshold=-0.48362091318197514 1.0000000180025095e-35 1.0000000180025095e-35 -1.5182455043090994 1.0591049590775425 1.1199807455555051 -0.24017983291676948 1.0000000180025095e-35 1.6464885391385746 -0.48749153539027096 -0.4227606431156738 0.49014340787884753 1.2204666486744649 1.3168710414888449
decision_type=2 2 2 2 2 2 2 2 2 2 2 2 2 2
left_child=1 3 4 -1 5 6 -2 10 -8 -5 -4 -9 -13 -11
right_child=2 -3 7 9 -6 -7 8 11 -10 13 -12 12 -14 -15
leaf_value=0.0038266574884384865 0.0025793450885594278 0.007387493399986538 -0.00023034220668956956 -0.0012534796603290773 0.00037789289429570304 0.00024400415236899153 -0.0040072212547571963 0.0012628164474646362 0.0083095267411040594 0.0012865896377916104 0.0028902709222670036 -0.00086621175599775689 0.0015528290348273902 0.00013251965710220665
leaf_weight=111 38 433 10.999999999999998 78 68 43 422 149 4.9999999999999991 132 452 401 93 46
leaf_count=111 38 433 11 78 68 43 422 149 5 132 452 401 93 46
internal_value=0 0.0027765 -0.00032711 0.00061339 -0.0016671 -0.00203549 -0.00226159 0.000222931 -0.00248924 0 0.000758097 0 -0.000140836 0
internal_weight=0 800 1682 367 576 508 465 1106 427 256 463 643 494 178
internal_count=2482 800 1682 367 576 508 465 1106 427 256 463 643 494 178
is_linear=0
shrinkage=0.0253571


Tree=55
num_leaves=8
num_cat=0
split_feature=0 0 0 1 2 0 1
split_gain=31.9382 8.69543 4.69392 1.50053 0.542125 0.153025 0.0235917
threshold=-0.58144024449861209 -1.0992388782868801 0.20442315592537938 -1.5182455043090994 1.0591049590775425 -0.48374114940368057 -1.3965249641764965
decision_type=2 2 2 2 2 2 2
left_child=1 -1 5 -3 6 -2 -5
right_child=2 3 -4 4 -6 -7 -8
leaf_value=-0.021095613701725951 5.3447501305171736e-05 0.0021691424291891107 0.0078986364643991239 -0.00058088805875458139 -4.0285084792157411e-05 0.0016914021615570783 -0.0038947452891015828
leaf_weight=80 121 43 708 12.999999999999998 78 983 456
leaf_count=80 121 43 708 13 78 983 456
internal_value=0 -0.00400399 0.00241655 -0.00249981 -0.00291183 0.00114834 -0.00325637
internal_weight=0 670 1812 590 547 1104 469
internal_count=2482 670 1812 590 547 1104 469
is_linear=0
shrinkage=0.0253571


Tree=56
num_leaves=16
num_cat=0
split_feature=0 0 0 5 1 0 1 0 5 0 0 5 5 1 1
split_gain=30.4372 8.29604 4.52549 1.75498 1.57189 1.54352 0.805591 0.168429 0.0787164 0.077946 0.157977 0.0663763 0.00185587 3.23758e-06 0.111796
threshold=-0.58144024449861209 -1.0992388782868801 0.20442315592537938 1.0000000180025095e-35 0.36842286774624472 -0.77900660559508761 0.85530502827665622 -0.28709461838879841 1.0000000180025095e-35 -0.34359846625809298 -0.48374114940368057 3.4539792430103859 -1.214017751899376 -0.17931956285046807 -1.5182455043090994
decision_type=2 2 2 2 2 2 2 2 2 2 2 2 2 2 2
left_child=1 -1 7 4 13 -6 -5 8 9 10 -2 12 -9 14 -3
right_child=2 3 -4 6 5 -7 -8 11 -10 -11 -12 -13 -14 -15 -16
leaf_value=-0.020560690307257184 -9.8374187986195231e-06 0.0021141392874121593 0.0076983500214943641 -0.018160742949552292 -0.0040352070134143936 -0.00019061789715835929 -0.0055213399043457945 0.00028829349738618889 -0.0002347047586221261 -0.0007169913147612578 0.0017361001955001625 0.0033687370180284881 0.0022672617079623207 0.0018424180823239976 -0.00076920883286949327
leaf_weight=80 106 43 708 49 124 84 39 8.9999999999999982 86 63 147 10.999999999999998 682 53 198
leaf_count=80 106 43 708 49 124 84 39 9 86 63 147 11 682 53 198
internal_value=0 -0.00389149 0.00237472 -0.00241475 -0.00133607 -0.00299213 -0.00626461 0.0011255 0.00011046 0.000415371 0.000638595 0.00146002 0.00149215 0 -2.90179e-06
internal_weight=0 670 1812 590 502 208 88 1104 402 316 253 702 691 294 241
internal_count=2482 670 1812 590 502 208 88 1104 402 316 253 702 691 294 241
is_linear=0
shrinkage=0.0253571


Tree=57
num_leaves=15
num_cat=0
split_feature=0 0 0 1 0 4 0 2 1 0 4 2 1 0
split_gain=29.3199 7.79253 4.82423 1.71038 0.986673 0.960795 0.305147 0.164715 0.161811 0.110784 0.0680721 0.0469204 0.0417187 0.0324407
threshold=-0.58144024449861209 -1.0992388782868801 0.20442315592537938 0.36842286774624472 -0.68091329760804464 1.0000000180025095e-35 -0.28709461838879841 1.5746371239001469 -0.84878253357978373 -0.32743573768152728 -1.518634353124295 -0.48749153539027096 0.79444475821035476 -0.56554032451678737
decision_type=2 2 2 2 2 2 2 2 2 2 2 2 2 2
left_child=1 -1 6 5 7 10 8 -5 9 13 -3 -12 -10 -2
right_child=2 3 -4 4 -6 -7 -8 -9 12 -11 11 -13 -14 -15
leaf_value=-0.020039331013932696 0.0020785011978170613 -0.0036568298229260779 0.0075031422601306757 -0.0054862159383325089 -0.001152230440427412 -0.021746657834592995 0.0021595541801149296 0.0001610485459604473 -0.00049158023220015855 -0.0027541801860180085 -0.00045952715682649834 0.0020593517010870431 0.0011890641243060738 0.0047634228690081491
leaf_weight=80 7.9999999999999991 52 708 202 62 44 702 6.9999999999999991 147 12.999999999999998 65 158 173 61
leaf_count=80 8 52 708 202 62 44 702 7 147 13 65 158 173 61
internal_value=0 -0.00381649 0.00233288 -0.00237223 -0.00398146 -0.000431032 0.00105698 -0.00483386 0 0.00108596 0 0.000334996 0 0.00152645
internal_weight=0 670 1812 590 271 319 1104 209 402 82 275 223 320 69
internal_count=2482 670 1812 590 271 319 1104 209 402 82 275 223 320 69
is_linear=0
shrinkage=0.0253571


Tree=58
num_leaves=19
num_cat=0
split_feature=0 0 0 5 1 0 1 0 1 1 0 0 5 1 5 0 4 4
split_gain=28.9957 6.91595 4.92608 1.95671 1.56474 1.61158 0.746286 0.278356 0.12977 0.0983722 0.135623 0.087557 0.120485 0.031606 0.0295095 0.0147998 0.0107738 0.0141035
threshold=-0.60036246331995724 -1.0992388782868801 0.18451540487375581 1.0000000180025095e-35 0.36842286774624472 -0.77900660559508761 0.85530502827665622 -0.28709461838879841 -0.24017983291676948 -0.84878253357978373 -0.34675216939498393 0.11795912825562151 3.4539792430103859 1.0378858384755605 -1.214017751899376 -0.56554032451678737 -1.518634353124295 1.0000000180025095e-35
decision_type=2 2 2 2 2 2 2 2 2 2 2 2 2 2 2 2 2 2
left_child=1 -1 7 4 16 -6 -5 9 -4 10 15 12 14 -11 -9 -2 -3 -18
right_child=2 3 8 6 5 -7 -8 11 -10 13 -12 -13 -14 -15 -16 -17 17 -19
leaf_value=-0.019531191875606563 8.4521568577372073e-05 -0.0029436777433157605 0.0091519454520506381 -0.017871007907817163 -0.0037937714260200283 0.00030128676780660839 -0.0054687742011093055 -0.0010742531834177444 0.0039292587958140047 -0.00051104410432025078 -0.0013719816315880126 0.0011335537045417004 -0.00068423025767466142 0.0014111328307704315 0.0021642681882580342 0.0048276996890754646 0.00077526188595304169 -0.0024833505717081397
leaf_weight=80 12.999999999999998 50 408 46 124 72 38 7.9999999999999991 320 238 14.999999999999998 82 8.9999999999999982 97 583 59 218 22
leaf_count=80 13 50 408 46 124 72 38 8 320 238 15 82 9 97 583 59 218 22
internal_value=0 -0.00389417 0.00227991 -0.00245456 -0.00132798 -0.0030443 -0.00654235 0.000988461 0.00398125 0 0.00082371 0.00135507 0.00147562 0 0.0015297 0.00138687 0 0
internal_weight=0 650 1832 570 486 196 84 1104 728 422 87 682 600 335 591 72 290 240
internal_count=2482 650 1832 570 486 196 84 1104 728 422 87 682 600 335 591 72 290 240
is_linear=0
shrinkage=0.0253571


Tree=59
num_leaves=11
num_cat=0
split_feature=6 4 4 2 2 3 3 4 5 3
split_gain=4.50525 3.92521 1.11753 0.485277 0.211265 0.359196 0.041105 0.0272803 0.0157871 0.00491161
threshold=1.0000000180025095e-35 1.0000000180025095e-35 1.0000000180025095e-35 -0.48749153539027096 1.0591049590775425 -0.86158447112794823 -0.86158447112794823 -1.518634353124295 2.2869799942829454 1.1798977793155532
decision_type=2 2 2 2 2 2 2 2 2 2
left_child=1 4 8 9 5 -1 -5 -7 -2 -4
right_child=2 -3 3 6 -6 7 -8 -9 -10 -11
leaf_value=-0.0035717045852137093 -0.0039568588641903388 0.0044063166464359755 0.0012897511165356672 -7.9837461405060672e-05 0.0020408170955599843 -0.0016590921548031413 -0.001432468290771867 0.00068316945741357486 -0.00022972279532791016 0.00038363760663515426
leaf_weight=124 223 893 340 61 164 91 200 310 31 45
leaf_count=124 223 893 340 61 164 91 200 310 31 45
internal_value=0 0.00144934 -0.000707314 0 0 -0.000240018 -0.000951596 0 -0.00212216 0.000423131
internal_weight=0 1582 900 646 689 525 261 401 254 385
internal_count=2482 1582 900 646 689 525 261 401 254 385
is_linear=0
shrinkage=0.0253571


Tree=60
num_leaves=13
num_cat=0
split_feature=0 0 0 5 0 2 5 5 0 5 0 0
split_gain=27.1482 6.29959 4.65209 2.24626 0.616124 0.473944 0.454185 0.160353 0.116478 0.0161088 0.041402 0.0219938
threshold=-0.58144024449861209 -1.0465457550413289 0.54476028611485161 1.0000000180025095e-35 -0.28709461838879841 1.0591049590775425 2.2869799942829454 3.4539792430103859 0.52564096084745082 1.0000000180025095e-35 -0.35273106492533945 -0.56554032451678737
decision_type=2 2 2 2 2 2 2 2 2 2 2 2
left_child=1 -1 4 5 9 -3 -5 8 -6 10 11 -2
right_child=2 3 -4 6 7 -7 -8 -9 -10 -11 -12 -13
leaf_value=-0.015717974552496548 -3.2233421416906065e-05 -0.0015381094200548904 0.011427488999931972 -0.011640535554016824 0.0023478846923001861 0.00042752018080918444 0.0027121112884881814 -0.00066105506702078152 -0.001386498488589591 -0.00023218874201539667 -0.00050988993059129253 0.00045470442326669259
leaf_weight=110 18 391 455 79 932 85 4.9999999999999991 12.999999999999998 9.9999999999999982 86 74 224
leaf_count=110 18 391 455 79 932 85 5 13 10 86 74 224
internal_value=0 -0.0036665 0.0022492 -0.00211726 0.00131189 -0.000961141 -0.0062613 0.00168907 0.00173228 0 0.000179288 0.000385969
internal_weight=0 670 1812 560 1357 476 84 955 942 402 316 242
internal_count=2482 670 1812 560 1357 476 84 955 942 402 316 242
is_linear=0
shrinkage=0.0253571


Tree=61
num_leaves=18
num_cat=0
split_feature=0 0 0 1 2 0 0 0 6 1 2 1 0 1 2 1 1
split_gain=25.8141 6.34272 4.64029 1.61171 0.992651 0.770137 0.655411 0.112411 0.091247 0.0441304 0.11854 0.157118 0.0932614 0.0245837 0.0156521 0.031543 0.00778427
threshold=-0.60036246331995724 -1.0777542756668113 0.54476028611485161 -0.84878253357978373 1.0591049590775425 -0.28709461838879841 -0.68091329760804464 0.52564096084745082 1.0000000180025095e-35 -0.84878253357978373 -0.48749153539027096 0.7335844881440533 -0.34675216939498393 -0.36190037304937234 -0.74525761780157318 -1.761686584574305 1.2813269187407663
decision_type=2 2 2 2 2 2 2 2 2 2 2 2 2 2 2 2 2
left_child=1 -1 5 -3 6 9 -5 8 -7 12 11 -11 14 -12 -2 -16 -15
right_child=2 3 -4 4 -6 7 -8 -9 -10 10 13 -13 -14 16 15 -17 -18
leaf_value=-0.016945534066003513 0.0020071473886435686 -0.00014888422170358451 0.011137721122470436 -0.0047397372651507121 0.00014959170985166204 0.0030721106847175121 -0.0013714516368826468 -0.0013513409203657649 0.00095849300362587015 -0.0019119064418468622 0.0025450290046062965 0.0019307123220211996 -0.0013923109713585922 -0.00087996666996352307 0.0020882194846678502 0.0045651582274422228 0.0021177555339080096
leaf_weight=90 7.9999999999999991 176 455 281 47 482 56 9.9999999999999982 463 45 12.999999999999998 134 14.999999999999998 135 11.999999999999998 52 7.9999999999999991
leaf_count=90 8 176 455 281 47 482 56 10 463 45 13 134 15 135 12 52 8
internal_value=0 -0.00362368 0.00219714 -0.00216204 -0.00307219 0.00127458 -0.0035483 0.00168907 0.00172015 0 0 0.000140773 0.000551705 -0.00066874 0.00106271 0.00118377 -0.000769481
internal_weight=0 650 1832 560 384 1377 337 955 945 422 335 179 87 156 72 64 143
internal_count=2482 650 1832 560 384 1377 337 955 945 422 335 179 87 156 72 64 143
is_linear=0
shrinkage=0.0253571


Tree=62
num_leaves=19
num_cat=0
split_feature=0 0 0 5 1 0 1 0 5 0 1 2 1 0 2 1 1 1
split_gain=25.1525 6.04058 4.64029 2.25115 1.1821 1.20393 1.17614 0.637955 0.156959 0.113967 0.0441304 0.0719582 0.157118 0.0520877 0.0477269 0.00900795 0.0010684 0.159282
threshold=-0.60036246331995724 -1.1355721665098104 0.54476028611485161 1.0000000180025095e-35 0.36842286774624472 -0.77900660559508761 0.85530502827665622 -0.28709461838879841 3.4539792430103859 0.52564096084745082 -0.84878253357978373 -0.48749153539027096 0.7335844881440533 -0.32743573768152728 0.28580671184363571 1.2813269187407663 -1.5182455043090994 -0.17931956285046807
decision_type=2 2 2 2 2 2 2 2 2 2 2 2 2 2 2 2 2 2
left_child=1 -1 7 4 16 -6 -5 10 9 -9 13 12 -12 -2 15 -13 -3 -18
right_child=2 3 -4 6 5 -7 -8 8 -10 -11 11 14 -14 -15 -16 -17 17 -19
leaf_value=-0.027224890234492288 0.0040790117907792368 0.0020067484204318291 0.010855300915420928 -0.017090269476059874 -0.0033638307784977306 0.00025742562912696963 -0.0044885983831801377 0.0022451312017454888 -0.00066859722781982805 -0.0013170748457956172 -0.0018634260563866328 -0.0011528185733911561 0.0018817550741477272 -0.0027200915105642137 2.0872498235931549e-05 0.002064055414306318 -0.00072302432799341808 0.0019201685229389362
leaf_weight=60 74 42 455 51 130 72 40 932 12.999999999999998 9.9999999999999982 45 95 134 12.999999999999998 53 7.9999999999999991 202 53
leaf_count=60 74 42 455 51 130 72 40 932 13 10 45 95 134 13 53 8 202 53
internal_value=0 -0.0035464 0.00219714 -0.0023297 -0.00118088 -0.00265213 -0.00639732 0.00127458 0.00166269 0.00170554 0 0 0.000140773 0.000551705 -0.00051243 -0.000819125 0 -5.12816e-05
internal_weight=0 650 1832 590 499 202 91 1377 955 942 422 335 179 87 156 103 297 255
internal_count=2482 650 1832 590 499 202 91 1377 955 942 422 335 179 87 156 103 297 255
is_linear=0
shrinkage=0.0253571


Tree=63
num_leaves=18
num_cat=0
split_feature=1 5 2 2 1 6 2 5 1 3 2 1 1 1 1 1 1
split_gain=7.06505 1.14106 0.69924 0.620785 0.688985 0.45161 0.573367 0.422911 0.349598 0.287187 0.237723 0.177406 0.051047 0.0145294 0.0107231 0.00149069 0.000102089
threshold=-0.84878253357978373 1.0000000180025095e-35 1.0591049590775425 -1.0030237002128752 -1.2748044240438936 1.0000000180025095e-35 -0.48749153539027096 1.0000000180025095e-35 1.2204666486744649 -0.86158447112794823 -0.48749153539027096 0.36842286774624472 -0.17931956285046807 -0.66620172338087946 0.79444475821035476 -1.1530838839112907 -0.90964280364608519
decision_type=2 2 2 2 2 2 2 2 2 2 2 2 2 2 2 2 2
left_child=3 2 8 -1 -5 6 -3 15 11 -8 -7 12 -2 -4 -15 -6 -17
right_child=1 5 13 4 7 10 9 -9 -10 -11 -12 -13 -14 14 -16 16 -18
leaf_value=-0.00077862168556248564 -0.0010166449784326178 -0.0017821279083214717 -0.0029462435360048246 0.0055621721949031507 -0.00083138685029187536 0.00093246224347666592 0.00038595932475321998 0.0074728114193720867 0.00043547913461886056 0.0042032597263391945 -0.0016230693641897974 -0.0018606093410715458 0.0021155008691722305 0.001985994970281635 -0.00093486480784977003 0.00082412065290848749 0.00020255398191666328
leaf_weight=17 119 121 4.9999999999999991 362 24 261 74 112 104 251 200 480 83 77 10.999999999999998 169 11.999999999999998
leaf_count=17 119 121 5 362 24 261 74 112 104 251 200 480 83 77 11 169 12
internal_value=0 -9.5902e-05 -0.000817189 0.00282661 0.0029615 0.000417284 0.000996866 0.00113976 -0.00114517 0.00157156 0 -0.00135507 0 0.000135008 0.000344011 0 7.15507e-05
internal_weight=0 1786 879 696 679 907 446 317 786 325 461 682 202 93 88 205 181
internal_count=2482 1786 879 696 679 907 446 317 786 325 461 682 202 93 88 205 181
is_linear=0
shrinkage=0.0253571


Tree=64
num_leaves=16
num_cat=0
split_feature=0 0 0 5 1 1 0 0 5 0 1 1 5 0 0
split_gain=23.4801 5.22177 4.83548 1.54563 0.92799 0.891578 0.98954 0.598905 0.146947 0.106569 0.0153953 0.184483 0.00507111 0.0260255 0.0444692
threshold=-0.58144024449861209 -1.1509464693021534 0.54476028611485161 1.0000000180025095e-35 0.85530502827665622 0.36842286774624472 -0.77900660559508761 -0.28709461838879841 3.4539792430103859 0.52564096084745082 -1.5182455043090994 -0.17931956285046807 1.0000000180025095e-35 -0.35273106492533945 -0.48374114940368057
decision_type=2 2 2 2 2 2 2 2 2 2 2 2 2 2 2
left_child=1 -1 7 5 -5 10 -7 12 9 -9 -3 -12 13 14 -2
right_child=2 3 -4 4 -6 6 -8 8 -10 -11 11 -13 -14 -15 -16
leaf_value=-0.035025407329625849 1.4751288600835351e-05 0.0018712924659653087 0.010452238460134143 -0.01634964371207585 -0.0041776153254737885 -0.0032076723798904094 -0.00012903551766362846 0.0021428191274740775 -0.00061048722970741612 -0.0012764310844044144 -0.00075244894149958778 0.0018813382435929362 -0.00025254735035641027 -0.00046678317149493199 0.0017996536699921575
leaf_weight=50 106 43 455 55 41 136 84 932 12.999999999999998 9.9999999999999982 207 54 86 74 136
leaf_count=50 106 43 455 55 41 136 84 932 13 10 207 54 86 74 136
internal_value=0 -0.00332902 0.00216552 -0.00227883 -0.00577434 -0.00125672 -0.00249715 0.00121888 0.00158355 0.00162531 0 -0.000192467 0 0.000100594 0.000283815
internal_weight=0 670 1812 620 96 524 220 1357 955 942 304 261 402 316 242
internal_count=2482 670 1812 620 96 524 220 1357 955 942 304 261 402 316 242
is_linear=0
shrinkage=0.0253571


Tree=65
num_leaves=13
num_cat=0
split_feature=0 0 0 5 0 1 0 1 5 0 1 1
split_gain=22.7363 5.42208 4.18295 1.62303 1.08879 0.959027 0.899369 0.271652 0.146947 0.106569 0.0125378 0.15422
threshold=-0.63794409236790661 0.54476028611485161 -1.1509464693021534 1.0000000180025095e-35 -0.28709461838879841 0.36842286774624472 -0.77900660559508761 0.85530502827665622 3.4539792430103859 0.52564096084745082 -1.5182455043090994 -0.17931956285046807
decision_type=2 2 2 2 2 2 2 2 2 2 2 2
left_child=2 4 -1 5 -2 10 -7 -5 9 -6 -4 -12
right_child=1 -3 3 7 8 6 -8 -9 -10 -11 11 -13
leaf_value=-0.034137264891755892 0.00014909479688971134 0.010187200099271791 0.0017673720791053348 -0.015935064310097963 0.0020884834680517887 -0.0031263351397391968 0.00016064580054436564 -0.0049549223151451405 -0.00059500704952341395 -0.0012440645053549393 -0.0007367395188046346 0.0016123668295741395
leaf_weight=50 462 455 38 47 932 136 56 37 12.999999999999998 9.9999999999999982 194 52
leaf_count=50 462 455 38 47 932 136 56 37 13 10 194 52
internal_value=0 0.00204234 -0.00352971 -0.00243074 0.00109623 -0.00132923 -0.00272196 -0.0062613 0.00158355 0.00162531 0 -0.00017878
internal_weight=0 1872 610 560 1417 476 192 84 955 942 284 246
internal_count=2482 1872 610 560 1417 476 192 84 955 942 284 246
is_linear=0
shrinkage=0.0253571


Tree=66
num_leaves=18
num_cat=0
split_feature=0 0 0 1 0 2 2 0 2 0 1 1 1 2 2 1 1
split_gain=21.7544 5.50634 3.67966 1.31953 1.08462 1.06283 0.381142 0.230095 0.207854 0.195351 0.0449463 0.0148248 0.10465 0.143297 0.0584617 0.00759489 0.0378479
threshold=-0.63794409236790661 0.62353716238843793 -1.1509464693021534 -0.84878253357978373 -0.28709461838879841 1.0591049590775425 0.28580671184363571 -0.68091329760804464 -0.22972545297896871 -1.1080429662107008 1.0378858384755605 1.0378858384755605 -0.84878253357978373 -0.74525761780157318 -0.48749153539027096 -1.5182455043090994 -0.97050307371238664
decision_type=2 2 2 2 2 2 2 2 2 2 2 2 2 2 2 2 2
left_child=2 4 -1 15 11 7 8 9 -6 -5 -3 12 -2 -14 -13 -4 -17
right_child=1 10 3 5 6 -7 -8 -9 -10 -11 -12 14 13 -15 -16 16 -18
leaf_value=-0.033271643162425361 0.0022628946303182127 0.011205902308238922 0.0017225566646210189 -0.00085393687794063015 0.0017206983072290852 4.1282360717024463e-05 0.0041304143935705648 -0.0020051597052855746 0.00031286173026735451 -0.0043283195933771076 0.0090505543671357998 0.0037484231630924144 0.00060917717737993965 -0.00087537336127103938 -0.0012279489363625827 -0.00071131696080631388 0.0004556527619335504
leaf_weight=50 98 403 38 10.999999999999998 583 50 200 30 212 298 11.999999999999998 81 67 193 23 108 25
leaf_count=50 98 403 38 11 583 50 200 30 212 298 12 81 67 193 23 108 25
internal_value=0 0.00200184 -0.00344741 -0.00238595 0.00110092 -0.00320976 0.00157094 -0.00371137 0.000950335 -0.00394392 0.0046972 0 0 -0.000502744 0.000294074 0 -0.000187286
internal_weight=0 1872 610 560 1457 389 995 339 795 309 415 462 358 260 104 171 133
internal_count=2482 1872 610 560 1457 389 995 339 795 309 415 462 358 260 104 171 133
is_linear=0
shrinkage=0.0253571


Tree=67
num_leaves=18
num_cat=0
split_feature=1 2 5 2 6 2 1 1 2 3 2 1 1 1 1 1 1
split_gain=6.20942 1.46604 1.30719 0.643999 0.474075 0.262297 0.235663 0.296095 0.213811 0.199689 0.154018 0.140197 0.0973299 0.0743985 0.0672027 0.0451256 0.015594
threshold=-1.2748044240438936 1.0591049590775425 1.0000000180025095e-35 -1.0030237002128752 1.0000000180025095e-35 -0.48749153539027096 1.2204666486744649 -0.90964280364608519 -0.48749153539027096 -0.86158447112794823 0.54357279425493799 -1.2139441539775919 1.0987461085418622 0.36842286774624472 0.79444475821035476 1.2813269187407663 0.12498178748103896
decision_type=2 2 2 2 2 2 2 2 2 2 2 2 2 2 2 2 2
left_child=3 2 6 -1 8 13 7 -2 -4 -10 -11 -3 16 -6 -13 -15 -7
right_child=1 11 4 -5 5 12 -8 -9 9 10 -12 14 -14 15 -16 -17 -18
leaf_value=-0.0023391192499955375 0.00017477160791179048 -0.0018088269374608296 0.0017583439408959279 0.0052103021063826501 -0.0036315272207975593 -0.00068440484248115461 0.00027351122261577352 -0.0014441759482000435 4.1741997275170586e-05 0.003557716095579388 0.00063097941143795862 0.0028849880076509617 0.0028813091466433705 0.0015012974091644796 0.00057041308032216784 -0.00072950763505232855 -0.0016621280932841941
leaf_weight=9.9999999999999982 151 4.9999999999999991 152 362 35 7.9999999999999991 104 692 65 198 37 227 27 188 17 38 166
leaf_count=10 151 5 152 362 35 8 104 692 65 198 37 227 27 188 17 38 166
internal_value=0 0 -0.000204086 0.00357192 0.000352111 0 -0.000918502 -0.00106085 0.000956144 0.00134794 0.00168488 0.00184084 -0.000860025 0.000239912 0.00195362 0.000521755 -0.00109439
internal_weight=0 2110 1861 372 914 462 947 843 452 300 235 249 201 261 244 226 174
internal_count=2482 2110 1861 372 914 462 947 843 452 300 235 249 201 261 244 226 174
is_linear=0
shrinkage=0.0253571


Tree=68
num_leaves=16
num_cat=0
split_feature=0 0 6 0 0 0 0 5 0 0 2 0 0 2 2
split_gain=21.2165 5.18806 4.27915 1.25719 0.80095 0.382644 0.130208 0.0484979 0.0357771 0.064009 0.15187 0.0208707 0.149676 0.00735311 0.00115699
threshold=-0.63794409236790661 0.18451540487375581 1.0000000180025095e-35 -0.97736139247578568 -0.68091329760804464 -0.28709461838879841 0.14870773384030736 3.4539792430103859 -0.95068632010958376 -0.83235675032749123 -0.22972545297896871 0.69075046049342437 0.66552083539829743 -0.48749153539027096 2.0901692887227514
decision_type=2 2 2 2 2 2 2 2 2 2 2 2 2 2 2
left_child=2 5 3 -1 -4 13 7 -7 -5 10 -10 12 -3 -2 -15
right_child=1 11 4 8 -6 6 -8 -9 9 -11 -12 -13 -14 14 -16
leaf_value=-0.0028171670533765616 0.001075372800974677 0.0027165362783843211 -0.009831506251886498 0.0012562150628380956 -0.0016488002200786267 0.0016489312326132286 -0.00016052247200907144 0.0033313813212911578 -0.0038923951783193813 4.0683541655425743e-05 0.00030816810481891786 0.011542612565920185 -0.002668657294900084 -0.00040722938287898074 0.0075872435793249739
leaf_weight=126 216 333 148 21 15.999999999999998 629 42 10.999999999999998 57 169 73 385 9.9999999999999982 235 10.999999999999998
leaf_count=126 216 333 148 21 16 629 42 11 57 169 73 385 10 235 11
internal_value=0 0.00197484 -0.00340626 -0.00155759 -0.00719173 0.000711587 0.00109716 0.00118809 -9.93607e-05 -0.000293121 -0.000703306 0.00370496 0.00203514 0 0
internal_weight=0 1872 610 446 164 1144 682 640 320 299 130 728 343 462 246
internal_count=2482 1872 610 446 164 1144 682 640 320 299 130 728 343 462 246
is_linear=0
shrinkage=0.0253571


Tree=69
num_leaves=17
num_cat=0
split_feature=0 0 1 1 1 0 1 1 1 0 0 5 5 1 1 0
split_gain=19.7848 7.17712 2.55089 1.00508 0.641276 0.596212 0.394849 0.807497 0.179151 0.170731 0.184271 0.127057 0.0611988 0.0549912 0.253403 0.0410302
threshold=-0.83235675032749123 0.18451540487375581 -0.84878253357978373 1.1596063786081634 -1.5182455043090994 -0.42901125954888714 0.12498178748103896 0.7335844881440533 0.18584205754734043 -1.1509464693021534 -1.1080429662107008 -1.214017751899376 1.0000000180025095e-35 -0.17931956285046807 0.12498178748103896 -0.34675216939498393
decision_type=2 2 2 2 2 2 2 2 2 2 2 2 2 2 2 2
left_child=2 3 -1 4 11 6 -6 -8 12 -4 -11 -2 -7 -3 -15 -10
right_child=1 13 9 -5 5 8 7 -9 15 10 -12 -13 -14 14 -16 -17
leaf_value=-0.00031419807070453388 -0.0011695103581982108 0.0070587630164207779 -0.03308500206223388 0.0031691058793497586 -3.3965025536715128e-05 0.0013146690497255786 -0.005454036224702829 -0.00023418488593720754 6.1481877471723689e-05 -0.0011242980634978029 -0.0037530735019544038 0.0037538766996199442 -0.0022484700894624182 0.00074551896615444218 0.003205721761593892 0.0013510093804830587
leaf_weight=97 5.9999999999999991 425 48 142 178 129 83 125 67 13.999999999999998 218 89 61 49 254 497
leaf_count=97 6 425 48 142 178 129 83 125 67 14 218 89 61 49 254 497
internal_value=0 0.00157974 -0.00463363 0.00035799 0 -5.04011e-05 -0.000955412 -0.00169009 0.000192734 -0.00587173 -0.00386156 0.00201115 0 0.00363589 0.00180638 0.000501531
internal_weight=0 2105 377 1377 1235 1140 386 208 754 280 232 95 190 728 303 564
internal_count=2482 2105 377 1377 1235 1140 386 208 754 280 232 95 190 728 303 564
is_linear=0
shrinkage=0.0253571


Tree=70
num_leaves=20
num_cat=0
split_feature=0 0 0 1 2 1 1 2 2 1 1 0 1 2 0 1 0 0 0
split_gain=17.9667 4.81463 3.2416 1.13718 0.706944 0.278426 0.264731 0.471193 0.380113 0.206025 0.11412 0.0776668 0.0528944 0.136878 0.107939 0.0342697 0.0233373 0.00471256 0.0151545
threshold=-0.60036246331995724 0.18451540487375581 -1.1773587330736142 -1.5182455043090994 1.0591049590775425 -0.17931956285046807 0.7335844881440533 0.54357279425493799 -0.48749153539027096 0.12498178748103896 -1.2748044240438936 -0.57322747591295886 -0.84878253357978373 -1.0030237002128752 -0.032564494382231794 1.5856282690722734 -0.52224260853322313 -0.132497462532461 0.1214413421359385
decision_type=2 2 2 2 2 2 2 2 2 2 2 2 2 2 2 2 2 2 2
left_child=2 6 -1 -4 10 -3 7 12 16 -7 -5 -9 -2 -14 -15 -12 -8 -10 -19
right_child=1 5 3 4 -6 9 8 11 17 -11 15 -13 13 14 -16 -17 -18 18 -20
leaf_value=-0.039601696423606066 0.0017006251610052561 0.0068797733208906036 0.0017283741591912567 -0.00024652321439601349 -0.00010579889027699615 0.00072661477395338011 0.0013965634366184235 -0.0065685673722267511 -0.0009415459693495414 0.0031244339834481955 -0.002519875628377956 0.0034157993353706138 0.0048618474415579732 -0.00084224698772672327 0.00018072944393766649 0.0020658434826776794 0.0036074547591526313 0.0054088618584164534 0.0023875565233546316
leaf_weight=40 130 425 42 18 81 49 32 5.9999999999999991 108 254 462 143 31 250 121 6.9999999999999991 230 47 5.9999999999999991
leaf_count=40 130 425 42 18 81 49 32 6 108 254 462 143 31 250 121 7 230 47 6
internal_value=0 0.00187987 -0.00296679 -0.00208949 -0.00244103 0.00353228 0.000623026 1.94928e-05 0.00118321 0.00164237 -0.00280335 0.00139317 -6.02237e-05 -0.000296807 -0.000573275 -0.00288286 0.00177525 0 0.000226195
internal_weight=0 1832 650 610 568 728 1104 681 423 303 487 149 532 402 371 469 262 161 53
internal_count=2482 1832 650 610 568 728 1104 681 423 303 487 149 532 402 371 469 262 161 53
is_linear=0
shrinkage=0.0253571


Tree=71
num_leaves=16
num_cat=0
split_feature=0 0 5 0 2 0 0 0 2 0 5 0 4 0 0
split_gain=16.3365 5.06841 2.59369 1.45618 0.959446 0.316354 0.305181 0.213257 0.185734 0.0686943 0.030924 0.0376421 0.0140295 0.000515541 0.00190665
threshold=-0.63794409236790661 0.18451540487375581 1.0000000180025095e-35 -0.83235675032749123 -0.22972545297896871 -0.69129423710031046 -0.96691475083483469 -0.42901125954888714 1.5746371239001469 0.14870773384030736 -1.214017751899376 -0.28709461838879841 -1.518634353124295 -0.69129423710031046 -0.79595775995587592
decision_type=2 2 2 2 2 2 2 2 2 2 2 2 2 2 2
left_child=2 7 3 4 -1 12 8 -2 -6 10 -9 -12 -4 14 -5
right_child=1 -3 5 13 6 -7 -8 9 -10 -11 11 -13 -14 -15 -16
leaf_value=-0.0057031738882624946 -2.4953741840671554e-05 0.0055051136877101959 -0.00090142778555908881 -0.00016867574587598483 -0.0024876550764435824 -0.002880127310785221 0.0006024264802745702 0.0015881438149736788 0.00029965412313930659 -0.000155743384006703 0.00051490413268381701 0.0015374624847272361 -0.014935980914278316 -0.0030716319404349196 0.0012984394878767795
leaf_weight=144 252 728 4.9999999999999991 35 79 13.999999999999998 81 14.999999999999998 11.999999999999998 42 204 631 84 47 109
leaf_count=144 252 728 5 35 79 14 81 15 12 42 204 631 84 47 109
internal_value=0 0.00179933 -0.00291247 -0.00165655 -0.0026975 -0.00708742 -0.000181872 0.000557269 -0.00144185 0.000741844 0.000793041 0.000814717 -0.00773 0 4.69746e-05
internal_weight=0 1872 610 507 316 103 172 1144 91 892 850 835 89 191 144
internal_count=2482 1872 610 507 316 103 172 1144 91 892 850 835 89 191 144
is_linear=0
shrinkage=0.0253571


Tree=72
num_leaves=21
num_cat=0
split_feature=0 0 5 0 0 2 2 0 2 0 2 0 0 5 0 4 0 0 0 0
split_gain=15.335 5.02672 2.89379 1.68739 0.661777 0.419851 0.353035 0.316354 0.176504 0.137129 0.0851798 0.137231 0.0901315 0.0570513 0.0142198 0.0140295 0.00929295 0.0501951 0.00658151 0.000317703
threshold=-0.63794409236790661 0.62353716238843793 1.0000000180025095e-35 -0.98859645990095923 -0.10220877198857158 1.5746371239001469 0.28580671184363571 -0.69129423710031046 -1.0030237002128752 0.52564096084745082 0.80133887666624026 -0.8227642366194482 -0.95068632010958376 5.7879777404652675 0.607308731663187 -1.518634353124295 -0.20483552823489506 -0.41337414816180323 -0.059305268897118839 -0.10680792239653754
decision_type=2 2 2 2 2 2 2 2 2 2 2 2 2 2 2 2 2 2 2 2
left_child=2 4 3 5 8 -1 9 15 -2 13 11 12 -5 18 -8 -4 17 -10 -6 -18
right_child=1 -3 7 10 6 -7 14 -9 16 -11 -12 -13 -14 -15 -16 -17 19 -19 -20 -21
leaf_value=-0.0062006501120004109 0.0056897494303837217 0.010077161051961202 -0.00087857019925051394 6.5815405739087408e-05 0.0012297678080515199 0.00017788186382885002 0.0041954137733058328 -0.002807095660728919 -5.4273809773397575e-05 -0.00029813496915737911 0.00049095798144358502 4.4336140057135313e-05 -0.002608567272359392 -0.00087627495649339384 0.010741689140066745 -0.014557247888382373 -0.00093385035802819895 0.001026891010129109 0.0017032515807342274 0.00033037944843472355
leaf_weight=132 75 415 4.9999999999999991 33 60 9.9999999999999982 155 13.999999999999998 245 33 84 139 109 4.9999999999999991 4.9999999999999991 84 153 299 419 7.9999999999999991
leaf_count=132 75 415 5 33 60 10 155 14 245 33 84 139 109 5 5 84 153 299 419 8
internal_value=0 0.00177233 -0.00278902 -0.00150833 0.000910295 -0.00389677 0.00154128 -0.00708742 0.000137983 0.000704088 -7.02394e-05 -0.000443916 -0.000988515 0.000842005 0.00309343 -0.00773 0 5.89102e-05 0.000889875 -0.000155926
internal_weight=0 1872 610 507 1457 142 677 103 780 517 365 281 142 484 160 89 705 544 479 161
internal_count=2482 1872 610 507 1457 142 677 103 780 517 365 281 142 484 160 89 705 544 479 161
is_linear=0
shrinkage=0.0253571


Tree=73
num_leaves=18
num_cat=0
split_feature=0 0 5 0 2 0 0 2 0 0 5 0 0 0 0 0 0
split_gain=14.8844 4.89726 2.5623 1.68739 0.419851 0.267018 0.206006 0.0851798 0.137231 0.0901315 0.0271056 0.0261872 0.0268665 0.0172497 0.123381 7.32818e-06 0.000851058
threshold=-0.63794409236790661 0.20442315592537938 1.0000000180025095e-35 -0.98859645990095923 1.5746371239001469 -0.69129423710031046 -0.42901125954888714 0.80133887666624026 -0.8227642366194482 -0.95068632010958376 -1.214017751899376 0.14870773384030736 -0.28709461838879841 0.69075046049342437 0.66552083539829743 -0.69129423710031046 -0.79595775995587592
decision_type=2 2 2 2 2 2 2 2 2 2 2 2 2 2 2 2 2
left_child=2 6 3 4 -1 -4 -2 8 9 -5 -8 12 -12 14 -3 16 -10
right_child=1 13 5 7 -6 -7 10 -9 15 -11 11 -13 -14 -15 -16 -17 -18
leaf_value=-0.0060434196633999777 -2.294476161173446e-05 0.0021461739460219105 -0.012026355053648735 6.414651851239359e-05 0.00017337129723626456 -0.0027359158808625017 0.0015132588709378784 0.00047850871527436588 0.00067926796872356024 -0.0025424215948853905 0.00047580869308066462 0.00063224418989629065 0.0014770745180432987 0.010694289997836818 -0.0033495497995221224 -0.0037547017607681252 0.0013420098994227512
leaf_weight=132 252 313 89 33 9.9999999999999982 13.999999999999998 14.999999999999998 84 19 109 204 62 631 385 9.9999999999999982 36 84
leaf_count=132 252 313 89 33 10 14 15 84 19 109 204 62 631 385 10 36 84
internal_value=0 0.00174533 -0.00274787 -0.00150833 -0.00389677 -0.00685526 0.000547745 -7.02394e-05 -0.000443916 -0.000988515 0.000725685 0.000744756 0.000784574 0.00345368 0.00177366 0 6.56811e-06
internal_weight=0 1872 610 507 142 103 1164 365 281 142 912 897 835 708 323 139 103
internal_count=2482 1872 610 507 142 103 1164 365 281 142 912 897 835 708 323 139 103
is_linear=0
shrinkage=0.0253571


Tree=74
num_leaves=21
num_cat=0
split_feature=0 0 1 0 2 0 1 2 1 2 5 2 2 1 0 2 2 2 0 1
split_gain=14.3492 4.82862 2.80938 1.24965 0.621721 1.05956 0.872669 0.416927 0.341394 0.224196 0.111912 0.0951929 0.0502317 0.278556 0.191386 0.0739998 0.0414987 0.0343722 0.0927382 0.032414
threshold=-0.63794409236790661 0.62353716238843793 -0.24017983291676948 -0.83235675032749123 0.28580671184363571 -0.30450568779038334 0.97702556840925903 -0.48749153539027096 1.0378858384755605 1.0000000180025095e-35 -1.214017751899376 1.0591049590775425 -1.0030237002128752 -1.0313633437786878 -0.032564494382231794 -0.74525761780157318 0.28580671184363571 -1.0030237002128752 -0.68091329760804464 -0.605341453314578
decision_type=2 2 2 2 2 2 2 2 2 2 2 2 2 2 2 2 2 2 2 2
left_child=2 4 -1 9 6 -6 12 10 -3 -4 -8 17 19 15 -15 -14 -11 -5 -19 -2
right_child=1 8 3 11 5 -7 7 -9 -10 16 -12 -13 13 14 -16 -17 -18 18 -20 -21
leaf_value=-0.00022529553092449046 -0.00017232426182220488 0.0095504574793275464 -0.0087125734805825281 0.00025778639761445701 -3.6504798889280715e-06 0.0037375076855377695 0.0055449437722585385 0.00019013784845771514 0.007715169015118325 0.00040266864662124674 0.0045609790101832255 0.00041917944815570037 -0.00039141519198361763 -0.00067663298318616772 6.7744839391204988e-05 0.0036136143659280858 -0.0024623828900112877 -0.0038828451116020958 0.0022162249198132179 0.0045959830801877693
leaf_weight=228 5.9999999999999991 403 163 12.999999999999998 98 205 6.9999999999999991 73 11.999999999999998 21 167 19 25 407 292 104 62 82 22 73
leaf_count=228 6 403 163 13 98 205 7 73 12 21 167 19 25 407 292 104 62 82 22 73
internal_value=0 0.00170483 -0.00270673 -0.0040351 0.000858306 0.00205239 0.000388551 0.00170517 0.00421561 -0.00530604 0.00236068 -0.000406199 0 -3.8855e-05 -0.000414513 0.000661627 -0.000718538 -0.000828951 -0.000984233 0.000603494
internal_weight=0 1872 610 382 1457 303 1154 247 415 246 174 136 907 828 699 129 83 117 104 79
internal_count=2482 1872 610 382 1457 303 1154 247 415 246 174 136 907 828 699 129 83 117 104 79
is_linear=0
shrinkage=0.0253571


Tree=75
num_leaves=19
num_cat=0
split_feature=1 2 4 2 2 3 1 1 1 1 1 1 3 1 1 5 1 1
split_gain=5.30093 1.63179 0.959596 0.581955 0.265103 0.259447 0.218389 0.379607 0.186527 0.149171 0.118948 0.0891083 0.0778508 0.0765819 0.0585463 0.0499015 0.0404431 0.0326343
threshold=-1.2748044240438936 1.0591049590775425 1.0000000180025095e-35 -1.0030237002128752 -0.48749153539027096 1.1798977793155532 -0.84878253357978373 0.67272421807775196 1.0000000180025095e-35 -1.2139441539775919 0.79444475821035476 1.0378858384755605 -0.86158447112794823 0.79444475821035476 -0.97050307371238664 1.1199807455555051 1.5856282690722734 -0.17931956285046807
decision_type=2 2 2 2 2 2 2 2 2 2 2 2 2 2 2 2 2 2
left_child=3 2 6 -1 5 16 -2 -8 14 -3 -9 12 -10 -11 -6 -12 -4 -16
right_child=1 9 4 -5 8 -7 7 10 11 13 15 -13 -14 -15 17 -17 -18 -19
leaf_value=-0.0025103353883919139 -5.1206277215614136e-05 -0.0018357043177376182 0.0014018828030806594 0.004598839134594402 -0.00042681821001665427 -0.002951170941076726 -0.0030636171515651921 0.002041721887653922 -5.3479121894737462e-05 0.0029769789624832007 -0.0017826349405798793 0.0012333263792976975 -0.0010859530199359793 0.00049989738149160872 0.0019019801126909149 0.0017997881023309945 0.00098835154511899459 0.00064021347560348503
leaf_weight=9.9999999999999982 134 4.9999999999999991 482 362 59 73 257 50 84 227 209 53 292 17 108 19 5.9999999999999991 35
leaf_count=10 134 5 482 362 59 73 257 50 84 227 209 53 292 17 108 19 6 35
internal_value=0 0 -0.000217666 0.00330375 9.05383e-05 0.000560064 -0.00101501 -0.00124289 -6.08155e-05 0.00194019 0 -0.000526009 -0.000681873 0.00205496 9.47792e-05 -0.00057143 0.00083519 0.00051459
internal_weight=0 2110 1861 372 1192 561 669 535 631 249 278 429 376 244 202 228 488 143
internal_count=2482 2110 1861 372 1192 561 669 535 631 249 278 429 376 244 202 228 488 143
is_linear=0
shrinkage=0.0253571


Tree=76
num_leaves=12
num_cat=0
split_feature=0 0 6 0 4 4 0 0 0 0 5
split_gain=13.9133 4.43992 4.24158 0.750455 0.55238 0.585611 0.532487 0.250569 0.104815 0.156292 0.101011
threshold=-0.63794409236790661 0.62353716238843793 1.0000000180025095e-35 -0.77900660559508761 1.0000000180025095e-35 -1.518634353124295 -0.28709461838879841 -0.83235675032749123 -0.98859645990095923 -0.76593187800672735 3.4539792430103859
decision_type=2 2 2 2 2 2 2 2 2 2 2
left_child=2 6 4 -4 5 7 -2 -1 -7 -10 -8
right_child=1 -3 3 -5 -6 8 10 -9 9 -11 -12
leaf_value=-0.0053947601053857446 0.00014124455730108105 0.009252768062838564 -0.0091037889453533631 -0.0031984338979659469 -0.015972428851351431 -0.0012496084792295238 0.0015618085406145354 0.0015267454834508221 0.0016769334244323116 -0.00015799650072021853 -0.00094196821883651136
leaf_weight=66 462 415 114 50 56 71 982 18 157 78 12.999999999999998
leaf_count=66 462 415 114 50 56 71 982 18 157 78 13
internal_value=0 0.00167783 -0.00266558 -0.00629794 -0.000884722 -4.98083e-05 0.000858306 -0.00204556 0 0.000528568 0.00119104
internal_weight=0 1872 610 164 446 390 1457 84 306 235 995
internal_count=2482 1872 610 164 446 390 1457 84 306 235 995
is_linear=0
shrinkage=0.0253571


Tree=77
num_leaves=19
num_cat=0
split_feature=1 6 4 3 4 1 5 1 1 1 3 1 1 1 5 1 1 4
split_gain=5.34295 1.24002 0.980679 0.391494 0.219433 0.203995 0.151644 0.10641 0.109653 0.079501 0.0642354 0.113395 0.124542 0.0396445 0.00792009 0.00755068 0.0243474 0.00655852
threshold=-1.2748044240438936 1.0000000180025095e-35 1.0000000180025095e-35 -0.86158447112794823 -1.518634353124295 1.4030474588733692 1.0000000180025095e-35 1.0378858384755605 -1.0922236138449894 -1.2139441539775919 -0.86158447112794823 -1.0922236138449894 0.42928313781254618 -0.24017983291676948 2.2869799942829454 -0.84878253357978373 0.91616529834295768 1.0000000180025095e-35
decision_type=2 2 2 2 2 2 2 2 2 2 2 2 2 2 2 2 2 2
left_child=-1 2 4 17 6 13 7 8 -2 -4 15 -12 -13 -5 -15 -6 -17 -3
right_child=1 3 9 5 10 -7 -8 -9 -10 -11 11 12 -14 14 -16 16 -18 -19
leaf_value=0.0042678056696918041 0.001129626662030493 -0.0025876505238806129 0.0016650615447576375 0.0005634191522429974 0.0032835101337101488 0.0022151060252585241 0.0037586895942558975 0.0010361566909102948 -0.0035628125531890938 0.0022295847027067775 -0.0012603715196725653 0.0012661580673365722 -1.319770998572688e-05 -0.0012192886428117808 -0.00066817357090622745 -0.0035574677286117997 0.00049446728533431483 0.00089003382351271259
leaf_weight=372 5.9999999999999991 63 23 8.9999999999999982 36 35 8.9999999999999982 9.9999999999999982 84 655 21 194 98 612 26 67 6.9999999999999991 155
leaf_count=372 6 63 23 9 36 35 9 10 84 655 21 194 98 612 26 67 7 155
internal_value=0 0 0.000558302 -0.000679333 0 -0.000986627 -0.00110657 -0.00149873 -0.00178624 0.00121475 0 0.000359699 0.000618853 -0.00110742 -0.00113273 0 -0.000246004 0
internal_weight=0 2110 1210 900 532 682 109 100 90 678 423 313 292 647 638 110 74 218
internal_count=2482 2110 1210 900 532 682 109 100 90 678 423 313 292 647 638 110 74 218
is_linear=0
shrinkage=0.0253571


Tree=78
num_leaves=21
num_cat=0
split_feature=0 0 6 0 0 5 1 2 0 1 2 1 1 0 2 1 0 5 1 1
split_gain=12.3391 4.5893 4.09281 0.58074 0.530039 0.394123 0.527798 0.369365 0.287094 0.255201 0.271061 0.226189 0.198241 0.155787 0.153555 0.0926011 0.0622899 0.0526984 0.0366512 0.0270911
threshold=-0.63794409236790661 0.85415170427358211 1.0000000180025095e-35 -0.10220877198857158 -0.77900660559508761 1.0000000180025095e-35 0.55100367794514904 0.28580671184363571 -0.97736139247578568 0.97702556840925903 -0.48749153539027096 0.064121517414737511 1.0378858384755605 0.75967201446422683 1.5746371239001469 0.85530502827665622 -0.12927805724688482 5.7879777404652675 0.91616529834295768 -1.3965249641764965
decision_type=2 2 2 2 2 2 2 2 2 2 2 2 2 2 2 2 2 2 2 2
left_child=2 3 5 9 11 8 -7 13 14 19 16 -4 -3 17 18 -6 -11 -5 -1 -2
right_child=1 12 4 7 15 6 -8 -9 -10 10 -12 -13 -14 -15 -16 -17 -18 -19 -20 -21
leaf_value=-0.001862201674038681 0.0032981125752395151 0.011785376560024501 -0.010719481641448829 0.0015638961020157409 -0.0087397144861077729 -0.0196511433040139 0.00077052790508505098 0.0039776200003640164 0.00037305133560414707 0.0043258010583284937 -0.00069992534119371001 -0.0086726303632697135 0.0099882263343392622 -0.0015192876845875264 0.00020992224152966519 0.0015314009297553877 -0.0012430404944858923 -0.00090113970709355658 -0.0019431630512457346 -0.0003324867165816432
leaf_weight=90 65 316 5.9999999999999991 547 19 27 10.999999999999998 197 298 127 50 108 8.9999999999999982 18 11.999999999999998 31 6.9999999999999991 4.9999999999999991 7.9999999999999991 531
leaf_count=90 65 316 6 547 19 27 11 197 298 127 50 108 9 18 12 31 7 5 8 531
internal_value=0 0.00162383 -0.00245983 0.000898363 -0.00600001 -0.000716506 -0.00331323 0.00144386 -1.70359e-05 0.000137983 0.00097021 -0.00733534 0.00448069 0.000650329 -0.00126069 0 0.00158741 0.000784861 -0.00164914 0
internal_weight=0 1872 610 1547 164 446 38 767 408 780 184 114 325 570 110 50 134 552 98 596
internal_count=2482 1872 610 1547 164 446 38 767 408 780 184 114 325 570 110 50 134 552 98 596
is_linear=0
shrinkage=0.0253571


Tree=79
num_leaves=21
num_cat=0
split_feature=0 0 0 1 1 2 0 2 0 1 1 2 2 1 0 0 0 2 1 5
split_gain=11.0365 4.09456 3.83679 0.973163 1.4489 0.634812 0.509348 0.580541 0.442023 0.39579 0.198241 0.151443 0.131135 0.124612 0.0239211 0.104387 0.0443707 0.0141667 0.0155737 0.00897885
threshold=-0.42901125954888714 -1.1773587330736142 0.85415170427358211 0.12498178748103896 0.7335844881440533 0.28580671184363571 -0.77900660559508761 -0.22972545297896871 -0.30450568779038334 0.30756259767994326 1.0378858384755605 -0.48749153539027096 1.5746371239001469 0.79444475821035476 -0.032564494382231794 0.75967201446422683 0.21276732880840302 -0.48749153539027096 0.91616529834295768 2.2869799942829454
decision_type=2 2 2 2 2 2 2 2 2 2 2 2 2 2 2 2 2 2 2 2
left_child=1 -1 5 -3 9 11 7 13 -7 -5 -4 19 -11 -6 -13 16 -16 18 -8 -2
right_child=2 3 10 4 6 8 17 -9 -10 12 -12 14 -14 -15 15 -17 -18 -19 -20 -21
leaf_value=-0.036881882988867923 0.0016549122387197099 -6.7718235503580238e-05 0.011486533695165608 -0.0038973448817332724 0.00092518514001041236 -5.4942683703996349e-05 -0.00080022046702163277 0.0008632035630191119 0.003813312077796005 -0.0051436921963996457 0.0097349539711346807 -0.00046054861313758467 7.2929207678190135e-05 -0.0051221957317187736 0.00074869859050968152 -0.0029224261463149928 0.0018214529280343352 -6.0966632452856068e-06 0.0013727023145963739 0.0038134334859277605
leaf_weight=40 513 382 316 31 4.9999999999999991 34 27 32 242 121 8.9999999999999982 237 6.9999999999999991 77 128 6.9999999999999991 126 58 82 7.9999999999999991
leaf_count=40 513 382 316 31 5 34 27 32 242 121 9 237 7 77 128 7 126 58 82 8
internal_value=0 -0.00162905 0.00185986 -0.000972932 -0.00177742 0.00105286 -2.49767e-06 -0.00164058 0.00236104 -0.0037644 0.00448069 0.000520098 -0.00439768 -0.00281048 0 0.000239912 0.000563058 0.000150526 0.000336331 0.000843033
internal_weight=0 862 1620 822 440 1295 281 114 276 159 325 1019 128 82 498 261 254 167 109 521
internal_count=2482 862 1620 822 440 1295 281 114 276 159 325 1019 128 82 498 261 254 167 109 521
is_linear=0
shrinkage=0.0253571


Tree=80
num_leaves=11
num_cat=0
split_feature=6 4 2 5 2 3 4 4 3 2
split_gain=3.79287 1.26126 1.10645 0.3825 0.324211 0.361292 0.353031 0.107254 0.106522 0.00899096
threshold=1.0000000180025095e-35 1.0000000180025095e-35 -0.48749153539027096 2.2869799942829454 -0.48749153539027096 -0.86158447112794823 -1.518634353124295 1.0000000180025095e-35 -0.86158447112794823 -1.0030237002128752
decision_type=2 2 2 2 2 2 2 2 2 2
left_child=1 4 7 8 5 -1 -6 -2 -4 -3
right_child=2 9 3 -5 6 -7 -8 -9 -10 -11
leaf_value=-0.0060930488242436848 -0.0016873516068333465 0.0018857058933790161 -0.00074298353665944671 0.0012529512274205589 -0.00042644370427867041 0.0006226514838439328 0.0012644967807360482 0.00093315785550406624 -0.0017343314616615777 0.0031789799417650593
leaf_weight=37 161 33 74 23 114 122 416 385 257 860
leaf_count=37 161 33 74 23 114 122 416 385 257 860
internal_value=0 0.00132161 -0.000651352 -0.00174421 0.000201635 -0.00023455 0.000651552 0 -0.00199476 0.00198882
internal_weight=0 1582 900 354 689 159 530 546 331 893
internal_count=2482 1582 900 354 689 159 530 546 331 893
is_linear=0
shrinkage=0.0253571


Tree=81
num_leaves=21
num_cat=0
split_feature=0 0 6 0 6 2 0 0 0 1 2 1 1 1 2 1 2 2 0 0
split_gain=10.9245 4.65002 3.42175 0.675135 0.51427 0.503293 0.692289 0.416365 0.370014 0.276403 0.271061 0.23285 0.220258 0.190006 0.121844 0.087281 0.246524 0.171295 0.0622899 0.0370503
threshold=-0.63794409236790661 0.85415170427358211 1.0000000180025095e-35 -0.10220877198857158 1.0000000180025095e-35 -0.74525761780157318 0.75967201446422683 -0.97736139247578568 -0.68091329760804464 0.97702556840925903 -0.48749153539027096 -1.1530838839112907 1.4030474588733692 1.0378858384755605 -0.48749153539027096 -0.84878253357978373 -1.0030237002128752 1.0591049590775425 -0.12927805724688482 -0.15818700266838448
decision_type=2 2 2 2 2 2 2 2 2 2 2 2 2 2 2 2 2 2 2 2
left_child=2 3 7 9 5 -5 -7 11 12 15 18 -1 -4 -3 -6 19 -17 -18 -11 -2
right_child=1 13 8 4 14 6 -8 -9 -10 10 -12 -13 -14 -15 -16 16 17 -19 -20 -21
leaf_value=0.0029489771922593801 0.002172344905167321 0.011114658932609964 -0.0074389140615094855 -0.00011899115625432948 0.0021323610406935633 0.0030441133344203332 -0.0016606965033905492 -0.00012755394966295486 -0.0012503231940599574 0.004190865670000348 -0.00064825566653568616 -0.0023694370649269751 -0.0049854584643352906 0.0094644416896925276 -0.0008375406915394197 0.0052465433455221823 -0.00085158902694304375 0.0019601951315362399 -0.001277146532325084 -0.0010320143474371324
leaf_weight=4.9999999999999991 132 316 128 71 144 405 21 320 15.999999999999998 127 50 121 20 8.9999999999999982 126 38 370 40 6.9999999999999991 15.999999999999998
leaf_count=5 132 316 128 71 144 405 21 320 16 127 50 121 20 9 126 38 370 40 7 16
internal_value=0 0.00154282 -0.00229523 0.000816735 0.00137828 0.00189103 0.00221633 -0.000660434 -0.00555312 4.12272e-05 0.00097021 -0.00187523 -0.00596482 0.00440413 0 0 -0.000350487 -0.000717556 0.00158741 4.57562e-05
internal_weight=0 1872 610 1547 767 497 426 446 164 780 184 126 148 325 270 596 448 410 134 148
internal_count=2482 1872 610 1547 767 497 426 446 164 780 184 126 148 325 270 596 448 410 134 148
is_linear=0
shrinkage=0.0253571


Tree=82
num_leaves=21
num_cat=0
split_feature=0 0 0 1 1 1 2 0 1 0 0 2 0 2 0 0 0 2 1 1
split_gain=10.8798 3.99128 3.88463 0.678628 0.686526 1.29439 0.61592 0.24837 0.190006 0.135584 0.152064 0.131135 0.0805857 0.0715416 0.149757 0.136026 0.103006 0.071415 0.0935862 0.0423934
threshold=-0.42901125954888714 -1.1773587330736142 0.85415170427358211 -0.84878253357978373 0.7335844881440533 0.30756259767994326 1.0591049590775425 -0.37474128473489016 1.0378858384755605 -0.10220877198857158 0.75967201446422683 1.5746371239001469 0.73588783664017499 -0.74525761780157318 -0.20483552823489506 -0.12927805724688482 -0.11029013627685444 -0.22972545297896871 1.3421871888070676 0.79444475821035476
decision_type=2 2 2 2 2 2 2 2 2 2 2 2 2 2 2 2 2 2 2 2
left_child=1 -1 6 -3 5 -5 9 -8 -4 13 -11 -7 -9 15 -15 -2 -16 18 19 -6
right_child=2 3 8 4 17 11 7 12 -10 10 -12 -13 -14 14 16 -17 -18 -19 -20 -21
leaf_value=-0.035904207581116461 0.0044526090212429533 0.00014187904206715776 0.01083282351560538 -0.00051154244721531852 0.0015524206547933384 -0.0049476917048352342 -0.00083073524892578741 0.0043935769604485564 0.0092244509813402768 0.0014992174845085047 -0.0008661057298187877 1.5780750774087564e-05 0.0024797142529210401 0.00053966311146325151 -0.0016614389415494132 -0.0032990370883779975 0.00026558740351516558 0.0010055117143460044 0.00055296249961989054 -0.0023108229157271674
leaf_weight=40 128 240 316 173 9.9999999999999982 121 4.9999999999999991 129 8.9999999999999982 647 25 6.9999999999999991 8.9999999999999982 220 104 15.999999999999998 11.999999999999998 60 42 169
leaf_count=40 128 240 316 173 10 121 5 129 9 647 25 7 9 220 104 16 12 60 42 169
internal_value=0 -0.00168746 0.0017819 -0.00103417 -0.00149922 -0.00239589 0.000974907 0.00289358 0.00440413 0.000575313 0.000832931 -0.00439768 0.00312576 0 0 0.000553364 -0.000887599 0 -0.00044954 -0.000756825
internal_weight=0 862 1620 822 582 301 1295 143 325 1152 672 128 138 480 336 144 116 281 221 179
internal_count=2482 862 1620 822 582 301 1295 143 325 1152 672 128 138 480 336 144 116 281 221 179
is_linear=0
shrinkage=0.0253571


Tree=83
num_leaves=18
num_cat=0
split_feature=0 0 0 5 5 0 2 0 2 2 0 0 0 5 0 0 0
split_gain=10.6357 3.82113 3.44653 0.882797 0.781371 0.581293 0.478702 0.385225 0.191899 0.135114 0.16484 0.112621 0.0549408 0.0367926 0.0235049 0.0481917 0.00465351
threshold=-0.42901125954888714 0.85415170427358211 -1.1773587330736142 1.0000000180025095e-35 2.2869799942829454 -0.60036246331995724 0.28580671184363571 -0.31620067025635362 -1.0030237002128752 1.0591049590775425 -0.79595775995587592 0.75967201446422683 -1.1080429662107008 5.7879777404652675 -0.10680792239653754 -0.20483552823489506 -0.69129423710031046
decision_type=2 2 2 2 2 2 2 2 2 2 2 2 2 2 2 2 2
left_child=2 6 -1 9 5 8 11 -8 -5 10 -4 13 -10 14 15 -2 -12
right_child=1 -3 3 4 -6 -7 7 -9 12 -11 16 -13 -14 -15 -16 -17 -18
leaf_value=-0.034993781325376373 0.00078095960020593109 0.010490949729308439 -0.001010919905535201 -0.0014178265915322688 0.00075088080070637587 0.00066704336548128042 -0.00074306438438505676 0.0034925440152989745 -0.002663144224988697 0.00026432917162608931 0.0017121866513293295 -0.0014522130690112372 -0.0089391987714285987 -0.00094582364061647104 0.0013109844262744813 -0.00075285939544263245 -0.00049857121887622374
leaf_weight=40 290 325 277 9.9999999999999982 11.999999999999998 26 29 247 5.9999999999999991 108 89 18 73 4.9999999999999991 554 152 221
leaf_count=40 290 325 277 10 12 26 29 247 6 108 89 18 73 5 554 152 221
internal_value=0 0.00179749 -0.00162905 -0.00100355 -0.00314592 -0.0038757 0.000994395 0.00218135 -0.00480079 -0.000344555 -0.000535517 0.000495365 -0.00521534 0.000567155 0.000588961 0 0
internal_weight=0 1620 862 822 127 115 1295 276 89 695 587 1019 79 1001 996 442 310
internal_count=2482 1620 862 822 127 115 1295 276 89 695 587 1019 79 1001 996 442 310
is_linear=0
shrinkage=0.0253571


Tree=84
num_leaves=19
num_cat=0
split_feature=0 0 0 5 5 0 2 0 2 2 0 0 0 0 0 5 0 0
split_gain=10.2693 3.68021 3.49592 0.720119 0.724555 0.510581 0.440636 0.23029 0.160434 0.135114 0.16484 0.101126 0.068336 0.0682444 0.0642354 0.0604176 0.0372981 0.00465351
threshold=-0.42901125954888714 0.85415170427358211 -1.1773587330736142 1.0000000180025095e-35 2.2869799942829454 -0.60036246331995724 1.0591049590775425 -0.37474128473489016 -1.0030237002128752 1.0591049590775425 -0.79595775995587592 0.75967201446422683 0.73588783664017499 -0.10220877198857158 -0.20483552823489506 5.7879777404652675 -1.1080429662107008 -0.69129423710031046
decision_type=2 2 2 2 2 2 2 2 2 2 2 2 2 2 2 2 2 2
left_child=2 6 -1 9 5 8 11 -8 -5 10 -4 13 -9 14 -2 -15 -10 -12
right_child=1 -3 3 4 -6 -7 7 12 16 -11 17 -13 -14 15 -16 -17 -18 -19
leaf_value=-0.034106440830971335 0.00070757960629932884 0.010224929763274269 -0.00098528591758627782 -0.0013818746337540112 0.00073184064797913984 0.00065012908622083803 -0.00079082826854746111 0.0042451321667131246 -0.0025956146347651805 0.00025762655279060491 0.0016687705787541188 -0.00080731990927495375 0.0023282751570667943 0.0014197141778531154 -0.00057101375260525382 -0.00092184030457509621 -0.0087125266955054119 -0.00048592890315329824
leaf_weight=40 313 325 277 9.9999999999999982 11.999999999999998 26 4.9999999999999991 129 5.9999999999999991 108 89 25 8.9999999999999982 642 167 4.9999999999999991 73 221
leaf_count=40 313 325 277 10 12 26 5 129 6 108 89 25 9 642 167 5 73 221
internal_value=0 0.00176631 -0.00159984 -0.000972932 -0.00295559 -0.00366652 0.000974907 0.00272365 -0.00453449 -0.000344555 -0.000535517 0.000597206 0.00294994 0.000649539 0 0.000893922 -0.0049178 0
internal_weight=0 1620 862 822 127 115 1295 143 89 695 587 1152 138 1127 480 647 79 310
internal_count=2482 1620 862 822 127 115 1295 143 89 695 587 1152 138 1127 480 647 79 310
is_linear=0
shrinkage=0.0253571


Tree=85
num_leaves=21
num_cat=0
split_feature=0 0 0 5 5 1 1 0 1 0 6 0 0 1 0 1 0 5 5 0
split_gain=9.5829 3.54194 2.66283 0.719586 0.716806 0.530388 0.75385 0.495047 0.174042 0.161069 0.207448 0.550993 0.0783738 0.0279445 0.0408091 0.0381503 0.0280362 0.0267982 0.00386308 0.00287064
threshold=-0.42901125954888714 0.85415170427358211 -1.2165172136900091 1.0000000180025095e-35 2.2869799942829454 0.36842286774624472 0.7335844881440533 -0.60036246331995724 1.0378858384755605 0.75967201446422683 1.0000000180025095e-35 -0.30450568779038334 0.14042926310596893 -1.0922236138449894 -1.1080429662107008 -1.5182455043090994 -0.43663270879637334 -1.214017751899376 3.4539792430103859 -0.77900660559508761
decision_type=2 2 2 2 2 2 2 2 2 2 2 2 2 2 2 2 2 2 2 2
left_child=2 9 -1 5 7 13 -7 -5 -3 10 11 -2 17 15 -15 -4 -16 -12 -19 -8
right_child=1 8 3 4 -6 6 19 -9 -10 -11 12 -13 -14 14 16 -17 -18 18 -20 -21
leaf_value=-0.050145938375753409 -0.0007564698789438274 0.01003284018528647 0.0016098605380986215 -0.0079459850604124017 0.00071328329813558045 -0.0028236484479270225 -0.0021758826819440087 0.00063364370387731356 0.0084652512995923614 -0.00038015919448359555 -0.00059560257074595113 0.0019388472083251072 -0.00015957185658923526 -0.0007412677105630885 0.00054956837649924233 -0.0010922378911439031 -0.00013567566907506491 0.00066637259408986176 -0.00018186705141663134 0.00044787358165344004
leaf_weight=30 71 316 55 92 11.999999999999998 100 91 26 8.9999999999999982 30 4.9999999999999991 592 94 9.9999999999999982 255 55 4.9999999999999991 491 11.999999999999998 131
leaf_count=30 71 316 55 92 12 100 91 26 9 30 5 592 94 10 255 55 5 491 12 131
internal_value=0 0.00173512 -0.00151222 -0.000976451 -0.00293703 -0.0003501 -0.00114171 -0.00362901 0.00425102 0.00095542 0.00100789 0.00144091 0.0002409 0 0.000255045 0 0.000407497 0.000408215 0.00044957 0
internal_weight=0 1620 862 832 130 702 322 118 325 1295 1265 663 602 380 270 110 260 508 503 222
internal_count=2482 1620 862 832 130 702 322 118 325 1295 1265 663 602 380 270 110 260 508 503 222
is_linear=0
shrinkage=0.0253571


Tree=86
num_leaves=16
num_cat=0
split_feature=0 0 0 5 5 0 2 0 2 0 2 0 0 5 0
split_gain=9.32854 3.60359 2.1195 0.504202 0.616157 0.404422 0.339056 0.335593 0.121418 0.106976 0.0549756 0.0784317 0.0900447 0.0350777 0.0109541
threshold=-0.42901125954888714 0.85415170427358211 -1.0992388782868801 1.0000000180025095e-35 2.2869799942829454 -0.60036246331995724 0.28580671184363571 -0.31620067025635362 -1.0030237002128752 0.75967201446422683 0.54357279425493799 -1.0172425967277177 -0.8227642366194482 5.7879777404652675 -0.69129423710031046
decision_type=2 2 2 2 2 2 2 2 2 2 2 2 2 2 2
left_child=2 6 -1 10 5 8 9 -8 -5 13 11 -4 -13 -2 -14
right_child=1 -3 3 4 -6 -7 7 -9 -10 -11 -12 12 14 -15 -16
leaf_value=-0.011112013519247149 0.00085322287492752328 0.0097112516490241683 0.00077124318388506973 -0.001145347247479208 0.00069519650869907844 0.00061757634287256584 -0.00072298271814899128 0.0032471755319828728 -0.0083882875950701524 -0.0013852781546078851 6.4672339076300464e-05 -0.0014149493039264907 0.0016210156405346253 -0.00089385349680952604 -0.0004927919621690491
leaf_weight=80 996 325 36 9.9999999999999982 11.999999999999998 26 29 247 68 18 166 162 95 4.9999999999999991 207
leaf_count=80 996 325 36 10 12 26 29 247 68 18 166 162 95 5 207
internal_value=0 0.00171953 -0.00148302 -0.000797116 -0.00254733 -0.00328476 0.000935933 0.00200165 -0.00414824 0.000470631 -0.000217964 -0.000364575 -0.000500338 0.00054198 0
internal_weight=0 1620 862 782 116 104 1295 276 78 1019 666 500 464 1001 302
internal_count=2482 1620 862 782 116 104 1295 276 78 1019 666 500 464 1001 302
is_linear=0
shrinkage=0.0253571


Tree=87
num_leaves=14
num_cat=0
split_feature=0 0 0 0 6 2 0 2 2 2 0 0 0
split_gain=8.55762 2.80487 2.19307 0.626516 0.555156 0.405886 0.604972 0.136314 0.0790018 0.0345527 0.0206572 0.00206702 0.0507079
threshold=-0.10220877198857158 -0.83235675032749123 0.85415170427358211 -1.2165172136900091 1.0000000180025095e-35 -0.74525761780157318 0.75967201446422683 -1.0030237002128752 1.0591049590775425 -0.48749153539027096 -0.75587944925788786 -0.58144024449861209 -0.20483552823489506
decision_type=2 2 2 2 2 2 2 2 2 2 2 2 2
left_child=1 3 4 -1 5 -2 -7 -3 10 -6 -9 -12 -13
right_child=2 7 -4 -5 9 6 -8 8 -10 -11 11 12 -14
leaf_value=-0.048592614920499037 -0.00029403102842751473 0.0046266137569311002 0.0094650025580953548 -0.0015351961301644933 0.0019377355677952786 0.0026826497236651483 -0.0015528412841445914 0.00080217163452865267 0.0009227846912176846 -0.00082528591229580274 -0.001851602883945798 0.00030403258965637872 -0.00097561083763782913
leaf_weight=30 71 89 325 347 144 405 21 78 120 126 145 435 146
leaf_count=30 71 89 325 347 144 405 21 78 120 126 145 435 146
internal_value=0 -0.000667938 0.00226917 -0.00251626 0.00118151 0.00168947 0.00198166 0 -6.21043e-05 0 -0.000259081 -0.000303995 0
internal_weight=0 1390 1092 377 767 497 426 1013 924 270 804 726 581
internal_count=2482 1390 1092 377 767 497 426 1013 924 270 804 726 581
is_linear=0
shrinkage=0.0253571


Tree=88
num_leaves=15
num_cat=0
split_feature=0 0 6 0 2 0 0 2 0 0 0 0 0 0
split_gain=8.5298 3.92183 1.75799 0.352665 0.325542 0.43522 0.127135 0.116852 0.134943 0.124894 0.0579576 0.0212585 0.0165865 0.00336194
threshold=0.62353716238843793 -0.63794409236790661 1.0000000180025095e-35 -0.98859645990095923 1.0591049590775425 -0.38104869100867195 -0.68091329760804464 -0.48749153539027096 0.28162318063052022 -0.11797728767302594 -0.53091529215967304 -0.50207204888685875 0.607308731663187 0.54476028611485161
decision_type=2 2 2 2 2 2 2 2 2 2 2 2 2 2
left_child=1 2 3 -1 7 -6 -4 8 11 10 -9 -3 -11 -7
right_child=-2 4 6 -5 5 13 -8 9 -10 12 -12 -13 -14 -15
leaf_value=-0.0020648285803452596 0.0071474322997852405 0.00038832312860528776 -0.0054958323843726465 -1.9523541266656718e-05 -0.00014143175956305611 0.0037626926016180069 -0.00087804782080124432 0.00047211282799126063 -0.00012606366535552669 0.00099112686357146645 -0.00064343016236172645 0.0013612331615945451 -0.00093099862375697754 0.0038551400763843055
leaf_weight=117 415 75 148 329 37 115 15.999999999999998 46 77 371 264 461 5.9999999999999991 4.9999999999999991
leaf_count=117 415 75 148 329 37 115 16 46 77 371 264 461 6 5
internal_value=0 -3.09229e-05 -0.00180144 -0.000492217 0.000598362 0.0019463 -0.00421245 0.00029659 0.000553982 0 -0.000302971 0.00071449 0.000365796 0.00266749
internal_weight=0 2067 610 446 1457 157 164 1300 613 687 310 536 377 120
internal_count=2482 2067 610 446 1457 157 164 1300 613 687 310 536 377 120
is_linear=0
shrinkage=0.0253571


Tree=89
num_leaves=12
num_cat=0
split_feature=1 6 4 1 1 3 3 3 5 1 1
split_gain=3.32077 0.837706 0.514749 0.468343 0.290835 0.300711 0.154201 0.040156 0.0396884 0.0313537 0.0388992
threshold=-1.2748044240438936 1.0000000180025095e-35 -1.518634353124295 0.97702556840925903 -1.2139441539775919 -0.86158447112794823 -0.86158447112794823 1.0000000180025095e-35 1.0000000180025095e-35 1.0378858384755605 -1.0922236138449894
decision_type=2 2 2 2 2 2 2 2 2 2 2
left_child=-1 2 8 6 -4 -6 -3 -5 9 10 -2
right_child=1 3 4 7 5 -7 -8 -9 -10 -11 -12
leaf_value=0.0035834304143193673 0.0011604441053903556 -1.5733796155267642e-05 -0.0010614962897163721 0.00084149192916020959 0.00026602714451182303 0.0013894239372092278 -0.0010847907631921329 -0.0012291975956806804 0.003471198105868622 0.001251513158628902 -0.0019565940736053318
leaf_weight=372 5.9999999999999991 137 29 186 254 818 421 156 8.9999999999999982 9.9999999999999982 84
leaf_count=372 6 137 29 186 254 818 421 156 9 10 84
internal_value=0 8.12191e-05 0.000579151 -0.000399522 0.000813652 0.000923727 -0.000888868 0 -0.000226296 -0.000543864 -0.000732147
internal_weight=0 2110 1210 900 1101 1072 558 342 109 100 90
internal_count=2482 2110 1210 900 1101 1072 558 342 109 100 90
is_linear=0
shrinkage=0.0253571


Tree=90
num_leaves=21
num_cat=0
split_feature=0 0 6 1 4 1 1 0 1 1 4 1 0 0 0 0 1 1 1 0
split_gain=8.66993 3.77474 1.75799 0.568097 0.46308 0.391108 0.285399 0.260882 0.251877 0.246311 0.213001 0.141485 0.260665 0.11326 0.0863645 0.0559479 0.0393795 0.0258714 0.0967578 0.0896105
threshold=0.62353716238843793 -0.63794409236790661 1.0000000180025095e-35 0.97702556840925903 1.0000000180025095e-35 1.4030474588733692 1.0378858384755605 -0.04025164577840324 -0.11845929278416668 0.7335844881440533 -1.518634353124295 0.42928313781254618 -0.76593187800672735 -0.83235675032749123 1.0000000180025095e-35 -0.68091329760804464 1.0378858384755605 -1.5182455043090994 0.36842286774624472 -0.45424088464401396
decision_type=2 2 2 2 2 2 2 2 2 2 2 2 2 2 2 2 2 2 2 2
left_child=1 2 4 7 10 15 -2 17 14 -6 13 12 -12 16 -9 -4 -1 -3 19 -19
right_child=6 3 5 -5 9 -7 -8 8 -10 -11 11 -13 -14 -15 -16 -17 -18 18 -20 -21
leaf_value=-0.002585995249046711 0.0069373780255567565 0.0035219694938325198 -0.0053411781563032657 0.0028573184799481378 -0.017063609674609237 -0.0017002930331045131 0.0048813635354314358 -0.00018191248033810477 0.00051720984581888013 0.0018583169043227146 0.0013556486213003739 -0.00094016136688539621 -0.00043449222688510388 0.0013703685850519553 0.0024384623614763378 -0.00086399420410080991 -0.0011703914346761297 0.0001913514884447833 4.2392988699391994e-05 -0.00078830513665507625
leaf_weight=58 403 57 128 249 46 24 11.999999999999998 9.9999999999999982 337 9.9999999999999982 160 92 54 18 183 11.999999999999998 7.9999999999999991 78 378 165
leaf_count=58 403 57 128 249 46 24 12 10 337 10 160 92 54 18 183 12 8 78 378 165
internal_value=0 -6.76152e-05 -0.00180144 0.000546373 -0.000492217 -0.00421245 0.00385442 0.000151995 0.000604264 -0.00255853 0 0.000144423 0.000665329 -0.00120241 0.00134004 -0.00473043 -0.00167763 0 -0.000162854 -0.000562474
internal_weight=0 2067 610 1457 446 164 415 1208 530 56 390 306 214 84 193 140 66 678 621 243
internal_count=2482 2067 610 1457 446 164 415 1208 530 56 390 306 214 84 193 140 66 678 621 243
is_linear=0
shrinkage=0.0253571


Tree=91
num_leaves=16
num_cat=0
split_feature=0 0 1 1 2 0 1 2 0 1 0 2 2 2 0
split_gain=8.62306 3.73923 1.13651 0.84006 0.75168 0.436375 0.387821 0.519136 0.358042 0.285399 0.261801 0.239315 0.133498 0.0788499 0.00740052
threshold=0.62353716238843793 -0.83235675032749123 -0.24017983291676948 0.97702556840925903 1.0591049590775425 -0.38104869100867195 -1.2748044240438936 -1.0030237002128752 -0.77900660559508761 1.0378858384755605 -0.10220877198857158 -0.48749153539027096 1.0000000180025095e-35 3.3789997007792629 -0.58144024449861209
decision_type=2 2 2 2 2 2 2 2 2 2 2 2 2 2 2
left_child=1 2 -1 4 6 -6 12 14 -5 -2 -9 -10 -3 -7 -8
right_child=9 3 -4 8 5 13 7 10 11 -11 -12 -13 -14 -15 -16
leaf_value=-0.00015013921060343051 0.0067614663002751709 0.0020330433658684883 -0.0046421844793958049 -0.00086084105664173632 0.00012742176375817474 0.0035875190497226123 0.0001888708509107293 -0.00082653112845791957 0.0037907657482074298 0.0047575863564913575 -0.00010282127019315784 0.00055731162453865279 -0.00017610573121124013 0.0045660676346951333 0.0040689837471628619
leaf_weight=131 403 100 246 10.999999999999998 76 111 7.9999999999999991 536 195 11.999999999999998 430 89 53 7.9999999999999991 73
leaf_count=131 403 100 246 11 76 111 8 536 195 12 430 89 53 8 73
internal_value=0 -5.53844e-05 -0.00238392 0.000370414 0 0.00151574 -0.000131982 -0.000422006 0.00160181 0.00385442 -0.00069842 0.00185911 0.000721154 0.00243568 0.000735014
internal_weight=0 2067 377 1690 1395 195 1200 1047 295 415 966 284 153 119 81
internal_count=2482 2067 377 1690 1395 195 1200 1047 295 415 966 284 153 119 81
is_linear=0
shrinkage=0.0253571


Tree=92
num_leaves=18
num_cat=0
split_feature=1 2 2 1 1 2 3 3 5 2 4 1 4 1 1 5 5
split_gain=2.78308 1.04399 0.42318 0.343255 0.684111 0.261868 0.304553 0.190013 0.165453 0.127407 0.569953 0.15349 0.18087 0.122718 0.0501921 0.0463307 0.0637653
threshold=-1.2748044240438936 1.0591049590775425 -1.0030237002128752 0.7335844881440533 1.0000000180025095e-35 -1.0030237002128752 1.0000000180025095e-35 1.1798977793155532 2.2869799942829454 -0.48749153539027096 1.0000000180025095e-35 -1.2139441539775919 -1.518634353124295 -1.2139441539775919 0.79444475821035476 1.0000000180025095e-35 5.7879777404652675
decision_type=2 2 2 2 2 2 2 2 2 2 2 2 2 2 2 2 2
left_child=2 3 -1 4 9 -6 8 15 -7 10 -2 -11 -13 -3 -15 -5 -17
right_child=1 13 -4 7 5 6 -8 -9 -10 11 -12 12 -14 14 -16 16 -18
leaf_value=-0.0029002545120104173 -0.0016396166643445299 -0.0018295350532046403 0.0034915774976621568 0.00022056491167640895 0.0012379308586913725 -0.0023900358243311211 -0.00026439215463244786 -0.0012809380295677731 0.0033722935531117181 -0.0013241412265063812 0.0017228153420145748 -0.00056986402813228156 0.0012039271293979928 0.0026016633048862713 0.00036417204319112516 0.0026774556518714574 -0.00098331608984543353
leaf_weight=9.9999999999999982 95 4.9999999999999991 362 356 41 292 269 92 10.999999999999998 20 99 27 307 227 17 247 4.9999999999999991
leaf_count=10 95 5 362 356 41 292 269 92 11 20 99 27 307 227 17 247 5
internal_value=0 9.32014e-05 0.00256628 -2.75444e-05 -0.000369928 -0.000983955 -0.00115239 0.000297234 -0.00176538 1.27325e-05 0 0.000477143 0.000728784 0.00164213 0.00175095 0.00054817 0.000911114
internal_weight=0 2110 372 1861 1161 613 572 700 303 548 194 354 334 249 244 608 252
internal_count=2482 2110 372 1861 1161 613 572 700 303 548 194 354 334 249 244 608 252
is_linear=0
shrinkage=0.0253571


Tree=93
num_leaves=14
num_cat=0
split_feature=0 0 1 1 1 0 0 1 6 1 0 1 0
split_gain=8.57635 3.5577 1.05805 0.84006 0.40862 0.358042 0.288389 0.285399 0.281388 0.182226 0.0930068 0.167284 0.0115912
threshold=0.62353716238843793 -0.83235675032749123 -0.24017983291676948 0.97702556840925903 -1.5182455043090994 -0.77900660559508761 -0.10220877198857158 1.0378858384755605 1.0000000180025095e-35 -0.54448118324827655 -0.77394754014632505 0.7335844881440533 0.11795912825562151
decision_type=2 2 2 2 2 2 2 2 2 2 2 2 2
left_child=1 2 -1 4 -3 -5 10 -2 9 -8 -6 -12 -10
right_child=7 3 -4 5 6 -7 8 -9 12 -11 11 -13 -14
leaf_value=-0.00016981228659826233 0.0066236694703942943 0.0027137427433481477 -0.0044804171398936093 -0.00080653176964032465 0.00096016107651074941 0.0025852392958349646 -4.1498902093636296e-05 0.0045690553203544711 0.00062941298168573204 0.0020466081844569485 -0.00059478360173206444 2.0580759591248444e-05 -0.0011093089721396021
leaf_weight=131 403 124 246 10.999999999999998 51 284 106 11.999999999999998 124 244 486 175 85
leaf_count=131 403 124 246 11 51 284 106 12 124 244 486 175 85
internal_value=0 -4.31537e-05 -0.00231775 0.000370414 0 0.00160181 -3.03416e-05 0.00385442 0.00022558 0.000767233 -0.000468794 -0.000571134 0
internal_weight=0 2067 377 1690 1395 295 1271 415 559 350 712 661 209
internal_count=2482 2067 377 1690 1395 295 1271 415 559 350 712 661 209
is_linear=0
shrinkage=0.0253571


Tree=94
num_leaves=16
num_cat=0
split_feature=1 2 2 1 1 2 6 2 4 1 4 1 5 2 1
split_gain=2.81822 1.05358 0.42318 0.318519 0.607978 0.248697 0.231379 0.130572 0.556887 0.15349 0.18087 0.122718 0.106356 0.07877 0.0501921
threshold=-1.2748044240438936 1.0591049590775425 -1.0030237002128752 0.7335844881440533 1.0000000180025095e-35 -1.0030237002128752 1.0000000180025095e-35 -0.48749153539027096 1.0000000180025095e-35 -1.2139441539775919 -1.518634353124295 -1.2139441539775919 2.2869799942829454 -0.48749153539027096 0.79444475821035476
decision_type=2 2 2 2 2 2 2 2 2 2 2 2 2 2 2
left_child=2 3 -1 4 7 -6 -5 8 -2 -9 -11 -3 -7 -8 -13
right_child=1 11 -4 6 5 12 13 9 -10 10 -12 14 -14 -15 -16
leaf_value=-0.0028256602032497766 -0.001535640113628095 -0.001768061384672989 0.0034040935410624357 0.0024512577476889573 0.0012346693818208372 -0.0010811801236840978 0.00058386094123424729 -0.0013317648857034585 0.0016826599151370922 -0.00051078220764822705 0.0011633785666681719 0.0025399986375322647 0.00251586523571019 -0.0010102329778163203 0.00035441583139247197
leaf_weight=9.9999999999999982 95 4.9999999999999991 362 155 41 553 368 20 99 27 307 227 19 177 17
leaf_count=10 95 5 362 155 41 553 368 20 99 27 307 227 19 177 17
internal_value=0 8.12191e-05 0.00256628 -4.11245e-05 -0.000369928 -0.000943005 0.000261329 0 -9.85662e-05 0.000477143 0.000728784 0.00164213 -0.00110854 0 0.00175095
internal_weight=0 2110 372 1861 1161 613 700 548 194 354 334 249 572 545 244
internal_count=2482 2110 372 1861 1161 613 700 548 194 354 334 249 572 545 244
is_linear=0
shrinkage=0.0253571


Tree=95
num_leaves=21
num_cat=0
split_feature=0 0 6 1 4 2 2 1 1 1 1 0 0 4 0 0 2 0 2 0
split_gain=8.36345 3.63913 1.57208 0.497594 0.46308 0.375041 0.361943 0.351217 0.276554 0.246311 0.180363 0.151628 0.128468 0.121058 0.102875 0.156292 0.092373 0.0785404 0.0558011 0.0521937
threshold=0.62353716238843793 -0.63794409236790661 1.0000000180025095e-35 0.7335844881440533 1.0000000180025095e-35 1.0591049590775425 -0.48749153539027096 1.4030474588733692 1.0378858384755605 0.7335844881440533 -0.11845929278416668 -0.0074005714357901495 -0.3951089508273104 -1.518634353124295 -0.98859645990095923 -0.76593187800672735 -1.0030237002128752 -0.83235675032749123 2.8634675359566581 0.17492289116571272
decision_type=2 2 2 2 2 2 2 2 2 2 2 2 2 2 2 2 2 2 2 2
left_child=1 2 4 5 13 10 -5 -4 -2 -6 11 -3 -7 17 -15 -16 -12 -1 -14 -18
right_child=8 3 7 6 9 12 -8 -9 -10 -11 16 -13 18 14 15 -17 19 -19 -20 -21
leaf_value=-0.0022262530542406984 0.00648312806415372 -0.0001902739974964777 -0.0046947890098563132 0.0027050734384714667 -0.016462410482439436 0.00096717867516846212 0.00019035385311198428 -0.001515948393564062 0.0044265544166027324 0.0019123866959708819 0.00098652797983207383 0.0016246818801892104 0.0033591742973401442 -0.00078148356539649994 0.0013638211300156197 -0.00052494845741955039 -0.0011278563610181364 0.0011033221324112253 0.00038997546385974996 -4.323379268541691e-05
leaf_weight=66 403 187 140 302 46 31 203 24 11.999999999999998 9.9999999999999982 35 151 102 71 157 78 328 18 11.999999999999998 106
leaf_count=66 403 187 140 302 46 31 203 24 12 10 35 151 102 71 157 78 328 18 12 106
internal_value=0 -5.53844e-05 -0.00176029 0.000546373 -0.000492217 7.36432e-06 0.00121662 -0.00406348 0.00379422 -0.00255853 -1.64726e-05 0.000130997 0.00126235 0 6.32087e-05 0.000528568 -0.000481734 -0.000921361 0.00164058 -0.000620836
internal_weight=0 2067 610 1457 446 952 505 164 415 56 807 338 145 390 306 235 469 84 114 434
internal_count=2482 2067 610 1457 446 952 505 164 415 56 807 338 145 390 306 235 469 84 114 434
is_linear=0
shrinkage=0.0253571


Tree=96
num_leaves=18
num_cat=0
split_feature=1 2 5 1 6 1 2 1 2 1 1 5 5 5 5 5 5
split_gain=2.37231 0.741273 0.446023 0.204288 0.282324 0.219444 0.109811 0.106247 0.095498 0.0824352 0.0781779 0.0633976 0.058714 0.0410414 0.0377965 0.0012731 0.00368595
threshold=-1.2748044240438936 1.5746371239001469 1.0000000180025095e-35 0.7335844881440533 1.0000000180025095e-35 -0.24017983291676948 -1.0030237002128752 -0.97050307371238664 1.8324032063114493 0.85530502827665622 1.1596063786081634 -1.214017751899376 2.2869799942829454 -1.214017751899376 1.1199807455555051 1.0000000180025095e-35 4.6209784917378274
decision_type=2 2 2 2 2 2 2 2 2 2 2 2 2 2 2 2 2
left_child=2 3 6 5 10 7 -1 14 -8 -3 13 -9 -7 -5 -2 -6 -17
right_child=1 9 -4 4 15 12 8 11 -10 -11 -12 -13 -14 -15 -16 16 -18
leaf_value=-0.0033734163867964787 -0.00038763905436482271 0.0037178291431788852 0.0057124559777733015 -0.00016225148226848402 -0.00040600612115346518 -0.00058857520706588726 0.0016922739289998987 -0.0047982353709164821 -0.00015341355256102119 -0.0026953662916788619 0.0013499622454808012 0.00097389884939613292 0.0011182627632627593 0.0030313111741411911 0.0072586261087167698 0.0019510064386914073 -0.00057622228464089228
leaf_weight=6.9999999999999991 198 126 166 11.999999999999998 332 775 175 10.999999999999998 24 6.9999999999999991 19 245 21 138 12.999999999999998 207 5.9999999999999991
leaf_count=7 198 126 166 12 332 775 175 11 24 7 19 245 21 138 13 207 6
internal_value=0 0.000129148 0.00243219 0 0.000344267 -0.00019036 0.000451443 0 0.000744848 0.00191755 0.00123416 0.000510413 -0.000482924 0.00142483 0 0 6.11064e-05
internal_weight=0 2110 372 1977 714 1263 206 467 199 133 169 256 796 150 211 545 213
internal_count=2482 2110 372 1977 714 1263 206 467 199 133 169 256 796 150 211 545 213
is_linear=0
shrinkage=0.0253571


Tree=97
num_leaves=15
num_cat=0
split_feature=1 2 4 1 2 6 1 1 1 1 5 1 1 1
split_gain=2.22594 0.741273 0.527037 0.404449 0.382894 0.236062 0.0824352 0.0622378 0.0578711 0.035746 0.0322104 0.00470358 0.00984674 0.0041737
threshold=-1.2748044240438936 1.5746371239001469 1.0000000180025095e-35 0.67272421807775196 -1.0030237002128752 1.0000000180025095e-35 0.85530502827665622 0.30756259767994326 -1.2139441539775919 -1.0313633437786878 2.2869799942829454 1.2204666486744649 0.42928313781254618 0.97702556840925903
decision_type=2 2 2 2 2 2 2 2 2 2 2 2 2 2
left_child=4 2 3 7 -1 8 -3 9 -4 -2 -9 12 -7 -14
right_child=1 6 5 -5 -6 11 -8 10 -10 -11 -12 -13 13 -15
leaf_value=-0.0026636448595359326 -0.00063709353391451669 0.0036235558116018817 -0.00053109760823256556 0.00017408165961790652 0.0032361594774428727 0.00014764622128300028 -0.0026270196435809428 -0.0025977351291575352 0.0010619035066678068 1.741327235423348e-05 -0.00029371355112023221 0.0011557001014962207 -0.00065917581571182981 -7.6162705604064022e-05
leaf_weight=9.9999999999999982 51 126 21 290 362 117 6.9999999999999991 110 583 265 10.999999999999998 93 320 116
leaf_count=10 51 126 21 290 362 117 7 110 583 265 11 93 320 116
internal_value=0 0.000129148 0 -0.000537016 0.00236515 0.000318488 0.00191755 -0.00103141 0.000676425 -0.000100594 -0.00199876 0 -4.66263e-05 -0.000130637
internal_weight=0 2110 1977 727 372 1250 133 437 604 316 121 646 553 436
internal_count=2482 2110 1977 727 372 1250 133 437 604 316 121 646 553 436
is_linear=0
shrinkage=0.0253571


Tree=98
num_leaves=21
num_cat=0
split_feature=0 0 6 1 2 2 1 1 0 1 0 2 4 2 0 0 4 1 0 0
split_gain=7.60826 2.94829 0.913468 0.388683 0.494145 0.282169 0.250854 0.250286 0.230475 0.103601 0.100435 0.0815121 0.0952749 0.0710994 0.0740523 0.0583283 0.049637 0.0472075 0.0417335 0.0273354
threshold=0.62353716238843793 -0.63794409236790661 1.0000000180025095e-35 0.7335844881440533 -0.48749153539027096 1.0591049590775425 1.0378858384755605 1.5856282690722734 -0.98859645990095923 -0.11845929278416668 -0.47099493255874675 2.6057014535453562 -1.518634353124295 -1.0030237002128752 0.16355641944316859 -0.0074005714357901495 1.0000000180025095e-35 -1.1530838839112907 -0.132497462532461 0.3448943498143931
decision_type=2 2 2 2 2 2 2 2 2 2 2 2 2 2 2 2 2 2 2 2
left_child=1 2 8 5 -5 9 -2 -4 17 15 -7 12 -12 -11 -15 -3 -17 -1 -6 -20
right_child=6 3 7 4 18 10 -8 -9 -10 13 11 -13 -14 14 -16 16 -18 -19 19 -21
leaf_value=0.0025549919541128971 0.006214911729197227 -0.00017732953387102437 -0.0045975050050407664 0.0026519855671738399 -0.00094419282782850415 0.00015197600914210502 0.0042455657637413017 0.00089725955183107343 -6.3425243128928689e-05 0.00098292250640943631 -0.0030515262609843207 5.8272804778066901e-05 0.0030878392435801875 -0.0011390569409937574 3.9233876802116828e-05 -0.00061928822735965428 0.0017177311141899471 -0.002340700653588971 0.0039861056485012243 8.1732938144406285e-05
leaf_weight=4.9999999999999991 403 187 155 302 113 22 11.999999999999998 8.9999999999999982 329 35 5.9999999999999991 14.999999999999998 102 321 113 25 126 112 80 9.9999999999999982
leaf_count=5 403 187 155 302 113 22 12 9 329 35 6 15 102 321 113 25 126 112 80 10
internal_value=0 -5.53844e-05 -0.0015957 0.000477055 0.00106782 0 0.00361363 -0.00346763 -0.000492217 -1.64726e-05 0.00109466 0.00137914 0.00161575 -0.000375018 -0.000505635 0 0.000488406 -0.0014463 0 0.000468623
internal_weight=0 2067 610 1457 505 952 415 164 446 807 145 123 108 469 434 338 151 117 203 90
internal_count=2482 2067 610 1457 505 952 415 164 446 807 145 123 108 469 434 338 151 117 203 90
is_linear=0
shrinkage=0.0253571


Tree=99
num_leaves=13
num_cat=0
split_feature=0 0 0 0 0 5 0 2 5 5 2 0
split_gain=7.172 2.85372 0.52644 0.447762 0.0937377 0.0566178 0.0480205 0.0258588 0.0111749 0.0967903 0.127694 0.060026
threshold=0.69075046049342437 -0.83235675032749123 -1.1355721665098104 -0.28709461838879841 0.66552083539829743 3.4539792430103859 -1.1080429662107008 2.8634675359566581 1.0000000180025095e-35 2.2869799942829454 -1.0030237002128752 -0.34675216939498393
decision_type=2 2 2 2 2 2 2 2 2 2 2 2
left_child=1 2 -1 8 5 7 -4 -5 -3 10 -10 -12
right_child=-2 3 6 4 -6 -7 -8 -9 9 -11 11 -13
leaf_value=-0.014063973884844422 0.0068506859541879817 0.0001053038407206971 0.00085361340037358468 0.00082378887575636098 -0.005361908587553154 -0.0010940253796355055 -0.0010230723153350383 5.679517596962019e-05 0.0023746260652582479 0.0013371854608342758 -0.0031309983368819484 0.0012710870114597339
leaf_weight=60 385 555 9.9999999999999982 991 9.9999999999999982 12.999999999999998 307 10.999999999999998 13.999999999999998 13.999999999999998 88 24
leaf_count=60 385 555 10 991 10 13 307 11 14 14 88 24
internal_value=0 -3.4109e-07 -0.00205308 0.000356632 0.000701492 0.000745606 -0.000865178 0.000774083 0 -0.000221673 -0.000724583 -0.00113212
internal_weight=0 2097 377 1720 1025 1015 317 1002 695 140 126 112
internal_count=2482 2097 377 1720 1025 1015 317 1002 695 140 126 112
is_linear=0
shrinkage=0.0253571


Tree=100
num_leaves=11
num_cat=0
split_feature=0 0 5 5 2 0 0 0 5 0
split_gain=6.68267 2.64162 0.994616 0.694736 0.259261 0.195297 0.170552 0.0974558 0.0504881 0.0360851
threshold=0.69075046049342437 -0.63794409236790661 1.0000000180025095e-35 2.2869799942829454 -0.74525761780157318 -0.69129423710031046 -0.28709461838879841 -0.81192338208638593 3.4539792430103859 0.66552083539829743
decision_type=2 2 2 2 2 2 2 2 2 2
left_child=1 2 4 5 7 -4 -3 -1 9 -8
right_child=-2 6 3 -5 -6 -7 8 -9 -10 -11
leaf_value=-0.0065466696383971752 0.0066769724876414444 6.9928536741833852e-05 -0.011305321018619035 0.0016034819182692633 -0.00012877724722167556 -0.0016171528715170796 0.00077697490022395651 -0.00030973328281753862 -0.0010662840786245687 -0.0052259461840393831
leaf_weight=63 385 462 84 5.9999999999999991 411 12.999999999999998 1002 33 12.999999999999998 9.9999999999999982
leaf_count=63 385 462 84 6 411 13 1002 33 13 10
internal_value=0 -3.4109e-07 -0.00147225 -0.00406935 -0.000569585 -0.00467437 0.000492942 -0.00180543 0.000676902 0.000704222
internal_weight=0 2097 610 103 507 97 1487 96 1025 1012
internal_count=2482 2097 610 103 507 97 1487 96 1025 1012
is_linear=0
shrinkage=0.0253571


Tree=101
num_leaves=12
num_cat=0
split_feature=6 2 5 5 2 4 4 4 2 5 4
split_gain=1.6558 0.788154 0.402273 0.253444 0.226342 0.180187 0.1133 0.0609477 0.053261 0.00680724 0.00397928
threshold=1.0000000180025095e-35 -0.48749153539027096 1.0000000180025095e-35 2.2869799942829454 -0.48749153539027096 1.0000000180025095e-35 -1.518634353124295 -1.518634353124295 3.3789997007792629 1.1199807455555051 1.0000000180025095e-35
decision_type=2 2 2 2 2 2 2 2 2 2 2
left_child=2 5 4 7 10 9 -6 -3 -8 -2 -1
right_child=1 3 -4 -5 6 -7 8 -9 -10 -11 -12
leaf_value=-0.0004049370970474976 -0.0010524585818268615 6.5803157268473885e-05 0.0024251361602872033 0.0022718257244505194 -0.00024876525256284674 0.00069034463036102289 0.00084449488417779814 -0.001303464482456537 -0.00072491868454929622 0.0023035010751399103 0.002760216979626918
leaf_weight=146 149 8.9999999999999982 728 23 109 385 543 322 8.9999999999999982 11.999999999999998 47
leaf_count=146 149 9 728 23 109 385 543 322 9 12 47
internal_value=0 -0.000259617 0.000986334 -0.00125146 0.000317715 8.1656e-05 0.000590136 -0.00146841 0.000739436 -4.29001e-06 0
internal_weight=0 900 1582 354 854 546 661 331 552 161 193
internal_count=2482 900 1582 354 854 546 661 331 552 161 193
is_linear=0
shrinkage=0.0253571


Tree=102
num_leaves=12
num_cat=0
split_feature=6 2 5 5 2 4 4 4 2 5 4
split_gain=1.6722 0.761944 0.455542 0.253444 0.205192 0.143775 0.101817 0.0609477 0.0496035 0.00680724 0.00397928
threshold=1.0000000180025095e-35 -0.48749153539027096 1.0000000180025095e-35 2.2869799942829454 -0.48749153539027096 1.0000000180025095e-35 -1.518634353124295 -1.518634353124295 3.3789997007792629 1.1199807455555051 1.0000000180025095e-35
decision_type=2 2 2 2 2 2 2 2 2 2 2
left_child=2 5 4 7 10 9 -6 -3 -8 -2 -1
right_child=1 3 -4 -5 6 -7 8 -9 -10 -11 -12
leaf_value=-0.00039466907026419675 -0.0010257712938868927 6.4134580627319627e-05 0.0023636417621980127 0.0022142188330205562 -0.0002424572894379453 0.00067283949880870371 0.00082308095062541651 -0.0012704124150749289 -0.00070653685556169485 0.0022450909889628261 0.0026902259067390125
leaf_weight=146 149 8.9999999999999982 728 23 109 385 543 322 8.9999999999999982 11.999999999999998 47
leaf_count=146 149 9 728 23 109 385 543 322 9 12 47
internal_value=0 -0.000287598 0.000970368 -0.00125146 0.000288238 3.57378e-05 0.000552132 -0.00146841 0.000694011 -4.29001e-06 0
internal_weight=0 900 1582 354 854 546 661 331 552 161 193
internal_count=2482 900 1582 354 854 546 661 331 552 161 193
is_linear=0
shrinkage=0.0253571


Tree=103
num_leaves=18
num_cat=0
split_feature=0 0 0 1 1 1 1 0 0 0 1 0 0 0 0 0 0
split_gain=6.61407 2.72151 0.630701 0.50517 0.42289 0.309336 0.213313 0.164764 0.126342 0.111969 0.108944 0.0792987 0.0333752 0.0269211 0.011884 0.00748733 0.000508301
threshold=1.0481701493410556 -0.63794409236790661 -1.1509464693021534 0.7335844881440533 0.064121517414737511 -1.5182455043090994 -1.5182455043090994 -0.29373053540600619 0.17492289116571272 0.99501711105470714 1.4030474588733692 0.88536022489906474 -0.62789166361906712 -0.56002134402722825 -1.1080429662107008 -0.38807882091799112 -0.027833939676895497
decision_type=2 2 2 2 2 2 2 2 2 2 2 2 2 2 2 2 2
left_child=1 2 -1 5 -2 11 -4 15 12 -10 14 13 -7 -3 -8 -5 -14
right_child=4 3 6 7 -6 8 10 -9 9 -11 -12 -13 16 -15 -16 -17 -18
leaf_value=-0.021421018905930216 0.010415673915245631 -0.00013107744519144147 0.00091501545686797589 0.00087899744270871329 0.0062066613412279535 0.0051274091759967626 -2.4395817934655186e-05 0.0030217819392663026 0.00093350152820088959 -0.0061320452214704757 0.00081221683643339275 1.0335955609640645e-05 -0.00055690198327480907 0.0030784230287760894 -0.00094083917786321467 -0.00082294208190442498 -0.00018301162599592254
leaf_weight=50 219 7.9999999999999991 38 135 42 4.9999999999999991 19 312 327 9.9999999999999982 20 9.9999999999999982 451 111 483 75 167
leaf_count=50 219 8 38 135 42 5 19 312 327 10 20 10 451 111 483 75 167
internal_value=0 0 -0.0014311 0.000549223 0.00422534 5.85361e-05 -0.000773772 0.00123747 0 0.000260668 -0.000949447 0.00122419 -0.000303383 0.0014232 -0.0010367 0 -0.00035659
internal_weight=0 2221 610 1611 261 1089 560 522 960 337 522 129 623 119 502 210 618
internal_count=2482 2221 610 1611 261 1089 560 522 960 337 522 129 623 119 502 210 618
is_linear=0
shrinkage=0.0253571


Tree=104
num_leaves=21
num_cat=0
split_feature=0 0 6 1 1 1 4 1 1 0 0 0 4 1 1 0 0 0 1 1
split_gain=6.50248 2.39749 1.05262 0.42289 0.414989 0.303806 0.262597 0.241247 0.214859 0.129885 0.104003 0.111969 0.0822534 0.126891 0.159588 0.0792987 0.0291913 0.0269211 0.00882569 0.00755954
threshold=1.0481701493410556 -0.63794409236790661 1.0000000180025095e-35 0.064121517414737511 0.7335844881440533 -1.5182455043090994 1.0000000180025095e-35 0.55100367794514904 1.5856282690722734 -0.29373053540600619 0.17492289116571272 0.99501711105470714 -1.518634353124295 0.42928313781254618 -1.2139441539775919 0.88536022489906474 -0.62789166361906712 -0.56002134402722825 -1.1530838839112907 1.0378858384755605
decision_type=2 2 2 2 2 2 2 2 2 2 2 2 2 2 2 2 2 2 2 2
left_child=1 2 6 -2 5 15 12 -8 -4 -6 16 -12 18 14 -14 17 -7 -3 -1 -20
right_child=3 4 8 -5 9 10 7 -9 -10 -11 11 -13 13 -15 -16 -17 -18 -19 19 -21
leaf_value=0.00066568860508754973 0.01015156272487207 -0.00012775370249723346 -0.0042776732099537411 0.0060492784653414918 0.00026371286228968609 0.0049973929953804775 -0.015935649318472165 0.0010218185274478565 0.00084855337382444117 0.0029451583399175397 0.0009098306450842404 -0.0059765543933161707 -0.00024732594872167881 -0.000950503862195536 0.0014959814393147384 1.0073865843545156e-05 -0.00043716913637970896 0.0030003631761713568 -0.0013841696343324479 -0.00059387173972004709
leaf_weight=11.999999999999998 219 7.9999999999999991 155 42 210 4.9999999999999991 41 14.999999999999998 8.9999999999999982 312 327 9.9999999999999982 50 92 164 9.9999999999999982 618 111 64 7.9999999999999991
leaf_count=12 219 8 155 42 210 5 41 15 9 312 327 10 50 92 164 10 618 111 64 8
internal_value=0 0 -0.00130765 0.00422534 0.000549223 8.16886e-05 -0.000211857 -0.00174349 -0.0031697 0.00118947 0 0.000260668 0 0.000225638 0.000665329 0.00122419 -0.000263084 0.0014232 -0.000640312 -0.000738541
internal_weight=0 2221 610 261 1611 1089 446 56 164 522 960 337 390 306 214 129 623 119 84 72
internal_count=2482 2221 610 261 1611 1089 446 56 164 522 960 337 390 306 214 129 623 119 84 72
is_linear=0
shrinkage=0.0253571


Tree=105
num_leaves=18
num_cat=0
split_feature=0 0 6 1 1 4 1 1 1 0 0 0 0 0 4 0 0
split_gain=6.61407 2.41808 0.74599 0.42289 0.4017 0.220332 0.241247 0.220175 0.19813 0.116605 0.104003 0.0941164 0.0727866 0.0641928 0.059471 0.0291913 0.0198053
threshold=1.0481701493410556 -0.63794409236790661 1.0000000180025095e-35 0.064121517414737511 0.7335844881440533 1.0000000180025095e-35 0.55100367794514904 -1.5182455043090994 1.5856282690722734 -0.12421899179812244 0.17492289116571272 -0.18019722247793515 0.99501711105470714 0.88536022489906474 -1.518634353124295 -0.62789166361906712 -0.56002134402722825
decision_type=2 2 2 2 2 2 2 2 2 2 2 2 2 2 2 2 2
left_child=1 2 5 -2 7 14 -7 13 -4 11 15 -6 -12 16 -1 -9 -3
right_child=3 4 8 -5 9 6 -8 10 -10 -11 12 -13 -14 -15 -16 -17 -18
leaf_value=-0.00095558494647466654 0.009894148625963611 -0.000124514240248739 -0.0041692038614792185 0.0058958863613468157 0.00085771476484305747 -0.015531567609969744 0.00099590818215228782 0.0048706736468760491 0.00082703652878110534 0.0038175798047687965 0.00088675998670273762 -0.0010589173562360419 -0.0058250063602272393 9.8184219114928405e-06 0.00024804105561561753 -0.00042608379884483133 0.0029242826943456659
leaf_weight=84 219 7.9999999999999991 155 42 289 41 14.999999999999998 4.9999999999999991 8.9999999999999982 192 327 41 9.9999999999999982 9.9999999999999982 306 618 111
leaf_count=84 219 8 155 42 289 41 15 5 9 192 327 41 10 10 306 618 111
internal_value=0 0 -0.0013488 0.00422534 0.000517864 -0.000324001 -0.00174349 5.85361e-05 -0.00302074 0.00114147 0 0.000134114 0.000260668 0.00103667 0 -0.000263084 0.0012207
internal_weight=0 2221 610 261 1611 446 56 1089 164 522 960 330 337 129 390 623 119
internal_count=2482 2221 610 261 1611 446 56 1089 164 522 960 330 337 129 390 623 119
is_linear=0
shrinkage=0.0253571


Tree=106
num_leaves=21
num_cat=0
split_feature=0 0 5 5 1 2 1 1 0 2 1 0 1 0 1 2 0 2 0 0
split_gain=6.24748 2.02494 1.28461 0.694736 0.532125 0.511223 0.273281 0.233239 0.195297 0.19163 0.159108 0.15571 0.102727 0.113365 0.0931458 0.0914284 0.086659 0.0529236 0.0404218 0.0279868
threshold=0.69075046049342437 -0.63794409236790661 1.0000000180025095e-35 2.2869799942829454 0.7335844881440533 -0.48749153539027096 1.0378858384755605 0.36842286774624472 -0.69129423710031046 1.0591049590775425 -0.11845929278416668 -0.79595775995587592 -0.97050307371238664 -0.38104869100867195 1.4030474588733692 -1.0030237002128752 0.54476028611485161 -0.48749153539027096 -0.132497462532461 0.62353716238843793
decision_type=2 2 2 2 2 2 2 2 2 2 2 2 2 2 2 2 2 2 2 2
left_child=1 2 7 8 9 -6 -2 -1 -4 10 17 14 -11 -14 -9 -12 -15 -3 -7 -19
right_child=6 4 3 -5 5 18 -8 11 -10 12 15 -13 13 16 -16 -17 -18 19 -20 -21
leaf_value=3.8513095212397823e-05 0.0059989017405698035 -0.00033256960399929378 -0.010364470908649649 0.0018169438610128449 0.0023773623933048887 -0.00098170967705473659 0.00062798294719808669 -0.0026540911723262743 -0.0012854035408578358 0.00034520759457324707 0.00086149286981700266 0.00010094112273537359 0.00079274092035159463 0.0032099913297485849 0.00097994441072812811 -0.00082699093666998235 0.00082567267488787091 0.00093697685391172579 0.0032659110638678167 -3.055594467348334e-05
leaf_weight=289 374 127 84 5.9999999999999991 303 113 10.999999999999998 147 12.999999999999998 65 35 61 19 57 9.9999999999999982 438 6.9999999999999991 220 94 8.9999999999999982
leaf_count=289 374 127 84 6 303 113 11 147 13 65 35 61 19 57 10 438 7 220 94 9
internal_value=0 -1.23974e-05 -0.00130765 -0.00406935 0.000408035 0.00106976 0.00340462 -0.000371954 -0.00467437 0 -9.19379e-05 -0.000992726 0.000867848 0.00142904 -0.00140257 -0.000477713 0.00190596 0 0 0.000380351
internal_weight=0 2097 610 103 1487 510 385 507 97 977 829 218 148 83 157 473 64 356 207 229
internal_count=2482 2097 610 103 1487 510 385 507 97 977 829 218 148 83 157 473 64 356 207 229
is_linear=0
shrinkage=0.0253571


Tree=107
num_leaves=14
num_cat=0
split_feature=0 0 5 5 0 0 0 6 0 2 0 5 5
split_gain=6.13242 2.16789 1.07526 0.719235 0.449257 0.125465 0.149019 0.123199 0.0348051 0.120063 0.0235901 0.00085291 0.00434731
threshold=1.0481701493410556 -0.58144024449861209 1.0000000180025095e-35 2.2869799942829454 -0.69129423710031046 -0.28709461838879841 1.0183413738379625 1.0000000180025095e-35 -0.83235675032749123 1.0000000180025095e-35 -0.69129423710031046 1.0000000180025095e-35 3.4539792430103859
decision_type=2 2 2 2 2 2 2 2 2 2 2 2 2
left_child=1 2 8 4 -4 -3 7 -7 9 -1 -10 -9 -13
right_child=-2 5 3 -5 -6 6 -8 11 10 -11 -12 12 -14
leaf_value=-0.0018891831571472676 0.0090344269296382049 6.8871173317915628e-05 -0.01010165807756932 0.0022643067294121385 -0.00074862201586883273 0.0013358784528450292 -0.001083119936146833 -0.00010168626032615098 0.00076007340811225926 -7.4838533244353886e-06 -0.00076240974235339731 0.00041282290553538211 -0.0014839202250318414
leaf_weight=180 261 402 84 6.9999999999999991 24 661 8.9999999999999982 158 144 136 95 308 12.999999999999998
leaf_count=180 261 402 84 7 24 661 9 158 144 136 95 308 13
internal_value=0 0 -0.00122912 -0.00366652 -0.00427971 0.000488967 0.000626195 0.000691948 -0.000385324 -0.00057276 0 0 4.09382e-05
internal_weight=0 2221 670 115 108 1551 1149 1140 555 316 239 479 321
internal_count=2482 2221 670 115 108 1551 1149 1140 555 316 239 479 321
is_linear=0
shrinkage=0.0253571


Tree=108
num_leaves=12
num_cat=0
split_feature=0 0 5 0 4 0 5 0 2 0 5
split_gain=5.9625 1.72915 0.511919 0.359148 0.350199 0.149019 0.045344 0.0037598 0.0405026 0.0533103 0.0632124
threshold=1.0481701493410556 -0.83235675032749123 1.0000000180025095e-35 -0.28709461838879841 -1.518634353124295 1.0183413738379625 5.7879777404652675 -0.76593187800672735 -1.0030237002128752 -0.48374114940368057 2.2869799942829454
decision_type=2 2 2 2 2 2 2 2 2 2 2
left_child=1 2 4 7 -1 6 -5 -3 -9 10 -10
right_child=-2 3 -4 5 -6 -7 -8 8 9 -11 -12
leaf_value=-0.0047053697642284904 0.0088053401446499847 0.00068191389369179648 -0.012385149754901514 0.00077670437018599083 1.0006475888853894e-05 -0.0010556551654578696 -0.0014462923249803094 0.0024815651064949893 -0.00062703263378125081 6.7124800714883534e-05 0.0011963907581294651
leaf_weight=77 261 80 61 1135 239 8.9999999999999982 4.9999999999999991 50 301 258 5.9999999999999991
leaf_count=77 261 80 61 1135 239 9 5 50 301 258 6
internal_value=0 0 -0.00152374 0.000346436 -0.000415371 0.000626195 0.000691948 0 -6.23818e-05 -0.00022321 -0.000447545
internal_weight=0 2221 377 1844 316 1149 1140 695 615 565 307
internal_count=2482 2221 377 1844 316 1149 1140 695 615 565 307
is_linear=0
shrinkage=0.0253571


Tree=109
num_leaves=17
num_cat=0
split_feature=0 0 1 1 1 1 0 6 1 0 0 1 0 0 0 0
split_gain=5.51079 1.51093 0.717629 0.47162 0.297288 0.279139 0.254238 0.156033 0.245898 0.111747 0.199708 0.0999944 0.210249 0.0770173 0.0655814 0.00028018
threshold=1.0481701493410556 -0.83235675032749123 0.97702556840925903 -0.48362091318197514 1.0378858384755605 -1.5182455043090994 -0.032564494382231794 1.0000000180025095e-35 -0.54448118324827655 -1.1509464693021534 -1.01349757425266 0.7335844881440533 -0.77394754014632505 0.11795912825562151 0.88536022489906474 -0.79595775995587592
decision_type=2 2 2 2 2 2 2 2 2 2 2 2 2 2 2 2
left_child=1 3 5 -1 -2 14 11 8 -8 -5 -11 12 -7 -9 -3 -4
right_child=4 2 15 9 -6 6 7 13 -10 10 -12 -13 -14 -15 -16 -17
leaf_value=-1.7061656662299594e-05 0.0087315499070643524 0.0021489483314003615 8.9429590870432931e-05 -0.02124148555494677 -0.001799644161676084 0.0022117075553218656 -0.00018079562693367038 0.001883040769675416 0.0016993952198249261 0.00023416157084833056 -0.0025467758959150729 2.2192605772543161e-05 -0.00064944817991507411 -0.0010408814078093785 -0.00019611419621203165 0.0022433592146449996
leaf_weight=104 255 139 8.9999999999999982 47 5.9999999999999991 45 143 71 288 78 148 202 548 94 9.9999999999999982 295
leaf_count=104 255 139 9 47 6 45 143 71 288 78 148 202 548 94 10 295
internal_value=0 0 0.000291617 -0.00145757 0.00384578 0 -4.5884e-05 0.000180141 0.000523603 -0.00200046 -0.000630948 -0.000428143 -0.00059363 0 0.00106646 0.0014123
internal_weight=0 2221 1844 377 261 1540 1391 596 431 273 226 795 593 165 149 304
internal_count=2482 2221 1844 377 261 1540 1391 596 431 273 226 795 593 165 149 304
is_linear=0
shrinkage=0.0253571


Tree=110
num_leaves=21
num_cat=0
split_feature=0 0 1 4 1 1 2 0 2 2 1 0 1 0 1 4 2 1 0 2
split_gain=5.44524 1.55909 0.669466 0.50051 0.380534 0.297288 0.279478 0.242076 0.210742 0.165038 0.367061 0.197112 0.0959424 0.139051 0.0720429 0.0619267 0.0408557 0.0502615 0.0206707 0.0113827
threshold=1.0481701493410556 -0.83235675032749123 0.97702556840925903 1.0000000180025095e-35 -0.24017983291676948 1.0378858384755605 1.0591049590775425 -0.38104869100867195 -0.48749153539027096 -1.0030237002128752 -1.2748044240438936 -0.10220877198857158 -0.97050307371238664 0.66552083539829743 -0.605341453314578 -1.518634353124295 1.3168710414888449 -1.0922236138449894 -0.42901125954888714 -0.22972545297896871
decision_type=2 2 2 2 2 2 2 2 2 2 2 2 2 2 2 2 2 2 2 2
left_child=1 3 6 4 15 -2 9 -8 -4 14 19 -12 -9 -14 -3 -1 17 -17 -16 -11
right_child=5 2 8 -5 -6 -7 7 12 -10 10 11 -13 13 -15 18 16 -18 -19 -20 -21
leaf_value=-0.003937086230746038 0.0085101432022725298 -0.0017284958966400539 0.0030705295127991393 -0.0097600862914785005 -0.0024419504144443413 -0.0017540104210601185 -0.00013952335917100431 0.00070405423850786501 0.00026091560306077554 0.0021106564634612909 -0.00079808145936522334 -7.7141033437114526e-05 0.0030662519429154934 -0.0012203184875378041 0.0011519290240188328 0.00028708269879154489 -8.7949586508492361e-05 0.0019903803755973852 0.0036667292247027556 0.00042626735193457971
leaf_weight=24 255 7.9999999999999991 206 71 185 5.9999999999999991 76 71 98 76 536 513 69 10.999999999999998 11.999999999999998 19 13.999999999999998 64 73 95
leaf_count=24 255 8 206 71 185 6 76 71 98 76 536 513 69 11 12 19 14 64 73 95
internal_value=0 0 0.000319026 -0.00145757 -0.000306853 0.00384578 0 0.000872873 0.0014123 -3.89863e-05 -0.000233224 -0.000505312 0.00145609 0.00214045 0.000646122 0 0.000621084 0.000860638 0.000980753 0.000433288
internal_weight=0 2221 1844 377 306 261 1540 227 304 1313 1220 1049 151 80 93 121 97 83 85 171
internal_count=2482 2221 1844 377 306 261 1540 227 304 1313 1220 1049 151 80 93 121 97 83 85 171
is_linear=0
shrinkage=0.0253571


Tree=111
num_leaves=8
num_cat=0
split_feature=0 0 0 0 0 0 2
split_gain=5.44524 1.53009 0.478785 0.11241 0.133521 0.0566796 0.0452121
threshold=1.0481701493410556 -0.63794409236790661 -1.1509464693021534 -0.28709461838879841 1.0183413738379625 -0.93544342161461114 2.0901692887227514
decision_type=2 2 2 2 2 2 2
left_child=1 2 -1 -3 -5 -4 -7
right_child=-2 3 5 4 -6 6 -8
leaf_value=-0.019283432310655529 0.0081448631544534991 1.5732364957786757e-05 -1.9739025695850685e-05 0.00074083782510269238 -0.001041766703286251 -0.00058012071288515731 0.0042334377198422384
leaf_weight=50 261 462 193 1140 8.9999999999999982 360 6.9999999999999991
leaf_count=50 261 462 193 1140 9 360 7
internal_value=0 0 -0.00106076 0.000423787 0.000560345 -0.000460291 -0.00064736
internal_weight=0 2221 610 1611 1149 560 367
internal_count=2482 2221 610 1611 1149 560 367
is_linear=0
shrinkage=0.0253571


Tree=112
num_leaves=17
num_cat=0
split_feature=1 2 1 1 1 2 4 2 2 2 5 1 5 2 1 1
split_gain=1.65656 0.397377 0.382204 0.129131 0.414018 0.198836 0.148039 0.148364 0.121049 0.0845675 0.0899795 0.0466254 0.0373553 0.0321322 0.0308749 0.0257618
threshold=-1.5182455043090994 1.0591049590775425 -1.4573852342427978 0.7335844881440533 -0.24017983291676948 -0.48749153539027096 1.0000000180025095e-35 -0.48749153539027096 0.54357279425493799 -1.0030237002128752 2.2869799942829454 -0.54448118324827655 1.0000000180025095e-35 1.0000000180025095e-35 -1.3356646941101948 0.79444475821035476
decision_type=2 2 2 2 2 2 2 2 2 2 2 2 2 2 2 2
left_child=-1 3 -3 4 6 12 7 11 -8 -6 -11 -2 -5 -7 -9 -4
right_child=1 2 15 5 9 13 8 14 -10 10 -12 -13 -14 -15 -16 -17
leaf_value=0.0029719157222810287 -0.00085116561521282597 -0.00078654063188025609 0.0023320978705946263 8.3336518949351932e-05 0.00034272364632360875 -0.00084248117233694871 0.0013155427665693695 -0.0010900941961708578 -0.00044823890288418945 -0.00071117200277537426 0.0015905549346719977 0.00081792174802851759 0.0028541245601641616 0.0034948437593765951 0.0019531906980348088 0.00029080082793113545
leaf_weight=242 77 12.999999999999998 250 254 48 234 245 15.999999999999998 42 671 21 12.999999999999998 164 48 127 17
leaf_count=242 77 13 250 254 48 234 245 16 42 671 21 13 164 48 127 17
internal_value=0 0.000116029 0.000999167 0 -0.000165779 0.000261329 0.000157971 0 0.000607787 -0.000621107 -0.000700122 -0.000995672 0.000644251 0 4.80749e-06 0.00139474
internal_weight=0 2240 280 1960 1260 700 520 233 287 740 692 90 418 282 143 267
internal_count=2482 2240 280 1960 1260 700 520 233 287 740 692 90 418 282 143 267
is_linear=0
shrinkage=0.0253571


Tree=113
num_leaves=20
num_cat=0
split_feature=1 6 2 4 5 4 1 1 1 2 1 1 4 2 1 2 2 1 1
split_gain=1.54719 0.447631 0.711596 0.396682 0.236522 0.13914 0.0751348 0.0747513 0.0712125 0.0710458 0.087398 0.0691435 0.0653662 0.0450448 0.0413745 0.0977655 0.175587 0.0223441 0.00749784
threshold=-1.5182455043090994 1.0000000180025095e-35 -0.48749153539027096 1.0000000180025095e-35 2.2869799942829454 1.0000000180025095e-35 -0.17931956285046807 1.4030474588733692 0.12498178748103896 -0.48749153539027096 -0.54448118324827655 -1.2139441539775919 -1.518634353124295 1.3168710414888449 -1.4573852342427978 1.3168710414888449 0.54357279425493799 1.1596063786081634 0.67272421807775196
decision_type=2 2 2 2 2 2 2 2 2 2 2 2 2 2 2 2 2 2 2
left_child=-1 3 5 9 6 18 -4 12 -7 10 -2 -11 -8 17 -5 16 -16 -13 -3
right_child=1 2 4 14 -6 8 7 -9 -10 11 -12 13 -14 -15 15 -17 -18 -19 -20
leaf_value=0.0028965565851298124 -0.0008116484788071325 -0.0052306225296349295 0.0033647396048537715 0.00059665307689996615 0.001893333267600436 -0.00068550809249144564 0.00017038040047943784 0.0027408189695667358 0.00066959346267846586 -0.00098181816546207457 0.00050904755322039321 0.00087560148357442491 -0.0012990730616032459 -3.5982739905848296e-05 0.00094924647178246959 0.0033662147873496653 -0.00073539169220662888 -0.0017637416064831758 6.5787102809433898e-05
leaf_weight=242 75 31 5.9999999999999991 23 23 13.999999999999998 8.9999999999999982 12.999999999999998 371 40 58 318 303 81 524 115 100 5.9999999999999991 130
leaf_count=242 75 31 6 23 23 14 9 13 371 40 58 318 303 81 524 115 100 6 130
internal_value=0 9.34517e-05 -0.000231635 0.000438464 -0.00118107 8.1656e-05 -0.00139321 -0.00145673 0.000487946 0 -0.000551552 8.58844e-05 -0.00153616 0.000340889 0.000817869 0.000851617 0.000333078 0.000482096 0
internal_weight=0 2240 900 1340 354 546 331 325 385 578 133 445 312 405 762 739 624 324 161
internal_count=2482 2240 900 1340 354 546 331 325 385 578 133 445 312 405 762 739 624 324 161
is_linear=0
shrinkage=0.0253571


Tree=114
num_leaves=19
num_cat=0
split_feature=0 0 1 0 1 0 1 0 1 1 2 0 0 0 0 1 0 0
split_gain=5.33267 1.73132 0.429999 0.337993 0.286579 0.120806 0.101335 0.156394 0.0920616 0.079891 0.0845255 0.0685452 0.0375243 0.0291913 0.0267076 0.0124864 0.00884372 5.66767e-06
threshold=1.0481701493410556 -0.63794409236790661 0.7335844881440533 -1.1509464693021534 1.0378858384755605 -0.29373053540600619 -1.8834071247069077 -0.93544342161461114 -1.5182455043090994 1.1596063786081634 2.0901692887227514 0.17492289116571272 0.88536022489906474 -0.62789166361906712 0.99501711105470714 -0.54448118324827655 -0.56002134402722825 -0.38807882091799112
decision_type=2 2 2 2 2 2 2 2 2 2 2 2 2 2 2 2 2 2
left_child=1 3 8 -1 -2 17 -5 -8 12 10 -9 13 16 -10 15 -13 -3 -4
right_child=4 2 5 6 -6 -7 7 9 11 -11 -12 14 -14 -15 -16 -17 -18 -19
leaf_value=-0.018847898096806606 0.0080116175417498051 -0.00031705191462438713 0.00065695703122930463 0.0013989304556001612 -0.0018731608218977231 0.002696994020062759 -3.5070322298809089e-05 -0.0007635155776012318 0.0047232170149261767 0.00050711294656934829 0.0040247323386009967 -4.3947686500147522e-06 -0.00037658695593468437 -0.00045992702113132922 -0.0056920542854196005 0.00086423982808499602 0.0025869458492753764 -0.00073548702516669973
leaf_weight=50 255 7.9999999999999991 135 19 5.9999999999999991 312 189 312 4.9999999999999991 33 6.9999999999999991 104 9.9999999999999982 618 9.9999999999999982 223 111 75
leaf_count=50 255 8 135 19 6 312 189 312 5 33 7 104 10 618 10 223 111 75
internal_value=0 0 0.000392429 -0.0011842 0.00375088 0.000997452 -0.00059464 -0.000696377 0 -0.0010107 -0.00113275 0 0.000661627 -0.000263084 3.90298e-05 0.000230442 0.000815711 0
internal_weight=0 2221 1611 610 261 522 560 541 1089 352 319 960 129 623 337 327 119 210
internal_count=2482 2221 1611 610 261 522 560 541 1089 352 319 960 129 623 337 327 119 210
is_linear=0
shrinkage=0.0253571


Tree=115
num_leaves=21
num_cat=0
split_feature=0 0 6 1 2 1 1 2 6 1 2 1 1 1 2 2 0 2 0 2
split_gain=5.52239 1.27818 0.607218 0.291278 0.407743 0.238129 0.151876 0.148956 0.128152 0.0728052 0.0703908 0.0631878 0.0415638 0.0528247 0.0322833 0.0275544 0.00886896 0.0799732 0.00133016 0.0011865
threshold=0.69075046049342437 -0.63794409236790661 1.0000000180025095e-35 0.7335844881440533 -0.48749153539027096 1.0378858384755605 1.5856282690722734 1.0591049590775425 1.0000000180025095e-35 -0.11845929278416668 -1.0030237002128752 -0.97050307371238664 0.97702556840925903 -1.8834071247069077 -0.22972545297896871 3.121233618367961 -0.132497462532461 1.0000000180025095e-35 0.17492289116571272 -0.48749153539027096
decision_type=2 2 2 2 2 2 2 2 2 2 2 2 2 2 2 2 2 2 2 2
left_child=1 2 12 7 -5 8 -4 9 -2 19 -11 -9 13 -1 -15 -16 17 -6 -18 -3
right_child=5 3 6 4 16 -7 -8 11 -10 10 -12 -13 -14 14 15 -17 18 -19 -20 -21
leaf_value=0.0013634576488586181 0.0054822880817820994 -0.00041109341746770983 -0.0035125654223813738 0.0020679156705731708 -0.0010384939047967819 0.00027854173443209667 0.0011232311177149644 0.00020427098242225734 0.00013862648017325024 0.00066098303792597158 -0.00075239407081945521 0.0024067877649078047 0.0027172683042745375 -1.8712465485559582e-05 -0.00061995366548568969 0.0015726084238879611 0.0039635010676116675 0.0040985730822418126 0.00047014509680601377 0.0007642741328681593
leaf_weight=19 355 127 155 303 97 10.999999999999998 8.9999999999999982 65 19 35 438 83 21 138 262 5.9999999999999991 52 15.999999999999998 42 229
leaf_count=19 355 127 155 303 97 11 9 65 19 35 438 83 21 138 262 6 52 16 42 229
internal_value=0 -7.26789e-05 -0.00110191 0.000238221 0.000725916 0.00314536 -0.00257384 0 0.00325303 -0.000152657 -0.000371887 0.00070343 -0.000155785 -0.000295677 -0.000416953 -0.000580547 0 -0.000218704 0 0
internal_weight=0 2097 610 1487 510 385 164 977 374 829 473 148 446 425 406 268 207 113 94 356
internal_count=2482 2097 610 1487 510 385 164 977 374 829 473 148 446 425 406 268 207 113 94 356
is_linear=0
shrinkage=0.0253571


Tree=116
num_leaves=17
num_cat=0
split_feature=0 0 5 5 0 0 2 2 0 2 0 0 2 0 2 0
split_gain=5.30351 0.993567 0.910478 0.512372 0.124591 0.135747 0.128048 0.078652 0.0716422 0.0667548 0.303677 0.0957298 0.0826078 0.0531429 0.0462264 0.0452661
threshold=1.0481701493410556 -0.63794409236790661 1.0000000180025095e-35 2.2869799942829454 -0.04025164577840324 1.0183413738379625 1.0000000180025095e-35 -0.22972545297896871 -0.69129423710031046 -0.74525761780157318 -0.20483552823489506 -0.11029013627685444 2.0901692887227514 -0.33315182461714199 -0.74525761780157318 -0.29373053540600619
decision_type=2 2 2 2 2 2 2 2 2 2 2 2 2 2 2 2
left_child=1 2 14 8 9 6 7 -6 -4 13 15 12 -12 -3 -1 -11
right_child=-2 4 3 -5 5 -7 -8 -9 -10 10 11 -13 -14 -15 -16 -17
leaf_value=-0.002558482308354564 0.0075387384607246396 5.6294271955390289e-05 -0.008373592781334465 0.0024785477810662037 0.00099811008314925351 -0.0012936236437083614 0.0020374468513429059 -0.0004801391749775261 -0.0013035729231295019 -6.492846443316849e-05 -0.0016091188726774944 -5.6682959792075946e-05 0.0026882848530961892 0.0030910879712890719 1.0908126286837368e-05 0.0018759904657234749
leaf_weight=96 261 112 84 5.9999999999999991 348 8.9999999999999982 271 103 12.999999999999998 324 111 88 5.9999999999999991 131 411 108
leaf_count=96 261 112 84 6 348 9 271 103 13 324 111 88 6 131 411 108
internal_value=0 0 -0.00089616 -0.00314071 0.000298352 0.0005513 0.00065387 0 -0.00369175 0 -4.05372e-05 -0.000963788 -0.0014463 0.000409857 -7.55091e-05 1.61029e-05
internal_weight=0 2221 610 103 1611 731 722 451 97 880 637 205 117 243 507 432
internal_count=2482 2221 610 103 1611 731 722 451 97 880 637 205 117 243 507 432
is_linear=0
shrinkage=0.0253571


Tree=117
num_leaves=14
num_cat=0
split_feature=0 0 5 1 1 0 1 0 0 1 0 1 0
split_gain=5.31654 0.965022 0.652967 0.561298 0.354668 0.132567 0.133118 0.0964896 0.0808199 0.0664705 0.0332534 0.0732704 0.00959519
threshold=1.1004690596944955 -0.83235675032749123 1.0000000180025095e-35 0.97702556840925903 1.0378858384755605 -0.04025164577840324 -1.5182455043090994 -0.76593187800672735 1.0183413738379625 0.36842286774624472 -0.85949173773448984 1.4030474588733692 -0.58144024449861209
decision_type=2 2 2 2 2 2 2 2 2 2 2 2 2
left_child=1 2 9 5 -2 6 -3 -8 -7 -1 11 -11 -9
right_child=4 3 -4 -5 -6 8 7 12 -10 10 -12 -13 -14
leaf_value=0.00010066117832902619 0.0081273725843960462 0.0011788574328559472 -0.010015636394204046 0.0019928933846659093 -0.0056603121031939627 0.00077387729207622168 0.00066446232685008887 -0.0021088811872717276 -0.00045062766125277014 -0.0025277068923272353 0.00057783313159192934 0.0015765808507353322 -7.789564439860762e-05
leaf_weight=172 238 77 61 305 4.9999999999999991 668 57 150 24 122 13.999999999999998 7.9999999999999991 581
leaf_count=172 238 77 61 305 5 668 57 150 24 122 14 8 581
internal_value=0 0 -0.0011929 0.000200583 0.00386917 0 -0.00020456 -0.000392008 0.000264323 -0.000100594 -0.000553364 -0.000703306 -0.000499707
internal_weight=0 2239 377 1862 243 1557 865 788 692 316 144 130 731
internal_count=2482 2239 377 1862 243 1557 865 788 692 316 144 130 731
is_linear=0
shrinkage=0.0253571


Tree=118
num_leaves=16
num_cat=0
split_feature=0 0 0 0 2 2 6 6 2 0 0 2 0 0 0
split_gain=5.01538 0.864131 0.171627 0.107091 0.135317 0.051673 0.0356664 0.02324 0.0199463 0.299039 0.0957298 0.0826078 0.0529882 0.0454428 0.00387006
threshold=1.1004690596944955 -0.84654841444350015 -0.04025164577840324 1.0183413738379625 1.0000000180025095e-35 -0.22972545297896871 1.0000000180025095e-35 1.0000000180025095e-35 -0.74525761780157318 -0.20483552823489506 -0.11029013627685444 2.0901692887227514 -0.33315182461714199 -0.29373053540600619 -0.74241050877741643
decision_type=2 2 2 2 2 2 2 2 2 2 2 2 2 2 2
left_child=1 6 8 4 5 -4 -1 -2 12 13 11 -11 -3 14 -10
right_child=7 2 3 -5 -6 -7 -8 -9 9 10 -12 -13 -14 -15 -16
leaf_value=-0.00032534201537416624 0.0079587092222722401 -2.4385339502935477e-05 0.00095317763818162943 -0.00010787413288245305 0.0019661598494565063 -0.00048758751911693839 -0.0040460532692800401 0.0022841077758131633 0.00067560953649340924 -0.0015717468559593435 -6.6397734308042955e-05 0.0026141260761085032 0.002998748378505649 0.0018279091066651328 -0.00018274920355879773
leaf_weight=258 232 160 348 27 271 103 97 10.999999999999998 115 111 88 5.9999999999999991 131 108 416
leaf_count=258 232 160 348 27 271 103 97 11 115 111 88 6 131 108 416
internal_value=0 0 0.000191541 0.000487797 0.000584229 0 -0.00116025 0.00376743 0 -6.79479e-05 -0.000963788 -0.0014463 0.00017304 0 0
internal_weight=0 2239 1884 749 722 451 355 243 1135 844 205 117 291 639 531
internal_count=2482 2239 1884 749 722 451 355 243 1135 844 205 117 291 639 531
is_linear=0
shrinkage=0.0253571


Tree=119
num_leaves=12
num_cat=0
split_feature=0 0 2 5 0 2 0 0 5 0 0
split_gain=5.02726 0.855762 0.295182 0.286317 0.200516 0.135597 0.0625579 0.12593 0.0787893 0.0489044 0.0247135
threshold=1.1937004086788314 -0.84654841444350015 1.5746371239001469 1.0000000180025095e-35 -0.37474128473489016 -1.0030237002128752 -0.10220877198857158 -0.18735875668462479 1.1199807455555051 0.32268702355878659 -0.33315182461714199
decision_type=2 2 2 2 2 2 2 2 2 2 2
left_child=1 3 5 -1 -4 10 7 -7 -9 -8 -3
right_child=-2 2 4 -5 -6 6 9 8 -10 -11 -12
leaf_value=-0.00029568788749635201 0.0092134526859392035 0.00021989256967298913 -0.0001432870589700203 -0.010595721681640614 0.0027214332069893689 -1.2391229657657195e-05 0.00072882330190633833 -0.0014366391640811061 0.0028299176226523415 -4.3876320263486668e-05 0.0033119114584365854
leaf_weight=295 225 50 39 60 89 748 447 122 10.999999999999998 301 95
leaf_count=295 225 50 39 60 89 748 447 122 11 301 95
internal_value=0 0 0.00018309 -0.00116025 0.001375 0 0 -0.000200871 -0.000915818 7.65965e-05 0.000759305
internal_weight=0 2257 1902 355 128 1774 1629 881 133 748 145
internal_count=2482 2257 1902 355 128 1774 1629 881 133 748 145
is_linear=0
shrinkage=0.0253571


Tree=120
num_leaves=15
num_cat=0
split_feature=0 0 2 0 5 2 6 0 0 2 0 0 0 0
split_gain=4.97296 0.781983 0.307746 0.146186 0.140149 0.135598 0.0872978 0.0749121 0.0852513 0.0268014 0.0260377 0.0247135 0.0168477 2.57181e-06
threshold=1.1937004086788314 -0.84654841444350015 1.0591049590775425 -0.38104869100867195 1.0000000180025095e-35 -1.0030237002128752 1.0000000180025095e-35 -0.10220877198857158 -0.75587944925788786 1.5746371239001469 0.14870773384030736 -0.33315182461714199 -0.96691475083483469 0.69075046049342437
decision_type=2 2 2 2 2 2 2 2 2 2 2 2 2 2
left_child=1 4 5 -4 12 11 -2 8 -7 -5 -9 -3 -1 -12
right_child=6 2 3 9 -6 7 -8 10 -10 -11 13 -13 -14 -15
leaf_value=-0.00064283684634512184 0.0094294211379640433 0.00021431673379303034 3.8300666408741012e-05 0.00041426508338343436 -0.010327045003686192 0.00023661404719168533 0.0048902312422017466 0.0010423656202331879 -0.00035336521589393794 0.0026524255777501337 -0.00012300722477803192 0.003227931018494157 0.00011170740379691811 0.0010360999836728504
leaf_weight=161 215 50 82 73 60 92 9.9999999999999982 274 726 89 305 95 134 116
leaf_count=161 215 50 82 73 60 92 10 274 726 89 305 95 134 116
internal_value=0 0 0.000196379 0.00104158 -0.00109005 0 0.00389621 -4.72207e-07 -0.000239298 0.00147393 3.71843e-05 0.000759305 -0.000128652 0
internal_weight=0 2257 1902 244 355 1658 225 1513 818 162 695 145 295 421
internal_count=2482 2257 1902 244 355 1658 225 1513 818 162 695 145 295 421
is_linear=0
shrinkage=0.0253571


Tree=121
num_leaves=18
num_cat=0
split_feature=1 6 2 1 2 2 1 1 1 1 4 1 1 4 2 1 1
split_gain=1.23402 0.422648 0.582231 0.19936 0.250812 0.150819 0.10739 0.0891511 0.0755724 0.0636548 0.0578629 0.0261857 0.0895184 0.0104499 0.135634 0.0712125 0.00613555
threshold=-1.5182455043090994 1.0000000180025095e-35 -0.22972545297896871 -1.4573852342427978 1.5746371239001469 0.54357279425493799 1.0000000180025095e-35 0.67272421807775196 0.85530502827665622 0.12498178748103896 -1.518634353124295 0.49014340787884753 -1.2748044240438936 1.0000000180025095e-35 -0.48749153539027096 0.12498178748103896 1.5856282690722734
decision_type=2 2 2 2 2 2 2 2 2 2 2 2 2 2 2 2 2
left_child=-1 3 13 -2 5 6 10 -8 -6 -4 -5 12 -7 16 15 -15 -3
right_child=1 2 9 4 8 11 7 -9 -10 -11 -12 -13 -14 14 -16 -17 -18
leaf_value=0.002506499558155005 -0.00063641678659516498 -0.00046037789968859032 0.00036406176593693014 1.2573348253063443e-05 0.0025059424304156976 0.0033373577519067517 -0.0019354010266883148 0.0019515763479092927 -0.0023789066053321911 -0.001569364290516045 0.00080026616652058519 0.0014379011387411847 -0.00051982428218385484 -0.00077408476065873952 -0.00057542665321458776 0.00063069782784575608 0.0054231198717001883
leaf_weight=242 41 216 4.9999999999999991 38 134 21 221 169 6.9999999999999991 116 467 71 171 13.999999999999998 171 371 6.9999999999999991
leaf_count=242 41 216 5 38 134 21 221 169 7 116 467 71 171 14 171 371 7
internal_value=0 0.00010474 -0.000203654 0.000438464 0.000544517 0.000234754 0.000422841 0 0.00181335 -0.00179945 0.000671015 0 -0.000291444 0 0.000102754 0.000487946 -5.84406e-05
internal_weight=0 2240 900 1340 1299 1158 895 390 141 121 505 263 192 779 556 385 223
internal_count=2482 2240 900 1340 1299 1158 895 390 141 121 505 263 192 779 556 385 223
is_linear=0
shrinkage=0.0253571


Tree=122
num_leaves=17
num_cat=0
split_feature=0 0 1 1 2 1 2 1 0 1 0 0 0 2 1 2
split_gain=5.00051 0.767018 0.461622 0.358718 0.214118 0.246372 0.14848 0.335947 0.243929 0.14089 0.122165 0.199795 0.0712264 0.0469631 0.0281454 0.00287466
threshold=1.1937004086788314 -0.84654841444350015 0.97702556840925903 1.0378858384755605 1.0591049590775425 -0.97050307371238664 -1.0030237002128752 -0.84878253357978373 -0.032564494382231794 -1.8834071247069077 -0.38104869100867195 0.66552083539829743 -0.77900660559508761 -0.48749153539027096 -0.605341453314578 -0.74525761780157318
decision_type=2 2 2 2 2 2 2 2 2 2 2 2 2 2 2 2
left_child=1 9 4 -2 6 -6 14 15 -9 -1 -7 -12 -4 -14 -3 -8
right_child=3 2 12 -5 5 10 7 8 -10 -11 11 -13 13 -15 -16 -17
leaf_value=0.0012754126560489143 0.0090362152231535722 -0.001495287460361118 1.0149051996993802e-05 -0.0062408081131722828 -7.2028788838607454e-05 0.00019760783557107339 -2.6076178619902339e-05 -0.00099011713425961709 -1.99600861171411e-05 -0.0013164767938059687 0.0025526604948661411 0.00088124120791550843 0.0028982534379101612 0.00050123702580270944 0.0029725691616411952 0.0010544690769054713
leaf_weight=12.999999999999998 220 8.9999999999999982 13.999999999999998 4.9999999999999991 108 51 50 522 405 342 69 13.999999999999998 198 96 87 279
leaf_count=13 220 9 14 5 108 51 50 522 405 342 69 14 198 96 87 279
internal_value=0 0 0.00018309 0.00389621 0 0.000692433 -0.000117211 -0.00028684 -0.000584957 -0.00109005 0.00140658 0.00199743 0.00107153 0.00116373 0.000317089 3.99613e-05
internal_weight=0 2257 1902 225 1594 242 1352 1256 927 355 134 83 308 294 96 329
internal_count=2482 2257 1902 225 1594 242 1352 1256 927 355 134 83 308 294 96 329
is_linear=0
shrinkage=0.0253571


Tree=123
num_leaves=17
num_cat=0
split_feature=0 0 1 1 0 1 0 0 5 0 0 5 0 0 0 2
split_gain=4.9446 0.641642 0.358718 0.250988 0.393622 0.133493 0.196537 0.203716 0.0843455 0.0496636 0.0545872 0.0410613 0.028065 0.012346 0.00287064 0.00270124
threshold=1.1937004086788314 -1.2165172136900091 1.0378858384755605 0.7335844881440533 -0.77900660559508761 -1.5182455043090994 0.17492289116571272 -0.92657363154210592 1.1199807455555051 -0.91008239222211385 0.88536022489906474 4.6209784917378274 -0.98859645990095923 0.99501711105470714 -1.0604089084139114 1.0000000180025095e-35
decision_type=2 2 2 2 2 2 2 2 2 2 2 2 2 2 2 2
left_child=1 -1 -2 5 14 9 7 12 -9 -3 -11 -6 -7 15 -5 -8
right_child=2 3 -4 4 11 6 13 8 -10 10 -12 -13 -14 -15 -16 -17
leaf_value=-0.041447734440163107 0.0088070830922440686 -0.00022249182578044799 -0.0060825593744852739 0.0022823117687750766 0.0015022226486195167 -0.00055467502042928719 2.873335857198076e-05 -0.00057681988951554565 0.00045740971501617651 0.0016368302312957602 -5.3591722183774278e-05 -0.0012695450961294197 0.0011431442715345767 -8.9012284632736279e-05 -0.0018982737410884378 0.0013862369315927982
leaf_weight=30 220 6.9999999999999991 4.9999999999999991 29 571 94 178 814 33 150 21 5.9999999999999991 52 32 91 149
leaf_count=30 220 7 5 29 571 94 178 814 33 150 21 6 52 32 91 149
internal_value=0 0 0.00389621 5.70936e-05 0.000487808 -2.93527e-05 -0.000210558 -0.000432124 -0.000610084 0.000382414 0.000576369 0.000849042 0 0 0 0.000154346
internal_weight=0 2257 225 2227 697 1530 1352 993 847 178 171 577 146 359 120 327
internal_count=2482 2257 225 2227 697 1530 1352 993 847 178 171 577 146 359 120 327
is_linear=0
shrinkage=0.0253571


Tree=124
num_leaves=19
num_cat=0
split_feature=0 0 1 5 1 6 0 0 1 0 1 1 0 0 1 0 1 1
split_gain=4.9446 0.520088 0.394206 0.365408 0.358718 0.17939 0.197633 0.148393 0.304985 0.0311177 0.0225521 0.0358258 0.0204793 0.0160044 0.0145255 0.0765195 0.0390976 0.000576996
threshold=1.1937004086788314 -0.84654841444350015 0.97702556840925903 1.0000000180025095e-35 1.0378858384755605 1.0000000180025095e-35 -0.10220877198857158 0.28950743847274729 -0.48362091318197514 -0.81192338208638593 0.36842286774624472 1.4030474588733692 0.28950743847274729 0.41867786278790214 -0.84878253357978373 -0.72053169326523603 -1.1530838839112907 -1.0313633437786878
decision_type=2 2 2 2 2 2 2 2 2 2 2 2 2 2 2 2 2 2
left_child=1 3 5 10 -2 6 14 8 -8 -4 17 -12 -7 -9 16 -16 -3 -1
right_child=4 2 9 -5 -6 12 7 13 -10 -11 11 -13 -14 -15 15 -17 -18 -19
leaf_value=-0.0004647157747987875 0.0085837610856088382 -0.00027043800149848554 0.00080458927626646606 -0.0096791912489860386 -0.0059283233634518356 -0.00049342404838033426 0.00016976363710303517 -0.0018531721121792162 0.0025544897053356992 0.0018563584856199958 -0.0024216741451353976 0.001730138636430535 2.2517603240219022e-05 0.0012739413850028898 0.00014522083161667065 -0.0015561881633026425 0.0024965787328455513 0.00088295233978829993
leaf_weight=33 220 132 6.9999999999999991 60 4.9999999999999991 465 103 69 149 301 126 7.9999999999999991 49 251 58 219 99 128
leaf_count=33 220 132 7 60 5 465 103 69 149 301 126 8 49 251 58 219 99 128
internal_value=0 0 0.000169802 -0.00087946 0.00389621 0 0.000193251 0.000538446 0.00100931 0.000990831 0 -0.000321576 -0.000379135 0 0 -0.000181594 0 0
internal_weight=0 2257 1902 355 225 1594 1080 572 252 308 295 134 514 320 508 277 231 161
internal_count=2482 2257 1902 355 225 1594 1080 572 252 308 295 134 514 320 508 277 231 161
is_linear=0
shrinkage=0.0253571


Tree=125
num_leaves=21
num_cat=0
split_feature=0 0 1 6 1 2 2 1 2 1 1 0 0 0 0 2 2 1 2 1
split_gain=4.69753 0.61223 0.495421 0.290421 0.140068 0.265642 0.179206 0.107199 0.121834 0.10555 0.0988475 0.105913 0.146517 0.0512718 0.0493313 0.122698 0.0124718 0.00294353 0.0574887 0.088476
threshold=1.1937004086788314 -0.63794409236790661 -0.17931956285046807 1.0000000180025095e-35 0.7335844881440533 -0.48749153539027096 1.0591049590775425 -1.0313633437786878 -1.0030237002128752 1.3421871888070676 -0.97050307371238664 0.66552083539829743 -0.38104869100867195 -0.62789166361906712 -0.132497462532461 1.0000000180025095e-35 -0.74525761780157318 0.6118639480114505 -0.22972545297896871 -1.8834071247069077
decision_type=2 2 2 2 2 2 2 2 2 2 2 2 2 2 2 2 2 2 2 2
left_child=1 3 -2 17 6 -6 7 16 -9 -5 -8 12 -12 -10 15 -7 -3 18 -1 -20
right_child=2 4 -4 9 5 14 10 8 13 -11 11 -13 -14 -15 -16 -17 -18 -19 19 -21
leaf_value=9.4445196109962099e-05 0.0091191058301173349 -0.00046054786195380483 0.0028619989070468696 -0.0032426686580376771 0.0019823081948307634 -0.0010820155519380499 0.00074149220169610552 0.00062429436213724766 0.0047120011469468917 -0.00037605141754837247 0.00069526068952487313 0.00079144111107672457 0.0023556932977180436 -0.00050481880477651017 0.0035356026220808804 0.0039924202305281166 0.0014129460714468621 0.00035212949679572122 0.0012133504885477541 -0.00054392455475741166
leaf_weight=123 181 38 44 130 308 97 90 54 4.9999999999999991 34 19 13.999999999999998 63 658 104 15.999999999999998 181 93 11.999999999999998 218
leaf_count=123 181 38 44 130 308 97 90 54 5 34 19 14 63 658 104 16 181 93 12 218
internal_value=0 0 0.00378655 -0.000690414 0.000245842 0.000598018 0 -6.13133e-05 -0.000316543 -0.00168006 0.000762243 0.00130932 0.0016608 -0.000474701 0 -0.00043139 3.18524e-06 0 -7.25858e-05 -0.000405576
internal_weight=0 2257 225 610 1647 525 1122 936 717 164 186 96 82 663 217 113 219 446 353 230
internal_count=2482 2257 225 610 1647 525 1122 936 717 164 186 96 82 663 217 113 219 446 353 230
is_linear=0
shrinkage=0.0253571


Tree=126
num_leaves=14
num_cat=0
split_feature=2 6 3 2 2 5 3 4 3 5 4 2 5
split_gain=1.17369 0.367043 0.421914 0.30881 0.291756 0.220212 0.102128 0.0524136 0.0280558 0.0573011 0.00699221 0.0328672 5.15649e-06
threshold=1.5746371239001469 1.0000000180025095e-35 -0.86158447112794823 1.3168710414888449 -0.48749153539027096 2.2869799942829454 -0.86158447112794823 1.0000000180025095e-35 1.1798977793155532 1.0000000180025095e-35 1.0000000180025095e-35 1.0591049590775425 1.1199807455555051
decision_type=2 2 2 2 2 2 2 2 2 2 2 2 2
left_child=1 2 10 -4 7 6 -6 12 9 -9 11 -1 -3
right_child=-2 4 3 -5 5 -7 -8 8 -10 -11 -12 -13 -14
leaf_value=-0.0018037621080548556 0.0029806206226941183 -0.00058750925998169487 0.00094759880934909752 -0.00039235546957779456 -2.7338894340911432e-05 0.0023438075136112324 -0.001127409018009475 0.00019628417958122112 -3.8232680032340195e-05 0.0015381132370974463 0.00057510688156303788 0.00012107772812499046 0.0019102963545085244
leaf_weight=124 206 149 1010 55 74 23 257 144 45 196 166 21 11.999999999999998
leaf_count=124 206 149 1010 55 74 23 257 144 45 196 166 21 12
internal_value=0 0.00012531 0.000427044 0.000698969 -0.000147692 -0.000758714 -0.00101724 0 0.000293501 0.000386578 0 -0.000172424 0
internal_weight=0 2276 1376 1065 900 354 331 546 385 340 311 145 161
internal_count=2482 2276 1376 1065 900 354 331 546 385 340 311 145 161
is_linear=0
shrinkage=0.0253571


Tree=127
num_leaves=13
num_cat=0
split_feature=1 6 3 1 1 3 3 5 1 3 1 1
split_gain=1.01238 0.325366 0.207797 0.297998 0.202379 0.194625 0.151427 0.0621375 0.040573 0.00918659 0.00275056 0.042375
threshold=-1.5182455043090994 1.0000000180025095e-35 -0.86158447112794823 -1.4573852342427978 0.97702556840925903 -0.86158447112794823 -0.86158447112794823 1.0000000180025095e-35 1.0987461085418622 1.1798977793155532 -0.84878253357978373 0.91616529834295768
decision_type=2 2 2 2 2 2 2 2 2 2 2 2
left_child=5 2 10 -4 6 -1 -3 -6 -5 -9 -2 -12
right_child=1 4 3 8 7 -7 -8 9 -10 -11 11 -13
leaf_value=0.00050897313211233173 0.0021367059141570699 0.00013374418622338205 -0.0010714042155524669 0.00082462328600710203 -0.00023124717650162927 0.0025976162204744266 -0.00078107571184131571 0.0036122863382057769 0.00066710077755031754 -7.3835982684414256e-05 -0.0022177687803712908 0.0015018864829757284
leaf_weight=47 99 137 30 983 224 195 421 102 13.999999999999998 15.999999999999998 197 17
leaf_count=47 99 137 30 983 224 195 421 102 14 16 197 17
internal_value=0 8.21629e-05 0.000381956 0.000565154 -0.000175673 0.00191829 -0.000529335 0 0.00072107 0.000567121 0 -8.96147e-05
internal_weight=0 2240 1340 1027 900 242 558 342 997 118 313 214
internal_count=2482 2240 1340 1027 900 242 558 342 997 118 313 214
is_linear=0
shrinkage=0.0253571


Tree=128
num_leaves=18
num_cat=0
split_feature=0 0 1 0 1 0 2 0 1 0 0 0 0 1 0 0 1
split_gain=4.75022 0.575869 0.495421 0.135474 0.11799 0.0523552 0.0510538 0.371639 0.0477444 0.0406426 0.0396867 0.030033 0.0265036 0.235778 0.0174552 0.0149782 0.000465917
threshold=1.1937004086788314 -0.63794409236790661 -0.17931956285046807 -0.04025164577840324 -1.8834071247069077 -0.84654841444350015 -0.74525761780157318 -0.20483552823489506 -0.605341453314578 -0.28203555294003596 1.1527022678992505 -0.33315182461714199 -0.76593187800672735 0.67272421807775196 -0.032564494382231794 -0.11029013627685444 -1.0922236138449894
decision_type=2 2 2 2 2 2 2 2 2 2 2 2 2 2 2 2 2
left_child=1 4 -2 6 -1 -6 11 9 16 -8 14 -3 -7 -14 -10 -9 -5
right_child=2 3 -4 8 5 12 7 15 10 -11 -12 -13 13 -15 -16 -17 -18
leaf_value=0.0010926871100900119 0.0088429334377640237 2.0868858686900733e-05 0.0027761569713312738 0.0020138751705424539 -0.0011342010065075489 0.0003663210672745624 -4.5495269948070642e-05 -0.0014576779129953394 -9.3030885103570469e-05 0.0019982035707239109 -0.0012466630697764731 0.0028162751333964697 -0.0027427588307504373 0.00055051564690172534 0.00085467157325157391 -7.397831126943376e-05 -0.00092463616449283954
leaf_weight=19 181 112 44 160 342 100 337 117 6.9999999999999991 95 4.9999999999999991 131 100 49 522 88 73
leaf_count=19 181 112 44 160 342 100 337 117 7 95 5 131 100 49 522 88 73
internal_value=0 0 0.00378655 0.000215166 -0.000690414 -0.00078668 0 -0.000119381 0.000460044 0 0.00059979 0.000308112 0 -0.00033134 0.000640926 -0.00108384 0
internal_weight=0 2257 225 1647 610 591 880 637 767 432 534 243 249 149 529 205 233
internal_count=2482 2257 225 1647 610 591 880 637 767 432 534 243 249 149 529 205 233
is_linear=0
shrinkage=0.0253571


Tree=129
num_leaves=16
num_cat=0
split_feature=0 0 1 1 6 0 0 1 1 0 0 1 0 0 1
split_gain=4.45589 0.495398 0.450802 0.343928 0.165068 0.211955 0.148393 0.304985 0.110653 0.0277821 0.0206906 0.0603278 0.0160044 0.0107715 0.0104778
threshold=1.1937004086788314 -0.84654841444350015 -0.36190037304937234 0.97702556840925903 1.0000000180025095e-35 -0.10220877198857158 0.28950743847274729 -0.48362091318197514 -1.8834071247069077 -0.81192338208638593 -0.77394754014632505 -1.5182455043090994 0.41867786278790214 0.60132983613283131 -0.24017983291676948
decision_type=2 2 2 2 2 2 2 2 2 2 2 2 2 2 2
left_child=1 8 -2 4 5 10 7 -7 -1 -5 -3 -12 -8 14 -6
right_child=2 3 -4 9 13 6 12 -9 -10 -11 11 -13 -14 -15 -16
leaf_value=0.0010649797437015907 0.0087205478369241658 0.00056792788596581468 0.0024783900129901498 0.00084838492822405186 0.0019138887710788218 7.6613787366827763e-05 -0.0018758525132485067 0.0023636532506708073 -0.0011054409684736039 0.0018224703940922546 0.0011189308568918925 -0.00052111029278503415 0.0011488168075868672 6.1468994670017306e-05 -0.00043335266515475476
leaf_weight=12.999999999999998 175 71 50 6.9999999999999991 8.9999999999999982 103 69 149 342 301 66 371 251 12.999999999999998 492
leaf_count=13 175 71 50 7 9 103 69 149 342 301 66 371 251 13 492
internal_value=0 0 0.00367688 0.000143225 0 0.000169906 0.000538446 0.00100931 -0.00087946 0.000910133 0 -0.000173251 0 -0.000379135 -0.00040135
internal_weight=0 2257 225 1902 1594 1080 572 252 355 308 508 437 320 514 501
internal_count=2482 2257 225 1902 1594 1080 572 252 355 308 508 437 320 514 501
is_linear=0
shrinkage=0.0253571


Tree=130
num_leaves=21
num_cat=0
split_feature=0 1 0 5 1 1 0 5 1 0 0 0 1 1 1 0 1 0 1 1
split_gain=4.48103 0.450802 0.441928 0.660436 0.49895 0.162666 0.249597 0.0922615 0.0386979 0.0868717 0.0629654 0.0377358 0.0141035 0.0350504 0.030151 0.012346 0.0276611 0.00499791 0.00416763 0.00124466
threshold=1.1937004086788314 -0.36190037304937234 -0.63794409236790661 1.0000000180025095e-35 0.97702556840925903 0.7335844881440533 -0.12421899179812244 3.4539792430103859 -1.5182455043090994 0.17492289116571272 -0.13703091079174162 0.88536022489906474 0.36842286774624472 -1.0922236138449894 1.4030474588733692 0.99501711105470714 -0.54448118324827655 -0.56002134402722825 0.12498178748103896 -1.8834071247069077
decision_type=2 2 2 2 2 2 2 2 2 2 2 2 2 2 2 2 2 2 2 2
left_child=2 -2 3 12 -5 8 -7 -8 11 10 -10 17 13 19 -14 16 -11 -4 -12 -1
right_child=1 -3 5 4 -6 6 7 -9 9 15 18 -13 14 -15 -16 -17 -18 -19 -20 -21
leaf_value=0.001037974955521609 0.0084994201126251494 0.0024155452521166109 -0.00060696971750129618 -0.011994706326792646 -9.9392053720884837e-05 0.00021432332052776147 0.003033451206829314 -0.0021568499559600726 -1.7255929024013741e-05 -0.00013093441831436481 -0.0015142755940789391 -0.00023945399005480684 -0.0014882930299085903 0.00099450164541409008 0.0019409743718648736 -0.00026051616401441622 0.00056303305464088492 0.0020048625848839586 -0.00043040131465827531 -0.00081692234399244692
leaf_weight=19 175 50 7.9999999999999991 67 36 330 190 4.9999999999999991 329 104 97 21 201 214 17 32 223 111 197 56
leaf_count=19 175 50 8 67 36 330 190 5 329 104 97 21 201 214 17 32 223 111 197 56
internal_value=0 0.00367688 0 -0.000608115 -0.00244424 0.00018449 0.000550285 0.00126371 0 -4.56297e-05 -0.000303383 0.000395087 0 0 -0.000201105 0 0.000154346 0.000613216 -0.0005725 0
internal_weight=0 225 2257 610 103 1647 525 195 1122 982 623 140 507 289 218 359 327 119 294 75
internal_count=2482 225 2257 610 103 1647 525 195 1122 982 623 140 507 289 218 359 327 119 294 75
is_linear=0
shrinkage=0.0253571


Tree=131
num_leaves=13
num_cat=0
split_feature=0 0 1 5 1 0 1 0 0 0 1 1
split_gain=4.48103 0.484625 0.450802 0.365408 0.354701 0.106124 0.111295 0.115505 0.0550254 0.0277821 0.00431982 0.0195968
threshold=1.1937004086788314 -0.84654841444350015 -0.36190037304937234 1.0000000180025095e-35 0.97702556840925903 -0.04025164577840324 -1.5182455043090994 -0.76593187800672735 1.0183413738379625 -0.81192338208638593 0.36842286774624472 1.4030474588733692
decision_type=2 2 2 2 2 2 2 2 2 2 2 2
left_child=1 3 -2 10 5 6 -3 -8 -7 -6 -1 -12
right_child=2 4 -4 -5 9 8 7 -9 -10 -11 11 -13
leaf_value=0.00015617509170393705 0.0082838995441342246 0.0010933847353307605 0.0023542940515578308 -0.0090341025060240877 0.0008211330135001585 0.0006175963043265969 0.00051468865942417587 -0.00039140969863361825 -0.00021504759171627537 0.0017708232307026511 -0.0023582689625076948 0.0017191688663023331
leaf_weight=161 175 78 50 60 6.9999999999999991 668 75 731 42 301 126 7.9999999999999991
leaf_count=161 175 78 50 60 7 668 75 731 42 301 126 8
internal_value=0 0 0.00367688 -0.00087946 0.000129937 0 -0.000207315 -0.000367711 0.000204574 0.000910133 0 -0.000140742
internal_weight=0 2257 225 355 1902 1594 884 806 710 308 295 134
internal_count=2482 2257 225 355 1902 1594 884 806 710 308 295 134
is_linear=0
shrinkage=0.0253571


Tree=132
num_leaves=21
num_cat=0
split_feature=0 0 5 1 1 2 1 0 2 0 5 1 1 0 2 2 0 2 6 1
split_gain=4.50536 0.491514 0.610849 0.49895 0.450802 0.189022 0.162666 0.249597 0.0933643 0.0947182 0.0922615 0.0608428 0.061845 0.173467 0.0607215 0.0990416 0.0480885 0.0397409 0.0221974 0.0494463
threshold=1.1937004086788314 -0.63794409236790661 1.0000000180025095e-35 0.97702556840925903 -0.36190037304937234 -1.0030237002128752 0.7335844881440533 -0.12421899179812244 1.5746371239001469 -0.37474128473489016 3.4539792430103859 -1.2748044240438936 0.18584205754734043 -0.41974725658427031 -0.48749153539027096 1.0000000180025095e-35 -0.21442804194293807 2.8634675359566581 1.0000000180025095e-35 1.4030474588733692
decision_type=2 2 2 2 2 2 2 2 2 2 2 2 2 2 2 2 2 2 2 2
left_child=1 2 18 5 -2 -4 8 14 11 -10 -9 -3 13 -13 16 -16 -8 -11 -1 -20
right_child=4 6 3 -5 -6 -7 7 10 9 17 -12 12 -14 -15 15 -17 -18 -19 19 -21
leaf_value=5.4355949435588285e-05 0.0080738439502917661 0.00090305366175150257 0.00043412605646206566 -7.3279314978334743e-05 0.0022945960032600778 -0.012070576530541093 0.0015663946568162334 0.002947267627403531 -0.00089792076040247435 0.0021794274237219402 -0.002147061441193495 0.00031264124558423226 -1.0753656340621468e-06 -0.00089853633789957097 -0.00098168518976073592 0.0039969359569718334 -0.00019956970384442602 0.0033024738258506979 -0.0027987646620224195 0.0016755757450672806
leaf_weight=408 175 184 4.9999999999999991 36 50 62 175 190 15.999999999999998 67 4.9999999999999991 67 462 310 99 15.999999999999998 40 15.999999999999998 83 15.999999999999998
leaf_count=408 175 184 5 36 50 62 175 190 16 67 5 67 462 310 99 16 40 16 83 16
internal_value=0 0 -0.000649264 -0.00244424 0.00367688 -0.00364594 0.00018449 0.000550285 0 0.000729771 0.00126371 -6.22898e-05 -0.000225852 -0.000465048 0 -0.000319684 0.00034711 0.00114484 0 -0.000368294
internal_weight=0 2257 610 103 225 67 1647 525 1122 99 195 1023 839 377 330 115 215 83 507 99
internal_count=2482 2257 610 103 225 67 1647 525 1122 99 195 1023 839 377 330 115 215 83 507 99
is_linear=0
shrinkage=0.0253571


Tree=133
num_leaves=13
num_cat=0
split_feature=0 1 0 1 5 0 1 0 0 0 1 1
split_gain=4.14426 0.401839 0.36774 0.343928 0.113845 0.0631744 0.0864242 0.0951844 0.0466913 0.0277821 0.00431982 0.0195968
threshold=1.1937004086788314 -0.17931956285046807 -0.84654841444350015 0.97702556840925903 1.0000000180025095e-35 -0.04025164577840324 -1.5182455043090994 -0.76593187800672735 1.0183413738379625 -0.81192338208638593 0.36842286774624472 1.4030474588733692
decision_type=2 2 2 2 2 2 2 2 2 2 2 2
left_child=2 -2 4 5 10 6 -4 -8 -7 -5 -1 -12
right_child=1 -3 3 9 -6 8 7 -9 -10 -11 11 -13
leaf_value=0.00015083663695407803 0.0077672692889728685 0.0024637834174346456 0.0010589012441824383 0.0008145518707653865 -0.0087367614012756768 0.00060765237670114486 0.00049544441097996213 -0.00037887816836413809 -0.00019249959264122231 0.0017508129856567223 -0.0022998484307830023 0.0016330880185704672
leaf_weight=161 181 44 78 6.9999999999999991 60 668 75 731 42 301 126 7.9999999999999991
leaf_count=161 181 44 78 7 60 668 75 731 42 301 126 8
internal_value=0 0.00356722 0 0.000143225 -0.000739064 0 -0.000150347 -0.000305272 0.00016917 0.000910133 0 -0.000140742
internal_weight=0 225 2257 1902 355 1594 884 806 710 308 295 134
internal_count=2482 225 2257 1902 355 1594 884 806 710 308 295 134
is_linear=0
shrinkage=0.0253571


Tree=134
num_leaves=18
num_cat=0
split_feature=0 1 0 1 2 1 3 0 1 0 2 1 0 0 0 1 0
split_gain=3.81292 0.676605 0.336905 0.319239 0.205609 0.246372 0.230665 0.37898 0.481694 0.11146 0.0883387 0.0822766 0.0683215 0.0903266 0.0647727 0.0367393 5.29288e-06
threshold=1.1937004086788314 -0.36190037304937234 -0.84654841444350015 0.97702556840925903 1.0591049590775425 -0.97050307371238664 1.0000000180025095e-35 -0.045442115524536093 -0.84878253357978373 0.66552083539829743 -0.48749153539027096 -1.8834071247069077 0.10054805885403652 -0.58144024449861209 -0.80141103829674976 0.79444475821035476 0.57872829698511352
decision_type=2 2 2 2 2 2 2 2 2 2 2 2 2 2 2 2 2
left_child=2 -2 11 4 6 -6 7 8 -4 15 14 -1 13 -8 -5 -7 -14
right_child=1 -3 3 10 5 9 12 -9 -10 -11 -12 -13 16 -15 -16 -17 -18
leaf_value=0.0010024916971446834 0.0076721594017442078 0.0021739373436980231 0.00056821508108808292 -0.00046017870982201139 -0.00018450891648215772 0.0020600417087751821 -0.00025967271560292448 0.00021043350807892558 -0.001564700615743754 0.00062067014666442153 0.00037560965715548368 -0.0010798259309074529 -0.00077816584481941195 0.00064360189855471061 0.0024727994540040929 -0.00042764876225431732 0.0020023552409975192
leaf_weight=12.999999999999998 175 50 110 5.9999999999999991 108 112 77 335 321 13.999999999999998 100 342 145 295 202 7.9999999999999991 69
leaf_count=13 175 50 110 6 108 112 77 335 321 14 100 342 145 295 202 8 69
internal_value=0 0.00345755 0 0.000169802 0 0.000692433 -9.85421e-05 -0.000452431 -0.000958571 0.00140658 0.000910133 -0.000668866 7.61407e-05 0.000353871 0.00121662 0.00166304 0
internal_weight=0 225 2257 1902 1594 242 1352 766 431 134 308 355 586 372 208 120 214
internal_count=2482 225 2257 1902 1594 242 1352 766 431 134 308 355 586 372 208 120 214
is_linear=0
shrinkage=0.0253571


Tree=135
num_leaves=17
num_cat=0
split_feature=1 6 2 3 1 3 3 1 1 1 4 1 2 1 1 2
split_gain=1.05228 0.279265 0.221937 0.22147 0.28573 0.194625 0.149136 0.111431 0.0463977 0.0387713 0.0163392 0.0618458 0.00555371 0.0795698 0.111502 0.0220717
threshold=-1.5182455043090994 1.0000000180025095e-35 -0.48749153539027096 -0.86158447112794823 -1.4573852342427978 -0.86158447112794823 -0.86158447112794823 1.0987461085418622 0.12498178748103896 1.0987461085418622 1.0000000180025095e-35 0.97702556840925903 1.8324032063114493 -1.2748044240438936 0.91616529834295768 -1.0030237002128752
decision_type=2 2 2 2 2 2 2 2 2 2 2 2 2 2 2 2
left_child=5 3 10 12 -5 -1 -4 8 -8 -6 -3 -12 13 -2 15 -15
right_child=1 2 6 4 9 -7 7 -9 -10 -11 11 -13 -14 14 -16 -17
leaf_value=0.00038283079864182332 0.0035081401845704742 -0.00073852561657368986 0.00024493663311665547 -0.0009917741186633018 0.00080562960291242537 0.0021920685143380983 0.002350352022047373 0.00048709016342485077 -0.0012451239989513525 0.00033771102600960916 -2.029580068563089e-05 0.0012033350873596001 0.0047991663776777811 0.0004502311093731962 0.0017024518394846663 -0.0016070236024077291
leaf_weight=47 26 161 80 30 983 195 8.9999999999999982 49 216 13.999999999999998 232 153 25 8.9999999999999982 17 236
leaf_count=47 26 161 80 30 983 195 9 49 216 14 232 153 25 9 17 236
internal_value=0 5.95854e-05 -0.000175673 0.000344285 0.000540613 0.00191829 -0.000688321 -0.000975317 -0.00120942 0.000695795 0 0.000163871 0 -0.000110167 -0.000451727 -0.000709398
internal_weight=0 2240 900 1340 1027 242 354 274 225 997 546 385 313 288 262 245
internal_count=2482 2240 900 1340 1027 242 354 274 225 997 546 385 313 288 262 245
is_linear=0
shrinkage=0.0253571


Tree=136
num_leaves=18
num_cat=0
split_feature=0 0 2 0 6 0 6 2 2 0 0 0 0 0 2 2 2
split_gain=3.96618 0.354798 0.064901 0.0806683 0.0534849 0.099735 0.0529419 0.0519685 0.035088 0.0542624 0.00242546 0.2587 0.0201314 0.00775774 0.00182329 0.00535848 0.000368911
threshold=1.1937004086788314 -0.42901125954888714 1.5746371239001469 -0.34359846625809298 1.0000000180025095e-35 -0.50207204888685875 1.0000000180025095e-35 2.8634675359566581 -1.0030237002128752 -0.33315182461714199 -0.10220877198857158 -0.18735875668462479 0.32268702355878659 -0.11029013627685444 1.0000000180025095e-35 2.8634675359566581 1.3168710414888449
decision_type=2 2 2 2 2 2 2 2 2 2 2 2 2 2 2 2 2
left_child=1 4 8 -4 14 -6 -2 -5 9 -3 11 -10 -12 -13 -1 16 -16
right_child=6 2 3 7 5 -7 -8 -9 10 -11 12 13 -14 -15 15 -17 -18
leaf_value=5.4264515293144371e-05 0.0068130310903073109 -0.00084903120422346072 -0.0015175702675221667 0.0020808947860188475 -0.0019619497981358267 6.1853534897042423e-05 0.0036243891628446796 0.003152625774486812 0.00026525128620993784 0.0029591240131626936 0.00064332570915251312 -0.0014161958303306151 -0.00018964474863449024 0.00024905114659010591 -2.2184315419063342e-05 0.0018654411975743616 -0.00061179784112586674
leaf_weight=260 215 11.999999999999998 4.9999999999999991 70 230 46 9.9999999999999982 15.999999999999998 316 95 447 118 301 14.999999999999998 245 6.9999999999999991 74
leaf_count=260 215 12 5 70 230 46 10 16 316 95 447 118 301 15 245 7 74
internal_value=0 0 0.000217669 0.00105063 -0.000431611 -0.000833633 0.00345755 0.00131381 2.47391e-05 0.00045425 0 -5.72785e-05 9.3562e-06 -0.00109795 0 -5.94035e-05 -0.000119158
internal_weight=0 2257 1395 91 862 276 225 86 1304 107 1197 449 748 133 586 326 319
internal_count=2482 2257 1395 91 862 276 225 86 1304 107 1197 449 748 133 586 326 319
is_linear=0
shrinkage=0.0253571


Tree=137
num_leaves=14
num_cat=0
split_feature=1 5 3 4 2 1 2 1 5 2 1 1 1
split_gain=0.992554 0.37944 0.194625 0.064051 0.190167 0.264914 0.0671604 0.0562867 0.0462399 0.0345117 0.0800602 0.0725809 0.0544755
threshold=-1.5182455043090994 1.1199807455555051 -0.86158447112794823 1.0000000180025095e-35 1.3168710414888449 -1.4573852342427978 2.0901692887227514 0.67272421807775196 5.7879777404652675 -0.48749153539027096 -1.2748044240438936 0.7335844881440533 0.18584205754734043
decision_type=2 2 2 2 2 2 2 2 2 2 2 2 2
left_child=2 3 -1 6 9 -6 7 -2 -3 11 -11 -5 -12
right_child=1 8 -4 4 5 -7 -8 -9 -10 10 12 -13 -14
leaf_value=0.00036427889390681613 -0.00033978219944249074 0.001781129190099861 0.0021382004581780491 -4.1398377941075882e-05 -0.00098555654919902855 0.002009552992670124 0.0043383992910210221 -2.6417364304810854e-05 0.0035166518076178736 0.0024077029750329184 -0.00058185166877336013 0.00074842283466201973 -0.0001743478474602851
leaf_weight=47 497 144 195 282 6.9999999999999991 104 22 268 6.9999999999999991 39 222 259 389
leaf_count=47 497 144 195 282 7 104 22 268 7 39 222 259 389
internal_value=0 9.34517e-05 0.00191829 0 0.000112 0.0010877 -0.000176724 -0.000296842 0.00129481 0 -0.000107356 0.000163493 -0.000309281
internal_weight=0 2240 242 2089 1302 111 787 765 151 1191 650 541 611
internal_count=2482 2240 242 2089 1302 111 787 765 151 1191 650 541 611
is_linear=0
shrinkage=0.0253571


Tree=138
num_leaves=18
num_cat=0
split_feature=0 1 0 1 0 1 1 0 0 5 3 0 0 3 0 5 0
split_gain=3.86722 0.676605 0.312215 0.298196 0.0838745 0.0822766 0.0754402 0.154533 0.175151 0.10331 0.0835784 0.0746463 0.0658313 0.0622106 0.0604413 0.0323966 1.35151e-05
threshold=1.1937004086788314 -0.36190037304937234 -0.84654841444350015 0.7335844881440533 -0.8227642366194482 -1.8834071247069077 -1.5182455043090994 0.17492289116571272 -0.76593187800672735 1.1199807455555051 -0.86158447112794823 0.88536022489906474 -0.75042617091701402 -0.86158447112794823 1.0183413738379625 4.6209784917378274 0.33536753825503535
decision_type=2 2 2 2 2 2 2 2 2 2 2 2 2 2 2 2 2
left_child=2 -2 5 6 -5 -1 10 8 -8 -10 -4 12 -12 16 -15 -6 -9
right_child=1 -3 3 4 15 -7 7 13 9 -11 11 -13 -14 14 -16 -17 -18
leaf_value=0.00086783092973778588 0.0072409211685167309 0.0019300464992342903 -0.00040913062118042649 -0.0012915699371545879 0.00090596807537200437 -0.00099789057572527537 0.00094913657132703055 0.0017445778706320198 -0.0005766818708100533 0.0010673426839689956 -0.00021773761279221207 -0.00038766526495894631 0.0018697489616786602 0.00090442423724502639 -0.00024184106300223244 -0.0016422960330857086 -0.0028957370296948518
leaf_weight=12.999999999999998 175 50 34 9.9999999999999982 586 342 64 18 685 31 9.9999999999999982 17 100 266 22 5.9999999999999991 53
leaf_count=13 175 50 34 10 586 342 64 18 685 31 10 17 100 266 22 6 53
internal_value=0 0.00345755 0 0.000143225 0.000616114 -0.000668866 0 -0.000144547 -0.000395997 -0.000571527 0.000383381 0.000766728 0.00104251 0 0.000368717 0.000689994 0
internal_weight=0 225 2257 1902 602 355 1300 1139 780 716 161 127 110 359 288 592 71
internal_count=2482 225 2257 1902 602 355 1300 1139 780 716 161 127 110 359 288 592 71
is_linear=0
shrinkage=0.0253571


Tree=139
num_leaves=18
num_cat=0
split_feature=0 1 0 2 1 0 2 0 0 1 2 1 2 2 2 2 0
split_gain=3.56922 0.366148 0.247187 0.162798 0.132764 0.222667 0.223148 0.111122 0.0957705 0.209984 0.0940841 0.104562 0.0768271 0.059217 0.00525478 0.00343612 0.037381
threshold=1.3452095635469634 -0.36190037304937234 -1.2165172136900091 1.5746371239001469 0.7335844881440533 -0.8227642366194482 -0.48749153539027096 -0.37474128473489016 -0.92657363154210592 -1.2748044240438936 0.54357279425493799 -1.0313633437786878 1.0591049590775425 2.8634675359566581 -0.74525761780157318 -0.22972545297896871 -1.0604089084139114
decision_type=2 2 2 2 2 2 2 2 2 2 2 2 2 2 2 2 2
left_child=2 -2 -1 4 8 15 -7 -5 10 14 11 -4 -11 -9 -10 16 -6
right_child=1 -3 3 7 5 6 -8 13 9 12 -12 -13 -14 -15 -16 -17 -18
leaf_value=-0.039323401061612979 0.0072372136095055269 0.0019571143145131675 -0.0066616474286168448 -1.6626004754616104e-05 0.00066841361202320932 0.0013950476171447315 -1.3354726517880395e-05 0.002122828940532027 -0.00047022183248024711 -0.00042880256962053189 -0.0007791278304098417 0.0010422853550833325 2.9865517072683444e-05 0.0029726153501052808 0.00062377102478141017 0.0019031419008567177 -0.0018220804760100209
leaf_weight=30 159 39 10.999999999999998 56 24 347 236 77 42 962 31 97 81 15.999999999999998 195 28 51
leaf_count=30 159 39 11 56 24 347 236 77 42 962 31 97 81 16 195 28 51
internal_value=0 0.00357322 0 9.84823e-05 0 0.000321561 0.000603705 0.000903097 -9.83575e-05 -0.000242059 4.93991e-06 0.000727769 -0.000447782 0.00141279 0 0 -0.000164928
internal_weight=0 198 2284 2254 2105 686 583 149 1419 1280 139 108 1043 93 237 103 75
internal_count=2482 198 2284 2254 2105 686 583 149 1419 1280 139 108 1043 93 237 103 75
is_linear=0
shrinkage=0.0253571


Tree=140
num_leaves=14
num_cat=0
split_feature=2 1 2 1 1 6 3 3 2 4 3 2 2
split_gain=1.14515 0.544432 0.158849 0.154833 0.151725 0.142716 0.100146 0.0830473 0.0757026 0.0294056 0.0473393 0.0490379 0.0268198
threshold=1.5746371239001469 -1.2748044240438936 -1.0030237002128752 0.7335844881440533 0.55100367794514904 1.0000000180025095e-35 1.1798977793155532 -0.86158447112794823 1.3168710414888449 1.3401069926887506 1.0000000180025095e-35 1.0591049590775425 -0.48749153539027096
decision_type=2 2 2 2 2 2 2 2 2 2 2 2 2
left_child=1 2 -1 9 -2 6 7 -5 -4 10 11 -3 -7
right_child=4 3 8 5 -6 12 -8 -9 -10 -11 -12 -13 -14
leaf_value=-0.0019314879085137631 0.0025980197773369093 -0.00048849614609646776 0.0012272941182393902 0.00042393673499901388 0.0016048184184436741 0.00041620007063943428 -0.0016788266620667326 0.0034614632171937011 -3.633539773613073e-05 0.0005499781425465591 -4.4128667821407859e-06 0.00017859996311037323 -0.00059309969593956881
leaf_weight=9.9999999999999982 181 623 270 45 25 368 20 104 19 29 548 63 177
leaf_count=10 181 623 270 45 25 368 20 104 19 29 548 63 177
internal_value=0 5.86455e-05 0.00108235 -1.31475e-05 0.00212421 0.000168231 0.000800017 0.00106646 0.00124785 -0.000250296 -0.000281705 -0.000431455 0
internal_weight=0 2276 299 1977 206 714 169 149 289 1263 1234 686 545
internal_count=2482 2276 299 1977 206 714 169 149 289 1263 1234 686 545
is_linear=0
shrinkage=0.0253571


Tree=141
num_leaves=14
num_cat=0
split_feature=1 5 6 3 1 1 3 5 1 3 1 3 4
split_gain=0.967992 0.309399 0.22868 0.167681 0.115438 0.0966047 0.180616 0.0384491 0.00418173 0.115704 0.0599676 0.0821297 0.00312096
threshold=-1.5182455043090994 1.1199807455555051 1.0000000180025095e-35 -0.86158447112794823 1.3421871888070676 0.67272421807775196 1.1798977793155532 5.7879777404652675 1.0000000180025095e-35 1.0000000180025095e-35 -1.4573852342427978 -0.86158447112794823 1.3401069926887506
decision_type=2 2 2 2 2 2 2 2 2 2 2 2 2
left_child=3 2 5 -1 12 8 -7 -3 10 -10 -2 -12 -4
right_child=1 7 4 -5 -6 6 -8 -9 9 -11 11 -13 -14
leaf_value=0.00033449956037559823 -0.00095763153500493252 0.0016921253239470294 -0.00043326661233476793 0.0021085298442965338 0.0011579022561279428 0.0027036027814246236 -0.0015475935082151838 0.0034540882936254223 -0.0022788366292787001 0.00092602734550034334 -0.00020334920513414038 0.00045903800522490243 -0.00017865284860441396
leaf_weight=47 40 144 738 195 75 165 32 6.9999999999999991 171 150 159 551 7.9999999999999991
leaf_count=47 40 144 738 195 75 165 32 7 171 150 159 551 8
internal_value=0 3.70079e-05 0 0.00181613 -0.000368706 0.000164738 0.000689791 0.00113353 0 0 5.96283e-05 0.000239978 -0.000498169
internal_weight=0 2240 2089 242 821 1268 197 151 1071 321 750 710 746
internal_count=2482 2240 2089 242 821 1268 197 151 1071 321 750 710 746
is_linear=0
shrinkage=0.0253571


Tree=142
num_leaves=19
num_cat=0
split_feature=0 0 1 1 1 1 0 0 1 0 1 1 1 0 0 1 1 0
split_gain=3.46827 0.43429 0.35228 0.321962 0.281836 0.158976 0.120127 0.261596 0.0966664 0.0734987 0.119179 0.0657229 0.0349714 0.0154093 0.0144435 0.00392754 0.0358106 0.000941904
threshold=1.3452095635469634 -0.43663270879637334 0.12498178748103896 -0.36190037304937234 0.7335844881440533 0.18584205754734043 1.0000000180025095e-35 -0.23098498341161508 -1.7008263145080036 -0.77900660559508761 0.79444475821035476 -0.17931956285046807 0.30756259767994326 1.0799042871560198 -0.41974725658427031 -1.0922236138449894 -1.5182455043090994 -0.59195258828824826
decision_type=2 2 2 2 2 2 2 2 2 2 2 2 2 2 2 2 2 2
left_child=1 2 15 -2 12 6 7 -3 -9 10 -6 -8 -4 14 -7 16 -1 -11
right_child=3 5 4 -5 9 13 11 8 -10 17 -12 -13 -14 -15 -16 -17 -18 -19
leaf_value=0.00038291131062801343 0.0070242343656165317 7.0237777731063455e-05 -0.0011137078819726878 0.0019211756041952162 0.0035361420458268895 -0.00057252534552476543 0.00086036233782053439 0.0011574164499033475 -0.0015787325502885339 0.0019803988996487552 -0.0022583152076249779 -0.0013677841611672286 -0.0030091659263531897 0.00022095768113102756 0.00068026452653913421 0.00032761773264435219 -0.00095108381283172351 -0.00037506866498916491
leaf_weight=58 159 90 32 39 14.999999999999998 10.999999999999998 320 12.999999999999998 73 76 125 66 135 14.999999999999998 844 263 59 89
leaf_count=58 159 90 32 39 15 11 320 13 73 76 125 66 135 15 844 263 59 89
internal_value=0 0 -0.000451413 0.00344906 -0.000916157 0.000269369 0 -0.000595342 -0.00158877 0 -0.000568501 0.000179616 -0.00183394 0.000485548 0.000501366 0 0 0
internal_weight=0 2284 852 198 472 1432 562 176 86 305 140 386 167 870 855 380 117 165
internal_count=2482 2284 852 198 472 1432 562 176 86 305 140 386 167 870 855 380 117 165
is_linear=0
shrinkage=0.0253571


Tree=143
num_leaves=11
num_cat=0
split_feature=0 0 6 6 6 3 0 0 0 0
split_gain=3.51132 0.293882 0.188714 0.103363 0.06626 0.135234 0.0848195 0.0224986 0.0115409 0.00505549
threshold=1.3452095635469634 -0.43663270879637334 1.0000000180025095e-35 1.0000000180025095e-35 1.0000000180025095e-35 -0.86158447112794823 -0.28203555294003596 -0.21442804194293807 -0.44464837093597093 1.0183413738379625
decision_type=2 2 2 2 2 2 2 2 2 2
left_child=1 2 -1 -2 5 -3 -7 -6 -4 -9
right_child=3 4 8 -5 7 6 -8 9 -10 -11
leaf_value=-3.3967023648010255e-05 0.0066528467294489193 -0.00047991690616163731 -0.001600720423767781 0.0019636077190475615 0.0012568061092905556 -0.00016008259492914547 0.0008846853022210189 -0.00018867002741952536 -0.00016133611196849878 0.0017285622476069238
leaf_weight=577 189 191 267 8.9999999999999982 206 68 557 404 7.9999999999999991 5.9999999999999991
leaf_count=577 189 191 267 9 206 68 557 404 8 6
internal_value=0 0 -0.000392321 0.00344906 0.000198846 0.000347819 0.00054345 0 -0.000949307 -0.000108337
internal_weight=0 2284 852 198 1432 816 625 616 275 410
internal_count=2482 2284 852 198 1432 816 625 616 275 410
is_linear=0
shrinkage=0.0253571


Tree=144
num_leaves=15
num_cat=0
split_feature=0 0 2 0 2 2 6 0 0 2 6 0 0 0
split_gain=3.20971 0.233054 0.175862 0.113384 0.0829677 0.06482 0.0435941 0.0376333 0.2305 0.116818 0.0312803 0.0304887 0.00827642 0.000529981
threshold=1.1937004086788314 -0.84654841444350015 1.5746371239001469 -0.37474128473489016 -1.0030237002128752 2.8634675359566581 1.0000000180025095e-35 -0.11029013627685444 -0.18735875668462479 -0.74525761780157318 1.0000000180025095e-35 0.32268702355878659 -0.33315182461714199 -0.10680792239653754
decision_type=2 2 2 2 2 2 2 2 2 2 2 2 2 2
left_child=1 6 4 -4 12 -5 -1 8 -6 -10 -2 13 -3 -9
right_child=10 2 3 5 7 -7 -8 11 9 -11 -12 -13 -14 -15
leaf_value=-4.2407194766086975e-05 0.0058568617037534423 0.00011396368223746656 -4.511390407279828e-05 0.0019672680106313416 1.8862396860615073e-06 0.0027591277579954014 -0.0028340803166863569 1.868486734319869e-05 0.00040130814155271292 -0.0015404855036227172 0.0032439371344895242 -0.00012671768230122009 0.0027810101549296221 0.00055820628671868688
leaf_weight=258 215 50 39 73 748 15.999999999999998 97 7.9999999999999991 22 96 9.9999999999999982 301 95 454
leaf_count=258 215 50 39 73 748 16 97 8 22 96 10 301 95 454
internal_value=0 0 0.00010336 0.000997163 0 0.00147214 -0.000598668 -1.59455e-05 -0.000167985 -0.0011795 0.00312856 0 0.000591624 0.000204617
internal_weight=0 2257 1902 128 1774 89 355 1629 866 118 225 763 145 462
internal_count=2482 2257 1902 128 1774 89 355 1629 866 118 225 763 145 462
is_linear=0
shrinkage=0.0253571


Tree=145
num_leaves=15
num_cat=0
split_feature=0 0 2 0 2 2 0 0 2 0 0 0 0 0
split_gain=3.20971 0.233054 0.175862 0.113384 0.0829677 0.06482 0.0376333 0.2305 0.116818 0.0304887 0.0117456 0.0784978 0.00827642 0.000529981
threshold=1.1937004086788314 -0.84654841444350015 1.5746371239001469 -0.37474128473489016 -1.0030237002128752 2.8634675359566581 -0.11029013627685444 -0.18735875668462479 -0.74525761780157318 0.32268702355878659 -1.2165172136900091 -1.0604089084139114 -0.33315182461714199 -0.10680792239653754
decision_type=2 2 2 2 2 2 2 2 2 2 2 2 2 2
left_child=1 10 4 -4 12 -5 7 -6 -9 13 -1 -12 -3 -8
right_child=-2 2 3 5 6 -7 9 8 -10 -11 11 -13 -14 -15
leaf_value=-0.038252491863798449 0.0057011343431180818 0.00011107389478634063 -4.3969946705870834e-05 0.0019173838168384655 1.8384101348345623e-06 0.0026891643045994862 1.8211073463331903e-05 0.00039113213452386311 -0.0015014232726595215 -0.00012350449051097304 0.00068386557456085557 -0.00067200565392210921 0.0027104918276052332 0.0005440517991589746
leaf_weight=30 225 50 39 73 748 15.999999999999998 7.9999999999999991 22 96 301 70 255 95 454
leaf_count=30 225 50 39 73 748 16 8 22 96 301 70 255 95 454
internal_value=0 0 0.00010336 0.000997163 0 0.00147214 -1.59455e-05 -0.000167985 -0.0011795 0 -0.000598668 0 0.000591624 0.000204617
internal_weight=0 2257 1902 128 1774 89 1629 866 118 763 355 325 145 462
internal_count=2482 2257 1902 128 1774 89 1629 866 118 763 355 325 145 462
is_linear=0
shrinkage=0.0253571


Tree=146
num_leaves=10
num_cat=0
split_feature=2 6 3 2 3 2 5 2 5
split_gain=1.0617 0.383181 0.339484 0.336713 0.224177 0.206605 0.0701632 0.00378688 0.00104442
threshold=1.5746371239001469 1.0000000180025095e-35 -0.86158447112794823 -0.48749153539027096 -0.86158447112794823 1.3168710414888449 2.2869799942829454 1.0591049590775425 1.0000000180025095e-35
decision_type=2 2 2 2 2 2 2 2 2
left_child=1 2 7 8 -5 -4 -6 -1 -3
right_child=-2 3 5 4 6 -7 -8 -9 -10
leaf_value=-0.0004930773823027117 0.0021445241501753627 -5.9699274196515142e-05 0.0005531426021937164 0.00037953458122412065 -0.00098767359175686476 -0.00025055983228825207 0.00077089761039225593 0.00027990707672709861 0.00053797441139909977
leaf_weight=273 206 285 1010 80 257 55 17 38 261
leaf_count=273 206 285 1010 80 257 55 17 38 261
internal_value=0 2.53134e-05 0.000353663 -0.000287598 -0.000899499 0.000604284 -0.00124678 0 0
internal_weight=0 2276 1376 900 354 1065 274 311 546
internal_count=2482 2276 1376 900 354 1065 274 311 546
is_linear=0
shrinkage=0.0253571


Tree=147
num_leaves=16
num_cat=0
split_feature=0 0 2 0 2 6 2 6 0 0 0 0 2 0 0
split_gain=3.01032 0.213568 0.0818476 0.238631 0.06482 0.0248418 0.00485582 0.178943 0.02853 0.21572 0.0663434 0.0282717 0.000175129 0.0144941 1.19067e-05
threshold=1.1937004086788314 -1.2165172136900091 1.5746371239001469 -0.37474128473489016 2.8634675359566581 1.0000000180025095e-35 -0.22972545297896871 1.0000000180025095e-35 -0.8227642366194482 -0.92657363154210592 0.13188798377688957 -0.93544342161461114 0.54357279425493799 0.1214413421359385 0.30343629399401534
decision_type=2 2 2 2 2 2 2 2 2 2 2 2 2 2 2
left_child=1 -1 6 -4 -5 -2 8 12 9 -3 -10 -9 13 -8 -14
right_child=5 2 3 4 -6 -7 7 11 10 -11 -12 -13 14 -15 -16
leaf_value=-0.037296546037267203 0.0055295820566936766 0.00095554810572441291 -0.00012430953841162233 0.0018143856472447159 0.0025665960270138759 0.0030324891741002535 -3.7543822641496755e-05 0.00053665439752342337 0.00028200413990767998 -0.0025878897615157622 -8.1398569239411584e-05 -0.0014018063910777143 2.5001497653499054e-05 0.00087302044969716477 -0.0013373841805793367
leaf_weight=30 215 107 56 73 15.999999999999998 9.9999999999999982 283 4.9999999999999991 806 69 259 113 226 153 61
leaf_count=30 215 107 56 73 16 10 283 5 806 69 259 113 226 153 61
internal_value=0 0 1.16757e-05 0.000591624 0.00147214 0.00301889 0 -6.07061e-05 0 0 0.000130861 -0.000975372 0 1.59572e-05 0
internal_weight=0 2257 2227 145 89 225 2082 841 1241 176 1065 118 723 436 287
internal_count=2482 2257 2227 145 89 225 2082 841 1241 176 1065 118 723 436 287
is_linear=0
shrinkage=0.0253571


Tree=148
num_leaves=18
num_cat=0
split_feature=2 1 2 1 2 1 6 3 3 2 3 1 5 5 2 5 1
split_gain=0.892912 0.390454 0.18205 0.114838 0.0743045 0.0616945 0.112634 0.0798663 0.0558727 0.0502583 0.166358 0.145633 0.128491 0.0332372 0.071931 0.0816715 0.0308804
threshold=1.5746371239001469 -1.2748044240438936 -0.74525761780157318 0.55100367794514904 1.3168710414888449 0.7335844881440533 1.0000000180025095e-35 1.1798977793155532 -0.86158447112794823 -0.48749153539027096 -0.86158447112794823 1.0987461085418622 1.0000000180025095e-35 1.0000000180025095e-35 1.3168710414888449 1.1199807455555051 1.0987461085418622
decision_type=2 2 2 2 2 2 2 2 2 2 2 2 2 2 2 2 2
left_child=1 2 -1 -2 -4 13 7 8 -7 12 -11 -12 -8 -3 15 -15 -10
right_child=3 5 4 -5 -6 6 9 -9 16 10 11 -13 -14 14 -16 -17 -18
leaf_value=-0.00048405421808988321 0.0022355361338558112 -3.2432948993625623e-05 0.0010949639562970086 0.00162778354394646 3.0972463432051314e-05 0.00032616817876601512 -9.8363524925875601e-05 -0.0015257269072576141 0.003803311348511832 0.0033651550200681497 -0.002130502153653722 0.00044075522829505385 0.0026296042511291728 -0.00066314960836679935 0.0038998077508528343 0.00012335468619949084 0.002153571120630424
leaf_weight=56 181 601 224 25 19 45 232 20 92 42 86 49 136 562 18 82 11.999999999999998
leaf_count=56 181 601 224 25 19 45 232 20 92 42 86 49 136 562 18 82 12
internal_value=0 4.75348e-05 0.0009162 0.00188524 0.00122381 -3.61729e-07 6.26088e-05 0.000655304 0.000903097 0 -0.0004191 -0.000992625 1.88568e-05 -0.000170382 -0.000295163 -0.000400828 0.00121429
internal_weight=0 2276 299 206 243 1977 714 169 149 545 177 135 368 1263 662 644 104
internal_count=2482 2276 299 206 243 1977 714 169 149 545 177 135 368 1263 662 644 104
is_linear=0
shrinkage=0.0253571


Tree=149
num_leaves=21
num_cat=0
split_feature=2 1 2 1 6 2 1 3 1 1 3 2 3 1 3 5 2 1 1 2
split_gain=0.946563 0.402381 0.18205 0.114838 0.090371 0.227742 0.430978 0.390726 0.131722 0.117025 0.0798663 0.0743045 0.0558727 0.0308804 0.024691 0.00943179 0.00772034 0.019665 0.00433156 0.0361126
threshold=1.5746371239001469 -1.2748044240438936 -0.74525761780157318 0.55100367794514904 1.0000000180025095e-35 -0.74525761780157318 1.0378858384755605 -0.86158447112794823 -0.17931956285046807 0.7335844881440533 1.1798977793155532 1.3168710414888449 -0.86158447112794823 1.0987461085418622 -0.86158447112794823 1.0000000180025095e-35 1.3168710414888449 -0.84878253357978373 -0.97050307371238664 -0.48749153539027096
decision_type=2 2 2 2 2 2 2 2 2 2 2 2 2 2 2 2 2 2 2 2
left_child=1 2 -1 -2 9 -6 7 -7 -9 14 12 -4 -11 -14 16 -8 17 -3 -16 -20
right_child=3 4 11 -5 5 6 15 8 -10 10 -12 -13 13 -15 18 -17 -18 -19 19 -21
leaf_value=-0.00047178001127563747 0.0021788494408736558 1.7453878131130013e-05 0.0010671988557123331 0.0015865076886383794 0.00040819070791445753 0.00036001350306061742 -0.00032915908614541213 0.001479688329751703 -0.0010638595074721727 0.00031789750260459676 -0.0014870389113641612 3.0187091861070153e-05 0.0037068704368828191 0.0020989628219402145 -0.00015983227204650105 0.0046417509267108201 0.0029384136774464019 -0.0025185850607341372 -0.00065620818571344986 0.00017793492461217985
leaf_weight=56 181 49 224 25 318 98 99 10.999999999999998 316 45 20 19 92 11.999999999999998 171 58 12.999999999999998 142 138 395
leaf_count=56 181 49 224 25 318 98 99 11 316 45 20 19 92 12 171 58 13 142 138 395
internal_value=0 1.42027e-05 0.0009162 0.00188524 -3.87191e-05 -0.000259617 -0.000593954 -0.00106011 -0.00148603 0 0.000655304 0.00122381 0.000903097 0.00121429 0 0 -0.000274807 -0.000325064 0 7.18683e-05
internal_weight=0 2276 299 206 1977 900 582 425 327 1077 169 243 149 104 908 157 204 191 704 533
internal_count=2482 2276 299 206 1977 900 582 425 327 1077 169 243 149 104 908 157 204 191 704 533
is_linear=0
shrinkage=0.0253571


Tree=150
num_leaves=21
num_cat=0
split_feature=2 1 2 1 6 2 1 1 1 2 4 2 1 5 2 1 5 4 1 1
split_gain=0.964591 0.406622 0.18205 0.114838 0.108393 0.254709 0.468365 0.117025 0.0743808 0.0743045 0.0329662 0.0229447 0.104242 0.0534631 0.0318491 0.0568979 0.00943179 0.00505386 0.00368851 0.00339015
threshold=1.5746371239001469 -1.2748044240438936 -0.74525761780157318 0.55100367794514904 1.0000000180025095e-35 -0.74525761780157318 1.0378858384755605 0.7335844881440533 -0.17931956285046807 1.3168710414888449 -1.518634353124295 0.54357279425493799 0.36842286774624472 -1.214017751899376 -0.48749153539027096 0.55100367794514904 1.0000000180025095e-35 1.0000000180025095e-35 -0.84878253357978373 0.91616529834295768
decision_type=2 2 2 2 2 2 2 2 2 2 2 2 2 2 2 2 2 2 2 2
left_child=1 2 -1 -2 7 17 8 11 -7 -4 -9 14 13 -13 18 -16 -8 -6 -3 -19
right_child=3 4 9 -5 5 6 16 10 -10 -11 -12 12 -14 -15 15 -17 -18 19 -20 -21
leaf_value=-0.00045981704263952093 0.0021236001575189256 3.5037743971187265e-05 0.0010401377973074009 0.0015462784689457463 -0.00067157594147263628 0.002060053194542747 -0.00032081256927366284 -0.00034859522733232201 -0.00074327202123556822 2.942163502835502e-05 0.0025048949662229468 0.0024349059108640051 0.00057887348064230703 -0.00084710792499056542 0.00052179977550289398 -0.0016959636680517259 0.004524049626473594 0.001637289035898495 -0.0021022977024984825 2.916366668916191e-06
leaf_weight=56 181 88 224 25 115 13.999999999999998 99 23 411 19 146 6.9999999999999991 65 148 370 72 58 119 158 84
leaf_count=56 181 88 224 25 115 14 99 23 411 19 146 7 65 148 370 72 58 119 158 84
internal_value=0 3.09201e-06 0.0009162 0.00188524 -5.15049e-05 -0.000287598 -0.000637062 0 -0.00111892 0.00122381 0.000655304 0 -0.000255371 -0.000712208 0 0.000213747 0 0 0 0.000124625
internal_weight=0 2276 299 206 1977 900 582 1077 425 243 169 908 220 155 688 442 157 318 246 203
internal_count=2482 2276 299 206 1977 900 582 1077 425 243 169 908 220 155 688 442 157 318 246 203
is_linear=0
shrinkage=0.0253571


Tree=151
num_leaves=21
num_cat=0
split_feature=0 1 0 1 1 0 1 0 5 1 5 0 2 0 5 0 5 1 5 2
split_gain=3.05015 0.460948 0.445373 0.468231 0.274724 0.208146 0.303175 0.222283 0.145636 0.0936041 0.0933378 0.233322 0.088631 0.0371904 0.037089 0.00444984 0.00289517 0.116851 0.0781034 0.0590254
threshold=1.1937004086788314 -0.36190037304937234 -0.42901125954888714 0.12498178748103896 0.18584205754734043 1.0000000180025095e-35 -1.5182455043090994 -0.34675216939498393 1.1199807455555051 1.5856282690722734 1.0000000180025095e-35 0.30343629399401534 1.8324032063114493 1.0799042871560198 5.7879777404652675 -0.41974725658427031 1.0000000180025095e-35 -1.0922236138449894 -1.214017751899376 1.3168710414888449
decision_type=2 2 2 2 2 2 2 2 2 2 2 2 2 2 2 2 2 2 2 2
left_child=2 -2 3 16 5 6 -4 -8 9 -5 11 -7 -9 14 15 -6 17 -1 -19 -20
right_child=1 -3 4 8 13 10 7 12 -10 -11 -12 -13 -14 -15 -16 -17 -18 18 19 -21
leaf_value=-0.0003460145518790016 0.0060134829668315026 0.0012750774325395503 0.00098340951882923584 -0.0014678332912215807 0.0012368630928662721 0.0027132345577700087 0.0013219627120379103 -0.0024059310380863444 0.0005657420856475478 0.002814834121044418 -0.00023250855288971194 -0.00083490552157835152 0.00041664502899318702 -0.00022135957693322693 -0.0022182812231316632 0.00070216579227815414 -0.012170832889258255 -0.00064565817060390114 0.0013249818487486233 -0.00020513791088152918
leaf_weight=110 175 50 41 443 7.9999999999999991 71 23 93 21 10.999999999999998 257 37 11.999999999999998 8.9999999999999982 4.9999999999999991 839 28 23 200 26
leaf_count=110 175 50 41 443 8 71 23 93 21 11 257 37 12 9 5 839 28 23 200 26
internal_value=0 0.00301889 0 -0.000490022 0.000235765 0 -0.000872374 -0.00156392 -0.001029 -0.00114483 3.6086e-05 0.000727769 -0.00205831 0.000541756 0.000569597 0.000595224 0 7.13933e-05 0.000549251 0.000740141
internal_weight=0 225 2257 862 1395 534 169 128 475 454 365 108 105 861 852 847 387 359 249 226
internal_count=2482 225 2257 862 1395 534 169 128 475 454 365 108 105 861 852 847 387 359 249 226
is_linear=0
shrinkage=0.0253571


Tree=152
num_leaves=15
num_cat=0
split_feature=0 1 0 1 1 0 1 0 0 1 0 0 0 0
split_gain=2.56006 0.441038 0.245428 0.161158 0.140845 0.0985025 0.0613886 0.104909 0.0375846 0.0266032 0.0225259 0.00499791 0.00392754 2.40201e-06
threshold=1.3452095635469634 -0.36190037304937234 -0.63794409236790661 0.12498178748103896 0.7335844881440533 -0.12421899179812244 -1.5182455043090994 0.17492289116571272 -0.62789166361906712 1.5856282690722734 0.88536022489906474 -0.56002134402722825 -0.21442804194293807 0.99501711105470714
decision_type=2 2 2 2 2 2 2 2 2 2 2 2 2 2
left_child=2 -2 3 -1 6 12 10 8 -8 -5 11 -4 -6 -9
right_child=1 -3 4 9 5 -7 7 13 -10 -11 -12 -13 -14 -15
leaf_value=6.8933260802105837e-06 0.0060105334951513637 0.0013887733494768299 -0.00098679790629327847 -0.0014031989303124332 0.00068724900752824855 0.0025222740027440876 0.004512159277912188 0.0002093595254004467 -0.00050688067650491201 0.0012447863547573621 0.0007553601702493661 0.0012283710223685972 -0.00057071179929088208 -0.00016487383242595453
leaf_weight=284 159 39 7.9999999999999991 317 263 198 4.9999999999999991 327 618 8.9999999999999982 27 111 67 50
leaf_count=284 159 39 8 317 263 198 5 327 618 9 27 111 67 50
internal_value=0 0.0029524 0 -0.000443518 0.000147569 0.000487863 0 -8.26138e-05 -0.000343682 -0.000822659 0.000462804 0.000613216 0 0
internal_weight=0 198 2284 610 1674 528 1146 1000 623 326 146 119 330 377
internal_count=2482 198 2284 610 1674 528 1146 1000 623 326 146 119 330 377
is_linear=0
shrinkage=0.0253571


Tree=153
num_leaves=15
num_cat=0
split_feature=0 0 2 5 5 2 3 2 6 0 0 0 5 0
split_gain=2.09289 0.378808 0.589199 0.395094 0.212145 0.204862 0.0447554 0.0322526 0.0365465 0.0233287 0.084737 0.0217072 0.0126832 0.000262857
threshold=1.9115620852136144 -0.37474128473489016 1.5746371239001469 1.0000000180025095e-35 2.2869799942829454 -1.0030237002128752 -0.86158447112794823 -1.0030237002128752 1.0000000180025095e-35 -0.18735875668462479 -0.11029013627685444 1.5917897275626178 1.0000000180025095e-35 -0.10680792239653754
decision_type=2 2 2 2 2 2 2 2 2 2 2 2 2 2
left_child=1 3 9 -1 5 -5 -4 -2 -9 12 -11 13 -3 -12
right_child=7 2 6 4 -6 -7 -8 8 -10 10 11 -13 -14 -15
leaf_value=-3.214659578977075e-05 0.0038133581571711695 0.00014429943232922106 0.001059455463200981 0.0011580891205695901 0.0021969952934656435 -0.0038212983618582147 0.0026961580025578464 0.0092650657305901711 0.0090609568682335547 -0.00096120239254081775 9.1258449181498731e-05 -0.00054740528669322151 0.0016269598263355526 0.00016357599626570012
leaf_weight=776 4.9999999999999991 187 28 14.999999999999998 12.999999999999998 128 87 98 4.9999999999999991 132 7.9999999999999991 34 99 867
leaf_count=776 5 187 28 15 13 128 87 98 5 132 8 34 99 867
internal_value=0 8.29133e-06 0.000328791 -0.000304815 -0.00145029 -0.00178905 0.00209769 0.00361372 0.00372111 3.85769e-05 0 7.00486e-05 0.000241081 0.000144689
internal_weight=0 2374 1442 932 156 143 115 108 103 1327 1041 909 286 875
internal_count=2482 2374 1442 932 156 143 115 108 103 1327 1041 909 286 875
is_linear=0
shrinkage=0.0253571


Tree=154
num_leaves=18
num_cat=0
split_feature=1 2 1 1 6 2 5 5 5 1 1 1 1 1 4 5 5
split_gain=0.94349 0.146151 0.260932 0.0962509 0.0972038 0.0639217 0.0616954 0.0598008 0.0749845 0.101511 0.16989 0.0566909 0.0494485 0.0928059 0.0329662 0.0328383 0.0292292
threshold=-1.5182455043090994 1.5746371239001469 -1.2748044240438936 0.7335844881440533 1.0000000180025095e-35 -0.48749153539027096 1.0000000180025095e-35 1.1199807455555051 1.0000000180025095e-35 -1.2748044240438936 0.36842286774624472 0.55100367794514904 0.36842286774624472 -0.4227606431156738 -1.518634353124295 2.2869799942829454 3.4539792430103859
decision_type=2 2 2 2 2 2 2 2 2 2 2 2 2 2 2 2 2
left_child=-1 3 -3 7 14 6 -6 8 12 -10 -11 -4 13 -2 -5 -7 -8
right_child=1 2 11 4 5 15 16 -9 9 10 -12 -13 -14 -15 -16 -17 -18
leaf_value=0.0015287561764892211 -6.7496717255459947e-05 -0.0014041159919909927 0.0016045729158000472 -0.00036769486387180754 -7.9873218301676336e-05 -0.00054823221858504888 0.002597253338442945 0.00041516761744935356 0.0010510130503940515 -0.0015148268837049993 -1.3941849008573667e-05 0.0013569402086304331 -0.0015655109162228138 0.001049626535520428 0.0024280392982471118 0.0013880454627410947 0.00091519434661690784
leaf_weight=242 288 17 108 23 232 166 130 88 44 319 260 25 193 184 146 10.999999999999998 5.9999999999999991
leaf_count=242 288 17 108 23 232 166 130 88 44 319 260 25 193 184 146 11 6
internal_value=0 0 0.000775581 0 0.000133023 0 0.000154375 -0.000188557 -0.000260155 -0.000464579 -0.000586167 0.00137115 0 6.77796e-05 0.000655304 -0.0004191 0.00058449
internal_weight=0 2240 150 2090 714 545 368 1376 1288 623 579 133 665 472 169 177 136
internal_count=2482 2240 150 2090 714 545 368 1376 1288 623 579 133 665 472 169 177 136
is_linear=0
shrinkage=0.0253571


Tree=155
num_leaves=10
num_cat=0
split_feature=1 6 1 1 3 5 1 5 1
split_gain=0.812331 0.12523 0.179745 0.175153 0.119438 0.0254568 0.0179953 0.0124411 0.0122506
threshold=-1.5182455043090994 1.0000000180025095e-35 -1.2139441539775919 0.97702556840925903 -0.86158447112794823 1.0000000180025095e-35 -0.17931956285046807 4.6209784917378274 1.1596063786081634
decision_type=2 2 2 2 2 2 2 2 2
left_child=4 2 -2 6 -1 -5 -3 -8 -4
right_child=1 3 8 5 -6 -7 7 -9 -10
leaf_value=0.00022655956060309046 -0.00026006410618607557 4.4345796239631774e-05 0.00034405302292034252 -0.00028570372930516536 0.0017407987001762011 0.0031786290430923722 -0.00048926093829295184 0.0056858514802641449 0.00016198588041050759
leaf_weight=47 161 21 1160 224 195 118 532 4.9999999999999991 19
leaf_count=47 161 21 1160 224 195 118 532 5 19
internal_value=0 0 0.000212435 -0.000147692 0.00161182 0 -0.000484394 -0.000514789 0.000385704
internal_weight=0 2240 1340 900 242 342 558 537 1179
internal_count=2482 2240 1340 900 242 342 558 537 1179
is_linear=0
shrinkage=0.0253571


Tree=156
num_leaves=16
num_cat=0
split_feature=0 2 0 0 0 2 0 0 0 0 2 6 2 0 2
split_gain=2.2578 0.726422 0.291635 0.0999096 0.0846078 0.191389 0.0527486 0.0450516 0.0563178 0.0277799 0.0274698 0.0356972 0.125157 0.0182314 0.000489475
threshold=1.4407404877352825 -0.22972545297896871 -0.10680792239653754 -1.2165172136900091 -0.18735875668462479 -1.0030237002128752 1.3992824319149044 -0.28203555294003596 -1.0604089084139114 -0.63794409236790661 2.8634675359566581 1.0000000180025095e-35 -0.74525761780157318 -0.20483552823489506 -0.48749153539027096
decision_type=2 2 2 2 2 2 2 2 2 2 2 2 2 2 2
left_child=2 -2 3 -1 7 -6 10 8 -5 -10 11 12 -4 -9 -13
right_child=1 -3 6 4 5 -7 -8 13 9 -11 -12 14 -14 -15 -16
leaf_value=-0.036096340117130192 0.0014253085170382708 0.0070966344218154204 -0.00055916508552022657 0.00078663224389834954 0.0057033744002272166 -0.0010413622888713185 -0.00084483149866913603 0.0015146181115135867 -0.00030545547891035576 -4.3518864539553436e-06 -0.0012652574390476152 0.0010010822718880652 0.00082767763610954424 -5.3578329652293277e-05 -0.0005537172036276588
leaf_weight=30 56 124 86 70 13.999999999999998 132 8.9999999999999982 126 510 472 12.999999999999998 152 526 27 135
leaf_count=30 56 124 86 70 14 132 9 126 510 472 13 152 526 27 135
internal_value=0 0.00289736 0 -0.000238145 -6.59193e-05 -0.000629383 0.000342616 0 -5.45923e-05 -0.000199585 0.000394301 0.000420972 0.000544624 0.000402644 0
internal_weight=0 180 2302 1381 1351 146 921 1205 1052 982 912 899 612 153 287
internal_count=2482 180 2302 1381 1351 146 921 1205 1052 982 912 899 612 153 287
is_linear=0
shrinkage=0.0253571


Tree=157
num_leaves=12
num_cat=0
split_feature=0 1 1 0 3 0 0 0 1 0 0
split_gain=2.17816 0.29265 0.241549 0.347789 0.180117 0.11313 0.100899 0.0888641 0.0322526 0.031351 0.0424584
threshold=1.9115620852136144 -1.5182455043090994 0.7335844881440533 -0.12421899179812244 -0.86158447112794823 -0.75042617091701402 0.17492289116571272 -0.92657363154210592 0.67272421807775196 -0.8227642366194482 -0.21442804194293807
decision_type=2 2 2 2 2 2 2 2 2 2 2
left_child=1 4 6 9 -1 -6 7 -3 -2 -4 -11
right_child=8 2 3 -5 5 -7 -8 -9 -10 10 -12
leaf_value=-0.0004137280713403616 0.008875599480125838 8.4628374271126654e-05 -0.0013497873130738087 0.002688722031230151 7.1214323046113852e-05 0.0017353797851877651 4.3715824596939156e-05 -0.00054068792789741503 0.0087429333329274699 0.00059731431657966 -0.00052882121851040287
leaf_weight=39 103 155 125 203 27 144 437 847 4.9999999999999991 330 67
leaf_count=39 103 155 125 203 27 144 437 847 5 330 67
internal_value=0 0 -6.16721e-05 0.000191708 0.000912183 0.00129177 -0.000307542 -0.000447129 0.00361372 0 0
internal_weight=0 2374 2164 725 210 171 1439 1002 108 522 397
internal_count=2482 2374 2164 725 210 171 1439 1002 108 522 397
is_linear=0
shrinkage=0.0253571


Tree=158
num_leaves=18
num_cat=0
split_feature=0 0 2 3 2 6 2 0 0 3 0 0 0 2 0 2 2
split_gain=2.19285 0.291769 0.698515 0.0447554 0.0322526 0.0365465 0.0215896 0.00503359 0.00263257 0.0209286 0.0799606 0.0609907 0.192789 0.0322943 0.0112172 0.000858386 0.00690095
threshold=1.9115620852136144 -0.37474128473489016 1.5746371239001469 -0.86158447112794823 -1.0030237002128752 1.0000000180025095e-35 2.8634675359566581 -0.62789166361906712 0.28950743847274729 1.0000000180025095e-35 0.10054805885403652 -0.045442115524536093 -0.20483552823489506 1.3168710414888449 0.14870773384030736 0.54357279425493799 -0.22972545297896871
decision_type=2 2 2 2 2 2 2 2 2 2 2 2 2 2 2 2 2
left_child=1 6 8 -4 -2 -6 7 -1 9 11 13 12 -3 -11 -13 16 -10
right_child=4 2 3 -5 5 -7 -8 -9 15 10 -12 14 -14 -15 -16 -17 -18
leaf_value=-0.00031094623347552411 0.0034851488463711602 0.00039410124012450031 0.00096478796119073621 0.002508109074329305 0.008662054747216489 0.0085752391192531613 0.0014053378384321291 -1.854740124718328e-05 -0.00014544178325271012 0.00077609118411198924 -8.3853864517238191e-05 0.0023499821513504379 -0.00087070687562167918 -0.001003418778662533 2.8216422552564261e-05 -0.00053935606954184435 0.00074780665133681082
leaf_weight=614 4.9999999999999991 146 28 87 98 4.9999999999999991 6.9999999999999991 311 215 284 94 127 149 4.9999999999999991 76 84 147
leaf_count=614 5 146 28 87 98 5 7 311 215 284 94 127 149 5 76 84 147
internal_value=0 0 0.000241246 0.00209769 0.00361372 0.00372111 -0.000331842 -0.000354759 0 4.3679e-05 0.000197287 0 -0.000297013 0.000474832 0.000245822 0 0
internal_weight=0 2374 1442 115 108 103 932 925 1327 881 383 498 295 289 203 446 362
internal_count=2482 2374 1442 115 108 103 932 925 1327 881 383 498 295 289 203 446 362
is_linear=0
shrinkage=0.0253571


Tree=159
num_leaves=9
num_cat=0
split_feature=2 6 3 2 3 5 2 2
split_gain=0.887379 0.0930247 0.19362 0.183175 0.127292 0.0408483 0.021996 0.00290708
threshold=1.5746371239001469 1.0000000180025095e-35 -0.86158447112794823 -0.48749153539027096 -0.86158447112794823 2.2869799942829454 1.3168710414888449 1.0591049590775425
decision_type=2 2 2 2 2 2 2 2
left_child=1 2 7 -3 -5 -6 -4 -1
right_child=-2 3 6 4 5 -7 -8 -9
leaf_value=-0.00060173637743018396 0.0016988630025365082 8.3661781673616213e-05 0.00045736228798419623 0.0004522022136570819 -0.00069740015036178946 0.00052861199264967406 -0.0001352185946848002 0.00012137440532970895
leaf_weight=273 206 546 1010 80 257 17 55 38
leaf_count=273 206 546 1010 80 257 17 55 38
internal_value=0 0 0.000170212 -0.000147692 -0.000617928 -0.000884828 0.000391244 -4.22288e-05
internal_weight=0 2276 1376 900 354 274 1065 311
internal_count=2482 2276 1376 900 354 274 1065 311
is_linear=0
shrinkage=0.0253571


Tree=160
num_leaves=16
num_cat=0
split_feature=0 0 2 1 1 0 1 0 0 1 3 2 1 2 0
split_gain=1.90188 0.263791 0.460164 0.231064 0.126535 0.118124 0.109037 0.157404 0.0897391 0.0661625 0.0457646 0.0594201 0.0241832 0.0277029 0.00226493
threshold=1.9115620852136144 -0.28203555294003596 1.0591049590775425 0.79444475821035476 0.12498178748103896 -0.36909089994796074 -1.2748044240438936 -0.18735875668462479 -0.08164399945009583 0.97702556840925903 -0.86158447112794823 1.5746371239001469 0.67272421807775196 -1.0030237002128752 1.0000000180025095e-35
decision_type=2 2 2 2 2 2 2 2 2 2 2 2 2 2 2
left_child=1 4 3 6 -1 9 14 -8 -5 -6 -4 -12 13 -2 -3
right_child=12 2 10 8 5 -7 7 -9 -10 -11 11 -13 -14 -15 -16
leaf_value=5.557368099459406e-05 0.0033851782331176896 -0.0014169694943872327 0.0005466874958402184 0.00064192722965852335 -0.0018226007710199247 0.0003902055992981535 0.0015112846917123596 -0.00038624666422144393 0.0034654019765624116 -0.00018222171881182694 3.448549874910232e-05 0.0022268742838900861 0.0082899960907495615 0.0089194558250216618 0.0018070145753485074
leaf_weight=442 4.9999999999999991 29 44 115 326 106 68 635 146 208 55 83 4.9999999999999991 98 117
leaf_count=442 5 29 44 115 326 106 68 635 146 208 55 83 5 98 117
internal_value=0 0 0.000278886 0 -0.000251149 -0.000481787 -0.000119438 -0.000340668 0.000714368 -0.000646728 0.00145203 0.00171921 0.00339173 0.00348895 0
internal_weight=0 2374 1292 1110 1082 640 849 703 261 534 182 138 108 103 146
internal_count=2482 2374 1292 1110 1082 640 849 703 261 534 182 138 108 103 146
is_linear=0
shrinkage=0.0253571


Tree=161
num_leaves=19
num_cat=0
split_feature=0 0 2 1 0 1 1 2 2 3 1 0 0 2 1 1 2 0
split_gain=1.62763 0.240216 0.368433 0.209523 0.17037 0.131557 0.158646 0.13851 0.0807523 0.0766757 0.060551 0.0497436 0.0361997 0.0201141 0.0133294 0.0127581 0.00133394 0.0729313
threshold=1.9115620852136144 -0.63794409236790661 1.0591049590775425 0.064121517414737511 -0.38104869100867195 0.67272421807775196 -1.4573852342427978 -0.48749153539027096 -1.0030237002128752 -0.86158447112794823 -1.8834071247069077 -0.62789166361906712 0.21276732880840302 3.121233618367961 -1.5182455043090994 1.5856282690722734 1.0000000180025095e-35 0.54476028611485161
decision_type=2 2 2 2 2 2 2 2 2 2 2 2 2 2 2 2 2 2
left_child=1 10 5 -2 -4 6 9 12 -8 -3 -1 -10 -7 15 -11 -12 17 -9
right_child=3 2 4 -5 -6 7 8 16 11 14 13 -13 -14 -15 -16 -17 -18 -19
leaf_value=0.00058615326511344146 0.0083864986027612741 -0.00090100893400165555 -0.00083742344635279208 0.0060576131159697363 0.0012992640484145283 0.0013048926192793615 0.00028362561078824948 -0.00055246849885464669 0.0044002452776985244 0.0016462747711383113 -0.00038826284124939491 -0.00044481854190522743 0.00012508314516412609 0.0008812967038320192 0.00095317239111048716 0.0012756633331960706 0.0036254818699520477 0.008096388382061271
leaf_weight=19 96 27 37 11.999999999999998 197 296 56 186 4.9999999999999991 91 576 756 44 5.9999999999999991 15.999999999999998 8.9999999999999982 36 17
leaf_count=19 96 27 37 12 197 296 56 186 5 91 576 756 44 6 16 9 36 17
internal_value=0 0 0.000204526 0.00316973 0.00113772 0 -0.000119956 0.000347857 -0.000370498 0.000140742 -0.00036122 -0.000463642 0.000679535 -0.000447014 0.000678208 -0.000472995 0 -6.40271e-05
internal_weight=0 2374 1764 108 234 1530 951 579 817 134 610 761 340 591 107 585 239 203
internal_count=2482 2374 1764 108 234 1530 951 579 817 134 610 761 340 591 107 585 239 203
is_linear=0
shrinkage=0.0253571


Tree=162
num_leaves=13
num_cat=0
split_feature=0 0 5 5 6 3 0 0 0 6 0 0
split_gain=1.29553 0.167301 0.286869 0.185963 0.0376398 0.213043 0.0514528 0.0410551 0.0129731 0.00478445 0.00144147 0.0297064
threshold=1.9115620852136144 -0.37474128473489016 1.0000000180025095e-35 2.2869799942829454 1.0000000180025095e-35 -0.86158447112794823 0.41867786278790214 0.26125551453810009 -0.28203555294003596 1.0000000180025095e-35 -0.21442804194293807 -0.032564494382231794
decision_type=2 2 2 2 2 2 2 2 2 2 2 2
left_child=1 2 -1 -4 5 -3 7 8 -7 -2 -6 -12
right_child=9 4 3 -5 10 6 -8 -9 -10 -11 11 -13
leaf_value=-3.2637321825703598e-05 0.0077363435257251385 -0.00042360074003706418 -0.0034702355753871901 0.0020842739883030026 0.0011599323701453087 1.0912441205971317e-05 0.0017694472216313296 -0.0015016577107873682 0.00073210405881311597 0.0079918609508970347 -0.0005055234080526879 0.00014527737784920925
leaf_weight=776 103 200 143 12.999999999999998 162 39 295 74 258 4.9999999999999991 199 215
leaf_count=776 103 200 143 13 162 39 295 74 258 5 199 215
internal_value=0 0 -0.000304815 -0.00129398 0.000118682 0.000226129 0.000519734 0 0.000295054 0.00272574 0 -4.69637e-05
internal_weight=0 2374 932 156 1442 866 666 371 297 108 576 414
internal_count=2482 2374 932 156 1442 866 666 371 297 108 576 414
is_linear=0
shrinkage=0.0253571


Tree=163
num_leaves=20
num_cat=0
split_feature=0 1 1 0 1 3 1 6 1 0 0 1 0 0 0 1 0 0 0
split_gain=1.17635 0.356795 0.194619 0.180045 0.263079 0.164041 0.160215 0.127835 0.122012 0.112465 0.0827706 0.0500317 0.0192563 0.0157584 0.0132629 0.00778244 0.00561556 4.32131e-06 0.00155291
threshold=2.0994045283046758 -1.5182455043090994 -0.97050307371238664 -0.37474128473489016 0.12498178748103896 -0.86158447112794823 0.12498178748103896 1.0000000180025095e-35 -0.72706199344718081 -0.75042617091701402 -0.33315182461714199 1.5856282690722734 -0.21442804194293807 -0.32743573768152728 -0.44464837093597093 0.67272421807775196 1.9115620852136144 -0.44464837093597093 -1.1509464693021534
decision_type=2 2 2 2 2 2 2 2 2 2 2 2 2 2 2 2 2 2 2
left_child=1 5 16 4 17 -1 8 10 -5 -7 -8 14 -9 -10 -6 -2 -3 18 -4
right_child=15 2 3 6 11 9 7 12 13 -11 -12 -13 -14 -15 -16 -17 -18 -19 -20
leaf_value=-0.00029419531748569564 0.0094378842344297192 -0.00027801061956487301 -0.0047029492272561745 0.0015557358489273648 -0.0010991715541587659 6.2605287698449253e-05 -0.011370132059454452 0.0011926187908685867 0.0051971462119636772 0.0015872776384813199 0.0017257267049090731 0.0027318890620328506 -0.00013338737049587796 -0.0010524931812575158 -1.9538304351785045e-05 0.0077300112936274966 0.00061938218692883778 -0.0020729618578056897 0.00041585872594278322
leaf_weight=40 85 340 5.9999999999999991 57 452 27 7.9999999999999991 158 4.9999999999999991 149 288 10.999999999999998 396 196 65 4.9999999999999991 7.9999999999999991 12.999999999999998 173
leaf_count=40 85 340 6 57 452 27 8 158 5 149 288 11 396 196 65 5 8 13 173
internal_value=0 0 -0.000119432 0 -0.000323965 0.000944607 0.000188394 0.000408045 0 0.00129111 0.000862369 -0.000677724 0 -0.000615293 -0.00072832 0.00284034 -0.000664188 0 3.87311e-06
internal_weight=0 2392 2176 1828 720 216 1108 850 258 176 296 528 554 201 517 90 348 192 179
internal_count=2482 2392 2176 1828 720 216 1108 850 258 176 296 528 554 201 517 90 348 192 179
is_linear=0
shrinkage=0.0253571


Tree=164
num_leaves=19
num_cat=0
split_feature=0 1 1 0 2 1 3 1 2 0 1 0 0 1 0 0 0 0
split_gain=1.183 0.286791 0.194619 0.141908 0.297822 0.235671 0.137698 0.117594 0.105041 0.0924848 0.0463772 0.153613 0.031351 0.00778244 0.00616014 0.00561556 4.32131e-06 0.00155291
threshold=2.0994045283046758 -1.5182455043090994 -0.97050307371238664 -0.37474128473489016 1.0591049590775425 0.12498178748103896 -0.86158447112794823 1.0378858384755605 -1.0030237002128752 -0.75042617091701402 0.7335844881440533 -0.93544342161461114 -0.8227642366194482 0.67272421807775196 0.82846216413765872 1.9115620852136144 -0.44464837093597093 -1.1509464693021534
decision_type=2 2 2 2 2 2 2 2 2 2 2 2 2 2 2 2 2 2
left_child=1 6 15 5 7 16 -1 8 -5 -8 11 -7 -12 -2 -9 -3 17 -4
right_child=13 2 3 4 -6 10 9 14 -10 -11 12 -13 -14 -15 -16 -17 -18 -19
leaf_value=-0.00028673538007444082 0.0091985669458849815 -0.00027096107901019813 -0.004583696116148412 0.0024537367438119298 0.0028922090506265266 3.5263364394322968e-05 6.101779972672812e-05 0.0036130883495684358 -0.00028377284097726131 0.0015470288951005319 -0.0012666321515419224 -0.0023479043793575441 0.00019317603903421982 0.0075340006945079814 0.0012876182609260862 0.00060367645650589487 -0.0020203975755212138 0.00040531375842272276
leaf_weight=40 85 340 5.9999999999999991 75 99 56 27 135 791 149 125 131 216 4.9999999999999991 7.9999999999999991 7.9999999999999991 12.999999999999998 173
leaf_count=40 85 340 6 75 99 56 27 135 791 149 125 131 216 5 8 8 13 173
internal_value=0 0 -0.000119432 0 0.000165637 -0.000289048 0.000830501 0 -8.07699e-05 0.00115196 -0.000630259 -0.00111919 0 0.00284034 0.000684518 -0.000664188 0 3.87311e-06
internal_weight=0 2392 2176 1828 1108 720 216 1009 866 176 528 187 341 90 143 348 192 179
internal_count=2482 2392 2176 1828 1108 720 216 1009 866 176 528 187 341 90 143 348 192 179
is_linear=0
shrinkage=0.0253571


Tree=165
num_leaves=13
num_cat=0
split_feature=0 2 0 1 1 0 2 2 0 1 1 1
split_gain=1.16889 0.253197 0.573196 0.125129 0.173258 0.16869 0.167171 0.121235 0.112093 0.0279713 0.0113074 0.00778244
threshold=2.0994045283046758 1.5746371239001469 -0.023497597863670595 0.7335844881440533 -1.5182455043090994 -0.8227642366194482 -0.48749153539027096 1.0000000180025095e-35 -0.92657363154210592 0.67272421807775196 0.79444475821035476 0.67272421807775196
decision_type=2 2 2 2 2 2 2 2 2 2 2 2
left_child=1 3 -3 4 -1 7 -7 10 -6 -10 -5 -2
right_child=11 2 -4 5 8 6 -8 -9 9 -11 -12 -13
leaf_value=0.00053062184656426628 0.0089653180475826062 -0.00018886549058210521 0.0027179912383539211 -0.0025023452760139621 0.0001488200853303121 0.001193459357540193 -0.00013641454108840096 0.0023754735468259755 -0.00032297759415600218 3.7268616923940525e-05 -0.0018621245589807388 0.007342960353969941
leaf_weight=171 85 91 90 7.9999999999999991 144 349 239 17 1114 72 97 4.9999999999999991
leaf_count=171 85 91 90 8 144 349 239 17 1114 72 97 5
internal_value=0 0 0.000884178 -8.60967e-05 -0.000252832 2.75546e-05 0.00039593 -0.000351671 -0.000394303 -0.000484466 -0.000918387 0.00284034
internal_weight=0 2392 181 2211 1501 710 588 122 1330 1186 105 90
internal_count=2482 2392 181 2211 1501 710 588 122 1330 1186 105 90
is_linear=0
shrinkage=0.0253571


Tree=166
num_leaves=15
num_cat=0
split_feature=0 1 1 0 0 0 6 1 0 0 1 1 1 0
split_gain=1.16889 0.201651 0.216034 0.155454 0.117099 0.101106 0.0696099 0.0871155 0.129308 0.0664921 0.0619937 0.0264961 0.00778244 0.0023641
threshold=2.0994045283046758 -1.5182455043090994 -1.2139441539775919 0.075252731610224458 -1.2165172136900091 -0.73097833490618702 1.0000000180025095e-35 0.97702556840925903 -0.92112035320123187 -0.44464837093597093 0.67272421807775196 1.1596063786081634 0.67272421807775196 -0.74241050877741643
decision_type=2 2 2 2 2 2 2 2 2 2 2 2 2 2
left_child=1 5 3 -3 -4 -1 10 8 -8 -9 13 -12 -2 -6
right_child=12 2 4 -5 6 -7 7 9 -10 -11 11 -13 -14 -15
leaf_value=-0.00010450761351043899 0.0087379836627994537 -0.0014325554511483492 -0.037257443074894224 0.00013369893782236221 0.0003378805613040108 0.0014285369254213021 0.0026113259803570411 -0.00020249801616726058 -0.00037768152352205588 0.0020224082258732921 0.0020102169046012316 7.0923577151238407e-05 0.0071567642407147133 -5.6274958892835201e-05
leaf_weight=32 85 71 29 74 250 184 23 146 526 181 189 19 4.9999999999999991 668
leaf_count=32 85 71 29 74 250 184 23 146 526 181 189 19 5 668
internal_value=0 0 -8.45726e-05 -0.00101082 0 0.000716394 9.8272e-06 -3.6741e-05 -0.000320983 0 0.000196597 0.00062478 0.00284034 0
internal_weight=0 2392 2176 145 2031 216 2002 876 549 327 1126 208 90 918
internal_count=2482 2392 2176 145 2031 216 2002 876 549 327 1126 208 90 918
is_linear=0
shrinkage=0.0253571


Tree=167
num_leaves=21
num_cat=0
split_feature=2 1 6 3 2 2 5 2 5 1 1 5 1 1 1 1 5 1 1 2
split_gain=0.730975 0.0689467 0.0512712 0.158898 0.15524 0.0683891 0.0919023 0.0445992 0.0441604 0.104034 0.0671725 0.0607112 0.0292116 0.0255589 0.0217332 0.0310313 0.0159651 0.00838705 0.142889 0.0162876
threshold=1.5746371239001469 0.55100367794514904 1.0000000180025095e-35 -0.86158447112794823 -0.22972545297896871 1.3168710414888449 1.0000000180025095e-35 -1.0030237002128752 1.0000000180025095e-35 0.49014340787884753 1.4030474588733692 4.6209784917378274 0.12498178748103896 0.36842286774624472 -1.7008263145080036 0.91616529834295768 2.2869799942829454 -1.4573852342427978 0.36842286774624472 1.0591049590775425
decision_type=2 2 2 2 2 2 2 2 2 2 2 2 2 2 2 2 2 2 2 2
left_child=2 -2 3 14 8 6 7 -5 10 -10 13 -11 -6 -4 -1 -16 -14 19 -19 -8
right_child=1 -3 4 5 12 -7 17 -9 9 11 -12 -13 16 -15 15 -17 -18 18 -20 -21
leaf_value=0.00036062536101575944 0.001751907853624839 0.00084670749955836672 0.00036856286975947913 -0.0013653374419544172 0.00064365279893187973 -0.00017325007454350457 0.0021870566194251494 0.00060798913955757933 -0.00042294587148447143 0.0015491669734002266 0.0023946136180927522 -0.0015264763301073502 -0.0013665306761296572 -0.00074055893699706587 -0.00077575354217781817 0.0016813018645162362 0.0027984285264883043 -0.0006982060221474186 0.0012534008081969352 -0.0034829613723199641
leaf_weight=20 181 25 26 12.999999999999998 4.9999999999999991 55 60 534 102 271 34 6.9999999999999991 108 339 275 15.999999999999998 7.9999999999999991 249 148 5.9999999999999991
leaf_count=20 181 25 26 13 5 55 60 534 102 271 34 7 108 339 275 16 8 249 148 6
internal_value=0 0.00152679 0 6.01408e-05 -0.000175673 0.000296559 0.000368752 0.000597154 0 0.000149579 -0.000220785 0.000515513 -0.0010022 -0.000411774 -0.000202098 -0.00030101 -0.00109507 0 0 0.000273254
internal_weight=0 206 2276 1376 900 1065 1010 547 779 380 399 278 121 365 311 291 116 463 397 66
internal_count=2482 206 2276 1376 900 1065 1010 547 779 380 399 278 121 365 311 291 116 463 397 66
is_linear=0
shrinkage=0.0253571


Tree=168
num_leaves=9
num_cat=0
split_feature=2 6 3 2 3 2 2 5
split_gain=0.629375 0.0662306 0.158898 0.155463 0.127292 0.0683891 0.0609334 0.0408483
threshold=1.5746371239001469 1.0000000180025095e-35 -0.86158447112794823 -0.48749153539027096 -0.86158447112794823 1.3168710414888449 -0.74525761780157318 2.2869799942829454
decision_type=2 2 2 2 2 2 2 2
left_child=1 2 -1 -3 -5 6 -4 -6
right_child=-2 3 5 4 7 -7 -8 -9
leaf_value=-0.00039932561145683494 0.0015518077437751614 7.8952225647396546e-05 1.3311682885580919e-05 0.00049668464026877501 -0.00065347114118115615 -0.00016885695665290189 0.00047974172960216666 0.00036113288790589753
leaf_weight=311 206 546 170 80 257 55 840 17
leaf_count=311 206 546 170 80 257 55 840 17
internal_value=0 0 6.01408e-05 -0.000203654 -0.000617928 0.000296559 0.000368752 -0.000884828
internal_weight=0 2276 1376 900 354 1065 1010 274
internal_count=2482 2276 1376 900 354 1065 1010 274
is_linear=0
shrinkage=0.0253571


Tree=169
num_leaves=20
num_cat=0
split_feature=0 2 0 1 5 1 1 0 2 2 2 5 5 5 1 1 1 0 0
split_gain=1.1939 0.150471 0.389253 0.129503 0.209856 0.286422 0.511743 0.13999 0.140254 0.121235 0.0602707 0.0776996 0.0460645 0.0264174 0.0107577 0.0996847 0.00778244 0.00759489 0.0378479
threshold=2.0994045283046758 1.5746371239001469 -0.37474128473489016 0.7335844881440533 1.0000000180025095e-35 -1.4573852342427978 0.36842286774624472 -0.8227642366194482 -0.48749153539027096 1.0000000180025095e-35 2.8634675359566581 1.1199807455555051 3.4539792430103859 1.1199807455555051 0.36842286774624472 -0.17931956285046807 0.67272421807775196 -0.132497462532461 -0.63794409236790661
decision_type=2 2 2 2 2 2 2 2 2 2 2 2 2 2 2 2 2 2 2
left_child=1 3 -3 4 14 -6 -7 9 12 13 11 -4 -9 -5 15 -1 -2 18 -10
right_child=16 2 10 7 5 6 -8 8 17 -11 -12 -13 -14 -15 -16 -17 -18 -19 -20
leaf_value=-1.1583774170764837e-05 0.0085462104056055043 -0.00069152390847037075 0.0021118804429019486 -0.0018501459043999628 0.0014896307674955595 -0.0012189826581344013 9.0437023668946402e-05 0.0011806309808832063 0.0028293341819489431 0.0022366835048028425 0.0027790461415139909 0.00029835382590576111 -0.00042838971268032843 0.0080344227718107987 -0.0013255278547028217 0.0023761630571975932 0.0069313420663371025 0.0033117623792756233 -0.00066803364950429145
leaf_weight=478 85 58 95 100 77 369 288 344 25 17 21 6.9999999999999991 4.9999999999999991 4.9999999999999991 193 96 4.9999999999999991 106 108
leaf_count=478 85 58 95 100 77 369 288 344 25 17 21 7 5 5 193 96 5 106 108
internal_value=0 0 0.000613302 -0.00010897 -0.000269655 -0.000574757 -0.000803977 0 0.000353257 -0.000351671 0.00157537 0.00182249 0.000680164 -0.000918387 0 7.77155e-05 0.00284034 0 -0.000187286
internal_weight=0 2392 181 2211 1501 734 657 710 588 122 123 102 349 105 767 574 90 239 133
internal_count=2482 2392 181 2211 1501 734 657 710 588 122 123 102 349 105 767 574 90 239 133
is_linear=0
shrinkage=0.0253571


Tree=170
num_leaves=15
num_cat=0
split_feature=1 3 6 1 1 5 5 5 5 1 1 1 1 1
split_gain=0.437044 0.136407 0.0570922 0.141425 0.114796 0.103561 0.0871535 0.0256736 0.0270831 0.0173737 0.21915 0.0153732 0.0144118 8.97084e-06
threshold=-1.5182455043090994 -0.86158447112794823 1.0000000180025095e-35 1.0378858384755605 -1.2139441539775919 1.0000000180025095e-35 1.0000000180025095e-35 -1.214017751899376 1.1199807455555051 0.36842286774624472 -0.48362091318197514 -0.17931956285046807 0.97702556840925903 -0.97050307371238664
decision_type=2 2 2 2 2 2 2 2 2 2 2 2 2 2
left_child=1 -1 4 11 7 -6 -5 -2 -9 10 13 -4 -11 -7
right_child=2 -3 3 6 5 9 -8 8 -10 12 -12 -13 -14 -15
leaf_value=3.9921624834149549e-05 0.017511852764148135 0.0012528744472626334 7.3092544352988017e-05 -0.00054742606949838106 0.00046910444541787438 -0.0002180157929282748 0.0040723993606176208 -0.00044433883392990729 0.0035146751340633343 0.00092339716628564482 -0.0017378482549860479 -0.00031096084874869805 -0.00033946238519182414 0.0020925228265166137
leaf_weight=47 4.9999999999999991 195 21 179 635 72 99 149 6.9999999999999991 204 168 601 17 83
leaf_count=47 5 195 21 179 635 72 99 149 7 204 168 601 17 83
internal_value=0 0.00110105 0 -0.000175673 8.05847e-05 0.000257338 0 -0.000155926 -0.00035612 0 -0.000117711 -0.000435046 0.000170551 0
internal_weight=0 242 2240 900 1340 1179 278 161 156 544 323 622 221 155
internal_count=2482 242 2240 900 1340 1179 278 161 156 544 323 622 221 155
is_linear=0
shrinkage=0.0253571


Tree=171
num_leaves=16
num_cat=0
split_feature=2 5 6 2 1 1 5 1 1 2 2 2 5 1 1
split_gain=0.528938 0.0945071 0.122205 0.142826 0.106027 0.09224 0.0457287 0.115152 0.280264 0.118349 0.0993957 0.0856875 0.0382792 0.0364454 0.0316714
threshold=1.5746371239001469 1.1199807455555051 1.0000000180025095e-35 -0.48749153539027096 -0.17931956285046807 -0.24017983291676948 1.0000000180025095e-35 0.36842286774624472 -1.4573852342427978 -1.0030237002128752 1.3168710414888449 -0.74525761780157318 3.4539792430103859 1.4030474588733692 -1.6399660444417019
decision_type=2 2 2 2 2 2 2 2 2 2 2 2 2 2 2
left_child=1 2 6 -4 -5 -2 10 8 -8 -10 11 -1 -3 -6 -13
right_child=5 12 3 4 13 -7 7 -9 9 -11 -12 14 -14 -15 -16
leaf_value=-0.00053360126524520208 0.0018568617722150621 0.0013059006374976827 -2.4150821698176892e-05 0.0037675014660971543 -0.00063871214443526815 0.00054879784352951052 0.00142008881343964 0.00078898113437621525 0.0002679948258273095 -0.0011967917707715349 -0.00035054447855830702 3.1423766101500964e-05 0.00096455690632064851 0.0026028470788693673 0.00077708713500864997
leaf_weight=105 151 126 514 5.9999999999999991 288 55 77 176 12.999999999999998 284 42 76 22 12.999999999999998 534
leaf_count=105 151 126 514 6 288 55 77 176 13 284 42 76 22 13 534
internal_value=0 0 -8.64747e-05 -0.000338053 -0.000771367 0.00128783 0 -8.10687e-05 -0.000452045 -0.000922243 0.00018367 0.000352579 0.000539011 -0.000910236 0.000484667
internal_weight=0 2276 2128 821 307 206 1307 550 374 297 757 715 148 301 610
internal_count=2482 2276 2128 821 307 206 1307 550 374 297 757 715 148 301 610
is_linear=0
shrinkage=0.0253571


Tree=172
num_leaves=18
num_cat=0
split_feature=0 3 6 2 0 5 2 5 6 0 0 0 2 0 2 2 0
split_gain=1.01456 0.241123 0.215295 0.314772 0.163044 0.0673332 0.191042 0.184838 0.0320265 0.0219148 0.0364631 0.026781 0.20708 0.0488836 0.0339389 0.0219078 0.00341579
threshold=0.45468264026740629 -0.86158447112794823 1.0000000180025095e-35 -0.22972545297896871 -0.42901125954888714 1.0000000180025095e-35 -1.0030237002128752 2.2869799942829454 1.0000000180025095e-35 -0.20483552823489506 -0.28203555294003596 -0.04025164577840324 -0.74525761780157318 0.21276732880840302 1.0591049590775425 2.0901692887227514 0.41867786278790214
decision_type=2 2 2 2 2 2 2 2 2 2 2 2 2 2 2 2 2
left_child=4 -2 3 -3 5 8 -7 -8 -1 10 -6 12 -11 15 16 -13 -15
right_child=1 2 -4 -5 9 6 7 -9 -10 11 -12 13 -14 14 -16 -17 -18
leaf_value=4.4917226498923963e-05 7.8184125149927363e-05 0.0002140814789231384 -0.00015404598900959192 0.0031790338236118154 0.00021235149210901307 0.0020802223645221122 -0.0038933502499020442 0.0016099282114237932 -0.00078625848978342971 0.0021554406247677065 0.0012102121711745838 0.0010071304438062062 -0.00072041122147185107 -0.00054996436909352539 0.0023268499056514338 -0.0016658006894210724 0.00014002340449460944
leaf_weight=528 109 116 28 242 220 13.999999999999998 117 11.999999999999998 191 77 126 289 205 159 28 4.9999999999999991 15.999999999999998
leaf_count=528 109 116 28 242 220 14 117 12 191 77 126 289 205 159 28 5 16
internal_value=0 0.00111442 0.00140796 0.00158582 -0.000133937 -0.000402405 -0.00110934 -0.00150547 -1.84715e-05 0 0.000200014 0 -0.000244427 0 -6.40271e-05 0.000319118 -0.000353764
internal_weight=0 495 386 358 1987 862 143 129 719 1125 346 779 282 497 203 294 175
internal_count=2482 495 386 358 1987 862 143 129 719 1125 346 779 282 497 203 294 175
is_linear=0
shrinkage=0.0253571


Tree=173
num_leaves=14
num_cat=0
split_feature=0 3 6 2 0 0 0 2 0 2 0 0 0
split_gain=1.00025 0.241123 0.215295 0.314772 0.115134 0.0384359 0.0264256 0.20708 0.0270445 0.0215896 0.0202974 0.000699912 0.000347007
threshold=0.45468264026740629 -0.86158447112794823 1.0000000180025095e-35 -0.22972545297896871 -0.37474128473489016 -0.20483552823489506 -0.04025164577840324 -0.74525761780157318 0.21276732880840302 2.8634675359566581 -0.28203555294003596 0.28162318063052022 0.41867786278790214
decision_type=2 2 2 2 2 2 2 2 2 2 2 2 2
left_child=4 -2 3 -3 9 10 7 -7 -8 -1 -6 -10 -13
right_child=1 2 -4 -5 5 6 8 -9 11 -11 -12 12 -14
leaf_value=-0.00022371654200221893 7.6201603180638504e-05 0.00020865299539962062 -0.00015013983086170835 0.0030984227739356846 0.00032304728125290061 0.0021007849208910835 0.00072481635526814312 -0.00070214368863530743 0.00014085867309900676 0.0011701096276172536 0.0011795247111279236 -0.00057968943427807692 0.00045972175195285915
leaf_weight=925 109 116 28 242 150 77 294 205 72 6.9999999999999991 126 111 20
leaf_count=925 109 116 28 242 150 77 294 205 72 7 126 111 20
internal_value=0 0.00111442 0.00140796 0.00158582 -0.000121216 0 -1.706e-05 -0.000244427 0 -0.000331842 0.000294547 -6.40271e-05 -9.76217e-05
internal_weight=0 495 386 358 1987 1055 779 282 497 932 276 203 131
internal_count=2482 495 386 358 1987 1055 779 282 497 932 276 203 131
is_linear=0
shrinkage=0.0253571


Tree=174
num_leaves=21
num_cat=0
split_feature=0 0 5 1 1 1 5 1 0 0 6 0 0 3 5 1 0 0 5 0
split_gain=0.975217 0.118638 0.234793 0.212574 0.184588 0.306505 0.152094 0.130268 0.104971 0.246086 0.08124 0.0765044 0.0705782 0.0473897 0.0264144 0.0696399 0.0192563 0.0182907 0.0288096 0.012088
threshold=2.0994045283046758 -0.37474128473489016 1.0000000180025095e-35 0.97702556840925903 0.18584205754734043 -1.5182455043090994 2.2869799942829454 -1.1530838839112907 1.0000000180025095e-35 -0.34675216939498393 1.0000000180025095e-35 -0.33315182461714199 1.0799042871560198 -0.86158447112794823 1.0000000180025095e-35 -1.3356646941101948 -0.21442804194293807 -0.29373053540600619 1.1199807455555051 -0.04025164577840324
decision_type=2 2 2 2 2 2 2 2 2 2 2 2 2 2 2 2 2 2 2 2
left_child=1 2 -1 6 5 13 7 -4 9 -7 11 -6 -13 -3 -10 -16 17 -12 -19 -18
right_child=-2 4 3 -5 10 8 -8 -9 14 -11 16 12 -14 -15 15 -17 19 18 -20 -21
leaf_value=-1.6127015653987136e-05 0.0078615975207741023 0.00039736122833625165 0.0024958836815493976 5.864906380186526e-05 -0.011131363402919283 0.0036609934551794262 0.0012474461186198073 -0.0060292368473759475 0.0021395936122433805 -0.0016419400641137214 0.00018686202377159837 0.0016468137007348907 -3.3654927505218178e-07 0.0014488215682869603 0.0018509930934320585 -0.00040054483713435009 -0.00046405609727641074 0.0020683729991217295 -0.00071663487928936458 0.00023024854788757993
leaf_weight=776 90 30 5.9999999999999991 50 7.9999999999999991 6.9999999999999991 6.9999999999999991 93 81 105 80 258 22 123 29 257 187 72 5.9999999999999991 195
leaf_count=776 90 30 6 50 8 7 7 93 81 105 80 258 22 123 29 257 187 72 6 195
internal_value=0 0 -0.000250762 -0.00113767 0.000108578 -1.10567e-05 -0.00175753 -0.00205519 -0.000550194 -0.0013466 0.000403608 0.000799633 0.000910575 0.000561899 0 -0.000241081 0 0.00027458 0.000535392 0
internal_weight=0 2392 932 156 1460 632 106 99 479 112 828 288 280 153 367 286 540 158 78 382
internal_count=2482 2392 932 156 1460 632 106 99 479 112 828 288 280 153 367 286 540 158 78 382
is_linear=0
shrinkage=0.0253571


Tree=175
num_leaves=13
num_cat=0
split_feature=0 3 6 0 5 5 0 0 0 0 0 0
split_gain=0.879287 0.327026 0.215295 0.0703733 0.234793 0.160856 0.0384359 0.0264256 0.0270445 0.0202974 0.000699912 0.000347007
threshold=0.45468264026740629 -0.86158447112794823 1.0000000180025095e-35 -0.37474128473489016 1.0000000180025095e-35 2.2869799942829454 -0.20483552823489506 -0.04025164577840324 0.21276732880840302 -0.28203555294003596 0.28162318063052022 0.41867786278790214
decision_type=2 2 2 2 2 2 2 2 2 2 2 2
left_child=3 -2 -3 4 -1 -6 9 -8 -9 -5 -10 -12
right_child=1 2 -4 6 5 -7 7 8 10 -11 11 -13
leaf_value=-1.5718081451894536e-05 -2.2641321416255169e-05 0.002179280702579577 -0.00015217115488212174 0.00029819005343554873 -0.0033203776132250096 0.001870478108942605 -0.00037829899760417413 0.00067365870917029361 0.00010850726633902197 0.0011051846117082181 -0.00061299633382420058 0.00043164525783309806
leaf_weight=776 109 358 28 150 143 12.999999999999998 282 294 72 126 111 20
leaf_count=776 109 358 28 150 143 13 282 294 72 126 111 20
internal_value=0 0.00106383 0.00140796 -8.30507e-05 -0.000250762 -0.00113767 0 -1.706e-05 0 0.000294547 -6.40271e-05 -9.76217e-05
internal_weight=0 495 386 1987 932 156 1055 779 497 276 203 131
internal_count=2482 495 386 1987 932 156 1055 779 497 276 203 131
is_linear=0
shrinkage=0.0253571


Tree=176
num_leaves=15
num_cat=0
split_feature=0 0 2 5 5 2 2 5 3 0 0 2 0 0
split_gain=0.791656 0.110756 0.26222 0.234793 0.160856 0.153968 0.0272956 0.0504951 0.111577 0.00113062 0.0109583 0.00642943 0.0307056 0.0307884
threshold=2.0994045283046758 -0.37474128473489016 1.5746371239001469 1.0000000180025095e-35 2.2869799942829454 -1.0030237002128752 2.8634675359566581 1.1199807455555051 -0.86158447112794823 0.21276732880840302 0.45468264026740629 -0.48749153539027096 -0.33315182461714199 -0.12927805724688482
decision_type=2 2 2 2 2 2 2 2 2 2 2 2 2 2
left_child=1 3 9 -1 5 -5 7 8 -4 11 -11 12 -3 -14
right_child=-2 2 6 4 -6 -7 -8 -9 -10 10 -12 -13 13 -15
leaf_value=-1.5319516631540303e-05 0.0076488658115400248 -0.0013915515724943997 0.00025137921968183157 0.0013748172792735971 0.0018230482254861964 -0.003323297548002562 0.0025043648095544931 0.00024212433311243805 0.0021229526525544354 -0.00029710028188086648 2.3743009198792748e-05 -2.0862734799125102e-05 0.0019819112204634182 0.00016455574288705486
leaf_weight=776 90 28 24 14.999999999999998 12.999999999999998 128 21 6.9999999999999991 71 187 343 450 152 177
leaf_count=776 90 28 24 15 13 128 21 7 71 187 343 450 152 177
internal_value=0 0 9.12836e-05 -0.000250762 -0.00113767 -0.00144919 0.00118292 0.00135388 0.00151013 0 -3.68041e-05 8.82155e-07 0.000106692 0.000266889
internal_weight=0 2392 1460 932 156 143 123 102 95 1337 530 807 357 329
internal_count=2482 2392 1460 932 156 143 123 102 95 1337 530 807 357 329
is_linear=0
shrinkage=0.0253571


Tree=177
num_leaves=12
num_cat=0
split_feature=0 0 2 2 2 3 0 0 2 0 0
split_gain=0.795095 0.104239 0.183176 0.0162391 0.0153129 0.0138111 0.00113062 0.0109583 0.00642943 0.0307056 0.0307884
threshold=2.0994045283046758 -0.37474128473489016 1.5746371239001469 2.8634675359566581 2.8634675359566581 1.1798977793155532 0.21276732880840302 0.45468264026740629 -0.48749153539027096 -0.33315182461714199 -0.12927805724688482
decision_type=2 2 2 2 2 2 2 2 2 2 2
left_child=1 3 6 -1 5 -4 8 -8 9 -3 -11
right_child=-2 2 4 -5 -6 -7 7 -9 -10 10 -12
leaf_value=-0.00020463464071694248 0.0074549128257868826 -0.001356265872762564 0.0018406618629359642 0.0011416350088117148 0.0024408614034030656 0.00053841693768680115 -0.00028956668302339148 2.3140955556050578e-05 -2.0333716536134341e-05 0.0019316557174675441 0.00016038308795463329
leaf_weight=925 90 28 85 6.9999999999999991 21 17 187 343 450 152 177
leaf_count=925 90 28 85 7 21 17 187 343 450 152 177
internal_value=0 0 7.39894e-05 -0.000250762 0.000986689 0.00111957 0 -3.68041e-05 8.82155e-07 0.000106692 0.000266889
internal_weight=0 2392 1460 932 123 102 1337 530 807 357 329
internal_count=2482 2392 1460 932 123 102 1337 530 807 357 329
is_linear=0
shrinkage=0.0253571


Tree=178
num_leaves=19
num_cat=0
split_feature=1 1 2 1 6 5 1 1 2 1 2 1 1 1 2 1 5 5
split_gain=0.240638 0.0658111 0.145001 0.112828 0.0883313 0.073438 0.0847963 0.135143 0.0288506 0.0411698 0.0410505 0.0207743 0.0461088 0.00585288 0.0042822 0.00331237 0.0871535 0.00202371
threshold=-1.5182455043090994 0.67272421807775196 1.0591049590775425 -0.97050307371238664 1.0000000180025095e-35 1.0000000180025095e-35 0.36842286774624472 -1.2748044240438936 -1.0030237002128752 1.1596063786081634 1.3168710414888449 0.36842286774624472 -0.17931956285046807 0.6118639480114505 0.54357279425493799 1.0378858384755605 1.0000000180025095e-35 2.2869799942829454
decision_type=2 2 2 2 2 2 2 2 2 2 2 2 2 2 2 2 2 2
left_child=14 2 5 -4 8 11 7 -7 -3 10 -10 12 -2 -5 -1 17 -17 -6
right_child=1 4 3 13 15 6 -8 -9 9 -11 -12 -13 -14 -15 -16 16 -18 -19
leaf_value=0.0001060021966926209 -7.9356688398569692e-05 -0.0070561563374955385 -0.00025852964681911885 0.00070134416602875033 -0.00025890479002050259 0.0010073253406563216 -8.1932775412692186e-05 -0.0011759516446809388 0.0019803907730451503 -0.0020936401790474634 -0.00015736723820787663 -0.0016567790974358673 0.0025411181603538454 0.00080976443598350877 0.0019523265916886765 -0.00054541367983662907 0.0041486647106890378 0.00017697720126353338
leaf_weight=125 334 9.9999999999999982 91 148 300 45 239 341 163 18 23 146 83 7.9999999999999991 117 179 99 12.999999999999998
leaf_count=125 334 10 91 148 300 45 239 341 163 18 23 146 83 8 117 179 99 13
internal_value=0 0 -0.000150048 2.83303e-06 0.000110287 -0.000324406 -0.000523364 -0.000761463 0.000550186 0.000636667 0.000762243 0 0 0.00066874 0.000794587 0 0 -8.16811e-05
internal_weight=0 2240 1435 247 805 1188 625 386 214 204 186 563 417 156 242 591 278 313
internal_count=2482 2240 1435 247 805 1188 625 386 214 204 186 563 417 156 242 591 278 313
is_linear=0
shrinkage=0.0253571


Tree=179
num_leaves=12
num_cat=0
split_feature=1 3 1 5 1 1 5 5 1 1 6
split_gain=0.238003 0.161333 0.0542866 0.0661867 0.115534 0.248937 0.0293834 0.0376214 0.0126437 0.143789 0.000236887
threshold=-1.5182455043090994 -0.86158447112794823 0.7335844881440533 1.0000000180025095e-35 0.36842286774624472 -0.48362091318197514 1.0000000180025095e-35 4.6209784917378274 0.36842286774624472 -1.2139441539775919 1.0000000180025095e-35
decision_type=2 2 2 2 2 2 2 2 2 2 2
left_child=1 -1 3 8 5 -5 10 -8 9 -2 -4
right_child=2 -3 6 4 -6 -7 7 -9 -10 -11 -12
leaf_value=-0.0001864867228873603 -0.00096324935711963324 0.001178637743534003 0.0022197158945126928 2.3578298097754831e-05 0.00012210960270599315 -0.001304197673411825 0.0013519356096596239 -0.0017523460042840576 -0.0011564616692464373 0.0005527883177090029 -0.00036603393491434254
leaf_weight=47 84 195 95 234 305 242 295 6.9999999999999991 206 440 332
leaf_count=47 84 195 95 234 305 242 295 7 206 440 332
internal_value=0 0.000794587 0 -0.000125819 -0.000290809 -0.000540471 0.000121687 0.000310835 0 0.000108956 0
internal_weight=0 242 2240 1511 781 476 729 302 730 524 427
internal_count=2482 242 2240 1511 781 476 729 302 730 524 427
is_linear=0
shrinkage=0.0253571


Tree=180
num_leaves=13
num_cat=0
split_feature=0 0 6 0 0 0 0 0 0 0 0 0
split_gain=0.816028 0.084543 0.0385939 0.00145183 0.0504046 0.0253732 0.00937183 0.0122144 0.00885212 0.026781 0.00578985 0.00380747
threshold=1.4971129313072067 -1.2165172136900091 1.0000000180025095e-35 -0.04025164577840324 -1.01349757425266 0.21276732880840302 0.54476028611485161 1.0183413738379625 -0.63794409236790661 -0.20483552823489506 -0.37474128473489016 0.28162318063052022
decision_type=2 2 2 2 2 2 2 2 2 2 2 2
left_child=1 -1 -2 4 -3 -5 11 -8 -6 10 -10 -7
right_child=2 3 -4 5 8 6 7 -9 9 -11 -12 -13
leaf_value=-0.033635986930190084 0.0051000966295931703 0.0007923948518834044 -0.012332125073000768 0.00058267593079862204 -0.00039497454548314214 0.0001546982952621464 0.0011852997557614191 -7.3922221512979551e-05 -2.3431545391024788e-05 -0.00036499273436998883 0.00049066639262389515 -0.00025297875033402609
leaf_weight=30 163 120 7.9999999999999991 294 460 72 185 99 322 282 276 171
leaf_count=30 163 120 8 294 460 72 185 99 322 282 276 171
internal_value=0 -2.76668e-05 0.00172101 0 -2.2107e-05 1.61939e-05 0 0 -0.000155928 0 0 -0.000155495
internal_weight=0 2311 171 2281 1460 821 527 284 1340 880 598 243
internal_count=2482 2311 171 2281 1460 821 527 284 1340 880 598 243
is_linear=0
shrinkage=0.0253571


Tree=181
num_leaves=21
num_cat=0
split_feature=0 1 1 5 1 0 0 2 5 5 0 2 1 2 0 1 0 1 0 0
split_gain=0.791656 0.0655821 0.196464 0.268056 0.225158 0.25949 0.137795 0.092014 0.0604083 0.0785052 0.0331402 0.0209924 0.00805791 0.0112097 0.00491297 0.00354131 0.0774826 0.0725188 0.106943 0.000821945
threshold=2.0994045283046758 0.67272421807775196 -1.5182455043090994 1.0000000180025095e-35 0.36842286774624472 0.31322591414811413 -0.77900660559508761 -1.0030237002128752 1.0000000180025095e-35 4.6209784917378274 -0.73097833490618702 4.1522979480131701 0.79444475821035476 0.28580671184363571 0.52564096084745082 -1.2139441539775919 0.075252731610224458 0.36842286774624472 -0.34359846625809298 -0.41974725658427031
decision_type=2 2 2 2 2 2 2 2 2 2 2 2 2 2 2 2 2 2 2 2
left_child=1 2 10 15 5 7 12 -5 -8 -10 -1 -12 -3 -14 -7 16 -4 18 -17 -19
right_child=-2 6 3 4 -6 14 8 -9 9 -11 11 -13 13 -15 -16 17 -18 19 -20 -21
leaf_value=-0.0001543688789103769 0.0071299412667795627 0.0012406410401259002 -0.001241274536359478 0.0014091696964509143 -4.3603465383656968e-05 0.00023965049513964031 3.140764770708126e-05 -0.0033718306195480133 0.001852664528771746 -0.0017102913878908144 0.001257196479938028 -8.1556245460088788e-06 -0.0013841960291623605 0.0013643456899211984 -0.00028924314496400408 0.00087099324108812876 0.0019491353999461665 -0.0018635245894745868 -4.950785187252027e-05 0.0013735916360348825
leaf_weight=32 90 23 60 8.9999999999999982 257 49 348 160 297 6.9999999999999991 178 5.9999999999999991 115 9.9999999999999982 209 305 20 88 133 86
leaf_count=32 90 23 60 9 257 49 348 160 297 7 178 6 115 10 209 305 20 88 133 86
internal_value=0 0 -0.000131342 -0.000316973 -0.000671499 -0.00102595 0.00013456 -0.00188537 0.000395956 0.000676653 0.000259968 0.000437003 0 -0.000198704 0 0 -8.1842e-05 5.24305e-05 0.000329836 0
internal_weight=0 2392 1592 1376 684 427 800 169 652 304 216 184 148 125 258 692 80 612 438 174
internal_count=2482 2392 1592 1376 684 427 800 169 652 304 216 184 148 125 258 692 80 612 438 174
is_linear=0
shrinkage=0.0253571


Tree=182
num_leaves=17
num_cat=0
split_feature=0 1 1 5 1 0 0 1 5 5 3 0 1 0 1 1
split_gain=0.799593 0.102259 0.162469 0.242331 0.225158 0.25949 0.137795 0.0868587 0.0604083 0.0785052 0.0281364 0.0126962 0.00805791 0.00491297 0.00102348 0.0512725
threshold=2.0994045283046758 0.67272421807775196 -1.5182455043090994 1.0000000180025095e-35 0.36842286774624472 0.31322591414811413 -0.77900660559508761 0.18584205754734043 1.0000000180025095e-35 4.6209784917378274 -0.86158447112794823 -0.75042617091701402 0.79444475821035476 0.52564096084745082 -1.2139441539775919 0.36842286774624472
decision_type=2 2 2 2 2 2 2 2 2 2 2 2 2 2 2 2
left_child=1 2 10 14 5 7 12 -5 -8 -10 -1 -12 -3 -7 -4 -16
right_child=-2 6 3 4 -6 13 8 -9 9 -11 11 -13 -14 -15 15 -17
leaf_value=-0.00028264029556979506 0.0069491466978841218 0.0012091819924828983 -0.00096673512592083369 -0.0033028832747232792 -4.2497808347899945e-05 0.0002335736557474077 3.0611241128845985e-05 -0.0022505906936727644 0.0018056863458871238 -0.0016669233736828959 -1.8914731304114178e-05 0.0012175940910258498 -0.0011168558300457035 -0.00028190878024166239 0.00049942664546597372 -0.0012176935185613644
leaf_weight=40 90 23 80 109 257 49 348 60 297 6.9999999999999991 27 149 125 209 438 174
leaf_count=40 90 23 80 109 257 49 348 60 297 7 27 149 125 209 438 174
internal_value=0 -2.94245e-06 -0.000178939 -0.000335318 -0.000671499 -0.00102595 0.00013456 -0.00188537 0.000395956 0.000676653 3.17549e-05 0.000317034 0 0 0 1.14144e-05
internal_weight=0 2392 1592 1376 684 427 800 169 652 304 216 176 148 258 692 612
internal_count=2482 2392 1592 1376 684 427 800 169 652 304 216 176 148 258 692 612
is_linear=0
shrinkage=0.0253571


Tree=183
num_leaves=14
num_cat=0
split_feature=0 0 2 0 0 2 2 0 2 2 0 3 0
split_gain=0.799593 0.0622806 0.0513815 0.187772 0.0594423 0.112518 0.0617248 0.0445009 0.064569 0.0440331 0.0397936 0.0246627 0.130162
threshold=2.0994045283046758 -1.2535075233997917 1.5746371239001469 -0.023497597863670595 -1.01349757425266 -0.74525761780157318 -1.0030237002128752 -0.11029013627685444 0.80133887666624026 0.80133887666624026 0.22150571458353818 -0.86158447112794823 -0.81192338208638593
decision_type=2 2 2 2 2 2 2 2 2 2 2 2 2
left_child=1 -1 4 -4 5 -3 11 8 -8 -7 -9 -6 -13
right_child=-2 2 3 -5 6 9 7 10 -10 -11 -12 12 -14
leaf_value=-0.042141660784494002 0.006772936553308447 -0.0025190627699400582 -3.5113342440765151e-05 0.0021780582628148503 -0.0020949247426655547 0.0011613659145010501 -0.00035504480854761119 0.00051169018744542136 6.5167980601322915e-05 -0.00092520796768540061 -0.000242532690026661 -0.0023833434409830166 0.0026358782255514485
leaf_weight=20 90 27 89 90 40 78 924 375 126 14.999999999999998 486 9.9999999999999982 112
leaf_count=20 90 27 89 90 40 78 924 375 126 15 486 10 112
internal_value=0 -2.94245e-06 0 0.000414574 -2.33862e-05 0.000256798 -0.0001223 -0.00019215 -0.000306773 0.000901678 0 0 0.000351671
internal_weight=0 2392 2372 179 2193 120 2073 1911 1050 93 861 162 122
internal_count=2482 2392 2372 179 2193 120 2073 1911 1050 93 861 162 122
is_linear=0
shrinkage=0.0253571


Tree=184
num_leaves=21
num_cat=0
split_feature=0 2 1 1 0 0 0 2 2 5 1 2 0 2 2 5 2 1 1 1
split_gain=0.832907 0.324685 0.890992 0.202589 0.215807 0.190591 0.111396 0.167125 0.186261 0.122548 0.153581 0.0507004 0.0222109 0.0380911 0.0721765 0.0116096 1.35151e-05 6.00801e-06 0.0358106 0.0189489
threshold=0.69075046049342437 -0.22972545297896871 -0.72706199344718081 0.97702556840925903 -0.8227642366194482 1.3162349159767788 -0.92657363154210592 1.0591049590775425 -1.0030237002128752 1.1199807455555051 -0.84878253357978373 -0.48749153539027096 -1.2535075233997917 -1.0030237002128752 -0.22972545297896871 -1.214017751899376 -0.48749153539027096 -0.97050307371238664 -1.5791057743754007 0.79444475821035476
decision_type=2 2 2 2 2 2 2 2 2 2 2 2 2 2 2 2 2 2 2 2
left_child=3 -2 5 6 16 -3 12 8 -8 10 -10 15 -1 -14 -15 -6 -5 18 -9 -19
right_child=1 2 -4 4 11 -7 7 17 9 -11 -12 -13 13 14 -16 -17 -18 19 -20 -21
leaf_value=-0.034637426672168084 0.00049237255369771662 0.00087744269938070372 -0.00031989602947272495 -0.0025883320313777828 0.0052203009323859434 0.006545517704510488 0.0015103099609680914 0.0012723010065461679 -3.2434876214267661e-05 0.00069139653802987807 -0.00066162655536551867 1.743527390898231e-05 -0.010613677266016922 0.0017539101210152983 0.00012172467209144294 0.0020757519097736403 0.0019338304347536327 0.00091382824268417516 -0.0014881310534519527 -0.0018472497936349455
leaf_weight=12.999999999999998 130 59 85 53 7.9999999999999991 111 97 34 308 55 850 95 6.9999999999999991 63 109 194 25 117 59 9.9999999999999982
leaf_count=13 130 59 85 53 8 111 97 34 308 55 850 95 7 63 109 194 25 117 59 10
internal_value=0 0.0011361 0.00165295 -0.000120904 0.000201427 0.00270205 -0.000290194 -0.000375981 -0.00049662 -0.000603723 -0.00067036 0.00071318 0 0.000277674 0.000466427 0.000947229 0 0 0 5.38487e-06
internal_weight=0 385 255 2097 375 170 1722 1530 1310 1213 1158 297 192 179 172 202 78 220 93 127
internal_count=2482 385 255 2097 375 170 1722 1530 1310 1213 1158 297 192 179 172 202 78 220 93 127
is_linear=0
shrinkage=0.0253571


Tree=185
num_leaves=19
num_cat=0
split_feature=0 0 5 5 2 2 0 0 0 2 0 0 0 0 0 0 0 0
split_gain=0.812449 0.100982 0.213948 0.160856 0.153968 0.125575 0.0425794 0.0524659 0.0227837 0.00643042 0.0307056 0.0307884 0.00138698 0.128177 0.0011734 0.0187963 0.00874055 0.00413174
threshold=2.0994045283046758 -0.37474128473489016 1.0000000180025095e-35 2.2869799942829454 -1.0030237002128752 1.5746371239001469 0.21276732880840302 0.57872829698511352 -0.023497597863670595 -0.48749153539027096 -0.33315182461714199 -0.12927805724688482 -0.12927805724688482 -0.34359846625809298 -0.87374910399918371 -0.42901125954888714 -1.3816267133359827 -0.69129423710031046
decision_type=2 2 2 2 2 2 2 2 2 2 2 2 2 2 2 2 2 2
left_child=1 2 14 4 -4 6 9 -8 -7 10 -3 -12 13 -11 16 17 -1 -16
right_child=-2 5 3 -5 -6 8 7 -9 -10 12 11 -13 -14 -15 15 -17 -18 -19
leaf_value=-0.051582474912445386 0.00648502772839694 -0.0012551146919259715 0.001443030243771129 0.0016425413026714354 -0.0032540926443551579 0.00036465171577988894 -0.00030582650278216311 4.7800706776627346e-05 0.0021383464345629743 0.0032020420780004021 0.0017694288927242415 0.00010205481384802289 0.00041924602705801741 -0.00080452813091928983 -1.2829890707344526e-05 0.0016725262319878462 0.00024177932108238422 -0.00023505714351500147
leaf_weight=4.9999999999999991 90 28 14.999999999999998 12.999999999999998 128 33 234 296 90 25 152 177 255 170 194 57 261 259
leaf_count=5 90 28 15 13 128 33 234 296 90 25 152 177 255 170 194 57 261 259
internal_value=0 -5.58089e-05 -0.000277789 -0.00113767 -0.00144919 0 0 -0.000225957 0.000790461 0 0.000106692 0.000266889 0 -6.65726e-05 0 -3.823e-05 0 -0.000167214
internal_weight=0 2392 932 156 143 1460 1337 530 123 807 357 329 450 195 776 510 266 453
internal_count=2482 2392 932 156 143 1460 1337 530 123 807 357 329 450 195 776 510 266 453
is_linear=0
shrinkage=0.0253571


Tree=186
num_leaves=9
num_cat=0
split_feature=5 1 1 5 3 5 1 1
split_gain=0.160173 0.0487431 0.132677 0.204674 0.0563907 0.0434008 0.0059664 0.0187334
threshold=1.1199807455555051 -1.5182455043090994 0.18584205754734043 1.0000000180025095e-35 -0.86158447112794823 4.6209784917378274 0.42928313781254618 0.67272421807775196
decision_type=2 2 2 2 2 2 2 2
left_child=1 4 3 -3 -1 -2 -4 -8
right_child=5 2 6 -5 -6 -7 7 -9
leaf_value=-0.00026030388253898317 0.0015388795545741088 -1.1367681067705404e-05 0.00057571992200306096 -0.0005383744952245571 0.00073073402472440495 0.00082265555587746606 -0.00049997537907046051 9.3504732693787117e-05
leaf_weight=44 158 490 171 347 181 9.9999999999999982 335 746
leaf_count=44 158 490 171 347 181 10 335 746
internal_value=0 -8.50574e-06 -0.000109263 -0.00036171 0.0001676 0.000768223 0 0
internal_weight=0 2314 2089 837 225 168 1252 1081
internal_count=2482 2314 2089 837 225 168 1252 1081
is_linear=0
shrinkage=0.0253571


Tree=187
num_leaves=21
num_cat=0
split_feature=0 1 5 1 0 1 0 1 1 0 0 0 0 1 0 1 1 1 1 0
split_gain=0.685133 0.217896 0.285712 0.173928 0.157975 0.149307 0.0601181 0.0930519 0.11949 0.0268285 0.0209779 0.0127533 0.257174 0.148409 0.128172 0.059327 0.0317147 0.0406927 0.0121156 0.00877521
threshold=0.69075046049342437 0.18584205754734043 1.0000000180025095e-35 -0.72706199344718081 -0.44464837093597093 -1.5182455043090994 -0.97736139247578568 0.7335844881440533 0.24670232761364183 0.28162318063052022 1.549674650255388 1.0000000180025095e-35 -0.34675216939498393 -1.7008263145080036 0.23642010233508451 -0.11845929278416668 -1.2139441539775919 0.12498178748103896 -1.8834071247069077 -1.3816267133359827
decision_type=2 2 2 2 2 2 2 2 2 2 2 2 2 2 2 2 2 2 2 2
left_child=1 2 11 10 6 -4 19 8 -8 -6 -2 12 16 -14 -13 -15 18 -18 -1 -3
right_child=3 4 5 -5 9 -7 7 -9 -10 -11 -12 14 13 15 -16 -17 17 -19 -20 -21
leaf_value=0.00030616065875446578 0.00067195957975979949 -0.049792678078775063 0.0004440984280466156 0.0002445412183643189 0.00051912457345313441 -0.0014571346155976442 0.0011865831711612871 -7.198153772969721e-05 -0.0021222434779379924 -8.4374492708601419e-05 0.0058143745958151548 0.0029357915643662422 0.00022242322388470122 -0.0013873774715760805 -0.00055049028477387229 0.00068106847006470348 0.00075647789107020197 -0.0091532402730847475 -0.00046364098226876473 0.00076436420790895244
leaf_weight=24 110 8.9999999999999982 30 151 720 186 7.9999999999999991 222 101 114 124 54 19 83 43 4.9999999999999991 277 5.9999999999999991 81 115
leaf_count=24 110 9 30 151 720 186 8 222 101 114 124 54 19 83 43 5 277 6 81 115
internal_value=0 -0.000145017 -0.000475807 0.00100647 0 -0.00128693 -0.000303934 -0.000490887 -0.00110657 0.00026492 0.00145439 0 -0.000127907 -0.0012381 0 -0.0016896 0 0.0002655 -6.45e-06 0
internal_weight=0 2097 808 385 1289 216 455 331 109 834 234 592 495 107 97 88 388 283 105 124
internal_count=2482 2097 808 385 1289 216 455 331 109 834 234 592 495 107 97 88 388 283 105 124
is_linear=0
shrinkage=0.0253571


Tree=188
num_leaves=9
num_cat=0
split_feature=2 5 3 5 2 2 5 2
split_gain=0.217211 0.0502156 0.013953 0.0748183 0.0828122 0.122925 0.0133213 0.00329251
threshold=1.5746371239001469 1.1199807455555051 1.0000000180025095e-35 1.0000000180025095e-35 0.28580671184363571 -1.0030237002128752 3.4539792430103859 -1.0030237002128752
decision_type=2 2 2 2 2 2 2 2
left_child=1 2 3 -1 5 -5 7 -3
right_child=-2 6 -4 4 -6 -7 -8 -9
leaf_value=4.0734472843208273e-05 0.0010663589291895824 0.0020353428762805987 -2.579984799885362e-05 0.00018522590194832561 0.00062693021679712207 -0.00064952731080560652 0.00075515790360849077 0.0013384277703272459
leaf_weight=688 206 15.999999999999998 947 43 93 357 22 110
leaf_count=688 206 16 947 43 93 357 22 110
internal_value=0 -1.42027e-05 -0.000110237 -0.000171471 -0.000407782 -0.000579166 0.000210175 0.000341032
internal_weight=0 2276 2128 1181 493 400 148 126
internal_count=2482 2276 2128 1181 493 400 148 126
is_linear=0
shrinkage=0.0253571


Tree=189
num_leaves=9
num_cat=0
split_feature=2 5 3 5 2 2 5 2
split_gain=0.159603 0.0385641 0.013953 0.0748183 0.0828122 0.122925 0.00407901 0.000630675
threshold=1.5746371239001469 1.1199807455555051 1.0000000180025095e-35 1.0000000180025095e-35 0.28580671184363571 -1.0030237002128752 3.4539792430103859 -1.0030237002128752
decision_type=2 2 2 2 2 2 2 2
left_child=1 2 3 -1 5 -5 7 -3
right_child=-2 6 -4 4 -6 -7 -8 -9
leaf_value=3.9701565112078285e-05 0.0010393191688778077 0.0019837325019306839 -2.5145638907631476e-05 0.00018052911191346598 0.0006110330902946411 -0.0006330571877359955 0.00073600929599415153 0.0013044891356765473
leaf_weight=688 206 15.999999999999998 947 43 93 357 22 110
leaf_count=688 206 16 947 43 93 357 22 110
internal_value=0 -2.53134e-05 -0.000110237 -0.000171471 -0.000407782 -0.000579166 4.57562e-05 0.000149257
internal_weight=0 2276 2128 1181 493 400 148 126
internal_count=2482 2276 2128 1181 493 400 148 126
is_linear=0
shrinkage=0.0253571


Tree=190
num_leaves=12
num_cat=0
split_feature=0 1 3 0 6 0 1 3 1 1 0
split_gain=0.697047 0.215843 0.191365 0.164557 0.13035 0.0782086 0.0893478 0.0330339 0.00660466 0.00336105 0.00142961
threshold=0.69075046049342437 1.0378858384755605 -0.86158447112794823 -0.8227642366194482 1.0000000180025095e-35 -0.92657363154210592 -1.5791057743754007 1.1798977793155532 0.55100367794514904 0.85530502827665622 -1.2535075233997917
decision_type=2 2 2 2 2 2 2 2 2 2 2
left_child=1 5 -2 -3 -4 10 -7 8 -8 -10 -1
right_child=2 3 4 -5 -6 6 7 -9 9 -11 -12
leaf_value=-0.03374569747019017 -2.44567262653287e-05 -0.0016121174337394397 0.0021102062652645637 0.0020381798783712653 -0.00014735103984595932 0.00017344856247792433 -0.00033836529858801947 -3.3431339461690452e-05 0.00011645511537556572 -0.00045561576505418654 0.00063092836289018958
leaf_weight=12.999999999999998 83 63 285 242 17 127 783 181 325 174 189
leaf_count=13 83 63 285 242 17 127 783 181 325 174 189
internal_value=0 -0.000157073 0.00100647 0.000205994 0.00129806 -0.000314151 -0.000377734 -0.000440589 -0.00048773 0 0
internal_weight=0 2097 385 305 302 1792 1590 1463 1282 499 202
internal_count=2482 2097 385 305 302 1792 1590 1463 1282 499 202
is_linear=0
shrinkage=0.0253571


Tree=191
num_leaves=21
num_cat=0
split_feature=0 3 1 5 3 6 0 5 1 1 1 1 1 0 1 1 0 0 0 1
split_gain=0.697047 0.191365 0.178587 0.208879 0.290127 0.13035 0.127006 0.124289 0.120983 0.0991946 0.0469103 0.0348381 0.00520307 0.0993377 0.065472 0.0392597 0.058738 0.087911 0.00477475 0.0209358
threshold=0.69075046049342437 -0.86158447112794823 1.0378858384755605 1.0000000180025095e-35 1.0000000180025095e-35 1.0000000180025095e-35 -0.8227642366194482 1.0000000180025095e-35 0.36842286774624472 -1.4573852342427978 -1.5791057743754007 0.91616529834295768 -1.2139441539775919 1.0000000180025095e-35 -1.5791057743754007 0.42928313781254618 -0.97736139247578568 0.35954592897119847 -0.95068632010958376 0.97702556840925903
decision_type=2 2 2 2 2 2 2 2 2 2 2 2 2 2 2 2 2 2 2 2
left_child=2 -2 3 12 10 -3 -4 -8 9 -6 -5 -10 13 14 -1 16 -14 -18 -17 -20
right_child=1 5 6 4 8 -7 7 -9 11 -11 -12 -13 15 -15 -16 18 17 -19 19 -21
leaf_value=-7.7584103577075839e-05 -2.3836574834016565e-05 0.0020566975731542156 -0.0015712388254120933 0.0019072442399439425 0.0011554092124934706 -0.00014361464613267378 0.00017577207943424898 0.0054430450369975817 0.0013647534053493333 -0.0025986315450369484 -0.0006168436571082702 -0.00048365307911961598 -9.6460032318379507e-05 0.0013546297191754952 -0.0009298202859012168 0.0002432188012134994 0.00078450504472527981 -0.000526659663596293 -0.00067505688662734288 0.0012689684240117158
leaf_weight=82 83 285 63 12.999999999999998 17 17 160 82 185 114 390 20 64 48 67 60 385 10.999999999999998 294 42
leaf_count=82 83 285 63 13 17 17 160 82 185 114 390 20 64 48 67 60 385 11 294 42
internal_value=0 0.00100647 -0.000157073 -0.000300049 -0.000630447 0.00129806 0.000124519 0.000590278 0 -0.000651984 -0.00108612 0.000303519 0 -0.000128305 -0.000658058 0 0.000232689 0.000395798 0 -9.47153e-05
internal_weight=0 385 2097 1792 739 302 305 242 336 131 403 205 1053 197 149 856 460 396 396 336
internal_count=2482 385 2097 1792 739 302 305 242 336 131 403 205 1053 197 149 856 460 396 396 336
is_linear=0
shrinkage=0.0253571


Tree=192
num_leaves=21
num_cat=0
split_feature=0 0 1 1 2 2 0 0 2 0 1 0 1 1 1 0 0 2 2 0
split_gain=0.650856 0.113487 0.188397 0.320523 0.263705 0.126127 0.105099 0.0942289 0.0404664 0.0364286 0.0362974 0.0517276 0.0983439 0.187303 0.119816 0.0670077 0.0487438 0.0324675 0.0324284 0.0202424
threshold=2.0994045283046758 -0.37474128473489016 0.18584205754734043 -1.7008263145080036 1.5746371239001469 0.28580671184363571 -0.34675216939498393 0.66552083539829743 -0.22972545297896871 1.0000000180025095e-35 -1.8834071247069077 -0.93544342161461114 0.97702556840925903 -0.84878253357978373 -1.2139441539775919 -1.2535075233997917 -0.92657363154210592 1.0000000180025095e-35 4.1522979480131701 0.65126346913360333
decision_type=2 2 2 2 2 2 2 2 2 2 2 2 2 2 2 2 2 2 2 2
left_child=1 10 3 17 6 8 -5 -7 -4 -8 -1 15 13 14 -13 -12 -15 -3 -19 -10
right_child=-2 2 5 4 -6 7 9 -9 19 -11 11 12 -14 16 -16 -17 -18 18 -20 -21
leaf_value=0.00037678310890622632 0.0061144871725356065 -6.8234414174125847e-05 0.00050625434740817973 0.0031807961261714614 0.00056518433830739104 0.0020195806557331076 -0.0013662738247460428 -0.0053925950707623647 -0.00094868632825625531 -0.0003487055701077229 -0.038734400145106838 -0.00047483763965535677 4.3544092464332979e-05 0.0061725935764817318 0.0017571016860650937 0.00026631487125348502 -0.0010873342127591986 0.0018301088780387708 -0.00042151352494120692 0.00064047367426183963
leaf_weight=25 90 41 558 4.9999999999999991 72 90 101 13.999999999999998 150 343 20 80 147 5.9999999999999991 101 219 334 64 5.9999999999999991 15.999999999999998
leaf_count=25 90 41 558 5 72 90 101 14 150 343 20 80 147 6 101 219 334 64 6 16
internal_value=0 -7.69554e-05 0 -0.000249441 -0.000674699 0.00031242 -0.00094852 0.00121429 0 -0.00102946 -0.000304815 -0.000347868 -0.000461779 -0.000626603 0 0 -0.000972491 0.000222435 0.000591584 0
internal_weight=0 2392 1460 632 521 828 449 104 724 444 932 907 668 521 181 239 340 111 70 166
internal_count=2482 2392 1460 632 521 828 449 104 724 444 932 907 668 521 181 239 340 111 70 166
is_linear=0
shrinkage=0.0253571


Tree=193
num_leaves=14
num_cat=0
split_feature=2 1 1 2 1 2 3 3 2 1 1 1 1
split_gain=0.169536 0.0962309 0.272038 0.0857168 0.0553646 0.168774 0.339636 0.282359 0.0276266 0.0226933 0.019749 0.0118217 0.0304931
threshold=1.5746371239001469 0.18584205754734043 -1.2748044240438936 1.0000000180025095e-35 1.0378858384755605 -0.74525761780157318 -0.86158447112794823 1.0000000180025095e-35 -0.74525761780157318 1.0987461085418622 0.85530502827665622 0.67272421807775196 0.91616529834295768
decision_type=2 2 2 2 2 2 2 2 2 2 2 2 2
left_child=1 2 -1 4 5 11 -7 -8 -6 -5 -2 -3 -13
right_child=10 3 -4 9 8 6 7 -9 -10 -11 -12 12 -14
leaf_value=0.00034185889875192998 0.001018081527293758 -0.00067028273962618464 -0.00027722238748508204 0.00085238202029557539 -0.0003042161001405579 0.00096957771960387324 -0.001206546338808424 -0.00011909231480059285 0.0011380627310976822 0.0010053784013116835 -0.0025023022859118286 0.0026438939286845759 -0.0004622153319860833
leaf_weight=299 199 98 669 227 128 129 172 236 180 5.9999999999999991 6.9999999999999991 91 41
leaf_count=299 199 98 669 227 128 129 172 236 180 6 7 91 41
internal_value=0 -5.86455e-05 -0.000267524 0 0 -0.000214089 -0.000514789 -0.000935277 2.24575e-05 0.000479989 0.000690409 0 0.000234503
internal_weight=0 2276 968 1308 1075 767 537 408 308 233 206 230 132
internal_count=2482 2276 968 1308 1075 767 537 408 308 233 206 230 132
is_linear=0
shrinkage=0.0253571


Tree=194
num_leaves=13
num_cat=0
split_feature=1 1 6 5 1 5 1 5 1 1 1 1
split_gain=0.095345 0.0819313 0.0955945 0.0801214 0.174713 0.177786 0.0398096 0.0390976 0.0359311 0.0108209 0.00075762 0.00302532
threshold=-1.5791057743754007 0.18584205754734043 1.0000000180025095e-35 1.0000000180025095e-35 -1.3356646941101948 1.1199807455555051 1.0378858384755605 1.0000000180025095e-35 0.42928313781254618 1.1596063786081634 -1.2139441539775919 -0.84878253357978373
decision_type=2 2 2 2 2 2 2 2 2 2 2 2
left_child=-1 3 9 10 -5 -6 8 -8 -4 -3 -2 -12
right_child=1 2 6 4 5 -7 7 -9 -10 -11 11 -13
leaf_value=0.00092174421191945784 -0.00058794305187659769 0.00059704330715011958 0.00018567399729313078 0.00094765310684448445 -0.00067598268909015689 0.0021393175335854882 -0.00056913284462566268 0.0040472436243664143 -0.00024546281830669752 7.5815047705504293e-05 0.00070463018500002261 -8.8949607047844746e-06
leaf_weight=213 96 492 93 59 310 43 179 99 473 19 194 212
leaf_count=213 96 492 93 59 310 43 179 99 473 19 194 212
internal_value=0 -2.26051e-05 5.27018e-07 -0.000241889 -0.000501917 -0.000778473 -8.29978e-06 0 -0.000211742 0.000344565 0 0
internal_weight=0 2269 1355 914 412 353 844 278 566 511 502 406
internal_count=2482 2269 1355 914 412 353 844 278 566 511 502 406
is_linear=0
shrinkage=0.0253571


Tree=195
num_leaves=18
num_cat=0
split_feature=0 0 1 1 2 0 1 6 0 0 1 0 2 2 0 0 0
split_gain=0.650856 0.229852 0.226597 0.262745 0.173488 0.0537654 0.0531258 0.0420888 0.0740145 0.0925792 0.0335924 0.0251699 0.0244438 0.0267018 0.0179618 0.0123771 0.0014444
threshold=2.0994045283046758 -0.42901125954888714 0.18584205754734043 -1.7008263145080036 2.0901692887227514 -0.34675216939498393 -1.8834071247069077 1.0000000180025095e-35 -0.33315182461714199 0.28950743847274729 1.5856282690722734 -0.21442804194293807 1.0000000180025095e-35 4.1522979480131701 1.0000000180025095e-35 -0.29373053540600619 -0.04025164577840324
decision_type=2 2 2 2 2 2 2 2 2 2 2 2 2 2 2 2 2
left_child=1 6 3 12 5 -5 -1 8 -4 -10 -8 15 -3 -14 -7 -9 -13
right_child=-2 2 7 4 -6 14 10 11 9 -11 -12 16 13 -15 -16 -17 -18
leaf_value=0.00033518768640641774 0.0059274002664709861 -9.8545486883960042e-05 -0.003350579046929873 0.00074465368142068611 0.0022725899680677928 -0.0013133983071709121 -0.00023063324321008543 0.00028576484483334389 0.0017901405281880514 0.0001010539867035845 0.002630696746432723 -0.00046280838906600412 0.0017499950109581661 -0.00046001350579058265 -0.0001961673711090928 0.0016312374160633138 8.8031697027728096e-05
leaf_weight=25 90 41 15.999999999999998 22 35 106 826 122 168 112 10.999999999999998 187 67 5.9999999999999991 375 78 195
leaf_count=25 90 41 16 22 35 106 826 122 168 112 11 187 67 6 375 78 195
internal_value=0 -7.69554e-05 1.28466e-05 -0.000203339 -0.000595382 -0.000773241 -0.000431611 0.000366446 0.000694565 0.000821983 -0.000481997 0 0.000164155 0.000489164 -0.000834178 0.000280138 0
internal_weight=0 2392 1530 652 538 503 862 878 296 280 837 582 114 73 481 200 382
internal_count=2482 2392 1530 652 538 503 862 878 296 280 837 582 114 73 481 200 382
is_linear=0
shrinkage=0.0253571


Tree=196
num_leaves=21
num_cat=0
split_feature=0 2 1 0 0 1 2 0 0 1 1 0 1 2 0 0 2 1 0 0
split_gain=0.506556 0.285551 0.659372 0.266068 0.1799 0.131748 0.0860168 0.0810017 0.0852385 0.0635951 0.0491858 0.046832 0.0553346 0.0350504 0.100675 0.0718427 0.0327479 0.0336951 0.023102 0.0113263
threshold=0.69075046049342437 -0.22972545297896871 -0.72706199344718081 1.3162349159767788 -0.42901125954888714 0.18584205754734043 0.28580671184363571 -0.36909089994796074 0.2699281981645501 -1.7008263145080036 -1.8834071247069077 -0.34675216939498393 0.12498178748103896 -0.74525761780157318 0.036094250993829506 -0.33315182461714199 2.0901692887227514 1.5856282690722734 0.57872829698511352 -0.20483552823489506
decision_type=2 2 2 2 2 2 2 2 2 2 2 2 2 2 2 2 2 2 2 2
left_child=4 -2 3 -3 10 9 13 -8 -9 -6 -1 -11 18 14 15 -7 17 -12 -13 -15
right_child=1 2 -4 -5 5 6 7 8 -10 11 16 12 -14 19 -16 -17 -18 -19 -20 -21
leaf_value=0.00032668830176978679 4.9890276006509359e-07 0.00071248954720531325 -0.00041044391137355451 0.006082211575434448 0.00014578302244102858 0.00025959563798634376 -0.0020170284184955786 0.0027266909972544356 0.00031123506871937577 0.0015868992733099544 -0.00023102572056660006 -0.0010120588037608278 0.002117911582571499 0.00060290218118629264 -0.00029311224812773271 0.0024330883477687859 0.0009294155477078494 0.002563989929872812 0.00022308531807663985 -0.00027866269957892799
leaf_weight=25 130 59 85 111 64 34 4.9999999999999991 67 24 24 811 277 15.999999999999998 155 52 128 14.999999999999998 10.999999999999998 32 357
leaf_count=25 130 59 85 111 64 34 5 67 24 24 811 277 16 155 52 128 15 11 32 357
internal_value=0 0.000876835 0.00136174 0.00227037 -0.000108848 0 0.000268758 0.00106126 0.00131145 -0.000243655 -0.000402405 -0.000430321 -0.000538058 0 0.0003199 0.000720256 -0.000451925 -0.000483072 -0.00064581 0
internal_weight=0 385 255 170 2097 1235 822 96 91 413 862 349 325 726 214 162 837 822 309 512
internal_count=2482 385 255 170 2097 1235 822 96 91 413 862 349 325 726 214 162 837 822 309 512
is_linear=0
shrinkage=0.0253571


Tree=197
num_leaves=11
num_cat=0
split_feature=2 1 1 2 2 1 1 1 1 1
split_gain=0.180266 0.130275 0.130457 0.101882 0.0278731 0.0247526 0.097338 0.036069 0.0608395 0.0218123
threshold=1.0000000180025095e-35 1.0378858384755605 -1.3965249641764965 -1.0030237002128752 -0.74525761780157318 -1.5182455043090994 0.18584205754734043 -0.72706199344718081 -1.2139441539775919 1.0987461085418622
decision_type=2 2 2 2 2 2 2 2 2 2
left_child=1 2 -1 -4 -3 -2 7 8 -7 -8
right_child=5 4 3 -5 -6 6 9 -9 -10 -11
leaf_value=0.00041611420856770101 0.001103293358151341 -0.00040720000565441691 0.00012317579183781569 -0.00024096643097823138 0.0010525026457623926 -0.00071738577453055185 0.00079496707606616199 -0.00064869835905308432 0.0011432863048484998 0.000983837578338089
leaf_weight=123 150 128 119 1068 180 83 274 171 180 5.9999999999999991
leaf_count=123 150 128 119 1068 180 83 274 171 180 6
internal_value=0 -0.000152657 -0.000303969 -0.000414994 0 0.000299495 0 0 0 0.000467615
internal_weight=0 1618 1310 1187 308 864 714 434 263 280
internal_count=2482 1618 1310 1187 308 864 714 434 263 280
is_linear=0
shrinkage=0.0253571


Tree=198
num_leaves=20
num_cat=0
split_feature=0 0 1 1 2 0 2 2 2 6 2 0 2 0 0 0 1 1 0
split_gain=0.489104 0.209216 0.15707 0.191635 0.140981 0.0721782 0.0604703 0.0324675 0.0324284 0.0275685 0.140044 0.109732 0.0774907 0.0684606 0.037919 0.0558097 0.026283 0.0281419 0.00412655
threshold=2.0994045283046758 -0.37474128473489016 0.18584205754734043 -1.7008263145080036 2.0901692887227514 -0.34675216939498393 -0.74525761780157318 1.0000000180025095e-35 4.1522979480131701 1.0000000180025095e-35 -0.48749153539027096 1.1004690596944955 -0.48749153539027096 0.14042926310596893 0.30343629399401534 -0.33315182461714199 1.5856282690722734 -1.9442673947732094 -0.42901125954888714
decision_type=2 2 2 2 2 2 2 2 2 2 2 2 2 2 2 2 2 2 2
left_child=1 16 3 7 5 -5 -2 -3 -9 10 -4 -12 13 -11 15 -14 17 -1 -19
right_child=6 2 9 4 -6 -7 -8 8 -10 12 11 -13 14 -15 -16 -17 -18 18 -20
leaf_value=0.00029042812681737254 0.00074689642225589901 -0.00011029473918370567 -0.00063852382120643358 0.0030654497839371787 0.0022494480662423261 -0.00045523526634273575 0.0064382192142686968 0.0016756136159613629 -0.0005929197637228196 0.0015014015145490135 0.0017024844114959194 -0.00065398255256241141 0.0031426282303031955 -0.00017817998125796281 0.0008266174036197601 -0.00049306452038179102 0.002472286198851625 -0.00022533973847087166 0.00021356844350953178
leaf_weight=10.999999999999998 17 41 67 4.9999999999999991 35 481 73 64 5.9999999999999991 247 205 15.999999999999998 13.999999999999998 51 21 207 10.999999999999998 840 70
leaf_count=11 17 41 67 5 35 481 73 64 6 247 205 16 14 51 21 207 11 840 70
internal_value=0 -5.58089e-05 3.94011e-05 -9.05183e-05 -0.000482316 -0.00065828 0.00178624 0.000222435 0.000591584 0.000342816 0.000627267 0.00095172 0 0.000398272 -7.9506e-05 -0.000337944 -0.000385895 -0.000410984 -0.000436675
internal_weight=0 2392 1460 632 521 486 90 111 70 828 288 221 540 298 242 221 932 921 910
internal_count=2482 2392 1460 632 521 486 90 111 70 828 288 221 540 298 242 221 932 921 910
is_linear=0
shrinkage=0.0253571


Tree=199
num_leaves=21
num_cat=0
split_feature=0 0 1 5 1 1 5 5 1 1 0 1 1 0 0 5 1 0 1 0
split_gain=0.503701 0.146644 0.188857 0.166353 0.140497 0.0947393 0.0420395 0.107557 0.18147 0.116459 0.0307049 0.0263341 0.0438399 0.0263038 0.101868 0.0259265 0.0216881 0.020629 0.0101712 0.00859528
threshold=1.4407404877352825 -0.42901125954888714 0.18584205754734043 1.0000000180025095e-35 -1.3356646941101948 -1.9442673947732094 2.2869799942829454 1.0000000180025095e-35 0.97702556840925903 -1.1530838839112907 1.7584760787770368 0.36842286774624472 -1.0922236138449894 1.0000000180025095e-35 0.23642010233508451 3.4539792430103859 1.5856282690722734 -0.34675216939498393 -1.9442673947732094 -0.31127300910496164
decision_type=2 2 2 2 2 2 2 2 2 2 2 2 2 2 2 2 2 2 2 2
left_child=1 6 3 13 10 -5 7 11 9 -9 -2 12 18 17 -15 -4 -13 -3 -1 -7
right_child=4 2 15 5 -6 19 -8 8 -10 -11 -12 16 -14 14 -16 -17 -18 -19 -20 -21
leaf_value=0.00028306371440240861 0.00092063020417961893 0.0018982247399625801 0.00041374515732486416 0.0015682379936253518 0.0011383330426478404 0.0036949493352111968 0.0015788368274394125 0.0025899228227825983 0.00011915129853669038 -0.0060834701178822184 0.0062528419065445975 -0.00081527458626234927 0.00082607169010964277 0.0028521429414082645 -6.4627533652997717e-05 -0.00054677988698583792 0.0041471874079151974 -0.0011911717437628035 -0.00048366549260076344 -0.00053586572744665061
leaf_weight=9.9999999999999982 13.999999999999998 24 854 5.9999999999999991 110 7.9999999999999991 12.999999999999998 5.9999999999999991 41 83 56 329 272 54 60 15.999999999999998 7.9999999999999991 107 100 311
leaf_count=10 14 24 854 6 110 8 13 6 41 83 56 329 272 54 60 16 8 107 100 311
internal_value=0 -0.00010742 0 -0.000298283 0.00126338 -0.00069117 -0.000373199 -0.000415934 -0.00126174 -0.00187158 0.00225493 -1.84715e-05 0 0 0.000375072 0.000282975 -0.000223728 0 -0.000169805 -0.000820873
internal_weight=0 2302 1440 570 180 325 862 849 130 89 70 719 382 245 114 870 337 131 110 319
internal_count=2482 2302 1440 570 180 325 862 849 130 89 70 719 382 245 114 870 337 131 110 319
is_linear=0
shrinkage=0.0253571


Tree=200
num_leaves=15
num_cat=0
split_feature=0 1 0 5 1 1 5 0 1 1 0 1 1 1
split_gain=0.495662 0.140497 0.127299 0.165865 0.163997 0.164632 0.160856 0.0911227 0.0817097 0.0804692 0.0307049 2.08861e-06 0.00281592 0.0019911
threshold=1.4407404877352825 -1.3356646941101948 -0.37474128473489016 1.0000000180025095e-35 0.12498178748103896 -1.7008263145080036 2.2869799942829454 -0.34675216939498393 -1.1530838839112907 0.97702556840925903 1.7584760787770368 0.36842286774624472 1.5856282690722734 -1.2139441539775919
decision_type=2 2 2 2 2 2 2 2 2 2 2 2 2 2
left_child=2 10 3 11 5 -4 8 -7 -5 -10 -2 13 -13 -1
right_child=1 -3 4 6 -6 7 -8 -9 9 -11 -12 12 -14 -15
leaf_value=-0.00045389101534471052 0.0008972857003963176 0.0011094682281978685 0.00092442273675068134 0.0025242499143115185 0.00033857933070870834 0.0032503228341803705 0.0015388021184716315 -0.00054630501385365788 -0.0045743689716692239 -0.0001433510357848491 0.0060942880258650564 -0.00036545288053908549 0.0040420267997856047 0.00068227068950060474
leaf_weight=101 13.999999999999998 110 93 5.9999999999999991 840 6.9999999999999991 12.999999999999998 430 93 44 56 369 7.9999999999999991 298
leaf_count=101 14 110 93 6 840 7 13 430 93 44 56 369 8 298
internal_value=0 0.00126338 -9.64343e-05 -0.000331842 0 -0.000273246 -0.00113767 -0.000573725 -0.00144919 -0.00159843 0.00225493 0 -1.87199e-06 0
internal_weight=0 180 2302 932 1370 530 156 437 143 137 70 776 377 399
internal_count=2482 180 2302 932 1370 530 156 437 143 137 70 776 377 399
is_linear=0
shrinkage=0.0253571


Tree=201
num_leaves=16
num_cat=0
split_feature=0 2 1 0 1 5 2 1 0 5 2 2 2 2 2
split_gain=0.408497 0.310068 0.589551 0.342546 0.117003 0.226488 0.202717 0.187278 0.0672703 0.0403363 0.00494826 0.0552516 0.000741768 0.043902 4.99883e-05
threshold=0.69075046049342437 -0.22972545297896871 -0.72706199344718081 1.549674650255388 1.0378858384755605 1.0000000180025095e-35 -1.0030237002128752 0.36842286774624472 -0.78669375699125899 1.0000000180025095e-35 1.0000000180025095e-35 -0.22972545297896871 0.80133887666624026 1.3168710414888449 -1.0030237002128752
decision_type=2 2 2 2 2 2 2 2 2 2 2 2 2 2 2
left_child=4 -2 3 -3 5 12 -7 -8 -6 -10 11 -9 14 -14 -1
right_child=1 2 -4 -5 8 6 7 10 9 -11 -12 -13 13 -15 -16
leaf_value=-0.00011779909703401285 -0.00013675661959061989 0.00090098206537420099 -0.00043396341319239219 0.0059238431319543422 -0.00064429338236719205 0.0011707972810073544 -0.001260702162955128 2.7432117546228584e-05 0.00013758363630407425 0.0051602248636919198 0.00060052305046171114 -0.0018582969343424146 0.00060660049581538408 -7.4179869410541169e-05 -7.2582720652014643e-05
leaf_weight=52 130 77 85 93 70 60 266 244 156 79 89 80 112 127 762
leaf_count=52 130 77 85 93 70 60 266 244 156 79 89 80 112 127 762
internal_value=0 0.000747205 0.00126467 0.00212648 -0.000145017 -0.000257746 -0.000596421 -0.000759662 0 0.00042345 0 -9.81572e-05 0 2.92545e-06 -2.40608e-05
internal_weight=0 385 255 170 2097 1792 739 679 305 235 413 324 1053 239 814
internal_count=2482 385 255 170 2097 1792 739 679 305 235 413 324 1053 239 814
is_linear=0
shrinkage=0.0253571


Tree=202
num_leaves=13
num_cat=0
split_feature=1 1 2 6 2 2 1 1 1 1 5 1
split_gain=0.139295 0.0745513 0.0318984 0.0202397 0.0702132 0.0416756 0.0739774 0.128099 0.0255938 0.0642789 0.012335 0.00340867
threshold=-1.5182455043090994 -0.97050307371238664 0.54357279425493799 1.0000000180025095e-35 -0.48749153539027096 -0.48749153539027096 1.0378858384755605 0.36842286774624472 0.18584205754734043 -0.72706199344718081 1.1199807455555051 1.0987461085418622
decision_type=2 2 2 2 2 2 2 2 2 2 2 2
left_child=2 10 -1 4 -3 -5 7 -7 9 -6 -2 -10
right_child=1 3 -4 5 8 6 -8 -9 11 -11 -12 -13
leaf_value=2.1081910409562212e-05 -0.00042698564044581368 -0.000529540850932094 0.0015411701837848156 3.8360175449597747e-05 0.0015574362281210708 9.021461601253463e-05 0.00014553433249134767 -0.00067778199063867723 0.00083237708852361143 -0.00028272625031726655 0.0038411690491752391 0.00065670449172447291
leaf_weight=125 358 228 117 545 80 51 79 223 390 253 21 11.999999999999998
leaf_count=125 358 228 117 545 80 51 79 223 390 253 21 12
internal_value=0 -3.70079e-05 0.000590278 0 0.000105389 -4.98686e-05 -0.000284352 -0.000522872 0.000274646 0 -0.000363897 0.000421039
internal_weight=0 2240 242 1861 963 898 353 274 735 333 379 402
internal_count=2482 2240 242 1861 963 898 353 274 735 333 379 402
is_linear=0
shrinkage=0.0253571


Tree=203
num_leaves=17
num_cat=0
split_feature=0 2 0 1 1 0 2 1 1 5 5 1 2 1 1 1
split_gain=0.387905 0.706192 0.11567 0.14431 0.141324 0.0824093 0.0553094 0.0470131 0.0362974 0.0563626 0.134044 0.0233186 0.00502757 0.00327484 0.00199319 0.00281592
threshold=1.4407404877352825 1.0000000180025095e-35 -0.37474128473489016 0.12498178748103896 -1.7008263145080036 -0.34675216939498393 2.0901692887227514 -0.72706199344718081 -1.8834071247069077 1.0000000180025095e-35 2.2869799942829454 0.97702556840925903 0.28580671184363571 -1.2139441539775919 0.36842286774624472 1.5856282690722734
decision_type=2 2 2 2 2 2 2 2 2 2 2 2 2 2 2 2
left_child=2 -2 8 4 -4 -6 12 -3 -1 13 11 -11 -7 -10 -15 -16
right_child=1 7 3 -5 5 6 -8 -9 9 10 -12 -13 -14 14 15 -17
leaf_value=0.00023293418142287546 -0.00019508399545983281 0.0056816887454285876 0.00083905618877252075 0.00033420671662986188 0.0031806122019774475 -0.00038369541111314464 0.00072296084278295207 0.0029999769205375075 -0.00045116570504861623 -0.0040692607762627397 0.0014981142721040279 -0.00012435136712411171 -0.00068573220637673806 0.00067321240750406659 -0.0003926743440490555 0.0039400278671877544
leaf_weight=25 73 88 93 840 6.9999999999999991 262 23 19 79 96 12.999999999999998 44 145 298 369 7.9999999999999991
leaf_count=25 73 88 93 840 7 262 23 19 79 96 13 44 145 298 369 8
internal_value=0 0.00112722 -7.44632e-05 0 -0.000225957 -0.000516515 -0.000626528 0.00246986 -0.000304815 -0.000347868 -0.000960037 -0.00126216 -0.000707424 0 0 -1.87199e-06
internal_weight=0 180 2302 1370 530 437 430 107 932 907 153 140 407 754 675 377
internal_count=2482 180 2302 1370 530 437 430 107 932 907 153 140 407 754 675 377
is_linear=0
shrinkage=0.0253571


Tree=204
num_leaves=16
num_cat=0
split_feature=0 2 0 1 1 2 1 1 5 5 1 0 1 1 1
split_gain=0.401385 0.706192 0.102191 0.187414 0.141215 0.0772451 0.0470131 0.0362974 0.0563626 0.134044 0.0233186 0.0174781 0.00327484 0.00199319 0.00281592
threshold=1.4407404877352825 1.0000000180025095e-35 -0.37474128473489016 0.12498178748103896 -1.7008263145080036 2.0901692887227514 -0.72706199344718081 -1.8834071247069077 1.0000000180025095e-35 2.2869799942829454 0.97702556840925903 -0.34675216939498393 -1.2139441539775919 0.36842286774624472 1.5856282690722734
decision_type=2 2 2 2 2 2 2 2 2 2 2 2 2 2 2
left_child=2 -2 7 4 -4 11 -3 -1 12 10 -10 -6 -9 -14 -15
right_child=1 6 3 -5 5 -7 -8 8 9 -11 -12 -13 13 14 -16
leaf_value=0.00022702764820814838 -0.00019013723285154837 0.0055376176473798293 0.00081778016471392224 0.00032573220653303559 0.0027892237328168059 0.00075534891563896621 0.0029239062330309903 -0.00043972545524956181 -0.003966076160816419 0.0014601264523104911 -0.00012119817820299293 -0.00053894075054322047 0.00065614169928418769 -0.00038271726500839351 0.0038401202223655954
leaf_weight=25 73 88 93 840 4.9999999999999991 25 19 79 96 12.999999999999998 44 407 298 369 7.9999999999999991
leaf_count=25 73 88 93 840 5 25 19 79 96 13 44 407 298 369 8
internal_value=0 0.00112722 -9.64343e-05 0 -0.000320534 -0.000573725 0.00246986 -0.000304815 -0.000347868 -0.000960037 -0.00126216 -0.000683809 0 0 -1.87199e-06
internal_weight=0 180 2302 1370 530 437 107 932 907 153 140 412 754 675 377
internal_count=2482 180 2302 1370 530 437 107 932 907 153 140 412 754 675 377
is_linear=0
shrinkage=0.0253571


Tree=205
num_leaves=12
num_cat=0
split_feature=0 2 0 5 5 0 0 2 0 0 0
split_gain=0.401385 0.706192 0.079215 0.0591418 0.113862 0.00970813 0.0933702 0.134503 0.0271943 0.0198998 0.0161693
threshold=1.4407404877352825 1.0000000180025095e-35 -0.37474128473489016 1.0000000180025095e-35 2.2869799942829454 -0.17540096562391369 -0.10680792239653754 -1.0030237002128752 0.14870773384030736 0.54476028611485161 0.28162318063052022
decision_type=2 2 2 2 2 2 2 2 2 2 2
left_child=2 -2 3 -1 -5 -4 7 -7 -8 10 -10
right_child=1 -3 5 4 -6 6 8 -9 9 -11 -12
leaf_value=-2.278151167098696e-05 -0.00018531590575244345 0.0047853212324947035 0.00049368527246011653 -0.0025614465772536895 0.001423101893116928 0.0077189556611635063 0.00043780634217714979 -0.0010312339732131462 5.0066476047733099e-05 9.5839941119262004e-05 -0.00036941373995301653
leaf_weight=776 73 107 322 143 12.999999999999998 10.999999999999998 331 116 144 275 171
leaf_count=776 73 107 322 143 13 11 331 116 144 275 171
internal_value=0 0.00112722 -9.64343e-05 -0.000277789 -0.00082505 0 -6.69371e-06 -0.00067156 0 0 -0.000199581
internal_weight=0 180 2302 932 156 1370 1048 127 921 590 315
internal_count=2482 180 2302 932 156 1370 1048 127 921 590 315
is_linear=0
shrinkage=0.0253571


Tree=206
num_leaves=16
num_cat=0
split_feature=0 1 5 1 1 0 1 1 5 1 0 0 0 0 0
split_gain=0.382465 0.0928579 0.131895 0.175955 0.070039 0.0650686 0.0648585 0.0547149 0.0180475 0.00521186 0.00205648 0.0513252 0.0386385 0.00756917 0.00119164
threshold=1.4407404877352825 0.7335844881440533 1.0000000180025095e-35 0.36842286774624472 -1.3356646941101948 -0.8227642366194482 1.0378858384755605 -1.9442673947732094 1.0000000180025095e-35 0.79444475821035476 1.0000000180025095e-35 0.23642010233508451 -0.87374910399918371 -0.41337414816180323 -0.77394754014632505
decision_type=2 2 2 2 2 2 2 2 2 2 2 2 2 2 2
left_child=1 2 10 7 -2 9 -7 -4 -8 -3 12 -12 -1 14 -14
right_child=4 5 3 -5 -6 6 8 -9 -10 -11 11 -13 13 -15 -16
leaf_value=0.00012171950737022478 0.0053078883862365698 0.0030897959484187569 0.0011903698789325332 5.4416147309106066e-06 0.00089216082861936195 1.2842731285515987e-05 0.00011352501012240013 -0.00054265450900917471 0.004905139744550242 -0.0015027808694147852 0.0021549935358862594 -5.0276716193646189e-05 -6.5796250668743593e-05 -0.00011509465839458881 -0.00040207748272556024
leaf_weight=189 70 14.999999999999998 6.9999999999999991 297 110 346 160 428 90 110 71 66 82 221 220
leaf_count=189 70 15 7 297 110 346 160 428 90 110 71 66 82 221 220
internal_value=0 -6.34777e-05 -0.000208137 -0.000456094 0.00112722 1.84207e-05 0.000264353 -0.000777471 0.000571848 0 0 9.3532e-05 -9.82517e-06 -0.000216968 -0.000310835
internal_weight=0 2302 1581 732 180 721 596 435 250 125 849 137 712 523 302
internal_count=2482 2302 1581 732 180 721 596 435 250 125 849 137 712 523 302
is_linear=0
shrinkage=0.0253571


Tree=207
num_leaves=16
num_cat=0
split_feature=0 2 0 5 5 2 0 2 0 2 0 0 0 0 0
split_gain=0.363428 0.0948531 0.0566066 0.0397885 0.109887 0.028751 0.0945965 0.0876158 0.0808528 0.069344 0.0326395 0.0477204 0.0226275 0.010237 8.97084e-06
threshold=2.0994045283046758 0.28580671184363571 -0.37474128473489016 1.0000000180025095e-35 1.1199807455555051 1.0000000180025095e-35 0.30343629399401534 2.8634675359566581 -0.10220877198857158 -1.0030237002128752 -0.20483552823489506 0.69075046049342437 1.0481701493410556 -0.32349360876041372 1.3162349159767788
decision_type=2 2 2 2 2 2 2 2 2 2 2 2 2 2 2
left_child=2 -2 3 -1 -5 9 7 8 -7 12 -11 -12 13 -4 -13
right_child=1 -3 5 4 -6 6 -8 -9 -10 10 11 14 -14 -15 -16
leaf_value=-1.3581258090847133e-05 0.0016798842157398478 0.0090305805176466632 0.00095102352629579791 -0.0024705625981071445 0.00052577856912225883 0.00013053016921869262 -5.0839629937521314e-05 -0.0018203661948842805 0.00077722854656020013 8.1085979380190337e-05 -0.00031603744482307542 0.0017567511032541762 -0.0016933720898254748 0.0025576658822262228 -0.00079027512583589921
leaf_weight=776 39 51 6.9999999999999991 131 25 73 241 9.9999999999999982 141 202 560 83 4.9999999999999991 90 48
leaf_count=776 39 51 7 131 25 73 241 10 141 202 560 83 5 90 48
internal_value=0 0.00152272 -6.63822e-05 -0.000223735 -0.00066874 0 0.000189862 0.000581359 0.000780472 -3.87057e-05 -0.000226389 -0.000310163 0 0.00037543 0
internal_weight=0 90 2392 932 156 1460 465 224 214 995 893 691 102 97 131
internal_count=2482 90 2392 932 156 1460 465 224 214 995 893 691 102 97 131
is_linear=0
shrinkage=0.0253571


Tree=208
num_leaves=13
num_cat=0
split_feature=1 1 2 3 1 2 1 3 3 2 2 3
split_gain=0.104385 0.176401 0.0406991 0.0585052 0.0494265 0.11005 0.121598 0.239965 0.0336681 0.0278731 0.0103391 0.00686599
threshold=-1.5182455043090994 -0.97050307371238664 1.0000000180025095e-35 -0.86158447112794823 1.0378858384755605 -1.0030237002128752 0.064121517414737511 -0.86158447112794823 -0.86158447112794823 -0.74525761780157318 2.0901692887227514 -0.86158447112794823
decision_type=2 2 2 2 2 2 2 2 2 2 2 2
left_child=8 10 4 -4 5 11 -7 -8 -1 -6 -2 -3
right_child=1 2 3 -5 9 6 7 -9 -10 -11 -12 -13
leaf_value=-6.351962501796261e-05 -0.00036581621402051234 -0.0015795868429079134 -0.00049155371689819916 0.00050359052452993722 -0.0005395448427121263 0.0004881873142751601 0.00050172739142128003 -0.00056678985538705312 0.00091495844903226092 0.00093502783412811982 0.00012602083166662453 0.0022860459854735981
leaf_weight=47 359 26 117 396 128 216 167 549 195 180 20 82
leaf_count=47 359 26 117 396 128 216 167 549 195 180 20 82
internal_value=0 -5.95854e-05 0 0.000221146 -2.39353e-05 -0.000176402 -0.000331842 -0.000501308 0.000488124 0 -0.00056137 0
internal_weight=0 2240 1861 513 1348 1040 932 716 242 308 379 108
internal_count=2482 2240 1861 513 1348 1040 932 716 242 308 379 108
is_linear=0
shrinkage=0.0253571


Tree=209
num_leaves=12
num_cat=0
split_feature=0 0 5 0 0 0 5 0 5 5 5
split_gain=0.273179 0.0742312 0.0320851 0.0157982 0.0906799 0.0123124 0.0501544 0.0664989 0.00596975 0.00026722 0.000278406
threshold=2.0994045283046758 -0.42901125954888714 2.2869799942829454 -0.17540096562391369 -0.10680792239653754 0.14870773384030736 -1.214017751899376 0.54476028611485161 1.1199807455555051 2.2869799942829454 -1.214017751899376
decision_type=2 2 2 2 2 2 2 2 2 2 2
left_child=1 2 -1 9 8 -6 -7 -8 -5 10 -3
right_child=-2 3 -4 4 5 6 7 -9 -10 -11 -12
leaf_value=-0.00023605061041070795 0.0052824173894545868 0.001351594754429268 0.0013877304416462955 -0.0009637588115207396 0.00042846996829829057 0.0074015013906145507 -0.00027746907494884566 1.057855735696419e-05 0.0011516556981856041 0.0038004687812947602 0.00040741719871988395
leaf_weight=849 90 7.9999999999999991 12.999999999999998 119 331 22 305 353 7.9999999999999991 7.9999999999999991 376
leaf_count=849 90 8 13 119 331 22 305 353 8 8 376
internal_value=0 -9.8102e-05 -0.000285582 0 -3.94087e-05 0 -1.02833e-05 -0.00022059 -0.00067156 0.000145072 0.000148046
internal_weight=0 2392 862 1530 1138 1011 680 658 127 392 384
internal_count=2482 2392 862 1530 1138 1011 680 658 127 392 384
is_linear=0
shrinkage=0.0253571


Tree=210
num_leaves=8
num_cat=0
split_feature=5 1 1 5 1 1 5
split_gain=0.0630046 0.060713 0.117645 0.0172097 0.0109852 0.0352621 0.0020682
threshold=1.1199807455555051 -1.5182455043090994 -0.97050307371238664 4.6209784917378274 -0.84878253357978373 0.97702556840925903 -1.214017751899376
decision_type=2 2 2 2 2 2 2
left_child=1 -1 -3 -2 -4 6 -6
right_child=3 2 4 -5 5 -7 -8
leaf_value=0.00020189136115321434 0.0013586840777728957 -0.00036969880485004415 0.0011282293713138914 0.00012131097663077575 7.2226533936739748e-05 0.00012901020396295838 -0.00010667590707298464
leaf_weight=225 158 358 71 9.9999999999999982 56 358 1246
leaf_count=225 158 358 71 10 56 358 1246
internal_value=0 -9.59356e-05 -0.000169775 0.000331591 0 -6.51083e-05 -0.000150765
internal_weight=0 2314 2089 168 1731 1660 1302
internal_count=2482 2314 2089 168 1731 1660 1302
is_linear=0
shrinkage=0.0253571


Tree=211
num_leaves=18
num_cat=0
split_feature=0 1 3 5 1 3 1 0 1 0 5 1 0 1 0 0 1
split_gain=0.184296 0.110543 0.106819 0.0691929 0.0955563 0.0462179 0.0460316 0.116855 0.0686208 0.045114 0.0316948 0.0283992 0.153033 0.0137995 0.0627542 0.109355 2.27891e-06
threshold=0.54476028611485161 1.0378858384755605 -0.86158447112794823 1.0000000180025095e-35 -1.5182455043090994 1.1798977793155532 -1.2139441539775919 1.0000000180025095e-35 -1.9442673947732094 -0.78669375699125899 1.0000000180025095e-35 0.55100367794514904 0.38884908728480966 0.42928313781254618 -0.97736139247578568 0.35954592897119847 0.97702556840925903
decision_type=2 2 2 2 2 2 2 2 2 2 2 2 2 2 2 2 2
left_child=1 3 -2 6 -5 -4 7 8 -1 -3 -11 12 -6 14 -8 -16 -15
right_child=2 9 5 4 11 -7 13 -9 -10 10 -12 -13 -14 16 15 -17 -18
leaf_value=0.00019677198355417543 -0.0004849731461125804 -0.00064199881730760437 0.0018466419471211539 0.001239641664037472 -0.00099165731008205612 0.00037370714985836333 -0.00013530803988596476 0.0011828730576084283 -0.00043509786338416891 7.2138461488109696e-05 0.0048735756169611113 -0.00012904827855608227 0.0002200629247166578 -0.00047567050444231288 0.00080878892315214843 -0.0041838692916067012 0.0012239815722692507
leaf_weight=10.999999999999998 101 70 290 24 324 64 64 44 138 155 77 298 34 345 385 7.9999999999999991 50
leaf_count=11 101 70 290 24 324 64 64 44 138 155 77 298 34 345 385 8 50
internal_value=0 -0.000156245 0.000386401 -0.000264059 -0.000490655 0.000617928 0 -0.000385441 -0.000821417 0 0.00034895 -0.000585019 -0.000820001 0 0.0001384 0.000351136 0
internal_weight=0 2027 455 1725 680 354 1045 193 149 302 232 656 358 852 457 393 395
internal_count=2482 2027 455 1725 680 354 1045 193 149 302 232 656 358 852 457 393 395
is_linear=0
shrinkage=0.0253571


Tree=212
num_leaves=18
num_cat=0
split_feature=0 1 1 1 2 1 0 0 1 0 1 2 2 2 2 0 1
split_gain=0.170447 0.150148 0.103082 0.20656 0.0880232 0.147276 0.308464 0.112831 0.0828286 0.0721316 0.0627096 0.0171341 0.0133719 0.0667145 0.00917685 0.00351717 0.00106684
threshold=2.0994045283046758 0.67272421807775196 -1.5182455043090994 -1.1530838839112907 1.0591049590775425 -0.84878253357978373 -0.92657363154210592 -0.83235675032749123 -0.97050307371238664 -0.8227642366194482 1.0378858384755605 -0.48749153539027096 -0.74525761780157318 1.0000000180025095e-35 1.0000000180025095e-35 -0.97736139247578568 0.79444475821035476
decision_type=2 2 2 2 2 2 2 2 2 2 2 2 2 2 2 2 2
left_child=1 2 -1 -4 5 15 -7 -6 -9 14 12 -2 -11 -14 16 -5 -3
right_child=11 9 3 4 7 6 -8 8 -10 10 -12 -13 13 -15 -16 -17 -18
leaf_value=5.2276502216750573e-05 0.00050972970334647698 -0.0011207089237626556 -0.00059411649766572688 -0.00040817989556709617 -0.00083611889737482468 0.0008103851735572911 -0.00067195577076174123 -6.3580222514502901e-05 0.0012495296403870748 0.0017534127263960301 0.0016909112933738855 0.0070541461862438735 -0.00037347386196613674 0.0020041394218036973 0.0020620792315266812 0.00064244377356647479 -0.0014728093036311405
leaf_weight=216 21 11.999999999999998 169 27 34 88 736 33 123 116 251 69 237 64 23 166 97
leaf_count=216 21 12 169 27 34 88 736 33 123 116 251 69 237 64 23 166 97
internal_value=0 -7.69554e-05 -0.000258268 -0.000353663 -7.37434e-05 -0.000248517 -0.000436095 0 0.00066874 7.16562e-05 0.000273732 0.000995672 0 -2.33507e-06 0 0 -0.000226296
internal_weight=0 2392 1592 1376 1207 1017 824 190 156 800 668 90 417 301 132 193 109
internal_count=2482 2392 1592 1376 1207 1017 824 190 156 800 668 90 417 301 132 193 109
is_linear=0
shrinkage=0.0253571


Tree=213
num_leaves=15
num_cat=0
split_feature=0 0 4 4 5 0 2 4 4 2 5 0 0 0
split_gain=0.209949 0.0709421 0.118053 0.0601991 0.159234 0.0255106 0.0861802 0.0824825 0.0463571 0.0171341 0.0144861 0.00636037 0.138651 0.00328807
threshold=2.0994045283046758 -0.42901125954888714 1.0000000180025095e-35 -1.518634353124295 1.0000000180025095e-35 -0.17540096562391369 1.0000000180025095e-35 -1.518634353124295 1.0000000180025095e-35 -0.48749153539027096 1.1199807455555051 -0.027833939676895497 0.30343629399401534 1.3452095635469634
decision_type=2 2 2 2 2 2 2 2 2 2 2 2 2 2
left_child=1 2 3 4 -1 8 7 -7 -3 -2 -9 -8 -13 -14
right_child=9 5 -4 -5 -6 6 11 10 -10 -11 -12 12 13 -15
leaf_value=-0.0037484623029538956 0.00049680444091843988 -0.00044407247124189305 -0.0012016087946278629 0.00010646370447475433 0.0021673198920835746 0.0040949097676189839 -0.00068233566479513578 -0.00026100048941653502 0.00084249994458725729 0.0068752735600961712 -5.2737584236829061e-05 0.0012298095181666174 -0.00025296123640226328 0.0036165437815107071
leaf_weight=109 21 125 234 506 12.999999999999998 35 46 644 267 69 52 120 178 63
leaf_count=109 21 125 234 506 13 35 46 644 267 69 52 120 178 63
internal_value=0 -0.000129822 -0.000314788 0 -0.000549429 0 -8.37306e-05 -0.000293334 0.000145072 0.000995672 -0.000407256 0 0.00010553 0
internal_weight=0 2392 862 628 122 1530 1138 731 392 90 696 407 361 241
internal_count=2482 2392 862 628 122 1530 1138 731 392 90 696 407 361 241
is_linear=0
shrinkage=0.0253571


Tree=214
num_leaves=21
num_cat=0
split_feature=0 1 5 1 1 0 0 1 2 1 2 2 1 0 5 5 2 2 0 1
split_gain=0.176934 0.117574 0.271053 0.205156 0.216873 0.0597878 0.0535218 0.11283 0.149451 0.139019 0.0508281 0.0548537 0.0475063 0.0487624 0.0299237 0.0507444 0.0171341 0.0145516 0.0291564 0.00805791
threshold=2.0994045283046758 0.67272421807775196 1.0000000180025095e-35 -1.4573852342427978 0.36842286774624472 -0.77900660559508761 1.0000000180025095e-35 -1.1530838839112907 -0.22972545297896871 -1.9442673947732094 -1.0030237002128752 2.0901692887227514 0.36842286774624472 0.23642010233508451 1.0000000180025095e-35 4.6209784917378274 -0.48749153539027096 1.5746371239001469 0.16355641944316859 0.79444475821035476
decision_type=2 2 2 2 2 2 2 2 2 2 2 2 2 2 2 2 2 2 2 2
left_child=1 2 6 -4 10 19 7 8 -1 -10 -5 -12 13 -8 -7 17 -2 18 -16 -3
right_child=16 5 3 4 -6 14 12 -9 9 -11 11 -13 -14 -15 15 -17 -18 -19 -20 -21
leaf_value=1.574422120270552e-05 0.00048420692554485359 0.001168150379531712 0.00094900577542177469 3.1138917981493472e-05 -4.8230014758598297e-06 2.2960534872830943e-05 0.0027973768141197615 8.9314067085592051e-05 0.00018775722862594403 -0.00062898463166205618 -0.00086612030226028663 0.00058438904839006294 -0.0012487170878757814 6.0649988284518547e-05 0.0018912335652804151 -0.0022881848381709185 0.0067009366233913579 0.0014583174706408605 0.00021373117463323332 -0.00083106785654399296
leaf_weight=56 21 23 102 24 257 348 55 525 7.9999999999999991 92 377 12.999999999999998 21 62 191 6.9999999999999991 69 6.9999999999999991 99 125
leaf_count=56 21 23 102 24 257 348 55 525 8 92 377 13 21 62 191 7 69 7 99 125
internal_value=0 -8.75287e-05 -0.000242402 -0.000586668 -0.000768636 8.75274e-06 0 -1.04389e-06 -0.00066874 -0.00126001 -0.00113312 -0.00120175 0.000488476 0.00072606 0.000241862 0.000431438 0.000995672 0.00054593 0.000580231 0
internal_weight=0 2392 1592 773 671 800 819 681 156 100 414 390 138 117 652 304 90 297 290 148
internal_count=2482 2392 1592 773 671 800 819 681 156 100 414 390 138 117 652 304 90 297 290 148
is_linear=0
shrinkage=0.0253571


Tree=215
num_leaves=18
num_cat=0
split_feature=0 1 5 1 1 0 5 1 0 1 0 1 1 1 0 0 1
split_gain=0.15284 0.0980664 0.22847 0.167328 0.262538 0.104303 0.0462547 0.0491378 0.012174 0.0433033 0.0218195 0.0066409 0.014694 0.00759766 0.0572251 0.0138216 0.00521186
threshold=2.0994045283046758 0.7335844881440533 1.0000000180025095e-35 -1.4573852342427978 0.36842286774624472 -0.8227642366194482 4.6209784917378274 0.97702556840925903 0.036094250993829506 0.36842286774624472 0.23642010233508451 -1.2139441539775919 -1.9442673947732094 0.42928313781254618 -0.97736139247578568 -0.8227642366194482 0.79444475821035476
decision_type=2 2 2 2 2 2 2 2 2 2 2 2 2 2 2 2 2
left_child=1 2 8 -4 -5 16 7 -7 11 10 -10 12 -1 14 -13 -15 -3
right_child=-2 5 3 4 -6 6 -8 -9 9 -11 -12 13 -14 15 -16 -17 -18
leaf_value=0.00018299625151035995 0.0047158209207021377 0.0029517502907203397 0.00092494174969886839 -0.00068252093701592854 -3.6865120481054711e-06 5.0817115838808731e-05 -0.0024481416201704753 0.0012404793579623011 0.0027264434759304043 -0.0027453316084563514 5.9112081017795804e-05 -0.00012478888561988699 -0.00033756835001193199 0.00064161246636666963 0.00059434911676751936 -0.0011656968338795198 -0.0014133264544282048
leaf_weight=10.999999999999998 90 14.999999999999998 102 414 300 291 5.9999999999999991 303 47 19 62 64 142 48 346 112 110
leaf_count=11 90 15 102 414 300 291 6 303 47 19 62 64 142 48 346 112 110
internal_value=0 -3.46623e-05 -0.000189862 -0.000502017 -0.000661133 8.76752e-05 0.000346264 0.000413095 0 0.000241492 0.000556401 0 -0.000163761 0 0.000108337 0 0
internal_weight=0 2392 1667 816 714 725 600 594 851 128 109 723 153 570 410 160 125
internal_count=2482 2392 1667 816 714 725 600 594 851 128 109 723 153 570 410 160 125
is_linear=0
shrinkage=0.0253571


Tree=216
num_leaves=16
num_cat=0
split_feature=0 0 5 2 0 0 2 3 5 0 5 2 2 2 5
split_gain=0.164794 0.0532488 0.0256239 0.0171341 0.0135638 0.0929143 0.134503 0.033281 0.0142484 0.00313556 0.021492 0.0473591 0.0161634 0.0153445 0.00164675
threshold=2.0994045283046758 -0.42901125954888714 2.2869799942829454 -0.48749153539027096 -0.17540096562391369 -0.10680792239653754 -1.0030237002128752 -0.86158447112794823 -1.214017751899376 0.14870773384030736 -1.214017751899376 1.0000000180025095e-35 2.3479353711340543 -1.0030237002128752 2.2869799942829454
decision_type=2 2 2 2 2 2 2 2 2 2 2 2 2 2 2
left_child=1 2 -1 -2 7 6 -6 -3 -9 12 -11 -12 13 -7 -10
right_child=3 4 -4 -5 5 9 -8 8 14 10 11 -13 -14 -15 -16
leaf_value=-0.0001876221574299791 0.00035234934670520069 -0.00039128526283811174 0.0011726985188056445 0.0064114408644311118 0.0073503372965181618 -0.00095230854098441321 -0.0010036542654506069 -0.0027984298634596023 0.00056611677026591569 0.0070685545029698302 -0.00026189165878668654 0.00019671635092171887 -0.0017109838897761439 0.00065530334676867376 0.0036871776769825076
leaf_weight=849 21 90 12.999999999999998 69 10.999999999999998 21 116 5.9999999999999991 288 22 361 297 5.9999999999999991 304 7.9999999999999991
leaf_count=849 21 90 13 69 11 21 116 6 288 22 361 297 6 304 8
internal_value=0 -6.63822e-05 -0.000227171 0.000995672 0 -1.72477e-05 -0.00067156 0.000145072 0.000310835 0 0 -0.000144238 7.73212e-05 0.000193556 0.000358957
internal_weight=0 2392 862 90 1530 1138 127 392 302 1011 680 658 331 325 296
internal_count=2482 2392 862 90 1530 1138 127 392 302 1011 680 658 331 325 296
is_linear=0
shrinkage=0.0253571


Tree=217
num_leaves=9
num_cat=0
split_feature=0 3 5 0 0 0 0 3
split_gain=0.174823 0.117426 0.0309747 0.0324599 0.0474965 0.0136393 0.0683566 0.00671627
threshold=0.57872829698511352 -0.86158447112794823 1.1199807455555051 -0.10680792239653754 0.28162318063052022 -0.15818700266838448 -0.42901125954888714 1.1798977793155532
decision_type=2 2 2 2 2 2 2 2
left_child=2 -2 3 5 -5 6 -1 -3
right_child=1 7 -4 4 -6 -7 -8 -9
leaf_value=-0.00017440605431009564 -0.00049186940593256559 0.0018259820194333175 0.00044111396802769807 0.0002479365464185554 -0.00040404013785441792 -0.001164908343033455 0.00011747741092499245 0.0008694985353661452
leaf_weight=838 97 285 86 448 171 95 399 63
leaf_count=838 97 285 86 448 171 95 399 63
internal_value=0 0.000423063 -0.000124455 -0.000162312 0 -0.000232653 -4.13695e-05 0.000664188
internal_weight=0 445 2037 1951 619 1332 1237 348
internal_count=2482 445 2037 1951 619 1332 1237 348
is_linear=0
shrinkage=0.0253571


Tree=218
num_leaves=14
num_cat=0
split_feature=2 1 3 1 1 1 1 4 1 1 1 1 1
split_gain=0.0684767 0.0579554 0.124216 0.0429159 0.0513169 0.0343909 0.0325076 0.0569081 0.0311049 0.0175289 0.00445019 0.00255173 0.000572778
threshold=1.0000000180025095e-35 1.0378858384755605 1.0000000180025095e-35 0.18584205754734043 -0.72706199344718081 -1.5182455043090994 0.91616529834295768 1.3401069926887506 -0.97050307371238664 1.0987461085418622 -1.5791057743754007 -1.2139441539775919 -1.5182455043090994
decision_type=2 2 2 2 2 2 2 2 2 2 2 2 2
left_child=1 2 5 4 8 -1 7 -7 10 -5 -2 12 -12
right_child=3 -3 -4 9 -6 6 -8 -9 -10 -11 11 -13 -14
leaf_value=0.00015629612975996682 0.001160425565854695 0.00036280492874792193 1.4554123064963663e-05 0.00073918687919397432 -0.00064418322403238053 -0.000399487276586161 0.00035422248717159789 0.0005027584182170097 0.0021189767959925842 0.0009379458536273224 2.2463819064868391e-05 5.7028169609189408e-05 -0.00063008624502313597
leaf_weight=46 130 308 577 274 171 591 76 20 62 5.9999999999999991 20 118 83
leaf_count=46 130 308 577 274 171 591 76 20 62 6 20 118 83
internal_value=0 -0.000137045 -0.000226909 0.000124663 0 -0.000446901 -0.000494845 -0.000555777 0.000152926 0.000379023 0 -3.1572e-06 -0.000122648
internal_weight=0 1618 1310 864 584 733 687 611 413 280 351 221 103
internal_count=2482 1618 1310 864 584 733 687 611 413 280 351 221 103
is_linear=0
shrinkage=0.0253571


Tree=219
num_leaves=21
num_cat=0
split_feature=0 1 5 1 1 2 4 0 1 2 1 4 1 1 1 0 2 0 5 5
split_gain=0.184254 0.0744221 0.219377 0.177224 0.162989 0.127793 0.084306 0.0308803 0.0575956 0.0937444 0.103477 0.051066 0.221917 0.0536482 0.024597 0.0218195 0.0171341 0.0163276 0.07348 0.0507444
threshold=2.0994045283046758 0.67272421807775196 1.0000000180025095e-35 -1.4573852342427978 0.36842286774624472 -1.0030237002128752 -1.518634353124295 0.036094250993829506 -1.2139441539775919 -0.22972545297896871 -1.9442673947732094 -1.518634353124295 0.42928313781254618 0.49014340787884753 0.36842286774624472 0.23642010233508451 -0.48749153539027096 -0.77900660559508761 1.0000000180025095e-35 4.6209784917378274
decision_type=2 2 2 2 2 2 2 2 2 2 2 2 2 2 2 2 2 2 2 2
left_child=1 2 7 -4 5 -5 -7 8 9 -1 -11 13 -13 -10 15 -9 -2 -3 -19 -20
right_child=16 17 3 4 -6 6 -8 14 11 10 -12 12 -14 -15 -16 -17 -18 18 19 -21
leaf_value=0.00010789287036178871 0.00032099778865776448 -0.00063521347571985948 0.00086444423618602237 7.467199935493472e-05 -1.0700670398068123e-05 0.0013090568000866285 -0.00079766897486402931 0.0026598309605786129 -0.0042963976581911036 0.00015811096463257845 -0.00055370134247720911 0.00080540448854237584 -0.0011536468738301796 0.0009136149986829047 -0.00063292701697899062 4.7102652673902863e-05 0.0062714675879912331 -1.7346464304028869e-05 0.0015777659412929638 -0.0022115380140013542
leaf_weight=52 21 148 102 24 257 6.9999999999999991 383 47 61 7.9999999999999991 93 354 111 12.999999999999998 18 62 69 348 297 6.9999999999999991
leaf_count=52 21 148 102 24 257 7 383 47 61 8 93 354 111 13 18 62 69 348 297 7
internal_value=0 -9.8102e-05 -0.000210671 -0.000521585 -0.00069375 -0.00101244 -0.00113776 0 0 -0.000482271 -0.000952648 0 0.000243673 -0.000246004 0.000386056 0.000556401 0.000995672 0 0.000126291 0.000431438
internal_weight=0 2392 1592 773 671 414 390 819 692 153 101 539 465 74 127 109 90 800 652 304
internal_count=2482 2392 1592 773 671 414 390 819 692 153 101 539 465 74 127 109 90 800 652 304
is_linear=0
shrinkage=0.0253571


Tree=220
num_leaves=19
num_cat=0
split_feature=0 1 5 1 1 2 2 0 2 2 0 0 2 0 1 2 2 2
split_gain=0.170447 0.0574996 0.210251 0.163838 0.138756 0.118052 0.0538391 0.198148 0.0627608 0.0461558 0.0287683 0.0913536 0.0171341 0.0136974 0.0102832 0.00462177 0.10672 0.00110286
threshold=2.0994045283046758 0.67272421807775196 1.0000000180025095e-35 -1.4573852342427978 0.36842286774624472 -1.0030237002128752 0.80133887666624026 -1.0072558701275633 2.8634675359566581 2.0901692887227514 -0.92657363154210592 0.036094250993829506 -0.48749153539027096 0.54476028611485161 -1.9442673947732094 1.0000000180025095e-35 -0.48749153539027096 1.3168710414888449
decision_type=2 2 2 2 2 2 2 2 2 2 2 2 2 2 2 2 2 2
left_child=1 2 6 -4 5 -5 10 -8 -9 -7 -1 14 -2 15 -12 16 -3 -17
right_child=12 13 3 4 -6 9 7 8 -10 -11 11 -13 -14 -15 -16 17 -18 -19
leaf_value=0.00077042997887416509 0.00031285821854834154 7.813340305068898e-05 0.0008425244451011341 7.2778534678780661e-05 -1.0429332525977837e-05 -0.00079796385397673151 -0.0011433000181570719 0.00076858413365709667 -0.00071434753861599723 0.0006061046051006187 0.0036037747997640784 0.001051336637461995 0.0061124414142139979 0.0068404061085031997 -0.0003753281560112081 0.0018652395440639188 -0.00044965554740297639 -0.00099537175310560619
leaf_weight=104 21 434 102 24 257 377 21 186 18 12.999999999999998 4.9999999999999991 85 69 38 400 64 244 20
leaf_count=104 21 434 102 24 257 377 21 186 18 13 5 85 69 38 400 64 244 20
internal_value=0 -7.69554e-05 -0.000178939 -0.000489043 -0.000656307 -0.000952094 0 0.00038693 0.000877907 -0.00107376 0 -0.000193071 0.000995672 0 -0.000433383 0 -6.59029e-05 0
internal_weight=0 2392 1592 773 671 414 819 225 204 390 594 490 90 800 405 762 678 84
internal_count=2482 2392 1592 773 671 414 819 225 204 390 594 490 90 800 405 762 678 84
is_linear=0
shrinkage=0.0253571


Tree=221
num_leaves=15
num_cat=0
split_feature=6 4 3 1 5 4 3 1 1 1 1 1 1 1
split_gain=0.0311248 0.0811404 0.127139 0.071321 0.126177 0.056997 0.0518725 0.0415987 0.0404317 0.0196346 0.0151684 1.49546e-06 0.0591801 0.000788473
threshold=1.0000000180025095e-35 1.0000000180025095e-35 -0.86158447112794823 0.36842286774624472 1.1199807455555051 1.0000000180025095e-35 1.0000000180025095e-35 -1.9442673947732094 0.67272421807775196 -0.11845929278416668 0.85530502827665622 0.42928313781254618 1.1596063786081634 0.12498178748103896
decision_type=2 2 2 2 2 2 2 2 2 2 2 2 2 2
left_child=1 2 -1 4 7 8 -5 -3 9 -2 -4 13 -13 -7
right_child=5 3 10 6 -6 11 -8 -9 -10 -11 -12 12 -14 -15
leaf_value=-0.00033463535836107184 -0.0026514107080436596 0.0048899402208489569 0.00061418645238594464 -0.00082619254918258982 0.0036813001385756603 -0.00021696565015536607 0.0019431199770640613 -0.0002252902677888562 -6.3145389831388964e-05 -0.004085054994989748 0.0014999540555538859 -0.00019153771336552304 0.0010502661786163121 0.00070012535739863901
leaf_weight=164 7.9999999999999991 7.9999999999999991 489 138 56 25 117 574 200 46 36 421 108 92
leaf_count=164 8 8 489 138 56 25 117 574 200 46 36 421 108 92
internal_value=0 1.2426e-05 0.000274582 -7.97787e-07 -0.000266799 -0.000147692 2.74627e-06 -0.00046463 -0.000465614 -0.00116981 0.000502551 0 -1.34035e-06 0
internal_weight=0 1582 689 893 638 900 255 582 254 54 525 646 529 117
internal_count=2482 1582 689 893 638 900 255 582 254 54 525 646 529 117
is_linear=0
shrinkage=0.0253571


Tree=222
num_leaves=21
num_cat=0
split_feature=0 1 5 1 1 2 0 2 2 5 2 2 0 1 0 0 2 0 1 2
split_gain=0.155991 0.0586141 0.117106 0.119884 0.216483 0.1086 0.0459573 0.158792 0.0420638 0.0410558 0.0171341 0.0133883 0.116666 0.0470013 0.0577924 0.0894018 0.0436386 0.0653288 0.0267782 0.00950688
threshold=2.0994045283046758 0.7335844881440533 1.0000000180025095e-35 -1.4573852342427978 0.36842286774624472 -1.0030237002128752 -0.8227642366194482 -0.48749153539027096 2.0901692887227514 3.4539792430103859 -0.48749153539027096 0.80133887666624026 -1.0072558701275633 0.36842286774624472 -0.88018791457033596 -0.41974725658427031 4.1522979480131701 0.30343629399401534 -0.17931956285046807 1.0000000180025095e-35
decision_type=2 2 2 2 2 2 2 2 2 2 2 2 2 2 2 2 2 2 2 2
left_child=1 2 11 -4 5 -5 19 9 -7 -8 -2 13 -13 18 -15 -16 17 -14 -1 -3
right_child=10 6 3 4 -6 8 7 -9 -10 -11 -12 12 16 14 15 -17 -18 -19 -20 -21
leaf_value=-9.5192509091514326e-05 0.00031063775005996499 -0.0013521608329190417 0.00082155151007545118 7.664578856030124e-05 -1.1563933248327589e-06 -0.00077201710618554945 0.0011306929720803127 -6.6791818540005692e-05 0.00059644826132899031 -0.0017265515410959222 0.0058641006192960525 -0.0010522285286768079 0.00077281525281984735 0.00070634721368565973 -0.0040713383748662794 -0.00021296481864700872 -0.0039482714205842573 -6.5840913199996341e-06 0.0023270989552074397 0.0015483837306357025
leaf_weight=382 21 105 102 24 300 377 344 251 12.999999999999998 4.9999999999999991 69 22 186 28 41 89 4.9999999999999991 17 81 20
leaf_count=382 21 105 102 24 300 377 344 251 13 5 69 22 186 28 41 89 5 17 81 20
internal_value=0 -4.52356e-05 -0.000159552 -0.000378659 -0.000520303 -0.000891752 0 0.00022078 -0.00100976 0.00060878 0.000995672 0 0.000190889 -1.14375e-06 -0.000428986 -0.000703306 0.00062478 0.000730608 0 0
internal_weight=0 2392 1667 816 714 414 725 600 390 349 90 851 230 621 158 130 208 203 463 125
internal_count=2482 2392 1667 816 714 414 725 600 390 349 90 851 230 621 158 130 208 203 463 125
is_linear=0
shrinkage=0.0253571


Tree=223
num_leaves=6
num_cat=0
split_feature=2 5 2 2 3
split_gain=0.0265214 0.00998747 0.020102 0.0256883 0.00168856
threshold=1.0000000180025095e-35 1.1199807455555051 -0.74525761780157318 -1.0030237002128752 -0.86158447112794823
decision_type=2 2 2 2 2
left_child=1 2 3 -1 -2
right_child=4 -3 -4 -5 -6
leaf_value=-3.2902387092931173e-05 4.7279873084481745e-05 0.00032163540630828998 -1.442620818422786e-05 -0.00051781422214224407 9.9442344444711917e-05
leaf_weight=168 192 120 1005 325 672
leaf_count=168 192 120 1005 325 672
internal_value=0 -9.02097e-05 -0.000114263 -0.000255403 6.63863e-05
internal_weight=0 1618 1498 493 864
internal_count=2482 1618 1498 493 864
is_linear=0
shrinkage=0.0253571


Tree=224
num_leaves=10
num_cat=0
split_feature=0 1 1 2 0 0 2 2 2
split_gain=0.164794 0.0631524 0.0706552 0.0814099 0.119267 0.0278079 0.0171341 0.0101364 0.0047241
threshold=2.0994045283046758 0.67272421807775196 -1.8834071247069077 2.0901692887227514 -0.92657363154210592 -0.77900660559508761 -0.48749153539027096 -0.48749153539027096 1.0000000180025095e-35
decision_type=2 2 2 2 2 2 2 2 2
left_child=1 2 -1 4 -4 8 -2 -7 -3
right_child=6 5 3 -5 -6 7 -8 -9 -10
leaf_value=0.0001700311854348018 0.00031589114269724909 -0.0011654929823412693 0.00021652748326788962 0.0016939150931279839 -0.00020997103952496109 0.00098281355513058313 0.0057072483485402269 1.0262795712891935e-06 0.0011837022999718391
leaf_weight=95 21 122 152 61 1284 370 69 282 26
leaf_count=95 21 122 152 61 1284 370 69 282 26
internal_value=0 -6.63822e-05 -0.000178939 -0.000253504 -0.000321368 0 0.000995672 0.000164815 0
internal_weight=0 2392 1592 1497 1436 800 90 652 148
internal_count=2482 2392 1592 1497 1436 800 90 652 148
is_linear=0
shrinkage=0.0253571


Tree=225
num_leaves=16
num_cat=0
split_feature=0 0 2 0 0 2 0 2 0 0 0 0 0 0 2
split_gain=0.164794 0.045877 0.0171341 0.0130208 0.0262522 0.0554643 0.0649553 0.0516545 0.035351 0.0101792 0.035251 0.0136049 0.00876585 0.00874527 0.00853358
threshold=2.0994045283046758 -1.2535075233997917 -0.48749153539027096 -1.0604089084139114 -0.10680792239653754 -1.0030237002128752 -0.20483552823489506 1.0591049590775425 -0.33315182461714199 0.21276732880840302 0.57872829698511352 0.28162318063052022 -0.41337414816180323 0.075252731610224458 -0.74525761780157318
decision_type=2 2 2 2 2 2 2 2 2 2 2 2 2 2 2
left_child=1 -1 -2 14 5 8 12 -8 -5 13 11 -11 -7 -6 -3
right_child=2 3 -4 4 9 6 7 -9 -10 10 -12 -13 -14 -15 -16
leaf_value=-0.037318121358380404 0.0003078810622737173 -0.0012153477776209857 0.0055625291333117567 -0.0012412563940814502 1.7650954158602931e-06 -9.8004147397187126e-05 -0.00095093355502362097 0.00015457480164331446 0.0035220179391764828 8.7214470328236964e-05 0.00012957553567664737 -0.00041634315137510934 8.9361405545532486e-05 0.0011588329167617692 0.0012747325280759673
leaf_weight=20 21 22 69 66 241 723 139 13.999999999999998 40 72 355 181 299 162 58
leaf_count=20 21 22 69 66 241 723 139 14 40 72 355 181 299 162 58
internal_value=0 -6.63822e-05 0.000995672 0 -5.82372e-05 -0.000138451 -0.000226009 -0.000800782 0 0 -1.14888e-05 -0.000296226 0 0.000125681 8.1842e-05
internal_weight=0 2392 90 2372 2292 1281 1175 153 106 1011 608 253 1022 403 80
internal_count=2482 2392 90 2372 2292 1281 1175 153 106 1011 608 253 1022 403 80
is_linear=0
shrinkage=0.0253571


Tree=226
num_leaves=12
num_cat=0
split_feature=2 1 1 1 1 1 1 1 1 5 1
split_gain=0.0692649 0.0868058 0.0528362 0.0319342 0.0175289 0.00714624 0.00330736 0.00445019 0.00255173 0.00234092 0.000572778
threshold=1.0000000180025095e-35 1.0378858384755605 -1.3965249641764965 0.18584205754734043 1.0987461085418622 -0.72706199344718081 -0.97050307371238664 -1.5791057743754007 -1.2139441539775919 1.0000000180025095e-35 -1.5182455043090994
decision_type=2 2 2 2 2 2 2 2 2 2 2
left_child=1 2 -1 5 -5 6 7 -2 10 -3 -9
right_child=3 9 -4 4 -6 -7 -8 8 -10 -11 -12
leaf_value=4.8549094017697184e-05 0.0010514796817444108 -0.00030336101972237785 -0.00020644786803147567 0.00077240910870673724 0.00086588712970765442 -0.00054810209271403997 0.002045835369276439 3.0538235064238593e-05 1.4493278787897119e-05 0.0027100090007090493 -0.00061455380068286614
leaf_weight=123 130 195 1187 274 5.9999999999999991 171 62 20 118 113 83
leaf_count=123 130 195 1187 274 6 171 62 20 118 113 83
internal_value=0 -0.000121433 -0.000246174 0.000153802 0.000379023 0 9.24401e-05 0 -3.1572e-06 0 -0.000122648
internal_weight=0 1618 1310 864 280 584 413 351 221 308 103
internal_count=2482 1618 1310 864 280 584 413 351 221 308 103
is_linear=0
shrinkage=0.0253571


Tree=227
num_leaves=14
num_cat=0
split_feature=0 2 0 5 0 2 0 2 0 0 0 0 0
split_gain=0.170447 0.0291361 0.0180731 0.0407254 0.0253706 0.0534952 0.0847396 0.0171341 0.00669897 0.0471424 0.0278708 0.0135887 8.97084e-06
threshold=2.0994045283046758 1.0000000180025095e-35 0.69075046049342437 1.1199807455555051 -1.0604089084139114 -1.0030237002128752 -0.59195258828824826 -0.48749153539027096 -0.38104869100867195 0.30343629399401534 -0.80141103829674976 -0.62789166361906712 -0.33315182461714199
decision_type=2 2 2 2 2 2 2 2 2 2 2 2 2
left_child=1 2 3 4 -1 12 -7 -2 10 -10 -3 -12 -6
right_child=7 8 -4 -5 5 6 -8 -9 9 -11 11 -13 -14
leaf_value=0.00059700697462449805 0.00030530901154587404 6.8431913842927785e-05 6.04488866431545e-05 0.0010369921738597714 -0.0019233672678145061 1.8159701312098469e-05 -0.00022345557787088169 0.0054267144937386264 0.00041274460428091691 -6.9827447200263021e-05 -0.0005864958099842429 1.0916982611781764e-06 0.0021783091398812106
leaf_weight=68 21 161 140 81 63 275 875 69 225 241 93 87 83
leaf_count=68 21 161 140 81 63 275 875 69 225 241 93 87 83
internal_value=0 -7.69554e-05 -0.000143871 -0.000175223 -0.00022722 -0.000258557 -0.000324102 0.000995672 0 9.54894e-05 -2.06607e-06 -0.000310224 0
internal_weight=0 2392 1585 1445 1364 1296 1150 90 807 466 341 180 146
internal_count=2482 2392 1585 1445 1364 1296 1150 90 807 466 341 180 146
is_linear=0
shrinkage=0.0253571


Tree=228
num_leaves=14
num_cat=0
split_feature=0 1 0 1 2 0 0 2 2 1 1 1 1
split_gain=0.146909 0.242843 0.126788 0.0972295 0.0660607 0.059851 0.0548925 0.108559 0.106687 0.116689 0.0133093 0.00534961 4.01763e-06
threshold=0.69075046049342437 -1.4573852342427978 1.549674650255388 1.0378858384755605 -0.22972545297896871 -0.41337414816180323 -0.92657363154210592 1.0591049590775425 -1.0030237002128752 -0.84878253357978373 -1.6399660444417019 0.97702556840925903 -0.057599022717865239
decision_type=2 2 2 2 2 2 2 2 2 2 2 2 2
left_child=3 2 -2 6 -4 -5 -1 8 -8 10 -10 -11 -3
right_child=1 12 4 5 -6 -7 7 -9 9 11 -12 -13 -14
leaf_value=9.4998753082586675e-05 0.00062676624758679011 -0.00027675508400629156 0.0028361744362293503 -0.00010920473811339164 0.0066077716636708909 0.0022290545138302885 0.00065200004699498843 6.6696679582382447e-05 -0.00032115062872591706 -0.00051709660578121966 0.00016987700195443789 -4.3837064637765925e-05 0.00208489847219385
leaf_weight=202 51 193 7.9999999999999991 158 48 147 105 222 81 903 229 50 85
leaf_count=202 51 193 8 158 48 147 105 222 81 903 229 50 85
internal_value=0 0.000358316 0.00135008 -0.000145017 0.00215101 0 -0.000243645 -0.000298306 -0.000392626 -0.000470058 0 -0.000608754 0
internal_weight=0 385 107 2097 56 305 1792 1590 1368 1263 310 953 278
internal_count=2482 385 107 2097 56 305 1792 1590 1368 1263 310 953 278
is_linear=0
shrinkage=0.0253571


Tree=229
num_leaves=12
num_cat=0
split_feature=0 1 2 1 0 2 2 1 1 0 1
split_gain=0.18964 0.212025 0.0688591 0.0666551 0.0506516 0.101221 0.0659281 0.0958284 0.0133093 0.00690095 0.00249779
threshold=0.69075046049342437 -1.4573852342427978 -0.22972545297896871 1.0378858384755605 -0.92657363154210592 1.0591049590775425 -1.0030237002128752 -0.84878253357978373 -1.6399660444417019 -0.41337414816180323 0.97702556840925903
decision_type=2 2 2 2 2 2 2 2 2 2 2
left_child=3 2 -2 4 -1 6 -6 8 -8 -5 -9
right_child=1 -3 -4 9 5 -7 7 10 -10 -11 -12
leaf_value=9.2589861064188122e-05 0.00029997977930429581 1.7236318771756687e-06 0.0035076018506131359 -0.00010643562364109723 0.00063546722252900663 6.5005445814727804e-05 -0.00031300718303704724 -0.00050398454013840836 0.00016556941537208667 0.0021725321758763985 -4.2725484204450462e-05
leaf_weight=202 20 278 87 158 105 222 81 903 229 147 50
leaf_count=202 20 278 87 158 105 222 81 903 229 147 50
internal_value=0 0.000423131 0.00135008 -0.000157073 -0.000229543 -0.00028242 -0.000374174 -0.000430102 0 0 -0.000555884
internal_weight=0 385 107 2097 1792 1590 1368 1263 310 305 953
internal_count=2482 385 107 2097 1792 1590 1368 1263 310 305 953
is_linear=0
shrinkage=0.0253571


Tree=230
num_leaves=13
num_cat=0
split_feature=1 1 5 4 6 1 3 3 1 1 1 3
split_gain=0.0302879 0.0617878 0.04681 0.0304772 0.0252493 0.0425169 0.0318817 0.0352035 0.0640103 0.0280992 0.014267 0.00770498
threshold=-1.5182455043090994 -0.97050307371238664 1.1199807455555051 -1.518634353124295 1.0000000180025095e-35 1.4030474588733692 -0.86158447112794823 1.1798977793155532 0.67272421807775196 0.42928313781254618 1.0987461085418622 -0.86158447112794823
decision_type=2 2 2 2 2 2 2 2 2 2 2 2
left_child=11 2 3 -2 6 9 -3 8 -8 -6 -10 -1
right_child=1 4 -4 -5 5 -7 7 -9 10 -11 -12 -13
leaf_value=-1.33195856652293e-05 0.00045244895122129481 -0.00030674824212986198 0.0034440493874938966 -0.0003865918319961864 5.149515348992908e-05 0.0024987685611861494 1.9433948311204362e-05 -3.9851768512809321e-05 0.0028348627540836506 -0.00010900569280509106 2.9162038017491746e-05 0.00071782935839087125
leaf_weight=47 26 230 21 332 147 57 470 139 112 694 11.999999999999998 195
leaf_count=47 26 230 21 332 147 57 470 139 112 694 12 195
internal_value=0 -7.08742e-05 -0.000363897 -0.000471903 0 -0.000105954 7.9227e-05 0.000189633 0.000286357 -0.000210354 0.000833071 0.00018166
internal_weight=0 2240 379 358 1861 898 963 733 594 841 124 242
internal_count=2482 2240 379 358 1861 898 963 733 594 841 124 242
is_linear=0
shrinkage=0.0253571


Tree=231
num_leaves=16
num_cat=0
split_feature=0 1 2 1 5 1 2 0 5 2 2 1 1 1 1
split_gain=0.166764 0.212025 0.0688591 0.0555458 0.132211 0.0753805 0.0576086 0.00690095 0.00931088 0.000741768 0.043902 0.0242342 0.0625771 0.0247264 0.00290956
threshold=0.69075046049342437 -1.4573852342427978 -0.22972545297896871 1.0378858384755605 1.0000000180025095e-35 0.55100367794514904 -1.0030237002128752 -0.41337414816180323 1.0000000180025095e-35 0.80133887666624026 1.3168710414888449 0.36842286774624472 0.97702556840925903 -1.3356646941101948 -1.9442673947732094
decision_type=2 2 2 2 2 2 2 2 2 2 2 2 2 2 2
left_child=3 2 -2 4 9 6 -6 -5 -9 11 -11 13 -13 14 -1
right_child=1 -3 -4 7 5 -7 -8 8 -10 10 -12 12 -14 -15 -16
leaf_value=0.003500086241057718 0.0002741711004692522 9.9643189414188921e-06 0.0034004572073060815 -0.00010097265859389435 0.00051036385874231576 -1.8005230481841384e-05 -0.00075699060575995872 0.00046124028168395461 0.004744573401237657 0.00065406582727074042 -2.9437131194091519e-05 -0.00082942930067156123 0.00110903587754036 0.00045439065084616314 -0.00046254248639067814
leaf_weight=4.9999999999999991 20 278 87 158 34 313 392 88 59 112 127 312 49 338 110
leaf_count=5 20 278 87 158 34 313 392 88 59 112 127 312 49 338 110
internal_value=0 0.000423131 0.00135008 -0.00013296 -0.000201341 -0.000460316 -0.000690993 0 0.000170173 0 2.92545e-06 -2.40608e-05 -0.000209106 0 -0.000110507
internal_weight=0 385 107 2097 1792 739 426 305 147 1053 239 814 361 453 115
internal_count=2482 385 107 2097 1792 739 426 305 147 1053 239 814 361 453 115
is_linear=0
shrinkage=0.0253571


Tree=232
num_leaves=9
num_cat=0
split_feature=0 2 5 2 0 0 3 0
split_gain=0.166764 0.137801 0.0298811 0.044753 0.0547413 0.0271946 0.00524999 0.00503845
threshold=0.69075046049342437 -0.22972545297896871 1.1199807455555051 1.0591049590775425 -1.01349757425266 0.60132983613283131 -0.86158447112794823 -1.3816267133359827
decision_type=2 2 2 2 2 2 2 2
left_child=2 -2 3 4 7 -6 -3 -1
right_child=1 6 -4 -5 5 -7 -8 -9
leaf_value=-0.037978607373449012 -0.00022118470707839264 0.00049057978820177836 0.0003601841444970216 1.9160992527891526e-05 -0.0001226983897464023 0.00030734583814580471 0.0017807082067028148 0.00076776368579814329
leaf_weight=6.9999999999999991 130 51 93 248 1595 40 204 114
leaf_count=7 130 51 93 248 1595 40 204 114
internal_value=0 0.000423131 -0.00013296 -0.000167493 -0.000219843 -0.000270814 0.000779312 0
internal_weight=0 385 2097 2004 1756 1635 255 121
internal_count=2482 385 2097 2004 1756 1635 255 121
is_linear=0
shrinkage=0.0253571


Tree=233
num_leaves=10
num_cat=0
split_feature=2 1 1 1 1 1 4 1 1
split_gain=0.0534079 0.0579847 0.0579554 0.071493 0.0175289 0.0131793 0.0322635 0.00887879 0.00510264
threshold=1.0000000180025095e-35 0.18584205754734043 1.0378858384755605 -1.3965249641764965 1.0987461085418622 -0.72706199344718081 1.0000000180025095e-35 -0.97050307371238664 -1.5182455043090994
decision_type=2 2 2 2 2 2 2 2 2
left_child=2 5 3 -1 -3 7 -7 8 -2
right_child=1 4 -4 -5 -6 6 -8 -9 -10
leaf_value=6.3746945389419631e-05 0.00072996849218764839 0.00074355292160471623 0.0003522699936339118 -0.00018268758801024196 0.00083266208212013748 6.9854094159249109e-05 -0.00094543291503681104 0.0019936862195667209 -0.00032947147835959506
leaf_weight=123 150 274 308 1187 5.9999999999999991 63 108 62 201
leaf_count=123 150 274 308 1187 6 63 108 62 201
internal_value=0 6.63863e-05 -0.000137045 -0.000226909 0.000379023 0 -0.000218668 0 0
internal_weight=0 864 1618 1310 280 584 171 413 351
internal_count=2482 864 1618 1310 280 584 171 413 351
is_linear=0
shrinkage=0.0253571


Tree=234
num_leaves=9
num_cat=0
split_feature=0 2 0 5 2 0 0 0
split_gain=0.135946 0.110979 0.134347 0.0298811 0.044753 0.0547413 0.0271946 0.00503845
threshold=0.69075046049342437 -0.22972545297896871 1.1004690596944955 1.1199807455555051 1.0591049590775425 -1.01349757425266 0.60132983613283131 -1.3816267133359827
decision_type=2 2 2 2 2 2 2 2
left_child=3 -2 -3 4 5 7 -7 -1
right_child=1 2 -4 -5 -6 6 -8 -9
leaf_value=-0.037024512915841939 -0.00021094368057511385 -1.6865079982156554e-05 0.0031141982203163072 0.00033219658336944795 9.5740814231441773e-06 -0.00012955606771491036 0.00030697637690322129 0.0007470561667943063
leaf_weight=6.9999999999999991 130 86 169 93 248 1595 40 114
leaf_count=7 130 86 169 93 248 1595 40 114
internal_value=0 0.000358316 0.000682241 -0.00013296 -0.000167493 -0.000219843 -0.000270814 0
internal_weight=0 385 255 2097 2004 1756 1635 121
internal_count=2482 385 255 2097 2004 1756 1635 121
is_linear=0
shrinkage=0.0253571


Tree=235
num_leaves=19
num_cat=0
split_feature=0 1 2 1 5 1 2 0 5 1 2 1 1 1 2 1 4 1
split_gain=0.110241 0.268549 0.0688591 0.0555458 0.132211 0.0753805 0.0576086 0.00690095 0.00931088 0.00530754 0.000741768 0.0242342 0.0625771 0.0247264 0.013853 0.0218425 0.0185189 0.00290956
threshold=0.69075046049342437 -1.4573852342427978 -0.22972545297896871 1.0378858384755605 1.0000000180025095e-35 0.55100367794514904 -1.0030237002128752 -0.41337414816180323 1.0000000180025095e-35 -0.057599022717865239 0.80133887666624026 0.36842286774624472 0.97702556840925903 -1.3356646941101948 2.8634675359566581 0.79444475821035476 -1.518634353124295 -1.9442673947732094
decision_type=2 2 2 2 2 2 2 2 2 2 2 2 2 2 2 2 2 2
left_child=3 2 -2 4 10 6 -6 -5 -9 -3 11 13 -13 17 15 16 -12 -1
right_child=1 9 -4 7 5 -7 -8 8 -10 -11 14 12 -14 -15 -16 -17 -18 -19
leaf_value=0.0034161142381661847 0.00027656000067098385 -0.00029660240067116782 0.0031716010400675422 -0.00010399372521884653 0.00050845138096657593 -1.6268102929160638e-05 -0.00072676666116229039 0.00044700846688594287 0.0046217287191228761 0.0020460193169620122 -0.00029277827181996069 -0.00079736852150143569 0.0010919428189577363 0.0003925472689134754 -0.0015567706075848488 -0.0010215828422954487 0.00015244062261032787 -0.00044603375239169992
leaf_weight=4.9999999999999991 20 193 87 158 34 313 392 88 59 85 18 312 49 338 17 11.999999999999998 192 110
leaf_count=5 20 193 87 158 34 313 392 88 59 85 18 312 49 338 17 12 192 110
internal_value=0 0.000293501 0.00135008 -0.00013296 -0.000201341 -0.000460316 -0.000690993 0 0.000170173 0 0 -2.40608e-05 -0.000209106 0 2.92545e-06 0.00019758 0.000325818 -0.000110507
internal_weight=0 385 107 2097 1792 739 426 305 147 278 1053 814 361 453 239 222 210 115
internal_count=2482 385 107 2097 1792 739 426 305 147 278 1053 814 361 453 239 222 210 115
is_linear=0
shrinkage=0.0253571


Tree=236
num_leaves=10
num_cat=0
split_feature=0 2 3 0 0 0 0 0 0
split_gain=0.141407 0.041421 0.031151 0.0994828 0.0354477 0.0107771 0.00541718 0.00342799 0.000106329
threshold=2.7210782591642872 2.0901692887227514 1.0000000180025095e-35 -0.92112035320123187 2.4948657612410532 -0.58144024449861209 0.11795912825562151 -1.01349757425266 -0.56554032451678737
decision_type=2 2 2 2 2 2 2 2 2
left_child=1 2 3 -1 -5 7 8 -4 -7
right_child=-2 -3 5 4 -6 6 -8 -9 -10
leaf_value=0.00039874038056906543 0.008154089388811344 0.0016290457466065326 0.00011153642918031578 -0.00017793335473986755 0.004146730469781955 0.00011785131495895572 -3.3891165813725202e-05 -0.00037990597155351016 0.00062092630069318221
leaf_weight=135 53 81 72 1162 4.9999999999999991 7.9999999999999991 339 218 409
leaf_count=135 53 81 72 1162 5 8 339 218 409
internal_value=0 -9.40083e-05 -0.000143019 -0.000228297 -0.000335616 0 9.258e-06 -0.000152224 9.15665e-05
internal_weight=0 2429 2348 1302 1167 1046 756 290 417
internal_count=2482 2429 2348 1302 1167 1046 756 290 417
is_linear=0
shrinkage=0.0253571


Tree=237
num_leaves=11
num_cat=0
split_feature=0 4 0 2 0 2 0 4 0 0
split_gain=0.0921762 0.0953334 0.0711978 0.0327228 0.0541545 0.103439 0.0819698 0.00305142 3.24234e-06 0.0609737
threshold=-0.10680792239653754 -1.518634353124295 0.10054805885403652 2.0901692887227514 -1.01349757425266 -1.0030237002128752 -1.3816267133359827 1.3401069926887506 0.21276732880840302 1.4407404877352825
decision_type=2 2 2 2 2 2 2 2 2 2
left_child=3 2 -2 4 6 -6 -1 -7 -3 -10
right_child=1 8 -4 -5 5 7 -8 -9 9 -11
leaf_value=-0.042785841048286449 0.00076083246428189355 0.00032048452439176526 0.0079760018548038717 0.00093886036914694296 0.0018863150000064731 -0.00018686147774913249 0.00070599010172302137 0.00051468021466424222 -0.00017301132604634161 0.0013527274061649777
leaf_weight=9.9999999999999982 9.9999999999999982 387 47 31 104 1087 137 11.999999999999998 495 162
leaf_count=10 10 387 47 31 104 1087 137 12 495 162
internal_value=0 5.79017e-05 0.00101403 -0.000201586 -0.000238914 -0.000304654 0 -0.000402151 0 -1.08167e-06
internal_weight=0 1101 57 1381 1350 1203 147 1099 1044 657
internal_count=2482 1101 57 1381 1350 1203 147 1099 1044 657
is_linear=0
shrinkage=0.0253571


Tree=238
num_leaves=9
num_cat=0
split_feature=0 2 5 0 0 0 0 0
split_gain=0.0726665 0.041421 0.063678 0.0402617 0.00811693 0.0662495 0.00770559 0.00432028
threshold=2.7210782591642872 2.0901692887227514 1.1199807455555051 -1.01349757425266 -0.10680792239653754 1.0183413738379625 -1.3816267133359827 0.21276732880840302
decision_type=2 2 2 2 2 2 2 2
left_child=1 2 3 6 -5 7 -1 -6
right_child=-2 -3 -4 4 5 -7 -8 -9
leaf_value=-0.037641947959554965 0.0079130241710621049 0.0015921249494341096 0.00050633734222344537 -0.00016400125716110352 0.00043570140654424199 -0.0003842165838804551 0.00065677281802454059 -4.3662394441155102e-05
leaf_weight=7.9999999999999991 53 81 137 1162 372 156 131 382
leaf_count=8 53 81 137 1162 372 156 131 382
internal_value=0 -9.40083e-05 -0.000143019 -0.000200461 -0.000235221 0 0 0
internal_weight=0 2429 2348 2211 2072 910 139 754
internal_count=2482 2429 2348 2211 2072 910 139 754
is_linear=0
shrinkage=0.0253571


Tree=239
num_leaves=12
num_cat=0
split_feature=1 1 5 2 5 2 2 2 2 5 5
split_gain=0.066266 0.0898245 0.199212 0.088361 0.052767 0.00621503 0.00281277 0.038675 0.00395693 0.00257336 0.00315235
threshold=-1.5182455043090994 0.67272421807775196 1.0000000180025095e-35 2.3479353711340543 2.2869799942829454 0.54357279425493799 1.0000000180025095e-35 1.3168710414888449 -0.48749153539027096 2.2869799942829454 -1.214017751899376
decision_type=2 2 2 2 2 2 2 2 2 2 2
left_child=5 2 -2 4 -4 -1 8 -8 -3 10 -10
right_child=1 6 3 -5 -6 -7 7 -9 9 -11 -12
leaf_value=4.3900048864571118e-05 2.9072043881140057e-05 0.00023920484437118527 -0.00035819650377048537 0.0022425751476602839 0.0017668314341399479 0.0010756575216970816 0.0020312599531871235 -0.00064196221211490284 0.0021923660578574721 0.001736812175606683 -0.00023126684744562338
leaf_weight=125 698 451 699 14.999999999999998 23 117 70 23 8.9999999999999982 17 235
leaf_count=125 698 451 699 15 23 117 70 23 9 17 235
internal_value=0 -0.000127318 -0.000255613 -0.000546849 -0.000619049 0.00018166 0 0.000135008 0 -9.75757e-05 -0.000129539
internal_weight=0 2240 1435 737 722 242 805 93 712 261 244
internal_count=2482 2240 1435 737 722 242 805 93 712 261 244
is_linear=0
shrinkage=0.0253571


Tree=240
num_leaves=8
num_cat=0
split_feature=2 1 1 3 1 4 3
split_gain=0.0416969 0.0686086 0.0984289 0.031166 0.0170604 0.00487191 1.15461e-06
threshold=2.0901692887227514 0.67272421807775196 -1.5182455043090994 1.1798977793155532 -1.8225468546406065 1.3401069926887506 1.1798977793155532
decision_type=2 2 2 2 2 2 2
left_child=1 2 -1 5 -2 -4 -3
right_child=4 6 3 -5 -6 -7 -8
leaf_value=0.00010900666171022265 -0.00087524336676436621 0.00019476175080704598 -0.00019771308857793128 9.8524984904427767e-06 0.0029785785851084699 0.00034612629409365024 -0.00012397416184774341
leaf_weight=207 17 687 1177 180 76 24 114
leaf_count=207 17 687 1177 180 76 24 114
internal_value=0 -0.000106165 -0.000211199 -0.000311261 0.000135008 -0.00035767 0
internal_weight=0 2389 1588 1381 93 1201 801
internal_count=2482 2389 1588 1381 93 1201 801
is_linear=0
shrinkage=0.0253571


Tree=241
num_leaves=16
num_cat=0
split_feature=0 5 1 0 2 2 5 1 1 0 0 2 0 2 0
split_gain=0.109589 0.152606 0.0430922 0.0353977 0.0650521 0.0422133 0.0418499 0.0259558 0.264136 0.272701 0.214373 0.143169 0.149355 0.0521247 0.0181636
threshold=0.075252731610224458 1.0000000180025095e-35 1.4030474588733692 -1.0604089084139114 -1.0030237002128752 2.0901692887227514 1.1199807455555051 0.36842286774624472 -1.4573852342427978 1.549674650255388 2.7210782591642872 2.0901692887227514 0.13188798377688957 -1.0030237002128752 -1.3816267133359827
decision_type=2 2 2 2 2 2 2 2 2 2 2 2 2 2 2
left_child=2 -2 3 14 -5 6 -6 8 9 -3 11 12 -10 -9 -1
right_child=1 7 -4 4 5 -7 -8 13 10 -11 -12 -13 -14 -15 -16
leaf_value=-0.03466897747969238 0.0017268407477837669 -0.00072845648579667095 0.0020158939462790308 0.00153518087998847 -0.00016887669533064843 0.00037094462669294808 0.0002205783278304578 -0.008713341699303552 0.0071332687132348704 0.0052054562728951065 0.0054694869294394542 0.0030184411680154958 -0.00067201995284620173 0.0013685939867923924 0.00077059777255641785
leaf_weight=8.9999999999999982 147 66 53 112 1279 37 48 13.999999999999998 12.999999999999998 46 27 9.9999999999999982 299 238 84
leaf_count=9 147 66 53 112 1279 37 48 14 13 46 27 10 299 238 84
internal_value=0 9.5966e-05 -0.000199002 -0.000241917 -0.00027848 -0.000338255 -0.000371416 0 -0.000164351 5.96894e-05 -0.000715855 -0.000987196 -0.00113774 0.000125526 0
internal_weight=0 860 1622 1569 1476 1364 1327 713 461 112 349 322 312 252 93
internal_count=2482 860 1622 1569 1476 1364 1327 713 461 112 349 322 312 252 93
is_linear=0
shrinkage=0.0253571


Tree=242
num_leaves=10
num_cat=0
split_feature=5 1 5 1 1 1 1 1 1
split_gain=0.0202466 0.0383603 0.254383 0.43811 0.0258163 0.0210189 0.0128039 0.0125612 0.00131618
threshold=1.1199807455555051 0.12498178748103896 1.0000000180025095e-35 -1.4573852342427978 0.064121517414737511 0.42928313781254618 1.4030474588733692 0.6118639480114505 -1.4573852342427978
decision_type=2 2 2 2 2 2 2 2 2
left_child=1 2 8 -4 -2 -3 -7 -6 -1
right_child=4 5 3 -5 7 6 -8 -9 -10
leaf_value=-8.5231083205068552e-05 0.0032630297382931356 0.00072205439241944131 0.00088528422796990073 -0.00074229889235568757 -0.0015719051850018374 -0.00011094532414079793 0.0021830311177613955 0.0026267903719032425 8.060954347196795e-05
leaf_weight=161 56 199 104 315 42 1030 51 70 454
leaf_count=161 56 199 104 315 42 1030 51 70 454
internal_value=0 -7.40781e-05 -0.000189608 -0.00068746 4.05036e-05 0 -2.39826e-05 0 0
internal_weight=0 2314 1034 419 168 1280 1081 112 615
internal_count=2482 2314 1034 419 168 1280 1081 112 615
is_linear=0
shrinkage=0.0253571


Tree=243
num_leaves=11
num_cat=0
split_feature=1 1 5 2 5 2 5 2 2 2
split_gain=0.0363232 0.0778339 0.289883 0.106101 0.0139197 0.00909379 0.00649452 0.00621503 1.3225e-06 0.00533842
threshold=-1.5182455043090994 0.55100367794514904 1.0000000180025095e-35 1.3168710414888449 1.0000000180025095e-35 -1.0030237002128752 4.6209784917378274 0.54357279425493799 -1.0030237002128752 2.8634675359566581
decision_type=2 2 2 2 2 2 2 2 2 2
left_child=7 2 8 5 -3 -4 -6 -1 -2 -10
right_child=1 4 3 -5 6 -7 -8 -9 9 -11
leaf_value=4.6466213545162556e-05 -0.001971384474037757 -0.00011540166268660144 3.2925135695116441e-06 3.1416803809698339e-05 0.00047201192442276288 -0.00055620717613446668 -0.00026144851596303576 0.0010039914387929511 9.179071142488504e-05 -0.0016906116418877722
leaf_weight=125 19 539 42 87 443 501 9.9999999999999982 117 586 12.999999999999998
leaf_count=125 19 539 42 87 443 501 10 117 586 13
internal_value=0 -8.21629e-05 -0.000228017 -0.000628854 0 -0.000763095 0.000139606 0.00018166 0 1.18533e-06
internal_weight=0 2240 1248 630 992 543 453 242 618 599
internal_count=2482 2240 1248 630 992 543 453 242 618 599
is_linear=0
shrinkage=0.0253571


Tree=244
num_leaves=21
num_cat=0
split_feature=0 1 2 1 0 0 1 1 0 2 0 2 0 0 0 0 0 0 1 1
split_gain=0.170416 0.242843 0.0688591 0.0675764 0.153022 0.107965 0.166941 0.171364 0.0913941 0.0579024 0.0541392 0.0347326 0.038541 0.0218705 0.0192717 0.0171363 0.00138698 8.79583e-05 3.34585e-06 0.00539428
threshold=0.69075046049342437 -1.4573852342427978 -0.22972545297896871 -0.54448118324827655 -0.42901125954888714 -0.93544342161461114 0.7335844881440533 0.24670232761364183 -0.34675216939498393 3.6367657831905649 -1.3816267133359827 0.28580671184363571 0.607308731663187 0.41867786278790214 -0.38104869100867195 -1.01349757425266 -0.61034918992011156 -1.0604089084139114 0.49014340787884753 -0.72706199344718081
decision_type=2 2 2 2 2 2 2 2 2 2 2 2 2 2 2 2 2 2 2 2
left_child=3 2 -2 8 5 10 7 -7 16 13 -5 -6 14 -10 -13 -12 17 -1 19 -3
right_child=1 18 -4 4 11 6 -8 -9 9 -11 15 12 -14 -15 -16 -17 -18 -19 -20 -21
leaf_value=0.00021206282891394964 0.00027824345921645128 2.6822860723872091e-05 0.0027746632624422903 -0.040607817486248449 1.1112146358712758e-05 -0.0001052116039717346 -8.3845524388003256e-06 -0.0023879298767305601 -0.00069502489748172189 0.003076031144737726 0.00067605717667080514 2.6363279299194539e-05 -0.0084685479472824104 -2.6989170396749101e-05 0.00081547765432220059 2.9993911097954283e-05 0.0011476312842300411 -0.00025718238638359478 0.0046784012802515255 -0.00057621217618608459
leaf_weight=11.999999999999998 20 127 87 9.9999999999999982 830 95 216 98 200 6.9999999999999991 115 6.9999999999999991 8.9999999999999982 42 122 67 84 183 45 106
leaf_count=12 20 127 87 10 830 95 216 98 200 7 115 7 9 42 122 67 84 183 45 106
internal_value=0 0.000358316 0.00135008 -0.000169129 0 -0.000377013 -0.000612414 -0.00114912 -0.000440398 -0.000797632 0 0.000111355 0.000488476 -0.000896742 0.000661627 0.000239569 0 -6.65726e-05 0 -2.99883e-06
internal_weight=0 385 107 2097 1569 601 409 193 528 249 192 968 138 242 129 182 279 195 278 233
internal_count=2482 385 107 2097 1569 601 409 193 528 249 192 968 138 242 129 182 279 195 278 233
is_linear=0
shrinkage=0.0253571


Tree=245
num_leaves=9
num_cat=0
split_feature=0 3 3 5 4 6 0 0
split_gain=0.194531 0.0709458 0.0765322 0.0263618 0.018686 0.0153452 0.0129911 0.0101913
threshold=0.69075046049342437 -0.86158447112794823 1.1798977793155532 1.1199807455555051 1.3401069926887506 1.0000000180025095e-35 -1.0604089084139114 0.57872829698511352
decision_type=2 2 2 2 2 2 2 2
left_child=3 -2 5 4 6 -3 -1 -8
right_child=1 2 -4 -5 -6 -7 7 -9
leaf_value=5.7795767626008193e-05 -0.00016868143126343168 0.0018093617836101572 -0.00023087315281196058 0.00030916605719794374 0.00060832194164293235 -2.0270523507935658e-05 -0.00010407110178583571 0.00027260618218000952
leaf_weight=93 83 229 57 93 11.999999999999998 15.999999999999998 1846 53
leaf_count=93 83 229 57 93 12 16 1846 53
internal_value=0 0.000358316 0.000557641 -0.000193242 -0.00021795 0.000759865 -0.000231948 -0.000246598
internal_weight=0 385 302 2097 2004 245 1992 1899
internal_count=2482 385 302 2097 2004 245 1992 1899
is_linear=0
shrinkage=0.0253571


Tree=246
num_leaves=10
num_cat=0
split_feature=5 5 1 1 1 1 1 1 5
split_gain=0.0510593 0.0751294 0.295477 0.420054 0.00325791 0.113388 0.0336645 0.0232061 0.00324398
threshold=1.1199807455555051 1.0000000180025095e-35 0.12498178748103896 -1.4573852342427978 0.42928313781254618 -0.17931956285046807 0.36842286774624472 1.4030474588733692 4.6209784917378274
decision_type=2 2 2 2 2 2 2 2 2
left_child=1 4 3 -3 5 -1 -7 -6 -2
right_child=8 2 -4 -5 7 6 -8 -9 -10
leaf_value=-1.6089474965672351e-05 0.00093047446292147051 0.0008295062412197777 1.0348162781727262e-05 -0.00072067586993943521 -0.00020386238207156348 0.001674035655420468 -0.00016631169629392306 0.0021334535979453092 -0.0002625694810267906
leaf_weight=556 158 104 603 315 566 103 32 35 9.9999999999999982
leaf_count=556 158 104 603 315 566 103 32 35 10
internal_value=0 -0.000128722 -0.000290465 -0.000806725 0 3.73976e-05 0.000723294 -4.29405e-05 4.05036e-05
internal_weight=0 2314 1022 419 1292 691 135 601 168
internal_count=2482 2314 1022 419 1292 691 135 601 168
is_linear=0
shrinkage=0.0253571


Tree=247
num_leaves=21
num_cat=0
split_feature=0 1 0 1 0 2 4 0 2 0 0 1 3 1 2 0 1 2 1 0
split_gain=0.099339 0.191489 0.224441 0.0709529 0.0741928 0.0708499 0.159353 0.253635 0.0660607 0.0373383 0.0679244 0.12199 0.0593953 0.209966 0.374319 0.0677225 0.0642718 0.0539977 0.00442007 0.117592
threshold=0.69075046049342437 -1.4573852342427978 1.549674650255388 -0.17931956285046807 0.41867786278790214 -0.22972545297896871 1.0000000180025095e-35 0.052059873124339608 -0.22972545297896871 -1.3816267133359827 -0.93544342161461114 1.1596063786081634 1.0000000180025095e-35 0.91616529834295768 0.80133887666624026 -0.77900660559508761 0.12498178748103896 1.5746371239001469 0.49014340787884753 2.7210782591642872
decision_type=2 2 2 2 2 2 2 2 2 2 2 2 2 2 2 2 2 2 2 2
left_child=3 2 -2 4 5 -1 -7 -8 -4 -5 11 17 13 14 -12 -14 -17 -11 19 -3
right_child=1 18 8 9 -6 6 7 -9 -10 10 12 -13 15 -15 -16 16 -18 -19 -20 -21
leaf_value=-0.00016117983578549128 0.00030159260857092022 -0.00034179701320429548 0.0025574558192357402 -0.039618868192455678 0.00026041815469874909 -3.4743724250613288e-05 -0.0014511647208362843 0.00027305693370037416 0.0056354108032679612 0.00091389235913467526 -0.0008009693329656337 -0.00093485980090974674 -0.00068253762533895162 0.0008079180198051867 0.0018021181431485424 -0.0022787094060603432 0.00076503397392433455 -0.0011899930402631442 0.0045136280831244028 0.006089673781232552
leaf_weight=232 51 201 7.9999999999999991 9.9999999999999982 63 253 75 55 48 108 434 38 50 213 61 32 467 5.9999999999999991 45 32
leaf_count=232 51 201 8 10 63 253 75 55 48 108 434 38 50 213 61 32 467 6 45 32
internal_value=0 0.000228686 0.00112612 -0.000145017 -0.00036238 -0.000470562 -0.000685897 -0.00144788 0.00215101 0 0 0.000525385 0 -0.000222898 -0.000583221 6.97972e-05 0.000302559 0.00100782 0 -0.000108997
internal_weight=0 385 107 2097 678 615 383 130 56 1419 1409 152 1257 708 495 549 499 114 278 233
internal_count=2482 385 107 2097 678 615 383 130 56 1419 1409 152 1257 708 495 549 499 114 278 233
is_linear=0
shrinkage=0.0253571


Tree=248
num_leaves=17
num_cat=0
split_feature=0 4 1 1 0 1 0 3 1 4 1 4 1 1 1 0
split_gain=0.150656 0.160995 0.218343 0.0823503 0.145808 0.161694 0.118283 0.0662361 0.0456739 0.121498 0.252971 0.0345036 0.0206428 0.014924 0.0143478 0.00100399
threshold=-0.42901125954888714 1.0000000180025095e-35 0.7335844881440533 0.12498178748103896 2.7210782591642872 -1.5791057743754007 -0.34675216939498393 1.0000000180025095e-35 0.36842286774624472 -1.518634353124295 -1.1530838839112907 1.3401069926887506 -0.17931956285046807 1.5856282690722734 0.24670232761364183 -0.36909089994796074
decision_type=2 2 2 2 2 2 2 2 2 2 2 2 2 2 2 2
left_child=1 8 -3 4 5 -2 -7 -5 9 12 -11 -8 -1 -10 -12 -9
right_child=3 2 -4 7 -6 6 11 15 13 10 14 -13 -14 -15 -16 -17
leaf_value=-0.0046685910562408624 0.00066361093449158776 -0.0033217383957417383 -9.2454187575093258e-06 9.5058025754561173e-06 0.0073769774922056762 0.0025151567719339618 -0.00038870711842272531 5.4827583044761898e-06 -0.00076618334581027303 -8.7075355473923072e-05 0.0012868583407401732 0.0026833011044510575 0.0023888997544409185 0.0067350924403029103 0.00080505023769338784 0.0010603014200088355
leaf_weight=45 148 106 128 503 47 20 486 29 265 80 203 5.9999999999999991 21 5.9999999999999991 7.9999999999999991 381
leaf_count=45 148 106 128 503 47 20 486 29 265 80 203 6 21 6 8 381
internal_value=0 -0.000343994 -0.000926606 4.33929e-06 -5.43351e-05 -0.000353141 -0.000600787 0.000235256 0 3.68807e-05 0.000514294 -0.000726695 0 -0.000322727 0.0010539 0.000473868
internal_weight=0 862 234 1620 707 660 512 913 628 357 291 492 66 271 211 410
internal_count=2482 862 234 1620 707 660 512 913 628 357 291 492 66 271 211 410
is_linear=0
shrinkage=0.0253571


Tree=249
num_leaves=12
num_cat=0
split_feature=5 2 1 5 1 1 1 1 2 5 2
split_gain=0.0447764 0.0919167 0.0835501 0.170501 0.287447 0.0428873 0.0129146 0.0267469 0.00611399 0.00888672 0.00182753
threshold=1.1199807455555051 2.0901692887227514 0.12498178748103896 1.0000000180025095e-35 -1.4573852342427978 -1.8225468546406065 0.42928313781254618 1.4030474588733692 2.0901692887227514 4.6209784917378274 -1.0030237002128752
decision_type=2 2 2 2 2 2 2 2 2 2 2
left_child=1 2 3 -1 -5 -3 -4 -8 9 10 -2
right_child=8 5 6 4 -6 -7 7 -9 -10 -11 -12
leaf_value=-1.2401179875117045e-05 0.0015755081509404405 -0.0011770940040537517 0.00063300556949859982 0.00065171033659417799 -0.00077962667923125529 0.0028612852655295613 -0.00011867487423897167 0.0020687002792687003 -9.4676935934453948e-05 -0.0002682764841497862 0.0009921740522867992
leaf_weight=575 15.999999999999998 13.999999999999998 193 88 303 66 1024 51 12.999999999999998 9.9999999999999982 129
leaf_count=575 16 14 193 88 303 66 1024 51 13 10 129
internal_value=0 -0.000117793 -0.000201233 -0.000385441 -0.000799755 8.1842e-05 0 -8.27463e-05 4.05036e-05 0.000161729 0.000256264
internal_weight=0 2314 2234 966 391 80 1268 1075 168 155 145
internal_count=2482 2314 2234 966 391 80 1268 1075 168 155 145
is_linear=0
shrinkage=0.0253571


Tree=250
num_leaves=14
num_cat=0
split_feature=0 1 0 1 2 5 2 0 2 0 0 1 1
split_gain=0.11965 0.1115 0.150844 0.0566564 0.0434007 0.0345821 0.0438416 0.086384 0.0708769 0.075367 0.0189549 3.34585e-06 0.00539428
threshold=0.69075046049342437 -1.4573852342427978 1.549674650255388 1.4030474588733692 -0.22972545297896871 1.1199807455555051 1.8324032063114493 -1.01349757425266 -1.0030237002128752 -0.10680792239653754 -1.2535075233997917 0.49014340787884753 -0.72706199344718081
decision_type=2 2 2 2 2 2 2 2 2 2 2 2 2
left_child=3 2 -2 5 -4 6 7 10 -9 -10 -1 12 -3
right_child=1 11 4 -5 -6 -7 -8 8 9 -11 -12 -13 -14
leaf_value=-0.027069438322424765 0.0002605923763283395 3.682932757806514e-05 0.0024792662518780904 0.0022981110138214343 0.0054642788705951545 0.00017163610716764381 0.00028218775399757649 0.00020303237377938867 -0.00019069284552171006 -2.0799592031729686e-05 0.00065241156743175803 0.0043752986955541626 -0.00058878908244224286
leaf_weight=13.999999999999998 51 127 7.9999999999999991 58 48 86 71 134 1022 595 117 45 106
leaf_count=14 51 127 8 58 48 86 71 134 1022 595 117 45 106
internal_value=0 0.000228686 0.000902165 -0.000169129 0.00174349 -0.000217319 -0.000246272 -0.000279033 -0.000339518 -0.000390978 0 0 -2.99883e-06
internal_weight=0 385 107 2097 56 2039 1953 1882 1751 1617 131 278 233
internal_count=2482 385 107 2097 56 2039 1953 1882 1751 1617 131 278 233
is_linear=0
shrinkage=0.0253571


Tree=251
num_leaves=18
num_cat=0
split_feature=0 1 0 1 0 2 0 2 2 0 2 2 2 0 0 1 1
split_gain=0.099339 0.1115 0.150844 0.0610198 0.0466244 0.0780617 0.0543517 0.0434007 0.0363484 0.0194947 0.0572273 0.0090509 0.00791985 0.00266556 0.0024403 3.34585e-06 0.00539428
threshold=0.69075046049342437 -1.4573852342427978 1.549674650255388 1.0378858384755605 0.2699281981645501 2.3479353711340543 0.075252731610224458 -0.22972545297896871 -0.22972545297896871 -0.12927805724688482 2.0901692887227514 -1.0030237002128752 2.0901692887227514 -0.059305268897118839 -0.8227642366194482 0.49014340787884753 -0.72706199344718081
decision_type=2 2 2 2 2 2 2 2 2 2 2 2 2 2 2 2 2
left_child=3 2 -2 4 6 11 8 -4 -1 10 -10 -6 -8 -11 -5 16 -3
right_child=1 15 7 14 5 -7 12 -9 9 13 -12 -13 -14 -15 -16 -17 -18
leaf_value=-1.8897130490356458e-05 0.00025398451175093499 3.5895442970485862e-05 0.0024163992721353716 -0.001172315208614266 4.3858333692581534e-05 0.0077818747632418641 0.00055280721582470066 0.0053257206545076607 -0.00023372233645684308 0.0020626182520832228 0.00051072878363710693 -0.00060203100245531009 -0.00066868486645862849 -0.00055493865059285015 0.0010304646035228595 0.0042643538487660117 -0.00057385910415104339
leaf_weight=704 51 127 7.9999999999999991 63 23 4.9999999999999991 200 48 500 40 30 211 6.9999999999999991 72 242 45 106
leaf_count=704 51 127 8 63 23 5 200 48 500 40 30 211 7 72 242 45 106
internal_value=0 0.000228686 0.000902165 -0.000145017 -0.000215442 -0.000675053 -3.29854e-05 0.00174349 -0.000164612 -0.00030427 -0.000367822 -0.000821049 3.3645e-06 0 0 0 -2.99883e-06
internal_weight=0 385 107 2097 1792 239 1553 56 1346 642 530 234 207 112 305 278 233
internal_count=2482 385 107 2097 1792 239 1553 56 1346 642 530 234 207 112 305 278 233
is_linear=0
shrinkage=0.0253571


Tree=252
num_leaves=12
num_cat=0
split_feature=5 2 1 5 1 1 2 5 1 1 2
split_gain=0.0323852 0.0788159 0.0568206 0.227189 0.287447 0.0428873 0.00611399 0.00888672 0.00591206 0.021131 0.00182753
threshold=1.1199807455555051 2.0901692887227514 0.12498178748103896 1.0000000180025095e-35 -1.4573852342427978 -1.8225468546406065 2.0901692887227514 4.6209784917378274 0.42928313781254618 1.4030474588733692 -1.0030237002128752
decision_type=2 2 2 2 2 2 2 2 2 2 2
left_child=1 2 3 -1 -5 -3 7 10 -4 -10 -2
right_child=6 5 8 4 -6 -7 -8 -9 9 -11 -12
leaf_value=8.9018920535803128e-07 0.0015309985912747837 -0.0011444256468682076 0.00062771632407901152 0.00061687854594821715 -0.00074603897107528331 0.0028020805025296808 -0.00036587920315590486 -0.00032936846265328588 -0.00012954335797922621 0.0019318410636837981 0.00096314238852562069
leaf_weight=575 15.999999999999998 13.999999999999998 193 88 303 66 12.999999999999998 9.9999999999999982 1024 51 129
leaf_count=575 16 14 193 88 303 66 13 10 1024 51 129
internal_value=0 -9.59356e-05 -0.000178595 -0.000333278 -0.000799755 8.1842e-05 4.05036e-05 0.000161729 0 -5.92941e-05 0.000256264
internal_weight=0 2314 2234 966 391 80 168 155 1268 1075 145
internal_count=2482 2314 2234 966 391 80 168 155 1268 1075 145
is_linear=0
shrinkage=0.0253571


Tree=253
num_leaves=13
num_cat=0
split_feature=0 1 1 2 5 2 0 2 0 2 0 1
split_gain=0.138541 0.0467131 0.0385153 0.28223 0.0345113 0.0448295 0.0807899 0.065694 0.0765395 0.0186054 0.0125479 0.00641226
threshold=0.57872829698511352 1.4030474588733692 -0.72706199344718081 -0.22972545297896871 1.1199807455555051 1.8324032063114493 -1.01349757425266 -1.0030237002128752 -0.10680792239653754 1.8324032063114493 -1.3816267133359827 0.67272421807775196
decision_type=2 2 2 2 2 2 2 2 2 2 2 2
left_child=1 4 3 -2 5 6 10 -8 -9 -5 -1 -4
right_child=2 -3 11 9 -6 -7 7 8 -10 -11 -12 -13
leaf_value=-0.030412505823132895 -0.00061477441645596575 0.0021107064436668506 -0.00052340085767140138 0.0022193525925975925 0.00016938844138999226 0.00024095206843655043 0.00021217901185356306 -0.00018783683908356214 -1.7572693888307832e-05 0.0015578985916131374 0.00064793123483174674 0.0058408747216056869
leaf_weight=6.9999999999999991 75 57 148 133 79 68 130 1022 550 48 124 41
leaf_count=7 75 57 148 133 79 68 130 1022 550 48 124 41
internal_value=0 -0.000149275 0.00031067 0.000510413 -0.00019505 -0.000226396 -0.00026234 -0.00032328 -0.000374009 0.00115505 0 0
internal_weight=0 2037 445 256 1980 1901 1833 1702 1572 181 131 189
internal_count=2482 2037 445 256 1980 1901 1833 1702 1572 181 131 189
is_linear=0
shrinkage=0.0253571


Tree=254
num_leaves=13
num_cat=0
split_feature=0 1 2 1 1 0 2 2 0 2 0 1
split_gain=0.107624 0.0385153 0.28223 0.0360082 0.0239319 0.0244474 0.0406382 0.0346343 0.0494252 0.0186054 0.0181636 0.00641226
threshold=0.57872829698511352 -0.72706199344718081 -0.22972545297896871 1.4030474588733692 -1.9442673947732094 -1.0604089084139114 1.8324032063114493 -1.0030237002128752 -0.10680792239653754 1.8324032063114493 -1.3816267133359827 0.67272421807775196
decision_type=2 2 2 2 2 2 2 2 2 2 2 2
left_child=3 2 -2 4 -1 10 7 -7 -9 -4 -6 -3
right_child=1 11 9 -5 5 6 -8 8 -10 -11 -12 -13
leaf_value=7.6526045079248676e-05 -0.00059918552568784429 -0.00051012893454030126 0.002163076267142414 0.0020571850684872957 -0.030233090718276841 0.00010667670400864918 0.00023484222493184919 -0.00017076237680315552 -6.745523117270034e-06 0.0015183948153946792 0.00071886036631681573 0.0056927671302871782
leaf_weight=14.999999999999998 75 148 133 57 8.9999999999999982 136 68 1091 577 48 84 41
leaf_count=15 75 148 133 57 9 136 68 1091 577 48 84 41
internal_value=0 0.00031067 0.000510413 -0.000112044 -0.000156751 -0.000180455 -0.000206266 -0.000242029 -0.000276835 0.00115505 0 0
internal_weight=0 445 256 2037 1980 1965 1872 1804 1668 181 93 189
internal_count=2482 445 256 2037 1980 1965 1872 1804 1668 181 93 189
is_linear=0
shrinkage=0.0253571


Tree=255
num_leaves=17
num_cat=0
split_feature=5 5 2 2 6 3 2 2 2 2 2 2 2 5 2 2
split_gain=0.010285 0.0651028 0.0748808 0.108497 0.070787 0.0518648 0.0639494 0.0434839 0.025697 0.0250744 0.0231104 0.013952 0.00611399 0.00888672 0.00245787 0.00182753
threshold=1.1199807455555051 1.0000000180025095e-35 2.3479353711340543 0.54357279425493799 1.0000000180025095e-35 1.0000000180025095e-35 -0.74525761780157318 -1.0030237002128752 1.3168710414888449 -1.0030237002128752 0.28580671184363571 0.28580671184363571 2.0901692887227514 4.6209784917378274 -0.74525761780157318 -1.0030237002128752
decision_type=2 2 2 2 2 2 2 2 2 2 2 2 2 2 2 2
left_child=1 4 3 5 7 9 -7 -1 14 -3 -11 -8 13 15 -9 -2
right_child=12 2 -4 -5 -6 6 11 8 -10 10 -12 -13 -14 -15 -16 -17
leaf_value=-0.0019236194888053993 0.0014946223872224196 9.4248838172256031e-05 0.0020978836835816644 -0.00075698416378757437 -0.00020107712100326437 -0.00069350818751023251 0.0008090847424011339 7.5654939368406104e-05 -8.7200666811316699e-06 -0.00034304692394112484 0.00065424289475571817 0.00029665604488164854 -0.00043460742253087367 -0.00040131187740579386 0.00023981410868362479 0.00093459574815431723
leaf_weight=19 15.999999999999998 43 22 185 438 101 257 86 139 357 34 23 12.999999999999998 9.9999999999999982 610 129
leaf_count=19 16 43 22 185 438 101 257 86 139 357 34 23 13 10 610 129
internal_value=0 -5.22207e-05 -0.000216482 -0.000309416 0 0 0 0.000199806 0.000272141 -0.000275232 -0.000352904 0.000379023 4.05036e-05 0.000161729 0.000335037 0.000256264
internal_weight=0 2314 1022 1000 1292 815 381 854 835 434 391 280 168 155 696 145
internal_count=2482 2314 1022 1000 1292 815 381 854 835 434 391 280 168 155 696 145
is_linear=0
shrinkage=0.0253571


Tree=256
num_leaves=8
num_cat=0
split_feature=2 5 5 4 5 5 2
split_gain=0.0105559 0.0513751 0.0294818 0.0210996 0.0018406 0.000898208 0.000218373
threshold=2.0901692887227514 1.1199807455555051 1.0000000180025095e-35 -1.518634353124295 4.6209784917378274 1.1199807455555051 -1.0030237002128752
decision_type=2 2 2 2 2 2 2
left_child=1 2 -1 -4 6 -2 -3
right_child=5 4 3 -5 -6 -7 -8
leaf_value=-7.3372355066523006e-06 0.0017725203694993652 0.0014567231114712125 0.0080028758591586431 -0.00016608948251147307 -0.00039113577564650213 -0.00042358704260695557 0.0009108971188028234
leaf_weight=1247 80 15.999999999999998 7.9999999999999991 979 9.9999999999999982 12.999999999999998 129
leaf_count=1247 80 16 8 979 10 13 129
internal_value=0 -5.32321e-05 -0.000133319 -0.000243258 4.44967e-06 0 8.8584e-05
internal_weight=0 2389 2234 987 155 93 145
internal_count=2482 2389 2234 987 155 93 145
is_linear=0
shrinkage=0.0253571


Tree=257
num_leaves=17
num_cat=0
split_feature=1 5 1 1 2 4 2 6 2 2 5 2 2 1 1 2
split_gain=0.015021 0.0655815 0.180089 0.222696 0.124739 0.109845 0.0452193 0.0350504 0.0472277 0.027246 0.00297667 0.0027015 0.00265358 0.00158952 0.0608464 0.000788473
threshold=0.67272421807775196 1.0000000180025095e-35 -1.4573852342427978 0.36842286774624472 2.0901692887227514 -1.518634353124295 0.54357279425493799 1.0000000180025095e-35 1.3168710414888449 -1.0030237002128752 1.0000000180025095e-35 -0.22972545297896871 -1.0030237002128752 0.36842286774624472 -1.2139441539775919 -0.22972545297896871
decision_type=2 2 2 2 2 2 2 2 2 2 2 2 2 2 2 2
left_child=1 13 15 4 5 -4 -7 8 9 -2 12 -12 -9 14 -1 -3
right_child=7 2 3 -5 -6 6 -8 10 -10 -11 11 -13 -14 -15 -16 -17
leaf_value=-4.686954928679014e-05 -0.006344162603456608 -0.00039408232340871374 0.0022140858337899791 6.4751089925244943e-06 0.0015993922627205732 -0.00032619578686846155 -0.001395990311482589 0.00048057617145533629 -0.00056397598432465876 0.0016946074625975333 0.0012247589187350863 -0.0013186298929186275 -0.00035901446236514791 -0.00074513737865127406 0.00043461930415569983 0.001742178256740036
leaf_weight=219 9.9999999999999982 30 8.9999999999999982 261 18 326 108 65 23 181 218 24 284 174 440 92
leaf_count=219 10 30 9 261 18 326 108 65 23 181 218 24 284 174 440 92
internal_value=0 -7.57492e-05 -0.000246892 -0.000479767 -0.000815614 -0.000932965 -0.00102404 0 0.0003199 0.00051792 0 0 -7.34031e-05 0 3.91966e-05 0
internal_weight=0 1677 844 722 461 443 434 805 214 191 591 242 349 833 659 122
internal_count=2482 1677 844 722 461 443 434 805 214 191 591 242 349 833 659 122
is_linear=0
shrinkage=0.0253571


Tree=258
num_leaves=16
num_cat=0
split_feature=0 3 6 1 0 0 0 0 0 0 0 0 0 0 0
split_gain=0.127257 0.081817 0.111144 0.0789527 0.11406 0.1592 0.0962237 0.0926077 0.0634241 0.0373383 0.030493 0.0165389 0.00139683 0.000766593 8.79583e-05
threshold=0.57872829698511352 -0.86158447112794823 1.0000000180025095e-35 -0.4227606431156738 -0.41974725658427031 0.41867786278790214 -0.42901125954888714 -0.56002134402722825 0.40251513421133661 -1.3816267133359827 -0.95068632010958376 -0.77900660559508761 -0.61941608643867285 -0.41974725658427031 -1.0604089084139114
decision_type=2 2 2 2 2 2 2 2 2 2 2 2 2 2 2
left_child=3 -2 -3 4 12 -6 7 9 13 -5 -11 -12 14 -8 -1
right_child=1 2 -4 6 5 -7 8 -9 -10 10 11 -13 -14 -15 -16
leaf_value=0.00026299253688455415 -0.00045157266072393376 0.0013043336548648639 -0.00021620919226314741 -0.037663639876053798 -0.00068195010425370827 0.0010988386154628907 0.001068953325573985 -0.0010361637159313768 -0.001434244976639615 0.0005737057171105981 -0.00073594702352398835 0.00021558005369026964 0.0011996901073126861 0.00017547803707160844 -0.00027986998379353939
leaf_weight=11.999999999999998 97 324 24 9.9999999999999982 226 23 7.9999999999999991 115 55 164 135 170 75 861 183
leaf_count=12 97 324 24 10 226 23 8 115 55 164 135 170 75 861 183
internal_value=0 0.00031067 0.000521017 -0.000136865 -0.000411735 -0.000797632 0 -0.000286357 0.000116623 0 0 0 0 0.000247083 -6.65726e-05
internal_weight=0 445 348 2037 519 249 1518 594 924 479 469 305 270 869 195
internal_count=2482 445 348 2037 519 249 1518 594 924 479 469 305 270 869 195
is_linear=0
shrinkage=0.0253571


Tree=259
num_leaves=9
num_cat=0
split_feature=2 5 5 3 3 4 5 5
split_gain=0.0105559 0.0513751 0.0294818 0.0231306 0.0289559 0.0166893 0.0018406 0.000898208
threshold=2.0901692887227514 1.1199807455555051 1.0000000180025095e-35 1.0000000180025095e-35 1.1798977793155532 -1.518634353124295 4.6209784917378274 1.1199807455555051
decision_type=2 2 2 2 2 2 2 2
left_child=1 2 -1 5 -5 -4 -3 -2
right_child=7 6 3 4 -6 -7 -8 -9
leaf_value=-3.8133433498318668e-06 0.001707650093328846 0.00088318561528389445 0.0040256240961546513 0.00053792338770463754 -0.0004609735221374806 -0.00022974208750078348 -0.00041748629887157474 -0.00049009678696419539
leaf_weight=1247 80 145 5.9999999999999991 328 137 516 9.9999999999999982 12.999999999999998
leaf_count=1247 80 145 6 328 137 516 10 13
internal_value=0 -5.32321e-05 -0.000133319 -0.000243258 0 -0.000373393 4.44967e-06 0
internal_weight=0 2389 2234 987 465 522 155 93
internal_count=2482 2389 2234 987 465 522 155 93
is_linear=0
shrinkage=0.0253571


Tree=260
num_leaves=13
num_cat=0
split_feature=0 1 5 3 3 1 5 1 0 0 0 3
split_gain=0.110986 0.0423446 0.0851584 0.0614182 0.0421548 0.02749 0.0894833 0.0990263 0.021828 0.00407146 0.00397183 0.00234092
threshold=-0.10680792239653754 0.12498178748103896 1.1199807455555051 1.1798977793155532 1.0000000180025095e-35 0.67272421807775196 1.0000000180025095e-35 -1.761686584574305 2.7210782591642872 -0.06843786756436529 1.4407404877352825 -0.86158447112794823
decision_type=2 2 2 2 2 2 2 2 2 2 2 2
left_child=5 8 3 4 11 6 -1 -8 9 -2 -11 -3
right_child=1 2 -4 -5 -6 -7 7 -9 -10 10 -12 -13
leaf_value=-6.483772565162654e-06 0.00047212669872666118 0.0014104592365077389 -0.00025928412362436089 -4.6695953812403638e-05 0.0026335647164799376 -1.4658471944659838e-05 0.0015352702638748031 -0.0017663152134620749 0.0069880759092903026 -0.00019429181570563197 6.4602040475525996e-05 -0.00063848975803908637
leaf_weight=639 14.999999999999998 113 63 65 140 572 4.9999999999999991 165 47 405 113 140
leaf_count=639 15 113 63 65 140 572 5 165 47 405 113 140
internal_value=0 0.000149508 0.000313982 0.000479494 0.0006052 -0.000183307 -0.00028082 -0.00083145 0 -4.83557e-05 -8.60174e-05 0
internal_weight=0 1101 521 458 393 1381 809 170 580 533 518 253
internal_count=2482 1101 521 458 393 1381 809 170 580 533 518 253
is_linear=0
shrinkage=0.0253571


Tree=261
num_leaves=12
num_cat=0
split_feature=0 5 2 0 2 2 0 0 3 0 0
split_gain=0.0863601 0.0362936 0.0347937 0.0380563 0.0559338 0.0281841 0.089225 0.00305945 0.0026664 0.00179801 0.051818
threshold=-0.10680792239653754 1.1199807455555051 2.0901692887227514 -1.0604089084139114 -1.0030237002128752 1.0000000180025095e-35 1.3452095635469634 -1.3816267133359827 1.1798977793155532 0.30343629399401534 1.0000000180025095e-35
decision_type=2 2 2 2 2 2 2 2 2 2 2
left_child=1 2 3 7 -5 -2 9 -1 -6 10 -7
right_child=5 -3 -4 4 8 6 -8 -9 -10 -11 -12
leaf_value=-0.031431211506492508 5.946161921863934e-06 0.00013550696759791442 0.00050885961043621597 0.001018820288108066 -0.00016293532393333842 -0.00012917014150467542 0.0030294527385287175 0.00064286357394984352 -3.1601987882645991e-05 -0.000326709869774842 0.0010143631883205856
leaf_weight=7.9999999999999991 654 49 31 102 958 36 120 85 148 178 113
leaf_count=8 654 49 31 102 958 36 120 85 148 178 113
internal_value=0 -0.000165028 -0.000213705 -0.000252719 -0.000298179 0.000126606 0.000281325 0 -0.000359722 0 8.63012e-05
internal_weight=0 1381 1332 1301 1208 1101 447 93 1106 327 149
internal_count=2482 1381 1332 1301 1208 1101 447 93 1106 327 149
is_linear=0
shrinkage=0.0253571


Tree=262
num_leaves=12
num_cat=0
split_feature=0 1 3 3 0 1 1 1 0 1 1
split_gain=0.0541282 0.0394482 0.0486142 0.0610263 0.0274965 0.0494189 0.0171792 0.0201563 0.0854384 1.67021e-06 0.002281
threshold=-0.10680792239653754 0.12498178748103896 1.0000000180025095e-35 1.1798977793155532 2.7210782591642872 -1.5182455043090994 -1.5182455043090994 0.67272421807775196 -0.92657363154210592 0.79444475821035476 1.5247679990059719
decision_type=2 2 2 2 2 2 2 2 2 2 2
left_child=6 4 -3 -4 5 -2 -1 8 -8 -9 -11
right_child=1 2 3 -5 -6 -7 7 9 -10 10 -12
leaf_value=8.2580552011668471e-06 0.00056957898238694214 1.0161713842140148e-05 0.0022829004873930222 -1.8086950461272078e-05 0.0067340605246589231 -0.00026001823139067213 2.1341346436712353e-05 0.0006363796399316171 -0.00034931989731300201 -0.00014136005276669524 0.0020386706569828412
leaf_weight=89 139 290 160 71 47 394 153 99 567 457 15.999999999999998
leaf_count=89 139 290 160 71 47 394 153 99 567 457 16
internal_value=0 0.000103705 0.000265886 0.000537481 0 -9.53809e-05 -0.00012847 -0.000161693 -0.000254132 0 -1.49698e-06
internal_weight=0 1101 521 231 580 533 1381 1292 720 572 473
internal_count=2482 1101 521 231 580 533 1381 1292 720 572 473
is_linear=0
shrinkage=0.0253571


Tree=263
num_leaves=8
num_cat=0
split_feature=0 1 1 0 2 3 0
split_gain=0.0432045 0.0518227 0.0746504 0.0685711 0.109303 0.0444243 0.035351
threshold=2.7210782591642872 0.67272421807775196 -1.5182455043090994 -0.92657363154210592 2.0901692887227514 1.1798977793155532 0.54476028611485161
decision_type=2 2 2 2 2 2 2
left_child=1 2 -1 -4 5 -5 -3
right_child=-2 6 3 4 -6 -7 -8
leaf_value=8.1950045761571019e-05 0.0066790316429609546 -3.3652156811044885e-05 2.0800191974964931e-05 -0.00028527391659431196 0.0013869806497714113 6.9349162007760632e-07 0.0054470080665519121
leaf_weight=228 53 762 153 1048 46 152 40
leaf_count=228 53 762 153 1048 46 152 40
internal_value=0 -3.15325e-05 -0.000147934 -0.000244117 -0.000319505 -0.000405266 0
internal_weight=0 2429 1627 1399 1246 1200 802
internal_count=2482 2429 1627 1399 1246 1200 802
is_linear=0
shrinkage=0.0253571


Tree=264
num_leaves=13
num_cat=0
split_feature=0 5 0 0 0 0 2 3 0 3 0 0
split_gain=0.0693212 0.13285 0.0196085 0.0217311 0.0436334 0.0118482 0.0279234 0.0344937 0.00248666 0.0300586 0.00331237 0.00108046
threshold=0.075252731610224458 1.0000000180025095e-35 -0.84654841444350015 -1.0604089084139114 -1.3816267133359827 -0.15818700266838448 -0.74525761780157318 -0.86158447112794823 -0.42901125954888714 -0.86158447112794823 -0.69129423710031046 0.016055095644835603
decision_type=2 2 2 2 2 2 2 2 2 2 2 2
left_child=2 -2 3 4 -1 8 -7 -8 10 -10 -4 -9
right_child=1 -3 5 -5 -6 6 7 11 9 -11 -12 -13
leaf_value=-0.036456472654566384 0.0016942743775482602 9.9298042292876433e-06 0.00045375940617026607 -0.00039856225067980486 0.0006443210905838514 6.7393489053378135e-06 0.0002301033294983468 -0.00037754377756652309 -0.00021684026772032314 0.00015568352012138026 -0.00021337613032763072 0.00010825890153880213
leaf_weight=9.9999999999999982 147 713 194 255 90 77 78 159 95 324 313 27
leaf_count=10 147 713 194 255 90 77 78 159 95 324 313 27
internal_value=0 0.000154512 -0.000121135 -0.000317877 0 0 -0.000148123 -0.000307627 0 6.13195e-05 0 -0.000498413
internal_weight=0 860 1622 355 100 1267 341 264 926 419 507 186
internal_count=2482 860 1622 355 100 1267 341 264 926 419 507 186
is_linear=0
shrinkage=0.0253571


Tree=265
num_leaves=21
num_cat=0
split_feature=0 1 0 1 1 2 0 2 0 0 1 2 0 1 0 1 1 2 0 2
split_gain=0.0493486 0.0426367 0.108953 0.0317989 0.0607682 0.0979122 0.0789711 0.0701684 0.0373383 0.0679244 0.12199 0.0539977 0.0347534 0.0238247 0.0209626 0.0833043 0.336569 0.060302 0.0722708 0.0141734
threshold=0.075252731610224458 -1.3356646941101948 1.7584760787770368 -0.17931956285046807 -1.8834071247069077 1.0000000180025095e-35 1.0000000180025095e-35 1.5746371239001469 -1.3816267133359827 -0.93544342161461114 1.1596063786081634 1.5746371239001469 -1.0777542756668113 0.36842286774624472 -0.42901125954888714 0.24670232761364183 0.7335844881440533 -0.74525761780157318 0.036094250993829506 1.0000000180025095e-35
decision_type=2 2 2 2 2 2 2 2 2 2 2 2 2 2 2 2 2 2 2 2
left_child=3 2 -2 4 -1 -6 7 12 -5 10 11 -10 -7 -3 15 -11 -17 18 -16 -19
right_child=1 13 -4 8 5 6 -8 -9 9 14 -12 -13 -14 -15 17 16 -18 19 -20 -21
leaf_value=1.6077019408551638e-05 0.00010644827604259009 -0.0001936004538674118 0.0041561973628665054 -0.035532042563151615 4.1685425719129968e-06 0.00039352676075134723 0.0041471714591326475 -8.8585025941655772e-05 0.00087806342092993609 0.00087054607852817814 -0.00084096249758134354 -0.0011557065978008557 -0.00046535004419049058 0.0010377008341746633 0.0016286375594633962 -0.0022113225829956972 4.7471943097986716e-05 -0.00015238924966949768 -0.0017719044783689006 0.00074055790580388717
leaf_weight=40 133 387 56 9.9999999999999982 227 4.9999999999999991 11.999999999999998 55 108 48 38 5.9999999999999991 164 284 166 98 216 360 5.9999999999999991 63
leaf_count=40 133 387 56 10 227 5 12 55 108 48 38 6 164 284 166 98 216 360 6 63
internal_value=0 0.000125239 0.000458282 -0.000105562 -0.000275285 -0.000406833 -0.000761927 -0.000911783 0 0 0.000525385 0.00100782 -0.0011618 0 0 -0.000191323 -0.000457558 0 0.000466427 0
internal_weight=0 860 189 1622 503 463 236 224 1119 1109 152 114 169 671 957 362 314 595 172 423
internal_count=2482 860 189 1622 503 463 236 224 1119 1109 152 114 169 671 957 362 314 595 172 423
is_linear=0
shrinkage=0.0253571


Tree=266
num_leaves=13
num_cat=0
split_feature=0 3 6 2 2 2 0 0 0 0 0 0
split_gain=0.0992765 0.125735 0.0672266 0.10668 0.013543 0.0226441 0.0481152 0.0175351 0.00138698 0.120525 0.037547 0.000613566
threshold=0.57872829698511352 -0.86158447112794823 1.0000000180025095e-35 -1.0030237002128752 -0.22972545297896871 1.0591049590775425 -0.81192338208638593 0.54476028611485161 -0.8227642366194482 -0.92657363154210592 -0.69129423710031046 -1.3816267133359827
decision_type=2 2 2 2 2 2 2 2 2 2 2 2
left_child=4 -2 3 -3 8 6 -6 -8 9 11 -10 -1
right_child=1 2 -4 -5 5 -7 7 -9 10 -11 -12 -13
leaf_value=-0.025599143755873625 -0.00041864458983974261 -0.00080949125212434882 -0.00025288863678443675 0.0013980179438694801 9.2392911079248268e-06 1.5669352965786754e-05 -0.00025921255184660393 0.0019686440376091986 0.0010247913385342431 -0.0021309167824457085 -3.5130057075156176e-05 0.00066647675553751162
leaf_weight=5.9999999999999991 97 13.999999999999998 24 310 140 245 477 5.9999999999999991 78 69 896 120
leaf_count=6 97 14 24 310 140 245 477 6 78 69 896 120
internal_value=0 0.00031067 0.000592602 0.000712459 -9.96338e-05 -0.000182104 -0.000263084 -0.000390202 0 -6.65726e-05 0 0
internal_weight=0 445 348 324 2037 868 623 483 1169 195 974 126
internal_count=2482 445 348 324 2037 868 623 483 1169 195 974 126
is_linear=0
shrinkage=0.0253571


Tree=267
num_leaves=12
num_cat=0
split_feature=0 3 2 3 1 1 0 2 2 0 0
split_gain=0.0591341 0.0836881 0.0352042 0.0564932 0.0324961 0.0238495 0.0191073 0.0532066 0.026998 0.0432634 0.0119036
threshold=0.57872829698511352 -0.86158447112794823 -1.0030237002128752 1.1798977793155532 1.4030474588733692 -1.8834071247069077 -1.0604089084139114 -1.0030237002128752 1.8324032063114493 -0.10680792239653754 -1.3816267133359827
decision_type=2 2 2 2 2 2 2 2 2 2 2
left_child=4 -2 -3 -4 5 -1 10 -8 9 -9 -7
right_child=1 2 3 -5 -6 6 7 8 -10 -11 -12
leaf_value=1.5693335432384106e-05 -0.0004080289809155813 -0.00054094566565119934 0.0012589574954814935 0.00010513511471781671 0.0020598186828133195 -0.025241878959814026 0.00020128268084327434 -0.00013448952209734786 8.0239573409348244e-05 -1.5744265059418313e-05 0.00062431082012148504
leaf_weight=55 97 17 273 58 57 8.9999999999999982 134 1074 64 561 83
leaf_count=55 97 17 273 58 57 9 134 1074 64 561 83
internal_value=0 0.000198277 0.000449432 0.000528484 -9.96338e-05 -0.000143984 -0.000171062 -0.000193406 -0.00024578 -0.000270814 0
internal_weight=0 445 348 331 2037 1980 1925 1833 1699 1635 92
internal_count=2482 445 348 331 2037 1980 1925 1833 1699 1635 92
is_linear=0
shrinkage=0.0253571


Tree=268
num_leaves=21
num_cat=0
split_feature=0 1 5 1 1 2 0 2 2 0 1 1 2 2 0 0 2 0 0 2
split_gain=0.0659058 0.0549066 0.215135 0.16832 0.174645 0.0609562 0.035351 0.0112813 0.0174541 0.100717 0.00484853 0.0664494 0.0374463 0.017021 0.0357104 0.107336 0.00295558 0.00194865 0.00461953 0.00110286
threshold=2.7210782591642872 0.67272421807775196 1.0000000180025095e-35 -1.4573852342427978 0.36842286774624472 2.0901692887227514 0.54476028611485161 1.0000000180025095e-35 -0.74525761780157318 -0.61034918992011156 0.36842286774624472 -0.4227606431156738 0.54357279425493799 0.80133887666624026 -1.01349757425266 -0.41974725658427031 -1.0030237002128752 -0.44464837093597093 -0.12421899179812244 1.3168710414888449
decision_type=2 2 2 2 2 2 2 2 2 2 2 2 2 2 2 2 2 2 2 2
left_child=1 2 10 -4 5 16 7 8 17 -10 11 -1 -13 14 -12 -16 -5 -3 -19 -9
right_child=-2 6 3 4 -6 -7 -8 19 9 -11 13 12 -14 -15 15 -17 -18 18 -20 -21
leaf_value=-2.9911986956606538e-05 0.0064469550159850109 -0.0015003506500366191 0.00059166768830228673 -0.00038682806162742818 -1.3150330497541509e-05 0.00029008128073893782 0.005285664485870375 0.0017323584950561185 0.00041813911817830909 -0.00057765598062089042 0.0004354973012580977 0.0010827000698825882 4.5882838366348283e-06 0.00092354634768805437 -0.0036519349003596882 0.001044541359296886 -0.00068817989115832826 0.0026423415399159573 0.00076000194172344776 -0.00087377609218150791
leaf_weight=452 53 114 114 26 259 13.999999999999998 40 64 104 323 15.999999999999998 143 51 43 42 73 394 86 51 20
leaf_count=452 53 114 114 26 259 14 40 64 104 323 16 143 51 43 42 73 394 86 51 20
internal_value=0 -8.35957e-05 -0.000178986 -0.000484187 -0.00065379 -0.000966439 0 0 -0.000102963 -0.000206515 0 6.91363e-05 0.000478499 0 -0.000282409 -0.000528861 -0.00102793 0 9.3532e-05 0
internal_weight=0 2429 1627 807 693 434 802 762 678 427 820 646 194 174 131 115 420 251 137 84
internal_count=2482 2429 1627 807 693 434 802 762 678 427 820 646 194 174 131 115 420 251 137 84
is_linear=0
shrinkage=0.0253571


Tree=269
num_leaves=20
num_cat=0
split_feature=0 1 0 1 0 4 1 0 1 0 0 5 1 0 0 1 0 1 0
split_gain=0.0843636 0.047335 0.0394387 0.0438653 0.0757093 0.127733 0.0557002 0.0390639 0.0631109 0.0402692 0.0189114 0.0266748 0.0176801 0.112636 0.153812 0.0300198 0.0573576 0.00211689 0.000642264
threshold=-0.84654841444350015 -1.8834071247069077 2.7210782591642872 0.7335844881440533 0.24259610431149578 -1.518634353124295 -1.8225468546406065 -1.0604089084139114 0.49014340787884753 -1.3816267133359827 -0.8227642366194482 4.6209784917378274 0.42928313781254618 -0.41974725658427031 -0.8227642366194482 1.0000000180025095e-35 -0.33315182461714199 0.49014340787884753 -0.34675216939498393
decision_type=2 2 2 2 2 2 2 2 2 2 2 2 2 2 2 2 2 2 2
left_child=1 -1 3 4 12 -6 -7 9 -9 -3 -5 -12 15 14 -14 18 -17 -8 -2
right_child=2 7 -4 10 5 6 17 8 -10 -11 11 -13 13 -15 -16 16 -18 -19 -20
leaf_value=1.5632567397490651e-05 0.0001979551562518151 -0.033823047088610191 0.0062834789915422705 -0.00095850504160468488 0.007104923346590992 0.00061761539484677698 -0.0003724164011535271 -0.00071900346652061908 1.1420038745882487e-05 0.00055978266215301426 0.00050184266624883492 -0.0026213947275594606 0.0010058306235472263 7.040753875354585e-05 -0.0035754990151826774 -8.084950065610495e-05 0.0014012478008505794 -1.501158217298046e-05 -0.00034783245512035645
leaf_weight=12.999999999999998 252 9.9999999999999982 53 9.9999999999999982 18 62 394 149 94 89 595 5.9999999999999991 4.9999999999999991 245 53 49 104 61 220
leaf_count=13 252 10 53 10 18 62 394 149 94 89 595 6 5 245 53 49 104 61 220
internal_value=0 -0.000388074 0 0 -0.000112671 -0.000352712 -0.000534467 -0.000493585 -0.000664218 0 0.00012441 0.000189097 0 -0.000125324 -0.00109695 0.000101565 0.000402644 -0.000633802 0
internal_weight=0 355 2127 2074 1463 535 517 342 243 99 611 601 928 303 58 625 153 455 472
internal_count=2482 355 2127 2074 1463 535 517 342 243 99 611 601 928 303 58 625 153 455 472
is_linear=0
shrinkage=0.0253571


Tree=270
num_leaves=15
num_cat=0
split_feature=0 2 0 5 5 2 6 0 0 5 0 0 0 0
split_gain=0.0517651 0.0236972 0.101035 0.0938413 0.0334143 0.0199627 0.0282425 0.0167414 0.0122636 0.0172943 0.0127333 0.0112021 0.00782542 0.00517274
threshold=0.57872829698511352 1.0591049590775425 0.21276732880840302 -1.214017751899376 1.1199807455555051 -1.0030237002128752 1.0000000180025095e-35 0.075252731610224458 -0.93544342161461114 1.1199807455555051 -0.10680792239653754 0.54476028611485161 -1.3816267133359827 -1.01349757425266
decision_type=2 2 2 2 2 2 2 2 2 2 2 2 2 2
left_child=1 2 7 -4 11 -2 -7 8 12 10 -10 -5 -1 -14
right_child=5 -3 3 4 -6 6 -8 -9 9 -11 -12 -13 13 -15
leaf_value=-0.02370611973249041 -0.00059064970742927852 1.5236170964824476e-05 0.0041130035974849032 -0.0010934080435436064 0.00027581450260418666 0.00072118627868024269 -0.00027114062901157255 0.0010994213712722204 -0.00012682250978261268 7.5571669293078613e-05 2.5295209932461654e-05 0.00058276828553650991 0.0006020699629269682 -8.9914385304428568e-07
leaf_weight=8.9999999999999982 20 245 5.9999999999999991 191 12.999999999999998 397 28 146 956 54 205 7.9999999999999991 120 84
leaf_count=9 20 245 6 191 13 397 28 146 956 54 205 8 120 84
internal_value=0 -8.72235e-05 -0.000130835 -0.00065346 -0.000845724 0.000198277 0.000266276 0 -7.56403e-05 -0.000114788 -0.000152685 -0.000930186 0 0.000154187
internal_weight=0 2037 1792 218 212 445 425 1574 1428 1215 1161 199 213 204
internal_count=2482 2037 1792 218 212 445 425 1574 1428 1215 1161 199 213 204
is_linear=0
shrinkage=0.0253571


Tree=271
num_leaves=14
num_cat=0
split_feature=0 1 1 0 0 1 0 0 1 1 6 0 0
split_gain=0.0543615 0.052946 0.082336 0.121209 0.0772696 0.058091 0.0481794 0.035351 0.0075487 0.00142829 0.000476898 0.000465917 0.0250513
threshold=2.7210782591642872 0.67272421807775196 -1.5182455043090994 1.0183413738379625 0.075252731610224458 -1.4573852342427978 -0.92657363154210592 0.54476028611485161 -1.0313633437786878 -0.605341453314578 1.0000000180025095e-35 0.28950743847274729 -1.1509464693021534
decision_type=2 2 2 2 2 2 2 2 2 2 2 2 2
left_child=1 2 -1 4 6 -5 -4 10 -6 -10 11 12 -3
right_child=-2 7 3 5 8 -7 -8 -9 9 -11 -12 -13 -14
leaf_value=9.4324339608038211e-05 0.0061058610574805305 -0.0045371375460586767 6.1261735831805649e-06 0.0021127245534857835 0.0017135652805235096 -0.00070197415345815337 -0.0002281751655327433 0.0051215004242393617 -0.0021529195406399895 0.00015107905102742809 -8.5747171924575451e-05 -0.0022897603911406932 0.0013974511396068687
leaf_weight=228 53 4.9999999999999991 153 5.9999999999999991 74 134 707 40 48 277 579 23 155
leaf_count=228 53 5 153 6 74 134 707 40 48 277 579 23 155
internal_value=0 -6.27704e-05 -0.00016346 -0.000262161 -3.06294e-05 -0.00108874 -0.000242332 0 1.77035e-06 0 0 0 4.2453e-05
internal_weight=0 2429 1627 1399 1259 140 860 802 399 325 762 183 160
internal_count=2482 2429 1627 1399 1259 140 860 802 399 325 762 183 160
is_linear=0
shrinkage=0.0253571


Tree=272
num_leaves=19
num_cat=0
split_feature=0 6 2 5 5 0 0 0 0 0 0 0 2 2 2 2 0 0
split_gain=0.0527313 0.0214077 0.0408576 0.0160236 0.0283701 0.146248 0.00876621 0.0218693 0.00107293 0.000928162 0.0943249 0.0804818 0.0850567 0.109697 0.0218924 0.0809712 0.00167549 0.000564725
threshold=0.41867786278790214 1.0000000180025095e-35 -0.22972545297896871 2.2869799942829454 1.0000000180025095e-35 -0.33315182461714199 0.13188798377688957 0.35954592897119847 -0.29878960085476863 0.036094250993829506 0.30343629399401534 -0.35273106492533945 -1.0030237002128752 -0.22972545297896871 -1.0030237002128752 1.3168710414888449 -0.59195258828824826 0.030640972652955702
decision_type=2 2 2 2 2 2 2 2 2 2 2 2 2 2 2 2 2 2
left_child=3 2 -2 4 9 -6 8 -8 -7 11 -11 14 -13 -14 16 -16 -1 -10
right_child=1 -3 -4 -5 5 6 7 -9 17 10 -12 12 13 -15 15 -17 -18 -19
leaf_value=-0.0032746375520568368 -0.00017099877887898047 -0.00026809621666364319 0.00097963242163152378 0.0012150055568868818 -0.0022425225667096712 0.00068908111508728055 -0.00090445985681033788 0.00011275204180000308 0.00045861244132298039 0.0016304903275675498 -0.0052354251215911141 0.0020934432995304794 -0.00089164132623702934 5.5928116495266608e-06 0.00011938280946525531 -0.00049812793791251741 0.0022672468457601239 0.00021874931321278892
leaf_weight=40 154 40 321 40 165 14.999999999999998 168 32 238 91 12.999999999999998 24 199 113 660 75 22 72
leaf_count=40 154 40 321 40 165 15 168 32 238 91 13 24 199 113 660 75 22 72
internal_value=0 0.000195973 0.000264956 -8.38924e-05 -0.000111861 -0.000246872 0 -0.000157178 4.04439e-05 0 0 -2.2888e-05 -0.000391096 -0.000579959 0 0.000137807 0 6.24092e-05
internal_weight=0 515 475 1967 1927 690 525 200 325 1237 104 1133 336 312 797 735 62 310
internal_count=2482 515 475 1967 1927 690 525 200 325 1237 104 1133 336 312 797 735 62 310
is_linear=0
shrinkage=0.0253571


Tree=273
num_leaves=15
num_cat=0
split_feature=0 3 3 0 2 2 2 0 0 0 0 2 0 2
split_gain=0.0493486 0.0195524 0.0176467 0.100018 0.115634 0.0730602 0.0278097 0.0451838 0.0564835 0.0210566 0.0140822 0.0397888 0.0392313 0.00846455
threshold=0.075252731610224458 1.1798977793155532 1.0000000180025095e-35 -0.55469946998372499 0.28580671184363571 -1.0030237002128752 -0.22972545297896871 -0.54839206370994331 0.0075138163157561005 0.016055095644835603 0.69075046049342437 -1.0030237002128752 0.21276732880840302 2.0901692887227514
decision_type=2 2 2 2 2 2 2 2 2 2 2 2 2 2
left_child=2 10 3 -1 5 -5 7 -4 -9 13 12 -12 -2 -8
right_child=1 -3 6 4 -6 -7 9 8 -10 -11 11 -13 -14 -15
leaf_value=5.1851930909259536e-06 0.0014325985617301082 -6.7236749846001092e-05 -9.9637741381024058e-05 0.0016867536448166276 3.9661663810493612e-05 -0.00040245486806714134 -0.00034170762403106815 0.0008331813101496693 -0.00074370306504721693 0.0017992138151978708 -0.00063620957615952026 0.00096772925247934414 -0.00031830353707656679 0.0014581138424474866
leaf_weight=401 140 115 165 47 84 391 255 244 9.9999999999999982 11.999999999999998 10.999999999999998 317 277 12.999999999999998
leaf_count=401 140 115 165 47 84 391 255 244 10 12 11 317 277 13
internal_value=0 0.000125239 -0.000105562 -0.000178147 -0.000421398 -0.000615245 0 0.000120952 0.000368171 -0.000201839 0.000186604 0.000324589 0 -0.00030314
internal_weight=0 860 1622 923 522 438 699 419 254 280 745 328 417 268
internal_count=2482 860 1622 923 522 438 699 419 254 280 745 328 417 268
is_linear=0
shrinkage=0.0253571


Tree=274
num_leaves=18
num_cat=0
split_feature=0 1 1 0 2 0 0 2 0 0 2 2 2 0 0 0 2
split_gain=0.0498212 0.0574863 0.082336 0.212295 0.424794 0.060936 0.0408216 0.0658522 0.035351 0.00313359 0.0703019 0.000885293 0.0198587 0.0641158 0.00283311 0.0583499 0.00110286
threshold=2.7210782591642872 0.67272421807775196 -1.5182455043090994 1.0183413738379625 2.0901692887227514 0.075252731610224458 -0.92657363154210592 1.0591049590775425 0.54476028611485161 0.73588783664017499 -0.74525761780157318 1.0000000180025095e-35 -0.48749153539027096 -0.61034918992011156 -0.8227642366194482 -0.12927805724688482 1.3168710414888449
decision_type=2 2 2 2 2 2 2 2 2 2 2 2 2 2 2 2 2
left_child=1 2 -1 5 -5 6 -4 -8 11 10 -7 12 14 -14 -3 -16 -13
right_child=-2 8 3 4 -6 9 7 -9 -10 -11 -12 16 13 -15 15 -17 -18
leaf_value=0.00010576839707333479 0.0059016547565448807 -0.0018756544986358373 2.8121494772140295e-06 -0.00076310963751489774 0.0027401917015105427 -0.0020107946608129128 -0.00026252032593736648 2.9026337992758716e-05 0.0049748646957305763 -2.2699816848837456e-05 0.00048406386367769118 0.001668488508805902 0.00069313364472670461 -0.00088025894358237551 0.00087326147646726773 -6.762904644959398e-05 -0.00080352770176087863
leaf_weight=228 53 67 153 128 11.999999999999998 58 593 114 40 68 273 64 59 185 259 108 20
leaf_count=228 53 67 153 128 12 58 593 114 40 68 273 64 59 185 259 108 20
internal_value=0 -5.23578e-05 -0.00016346 -0.000262161 -0.00126216 -1.05878e-05 -0.000213059 -0.000303205 0 1.77035e-06 7.73212e-05 0 -2.88432e-05 -0.000230877 0 6.9863e-05 0
internal_weight=0 2429 1627 1399 140 1259 860 707 802 399 331 762 678 244 434 367 84
internal_count=2482 2429 1627 1399 140 1259 860 707 802 399 331 762 678 244 434 367 84
is_linear=0
shrinkage=0.0253571


Tree=275
num_leaves=7
num_cat=0
split_feature=0 1 1 0 2 0
split_gain=0.0461022 0.0464532 0.0704397 0.0524518 0.0994314 0.0231412
threshold=2.7210782591642872 0.7335844881440533 -1.5182455043090994 -0.92657363154210592 2.0901692887227514 -1.1509464693021534
decision_type=2 2 2 2 2 2
left_child=1 2 -1 -4 -5 -3
right_child=-2 5 3 4 -6 -7
leaf_value=0.00010308641821317624 0.0057520059603548132 -0.0039609035373544552 3.8616226478292631e-06 -0.00018559527464857525 0.00128247834162915 0.00030855165509633851
leaf_weight=228 53 31 155 1274 46 695
leaf_count=228 53 31 155 1274 46 695
internal_value=0 -4.19451e-05 -0.000141356 -0.000231591 -0.000292118 0
internal_weight=0 2429 1703 1475 1320 726
internal_count=2482 2429 1703 1475 1320 726
is_linear=0
shrinkage=0.0253571


Tree=276
num_leaves=18
num_cat=0
split_feature=0 0 5 0 0 2 2 2 2 2 0 2 0 5 0 0 0
split_gain=0.0461022 0.0306748 0.00669914 0.0823211 0.0834571 0.0850567 0.109697 0.0392963 0.081187 0.0280842 0.106473 0.0532264 0.049221 0.041195 0.0353045 0.0147149 0.0120038
threshold=2.7210782591642872 -1.3816267133359827 1.0000000180025095e-35 0.036094250993829506 -0.35273106492533945 -1.0030237002128752 -0.22972545297896871 -1.0030237002128752 1.3168710414888449 -0.22972545297896871 1.1004690596944955 2.8634675359566581 0.13188798377688957 2.2869799942829454 -0.33315182461714199 1.9115620852136144 0.30343629399401534
decision_type=2 2 2 2 2 2 2 2 2 2 2 2 2 2 2 2 2
left_child=1 -1 3 4 7 -6 -7 -3 -9 12 11 13 14 -11 -4 -14 -5
right_child=-2 2 9 16 5 6 -8 8 -10 10 -12 -13 15 -15 -16 -17 -18
leaf_value=-0.032128540538525166 0.0056061518222945911 -0.0013622934137110436 -7.9161064871868985e-06 0.001568586073137495 0.0019676211589318769 -0.00088222813550637564 8.4154225617759499e-06 0.00011541980882033063 -0.00044463823369391298 -0.00043280758163797596 0.00073909828785501293 0.0024540042651726591 -0.00045860482177796197 0.0030152319344234602 0.0013290898137153168 0.00026262457879142482 2.1885848234976766e-05
leaf_weight=9.9999999999999982 53 59 130 91 24 199 113 659 74 379 125 4.9999999999999991 254 10.999999999999998 227 14.999999999999998 54
leaf_count=10 53 59 130 91 24 199 113 659 74 379 125 5 254 11 227 15 54
internal_value=0 -4.19451e-05 0 0 0 -0.000391096 -0.000579959 4.06074e-05 0.000189633 -6.11421e-05 -0.000206158 -0.000475784 0 -0.000561785 0.000246315 -0.000186872 0.000591624
internal_weight=0 2429 2419 1273 1128 336 312 792 733 1146 520 395 626 390 357 269 145
internal_count=2482 2429 2419 1273 1128 336 312 792 733 1146 520 395 626 390 357 269 145
is_linear=0
shrinkage=0.0253571


Tree=277
num_leaves=13
num_cat=0
split_feature=0 1 5 2 1 0 2 1 5 0 0 1
split_gain=0.0591341 0.0447815 0.0835714 0.105638 0.0628781 0.0309826 0.0199627 0.0327914 0.00260291 0.0332417 0.030512 2.32876e-05
threshold=0.57872829698511352 1.0378858384755605 1.0000000180025095e-35 -1.0030237002128752 -1.2748044240438936 0.35954592897119847 -1.0030237002128752 -0.72706199344718081 1.0000000180025095e-35 -0.90147541074434934 0.21276732880840302 0.67272421807775196
decision_type=2 2 2 2 2 2 2 2 2 2 2 2
left_child=1 2 -1 -4 -5 -6 -2 -8 -3 -10 -11 -9
right_child=6 8 3 4 5 -7 7 11 9 10 -12 -13
leaf_value=-5.2406011049645535e-07 -0.00051543499977561055 -0.00015477518430981194 0.00031515556112887867 0.00019507921752189215 -0.00061753399183028823 3.6345477067228188e-05 0.001155029001044957 -0.00052785539717095881 -0.0011008740121281728 0.0038151069867430058 0.00067565312506360099 0.0044966526022012007
leaf_weight=1048 20 201 54 40 522 71 249 137 19 72 9.9999999999999982 39
leaf_count=1048 20 201 54 40 522 71 249 137 19 72 10 39
internal_value=0 -9.96338e-05 -0.000167884 -0.00038511 -0.000516814 -0.00059363 0.000198277 0.000266276 0 0.000124935 0.000511117 0
internal_weight=0 2037 1735 687 633 593 445 425 302 101 82 176
internal_count=2482 2037 1735 687 633 593 445 425 302 101 82 176
is_linear=0
shrinkage=0.0253571


Tree=278
num_leaves=10
num_cat=0
split_feature=1 1 5 5 2 4 2 4 4
split_gain=0.0260237 0.0798675 0.0803341 0.0850931 0.0656378 0.0344262 0.0285471 0.00657998 0.0006025
threshold=-1.5182455043090994 0.7335844881440533 1.0000000180025095e-35 2.2869799942829454 2.3479353711340543 1.3401069926887506 2.0901692887227514 1.0000000180025095e-35 1.0000000180025095e-35
decision_type=2 2 2 2 2 2 2 2 2
left_child=7 2 -2 4 5 6 -4 -1 -3
right_child=1 8 3 -5 -6 -7 -8 -9 -10
leaf_value=0.00076930786147154091 2.8989063563357089e-07 -7.9696547003439645e-05 -0.00032297268843689309 0.0027313867907351802 0.001016800329958317 0.00019428603731972338 0.0027209811113970673 -7.2685504669727205e-05 0.00034907481069141455
leaf_weight=111 730 272 702 29 13.999999999999998 26 9.9999999999999982 131 457
leaf_count=111 730 272 702 29 14 26 10 131 457
internal_value=0 -8.21629e-05 -0.000209383 -0.000387441 -0.000477506 -0.000537596 -0.00057471 7.9506e-05 0
internal_weight=0 2240 1511 781 752 738 712 242 729
internal_count=2482 2240 1511 781 752 738 712 242 729
is_linear=0
shrinkage=0.0253571


Tree=279
num_leaves=3
num_cat=0
split_feature=0 0
split_gain=0.117985 0.0394383
threshold=-0.84654841444350015 2.7210782591642872
decision_type=2 2
left_child=-1 -2
right_child=1 -3
leaf_value=-0.00034533533194966985 -6.6092084413545148e-07 0.00540892484708245
leaf_weight=355 2074 53
leaf_count=355 2074 53
internal_value=0 3.36293e-07
internal_weight=0 2127
internal_count=2482 2127
is_linear=0
shrinkage=0.0253571


Tree=280
num_leaves=21
num_cat=0
split_feature=0 1 0 2 1 0 6 2 0 2 0 0 0 1 0 1 0 0 0 0
split_gain=0.0595274 0.0921577 0.0993803 0.179203 0.154004 0.124287 0.0447125 0.0716657 0.0565554 0.0531426 0.0556968 0.0532882 0.0349721 0.0255323 0.0725069 0.309735 0.0250158 0.00832208 0.00482668 0.000576996
threshold=-0.42901125954888714 0.12498178748103896 2.7210782591642872 1.5746371239001469 -1.9442673947732094 -0.34675216939498393 1.0000000180025095e-35 -0.48749153539027096 -0.37474128473489016 -0.48749153539027096 -0.12927805724688482 -0.33315182461714199 0.30343629399401534 0.24670232761364183 -0.95068632010958376 0.7335844881440533 1.1004690596944955 2.4948657612410532 -0.41974725658427031 -1.3816267133359827
decision_type=2 2 2 2 2 2 2 2 2 2 2 2 2 2 2 2 2 2 2 2
left_child=13 2 3 4 -2 -6 7 -3 -9 10 18 -11 -13 -1 19 -16 -10 -7 -8 -15
right_child=1 6 -4 -5 5 17 9 8 16 11 -12 12 -14 14 15 -17 -18 -19 -20 -21
leaf_value=-1.1693507550606181e-07 0.0059823401274625536 -1.8022308615487069e-05 0.0052007799708941212 0.00045102406719151972 0.001460481082588749 -0.00044710261366427619 0.00095622917180794727 -0.0024151583102110228 0.001191292985705401 0.0025754976612964013 3.8561467908548183e-05 -0.00045173291449075059 0.00029041943478668445 -0.034432751852494919 -0.0021477032849689837 7.7418591202821809e-06 0.0001194002150291266 0.001650002084844143 0.0013524791314814882 0.00052277961321851862
leaf_weight=405 11.999999999999998 74 47 107 23 510 7.9999999999999991 8.9999999999999982 211 26 167 211 23 7.9999999999999991 101 220 20 7.9999999999999991 164 128
leaf_count=405 12 74 47 107 23 510 8 9 211 26 167 211 23 8 101 220 20 8 164 128
internal_value=0 5.11172e-05 0 -0.000277019 -0.000545404 -0.000696377 0.000262841 0.000536744 0.00074955 0 0.000295883 -0.000121754 -0.000398823 -0.000197965 -0.000329992 -0.000544635 0.000858155 -0.00081158 0.000608704 0
internal_weight=0 1620 707 660 553 541 913 314 240 599 339 260 234 862 457 321 231 518 172 136
internal_count=2482 1620 707 660 553 541 913 314 240 599 339 260 234 862 457 321 231 518 172 136
is_linear=0
shrinkage=0.0253571


Tree=281
num_leaves=14
num_cat=0
split_feature=0 4 1 1 0 0 1 3 1 0 0 0 0
split_gain=0.100667 0.0989971 0.203783 0.0283497 0.064792 0.138635 0.0391819 0.0268073 0.0725419 0.0157609 0.0104159 0.00154205 0.0310967
threshold=-0.10680792239653754 -1.518634353124295 0.85530502827665622 0.79444475821035476 2.0994045283046758 0.24259610431149578 -1.8225468546406065 1.1798977793155532 0.97702556840925903 -0.08164399945009583 1.3162349159767788 0.18451540487375581 -0.06843786756436529
decision_type=2 2 2 2 2 2 2 2 2 2 2 2 2
left_child=7 2 -2 4 5 11 -7 8 -1 -5 -11 12 -3
right_child=1 3 -4 9 -6 6 -8 -9 -10 10 -12 -13 -14
leaf_value=-0.00011781477034391915 0.0071737210425515795 0.00093335817201458597 -0.0021969460868872669 -0.00088988399533844692 0.0017972015887916329 0.0004185289085664766 -0.00031564120222064748 1.6695001876264089e-05 5.1561499901328039e-05 0.0024334918323764133 -0.0032828993170018598 0.0010530041924811866 -0.00040918782479841656
leaf_weight=926 47 40 9.9999999999999982 13.999999999999998 72 57 435 190 265 133 6.9999999999999991 44 242
leaf_count=926 47 40 10 14 72 57 435 190 265 133 7 44 242
internal_value=0 3.50002e-05 0.00101403 0 -7.8607e-05 -0.000239298 -0.000523114 -0.000219866 -0.000265348 0.000281435 0.000395087 0 0
internal_weight=0 1101 57 1044 890 818 492 1381 1191 154 140 326 282
internal_count=2482 1101 57 1044 890 818 492 1381 1191 154 140 326 282
is_linear=0
shrinkage=0.0253571


Tree=282
num_leaves=6
num_cat=0
split_feature=0 5 5 2 5
split_gain=0.0798541 0.216042 0.00872746 0.00856644 0.000455123
threshold=0.075252731610224458 1.0000000180025095e-35 1.1199807455555051 2.0901692887227514 1.1199807455555051
decision_type=2 2 2 2 2
left_child=2 -2 3 -1 -3
right_child=1 4 -4 -5 -6
leaf_value=-6.5773836247527194e-05 0.0015117642833755792 -6.2368760345477264e-05 9.1333385838133471e-05 1.6923156488446293e-05 0.0013515930564728265
leaf_weight=1522 147 607 62 38 106
leaf_count=1522 147 607 62 38 106
internal_value=0 0.000125239 -0.000152282 -0.000166405 0
internal_weight=0 860 1622 1560 713
internal_count=2482 860 1622 1560 713
is_linear=0
shrinkage=0.0253571


Tree=283
num_leaves=19
num_cat=0
split_feature=1 1 2 3 1 1 5 1 3 1 2 1 4 2 4 3 1 1
split_gain=0.0394945 0.0723085 0.0872546 0.136514 0.352368 0.296977 0.0554785 0.0460354 0.121279 0.204372 0.0404602 0.0389343 0.0365061 0.0751046 0.00657998 0.139338 0.00328807 0.00114747
threshold=-1.5182455043090994 -0.97050307371238664 1.0591049590775425 1.0000000180025095e-35 0.91616529834295768 -0.84878253357978373 1.1199807455555051 0.91616529834295768 1.1798977793155532 -0.54448118324827655 -1.0030237002128752 0.79444475821035476 -1.518634353124295 0.54357279425493799 1.0000000180025095e-35 -0.86158447112794823 1.4639077289396705 1.4639077289396705
decision_type=2 2 2 2 2 2 2 2 2 2 2 2 2 2 2 2 2 2
left_child=14 6 3 4 5 -3 12 8 9 -5 -7 -4 -2 -14 15 -1 -9 -6
right_child=1 2 11 7 17 10 -8 16 -10 -11 -12 -13 13 -15 -16 -17 -18 -19
leaf_value=-0.0011395022522143864 0.00064680416541401762 0.0018890326620898338 0.00075082370974067787 -0.00046227591337817821 0.00090148858857014963 -4.6630563648850164e-06 0.0027046810797393475 -0.00051119916109027214 -7.5121166478275746e-05 0.0015412054640434399 -0.00064402889135740363 -0.00078491991493560842 -0.00016875472204879198 -0.00048601566344467069 -5.7982200687965156e-05 0.00098088074987312274 0.0033524302028162473 -0.0011135445359089641
leaf_weight=21 26 33 172 43 237 58 21 178 164 336 591 17 218 114 131 90 14.999999999999998 17
leaf_count=21 26 33 172 43 237 58 21 178 164 336 591 17 218 114 131 90 15 17
internal_value=0 -0.00010474 0 -9.48618e-05 -0.000330433 -0.000691873 -0.000429721 0 0.000232151 0.000528458 -0.000891194 0.000458282 -0.000541522 -0.000620636 7.9506e-05 0.000222435 0 0
internal_weight=0 2240 1861 1672 936 682 379 736 543 379 649 189 358 332 242 111 193 254
internal_count=2482 2240 1861 1672 936 682 379 736 543 379 649 189 358 332 242 111 193 254
is_linear=0
shrinkage=0.0253571


Tree=284
num_leaves=14
num_cat=0
split_feature=0 1 5 0 1 5 0 5 1 2 2 0 5
split_gain=0.0910146 0.0623163 0.0494932 0.036874 0.0664182 0.0773886 0.0383297 0.0225564 0.0214328 0.0178836 0.0178595 0.010638 0.00529552
threshold=-0.10680792239653754 0.12498178748103896 1.1199807455555051 2.7210782591642872 -1.5182455043090994 1.1199807455555051 -0.06843786756436529 1.1199807455555051 1.4030474588733692 2.0901692887227514 -1.0030237002128752 2.0013112203176338 1.0000000180025095e-35
decision_type=2 2 2 2 2 2 2 2 2 2 2 2 2
left_child=7 3 11 4 -2 6 -6 8 9 10 -1 -3 -8
right_child=1 2 -4 -5 5 -7 12 -9 -10 -11 -12 -13 -14
leaf_value=0.00048162804645000406 0.00038412328712480532 0.00048382790435887147 -0.00030581606328773604 0.0049631752529010345 0.00022011133940193805 0.0023766367643338602 -2.3423955543353579e-05 7.3713740955522772e-05 0.001140729948090479 0.00044289576768757704 -9.1225761376705452e-05 9.825053729223241e-05 -0.00044649257867014364
leaf_weight=105 139 451 63 47 10.999999999999998 24 88 49 44 31 1152 6.9999999999999991 271
leaf_count=105 139 451 63 47 11 24 88 49 44 31 1152 7 271
internal_value=0 0.000103705 0.000313982 0 -0.000142406 -0.000366098 -0.00052425 -0.000183307 -0.000213705 -0.000240563 -0.000261521 0.000424871 -0.000592111
internal_weight=0 1101 521 580 533 394 370 1381 1332 1288 1257 458 359
internal_count=2482 1101 521 580 533 394 370 1381 1332 1288 1257 458 359
is_linear=0
shrinkage=0.0253571


Tree=285
num_leaves=7
num_cat=0
split_feature=5 2 5 4 2 2
split_gain=0.0301095 0.0642777 0.0141119 0.0232936 4.96458e-06 1.44519e-05
threshold=1.1199807455555051 2.0901692887227514 1.0000000180025095e-35 -1.518634353124295 2.0901692887227514 1.0000000180025095e-35
decision_type=2 2 2 2 2 2
left_child=1 2 -1 -4 5 -2
right_child=4 -3 3 -5 -6 -7
leaf_value=-1.4123729540886215e-05 -3.4629901126745375e-06 0.0013274823299858928 0.0075079483412152917 -0.00013702580010738452 -0.00073800451442533165 0.0034287109693993149
leaf_weight=1247 120 80 7.9999999999999991 979 12.999999999999998 35
leaf_count=1247 120 80 8 979 13 35
internal_value=0 -9.59356e-05 -0.000167276 -0.000268788 0 4.44967e-06
internal_weight=0 2314 2234 987 168 155
internal_count=2482 2314 2234 987 168 155
is_linear=0
shrinkage=0.0253571


Tree=286
num_leaves=12
num_cat=0
split_feature=0 0 4 5 4 0 4 4 2 5 0
split_gain=0.0931128 0.0293428 0.102507 0.0885522 0.0047241 0.00449706 0.056106 0.0467823 0.0257618 0.0541281 0.0279689
threshold=2.7210782591642872 -0.42901125954888714 1.0000000180025095e-35 1.0000000180025095e-35 -1.518634353124295 -0.15818700266838448 1.0000000180025095e-35 -1.518634353124295 1.5746371239001469 1.1199807455555051 0.21276732880840302
decision_type=2 2 2 2 2 2 2 2 2 2 2
left_child=1 2 4 -4 -1 6 -3 -7 9 10 -9
right_child=-2 5 3 -5 -6 7 -8 8 -10 -11 -12
leaf_value=-0.0017604796500737291 0.0049173518024327569 -0.00064595470674040428 -5.7263521758103719e-05 -0.0036550559971400055 9.7801661569973738e-05 0.0035743847200434878 0.00055877041145196635 -1.7439794821761786e-05 0.00012188766965170818 0.00042424601449213002 -0.00028568689391431345
leaf_weight=122 53 136 131 103 506 49 283 443 105 73 478
leaf_count=122 53 136 131 103 506 49 283 443 105 73 478
internal_value=0 -0.000125246 -0.000256376 -0.000715493 0 0 0 -5.00517e-05 -0.000172721 -0.000222542 -0.000301595
internal_weight=0 2429 862 234 628 1567 419 1148 1099 994 921
internal_count=2482 2429 862 234 628 1567 419 1148 1099 994 921
is_linear=0
shrinkage=0.0253571


Tree=287
num_leaves=18
num_cat=0
split_feature=0 1 5 1 1 4 0 5 5 1 0 1 0 0 0 0 0
split_gain=0.0794644 0.0997779 0.0724226 0.132168 0.150443 0.0996542 0.0231412 0.0250505 0.0478047 0.0076277 0.108056 0.0751619 0.0727289 0.0638144 0.0292204 0.0582727 0.00616063
threshold=2.7210782591642872 0.7335844881440533 1.0000000180025095e-35 -1.4573852342427978 0.36842286774624472 -1.518634353124295 -1.1509464693021534 1.0000000180025095e-35 4.6209784917378274 -1.2139441539775919 0.016055095644835603 0.36842286774624472 -0.97736139247578568 -0.34359846625809298 -0.41974725658427031 -1.0255210674620565 -0.91632409634721046
decision_type=2 2 2 2 2 2 2 2 2 2 2 2 2 2 2 2 2
left_child=1 2 9 -4 5 -5 -3 -8 -9 10 16 12 -11 -14 15 -13 -1
right_child=-2 6 3 4 -6 -7 7 8 -10 11 -12 14 13 -15 -16 -17 -18
leaf_value=-0.0003507313889082292 0.0047926620657345832 -0.0029742737727361424 0.00054074520572799727 0.002076017020366013 -7.610983244477726e-07 -0.00061645663718145867 7.0392397051141951e-06 0.00092835257020287528 -0.002623887905614475 -0.00021257979289662736 0.00088247440157450863 0.00050225957121564717 0.0012018786788374257 5.105454834505001e-06 0.0011937185314536919 -0.0012082158306216243 -0.00025060696727678835
leaf_weight=7.9999999999999991 53 31 114 8.9999999999999982 303 425 405 284 5.9999999999999991 61 56 20 244 133 104 82 144
leaf_count=8 53 31 114 9 303 425 405 284 6 61 56 20 244 133 104 82 144
internal_value=0 -0.000104421 -0.000230369 -0.000400174 -0.000546849 -0.000851238 0 0.000145668 0.000323427 0 -0.000151308 0 0.000329836 0.000498132 0 -0.000416661 -0.000685647
internal_weight=0 2429 1703 851 737 434 726 695 290 852 208 644 438 377 206 102 152
internal_count=2482 2429 1703 851 737 434 726 695 290 852 208 644 438 377 206 102 152
is_linear=0
shrinkage=0.0253571


Tree=288
num_leaves=19
num_cat=0
split_feature=0 3 2 3 3 0 2 0 2 2 0 0 0 0 0 0 0 0
split_gain=0.0796358 0.0515383 0.0484965 0.0433693 0.0313647 0.031828 0.0507138 0.228196 0.129019 0.023126 0.0553293 0.0210276 0.00758363 0.00467289 0.00152324 0.0834196 0.0717632 0.000898208
threshold=0.69075046049342437 1.1798977793155532 -1.0030237002128752 -0.86158447112794823 1.1798977793155532 -0.10680792239653754 -1.0030237002128752 -0.59195258828824826 -0.22972545297896871 -0.22972545297896871 -1.0072558701275633 0.21276732880840302 -0.63794409236790661 0.075252731610224458 -0.61034918992011156 -0.95068632010958376 -0.16311466381977643 -0.84654841444350015
decision_type=2 2 2 2 2 2 2 2 2 2 2 2 2 2 2 2 2 2
left_child=4 2 -2 -4 5 6 17 9 -9 10 -8 13 -11 -7 15 -6 -16 -1
right_child=1 -3 3 -5 14 11 7 8 -10 12 -12 -13 -14 -15 16 -17 -18 -19
leaf_value=-0.0086697881997075416 -0.00063909967953692907 -0.00014547372045356518 1.6053870596193942e-06 0.0011755224222614658 0.00066161842250035143 4.9759953520893861e-06 -0.00070294602450498677 -0.00067570023961381132 -1.161994353629642e-05 -0.00026112157991837071 0.00078079876905416516 -0.00024533211092126519 0.00014646369592550477 0.0013303177352352368 0.0012659207591072816 -0.001734927430497277 -0.00015398492402888313 0.0021879087007925322
leaf_weight=27 10.999999999999998 57 80 237 43 213 50 373 200 267 178 277 15.999999999999998 140 81 56 96 80
leaf_count=27 11 57 80 237 43 213 50 373 200 267 178 277 16 140 81 56 96 80
internal_value=0 0.000228686 0.000400458 0.00051215 -0.000120904 -0.000166921 -0.000244168 -0.000308835 -0.000657905 0 0.000246649 0 -4.6317e-05 0.00010788 0 0 7.31127e-05 0
internal_weight=0 385 328 317 2097 1821 1191 1084 573 511 228 630 283 353 276 99 177 107
internal_count=2482 385 328 317 2097 1821 1191 1084 573 511 228 630 283 353 276 99 177 107
is_linear=0
shrinkage=0.0253571


Tree=289
num_leaves=14
num_cat=0
split_feature=0 4 1 1 1 0 5 0 0 1 5 0 0
split_gain=0.0963382 0.159897 0.0470195 0.0786902 0.0335779 0.121844 0.0915435 0.0647654 0.122873 0.220989 0.0875878 0.0651012 0.0268364
threshold=0.075252731610224458 -1.518634353124295 -1.1530838839112907 -1.5791057743754007 -0.84878253357978373 -0.97736139247578568 -1.214017751899376 -0.93544342161461114 -0.42901125954888714 0.7335844881440533 1.1199807455555051 -1.3816267133359827 -0.15818700266838448
decision_type=2 2 2 2 2 2 2 2 2 2 2 2 2
left_child=2 -2 3 -1 5 -4 -7 11 9 10 -9 -6 -8
right_child=1 -3 4 -5 7 6 12 8 -10 -11 -12 -13 -14
leaf_value=6.3886739424112049e-06 0.0067998776381959052 2.1815213697650547e-06 -0.00079325381826670781 -0.00059970611325139696 -0.030309344083641197 -0.0091772082131891877 0.0015865450588464242 -0.00089179785891251658 1.1801358441663424e-06 4.5919564674009962e-05 0.0012244209588150074 0.00045703768980675212 -0.00038089307534525156
leaf_weight=94 47 813 30 91 9.9999999999999982 6.9999999999999991 121 203 642 216 6.9999999999999991 185 15.999999999999998
leaf_count=94 47 813 30 91 10 7 121 203 642 216 7 185 16
internal_value=0 9.5966e-05 -0.000183429 -0.000666776 -4.97074e-07 0 0.00072216 -0.000130425 -0.00024262 -0.00057366 -0.00114673 0 0.000978763
internal_weight=0 860 1622 185 1437 174 144 1263 1068 426 210 195 137
internal_count=2482 860 1622 185 1437 174 144 1263 1068 426 210 195 137
is_linear=0
shrinkage=0.0253571


Tree=290
num_leaves=11
num_cat=0
split_feature=6 1 5 1 5 1 1 3 1 1
split_gain=0.0432524 0.0640941 0.0389194 0.118022 0.0472611 0.107923 0.140898 0.0248367 0.0554701 0.0151767
threshold=1.0000000180025095e-35 1.1596063786081634 1.0000000180025095e-35 -1.2139441539775919 1.1199807455555051 0.49014340787884753 -1.4573852342427978 -0.86158447112794823 -0.17931956285046807 1.0987461085418622
decision_type=2 2 2 2 2 2 2 2 2 2
left_child=2 7 3 -1 5 6 -4 -2 -9 -10
right_child=1 -3 4 -5 -6 -7 -8 8 9 -11
leaf_value=-2.0385844243224861e-05 1.982796726893332e-05 0.00036672858329910338 0.00041826062380621778 0.0003810398448809701 0.0012462824936622875 0.00047697411094400059 -0.00054086176937274185 0.0014916526564555928 -0.00021604222694304888 2.3555443513505944e-05
leaf_weight=219 167 190 104 635 89 149 386 13.999999999999998 489 40
leaf_count=219 167 190 104 635 89 149 386 14 489 40
internal_value=0 -0.000175673 0 0.000170329 -9.61106e-06 -0.00021726 -0.000448572 -0.000310786 -0.000393743 -0.000475107
internal_weight=0 900 1582 854 728 639 490 710 543 529
internal_count=2482 900 1582 854 728 639 490 710 543 529
is_linear=0
shrinkage=0.0253571


Tree=291
num_leaves=13
num_cat=0
split_feature=0 4 1 2 0 1 0 1 0 1 3 0
split_gain=0.109589 0.159897 0.0430922 0.0393424 0.114254 0.0773067 0.0913839 0.0402272 0.0239066 0.0210624 0.00581194 0.00120702
threshold=0.075252731610224458 -1.518634353124295 1.4030474588733692 -1.0030237002128752 -0.92112035320123187 -0.84878253357978373 -0.10680792239653754 -1.1530838839112907 -0.86527352681878966 -1.8834071247069077 -0.86158447112794823 -1.3816267133359827
decision_type=2 2 2 2 2 2 2 2 2 2 2 2
left_child=2 -2 3 10 11 7 8 9 -7 -6 -1 -5
right_child=1 -3 -4 4 5 6 -8 -9 -10 -11 -12 -13
leaf_value=-0.0069258373967541961 0.0066304500867845435 1.337351636761955e-05 0.0013809925184864046 -0.029207269103469345 6.3510272403448804e-05 3.7337329305590865e-05 4.2828293402540135e-05 0.0013502445623012635 -0.00018467992319551568 -0.00026575305574271738 0.0018776077809982176 0.00035235918037410552
leaf_weight=27 47 813 53 5.9999999999999991 34 36 180 129 695 139 98 225
leaf_count=27 47 813 53 6 34 36 180 129 695 139 98 225
internal_value=0 9.5966e-05 -0.000199002 -0.000241917 -0.000284625 -0.000395746 -0.000512224 0 -0.000637288 -0.00028697 0 0
internal_weight=0 860 1622 1569 1444 1213 911 302 731 173 125 231
internal_count=2482 860 1622 1569 1444 1213 911 302 731 173 125 231
is_linear=0
shrinkage=0.0253571


Tree=292
num_leaves=19
num_cat=0
split_feature=6 2 1 5 1 2 2 1 1 5 2 2 5 3 3 3 5 2
split_gain=0.0201979 0.107351 0.0473779 0.0410395 0.0617025 0.0666126 0.0835212 0.0523112 0.15381 0.0516256 0.122194 0.0785262 0.0292141 0.113248 0.0490481 0.0459906 0.0128124 0.000576996
threshold=1.0000000180025095e-35 -0.22972545297896871 0.18584205754734043 1.0000000180025095e-35 -1.2139441539775919 1.3168710414888449 -0.48749153539027096 -1.4573852342427978 0.36842286774624472 1.1199807455555051 0.54357279425493799 2.0901692887227514 1.0000000180025095e-35 1.0000000180025095e-35 1.1798977793155532 1.1798977793155532 2.2869799942829454 -0.22972545297896871
decision_type=2 2 2 2 2 2 2 2 2 2 2 2 2 2 2 2 2 2
left_child=3 12 -3 4 -1 6 -6 -5 9 10 17 -12 14 -14 -2 -15 -4 -9
right_child=1 2 16 7 5 -7 -8 8 -10 -11 11 -13 13 15 -16 -17 -18 -19
leaf_value=-2.084369314815978e-05 -0.00057868675278656574 0.0010511352539000023 -0.00088523583049501266 0.00072347007062513252 -1.6032077274235233e-05 -3.3615007628633859e-05 0.00082460536280978608 -0.00071348444294348225 0.00035649965023464887 0.00052397672232358083 -0.0014048439957460076 0.00086266319869948336 -3.1675712594824474e-05 0.0024183383742018834 0.00025712904538975943 3.2315200222078688e-05 0.0017258763275613748 0.00045822490173539547
leaf_weight=219 346 9.9999999999999982 103 122 142 98 395 128 221 42 101 12.999999999999998 206 126 53 48 7.9999999999999991 101
leaf_count=219 346 10 103 122 142 98 395 128 221 42 101 13 206 126 53 48 8 101
internal_value=0 -0.000119711 -0.000802888 0 0.000170329 0.000317478 0.000444771 -4.4147e-05 -0.000239326 -0.000585168 -0.00069185 -0.00142966 0 0.000149579 -0.000158209 0.000672298 -0.000979538 0
internal_weight=0 900 121 1582 854 635 537 728 606 385 343 114 779 380 399 174 111 229
internal_count=2482 900 121 1582 854 635 537 728 606 385 343 114 779 380 399 174 111 229
is_linear=0
shrinkage=0.0253571


Tree=293
num_leaves=11
num_cat=0
split_feature=1 1 5 1 2 1 2 5 2 1
split_gain=0.0147517 0.0732231 0.0401534 0.091327 0.0690747 0.0076973 0.0195436 0.00396291 0.00469602 0.000655085
threshold=0.7335844881440533 -1.5182455043090994 1.0000000180025095e-35 0.36842286774624472 2.0901692887227514 -1.4573852342427978 0.54357279425493799 4.6209784917378274 1.3168710414888449 -1.8225468546406065
decision_type=2 2 2 2 2 2 2 2 2 2
left_child=1 9 -3 4 5 -4 -7 8 -2 -1
right_child=7 2 3 -5 -6 6 -8 -9 -10 -11
leaf_value=5.661701133152544e-06 0.00021221365418448186 -2.3411856579435159e-05 0.00080582868621535361 3.994608856382325e-06 0.0011765623505233509 -0.00024948183129644565 -0.0012472689487731952 -0.0024703837869981052 -0.00047962294074758305 0.0011310476859692328
leaf_weight=130 701 730 11.999999999999998 305 21 334 109 6.9999999999999991 21 112
leaf_count=130 701 730 12 305 21 334 109 7 21 112
internal_value=0 -7.24768e-05 -0.00019267 -0.000323019 -0.000540471 -0.000633802 -0.000650732 1.82202e-05 6.1921e-05 0
internal_weight=0 1753 1511 781 476 455 443 729 722 242
internal_count=2482 1753 1511 781 476 455 443 729 722 242
is_linear=0
shrinkage=0.0253571


Tree=294
num_leaves=15
num_cat=0
split_feature=0 3 2 2 3 0 3 0 3 3 0 0 0 0
split_gain=0.158579 0.0803784 0.0665228 0.0323264 0.0448807 0.0792583 0.0908166 0.0135062 0.00799698 0.00444666 0.10748 0.0016327 0.0408384 0.0129458
threshold=0.69075046049342437 1.1798977793155532 -1.0030237002128752 -1.0030237002128752 -0.86158447112794823 -0.69129423710031046 1.1798977793155532 0.57872829698511352 -0.86158447112794823 -0.86158447112794823 -0.81192338208638593 -0.11029013627685444 0.28162318063052022 -0.92112035320123187
decision_type=2 2 2 2 2 2 2 2 2 2 2 2 2 2
left_child=3 2 -2 9 11 -6 7 -7 -4 -1 -11 13 -13 -5
right_child=1 -3 8 4 5 6 -8 -9 -10 10 -12 12 -14 -15
leaf_value=-0.0028098973540399744 -0.00062350329435873473 -0.00010404665618762085 8.629820478631989e-06 0.00037615452330653842 6.7529994893037364e-06 -0.00021766714207853034 9.9766935484513807e-05 0.00011992304426327829 0.0010959357225549964 -0.0014539893109720937 0.0018429654930845714 0.0016177944547726146 -0.00125679907895445 -0.00046261975698930815
leaf_weight=41 10.999999999999998 57 80 51 395 868 173 36 237 25 105 116 49 238
leaf_count=41 11 57 80 51 395 868 173 36 237 25 105 116 49 238
internal_value=0 0.000358316 0.000552195 -0.000157073 -0.00019394 -0.00026208 -0.000375205 -0.000481341 0.000669051 0 0.000144874 0 7.82368e-05 -2.42999e-06
internal_weight=0 385 328 2097 1926 1472 1077 904 317 171 130 454 165 289
internal_count=2482 385 328 2097 1926 1472 1077 904 317 171 130 454 165 289
is_linear=0
shrinkage=0.0253571


Tree=295
num_leaves=13
num_cat=0
split_feature=1 2 1 4 1 1 6 2 2 5 5 5
split_gain=0.015021 0.059211 0.0503336 0.032359 0.0376335 0.00311707 0.00275056 0.0181089 0.0280058 0.00297667 0.00915094 0.00438343
threshold=0.67272421807775196 1.5746371239001469 -1.9442673947732094 1.3401069926887506 0.12498178748103896 0.42928313781254618 1.0000000180025095e-35 1.3168710414888449 -0.22972545297896871 1.0000000180025095e-35 -1.214017751899376 4.6209784917378274
decision_type=2 2 2 2 2 2 2 2 2 2 2 2
left_child=1 2 -1 4 -4 -6 7 8 -2 10 -8 -11
right_child=6 -3 3 -5 5 -7 9 -9 -10 11 -12 -13
leaf_value=0.0007270523481298206 9.8137130752408479e-05 0.00041874103855261372 -0.00015186483619144682 0.00041158565212921766 0.00033145182978889468 -0.00019159832378780716 0.0019367540365322364 -0.00042929639217968897 0.0016375786909030097 0.00057304923540891194 -0.000245892068662079 -0.0023991169923520909
leaf_weight=24 91 190 900 30 200 333 15.999999999999998 23 100 235 333 6.9999999999999991
leaf_count=24 91 190 900 30 200 333 16 23 100 235 333 7
internal_value=0 -7.57492e-05 -0.000178786 -0.000233483 -0.000264777 0 0 8.96147e-05 0.000260779 0 -7.34031e-05 0
internal_weight=0 1677 1487 1463 1433 533 805 214 191 591 349 242
internal_count=2482 1677 1487 1463 1433 533 805 214 191 591 349 242
is_linear=0
shrinkage=0.0253571


Tree=296
num_leaves=8
num_cat=0
split_feature=1 2 1 4 5 3 4
split_gain=0.0405958 0.0747221 0.0612444 0.020738 0.0339056 0.00257643 0.00142834
threshold=0.7335844881440533 1.5746371239001469 -1.9442673947732094 1.3401069926887506 2.2869799942829454 1.1798977793155532 -1.518634353124295
decision_type=2 2 2 2 2 2 2
left_child=1 2 -1 4 -4 6 -2
right_child=5 -3 3 -5 -6 -7 -8
leaf_value=0.00070861641564089065 0.00044862462325048004 0.0004412075106261639 -8.0659141957831125e-05 0.00043971131995700432 0.0025508183245559332 -7.1685961513392535e-05 0.00036151187363406485
leaf_weight=24 51 191 1482 31 25 101 577
leaf_count=24 51 191 1482 31 25 101 577
internal_value=0 -0.000130132 -0.000222786 -0.00027551 -0.000293722 0 5.11078e-05
internal_weight=0 1753 1562 1538 1507 729 628
internal_count=2482 1753 1562 1538 1507 729 628
is_linear=0
shrinkage=0.0253571


Tree=297
num_leaves=18
num_cat=0
split_feature=0 4 1 2 1 1 1 0 0 1 1 0 1 0 0 0 1
split_gain=0.100539 0.166312 0.0814402 0.0389183 0.126985 0.0284504 0.0281789 0.109213 0.0836983 0.126505 0.0139351 0.114373 0.141292 0.081933 0.00503845 0.0152325 0.0112819
threshold=0.075252731610224458 -1.518634353124295 0.67272421807775196 -0.22972545297896871 -0.97050307371238664 -1.8834071247069077 0.49014340787884753 -0.8227642366194482 -0.41974725658427031 -0.11845929278416668 -0.84878253357978373 -0.92657363154210592 0.49014340787884753 -0.032564494382231794 -0.13703091079174162 -1.0777542756668113 -1.8225468546406065
decision_type=2 2 2 2 2 2 2 2 2 2 2 2 2 2 2 2 2
left_child=2 -2 3 10 5 -5 8 -8 -6 -10 14 -12 13 -13 15 -1 -17
right_child=1 -3 -4 4 6 -7 7 -9 9 -11 11 12 -14 -15 -16 16 -18
leaf_value=-0.00084213074842768817 0.0063743635991514048 -2.6848829312897661e-06 8.6490461702477886e-06 7.238012219718159e-06 -7.8054530318628253e-05 -0.00034561399738873729 0.00064071370328054459 -0.0022445866161591825 -2.5222332951234081e-05 0.0029574765171325023 0.00088461329697363267 -0.00078448364344111798 0.00015535782033618904 0.0018288825395323715 -0.0013566987056167375 9.280954744581085e-05 0.0013247742696834786
leaf_weight=4.9999999999999991 47 813 658 27 150 176 34 72 33 53 35 155 77 22 15.999999999999998 14.999999999999998 94
leaf_count=5 47 813 658 27 150 176 34 72 33 53 35 155 77 22 16 15 94
internal_value=0 6.66928e-05 -0.000199002 -0.000347032 -0.000507318 -0.0010336 0 -0.00040181 0 0.000763903 0 -0.000174213 -0.000563058 -0.000972678 0 0.000164155 0.000336331
internal_weight=0 860 1622 964 545 203 342 106 236 86 419 289 254 177 130 114 109
internal_count=2482 860 1622 964 545 203 342 106 236 86 419 289 254 177 130 114 109
is_linear=0
shrinkage=0.0253571


Tree=298
num_leaves=5
num_cat=0
split_feature=1 1 2 4
split_gain=0.0479893 0.0819515 0.0364587 0.0006025
threshold=0.7335844881440533 -1.5182455043090994 2.0901692887227514 1.0000000180025095e-35
decision_type=2 2 2 2
left_child=1 -1 -3 -2
right_child=3 2 -4 -5
leaf_value=0.00018141790312517159 -3.4004923115329465e-05 -6.4829773832477357e-05 0.0010983417623752322 0.00027140530772177483
leaf_weight=242 272 1457 54 457
leaf_count=242 272 1457 54 457
internal_value=0 -0.000144546 -0.000242809 0
internal_weight=0 1753 1511 729
internal_count=2482 1753 1511 729
is_linear=0
shrinkage=0.0253571


Tree=299
num_leaves=6
num_cat=0
split_feature=0 1 1 0 0
split_gain=0.0999632 0.13115 0.0721567 0.0861091 0.0337725
threshold=2.7210782591642872 0.7335844881440533 -1.5791057743754007 -0.92657363154210592 -0.26600422866084072
decision_type=2 2 2 2 2
left_child=1 2 -1 -4 -3
right_child=-2 4 3 -5 -6
leaf_value=0.00011337563605351421 0.0045255594856149902 -7.8512848736862146e-05 1.6604787839120902e-05 -8.1230721295119356e-05 0.0009733036709684541
leaf_weight=203 53 414 155 1345 312
leaf_count=203 53 414 155 1345 312
internal_value=0 -0.000135659 -0.000274876 -0.000341383 0
internal_weight=0 2429 1703 1500 726
internal_count=2482 2429 1703 1500 726
is_linear=0
shrinkage=0.0253571


Tree=300
num_leaves=10
num_cat=0
split_feature=1 1 5 1 2 1 2 5 5
split_gain=0.0325545 0.0706145 0.0857592 0.117963 0.0841749 0.0105997 0.0213042 0.00171976 0.00746708
threshold=0.67272421807775196 -1.5182455043090994 1.0000000180025095e-35 0.36842286774624472 2.0901692887227514 -1.4573852342427978 0.54357279425493799 1.0000000180025095e-35 4.6209784917378274
decision_type=2 2 2 2 2 2 2 2 2
left_child=1 -1 -3 4 5 -4 -7 -2 -9
right_child=7 2 3 -5 -6 6 -8 8 -10
leaf_value=0.00017394279655207154 -2.9568847611427483e-05 -6.4965003777582728e-06 0.00077488037050459037 1.0868671429114832e-06 0.0010989806350398413 -0.00025295027102726665 -0.0012281564746044291 0.00039607096569830848 -0.0022528295523331862
leaf_weight=242 459 698 11.999999999999998 261 21 334 109 338 7.9999999999999991
leaf_count=242 459 698 12 261 21 334 109 338 8
internal_value=0 -0.000120943 -0.000220425 -0.000410378 -0.000645639 -0.000743758 -0.000763626 0 5.60304e-05
internal_weight=0 1677 1435 737 476 455 443 805 346
internal_count=2482 1677 1435 737 476 455 443 805 346
is_linear=0
shrinkage=0.0253571


Tree=301
num_leaves=8
num_cat=0
split_feature=2 1 1 5 4 4 5
split_gain=0.0219405 0.0652506 0.052967 0.0249552 0.00647407 0.000613088 0.000497845
threshold=1.5746371239001469 0.7335844881440533 -1.9442673947732094 1.1199807455555051 1.3401069926887506 1.0000000180025095e-35 1.0000000180025095e-35
decision_type=2 2 2 2 2 2 2
left_child=1 2 -1 4 -4 -3 -7
right_child=-2 5 3 -5 -6 6 -8
leaf_value=0.00070451774046942394 0.00041513792674277821 -1.5107148054931931e-05 -6.6916414422324292e-05 5.5415108738142931e-05 0.0008909044940386342 -2.7084307272248491e-06 0.00038466903452039048
leaf_weight=24 206 265 1434 95 8.9999999999999982 204 245
leaf_count=24 206 265 1434 95 9 204 245
internal_value=0 -8.08669e-05 -0.000190447 -0.000242669 -0.000271699 0 2.94272e-05
internal_weight=0 2276 1562 1538 1443 714 449
internal_count=2482 2276 1562 1538 1443 714 449
is_linear=0
shrinkage=0.0253571


Tree=302
num_leaves=7
num_cat=0
split_feature=0 4 1 0 1 2
split_gain=0.109589 0.0648899 0.0550993 0.0456511 0.0435362 0.00367964
threshold=0.075252731610224458 -1.518634353124295 0.67272421807775196 -0.92657363154210592 -1.8834071247069077 1.5746371239001469
decision_type=2 2 2 2 2 2
left_child=2 -2 3 -1 -5 -6
right_child=1 -3 -4 4 5 -7
leaf_value=6.2536686622984986e-06 0.0062026575136080505 2.756112957907908e-06 9.3776025078486651e-07 8.4946094784731628e-05 -0.00015734334279502408 -5.8977289871115387e-05
leaf_weight=158 47 813 658 36 704 66
leaf_count=158 47 813 658 36 704 66
internal_value=0 9.5966e-05 -0.000199002 -0.000320897 -0.00039893 -0.000450099
internal_weight=0 860 1622 964 806 770
internal_count=2482 860 1622 964 806 770
is_linear=0
shrinkage=0.0253571


Tree=303
num_leaves=7
num_cat=0
split_feature=0 4 1 0 1 2
split_gain=0.109589 0.0648899 0.0550993 0.0456511 0.0435362 0.00367964
threshold=0.075252731610224458 -1.518634353124295 0.67272421807775196 -0.92657363154210592 -1.8834071247069077 1.5746371239001469
decision_type=2 2 2 2 2 2
left_child=2 -2 3 -1 -5 -6
right_child=1 -3 -4 4 5 -7
leaf_value=6.0950938175050419e-06 0.0060453761631425341 2.6862259510393333e-06 9.1398137882997958e-07 8.2792108936714944e-05 -0.00015335357334743242 -5.7481797370132752e-05
leaf_weight=158 47 813 658 36 704 66
leaf_count=158 47 813 658 36 704 66
internal_value=0 9.5966e-05 -0.000199002 -0.000320897 -0.00039893 -0.000450099
internal_weight=0 860 1622 964 806 770
internal_count=2482 860 1622 964 806 770
is_linear=0
shrinkage=0.0253571


Tree=304
num_leaves=17
num_cat=0
split_feature=0 1 2 1 0 2 5 0 5 0 0 0 0 0 0 0
split_gain=0.099339 0.0972295 0.0649695 0.163932 0.0617781 0.0543862 0.131492 0.0379441 0.00968096 0.04785 0.00882569 0.00287212 0.0147802 0.00681816 0.00415173 0.000858386
threshold=0.69075046049342437 1.0378858384755605 -0.22972545297896871 -0.72706199344718081 1.2593368552153728 -1.0030237002128752 1.0000000180025095e-35 0.35954592897119847 1.0000000180025095e-35 -0.90147541074434934 0.21276732880840302 -0.90147541074434934 0.036094250993829506 -0.35273106492533945 0.23642010233508451 -0.98859645990095923
decision_type=2 2 2 2 2 2 2 2 2 2 2 2 2 2 2 2
left_child=1 5 -2 4 -4 -1 11 -8 -3 -10 -11 15 13 -13 -14 -7
right_child=2 8 3 -5 -6 6 7 -9 9 10 -12 12 14 -15 -16 -17
leaf_value=0.00022881527466843928 -0.00026358598325550121 -8.2341328523250165e-05 7.8393645821849754e-05 -0.00025732854746056308 0.0029118708556082592 -7.3471338410100874e-05 -0.00043765015115154407 -0.00018249364402495429 -0.0011397908222547219 0.0035369429850132693 0.0053521099700200433 -3.9832226512054252e-07 0.0015552894659293711 -0.00027927475734190461 -0.00049632760359049895 0.00065360913372622062
leaf_weight=112 130 202 54 85 116 110 554 125 19 72 11.999999999999998 444 61 255 47 84
leaf_count=112 130 202 54 85 116 110 554 125 19 72 12 444 61 255 47 84
internal_value=0 -0.000145017 0.000228686 0.0004881 0.000975343 -0.000243645 -0.000289903 -0.000574634 0 0.000238727 0.000640312 0 -4.76536e-05 -0.000126864 0 0
internal_weight=0 2097 385 255 170 1792 1680 679 305 103 84 1001 807 699 108 194
internal_count=2482 2097 385 255 170 1792 1680 679 305 103 84 1001 807 699 108 194
is_linear=0
shrinkage=0.0253571


Tree=305
num_leaves=9
num_cat=0
split_feature=0 1 2 1 2 5 0 0
split_gain=0.142879 0.0922249 0.0867024 0.121606 0.0580717 7.32818e-06 0.0181037 0.00277837
threshold=0.69075046049342437 1.0378858384755605 -0.22972545297896871 -0.72706199344718081 -1.0030237002128752 1.0000000180025095e-35 -0.90147541074434934 0.21276732880840302
decision_type=2 2 2 2 2 2 2 2
left_child=1 4 -2 -4 -1 -3 -7 -8
right_child=2 5 3 -5 -6 6 7 -9
leaf_value=0.00022301318494676042 -0.00025690220951510068 -8.0253391970148253e-05 0.0018210066751018555 -0.00025080344408851939 -5.215876967931726e-05 -0.00111088904275472 0.0034472564001934202 0.0052163960309418731
leaf_weight=112 130 202 170 85 1680 19 72 11.999999999999998
leaf_count=112 130 202 170 85 1680 19 72 12
internal_value=0 -0.000169129 0.000293501 0.00058517 -0.000257746 0 6.56811e-06 0.000359263
internal_weight=0 2097 385 255 1792 305 103 84
internal_count=2482 2097 385 255 1792 305 103 84
is_linear=0
shrinkage=0.0253571


Tree=306
num_leaves=5
num_cat=0
split_feature=5 2 2 5
split_gain=0.0185312 0.042124 0.00502049 0.0031708
threshold=1.1199807455555051 2.0901692887227514 -1.0030237002128752 1.0000000180025095e-35
decision_type=2 2 2 2
left_child=1 2 -1 -4
right_child=-2 -3 3 -5
leaf_value=9.1196445793423961e-06 0.00050314077086304973 0.0012400945014380282 -4.4589456075408599e-06 -0.00015267859806013801
leaf_weight=168 168 80 1153 913
leaf_count=168 168 80 1153 913
internal_value=0 -7.40781e-05 -0.000133319 -0.000144127
internal_weight=0 2314 2234 2066
internal_count=2482 2314 2234 2066
is_linear=0
shrinkage=0.0253571


Tree=307
num_leaves=12
num_cat=0
split_feature=1 5 1 2 2 5 5 1 1 1 1
split_gain=0.0150164 0.0714618 0.165938 0.0672128 0.0483458 0.0139197 0.00649452 0.00609643 0.00112127 0.0229635 0.00158296
threshold=0.55100367794514904 1.0000000180025095e-35 -1.4573852342427978 2.8634675359566581 -1.0030237002128752 1.0000000180025095e-35 4.6209784917378274 0.36842286774624472 -1.2139441539775919 0.36842286774624472 -0.4227606431156738
decision_type=2 2 2 2 2 2 2 2 2 2 2
left_child=1 8 -3 4 -4 -2 -7 -6 -1 10 -10
right_child=5 2 3 -5 7 6 -8 -9 9 -11 -12
leaf_value=-5.3180378652490374e-05 -5.4720230795634846e-05 0.00061392814049003185 6.3604224323614219e-05 0.0022892901210019032 -0.00048420316115940136 0.00023084389858635794 -0.00074326725400476648 -0.00014301600352356085 4.2954031519020062e-05 -0.00043619562900251414 0.0005602396734342176
leaf_weight=219 539 122 42 5.9999999999999991 430 443 9.9999999999999982 137 244 94 196
leaf_count=219 539 122 42 6 430 443 10 137 244 94 196
internal_value=0 -8.09796e-05 -0.000273907 -0.00051138 -0.000578191 0 0.000139606 -0.000642674 0 3.65316e-05 0.000186292
internal_weight=0 1490 737 615 609 992 453 567 753 534 440
internal_count=2482 1490 737 615 609 992 453 567 753 534 440
is_linear=0
shrinkage=0.0253571


Tree=308
num_leaves=13
num_cat=0
split_feature=0 2 0 2 0 0 0 0 0 0 0 0
split_gain=0.11965 0.0649695 0.077628 0.0591795 0.0338588 0.0161088 7.44408e-07 0.121911 0.0129456 0.00748733 0.00109691 0.00494699
threshold=0.69075046049342437 -0.22972545297896871 1.1004690596944955 -0.22972545297896871 -0.62789166361906712 -0.059305268897118839 -0.92657363154210592 -0.8227642366194482 -1.3816267133359827 -0.59195258828824826 -0.059305268897118839 -0.12927805724688482
decision_type=2 2 2 2 2 2 2 2 2 2 2 2
left_child=3 -2 -3 6 -5 -6 8 -8 -1 -9 11 -11
right_child=1 2 -4 4 5 -7 7 9 -10 10 -12 -13
leaf_value=-0.019823237295579294 -0.00024205265874714378 -1.7041067059698474e-05 0.0018839983644611685 -0.00027933107136015819 0.00010065170570543148 -0.00021394063288531217 -0.0021212712409575873 0.00049097158509051107 0.00057812217083424728 1.0557110753130121e-06 0.00017389663279044327 -0.0014507110454222035
leaf_weight=5.9999999999999991 130 86 169 318 268 316 69 135 120 452 319 94
leaf_count=6 130 86 169 318 268 316 69 135 120 452 319 94
internal_value=0 0.000228686 0.0004881 -0.000169129 -0.000328843 0 0 -6.672e-07 0 0 0 -3.57378e-05
internal_weight=0 385 255 2097 902 584 1195 1069 126 1000 865 546
internal_count=2482 385 255 2097 902 584 1195 1069 126 1000 865 546
is_linear=0
shrinkage=0.0253571


Tree=309
num_leaves=10
num_cat=0
split_feature=0 1 2 1 0 2 5 0 0
split_gain=0.109421 0.105089 0.0649695 0.0926784 0.133032 0.0580717 0.00968096 0.0410964 0.00675358
threshold=0.69075046049342437 1.0378858384755605 -0.22972545297896871 -0.72706199344718081 1.2593368552153728 -1.0030237002128752 1.0000000180025095e-35 -1.1355721665098104 0.21276732880840302
decision_type=2 2 2 2 2 2 2 2 2
left_child=1 5 -2 4 -4 -1 -3 -8 -9
right_child=2 6 3 -5 -6 -7 7 8 -10
leaf_value=0.00021121116436518498 -0.00023591490747388428 -7.6744557419526196e-05 4.6811959761973966e-05 -0.00027606704749220381 0.0027514064321268678 -5.0430225897424264e-05 -0.0098652990809259995 0.0025382593501348536 0.0050652595916769088
leaf_weight=112 130 202 54 85 116 1680 6.9999999999999991 84 11.999999999999998
leaf_count=112 130 202 54 85 116 1680 7 84 12
internal_value=0 -0.000157073 0.000228686 0.0004881 0.00083145 -0.000257746 0 0.000238727 0.000565145
internal_weight=0 2097 385 255 170 1792 305 103 96
internal_count=2482 2097 385 255 170 1792 305 103 96
is_linear=0
shrinkage=0.0253571


Tree=310
num_leaves=17
num_cat=0
split_feature=0 1 0 0 1 2 4 0 4 0 0 4 4 0 0 0
split_gain=0.0862799 0.123823 0.178926 0.134096 0.229144 0.144512 0.0677753 0.0315002 0.0133165 0.00231745 0.0011155 0.0127453 0.00935723 0.00698765 0.000956909 0.000602678
threshold=2.7210782591642872 0.12498178748103896 -0.44464837093597093 -0.34675216939498393 -1.7008263145080036 2.0901692887227514 1.3401069926887506 -0.93544342161461114 1.3401069926887506 -0.41974725658427031 -0.83235675032749123 -1.518634353124295 1.0000000180025095e-35 -1.0604089084139114 1.549674650255388 -0.84654841444350015
decision_type=2 2 2 2 2 2 2 2 2 2 2 2 2 2 2 2
left_child=1 3 7 10 -5 6 -6 -3 9 -4 13 -12 -13 -1 -11 -15
right_child=-2 2 8 4 5 -7 -8 -9 -10 14 11 12 -14 15 -16 -17
leaf_value=0.00032913659310107064 0.0041155532263157935 1.6561051380007216e-05 0.00074490811727782348 0.00036722429241974188 -0.00039073845759374839 0.00099575111115060328 0.0025363094198893842 -0.00040054512234355188 5.2164305327600833e-05 0.00017364480221378567 -0.00016337079205789489 0.00087432479981741716 1.9041402611524766e-05 -0.00025571009489887102 0.00067056378140750944 0.0008270766146739716
leaf_weight=24 53 147 20 115 477 34 6.9999999999999991 316 30 861 23 171 51 133 7.9999999999999991 11.999999999999998
leaf_count=24 53 147 20 115 477 34 7 316 30 861 23 171 51 133 8 12
internal_value=0 -0.000114834 0 -0.000325703 -0.000556483 -0.00081158 -0.000945456 -0.000352793 0.000247434 0.000269888 0 5.33229e-05 0.00019758 -4.09415e-06 0.000276055 -0.000172424
internal_weight=0 2429 1382 1047 633 518 484 463 919 889 414 245 222 169 869 145
internal_count=2482 2429 1382 1047 633 518 484 463 919 889 414 245 222 169 869 145
is_linear=0
shrinkage=0.0253571


Tree=311
num_leaves=13
num_cat=0
split_feature=0 1 5 1 1 1 1 1 1 0 1 0
split_gain=0.0971278 0.0676723 0.0214161 0.0528026 0.0238055 0.015794 0.0247504 0.0154309 0.0135801 0.0118496 0.000359047 0.000295345
threshold=0.57872829698511352 1.0378858384755605 1.0000000180025095e-35 -1.2748044240438936 0.12498178748103896 -1.2139441539775919 0.36842286774624472 0.24670232761364183 0.97702556840925903 2.7210782591642872 -1.0313633437786878 1.3992824319149044
decision_type=2 2 2 2 2 2 2 2 2 2 2 2
left_child=1 2 5 -4 -5 -1 10 -6 -8 11 -7 -2
right_child=9 -3 3 4 7 6 8 -9 -10 -11 -12 -13
leaf_value=-0.00018459906138519911 0.00025991387681760026 0.00028170338593376461 0.00038313561054617394 -0.0021239153411643347 0.00048665739616467294 2.7209118140487779e-05 -0.00014896218882325018 -0.00013455244503599847 0.0011074143768559836 0.0040111947690049214 0.00032234226718350561 -0.00030478422985188796
leaf_weight=194 256 302 41 123 29 69 376 494 50 53 359 136
leaf_count=194 256 302 41 123 29 69 376 494 50 53 359 136
internal_value=0 -0.000149275 -0.000226135 -0.00038511 -0.000457916 0 0 0 0 0.000198277 0.000191441 0
internal_weight=0 2037 1735 687 646 1048 854 523 426 445 428 392
internal_count=2482 2037 1735 687 646 1048 854 523 426 445 428 392
is_linear=0
shrinkage=0.0253571


Tree=312
num_leaves=8
num_cat=0
split_feature=0 2 0 2 0 0 0
split_gain=0.067482 0.0585794 0.0432365 0.0418683 0.0475673 0.00210163 5.99988e-05
threshold=0.57872829698511352 -0.22972545297896871 -0.62789166361906712 -0.22972545297896871 1.1004690596944955 -0.059305268897118839 0.54476028611485161
decision_type=2 2 2 2 2 2 2
left_child=1 -1 -3 -2 -5 -4 -7
right_child=3 2 5 4 -6 6 -8
leaf_value=1.3108864352564825e-06 -8.7207941942802884e-05 -0.00027412980968047633 9.9068365839657309e-05 -4.2495068342092728e-06 0.001560387295890107 -0.00024898860902940623 0.00055817193927760707
leaf_weight=1169 156 318 268 120 169 274 7.9999999999999991
leaf_count=1169 156 318 268 120 169 274 8
internal_value=0 -0.000112044 -0.00026912 0.000198277 0.000388941 0 -6.8472e-05
internal_weight=0 2037 868 445 289 550 282
internal_count=2482 2037 868 445 289 550 282
is_linear=0
shrinkage=0.0253571


Tree=313
num_leaves=18
num_cat=0
split_feature=0 1 1 2 0 1 2 0 1 0 2 0 2 0 0 2 0
split_gain=0.0543615 0.0940944 0.137272 0.18518 0.0520131 0.0350957 0.0956127 0.0909047 0.0574019 0.225519 0.218134 0.131958 0.0677915 0.0394957 0.0113701 0.008713 0.00505302
threshold=2.7210782591642872 -0.97050307371238664 -1.5791057743754007 0.54357279425493799 -0.76593187800672735 -0.72706199344718081 -0.48749153539027096 -0.8227642366194482 0.12498178748103896 -0.56002134402722825 1.5746371239001469 -0.41974725658427031 -1.0030237002128752 -0.93544342161461114 1.549674650255388 1.5746371239001469 -0.44464837093597093
decision_type=2 2 2 2 2 2 2 2 2 2 2 2 2 2 2 2 2
left_child=1 2 -1 -4 -5 6 -3 -8 9 -7 12 13 -11 -10 15 -13 -15
right_child=-2 5 3 4 -6 8 7 -9 11 10 -12 14 -14 16 -16 -17 -18
leaf_value=8.4334659648744356e-05 0.0038699156560644292 -0.00036079663608537901 -0.00020733868372164156 0.00042290280831826921 -0.00053792687731883725 0.00017946324085933808 -0.00045947867591413958 0.0020949786270562181 1.7917093112713393e-05 0.00035813431711013028 0.001619417394036789 0.00018149807981505462 -0.00099891769493504656 -0.0003887776316210689 -0.00065542364254101793 -0.00022366532167673192 0.00072790428795581981
leaf_weight=203 53 35 248 23 111 115 8.9999999999999982 67 147 17 21 862 198 316 9.9999999999999982 27 20
leaf_count=203 53 35 248 23 111 115 9 67 147 17 21 862 198 316 10 27 20
internal_value=0 -6.27704e-05 -0.000344327 -0.000638677 -0.00140658 0 0.00043875 0.00101101 -4.12476e-07 -0.000321436 -0.000866612 0 -0.00120678 -0.000234707 0.0002529 0.000269888 -0.000391096
internal_weight=0 2429 585 382 134 1844 111 76 1733 351 236 1382 215 483 899 889 336
internal_count=2482 2429 585 382 134 1844 111 76 1733 351 236 1382 215 483 899 889 336
is_linear=0
shrinkage=0.0253571


Tree=314
num_leaves=11
num_cat=0
split_feature=0 1 6 0 1 0 1 1 1 0
split_gain=0.0434294 0.0645693 0.0939059 0.0897159 0.121516 0.0700472 0.0443242 0.0282847 0.0915684 0.192772
threshold=-0.42901125954888714 -0.54448118324827655 1.0000000180025095e-35 0.41867786278790214 -1.2748044240438936 1.3162349159767788 -0.72706199344718081 0.24670232761364183 0.7335844881440533 -0.95068632010958376
decision_type=2 2 2 2 2 2 2 2 2 2
left_child=7 3 5 4 -2 -3 -5 -1 9 -9
right_child=1 2 -4 6 -6 -7 -8 8 -10 -11
leaf_value=6.9840020731512333e-08 7.522114649374525e-07 0.00049098714834004849 1.8710853047507567e-06 0.00056619697383699741 -0.001002148065461511 -0.00052997207340859482 -0.0047221506014900449 0.00025509409054541636 -1.5800324487604637e-05 -0.0018770541278583729
leaf_weight=405 121 445 621 273 102 39 19 49 307 101
leaf_count=405 121 445 621 273 102 39 19 49 307 101
internal_value=0 8.23024e-05 0.000217427 0 -0.000500928 0.000479925 2.36624e-05 -0.000139554 -0.000275252 -0.000775581
internal_weight=0 1620 1105 515 223 484 292 862 457 150
internal_count=2482 1620 1105 515 223 484 292 862 457 150
is_linear=0
shrinkage=0.0253571


Tree=315
num_leaves=6
num_cat=0
split_feature=0 0 0 0 0
split_gain=0.0463154 0.0275863 0.013193 0.00162652 0.00402637
threshold=-0.84654841444350015 2.7210782591642872 -1.0604089084139114 1.3992824319149044 -0.10680792239653754
decision_type=2 2 2 2 2
left_child=2 3 -1 4 -2
right_child=1 -3 -4 -5 -6
leaf_value=0.0001821707707264551 -1.2303137421722429e-06 0.0037574287448143553 -0.00032473689131535291 -0.00028629616098256605 1.6570036112311189e-05
leaf_weight=100 1026 53 255 136 912
leaf_count=100 1026 53 255 136 912
internal_value=0 5.97701e-05 -0.000247679 0 2.3193e-05
internal_weight=0 2127 355 2074 1938
internal_count=2482 2127 355 2074 1938
is_linear=0
shrinkage=0.0253571


Tree=316
num_leaves=4
num_cat=0
split_feature=1 1 1
split_gain=0.000149469 0.05323 0.00857316
threshold=-0.97050307371238664 -1.5182455043090994 -0.72706199344718081
decision_type=2 2 2
left_child=1 -1 -2
right_child=2 -3 -4
leaf_value=0.00014455105655348624 0.00056653880380623772 -0.00027972846701290228 -1.1991165647555212e-06
leaf_weight=242 115 379 1746
leaf_count=242 115 379 1746
internal_value=0 0 7.17426e-06
internal_weight=0 621 1861
internal_count=2482 621 1861
is_linear=0
shrinkage=0.0253571


Tree=317
num_leaves=2
num_cat=0
split_feature=6
split_gain=0.00379423
threshold=1.0000000180025095e-35
decision_type=2
left_child=-1
right_child=-2
leaf_value=1.7795370000594367e-05 -4.4471534047497931e-05
leaf_weight=1582 900
leaf_count=1582 900
internal_value=0
internal_weight=0
internal_count=2482
is_linear=0
shrinkage=0.0253571


Tree=318
num_leaves=2
num_cat=0
split_feature=6
split_gain=0.00218451
threshold=1.0000000180025095e-35
decision_type=2
left_child=-1
right_child=-2
leaf_value=1.7344131185728122e-05 -4.3343865315708866e-05
leaf_weight=1582 900
leaf_count=1582 900
internal_value=0
internal_weight=0
internal_count=2482
is_linear=0
shrinkage=0.0253571


Tree=319
num_leaves=15
num_cat=0
split_feature=0 1 0 1 0 0 0 1 1 0 6 0 0 0
split_gain=0.0434294 0.0816345 0.0616854 0.0915798 0.088209 0.0561156 0.0963109 0.0179316 0.101668 0.0401447 0.00550049 0.0597209 0.000375546 1.51565e-05
threshold=-0.42901125954888714 0.12498178748103896 2.7210782591642872 -1.7008263145080036 -0.34675216939498393 1.0000000180025095e-35 1.0183413738379625 0.6118639480114505 0.24670232761364183 -1.0255210674620565 1.0000000180025095e-35 -0.33315182461714199 -0.21442804194293807 -0.41974725658427031
decision_type=2 2 2 2 2 2 2 2 2 2 2 2 2 2
left_child=7 2 3 -2 -5 -6 -7 8 -1 -10 11 -3 13 -12
right_child=1 10 -4 4 5 6 -8 -9 9 -11 12 -13 -14 -15
leaf_value=-7.6136316001701076e-07 0.00039419366239470721 -0.0046447239966375311 0.0036086152961263824 0.0025986465719049852 -0.0011652341144254192 0.00014092775867588622 -0.0004791631237674028 3.185123595002929e-06 0.00017747026516112439 -0.0011590960125741222 0.0008655107810042592 0.00084480531231085525 -3.3148487587287001e-05 0.00096615157525852641
leaf_weight=405 121 19 47 21 114 262 142 352 24 81 7.9999999999999991 295 399 192
leaf_count=405 121 19 47 21 114 262 142 352 24 81 8 295 399 192
internal_value=0 8.23024e-05 0 -0.000200897 -0.000396632 -0.000521355 0 -0.000139554 -0.000234712 -0.000918387 0.000262841 0.000457558 0 3.42186e-05
internal_weight=0 1620 707 660 539 518 404 862 510 105 913 314 599 200
internal_count=2482 1620 707 660 539 518 404 862 510 105 913 314 599 200
is_linear=0
shrinkage=0.0253571


Tree=320
num_leaves=16
num_cat=0
split_feature=0 1 1 0 0 0 0 0 1 1 0 0 0 0 1
split_gain=0.0432045 0.0577005 0.0943767 0.0693834 0.0777053 0.0207995 0.057254 0.0506455 0.0833196 0.142378 0.0531453 0.0461756 0.0285173 0.0118602 0.0445939
threshold=2.7210782591642872 -0.97050307371238664 -1.5791057743754007 2.2561698550676259 -0.34675216939498393 -0.41974725658427031 1.7584760787770368 -0.93544342161461114 -0.84878253357978373 0.7335844881440533 -1.3816267133359827 -0.92657363154210592 0.35954592897119847 0.21276732880840302 0.6118639480114505
decision_type=2 2 2 2 2 2 2 2 2 2 2 2 2 2 2
left_child=1 2 -1 4 -4 7 12 10 -9 11 -3 -10 13 14 -7
right_child=-2 5 3 -5 -6 6 -8 8 9 -11 -12 -13 -14 -15 -16
leaf_value=7.6548283983347254e-05 0.0035553904849308197 -0.028920177410585814 -5.136207356114135e-05 0.0013279607193968357 -0.00045114207187031089 0.00051354745326199927 -0.0023713771979388598 0.0015047965433188121 0.0062094317275475652 8.0776070763543124e-06 0.00040624436980448943 -0.00087051487588885176 0.00019701144096588696 -0.00024751980241321625 -7.0647755772956767e-06
leaf_weight=203 53 9.9999999999999982 156 5.9999999999999991 220 357 29 27 5.9999999999999991 224 196 204 264 117 410
leaf_count=203 53 10 156 6 220 357 29 27 6 224 196 204 264 117 410
internal_value=0 -3.15325e-05 -0.000258549 -0.000508045 -0.000615532 0 9.70437e-05 -5.75634e-05 -0.000272895 -0.000448034 0 -0.000912183 0.000203835 0 9.93099e-05
internal_weight=0 2429 585 382 376 1844 1177 667 461 434 206 210 1148 884 767
internal_count=2482 2429 585 382 376 1844 1177 667 461 434 206 210 1148 884 767
is_linear=0
shrinkage=0.0253571


Tree=321
num_leaves=17
num_cat=0
split_feature=0 1 6 0 1 1 0 1 0 0 0 1 0 1 1 1
split_gain=0.0610656 0.0550331 0.0472188 0.0393979 0.0216222 0.0862847 0.0327129 0.0208437 0.0497934 0.067872 0.0065699 0.0597884 0.056803 0.0813456 6.60275e-06 1.62992e-06
threshold=-0.84654841444350015 0.49014340787884753 1.0000000180025095e-35 -1.0604089084139114 1.1596063786081634 0.42928313781254618 0.607308731663187 -0.97050307371238664 1.7584760787770368 -0.38104869100867195 1.8158340545792389 -1.1530838839112907 -0.34675216939498393 -1.7008263145080036 -1.761686584574305 -1.0313633437786878
decision_type=2 2 2 2 2 2 2 2 2 2 2 2 2 2 2 2
left_child=1 3 7 -1 5 -4 -7 10 9 -9 12 -12 14 -14 -2 -16
right_child=2 -3 4 -5 -6 6 -8 8 -10 -11 11 -13 13 -15 15 -17
leaf_value=0.00022834439122210667 -0.00039545059866634798 5.5235631738080331e-06 0.00012017282004043714 -0.00057250961387579808 0.00084519557533923489 -0.00013180905691294502 0.0045292139030444429 -3.0113344914376362e-05 -0.00012347791280833609 0.0003901215680251452 0.0018350478564310841 -0.0023643615527746565 0.00019843667817325783 -0.00042720595785865009 0.00061644072934963451 0.0010453216448467867
leaf_weight=37 30 157 135 161 149 511 7.9999999999999991 214 40 523 72 13.999999999999998 101 215 91 24
leaf_count=37 30 157 135 161 149 511 8 214 40 523 72 14 101 215 91 24
internal_value=0 -0.000317877 3.59965e-05 -0.000593291 0 -0.000145112 -0.000363456 0.000157803 0.000243731 0.000325084 0 0.000213995 -1.53543e-06 -0.000336677 0 5.91792e-06
internal_weight=0 355 2127 198 803 654 519 1324 777 737 547 86 461 316 145 115
internal_count=2482 355 2127 198 803 654 519 1324 777 737 547 86 461 316 145 115
is_linear=0
shrinkage=0.0253571


Tree=322
num_leaves=18
num_cat=0
split_feature=0 1 5 1 2 2 1 0 1 0 1 0 5 0 0 0 5
split_gain=0.059723 0.0523902 0.192109 0.118432 0.0677631 0.049628 0.029274 0.00707812 0.0387724 0.0748584 0.0483581 0.00348188 0.0184981 0.0362709 0.025324 0.103708 0.0235144
threshold=2.7210782591642872 0.6118639480114505 1.0000000180025095e-35 -1.4573852342427978 2.8634675359566581 -1.0030237002128752 0.55100367794514904 -0.83235675032749123 -1.4573852342427978 0.23642010233508451 0.42928313781254618 -1.3816267133359827 1.0000000180025095e-35 -0.31127300910496164 -0.31620067025635362 0.20442315592537938 5.7879777404652675
decision_type=2 2 2 2 2 2 2 2 2 2 2 2 2 2 2 2 2
left_child=1 2 7 -4 5 -5 -7 -1 -9 10 -10 -3 14 -14 -13 -16 -15
right_child=-2 11 3 4 -6 6 -8 8 9 -11 -12 12 13 16 15 -17 -18
leaf_value=-6.3075916797373846e-05 0.0034683671658391744 -0.031333317516796876 0.00040155897231914728 4.8438125668015042e-06 0.0021525609116690375 -0.00045666494872877828 4.9754415862330396e-05 -0.00012467764787324164 0.00084453253238270969 -0.00017490801051740673 8.1882068630205505e-06 0.00032666176997424225 -0.00012414529266059285 0.00091656987632708132 -0.00073075095660780182 0.0046004431924284942 -0.0025020561585575116
leaf_weight=207 53 7.9999999999999991 114 45 4.9999999999999991 541 32 134 329 38 74 322 103 303 155 13.999999999999998 4.9999999999999991
leaf_count=207 53 8 114 45 5 541 32 134 329 38 74 322 103 303 155 14 5
internal_value=0 -7.3183e-05 -0.000175035 -0.000478614 -0.000625775 -0.000681565 -0.000745461 0 8.84885e-05 0.00025675 0.000435501 0 4.96489e-05 0.000184047 0 -0.000293521 0.000345249
internal_weight=0 2429 1519 737 623 618 573 782 575 441 403 910 902 411 491 169 308
internal_count=2482 2429 1519 737 623 618 573 782 575 441 403 910 902 411 491 169 308
is_linear=0
shrinkage=0.0253571


Tree=323
num_leaves=14
num_cat=0
split_feature=0 2 0 2 0 5 0 0 0 0 0 0 0
split_gain=0.0517651 0.0742963 0.049399 0.0418683 0.0475673 0.0225407 0.000768485 0.0418524 0.0546903 0.0129456 0.0060439 6.71351e-06 4.82887e-07
threshold=0.57872829698511352 -0.22972545297896871 -0.12927805724688482 -0.22972545297896871 1.1004690596944955 1.0000000180025095e-35 -0.12927805724688482 -0.8227642366194482 -0.92657363154210592 -1.3816267133359827 -0.059305268897118839 0.24259610431149578 0.54476028611485161
decision_type=2 2 2 2 2 2 2 2 2 2 2 2 2
left_child=1 6 5 -2 -5 -3 7 8 9 -1 -8 -4 -13
right_child=3 2 11 4 -6 -7 10 -9 -10 -11 -12 12 -14
leaf_value=-0.017738959013646978 -4.4053286389267627e-05 -3.4005382302589112e-05 0.00043903730828124713 1.4050534506625217e-06 0.0013501718642567467 -0.0026888266342807755 -0.0014130312774814908 0.00013673915068329338 -0.0020969103251673466 0.0005620205448894866 8.9712397841543859e-05 -0.00071544256829088391 0.00054080776326258207
leaf_weight=5.9999999999999991 156 456 210 120 169 89 94 587 69 120 293 105 7.9999999999999991
leaf_count=6 156 456 210 120 169 89 94 587 69 120 293 105 8
internal_value=0 -8.72235e-05 -0.00026912 0.000198277 0.000388941 -0.000415315 0 2.50376e-05 0 0 0 0 -6.0172e-06
internal_weight=0 2037 868 445 289 545 1169 782 195 126 387 323 113
internal_count=2482 2037 868 445 289 545 1169 782 195 126 387 323 113
is_linear=0
shrinkage=0.0253571


Tree=324
num_leaves=17
num_cat=0
split_feature=5 1 5 1 2 1 1 2 2 2 2 2 1 2 2 2
split_gain=0.00136294 0.0307347 0.18141 0.131564 0.024691 0.0196768 0.0434993 0.0619222 0.013535 0.0133912 0.00357996 0.0125479 0.00124466 0.0186224 1.3225e-06 0.00274854
threshold=1.1199807455555051 0.12498178748103896 1.0000000180025095e-35 -1.4573852342427978 0.28580671184363571 0.42928313781254618 0.97702556840925903 -1.0030237002128752 1.5746371239001469 2.0901692887227514 0.54357279425493799 -0.22972545297896871 0.064121517414737511 -1.0030237002128752 -1.0030237002128752 3.3789997007792629
decision_type=2 2 2 2 2 2 2 2 2 2 2 2 2 2 2 2
left_child=1 2 14 -4 5 -3 7 -7 -6 10 11 -5 13 -2 -1 -16
right_child=12 4 3 9 8 6 -8 -9 -10 -11 -12 -13 -14 -15 15 -17
leaf_value=-0.0021567942878699814 -0.00081110644267194166 0.00068060633298803227 0.00033173524139362741 -0.00094049823994990761 0.0007097613142132477 0.0015682792467693733 1.8489606183140324e-05 -0.00034212098739825047 0.0002168965518183668 0.000423591382173256 -0.0017725348275548353 0.00042975046801638857 -0.00019856924780101005 0.0020523036209339953 3.5455242468259438e-05 -0.0013179029132871643
leaf_weight=15.999999999999998 8.9999999999999982 152 104 124 161 60 355 509 43 11.999999999999998 86 93 112 47 588 10.999999999999998
leaf_count=16 9 152 104 124 161 60 355 509 43 12 86 93 112 47 588 11
internal_value=0 -1.94345e-05 -0.000140855 -0.000568195 0 0 -0.000116623 -0.00026574 0.000274807 -0.000831095 -0.000863347 0 0 0.000113409 0 1.18533e-06
internal_weight=0 2314 1034 419 1280 1076 924 569 204 315 303 217 168 56 615 599
internal_count=2482 2314 1034 419 1280 1076 924 569 204 315 303 217 168 56 615 599
is_linear=0
shrinkage=0.0253571


Tree=325
num_leaves=14
num_cat=0
split_feature=0 1 1 2 0 1 1 0 0 0 0 0 0
split_gain=0.0527313 0.114855 0.0960023 0.128987 0.0613961 0.189429 0.0383683 0.0361197 0.0836452 0.00635762 0.00126165 0.000375546 2.3203e-05
threshold=0.41867786278790214 -0.4227606431156738 -0.30104010298307088 -0.22972545297896871 -0.41974725658427031 -1.5182455043090994 0.49014340787884753 -0.41974725658427031 -0.56002134402722825 -0.42901125954888714 0.11795912825562151 -0.61034918992011156 -1.0604089084139114
decision_type=2 2 2 2 2 2 2 2 2 2 2 2 2
left_child=1 4 3 -2 11 -6 -4 8 -3 -10 -9 12 -1
right_child=2 7 6 -5 5 -7 -8 10 9 -11 -12 -13 -14
leaf_value=0.000226259806060686 -3.3688969723651747e-05 1.0005822473547539e-05 -0.00077064145355982367 0.00083815820330489438 2.5427591001748743e-05 -0.0010436505023270889 0.0017409560523721471 0.00020070332453735979 -0.00088773491212515833 0.00083962587098798452 9.9310208984849319e-05 0.0011350089719907705 -0.00019665496742355833
leaf_weight=11.999999999999998 99 479 101 230 76 150 85 651 115 7.9999999999999991 218 70 188
leaf_count=12 99 479 101 230 76 150 85 651 115 8 218 70 188
internal_value=0 -8.38924e-05 0.000195973 0.000493816 -0.000417969 -0.000740141 0 0 -0.000115828 -0.000692348 0.000131194 0 -3.42186e-05
internal_weight=0 1967 515 329 496 226 186 1471 602 123 869 270 200
internal_count=2482 1967 515 329 496 226 186 1471 602 123 869 270 200
is_linear=0
shrinkage=0.0253571


Tree=326
num_leaves=7
num_cat=0
split_feature=0 1 0 6 5 0
split_gain=0.0579694 0.0697249 0.0606142 0.0399445 0.104785 0.0368046
threshold=-0.23801511332093431 0.97702556840925903 -0.92657363154210592 1.0000000180025095e-35 1.0000000180025095e-35 1.0000000180025095e-35
decision_type=2 2 2 2 2 2
left_child=1 2 -1 4 5 -2
right_child=3 -3 -4 -5 -6 -7
leaf_value=1.1698548037236906e-05 3.3951455622402709e-05 9.0941885139908521e-05 -0.00011981588223419399 -2.2304260415089377e-05 1.7731209044657412e-05 0.0014256959839539002
leaf_weight=192 91 264 697 442 647 149
leaf_count=192 91 264 697 442 647 149
internal_value=0 -0.000153738 -0.00028405 8.59963e-05 0.000199521 0.000646565
internal_weight=0 1153 889 1329 887 240
internal_count=2482 1153 889 1329 887 240
is_linear=0
shrinkage=0.0253571


Tree=327
num_leaves=20
num_cat=0
split_feature=0 1 5 1 2 1 0 5 2 0 0 0 0 1 0 1 0 0 1
split_gain=0.0726665 0.124622 0.10669 0.118432 0.0677631 0.0317759 0.015718 0.0231751 0.0208795 0.114467 0.119428 0.00788001 0.0711806 0.00123918 0.0650103 0.0299686 0.0255506 0.0476343 0.069902
threshold=2.7210782591642872 0.6118639480114505 1.0000000180025095e-35 -1.4573852342427978 2.8634675359566581 0.36842286774624472 -1.3816267133359827 1.0000000180025095e-35 -0.22972545297896871 0.14870773384030736 -0.31127300910496164 -0.31620067025635362 0.20442315592537938 -1.1530838839112907 1.0000000180025095e-35 -1.5791057743754007 -0.97736139247578568 0.23642010233508451 0.36842286774624472
decision_type=2 2 2 2 2 2 2 2 2 2 2 2 2 2 2 2 2 2 2
left_child=1 2 13 -4 5 -5 -3 11 9 10 -9 -8 -13 14 15 -1 -15 18 -18
right_child=-2 6 3 4 -6 -7 7 8 -10 -11 -12 12 -14 16 -16 -17 17 -19 -20
leaf_value=-1.2668601373920543e-05 0.003313739122766102 -0.030281130646549918 0.00036835982293336112 -0.00049972091504859467 0.0021076520757251226 -1.5093065285587132e-05 0.00030817727700615003 -4.4284618317746069e-05 -6.9923323753020919e-06 -8.884482895395705e-05 0.0022183428039028049 -0.00071153703354980078 0.0043892814979028137 -0.00018685678574594989 0.00083983788606991521 -0.0004921799964922735 0.00073302612700269559 -0.0001316128300882785 -0.00018613701865895151
leaf_weight=82 53 7.9999999999999991 114 431 4.9999999999999991 187 322 92 111 80 128 155 13.999999999999998 82 63 74 339 31 111
leaf_count=82 53 8 114 431 5 187 322 92 111 80 128 155 14 82 63 74 339 31 111
internal_value=0 -9.40083e-05 -0.00025816 -0.000478614 -0.000625775 -0.000681565 0 0.000105488 0.000244823 0.000354268 0.000703727 0 -0.000148807 0 -5.94785e-05 -0.00051243 0 0.000183627 0.00032116
internal_weight=0 2429 1519 737 623 618 910 902 411 300 220 491 169 782 219 156 563 481 450
internal_count=2482 2429 1519 737 623 618 910 902 411 300 220 491 169 782 219 156 563 481 450
is_linear=0
shrinkage=0.0253571


Tree=328
num_leaves=10
num_cat=0
split_feature=0 2 2 5 0 6 5 2 2
split_gain=0.0705751 0.0460904 0.0418409 0.0275858 0.0318635 0.0200684 0.0185919 0.00148093 0.0027692
threshold=0.69075046049342437 -0.22972545297896871 -1.0030237002128752 1.0000000180025095e-35 0.14042926310596893 1.0000000180025095e-35 1.1199807455555051 -0.48749153539027096 -1.0030237002128752
decision_type=2 2 2 2 2 2 2 2 2
left_child=1 7 -2 -3 6 -4 -5 8 -1
right_child=2 3 5 4 -6 -7 -8 -9 -10
leaf_value=9.8195348165850186e-05 -0.00077746303180469684 -1.727058893723622e-06 0.00059100870273871842 -0.0018414016610556721 -8.0491581613534676e-05 -0.0003093374769863195 -0.00010060209590306187 0.00014159005121432153 -5.6468552385059272e-05
leaf_weight=171 12.999999999999998 585 350 149 148 22 20 361 663
leaf_count=171 13 585 350 149 148 22 20 361 663
internal_value=0 -0.000108848 0.000228686 -0.000245085 -0.000472924 0.000353871 -0.000727661 0 -2.34881e-05
internal_weight=0 2097 385 902 317 372 169 1195 834
internal_count=2482 2097 385 902 317 372 169 1195 834
is_linear=0
shrinkage=0.0253571


Tree=329
num_leaves=10
num_cat=0
split_feature=1 2 1 1 2 1 1 1 1
split_gain=0.0152598 0.0746874 0.0860637 0.00142573 1.58426e-06 1.33129e-06 0.0601985 0.00775397 0.00342094
threshold=0.55100367794514904 -0.48749153539027096 -1.8834071247069077 0.49014340787884753 -0.48749153539027096 -0.97050307371238664 -0.72706199344718081 -1.5791057743754007 -1.2139441539775919
decision_type=2 2 2 2 2 2 2 2 2
left_child=1 2 -1 -4 -2 7 -7 -3 -9
right_child=4 5 3 -5 -6 6 -8 8 -10
leaf_value=0.00062358505244263104 9.7459184814958967e-05 0.00014358055255456203 -0.00034559073904698052 -0.0021987147233788256 -1.6832657043359226e-06 0.00093486957471763585 -3.8774762591213189e-06 -0.00019578128839994267 6.8346461555657092e-06
leaf_weight=25 499 168 380 27 493 80 515 140 155
leaf_count=25 499 168 380 27 493 80 515 140 155
internal_value=0 -8.09796e-05 -0.000363284 -0.000523332 0 0 1.19322e-06 0 -0.000128652
internal_weight=0 1490 432 407 992 1058 595 463 295
internal_count=2482 1490 432 407 992 1058 595 463 295
is_linear=0
shrinkage=0.0253571


Tree=330
num_leaves=8
num_cat=0
split_feature=0 0 2 0 0 0 0
split_gain=0.0498212 0.015915 0.0290902 0.0475929 0.00938172 0.00850621 0.00673216
threshold=2.7210782591642872 -0.42901125954888714 -0.22972545297896871 -0.62789166361906712 0.14870773384030736 -0.10680792239653754 0.57872829698511352
decision_type=2 2 2 2 2 2 2
left_child=1 2 -1 -4 5 -3 -6
right_child=-2 4 3 -5 6 -7 -8
leaf_value=5.6194649463896621e-06 0.0031910205043717481 -1.2619589671977073e-05 -0.00018363465847194536 0.00013892969368688068 -0.00011730488410120396 0.00036297870625610234 2.3750633985560767e-05
leaf_weight=456 53 519 318 88 325 331 392
leaf_count=456 53 519 318 88 325 331 392
internal_value=0 -5.23578e-05 -0.000139554 -0.000293927 0 5.26642e-05 -7.11144e-05
internal_weight=0 2429 862 406 1567 850 717
internal_count=2482 2429 862 406 1567 850 717
is_linear=0
shrinkage=0.0253571


Tree=331
num_leaves=13
num_cat=0
split_feature=0 1 1 0 0 0 0 0 1 1 1 0
split_gain=0.0432045 0.0797845 0.140857 0.0705015 0.0126613 0.0591565 0.0243204 0.0531453 0.0425613 0.049204 0.0337822 0.00704467
threshold=2.7210782591642872 -0.97050307371238664 -1.5182455043090994 2.2561698550676259 -0.26600422866084072 1.7584760787770368 -0.93544342161461114 -1.3816267133359827 -0.84878253357978373 1.2204666486744649 1.1596063786081634 -0.37474128473489016
decision_type=2 2 2 2 2 2 2 2 2 2 2 2
left_child=1 2 -1 -4 6 -6 7 -3 -8 11 -9 -10
right_child=-2 4 3 -5 5 -7 8 10 9 -11 -12 -13
leaf_value=3.8238552888363363e-05 0.0031101055073419269 -0.026326325906467479 -0.00035314026337142959 0.00060209680928367012 0.00011679115326980577 -0.0023341508175579633 0.0014318003496483853 0.00043866331869879413 -0.00028602807490777689 0.00054779628688657279 -0.00083370966828384999 -4.1824494307863546e-05
leaf_weight=228 53 9.9999999999999982 352 4.9999999999999991 948 29 30 158 424 82 38 125
leaf_count=228 53 10 352 5 948 29 30 158 424 82 38 125
internal_value=0 -3.15325e-05 -0.000301438 -0.000630277 0 9.09938e-05 0 0 -0.000153091 -0.000259781 0.000411071 -0.000366653
internal_weight=0 2429 585 357 1844 977 867 206 661 631 196 549
internal_count=2482 2429 585 357 1844 977 867 206 661 631 196 549
is_linear=0
shrinkage=0.0253571


Tree=332
num_leaves=7
num_cat=0
split_feature=0 1 1 0 0 0
split_gain=0.0438417 0.0467273 0.0276057 0.00659608 0.0023089 0.00107665
threshold=0.69075046049342437 1.0378858384755605 -0.72706199344718081 0.85415170427358211 -1.0604089084139114 -0.91632409634721046
decision_type=2 2 2 2 2 2
left_child=1 4 3 -2 -1 -3
right_child=2 5 -4 -5 -6 -7
leaf_value=0.00013939096373532161 0.00012050631518572562 -0.0012571725576346641 1.5698653139369813e-05 0.00062569390543763738 -4.078029200601896e-05 0.00088749304963414168
leaf_weight=68 24 52 151 210 1724 253
leaf_count=68 24 52 151 210 1724 253
internal_value=0 -6.06226e-05 0.000228686 0.000398823 -0.000144936 0
internal_weight=0 2097 385 234 1792 305
internal_count=2482 2097 385 234 1792 305
is_linear=0
shrinkage=0.0253571


Tree=333
num_leaves=8
num_cat=0
split_feature=0 0 0 0 0 0 0
split_gain=0.0572623 0.0602292 0.038943 4.10588e-05 0.00615134 0.0122006 0.00968153
threshold=-0.84654841444350015 -1.0604089084139114 2.7210782591642872 -0.69129423710031046 -0.10680792239653754 0.14870773384030736 0.38884908728480966
decision_type=2 2 2 2 2 2 2
left_child=1 -1 3 -2 -5 -6 -7
right_child=2 -3 -4 4 5 6 -8
leaf_value=0.00023049345408110878 0.00035780442146717619 -0.00028988014632451637 0.0030153765020048953 -4.496384788365153e-05 0.00035284314059789279 -0.0001339269596415721 8.8989774043590408e-06
leaf_weight=100 194 255 53 832 331 235 482
leaf_count=100 194 255 53 832 331 235 482
internal_value=0 -0.000317877 1.2223e-05 0 -3.74116e-06 0 -9.91932e-07
internal_weight=0 355 2127 2074 1880 1048 717
internal_count=2482 355 2127 2074 1880 1048 717
is_linear=0
shrinkage=0.0253571


Tree=334
num_leaves=14
num_cat=0
split_feature=0 1 1 0 6 0 0 1 1 0 1 0 0
split_gain=0.041128 0.059777 0.115982 0.0628672 0.0245502 0.0454854 0.100018 0.0232843 0.0185713 0.0387512 0.0305194 0.0238373 0.0165591
threshold=2.7210782591642872 -0.97050307371238664 -1.5182455043090994 2.2561698550676259 1.0000000180025095e-35 1.7584760787770368 -0.25641171495279774 1.0987461085418622 1.4030474588733692 -1.01349757425266 -0.17931956285046807 1.0799042871560198 -0.34675216939498393
decision_type=2 2 2 2 2 2 2 2 2 2 2 2 2
left_child=1 2 -1 12 5 6 -3 -8 9 -6 -11 -12 -4
right_child=-2 4 3 -5 8 -7 7 -9 -10 10 11 -13 -14
leaf_value=2.9355928404632282e-05 0.0029389153259111 -9.6495967792925145e-06 -0.00014982771368644742 0.00057073795633105729 0.0018803278746471093 -0.0017290937625701916 0.00042046166359182619 -0.0031076136717271357 0.0019355206528337493 0.0004094880574703179 -0.00011721719707488113 0.00097133309090241158 -0.00046738550079103105
leaf_weight=228 53 448 152 4.9999999999999991 51 27 465 9.9999999999999982 57 18 760 7.9999999999999991 200
leaf_count=228 53 448 152 5 51 27 465 10 57 18 760 8 200
internal_value=0 -2.11199e-05 -0.000258549 -0.000560466 0 0.000126711 0.00021908 0.000475728 -2.19226e-05 -0.000121137 -0.000216956 -0.000271128 -0.000656771
internal_weight=0 2429 585 357 1844 950 923 475 894 837 786 768 352
internal_count=2482 2429 585 357 1844 950 923 475 894 837 786 768 352
is_linear=0
shrinkage=0.0253571


Tree=335
num_leaves=14
num_cat=0
split_feature=0 1 0 0 0 0 0 1 0 0 0 0 0
split_gain=0.0490987 0.0454699 0.132127 0.0281116 0.0541788 0.0431816 0.0308344 0.0276057 0.0234465 0.00659608 0.00111093 5.29288e-06 4.56208e-07
threshold=0.69075046049342437 0.12498178748103896 -0.34675216939498393 -0.44464837093597093 -0.0074005714357901495 -0.93544342161461114 -0.29373053540600619 -0.72706199344718081 0.41867786278790214 0.85415170427358211 -0.83235675032749123 -1.0604089084139114 -0.84654841444350015
decision_type=2 2 2 2 2 2 2 2 2 2 2 2 2
left_child=1 2 10 5 6 -3 -5 9 -4 -2 11 -1 -13
right_child=7 3 8 4 -6 -7 -8 -9 -10 -11 -12 12 -14
leaf_value=0.00026691112500006482 0.00011648059247174427 7.4499449893403828e-05 -0.00032913735027734713 0.0002382078020928207 -4.1014135630232649e-05 -0.00032846720529050306 0.0003001528712392455 1.8540672842841971e-05 2.1496375756075894e-05 0.00056115221860566589 0.00044499924434785457 -0.00015475414172142591 0.00087187232012005253
leaf_weight=24 24 147 289 164 330 316 359 151 78 210 245 133 11.999999999999998
leaf_count=24 24 147 289 164 330 316 359 151 78 210 245 133 12
internal_value=0 -7.26789e-05 -0.000226387 0 0.000104126 -0.00013663 0.000288838 0.000228686 -0.00057942 0.000398823 0 0 -4.74391e-06
internal_weight=0 2097 781 1316 853 463 523 385 367 234 414 169 145
internal_count=2482 2097 781 1316 853 463 523 385 367 234 414 169 145
is_linear=0
shrinkage=0.0253571


Tree=336
num_leaves=6
num_cat=0
split_feature=0 5 2 0 2
split_gain=0.0543615 0.0132078 0.0318099 0.0322479 0.0387722
threshold=2.7210782591642872 1.1199807455555051 2.0901692887227514 -0.93544342161461114 -1.0030237002128752
decision_type=2 2 2 2 2
left_child=1 2 3 -1 -5
right_child=-2 -3 -4 4 -6
leaf_value=5.4684896291028843e-05 0.0028501637949884173 9.6175730314944485e-05 0.00076461327531509942 9.5656829565824448e-05 -4.9582888215862528e-05
leaf_weight=232 53 144 74 144 1835
leaf_count=232 53 144 74 144 1835
internal_value=0 -6.27704e-05 -8.88495e-05 -0.000131842 -0.000172796
internal_weight=0 2429 2285 2211 1979
internal_count=2482 2429 2285 2211 1979
is_linear=0
shrinkage=0.0253571


Tree=337
num_leaves=14
num_cat=0
split_feature=0 1 1 0 1 0 1 0 0 0 0 0 0
split_gain=0.059723 0.0887329 0.137272 0.0865008 0.00902073 0.0450176 0.0216005 0.0554164 0.0160736 0.00482332 0.000336396 0.0503715 0.00368851
threshold=2.7210782591642872 -0.97050307371238664 -1.5791057743754007 2.2561698550676259 -0.72706199344718081 0.31322591414811413 0.55100367794514904 0.73588783664017499 -0.26600422866084072 -0.56002134402722825 -0.41974725658427031 -0.92657363154210592 -0.076847742596074228
decision_type=2 2 2 2 2 2 2 2 2 2 2 2 2
left_child=1 2 -1 -4 5 -3 7 10 9 -8 11 -6 -12
right_child=-2 4 3 -5 6 -7 8 -9 -10 -11 12 -13 -14
leaf_value=0.00012054561108141086 0.0027778919325261962 4.9199565570342777e-05 -0.00024588821462238924 0.0012044317769003359 0.00020096705372807337 0.0032539943372043869 8.0417410235048012e-05 -0.00071454335551209664 0.00025130410820910952 -0.00024990190535156137 0.00065196122164749327 -0.00062136002590823189 -4.0789559624002921e-06
leaf_weight=203 53 74 376 5.9999999999999991 78 37 301 94 474 213 158 146 269
leaf_count=203 53 74 376 6 78 37 301 94 474 213 158 146 269
internal_value=0 -7.3183e-05 -0.000344327 -0.000638677 0 0.000222435 -4.12476e-07 -0.000135973 0 0 0 -3.06514e-05 0
internal_weight=0 2429 585 382 1844 111 1733 745 988 514 651 224 427
internal_count=2482 2429 585 382 1844 111 1733 745 988 514 651 224 427
is_linear=0
shrinkage=0.0253571


Tree=338
num_leaves=6
num_cat=0
split_feature=0 5 2 0 2
split_gain=0.0862799 0.0241378 0.049129 0.0427913 0.0272631
threshold=2.7210782591642872 1.1199807455555051 2.0901692887227514 -1.0604089084139114 -1.0030237002128752
decision_type=2 2 2 2 2
left_child=1 2 3 -1 -5
right_child=-2 -3 -4 4 -6
leaf_value=0.00026442782961326618 0.002707452674250739 9.8344251627224176e-05 0.00074449114491944115 8.5637333775459779e-05 -3.8720169360300322e-05
leaf_weight=93 53 144 74 151 1967
leaf_count=93 53 144 74 151 1967
internal_value=0 -0.000114834 -0.000144185 -0.000189024 -0.000224159
internal_weight=0 2429 2285 2211 2118
internal_count=2482 2429 2285 2211 2118
is_linear=0
shrinkage=0.0253571


Tree=339
num_leaves=11
num_cat=0
split_feature=0 1 1 1 2 0 2 0 0 2
split_gain=0.0853229 0.0933955 0.157873 0.0204871 0.0190036 0.00691938 0.0759743 0.0352192 0.0256678 0.000766353
threshold=2.2561698550676259 -0.97050307371238664 -1.5791057743754007 -1.8834071247069077 0.28580671184363571 -0.26600422866084072 1.0591049590775425 -0.93544342161461114 -1.3816267133359827 -1.0030237002128752
decision_type=2 2 2 2 2 2 2 2 2 2
left_child=1 2 -1 -2 -4 7 9 8 -3 -7
right_child=3 5 4 -5 -6 6 -8 -9 -10 -11
leaf_value=0.00012927935132628671 -0.00063545622336378619 -0.025693482574114655 -9.1866336523115395e-05 0.0014585643690328469 -0.00040737373707729128 0.0021156246323383349 0.0013929624594725247 -8.8917569344368867e-05 0.00037035635989185906 -5.9233980643546815e-05
leaf_weight=196 6.9999999999999991 9.9999999999999982 215 73 161 79 90 661 196 794
leaf_count=196 7 10 215 73 161 79 90 661 196 794
internal_value=0 -8.19006e-05 -0.000363032 0.000670017 -0.000681873 0 5.30647e-05 -4.43793e-05 0 0
internal_weight=0 2402 572 80 376 1830 963 867 206 873
internal_count=2482 2402 572 80 376 1830 963 867 206 873
is_linear=0
shrinkage=0.0253571


Tree=340
num_leaves=16
num_cat=0
split_feature=5 1 4 2 2 2 1 1 2 2 1 2 2 1 2
split_gain=0.0195586 0.0542767 0.133288 0.161413 0.556107 0.0247625 0.0308234 0.0421475 0.0375101 0.013535 0.00747343 0.00471959 0.0240584 0.00124466 0.0186224
threshold=1.1199807455555051 0.12498178748103896 1.0000000180025095e-35 0.54357279425493799 1.5746371239001469 0.28580671184363571 0.36842286774624472 1.4030474588733692 -1.0030237002128752 1.5746371239001469 0.42928313781254618 -0.48749153539027096 1.3168710414888449 0.064121517414737511 -1.0030237002128752
decision_type=2 2 2 2 2 2 2 2 2 2 2 2 2 2 2
left_child=1 2 11 -4 -5 6 -3 8 -8 -7 -10 -1 -13 14 -2
right_child=13 5 3 4 -6 9 7 -9 10 -11 -12 12 -14 -15 -16
leaf_value=-0.00040919430798120075 -0.00075547036107823703 0.0007597146087308655 -5.954451373352835e-06 -0.0012260802718997718 0.00019696980708861596 0.0006707193987533556 0.00030290696576331597 0.0015784663724818123 0.00092329320794808459 0.00022286348607763372 -0.00012002858357146773 0.00041867843060226567 -3.0651573767251154e-05 -0.00025062061159692844 0.0015951939741417535
leaf_weight=140 8.9999999999999982 93 363 108 83 161 117 51 52 43 763 262 78 112 47
leaf_count=140 9 93 363 108 83 161 117 51 52 43 763 262 78 112 47
internal_value=0 -7.40781e-05 -0.000213985 -0.000487852 -0.00109649 0 -6.52052e-06 -0.000141709 -0.000223735 0.000274807 -0.000294207 0 9.3621e-05 0 0.000113409
internal_weight=0 2314 1034 554 191 1280 1076 983 932 204 815 480 340 168 56
internal_count=2482 2314 1034 554 191 1280 1076 983 932 204 815 480 340 168 56
is_linear=0
shrinkage=0.0253571


Tree=341
num_leaves=11
num_cat=0
split_feature=0 1 5 1 1 0 5 5 0 0
split_gain=0.0794644 0.114761 0.122204 0.128209 0.0247682 0.0160736 0.0160822 0.0171334 0.00482332 0.000932722
threshold=2.7210782591642872 0.55100367794514904 1.0000000180025095e-35 -1.4573852342427978 0.36842286774624472 -0.26600422866084072 1.0000000180025095e-35 5.7879777404652675 -0.56002134402722825 -1.3816267133359827
decision_type=2 2 2 2 2 2 2 2 2 2
left_child=1 2 -1 -4 -5 8 -7 -8 9 -3
right_child=-2 5 3 4 -6 6 7 -9 -10 -11
leaf_value=-1.7766297716604618e-06 0.0025968200200400787 -0.028267442829068738 0.00035250592179549906 -0.00043538067011229407 -5.3094900644943008e-05 -2.8443273757848047e-05 0.00033918293052088283 -0.0025196871091544676 -0.00023744914362570024 0.00030068510216736514
leaf_weight=740 53 7.9999999999999991 114 434 153 146 323 4.9999999999999991 213 293
leaf_count=740 53 8 114 434 153 146 323 5 213 293
internal_value=0 -0.000104421 -0.000263314 -0.000502977 -0.000663751 0 0.000146701 0.00024872 0 0
internal_weight=0 2429 1441 701 587 988 474 328 514 301
internal_count=2482 2429 1441 701 587 988 474 328 514 301
is_linear=0
shrinkage=0.0253571


Tree=342
num_leaves=12
num_cat=0
split_feature=0 3 6 3 0 0 0 5 4 4 5
split_gain=0.138541 0.081817 0.0579782 0.0180386 0.0165383 0.0300068 0.0350934 0.0088389 0.00659789 0.00387739 0.00207525
threshold=0.57872829698511352 -0.86158447112794823 1.0000000180025095e-35 1.1798977793155532 -1.0604089084139114 -0.84654841444350015 -0.69129423710031046 -1.214017751899376 1.3401069926887506 1.0000000180025095e-35 1.1199807455555051
decision_type=2 2 2 2 2 2 2 2 2 2 2
left_child=4 -2 3 -3 -1 -6 9 -8 10 -7 -9
right_child=1 2 -4 -5 5 6 7 8 -10 -11 -12
leaf_value=0.00020034144651709341 -0.00043787658704104394 0.00072297739928252498 -0.00030030547013874174 0.00012981913118862535 -0.00026951961303144106 0.00083450393090578399 0.00092334229338417097 -3.5853904296295557e-05 0.00046125766602709883 -0.00010485358105779322 8.4093792356131021e-05
leaf_weight=100 97 262 24 62 255 150 39 1367 26 44 56
leaf_count=100 97 262 24 62 255 150 39 1367 26 44 56
internal_value=0 0.00031067 0.000521017 0.000635672 -0.000149275 -0.000170006 -1.16899e-05 -0.000123513 -0.000139892 0 -0.000151308
internal_weight=0 445 348 324 2037 1937 1682 1488 1449 194 1423
internal_count=2482 445 348 324 2037 1937 1682 1488 1449 194 1423
is_linear=0
shrinkage=0.0253571


Tree=343
num_leaves=11
num_cat=0
split_feature=0 1 5 1 0 1 1 1 6 5
split_gain=0.104969 0.0616949 0.0386778 0.0528026 0.0611163 0.0236324 0.014613 0.015383 0.00888912 0.00260291
threshold=0.57872829698511352 1.0378858384755605 1.0000000180025095e-35 -1.2748044240438936 0.35954592897119847 0.55100367794514904 -0.17931956285046807 0.36842286774624472 1.0000000180025095e-35 1.0000000180025095e-35
decision_type=2 2 2 2 2 2 2 2 2 2
left_child=1 2 6 -4 5 -5 -1 -8 -2 -3
right_child=8 9 3 4 -6 -7 7 -9 -10 -11
leaf_value=-2.2409394779692266e-05 0.00018528601733549461 -0.00011675545925026761 0.00035765597543511421 -0.0004694870630167763 3.0957347655996915e-05 -5.6219122078259697e-05 0.0015747391948983691 -9.9239938919779344e-06 -8.6127940219535987e-05 0.0018665964019760686
leaf_weight=522 414 201 41 299 79 268 100 426 31 101
leaf_count=522 414 201 41 299 79 268 100 426 31 101
internal_value=0 -0.000136865 -0.000211573 -0.00038511 -0.000457916 -0.000554202 0 0 0.000254474 0
internal_weight=0 2037 1735 687 646 567 1048 526 445 302
internal_count=2482 2037 1735 687 646 567 1048 526 445 302
is_linear=0
shrinkage=0.0253571


Tree=344
num_leaves=11
num_cat=0
split_feature=0 1 2 1 0 2 2 2 2 2
split_gain=0.0946637 0.0561752 0.163829 0.131878 0.0672218 0.00562492 0.0194848 0.00647694 0.00228357 0.00210768
threshold=0.57872829698511352 -0.17931956285046807 1.0000000180025095e-35 -1.8834071247069077 -1.0777542756668113 1.0000000180025095e-35 1.5746371239001469 -1.0030237002128752 0.28580671184363571 -1.0030237002128752
decision_type=2 2 2 2 2 2 2 2 2 2
left_child=1 2 -1 -4 -5 7 8 -3 -7 -2
right_child=9 5 3 4 -6 6 -8 -9 -10 -11
leaf_value=2.9567779552202192e-05 -0.00015355483893214337 2.6336429416034639e-05 0.00018737735408563252 0.00075313233589205462 -0.00029258664450386874 0.00030848665042163237 -8.5132234284273863e-05 -6.7943795454722351e-05 0.00034196076974647434 0.00017922140334819981
leaf_weight=313 20 144 34 6.9999999999999991 290 73 45 956 175 425
leaf_count=313 20 144 34 7 290 73 45 956 175 425
internal_value=0 -0.000124455 -0.000322833 -0.000716469 -0.000922243 0 4.47691e-05 -5.22235e-05 0.000227245 0.000254474
internal_weight=0 2037 644 331 297 1393 293 1100 248 445
internal_count=2482 2037 644 331 297 1393 293 1100 248 445
is_linear=0
shrinkage=0.0253571


Tree=345
num_leaves=17
num_cat=0
split_feature=0 1 0 1 2 4 0 0 2 0 0 0 0 4 4 0
split_gain=0.059723 0.0849592 0.0850237 0.171871 0.114025 0.055488 0.0532113 0.0183379 0.0161654 0.0572163 0.00194921 0.0011155 0.00698765 0.00191438 0.00294109 0.000602678
threshold=2.7210782591642872 0.12498178748103896 -0.34675216939498393 -1.7008263145080036 2.0901692887227514 1.3401069926887506 -0.41974725658427031 -0.93544342161461114 1.5746371239001469 -0.0074005714357901495 -0.44464837093597093 -0.83235675032749123 -1.0604089084139114 1.0000000180025095e-35 -1.518634353124295 -0.84654841444350015
decision_type=2 2 2 2 2 2 2 2 2 2 2 2 2 2 2 2
left_child=1 2 11 -4 5 -5 7 -3 9 -8 -9 12 -1 14 -13 -14
right_child=-2 6 3 4 -6 -7 8 10 -10 -11 -12 13 15 -15 -16 -17
leaf_value=0.00023321699251298818 0.0025033967672663908 2.8295343889931467e-05 0.00025066870568098896 -0.00033983129581111239 0.00079247964496145643 0.0022963052267352467 0.00030066432638190199 -0.00033783005776952507 -0.00016407211378800747 -7.1481909458383086e-06 0.00075936358024101028 -0.00015177512929823582 -0.00016395853670039381 5.2080336334621872e-06 0.00083791874562413958 0.00083465498476873053
leaf_weight=24 53 147 115 477 34 6.9999999999999991 493 316 28 378 20 23 133 51 171 11.999999999999998
leaf_count=24 53 147 115 477 34 7 493 316 28 378 20 23 133 51 171 12
internal_value=0 -7.3183e-05 -0.000253476 -0.000437477 -0.000666467 -0.000790279 0 -0.000131045 0.000168864 0.00020316 -0.000242906 0 -4.09415e-06 5.33229e-05 9.85662e-05 -0.000172424
internal_weight=0 2429 1047 633 518 484 1382 483 899 871 336 414 169 245 194 145
internal_count=2482 2429 1047 633 518 484 1382 483 899 871 336 414 169 245 194 145
is_linear=0
shrinkage=0.0253571


Tree=346
num_leaves=12
num_cat=0
split_feature=6 2 5 2 5 2 2 2 5 5 5
split_gain=0.00572774 0.0663548 0.0389194 0.0574911 0.0472611 0.056053 0.0395286 0.0258499 0.00491953 0.0126254 0.00483682
threshold=1.0000000180025095e-35 -0.22972545297896871 1.0000000180025095e-35 -0.74525761780157318 1.1199807455555051 2.3479353711340543 -1.0030237002128752 3.3789997007792629 1.0000000180025095e-35 4.6209784917378274 2.2869799942829454
decision_type=2 2 2 2 2 2 2 2 2 2 2
left_child=2 8 3 -1 5 6 -4 -5 -2 -10 -3
right_child=1 10 4 7 -6 -7 -8 -9 9 -11 -12
leaf_value=-0.00010333027460752585 -0.00033471413091016114 -0.00054236005802609031 5.7205972245289382e-05 0.00017578611213969704 0.00026887675352366364 0.00081153040337180447 -0.00034870405696804934 -0.00093764259208828349 0.00034080134998466566 -0.0024577584222024986 0.0016112973296069852
leaf_weight=105 399 113 21 737 89 22 596 11.999999999999998 373 6.9999999999999991 7.9999999999999991
leaf_count=105 399 113 21 737 89 22 596 12 373 7 8
internal_value=0 -6.3749e-05 0 0.000170329 -9.61106e-06 -0.00021726 -0.000326647 0.000286343 0 8.3925e-05 -0.000603576
internal_weight=0 900 1582 854 728 639 617 749 779 380 121
internal_count=2482 900 1582 854 728 639 617 749 779 380 121
is_linear=0
shrinkage=0.0253571


Tree=347
num_leaves=10
num_cat=0
split_feature=0 2 0 0 0 0 0 0 0
split_gain=0.115731 0.0266889 0.0690097 0.0063952 0.0273542 0.0642943 0.0546903 0.0251577 0.0129456
threshold=0.41867786278790214 -0.22972545297896871 -0.62789166361906712 -0.12927805724688482 -0.8227642366194482 -0.69129423710031046 -0.92657363154210592 -0.059305268897118839 -1.3816267133359827
decision_type=2 2 2 2 2 2 2 2 2
left_child=1 3 -3 4 6 -6 8 -5 -1
right_child=-2 2 -4 7 5 -7 -8 -9 -10
leaf_value=-0.014769541335886961 9.3637551131128485e-05 -0.00021668670509057824 -1.8917604888808182e-06 -0.0013845778357839979 0.00096170751982631894 4.5077787417453891e-06 -0.0019820669474263398 8.1704244114035493e-05 0.00053213056514883237
leaf_weight=5.9999999999999991 515 318 508 94 78 509 69 265 120
leaf_count=6 515 318 508 94 78 509 69 265 120
internal_value=0 -0.000122444 -0.000236998 0 0 0.000172188 0 -0.000106108 0
internal_weight=0 1967 826 1141 782 587 195 359 126
internal_count=2482 1967 826 1141 782 587 195 359 126
is_linear=0
shrinkage=0.0253571


Tree=348
num_leaves=12
num_cat=0
split_feature=0 1 0 0 1 0 0 0 0 0 0
split_gain=0.0696201 0.0837309 0.102444 0.0694608 0.0557121 0.0108485 0.0474628 0.0324279 0.0027015 0.000462648 0.000152754
threshold=0.57872829698511352 -0.4227606431156738 0.41867786278790214 -0.34675216939498393 -1.5182455043090994 -0.42901125954888714 -0.56002134402722825 0.11795912825562151 -0.56554032451678737 -0.41974725658427031 -1.0604089084139114
decision_type=2 2 2 2 2 2 2 2 2 2 2
left_child=1 2 3 8 -5 6 -3 9 10 -7 -1
right_child=-2 5 -4 4 -6 7 -8 -9 -10 -11 -12
leaf_value=0.00013773723421944489 0.00013612536777356729 2.1076481941605098e-06 0.0011086761126226075 -2.7189845329767268e-06 -0.00095684697439655435 0.0008253328417454726 -0.00085609137384178697 -7.216843312470005e-05 0.0010961341051429804 0.00022354839073052 -0.00013744593397501574
leaf_weight=11.999999999999998 445 479 23 69 141 7.9999999999999991 115 265 68 651 206
leaf_count=12 445 479 23 69 141 8 115 265 68 651 206
internal_value=0 -8.72235e-05 -0.000363456 -0.000518948 -0.000912183 0 -7.51259e-05 6.21043e-05 0 0.000191669 -8.8016e-05
internal_weight=0 2037 519 496 210 1518 594 924 286 659 218
internal_count=2482 2037 519 496 210 1518 594 924 286 659 218
is_linear=0
shrinkage=0.0253571


Tree=349
num_leaves=8
num_cat=0
split_feature=1 2 1 1 2 2 2
split_gain=0.00515893 0.0438468 0.0451865 0.0208596 0.212289 0.0455926 8.29244e-07
threshold=0.55100367794514904 1.5746371239001469 -1.9442673947732094 0.12498178748103896 0.28580671184363571 -0.48749153539027096 1.3168710414888449
decision_type=2 2 2 2 2 2 2
left_child=1 2 -1 4 5 -4 -2
right_child=6 -3 3 -5 -6 -7 -8
leaf_value=0.00065217064137528089 4.2480306784696042e-05 0.00039257654255939298 -0.00034099946404997562 -4.5526704991280405e-05 -0.00021009518422108491 0.00018631000424367661 -0.00031844992782713354
leaf_weight=24 959 181 290 373 301 321 33
leaf_count=24 959 181 290 373 301 321 33
internal_value=0 -4.70848e-05 -0.000154783 -0.000216574 -0.000283839 0 0
internal_weight=0 1490 1309 1285 912 611 992
internal_count=2482 1490 1309 1285 912 611 992
is_linear=0
shrinkage=0.0253571


Tree=350
num_leaves=15
num_cat=0
split_feature=0 1 1 0 1 0 0 1 0 0 1 0 0 0
split_gain=0.0853678 0.173492 0.0786266 0.050182 0.17967 0.0361197 0.036776 0.00986154 0.00326452 0.0027015 0.00240114 0.00126165 2.53917e-06 0.00465097
threshold=0.41867786278790214 -0.4227606431156738 -0.30104010298307088 -0.41974725658427031 -1.5791057743754007 -0.41974725658427031 -0.56002134402722825 0.49014340787884753 -0.42901125954888714 -0.56554032451678737 -0.78792226351348227 0.11795912825562151 -0.77900660559508761 -1.0604089084139114
decision_type=2 2 2 2 2 2 2 2 2 2 2 2 2 2
left_child=1 3 -2 9 -5 6 12 -4 -8 10 -1 -7 13 -3
right_child=2 5 7 4 -6 11 8 -9 -10 -11 -12 -13 -14 -15
leaf_value=-0.00013285331418328729 0.00026888380542352321 0.00015340236489335812 -0.0007466496773705602 8.8416340017711471e-05 -0.00075853686174129342 0.00021626940142912979 -0.00083616831450569556 0.0017488483989442215 0.00080332762484396569 0.0024649243824534581 0.0010333256918407896 9.7579650443949267e-05 0.00035578783301235093 -0.00021827374926346649
leaf_weight=201 329 88 101 67 159 651 115 85 7.9999999999999991 52 17 218 170 221
leaf_count=201 329 88 101 67 159 651 115 85 8 52 17 218 170 221
internal_value=0 -0.000109594 0.000244622 -0.000518948 -0.000849334 0 -0.000115828 0 -0.00049612 0 -8.8016e-05 0.000131194 0 -2.27581e-06
internal_weight=0 1967 515 496 226 1471 602 186 123 270 218 869 479 309
internal_count=2482 1967 515 496 226 1471 602 186 123 270 218 869 479 309
is_linear=0
shrinkage=0.0253571


Tree=351
num_leaves=14
num_cat=0
split_feature=0 1 0 0 1 0 1 0 1 0 0 0 0
split_gain=0.0447161 0.0410716 0.020919 0.0145244 0.0424506 0.041869 0.00959935 0.0258509 0.0359544 0.00544788 1.50387e-05 0.0010684 0.00017625
threshold=-0.10680792239653754 0.97702556840925903 2.7210782591642872 -0.92657363154210592 -0.84878253357978373 -0.34675216939498393 0.79444475821035476 0.24259610431149578 -1.9442673947732094 -0.08164399945009583 0.18451540487375581 -0.076847742596074228 -0.027833939676895497
decision_type=2 2 2 2 2 2 2 2 2 2 2 2 2
left_child=1 3 6 -1 -5 -6 7 10 -9 -8 11 -2 -13
right_child=2 -3 -4 4 5 -7 9 8 -10 -11 -12 12 -14
leaf_value=2.2296496317366738e-06 0.0013841836130727815 2.5454072908412049e-05 0.0024321304719543959 1.0991747504188983e-05 -0.00051960666426210749 -7.4013884972324505e-06 0.00012995175632289424 0.0051438701645876994 -0.00019231026654541753 0.0018246250370240569 0.0012214563887760904 -0.0012026251590366852 6.0384315901842848e-06
leaf_weight=192 36 306 53 269 358 256 14.999999999999998 11.999999999999998 534 149 47 56 199
leaf_count=192 36 306 53 269 358 256 15 12 534 149 47 56 199
internal_value=0 -0.000110191 0.000103705 -0.000200007 -0.000243193 -0.00035889 0 0 -0.000173492 0.000190419 0 0 -5.12816e-05
internal_weight=0 1381 1101 1075 883 614 1048 884 546 164 338 291 255
internal_count=2482 1381 1101 1075 883 614 1048 884 546 164 338 291 255
is_linear=0
shrinkage=0.0253571


Tree=352
num_leaves=6
num_cat=0
split_feature=0 6 0 0 0
split_gain=0.0367458 0.0513442 0.0100054 0.0194244 0.0061924
threshold=-0.10680792239653754 1.0000000180025095e-35 -1.0604089084139114 -0.84654841444350015 -0.69129423710031046
decision_type=2 2 2 2 2
left_child=2 -2 -1 -4 -5
right_child=1 -3 3 4 -6
leaf_value=0.00014945598975233849 3.7256253160701411e-05 -5.3139955358153536e-05 -0.0002053855552434388 0.00034957593601083918 -2.7643206984021088e-05
leaf_weight=100 805 296 255 194 832
leaf_count=100 805 296 255 194 832
internal_value=0 0.000103705 -9.19123e-05 -0.000118752 0
internal_weight=0 1101 1381 1281 1026
internal_count=2482 1101 1381 1281 1026
is_linear=0
shrinkage=0.0253571


Tree=353
num_leaves=16
num_cat=0
split_feature=0 6 0 1 1 0 1 0 1 0 1 0 1 0 0
split_gain=0.0174708 0.0319008 0.0766167 0.0329941 0.0483748 0.0278166 0.0277195 0.0243186 0.0338129 0.0675354 0.0161191 0.0805356 0.0977317 0.132263 0.0109783
threshold=-0.10680792239653754 1.0000000180025095e-35 0.24259610431149578 -0.78792226351348227 0.91616529834295768 0.41867786278790214 0.97702556840925903 -0.92657363154210592 -0.84878253357978373 -0.42901125954888714 1.0378858384755605 -0.086505958452802498 0.42928313781254618 0.607308731663187 0.28950743847274729
decision_type=2 2 2 2 2 2 2 2 2 2 2 2 2 2 2
left_child=6 2 3 -2 -5 14 7 -1 -9 -10 11 -3 -13 -14 -4
right_child=1 10 5 4 -6 -7 -8 8 9 -11 -12 12 13 -15 -16
leaf_value=7.3810923995708922e-06 1.6634107356276443e-05 0.0021298055819215086 2.6654784733844169e-06 0.0015687121259437646 -0.00090733198189524907 8.7816057599694018e-05 2.888985464293116e-05 1.1413980076002799e-05 -0.00067237557715390096 -1.1602886741413615e-06 0.0048152236512426115 0.00013669308161947327 -0.00076590860511395464 0.0054221413048869413 -0.0020238234708362143
leaf_weight=192 82 19 44 123 9.9999999999999982 475 306 269 293 321 47 79 145 5.9999999999999991 71
leaf_count=192 82 19 44 123 10 475 306 269 293 321 47 79 145 6 71
internal_value=0 5.79017e-05 0.000172803 0.000576354 0.000824751 0 -7.36333e-05 -0.000153103 -0.000214677 -0.000318006 0 -0.000201516 -0.00051292 -0.000891609 -0.000319684
internal_weight=0 1101 805 215 133 590 1381 1075 883 614 296 249 230 151 115
internal_count=2482 1101 805 215 133 590 1381 1075 883 614 296 249 230 151 115
is_linear=0
shrinkage=0.0253571


Tree=354
num_leaves=13
num_cat=0
split_feature=0 1 5 1 1 5 0 0 0 0 1 1
split_gain=0.00873885 0.0159994 0.0607535 0.052659 0.0472787 0.0153077 0.198866 0.00524382 0.0033831 0.035652 0.00214443 0.0401164
threshold=-0.10680792239653754 0.97702556840925903 1.0000000180025095e-35 -1.761686584574305 0.91616529834295768 1.0000000180025095e-35 0.036094250993829506 -0.064364334345881333 0.13188798377688957 0.35954592897119847 -1.0922236138449894 0.36842286774624472
decision_type=2 2 2 2 2 2 2 2 2 2 2 2
left_child=1 2 10 -4 -5 6 7 -2 -7 -10 -1 -12
right_child=5 -3 3 4 -6 8 -8 -9 9 -11 11 -13
leaf_value=-0.00010448033475532614 0.0020919438903039267 2.8157291972311442e-05 0.0010455685971644522 -0.00090840172385430373 0.0010224138746539365 0.00049965004103783711 0.00136036070617341 -0.0018889124500974467 -0.00062868642253011663 2.1101737888145754e-05 0.00026111829807956951 -8.2616663877970348e-05
leaf_weight=155 34 306 4.9999999999999991 231 14.999999999999998 198 159 47 171 492 346 323
leaf_count=155 34 306 5 231 15 198 159 47 171 492 346 323
internal_value=0 -3.70752e-05 -0.000106199 -0.0004464 -0.000580917 5.79017e-05 0.000234628 0 0 -2.00171e-05 0 1.98393e-05
internal_weight=0 1381 1075 251 246 1101 240 81 861 663 824 669
internal_count=2482 1381 1075 251 246 1101 240 81 861 663 824 669
is_linear=0
shrinkage=0.0253571


Tree=355
num_leaves=13
num_cat=0
split_feature=0 1 0 1 0 0 0 0 1 0 0 0
split_gain=0.0196247 0.0522053 0.0271374 0.0171583 0.0298039 0.00497354 0.00354432 0.0635092 0.0621625 0.0435714 0.0711246 0.00239632
threshold=-0.84654841444350015 0.49014340787884753 -1.0604089084139114 0.12498178748103896 -0.77900660559508761 0.030640972652955702 -0.77394754014632505 2.7210782591642872 -1.5791057743754007 -0.34675216939498393 1.0000000180025095e-35 -0.41974725658427031
decision_type=2 2 2 2 2 2 2 2 2 2 2 2
left_child=1 2 -1 6 -5 11 -2 8 -8 -10 -11 -6
right_child=3 -3 -4 4 5 -7 7 -9 9 10 -12 -13
leaf_value=0.00013640932570351279 0.0017770013800296363 1.6890928644811862e-05 -0.00049594601135645032 -0.0002709539121261128 5.3189799587444841e-06 5.6933236053568706e-05 0.00015616117924052228 0.0023490574479678823 9.8192645408912174e-06 -0.0010708518309628079 -2.1128846080964965e-05 0.00021522329180019364
leaf_weight=37 51 157 161 37 248 368 179 47 168 108 384 537
leaf_count=37 51 157 161 37 248 368 179 47 168 108 384 537
internal_value=0 -0.000177481 -0.000469127 2.41098e-05 0.000101288 0.000164675 0 -5.05393e-05 -0.000225852 -0.000353141 -0.000472219 0.000209218
internal_weight=0 355 198 2127 1190 1153 937 886 839 660 492 785
internal_count=2482 355 198 2127 1190 1153 937 886 839 660 492 785
is_linear=0
shrinkage=0.0253571


Tree=356
num_leaves=12
num_cat=0
split_feature=1 1 0 0 0 0 1 0 1 0 0
split_gain=0.0078099 0.104075 0.0842412 0.0437855 0.0253463 0.0265481 0.0337822 0.0193458 0.0262404 0.019336 0.00176354
threshold=-0.97050307371238664 -1.5182455043090994 3.6169927586360329 1.1004690596944955 -1.3816267133359827 -0.93544342161461114 1.1596063786081634 -0.83235675032749123 0.49014340787884753 1.7584760787770368 -0.41974725658427031
decision_type=2 2 2 2 2 2 2 2 2 2 2
left_child=1 3 -3 -1 -2 6 -6 8 -7 10 -9
right_child=4 2 -4 -5 5 7 -8 9 -10 -11 -12
leaf_value=-3.638784257030075e-05 -0.023988965024040163 -0.00021964320376411834 0.0040164005616597168 0.0036215710982299368 0.00039561869450499576 -0.0020374858614597164 -0.00077445263290323353 5.1411868766201503e-06 0.00029903848250838595 -9.9122156571367095e-05 4.975071315314784e-05
leaf_weight=176 9.9999999999999982 367 11.999999999999998 66 158 44 38 371 46 46 1148
leaf_count=176 10 367 12 66 158 44 38 371 46 46 1148
internal_value=0 -8.19989e-05 -0.000429721 0 2.07544e-05 9.59589e-05 0.000411071 0 -0.000205099 7.30796e-05 0.000116847
internal_weight=0 621 379 242 1861 1851 196 1655 90 1565 1519
internal_count=2482 621 379 242 1861 1851 196 1655 90 1565 1519
is_linear=0
shrinkage=0.0253571


Tree=357
num_leaves=8
num_cat=0
split_feature=0 1 0 0 1 1 0
split_gain=0.0219951 0.0522053 0.0271374 0.010743 0.0328571 0.0347006 0.011229
threshold=-0.84654841444350015 0.49014340787884753 -1.0604089084139114 0.14870773384030736 -1.1530838839112907 0.42928313781254618 0.69075046049342437
decision_type=2 2 2 2 2 2 2
left_child=1 2 -1 4 -2 -6 -5
right_child=3 -3 -4 6 5 -7 -8
leaf_value=0.00012291864282762489 -7.8301806087106523e-05 2.3113024641977465e-05 -0.00043170554903933223 -7.717597912338936e-05 0.00053408853878153051 3.185407668540769e-06 0.00013092102882093787
leaf_weight=37 180 157 161 385 398 779 385
leaf_count=37 180 157 161 385 398 779 385
internal_value=0 -0.000177481 -0.000469127 3.59965e-05 8.423e-05 0.000161335 0
internal_weight=0 355 198 2127 1357 1177 770
internal_count=2482 355 198 2127 1357 1177 770
is_linear=0
shrinkage=0.0253571


Tree=358
num_leaves=17
num_cat=0
split_feature=5 6 2 0 1 2 1 0 2 0 0 2 1 2 0 1
split_gain=0.00399824 0.108517 0.0966787 0.104765 0.0599746 0.116902 0.0539873 0.0728783 0.0399377 0.0312966 0.034989 0.0338108 0.0248348 0.054271 0.147766 0.314694
threshold=1.0000000180025095e-35 1.0000000180025095e-35 -0.74525761780157318 -1.0072558701275633 -1.2139441539775919 -0.48749153539027096 1.0378858384755605 0.69075046049342437 -1.0030237002128752 -1.1355721665098104 1.2593368552153728 -0.22972545297896871 1.4030474588733692 -1.0030237002128752 -0.31620067025635362 0.6118639480114505
decision_type=2 2 2 2 2 2 2 2 2 2 2 2 2 2 2 2
left_child=1 2 -1 -4 -5 -6 7 8 -2 -8 11 -11 13 -3 -15 -16
right_child=6 12 3 4 5 -7 9 -9 -10 10 -12 -13 -14 14 15 -17
leaf_value=-0.00011201701246923263 0.0003224008782449275 0.0012187503544924126 -9.0919249399894333e-05 6.533698742997702e-07 -9.2264048244884497e-05 0.0010189574433936521 -0.0074530802692353969 2.9504160804762176e-05 -0.00030824797619095581 0.0021340590692419336 -0.010735062423807888 -0.0016556945475516775 0.0013942997273165645 3.1904734441929054e-06 0.0016451705509031443 -0.0016413435291145607
leaf_weight=105 60 64 80 184 60 425 6.9999999999999991 337 679 96 4.9999999999999991 5.9999999999999991 34 187 33 120
leaf_count=105 60 64 80 184 60 425 7 337 679 96 5 6 34 187 33 120
internal_value=0 4.44999e-05 0.000288238 0.000420645 0.00054559 0.000698335 0 -0.000170534 -0.000324211 0.000164155 0.00045425 0.000650965 -4.44264e-05 -0.000202641 -0.000386578 -0.000960037
internal_weight=0 1292 854 749 669 485 1190 1076 739 114 107 102 438 404 340 153
internal_count=2482 1292 854 749 669 485 1190 1076 739 114 107 102 438 404 340 153
is_linear=0
shrinkage=0.0253571


Tree=359
num_leaves=16
num_cat=0
split_feature=0 1 0 6 5 0 0 1 0 0 1 5 0 0 1
split_gain=0.034463 0.0460064 0.0665246 0.00122839 0.0392111 0.0327104 0.00973969 0.00413796 0.0515079 0.0236854 0.0205767 0.000970387 0.00742563 0.0149214 0.0185969
threshold=-0.84654841444350015 -1.761686584574305 -1.0604089084139114 1.0000000180025095e-35 1.0000000180025095e-35 -0.24911877644873756 0.2699281981645501 1.4030474588733692 -0.35273106492533945 1.0799042871560198 -0.24017983291676948 1.1199807455555051 3.6169927586360329 -0.74241050877741643 -1.9442673947732094
decision_type=2 2 2 2 2 2 2 2 2 2 2 2 2 2 2
left_child=1 -1 -3 4 5 -2 -7 8 -5 10 -10 12 13 -6 -15
right_child=3 2 -4 7 11 6 -8 -9 9 -11 -12 -13 -14 14 -16
leaf_value=7.8377807173089339e-05 4.0754738932881927e-05 0.00012519227206290832 -0.00033768209236353789 5.6655863188815299e-05 0.0085149088219545355 0.00072211586099451132 0.00018629615017436564 0.0023008933352763085 0.0025098630113092484 0.0010106174679826018 -0.00012250284987889759 0.00024147916347369417 0.0035659962961474517 0.00058042214507519928 -0.00018947510479740677
leaf_weight=14.999999999999998 375 99 241 215 5.9999999999999991 166 78 45 6.9999999999999991 11.999999999999998 524 87 5.9999999999999991 8.9999999999999982 597
leaf_count=15 375 99 241 215 6 166 78 45 7 12 524 87 6 9 597
internal_value=0 -0.000247679 -0.000386578 0 2.43672e-05 0.000203932 0.000433553 0 -5.90041e-05 -0.000255236 -0.000308137 0 -3.16156e-05 -9.34466e-05 -0.00015649
internal_weight=0 355 340 2127 1324 619 244 803 758 543 531 705 618 612 606
internal_count=2482 355 340 2127 1324 619 244 803 758 543 531 705 618 612 606
is_linear=0
shrinkage=0.0253571


Tree=360
num_leaves=15
num_cat=0
split_feature=0 0 3 5 0 0 0 0 0 0 0 0 0 0
split_gain=0.0843636 0.0785432 0.0068059 0.0334401 0.0320136 0.0271313 0.0236952 0.0166346 0.0505605 0.00292073 0.0130783 0.00248051 2.47632e-06 9.54811e-08
threshold=-0.84654841444350015 -1.0604089084139114 1.0000000180025095e-35 1.0000000180025095e-35 -0.74241050877741643 1.1527022678992505 3.8717856912373398 0.036094250993829506 0.30343629399401534 0.11795912825562151 -0.56554032451678737 0.57872829698511352 -0.55469946998372499 1.0000000180025095e-35
decision_type=2 2 2 2 2 2 2 2 2 2 2 2 2 2
left_child=1 -1 3 7 -5 9 -6 12 -9 10 -4 -11 -2 -14
right_child=2 -3 5 4 6 -7 -8 8 -10 11 -12 -13 13 -15
leaf_value=0.00012356028062052634 0.00035180138233598958 -0.00014010874993753122 -2.9273130840422941e-05 0.0045700798008639068 -0.00016619263316866367 0.0014718129857221787 0.0056471874355891712 0.0025781081321164766 -3.3772191960331265e-05 -0.00069769641116156718 0.00028759105554129977 1.5616922783417576e-06 -0.00014988674617496267 -0.00065199984740234795
leaf_weight=100 178 255 134 10.999999999999998 588 115 7.9999999999999991 55 37 166 421 97 305 11.999999999999998
leaf_count=100 178 255 134 11 588 115 8 55 37 166 421 97 305 12
internal_value=0 -0.000388074 0 0 -0.000187247 6.82587e-05 -0.000264353 1.20931e-06 0.000330002 0 4.64601e-05 -4.97578e-05 0 -2.21948e-06
internal_weight=0 355 2127 1194 607 933 596 587 92 818 555 263 495 317
internal_count=2482 355 2127 1194 607 933 596 587 92 818 555 263 495 317
is_linear=0
shrinkage=0.0253571


Tree=361
num_leaves=12
num_cat=0
split_feature=0 4 5 0 0 0 5 0 4 2 2
split_gain=0.0264485 0.0760169 0.0556392 0.0139138 0.0370279 0.0267223 0.0133885 0.022348 0.020519 0.00300537 0.00453098
threshold=-0.10680792239653754 1.0000000180025095e-35 1.0000000180025095e-35 0.16355641944316859 1.1004690596944955 -0.027833939676895497 1.1199807455555051 -1.0604089084139114 -1.518634353124295 -1.0030237002128752 2.0901692887227514
decision_type=2 2 2 2 2 2 2 2 2 2 2
left_child=6 2 -2 5 -5 -3 7 -1 -9 -10 -11
right_child=1 3 -4 4 -6 -7 -8 8 9 10 -12
leaf_value=0.00014224366377577538 0.0023650649849602605 -6.6521817404470549e-05 -0.0001548354642250567 -0.00017298222028765589 7.76322763494503e-05 0.00071501224756972536 0.00020393578381827006 -0.0027730009910761095 0.0014377599456344369 -2.9257959035451589e-05 0.0007656497884640591
leaf_weight=94 102 103 55 442 211 188 49 105 87 1018 28
leaf_count=94 102 103 55 442 211 188 49 105 87 1018 28
internal_value=0 1.20987e-05 0.000548129 0 -0.000116484 2.41364e-06 -0.000110191 -0.000137911 -0.0001789 0 -4.28543e-05
internal_weight=0 1101 157 944 653 291 1381 1332 1238 1133 1046
internal_count=2482 1101 157 944 653 291 1381 1332 1238 1133 1046
is_linear=0
shrinkage=0.0253571


Tree=362
num_leaves=7
num_cat=0
split_feature=0 5 0 3 0 0
split_gain=0.0183991 0.0130654 0.0186957 0.00273107 0.0127993 0.0123358
threshold=-0.027833939676895497 1.1199807455555051 -1.0604089084139114 1.1798977793155532 0.69075046049342437 0.2699281981645501
decision_type=2 2 2 2 2 2
left_child=1 2 -1 4 5 -2
right_child=3 -3 -4 -5 -6 -7
leaf_value=0.00013863677826182912 0.00047138770909620925 0.00035891153522485403 -3.7554620310752024e-05 -3.3276329686071559e-05 0.00022601424256151102 -0.0002943811146448434
leaf_weight=94 302 54 1360 125 328 219
leaf_count=94 302 54 1360 125 328 219
internal_value=0 -8.839e-05 -0.000117707 0 4.53134e-05 0
internal_weight=0 1508 1454 974 849 521
internal_count=2482 1508 1454 974 849 521
is_linear=0
shrinkage=0.0253571


Tree=363
num_leaves=9
num_cat=0
split_feature=0 5 0 0 0 0 2 4
split_gain=0.0123744 0.0094006 0.0128174 0.00418125 0.00588807 0.00459596 0.00094536 0.0157771
threshold=0.57872829698511352 1.1199807455555051 -1.0604089084139114 -0.027833939676895497 0.2699281981645501 0.38884908728480966 -0.22972545297896871 1.0000000180025095e-35
decision_type=2 2 2 2 2 2 2 2
left_child=1 2 -1 -4 -5 -6 -2 -8
right_child=6 -3 3 4 5 -7 7 -9
leaf_value=0.00013512135287176413 -4.2829323057266803e-05 0.00014230436303711569 -3.6602344389382497e-05 0.00040411962865815481 -0.00076899438064098266 2.4793420425143899e-05 0.006188925672122157 6.1141855109715603e-06
leaf_weight=94 156 86 1360 316 97 84 30 259
leaf_count=94 156 86 1360 316 97 84 30 259
internal_value=0 -6.24028e-05 -8.45782e-05 -0.000109259 0 -0.00013927 0 4.53757e-05
internal_weight=0 2037 1951 1857 497 181 445 289
internal_count=2482 2037 1951 1857 497 181 445 289
is_linear=0
shrinkage=0.0253571


Tree=364
num_leaves=19
num_cat=0
split_feature=1 1 0 0 5 0 1 3 3 3 1 1 1 3 0 3 3 4
split_gain=0.0199884 0.171256 0.10819 0.0413452 0.0133023 0.00803679 0.027798 0.138488 0.086722 0.0510925 0.0533626 0.0231277 0.0178543 0.0116135 0.0259462 0.0417113 0.00152324 9.17654e-06
threshold=-1.5182455043090994 -0.97050307371238664 3.6169927586360329 1.1004690596944955 1.1199807455555051 -0.26600422866084072 0.79444475821035476 1.0000000180025095e-35 1.1798977793155532 1.0000000180025095e-35 1.5247679990059719 0.12498178748103896 -0.11845929278416668 1.0000000180025095e-35 -0.10680792239653754 1.1798977793155532 -0.86158447112794823 1.0000000180025095e-35
decision_type=2 2 2 2 2 2 2 2 2 2 2 2 2 2 2 2 2 2
left_child=3 2 4 17 -2 6 7 -3 -9 -8 -11 12 -7 16 -15 -16 -13 -1
right_child=1 5 -4 -5 -6 11 9 8 -10 10 -12 13 -14 14 15 -17 -18 -19
leaf_value=0.00022119641748007322 -0.00024326236989128918 -0.00017324053299531546 0.0038079379828971768 0.0034728571243649543 0.0001352152083095532 0.00029004114283065382 9.9440177690167942e-05 0.0012134563494415609 7.5604072845016902e-06 -0.00090816491804625147 0.0042031689126221725 0.00096588231489655723 -0.0028177812945885602 1.2969458313015801e-05 0.0019144128380200695 6.5596955679649986e-05 -0.00031656341896536122 -0.0013049106611304636
leaf_weight=95 351 288 11.999999999999998 66 15.999999999999998 207 202 128 75 166 7.9999999999999991 177 53 99 160 71 227 81
leaf_count=95 351 288 12 66 16 207 202 128 75 166 8 177 53 99 160 71 227 81
internal_value=0 -7.08742e-05 -0.00056137 7.9506e-05 -0.000715301 0 -1.53408e-05 0 0.000609411 -0.000217485 -0.0005316 7.04337e-05 0 0.000163685 0.000284949 0.00043059 0 0
internal_weight=0 2240 379 242 367 1861 867 491 203 376 174 994 260 734 330 231 404 176
internal_count=2482 2240 379 242 367 1861 867 491 203 376 174 994 260 734 330 231 404 176
is_linear=0
shrinkage=0.0253571


Tree=365
num_leaves=16
num_cat=0
split_feature=0 5 2 2 0 0 0 2 0 0 0 0 0 0 0
split_gain=0.023365 0.0103612 0.0231688 0.0270713 0.150065 0.0231726 0.0449228 0.0428124 0.0553169 0.000928162 0.0525568 0.0198731 0.00719207 0.00880646 0.00162999
threshold=2.7210782591642872 1.0000000180025095e-35 2.8634675359566581 0.54357279425493799 1.4407404877352825 0.030640972652955702 -0.90147541074434934 1.0000000180025095e-35 2.0994045283046758 0.036094250993829506 -0.35273106492533945 0.2699281981645501 -0.42901125954888714 -0.69129423710031046 -0.84654841444350015
decision_type=2 2 2 2 2 2 2 2 2 2 2 2 2 2 2
left_child=1 9 3 5 -5 6 -3 8 -7 10 12 -11 13 14 -1
right_child=-2 2 -4 4 -6 7 -8 -9 -10 11 -12 -13 -14 -15 -16
leaf_value=-6.1659927907092921e-06 0.0023160209979833286 -0.0032942134752461842 0.00091673117739134201 -0.00075041867205684484 0.00047490327932061134 -0.00022243660234111506 0.00029382995077951448 0.00022794548764399608 0.00030473037522014615 0.0014490028958605305 -0.00028923395432784831 -1.5051464774953354e-05 0.001114596357078129 -0.00019509364160349692 0.00063374184711554736
leaf_weight=295 53 46 14.999999999999998 160 44 401 355 115 14.999999999999998 76 336 69 78 259 165
leaf_count=295 53 46 15 160 44 401 355 115 15 76 336 69 78 259 165
internal_value=0 -8.35957e-05 -0.000143048 -0.000183776 -0.000516047 0 0 -0.000166536 -0.000316994 0 -2.2888e-05 0 0 0 0
internal_weight=0 2429 1151 1136 204 932 401 531 416 1278 1133 145 797 719 460
internal_count=2482 2429 1151 1136 204 932 401 531 416 1278 1133 145 797 719 460
is_linear=0
shrinkage=0.0253571


Tree=366
num_leaves=14
num_cat=0
split_feature=1 1 0 0 5 0 0 3 3 0 0 6 0
split_gain=0.0194813 0.0795559 0.0940269 0.143285 0.0938216 0.0422954 0.0166666 0.0196267 0.0137004 0.0427864 0.00291991 0.00952678 0.00391349
threshold=0.12498178748103896 -1.5182455043090994 3.6169927586360329 -0.45424088464401396 1.1199807455555051 1.549674650255388 -0.29373053540600619 1.0000000180025095e-35 1.1798977793155532 -0.17086751736463307 -0.93544342161461114 1.0000000180025095e-35 -0.44464837093597093
decision_type=2 2 2 2 2 2 2 2 2 2 2 2 2
left_child=1 5 3 -3 -5 -1 10 -8 9 -9 -2 -12 -13
right_child=6 2 -4 4 -6 -7 7 8 -10 -11 11 12 -14
leaf_value=-8.0046332336574627e-05 7.4010297738474166e-05 1.1468217965296153e-05 0.0039374725619336082 -0.00024809748797484312 0.0011926929034156897 0.0034851970581863635 6.2932563927423962e-07 -8.468227657181604e-05 0.00010717329888916667 0.0017334597553243739 2.0893605123230059e-05 -0.00075600897589651666 0.00021984824710966953
leaf_weight=193 147 318 18 483 33 49 420 53 96 192 167 182 131
leaf_count=193 147 318 18 483 33 49 420 53 96 192 167 182 131
internal_value=0 -0.000110126 -0.000274137 -0.000385636 -0.000644742 0 0 0.000116612 0.000257665 0.000356127 -2.11552e-05 -6.66644e-05 -0.000161115
internal_weight=0 1094 852 834 516 242 1388 761 341 245 627 480 313
internal_count=2482 1094 852 834 516 242 1388 761 341 245 627 480 313
is_linear=0
shrinkage=0.0253571


Tree=367
num_leaves=9
num_cat=0
split_feature=5 5 2 4 2 2 2 2
split_gain=0.00645273 0.0260195 0.0356341 0.0181337 0.0167687 0.00897997 0.0225998 0.00954284
threshold=1.0000000180025095e-35 1.1199807455555051 2.3479353711340543 -1.518634353124295 -1.0030237002128752 -0.74525761780157318 1.3168710414888449 0.80133887666624026
decision_type=2 2 2 2 2 2 2 2
left_child=5 2 3 -2 -5 -1 7 -7
right_child=1 -3 -4 4 -6 6 -8 -9
leaf_value=-0.00026296427051549789 0.0068398603644801142 0.00013385424914106735 0.00076525274097808652 5.3372797795036979e-05 -0.00012533011031584982 8.9241157827345788e-06 -1.5463661098719775e-05 0.00070571677654359527
leaf_weight=277 7.9999999999999991 168 22 70 922 756 139 120
leaf_count=277 8 168 22 70 922 756 139 120
internal_value=0 -5.88932e-05 -0.000142499 -0.000208615 -0.000235689 0 7.51928e-05 0.00015171
internal_weight=0 1190 1022 1000 992 1292 1015 876
internal_count=2482 1190 1022 1000 992 1292 1015 876
is_linear=0
shrinkage=0.0253571


Tree=368
num_leaves=5
num_cat=0
split_feature=5 5 2 2
split_gain=0.00173789 0.00975877 0.0169317 0.0102635
threshold=-1.214017751899376 1.1199807455555051 2.0901692887227514 -0.22972545297896871
decision_type=2 2 2 2
left_child=-1 2 3 -2
right_child=1 -3 -4 -5
leaf_value=0.0010463002142245934 -1.0068702995540294e-05 0.00013046009477666982 0.00055343743652566625 -4.4491801621121186e-05
leaf_weight=121 1189 168 71 933
leaf_count=121 1189 168 71 933
internal_value=0 -2.17265e-05 -5.79763e-05 -9.26758e-05
internal_weight=0 2361 2193 2122
internal_count=2482 2361 2193 2122
is_linear=0
shrinkage=0.0253571


Tree=369
num_leaves=7
num_cat=0
split_feature=5 5 2 2 2 2
split_gain=0.000506375 0.0133773 0.0252895 0.0101125 7.83771e-07 0.00588278
threshold=1.0000000180025095e-35 1.1199807455555051 2.3479353711340543 -1.0030237002128752 -0.74525761780157318 1.3168710414888449
decision_type=2 2 2 2 2 2
left_child=4 2 3 -2 -1 -6
right_child=1 -3 -4 -5 5 -7
leaf_value=-0.00025604094858436223 5.2274731926380332e-05 0.00012715200629308767 0.00073181459426295906 -0.00011265088428036527 8.4841243692955392e-05 -2.1524238005037458e-05
leaf_weight=277 74 168 22 926 876 139
leaf_count=277 74 168 22 926 876 139
internal_value=0 -1.64979e-05 -9.31768e-05 -0.000158215 0 7.0248e-07
internal_weight=0 1190 1022 1000 1292 1015
internal_count=2482 1190 1022 1000 1292 1015
is_linear=0
shrinkage=0.0253571


Tree=370
num_leaves=15
num_cat=0
split_feature=1 1 0 0 0 0 0 0 0 0 0 0 0 0
split_gain=0.00701576 0.0547089 0.115267 0.206255 0.0422954 0.0412955 0.0267268 0.00632592 0.0656617 0.085217 0.000569244 0.000444523 0.000159281 0.000662664
threshold=0.12498178748103896 -1.5182455043090994 -0.45424088464401396 1.0000000180025095e-35 1.549674650255388 -0.34675216939498393 -0.29373053540600619 0.13188798377688957 3.6169927586360329 1.3992824319149044 1.549674650255388 -0.83235675032749123 -0.93544342161461114 -0.77900660559508761
decision_type=2 2 2 2 2 2 2 2 2 2 2 2 2 2
left_child=1 4 11 5 -1 -4 12 -5 9 -9 -8 -3 -2 -14
right_child=6 2 3 7 -6 -7 10 8 -10 -11 -12 -13 13 -15
leaf_value=-7.5950502031672259e-05 6.5819486790804295e-05 -0.00015103824118404988 -7.0210909128562844e-05 0.0045736419080327001 0.0033868961517062829 -0.0016000023442017187 0.00012427478035507728 -8.0132322821984782e-06 0.0038134665404632559 -0.00066154469126863665 0.00055514094534356859 0.00065601730119469424 -0.00047164554167048822 7.9849205490685628e-07
leaf_weight=193 147 150 30 39 49 102 745 248 18 97 15.999999999999998 168 88 392
leaf_count=193 147 150 30 39 49 102 745 248 18 97 16 168 88 392
internal_value=0 -6.40319e-05 -0.000215045 -0.000458975 0 -0.00133521 0 0 -0.000104958 -0.000363025 0.000149662 0 0 -1.45132e-05
internal_weight=0 1094 852 534 242 132 1388 402 363 345 761 318 627 480
internal_count=2482 1094 852 534 242 132 1388 402 363 345 761 318 627 480
is_linear=0
shrinkage=0.0253571


Tree=371
num_leaves=14
num_cat=0
split_feature=1 5 0 1 5 0 5 0 5 0 0 0 0
split_gain=0.0129751 0.0748579 0.0952433 0.0883852 0.0309042 0.0267268 0.050469 0.0062454 0.000127752 6.39184e-06 0.00503845 0.00153565 0.000359174
threshold=0.12498178748103896 1.0000000180025095e-35 3.6169927586360329 -1.4573852342427978 1.1199807455555051 -0.29373053540600619 1.1199807455555051 2.0013112203176338 1.1199807455555051 0.036094250993829506 -0.34675216939498393 0.23642010233508451 1.0000000180025095e-35
decision_type=2 2 2 2 2 2 2 2 2 2 2 2 2
left_child=1 9 3 -3 -5 8 7 -7 -2 10 -1 -11 -12
right_child=5 2 -4 4 -6 6 -8 -9 -10 11 12 -13 -14
leaf_value=7.1979113334780183e-05 -5.3488088489344108e-05 8.1945997683759354e-05 0.0032048903323631164 -0.00060250386703866244 0.00012869676724334823 0.00015955426676222238 -0.00027508445021064273 -4.5324703890968661e-06 0.001576193456597296 0.0018047988042770833 -0.00087977118640178225 4.4283350514602538e-06 0.0033453093610018715
leaf_weight=382 600 118 14.999999999999998 310 36 673 81 6.9999999999999991 27 44 106 75 7.9999999999999991
leaf_count=382 600 118 15 310 36 673 81 7 27 44 106 75 8
internal_value=0 -8.70791e-05 -0.00034116 -0.000500338 -0.000703955 0 0.000149662 0.000268945 0 0 0 5.72889e-06 -0.000164155
internal_weight=0 1094 479 464 346 1388 761 680 627 615 496 119 114
internal_count=2482 1094 479 464 346 1388 761 680 627 615 496 119 114
is_linear=0
shrinkage=0.0253571


Tree=372
num_leaves=14
num_cat=0
split_feature=0 2 1 3 1 1 0 2 1 1 0 0 3
split_gain=0.00646602 0.0561082 0.163839 0.0531482 0.15845 0.122518 0.0788624 0.0666173 0.0356371 0.0313304 0.0449802 1.50387e-05 4.36848e-06
threshold=-0.84654841444350015 1.0591049590775425 -0.97050307371238664 1.0000000180025095e-35 0.91616529834295768 0.30756259767994326 0.69075046049342437 1.0000000180025095e-35 0.79444475821035476 0.49014340787884753 -0.92657363154210592 -0.53794542206899221 1.1798977793155532
decision_type=2 2 2 2 2 2 2 2 2 2 2 2 2
left_child=9 3 -3 4 5 -2 -7 12 -4 10 -1 -6 -5
right_child=1 2 8 7 11 6 -8 -9 -10 -11 -12 -13 -14
leaf_value=-3.1741148144759237e-05 -2.7205939223242116e-05 -5.1716180291934713e-05 0.0010545447631447676 0.00014416540380656073 0.0017758632402463501 -0.00056365099072284161 0.0051063598429932147 0.00050073821298241103 0.0017082868429467558 9.3811638653024481e-05 -0.0011595001451895474 -0.00011492639410556737 -0.00011718164206268359
leaf_weight=127 425 161 148 437 47 360 15.999999999999998 177 10.999999999999998 157 71 168 177
leaf_count=127 425 161 148 437 47 360 16 177 11 157 71 168 177
internal_value=0 0 0.000332549 0 -0.000180544 -0.000409254 -0.000748214 3.27066e-05 0.000925174 -0.000107283 -0.000344963 0 0
internal_weight=0 2127 320 1807 1016 801 376 791 159 355 198 215 614
internal_count=2482 2127 320 1807 1016 801 376 791 159 355 198 215 614
is_linear=0
shrinkage=0.0253571


Tree=373
num_leaves=15
num_cat=0
split_feature=5 3 1 1 3 1 6 1 1 1 1 3 1 3
split_gain=0.00645273 0.119485 0.164952 0.14411 0.108786 0.164532 0.106956 0.0790773 0.050539 0.0470176 0.0431023 0.0226264 0.0634971 0.00499624
threshold=1.0000000180025095e-35 1.0000000180025095e-35 0.36842286774624472 1.0378858384755605 1.1798977793155532 1.2813269187407663 1.0000000180025095e-35 -0.72706199344718081 1.4030474588733692 -1.1530838839112907 -1.2748044240438936 1.0000000180025095e-35 0.6118639480114505 1.1798977793155532
decision_type=2 2 2 2 2 2 2 2 2 2 2 2 2 2
left_child=6 3 7 10 5 -4 9 -3 11 -1 -2 -8 -13 -11
right_child=1 2 4 -5 -6 -7 8 -9 -10 13 -12 12 -14 -15
leaf_value=-5.6175711214827935e-06 0.00012194546777810602 3.739661782980238e-05 0.0020216430797608408 0.0017589381135966046 -1.7845516475376225e-06 -0.0015785326747999426 -2.2577910636097888e-05 -0.0014972745004775989 0.0012852472993574039 0.00028147966283466368 -0.00042793605883736615 0.0011353234063570079 -0.0010705892219398869 0.0001267598072543503
leaf_weight=230 80 147 170 66 86 18 231 128 34 538 495 31 142 86
leaf_count=230 80 147 170 66 86 18 231 128 34 538 495 31 142 86
internal_value=0 -5.88932e-05 0 -0.000353713 0.000613361 0.000950229 0 -4.76346e-05 -0.00015859 0.000258761 -0.000546573 -0.000326267 -0.000569937 0.000373313
internal_weight=0 1190 549 641 274 188 1292 275 438 854 575 404 173 624
internal_count=2482 1190 549 641 274 188 1292 275 438 854 575 404 173 624
is_linear=0
shrinkage=0.0253571


Tree=374
num_leaves=15
num_cat=0
split_feature=1 3 1 3 0 0 0 0 1 1 0 1 1 1
split_gain=0.0051526 0.1635 0.122554 0.0327154 0.065576 0.0209567 0.0202785 0.0615532 0.0381742 0.0274644 0.0257315 0.015673 0.0139967 0.00280438
threshold=0.6118639480114505 -0.86158447112794823 -1.3356646941101948 1.1798977793155532 -1.1509464693021534 -1.1509464693021534 0.57872829698511352 -0.06843786756436529 -0.30104010298307088 0.55100367794514904 -0.48374114940368057 1.0987461085418622 0.55100367794514904 -1.8834071247069077
decision_type=2 2 2 2 2 2 2 2 2 2 2 2 2 2
left_child=1 2 -1 4 -2 -4 7 10 13 -9 -3 -6 -12 -8
right_child=3 6 5 -5 11 -7 8 9 -10 -11 12 -13 -14 -15
leaf_value=0.00030582570299929275 -0.010027925423636702 -1.0695994702363317e-05 8.2442824213404335e-05 -0.00011416500547337187 0.00030414589599728588 -0.00056778621102867102 5.7830808284472075e-05 -0.00032550411805005292 -0.00018358399591764308 0.00081393231618912237 0.00032300406111883802 0.00015343164322850235 0.00067502751904562508 0.00038401631615721655
leaf_weight=66 26 373 4.9999999999999991 129 547 287 41 281 71 14.999999999999998 219 211 13.999999999999998 197
leaf_count=66 26 373 5 129 547 287 41 281 71 15 219 211 14 197
internal_value=0 -3.26503e-05 -0.000541522 4.21585e-05 0.000169373 -0.000788908 0 0 0.00020338 -0.000358957 3.22353e-05 0.000291266 0.000267993 0.000392291
internal_weight=0 1569 358 913 784 292 1211 902 309 296 606 758 233 238
internal_count=2482 1569 358 913 784 292 1211 902 309 296 606 758 233 238
is_linear=0
shrinkage=0.0253571


Tree=375
num_leaves=21
num_cat=0
split_feature=1 2 0 0 1 0 0 2 0 1 0 1 2 1 0 0 2 2 0 0
split_gain=0.00261167 0.0834096 0.119818 0.113579 0.104885 0.0136617 0.0109096 0.0208545 0.00534992 0.0396456 0.187876 0.21596 0.186349 0.189924 0.0403593 0.0227692 0.00212383 0.00050217 0.0521144 0.0153627
threshold=0.6118639480114505 -0.48749153539027096 -0.92657363154210592 1.9115620852136144 -1.2139441539775919 -1.3816267133359827 -0.38807882091799112 1.3168710414888449 -0.85949173773448984 -1.2139441539775919 0.73588783664017499 0.49014340787884753 1.3168710414888449 -1.0313633437786878 1.549674650255388 0.30343629399401534 -1.0030237002128752 -0.74525761780157318 -0.04025164577840324 -0.37474128473489016
decision_type=2 2 2 2 2 2 2 2 2 2 2 2 2 2 2 2 2 2 2 2
left_child=1 2 -1 4 -4 -2 7 16 -3 14 11 -11 13 -12 15 -10 -7 19 -19 -8
right_child=5 8 3 -5 -6 6 17 -9 9 10 12 -13 -14 -15 -16 -17 -18 18 -20 -21
leaf_value=0.00052103497186776863 -0.026628215769946423 -0.00024658717146711692 9.5262686239403068e-05 0.00040361629845744672 -0.00050963408226466331 0.00018192104302852018 -0.0037016718361052759 -0.00062130605013818632 -1.0424775392283498e-05 0.00054246041345331058 0.0020875024847082308 -0.00026864842448053635 0.0014784545422353277 -0.0016881905052718931 0.0022030628407121579 -0.0012406648003832174 0.00027775720185931914 -0.00055053824566121548 0.00045873492840818711 0.0013810701393434004
leaf_weight=40 7.9999999999999991 153 85 20 307 57 6.9999999999999991 15.999999999999998 145 448 17 92 41 75 70 76 294 200 190 141
leaf_count=40 8 153 85 20 307 57 7 16 145 448 17 92 41 75 70 76 294 200 190 141
internal_value=0 -3.26503e-05 -0.000347427 -0.000562548 -0.000718152 0 9.81837e-05 0.000205745 0 5.95439e-05 0.000206385 0.000523568 0 -0.00110448 0 -0.000337944 0.000285944 0 0 4.57562e-05
internal_weight=0 1569 452 412 392 913 905 367 1117 964 673 540 133 92 291 221 351 538 390 148
internal_count=2482 1569 452 412 392 913 905 367 1117 964 673 540 133 92 291 221 351 538 390 148
is_linear=0
shrinkage=0.0253571


Tree=376
num_leaves=21
num_cat=0
split_feature=5 3 1 1 3 1 2 1 2 3 1 1 2 2 1 2 3 2 2 2
split_gain=0.0203455 0.136295 0.159497 0.120143 0.0837966 0.140379 0.0694739 0.055768 0.0343264 0.0596316 0.102244 0.025507 0.0353665 0.0254356 0.0237562 0.0266424 0.00794692 0.00719207 0.000252908 0.018862
threshold=1.0000000180025095e-35 1.0000000180025095e-35 1.0378858384755605 0.36842286774624472 1.1798977793155532 1.2813269187407663 2.6057014535453562 -1.2748044240438936 -0.74525761780157318 1.0000000180025095e-35 -1.1530838839112907 -1.8225468546406065 1.3168710414888449 0.54357279425493799 1.0987461085418622 3.121233618367961 -0.86158447112794823 -0.48749153539027096 0.54357279425493799 -0.48749153539027096
decision_type=2 2 2 2 2 2 2 2 2 2 2 2 2 2 2 2 2 2 2 2
left_child=8 2 6 11 5 -5 7 -2 16 10 -10 -3 13 17 15 -12 -1 -13 19 -11
right_child=1 3 -4 4 -6 -7 -8 -9 9 18 14 12 -14 -15 -16 -17 -18 -19 -20 -21
leaf_value=-0.0022988380729608631 0.00011716311874549529 0.00020406424389526607 0.0017031227739230375 0.0019276479161831343 -1.3146466069191022e-05 -0.0013569594426091271 0.0015697680581649321 -0.00052494610155442371 -3.0932609113135379e-05 0.00020908099039172092 0.00042632352185597791 -0.0019819682811236176 0.00036010265738365169 -0.0026584807052702775 0.00023083324593627474 -0.00023768051831111567 0.00060753138325553649 0.00067175413835493568 0.00023284851148989191 -0.00024033443814260006
leaf_weight=70 72 40 66 170 86 18 12.999999999999998 490 111 91 420 78 40 30 52 5.9999999999999991 207 87 126 209
leaf_count=70 72 40 66 170 86 18 13 490 111 91 420 78 40 30 52 6 207 87 126 209
internal_value=0 -0.000101288 -0.000392891 0 0.000522872 0.000819672 -0.000590201 -0.000659485 2.49678e-05 0.000149683 0.000320713 -4.76346e-05 -0.000265771 -0.000444617 0.000512055 0.00057366 0 0 0 -2.30442e-05
internal_weight=0 1190 641 549 274 188 575 562 1292 1015 589 275 235 195 478 426 277 165 426 300
internal_count=2482 1190 641 549 274 188 575 562 1292 1015 589 275 235 195 478 426 277 165 426 300
is_linear=0
shrinkage=0.0253571


Tree=377
num_leaves=15
num_cat=0
split_feature=1 0 1 0 2 1 0 2 1 1 1 0 2 1
split_gain=0.0300877 0.0715496 0.0739564 0.0812365 0.259042 0.0423969 0.0278697 0.0513343 0.0232257 0.0357525 0.0106036 0.00701503 0.00707976 0.00647815
threshold=0.6118639480114505 2.7210782591642872 -1.9442673947732094 0.26125551453810009 1.5746371239001469 0.49014340787884753 -0.41337414816180323 -0.22972545297896871 0.12498178748103896 0.49014340787884753 -1.8834071247069077 -1.3816267133359827 1.3168710414888449 -1.2748044240438936
decision_type=2 2 2 2 2 2 2 2 2 2 2 2 2 2
left_child=1 2 -1 6 5 -5 7 -4 13 -10 -9 -2 -13 -8
right_child=11 -3 3 4 -6 -7 8 10 9 -11 -12 12 -14 -15
leaf_value=0.00043228883636161854 -0.025961227826739028 0.002375829169987527 7.0186666164826178e-05 -0.00029434931167568684 0.00035010057930167212 0.00031899083911582295 0.00017092343054839798 0.00023275867032445475 0.0009831071059792063 -1.0659119136228578e-05 -0.00026327775026248465 0.00012404729744359556 -0.00039858648829044501 -0.0003369098594309133
leaf_weight=27 7.9999999999999991 50 193 371 77 17 95 8.9999999999999982 176 93 304 877 28 157
leaf_count=27 8 50 193 371 77 17 95 9 176 93 304 877 28 157
internal_value=0 -0.000113138 -0.000208285 -0.000275506 -0.000593446 -0.000918404 0 -0.000187041 0 0.000232939 -0.000399416 0 7.03561e-05 0
internal_weight=0 1569 1519 1492 465 388 1027 506 521 269 313 913 905 252
internal_count=2482 1569 1519 1492 465 388 1027 506 521 269 313 913 905 252
is_linear=0
shrinkage=0.0253571


Tree=378
num_leaves=21
num_cat=0
split_feature=2 1 0 3 4 0 0 1 1 0 2 4 1 1 1 0 0 2 0 0
split_gain=0.00878912 0.0375483 0.129437 0.0624846 0.0554285 0.104658 0.0518755 0.126087 0.0250334 0.0791604 0.085682 0.188614 0.162263 0.195239 0.0528247 0.154197 0.110116 0.00296001 0.0236041 0.0513372
threshold=1.0000000180025095e-35 0.18584205754734043 -1.0072558701275633 -0.86158447112794823 1.0000000180025095e-35 1.4407404877352825 -0.56554032451678737 -0.36190037304937234 1.4030474588733692 -0.38807882091799112 -1.0030237002128752 1.0000000180025095e-35 -1.5182455043090994 0.6118639480114505 0.42928313781254618 0.35954592897119847 0.2699281981645501 -0.74525761780157318 -1.2165172136900091 -0.53091529215967304
decision_type=2 2 2 2 2 2 2 2 2 2 2 2 2 2 2 2 2 2 2 2
left_child=8 4 -3 -4 6 -6 -2 -8 9 17 -11 12 -12 -14 16 -16 -13 -1 -19 -20
right_child=1 2 3 -5 5 -7 7 -9 -10 10 11 14 13 -15 15 -17 -18 18 19 -21
leaf_value=-0.00019301250794375886 -0.00015931013615400782 -0.0057744260845991489 3.4341933816403024e-05 0.0010195290900881764 -0.00030686819496730837 0.00031586602702155707 0.0012785898360949326 -0.011262174215133957 0.0016344479357954615 0.0003083926215150444 0.001160645640337707 0.0011839781036181729 -0.0049660098005051166 -0.00038443566194599083 -0.00040210992255410938 0.0014772851499384166 -0.00014088612083420184 -0.0019841789181703762 0.00026177153463127854 -4.0840141686302239e-05
leaf_weight=187 143 31 55 194 240 84 109 7.9999999999999991 58 107 15.999999999999998 160 51 83 366 60 179 11.999999999999998 257 82
leaf_count=187 143 31 55 194 240 84 109 8 58 107 16 160 51 83 366 60 179 12 257 82
internal_value=0 0 0.000290431 0.000648603 0 -0.000328521 0 0.000520277 -5.8986e-05 -0.000117835 -0.000265804 -0.000372373 -0.00126252 -0.00158741 0 -0.000280327 0 0 7.29922e-05 0.000222432
internal_weight=0 864 280 249 584 324 260 117 1618 1560 1022 915 150 134 765 426 339 538 351 339
internal_count=2482 864 280 249 584 324 260 117 1618 1560 1022 915 150 134 765 426 339 538 351 339
is_linear=0
shrinkage=0.0253571


Tree=379
num_leaves=17
num_cat=0
split_feature=5 6 1 2 2 1 2 2 1 4 1 2 1 6 2 2
split_gain=0.059869 0.16972 0.139397 0.0786946 0.0786609 0.0727074 0.0807941 0.0639327 0.0358889 0.0306621 0.0248348 0.054271 0.0522066 2.80624e-06 0.0254418 0.0102543
threshold=1.0000000180025095e-35 1.0000000180025095e-35 0.6118639480114505 3.3789997007792629 -1.0030237002128752 -1.9442673947732094 -1.0030237002128752 1.3168710414888449 -1.6399660444417019 -1.518634353124295 1.4030474588733692 -1.0030237002128752 0.36842286774624472 1.0000000180025095e-35 -0.22972545297896871 -1.0030237002128752
decision_type=2 2 2 2 2 2 2 2 2 2 2 2 2 2 2 2
left_child=1 4 3 5 -1 -2 -7 8 -6 -8 11 -3 -13 -4 15 -15
right_child=2 10 13 -5 7 6 9 -9 -10 -11 -12 12 -14 14 -16 -17
leaf_value=-0.0013166490686591233 0.00074581240916409409 0.0010813333925207391 -7.4475087230630143e-05 0.0034437603498146917 5.825892994008285e-06 0.00011297250812455844 0.00072420024561003018 -9.2650620893880762e-06 0.00037848315630262914 -0.00019854010528271479 0.0011912798888995815 0.0014811210388462647 -0.00054681458856127693 0.00061764662520347364 -0.00085641957259511474 0.00087463290380887493
leaf_weight=19 10.999999999999998 64 137 12.999999999999998 89 49 9.9999999999999982 139 607 691 34 25 315 35 34 210
leaf_count=19 11 64 137 13 89 49 10 139 607 691 34 25 315 35 34 210
internal_value=0 0.000103096 -0.000143684 -0.000382792 0.00037667 -0.000463642 -0.000529066 0.000453 0.000551695 -0.00061054 -4.44264e-05 -0.000202641 -0.000386578 0 2.51518e-06 0.000255192
internal_weight=0 1292 1190 774 854 761 750 835 696 701 438 404 340 416 279 245
internal_count=2482 1292 1190 774 854 761 750 835 696 701 438 404 340 416 279 245
is_linear=0
shrinkage=0.0253571


Tree=380
num_leaves=12
num_cat=0
split_feature=5 1 2 1 2 2 4 2 1 3 3
split_gain=0.0545756 0.113066 0.077808 0.0725679 0.0664572 0.0315868 0.0172629 0.0133604 0.00490936 0.00152878 0.044385
threshold=1.0000000180025095e-35 0.55100367794514904 3.3789997007792629 -1.9442673947732094 -1.0030237002128752 -0.74525761780157318 -1.518634353124295 3.3789997007792629 1.0987461085418622 1.1798977793155532 1.0000000180025095e-35
decision_type=2 2 2 2 2 2 2 2 2 2 2
left_child=5 2 3 -2 -5 -1 -6 8 -7 10 -3
right_child=1 9 -4 4 6 7 -8 -9 -10 -11 -12
leaf_value=-0.00010420086935377838 0.00072690077610198676 -1.9407584001466285e-05 0.0033564366055470049 0.00010178387566799514 7.625444651178377e-05 7.6902380913226664e-05 -0.00020786164710898136 -0.00084821491761162874 -6.5127367910682883e-06 -0.00036092599486556472 0.001950554080470047
leaf_weight=277 10.999999999999998 257 12.999999999999998 44 8.9999999999999982 911 660 11.999999999999998 92 63 133
leaf_count=277 11 257 13 44 9 911 660 12 92 63 133
internal_value=0 -0.000164881 -0.00037626 -0.00046109 -0.000529841 4.44999e-05 -0.000601921 0.000149683 0.000176588 0 4.98083e-05
internal_weight=0 1190 737 724 713 1292 669 1015 1003 453 390
internal_count=2482 1190 737 724 713 1292 669 1015 1003 453 390
is_linear=0
shrinkage=0.0253571


Tree=381
num_leaves=15
num_cat=0
split_feature=5 3 1 6 1 1 3 1 1 1 1 1 1 1
split_gain=0.03191 0.12747 0.114666 0.0855813 0.102959 0.0509433 0.0432977 0.0952272 0.0693314 0.0431023 0.0126531 0.00968264 0.00625015 0.00106979
threshold=1.0000000180025095e-35 1.0000000180025095e-35 1.0378858384755605 1.0000000180025095e-35 -0.4227606431156738 0.36842286774624472 1.1798977793155532 1.2813269187407663 0.67272421807775196 -1.2748044240438936 1.4030474588733692 -1.8225468546406065 0.91616529834295768 0.30756259767994326
decision_type=2 2 2 2 2 2 2 2 2 2 2 2 2 2
left_child=3 2 9 4 -1 11 7 8 -7 -2 -5 -3 -10 -13
right_child=1 5 -4 10 -6 6 -8 -9 12 -11 -12 13 -14 -15
leaf_value=2.7537880972383031e-06 0.00013809937710613514 7.1999507436592758e-05 0.0016462121096995528 -0.00036237658043951522 0.00034513591976616871 0.0002229721646448366 -2.5657772684427133e-08 -0.0014377834475965199 0.0028808133215357987 -0.00034255929702921306 0.0011612376405146225 -0.00025209023514494188 0.002786695828570559 -0.00026294759217312247
leaf_weight=460 80 40 66 404 394 88 86 18 55 495 34 211 27 24
leaf_count=460 80 40 66 404 394 88 86 18 55 495 34 211 27 24
internal_value=0 -0.000122486 -0.000392891 4.44999e-05 0.000258761 0 0.000341894 0.000558559 0.00083145 -0.000546573 0 0 0.00137338 -0.000160652
internal_weight=0 1190 641 1292 854 549 274 188 170 575 438 275 82 235
internal_count=2482 1190 641 1292 854 549 274 188 170 575 438 275 82 235
is_linear=0
shrinkage=0.0253571


Tree=382
num_leaves=17
num_cat=0
split_feature=5 3 1 0 1 0 3 0 1 1 1 0 0 1 0 0
split_gain=0.0273652 0.136295 0.114666 0.0849876 0.0509433 0.146906 0.12084 0.0383347 0.0399729 0.026597 0.0500665 0.0191719 0.0155007 0.013038 1.83907e-06 0.0209411
threshold=1.0000000180025095e-35 1.0000000180025095e-35 1.0378858384755605 3.8717856912373398 0.36842286774624472 -0.36909089994796074 1.1798977793155532 1.8158340545792389 -1.8225468546406065 1.0987461085418622 -0.4227606431156738 -1.2165172136900091 0.41867786278790214 -1.2748044240438936 0.54476028611485161 -0.77394754014632505
decision_type=2 2 2 2 2 2 2 2 2 2 2 2 2 2 2 2
left_child=9 2 3 13 7 -6 -7 8 -3 10 14 -12 -13 -2 15 -1
right_child=1 4 -4 -5 5 6 -8 -9 -10 -11 11 12 -14 -15 -16 -17
leaf_value=9.4982747443180177e-05 -2.5497428722797541e-05 0.0001792103611660302 0.0016044689595742833 0.0087814555404569731 -0.0010286106433052464 0.0017551819621346131 1.0284031447307196e-05 0.00028884424814163654 -0.00054235176695268436 -0.0005864884273702127 -0.0001561468704201367 0.0001279494203703825 0.00016741356243376882 -0.00039429061516568808 0.0057013415988390308 -0.00010213082262685089
leaf_weight=130 77 32 66 6.9999999999999991 48 160 66 42 201 168 8.9999999999999982 638 13.999999999999998 491 34 299
leaf_count=130 77 32 66 7 48 160 66 42 201 168 9 638 14 491 34 299
internal_value=0 -0.000101288 -0.000392891 -0.000546573 0 0.000341894 0.000740141 0 -0.000320992 6.40321e-05 0.000140856 0.000286105 0.000318909 -0.000630515 0 -1.64832e-06
internal_weight=0 1190 641 575 549 274 226 275 233 1292 1124 661 652 568 463 429
internal_count=2482 1190 641 575 549 274 226 275 233 1292 1124 661 652 568 463 429
is_linear=0
shrinkage=0.0253571


Tree=383
num_leaves=17
num_cat=0
split_feature=1 1 0 0 1 4 1 1 1 4 4 0 4 0 0 1
split_gain=0.0158718 0.0960127 0.0842412 0.0265678 0.0343781 0.0274084 0.227409 0.107226 0.0529407 0.173071 0.0253474 0.0141863 0.00902027 0.00500601 0.0304919 0.00124466
threshold=-0.97050307371238664 -1.5182455043090994 3.6169927586360329 -0.41974725658427031 0.12498178748103896 1.0000000180025095e-35 0.7335844881440533 -0.66620172338087946 0.36842286774624472 -1.518634353124295 1.3401069926887506 1.0183413738379625 1.0000000180025095e-35 -1.01349757425266 -0.62789166361906712 -0.11845929278416668
decision_type=2 2 2 2 2 2 2 2 2 2 2 2 2 2 2 2
left_child=1 12 -3 5 15 8 7 -7 9 -2 11 -6 -1 -10 -15 -5
right_child=3 2 -4 4 10 6 -8 -9 13 -11 -12 -13 -14 14 -16 -17
leaf_value=0.00043373539517260225 -0.0013215401114182739 -0.00015219123381879203 0.0031755695039160604 0.00012104734013963951 0.0001369649628606897 0.0069766033084384923 0.00010440751013844374 -0.0032469821606516875 0.00041171640283903048 0.0010075928071005557 -0.00014456165123658818 0.00019814132424616257 -0.00017629962410186154 -0.00077855235851519394 0.00012206419740627682 -0.0023488375280928024
leaf_weight=111 38 367 11.999999999999998 233 840 6.9999999999999991 134 86 68 129 31 34 131 140 65 56
leaf_count=111 38 367 12 233 840 7 134 86 68 129 31 34 131 140 65 56
internal_value=0 -0.000122426 -0.000429721 2.07544e-05 0.000122078 0 -0.000274888 -0.00128501 0 0.000443294 0.000209494 0.000252881 0 0 -0.000123445 0
internal_weight=0 621 379 1861 1194 667 227 93 440 167 905 874 242 273 205 289
internal_count=2482 621 379 1861 1194 667 227 93 440 167 905 874 242 273 205 289
is_linear=0
shrinkage=0.0253571


Tree=384
num_leaves=10
num_cat=0
split_feature=4 0 0 0 0 0 0 0 0
split_gain=0.00584558 0.211007 0.112234 0.0697864 0.103817 0.0576282 0.0450756 0.0303854 0.000243678
threshold=1.0000000180025095e-35 0.19331949279757607 -0.35273106492533945 -0.48374114940368057 0.21276732880840302 -0.10680792239653754 3.6169927586360329 -0.56554032451678737 -0.92657363154210592
decision_type=2 2 2 2 2 2 2 2 2
left_child=1 2 7 8 -5 -4 -6 -1 -2
right_child=3 -3 5 4 6 -7 -8 -9 -10
leaf_value=-2.9698667836113528e-06 -3.7834564469136374e-05 0.00236526492067429 -0.0010486933399767619 0.00017212160063138102 -0.00012241849856707953 -4.4445505486751536e-05 0.0024599503688524853 0.0009040871129803121 -0.00074991494679942918
leaf_weight=531 50 89 119 731 597 68 17 136 144
leaf_count=531 50 89 119 731 597 68 17 136 144
internal_value=0 5.41828e-05 0 -2.50792e-05 0 -0.000594258 -0.000195355 7.6396e-05 -0.000478499
internal_weight=0 943 854 1539 1345 187 614 667 194
internal_count=2482 943 854 1539 1345 187 614 667 194
is_linear=0
shrinkage=0.0253571


Tree=385
num_leaves=7
num_cat=0
split_feature=5 1 1 4 1 1
split_gain=0.0202122 0.0603964 0.06562 0.0499206 0.0347325 0.0425883
threshold=1.0000000180025095e-35 0.36842286774624472 -1.4573852342427978 -1.518634353124295 -1.1530838839112907 1.0987461085418622
decision_type=2 2 2 2 2 2
left_child=4 2 -2 -4 -1 -6
right_child=1 -3 3 -5 5 -7
leaf_value=-2.1392904163827594e-05 7.111918122466381e-05 2.1995328108457503e-05 0.0022619244369872123 -0.00024919655147640022 0.00010291948675483027 -0.00058535225121239488
leaf_weight=230 122 607 8.9999999999999982 452 894 168
leaf_count=230 122 607 9 452 894 168
internal_value=0 -8.00908e-05 -0.000280944 -0.000435711 6.40321e-05 0.000160901
internal_weight=0 1190 583 461 1292 1062
internal_count=2482 1190 583 461 1292 1062
is_linear=0
shrinkage=0.0253571


Tree=386
num_leaves=6
num_cat=0
split_feature=1 1 4 4 4
split_gain=0.0325384 0.0847622 0.0268768 0.0022626 0.000791737
threshold=-0.97050307371238664 -1.5182455043090994 -1.518634353124295 1.3401069926887506 -1.518634353124295
decision_type=2 2 2 2 2
left_child=1 -1 -3 4 -2
right_child=3 2 -4 -5 -6
leaf_value=6.9315805680788276e-05 3.5967695545707493e-05 0.00083980683313287293 -0.00013730278103514783 -4.8069862562782901e-05 3.1566673365415533e-05
leaf_weight=242 148 26 353 50 1663
leaf_count=242 148 26 353 50 1663
internal_value=0 -0.000162854 -0.000429721 4.79146e-05 5.62098e-05
internal_weight=0 621 379 1861 1811
internal_count=2482 621 379 1861 1811
is_linear=0
shrinkage=0.0253571


Tree=387
num_leaves=9
num_cat=0
split_feature=5 0 0 5 4 0 0 0
split_gain=0.015932 0.0209012 0.020191 0.0166438 0.0111757 0.00768263 0.010556 0.000136305
threshold=1.0000000180025095e-35 0.036094250993829506 2.2561698550676259 2.2869799942829454 -1.518634353124295 -0.35273106492533945 -1.3816267133359827 -0.3621264721873268
decision_type=2 2 2 2 2 2 2 2
left_child=1 5 3 4 -2 6 -1 -8
right_child=2 -3 -4 -5 -6 -7 7 -9
leaf_value=-0.025347698960678126 0.0014830563813826479 0.0011042445398934159 0.00013148641271597261 0.00077297370306634043 -9.77320154258503e-05 -0.00017157057338143897 7.2183855914162242e-05 0.0006711798723024997
leaf_weight=4.9999999999999991 10.999999999999998 159 65 45 1069 336 784 7.9999999999999991
leaf_count=5 11 159 65 45 1069 336 784 8
internal_value=0 4.44999e-05 -8.00908e-05 -0.000135128 -0.000169906 0 4.82469e-05 0.000104141
internal_weight=0 1292 1190 1125 1080 1133 797 792
internal_count=2482 1292 1190 1125 1080 1133 797 792
is_linear=0
shrinkage=0.0253571


Tree=388
num_leaves=12
num_cat=0
split_feature=1 0 1 0 0 1 5 5 0 0 0
split_gain=0.0180443 0.0882344 0.0589135 0.0312808 0.0558086 0.019421 0.0701463 0.0232438 0.0193458 0.0107756 0.000125631
threshold=-0.97050307371238664 2.4948657612410532 -1.9442673947732094 -1.3816267133359827 -0.93544342161461114 -1.1530838839112907 -1.214017751899376 1.1199807455555051 -0.83235675032749123 1.7584760787770368 -0.8227642366194482
decision_type=2 2 2 2 2 2 2 2 2 2 2
left_child=1 2 -1 -2 -5 6 -4 -8 -6 10 -10
right_child=3 -3 5 4 8 -7 7 -9 9 -11 -12
leaf_value=0.0003412920775794325 -0.021822296666079342 0.0021331264665436448 0.0022258249251746864 0.00028904011893477876 -0.0010631210017505921 -9.0860382783770414e-05 -0.00023113709852324061 2.4280633244888261e-06 0.00071415480796508768 -9.2915025361367873e-05 5.7446942774085259e-05
leaf_weight=27 9.9999999999999982 39 17 196 90 183 342 12.999999999999998 7.9999999999999991 46 1511
leaf_count=27 10 39 17 196 90 183 342 13 8 46 1511
internal_value=0 -0.000122426 -0.000335306 3.43345e-05 0.000109612 -0.000430506 -0.000554999 -0.000668866 0 7.30796e-05 0.000100221
internal_weight=0 621 582 1861 1851 555 372 355 1655 1565 1519
internal_count=2482 621 582 1861 1851 555 372 355 1655 1565 1519
is_linear=0
shrinkage=0.0253571


Tree=389
num_leaves=12
num_cat=0
split_feature=1 0 1 0 0 1 5 5 0 0 0
split_gain=0.0180443 0.0882344 0.0589135 0.0312808 0.0558086 0.019421 0.0701463 0.0232438 0.0193458 0.0107756 0.000125631
threshold=-0.97050307371238664 2.4948657612410532 -1.9442673947732094 -1.3816267133359827 -0.93544342161461114 -1.1530838839112907 -1.214017751899376 1.1199807455555051 -0.83235675032749123 1.7584760787770368 -0.8227642366194482
decision_type=2 2 2 2 2 2 2 2 2 2 2
left_child=1 2 -1 -2 -5 6 -4 -8 -6 10 -10
right_child=3 -3 5 4 8 -7 7 -9 9 -11 -12
leaf_value=0.00033263790334089118 -0.02126894670561966 0.0020790365848057744 0.0021693844801938872 0.00028171090236188618 -0.0010361633458592884 -8.8556427797266277e-05 -0.00022527613410294609 2.3664947020049604e-06 0.00069604591957460533 -9.0558970616203929e-05 5.5990255423591082e-05
leaf_weight=27 9.9999999999999982 39 17 196 90 183 342 12.999999999999998 7.9999999999999991 46 1511
leaf_count=27 10 39 17 196 90 183 342 13 8 46 1511
internal_value=0 -0.000122426 -0.000335306 3.43345e-05 0.000109612 -0.000430506 -0.000554999 -0.000668866 0 7.30796e-05 0.000100221
internal_weight=0 621 582 1861 1851 555 372 355 1655 1565 1519
internal_count=2482 621 582 1861 1851 555 372 355 1655 1565 1519
is_linear=0
shrinkage=0.0253571


Tree=390
num_leaves=16
num_cat=0
split_feature=5 1 2 2 2 2 4 4 2 1 2 2 2 2 1
split_gain=0.0147311 0.0454156 0.0769641 0.0918216 0.0706373 0.0782954 0.041302 0.0313589 0.0273067 0.0279154 0.0588492 0.0185491 0.163538 0.0129016 0.00302895
threshold=1.0000000180025095e-35 0.36842286774624472 -0.22972545297896871 -1.0030237002128752 0.54357279425493799 3.3789997007792629 -1.518634353124295 1.3401069926887506 -0.74525761780157318 -1.2139441539775919 -0.22972545297896871 -0.22972545297896871 1.0000000180025095e-35 1.3168710414888449 1.1596063786081634
decision_type=2 2 2 2 2 2 2 2 2 2 2 2 2 2 2
left_child=8 2 3 -2 -4 -6 -5 -8 -1 -10 -11 -3 -13 14 -12
right_child=1 11 4 6 5 -7 7 -9 9 10 13 12 -14 -15 -16
leaf_value=-9.3211344989105885e-05 0.00013096264802816554 0.00031914986672080224 0.00048789260596451671 0.00066670617811089407 -0.00052754003746433215 0.0049106055185372715 -0.0012584151510275643 0.0036261655073398773 -2.328966680728131e-05 2.893739890345052e-06 0.00044464072777674967 -0.0016201773027643995 0.00060380017138442785 3.4359154889168897e-06 0.0020092200418309961
leaf_weight=277 29 410 161 5.9999999999999991 179 11.999999999999998 187 8.9999999999999982 187 371 351 93 104 98 7.9999999999999991
leaf_count=277 29 410 161 6 179 12 187 9 187 371 351 93 104 98 8
internal_value=0 -5.88932e-05 -0.000237909 -0.000590927 0 -0.000325064 -0.000825451 -0.000912638 6.40321e-05 0.000149683 0.000221231 0 -3.53006e-06 0.000412103 0.000487968
internal_weight=0 1190 583 231 352 191 202 196 1292 1015 828 607 197 457 359
internal_count=2482 1190 583 231 352 191 202 196 1292 1015 828 607 197 457 359
is_linear=0
shrinkage=0.0253571


Tree=391
num_leaves=7
num_cat=0
split_feature=5 1 1 4 1 1
split_gain=0.015932 0.0747878 0.059423 0.0269779 0.0173756 0.0296637
threshold=1.0000000180025095e-35 0.55100367794514904 -1.4573852342427978 -1.518634353124295 -1.1530838839112907 1.0987461085418622
decision_type=2 2 2 2 2 2
left_child=4 2 -2 -4 -1 -6
right_child=1 -3 3 -5 5 -7
leaf_value=-2.9217033813392677e-05 3.9594261698361109e-05 6.7803730693773081e-05 0.0011231812084804601 -0.00019262870109933435 8.8610137527376389e-05 -0.00057271711190224988
leaf_weight=230 122 453 10.999999999999998 604 894 168
leaf_count=230 122 453 11 604 894 168
internal_value=0 -8.00908e-05 -0.000273907 -0.000388926 4.44999e-05 0.000113425
internal_weight=0 1190 737 615 1292 1062
internal_count=2482 1190 737 615 1292 1062
is_linear=0
shrinkage=0.0253571


Tree=392
num_leaves=15
num_cat=0
split_feature=5 1 0 1 0 0 1 0 1 1 1 0 0 0
split_gain=0.00390225 0.0492247 0.0674758 0.0592116 0.0236408 0.00512221 0.0721646 0.0654405 0.027381 0.0276169 0.0246698 0.00487388 0.0151724 0.000655085
threshold=1.0000000180025095e-35 0.36842286774624472 3.6169927586360329 -1.9442673947732094 0.036094250993829506 -0.35273106492533945 -1.0922236138449894 -0.96691475083483469 1.4030474588733692 -1.5791057743754007 1.3421871888070676 -0.31127300910496164 0.030640972652955702 -0.41337414816180323
decision_type=2 2 2 2 2 2 2 2 2 2 2 2 2 2
left_child=4 2 3 -2 5 6 13 -8 9 -7 -9 -3 -13 -1
right_child=1 11 -4 -5 -6 8 7 10 -10 -11 -12 12 -14 -15
leaf_value=-0.00025839537032753385 0.00072268250425115818 -0.00073680524763639847 0.0028066460881563471 -0.00019561764212744855 0.0010891488397208316 0.00018712178070457315 -2.2743325324149895e-05 0.00030950415336016983 0.0043512021277084013 -0.00039897031527645063 -0.000138771943124675 0.00060165892292738461 -7.0129292018032106e-06 0.0013954504150591959
leaf_weight=112 10.999999999999998 134 14.999999999999998 557 159 28 154 495 7.9999999999999991 300 26 199 274 9.9999999999999982
leaf_count=112 11 134 15 557 159 28 154 495 8 300 26 199 274 10
internal_value=0 -3.76956e-05 -0.000237909 -0.000365561 2.49678e-05 0 1.66777e-05 0.000261613 -9.47153e-05 -0.00024872 0.000410173 0 8.08664e-05 0
internal_weight=0 1190 583 568 1292 1133 797 675 336 328 521 607 473 122
internal_count=2482 1190 583 568 1292 1133 797 675 336 328 521 607 473 122
is_linear=0
shrinkage=0.0253571


end of trees

feature_importances:
建物移轉總面積平方公尺=1883
house_age=1506
count_floor=865
建物現況格局-衛=500
建物現況格局-廳=186
time_index=180
電梯_無=158

parameters:
[boosting: gbdt]
[objective: quantile]
[metric: quantile]
[tree_learner: serial]
[device_type: cpu]
[data: ]
[valid: ]
[num_iterations: 393]
[learning_rate: 0.0253571]
[num_leaves: 21]
[num_threads: 4]
[deterministic: 0]
[force_col_wise: 0]
[force_row_wise: 0]
[histogram_pool_size: -1]
[max_depth: 7]
[min_data_in_leaf: 5]
[min_sum_hessian_in_leaf: 0.001]
[bagging_fraction: 0.78449]
[pos_bagging_fraction: 1]
[neg_bagging_fraction: 1]
[bagging_freq: 0]
[bagging_seed: 400]
[feature_fraction: 0.713176]
[feature_fraction_bynode: 1]
[feature_fraction_seed: 30056]
[extra_trees: 0]
[extra_seed: 12879]
[early_stopping_round: 0]
[first_metric_only: 0]
[max_delta_step: 0]
[lambda_l1: 6.72171]
[lambda_l2: 6.22296]
[linear_lambda: 0]
[min_gain_to_split: 0]
[drop_rate: 0.1]
[max_drop: 50]
[skip_drop: 0.5]
[xgboost_dart_mode: 0]
[uniform_drop: 0]
[drop_seed: 17869]
[top_rate: 0.2]
[other_rate: 0.1]
[min_data_per_group: 100]
[max_cat_threshold: 32]
[cat_l2: 10]
[cat_smooth: 10]
[max_cat_to_onehot: 4]
[top_k: 20]
[monotone_constraints: ]
[monotone_constraints_method: basic]
[monotone_penalty: 0]
[feature_contri: ]
[forcedsplits_filename: ]
[refit_decay_rate: 0.9]
[cegb_tradeoff: 1]
[cegb_penalty_split: 0]
[cegb_penalty_feature_lazy: ]
[cegb_penalty_feature_coupled: ]
[path_smooth: 0]
[interaction_constraints: ]
[verbosity: -1]
[saved_feature_importance_type: 0]
[linear_tree: 0]
[max_bin: 255]
[max_bin_by_feature: ]
[min_data_in_bin: 3]
[bin_construct_sample_cnt: 200000]
[data_random_seed: 175]
[is_enable_sparse: 1]
[enable_bundle: 1]
[use_missing: 1]
[zero_as_missing: 0]
[feature_pre_filter: 1]
[pre_partition: 0]
[two_round: 0]
[header: 0]
[label_column: ]
[weight_column: ]
[group_column: ]
[ignore_column: ]
[categorical_feature: ]
[forcedbins_filename: ]
[precise_float_parser: 0]
[parser_config_file: ]
[objective_seed: 16083]
[num_class: 1]
[is_unbalance: 0]
[scale_pos_weight: 1]
[sigmoid: 1]
[boost_from_average: 1]
[reg_sqrt: 0]
[alpha: 0.25]
[fair_c: 1]
[poisson_max_delta_step: 0.7]
[tweedie_variance_power: 1.5]
[lambdarank_truncation_level: 30]
[lambdarank_norm: 1]
[label_gain: ]
[lambdarank_position_bias_regularization: 0]
[eval_at: ]
[multi_error_top_k: 1]
[auc_mu_weights: ]
[num_machines: 1]
[local_listen_port: 12400]
[time_out: 120]
[machine_list_filename: ]
[machines: ]
[gpu_platform_id: -1]
[gpu_device_id: -1]
[gpu_use_dp: 0]
[num_gpu: 1]

end of parameters

pandas_categorical:[]
