土地位置建物門牌,緯度,經度,actual_price,pred_mean,pred_0.1,pred_0.25,pred_0.5,pred_0.75,pred_0.9
臺北市萬華區中華路二段４９８巷１１號,25.02592002,121.507111,12700003.0,12266984.0,6689432.0,8680271.0,10569154.0,18356570.0,21847752.0
臺北市北投區三合街一段６９號,25.12671211,121.5056256,66999964.0,49449624.0,15747965.0,30061496.0,45866732.0,80444290.0,94868830.0
臺北市中正區齊東街８２巷３８號,25.04237998,121.528491,16500011.0,16725870.0,8209002.0,10356350.0,13909172.0,22989192.0,30704378.0
臺北市北投區自強街１２０巷１５弄１７號四樓,25.110686,121.516559,15999987.0,17939962.0,9418868.0,11895738.0,15372751.0,25482124.0,38087496.0
臺北市文山區新光路一段９５巷２２號二樓,24.99115201,121.574704,16300006.0,17223004.0,8739362.0,11221189.0,13972962.0,23496600.0,23812144.0
臺北市內湖區星雲街１６８巷３７號,25.08008899,121.597329,15000010.0,12259966.0,5531319.0,7921927.0,11708587.0,17940476.0,19921956.0
臺北市北投區行義路１４２之１３號,25.129857,121.528211,7099998.0,7740290.5,4820997.5,6321991.0,7515860.5,13018868.0,15458637.0
臺北市中正區詔安街４３號四樓,25.025557,121.51222,14579996.0,10742292.0,7053337.0,8903448.0,11884671.0,19656986.0,27593452.0
臺北市大安區敦化南路二段４６號十四樓之１２,25.03123699,121.548312,29999978.0,22331414.0,13114921.0,14547745.0,21499846.0,34134508.0,45667700.0
臺北市中山區民權東路二段１５２巷５弄１號,25.06146,121.534672,22080004.0,24089480.0,11111716.0,14311444.0,19476988.0,33422484.0,38216010.0
臺北市內湖區內湖路三段３５９之６號,25.08929161,121.5837309,28980028.0,26479028.0,13079922.0,19865532.0,23188024.0,41587020.0,43799828.0
臺北市中正區臨沂街７１巷３１號五樓,25.03544999,121.530252,54880004.0,42479868.0,18324562.0,29792588.0,44621040.0,68085960.0,83949630.0
臺北市信義區忠孝東路五段４２３巷４弄２９號二樓,25.041449,121.576592,29500022.0,22246558.0,9768664.0,12848040.0,18924322.0,29041116.0,29738312.0
臺北市內湖區陽光街１６１巷１２之３７號,25.07457001,121.585052,12390012.0,14024173.0,6041214.0,9567541.0,11798280.0,19475576.0,24590948.0
臺北市萬華區武昌街二段７２號,25.044806,121.506211,7339998.5,11210493.0,6379187.5,8362157.0,10305197.0,17862490.0,18279112.0
臺北市內湖區星雲街１２５號十一樓,25.08042401,121.595661,63580010.0,45572770.0,15484635.0,28600364.0,39612664.0,66949120.0,90854856.0
臺北市信義區大道路５５號四樓,25.04145902,121.582306,14000013.0,15502337.0,8943002.0,11906656.0,14985340.0,25759642.0,37666892.0
臺北市大安區敦化南路一段２３６巷７號十一樓,25.04068298,121.547768,80879990.0,67665464.0,29525408.0,48528340.0,76312310.0,96631330.0,101188640.0
臺北市大同區民權西路１５３號十樓之５,25.06314501,121.516434,10800002.0,13519857.0,6580912.5,10623866.0,13034397.0,21252688.0,28198124.0
臺北市內湖區民權東路六段９０巷２５弄１７號三樓,25.06707001,121.586583,15999987.0,15608077.0,7839205.0,10290525.0,13455491.0,21148402.0,21598284.0
臺北市內湖區文湖街２１巷９４弄８號五樓,25.09032698,121.560749,18999984.0,16507566.0,9335042.0,12140221.0,14373652.0,25919424.0,30838842.0
臺北市北投區杏林二路５７號五樓,25.14228598,121.497106,8500000.0,10685768.0,6084962.0,8043066.0,10101425.0,17300276.0,23100220.0
臺北市萬華區環河南路二段１４８巷１４號五樓,25.03622201,121.494462,5179999.5,6895034.0,4227030.0,5424292.5,6972007.0,12007689.0,13695907.0
臺北市大安區樂業街１６９巷５２號四樓,25.020388,121.555521,22000004.0,16481265.0,9991036.0,13904662.0,17596528.0,29865924.0,39617950.0
臺北市大安區仁愛路四段４１３之１號五樓,25.03800161,121.5561852,22799980.0,38553736.0,18476810.0,24604884.0,36300320.0,51648100.0,85952740.0
臺北市內湖區成功路四段１７８號二十一樓之２,25.08355201,121.5938529,72499940.0,74242024.0,52981320.0,60231028.0,60384012.0,62570776.0,104355120.0
臺北市南港區東新街９６號八樓,25.04635061,121.5875026,32999976.0,32066038.0,12587719.0,21657728.0,27764554.0,47974588.0,56246210.0
臺北市士林區中山北路七段１４巷６３弄２３號四樓,25.12217859,121.5346202,14499987.0,16550569.0,8506780.0,10036532.0,13596506.0,22806852.0,33751056.0
臺北市信義區基隆路一段８３巷１９號六樓,25.04672,121.570729,45999988.0,32932132.0,13429314.0,23150768.0,31224626.0,53622516.0,69273144.0
臺北市文山區興隆路四段１０９巷１１６號三樓,24.986778,121.564596,19499996.0,31129720.0,12685405.0,19820720.0,27600662.0,45287256.0,75586130.0
臺北市大安區溫州街１１巷９之３號,25.02556701,121.534178,34059980.0,21526888.0,9097480.0,13400119.0,19427828.0,33822330.0,38029064.0
臺北市大同區甘州街２２號七樓,25.05871199,121.512797,26450004.0,26367748.0,11285323.0,17266420.0,24236176.0,39386570.0,52728884.0
臺北市信義區松勤街１４６號七樓,25.0315695,121.5695748,94999920.0,48050050.0,15096852.0,27698438.0,45239944.0,75151840.0,80151760.0
臺北市內湖區陽光街１０１號三樓之１,25.07526399,121.58597,25800012.0,24113936.0,10263475.0,17096048.0,18098884.0,31601732.0,31924274.0
臺北市大安區光復南路６８８號四樓之１,25.03001701,121.557229,27999986.0,20661220.0,10306082.0,16066684.0,18857878.0,31567154.0,45642184.0
臺北市內湖區內湖路二段１０３巷６６號九樓,25.08285699,121.58099,32999976.0,27108408.0,11907883.0,17985358.0,24732864.0,42390108.0,59147564.0
臺北市萬華區環河南路一段２３號,25.04684401,121.504205,7099998.0,9032883.0,4019130.2,6444542.0,8599704.0,14018557.0,18787620.0
臺北市松山區民生東路五段１８８號八樓之１,25.058613,121.5638946,53000020.0,49775424.0,22635800.0,32872326.0,49354360.0,82550120.0,97747640.0
臺北市文山區秀明路一段７９巷５弄２７號五樓,24.99043599,121.564786,15679988.0,18663044.0,10028820.0,12825662.0,17124440.0,28715808.0,37935680.0
臺北市萬華區成都路６７號九樓之１３,25.04292799,121.505704,4099999.5,7101582.5,2457004.0,4417377.0,6954124.5,11569088.0,18525650.0
臺北市北投區光明路６８號五樓之８,25.1327677,121.5002257,8880002.0,10924641.0,5071575.5,7819746.5,9675078.0,15688394.0,18297670.0
臺北市信義區松山路６５６巷３號三樓,25.03162298,121.578017,11629996.0,15047865.0,7793681.5,10308539.0,13920850.0,17514326.0,22586548.0
臺北市內湖區瑞光路２３７號,25.07469301,121.578184,19800014.0,20959784.0,9374671.0,12688430.0,16503064.0,27815704.0,34463964.0
臺北市內湖區安康路３５０號七樓之１,25.06591301,121.612136,16999994.0,20345592.0,8746716.0,13531130.0,17690688.0,28417606.0,30386336.0
臺北市北投區東華街一段４２４號,25.11136698,121.518168,15999987.0,16065765.0,7222186.0,11029156.0,14656336.0,22735406.0,26040480.0
臺北市北投區崗山路８巷１６號六樓,25.140952,121.486647,22000004.0,21094178.0,12751388.0,17592100.0,19834864.0,29418436.0,33444294.0
臺北市南港區研究院路二段５４巷２４號三樓,25.04617799,121.613707,24000004.0,21526640.0,9856084.0,13458571.0,17490990.0,30210368.0,38440220.0
臺北市大安區光復南路２４０巷５２號四樓,25.04088901,121.555142,42249980.0,58129692.0,23043848.0,37486136.0,53341480.0,74167430.0,104421020.0
臺北市中山區伊通街１２９號七樓之１,25.05440499,121.534992,7000002.5,12795486.0,6621234.0,9534677.0,11572398.0,19515066.0,21324804.0
臺北市文山區下崙路２８巷１號五樓,24.986167,121.556753,20659998.0,26237412.0,12483568.0,18023236.0,22236038.0,36237650.0,49983016.0
臺北市文山區仙岩路１６巷２８之１號七樓,24.99765901,121.548927,16999994.0,14194222.0,7373999.0,10070242.0,14408622.0,23569314.0,36788024.0
臺北市中山區民生東路二段１４７巷１１弄２４號三樓,25.05983999,121.535878,21500010.0,16174022.0,8897727.0,12317579.0,17106812.0,28421454.0,35008896.0
臺北市北投區吉利街６４號,25.11817699,121.505365,19499996.0,17928982.0,8054733.5,12123768.0,16700846.0,24716642.0,26579672.0
臺北市內湖區文德路２２巷３２號,25.07695298,121.580094,26499996.0,19056492.0,8708803.0,11690601.0,17466120.0,29974068.0,31451702.0
臺北市士林區福港街２６７之５號,25.08348898,121.517791,13000010.0,16851716.0,7556352.0,10893991.0,14257770.0,25767996.0,35312224.0
臺北市大安區忠孝東路三段２５１巷９弄１號四樓,25.04336402,121.541753,33679996.0,24562822.0,12185249.0,14480364.0,21222228.0,29963494.0,38129870.0
臺北市文山區汀州路四段２８９號六樓,25.00148295,121.5355503,17570940.0,29711836.0,13634552.0,21272398.0,25022356.0,41791376.0,50422908.0
臺北市信義區吳興街６００巷７６弄２２號五樓之３,25.01837371,121.570478,12650008.0,13401550.0,8189172.5,12407370.0,12651504.0,16302867.0,21065912.0
臺北市內湖區大湖山莊街２１巷１１號三樓,25.08513502,121.602102,22599994.0,16146097.0,7908385.0,11381430.0,14299111.0,24863692.0,25095866.0
臺北市信義區松山路２８７巷８之１號三樓,25.04281701,121.578498,21800008.0,19939746.0,10980271.0,12110433.0,19079224.0,29826986.0,40062410.0
臺北市中山區明水路３９７巷７弄２５號十四樓之１,25.07810001,121.549479,26299992.0,17987520.0,8924071.0,13089206.0,19031974.0,30889352.0,42990776.0
臺北市中山區松江路２７號十二樓,25.04718201,121.533177,4499998.0,4914306.5,1463495.0,1932978.5,4427596.0,8327213.0,14125299.0
臺北市中山區民生東路一段７０巷６號八樓,25.05764929,121.5263346,17199990.0,17286158.0,8411795.0,11904272.0,15040032.0,22635972.0,24682816.0
臺北市中山區五常街１１巷３號,25.06452698,121.538121,18500014.0,16942730.0,8824991.0,13811094.0,14647812.0,26137364.0,27143590.0
臺北市士林區中社路一段５２號四樓,25.10816602,121.559782,10249996.0,11062888.0,7018512.0,7969309.5,9614812.0,15697524.0,20095176.0
臺北市中山區新生北路二段９６號,25.05913599,121.527228,5600001.5,7108684.0,2717255.0,4532991.5,6028799.5,10182982.0,15725453.0
臺北市中山區中山北路二段７７巷１２號七樓之１,25.05738602,121.524161,16140000.0,16686804.0,8163409.5,12719445.0,14317833.0,18437980.0,22080004.0
臺北市內湖區內湖路二段２５３巷６弄７號,25.08263202,121.589177,16600014.0,16208178.0,8730516.0,10900039.0,13801982.0,24595780.0,33351162.0
臺北市文山區光輝路４７巷１３號五樓,24.98555001,121.556259,14499987.0,16626663.0,8768900.0,11303893.0,15061619.0,24919288.0,32920010.0
臺北市文山區辛亥路五段６９號七樓,24.99825601,121.553315,10680002.0,14035224.0,6298005.0,10012096.0,12915214.0,19493378.0,23039586.0
臺北市士林區天母西路３８巷９號五樓,25.11810252,121.5261113,49999988.0,42979870.0,17411770.0,28537808.0,41299056.0,64813736.0,99771020.0
臺北市中山區民權東路二段２０６號,25.0622049,121.5365097,10800002.0,11143149.0,5862620.5,8296489.0,10381546.0,17711418.0,29087848.0
臺北市中山區德惠街１８號,25.0666077,121.5251101,27800004.0,23150858.0,11059258.0,17240192.0,19204380.0,32773910.0,39040424.0
臺北市中山區錦州街２４２號五樓,25.060173,121.533805,15999987.0,17207800.0,9119856.0,12363760.0,16832860.0,26999736.0,33632300.0
臺北市中正區羅斯福路二段７０號九樓之７,25.02723401,121.522035,19499996.0,11837095.0,6639590.0,8216145.0,11912040.0,19272998.0,37534144.0
臺北市北投區公路４１８號七樓之１,25.1323027,121.5026806,18999984.0,19455602.0,14782646.0,15850029.0,16281332.0,29034026.0,35780508.0
臺北市大安區羅斯福路三段５９號二十四樓,25.02314569,121.5257006,102500020.0,90979016.0,42540030.0,68464130.0,82604296.0,128527050.0,157142780.0
臺北市信義區基隆路一段３５０號六樓之６５,25.03701301,121.5617294,7500001.0,9973938.0,5178745.0,7361190.0,9148446.0,14697880.0,25550748.0
臺北市萬華區康定路２３２號八樓之１７,25.03794,121.501592,3699998.2,3950206.2,2092152.0,2298919.5,4577384.0,9091287.0,23528532.0
臺北市大安區臥龍街２７１號二樓,25.01867298,121.556627,14600004.0,15750188.0,7053538.5,9449224.0,13936152.0,23339776.0,27736026.0
臺北市松山區民生東路四段８０巷１１弄３號,25.05675398,121.553297,34799984.0,25438904.0,10378398.0,15723594.0,21083276.0,34584404.0,38625576.0
臺北市信義區松仁路２８１巷８號二樓,25.023781,121.570339,15000010.0,13265264.0,6178099.0,9144538.0,12513987.0,20253094.0,20457232.0
臺北市內湖區康寧路三段１６５巷１４弄１７號四樓,25.070549,121.612232,21000000.0,16640845.0,9536732.0,13153526.0,16488591.0,26651964.0,31895000.0
臺北市信義區松德路２６號十一樓,25.03926799,121.577044,34500010.0,32253246.0,16058443.0,20074720.0,28513596.0,42883900.0,64679868.0
臺北市北投區義理街２７號,25.11650751,121.5151888,29999978.0,27571040.0,12917973.0,21589840.0,24087228.0,42046108.0,45542616.0
臺北市內湖區文湖街２１巷７號,25.08706399,121.560148,24100004.0,21229272.0,9386372.0,12954590.0,18534592.0,30743524.0,31780350.0
臺北市中山區中山北路一段５３巷８號五樓之１２,25.04910101,121.522127,17579990.0,22148882.0,11193080.0,15393113.0,17720846.0,32842056.0,32856904.0
臺北市中正區金山南路一段６７巷１０之１號三樓,25.03763,121.528853,16199987.0,32340040.0,13200248.0,23127732.0,33929844.0,49070324.0,68325720.0
臺北市松山區八德路四段６３６號十樓之６,25.049832,121.574493,20500002.0,15886348.0,7591666.0,13501045.0,16362336.0,23441988.0,24172558.0
臺北市松山區南京東路三段３３５巷２３號三樓之１０,25.05327684,121.5475401,19300000.0,10731889.0,5379571.0,7420382.0,11298052.0,18114772.0,28769808.0
臺北市大同區南京西路３６０之２號十一樓之１２,25.053716,121.511042,9000001.0,13086061.0,7373077.5,8617059.0,9996221.0,19390178.0,21703340.0
臺北市文山區羅斯福路六段１５９巷５弄２０號四樓之２,24.998313,121.541318,2799999.0,8291102.5,4204900.5,5438770.0,8928498.0,14407248.0,29103830.0
臺北市內湖區麗山街６２巷６號,25.08138198,121.579993,16500011.0,16695623.0,8310426.0,11024067.0,14152051.0,23864068.0,25782942.0
臺北市內湖區民權東路六段２９６巷８８號,25.06884341,121.6103968,44500012.0,41808836.0,16035335.0,29062726.0,40994004.0,77553840.0,86936400.0
臺北市北投區溫泉路６５巷９之１號五樓,25.135337,121.504222,9125198.0,11224207.0,5799106.0,8806226.0,11478531.0,18996940.0,25880596.0
臺北市中山區長春路２５８巷２６號,25.05354698,121.538957,10999996.0,19567358.0,8515944.0,12815098.0,16168254.0,28422864.0,32205482.0
臺北市內湖區麗山街４６巷１１號四樓,25.08097999,121.579899,13499990.0,14256655.0,7249844.0,9041829.0,13006334.0,21145376.0,28737890.0
臺北市大同區民生西路１１７號四樓,25.05753999,121.518718,6240001.0,5117444.0,2077352.1,2457838.2,4714559.0,7808322.5,17337538.0
臺北市松山區健康路３５巷１３號七樓,25.05424599,121.554459,46449988.0,33245796.0,13711772.0,21369672.0,33113026.0,50811304.0,77387750.0
臺北市內湖區東湖路１１３巷４９弄２７號,25.06989002,121.615168,24999980.0,25006276.0,11330660.0,18140012.0,24868910.0,38963580.0,43555650.0
臺北市信義區忠孝東路五段７１巷１２弄８號五樓之１,25.04193612,121.5669214,13499990.0,11134651.0,4267685.5,6533568.0,9786175.0,15749106.0,19994664.0
臺北市內湖區東湖路１１３巷４９弄１２２號,25.07101001,121.61501,6280000.0,19036258.0,9502161.0,12597758.0,16344806.0,28482396.0,34924664.0
臺北市中山區吉林路３４３巷３６號四樓,25.06421702,121.531999,26499996.0,17971710.0,8426786.0,12516876.0,18381026.0,29892026.0,32547406.0
臺北市信義區基隆路二段１７７號三樓,25.02507688,121.5537788,42480030.0,31083264.0,12280538.0,19988296.0,27772552.0,46542040.0,49146290.0
臺北市中山區南京東路二段１０８號十四樓之１５,25.051839,121.532169,19279984.0,20867838.0,9675207.0,14282157.0,18428556.0,26719354.0,28344526.0
臺北市松山區南京東路五段２５０巷１８弄４號,25.05005701,121.566359,31999990.0,21042380.0,8421508.0,11869900.0,18993896.0,20068632.0,31588656.0
臺北市北投區大業路５１６號二十二樓,25.13460698,121.496543,45999988.0,51386136.0,24906506.0,44925056.0,45680590.0,67592070.0,71506200.0
臺北市松山區民生東路四段９７巷２弄１１之１號二樓,25.058613,121.552783,27999986.0,22037802.0,8675852.0,13878458.0,18817924.0,30100166.0,32255090.0
臺北市萬華區長沙街二段９１號十五樓之３,25.04055101,121.504744,21000000.0,19803942.0,9028318.0,14246625.0,19932292.0,30036220.0,34842760.0
臺北市士林區忠誠路二段９８巷７弄８號十一樓,25.10861701,121.530085,113680070.0,124949144.0,65405980.0,66065228.0,89738500.0,165452750.0,204726610.0
臺北市大安區臨江街１１８巷１弄６號,25.030102,121.5537,5000000.0,5117185.5,2118562.8,2235007.8,4434315.0,7958061.5,14102283.0
臺北市松山區三民路２９巷１號十樓之３,25.05456002,121.56349,57500040.0,43851404.0,18807840.0,28621320.0,41785876.0,64547628.0,76417910.0
臺北市文山區興隆路二段２２巷５弄２號,24.998297,121.545868,33679996.0,19039780.0,10105414.0,13449538.0,20078166.0,30650780.0,42691296.0
臺北市中山區德惠街５２號,25.06656982,121.5272006,15999987.0,26429026.0,11824706.0,17398358.0,24206284.0,40374156.0,49074160.0
臺北市北投區幽雅路７號,25.13729598,121.513111,8200004.0,14125003.0,9634748.0,12576296.0,14910584.0,23088768.0,24989636.0
臺北市信義區基隆路二段１４９號,25.02688301,121.555634,34500010.0,27765136.0,11329428.0,18512120.0,23145824.0,38360020.0,46329124.0
臺北市內湖區瑞光路１１２巷５６弄３５號,25.07058701,121.579694,18480018.0,15411856.0,7411393.0,10147540.0,12901082.0,22270884.0,23532524.0
臺北市南港區福德街３３９巷３４號三樓,25.03838898,121.588993,13579996.0,10039020.0,5278082.0,7225830.0,9559551.0,13664334.0,18461134.0
臺北市大同區昌吉街１３２巷１５號四樓,25.06538101,121.514253,15999987.0,15026555.0,7156885.0,10044038.0,14391044.0,22775162.0,24685970.0
臺北市士林區忠誠路二段２１巷１６號七樓,25.10923002,121.531452,67329970.0,57798684.0,20608362.0,35560748.0,53527990.0,93202620.0,137396350.0
臺北市南港區東新街１８０巷８號,25.04628324,121.5934292,36199996.0,32019284.0,13039520.0,21428202.0,24793794.0,41518784.0,47412412.0
臺北市文山區萬美街二段５５號二樓,25.00517669,121.5641793,18799986.0,27050456.0,12473904.0,17938046.0,25285700.0,42372244.0,46266956.0
臺北市大安區樂業街７９巷２７號二樓,25.02240599,121.551963,2400000.5,3707408.8,1880450.5,2347201.0,5039326.0,9200365.0,25586738.0
臺北市大安區辛亥路一段８２號,25.02109799,121.53144,33969990.0,26650896.0,11147890.0,16105743.0,23045388.0,41076970.0,44714332.0
臺北市文山區萬隆街１３巷３號四樓,25.00006091,121.5390493,19560008.0,17182416.0,9617490.0,12741274.0,16380134.0,27543392.0,46717964.0
臺北市南港區舊莊街一段１９９巷５弄９號三樓,25.03962502,121.622437,10999996.0,9338425.0,5505951.5,7631102.5,8756298.0,11927978.0,13198611.0
臺北市文山區秀明路一段１９巷１６號三樓,24.990014,121.564166,18880012.0,19080278.0,10688112.0,13225449.0,18301928.0,31591488.0,39670732.0
臺北市士林區天母西路１８之９號六樓,25.11827899,121.5277725,31000018.0,31023382.0,13613243.0,21092206.0,28299960.0,45537750.0,78066590.0
臺北市萬華區中華路一段１８６號十二樓之２,25.03897131,121.5066552,38500020.0,36869788.0,15228178.0,25904696.0,35412990.0,56339940.0,77801560.0
臺北市大安區復興南路一段３２１號十二樓之２,25.03401379,121.5438438,98000.0,81744.42,531717.44,1017523.1,4075490.5,8571824.0,29329576.0
臺北市內湖區環山路二段５３巷５弄１８號,25.08446899,121.572639,22249996.0,17435098.0,8833723.0,12224824.0,16282326.0,27598136.0,29695858.0
臺北市萬華區柳州街１７號,25.0388771,121.5055576,16380009.0,23435328.0,11520204.0,18719264.0,18779128.0,35218524.0,37346544.0
臺北市內湖區民權東路六段２８０巷１０２號三樓,25.06913598,121.609252,19420010.0,14741762.0,6432335.5,9681871.0,12970808.0,20879304.0,28182586.0
臺北市北投區立農街二段２０２巷５弄５號四樓,25.11808296,121.5141174,18540000.0,15056392.0,9581255.0,12124439.0,16262772.0,26880678.0,40491068.0
臺北市士林區中山北路七段１９０巷２７號,25.12592098,121.535214,22000004.0,18482204.0,12255314.0,15042786.0,19533984.0,32426018.0,35989610.0
臺北市中山區雙城街４３巷２１號五樓,25.067593,121.525133,7700003.0,7443772.0,3098016.2,4614068.0,7218660.0,10955294.0,14398677.0
臺北市內湖區康樂街１２５巷１０之１號,25.07340421,121.6200366,14480005.0,15992756.0,7765644.0,10233079.0,14291640.0,23161546.0,25649478.0
臺北市信義區忠孝東路五段４６９號八樓之１,25.04103401,121.577216,35000016.0,33551056.0,13646103.0,18898856.0,26403934.0,31854326.0,37466980.0
臺北市松山區南京東路四段１３３巷７弄３２號三樓,25.05276399,121.556359,9999996.0,8653128.0,5056642.5,6638723.0,8480875.0,13172758.0,32006644.0
臺北市內湖區行善路２５巷１４號九樓,25.05538299,121.576033,22999982.0,21956072.0,10092143.0,14872864.0,19700788.0,31129244.0,33564628.0
臺北市萬華區青年路１６８巷４９弄５９號二樓之１,25.01936009,121.5017156,7999997.0,8486037.0,4254426.0,5945262.5,7276435.5,11257074.0,18897198.0
臺北市大安區和平東路三段３００號,25.02056201,121.556286,12190084.0,11331956.0,5141085.5,8252920.5,10643520.0,17122514.0,18458388.0
臺北市北投區中央南路一段１５０號,25.12988818,121.5006588,29500022.0,27753436.0,13432644.0,20549602.0,29808958.0,51633916.0,62645652.0
臺北市信義區虎林街７０巷１７號五樓,25.04418402,121.576358,18999984.0,17500834.0,10297495.0,11306566.0,14884159.0,26444456.0,31727900.0
臺北市大安區青田街１巷８號,25.02895599,121.532284,84999976.0,30477756.0,12775659.0,19097646.0,27282124.0,45243570.0,64621788.0
臺北市信義區松仁路２０２巷７號二樓,25.027189,121.567935,20000004.0,15867906.0,8746683.0,13173411.0,16680090.0,29260012.0,36208216.0
臺北市中山區植福路２８６巷３２號十樓,25.08110102,121.559496,257999760.0,194130200.0,86969070.0,140652460.0,199293390.0,262309710.0,392579650.0
臺北市內湖區東湖路１１３巷９５弄１０４號四樓,25.07365999,121.615119,27999986.0,32470332.0,13939714.0,23190720.0,36707770.0,63894020.0,89359820.0
臺北市內湖區康寧路三段５２號三樓,25.071757,121.608831,22000004.0,18963852.0,8752991.0,12329614.0,16140831.0,27458052.0,37555268.0
臺北市中山區雙城街１９巷８號五樓之１５,25.065328,121.524851,9299996.0,10075660.0,4574080.5,6951101.0,9308017.0,13364563.0,14881093.0
臺北市內湖區民權東路六段４１５號三樓之１,25.07067548,121.6035432,34079996.0,29196404.0,11027348.0,18071910.0,26187764.0,45396484.0,55423640.0
臺北市北投區中央北路二段４２巷１７弄９號二樓之１,25.137845,121.495405,7440003.0,6741467.0,3280240.2,3672696.5,6158868.5,10436401.0,12036926.0
臺北市士林區承德路四段１７９巷７號二樓,25.08789501,121.523311,100000024.0,96258090.0,38668920.0,61731028.0,176751840.0,239845040.0,272637220.0
臺北市松山區南京東路五段６６巷９號五樓,25.05072601,121.560916,5310000.5,11860372.0,6597433.0,8269655.0,12114360.0,19623870.0,37703548.0
臺北市大安區富陽街１５２巷７號二樓,25.01822602,121.556494,10999996.0,18181232.0,9996716.0,13988348.0,19623982.0,32289746.0,42471200.0
臺北市內湖區內湖路一段９１巷３１號,25.087173,121.562826,23750004.0,18440476.0,9208441.0,12498816.0,15240789.0,25934902.0,27529842.0
臺北市北投區泉源路４９之４號六樓,25.1413426,121.5109215,5380002.0,9108626.0,5294103.0,6572539.5,8547701.0,15158802.0,17497162.0
臺北市北投區溫泉路３７巷２８號十三樓之１,25.13384301,121.503422,9500005.0,15390060.0,7035936.5,11090585.0,14981853.0,23907120.0,28423732.0
臺北市中正區汀州路二段２４４號二樓,25.02166499,121.52454,22599994.0,18459690.0,8997598.0,12878512.0,18578834.0,30472060.0,30953520.0
臺北市內湖區環山路三段３０巷２弄１號四樓,25.08522001,121.57985,29300000.0,29219524.0,11828406.0,19054420.0,27749412.0,49532030.0,63478224.0
臺北市信義區忠孝東路四段５５３巷１６號,25.04279799,121.562888,9680006.0,8191008.0,2922602.0,4998779.5,8014750.5,12604128.0,18208022.0
臺北市文山區興隆路一段２５１巷３弄７號二樓,24.99999198,121.544647,13000010.0,17335354.0,8704627.0,11471899.0,16260043.0,27131840.0,27788288.0
臺北市北投區中和街３９８巷５弄２號二樓之３,25.14386069,121.4986761,6500001.0,9391261.0,4117259.5,5202342.0,8191508.0,13807749.0,18185324.0
臺北市南港區重陽路３７８號六樓,25.05900402,121.610032,32879976.0,19164824.0,10093606.0,14399995.0,16241073.0,28831884.0,35981644.0
臺北市萬華區雙園街１５２巷１０號二樓,25.03146699,121.491543,16500011.0,18710698.0,9146893.0,13534873.0,17252562.0,31504838.0,33217148.0
臺北市大安區忠孝東路三段２５１巷５弄１之２號,25.04271702,121.541749,17214104.0,21057516.0,10218821.0,14088921.0,19692674.0,34673040.0,39028292.0
臺北市文山區景華街１２８巷１２號五樓,24.99485199,121.547715,16199987.0,16040107.0,8181093.0,10836110.0,15595014.0,23986184.0,28863576.0
臺北市內湖區康寧路三段７０巷１７５號五樓,25.06674399,121.60759,7609998.0,23705742.0,10607061.0,16239091.0,22252414.0,37452616.0,45990776.0
臺北市文山區木柵路一段５７之４號五樓,24.98695498,121.545432,12299995.0,14542141.0,8997341.0,10470436.0,13878458.0,23753220.0,30883224.0
臺北市大安區通化街２２５之３號,25.02613351,121.5532583,21500010.0,22138408.0,11076632.0,16340130.0,21189304.0,35923770.0,42051320.0
臺北市中山區民權東路三段３９巷２號七樓,25.063006,121.542418,34049976.0,25459000.0,10539663.0,14391977.0,22481334.0,36125640.0,49523056.0
臺北市中山區明水路５２６巷５２號二樓,25.078861,121.553957,59900050.0,31934750.0,13090080.0,21641294.0,26715378.0,48128290.0,53556180.0
臺北市大安區和平東路一段１７７號,25.02651702,121.532223,23989980.0,13401985.0,6616285.0,9334917.0,11936786.0,20426976.0,27453496.0
臺北市萬華區西寧南路３０７號七樓之２,25.03818199,121.506499,11579994.0,13803246.0,6273403.0,10174226.0,12982169.0,21716466.0,31132450.0
臺北市大安區和平東路二段１６號十一樓,25.02567799,121.535814,53000020.0,40223504.0,17974486.0,31409678.0,37633500.0,63958644.0,73393590.0
臺北市北投區中山北路七段２１９巷３弄４５號二樓,25.12722689,121.5305754,20599992.0,22266170.0,12701214.0,15265751.0,19427790.0,32899046.0,41389664.0
臺北市內湖區成功路三段８８號二樓,25.07861201,121.589377,18099990.0,16709768.0,8242554.0,12003864.0,15417266.0,25201826.0,26144894.0
臺北市信義區忠孝東路五段７９３號三樓,25.04409999,121.581622,18170000.0,14551492.0,8755346.0,12146892.0,14707723.0,23559740.0,35521704.0
臺北市中正區汀州路二段２７５號七樓,25.02217498,121.524231,42679980.0,37705492.0,14959552.0,24256014.0,34425468.0,59382910.0,73497960.0
臺北市北投區永興路一段５４號四樓,25.13949699,121.500738,3000001.0,2791264.8,974496.9,1606623.8,3586223.0,6751484.5,18711732.0
臺北市士林區中山北路六段４０５巷８８號十二樓之１,25.11739283,121.5261181,62500050.0,55787850.0,25078162.0,42632630.0,61027436.0,94280410.0,107355190.0
臺北市中正區和平西路二段９號四樓,25.02809202,121.514225,34400000.0,31415968.0,13238320.0,18044562.0,30742878.0,47811170.0,62978828.0
臺北市信義區虎林街１２０巷１４號,25.04204802,121.5763,30490024.0,22576600.0,10248510.0,12789800.0,19781216.0,33007908.0,33748610.0
臺北市士林區天母北路６２號三樓,25.12178699,121.526269,4499998.0,12886252.0,5892030.0,9189158.0,12724250.0,19000056.0,28631584.0
臺北市大同區雙連街３９巷７號,25.05895901,121.519303,12142004.0,11436180.0,6026121.0,8610815.0,10720657.0,17199892.0,17961498.0
臺北市士林區海光里３１鄰延平北路五段３３號,25.07975899,121.510868,29399980.0,15597780.0,6772824.0,10796994.0,13654981.0,17794650.0,22135242.0
臺北市文山區辛亥路四段１３０巷３號六樓之２,25.00467101,121.556539,7480000.5,7369759.5,2803804.0,4531785.5,7119464.5,10982785.0,14862967.0
臺北市北投區石牌路二段３０３號五樓之１,25.12145201,121.522816,21150016.0,17713918.0,9270349.0,12895596.0,15934174.0,27982368.0,35369050.0
臺北市士林區德行東路２９號二樓,25.10697901,121.526066,18000012.0,17073628.0,8783915.0,13802140.0,16681172.0,25729148.0,38072028.0
臺北市文山區萬美街二段７７號,25.00462118,121.5639006,22680010.0,30712636.0,14749075.0,21660538.0,31424180.0,57774770.0,58788104.0
臺北市大同區民權西路２７９號八樓之１,25.063408,121.509624,7500001.0,6782578.0,4381922.5,5449658.0,7030061.0,12849192.0,13617658.0
臺北市松山區八德路四段７３號二樓,25.048524,121.560023,24799990.0,17934078.0,9155708.0,12677254.0,17964410.0,29012548.0,29585840.0
臺北市大同區承德路二段１１２號二樓之１,25.05865701,121.517969,9700004.0,12909648.0,5885549.0,8487769.0,11621149.0,17357920.0,22438794.0
臺北市文山區興隆路三段１９２巷８弄４２號四樓,24.99800602,121.557425,3000001.0,2814525.5,1179896.2,1387730.4,3897369.8,6681704.5,15682112.0
臺北市內湖區金龍路２４９號五樓,25.088949,121.587084,37659996.0,31285850.0,12539505.0,20122562.0,26990622.0,44088576.0,45178376.0
臺北市南港區成福路１８０巷１４號,25.04108728,121.5874172,16699986.0,15436068.0,7460871.5,10426592.0,14018423.0,23724422.0,24240382.0
臺北市中山區南京東路二段１０８號六樓之２５,25.051839,121.532169,22799980.0,16346427.0,8263616.0,11946124.0,14726868.0,19953404.0,24228826.0
臺北市北投區復興三路５７號四樓,25.14493195,121.5033082,28200008.0,21950712.0,24668320.0,28589892.0,31548614.0,32152390.0,42699030.0
臺北市士林區劍潭路６號四樓之１,25.08390762,121.5243572,25500016.0,17584250.0,8425219.0,11821955.0,14870425.0,25398664.0,33716244.0
臺北市信義區松德路２００巷１０號十四樓,25.03485261,121.5737837,69089990.0,49380536.0,17207374.0,30375152.0,46301470.0,77630200.0,93766260.0
臺北市中正區延平南路２３０巷４號,25.03420901,121.507037,54999988.0,39210500.0,16095209.0,26212352.0,35050724.0,55484036.0,79344220.0
臺北市中山區錦州街５０號十一樓之２８,25.06016298,121.526107,4949998.0,6464930.0,2193301.0,4032437.2,5874429.5,10039844.0,14313028.0
臺北市文山區新光路一段９５巷１７號四樓,24.99119501,121.574352,14979996.0,11610979.0,6696555.0,8793613.0,11442027.0,19775708.0,19985780.0
臺北市萬華區漢中街８號,25.04573002,121.50775,12449993.0,12520505.0,6402176.5,9257750.0,11028610.0,18403232.0,22887164.0
臺北市中正區重慶南路三段８１號六樓,25.02549501,121.516639,22300002.0,23686126.0,10167359.0,15120454.0,21401896.0,34585260.0,52183108.0
臺北市內湖區康寧路三段１２號十二樓之３,25.07284698,121.606532,65499984.0,62668000.0,20101004.0,43065950.0,54052464.0,95199816.0,112563510.0
臺北市信義區富陽街８７巷６號三樓,25.02134702,121.557005,18059988.0,14563514.0,7277317.0,10548492.0,14465292.0,22346710.0,27711754.0
臺北市信義區莊敬路３４３號三樓,25.02798901,121.564373,22999982.0,15814366.0,7326536.0,10928121.0,14527642.0,23613592.0,34487836.0
臺北市大同區民權西路２６８號四樓之１,25.06273099,121.512018,11299991.0,12541490.0,5903262.0,10289446.0,11282353.0,17893964.0,18139838.0
臺北市松山區敦化北路４巷２１號,25.05006199,121.546395,42999960.0,21598244.0,11310492.0,14428973.0,18754932.0,36860788.0,43970836.0
臺北市大安區安和路一段１１３號十樓,25.035128,121.552743,38189990.0,49947090.0,22285928.0,30991328.0,41343190.0,61828010.0,88652750.0
臺北市文山區公館街４８號,25.00558099,121.537592,7000002.5,9524316.0,4453709.0,5708579.0,8716414.0,14716169.0,22803156.0
臺北市文山區景興路２０２巷５號八樓,24.99166201,121.543261,10560006.0,9748394.0,5817413.0,7804205.5,10890023.0,17846688.0,29571848.0
臺北市文山區興隆路四段７２號二樓之５,24.98426301,121.561598,12599994.0,14356172.0,7770444.5,11205106.0,14447838.0,21740006.0,41490440.0
臺北市萬華區大理街１６０巷２４弄６號五樓,25.03247898,121.494146,14000013.0,14674966.0,9774348.0,12302787.0,13696978.0,26195458.0,33060708.0
臺北市萬華區西藏路１２７號,25.02933698,121.502063,21000000.0,22217256.0,10301640.0,14172040.0,17926964.0,29349388.0,36490040.0
臺北市松山區八德路四段２０４巷５弄６號三樓,25.04845799,121.564364,16500011.0,13729332.0,6706634.0,9153473.0,12581382.0,19411862.0,24650400.0
臺北市士林區福港街１２９巷１０弄１０號,25.08773199,121.518532,15999987.0,13523803.0,6946290.0,9529986.0,12176351.0,19104130.0,24493864.0
臺北市內湖區大湖山莊街９６巷８號,25.08815699,121.603915,95999930.0,26905864.0,11307494.0,16118435.0,20963142.0,37358868.0,45785970.0
臺北市大安區杭州南路二段６１巷２５號,25.03024101,121.523911,34000004.0,25224284.0,10001885.0,15427444.0,20977100.0,33551760.0,38300360.0
臺北市萬華區德昌街１８５巷２７弄１號三樓,25.02237099,121.494472,13800008.0,12165486.0,6755433.0,9350937.0,11325863.0,18886856.0,20212266.0
臺北市內湖區金龍路１３巷２６號三樓,25.08512731,121.5956814,25999984.0,23655696.0,11191137.0,16843008.0,19964976.0,33481184.0,36572400.0
臺北市大安區信義路二段１９８巷４２號三樓之１０,25.03018599,121.531359,25200000.0,25054878.0,11766750.0,17245850.0,22399496.0,34024010.0,35361224.0
臺北市信義區松德路２００巷５９號三樓,25.03457002,121.57217,68000040.0,38502372.0,14007358.0,22570788.0,36556012.0,63689004.0,68539784.0
臺北市內湖區民權東路六段１８０巷９６號六樓,25.0656629,121.5923362,42999960.0,37282772.0,14917810.0,22198324.0,30432040.0,50278950.0,51947452.0
臺北市北投區溫泉路３７巷２６號三樓之７,25.13372701,121.503238,7900003.0,11481596.0,4623164.0,6983979.0,10201100.0,15906177.0,22573198.0
臺北市內湖區康寧路三段７５巷２４弄４９號,25.07413801,121.610091,367156.84,101412.87,392958.25,789832.5,3074358.8,5833569.0,15391734.0
臺北市中正區廈門街７１巷１２之４號,25.02474802,121.518696,15099991.0,13421938.0,5420321.0,8336708.5,11682710.0,19331242.0,21860590.0
臺北市中正區臨沂街７１巷１９弄２５號三樓,25.03701099,121.531542,59500028.0,47959030.0,18319704.0,30731974.0,46257692.0,69914670.0,83891530.0
臺北市萬華區中華路一段１８６號三樓之２,25.03897131,121.5066552,32660026.0,28691828.0,12469195.0,19798428.0,26465952.0,44000452.0,57994030.0
臺北市松山區健康路１７７之１號,25.05424679,121.5609479,23700000.0,18257684.0,8282093.5,11989769.0,14265713.0,25427260.0,34105876.0
臺北市北投區吉利街１０１之８號,25.11853799,121.506004,16300006.0,15311825.0,7756555.0,11007510.0,14334638.0,22817164.0,24893540.0
臺北市大安區信義路四段９９巷３６號十三樓,25.03481301,121.546911,55279950.0,48734170.0,21192578.0,37132536.0,54585612.0,73918870.0,107854130.0
臺北市士林區德行東路７４巷１５弄２號,25.10648201,121.527461,4970002.0,4468339.5,1823095.8,2060081.6,5300832.5,9123806.0,24757832.0
臺北市信義區松山路６２６號五樓之２,25.0354305,121.5786554,9999996.0,18598404.0,8454533.0,12559228.0,16184916.0,26723024.0,34989940.0
臺北市信義區松德路２００巷５號五樓,25.03431102,121.573882,48000030.0,36368028.0,13504033.0,22811246.0,35714096.0,64995964.0,87895600.0
臺北市士林區至善路二段１２１號,25.09863102,121.547026,18000012.0,11636986.0,7586230.5,9680394.0,10406526.0,18254376.0,19827678.0
臺北市松山區南京東路五段４０號十五樓之１２,25.05129501,121.559708,31080002.0,20430716.0,11142469.0,15283639.0,21381660.0,33981464.0,44483210.0
臺北市信義區林口街２４巷１６號三樓,25.03744899,121.57994,15999987.0,13618178.0,8156367.0,11882268.0,13588366.0,23770532.0,32882484.0
臺北市中山區農安街２０４巷１３號二樓,25.06395898,121.53643,3999999.8,9646057.0,5946771.0,7632747.5,9952673.0,15951872.0,36174668.0
臺北市內湖區文德路２０８巷８號四樓,25.07782701,121.583476,38189990.0,27568568.0,11905521.0,18661442.0,25374404.0,43739800.0,50118770.0
臺北市萬華區和平西路三段３９２號二樓,25.03533901,121.491155,12379996.0,15279355.0,8440330.0,11373097.0,14470480.0,21364416.0,23040156.0
臺北市文山區辛亥路七段５巷４弄１４號四樓,24.98701001,121.553283,11479998.0,14867929.0,8714893.0,10386854.0,13764126.0,22345346.0,29744836.0
臺北市萬華區德昌街１８５巷６２號四樓,25.02249798,121.49337,15879986.0,11998325.0,7963641.5,10980208.0,11728256.0,20839518.0,22003404.0
臺北市大安區樂利路２８巷１號,25.02706901,121.551269,36879988.0,28418636.0,12366378.0,18438120.0,25246088.0,42006590.0,57469890.0
臺北市內湖區五分街６０號六樓,25.0672094,121.6158018,25200000.0,21555936.0,9497867.0,14202292.0,20813698.0,31178444.0,36420160.0
臺北市松山區民權東路三段１０６巷３弄２６號,25.06131001,121.5476,15000010.0,26643678.0,11811204.0,17933872.0,26327996.0,41367330.0,48883120.0
臺北市北投區泉源路３９之４５號,25.14144133,121.5071504,15500001.0,24216812.0,11196197.0,17742796.0,22544714.0,41015824.0,43860184.0
臺北市信義區吳興街６００巷１００弄１８之２號九樓,25.01756502,121.572149,14379986.0,17018162.0,8183520.0,12735030.0,15355637.0,22676940.0,24741546.0
臺北市中正區鎮江街７號二樓之１,25.04351799,121.521274,27299978.0,20261672.0,9073513.0,12261322.0,15647572.0,25955934.0,29454762.0
臺北市文山區秀明路二段３號十三樓,24.99212402,121.574183,56880028.0,55049000.0,22370250.0,39058300.0,51951616.0,92108530.0,131248136.0
臺北市南港區福德街３８１號十六樓,25.04075322,121.5910609,14000013.0,19961968.0,8638707.0,12767377.0,18450432.0,29230448.0,30744520.0
臺北市信義區信義路六段７６巷２弄８５號二樓,25.03303801,121.576044,19180000.0,15634804.0,7965335.5,10111160.0,12919353.0,22445686.0,26777616.0
臺北市萬華區萬大路１３７巷４３號四樓,25.029217,121.501586,7000002.5,7673488.0,4253866.0,5889934.5,6639166.0,10903532.0,17056638.0
臺北市文山區興隆路四段２９巷４弄２號三樓,24.98998102,121.5604918,15999987.0,14587756.0,8321029.0,11056833.0,14273279.0,23041080.0,23916244.0
臺北市信義區逸仙路４２巷３號,25.04029381,121.562165,84999976.0,44455816.0,17270340.0,28077372.0,44487624.0,77609624.0,89196520.0
臺北市南港區經貿二路１５７巷３６弄８８號,25.06174901,121.614719,14499987.0,13659332.0,5313577.0,9364484.0,11605909.0,18911872.0,19938492.0
臺北市中山區南京東路二段１０８號,25.051839,121.532169,23549992.0,25059562.0,11633102.0,17488188.0,20999480.0,34780676.0,39670428.0
臺北市內湖區民權東路六段１９０巷１１７弄３３號五樓,25.06436232,121.5944484,24600002.0,17839610.0,9798334.0,13744346.0,14677065.0,22564890.0,26879140.0
臺北市松山區延壽街１５１號,25.05694999,121.563056,19499996.0,14175527.0,6921208.5,10017139.0,12306683.0,19246402.0,20747466.0
臺北市北投區中山北路七段２１９巷３弄２８０號七樓之３,25.13296359,121.5306603,25299980.0,28783146.0,14456410.0,16369484.0,22634246.0,39298850.0,40542070.0
臺北市大安區瑞安街２０８巷６１弄１３號三樓,25.03083399,121.541278,45999988.0,41263468.0,14898246.0,24998742.0,36975496.0,59446260.0,73106900.0
臺北市北投區中央北路一段１５９號四樓,25.135422,121.498394,28999988.0,26877960.0,14650411.0,20240042.0,22619486.0,38272100.0,41270000.0
臺北市大安區仁愛路三段５巷１弄１４號三樓,25.03885141,121.5342939,41380036.0,21439116.0,10133092.0,15023861.0,23287704.0,33446336.0,35676516.0
臺北市北投區立農街二段２９４號四樓,25.118518,121.516494,10567562.0,11180043.0,6408413.0,8536826.0,11228190.0,17855200.0,29136768.0
臺北市文山區樟新街３２巷１８號十樓,24.978934,121.554552,55679950.0,45390160.0,18874396.0,28619464.0,38699024.0,68100900.0,86777690.0
臺北市中山區新生北路一段１１０號三樓之２,25.05021572,121.5279281,7500001.0,8175781.5,3425962.0,4731097.5,7709989.0,11413952.0,17401344.0
臺北市大同區延平北路四段１１１巷９號,25.07140802,121.511403,13879993.0,14284173.0,6452278.5,10799136.0,13455029.0,23705922.0,23849736.0
臺北市北投區中山路４７號七樓之１,25.13876298,121.511686,3359999.0,4480501.0,2773830.5,3525522.8,4973226.0,9160179.0,14221674.0
臺北市北投區中央北路四段１１８號四樓,25.133984,121.476439,14849989.0,11208034.0,7734955.5,9554283.0,11527722.0,17845770.0,19834940.0
臺北市士林區光華路２６巷１之２號三樓,25.13738299,121.542211,15360002.0,18080046.0,9647474.0,12738140.0,15067768.0,18632242.0,35396516.0
臺北市北投區明德路３３１巷３３號三樓,25.116144,121.518216,15000010.0,20029704.0,10686910.0,14064220.0,20336784.0,33988076.0,42782920.0
臺北市文山區景後街９５號九樓之２,24.9919146,121.5430366,8349996.5,8529949.0,4010469.5,5692552.0,8298222.0,13875838.0,18849176.0
臺北市大安區大安路一段１６巷４號四樓,25.04432299,121.545981,37299988.0,38050464.0,18896116.0,25203268.0,31540070.0,43519860.0,70982760.0
臺北市松山區南京東路五段２３巷１５弄５號四樓,25.05295099,121.557807,16800016.0,16588145.0,10131642.0,13335942.0,16834786.0,28496852.0,42078440.0
臺北市大安區浦城街１３巷９號二樓之３,25.02455691,121.5273026,8824999.0,9680375.0,3777546.8,5425167.0,8028581.5,13872053.0,23010600.0
臺北市內湖區環山路二段２６巷２號四樓,25.08613402,121.57253,7000002.5,7690440.5,4831888.0,6339965.5,8779644.0,14211154.0,25333106.0
臺北市士林區士東路５８號,25.11191998,121.528107,32799988.0,23584110.0,11547219.0,16513266.0,21794976.0,35041096.0,53319210.0
臺北市萬華區國興路３０號十樓,25.02481801,121.50812,10300010.0,10367853.0,7425196.0,9937062.0,10454252.0,15530867.0,28631202.0
臺北市萬華區寶興街８０巷６號四樓,25.02593402,121.494126,10700004.0,10438790.0,5696864.0,7943783.5,9107497.0,14537316.0,18165424.0
臺北市大安區敦化南路二段７０號二十四樓之２,25.02965478,121.5483944,124999910.0,84313410.0,32055336.0,72986520.0,92883016.0,154184220.0,235504100.0
臺北市文山區興隆路四段２９巷４弄１號,24.99079498,121.560078,13000010.0,9846200.0,5341429.0,7753086.5,9719728.0,16893682.0,22453222.0
臺北市中山區建國北路二段２２０號十二樓之１,25.060834,121.536567,53000020.0,56096960.0,21383372.0,36683340.0,54114564.0,87813330.0,134500080.0
臺北市士林區通河西街二段１１７號四樓,25.09293501,121.507169,13499990.0,12215943.0,6937418.5,9152460.0,10418561.0,17029234.0,20295786.0
臺北市信義區永吉路３０巷１４８弄６號,25.04262201,121.568467,42999960.0,17200090.0,7038460.0,10786188.0,15252683.0,26230256.0,26361362.0
臺北市松山區八德路三段１２巷５１弄６號五樓,25.04606999,121.550896,35999972.0,33077992.0,12163468.0,18766310.0,27681536.0,44447760.0,74595890.0
臺北市松山區南京東路五段２３９號,25.05161642,121.5649724,15826677.0,13723887.0,5588009.0,9832800.0,10940405.0,18585000.0,19483788.0
臺北市北投區振興街３１號三樓,25.117971,121.522313,4300001.0,13138281.0,7314737.0,10350682.0,13942852.0,22548154.0,39348424.0
臺北市文山區辛亥路四段７７巷１７號十一樓,25.00775949,121.5603166,24499984.0,23611296.0,12506495.0,18001660.0,23014990.0,39284010.0,49896904.0
臺北市士林區葫蘆街７巷４號,25.08012398,121.510488,11759997.0,12579054.0,5816758.5,9087196.0,11638984.0,15916283.0,19406716.0
臺北市內湖區民權東路六段４１３巷１１號,25.07045299,121.602681,48000030.0,42118910.0,13349990.0,24505966.0,38065930.0,65933300.0,74610400.0
臺北市內湖區內湖路二段２５３巷５０號六樓,25.08397501,121.5889012,36659980.0,27361908.0,12826176.0,20244520.0,24699912.0,42800388.0,58970030.0
臺北市大安區和平東路三段２９８號,25.020595,121.556248,12190084.0,11329104.0,5139752.0,8252716.0,10646464.0,17131432.0,18486364.0
臺北市信義區忠孝東路五段３７２巷２９弄３７號五樓,25.03907998,121.574855,32999976.0,34959784.0,15416090.0,21988720.0,32438762.0,51706944.0,74868280.0
臺北市大同區重慶北路三段２０３之３號五樓之２,25.069714,121.51406,18000012.0,17174224.0,9919356.0,14955900.0,15755326.0,23809648.0,26240464.0
臺北市大同區興城街７０號六樓之７,25.05928498,121.51738,59280044.0,51276970.0,20061898.0,31302384.0,49745340.0,87347770.0,95139370.0
臺北市大同區承德路一段８８號五樓之２,25.0530289,121.5174277,13859993.0,14703011.0,6951896.5,11249433.0,13899783.0,20151408.0,22670150.0
臺北市松山區延壽街１８巷７號二樓,25.056966,121.5685,39990030.0,46063464.0,15264208.0,25642776.0,38554910.0,65376420.0,70684584.0
臺北市士林區菁山路１００號二樓,25.13970402,121.55144,17199990.0,23513548.0,10876219.0,15922326.0,17398424.0,29264924.0,34456736.0
臺北市士林區天母西路４１巷２號二樓之６,25.11872509,121.5274176,12800001.0,12630214.0,5606366.0,8533871.0,12472311.0,19377570.0,33032156.0
臺北市中正區重慶南路三段６３號九樓之１,25.02658202,121.516312,24000004.0,30225930.0,12462228.0,18646356.0,25785942.0,39334692.0,47049544.0
臺北市松山區復興北路２２３號十四樓之１,25.05679899,121.544502,1000000.1,410031.7,1137324.5,1285487.6,4738607.0,9560609.0,31835922.0
臺北市士林區天母北路６６之３號,25.12223102,121.526643,7700003.0,20735636.0,10686665.0,14183830.0,18396458.0,28960080.0,38366240.0
臺北市大同區南京西路３４４巷３５號七樓之６,25.052874,121.512307,7000002.5,7369661.0,2365827.0,4181813.8,6568166.0,10408193.0,15273818.0
臺北市大安區新生南路一段９７巷１號五樓之１,25.04122399,121.533299,66420012.0,47713144.0,16468884.0,28818084.0,43643970.0,72561090.0,93500340.0
臺北市北投區明德路１１８巷２３號,25.10963801,121.521125,27599978.0,19046028.0,8603477.0,13134623.0,18805510.0,30740826.0,33813880.0
臺北市士林區福港街２４７號,25.08414998,121.517657,16199987.0,16847186.0,9647142.0,12695450.0,17724058.0,30219934.0,33934828.0
臺北市中山區南京東路一段１３２巷３０號七樓,25.05017201,121.52668,12500008.0,13768485.0,6795993.5,10406486.0,12361686.0,18641306.0,19643644.0
臺北市大安區和平東路三段４１２號六樓之５,25.01809501,121.558444,22000004.0,17223234.0,7682575.0,11956428.0,14470645.0,24199776.0,28697904.0
臺北市萬華區大理街１０３號六樓之１,25.0345095,121.498112,25500016.0,24097200.0,12223472.0,16968636.0,20574938.0,34967520.0,40193212.0
臺北市信義區和平東路三段３９１巷８弄５９號,25.021142,121.558417,20000004.0,19857690.0,8179790.5,12069985.0,16982364.0,27893538.0,30897660.0
臺北市內湖區星雲街１６１巷９號十四樓之１,25.08169199,121.595883,69000050.0,59194172.0,19784196.0,35404416.0,54241460.0,80944030.0,95069710.0
臺北市文山區興隆路四段６２巷２１號四樓,24.98492199,121.560416,3999999.8,4424924.0,1864996.5,2010679.4,4937513.5,8418818.0,22493686.0
臺北市士林區中山北路七段１１４巷４１弄１７號三樓,25.12471801,121.534881,30199998.0,30149466.0,13387780.0,18600710.0,28800280.0,42795980.0,61047810.0
臺北市士林區中社路二段５０號二樓,25.10631528,121.5631694,8319997.5,11759189.0,6632167.0,8262599.5,10252186.0,14872325.0,17412966.0
臺北市大安區四維路７６巷７號,25.03434098,121.547575,55799980.0,36705388.0,15805590.0,23411960.0,35276680.0,63532612.0,83834904.0
臺北市松山區三民路１０７巷７號,25.057642,121.563167,20500002.0,16799214.0,8252102.0,11061305.0,13668323.0,22484250.0,30072966.0
臺北市中山區中山北路一段５３巷２０號三樓之２,25.04892629,121.5228801,7299998.0,9796428.0,4622939.0,6976956.0,8450583.0,13099146.0,17777484.0
臺北市內湖區內湖路一段２８５巷６５弄３６號五樓,25.0845213,121.5688527,15580000.0,14037554.0,6969780.0,9026269.0,12867022.0,20580826.0,25688352.0
臺北市大安區新生南路一段１６５巷５之１６號,25.03430599,121.533409,33679996.0,26802246.0,11729173.0,19937578.0,28464040.0,44113810.0,53676750.0
臺北市萬華區康定路８２號二樓之３,25.04206201,121.502225,43199970.0,41531376.0,15548146.0,26539146.0,37796936.0,65778296.0,66849464.0
臺北市大安區文昌街２７８巷５號,25.03191899,121.55671,28999988.0,22319192.0,11253897.0,15575810.0,18888548.0,32806932.0,49157820.0
臺北市內湖區港墘路２６巷２號五樓,25.08263998,121.577888,22000004.0,15981534.0,8876936.0,11329017.0,16213743.0,25641406.0,35696800.0
臺北市中山區雙城街４３巷７號六樓之３,25.06755301,121.524802,5200000.5,6059135.0,2026654.2,3173804.2,5196897.0,8703357.0,16420236.0
臺北市信義區基隆路一段３８０巷２４號,25.03469499,121.558892,24700006.0,28603802.0,14807846.0,16452590.0,22097782.0,40806388.0,55582860.0
臺北市士林區福德路５７巷１８號三樓,25.091876,121.522054,19499996.0,17037356.0,9176950.0,12619138.0,15437452.0,26089998.0,30282134.0
臺北市中山區建國北路一段５０巷２５號,25.04796698,121.535187,32879976.0,30121014.0,11542616.0,19057110.0,23065660.0,42605560.0,48609584.0
臺北市北投區關渡路６６之１號,25.11922699,121.468737,18500014.0,24506246.0,11799901.0,17902362.0,24600284.0,43631650.0,47325944.0
臺北市信義區松隆路９巷１７號,25.044203,121.566906,11999996.0,25739850.0,11235238.0,16971160.0,21977650.0,38834410.0,43049444.0
臺北市北投區稻香路１４８號四樓,25.14279401,121.489148,10850008.0,10919496.0,7977841.0,9064899.0,11250442.0,17878032.0,20305272.0
臺北市北投區石牌路二段３１５巷２８弄１８號五樓,25.12372899,121.523172,49999988.0,60572040.0,23862294.0,34729830.0,50258050.0,91943360.0,106070060.0
臺北市內湖區麗山街３２４之１號二樓,25.08322202,121.573304,18799986.0,18020142.0,9262661.0,13120651.0,17743878.0,29615708.0,44528200.0
臺北市信義區永吉路２７８巷４８弄１７號,25.04391961,121.573474,22320002.0,23325090.0,11235366.0,13675729.0,17668164.0,29696028.0,36688308.0
臺北市中山區新生北路二段７４號六樓之１０,25.05713498,121.527173,3000001.0,7919276.0,3193451.0,5302769.0,6052817.0,9912604.0,14264407.0
臺北市北投區致遠一路二段１１２巷８之５號二樓,25.11317999,121.513201,15600012.0,15765245.0,7747683.0,10965976.0,12988980.0,20320926.0,32869630.0
臺北市文山區溪口街１０７巷３號四樓,24.99615408,121.5375229,11999996.0,11763968.0,6012992.0,7574389.0,11088766.0,16682731.0,23155584.0
臺北市中山區雙城街１３巷９號四樓之５,25.06417201,121.52485,42799980.0,38370484.0,15008853.0,22265788.0,32616324.0,53514212.0,55594840.0
臺北市士林區士東路２７６號四樓,25.11322701,121.537166,16180008.0,14653737.0,8148654.0,11519501.0,13280480.0,23000552.0,25918040.0
臺北市萬華區柳州街２１號,25.038853,121.5055,26999992.0,25518456.0,11560794.0,19628550.0,21361034.0,37319840.0,38627932.0
臺北市信義區松勤街９號八樓,25.032172,121.561022,31290028.0,24872752.0,10750963.0,16908962.0,20998198.0,34809544.0,43056916.0
臺北市北投區致遠一路二段８６巷６號五樓,25.11292602,121.51365,9500005.0,15117397.0,8610725.0,11136498.0,13493991.0,23208510.0,41291812.0
臺北市松山區南京東路四段９３號,25.05184298,121.554157,6000000.0,9703816.0,5765958.0,7221283.5,9173957.0,16241941.0,20598970.0
臺北市文山區羅斯福路六段２３２巷１３號,24.99291699,121.539818,8180001.0,8726387.0,4356887.0,5640748.0,7481491.5,12197248.0,19917016.0
臺北市士林區中山北路七段８１巷１６弄７號五樓,25.12201729,121.5301133,37999988.0,41956784.0,15527934.0,26505658.0,33788476.0,54181384.0,83364030.0
臺北市松山區南京東路五段３８９巷１５弄１１號,25.05274299,121.569604,10499994.0,13079299.0,5860960.0,10355244.0,11836937.0,19958010.0,28198932.0
臺北市中山區吉林路２１８巷３０號二樓,25.058814,121.529198,17500000.0,17640114.0,7494559.5,12297180.0,16639734.0,27687452.0,30784128.0
臺北市大同區太原路２２巷１０號四樓,25.04988199,121.51436,18999984.0,14158828.0,7551647.5,11870942.0,12541514.0,21501076.0,23231096.0
臺北市文山區景興路２６２號十三樓之３,24.9899987,121.5426351,7579996.5,9893791.0,4775002.5,7441557.0,10310230.0,17008200.0,24044632.0
臺北市文山區興隆路三段１１２巷２弄１９號五樓,24.99921402,121.556517,18000012.0,13598451.0,10935982.0,14019492.0,14956614.0,25706144.0,28727094.0
臺北市士林區士商路４０巷１２號三樓,25.08995202,121.519998,15649990.0,13750114.0,7422562.0,10055827.0,13006880.0,19976176.0,22761526.0
臺北市內湖區瑞光路１１２巷５６弄３９號三樓,25.07051501,121.579475,26299992.0,24211964.0,10363622.0,15329037.0,21399856.0,33411712.0,37904436.0
臺北市大安區建國南路一段３４１巷３號,25.034531,121.538373,33679996.0,22788894.0,9702761.0,13708739.0,17697034.0,30811856.0,39315640.0
臺北市北投區大業路５２８號八樓,25.13479801,121.496673,35379976.0,34262030.0,15516684.0,23808876.0,30463052.0,48655590.0,50885500.0
臺北市中山區松江路９號六樓之１,25.04627899,121.533204,25900002.0,22963688.0,10508169.0,15660531.0,19432868.0,34049850.0,45829390.0
臺北市中山區林森北路４８１號二樓,25.061093,121.52601,12349996.0,15745982.0,7338137.0,11365941.0,13147305.0,21061532.0,23381258.0
臺北市士林區通河東街一段１３０巷６號,25.08688001,121.51637,9999996.0,16909124.0,8326490.5,11587683.0,15952542.0,25920066.0,29436732.0
臺北市大同區民權西路１６０巷１８弄８號十樓之５,25.06216802,121.515453,18000012.0,17428782.0,9158537.0,14037152.0,15905995.0,26251028.0,31429034.0
臺北市南港區福德街３１０巷５６號,25.04121402,121.587083,12680010.0,11347031.0,5805475.0,8311694.0,10428541.0,16285400.0,19478400.0
臺北市內湖區新豐街１０６號六樓之１,25.06078002,121.58477,42879976.0,31097436.0,13210952.0,20982104.0,28322100.0,46931864.0,55814456.0
臺北市大安區溫州街１６巷８之２號五樓,25.02518798,121.532657,37999988.0,28823580.0,13578805.0,22344110.0,28301416.0,42282308.0,62964416.0
臺北市萬華區和平西路三段１４１號八樓,25.03544199,121.498997,22499994.0,20498790.0,13329534.0,18217472.0,19962996.0,35923630.0,38607016.0
臺北市士林區天母北路４巷１號,25.11891315,121.5261666,37099970.0,29702542.0,14215193.0,20884920.0,29652956.0,45948510.0,83417320.0
臺北市內湖區康寧路三段１８９巷１５７弄２６號三樓,25.074798,121.611627,15000010.0,16353007.0,9032469.0,11551735.0,15642142.0,26268808.0,37226780.0
臺北市文山區指南路三段４３號,24.98437692,121.5799312,12750002.0,16033622.0,9864264.0,12073439.0,15341673.0,25277312.0,28129044.0
臺北市士林區福華路１２４號五樓,25.10262399,121.522943,24880012.0,17954784.0,8408090.0,11162698.0,15258066.0,24894252.0,26695820.0
臺北市萬華區環河南路二段１４９巷５號六樓,25.03354399,121.493174,7000002.5,9462950.0,4895498.0,6778924.0,7976814.0,13005094.0,18083254.0
臺北市北投區永興路一段４４號,25.13934699,121.500496,13450000.0,15384983.0,7973505.5,10824130.0,13937720.0,22637138.0,23712842.0
臺北市松山區南京東路五段２９１巷４４弄３５號,25.05346299,121.565229,28200008.0,19595332.0,8766968.0,12241624.0,18082806.0,29514430.0,30834900.0
臺北市信義區信義路六段７１號三樓,25.03556901,121.576977,9050007.0,10933980.0,6577876.0,9843496.0,10701698.0,16821048.0,30156654.0
臺北市大同區承德路三段７號,25.06353301,121.51851,77280070.0,99171680.0,30048826.0,58630212.0,84905180.0,166649630.0,180943040.0
臺北市大安區新生南路一段９７巷３號六樓,25.04120702,121.534087,73580010.0,57617400.0,18950436.0,33253534.0,52066090.0,89677740.0,118184670.0
臺北市中山區德惠街４５號五樓之１９,25.06674299,121.526995,580000.1,239863.12,331039.56,698085.0,2189681.2,4613756.0,9771384.0
臺北市大同區民權西路１５３號十樓之２,25.06314501,121.516434,14900008.0,15415443.0,7748836.0,12651794.0,14885578.0,24630614.0,30457010.0
臺北市中山區民族東路５１２巷１３弄１７號,25.067055,121.542827,18000012.0,20424170.0,8681530.0,11795783.0,16804790.0,27412786.0,31526478.0
臺北市內湖區內湖路二段３３６巷２號三樓,25.080961,121.588599,54880004.0,41885860.0,16318328.0,30467584.0,45836296.0,82050150.0,128942504.0
臺北市大安區信義路二段１９８巷４２號三樓,25.03018599,121.531359,25220004.0,13933574.0,6865219.0,10788801.0,13766804.0,22369524.0,35232164.0
臺北市信義區福德街２１７號,25.03839501,121.584769,15379995.0,12022676.0,5743933.0,8700991.0,10728021.0,17665704.0,20377398.0
臺北市信義區福德街２２０號,25.03846299,121.5845,16500011.0,13347113.0,6754260.0,9998623.0,12137373.0,19942028.0,23163756.0
臺北市中正區鎮江街１巷１號七樓,25.04437588,121.5217749,29999978.0,22371188.0,10727632.0,14946290.0,19789366.0,31295878.0,43404384.0
臺北市南港區重陽路４９０號三樓,25.06033301,121.611804,54450016.0,49198810.0,16513266.0,25964946.0,39042736.0,74767530.0,75775370.0
臺北市北投區溫泉路１３９號,25.13995799,121.512059,6800000.0,8041838.5,5602192.0,6862640.0,7534440.5,13142767.0,15141204.0
臺北市士林區劍潭路１６號四樓之２,25.08391001,121.52388,15999987.0,15070585.0,5736575.5,9682979.0,12358385.0,19321472.0,23867164.0
臺北市文山區興隆路三段１３７號十樓之５,24.99831401,121.558763,9999996.0,14267237.0,5624804.5,9894886.0,12265533.0,15882228.0,18890782.0
臺北市大同區重慶北路三段２５２巷１６號三樓,25.07123099,121.512955,4499998.0,15717147.0,8619985.0,11222858.0,14644069.0,23601028.0,27312582.0
臺北市士林區忠誠路一段１７３巷２４號二樓,25.108206,121.531888,20000004.0,20859958.0,10699045.0,14585420.0,20744222.0,35025930.0,57125308.0
臺北市大安區新生南路一段９７巷１號十二樓,25.04122399,121.533299,83999920.0,67474590.0,23693582.0,44639600.0,67013256.0,108800020.0,141669940.0
臺北市文山區木柵路四段１４１號二樓,24.99835001,121.57402,31250008.0,23465026.0,12302787.0,17176648.0,20452862.0,33117384.0,33318672.0
臺北市中山區新生北路一段１０８號十樓,25.04957999,121.528256,9449999.0,10027844.0,5860982.5,7654163.5,9452145.0,16356969.0,20188800.0
臺北市萬華區西寧南路１５號八樓之１,25.04809099,121.507601,13899996.0,12202367.0,6786699.5,10078620.0,11541186.0,18232906.0,20880100.0
臺北市萬華區中華路二段４１６巷５號七樓之１,25.02703699,121.504718,22000004.0,22283504.0,13230369.0,18260748.0,22660856.0,38184240.0,53384536.0
臺北市大安區延吉街１３１巷９號四樓,25.04273902,121.554754,42000020.0,37141670.0,15186931.0,22178600.0,33601520.0,50180080.0,67706390.0
臺北市北投區文林北路７５巷７３號十一樓,25.10333301,121.5174016,42799980.0,43367228.0,17033782.0,29701296.0,34466396.0,62880404.0,62938360.0
臺北市南港區福山街２巷１弄１４號,25.04540698,121.616563,23599994.0,13732502.0,6484961.5,9307804.0,12348630.0,19463842.0,20062816.0
臺北市中山區林森北路１１９巷３８號二樓之１,25.050322,121.526532,11500007.0,11192632.0,5227297.5,8611891.0,10288072.0,16023075.0,16832924.0
臺北市萬華區漢中街３５號七樓之２,25.04500699,121.50775,6900000.5,8131847.0,4048567.2,6101244.0,7395302.5,11655023.0,15127694.0
臺北市北投區中和街４５７之８號,25.14464,121.496603,5039999.0,13186055.0,9012782.0,11312650.0,13725117.0,24950488.0,26180224.0
臺北市大同區甘州街１５之１號八樓,25.05863098,121.512946,11120006.0,21777192.0,10527648.0,15672902.0,20950990.0,33746612.0,41737210.0
臺北市南港區重陽路３３２號四樓,25.057943,121.60641,25580004.0,19463024.0,9693216.0,14390276.0,14961350.0,24056376.0,24916628.0
臺北市信義區忠孝東路五段３４５巷１號,25.04135701,121.574151,24499984.0,24946728.0,10803277.0,14633850.0,18372474.0,30303108.0,36857204.0
臺北市文山區興隆路一段２７１巷４弄１號三樓,24.99925899,121.545169,12149996.0,11003858.0,5770567.5,7640846.0,10648251.0,16596595.0,25098260.0
臺北市信義區基隆路一段１４１號,25.04306901,121.565851,39450024.0,28343878.0,11655645.0,18885522.0,24382972.0,44155228.0,44836628.0
臺北市內湖區康寧路一段１１２號四樓,25.07944199,121.593292,16500011.0,16682890.0,9471888.0,13314618.0,17432970.0,28462412.0,42017250.0
臺北市大同區重慶北路三段１５２巷３號五樓,25.06815199,121.51325,4499998.0,7953767.0,5103077.0,6537407.0,9706759.0,15830511.0,28695496.0
臺北市士林區延平北路五段８３巷１６號二樓,25.08104302,121.51,14499987.0,14098195.0,6757269.0,10394663.0,12677447.0,18823596.0,22897688.0
臺北市士林區華齡街１７巷２８弄８號三樓,25.083003,121.518257,15000010.0,18842706.0,10706516.0,13531776.0,16726540.0,29269502.0,29581778.0
臺北市北投區溫泉路６５巷１６號,25.13604402,121.504374,9999996.0,8903805.0,5249809.0,7345832.0,8166267.0,14235054.0,15391675.0
臺北市士林區通河西街二段１１８號,25.09287801,121.507105,20699994.0,12023961.0,6317411.0,8774889.0,10252909.0,17587738.0,19210314.0
臺北市大安區羅斯福路二段９３號六樓之２,25.02517001,121.524145,14000013.0,10334841.0,5091930.0,7341293.5,10267704.0,16328634.0,22480262.0
臺北市北投區義理街２５號十樓,25.11668702,121.515304,33399990.0,33428988.0,16101166.0,25941284.0,30461076.0,53862790.0,65981356.0
臺北市中正區信義路二段２５９號十三樓之３,25.03388199,121.531611,30500028.0,23816414.0,11783438.0,17587940.0,22518412.0,32529656.0,32976884.0
臺北市士林區中山北路六段４４１巷３０號二樓之１,25.11660999,121.526995,102999960.0,100727450.0,46920770.0,49995410.0,70799544.0,117102910.0,144691900.0
臺北市內湖區東湖路１１３巷４９弄１２４號二樓,25.07094002,121.614943,7999997.0,18672480.0,9965913.0,13659826.0,18450432.0,29038400.0,37533856.0
臺北市文山區景興路９６巷１２號四樓,24.994768,121.544076,13000010.0,12243678.0,8188212.0,10615825.0,14045615.0,23974338.0,30521212.0
臺北市大安區臥龍街２９７號,25.01703101,121.558894,2380000.0,6035686.0,3233326.2,3866442.8,6622648.5,12347524.0,14685438.0
臺北市文山區新光路一段９５巷１９號四樓,24.991229,121.574428,15500001.0,13680112.0,7860196.0,9834845.0,12408411.0,22215180.0,26013824.0
臺北市文山區辛亥路六段８６巷６弄１０號五樓,24.98920301,121.551806,8180001.0,12291763.0,10218880.0,10503400.0,11509399.0,20420196.0,21681370.0
臺北市士林區中山北路七段１８２號五樓之５,25.12465272,121.5332456,18500014.0,21036802.0,9869045.0,14648595.0,18210454.0,29124210.0,48920988.0
臺北市士林區大南路３５０巷２７號,25.08947002,121.517368,7999997.0,11479035.0,5244234.5,8589810.0,11321672.0,18646818.0,19836492.0
臺北市中山區新生北路二段１２１號二樓之２,25.05902799,121.527887,15800014.0,13960308.0,5874356.5,8145616.0,12149718.0,17830152.0,24031612.0
臺北市文山區辛亥路四段１４０號二樓之１,25.00442999,121.55652,8849997.0,11062444.0,4153661.2,6250930.5,8873720.0,13958844.0,16758666.0
臺北市大安區忠孝東路四段１４８號十樓之３,25.04129398,121.549941,18880012.0,18735732.0,11732037.0,15640829.0,16547949.0,22755320.0,23411692.0
臺北市文山區汀州路四段１９７號十三樓,25.00360999,121.53585,62999972.0,46244190.0,18495462.0,33927516.0,45295720.0,71127780.0,91703944.0
臺北市文山區育英街６１號七樓之１,24.992222,121.538403,18749996.0,23529832.0,11482013.0,16491611.0,20468316.0,35892056.0,47942210.0
臺北市信義區信義路五段９１巷１２弄１號三樓之３,25.03372659,121.5714009,29279998.0,27116786.0,10792835.0,16110320.0,21456052.0,37318276.0,37496360.0
臺北市松山區健康路３５巷５號九樓,25.053809,121.554485,20000004.0,18875188.0,9789367.0,13057090.0,18201286.0,29413160.0,47722424.0
臺北市中山區新生北路一段１０８之３號十二樓之１４,25.04957999,121.528256,8099997.0,6785457.0,2237836.0,3834854.2,5776161.5,10154626.0,15007708.0
臺北市中山區德惠街１２號九樓之２,25.06656198,121.523756,25169976.0,25877930.0,12201762.0,17429978.0,21584652.0,28319938.0,34074016.0
臺北市中山區龍江路４１５巷２１號四樓,25.066451,121.542548,15230008.0,14551908.0,8466539.0,11161975.0,15414385.0,25969206.0,38145370.0
臺北市內湖區環山路一段１３６巷１２弄１０號三樓,25.08729001,121.568094,9900002.0,12549578.0,6554037.0,9326036.0,11355756.0,17854008.0,25663718.0
臺北市信義區吳興街６００巷９８弄１５號,25.01725598,121.571401,13450000.0,11180960.0,5647013.5,8337821.5,10442514.0,17805786.0,19504274.0
臺北市文山區興隆路二段２２０巷５３弄２６號,24.998859,121.551862,9999996.0,14403978.0,8126908.5,10798766.0,14217091.0,23669688.0,26003900.0
臺北市中正區羅斯福路三段３１６巷３號五樓之３,25.015728,121.532324,15300002.0,15715888.0,7046909.0,10623988.0,13834638.0,22799632.0,31029832.0
臺北市中山區新生北路三段４３號三樓之１２,25.065407,121.528041,12029994.0,9612226.0,4874464.0,7683425.0,8807259.0,14444421.0,21889630.0
臺北市士林區通河街２１號六樓,25.08006502,121.523313,27399980.0,25594156.0,11801634.0,18226612.0,22461532.0,36816732.0,43267010.0
臺北市信義區基隆路一段３７巷１之２７號,25.04776301,121.56885,5500000.5,7444694.5,2722058.5,4309036.5,6733076.0,11245915.0,18754860.0
臺北市內湖區康樂街１１１巷１弄１６號三樓,25.070045,121.619242,15500001.0,13281898.0,7198861.0,9692920.0,12724152.0,21890632.0,28290138.0
臺北市內湖區民權東路六段１５０之５號,25.06876839,121.5901577,17350008.0,20655152.0,9283390.0,14711539.0,18428838.0,28416900.0,29241156.0
臺北市士林區美崙街８４巷６號,25.09713698,121.521576,26880012.0,17048570.0,9496581.0,14558071.0,19357364.0,30410340.0,32637606.0
臺北市萬華區富民路１４５巷１５弄２號四樓,25.01862399,121.500323,8300002.5,8247790.5,5566106.5,7428935.5,7910188.0,11414170.0,12194316.0
臺北市南港區忠孝東路六段２７８巷２３弄２７號,25.04889402,121.590496,2249999.5,1416790.2,832158.75,1399982.2,3557249.2,6855438.0,15803028.0
臺北市大同區安西街４３之２號五樓之５,25.06029802,121.510012,25880002.0,23898094.0,10974723.0,16070669.0,21270288.0,36195784.0,47317910.0
臺北市內湖區民權東路六段４７巷１０弄７號五樓,25.069737,121.587174,13499990.0,10498632.0,6067462.0,7044839.5,10186692.0,15576820.0,18295680.0
臺北市大安區忠孝東路四段１８１巷４３號五樓,25.04432898,121.550925,7000002.5,9784084.0,5027081.0,6552493.5,9772111.0,14045053.0,22644868.0
臺北市大同區敦煌路８８巷８號十樓,25.07580491,121.5169188,33100018.0,31744908.0,13060577.0,20912264.0,26451518.0,47098570.0,57904724.0
臺北市中山區民生東路一段２５號,25.058196,121.524317,7816667.0,11931710.0,6402030.0,7872041.0,10405950.0,18233740.0,27985944.0
臺北市南港區大坑街４５０號四樓,25.0464404,121.6172631,20580002.0,25260442.0,10588404.0,17077992.0,20693480.0,25407918.0,31991752.0
臺北市大安區信義路三段１５６號十三樓之７,25.03321299,121.540834,12730003.0,14577604.0,5520547.5,10874705.0,12406470.0,19255730.0,23271320.0
臺北市大安區建國南路一段３０８號八樓,25.0355673,121.5374273,82600050.0,83318580.0,25566834.0,49623660.0,76556210.0,138114450.0,172813890.0
臺北市士林區福港街２７７巷１０弄１號三樓,25.083305,121.518588,19900004.0,16650910.0,10153716.0,13767382.0,16632309.0,28660708.0,32838110.0
臺北市士林區中正路３３７號,25.09447699,121.523004,66579950.0,50759384.0,17251014.0,31991324.0,44390320.0,81915210.0,102781540.0
臺北市北投區新興路７０巷１號五樓之１,25.141082,121.487911,14000013.0,16455916.0,9821217.0,12718475.0,16735252.0,27357316.0,29068658.0
臺北市內湖區文德路２２巷５９弄２０號三樓,25.07529999,121.580053,25400020.0,24260548.0,10023312.0,14939222.0,21059404.0,34018750.0,45825810.0
臺北市中山區林森北路６２８號,25.06743701,121.525567,24880012.0,25814336.0,10447495.0,15913096.0,21869682.0,37580276.0,42463910.0
臺北市大同區承德路三段２３７號,25.07086701,121.518741,47200012.0,39221492.0,14591680.0,25884840.0,32986446.0,61402812.0,70020770.0
臺北市文山區景興路１５３巷１９號十一樓之５,24.99400001,121.546,18200002.0,17854076.0,8049910.5,11971328.0,17227702.0,27222294.0,32048672.0
臺北市大安區光復南路６２０號十二樓,25.03203101,121.55727,52680028.0,32776222.0,14360225.0,22660942.0,32560630.0,51202496.0,76283210.0
臺北市中正區忠孝東路二段２８號十三樓,25.04354599,121.52762,94999920.0,66674628.0,22444016.0,42606050.0,61412536.0,95479130.0,126193380.0
臺北市文山區景興路５３巷１５號二樓,24.99665599,121.545711,15079988.0,14477078.0,7073559.0,9857813.0,14056604.0,22017846.0,26382840.0
臺北市內湖區康寧路一段２９２號,25.07824711,121.5978724,11299991.0,10179506.0,3987777.0,6538847.5,9216541.0,15149379.0,18644792.0
臺北市萬華區中華路二段５０４巷１６號,25.02561399,121.507575,10380002.0,9063810.0,4186318.8,6713878.0,8742263.0,14522600.0,22041922.0
臺北市大安區復興南路二段２１８號二十一樓之３,25.02633819,121.5432281,52299988.0,36406828.0,18044182.0,27602032.0,29986420.0,40370230.0,44796708.0
臺北市文山區興隆路一段７０巷１１弄２０號,25.001806,121.540492,22799980.0,15821184.0,7381555.5,10185566.0,14707611.0,21165108.0,24083004.0
臺北市內湖區安康路３３６巷３號,25.06577002,121.611598,15999987.0,15108000.0,7478231.5,10709008.0,13262962.0,24304270.0,25055500.0
臺北市中正區廈門街１２３巷６號,25.02294499,121.517832,11180000.0,13185678.0,5888002.5,8623718.0,11423884.0,18077564.0,20767262.0
臺北市松山區南京東路五段１２３巷１弄２２號六樓,25.051998,121.559814,8550131.0,22544154.0,11313254.0,15258124.0,20978022.0,34489084.0,52028664.0
臺北市士林區福港街２５９巷３０號四樓,25.08399399,121.51917,18580004.0,16767203.0,9292495.0,11755848.0,15387037.0,25599234.0,32441856.0
臺北市北投區光明路２６６號五樓之１,25.13656801,121.509897,5399997.5,5320960.0,3130997.2,4172870.0,5817779.5,9303934.0,10410893.0
臺北市南港區重陽路１６６巷１０弄１８號,25.05635198,121.600482,7999997.0,12353507.0,5295931.0,9454200.0,11394724.0,17146010.0,19218706.0
臺北市南港區中坡北路５０巷１５號三樓,25.04648438,121.5814262,9999996.0,13338435.0,6950610.0,9841544.0,11920995.0,18993208.0,20756252.0
臺北市北投區大屯路２１巷４弄１７號,25.14426901,121.50025,9999996.0,19220100.0,9878593.0,13516144.0,17599080.0,30872800.0,36798200.0
臺北市北投區溫泉路１３９號五樓之１３,25.13995799,121.512059,3400001.0,4798100.5,2610261.8,2955251.2,3983014.8,7383499.0,9735777.0
臺北市內湖區港墘路１２７巷１６弄１１號,25.07793601,121.577533,22080004.0,25259576.0,10366073.0,14393899.0,18148870.0,34300216.0,41592256.0
臺北市南港區東新街１８０巷６號四樓,25.04630493,121.5934134,49640040.0,38773644.0,15489480.0,25248978.0,30507128.0,47636030.0,57561930.0
臺北市內湖區民權東路六段１９１巷１７號三樓,25.06777602,121.598144,30380020.0,25263478.0,11699456.0,16829906.0,22327070.0,32349788.0,35568484.0
臺北市士林區天母北路９巷１０號二樓,25.11914463,121.5271024,34200004.0,37544380.0,14871503.0,24527570.0,31907534.0,48125440.0,79427810.0
臺北市信義區吳興街６００巷７６弄１１８號四樓,25.01799799,121.569551,14649992.0,14608890.0,8151188.0,10738646.0,13345026.0,23477606.0,28514630.0
臺北市文山區景中街１號十樓之４,24.99302499,121.541465,15800014.0,16129783.0,8065479.5,12173378.0,16697788.0,28285498.0,41012068.0
臺北市文山區景興路１５３巷１９號,24.99400001,121.546,8450003.0,8213833.5,2965901.2,5432627.5,8495543.0,13993712.0,19598098.0
臺北市內湖區康樂街２０４之３號十一樓,25.07630498,121.621279,24600002.0,24943826.0,12697170.0,16529400.0,22580432.0,32010734.0,36206212.0
臺北市北投區石牌路一段１６６巷４３弄１４號,25.11386171,121.5150246,21200016.0,21404550.0,11146614.0,16687282.0,17715608.0,33771788.0,44425300.0
臺北市大安區仁愛路四段１４７號十樓之１,25.03807801,121.551669,39979970.0,44620532.0,22295834.0,30411036.0,38532492.0,50871230.0,70246700.0
臺北市北投區承德路七段１６６號,25.11484501,121.5063896,69999940.0,73738770.0,29614352.0,56730076.0,73647690.0,121133050.0,130107336.0
臺北市信義區信義路五段１０９號,25.03299354,121.5665155,24400000.0,22077140.0,10037986.0,14671748.0,19214638.0,33312000.0,39129588.0
臺北市中正區同安街８５之１號,25.02292969,121.5209743,15500001.0,12244660.0,5451742.5,7792930.5,11063330.0,17594952.0,22868576.0
臺北市信義區信義路六段７６巷２弄３７號,25.033834,121.57669,17800012.0,15389913.0,7810787.5,10753998.0,13671660.0,22647632.0,23998676.0
臺北市中山區林森北路６７巷１３２號五樓之２,25.04768899,121.528558,20359994.0,19439836.0,9631221.0,12626433.0,17002782.0,27892740.0,38725456.0
臺北市中正區廈門街８１巷６號六樓,25.024443,121.5178,19380010.0,23997396.0,10998549.0,16460562.0,21902076.0,36625732.0,58780590.0
臺北市松山區民生東路四段８０巷１弄６號三樓,25.05755399,121.553345,31080002.0,20964902.0,10882382.0,15129945.0,20674622.0,30719960.0,40103616.0
臺北市萬華區寶興街８０巷２號四樓,25.02599298,121.494193,14199990.0,14185832.0,7763526.0,10489826.0,12763822.0,19950360.0,20801830.0
臺北市文山區興隆路四段２９巷３弄１３號三樓,24.991,121.559386,13000010.0,14170607.0,8038955.5,10775146.0,13679538.0,22845906.0,23157704.0
臺北市萬華區漢口街二段２７號十三樓之１,25.04557902,121.507706,30799986.0,29430614.0,12571451.0,19531228.0,23402362.0,42199970.0,51101130.0
臺北市內湖區文湖街２１巷８２弄１４號三樓之１,25.08952198,121.560597,24999980.0,25142628.0,12095797.0,17182416.0,22363040.0,38503324.0,41005890.0
臺北市大安區新生南路一段９７巷１號九樓,25.04122399,121.533299,91870080.0,60289532.0,20924992.0,37458190.0,57075864.0,96668020.0,127084910.0
臺北市文山區指南路三段２４巷３號二樓,24.98327901,121.579363,12899999.0,13470616.0,8229091.5,13543757.0,14201426.0,22899436.0,24948680.0
臺北市內湖區康寧路三段２１９巷４號二樓,25.06797001,121.61219,18799986.0,16025367.0,8018863.5,11222858.0,14950168.0,24018780.0,27764608.0
臺北市文山區萬美街二段２巷１號八樓之２,25.00352258,121.5629436,17380016.0,17833418.0,9571575.0,12474000.0,16305883.0,27150580.0,30828726.0
臺北市文山區興隆路三段２０７巷１５弄６號,24.995077,121.562402,9700004.0,16721341.0,8954489.0,12153520.0,15841989.0,26021614.0,27854462.0
臺北市士林區文昌路１６９巷２９號四樓,25.09782602,121.519231,14199990.0,12867758.0,6576891.0,8890823.0,12163166.0,17580292.0,22007896.0
臺北市萬華區康定路１０５號,25.0392682,121.5020232,20000004.0,24101522.0,13492910.0,19960712.0,20310502.0,34353840.0,41386980.0
臺北市松山區撫遠街３９５巷３５號四樓,25.06553901,121.567618,17300012.0,13299390.0,7624803.0,9590342.0,12829136.0,19899396.0,20410424.0
臺北市大安區復興南路二段９０巷１２號二樓,25.03021968,121.5423855,19380010.0,21338068.0,10301581.0,15341907.0,19423936.0,28150566.0,28425248.0
臺北市中山區林森北路５８７號十二樓之６,25.06602499,121.525833,30500028.0,30072048.0,15676131.0,20152906.0,24882196.0,43815870.0,45354770.0
臺北市中正區重慶南路三段１６１號六樓之５,25.02267999,121.517009,10879995.0,15663488.0,7410722.0,11300616.0,14013825.0,23342224.0,26772764.0
臺北市中正區汀州路二段２４４號五樓,25.02166499,121.52454,19499996.0,18016740.0,13412623.0,17597402.0,20076558.0,31340500.0,34161864.0
臺北市中山區南京東路一段１３２巷１８號九樓之３,25.05097998,121.526923,24999980.0,28173396.0,13405794.0,17452068.0,22125112.0,33013386.0,37207544.0
臺北市北投區尊賢街２４９巷２６號,25.11729802,121.505475,22000004.0,16977960.0,8648426.0,12727454.0,17073824.0,27176072.0,28022052.0
臺北市文山區秀明路二段３號八樓,24.99212402,121.574183,58600028.0,55789976.0,19749172.0,35367564.0,51861520.0,91919690.0,109164200.0
臺北市北投區尊賢街３０２巷３０號四樓,25.11805319,121.5082871,11900004.0,14558487.0,8173435.0,10776914.0,13360766.0,21073950.0,31564204.0
臺北市萬華區環河南路二段１７５巷５號四樓之１,25.03271598,121.492511,9250002.0,9410357.0,5061409.5,6904121.0,8281477.5,13342914.0,18322220.0
臺北市文山區景華街１２１巷１７弄３號,24.99674898,121.546036,18600002.0,16959090.0,8007950.5,11283128.0,16537694.0,26507780.0,29218798.0
臺北市中山區吉林路３６９號二樓之１８,25.065069,121.53051,8599999.0,8034954.5,3787835.2,5549268.0,7255004.0,11655067.0,22972142.0
臺北市中山區吉林路３９７號四樓,25.06580698,121.530533,20200010.0,16878222.0,9038966.0,13105744.0,16990594.0,26638496.0,33715924.0
臺北市信義區基隆路二段１４９號四樓之２,25.02688301,121.555634,29999978.0,25856764.0,10973697.0,17898162.0,22306042.0,36647256.0,38564330.0
臺北市大安區和平東路三段２１２巷２號,25.02253499,121.553953,59999984.0,42260860.0,18385268.0,27703298.0,39211096.0,77411960.0,93166190.0
臺北市中山區民生東路二段９３巷１５號十一樓,25.05862302,121.531057,66499996.0,57068896.0,23210812.0,38014124.0,53086724.0,90396960.0,117674300.0
臺北市大安區新生南路一段９７巷３號二樓,25.04120702,121.534087,87467630.0,59956510.0,21236360.0,34617536.0,54720292.0,94433570.0,99434000.0
臺北市內湖區安康路３５０號,25.06591301,121.612136,10800002.0,16047053.0,7548551.5,11233652.0,13351136.0,26085220.0,29341776.0
臺北市中正區同安街８０巷２７號,25.02234799,121.519242,23599994.0,21164220.0,8456065.0,12585606.0,18432776.0,27362168.0,31108352.0
臺北市北投區崇仁路一段７６號,25.12620002,121.501465,15700009.0,13622022.0,6756483.0,10030580.0,12056824.0,19485050.0,20698256.0
臺北市信義區松信路２２６號,25.0413744,121.5718266,14000013.0,16279313.0,8257006.5,11505053.0,14552796.0,24933836.0,34920668.0
臺北市松山區敦化北路４巷３１號,25.0500866,121.5455173,9999996.0,6563088.0,2870168.5,3085755.8,5134715.5,9236092.0,19920968.0
臺北市內湖區內湖路三段６０巷３１號,25.08848401,121.593077,44700010.0,45749304.0,17603242.0,31928416.0,39234890.0,69507144.0,71585070.0
臺北市文山區辛亥路四段７７巷９２弄９號,25.00877882,121.5612194,10999996.0,25002270.0,10623441.0,16265688.0,21951928.0,39384616.0,41619636.0
臺北市內湖區金湖路３２６巷３８號五樓之１,25.07406001,121.60364,36679984.0,32536854.0,12166438.0,20956826.0,26897090.0,48649096.0,59669024.0
臺北市士林區中山北路七段８２巷１０弄８號五樓,25.12074801,121.532032,27499980.0,24258328.0,12604945.0,18541876.0,27054068.0,40537510.0,70704410.0
臺北市大安區復興南路二段２１８號,25.02633819,121.5432281,67579950.0,31239816.0,20624090.0,28358316.0,29618024.0,49457736.0,58882480.0
臺北市北投區復興四路３０號,25.1425687,121.5007417,13700009.0,14792461.0,8248986.5,12339260.0,14033886.0,25006468.0,27581244.0
臺北市內湖區民權東路六段３９號,25.06903502,121.584562,18500014.0,21055990.0,10328260.0,14122982.0,19516256.0,31895912.0,33446462.0
臺北市萬華區西寧南路２９３號三樓,25.03872291,121.5063889,22000004.0,21383616.0,10063195.0,15320589.0,18883578.0,31057544.0,34746264.0
臺北市內湖區民權東路六段２９６巷１１號二樓之１,25.07217999,121.605819,17800012.0,16765764.0,7491580.0,11371492.0,13905564.0,24637756.0,28229176.0
臺北市萬華區武昌街二段１２４之２號五樓之２１,25.04536628,121.5037647,3999999.8,4621801.5,1658679.9,1811100.5,3915658.5,7060181.0,12773807.0
臺北市文山區仙岩路７０號四樓,24.99997501,121.550228,2600001.0,14371569.0,7156202.5,10757158.0,14017246.0,22072212.0,34466924.0
臺北市士林區天玉街７５巷８號,25.122595,121.530681,5000000.0,7979378.0,4781236.5,6167714.5,8421717.0,12554342.0,20862146.0
臺北市士林區通河東街一段１０５巷１弄９號,25.08563299,121.516386,9999996.0,18061984.0,8291537.5,11266956.0,17475718.0,28675688.0,28945224.0
臺北市中山區德惠街１２號九樓之５,25.06656198,121.523756,19199984.0,23397140.0,11678076.0,16397014.0,20087972.0,26188614.0,31492162.0
臺北市內湖區東湖路１１３巷９５弄６０號四樓,25.07296701,121.614961,14000013.0,11975622.0,7604832.0,10383170.0,14019814.0,23562662.0,31642626.0
臺北市大安區文昌街２５０巷２弄１０之３號,25.03193399,121.555519,2440000.0,2274835.5,910488.7,1371169.1,3427390.0,6485314.0,18497014.0
臺北市內湖區星雲街１５０巷４０號,25.07950599,121.596897,15000010.0,14964889.0,6393713.5,10645063.0,13001721.0,22165914.0,22977796.0
臺北市中山區林森北路６７巷８３號四樓,25.048172,121.527025,22480004.0,20580630.0,9528768.0,13967180.0,19620988.0,32150918.0,40732748.0
臺北市北投區三合街一段８２巷７６號三樓,25.128721,121.5046084,47628040.0,43873070.0,17357026.0,27724866.0,41318124.0,67929140.0,77557680.0
臺北市大安區信義路三段１０５號十四樓之８,25.03370002,121.53888,28500004.0,18787620.0,8317284.5,13310911.0,17720880.0,28913772.0,35386796.0
臺北市萬華區西昌街７５號二樓,25.04156199,121.500958,2699999.5,10714994.0,5761747.0,7788168.0,10089814.0,16621749.0,20931020.0
臺北市中山區龍江路３４２巷３８號五樓,25.065487,121.538919,187600.0,84040.06,278291.62,728232.4,2580318.8,5263279.0,16721182.0
臺北市文山區興隆路一段５５巷２７弄２８號,25.00463602,121.542165,15500001.0,15369555.0,7063514.5,10009767.0,14474620.0,24165504.0,24737960.0
臺北市萬華區民和街９８號十四樓之１,25.02549501,121.497558,32600028.0,33769020.0,25789140.0,33239202.0,39917868.0,67606380.0,81281460.0
臺北市松山區八德路四段７６５號十一樓之７,25.05117201,121.577941,13399991.0,12597782.0,5568926.0,9216682.0,11228725.0,18382112.0,20835186.0
臺北市大安區泰順街４０巷３０之４號,25.024234,121.529912,20829980.0,15747604.0,7411259.0,10881593.0,13845065.0,25278034.0,25729148.0
臺北市內湖區成功路二段５１０巷９號二樓,25.074101,121.589151,16670008.0,13864382.0,7226499.0,9323618.0,11405465.0,20064652.0,21067600.0
臺北市北投區中和街４９３巷３弄１２號,25.14446402,121.495528,18000012.0,16382228.0,9409370.0,11707158.0,15298047.0,25414752.0,29641760.0
臺北市北投區光明路２４２號三樓,25.1361148,121.508004,19600004.0,21980124.0,9706963.0,15768914.0,19843188.0,31728808.0,32390414.0
臺北市萬華區雙和街１１６號五樓,25.02775,121.500816,7000002.5,5493107.0,2725378.0,3268614.2,4615212.5,9278628.0,21766810.0
臺北市北投區大業路６３３號四樓,25.13718299,121.498534,29250024.0,30116360.0,12449803.0,19275314.0,28411698.0,48004790.0,51780176.0
臺北市北投區豐年路二段８０號二樓,25.135954,121.4955,13079997.0,9595356.0,6506389.0,8343039.5,9396493.0,15085281.0,15950168.0
臺北市大同區大龍街７９巷１８號五樓,25.06608702,121.516695,3999999.8,5970581.0,3468561.5,6073228.0,6304332.5,10691782.0,21937488.0
臺北市北投區中央北路三段１６８巷４號五樓,25.13737699,121.482006,7800001.5,10884396.0,7584841.5,9198768.0,10418760.0,19922184.0,21027334.0
臺北市中山區龍江路４１２巷４６號五樓,25.06747301,121.539045,9999996.0,15855865.0,9738897.0,12582150.0,15685612.0,25707124.0,37398508.0
臺北市中山區林森北路４１６巷１號,25.05979121,121.5250618,6150000.0,7293853.5,2689711.8,4336418.0,6020107.0,10095704.0,21502060.0
臺北市松山區光復北路８５巷３３號二樓,25.05057262,121.5595659,32500012.0,26212752.0,13264354.0,18657170.0,24337344.0,40343520.0,53018824.0
臺北市內湖區內湖路三段７２巷６３號五樓,25.08837002,121.591062,27999986.0,26109264.0,11877374.0,16999930.0,24016488.0,42072824.0,44929084.0
臺北市北投區行義路１４２號六樓,25.129857,121.528211,10300010.0,13722002.0,7501953.5,8609223.0,10815050.0,18362384.0,22281550.0
臺北市大安區和平東路一段１４１巷９號,25.02785599,121.530638,44649988.0,27919512.0,10664064.0,16107463.0,24481392.0,41940224.0,44692080.0
臺北市大安區四維路７６巷５號九樓,25.03444412,121.547637,59200044.0,47547344.0,20457700.0,35783920.0,53875120.0,78178500.0,116585200.0
臺北市中山區林森北路１０２號十二樓之１,25.050731,121.524835,9000001.0,8612729.0,3365560.0,6237621.0,8410087.0,13966301.0,16199400.0
臺北市大安區大安路一段１６巷８號六樓,25.04437399,121.545821,36299976.0,39696390.0,17884512.0,22044150.0,29043108.0,42858060.0,70818856.0
臺北市北投區大同街１８０號,25.136509,121.499144,12239989.0,13983947.0,7738689.0,11202926.0,14040258.0,24137912.0,27776472.0
臺北市信義區吳興街５８３巷２０弄１８號,25.02122401,121.569836,7500001.0,8489048.0,3743584.2,5139046.5,6803743.0,11131614.0,17534814.0
臺北市中正區八德路一段４３巷１０號三樓,25.04449901,121.531502,21480008.0,16734901.0,8604585.0,13121502.0,16033439.0,27741898.0,29346868.0
臺北市中山區中山北路一段５３巷４之２號四樓,25.04919799,121.521956,7999997.0,11016794.0,5956113.0,7948429.0,10087928.0,16687441.0,21341852.0
臺北市中山區民生東路一段７２號十二樓,25.05792699,121.526486,16999994.0,25264344.0,12794607.0,16341003.0,18856008.0,29206094.0,33335390.0
臺北市中山區長春路１００號六樓之４,25.05476198,121.52795,11849994.0,10890833.0,5620740.0,7579129.0,9930393.0,15419736.0,27085770.0
臺北市中山區中原街２２號六樓之１１,25.05670599,121.528735,8400003.0,7794313.0,2896069.0,4750394.0,6448464.5,10300245.0,19978882.0
臺北市萬華區環河南路二段２１號九樓,25.039177,121.497657,23500006.0,22299960.0,13543137.0,17787658.0,18483684.0,33485144.0,37765084.0
臺北市內湖區大湖山莊街１７６巷１８號二樓之６,25.08855939,121.5987959,24000004.0,23832228.0,10442952.0,15537118.0,18329632.0,28670112.0,32045676.0
臺北市信義區松勇路５３巷２８號,25.0340772,121.5715797,153429980.0,77360590.0,18545482.0,36520748.0,49837080.0,87141256.0,107194370.0
臺北市內湖區安康路４３４巷２０弄５８號五樓,25.06674102,121.616084,33500028.0,29788780.0,12823387.0,20650346.0,29966866.0,50717000.0,66975430.0
臺北市萬華區康定路１０５號十七樓之６,25.0392682,121.5020232,20380002.0,27373234.0,13218918.0,20388906.0,23499468.0,36763892.0,50158070.0
臺北市南港區忠孝東路六段３２巷３號三樓,25.04564,121.583425,31999990.0,23573990.0,10838612.0,14874283.0,22241084.0,33964292.0,37860504.0
臺北市士林區德行東路９０巷２１弄２號四樓,25.10662002,121.528227,25999984.0,20824896.0,12593698.0,16849114.0,22487680.0,36788936.0,54521516.0
臺北市松山區八德路二段３４８號,25.04773199,121.545319,19449998.0,17376834.0,9072648.0,14117434.0,16128429.0,27505804.0,40024144.0
臺北市中正區臨沂街３２巷２號二樓之５,25.039623,121.529612,19380010.0,24296946.0,9189929.0,17354476.0,19479292.0,29333604.0,32859036.0
臺北市內湖區成功路二段１１５巷７號十樓,25.065263,121.591498,25400020.0,40259810.0,17269352.0,26074724.0,34102624.0,52920624.0,60539696.0
臺北市文山區忠順街一段７０號,24.98423199,121.560808,11299991.0,12948389.0,6879526.5,9950054.0,12750926.0,20430520.0,28440704.0
臺北市中山區吉林路２３６巷１７號,25.059476,121.529496,4473332.5,8233550.5,3686923.2,5715682.0,7074888.0,10693700.0,17122318.0
臺北市松山區八德路三段１０６巷１號八樓之４,25.04763401,121.553755,15800014.0,11840798.0,5753522.0,8407833.0,11329882.0,18487668.0,34286810.0
臺北市中正區青島東路９號四樓之３,25.04379388,121.5226574,11949998.0,9891093.0,5356288.5,7149558.5,9065832.0,13855394.0,20608598.0
臺北市信義區松山路２０４巷３號九樓,25.04494099,121.577513,3930001.8,12684437.0,9570224.0,10608639.0,13383286.0,21825510.0,32633498.0
臺北市士林區延平北路五段１３６巷３５號,25.082371,121.511821,9000001.0,10548331.0,6233797.0,8139893.0,10092932.0,14670208.0,18394352.0
臺北市文山區興德路２０巷１０號,25.00078054,121.5562835,17199990.0,19694966.0,9611566.0,12307223.0,16392949.0,28626834.0,30460496.0
臺北市士林區前港街１１０巷２０號二樓,25.08439209,121.5183366,22000004.0,18024302.0,10489566.0,14853870.0,18836598.0,31968390.0,39124810.0
臺北市士林區芝玉路一段１９７巷２５弄１０號二樓,25.10677001,121.533712,12500008.0,12135359.0,6299158.0,9097393.0,11137391.0,18070910.0,24229888.0
臺北市大安區和平東路二段１７５巷２９號六樓之４,25.02666898,121.54194,18500014.0,13691650.0,8420070.0,11195877.0,13125907.0,22064932.0,41820800.0
臺北市松山區慶城街４６巷９號四樓,25.05517198,121.547369,5657498.0,4177863.5,2019222.9,2289769.0,5026074.5,8996706.0,24585696.0
臺北市文山區興隆路四段５８巷２４號二樓,24.985433,121.560236,10999996.0,18772862.0,9824983.0,13868006.0,18909744.0,30762236.0,45148484.0
臺北市大安區通化街３９巷４９弄９號,25.030979,121.555627,1499999.2,15749076.0,8153489.0,12886621.0,17752478.0,26036408.0,31077276.0
臺北市內湖區內湖路三段３２９巷４弄１０號三樓,25.088368,121.58563,9999996.0,12008399.0,6971329.0,9017958.0,11195236.0,17391788.0,17737686.0
臺北市士林區通河街５３號二樓,25.08024502,121.522491,14000013.0,11325538.0,5358761.5,7737892.0,10783740.0,16397327.0,20360538.0
臺北市中山區四平街８９號三樓,25.05371592,121.5350659,3349109.0,7371671.5,3857353.2,4992205.0,8078928.0,12267171.0,27197124.0
臺北市內湖區安康路４３４巷２０弄３０號七樓,25.06695199,121.615643,8550000.0,9266919.0,3404439.8,5043090.5,8865261.0,14331904.0,21687244.0
臺北市中正區廈門街１２３巷１２號,25.022919,121.518233,22100016.0,18949026.0,9711222.0,12881976.0,16509298.0,29215400.0,30000036.0
臺北市內湖區康樂街１８６巷１５號,25.07692398,121.620318,10199991.0,9503484.0,4100089.5,5680328.5,8634202.0,13549518.0,14464022.0
臺北市中山區北安路５５４巷１９號,25.080264,121.548998,37999988.0,24403908.0,12184645.0,18003102.0,24442666.0,40935636.0,53448724.0
臺北市大安區敦化南路一段２３６巷３１號,25.040679,121.546286,62099956.0,36517544.0,18026982.0,23619178.0,44056630.0,61302876.0,75644390.0
臺北市北投區光明路２４０之１２號六樓,25.13633001,121.50782,8500000.0,7885490.5,4253773.0,5954023.0,7532608.5,12093721.0,14651585.0
臺北市中山區松江路２８９之９０６號,25.06043171,121.5333825,30299986.0,30958006.0,13972696.0,16185101.0,23795980.0,37625028.0,40765236.0
臺北市中正區水源路１１１號九樓之１,25.02159701,121.5184347,24999980.0,28545702.0,13343295.0,20183142.0,26122114.0,43325890.0,56624460.0
臺北市松山區八德路四段７２巷１２弄１４號四樓,25.046957,121.559546,10349991.0,9683515.0,5408156.0,7126223.5,9628870.0,14606188.0,24952676.0
臺北市中山區雙城街１９巷８號七樓之１５,25.065328,121.524851,8799997.0,10344288.0,4958871.5,7446044.0,10130773.0,16803252.0,17646440.0
臺北市大安區仁愛路四段５０之２９號,25.03760062,121.5473785,23885016.0,12211680.0,7181094.5,10172674.0,11090839.0,17321110.0,29714158.0
臺北市士林區福國路５２號,25.10224102,121.523628,26799996.0,24636252.0,10538175.0,16597070.0,22059250.0,35963052.0,47352492.0
臺北市內湖區民權東路六段１３６巷４４號三樓,25.06679299,121.587625,2479999.2,2679233.2,1218522.2,1448917.5,4263992.0,7315372.0,17431276.0
臺北市信義區松山路１１９巷１２號三樓,25.047316,121.578843,20399992.0,17489222.0,8067218.0,13007848.0,16522686.0,26895244.0,27794704.0
臺北市南港區玉成街５２巷７號三樓,25.04805302,121.581245,16750006.0,12334742.0,6361163.0,8521842.0,11493867.0,18770606.0,23458044.0
臺北市中山區興安街７７號二樓之３,25.05640508,121.5432426,11149995.0,28190920.0,13165247.0,17168328.0,23598104.0,36383084.0,52716716.0
臺北市中山區北安路８２９號,25.08601309,121.5523454,19793330.0,14575519.0,7737360.5,12009361.0,13650815.0,21152154.0,23720758.0
臺北市中正區牯嶺街１０３號,25.02568499,121.51913,26799996.0,16099661.0,6550788.0,9839329.0,13530434.0,21873604.0,26067316.0
臺北市內湖區內湖路二段１０３巷１１９弄５２號七樓,25.084304,121.58181,22819994.0,23013278.0,11221253.0,15811681.0,20497070.0,34555456.0,47527130.0
臺北市萬華區萬大路１８７巷１弄１４號五樓,25.028441,121.501327,5399997.5,5942513.0,2511602.8,3357993.5,4695641.0,8531503.0,17406490.0
臺北市文山區興隆路三段２５５巷２９之１號二樓,24.992703,121.56052,18000012.0,23094186.0,12352188.0,16691165.0,22658220.0,36837876.0,48248230.0
臺北市內湖區康寧路一段１７３巷１１號,25.07915701,121.595748,31799996.0,30756252.0,12875688.0,19213758.0,25414122.0,43786544.0,53852516.0
臺北市內湖區麗山街３９３巷３之１號,25.08183201,121.572508,21000000.0,17183136.0,7909969.0,10930435.0,15975988.0,28305142.0,30177368.0
臺北市南港區研究院路三段２巷８號八樓,25.03628412,121.6163281,25999984.0,26895396.0,13338690.0,19098666.0,22940836.0,38074496.0,39534164.0
臺北市中山區吉林路４４７巷１２號三樓,25.06730202,121.531064,18999984.0,15339390.0,8306408.5,11341124.0,14750425.0,24090904.0,32716512.0
臺北市大安區和平東路二段１０７巷２３弄１７號,25.026212,121.541635,27199976.0,20474212.0,9003916.0,12277892.0,17635640.0,30009936.0,31020246.0
臺北市大安區復興南路二段１７１巷１８號,25.0274752,121.5446075,32799988.0,24964436.0,11973064.0,16872848.0,23410620.0,39427156.0,45134970.0
臺北市信義區忠孝東路四段５５３巷２２弄４１號四樓,25.04358899,121.563468,25800012.0,18250998.0,9122136.0,13557481.0,15628394.0,29555046.0,37465692.0
臺北市大安區羅斯福路三段３２５號七樓之１,25.017151,121.53221,13000010.0,10258621.0,4699763.0,7752251.0,10035613.0,15434449.0,30500552.0
臺北市中山區農安街１７６號六樓,25.06454898,121.534754,20000004.0,27690092.0,13848578.0,21975806.0,26488172.0,43977040.0,51811000.0
臺北市士林區文林路５００號,25.09661601,121.52432,26350000.0,17804800.0,10066843.0,14533822.0,16169611.0,26860024.0,29070876.0
臺北市松山區健康路１６６號八樓,25.05358298,121.55824,32710024.0,27405310.0,11482626.0,17334164.0,23221440.0,38369896.0,64936484.0
臺北市松山區復興北路１９１號九樓,25.055182,121.544327,61799948.0,39112572.0,18209098.0,30331096.0,47654210.0,78456050.0,127114010.0
臺北市萬華區康定路１０５號十三樓,25.0392682,121.5020232,13000010.0,18119402.0,8815301.0,13257373.0,16845578.0,29277430.0,35768292.0
臺北市士林區中山北路七段１４１巷４號六樓,25.12315701,121.531816,24799990.0,26202254.0,14879589.0,16757835.0,23116264.0,39363664.0,55222204.0
臺北市大同區寧夏路１６５號五樓之９,25.06155501,121.514243,20500002.0,17759082.0,9427963.0,14000627.0,16680726.0,29193006.0,38604732.0
臺北市信義區吳興街１７９號四樓,25.02862,121.562442,10100000.0,9217807.0,4117181.0,5736816.0,8670484.0,13747440.0,24074644.0
臺北市文山區汀州路四段２５５號四樓,25.00177469,121.5362812,16999994.0,16287730.0,8772195.0,12710714.0,16256197.0,26375998.0,36470490.0
臺北市中山區民生東路二段９３巷１９號,25.05873701,121.531054,41799988.0,41268110.0,17143590.0,26375948.0,35658828.0,66405444.0,74641420.0
臺北市松山區民權東路三段１６６號八樓,25.06160702,121.548505,2400000.5,8696910.0,5603693.0,8234312.0,11065441.0,18554328.0,31828940.0
臺北市中山區新生北路二段６８巷８號,25.05669011,121.5266692,26499996.0,28504842.0,11365247.0,19499514.0,24178460.0,41587816.0,43258180.0
臺北市信義區松德路２３３號四樓,25.03470002,121.575012,24580022.0,20217780.0,9433144.0,13679042.0,17931342.0,30471770.0,36823824.0
臺北市大同區重慶北路三段２２３巷２３弄８號四樓,25.070894,121.515044,11180000.0,8915054.0,5018196.0,6794470.5,10066458.0,16069933.0,25568540.0
臺北市內湖區民權東路六段１９１巷５６號二樓,25.06932658,121.5985339,24899998.0,20367374.0,9023171.0,14021177.0,19108066.0,27491956.0,29026384.0
臺北市信義區吳興街６００巷１００弄１８號二樓,25.01756502,121.572149,14799996.0,18208370.0,8385268.0,13344415.0,15916557.0,20094832.0,26181222.0
臺北市士林區文林路７６５號六樓之９,25.1032924,121.5189652,25999984.0,22204124.0,10305532.0,14261469.0,19391288.0,31145932.0,36917290.0
臺北市中山區中山北路一段５３巷３號,25.04931399,121.522051,10600002.0,30641370.0,13836380.0,20862942.0,29253092.0,56692650.0,63553336.0
臺北市中正區羅斯福路三段１２８巷１９號,25.02040301,121.526751,40200036.0,22029608.0,10360756.0,14885209.0,20369704.0,33735290.0,42525750.0
臺北市文山區興隆路三段３００號七樓,24.993142,121.558781,5000057.5,12529248.0,6958622.0,10305826.0,13151770.0,21171326.0,24476816.0
臺北市中山區新生北路二段１３７巷１７號三樓,25.061381,121.528417,13000010.0,12169641.0,6048478.0,8649482.0,11138772.0,18104340.0,25080888.0
臺北市大安區敦化南路二段８１巷５３號四樓,25.03002698,121.550789,33500028.0,25259430.0,13611893.0,16258151.0,20915056.0,31848008.0,53942572.0
臺北市大安區復興南路一段１０３號四樓之６,25.04375,121.544039,9500005.0,9724048.0,4339404.5,6479373.0,8080122.5,12632816.0,31546148.0
臺北市內湖區金湖路３４７巷６６號,25.07427798,121.599753,34500010.0,25422558.0,11403877.0,16710341.0,21507968.0,36758496.0,42833464.0
臺北市大安區忠孝東路四段２１６巷１９弄６號六樓,25.04023602,121.553448,39200028.0,40379624.0,19970194.0,28175438.0,37937344.0,50346508.0,80566510.0
臺北市中山區四平街１７號三樓,25.05376399,121.530933,28500004.0,29934304.0,12703177.0,16003894.0,22006174.0,41125890.0,51906450.0
臺北市北投區中和街５０２巷１３弄５號一樓,25.14738,121.494128,3999999.8,7691086.0,5569951.0,5666823.0,7063642.5,12265112.0,14904499.0
臺北市中正區臨沂街７５巷１７號五樓,25.03472898,121.529045,16999994.0,12038395.0,5727228.0,8643281.0,12525020.0,19952034.0,32055214.0
臺北市文山區辛亥路四段７７巷９２弄１１號九樓之６,25.00875748,121.561276,12049996.0,12914623.0,5848353.0,9172593.0,11662584.0,18817350.0,19325490.0
臺北市松山區南京東路四段５３巷７弄２號二樓之２,25.05294801,121.551034,18999984.0,20333372.0,8404843.0,14500816.0,17299154.0,29092676.0,31889160.0
臺北市內湖區康樂街７２巷１７弄８３號三樓,25.07113498,121.616941,16199987.0,14353050.0,7635543.0,11163891.0,12763822.0,22227938.0,27141830.0
臺北市北投區稻香路１６１巷１號三樓之２,25.142211,121.488969,16500011.0,20411202.0,13156662.0,15001698.0,18144822.0,32012566.0,35247556.0
臺北市信義區吳興街１５６巷２２弄１７號,25.02878399,121.560262,25249988.0,17029428.0,8118604.0,12145849.0,16890880.0,28232298.0,28326800.0
臺北市北投區新興路１５８巷１７號三樓,25.13896,121.486018,5000000.0,9815505.0,6400009.0,8818420.0,9632121.0,13983627.0,16141170.0
臺北市萬華區中華路二段４１６巷８０號十二樓之３,25.02731359,121.5034581,47599976.0,49396268.0,24133998.0,39599292.0,53369164.0,80656920.0,100906290.0
臺北市大安區臥龍街１９５巷２１號二樓,25.01850199,121.55303,18500014.0,13904477.0,6449338.0,9266672.0,12869672.0,20064194.0,20610248.0
臺北市松山區新東街１２巷１１號四樓,25.05784698,121.566868,25999984.0,19555904.0,9461704.0,12122034.0,18276776.0,28843874.0,33065502.0
臺北市萬華區環河南路二段１７５巷１號八樓之１,25.03277901,121.49243,8880002.0,10020560.0,6066461.0,7023272.5,7820954.5,14299111.0,20940604.0
臺北市中山區南京東路三段８９巷２７弄１０號九樓,25.05372061,121.5382156,31379976.0,30563156.0,13980186.0,21938616.0,27372816.0,44496788.0,63500264.0
臺北市內湖區成功路四段１８２巷６弄４５號十二樓之３,25.0834363,121.5927162,33800016.0,27951428.0,13162385.0,17220080.0,24610232.0,39248430.0,45919600.0
臺北市士林區仰德大道三段１２５巷５弄１１號三樓,25.12088099,121.550795,17319986.0,17310706.0,10473212.0,12843238.0,14963405.0,24151772.0,29882278.0
臺北市萬華區成都路６７號八樓之１６,25.04292799,121.505704,4199999.0,6939443.5,2426633.5,3796692.2,6158545.0,10207289.0,12336224.0
臺北市信義區信義路五段１１７號,25.03334999,121.5739149,20160018.0,17470584.0,8239394.5,12718475.0,14485253.0,24361030.0,25468858.0
臺北市內湖區成功路二段４２６巷６６號四樓,25.07001201,121.58796,11199999.0,13173988.0,6435256.0,9440289.0,12371451.0,18541876.0,19258154.0
臺北市內湖區安泰街８７號四樓之１,25.07668799,121.6169261,24749994.0,26105328.0,12672201.0,18666354.0,24486062.0,33608956.0,41826224.0
臺北市大安區安和路二段１６９號十二樓,25.02822601,121.55017,40000028.0,29782702.0,12570876.0,20786996.0,28955826.0,44364250.0,57242776.0
臺北市內湖區成功路五段３９８號十七樓之１,25.07622158,121.6074267,54000012.0,43407530.0,14236791.0,29116324.0,40156050.0,62974864.0,76004070.0
臺北市內湖區內湖路一段２０３巷１１號四樓,25.08420702,121.563656,11299991.0,10487025.0,4184363.0,5891968.0,9288083.0,14819544.0,20622360.0
臺北市大安區羅斯福路三段２７３號八樓之１,25.01854269,121.5307475,37599990.0,33188648.0,13567156.0,22568290.0,32924594.0,50493360.0,77757340.0
臺北市信義區松德路２５巷５０號,25.038062,121.577424,26799996.0,20832364.0,10247572.0,13046037.0,17194776.0,28099122.0,34292236.0
臺北市大安區忠孝東路四段１７７號十四樓之１,25.04168399,121.550593,22260012.0,22666344.0,16063038.0,18646142.0,20401044.0,30863438.0,33587040.0
臺北市中山區林森北路１４７號七樓之３,25.05150699,121.525349,6000000.0,7048670.0,2533770.0,3825160.2,5939913.0,9951136.0,17538126.0
臺北市松山區延壽街３３０巷１７弄８之１號十樓,25.054694,121.560984,34500010.0,25799618.0,12189178.0,17834064.0,26451416.0,41299770.0,61969564.0
臺北市文山區興隆路三段３０４巷９１之３號,24.99530202,121.556201,18279984.0,19634240.0,9771794.0,16026651.0,17800386.0,29443302.0,30618234.0
臺北市內湖區新明路３８０巷６弄７號,25.05549301,121.579738,21699988.0,18329106.0,8774521.0,12190526.0,16742500.0,29098336.0,35678624.0
臺北市松山區八德路三段１２巷５３弄１８號,25.04567101,121.551368,15600012.0,13402368.0,5998593.0,9511427.0,12343214.0,21997528.0,22953440.0
臺北市北投區溫泉路６８巷１０號三樓,25.13469399,121.50575,17880010.0,24867488.0,12368784.0,17689676.0,22450738.0,36738308.0,41467340.0
臺北市萬華區康定路１０５號十樓,25.0392682,121.5020232,13060004.0,16949162.0,8232364.5,13194483.0,15788838.0,26161804.0,35402996.0
臺北市中山區合江街１８０巷２號四樓之１,25.06101798,121.539083,22000004.0,17867260.0,8540156.0,11465621.0,16615029.0,25916360.0,34256084.0
臺北市松山區八德路三段１６５號九樓之１,25.048187,121.555411,6000000.0,11882608.0,5039287.5,7466715.5,11014777.0,17142250.0,26880576.0
臺北市文山區汀州路四段２８５號五樓,25.00148295,121.5355503,27299978.0,32958900.0,13500608.0,21761912.0,26414914.0,43877840.0,48127644.0
臺北市士林區士東路４６巷３７號二樓,25.11087501,121.528131,25600016.0,24691620.0,13156286.0,18451136.0,25117894.0,41408776.0,68809350.0
臺北市南港區經貿二路２３５巷６０弄２８號二樓,25.06227291,121.615562,42199970.0,39205110.0,13450821.0,23867710.0,32312542.0,61440890.0,70528904.0
臺北市內湖區環山路一段１３６巷１２弄１７號,25.08701998,121.5687233,21000000.0,26000232.0,11730538.0,17653206.0,23060336.0,37781440.0,42883980.0
臺北市北投區公路１５９巷１號五樓,25.1323027,121.5026806,11999996.0,13005242.0,10170967.0,10881220.0,11289026.0,19039236.0,23118204.0
臺北市內湖區五分街９１號八樓之１,25.067327,121.6156697,9299996.0,8619870.0,3208862.0,4913350.5,7994277.0,12659760.0,19477360.0
臺北市信義區吳興街３６８巷１之２號二樓之１,25.02508602,121.566708,10999996.0,9845205.0,3857397.2,5753132.0,8586985.0,14309506.0,22222724.0
臺北市萬華區國興路１巷１１號四樓之２,25.02352099,121.509121,10399997.0,10257447.0,5449730.5,7675552.0,9901267.0,15965661.0,20333836.0
臺北市大安區光復南路６２６號十樓之３,25.03178458,121.5572752,24379996.0,22969338.0,10627717.0,14982882.0,19934080.0,31688648.0,48365250.0
臺北市萬華區青年路１６８巷３７號三樓,25.01987499,121.501842,5000000.0,5415779.0,3707037.5,5177989.0,6092557.0,9634840.0,16809664.0
臺北市萬華區武昌街二段１２４之２號五樓之２,25.04536628,121.5037647,7800001.5,8249096.5,3995478.0,6137754.0,6954443.0,10756419.0,14849762.0
臺北市北投區中和街４９３巷１６弄１２號五樓,25.14427702,121.494059,13550010.0,12655390.0,8403152.0,9585917.0,11846649.0,20278644.0,27489440.0
臺北市萬華區青年路１０６巷３０弄２８號,25.02304201,121.502326,5000000.0,5882132.0,2449872.5,3392477.0,5026055.5,8395919.0,16778368.0
臺北市南港區重陽路４９１號二樓,25.06109099,121.612036,28500004.0,24332100.0,10823634.0,16221384.0,19859318.0,31400394.0,35164024.0
臺北市萬華區民和街１００號十一樓之３,25.02548299,121.497528,32999976.0,38537710.0,22706110.0,31722938.0,41289450.0,75976670.0,98885900.0
臺北市文山區景華街８２巷２弄８號,24.99486699,121.544991,16699986.0,16166219.0,7829380.0,11509794.0,16250803.0,25459048.0,26663048.0
臺北市中山區通北街１２２號,25.08610137,121.5362297,25860020.0,20138996.0,11160655.0,16093797.0,20873292.0,36036660.0,38907068.0
臺北市士林區劍潭路１６號三樓之５,25.08391001,121.52388,13049994.0,12720513.0,4716825.5,7340257.5,10685136.0,17201566.0,23392722.0
臺北市信義區忠孝東路五段７９０巷５７弄２６號三樓,25.04099299,121.584436,19499996.0,15022973.0,7700884.5,10415144.0,14337126.0,22220392.0,22703902.0
臺北市中正區詔安街２２０巷１號六樓,25.02618501,121.509267,24000004.0,20984064.0,12557360.0,18262490.0,22013730.0,40858650.0,56315016.0
臺北市士林區忠義街１１３之１號六樓,25.10713299,121.532686,24799990.0,22025994.0,12944463.0,16568224.0,21822096.0,38316216.0,51228870.0
臺北市中山區八德路二段８８巷２號三樓,25.04541901,121.535794,21000000.0,14993803.0,6966803.0,10126638.0,13750586.0,23337416.0,25677722.0
臺北市文山區景福街５４巷５弄７號二樓,24.99964099,121.537513,25999984.0,24918004.0,11801184.0,17126204.0,21145136.0,34334252.0,48997096.0
臺北市內湖區文德路５４號六樓,25.07830972,121.5811094,24999980.0,25849762.0,11705327.0,17140780.0,22767344.0,38089170.0,55584770.0
臺北市大安區大安路一段２０２號九樓之８,25.03499502,121.545865,17800012.0,15535192.0,6592955.0,10337168.0,13937587.0,20306242.0,26390238.0
臺北市北投區大業路６３５號四樓,25.13718199,121.498571,26750000.0,26922856.0,11510892.0,17072456.0,23899780.0,40924944.0,45703600.0
臺北市大安區新生南路三段２３號七樓,25.02469299,121.534947,35500028.0,33702424.0,16995260.0,27128476.0,29577660.0,54481080.0,61573220.0
臺北市中山區錦州街３０巷１２號十一樓,25.05953899,121.524662,7500001.0,9160931.0,3399135.5,5798520.0,8326252.5,14286135.0,17417550.0
臺北市文山區興隆路三段８０號,24.99973701,121.55652,18099990.0,17350770.0,8241807.0,11704389.0,15093138.0,24746880.0,25354376.0
臺北市中正區杭州南路一段１０１巷２６之１號三樓,25.03736798,121.526862,30699986.0,20272728.0,9032607.0,13578313.0,17464254.0,28244956.0,39100788.0
臺北市中山區長春路３６８號十二樓之２,25.05442302,121.542666,3750001.8,7506111.5,2514992.0,4495833.0,7413903.0,13550320.0,23767132.0
臺北市內湖區成功路四段３０巷１６號七樓,25.08231899,121.591468,15999987.0,14717376.0,8130257.5,10551953.0,13811042.0,22465088.0,32709212.0
臺北市文山區辛亥路四段２０９巷１８號八樓,25.00234801,121.555666,47599976.0,41765720.0,16813800.0,23897228.0,34230548.0,57374056.0,63329840.0
臺北市內湖區金龍路２２２巷２號三樓,25.08776899,121.586574,14300011.0,11085488.0,5863286.0,8662161.0,10809069.0,16565349.0,20401860.0
臺北市文山區辛亥路四段７７巷９２弄１２號,25.00817498,121.56135,28200008.0,28974720.0,12393084.0,19200094.0,26756888.0,51906744.0,56163230.0
臺北市士林區忠誠路一段１７１巷４號二樓,25.107213,121.530639,31999990.0,29241824.0,13055198.0,19387516.0,29237474.0,48091764.0,73901816.0
臺北市松山區八德路四段７２巷１４弄１１號二樓,25.04657198,121.559669,22580002.0,17992426.0,9961637.0,14438444.0,16007527.0,27691940.0,29513980.0
臺北市中山區長安東路二段２０８號七樓之１,25.04818499,121.541917,45079990.0,29176140.0,13479174.0,20561050.0,27177626.0,42229190.0,56233120.0
臺北市信義區松仁路３０８巷９３號,25.02039848,121.5707818,44379988.0,26011342.0,11124292.0,17867636.0,23790808.0,41890816.0,46518700.0
臺北市大安區新生南路二段３０巷２５號三樓,25.03126398,121.530637,33500028.0,24923044.0,11780089.0,16332029.0,21048562.0,33498112.0,41262840.0
臺北市中山區松江路２２１巷７號六樓,25.05845408,121.534559,42999960.0,32598724.0,13979200.0,21097800.0,30752614.0,52008920.0,70794690.0
臺北市文山區景興路３９之２號三樓,24.99736099,121.544881,21800008.0,18407164.0,9579958.0,13197756.0,18421388.0,30100338.0,52858580.0
臺北市萬華區康定路１０５號九樓之６,25.0392682,121.5020232,18600002.0,19283552.0,10603683.0,14402248.0,17623870.0,28607402.0,33582172.0
臺北市內湖區瑞光路７巷８號,25.06947511,121.5833814,24200006.0,25263092.0,11866844.0,18317260.0,19461912.0,33128124.0,33161314.0
臺北市大安區安東街４０巷１９號,25.044189,121.541387,10850008.0,8657602.0,3876936.5,6108690.5,8651957.0,13493708.0,28249266.0
臺北市大安區信義路二段５２號十二樓之６,25.03449898,121.525826,18540000.0,16766851.0,7116036.5,12189131.0,15091842.0,24035692.0,27679530.0
臺北市松山區敦化北路１６５巷４８號,25.05456798,121.552538,28800004.0,20666658.0,9696952.0,16383196.0,22811900.0,33793504.0,35994276.0
臺北市北投區新興路７０巷１號,25.141082,121.487911,16999994.0,20601130.0,10181060.0,14629552.0,21588688.0,37182924.0,40266570.0
臺北市北投區溫泉路３７巷２８號二樓,25.13384301,121.503422,10100000.0,14380316.0,6315880.5,11056960.0,13037380.0,20189956.0,25754778.0
臺北市士林區德行東路３５８巷２４弄６號四樓,25.10948998,121.539305,26100002.0,24843120.0,15743280.0,16091096.0,23470890.0,39930660.0,52685556.0
臺北市中山區民生東路一段７０巷１２號,25.05725899,121.526349,10060009.0,11103306.0,4843491.0,6976497.0,9944002.0,16880862.0,26751938.0
臺北市松山區八德路四段６３６號十樓之１,25.049832,121.574493,17860002.0,16951394.0,7527330.5,12693852.0,14850244.0,24711220.0,27846760.0
臺北市大安區大安路二段３巷５３號十二樓,25.0314341,121.5468105,79999944.0,77816104.0,30044242.0,52318844.0,71657064.0,127255680.0,196092510.0
臺北市中山區復興北路３８０巷２０號,25.06092498,121.54303,3600001.5,11850356.0,5656861.0,8104950.0,10667827.0,17460390.0,21372648.0
臺北市中山區民生東路三段２８號七樓,25.05760202,121.539382,330000.0,67739.33,512378.6,906390.0,3637428.0,7367714.5,30482930.0
臺北市信義區富陽街２１巷６弄２０號四樓,25.02234602,121.556716,17800012.0,15668090.0,8336883.5,11071521.0,16475136.0,22722704.0,27600610.0
臺北市文山區政大二街９９巷１８號,24.988483,121.582752,12599994.0,18710376.0,11480108.0,13150064.0,14840220.0,28537046.0,28564602.0
臺北市大安區敦化南路一段２３３巷３１號四樓之１０,25.040514,121.551043,14150000.0,12317532.0,7414023.0,9111111.0,13017056.0,16600489.0,26387018.0
臺北市文山區木柵路二段１０９巷２７弄１１號二樓,24.99042798,121.562848,16480008.0,16273756.0,9553354.0,11900776.0,15016298.0,27231020.0,31981014.0
臺北市北投區新興路１５８巷１５號四樓,25.13890602,121.486065,13000010.0,10446658.0,6986650.5,9524244.0,10326487.0,16395982.0,17278610.0
臺北市中正區羅斯福路三段１２８巷２０號,25.02009799,121.527554,15270002.0,14576798.0,6836667.5,10779010.0,12546060.0,21747886.0,23722930.0
臺北市內湖區內湖路三段３２６巷３弄３之１號,25.08976112,121.5839316,10580006.0,9519231.0,5686323.0,7452594.0,9223435.0,14650662.0,18196704.0
臺北市信義區忠孝東路五段５２４巷４號四樓之１,25.04087899,121.579468,24499984.0,19086176.0,11081028.0,13809882.0,18888836.0,29109160.0,41431370.0
臺北市大同區民權西路１５３號十樓之１０,25.06314501,121.516434,14110004.0,14812083.0,7415175.5,12250663.0,14362718.0,23712164.0,29838652.0
臺北市大安區大安路一段２０４號七樓之１,25.03477332,121.5458995,17700004.0,14470783.0,6268368.0,9976982.0,13593498.0,20196850.0,29224762.0
臺北市大安區文昌街９５號四樓,25.03277101,121.551861,36999976.0,31625852.0,16374199.0,21107096.0,26497974.0,42328864.0,54852270.0
臺北市內湖區內湖路三段６０巷１２弄１６號五樓,25.08831302,121.591882,13320003.0,15428886.0,8511649.0,10180826.0,13745709.0,22873854.0,25859724.0
臺北市中山區林森北路１０７巷３號五樓之２,25.05033101,121.525429,14949997.0,20114350.0,10469637.0,15542513.0,17021148.0,26747960.0,28795282.0
臺北市大安區大安路一段１１７號,25.03948998,121.546168,68879990.0,40345212.0,17722368.0,25293420.0,43733130.0,65108252.0,84516440.0
臺北市中正區汀州路三段１５３號三樓,25.01583931,121.531316,23500006.0,18954160.0,9684604.0,13762892.0,18045662.0,32564606.0,34424810.0
臺北市北投區中央北路四段１３８巷３號,25.1337364,121.4759289,16199987.0,13439127.0,9638572.0,11635521.0,14516286.0,23785680.0,25107164.0
臺北市士林區德行東路３１號四樓,25.1077642,121.5286842,17849990.0,18519396.0,8976480.0,15261326.0,17084768.0,27921696.0,52968690.0
臺北市內湖區內湖路三段３２９巷８之１號,25.08830732,121.584868,15210006.0,13316370.0,6920489.0,9573090.0,12024901.0,20872376.0,22522622.0
臺北市松山區敦化北路２２２巷１９號,25.05959201,121.548176,48680010.0,32669620.0,12593194.0,19376276.0,26995256.0,49546960.0,61059104.0
臺北市松山區民權東路三段１０６巷３弄４４號,25.061137,121.548668,15000010.0,27218608.0,10619734.0,15401101.0,23535802.0,39065828.0,43432704.0
臺北市南港區玉成街１６６巷１６號五樓,25.04426101,121.583672,22799980.0,18125002.0,8926199.0,11590202.0,16128645.0,25649478.0,34175096.0
臺北市內湖區民權東路六段１８０巷５４號六樓,25.066997,121.592528,38330030.0,31456322.0,11717143.0,17215482.0,29327340.0,42956760.0,44380496.0
臺北市大安區敦化南路二段４６號五樓之１４,25.03123699,121.548312,20000004.0,12344933.0,6765871.0,9155044.0,11311484.0,18303604.0,30913104.0
臺北市萬華區西園路二段３２０巷３６弄３５號五樓,25.02696901,121.490797,4900000.5,4386220.5,2478954.0,3086241.2,4088138.0,7384146.5,14936943.0
臺北市大安區新生南路一段１４５巷１６之２號,25.03566499,121.534029,39000012.0,28819568.0,11142979.0,18933492.0,27824566.0,44633724.0,56588720.0
臺北市士林區福壽街２７號,25.09616301,121.525524,24479992.0,10778373.0,4975104.5,8323902.0,10631752.0,18505660.0,20011222.0
臺北市士林區中正路２０１巷２６號,25.09429099,121.527054,40000028.0,22873244.0,13598736.0,19978080.0,23220552.0,36025110.0,41699176.0
臺北市北投區中央北路四段５３０號,25.1284913,121.4679756,11999996.0,21823096.0,10714913.0,17369610.0,22539768.0,43547260.0,44936456.0
臺北市文山區羅斯福路五段１７０巷３弄１號四樓,25.00447999,121.538156,22900004.0,17301562.0,9618737.0,12417882.0,16610244.0,28655460.0,41979280.0
臺北市信義區基隆路一段１４７巷１３號四樓,25.04252101,121.566386,13000010.0,8486951.0,4880515.5,6175059.5,8693543.0,13059954.0,23124908.0
臺北市大安區新生南路一段１５１巷１６之１號,25.03526768,121.5343621,33800016.0,22918968.0,10471055.0,16273198.0,23900328.0,36896310.0,41528444.0
臺北市內湖區內湖路一段９１巷２９號,25.087059,121.562799,15000010.0,16393418.0,8255833.5,10297279.0,14351572.0,24909880.0,25012144.0
臺北市士林區中山北路七段１１４巷４１弄１１之１號,25.124269,121.534788,23800020.0,26068508.0,13306367.0,16337481.0,23145560.0,39373350.0,56813020.0
臺北市文山區興隆路二段２５３號,25.001957,121.551614,13680007.0,14882370.0,7278656.5,12675706.0,14770639.0,23815552.0,27853770.0
臺北市松山區南京東路五段３８９巷５弄５號五樓,25.05204901,121.56952,11549994.0,13653653.0,5421768.5,8887466.0,11827458.0,19496278.0,24217228.0
臺北市內湖區麗山街８０號,25.08279601,121.5787,24499984.0,18408286.0,9480420.0,11957112.0,16828108.0,28280372.0,37836250.0
臺北市士林區大南路２７５號三樓,25.08865701,121.519354,13499990.0,13112670.0,7236643.5,10754326.0,13105169.0,22059124.0,24282676.0
臺北市大同區重慶北路三段８８號六樓之１,25.06642699,121.513462,29200024.0,24334512.0,10832536.0,14403182.0,22065604.0,37113136.0,38378680.0
臺北市中正區泉州街３４巷１１號,25.024852,121.512421,19800014.0,16452809.0,7935046.0,10392958.0,13961214.0,23064384.0,24885328.0
臺北市北投區中央北路一段１８０巷１號六樓之３,25.135991,121.497976,12500008.0,16047298.0,7563323.5,10303625.0,14334638.0,25002460.0,30589398.0
臺北市信義區吳興街６００巷７６弄２０號六樓之１,25.01845971,121.5704981,24999980.0,26930868.0,12389752.0,18734766.0,24089342.0,35107660.0,39347676.0
臺北市中山區林森北路２８９號九樓之１,25.05560499,121.52558,17500000.0,17006708.0,9333404.0,10826731.0,13004672.0,24317764.0,29493382.0
臺北市士林區德行東路３５８巷２３弄３號四樓,25.109716,121.539653,23500006.0,22688578.0,12461230.0,14992201.0,22692688.0,36894550.0,44784920.0
臺北市南港區舊莊街一段２１２巷１８號二樓,25.03828253,121.6221468,15600012.0,19473200.0,8063633.5,14158584.0,14617336.0,18425534.0,27468790.0
臺北市萬華區漢口街二段８８號,25.04615301,121.504393,11400006.0,13979413.0,8156615.5,12698017.0,12735224.0,19539908.0,23568776.0
臺北市萬華區康定路４６巷９號,25.04327198,121.502026,2440000.0,4385108.0,1557675.9,1854394.4,4109809.8,7439450.0,16571037.0
臺北市北投區天母西路１２０巷３９號十六樓,25.117892,121.522967,86800030.0,106420030.0,31233322.0,69985120.0,96778150.0,181916130.0,265651920.0
臺北市中正區延平南路１５２號五樓,25.03875502,121.508181,84579980.0,71060110.0,21482424.0,39985840.0,54658332.0,105743020.0,114654310.0
臺北市信義區基隆路一段１９號十二樓之１,25.04844768,121.5692789,23380010.0,21365394.0,11032691.0,15479852.0,18445506.0,30065796.0,37364572.0
臺北市北投區行義路１８６巷５２號三樓,25.13336998,121.530513,10600002.0,12402046.0,6872149.5,8053274.0,10224495.0,17393414.0,22760180.0
臺北市內湖區文德路１００號,25.07830398,121.582872,9299996.0,8602452.0,3557517.2,5205151.0,7877395.5,13314694.0,19277006.0
臺北市松山區市民大道四段３９之２號九樓,25.04515104,121.5448219,164260100.0,156922340.0,66508748.0,79776260.0,112268050.0,171289570.0,191443400.0
臺北市文山區景豐街５２號三樓之２,25.00043601,121.545899,23700000.0,24409216.0,11053565.0,15735444.0,22943810.0,37325324.0,49931944.0
臺北市北投區溫泉路６５巷１０號五樓之５,25.13551902,121.504398,15679988.0,14669928.0,7479793.5,10830924.0,12374000.0,21153404.0,22743648.0
臺北市內湖區環山路二段１０９巷３弄１０號三樓,25.08393519,121.5755705,16999994.0,16143972.0,8936130.0,11410186.0,14733948.0,25267670.0,37438692.0
臺北市內湖區潭美街１３１號二樓,25.05386398,121.580239,19700000.0,20827120.0,9371757.0,13556576.0,17984878.0,31060920.0,35058412.0
臺北市大同區迪化街二段４２０號,25.07401601,121.51195,13000010.0,15467721.0,7928003.5,10986808.0,13325848.0,22620780.0,24303944.0
臺北市萬華區青年路１６８巷２弄４３號三樓,25.01985701,121.501439,5299998.0,4932059.0,3097921.5,4336145.0,5485752.0,8993978.0,16842720.0
臺北市中正區臨沂街３巷１號三樓,25.04342101,121.530964,43559970.0,25746674.0,9662556.0,15517039.0,20833756.0,37191370.0,41492264.0
臺北市松山區延壽街１１號,25.057411,121.568607,4879999.0,4902665.0,1086950.6,1736758.9,3654901.2,7139372.0,13786749.0
臺北市中山區林森北路４１３號十一樓之３,25.05976199,121.525709,13850004.0,15601113.0,8234414.0,9153752.0,11676829.0,22219800.0,29050422.0
臺北市內湖區成功路四段１６８號九樓之２,25.083219,121.593023,11999996.0,9434835.0,4175760.2,6070448.5,9142062.0,14962235.0,19117034.0
臺北市中正區汀州路二段８５號十八樓之３,25.02549099,121.51766,50299956.0,44445132.0,18864930.0,30095172.0,39724036.0,58076056.0,80687540.0
臺北市中山區吉林路４３３巷２９號三樓,25.06706401,121.532173,21300006.0,16760840.0,8691935.0,11963727.0,17540434.0,26171686.0,29453582.0
臺北市內湖區康寧路一段１５６巷３２弄２１號二樓,25.07747669,121.5941029,15400014.0,13528834.0,6448009.5,9669838.0,11808051.0,19072856.0,21826552.0
臺北市士林區中山北路六段３５巷４４號五樓,25.10260802,121.524559,18000012.0,13769115.0,7627625.0,10434869.0,13820475.0,23694712.0,30421246.0
臺北市松山區南京東路五段２９１巷４４弄３１號五樓,25.05359899,121.565373,19100014.0,13659852.0,7895506.5,10283520.0,13162560.0,21873312.0,27828122.0
臺北市大同區承德路二段１３９巷９號二樓,25.05776999,121.518679,11999996.0,15186352.0,7016049.0,9568891.0,12984720.0,21390796.0,26479888.0
臺北市大安區光復南路３０８巷２５號五樓,25.03878301,121.556471,49979964.0,48801884.0,20686180.0,30612512.0,45788588.0,70408744.0,102909040.0
臺北市松山區南京東路三段３０３巷８弄６號,25.05274299,121.547229,16500011.0,15445345.0,7609649.5,10228884.0,12963142.0,22064468.0,29015424.0
臺北市萬華區康定路２４號十樓之１３,25.04489501,121.502876,12059998.0,11227226.0,6577549.5,7732433.0,10534397.0,17602470.0,19754408.0
臺北市文山區新光路一段６５巷３８號九樓,24.99067701,121.575434,31999990.0,35822024.0,15108663.0,21688236.0,30854962.0,55414230.0,69605580.0
臺北市松山區八德路四段２４５巷５２弄５０號五樓,25.05026601,121.563073,25999984.0,20326972.0,9894320.0,13387448.0,19203280.0,32401598.0,48588544.0
臺北市中正區詔安街５３號三樓之１,25.02563987,121.511784,17500000.0,23148650.0,11778112.0,17730212.0,20545762.0,35228870.0,41834684.0
臺北市中正區臨沂街５７巷３１號,25.03760301,121.530931,59500028.0,23962268.0,11819317.0,16282077.0,22822040.0,35694076.0,41156650.0
臺北市信義區大道路７５號二樓,25.04091399,121.58256,24679992.0,20872256.0,11138070.0,15780528.0,19369626.0,31439826.0,40934388.0
臺北市松山區八德路四段６３６號八樓之２,25.049832,121.574493,16279997.0,15623655.0,6416149.0,11261928.0,12820672.0,21409654.0,24933694.0
臺北市萬華區青年路１５２巷２４號十二樓之２,25.02051101,121.501431,35800030.0,31086228.0,15239219.0,23826684.0,30978562.0,46230876.0,54127156.0
臺北市內湖區江南街６５巷２５之２號,25.07712699,121.578063,22680010.0,22681006.0,10972692.0,16891910.0,18215734.0,35142836.0,39650004.0
臺北市北投區文林北路２４４巷３４號,25.108975,121.514324,11199999.0,13634396.0,6590459.0,9514802.0,13454618.0,22568764.0,27856852.0
臺北市信義區松山路１１９巷３０號,25.047301,121.579549,19499996.0,20566032.0,9211128.0,12842062.0,17690654.0,25501426.0,29407664.0
臺北市南港區研究院路三段１８巷８號七樓,25.03532799,121.615066,26999992.0,27766832.0,13028705.0,18790702.0,23413658.0,36549596.0,40310136.0
臺北市大安區臥龍街１９５巷１號,25.018072,121.552555,16699986.0,17139340.0,8135174.5,10773790.0,13982693.0,24469440.0,26682278.0
臺北市信義區吳興街６００巷９８弄３２號,25.01762499,121.57131,15000010.0,13721374.0,7737316.5,10925474.0,13456877.0,22198324.0,22484336.0
臺北市大同區承德路一段２３號五樓,25.050695,121.517194,79999944.0,63914256.0,19627352.0,32319938.0,54503110.0,87630616.0,93107570.0
臺北市北投區溫泉路銀光巷１７號四樓,25.13641802,121.514171,9900002.0,9814382.0,8655968.0,8748802.0,10313141.0,18283646.0,18792744.0
臺北市北投區大度路三段３０１巷２８弄２８號四樓,25.12214259,121.4655487,9999996.0,11436747.0,7213843.0,9810021.0,10728717.0,19980406.0,22007098.0
臺北市中山區林森北路２５９巷９號五樓之２９,25.05438199,121.5260639,5500000.5,5649399.5,2218040.0,3092399.0,4885675.5,8818555.0,14102175.0
臺北市松山區延壽街３５６巷４弄２０號五樓,25.05581299,121.558464,44000030.0,40281390.0,15430416.0,25612568.0,35665424.0,58097440.0,88858610.0
臺北市中山區民權東路二段９２巷７弄２２號,25.06062399,121.532301,199999.98,4314.298,53683.96,350957.1,825767.9,4887674.5,8907882.0
臺北市松山區市民大道四段３９之３號九樓,25.04515104,121.5448219,197180160.0,210611420.0,71129670.0,76871240.0,185693860.0,239215020.0,285671780.0
臺北市內湖區成功路四段１６６號,25.0830486,121.5933015,10399997.0,10780306.0,4593494.0,6724374.0,9019747.0,15642291.0,21412432.0
臺北市中正區延平南路１５０號九樓之１,25.038616,121.508462,66999964.0,51103570.0,17034366.0,30908092.0,37199310.0,47004428.0,73621850.0
臺北市大安區和平東路一段５０巷１弄８號三樓之１２,25.02660499,121.523941,13879993.0,13287168.0,5741085.0,8676563.0,11674201.0,17957114.0,19286678.0
臺北市北投區中和街２３４巷３號四樓,25.13958701,121.501725,13499990.0,14878596.0,8264049.5,10420628.0,13527647.0,22261372.0,25006610.0
臺北市萬華區中華路二段４１６巷８０號七樓之３,25.02731359,121.5034581,24999980.0,45634440.0,17050230.0,29995114.0,43376244.0,67046880.0,80756670.0
臺北市內湖區康樂街２０巷１４弄５號三樓,25.06846002,121.617157,17199990.0,16123477.0,9519086.0,13211708.0,16731678.0,27101998.0,34146100.0
臺北市中山區遼寧街２２３號四樓之１,25.05556002,121.5423,25600016.0,17889460.0,9209916.0,12154215.0,16194241.0,27454752.0,38365216.0
臺北市大安區復興南路二段２１８號二十二樓之３,25.02633819,121.5432281,56649950.0,54891624.0,24589260.0,41019110.0,44904840.0,64982824.0,93555630.0
臺北市松山區南京東路四段２３號,25.05190999,121.55055,23500006.0,15406360.0,6617175.0,11049792.0,12735807.0,22188290.0,23718134.0
臺北市大安區和平東路三段３４６巷６號二樓,25.0193976,121.5571724,20240004.0,15889712.0,7459519.5,10005529.0,13835667.0,23090662.0,25862880.0
臺北市士林區中山北路六段４４１巷３０號六樓之３,25.11660999,121.526995,60899990.0,66135828.0,29965494.0,38205584.0,49849630.0,76062800.0,88191490.0
臺北市大同區南京西路２２７號十四樓之８,25.05392299,121.510616,36020028.0,40940400.0,19512982.0,30458404.0,35088050.0,68508280.0,77801560.0
臺北市內湖區成功路二段３２０巷３０弄２號四樓,25.067393,121.589312,17199990.0,16834914.0,8869540.0,10638385.0,14484480.0,23367572.0,26265952.0
臺北市信義區基隆路一段３８０巷２６號十一樓,25.03461201,121.558772,29380024.0,23182848.0,12570324.0,15817654.0,20485580.0,40206016.0,48284964.0
臺北市大安區金山南路二段１５９巷３９號五樓,25.02905799,121.527838,34500010.0,21985324.0,11279642.0,17145160.0,22464446.0,35619944.0,48547970.0
臺北市中正區水源路３７之２號十二樓之１,25.0186032,121.5239452,47000036.0,47809524.0,19552884.0,33260130.0,41995936.0,73759870.0,96042420.0
臺北市萬華區萬大路８４巷３號,25.03056799,121.500149,20879980.0,16409779.0,8633502.0,12324112.0,14941388.0,27005298.0,29025996.0
臺北市中山區中山北路二段７７巷２９號八樓之２,25.05755998,121.524474,6699998.5,7505388.5,2953507.2,4216481.5,6322075.5,10592686.0,16168717.0
臺北市松山區八德路四段６３６號五樓之７,25.049832,121.574493,12099997.0,12841426.0,5536290.5,9039570.0,10337168.0,16863582.0,16895228.0
臺北市北投區明德路１５０巷９號,25.110493,121.521219,18500014.0,15391264.0,7659056.0,10963508.0,14495784.0,23665670.0,23697876.0
臺北市松山區敦化北路１４５巷２３弄５號二樓,25.05303099,121.550349,33599984.0,27885240.0,11373878.0,20537690.0,22780376.0,35608056.0,36861280.0
臺北市文山區羅斯福路五段１７號,25.00797,121.538483,16999994.0,13428135.0,7855160.0,10010454.0,12598624.0,21900236.0,23205720.0
臺北市北投區紗帽路１１６之９號,25.15086498,121.547167,3980000.0,4861414.0,3907537.5,4185795.8,5299442.0,9503267.0,13673825.0
臺北市信義區吳興街３４巷３號三樓,25.031188,121.559677,17380016.0,13401423.0,6773870.5,9258157.0,12620750.0,19360946.0,27182084.0
臺北市大同區延平北路四段９９號二樓,25.070966,121.511014,21000000.0,22820124.0,11381843.0,16404709.0,19516256.0,32548708.0,37503510.0
臺北市萬華區寶興街８９號,25.02592509,121.494484,13600008.0,13772714.0,6941707.0,9468186.0,11870557.0,19239172.0,22254792.0
臺北市士林區天母東路３６之２號十一樓,25.1179156,121.5325982,42000020.0,34964320.0,14076538.0,24822374.0,34798660.0,58976332.0,109765710.0
臺北市北投區義理街２９號二樓,25.11654963,121.5152165,57679964.0,50826136.0,19035496.0,30617534.0,49698110.0,88001950.0,90551750.0
臺北市松山區撫遠街３５６號,25.06285399,121.565844,26799996.0,14140368.0,5972130.0,9166227.0,12165301.0,21897356.0,26749540.0
臺北市士林區忠義街９１巷２１號三樓,25.10623701,121.533439,28099980.0,21049484.0,11074309.0,15485285.0,21730968.0,33826908.0,43780700.0
臺北市內湖區內湖路二段１７９巷７９弄８號,25.085405,121.582836,28999988.0,17756608.0,8644229.0,11315132.0,18022548.0,25793370.0,26002166.0
臺北市萬華區漢中街１７６號十二樓之７,25.040967,121.506362,4199999.0,7403587.0,2589397.8,4697961.5,7157595.0,12248817.0,16402394.0
臺北市信義區和平東路三段４３５巷７弄１７號,25.01934001,121.559177,19700000.0,18624318.0,8600811.0,12020636.0,15919259.0,25489270.0,27152186.0
臺北市大安區新生南路一段９７巷１號五樓,25.04122399,121.533299,85590040.0,59281624.0,18569092.0,33707436.0,53670504.0,92158260.0,114524700.0
臺北市北投區承德路七段２８０巷３８號,25.11666502,121.507165,13000010.0,14748343.0,7520822.0,10505884.0,13569200.0,22436954.0,23520050.0
臺北市士林區天母東路８巷４１弄１３號,25.11644654,121.5320197,29999978.0,18038814.0,8543781.0,11695708.0,16376823.0,27240058.0,38850412.0
臺北市萬華區環河南路二段１５９巷６號十樓,25.03300398,121.492929,14449987.0,15835162.0,9300368.0,10589939.0,11559030.0,24229472.0,31036520.0
臺北市萬華區漢口街二段５１號十一樓之３,25.04586798,121.506388,11360002.0,16932200.0,8543252.0,12327592.0,15244103.0,24359962.0,25319098.0
臺北市中山區民生東路二段３號,25.05818301,121.5281288,44000030.0,48316104.0,18333092.0,32640720.0,43331590.0,84334800.0,99454680.0
臺北市士林區雨聲街１５巷２之１號,25.10126302,121.529153,6000000.0,6542952.0,2958770.8,3778822.2,6054306.5,9860502.0,18476140.0
臺北市士林區德行東路３３８巷２號四樓,25.1101076,121.5380942,29900008.0,27643812.0,15769095.0,19642182.0,22222512.0,32762784.0,38822188.0
臺北市萬華區中華路二段５０４巷５７號七樓,25.024931,121.507981,10999996.0,8256164.0,6786466.5,7799153.5,8965614.0,13836248.0,23328872.0
臺北市士林區天玉街１３之１號七樓,25.120574,121.527304,68000040.0,81759270.0,24354294.0,43494716.0,57926150.0,103452020.0,187302750.0
臺北市萬華區長泰街３號三樓,25.02298501,121.501357,10649998.0,9161210.0,7040131.5,11021670.0,12678922.0,21762576.0,31236242.0
臺北市大安區瑞安街２５６巷１４號三樓,25.02713099,121.538972,10499994.0,8109357.0,3586065.5,5048826.5,7237409.5,11407924.0,37822900.0
臺北市萬華區萬大路８５巷１８弄１０號一樓,25.03006001,121.501523,7999997.0,9918373.0,5310481.5,7387999.5,8265145.0,14390770.0,21695062.0
臺北市大安區信義路四段２５７號二十七樓,25.03347199,121.553661,200000140.0,251812750.0,103359900.0,110514000.0,158392200.0,403969020.0,436581440.0
臺北市南港區重陽路４７０號,25.05971912,121.6112869,65000056.0,43741136.0,16105988.0,29199076.0,38461340.0,74139990.0,75346320.0
臺北市文山區辛亥路五段５５巷１４號五樓,24.99823799,121.553577,6800000.0,8906658.0,5372849.0,6412197.5,8900528.0,14565348.0,19756632.0
臺北市北投區東華街一段４３８巷９號二樓,25.112075,121.518152,11999996.0,13753970.0,6580002.5,8971345.0,11995900.0,19814408.0,25296266.0
臺北市松山區民生東路五段１６５號,25.05921101,121.564127,22349992.0,27212276.0,12772248.0,16952526.0,24009802.0,39432424.0,45880204.0
臺北市北投區致遠一路二段７１巷８之１號,25.11246899,121.512677,17300012.0,15774510.0,9911338.0,11278544.0,14943953.0,24529722.0,32796046.0
臺北市北投區公路３２１號,25.1323027,121.5026806,9000001.0,17149772.0,9049921.0,11390378.0,14217199.0,24948536.0,25374308.0
臺北市信義區吳興街３５０巷１１號五樓,25.02530001,121.565973,18699994.0,16211022.0,10113956.0,13641445.0,16601882.0,29570664.0,40943450.0
臺北市大同區華亭街３６號三樓之８,25.05348902,121.513073,5160001.5,9366396.0,3850693.2,5608820.5,8994767.0,14197336.0,24313914.0
臺北市內湖區星雲街１３１號四樓之１,25.08096699,121.595857,43300030.0,29248462.0,12208792.0,19010134.0,25709282.0,43590390.0,54036896.0
臺北市士林區延平北路五段２３１巷３６號,25.08420601,121.508488,10999996.0,13160803.0,6670899.5,9901833.0,12781582.0,21587204.0,23830636.0
臺北市大同區環河北路二段３８３號五樓,25.07754739,121.5093508,12700003.0,10181972.0,6462402.5,8513760.0,10016604.0,16078732.0,16463105.0
臺北市南港區永吉路５４８號二樓,25.04513599,121.581665,22799980.0,19023808.0,10031460.0,13773186.0,17384426.0,30008562.0,30590158.0
臺北市內湖區康寧路三段７５巷２１７之３號三樓,25.076482,121.614404,13750010.0,15723204.0,8286826.0,10671043.0,13420223.0,23885608.0,27374748.0
臺北市士林區德行東路３５８巷１４弄１２號,25.10979102,121.538883,29999978.0,21326592.0,11306631.0,13743402.0,19066928.0,31925370.0,34127740.0
臺北市士林區文林路７６５號十樓之５,25.1032924,121.5189652,27449988.0,25584884.0,11505602.0,17981482.0,24992544.0,43511476.0,68277384.0
臺北市中正區仁愛路二段９巷１７號,25.03876,121.525896,16999994.0,11659536.0,4992395.5,7683535.0,10223130.0,17462788.0,22070276.0
臺北市大安區羅斯福路三段２６１之１號,25.018985,121.530343,19499996.0,18387548.0,8057238.0,12199039.0,15705700.0,26757246.0,28825724.0
臺北市中山區民生東路一段２５號八樓之１６,25.058196,121.524317,7999997.0,7690969.0,3859645.8,5941533.0,6590849.0,11005537.0,14026527.0
臺北市中正區南海路１０５號,25.027592,121.507486,7800001.5,9193594.0,4499955.0,6205593.0,8701539.0,12599200.0,23855740.0
臺北市信義區吳興街１５６巷１６弄５號六樓之１,25.028829,121.560858,18099990.0,10744382.0,5632276.5,7962548.0,11323444.0,18621192.0,32110288.0
臺北市松山區民權東路三段１９１巷７６號三樓,25.06510101,121.544861,23200012.0,20272148.0,10735431.0,14993116.0,20372424.0,33311366.0,40645440.0
臺北市北投區大業路５２９號四樓之５,25.135199,121.496266,2440000.0,7797034.0,4082804.0,5159179.5,7269770.0,12627180.0,16232804.0
臺北市士林區中山北路七段２２１號三樓,25.12683101,121.53276,10999996.0,10644799.0,6380915.5,7660553.5,9908143.0,17188480.0,26939960.0
臺北市中山區民權東路三段６０巷３弄１號四樓,25.06148598,121.542522,4199999.0,4616726.5,2334017.8,2974742.0,5981506.5,9879441.0,25005752.0
臺北市文山區溪口街８１巷５號,24.99529699,121.538764,2608000.0,535031.4,421397.4,1059085.4,2836730.0,5646238.0,12376502.0
臺北市北投區立農街一段２２巷２弄２號三樓,25.11928509,121.5032127,16199987.0,11607636.0,7020239.0,10178108.0,11793173.0,19242034.0,20267238.0
臺北市士林區延平北路八段１８７巷１弄９號,25.105646,121.481528,3099999.2,5244199.5,2558444.8,2744072.5,4790054.0,8046019.5,10814410.0
臺北市中正區仁愛路二段７４號十七樓,25.03799801,121.530093,88879970.0,57896884.0,30913870.0,41906080.0,53652900.0,55184190.0,83672280.0
臺北市大安區麗水街１３巷１６號,25.03009999,121.52935,38600020.0,21910180.0,10331727.0,14913485.0,17849140.0,31707452.0,41289764.0
臺北市大安區羅斯福路二段９３號,25.02517001,121.524145,13800008.0,8794971.0,3940942.2,6731201.0,8265208.0,14752113.0,15236284.0
臺北市北投區大業路３００巷９弄１０號四樓,25.12832178,121.498562,13260003.0,12793582.0,6812384.5,9145480.0,13014176.0,21601620.0,24733100.0
臺北市大同區民權西路１２２號七樓之６,25.06271699,121.516736,13000010.0,11678076.0,5215486.0,7684810.0,11187978.0,17852408.0,24342776.0
臺北市萬華區康定路１０３號,25.039507,121.502048,18150014.0,13560377.0,7162019.5,11838743.0,12326087.0,21785916.0,21796556.0
臺北市文山區政大三街３５號五樓之６,24.985951,121.58191,7800001.5,9498483.0,5218173.0,6161741.0,8729933.0,15038282.0,16548138.0
臺北市文山區景興路２３５號十二樓,24.991337,121.543756,20519992.0,20745606.0,10732912.0,15429033.0,20988828.0,34497508.0,49229130.0
臺北市士林區基河路１２８號六樓之１９,25.08867608,121.5231356,6800000.0,7240509.5,2574621.0,4189553.8,7472692.0,11729285.0,23575834.0
臺北市萬華區成都路１３９號,25.04350601,121.503248,32999976.0,32828026.0,13159372.0,21503700.0,27204698.0,49396268.0,55871336.0
臺北市士林區福國路９８號,25.10210858,121.5219716,58000004.0,30482232.0,14124599.0,22418560.0,36108212.0,70148160.0,73626760.0
臺北市大同區重慶北路三段１３６巷４１號二樓,25.06774999,121.512428,16399985.0,15085396.0,6937577.5,10151314.0,14094404.0,23941436.0,27465908.0
臺北市士林區天母東路６９巷５之１號六樓,25.11834595,121.5344648,14000013.0,24578052.0,10907922.0,16385228.0,22227302.0,34213704.0,54348130.0
臺北市內湖區江南街９６巷７號四樓之１,25.07721219,121.5768142,28200008.0,26928968.0,10638912.0,16872718.0,22849828.0,41683508.0,48167960.0
臺北市中山區民權東路二段１３５巷３０弄１５號三樓,25.06430201,121.534348,4749999.5,4191987.8,2225770.0,2515277.5,5303178.5,8359310.5,18445542.0
臺北市文山區辛亥路四段１２８之６號十二樓,25.00507158,121.556915,23348904.0,24267444.0,11285775.0,15954185.0,19938186.0,23677048.0,31942060.0
臺北市南港區玉成街１４０巷１弄１號三樓,25.04475902,121.583501,12250009.0,14337372.0,7586324.5,11145126.0,12784483.0,21349628.0,24814420.0
臺北市內湖區成功路四段６４號七樓之１,25.08264601,121.592609,15255010.0,10752788.0,5684859.0,7854456.0,10498232.0,16218197.0,17511286.0
臺北市信義區忠孝東路五段７９０巷２２弄１０號,25.04257302,121.581974,21000000.0,19066054.0,9364520.0,12229465.0,14396480.0,26297332.0,28691116.0
臺北市士林區美崙街１１４號四樓,25.09708598,121.519637,28569996.0,26614982.0,11786337.0,17493860.0,25493208.0,40988610.0,55278790.0
臺北市中山區新生北路一段１０８之３號二樓之１０,25.04957999,121.528256,5399997.5,5989835.0,1871801.4,2030593.1,4604068.5,8128606.0,15688185.0
臺北市松山區松河街３８號十二樓,25.05069089,121.5732378,42900016.0,36752256.0,15883894.0,25274996.0,30606556.0,52469744.0,65770016.0
臺北市中正區羅斯福路四段６４號,25.01468001,121.534101,51579976.0,31299460.0,12225990.0,17811152.0,21653102.0,38891264.0,40887024.0
臺北市信義區基隆路一段３６４巷２０號,25.03514602,121.559255,7000002.5,12284849.0,7319775.5,9067354.0,12427170.0,22355024.0,36666972.0
臺北市大安區富陽街１２２號二樓,25.01934802,121.556547,15400014.0,14346837.0,6143317.0,9520575.0,12678656.0,21644884.0,22513860.0
臺北市北投區自強街１７５號五樓之２,25.11133098,121.517179,13499990.0,17693692.0,10325108.0,13911029.0,16853614.0,26963916.0,41259612.0
臺北市內湖區民權東路六段４２３號三樓之２,25.07122299,121.603932,18659982.0,16166620.0,7113363.0,11478356.0,13370963.0,23189704.0,24115270.0
臺北市內湖區成功路二段３１２巷１３號,25.06731602,121.589794,15300002.0,17366794.0,7448402.0,10681672.0,15713400.0,25390138.0,26371772.0
臺北市內湖區康寧路三段２６７號五樓,25.06636798,121.611201,14300011.0,12028227.0,5825046.5,8112428.0,11419440.0,18215560.0,22653768.0
臺北市北投區中央北路三段１６８巷２號五樓,25.13728102,121.482045,11199999.0,11800396.0,7720768.5,9933462.0,11203652.0,20879344.0,20882650.0
臺北市中山區民權東路一段４８號三樓之７,25.0625214,121.5241012,11299991.0,12848090.0,4849009.5,7265085.0,10027978.0,16312851.0,21499394.0
臺北市信義區松德路１８８號六樓,25.03525599,121.574313,52499976.0,31717552.0,12983680.0,20243594.0,27403428.0,47803140.0,56121896.0
臺北市文山區仙岩路１６巷７２弄４２號三樓,24.99600002,121.549908,17199990.0,17065456.0,9018353.0,11844977.0,15464801.0,25611982.0,37648576.0
臺北市中正區重慶南路三段４３號,25.02778399,121.516205,108180060.0,79510110.0,28403896.0,58552656.0,70988856.0,134732700.0,138018060.0
臺北市文山區興隆路一段５５巷２７弄１６號三樓,25.00440401,121.542379,6000000.0,8119494.5,5272980.5,7152545.5,9082049.0,14277745.0,26681972.0
臺北市文山區福興路１０８之４號四樓,25.006668,121.549188,7999997.0,16291645.0,8845685.0,13065012.0,14578800.0,21930626.0,24894016.0
臺北市大安區忠孝東路四段２４８巷２９號四樓之２,25.039479,121.554335,27499980.0,23374660.0,13148986.0,16717163.0,22097024.0,28336796.0,39291428.0
臺北市北投區溫泉路１３９號四樓之１９,25.13995799,121.512059,6800000.0,7926718.5,6245103.0,7194290.0,8162296.0,14471528.0,17644488.0
臺北市北投區泉源路３６之２２號四樓之３,25.14027001,121.506538,8599999.0,13598062.0,6240548.5,9184077.0,11294776.0,19894350.0,21785750.0
臺北市松山區復興北路４２７巷２５號十樓之２,25.063394,121.546364,17300012.0,16309460.0,7576166.5,11573458.0,15229688.0,25806952.0,29040672.0
臺北市北投區中央北路三段４０巷３８號四樓,25.139614,121.484862,14000013.0,10565345.0,7447293.5,9544248.0,10788945.0,17278214.0,17879874.0
臺北市士林區忠誠路一段１７３巷３８號六樓,25.10838001,121.5325,55500016.0,50736640.0,19002014.0,31914594.0,45689132.0,80094904.0,148306080.0
臺北市文山區秀明路一段７９巷５弄７號,24.990849,121.565307,15700009.0,10832205.0,5856909.0,8324624.5,10204000.0,15865939.0,19079186.0
臺北市中山區德惠街３４號六樓之２７、六樓之２８,25.06658692,121.5261865,12199993.0,10706516.0,5640328.5,7749087.0,9940474.0,16398703.0,17739886.0
臺北市萬華區康定路８２號七樓之５,25.04206201,121.502225,35000016.0,31876632.0,13290514.0,21680088.0,27585136.0,46885970.0,48409640.0
臺北市大安區金華街１０６巷８號三樓,25.0299303,121.5259373,24499984.0,19740772.0,7862835.0,14677401.0,18566648.0,26402724.0,30399322.0
臺北市萬華區東園街６６巷５３弄２７號五樓,25.025723,121.495124,10399997.0,12485330.0,6997806.5,10200341.0,11205619.0,21378356.0,24978056.0
臺北市萬華區水源路２０５之２號,25.01955698,121.50323,4300001.0,9162923.0,4210815.5,6846036.5,8305949.5,15267440.0,19042322.0
臺北市松山區復興北路３３３號,25.05980101,121.544472,30799986.0,21604958.0,9745624.0,13192923.0,17710202.0,26697296.0,30149120.0
臺北市松山區民權東路五段２０號三樓,25.06278799,121.563889,21500010.0,17948142.0,12064760.0,13686741.0,17019428.0,28422104.0,39788264.0
臺北市士林區福德路５７巷５號,25.09220231,121.5223834,26799996.0,16091403.0,7347765.5,12740715.0,14648595.0,18396528.0,25621900.0
臺北市北投區湖山路一段１４號,25.15251898,121.547347,9000001.0,14089485.0,8221569.0,11792678.0,12839956.0,20899904.0,23570798.0
臺北市中山區敬業三路１６２巷１５４號,25.07798098,121.559851,29799976.0,24410286.0,10739445.0,16647035.0,22201498.0,36323732.0,38615040.0
臺北市中山區新生北路二段６２巷１２號,25.05604948,121.5268148,57300016.0,49901760.0,18399160.0,34267910.0,44166510.0,84799660.0,91931784.0
臺北市中山區敬業三路１８８號八樓,25.07836001,121.556515,35000016.0,29568014.0,12544744.0,19437576.0,25365598.0,44019590.0,48734260.0
臺北市信義區信義路五段１０１號十八樓,25.03299354,121.5665155,116799980.0,79341500.0,22927492.0,56048410.0,67645850.0,125060010.0,128539790.0
臺北市大安區辛亥路二段１７１巷６弄１０號十九樓,25.02198702,121.540709,48249980.0,49716310.0,18389476.0,34348400.0,54218704.0,76483240.0,152274020.0
臺北市大安區樂利路５巷１３號五樓之２,25.02884501,121.551638,10910002.0,7639731.5,3737619.5,5159676.5,7930370.5,11915198.0,21347716.0
臺北市內湖區康寧路三段７５巷２１７之５號,25.076482,121.614404,12979990.0,15488830.0,7180300.0,9946164.0,12639734.0,22569366.0,22612800.0
臺北市大安區和平東路三段４０６巷３號,25.018568,121.558053,39000012.0,15894138.0,6797231.5,10381467.0,17651692.0,18481920.0,31617650.0
臺北市信義區中坡南路２２巷７號,25.04307199,121.582465,28999988.0,27709534.0,11341297.0,17241310.0,20932298.0,35016776.0,39281160.0
臺北市萬華區康定路１０３號十三樓之１５,25.039507,121.502048,11999996.0,14955244.0,7781976.5,11682398.0,15148685.0,25993686.0,31617650.0
臺北市大同區南京西路５７號十八樓之１,25.05304398,121.519385,23200012.0,15736375.0,7737006.5,12677979.0,14602900.0,25758070.0,26193710.0
臺北市大同區承德路一段２３號三十一樓之１,25.050695,121.517194,87713890.0,73850664.0,33087204.0,54704224.0,65145770.0,75898900.0,97551144.0
臺北市松山區光復北路１１巷９５號,25.05045301,121.562287,33500028.0,31577572.0,13764336.0,20486908.0,28991858.0,55233690.0,63387604.0
臺北市士林區通河西街二段１２１號五樓,25.09291502,121.50686,15800014.0,14591346.0,10014025.0,13086910.0,14882172.0,25263188.0,29920718.0
臺北市文山區興德路３３號,25.00123598,121.556189,24000004.0,17689576.0,6528485.5,12719494.0,15424708.0,17855574.0,30203568.0
臺北市士林區延平北路六段２５８巷３６弄１號二樓,25.09066599,121.503994,13379994.0,12400036.0,8332035.0,10274384.0,11857274.0,17840358.0,21532020.0
臺北市內湖區星雲街１６巷６９號五樓,25.07668942,121.5922619,54999988.0,45805708.0,15316674.0,26761890.0,40644350.0,68387256.0,80746970.0
臺北市北投區泉源路３６之２２號,25.14027001,121.506538,5200000.5,6156960.0,3449468.5,4988027.0,6711663.0,11124101.0,13059930.0
臺北市松山區南京東路五段２３９號七樓之２,25.05161642,121.5649724,16430011.0,16419015.0,6703750.0,10899000.0,13838306.0,21560212.0,25219426.0
臺北市大安區瑞安街２０８巷３９號二樓之１,25.02972201,121.540653,16999994.0,19229890.0,8553687.0,13046634.0,16137076.0,22988316.0,27137430.0
臺北市文山區新光路一段６５巷３８號八樓,24.99067701,121.575434,30500028.0,29306818.0,14247358.0,21124174.0,28595074.0,51994836.0,61294108.0
臺北市中正區臨沂街７５巷１９號五樓之１,25.0347444,121.5290193,18880012.0,15477312.0,7350373.0,11324869.0,15095614.0,23529340.0,33118584.0
臺北市文山區興隆路二段９６巷２號,25.00056799,121.549787,22300002.0,22690742.0,10409920.0,15596828.0,20882292.0,33082472.0,40060116.0
臺北市北投區知行路２１４巷２９號,25.1205372,121.4684029,64500000.0,60464344.0,19036512.0,34540764.0,59644670.0,92478550.0,125117980.0
臺北市內湖區內湖路一段９１巷２７號,25.08691802,121.562774,22999982.0,17583880.0,8977850.0,12140128.0,14928284.0,25092660.0,27556056.0
臺北市中山區松江路１號十樓之１,25.04583508,121.533301,24000004.0,18390564.0,8493486.0,12160198.0,14865377.0,25261068.0,25740880.0
臺北市文山區萬美街二段２巷７號五樓之１,25.00352258,121.5629436,14000013.0,16305634.0,8455896.0,11272566.0,15011945.0,23870168.0,25806656.0
臺北市大同區甘州街５２巷８之２號,25.05998998,121.512343,20000004.0,15765546.0,7100898.5,11430946.0,15456367.0,26975902.0,29244724.0
臺北市松山區八德路四段６１號二樓,25.04849802,121.559756,22680010.0,18342640.0,9817621.0,13132969.0,17767924.0,30154008.0,32945828.0
臺北市北投區中山北路七段２１９巷３弄２９號,25.12681299,121.530307,27800004.0,23885426.0,12926526.0,18174088.0,23696158.0,42874740.0,50383880.0
臺北市信義區崇德街１６１號,25.02384902,121.557134,30500028.0,28523606.0,12148676.0,20291220.0,24843546.0,41918708.0,50167450.0
臺北市中山區新生北路三段６１號三樓之１５,25.06597902,121.528078,20500002.0,20841108.0,9477238.0,15088964.0,17322002.0,29512346.0,29564010.0
臺北市北投區知行路３１６巷２２弄１５號二樓,25.121761,121.468785,20430014.0,15420707.0,8791424.0,12847109.0,14439050.0,24926800.0,25694722.0
臺北市中正區廈門街１２３巷８３號,25.022955,121.520715,15999987.0,19472494.0,8163417.0,11525391.0,15406449.0,27373392.0,31651982.0
臺北市松山區南京東路三段３０３巷６弄８號,25.05232498,121.547423,23800020.0,18362384.0,8784644.0,13175471.0,16231969.0,28512998.0,33422420.0
臺北市北投區大同街１９８號,25.13730101,121.499224,15149986.0,17127478.0,8144785.0,11928638.0,16293043.0,25290620.0,26484180.0
臺北市中山區雙城街１８巷７號二樓,25.06551198,121.523695,7000002.5,10921016.0,5979117.0,8240133.0,9148411.0,14109466.0,20158864.0
臺北市中山區新生北路二段１３７巷３９號四樓,25.06133498,121.529133,12500008.0,13314669.0,6391336.0,9191770.0,12077585.0,19893932.0,24294398.0
臺北市北投區中心街２７巷２３弄２號二樓,25.13843898,121.510244,9199996.0,10128087.0,7691761.0,9140423.0,10659244.0,17364840.0,20322554.0
臺北市信義區虎林街１３２巷８６號三樓,25.04046099,121.57416,20749998.0,17306184.0,8795156.0,11747801.0,16579605.0,26631688.0,35452530.0
臺北市南港區研究院路三段７號二樓,25.03557002,121.61736,15000010.0,21659588.0,11064132.0,15691028.0,18894062.0,24653880.0,32836168.0
臺北市大安區羅斯福路三段４９號八樓,25.02328898,121.525557,69499980.0,45243828.0,17816282.0,29502610.0,39227256.0,68396650.0,79699144.0
臺北市松山區敦化北路４巷６２號,25.05032799,121.544593,31160016.0,26132680.0,12883648.0,16196836.0,19865076.0,34946652.0,47830960.0
臺北市信義區忠孝東路五段２３６巷３７弄２５號四樓,25.03815701,121.573639,13000010.0,13811463.0,7809119.5,9879855.0,13427341.0,21266354.0,41734584.0
臺北市文山區羅斯福路五段２１８巷３８弄３號七樓,25.00268299,121.537081,37999988.0,31539348.0,12775854.0,20253636.0,29327564.0,47568028.0,71131304.0
臺北市萬華區長順街４３號四樓,25.03088102,121.491843,10499994.0,12299596.0,6362904.0,8677796.0,8991645.0,14345989.0,19745668.0
臺北市萬華區青年路１５２巷２號十樓,25.02129928,121.502175,16999994.0,23117940.0,13724986.0,19079952.0,21201352.0,34809676.0,43863532.0
臺北市信義區嘉興街１７５巷２弄１２號二樓,25.02740001,121.557281,30879984.0,22245370.0,10370898.0,14629831.0,19263224.0,30393524.0,39653636.0
臺北市文山區興隆路四段１１５巷５號,24.98625501,121.561585,38180016.0,30035016.0,14891428.0,19933852.0,30185082.0,48750904.0,65589496.0
臺北市北投區稻香路２４７號三樓,25.14398145,121.4881325,26100002.0,28584604.0,16562790.0,20165440.0,27200964.0,44719704.0,53676444.0
臺北市士林區天母東路７０號十一樓,25.11797259,121.5350408,30500028.0,24782872.0,12578262.0,17725680.0,24511388.0,37544812.0,58035416.0
臺北市北投區奇岩路７９號,25.13215402,121.506852,31499970.0,28984450.0,15144756.0,19767336.0,28409422.0,49577210.0,70219240.0
臺北市士林區天母西路５巷５號,25.11898365,121.5288456,28999988.0,25810348.0,11998462.0,18203786.0,25186882.0,44277430.0,62864336.0
臺北市信義區市民大道六段１０８號,25.04899401,121.5724433,13879993.0,14679249.0,7683813.5,12225873.0,12941155.0,20703548.0,22473444.0
臺北市信義區松仁路２５３巷３弄５號,25.02587098,121.56934,19499996.0,20069054.0,9070935.0,12932370.0,17662098.0,28658138.0,29409290.0
臺北市士林區中山北路六段２３６巷９號,25.10826391,121.5261397,45999988.0,27247280.0,14993831.0,23396248.0,27921110.0,50741188.0,57977220.0
臺北市文山區忠順街一段１３１號三樓,24.98441698,121.560514,12250009.0,13338435.0,7618791.5,10829334.0,14489481.0,21016468.0,30746338.0
臺北市文山區景華街１２８巷３弄１３號,24.99591901,121.547538,18999984.0,16399235.0,8615111.0,11201687.0,14486386.0,25184624.0,33508656.0
臺北市信義區吳興街２８４巷４２號二樓,25.022623,121.563479,20800006.0,18505626.0,9150976.0,12822824.0,16644305.0,27517242.0,36012336.0
臺北市大安區仁愛路四段１３７號三樓,25.03806799,121.550885,78000060.0,77201256.0,42126220.0,51459896.0,66612852.0,86263470.0,101766000.0
臺北市中正區林森南路１２０號三樓之２,25.03357198,121.518751,21400020.0,18876484.0,9803362.0,14549632.0,17468086.0,26836620.0,50358610.0
臺北市萬華區西昌街１４２號,25.03902102,121.500532,14099996.0,19479514.0,9115978.0,13233902.0,15829122.0,28991526.0,35110270.0
臺北市內湖區大湖山莊街２１９巷９２號,25.090229,121.600286,16879994.0,18391372.0,8782491.0,11662406.0,15892106.0,26772764.0,30804274.0
臺北市大安區和平東路三段２２號十樓之１,25.02449899,121.54729,18799986.0,11505492.0,6808078.5,9354220.0,11487336.0,20044570.0,29853566.0
臺北市中山區安東街１９號三樓之５、三樓之６,25.04517099,121.542384,18999984.0,12711539.0,7115358.0,9917786.0,12168504.0,19050824.0,32527360.0
臺北市文山區萬盛街５９號三樓,25.00581099,121.542212,19359986.0,18781134.0,9974071.0,12993639.0,16813158.0,29043164.0,38426510.0
臺北市士林區小南街１４號,25.08873601,121.525742,7230000.5,5724787.0,2284253.0,3674563.8,5330488.0,8697432.0,16025520.0
臺北市北投區溫泉路銀光巷４弄１７號,25.13641802,121.514171,64800016.0,40929000.0,16521111.0,25028226.0,35410896.0,65755216.0,66156268.0
臺北市中山區林森北路１３８巷３８號六樓之１,25.051645,121.524081,5130002.0,8171580.0,3660671.0,5564949.5,7235036.0,11737655.0,11888457.0
臺北市南港區東新街８０巷１０弄１６號,25.04532702,121.586754,21100012.0,22724438.0,10493728.0,14743253.0,18629506.0,30733732.0,38373412.0
臺北市南港區東明街１巷３號,25.05644498,121.605173,11219990.0,8563963.0,4607006.5,6516809.5,8086613.5,12449684.0,16895164.0
臺北市士林區重慶北路四段２２０巷２１弄３１號四樓,25.08666401,121.511677,3199999.5,7167445.0,5339646.5,6911427.0,8363329.5,13762394.0,22847824.0
臺北市內湖區成功路二段３１２巷４５號五樓,25.06729699,121.588453,18999984.0,14661760.0,7838584.5,10000950.0,13148860.0,22454250.0,23877454.0
臺北市萬華區峨眉街１２２號五樓之２,25.04452499,121.502306,19679982.0,18567852.0,8857892.0,13277491.0,17612444.0,26722768.0,29257278.0
臺北市松山區南京東路五段２３９號十二樓之５,25.05161642,121.5649724,16019988.0,15905358.0,7129391.0,10357535.0,14491498.0,23376398.0,24085804.0
臺北市北投區義理街２３號,25.11662998,121.515188,41500020.0,62150196.0,18053926.0,33971810.0,49206504.0,85897830.0,103814530.0
臺北市北投區中山北路七段２１９巷３弄１８７號五樓,25.12923301,121.530751,36999976.0,31668648.0,17504040.0,19972214.0,29719714.0,60028372.0,66204236.0
臺北市士林區德行東路３３８巷２號三樓,25.1101076,121.5380942,30299986.0,27603980.0,15471852.0,19433276.0,22188036.0,32014154.0,38603184.0
臺北市萬華區中華路二段５００號十二樓,25.02608271,121.507615,9999996.0,11584699.0,9241784.0,11008938.0,11295530.0,18198128.0,21294280.0
臺北市大安區建國南路一段２９１巷９號七樓,25.03584599,121.538744,29380024.0,15182268.0,7984143.5,10694883.0,15017071.0,24662204.0,37163710.0
臺北市北投區實踐街５６巷２號三樓,25.114836,121.509434,11999996.0,17186382.0,9370720.0,12009773.0,17534414.0,27759472.0,30032440.0
臺北市內湖區康寧路三段７５巷１１２號,25.07681799,121.611971,25800012.0,23865798.0,12321527.0,17009140.0,22637440.0,37455260.0,42329028.0
臺北市中正區林森北路３號三樓,25.04528879,121.5236306,61749988.0,44061424.0,16689573.0,26711302.0,37468624.0,65571360.0,75444260.0
臺北市內湖區新明路５１３號三樓,25.05361898,121.578953,4499998.0,14134759.0,6876699.0,9878367.0,12615167.0,19927086.0,20210416.0
臺北市中山區吉林路２５４號五樓,25.05991962,121.5301281,22999982.0,18020244.0,11480633.0,15922751.0,16219651.0,28997334.0,32442104.0
臺北市內湖區成功路四段１７８號十六樓之１,25.08355201,121.5938529,75000056.0,66803830.0,40242690.0,49425480.0,65045450.0,109692050.0,116887790.0
臺北市中山區中山北路二段１６８之３號,25.06339098,121.522246,21180010.0,21499640.0,9554265.0,14287770.0,17029006.0,29822264.0,34028228.0
臺北市中山區中山北路二段５９巷２８號五樓,25.05578201,121.52411,11460002.0,9589318.0,5042350.0,6464474.0,9138889.0,14911750.0,18505484.0
臺北市士林區延平北路五段２８５巷７３號二樓,25.08444402,121.507529,8099997.0,11983162.0,6327975.0,8627255.0,10756440.0,16029433.0,19198812.0
臺北市信義區林口街６６巷６號二樓,25.03872698,121.579644,16699986.0,20267276.0,11078386.0,14643958.0,17870156.0,31990836.0,34109256.0
臺北市內湖區民權東路六段１８０巷６６號四樓之１,25.06664002,121.59253,24300004.0,19355924.0,8774940.0,13794508.0,17501268.0,22499480.0,25992794.0
臺北市大安區和平東路三段１巷７２弄１０號,25.02776198,121.546384,25600016.0,19072964.0,9334525.0,12333424.0,16083486.0,26670982.0,31361488.0
臺北市文山區政大二街２６０巷１號二樓,24.98838301,121.587048,19199984.0,23791216.0,13038102.0,16442112.0,20968500.0,36227490.0,36891384.0
臺北市松山區新東街６巷１２號二樓,25.05739901,121.566812,24000004.0,18981294.0,9313931.0,12856522.0,18459056.0,29176752.0,36252650.0
臺北市內湖區內湖路一段２８５巷６９弄１０號五樓之１,25.08510501,121.567629,23249980.0,22266892.0,9433162.0,13502282.0,18803070.0,29223424.0,36263300.0
臺北市內湖區麗山街４６巷９號四樓,25.08093099,121.579976,11999996.0,13520837.0,7567977.5,9618590.0,13889183.0,22831922.0,32993808.0
臺北市內湖區內湖路二段３３６之２號十一樓,25.08160301,121.589199,46499984.0,41066628.0,20142914.0,32177974.0,38567710.0,63948396.0,87272500.0
臺北市中山區大直街１１７號,25.08406499,121.548287,34300020.0,24291942.0,11052996.0,15634208.0,22902362.0,40783510.0,46567704.0
臺北市內湖區內湖路三段６０巷１２弄１０號四樓,25.08810498,121.59175,16500011.0,14414862.0,8051223.5,9889754.0,13335815.0,22689054.0,25404090.0
臺北市大安區安居街３４巷５號三樓,25.02091699,121.554346,23580016.0,19965738.0,9403449.0,12713333.0,18665928.0,29704922.0,35519060.0
臺北市萬華區萬大路３８５號五樓,25.02263402,121.499526,16199987.0,20037078.0,12184970.0,19741112.0,24094856.0,43104820.0,55704700.0
臺北市信義區林口街３８巷９號,25.038184,121.579911,21500010.0,18994150.0,8925927.0,12484211.0,16468978.0,28891888.0,31420044.0
臺北市文山區木柵路三段１６８號三樓之２,24.98928339,121.5693065,44299984.0,42257230.0,19524112.0,30103840.0,41126280.0,70058840.0,86918820.0
臺北市北投區磺港路１３６號十三樓,25.12934499,121.50251,48999990.0,50531510.0,34314416.0,46931508.0,49047680.0,79972936.0,80209416.0
臺北市北投區幽雅路７號七樓之１７,25.13729598,121.513111,13770008.0,18223380.0,13213800.0,15606410.0,17121436.0,32783664.0,34065110.0
臺北市士林區承德路四段７３之１號,25.08184198,121.523282,25999984.0,30440400.0,12630504.0,19944044.0,27860784.0,51755690.0,62138344.0
臺北市文山區指南路三段７７巷６號,24.982773,121.580397,6000000.0,10517432.0,6426700.5,9050594.0,10265530.0,17506310.0,19068382.0
臺北市南港區忠孝東路六段７０巷２１弄２６號,25.046187,121.585361,21100012.0,18235758.0,9382685.0,12265908.0,14852453.0,24973244.0,28849046.0
臺北市文山區興隆路三段３３３號八樓,24.9915035,121.5590684,37299988.0,36546320.0,17480384.0,27385664.0,37576404.0,63414692.0,92053900.0
臺北市萬華區武昌街二段１２４之２號五樓之３,25.04536628,121.5037647,6960003.0,7762238.0,3393684.0,5597818.0,6267937.5,9920113.0,14499572.0
臺北市萬華區忠孝西路二段３８號七樓之５,25.048309,121.507863,11999996.0,13877293.0,5755909.0,9597259.0,11954968.0,19572062.0,22144744.0
臺北市內湖區成功路五段４０８號十三樓之１,25.0759542,121.607603,54999988.0,30100280.0,14013504.0,17917940.0,24508350.0,36347850.0,47406264.0
臺北市文山區育英街６１號,24.992222,121.538403,9799997.0,18504390.0,9185794.0,13450564.0,16454284.0,29800088.0,37826796.0
臺北市信義區紫雲街６６號二樓,25.01624001,121.577357,69579960.0,49196464.0,26337138.0,32036572.0,56728236.0,102104500.0,125009460.0
臺北市北投區公路６３巷２０號五樓,25.1323027,121.5026806,13499990.0,15518578.0,11813930.0,14284010.0,15537415.0,24996882.0,25817880.0
臺北市士林區中正路４３０號十五樓,25.09305399,121.519055,38500020.0,36439690.0,14171256.0,24487370.0,33293262.0,54758612.0,68786380.0
臺北市北投區三合街一段８２巷７８號四樓,25.12877481,121.5045889,30799986.0,25757580.0,14553878.0,19278220.0,22759052.0,36342096.0,37951456.0
臺北市大安區樂利路７８號二樓,25.025651,121.551917,9818482.0,11735752.0,5996528.0,9620719.0,12145733.0,19307622.0,24882576.0
臺北市內湖區成功路五段４５０巷３號七樓,25.0742155,121.6074401,62299976.0,38772240.0,13006012.0,24479058.0,34524956.0,58653924.0,79830136.0
臺北市南港區經貿二路２３５巷６５號,25.06208998,121.61598,32899986.0,25437690.0,11066813.0,17801166.0,21180212.0,36065130.0,40410136.0
臺北市松山區南京東路五段２３９號五樓之１６,25.05161642,121.5649724,22200016.0,17881000.0,8084099.5,12424231.0,15130205.0,24613612.0,28931536.0
臺北市信義區忠孝東路五段３７２巷２７弄７１號六樓,25.040075,121.57625,32959970.0,25493500.0,12330460.0,14862712.0,21504440.0,34623412.0,54442020.0
臺北市中山區中山北路一段５３巷８號,25.04910101,121.522127,8480002.0,11252158.0,4104240.2,7456134.0,8717004.0,14836060.0,16809566.0
臺北市萬華區民和街１００號六樓之１,25.02548299,121.497528,22620004.0,32940926.0,18476140.0,26173732.0,30665224.0,54036796.0,67804740.0
臺北市中山區合江街７３巷３號五樓,25.05882201,121.5396428,36199996.0,27896676.0,12222772.0,19141188.0,26505760.0,43769012.0,79070480.0
臺北市中山區雙城街１９巷８號二樓之１６,25.065328,121.524851,9999996.0,10450305.0,4496707.5,6829147.5,9812454.0,15571592.0,16535455.0
臺北市大安區忠孝東路四段１８１巷７弄１３號三樓,25.04219629,121.551511,10199991.0,9703594.0,4166237.5,4453636.5,7160872.0,11960031.0,23233666.0
臺北市萬華區中華路二段５０４巷１８號十二樓之２,25.02531401,121.507852,14249994.0,15049817.0,11944233.0,13155809.0,13247287.0,21160264.0,28725998.0
臺北市士林區重慶北路四段１９０巷５弄７號三樓,25.08511398,121.511998,14499987.0,17045384.0,9199821.0,12983085.0,16739371.0,28621210.0,28840132.0
臺北市萬華區昆明街４６號七樓之３２,25.04640899,121.505649,5970000.5,6317519.0,2222705.0,4074270.2,6790752.0,10842334.0,21027776.0
臺北市文山區興隆路一段７０巷１１弄１３號,25.00248099,121.540501,11500007.0,15216854.0,8046925.0,10873502.0,14307678.0,22658436.0,23234552.0
臺北市中正區和平西路一段１３６號,25.02696901,121.516499,19800014.0,19503456.0,9317182.0,13398024.0,17543378.0,28786000.0,32092102.0
臺北市南港區東新街１８０巷６號,25.04630493,121.5934134,42000020.0,37158252.0,13872530.0,24204760.0,29547662.0,48224130.0,54517772.0
臺北市中正區林森南路９９巷６號,25.03780799,121.521935,18799986.0,12654424.0,6395207.5,8946448.0,11525347.0,20118380.0,23495570.0
臺北市內湖區陽光街９２巷１４弄６號四樓,25.075409,121.585503,14000013.0,12477878.0,6302649.0,8962298.0,11778966.0,19072892.0,25551234.0
臺北市內湖區金湖路７７號二十四樓之２,25.0814404,121.597185,46299972.0,35418868.0,14986455.0,26018736.0,30045616.0,43530150.0,57830990.0
臺北市萬華區東園街１７３號六樓,25.02420102,121.497383,43580000.0,46425984.0,19496872.0,35569570.0,52730896.0,84472930.0,115683224.0
臺北市信義區光復南路５６７號十一樓之２,25.03075399,121.557622,15679988.0,13556162.0,6361605.5,11146402.0,12773710.0,21411084.0,29290332.0
臺北市萬華區武昌街二段１２４之２號五樓之２０,25.04536628,121.5037647,3999999.8,4080822.5,1709713.9,1787412.8,3952712.2,7153507.5,11701911.0
臺北市松山區民生東路五段１７０號,25.05830602,121.562775,30199998.0,24448168.0,10782630.0,15111977.0,19632594.0,31562518.0,36845604.0
臺北市北投區中和街３９１巷２弄１號二樓,25.142548,121.49795,12599994.0,27398620.0,13188923.0,18012444.0,22877912.0,37443690.0,49700292.0
臺北市萬華區環河南路二段１４９巷１號,25.033603,121.493094,8330001.0,11296737.0,5883316.0,8003583.5,10238506.0,16988034.0,20192074.0
臺北市大安區仁愛路四段３１４號三樓之４,25.03733701,121.555269,69000050.0,69031250.0,26206802.0,41264570.0,57855264.0,82212290.0,148742060.0
臺北市信義區和平東路三段４６１之１號三樓,25.018684,121.558898,18900008.0,12636576.0,6160166.5,9274664.0,11663740.0,20392602.0,21141102.0
臺北市信義區吳興街２８４巷２０弄４８號四樓,25.02442301,121.561947,14499987.0,14958354.0,8278137.0,11412820.0,16137568.0,23958384.0,28087656.0
臺北市士林區福港街２７２巷１６號四樓,25.08349401,121.516869,15999987.0,19524858.0,10984670.0,13381678.0,18713410.0,29662968.0,35651344.0
臺北市萬華區西園路二段３７２巷４１號,25.02678771,121.4903899,10149998.0,8620618.0,4191032.5,5946487.5,6662316.5,11800846.0,15831176.0
臺北市內湖區新豐街１５６號五樓之１,25.06132459,121.5853931,57000036.0,39799572.0,14694908.0,24611596.0,34999684.0,60107884.0,67775780.0
臺北市內湖區民權東路六段２８０巷２５弄１２號,25.07061798,121.605882,1499999.2,29563276.0,12744701.0,22527950.0,35055736.0,64068776.0,98029570.0
臺北市內湖區星雲街１３１號六樓之３,25.08096699,121.595857,22000004.0,21989936.0,9209705.0,14372062.0,19846142.0,29744608.0,30136414.0
臺北市文山區萬慶街１３巷１３號,24.99227935,121.5399548,9000001.0,5980451.0,3702681.0,5140909.0,6494678.5,11818844.0,31571368.0
臺北市士林區福志路１１８號七樓,25.09859992,121.5278051,61999948.0,61109670.0,21131468.0,34635104.0,51954388.0,86901580.0,119431010.0
臺北市中山區民生西路４５巷５弄１４號,25.05833301,121.521329,5000000.0,4697406.0,1908632.0,2152606.5,3974742.8,7234297.5,13316752.0
臺北市中山區市民大道二段６７巷３３號,25.047445,121.528566,18000012.0,18381200.0,8315809.0,11293204.0,15145796.0,25342482.0,29808162.0
臺北市北投區中山路４７號七樓之２,25.13876298,121.511686,3339999.5,4600175.5,2829257.0,3252240.2,4499230.0,7848683.0,11228490.0
臺北市萬華區漢口街二段５１號十樓之６,25.04586798,121.506388,13680007.0,16708716.0,8185666.5,12086480.0,15133495.0,23143660.0,24252174.0
臺北市松山區民生東路五段１７０號十三樓之３,25.05830602,121.562775,32500012.0,31012024.0,13385022.0,19570532.0,27680904.0,42131684.0,66513950.0
臺北市內湖區麗山街３３８巷９號二樓,25.08237901,121.573478,22499994.0,18790666.0,9423648.0,12990814.0,20056540.0,30854080.0,41997296.0
臺北市松山區光復北路２３０巷５號,25.05601,121.555097,32999976.0,29857950.0,12010804.0,18865290.0,24357220.0,43095370.0,53967890.0
臺北市中山區林森北路８５巷９０號三樓之８,25.049006,121.527984,9400006.0,7460914.0,3447064.5,4848912.5,6104911.0,9878272.0,16957958.0
臺北市士林區忠義街７８巷７號五樓,25.10639098,121.531462,18619986.0,16990464.0,9651725.0,12391808.0,17247232.0,28685426.0,49273092.0
臺北市松山區健康路１５巷３２號,25.05487602,121.553089,43780030.0,30569684.0,12538596.0,19369996.0,26597322.0,47998384.0,61022316.0
臺北市大安區敦化南路一段１８７巷３７號六樓,25.04264502,121.551222,42000020.0,42574124.0,22445086.0,31557762.0,41152490.0,61279264.0,78732170.0
臺北市文山區羅斯福路六段１６６巷１號九樓,24.99702494,121.5410341,31949980.0,29940528.0,15011430.0,21284088.0,25855826.0,41619950.0,60259756.0
臺北市南港區園區街３６號,25.05922949,121.6123821,28250020.0,44866910.0,14621881.0,26577646.0,36240548.0,67053016.0,81767850.0
臺北市大安區和平東路三段６３號十二樓,25.02478498,121.549207,27899976.0,25064868.0,10926850.0,16897388.0,21510674.0,36034390.0,49259372.0
臺北市中正區忠孝東路二段６４巷２６號六樓,25.04251698,121.528124,108599944.0,60066856.0,18585780.0,36015908.0,56874496.0,98217100.0,139928130.0
臺北市中正區寧波西街４２號七樓之１,25.03087498,121.517978,38500020.0,29120656.0,12748542.0,19533090.0,27438418.0,44054700.0,78661320.0
臺北市北投區公路２０９巷１９之１號二樓,25.1323027,121.5026806,21000000.0,27742744.0,20104454.0,23338664.0,26643272.0,40188764.0,40685150.0
臺北市士林區通河街２巷３８之１號七樓,25.078114,121.522666,20300006.0,17343656.0,8451566.0,11342747.0,15236720.0,25406754.0,30256038.0
臺北市內湖區東湖路１１３巷９５弄１４８號四樓,25.06988599,121.613974,18000012.0,18068636.0,8793906.0,11715870.0,16502246.0,26130784.0,30088342.0
臺北市北投區中央北路二段１１３巷１號,25.13688401,121.494698,17399984.0,12446099.0,8215330.0,10422258.0,12673386.0,17830152.0,21813024.0
臺北市萬華區西寧南路１２５號七樓之３,25.04457202,121.506584,45000012.0,37254624.0,14110866.0,22523224.0,31199980.0,52599104.0,58359770.0
臺北市信義區信義路五段１２７號三樓之８,25.033964,121.573943,18000012.0,13458751.0,5439543.0,8742238.0,11453119.0,18966130.0,21872936.0
臺北市萬華區柳州街２３號,25.03881302,121.505494,27399980.0,25998892.0,11649466.0,19201596.0,21689064.0,39233690.0,39800788.0
臺北市大安區和平東路三段３４６巷５弄４號三樓,25.01906798,121.557575,8200004.0,8605611.0,4163786.8,6397635.5,7864214.5,12294952.0,20759698.0
臺北市大安區復興南路一段２００號八樓,25.03968801,121.543496,50679960.0,32281432.0,13145851.0,19073402.0,34515476.0,47839810.0,53597156.0
臺北市中山區撫順街２３號十三樓之１,25.063625,121.52039,44100016.0,31216230.0,14310407.0,21661776.0,25795878.0,44841850.0,60130016.0
臺北市南港區東新街１２６號三樓,25.04644189,121.5886404,41000024.0,29374700.0,11952346.0,19398020.0,26617824.0,45798190.0,51748384.0
臺北市文山區政大二街１０６號,24.98749239,121.5842669,27800004.0,24551628.0,13251937.0,19290210.0,23514264.0,41350292.0,49748184.0
臺北市士林區德行東路２８４巷７號四樓,25.10976399,121.536346,10999996.0,19286494.0,9626280.0,13438922.0,17763722.0,26801888.0,32726124.0
臺北市中正區連雲街７７號,25.03438599,121.530187,23300012.0,13959510.0,6529419.5,9136484.0,11419832.0,19518490.0,22402316.0
臺北市大安區泰順街６０巷１２號五樓,25.022344,121.530336,46499984.0,31088836.0,13261900.0,21679798.0,31062698.0,46938310.0,69090520.0
臺北市信義區基隆路二段１７號,25.03207502,121.559235,24499984.0,21516214.0,10229332.0,15319830.0,18448428.0,32740484.0,40304908.0
臺北市文山區萬寧街１２５號四樓,25.00361502,121.569453,16300006.0,21699572.0,10738687.0,15069838.0,19103548.0,32057598.0,38942256.0
臺北市南港區市民大道八段５２５號三樓,25.05435763,121.6138943,13320638.0,15235005.0,7106731.5,11419919.0,12077378.0,18579010.0,19652262.0
臺北市信義區信義路五段９１巷１２弄１號六樓之８,25.03372659,121.5714009,28500004.0,21815438.0,10518877.0,14908878.0,19924728.0,33176118.0,33461776.0
臺北市北投區溫泉路７１號七樓之５,25.135646,121.504801,6419999.0,8415671.0,4314419.0,6010590.0,8310331.0,13038077.0,18700244.0
臺北市中正區詔安街２６巷８弄１號,25.02478901,121.515616,15879986.0,13166779.0,6098673.0,8682747.0,11314462.0,18654396.0,23242620.0
臺北市北投區永興路一段２之１８號七樓,25.13895669,121.4998551,15800014.0,18772324.0,9705889.0,13778310.0,15518046.0,25004750.0,25414896.0
臺北市大安區仁愛路四段３００巷１９弄２號六樓,25.03614799,121.554553,42180010.0,40082130.0,18852412.0,24484568.0,34634836.0,50714580.0,85023000.0
臺北市萬華區民和街９８號十樓之２,25.02549501,121.497558,28359992.0,38471024.0,24621080.0,34027970.0,44334640.0,79211160.0,95613260.0
臺北市內湖區康寧路三段５６巷１５８號五樓,25.06725001,121.608725,58000004.0,55755296.0,16931360.0,26939292.0,48613016.0,88530920.0,95914270.0
臺北市中山區民權東路二段９號,25.06281699,121.528581,20000004.0,17668836.0,8427027.0,11064934.0,13335560.0,21762244.0,31231416.0
臺北市文山區興隆路二段２２巷７弄２號,24.99787098,121.545964,20000004.0,18589006.0,9240339.0,12986900.0,19064964.0,32603138.0,39317216.0
臺北市中正區齊東街７０巷１７號七樓,25.04287099,121.527785,17800012.0,16944508.0,8597867.0,13208232.0,14044436.0,20562972.0,21959088.0
臺北市大同區長安西路２８９號七樓之４,25.05210102,121.509293,15000010.0,27981088.0,11534254.0,18772754.0,25243680.0,46019030.0,55795190.0
臺北市內湖區民權東路六段１８０巷４２弄１５號十四樓之３,25.06759199,121.591999,22349992.0,15797001.0,7751112.5,12746354.0,14596106.0,17104300.0,22417148.0
臺北市信義區市民大道六段１０８號七樓之３,25.04899401,121.5724433,14249994.0,17694906.0,7780151.0,13650398.0,14728722.0,24277120.0,27767308.0
臺北市信義區林口街１２２號,25.039953,121.58053,13499990.0,21735944.0,9507238.0,11670594.0,17163942.0,30558666.0,31206884.0
臺北市大安區敦化南路二段１２８號十五樓,25.02610798,121.548315,35000016.0,29858292.0,15761487.0,21045992.0,27753964.0,39723356.0,54712360.0
臺北市北投區裕民六路１１４巷３６弄５號三樓,25.11407601,121.518754,23100000.0,19186292.0,11076146.0,15412738.0,19079478.0,30803804.0,41145660.0
臺北市文山區景華街３０號,24.99486301,121.542712,24000004.0,16871592.0,9799156.0,13313806.0,18509650.0,30934750.0,34315988.0
臺北市信義區基隆路一段３８０巷４號,25.03482399,121.559898,27899976.0,24368232.0,10814307.0,16226273.0,20078396.0,34733740.0,41236090.0
臺北市大安區青田街６巷４之２號,25.02796231,121.5317056,35000016.0,19184170.0,8778204.0,12740035.0,17586598.0,27922920.0,32480800.0
臺北市南港區研究院路一段９９號,25.05230491,121.6163716,26999992.0,22336100.0,9699541.0,15164238.0,18864786.0,32748790.0,35114828.0
臺北市南港區市民大道八段５２９號二樓,25.05435763,121.6138943,24049998.0,27715136.0,11334593.0,17885228.0,20211956.0,35708240.0,37077828.0
臺北市文山區福興路７８巷２０弄２６之４號三樓,25.00458401,121.551724,11980008.0,16441422.0,8431103.0,10892848.0,14367677.0,26555704.0,29071708.0
臺北市中山區長安東路一段５６巷１弄２８號六樓,25.047,121.52984,18999984.0,18300950.0,8596793.0,12962029.0,17037714.0,27915360.0,31083500.0
臺北市大安區忠孝東路三段２５１巷１４弄１０號二樓,25.0438653,121.5411809,72802024.0,123392430.0,78370940.0,96350850.0,153822050.0,325062900.0,381024860.0
臺北市內湖區內湖路三段６０巷１２弄７２號二樓,25.08920029,121.5912462,8500000.0,8988799.0,3570889.2,4889371.5,8034724.5,13065536.0,17982030.0
臺北市信義區信義路五段１１９號十二樓之３,25.03334999,121.5739149,45000012.0,38307960.0,14511386.0,21472388.0,30829902.0,50063924.0,52893680.0
臺北市松山區三民路７４巷９之１號,25.05589689,121.5649737,29399980.0,23608052.0,10118684.0,15257193.0,20365432.0,32842620.0,43055190.0
臺北市中山區農安街３２號七樓之９,25.064797,121.526654,15000010.0,15321817.0,7251863.5,10444307.0,13533428.0,19792386.0,22613360.0
臺北市中山區林森北路９６號,25.04992101,121.524667,7999997.0,8396087.0,3244155.2,5768856.5,7848361.0,12519908.0,20623894.0
臺北市中山區松江路４１６號七樓,25.06455799,121.533005,5000000.0,26760360.0,11501476.0,18330470.0,23387236.0,36632788.0,40570384.0
臺北市信義區信義路五段１１７號三樓之２,25.03334999,121.5739149,16600014.0,15035328.0,5596590.0,9098642.0,12330178.0,20136000.0,25819408.0
臺北市中山區錦州街５０號九樓之２５,25.06016298,121.526107,5050001.5,6208162.0,2432813.5,4246886.0,6073014.0,10064347.0,13563507.0
臺北市文山區樟新街３２巷５號,24.9783717,121.5548266,22499994.0,19418640.0,10697004.0,14399446.0,16898484.0,28610130.0,32851828.0
臺北市中山區長安東路一段７５之１號,25.04851201,121.527865,11799991.0,12480426.0,5874104.5,8311155.0,9981626.0,16353069.0,25600114.0
臺北市萬華區西昌街８１之１號六樓,25.04141501,121.500983,9500005.0,8420046.0,4390208.5,5965157.0,7830716.5,13144196.0,20834788.0
臺北市北投區清江路２４５巷５號二樓,25.12611402,121.501932,6800000.0,9840943.0,5912806.5,8625856.0,8694836.0,15052114.0,16818868.0
臺北市松山區市民大道五段１號,25.04547701,121.558144,11379998.0,11229689.0,4567564.0,7341181.5,9501745.0,15767471.0,20399604.0
臺北市文山區興隆路四段１４５巷８３弄２號,24.985613,121.564112,17500000.0,22691304.0,11733223.0,16293914.0,19836908.0,33801430.0,49746950.0
臺北市萬華區康定路１６２號,25.03949698,121.501811,14000013.0,14657622.0,6969753.5,9775243.0,11833641.0,21095224.0,26747908.0
臺北市松山區復興北路４２７巷２５號,25.063394,121.546364,2629999.5,6237442.5,3050265.0,3726934.5,6664477.0,12187225.0,15346560.0
臺北市信義區光復南路４１７巷１８７號二樓,25.03690899,121.560076,28999988.0,24234834.0,11740140.0,15498227.0,19946402.0,31903456.0,46853604.0
臺北市內湖區康寧路一段１９５巷３弄５號五樓,25.079049,121.597047,5624998.0,8816907.0,4900683.0,6005267.0,9515056.0,14822879.0,21298504.0
臺北市士林區基河路３０２號十一樓,25.09247831,121.520553,60829990.0,40339596.0,23190942.0,34486652.0,43050676.0,64243516.0,74637730.0
臺北市大同區環河北路一段３８９號,25.061396,121.508657,44299984.0,48469692.0,16271956.0,31883504.0,42061910.0,78609880.0,79590830.0
臺北市內湖區康寧路三段９９巷２號五樓之１,25.07172699,121.609927,25500016.0,21761620.0,10234465.0,14464685.0,19785328.0,33989500.0,46708252.0
臺北市大安區復興南路二段１５１巷４４號十四樓,25.0280618,121.5457201,26499996.0,25917348.0,13811937.0,17515896.0,25989820.0,39155044.0,49133824.0
臺北市中山區林森北路１０７巷４１號四樓之７,25.050114,121.52633,14499987.0,13105519.0,6578321.0,9853490.0,11743612.0,19616760.0,19948228.0
臺北市中山區長安東路二段６７號,25.04855602,121.533981,3350000.2,2907753.5,1058054.6,1150401.8,3970700.0,7745563.0,17131202.0
臺北市信義區和平東路三段１７９號十樓之７,25.02397198,121.5534796,20000004.0,21897020.0,11313534.0,13900579.0,20959944.0,30297156.0,32466120.0
臺北市士林區中山北路六段４４１巷３０號九樓之３,25.11660999,121.526995,64679990.0,72339160.0,29325662.0,35561156.0,51157590.0,70141336.0,97093390.0
臺北市松山區光復南路２２巷３８號四樓,25.04675701,121.555421,38580000.0,28712468.0,12372584.0,18621158.0,27653252.0,44969380.0,76045690.0
臺北市北投區立農街二段２９７號四樓,25.118712,121.516103,5000000.0,6732337.5,4032145.0,5348377.0,7658910.0,11172902.0,25400408.0
臺北市信義區中坡北路１５巷２１號七樓,25.04460701,121.580205,31999990.0,25170744.0,13116898.0,16111242.0,22579442.0,36950748.0,46583696.0
臺北市中正區中華路二段２９９號,25.02958501,121.504592,2899999.2,6879179.0,2963571.5,3653057.8,4876249.0,8553417.0,15941592.0
臺北市士林區中山北路七段１４巷１５號七樓之４,25.118855,121.531928,28500004.0,23552238.0,13302129.0,18589680.0,22526360.0,35957496.0,67727060.0
臺北市中山區民生西路４５巷５弄１６號,25.05833502,121.521384,12800001.0,10420688.0,6817103.0,7695987.5,8818883.0,15477372.0,15605607.0
臺北市萬華區民和街１００號七樓之１,25.02548299,121.497528,22769994.0,28185004.0,16615789.0,23329672.0,24752120.0,43655956.0,60553788.0
臺北市北投區榮華一路６巷２之１號,25.11200501,121.523965,18000012.0,21612542.0,10501957.0,15404157.0,20414978.0,32245556.0,41476280.0
臺北市中山區明水路５３７號,25.07833202,121.551722,34379990.0,24422674.0,10907714.0,18414784.0,22453650.0,37848880.0,38973910.0
臺北市內湖區文德路１０６號五樓之６,25.078185,121.583072,9600005.0,7656383.0,3627216.0,4853613.0,7056781.5,11700907.0,13098247.0
臺北市北投區北科路１９０號二樓,25.10455402,121.5168609,60999972.0,55654576.0,19624208.0,30585198.0,45869004.0,74093490.0,80068630.0
臺北市大安區臥龍街２８９號,25.01721998,121.558413,33249982.0,25969552.0,11458647.0,18629506.0,21715680.0,36831904.0,39810428.0
臺北市南港區經貿二路１５７巷３６弄１０８號五樓,25.06248699,121.614033,101999970.0,76497680.0,20304034.0,40298376.0,59423700.0,129453340.0,137872030.0
臺北市萬華區雙園街４０巷６號,25.029562,121.494015,10800002.0,14847044.0,7451535.0,10636538.0,12868052.0,20251280.0,23139688.0
臺北市士林區中山北路六段４４１巷３０號二樓,25.11660999,121.526995,61859972.0,60489836.0,23555112.0,35355556.0,48578536.0,70782936.0,81046460.0
臺北市信義區和平東路三段３９１巷８弄２４號四樓,25.020438,121.557443,2000000.4,484864.66,822635.56,1152318.9,3363968.2,6481110.0,19814030.0
臺北市北投區光明路２４２號十八樓之８,25.1361148,121.508004,18200002.0,18916996.0,9454579.0,14828846.0,18112560.0,26116932.0,28067732.0
臺北市大安區通化街３９巷５３弄２１號,25.03104601,121.555914,9500005.0,17921596.0,8253896.5,10482905.0,14572878.0,24112788.0,32625782.0
臺北市松山區市民大道四段３９之２號,25.04515104,121.5448219,175880160.0,114541090.0,29699766.0,50722610.0,93777340.0,190214980.0,191736830.0
臺北市中山區通北街６５巷２弄６號六樓,25.08295401,121.539564,29999978.0,32758598.0,13397206.0,20479094.0,27783626.0,48759736.0,50880064.0
臺北市文山區興隆路三段３０４巷３２之１８號,24.99597701,121.555263,14080002.0,19011910.0,9130021.0,15220715.0,18326206.0,30692140.0,31654820.0
臺北市中山區民生西路４５巷７弄５號二樓之１,25.058778,121.5210859,14680005.0,16463702.0,6923228.5,10682814.0,13023065.0,22436698.0,30788004.0
臺北市大安區建國南路一段３０８號三樓之２,25.0355673,121.5374273,22580002.0,28080048.0,12002308.0,19726808.0,24007696.0,37708224.0,39310170.0
臺北市內湖區星雲街１６３號十一樓之７,25.08125998,121.596442,10800002.0,9533986.0,4207492.0,6522337.0,8933915.0,14799968.0,18222754.0
臺北市大安區浦城街１３巷９號二樓之５,25.02455691,121.5273026,8824999.0,11042038.0,4011116.0,5704083.5,9115491.0,15044335.0,21145096.0
臺北市文山區汀州路四段２６３號六樓,25.00115971,121.5362157,41680012.0,36703570.0,14302084.0,24593716.0,33014142.0,57610916.0,79034136.0
臺北市大安區金山南路二段１８５巷４號,25.02832902,121.526604,299999.9,76898.57,299701.94,1111167.0,3193652.0,6559633.5,23153772.0
臺北市文山區試院路１４４巷４弄３２號,24.99059478,121.5478307,6180002.5,8664888.0,4395600.5,5396003.0,8325005.5,15070671.0,21651946.0
臺北市北投區稻香路１６１巷１６弄１０之２號二樓,25.14190094,121.4880264,22880008.0,22429380.0,12765940.0,16663237.0,20422222.0,23823184.0,34882456.0
臺北市中正區南昌路一段１２４號,25.0296749,121.5182267,26659996.0,17625720.0,8141244.0,12173402.0,15404744.0,26244368.0,30233136.0
臺北市萬華區柳州街７號,25.03908401,121.505533,36220024.0,36140736.0,14446074.0,24079052.0,29631076.0,58150320.0,62734852.0
臺北市中山區合江街６９之１號四樓之１,25.05851842,121.5392506,32999976.0,27174050.0,11932802.0,19077622.0,25271478.0,39850616.0,59326532.0
臺北市內湖區康寧路三段１６５巷２５弄２２號二樓,25.07201168,121.6117815,5000000.0,7035775.0,4491598.5,5726207.0,8488416.0,14304758.0,23786270.0
臺北市中正區汀州路二段２８７號六樓,25.022077,121.524381,21800008.0,18272246.0,9638277.0,13160251.0,16231876.0,27620252.0,36144940.0
臺北市大安區信義路四段２０８號,25.03303001,121.551839,33430008.0,27248164.0,13010900.0,17200844.0,21865468.0,41851840.0,48528340.0
臺北市中正區晉江街９９號,25.02359199,121.524029,11500007.0,11293699.0,5375560.5,8009493.5,10079120.0,16486484.0,16845160.0
臺北市松山區三民路１１３巷１３號,25.05785109,121.5626677,24999980.0,22988448.0,10887780.0,14777910.0,18454234.0,32231782.0,37053084.0
臺北市大安區仁愛路四段３４５巷２弄１號二樓,25.03856198,121.553939,58880010.0,63551516.0,34383930.0,40484660.0,53676444.0,68940584.0,88702480.0
臺北市大安區安和路一段１６號二樓,25.038673,121.550408,40130016.0,54148428.0,25116170.0,37295292.0,47778710.0,62814476.0,72208610.0
臺北市文山區秀明路一段１９巷５弄１號四樓,24.98992402,121.563698,16879994.0,18387408.0,10929101.0,12547783.0,18077770.0,29722152.0,38079144.0
臺北市北投區中央北路四段３５４巷２９號,25.12996601,121.470907,12650008.0,16407119.0,7968063.0,11875879.0,16213712.0,26016204.0,27808224.0
臺北市文山區興隆路三段３０４巷２５號二樓,24.99391598,121.558342,26350000.0,31690946.0,14821409.0,20544742.0,27393292.0,46991252.0,48533336.0
臺北市士林區德行東路２５８號,25.10974535,121.5344327,70799950.0,56150490.0,25384764.0,42956510.0,55171144.0,102047460.0,106152030.0
臺北市萬華區康定路１０５號十一樓之２,25.0392682,121.5020232,20100008.0,24988920.0,13568838.0,18339982.0,23242974.0,38508908.0,54942532.0
臺北市信義區崇德街３８巷１７號二樓,25.02374001,121.554342,25099984.0,21914444.0,11123974.0,16006977.0,20342682.0,30573008.0,40452550.0
臺北市信義區忠孝東路五段１０１號,25.04130102,121.567414,47000036.0,24712636.0,11421270.0,17011542.0,20783270.0,34878464.0,39250980.0
臺北市內湖區成功路二段２５０巷１２弄７號,25.06574001,121.589636,3999999.8,7728982.5,3623730.8,4717986.0,6943428.5,10714402.0,16442488.0
臺北市北投區大度路三段２９９號十一樓之２,25.12295999,121.46649,12599994.0,11717009.0,6330510.0,9577747.0,10567703.0,16116129.0,18444768.0
臺北市大安區延吉街７０巷２弄１６之１號,25.04310799,121.553725,24200006.0,24294028.0,12869378.0,18747634.0,27390470.0,37613908.0,38927776.0
臺北市士林區華齡街１８５巷１２號九樓,25.087943,121.519222,29600008.0,23836320.0,12326463.0,17480250.0,22805244.0,34329080.0,43321016.0
臺北市大同區民族西路３３８號九樓之１,25.06858399,121.509445,59037556.0,66849336.0,29116378.0,47822292.0,61093588.0,105787010.0,108258700.0
臺北市松山區敦化南路一段２５號十一樓、十一樓之１,25.04631801,121.549324,237999890.0,273873000.0,113314220.0,151190200.0,485165200.0,485165200.0,485165200.0
臺北市萬華區寶興街８０巷２２號,25.02566802,121.493808,18679996.0,11706287.0,5954625.0,9186775.0,11143723.0,20219052.0,20456100.0
臺北市內湖區民權東路六段１９１巷６２弄１０號,25.06929402,121.598061,68000040.0,62216260.0,21680170.0,35386188.0,57373944.0,88734630.0,116526060.0
臺北市松山區富錦街５７１巷７號二樓,25.06224199,121.56659,19800014.0,16094810.0,8250890.5,10890148.0,16149053.0,27115028.0,30218666.0
臺北市北投區泉源路４９之１０號六樓,25.1413426,121.5109215,2850000.8,4367412.0,2204659.0,3519086.8,5200982.5,9214941.0,14784986.0
臺北市中山區長安東路二段８１號十二樓之５,25.04854298,121.534552,16180008.0,13425216.0,7027735.0,9023567.0,10712399.0,18421704.0,19741752.0
臺北市萬華區長泰街３０８巷１９號三樓,25.021452,121.492749,10999996.0,13036112.0,6744033.0,10357456.0,11478356.0,18422864.0,19207896.0
臺北市大同區環河北路二段３９７號二樓,25.07764659,121.5089818,9000001.0,17439024.0,9329363.0,13517691.0,16119603.0,26284544.0,27431982.0
臺北市大安區信義路二段２０６號,25.03341,121.530579,115299940.0,60043030.0,18696072.0,35090188.0,48220536.0,95075330.0,114999700.0
臺北市中正區開封街一段４８號二樓之１１,25.04589699,121.512038,11980008.0,16497368.0,6999709.0,11030650.0,14589092.0,24046924.0,34428620.0
臺北市大安區敦化南路二段８１巷４７號七樓,25.03005301,121.550537,44500012.0,36584890.0,16236025.0,25372760.0,33855052.0,57466600.0,73339720.0
臺北市中山區林森北路４０９號八樓之４,25.05960299,121.525702,11249991.0,10289583.0,6943375.5,7881273.0,9596985.0,16203572.0,19899624.0
臺北市大同區赤峰街５３巷１９號三樓,25.05620601,121.520107,4199999.0,4124140.8,1810475.2,1987648.5,4301736.0,7728253.0,17088810.0
臺北市信義區松德路８３號五樓之１,25.03821698,121.576248,53500024.0,36714070.0,17798722.0,25344608.0,37817704.0,61930810.0,82396744.0
臺北市中山區市民大道二段６７巷１０號四樓,25.04677302,121.529016,18999984.0,14913713.0,7675757.0,10333126.0,14242930.0,22780984.0,27536354.0
臺北市萬華區康定路１０５號六樓,25.0392682,121.5020232,14949997.0,20074376.0,10717754.0,15233756.0,17899836.0,28868476.0,33141332.0
臺北市內湖區大湖山莊街２１９巷１６弄１３號,25.08875902,121.599035,25099984.0,26261594.0,11767603.0,15325792.0,22383096.0,41398350.0,41525196.0
臺北市信義區福德街２５０號,25.03875799,121.585329,23500006.0,22288648.0,10103699.0,14162852.0,17994656.0,30085874.0,35444750.0
臺北市士林區德行東路３５８巷１４弄１０號四樓,25.10982299,121.53893,3150000.5,4514557.0,2270678.2,2366012.0,5219805.0,8873949.0,19056166.0
臺北市松山區八德路三段１５５巷１２弄７號三樓之１,25.048869,121.555361,16999994.0,16396733.0,9108470.0,12586542.0,16411094.0,25088256.0,31300832.0
臺北市萬華區環河南路二段１２５巷７弄４號四樓之１４,25.03427099,121.493952,12280000.0,14349300.0,7937740.5,10876157.0,13197554.0,22565708.0,23691548.0
臺北市內湖區星雲街２１０巷４１號六樓之１,25.08001949,121.597846,3750001.8,13454952.0,6060014.0,9565388.0,11833957.0,19275976.0,24962624.0
臺北市內湖區星雲街４０號,25.07843901,121.591418,36999976.0,30273934.0,11773890.0,19320256.0,26500602.0,48911096.0,58693764.0
臺北市中山區撫順街６之１號六樓之５,25.06368799,121.52156,9050007.0,7784247.5,2946052.5,4993691.0,6519992.5,10600407.0,18670342.0
臺北市中山區復興北路４８６號三樓,25.06507599,121.544121,25600016.0,19412936.0,8963221.0,12139341.0,16361337.0,27904128.0,36934684.0
臺北市中山區雙城街１９巷８號六樓之１８,25.065328,121.524851,10320009.0,15183514.0,7205660.5,12099535.0,13675050.0,19569336.0,21753944.0
臺北市大安區臥龍街２６７號四樓,25.01876598,121.555183,20050000.0,14267591.0,8858990.0,12115886.0,16248882.0,27196190.0,36139220.0
臺北市文山區育英街７９號五樓之１,24.99265698,121.538814,18099990.0,20819772.0,11261584.0,15448409.0,18385654.0,29725382.0,30692024.0
臺北市中山區敬業三路１６２巷４７號十樓,25.07903702,121.558376,31499970.0,27754442.0,12156046.0,18702134.0,24246068.0,42097708.0,47427150.0
臺北市大同區哈密街８３巷５號,25.07304098,121.514804,14000013.0,14728384.0,6639394.0,9942105.0,13369586.0,21896644.0,26219552.0
臺北市大安區大安路一段１６９巷８號,25.03671,121.546718,50879970.0,29377558.0,12315324.0,17695886.0,26437648.0,44746070.0,57806950.0
臺北市文山區景興路１５３巷８號,24.993538,121.545063,9999996.0,11809492.0,5657810.5,8637620.0,11468421.0,18483260.0,26961346.0
臺北市士林區承德路四段５８巷３８號四樓,25.08227201,121.521249,15999987.0,15017873.0,8274546.0,11702246.0,15068401.0,26190812.0,38060120.0
臺北市北投區石牌路一段３９巷１３１弄２０號五樓,25.11813034,121.5089896,44600024.0,42549932.0,15627470.0,25783236.0,39703584.0,66307104.0,94447256.0
臺北市內湖區康樂街１８６巷１弄１３號五樓,25.076388,121.620833,16300006.0,20578706.0,10929038.0,14712998.0,17935582.0,30180246.0,34283144.0
臺北市大安區大安路一段１７０號,25.036666,121.545894,21000000.0,35239020.0,13996168.0,18358112.0,25814336.0,45290364.0,55277950.0
臺北市士林區社中街２７５之１號四樓,25.09180098,121.506615,14779996.0,15754965.0,9914458.0,12776926.0,14311062.0,23404996.0,27495050.0
臺北市信義區忠孝東路五段３７２巷２７弄８２之１號七樓,25.03935701,121.575757,37200020.0,28991028.0,13758116.0,18339912.0,24541234.0,38947090.0,65478500.0
臺北市中山區建國北路三段７１號十一樓之６,25.06499498,121.53723,21200016.0,21807908.0,11766212.0,15913187.0,19395912.0,30716914.0,37481270.0
臺北市北投區新民路５３之１號三樓之５,25.14032298,121.510258,8500000.0,10669700.0,6739333.0,9154066.0,9638277.0,18113044.0,18495462.0
臺北市大安區仁愛路四段３００巷３５弄４號三樓,25.035185,121.554447,28300014.0,24305708.0,11939996.0,15053492.0,20960104.0,32794108.0,66365812.0
臺北市中山區林森北路４１３號十三樓之１１,25.05976199,121.525709,10499994.0,10533855.0,6442182.5,8166695.5,9757174.0,17157298.0,18243968.0
臺北市北投區西安街一段１８７號六樓,25.11010999,121.5182,20080004.0,18753644.0,10602045.0,14537316.0,17593576.0,28532256.0,35372556.0
臺北市士林區中山北路六段４４１巷３０號三樓之３,25.11660999,121.526995,56579980.0,47460816.0,26801940.0,31294504.0,38203400.0,59031704.0,70182150.0
臺北市大同區延平北路二段２５５號十二樓之６,25.06239408,121.5113458,22880008.0,20458948.0,10676234.0,14902680.0,18844790.0,32249800.0,49346924.0
臺北市南港區福德街３５３號二樓,25.03951798,121.588966,16999994.0,13999772.0,7043294.5,10561457.0,13046634.0,20890100.0,21552812.0
臺北市內湖區成功路五段４２０巷１１號十二樓,25.07530598,121.607786,22060008.0,14141582.0,6982980.0,9982655.0,13576448.0,22551122.0,23610304.0
臺北市文山區興隆路三段２０７巷１３弄１０號二樓,24.99529502,121.562058,14680005.0,10675216.0,4863825.5,6753397.0,14735156.0,20281314.0,27711332.0
臺北市大同區延平北路四段１５５之１號二樓,25.07269309,121.5112998,5500000.5,5110748.0,2300472.2,2632832.5,3849727.5,6787314.0,10407240.0
臺北市信義區松平路３０巷６弄３號,25.0298394,121.5635004,34179984.0,29962522.0,12347971.0,19335446.0,23730352.0,38548370.0,41571320.0
臺北市士林區劍潭路１６號七樓之３,25.08391001,121.52388,17599986.0,15867180.0,6803263.0,10532609.0,13294723.0,21442634.0,24838144.0
臺北市南港區舊莊街一段２９０巷１弄５號四樓,25.03682999,121.623836,5700000.0,8209534.5,5325478.0,6574621.0,7650318.0,11233652.0,12078622.0
臺北市中正區晉江街１７３號二樓之１,25.02117599,121.526799,13750010.0,13340700.0,4861928.5,6765503.5,11032670.0,16625363.0,19803564.0
臺北市北投區致遠一路一段１０４巷２號六樓,25.10972011,121.5153902,30600020.0,25424352.0,12745722.0,18179220.0,22401292.0,36134464.0,49298944.0
臺北市信義區松德路７４號二樓,25.03835398,121.575749,30420028.0,32405616.0,15085626.0,19893136.0,29806342.0,42567788.0,58967896.0
臺北市大安區信義路四段２１０號,25.03302498,121.551895,51249984.0,33787124.0,14896456.0,18995780.0,27258300.0,52974852.0,61616572.0
臺北市大安區忠孝東路四段１８１巷４０弄２２號三樓,25.04389501,121.549774,22499994.0,20229736.0,11349390.0,17524852.0,20243672.0,27500976.0,30959718.0
臺北市大安區新生南路一段１６５巷２０號五樓,25.03408399,121.534903,69600010.0,51598470.0,16081370.0,34144604.0,55092696.0,87565290.0,115294000.0
臺北市大同區昌吉街１１０巷１２號三樓,25.06544501,121.514672,12500008.0,15360500.0,7926499.0,10823593.0,14849904.0,25074000.0,29553580.0
臺北市北投區文化三路１３０號,25.139693,121.498597,11199999.0,19770050.0,8538698.0,13610414.0,18541026.0,29142658.0,31653732.0
臺北市中山區明水路３９７巷１１號十二樓之１,25.07851801,121.547838,65999984.0,50181420.0,17152422.0,33290214.0,47699130.0,77455230.0,111894140.0
臺北市士林區重慶北路四段２２２號七樓之３,25.0858689,121.511468,30500028.0,35595900.0,15437570.0,24966196.0,31585764.0,54076388.0,56858116.0
臺北市內湖區民權東路六段２０６巷１４３弄４５號三樓,25.06478099,121.59706,13000010.0,35712188.0,16508038.0,23166140.0,32253614.0,50396564.0,58277788.0
臺北市中正區仁愛路二段７４號六樓之２,25.03799801,121.530093,95999930.0,68510504.0,25062286.0,43258016.0,61482388.0,100171070.0,111752310.0
臺北市士林區忠義街１３１號三樓,25.10800898,121.532857,17599986.0,14953704.0,8097958.0,10997311.0,14790035.0,25266416.0,36781216.0
臺北市大同區延平北路四段１５５之１號,25.07269309,121.5112998,10499994.0,5539406.5,2502558.0,2739261.5,4018961.8,7101291.5,10310801.0
臺北市文山區興隆路二段１５０號四樓,25.001382,121.550978,4400000.0,5051109.5,2768666.2,4276416.5,6140061.0,10122294.0,24003484.0
臺北市士林區社子街６３巷１１號五樓,25.08795054,121.5069524,12500008.0,16592290.0,10517954.0,14052797.0,15715079.0,25307124.0,28766188.0
臺北市士林區通河街３２５巷２之１號,25.08151278,121.5177658,2000000.4,3806826.0,1079946.1,1857128.6,3676053.5,7570078.0,17036738.0
臺北市文山區興隆路一段２５１巷２弄１號四樓,24.999577,121.544648,12500008.0,14590790.0,8403585.0,10656561.0,13873032.0,22795676.0,27832422.0
臺北市中正區羅斯福路三段１３６號十九樓之１,25.02037799,121.528236,138995790.0,107155120.0,38178924.0,68767760.0,86185680.0,152124820.0,237581260.0
臺北市松山區民生東路四段７１之１號二樓,25.05804601,121.551202,22999982.0,16571069.0,7008212.0,11683601.0,14994031.0,25926148.0,26955124.0
臺北市文山區新光路一段３２巷４弄３號二樓之２,24.98943401,121.573129,13600008.0,19230844.0,10078120.0,13504908.0,16160177.0,27281916.0,29213504.0
臺北市南港區研究院路二段９０號四樓,25.04448899,121.615577,41500020.0,45129630.0,16711329.0,26672406.0,39589096.0,68431490.0,74453310.0
臺北市松山區塔悠路３２３號四樓之６,25.061467,121.568938,10499994.0,10107650.0,4297766.5,5793816.0,9230439.0,15150130.0,24035004.0
臺北市南港區經貿二路２４５號六樓之２,25.06045085,121.6147549,22700004.0,17242890.0,9104961.0,12644315.0,14949027.0,21982892.0,25554304.0
臺北市士林區承德路四段２巷２１號十樓,25.07936985,121.5201881,49800024.0,41117104.0,15043991.0,23624494.0,30870032.0,45645410.0,55134850.0
臺北市內湖區民權東路六段２１０巷２１弄９號四樓之１,25.06686201,121.598093,18300008.0,16639798.0,7583887.0,13114396.0,14908878.0,16027568.0,21117446.0
臺北市松山區五常街２８１巷９號三樓,25.06459601,121.544914,18000012.0,13934637.0,7204939.0,10672916.0,13942294.0,23522070.0,35252868.0
臺北市中山區德惠街１２號三樓,25.06656198,121.523756,58999960.0,42156684.0,15660142.0,25847986.0,34762040.0,42017330.0,57176544.0
臺北市內湖區星雲街１５０巷１４號六樓,25.07976151,121.5958296,32500012.0,28366808.0,12556809.0,19777066.0,25509794.0,43449940.0,53120452.0
臺北市北投區天母西路１１６號九樓,25.11881401,121.523,129879970.0,122774536.0,54679188.0,57599380.0,84306500.0,135425500.0,176167220.0
臺北市信義區祥雲街６１號四樓,25.016907,121.575213,15000010.0,17885876.0,9794858.0,13183716.0,15208208.0,25921896.0,26107122.0
臺北市內湖區新明路４５８號五樓之２,25.05362799,121.578724,12680010.0,22009070.0,9210865.0,15822663.0,15836189.0,17023680.0,25691046.0
臺北市大安區建國南路一段３１８巷１號四樓,25.03532728,121.5374305,45000012.0,36222788.0,13622438.0,24384274.0,35756220.0,59532268.0,83164090.0
臺北市大同區延平北路二段２７２巷４０號四樓,25.06204669,121.5099828,14000013.0,12900319.0,6700330.5,9651596.0,11993543.0,20796912.0,28419556.0
臺北市萬華區青年路１６８巷４９弄１３號五樓之１,25.01931801,121.501721,8799997.0,8260661.0,4672305.5,6206978.0,7849244.0,12566177.0,16214331.0
臺北市大安區潮州街１４６號四樓之１,25.02845399,121.528627,12500008.0,8531625.0,3564068.0,5101364.5,8168526.0,12470978.0,19626228.0
臺北市中正區廈門街８６號,25.02435901,121.517331,24000004.0,23600084.0,10955774.0,17512956.0,18304756.0,33746164.0,34447536.0
臺北市大安區忠孝東路三段１８０號,25.04145889,121.5389122,23500006.0,22295152.0,11045092.0,15301315.0,19630608.0,35341940.0,47499396.0
臺北市內湖區康樂街６１巷１２弄８號五樓,25.06878,121.618892,14549993.0,12549147.0,7433854.0,10014426.0,12383018.0,21138562.0,25554988.0
臺北市萬華區東園街６６巷２４弄８號,25.02482299,121.495502,20000004.0,24271148.0,11546338.0,17901406.0,20993392.0,32970596.0,40523056.0
臺北市文山區萬壽路５２號,24.98742202,121.587645,32999976.0,33314288.0,14002149.0,22569582.0,28193716.0,50720964.0,53007804.0
臺北市南港區經貿二路２３５巷２６號八樓,25.06120201,121.614941,34500010.0,23856878.0,11732686.0,16869566.0,19852804.0,34313236.0,37937056.0
臺北市中山區林森北路４０９號九樓之１４,25.05960299,121.525702,6220002.0,7546543.0,3100043.5,5468087.0,6632749.0,11180128.0,15161086.0
臺北市大同區民權西路１５３號十樓之１,25.06314501,121.516434,14900008.0,15578662.0,7676518.5,12659808.0,14900747.0,24677450.0,28553816.0
臺北市大同區民生西路３２３號十樓之３,25.05704701,121.511926,15330002.0,11179510.0,5811164.0,8076571.0,10057841.0,17237956.0,29664610.0
臺北市北投區知行路２９３巷１６號六樓之８,25.12216912,121.4665235,16099999.0,17277062.0,9263297.0,14098679.0,15798779.0,23475098.0,25714824.0
臺北市松山區慶城街２３號五樓,25.053514,121.5452,57210030.0,48254490.0,19980330.0,30946790.0,50658024.0,86111736.0,134278860.0
臺北市松山區南京東路五段２５０巷３號三樓,25.05065489,121.5658419,15300002.0,28042156.0,12431318.0,17381906.0,25574296.0,41540564.0,42128550.0
臺北市內湖區內湖路二段１０３巷１８號,25.08055339,121.5820451,230060050.0,420353860.0,112582620.0,135123360.0,485165200.0,485165200.0,485165200.0
臺北市大安區溫州街７４巷３弄６號六樓之３,25.019222,121.532354,15379995.0,8698710.0,4319454.0,7432705.5,9428089.0,14577660.0,36929824.0
臺北市信義區信義路五段１１７號十四樓,25.03334999,121.5739149,22510984.0,24147674.0,12670582.0,16265874.0,21578642.0,34309836.0,36349304.0
臺北市中正區羅斯福路一段８３巷２號四樓之５,25.031403,121.519855,18820006.0,14174175.0,5747736.0,8851559.0,12145872.0,18483226.0,30196196.0
臺北市大安區復興南路一段７６號十五樓之３,25.04388902,121.543593,34599976.0,38095636.0,18011482.0,23132408.0,31238924.0,47169680.0,72130700.0
臺北市文山區指南路三段３２巷５號九樓之９,24.982731,121.580205,6879999.0,7970753.5,4196944.0,5773243.0,7183231.5,11643247.0,13048576.0
臺北市內湖區星雲街１６８巷１１號四樓,25.08063599,121.59692,24760004.0,18695964.0,8517349.0,11882631.0,14976825.0,26555350.0,41761576.0
臺北市中山區五常街６５號四樓,25.06444098,121.540044,16999994.0,13778915.0,7792745.0,10087197.0,14009870.0,21734948.0,25039112.0
臺北市萬華區中華路一段１８２號十一樓,25.038997,121.506954,53930020.0,55796788.0,18250684.0,36820664.0,53556996.0,87474140.0,123184090.0
臺北市文山區秀明路二段８號二樓,24.99155501,121.574147,19149988.0,19223436.0,11073042.0,13296600.0,18616648.0,30646748.0,36381004.0
臺北市大安區新生南路一段１５７巷４２號,25.034884,121.536703,43680024.0,20231628.0,8731556.0,13492087.0,18920208.0,31258412.0,35250650.0
臺北市松山區延壽街３５１號三樓,25.05669501,121.559144,6299999.0,9784010.0,4434395.5,6864826.0,8338625.0,12784898.0,28401566.0
臺北市北投區珠海路１１４號六樓,25.14181802,121.506084,21600014.0,22935454.0,11181685.0,15068286.0,20966342.0,36765504.0,38742524.0
臺北市信義區光復南路５６７號六樓之１４,25.03075399,121.557622,15999987.0,12831290.0,6277790.0,9962910.0,12313962.0,20756648.0,29760782.0
臺北市中正區金山南路一段５９號十七樓,25.03850498,121.528601,157599940.0,165393440.0,67338440.0,84919600.0,142488600.0,150832460.0,248876200.0
臺北市中山區長安東路二段４９號,25.04860199,121.532287,24600002.0,20049924.0,9648982.0,12852599.0,16249006.0,28507670.0,34850136.0
臺北市北投區泉源路２８號四樓之４、四樓之５,25.13956291,121.5063603,9299996.0,11688706.0,5717230.5,8023866.5,10214164.0,16726221.0,21310898.0
臺北市信義區吳興街４３２巷１３６號四樓,25.02277701,121.567455,14000013.0,16957506.0,8741254.0,10604006.0,16142371.0,26766332.0,34825484.0
臺北市北投區行義路１８６巷２６弄２３號三樓,25.13162298,121.529281,12559994.0,15777188.0,9867332.0,10331116.0,12548070.0,22828788.0,26648100.0
臺北市文山區福興路６０巷６號,25.00375001,121.550563,5000000.0,10893783.0,5269889.0,8214727.0,10159682.0,17414128.0,17468952.0
臺北市信義區福德街１６９號七樓,25.03777002,121.583601,90000060.0,101928790.0,40935404.0,62126492.0,94518616.0,168926610.0,171443200.0
臺北市大同區迪化街一段３１２巷５號三樓之１,25.06176888,121.5090128,4160000.2,4786337.0,2469850.0,3516235.2,6391842.0,10144463.0,13633251.0
臺北市信義區中坡南路２７７號二樓,25.03876202,121.584252,13499990.0,13578442.0,6918034.0,9812491.0,11559206.0,19360836.0,23429964.0
臺北市信義區信義路五段１５０巷１８號,25.02801901,121.569029,27040708.0,18138212.0,9270031.0,12264246.0,16904028.0,28761360.0,29171076.0
臺北市文山區萬美街二段２巷５號二樓之４,25.00352258,121.5629436,5000000.0,19379160.0,8841789.0,12447025.0,16130552.0,26378060.0,26625288.0
臺北市士林區中正路３３９號,25.09441932,121.5228212,65880000.0,49008124.0,16992278.0,31369684.0,43286984.0,79750240.0,100268750.0
臺北市萬華區西園路二段３７號十樓之３,25.03176539,121.497308,38930004.0,41027484.0,18147902.0,29458862.0,35760450.0,72290744.0,85551030.0
臺北市文山區萬利街３０巷３１號,25.00127701,121.564245,14680005.0,14756644.0,7645103.0,10575486.0,12858141.0,23353804.0,24093156.0
臺北市萬華區萬大路５３４巷２８號,25.01916601,121.495871,18000012.0,10755968.0,5885083.5,9403951.0,11173221.0,12895374.0,17716250.0
臺北市信義區虎林街２３２巷２１號,25.03637401,121.576874,20000004.0,14977082.0,7408531.0,10557348.0,12861673.0,18141638.0,24169608.0
臺北市內湖區內湖路一段４１１巷７４弄１５號,25.08422998,121.57128,76800020.0,81293240.0,23190500.0,49431896.0,68493910.0,138977760.0,168446560.0
臺北市中山區雙城街４９巷１２號四樓,25.06786302,121.525233,12500008.0,7713784.0,3428720.5,5013651.5,7537854.5,11629641.0,15822844.0
臺北市士林區延平北路六段２２８號六樓之１,25.089468,121.504431,11699992.0,14564875.0,8450100.0,12481140.0,12572410.0,17560252.0,21764608.0
臺北市中山區南京東路三段２２３巷１０號二樓,25.05295199,121.5434082,29500022.0,27782884.0,13117773.0,18050380.0,23388930.0,42443908.0,52331520.0
臺北市萬華區國興路４８號七樓之３,25.02541899,121.50734,12599994.0,10119630.0,9311639.0,10380853.0,10810760.0,17137870.0,26639816.0
臺北市信義區吳興街６００巷３７弄９號二樓,25.02101602,121.570162,18529996.0,17253384.0,8414523.0,12207558.0,15878351.0,26067018.0,27648084.0
臺北市信義區永吉路１２０巷４３弄７號四樓之１,25.04437701,121.570654,18500014.0,16692853.0,7834339.5,13827014.0,16364801.0,24958388.0,31691852.0
臺北市內湖區星雲街１５０巷１４號六樓,25.07976151,121.5958296,32249984.0,27132668.0,11385252.0,18392564.0,25762788.0,43599290.0,58801896.0
臺北市北投區致遠一路一段１０４巷２號,25.10972011,121.5153902,18900008.0,15880895.0,7946526.5,11783235.0,15599655.0,25733468.0,30353608.0
臺北市北投區新民路６２巷１５弄１號,25.13935002,121.5110127,15029995.0,16421708.0,10544690.0,13420889.0,13596350.0,21969896.0,26645406.0
臺北市大同區民族西路１８１號,25.06874199,121.515106,17500000.0,15992969.0,8733014.0,11851531.0,16818932.0,28220346.0,33112520.0
臺北市文山區羅斯福路五段２３６巷１８號,25.001757,121.537599,19979986.0,17133130.0,8213567.5,11141215.0,14967915.0,24843784.0,28371788.0
臺北市士林區社正路４５巷１３號,25.089661,121.509537,12979990.0,18573590.0,9819419.0,13134723.0,17373322.0,27334104.0,31489698.0
臺北市中山區民權東路一段７巷１１號四樓之１、四樓之５,25.0634929,121.5232404,2500000.8,2338380.2,596708.56,1110257.1,3209333.2,6231669.0,14014466.0
臺北市內湖區成功路四段３２３巷２弄６號二樓,25.08429201,121.599017,18999984.0,16787170.0,8711403.0,10560349.0,14788455.0,24100602.0,29818112.0
臺北市文山區興隆路三段１３７號三樓,24.99831401,121.558763,7280003.5,9946240.0,3587683.5,5703996.5,8390932.0,13454080.0,17305094.0
臺北市內湖區文德路２１０巷３０弄１０２號四樓,25.07640871,121.5846037,32500012.0,27787600.0,12432931.0,19000600.0,24920808.0,42162470.0,51956470.0
臺北市中山區南京東路二段１０８號七樓之１１,25.051839,121.532169,17500000.0,15329709.0,6916385.0,10868194.0,13874990.0,22042512.0,24075148.0
臺北市松山區東興路２巷６號三樓,25.0508232,121.5650659,13249991.0,10631894.0,5939199.0,8158008.0,10286463.0,15815059.0,22957776.0
臺北市北投區光明路１８５號十三樓,25.13594398,121.50331,37999988.0,38428784.0,18318762.0,27362586.0,36504730.0,61638788.0,80853000.0
臺北市信義區虎林街１１６號,25.04221599,121.576763,35800030.0,14645801.0,6094707.5,9546359.0,12789508.0,18919666.0,22598400.0
臺北市中山區林森北路８５巷１１號,25.049739,121.525578,8300002.5,7840102.0,3313846.2,4674953.0,7505073.5,11708051.0,21025810.0
臺北市文山區興隆路四段１５１號,24.98476102,121.561776,13899996.0,21568848.0,11647245.0,15805711.0,19127466.0,31585644.0,48347170.0
臺北市中山區林森北路８５巷５６號五樓之１,25.04925201,121.526918,24000004.0,24918004.0,10387270.0,14934322.0,20047018.0,32283588.0,32980910.0
臺北市文山區興隆路三段２５５巷２９號,24.992703,121.56052,16999994.0,19304564.0,10266509.0,14155452.0,16949228.0,29559724.0,33777396.0
臺北市松山區南京東路三段３３５巷５號六樓之４,25.05222599,121.547485,10199991.0,8199886.5,3137824.5,4860983.0,7602773.0,12762459.0,25331318.0
臺北市松山區新東街５１巷９號,25.061503,121.564651,27999986.0,20353392.0,8464214.0,12120115.0,18386496.0,30402510.0,31518542.0
臺北市內湖區內湖路一段４１１巷９０弄２７號四樓之５,25.08484002,121.57147,19219990.0,18685304.0,9363591.0,13776103.0,17796890.0,29634184.0,37602860.0
臺北市文山區福興路８１之１號,25.00420402,121.549691,9920000.0,10472234.0,4917832.0,7484645.5,9918467.0,16652752.0,21936944.0
臺北市中山區新生北路三段６２巷２３之１號,25.06590899,121.526689,31999990.0,25310212.0,11914426.0,17588408.0,23756800.0,40692056.0,50809948.0
臺北市文山區政大二街２０７號五樓,24.98865553,121.5869132,20519992.0,22654546.0,13426957.0,17157330.0,19369330.0,27456532.0,33777460.0
臺北市文山區木柵路二段１０９巷１００弄７０號六樓,24.992733,121.561792,19600004.0,21845876.0,12588487.0,16161471.0,20931060.0,37554770.0,45097104.0
臺北市內湖區康寧路三段１８９巷１５９弄２５號,25.07524199,121.61178,35379976.0,29863362.0,11935556.0,17364012.0,24474202.0,51222424.0,60142864.0
臺北市大同區長安西路１３８巷５弄１號,25.05012498,121.517647,2185834.0,977844.56,581341.94,1170228.8,3310510.5,6422865.0,17125616.0
臺北市中山區新生北路二段１３７巷４７號二樓,25.061302,121.529354,16600014.0,16133721.0,7439897.0,10813440.0,15830089.0,24859092.0,26232008.0
臺北市北投區西安街一段２８１巷９號二樓,25.11164799,121.516459,18000012.0,20726622.0,10419276.0,14854210.0,17795464.0,29870084.0,38690170.0
臺北市士林區芝玉路一段２２６號三樓之３,25.10892001,121.534295,62999972.0,53673268.0,22106678.0,32978520.0,50831080.0,86760980.0,105917830.0
臺北市大安區四維路１９２巷４號,25.02719612,121.5477207,21339980.0,15770629.0,8544376.0,12016876.0,13552750.0,24179796.0,24700006.0
臺北市內湖區康寧路三段１８９巷９１號,25.073059,121.612459,24499984.0,24040092.0,10298379.0,15049731.0,20387506.0,35458884.0,46455748.0
臺北市文山區福興路１９號二樓,25.00258702,121.551467,10999996.0,12615696.0,6147425.5,8879815.0,10925683.0,17600222.0,21131346.0
臺北市中山區林森北路１１９巷８１號二樓之３,25.05035,121.527739,10199991.0,9576706.0,3667950.0,5152350.0,8589540.0,13351442.0,16999702.0
臺北市內湖區東湖路１１３巷４９弄１００號,25.07072401,121.615309,16099999.0,20440460.0,9814326.0,12888145.0,17373288.0,29353026.0,37293510.0
臺北市南港區東明街５１號六樓,25.05607999,121.60419,38679984.0,25194472.0,12659180.0,17561860.0,20805798.0,35951324.0,40992130.0
臺北市中山區長安東路二段１６６號五樓,25.04821802,121.539741,32280016.0,21865468.0,10661359.0,16611955.0,19666174.0,33196056.0,44005068.0
臺北市文山區木新路二段１１１巷１２弄２之１號四樓,24.98363298,121.570227,10399997.0,10465045.0,6906379.5,10540487.0,10955398.0,19161168.0,24365816.0
臺北市萬華區民和街８１巷７號三樓,25.025227,121.498278,30129978.0,31777804.0,15478021.0,24099500.0,30749564.0,52084664.0,62839400.0
臺北市南港區玉成街２３１巷１１號三樓,25.04367301,121.58581,15700009.0,12608528.0,6254532.0,8382070.0,11441110.0,17033944.0,25206344.0
臺北市中山區林森北路１０７巷４６號四樓之１,25.04993601,121.526438,5420000.5,6509306.0,2197056.8,3148589.0,5649884.5,9181467.0,15299856.0
臺北市萬華區西園路二段３７２巷１０１弄２２號,25.02741501,121.490062,600000.0,10008.791,209234.95,747436.9,1709153.0,3696594.8,7762127.0
臺北市北投區中央北路三段４０巷３４弄１６號八樓,25.13956199,121.485987,20000004.0,26724348.0,14715889.0,20558344.0,23792624.0,46325676.0,46844490.0
臺北市文山區萬美街二段４９號六樓之１,25.00517762,121.5645728,6800000.0,7021665.0,3817026.5,4935578.5,7002453.0,12096766.0,12467030.0
臺北市士林區德行東路３５８巷１４弄２號四樓,25.109918,121.539194,22999982.0,25611982.0,15153194.0,16242560.0,23898778.0,40956332.0,53131190.0
臺北市文山區和平東路四段６６巷３９號十樓,25.0055051,121.565006,35999972.0,39193224.0,15765696.0,27744120.0,39930280.0,65101052.0,78803680.0
臺北市內湖區安康路３４８號二樓,25.06589202,121.612022,17660010.0,21901616.0,8493874.0,13462679.0,16752274.0,28091244.0,30352624.0
臺北市士林區雨農路３２巷１６號二樓,25.097845,121.533113,42000020.0,41266932.0,16279158.0,26315044.0,40773710.0,68107260.0,76304020.0
臺北市北投區天母西路１１５號六樓之２,25.11901199,121.523341,68000040.0,69067330.0,21444556.0,36286750.0,57314880.0,101169920.0,130748910.0
臺北市大安區忠孝東路四段２３３號七樓之１６,25.04165511,121.5536086,15300002.0,11643069.0,5468535.5,9034485.0,10937150.0,15731603.0,29651316.0
臺北市萬華區和平西路三段３８４號五樓之１４,25.03533202,121.491281,3679999.5,3384924.5,1729847.6,2147214.2,3751400.2,6719726.5,11224914.0
臺北市萬華區漢口街二段２７號七樓之１,25.04557902,121.507706,25500016.0,21074030.0,10503139.0,16047512.0,19724852.0,30372140.0,30929500.0
臺北市萬華區成都路１０６號十樓之２,25.04355998,121.5021,17199990.0,15077313.0,7398576.0,10519599.0,13135875.0,22357496.0,23887976.0
臺北市萬華區中華路二段４１６巷５８號,25.02736669,121.5043944,36449976.0,38821892.0,14120181.0,23058666.0,33252266.0,56350370.0,68786650.0
臺北市內湖區星雲街１３８巷１弄５號,25.07975501,121.595542,21200016.0,17975960.0,8745182.0,11741416.0,15689292.0,27739570.0,27871468.0
臺北市文山區興隆路三段２２１巷４弄１６號二樓,24.99362899,121.560099,1499999.2,482962.8,990136.6,1545509.8,3714068.8,7184177.0,20817310.0
臺北市內湖區陽光街７８號,25.07592599,121.586119,20800006.0,15721644.0,7222502.5,9714501.0,12762605.0,21979830.0,24262446.0
臺北市中正區汀州路一段１９８巷４號四樓,25.02799001,121.508983,1000000.1,27851.746,386930.9,949788.0,2745669.2,6190242.0,21621160.0
臺北市內湖區民權東路六段１９０巷１１７弄３７號四樓,25.06446998,121.59461,22999982.0,19001396.0,10198026.0,13859491.0,15401072.0,21933512.0,26825208.0
臺北市中正區汀州路二段２０１巷２號三樓之１,25.02382701,121.522522,12750002.0,11926544.0,6389891.5,8528078.0,11983276.0,17853770.0,23938604.0
臺北市內湖區康寧路一段１９５巷２弄２號三樓,25.07865899,121.596701,21500010.0,19737686.0,9440253.0,12763871.0,17041614.0,29172856.0,38499948.0
臺北市中正區齊東街８２巷２１號三樓,25.04203402,121.527979,13660009.0,9204735.0,4932529.0,7298752.0,8955223.0,14343581.0,24994452.0
臺北市文山區萬美街二段２巷３號三樓之５,25.00352258,121.5629436,9400006.0,14784450.0,7198943.0,10150114.0,13326356.0,21569754.0,23989248.0
臺北市萬華區康定路１０５號二十二樓之１２,25.0392682,121.5020232,11600000.0,15180010.0,6163551.5,12819865.0,14720577.0,25121344.0,25786532.0
臺北市北投區天母西路１１５號六樓之１,25.11901199,121.523341,78879930.0,91580190.0,25886618.0,48148490.0,75539144.0,141873280.0,192465230.0
臺北市大安區仁愛路三段１２３巷２６弄７號七樓,25.039176,121.541484,43500024.0,32399682.0,12814634.0,21403368.0,32523514.0,50602690.0,70771600.0
臺北市萬華區艋舺大道５７號四樓,25.03382801,121.503877,9000001.0,8553540.0,6704715.5,7478481.0,8830522.0,10965914.0,16768962.0
臺北市內湖區康寧路一段２６９號五樓之１,25.07897801,121.598832,42999960.0,33979388.0,13077976.0,20617522.0,27929420.0,51002880.0,52752930.0
臺北市文山區興隆路三段１８５巷７弄１０號五樓,24.99584902,121.56171,12500008.0,12543787.0,7933487.0,10171238.0,13703458.0,23603956.0,34990604.0
臺北市萬華區漢中街１６０號七樓之１３,25.04116301,121.506566,11999996.0,15872931.0,7669223.0,13062545.0,14474620.0,20442994.0,22228066.0
臺北市大同區寧夏路３２號,25.05594102,121.515145,9649995.0,8984274.0,4196199.5,6289679.5,8251960.5,13509881.0,22290392.0
臺北市文山區汀州路四段２５１號九樓,25.00190499,121.5361622,34500010.0,40882736.0,15710673.0,25307510.0,36689428.0,61457532.0,79999790.0
臺北市北投區光明路２４２號二樓之１６,25.1361148,121.508004,10459996.0,11200490.0,5427345.5,9054082.0,9728853.0,15202320.0,16371295.0
臺北市文山區景福街３巷１７號,24.99885401,121.539635,18600002.0,18155380.0,8238640.0,11566572.0,16308185.0,26753724.0,28387268.0
臺北市中山區基湖路１５７巷７號十二樓,25.07680701,121.564195,179999870.0,86986320.0,28001000.0,49721056.0,76337350.0,136185490.0,157682620.0
臺北市文山區木新路二段７０號七樓,24.98562599,121.570465,55889984.0,52894484.0,22206156.0,38174264.0,56220036.0,90072536.0,124142420.0
臺北市松山區饒河街１９６號,25.050738,121.576855,18699994.0,15506654.0,7673854.0,10716609.0,13229562.0,19093712.0,25622144.0
臺北市中山區中山北路三段３９號七樓之１２,25.06603799,121.522533,8250001.0,7063292.5,2852665.5,4419551.5,6591333.0,11052700.0,18577380.0
臺北市信義區林口街２２４號二樓,25.04218502,121.581216,22999982.0,21823262.0,11208376.0,14515538.0,19651776.0,32800864.0,40905588.0
臺北市松山區八德路三段７４巷３５弄３之１號四樓,25.04678199,121.552804,30799986.0,25104004.0,11147868.0,16362460.0,24793036.0,38022750.0,64557480.0
臺北市大安區八德路二段１０巷７號二樓,25.04427898,121.53447,25299980.0,19051404.0,8631658.0,12538883.0,17182808.0,27018230.0,30633130.0
臺北市松山區民生東路五段４８號三樓,25.05822899,121.55758,30080022.0,20627514.0,9549838.0,14221159.0,22205184.0,33119090.0,38817970.0
臺北市北投區自強街５巷６１號,25.11103699,121.51189,28999988.0,28595020.0,13761895.0,18486646.0,26215052.0,42710030.0,64065840.0
臺北市萬華區環河南路二段２５號十樓,25.039126,121.497685,22999982.0,23053828.0,14308278.0,19333564.0,19477582.0,33129514.0,38713196.0
臺北市北投區中和街５２３號二樓,25.145244,121.493798,10999996.0,14843221.0,8691230.0,10315148.0,13131542.0,21828342.0,22697494.0
臺北市北投區自強街５１號五樓,25.11044799,121.513467,14099996.0,12527265.0,7494245.0,9260664.0,12723134.0,20786996.0,29379968.0
臺北市中山區龍江路３７７巷１８號二樓,25.06470099,121.542059,24600002.0,19717330.0,9402624.0,13645869.0,19494344.0,32018550.0,40637376.0
臺北市中山區中山北路二段７７巷１２號九樓之１,25.05738602,121.524161,16600014.0,15210151.0,8266398.5,13221514.0,14403786.0,17374150.0,22520776.0
臺北市松山區民生東路五段２４號七樓,25.05822718,121.5563771,45300040.0,36189504.0,12437840.0,21960972.0,34105028.0,56992210.0,92204140.0
臺北市士林區大南路４０８巷１３號三樓,25.08949202,121.516879,16079990.0,16174670.0,8738587.0,12038532.0,16775232.0,26035764.0,26105976.0
臺北市松山區新東街４５巷１４號三樓,25.06137098,121.564463,15600012.0,13982320.0,8934460.0,13059581.0,15269274.0,26188514.0,36798410.0
臺北市大安區延吉街１３１巷１２號四樓,25.04260101,121.554858,21000000.0,32080046.0,14560959.0,20538004.0,29957836.0,44150090.0,61809850.0
臺北市大安區復興南路一段１２８號,25.04282369,121.5436157,21240004.0,15970991.0,8332162.0,13666290.0,16234631.0,27011120.0,39142800.0
臺北市松山區民生東路五段２１２巷５弄４號,25.05841363,121.5649971,17350008.0,13153500.0,7642180.0,9707870.0,11829444.0,20691940.0,20821242.0
臺北市士林區天母北路２８巷３９號二樓之５,25.11939666,121.5255461,10499994.0,11271405.0,4978726.0,7326179.5,10892661.0,16615156.0,24622770.0
臺北市士林區格致路２０巷３１號,25.13727498,121.54712,8359996.5,12944734.0,9576359.0,12023273.0,12052502.0,22293920.0,23595404.0
臺北市北投區中和街３９８巷５弄２號七樓,25.14386069,121.4986761,12800001.0,16887496.0,10286090.0,13106694.0,16271180.0,28412836.0,37946824.0
臺北市內湖區內湖路三段７２巷６１號,25.08830602,121.591077,1559999.5,2426152.2,1110025.2,1392674.2,4438372.5,8511397.0,14883761.0
臺北市中山區安東街１６巷１８弄４號三樓,25.04516298,121.540721,22700004.0,18621370.0,9654266.0,13954958.0,17520372.0,29731222.0,33143228.0
臺北市北投區致遠二路１１３巷２２號,25.11723,121.511402,14519996.0,17808468.0,8159852.5,11221617.0,16340754.0,26508994.0,28956986.0
臺北市萬華區民和街１００號十一樓之２,25.02548299,121.497528,31899988.0,37371770.0,22347520.0,30937228.0,40055148.0,73383380.0,95830530.0
臺北市內湖區內湖路一段２８５巷６９弄１３０號三樓,25.08523409,121.5690098,19300000.0,16139384.0,8350378.5,11367719.0,14609977.0,24803728.0,33402346.0
臺北市萬華區西昌街１５４號九樓之１,25.03872799,121.500524,8200004.0,9756411.0,5819128.0,7717036.5,8793579.0,16272453.0,22409668.0
臺北市大安區安居街８４巷１４號,25.01977202,121.552462,18999984.0,16481139.0,8084254.0,10666200.0,14996377.0,24956246.0,26931690.0
臺北市信義區信義路五段９１巷１２弄１號二樓之７,25.03372659,121.5714009,16679995.0,16737838.0,7540306.0,12588487.0,15188438.0,25522108.0,26405898.0
臺北市中山區龍江路１７９巷１３之１號三樓,25.05512601,121.541329,15200001.0,12339612.0,6331210.5,8795038.0,11725482.0,17893794.0,29209326.0
臺北市中山區中山北路二段７７巷１２號十三樓,25.05738602,121.524161,27700022.0,24492368.0,14631198.0,17399022.0,20180908.0,27247852.0,31275172.0
臺北市大安區浦城街２４巷５號五樓,25.02319301,121.526421,65880000.0,58227344.0,23845414.0,37878056.0,56434264.0,89969520.0,106958270.0
臺北市內湖區瑞光路７６巷５８號五樓之１,25.07024302,121.579776,13680007.0,10485805.0,5381710.5,7563706.0,9867633.0,15657813.0,17284906.0
臺北市文山區羅斯福路六段１６６巷５號六樓,24.99702494,121.5410341,34000004.0,35150010.0,14556405.0,24085852.0,32936026.0,55533056.0,73447224.0
臺北市內湖區內湖路三段１４１巷１弄４號,25.08668002,121.5893,13850004.0,17678714.0,8267226.0,11535244.0,15419384.0,24030098.0,27632162.0
臺北市萬華區武成街１２５巷４弄１９號,25.01990998,121.493831,1200000.4,1635846.5,1062220.0,1695621.0,3176514.5,5744464.5,9625601.0
臺北市內湖區金湖路３２６巷４７號十樓,25.07391601,121.603868,18000012.0,17241574.0,7693345.5,11148188.0,15178244.0,25843550.0,30128712.0
臺北市內湖區民權東路六段２９６巷１１３號九樓,25.06989098,121.608964,32500012.0,25146800.0,10759579.0,17670050.0,23422324.0,42507750.0,57587076.0
臺北市萬華區環河南路二段２５號,25.039126,121.497685,20599992.0,20975820.0,10346044.0,16696451.0,17356926.0,31786532.0,32044760.0
臺北市南港區經貿二路１５７巷３６弄８８號三樓之７,25.06174901,121.614719,16879994.0,12505946.0,5384175.0,8385876.0,10892059.0,17729332.0,19458496.0
臺北市大安區復興南路二段１５１巷３０弄３號十五樓,25.0279756,121.5455311,26499996.0,23788812.0,11833167.0,14988513.0,24286984.0,32431276.0,34037770.0
臺北市萬華區西藏路２５１巷７號四樓,25.02824101,121.494105,13959989.0,11854651.0,7940057.0,10092124.0,10351492.0,17728690.0,20388400.0
臺北市中山區南京東路三段４８巷３８號十三樓之２,25.05183503,121.538442,82500060.0,55102050.0,18948630.0,34541160.0,56369070.0,89624056.0,104126070.0
臺北市內湖區金湖路３２６巷５１號三樓,25.07394199,121.604453,11679992.0,8631543.0,3402300.8,4930093.0,8227239.5,12804201.0,17799876.0
臺北市萬華區東園街２８巷５０號,25.02651601,121.494773,2440000.0,3008559.0,1544419.5,1612133.8,4283649.5,7640882.5,15100077.0
臺北市士林區天母北路５６號,25.12153201,121.52636,41600030.0,38737130.0,17150492.0,26883960.0,36332532.0,62849228.0,75577470.0
臺北市文山區木新路三段３１０巷６弄１０號三樓,24.98171298,121.557287,8900002.0,10312591.0,5542260.0,7050788.0,9340349.0,14626455.0,21969980.0
臺北市大安區通化街１７６巷１０號六樓,25.02775498,121.552756,34119990.0,30114236.0,12776195.0,19635776.0,26960986.0,45430870.0,71522980.0
臺北市中山區民權東路二段３６號九樓,25.06238,121.529303,56059950.0,58870016.0,17625080.0,33628452.0,51112824.0,80807820.0,114695430.0
臺北市中山區龍江路３７巷１５號二樓,25.04887,121.541104,924199.94,51018736.0,25911070.0,45070450.0,84319680.0,195473380.0,324100220.0
臺北市中正區青島東路９號四樓之５,25.04379388,121.5226574,11050002.0,9263297.0,4928119.0,6735837.5,8502781.0,12698186.0,20024624.0
臺北市萬華區中華路二段６６６之２號十四樓之２,25.02415999,121.5111767,27199976.0,29860514.0,13662094.0,20728164.0,28703104.0,39931496.0,46345652.0
臺北市大安區仁愛路四段６４號,25.03746802,121.547639,16999994.0,14560098.0,6783865.0,9985664.0,10838178.0,19702892.0,30560590.0
臺北市內湖區民權東路六段１３６巷３０號三樓,25.06785602,121.587626,22979986.0,21660744.0,9358628.0,14203160.0,19112004.0,29199688.0,31963756.0
臺北市大安區延吉街７２之５號,25.042534,121.554093,25999984.0,25028464.0,11960259.0,15041982.0,22443032.0,38239190.0,39489172.0
臺北市中山區松江路１１８號十樓之６,25.05169089,121.5327718,62500050.0,31683148.0,15085511.0,20000384.0,25409952.0,36528340.0,39971580.0
臺北市士林區福港街１８巷１５號,25.09081301,121.517672,19100014.0,16800592.0,8729616.0,11568823.0,14970484.0,25756204.0,31573716.0
臺北市內湖區安泰街８７號,25.07668799,121.6169261,40000028.0,38424972.0,13532137.0,22752238.0,34914740.0,58344410.0,59785676.0
臺北市南港區興中路８０巷８號二樓,25.05736498,121.606352,1005000.3,1055835.0,689819.1,1212585.8,2875220.2,5282488.0,11733022.0
臺北市士林區社子街１１５巷２０弄１３號,25.08808818,121.5064965,7999997.0,9630706.0,5342703.0,7914889.0,9347585.0,14427570.0,20161288.0
臺北市士林區忠誠路二段９８巷７弄６號十二樓,25.10855498,121.530083,79999944.0,71913930.0,37147268.0,52556184.0,73299304.0,123757064.0,176552030.0
臺北市萬華區和平西路三段３８２巷２弄１７號二樓,25.03489402,121.490897,10950008.0,11552969.0,6045058.0,8941842.0,10724216.0,15579613.0,17921324.0
臺北市信義區和平東路三段１７９號七樓之６,25.02397198,121.5534796,13260003.0,11638384.0,5406567.5,8209385.5,11424646.0,17866578.0,22247916.0
臺北市北投區大屯路２１巷１０弄１號,25.144677,121.499991,5579999.5,8250481.0,4216087.5,5758182.0,7837852.0,11883855.0,14449050.0
臺北市松山區新中街４巷１０號四樓,25.05752398,121.561178,20000004.0,15195914.0,7373724.5,11309888.0,15602511.0,22851136.0,30074112.0
臺北市大安區信義路三段１３４巷１０２號十樓,25.028959,121.539053,11999996.0,18302626.0,9209231.0,11471702.0,17296712.0,27239642.0,48155280.0
臺北市北投區磺港路１３６號十二樓,25.12934499,121.50251,51680028.0,51161204.0,43587896.0,49352384.0,52353284.0,86050500.0,86716630.0
臺北市文山區萬美街二段２巷７號,25.00352258,121.5629436,8799997.0,7649289.0,3912474.5,6342572.0,7927179.5,13225121.0,15915160.0
臺北市大安區敦化南路一段１８７巷３７號五樓之５,25.04264502,121.551222,45880030.0,56185948.0,27093418.0,37536148.0,49250636.0,67779784.0,94374504.0
臺北市內湖區文德路５４號,25.07830972,121.5811094,23500006.0,28434738.0,13417536.0,18353420.0,22619572.0,39354504.0,44366024.0
臺北市中正區廈門街７１巷１２之３號三樓,25.02474802,121.518696,14579996.0,12872987.0,6362540.0,8852952.0,11862205.0,18307584.0,24683146.0
臺北市中山區建國北路二段８９號,25.05862302,121.537446,8550000.0,8659815.0,3562063.0,5068983.5,7660604.5,12781752.0,24158868.0
臺北市北投區光明路２０７號十四樓,25.13634971,121.5036053,41500020.0,42111840.0,20519170.0,30654112.0,44204440.0,75191560.0,75247080.0
臺北市內湖區康寧路三段５６巷１１號,25.07074698,121.609903,28599982.0,17616746.0,7733495.0,11637918.0,15923905.0,27653040.0,28540258.0
臺北市文山區保儀路１１號十二樓之１,24.98860802,121.568737,23880004.0,27075440.0,16479065.0,22490254.0,26550994.0,41833964.0,53760972.0
臺北市大安區金山南路二段２０３巷３號,25.02808611,121.5266667,65380036.0,33038016.0,12524972.0,20003094.0,28264140.0,50497210.0,60073500.0
臺北市萬華區青年路５０號,25.02545801,121.503979,22400010.0,26466860.0,12350844.0,15922508.0,19374430.0,33539412.0,43167020.0
臺北市文山區秀明路一段７９巷５弄２７號四樓,24.99043599,121.564786,13850004.0,20530444.0,10604896.0,13290717.0,18334876.0,29779974.0,42969376.0
臺北市文山區木柵路四段１３９號,24.99848999,121.57382,19880012.0,13882773.0,7634524.0,11972904.0,12969498.0,20263836.0,22524082.0
臺北市文山區辛亥路四段７７巷３１弄３號八樓,25.008278,121.560066,28800004.0,28386672.0,13032135.0,20435002.0,26843992.0,47756572.0,58240896.0
臺北市南港區玉成街２０１巷４弄１２號二樓,25.04398398,121.585418,16579984.0,12208094.0,6589453.5,9580616.0,11326554.0,17806294.0,25013766.0
臺北市大同區民權西路１５３號十五樓之３,25.06314501,121.516434,9500005.0,12051950.0,6319387.0,11064301.0,13108644.0,21932466.0,23838184.0
臺北市士林區社子街１０７巷４號,25.08796966,121.5053743,3799999.5,14738079.0,7196801.5,10430451.0,13400426.0,19960408.0,23034400.0
臺北市中山區新生北路二段７０之１號十樓之５,25.05668198,121.527177,11500007.0,11626226.0,5834943.0,8138371.5,10708722.0,17033424.0,17709392.0
臺北市大同區民權西路３００號,25.06283899,121.5104931,16999994.0,21806328.0,9930450.0,15735444.0,18451840.0,28814620.0,29896416.0
臺北市士林區福志路５２巷１２號六樓,25.099369,121.531157,15549985.0,30430358.0,13451462.0,20071734.0,29389328.0,51801310.0,66440028.0
臺北市大安區信義路四段２６５巷１０弄２之１號三樓,25.03377399,121.553951,8500000.0,10735431.0,6387010.0,7876186.0,9363502.0,13877876.0,25974010.0
臺北市松山區光復北路９號四樓之１,25.04904598,121.558051,20000004.0,20641604.0,10601944.0,14017193.0,16808638.0,31662488.0,34879596.0
臺北市萬華區萬大路４８６巷３７弄１８之１號,25.02000202,121.496047,10499994.0,15145652.0,8123321.0,10691538.0,13443383.0,23013454.0,23195808.0
臺北市大同區民權西路１５３號十樓之３,25.06314501,121.516434,32200014.0,27430726.0,13897980.0,20479680.0,24796158.0,43046404.0,57825810.0
臺北市北投區溫泉路１７６號,25.14117898,121.514937,11224999.0,7780447.5,3519509.5,4465528.0,6119285.0,9962891.0,18304826.0
臺北市萬華區康定路１６６號十二樓,25.039449,121.501804,29999978.0,28703378.0,18699066.0,24592074.0,30180592.0,50188504.0,76703250.0
臺北市中正區中華路二段８１巷４３號三樓,25.03328201,121.506376,16449985.0,19582442.0,8689357.0,14851434.0,17130124.0,25563762.0,34003376.0
臺北市中山區林森北路１３３巷２８號三樓,25.05082198,121.526143,11500007.0,12705552.0,6067543.0,9023463.0,10954019.0,17011638.0,17715168.0
臺北市松山區健康路３５巷３４號,25.05577598,121.553795,31050020.0,26310476.0,11441590.0,16599223.0,20023172.0,34284124.0,42351236.0
臺北市大安區忠孝東路四段３１１號十一樓之３,25.041614,121.555809,7400001.0,7966923.0,2259887.5,3238325.5,6298341.0,11538808.0,23832272.0
臺北市大安區仁愛路三段２３號十二樓之１,25.03856898,121.534263,11999996.0,17859014.0,9496816.0,13754468.0,18306572.0,30265678.0,49549416.0
臺北市士林區文林路６４３巷２１號,25.09976702,121.522069,8400003.0,23196074.0,11124228.0,15965996.0,20908196.0,36563124.0,43894164.0
臺北市信義區松德路２３７號四樓,25.03458502,121.575012,13049994.0,20227500.0,9465170.0,13807828.0,17762096.0,29879542.0,33412988.0
臺北市文山區興隆路四段１０５巷１３號十一樓,24.98809601,121.561382,23800020.0,25592498.0,12925688.0,16896292.0,25654810.0,38880136.0,48847330.0
臺北市文山區木柵路二段２０４巷１７號五樓,24.98811701,121.564018,19300000.0,20655742.0,10826484.0,14432441.0,20252322.0,33598252.0,49687690.0
臺北市士林區永平街９巷１８弄８號,25.09006999,121.504327,14600004.0,13714624.0,8210701.0,10537190.0,13853994.0,20041284.0,28019380.0
臺北市大安區光復南路１８０巷１４號四樓,25.04252599,121.556938,66879944.0,40894588.0,18008562.0,24346770.0,35384028.0,57157788.0,74573260.0
臺北市松山區三民路１１３巷１６號七樓之１,25.05801902,121.562318,10419992.0,9275797.0,4180314.5,7049584.0,9079676.0,14283383.0,29695462.0
臺北市中山區民權東路一段７２號十一樓,25.06251578,121.5251827,9749993.0,9072890.0,4212398.0,7041105.0,7915598.5,13306392.0,17038070.0
臺北市內湖區麗山街４６巷１１號四樓,25.08097999,121.579899,13499990.0,12940118.0,7249464.0,9234260.0,13426932.0,21751578.0,32281372.0
臺北市大安區光復南路２０２號,25.04194999,121.55749,5100002.0,12718790.0,6798787.5,9444828.0,11170324.0,18752820.0,28041406.0
臺北市內湖區東湖路１１３巷９５弄１３之１號四樓,25.07180101,121.615107,13000010.0,13625348.0,6304092.0,9745828.0,13890825.0,21215184.0,33018676.0
臺北市信義區光復南路４７３巷１１弄５６號二樓之２,25.03429299,121.559698,27199976.0,25929956.0,12556713.0,17237792.0,22123170.0,41976076.0,42284240.0
臺北市信義區永吉路１２０巷４３弄７號五樓之１,25.04437701,121.570654,16399985.0,16888914.0,7910376.5,13702047.0,16674046.0,25662102.0,32650434.0
臺北市信義區忠孝東路五段７９０巷６８弄５號,25.04055302,121.583253,20800006.0,15078089.0,9953736.0,11511023.0,11976832.0,21508418.0,23295612.0
臺北市信義區吳興街３６３之４號二樓,25.0257471,121.566575,13000010.0,11935716.0,8093410.5,13444614.0,13961853.0,24368976.0,29492144.0
臺北市文山區羅斯福路五段７９巷６號三樓,25.00603102,121.53944,24279992.0,20381714.0,10640252.0,14588480.0,20114658.0,33299486.0,42108144.0
臺北市大安區忠孝東路四段５９號,25.04179212,121.5458064,18000012.0,25738376.0,13292897.0,16860108.0,23419820.0,36306344.0,56124788.0
臺北市松山區復興北路４２７巷２５號五樓之６,25.063394,121.546364,8599999.0,11022028.0,4491384.5,6952075.5,10282697.0,16262183.0,21848044.0
臺北市南港區市民大道八段５２９號三樓,25.05435763,121.6138943,21820016.0,23446996.0,9494498.0,16897646.0,17382502.0,27408342.0,29867120.0
臺北市大安區敦化南路二段６３巷５４弄４號七樓,25.03069301,121.551449,37999988.0,32072582.0,14696871.0,21673432.0,25650994.0,39970816.0,61948292.0
臺北市內湖區新明路３８０巷４弄４之１號四樓,25.05506901,121.580071,9999996.0,13134898.0,6611334.0,9517380.0,11957659.0,20483234.0,22951208.0
臺北市信義區永吉路５３號,25.045863,121.569147,22499994.0,22539124.0,10111314.0,16231318.0,19502228.0,31811096.0,34990604.0
臺北市北投區光明路２４６號四樓之１,25.13649601,121.508296,23800020.0,21355004.0,9669783.0,14433763.0,19980176.0,32799112.0,37928588.0
臺北市松山區八德路四段６３６號,25.049832,121.574493,15765005.0,13166829.0,5854988.0,10321052.0,11371622.0,19544754.0,22275898.0
臺北市內湖區康寧路三段９９巷１０弄５號,25.07223699,121.610574,15300002.0,17072944.0,8007232.5,10481706.0,14425011.0,24273880.0,28163510.0
臺北市大安區忠孝東路四段２３３號,25.04165511,121.5536086,15180010.0,8781134.0,4555574.5,6684183.5,9125459.0,13865784.0,18396248.0
臺北市信義區虎林街７４巷５號五樓,25.04378701,121.576835,20699994.0,17299318.0,11206431.0,11726377.0,16789956.0,27696060.0,35898012.0
臺北市內湖區康樂街１５１巷９之１號,25.07177498,121.619894,16500011.0,11721077.0,5227347.5,7818225.5,10708538.0,17258782.0,22131612.0
臺北市文山區萬芳路６０之１０號,24.998643,121.568348,16500011.0,13752737.0,7068764.0,11104174.0,12503442.0,22918180.0,24148640.0
臺北市大安區四維路３６號二樓之１,25.03580899,121.54806,13199996.0,15555206.0,6713327.5,12746549.0,13816706.0,19174330.0,33439382.0
臺北市松山區南京東路四段２３號六樓之３,25.05190999,121.55055,13060004.0,12202297.0,5306892.0,8603945.0,10323631.0,16912608.0,19102636.0
臺北市文山區興隆路二段３０１巷２２號,25.0029078,121.5540851,16300006.0,16436750.0,7954533.0,11705818.0,15324739.0,25479644.0,29583470.0
臺北市中正區師大路１８７號三樓,25.02069399,121.526496,17500000.0,17881954.0,9730839.0,11901321.0,13497595.0,24401256.0,28788308.0
臺北市大安區和平東路二段１０７巷１８號,25.02642,121.54031,16800016.0,13540270.0,6183522.0,9979095.0,12136933.0,20257460.0,29404972.0
臺北市士林區劍潭路１２號,25.0839054,121.5240544,12349996.0,11860305.0,4727309.0,8725072.0,9429762.0,16206416.0,16412502.0
臺北市信義區吳興街１７９號,25.02862,121.562442,9999996.0,8142734.5,3672395.2,5104595.5,7947269.0,12713188.0,20170942.0
臺北市內湖區文湖街２１巷７９號三樓,25.09064839,121.5595515,53799950.0,63175416.0,19084610.0,33704028.0,53495536.0,100585570.0,113889940.0
臺北市大同區迪化街二段１９１巷２５號七樓,25.06933651,121.5122015,9000001.0,19677956.0,10565930.0,14278507.0,17832976.0,31201706.0,44883944.0
臺北市萬華區西園路二段３７２巷４７號,25.02676415,121.490365,6000000.0,7413302.0,3455615.5,4341930.0,6271878.0,10315955.0,14090103.0
臺北市內湖區內湖路一段４１１巷７４弄１５號二樓之３,25.08422998,121.57128,43880016.0,36735016.0,14555544.0,23425986.0,33733676.0,59473932.0,74392984.0
臺北市士林區基河路１９號六樓,25.08726708,121.524837,81179976.0,88805576.0,22908652.0,44774070.0,66535140.0,110562500.0,136227310.0
臺北市中山區四平街１０７號四樓之５,25.05373499,121.535807,12637998.0,10516550.0,4197640.5,5984239.5,9322302.0,14682497.0,22563212.0
臺北市中山區長安東路二段１０５號五樓之３,25.04853599,121.535252,9400006.0,10533935.0,3955499.0,6718028.5,8241657.5,13794956.0,15204408.0
臺北市士林區中山北路七段１９０巷２４之１號四樓之１,25.12579199,121.534979,11999996.0,15936089.0,9790581.0,10823717.0,14416429.0,21904874.0,34567852.0
臺北市信義區忠孝東路四段５５３巷３２弄１號四樓,25.04383298,121.562997,18000012.0,9919054.0,4901328.0,7181101.5,8414579.0,13260660.0,17489922.0
臺北市大安區忠孝東路四段２９９號九樓,25.04161299,121.555322,34799984.0,31755386.0,13610517.0,20302678.0,23944588.0,38241016.0,45269120.0
臺北市北投區中和街４９３巷９弄１５號二樓,25.143821,121.495197,2500000.8,3318409.8,1779152.6,2142211.2,3976718.0,7074186.0,14934977.0
臺北市士林區中社路二段１７巷１５號,25.108263,121.562801,16999994.0,17477984.0,10407994.0,11710686.0,15283348.0,26284796.0,28420696.0
臺北市萬華區環河南路二段１１９號三樓之１２,25.03447371,121.4937083,5690001.0,14153508.0,8156522.5,11143468.0,13410704.0,22484120.0,23338930.0
臺北市內湖區內湖路二段２３５巷１６號五樓之２,25.08214618,121.5891462,49879970.0,42548550.0,17608180.0,28614224.0,37503510.0,67483480.0,91652184.0
臺北市南港區重陽路３３２號十樓,25.057943,121.60641,11439998.0,13070695.0,6199275.0,9940190.0,10717713.0,16409341.0,17429846.0
臺北市中山區合江街１１６巷７號,25.05919601,121.538722,21379988.0,17363814.0,7715115.5,11037448.0,15388006.0,26051262.0,26888626.0
臺北市大安區和平東路三段８７號十二樓,25.02462799,121.550505,50679960.0,45890356.0,21830424.0,30883106.0,41389508.0,54780970.0,63671028.0
臺北市文山區萬壽路７５之７號四樓,24.98562301,121.587745,19199984.0,23730396.0,12802467.0,16274812.0,19059474.0,35550104.0,38897644.0
臺北市信義區吳興街５２４巷２１之１號,25.021976,121.568155,14600004.0,15514080.0,6854830.0,11197564.0,12974372.0,20198932.0,22241424.0
臺北市中山區天祥路１６號,25.06093722,121.5209433,15500001.0,15435774.0,7719193.0,12416129.0,13237285.0,23743120.0,31307220.0
臺北市萬華區中華路二段４１６巷７號十一樓,25.02682899,121.50481,18880012.0,21359934.0,11449974.0,16212970.0,21720608.0,35306700.0,47399390.0
臺北市文山區興隆路二段２０３巷９２號,25.00258899,121.546963,6000000.0,14977425.0,7699320.0,10815503.0,14146546.0,25586006.0,28389760.0
臺北市信義區虎林街７６巷２５號,25.04357901,121.576154,2500000.8,6009919.0,1893246.2,2174280.5,4842692.0,8599285.0,17159948.0
臺北市中山區長春路１００號六樓,25.05476198,121.52795,8349996.5,8470876.0,3349383.8,5723040.0,7113689.0,11107330.0,21271912.0
臺北市大同區民權西路１２２號三樓之５,25.06271699,121.516736,9700004.0,11538588.0,4799963.0,7408206.0,9741814.0,15677686.0,18880912.0
臺北市士林區重慶北路四段２４４號,25.086541,121.511329,13000010.0,15398282.0,7884122.0,11660715.0,15512837.0,26721800.0,27433186.0
臺北市中山區中山北路二段５９巷７號二樓之１,25.05597601,121.523465,29999978.0,29424664.0,11905340.0,17045190.0,20975940.0,29505198.0,37539940.0
臺北市中山區林森北路１１９巷１９號,25.05064802,121.525883,3000001.0,4940419.5,1379234.8,1843309.1,4197448.5,7466843.5,13877346.0
臺北市北投區明德路１８巷１弄７號,25.10708899,121.517985,18059988.0,15727493.0,8061603.5,11165616.0,13949050.0,23181876.0,23534500.0
臺北市北投區溫泉路９９之６號四樓,25.13637209,121.509743,4800000.0,4655617.0,3492517.0,3721617.5,5064775.0,8579544.0,9220444.0
臺北市中山區中山北路二段７２巷９號六樓之７,25.05710799,121.522186,12500008.0,12309664.0,5013953.0,7722418.0,11269126.0,17008784.0,21961476.0
臺北市南港區東明街６２號四樓,25.054988,121.602984,3499999.0,2221353.0,1729968.0,2483982.8,4769750.5,7960505.5,19396800.0
臺北市松山區敦化北路２２２巷２９之１號三樓,25.05985801,121.547598,31199980.0,29084464.0,11703072.0,18650340.0,25760674.0,41088410.0,56659250.0
臺北市信義區松勤街８號五樓,25.03201199,121.559826,36679984.0,23267104.0,10570404.0,14551408.0,20301284.0,34767940.0,50585510.0
臺北市中山區錦州街２４５號四樓,25.06045698,121.533958,25999984.0,17453598.0,9035554.0,13261647.0,18712482.0,29995114.0,31481110.0
臺北市信義區林口街２１號,25.03723198,121.579108,7999997.0,3880491.2,1182125.2,1983622.6,4621845.5,8489752.0,28193554.0
臺北市士林區芝玉路二段８４巷２號十一樓,25.11217701,121.535184,46800016.0,40181868.0,16621273.0,25228086.0,36504868.0,60151010.0,85577470.0
臺北市內湖區康樂街１９６號五樓,25.07616601,121.620819,18200002.0,15548117.0,8421861.0,11531812.0,15375214.0,23961264.0,24769216.0
臺北市北投區行義路１８６巷５２號四樓,25.13336998,121.530513,10499994.0,11611488.0,6707574.5,7752946.0,10225119.0,16177478.0,21079016.0
臺北市中山區雙城街２３巷２０號,25.065738,121.525218,8900002.0,10590060.0,6940065.5,8837894.0,9061269.0,15697104.0,16652529.0
臺北市信義區忠孝東路五段７９０巷７０弄１７之５號,25.039853,121.583265,31999990.0,30656686.0,13690736.0,19306332.0,27145402.0,46511870.0,51708228.0
臺北市文山區指南路二段４５巷２４弄２２號五樓,24.98934473,121.5744201,15879986.0,15860402.0,10746145.0,12385475.0,14715917.0,24240058.0,31239520.0
臺北市內湖區內湖路三段３９號二樓,25.08550198,121.592387,12500008.0,16566234.0,8318760.0,12203182.0,14761965.0,24272444.0,24923138.0
臺北市南港區興南街８４號三樓,25.05576999,121.600915,19219990.0,14660866.0,7420651.0,11925112.0,13753367.0,24317578.0,24779516.0
臺北市文山區新光路一段３２巷２９號,24.98947094,121.5736943,28999988.0,29973210.0,13678885.0,22216324.0,26990930.0,51366440.0,60261250.0
臺北市內湖區江南街１２６號二樓,25.076294,121.575608,18799986.0,18806298.0,8428337.0,11501257.0,16929648.0,26617520.0,27404212.0
臺北市文山區光輝路２１巷１２號,24.98583202,121.555471,14799996.0,14339615.0,7965062.0,10759517.0,13305783.0,22368372.0,26359352.0
臺北市北投區東華街二段１７４巷１４號,25.120466,121.511352,11999996.0,15450796.0,8042690.0,10713462.0,15057368.0,23880552.0,28803300.0
臺北市大同區民權西路１５３號十樓之９,25.06314501,121.516434,13800008.0,16677418.0,7187240.0,12428023.0,14203620.0,23856924.0,26062642.0
臺北市中正區和平西路二段１６巷２號,25.027973,121.513486,17199990.0,13410782.0,5948421.5,9251696.0,11763115.0,18620128.0,23105244.0
臺北市士林區至誠路二段４３號四樓,25.10150999,121.528595,20100008.0,17024850.0,8915429.0,11295444.0,15455718.0,26772306.0,34122270.0
臺北市士林區承德路四段４０巷１３７號五樓之１３,25.08188301,121.520219,5000000.0,6548277.0,3328863.2,4825257.0,5049298.5,9284700.0,18735088.0
臺北市中山區松江路５６２號,25.06738229,121.5331499,6000000.0,8428466.0,3166738.5,4391896.5,7967561.5,13010676.0,22616466.0
臺北市中山區長安東路一段５１號十一樓之１,25.04892302,121.52611,36199996.0,36067810.0,13875044.0,21632296.0,26443952.0,41608210.0,45159336.0
臺北市信義區吳興街６００巷５６號二樓,25.02029999,121.569824,17500000.0,13435334.0,7611783.0,11541318.0,11637252.0,20739948.0,21124940.0
臺北市內湖區成功路四段６１巷８弄４號五樓,25.08201901,121.592825,24999980.0,23935228.0,14986283.0,20306164.0,24131144.0,27563942.0,31017052.0
臺北市北投區大業路４６２之７號,25.13191899,121.496281,27399980.0,26810478.0,14155587.0,18694858.0,22684120.0,37354240.0,47790290.0
臺北市信義區松山路４６５巷２７弄８號二樓,25.04040499,121.579192,19199984.0,16911316.0,8678136.0,10717754.0,13283976.0,23007396.0,24287958.0
臺北市中山區松江路５０８之１號十一樓,25.06579801,121.53302,15099991.0,8891314.0,4646444.5,6702606.0,8922829.0,14793618.0,17527692.0
臺北市大安區嘉興街３２３巷３號十四樓之２,25.02237431,121.5534248,53129976.0,44802776.0,18030972.0,29531886.0,42544656.0,66887984.0,92332270.0
臺北市松山區南京東路四段７５巷１４弄９號,25.05218798,121.553324,21000000.0,15262286.0,7080733.5,10604006.0,13784619.0,21832796.0,23808466.0
臺北市中山區天祥路８２號八樓,25.064099,121.520495,17500000.0,13025723.0,6385006.0,9320062.0,11680437.0,20073878.0,31196112.0
臺北市士林區中山北路七段２２７巷８號七樓,25.12782699,121.532754,24999980.0,26253580.0,13565370.0,17381940.0,22761180.0,38677696.0,52623490.0
臺北市中山區龍江路１０６巷３號二樓,25.05291901,121.540093,25302780.0,20057038.0,9594441.0,12967988.0,18478184.0,31658684.0,37298708.0
臺北市萬華區萬大路１２０號,25.02970499,121.500382,24000004.0,14606216.0,6985564.5,9602533.0,10924599.0,17335520.0,21555730.0
臺北市士林區中山北路七段１４巷２號十二樓,25.11862299,121.5311,35800030.0,35078076.0,16268946.0,26833244.0,34984600.0,56391224.0,127012700.0
臺北市北投區永興路一段３２巷３弄１１號四樓,25.13862401,121.500578,9900002.0,12912209.0,7409047.0,10133478.0,11951822.0,19968520.0,21892260.0
臺北市文山區和平東路四段６５巷９弄９號,25.00659902,121.56701,16750006.0,6507692.5,3817594.5,4282979.5,6144231.0,10652781.0,15150246.0
臺北市北投區行義路１８６巷２６弄１５號四樓,25.131612,121.529413,10249996.0,14787440.0,8361344.0,9831450.0,11925089.0,20444750.0,23880232.0
臺北市內湖區內湖路三段１９１巷７號四樓,25.088058,121.588589,9999996.0,14612123.0,8455291.0,10432878.0,12993490.0,23517942.0,28088834.0
臺北市松山區富錦街５１０號,25.06090851,121.5644378,22999982.0,18078218.0,8125668.5,11264205.0,17493726.0,28672736.0,28736628.0
臺北市北投區自強街１２０巷１５弄２３號三樓,25.11065301,121.516751,21500010.0,20670522.0,10717324.0,13930013.0,19127904.0,29890772.0,43263708.0
臺北市內湖區大湖街１６０巷１８弄３之２號,25.082571,121.6008837,10300010.0,11301090.0,5385643.5,7975665.5,10310958.0,19176562.0,21556758.0
臺北市大同區赤峰街４７巷２３號二樓,25.05531598,121.520294,18000012.0,17862966.0,8365028.5,11237853.0,15025208.0,24616196.0,28304656.0
臺北市信義區吳興街６００巷７６弄１０５號二樓,25.01788102,121.569765,15099991.0,15300002.0,7878252.0,10791394.0,13070246.0,22342192.0,22419672.0
臺北市內湖區民權東路六段２９６巷２６號十六樓之２,25.07218309,121.606658,20250004.0,16485195.0,8701025.0,10962672.0,17802932.0,22557188.0,26561226.0
臺北市北投區溫泉路６５巷１１之１號,25.13571211,121.5040514,11999996.0,16548391.0,7865400.0,11238924.0,13897132.0,24696096.0,26646270.0
臺北市松山區敦化北路２２２巷１２號七樓之１,25.059181,121.548095,40299990.0,31969244.0,12819474.0,22329200.0,32141782.0,50725996.0,73198990.0
臺北市內湖區內湖路二段１０３巷１３０號,25.08454598,121.580801,13930013.0,11757642.0,6053590.5,8157028.0,11151378.0,17666916.0,26787374.0
臺北市中山區中山北路二段１１８號二樓,25.06101299,121.522733,22379980.0,24204068.0,13385942.0,17533478.0,19004224.0,32947524.0,33766316.0
臺北市中山區合江街１４４巷４號二樓,25.05981899,121.53887,16300006.0,15991048.0,7645526.0,12206254.0,17024136.0,27088664.0,29078472.0
臺北市松山區八德路四段２４５巷２０號九樓之１,25.04953498,121.564279,21079980.0,15007164.0,6584748.5,10224397.0,14281231.0,22416678.0,24195852.0
臺北市大安區復興南路一段７９巷２號十二樓之２,25.044375,121.54425,10580006.0,11276630.0,4859235.5,7797123.5,9906310.0,16937044.0,27589820.0
臺北市大同區民族西路７６巷１２弄１２號三樓之１,25.06757099,121.516824,28500004.0,25901682.0,11932870.0,18941800.0,26261494.0,43768930.0,55111616.0
臺北市內湖區金龍路２４３號七樓,25.08891702,121.587271,36059970.0,31448944.0,12943450.0,21444476.0,28235368.0,48420536.0,50057530.0
臺北市萬華區水源路２０５之１號,25.01955698,121.50323,6000000.0,10599861.0,5324229.0,7992028.0,10097515.0,18081494.0,23441676.0
臺北市中山區建國北路一段２３巷１７號五樓,25.04738301,121.538073,18880012.0,18874612.0,9108731.0,12727551.0,16988390.0,29920546.0,36964564.0
臺北市北投區石牌路二段３４３巷１６號五樓,25.12286854,121.523468,22300002.0,26245120.0,11999218.0,19348726.0,20053748.0,32739734.0,33512426.0
臺北市南港區重陽路５２９號六樓,25.06304356,121.6139606,17599986.0,15795736.0,8481360.0,12761972.0,13182107.0,20395480.0,22726388.0
臺北市大安區敦化南路一段１３８號五樓之８,25.04442902,121.548503,76200024.0,64046660.0,23577364.0,37929096.0,54162684.0,88320100.0,101953290.0
臺北市中山區新生北路二段２３號七樓,25.05352401,121.527786,10104354.0,26695208.0,10754921.0,16036344.0,22695980.0,35547324.0,52286720.0
臺北市大同區延平北路三段７３之３號,25.06661101,121.51111,17380016.0,16047512.0,8570859.0,11783550.0,16576569.0,27200548.0,31751206.0
臺北市內湖區康樂街１８６巷２弄２號四樓,25.07595902,121.620331,13499990.0,14159989.0,7254755.0,9319670.0,13139734.0,18702490.0,21621778.0
臺北市士林區東山路１２０巷５號五樓,25.11268801,121.539115,18749996.0,17487220.0,9445945.0,11957750.0,14858970.0,24410798.0,28382504.0
臺北市士林區忠誠路二段９８巷７弄２號十樓,25.108436,121.530069,65499984.0,47453850.0,25979064.0,36792164.0,49808384.0,83760740.0,107679620.0
臺北市士林區重慶北路四段２２２號十二樓之１,25.0858689,121.511468,20800006.0,22734366.0,13476424.0,17103744.0,19709734.0,33892136.0,38328864.0
臺北市士林區華齡街４０巷１弄６號二樓,25.08357599,121.51976,14499987.0,16439195.0,8437425.0,11182090.0,16122985.0,26676732.0,27702348.0
臺北市松山區光復北路６０巷３６號,25.04989398,121.555594,12500008.0,21522042.0,10060336.0,13633927.0,18172286.0,29890088.0,40858412.0
臺北市士林區承德路四段２９４號六樓,25.08958258,121.5191134,29999978.0,25488784.0,12634840.0,17801982.0,23863978.0,38563076.0,48605412.0
臺北市中山區松江路８號十二樓之２１,25.04645698,121.532689,5750000.0,7709687.5,2403143.0,4264846.0,5845988.5,10774570.0,17131104.0
臺北市內湖區民權東路六段１４６號三樓之２３,25.0688168,121.5895168,11309996.0,11469492.0,4157053.5,7067436.0,9688669.0,14891428.0,16624634.0
臺北市中山區新生北路三段２６號十二樓之１０,25.06370798,121.527389,6340002.0,7620717.5,2448987.0,5048470.5,6909950.5,11310988.0,15345770.0
臺北市中山區錦州街３０巷１２號十樓之１,25.05953899,121.524662,8659997.0,8802372.0,3312317.0,5362360.5,7992813.0,13452052.0,16232464.0
臺北市中正區仁愛路二段１６號十二樓,25.03809109,121.5263531,107280060.0,90909976.0,27429418.0,61942856.0,80476820.0,147999490.0,212285950.0
臺北市中正區和平西路一段１０１號三樓,25.0270652,121.5173445,69000050.0,53216996.0,20393808.0,33636404.0,48023384.0,76653816.0,109650000.0
臺北市中山區農安街１０之１號十樓,25.06484,121.52361,15379995.0,14372364.0,6614676.0,10550786.0,13064414.0,20292380.0,21630976.0
臺北市信義區福德街２２１巷３弄１６號二樓,25.038198,121.585613,17300012.0,14786481.0,7123335.5,10228435.0,13636710.0,21089552.0,21973962.0
臺北市內湖區星雲街１３５號十四樓之１,25.08071902,121.596223,57659944.0,48456936.0,16571922.0,31554150.0,43978890.0,69120580.0,89063240.0
臺北市中正區晉江街１７３號二樓之２,25.02117599,121.526799,13499990.0,13140636.0,4955425.0,7125333.0,11145211.0,16735731.0,21846084.0
臺北市士林區天母東路８號,25.11770919,121.5313827,309999740.0,529060160.0,171820320.0,307801540.0,485165200.0,485165200.0,485165200.0
臺北市北投區明德路１５０巷１３號,25.11040998,121.52138,36189988.0,33977576.0,15084936.0,24878020.0,34475732.0,59739400.0,62528544.0
臺北市中正區金山南路一段１３９號九樓之１,25.03517699,121.527661,4499998.0,16618198.0,7425606.5,12540318.0,16201285.0,25504784.0,51424964.0
臺北市大安區金山南路二段１３２巷２０號,25.03313998,121.52697,16999994.0,10876406.0,5072262.0,7478488.0,9511645.0,17504406.0,21706486.0
臺北市南港區重陽路３９巷１００號七樓,25.05737089,121.5942176,38299996.0,30063904.0,13408684.0,20215966.0,26287452.0,37907036.0,40529084.0
臺北市中正區仁愛路一段６號十一樓,25.03854199,121.521837,42799980.0,29840814.0,12135683.0,19228424.0,24505684.0,44492120.0,58522620.0
臺北市萬華區柳州街４２巷９之２號,25.03867099,121.50477,7299998.0,9036364.0,4713731.5,6955424.5,8937579.0,14183262.0,22827088.0
臺北市士林區承德路四段８０巷４１號,25.08262502,121.521972,18999984.0,17585658.0,7259018.0,11582380.0,14845061.0,21484350.0,26718742.0
臺北市士林區文昌路１４９號七樓,25.097507,121.52044,6000000.0,21282584.0,9998261.0,14862202.0,20263682.0,31994986.0,42411216.0
臺北市中山區明水路５２６巷５２號,25.078861,121.553957,103880100.0,54628316.0,19426492.0,35578660.0,51923876.0,97332770.0,109408700.0
臺北市萬華區西園路二段３７２巷１０１弄２２號,25.02741501,121.490062,260000.06,10541.221,199093.19,758734.6,1744900.4,3860474.0,9065089.0
臺北市中山區朱崙街５８號二樓,25.04982102,121.543281,195000080.0,153819700.0,52603820.0,74596310.0,248201150.0,339865380.0,402954000.0
臺北市大安區新生南路三段７６巷９之３號,25.01914199,121.533098,35999972.0,32234550.0,12899187.0,19867654.0,28431972.0,46600136.0,72350610.0
臺北市大安區信義路二段５２號十二樓之５,25.03449898,121.525826,15459994.0,14397798.0,5461567.0,10076736.0,12311942.0,18899036.0,24627700.0
臺北市中山區民權東路二段１３５巷３６號四樓,25.06437799,121.534872,23800020.0,25739898.0,13703877.0,21140216.0,22164476.0,35945290.0,38096070.0
臺北市大安區仁愛路四段３４５巷４弄４１號,25.03906498,121.551449,36999976.0,31417646.0,13179719.0,21159860.0,27330560.0,32680152.0,38664492.0
臺北市大同區民權西路１６０巷１８弄１７號,25.062279,121.515089,10199991.0,10817009.0,5577010.0,6993910.0,9975270.0,15431652.0,22757576.0
臺北市內湖區內湖路二段３５５巷１８號二樓,25.08417492,121.5920088,36499996.0,34973256.0,15727703.0,22296088.0,29876124.0,54308650.0,60425950.0
臺北市內湖區環山路一段５９巷５弄６號,25.085671,121.567718,13800008.0,13095050.0,6228574.0,8584929.0,11732641.0,18076804.0,23882464.0
臺北市內湖區行善路２５巷２４號五樓,25.05569128,121.5765844,27520024.0,25025314.0,10092643.0,15875202.0,21087540.0,32778974.0,37449976.0
臺北市松山區南京東路五段４１５號二樓之６,25.05146124,121.5701055,14420004.0,16257314.0,6191346.5,11199956.0,13206644.0,20886832.0,23258320.0
臺北市大安區復興南路一段７０號,25.04414601,121.543598,35999972.0,24277908.0,12744555.0,16068462.0,20068364.0,34398750.0,48972800.0
臺北市文山區木新路三段８３號,24.98199549,121.5636786,24799990.0,27766356.0,13654851.0,21719864.0,25485576.0,41593130.0,59294404.0
臺北市信義區莊敬路２５４號四樓,25.029182,121.562381,36499996.0,31551624.0,12298962.0,20704298.0,27407610.0,47603150.0,58632560.0
臺北市大安區金山南路二段２１號二樓,25.03325498,121.527326,27899976.0,22400480.0,10434092.0,16048981.0,19784876.0,32639724.0,44250836.0
臺北市中山區中山北路二段７７巷１２號七樓,25.05738602,121.524161,26840000.0,23134260.0,12545390.0,16810850.0,18535580.0,23050530.0,28451448.0
臺北市士林區福華路２８３號五樓,25.10542509,121.5214085,24000004.0,15230095.0,10061890.0,13011793.0,17468652.0,29632884.0,41630670.0
臺北市中山區新生北路三段１號七樓之６,25.06288702,121.527991,8160000.0,7798700.0,3012575.8,5295885.5,7589298.5,12099281.0,24412428.0
臺北市中山區北安路６４３號四樓,25.08619433,121.5507568,27299978.0,17517532.0,10310427.0,13620282.0,17626560.0,30033642.0,40814716.0
臺北市信義區和平東路三段３９１巷４３號四樓,25.020567,121.55919,19199984.0,13969285.0,6910675.5,9587379.0,12925959.0,21695062.0,21828216.0
臺北市中山區復興北路４３０巷３８號,25.06328411,121.5421633,30600020.0,25761756.0,11119985.0,15960637.0,22378572.0,37573680.0,49534390.0
臺北市松山區饒河街６１巷１２弄１８號,25.05041701,121.572453,16800016.0,14431808.0,8622961.0,10640881.0,12150089.0,20676042.0,23715510.0
臺北市中山區松江路８５巷７之３號六樓,25.05025398,121.534078,35599976.0,22766564.0,10183584.0,15063056.0,18922084.0,31731470.0,44013544.0
臺北市大同區哈密街７０巷３號,25.07308398,121.517315,13499990.0,12164721.0,6126128.5,9167643.0,10776790.0,18793318.0,19387700.0
臺北市內湖區文湖街２１巷９８弄６號二樓之３,25.09059101,121.560105,10999996.0,13504393.0,5365138.0,8392260.0,11390030.0,17589448.0,18353664.0
臺北市中山區林森北路１１９巷３８號二樓之２,25.050322,121.526532,12800001.0,16388134.0,7767688.0,12692060.0,14388300.0,20046636.0,22438196.0
臺北市中正區寧波西街８６號五樓之１,25.02984602,121.515925,22200016.0,17810438.0,9181082.0,12624651.0,17328544.0,28722820.0,47307444.0
臺北市文山區木新路二段１７２號五樓,24.98395602,121.568343,12299995.0,13035342.0,11645645.0,12191689.0,13092677.0,21019154.0,31201528.0
臺北市中山區南京東路二段１０８號六樓之２１,25.051839,121.532169,35000016.0,30163500.0,12841720.0,18462120.0,24502414.0,38270496.0,38532344.0
臺北市萬華區漢口街二段５１號,25.04586798,121.506388,10999996.0,13265138.0,5737571.0,9474273.0,11504438.0,19451892.0,24108740.0
臺北市大安區通安街１１８巷２號九樓,25.029088,121.552687,42000020.0,36865500.0,13619788.0,24078226.0,37357870.0,59511830.0,90613090.0
臺北市士林區中山北路六段２７７巷６號,25.11007399,121.524914,27299978.0,16401894.0,8067679.5,11038332.0,16277730.0,26596460.0,35936036.0
臺北市萬華區長泰街３１６巷１２號二樓,25.02128298,121.492674,8300002.5,8846419.0,4450316.5,6762716.5,7649362.0,12568910.0,13910923.0
臺北市信義區忠孝東路四段５５３巷２０之１號四樓,25.04313301,121.562898,32680028.0,22333714.0,10467241.0,14628771.0,18410218.0,33862024.0,45634530.0
臺北市中正區金門街３４巷２號四樓,25.02122401,121.522439,32500012.0,25276540.0,10349320.0,15282357.0,22373024.0,41006670.0,54434024.0
臺北市信義區永吉路４９８之１號,25.04516701,121.579566,10700004.0,12163120.0,6238829.0,6834197.0,10926766.0,15963530.0,27410016.0
臺北市大安區安和路二段７８號三樓之２,25.02969799,121.551146,56000000.0,40559244.0,19014158.0,26977446.0,38567124.0,60015436.0,72639330.0
臺北市文山區興隆路三段３０４巷３０號,24.99607902,121.555486,2440000.0,9626244.0,4420955.0,7025228.5,10545876.0,17169574.0,24662110.0
臺北市北投區東華街一段４００巷８號二樓,25.11078,121.518703,13000010.0,12363525.0,6000733.0,9033279.0,11675826.0,19358102.0,26013624.0
臺北市大安區金山南路二段１４０號九樓之１,25.02938401,121.526219,29750000.0,25586444.0,11221489.0,17893076.0,26499592.0,39357430.0,63595532.0
臺北市萬華區長泰街７３巷６弄２０號,25.02226299,121.499845,11880002.0,14528473.0,8369194.0,10043885.0,12296688.0,20601956.0,25899854.0
臺北市大安區大安路一段２０４號九樓之２,25.03477332,121.5458995,19129984.0,20000880.0,8640792.0,13906042.0,18435236.0,25658872.0,30559132.0
臺北市松山區富錦街３５９巷１弄３號五樓,25.06089699,121.557837,26499996.0,20686456.0,9565351.0,13906200.0,20594804.0,33191118.0,37509880.0
臺北市萬華區青年路３０巷１０號,25.025939,121.504005,20599992.0,23010294.0,11431186.0,15702105.0,21008452.0,35704290.0,41517040.0
臺北市北投區復興一路３３巷２號三樓,25.14014859,121.5027096,16800016.0,16787716.0,8525533.0,11469821.0,15933141.0,24593528.0,25822460.0
臺北市萬華區桂林路１０９號,25.03856701,121.500843,19679982.0,23744612.0,11973612.0,17963382.0,19265758.0,33641344.0,39041916.0
臺北市士林區延平北路五段２８５巷８９號二樓,25.08437738,121.5069839,9999996.0,15478198.0,7762756.0,13090255.0,14033618.0,21638940.0,24577724.0
臺北市內湖區東湖路１１３巷４９弄２９之１號,25.06984199,121.615149,32999976.0,30710528.0,12417455.0,19298600.0,29691836.0,44392604.0,59005470.0
臺北市大安區新生南路一段１６５巷３１之９號,25.03424149,121.535263,24999980.0,19897916.0,8842000.0,14244234.0,19396762.0,31658684.0,33181496.0
臺北市士林區忠誠路一段１７１巷１２弄１號,25.106402,121.531177,53000020.0,39062470.0,16544635.0,27367284.0,37145710.0,66627212.0,85071016.0
臺北市文山區久康街２６號四樓,24.98933498,121.565502,18200002.0,23318684.0,10544750.0,15545715.0,18748922.0,31324722.0,37769550.0
臺北市北投區中央北路三段４０巷１９弄１１號八樓之２,25.13834799,121.484478,15999987.0,13663032.0,8421572.0,12352446.0,13071842.0,18909312.0,20596180.0
臺北市信義區松山路５８８號二樓,25.0342124,121.5812608,16999994.0,12580494.0,6411060.0,9531622.0,12268434.0,16762183.0,19689632.0
臺北市松山區南京東路五段２００號十樓之６,25.05115001,121.564349,22620004.0,17571006.0,9245010.0,11667100.0,16324990.0,26658980.0,34139004.0
臺北市文山區指南路三段７７巷１２號,24.982773,121.580397,7000002.5,13837646.0,9671923.0,13338002.0,14479259.0,19768994.0,23123364.0
臺北市內湖區內湖路一段７３７巷７１號二樓,25.081378,121.579327,18799986.0,17093830.0,8974990.0,11409251.0,16821242.0,28143212.0,34910076.0
臺北市文山區忠順街一段１１９號五樓,24.984297,121.559962,13338002.0,14139936.0,7691643.5,9374760.0,14101933.0,20365780.0,29830968.0
臺北市中山區中山北路二段７７巷１２號十一樓之１,25.05738602,121.524161,16720002.0,15602035.0,8441546.0,13350448.0,14165770.0,17083726.0,22983098.0
臺北市北投區復興四路９號,25.14202602,121.499623,35199990.0,32785102.0,12732456.0,19858182.0,29174360.0,40316056.0,44961830.0
臺北市大安區信義路四段１９９巷２７號六樓,25.03512,121.551814,44199970.0,37146490.0,14934977.0,21935186.0,27941780.0,44666172.0,62547988.0
臺北市信義區永吉路５５號九樓之２,25.04584581,121.5691028,23150018.0,21260838.0,10241475.0,14715187.0,18935586.0,30648968.0,38059030.0
臺北市中山區復興北路３５６之１號八樓,25.06036801,121.543959,40000028.0,31145576.0,13783410.0,20266078.0,27308674.0,44582844.0,71778400.0
臺北市信義區吳興街２８４巷２２弄７３號,25.023515,121.561631,17559984.0,21194236.0,9121318.0,12217714.0,17097320.0,28235044.0,33606904.0
臺北市萬華區西藏路５３２號,25.02865499,121.492698,8640001.0,10780676.0,5281818.0,7838195.5,9819419.0,15421854.0,20075524.0
臺北市松山區復興北路２３１巷１５號,25.05711801,121.545484,23200012.0,19812140.0,9486551.0,12232918.0,17158868.0,28717452.0,38462736.0
臺北市士林區福港街２２１號四樓,25.085002,121.517683,16999994.0,14955130.0,10037355.0,12771712.0,15710014.0,27659000.0,41793930.0
臺北市士林區中正路６７０號九樓,25.08637198,121.507033,14700011.0,14886856.0,8534815.0,11292967.0,13188596.0,23037564.0,25631822.0
臺北市大安區新生南路一段１０３巷１２之１號二樓,25.04045499,121.533952,7000002.5,8773550.0,3956664.8,5392839.0,9526024.0,15005704.0,30261984.0
臺北市北投區榮華一路３巷６號五樓,25.112334,121.524742,36499996.0,34094170.0,13970884.0,23066584.0,32195838.0,55550960.0,84315500.0
臺北市中山區建國北路二段２５８巷２９號,25.06188002,121.535339,28200008.0,29888320.0,11469012.0,16739945.0,25429928.0,42237090.0,52046930.0
臺北市大安區復興南路二段２３６號五樓之４,25.02510702,121.543097,27999986.0,31683934.0,14038170.0,17705812.0,24697980.0,39405656.0,46042650.0
臺北市內湖區民權東路六段１７７號五樓之１,25.0680719,121.5968853,31999990.0,25521620.0,10434490.0,15566603.0,21893054.0,26140804.0,31679160.0
臺北市士林區社子街２５巷３弄１０號,25.08818354,121.508071,14579996.0,13729332.0,7325341.0,10813193.0,11944985.0,19927048.0,20572740.0
臺北市松山區三民路１６６巷５號,25.06205499,121.56352,36079988.0,19952528.0,9884832.0,12804543.0,18789662.0,31039066.0,36607644.0
臺北市大安區信義路三段１３４巷１６號,25.031828,121.53932,25880002.0,22127686.0,9422139.0,13099196.0,18983900.0,31296832.0,34814856.0
臺北市內湖區成功路四段３０巷２８弄２５號十樓之１,25.082989,121.591914,17500000.0,11838698.0,7080402.5,8606070.0,12080741.0,17654386.0,18213372.0
臺北市中山區林森北路４１３號九樓之１５,25.05976199,121.525709,5829998.5,6567558.0,2630365.5,4532274.0,6370609.0,10419157.0,13864356.0
臺北市北投區三合街一段３６巷９號二樓,25.1276842,121.5060499,57500040.0,41728772.0,17777348.0,26310326.0,36468960.0,66245540.0,70629064.0
臺北市中山區合江街１７０巷５號,25.06078098,121.538777,22379980.0,18952496.0,9046694.0,12660315.0,17706284.0,27946578.0,36172664.0
臺北市大同區重慶北路二段８８號,25.05671702,121.513621,72350056.0,88153310.0,27344534.0,49892530.0,73116380.0,165401330.0,169065540.0
臺北市內湖區康寧路三段５４之５號,25.07174099,121.608938,21000000.0,24067756.0,10708559.0,15201712.0,17267640.0,30786008.0,35155708.0
臺北市文山區汀州路四段２０３號,25.00311768,121.5358425,11999996.0,16258926.0,7965973.5,12270915.0,15108173.0,25481396.0,31567092.0
臺北市北投區石牌路二段３５７巷１３號五樓,25.12426295,121.525125,18699994.0,19561090.0,10443012.0,13380122.0,18298542.0,30180246.0,34580184.0
臺北市南港區興南街６４巷２６弄８號三樓,25.055018,121.602009,14900008.0,12961139.0,6693790.5,9417449.0,11522270.0,18468284.0,20735796.0
臺北市北投區光明路２１８之５號四樓,25.136263,121.504282,14399995.0,15881047.0,7752450.5,10915435.0,15456868.0,19358176.0,24259206.0
臺北市北投區中和街５０７巷３弄８號六樓,25.1445211,121.4943612,10800002.0,16946286.0,9504572.0,13118574.0,14381714.0,23574170.0,27145506.0
臺北市北投區中央北路三段４０巷１９弄１１號三樓之２,25.13834799,121.484478,13249991.0,16196712.0,8198831.0,13302434.0,13513257.0,18045972.0,22908304.0
臺北市中山區中山北路一段１２１巷３３號六樓之１,25.05089302,121.52466,21279988.0,24735270.0,10661745.0,17268298.0,21690138.0,28661800.0,33967270.0
臺北市內湖區內湖路一段５９１巷１６弄１號,25.08182488,121.5734004,22499994.0,18149460.0,8363146.0,11229946.0,14819006.0,25582884.0,28439784.0
臺北市文山區試院路８４巷１６號三樓,24.99037002,121.548942,7000002.5,18054236.0,9010925.0,11875970.0,15414267.0,25484068.0,26239964.0
臺北市大安區和平東路二段３１１巷６３號三樓,25.02606599,121.545569,32999976.0,30817086.0,14750847.0,17405660.0,28542708.0,41984000.0,57944940.0
臺北市南港區大坑街４５０號十二樓之５,25.0464404,121.6172631,24779988.0,22738920.0,11268696.0,16114008.0,19246624.0,25237952.0,30239192.0
臺北市中山區松江路１１８號十二樓之９,25.05169089,121.5327718,49500016.0,30602004.0,14666068.0,20850610.0,23945592.0,40574410.0,53652800.0
臺北市文山區試院路１５４巷２弄２３號四樓,24.991071,121.547641,11999996.0,13578676.0,10751188.0,11085256.0,12583590.0,21301550.0,22912148.0
臺北市大安區樂利路５巷７弄７號四樓,25.028929,121.551206,31999990.0,21873644.0,10260813.0,15000038.0,21616128.0,33370762.0,49690812.0
臺北市北投區文林北路１３６號十八樓,25.10638009,121.5167136,106000090.0,118255480.0,38259620.0,76646360.0,103111810.0,190624290.0,295418720.0
臺北市士林區士東路３８號四樓,25.111816,121.527473,21680004.0,16675159.0,11853023.0,15301957.0,20747308.0,33870100.0,62945324.0
臺北市信義區忠孝東路五段７９０巷７０弄１號三樓,25.04025102,121.583542,15829998.0,11966534.0,6582526.0,8887805.0,10962902.0,17790306.0,21048642.0
臺北市中山區天祥路８６巷６弄１０號四樓,25.0638765,121.5199457,10349991.0,12737945.0,6695246.0,10228591.0,11862612.0,20135462.0,22727168.0
臺北市內湖區麗山街３４８巷７之１號五樓,25.08202299,121.573211,17800012.0,13066183.0,7091566.0,9018112.0,13714336.0,22883586.0,34333664.0
臺北市士林區中山北路六段４２７巷６弄１２號,25.11458899,121.527029,22420014.0,18397652.0,11068270.0,13376014.0,15338074.0,28508866.0,31430114.0
臺北市南港區研究院路二段１８２巷７９弄６號三樓,25.036847,121.613678,14000013.0,14979110.0,7887769.5,10915018.0,12314384.0,20288626.0,21089310.0
臺北市文山區辛亥路四段７７巷８０號二樓,25.00854932,121.5604902,25800012.0,26035664.0,11957066.0,16680408.0,23537644.0,37883836.0,41801980.0
臺北市士林區德行東路３１號三樓,25.1077642,121.5286842,20679986.0,26969884.0,13137830.0,20414434.0,21623840.0,35484660.0,46854052.0
臺北市文山區政大二街１０９號,24.98815502,121.583746,36499996.0,47703864.0,21354800.0,30037252.0,53332630.0,82069410.0,104721400.0
臺北市中山區北安路６０８巷４弄６之２號四樓,25.081385,121.549309,9999996.0,8587476.0,3732671.8,5465386.5,9059955.0,14569126.0,26125902.0
臺北市大安區敦化南路一段１７７巷３０號,25.04294899,121.550575,13000010.0,15788928.0,6593388.5,10850381.0,13430056.0,21264568.0,30788650.0
臺北市士林區天母西路５０巷２５號,25.11755676,121.5248504,68000040.0,47919440.0,17388472.0,29703506.0,48199024.0,84981010.0,110529176.0
臺北市大安區建國南路二段６９巷１８號,25.03109911,121.5386989,22999982.0,35805560.0,14179664.0,23658404.0,30123656.0,51348904.0,56637420.0
臺北市信義區莊敬路４２３巷７弄１３號三樓,25.02842399,121.566522,15700009.0,15126800.0,8021915.5,11098732.0,15021168.0,24489704.0,34529236.0
臺北市信義區永吉路２００巷８１弄１０號,25.04323699,121.572914,31499970.0,29462964.0,12583854.0,15868844.0,22235062.0,39115484.0,40412140.0
臺北市北投區中央北路三段４０巷３８弄２２號五樓之１,25.14029327,121.4855612,15119992.0,14563792.0,9751556.0,13083990.0,13186181.0,18082978.0,21734368.0
臺北市信義區吳興街６００巷６０號,25.01980299,121.570294,17800012.0,15813974.0,8438608.0,13607506.0,15748235.0,24245746.0,26254732.0
臺北市松山區新東街１６巷１５號四樓,25.05816801,121.567108,21300006.0,16952848.0,8923714.0,11596571.0,17391524.0,27040862.0,31396740.0
臺北市文山區萬美街二段５１號,25.00508491,121.5645429,19199984.0,25154092.0,13045863.0,18792744.0,24781880.0,45214756.0,48458320.0
臺北市大安區仁愛路四段３４５巷１５弄１３號四樓,25.03914,121.554435,40000028.0,49120144.0,19703268.0,28590984.0,42807652.0,54743156.0,64252584.0
臺北市北投區永興路一段３６號五樓,25.13920299,121.500281,6900000.5,15076508.0,9649571.0,12512603.0,15384543.0,26076864.0,31762170.0
臺北市大安區敦化南路二段１０４號,25.02770939,121.5483867,48999990.0,24193592.0,11627423.0,15317960.0,19774274.0,39987290.0,40417612.0
臺北市大安區樂利路９５號四樓,25.02543802,121.552293,22249996.0,17181990.0,8600245.0,11262916.0,15408212.0,25174826.0,39093108.0
臺北市中山區敬業三路１６２巷４０號四樓,25.07785199,121.556995,35999972.0,28102284.0,11985105.0,18283332.0,24755990.0,43132290.0,48738444.0
臺北市松山區健康路２２５巷１１之１號二樓,25.05442201,121.562242,34599976.0,27421834.0,11079337.0,16562506.0,23357990.0,37352172.0,54780444.0
臺北市士林區中山北路六段１７２巷１６弄２號五樓之４,25.10714401,121.525958,8450003.0,8354457.0,3260693.8,4939510.0,8011365.0,12524732.0,25725568.0
臺北市北投區行義路１４２之１號,25.129857,121.528211,10950008.0,16441641.0,7912655.0,10553523.0,12524112.0,21170034.0,23254326.0
臺北市文山區木柵路二段１０９巷２５弄１８號,24.990468,121.562366,17800012.0,16442582.0,10397697.0,10516670.0,13147054.0,27001332.0,31331116.0
臺北市信義區莊敬路４７８號七樓之１０,25.02648102,121.568168,22300002.0,15826738.0,7933063.5,11233266.0,15161635.0,25081414.0,43698860.0
臺北市中山區合江街２９號四樓之２,25.05537901,121.539171,12280000.0,11960784.0,4872089.0,7711688.0,10486425.0,16519630.0,23055236.0
臺北市內湖區麗山街３３８巷９號五樓,25.08237901,121.573478,20300006.0,19102164.0,9562797.0,13256614.0,19988830.0,31037290.0,46742296.0
臺北市大安區信義路三段１０５號七樓之１０,25.03370002,121.53888,18880012.0,15938521.0,6558770.5,10521646.0,13393731.0,21033832.0,28214372.0
臺北市內湖區環山路二段１１號五樓,25.08622898,121.571078,15800014.0,15842140.0,8971242.0,10720944.0,15290287.0,25536326.0,34149490.0
臺北市萬華區康定路１０５號十一樓之１６,25.0392682,121.5020232,17300012.0,22567256.0,10979894.0,16312665.0,20300742.0,31440726.0,42440024.0
臺北市大安區臥龍街１３７之２號,25.01865601,121.550653,5000000.0,7875525.0,3671264.2,5861782.0,7254533.5,11823376.0,25263912.0
臺北市中山區建國北路三段６４號六樓,25.065358,121.536096,19679982.0,19812972.0,9770825.0,13224844.0,15819162.0,29286142.0,40057290.0
臺北市北投區石牌路一段１６６巷４６弄１９號三樓,25.11355205,121.5140881,36499996.0,35362572.0,14028025.0,22540156.0,28862310.0,46857984.0,63722904.0
臺北市文山區試院路１５２號三樓,24.990115,121.546928,7500001.0,12672733.0,6479886.0,9731359.0,11556782.0,19004986.0,21727818.0
臺北市士林區福華路１２８巷１２號五樓,25.102892,121.523221,18179982.0,13891567.0,7684194.5,9733382.0,11123506.0,20739196.0,23701536.0
臺北市中正區林森北路１號,25.04510498,121.52357,45579984.0,27841076.0,11843147.0,18429470.0,23534500.0,44743852.0,52213372.0
臺北市士林區中山北路七段１９０巷８之４號七樓,25.124939,121.533347,20800006.0,28266406.0,12855443.0,20483312.0,24765294.0,39400096.0,88050640.0
臺北市松山區民生東路五段１３８巷９號,25.05808599,121.561751,37500010.0,33904744.0,14049072.0,19656948.0,27047516.0,46909584.0,58764896.0
臺北市中正區羅斯福路一段８３巷２號,25.031403,121.519855,18580004.0,11091685.0,4615696.5,6472876.0,9439029.0,15763682.0,20943760.0
臺北市士林區天母西路８９號九樓,25.11858502,121.524685,90000060.0,117844560.0,34006230.0,69465920.0,95827416.0,186680740.0,270740600.0
臺北市南港區福德街４７３號八樓,25.039141,121.5928014,24179982.0,20254176.0,9806298.0,14799234.0,19112148.0,26838822.0,30054558.0
臺北市內湖區星雲街２１０巷３０號,25.07939377,121.5979146,31579980.0,26504696.0,11272501.0,17530836.0,20162902.0,34368584.0,38059390.0
臺北市南港區重陽路４６６號七樓,25.05936,121.61147,82880010.0,65133590.0,19799976.0,34139132.0,52435630.0,109241060.0,118833410.0
臺北市文山區富山路１６之２、１６之３號,24.98913901,121.5540735,31499970.0,31365556.0,13971656.0,19161936.0,28214642.0,45833850.0,54297870.0
臺北市中山區林森北路２８２號六樓之４,25.055491,121.525337,7250003.0,7429509.5,2966552.0,4515952.0,5968366.5,10140574.0,13962705.0
臺北市內湖區文德路２１０巷３０弄６號三樓之５,25.07723001,121.5843,18600002.0,21921174.0,9833494.0,15139327.0,18056750.0,29571848.0,31013148.0
臺北市文山區福興路６３巷２弄３號四樓,25.00367499,121.549538,5500000.5,13217934.0,7436832.0,9919470.0,12593098.0,19919828.0,21152800.0
臺北市士林區文林路６５３號,25.10035199,121.522789,17679996.0,16444370.0,7644563.5,10421343.0,14034582.0,23007352.0,25149294.0
臺北市中山區新生北路二段６８巷１５號二樓之３,25.05650902,121.526131,10550001.0,12067936.0,5070864.5,7633614.0,10653919.0,16328167.0,16384665.0
臺北市士林區通河街２１號三樓,25.08006502,121.523313,26880012.0,25505610.0,11565492.0,17279928.0,22189264.0,36128880.0,38243640.0
臺北市萬華區中華路二段５０４巷４號,25.02591201,121.507636,2620000.8,8613994.0,4842110.0,6568053.0,8244558.5,12423496.0,19763188.0
臺北市中正區南昌路二段１２８號十二樓之３,25.02553701,121.522535,21500010.0,17057060.0,7881912.0,13744503.0,16442268.0,24768836.0,25411552.0
臺北市信義區永吉路２７８巷１２號三樓,25.04473898,121.574111,21750002.0,16898484.0,8791684.0,11292558.0,15412092.0,24807464.0,25231984.0
臺北市松山區民生東路五段１２２號五樓之１,25.05857101,121.561184,18270014.0,25650896.0,10054676.0,15904721.0,21097356.0,34230024.0,54611336.0
臺北市松山區民族東路６７４號,25.06452199,121.546665,16399985.0,18224456.0,8129063.5,11518183.0,16297177.0,26908070.0,28590984.0
臺北市文山區羅斯福路五段１９２巷５弄１０號,25.00321202,121.53786,4600000.0,5544787.0,1451675.4,1928403.0,4390238.0,7968542.0,18726692.0
臺北市中正區中華路二段３４３號,25.02719729,121.506862,8500000.0,7959192.5,3564900.8,5452579.5,7417877.5,11198076.0,19574376.0
臺北市北投區幽雅路７號六樓之６,25.13729598,121.513111,5800002.0,8178456.5,5543888.0,6540987.0,7586578.0,12442728.0,12469790.0
臺北市南港區研究院路三段１號五樓,25.03579,121.61708,47500030.0,61105124.0,29899610.0,41330104.0,54513612.0,77873560.0,119048696.0
臺北市萬華區民和街９８號七樓之２,25.02549501,121.497558,24620000.0,29746424.0,17492992.0,24315536.0,29537800.0,48850310.0,69198136.0
臺北市信義區莊敬路３９１巷２弄６號五樓,25.02769899,121.565885,24400000.0,19971338.0,10830098.0,16074102.0,20921640.0,37189308.0,58383590.0
臺北市文山區木柵路一段３５９號,24.98911261,121.5576463,51880024.0,71732550.0,32106674.0,51793310.0,69179260.0,137784240.0,141494140.0
臺北市內湖區康樂街１３６巷２號五樓,25.07183952,121.6190883,1659999.8,1214325.1,1096128.8,1290194.0,4053249.5,7376911.0,20264764.0
臺北市大安區瑞安街２０８巷３５弄６號,25.02953999,121.540843,28849980.0,17338992.0,8989450.0,11609739.0,16424371.0,28509028.0,31541034.0
臺北市文山區興隆路三段２２９巷６弄１號四樓,24.99302499,121.55947,13000010.0,16332403.0,9338336.0,12995622.0,17423496.0,27257572.0,32332146.0
臺北市松山區南京東路五段２３９號十三樓之１２,25.05161642,121.5649724,16380009.0,15790464.0,6210678.5,10666322.0,13635514.0,21833338.0,21932926.0
臺北市文山區羅斯福路六段４０７號九樓之８,24.99167999,121.54064,13550010.0,12195108.0,6193744.0,9822041.0,12708193.0,19513688.0,25255094.0
臺北市松山區撫遠街３９９巷４號二樓,25.06540301,121.565909,12149996.0,13746574.0,6435894.5,10183351.0,12341378.0,18378572.0,20347882.0
臺北市內湖區成功路五段８３號,25.07384502,121.6053,25190004.0,33039088.0,14634324.0,20793024.0,26770364.0,54573744.0,55443730.0
臺北市士林區基河路１２８號五樓之３,25.08867608,121.5231356,7099998.0,7573407.0,2725315.8,3909647.2,6703424.0,10932854.0,17524852.0
臺北市士林區中山北路六段２１２號三樓,25.10835499,121.525346,57580050.0,53309748.0,18489748.0,27249568.0,48150320.0,78324920.0,104978980.0
臺北市北投區行義路１７巷３號,25.12506699,121.526151,24499984.0,21540112.0,11599513.0,14582415.0,20041972.0,32601272.0,37515390.0
臺北市大同區赤峰街３３巷１５弄２號,25.05426799,121.519995,8599999.0,14568098.0,6859604.0,10115674.0,14069962.0,18241914.0,24866016.0
臺北市信義區信義路五段１２７號十七樓,25.033964,121.573943,21400020.0,18176932.0,7226347.0,11947674.0,16670612.0,24277352.0,26658928.0
臺北市中山區德惠街４５號五樓之２１,25.06674299,121.526995,11500007.0,7513352.0,3581625.8,5749627.0,7389155.0,11266956.0,18845510.0
臺北市文山區辛亥路五段１２４巷６號四樓,24.99700601,121.551573,12800001.0,17160636.0,8807368.0,11937104.0,16041269.0,27577508.0,44037730.0
臺北市大安區復興南路二段１７１巷３６號十七樓,25.02750889,121.5450386,31999990.0,30160106.0,14107932.0,19149550.0,31017820.0,40515560.0,43595710.0
臺北市中山區民權東路一段３６號三樓之５,25.06252622,121.5238583,12370012.0,12894907.0,4993386.0,7574006.5,10848643.0,17281708.0,25126472.0
臺北市萬華區成都路１０２號八樓之５,25.04350701,121.502233,14280005.0,17298890.0,8810225.0,13023314.0,14787327.0,24296716.0,25027320.0
臺北市北投區大度路三段３０１巷１７４號,25.118662,121.465043,7999997.0,10803648.0,5859742.0,11804921.0,11870851.0,16322842.0,18605394.0
臺北市士林區華齡街１８號三樓,25.08302802,121.51958,16800016.0,14016739.0,7809060.0,10747252.0,13801772.0,23294368.0,29395662.0
臺北市士林區天母東路８巷２１號二樓之１,25.11721116,121.5324463,24499984.0,26844198.0,11598164.0,17630662.0,24417038.0,39537410.0,54189652.0
臺北市士林區仰德大道三段１２５巷５弄１７之１號,25.120811,121.550355,6900000.5,7925773.5,4950871.5,6886084.0,8292233.0,12373338.0,13451462.0
臺北市內湖區內湖路三段２４２號八樓,25.088684,121.588077,45999988.0,52550570.0,19382228.0,30789002.0,43599204.0,86022930.0,90601500.0
臺北市大安區和平東路一段２２２號八樓,25.02605798,121.532108,2600001.0,738335.94,1240774.5,1495170.5,5043754.5,10077716.0,42770520.0
臺北市信義區忠孝東路五段１０１號五樓之１,25.04130102,121.567414,54000012.0,27088768.0,11813142.0,18794036.0,23529248.0,39279364.0,52665060.0
臺北市南港區福德街３７９號七樓,25.04089731,121.5910304,26560010.0,25100080.0,10982492.0,15873082.0,22313956.0,35032410.0,35684270.0
臺北市內湖區成功路三段１７４巷８號,25.08099201,121.590578,2500000.8,7472321.5,3431579.5,4604130.0,7965928.0,13131892.0,18435694.0
臺北市南港區松河街７７２號六樓,25.06159,121.6118,27579980.0,23402674.0,10837992.0,16341502.0,20133620.0,34008824.0,38409804.0
臺北市大同區民權西路３００號十樓之２,25.06283899,121.5104931,23800020.0,22240534.0,10651359.0,15827764.0,18839688.0,31202122.0,32677722.0
臺北市士林區社中街２１０巷９弄１６號,25.09167399,121.508291,10999996.0,13566094.0,6406256.0,10023408.0,12188434.0,20265306.0,22357112.0
臺北市文山區興隆路二段２９７號四樓,25.00150898,121.55316,11999996.0,11831520.0,6659267.5,8873009.0,11422664.0,17544182.0,25098020.0
臺北市中山區錦州街５０號,25.06016298,121.526107,6690000.0,6902850.0,2462148.0,4136173.8,5991600.5,10027959.0,20215196.0
臺北市信義區永吉路２２５巷４弄３０號二樓,25.04607401,121.573449,11699992.0,10424504.0,5236388.5,7314067.5,9601434.0,15769305.0,27847130.0
臺北市大安區建國南路一段３４１巷３號六樓,25.034531,121.538373,31280004.0,19376646.0,10493808.0,13709838.0,16957570.0,31610352.0,47746372.0
臺北市松山區寶清街８９巷２５號,25.05241702,121.568795,16625014.0,12956146.0,6390440.0,9236145.0,11684314.0,18286610.0,21498944.0
臺北市中正區和平西路一段５９號,25.026809,121.519707,16780000.0,13275617.0,4856057.5,8593473.0,11162571.0,18456698.0,23463638.0
臺北市北投區文林北路８８號十八樓,25.10552501,121.5180406,138879980.0,352786500.0,149882060.0,361393760.0,485165200.0,485165200.0,485165200.0
臺北市松山區民權東路三段１６６號三樓,25.06160702,121.548505,39800028.0,35092732.0,15377032.0,24358800.0,33357080.0,51038104.0,64016984.0
臺北市中山區新生北路三段７號十二樓之２,25.06332699,121.527991,28560026.0,25883508.0,11355626.0,17420208.0,21949248.0,34676744.0,40356372.0
臺北市南港區三重路４１巷３７號七樓之１,25.06040111,121.6128097,54880004.0,40673976.0,15492139.0,25541830.0,32377072.0,63562790.0,84086320.0
臺北市內湖區康樂街１３６巷２９弄５４號,25.07338502,121.617959,15099991.0,19314178.0,9486389.0,12098150.0,15830149.0,26826590.0,28710606.0
臺北市北投區中和街４９３巷９弄１之１號二樓,25.14406701,121.49462,7299998.0,7560417.5,4438211.5,5273720.0,7130900.5,12353483.0,16646750.0
臺北市中正區廈門街１１３巷１號,25.02351802,121.517676,19499996.0,18896260.0,7948800.0,12490618.0,15949773.0,25996016.0,27119630.0
臺北市萬華區和平西路三段３９８號三樓,25.03534501,121.490921,12599994.0,13218640.0,7436364.0,10433714.0,13018644.0,18797190.0,20752572.0
臺北市大安區羅斯福路三段３０９號十一樓之２,25.01738699,121.531984,93059980.0,99238470.0,25920462.0,58403196.0,80704936.0,140636110.0,218756180.0
臺北市信義區松山路５４１巷１４弄２號二樓之２,25.037623,121.578547,5500000.5,20769678.0,9822435.0,12593674.0,17119476.0,29945096.0,45433730.0
臺北市大安區新生南路一段１０３巷１２之１號二樓,25.04045499,121.533952,7000002.5,8700386.0,3846241.2,5421210.0,9066005.0,15063688.0,32418784.0
臺北市萬華區長沙街二段１４８號十一樓,25.04063101,121.501331,31000018.0,40342980.0,19131114.0,29578166.0,37592604.0,64105570.0,78487020.0
臺北市內湖區內湖路三段６０巷１２弄１６號,25.08831302,121.591882,17599986.0,17997334.0,10188092.0,12426838.0,16068401.0,27433552.0,29212612.0
臺北市士林區前街４３巷５號,25.09774798,121.525522,11999996.0,6277832.0,3151818.5,3520023.2,6627873.5,11329774.0,24185148.0
臺北市內湖區成功路二段３１２巷３８號,25.06708698,121.588716,27999986.0,25849564.0,11430815.0,16555336.0,23020698.0,37867076.0,42576150.0
臺北市北投區天母西路１１７巷５２弄３１號四樓,25.12105998,121.5253,31999990.0,35726360.0,15927915.0,23188554.0,31994742.0,54631544.0,75986100.0
臺北市中山區錦州街５０號十一樓之６,25.06016298,121.526107,6250000.5,7773765.0,3622863.5,5825341.0,7279496.5,12098635.0,15265139.0
臺北市中山區中山北路二段１６巷２３之１號六樓,25.05320299,121.520871,31999990.0,22150826.0,11275038.0,15540972.0,21548496.0,32923276.0,40604524.0
臺北市中山區錦州街１０６號六樓,25.06028834,121.5285723,17800012.0,16941988.0,8271090.5,10998402.0,15254690.0,24948392.0,38001220.0
臺北市內湖區成功路四段２２２號四樓,25.08464099,121.596216,15119992.0,12923198.0,7361063.5,10316880.0,11965964.0,20383930.0,25692516.0
臺北市中山區松江路２９７巷１９號,25.06110092,121.5347143,22499994.0,18917284.0,8514588.0,12225174.0,17184710.0,25381664.0,27605664.0
臺北市北投區承德路七段１６８號十八樓,25.113915,121.508111,66999964.0,88585650.0,42979704.0,61238484.0,79667690.0,123303500.0,153447250.0
臺北市松山區八德路四段４４５號六樓之１１,25.04992001,121.570422,10480006.0,12149556.0,4151653.5,7348753.5,9890999.0,15470613.0,20584556.0
臺北市中正區杭州南路一段１０５巷２３之２號五樓,25.037113,121.527069,35500028.0,21980124.0,10372323.0,15589660.0,22886554.0,35364190.0,53064756.0
臺北市萬華區和平西路三段１１之１號四樓,25.034473,121.504322,13508000.0,13978506.0,10385368.0,14563931.0,14872127.0,21383088.0,24734940.0
臺北市文山區萬美街二段２巷８號,25.00352258,121.5629436,4640001.5,15224286.0,8331844.5,10855432.0,14720240.0,22192736.0,23858788.0
臺北市大安區復興南路二段９０巷１２號三樓之２,25.03021968,121.5423855,16350013.0,15512275.0,6113009.0,9952958.0,12127399.0,19670826.0,27503652.0
臺北市文山區興隆路二段２１７巷８之４號二樓,25.00218188,121.5493808,22200016.0,23703798.0,10925370.0,16335954.0,20801434.0,32894968.0,39141680.0
臺北市內湖區金龍路２２２巷２號二樓之１,25.08776899,121.586574,9880006.0,8398329.0,3190827.0,4514419.0,7655718.5,11181792.0,15721434.0
臺北市內湖區內湖路一段２８５巷６７弄６號,25.08480951,121.5671498,20000004.0,17853906.0,8544588.0,12412104.0,16731390.0,25402732.0,27126148.0
臺北市中山區林森北路１１９巷３８號三樓之１,25.050322,121.526532,11500007.0,12151202.0,5525952.0,8893892.0,11759570.0,18501426.0,21470914.0
臺北市內湖區江南街１１１號三樓之６,25.07645099,121.576248,15000010.0,17666916.0,9550293.0,11832242.0,14856987.0,25559374.0,26670168.0
臺北市北投區中央北路四段４６５號五樓,25.12864598,121.469798,10879995.0,11437881.0,7851969.5,10108422.0,11993108.0,19605650.0,21708474.0
臺北市南港區重陽路１２５巷３６弄１０號五樓之６,25.05752398,121.597146,15700009.0,14080620.0,7080564.5,11330227.0,13240164.0,16977862.0,20181294.0
臺北市中山區松江路１３３巷５０號七樓之４,25.05431501,121.5346844,12500008.0,10795203.0,4578571.5,6670645.0,9630706.0,15775683.0,22040408.0
臺北市文山區景興路９６巷３４號四樓,24.994731,121.542874,20100008.0,16085204.0,9969373.0,13773686.0,18898712.0,31975098.0,37152796.0
臺北市北投區中央北路四段５４１巷９號十五樓,25.12745701,121.468269,22280020.0,15058460.0,10116812.0,14238638.0,14564292.0,21123126.0,24693080.0
臺北市文山區指南路三段７３號七樓,24.98292299,121.580295,11299991.0,9572068.0,6366728.0,8052882.5,10117796.0,13981546.0,16917704.0
臺北市北投區稻香路１６１巷１６弄２之５號三樓,25.14190094,121.4880264,28359992.0,30332716.0,15117772.0,19907484.0,26682888.0,40026740.0,50347084.0
臺北市大安區信義路二段６６號,25.03433208,121.5261752,86899920.0,36918344.0,14216657.0,24481952.0,29311626.0,51959244.0,58020144.0
臺北市士林區忠誠路一段１６巷２９號五樓,25.10585198,121.525954,29999978.0,23628460.0,10536226.0,15128820.0,21296512.0,36239236.0,61846172.0
臺北市萬華區大理街１６０巷２４弄１２號,25.03242199,121.494522,16800016.0,17884068.0,8649828.0,11588788.0,14294748.0,24319944.0,25948806.0
臺北市大同區哈密街７０巷１之４號四樓,25.07319701,121.517316,9700004.0,9892546.0,4897048.0,7680553.0,9529223.0,14797654.0,25062238.0
臺北市士林區中山北路六段２巷４８號,25.10351,121.528118,2500000.8,7553866.0,3120528.0,4686461.0,7947792.0,12463488.0,23905572.0
臺北市松山區八德路三段１２巷５２弄１４號二樓,25.046267,121.549978,40000028.0,34248504.0,13107719.0,20196466.0,29158838.0,46500160.0,92541720.0
臺北市松山區富錦街５６２巷９號三樓,25.06214899,121.567403,24000004.0,17397196.0,12154910.0,12772784.0,21296066.0,33162136.0,36799320.0
臺北市信義區信義路五段１１９號十四樓之２,25.03334999,121.5739149,31999990.0,27888538.0,12783313.0,17165578.0,23077848.0,37464050.0,38684264.0
臺北市中正區新生南路一段１６０巷８之４號,25.03452299,121.531853,23599994.0,17140844.0,7550524.0,10777530.0,15031371.0,25862732.0,27240888.0
臺北市中山區德惠街３巷１號五樓之１,25.067076,121.523203,10119996.0,9462553.0,4191000.5,6778181.0,8957137.0,15009626.0,21391408.0
臺北市南港區成福路７４巷８號二樓之６,25.0439834,121.586269,37999988.0,36862404.0,14326247.0,20974340.0,33111636.0,52410132.0,58489144.0
臺北市萬華區長沙街二段１４８號,25.04063101,121.501331,10499994.0,28966930.0,12436868.0,21449138.0,24687760.0,44142510.0,45093410.0
臺北市士林區中山北路七段８１巷１１號十二樓,25.12171578,121.5299873,69799950.0,82570120.0,29531322.0,54879376.0,79553496.0,134760460.0,156525070.0
臺北市萬華區德昌街１８５巷１２弄８號三樓,25.02316501,121.494035,12199993.0,13854971.0,7607792.0,10684933.0,12501868.0,20271298.0,21869098.0
臺北市信義區光復南路４４７之２號,25.03533202,121.557696,9999996.0,7850097.5,2881858.2,5229347.0,6761756.0,11401572.0,24586118.0
臺北市信義區嘉興街１５５號,25.02813401,121.557321,5000000.0,5964628.0,2327012.2,2460239.8,5152748.0,9026338.0,17477718.0
臺北市中山區林森北路４１６巷１號四樓之５,25.05979121,121.5250618,5960000.0,7952561.0,4072895.0,5666077.5,6899520.0,10831874.0,17894680.0
臺北市內湖區陽光街１８８號二樓,25.07461699,121.580721,20500002.0,21021760.0,9162311.0,13026444.0,17659942.0,29765380.0,40588884.0
臺北市大同區重慶北路二段６７號,25.05573801,121.514184,6500001.0,7091012.0,2154313.2,4421178.5,6603658.5,10790324.0,19051768.0
臺北市大安區信義路四段４００巷６弄１２號二樓,25.03254901,121.556127,22000004.0,17037064.0,7954791.0,10318690.0,15813612.0,24255320.0,33326998.0
臺北市大安區敦化南路一段２３３巷６５號五樓,25.04043802,121.552683,54300050.0,45892456.0,20304304.0,30056966.0,41535256.0,54408490.0,54804790.0
臺北市北投區公路５５號二樓,25.1323027,121.5026806,32999976.0,35587212.0,23672396.0,31845214.0,36228800.0,56891530.0,62164424.0
臺北市中山區通北街１１９號,25.08371819,121.5382186,42999960.0,36568076.0,17219194.0,27953188.0,39055990.0,70428350.0,77570110.0
臺北市內湖區內湖路二段１７９巷３弄１７號,25.08182601,121.588096,25800012.0,25930748.0,12200947.0,18214344.0,25567956.0,43360196.0,58465276.0
臺北市文山區羅斯福路五段２３６巷５號七樓,25.00129998,121.538266,25050004.0,25579760.0,11083734.0,15999163.0,21474518.0,33623704.0,53815656.0
臺北市士林區福林路１００巷１１弄５３號六樓,25.09605999,121.53299,2527678.2,11282202.0,5959943.0,7791860.5,10493268.0,17926998.0,23480292.0
臺北市中山區長安東路二段１８９號九樓之１４,25.04838079,121.5427736,11999996.0,8601475.0,3201977.8,5672879.5,8099881.0,12088901.0,20778158.0
臺北市北投區大同街２２８巷２０號三樓,25.13941099,121.499942,9400006.0,9098955.0,5002404.0,6739468.0,9043174.0,13242437.0,15140251.0
臺北市信義區莊敬路４２３巷２弄２７號,25.027412,121.567679,15999987.0,13970084.0,7324817.0,10324990.0,12086042.0,21378600.0,24434044.0
臺北市萬華區中華路二段４９８巷９號十樓,25.02590602,121.50717,10399997.0,9280681.0,6934944.5,8918065.0,9207334.0,14981396.0,23877682.0
臺北市中山區樂群二路８６號七樓,25.07973548,121.5547282,179999870.0,168167600.0,59389252.0,82929340.0,157322420.0,304702180.0,346413300.0
臺北市松山區復興北路３１３巷２２號,25.058843,121.545765,40000028.0,28465724.0,11961240.0,17053546.0,23838638.0,41673412.0,49826436.0
臺北市大安區羅斯福路三段５１號十樓,25.02323701,121.525599,45300040.0,29562318.0,14685354.0,22496004.0,27485192.0,42292870.0,52127200.0
臺北市北投區大業路５２６號二十三樓,25.13476402,121.496654,38679984.0,40589892.0,22589306.0,34906880.0,36381696.0,52591880.0,55799450.0
臺北市信義區虎林街８２巷３３號,25.04339302,121.575907,20679986.0,27063668.0,11698162.0,14846506.0,19660436.0,31580944.0,38831816.0
臺北市中山區南京東路二段１０８號十八樓之１６,25.051839,121.532169,15000010.0,16963910.0,6009409.0,11783820.0,13628650.0,22823606.0,24431060.0
臺北市內湖區成功路二段３１２巷１９號五樓,25.06726698,121.589564,17800012.0,16787940.0,8277876.5,10916955.0,14603792.0,23983120.0,29379184.0
臺北市內湖區安康路２６９號二樓,25.066494,121.614348,25500016.0,25228182.0,10992488.0,17869612.0,22315404.0,35864000.0,39876620.0
臺北市中山區長安東路一段５２巷６號三樓,25.04801501,121.527936,21950000.0,18316664.0,8806201.0,13883514.0,18268412.0,29160952.0,32146442.0
臺北市內湖區麗山街４２號三樓,25.08074102,121.580408,6500001.0,8840035.0,5455773.0,7306329.0,9785503.0,15888015.0,28084172.0
臺北市萬華區萬大路２７７巷４４弄８號,25.02517202,121.502025,18000012.0,24688560.0,10872112.0,15690729.0,18847414.0,34195440.0,37925550.0
臺北市文山區景華街１２８巷２弄９之２號二樓,24.99511279,121.547029,15500001.0,17679726.0,9162958.0,12716631.0,16666987.0,27221308.0,39995680.0
臺北市文山區景華街１１４號三樓,24.9954088,121.5464411,16649989.0,13752816.0,7587735.5,10718449.0,13681051.0,22625224.0,35738424.0
臺北市大安區大安路一段２０２號二樓之１１,25.03499502,121.545865,21279988.0,17475084.0,7363521.0,11519501.0,15167362.0,21658720.0,29048316.0
臺北市信義區信義路五段９１巷１２弄１號,25.03372659,121.5714009,32180000.0,15694231.0,6801576.0,11132718.0,12826616.0,22200100.0,22478804.0
臺北市內湖區康寧路三段２５號七樓,25.07281702,121.607299,37299988.0,25873882.0,10528331.0,17150754.0,23547612.0,38448360.0,49351344.0
臺北市士林區士東路２６６巷６弄１６號六樓,25.11251602,121.536149,27980020.0,23928288.0,11727518.0,15388827.0,21359648.0,33415346.0,42576230.0
臺北市內湖區成功路四段６１巷９弄１１號,25.08130101,121.592281,28999988.0,27417544.0,13216296.0,18680530.0,23717320.0,41989450.0,52977380.0
臺北市文山區萬芳路６０之１２號四樓,24.998643,121.568348,20000004.0,18253156.0,8438399.0,13588417.0,15619722.0,24233586.0,24702550.0
臺北市中山區敬業三路１６２巷７１號四樓,25.078466,121.559321,34200004.0,28700258.0,12245664.0,18173880.0,25909440.0,42895188.0,46883820.0
臺北市松山區南京東路五段２３９號十樓之２３,25.05161642,121.5649724,14879986.0,15035098.0,5696408.0,9731452.0,12466816.0,19195260.0,22558736.0
臺北市南港區忠孝東路六段１５５號四樓,25.04902398,121.586365,18600002.0,12543787.0,5893542.0,8279290.0,11296780.0,17482684.0,20588088.0
臺北市中正區濟南路二段１５號六樓之５,25.04131502,121.527671,15300002.0,13712452.0,5952314.5,8933063.0,11828406.0,17961224.0,19529140.0
臺北市北投區石牌路二段３６２號,25.12347699,121.525537,27299978.0,18106136.0,10111160.0,14065239.0,19151778.0,30698874.0,30999840.0
臺北市內湖區東湖路７６巷３號四樓,25.06843001,121.614311,16300006.0,18113666.0,8644006.0,12461372.0,17103876.0,26365334.0,34986468.0
臺北市南港區經貿二路２３５巷６０弄３０號二樓,25.06227291,121.615562,47000036.0,38990492.0,13416052.0,23765228.0,32119720.0,61066444.0,70114050.0
臺北市大安區潮州街２６巷５弄８號三樓,25.02885,121.52263,14700011.0,11956222.0,5207146.5,7077729.0,10347070.0,15490602.0,21848002.0
臺北市萬華區貴陽街二段１０４號七樓,25.03986201,121.502954,9999996.0,23119880.0,10001542.0,14557960.0,20089314.0,32699606.0,47760490.0
臺北市萬華區萬大路１４７號四樓,25.028736,121.5007,6399997.0,5750537.5,2649001.8,3086338.5,4542356.0,8750980.0,20032532.0
臺北市文山區景華街１９４號二樓,24.998413,121.54784,10600002.0,16304888.0,8238561.5,11808208.0,16944508.0,27446950.0,29145548.0
臺北市北投區石牌路二段３２４巷９弄２號,25.12152401,121.524384,5880000.5,8392580.0,4524129.5,5733698.5,8282291.0,13286231.0,19102782.0
臺北市北投區東華街一段３６４號三樓,25.10977702,121.519212,28250020.0,20018436.0,11564896.0,16196311.0,20057880.0,32136940.0,38405264.0
臺北市北投區義方街１號,25.14070398,121.5026,38879988.0,40340212.0,14233506.0,26076416.0,39263036.0,68475490.0,71463790.0
臺北市松山區南京東路五段４１５號,25.05146124,121.5701055,18489996.0,18424340.0,8696578.0,13774001.0,15555444.0,26245370.0,26980636.0
臺北市內湖區環山路一段２４巷１０號八樓,25.08441699,121.565126,3020000.2,11252824.0,5577217.0,8191062.5,10904489.0,18514168.0,27671296.0
臺北市文山區萬盛街９２號三樓,25.005618,121.540708,19380010.0,17141074.0,9329399.0,12554582.0,16205612.0,27073374.0,28887644.0
臺北市大同區酒泉街１０３巷１之１號三樓,25.07244421,121.5148247,3000001.0,19900802.0,9978695.0,14035653.0,19245962.0,32888004.0,42290936.0
臺北市內湖區內湖路一段６９１巷２號,25.08022901,121.576813,19499996.0,14586310.0,7243203.0,9727517.0,12298376.0,21232956.0,26959236.0
臺北市士林區光華路２６巷２弄２號四樓,25.137494,121.542075,13000010.0,18990528.0,9185618.0,10100809.0,16187447.0,18878824.0,32344792.0
臺北市信義區永吉路３０巷１４５號三樓之１,25.042607,121.568973,25500016.0,17121044.0,8189852.0,12399184.0,14896371.0,24189900.0,26966642.0
臺北市內湖區民權東路六段１７７號二樓之１,25.0680719,121.5968853,28500004.0,21930626.0,9902022.0,15789079.0,20299774.0,22048188.0,29427920.0
臺北市北投區中山北路七段２１９巷３弄１２１號二樓,25.12765298,121.530047,15379995.0,21753362.0,11184522.0,14231253.0,17829302.0,28980524.0,34946052.0
臺北市中山區錦州街４２６巷１弄５號四樓,25.059922,121.542656,21000000.0,19318304.0,10759086.0,14661397.0,19308248.0,30580764.0,44540176.0
臺北市北投區溫泉路６８之１號二樓,25.13489901,121.50459,7500001.0,10667482.0,5482739.0,9239880.0,11085974.0,18291738.0,23237080.0
臺北市松山區三民路１５５巷１號三樓,25.06141398,121.562884,31000018.0,24125392.0,12387838.0,17794106.0,23394106.0,39976308.0,54518188.0
臺北市萬華區大理街３０號五樓之２,25.03456302,121.501611,18799986.0,20617484.0,15225912.0,16389103.0,21384148.0,25212884.0,26520374.0
臺北市北投區溫泉路３７巷２８號,25.13384301,121.503422,7000002.5,11291158.0,5346036.0,8216427.0,11383428.0,18425394.0,25758660.0
臺北市萬華區西藏路１４６號,25.030137,121.503854,11999996.0,12429824.0,6299596.5,8741880.0,10777530.0,16447601.0,20307908.0
臺北市萬華區西園路二段３７號四樓之５,25.03176539,121.497308,32149998.0,33039150.0,13835614.0,22978408.0,27825946.0,47583636.0,50734990.0
臺北市中正區羅斯福路二段１９８號十一樓之１,25.02480799,121.523847,24100004.0,16100644.0,9418833.0,12548980.0,16494253.0,27797088.0,38675040.0
臺北市松山區復興北路３１３巷８號三樓,25.05885302,121.545093,50999960.0,52637544.0,20351918.0,34169880.0,54258636.0,84072210.0,107456590.0
臺北市萬華區環河南路二段１２５巷１５弄６號五樓,25.034057,121.494202,14179989.0,13958445.0,7807272.5,10317391.0,12505874.0,20853316.0,23700044.0
臺北市內湖區康樂街７２巷１７弄１４４號,25.07185201,121.616453,2949999.8,8931410.0,5255249.0,6771991.0,9919943.0,16049777.0,27397680.0
臺北市中正區羅斯福路三段２號二十三樓之２,25.02346102,121.524761,112000056.0,164166450.0,61210108.0,101351470.0,188165710.0,269906880.0,302335550.0
臺北市文山區忠順街二段８５巷１弄３３號四樓,24.98528698,121.564466,19930012.0,23254770.0,12055582.0,18269596.0,25263430.0,42440428.0,68409304.0
臺北市士林區後港街１６０之１號四樓,25.08715301,121.520477,13499990.0,12059998.0,5071488.5,7375469.0,11467327.0,17903148.0,28351124.0
臺北市中山區建國北路二段３５號,25.05529301,121.537265,10800002.0,7369000.5,3295315.5,5015588.5,7392080.0,11879504.0,16491799.0
臺北市大安區建國南路一段２９１巷１３號六樓之２,25.03584499,121.538854,10999996.0,8025183.0,3040124.0,4709508.0,6959870.0,11593917.0,21043264.0
臺北市北投區尊賢街２２４巷２號三樓,25.11591098,121.50794,16600014.0,16628122.0,9971903.0,12554630.0,16205736.0,26838924.0,42657440.0
臺北市松山區南京東路五段３２８號八樓之２,25.051056,121.568634,18000012.0,18458458.0,8306084.0,12440000.0,16245163.0,25641260.0,26030052.0
臺北市北投區行義路１４０巷１號六樓,25.12967901,121.528073,13499990.0,23197268.0,13381398.0,14591207.0,19379678.0,35781324.0,41359836.0
臺北市士林區基河路３８２號十樓之１,25.09500002,121.51807,81999940.0,78590536.0,25089118.0,44424704.0,67228080.0,109223760.0,141972900.0
臺北市信義區永吉路３６９號十四樓,25.04564259,121.5768307,72769950.0,55589330.0,26801020.0,41235772.0,53869468.0,97881970.0,123868056.0
臺北市信義區吳興街３９４巷６８號二樓,25.024845,121.565334,20000004.0,25433760.0,12171220.0,17097874.0,25582396.0,43022108.0,52784932.0
臺北市南港區經貿二路２３５巷２２號五樓,25.06115498,121.614887,36199996.0,22085352.0,10062485.0,16173991.0,17841480.0,29985332.0,33635444.0
臺北市大同區南京西路３４４巷３５號六樓之３,25.052874,121.512307,12680010.0,9876765.0,4522145.0,6594231.0,9778226.0,15895714.0,24863692.0
臺北市士林區天母東路１之５號二樓,25.11834299,121.530912,24999980.0,30648032.0,15316645.0,22192988.0,27971216.0,45317756.0,79005200.0
臺北市內湖區康寧路三段１２號,25.07284698,121.606532,69900010.0,61424370.0,22603744.0,39005220.0,51963504.0,88417860.0,105822120.0
臺北市萬華區西寧南路６３號十樓,25.04639998,121.50712,17500000.0,14298211.0,7762638.0,10287817.0,13452720.0,23273008.0,28871560.0
臺北市大安區延吉街１６２號,25.03921502,121.554947,33080010.0,38037040.0,17877588.0,24452832.0,31790232.0,53753590.0,66891428.0
臺北市信義區虎林街７４巷９號四樓,25.04379698,121.576568,4210000.5,1115086.2,1124361.6,1730390.5,3866336.0,6760402.0,14269523.0
臺北市文山區木新路三段２２４號四樓,24.98153499,121.559242,12500008.0,16230018.0,9196558.0,11903909.0,16432831.0,25357036.0,32321232.0
臺北市中山區長安東路二段２０８號十三樓之１,25.04818499,121.541917,40500028.0,25146944.0,11307408.0,17200318.0,23873812.0,35490620.0,44343860.0
臺北市大安區永康街２３巷２２之２號,25.03193998,121.531038,6000000.0,10673913.0,4657473.5,5746223.0,9496200.0,15649065.0,23535264.0
臺北市大安區羅斯福路三段５７號三樓,25.02319728,121.5256458,45000012.0,40246604.0,16806104.0,26171686.0,36890540.0,56519790.0,68513900.0
臺北市文山區仙岩路２２巷９號,24.99860679,121.5494637,29200024.0,29263082.0,12445766.0,19429310.0,27768580.0,49625176.0,58047816.0
臺北市中正區廈門街１４０號六樓之１,25.02249702,121.517359,11999996.0,8646216.0,4733137.5,6083540.5,7910882.0,14601759.0,18065224.0
臺北市南港區研究院路二段３１號,25.04613398,121.615309,12599994.0,12508928.0,6257813.5,8853197.0,11015323.0,17830084.0,19217608.0
臺北市文山區育英街５７巷３號,24.99190399,121.538297,24999980.0,17928572.0,9224561.0,12206860.0,18380640.0,29066384.0,35101972.0
臺北市中山區長春路２５８巷２６號九樓之４,25.05354698,121.538957,13660009.0,12934961.0,4600943.0,8038258.0,10906278.0,17621920.0,21492794.0
臺北市大同區重慶北路三段２０３之３號六樓之８,25.069714,121.51406,19380010.0,19898638.0,10507267.0,16484629.0,17409844.0,27435278.0,28691774.0
臺北市大安區敦化南路一段２３３巷３１號五樓之７,25.040514,121.551043,15679988.0,12786215.0,7337612.0,9925924.0,13556058.0,17468318.0,27831096.0
臺北市大安區信義路四段６０之３８號五樓,25.03319018,121.5457185,11199999.0,8010089.0,3438937.8,5039412.5,7081078.0,11245400.0,23405174.0
臺北市萬華區中華路二段３３６號三樓之４１,25.02948501,121.504383,6620002.5,7776605.0,4039561.8,6045346.0,6542696.0,11075027.0,22144024.0
臺北市大同區大龍街１３９號二樓之５,25.067572,121.516027,12109994.0,11557818.0,5593351.0,8305347.5,10060911.0,15831236.0,22931824.0
臺北市內湖區陽光街９２巷２５弄１９號二樓之１,25.07596283,121.584423,21150016.0,19728614.0,9239211.0,14712212.0,16333929.0,28277892.0,28716904.0
臺北市內湖區內湖路三段１７３巷１號五樓,25.08763702,121.589343,17080012.0,17440554.0,10060969.0,12459162.0,15649781.0,27299508.0,30802572.0
臺北市中山區新生北路三段２６號六樓之３,25.06370798,121.527389,8700004.0,7849334.0,3080428.0,5200586.0,6968756.5,11395723.0,18162446.0
臺北市萬華區漢口街二段５１號九樓之６,25.04586798,121.506388,11799991.0,14792376.0,6391775.0,10315187.0,12379524.0,20096442.0,20850212.0
臺北市松山區八德路二段３４８號十一樓之１０,25.04773199,121.545319,20399992.0,17473184.0,8352784.0,11656268.0,15368353.0,24826636.0,35948170.0
臺北市文山區指南路三段２６號三樓之１,24.9831079,121.579933,9380001.0,9214889.0,5348586.0,6788512.0,8670153.0,16024022.0,16026712.0
臺北市北投區明德路１３６巷１號三樓,25.11020198,121.520803,20000004.0,15545092.0,10526162.0,13942001.0,16725232.0,28122820.0,33805816.0
臺北市信義區大道路４２巷２４號四樓,25.0414192,121.5810644,20370016.0,22098330.0,12496790.0,16010580.0,23218604.0,35483580.0,50491816.0
臺北市中山區中山北路二段６２巷９之１號,25.05674501,121.522014,14499987.0,16105159.0,7247708.0,11532208.0,14476553.0,23847142.0,33652896.0
臺北市信義區富陽街８７巷２０號,25.02162999,121.557533,24200006.0,20596926.0,8819085.0,13240366.0,18958100.0,31301250.0,32309276.0
臺北市中正區臨沂街７１巷１９弄１０號三樓,25.03585199,121.53006,33500028.0,31790110.0,13530640.0,19152364.0,28015532.0,44048650.0,60988104.0
臺北市松山區三民路１０８號三樓之９,25.0579813,121.5639054,9600005.0,11921518.0,5239385.5,8006545.5,9075763.0,14252250.0,21903662.0
臺北市內湖區民權東路六段９０巷６弄８號三樓,25.068464,121.585653,18999984.0,19466292.0,8882695.0,12798048.0,15743790.0,25482950.0,28661254.0
臺北市中正區中華路二段４４１巷２弄１５號四樓,25.02548399,121.51004,13499990.0,11684381.0,8473938.0,11175864.0,13060502.0,23846824.0,32178220.0
臺北市文山區興隆路三段３０４巷３２之１８號五樓,24.99597701,121.555263,15000010.0,24627466.0,11028020.0,17166496.0,21500584.0,33268442.0,34820104.0
臺北市大安區光復南路７２巷２３弄３１號五樓,25.04424202,121.556218,22499994.0,18756828.0,8440853.0,11438274.0,15744211.0,27664646.0,35019316.0
臺北市內湖區潭美街１３１號,25.05386398,121.580239,18999984.0,20808934.0,9158852.0,13097897.0,18017804.0,30275608.0,30509920.0
臺北市信義區和平東路三段３４１巷２５號四樓,25.02111702,121.55753,20899982.0,12964353.0,7938694.0,11126859.0,12842895.0,21758342.0,27111562.0
臺北市南港區東新街１４２號十二樓,25.04641549,121.5895338,54159996.0,44569070.0,17021960.0,31497268.0,40547720.0,66848188.0,89794300.0
臺北市信義區崇德街６３巷２８號,25.02518702,121.55467,18179982.0,12154446.0,5870901.0,8837641.0,10676702.0,17782434.0,24718952.0
臺北市中山區建國北路二段３５號七樓之６,25.05529301,121.537265,21800008.0,14284037.0,7519488.0,10149843.0,14313028.0,24097156.0,37875600.0
臺北市信義區虎林街２３２巷１５之１號,25.036487,121.577032,3050000.5,4338060.0,1470016.2,2401795.8,4590823.0,8138379.5,19250772.0
臺北市士林區天母西路４１巷６號四樓,25.11923,121.527356,21699988.0,22921808.0,10572219.0,15545774.0,22489826.0,35770410.0,59616692.0
臺北市中山區新生北路二段１２９之１號六樓,25.0599114,121.5280178,18500014.0,17090668.0,8260818.5,11007384.0,15342755.0,26117132.0,35490750.0
臺北市文山區辛亥路七段６９巷１４號四樓,24.98237301,121.554471,15000010.0,16816206.0,9480908.0,10551188.0,15016584.0,23188776.0,26643832.0
臺北市文山區指南路三段３２巷５號,24.982731,121.580205,10800002.0,11210749.0,6854483.5,10552979.0,10924516.0,19711990.0,22361376.0
臺北市士林區中山北路六段２９０巷２７號,25.10931798,121.526651,9299996.0,7553254.0,3242831.2,4491620.0,7734985.0,12645859.0,25037250.0
臺北市文山區興隆路三段１３７號九樓之８,24.99831401,121.558763,7800001.5,10972860.0,3920018.8,6889578.5,9418599.0,14879731.0,17096080.0
臺北市信義區吳興街１００號三樓,25.03030899,121.560796,18679996.0,14386296.0,7614477.0,11473409.0,13589662.0,21540318.0,26888524.0
臺北市內湖區成功路四段２１４巷３弄７號三樓,25.085102,121.596049,18500014.0,16255887.0,8390083.0,11342898.0,14097361.0,25283434.0,33355488.0
臺北市北投區中央北路三段４０巷１９弄１１號三樓之３,25.13834799,121.484478,11749997.0,14913656.0,7592136.5,12126104.0,12441637.0,16406337.0,20767540.0
臺北市大安區信義路四段３０巷８弄１３號,25.032777,121.54403,17779992.0,9786418.0,5520337.0,6968836.5,9495404.0,15711662.0,24266796.0
臺北市萬華區康定路１６６號十三樓之２,25.039449,121.501804,28999988.0,29385124.0,17034660.0,24119134.0,29503566.0,47897510.0,61472184.0
臺北市士林區環河北路三段２０３號四樓之２,25.08789698,121.504199,24899998.0,28829794.0,14824915.0,21756100.0,27747084.0,40522976.0,46063464.0
臺北市北投區中山北路七段２１９巷３弄２３３號,25.13104769,121.5304695,66999964.0,66207520.0,39260040.0,49582224.0,116385020.0,126531040.0,190825090.0
臺北市北投區承德路七段１６８號十一樓,25.113915,121.508111,60999972.0,70307960.0,26693732.0,43253972.0,64370588.0,104983784.0,138798940.0
臺北市信義區忠孝東路五段７８６號五樓,25.04361799,121.581717,23300012.0,20824976.0,9775262.0,12752896.0,17562194.0,28574028.0,40499564.0
臺北市中山區吉林路３６９號六樓之１３,25.065069,121.53051,8900002.0,7035399.5,3212953.0,5469203.0,7135050.0,11124334.0,21808408.0
臺北市大安區和平東路一段８５巷４弄２號五樓,25.02738899,121.525354,27749996.0,18170172.0,10292488.0,13708007.0,17749430.0,26560516.0,47411690.0
臺北市中山區德惠街１２號七樓之３,25.06656198,121.523756,24611500.0,29624294.0,14418436.0,19527204.0,23149180.0,40316750.0,42454680.0
臺北市文山區羅斯福路六段１６６巷７號十二樓,24.99702494,121.5410341,27999986.0,29252424.0,14787948.0,21086896.0,24244128.0,41641710.0,68785336.0
臺北市南港區重陽路４９１號六樓之１,25.06109099,121.612036,39000012.0,30946612.0,12238869.0,20737338.0,25341998.0,48651600.0,63214948.0
臺北市內湖區文德路１７１巷５號四樓,25.07922599,121.585412,11999996.0,17567722.0,9322497.0,12626481.0,16602326.0,26597424.0,34409644.0
臺北市松山區敦化北路２４４巷２４號四樓,25.06071099,121.548616,24100004.0,18548384.0,9794447.0,13503930.0,17952900.0,29555496.0,38797020.0
臺北市士林區延平北路九段２１３號,25.107847,121.471165,9999996.0,9008193.0,5368613.5,7770763.0,8703298.0,14862655.0,14933296.0
臺北市大同區迪化街一段３０７巷７號,25.06212031,121.5094404,10399997.0,13415591.0,6182979.5,9576670.0,12222609.0,19263480.0,20852956.0
臺北市士林區中山北路七段３８巷１２弄４之４號三樓,25.11960501,121.531795,20100008.0,17275546.0,8975282.0,12193363.0,16394450.0,26927786.0,43375830.0
臺北市內湖區民權東路六段１５０之１號,25.06876839,121.5901577,10999996.0,12692424.0,5492039.0,8763733.0,11431644.0,18188688.0,22492572.0
臺北市萬華區中華路二段３３６號三樓之１９,25.02948501,121.504383,7500001.0,6593150.0,3730426.2,5176686.0,6237823.0,10781252.0,23006652.0
臺北市信義區永吉路２０６號五樓,25.04537999,121.572879,59999984.0,44010188.0,14986941.0,27309092.0,40827252.0,62211040.0,66020132.0
臺北市文山區景後街９９號二樓,24.99145992,121.5426944,46800016.0,42245304.0,14847355.0,26087162.0,40746500.0,63673576.0,83290610.0
臺北市松山區寶清街１０１巷２１號,25.05295878,121.5683347,7999997.0,17703988.0,8350721.0,12888882.0,16280400.0,27165758.0,29256832.0
臺北市北投區北科路１９０號十三樓,25.10455402,121.5168609,66300020.0,63664830.0,27016580.0,45174068.0,58546850.0,98626904.0,99156540.0
臺北市中正區羅斯福路四段１７０號二樓,25.01224901,121.536286,23129980.0,18773542.0,9093368.0,14564848.0,14695497.0,20444086.0,24531828.0
臺北市內湖區成功路四段６１巷８弄８號,25.08211599,121.592953,22999982.0,21168380.0,9795176.0,13126909.0,18018114.0,28926956.0,35388212.0
臺北市士林區葫東街１０巷９號二樓,25.083139,121.510819,3833333.0,2374357.2,1062414.6,1709037.2,3653793.0,6271997.5,13874435.0
臺北市大同區哈密街５９巷７８弄１０號十樓之２,25.0756343,121.5148502,28500004.0,28755380.0,12447714.0,19445510.0,26017694.0,44708364.0,61999590.0
臺北市松山區三民路１６７巷４號,25.061712,121.5628,22100016.0,17489156.0,7234297.5,10324557.0,13943703.0,25014004.0,25232224.0
臺北市大安區永康街４巷１８號三樓之３,25.032899,121.529344,17199990.0,12065290.0,5166225.0,7635674.5,10936608.0,17044540.0,25521232.0
臺北市士林區天母東路２２巷２３號四樓之７,25.1170209,121.5325698,23599994.0,26669914.0,11113158.0,16217981.0,23525568.0,37046440.0,53383720.0
臺北市萬華區中華路二段３６４巷１弄２號二樓,25.02867201,121.504625,27249984.0,27219024.0,13516196.0,19982730.0,27197592.0,43052400.0,52786744.0
臺北市北投區明德路３３３巷３號,25.116138,121.519973,2450001.0,940226.94,656754.0,1205400.4,3215969.5,5752139.0,15300644.0
臺北市南港區重陽路１４４號,25.05698302,121.600455,22200016.0,16703172.0,8150706.0,11155334.0,14448554.0,24063168.0,25448804.0
臺北市松山區南京東路五段２３巷１８號,25.053206,121.558136,21500010.0,21341404.0,9519812.0,13614620.0,18899000.0,35484188.0,35497796.0
臺北市中山區龍江路３３３號七樓之１,25.06304401,121.541067,41000024.0,28892548.0,11863902.0,19202402.0,28042690.0,46022190.0,74400504.0
臺北市萬華區西園路一段２７號四樓,25.04092098,121.500101,17700004.0,12956517.0,11119879.0,15909454.0,16806490.0,25400796.0,28580080.0
臺北市文山區羅斯福路五段１７６巷３弄１號,25.00406999,121.538125,17399984.0,14630501.0,7696435.0,10526062.0,13405539.0,22079288.0,24481484.0
臺北市萬華區成都路１３９號六樓之７,25.04350601,121.503248,22900004.0,25247340.0,11028610.0,17848798.0,21218988.0,34491388.0,40606150.0
臺北市萬華區萬大路４８６巷２８弄４４號二樓,25.02108701,121.496409,10999996.0,10282971.0,5913838.5,8807604.0,9576523.0,14838890.0,15613824.0
臺北市信義區吳興街２８４巷５９弄２號五樓,25.02215998,121.563374,20000004.0,24265316.0,11429245.0,15496749.0,21013664.0,36933908.0,47051610.0
臺北市信義區永吉路１８５之１號五樓,25.04578002,121.572279,50320012.0,33221012.0,13119050.0,21393490.0,29915296.0,53885704.0,77313830.0
臺北市萬華區漢口街二段５１號六樓之１１,25.04586798,121.506388,14300011.0,15130262.0,8442625.0,12892915.0,13474856.0,18946028.0,23257432.0
臺北市大安區市民大道四段６４號二樓之１,25.04484401,121.546833,24999980.0,24504610.0,11164146.0,16026192.0,19770428.0,29091066.0,52922036.0
臺北市士林區文林路７６３號六樓之９,25.10319132,121.519026,28899988.0,24615538.0,10828322.0,15300615.0,22580346.0,36366090.0,43894584.0
臺北市信義區光復南路５６７號九樓之１４,25.03075399,121.557622,16999994.0,12687631.0,5696016.5,9643665.0,12053904.0,19366080.0,21479556.0
臺北市內湖區康樂街１８６巷１９號五樓,25.076999,121.620385,7299998.0,7639637.0,3342791.0,4165220.5,7617593.0,11809650.0,13595313.0
臺北市北投區大業路２８０巷９弄９之１號四樓,25.12775201,121.498559,19800014.0,13366526.0,7593497.5,10203416.0,12140776.0,20318212.0,22191634.0
臺北市文山區保儀路３６號二十四樓之１,24.98815699,121.56851,20000004.0,31329920.0,17402772.0,23792532.0,29472688.0,43019236.0,44635256.0
臺北市中山區農安街２２７巷３４號四樓之１,25.066386,121.533805,25800012.0,25870626.0,13584634.0,20299116.0,22355364.0,37891856.0,55100788.0
臺北市文山區汀州路四段２８５號九樓,25.00148295,121.5355503,27680006.0,33430326.0,14158801.0,20182910.0,27210304.0,41575364.0,44128370.0
臺北市松山區三民路６８巷７號三樓之２,25.055362,121.564943,30879984.0,25340114.0,11676361.0,16509833.0,22613274.0,35764948.0,43585068.0
臺北市北投區新民路５３之１號六樓之５,25.14032298,121.510258,4949998.0,5490536.0,4033160.2,4201297.0,5557879.5,9244464.0,10153154.0
臺北市中山區長春路４１０號十一樓之５,25.05441602,121.54375,8380000.0,8707400.0,3418031.5,5130354.5,8087832.0,14031049.0,23297744.0
臺北市北投區中山路３號二十四樓之１,25.13704499,121.505195,19079988.0,17086692.0,7234346.0,13225878.0,17377662.0,21102146.0,24892544.0
臺北市中山區德惠街１２號二樓之５,25.06656198,121.523756,16999994.0,19383336.0,9074015.0,15391000.0,15871992.0,19921272.0,24556124.0
臺北市南港區成福路２０６巷５弄１０號三樓之２,25.04027,121.587862,9999996.0,7694659.0,3183872.0,4561495.5,7396918.0,10829850.0,18445894.0
臺北市中山區吉林路２１８巷１９號二樓,25.059022,121.52941,38259984.0,27428058.0,12949426.0,18633700.0,28012058.0,41623684.0,46806980.0
臺北市萬華區西園路二段３２０巷３６弄３６號,25.02680599,121.491123,10899998.0,9204648.0,4492747.0,7537416.0,7758330.5,13588210.0,16664826.0
臺北市士林區中社路一段１１巷９１號四樓,25.11007198,121.562892,12500008.0,14988970.0,11140025.0,12207418.0,13414542.0,26135770.0,27161250.0
臺北市大同區重慶北路二段１２３號三樓之３,25.05774099,121.513886,35000016.0,30967810.0,13798245.0,21410064.0,26294324.0,44659784.0,55417090.0
臺北市大安區和平東路二段１７５巷３５弄１號四樓之１,25.02689198,121.542007,7999997.0,6526972.5,2924380.8,3447810.8,5782516.5,10171219.0,25685412.0
臺北市大安區敦化南路一段２９５巷４６號七樓,25.0353712,121.5512074,52499976.0,46799930.0,20054246.0,31021312.0,38255024.0,57170216.0,105841096.0
臺北市中山區民權東路一段７２號,25.06251578,121.5251827,6679997.0,8626909.0,3856029.0,6439443.0,8419773.0,13381934.0,16456042.0
臺北市萬華區寶興街１４０巷３３號四樓,25.02381901,121.493709,12579990.0,12498434.0,7390395.5,10317155.0,11949041.0,19331610.0,20880140.0
臺北市信義區信義路六段７６巷２弄５７號五樓,25.03351599,121.576372,20200010.0,14981225.0,8600622.0,11188661.0,14957869.0,25359600.0,35238616.0
臺北市文山區木柵路一段３３５巷１１弄９之１號四樓,24.9889254,121.5567703,12750002.0,18016704.0,9489338.0,11428156.0,16874392.0,27009832.0,30099534.0
臺北市信義區忠孝東路四段５５９巷１８號三樓之３,25.042405,121.563736,15500001.0,10625792.0,4491256.0,6337293.5,8651412.0,15333306.0,21658182.0
臺北市松山區南京東路四段９５號,25.05184298,121.554191,19199984.0,14983539.0,7871883.5,10084234.0,12804250.0,23472816.0,26486656.0
臺北市南港區忠孝東路六段１８８巷１３弄２號,25.04797201,121.586972,11699992.0,15189480.0,6917295.5,10669374.0,13930438.0,20807386.0,24785614.0
臺北市內湖區民權東路六段２８０巷１０號二樓,25.07166099,121.605933,73979950.0,65801640.0,21008734.0,39632236.0,61426828.0,110310984.0,127877096.0
臺北市萬華區民和街１００號六樓,25.02548299,121.497528,25245992.0,27423612.0,16002581.0,21335544.0,24748342.0,41717150.0,56758324.0
臺北市中山區龍江路４４３巷１０號五樓,25.06713799,121.54167,14000013.0,14551852.0,8731981.0,10995717.0,15531311.0,26360156.0,37875890.0
臺北市松山區撫遠街４０１巷２２號,25.06583229,121.5668061,16300006.0,13668192.0,7207461.0,10022376.0,13359593.0,20554776.0,21885914.0
臺北市內湖區文湖街２１巷１１８弄２６號,25.086727,121.56056,18900008.0,22899216.0,11415520.0,17131104.0,20357586.0,34592256.0,37281492.0
臺北市中山區新生北路二段６２巷１１號二樓之３,25.05619298,121.526643,51779976.0,54681270.0,22239770.0,30757660.0,46152200.0,70960560.0,83285680.0
臺北市北投區知行路２６１號七樓,25.121084,121.4670799,14000013.0,15587074.0,9496182.0,12834422.0,14379712.0,22508064.0,24072760.0
臺北市萬華區國興路１巷６號九樓之２,25.02391699,121.508537,14000013.0,10994774.0,6644334.5,8092013.5,10811172.0,18100888.0,23627242.0
臺北市萬華區萬大路８５巷１４弄３號,25.03006001,121.501176,18500014.0,17472850.0,11688260.0,14890747.0,15828217.0,28631912.0,38111840.0
臺北市大同區大龍街６６號三樓,25.06530201,121.515916,11880002.0,11889704.0,6122139.5,9241819.0,11496278.0,18434884.0,28565800.0
臺北市大同區承德路一段２３號三十樓之１,25.050695,121.517194,83999920.0,81912860.0,31654336.0,67899470.0,69013210.0,110959020.0,117009810.0
臺北市文山區和平東路四段６５巷７７弄１９號,25.006819,121.569667,24499984.0,26919262.0,12146289.0,16978088.0,21556800.0,35993244.0,39062850.0
臺北市北投區新民路１巷５之１０號一樓,25.14012781,121.5075494,13000010.0,25559424.0,12264059.0,17463654.0,21380354.0,39636016.0,43470416.0
臺北市內湖區內湖路二段１０３巷９２弄１２號二樓之２,25.0801273,121.5824405,14799996.0,17160340.0,8245187.5,13929774.0,15590612.0,24251758.0,26997676.0
臺北市松山區民權東路三段１０６巷２１弄１１號四樓,25.05959498,121.545741,39879970.0,32169260.0,15150217.0,22600080.0,30122968.0,44520560.0,60966010.0
臺北市大安區大安路二段１２２巷２１號三樓,25.03042261,121.5453287,49879970.0,33076478.0,15148685.0,22399840.0,28134840.0,45217516.0,60088510.0
臺北市中山區雙城街３巷２０號,25.06326102,121.525319,35549970.0,27350898.0,12561001.0,19956068.0,22580948.0,38812564.0,44707680.0
臺北市松山區撫遠街４０１巷３２號二樓,25.06587198,121.567349,16500011.0,13475396.0,6951704.0,10066746.0,13154429.0,17281708.0,21275644.0
臺北市大同區寧夏路３２號八樓之４,25.05594102,121.515145,6099999.0,8255526.5,3469117.5,5748437.5,7509656.0,11818844.0,22886948.0
臺北市文山區辛亥路四段２０９巷２２號二十二樓,25.00234801,121.555666,22999982.0,21871476.0,12747205.0,18195524.0,21516830.0,25888890.0,30695478.0
臺北市信義區忠孝東路五段７９０巷２２弄１７號,25.04237902,121.582005,16300006.0,18495638.0,9965286.0,15023345.0,15250210.0,28451176.0,32374788.0
臺北市中正區衡陽路２６號九樓之２,25.04218699,121.512827,45679984.0,47403096.0,17106388.0,31066608.0,38313732.0,67480130.0,76069624.0
臺北市內湖區民權東路六段１４６號,25.0688168,121.5895168,10320009.0,11572928.0,4655013.5,7284483.0,10444247.0,17164956.0,22925220.0
臺北市萬華區大理街１６０巷２２弄９號三樓,25.032618,121.494373,3099999.2,8633741.0,5327764.0,6726375.5,8171245.0,14159287.0,22274454.0
臺北市松山區復興北路２３１巷２號二樓,25.05694899,121.544652,20000004.0,15597750.0,9369737.0,13400886.0,14913542.0,24354852.0,36102840.0
臺北市松山區八德路二段３６６巷５５弄１２號,25.04565102,121.546406,6099999.0,11324718.0,5861457.5,8583178.0,10761754.0,16658279.0,40183324.0
臺北市大安區和平東路二段９６巷２０弄５號,25.02227699,121.539932,9418473.0,27874816.0,11178593.0,16770369.0,23763324.0,41183030.0,47315210.0
臺北市大同區承德路三段８３號,25.06583301,121.518606,23800020.0,23070632.0,10079120.0,14899781.0,18341872.0,32351702.0,36758424.0
臺北市中山區復興北路１９２號八樓之１,25.0556202,121.5436589,23880004.0,17797534.0,9043485.0,11213572.0,15750638.0,26699944.0,32944570.0
臺北市中山區農安街１０之１號四樓之１,25.06484,121.52361,16500011.0,14667970.0,6450143.5,10211008.0,13135174.0,21622272.0,25725420.0
臺北市文山區羅斯福路五段２４５號十一樓之２,25.00145701,121.539348,12650008.0,12489689.0,5877562.0,9179278.0,11575975.0,18746670.0,23929292.0
臺北市北投區懷德街６７號二樓,25.11327802,121.519522,15800014.0,15199218.0,8508938.0,11894830.0,14079787.0,24008428.0,30398452.0
臺北市信義區莊敬路３５２號五樓,25.02771999,121.564302,29799976.0,22667686.0,10280461.0,14863619.0,22007852.0,34859708.0,54261948.0
臺北市中山區錦州街２１號九樓之６,25.06040401,121.524953,11549994.0,9787799.0,5589357.0,7193219.5,9279867.0,15986595.0,19730496.0
臺北市萬華區青年路１２號十樓,25.026061,121.505974,2200000.5,5476285.5,2684978.2,4446761.0,6947376.0,12343874.0,29146050.0
臺北市萬華區西藏路５４８號五樓,25.028772,121.49213,9799997.0,10364748.0,6253953.5,7821439.5,9221570.0,17383762.0,24499936.0
臺北市內湖區內湖路二段１７９巷２２４弄５號,25.08401,121.585031,155000100.0,50845720.0,18607346.0,23432152.0,41355024.0,62437732.0,89008560.0
臺北市士林區德行東路３５３巷１號二樓,25.11065,121.538322,16380009.0,17307404.0,9736947.0,11247202.0,14767203.0,24690492.0,26380224.0
臺北市士林區通河東街一段９５號五樓,25.08472301,121.516293,15300002.0,15885470.0,9212674.0,10417170.0,14410793.0,23126188.0,29442966.0
臺北市內湖區星雲街１３１號,25.08096699,121.595857,31519984.0,26649676.0,10952306.0,17366960.0,22933484.0,36999550.0,44358748.0
臺北市萬華區中華路二段３６４巷１５號,25.02837248,121.503805,32879976.0,34696330.0,13642069.0,21648724.0,28567544.0,49688824.0,61306150.0
臺北市中山區建國北路二段８５號十三樓,25.05838698,121.537371,24049998.0,26805876.0,12839001.0,18600994.0,23991674.0,38432960.0,54722696.0
臺北市北投區光明路１８５號六樓之１,25.13594398,121.50331,53000020.0,37262510.0,14303476.0,23295834.0,33727372.0,54457600.0,58821304.0
臺北市內湖區內湖路一段９１巷８１號六樓,25.09139743,121.5632229,22489996.0,20501332.0,10614792.0,16108292.0,17285698.0,21559800.0,28465236.0
臺北市中山區民生東路一段７７號十樓之２,25.05826599,121.526911,9160005.0,9489175.0,5210828.0,6895422.0,8718759.0,15104081.0,17663278.0
臺北市內湖區成功路五段４５０巷７號,25.07368798,121.607117,40329980.0,30389002.0,11762756.0,19045120.0,25006754.0,49765176.0,58138676.0
臺北市松山區光復南路５８巷３７號,25.04546201,121.554859,18500014.0,13968885.0,7256235.5,10247181.0,13056194.0,21789156.0,26153872.0
臺北市文山區興隆路二段３０１巷２１弄１０號四樓,25.00263199,121.553302,24000004.0,24109522.0,11642692.0,16280090.0,22211368.0,36766276.0,46713864.0
臺北市北投區泉源路３４號六樓,25.14035299,121.506789,16380009.0,19448590.0,8895402.0,12159872.0,15531963.0,28552508.0,30404888.0
臺北市中正區汀州路三段１６０巷３號七樓之２,25.013247,121.534276,31779986.0,25006276.0,10688500.0,14878823.0,20554816.0,35329536.0,42417444.0
臺北市大安區四維路２０８巷１８號五樓,25.026254,121.547091,9799997.0,23364674.0,13377238.0,15611442.0,20690638.0,33954188.0,43946940.0
臺北市松山區三民路８０巷３號,25.05657628,121.5640833,51199960.0,38373704.0,16357905.0,23536340.0,31433292.0,58476316.0,64863204.0
臺北市松山區八德路四段１６７號二樓,25.04882499,121.56281,9416246.0,15025466.0,7461270.0,9896094.0,12871342.0,21703548.0,29559668.0
臺北市松山區復興北路４９９巷５弄５號四樓,25.06579701,121.54471,16129998.0,14553462.0,7865617.5,10342808.0,13882402.0,24257632.0,35267464.0
臺北市士林區芝山里芝玉路一段６６號,25.10405101,121.536285,5000000.0,8447545.0,4934844.0,5421251.5,7260084.0,11670194.0,18083426.0
臺北市信義區莊敬路２３９巷１弄１７號,25.030252,121.562158,26479988.0,17739074.0,6983293.0,12661208.0,15565594.0,24999838.0,26695462.0
臺北市文山區一壽街２０巷１５號四樓,24.97970401,121.5556306,14000013.0,14985568.0,7664784.5,10521847.0,13820924.0,21320168.0,29037792.0
臺北市北投區義理街２５號,25.11668702,121.515304,65579990.0,64607860.0,19377128.0,35397864.0,56399828.0,103957590.0,108434150.0
臺北市內湖區五分街７２巷７號六樓之５,25.06714357,121.6163051,13700009.0,14231470.0,5743495.0,9383741.0,12857135.0,20350908.0,27474762.0
臺北市內湖區內湖路一段６５９號,25.08025738,121.5753352,17720002.0,15036102.0,6194004.0,10798518.0,11296242.0,18308002.0,20001492.0
臺北市萬華區環河南路二段２７４號二樓,25.03256389,121.4914109,32999976.0,39937212.0,16996946.0,26258788.0,33112520.0,63113628.0,66757090.0
臺北市中山區建國北路二段３５號十二樓之７,25.05529301,121.537265,12599994.0,10149243.0,4888709.5,7363556.0,10145237.0,17596664.0,26935696.0
臺北市大安區金山南路二段１８５巷３號,25.028477,121.52668,37570028.0,24884758.0,9438129.0,14136512.0,20065840.0,34781936.0,36651240.0
臺北市北投區中央北路四段１３８巷７號三樓,25.13388798,121.475742,15130003.0,14015429.0,8421845.0,11211305.0,12420748.0,22351656.0,23366992.0
臺北市南港區東新街１０３號,25.046733,121.589751,10680002.0,25996462.0,11852910.0,17438358.0,23355228.0,40835350.0,43973856.0
臺北市大同區承德路三段３０１巷２２號四樓,25.07565702,121.521353,21629986.0,22762916.0,10408292.0,16081891.0,18019386.0,26594126.0,30460206.0
臺北市信義區永吉路２２５巷２弄３３號三樓,25.04598298,121.573335,21300006.0,16762278.0,9832032.0,13483340.0,15818227.0,27060880.0,35750356.0
臺北市北投區行義路１５４巷１９弄１號五樓,25.13065198,121.529658,14150000.0,18220564.0,11209253.0,13022568.0,16603782.0,28045952.0,36023600.0
臺北市文山區興德路２０巷２６號三樓,25.00104968,121.5561924,10800002.0,12569964.0,5132101.5,7822372.0,11001298.0,16609706.0,18472124.0
臺北市大安區瑞安街２０８巷５７號,25.030461,121.540663,4622101.5,6341036.0,2524642.8,2801532.0,5078806.5,8673511.0,19798956.0
臺北市北投區行義路１４２號八樓,25.129857,121.528211,18999984.0,26001768.0,14189377.0,16319947.0,21811694.0,40661876.0,48061136.0
臺北市士林區延平北路五段３０９號,25.08627601,121.509263,12680010.0,15126626.0,7934115.0,11076590.0,13026270.0,23022190.0,24425284.0
臺北市北投區中山路４７號,25.13876298,121.511686,4800000.0,9368629.0,5935949.0,7384217.0,9506240.0,16431233.0,18645716.0
臺北市中正區汀州路三段１６０巷３號七樓之１,25.013247,121.534276,35179988.0,26646778.0,10976670.0,16462540.0,23016044.0,39685640.0,55005970.0
臺北市中正區信義路二段２６１號,25.03388002,121.531668,24060000.0,15269216.0,7979271.5,13093052.0,13345637.0,24468554.0,26925424.0
臺北市文山區政大三街１０３號,24.986419,121.583244,16500011.0,17019492.0,9767285.0,14239453.0,15512156.0,27329934.0,31624886.0
臺北市文山區木新路二段１１１巷１２弄８號五樓,24.98353299,121.570012,14000013.0,12260621.0,9077062.0,11753875.0,13766069.0,23804244.0,33275232.0
臺北市內湖區成功路四段１６７巷６弄４號四樓,25.083477,121.5949128,20000004.0,27221880.0,10823159.0,14254833.0,22658004.0,34018296.0,41557524.0
臺北市萬華區中華路二段４１６巷７號十一樓之２,25.02682899,121.50481,19300000.0,18444592.0,11997364.0,16033867.0,19431496.0,32553614.0,44463956.0
臺北市大安區市民大道四段６８巷３號四樓,25.04467302,121.5474,22072002.0,21181586.0,14765485.0,18120162.0,22630274.0,33050874.0,49283056.0
臺北市大同區重慶北路二段１５０號九樓之１,25.05868002,121.513456,15800014.0,15707587.0,7442529.5,12625903.0,14220671.0,23116572.0,28242856.0
臺北市北投區行義路１８６巷５５號,25.133366,121.530305,5179999.5,6272207.0,4116125.0,4369862.0,6428080.0,10963237.0,13921115.0
臺北市北投區中和街３９８巷５弄２號七樓之８,25.14386069,121.4986761,7579996.5,10940113.0,6595382.0,9060301.0,10802680.0,18418260.0,21524176.0
臺北市信義區吳興街２８４巷１９弄６號,25.02358302,121.563639,19300000.0,17489288.0,8674346.0,11027095.0,15167362.0,25205720.0,32844624.0
臺北市信義區虎林街１２０巷１２０號八樓,25.042074,121.574932,41179970.0,31515236.0,14557904.0,18746168.0,28457038.0,45639224.0,55752960.0
臺北市士林區格致路２１０號四樓,25.14254599,121.549571,11999996.0,23814916.0,11038922.0,16756684.0,18120922.0,29077364.0,40615600.0
臺北市中山區天祥路８０號四樓之３,25.06396598,121.520529,16679995.0,13112970.0,6138333.5,9285816.0,11418656.0,18790630.0,26660760.0
臺北市大安區和平東路二段１７７號七樓,25.02544099,121.541829,29300000.0,28404924.0,13223456.0,17402076.0,26356836.0,38323230.0,50890350.0
臺北市大安區延吉街１３７巷７弄５號,25.042311,121.554843,2899999.2,7485502.5,2634040.5,4290371.0,6371198.5,11206025.0,22256914.0
臺北市信義區吳興街６００巷５３弄８號,25.020114,121.570525,23100000.0,16622731.0,8332734.5,10992572.0,15806314.0,25378470.0,26287202.0
臺北市信義區信義路五段１４巷１弄６號二樓,25.03229701,121.562932,51280000.0,32732866.0,13393271.0,21552482.0,27592398.0,46497412.0,52349690.0
臺北市內湖區康寧路三段７５巷１７９之１號五樓,25.07722762,121.6123863,27199976.0,22598312.0,12207465.0,16063559.0,21199572.0,35819428.0,46977988.0
臺北市文山區保儀路９號九樓,24.98867398,121.568653,29600008.0,33090676.0,16937820.0,23661336.0,28488320.0,49266044.0,61314456.0
臺北市北投區中山北路七段２１９巷３弄２６５號二樓,25.13181472,121.5304023,42499970.0,36805708.0,16906962.0,20219284.0,29032696.0,50540184.0,53474012.0
臺北市中山區雙城街１２巷５之２號四樓,25.06456399,121.52343,10929998.0,10039997.0,5420414.0,7826730.0,9487040.0,14974454.0,17963176.0
臺北市信義區和平東路三段１６９號八樓之８,25.0240698,121.5532162,13199996.0,13081344.0,6786919.5,10018018.0,12527074.0,19916180.0,27117820.0
臺北市文山區興隆路三段２２１巷４弄１９號四樓,24.99352799,121.560299,12599994.0,15797724.0,9636917.0,11119094.0,15620914.0,24672460.0,31166494.0
臺北市中正區愛國東路７４巷２５號五樓之５,25.03312598,121.519006,15899990.0,13299719.0,5911414.0,8366193.5,12344486.0,18148974.0,28445262.0
臺北市萬華區艋舺大道２０４號七樓之２,25.03260002,121.499446,21300006.0,23239252.0,11772183.0,18314814.0,21098886.0,37215136.0,43739384.0
臺北市北投區中山路３號,25.13704499,121.505195,17849990.0,14361184.0,6612273.0,11056706.0,13989522.0,22546046.0,23153154.0
臺北市內湖區文湖街２１巷９２弄９號,25.08967202,121.560438,21500010.0,19128560.0,9791122.0,13581525.0,17655496.0,32097306.0,36738800.0
臺北市松山區民權東路三段１６０巷３２號五樓之１,25.05981698,121.546696,41000024.0,33205112.0,14156964.0,23058402.0,32317042.0,50748736.0,62910276.0
臺北市內湖區民權東路六段１８０巷４２弄１３號,25.067587,121.592109,26934978.0,25474204.0,10848229.0,18129566.0,21889922.0,38607090.0,38918348.0
臺北市松山區延壽街３３２號九樓之２,25.05644712,121.5598776,58600028.0,54706100.0,20380586.0,32957518.0,51940516.0,79158300.0,136816060.0
臺北市內湖區內湖路一段９１巷８１號三樓,25.09139743,121.5632229,19679982.0,19815692.0,10300108.0,15410740.0,16996104.0,20320538.0,27599978.0
臺北市內湖區康寧路一段２１４巷１號,25.07825499,121.595351,19499996.0,17959134.0,11421422.0,14079787.0,14279760.0,22187316.0,25020588.0
臺北市內湖區康寧路三段７５巷２４弄５１之１號,25.074188,121.610099,11799991.0,7834406.5,2934877.5,3741107.2,6709685.5,10877111.0,18365782.0
臺北市北投區明德路３３３巷３３號,25.116404,121.518391,20879980.0,19362312.0,9391942.0,12192502.0,15338922.0,21730304.0,28336418.0
臺北市文山區辛亥路七段８４巷５號九樓之２,24.98154488,121.5547396,17279994.0,21563954.0,11396940.0,14126754.0,19946098.0,31460102.0,37003856.0
臺北市信義區基隆路一段１７號,25.04848381,121.569203,23399996.0,21340956.0,10626176.0,15863820.0,17533276.0,32547716.0,35295052.0
臺北市中山區長安東路一段５６巷１弄１２號六樓,25.04749101,121.529266,32799988.0,27460564.0,12202180.0,19279838.0,23254682.0,37935610.0,45795576.0
臺北市大同區承德路三段８５巷７號二樓,25.06612201,121.518963,18999984.0,17511152.0,7660210.0,10940906.0,15990560.0,27463812.0,29182152.0
臺北市中山區中山北路二段１１５巷３弄１０號四樓之２,25.06136901,121.523758,11999996.0,7604629.0,5414090.5,6499040.5,7720790.5,13082517.0,16609389.0
臺北市中山區中山北路二段７７巷１２號九樓,25.05738602,121.524161,25550016.0,24234788.0,13181001.0,16559442.0,19479366.0,25179676.0,29476736.0
臺北市大安區市民大道四段１２６號三樓之１,25.044325,121.551373,17380016.0,12674208.0,7435634.0,10259188.0,12678753.0,20181102.0,34604332.0
臺北市內湖區內湖路一段７０９號,25.079472,121.577463,80999944.0,77791620.0,26319360.0,49228660.0,69621650.0,132493416.0,146665800.0
臺北市士林區重慶北路四段４９巷１５弄５６號三樓之６,25.08188498,121.511799,10999996.0,10836689.0,6018540.0,8614347.0,10390143.0,17918110.0,20684324.0
臺北市文山區萬芳路２２號七樓之３,24.99586,121.570455,23549992.0,24567320.0,11024466.0,17324380.0,21202280.0,35760244.0,39231220.0
臺北市內湖區民權東路六段２９６巷６０號二樓,25.07081102,121.608313,21400020.0,21127760.0,10018381.0,14981510.0,20895518.0,33101660.0,42124452.0
臺北市中山區長安東路一段３０巷６號,25.04798001,121.526081,24000004.0,31356704.0,12676262.0,23180152.0,30052724.0,35769520.0,49773908.0
臺北市士林區格致路２０巷２９號,25.136515,121.547415,4199999.0,3843542.5,3121251.5,3363994.0,5457823.5,9348655.0,13986134.0
臺北市信義區松德路１０４號十樓之１,25.03774902,121.574998,55879970.0,37106836.0,18509862.0,24060184.0,37867796.0,60681316.0,74910420.0
臺北市松山區南京東路五段２００號十一樓之４,25.05115001,121.564349,22000004.0,22343300.0,11293527.0,15496956.0,20591192.0,32336216.0,40332748.0
臺北市內湖區內湖路一段３２３巷２１弄２９號,25.08407429,121.5694417,11180000.0,10340678.0,5168359.0,7096951.5,9560281.0,14930477.0,21854378.0
臺北市文山區木柵路四段１５９巷１６弄８１號,25.00402401,121.576534,49999988.0,34606904.0,15248291.0,22548584.0,36487120.0,69895210.0,79128860.0
臺北市大安區仁愛路四段１２２巷６３號九樓之２,25.03359549,121.5505053,29680004.0,20935572.0,11984214.0,15313987.0,20001568.0,33923440.0,49757104.0
臺北市大安區和平東路一段１６５號十樓之１,25.02655499,121.531626,24379996.0,13583753.0,8644641.0,10335452.0,14183018.0,25780140.0,49535710.0
臺北市士林區中山北路五段７５７號十五樓,25.09907501,121.526765,66499996.0,57381170.0,24369536.0,42369336.0,53519010.0,101384340.0,154958130.0
臺北市內湖區文德路６６巷６９弄８號七樓,25.07678199,121.582336,29300000.0,25314800.0,11557376.0,17350438.0,24228502.0,39662636.0,48552970.0
臺北市大同區環河北路一段７３號十樓之３,25.052817,121.507484,8980008.0,8620231.0,3806477.2,6254353.0,8498963.0,13546004.0,17555630.0
臺北市萬華區環河南路二段１４７號三樓之２,25.03368799,121.493045,13700009.0,18034136.0,9057934.0,11438819.0,12445434.0,23867392.0,29734512.0
臺北市中山區敬業三路１６２巷３６號,25.07788899,121.556993,31999990.0,26177428.0,12060044.0,18109416.0,24872420.0,42066484.0,47617228.0
臺北市大安區建國南路二段９７號十一樓,25.03026499,121.53828,36480020.0,27912432.0,11946671.0,17221986.0,25495640.0,36620844.0,53458104.0
臺北市士林區社中街１５６巷２４弄１４號五樓,25.091251,121.510182,4540000.0,11676517.0,6557125.5,8729067.0,10787875.0,19682572.0,19933434.0
臺北市北投區溫泉路銀光巷１３號,25.13653801,121.513706,8200004.0,8422271.0,5783658.0,7373176.0,8802935.0,14811518.0,16175164.0
臺北市萬華區康定路２３２號七樓之１２,25.03794,121.501592,4700000.5,5151991.5,2671326.8,2859974.0,4877514.0,8794049.0,18494192.0
臺北市士林區天母東路８巷３０弄１５號三樓,25.11680389,121.5311831,23800020.0,17695346.0,10093972.0,13259396.0,17322464.0,29094450.0,47316380.0
臺北市士林區天玉街３９巷４號二樓,25.121531,121.529184,37999988.0,39982104.0,16490038.0,26728528.0,35983772.0,57775428.0,97548170.0
臺北市大同區民權西路９１號九樓之６,25.06308102,121.51887,9500005.0,6837111.0,2296986.5,4057875.2,6325453.0,10171394.0,23609584.0
臺北市松山區八德路三段１２巷５１弄２７號三樓,25.046238,121.551925,18000012.0,20055470.0,8912895.0,11422184.0,17102048.0,26718488.0,35797024.0
臺北市松山區南京東路四段１８６號十樓之４,25.05135838,121.5574794,27520024.0,22278956.0,11363448.0,14363786.0,18969494.0,29944012.0,48837176.0
臺北市中山區林森北路４０９號十二樓之４,25.05960299,121.525702,10999996.0,12987668.0,8421058.0,9784868.0,11314678.0,19702292.0,20342526.0
臺北市中山區林森北路２５９巷９號,25.05438199,121.5260639,6000000.0,6964013.0,2473201.8,4241122.5,6037061.5,9682000.0,18511062.0
臺北市文山區萬芳路１０７巷８號,24.99694001,121.561937,45499984.0,51892890.0,17975824.0,37757236.0,49644296.0,100676170.0,112792824.0
臺北市中正區中華路一段９５巷７號,25.03765301,121.507849,133000056.0,127986420.0,36023944.0,61779790.0,115277064.0,189959710.0,203798980.0
臺北市內湖區康寧路一段７３號,25.08004498,121.592695,17399984.0,18781816.0,9570954.0,11730940.0,14834730.0,25240888.0,27730630.0
臺北市大安區辛亥路三段１５７巷２４弄１４號三樓,25.01765601,121.55028,13499990.0,9970305.0,5005763.5,6933953.0,9303917.0,14273062.0,17462456.0
臺北市松山區新東街３０巷３４號三樓,25.05961799,121.567232,6900000.5,6055542.0,3143893.2,4640103.0,6958456.5,11389161.0,28761852.0
臺北市萬華區和平西路三段２９０號四樓之３,25.035264,121.494855,10199991.0,12877874.0,7970784.0,11167384.0,11643358.0,20063236.0,23797160.0
臺北市內湖區內湖路三段６０巷１２弄１０號,25.08810498,121.59175,16679995.0,18443150.0,8844066.0,11272243.0,16164678.0,26283542.0,31873592.0
臺北市中山區林森北路２８９號六樓之１１,25.05560499,121.52558,15879986.0,13034521.0,7568215.5,8870006.0,10883337.0,19433534.0,20879980.0
臺北市文山區木新路三段９５巷７弄８號十樓,24.981486,121.563545,15849999.0,23588068.0,15387448.0,17632142.0,23352556.0,34335956.0,44757680.0
臺北市士林區承德路四段４０巷１號二樓之３,25.08100798,121.522212,3389999.8,7410142.0,3023766.8,3726188.0,5368762.0,10027710.0,19441876.0
臺北市信義區崇德街２７號,25.02144668,121.5610354,19700000.0,17452666.0,8137968.0,11376222.0,15603464.0,27106806.0,30306634.0
臺北市北投區西安街二段８９號二樓,25.117669,121.512953,18000012.0,16288414.0,8534489.0,11288595.0,13598218.0,23300368.0,27468422.0
臺北市士林區雨農路１７之３號五樓,25.09764799,121.532064,37500010.0,33667276.0,13380351.0,21555606.0,32127440.0,55341984.0,67962056.0
臺北市南港區研究院路二段２巷５４弄１號四樓,25.04867701,121.612923,16800016.0,15880713.0,10788163.0,14743815.0,15014293.0,24545868.0,26621428.0
臺北市士林區中山北路五段８２９巷１９號,25.10150199,121.524952,8880002.0,7882115.0,4060472.8,6085020.0,7704285.5,11547814.0,17178222.0
臺北市內湖區金龍路４７巷１４弄１７號,25.08588901,121.593405,22650008.0,19093238.0,9088929.0,13099846.0,14788230.0,28164100.0,31764412.0
臺北市內湖區民權東路六段２８０巷８８號四樓,25.06957301,121.608689,28599982.0,21085448.0,10326743.0,14759938.0,18752856.0,30902846.0,45096932.0
臺北市北投區永興路二段４７號四樓,25.14032,121.50252,16500011.0,23103614.0,11599580.0,16617025.0,19755274.0,33451056.0,37523404.0
臺北市中山區民生西路３巷２之２號五樓之１,25.05814001,121.521669,21300006.0,16760744.0,8096560.5,12017152.0,14681601.0,23992224.0,25575418.0
臺北市士林區中山北路六段２３６巷９號十四樓,25.10826391,121.5261397,35199990.0,33504054.0,16355627.0,25855728.0,31506760.0,50190510.0,81294640.0
臺北市內湖區康樂街６１巷８１弄１９號,25.071434,121.6206856,10999996.0,13405590.0,6530017.0,8971294.0,12159084.0,19219586.0,22940660.0
臺北市大安區和平東路二段１１８巷４弄２９號四樓,25.02411598,121.541646,36659980.0,32121436.0,11978066.0,19386332.0,28534270.0,42441804.0,66187064.0
臺北市松山區八德路三段１２巷５２弄１３號四樓,25.04602301,121.550077,24999980.0,25778368.0,11745045.0,15847490.0,23047190.0,36333500.0,62728748.0
臺北市北投區光明路６８號三樓之１,25.1327677,121.5002257,23100000.0,23559112.0,11905362.0,16192388.0,18819072.0,31293072.0,31734072.0
臺北市北投區明德路３０號,25.10710001,121.5182608,58880010.0,55792320.0,20588404.0,41285510.0,58846664.0,93576510.0,100204320.0
臺北市大安區大安路一段１６９巷１２號,25.03670698,121.546966,59999984.0,33156318.0,14064059.0,20995956.0,30612980.0,53080144.0,72413976.0
臺北市中山區民權東路二段９２巷８弄１７號三樓,25.060863,121.531027,18000012.0,17752036.0,8486352.0,11578315.0,19442580.0,24270544.0,26361312.0
臺北市萬華區開封街二段１２號十二樓之５,25.04605402,121.508732,27680006.0,25621508.0,11311722.0,17909328.0,20742322.0,35534850.0,43049610.0
臺北市士林區士東路８８號十二樓,25.1118989,121.5287451,62500050.0,52113680.0,19967566.0,36784584.0,46416424.0,78477590.0,139581330.0
臺北市大安區和平東路三段１巷７２弄７號九樓,25.02793201,121.546255,23719988.0,25638912.0,12865918.0,14856703.0,23154434.0,36854744.0,39257268.0
臺北市松山區三民路１６７巷６號,25.06171129,121.5627503,40000028.0,24071980.0,9414953.0,14601452.0,20811316.0,33918780.0,34772452.0
臺北市中山區新生北路二段１３３巷１７號,25.060921,121.528398,5800002.0,6088131.5,3052651.5,3802874.2,6110526.0,9906745.0,14965631.0
臺北市文山區興隆路二段２２４之４號八樓,25.001225,121.552995,20559992.0,34549590.0,14107798.0,23963320.0,37259668.0,62630596.0,106970510.0
臺北市大同區延平北路二段２４７巷３之８號,25.06233901,121.511992,9880006.0,8810914.0,4851151.0,6830919.0,8036786.0,13633589.0,15555058.0
臺北市中山區德惠街７９巷２號,25.06688502,121.528449,6500001.0,6139299.5,1976234.0,2072848.0,4071827.0,7438045.0,10576293.0
臺北市信義區基隆路一段１８６號四樓之３,25.04207899,121.56475,7900003.0,8237666.0,3290846.5,5088813.5,6135940.0,10645042.0,17529766.0
臺北市北投區中央北路二段４２巷１１弄１６號二樓,25.13780602,121.494943,16800016.0,18986436.0,9544502.0,12013393.0,14966430.0,26196308.0,28658740.0
臺北市大安區新生南路三段４號七樓之２,25.025535,121.534521,25380020.0,17400748.0,8629872.0,12233058.0,16366768.0,25624442.0,40506210.0
臺北市松山區八德路三段１０６巷１號十樓之７,25.04763401,121.553755,6500001.0,6353638.5,2463508.0,4840688.0,8123119.5,13036585.0,31652586.0
臺北市北投區中央北路四段５４５號四樓,25.12765202,121.467595,9999996.0,9326748.0,6215069.0,8360060.0,9475755.0,14888702.0,17073236.0
臺北市大安區建國南路一段３１９號十四樓,25.03496401,121.538246,33379992.0,19981510.0,10103526.0,14160313.0,19569336.0,32097674.0,46516216.0
臺北市松山區光復北路１１９號二樓,25.052069,121.557411,24999980.0,24042340.0,11887255.0,16259546.0,19431348.0,33109742.0,45580070.0
臺北市中山區南京東路二段１０８號九樓之１７,25.051839,121.532169,17220014.0,15411592.0,7004510.0,10724379.0,13421350.0,21786248.0,21928994.0
臺北市士林區承德路四段１巷１７號九樓,25.07837502,121.521979,15999987.0,19780650.0,9599731.0,13419404.0,17564338.0,29600686.0,39632616.0
臺北市中山區新生北路二段１４１巷２７號,25.06168199,121.528821,22999982.0,24282120.0,10449846.0,16101473.0,16863646.0,22436826.0,34132750.0
臺北市士林區仰德大道一段９１巷７弄１號,25.10737598,121.538738,43799990.0,20632432.0,9901361.0,13993792.0,19942598.0,25551770.0,29529182.0
臺北市萬華區寶興街６５巷１６號八樓,25.02702911,121.4948676,24000004.0,30176620.0,16664667.0,24932932.0,27229928.0,46787880.0,53141024.0
臺北市信義區信義路六段７６巷８弄１２之１號,25.03420498,121.57697,14000013.0,15269624.0,7791147.0,10369039.0,12754428.0,22350504.0,22376992.0
臺北市大同區重慶北路三段２０３之３號八樓之８,25.069714,121.51406,20399992.0,19867692.0,10860692.0,14775937.0,18167782.0,28741068.0,28979198.0
臺北市大同區長安西路２９１號,25.05210102,121.508937,7019998.0,7189002.0,2723330.8,4988940.0,6037015.5,9848304.0,15214416.0
臺北市大同區南京西路５７號十七樓之７,25.05304398,121.519385,38500020.0,24560668.0,14562736.0,17382702.0,22209250.0,35567870.0,42410730.0
臺北市萬華區雅江街８３號,25.04114298,121.501548,30879984.0,31821292.0,12359870.0,16125323.0,24825404.0,44338700.0,44584630.0
臺北市文山區汀州路四段１０５巷３號四樓,25.00670002,121.537041,17199990.0,16393949.0,9262484.0,11418264.0,15308088.0,25023404.0,27343022.0
臺北市北投區文化三路８０號,25.138781,121.498908,17500000.0,21210208.0,9800278.0,14694768.0,20403572.0,32903940.0,41270390.0
臺北市內湖區成功路四段６１巷２２弄３號六樓,25.08138701,121.593469,11900004.0,10336517.0,4814009.5,6876220.5,10097938.0,16648718.0,28360426.0
臺北市南港區玉成街４４巷１１號四樓,25.04832899,121.580833,11999996.0,16453029.0,8757066.0,11384492.0,14413570.0,24514288.0,30050948.0
臺北市松山區健康路１６８之１號八樓,25.05359099,121.558344,30199998.0,26937392.0,11890248.0,17830458.0,24926132.0,41388400.0,75028530.0
臺北市文山區新光路一段１５１號五樓,24.99233201,121.573895,18850004.0,15852387.0,13678494.0,14662152.0,15592218.0,25485380.0,27134790.0
臺北市士林區福榮街３５號,25.09659799,121.526978,22999982.0,10447634.0,5193226.0,8595375.0,10857855.0,19007088.0,20034366.0
臺北市信義區吳興街６００巷７６弄８８號四樓之１,25.01844101,121.569885,9799997.0,8638122.0,4454265.0,5708894.5,8407272.0,13579168.0,14939478.0
臺北市中山區合江街８３巷１７號,25.05919169,121.5400416,22999982.0,17677736.0,8518584.0,12694046.0,16554768.0,27050972.0,32745604.0
臺北市松山區敦化北路３４５號,25.06003998,121.550552,7925002.5,8222580.5,2671079.5,5583438.5,7815541.5,13263240.0,24190316.0
臺北市中正區中華路二段７５巷１弄８號三樓,25.03402699,121.5064299,26999992.0,28460674.0,12975089.0,18939198.0,26689302.0,41203068.0,54743052.0
臺北市南港區三重路４１巷３５號,25.06039001,121.612759,46699970.0,44258684.0,14627822.0,26511928.0,36246220.0,65587120.0,76519864.0
臺北市北投區三合街二段４５０號,25.126945,121.502398,24499984.0,15899262.0,10124514.0,14370253.0,15021913.0,18423848.0,24028906.0
臺北市信義區吳興街２８４巷２７弄１號五樓,25.02315801,121.563637,20200010.0,14397551.0,8831137.0,11196346.0,13824694.0,25318228.0,36330868.0
臺北市北投區大同街２３２號四樓,25.13976139,121.4996509,27499980.0,25480180.0,12373928.0,17937670.0,24677920.0,38842188.0,42549932.0
臺北市內湖區星雲街１６８巷４３號,25.080177,121.597241,13579996.0,15356604.0,6060713.0,12493286.0,13898405.0,24674908.0,28269424.0
臺北市北投區中央北路二段３８１號二樓,25.13821598,121.487209,12326486.0,10234777.0,7424764.0,9838804.0,10458620.0,13405999.0,19542368.0
臺北市士林區中山北路七段１００巷６號三樓,25.12159399,121.532452,5100002.0,6630699.5,3502536.8,5378668.0,7011661.0,10984230.0,25381036.0
臺北市中山區長安東路二段１８９號,25.04838079,121.5427736,10450006.0,9409621.0,4184578.5,6737726.0,8814292.0,14158180.0,24428172.0
臺北市內湖區成功路二段３１２巷４３號三樓,25.06729401,121.588554,18500014.0,15043589.0,8644402.0,10599518.0,13055297.0,21814814.0,25655056.0
臺北市中山區林森北路１４５巷３５號,25.051242,121.526452,15999987.0,16077230.0,7046969.5,9814850.0,13334442.0,23151432.0,28399724.0
臺北市士林區承德路四段４０巷２號二樓之５,25.08078402,121.522128,2699999.5,4538571.5,1464370.4,2059967.6,4006394.5,7963163.0,16447852.0
臺北市文山區興隆路二段９６巷１７號,24.99963999,121.5502,1527999.4,9718096.0,4924529.5,6860611.5,9898397.0,16890428.0,20833596.0
臺北市內湖區內湖路一段２１７巷１號五樓,25.08355,121.564414,27079984.0,21273088.0,11276888.0,14837107.0,19537934.0,32389796.0,50614370.0
臺北市文山區景興路２０６號九樓,24.99164,121.543562,15000010.0,18822662.0,10190190.0,13357147.0,18595850.0,30154296.0,43882696.0
臺北市北投區杏林一路２８之１號二樓,25.14092698,121.497806,8880002.0,11704813.0,6124107.0,8515368.0,10509371.0,16672106.0,19759758.0
臺北市中山區松江路２號十二樓之６,25.04628498,121.532707,10499994.0,8431424.0,2490874.0,5529689.5,7698321.5,12290825.0,18753178.0
臺北市松山區南京東路三段２５６巷１９號,25.050919,121.544642,31999990.0,19618892.0,8970267.0,12033620.0,14805304.0,27942634.0,29988708.0
臺北市內湖區民權東路六段１８０巷７０弄２５號三樓,25.066853,121.591567,43799990.0,36172804.0,15454922.0,22905594.0,30749798.0,51528940.0,58634800.0
臺北市北投區行義路１９２巷１５弄１２號四樓,25.13318932,121.5292574,22550004.0,24139246.0,15725273.0,16155246.0,21870850.0,40923850.0,45454790.0
臺北市北投區中和街２２８號五樓,25.13921799,121.501698,13399991.0,13603069.0,7766747.5,10254102.0,13548407.0,23512112.0,24893112.0
臺北市中山區林森北路２８６號七樓之４,25.0557124,121.5253579,13600008.0,10009118.0,5246485.5,6953759.5,9325610.0,15448851.0,18072702.0
臺北市文山區仙岩路１６巷３９弄１２號四樓,24.99788808,121.5499429,15000010.0,12729978.0,6543426.0,9286666.0,12614301.0,19947924.0,26594228.0
臺北市中山區錦州街３０巷１２號八樓之３,25.05953899,121.524662,9149999.0,7859971.0,3707638.5,5041374.0,7683212.5,12692569.0,15505708.0
臺北市文山區景華街１３巷６號二樓,24.99539602,121.542419,32500012.0,27071774.0,11555481.0,17607340.0,25115548.0,45072680.0,59700784.0
臺北市中山區龍江路３７０巷２６號三樓,25.06634099,121.539563,20000004.0,17944616.0,9875503.0,13475010.0,18124172.0,31578534.0,40068292.0
臺北市松山區八德路二段４１０巷３２號四樓,25.04649998,121.54663,36100020.0,31643772.0,13657039.0,19060456.0,26973432.0,40934700.0,50869680.0
臺北市內湖區民權東路六段１４６號六樓之２６,25.0688168,121.5895168,14379986.0,14323651.0,5833858.0,10098805.0,12801612.0,17874998.0,18710020.0
臺北市大同區華亭街１號八樓之８,25.05194302,121.513349,23580016.0,23095684.0,11588898.0,16366144.0,20359140.0,31406802.0,36708540.0
臺北市信義區吳興街６００巷１００弄１８號,25.01756502,121.572149,9999996.0,11322126.0,5409755.0,7923839.0,10392680.0,14679613.0,16638116.0
臺北市萬華區長沙街二段６１號八樓之１,25.04068298,121.505462,16800016.0,18650268.0,9608817.0,14207928.0,17647416.0,28851852.0,33301900.0
臺北市士林區忠誠路一段１７７號二樓,25.10797902,121.530499,35299970.0,32352196.0,15859131.0,22721100.0,30303686.0,53817708.0,78365560.0
臺北市北投區泉源路４９之１４號五樓,25.1413426,121.5109215,5949999.0,9075417.0,5630343.0,6583631.0,8668276.0,14942271.0,17477384.0
臺北市文山區福興路６３巷４弄１１之１１號六樓,25.00407301,121.549146,13579996.0,14091340.0,6816479.0,9860032.0,13518490.0,21664090.0,25221206.0
臺北市中正區青島東路２３號五樓之７,25.04353501,121.524286,33199982.0,23120630.0,10468639.0,15802938.0,21188656.0,34619316.0,50486810.0
臺北市萬華區環河南路三段４７號三樓,25.02635902,121.490138,7700003.0,9371953.0,5597054.5,7759373.5,8217093.0,12334600.0,14033270.0
臺北市文山區忠順街二段１１０號,24.98476299,121.566375,12360012.0,13942666.0,7567847.5,10904676.0,13987762.0,21314516.0,31140290.0
臺北市信義區吳興街６００巷９８弄６號二樓,25.01831202,121.571244,15200001.0,13928844.0,6896428.0,9799922.0,13061175.0,16864064.0,21472264.0
臺北市中正區辛亥路一段３號三樓,25.018799,121.527603,403630.06,121733.945,451529.47,895489.4,3266264.8,6267071.0,24710468.0
臺北市信義區吳興街５８３巷４弄１０號,25.022049,121.569462,4499998.0,4705377.5,2085594.0,2773457.5,4851743.0,8329834.0,14331139.0
臺北市大同區雙連街８號五樓之１,25.058002,121.519017,16800016.0,20238652.0,10630373.0,14658992.0,17983814.0,28072498.0,32223914.0
臺北市內湖區成功路五段４５０巷９號四樓,25.07366501,121.606853,47200012.0,30283404.0,11931140.0,19172392.0,26644238.0,46407836.0,53836390.0
臺北市大安區建國南路一段１６０號九樓之１,25.04114298,121.536923,42999960.0,30430184.0,11487226.0,19990202.0,27873434.0,48803096.0,67462370.0
臺北市中山區林森北路８５巷７７號,25.04928998,121.527483,8380000.0,9652185.0,4149401.2,6275952.5,8223396.0,13618827.0,18661334.0
臺北市信義區忠孝東路五段２７５巷７弄６號七樓,25.04135999,121.57098,68599944.0,38545136.0,16796844.0,25524688.0,38079144.0,61989424.0,79190310.0
臺北市南港區成福路１９４巷２弄６號四樓,25.04064899,121.588186,15800014.0,13153626.0,7430438.0,10558758.0,12841720.0,22121862.0,27753648.0
臺北市萬華區開封街二段８１號十二樓之３,25.04720699,121.504695,10380002.0,9586904.0,5209759.5,7273861.5,9528786.0,15808274.0,16572080.0
臺北市信義區和平東路三段３９１巷２０弄７２號,25.02144601,121.560605,19180000.0,21381496.0,8726869.0,13038201.0,15920504.0,28040818.0,33132232.0
臺北市大安區溫州街１６巷６之１號,25.02514201,121.532987,29999978.0,19815504.0,9940910.0,13273085.0,18132816.0,30282828.0,38147110.0
臺北市中山區民權東路二段９２巷３號二樓,25.060949,121.531803,15999987.0,13383899.0,6250245.0,9171893.0,12107454.0,19429976.0,22290434.0
臺北市中山區復興南路一段４０號十二樓之１,25.04536599,121.543601,22999982.0,15387624.0,8385852.0,11405552.0,15180328.0,25732780.0,37407068.0
臺北市文山區指南路三段５７號七樓之３,24.983449,121.580086,12800001.0,15073316.0,11717523.0,13422681.0,13819764.0,19351200.0,26541728.0
臺北市北投區幽雅路７號十一樓之１,25.13729598,121.513111,13000010.0,12571786.0,11162464.0,12623399.0,13317056.0,17983986.0,21797554.0
臺北市中山區敬業三路１６２巷１１９號,25.07954702,121.559489,29999978.0,29022398.0,12667344.0,19438540.0,28087226.0,50006570.0,54955840.0
臺北市松山區南京東路五段２５０巷３６弄３４號六樓,25.04959001,121.567371,14499987.0,20065342.0,10143070.0,14112104.0,18992810.0,29674852.0,36271050.0
臺北市文山區興隆路四段１６５巷６１號,24.984585,121.564633,31499970.0,28982348.0,15394464.0,21500830.0,29869742.0,48595584.0,83570520.0
臺北市萬華區西藏路１１１號,25.02965998,121.503243,15096996.0,24467014.0,12556617.0,17893760.0,21276618.0,35888496.0,45854484.0
臺北市文山區和平東路四段９５號四樓,25.00520498,121.567831,5000000.0,8519104.0,5383292.0,6570784.5,8458969.0,13568527.0,19342490.0
臺北市文山區萬寧街１３９號八樓之２,25.00339998,121.570125,7999997.0,7954609.0,3828401.0,5495685.0,8329484.5,13571400.0,16988260.0
臺北市南港區忠孝東路六段２９８號三樓,25.04920499,121.589691,24999980.0,17379386.0,8480907.0,11259566.0,15932320.0,27882314.0,30745342.0
臺北市大安區忠孝東路四段２３３號十一樓之１０,25.04165511,121.5536086,18099990.0,13275516.0,7209991.0,10369830.0,13164921.0,19653050.0,30492350.0
臺北市文山區試院路１５４巷２弄２９號,24.99104698,121.547903,9799997.0,13827621.0,8195321.0,9870099.0,13589739.0,24444484.0,24704906.0
臺北市信義區松隆路７３巷５號四樓,25.04506102,121.569117,11400006.0,11118480.0,6026241.5,7803863.0,9780017.0,15143081.0,18408498.0
臺北市松山區八德路四段６３８號,25.04981301,121.574671,19499996.0,19260504.0,10000702.0,14387421.0,16659963.0,28318372.0,28797094.0
臺北市信義區忠孝東路五段４６９號十三樓之６,25.04103401,121.577216,20800006.0,16999604.0,9556179.0,14039241.0,15171384.0,16008840.0,24969672.0
臺北市士林區承德路四段４０巷２號四樓之３,25.08078402,121.522128,5800002.0,6900073.0,3357753.5,4658237.5,5846947.5,9577948.0,16896034.0
臺北市內湖區康樂街１３６巷２９弄４７號五樓,25.07314001,121.617924,17500000.0,15528349.0,9021157.0,12191689.0,15890500.0,27490488.0,37888172.0
臺北市大同區大龍街９１巷１２號二樓之１５,25.06723199,121.517021,13879993.0,17132444.0,7609584.0,12396985.0,13561024.0,21901198.0,22887164.0
臺北市中山區新生北路一段９０號十三樓之１,25.04776401,121.529611,15000010.0,16624000.0,8380095.5,11994366.0,16355970.0,27353610.0,35351510.0
臺北市文山區景後街１０１號九樓,24.99140908,121.5428724,42569984.0,45457136.0,18481322.0,30045044.0,42233220.0,71523790.0,117433050.0
臺北市松山區南京東路五段２５０巷３６弄８號,25.049495,121.566486,21500010.0,16973200.0,8219044.5,11253768.0,14895917.0,24614458.0,28792756.0
臺北市大同區民權西路１２２號十一樓之２,25.06271699,121.516736,12750002.0,14882172.0,6296059.0,9941498.0,13400579.0,22673826.0,25987736.0
臺北市中山區龍江路２１巷９之４號,25.04785102,121.540993,22300002.0,18394914.0,7678319.5,10800537.0,14441804.0,28089048.0,29311848.0
臺北市文山區指南路二段４５巷１４弄５號三樓之８,24.98906001,121.57483,8099997.0,9962473.0,4571952.5,6036135.0,9048557.0,14530219.0,15322869.0
臺北市士林區天玉街３８巷１２號三樓之３,25.120552,121.529355,6000000.0,6514951.5,2825185.5,3729811.0,7163973.5,11388878.0,24780982.0
臺北市大安區仁愛路四段６２號,25.03760598,121.547648,18679996.0,10799219.0,6936254.0,7991510.0,9921230.0,16037109.0,20393574.0
臺北市士林區士東路２７８號四樓,25.113182,121.537233,13680007.0,11985196.0,6537750.0,9372615.0,11072872.0,18525402.0,23991996.0
臺北市萬華區民和街９６號四樓,25.0255,121.497594,42999960.0,51082224.0,21675952.0,33776684.0,50605680.0,90696610.0,109597520.0
臺北市大同區大龍街１３３號七樓,25.067406,121.516039,9624995.0,10602752.0,6670244.0,8833900.0,11385881.0,19383596.0,34714996.0
臺北市松山區南京東路四段１３３巷５弄２１號四樓之３,25.05207202,121.555907,11999996.0,12198272.0,6150891.5,8521501.0,11795198.0,18346804.0,26552412.0
臺北市信義區吳興街２８４巷５９弄１０號九樓,25.02192998,121.563531,18000012.0,14240838.0,7766429.0,10189763.0,13614724.0,23510094.0,28960190.0
臺北市南港區東明街２８號,25.05565901,121.604144,30279996.0,42105256.0,14778614.0,26759746.0,35420492.0,65531100.0,70543570.0
臺北市萬華區康定路８２號六樓之１,25.04206201,121.502225,30879984.0,28809180.0,12756545.0,20605100.0,25424692.0,43028344.0,44474812.0
臺北市大同區昌吉街１１０巷１２號二樓,25.06544501,121.514672,12500008.0,16339756.0,7991479.5,11163039.0,15654558.0,26506112.0,28940090.0
臺北市松山區三民路１６６巷３３號,25.06209401,121.5643,14600004.0,13524190.0,6434710.0,9329915.0,12783703.0,20843492.0,30204548.0
臺北市北投區懷德街７５巷１１號四樓,25.113384,121.519328,26679988.0,23189394.0,11454932.0,16643099.0,24198484.0,39024790.0,58782944.0
臺北市中正區廈門街９８號五樓,25.02403401,121.517352,5000000.0,16211826.0,9206772.0,12108908.0,16180656.0,27513148.0,45184930.0
臺北市北投區石牌路二段３４８巷１７號四樓之２,25.12249999,121.525083,7600003.5,8326189.0,3862978.2,4988536.0,7297332.0,12024396.0,17040444.0
臺北市文山區木新路二段２９９巷７弄２號三樓,24.982356,121.565856,13000010.0,18250336.0,9720840.0,12130036.0,17018422.0,26928968.0,38371948.0
臺北市大安區瑞安街１３５巷１８號四樓,25.02661999,121.540815,32260012.0,20954428.0,10663332.0,13988615.0,19365340.0,30438310.0,50053900.0
臺北市中正區汀州路一段１９８巷４號四樓,25.02799001,121.508983,1468602.4,114592.91,670755.56,1264023.6,3284970.5,7058632.5,23781870.0
臺北市中山區吉林路４４０號,25.06639321,121.5302929,16800016.0,14565736.0,7190277.0,10787526.0,14275485.0,22388946.0,23824684.0
臺北市北投區溫泉路１３９號四樓之３８,25.13995799,121.512059,3600001.5,3792765.8,2350305.5,2417754.0,3933830.2,7541586.0,12445529.0
臺北市內湖區民權東路六段２９６巷９０號三樓,25.06891478,121.6104643,38500020.0,29025000.0,11702960.0,18312648.0,25106112.0,45020016.0,61102330.0
臺北市信義區信義路五段１１５號五樓之５,25.03334999,121.5739149,19800014.0,22377888.0,10079754.0,14951080.0,18360142.0,31108232.0,31547532.0
臺北市萬華區大理街１之１號,25.034589,121.503253,2750001.0,1248998.2,944222.94,2196931.0,3543644.5,6938960.5,18453318.0
臺北市北投區懷德街１１巷１弄１１號,25.11123799,121.518781,11916608.0,13726557.0,7981311.5,11396636.0,14229950.0,23698012.0,28417606.0
臺北市內湖區康樂街１３６巷１５弄２０號五樓,25.07241699,121.618189,11900004.0,12486450.0,8823510.0,11109597.0,13322442.0,23901604.0,31263184.0
臺北市大安區溫州街１６巷９之１號三樓,25.025371,121.532559,6000000.0,5402939.0,2698342.0,4001339.0,7313398.0,12200249.0,39696316.0
臺北市中山區農安街７７巷９弄２２號,25.066126,121.529162,9999996.0,9063032.0,4229288.5,6894626.0,8622846.0,13243902.0,14752986.0
臺北市信義區福德街２６０號四樓,25.038832,121.585729,16699986.0,10541472.0,7057360.5,11320032.0,11321845.0,18746670.0,23362624.0
臺北市文山區和平東路四段８８巷２０號二樓,25.00527401,121.566832,20599992.0,19369516.0,11343526.0,13286636.0,19007524.0,31550780.0,34208616.0
臺北市內湖區成功路四段２３０號,25.08469099,121.596466,15500001.0,15097889.0,6874358.5,9433288.0,12986156.0,21421050.0,26944124.0
臺北市中正區中華路一段７號十四樓之９,25.04710599,121.510328,20879980.0,16407713.0,7765385.0,12276814.0,15811108.0,23438636.0,25712272.0
臺北市文山區福興路５４號,25.00343598,121.550511,21079980.0,15568088.0,6928730.5,10561578.0,13404567.0,20703272.0,23505072.0
臺北市萬華區萬大路４２３巷２８弄１９號,25.02007174,121.5005175,24999980.0,23534186.0,11519545.0,16281177.0,22582240.0,36678024.0,40643500.0
臺北市中山區新生北路三段６８巷２５號,25.06623898,121.526693,3499999.0,3419926.0,1351309.9,1706519.4,4457418.5,7859948.5,17895192.0
臺北市內湖區星雲街１６８巷３５號二十樓之３,25.07990098,121.597015,8880002.0,8441030.0,2612067.2,6888225.0,7644899.0,13525015.0,14870198.0
臺北市南港區園區街１９號四樓,25.05886819,121.6107328,24499984.0,17141040.0,8591457.0,12241647.0,14278180.0,25116888.0,25248256.0
臺北市北投區溫泉路９９之１２號三樓,25.13637209,121.509743,5249999.0,4560960.5,3428066.5,3551554.5,5293088.0,9264322.0,11893900.0
臺北市中山區北安路４５８巷４１弄７２號三樓,25.07855564,121.5446086,71999980.0,48263784.0,15736345.0,23952078.0,39360360.0,69571070.0,75373340.0
臺北市內湖區內湖路一段９１巷３９弄１１號,25.08840099,121.562289,14600004.0,15398399.0,7365066.0,9471997.0,13423552.0,23025968.0,25895952.0
臺北市萬華區貴陽街二段８２巷１號四樓,25.03953101,121.503754,14700011.0,12624892.0,8769276.0,12417834.0,14885635.0,24483260.0,31895912.0
臺北市中正區衡陽路７７號八樓之２,25.04234201,121.511059,2500000.8,3876522.2,1430674.8,1523206.8,4364739.0,8147108.0,14591096.0
臺北市信義區忠孝東路五段３４５巷６號四樓之１,25.04154598,121.573856,68000040.0,47056096.0,22174372.0,27660320.0,43248856.0,67967624.0,77248536.0
臺北市大同區南京西路３１６號十一樓之８,25.05386621,121.5129463,8859996.0,10079292.0,4940603.0,7464359.0,9647547.0,16792422.0,27932882.0
臺北市文山區辛亥路四段７７巷９２弄１１號三樓之２,25.00875748,121.561276,13879993.0,19176964.0,9209494.0,13343550.0,15330236.0,25715216.0,27785428.0
臺北市文山區萬盛街８９之５號五樓,25.00558749,121.5426312,21300006.0,20974740.0,10441578.0,15549214.0,17084248.0,30187960.0,30312242.0
臺北市信義區吳興街６００巷７６弄２０號,25.01845971,121.5704981,16199987.0,18974416.0,9861574.0,15973977.0,16966824.0,29785940.0,30655166.0
臺北市士林區德行東路２８４巷７號五樓,25.10976399,121.536346,15000010.0,18081322.0,9611805.0,12450563.0,17177172.0,27500400.0,33584348.0
臺北市中山區民權東路二段１３５巷３０弄１３號,25.064307,121.534435,21379988.0,18837064.0,8963853.0,11830527.0,15771441.0,27527794.0,32822266.0
臺北市北投區三合街一段８２巷５８號二樓,25.12824202,121.5052064,67379944.0,57178616.0,19630796.0,32613214.0,50958636.0,92382824.0,98435780.0
臺北市松山區延壽街３３０巷１７弄２０之１號四樓,25.05477501,121.562125,35800030.0,26546234.0,13176702.0,18403618.0,26210052.0,38404530.0,49819024.0
臺北市南港區同德路７７號七樓,25.04597238,121.5852881,26799996.0,25160952.0,11432014.0,16861394.0,23017536.0,38868940.0,53504516.0
臺北市內湖區成功路二段４２６巷６６之１號四樓,25.07001201,121.58796,5500000.5,7363043.5,3797565.0,5174326.5,7082023.0,10408749.0,15521598.0
臺北市文山區秀明路一段７號四樓之１,24.98936599,121.563645,25800012.0,23423350.0,12959112.0,17957832.0,24189530.0,41288268.0,51651844.0
臺北市萬華區民和街１００號九樓之２,25.02548299,121.497528,33900024.0,40176196.0,22235360.0,31609810.0,44116336.0,75662720.0,107260220.0
臺北市大安區通化街３９巷６１弄２４之１號二樓,25.03136779,121.5563812,18480018.0,12596701.0,6625548.0,9136902.0,12409121.0,18329980.0,23898640.0
臺北市大安區信義路二段２２８巷７號六樓,25.03301199,121.531869,31999990.0,26154470.0,13815310.0,20398320.0,24164076.0,39025240.0,49382420.0
臺北市內湖區大湖山莊街１６８巷１４號二樓,25.08854635,121.5988047,12800001.0,11109131.0,4569738.0,6550013.0,9395740.0,15480472.0,17371300.0
臺北市中山區新生北路二段１３３巷１２號二樓之１０,25.06077599,121.528261,6790001.0,7166652.0,2394082.2,3173883.0,5311332.5,9482789.0,19739230.0
臺北市大安區信義路三段１６６巷６弄１１之２號,25.032885,121.541289,56000000.0,39521424.0,16653038.0,24646592.0,30137334.0,47523864.0,66036124.0
臺北市信義區富陽街７１巷７號四樓,25.021998,121.556958,26659996.0,20259508.0,9306756.0,13146553.0,20441006.0,30997416.0,39868864.0
臺北市萬華區桂林路１４５號十樓,25.0386445,121.4981443,31660012.0,32376516.0,16788452.0,25240840.0,28119388.0,51295068.0,58825570.0
臺北市松山區復興北路３１３巷４２號十樓,25.05883001,121.54702,72799944.0,57579280.0,19985094.0,39770584.0,56045520.0,89315010.0,119612470.0
臺北市內湖區文德路５０號,25.07830851,121.580939,23800020.0,24111544.0,11601128.0,16681808.0,20568974.0,37314930.0,47293640.0
臺北市萬華區中華路二段５０４巷５號四樓,25.02564199,121.507897,12880011.0,11796795.0,8254203.5,10151218.0,11287196.0,16864064.0,24560246.0
臺北市松山區民生東路五段２７巷６號二樓,25.05953698,121.556859,32500012.0,23238054.0,9748840.0,16012504.0,23402406.0,36272292.0,41971510.0
臺北市中山區樂群二路２６６巷１１２號,25.07697101,121.562238,151000000.0,57633668.0,17828656.0,33432112.0,57965500.0,118248264.0,131478650.0
臺北市萬華區康定路１０５號二十一樓之１１,25.0392682,121.5020232,12099997.0,15391499.0,6234106.0,12753504.0,14767710.0,25307268.0,27060830.0
臺北市士林區重慶北路四段１９０巷５弄５號,25.08503402,121.512017,15000010.0,14608166.0,6830124.5,10637999.0,14513600.0,23955734.0,24907360.0
臺北市文山區政大二街２６０巷４５號,24.98757,121.58692,10580006.0,10299676.0,5935054.0,9439947.0,10022376.0,17900176.0,21318092.0
臺北市信義區紫雲街６８號,25.01604798,121.577321,51880024.0,50640344.0,23671042.0,31932312.0,63007664.0,99507810.0,123223570.0
臺北市松山區光復南路２２巷２８號,25.04683798,121.555899,7999997.0,3932735.0,2067919.8,2515258.2,5537193.5,9680412.0,27898114.0
臺北市大安區永康街７５巷８號六樓之３,25.02882301,121.530111,17679996.0,13562938.0,5698108.5,10146088.0,13419737.0,21063864.0,33712000.0
臺北市北投區吉利街３１３號,25.11801098,121.511307,27099982.0,22672528.0,10548934.0,15710613.0,23487236.0,39895030.0,48001310.0
臺北市信義區信義路六段５８號七樓,25.03473799,121.576463,28999988.0,22225860.0,9871643.0,14081989.0,20017368.0,33588064.0,48766150.0
臺北市北投區天母西路１１６號十一樓,25.11881401,121.523,131000030.0,128196280.0,62778304.0,74307750.0,97189550.0,165732590.0,201701060.0
臺北市內湖區文德路２０８巷１２號,25.0777685,121.5834971,20800006.0,18105134.0,7859633.5,11913949.0,15195363.0,27508112.0,33023714.0
臺北市北投區懷德街１４巷２號四樓,25.11150298,121.519608,18880012.0,18909240.0,9446017.0,12120138.0,16959284.0,26271964.0,40057364.0
臺北市士林區中山北路六段１９５巷１７弄７號,25.107193,121.524046,20000004.0,18455326.0,9726979.0,13028780.0,17523782.0,29774238.0,36563612.0
臺北市中山區北安路６０８巷４弄６之１號,25.081385,121.549309,23200012.0,25324266.0,11369844.0,16836006.0,24263372.0,38240068.0,43858264.0
臺北市萬華區民和街９６號九樓之１,25.0255,121.497594,46599960.0,52001184.0,26770876.0,40823436.0,55013104.0,98167470.0,126211670.0
臺北市文山區忠順街一段７０號三樓,24.98423199,121.560808,12379996.0,13141915.0,8249977.5,11457532.0,14641109.0,22600124.0,37131120.0
臺北市北投區文林北路１６６巷２弄７號四樓,25.10694498,121.516548,6000000.0,14213241.0,8740129.0,11577476.0,15478612.0,26006282.0,38108572.0
臺北市北投區復興四路２８號七樓,25.142491,121.500743,31499970.0,31782714.0,14182640.0,21014064.0,26051660.0,45259796.0,51293110.0
臺北市中山區通北街６５巷２弄３號二樓,25.08324398,121.539584,28599982.0,32832974.0,14253692.0,20133236.0,27486136.0,45411030.0,47131640.0
臺北市信義區富陽街４４巷１１號五樓,25.02292998,121.555985,24179982.0,22556844.0,9751481.0,15529593.0,22665740.0,32566532.0,45698460.0
臺北市中山區天祥路８０號五樓之５,25.06396598,121.520529,21000000.0,17020240.0,8231226.5,11897962.0,13767224.0,23509690.0,28811158.0
臺北市大安區和平東路一段１８８巷８號四樓,25.02586,121.53044,23715012.0,54430704.0,19952376.0,31552886.0,50039580.0,78130200.0,113761630.0
臺北市信義區福德街２６８巷５弄１７號,25.03898401,121.585292,21000000.0,17659336.0,9990426.0,11722732.0,15184672.0,27323106.0,31610776.0
臺北市內湖區星雲街１６８巷４３號十二樓之１,25.080177,121.597241,8079999.0,8238200.0,2535570.8,5349111.0,7472122.0,12260855.0,15161144.0
臺北市大安區新生南路二段１６巷２號,25.0325856,121.5324573,18749996.0,11982522.0,5040335.5,7329184.5,10717100.0,18383936.0,27716882.0
臺北市內湖區內湖路一段１巷９弄３３號四樓,25.08626499,121.557738,24999980.0,24461556.0,12014653.0,18221642.0,25577224.0,45364890.0,60861440.0
臺北市北投區致遠一路一段７８號六樓之１,25.10909498,121.515678,16380009.0,17054360.0,8879307.0,13242184.0,15289179.0,24340500.0,27977138.0
臺北市北投區同德街１７之２號五樓,25.125247,121.5281541,29699994.0,23909172.0,13481668.0,16399203.0,22222470.0,38614156.0,45623650.0
臺北市文山區辛亥路五段５５巷１２號四樓,24.99832398,121.55363,15450000.0,15295362.0,9317929.0,11560176.0,15403393.0,24510688.0,31452362.0
臺北市大安區信義路四段９６號,25.03304602,121.547873,15250007.0,9457068.0,4187412.8,6582664.0,9111042.0,15475128.0,22985466.0
臺北市松山區八德路三段１９９巷１９號六樓之７,25.04915,121.556443,16199987.0,13990110.0,7430027.0,9307094.0,13736693.0,21621448.0,34524364.0
臺北市中山區松江路１８８巷２號四樓之３,25.05672762,121.532553,20859998.0,18889018.0,9546687.0,14514541.0,17012254.0,27245878.0,33746096.0
臺北市內湖區內湖路一段１巷９弄１號三樓,25.08545701,121.558098,5649998.0,14587896.0,7257633.5,10041740.0,12892128.0,22550390.0,23171134.0
臺北市南港區舊莊街一段３巷１２弄４２號,25.04203058,121.6183147,22000004.0,28269264.0,11884286.0,19919638.0,23184884.0,40294304.0,44053270.0
臺北市文山區興德路２０巷２８號六樓,25.00104968,121.5561924,10499994.0,12685550.0,5571938.0,8737946.0,11836982.0,18203508.0,19796540.0
臺北市中正區西藏路３７號,25.03032999,121.506286,23500006.0,24579554.0,10849326.0,15406713.0,21841668.0,36634188.0,41786750.0
臺北市內湖區星雲街２１巷３號二樓,25.07848729,121.5908028,18760012.0,16263641.0,7555292.5,10073315.0,15032518.0,23783730.0,29421072.0
臺北市北投區中和街５０２巷１４弄１３號,25.14747702,121.4951,9700004.0,13458648.0,8653409.0,10753465.0,13267567.0,20703864.0,22443416.0
臺北市中山區新生北路一段１０２巷１０號七樓之４,25.04871201,121.528544,10999996.0,9116013.0,4566109.0,6421646.0,8552773.0,13923930.0,16200575.0
臺北市文山區和平東路四段８８巷９號,25.00498198,121.567168,21000000.0,22564028.0,11289801.0,15791970.0,19740810.0,34403216.0,37985570.0
臺北市文山區景興路５５號五樓,24.99672602,121.544844,14600004.0,14230004.0,7739287.0,9321733.0,13315152.0,19630908.0,35221480.0
臺北市文山區和興路２６巷１５弄７號,24.985088,121.545634,19499996.0,20079622.0,9710000.0,13691702.0,18251138.0,29786962.0,36623988.0
臺北市士林區重慶北路四段７０號,25.08191,121.51309,41579964.0,55723084.0,24464494.0,37489924.0,65849348.0,105227760.0,142976200.0
臺北市萬華區貴陽街二段９６巷３之３號,25.039341,121.503299,9700004.0,11254970.0,6373459.0,8765672.0,10194817.0,16179237.0,22692516.0
臺北市萬華區武成街６２巷４５號,25.01993798,121.495286,3350000.2,4372972.0,3134582.5,3701533.5,4800746.0,9327744.0,14707414.0
臺北市中山區民權東路二段１３５巷３０弄１６號六樓,25.06415101,121.534376,14499987.0,15529860.0,9522845.0,12647451.0,14139505.0,23803380.0,35622864.0
臺北市信義區吳興街４９４巷９號,25.02323198,121.569216,17300012.0,16440167.0,7823155.5,10346912.0,14223654.0,24643066.0,32279894.0
臺北市文山區辛亥路五段１７號三樓,25.00014399,121.554389,20000004.0,16197392.0,9227922.0,11818190.0,15415796.0,24570600.0,29598540.0
臺北市士林區天母北路２４號三樓,25.11982998,121.526311,28750006.0,31972536.0,12662344.0,19290726.0,27371146.0,45341880.0,70301656.0
臺北市士林區天母北路９巷１０號七樓,25.11914463,121.5271024,39099970.0,38622556.0,18601634.0,27103084.0,29580480.0,49025420.0,91850290.0
臺北市北投區明德路２９２號八樓,25.11520992,121.5224277,24700006.0,28333608.0,12481211.0,18007978.0,22728600.0,37575616.0,38299776.0
臺北市中山區民權東路二段９２巷７弄２２號三樓,25.06062399,121.532301,499999.8,4386.5327,59446.36,326170.0,782034.5,4811200.5,10698086.0
臺北市大安區仁愛路四段４８巷２號,25.03744199,121.547016,3799999.5,12372843.0,6205971.5,8765263.0,12408104.0,21023444.0,28521974.0
臺北市中正區牯嶺街８３號十樓,25.02755202,121.518357,159999970.0,172397420.0,82800850.0,101408320.0,234914140.0,285064900.0,419944350.0
臺北市中山區天祥路１６號六樓,25.06093722,121.5209433,26600010.0,24601832.0,12039314.0,17493860.0,20119646.0,29338528.0,31520406.0
臺北市中山區長安東路一段５６巷１弄１０號三樓,25.04752999,121.52918,14000013.0,17965096.0,8939369.0,12130083.0,17550676.0,28165444.0,33205112.0
臺北市中正區臨沂街２５巷１８號四樓,25.041283,121.531242,24000004.0,31211824.0,12849854.0,22885332.0,29639612.0,45749740.0,67136330.0
臺北市南港區經貿一路５９號六樓之２,25.05632998,121.61998,12500008.0,14208199.0,6596678.0,10118568.0,11980580.0,19728992.0,19866252.0
臺北市松山區三民路１０８號八樓之１７,25.0579813,121.5639054,14000013.0,13772924.0,6445747.0,9035416.0,11304238.0,18627658.0,21850794.0
臺北市中山區復興北路４３６號,25.06359902,121.544035,28699984.0,27343700.0,10645570.0,16224664.0,22764218.0,39744576.0,41479364.0
臺北市萬華區西藏路１０７號九樓之１,25.02968999,121.50347,39979970.0,44538480.0,20364732.0,28873984.0,42028388.0,66457650.0,80296664.0
臺北市文山區溪口街７０號十二樓之１,24.99558101,121.538925,35500028.0,35776956.0,15048870.0,25112050.0,32421256.0,54468190.0,66411268.0
臺北市北投區奇岩路１４之２號四樓,25.13321068,121.5071979,13157992.0,20284486.0,9550548.0,14622996.0,19584646.0,26195758.0,30866028.0
臺北市信義區和平東路三段４３５巷７弄２３號三樓,25.019423,121.559352,17199990.0,13415054.0,7254243.0,9971503.0,13133771.0,21663678.0,22202008.0
臺北市中山區復興北路２８８號二樓,25.05911101,121.543924,28879986.0,26380124.0,11622368.0,16491013.0,23888568.0,38597516.0,51464410.0
臺北市北投區榮華三路４２巷７弄９號,25.11502899,121.520544,11999996.0,10478327.0,4906987.0,7437300.5,10294589.0,16003192.0,18626628.0
臺北市信義區福德街２３７號三樓,25.03859999,121.585444,17080012.0,10967712.0,6776132.0,11266784.0,11372186.0,18735766.0,23259072.0
臺北市內湖區康寧路三段７５巷１８６弄１０２號,25.07609698,121.613201,35800030.0,30503344.0,11851847.0,16659328.0,25500162.0,45051452.0,47387280.0
臺北市北投區溫泉路８９號,25.13570602,121.507004,21899986.0,24975484.0,11243212.0,18585248.0,24153616.0,44962860.0,48701550.0
臺北市文山區汀州路四段２８５號十三樓,25.00148295,121.5355503,54999988.0,57315864.0,22096434.0,39676784.0,49614950.0,85713060.0,105102400.0
臺北市松山區南京東路五段２３巷１５弄７號五樓,25.052954,121.557739,19300000.0,16185564.0,10167863.0,13267188.0,16884984.0,29027602.0,44277344.0
臺北市文山區保儀路１１９巷５號三樓,24.98560399,121.567879,7000002.5,16729859.0,12453128.0,13148058.0,14898133.0,28731476.0,36101740.0
臺北市北投區承德路七段３２巷３弄１０號二樓,25.11170498,121.511081,10800002.0,18550436.0,11075935.0,15181313.0,19580836.0,31896642.0,34908680.0
臺北市松山區民生東路三段１１３巷６弄１號,25.05853501,121.54606,32799988.0,30145268.0,11978500.0,18501742.0,26067366.0,45298744.0,55973090.0
臺北市文山區羅斯福路五段１７０巷１１號,25.00455702,121.537676,27700022.0,17015338.0,7685470.0,10618052.0,14812394.0,20276828.0,26307416.0
臺北市中正區仁愛路一段２３巷８號二樓,25.03980598,121.523275,26499996.0,24097706.0,9459395.0,15123915.0,17834268.0,24031244.0,31418306.0
臺北市士林區福華路１５８號七樓之１,25.10375601,121.522679,42999960.0,32673110.0,12555516.0,20235332.0,28657100.0,48893560.0,51585976.0
臺北市中正區廈門街３４巷１８號四樓,25.026054,121.516637,11799991.0,8568873.0,5122713.0,6046251.5,7988324.5,12972738.0,21533416.0
臺北市北投區建民路１６１之３號七樓,25.11116402,121.519732,17279994.0,12611342.0,7175200.5,8982800.0,11682175.0,18866836.0,37509736.0
臺北市松山區民生東路四段７１之１號四樓,25.05804601,121.551202,22999982.0,13957886.0,7558226.0,11548188.0,13909012.0,24034636.0,30555928.0
臺北市中正區羅斯福路四段８０號二樓,25.01411251,121.5347079,7200000.5,5069264.0,1779800.9,1959180.0,4435376.5,8190906.5,17525888.0
臺北市士林區士東路８９巷１５之２號,25.11295401,121.528484,21300006.0,20124596.0,10194117.0,13564128.0,18785148.0,31248696.0,39914744.0
臺北市松山區延壽街３３０巷８弄５號,25.05568998,121.55953,57000036.0,44500268.0,15795705.0,26537932.0,36154664.0,63682690.0,85459864.0
臺北市文山區汀州路四段２８３號四樓,25.00148295,121.5355503,40680028.0,46726164.0,17497596.0,28404872.0,40614748.0,72273096.0,82915740.0
臺北市中山區新生北路三段１２號十一樓之１,25.06331999,121.527367,17599986.0,18405830.0,8895351.0,13539624.0,16538798.0,21131184.0,25920560.0
臺北市文山區興隆路三段１８５巷５弄１２號,24.99594,121.561315,15200001.0,16845642.0,9002679.0,12197783.0,15667940.0,26923368.0,32649064.0
臺北市中山區長春路４１０號九樓之３,25.05441602,121.54375,9900002.0,8377275.0,3364430.2,5060675.5,8031491.5,13853280.0,24273694.0
臺北市北投區泉源路華南巷８號,25.140377,121.507322,15450000.0,15239597.0,7843482.5,10912396.0,14653262.0,22588530.0,25632068.0
臺北市內湖區文湖街２１巷１１８弄８號六樓,25.0911011,121.5597397,21879988.0,26202404.0,13470076.0,18293308.0,22372000.0,39211320.0,44249570.0
臺北市中山區中山北路二段７７巷１２號五樓,25.05738602,121.524161,24060000.0,24227486.0,12342908.0,16447318.0,19004912.0,25998296.0,28884118.0
臺北市士林區天母東路８１巷２０弄１４號四樓,25.11923987,121.5355219,16800016.0,20596808.0,10649978.0,12326980.0,17095330.0,28531984.0,44235730.0
臺北市大安區光復南路６７６巷１０弄５號三樓,25.03086199,121.556604,18200002.0,13720694.0,6450949.5,8698942.0,13255982.0,19840994.0,22032592.0
臺北市內湖區新明路５１３號四樓,25.05361898,121.578953,4499998.0,13664204.0,6914789.0,9747836.0,12313140.0,19846558.0,20408244.0
臺北市南港區研究院路二段７０巷３７弄３號五樓,25.04583701,121.614036,15999987.0,15578157.0,7938058.0,10936858.0,15014923.0,21955696.0,25471384.0
臺北市士林區社子街２５巷３弄５號四樓,25.08829318,121.5080343,10964700.0,11852118.0,6715005.0,9712204.0,11191265.0,17144572.0,17934282.0
臺北市士林區承德路四段７０號四樓,25.08191499,121.522773,4400000.0,5535646.5,2086425.6,3079864.0,5125571.5,8160264.5,16059821.0
臺北市中山區樂群二路２６６巷８６號三樓,25.07793002,121.56212,76800020.0,44414284.0,14666180.0,25542024.0,39246412.0,63152524.0,68241460.0
臺北市中山區合江街１３０巷２８號,25.05943598,121.537966,21200016.0,19101652.0,9158240.0,12331378.0,16607393.0,29091232.0,31468684.0
臺北市士林區東山路２５巷３６之１號,25.11825599,121.541151,156999870.0,62682584.0,18372718.0,37299060.0,57557210.0,93155530.0,128095336.0
臺北市士林區天母北路３６巷８號四樓,25.12040239,121.5259374,15999987.0,20097324.0,10465205.0,13278605.0,17703380.0,27796188.0,44261640.0
臺北市南港區舊莊街一段３巷１２弄４６號,25.04203058,121.6183147,26149980.0,30098616.0,13219699.0,20929662.0,27293990.0,44669580.0,46745330.0
臺北市松山區富錦街１０６號三樓,25.05958698,121.55237,37500010.0,23616160.0,9850746.0,16222312.0,20818978.0,40463120.0,44085212.0
臺北市士林區社子街２２巷６７號八樓之１,25.08655225,121.5057564,20899982.0,33165932.0,17118986.0,23995884.0,30095746.0,52561196.0,58776892.0
臺北市北投區致遠一路一段１０巷１２弄６號一樓,25.10825101,121.518089,27999986.0,18149944.0,8916551.0,12254776.0,18121372.0,26666658.0,27504282.0
臺北市大安區大安路一段２０２號六樓之１１,25.03499502,121.545865,18200002.0,16019225.0,6147044.5,10769352.0,14300530.0,21071216.0,33936316.0
臺北市大安區安和路二段１８９巷１５號三樓,25.02692798,121.550837,2500000.8,16722330.0,9069188.0,15250501.0,20345552.0,28134732.0,31006464.0
臺北市文山區興隆路一段７０巷１之１號五樓,25.003309,121.540694,15259987.0,13989816.0,7391756.0,10101676.0,12654690.0,21806994.0,28328582.0
臺北市北投區石牌路二段３１５巷２號三樓之１,25.12198246,121.5229749,10879995.0,9964621.0,4181793.8,5677036.0,8879256.0,14029417.0,20408594.0
臺北市大安區樂業街１５９巷２６號四樓,25.02025901,121.554621,15350014.0,15283872.0,8204486.0,10613152.0,14968714.0,25491506.0,31381892.0
臺北市內湖區文德路１０６號三樓,25.078185,121.583072,20599992.0,18540106.0,8533952.0,12537448.0,14954788.0,25420570.0,29003694.0
臺北市北投區稻香路２３７號三樓,25.14398145,121.4881325,22320002.0,22230948.0,12064968.0,16528076.0,20269480.0,24502554.0,33664452.0
臺北市中正區牯嶺街８７之３號四樓,25.02700099,121.518798,2000000.4,933232.2,938453.25,1667620.8,3937088.0,7367658.5,23551294.0
臺北市大安區通化街２６７巷５號六樓,25.025608,121.552549,45000012.0,35288724.0,15945758.0,24320360.0,33538772.0,58578348.0,75053864.0
臺北市大安區安和路二段２０９巷８號,25.02625018,121.5506423,47500030.0,34605916.0,14091232.0,22097824.0,31789200.0,58798084.0,76318720.0
臺北市中正區汀州路二段２７３號二樓,25.02221601,121.524186,30799986.0,31238268.0,13148835.0,19592268.0,25862830.0,41975516.0,46229550.0
臺北市北投區大業路２８０巷３５弄３之１號二樓,25.12800502,121.499718,10999996.0,14343992.0,6578170.5,9870682.0,12227646.0,21002164.0,23230254.0
臺北市中山區四平街１３８號十四樓之１,25.053407,121.536294,29650016.0,21157440.0,10583477.0,15044966.0,21079578.0,33615176.0,46232110.0
臺北市北投區文林北路６０巷３弄５號五樓,25.10532602,121.518546,14879986.0,14779347.0,7660064.0,10490306.0,13275262.0,22854536.0,25555718.0
臺北市信義區祥雲街１３號七樓,25.019216,121.574196,19499996.0,23880870.0,11630196.0,16005512.0,21736772.0,34813330.0,41388560.0
臺北市信義區松隆路２１５巷２號五樓,25.04856302,121.576574,13000010.0,21808574.0,10922182.0,14378094.0,18539328.0,30423104.0,42252720.0
臺北市松山區南京東路三段３３５巷２３號五樓之２４,25.05327684,121.5475401,11500007.0,5895532.0,2718543.2,4522382.0,7388225.0,12252112.0,32086472.0
臺北市松山區八德路四段６３６號十二樓之１１,25.049832,121.574493,17066010.0,17038494.0,8533203.0,12826640.0,14863279.0,20212920.0,25333686.0
臺北市中山區新生北路二段７４號五樓之１０,25.05713498,121.527173,6099999.0,8303621.0,3637788.8,5632835.0,6359015.5,10654854.0,15448174.0
臺北市中正區連雲街１８之１號二樓,25.03679101,121.531763,34000004.0,26099654.0,12295890.0,17577542.0,24783676.0,40135524.0,46916384.0
臺北市大安區仁愛路三段１００號八樓,25.03754098,121.539382,31999990.0,29626216.0,12701360.0,18774150.0,29711948.0,52265484.0,73351330.0
臺北市信義區中坡南路２０１巷６之１號六樓,25.04152079,121.5857515,55449970.0,40435890.0,17610430.0,34375796.0,49579950.0,50062588.0,78399650.0
臺北市中山區北安路６３０巷２５弄１６號六樓,25.083549,121.549928,10999996.0,23312992.0,12841450.0,18504214.0,23011172.0,38206170.0,56839250.0
臺北市文山區興隆路二段２１７巷３號,25.00198398,121.549101,13800008.0,14802170.0,8954626.0,10729535.0,13110044.0,23347790.0,25626250.0
臺北市文山區試院路６６號四樓,24.99045531,121.5497466,18300008.0,21791110.0,12058158.0,15857377.0,19586440.0,31403448.0,32254168.0
臺北市文山區興隆路三段３２９號三樓,24.99144429,121.5589465,35999972.0,37506230.0,17335222.0,24760336.0,35985280.0,60232636.0,72070330.0
臺北市信義區莊敬路２４３號,25.029534,121.562468,35999972.0,28941856.0,11600996.0,17320152.0,23930068.0,41393612.0,47714508.0
臺北市信義區吳興街５８３巷３弄３３號,25.02280199,121.569907,9999996.0,16805208.0,8020898.0,12282904.0,16470612.0,24317484.0,27647872.0
臺北市大安區通化街３９巷１２號,25.03081199,121.55464,24000004.0,9094825.0,4485186.5,5765595.0,8649737.0,14436626.0,23128392.0
臺北市內湖區康寧路三段１８９巷１４１弄１５號,25.07403202,121.611495,18679996.0,19380712.0,8323045.0,12360648.0,15119617.0,26711812.0,32921142.0
臺北市中正區衡陽路６９號十三樓之３,25.04237998,121.511763,28349988.0,25867320.0,11095219.0,18234366.0,21000600.0,36322000.0,37737148.0
臺北市文山區政大二街２０７號三樓,24.98865553,121.5869132,19359986.0,23504400.0,13056343.0,17077146.0,19390510.0,25657894.0,34117260.0
臺北市大安區敦化南路二段６３巷５３弄１２號七樓,25.03154599,121.551452,39179996.0,32264998.0,15608077.0,21975388.0,27767520.0,45688000.0,75045560.0
臺北市信義區吳興街２８４巷５之７號三樓,25.025515,121.564,19650014.0,17517934.0,9711185.0,13712714.0,17321870.0,29993628.0,42323700.0
臺北市中正區汀州路一段１９８巷８號,25.027959,121.508905,17099994.0,18117362.0,8569126.0,11686053.0,16078518.0,24434602.0,27402436.0
臺北市文山區木柵路三段８７號十二樓,24.98888479,121.5678311,47000036.0,56897932.0,20955746.0,35823390.0,49729024.0,82910840.0,106517710.0
臺北市南港區研究院路二段１８２巷７７號五樓,25.03674801,121.614073,14060009.0,13179970.0,8293071.5,10172577.0,12116232.0,19348764.0,21164462.0
臺北市士林區中山北路六段７５４巷２７號二樓,25.11406801,121.529697,20000004.0,19641396.0,9873055.0,12555036.0,17275940.0,28853504.0,50386470.0
臺北市內湖區安泰街８９號二樓之１,25.07668921,121.6168632,26200006.0,28132854.0,11776495.0,18992810.0,26679124.0,33941948.0,43920040.0
臺北市大安區和平東路三段３０８巷３９弄１４號二樓,25.01894099,121.55564,15584993.0,15003758.0,7736534.0,11321219.0,14144926.0,24819864.0,29211444.0
臺北市中正區齊東街７０巷１７號二樓之１,25.04287099,121.527785,22220012.0,19300404.0,9425788.0,13895489.0,16083609.0,22953616.0,24623474.0
臺北市信義區吳興街１５６巷２５弄５之１號,25.02851099,121.561149,20044992.0,15970443.0,7518040.0,10650140.0,15556690.0,23908032.0,25739556.0
臺北市文山區樟新街４８巷１７號,24.97789901,121.554797,44500012.0,35777370.0,16604067.0,23489610.0,36654316.0,64819424.0,78396360.0
臺北市北投區自強街５巷１０４號,25.11212198,121.511421,8250001.0,9044088.0,4519821.0,6816199.5,9158048.0,14315048.0,17199006.0
臺北市中山區林森北路３０８號十樓之２,25.05611,121.525272,9500005.0,10067860.0,4695941.0,7567515.5,9059575.0,12102536.0,14654659.0
臺北市中山區民權東路二段１５２巷６號三樓,25.06153301,121.534991,25999984.0,21420478.0,13402164.0,14962320.0,18326764.0,32655540.0,39413324.0
臺北市信義區林口街１３１號,25.04027298,121.580951,23900008.0,28075658.0,13533118.0,16433678.0,21928492.0,38642524.0,47254870.0
臺北市大安區敦化南路一段１８７巷３８號六樓,25.04243601,121.551223,32500012.0,46935176.0,23221394.0,34071610.0,45713016.0,70045340.0,73981920.0
臺北市北投區石牌路一段１６６巷２８之１號,25.11398978,121.5137629,19800014.0,15344599.0,9212551.0,13913815.0,15747875.0,25650212.0,27844316.0
臺北市士林區倫等街４８巷２號三樓,25.09293698,121.501562,8440000.0,8042674.5,5635629.5,6682902.5,7375187.5,12484378.0,12869182.0
臺北市中山區北安路４５８巷５號二樓,25.07931899,121.544648,9999996.0,11388205.0,5260494.0,7848683.0,10393790.0,16218259.0,21693448.0
臺北市大安區和平東路二段９６巷１７弄２３號,25.023105,121.542311,7000002.5,11056116.0,5643223.0,8664317.0,11470740.0,18031418.0,35554376.0
臺北市士林區和豐街２８號三樓,25.082729,121.518257,7330002.5,10305630.0,5773309.0,7866330.0,9330894.0,14747303.0,18594610.0
臺北市松山區八德路三段１２巷１７弄１５號三樓,25.046727,121.55127,16999994.0,18331170.0,9696249.0,14057408.0,19309500.0,29122822.0,42192884.0
臺北市文山區景福街１２８號六樓,24.99569001,121.53613,21500010.0,21373912.0,11288380.0,14795396.0,17692174.0,30337344.0,33631400.0
臺北市中正區齊東街４８之１號二樓,25.04211302,121.528528,9000001.0,7335597.0,3862352.0,5852498.0,6977189.0,11097758.0,20349512.0
臺北市士林區雨聲街１５巷１０號,25.10110699,121.528761,21000000.0,17926040.0,8774304.0,12140174.0,16680281.0,27436900.0,30576974.0
臺北市中山區農安街３４號九樓,25.064796,121.526825,9550002.0,8985850.0,4695659.0,6800227.0,9216189.0,14602650.0,15364748.0
臺北市士林區基河路１２８號四樓之５,25.08867608,121.5231356,8980008.0,12702184.0,6464227.0,9551896.0,12334389.0,19080898.0,26381684.0
臺北市北投區溫泉路１３９號六樓之２０,25.13995799,121.512059,6299999.0,9666943.0,7341531.5,8527167.0,9385495.0,16889076.0,21837378.0
臺北市士林區葫蘆街９０號二樓,25.08197898,121.508319,12500008.0,12902903.0,6798521.5,9876634.0,11133589.0,19138084.0,19495980.0
臺北市文山區和平東路四段６５巷２７弄１６之２號,25.007905,121.566944,26999992.0,27298104.0,13002936.0,17946602.0,22942410.0,39348724.0,44918630.0
臺北市信義區松山路５１５巷２弄２７號三樓,25.03815198,121.579011,15800014.0,15395962.0,7115887.0,9519740.0,14045401.0,22190408.0,23116572.0
臺北市信義區虎林街１２０巷１２０號二樓,25.042074,121.574932,18799986.0,17097776.0,7521080.5,11343677.0,14502586.0,22317064.0,22854666.0
臺北市士林區承德路四段１巷７號二樓,25.078495,121.521749,9999996.0,13526228.0,6337336.0,9668068.0,13012761.0,20255220.0,20797982.0
臺北市北投區石牌路二段３１５巷３４弄１７號二樓,25.12349899,121.523382,28180006.0,24853024.0,14060599.0,17009400.0,21409818.0,35223700.0,48727476.0
臺北市士林區德行東路２５８號三樓之３,25.10974535,121.5344327,65880000.0,74416690.0,44174600.0,45393452.0,58689960.0,95166420.0,111642810.0
臺北市文山區興隆路四段５８巷２６弄３號三樓,24.98571702,121.560191,18679996.0,19575870.0,8650158.0,11515371.0,16468413.0,26434420.0,38366310.0
臺北市士林區中山北路七段１９０巷８之２號六樓,25.124939,121.533347,22700004.0,25440214.0,12558773.0,18049208.0,22205946.0,35730450.0,64842424.0
臺北市北投區光明路６８號,25.1327677,121.5002257,8700004.0,10155711.0,5186509.5,7965844.5,9196382.0,15737425.0,21541550.0
臺北市內湖區康樂街１０９號五樓,25.07058102,121.619202,14000013.0,13372136.0,7001398.0,9233890.0,13274098.0,21288024.0,26914436.0
臺北市中山區龍江路３４５巷１２號三樓,25.06327301,121.541631,21000000.0,18418472.0,9853133.0,13476655.0,18223588.0,28360316.0,37227420.0
臺北市松山區光復北路１６１巷１０號三樓,25.05574601,121.556079,28079996.0,18455536.0,10984335.0,14394503.0,17432106.0,27844900.0,35001350.0
臺北市南港區重陽路１２５巷３６弄４６號六樓之１,25.057145,121.5964026,42579970.0,39389124.0,14762218.0,21902660.0,29819990.0,50740800.0,50775170.0
臺北市內湖區康樂街２０４之３號,25.07630498,121.621279,16749015.0,10777448.0,4975403.5,7826879.0,9632690.0,15847762.0,16882248.0
臺北市士林區通河街３２５巷６６之３號,25.08204901,121.5184832,5399997.5,5336521.0,2609542.5,2996078.2,4694486.0,8751330.0,19361536.0
臺北市內湖區東湖路１１３巷９５弄１２７號,25.07020098,121.614274,22000004.0,18141672.0,8333767.5,11201815.0,15773366.0,27168920.0,28980028.0
臺北市萬華區青年路１０６巷１９號四樓,25.02270799,121.501963,5200000.5,6179513.0,3535428.2,3807377.8,5639366.0,10306790.0,24220648.0
臺北市大同區承德路二段１巷１７號三樓,25.05359798,121.518751,11999996.0,15213575.0,7593939.5,9974166.0,14965631.0,21395816.0,24219446.0
臺北市中山區長安東路一段３０巷３弄２５號,25.04758699,121.527683,11500007.0,9297087.0,3220303.0,4175732.5,7572157.5,12313069.0,19461688.0
臺北市中山區林森北路６７巷１３２號五樓之２,25.04768899,121.528558,22499994.0,19624918.0,9541172.0,13163615.0,17551076.0,29371620.0,43955410.0
臺北市中山區松江路９０巷２１號三樓,25.05060598,121.530408,31000018.0,28707320.0,11041680.0,16967858.0,24728902.0,41300868.0,46794572.0
臺北市中山區中山北路二段１１５巷３弄１９號,25.06127602,121.524077,10199991.0,9674487.0,5183948.0,7159984.5,8710938.0,14964375.0,18484248.0
臺北市內湖區內湖路二段２２９號,25.08187899,121.589098,15500001.0,17053450.0,7623378.0,10315542.0,15092159.0,24386972.0,28116814.0
臺北市信義區永吉路２２５巷８之２號四樓,25.04626772,121.5741757,69990056.0,47170224.0,15577712.0,27427588.0,41010740.0,66737356.0,90305460.0
臺北市南港區東新街１０８巷１６號,25.04555999,121.587774,18080012.0,13346044.0,7514628.0,10683975.0,12470384.0,21177060.0,23601480.0
臺北市士林區天母北路２８巷２１號四樓,25.11972941,121.5256235,36999976.0,31807700.0,12542902.0,19891314.0,28323504.0,44736172.0,68803310.0
臺北市文山區萬利街５２號三樓,25.001009,121.564315,24000004.0,27652672.0,13911878.0,15813732.0,23563380.0,41790500.0,44143100.0
臺北市中山區新生北路二段４３號六樓之５,25.05562402,121.527798,1622922.8,6913892.0,2266310.5,2923137.2,5383702.5,9091010.0,19506134.0
臺北市士林區德行東路２０３巷８號四樓,25.10968398,121.531944,17500000.0,20477062.0,16948032.0,20687560.0,24583680.0,39625736.0,40629704.0
臺北市松山區三民路１０７巷７號六樓之５,25.057642,121.563167,18999984.0,17226124.0,7732521.5,11086482.0,15399045.0,22832358.0,31596428.0
臺北市文山區和平東路四段３５６巷２號二樓,24.99912999,121.57396,9999996.0,10744198.0,6454223.0,8724040.0,9658005.0,16164955.0,16978964.0
臺北市中正區師大路１５６號四樓,25.02104598,121.526271,20000004.0,15387008.0,7744122.5,10508690.0,13425626.0,21989894.0,24612908.0
臺北市文山區忠順街一段１２５號,24.98435802,121.560263,16380009.0,17684514.0,9700485.0,11867727.0,15821033.0,26623968.0,32713018.0
臺北市信義區忠孝東路五段４７３號,25.04101201,121.577173,62500050.0,57056380.0,21921844.0,28601020.0,46430680.0,75428136.0,89253870.0
臺北市信義區虎林街１００巷１１９號,25.04298901,121.574639,2000000.4,1413040.2,800312.75,1601703.8,4021883.2,7639746.0,20264570.0
臺北市北投區天母北路１０５巷１５弄１號十一樓之２,25.124068,121.527441,11679992.0,11047200.0,5839508.0,8122259.5,10130522.0,16875228.0,21931630.0
臺北市士林區社中街２９８巷４弄２７之１號二樓,25.09256202,121.507008,10800002.0,13616853.0,6999662.0,10011332.0,11122128.0,18501426.0,20115386.0
臺北市中山區天祥路４８巷５號,25.06193898,121.520665,2499099.8,1491574.5,566160.4,1231936.1,3136526.0,6184259.0,14445578.0
臺北市大安區通化街１９巷１７號三樓,25.03175701,121.555256,22235020.0,18107516.0,11581120.0,14303530.0,16651164.0,27652038.0,36124610.0
臺北市中山區北安路５９５巷５號,25.08224301,121.548168,32500012.0,18484354.0,7518326.5,11496980.0,15884894.0,26899758.0,28834358.0
臺北市文山區和興路２２之１號二樓,24.98557599,121.546286,34300020.0,30191934.0,14285808.0,18561054.0,31349228.0,47155108.0,50104716.0
臺北市中山區錦州街４２６巷１弄５號,25.059922,121.542656,7800001.5,10683221.0,6860755.0,9152949.0,11747151.0,19161022.0,32478942.0
臺北市中山區復興北路４６０號八樓,25.06440599,121.544057,15700009.0,11636054.0,5056951.0,8131312.0,11464921.0,18763304.0,28450796.0
臺北市信義區吳興街６００巷７６弄２２號二樓,25.01837371,121.570478,16899998.0,20335156.0,9187318.0,15179286.0,17620778.0,23764232.0,31049428.0
臺北市北投區中央北路三段２２０巷１９號三樓,25.13676,121.47993,33479972.0,30535828.0,14132387.0,21925984.0,30570034.0,41134830.0,58661196.0
臺北市中山區長安西路１２號十二樓,25.04987189,121.5210406,20000004.0,21829424.0,10262457.0,14001588.0,20309262.0,30198500.0,35395230.0
臺北市文山區萬利街２０號,25.00035999,121.565885,33199982.0,20752770.0,11188042.0,13983547.0,19432312.0,30482988.0,33396740.0
臺北市士林區華齡街１７６號三樓,25.087095,121.519662,12500008.0,15118492.0,6571612.0,8834220.0,12543954.0,20139342.0,23373946.0
臺北市內湖區民權東路六段２９６巷６８號三樓之１,25.070254,121.608861,12500008.0,10458540.0,4345359.5,6405682.0,9506566.0,15455247.0,22539296.0
臺北市內湖區金龍路２２２巷４號,25.08778701,121.58629,19079988.0,19327518.0,9841075.0,14118188.0,18328128.0,32908020.0,38129292.0
臺北市中山區民權東路一段４８號十二樓之１,25.0625214,121.5241012,14499987.0,14984082.0,6615490.0,9967510.0,13323179.0,21293832.0,21326104.0
臺北市萬華區西園路二段１７０號五樓,25.02966899,121.495906,15999987.0,17879600.0,10548411.0,14186860.0,17228096.0,31904978.0,35008830.0
臺北市士林區文林路一段７４０巷９弄１號三樓,25.10338699,121.520609,11500007.0,13867582.0,6669080.0,9499534.0,13204528.0,22176486.0,25444436.0
臺北市士林區天母東路１０５巷３號一樓,25.11865394,121.5364391,7649997.0,23160884.0,11796773.0,14018744.0,20814690.0,34137960.0,49626120.0
臺北市士林區德行東路１０９巷１１２號二樓,25.11141199,121.528954,34500010.0,32991418.0,15008910.0,21976184.0,32625532.0,55284696.0,99744960.0
臺北市信義區信義路六段１２巷３８號四樓,25.03207598,121.57488,9040001.0,6051559.0,4049262.2,5419463.0,7484381.5,11648689.0,24022948.0
臺北市中正區南昌路一段１４５號七樓,25.02953999,121.518706,44600024.0,34357640.0,15893501.0,23203286.0,33714830.0,54642280.0,81314024.0
臺北市大同區民權西路１５３號十樓之１１,25.06314501,121.516434,31149972.0,26887704.0,13697187.0,20093798.0,24062432.0,41758868.0,56313944.0
臺北市中山區民族東路４１０巷２３弄１２號五樓,25.06673498,121.539013,16999994.0,14420362.0,8794929.0,11441438.0,14862712.0,25192696.0,34257324.0
臺北市松山區新東街６０巷１６號三樓,25.06202301,121.56607,22700004.0,17813700.0,9707056.0,12653918.0,19502786.0,31131322.0,37689600.0
臺北市松山區三民路２９巷１號三樓之３,25.05456002,121.56349,50999960.0,32638104.0,13295052.0,20914976.0,32292826.0,50888704.0,59557024.0
臺北市士林區中山北路七段１１４巷７８弄３號,25.12155699,121.537161,68879990.0,23820412.0,11340886.0,13436769.0,20306086.0,34316970.0,44100940.0
臺北市士林區中山北路六段４４１巷３０號四樓之３,25.11660999,121.526995,61169960.0,63541216.0,24510080.0,36788230.0,49545920.0,74208040.0,84607410.0
臺北市大安區通化街１６４號,25.02845198,121.553602,27499980.0,19887862.0,9549036.0,13983760.0,17309650.0,29906340.0,38993172.0
臺北市文山區興隆路三段２０７巷１６弄１０號,24.99438001,121.562029,16999994.0,14962292.0,9967909.0,14278017.0,14801775.0,26490648.0,28533564.0
臺北市北投區稻香路２４５號四樓,25.14398145,121.4881325,25550016.0,32795296.0,17334528.0,20989308.0,29230504.0,48439190.0,58548300.0
臺北市信義區福德街２６８巷２９弄８號三樓,25.03987702,121.585147,20359994.0,16419516.0,8528794.0,12243142.0,15797634.0,26007968.0,32297384.0
臺北市內湖區康樂街１６２巷３號五樓,25.07301802,121.619309,14700011.0,14042347.0,8818875.0,10416395.0,14214434.0,23038796.0,29317328.0
臺北市松山區撫遠街２１１巷１號二樓,25.060158,121.567778,20300006.0,15708516.0,9821161.0,13067205.0,17756676.0,30662534.0,39468388.0
臺北市內湖區陽光街１０１號,25.07526399,121.58597,28610022.0,26257236.0,10415640.0,17201894.0,18913208.0,36792372.0,41297796.0
臺北市北投區北科路１９０號三樓,25.10455402,121.5168609,66499996.0,48042990.0,19642182.0,29658668.0,39348724.0,73399050.0,76091250.0
臺北市士林區德行東路３３１巷５４弄８號,25.11292199,121.538468,14600004.0,13476604.0,8705996.0,10475989.0,12637468.0,22312340.0,23269678.0
臺北市萬華區中華路二段４８４巷８號十樓之２,25.026657,121.506697,6000000.0,18866944.0,11438558.0,16557104.0,21797470.0,35539324.0,48674436.0
臺北市大安區忠孝東路四段２１６巷１９弄５號,25.04043601,121.553317,26140008.0,18422266.0,8624672.0,13705602.0,16157341.0,23116352.0,24501712.0
臺北市北投區致遠一路一段７９號四樓,25.109005,121.515562,23500006.0,27803080.0,11628665.0,18716552.0,23741036.0,40019104.0,48968972.0
臺北市士林區中山北路七段１９０巷８之５號,25.124939,121.533347,25380020.0,25463030.0,11512802.0,18249188.0,24571492.0,37150456.0,43456736.0
臺北市士林區小西街４５之２號,25.09012401,121.523425,13980000.0,19734862.0,10764772.0,17194086.0,21837336.0,33045264.0,41478256.0
臺北市南港區三重路４１巷３７號六樓,25.06040111,121.6128097,6404497.0,25452396.0,12520505.0,18768672.0,22850132.0,40766790.0,50810628.0
臺北市北投區建民路１６１之１６號四樓,25.11116402,121.519732,18000012.0,16606094.0,8558485.0,11517040.0,14915534.0,23967296.0,36112970.0
臺北市大安區延吉街１３１巷２０號,25.042657,121.55511,18853994.0,8915871.0,4360853.0,5993315.0,7627959.5,12384908.0,16351822.0
臺北市中山區新生北路三段１號,25.06288702,121.527991,7099998.0,8231391.5,2480808.2,5341409.0,6713462.0,12026805.0,18144440.0
臺北市中山區林森北路５７５號六樓之１４,25.06507801,121.525813,10700004.0,10046989.0,4362783.0,6550838.0,7917418.0,13068825.0,19599332.0
臺北市大同區寧夏路１６５號,25.06155501,121.514243,19499996.0,16554420.0,9033675.0,12994482.0,13925896.0,27557738.0,29039232.0
臺北市萬華區興義街１２號,25.02660101,121.491552,12500008.0,11871666.0,5758072.0,9589611.0,10986200.0,15149379.0,17318302.0
臺北市大同區民權西路１５３號十樓之６,25.06314501,121.516434,27800004.0,22803024.0,12453626.0,17402274.0,20335776.0,33964680.0,43592304.0
臺北市萬華區青年路１６８巷２弄４８號,25.0202,121.501607,5500000.5,5879187.5,2949580.5,4447830.0,5402908.0,8847381.0,13359058.0
臺北市信義區光復南路５６７號,25.03075399,121.557622,16150008.0,12942982.0,5246786.0,9681576.0,10991230.0,18122270.0,21876524.0
臺北市大同區延平北路二段２４７巷１８之３號,25.06221701,121.512003,14000013.0,14555489.0,6921254.5,9585551.0,11221596.0,17588476.0,22850046.0
臺北市北投區大度路三段３０１巷２８弄９號四樓,25.12260598,121.465738,9500005.0,13444716.0,7805322.0,11104132.0,12855566.0,21554744.0,22272244.0
臺北市中山區吉林路６號七樓,25.04907402,121.529903,134999970.0,152795380.0,40744092.0,73798424.0,147438510.0,257443310.0,275219300.0
臺北市萬華區萬大路２７７巷１４弄１６號,25.02487601,121.50093,28999988.0,30286698.0,14110247.0,21526312.0,28527468.0,46633744.0,58586616.0
臺北市中山區新生北路一段４６號十二樓,25.04639399,121.531287,25500016.0,21487220.0,10050535.0,15077773.0,20009886.0,34223236.0,53203296.0
臺北市文山區福興路９０號五樓之１,25.00574499,121.54963,12520004.0,11000878.0,6171680.0,8854227.0,11075407.0,17925732.0,19174550.0
臺北市內湖區民權東路六段２８９巷２９號三樓,25.06904202,121.584354,42659960.0,37174132.0,12916027.0,23465696.0,28858896.0,50151090.0,52345196.0
臺北市中山區錦州街５０號五樓之３,25.06016298,121.526107,7999997.0,7634378.0,3594279.5,5249248.0,7232083.0,11656935.0,19673828.0
臺北市中山區建國北路三段８１巷３號六樓,25.06551013,121.5374485,26499996.0,20510248.0,9993780.0,13803352.0,18218792.0,29679324.0,39318416.0
臺北市信義區基隆路二段１４９號五樓之５,25.02688301,121.555634,31179992.0,24635876.0,10829106.0,16769154.0,21897062.0,35052996.0,41288976.0
臺北市內湖區康樂街１３６巷３０弄１１號五樓,25.07204701,121.617189,32500012.0,36304616.0,15627827.0,25731652.0,37169384.0,60624744.0,70099340.0
臺北市萬華區和平西路三段３８２巷１２弄５０號四樓,25.03471699,121.490429,7999997.0,7033306.5,4185368.8,5634055.0,6883155.5,10271759.0,13166603.0
臺北市中山區林森北路１０７巷４３號四樓之５,25.05010202,121.526454,8500000.0,7906809.0,3214411.8,4552534.5,7643397.0,11296392.0,16682922.0
臺北市中山區錦州街１９３號,25.06041201,121.531463,22499994.0,19597500.0,8792338.0,11931504.0,18044424.0,28080264.0,29424888.0
臺北市萬華區西園路二段３７２巷１０１弄１９號四樓,25.02736699,121.490121,1649999.4,194109.47,616836.1,1151530.1,2514570.0,5140698.0,13231606.0
臺北市信義區吳興街２８４巷２４弄６６號五樓,25.02310701,121.561532,11679992.0,10223890.0,5381131.0,6438473.0,9386247.0,14422672.0,22432760.0
臺北市中山區建國北路二段１０８號六樓,25.0584255,121.5365419,28659996.0,19456826.0,9183639.0,12197922.0,17609724.0,28995066.0,40390256.0
臺北市大同區承德路三段１２２巷１２號六樓之１,25.06734799,121.517678,17880010.0,19111018.0,9568417.0,14489868.0,16491674.0,26863968.0,28339066.0
臺北市大安區永康街３７巷３４號二樓,25.03094199,121.531058,33679996.0,23085950.0,12394526.0,17425756.0,24225176.0,37717216.0,45732204.0
臺北市大安區敦化南路二段１０６號,25.02759242,121.5483835,51880024.0,31260202.0,16098771.0,22427968.0,30312588.0,51906650.0,62062180.0
臺北市大同區承德路二段１１２號,25.05865701,121.517969,15674995.0,11903228.0,5718294.0,8742488.0,10797694.0,17914180.0,24255180.0
臺北市中山區中山北路二段７７巷１２號十一樓,25.05738602,121.524161,25980006.0,23466458.0,13135725.0,16374106.0,19240750.0,25766178.0,29579972.0
臺北市中山區新生北路三段１號八樓之２３,25.06288702,121.527991,7299998.0,7544370.0,2464201.0,4481223.0,6217891.0,10496490.0,18118780.0
臺北市南港區市民大道七段３７號三樓,25.04965799,121.582471,4449998.0,9685768.0,4662797.5,6925579.5,9143317.0,14235081.0,16261407.0
臺北市信義區信義路五段１２７號,25.033964,121.573943,15610012.0,12410139.0,4389982.5,7450085.5,10135914.0,16469481.0,19994320.0
臺北市萬華區內江街１４０號,25.04157699,121.502755,22499994.0,22882408.0,10439706.0,15036532.0,19425270.0,34275820.0,40340980.0
臺北市南港區經貿二路２３５巷３８號二樓,25.06142819,121.6151027,27999986.0,19574824.0,9775056.0,14696058.0,16548327.0,20548858.0,30376774.0
臺北市北投區吉利街２５７巷４弄３號四樓,25.11903299,121.510767,26810018.0,25409420.0,12097389.0,17728756.0,24885232.0,39285584.0,52437130.0
臺北市大安區建國南路一段３０８號五樓之３,25.0355673,121.5374273,31759988.0,23328116.0,11100426.0,18853204.0,21235224.0,33760650.0,41226416.0
臺北市中山區林森北路１０２號,25.050731,121.524835,7700003.0,6757340.0,2989126.0,4928575.0,7316007.0,11967698.0,15793326.0
臺北市中山區中山北路二段６２巷９之１號,25.05674501,121.522014,15879986.0,15974860.0,7120232.0,11177911.0,13885368.0,21896770.0,22187316.0
臺北市信義區吳興街６００巷１１４號,25.01823398,121.571845,7299998.0,23139644.0,11401332.0,17190742.0,23673752.0,42029190.0,45082400.0
臺北市中正區南海路１０７號四樓之７,25.02743199,121.507265,14700011.0,13408505.0,7683330.0,10756911.0,10943494.0,16595550.0,24209886.0
臺北市信義區信義路五段１１１號八樓之５,25.03299354,121.5665155,15149986.0,12636744.0,4741296.5,8348030.0,10639805.0,18184976.0,21115836.0
臺北市中正區中華路二段７５巷１８號三樓,25.03351302,121.506737,42000020.0,38100720.0,16910058.0,25583176.0,37303332.0,61303696.0,85778310.0
臺北市大安區大安路一段２０４號八樓之１,25.03477332,121.5458995,18380008.0,15709564.0,6373034.0,9568216.0,13964862.0,20266116.0,23656508.0
臺北市信義區信義路五段１２７號八樓之６,25.033964,121.573943,29100000.0,23051410.0,10759682.0,15021569.0,19521470.0,33092000.0,33633324.0
臺北市士林區中山北路六段２７７巷１８弄３號四樓,25.11002999,121.524177,18500014.0,14632259.0,8494166.0,11051499.0,15379790.0,25687322.0,34803172.0
臺北市內湖區東湖路１１３巷４９弄２９號二樓之３,25.06984199,121.615149,23580016.0,25612128.0,10874808.0,16534508.0,25651092.0,38407532.0,51413980.0
臺北市萬華區環河南路二段１９８巷１０號三樓,25.03445099,121.492847,10349991.0,12559875.0,6227112.5,10810100.0,11708453.0,22224420.0,23078818.0
臺北市北投區尊賢街２３９巷２６弄１號,25.116072,121.506546,2124999.2,2595341.2,575663.25,1307712.5,3145476.8,6205492.0,14526700.0
臺北市松山區健康路１８５巷６號九樓,25.05438199,121.56157,35000016.0,27860306.0,12198644.0,18444100.0,28256164.0,45911020.0,61805724.0
臺北市南港區重陽路１３４號四樓,25.05691998,121.600256,19580014.0,15930710.0,7834242.5,11022890.0,14393734.0,20892012.0,21927698.0
臺北市信義區基隆路一段３５０號五樓之４５,25.03701301,121.5617294,11999996.0,9993533.0,4561669.5,6456673.5,8764928.0,13548743.0,19208776.0
臺北市信義區松仁路１５０號六樓,25.030928,121.56801,142999920.0,73287000.0,22618580.0,44172244.0,62331830.0,117240130.0,161165680.0
臺北市內湖區康寧路三段７５巷１８６弄２２號,25.07652798,121.613634,45000012.0,33932628.0,15268372.0,26837644.0,40885384.0,72090536.0,111651970.0
臺北市北投區溫泉路１３９之１２號,25.13995799,121.512059,3050000.5,6775408.0,3320581.5,4298746.5,5798509.0,9504608.0,14313355.0
臺北市大安區浦城街４巷８號五樓,25.02428198,121.526454,35588028.0,32657658.0,13484600.0,21253742.0,23439126.0,39216108.0,40956412.0
臺北市中山區民權東路二段１５２巷５弄１２號二樓,25.061316,121.534199,26499996.0,19827942.0,10321485.0,13646910.0,18662368.0,28946052.0,33408464.0
臺北市文山區保儀路９號七樓之１,24.98867398,121.568653,33979972.0,34582624.0,17277324.0,27281708.0,30646220.0,54141096.0,61359964.0
臺北市南港區東明街１２７號十樓,25.05503699,121.599807,46800016.0,44412000.0,18308806.0,31499310.0,43850316.0,83799410.0,105364530.0
臺北市內湖區成功路五段４０８號四樓之１,25.0759542,121.607603,32500012.0,24655336.0,10138698.0,16055289.0,21299844.0,36230320.0,44031010.0
臺北市松山區南京東路五段２５０巷１８弄１６號,25.05009699,121.566953,13920000.0,12445102.0,5769780.5,8712857.0,11606174.0,18042772.0,24559404.0
臺北市文山區興隆路四段９６巷３弄２號三樓,24.98304101,121.561392,16500011.0,17428450.0,10637837.0,14273225.0,19475800.0,29972182.0,40916436.0
臺北市中正區重慶南路三段１２９號八樓,25.02388699,121.517001,20500002.0,21867012.0,11073316.0,15708726.0,18928942.0,31472526.0,43594216.0
臺北市中山區長春路２８號十三樓之２,25.05483482,121.5247678,28500004.0,27530996.0,13138857.0,17975070.0,19457382.0,35191732.0,35321856.0
臺北市松山區南京東路五段２５０巷２弄１３之１號,25.05083502,121.566802,15000010.0,16953010.0,8034893.0,11543894.0,14219098.0,23244128.0,27743856.0
臺北市中正區同安街６６號四樓,25.02312599,121.520884,22200016.0,20972100.0,9772745.0,13230520.0,17626426.0,29467686.0,36809220.0
臺北市信義區吳興街４３２巷１２２之３號二樓,25.02287198,121.567836,15800014.0,14402797.0,7112169.0,9154066.0,12670968.0,22577632.0,27966468.0
臺北市中山區新生北路三段１號十二樓之２,25.06288702,121.527991,8500000.0,8896879.0,3195050.5,6283330.5,7355295.5,12571691.0,18157942.0
臺北市文山區辛亥路四段７７巷９２弄９號十四樓之１,25.00877882,121.5612194,9349992.0,11050255.0,5135489.5,8395686.0,9825526.0,14061296.0,16225159.0
臺北市中山區敬業三路１６２巷９４號八樓,25.07801698,121.559323,34000004.0,30182550.0,12391359.0,19425640.0,27009470.0,45377004.0,53273460.0
臺北市信義區信義路六段２１號五樓,25.0345253,121.5756302,27499980.0,22465560.0,10854334.0,15536466.0,20050766.0,33892010.0,46194736.0
臺北市內湖區瑞光路１１２巷５６弄２號,25.07118799,121.579843,54000012.0,34851864.0,15689891.0,22079328.0,30932626.0,49924228.0,57204468.0
臺北市松山區南京東路四段１５８巷６號,25.05085299,121.556483,9999996.0,10033814.0,5481035.0,6110899.0,9700207.0,15194088.0,26528620.0
臺北市士林區中山北路七段１４巷５弄２號五樓,25.11902201,121.531467,6000000.0,9513604.0,6095021.0,7720025.0,10935398.0,17261250.0,39646070.0
臺北市內湖區金湖路３２６巷４７號二樓之１,25.07391601,121.603868,25880002.0,19946326.0,7835012.0,12270822.0,15319128.0,26316952.0,28028948.0
臺北市信義區吳興街５２４巷２１號二樓之８,25.021976,121.568155,16099999.0,18459938.0,8390756.0,14452523.0,14988884.0,23757388.0,25302540.0
臺北市內湖區民權東路六段２９６巷４８號十樓之１,25.07111599,121.607754,58000004.0,50081496.0,16713210.0,32520412.0,45539144.0,74138440.0,98725520.0
臺北市士林區福壽街５８號,25.096838,121.525512,16199987.0,14091742.0,7940799.0,12924652.0,14520661.0,25791500.0,33829876.0
臺北市松山區八德路三段１６５號十一樓之６,25.048187,121.555411,36780024.0,25910676.0,12111704.0,17110792.0,22151714.0,31493602.0,39111530.0
臺北市信義區虎林街７０巷１７號,25.04418402,121.576358,25050004.0,20339538.0,9553755.0,13474599.0,18894170.0,27169748.0,32112676.0
臺北市文山區萬安街３７巷１７弄１號四樓,25.00063601,121.571643,15009998.0,15077025.0,8840195.0,11590446.0,14872410.0,25009044.0,32536046.0
臺北市松山區民生東路五段２０２號,25.058419,121.564395,7500001.0,8125451.5,2327083.2,5557567.0,5952683.5,12510432.0,17329636.0
臺北市文山區指南路二段４５巷６弄９號四樓,24.98856699,121.57558,12680010.0,10939821.0,6888291.0,8833201.0,10789213.0,17772602.0,20348464.0
臺北市北投區天母西路１１７巷５９號三樓之３,25.12172002,121.524611,8109999.0,12315770.0,5284675.0,7684942.0,10142586.0,16538072.0,21089390.0
臺北市大同區敦煌路８８巷２號,25.07570999,121.51717,30680026.0,31844608.0,12483282.0,19769522.0,26575112.0,47633030.0,55367640.0
臺北市文山區萬安街４４巷６號,24.99962599,121.570406,11100002.0,14063442.0,7131336.0,10389787.0,12685937.0,22643098.0,26032088.0
臺北市萬華區國興路８４號,25.02668298,121.506147,26880012.0,29862734.0,12604440.0,18246300.0,26082784.0,45511356.0,56087976.0
臺北市北投區磺港路１４０號,25.12922124,121.5029866,15781371.0,19317088.0,12740740.0,19317824.0,20815960.0,33269902.0,38083936.0
臺北市中正區開封街一段４８號,25.04589699,121.512038,14649992.0,16518747.0,7723913.0,11887210.0,14331713.0,25222504.0,29785882.0
臺北市松山區八德路四段２４５巷２７號五樓,25.05036399,121.56454,36999976.0,27029104.0,11581054.0,17690554.0,26243318.0,42167056.0,50469960.0
臺北市內湖區文湖街２１巷１１８弄８號七樓,25.0911011,121.5597397,23880004.0,25167192.0,13965368.0,19072602.0,22803328.0,39104668.0,47322696.0
臺北市南港區東明街４６號三樓,25.05554401,121.603831,7000002.5,5324600.0,3530290.2,4370124.5,6822664.0,10195167.0,21050328.0
臺北市北投區光明路１５１巷８號八樓之２,25.13526798,121.502045,37999988.0,43652040.0,16452903.0,25610224.0,35889524.0,57643012.0,72654984.0
臺北市中山區市民大道三段１６９號七樓之５,25.04481069,121.5406476,15000010.0,17068614.0,8488319.0,13104444.0,16413629.0,27674832.0,39346470.0
臺北市中正區信義路二段２５９號,25.03388199,121.531611,27800004.0,17816520.0,8101279.5,13358931.0,15920291.0,26700352.0,29942298.0
臺北市內湖區內湖路二段１０３巷１１９弄２號五樓,25.08447901,121.581102,22979986.0,21765648.0,10930122.0,15466777.0,19868184.0,33520162.0,49947090.0
臺北市內湖區康寧路一段１６１之２號,25.07902499,121.594753,37500010.0,32323268.0,13044818.0,20410540.0,28864788.0,50642084.0,62326124.0
臺北市內湖區新豐街８８號三樓,25.06057969,121.5838239,31680006.0,27848990.0,10250660.0,17879498.0,23044772.0,30763820.0,37016424.0
臺北市松山區八德路四段４４５號十樓之１３,25.04992001,121.570422,10879995.0,14048241.0,4849962.0,8607531.0,11218536.0,17282004.0,20019582.0
臺北市大安區安和路二段９０號二樓之２,25.02885121,121.5503384,84999976.0,54035868.0,23335860.0,40334670.0,67441784.0,126174360.0,138034640.0
臺北市中山區林森北路８５巷３３號七樓之７,25.04959801,121.526134,9299996.0,10378913.0,4632684.0,7132506.0,9643904.0,15816266.0,17528628.0
臺北市大同區興城街７０號五樓之８,25.05928498,121.51738,34000004.0,26505052.0,12152731.0,18303812.0,22103136.0,36644252.0,39091020.0
臺北市中山區民權東路二段１５２巷２２弄１５號四樓,25.06080001,121.5355,13395290.0,14160772.0,8332853.5,10917267.0,14287879.0,23962726.0,28765254.0
臺北市北投區長壽路２７之２號六樓,25.14279501,121.503604,14300011.0,18546826.0,9789834.0,12861231.0,17557840.0,29177142.0,33747964.0
臺北市松山區光復南路６６巷６６號四樓,25.04508599,121.554842,10999996.0,10297456.0,5931043.0,7435286.5,9075054.0,14836456.0,33668240.0
臺北市信義區基隆路一段３８０巷３２號十二樓之１,25.03461809,121.5585991,28580024.0,23272740.0,13584297.0,16265874.0,20694980.0,40657844.0,45947812.0
臺北市萬華區環河南路二段１４９巷１號九樓,25.033603,121.493094,13000010.0,12461682.0,7612589.0,8598047.0,9690444.0,17132836.0,23917976.0
臺北市文山區忠順街一段１０巷９號十樓,24.98339598,121.558528,26600010.0,32651056.0,14241354.0,21640304.0,34111924.0,52936068.0,80705860.0
臺北市內湖區康寧路三段７０巷１０號七樓之１,25.06925002,121.61153,28800004.0,23302944.0,10935836.0,16477839.0,21070172.0,35556816.0,43627736.0
臺北市信義區虎林街１２０巷１７５號四樓,25.04234901,121.573714,25380020.0,15554079.0,9953015.0,15430711.0,16790020.0,26616708.0,28446402.0
臺北市內湖區大湖山莊街２３巷１３號二樓,25.08486479,121.6028618,15000010.0,13292745.0,6435029.0,9042760.0,11070170.0,19920208.0,21018634.0
臺北市文山區辛亥路五段７１之１號,24.99820798,121.553286,14080002.0,15950807.0,8317808.0,12694433.0,15130666.0,25693594.0,30946140.0
臺北市信義區松山路６５６巷１９號四樓,25.03114999,121.577951,15530008.0,12658600.0,7870517.0,11214086.0,12644798.0,20640580.0,22000214.0
臺北市信義區忠孝東路五段７０３巷１弄３８之１號三樓,25.04259099,121.57887,26720016.0,23345742.0,14489204.0,15247244.0,20333216.0,31192424.0,46484376.0
臺北市萬華區青年路１７８巷１４號五樓之２,25.02036998,121.502462,4949998.0,6173693.5,2591922.8,4229449.5,5189646.5,8442246.0,14108551.0
臺北市信義區吳興街６００巷７６弄３號七樓,25.01863602,121.570698,33879984.0,29205426.0,13490208.0,20800006.0,26804086.0,45418220.0,47425344.0
臺北市中正區羅斯福路三段１３８號十五樓,25.02031299,121.528308,124500000.0,105465260.0,51839864.0,66819508.0,80881840.0,159816350.0,180028030.0
臺北市北投區溫泉路６５巷１６號四樓之１８,25.13604402,121.504374,8700004.0,8929588.0,4824189.5,6532558.5,8809174.0,13393476.0,18551956.0
臺北市萬華區西寧南路１０８號七樓之２,25.041808,121.505868,26149980.0,20683300.0,11448576.0,16937982.0,17687922.0,30160164.0,33200678.0
臺北市文山區木柵路一段３７８巷１號三樓,24.98801001,121.557702,7900003.0,16299695.0,8595883.0,11066116.0,15420795.0,25495494.0,26619704.0
臺北市萬華區大理街１０５號,25.03453431,121.4979549,24999980.0,23148428.0,11130425.0,17059436.0,19423936.0,37090984.0,37627324.0
臺北市中山區德惠街１２號四樓之１,25.06656198,121.523756,23150018.0,23458806.0,11038438.0,16279966.0,18264440.0,25380504.0,30128024.0
臺北市大安區青田街６巷１３號,25.02826402,121.531069,26350000.0,14420444.0,6604465.0,9326268.0,12593242.0,21423624.0,27257156.0
臺北市士林區後街２１巷１９號二樓,25.09855499,121.524821,16800016.0,18356326.0,9555577.0,14461595.0,16937594.0,29434262.0,47352132.0
臺北市內湖區安泰街１２５巷２３號,25.07716371,121.6171363,12760000.0,14885096.0,6681736.0,10198124.0,13102795.0,21992328.0,25820984.0
臺北市內湖區新明路４９１號,25.05422202,121.579708,52950004.0,10464766.0,3670350.5,8037223.0,8859548.0,12845492.0,13356536.0
臺北市文山區辛亥路四段１６６巷７號三樓,25.00439399,121.555811,12500008.0,13539986.0,6645057.0,9491565.0,11997181.0,18310342.0,18598156.0
臺北市松山區東興路２巷７號二樓,25.05067798,121.564883,27499980.0,17018518.0,8116614.5,11208440.0,16414537.0,25448610.0,26272616.0
臺北市中山區新生北路二段１３７巷３９號三樓,25.06133498,121.529133,12500008.0,13613737.0,6322697.0,9372901.0,12631732.0,20996196.0,23925778.0
臺北市中山區伊通街８７巷１０號,25.05278201,121.535706,22999982.0,15813732.0,7605673.5,11765628.0,16060312.0,25285268.0,25550064.0
臺北市大安區潮州街１５２號,25.02839498,121.528871,38500020.0,25359502.0,10701433.0,15750158.0,19758288.0,35261476.0,40324824.0
臺北市中山區新生北路三段１號八樓之１５,25.06288702,121.527991,8599999.0,8614347.0,3159396.2,5700984.0,7930779.0,12273911.0,24507274.0
臺北市文山區興隆路一段５５巷１３號四樓,25.00402841,121.5416332,15090000.0,15088590.0,9057536.0,11965142.0,15232419.0,25055020.0,31073660.0
臺北市士林區小西街２７之７號五樓,25.08956301,121.523233,15000010.0,19199874.0,9803979.0,13824799.0,18382428.0,30827138.0,41805730.0
臺北市文山區仙岩路１６巷９３號七樓,24.99589382,121.5509853,25280012.0,24152234.0,11680994.0,17443814.0,24720602.0,40174584.0,53997024.0
臺北市松山區八德路四段１０４號七樓之１,25.04839001,121.560899,4499998.0,10587758.0,5516169.0,7777866.0,11816545.0,19485720.0,35522584.0
臺北市內湖區成功路五段４２０巷１７號十一樓之１,25.07526902,121.608359,35379976.0,29943840.0,11809650.0,19585542.0,26756276.0,48291224.0,68040264.0
臺北市北投區泉源路４９之２號二樓,25.1413426,121.5109215,3000001.0,6035875.5,2402895.5,2654370.5,4807462.5,8533277.0,14236438.0
臺北市中山區松江路６９巷６號三樓之２,25.04927099,121.533715,30500028.0,23278868.0,9697506.0,14826018.0,19545352.0,32965566.0,39303420.0
臺北市萬華區中華路二段４１６巷５號十二樓之３,25.02703699,121.504718,17800012.0,22325920.0,11906543.0,16790404.0,22193412.0,34851264.0,50394830.0
臺北市大同區南京西路８０號七樓,25.05289411,121.5182324,59999984.0,36389470.0,16071803.0,24999886.0,34233156.0,55020868.0,67803960.0
臺北市松山區民權東路三段１２５巷２號六樓,25.06238578,121.5458616,12500008.0,11041596.0,5998890.0,7967181.5,10952536.0,18425288.0,30916936.0
臺北市大安區光復南路２７８號,25.03971399,121.557041,48000030.0,32318398.0,14186374.0,19322984.0,28068482.0,49766788.0,62565410.0
臺北市中山區新生北路二段１２９之２號三樓,25.0599114,121.5280178,20979982.0,19637762.0,9428179.0,12409808.0,17109944.0,28167592.0,41450180.0
臺北市北投區光明路２２６號十樓之２,25.13600102,121.505464,13800008.0,14939564.0,8045451.5,9908899.0,13118249.0,23386878.0,25041740.0
臺北市士林區中山北路六段４１９巷２１號四樓,25.11436301,121.526145,18999984.0,19521432.0,10654082.0,14846024.0,19862576.0,32623416.0,44653480.0
臺北市北投區公路１５３號三樓,25.1323027,121.5026806,13550010.0,14688604.0,10605260.0,13219371.0,14238801.0,22098962.0,22461876.0
臺北市文山區福興路３９號四樓,25.00297799,121.55082,15279996.0,13773975.0,7700025.0,10419634.0,12708872.0,21092930.0,25878966.0
臺北市大安區溫州街７９號三樓之２,25.01998601,121.533052,41880028.0,36800024.0,13405462.0,20713462.0,32859412.0,50082930.0,68196696.0
臺北市文山區景福街１９７號,24.99467501,121.53783,25600016.0,19188892.0,8951791.0,13087609.0,17791866.0,28539332.0,29398018.0
臺北市大安區敦化南路一段１７９號七樓,25.04296902,121.54931,100000024.0,93113610.0,56852910.0,59705224.0,90125640.0,149097970.0,169833780.0
臺北市大同區迪化街二段２７０號二樓之２,25.07068902,121.511583,10999996.0,11161144.0,6009672.5,8428594.0,10747190.0,16998632.0,23677996.0
臺北市大安區光復南路３４６巷２２號,25.03851701,121.556843,61659950.0,33249982.0,15685761.0,20733146.0,29780600.0,43448532.0,46414210.0
臺北市萬華區漢口街二段５１號七樓之１１,25.04586798,121.506388,12449993.0,17588510.0,8626136.0,12668262.0,14959410.0,22837584.0,25403266.0
臺北市士林區中山北路七段２１６巷３號二樓,25.12591,121.533344,67499950.0,44207470.0,22427628.0,28433004.0,44318410.0,79626216.0,83183290.0
臺北市萬華區康定路１０３號十二樓之１３,25.039507,121.502048,11500007.0,14228078.0,7216967.0,11350581.0,14215138.0,22926224.0,24582366.0
臺北市文山區汀州路四段２８９號九樓,25.00148295,121.5355503,17081412.0,36767050.0,16630247.0,26457774.0,35067440.0,58839370.0,74537570.0
臺北市中山區中山北路二段１１５巷３弄２１號,25.06127602,121.524144,9999996.0,13531466.0,7062854.5,9500331.0,11747711.0,20159134.0,23700632.0
臺北市內湖區文德路７３號六樓之１,25.07865401,121.582178,65300028.0,55800936.0,16735093.0,31993522.0,48583350.0,86177950.0,116777940.0
臺北市文山區木新路二段１１１巷１２弄２８號四樓,24.983299,121.56931,16419986.0,18287796.0,10827289.0,13827384.0,18646854.0,29259120.0,33343530.0
臺北市中山區天祥路８０號八樓之３,25.06396598,121.520529,15300002.0,13976640.0,6169014.5,9504572.0,12073830.0,19596828.0,21043544.0
臺北市大安區和平東路一段１２１號七樓之３,25.02691281,121.5273116,4847322.0,15972270.0,7024833.5,11703496.0,16085879.0,23816732.0,28291216.0
臺北市大安區安和路一段２１巷１５號,25.03953701,121.551054,49999988.0,41443460.0,17831784.0,22540586.0,36864304.0,51513510.0,60863764.0
臺北市信義區吳興街３６３之４號,25.0257471,121.566575,16999994.0,13841738.0,6219148.0,10308854.0,12714424.0,21575804.0,23767858.0
臺北市中山區吉林路１４４巷７號,25.05611499,121.529813,31999990.0,24900616.0,10958638.0,16055350.0,21616046.0,35965452.0,46833144.0
臺北市信義區莊敬路３７６號二樓,25.02747901,121.565077,20749998.0,21581276.0,10461054.0,15349048.0,20477062.0,33202326.0,46723224.0
臺北市內湖區民權東路六段２８０巷６９弄２號,25.06926598,121.608464,22580002.0,17697134.0,7628170.5,11497858.0,14051671.0,24065968.0,29241824.0
臺北市中山區合江街６１巷８號五樓,25.05715501,121.539589,15410005.0,14883364.0,7545032.0,9933234.0,13681416.0,22096224.0,32583058.0
臺北市大安區和平東路三段１２號十樓,25.02451198,121.547114,11999996.0,8596973.0,2974007.5,5478944.5,7764444.5,12856179.0,24133170.0
臺北市內湖區文德路１０１巷３弄１２號三樓,25.07911099,121.583828,20500002.0,17065912.0,8837515.0,11185759.0,14310871.0,24163200.0,31754234.0
臺北市北投區永興路一段２之１８號三樓,25.13895669,121.4998551,14199990.0,15434773.0,7096877.0,11338096.0,14062825.0,22505574.0,22673912.0
臺北市文山區木柵路二段１０９巷２７弄３號三樓,24.99022698,121.563059,16659995.0,17588074.0,10763992.0,11988718.0,16047757.0,27054688.0,34276736.0
臺北市信義區忠孝東路五段４７３號十五樓,25.04101201,121.577173,69499980.0,63811084.0,25249844.0,37367850.0,58051800.0,68904570.0,93183610.0
臺北市內湖區文德路７０號十四樓,25.07821299,121.581415,67880050.0,69460220.0,24409774.0,47611870.0,65308250.0,106992350.0,149421940.0
臺北市士林區士商路５號十一樓,25.08975999,121.5211,45880030.0,38150896.0,18153718.0,27957988.0,36148320.0,59768804.0,67528670.0
臺北市文山區光輝路１１２巷５弄６號十樓,24.984585,121.557433,13800008.0,23750366.0,11825067.0,16491862.0,22763350.0,32751538.0,41272440.0
臺北市大安區泰順街４４巷２號二樓之１,25.02362698,121.531075,22999982.0,23078950.0,11434086.0,15581010.0,21504356.0,32677160.0,44986452.0
臺北市松山區敦化北路４巷３１號三樓之２,25.0500866,121.5455173,16800016.0,14795650.0,6893469.0,10730824.0,12384672.0,19894274.0,34154504.0
臺北市文山區萬芳路６０之１８號三樓,24.998643,121.568348,22999982.0,21215590.0,10486005.0,14954104.0,17310046.0,29149052.0,34090590.0
臺北市大安區復興南路一段１３７號十六樓,25.04239,121.544031,45899984.0,45095296.0,19652376.0,27049786.0,41149896.0,50953484.0,70886430.0
臺北市信義區永吉路２７８巷４８弄１８號四樓,25.0437609,121.5734643,16600014.0,14586727.0,7772542.0,10445104.0,12567950.0,19344040.0,24763404.0
臺北市萬華區中華路二段４１６巷１３號十一樓之３,25.02694999,121.504242,19600004.0,21232836.0,12670268.0,17370836.0,22417362.0,35772456.0,49244156.0
臺北市大安區師大路１０５巷１８號三樓之３,25.02240201,121.529096,30500028.0,19990812.0,10309169.0,15912610.0,19031538.0,29398074.0,41247730.0
臺北市北投區泉源路４８號三樓,25.14094198,121.50911,9000001.0,10880929.0,4578947.0,6254967.5,9114744.0,15016298.0,16513455.0
臺北市大安區和平東路一段５９號,25.02714901,121.524533,32999976.0,21693200.0,10071913.0,14309370.0,18847954.0,32999914.0,39494820.0
臺北市北投區光明路２４０之２號,25.13633001,121.50782,6900000.5,5996150.5,3238628.0,4878235.5,6695501.5,10264179.0,12173936.0
臺北市內湖區新明路４２８巷１之２號,25.05455302,121.57951,21200016.0,23826774.0,9594678.0,16209754.0,19069510.0,32588962.0,32652240.0
臺北市北投區致遠一路二段４５巷２號四樓,25.11184002,121.513474,17579990.0,13953201.0,9244570.0,11879005.0,15817262.0,26298736.0,35675016.0
臺北市信義區松智路３２巷８弄８號三樓,25.029757,121.564582,110000030.0,67489656.0,21010536.0,41547776.0,69210420.0,131142780.0,141033390.0
臺北市士林區中山北路七段２２３之２號二樓,25.12699898,121.532864,40000028.0,40430180.0,17881442.0,24952438.0,36807324.0,74167576.0,78879020.0
臺北市北投區光明路６８號十四樓之８,25.1327677,121.5002257,9500005.0,11761904.0,4870546.5,9165632.0,10616918.0,17364278.0,23298724.0
臺北市中山區松江路１２４巷１３號四樓,25.05263398,121.53174,16800016.0,15110968.0,8515262.0,9839630.0,12405051.0,21251270.0,27785744.0
臺北市信義區吳興街３６４巷６號,25.02528098,121.566258,6000000.0,7557058.0,3194200.5,4012818.5,6820829.0,10686788.0,19419936.0
臺北市大同區寧夏路２０號,25.05483201,121.514826,16500011.0,18997158.0,9650216.0,13746443.0,16202274.0,27763972.0,33478566.0
臺北市大同區大龍街９１巷７號五樓之３,25.06735998,121.516517,11999996.0,14409776.0,6545074.0,10053507.0,12828280.0,21625120.0,28021090.0
臺北市信義區和平東路三段３４１巷３６之１號,25.02168502,121.558068,26799996.0,16570942.0,7781123.0,10468479.0,15904175.0,24945586.0,26358596.0
臺北市北投區溫泉路３７巷２８號五樓,25.13384301,121.503422,8200004.0,11675648.0,5057453.0,7898308.0,10616027.0,17439888.0,25084764.0
臺北市中山區建國北路二段２２０號,25.060834,121.536567,60999972.0,88442990.0,27635376.0,53955228.0,72441740.0,147296000.0,165008700.0
臺北市南港區玉成街２３５巷３號,25.043304,121.585509,19499996.0,17850808.0,9003212.0,11112861.0,14380892.0,24443460.0,25979906.0
臺北市內湖區民權東路六段２１０巷２１弄５號,25.06686,121.597946,12949994.0,14476442.0,6433924.5,11708989.0,12779510.0,20068480.0,20504616.0
臺北市萬華區桂林路６號,25.03752401,121.505877,37060012.0,29820160.0,12988113.0,21595936.0,27660848.0,48887690.0,55682710.0
臺北市松山區八德路三段１２巷５１弄３２號,25.046058,121.55177,2799999.0,3022737.5,1316165.4,1495669.8,4411878.5,7829186.0,22391380.0
臺北市士林區忠義街９１巷１６號五樓,25.106149,121.533035,18880012.0,21650954.0,12220138.0,13683556.0,19564858.0,29835066.0,41737770.0
臺北市內湖區內湖路一段６５９號十八樓之２,25.08025738,121.5753352,40079988.0,32677596.0,15085022.0,24986680.0,27246138.0,43846970.0,55083660.0
臺北市內湖區陽光街９２巷１８弄５號五樓,25.07583899,121.585489,13800008.0,12300628.0,7093101.5,8505815.0,11228704.0,17653274.0,28300716.0
臺北市中山區伊通街１０６巷１６號,25.05390602,121.533818,22000004.0,11411688.0,5411478.5,7881626.0,10272895.0,17309286.0,19745028.0
臺北市大安區杭州南路二段８９號四樓,25.02871002,121.521952,9000001.0,10556361.0,6438399.0,7988035.0,8863030.0,13998090.0,24848474.0
臺北市北投區公路２２８巷１１１號六樓,25.1782,121.563,28999988.0,31145458.0,4998894.0,8907576.0,10738523.0,18913892.0,57220730.0
臺北市信義區信義路五段１５０巷３３０號二樓之２,25.02272014,121.5792499,10850008.0,10158307.0,4684365.5,6704095.5,8895810.0,14343198.0,14627097.0
臺北市北投區稻香路１５０巷８號五樓,25.14297099,121.489298,11500007.0,16128460.0,12023342.0,12251551.0,15327780.0,29181928.0,30969700.0
臺北市萬華區中華路二段４１６巷８０號十二樓,25.02731359,121.5034581,38900016.0,43097588.0,22124394.0,34308852.0,45790336.0,69015450.0,88537680.0
臺北市信義區吳興街６００巷１００弄５７號五樓,25.01765198,121.572548,13099996.0,12360696.0,8417060.0,9635410.0,12364138.0,21403898.0,22374646.0
臺北市中正區和平西路二段２２號三樓之１,25.02812199,121.513477,19550012.0,18309680.0,9233767.0,12839858.0,17322002.0,30488222.0,46819300.0
臺北市中山區德惠街１２號四樓之７,25.06656198,121.523756,19350018.0,23629766.0,11086355.0,16079438.0,18049966.0,22448598.0,29759022.0
臺北市大同區雙連街４３之３號,25.05899002,121.519037,15000010.0,10789295.0,6371454.0,8085780.5,10766682.0,17118726.0,27327380.0
臺北市萬華區和平西路三段３８４號六樓之１４,25.03533202,121.491281,4179999.5,3848927.2,1730641.2,2134051.0,3994377.0,7018063.5,11430161.0
臺北市信義區中坡南路１２巷５號,25.04335002,121.582203,35500028.0,21681246.0,11435372.0,15538482.0,20240892.0,31846064.0,42131764.0
臺北市文山區木新路三段３５２巷１號二樓,24.98063301,121.554639,13000010.0,18348380.0,9572013.0,11110191.0,16384009.0,25518894.0,26972816.0
臺北市信義區信義路五段１２７號十六樓之１４,25.033964,121.573943,32299972.0,21208146.0,9461560.0,13518052.0,18837640.0,29414340.0,29937786.0
臺北市信義區忠孝東路五段３４５巷１號四樓,25.04135701,121.574151,31199980.0,30003124.0,12576632.0,18845654.0,25223370.0,39238330.0,43101696.0
臺北市南港區園區街８號十三樓之２,25.05977398,121.613515,29799976.0,23899142.0,11641270.0,17156086.0,20581610.0,38105150.0,45565030.0
臺北市內湖區康寧路三段１８９巷１５９弄２７號,25.07524098,121.611731,35379976.0,30525636.0,14596552.0,20459494.0,30381004.0,51528156.0,67961270.0
臺北市南港區研究院路三段７號,25.03557002,121.61736,19580014.0,22546864.0,12066602.0,17144834.0,19498472.0,36201308.0,38203030.0
臺北市北投區稻香路２５３號二樓,25.14398145,121.4881325,27449988.0,28138972.0,17040476.0,19724928.0,26649422.0,43974190.0,52962428.0
臺北市文山區木新路二段７９巷６弄７號,24.98461702,121.570829,15379995.0,17041126.0,9536532.0,12133785.0,15729563.0,25442494.0,29590920.0
臺北市北投區新民路６２巷１５弄１號四樓之２,25.13935002,121.5110127,13499990.0,12921867.0,9546305.0,11395462.0,11640338.0,18783892.0,21993082.0
臺北市北投區尊賢街２１８巷７號七樓,25.1157718,121.5082141,7450000.0,28061952.0,15114744.0,19939632.0,22945912.0,35903012.0,52981016.0
臺北市士林區至誠路二段１７號四樓,25.10211399,121.530017,20000004.0,18823022.0,9522028.0,13346095.0,19328588.0,32157052.0,39403400.0
臺北市南港區重陽路１９號十樓,25.05540675,121.5959429,18500014.0,15410622.0,8285403.5,12849903.0,13983974.0,18960668.0,22790936.0
臺北市中山區松江路２８７、２８９、２９１、２９３號地下層,25.06045698,121.533468,5200000.5,9762424.0,3028624.0,3766244.5,6150094.0,11669192.0,18457648.0
臺北市北投區實踐街６巷８號,25.11431699,121.507964,11999996.0,15623536.0,7583178.0,10935315.0,15676549.0,24360148.0,25849220.0
臺北市中山區新生北路三段６１號八樓之１８,25.06597902,121.528078,9799997.0,7940632.5,3861030.0,6260941.5,8124506.0,12401550.0,16589917.0
臺北市北投區復興三路６３號,25.14547802,121.503482,15500001.0,23122174.0,13858196.0,17865318.0,23820368.0,41547616.0,49114896.0
臺北市士林區社中街８４號三樓,25.08914999,121.510666,13000010.0,11360522.0,6173187.0,8839369.0,10507668.0,16592006.0,18349920.0
臺北市內湖區康樂街６１巷７９弄７號四樓,25.07115602,121.620262,9999996.0,12283443.0,6222589.0,8807352.0,12044458.0,20320112.0,24339200.0
臺北市內湖區民權東路六段４７巷１６弄８號三樓,25.06988201,121.587398,9999996.0,14525038.0,7462657.5,9463834.0,12041266.0,20214810.0,24178920.0
臺北市中正區同安街７２巷１４號二樓,25.022537,121.519216,24000004.0,22494372.0,10322470.0,13873614.0,20601916.0,33604212.0,43195520.0
臺北市士林區延平北路五段２１８號三樓,25.083981,121.510113,20090004.0,18510426.0,9944684.0,15721764.0,20748890.0,36748330.0,37690390.0
臺北市信義區信義路五段１５０巷４６３號三樓之４,25.02219685,121.5781223,6200002.5,5865707.5,2234008.5,2541259.8,5174583.0,8517227.0,12380397.0
臺北市士林區中正路６３４號四樓,25.08673898,121.508322,10749999.0,13933096.0,8410335.0,10704393.0,11947446.0,20270254.0,25462448.0
臺北市萬華區長泰街２８２巷１１弄１３號,25.02143,121.493132,7700003.0,11734028.0,6548227.0,9262131.0,10927038.0,18413484.0,19176964.0
臺北市士林區中山北路七段１９０巷２４之２號四樓,25.12579199,121.534979,18000012.0,28695604.0,15025122.0,17312754.0,26572374.0,43865210.0,57981092.0
臺北市北投區知行路５巷１號,25.1182795,121.4663603,11500007.0,21660248.0,10194001.0,16472151.0,19094696.0,30682190.0,32817072.0
臺北市內湖區內湖路三段３４３巷３弄１號五樓,25.08874402,121.58422,14300011.0,14684654.0,8112459.0,10114092.0,13100846.0,20740780.0,21075356.0
臺北市中正區重慶南路三段６５巷４弄１４號三樓,25.02633601,121.516892,17700004.0,17009270.0,9330449.0,12365270.0,16150686.0,26379168.0,33552656.0
臺北市信義區信義路五段１５０巷３３０號七樓之５,25.02272014,121.5792499,11999996.0,11346209.0,5600055.0,7917040.5,10287209.0,17049840.0,17175240.0
臺北市萬華區康定路１０５號十四樓之１,25.0392682,121.5020232,14849989.0,20974820.0,10215294.0,15037163.0,18562328.0,29433028.0,37850900.0
臺北市文山區福興路６２號八樓之３,25.00376401,121.55025,19900004.0,16515629.0,9661192.0,12191502.0,14603513.0,26398696.0,30911452.0
臺北市士林區雨聲街８３巷６號,25.104416,121.52872,20300006.0,17354808.0,8895555.0,12004277.0,16471931.0,26885548.0,32248694.0
臺北市北投區明德路２８９巷８號,25.114858,121.521607,18999984.0,15667462.0,8511462.0,11078830.0,14670124.0,25041930.0,28579370.0
臺北市士林區承德路四段２９７巷２１號,25.09034102,121.519001,12479997.0,10998360.0,4969438.0,8115995.5,9705038.0,15322167.0,19984598.0
臺北市中正區羅斯福路三段１３６號十六樓之１,25.02037799,121.528236,131050020.0,98939480.0,32155456.0,59452496.0,77842080.0,145386000.0,178514300.0
臺北市北投區公路２０９巷２５之１號四樓,25.1323027,121.5026806,19700000.0,21615924.0,15663339.0,20010650.0,21194032.0,29149774.0,32449282.0
臺北市中山區新生北路三段９３巷２３號,25.06787702,121.528746,12199993.0,14974768.0,7118195.0,10450843.0,13606624.0,21399204.0,22811464.0
臺北市內湖區陽光街１０１號二樓,25.07526399,121.58597,27499980.0,25210624.0,10356528.0,17604686.0,18737054.0,32537040.0,32956574.0
臺北市松山區南京東路五段３２８號八樓之３,25.051056,121.568634,19279984.0,19469634.0,8634021.0,13176828.0,17353682.0,27891410.0,28495328.0
臺北市文山區木柵路一段３３５巷１１弄９號二樓,24.9889254,121.5567703,14000013.0,15797694.0,7964105.0,10461373.0,14581080.0,22106552.0,24022904.0
臺北市中正區齊東街７０巷１７號四樓之２,25.04287099,121.527785,21699988.0,19851138.0,9914136.0,14557682.0,16796490.0,22490254.0,25289368.0
臺北市信義區吳興街１１８巷１６弄４號七樓,25.03009001,121.560693,35800030.0,28675798.0,12927241.0,18590602.0,25735038.0,41611776.0,46131784.0
臺北市大同區延平北路三段５號八樓之１,25.063545,121.511289,26679988.0,29741660.0,13461216.0,20702600.0,24891214.0,39269476.0,44238260.0
臺北市中山區南京東路三段１１８號十二樓之１,25.05162899,121.540316,19600004.0,17616746.0,9637836.0,11271985.0,13703615.0,25092946.0,27645182.0
臺北市內湖區陽光街９２巷６號三樓,25.07517799,121.58545,14799996.0,10635930.0,5514675.0,7551748.5,9780241.0,15489391.0,20506690.0
臺北市信義區忠孝東路五段２３８號十二樓,25.04078801,121.572094,30500028.0,23559156.0,12551398.0,15281366.0,21470096.0,32800300.0,38233724.0
臺北市大安區和平東路一段１９９巷４之３號,25.02680402,121.5341,24000004.0,15796519.0,8733430.0,12267405.0,15210325.0,23819776.0,41508016.0
臺北市中正區杭州南路一段７９號十樓之２,25.03920102,121.525557,37999988.0,30696180.0,12264457.0,22386256.0,31111200.0,45837960.0,58847560.0
臺北市中山區雙城街４３巷７號七樓之８,25.06755301,121.524802,5480000.0,3277829.0,1551829.5,2138906.2,4571726.0,8253936.0,18740842.0
臺北市中正區辛亥路一段３３號五樓,25.01944802,121.528361,21475992.0,17932538.0,10676010.0,13671400.0,17493792.0,28909968.0,40951804.0
臺北市萬華區西園路二段３７２巷２３弄８號二樓,25.02667799,121.490584,7659998.0,7387732.0,4030922.5,6026230.0,6501501.5,10515968.0,12707830.0
臺北市信義區吳興街２８４巷５９弄１號,25.02233902,121.563498,25999984.0,29229000.0,11175779.0,17428782.0,24349324.0,35158924.0,43970164.0
臺北市內湖區陽光街８０之２號,25.07585102,121.585999,27999986.0,22541316.0,11516008.0,17004534.0,23082780.0,40373696.0,60142520.0
臺北市文山區木新路二段３號五樓,24.98759498,121.570825,15523196.0,12950142.0,7665062.5,11777798.0,12991954.0,21396468.0,32523762.0
臺北市大安區安和路一段１８號八樓,25.03864702,121.550434,57430000.0,57997572.0,25857454.0,37893664.0,52072644.0,64752324.0,81466310.0
臺北市大安區金山南路二段２號九樓之３,25.03375999,121.527004,45999988.0,29744042.0,11924065.0,19439948.0,28762730.0,44723376.0,72177350.0
臺北市中山區林森北路１０７巷４３號三樓之４,25.05010202,121.526454,8679998.0,6859577.5,2977594.5,3836365.0,6669214.0,10400513.0,14957869.0
臺北市士林區劍潭路５５巷１７弄１３號四樓,25.08418833,121.5206328,19300000.0,18201216.0,9055550.0,12117134.0,16566012.0,26432202.0,29455548.0
臺北市士林區基河路４０號,25.08381102,121.524231,2200000.5,3760796.0,1196319.9,2228839.5,4685947.0,8707225.0,14889696.0
臺北市萬華區萬大路４８６巷７９弄１３號三樓,25.02063301,121.494593,7999997.0,9599200.0,6112916.0,9033779.0,9445044.0,14315321.0,15684864.0
臺北市大安區建國南路二段６７號,25.03124299,121.538123,424330050.0,319434780.0,130646700.0,148965500.0,412093000.0,485165200.0,485165200.0
臺北市士林區天母東路１０５巷９弄８號三樓,25.11910422,121.5361452,31879976.0,40596010.0,16923450.0,23362714.0,33154610.0,52503884.0,72259590.0
臺北市內湖區康樂街６１巷７７弄１號四樓,25.07089501,121.619931,16600014.0,12951921.0,8895759.0,11885532.0,15626933.0,25741028.0,35706670.0
臺北市北投區天母北路１０５巷１５弄１號八樓之２,25.124068,121.527441,7800001.5,8095734.0,3765235.2,5253264.5,7667489.5,13041832.0,19246880.0
臺北市大安區復興南路一段１２８號九樓之４,25.04282369,121.5436157,18400002.0,16332465.0,7477796.5,10620118.0,13728128.0,21620088.0,31851896.0
臺北市文山區興德路２２號,25.001081,121.556276,11880002.0,13516092.0,6738028.0,11662494.0,12771030.0,20539022.0,25042360.0
臺北市北投區中和街４１０號二樓,25.14376899,121.498081,14499987.0,16670675.0,9705537.0,12518714.0,16637893.0,28269532.0,32455100.0
臺北市大同區民權西路１５３號五樓之１,25.06314501,121.516434,15500001.0,14932812.0,7404477.0,12368997.0,13671973.0,21396836.0,22419330.0
臺北市內湖區大湖山莊街２０６號八樓,25.0882424,121.5985366,8599999.0,8446555.0,3278129.2,5169078.5,8084470.0,12683252.0,16729699.0
臺北市北投區大業路５２２號十四樓,25.13469801,121.496611,32500012.0,41924624.0,20166672.0,31550660.0,37724336.0,59171030.0,59759456.0
臺北市中山區中山北路三段３９號七樓之１,25.06603799,121.522533,5200000.5,5399694.0,1947791.6,2651764.5,5170321.0,9058625.0,13332254.0
臺北市松山區民權東路三段１９１巷８９號三樓,25.06473598,121.545648,20599992.0,16826216.0,8600622.0,11929957.0,17671534.0,28625960.0,31126394.0
臺北市萬華區長泰街２９７巷２０號二樓,25.02060602,121.492962,11679992.0,14528002.0,7256914.0,11093462.0,12022883.0,20097784.0,21953560.0
臺北市文山區汀州路四段２８３號十二樓,25.00148295,121.5355503,53200050.0,56462256.0,21545166.0,38603184.0,48488556.0,84919280.0,106414760.0
臺北市士林區承德路四段４０巷７３號六樓之２,25.08145,121.521128,5000000.0,6668393.5,2900375.5,4491744.0,5371281.5,9183832.0,16861844.0
臺北市大安區羅斯福路三段２８３巷３６號二樓之１,25.01943498,121.531804,2500000.8,4099276.2,1804148.0,2089787.0,5277256.5,9702446.0,27892260.0
臺北市文山區辛亥路四段７７巷９２弄１１號十樓之９,25.00875748,121.561276,10149998.0,10411827.0,5029421.5,7298070.0,9403593.0,15610161.0,15690340.0
臺北市大同區南京西路２５０巷９號,25.05332,121.515552,3949999.0,7225451.0,3069671.2,4673914.5,6629656.5,10706843.0,17027772.0
臺北市中正區忠孝西路一段５０號,25.04622799,121.515827,13660009.0,11180726.0,4115720.8,8129792.0,8883330.0,17508648.0,17745334.0
臺北市士林區福德路３１巷１１號七樓之１１,25.09175899,121.524003,9500005.0,11672486.0,5713350.0,8191476.5,9670318.0,16868568.0,21647196.0
臺北市松山區光復北路１８４號三樓,25.05405279,121.5559977,45000012.0,36880972.0,15335558.0,23490908.0,35904244.0,55477476.0,72831330.0
臺北市士林區基河路２３８號,25.09103161,121.5215466,8599999.0,8395975.0,3431533.8,5304362.0,8589458.0,14030674.0,24029548.0
臺北市南港區東新街１２２號四樓,25.04644319,121.5885523,32680028.0,23111768.0,11080394.0,16215537.0,20055660.0,33414518.0,34580184.0
臺北市中山區樂群二路１７８號四樓,25.07958071,121.5579856,32680028.0,25435120.0,11406640.0,17654958.0,22424376.0,41240810.0,45519864.0
臺北市信義區虎林街７０巷３１號,25.04423599,121.575982,15000010.0,15280287.0,7788168.0,9907879.0,12363194.0,19348246.0,26437042.0
臺北市北投區泉源路５２號十二樓,25.14089299,121.509467,21000000.0,25210288.0,12517162.0,16264261.0,22042300.0,39228530.0,42196344.0
臺北市中正區水源路２１之２號,25.01672599,121.525226,4800000.0,20512126.0,9516726.0,13074660.0,16293572.0,29107106.0,35576216.0
臺北市大安區復興南路二段１５１巷３０弄５號,25.0279582,121.5455296,25200000.0,20290136.0,9952768.0,13719359.0,17618358.0,30042980.0,36582588.0
臺北市信義區忠孝東路五段４７１號十一樓之１,25.04101901,121.577089,24940020.0,33200616.0,19013034.0,21749380.0,27187062.0,38710316.0,42355436.0
臺北市文山區羅斯福路六段４０７號九樓之９,24.99167999,121.54064,13600008.0,11840211.0,6542684.0,10198046.0,13465915.0,20691940.0,29976470.0
臺北市大同區五原路１９號五樓之５,25.056692,121.517333,11579994.0,11728345.0,5067185.5,7664865.0,10426950.0,15987968.0,18847342.0
臺北市內湖區金湖路４０１巷３５號四樓,25.07244302,121.603881,35000016.0,21400836.0,9899530.0,14016926.0,20470580.0,32547592.0,34794476.0
臺北市南港區南港路二段２１２巷４號,25.05404801,121.598886,17500000.0,14061430.0,6940952.5,9887943.0,12154215.0,19688054.0,21607556.0
臺北市內湖區內湖路三段６０巷１２弄１４號三樓,25.08826901,121.591796,15600012.0,13657300.0,7269673.0,9605024.0,12835181.0,18810172.0,20068404.0
臺北市信義區信義路五段１５０巷４２６弄１１號二樓,25.02231687,121.578447,18749996.0,15272857.0,8286020.0,10527869.0,13693008.0,21089512.0,23423574.0
臺北市松山區敦化北路１４５巷２３弄３號,25.05321502,121.550395,27780022.0,19599856.0,9270154.0,14446267.0,15339829.0,29284356.0,29465606.0
臺北市信義區吳興街１５６巷２弄３２號三樓,25.029232,121.560919,21500010.0,15586331.0,7830418.0,10947168.0,15793808.0,24964958.0,26292066.0
臺北市中山區雙城街４３巷１號四樓之１,25.06755498,121.524483,10349991.0,7509469.5,3241715.0,5277528.5,6111091.0,9913285.0,17359972.0
臺北市中山區朱崙街８７號七樓,25.05003601,121.543235,76800020.0,54082060.0,19701878.0,30217456.0,56235050.0,96796800.0,130689820.0
臺北市士林區後港街１３４巷２號三樓,25.08708876,121.5212273,1978234.8,16076402.0,8637331.0,12800538.0,14762640.0,24052568.0,32830094.0
臺北市北投區中央北路四段１３８巷１號二樓,25.13373401,121.475892,11799991.0,12207744.0,8241760.0,9801960.0,11439059.0,20104800.0,20152252.0
臺北市中山區中山北路二段７７巷１２號二樓,25.05738602,121.524161,25609978.0,27517138.0,12275972.0,17392652.0,20324220.0,24929652.0,31844668.0
臺北市內湖區東湖路１１３巷９５弄５１號三樓,25.07134,121.615041,31999990.0,28777932.0,11997387.0,18226020.0,29105774.0,45022076.0,57173924.0
臺北市中正區晉江街１６９號三樓,25.02139299,121.526653,20800006.0,15190147.0,7369703.5,10652496.0,15114687.0,23894858.0,24432458.0
臺北市士林區承德路四段４０巷２號三樓之６,25.08078402,121.522128,6099999.0,7168292.5,3325823.5,4585161.0,5702865.0,9498229.0,15396373.0
臺北市北投區中山路４７號十二樓之１１,25.13876298,121.511686,2629999.5,5502477.0,3019893.5,4093350.0,5348774.5,9559041.0,13232640.0
臺北市士林區中山北路六段４４１巷３０號八樓之２,25.11660999,121.526995,106600030.0,132292420.0,54487730.0,60589948.0,85725320.0,152469620.0,176521060.0
臺北市北投區中山路２８之１２號,25.1374,121.510205,2249999.5,6243620.0,2627527.5,4539285.5,6053983.0,9674967.0,15052917.0
臺北市北投區實踐街２８號,25.115001,121.508423,24999980.0,13006334.0,6962658.0,9374671.0,14172040.0,23441004.0,24813000.0
臺北市內湖區金湖路３６３巷２５弄１５號二樓之２,25.07372599,121.601492,22799980.0,21104480.0,9246580.0,13418892.0,16164184.0,27972068.0,28364212.0
臺北市信義區忠孝東路五段７１巷３弄１３號二樓,25.04164501,121.567947,29999978.0,18100438.0,9246104.0,13058933.0,18221224.0,29966636.0,33980428.0
臺北市北投區石牌路一段７１巷３弄９號二樓,25.11365981,121.5107586,22680010.0,23021400.0,10734510.0,14500318.0,21213810.0,34835980.0,37340276.0
臺北市大同區鄭州路１０１號十五樓之２,25.05020901,121.511606,61999948.0,36006772.0,18271652.0,27703616.0,31815404.0,51325896.0,58398628.0
臺北市士林區社中街１５２巷３２之１號,25.09029601,121.510674,9380001.0,9001306.0,3563989.8,4529582.0,7395655.0,12386751.0,16008931.0
臺北市信義區莊敬路４４１號三樓,25.02716699,121.567132,18179982.0,14224170.0,6602172.5,9760208.0,13954026.0,21898524.0,24735364.0
臺北市北投區光明路２６４號,25.13657099,121.509778,5000000.0,6685318.5,3790964.8,5196114.0,6960368.0,11659358.0,13376549.0
臺北市士林區福國路１５巷２２號,25.10075101,121.524436,22999982.0,24172742.0,10466482.0,15745952.0,20822750.0,35093400.0,36458736.0
臺北市北投區幽雅路７號八樓之３,25.13729598,121.513111,13000010.0,13113796.0,10035077.0,11573944.0,11791194.0,14194954.0,21877650.0
臺北市信義區松隆路１２號,25.04310799,121.566674,45000012.0,15520177.0,8764627.0,10829044.0,15431800.0,28435444.0,28504462.0
臺北市北投區大興街２３巷７號三樓,25.13008499,121.497998,20599992.0,16937916.0,9612061.0,12309641.0,15971539.0,26299992.0,29031976.0
臺北市松山區塔悠路１９５號四樓之７,25.05741502,121.569572,11299991.0,11525325.0,4601553.0,7160121.0,10018897.0,16067083.0,20474328.0
臺北市中山區復興南路一段３４號,25.04629102,121.543684,23300012.0,20313756.0,10398688.0,13846755.0,16490573.0,29762202.0,43410012.0
臺北市大安區溫州街７４巷３弄２號,25.01962802,121.532395,12680010.0,8115833.0,3184503.8,5414994.0,7022415.0,11204913.0,21546810.0
臺北市信義區虎林街２３２巷６６弄２號四樓,25.03582399,121.575692,17300012.0,10986598.0,6315116.0,8588049.0,11757059.0,18372368.0,27094762.0
臺北市內湖區康寧路三段９９巷１７弄９３號,25.07644802,121.611908,23800020.0,28252500.0,12407275.0,17920810.0,24883904.0,42403290.0,50695624.0
臺北市中山區吉林路２２巷２３號三樓,25.05113199,121.528689,44379988.0,31650654.0,12678729.0,20170596.0,27813742.0,51404760.0,60231490.0
臺北市松山區八德路二段３４８號二樓之９,25.04773199,121.545319,16300006.0,13541613.0,6009724.0,8170154.0,12905462.0,19218596.0,30764876.0
臺北市松山區新東街３０巷２２號三樓,25.05962298,121.566727,11999996.0,17667692.0,10311646.0,14468492.0,20785728.0,33539796.0,40720240.0
臺北市萬華區康定路９７號八樓,25.03964601,121.502094,9550002.0,9321146.0,4448708.0,6383392.5,9211673.0,15213430.0,23833910.0
臺北市大安區潮州街６０巷１０弄１３號三樓,25.028232,121.523233,35060016.0,24794740.0,12093467.0,16324679.0,23550396.0,32706404.0,45442570.0
臺北市中正區臨沂街３２巷２號,25.039623,121.529612,16679995.0,14243609.0,5668672.0,9686711.0,11958594.0,19438946.0,24237144.0
臺北市文山區汀州路四段２５３號十二樓,25.00190469,121.5362838,40800010.0,36978530.0,15104052.0,25686930.0,35093400.0,55392256.0,64222570.0
臺北市北投區吉利街１７號三樓,25.118165,121.504448,18500014.0,15585290.0,7586664.5,10065172.0,15589780.0,22951514.0,24130270.0
臺北市大安區忠孝東路三段２１７巷５弄２３之５號,25.04325199,121.538581,58000004.0,33854084.0,12636407.0,20010192.0,28509900.0,52128790.0,68374610.0
臺北市大安區信義路四段５３巷２８號六樓,25.03425912,121.5450225,7659998.0,16676336.0,8034717.0,12362558.0,15524144.0,22340318.0,32675540.0
臺北市中山區松江路１５６巷９號,25.05451098,121.532078,36499996.0,27486660.0,11759100.0,15137710.0,23375462.0,42740184.0,45174150.0
臺北市中山區民生東路二段８３號四樓之５６,25.058123,121.530731,11230010.0,8935142.0,4402140.5,6048506.5,8364980.5,13113120.0,26296530.0
臺北市文山區木柵路三段８５巷８弄３號四樓之２,24.989568,121.56727,25560008.0,30942422.0,14327613.0,21147636.0,24913348.0,44101360.0,60528268.0
臺北市北投區溫泉路２０號五樓,25.13372001,121.502992,10800002.0,12092936.0,6288000.0,8326006.0,11634744.0,18601136.0,28064040.0
