土地位置建物門牌,緯度,經度,actual_price,pred_mean,pred_0.1,pred_0.25,pred_0.5,pred_0.75,pred_0.9
臺北市大安區仁愛路四段４０８巷９號三樓,25.0371800153689,121.557020014877,28879986.0,28245926.0,16186706.0,22364704.0,32867748.0,33829812.0,45338590.0
臺北市信義區永吉路３５４號十四樓之１,25.0450199865946,121.576610031341,37999988.0,25214760.0,10737663.0,17427452.0,23955596.0,31270756.0,36830076.0
臺北市士林區重慶北路四段２０６號二樓,25.0853700074765,121.511629997525,43799990.0,51888630.0,32034676.0,37302050.0,62654016.0,92776600.0,102844680.0
臺北市文山區政大二街１７１巷１９號,24.98942701,121.585248,33360006.0,36319990.0,16333182.0,30598968.0,38400790.0,45899290.0,65570108.0
臺北市北投區尊賢街２１８巷２３弄６號二樓,25.116069985142,121.508709993916,17980008.0,19502080.0,13676772.0,18229046.0,20938446.0,25089644.0,27659792.0
臺北市松山區民生東路五段２２８之１號三樓,25.058919989997,121.565769967421,32999976.0,25830344.0,12744774.0,21763986.0,25176508.0,30467702.0,36702376.0
臺北市內湖區東湖路１０６巷７弄１５號,25.06820001,121.614307,18500014.0,15263917.0,51.65059,19671014.0,25404962.0,28666010.0,86390420.0
臺北市南港區昆陽街１７７號,25.04827992,121.5940283,116000060.0,149315400.0,41385164.0,47867830.0,121142750.0,161212720.0,201055000.0
臺北市中山區南京東路一段１０６號十樓,25.051900020359,121.526369993354,185260130.0,332932160.0,3302529.5,47451310.0,184766800.0,191637740.0,256913540.0
臺北市南港區研究院路二段１８２巷７８弄１０號,25.036344,121.613827,7000002.5,13067754.0,7793696.0,11068502.0,13297360.0,17639038.0,22073940.0
臺北市松山區撫遠街３７４號五樓,25.0636900053656,121.565729985743,24499984.0,17139700.0,13079648.0,15484812.0,16193160.0,19215372.0,25318132.0
臺北市大同區南京西路６１號十樓之２,25.05307998,121.51913,9500005.0,8564755.0,6491749.5,7473248.0,7937422.5,12954762.0,13898087.0
臺北市士林區中山北路六段４０５巷８９號四樓,25.1173421281906,121.526021122086,65999984.0,58869788.0,34478956.0,43336384.0,64650510.0,86466090.0,108618380.0
臺北市大安區溫州街７０號,25.01998999,121.53284,31999990.0,26041474.0,20588324.0,25464438.0,28028520.0,34575500.0,40827176.0
臺北市信義區和平東路三段１６９號十一樓之３,25.02407001,121.55321,11600000.0,13231152.0,8834970.0,9827457.0,11146125.0,15514021.0,18105342.0
臺北市北投區三合街一段８２巷１０３號,25.12904509,121.5039318,19800014.0,22784330.0,13135149.0,17292326.0,23887156.0,27084996.0,37078604.0
臺北市大安區建國南路二段２０１號十二樓,25.0269999844148,121.53807004054,90000060.0,84167680.0,28105126.0,36792510.0,62675530.0,68147800.0,107113020.0
臺北市萬華區桂林路２４２巷４８弄１３號,25.0362600176764,121.493919958125,9799997.0,6858838.5,3808024.0,3965852.2,8231046.0,12617886.0,14333298.0
臺北市士林區福志路１０８號三樓,25.09863999,121.52816,17380016.0,16425373.0,11756184.0,11851282.0,14859764.0,16651831.0,22853576.0
臺北市南港區成福路１９４巷６號三樓之５,25.0406899792332,121.587940017501,15700009.0,15135746.0,9109356.0,11977655.0,17092428.0,18432318.0,26040532.0
臺北市內湖區成功路五段４５０巷７號十樓,25.0743900076833,121.607270027328,39000012.0,32256690.0,18475858.0,25318180.0,33614984.0,35974644.0,48972616.0
臺北市北投區吉利街１３０號,25.1185200154402,121.507239975737,28200008.0,25149486.0,10975309.0,16630882.0,21927698.0,23761964.0,31260678.0
臺北市士林區中山北路七段２１９巷８號二樓之１２,25.1274200040509,121.532509988887,5399997.5,9556890.0,5373684.5,7179684.0,9662906.0,13522462.0,16411344.0
臺北市士林區環河北路三段１２７號十三樓,25.08529,121.50612,20749998.0,23954820.0,14865689.0,18945702.0,27841714.0,37266990.0,38808270.0
臺北市松山區民族東路６６８巷２弄１號三樓,25.0649287860334,121.545688131318,16999994.0,16171770.0,12468410.0,13006210.0,16485352.0,18697712.0,23343204.0
臺北市內湖區文德路６６巷１０弄１５號,25.0778599898693,121.580820009848,30500028.0,28929164.0,16532238.0,21415412.0,29501090.0,30493108.0,40114172.0
臺北市信義區吳興街６００巷６０號三樓之７,25.0197599898184,121.570280018062,16079990.0,13542310.0,9437949.0,9591623.0,13977600.0,17515628.0,22467960.0
臺北市中山區龍江路２７１巷９之１號,25.05957399,121.541719,27199976.0,24577492.0,13430108.0,18124690.0,21481154.0,25074240.0,34505336.0
臺北市中山區林森北路２６３號八樓之１１,25.05458998,121.52556,7200000.5,6036785.0,3883353.0,4289704.0,5634920.0,9003126.0,10919870.0
臺北市文山區景興路３００號十樓之１０,24.9888600199431,121.542059994089,20879980.0,27635430.0,16547444.0,22337590.0,29687024.0,31557160.0,44126600.0
臺北市大同區五原路１９號十三樓之７,25.0566800101924,121.517309994212,18279984.0,19435870.0,13859226.0,15987388.0,19278072.0,21120144.0,30738540.0
臺北市士林區克強路１５巷５號十一樓,25.1085499930701,121.524260016868,51199960.0,38848484.0,31237314.0,40100630.0,44525908.0,57083704.0,68207880.0
臺北市中正區臨沂街２９巷１６號四樓之１,25.0398299959674,121.530690026251,12559994.0,12100020.0,8642992.0,10045840.0,10643500.0,13655294.0,18457120.0
臺北市中山區植福路２８６巷３６號五樓,25.0811099890066,121.559310034644,236470020.0,296182080.0,9104041.0,56716550.0,189987980.0,195298980.0,267685400.0
臺北市內湖區南京東路六段１５０號七樓之２,25.0552200083878,121.57895000725,24799990.0,18555602.0,11074584.0,13758483.0,21513792.0,25238432.0,30532042.0
臺北市大安區建國南路一段１７５巷１９號十三樓,25.0410599983488,121.538619977207,24379996.0,19072964.0,16511124.0,19791858.0,19849852.0,25093712.0,30239654.0
臺北市松山區敦化北路１４５巷２３弄５號六樓,25.0530299847261,121.550350031606,34100020.0,27625364.0,13939847.0,20772848.0,31365496.0,31968756.0,45427492.0
臺北市中山區民生東路一段５４號,25.05792401,121.524959,19580014.0,22752844.0,13928818.0,19087922.0,20855424.0,22807722.0,36175080.0
臺北市文山區福興路４巷６弄２９號二樓,25.0041699851883,121.552299997561,10700004.0,16685849.0,13163766.0,14532714.0,17913462.0,19138924.0,24848664.0
臺北市南港區成福路７４巷８號二樓之３,25.0439800019581,121.586270007112,24999980.0,19635328.0,13990670.0,16308682.0,24410844.0,25616428.0,33268316.0
臺北市士林區天母北路５６號十九樓之２,25.1212999993569,121.526560011099,69499980.0,51865870.0,13149261.0,47279664.0,77210530.0,77746220.0,90639710.0
臺北市信義區永吉路２２５巷３之２號,25.04552399,121.567454,21960010.0,20063198.0,16307438.0,18500754.0,19007270.0,24758446.0,30010680.0
臺北市大同區民權西路１６０巷２６弄１號十七樓,25.06161255,121.51549,42999960.0,49481324.0,13909464.0,42642876.0,64611436.0,68820770.0,88418370.0
臺北市萬華區青年路３０巷１０號,25.025939,121.504005,18200002.0,21931546.0,18906138.0,26180124.0,27969402.0,33021698.0,35777300.0
臺北市士林區延平北路五段２１３巷３０號,25.083658,121.509051,6500001.0,10991754.0,6935751.5,7857820.0,12993366.0,21532636.0,21829882.0
臺北市北投區清江路１７７巷９號五樓,25.12814001,121.50223,2000000.4,2449930.8,2201205.2,2669849.5,3777269.2,7111579.0,7975825.5
臺北市大同區歸綏街１４２號十樓之１,25.0582299917276,121.514440030565,16679995.0,17048050.0,12182600.0,14572128.0,17438424.0,19800128.0,27717832.0
臺北市內湖區南京東路六段１４８號,25.05519302,121.57886,21500010.0,15761457.0,11144127.0,12713527.0,19755878.0,21310694.0,25589716.0
臺北市中山區建國北路三段８０巷１號八樓,25.06567999,121.53567,25800012.0,22396208.0,11768276.0,20234098.0,24382368.0,27791364.0,34679260.0
臺北市內湖區康樂街１８６巷２弄６號五樓,25.0759199983794,121.620170027772,9080006.0,10201898.0,7203524.0,8295990.5,9410195.0,13251280.0,15928401.0
臺北市文山區辛亥路四段７７巷１０８號三樓,25.0091907033205,121.560140777204,17800012.0,31455962.0,17244764.0,20609776.0,26893858.0,29775716.0,44008004.0
臺北市大安區潮州街６０巷７號,25.02816679,121.5237759,20500002.0,18792136.0,12103159.0,12659614.0,16972066.0,22838978.0,29095116.0
臺北市中正區忠孝東路一段８６號六樓之３,25.0443299883252,121.524430001864,18999984.0,26963556.0,15163486.0,20926988.0,25331174.0,30310622.0,41706096.0
臺北市信義區吳興街６００巷６０之５號,25.01982,121.57028,20000004.0,15408770.0,8384828.0,10655890.0,17958106.0,20768252.0,25981046.0
臺北市中山區德惠街５２號九樓之５,25.0665699853872,121.527189994942,4679998.5,5771327.0,5226206.0,6116257.0,6118503.0,9624701.0,10124611.0
臺北市松山區塔悠路３２３號,25.061467,121.568938,9600005.0,8610643.0,6771435.5,7887431.0,8873441.0,12782752.0,14915477.0
臺北市大安區信義路三段１５６號十一樓之８,25.03318,121.54099,14879986.0,15060528.0,9722583.0,10635017.0,12990219.0,19119186.0,23302944.0
臺北市大安區瑞安街２４４巷４７號三樓,25.02802002,121.5386,24999980.0,24252498.0,14040232.0,17636144.0,22591590.0,26715072.0,33570900.0
臺北市信義區吳興街１５６巷３７號三樓,25.0281999795829,121.560209999587,19800014.0,16625585.0,12166136.0,14023879.0,15647453.0,17610564.0,23182052.0
臺北市中山區市民大道三段１６７號九樓,25.0447699963324,121.540759960907,59999984.0,63973530.0,32685638.0,46751480.0,56149096.0,88259650.0,98836880.0
臺北市中山區民權東路二段１３５巷２９弄８號二樓,25.06410001,121.53566,19449998.0,20111818.0,10005186.0,16377885.0,20510522.0,22530828.0,29996716.0
臺北市北投區溫泉路７１號七樓之２５,25.1356400107665,121.504809978187,4349999.5,5698521.5,5280705.0,5587470.5,5787896.0,8985816.0,10116484.0
臺北市內湖區民權東路六段１３６巷４０弄２號二樓,25.0671099894993,121.587550007546,17500000.0,15829455.0,12136887.0,12671838.0,15242795.0,17579956.0,23252730.0
臺北市信義區吳興街２８４巷２７弄１號三樓,25.0231000105958,121.563590002043,15679988.0,14912348.0,12488688.0,13034546.0,14784310.0,17489722.0,22709228.0
臺北市文山區景美街１５５號,24.98929198,121.54161,3000001.0,6816856.0,7320816.0,7938883.5,8079490.5,10898189.0,12716049.0
臺北市大同區民權西路１２２號十四樓之２,25.0627299840854,121.516770032009,10499994.0,11573458.0,8084500.5,9812754.0,10236788.0,13333170.0,17103516.0
臺北市士林區芝玉路二段８９巷２號,25.1126300101693,121.534960019186,23300012.0,17874008.0,11957887.0,14715861.0,18073840.0,21129090.0,27169800.0
臺北市松山區南京東路三段３３５巷５號六樓之３,25.0522699975652,121.547500016888,8980008.0,7850629.0,6836100.0,6993877.0,8006698.0,10214846.0,13627350.0
臺北市士林區天玉街３８巷１２號,25.120552,121.529355,19300000.0,22348798.0,18501426.0,20991150.0,25040212.0,28632512.0,35256296.0
臺北市中山區新生北路二段３８號十六樓之７,25.0546600134367,121.527269958298,21050008.0,17070892.0,9736761.0,14590456.0,17626022.0,22768604.0,28762018.0
臺北市內湖區成功路五段４５２號五樓之１,25.0744499802005,121.606840035695,47000036.0,39007156.0,18776228.0,27666230.0,38519336.0,41421412.0,58848236.0
臺北市中山區吉林路１２之３號二樓之１,25.0501599791693,121.52993003909,23800020.0,21685298.0,14552768.0,15372135.0,22302426.0,25590886.0,33954380.0
臺北市南港區重陽路４１號,25.05548999,121.59597,22999982.0,19574152.0,13474034.0,15569157.0,22615560.0,24649036.0,32354108.0
臺北市大安區仁愛路四段２６６巷１５弄１６號五樓,25.036540015152,121.553879986309,35999972.0,38546680.0,23404772.0,28017188.0,37463764.0,42873104.0,53380160.0
臺北市大安區羅斯福路三段５７號,25.02319728,121.5256458,43979976.0,37440476.0,22647072.0,26883704.0,39049364.0,44942456.0,59657070.0
臺北市文山區福興路８２巷３弄７號,25.006499986633,121.550859986595,3000001.0,14595828.0,11093272.0,11279470.0,14991858.0,18378080.0,22521848.0
臺北市士林區忠誠路二段１０８號,25.11338501,121.531184,48999990.0,38050320.0,26087112.0,36124884.0,36126332.0,46704956.0,62076624.0
臺北市信義區松高路８６號三樓,25.0389099982748,121.57159002571,101999970.0,52512796.0,27771440.0,35444010.0,50420890.0,57478440.0,85565890.0
臺北市南港區八德路四段８９５號,25.050962,121.580744,3600001.5,10685789.0,7894994.5,9415941.0,11232495.0,14529416.0,16536905.0
臺北市內湖區陽光街１６１巷１２之８號二樓,25.0745200110015,121.585129984461,15000010.0,14844807.0,10026429.0,12139966.0,17115624.0,18345020.0,25393140.0
臺北市大同區民權西路２６８號十二樓之７,25.0627400004597,121.512010033015,35369990.0,30139058.0,14075384.0,20219746.0,30444174.0,32864990.0,47251896.0
臺北市中正區寧波西街１８２巷３號四樓,25.0284500117546,121.511969967518,25500016.0,19745028.0,16531040.0,19516630.0,25575808.0,29869228.0,36435796.0
臺北市信義區吳興街１１８巷３５弄１６號,25.0288900197618,121.560010007378,41500020.0,33284690.0,20262832.0,25186592.0,29771400.0,33645580.0,51484930.0
臺北市松山區敦化北路２２２巷２２號,25.05950689,121.5476651,36669980.0,37284836.0,22321704.0,31158768.0,33714188.0,38364776.0,56993080.0
臺北市中山區雙城街２８巷１６號三樓之４,25.0657400093347,121.523280004749,6600000.5,6526811.0,5004651.5,5272689.0,6480615.0,10206180.0,11235495.0
臺北市中山區新生北路二段６８巷１３號四樓之３,25.0565500068742,121.526349960606,13249991.0,12851986.0,8936932.0,9346996.0,13451180.0,15752832.0,20810840.0
臺北市北投區溫泉路７３巷６號九樓之３,25.1355900127141,121.50611001137,9999996.0,17137380.0,10735984.0,14036135.0,17631268.0,20127246.0,27791098.0
臺北市士林區葫蘆街７１號五樓,25.0804399815763,121.508689961167,12399988.0,12437580.0,9284665.0,10674707.0,12719785.0,15527934.0,19239282.0
臺北市北投區豐年路二段８０號二樓,25.13590999,121.49552,9999996.0,7949376.5,4811444.0,4997640.5,7858584.0,10471894.0,13962758.0
臺北市內湖區民權東路六段１５０之１號十四樓之１６,25.068799990727,121.589620002354,10100000.0,10570908.0,7954396.5,8217853.0,10740899.0,14458092.0,17378194.0
臺北市大安區和平東路二段９６巷１０弄１４號,25.023566,121.54039,26299992.0,17191234.0,14490365.0,15466512.0,17133000.0,21144086.0,25504832.0
臺北市內湖區民權東路六段２９６巷３１弄４號五樓,25.0717399851753,121.606280040744,19499996.0,19837626.0,12777121.0,17529298.0,18417874.0,20061898.0,27722116.0
臺北市士林區福港街１７４號四樓,25.0867199968019,121.517690029702,19880012.0,18242714.0,15578128.0,18320228.0,20021950.0,23514488.0,29182428.0
臺北市大同區延平北路四段２３５巷３之２號四樓之１,25.0759199983794,121.512580002431,9000001.0,11648400.0,8442576.0,8704104.0,12462704.0,14016899.0,18663648.0
臺北市文山區指南路三段２６號,24.9831079,121.579933,8880002.0,8202851.0,6175548.0,6184790.0,8319394.5,11980146.0,12040002.0
臺北市士林區中山北路七段１１４巷４１弄１９號七樓之１,25.1248700195574,121.535130004182,28999988.0,31377464.0,15095009.0,26511068.0,27238188.0,34596148.0,46803676.0
臺北市士林區承德路四段１２巷５號二樓,25.0807199790518,121.519730017297,6550000.5,12078875.0,8954574.0,10298929.0,11912858.0,14989771.0,18600746.0
臺北市文山區羅斯福路五段２４８號,25.00114898,121.539027,18300008.0,17055922.0,14718022.0,17140158.0,18707094.0,23125570.0,26096668.0
臺北市松山區八德路三段１５８巷２０弄４０號四樓,25.0475099985709,121.554190032908,10399997.0,7058202.0,5982613.0,6898579.0,7397955.0,11339199.0,13020258.0
臺北市信義區光復南路４１９巷１５１號,25.03651001,121.56045,22499994.0,22639556.0,14170229.0,16250214.0,23607962.0,25946134.0,34002860.0
臺北市松山區南京東路五段２３０號十五樓之７,25.0511399912886,121.565729985743,19679982.0,18020004.0,13435770.0,16063130.0,17400714.0,23635312.0,27700128.0
臺北市中山區農安街１１９號,25.06492298,121.529665,20675016.0,19148600.0,8420737.0,10242139.0,17500800.0,21324884.0,27406512.0
臺北市內湖區港華街１７之１號二樓,25.0824899855454,121.577149993543,17880010.0,18838538.0,14037688.0,16983562.0,17534448.0,18794250.0,25331270.0
臺北市大安區泰順街１０號四樓,25.025619987876,121.531450013412,26730008.0,27610456.0,17181892.0,26064134.0,26674798.0,29767312.0,40714730.0
臺北市萬華區環河南路二段１２５巷１５弄６號三樓,25.0340699940147,121.494169990297,7999997.0,13664413.0,11143914.0,12387862.0,15162127.0,17226814.0,21557498.0
臺北市文山區興隆路二段１０號七樓,24.9999986464029,121.556568579963,61250050.0,56345744.0,28954280.0,35899520.0,59168890.0,78680380.0,102805064.0
臺北市萬華區東園街７３巷４２號五樓,25.0263399933587,121.497710003284,8099997.0,8990033.0,6186925.5,6344738.0,7619460.0,11216631.0,13864568.0
臺北市中正區羅斯福路二段１９８號九樓之２,25.0248299935017,121.5238399997,14099996.0,11711312.0,8216458.5,9726256.0,10101849.0,14661313.0,17014786.0
臺北市士林區重慶北路四段８１號四樓之８,25.0816400186539,121.512199966941,11749997.0,10834746.0,8288043.0,8403753.0,12025337.0,15431505.0,18712910.0
臺北市北投區大業路５２９號二樓之６,25.1352999988642,121.49604996736,5800002.0,8294179.0,5218471.5,5549680.5,7474894.5,9804784.0,13225020.0
臺北市內湖區安泰街１２５巷２６號五樓,25.0772399804915,121.616909970351,10800002.0,9930393.0,7008673.0,8061480.5,10263553.0,13154981.0,16605556.0
臺北市中山區敬業三路１６２巷９８號四樓,25.0777500192997,121.559350016322,28500004.0,29289718.0,18032726.0,21587164.0,27082930.0,30267582.0,42477600.0
臺北市中山區新生北路二段１３７巷８號六樓之１,25.061240016977,121.52810001817,15000010.0,17075842.0,12465414.0,12482187.0,14655470.0,16957634.0,25438272.0
臺北市大安區忠孝東路四段２０８號三樓,25.0412299833452,121.552420026414,51680028.0,42198356.0,374836.75,17011346.0,34553744.0,56847490.0,56899884.0
臺北市萬華區開封街二段５９號,25.04706299,121.505353,7330002.5,7135077.5,6138497.5,6521242.0,6978792.5,10462610.0,11957636.0
臺北市北投區行義路１０巷７號二樓之１,25.1245600148684,121.526550036635,17849990.0,17430576.0,10864463.0,13510551.0,21058078.0,24214272.0,30104816.0
臺北市南港區昆陽街５９巷２弄１６號四樓,25.0521899922994,121.593629988652,17500000.0,10584810.0,5177792.0,6454192.5,11108220.0,13229057.0,17031442.0
臺北市中山區龍江路１００巷１之２號,25.05266101,121.540151,39000012.0,26224404.0,7522056.0,10014369.0,19744464.0,23725916.0,39284384.0
臺北市內湖區東湖路１１３巷４９弄８６號,25.07033501,121.614746,37500010.0,36017212.0,26873860.0,33589732.0,35559120.0,44513340.0,59860188.0
臺北市南港區福德街４６７號十三樓,25.03605001,121.57895,5299998.0,25447104.0,14922164.0,18841196.0,26760206.0,28186780.0,38974060.0
臺北市北投區大業路７１７號二樓,25.13738001,121.50195,27780022.0,23674292.0,11047368.0,14605742.0,20528878.0,23679532.0,35575948.0
臺北市中山區錦西街３１號七樓之５,25.0604299898541,121.520689996668,11740006.0,10069205.0,6509443.0,6992870.0,8130652.5,12073738.0,14971284.0
臺北市大安區東豐街２３號,25.03616899,121.545323,20000004.0,23504668.0,11256173.0,17579488.0,20223834.0,26009358.0,34401970.0
臺北市大同區民權西路２３７之１號,25.06313491,121.5118477,43500024.0,39047428.0,16178002.0,33193080.0,44857756.0,49631330.0,64702076.0
臺北市大同區大龍街９１巷１２號,25.06723199,121.517021,8700004.0,14107367.0,7019636.5,10000397.0,12345050.0,16828654.0,21832588.0
臺北市信義區松山路４６５巷６號三樓,25.0394500023869,121.578590004509,19400018.0,18056578.0,8720497.0,11500533.0,16545045.0,20690914.0,25557376.0
臺北市中山區新生北路二段４１巷７之１號,25.05538002,121.52819,7500001.0,16514746.0,8913269.0,9797512.0,14798331.0,20524572.0,26711914.0
臺北市士林區士東路４６巷６號五樓,25.1115600183194,121.527619986575,20000004.0,21561940.0,15665311.0,19154446.0,22452236.0,22759704.0,29881536.0
臺北市文山區興隆路四段１２０之１號五樓,24.9827600060882,121.562179998291,12579990.0,17963382.0,13751609.0,19469634.0,19844628.0,24337948.0,28333662.0
臺北市松山區南京東路五段３８９巷５弄５號,25.05204901,121.56952,12500008.0,11513944.0,8192031.0,9500077.0,11534518.0,14796948.0,18098126.0
臺北市中山區南京東路一段１３２巷２１號六樓,25.05110001,121.52713,7999997.0,7968390.0,5351867.0,6115994.5,6923281.5,10695678.0,13231555.0
臺北市文山區秀明路二段１１５巷５號,24.9912400194403,121.577330036823,27099982.0,31517460.0,17039306.0,20302872.0,27365560.0,30469676.0,47145936.0
臺北市信義區吳興街３６４巷２０號,25.0246699829701,121.565710036813,15200001.0,13901294.0,9841506.0,10120382.0,14839626.0,18257440.0,22464446.0
臺北市信義區永吉路１２７巷１１弄６號,25.04632098,121.569887,15200001.0,15420472.0,12771761.0,13477966.0,17498498.0,19414270.0,25465700.0
臺北市文山區秀明路二段１６３巷８號六樓,24.990709989793,121.577240015183,26149980.0,23598012.0,15888379.0,19344520.0,23768946.0,27404264.0,36698108.0
臺北市中山區龍江路４５５號,25.06751601,121.541121,22799980.0,14749018.0,9890527.0,11047200.0,15959176.0,19719436.0,24102946.0
臺北市士林區福國路９５號,25.10140119,121.5221412,17500000.0,14098571.0,11064280.0,11158271.0,14303284.0,19341346.0,23485308.0
臺北市萬華區興義街７５號,25.02598301,121.491114,8900002.0,9641808.0,5476186.5,6118695.5,10223169.0,14176203.0,15324096.0
臺北市大同區民族西路３３８號,25.06858399,121.509445,55659988.0,51124720.0,21374564.0,45320868.0,76983040.0,77833910.0,101134420.0
臺北市大安區新生南路一段９７巷２１之３號,25.041276,121.535751,68800030.0,73597140.0,8442914.0,40271252.0,78748990.0,85075720.0,133382650.0
臺北市中正區忠孝東路一段８４巷２號六樓之６,25.0442400085946,121.524060024658,22000004.0,17559950.0,9442180.0,12121664.0,15884530.0,20386574.0,26191262.0
臺北市松山區新東街６５巷１０號四樓,25.0621000002428,121.564570014162,22769994.0,19310604.0,14982196.0,19367890.0,19406198.0,23801792.0,29006240.0
臺北市大安區羅斯福路三段３０９號十七樓之２,25.0173700158565,121.531929961188,112000056.0,98009750.0,36256452.0,59080700.0,124046790.0,125966130.0,160670610.0
臺北市松山區吉祥路５號五樓,25.0503699877534,121.562619964388,16800016.0,16615060.0,11766952.0,12328979.0,13721060.0,16282947.0,22917220.0
臺北市松山區健康路１８５巷２０號三樓,25.0551299867477,121.561520007235,30279996.0,27235174.0,19653800.0,21928116.0,27709588.0,31680068.0,37624024.0
臺北市大安區和平東路一段８５巷１２號三樓之１,25.02801,121.5255,16449985.0,16267115.0,9695602.0,10028820.0,13894880.0,19401832.0,25748246.0
臺北市文山區光輝路３０巷４號,24.98627399,121.554436,121802.0,323861.12,3624225.0,3702479.8,4481304.5,6315007.5,7506842.0
臺北市信義區富陽街７２巷１０號四樓,25.0219000154277,121.555889966691,15000010.0,15897351.0,11531878.0,12012385.0,14960779.0,17293150.0,21324316.0
臺北市內湖區江南街７１巷６０號六樓,25.07429999,121.57917,20000004.0,20777048.0,15438659.0,17570470.0,23104142.0,25636272.0,34067452.0
臺北市大安區安居街３５巷１０號,25.0196099956611,121.554990001747,8700004.0,17337272.0,12864077.0,14147220.0,16861104.0,19639110.0,25447300.0
臺北市中正區晉江街７２巷６號,25.02354999,121.523639,7400001.0,18076666.0,12336694.0,14087819.0,16678118.0,19940544.0,27993684.0
臺北市文山區木新路二段２１１巷６弄１４號二樓,24.98310002,121.56748,14099996.0,15508991.0,12451275.0,14283301.0,18385970.0,21767598.0,23927786.0
臺北市北投區溫泉路７３巷６號四樓之１,25.1355900127141,121.50611001137,8500000.0,14763879.0,9676517.0,11701599.0,15270614.0,16897968.0,23171268.0
臺北市松山區復興南路一段５號三樓,25.0454099965493,121.544169970576,26180024.0,24306866.0,10118491.0,15000639.0,25850204.0,28186510.0,36758424.0
臺北市松山區敦化北路２２２巷１８弄６號,25.05924001,121.547576,22499994.0,19927238.0,16926678.0,18030800.0,20457348.0,23991720.0,31762230.0
臺北市北投區一心路１巷５號,25.13271301,121.474388,11579994.0,12702208.0,6425996.0,9919602.0,12325382.0,15950625.0,20338414.0
臺北市松山區八德路二段３４８號十二樓之９,25.04779,121.54531,15500001.0,13293607.0,6368343.5,7827633.0,11568912.0,16903126.0,18012994.0
臺北市南港區向陽路１９６巷３６號六樓,25.0568900187765,121.59532003179,41000024.0,29188886.0,18472688.0,22033012.0,34376256.0,42061028.0,53398080.0
臺北市大安區安和路二段８０號九樓之２,25.0295599852826,121.551010022662,36800024.0,27457684.0,18461452.0,23791534.0,24186440.0,26806234.0,36700490.0
臺北市萬華區桂林路２４６巷３２號,25.03713999,121.493135,3699998.2,16955500.0,9600188.0,14300884.0,17954304.0,18177520.0,29088792.0
臺北市大安區忠孝東路四段７６號四樓之９,25.04137,121.54576,13399991.0,10067803.0,880204.8,6645101.0,15196870.0,15327867.0,19828584.0
臺北市中正區臨沂街２３之１號,25.04173101,121.53054,30500028.0,21669628.0,16735923.0,19615300.0,23392142.0,26517338.0,34058420.0
臺北市松山區八德路四段６３６號,25.049832,121.574493,15643335.0,13946256.0,9960592.0,10370088.0,13923107.0,17369080.0,21825220.0
臺北市信義區崇德街２０６巷３號,25.02316401,121.558398,4499998.0,2323302.5,3830610.5,3935785.5,4591081.0,6905965.0,8812897.0
臺北市南港區經貿二路２３５巷３０號二樓,25.0613299967075,121.614980037145,23380010.0,19127356.0,9769167.0,13127310.0,20520932.0,21930166.0,28713782.0
臺北市內湖區民權東路六段１２５號九樓,25.0690900045769,121.593060019237,68800030.0,52038092.0,32603138.0,36055496.0,56849660.0,85692460.0,93643470.0
臺北市信義區永吉路１７７號十二樓,25.0457699992907,121.57159002571,27999986.0,20812228.0,17802186.0,22508622.0,24034864.0,30011824.0,31602336.0
臺北市內湖區康樂街８５巷９２號五樓,25.0711299921717,121.620939989398,16199987.0,18082150.0,14746768.0,17347626.0,19323536.0,24892164.0,30553946.0
臺北市士林區社中街１５２巷１６號,25.09065098,121.510427,12199993.0,12429446.0,9528914.0,9956072.0,13135450.0,17899220.0,19403570.0
臺北市中山區林森北路４１６巷１號,25.05979121,121.5250618,7649997.0,8491615.0,5816858.5,6511324.0,7567306.0,11351339.0,13835140.0
臺北市文山區萬壽路７５巷１３號九樓,24.9860900104912,121.588149984175,12199993.0,18479594.0,15098494.0,16348921.0,18518618.0,22638822.0,30310334.0
臺北市士林區中山北路六段２３６巷９號十一樓之１,25.1082699955945,121.526179975609,44399972.0,30568752.0,18475824.0,26611224.0,32900488.0,37715850.0,49656330.0
臺北市北投區中央南路一段４１之１號五樓,25.1322499919367,121.501450008481,14680005.0,14112750.0,332882.1,14920143.0,23677364.0,24109154.0,26248024.0
臺北市信義區福德街１０７之１號,25.0371899898337,121.58204997032,14499987.0,14206004.0,5644913.5,8064410.0,13493682.0,18201842.0,21069208.0
臺北市文山區保儀路３２號二十二樓,24.9882100033519,121.568529960498,42550012.0,37478200.0,566688.7,21399896.0,43745056.0,57370664.0,62217330.0
臺北市萬華區和平西路三段２９８巷５號三樓之６,25.0351000041864,121.49370999145,11449996.0,11380757.0,6831883.5,8602156.0,11963454.0,14099055.0,17869202.0
臺北市中正區杭州南路一段１０１巷３１號,25.037414,121.52755,20000004.0,17895330.0,13600008.0,16579289.0,17512654.0,22672918.0,30157344.0
臺北市北投區知行路３３６號四樓之１２,25.122900020854,121.467059981761,4849999.0,6563895.0,4095896.0,4481813.0,6180073.0,8421050.0,11271577.0
臺北市松山區八德路四段６４０號二樓之１,25.0498299836413,121.574759977672,10999996.0,13246378.0,8427292.0,8967085.0,14324771.0,16706517.0,21785666.0
臺北市大安區安居街９８巷１９號四樓,25.0196799845526,121.552230008669,18880012.0,16235034.0,11857726.0,14146087.0,15587758.0,17671500.0,23240048.0
臺北市士林區重慶北路四段４９巷３７號,25.0810599909541,121.511179973144,27999986.0,25819358.0,14403154.0,23917064.0,27202728.0,35501788.0,49532880.0
臺北市中山區長安東路二段１０５號三樓,25.0485200179035,121.535250033036,12599994.0,14877688.0,10160690.0,11115723.0,15017071.0,16712860.0,24085024.0
臺北市大同區民權西路２６８號,25.06273099,121.512018,13049994.0,13791956.0,7328772.0,9385710.0,11684582.0,15709744.0,20276402.0
臺北市內湖區麗山街６２巷１２弄１０號三樓,25.0810899981675,121.579870004943,15519999.0,16200853.0,13335738.0,14513794.0,16035732.0,17559648.0,23440200.0
臺北市中山區南京東路二段１０８號七樓之５,25.05179998,121.53207,14099996.0,13931182.0,8507648.0,9749380.0,12310204.0,16797036.0,21339288.0
臺北市中山區中山北路二段５９巷４４弄３號四樓之４,25.0555099803282,121.524090031872,5800002.0,6406360.0,4483181.0,4648678.0,6114169.0,8370287.5,11373314.0
臺北市北投區大業路５６８號,25.13549002,121.49703,6800000.0,3876363.2,1842379.4,2689804.2,5319128.5,10974367.0,11057951.0
臺北市萬華區西園路二段３７２巷２３弄２４號四樓,25.0266899797258,121.490759980628,7800001.5,6390233.0,3395989.2,5333280.0,7617048.0,12343356.0,13320359.0
臺北市信義區基隆路一段３５０號四樓之４３,25.0368500198409,121.561629977804,15300002.0,7998173.5,5987179.5,6810845.0,7821163.5,12352188.0,14080244.0
臺北市北投區溫泉路３７巷２８號九樓,25.1364194206134,121.511863859115,7999997.0,9387052.0,5890260.0,7197522.0,9431237.0,11442791.0,15008824.0
臺北市文山區新光路一段１１８巷１號五樓,24.99187,121.57326,600000.0,11424799.0,8468833.0,9153351.0,11351512.0,13614776.0,18588830.0
臺北市文山區萬隆街１３巷５號,24.99990081,121.5391248,15000010.0,15632418.0,13758929.0,15811923.0,16867666.0,18806156.0,22651952.0
臺北市文山區福興路８２巷５弄１１號三樓,25.0067799841085,121.550980015449,11449996.0,12832611.0,10902909.0,11207008.0,13653679.0,15974799.0,20103304.0
臺北市士林區中山北路七段１９０巷３２之３號二樓,25.1258196111742,121.535188532274,13000010.0,13983120.0,7679330.0,11585650.0,15152471.0,20123560.0,21900028.0
臺北市文山區羅斯福路六段１４２巷２０弄２３號,24.99700991,121.5395575,14600004.0,16711425.0,15060355.0,15089079.0,15908605.0,18469658.0,24149332.0
臺北市大安區安和路二段１８１巷２１號,25.027362,121.550752,2200000.5,7648917.0,7000603.0,7458296.0,7794848.5,15751209.0,18786938.0
臺北市信義區松德路１１９號十一樓,25.0376900122677,121.575539997581,50500004.0,42178964.0,21926150.0,33580508.0,38469704.0,53908732.0,60575504.0
臺北市中山區民生東路一段２５號,25.058196,121.524317,7400001.0,8984325.0,6183221.0,7147397.5,8302567.5,13410193.0,14168742.0
臺北市士林區大南路４１７號四樓,25.0901999953623,121.516159997096,15500001.0,15621778.0,14030407.0,14081667.0,16693744.0,18237810.0,25559960.0
臺北市文山區政大一街１７８號,24.985320006956,121.583580002926,38449972.0,37639170.0,17870906.0,26114144.0,36527228.0,48483560.0,63411184.0
臺北市松山區八德路二段３４８號八樓之６,25.0477899960465,121.545309993227,18999984.0,20630032.0,14371952.0,14874510.0,17567052.0,21875396.0,28162650.0
臺北市內湖區行善路２５巷４０弄７號四樓,25.05620999,121.5779,21879988.0,16624190.0,9423307.0,11615055.0,17886628.0,23039102.0,27121492.0
臺北市內湖區金龍路２２２巷１６號,25.08794501,121.585376,13650008.0,10911542.0,8860216.0,10840162.0,10906320.0,13769063.0,18911692.0
臺北市萬華區國興路１７號,25.02681801,121.505491,16999994.0,21302770.0,16284841.0,23480830.0,25273744.0,31081070.0,32444392.0
臺北市內湖區成功路四段４５號,25.08140101,121.591897,25099984.0,28204526.0,18857160.0,24265824.0,25698006.0,28837824.0,36928484.0
臺北市信義區松勇路６９巷６號,25.03327032,121.5700229,298879940.0,294904160.0,6090733.0,44912720.0,165674430.0,196269500.0,225454990.0
臺北市大同區重慶北路三段９巷１６號,25.06418998589,121.51454002667,15500001.0,14341311.0,7424856.0,8911705.0,14910556.0,16387103.0,22359714.0
臺北市士林區中山北路六段２３６巷９號四樓之２,25.1082699955945,121.526179975609,37850030.0,35174350.0,22260480.0,29698804.0,40643344.0,47494504.0,61058410.0
臺北市萬華區富民路１４５巷１５弄４８號,25.019223,121.500269,15000010.0,12115654.0,6263551.5,9652462.0,14212672.0,15751780.0,20922080.0
臺北市中山區中山北路三段５３號,25.06771101,121.522906,34819972.0,24937594.0,7534433.5,15323278.0,24500264.0,30075030.0,42611330.0
臺北市大安區敦南街５１號,25.02273401,121.54674,31000018.0,32491644.0,15182703.0,28788252.0,39160944.0,39625890.0,52855760.0
臺北市南港區重陽路１２５巷３６弄１８號四樓,25.0572299887693,121.596919969468,53680024.0,35829610.0,20421248.0,22731374.0,40761424.0,50317804.0,67510000.0
臺北市大安區建國南路一段２７９巷１４號四樓,25.03605001,121.5388,26880012.0,15663697.0,11899392.0,12090815.0,15402511.0,18079564.0,24845678.0
臺北市文山區福興路８２巷６弄７號,25.00605,121.551641,22000004.0,29296814.0,21307076.0,23928424.0,27278220.0,34401116.0,43111480.0
臺北市內湖區星雲街１６５號,25.08104708,121.5965382,13950008.0,13935248.0,11035616.0,12346087.0,13849080.0,15241603.0,21897062.0
臺北市中正區金山南路一段９８號二樓,25.0357799860815,121.527419994365,30400018.0,23472502.0,13593861.0,17830084.0,22492828.0,27973830.0,37077332.0
臺北市大安區復興南路二段５５號十五樓之１,25.03106001,121.54376,15500001.0,13326000.0,6057656.0,7886664.0,11118946.0,16537063.0,22081688.0
臺北市內湖區民權東路六段１２０巷１弄４號,25.06869899,121.587394,16699986.0,14519414.0,12462846.0,12786508.0,14296466.0,16896390.0,21946024.0
臺北市中山區民權東路一段６８號,25.06250799,121.524962,15000010.0,16779616.0,8353572.5,8863985.0,17620912.0,22154840.0,30871328.0
臺北市松山區南京東路五段２００號,25.05115001,121.564349,24999980.0,22401976.0,17182022.0,20340198.0,20649716.0,23623728.0,31951382.0
臺北市北投區中和街２０巷６１號四樓,25.1388499863161,121.504730014831,9550002.0,16264944.0,9872151.0,14093382.0,17043044.0,20052218.0,24841792.0
臺北市內湖區內湖路三段１３４號,25.087009,121.590173,15000010.0,13123754.0,10175585.0,10880265.0,13049148.0,15117483.0,20465740.0
臺北市信義區松山路４８２巷２４號十三樓,25.0387400132784,121.577690039565,21879988.0,28418364.0,14377162.0,25690018.0,27552746.0,37766600.0,39781890.0
臺北市信義區信義路五段１５０巷４９９號,25.02124799,121.573604,11615010.0,9908276.0,8192453.0,10090776.0,10221433.0,13633069.0,16574609.0
臺北市松山區撫遠街３９９巷１３號,25.0656328,121.5664063,18500014.0,12296898.0,10773934.0,10920349.0,13374074.0,17322498.0,19973356.0
臺北市文山區和平東路四段６６巷３５號,25.0057299830978,121.564979973047,40319980.0,36788656.0,21729144.0,22629454.0,34617070.0,39390700.0,55605340.0
臺北市士林區社中街３７３號四樓,25.09213999,121.50362,10499994.0,10195906.0,3693219.0,6913595.5,11875403.0,13102945.0,16316212.0
臺北市士林區東山路１２０巷５號四樓,25.1126999990608,121.539149964945,18200002.0,15326318.0,7921708.0,12912061.0,13593706.0,16100368.0,21666984.0
臺北市萬華區環河南路二段１８１號五樓,25.0325200124795,121.49196999217,11199999.0,10355678.0,6606474.0,8575863.0,11677519.0,15724374.0,17398158.0
臺北市文山區萬美街二段８０號六樓,25.0053199823039,121.560860016179,15500001.0,20216584.0,13531053.0,15703573.0,20282938.0,22392620.0,31104910.0
臺北市北投區東華街二段１７４巷３６弄６號,25.120704,121.509961,19199984.0,18572528.0,13805221.0,17700612.0,19877244.0,23843868.0,29516624.0
臺北市士林區承德路四段４０巷１３７號六樓之６,25.0818600017027,121.520180041678,5500000.5,5006766.0,4098084.0,4156605.5,5150955.0,8121430.5,9622939.0
臺北市中山區中山北路二段１１８號十二樓之１,25.061069990071,121.522729984262,23320020.0,21861256.0,9996526.0,13574895.0,20255644.0,22670496.0,36517824.0
臺北市中正區羅斯福路三段２４４巷９弄３號二樓之１,25.0175690167436,121.529847486963,19350018.0,19425122.0,13192571.0,15617160.0,20873888.0,22288860.0,31168812.0
臺北市松山區光復北路１９０巷１４號七樓,25.0544599793174,121.555270041132,44800040.0,39501376.0,28414354.0,37889184.0,41938864.0,53709932.0,66204740.0
臺北市南港區研究院路三段５號三樓之３,25.0355600030327,121.617160002523,18500014.0,22370720.0,9511464.0,14571294.0,23174184.0,28034026.0,35022456.0
臺北市北投區榮華三路１４巷１０號,25.11399244,121.522982,47500030.0,39790996.0,25578344.0,32629390.0,43013330.0,54106720.0,69941080.0
臺北市信義區信安街１０３巷８之１號,25.02504801,121.557527,31879976.0,30829668.0,17269944.0,23566708.0,31423460.0,32478570.0,47593348.0
臺北市中正區南昌路二段４３號五樓,25.0324700000001,121.51856,10187100.0,12331872.0,8670161.0,9717985.0,10785550.0,14418492.0,18533530.0
臺北市中正區金門街２４巷１４之６號五樓,25.0221199984765,121.522220029273,9360002.0,9676480.0,8091327.0,8581213.0,10189102.0,11809290.0,14897451.0
臺北市北投區致遠二路９５巷１８號二樓,25.1166599873065,121.511230013106,14799996.0,16061904.0,12475666.0,13423321.0,17103028.0,21693490.0,24657688.0
臺北市大安區泰順街４０巷２１之１號,25.024385,121.530053,24379996.0,19607596.0,16097543.0,17393148.0,24053532.0,24426122.0,32620866.0
臺北市大同區承德路三段２９７之１號五樓,25.0754700159074,121.520459997244,7900003.0,9448251.0,7134975.0,8179689.0,8684701.0,10940948.0,14269578.0
臺北市南港區向陽路２５８巷９８號七樓,25.05827002,121.59656,4739520.0,14721166.0,10435565.0,11254434.0,18063776.0,22135536.0,26557224.0
臺北市文山區木柵路一段５８巷２８號三樓,24.98644,121.54814,28500004.0,32682458.0,19644842.0,23221748.0,30889352.0,36251748.0,50985468.0
臺北市中山區中山北路一段１０５巷１２號八樓,25.0505799963374,121.523649981955,24999980.0,23013848.0,14503527.0,16571922.0,25209374.0,29133544.0,40112030.0
臺北市北投區民族街３５號五樓,25.1330199954719,121.505569965348,10149998.0,15055559.0,11464112.0,13926161.0,14321712.0,17010406.0,21819932.0
臺北市中山區遼寧街７６巷６號四樓之６,25.0509599899179,121.541349963071,8960007.0,9825264.0,7325397.0,8756682.0,8959033.0,11126986.0,15279908.0
臺北市信義區嘉興街３０５巷３號,25.02326702,121.554884,15099991.0,13604496.0,9110433.0,9799137.0,12189434.0,17871248.0,20466754.0
臺北市士林區基河路２３８號,25.09103161,121.5215466,8400003.0,10814534.0,5249378.5,8159766.5,12815294.0,16074899.0,16985214.0
臺北市中山區合江街３７號十樓,25.0556500000207,121.539209979372,21500010.0,22458020.0,12768936.0,16879928.0,22013142.0,24940258.0,36380450.0
臺北市大同區民權西路１４４巷６號七樓之４,25.0623900140926,121.51588004153,30400018.0,31966194.0,22021290.0,29505986.0,29844798.0,33461074.0,51032948.0
臺北市中山區新生北路三段８２巷２９號,25.06714549,121.5264809,6000000.0,6401126.0,5427361.0,5469260.5,6295008.5,9168989.0,10976398.0
臺北市中正區三元街２１７號四樓,25.027650001006,121.513369996805,9999996.0,9066023.0,8094383.0,9245822.0,9275142.0,12107592.0,15045971.0
臺北市中山區林森北路２５９巷９號六樓之１１、六樓之１２,25.0543699995868,121.526309978928,10700004.0,10788616.0,7125917.5,7768510.5,10405851.0,14988656.0,16764549.0
臺北市士林區中正路６１５號四樓,25.0863799848996,121.509020040514,14799996.0,18213162.0,14452495.0,17806226.0,18892692.0,24499142.0,26418794.0
臺北市大同區民權西路１６０巷２６弄１號七樓之１,25.0615778708301,121.51570877816,38619976.0,51413784.0,26460600.0,38466330.0,52001084.0,63945710.0,90741760.0
臺北市信義區中坡南路２０１巷８號,25.04150399,121.585783,39179996.0,39243790.0,21327488.0,26658368.0,34190092.0,42005388.0,56764930.0
臺北市北投區稻香路１４０之２號三樓,25.1426899876179,121.489439998516,15999987.0,14643706.0,7282190.5,11033954.0,16527540.0,19556464.0,24473736.0
臺北市中山區新生北路二段２８巷５號十樓之３,25.0539299915796,121.52636001889,40280010.0,28038946.0,16380072.0,21746932.0,25754828.0,30762764.0,42092570.0
臺北市內湖區文湖街２１巷８２弄２５號四樓,25.0891300035124,121.560800001752,18720014.0,17771924.0,10360104.0,11393941.0,18259216.0,22886074.0,30854492.0
臺北市萬華區環河南路一段１２１號,25.04293101,121.500708,14499987.0,18551710.0,13840603.0,16522718.0,19012308.0,20175290.0,27576036.0
臺北市北投區懷德街７５巷３３號三樓之２,25.1136000059143,121.518589994646,23500006.0,56374340.0,33232102.0,41274096.0,58447990.0,75124616.0,99046536.0
臺北市內湖區文德路８８號,25.07828101,121.582205,74279980.0,87486990.0,38291230.0,49952896.0,80064210.0,120308960.0,161481070.0
臺北市內湖區安康路４３４巷２０弄１２號三樓,25.06673,121.61573,8390003.0,8834372.0,6500658.5,6767000.5,8300628.0,10639440.0,14182342.0
臺北市中山區林森北路６７巷１２６號,25.04772701,121.528333,7999997.0,14019359.0,8754402.0,9362520.0,13797508.0,19345884.0,24937880.0
臺北市文山區試院路１５４巷２弄２３號二樓,24.9910300108562,121.547720041847,11100002.0,13207627.0,614166.5,9618242.0,16074347.0,16929228.0,19568814.0
臺北市大安區信義路三段１３４巷５２號十二樓,25.0302599999263,121.539149964945,33360006.0,25096872.0,19850116.0,23895086.0,25459340.0,35215236.0,37772650.0
臺北市信義區莊敬路３３３號五樓,25.0280100037474,121.564089982567,25180012.0,19493972.0,16458051.0,19221676.0,19619866.0,20093644.0,27305498.0
臺北市南港區三重路４１巷３７號十樓之３,25.0600699871127,121.612709966308,49500016.0,49576264.0,22916038.0,32730056.0,48136824.0,62238810.0,77672110.0
臺北市北投區中山路４７號三樓之１５,25.1388199791027,121.51162002306,7230000.5,9137163.0,5794584.0,6433470.5,10002476.0,12089270.0,16794826.0
臺北市中正區詔安街２６０巷１１號二樓,25.0271599949464,121.508410005601,6099999.0,10229371.0,8059459.0,8405100.0,10471794.0,16841210.0,17576536.0
臺北市內湖區成功路三段１７４巷３３弄１２號三樓,25.0819400069685,121.590939984466,14579996.0,16537694.0,11149974.0,12503490.0,16203479.0,18932588.0,24888270.0
臺北市萬華區康定路６０號,25.04260139,121.5023122,34500010.0,33934376.0,20194540.0,26982078.0,37163216.0,38041612.0,56011536.0
臺北市北投區中央北路三段２５８巷１弄８號,25.13590199,121.479263,8119998.0,9642543.0,5552216.0,7257419.0,10038676.0,12740205.0,16212197.0
臺北市內湖區民權東路六段１２３巷３４弄２８號七樓之２,25.070289999745,121.591829974946,59299944.0,50769844.0,29179200.0,32691000.0,55069164.0,76260370.0,93030880.0
臺北市北投區溫泉路３７巷３０號二樓之３,25.1364241376028,121.511903968359,15580000.0,11942638.0,7653083.5,9519467.0,12905069.0,14109628.0,19425864.0
臺北市萬華區萬大路３２９巷３弄１７號四樓,25.0241347610285,121.500846779435,10999996.0,10362673.0,7430593.5,8229664.5,11371080.0,18467016.0,19098738.0
臺北市士林區華齡街２３巷３號,25.0832500146158,121.519219978489,23200012.0,18001316.0,10846284.0,12988262.0,17082878.0,20522968.0,24743434.0
臺北市大安區基隆路二段１９０號八樓之１,25.0240899971798,121.551979976498,26579976.0,31813766.0,14125192.0,27432610.0,37590670.0,39444760.0,48705360.0
臺北市內湖區陽光街２０８號四樓,25.0741799990992,121.579939993834,10600002.0,19347692.0,15001469.0,16471020.0,20002064.0,20522614.0,28671752.0
臺北市南港區經貿二路１５７巷３６弄８０號,25.06143498,121.6147307,45450024.0,39727670.0,19315798.0,26482514.0,39301096.0,46113748.0,58787544.0
臺北市內湖區康寧路三段９９巷３９弄４６號,25.07337529,121.6099199,24880012.0,22991912.0,17326496.0,22462688.0,23522472.0,25895902.0,34873540.0
臺北市士林區文林路６８１巷２０號,25.10085101,121.521416,179999.97,18058954.0,13137680.0,18440792.0,22877258.0,28291594.0,29225096.0
臺北市萬華區中華路二段５０４巷１號十一樓,25.025500000932,121.508029970111,7999997.0,8914850.0,1023034.25,6153972.0,8631419.0,12822628.0,18554292.0
臺北市中山區龍江路４１５巷７號,25.066515,121.541537,23399996.0,18760942.0,15834739.0,18277438.0,19386036.0,21250054.0,26371520.0
臺北市文山區福興路８２巷４號,25.00573698,121.55095,18130014.0,16578277.0,12180857.0,12642482.0,16490604.0,20457114.0,25965640.0
臺北市松山區三民路１３６巷３０號二樓,25.06042002,121.56373,7400001.0,8638081.0,6358870.0,6834927.0,8883364.0,16790598.0,17808842.0
臺北市大同區民權西路１６０巷２６弄１號十六樓之１,25.0616125506636,121.515490031576,42799980.0,50037670.0,19485162.0,45982880.0,59444104.0,65284212.0,89609530.0
臺北市松山區敦化北路１５５巷１００弄１６號,25.05524201,121.552289,45000012.0,38833892.0,21228422.0,30455964.0,40589970.0,41364016.0,56703356.0
臺北市松山區南京東路三段３０３巷１４弄８之１號四樓,25.0532700005236,121.547419969713,18000012.0,14887736.0,11265795.0,12095658.0,13423961.0,16946544.0,24156104.0
臺北市北投區崇仁路一段１３１巷２弄５號,25.12435202,121.502393,16999994.0,15737125.0,6742727.0,12537424.0,17269682.0,20715120.0,22148924.0
臺北市內湖區成功路四段３０巷２８弄２１號,25.08307001,121.592018,16500011.0,16615409.0,11352226.0,12307364.0,14167499.0,18685376.0,24186116.0
臺北市文山區久康街１６９巷６號七樓,24.9911300069611,121.568359975502,22200016.0,23226268.0,15232855.0,18944654.0,26616758.0,28336256.0,38278670.0
臺北市中正區中華路二段４５５號三樓之５,25.02487999,121.5097,7999997.0,7608706.0,6427129.5,7740165.0,7910173.0,13511040.0,13961454.0
臺北市北投區建民路１６２巷１１之１號五樓,25.1110400050464,121.520309961178,16500011.0,14988627.0,12650925.0,14778812.0,15438453.0,17380382.0,22254622.0
臺北市萬華區西昌街２９巷５號二樓,25.04281999,121.50088,1699999.2,6274977.0,3938834.2,4092475.5,6136320.0,10786497.0,12144876.0
臺北市北投區崗山路９巷８號,25.14062699,121.486391,9900002.0,12447334.0,6124458.0,9798988.0,12338672.0,15739587.0,20271646.0
臺北市中正區臨沂街６９巷８弄３號,25.03538101,121.528744,80999944.0,81201970.0,43323576.0,55383800.0,75272056.0,83242800.0,129855700.0
臺北市內湖區內湖路一段７３７巷６７號二樓,25.0812200014858,121.579259970029,9600005.0,18133300.0,13224970.0,14384266.0,17147580.0,19114774.0,26176180.0
臺北市士林區承德路四段４０巷１３７號五樓之１０,25.08186,121.52018,5800002.0,4523715.0,3490472.5,3527241.2,4871471.0,7960839.5,9528641.0
臺北市大安區永康街４巷２之３號,25.0328500080075,121.529700039667,2300000.5,1222455.2,4131754.2,4427828.5,4607314.0,7263581.5,9433845.0
臺北市中山區大直街１２７巷１５號四樓,25.0833300198816,121.548640039539,16500011.0,11240254.0,10378121.0,10662498.0,11520094.0,17015954.0,19581472.0
臺北市中山區復興北路４００號七樓之２,25.06169,121.54396,11999996.0,12822384.0,9516980.0,10523974.0,11679925.0,16447820.0,19560790.0
臺北市中山區吉林路４９０號,25.06815039,121.5302836,35000016.0,24648660.0,15139153.0,18787728.0,20486634.0,26489636.0,38845892.0
臺北市內湖區環山路一段１３６巷２０弄８號四樓,25.0880400208235,121.567969965547,12662996.0,11519479.0,9204806.0,10304097.0,11099134.0,13699800.0,18285738.0
臺北市文山區景華街１７６巷１號,24.99733098,121.54817,8880002.0,12062598.0,10841920.0,10956882.0,11691894.0,14327750.0,18469728.0
臺北市內湖區內湖路一段２８５巷６９弄６６號,25.08496298,121.569601,14480005.0,13892309.0,11547902.0,12333377.0,13198938.0,14614687.0,20523006.0
臺北市中山區民權東路二段９號,25.06281699,121.528581,12650008.0,14454260.0,9824964.0,9925148.0,12196992.0,17680568.0,20510992.0
臺北市文山區木柵路一段１１７巷２弄８號,24.98826302,121.548068,20899982.0,25219330.0,20512166.0,22729856.0,24465894.0,29585502.0,35615460.0
臺北市大安區安東街３５巷３１號三樓,25.0442499830594,121.543360027272,5600001.5,14500540.0,8203304.5,9626721.0,13655867.0,18882642.0,23959160.0
臺北市信義區信義路六段３１號二樓,25.03472001,121.57591,31350006.0,30084612.0,14560626.0,20984304.0,26692408.0,27239124.0,41742224.0
臺北市大安區光復南路６４０號,25.03149419,121.557255,31000018.0,25211634.0,15610787.0,20382412.0,23603190.0,25961728.0,37273104.0
臺北市松山區南京東路四段２３號六樓之８,25.05186,121.55046,21979998.0,15300235.0,11174116.0,11180917.0,15702614.0,19756932.0,24273880.0
臺北市大安區富陽街１６８號二樓,25.0175200100138,121.556929993237,16480008.0,14427872.0,10812080.0,11537334.0,15100596.0,16216867.0,21203656.0
臺北市信義區忠孝東路五段４２３巷５弄２８號,25.04189002,121.574412,11020010.0,10335058.0,5716778.0,5838700.5,8857867.0,13129914.0,16056605.0
臺北市萬華區寶興街１４０巷３５號,25.02376599,121.493665,15500001.0,13767434.0,10185371.0,14472053.0,16848792.0,21873144.0,23537868.0
臺北市士林區中山北路七段１１４巷４號二樓,25.12295999,121.53438,13450000.0,15099761.0,8230504.5,11784134.0,15438895.0,18106274.0,21496976.0
臺北市中山區新生北路一段５８號五樓,25.0464799883992,121.531150025097,23599994.0,27513988.0,19619678.0,24670908.0,25365452.0,27005452.0,40155740.0
臺北市北投區崇仁路一段１６６巷１０號三樓,25.1227600011615,121.50214000675,21200016.0,16194705.0,10707578.0,12330931.0,16536748.0,17676860.0,25243874.0
臺北市文山區萬隆街４７之７號五樓,25.0006699957888,121.537030013994,16459997.0,17980042.0,13673016.0,17424726.0,18053856.0,19856364.0,24749570.0
臺北市內湖區內湖路二段２５３巷５６號三樓之２,25.084259992039,121.588690030197,25580004.0,23587664.0,17158540.0,20785412.0,27230136.0,29006848.0,39172376.0
臺北市南港區興南街７６號三樓,25.055919981122,121.601289958507,10999996.0,9221306.0,5933204.0,6004076.0,10036627.0,14252468.0,16264230.0
臺北市內湖區民權東路六段１７９號八樓之１,25.0680500199404,121.596949976681,22080004.0,17368782.0,12048571.0,12185016.0,18560026.0,22158220.0,27681220.0
臺北市大同區哈密街１０７之１號,25.073008,121.514233,20500002.0,22798546.0,17280290.0,22703600.0,22988536.0,25466478.0,33128314.0
臺北市松山區八德路四段２４５巷３２弄３５號二樓之３,25.04980999,121.56354,15999987.0,12466864.0,8838644.0,9614922.0,11670572.0,14520910.0,20797586.0
臺北市士林區福榮街６９號,25.09750399,121.526793,22799980.0,18203196.0,7404625.0,8093951.0,15872991.0,21923976.0,31675052.0
臺北市內湖區康寧路三段１８７號五樓之２,25.0699400133779,121.611940004682,19199984.0,18910898.0,12845418.0,16380853.0,21680668.0,22414070.0,31439228.0
臺北市北投區溫泉路６８巷６弄８號十樓之１,25.1344400155984,121.505199988142,29879998.0,31589740.0,18239828.0,25452930.0,35340590.0,45600070.0,52030252.0
臺北市北投區關渡路３８號二樓,25.121009985507,121.469080020426,43500024.0,37536650.0,18232070.0,21578272.0,37522116.0,48139120.0,71820720.0
臺北市內湖區內湖路一段２８５巷６８弄２１號,25.08588298,121.56731,18559992.0,15269799.0,12076940.0,13170647.0,15089655.0,16816942.0,22527692.0
臺北市北投區石牌路二段３６２號二樓,25.1234600158052,121.525529959018,25999984.0,25894322.0,15356955.0,19490328.0,26290512.0,30459740.0,37140468.0
臺北市中山區明水路６１３號,25.08242821,121.550539,85600000.0,69794220.0,35064230.0,47345176.0,65947260.0,101258530.0,128864320.0
臺北市士林區華岡路２７號,25.137979986676,121.542770025107,4386881.5,2811110.8,80017.97,3240447.8,7195875.0,10505483.0,11557619.0
臺北市內湖區成功路四段２９４巷７號四樓,25.0868699909592,121.599009997025,66499996.0,58857550.0,28804730.0,38063096.0,55632496.0,77634200.0,101770270.0
臺北市大安區仁愛路四段３１４號,25.03733701,121.555269,69199980.0,64209584.0,40284388.0,41310480.0,51132620.0,56946896.0,90452670.0
臺北市士林區延平北路六段２１１號三樓之３,25.0893299957222,121.505539958135,29999978.0,30142566.0,14894042.0,22893190.0,37045876.0,49833850.0,52116960.0
臺北市中山區明水路３９７巷１８弄２２號十五樓,25.0783300050899,121.546689989765,96999910.0,48224950.0,26968648.0,45708308.0,61046880.0,76464270.0,89293040.0
臺北市內湖區文德路２０８巷６０號六樓,25.0762699847465,121.583370036252,35100028.0,30880868.0,19788460.0,26168392.0,28791108.0,31546568.0,49981776.0
臺北市松山區新東街９巷５號,25.05794002,121.565761,15999987.0,11729800.0,6435716.5,7618065.0,12394762.0,19991040.0,20383580.0
臺北市文山區景華街１５０巷１之１號二樓,24.996309981214,121.547999997413,19600004.0,21512932.0,16643194.0,19849888.0,24408424.0,25709380.0,34153200.0
臺北市信義區中坡北路１９號七樓,25.0448399852239,121.580899973205,31399974.0,29144660.0,17742796.0,21960888.0,26245920.0,32814066.0,39283260.0
臺北市信義區光復南路５６７號十樓之１１,25.0308199948775,121.557780002038,14000013.0,12390532.0,9803269.0,10179467.0,11811880.0,17563400.0,17587034.0
臺北市內湖區內湖路一段２０３巷５號,25.08396298,121.563659,17900006.0,16193809.0,12873404.0,12874878.0,16632912.0,16871656.0,24838712.0
臺北市信義區松山路５４１巷１７號四樓,25.03792001,121.57883,24499984.0,29845254.0,52.09173,13847310.0,29822606.0,34349580.0,82250870.0
臺北市南港區中坡北路６０巷１５號四樓,25.0468599819797,121.5813800048,15999987.0,16042554.0,10601620.0,11307322.0,15878381.0,17844136.0,22246432.0
臺北市中山區錦州街３９３號,25.06036,121.541367,3000001.0,4529996.5,4928753.5,5094995.0,5507249.0,8140102.5,11016647.0
臺北市士林區延平北路五段１６３巷１１號,25.0826300052379,121.509659998822,29999978.0,20352422.0,12319670.0,18497580.0,21710336.0,29075090.0,33738310.0
臺北市萬華區環河南路二段１２９號,25.0341,121.493462,5700000.0,22450910.0,13958950.0,20464296.0,23596392.0,26699434.0,42976344.0
臺北市內湖區文德路９０巷４３號八樓,25.077189982439,121.582530001915,21800008.0,19927656.0,16069780.0,18844252.0,20160056.0,22162406.0,32450024.0
臺北市士林區忠義街９０號五樓,25.1064300002094,121.53207002279,20000004.0,24599532.0,18694146.0,22981432.0,24642926.0,28968698.0,38074496.0
臺北市信義區永吉路１８０巷６６弄２８號,25.04337998,121.570453,22659992.0,17985290.0,14356582.0,16776768.0,20984384.0,25267380.0,29193284.0
臺北市信義區松山路４６５巷２弄１號,25.03930399,121.578535,16999994.0,15885985.0,7464672.0,10117622.0,14647924.0,20086018.0,24712494.0
臺北市北投區尊賢街２０９號二樓,25.115409994086,121.50794003229,17700004.0,18445296.0,14399913.0,15945667.0,17579622.0,20233866.0,26608384.0
臺北市松山區撫遠街３８０巷２１號二樓,25.0641199969985,121.56480998805,10060009.0,10977486.0,8070580.5,9697322.0,11340216.0,15615283.0,17842094.0
臺北市士林區承德路四段６巷１１號,25.07933202,121.521047,6000000.0,11009988.0,10242237.0,10328240.0,11338507.0,15386949.0,18108276.0
臺北市中山區明水路５６３號六樓,25.0793899805655,121.551779984288,48999990.0,35216644.0,24699582.0,34847412.0,37889040.0,43640550.0,58603828.0
臺北市信義區吳興街５８３巷１５弄１７號,25.02266801,121.570276,11579994.0,8988507.0,6607426.0,7416307.0,9855557.0,16714549.0,17651254.0
臺北市中山區北安路４５８巷４１弄７０號八樓,25.079339982513,121.54688000751,43350024.0,23302012.0,11609628.0,15504348.0,26869248.0,28993628.0,41865652.0
臺北市信義區松山路５１５巷１號,25.038694,121.578526,12500008.0,17416054.0,8819001.0,11310276.0,17098820.0,22204928.0,26807564.0
臺北市松山區民生東路五段２０２號十八樓之７,25.0581999845142,121.564449985309,7519997.5,6897066.0,3805954.8,6156719.0,8242451.5,12817445.0,17083660.0
臺北市內湖區民權東路六段２１０巷２１弄３號,25.06685799,121.597875,11999996.0,11908973.0,7392531.5,8204572.0,12329402.0,15525180.0,18646782.0
臺北市大同區民權西路９１號,25.06308102,121.51887,6800000.0,5841680.5,5857004.0,5906646.5,6002564.0,10269545.0,10621374.0
臺北市萬華區中華路二段５０４巷１３號十二樓,25.0254099792919,121.508059977325,12500008.0,11906588.0,1565340.6,9020779.0,14059794.0,16783488.0,25073140.0
臺北市大安區羅斯福路二段８１巷１２號二樓,25.0256400206246,121.524569979647,29699994.0,25666460.0,14907342.0,17936986.0,23326292.0,28638138.0,37711244.0
臺北市南港區向陽路２５８巷９８號七樓之２,25.05827002,121.59656,24499984.0,19173928.0,10670839.0,12886228.0,21267124.0,27251542.0,33003690.0
臺北市內湖區內湖路三段６０巷３５號二樓,25.0882507963093,121.592155146259,67499950.0,61434910.0,29342222.0,30165916.0,62756510.0,77721320.0,113988170.0
臺北市中正區重慶南路三段１４１號,25.023465,121.517058,17599986.0,17284214.0,14317669.0,16268605.0,18386216.0,24292266.0,25971384.0
臺北市北投區三合街一段８２巷７３號二樓之１,25.1286000083799,121.504330030412,12899999.0,13821662.0,8849119.0,10383150.0,14334556.0,17007226.0,23013936.0
臺北市大安區復興南路二段６號九樓,25.0303782977592,121.5434167379,54999988.0,41146760.0,25982484.0,33670744.0,38441390.0,44127948.0,64550092.0
臺北市中山區民生東路一段７７號九樓之２,25.0582700153153,121.526850024949,8500000.0,9200066.0,6998520.5,7617781.5,9367825.0,13681625.0,14242902.0
臺北市北投區光明路１８５號三樓之１,25.1357799885495,121.503220014974,49299976.0,36271532.0,19895526.0,26283342.0,40094360.0,53178336.0,64694796.0
臺北市大同區大龍街１９２號三樓之１,25.0690099993111,121.515830001568,40399964.0,36820804.0,21729974.0,29464258.0,40317750.0,45084976.0,63695076.0
臺北市松山區敦化北路１４５巷２３弄３號二樓,25.053200011632,121.550360006071,42499970.0,34041340.0,15077946.0,23284952.0,36808868.0,38514564.0,53374252.0
臺北市士林區仰德大道三段１２１號,25.12207872,121.5518094,1499999.2,15679211.0,87574.76,13436590.0,27661058.0,28835072.0,41037736.0
臺北市大同區重慶北路三段２５２巷７弄２之３號,25.071470004074,121.51317997906,9149999.0,9927438.0,7566339.0,8415294.0,9772931.0,13131091.0,15981717.0
臺北市內湖區內湖路三段３２９巷２弄７號,25.08849,121.585502,10199991.0,11300530.0,9360752.0,10235675.0,11386250.0,14530690.0,19449888.0
臺北市中山區松江路４６９巷１號,25.06667099,121.533618,29999978.0,24170436.0,13407942.0,24701136.0,26094278.0,27208020.0,32762348.0
臺北市大安區和平東路二段７６巷２３弄８號,25.02243398,121.54003,28500004.0,32389178.0,21407612.0,25983276.0,30058628.0,35864204.0,48033920.0
臺北市萬華區中華路二段６６６之１２號十四樓之３,25.0241599860714,121.511179973144,29500022.0,24114212.0,19484680.0,21211544.0,25904992.0,35284756.0,43105396.0
臺北市士林區中山北路六段４０５巷８９號,25.1177084,121.5259074,69799950.0,60508530.0,36001620.0,43619332.0,64644716.0,87549580.0,113847150.0
臺北市中山區林森北路２８９號,25.05560499,121.52558,10874995.0,13186810.0,5044182.5,6602223.0,12162100.0,17325274.0,23199968.0
臺北市內湖區內湖路一段４７巷３４之１號,25.08835602,121.55837,31379976.0,24210440.0,15401542.0,16615948.0,25730424.0,28044508.0,35028468.0
臺北市大同區延平北路四段９９號四樓之１,25.0709600071753,121.510979980934,14000013.0,15090893.0,10448830.0,12462466.0,16511345.0,17775686.0,24871660.0
臺北市北投區復興一路６２巷２號五樓,25.1419699821351,121.503489996075,8500000.0,13732476.0,8914476.0,11276006.0,13892336.0,15253701.0,21379336.0
臺北市士林區重慶北路四段９４號五樓,25.08245,121.51286,8500000.0,9253284.0,7592042.0,7998562.5,10157222.0,12515420.0,16146990.0
臺北市內湖區康樂街２０４之３號三樓之６,25.0762800011208,121.621290017674,15899990.0,13689874.0,9461524.0,10494768.0,14751579.0,17091678.0,21299194.0
臺北市萬華區萬大路３４４巷３８號二十一樓之３,25.023990001075,121.498430008766,17599986.0,22567344.0,4339793.5,18478184.0,28705294.0,34637348.0,38531388.0
臺北市士林區天玉街３８巷１１之１號,25.12034601,121.529107,22700004.0,24363540.0,17610362.0,25031760.0,27004680.0,31492702.0,36934684.0
臺北市中山區農安街３３號二樓之１,25.065020003852,121.525180014561,13700009.0,14444641.0,8711154.0,9317431.0,15272653.0,19527948.0,25254708.0
臺北市大同區哈密街５９巷７８弄４３號二樓,25.0758200022745,121.514310027247,7800001.5,7183451.0,5574207.5,6430649.0,6661592.0,10985697.0,12049743.0
臺北市士林區中山北路六段４１９巷３號,25.113621,121.526531,22349992.0,20691822.0,17295756.0,21632998.0,22121904.0,27865728.0,31932252.0
臺北市大安區和平東路三段１巷３８號,25.02642901,121.54662,26200006.0,28378120.0,15956772.0,22046420.0,24499328.0,32682520.0,38132784.0
臺北市中正區同安街６６號,25.02312599,121.520884,16800016.0,19517336.0,16138707.0,16186861.0,18994332.0,21667480.0,29766460.0
臺北市松山區富錦街５７１巷７號三樓,25.06224002,121.56658,16980000.0,13073388.0,11102522.0,11267084.0,13706726.0,16587766.0,20308914.0
臺北市松山區富錦街３５８號四樓,25.0604299898541,121.557949987034,21000000.0,15805138.0,10639562.0,12768789.0,16531040.0,17707028.0,23700860.0
臺北市文山區和平東路四段６６巷３９號四樓,25.00554001,121.56501,27999986.0,38042190.0,22532160.0,25242380.0,37563864.0,44773560.0,61319950.0
臺北市南港區重陽路１２５巷３６弄１６號五樓,25.0574000156752,121.59686003886,53000020.0,35543864.0,20474798.0,23137482.0,40843690.0,50677640.0,67478070.0
臺北市大安區大安路一段９５號五樓,25.0263400000001,121.53477,55199984.0,43695440.0,18236870.0,37407496.0,51358996.0,54868492.0,73380150.0
臺北市中正區中華路一段２５號十樓,25.0468841909596,121.509871480448,7800001.5,8437224.0,6992063.0,7987753.5,8029967.5,12489450.0,12922582.0
臺北市大安區仁愛路四段３４５巷４弄４號,25.03882702,121.553868,42000020.0,44928484.0,7845652.0,30235616.0,44261304.0,62538444.0,66559892.0
臺北市中山區德惠街４５號五樓之２,25.0667199795445,121.526929988306,6000000.0,4797592.5,4667090.5,5387965.5,5515932.0,7979873.0,9605097.0
臺北市文山區景興路９７巷３號,24.9954999960007,121.545070019339,18500014.0,18470504.0,12944117.0,14933154.0,17713276.0,21154372.0,25646884.0
臺北市內湖區東湖路１１３巷４９弄７號,25.07016901,121.615644,10600002.0,19372878.0,16067726.0,18655036.0,18879292.0,22295918.0,27001332.0
臺北市南港區研究院路二段７０巷１號二樓,25.0455099926542,121.614549961693,9000001.0,18267610.0,12273162.0,13728573.0,16540312.0,20932576.0,27632530.0
臺北市信義區吳興街１５６巷３３弄３號四樓,25.02794042161,121.560239111898,18779988.0,18646108.0,12892079.0,16395388.0,17217124.0,19412604.0,25306400.0
臺北市信義區松德路１７０之５號,25.03628202,121.574177,65000056.0,43591636.0,26134972.0,35205228.0,40593916.0,47690124.0,72355860.0
臺北市大同區重慶北路二段６７號八樓之１２,25.05573001,121.51417,5000000.0,5132674.0,4496703.0,5233577.5,5416425.0,8150682.5,10209042.0
臺北市北投區清江路２１７號,25.127024,121.501836,9999996.0,15489096.0,7880318.5,13746207.0,20423546.0,23973148.0,24066932.0
臺北市中山區民權東路一段１９號,25.06288537,121.5235454,65579990.0,56348216.0,26692916.0,31704670.0,60357530.0,67447450.0,105858260.0
臺北市內湖區安泰街５３巷９號五樓,25.0746799796236,121.61731003859,13600008.0,14660642.0,10647276.0,10756788.0,13267719.0,17596160.0,22560672.0
臺北市中正區博愛路２３０巷７號,25.033632,121.509716,16099999.0,13077353.0,6884061.5,9213764.0,17721420.0,20167134.0,23617916.0
臺北市內湖區江南街６５巷２５之３號,25.07712699,121.578063,22100016.0,21210856.0,13399531.0,17314306.0,22667382.0,24138602.0,35668550.0
臺北市中正區忠孝東路二段１３０號六樓之７,25.0423899968352,121.531810016153,22630016.0,16640147.0,8690227.0,11353504.0,14954702.0,17066920.0,26567610.0
臺北市大安區仁愛路四段４１３號十三樓,25.0380000169566,121.556160031611,38500020.0,36691108.0,17595354.0,26472868.0,35854836.0,39158180.0,50733450.0
臺北市大安區瑞安街２０８巷５３弄７號五樓,25.0303900032446,121.540930029722,47000036.0,39244016.0,22537232.0,30026138.0,40897240.0,44851424.0,60725544.0
臺北市大同區錦西街３８巷８號五樓,25.06003001,121.52031,30600020.0,24823084.0,15902082.0,18325890.0,23899552.0,25563908.0,39031416.0
臺北市內湖區康樂街７２巷１７弄３９號,25.07057901,121.61704,7440003.0,11189814.0,8546201.0,8989296.0,12770811.0,16130214.0,19390030.0
臺北市中正區南昌路二段４２巷１４號二樓,25.0275599793659,121.519809980653,20000004.0,20188032.0,14250022.0,14564348.0,18617286.0,24275592.0,30225930.0
臺北市北投區一德街１０巷１３號三樓,25.12901998,121.4689,9299996.0,8098421.5,4792498.5,5562196.0,8270341.0,10451660.0,14185670.0
臺北市中山區民生東路二段９３巷１９號,25.05873701,121.531054,39030004.0,42378224.0,21018592.0,27363890.0,42922116.0,43124804.0,65345504.0
臺北市大安區復興南路二段５５號七樓之１,25.0310600106749,121.543760011691,15200001.0,15399280.0,9922233.0,11243341.0,12015524.0,16749718.0,23493418.0
臺北市北投區稻香路１６１巷１６弄６之１號四樓,25.14245001373,121.488880003564,20329998.0,18628510.0,7122473.0,12003018.0,20105106.0,24273508.0,31059854.0
臺北市松山區三民路７４巷２號五樓,25.0556100183426,121.564249993099,31299996.0,25026268.0,19535958.0,22858372.0,26075720.0,29549860.0,35931650.0
臺北市松山區民族東路６７５號七樓,25.0639399956278,121.547690034633,24000004.0,24207392.0,17488454.0,23037168.0,23551788.0,23911272.0,33377190.0
臺北市北投區承德路七段１６２號,25.11320601,121.508873,15000010.0,19413084.0,16759849.0,17518534.0,19427976.0,22657786.0,28375738.0
臺北市北投區中央北路四段１８巷４６弄１８號四樓,25.1362699946092,121.478869999516,19800014.0,19604042.0,8992931.0,12967049.0,20203632.0,26084176.0,33522144.0
臺北市中山區民生東路三段８８巷１２號十五樓之１,25.0571900070911,121.542559974614,23880004.0,27410644.0,13889686.0,21141668.0,24328202.0,33882892.0,36325604.0
臺北市大安區師大路５９巷９號六樓之６,25.0240000174493,121.529139960897,11600000.0,12279156.0,9937176.0,10515607.0,10950405.0,14842938.0,18091534.0
臺北市大安區羅斯福路三段２８３巷１９弄１２號,25.01956,121.53107,48000030.0,33482270.0,14768865.0,19872808.0,25927880.0,29384340.0,45341620.0
臺北市文山區景興路１７７巷２０號五樓,24.99259998,121.54539,16500011.0,16857472.0,12831779.0,14979082.0,17553086.0,19399796.0,26517896.0
臺北市大安區敦化南路一段２７０巷６號五樓之１,25.0389200146491,121.548009971878,12449993.0,37966880.0,993137.3,26235160.0,39558680.0,58788330.0,68549330.0
臺北市松山區民生東路五段１３１號,25.05886601,121.561296,18000012.0,18778198.0,12283888.0,16224756.0,20307946.0,25633924.0,31782350.0
臺北市信義區松德路１２７號,25.03743202,121.575299,54499990.0,44439452.0,19916978.0,37859996.0,44974956.0,51750550.0,66041036.0
臺北市北投區吉利街２８０巷３３弄１２號四樓,25.1171900169538,121.510489974874,13499990.0,13276883.0,10408332.0,10631650.0,12674860.0,17140028.0,20166364.0
臺北市中正區南昌路一段５４巷２４號,25.03091899,121.516208,17080012.0,14548078.0,9770247.0,10646484.0,15146663.0,17984432.0,23021312.0
臺北市北投區大度路三段３０１巷２８弄１４號三樓,25.1223500003677,121.465470018548,10560006.0,12603502.0,8025504.0,9741498.0,12826102.0,15719126.0,20292070.0
臺北市中山區通北街１１８巷９號,25.08468902,121.537155,27999986.0,29993742.0,23675918.0,26454344.0,30563912.0,40386556.0,46553852.0
臺北市文山區福興路８２巷１弄１６號四樓,25.0066900043779,121.550550023816,9550002.0,13512922.0,11413147.0,11976078.0,13836142.0,16336484.0,20982864.0
臺北市中正區水源路７７號十樓,25.0210399902524,121.520030005611,43880016.0,29848556.0,18681172.0,25173866.0,34870348.0,38619680.0,50007710.0
臺北市內湖區南京東路六段１５１號六樓,25.0565099832865,121.579310009991,29999978.0,25220100.0,15767290.0,18414396.0,25950044.0,28893926.0,39390930.0
臺北市中山區通北街１１８巷１１號,25.08476802,121.537125,13499990.0,15344862.0,13940060.0,15385892.0,18015192.0,23113266.0,25501572.0
臺北市內湖區南京東路六段３８９號,25.059663,121.5849961,58999960.0,45105190.0,25848776.0,28312972.0,49518336.0,59118012.0,83152510.0
臺北市松山區光復北路１９７之１號,25.059634,121.55522,45000012.0,34800980.0,20383384.0,29742794.0,37605944.0,44559550.0,54070200.0
臺北市松山區南京東路五段２５０巷１８弄１５之３號,25.05028001,121.56691,10499994.0,9087144.0,5846401.0,7695106.5,8549584.0,14354638.0,16696069.0
臺北市萬華區西藏路５０８號三樓,25.0287699909083,121.493570013667,7999997.0,7407718.5,3194273.5,5387231.0,8524037.0,12951378.0,13395264.0
臺北市北投區致遠三路１１４巷１２號,25.1220971602584,121.510764482203,6014787.0,10295256.0,6505570.0,8122011.5,10508650.0,16493530.0,16889944.0
臺北市文山區汀州路四段２５７號九樓,25.0017899856911,121.536149997979,36380030.0,31705940.0,21205596.0,29135212.0,36018516.0,43930096.0,54282964.0
臺北市士林區天母東路８５號,25.11827501,121.535605,37999988.0,35783372.0,20779980.0,31342652.0,32429730.0,40313370.0,52396840.0
臺北市北投區行義路１４２之１號四樓,25.1298399852262,121.52819003981,8300002.5,10452876.0,6770073.0,8574636.0,10778826.0,13553913.0,17364212.0
臺北市內湖區成功路四段２２３巷１５弄１１號三樓之１,25.08371999,121.59611,17700004.0,13443486.0,9857287.0,10251755.0,13663709.0,14992544.0,22016754.0
臺北市萬華區西寧南路１２５號九樓之２,25.0445800204969,121.506560035751,22920016.0,22226540.0,13738999.0,16825510.0,22894500.0,24822894.0,35967440.0
臺北市內湖區行善路２５巷３６號,25.05589898,121.5772176,24980010.0,21912188.0,13722081.0,17613116.0,23986368.0,28788088.0,35007696.0
臺北市士林區文林路７６５號,25.1032924,121.5189652,21979998.0,23666166.0,17603880.0,21550838.0,23159072.0,26624528.0,34169490.0
臺北市信義區吳興街６００巷５６之３號,25.02029999,121.569824,7500001.0,22524340.0,18159986.0,20521754.0,25775616.0,28969250.0,36075788.0
臺北市內湖區環山路一段５９巷３０弄６號二樓,25.0853099930497,121.56752999945,15999987.0,13221691.0,10237842.0,11027810.0,13277769.0,15787573.0,19768692.0
臺北市松山區南京東路四段２３號二樓之３,25.0518599967714,121.550460002176,10480006.0,9681114.0,6270634.0,6789742.0,8704635.0,12384270.0,15519348.0
臺北市大同區重慶北路一段２９號,25.05047602,121.513808,5600001.5,8666549.0,7898571.5,7973331.0,9303065.0,12596052.0,13751478.0
臺北市中山區新生北路三段６１號二樓之１５,25.0659200107054,121.528060036492,7999997.0,8471506.0,5716244.0,5939839.0,7680275.0,13361504.0,13984507.0
臺北市中山區長春路２２０號十一樓之８,25.054619989849,121.537680030585,9099996.0,8360682.0,7605681.0,8181506.5,8364374.5,13003630.0,13264986.0
臺北市萬華區大理街１７０巷５８號五樓之１,25.0328399916332,121.492810026506,8300002.5,8239103.5,5046140.5,6030605.0,7891057.5,11647934.0,12721847.0
臺北市中山區林森北路５７５號六樓之１５,25.0653300085409,121.5259799834,13499990.0,13176627.0,9565807.0,10409603.0,12871121.0,16445217.0,21575516.0
臺北市大安區和平東路一段１７７號八樓之２,25.0264899875161,121.532170018895,22900004.0,19826732.0,15420207.0,17563902.0,18152332.0,22188376.0,27746238.0
臺北市松山區富錦街３４４號,25.06039529,121.5572903,47000036.0,35788424.0,21330946.0,33119406.0,36642924.0,40776668.0,55563676.0
臺北市北投區中山路４７號七樓之７,25.1388499863161,121.511780033592,6699998.5,8043464.5,5024325.5,6091389.5,8102825.0,10857855.0,13651414.0
臺北市大同區大龍街１３９號六樓之１,25.0675399811322,121.516029993778,4749999.5,16139569.0,10300520.0,13250800.0,16792742.0,18589644.0,25321996.0
臺北市大同區酒泉街１８９號,25.072225,121.512175,16500011.0,14954332.0,11646156.0,12398546.0,15924664.0,18489008.0,23394106.0
臺北市信義區永吉路１８０巷６０弄２５號,25.04377301,121.570914,18000012.0,14292240.0,10784110.0,11606972.0,17861058.0,26941246.0,27159386.0
臺北市大同區民生西路１９１號九樓,25.0572799868217,121.516780006474,41799988.0,35488110.0,23579342.0,30311200.0,38751464.0,47718148.0,59951940.0
臺北市大安區仁愛路四段５０之７３號,25.03760062,121.5473785,28149976.0,18130118.0,8835560.0,11163060.0,19375242.0,25604752.0,26550134.0
臺北市信義區林口街１６４之１號三樓,25.0402500131355,121.580669973782,13499990.0,14650076.0,8833470.0,10124205.0,13079822.0,17546758.0,22679102.0
臺北市文山區萬芳路２０號,24.99587291,121.5704706,14579996.0,13899571.0,10628386.0,10948400.0,15372546.0,16349514.0,22425660.0
臺北市大同區庫倫街１３巷３弄２１號三樓,25.0727199972946,121.517939978055,15619990.0,17889596.0,10959808.0,15193653.0,20102576.0,20833358.0,29612656.0
臺北市北投區天母西路１１７巷５０號,25.12124501,121.52451,61999948.0,52150570.0,31843938.0,40156200.0,61192948.0,89096710.0,100525540.0
臺北市信義區光復南路４１５巷２號,25.03714121,121.5579511,18000012.0,15445816.0,10101406.0,10856778.0,13667202.0,18833868.0,24484940.0
臺北市萬華區西寧南路３０７號,25.03818199,121.506499,9799997.0,11916448.0,8762404.0,9335309.0,13064339.0,18156868.0,19960104.0
臺北市北投區豐年路二段１２０號二樓,25.13676,121.49424,7350001.5,5495208.5,3291527.5,3396536.5,4844498.0,8865625.0,10815689.0
臺北市信義區松勤街９號十四樓之１４,25.0321900169515,121.56103997564,20300006.0,14462643.0,9923860.0,11901594.0,15081167.0,17672916.0,24104648.0
臺北市大安區信義路二段１２號,25.03490898,121.524912,21660000.0,16783778.0,12231098.0,12731970.0,15199711.0,18770534.0,24797814.0
臺北市文山區景華街７４號,24.99504,121.545142,16600014.0,7529800.0,4274736.5,4542815.0,7683059.0,13475190.0,15789892.0
臺北市松山區三民路１０７巷７號,25.057642,121.563167,16500011.0,14221810.0,10406903.0,11803052.0,13227972.0,22221664.0,22621384.0
臺北市內湖區成功路五段４２０巷１１號十樓,25.0753100053758,121.607809989531,23800020.0,18724906.0,13845092.0,16628788.0,19785216.0,20857730.0,28214804.0
臺北市信義區吳興街６００巷６０號五樓之１,25.0197599898184,121.570280018062,16579984.0,15054037.0,10514123.0,11247867.0,15838938.0,19295288.0,25254612.0
臺北市文山區興隆路四段１４５巷２３弄１２號四樓,24.9856399861097,121.562770000455,15690010.0,18701634.0,15089338.0,15817081.0,18917718.0,20278180.0,26945768.0
臺北市松山區八德路二段３４８號十二樓之１０,25.0477899960465,121.545309993227,17800012.0,16716717.0,11833370.0,11858269.0,13367036.0,19134472.0,22983668.0
臺北市松山區民權東路三段１６０巷２５號,25.05971501,121.54687,23300012.0,19719210.0,16597007.0,17493960.0,20042354.0,23517808.0,31650594.0
臺北市文山區汀州路四段２９１號,25.00148295,121.5355503,6884468.5,28997002.0,17376934.0,25069028.0,31305072.0,33931332.0,46519856.0
臺北市大同區平陽街２２號,25.0552200083878,121.515999986565,17050002.0,18424374.0,11563110.0,11570964.0,17119052.0,21600796.0,28750664.0
臺北市文山區辛亥路四段７７巷１８號四樓之１,25.0077700126021,121.560340002906,10499994.0,10146359.0,7858329.5,8391956.0,10195264.0,12251060.0,16520953.0
臺北市中山區德惠街３２號,25.06658201,121.526014,11999996.0,12898400.0,10982743.0,11007510.0,14490670.0,16619276.0,23191340.0
臺北市中山區長春路２８號七樓之７,25.0547300023282,121.541829994666,12019994.0,13452078.0,9052424.0,10282932.0,11694035.0,15531696.0,20524532.0
臺北市中山區吉林路３９３巷２２號二樓,25.0655799988031,121.531450013412,18880012.0,18175752.0,10918683.0,14159395.0,18660978.0,20598340.0,26698924.0
臺北市南港區東新街５８號九樓,25.0472900155221,121.585680004948,58700036.0,50055710.0,25184528.0,40002544.0,55565796.0,71540580.0,89401420.0
臺北市文山區羅斯福路六段４０７號七樓之１５,24.9916200130208,121.540559968697,12700003.0,13824641.0,12671573.0,12740205.0,13046784.0,17370704.0,21222470.0
臺北市松山區延壽街３３０巷８弄８號,25.05589999,121.55935,50999960.0,40165776.0,28659068.0,37542376.0,46233876.0,65252590.0,70509400.0
臺北市內湖區內湖路三段１４１巷３弄２號四樓,25.0865700026446,121.589209959651,13499990.0,12478854.0,9333404.0,10159973.0,11599137.0,13678050.0,17879022.0
臺北市內湖區江南街７１巷１號,25.077135,121.577675,19199984.0,19398464.0,13373207.0,16281922.0,18005334.0,19567694.0,27078436.0
臺北市士林區中社路二段９１巷６號,25.10762002,121.56706,13879993.0,13364385.0,2091194.5,9639436.0,15276091.0,18860828.0,21829674.0
臺北市松山區敦化北路１２０巷６０號五樓,25.0543000106953,121.546640033623,45999988.0,47363060.0,26709010.0,36572120.0,40810436.0,46885520.0,72385120.0
臺北市萬華區環河南路二段６２巷１弄３號三樓,25.0376100070018,121.495879982363,4164219.5,8946551.0,6069678.5,7310086.0,9846313.0,11949610.0,16301467.0
臺北市北投區長壽路２１號四樓,25.1426399895654,121.504159961596,27199976.0,29716540.0,15250618.0,21728400.0,32576284.0,40495316.0,51983532.0
臺北市南港區成福路２０７巷３號二樓,25.0402299803869,121.589160003508,14600004.0,14142498.0,11294820.0,11519150.0,15079758.0,17809216.0,21583376.0
臺北市士林區天母東路８４之１號二樓,25.117889989688,121.53565999192,36079988.0,31391412.0,14976539.0,22327624.0,26499288.0,31696990.0,46934104.0
臺北市萬華區西昌街１４９號五樓之１２,25.0395399821175,121.500739977463,2180000.8,2732417.8,3552072.8,3928113.2,4453233.0,7336835.0,9038380.0
臺北市士林區忠誠路一段１７１巷１２弄８號,25.10639031,121.5307828,48500024.0,39549324.0,28376442.0,39204590.0,42190148.0,51255556.0,61760000.0
臺北市中正區臨沂街６１巷１６之８號四樓,25.0365699804558,121.529729963061,12840005.0,18124828.0,11262959.0,11404921.0,16329693.0,20296368.0,26390994.0
臺北市信義區吳興街３３６巷７號,25.02576499,121.5658219,6000000.0,9182693.0,6813677.5,6856013.0,8880637.0,16307189.0,16448887.0
臺北市信義區福德街２６８巷３０弄４號,25.04008598,121.585818,22499994.0,17880214.0,13038922.0,16006580.0,17431906.0,20409528.0,26717008.0
臺北市信義區信安街４號六樓,25.0272899982647,121.558109997566,27999986.0,25528924.0,19273476.0,24613192.0,25951578.0,26289358.0,36609668.0
臺北市中山區民權東路三段６２號十二樓之２,25.062110016617,121.542570032898,32879976.0,30722362.0,21002884.0,27026116.0,27548226.0,34763230.0,43767092.0
臺北市內湖區康寧路一段２６１號十樓之１,25.07885999,121.59823,42000020.0,34345388.0,21905836.0,24571068.0,38609740.0,50033950.0,58875180.0
臺北市中山區中山北路二段５９巷４５號十樓之１３,25.0559699791744,121.524539972434,12880011.0,10244132.0,7609323.0,8269418.0,10083811.0,14597526.0,15492287.0
臺北市文山區興隆路三段３０４巷３２之２號,24.99597701,121.555263,18880012.0,30999486.0,19103694.0,22264260.0,31853658.0,34950720.0,48530932.0
臺北市士林區克強路４號五樓,25.1088799885981,121.524759997392,5000000.0,13842345.0,12407299.0,12991037.0,13318504.0,17464488.0,21426568.0
臺北市內湖區民權東路六段２６５號,25.06771219,121.6012185,44199970.0,41690108.0,28368704.0,32979590.0,47441720.0,65628916.0,74885980.0
臺北市大安區忠孝東路三段２５１巷８弄８號,25.04290699,121.541259,17500000.0,21147072.0,14276220.0,15230821.0,19360540.0,25111140.0,31808670.0
臺北市中山區錦州街３０巷１１號六樓之２２,25.0595200085358,121.524869967962,5600001.5,5485579.0,4398422.5,4862063.0,5320092.5,7751785.0,10417925.0
臺北市大安區復興南路二段１６０巷１７弄３號,25.02809001,121.54213,24999980.0,25984564.0,13120776.0,15401483.0,22188926.0,24083646.0,35347060.0
臺北市大安區忠孝東路四段１１２號九樓,25.0413500121987,121.546840025832,36459988.0,36546390.0,1664908.2,27533728.0,38886070.0,53593476.0,65963110.0
臺北市信義區基隆路二段７９巷３３弄４之３號,25.0296599813875,121.559959967416,13579996.0,12709381.0,9526551.0,10105491.0,11840234.0,15801220.0,19020796.0
臺北市中山區朱崙街５４號三樓,25.0498200091765,121.542970017317,62500050.0,46130816.0,22706760.0,29476624.0,47106836.0,53101508.0,69073000.0
臺北市中山區中山北路一段１２１巷３３號十三樓之１,25.0509200082398,121.524720015714,17249994.0,16079683.0,10784398.0,11021313.0,15436628.0,18496274.0,26462518.0
臺北市文山區福興路９５巷３１號九樓,25.0053100078391,121.547909975773,17199990.0,18561054.0,15960181.0,16548517.0,20466872.0,26702286.0,30763644.0
臺北市大同區大龍街９１巷１２號五樓之９,25.0672200019784,121.517030038646,13199996.0,15687826.0,9026648.0,12045906.0,16084284.0,20481906.0,27474082.0
臺北市信義區崇德街１０７之１號三樓,25.0240200082883,121.556019970009,12099997.0,11031092.0,8061396.0,9220568.0,9689020.0,12523873.0,16452590.0
臺北市信義區虎林街１６４巷１０號,25.03891499,121.576187,22000004.0,24578052.0,11940360.0,18700636.0,24308072.0,27020652.0,33650264.0
臺北市中正區惠安街７號四樓之４,25.0283700064888,121.507499982374,8659997.0,6259365.5,3212475.0,4705014.0,6100226.0,11382950.0,12398002.0
臺北市中山區林森北路４０９號八樓之２１,25.0595700065883,121.525679995085,5800002.0,6916748.0,5159854.0,5614804.0,6294492.0,9443549.0,11516074.0
臺北市松山區民生東路五段１７３號十六樓之３,25.0598399876896,121.56460999584,45000012.0,36680124.0,16732444.0,35167780.0,41819924.0,47432220.0,57842250.0
臺北市大同區延平北路三段１００號五樓,25.06633999,121.5109,14300011.0,14315949.0,11171304.0,12585126.0,15363430.0,16470141.0,23211962.0
臺北市文山區溪口街１０７巷１之１號,24.99615408,121.5375229,15899990.0,13542414.0,10093144.0,10798930.0,13432772.0,16866926.0,20457232.0
臺北市北投區行義路１３０巷１０號三樓之１,25.1292400085969,121.529190000859,28800004.0,25584932.0,11157739.0,19856288.0,25872204.0,29613786.0,37492930.0
臺北市松山區富錦街４５６號二樓,25.0606399984381,121.562200031039,25999984.0,19127028.0,13497183.0,16793512.0,20943160.0,27969348.0,29757490.0
臺北市大同區民權西路１３３巷６弄１２號,25.06345301,121.516695,14000013.0,14007358.0,9938237.0,9985168.0,14231633.0,17501268.0,22193792.0
臺北市信義區吳興街６００巷７６弄２２號,25.01837371,121.570478,20000004.0,20237032.0,10031536.0,12464439.0,20942042.0,25701290.0,31529604.0
臺北市信義區基隆路二段１７７號九樓之３,25.0250700092991,121.553779990205,23280022.0,19838762.0,14864980.0,15981626.0,18979012.0,22262560.0,31419384.0
臺北市南港區東明街５０號二樓,25.05543002,121.60365,1299999.4,1422174.0,3281347.8,3494376.0,4175947.5,6190585.0,8343493.0
臺北市文山區福興路１００號,25.00584301,121.549557,14499987.0,15857952.0,13537713.0,14595939.0,17996750.0,20895638.0,24712824.0
臺北市信義區忠孝東路五段３７２巷２８弄１號,25.03875799,121.573885,24000004.0,25331368.0,18377414.0,20845282.0,24445696.0,28818248.0,35944396.0
臺北市內湖區民權東路六段２８０巷１９弄７號,25.07156698,121.604917,23200012.0,23818412.0,14458975.0,17931238.0,20477102.0,23397452.0,34296550.0
臺北市內湖區成功路二段４７２號十樓之１,25.0726000103506,121.589589995141,34000004.0,61738330.0,32226128.0,36661170.0,56005984.0,76177940.0,98567290.0
臺北市南港區研究院路一段２號三樓之２,25.05389998,121.61656,18999984.0,15431976.0,7479166.0,11141746.0,17409910.0,18124138.0,23708544.0
臺北市信義區吳興街３４５巷５號,25.02677099,121.565956,12840324.0,17632444.0,12526811.0,14710360.0,16842076.0,19651850.0,24491012.0
臺北市內湖區文德路２１０巷３０弄４２號,25.077286,121.585021,9999996.0,18032932.0,13526847.0,16364364.0,17653948.0,20942160.0,26782828.0
臺北市內湖區內湖路一段１巷９弄６３號四樓,25.0862200162775,121.558089964817,30500028.0,30257712.0,15842745.0,20896196.0,26011144.0,31674810.0,47012856.0
臺北市北投區光明路２２６號,25.13600102,121.505464,15200001.0,16019255.0,10382180.0,13225626.0,15182558.0,20520148.0,23287084.0
臺北市中山區長安東路一段２０號十一樓之３,25.0491800089596,121.523939995805,15300002.0,16435684.0,13174290.0,14227508.0,15772464.0,19114556.0,26719556.0
臺北市內湖區民權東路六段１２０巷３弄４號二樓,25.068350008255,121.587429978693,18500014.0,15115782.0,11966169.0,12137836.0,14764161.0,16880638.0,22233408.0
臺北市南港區研究院路二段９８巷３號,25.0441069,121.6156691,29999978.0,33105510.0,20319026.0,23939152.0,33081146.0,38824630.0,53082976.0
臺北市內湖區新明路３７０號,25.054981,121.58067,2440000.0,6904753.0,4761283.5,4764726.5,8934614.0,16237140.0,16279966.0
臺北市中山區新生北路三段９３巷３１號三樓,25.0678600021954,121.528899987009,14449987.0,12330038.0,8328118.5,9196522.0,11977290.0,15546011.0,19397316.0
臺北市士林區雨農路８０號,25.09995013,121.5327606,35000016.0,38328644.0,28395988.0,32569824.0,39151536.0,53525644.0,64286540.0
臺北市中正區南昌路二段２０３號,25.025105,121.523367,14739991.0,13811911.0,9256179.0,10992718.0,12330014.0,15945302.0,19528024.0
臺北市中山區德惠街１６號十樓,25.0666600070273,121.531320010094,9000001.0,9092137.0,7448664.5,7926741.0,8267052.5,12459662.0,13111945.0
臺北市中山區遼寧街６２巷６號二樓,25.0504900166069,121.541999979663,17350008.0,24866396.0,14612764.0,17085974.0,24758682.0,25248352.0,36011784.0
臺北市信義區松山路５４１巷１４弄４號,25.037565,121.578553,9000001.0,9716836.0,7424537.0,8468986.0,8840735.0,13382316.0,15894350.0
臺北市大安區基隆路三段６號,25.02067001,121.548073,31280004.0,28007090.0,17912746.0,25804440.0,33960600.0,38829224.0,47189930.0
臺北市文山區辛亥路四段１２８之１０號,25.00507158,121.556915,18099990.0,20523202.0,11484816.0,14250810.0,21267814.0,24705612.0,32354540.0
臺北市北投區泉源路３０號二樓之４,25.1399499853793,121.506730020748,5150002.0,7478074.5,4769273.0,5278077.0,7236650.5,11997432.0,13083815.0
臺北市萬華區成都路１３３巷３弄３號三、四樓,25.0436199992167,121.503750002712,12500008.0,14354994.0,11161123.0,12036466.0,14091017.0,16083118.0,21926862.0
臺北市文山區興隆路二段２１７巷３號,25.00198398,121.549101,6500001.0,15060700.0,13195968.0,13584038.0,15654409.0,17161944.0,22054580.0
臺北市大安區仁愛路四段３５７號,25.03806728,121.5543408,95500080.0,96274240.0,21022122.0,50553390.0,84018990.0,104193820.0,123166936.0
臺北市內湖區成功路五段４５巷１２號,25.074447,121.605673,37170020.0,37427550.0,21106534.0,30134460.0,37841228.0,44198200.0,60629136.0
臺北市北投區泉源路３９之３７號,25.1412200113485,121.506140018583,15000010.0,19321252.0,8511308.0,12092360.0,17478284.0,20612568.0,28093066.0
臺北市萬華區萬大路４２４巷１５３號二樓,25.02069,121.49407,9649995.0,6430072.5,2468602.0,3975827.0,7963110.0,10324261.0,13158218.0
臺北市士林區中山北路六段１６１號二樓之４,25.1069500134825,121.524820011819,23580016.0,21536620.0,17104168.0,20570778.0,23749096.0,25887062.0,30902668.0
臺北市松山區民生東路五段６９巷４弄５號三樓,25.0600399798993,121.558479974772,38749988.0,32311926.0,16375917.0,25678800.0,30139404.0,32144112.0,46636590.0
臺北市士林區承德路四段４０巷２１號四樓之１２,25.0810899981675,121.521960022637,5500000.5,4643853.0,4179234.2,4241911.5,5196268.0,8316499.0,9896245.0
臺北市內湖區成功路四段６１巷９弄１１號十四樓,25.0812699995382,121.592300032076,28079996.0,28531168.0,19718946.0,24141916.0,26066072.0,33551312.0,40123430.0
臺北市內湖區康樂街１３６巷３０弄５號,25.07163001,121.617708,33500028.0,31895790.0,18041498.0,28269586.0,40292228.0,48433096.0,59700444.0
臺北市中正區同安街２８巷９弄１之３號,25.02490799,121.521075,13369994.0,23125216.0,16748472.0,18726442.0,23035808.0,25797452.0,36114824.0
臺北市中山區農安街２０８號九樓之１,25.0646700174849,121.536400030151,21500010.0,23881372.0,12735152.0,22235572.0,25738770.0,27966574.0,35855176.0
臺北市中正區羅斯福路三段２４４巷９弄３號三樓之５,25.0176477433969,121.529939374438,26129988.0,24252960.0,15781883.0,19662648.0,27157832.0,28286792.0,41056056.0
臺北市南港區成福路７４巷８號二樓之５,25.0439800019581,121.586270007112,25550016.0,19587934.0,13974002.0,16280990.0,24374230.0,25551916.0,33200046.0
臺北市內湖區內湖路一段４１１巷６２弄１０號,25.083549,121.5711664,65000056.0,62476804.0,39057036.0,53989304.0,64408170.0,85511710.0,108609470.0
臺北市大安區信義路二段２３０號六樓之５,25.03342999,121.53189,43849980.0,36740690.0,20293736.0,29693706.0,33592550.0,36236404.0,53994760.0
臺北市大安區泰順街４４巷４號,25.02364802,121.530989,13750010.0,27046846.0,17004436.0,22874292.0,24921428.0,32409818.0,41659744.0
臺北市文山區木柵路一段５９巷１１弄７號,24.9882100033519,121.546469964807,17099994.0,15771411.0,11742604.0,12813876.0,15633104.0,19179158.0,23408924.0
臺北市松山區民生東路四段１１２巷３弄１７號三樓,25.0574700045667,121.55512997953,28500004.0,22944292.0,13966860.0,20887072.0,24636676.0,26711098.0,34236944.0
臺北市中山區錦州街３７２號,25.06015959,121.5402419,18349990.0,21605700.0,12485092.0,16359902.0,20233596.0,23702668.0,30281268.0
臺北市文山區景華街１２８巷１８號三樓,24.9947499833045,121.547830012416,15849999.0,15751900.0,13027761.0,14728300.0,15377238.0,16309740.0,22027464.0
臺北市萬華區東園街３５巷４６號,25.02717898,121.497173,5310000.5,14290577.0,9785111.0,10678658.0,14127455.0,17365900.0,21581936.0
臺北市南港區經貿二路２４５號四樓,25.0610800064453,121.61440998391,26999992.0,23949748.0,11933508.0,15707617.0,24773420.0,27951002.0,36529804.0
臺北市士林區仰德大道一段６巷５１號,25.09931599,121.538988,1200000.4,780484.75,2623759.0,2671337.0,3159170.2,8248931.5,8313311.5
臺北市內湖區文德路２７１號,25.07955699,121.588921,42000020.0,37954570.0,24644430.0,31869154.0,38875464.0,51274524.0,61876256.0
臺北市中山區新生北路三段６８巷４５之１號,25.066241,121.526158,12500008.0,10975518.0,7374153.5,7913236.0,12824512.0,18357340.0,18851980.0
臺北市大同區延平北路二段２１０巷１７號,25.05927999,121.510793,7500001.0,6453478.5,5579834.5,5769214.0,6216082.5,8589974.0,11165147.0
臺北市內湖區內湖路二段１０３巷４２之１號三樓,25.0817799964369,121.581040034807,31000018.0,31559928.0,19983492.0,28334418.0,35508560.0,36834784.0,51822560.0
臺北市士林區福港街１２９巷５號,25.08810301,121.518415,6000000.0,7381140.0,7126325.0,7638260.0,7757635.0,13906598.0,14471363.0
臺北市大安區仁愛路四段３００巷２５弄１１號二樓,25.0358899985607,121.554980027282,38349996.0,46446624.0,16611100.0,27567728.0,35490010.0,40044070.0,59775300.0
臺北市信義區永吉路２３６號,25.045368,121.573864,20000004.0,14046178.0,11571538.0,12372914.0,13592409.0,20207986.0,20351996.0
臺北市北投區中央北路四段５４１巷９號十八樓,25.12745999,121.46827,24620000.0,16755534.0,1535715.8,9709463.0,21944182.0,23463952.0,29338528.0
臺北市萬華區民和街６３號,25.02571902,121.498543,9799997.0,11513724.0,8457767.0,8822155.0,12680059.0,18629860.0,21047358.0
臺北市北投區稻香路１３５巷９號,25.14210501,121.48978,10999996.0,11628355.0,6266921.0,8473300.0,12221024.0,15313607.0,18525720.0
臺北市萬華區康定路１１２號四樓,25.0410700147231,121.502059959575,8550000.0,12543308.0,9331908.0,10545917.0,12195061.0,16174053.0,19540020.0
臺北市士林區德行東路４６巷７弄３號,25.1061600191082,121.526520029421,38390028.0,25621412.0,15917650.0,21722764.0,22452622.0,26147038.0,35695910.0
臺北市大安區瑞安街２０８巷５７號,25.030461,121.540663,4612185.0,6038397.5,5265116.5,5739043.5,6309986.5,13077552.0,14528085.0
臺北市松山區南京東路五段５９巷２９之７號,25.0531000155272,121.559310034644,21400020.0,19756518.0,13944660.0,17693524.0,18662154.0,21574528.0,26839386.0
臺北市文山區木柵路二段１０９巷１００弄５４號八樓,24.9924299982341,121.561260000598,11770005.0,13579971.0,12688357.0,13668740.0,14111916.0,18673156.0,22209504.0
臺北市北投區光明路２０１號,25.13620001,121.503448,29999978.0,35226990.0,17785216.0,27946418.0,40138510.0,47232612.0,56039536.0
臺北市文山區忠順街一段５４號,24.98415702,121.560237,14000013.0,21043744.0,15838877.0,23343650.0,24036104.0,28048468.0,31914594.0
臺北市文山區興隆路二段１５３巷２弄８號,25.00088,121.54871,22999982.0,22290604.0,13340623.0,14930192.0,19482784.0,22108322.0,30432156.0
臺北市文山區興隆路二段７８巷２號,24.99962498,121.548264,1499999.2,1720145.0,4393098.5,4608896.5,5518300.0,7667804.0,8812468.0
臺北市文山區景華街６７號四樓,24.9952300148994,121.544970023234,18000012.0,16758123.0,12818936.0,14657398.0,16637735.0,16813510.0,22956068.0
臺北市北投區知行路２６１號,25.121084,121.4670799,14000013.0,14813976.0,9512389.0,11787574.0,15206641.0,17063372.0,24480924.0
臺北市內湖區東湖路１１９巷４９弄１６號,25.069901,121.616994,18799986.0,16383165.0,12136216.0,15164701.0,18016980.0,21408960.0,25499384.0
臺北市士林區承德路四段１８３號,25.08770701,121.522516,47000036.0,39173720.0,28688380.0,37840720.0,43152780.0,58116390.0,67755610.0
臺北市北投區溫泉路５８巷６號,25.133679986528,121.505030003146,30799986.0,33374134.0,19509036.0,24483308.0,33952956.0,42529972.0,54056790.0
臺北市中正區青島東路６之１號二樓,25.0438205546593,121.521926092519,33500028.0,29210440.0,16128460.0,20649912.0,27036014.0,29228218.0,41280550.0
臺北市中山區長安東路二段２０８號十一樓之２,25.048189980466,121.541929990771,57000036.0,42699770.0,25799224.0,38294010.0,50639476.0,58574548.0,71551770.0
臺北市大同區民權西路１６０巷２６弄１號十七樓之１,25.06161255,121.51549,42719970.0,49455660.0,13903840.0,42618730.0,64566100.0,68767370.0,88339140.0
臺北市北投區紗帽路１１６號六樓之３,25.1507999818543,121.54727999193,11249991.0,12022539.0,344.82404,10733813.0,17575766.0,22635110.0,45836820.0
臺北市內湖區金湖路３４７巷１２１弄２０號,25.07412401,121.59718,58000004.0,44779796.0,23249714.0,24675848.0,43331920.0,54264330.0,74708510.0
臺北市北投區長壽路２１號三樓,25.1426399895654,121.504159961596,28899988.0,30314092.0,15443784.0,21444680.0,32955130.0,40363840.0,51896548.0
臺北市文山區興隆路二段２０３巷１０２號十樓,25.0011060389595,121.551620849996,16550000.0,22223912.0,19182158.0,23029216.0,24072256.0,27625838.0,35291012.0
臺北市信義區中坡南路１６２巷９號三樓,25.039330015443,121.583749987922,16800016.0,13551405.0,10890376.0,10935836.0,12830555.0,15355344.0,20311122.0
臺北市大同區敦煌路１７９號二樓,25.0766599947012,121.510679992619,12057399.0,11528843.0,6546254.0,8072151.0,12406518.0,15994403.0,18980352.0
臺北市北投區天母北路８０之１號,25.12359798,121.525897,27299978.0,25051820.0,16047604.0,19962350.0,26755000.0,33806910.0,39374100.0
臺北市中正區寧波東街６號,25.03210289,121.5199038,100000024.0,74381920.0,47546620.0,58587400.0,64020890.0,85784856.0,115082420.0
臺北市中山區市民大道三段３５號五樓,25.0451999879653,121.534649972587,18600002.0,18771036.0,12759392.0,15873445.0,16449703.0,17344914.0,26039338.0
臺北市松山區南京東路五段２９１巷５弄５號四樓,25.0520299817678,121.566519980117,16999994.0,16211826.0,11391833.0,11446895.0,14152186.0,16327295.0,24578850.0
臺北市大同區寧夏路３２號六樓之２,25.0559699791744,121.515170010512,13000010.0,14726755.0,11714663.0,12307152.0,12824414.0,16664635.0,23618728.0
臺北市中山區林森北路４８３號五樓之３,25.0611900189245,121.525740009512,11500007.0,18621476.0,9411290.0,12054294.0,18910178.0,21175324.0,29895504.0
臺北市北投區復興三路５２１巷２４６號,25.16078002,121.49517,2500000.8,2966701.8,22407.93,2204568.5,7522472.0,10306102.0,11160804.0
臺北市萬華區青年路３０巷７號,25.02658298,121.505008,17900006.0,22299448.0,18381796.0,26730312.0,27830512.0,32994626.0,36322344.0
臺北市北投區懷德街７５巷３３號八樓之１,25.1136000059143,121.518589994646,57500040.0,44775696.0,29814416.0,41078772.0,48913710.0,64270850.0,77321800.0
臺北市中山區建國北路二段５８號十樓之１,25.05415002,121.53645,68000040.0,53052308.0,13644099.0,25725960.0,53609324.0,54558132.0,92597520.0
臺北市北投區知行路３１６巷１７號二樓,25.1225400181126,121.468090033842,13980000.0,12729784.0,8032234.5,9507437.0,13242841.0,16515881.0,20615242.0
臺北市大安區光復南路６２８巷１２號二樓,25.03155002,121.55677,19800014.0,16242374.0,10412184.0,11467677.0,14695301.0,16820440.0,23544962.0
臺北市北投區自強街４６巷１３之１號,25.10993502,121.513858,17179990.0,17773008.0,11514449.0,14379410.0,18966636.0,23495436.0,27764608.0
臺北市北投區永興路一段３２巷４號二樓,25.1387100085331,121.500070011942,13700009.0,18272628.0,11004718.0,13803720.0,15934934.0,22049408.0,27337338.0
臺北市中山區明水路３８７號四樓,25.07757002,121.54636,49680010.0,32600776.0,18597448.0,25036104.0,34564292.0,38063170.0,51301524.0
臺北市北投區石牌路二段３１５巷３４弄２５之１號五樓,25.1234000013785,121.5238399997,15999987.0,17732984.0,12290404.0,15958293.0,18270224.0,21720692.0,26169290.0
臺北市信義區永吉路１８５號十二樓之２,25.0457500084516,121.572559979545,15600012.0,13357555.0,12435753.0,12463750.0,13716088.0,19373616.0,21044868.0
臺北市文山區萬安街３０巷２之６號,25.0003200094217,121.570389988632,7500001.0,13806564.0,9605280.0,9936967.0,14808072.0,17045254.0,22412830.0
臺北市內湖區康樂街１２９之５號六樓,25.0712499791157,121.619320018971,21800008.0,19782460.0,14335322.0,17204682.0,23628820.0,27420840.0,35901230.0
臺北市士林區忠誠路二段２８號二樓,25.1092200005004,121.52993003909,38806790.0,33272440.0,20130010.0,25253024.0,31189924.0,42930304.0,54681064.0
臺北市士林區士東路９１巷１８號,25.11293,121.52957,27599978.0,24476164.0,20453212.0,25431626.0,30023848.0,33512300.0,39643576.0
臺北市內湖區成功路四段２２４號,25.084656,121.596279,15530008.0,13713734.0,11566440.0,12000934.0,14338904.0,16732539.0,21133362.0
臺北市北投區中和街４１號,25.13813698,121.502576,17599986.0,16959996.0,10476509.0,14580914.0,19927922.0,23891348.0,25996562.0
臺北市大安區師大路１０５巷１８號,25.02240201,121.529096,14579996.0,13550475.0,11270889.0,12034744.0,12817005.0,16328198.0,19592642.0
臺北市中山區民生東路一段７８號,25.05791001,121.526699,6900000.5,7055489.5,5577462.0,6766645.5,7350324.0,11685562.0,12337306.0
臺北市內湖區五分街１１３號九樓之１,25.0673399889224,121.6169300031,15459994.0,17882090.0,12858288.0,15150101.0,18298298.0,18972316.0,28206356.0
臺北市萬華區和平西路三段１８７之３號三樓,25.0354400160887,121.497689970535,11770005.0,14824378.0,10899000.0,11517678.0,14925323.0,16757579.0,22750762.0
臺北市北投區泉源路３９之３５號七樓,25.1412200113485,121.506140018583,4800000.0,5916067.0,4047362.8,4514285.5,5511972.5,8368052.5,10263886.0
臺北市文山區福興路１０６巷３１號十二樓,25.0067700096438,121.549900007225,21000000.0,27818994.0,19680358.0,21272276.0,31110250.0,38586256.0,44224004.0
臺北市信義區福德街２５０號,25.03875799,121.585329,24999980.0,24569852.0,15560785.0,26024096.0,26181372.0,29381592.0,36683200.0
臺北市信義區吳興街６００巷１００弄１０號,25.017648,121.571911,19250000.0,19339134.0,15642798.0,16463890.0,20367334.0,23086610.0,27736820.0
臺北市士林區承德路四段８８號十三樓之３,25.0822914232738,121.523017720112,28500004.0,23197622.0,10778229.0,16798252.0,23561584.0,24841604.0,39863388.0
臺北市中正區信義路二段２５９號十三樓之２,25.035189983917,121.52528998513,26079998.0,19369736.0,9154800.0,13398177.0,19580164.0,21000120.0,30937346.0
臺北市中山區松江路４１２號,25.06432447,121.5330757,36600036.0,60721144.0,33911020.0,42025104.0,63741868.0,79667990.0,109934590.0
臺北市北投區三合街一段８２巷９９號,25.12909249,121.5040422,21300006.0,20479406.0,13258258.0,17544350.0,22157038.0,24207254.0,33521888.0
臺北市萬華區華西街６１之１號三樓,25.0369899976239,121.498390027088,9999996.0,15185483.0,6339536.0,9784980.0,15390236.0,17209014.0,21225546.0
臺北市南港區研究院路二段１５４號,25.03827398,121.616812,10899998.0,10421642.0,6361897.0,7386668.0,12932050.0,17424626.0,19922944.0
臺北市北投區翠嶺路１４號,25.1426699967788,121.506479988576,71999980.0,16237449.0,4262418.5,6532589.5,14353708.0,17504040.0,22981170.0
臺北市北投區大同街２３２號,25.13976139,121.4996509,32680028.0,32214390.0,17664592.0,24927132.0,32712518.0,44386256.0,54548664.0
臺北市內湖區金湖路３４７巷１２１弄１５號三樓,25.07357998,121.59683,40880004.0,39166696.0,16571985.0,21406960.0,38779264.0,45275596.0,58825228.0
臺北市松山區民生東路五段１５１號十三樓之８,25.05924001,121.56226,20000004.0,14614213.0,13050567.0,15324768.0,17086008.0,23871352.0,27787812.0
臺北市中山區植福路２８６巷２８號,25.08109499,121.55979,320000060.0,1110071300.0,8124.4863,75067320.0,207608580.0,285393470.0,485165200.0
臺北市萬華區昆明街７９號,25.04282699,121.504884,4199999.0,7057118.0,6492133.5,6845566.5,7063878.5,9879705.0,11765852.0
臺北市信義區永吉路１２０巷５７弄２號,25.043769993374,121.570489984737,35000016.0,18522470.0,13790483.0,16041392.0,20425884.0,24732770.0,30630208.0
臺北市大同區延平北路二段２４７巷２５號五樓,25.0623900140926,121.511810040805,15779986.0,16898678.0,10875597.0,12959557.0,16204067.0,16655547.0,25552112.0
臺北市士林區文林路７６５號十樓之９,25.1033100043905,121.518929964639,22439992.0,24445976.0,17599148.0,21760916.0,23722024.0,27740100.0,34855256.0
臺北市北投區吉利街１２３巷１８號五樓,25.1191000012304,121.50640002522,7000002.5,9100239.0,8121632.0,8680271.0,9084665.0,11367914.0,13916496.0
臺北市內湖區麗山街３３０號,25.08296901,121.573222,20800006.0,21665330.0,2646141.0,18072324.0,23884104.0,25362212.0,30646162.0
臺北市中山區中山北路二段７２巷１９號七樓,25.057099985451,121.521470016577,23350016.0,20317632.0,13469948.0,15247709.0,21681948.0,21785998.0,32015496.0
臺北市萬華區柳州街２號,25.03943102,121.505399,21715016.0,29360754.0,19634016.0,24882196.0,31362804.0,33126860.0,42334600.0
臺北市信義區和平東路三段１７９號,25.02397198,121.5534796,9500005.0,10030580.0,7594316.0,7916633.0,8914476.0,12680833.0,14866568.0
臺北市內湖區麗山街１０５巷１１號六樓,25.0823599822271,121.579470020523,27499980.0,27845962.0,21200056.0,27281708.0,28320804.0,28653436.0,41317810.0
臺北市大安區信義路四段５３巷２８號七樓,25.0345799909134,121.545000030447,58999960.0,54143988.0,18027120.0,35955436.0,53098572.0,63405260.0,84104770.0
臺北市士林區中山北路七段８１巷１６弄５號十二樓,25.1222000062103,121.530309990761,45280000.0,38983504.0,16268946.0,31392728.0,43747310.0,52668676.0,63714516.0
臺北市松山區民族東路６９３號,25.06323701,121.548579,24999980.0,23292592.0,18011036.0,22128530.0,23019248.0,25093424.0,33029384.0
臺北市萬華區西寧南路３０７號四樓之１,25.0381800183273,121.506440006898,8099997.0,11281406.0,8249419.0,9280415.0,10708028.0,15679629.0,18319634.0
臺北市大安區光復南路２９０巷２８號十樓,25.03945,121.55639,85179960.0,73152790.0,15313286.0,37836464.0,85232616.0,92256216.0,116486740.0
臺北市南港區成福路１４９巷３號,25.041707,121.587958,15500001.0,14232176.0,11794028.0,13409579.0,14377875.0,17283488.0,22152854.0
臺北市中山區民生東路二段８３號,25.058123,121.530731,10399997.0,10097245.0,7934342.0,8602468.0,8691189.0,12999365.0,14967173.0
臺北市南港區成福路１９４巷６號,25.04073499,121.58789,15999987.0,15879138.0,10351887.0,13266049.0,17472084.0,19467182.0,26848192.0
臺北市南港區經貿二路１５７巷３６弄５６號九樓,25.0610000011795,121.615650002666,36499996.0,30701332.0,13031439.0,18692184.0,29299888.0,32849448.0,43328948.0
臺北市內湖區金龍路２２２巷２號五樓之４,25.0878000050261,121.586569995427,22559984.0,21005488.0,17102700.0,18654964.0,21574280.0,24627700.0,33839750.0
臺北市萬華區中華路二段４２２號四樓之３,25.027630010167,121.506049996943,24999980.0,26369508.0,19636450.0,27990376.0,32232458.0,39719944.0,40955160.0
臺北市中山區長安東路二段１８９號,25.04838079,121.5427736,12960002.0,10096841.0,7638099.5,8584111.0,8758452.0,14703796.0,14816661.0
臺北市士林區中山北路六段２３６巷７號,25.10826391,121.5261397,39855028.0,42995200.0,23949656.0,39336420.0,49495010.0,56650816.0,73065080.0
臺北市信義區永吉路１２０巷２０號五樓之６,25.0447899871714,121.570189996422,16500011.0,13978267.0,12126196.0,13018471.0,15056392.0,18061778.0,23565000.0
臺北市北投區大業路５５６號,25.13528701,121.496933,7999997.0,10084812.0,6582130.0,6744296.5,9437427.0,13118674.0,16706645.0
臺北市大安區敦化南路一段１３８號十二樓之６,25.04459403,121.5486067,88180056.0,56948200.0,10167999.0,34060240.0,69930680.0,74084860.0,93504260.0
臺北市大同區南京西路３４４巷４１號十一樓之４,25.0527199800372,121.512240032438,11439998.0,14613182.0,13114546.0,14062208.0,14247032.0,19646116.0,23565584.0
臺北市松山區南京東路三段３０３巷１４弄５號五樓,25.0536199868906,121.547100032469,30680026.0,28023334.0,19104204.0,25082228.0,26432604.0,28528992.0,39155344.0
臺北市北投區稻香路１６１巷１６弄２之５號二樓,25.142503034365,121.488952489768,27270000.0,26082436.0,8637356.0,14861124.0,27697380.0,32915742.0,43962280.0
臺北市北投區石牌路二段３４３巷２２號二樓之５,25.1226699795214,121.523249997535,16099999.0,15295188.0,12832978.0,12854708.0,18011894.0,18581244.0,23985452.0
臺北市北投區中和街５０２巷２弄１１號五樓,25.1455700095489,121.494899970244,8500000.0,11157398.0,4924562.5,8352378.0,11421182.0,12994754.0,17481252.0
臺北市士林區忠誠路一段１６巷２３號,25.105726,121.52546,12259990.0,10516088.0,8343493.0,8913558.0,11592900.0,16706836.0,16918414.0
臺北市中正區汀州路二段８５號六樓之６,25.0254399865053,121.517690029702,12080004.0,14143173.0,12068144.0,12710206.0,13237336.0,17184448.0,21677566.0
臺北市萬華區萬大路３８６號五樓,25.0219016594723,121.498772902012,32899986.0,33037574.0,19369146.0,29555328.0,44879664.0,58139896.0,65915948.0
臺北市士林區社子街２２巷２３弄５號三樓,25.0871199812215,121.506869998531,6399997.0,7206135.0,5516690.0,5774272.5,7333785.0,12883033.0,13059481.0
臺北市大安區瑞安街２０８巷４７弄２７號五樓,25.0300199841289,121.541449959176,26880012.0,21179848.0,16733401.0,18542760.0,22107648.0,24216304.0,34096704.0
臺北市中山區興安街２８之１號三樓,25.0560700171888,121.53827003275,6748002.0,5408496.5,5205692.0,5698532.0,5844985.0,9472394.0,10902826.0
臺北市內湖區成功路五段４５０巷６號八樓,25.0746899959979,121.607249994579,32999976.0,35903148.0,18638284.0,24150484.0,33397440.0,36355410.0,52567510.0
臺北市中正區中華路二段２９９號六樓之４０,25.0295500108178,121.504609985978,6000000.0,6507034.5,3306134.5,4354332.5,5799001.0,10912812.0,11309327.0
臺北市松山區民權東路三段１０６巷２１弄５號六樓,25.0595700065883,121.545460029294,34260004.0,31884964.0,19320588.0,25861844.0,30499040.0,33425418.0,45436590.0
臺北市大安區大安路二段６６號八樓之３,25.0320999953114,121.545899995391,32240022.0,22371018.0,13096298.0,15815150.0,20848304.0,22500980.0,35976704.0
臺北市文山區福興路７８巷２０弄１１號四樓,25.0043799937723,121.551500028722,11900004.0,12569964.0,10541894.0,11390008.0,13741594.0,15396255.0,19419862.0
臺北市北投區珠海路１１號二樓,25.1418900187788,121.506029964195,8500000.0,12596437.0,8299630.5,9291627.0,12983754.0,17111642.0,19495906.0
臺北市大安區新生南路一段１３９巷９號,25.03672002,121.533525,32600028.0,27698332.0,16558368.0,23330696.0,27236472.0,31008416.0,39481564.0
臺北市信義區富陽街７２巷２５號,25.02256399,121.555489,5500000.5,5350040.0,5796679.0,5913489.0,6520309.5,11091770.0,11791914.0
臺北市北投區溫泉路３７巷２８號七樓之６,25.1364186949227,121.511857688462,6380003.0,6185297.0,3106341.2,4681739.0,5961392.5,9048298.0,10392799.0
臺北市中正區水源路７７號,25.02114699,121.519977,40380010.0,33200172.0,21824720.0,27509004.0,37776180.0,42040336.0,55446904.0
臺北市北投區三合街一段６３號,25.12690749,121.5057629,54180040.0,48688084.0,25240600.0,30055418.0,48647056.0,62361084.0,87712550.0
臺北市北投區溫泉路６８之３號,25.1349000144447,121.504600011513,16800016.0,18711196.0,7802166.5,11635654.0,18931506.0,21846044.0,27033694.0
臺北市北投區明德路２８６號三樓之１,25.115079998558,121.522620013693,13499990.0,13033825.0,9773826.0,11306243.0,12557982.0,14858290.0,20679868.0
臺北市內湖區成功路五段４５０巷２２弄２０號五樓,25.0750499987393,121.607749975104,32879976.0,30521968.0,16094933.0,22377334.0,30079448.0,30269604.0,42883244.0
臺北市文山區保儀路１０９巷３弄３０號三樓,24.9861900065961,121.569060032055,11219990.0,11566506.0,9574149.0,10006121.0,12758784.0,18289470.0,19021086.0
臺北市內湖區成功路四段６１巷３２弄２號三樓,25.0810000184369,121.593320025873,7999997.0,16988616.0,11230888.0,12018435.0,16100429.0,17840154.0,26355078.0
臺北市中正區重慶南路三段１６１號,25.02267999,121.517009,34200004.0,29504580.0,20498986.0,22563856.0,31655060.0,40254050.0,50959900.0
臺北市內湖區新豐街５８號十三樓,25.06021001,121.58327,67979944.0,60061700.0,25379922.0,40255508.0,78553970.0,91193920.0,111134824.0
臺北市中山區中山北路二段６２巷３５號四樓之２,25.0567499990839,121.520929970555,16399985.0,17979116.0,11133143.0,11929252.0,17559548.0,18596134.0,28418310.0
臺北市文山區秀明路一段７９巷５弄１９號七樓之２,24.9907000153282,121.565030013009,11180000.0,13577484.0,12346275.0,12768643.0,13680816.0,15244656.0,20746042.0
臺北市中山區新生北路二段６８巷１５號七樓之７,25.0564899924474,121.526149968396,7949998.0,9746832.0,7212694.0,8024953.0,9576743.0,13376958.0,14712268.0
臺北市信義區吳興街２８４巷２０號四樓,25.02395002,121.5633,17500000.0,14048455.0,11575025.0,11985951.0,15262723.0,15831417.0,21316752.0
臺北市松山區新東街３０巷３２號四樓之２,25.059559990214,121.567000011712,31799996.0,24735224.0,18449940.0,23040596.0,24661498.0,27922388.0,36325396.0
臺北市北投區天母西路１１８號,25.11888507,121.5229862,119379990.0,79462210.0,28723312.0,39741240.0,81099970.0,114131750.0,155154500.0
臺北市中山區民生西路４５巷７弄１８號二樓,25.0586899905739,121.521430034899,16999994.0,11820670.0,5451383.5,6625396.0,11222516.0,12738066.0,19013904.0
臺北市萬華區青年路３０巷６號十一樓之１,25.026020014205,121.504230034307,18000012.0,20505750.0,17486220.0,24890122.0,25305724.0,33148666.0,35653384.0
臺北市文山區興隆路四段６２巷１０之１號,24.9851900036378,121.560939979535,17500000.0,16520575.0,12372796.0,13720772.0,18181578.0,22019526.0,25608074.0
臺北市大安區忠孝東路四段１８１巷３５弄４號五樓,25.0438800058532,121.551059978805,37150030.0,31681034.0,7127012.0,23505968.0,32161714.0,39055096.0,48017156.0
臺北市內湖區星雲街１６５號九樓之５,25.0812399923248,121.597039998321,19800014.0,17593810.0,14315703.0,15166321.0,18545306.0,19479292.0,28061202.0
臺北市松山區市民大道四段３９之１號十樓,25.0452700187663,121.545799999286,174600020.0,113104130.0,21871560.0,44263584.0,109824770.0,128126130.0,173576320.0
臺北市萬華區昆明街１４１號六樓之１２,25.0409400114049,121.504509989873,2539999.8,5741452.0,5720552.0,5929889.0,6843915.0,8654457.0,10490086.0
臺北市士林區福港街１８巷１０號,25.09098601,121.517708,3999999.8,3839483.2,3397443.8,3778541.2,5135950.0,9863380.0,11375744.0
臺北市萬華區中華路二段３６４巷３６號,25.02799701,121.502894,25099984.0,37493356.0,20868396.0,34985468.0,47023440.0,59564636.0,61456828.0
臺北市大安區仁愛路四段５０之８２號,25.03760062,121.5473785,11999996.0,8300145.0,5381623.5,6818845.5,9209442.0,14898275.0,16767682.0
臺北市士林區天母東路６９巷１１之８號六樓,25.11921999,121.53387,2500000.8,7757627.5,6450955.5,7099179.0,7686943.0,10745428.0,13333678.0
臺北市大安區仁愛路四段３３號五樓之２,25.0379599933689,121.553949975201,46680020.0,40097730.0,9113284.0,28030926.0,42836076.0,55614464.0,56228830.0
臺北市信義區忠孝東路五段７４３巷２１弄２１號五樓,25.04376999,121.58025,31879976.0,30340700.0,10715240.0,17917084.0,30096090.0,40239310.0,45824410.0
臺北市內湖區星雲街１６３號五樓,25.0810799817932,121.59686003886,19700000.0,19414492.0,13897212.0,16459463.0,19094842.0,19778612.0,28739972.0
臺北市信義區虎林街７６巷５號六樓,25.0436000083776,121.57681002355,18000012.0,17394508.0,7651448.5,12387058.0,15754544.0,21862842.0,24378600.0
臺北市內湖區文湖街２１巷８２弄２３號四樓之１,25.0890600146209,121.560800001752,20130010.0,18235688.0,10487625.0,11547439.0,18606850.0,23238232.0,31495164.0
臺北市松山區健康路１７４之１號九樓,25.0536600104783,121.558530014734,17099994.0,13150365.0,11091262.0,11874293.0,12416437.0,18212608.0,18458424.0
臺北市松山區光復北路８０巷２７號六樓,25.0502100191313,121.557120010982,32999976.0,28512672.0,19921576.0,25109512.0,27389790.0,31557702.0,40398652.0
臺北市北投區中央北路四段３９８號,25.12963601,121.470974,8160000.0,9369826.0,5604906.5,7152661.5,9515002.0,12074176.0,15808877.0
臺北市內湖區康寧路三段９９巷３９弄１號,25.07301399,121.610554,24200006.0,22207046.0,17113078.0,20732868.0,22936196.0,24947252.0,32906326.0
臺北市松山區八德路四段１８１巷１７弄９號三樓,25.0493100122778,121.563490005938,17099994.0,15864305.0,10524616.0,11608742.0,13695854.0,17687450.0,23571338.0
臺北市內湖區內湖路二段１７９巷５８號二樓,25.0828699791259,121.586839976528,22000004.0,22912760.0,15890803.0,19427642.0,23339642.0,24900520.0,33378146.0
臺北市文山區興隆路一段１８１巷４號四樓,25.0011200201703,121.543260031167,13600008.0,15003415.0,12654738.0,13136402.0,15115177.0,17274128.0,21739136.0
臺北市萬華區成都路１０２號十七樓之３,25.0435200031118,121.502279984533,41160024.0,38874350.0,14231388.0,31148546.0,50369464.0,50796290.0,67322010.0
臺北市中山區龍江路４６巷９號八樓,25.0493699847951,121.53932003376,176200140.0,87461130.0,40916748.0,52827536.0,76908490.0,105663390.0,149819470.0
臺北市士林區文林路７６３號五樓之２,25.10311001,121.51909,10899998.0,11955698.0,9093576.0,9754625.0,11991142.0,14658796.0,19918574.0
臺北市信義區信義路五段９１巷８號三樓,25.0334799918502,121.571030030759,186000110.0,106343740.0,32320864.0,41432710.0,88409760.0,114781656.0,154447940.0
臺北市萬華區國興路１０２號二樓之３,25.0273800199048,121.50543996203,26499996.0,28645624.0,18947328.0,26527456.0,31859916.0,39424300.0,41790740.0
臺北市中山區林森北路５０號十一樓之１,25.0634199823548,121.525990041683,14849989.0,13725693.0,5686166.0,7990732.5,11374052.0,15760375.0,19797824.0
臺北市信義區忠孝東路五段２３６巷３弄３３號四樓,25.0404800125586,121.573809972766,33800016.0,35704424.0,20094602.0,24814752.0,29912786.0,36213050.0,46659990.0
臺北市南港區南深路３３號八樓之１３,25.0367799890399,121.620640001083,8200004.0,9017648.0,4928109.5,6109634.5,9341471.0,13987975.0,14592599.0
臺北市北投區磺港路８號九樓,25.13324999,121.50209,18249988.0,18872560.0,8319696.0,15023918.0,21405652.0,30805568.0,35100164.0
臺北市信義區光復南路５６７號四樓之１３,25.03073002,121.55758,25680024.0,18684948.0,10996808.0,13945831.0,21686374.0,26297532.0,30559890.0
臺北市大同區環河北路一段３８９號五樓,25.06131998,121.50861,37999988.0,38462736.0,15831145.0,26375646.0,42824970.0,47303296.0,68121680.0
臺北市萬華區東園街３０號二樓之２,25.0271200132683,121.495819967937,16350013.0,19617920.0,10126252.0,14381632.0,22502184.0,25672628.0,34152028.0
臺北市中正區杭州南路一段１４３巷１２弄２號二樓,25.03592001,121.52549,22000004.0,15248989.0,8277734.5,10072316.0,15526394.0,18594290.0,24498956.0
臺北市大安區敦化南路一段１６１巷７３號四樓,25.0435399939509,121.552660000302,8500000.0,15527342.0,4240467.5,10224846.0,19352896.0,19932560.0,28497558.0
臺北市北投區豐年路二段６６號,25.1358200121372,121.495749979045,9000001.0,6681596.0,3268813.8,3798119.0,6133746.0,10727673.0,12489284.0
臺北市士林區中山北路七段１４巷５弄８號,25.11924899,121.531608,24999980.0,28795830.0,17838554.0,24500216.0,26414360.0,33773980.0,44423520.0
臺北市南港區福德街３７３巷２７號十四樓,25.03960555,121.5924718,21500010.0,20049542.0,12371215.0,12590312.0,23441540.0,30528548.0,33920530.0
臺北市文山區保儀路６０號十七樓,24.9876099848131,121.568500037104,9999996.0,13086935.0,5809995.0,10040782.0,16081554.0,20851962.0,24028768.0
臺北市松山區民生東路四段９７巷６弄１６號四樓,25.0592400110603,121.552929981404,27999986.0,18412782.0,12306354.0,14971141.0,22541618.0,24996978.0,28917688.0
臺北市中正區詔安街３２巷２０號四樓,25.0243000057639,121.515100021621,11400006.0,13939874.0,11942844.0,12070170.0,14014119.0,16013176.0,21037524.0
臺北市士林區中山北路六段７２８巷６號,25.11456501,121.528173,18300008.0,18572138.0,15784110.0,16948968.0,19197824.0,21550344.0,26181972.0
臺北市北投區關渡路４８號,25.12046298,121.469043,86800030.0,273322430.0,781625.9,48018070.0,135806260.0,195845070.0,218801660.0
臺北市北投區崇仁路一段１７６號三樓之２,25.12391326224,121.502074297912,5500000.5,8007927.5,3617577.8,5057023.5,8065025.5,12435468.0,13445178.0
臺北市內湖區行善路２５巷５２號,25.05694702,121.577282,22499994.0,23825638.0,17372724.0,19683886.0,22681568.0,28324206.0,35911572.0
臺北市大同區民權西路１６０巷１８弄６號十樓之２,25.06216001,121.51549,40119988.0,31951322.0,14221973.0,26618128.0,37637450.0,44350456.0,58406536.0
臺北市松山區敦化北路１４５巷２３弄５號三樓之２,25.0530299847261,121.550350031606,38719990.0,28149546.0,14345688.0,21355004.0,33220758.0,34154896.0,47645210.0
臺北市中山區南京東路二段１８６號,25.0518307,121.5353104,56000000.0,43707280.0,22885900.0,30107516.0,46039924.0,51882496.0,74553220.0
臺北市信義區吳興街６００巷７６弄１２２號,25.01792201,121.569432,14799996.0,14220454.0,11663006.0,14117946.0,16113086.0,19004296.0,22761352.0
臺北市萬華區萬青街１３３號二樓,25.02338001,121.50166,2440000.0,4241134.5,1564020.0,4509569.5,5068969.0,10037106.0,12261089.0
臺北市中山區四平街１０７號六樓,25.0537400157441,121.535810027987,12599994.0,12024810.0,9870005.0,10862350.0,11531856.0,13486349.0,17635168.0
臺北市大安區金山南路二段１８號,25.03329701,121.526954,49999988.0,37193776.0,23180240.0,33324902.0,33448568.0,39256144.0,54984570.0
臺北市大安區安和路一段１２號七樓,25.0388200185442,121.550290017179,7549998.5,23050750.0,850251.7,15681813.0,23326604.0,36280664.0,36319576.0
臺北市內湖區康寧路三段１８９巷１４１弄１４號,25.07369699,121.612115,25299980.0,23968714.0,19015900.0,24017452.0,24357732.0,28022692.0,37806816.0
臺北市中山區明水路６０９號九樓之１,25.08212998,121.55061,65999984.0,49039730.0,29182040.0,41585990.0,56434370.0,71575250.0,86481096.0
臺北市北投區奇岩路８之１號,25.13388761,121.5072858,22999982.0,33046650.0,21331476.0,28413270.0,33894590.0,45501720.0,58604830.0
臺北市文山區景文街３號,24.99354898,121.541404,15250007.0,17909398.0,15818076.0,17838928.0,21763612.0,24793368.0,30278496.0
臺北市大安區敦化南路一段１７７巷３０號四樓,25.0429499917864,121.550580031029,13279998.0,12935726.0,1812714.4,8412349.0,15118320.0,16169149.0,22790154.0
臺北市大同區延平北路二段１９７號,25.05933502,121.511571,6990003.0,9036381.0,6022788.5,6719726.5,8703224.0,13806564.0,14020883.0
臺北市內湖區文德路２３６號三樓,25.0787499803485,121.588560026879,27199976.0,31382372.0,18094122.0,22685678.0,27311332.0,30474036.0,45058930.0
臺北市內湖區安泰街１１４巷１７號四樓,25.0775534235986,121.616101626902,9900002.0,12188690.0,8733805.0,9942996.0,12231938.0,15122848.0,19549936.0
臺北市萬華區萬大路４２３巷１２９號四樓,25.022189987368,121.50233999896,5380002.0,4126221.8,3725537.8,4096829.8,4824111.0,7923650.0,9408185.0
臺北市內湖區星雲街１６８巷４３號七樓之２,25.07997998,121.59733,14000013.0,10413515.0,8623907.0,9114587.0,11218086.0,13823771.0,17238154.0
臺北市大同區民權西路１６０巷２６弄１號十六樓之２,25.0616125506636,121.515490031576,36299976.0,44067640.0,17126858.0,40083428.0,52604524.0,53929504.0,74078504.0
臺北市北投區文林北路１６巷２３號五樓之１,25.1053400175205,121.519900002293,46599960.0,37847724.0,21746060.0,28130172.0,40265876.0,47045240.0,64752696.0
臺北市萬華區青年路１６８巷２弄６４號四樓,25.0199200003501,121.501340037911,4900000.5,4965572.5,3415982.0,3459176.5,5105413.5,8214656.5,10017349.0
臺北市大安區和平東路三段４５２號,25.01731115,121.5598521,26279984.0,23761964.0,11412951.0,15511861.0,24416200.0,27001436.0,38761740.0
臺北市信義區松山路４２１號五樓之８,25.0404899870234,121.578009976809,8300002.5,9687782.0,4331871.0,6260273.0,8627197.0,12176281.0,15189422.0
臺北市內湖區內湖路三段２４２號九樓,25.0886399974528,121.587919984752,48260012.0,45875656.0,28836888.0,31952722.0,48282384.0,66179490.0,81341170.0
臺北市中正區仁愛路一段５９號,25.038558,121.525117,11004004.0,7288423.0,4784789.5,4850105.5,7321207.0,10374479.0,13232035.0
臺北市大同區重慶北路二段６７號十樓之１３,25.05578,121.51433,5359998.5,5416223.5,4579126.0,5346571.5,5458901.0,8839487.0,10101156.0
臺北市士林區文林路７６５號,25.1032924,121.5189652,22999982.0,24993974.0,17759014.0,22513172.0,24409820.0,28771180.0,35046244.0
臺北市萬華區東園街６７巷２號,25.02622701,121.49678,15600012.0,14666543.0,11064154.0,11575644.0,16237418.0,16741701.0,23010732.0
臺北市內湖區港華街５１巷６號三樓,25.0833200035073,121.57556003033,9400006.0,12024374.0,9273444.0,10094472.0,11217144.0,14087658.0,18834800.0
臺北市松山區八德路三段１０６巷６５號,25.0447599799581,121.554439981261,10800002.0,11939062.0,5676727.0,7188563.0,9006922.0,18268272.0,19838270.0
臺北市北投區石牌路二段３１５巷２號五樓之６,25.12295999,121.52156,7800001.5,6764355.0,4435677.0,4682739.5,6978420.0,9361038.0,12118243.0
臺北市士林區德行東路３３２巷１號,25.11007701,121.537713,18999984.0,15586747.0,12194456.0,15269624.0,16081953.0,19363642.0,23833320.0
臺北市內湖區民權東路六段１８０巷４２弄２０號,25.06694,121.59194,31199980.0,28275788.0,14291177.0,15546901.0,29560344.0,35067908.0,41298348.0
臺北市中山區中山北路二段２７巷５號四樓,25.0533000077369,121.523740003595,60680040.0,37302264.0,16473942.0,23798432.0,37123896.0,39964644.0,63204340.0
臺北市中山區敬業三路１６２巷１２０號八樓,25.0771699957925,121.559677774105,33500028.0,27811884.0,19203464.0,21579136.0,26347036.0,30824904.0,42020856.0
臺北市士林區華岡路４９之２號二樓,25.1377199800395,121.541239992502,16879994.0,17487820.0,5.85723,14710809.0,30105046.0,33935604.0,112967870.0
臺北市中正區羅斯福路一段８３巷２號三樓之１１,25.031409997042,121.519849962331,15379995.0,13692538.0,10054178.0,10624859.0,12385853.0,16805142.0,21785874.0
臺北市南港區富康街２號四樓,25.0540799857369,121.617229991414,15000010.0,12559851.0,8463819.0,8713622.0,11930162.0,13883859.0,18941728.0
臺北市大安區忠孝東路三段２１７巷６弄６號,25.043232,121.539995,34500010.0,35382136.0,20963662.0,32415444.0,36956600.0,39791830.0,52397736.0
臺北市大安區安和路二段６０號七樓,25.0306700007202,121.552239983134,66179996.0,50971370.0,27301072.0,37597696.0,39792436.0,45958416.0,76577970.0
臺北市士林區士商路１４９之２號,25.0940800202517,121.517460030279,49999988.0,30653762.0,17456296.0,21442308.0,32657534.0,41451524.0,59692930.0
臺北市中正區汀州路一段１７３號四樓,25.0271900021598,121.510819970402,6399997.0,4453403.0,4828972.0,5314225.5,5513139.5,8790946.0,10315817.0
臺北市中山區德惠街５２號八樓之１８,25.06656999,121.52719,6749997.5,5265653.5,4639479.5,5387472.0,5639817.5,9099684.0,9629935.0
臺北市士林區文林路５９４巷１８號,25.09863198,121.524326,17679996.0,20061016.0,15750849.0,18212398.0,21028860.0,21098524.0,27512572.0
臺北市中正區重慶南路三段１４６巷７號二樓,25.0238799885958,121.516159997096,24000004.0,20741452.0,13695489.0,16854482.0,22400224.0,22526016.0,32366206.0
臺北市文山區木新路三段５０巷１０弄３之２號五樓,24.9831299832943,121.56422996035,15700009.0,19910634.0,15656350.0,21002644.0,26819786.0,33030076.0,37120212.0
臺北市中山區安東街１９號,25.04517099,121.542384,17300012.0,14720184.0,9846801.0,10196081.0,13177733.0,19655486.0,24143804.0
臺北市北投區中山路４７號十二樓之１４,25.1387199829979,121.511750026379,2600001.0,4721357.5,3369899.0,3897656.0,4957746.0,8905367.0,9121596.0
臺北市南港區研究院路二段６１巷１７號十三樓之１,25.0446500093884,121.617390001946,46879976.0,51944084.0,28301524.0,41036092.0,59404210.0,78200570.0,98890990.0
臺北市中山區長春路２３５號九樓,25.0547900167549,121.539190030442,16999994.0,17033164.0,14492383.0,15299768.0,17644690.0,23205810.0,26475342.0
臺北市萬華區萬大路８５巷２０弄１４號,25.0300600077166,121.501770029544,11600000.0,9368665.0,6007564.0,6574940.5,10039940.0,16042860.0,18713124.0
臺北市中山區林森北路４８３號三樓,25.0611900189245,121.525740009512,8799997.0,12489856.0,7774113.5,8864027.0,11361303.0,13286484.0,19259696.0
臺北市士林區承德路四段１０巷３１號二樓,25.0801099860482,121.520399982818,12800001.0,11988032.0,8308571.5,9638002.0,12354520.0,15829847.0,19653950.0
臺北市信義區忠孝東路五段４２３巷６弄３號二樓,25.0416800077267,121.576659987483,15000010.0,25122016.0,11052174.0,16413661.0,20355722.0,24399952.0,32958460.0
臺北市信義區嘉興街３０５巷３號,25.02326702,121.554884,13000010.0,15524766.0,10110388.0,10244953.0,13727892.0,18064742.0,23153330.0
臺北市內湖區星雲街１６８巷４３號十五樓之２,25.07997998,121.59733,14799996.0,10876115.0,8190211.0,10189160.0,12448687.0,16745214.0,19187318.0
臺北市松山區民生東路五段１６２號,25.05846401,121.56276,35999972.0,32128054.0,20770906.0,30124288.0,31898650.0,43970584.0,45030404.0
臺北市北投區育仁路１２巷１０號,25.1329399902061,121.498609968228,26999992.0,15524410.0,5972204.0,6944018.0,14705255.0,21809696.0,23635762.0
臺北市大同區迪化街二段１４６巷２之５號,25.06672744,121.5091706,5055369.5,6280868.0,1878622.1,4312831.0,6631035.0,11596239.0,12392966.0
臺北市松山區松河街３８號三樓,25.0506900088166,121.57324000335,35999972.0,32061328.0,16423870.0,22188968.0,36581332.0,41631304.0,53579064.0
臺北市南港區福德街３０９巷２３號,25.03912998,121.588196,9900002.0,7859289.0,6005765.0,7161295.5,7337374.0,12634913.0,13573600.0
臺北市士林區中正路１０４巷１弄２之１號三樓之１,25.0968499877941,121.52945998196,14000013.0,15089223.0,11244692.0,12069294.0,14764724.0,16470958.0,22628116.0
臺北市萬華區西藏路４９８號三樓,25.028810014496,121.493860027517,9999996.0,8231305.0,4341466.0,6095666.5,9012971.0,12690584.0,14237905.0
臺北市南港區研究院路三段１８巷１０號五樓,25.0353400199839,121.61499001161,24700006.0,23039542.0,10418442.0,16365363.0,24139016.0,30060750.0,39946732.0
臺北市中山區南京東路二段１０８號,25.051839,121.532169,16099999.0,17116930.0,9461849.0,11714864.0,16413222.0,18840550.0,26321470.0
臺北市松山區健康路３２５巷２５弄２號十二樓,25.0564800179827,121.565690004065,49549984.0,35377684.0,13229839.0,21198278.0,36158250.0,37795640.0,62286190.0
臺北市萬華區桂林路１０９號五樓之２,25.0385499955334,121.500820024638,28899988.0,35348140.0,19782196.0,25510476.0,39259140.0,44677760.0,58906410.0
臺北市中山區建國北路一段７１號,25.05112901,121.537191,42000020.0,41565056.0,27166846.0,36210216.0,37391804.0,46474450.0,67027316.0
臺北市內湖區內湖路一段４３號三樓,25.08135998,121.5719,16800016.0,20697822.0,11922474.0,14397029.0,18522822.0,19290910.0,29384620.0
臺北市萬華區開封街二段５９號七樓,25.0470300088856,121.505390005887,6500001.0,7193597.0,5837286.5,6398294.5,6672853.0,9710944.0,11641648.0
臺北市北投區大業路４６２之６號三樓,25.13193001,121.49635,29330024.0,23692000.0,12380114.0,15218509.0,22646380.0,26955896.0,37405856.0
臺北市北投區中央北路二段３３３號二樓,25.1383199985783,121.489079995774,15000010.0,14237633.0,7036178.0,9520284.0,13264986.0,17305292.0,22678194.0
臺北市松山區南京東路五段６６巷３弄２４號五樓,25.0507700140824,121.561499974486,33279994.0,32217646.0,20278412.0,25262514.0,28584548.0,29521410.0,45220276.0
臺北市中山區林森北路２８６號七樓之４,25.0556999980731,121.525349999557,8799997.0,9546705.0,4435402.0,5705819.0,8266658.5,12304453.0,14506266.0
臺北市信義區松仁路２３４巷２號,25.02518702,121.568959,27888164.0,18831784.0,15166263.0,17261382.0,18639528.0,21206284.0,28185220.0
臺北市北投區裕民六路１１４巷２７之２號,25.11442902,121.518396,15679988.0,15465922.0,13114371.0,14397688.0,16044758.0,19889416.0,22840112.0
臺北市士林區德行西路９３巷２弄４號三樓,25.1046900009293,121.521370020472,20000004.0,18584966.0,13862161.0,16183527.0,19103730.0,21323176.0,26565888.0
臺北市信義區虎林街４０巷３１號,25.04746599,121.575376,22580002.0,20011986.0,13576474.0,16709258.0,19216690.0,21585188.0,28128616.0
臺北市信義區吳興街２２０巷１１弄５號,25.02749401,121.562365,31799996.0,25927336.0,18276950.0,24338830.0,26132380.0,27869608.0,37824920.0
臺北市大同區大龍街３２號七樓,25.06436001,121.51595,24499984.0,27037510.0,12204089.0,20278916.0,29800600.0,32267090.0,44427164.0
臺北市士林區美崙街６２巷２０號五樓,25.0976499985427,121.522720009798,13079997.0,18394142.0,13313069.0,16258926.0,16272515.0,18170658.0,26163002.0
臺北市信義區林口街２４巷９號,25.03768301,121.579768,16500011.0,16842656.0,9808824.0,10105222.0,16019225.0,23601884.0,28685152.0
臺北市大安區忠孝東路四段２３３號,25.04165511,121.5536086,13149989.0,12518117.0,4194559.0,7908445.5,12130823.0,15390941.0,19912078.0
臺北市文山區光輝路１３２之１號,24.985189,121.558113,14300011.0,19706688.0,16415351.0,20105260.0,20155788.0,23940340.0,28878500.0
臺北市萬華區康定路１０５號五樓之１,25.039469993226,121.502059959575,10680002.0,17913428.0,12938761.0,15353323.0,20461328.0,21399448.0,30610410.0
臺北市文山區恆光街２２巷１０號,24.982442,121.566596,17800012.0,20453720.0,14877858.0,24328572.0,24347466.0,29835464.0,30557908.0
臺北市中山區松江路１５０巷２９號五樓,25.0540900021112,121.530630011824,20200010.0,19700826.0,12969003.0,15000182.0,17292160.0,18432880.0,28010508.0
臺北市松山區健康路５１號十四樓,25.0536600104783,121.555500040555,40000028.0,36094170.0,24520086.0,33046524.0,37531996.0,42307880.0,58846216.0
臺北市大安區杭州南路二段６５巷２６號,25.02963601,121.52333,21250014.0,13456928.0,10976963.0,11085806.0,12366402.0,18129772.0,22884460.0
臺北市信義區信義路五段１１９號十二樓之２,25.03374,121.57359,29999978.0,24135056.0,12161542.0,14458423.0,24931744.0,28416956.0,36457830.0
臺北市文山區景興路１３７巷５號二樓,24.9942199955668,121.545149982695,15800014.0,15432447.0,12500390.0,12870090.0,15654379.0,17418148.0,22336568.0
臺北市大同區五原路１９號,25.056692,121.517333,12099997.0,15569870.0,12318072.0,12530324.0,15617636.0,17530468.0,24047200.0
臺北市文山區興隆路二段７８巷４弄１９號二樓,24.9990299926135,121.548539959615,13779992.0,15859585.0,12593914.0,13042678.0,16160701.0,19982426.0,23654162.0
臺北市北投區中央北路三段４０巷３８弄１８號,25.14009621,121.4855944,18999984.0,15506063.0,7908807.5,11586644.0,17369776.0,20098358.0,26797798.0
臺北市北投區自強街１２２號,25.11074199,121.51583,45000012.0,42348732.0,26153024.0,34489416.0,44465990.0,64228080.0,75746460.0
臺北市文山區景興路１３７巷５號五樓,24.9942199955668,121.545149982695,13680007.0,13491675.0,11449799.0,11615653.0,12461943.0,14328870.0,19536890.0
臺北市北投區石牌路二段３２４巷９弄２號,25.12152401,121.524384,15879986.0,30673296.0,20494958.0,25600650.0,30896598.0,45741710.0,56435124.0
臺北市大安區樂利路３８號,25.02673901,121.551514,32389982.0,31575404.0,21527584.0,29229946.0,30113374.0,35775796.0,44220460.0
臺北市大安區瑞安街１３５巷２３號五樓,25.0267300033135,121.54098996033,16999994.0,14494622.0,10114188.0,10216093.0,12200180.0,16777952.0,21642120.0
臺北市信義區莊敬路３９１巷１弄１號二樓,25.0281200162266,121.565260012432,27249984.0,21482260.0,17223036.0,20082380.0,21185424.0,21786248.0,29372516.0
臺北市大同區酒泉街１０巷２７號八樓之５,25.0699400133779,121.519340007342,24499984.0,20351918.0,11016983.0,14532436.0,20122716.0,21607844.0,31156924.0
臺北市士林區延平北路六段３９２巷６號,25.09155501,121.501035,18099990.0,19413602.0,6856412.0,13156386.0,22264726.0,25453708.0,31275410.0
臺北市中山區復興南路一段４２號七樓之３,25.04531,121.54365,9700004.0,7787529.5,6176414.0,6443762.0,7230559.0,11542903.0,13953174.0
臺北市萬華區西藏路１２５巷１７號七樓,25.0280700181742,121.502490035027,16800016.0,16691611.0,13776602.0,15480176.0,17393016.0,23636528.0,23901968.0
臺北市松山區八德路三段１０６巷８８號九樓,25.0454099965493,121.554209981837,69499980.0,52470050.0,25550260.0,40199344.0,48647890.0,73432240.0,81154430.0
臺北市萬華區桂林路２１４號四樓,25.0385100138553,121.496650027808,5600001.5,6300017.0,3490988.5,4602760.0,6182437.0,8808889.0,10911251.0
臺北市大安區四維路６６巷２號,25.03459298,121.548001,52520010.0,49753500.0,20113544.0,36613230.0,47291388.0,52089930.0,73070936.0
臺北市萬華區國興路１巷８號十二樓之２,25.0234533623791,121.508505700339,10979999.0,10857254.0,8293751.5,9240110.0,10346162.0,16474445.0,16512416.0
臺北市內湖區康寧路三段１９０巷１３號,25.06872401,121.611393,28300014.0,30270064.0,15560191.0,20629244.0,24019420.0,27635852.0,42073544.0
臺北市松山區復興南路一段１號,25.04734299,121.544173,22999982.0,21695392.0,16208023.0,17880862.0,19337732.0,25739310.0,28954722.0
臺北市士林區福港街１１５號,25.08836302,121.51818,13499990.0,12946488.0,11460505.0,11767087.0,13041036.0,16539839.0,19725190.0
臺北市萬華區青年路１５２巷２９號五樓之１,25.0203600083573,121.501599960728,6770002.0,7524517.0,4667691.5,4855645.5,7572778.5,11739424.0,13313399.0
臺北市松山區南京東路四段９３號八樓之２,25.05182002,121.55414,5600001.5,9887641.0,6499660.0,6686664.0,9531350.0,14000520.0,15829998.0
臺北市中山區德惠街４５號,25.06674299,121.526995,6629998.0,5318200.0,3326584.8,4451076.0,5165678.5,9040846.0,10265648.0
臺北市松山區延壽街１１號,25.0574000156752,121.568600033209,4879999.0,2541717.8,2931943.0,3171758.8,4308687.0,9362841.0,9876991.0
臺北市大安區敦化南路二段１１巷５８號,25.03247701,121.551314,31999990.0,24856344.0,13715278.0,19707404.0,27201482.0,30374978.0,38541016.0
臺北市文山區景華街１７６巷１１號三樓,24.9972899933333,121.548480029008,24000004.0,31616986.0,19676980.0,26728732.0,30075662.0,32118556.0,44354772.0
臺北市大安區新生南路三段２號十二樓之４,25.0248499843408,121.534939986437,29289996.0,20567052.0,10683506.0,22580002.0,32385040.0,33303996.0,34881524.0
臺北市中山區民生東路二段８３號五樓之４０,25.0581100047837,121.530769989607,8500000.0,9782778.0,7493923.5,8230677.0,8674495.0,11280502.0,14771879.0
臺北市信義區信義路五段１５０巷１０號十樓,25.0279900129083,121.570510017486,24040688.0,17858368.0,16581787.0,18654004.0,19029506.0,23228748.0,28361994.0
臺北市北投區中央北路四段５４１巷１３號十四樓,25.1274000132118,121.468200004412,27780022.0,22149010.0,6477550.5,12630022.0,25004656.0,27983702.0,40879148.0
臺北市松山區南京東路五段３３６號,25.05107101,121.568924,11050002.0,10560389.0,8510083.0,9588532.0,10201256.0,15532081.0,15628900.0
臺北市文山區羅斯福路五段２１１巷３５號,25.00290348,121.5399751,8500000.0,18937248.0,15219641.0,17937122.0,19648214.0,21507720.0,26164798.0
臺北市信義區嘉興街２８０號,25.02398799,121.555229,12500008.0,12759246.0,9025822.0,9773230.0,11294561.0,15406654.0,19180366.0
臺北市松山區八德路四段４４５號,25.04992001,121.570422,10124997.0,10917392.0,8333473.5,9049023.0,10222545.0,14713447.0,14860813.0
臺北市內湖區內湖路一段３２３巷４弄１２號五樓,25.0826900196647,121.567469985023,17700004.0,14495728.0,11015806.0,11277684.0,14139640.0,15600012.0,21472306.0
臺北市大安區忠孝東路三段２５１巷９弄１０之３號,25.0432200147972,121.542129982981,6500001.0,7214042.5,6402842.0,6501985.0,7162757.5,12210329.0,14436213.0
臺北市北投區中和街３７１號四樓,25.1421900070934,121.498669982654,7850000.0,8540571.0,6133412.0,6484597.0,8356313.5,11412342.0,13989576.0
臺北市內湖區康樂街１５１巷７之１號,25.0717300107105,121.619769959533,11288897.0,10840741.0,8380767.0,9155620.0,12377564.0,15095758.0,19704848.0
臺北市北投區中央北路二段３５０巷６８號十樓,25.1395000029074,121.488740025781,27850000.0,26398998.0,11097949.0,16597513.0,27547544.0,35749130.0,46997616.0
臺北市大安區敦化南路二段１７２巷３４號四樓,25.0240299827531,121.546780011406,22210012.0,16023717.0,11808614.0,12261884.0,17000220.0,20656846.0,24567368.0
臺北市萬華區萬大路４８６巷２２號,25.02011798,121.496694,8599999.0,6387113.0,4287904.5,4555057.5,6870373.5,11983848.0,13082193.0
臺北市中正區中華路二段４４１巷７之１號,25.02582602,121.508883,6419999.0,6832939.0,6126987.0,6642649.0,6853777.5,13345866.0,14025992.0
臺北市松山區八德路四段６４２號,25.04981498,121.57484,13099996.0,14864214.0,10025110.0,10971918.0,14179935.0,17993730.0,22129584.0
臺北市北投區文化三路９９號五樓,25.1404899894914,121.498860000399,22499994.0,22418732.0,13188193.0,18186608.0,21953936.0,23057698.0,33658290.0
臺北市萬華區康定路１６６號,25.039449,121.501804,24999980.0,29887066.0,19207054.0,26347940.0,32721318.0,34935524.0,45515956.0
臺北市大安區新生南路一段１３７巷１１號四樓,25.0370599865155,121.53362997879,40000028.0,41328372.0,19413788.0,28881970.0,32704908.0,36847220.0,57546012.0
臺北市大安區忠孝東路四段３１１號八樓之８,25.0415800116218,121.55580002887,22499994.0,17783486.0,7715660.0,9783226.0,15376651.0,18130154.0,24876548.0
臺北市文山區樟新街３６號,24.97844898,121.555374,25999984.0,31642746.0,19610476.0,22178094.0,28828200.0,31728928.0,43625824.0
臺北市松山區富錦街５１０之１號,25.0609000050746,121.564440010844,14399995.0,16366487.0,12287731.0,13664256.0,17688428.0,23680390.0,25718012.0
臺北市內湖區內湖路二段１０３巷１００弄１１號,25.08381311,121.5802655,33599984.0,31816922.0,24783770.0,29869684.0,31283344.0,38065348.0,50734800.0
臺北市中山區中山北路三段５３號五樓,25.0679400074612,121.522959983686,63500024.0,43661700.0,17304830.0,27634850.0,43228320.0,51171744.0,74176344.0
臺北市中山區長安東路二段１７８號九樓之１,25.0482100132146,121.540580001446,14480005.0,13362371.0,10670392.0,12038464.0,12538931.0,18699638.0,19964026.0
臺北市中正區臨沂街３３巷１０號五樓,25.0395000004393,121.530549964649,24679992.0,21634360.0,13939847.0,17615602.0,19670376.0,22036878.0,32786414.0
臺北市大安區信義路三段１１１巷８之３號,25.0341199920672,121.539409971582,34379990.0,25791352.0,14441969.0,17455096.0,23921488.0,28097676.0,35462064.0
臺北市北投區自強街１８０巷４號,25.11089701,121.517355,7209998.0,9848886.0,8543553.0,8608631.0,8786604.0,13404312.0,15285505.0
臺北市信義區和平東路三段３１９號,25.02133499,121.556098,31999990.0,32170180.0,21178394.0,27141106.0,29713932.0,31543380.0,46017800.0
臺北市大同區哈密街５９巷７８弄５０之１號,25.0757167,121.5144457,18500014.0,19439132.0,13789300.0,19235100.0,19480406.0,22466202.0,27910462.0
臺北市信義區忠孝東路五段５２４巷５弄１２號四樓,25.0405399850758,121.580350036537,14000013.0,17795192.0,9506077.0,11677207.0,16021516.0,19582666.0,25412764.0
臺北市文山區萬安街７１號四樓之１,24.9997999961487,121.571579967426,10399997.0,13949130.0,11092362.0,12205905.0,13672182.0,15747694.0,21879528.0
臺北市大同區民權西路１７９號七樓之２,25.0631500012535,121.515820027104,33199982.0,29959722.0,18007086.0,24503816.0,32503854.0,34958652.0,47932610.0
臺北市內湖區康寧路三段７５巷２１９之４號,25.0763199827989,121.614400009445,15000010.0,14174905.0,10349123.0,10828672.0,14147004.0,15522338.0,21483284.0
臺北市大安區羅斯福路二段９３號十九樓之１,25.0251399981906,121.524120039085,14949997.0,9545121.0,5875068.0,8089228.0,10408511.0,17076494.0,18277194.0
臺北市大安區忠孝東路三段１０巷２０號,25.04085699,121.533353,24999980.0,15794922.0,12273630.0,12913638.0,15214358.0,20474642.0,26512332.0
臺北市中正區和平西路二段７號三樓,25.03165999,121.50763,24499984.0,18760798.0,9379124.0,13116772.0,20211264.0,21239072.0,28389326.0
臺北市士林區福國路９５號三樓之１２,25.10140002,121.52214,9600005.0,7402831.5,5726250.5,6284529.0,7429977.0,11478268.0,13255654.0
臺北市士林區士東路２００巷８０號二樓,25.11000999,121.534,11900004.0,10850257.0,8472508.0,8664284.0,11621104.0,15516003.0,18198926.0
臺北市文山區木柵路二段１０９巷１００弄５４號,24.992437,121.561259,13399991.0,14795565.0,13736274.0,14699450.0,15861007.0,19259844.0,23301524.0
臺北市士林區中山北路六段４０５巷６９號三樓,25.1166599873065,121.526179975609,69499980.0,61581560.0,35874056.0,43281204.0,64693564.0,86317460.0,110956270.0
臺北市南港區重陽路１２５巷３６弄１６號七樓,25.0574000156752,121.59686003886,48000030.0,37121984.0,22192396.0,27131840.0,43823976.0,60221610.0,71054010.0
臺北市內湖區康樂街１３６巷２９弄５４號五樓,25.0733799883506,121.61798000411,10999996.0,15782485.0,12603382.0,14419784.0,16063283.0,20224258.0,25229818.0
臺北市萬華區青年路２２號九樓,25.0258799945125,121.505410038636,18699994.0,19427716.0,18037370.0,23948196.0,24806518.0,30573884.0,31788110.0
臺北市內湖區成功路四段７０號,25.0828572,121.593048,14150000.0,12323524.0,9607809.0,10549638.0,11435569.0,17096080.0,18518196.0
臺北市文山區政大二街２１５巷１２號,24.98883999,121.587528,18880012.0,24100648.0,15512068.0,19465808.0,23913780.0,26830632.0,36959136.0
臺北市中正區羅斯福路三段１００號,25.021415,121.527044,8200004.0,6819717.0,5441686.0,6264901.5,7165763.5,11175544.0,13817418.0
臺北市信義區忠孝東路五段３７２巷２７弄３８號七樓,25.0395800057052,121.574849999312,20000004.0,28566564.0,11335610.0,19305560.0,26210852.0,28076246.0,37580276.0
臺北市南港區重陽路１６６巷１６弄６號二樓,25.05632998,121.60122,7150002.0,4349908.0,3234822.0,3594231.5,4791726.0,10222623.0,10310093.0
臺北市北投區天母北路１０５巷１５弄１號,25.124068,121.527441,12800001.0,11889840.0,9430679.0,10103159.0,11752194.0,16970318.0,18236314.0
臺北市大安區復興南路一段１３５巷１５號,25.04271899,121.545045,46299972.0,47899336.0,29530872.0,33277074.0,45544788.0,46089744.0,65914564.0
臺北市北投區致遠一路二段４０巷１６之１號三樓,25.1120700152181,121.514919978341,22499994.0,22100228.0,15222602.0,21517938.0,21987630.0,26404992.0,32059800.0
臺北市大安區和平東路一段１７７號六樓之９,25.0264899875161,121.532170018895,9812005.0,6559965.0,6770260.0,7553477.0,8492173.0,10527066.0,12456264.0
臺北市內湖區環山路一段６９號,25.08628598,121.568468,15320005.0,14174121.0,11067763.0,11405682.0,14364252.0,15526661.0,21784462.0
臺北市內湖區新豐街３２號,25.05961486,121.5826169,31799996.0,29490008.0,17434434.0,21832130.0,31850438.0,33682372.0,45080160.0
臺北市中山區新生北路二段９６號八樓之１６,25.0591299985811,121.527250009369,11500007.0,14400819.0,9421636.0,9623508.0,12872324.0,16505394.0,21203776.0
臺北市中山區農安街２２７巷１之１號三樓,25.06584998,121.53395,15000010.0,13345128.0,8105050.5,11140812.0,13702492.0,15535992.0,21065832.0
臺北市中山區新生北路二段６８巷１５號九樓之５,25.05648999,121.52615,13800008.0,13542207.0,8702236.0,8916109.0,12618560.0,17531236.0,19705750.0
臺北市內湖區內湖路二段３５５巷１８號九樓,25.0834500068256,121.592059974369,38679984.0,36623148.0,19495386.0,23049256.0,34836776.0,42619784.0,57634544.0
臺北市北投區吉利街３６９巷２５弄８號,25.1183199813209,121.511899978626,20899982.0,12008078.0,7853886.5,9012163.0,13168688.0,17857482.0,19589540.0
臺北市內湖區安康路３４８號四樓之１,25.0659099943312,121.612049975252,10999996.0,9986730.0,466051.44,6101308.0,12541060.0,13527002.0,18048142.0
臺北市中山區錦州街４２６巷３號四樓,25.0595700065883,121.542440029579,7500001.0,14193086.0,9676757.0,11432494.0,11713300.0,14714149.0,21334160.0
臺北市內湖區成功路四段２９４巷５號五樓之１,25.0851499825181,121.597680040448,67880050.0,60937870.0,28090870.0,39955950.0,55870908.0,79080584.0,102280110.0
臺北市內湖區江南街１１７巷８弄５號二樓,25.0760000036452,121.576780016337,36879988.0,35853056.0,19162520.0,24855916.0,32462282.0,33907850.0,49937750.0
臺北市內湖區民權東路六段４０７號二樓之１,25.0704000122242,121.603000034393,29699994.0,31853658.0,15278218.0,19870988.0,30583682.0,30634064.0,41834204.0
臺北市松山區八德路四段６３６號十二樓之２,25.0495700189143,121.57448999657,14700011.0,13269288.0,8207554.0,9703686.0,12820892.0,16060924.0,20650346.0
臺北市信義區吳興街２８４巷２４弄７６之１號五樓,25.0228599947984,121.56131004056,9109999.0,9988235.0,6989716.0,7790449.0,9131902.0,12053329.0,15500681.0
臺北市北投區中和街４９號,25.13838802,121.502265,12500008.0,13683739.0,9077477.0,10996619.0,13982533.0,19873794.0,20269016.0
臺北市文山區和興路２６巷７號,24.9853871,121.5458208,17800012.0,16831318.0,14668362.0,15176449.0,18280088.0,19931456.0,27176744.0
臺北市中山區林森北路８５巷６３之３號,25.0493400194912,121.527089998837,10600002.0,7869444.0,5607949.0,5790065.5,7114482.5,9701003.0,13158570.0
臺北市松山區南京東路五段６６巷１６號六樓,25.0502800080228,121.560690031182,27999986.0,24870238.0,17582238.0,22499994.0,22505230.0,24539034.0,33694516.0
臺北市南港區忠孝東路六段２７８巷２２弄２號三樓,25.0482999929452,121.589529980714,10800002.0,9053685.0,6821239.0,7437002.5,9281194.0,12055238.0,15158339.0
臺北市文山區育英街６１號二樓之５,24.9922399804891,121.538429959462,13719987.0,13938278.0,11518249.0,12764163.0,15174133.0,17597268.0,23253750.0
臺北市南港區東新街８０巷９弄２號三樓,25.0457500084516,121.587280026445,3199999.5,6720316.0,5209595.5,5996659.5,6124954.0,9544557.0,11445912.0
臺北市中山區農安街３３號,25.06503098,121.525098,40000028.0,37716570.0,16811010.0,27151048.0,40864804.0,43981150.0,62876330.0
臺北市中山區龍江路８號二樓,25.0514699868166,121.540319994809,19109998.0,20502388.0,10790653.0,12552235.0,21899484.0,23341602.0,31409138.0
臺北市松山區三民路１０８號四樓之２,25.0575200026191,121.563820001466,25500016.0,22360568.0,10687848.0,17161782.0,22525200.0,26390692.0,29975384.0
臺北市大安區和平東路二段２６５巷２１號四樓,25.026799992205,121.544129988898,25500016.0,22173736.0,14026580.0,19110326.0,21250784.0,22922202.0,32377258.0
臺北市大安區敦化南路二段１８２號十三樓之１,25.0235600094421,121.548309960192,52499976.0,39391604.0,29860058.0,40275936.0,44670010.0,51784916.0,64339164.0
臺北市信義區嘉興街３２２號三樓之２,25.0232800119665,121.554300003478,18349990.0,15038827.0,10714034.0,12078184.0,13350754.0,15737185.0,22623888.0
臺北市中正區泉州街９５號七樓,25.0268299994184,121.514310027247,14700011.0,14511635.0,13016013.0,13429621.0,13548149.0,16839250.0,22989280.0
臺北市中正區羅斯福路四段１３６巷６弄１３號二樓,25.01235001,121.53568,18829988.0,14047812.0,8678641.0,9439911.0,15276470.0,17510752.0,21521960.0
臺北市中山區新生北路三段６１號七樓之１０,25.0659200107054,121.528060036492,8079999.0,8805563.0,6186335.5,6392573.5,7491908.5,11421466.0,13159975.0
臺北市大同區大龍街１２６號二樓之１,25.0670200097687,121.51589999046,6000000.0,7203661.0,5013976.5,5240480.0,6470654.0,12474380.0,12807840.0
臺北市萬華區華西街１７之４號八樓之４,25.0392800173905,121.498569986549,4179999.5,5596718.0,4161774.0,4635764.0,5707256.0,9018284.0,9961903.0
臺北市北投區中央北路三段２４６號五樓,25.136020004347,121.479980014954,13499990.0,23481994.0,1691249.2,17044280.0,25684824.0,33531032.0,34515804.0
臺北市中山區南京東路三段８９巷１５弄１０號五樓,25.0532700005236,121.538809994952,30400018.0,21381088.0,14431038.0,17712162.0,23954134.0,26052652.0,35239220.0
臺北市萬華區漢中街１６０號十二樓之７,25.04117999,121.50658,22799980.0,18098264.0,8152945.0,14105941.0,20899424.0,27103290.0,32138350.0
臺北市信義區莊敬路４２３巷４弄２號三樓,25.0278600095901,121.566870008394,18799986.0,15818378.0,12706545.0,13572021.0,15130176.0,17627636.0,22010414.0
臺北市內湖區內湖路二段２６３巷３０弄１２號五樓,25.0830299896575,121.589269974078,14000013.0,19326706.0,12543308.0,17228622.0,17507010.0,19941040.0,27280822.0
臺北市士林區大北路３６號二樓之１,25.0900199939916,121.526220041107,10680002.0,6515032.0,958111.4,4500289.5,8160482.5,12825222.0,14038410.0
臺北市內湖區內湖路三段７２巷２５號三樓,25.0868399837459,121.591569968309,16300006.0,16989718.0,12322350.0,13781412.0,16615504.0,18653720.0,24550224.0
臺北市信義區永吉路１２７巷１０號三樓,25.0463400106162,121.570470035807,15099991.0,12224358.0,8940205.0,10501737.0,12063449.0,16310642.0,19230184.0
臺北市文山區木柵路二段１０９巷１００弄６０之１號四樓,24.9924799962866,121.561450018343,9999996.0,11598053.0,10450046.0,10639196.0,12647378.0,15029049.0,19447216.0
臺北市南港區研究院路二段１８２巷７９弄１４號,25.03702998,121.613808,13000010.0,11822429.0,7205489.0,9026958.0,12887801.0,16342063.0,20392328.0
臺北市內湖區康寧路三段９９巷３９弄８２號四樓,25.0745099946272,121.610880029207,10999996.0,10093510.0,8435711.0,9079971.0,10511476.0,12489856.0,16693489.0
臺北市大安區忠孝東路三段２１７巷５弄１０號六樓,25.0434200070069,121.539120041551,48000030.0,38463250.0,23163180.0,31917882.0,35337084.0,37856172.0,59202868.0
臺北市文山區仙岩路１６巷５３號三樓,24.9970099958577,121.550309966109,9999996.0,22820864.0,15122963.0,19688356.0,20271878.0,23874676.0,32063714.0
臺北市大安區和平東路三段３７２號二樓,25.0190699915491,121.557919979821,14499987.0,11273297.0,7876066.0,7938209.5,11374659.0,13899068.0,18058368.0
臺北市文山區溪口街１巷３０之３號四樓,24.9942724885009,121.539995925284,11699992.0,11630617.0,9047953.0,9608194.0,11923224.0,15008109.0,19081042.0
臺北市松山區八德路四段７８３號十三樓之３,25.05136999,121.57824,26180024.0,18844826.0,11164232.0,14836145.0,21198236.0,25368984.0,30064994.0
臺北市大同區民族西路１６６號五樓之１,25.0684600207342,121.515309988295,14499987.0,16178681.0,170534.14,14762106.0,25108650.0,25258900.0,27001848.0
臺北市大同區承德路三段２０８巷８１號六樓,25.0710700196545,121.517300019747,16899998.0,16084591.0,11562426.0,13787590.0,15740337.0,16857986.0,24368930.0
臺北市北投區中山路４７號,25.13876298,121.511686,3499999.0,4166968.8,1908213.4,3539797.2,4431715.0,8138674.5,8879764.0
臺北市北投區稻香路１６１巷１６弄２之３號,25.14190094,121.4880264,19499996.0,19579866.0,7109768.5,12977713.0,20545604.0,24010352.0,32204006.0
臺北市內湖區麗山街８０號,25.08279601,121.5787,19199984.0,18355416.0,15248523.0,17324116.0,18145514.0,18441884.0,24985156.0
臺北市內湖區民權東路六段２１０巷２３號五樓,25.0665499945481,121.597829992696,57199990.0,51128230.0,27365874.0,27538612.0,54069476.0,74668910.0,93158190.0
臺北市士林區雙溪街１０４號三樓之２,25.1008399832532,121.525940001721,6560003.0,6733268.5,5794390.5,6619649.0,6699046.5,8261275.5,11609828.0
臺北市中山區林森北路３０８號六樓之３,25.0561400060803,121.525359974022,20000004.0,19503976.0,11931322.0,14138992.0,21729020.0,24036378.0,32105020.0
臺北市萬華區西昌街１６９號,25.038982,121.500752,14199990.0,22559510.0,14534848.0,19050060.0,21260756.0,23161368.0,31588596.0
臺北市松山區八德路四段６２６號七樓,25.0498299836413,121.574199982721,10380002.0,10478547.0,8038396.0,8328476.0,10731254.0,13958098.0,16191523.0
臺北市北投區文林北路３００號,25.11050499,121.511856,9000001.0,12474238.0,11566926.0,12784630.0,13273566.0,17922828.0,21132476.0
臺北市內湖區五分街３１號三樓,25.0676100119332,121.613350008434,16099999.0,16203696.0,12225337.0,13767330.0,16649036.0,17992770.0,23644644.0
臺北市士林區忠誠路二段２５號十七樓,25.109309980231,121.530679967967,46593380.0,143332240.0,18857376.0,72329090.0,205335100.0,216362290.0,223379000.0
臺北市中正區臨沂街７１巷１９弄９號,25.035682,121.530097,47200012.0,41252530.0,22221920.0,32889132.0,38310664.0,43219170.0,68381910.0
臺北市大同區承德路二段１０９巷１號八樓之１,25.05663001214,121.519059967957,24999980.0,22329072.0,12133160.0,15867361.0,21963236.0,24419926.0,37000612.0
臺北市信義區和平東路三段３１１號,25.021559,121.555856,36679984.0,30105908.0,22678540.0,26961088.0,30694132.0,33250616.0,42096904.0
臺北市內湖區行善路３號,25.05573101,121.574986,23500006.0,19336182.0,13662250.0,15173844.0,17727912.0,21650708.0,29032420.0
臺北市中山區農安街３３號十樓之１,25.065020003852,121.525129974599,17099994.0,17295986.0,8601147.0,11269556.0,18114494.0,20553326.0,30356792.0
臺北市大安區樂業街１６９巷２５號,25.01975999,121.555197,31499970.0,25938662.0,20271800.0,24097430.0,25574442.0,29104608.0,38374580.0
臺北市中山區北安路４７６巷１４號二樓,25.0792199955691,121.544979997699,12680010.0,9795512.0,7539601.5,9131553.0,10815874.0,16638465.0,17669444.0
臺北市文山區羅斯福路六段２６巷３號三樓,24.99996001,121.53931,7500001.0,12188759.0,8939523.0,8974511.0,13219144.0,15798478.0,19039090.0
臺北市萬華區寶興街２２２巷３６號五樓,25.0221674122992,121.494657471606,27499980.0,27475864.0,1274365.2,31857000.0,46338404.0,50431664.0,53271224.0
臺北市萬華區西寧南路３０７號,25.03818199,121.506499,13010006.0,20113314.0,13672495.0,18316596.0,21965204.0,25000506.0,33512426.0
臺北市中山區林森北路４１３號十一樓之２,25.059769998798,121.525710002298,10399997.0,13007054.0,8288509.5,8550987.0,11215840.0,15062366.0,18578586.0
臺北市信義區忠孝東路四段５５３巷１６弄１之４號四樓,25.04281001,121.56306,3899998.5,5397017.0,4240334.0,5076143.0,5652024.0,9138784.0,11549069.0
臺北市文山區景興路９７巷１４號二樓,24.9954600143225,121.545560025398,5000000.0,5375376.0,5255053.5,5661286.5,6011879.5,9143073.0,10416574.0
臺北市中正區中華路一段７號十一樓之２,25.0471300049904,121.510510007623,18699994.0,18429330.0,11512736.0,13823929.0,19046028.0,20408438.0,29536844.0
臺北市中山區德惠街１１２號四樓,25.0664999964957,121.529570036349,15500001.0,15147010.0,9848830.0,11369042.0,14676226.0,16246681.0,22203066.0
臺北市中正區忠孝西路一段７２號,25.04682101,121.514004,10749999.0,11629486.0,6700445.5,6795864.0,10715894.0,15207976.0,18078528.0
臺北市內湖區內湖路二段１０３巷１１９弄６４號九樓,25.0845000078364,121.581740007541,16500011.0,16697788.0,13942028.0,14409996.0,16378322.0,19314988.0,25101084.0
臺北市大同區萬全街４０巷１０號,25.05803599,121.520101,15860008.0,12217714.0,9232816.0,9567012.0,11223287.0,15121463.0,20391474.0
臺北市北投區大業路６５巷６０號,25.12312,121.496927,8400003.0,9845487.0,6525261.0,6605624.0,10991544.0,14828535.0,17675848.0
臺北市北投區公路３０６巷９號,25.1323027,121.5026806,17650008.0,20563796.0,9676406.0,19100998.0,22874988.0,29598652.0,30380078.0
臺北市士林區延平北路五段２８５巷７１號二樓,25.0845099823012,121.507520015122,9179996.0,10936608.0,8592940.0,9403700.0,10604573.0,15785104.0,17420838.0
臺北市萬華區寶興街７８號二樓,25.0260700122575,121.494220030259,17779992.0,23981700.0,9348655.0,15546426.0,23339598.0,30461194.0,38927628.0
臺北市信義區吳興街３６１巷２３弄１６號五樓,25.0267300033135,121.566730030611,18999984.0,14846619.0,6394299.0,12470456.0,14268216.0,14738051.0,20859600.0
臺北市文山區羅斯福路五段２２７號,25.0019953,121.5394087,27499980.0,21407940.0,17329438.0,21278242.0,22364236.0,25319918.0,30945196.0
臺北市中山區長春路３６６號十五樓之２,25.0544599793174,121.542600040111,33800016.0,29570214.0,16935656.0,22973676.0,30048024.0,34815320.0,45921970.0
臺北市北投區自強街５巷１０２弄２６號二樓,25.1124899904767,121.511750026379,10999996.0,14312017.0,10846760.0,10887468.0,15024778.0,19050242.0,22645128.0
臺北市大安區敦化南路一段１８７巷３７號,25.04264502,121.551222,18000012.0,15451209.0,2744473.0,10979580.0,20866086.0,21780804.0,27453180.0
臺北市中山區新生北路二段６８巷８號,25.05669011,121.5266692,27119992.0,27059074.0,15973124.0,17496830.0,28953286.0,33446080.0,43605524.0
臺北市士林區福港街２６２巷８號三樓,25.0840999815073,121.517179990894,14600004.0,14020295.0,13308220.0,13599281.0,15475659.0,18223622.0,22020702.0
臺北市文山區萬隆街５２巷８號四樓之１,25.0007600174289,121.537610041694,14199990.0,14666879.0,12372678.0,12610452.0,14607469.0,16675891.0,23069312.0
臺北市大安區復興南路一段１０７巷１７號四樓之１,25.0436800136434,121.545059961055,37599990.0,36526668.0,21275808.0,25129444.0,33965132.0,35575610.0,51340092.0
臺北市中山區新生北路二段６２巷１１號,25.05619298,121.526643,54000012.0,52979096.0,26863662.0,31767138.0,59370110.0,67724990.0,108005020.0
臺北市信義區松山路２７２號十五樓,25.0438199914265,121.577319978539,15999987.0,18074702.0,7878282.0,12621160.0,17084932.0,25601188.0,27722856.0
臺北市信義區吳興街２２０巷１１弄３號三樓,25.0277399807366,121.562140016613,31999990.0,25914432.0,17694974.0,22506260.0,25835566.0,27131686.0,37931120.0
臺北市信義區吳興街１１８巷１５弄２號六樓,25.0295700016569,121.56083998343,22999982.0,23316860.0,15166205.0,21241990.0,21438790.0,24575944.0,30830078.0
臺北市文山區萬利街１號三樓,24.99968998,121.56647,18000012.0,16406305.0,10422377.0,11954033.0,15630302.0,19300920.0,25534426.0
臺北市內湖區麗山街７２號二樓,25.0826900196647,121.579010021677,18999984.0,17876908.0,14052422.0,16080511.0,17344714.0,18051206.0,24439310.0
臺北市大安區安和路一段１１３號五樓之３,25.0352000002913,121.552729989194,35500028.0,32797610.0,13406970.0,25469540.0,31665568.0,36726050.0,45512050.0
臺北市松山區民生東路五段６９巷２１弄２４號,25.05974301,121.557011,41680012.0,33031400.0,19760664.0,28296828.0,34701690.0,37577908.0,52335910.0
臺北市北投區泉源路６２號五樓,25.141409987184,121.512940005172,7000002.5,11306028.0,5965356.5,8334475.0,11450934.0,12205020.0,17861774.0
臺北市南港區福德街３７３巷２１號,25.03956001,121.591457,21580000.0,20709946.0,16518243.0,17157952.0,24242972.0,29358736.0,33036000.0
臺北市大安區信義路四段９９巷３２號十一樓,25.0345600000744,121.546870033046,50299956.0,45065204.0,19678556.0,33661110.0,46791896.0,48406040.0,69364240.0
臺北市信義區松山路２０４巷２６號十三樓,25.0445000152311,121.577330036823,31899988.0,26004744.0,12246481.0,20439096.0,26233258.0,36572400.0,37546172.0
臺北市內湖區環山路一段１３６巷６號,25.08679401,121.568799,15000010.0,12587719.0,9533604.0,9595978.0,14048375.0,17189528.0,21751868.0
臺北市信義區松山路２８０號十四樓,25.0437399861606,121.577319978539,16909994.0,21622480.0,10638730.0,16655388.0,20862068.0,30978444.0,32560818.0
臺北市大同區民族西路１８２巷５號二樓,25.0681500160453,121.514930036624,16999994.0,14779178.0,339877.78,17918692.0,21236318.0,21652772.0,24400884.0
臺北市中山區建國北路二段８９號六樓,25.0585700036299,121.53730996956,7999997.0,10402239.0,8686871.0,9279035.0,9712408.0,11822564.0,14978596.0
臺北市中山區龍江路２８６巷１３號四樓,25.0611300044978,121.539929984855,25099984.0,26278028.0,41508.1,14193681.0,24305568.0,34422510.0,36226796.0
臺北市松山區三民路１６７巷４號二樓,25.06170999,121.56283,15800014.0,11298935.0,8046495.0,8754110.0,11951320.0,18078080.0,19673228.0
臺北市松山區民生東路三段１１８號七樓之２,25.0574500137276,121.545319967691,19400018.0,20554464.0,15517128.0,17328280.0,19112660.0,22202048.0,29881480.0
臺北市信義區和平東路三段４３５巷１號,25.01916999,121.55845,13399991.0,13954931.0,11864988.0,13298882.0,15225216.0,17493826.0,22386342.0
臺北市北投區建民路１１０號五樓,25.1090000174516,121.51743999753,12550009.0,12732674.0,11076612.0,11784404.0,12170152.0,15363518.0,19726584.0
臺北市信義區吳興街６００巷１２８號五樓,25.0181699846956,121.572229984017,45000012.0,46885520.0,26763218.0,26774960.0,46790200.0,62239524.0,75760620.0
臺北市士林區中山北路六段２９０巷３４號,25.1086432,121.5264146,26479988.0,29112548.0,18256812.0,23646404.0,24422628.0,28664644.0,40630400.0
臺北市文山區景文街１號,24.993596,121.541381,7500001.0,9155708.0,8865219.0,8936182.0,10055137.0,13879490.0,15595252.0
臺北市北投區新民路１巷７之２號,25.14025601,121.507628,8079999.0,11097737.0,6988856.0,7488251.0,11964754.0,15991200.0,18422020.0
臺北市萬華區漢中街１６０號,25.04116301,121.506566,27279990.0,27397784.0,15546604.0,21359486.0,29671116.0,31769682.0,43152696.0
臺北市信義區忠孝東路五段３９６號七樓,25.0407199864465,121.574619999889,28879986.0,31178088.0,16559599.0,23303390.0,27339268.0,31683390.0,39145784.0
臺北市內湖區金龍路２１６號,25.08791199,121.586969,16500011.0,15764584.0,13096648.0,13474599.0,16463702.0,19944500.0,24804200.0
臺北市中山區民生東路一段７０巷１１號五樓之１,25.0573200104094,121.526530003886,12650008.0,12471383.0,8835088.0,9130630.0,12588295.0,15421884.0,19960066.0
臺北市文山區興隆路二段２２０巷１４號,25.00078801,121.552229,2600001.0,2738000.0,4961861.0,5360060.0,5708361.0,7945094.0,9842708.0
臺北市北投區中和街３６８號五樓之８,25.1419400168312,121.499150014249,5225000.0,6425971.0,5044933.0,5136826.5,6389824.5,8920038.0,10971332.0
臺北市中正區寧波東街２４巷４號三樓之１,25.0328200007942,121.520410041101,33579996.0,21828840.0,16143233.0,19971072.0,24091134.0,26829098.0,34669210.0
臺北市內湖區江南街１１１號十一樓之３,25.0764799933305,121.576239970315,22609996.0,20376310.0,14738979.0,16813318.0,20115002.0,21351094.0,32561252.0
臺北市萬華區康定路１０３號十樓之１２,25.0394800096003,121.502019977897,16500011.0,23448248.0,15212472.0,18187718.0,24661122.0,28271960.0,39629744.0
臺北市北投區豐年路二段７８號二樓,25.1360000135079,121.495579994049,2699999.5,9202997.0,4726975.5,5672733.0,9091738.0,12145293.0,15014980.0
臺北市士林區延平北路八段１８７巷１弄１６號二樓,25.1055499841951,121.481690007021,8400003.0,5995659.0,489522.94,3761653.5,8160264.5,11505162.0,11856776.0
臺北市萬華區中華路二段５０４巷５７號十樓,25.0249099987675,121.508029970111,8599999.0,9261548.0,1209316.4,6708956.0,9290546.0,13874355.0,18766954.0
臺北市大安區溫州街７４巷４弄２號七樓之３,25.01985001,121.53241,26999992.0,27584980.0,18098712.0,26564620.0,27703932.0,31387100.0,39035960.0
臺北市北投區西安街一段２９９巷２７號,25.112117,121.515617,12800001.0,10635970.0,9070710.0,9222309.0,10540568.0,18673584.0,19156784.0
臺北市中山區吉林路４４７巷２６號四樓,25.0672399928175,121.53207002279,12149996.0,10658960.0,7668798.5,8927357.0,10688235.0,13381296.0,17073954.0
臺北市萬華區環河南路二段５４號,25.03770099,121.496207,11999996.0,13909596.0,8004606.0,12702062.0,14599085.0,16003192.0,22240618.0
臺北市文山區樟新街３２巷１８號三樓,24.9789500119998,121.554569984579,50830016.0,42665900.0,22924082.0,28656662.0,43434776.0,50474388.0,64892160.0
臺北市內湖區康寧路三段７５巷１８６弄９９號,25.076538,121.612987,22999982.0,25130496.0,19632818.0,21924604.0,26389182.0,30423104.0,39893816.0
臺北市松山區復興南路一段４７巷１２號,25.04560001,121.544686,34500010.0,33346264.0,13050119.0,25467888.0,27967588.0,37911880.0,47714964.0
臺北市文山區和平東路四段８８巷１８號,25.00524601,121.566927,14199990.0,15942200.0,13168436.0,13983146.0,14711960.0,18007738.0,23754534.0
臺北市內湖區大湖山莊街６１巷９號,25.0862299907423,121.603210001068,24999980.0,25898472.0,10831668.0,14230167.0,20367140.0,22687192.0,33634864.0
臺北市松山區南京東路五段２９１巷４７弄３９號三樓,25.0537100085307,121.567190029457,21000000.0,17068808.0,12964749.0,13661390.0,16049808.0,17742964.0,24315630.0
臺北市松山區南京東路四段２３號三樓之８,25.0518599967714,121.550460002176,20200010.0,14922818.0,11965484.0,13045291.0,16756684.0,19228424.0,25584932.0
臺北市大安區瑞安街２０８巷３９號四樓之５,25.02973999,121.54067,24080016.0,21156592.0,13179719.0,15107596.0,22518284.0,25919572.0,34746660.0
臺北市大安區和平東路二段３４５號十二樓,25.0248799915541,121.545939977069,31999990.0,31721002.0,16058780.0,28133498.0,36899548.0,42828070.0,49690720.0
臺北市中山區天祥路４８巷５號,25.06193898,121.520665,2500000.8,2027640.1,2904962.2,2931232.8,4262174.5,10141425.0,10254454.0
臺北市中山區林森北路１０７巷４１號三樓,25.0500899902778,121.526309978928,10999996.0,9066490.0,6468908.0,6485215.0,8953242.0,11612684.0,14906660.0
臺北市文山區和平東路四段６６巷１７號十二樓,25.0058800191646,121.565910029023,31999990.0,35871800.0,25988680.0,27645920.0,34806092.0,43282610.0,58071736.0
臺北市大安區光復南路４５６巷２３號四樓,25.03526001,121.55649,42000020.0,38256410.0,16149947.0,24944968.0,33507762.0,37277300.0,53195784.0
臺北市中正區和平西路二段４０號,25.02845802,121.51281,18999984.0,12814096.0,11968155.0,12706133.0,13933016.0,18483120.0,20558854.0
臺北市南港區忠孝東路六段１３０號三樓之５,25.047930015739,121.58535000942,14900008.0,13053803.0,9625766.0,9633388.0,13637568.0,14706966.0,20577292.0
臺北市中山區松江路３７巷８號,25.04750698,121.533592,12700003.0,12258774.0,8862954.0,11614390.0,11714439.0,15224635.0,19966462.0
臺北市中正區和平西路一段５９號十樓之１２,25.026780001366,121.519709984548,15450000.0,13239028.0,10003678.0,10728758.0,11935465.0,14751382.0,18218200.0
臺北市文山區興隆路三段１８５巷１５弄８號,24.99566902,121.563315,8799997.0,14029069.0,12794046.0,13897848.0,14627348.0,17260822.0,21916450.0
臺北市中山區長春路２８號十四樓之６,25.0547300023282,121.541520031887,11980008.0,13243447.0,8541239.0,9381629.0,11660582.0,15935694.0,20124404.0
臺北市松山區民生東路五段６９巷１號七樓之３,25.0595099921615,121.558089964817,10080004.0,7759077.5,7257280.5,7472528.0,7591050.5,11637363.0,13317361.0
臺北市內湖區成功路四段６１巷５５號,25.07982201,121.59403,48200030.0,60690228.0,32902748.0,43098904.0,61338668.0,85823650.0,102805650.0
臺北市北投區稻香路１４０之３號四樓,25.1426899876179,121.489439998516,3330000.0,7355506.0,4462250.0,5215610.5,7893767.0,10361368.0,12865991.0
臺北市內湖區康樂街２４號二樓,25.0684800115733,121.618219977998,12800001.0,14364279.0,10672590.0,12447547.0,15804324.0,18735196.0,21361278.0
臺北市文山區福興路７８巷１弄６號,25.00461498,121.551112,8149998.5,14239398.0,12452748.0,13057638.0,15689921.0,17710676.0,22299576.0
臺北市信義區虎林街２１２巷３１號三樓,25.03715001,121.57633,18000012.0,16754607.0,7772253.0,10748216.0,16449107.0,20886474.0,23822276.0
臺北市中山區新生北路二段９６號七樓之１４,25.05913,121.52725,5500000.5,6049129.5,4456343.0,4792951.0,5631917.0,8885398.0,10759497.0
臺北市中山區民權東路二段１４６號十一樓之２,25.062230003561,121.534230039238,15300002.0,14436791.0,11320809.0,12411986.0,12511195.0,18989260.0,19840578.0
臺北市北投區中和街３６８號,25.14199601,121.499116,13349990.0,20334380.0,14491747.0,19617208.0,21327284.0,25952370.0,31649204.0
臺北市士林區延平北路六段２５８巷３６弄３號三樓,25.0907200086353,121.50397002767,2100000.0,1979387.8,2155112.5,2618404.8,3550823.0,6316417.0,7780410.5
臺北市松山區富錦街４０７號四樓,25.06083999,121.56055,37999988.0,30680376.0,17084280.0,23904978.0,32543556.0,32856968.0,44773132.0
臺北市中正區杭州南路一段１１１巷５號五樓,25.0370899937288,121.52548997734,26499996.0,22163040.0,10359866.0,18311950.0,20016452.0,23255436.0,31796296.0
臺北市信義區吳興街６００巷７６弄９０號五樓,25.01849998,121.56986,15800014.0,13905776.0,10303881.0,10883690.0,14103009.0,17139144.0,21754358.0
臺北市士林區前街７９之１號四樓,25.0981799862805,121.526009990613,13000010.0,14822964.0,10571715.0,10927121.0,12866114.0,15094434.0,21586300.0
臺北市大同區保安街４３號十樓,25.0591600057945,121.512329970259,12299995.0,12707878.0,10357180.0,10976272.0,12418663.0,16283475.0,19891048.0
臺北市信義區忠孝東路五段５２４巷５弄１７號,25.04077602,121.580439,15000010.0,22088932.0,9423361.0,14629245.0,20700744.0,26826488.0,32149018.0
臺北市松山區民生東路四段８０巷３弄１５號二樓,25.0573799829266,121.553849979096,28999988.0,22054748.0,13329636.0,18635298.0,24487230.0,26363072.0,33121490.0
臺北市內湖區民權東路六段１４６號,25.0688168,121.5895168,12666667.0,10605584.0,7924315.0,10763376.0,11047305.0,14592209.0,16607203.0
臺北市北投區溫泉路３７巷３０號五樓,25.1364252261389,121.511913224338,7700003.0,8259968.0,4690351.0,5896257.0,8834043.0,10906091.0,13942400.0
臺北市中山區中山北路一段１２１巷９號,25.05117302,121.523504,1000000.1,11247460.0,3929.9563,11851124.0,25289126.0,29645264.0,31692820.0
臺北市中山區民生西路４５巷５弄１９號三樓,25.05855999,121.52148,10399997.0,10417130.0,5118508.0,5262310.0,9353220.0,13098622.0,17956942.0
臺北市士林區福壽街４５號六樓之１,25.0965800066928,121.525440021197,16260012.0,18593758.0,15169040.0,18029184.0,19022212.0,21703422.0,28785726.0
臺北市中山區林森北路１０７巷３２號,25.05000198,121.526105,7999997.0,12203740.0,8678310.0,10178730.0,11781168.0,15655752.0,17816316.0
臺北市中山區南京東路三段２１６巷２之１號,25.05143801,121.543307,25580004.0,18944112.0,7915576.0,9809385.0,20025540.0,24873274.0,32565226.0
臺北市中山區錦州街２１號,25.06040401,121.524953,4099999.5,5639904.0,4761710.5,5393492.0,5769544.0,8884720.0,10702596.0
臺北市內湖區民權東路六段１５０之３號四樓之３,25.068799990727,121.589620002354,22000004.0,20430288.0,13879543.0,15317580.0,24325092.0,26688844.0,33106710.0
臺北市內湖區內湖路一段５９１巷１１弄１３號五樓,25.0812000106467,121.573739983874,19095606.0,18831460.0,13636918.0,16546497.0,17692780.0,17954682.0,25910132.0
臺北市大安區安和路一段３７號二樓,25.0387700204918,121.550850012131,42499970.0,40709524.0,947250.7,24076756.0,40135680.0,61491300.0,67808616.0
臺北市大安區羅斯福路二段８５號九樓之６,25.0257699820333,121.523600025812,29999978.0,20660668.0,12561312.0,15225942.0,21370000.0,26853518.0,34835250.0
臺北市內湖區星雲街１６８巷４３號十八樓之７,25.07997998273,121.597330012171,13099996.0,11233181.0,7629676.5,11172113.0,12538572.0,16775552.0,21540482.0
臺北市文山區汀州路四段２８１號,25.00148295,121.5355503,25548992.0,40668780.0,21664256.0,32920200.0,42754210.0,50077964.0,68307340.0
臺北市萬華區寶興街１５３號三樓,25.0242599821762,121.495229965772,10499994.0,11330660.0,8531495.0,10225801.0,12821748.0,18789376.0,20507628.0
臺北市信義區松德路２５巷３２號十一樓,25.0386400171736,121.577219982435,28999988.0,29671174.0,13422809.0,23001342.0,26105328.0,35982332.0,38231388.0
臺北市大同區敦煌路１３０號二樓,25.0761399814282,121.515960004887,12500008.0,13032508.0,9965210.0,10898085.0,13643188.0,16555368.0,20587736.0
臺北市士林區忠誠路二段５號,25.108874,121.530642,69379980.0,59155460.0,33438426.0,43412416.0,60246308.0,91895670.0,114313450.0
臺北市松山區復興北路４２７巷２５號九樓之１,25.0634199823548,121.546380026986,11199999.0,13669001.0,11355886.0,11443424.0,11781527.0,14381824.0,18726050.0
臺北市松山區南京東路五段２３９號,25.05161642,121.5649724,15025007.0,11249776.0,4210599.0,8512534.0,11935374.0,13892097.0,19218816.0
臺北市士林區大南路３１０號二樓,25.08888999,121.51879,9199996.0,9385745.0,6438393.0,6441015.5,10090160.0,13441460.0,16913834.0
臺北市文山區景興路９６巷４２號,24.99472199,121.542512,9999996.0,11042102.0,8161977.0,8579716.0,11656601.0,20279612.0,21030984.0
臺北市北投區大業路３００巷１６號三樓,25.1281999820509,121.498869974864,15250007.0,15193595.0,12361120.0,15000925.0,17446510.0,21382842.0,22627858.0
臺北市文山區景中街１號九樓之３,24.9930300167729,121.542120008516,9280008.0,11178486.0,10709294.0,10824811.0,10892246.0,15030396.0,16398484.0
臺北市內湖區成功路五段４５２號,25.07452701,121.606908,48500024.0,38182564.0,21945020.0,29650524.0,38480932.0,46031056.0,60798788.0
臺北市中山區新生北路一段５４號十三樓、十三樓之１,25.0463200197771,121.531050028992,19199984.0,15130436.0,12339048.0,12816149.0,13047729.0,16952978.0,22221538.0
臺北市大同區承德路三段９號,25.06359298,121.518512,47000036.0,47483630.0,30272144.0,40695470.0,53151464.0,66122584.0,88006480.0
臺北市松山區三民路１０７巷２５號二樓,25.0575599842973,121.562179998291,22200016.0,21097518.0,12606364.0,16122247.0,21535470.0,25949152.0,29808104.0
臺北市中山區復興南路一段３０巷４號,25.04649549,121.5433845,16999994.0,10568026.0,4410465.0,5477393.0,10649266.0,17814618.0,22199508.0
臺北市中山區長安東路一段５６巷１弄３７號二樓,25.0469899852979,121.530030035195,36199996.0,38673196.0,22094452.0,28769150.0,39013332.0,41611300.0,61270030.0
臺北市萬華區昆明街１４１號四樓之７,25.0409400114049,121.504509989873,2390001.0,5309038.0,5464547.5,5961131.0,6419723.5,8270609.0,10578755.0
臺北市士林區德行東路３６５巷２１號五樓,25.1115399855708,121.538640009956,17599986.0,16741989.0,8983262.0,13918062.0,14308196.0,17380912.0,23626206.0
臺北市信義區和平東路三段１７９號九樓之１,25.0238999794349,121.553180013575,10659996.0,12220954.0,8903856.0,9815524.0,10465384.0,13471798.0,16254275.0
臺北市中山區民權東路二段７１巷８號,25.06333398,121.531611,34100020.0,32527980.0,15975866.0,21199734.0,33055602.0,34607236.0,52103244.0
臺北市松山區八德路四段４４５號十三樓,25.0500200013863,121.570259985314,21300006.0,19771296.0,10171782.0,12922434.0,19946744.0,22760744.0,31709386.0
臺北市內湖區成功路二段３１７巷７號,25.06985192,121.5910727,54999988.0,45039170.0,28870954.0,32319322.0,50712744.0,67885096.0,84317750.0
臺北市中山區新生北路二段４０號,25.05477099,121.527231,11949998.0,9915706.0,5699059.5,8787174.0,11848095.0,16506433.0,16636180.0
臺北市內湖區康樂街７２巷１７弄１１７號,25.07142998,121.61684,12899999.0,12256459.0,8132770.0,8736737.0,12511242.0,15870176.0,19470748.0
臺北市北投區中央北路三段４０巷３８弄２２號五樓之２,25.1403099881207,121.485699993319,16449985.0,20813816.0,6851849.5,11827954.0,21318418.0,26203104.0,33649430.0
臺北市士林區基河路１３０號十二樓之８,25.0890499982466,121.522920002007,31000018.0,27902264.0,20217008.0,23944860.0,28711044.0,33286278.0,45617904.0
臺北市內湖區文德路６６巷１４弄１４號十四樓,25.0773600093449,121.580959987632,29799976.0,28161522.0,20041666.0,25779106.0,29407328.0,33107406.0,46915576.0
臺北市北投區義方街４３號四樓,25.14145001,121.50095,10820001.0,13693478.0,8479799.0,10424345.0,13247490.0,15624787.0,20432586.0
臺北市文山區興隆路二段３０１巷１８號五樓之１,25.0027300161322,121.554119960197,20800006.0,23793620.0,17766264.0,21225020.0,25155820.0,27589662.0,37734988.0
臺北市文山區忠順街一段３４號,24.98402002,121.559594,22880008.0,16934202.0,10585536.0,13749957.0,20759540.0,26638444.0,30328666.0
臺北市松山區三民路１０７巷２８號三樓,25.0576500059374,121.562059969437,22200016.0,22396122.0,13186458.0,18053202.0,22482964.0,25642092.0,30235848.0
臺北市大同區延平北路一段１０８號四樓之３,25.0527191268169,121.511770949438,58670036.0,51337544.0,26920802.0,32815820.0,56373264.0,69649144.0,96505340.0
臺北市內湖區康寧路一段１９５巷３弄６號四樓之３,25.0792699936215,121.597249964996,23980008.0,20562698.0,13904424.0,16390510.0,24049632.0,27259080.0,36127916.0
臺北市中山區龍江路２６２號四樓,25.0600100145955,121.540640015873,29999978.0,28845634.0,18126142.0,22658738.0,26087608.0,27905032.0,39877460.0
臺北市中山區林森北路２６３號,25.05459862,121.5255575,9349992.0,6698503.5,5228693.5,5829053.0,7140816.0,11611001.0,12369988.0
臺北市萬華區國興路１巷１１之２號,25.02352099,121.509121,10100000.0,9657857.0,7057973.0,7661328.0,11185055.0,16501648.0,19279360.0
臺北市北投區大屯路２１巷４弄４號三樓,25.1439100155346,121.499989964766,9500005.0,11824571.0,8389187.0,9298062.0,12083645.0,15876716.0,18110626.0
臺北市大安區大安路二段８２號二樓之１,25.0316099892518,121.545909969856,106079980.0,68584376.0,27687134.0,34858844.0,61970984.0,74045170.0,119174330.0
臺北市中山區南京東路三段１９４巷３號二樓之２,25.0517542685367,121.542715071957,38749988.0,38764104.0,15264499.0,23353758.0,40420080.0,44459292.0,58586170.0
臺北市中正區博愛路２３０巷５號二樓,25.0335799879551,121.50979000214,15500001.0,13029202.0,6330558.5,8082165.0,15988242.0,18890278.0,22081520.0
臺北市萬華區青年路６２號七樓之３,25.024649992131,121.502279984533,17500000.0,18110832.0,11828767.0,19022140.0,21031426.0,24486762.0,25381568.0
臺北市信義區永吉路１２０巷５７弄６號五樓,25.043769993374,121.570649995269,30879984.0,18412220.0,14433322.0,17487320.0,18622826.0,22351144.0,29233516.0
臺北市信義區基隆路一段３５巷５弄３８號二樓,25.0484900106902,121.570180021958,9999996.0,12701578.0,8419556.0,10180652.0,13256968.0,18122996.0,21539168.0
臺北市中山區中原街２２號三樓之１０,25.0567399827096,121.528779958155,5020000.5,6031146.0,5702740.0,6128659.0,6647782.5,9293488.0,11794096.0
臺北市北投區奇岩路１２之６號,25.13348582,121.5074444,5500000.5,10085542.0,7726867.5,8107926.5,10768715.0,14851547.0,16801938.0
臺北市中正區連雲街２６巷３６號,25.03737401,121.529879,28279996.0,28092424.0,16058106.0,22677328.0,27601768.0,32638104.0,43194944.0
臺北市內湖區民權東路六段１４６號,25.0688168,121.5895168,10850008.0,10875140.0,8853306.0,10468918.0,10710132.0,14618339.0,15543580.0
臺北市信義區忠孝東路五段４６９號十九樓之７,25.0409700186183,121.5771000374,52379950.0,36655856.0,2284686.5,23066144.0,43666116.0,44114064.0,55860892.0
臺北市中山區德惠街７３號十樓,25.0666999887054,121.528349966522,24200006.0,27087166.0,17211248.0,20275550.0,26120022.0,31784472.0,41881548.0
臺北市北投區泉源路３７之１號,25.14072778,121.5061149,13499990.0,20283828.0,11888276.0,17258156.0,19921880.0,24059312.0,29880852.0
臺北市南港區東新街１８０巷９號十樓之１,25.0456899940249,121.593899969754,31999990.0,32042010.0,21165512.0,21919084.0,30985594.0,40310370.0,50129760.0
臺北市松山區民生東路五段１５３號,25.05904149,121.5623624,16166682.0,17760740.0,15535104.0,17716048.0,18072530.0,27349698.0,27791098.0
臺北市萬華區萬大路４２３巷１０１弄１１號,25.0225699809485,121.502019977897,6550000.5,5825902.0,5139806.0,6038351.0,6600196.0,12288810.0,16420925.0
臺北市中正區和平西路一段５９號,25.026809,121.519707,19659986.0,17846042.0,12657876.0,13854337.0,16373512.0,20189148.0,27161044.0
臺北市士林區福港街２６４號四樓,25.0836600154097,121.51753001917,15999987.0,11053459.0,5472500.5,9740309.0,13212918.0,16447099.0,17559012.0
臺北市松山區延吉街４８巷２６號三樓,25.04502397,121.5532449,26799996.0,34674430.0,13405922.0,21882784.0,30019610.0,31519262.0,44030256.0
臺北市中正區臨沂街３３巷３８號,25.0397799979149,121.531699961765,34500010.0,27169386.0,13428622.0,16464236.0,24012780.0,26906018.0,38859972.0
臺北市內湖區康寧路一段２１４巷６號,25.077776,121.595744,21000000.0,20427286.0,15006363.0,16557136.0,19774728.0,24183810.0,31536942.0
臺北市信義區忠孝東路五段７４３巷２１弄２１號,25.04376551,121.5802544,33199982.0,34539310.0,14059660.0,23168704.0,33778104.0,38633310.0,50440510.0
臺北市內湖區新明路４６０巷２８弄２號,25.0545399845832,121.578320023407,16879994.0,13605093.0,8386203.5,9277637.0,15609655.0,19757460.0,22285588.0
臺北市松山區健康路１８４號二樓,25.0537299993698,121.559399972465,21950000.0,20023860.0,2382195.8,13650815.0,20931340.0,22222554.0,29035244.0
臺北市文山區景興路５３巷２之２號二樓,24.99643001,121.54574,11799991.0,12596701.0,9788471.0,10203669.0,12527456.0,15336962.0,18996252.0
臺北市信義區嘉興街２４９號,25.02494298,121.556009,17500000.0,15598554.0,12607950.0,13427162.0,14804231.0,16383571.0,23885108.0
臺北市中山區龍江路３９７巷５１號,25.06566801,121.543622,15000010.0,18465888.0,15287779.0,18437066.0,18459550.0,20392328.0,26140456.0
臺北市文山區育英街１７巷５弄１２號四樓,24.9901900184295,121.539109983267,17099994.0,17750276.0,13544609.0,16892200.0,19169868.0,20026534.0,24564884.0
臺北市中山區林森北路１０７巷３０號,25.05000399,121.526051,5800002.0,5350570.5,5017353.5,5660752.0,5857965.0,9273161.0,10537311.0
臺北市中山區農安街１３８之１號,25.06472002,121.532041,16999994.0,16763334.0,13134122.0,14454453.0,14879277.0,19012308.0,24656748.0
臺北市萬華區漢中街１６０號,25.04116301,121.506566,20100008.0,21528406.0,14124814.0,17173176.0,23355050.0,27119940.0,35690944.0
臺北市中山區錦西街４之５號,25.06015301,121.522154,12465010.0,11786719.0,8351095.5,8387675.5,10737868.0,16805272.0,16820856.0
臺北市中正區愛國東路７４巷２５號五樓之１,25.03315,121.51903,18749996.0,14852963.0,10820744.0,11088660.0,14583083.0,19161608.0,23063680.0
臺北市萬華區德昌街２７４號,25.02302001,121.491977,15659993.0,17568292.0,9443026.0,13371728.0,17582404.0,22409582.0,29280948.0
臺北市萬華區康定路４７號十樓之３,25.0413099886111,121.502309991746,3999999.8,11001948.0,10393275.0,10723111.0,11070634.0,15496454.0,16384634.0
臺北市士林區天母東路６１巷５號六樓,25.1188899926464,121.53381002207,10649998.0,9845937.0,7898496.0,8636030.0,8906030.0,11765000.0,14795904.0
臺北市北投區崇仁路一段２９號二樓,25.1275200001558,121.501410026802,13800008.0,13462422.0,6024253.5,9801717.0,14901941.0,19563664.0,20276518.0
臺北市文山區興隆路三段２０６巷１０弄１０號四樓,24.9977499921796,121.558639985304,15500001.0,14826244.0,11691939.0,12064369.0,14962748.0,18077908.0,22184186.0
臺北市大安區安和路二段３５巷１６號九樓之２,25.0316500128394,121.553089991935,31499970.0,22722400.0,13610881.0,16696960.0,20335582.0,21543194.0,33886964.0
臺北市大安區建國南路二段３０８巷１０弄８號三樓,25.0233899825361,121.536719967395,33800016.0,28507288.0,13477735.0,26081688.0,35964830.0,38806200.0,46606980.0
臺北市信義區忠孝東路五段３７２巷２７弄３６號,25.03940499,121.574771,28180006.0,25296458.0,16070853.0,18204896.0,24403584.0,29216180.0,34367536.0
臺北市士林區天母東路８巷５３之３號六樓,25.1159,121.53132,31199980.0,26326592.0,17808706.0,23653620.0,26377758.0,28891116.0,37820304.0
臺北市中山區南京東路三段１９４巷３號五樓之５,25.0517542685367,121.542715071957,31450022.0,25915518.0,12537257.0,17037454.0,26610362.0,31837988.0,42255620.0
臺北市北投區吉利街２５９巷２號四樓,25.118199994377,121.511179973144,11013202.0,18383410.0,14005728.0,17076690.0,17501668.0,20264918.0,25475856.0
臺北市北投區公路２９８號三樓,25.13289,121.50253,8550000.0,10586667.0,4730380.5,7425854.5,11240832.0,15210296.0,17172586.0
臺北市北投區溫泉路６５巷１６號十樓之３,25.1359126321673,121.504417956576,6600000.5,6849491.0,4595759.5,5147134.5,6236925.0,11345884.0,11479363.0
臺北市大安區信義路三段１０５號,25.03370002,121.53888,20940004.0,17515662.0,12187155.0,13796271.0,16816878.0,19770390.0,25943858.0
臺北市中山區龍江路４６巷９號三樓,25.0493699847951,121.53932003376,165100000.0,125966130.0,48238476.0,50627308.0,103725070.0,132371660.0,192001400.0
臺北市北投區中央北路三段２２０巷１９號二樓,25.13669999,121.48001,32999976.0,36669140.0,8582744.0,17157100.0,37458548.0,48913244.0,67019390.0
臺北市大安區新生南路一段１３７巷９之５號,25.0370599865155,121.53342998658,28999988.0,26601176.0,14931075.0,19786084.0,26431042.0,29482808.0,37421628.0
臺北市中山區農安街３３號十四樓,25.065020003852,121.525129974599,24859994.0,20045680.0,9724197.0,12992945.0,21736192.0,24136024.0,34132884.0
臺北市北投區三合街一段８２巷８０號八樓,25.12883001,121.50457,48000030.0,38001070.0,17834914.0,29606784.0,45062196.0,58417680.0,74062680.0
臺北市萬華區西園路一段３４巷２２號三樓,25.04071001,121.49936,1600000.0,2192502.2,2957769.0,3408302.2,3870224.2,5678471.0,8007820.5
臺北市南港區重陽路５８８號,25.06292302,121.614597,23800020.0,21659836.0,13367418.0,14890065.0,20252168.0,23145736.0,32537660.0
臺北市信義區福德街１３７巷７號四樓,25.03710001,121.58298,18999984.0,12397529.0,9024014.0,9836233.0,12633371.0,14100561.0,19585542.0
臺北市大安區瑞安街２７６巷２號六樓,25.02612001,121.53884,53799950.0,43790136.0,27043956.0,35900136.0,42205760.0,52085360.0,72504920.0
臺北市大同區蘭州街３０號,25.0623799977183,121.514399965068,13099996.0,15857316.0,8981429.0,11404029.0,17179762.0,17770602.0,25855038.0
臺北市大安區通化街３８巷８號,25.03084778,121.5539297,27999986.0,31142546.0,19398908.0,23513502.0,27190432.0,30643708.0,42211560.0
臺北市中山區明水路３９７巷７弄４６號六樓之５,25.077900013457,121.550360006071,24980010.0,18939560.0,15052659.0,18009250.0,20150216.0,20932936.0,29900636.0
臺北市大安區金山南路二段１４０號三樓,25.0293599930729,121.526209982823,1299999.4,4835585.0,6534558.5,6745306.0,7612175.5,10125654.0,13688986.0
臺北市南港區福德街４０５號十三樓,25.03970645,121.5892725,23500006.0,20226612.0,12518332.0,16049104.0,22538350.0,28442820.0,35806516.0
臺北市士林區忠誠路二段１０８號九樓,25.1133799809559,121.531180032311,62200004.0,44724570.0,31821414.0,42531836.0,42844900.0,56319204.0,72002860.0
臺北市中正區連雲街２６巷３號,25.0365900132044,121.531459987877,9649995.0,6687467.0,5361777.5,5413904.5,6732389.0,14438030.0,15322723.0
臺北市萬華區東園街６７巷２號五樓,25.026660014422,121.497819973853,11819994.0,15785164.0,9734589.0,12062436.0,16717227.0,18498074.0,25208700.0
臺北市士林區大南路４０８巷７號四樓,25.0896099931978,121.516580014264,15659993.0,15606946.0,12206674.0,13551250.0,15774841.0,19484084.0,23378092.0
臺北市大安區八德路二段１９號二樓,25.0446500093884,121.533540040969,1970000.0,2509912.2,4131667.5,4666085.0,5037317.5,8850706.0,10303193.0
臺北市萬華區富民路１５５巷１３號四樓,25.018080004965,121.500420040218,6879999.0,8412341.0,4171398.0,5680821.5,9530204.0,11844796.0,14068190.0
臺北市信義區吳興街６００巷６０號二樓之１,25.0197599898184,121.570280018062,13579996.0,13113196.0,8853070.0,9115161.0,13510474.0,16945930.0,21684100.0
臺北市士林區社子街９８巷８號七樓之３,25.0871699792739,121.505469969244,18900008.0,21473740.0,13623322.0,19024642.0,26424792.0,32101776.0,34783730.0
臺北市文山區秀明路一段１２９巷５６號,24.9925400107133,121.567290025562,47500030.0,45241324.0,23665670.0,27992084.0,45277668.0,51495144.0,73979100.0
臺北市內湖區民權東路六段９０巷２５弄１０號二樓,25.0676300027723,121.586430017644,16999994.0,17150982.0,12425606.0,13318606.0,16440293.0,19083336.0,24868672.0
臺北市北投區奇岩路３７巷２號二樓,25.13277998,121.50716,5000000.0,8927067.0,4720880.0,5784805.5,8906794.0,12074774.0,15360382.0
臺北市大安區建國南路一段２１２巷４２之１號二樓,25.0396499945967,121.535829976916,25999984.0,19630984.0,12858828.0,13391534.0,20061362.0,25398228.0,31568840.0
臺北市內湖區康寧路一段１６７號,25.07888241,121.5950877,25999984.0,26706768.0,19162886.0,23806468.0,28243070.0,31613670.0,39697148.0
臺北市北投區公路３０１巷３號二樓,25.13289,121.50253,12299995.0,13705524.0,6046205.5,10359946.0,15655872.0,19753088.0,20340858.0
臺北市中山區中山北路二段６５巷１０號,25.057024,121.524004,38580000.0,33062412.0,15224548.0,20703192.0,35520144.0,36794410.0,54300256.0
臺北市文山區汀州路四段２６３號,25.00115971,121.5362157,36999976.0,34294788.0,23101544.0,31844060.0,37105704.0,43171384.0,56665732.0
臺北市內湖區星雲街１６８巷４３號八樓之７,25.07997998273,121.597330012171,13000010.0,10536829.0,9196172.0,9463636.0,10600144.0,12721508.0,16491674.0
臺北市文山區指南路三段３２巷５號三樓之７,24.9827299988748,121.580239982149,10999996.0,11067277.0,7717080.5,8179431.5,12115284.0,13847891.0,17229410.0
臺北市大同區承德路三段１９０巷８號,25.06969199,121.517831,1220000.1,1409489.9,3718594.8,4161805.8,4167199.2,6348302.5,8448939.0
臺北市大安區仁愛路四段２３２號三樓,25.0374999945227,121.552260015883,46200024.0,41978156.0,4523076.5,23725960.0,39008050.0,56657410.0,57606630.0
臺北市士林區中山北路七段１１４巷１２號三樓,25.12200999,121.53269,27999986.0,30194064.0,14750904.0,21692496.0,27223230.0,31822020.0,47276236.0
臺北市文山區政大二街２１５巷１２號八樓,24.9888600199431,121.587550007546,15999987.0,21466860.0,15673530.0,18203994.0,22125196.0,25558788.0,34270264.0
臺北市士林區延平北路六段２２８號,25.089468,121.504431,30879984.0,29529238.0,10406029.0,20965662.0,35905340.0,39117050.0,50568244.0
臺北市中山區松江路１１８號十六樓之９,25.0527100055724,121.532760021059,45300040.0,22376652.0,7649887.5,13238447.0,23357456.0,23727092.0,37869532.0
臺北市萬華區內江街１２６號,25.04154179,121.5031141,24000004.0,25461768.0,13743324.0,21351298.0,27084324.0,29027880.0,40196200.0
臺北市北投區新民路７９號三樓,25.1412500185618,121.513070008491,8400003.0,10644616.0,5932830.0,7588206.0,11398397.0,12319929.0,16934816.0
臺北市信義區吳興街１５６巷２弄１０號二樓,25.029259996968,121.56132998949,15000010.0,13852725.0,10276579.0,10422059.0,12643712.0,15863185.0,19864320.0
臺北市內湖區大湖山莊街２１９巷１６弄４號,25.08870001,121.59925,11489549.0,27197954.0,12498935.0,15895108.0,22020618.0,25308138.0,41228776.0
臺北市內湖區成功路四段７０號九樓之３,25.0828499882868,121.593049960953,8880002.0,8659658.0,6255164.5,7560900.5,7932534.0,11383015.0,13631327.0
臺北市萬華區萬大路１７２號二樓,25.0281999795829,121.500360025792,9000001.0,12139387.0,5029344.5,7281753.0,14056228.0,20823306.0,23030492.0
臺北市內湖區港墘路２６巷１０之１號,25.0827600085562,121.577579985176,24499984.0,18692754.0,12550870.0,14696871.0,18240696.0,20890936.0,28673228.0
臺北市大安區建國南路二段３７號五樓,25.03214002,121.53816,2622355.5,1970637.0,3254514.5,3905250.0,3954944.5,6352905.5,8165792.0
臺北市文山區羅斯福路五段２１４號八樓之５,25.00250999,121.53856,4879999.0,10711398.0,9614628.0,9804222.0,9904213.0,15727253.0,16552084.0
臺北市士林區士東路９１巷２６弄６號二樓,25.11291998,121.52981,9600005.0,13047779.0,10666546.0,10709784.0,12326416.0,18063088.0,21069128.0
臺北市中山區民族東路１４８號三樓,25.0681700068843,121.529080030289,15800014.0,13417050.0,7196033.0,9381790.0,15122588.0,17238286.0,22763046.0
臺北市信義區光復南路４４７之２號十一樓之３,25.0352899800219,121.557689980398,12299995.0,10162376.0,7634604.0,8665747.0,8813889.0,15586628.0,16441202.0
臺北市士林區華齡街４０巷７號,25.0837900187279,121.520169983395,16099999.0,18312020.0,12172728.0,14274722.0,17019524.0,20349162.0,26812318.0
臺北市北投區自強街５巷１５３號,25.11255902,121.510586,10360005.0,10226464.0,9156686.0,10081715.0,10829251.0,13776076.0,14917127.0
臺北市大同區重慶北路三段２９５巷２１弄１０號二樓,25.0739800068894,121.514759967809,9999996.0,12319647.0,9250020.0,9957249.0,12371852.0,15798809.0,19743408.0
臺北市信義區松德路２５巷１４號,25.03869999,121.576973,27499980.0,29006404.0,12974792.0,22433660.0,24774744.0,33411586.0,35548410.0
臺北市內湖區內湖路三段１４３巷２７號,25.087577,121.589006,10499994.0,11626337.0,9776399.0,10373668.0,11278458.0,14869404.0,18748458.0
臺北市士林區芝玉路二段８９巷２號,25.112642,121.534953,17500000.0,15658470.0,11583816.0,14713138.0,16532427.0,18855146.0,25039112.0
臺北市中山區新生北路二段１４７號,25.06182201,121.527964,19300000.0,20573918.0,15105493.0,18077080.0,19897688.0,21925858.0,30063560.0
臺北市大同區重慶北路三段２５２巷２號,25.07121,121.513371,24379996.0,24605352.0,17179762.0,23590452.0,24085988.0,26224404.0,36152180.0
臺北市中山區龍江路２１巷２５號二樓,25.0478099868856,121.541690016883,20000004.0,16857406.0,11178209.0,13154906.0,16300752.0,18878104.0,24211732.0
臺北市北投區溫泉路７１號六樓之２１,25.13564001,121.50497,4349999.5,4729929.0,4347552.5,4762196.5,5254793.0,8152299.5,9467734.0
臺北市文山區興隆路二段２５巷２０之５號,24.99934409,121.5452455,16999994.0,17573218.0,15279967.0,16730274.0,17478284.0,20044724.0,24867628.0
臺北市北投區東華街二段２６號,25.11654801,121.514476,37120000.0,42833056.0,27309300.0,37309736.0,46928550.0,56225400.0,71266830.0
臺北市北投區永興路二段４５號二樓,25.13289,121.50253,31499970.0,33107848.0,13673016.0,23874358.0,41569416.0,58753350.0,58911236.0
臺北市內湖區成功路二段３２８號,25.06818841,121.5905499,19880012.0,19035024.0,16013787.0,16525775.0,22420014.0,24118122.0,32241374.0
臺北市中山區林森北路３０６號十三樓之３,25.0560900080279,121.525359974022,7500001.0,9257221.0,7195195.5,7382386.0,9886774.0,13820634.0,14952050.0
臺北市北投區溫泉路５８巷２２號,25.1332800021084,121.505520009205,6200002.5,16125138.0,11212353.0,13285268.0,16563327.0,20873848.0,24051972.0
臺北市大安區建國南路二段１１巷２０號六樓,25.03272998,121.53888,10349991.0,19021994.0,13213472.0,14683646.0,18731336.0,21926736.0,30342494.0
臺北市內湖區星雲街１３８巷１２號,25.0777299865511,121.59047998562,26999992.0,30312992.0,19238292.0,23057830.0,29032476.0,29907480.0,42824310.0
臺北市北投區溫泉路銀光巷１３之４號,25.13653801,121.513706,18020004.0,16207807.0,347092.0,14942927.0,22397746.0,23792352.0,29408000.0
臺北市內湖區內湖路一段２８５巷６５弄６２號二樓,25.0844599842487,121.569799986468,14199990.0,12745916.0,9658852.0,10688969.0,11832219.0,13718470.0,19344520.0
臺北市萬華區武成街１１巷２０號,25.0180199905383,121.495660041224,13800008.0,10548210.0,6063095.0,6281635.0,10490546.0,13621061.0,16860108.0
臺北市中山區農安街４９號五樓之３,25.06497001,121.52687,9000001.0,7054830.0,4770137.0,5316750.0,6863059.0,10077812.0,12843826.0
臺北市內湖區康樂街１８６巷３４之１號,25.07719401,121.62043,23659984.0,27821276.0,14669481.0,15701087.0,25355488.0,28768766.0,35695708.0
臺北市信義區忠孝東路五段７１巷３弄１號四樓,25.0411897911834,121.567282245538,24250000.0,14887197.0,5556353.0,10177487.0,15419236.0,16464958.0,22654632.0
臺北市大安區新生南路三段１０巷９號六樓,25.0251399981906,121.533929967104,49999988.0,46209896.0,26861714.0,43463948.0,45060476.0,51848760.0,75149550.0
臺北市信義區虎林街１２０巷１６８號,25.04211499,121.573388,9500005.0,18722800.0,9418006.0,10295453.0,18429822.0,26352162.0,29881138.0
臺北市中山區南京東路三段１９４巷３號二樓之３,25.0517542685367,121.542715071957,36600036.0,38133364.0,15174278.0,23138144.0,40006588.0,43873572.0,57700320.0
臺北市中正區信義路二段２５９號十三樓之５,25.033889992644,121.53158001673,20000004.0,17350240.0,9427046.0,12537711.0,15029507.0,19420528.0,27499298.0
臺北市松山區三民路１３８號,25.06060999,121.56341,24999980.0,13955090.0,6745364.0,7677316.5,13266201.0,19736104.0,24035736.0
臺北市文山區羅斯福路五段１７６巷４３號四樓,25.0036200066114,121.537049962923,9245292.0,15195856.0,12814120.0,13491366.0,15894804.0,18328442.0,22965526.0
臺北市內湖區康樂街７２巷１７弄４號三樓,25.0707300077522,121.617209958666,14849989.0,14082043.0,10806059.0,12572050.0,15306598.0,17885400.0,21202766.0
臺北市萬華區西昌街２０３號四樓,25.03794,121.50067,10600002.0,13510499.0,9236973.0,9962188.0,13737427.0,14799742.0,21475500.0
臺北市萬華區雙園街５９號,25.02999899,121.494202,1124999.8,887242.9,2790418.5,3097788.8,3755584.8,7073835.5,7981623.5
臺北市中山區市民大道三段１６９號二樓之１,25.0447699963324,121.54078996812,12250009.0,20216854.0,13297741.0,14586560.0,19756028.0,20308410.0,29704808.0
臺北市內湖區康寧路三段１８９巷８３弄６號六樓,25.0726099848154,121.61227000021,20800006.0,21933428.0,16744480.0,21109230.0,22208064.0,24185008.0,33817230.0
臺北市北投區三合街一段８２巷７３號八樓之１,25.1286000083799,121.504330030412,15879986.0,20627278.0,11603740.0,15615849.0,22002144.0,24466220.0,36166596.0
臺北市北投區中央北路三段４０巷３８弄２號,25.13990761,121.4850345,9999996.0,9322391.0,5130501.0,6761317.0,10091835.0,13019216.0,15833682.0
臺北市大安區仁愛路四段３７之４１號,25.0381899927921,121.546459990342,66899976.0,42728690.0,6656042.0,28066074.0,44108344.0,57052136.0,65453404.0
臺北市文山區興隆路三段２０７巷１２弄１６號三樓,24.9941899883534,121.561139971745,12860005.0,18314954.0,14503832.0,16614141.0,18388810.0,22476404.0,28754502.0
臺北市士林區天母西路５０巷１３號八樓,25.1180300093806,121.525679995085,88600020.0,70449580.0,43287396.0,52735724.0,71124110.0,102616800.0,123984110.0
臺北市內湖區安康路３５０號五樓,25.0659299851702,121.61217997857,15999987.0,19060964.0,11744216.0,14698973.0,20535458.0,20629166.0,30297618.0
臺北市大安區大安路一段１６巷３之１號,25.04420799,121.546018,19800014.0,15594449.0,9112067.0,11823286.0,16381853.0,20871062.0,27742640.0
臺北市信義區基隆路一段１４７巷３４號,25.04227299,121.567032,29999978.0,33417130.0,20105030.0,24847290.0,29714612.0,31374292.0,45935370.0
臺北市萬華區中華路二段５０４巷３５號十樓,25.02597999,121.50772,12880011.0,10087082.0,986785.44,6892503.0,11392464.0,15171471.0,20872496.0
臺北市萬華區康定路１０５號六樓之１２,25.039469993226,121.502059959575,9600005.0,14247684.0,11092468.0,11386554.0,13506918.0,16997174.0,22504672.0
臺北市文山區景華街１２８巷２０號,24.9946900107873,121.547890026843,7999997.0,9937100.0,7550639.5,8519396.0,9220392.0,13126959.0,16110996.0
臺北市南港區研究院路三段３之１號,25.0356200174594,121.616999991991,17500000.0,19687266.0,8513800.0,12412908.0,18444134.0,23209484.0,29681928.0
臺北市內湖區內湖路一段４１１巷６６號九樓,25.0853400002631,121.559109958615,151000000.0,180248960.0,27520812.0,54603940.0,141977230.0,170110320.0,219859650.0
臺北市南港區同德路８５巷１６號三樓,25.04660999,121.5854,23059984.0,18214170.0,13061549.0,15502692.0,18739876.0,21355534.0,28062594.0
臺北市中正區汀州路三段２７巷１號二樓,25.0196900009269,121.527189994942,12800001.0,12981699.0,7950324.0,8458759.0,12991954.0,17759386.0,22253518.0
臺北市信義區和平東路三段３９１巷８弄７８號,25.02140599,121.558444,8700004.0,9330218.0,7628548.5,7710437.5,8230426.0,11467568.0,13838042.0
臺北市松山區光復南路５７巷２５號六樓,25.0459699915005,121.559029995258,26600010.0,20967620.0,16313722.0,19798164.0,21547220.0,21712822.0,29551944.0
臺北市內湖區內湖路一段５９１巷１１弄１３號,25.081263,121.573735,17099994.0,17522378.0,13911904.0,16108876.0,16499130.0,17761250.0,24027990.0
臺北市萬華區中華路二段５３８號九樓,25.0250799837639,121.508760033878,10680002.0,12360530.0,10678800.0,12000294.0,12358550.0,17916778.0,21342464.0
臺北市內湖區安泰街８０巷３號,25.07613399,121.616576,13000010.0,13496514.0,11375310.0,11580767.0,14187618.0,18030696.0,22642278.0
臺北市內湖區東湖路１１３巷１０７號三樓,25.0725299795496,121.615269967176,18000012.0,17535718.0,15271954.0,17043694.0,17430776.0,20255026.0,25550016.0
臺北市萬華區漢口街二段５１號十三樓,25.0458500045565,121.506430032433,12599994.0,15989645.0,8453646.0,11396288.0,15712351.0,17391258.0,25877486.0
臺北市內湖區環山路二段１０９巷６弄１１號五樓,25.0836699898744,121.576369973634,15200001.0,15216100.0,12473952.0,14325864.0,15298251.0,16624475.0,23083836.0
臺北市萬華區桂林路２４６巷３４號八樓,25.0371099845679,121.493050000394,22000004.0,18233914.0,11021124.0,14857298.0,20880140.0,23604900.0,34645804.0
臺北市信義區吳興街３６４巷１６號,25.02507001,121.56598,3810000.2,8007393.0,5918228.0,6685497.0,7241269.0,11745807.0,13385303.0
臺北市松山區民權東路三段１３６號六樓之１１,25.0618599844453,121.546399975916,7800001.5,9005788.0,7637356.5,7882874.0,8581328.0,11841386.0,14638484.0
臺北市中山區中山北路一段８３巷１３號,25.05006732,121.5240072,8599999.0,6032595.5,3818468.5,4350680.0,5657239.0,9147923.0,12003590.0
臺北市北投區吉利街３１４巷１號五樓,25.1178200007965,121.51123998757,22880008.0,26641748.0,18744668.0,26106126.0,26300844.0,29685892.0,38544770.0
臺北市中正區水源路３７之３號四樓之３,25.018600018238,121.52394997027,21200016.0,20405636.0,13076031.0,15445787.0,22164688.0,23090266.0,33647696.0
臺北市內湖區成功路二段３２３巷３２號三樓之２,25.07030002,121.59142,80879990.0,84692984.0,4759654.0,45832360.0,101472940.0,135200700.0,159670400.0
臺北市大同區萬全街１號十五樓之５,25.0586800161091,121.519790031724,64679990.0,46695784.0,21520892.0,36855730.0,57145576.0,63165776.0,83149496.0
臺北市士林區通河街１２５之１號四樓,25.0807299954261,121.521259966083,18400002.0,18585356.0,13875678.0,16936592.0,17218734.0,18892548.0,26132480.0
臺北市北投區知行路２５５號,25.12105001,121.46714,13879993.0,15490957.0,10006445.0,11760468.0,15652468.0,17945026.0,25238192.0
臺北市內湖區金龍路１１２巷４０號三樓,25.08558999,121.58959,10360005.0,10352598.0,7634662.0,8723957.0,9927325.0,12971279.0,17394178.0
臺北市大安區仁愛路四段６８號十樓之６,25.0374699873093,121.547930008521,12650008.0,11992376.0,8007714.0,8139442.5,11310039.0,17427752.0,18718622.0
臺北市內湖區康樂街１２１號五樓,25.0709400163363,121.619229997331,10899998.0,12213334.0,10604290.0,10936232.0,11530998.0,15639427.0,19806586.0
臺北市萬華區東園街３２之１號五樓,25.0270200171634,121.495870007899,11699992.0,11607281.0,7473704.0,8651420.0,11042438.0,13797087.0,18237496.0
臺北市萬華區萬大路１３７巷１８號三樓,25.0290199811706,121.50135998684,6399997.0,5184937.0,3516349.2,4009395.0,5227801.0,10321682.0,10506485.0
臺北市萬華區西寧南路２０２號,25.03859999,121.506224,19400018.0,18675364.0,14151700.0,18368374.0,18848924.0,23201604.0,27755872.0
臺北市信義區忠孝東路四段５５３巷１６號五樓之２,25.0428499956815,121.562879971025,16999994.0,15332429.0,10993788.0,11061052.0,14919659.0,17809760.0,25560740.0
臺北市松山區新東街９巷２４號四樓,25.0577600184166,121.564909984155,20800006.0,17633654.0,8686946.0,13539831.0,18317294.0,22445300.0,25110182.0
臺北市內湖區康寧路三段７５巷１８號,25.0723400037141,121.609229967747,50500004.0,44423180.0,19168626.0,33407954.0,41173610.0,48947120.0,66118424.0
臺北市北投區永興路二段３８號五樓,25.13289,121.50253,17800012.0,21044346.0,9946316.0,17280126.0,27746080.0,36298108.0,36629296.0
臺北市中山區新生北路二段４０號九樓之７,25.05471001,121.52728,8099997.0,8051147.0,5846992.0,5937800.0,7607929.5,12339966.0,12558725.0
臺北市大安區瑞安街２０６號七樓,25.02806,121.54062,22499994.0,15402335.0,12354025.0,12489594.0,14962120.0,18814442.0,24588322.0
臺北市萬華區青年路１６８巷４９弄１４號,25.01941302,121.501775,5500000.5,5135298.5,3580973.5,3738414.5,5521585.0,9539188.0,11123952.0
臺北市大同區民生西路４２３巷３號二樓,25.0571200181996,121.508890037196,34200004.0,35209390.0,21127880.0,25754386.0,33586144.0,36638730.0,58481000.0
臺北市信義區林口街５２巷３２號,25.03862899,121.580569,16500011.0,18890026.0,10357496.0,13063268.0,22013730.0,26335078.0,31049488.0
臺北市松山區南京東路三段３３５巷２３號三樓之１１,25.0534300110552,121.547630020207,19199984.0,17932504.0,13371473.0,13829045.0,16077168.0,18614020.0,27562996.0
臺北市大同區延平北路二段２８６號,25.062546,121.510898,6560003.0,7626250.0,6407344.0,6436441.0,7245973.5,11245765.0,12716146.0
臺北市大同區重慶北路三段６７號十五樓,25.0662599806982,121.513899984543,30458404.0,32573426.0,347851.84,30421362.0,46403588.0,51376040.0,68853590.0
臺北市萬華區和平西路三段８５號十二樓之２,25.0353699852877,121.50165000069,21109996.0,21159336.0,105348.6,12240270.0,24429802.0,28755874.0,33133052.0
臺北市北投區尊賢街２０６巷２號四樓,25.11545002,121.50933,14750003.0,17863784.0,12212100.0,15730613.0,18827546.0,20604784.0,25587664.0
臺北市大同區承德路三段１４３巷１７號,25.06776801,121.519282,13499990.0,10920599.0,7294945.5,7970328.0,10802968.0,16326423.0,18200072.0
臺北市中山區民生西路３巷２之２號二樓之２,25.0584400003117,121.521600019895,8200004.0,6860408.5,4456198.5,4637776.0,6391116.5,8863495.0,12466698.0
臺北市中山區長安東路二段１８４號十二樓之３,25.0481999968403,121.541360021355,7889996.5,7034554.0,6178305.0,6947184.0,7295537.0,12015570.0,12520028.0
臺北市中正區汀州路三段６０巷２弄７號,25.01528489,121.5304146,35999972.0,33684812.0,19447514.0,26316148.0,34485796.0,35766108.0,47865090.0
臺北市中正區廈門街８１巷６號七樓,25.0243800110297,121.520880014413,20549994.0,21346452.0,17006772.0,17531036.0,19302650.0,22516436.0,33290722.0
臺北市大同區涼州街２號十二樓之５,25.0608199998088,121.515279981082,39000012.0,33056106.0,21345476.0,28754668.0,34925796.0,40217136.0,54902620.0
臺北市萬華區漢中街１６０號六樓之７,25.04117999,121.50658,22300002.0,22557790.0,10475370.0,15567524.0,24772476.0,28631202.0,38030804.0
臺北市文山區興隆路三段３０４巷３２之１０號,24.99597701,121.555263,20657988.0,33695224.0,22235020.0,28098908.0,37189308.0,43827990.0,59108770.0
臺北市內湖區康樂街１８６巷２弄３號,25.07603198,121.620214,9500005.0,8844024.0,6421199.0,7941284.0,8902107.0,12730513.0,15759623.0
臺北市南港區南港路三段２２５號,25.0513751,121.5803136,23500006.0,13777102.0,8388939.0,11019190.0,17591630.0,17617620.0,23624224.0
臺北市信義區吳興街６００巷１００弄１８之１號十樓,25.01757001,121.57215,15500001.0,14613321.0,9838860.0,10038733.0,15660471.0,19852728.0,23219048.0
臺北市信義區信義路六段５６號六樓,25.0347099942317,121.576380031917,27749996.0,21913900.0,17193562.0,20655032.0,22477476.0,23003228.0,31859066.0
臺北市中山區農安街１８８號,25.06454701,121.535437,25999984.0,22683774.0,13040862.0,22581120.0,24028128.0,25309538.0,31749510.0
臺北市士林區基河路１２８號四樓之２,25.0886700046662,121.523129968682,5500000.5,7013092.5,6018631.5,6716991.0,6971668.0,8391676.0,11542066.0
臺北市士林區中山北路七段２２０巷８號三樓,25.1262399997219,121.53372000043,21879988.0,23390760.0,9266442.0,18767778.0,20841386.0,27275256.0,38122310.0
臺北市中山區中山北路二段５９巷４５號十四樓,25.0559699791744,121.524539972434,10159992.0,8187321.5,6250871.0,6538685.5,9037208.0,13600526.0,13788484.0
臺北市信義區永吉路３０巷１４８弄３０號二樓,25.0427000015242,121.567490017771,21750002.0,17788032.0,12646004.0,14375900.0,17500634.0,19166542.0,24921808.0
臺北市萬華區青年路９６號,25.0230599870081,121.502579972848,9000001.0,4687046.5,4544700.0,5309438.0,5596328.5,11080901.0,14639880.0
臺北市松山區三民路７４巷７號五樓,25.0558900158181,121.564689959197,29900008.0,23437876.0,18825140.0,21979620.0,24541420.0,27789244.0,33834716.0
臺北市文山區辛亥路五段１２４巷２０號二樓,24.9971000174978,121.551059978805,16500011.0,24258328.0,15896260.0,20216160.0,21328668.0,23705380.0,32352318.0
臺北市信義區吳興街３６４巷１２號三樓,25.0251599890297,121.566059981271,16919996.0,18526214.0,13395775.0,15538334.0,17304534.0,20257614.0,25715364.0
臺北市士林區格致路１７９號三樓之１,25.1413399982924,121.549749971158,69000050.0,53164950.0,8684.352,29692234.0,85330050.0,110694160.0,113452850.0
臺北市松山區光復南路３３巷２０弄５號,25.04660601,121.558958,15999987.0,14132279.0,11977906.0,12120323.0,14707330.0,19772124.0,22144152.0
臺北市文山區秀明路一段１９７號六樓之７,24.992009981066,121.56946999094,14000013.0,15653841.0,12866973.0,14064622.0,16419641.0,16973492.0,24414710.0
臺北市大安區建國南路一段３０４巷１５號五樓,25.0357700116168,121.536549982399,25700016.0,22049492.0,13539779.0,20028214.0,22706890.0,24150068.0,31927684.0
臺北市內湖區星雲街１５０巷３２號二十三樓之１,25.0794199877788,121.596470028905,35500028.0,37297284.0,9588623.0,30103438.0,42895188.0,51786496.0,60009828.0
臺北市大安區瑞安街１３５巷２６之１號四樓,25.0264800130513,121.541520031887,35999972.0,30719198.0,20823624.0,26691694.0,29914612.0,35385444.0,45668224.0
臺北市中山區林森北路４１３號八樓之３,25.059769998798,121.525710002298,12500008.0,12799513.0,8041317.0,8460913.0,11142724.0,14389123.0,18774796.0
臺北市萬華區和平西路三段１５１號九樓,25.03543,121.4987,10999996.0,12401526.0,10030637.0,10624231.0,12455313.0,16935622.0,19426382.0
臺北市北投區大度路三段２９９號,25.12295999,121.46649,10749999.0,10901287.0,6992276.0,7531538.0,10957383.0,14240159.0,17127510.0
臺北市北投區行義路１８６巷４７號四樓,25.1332600112694,121.530160038513,10649998.0,9399199.0,4717091.0,7890756.5,10001351.0,12428971.0,16390510.0
臺北市中山區遼寧街１０１巷２弄８號,25.050319989701,121.54272995961,45000012.0,43900776.0,13386095.0,25605144.0,44087064.0,47419012.0,74106210.0
臺北市內湖區民權東路六段４７巷１４號五樓,25.0698100100597,121.587029994273,14849989.0,12813387.0,10284384.0,10954353.0,12457048.0,17073334.0,21225668.0
臺北市信義區松隆路１０９號,25.04637501,121.571014,15700009.0,13644255.0,11766032.0,12030040.0,14297584.0,16711266.0,22294856.0
臺北市信義區和平東路三段５０９巷７弄１３之２號二樓,25.0181600102308,121.560690031182,17319986.0,15624668.0,7202747.5,9708000.0,17806770.0,19974728.0,24318876.0
臺北市大安區仁愛路四段５０之２８號,25.03760062,121.5473785,25659998.0,15328276.0,8144334.5,9396636.0,16383196.0,21358752.0,24977104.0
臺北市北投區中央南路一段１０２巷３８號三樓,25.1312400145136,121.499940008624,11999996.0,11150016.0,7702280.0,8355461.0,10967482.0,15693333.0,18077978.0
臺北市信義區中坡南路９８巷９號三樓,25.0414599827684,121.584579963975,37999988.0,36312650.0,21267570.0,26699078.0,33739468.0,41638532.0,51884376.0
臺北市萬華區中華路二段６６６之６號,25.02415999,121.5111767,3740001.5,15069924.0,13788695.0,14890576.0,16000201.0,20972180.0,26120470.0
臺北市北投區行義路１９號二樓,25.1250500209281,121.526420033316,14799996.0,12975584.0,9348227.0,10560490.0,14903163.0,19653124.0,21917160.0
臺北市萬華區昆明街１３２號,25.04324101,121.504788,12599994.0,10527347.0,8680081.0,9279831.0,10791436.0,14811292.0,18879256.0
臺北市內湖區成功路三段１７４巷１０號五樓之２,25.0809900020626,121.590540000047,23200012.0,20951710.0,15780558.0,17698418.0,21924604.0,23963456.0,33100522.0
臺北市中正區羅斯福路三段１３８號,25.02031299,121.528308,130350760.0,75664590.0,8666416.0,55958464.0,112115256.0,124023380.0,155734720.0
臺北市信義區忠孝東路五段２３６巷１０弄５號,25.03994701,121.571407,24999980.0,19699210.0,14078256.0,16276550.0,19818452.0,26131384.0,30427804.0
臺北市北投區公館路２０９巷１６弄８號,25.127305,121.508814,15200001.0,15322781.0,10694862.0,11623920.0,14708845.0,17596328.0,23511394.0
臺北市松山區民生東路五段１９０號十四樓之２,25.0586899905739,121.564200036956,8259999.5,8428570.0,5197373.0,6803087.5,8273701.5,13460060.0,17929186.0
臺北市萬華區環河南路二段２５０巷３弄２０號五樓,25.0327299791541,121.491040020013,10899998.0,10266314.0,7087604.0,7959427.5,10388380.0,12370837.0,16605493.0
臺北市大安區羅斯福路三段２８１號八樓之２,25.0179699924858,121.531440038947,29300000.0,23547252.0,19095642.0,25115212.0,26279532.0,28428664.0,35231828.0
臺北市大安區信義路二段１９８巷４２號六樓之５,25.0302100018739,121.531410031734,17360006.0,11700238.0,11351837.0,11417371.0,11622767.0,14978082.0,17646878.0
臺北市北投區中央北路三段４０巷３８弄１６號,25.14017299,121.485454,15990011.0,16972132.0,6036232.5,11182368.0,18979194.0,22642580.0,28924142.0
臺北市內湖區麗山街３４８巷１０弄２９號五樓,25.0821899972307,121.574480022106,20200010.0,17575598.0,13218968.0,16079806.0,16901772.0,17005118.0,24212748.0
臺北市文山區景明街１４巷３號,25.00189501,121.541079,18500014.0,18070358.0,14335732.0,18361018.0,19280904.0,23306946.0,26728834.0
臺北市內湖區文德路２１０巷３０弄６號十樓之６,25.0768500124462,121.584449960657,20599992.0,20835504.0,12047950.0,14524871.0,20927068.0,22247364.0,33675884.0
臺北市信義區和平東路三段１７９號十二樓,25.02397001,121.55348,28500004.0,26358396.0,14557071.0,20005536.0,30111938.0,34189050.0,44100856.0
臺北市北投區幽雅路５巷２號二樓之５,25.1372699975675,121.512719980214,7549998.5,10492947.0,6741859.0,7688219.0,10630272.0,11715556.0,16487648.0
臺北市大安區忠孝東路四段１７７號,25.04168399,121.550593,30600020.0,24774508.0,452626.28,12332460.0,27781400.0,39864070.0,40195130.0
臺北市北投區致遠一路二段５７巷８之１號三樓,25.1119900099523,121.513040001277,14000013.0,13403749.0,11522050.0,12457475.0,12655969.0,16480039.0,20883804.0
臺北市萬華區環河南路三段１３３號五樓,25.0236600055469,121.491319975579,25500016.0,25132032.0,12684171.0,17171572.0,31853050.0,39314892.0,47383210.0
臺北市北投區公路３０１巷５號,25.1323027,121.5026806,22999982.0,21722514.0,8568432.0,16494001.0,21556224.0,27981940.0,31219208.0
臺北市大安區泰順街４０巷２１號二樓,25.0243800110297,121.530059958589,24999980.0,23938560.0,18770032.0,22518498.0,29042168.0,31783986.0,41675716.0
臺北市南港區重陽路３３６號九樓,25.0578999961996,121.60606999025,25999984.0,18921362.0,8242098.0,12406542.0,19250992.0,24683710.0,31736494.0
臺北市松山區三民路１８０巷６７之１號,25.062696,121.565468,18000012.0,16573092.0,14490061.0,16590803.0,16706453.0,21140982.0,24717680.0
臺北市大安區復興南路一段７９巷２號十一樓之１,25.04465998,121.54496,9449999.0,10518716.0,6523892.0,7609294.0,10365164.0,17402008.0,17968076.0
臺北市中山區復興北路１９０巷１號十四樓之３,25.0555399875415,121.543420041699,25600016.0,22243504.0,14360581.0,18790020.0,21057236.0,28447378.0,32079190.0
臺北市松山區富錦街４２９巷７號二樓之１,25.0613100058685,121.56123996785,14680005.0,13281062.0,10893035.0,11048295.0,14669201.0,20390656.0,23773480.0
臺北市大同區民族西路９０號,25.06837578,121.5170201,26949984.0,21433844.0,14958868.0,20731524.0,23279666.0,26518654.0,34010450.0
臺北市內湖區新富街５８號七樓之２,25.0594599941091,121.58301003351,80999944.0,50818090.0,27625364.0,31621388.0,50803456.0,67922400.0,88479096.0
臺北市文山區秀明路二段１１５巷１２號八樓,24.9911300069611,121.578120031198,23679984.0,26419400.0,18532894.0,20920722.0,24446956.0,29348828.0,39877690.0
臺北市中山區錦州街２１６號二樓,25.06026998,121.53154,14600004.0,13125732.0,6870911.0,7106203.0,11768187.0,14686502.0,22102376.0
臺北市中正區南海路１０５號四樓之６,25.0276600173803,121.507429993482,10499994.0,11856934.0,9031332.0,9662500.0,13812490.0,19633754.0,21864844.0
臺北市松山區民生東路五段２１２巷３號四樓,25.0584400003117,121.565020038544,16300006.0,12323102.0,6803055.0,8324021.5,12058342.0,17442184.0,19495348.0
臺北市士林區天玉街１１３號,25.12425701,121.531588,74600010.0,56584404.0,19186036.0,36130260.0,65629544.0,83103040.0,108649660.0
臺北市文山區景福街５４巷５弄７號,24.99964099,121.537513,24000004.0,25845768.0,16616043.0,24087552.0,25116266.0,29407496.0,38884216.0
臺北市內湖區康寧路三段１８９巷１５９弄１３號四樓,25.0752900145367,121.612079982465,20000004.0,27710062.0,17571710.0,21869724.0,25494132.0,29572696.0,41865892.0
臺北市文山區育英街３１巷３４弄９號,24.99036801,121.537356,13499990.0,15976536.0,12868298.0,13607117.0,18523636.0,21273738.0,25954598.0
臺北市文山區萬美街二段２巷７號四樓之２,25.0027099833836,121.562770000455,8149998.5,7407083.0,5810737.5,6736743.0,6944899.0,9740309.0,12468862.0
臺北市松山區民權東路五段６２號四樓,25.0630199979353,121.5656800296,18400002.0,16025948.0,13974428.0,16005359.0,16239122.0,19144692.0,23778424.0
臺北市士林區文林路６６１巷２號,25.100677,121.522143,29999978.0,12730464.0,10841093.0,11302319.0,15550074.0,22325834.0,23895952.0
臺北市萬華區康定路１０５號十七樓之８,25.039469993226,121.502059959575,16359995.0,17693456.0,6920198.5,12296523.0,17918418.0,20414316.0,29968752.0
臺北市士林區社子街２５巷１弄７號,25.0879399828091,121.508219987856,9400006.0,10788636.0,4259927.5,5638107.5,12344250.0,18791276.0,19934384.0
臺北市文山區溪口街８５巷３號四樓,24.9951099860459,121.538359970571,6975000.0,20000308.0,15398605.0,16649766.0,20914060.0,22875076.0,31610232.0
臺北市士林區忠義街１１５號,25.10727599,121.532816,20000004.0,18794500.0,17434068.0,19604978.0,22773296.0,30616248.0,30788768.0
臺北市中山區松江路５０８之１號三樓,25.0657700165481,121.533030002161,11400006.0,9365502.0,7480285.5,8497374.0,9153997.0,12327286.0,15196841.0
臺北市大安區建國南路二段７９巷１０號,25.03071799,121.53865,29660026.0,28803576.0,18336240.0,25432548.0,26461408.0,36039476.0,40398884.0
臺北市中山區市民大道三段１６９號十三樓之３,25.04477,121.54079,13199996.0,19096006.0,10728389.0,13388010.0,18569694.0,21639642.0,28220400.0
臺北市中正區中華路二段７５巷７號七樓之３,25.0337799801649,121.506660031856,28349988.0,25465070.0,13794745.0,21518388.0,25541050.0,26828280.0,38717550.0
臺北市大同區太原路１１７號九樓之１,25.05276,121.51601,42000020.0,37301908.0,21831298.0,28159320.0,38974360.0,47350596.0,64091384.0
臺北市信義區林口街２４巷４０號四樓,25.0378200155859,121.580729988208,16399985.0,14750481.0,8825462.0,9817228.0,14852765.0,18733766.0,23650688.0
臺北市萬華區萬大路４８６巷４６弄２４號,25.02085198,121.496091,10499994.0,10017082.0,5405176.0,6757862.0,12455646.0,16692693.0,18705416.0
臺北市松山區健康路２７號,25.0535499979991,121.553819971883,32500012.0,34717510.0,19301140.0,24247920.0,31602696.0,33261844.0,47741456.0
臺北市中山區民權東路一段５３號,25.06292,121.524841,23200012.0,18327534.0,11615786.0,14148164.0,17900552.0,21430328.0,29549184.0
臺北市松山區民生東路五段１３８巷３號八樓之４,25.0584599911508,121.561680017766,10550001.0,9753304.0,7929107.5,8561685.0,8625930.0,14840504.0,15489834.0
臺北市士林區德行東路１０９巷６４弄２號二樓,25.1094300090845,121.528739976477,22000004.0,26513546.0,15925606.0,21833004.0,23456926.0,31641238.0,40120984.0
臺北市北投區榮華一路４巷４號三樓之４,25.1125099813158,121.524069999123,11199999.0,13410346.0,11355735.0,12411559.0,13827199.0,16070669.0,21941044.0
臺北市萬華區德昌街１３３號六樓之２,25.0239299866482,121.496269992318,54999988.0,51912984.0,34721816.0,39951840.0,58992870.0,88424100.0,98211660.0
臺北市萬華區西藏路５４０號,25.02868701,121.492269,8200004.0,13582639.0,9115144.0,12404838.0,16694476.0,21502962.0,23312280.0
臺北市萬華區西藏路１２３號,25.02951699,121.502494,35999972.0,35866188.0,23091410.0,29866324.0,40484816.0,54245290.0,54436000.0
臺北市中山區長春路２８號八樓之９,25.0548999873246,121.524369987438,10199991.0,11785236.0,7730693.0,8184222.5,10395198.0,14096017.0,16693266.0
臺北市中山區新生北路二段３１巷１２號,25.05395199,121.528341,15750007.0,19999584.0,12930668.0,14656112.0,17958380.0,18840082.0,28117404.0
臺北市中山區民生東路一段２９號,25.05821599,121.525142,12199993.0,14545054.0,10463668.0,10848001.0,14241653.0,19300294.0,21809780.0
臺北市北投區紗帽路１１６號十樓之２,25.1507299929628,121.54737001357,10049998.0,11652622.0,340.8078,9664454.0,18669558.0,22093230.0,44934400.0
臺北市士林區忠誠路一段５２號五樓,25.1046200120377,121.526859999414,65000056.0,46422090.0,28439348.0,36385724.0,47751200.0,61449444.0,80859940.0
臺北市文山區興隆路三段２５５巷３５號,24.9923499929683,121.560140010696,18999984.0,25505416.0,17293182.0,20999200.0,24516392.0,28286846.0,36308350.0
臺北市南港區興中路６８巷１６號七樓,25.0567199918706,121.606079964715,23800020.0,17955640.0,9747650.0,13686819.0,18354540.0,22658348.0,29118156.0
臺北市北投區中央北路四段５０１號,25.12824998,121.468797,9400006.0,7747188.0,4605039.0,5108735.5,8875421.0,12282717.0,15176796.0
臺北市內湖區新豐街１０６號,25.06078002,121.58477,56000000.0,35356028.0,22808200.0,26158462.0,39060836.0,45667092.0,60033640.0
臺北市信義區福德街２６８巷４弄１１號,25.03946999,121.58631,17300012.0,12029306.0,7472564.0,7620172.0,12268926.0,14797033.0,20284950.0
臺北市中山區民權西路３５號十二樓之２,25.0629899907219,121.521159969979,13879993.0,13037256.0,8604437.0,8868610.0,11217765.0,15691058.0,19044102.0
臺北市北投區知行路３１６巷２１弄４號,25.12257501,121.468408,4700000.5,10995801.0,6136694.5,7569760.0,11570103.0,14268598.0,18001386.0
臺北市信義區松山路６５６巷１９號,25.03114999,121.577951,13399991.0,12591681.0,8800844.0,9189281.0,12221304.0,14891570.0,19925640.0
臺北市信義區忠孝東路五段４２３巷４弄５號,25.04147,121.575602,26050020.0,27119682.0,10450903.0,18602308.0,22095128.0,27366344.0,35287852.0
臺北市文山區興隆路四段１０９巷４號五樓,24.9867899832254,121.561759981123,19100014.0,23441138.0,17595388.0,21913900.0,24079466.0,25358970.0,32455100.0
臺北市中正區羅斯福路四段１６２號七樓之５,25.0124300154915,121.536189979658,10879995.0,13922708.0,10713360.0,11188704.0,13090505.0,17152192.0,21803542.0
臺北市信義區福德街５１巷１３號二樓,25.0366100040435,121.58127003423,16500011.0,11614767.0,7411845.5,8077310.5,12073854.0,15493912.0,19938416.0
臺北市北投區崗山路９巷１５號,25.1403300208693,121.486039963312,11880002.0,13075532.0,5489771.0,8137960.5,13797113.0,16986964.0,20985624.0
臺北市中山區復興北路４００號十五樓之３,25.0616899994489,121.543960003901,28200008.0,22523308.0,13186231.0,17009854.0,18928004.0,23800838.0,32387326.0
臺北市北投區知行路６６號五樓,25.1181900199122,121.467870008884,10999996.0,11119137.0,8239347.0,8824663.0,10615804.0,12276486.0,17373818.0
臺北市中正區南海路１０５號七樓之６,25.0277100154328,121.507380037339,11999996.0,12537974.0,9182168.0,10318316.0,13010180.0,20343380.0,20956386.0
臺北市大同區延平北路二段２０９號三樓,25.0596800190675,121.511509968672,13499990.0,14316085.0,10858621.0,11709927.0,14360280.0,16042310.0,22105412.0
臺北市中山區錦州街２４號,25.06024001,121.524247,10399997.0,11546866.0,8243796.0,8404506.0,10769393.0,13997903.0,17306778.0
臺北市士林區社中街２１２號八樓之１,25.0911699911073,121.508510001706,21600014.0,22130176.0,16110751.0,19331904.0,27163116.0,33353072.0,37069696.0
臺北市萬華區和平西路三段２９８巷５號二樓之１１,25.0351000041864,121.49370999145,7999997.0,8119727.0,4106887.0,5222100.5,8859785.0,12415158.0,13982453.0
臺北市大同區民權西路９１號十二樓之９,25.06307,121.51885,7450000.0,6228871.0,4618585.0,4784388.0,5895863.5,10052376.0,10332831.0
臺北市大安區復興南路一段３６０號六樓之３,25.03526001,121.54341,176206.94,1732297.5,2799219.5,3499251.5,3902357.2,6735407.0,9719134.0
臺北市松山區南京東路五段１６９號九樓之３,25.05166,121.56315,153480030.0,198698620.0,20800482.0,46638816.0,136818670.0,142000530.0,211744880.0
臺北市南港區東新街２０５號,25.047035,121.594042,6535799.0,17614260.0,11585981.0,13640976.0,17062072.0,22059082.0,26758420.0
臺北市信義區虎林街２０２巷４３號,25.03735,121.575923,19889986.0,21385290.0,10080196.0,14832240.0,21174598.0,27498880.0,31611198.0
臺北市內湖區文德路２２０巷４７號六樓,25.0774799962889,121.588179991389,28079996.0,26494336.0,18416540.0,23274872.0,26481504.0,28360696.0,39822124.0
臺北市北投區行義路１８６巷３５號,25.13311999,121.529705,10800002.0,11324134.0,6341544.0,10309228.0,11260618.0,14748034.0,18929664.0
臺北市信義區基隆路一段９７號九樓之２,25.0455500162419,121.567320032775,7999997.0,7001237.5,6416143.0,6752257.5,8205065.0,10423252.0,11552330.0
臺北市萬華區環河南路三段７號四樓,25.0272400002122,121.489700005152,2000000.4,2245879.0,1739830.8,2628231.8,4005752.8,7335660.0,7695796.5
臺北市信義區忠孝東路五段７１巷３弄９號二樓,25.0419100071499,121.567409970596,24749994.0,16550221.0,11396136.0,12211051.0,16674810.0,19564000.0,25073618.0
臺北市信義區莊敬路３９１巷６號三樓,25.02798,121.56579,31499970.0,23889344.0,16715187.0,20422456.0,23538810.0,24581148.0,33149678.0
臺北市中山區中原街４６之１號四樓,25.0576300150983,121.528809965369,15580000.0,18801492.0,12890333.0,14137266.0,17793360.0,20162672.0,29053526.0
臺北市士林區承德路四段２９７巷２６號,25.090488,121.519268,11949998.0,8820262.0,7135070.5,8200887.5,9366342.0,15427915.0,16535738.0
臺北市中正區銅山街１號,25.04017868,121.5261009,26309976.0,18469234.0,11359396.0,13391968.0,19979528.0,22465474.0,28278646.0
臺北市內湖區內湖路二段１７９巷６９弄５號,25.08587699,121.58413,67880050.0,49369896.0,24734610.0,32751414.0,56200736.0,74274600.0,93566160.0
臺北市中正區泉州街２０巷１７之１號四樓,25.026780001366,121.513249967952,11500007.0,10337976.0,8851010.0,10132029.0,10174750.0,15064636.0,16843040.0
臺北市士林區重慶北路四段４９巷３１弄３０號,25.08182002,121.51145,15300002.0,14934892.0,4930145.0,8065871.5,15082692.0,18279810.0,22729944.0
臺北市松山區延壽街３６６號,25.056362,121.558536,25299980.0,22088680.0,17009464.0,21268058.0,22961936.0,32494618.0,34490468.0
臺北市北投區榮華一路１０號二樓,25.1116600144243,121.52345996421,29300000.0,28074212.0,20178252.0,23610710.0,34670200.0,40734068.0,51459896.0
臺北市士林區忠誠路一段１７３巷２４號五樓,25.1082099811678,121.53188997951,18000012.0,22097740.0,15223793.0,20377592.0,22390740.0,24048806.0,29609042.0
臺北市中山區民權東路二段１５２巷１０號六樓之３,25.0612999894942,121.534949960902,6600000.5,6213143.0,5380443.0,5812932.0,6432869.0,8793210.0,11853136.0
臺北市北投區明德路２９３號六樓,25.1151400129847,121.52150002379,25500016.0,23255214.0,18586490.0,22417790.0,24542030.0,27091712.0,35020652.0
臺北市大安區羅斯福路三段２８３巷１９弄１４號,25.019639,121.531018,22499994.0,18502448.0,13514004.0,15217841.0,16768226.0,20411864.0,29269222.0
臺北市內湖區康寧路三段１８７號九樓,25.0699400133779,121.611940004682,18600002.0,20084870.0,12865353.0,16443931.0,20763696.0,23172106.0,32181718.0
臺北市大安區信義路三段１３４巷７８號,25.02961698,121.538771,36550016.0,31131560.0,20369316.0,27650720.0,27877688.0,39744270.0,42490240.0
臺北市大同區延平北路二段１９７號,25.05933502,121.511571,7220003.0,6933351.0,5513213.0,5917269.0,6730347.0,11056622.0,12558462.0
臺北市萬華區環河南路一段７１號九樓之２６,25.0450199865946,121.501919981792,2799999.0,3303770.5,3490492.5,3658266.5,4073706.8,7051716.0,8217908.0
臺北市內湖區江南街７１巷６５弄７號,25.0758800167012,121.578740040576,10399997.0,19638098.0,13450693.0,15030941.0,19417492.0,21707356.0,30330344.0
臺北市中山區大直街１２４巷１６號三樓,25.0844599842487,121.548910020641,16279997.0,14118835.0,11663584.0,12467388.0,14205842.0,17125060.0,22155600.0
臺北市大安區復興南路二段１５１巷３０弄５號十八樓,25.0279773562346,121.545532700394,25500016.0,23424288.0,13479894.0,22521762.0,23628414.0,32447672.0,35480130.0
臺北市士林區福港街２６２巷１５號,25.0838400167803,121.516659977621,13499990.0,13482568.0,9166804.0,9532604.0,14240620.0,17736874.0,21849668.0
臺北市士林區雨聲街１５巷７號,25.10099702,121.528892,17900006.0,17467852.0,12643423.0,14022889.0,17088354.0,20969940.0,25760232.0
臺北市文山區福興路９５巷７３號五樓,25.0054799928355,121.546440041413,10600002.0,12457214.0,10473712.0,12123768.0,13137003.0,16531765.0,19854320.0
臺北市內湖區康樂街２０巷６弄１號四樓,25.0684399879856,121.617659983047,13299998.0,11914085.0,9043381.0,9427676.0,11393941.0,14793590.0,18912270.0
臺北市松山區南京東路四段１７１號六樓,25.0517700170408,121.556319958324,16999994.0,17561458.0,13643500.0,14214922.0,15336582.0,20270254.0,25237470.0
臺北市內湖區民權東路六段１７９號,25.06804528,121.5969533,21780016.0,16968960.0,13347597.0,13460779.0,19450890.0,21366250.0,27000508.0
臺北市文山區景興路３００號二十七樓之１,24.98886002,121.54206,17800012.0,16836842.0,166712.11,10204486.0,16088396.0,21251352.0,23790536.0
臺北市大安區光復南路２９０巷３８號七樓,25.0394399860126,121.556130024398,59880056.0,55011320.0,19954204.0,33149236.0,57553696.0,64926948.0,83189630.0
臺北市信義區松山路６５６巷８號四樓,25.0311600067798,121.577809984599,12360012.0,11747734.0,7346413.5,8058998.0,12043494.0,13842583.0,18262140.0
臺北市北投區文林北路９４巷１０７號三樓,25.1070599840521,121.519570006765,7700003.0,8834675.0,6056183.0,7206238.0,8508825.0,13353632.0,15018818.0
臺北市大安區雲和街６３號,25.02359999,121.529809,21800008.0,18464514.0,13451462.0,15701536.0,16766499.0,20982864.0,28020180.0
臺北市文山區羅斯福路五段２３６巷３號,25.00137102,121.538599,25299980.0,21376032.0,16214609.0,20177676.0,20305040.0,25175018.0,31843818.0
臺北市中山區建國北路三段１１７號四樓,25.0665400200833,121.535789995238,17500000.0,17010082.0,13594898.0,15711782.0,17583578.0,20876914.0,26029756.0
臺北市北投區尊賢街２０６巷１２號,25.11539201,121.508675,20500002.0,21753944.0,12021392.0,16032980.0,21133804.0,26584388.0,31759988.0
臺北市文山區忠順街一段２６巷３０弄１２號四樓,24.9824600177735,121.558860010262,25330014.0,30041664.0,19805528.0,26076964.0,31356464.0,32827902.0,42510508.0
臺北市信義區虎林街２０５號二樓,25.0379599933689,121.577070030187,18349990.0,19993748.0,9995649.0,13340369.0,18036750.0,21681452.0,27095744.0
臺北市北投區明德路１５７號五樓,25.1111000194732,121.520529986136,22650008.0,16525933.0,15681813.0,16985442.0,20140610.0,22485708.0,26833704.0
臺北市松山區復興北路１號十三樓之７,25.0528200180516,121.544459984426,32999976.0,35211876.0,12058250.0,16986738.0,25867516.0,26372678.0,43745144.0
臺北市北投區同德街７巷９號,25.125326,121.527999,18500014.0,17004566.0,9072025.0,13596766.0,16251268.0,19225452.0,26328952.0
臺北市萬華區東園街６７巷２號二樓,25.0265699927819,121.497180015546,12969992.0,16718758.0,9869139.0,12919033.0,18696712.0,19878342.0,27171872.0
臺北市信義區吳興街１７９號,25.02862,121.562442,8787501.0,8266926.5,6669112.0,7337773.0,8054172.5,12120231.0,13597440.0
臺北市北投區溫泉路銀光巷４弄５號四樓,25.1359700062945,121.513509974588,11299991.0,12740812.0,6910563.5,9131902.0,12666474.0,14039937.0,19344888.0
臺北市大安區光復南路２４０巷４８號四樓之２,25.04086001,121.55538,24856012.0,24576224.0,7412983.5,14356007.0,25187746.0,30300680.0,37629908.0
臺北市松山區健康路５５號十二樓,25.053769981048,121.555670025552,42000020.0,36189640.0,25632556.0,33217654.0,36182050.0,42811330.0,57603224.0
臺北市中山區林森北路１０７巷４１號六樓之４,25.0500899902778,121.526309978928,8160000.0,8888584.0,6661738.5,6913351.5,8525403.0,11475423.0,13937906.0
臺北市文山區景興路２５８號六樓之１,24.9901600112161,121.542740017894,9999996.0,13560998.0,12055238.0,12816956.0,13135926.0,15078866.0,20891652.0
臺北市北投區溫泉路７３巷６號八樓之６,25.1355799963398,121.506140018583,9600005.0,12448924.0,7739250.0,9512062.0,12124578.0,15521894.0,19266162.0
臺北市中正區水源路３７之３號,25.0186032,121.5239452,42000020.0,47955190.0,25645662.0,30203166.0,48882744.0,57534376.0,83014960.0
臺北市內湖區新富街１６６號,25.060755,121.585946,69864950.0,50179890.0,30115040.0,39101012.0,57629050.0,77906840.0,90806690.0
臺北市中山區合江街７３巷３３號四樓,25.0588500011055,121.540240031453,37355376.0,39738360.0,21397448.0,28266190.0,30387786.0,35959760.0,51699150.0
臺北市萬華區西藏路１９９巷２３號,25.02856199,121.499952,5939998.0,6898388.5,3860606.5,4976239.0,6964391.5,10237354.0,11619398.0
臺北市萬華區桂林路１４１號十九樓,25.0386499916383,121.498309979913,54000012.0,72194980.0,10084792.0,47298604.0,97126910.0,121039510.0,122277930.0
臺北市萬華區桂林路６５巷１４號四樓,25.0387600041175,121.502530016705,9400006.0,12071620.0,7958729.5,8909071.0,10758943.0,14501342.0,18975792.0
臺北市南港區三重路７號,25.05576898,121.61379,21079980.0,20510680.0,12180276.0,16048951.0,18256324.0,23348904.0,29286980.0
臺北市內湖區大湖山莊街２１９巷２４號二樓,25.08893999,121.59958,20000004.0,16499445.0,10326467.0,11579287.0,14689360.0,17255160.0,24222634.0
臺北市大安區信義路三段１４７巷１７弄１５之１０號,25.0355900102461,121.543079987887,31999990.0,23356120.0,14681993.0,16548454.0,23555696.0,26643576.0,33987492.0
臺北市松山區民生東路四段９７巷８弄３號,25.05953099,121.552201,43300030.0,26223052.0,14705311.0,20102192.0,29054634.0,32531082.0,43876836.0
臺北市中山區吉林路８號四樓之１,25.0573409074912,121.530263268496,131679920.0,171680450.0,53720790.0,54395310.0,126778660.0,158583540.0,227966450.0
臺北市北投區稻香路１６１巷１６弄８之３號三樓,25.1424000156775,121.488849996351,18659982.0,18019936.0,7107308.0,11860690.0,19751280.0,24078272.0,30692902.0
臺北市文山區政大二街２６０巷２３號二樓,24.98783001,121.58662,14600004.0,15839270.0,9127740.0,11546514.0,17378492.0,19257162.0,25402344.0
臺北市信義區永吉路１２０巷２０號,25.04474699,121.57019,9614995.0,13293024.0,11349824.0,12384838.0,13232666.0,17883524.0,19212440.0
臺北市大同區昌吉街９９巷１６號,25.06647502,121.511502,24250000.0,25051676.0,14013050.0,20044762.0,27155346.0,29254990.0,40023684.0
臺北市內湖區五分街７２巷７號十一樓之６,25.0667999848103,121.616430022575,23500006.0,23694712.0,16300504.0,19283700.0,24205176.0,27227436.0,38830484.0
臺北市大安區大安路一段２０２號,25.03499502,121.545865,18799986.0,20583652.0,9293346.0,13370810.0,18614410.0,21474312.0,28415276.0
臺北市松山區敦化北路１５５巷６６弄５８號四樓,25.0551900011744,121.551879980393,22499994.0,16327918.0,10950488.0,13516762.0,18671660.0,20629796.0,25613348.0
臺北市萬華區德昌街１２５巷７號四樓,25.023990001075,121.496940041658,9849995.0,10955482.0,8473316.0,8933745.0,10470416.0,16657517.0,17894340.0
臺北市文山區辛亥路四段７７巷９２弄１１號九樓之９,25.0086600030813,121.561559988913,7659998.0,7930401.0,6211330.0,6994811.0,7683894.0,11017887.0,12197574.0
臺北市大安區樂業街１０８巷７號五樓,25.02082001,121.55149,4480001.0,16701483.0,10677945.0,13771663.0,16014917.0,16909994.0,24352576.0
臺北市中山區復興北路４８６號三樓之３,25.062720683849,121.543981115059,20300006.0,18194726.0,14953362.0,15271342.0,16927646.0,18235444.0,26565736.0
臺北市文山區萬壽路７５巷１６弄３號四樓,24.9857000005365,121.588669997448,11999996.0,17728046.0,12928720.0,14286680.0,18154480.0,19361352.0,27301124.0
臺北市信義區吳興街６００巷７６弄１３號,25.01817749,121.5705655,29999978.0,28131084.0,16691770.0,18909852.0,27865196.0,31865082.0,41708720.0
臺北市萬華區和平西路三段８５號十二樓之６,25.0353699852877,121.50165000069,16550000.0,22079498.0,131153.72,12317790.0,21051934.0,29606840.0,31549096.0
臺北市大安區雲和街６１之１號,25.023616,121.529701,21680004.0,19156600.0,13337494.0,15467338.0,17473450.0,21405572.0,30023276.0
臺北市中山區復興北路４４８號八樓之１３,25.062720683849,121.543981115059,12599994.0,13841368.0,10841568.0,11023899.0,11275146.0,14417336.0,18906354.0
臺北市萬華區東園街１３６號三樓,25.02364001,121.49743,20100008.0,18234366.0,12131587.0,15635788.0,22135536.0,28850366.0,33328778.0
臺北市南港區東新街１６８巷１６號,25.04607598,121.589736,29179980.0,23041432.0,15262548.0,20359760.0,25348524.0,26800712.0,36550296.0
臺北市大安區大安路二段６６號五樓之５,25.0320999953114,121.545899995391,25980006.0,21592312.0,13157666.0,16174053.0,21914904.0,23034488.0,34477840.0
臺北市萬華區長順街１０７巷２號三樓,25.0324100000003,121.489360035159,11500007.0,12201832.0,8201709.0,9170668.0,12459970.0,15653005.0,19037056.0
臺北市松山區復興北路３１３巷８號六樓,25.0588600174798,121.545079993804,42000020.0,40964068.0,22442904.0,29836772.0,34665372.0,39965864.0,58279120.0
臺北市北投區新民路５７號五樓之１,25.14068001,121.51107,13000010.0,12020040.0,5526368.0,8293878.5,12460327.0,14940675.0,19343080.0
臺北市大安區羅斯福路二段４１號八樓之２,25.02761002,121.52227,24000004.0,22240280.0,15398575.0,19735540.0,22258994.0,26717264.0,34546760.0
臺北市大安區龍泉街６９號六樓,25.02282001,121.52935,32999976.0,26787322.0,16046747.0,20090616.0,29089956.0,32348678.0,41745410.0
臺北市信義區信義路六段７６巷２弄４３號五樓,25.0337700057001,121.576559991379,14879986.0,16258058.0,12354261.0,14780560.0,14895604.0,16357343.0,22676248.0
臺北市中正區羅斯福路三段９０號十四樓,25.0216799904693,121.526669981669,60560024.0,40988610.0,24925564.0,35730996.0,46505840.0,54129120.0,69622450.0
臺北市內湖區成功路二段１１５巷５號,25.06528198,121.591424,24350020.0,17984844.0,10872859.0,12869206.0,18309050.0,23829364.0,30624892.0
臺北市大安區和平東路一段６６號九樓,25.0267300033135,121.524320031295,37500010.0,29918834.0,19283442.0,21808448.0,27070276.0,32399064.0,43434776.0
臺北市中山區合江街６１巷２７號四樓,25.0573099940351,121.539850021498,16999994.0,17242660.0,11489922.0,13717083.0,16144680.0,17230364.0,24391158.0
臺北市萬華區寶興街１５３號,25.02426899,121.49526,11299991.0,12157159.0,10313810.0,11269062.0,13551586.0,19306812.0,22047684.0
臺北市松山區健康路３２５巷１２弄２４號四樓,25.0554000097585,121.568219997719,35000016.0,23664090.0,15630033.0,20170788.0,21144612.0,24383668.0,35910270.0
臺北市北投區西安街二段１９５號五樓,25.1196299889682,121.510819970402,17380016.0,16634086.0,12541801.0,15132975.0,16350948.0,18167262.0,24950820.0
臺北市北投區大同街１５１號四樓,25.1356200199274,121.498920014826,14499987.0,19029216.0,12163422.0,16472403.0,18148974.0,22417448.0,28122500.0
臺北市中山區北安路７８９號,25.08562302,121.553869,24679992.0,22751196.0,15028074.0,18916526.0,25372662.0,28968642.0,34384256.0
臺北市內湖區康寧路三段１２號,25.07284698,121.606532,37984988.0,22045076.0,13674503.0,17722368.0,24243340.0,25605778.0,37001812.0
臺北市信義區松山路４６５巷１４弄１１之１號,25.0390099943797,121.578799971183,6299999.0,4665310.5,4536274.0,4903043.5,5948949.0,11844209.0,12226852.0
臺北市內湖區大湖山莊街１８８號,25.0880199880749,121.599100018665,9999996.0,12547304.0,8238726.5,9965172.0,12533120.0,14414834.0,20609424.0
臺北市松山區三民路１８０巷２５之１號,25.062481,121.564095,18500014.0,12132212.0,8551794.0,8793596.0,13351900.0,21701768.0,24375904.0
臺北市文山區辛亥路四段７７巷５６號四樓,25.007679990962,121.560609984007,15730013.0,13990003.0,10976670.0,11341470.0,14066124.0,15991688.0,22688534.0
臺北市中山區合江街１３０巷１號三樓,25.0595700065883,121.538510006638,18679996.0,17729806.0,11089316.0,13846861.0,17372262.0,20068288.0,23828274.0
臺北市中正區羅斯福路一段８３巷２號二樓之３,25.03141,121.51985,17099994.0,17716756.0,11163891.0,12102397.0,17801166.0,20665436.0,28020556.0
臺北市內湖區成功路二段４９８巷６號,25.07343598,121.589363,13750010.0,14685130.0,12265884.0,12708969.0,15142763.0,18761084.0,23308236.0
臺北市文山區景隆街３６巷２之３號,24.99860901,121.543533,21550016.0,25990316.0,21004728.0,24504938.0,28238816.0,28825284.0,36453452.0
臺北市文山區興隆路一段１２１號二樓,24.9999986464029,121.556568579963,15079988.0,14171121.0,10499934.0,10889275.0,15296004.0,17281412.0,21996858.0
臺北市內湖區文德路６６巷３４弄３號,25.0761800050159,121.581840003646,29900008.0,20390656.0,12550080.0,15294575.0,18150498.0,19814106.0,29246230.0
臺北市萬華區環河南路一段７１號七樓之２２,25.0450199865946,121.501919981792,2750001.0,2844190.2,3411619.2,3546613.0,3976274.2,6634995.0,8231038.0
臺北市中山區民生東路三段８８巷２號十樓,25.0574000156752,121.542840013999,28680010.0,25123116.0,14651473.0,19793820.0,22602278.0,29445380.0,33491212.0
臺北市文山區汀州路四段１５８號,25.0047835,121.5352857,22599994.0,17957628.0,15136353.0,16285494.0,18981438.0,21180132.0,27329622.0
臺北市內湖區環山路一段１３６巷１４弄２號,25.08757001,121.56844,17599986.0,10797756.0,6814074.0,8211711.0,10966646.0,13702518.0,18880300.0
臺北市士林區承德路四段１９５巷１２號二樓,25.088249987498,121.523050005326,64880030.0,48880600.0,30462704.0,35328324.0,54724890.0,71595040.0,89105890.0
臺北市士林區仰德大道一段９１巷３６弄３號,25.1053499919853,121.540180017026,24000004.0,17396666.0,3164866.8,13836696.0,21059404.0,27108098.0,29238644.0
臺北市大安區復興南路二段３２０號,25.023343,121.543201,23500006.0,20779624.0,15250298.0,19062600.0,21798344.0,25036056.0,31924030.0
臺北市內湖區安泰街６６巷３號四樓,25.0753499870539,121.61663998925,9799997.0,12587815.0,9348833.0,10245109.0,12882664.0,15943842.0,20750078.0
臺北市南港區三重路４１巷３７號五樓之１,25.0607300200782,121.612839969626,44350030.0,52766210.0,21539660.0,28887754.0,48685110.0,61920060.0,81208160.0
臺北市北投區溫泉路５９號五樓,25.1350699994411,121.504479982659,24000004.0,28715754.0,18533106.0,24926800.0,29629550.0,36577004.0,47059420.0
臺北市士林區文昌路２４７巷１１號二樓,25.1002900046763,121.520009972863,19580014.0,17202386.0,13496926.0,14770977.0,17811560.0,20127552.0,24920666.0
臺北市文山區興隆路二段２２０巷５３弄８號,24.999419,121.551849,12500008.0,14968600.0,12236698.0,13346070.0,14672839.0,18338304.0,22547208.0
臺北市內湖區文湖街２１巷１００弄２號四樓,25.0909399916841,121.561120022815,13249991.0,11586622.0,9080473.0,10079196.0,11654734.0,14236656.0,18641698.0
臺北市大安區復興南路二段９０巷１２號,25.03021968,121.5423855,10625001.0,15476781.0,10261576.0,12487998.0,13971976.0,17598174.0,24893824.0
臺北市大安區和平東路三段４２０號五樓之１,25.0179699924858,121.559259994682,15999987.0,12081041.0,9043864.0,9475466.0,11613992.0,14879702.0,20341518.0
臺北市北投區榮華一路３巷６號六樓之１,25.1123299799451,121.524729990179,45499984.0,43168750.0,31560952.0,39515692.0,52780404.0,65027830.0,74896984.0
臺北市南港區重陽路９號十樓,25.0589516410115,121.609266644897,43099972.0,31127344.0,11627667.0,17198580.0,31734618.0,38333760.0,50186110.0
臺北市中山區新生北路三段１號,25.06288702,121.527991,6050001.0,7987624.0,6584353.0,7061164.0,7328576.5,11952506.0,12691770.0
臺北市內湖區文德路２２巷２７弄８號五樓,25.076529991383,121.579870004943,13000010.0,12271945.0,9612061.0,9760897.0,10822086.0,13774920.0,18824960.0
臺北市信義區永吉路４４３巷９弄３６號三樓,25.046559993665,121.57904002889,18000012.0,16910414.0,9102027.0,13488382.0,18754252.0,21605370.0,25872994.0
臺北市大安區建國南路一段２７０巷１４號二樓,25.0363999954594,121.536679985717,37999988.0,33454502.0,18452756.0,26473120.0,34921800.0,35425150.0,46671028.0
臺北市內湖區康寧路三段９９巷３９弄７４號,25.07440501,121.610716,31799996.0,32098898.0,18096226.0,24260040.0,32029484.0,33540948.0,48494200.0
臺北市南港區向陽路２５８巷７號十五樓,25.0584899983641,121.595360013468,58300024.0,39233316.0,21522412.0,29127266.0,49736330.0,57567416.0,70113920.0
臺北市中山區中山北路一段６６號八樓,25.0486400048475,121.520780018308,32879976.0,28168614.0,19438132.0,22381816.0,25246618.0,27366762.0,41024430.0
臺北市中正區忠孝東路一段３９號,25.044475,121.525681,30299986.0,22210732.0,12452035.0,14412635.0,21697586.0,28020180.0,36953496.0
臺北市中正區臨沂街２７巷９號,25.0409481,121.5312906,37999988.0,33835364.0,20947874.0,28836228.0,31964488.0,38324916.0,49751790.0
臺北市文山區景福街１４１號,24.99584298,121.536218,20300006.0,19984940.0,14042347.0,15803782.0,17510484.0,22327070.0,28271960.0
臺北市中山區雙城街３巷２號十三樓之７,25.0632399809841,121.524599986861,7400001.0,8331630.0,6822969.5,7786453.0,8913031.0,13262608.0,13829916.0
臺北市中山區樂群二路１４８號,25.0795600074714,121.556980033199,31000018.0,33578200.0,16598938.0,19918688.0,27481366.0,29438474.0,44607852.0
臺北市士林區天母西路５巷６號,25.11906531,121.5289344,22049996.0,25376292.0,18553124.0,24333168.0,24653692.0,31869946.0,38571760.0
臺北市內湖區民權東路六段１４６號七樓之２４,25.0688100071013,121.589750005673,10149998.0,10747457.0,7998967.0,9670060.0,10472254.0,13990136.0,15915403.0
臺北市大同區敦煌路１３０號,25.07613801,121.515952,12979990.0,13185074.0,10720698.0,11230246.0,14054030.0,17731834.0,20973700.0
臺北市中山區南京東路一段１７號八樓,25.0523699936701,121.52374997806,10611857.0,13133620.0,7802643.0,8276558.5,10261439.0,14455335.0,19019636.0
臺北市士林區士東路２８６巷２４號五樓,25.1117400196901,121.537369983987,37350036.0,26276676.0,14168553.0,20412954.0,25223178.0,28796050.0,40012616.0
臺北市士林區後街２１巷１３號,25.09839402,121.524763,10899998.0,12921842.0,12480782.0,12816247.0,12994779.0,16607203.0,20581650.0
臺北市北投區尊賢街２４１巷１０號三樓,25.1164400042577,121.506930012958,14300011.0,12386302.0,9226954.0,10911251.0,11790856.0,14583611.0,18770104.0
臺北市中正區廈門街１２９號十三樓,25.022829987585,121.517490037492,9500005.0,11678967.0,9241696.0,9703853.0,10690314.0,14753802.0,17825630.0
臺北市文山區木新路二段１１８號五樓,24.9844300164769,121.569609968723,7000002.5,16581629.0,12732674.0,16936916.0,19980596.0,25724488.0,27417754.0
臺北市士林區中山北路五段４６１巷３號,25.0919000129643,121.527440027114,18999984.0,2968824.5,3510375.0,3644435.0,5016765.0,10889358.0,11355020.0
臺北市中山區五常街１號,25.064429,121.537395,24100004.0,18001248.0,13774684.0,17832296.0,18018148.0,21543358.0,26711710.0
臺北市北投區溫泉路７０號二樓,25.1351399883326,121.504839985401,22499994.0,26337842.0,14599002.0,19530036.0,23845460.0,29674400.0,40165776.0
臺北市中正區汀州路二段２７７號,25.02215902,121.524263,37419984.0,35651210.0,22301150.0,27202832.0,37188316.0,40258812.0,59622150.0
臺北市中正區重慶南路三段６３號七樓,25.02935999,121.51513,21419988.0,21603352.0,12777974.0,18654288.0,24739942.0,31561916.0,34077330.0
臺北市中山區大直街２１巷４號三樓,25.08166001,121.5471,23100000.0,17535116.0,13245443.0,15806103.0,19876296.0,21834836.0,26172636.0
臺北市信義區信義路五段１５０巷４９９號九樓之６,25.021200000784,121.573630013305,10999996.0,10960749.0,9049973.0,10369514.0,10412105.0,13536500.0,16919190.0
臺北市中山區錦西街３１號三樓之６,25.0604299898541,121.520689996668,10600002.0,8825538.0,5699663.0,6305018.0,7640110.5,11468290.0,14679053.0
臺北市南港區南港路二段１７８巷２６號十樓,25.0543700000001,121.60681,19499996.0,12989699.0,8017510.0,9769167.0,12650225.0,17199236.0,20758668.0
臺北市士林區延平北路五段２４４巷７號,25.0846399856194,121.510259975451,11500007.0,14078364.0,6587016.0,7746494.0,15124722.0,21683686.0,24345284.0
臺北市內湖區康樂街１３６巷１８弄１９號二樓,25.0710700196545,121.61807002575,33500028.0,32938664.0,20639988.0,25779942.0,38260056.0,44732160.0,57360050.0
臺北市士林區環河北路三段１１１號十一樓,25.084990013896,121.506300029115,22200016.0,25958806.0,17504640.0,21573622.0,28261284.0,34379732.0,41325930.0
臺北市萬華區和平西路三段３８２巷２弄２２號,25.03505499,121.490798,11600000.0,11542286.0,8166820.0,8548019.0,11717590.0,14474703.0,18091982.0
臺北市北投區民族街５３號三樓,25.1337400009547,121.506419974149,12800001.0,12371852.0,9670060.0,10154452.0,13060552.0,16323527.0,18592340.0
臺北市中山區新生北路一段１０８之３號五樓,25.0496430869314,121.528391941235,6000000.0,5114492.5,4240851.5,4558825.5,5369914.0,7986085.0,10622954.0
臺北市松山區三民路１５５巷３１號四樓,25.0613199803332,121.561480025557,29600008.0,21391286.0,16691133.0,21235184.0,21923348.0,26974924.0,29649110.0
臺北市大安區安和路二段６０號十二樓之１,25.03057997908,121.552220034205,68000040.0,57600256.0,33160302.0,43292104.0,48122504.0,58483788.0,86187490.0
臺北市內湖區民權東路六段１９２之５號四樓,25.0685399840905,121.594730029625,31000018.0,24775264.0,15082202.0,16202398.0,27761006.0,33104438.0,39003956.0
臺北市中正區中華路二段７５巷１弄８號四樓之５,25.0340300123366,121.506430032433,9500005.0,7147731.5,5537442.0,5565124.5,7294862.0,10368169.0,13703066.0
臺北市內湖區康寧路一段１４１號五樓,25.0793300080482,121.594099961964,11249991.0,16632753.0,11667278.0,13565086.0,15274139.0,18240140.0,23939976.0
臺北市南港區園區街８號,25.05977398,121.613515,31499970.0,30678212.0,13026295.0,19874438.0,30128254.0,30416256.0,43722452.0
臺北市士林區中山北路七段２１６巷５之１號,25.12582899,121.533432,28500004.0,28226968.0,13952190.0,26225354.0,26345228.0,34723010.0,45681116.0
臺北市中山區伊通街１９巷２５號四樓,25.0489800167498,121.53576996249,12059998.0,12425274.0,9277708.0,10254963.0,12101289.0,14566959.0,19737648.0
臺北市北投區中山路３號,25.13704499,121.505195,17939996.0,17206258.0,11581386.0,15146374.0,21477384.0,22791110.0,27812044.0
臺北市士林區環河北路三段１３５號四樓之１,25.085439996368,121.50601998973,15679988.0,17294238.0,11501564.0,14827234.0,19695904.0,22332520.0,27193286.0
臺北市萬華區康定路１０３號,25.039507,121.502048,36499996.0,39935690.0,4348825.5,36346464.0,51510664.0,60453964.0,70900900.0
臺北市士林區延平北路五段５９巷８弄５號二樓,25.0805400195907,121.510150004882,7500001.0,7392256.5,5049226.5,5068790.0,8185908.5,13524086.0,13829704.0
臺北市文山區辛亥路五段９３號,24.99758701,121.55264,11500007.0,14474013.0,11752732.0,12391879.0,14717404.0,16921738.0,22853054.0
臺北市內湖區內湖路二段３５２號六樓,25.08200999586,121.590449978407,12599994.0,13849582.0,10081811.0,11294324.0,12190666.0,15961185.0,20885478.0
臺北市北投區中山北路七段２１９巷３弄１６３號二樓,25.1288300078031,121.530409986866,14379986.0,15327838.0,8322084.5,13300506.0,16200636.0,18139388.0,22454636.0
臺北市士林區延平北路五段２４４巷２２弄１５號,25.08439599,121.510972,4099999.5,10448631.0,8109233.5,8897812.0,10675012.0,16921190.0,18377450.0
臺北市南港區南港路三段２２５號八樓之３,25.0513999979251,121.580420025429,23359996.0,17296548.0,10418680.0,13543008.0,18529148.0,20465428.0,28702228.0
臺北市松山區八德路四段６６０號,25.04986699,121.575864,31649990.0,32168892.0,20071580.0,26680192.0,38520070.0,41871724.0,52722050.0
臺北市信義區松隆路３２９巷６號,25.04848201,121.579304,26380022.0,18376714.0,11513614.0,16069412.0,19811422.0,21883534.0,26848500.0
臺北市中山區八德路二段１７４巷１５弄３號,25.0450800010213,121.538530039386,18600002.0,15233174.0,8364318.5,8722485.0,13989816.0,17169672.0,23167112.0
臺北市大安區信義路四段１５５號十六樓,25.0336400023818,121.55009002497,31999990.0,56866030.0,22868794.0,45261176.0,64268640.0,69899610.0,88242136.0
臺北市中山區林森北路１１９巷６１號,25.05033998054,121.527069966089,33379992.0,17505642.0,4749171.0,6611573.0,15099242.0,20443814.0,27191884.0
臺北市內湖區內湖路一段４１１巷９０弄２７號,25.08484002,121.57147,14260000.0,15259725.0,13598322.0,14198068.0,14759487.0,17218864.0,22318384.0
臺北市松山區延壽街１６號二樓之４,25.0565326928537,121.559850240494,5800002.0,20203708.0,15246778.0,16674841.0,21574404.0,25198894.0,31571006.0
臺北市士林區重慶北路四段２２２號,25.0858689,121.511468,18585000.0,23261248.0,13793140.0,18148974.0,26151228.0,31142072.0,38792950.0
臺北市大安區建國南路一段３２７號,25.034783,121.538236,10499994.0,6700886.5,7146388.5,7417743.0,7473248.0,12375132.0,13683608.0
臺北市南港區富康街４９巷１１號三樓,25.0527499872506,121.61759996862,15860008.0,9508888.0,3639190.8,6622276.0,11502244.0,14144144.0,16070362.0
臺北市大安區敦化南路二段１５２號,25.02521908,121.5483706,37679970.0,34023684.0,22006300.0,31356344.0,31987908.0,39095644.0,48777504.0
臺北市北投區尊賢街２４２巷９號,25.11700101,121.507931,17650008.0,19489696.0,13336782.0,17385454.0,19960256.0,22606676.0,27849308.0
臺北市士林區倫等街４８巷４號,25.09292399,121.501612,7999997.0,7491037.0,3126444.0,4946411.5,9221394.0,12898646.0,15426856.0
臺北市萬華區青年路１７８巷５２號四樓,25.01956,121.50182,4800000.0,4749107.5,3007314.0,3044531.0,4875105.5,8027410.0,9849807.0
臺北市北投區泉源路４９之６號,25.14129000024,121.511119958717,9000001.0,11597058.0,6730623.0,7832770.5,12803542.0,14376394.0,19113680.0
臺北市內湖區內湖路三段３８號二樓,25.090833432636,121.580888172902,43660036.0,38757156.0,21643728.0,22977268.0,37856316.0,48504372.0,62110736.0
臺北市大安區復興南路一段７９巷１０號,25.04451699,121.544635,8980008.0,6744701.5,5460083.0,5903369.0,6444597.5,11443162.0,15057598.0
臺北市大同區蘭州街５７號,25.06361398,121.515071,3000001.0,5638097.0,5319179.0,5780239.5,6364627.5,9492524.0,11230782.0
臺北市松山區敦化北路１２號八樓,25.050319989701,121.548569966829,195000080.0,130053000.0,53065260.0,59397750.0,120667010.0,163882370.0,206268960.0
臺北市萬華區國興路６號四樓,25.0258400128343,121.506930012958,10999996.0,9646259.0,1161138.5,7070854.0,10774796.0,15672274.0,17731530.0
臺北市北投區公路３０１巷６號,25.1323027,121.5026806,13800008.0,17604384.0,8196274.5,15853536.0,19072674.0,24800936.0,25160232.0
臺北市松山區民生東路四段９７巷４弄１號三樓,25.0589999952628,121.552850018047,37999988.0,29313918.0,15532200.0,20811712.0,28180328.0,32075764.0,42898624.0
臺北市萬華區西園路一段８０號十五樓之２,25.0353500000001,121.49948,33080010.0,45478296.0,21135378.0,32005728.0,54526196.0,54567916.0,74512696.0
臺北市南港區福德街３３９巷３２號,25.038363,121.588917,10999996.0,8995470.0,6565028.5,7204485.5,9376083.0,13635774.0,15666954.0
臺北市內湖區文德路２２巷９弄４８號九樓,25.0767299835927,121.579029970606,32680028.0,33262098.0,22944686.0,30478860.0,32866118.0,37877696.0,53009016.0
臺北市中山區龍江路２８６巷１４號,25.060892,121.539856,28899988.0,24167902.0,16904222.0,21782300.0,22764740.0,26247022.0,32411302.0
臺北市大安區瑞安街１３５巷１２之１號二樓,25.0266899797258,121.540180017026,29799976.0,27587294.0,19208958.0,24465240.0,27711542.0,32833098.0,40930876.0
臺北市內湖區麗山街１０５巷２９號六樓,25.0831381992112,121.579778482727,27999986.0,28158784.0,17107072.0,22813726.0,29590242.0,30136990.0,44291028.0
臺北市信義區富陽街７２巷２４號三樓,25.0222399854205,121.55551001502,18799986.0,18351214.0,12548094.0,14469569.0,16904126.0,19308984.0,24986014.0
臺北市大同區大龍街９１巷１２號六樓之９,25.0672200019784,121.517030038646,13579996.0,15751119.0,9024668.0,12215594.0,15903144.0,20466324.0,27427692.0
臺北市文山區景興路１８８號十九樓之９,24.99251,121.54381,7019998.0,7977453.0,5681759.0,8344018.5,10125441.0,15882925.0,16168038.0
臺北市大安區仁愛路四段１１２巷９弄７號二樓,25.036799979879,121.550109973899,31999990.0,39099520.0,14661872.0,24978438.0,36993484.0,40511076.0,55882736.0
臺北市信義區嘉興街１７９之２８號,25.0270599988415,121.556880037094,2050000.2,2569947.8,4294329.5,5076240.0,5131548.5,10457523.0,10574155.0
臺北市中山區建國北路三段１１３巷１９弄１１號四樓,25.067309981709,121.535689999133,15999987.0,14110489.0,12223098.0,12865525.0,15201538.0,17657988.0,22162956.0
臺北市內湖區新富街１６２號,25.06067101,121.585759,69799950.0,60885824.0,27310550.0,37505660.0,77707230.0,94895250.0,114177910.0
臺北市士林區通河街３２３巷７１之３號,25.08152598,121.519103,4800000.0,3799010.2,4019103.5,4176883.5,4986547.5,9499443.0,9772857.0
臺北市信義區基隆路二段７７號,25.03033741,121.5581396,12440000.0,18587694.0,15267935.0,17207834.0,17634092.0,22492914.0,28042904.0
臺北市南港區玉成街１６６巷１６號,25.0442799902727,121.583640017353,29999978.0,18623288.0,11699702.0,13104469.0,18607062.0,21559842.0,26444456.0
臺北市北投區中央北路二段３５０巷７８號七樓,25.13947,121.48905,27099982.0,22786372.0,8479711.0,14844637.0,25735922.0,34204376.0,45786228.0
臺北市大安區永康街８巷３號三樓,25.0323299947345,121.5295500036,24999980.0,20692888.0,12268551.0,14671692.0,19694026.0,21009414.0,29104718.0
臺北市信義區崇德街８８號,25.02153325,121.5610027,20000004.0,12768375.0,7717890.0,9607168.0,13961880.0,17670218.0,23310146.0
臺北市大同區重慶北路三段２０３之３號,25.069714,121.51406,17589986.0,17488654.0,9581475.0,14103466.0,18505342.0,20594688.0,27743538.0
臺北市大同區民權西路１６０巷２６弄１號十八樓之１,25.0616125506636,121.515490031576,47149984.0,56724340.0,19632630.0,51809516.0,74976310.0,78219370.0,106701540.0
臺北市大安區和平東路二段２６５巷２９之１號,25.02753601,121.544184,38360020.0,40389948.0,22156996.0,29856470.0,36034390.0,41453740.0,63581584.0
臺北市中山區明水路４７９號,25.07808198,121.551674,55879970.0,48964956.0,33998256.0,43280628.0,48909230.0,65523976.0,79241540.0
臺北市大安區市民大道四段４８巷１號二樓,25.0447000074409,121.545839980965,24300004.0,27950470.0,11467349.0,19639710.0,28387268.0,30585782.0,39915050.0
臺北市北投區自強街６８號八樓,25.1104399865076,121.514150016715,26249976.0,32160548.0,21655126.0,27733434.0,35952010.0,42351720.0,53171440.0
臺北市大安區光復南路４２０巷５號,25.03635301,121.556661,27499980.0,29534196.0,17548232.0,24349510.0,28459914.0,32446312.0,42070256.0
臺北市中山區新生北路二段７３號五樓之７,25.05671002,121.52786,4499998.0,4631380.5,4741219.5,5161783.0,5227960.5,7443395.5,10619571.0
臺北市松山區民生東路五段１５１號十一樓之１５,25.0592100038469,121.562259961647,11999996.0,10915435.0,9119944.0,10476729.0,10726159.0,17112848.0,20066528.0
臺北市北投區實踐街８８之１號四樓,25.1151999855019,121.511070002574,18999984.0,21853712.0,15567078.0,20719190.0,21446520.0,23453974.0,29526592.0
臺北市大安區羅斯福路二段８５號十三樓,25.0257699820333,121.523600025812,49480000.0,32302066.0,16264974.0,22409668.0,33525470.0,39159600.0,53687704.0
臺北市南港區福德街３２６號五樓,25.0395899801699,121.588319969172,38279984.0,33877984.0,19359912.0,25691390.0,39491884.0,47849480.0,63713788.0
臺北市松山區民生東路三段１２７巷６號四樓之１,25.0585399964166,121.547409995248,31599984.0,28727422.0,19025332.0,25001460.0,28852788.0,31416088.0,42066080.0
臺北市北投區泉源路３９之１８號,25.14144133,121.5071504,11679992.0,15917224.0,9554192.0,12942364.0,16189732.0,19986618.0,24620844.0
臺北市中山區中山北路一段８４號十二樓之６,25.0491899834244,121.521059973874,11360002.0,14595660.0,10452179.0,10584244.0,12255875.0,14901970.0,21885246.0
臺北市內湖區成功路四段２９４巷７０弄１４號,25.0872400100749,121.598410020395,40100020.0,41257172.0,20544586.0,29797872.0,35873784.0,44197188.0,65643064.0
臺北市北投區新民路１巷５之３號,25.14012781,121.5075494,11460002.0,15577385.0,10076621.0,12904946.0,16808670.0,19086576.0,23803154.0
臺北市大安區信義路四段２６５巷５４號六樓,25.0350699969731,121.555680000016,50999960.0,52516104.0,21810112.0,36359984.0,42811656.0,51156616.0,74913560.0
臺北市萬華區成都路１５７號四樓之１,25.0435500103252,121.503029997229,9560007.0,12527552.0,9468637.0,10020789.0,11976696.0,13502616.0,19931876.0
臺北市北投區溫泉路９９之１號,25.13637209,121.509743,5500000.5,5745341.0,3590675.2,4096411.5,5907762.0,8860858.0,10814781.0
臺北市中山區林森北路３０６號十四樓,25.0560900080279,121.525359974022,12599994.0,10132898.0,7316928.0,7952462.5,10840596.0,14619371.0,16875294.0
臺北市大安區辛亥路一段１３５號十一樓之１,25.0225299992703,121.532260040535,31000018.0,34501124.0,23252640.0,34251640.0,36389956.0,40879068.0,50727060.0
臺北市北投區立農街二段２０２巷２弄４號五樓,25.1185799879574,121.514010038932,15000010.0,14123414.0,11768411.0,12682937.0,13572927.0,16500043.0,20583456.0
臺北市松山區八德路二段３４６巷５之７號,25.04726998,121.54498,29999978.0,39868256.0,20188570.0,23427148.0,36454144.0,41716120.0,51194390.0
臺北市中正區忠孝東路二段１３０號六樓之５,25.0423899968352,121.531810016153,27060004.0,19808286.0,9529895.0,13570261.0,18939704.0,19238916.0,30732268.0
臺北市北投區大度路三段３０１巷１２８弄１９號四樓,25.1195799909158,121.464899965313,10550001.0,12312294.0,8678533.0,9671296.0,11944985.0,13616022.0,19141954.0
臺北市士林區士東路９１巷７號,25.112665,121.52911,20399992.0,23271764.0,18364870.0,22295706.0,23158852.0,28901202.0,33833428.0
臺北市北投區溫泉路７８號,25.13537309,121.505318,4800000.0,8347305.5,7759314.5,8088696.0,8656884.0,15443931.0,15620467.0
臺北市大安區安東街３１號五樓,25.0442299922203,121.542600040111,9500005.0,10715996.0,7501102.5,8246760.5,9563108.0,12424444.0,16619783.0
臺北市北投區明德路１１８巷１２號四樓,25.1094995062471,121.520720542331,19300000.0,18252704.0,15248291.0,18824170.0,20919684.0,24080568.0,28692594.0
臺北市松山區富錦街５８１巷２０號,25.0628200057255,121.56645996569,22249996.0,16405867.0,12679043.0,12963512.0,16297115.0,21556388.0,25632508.0
臺北市文山區興隆路二段２２０巷５３弄１２號,24.99928602,121.551899,9999996.0,14823784.0,13823032.0,14754702.0,14973312.0,19675516.0,22446114.0
臺北市中山區農安街２１０號九樓之５,25.064690008324,121.536470019043,17199990.0,17544952.0,10991398.0,17102506.0,19069800.0,20785808.0,26508438.0
臺北市文山區景華街１９８號十五樓之３,24.9985399865539,121.547720041847,49500016.0,43215790.0,20933496.0,41851760.0,53587750.0,58986344.0,71364500.0
臺北市文山區木柵路四段１３９號八樓之１,24.9985699937672,121.573749958339,19750000.0,16805656.0,10834684.0,12819205.0,17326596.0,19999012.0,27140328.0
臺北市中正區青島東路３之１號六樓,25.044079998063,121.521440009364,45250040.0,35104250.0,20263566.0,27677630.0,29232512.0,33939100.0,53644510.0
臺北市士林區忠誠路二段２１巷８號二樓,25.1091000135565,121.531060003457,64000012.0,50689824.0,31912464.0,37260880.0,57720356.0,80713400.0,94717860.0
臺北市大安區仁愛路三段１２２號六樓,25.0371899898337,121.540359976487,150624900.0,143123540.0,57910908.0,85423040.0,107774750.0,142034930.0,193974020.0
臺北市文山區景興路１８８號二十一樓之８,24.9924900126609,121.543679964516,6850000.5,8544955.0,6035858.0,9585185.0,10930081.0,15863215.0,17863308.0
臺北市中山區明水路４５３號,25.07748691,121.5503538,46180024.0,29494846.0,22134946.0,27836456.0,31149140.0,35796000.0,44429110.0
臺北市信義區光復南路４７３巷１１弄５６號七樓之１,25.0342900189731,121.559659979101,30500028.0,25480860.0,16350637.0,22330050.0,25419308.0,27795764.0,36515456.0
臺北市中山區中山北路二段９３巷５號九樓,25.0594200124309,121.523559960315,46499984.0,50937160.0,22788242.0,30709650.0,46641396.0,47148456.0,79457360.0
臺北市北投區溫泉路３７巷２６號十三樓之２,25.133750017329,121.50329997833,7700003.0,11419266.0,8919153.0,9614207.0,10864567.0,16159190.0,17325702.0
臺北市士林區天玉街３８巷１２號三樓之５,25.1205499866607,121.529340036926,7000002.5,7801021.0,7224741.5,7807324.5,7887280.5,11020388.0,14686502.0
臺北市大同區迪化街二段２５４巷９號,25.0701599964267,121.511169998679,16699986.0,16801778.0,12095451.0,16322064.0,18436994.0,20900700.0,24249768.0
臺北市信義區虎林街２２２巷２７號,25.03681,121.576742,16500011.0,21450528.0,11106800.0,15963073.0,21158692.0,27536248.0,30782660.0
臺北市中山區龍江路３９４巷５７號三樓,25.0673000072442,121.538600028278,16999994.0,16050634.0,13042230.0,14911068.0,17035146.0,20077554.0,24162278.0
臺北市大安區仁愛路四段１５１巷３９號四樓之１,25.0406199903417,121.552090030886,69180056.0,54712150.0,2673503.2,31238684.0,48016972.0,75458500.0,82761380.0
臺北市中山區中原街４６號三樓,25.0576599804022,121.52867996205,15279996.0,19013034.0,12725415.0,14205490.0,18538516.0,20512126.0,29947952.0
臺北市萬華區成都路１５５號七樓,25.0435399939509,121.503080037191,8799997.0,11401942.0,8944674.0,9338283.0,10163598.0,12863316.0,16238502.0
臺北市大安區信義路二段１２號,25.03490898,121.524912,22799980.0,16770529.0,12298846.0,12816809.0,14075303.0,18101682.0,23017096.0
臺北市信義區福德街２１１號,25.03834799,121.584605,20879980.0,17554760.0,13378897.0,16398140.0,16844840.0,19683848.0,25669300.0
臺北市信義區永吉路２７８巷４８弄２號三樓,25.0439100130666,121.573370006668,14000013.0,19144948.0,11661605.0,13754075.0,19816524.0,24248150.0,26933898.0
臺北市內湖區江南街１１１號十一樓之２,25.0764799933305,121.576239970315,25939998.0,25708792.0,14759909.0,18383060.0,23921946.0,24218476.0,40609330.0
臺北市中山區南京東路三段１０９巷９號三樓,25.0527199800372,121.53992001039,30600020.0,25608074.0,15901961.0,20366440.0,24682344.0,26001124.0,36676836.0
臺北市大安區羅斯福路三段２８３巷１９弄４號,25.01946801,121.531541,40000028.0,24475788.0,13043474.0,17133196.0,20843294.0,27168764.0,35255624.0
臺北市萬華區武昌街二段１２４之２號六樓,25.0453599984969,121.503759977177,5750000.0,5611512.0,4648487.5,5312087.0,5431881.5,8578579.0,10408213.0
臺北市內湖區民權東路六段１５０號三樓之１,25.0684899860381,121.590470011155,42000020.0,42036650.0,25584834.0,26763320.0,47421092.0,60574230.0,77853810.0
臺北市信義區吳興街３５０巷３號,25.02546899,121.566214,39060016.0,37360864.0,22793676.0,30326756.0,34931390.0,41927744.0,58906068.0
臺北市內湖區康寧路一段２９２號,25.07824711,121.5978724,21300006.0,19394986.0,14542724.0,15770478.0,19373100.0,23118116.0,29335844.0
臺北市松山區八德路二段３８３號十一樓之７,25.0479800137915,121.545149982695,9900002.0,9843384.0,7805419.0,8597440.0,9417324.0,14733189.0,15397988.0
臺北市北投區杏林二路２４號,25.14195301,121.498302,10800002.0,11306524.0,8065218.0,9409531.0,11104555.0,14631701.0,18673404.0
臺北市大安區復興南路二段１５１巷２５號六樓,25.0284599862194,121.544629969422,28500004.0,23796164.0,16673188.0,21063060.0,22627988.0,24684936.0,34845150.0
臺北市大安區敦化南路一段３１３號,25.034804,121.549294,27800004.0,21551412.0,9503321.0,15241922.0,19945148.0,24890976.0,30222758.0
臺北市中山區五常街１１巷５號十樓之１,25.0646299938972,121.537850015582,37500010.0,30415966.0,17657922.0,24025744.0,34452988.0,40190680.0,50481320.0
臺北市信義區仁愛路四段４５２巷１８號五樓之１,25.0366499857216,121.559120016899,33699980.0,27131686.0,18095330.0,23789992.0,26061648.0,29670776.0,37707430.0
臺北市萬華區西園路一段１４４號十樓,25.0353500000001,121.49948,11999996.0,13935594.0,10358503.0,11252910.0,12910633.0,17394742.0,22405650.0
臺北市大同區寧夏路２０號,25.05483201,121.514826,16999994.0,22211918.0,16632087.0,18332288.0,22713778.0,24187870.0,34912610.0
臺北市信義區忠孝東路五段５０１號,25.04137,121.57851,2916665.8,2917289.0,1025966.3,3406612.5,5099730.0,11472140.0,12133392.0
臺北市南港區園區街１７號,25.0587539,121.6108427,26350000.0,21287092.0,12251551.0,15489421.0,20822076.0,21541672.0,30312356.0
臺北市中正區中華路一段９５巷９號,25.03765598,121.507932,88879970.0,65778050.0,27882900.0,50234856.0,88296690.0,101755330.0,123196300.0
臺北市內湖區內湖路一段６８３號,25.07990002,121.576411,54570000.0,32023802.0,18539824.0,27207968.0,27649770.0,30745284.0,46408456.0
臺北市文山區萬慶街４４號四樓,24.993499990084,121.538570021064,15300002.0,15373220.0,13245645.0,14339314.0,15887651.0,18155414.0,23261158.0
臺北市大安區復興南路一段１３５巷１５號四樓,25.0427100178985,121.54504998659,17179990.0,12578958.0,8073490.5,10601094.0,12690971.0,17750514.0,21571728.0
臺北市萬華區莒光路２５６號二樓,25.03129998,121.49936,17300012.0,21473044.0,8660195.0,12972046.0,20916732.0,23551384.0,30082086.0
臺北市大同區承德路三段９０巷２０號,25.066319995125,121.517309994212,34599976.0,23316816.0,13616178.0,18182966.0,20983344.0,25884840.0,40316290.0
臺北市內湖區成功路五段２２號六樓,25.0845300150498,121.601539990679,27499980.0,28273576.0,17098526.0,21637992.0,26268308.0,29724306.0,40030936.0
臺北市士林區德行東路１２９巷１弄５號四樓,25.1081599831153,121.528760009226,16600014.0,20156174.0,13563326.0,18959656.0,19071800.0,22733324.0,28274062.0
臺北市士林區天母西路５巷４弄８號,25.11934488,121.5293042,35000016.0,41281336.0,23036334.0,33589220.0,39009016.0,44898670.0,74758120.0
臺北市大安區青田街５巷１２之７號,25.02853999,121.532518,25500016.0,18660480.0,14601508.0,17476418.0,18277334.0,24430408.0,27373652.0
臺北市松山區民生東路五段１７１號九樓之３,25.0597599824237,121.564739999159,25079980.0,23252730.0,12834349.0,22343386.0,22832314.0,29265426.0,33340350.0
臺北市松山區南京東路五段１２３巷１５號,25.05246601,121.560716,9500005.0,9207685.0,6306166.5,8065287.0,9312527.0,13888441.0,17065228.0
臺北市大安區金山南路二段１３２巷２０號,25.03313998,121.52697,20359994.0,21353904.0,15998797.0,17103712.0,20858844.0,21564200.0,31766230.0
臺北市萬華區西園路二段１５２號五樓,25.02999999,121.49607,46800016.0,52989504.0,21572428.0,34263730.0,58074730.0,86906720.0,110139430.0
臺北市內湖區金湖路１２７號十四樓,25.08028001,121.59819,38549988.0,34826348.0,16139846.0,25371210.0,43170230.0,48846024.0,56763950.0
臺北市北投區溫泉路６５巷１６號三樓之９,25.1359126321673,121.504417956576,4099999.5,5492997.0,4745807.0,4863120.5,5850071.0,9076542.0,10851230.0
臺北市松山區三民路９６巷３號,25.057189,121.563859,23700000.0,18137312.0,9607534.0,13839098.0,18551816.0,23223166.0,25877338.0
臺北市北投區中和街４０號六樓之１０,25.1436599833628,121.498109987703,3999999.8,4006983.0,4236086.0,4263089.0,4707635.5,7317758.5,9070347.0
臺北市大安區復興南路二段１２巷２７號三樓,25.0328800152209,121.542189997408,47200012.0,41012384.0,22840896.0,28674650.0,35263224.0,39373124.0,61697364.0
臺北市大同區重慶北路二段６７號,25.05573801,121.514184,20179984.0,22257678.0,17415190.0,21502470.0,22517682.0,26645050.0,33973296.0
臺北市中正區汀州路二段１２５號,25.0250700092991,121.519440003447,33900024.0,18967360.0,10342394.0,11912108.0,16124554.0,22626088.0,29803556.0
臺北市松山區光復北路１０５號九樓之２,25.0510399951837,121.558060041423,22499994.0,22896248.0,17510684.0,20717610.0,22090998.0,25175066.0,31216290.0
臺北市中山區合江街１２７巷１９號四樓,25.0607899925955,121.54001003203,10999996.0,15112842.0,11349326.0,11952711.0,12737970.0,16043105.0,21370406.0
臺北市大同區寧夏路１６５號,25.06155501,121.514243,40500028.0,63202652.0,8951722.0,49567944.0,72705170.0,87063500.0,108174490.0
臺北市信義區信義路五段１５０巷４６３號三樓之４,25.0227900059069,121.572470041724,5299998.0,5296123.0,4774506.5,5815433.0,5829776.0,7821156.0,10582710.0
臺北市士林區雨聲街５９巷２１號四樓,25.1026399969601,121.527859960463,16500011.0,17214760.0,12161125.0,13821688.0,15906329.0,17920468.0,24167532.0
臺北市士林區士商路１４９之６號二樓,25.0940800202517,121.517460030279,41799988.0,28803576.0,19316868.0,22377292.0,30781838.0,35283140.0,48128290.0
臺北市內湖區文德路２２巷５９弄１６號三樓,25.075440008694,121.580039989939,24499984.0,23691504.0,16101596.0,20443384.0,22742302.0,23769444.0,34274188.0
臺北市士林區福華路１４１巷６號二樓,25.1029399852748,121.522030011528,13579996.0,9502814.0,6427142.0,6849693.5,10178108.0,15060011.0,16545708.0
臺北市內湖區港華街９９號七樓之２,25.0835199957171,121.573809972766,17880010.0,21154616.0,14763204.0,18497438.0,21688360.0,22077896.0,32165700.0
臺北市北投區溫泉路３７巷２８號六樓之６,25.1364183320774,121.511854603136,7700003.0,8610495.0,3945846.2,6180026.0,8755137.0,11054956.0,14008854.0
臺北市內湖區成功路四段５３號十樓,25.081660009493,121.592080007117,27499980.0,29384564.0,20083836.0,24009664.0,27146334.0,33715410.0,39936984.0
臺北市信義區永吉路３０巷１０１弄２５號八樓,25.0436199992167,121.569599994258,13499990.0,16038608.0,13998250.0,14169391.0,15211689.0,20537220.0,24233956.0
臺北市中山區建國北路二段８７號九樓之１,25.058450016686,121.53730996956,15000010.0,26596612.0,18859246.0,24344960.0,25013528.0,28336040.0,36045320.0
臺北市文山區景華街１３巷２號,24.995379,121.54199,22700004.0,26501108.0,21112612.0,27120148.0,28189576.0,33220442.0,38835892.0
臺北市北投區中和街４１２號三樓,25.1438000030554,121.498049973276,13499990.0,13880682.0,9952236.0,12431698.0,14282866.0,17607978.0,20594844.0
臺北市內湖區內湖路三段６０巷１２弄７３號,25.089446,121.591669,28500004.0,31788170.0,23278600.0,26022458.0,30224316.0,38702936.0,51409370.0
臺北市內湖區成功路二段５００號,25.07364599,121.589695,39179996.0,41564184.0,24873606.0,31954064.0,41624956.0,54397388.0,69720510.0
臺北市北投區明德路１０８號,25.10975099,121.520092,10690008.0,16158543.0,13264227.0,14690901.0,21027816.0,25776500.0,28921550.0
臺北市萬華區西藏路２６３號,25.0284708,121.4936068,7888499.5,11048906.0,5373812.5,10444765.0,16172973.0,20550152.0,22779160.0
臺北市中山區中原街２２號三樓之１１,25.0567399827096,121.528779958155,6800000.0,6067861.0,5051114.5,5382070.0,6266485.0,9949997.0,12477569.0
臺北市大安區安和路二段１７７號,25.02772502,121.55006,51449984.0,47195600.0,28846460.0,40932748.0,41674450.0,51910508.0,68327150.0
臺北市北投區大屯路光華１巷１８號三樓,25.1431999845166,121.49961998756,10999996.0,14422535.0,10283638.0,13354192.0,14099324.0,17344416.0,21383168.0
臺北市文山區景興路１８８號二十二樓之６,24.99249999,121.54364,6299999.0,7683996.5,4303311.5,8468017.0,10546198.0,16531923.0,17318070.0
臺北市大安區復興南路二段１７號十樓之２,25.0276699918451,121.543750037227,22769994.0,15471823.0,12737921.0,13346553.0,15069234.0,22515448.0,24082360.0
臺北市信義區忠孝東路四段５５３巷１８號,25.04299701,121.562893,24999980.0,18436116.0,14662068.0,14934322.0,19861780.0,25695948.0,30500436.0
臺北市信義區松勤街９號十九樓之１０,25.0321900169515,121.56103997564,19950018.0,11409468.0,5612684.0,9172855.0,11864558.0,16198875.0,20762312.0
臺北市信義區信義路四段３９５號,25.03328901,121.558578,36679984.0,34259090.0,19396836.0,26643170.0,32527484.0,38426000.0,48180364.0
臺北市大安區新生南路三段５４之７號四樓,25.0206549133186,121.533954720381,20599992.0,27070740.0,18290726.0,20984424.0,25112386.0,29268106.0,41981840.0
臺北市文山區羅斯福路五段２３６巷１４弄１號四樓,25.0017899856911,121.537750019477,15000010.0,12967988.0,11546338.0,11785708.0,12822604.0,15851813.0,20124904.0
臺北市中山區松江路１６４巷１１號四樓,25.0556699908598,121.532309996678,21500010.0,18478572.0,12586590.0,13255881.0,16733752.0,18173568.0,26120620.0
臺北市內湖區安康路３５０號六樓之２,25.0659299851702,121.61217997857,11699992.0,16480888.0,10626379.0,12442800.0,16478373.0,17003528.0,25285364.0
臺北市文山區景華街１２８巷４８號,24.99446999,121.54727,12880011.0,18460994.0,14799658.0,17275018.0,18322954.0,19983226.0,25342578.0
臺北市中正區仁愛路一段４號八樓之１,25.0385699863725,121.521690041535,27800004.0,22219334.0,15477047.0,17999154.0,22316724.0,25209470.0,31763442.0
臺北市萬華區康定路１０５號十一樓,25.039469993226,121.502059959575,12800001.0,16060373.0,10826050.0,12891907.0,15704052.0,18489642.0,25661956.0
臺北市中正區羅斯福路三段１３６號十六樓,25.02033,121.52826,126258860.0,70025176.0,13002936.0,50440990.0,110616910.0,112848130.0,151910240.0
臺北市大安區永康街７５巷１５號,25.02897799,121.530687,35000016.0,21372118.0,15371989.0,20010344.0,21599108.0,23220066.0,31483632.0
臺北市內湖區康樂街４８巷１９號二樓,25.0692899967866,121.617380027481,17800012.0,15674755.0,11063984.0,13767540.0,16954336.0,20258620.0,23705742.0
臺北市中正區水源路７７號,25.02114699,121.519977,42679980.0,31238268.0,21948244.0,26347640.0,35376740.0,43041316.0,54465804.0
臺北市中山區新生北路三段１號三樓之２０,25.063009981561,121.528000022065,7299998.0,7047131.0,5464339.0,6045905.5,6571405.0,9372954.0,12535440.0
臺北市中山區新生北路二段２７巷６號三樓,25.05364999,121.52807,16600014.0,19010858.0,11714953.0,13325314.0,17241640.0,17619132.0,25992694.0
臺北市中正區廈門街９９巷３１號,25.0238200160786,121.52045002278,25999984.0,24311364.0,12731144.0,13309108.0,19685990.0,24362052.0,32798110.0
臺北市大安區和平東路二段４２號九樓之３,25.0255199917711,121.537230006204,20879980.0,17053124.0,7505131.0,14334692.0,18193094.0,23172328.0,27853930.0
臺北市士林區天母東路８巷２３號,25.11719882,121.5318108,9700004.0,9592867.0,8011961.0,8134686.0,9162975.0,14330319.0,15373220.0
臺北市大同區南京西路３４４巷３５號九樓,25.052870016104,121.512259981368,5200000.5,6272428.0,5281299.5,5694865.0,6004957.5,9456941.0,10700678.0
臺北市士林區天母東路１０５巷５２號,25.12045751,121.5350761,17360006.0,21813108.0,11643446.0,18319950.0,19999012.0,23854330.0,30957120.0
臺北市信義區永吉路５３號十三樓之５,25.0458399881822,121.569209984303,19180000.0,17053546.0,14202753.0,15057167.0,17270472.0,21173952.0,27425180.0
臺北市士林區重慶北路四段４９巷６０號,25.08093099,121.511016,12500008.0,8458824.0,5010826.5,5830665.5,10300128.0,17205306.0,17697640.0
臺北市信義區和平東路三段４４７號,25.01890701,121.558606,15000010.0,14142930.0,11884240.0,13266479.0,16143294.0,18026880.0,23110886.0
臺北市南港區重陽路４６２號十三樓,25.0594900013225,121.610950018098,66600020.0,46313308.0,23317750.0,34447930.0,50781656.0,60757056.0,76513440.0
臺北市萬華區中華路二段４１６巷８０號五樓之３,25.0269600027366,121.503489996075,35669984.0,37979624.0,24295510.0,35235996.0,47274704.0,66839904.0,68734190.0
臺北市大安區復興南路一段１０７巷５弄１５之１號六樓,25.0443499791642,121.544889976059,33599984.0,32823018.0,14842683.0,24115776.0,30410050.0,30661188.0,44316464.0
臺北市信義區永吉路４９１巷７弄２４號,25.04632002,121.57963,14499987.0,7492994.5,2456812.0,3838128.8,7108209.0,13892070.0,13973788.0
臺北市中正區汀州路二段２３１號五樓之３,25.0233399844837,121.522880020329,19800014.0,21791900.0,16207807.0,18917464.0,20071006.0,22762394.0,31823234.0
臺北市松山區南京東路五段２５０巷２弄１７之１號,25.050846,121.567022,17179990.0,16143418.0,11805866.0,13709942.0,17548198.0,23133290.0,26754082.0
臺北市士林區中山北路七段２１９巷１８之１號五樓,25.12844,121.53269,30199998.0,30377876.0,11122467.0,24443086.0,30043784.0,35442930.0,53564556.0
臺北市松山區南京東路五段２５０巷２弄１６之１號,25.0506100035508,121.56694997175,31499970.0,22170480.0,12981624.0,13846200.0,20532676.0,24189392.0,33251632.0
臺北市中山區中山北路二段５９巷４５號十樓,25.0559699791744,121.524539972434,10999996.0,8796347.0,6581615.5,7372881.0,8814805.0,13541225.0,13654955.0
臺北市中山區民權東路二段７１巷２１弄１８號四樓,25.06341000789,121.53236003664,9500005.0,10731152.0,6840130.5,7438960.0,9101541.0,13545565.0,16113270.0
臺北市中山區德惠街３４號十一樓之２６,25.0665800017615,121.526249964501,4879999.0,5130638.0,4711983.0,5570243.0,5634270.0,9420827.0,9573729.0
臺北市中正區忠孝東路二段１３０號六樓之６,25.0423899968352,121.531810016153,16110013.0,11737968.0,6679111.5,7710026.0,10085273.0,13967260.0,18708878.0
臺北市大同區哈密街６５號,25.07307359,121.5152585,13779992.0,14218230.0,11864604.0,12375038.0,13792404.0,15695069.0,20696874.0
臺北市中山區林森北路２６３號十樓,25.0546499970624,121.525559966231,7250003.0,8075038.5,5928000.5,6068255.0,7429368.0,12407394.0,12529607.0
臺北市中山區民族東路４１０巷２５號三樓,25.0667499867579,121.538440017746,15800014.0,13205612.0,11791599.0,12006452.0,15128185.0,18325016.0,21137756.0
臺北市文山區興隆路二段２７５巷１弄４號,25.002835,121.5527,13179996.0,11464659.0,9219196.0,9922649.0,11991233.0,13960255.0,18617002.0
臺北市南港區松河街７７０號五樓之１,25.06133,121.61183,23280022.0,22169932.0,9614995.0,13942267.0,22297536.0,27225774.0,33674664.0
臺北市北投區明德路３３３巷１１號二樓,25.1161999884603,121.519570006765,7500001.0,9645744.0,8329977.0,9704205.0,10045916.0,16438913.0,17859560.0
臺北市松山區富錦街４０９號四樓,25.06083999,121.56058,35299970.0,27533938.0,15307504.0,20146642.0,29005852.0,30034330.0,39195096.0
臺北市大安區信義路三段１４７巷１１弄１２號四樓,25.0346400053402,121.542480011258,12860005.0,12123098.0,8321687.5,10209704.0,11117228.0,14592432.0,19400276.0
臺北市中山區林森北路１０７巷８２號,25.049559,121.527588,7000002.5,8439976.0,6444364.0,7042179.5,8488336.0,11284419.0,14021418.0
臺北市松山區八德路四段７８３號八樓之３,25.0512399873935,121.578350030621,26980020.0,18817924.0,12602325.0,14515344.0,20934214.0,23589284.0,31776350.0
臺北市內湖區星雲街１６巷４號三樓,25.0776999793377,121.590820039432,17199990.0,17457128.0,13700558.0,16020875.0,16676845.0,17934146.0,24085528.0
臺北市大安區通化街１１７號三樓,25.0293900002862,121.554079978519,11520006.0,8596252.0,6274546.0,7148304.0,7638952.0,11683534.0,14583027.0
臺北市萬華區富民路１４５巷１５弄３８號,25.01896199,121.499831,18999984.0,9825807.0,3751869.0,5922067.0,12325828.0,15379144.0,18279704.0
臺北市大安區潮州街６０巷５之１號四樓,25.028322685255,121.523823269719,34649970.0,31668166.0,16082536.0,22718154.0,26590676.0,35975468.0,47336600.0
臺北市大同區南京西路３４４巷３５號九樓之５,25.052870016104,121.512259981368,6099999.0,6792993.5,5614681.0,6007627.0,6455270.0,10137383.0,11302599.0
臺北市信義區虎林街２３２巷６２之１號,25.03580501,121.575825,18400002.0,18087842.0,8070996.5,14365896.0,24524202.0,25096632.0,30524588.0
臺北市文山區興隆路三段１８１巷７２號七樓,24.9964800081199,121.561940024403,35700000.0,32830156.0,18775188.0,25022642.0,36092516.0,39916496.0,53989710.0
臺北市中山區松江路２９３之４０１號,25.0606099912248,121.533390004902,9000001.0,18540496.0,12015249.0,12896063.0,16684290.0,18748816.0,25633582.0
臺北市北投區公路４０６號十樓之１,25.13289,121.50253,25800012.0,23118556.0,11228854.0,19237594.0,30717792.0,41252452.0,44420810.0
臺北市松山區南京東路四段２１號八樓之１,25.051900020359,121.550369980536,7440003.0,6895080.0,6659998.0,6826862.0,7984859.0,11629486.0,12655028.0
臺北市大同區南京西路６４巷９弄６之２號,25.052356,121.518915,19400018.0,17059468.0,11591131.0,12737970.0,17580426.0,24583772.0,28487016.0
臺北市文山區興隆路四段１０５巷９號,24.987958,121.561308,14379986.0,13486478.0,9975384.0,10779484.0,15072827.0,17240324.0,20573604.0
臺北市士林區天母北路８７巷２弄２號四樓,25.1230500150114,121.52771998268,19499996.0,22063836.0,11712831.0,17314108.0,20717808.0,24322308.0,29697954.0
臺北市大安區忠孝東路三段１７０號九樓,25.0414500083036,121.538640009956,29999978.0,23717320.0,18307828.0,23773480.0,24064682.0,27421206.0,36238200.0
臺北市中山區吉林路４４７巷１７號四樓,25.0674000033491,121.531329984558,20200010.0,18532824.0,13856319.0,16593272.0,18419314.0,21246164.0,27512888.0
臺北市中山區松江路３８巷７號三樓,25.0476400018892,121.532219975038,18000012.0,21476320.0,13295636.0,16099109.0,19546246.0,22171664.0,31184214.0
臺北市信義區松山路４８２巷３０號,25.03879001,121.577813,17399984.0,21003084.0,10772824.0,16100644.0,16760744.0,24912016.0,27303362.0
臺北市信義區信義路五段１１７號,25.03334999,121.5739149,7999997.0,8179704.5,5837765.0,6845344.5,7791266.0,12138808.0,13670774.0
臺北市松山區慶城街４６巷９號四樓,25.0551500194963,121.547309999143,4879999.0,4051251.5,5554679.0,5713769.0,6884547.0,8197736.5,11194190.0
臺北市北投區三合街一段８２巷７２號四樓,25.1286500064324,121.504839985401,47000036.0,40276092.0,21536620.0,28050072.0,42967984.0,52327228.0,73026904.0
臺北市北投區明德路２０１號三樓,25.1117600105292,121.520889988877,20500002.0,14572990.0,13456646.0,14815050.0,16705944.0,20997196.0,24129948.0
臺北市大同區歸綏街９７巷８號,25.05919999,121.515868,7743332.5,9130038.0,7133587.5,7536388.0,9405602.0,12650322.0,15541950.0
臺北市松山區南京東路五段４０號,25.05129501,121.559708,10199991.0,7850681.5,6493997.0,8418480.0,9791963.0,15509228.0,15779234.0
臺北市內湖區港墘路５４號二樓,25.0817199820102,121.5780799657,18619986.0,19050532.0,13486272.0,16186583.0,17681986.0,19347878.0,25885088.0
臺北市北投區中央北路二段４２巷１１弄１６號,25.13780602,121.494943,14799996.0,14945236.0,9931624.0,11249712.0,14261496.0,14875077.0,21371304.0
臺北市信義區吳興街３６８巷１之３號三樓,25.0252300198307,121.566689965113,7850000.0,8674222.0,7759211.0,8159230.0,8545452.0,10611533.0,13767224.0
臺北市南港區重陽路４９１號四樓,25.06111001,121.61206,24000004.0,23099296.0,9453064.0,14050492.0,22957380.0,27900402.0,34391012.0
臺北市內湖區內湖路三段６０巷２７號,25.08826101,121.593011,62579970.0,51994140.0,18163416.0,40364376.0,61416750.0,71915710.0,85694420.0
臺北市中山區新生北路一段１１２號十樓之８,25.0463999831334,121.532230033321,6099999.0,6026845.0,4485644.0,4693147.5,5522317.0,9033675.0,10589616.0
臺北市士林區中正路２１２巷２弄４號四樓,25.0959099992625,121.526620025526,23800020.0,21930918.0,15287779.0,18803896.0,19085084.0,22911494.0,31201052.0
臺北市內湖區新明路２０５號三樓,25.0583799858849,121.588130035246,11999996.0,11453512.0,7963527.5,9189263.0,11669793.0,15912004.0,18754072.0
臺北市萬華區康定路１６６號十樓之２,25.0394399860126,121.501810011222,27800004.0,27613880.0,20261092.0,23427238.0,30839018.0,35085036.0,46447864.0
臺北市北投區文林北路２２２號,25.108306,121.514262,20000004.0,36970348.0,19379160.0,34724732.0,40794324.0,43143400.0,64007460.0
臺北市中正區臨沂街５７巷８號二樓,25.0375600089494,121.529570036349,33199982.0,26891550.0,15484576.0,20379730.0,25195242.0,28515826.0,40576344.0
臺北市北投區大同街１８８巷１８號,25.1366400137249,121.499700034736,4499998.0,2672534.5,3266420.5,3374684.5,5263339.0,10712318.0,11877646.0
臺北市文山區興隆路三段１８５巷９弄４號,24.99561801,121.562089,11650000.0,12284474.0,11746434.0,11908678.0,13799166.0,16622446.0,20662560.0
臺北市中山區林森北路８５巷６６弄２號四樓之１,25.0489899912146,121.527140038799,10700004.0,8569788.0,7014062.0,7188021.5,8230520.0,10997794.0,14813185.0
臺北市松山區健康路３２５巷１９弄１０號,25.056109998867,121.566719972327,46599960.0,25903016.0,13422015.0,17444014.0,20558540.0,24675614.0,41074696.0
臺北市松山區南京東路四段２１號八樓之２,25.051900020359,121.550369980536,30619986.0,26464336.0,13755492.0,19218780.0,26017992.0,26109014.0,38660950.0
臺北市內湖區安泰街３８巷６號三樓,25.0733999791897,121.617610026904,17300012.0,15600726.0,11711826.0,11870760.0,15604714.0,18967866.0,24685452.0
臺北市士林區天母東路６９巷１１之９號八樓,25.1192199881744,121.533870036497,42000020.0,35796480.0,20543292.0,29111770.0,31005104.0,35831044.0,53151972.0
臺北市文山區興隆路三段２０７巷１６弄１２號,24.99432301,121.562019,7900003.0,14108202.0,13256513.0,13499655.0,15165453.0,17877112.0,22179870.0
臺北市中山區新生北路二段４１巷１２號二樓,25.055279980905,121.528409980949,25999984.0,26712066.0,734035.7,13991550.0,24816836.0,28919178.0,39066124.0
臺北市中山區林森北路３０８號,25.05611,121.525272,10940009.0,11652133.0,6681953.0,8178027.5,12154308.0,16192635.0,18305070.0
臺北市北投區明德路２９１號四樓,25.1151299966104,121.521589961611,26499996.0,22426600.0,17837874.0,19597650.0,23853192.0,26783236.0,35455370.0
臺北市萬華區峨眉街１２２號,25.04452499,121.502306,8300002.5,8160716.0,5943035.0,6249530.0,8735588.0,14058722.0,15274518.0
臺北市內湖區行善路５９巷２０弄２之１號,25.05742298,121.578293,37500010.0,31971560.0,19671802.0,22229720.0,29960122.0,33360260.0,48386930.0
臺北市士林區延平北路五段２５７巷４１號,25.0844300189449,121.508379998388,10999996.0,10644170.0,7456426.0,8403040.0,10660240.0,17279270.0,18704382.0
臺北市北投區永興路二段４５號三樓,25.13289,121.50253,30600020.0,32572184.0,14043552.0,24575944.0,42057980.0,58899776.0,59305600.0
臺北市信義區福德街２６８巷２６弄２號,25.03968398,121.586073,31299996.0,21192700.0,12736925.0,15708636.0,19468632.0,22468344.0,32100490.0
臺北市萬華區西園路二段３７２巷４３號五樓,25.0268499902575,121.490469966778,8500000.0,6183068.0,3605935.5,4673495.5,7013928.5,11219926.0,12297297.0
臺北市士林區中山北路七段２１６巷５號四樓,25.1257800008756,121.533459993793,29999978.0,29338920.0,12481330.0,23498572.0,27300862.0,33123448.0,46681000.0
臺北市中正區重慶南路一段４３號十樓之５,25.0449600140773,121.513349964057,13800008.0,12966504.0,9127287.0,10464606.0,11737408.0,17282960.0,18237322.0
臺北市中山區新生北路二段４０號十六樓之６,25.0547100114891,121.527280016582,18300008.0,14349464.0,8878130.0,12575000.0,15087209.0,20154636.0,25546848.0
臺北市北投區公路３０６巷１１號五樓,25.13289,121.50253,18000012.0,18029664.0,8350809.0,16217331.0,20429040.0,26720068.0,27623940.0
臺北市大安區光復南路２８８號六樓之３,25.0393800134954,121.557380017618,91660050.0,127458750.0,49933084.0,64339040.0,84409790.0,92631960.0,140474720.0
臺北市中山區松江路３３０巷５３號,25.06123101,121.531209,15379995.0,15186352.0,10417548.0,11554688.0,13284660.0,15569929.0,22350802.0
臺北市內湖區內湖路二段４８０號九樓,25.0841799867731,121.593179964271,7239998.5,11398854.0,8197205.0,10521164.0,10654772.0,15703573.0,17744048.0
臺北市萬華區環河南路二段６１號七樓,25.0378599972641,121.4967200167,18000012.0,18794608.0,8090594.0,12794631.0,19878532.0,21094380.0,31141656.0
臺北市士林區忠誠路二段２５號十三樓,25.10930998,121.53068,170000030.0,96550270.0,45189750.0,63489972.0,159148960.0,168053440.0,191381310.0
臺北市萬華區大理街３０號四樓之３,25.0345700164487,121.501629967942,13800008.0,16255701.0,120398.11,11182517.0,18029802.0,24284716.0,25226064.0
臺北市南港區重陽路１２５巷３６弄２９號七樓,25.0577300112032,121.596489977835,40600030.0,28854988.0,18213580.0,20717532.0,33960404.0,41260790.0,52589270.0
臺北市內湖區康寧路三段１８９巷９０號,25.073058,121.612695,14499987.0,13279568.0,11782718.0,12411748.0,13773108.0,16932070.0,21019276.0
臺北市信義區永吉路１２０巷２０號七樓之２,25.04478999,121.57019,13000010.0,11870760.0,9303083.0,11182432.0,12053536.0,18254340.0,19178792.0
臺北市內湖區民權東路六段１８３號二樓,25.06802001,121.59707,63880010.0,43372270.0,19502042.0,21405326.0,45022936.0,60567996.0,78345980.0
臺北市信義區吳興街６００巷７６弄２０號三樓之５,25.0184599985455,121.570499959202,14799996.0,19505316.0,11964366.0,13671790.0,21407654.0,24114304.0,31501112.0
臺北市內湖區文湖街２１巷８２弄２３號六樓,25.0890600146209,121.560800001752,19539984.0,17659504.0,10149727.0,11387619.0,17489422.0,21756598.0,30269776.0
臺北市士林區中山北路七段３８巷１２弄４之４號,25.11960501,121.531795,15000010.0,18381482.0,14229217.0,16729699.0,19839896.0,24006322.0,28179468.0
臺北市文山區景興路２６２號六樓之７,24.9901100131637,121.542700036216,8349996.5,10088929.0,8670748.0,9965742.0,10289838.0,13123329.0,15587876.0
臺北市大安區新生南路一段１５１巷１０之１號四樓,25.0352899800219,121.53381002207,27999986.0,22571044.0,14351189.0,18690330.0,22254920.0,22303788.0,33317656.0
臺北市萬華區環河南路三段４７號,25.02635902,121.490138,7000002.5,7155964.0,3854970.0,5277493.0,9739009.0,15276965.0,15325616.0
臺北市大安區羅斯福路二段８５號十一樓之２,25.0257699820333,121.523600025812,30380020.0,21009094.0,12524160.0,15476191.0,21535676.0,27848512.0,36088384.0
臺北市北投區奇岩路８號,25.13388761,121.5072858,21000000.0,28822480.0,18983176.0,25670866.0,29291562.0,37185976.0,48368660.0
臺北市北投區大屯路光華１巷１６號四樓,25.1430600067336,121.499570031417,11999996.0,16012932.0,10564842.0,14203539.0,14730351.0,18565408.0,24126680.0
臺北市中山區民權東路一段３６號十樓之６,25.0625299918757,121.523979977483,10349991.0,10512860.0,7288687.0,8382293.5,9063671.0,12774514.0,15138807.0
臺北市文山區景豐街５０號四樓之５,25.00037001,121.54595,15000010.0,13887143.0,11294087.0,11575908.0,13562550.0,16663078.0,22022214.0
臺北市北投區公路１８７巷１０號,25.13289,121.50253,15500001.0,18233392.0,6629138.0,12771347.0,19393728.0,24601268.0,26391698.0
臺北市內湖區康樂街２０１巷１２號二樓,25.0756000192257,121.621999964873,18000012.0,19451372.0,10062754.0,11871508.0,20485344.0,25370726.0,29298378.0
臺北市中山區明水路３９７巷７弄４０號二樓之１,25.0778799807084,121.550109973899,25999984.0,21769716.0,16726796.0,19493118.0,24273138.0,27110218.0,35829404.0
臺北市南港區東新街１６８巷１４號三樓,25.0460699876054,121.589789987351,20879980.0,15290258.0,11353916.0,12596846.0,16909284.0,17405096.0,25559618.0
臺北市中山區大直街５２巷４號,25.08241099,121.545961,17014234.0,11725035.0,11273189.0,11731791.0,12717165.0,17727912.0,20587028.0
臺北市內湖區陽光街９２巷７弄３號四樓,25.075559995638,121.584030027308,17599986.0,14122578.0,11124843.0,12348818.0,13600682.0,14776275.0,20842142.0
臺北市信義區祥雲街２３號二樓,25.0191900204025,121.574849999312,22000004.0,20963742.0,12444010.0,14751607.0,16649989.0,21473904.0,29784462.0
臺北市中正區三元街８３號五樓,25.02893,121.50985,13260003.0,17866000.0,13017726.0,15946336.0,17059924.0,19240420.0,25984466.0
臺北市中山區新生北路二段７３號三樓之８,25.05671002,121.52786,4900000.5,4371387.5,4175099.2,4388626.5,5409368.0,7823901.5,10966562.0
臺北市士林區社子街３８號二樓,25.0873900042322,121.507539964052,22799980.0,23967252.0,13545307.0,18175336.0,22770080.0,28985334.0,36143356.0
臺北市文山區辛亥路六段３１號九樓之２,24.9894299893591,121.552759996407,21100012.0,21855588.0,15476397.0,16463451.0,22709228.0,24255366.0,32315130.0
臺北市萬華區和平西路三段８５號十一樓之５,25.03536999,121.50165,15000010.0,16375511.0,54587.914,9568636.0,21756806.0,21997864.0,25207114.0
臺北市南港區松河街２９０號九樓之１,25.0519599928763,121.580369985467,55449970.0,34542476.0,18397336.0,24804816.0,38399330.0,46046690.0,60395300.0
臺北市北投區知行路２０２巷２０號,25.1191199920695,121.467249999506,15999987.0,15921384.0,9864547.0,11686075.0,15411298.0,19811498.0,23746560.0
臺北市士林區中社路二段９１巷２號,25.10760799,121.566805,9999996.0,11678588.0,3332573.5,12120924.0,14522295.0,20595356.0,20832126.0
臺北市中山區松江路１３２巷５之１號二樓,25.0528499833554,121.531929961188,11679992.0,13035392.0,7656580.0,8795131.0,12085466.0,17364012.0,22099890.0
臺北市中山區錦州街５０號,25.06016298,121.526107,6399997.0,7381605.0,5694338.5,6216420.5,7083955.0,10526664.0,12355698.0
臺北市信義區仁愛路四段４４０號四樓,25.0373300095263,121.558479974772,26499996.0,13781990.0,10002343.0,11466649.0,12302294.0,18901488.0,22220604.0
臺北市文山區景興路１５３巷１７號七樓之２,24.9940500105703,121.545890020926,6200002.5,7400079.0,6991489.5,7074611.0,7979363.0,8978603.0,11531504.0
臺北市內湖區文德路６６巷２６號,25.07683601,121.581487,24999980.0,24792800.0,16317612.0,19449256.0,22805460.0,25179052.0,36710360.0
臺北市南港區研究院路二段１６７號三樓之１,25.037510010897,121.617380027481,14000013.0,14369595.0,8746933.0,11298008.0,14799968.0,18998208.0,24107636.0
臺北市士林區仰德大道一段９１巷７弄７號,25.10779298,121.538663,11500007.0,8673544.0,5849546.5,6195699.5,9974585.0,17318732.0,17780604.0
臺北市信義區虎林街２３５號,25.03752501,121.577268,27999986.0,32117698.0,17371896.0,25731210.0,30524240.0,37249508.0,43087148.0
臺北市士林區中社路一段１１巷５２號,25.1099400059832,121.562070027721,19750000.0,13727892.0,2277581.5,11185375.0,15454068.0,20674700.0,22800154.0
臺北市大安區忠孝東路四段１４８號十二樓,25.0413000141463,121.549909981689,22999982.0,18245082.0,257050.12,11344261.0,22400180.0,29546478.0,30580940.0
臺北市大同區華亭街３６號六樓,25.0534999999467,121.513060034026,8169998.5,12174540.0,9692606.0,11205277.0,11292278.0,15156778.0,18395616.0
臺北市士林區中山北路六段７５４巷２６之２號,25.1143500186104,121.529240040821,16600014.0,16018644.0,12243702.0,12452130.0,15029278.0,21585270.0,25744120.0
臺北市中正區汀州路三段２９號七樓,25.0119299930576,121.535799969703,40000028.0,30964974.0,16004840.0,20616186.0,32785288.0,38635150.0,49299976.0
臺北市內湖區內湖路二段２６５號,25.082162,121.590342,24519992.0,27885878.0,16857856.0,18379834.0,28268238.0,33197132.0,43173610.0
臺北市文山區萬壽路７５之９號二樓,24.9856199952707,121.587749999756,20000004.0,28641308.0,15846371.0,18719942.0,25716392.0,29033860.0,38845892.0
臺北市大安區四維路１２２號,25.03183601,121.547936,14060009.0,9082430.0,6254592.0,6589447.0,7766925.0,15906632.0,16183928.0
臺北市內湖區民權東路六段１９０巷６３弄２號,25.06583699,121.594488,85999960.0,48455828.0,26500148.0,29777760.0,53040976.0,71274990.0,86443170.0
臺北市北投區明德路２６７巷１０號七樓,25.1146000088726,121.521770004892,22179998.0,19388588.0,15028619.0,17893862.0,22595684.0,25330594.0,33284500.0
臺北市萬華區中華路二段６６６之８號五樓之２,25.02415999,121.51118,18999984.0,15914644.0,13467276.0,13654591.0,17177074.0,20838126.0,28321128.0
臺北市北投區泉源路２８號五樓之７,25.1395000029074,121.506389966936,5450001.0,6451571.0,4548863.0,4994991.0,6139399.0,8789756.0,11257762.0
臺北市文山區景興路１５３巷１７號,24.99396598,121.545835,13379994.0,13296523.0,12008811.0,12698695.0,13217380.0,15240178.0,20817430.0
臺北市萬華區漢口街二段５５號,25.04591501,121.506177,5549998.0,5683883.0,5434840.0,5570370.5,6100982.0,10141309.0,10509271.0
臺北市北投區泉源路３４之１號九樓之１,25.1403700025475,121.506830016853,10999996.0,12334860.0,8893977.0,9950680.0,12182809.0,15394992.0,19731324.0
臺北市大安區安東街４０巷４５號,25.04420698,121.540541,28999988.0,25967620.0,14962235.0,19509632.0,26111304.0,28663988.0,38818490.0
臺北市中山區建國北路二段１１０號五樓,25.05849,121.53654,22999982.0,18722978.0,12895300.0,15547553.0,18530914.0,19638848.0,27700234.0
臺北市文山區保儀路２６巷１號十一樓之２,24.9883799883483,121.56791003494,21000000.0,25604312.0,21511740.0,25936436.0,29161786.0,33736508.0,40534884.0
臺北市士林區中山北路七段１１４巷６０弄３號,25.12271499,121.535597,18979990.0,22217130.0,10443112.0,16941374.0,18559744.0,24064774.0,32815882.0
臺北市大安區忠孝東路四段１８１巷７弄１３號四樓,25.0421900046254,121.551510003187,41600030.0,41338540.0,2458227.5,25134956.0,37177820.0,51812876.0,61393560.0
臺北市大安區光復南路４５８號五樓,25.035260014718,121.55735998487,13000010.0,31411476.0,17877520.0,25642434.0,30076522.0,33032218.0,43183080.0
臺北市北投區中和街４９３巷９弄１５號,25.143821,121.495197,2500000.8,2655522.5,2937465.0,3660664.0,4213013.0,8600844.0,9772260.0
臺北市萬華區寶興街６８巷１８號,25.02610702,121.493614,3600001.5,9324649.0,6639824.5,7691739.0,10103950.0,14806970.0,17310046.0
臺北市士林區中山北路七段２０５之５號六樓,25.1256699883964,121.532709981097,26679988.0,24724044.0,11879821.0,21938658.0,24264388.0,28874864.0,38141000.0
臺北市內湖區康寧路三段１８９巷８３弄１號二樓,25.07260998,121.61202,21000000.0,21130096.0,14164878.0,16801714.0,21398754.0,22884896.0,31344206.0
臺北市信義區松德路２８９號,25.03222099,121.57474,21500010.0,16744831.0,11132421.0,12245920.0,15699799.0,17634394.0,23664722.0
臺北市信義區信義路五段１２７號五樓之１４,25.03352999,121.57409,25999984.0,17937978.0,11722352.0,13297538.0,19792046.0,22053740.0,28400320.0
臺北市中山區德惠街１８號三樓之５,25.06661998,121.53228,52600010.0,41581070.0,17988206.0,27591346.0,45702468.0,53404496.0,74776660.0
臺北市中山區基湖路１５１巷３５號,25.07748498,121.564793,10999996.0,8217101.0,5729178.0,7470832.5,7948353.0,11207991.0,13524190.0
臺北市文山區羅斯福路六段１４２巷２０弄２３號,24.99700991,121.5395575,26999992.0,25107356.0,18736768.0,21990944.0,26060556.0,28136772.0,37615416.0
臺北市文山區福興路９６號,25.00577801,121.549983,7099998.0,7010732.0,5721327.0,6820218.0,7371067.0,9777704.0,11738326.0
臺北市萬華區青年路１６８巷４９弄２１號二樓之２,25.0194400106647,121.501710015117,5700000.0,4693604.0,3175145.5,3338276.8,5134505.0,10151586.0,10253613.0
臺北市中山區民生東路一段２９號十樓之４,25.05832001,121.52508,17500000.0,19930734.0,11711245.0,15432212.0,20612686.0,24014108.0,33251504.0
臺北市士林區德行東路３１０號五樓,25.11007998,121.53675,17179990.0,15791970.0,7473376.0,11528359.0,15856379.0,17818730.0,24029364.0
臺北市大同區延平北路一段８３號九樓之１,25.0516299973482,121.511999974731,19250000.0,19623684.0,13461549.0,15442076.0,20195002.0,24802544.0,34362490.0
臺北市大安區基隆路二段１８８號十二樓之１,25.0249400059809,121.552920006939,12599994.0,12294999.0,9590031.0,10106050.0,10572482.0,14484342.0,17470184.0
臺北市北投區吉利街２５９巷１８號四樓,25.1181600126988,121.510939999256,14799996.0,15949043.0,13688725.0,15517454.0,15558826.0,17294634.0,22777856.0
臺北市文山區景華街１２８巷２４號二樓,24.9947100016264,121.54757000578,12500008.0,17405760.0,13447743.0,15726143.0,16793128.0,18121648.0,23943856.0
臺北市內湖區成功路二段１９３巷８號三樓之１,25.0664899801214,121.591050038855,22499994.0,19130750.0,11987666.0,14607190.0,20974220.0,24225914.0,31645584.0
臺北市士林區德行東路１９０巷３１弄１３號,25.10764412,121.5322501,17880010.0,20430950.0,16867378.0,19608156.0,23543884.0,24585744.0,28624158.0
臺北市信義區虎林街２３２巷６６弄２號三樓,25.0358200096692,121.575660026435,16699986.0,13675781.0,9970172.0,11838992.0,13398074.0,17975070.0,20324414.0
臺北市北投區懷德街９８巷３１號二樓,25.1148600155091,121.521489965507,25779992.0,24591184.0,16512510.0,20504852.0,21399530.0,25099504.0,34220100.0
臺北市中正區杭州南路一段１４巷９號,25.03974999,121.52493,45280000.0,36380030.0,16627868.0,18748278.0,30827786.0,34660612.0,47035100.0
臺北市北投區溫泉路７３巷６號十二樓之５,25.1355799963398,121.506140018583,8300002.5,9935546.0,5957596.0,7628708.5,9498845.0,13249208.0,15792753.0
臺北市萬華區康定路１０５號,25.0392682,121.5020232,11384991.0,18223170.0,1095160.2,12197201.0,17475518.0,18921146.0,28508268.0
臺北市士林區至誠路二段９２巷３弄１４號,25.10191899,121.527199,17650008.0,21525122.0,14936943.0,19020144.0,20397852.0,25169880.0,32870632.0
臺北市士林區芝玉路一段２２２號,25.10849798,121.533873,41160024.0,34386684.0,27558896.0,35971144.0,40433652.0,50696496.0,58769268.0
臺北市松山區民權東路三段１０３巷３號十二樓,25.0639399956278,121.545260037084,18306326.0,20795246.0,14501508.0,18050826.0,18882786.0,20618308.0,29715520.0
臺北市大安區仁愛路四段１２２巷６３號十樓之３,25.0335099990636,121.550290017179,37900024.0,31332430.0,15210674.0,26700046.0,33040474.0,35411776.0,45765710.0
臺北市松山區八德路四段４４５號十一樓之１５,25.05002,121.57026,11400006.0,12532021.0,8961853.0,9014793.0,11265774.0,15414620.0,17892120.0
臺北市北投區西安街一段１８９號三樓,25.1102899923503,121.518080039657,15200001.0,15696745.0,13666550.0,14223872.0,17443148.0,19246256.0,25282374.0
臺北市北投區實踐街７１號,25.1153099979811,121.51018998656,16600014.0,19776650.0,14356172.0,18707486.0,19731588.0,22750980.0,26798208.0
臺北市北投區中和街４９３巷１６弄６號,25.14416998,121.49431,15000010.0,11090712.0,6167761.5,8053020.5,11144318.0,13334696.0,18488902.0
臺北市萬華區寶興街８０巷２８號,25.02564098,121.493612,9500005.0,8920089.0,6079376.0,6601354.0,10414568.0,16547538.0,17288136.0
臺北市文山區汀州路四段２８９號,25.00148295,121.5355503,9999996.0,29217182.0,17099244.0,25312482.0,31215278.0,34291776.0,46990804.0
臺北市中山區新生北路二段７６巷２６號,25.05738099,121.526696,7949998.0,7526311.0,3553946.5,4079414.0,6808247.5,10460834.0,13339885.0
臺北市信義區和平東路三段３９１巷２０弄２３號二樓,25.0209000124693,121.558820028584,6365908.5,5304018.0,4739845.5,5491960.0,5494129.0,8843332.0,10226211.0
臺北市內湖區成功路四段３２３巷３弄３號三樓,25.0840700162035,121.598689975961,13199996.0,13834110.0,10342276.0,10920287.0,14471860.0,15126540.0,21802876.0
臺北市文山區恆光街２２巷５號,24.98231899,121.566777,14179989.0,17006966.0,13889660.0,17755932.0,18541380.0,22385744.0,25631236.0
臺北市文山區萬隆街４７之９號五樓,25.0006699957888,121.537030013994,3799999.5,9695269.0,8018642.0,8849423.0,8863757.0,12529464.0,14704301.0
臺北市萬華區梧州街６０巷６號二樓,25.0357299880291,121.497110026654,2799999.0,2875999.0,2541465.8,3005528.0,4337311.0,7991814.5,8532382.0
臺北市北投區承德路七段３９０號,25.11973799,121.501939,42659960.0,72523310.0,26663404.0,31087592.0,62133010.0,75380380.0,121330750.0
臺北市內湖區康寧路三段１８９巷７３弄３號,25.07229499,121.612291,16899998.0,20676830.0,15409593.0,19250220.0,19453152.0,23763008.0,29760782.0
臺北市文山區景明街８號,25.0018300092788,121.541579962495,22999982.0,18388004.0,9012541.0,12505326.0,18177938.0,22183466.0,24955722.0
臺北市中正區思源街１２之９號,25.01471798,121.531564,42180010.0,31905404.0,18790988.0,25928076.0,30586598.0,33361278.0,47565216.0
臺北市北投區榮華一路１之５號,25.113398,121.5247182,29999978.0,33110942.0,23792260.0,32125908.0,32848006.0,40053852.0,53347080.0
臺北市萬華區環河南路二段２５號十一樓,25.0391299813237,121.497649988857,21200016.0,21117648.0,7983275.5,13465607.0,23516148.0,26760614.0,35794908.0
臺北市北投區崇仁路一段１７６號三樓之３,25.12391326224,121.502074297912,9550002.0,10962756.0,4847641.0,6918859.0,11130553.0,15409975.0,17416354.0
臺北市北投區溫泉路１７６號,25.14122999,121.51486,15400014.0,4074623.8,468423.34,4020207.5,7525780.0,10609813.0,11417850.0
臺北市信義區松隆路１２３巷２９號四樓,25.0485599995817,121.571750036241,22000004.0,21523316.0,14948428.0,17003528.0,19091672.0,23379652.0,32951484.0
臺北市大同區民權西路１６０巷２６弄１號十八樓之２,25.0616125506636,121.515490031576,34900024.0,38072100.0,13160402.0,34215988.0,45108030.0,45630436.0,63855644.0
臺北市松山區南京東路五段４１５號十樓之２,25.0514873008371,121.570033216771,26999992.0,24550224.0,15800255.0,17547428.0,25876400.0,30927552.0,40826084.0
臺北市中山區建國北路一段１５６號十二樓之１,25.0516299973482,121.536410004616,25400020.0,22881534.0,15599506.0,24111592.0,24259484.0,26663404.0,37955510.0
臺北市北投區泉源路３９之５６號,25.14144133,121.5071504,5800002.0,7774343.5,5814069.0,6355826.5,8543300.0,12358810.0,14048616.0
臺北市南港區經貿二路２５５巷５８號二樓之１,25.0625999807672,121.615009960539,24499984.0,21555852.0,11644024.0,13895092.0,22680140.0,26822752.0,34658628.0
臺北市大安區光復南路６８８號,25.03001701,121.557229,13980000.0,14491637.0,11014315.0,12038831.0,12990021.0,17809928.0,22772904.0
臺北市松山區光復南路５７巷１９號七樓,25.04593998,121.55879,27079984.0,20713816.0,14008667.0,19382376.0,21156754.0,23689740.0,30779020.0
臺北市松山區三民路６２巷３號三樓之２,25.0547199859539,121.564500025271,29500022.0,26666912.0,19373728.0,21734576.0,27336348.0,30179844.0,37762924.0
臺北市北投區奇岩路２２９號,25.12822609,121.5096612,42999960.0,39175216.0,20310890.0,23720532.0,38111188.0,45334440.0,66897810.0
臺北市士林區延平北路八段２巷５５弄２０號二樓,25.10557002,121.48634,7800001.5,5933170.0,163160.66,2839379.8,8365467.5,11808749.0,12589376.0
臺北市南港區中坡北路４０巷２１號四樓,25.0460999948187,121.581519982583,5600001.5,7374196.0,5288164.0,5957295.0,6330268.5,9358146.0,11695596.0
臺北市萬華區青年路１６８巷４９弄５１號,25.01945879,121.5015932,4600000.0,5224726.0,3650825.5,3914725.0,5531182.0,9531968.0,11030798.0
臺北市中正區廈門街９９巷１８號,25.02373402,121.519441,26999992.0,25008852.0,17153960.0,20728716.0,22374774.0,28840464.0,38095560.0
臺北市北投區大屯路２１巷１０號二樓,25.1433799858873,121.500190040795,8650001.0,11212802.0,8173817.0,8550987.0,11771532.0,15813038.0,18263952.0
臺北市松山區三民路３５巷２號二樓之２,25.0557699869647,121.563399984298,51249984.0,45017524.0,26841638.0,31034154.0,46660790.0,56139456.0,69924010.0
臺北市士林區中山北路六段２３６巷７號六樓,25.1084399805909,121.526179975609,26799996.0,22963162.0,16674460.0,21314760.0,26338746.0,31138330.0,39006336.0
臺北市內湖區環山路二段１０９巷８弄５號二樓,25.0836100173572,121.576060010854,16300006.0,16630501.0,13094400.0,14619678.0,16628915.0,17793258.0,23348636.0
臺北市信義區信義路五段１２７號,25.033964,121.573943,17570000.0,12657514.0,8948411.0,11284720.0,11574584.0,16034295.0,17882090.0
臺北市萬華區和平西路三段３８２巷２弄１１號,25.034862,121.491087,3300001.5,6584673.0,4429860.0,4641090.0,6562862.5,10867883.0,12154934.0
臺北市中正區仁愛路二段６３號十七樓,25.0324700000001,121.51856,86500060.0,79563060.0,33680636.0,56443628.0,84633390.0,89710424.0,118731680.0
臺北市士林區延平北路五段１６３巷１８弄１號,25.082888,121.509418,11379998.0,12919058.0,8319981.5,8489234.0,13684287.0,19631770.0,22950726.0
臺北市大安區忠孝東路四段２３３號,25.04165511,121.5536086,14849989.0,11482582.0,1577037.1,6402597.5,11944278.0,14861068.0,18309190.0
臺北市士林區中正路６８３號七樓,25.0854899944204,121.507060016276,15000010.0,20260164.0,15694530.0,20730418.0,22019652.0,26884934.0,29988478.0
臺北市士林區中山北路六段４０５巷１４號,25.11384472,121.5259961,21500010.0,22863516.0,19805340.0,23950434.0,25382972.0,31277200.0,35492450.0
臺北市中正區辛亥路一段７巷１號二樓,25.0191300059758,121.527730040964,16750006.0,21463994.0,12140314.0,15585944.0,20261054.0,22481762.0,30553014.0
臺北市中山區雙城街３巷２號十樓,25.0632399809841,121.524599986861,7999997.0,12987346.0,10148624.0,11110826.0,12699567.0,16737327.0,20382958.0
臺北市文山區汀州路四段２３７號六樓,25.0020058422152,121.536413955969,8200004.0,15945819.0,13013828.0,14379465.0,15699829.0,18897378.0,24117662.0
臺北市南港區福德街３３９巷９弄６號,25.03796498,121.589974,11999996.0,8727460.0,6190041.5,6818527.0,9175427.0,13528550.0,15594597.0
臺北市信義區莊敬路４２３巷２弄１９號,25.0274899904744,121.567399996131,24000004.0,17597200.0,11830076.0,12337824.0,16298016.0,20672690.0,25299884.0
臺北市北投區尊賢街２４９巷２號,25.11774201,121.506711,12429990.0,18997302.0,14210394.0,16417888.0,20363334.0,24708346.0,30420956.0
臺北市文山區景興路１７７巷１弄２０號,24.9930300167729,121.545130033766,18000012.0,13909808.0,10020254.0,10228064.0,14016766.0,16224849.0,21405572.0
臺北市內湖區內湖路二段１０３巷１１９弄５６號,25.08436301,121.581823,21000000.0,26185218.0,18992520.0,22443716.0,23293924.0,29802136.0,37556056.0
臺北市信義區光復南路５６７號,25.03075399,121.557622,23560012.0,23344362.0,5057346.5,13696978.0,22906468.0,26841280.0,35435628.0
臺北市信義區信義路五段１１５號,25.03334999,121.5739149,20000004.0,18542546.0,14218636.0,14283410.0,20364032.0,22061102.0,29831026.0
臺北市內湖區成功路四段６１巷３５弄２號,25.08022201,121.593403,18000012.0,19185818.0,12571068.0,16397514.0,19877432.0,22928062.0,27415036.0
臺北市大安區延吉街６８之１５號,25.0431900075838,121.553940000736,16800016.0,20548504.0,11197222.0,11249584.0,19702404.0,19908622.0,28371732.0
臺北市文山區萬寧街１５５號,25.00351159,121.570719,6800000.0,22661504.0,15197160.0,15598435.0,20776692.0,26350906.0,35323676.0
臺北市北投區義方街１號,25.14070398,121.5026,38879988.0,40497404.0,20472884.0,27807960.0,44279120.0,59624540.0,77429240.0
臺北市北投區中和街新建巷１０號,25.1402500156035,121.500920020743,7700003.0,9436995.0,4858434.0,5171618.0,10696270.0,15351069.0,17189824.0
臺北市中山區錦州街４３５號,25.06027082,121.5427362,18000012.0,21431472.0,12177628.0,15992908.0,20348230.0,25039400.0,31213432.0
臺北市中山區中山北路一段１３５巷２６號二樓之１,25.0513399834984,121.524019959161,10749999.0,13378590.0,8827794.0,10443490.0,13478249.0,16360994.0,21962984.0
臺北市中山區新生北路二段３１之１號十二樓之５,25.0540700112721,121.527830037069,16300006.0,19191820.0,14172094.0,14742325.0,16610783.0,21626274.0,26153324.0
臺北市文山區指南路三段５７號五樓之６,24.9836800037807,121.579839997729,7200000.5,10025894.0,6710549.5,7006908.5,9796858.0,13683634.0,15455660.0
臺北市大安區通化街３９巷５０弄７３號,25.02908301,121.555117,18000012.0,16660631.0,12806130.0,15276674.0,15744661.0,18423390.0,24031612.0
臺北市文山區羅斯福路五段１９２巷５弄４號四樓,25.003399981653,121.537859990046,16679995.0,14403621.0,12885343.0,13348488.0,15126973.0,17289950.0,21571236.0
臺北市大安區光復南路４２０巷２６之１號,25.0365900132044,121.556139998863,26560010.0,31562818.0,14151052.0,19804924.0,29687930.0,34413452.0,44008172.0
臺北市中山區民生東路二段１４７巷５弄８號六樓,25.05909999,121.53557,78779940.0,67776810.0,30003698.0,43678110.0,68173020.0,83155210.0,119180020.0
臺北市士林區天母北路４巷５之１號二樓,25.1194100059194,121.525270036201,11249991.0,10067476.0,8027441.0,8614298.0,9472918.0,13581447.0,17304236.0
臺北市文山區景興路２６２號十五樓之１,24.9901100131637,121.542700036216,6099999.0,8840431.0,7269492.5,8717212.0,8889110.0,12740666.0,14271918.0
臺北市中山區中山北路三段２５號四樓之２,25.065020003852,121.522460003161,18400002.0,15379350.0,12195364.0,13577484.0,16642559.0,16737678.0,24997024.0
臺北市大安區和平東路三段１巷１０弄５號四樓,25.0253000087223,121.546090013136,63979996.0,52157830.0,28836392.0,37182144.0,52021720.0,62004440.0,85487900.0
臺北市中山區農安街２巷２０號,25.06403899,121.52297,2680000.0,2756678.5,3520056.8,4405488.0,4491791.5,7305542.0,8904535.0
臺北市大安區光復南路６４６號十三樓,25.0314599950944,121.557259988765,28599982.0,23105772.0,16092017.0,18439492.0,22309488.0,25674832.0,35730176.0
臺北市北投區明德路１２２號四樓,25.110020011249,121.52036000114,16600014.0,14764386.0,13766437.0,13965475.0,17100906.0,20113698.0,22697580.0
臺北市松山區八德路二段３８３號十二樓之３,25.0479800137915,121.545149982695,8500000.0,8653318.0,8325926.5,8490740.0,10306003.0,14078578.0,16543467.0
臺北市士林區中山北路七段１９０巷１２弄６號,25.12487798,121.533783,29999978.0,35511676.0,18597766.0,27388224.0,33784804.0,47470320.0,64760850.0
臺北市士林區延平北路八段１８７巷１弄１５號,25.105668,121.481656,50000.008,6148006.0,402625.5,4167417.8,10330624.0,14189052.0,14319608.0
臺北市松山區新東街２０巷４２號,25.05842001,121.568467,16099999.0,11838179.0,9093732.0,10367596.0,11648978.0,16262989.0,19351384.0
臺北市松山區南京東路五段４１５號十樓之１,25.0514873008371,121.570033216771,18999984.0,19939974.0,12866212.0,14420884.0,20003246.0,24304688.0,33781196.0
臺北市松山區南京東路五段２９１巷４７弄４１號三樓,25.0536999921565,121.567300000026,20879980.0,16697502.0,12411133.0,12837924.0,15367562.0,18078080.0,24597376.0
臺北市北投區永興路二段１８號二樓,25.13289,121.50253,10499994.0,12731484.0,5788453.0,9174272.0,14245484.0,19733206.0,19758816.0
臺北市萬華區大理街１６０巷２２弄１８號五樓,25.0327200046893,121.494810032423,7000002.5,8640355.0,8018114.0,8473025.0,8913813.0,13869355.0,15041896.0
臺北市萬華區漢中街１６０號五樓之２,25.0411799852928,121.506579984681,33679996.0,30413472.0,16970028.0,22720970.0,33611650.0,36072490.0,48196630.0
臺北市中山區松江路１５０巷２６之１號,25.05399529,121.530903,21400020.0,18505942.0,11793308.0,12314432.0,17549302.0,18294634.0,27054792.0
臺北市文山區景興路１９５號十六樓之１２,24.99208001,121.5441,11679992.0,10560530.0,8825614.0,10675990.0,12388641.0,17544282.0,19500740.0
臺北市內湖區民權東路六段１３３號十樓,25.06714,121.57905,66879944.0,54568540.0,25849712.0,35409548.0,58115280.0,73492910.0,92322220.0
臺北市文山區景興路９６巷１９號二樓,24.9946199799863,121.543469997842,18999984.0,20239038.0,13489205.0,16426345.0,20186414.0,24160758.0,29796168.0
臺北市北投區吉利街３５９號八樓,25.1178699988489,121.512250006903,22499994.0,24169884.0,17409876.0,23269456.0,25976140.0,29865184.0,37616920.0
臺北市南港區松河街７５８號,25.06113788,121.6114816,25099984.0,22755058.0,12869427.0,15042642.0,20971100.0,23843232.0,33217528.0
臺北市北投區溫泉路８９號,25.13570602,121.507004,20800006.0,29011828.0,17558444.0,24052660.0,30743348.0,38165890.0,47594800.0
臺北市內湖區文湖街２１巷８２弄２３號七樓,25.08906001,121.5608,22550004.0,18028942.0,7555617.0,10307478.0,17962148.0,21892344.0,29980300.0
臺北市大安區復興南路一段８２號,25.04369401,121.54359,34000004.0,44790304.0,20246452.0,34291188.0,35088316.0,46748896.0,60449010.0
臺北市北投區新民路５７號三樓,25.1404899894914,121.511130017001,13179996.0,13159498.0,7312896.0,10332358.0,14512936.0,16496550.0,21896312.0
臺北市中正區仁愛路一段２３巷１９號,25.03988201,121.52341,66060060.0,54520892.0,27542290.0,31792718.0,51675690.0,67843940.0,90146780.0
臺北市士林區德行西路１０６號四樓,25.103900006555,121.520880014413,22080004.0,17165382.0,12470670.0,14308660.0,17539900.0,19917320.0,25365114.0
臺北市松山區民權東路三段１０３巷１２號三樓,25.0630399887744,121.544919983272,17199990.0,17498966.0,12876720.0,14079518.0,16487459.0,18139908.0,24353180.0
臺北市大安區辛亥路一段８９號八樓之２,25.0217099976827,121.53099998903,41500020.0,45721564.0,29146494.0,41164892.0,43941910.0,51440560.0,72586140.0
臺北市中正區延平南路１８５號四樓之１,25.03415,121.50755,28999988.0,34311600.0,13449590.0,20109978.0,31290984.0,32574794.0,51083200.0
臺北市信義區永吉路２１６號,25.04537701,121.57313,57500040.0,45603376.0,25244308.0,38784960.0,53863508.0,66429892.0,74645840.0
臺北市內湖區星雲街２１０巷１１號十一樓之１,25.0812899903773,121.597439982741,22999982.0,18343060.0,14438636.0,16329381.0,19019526.0,20304228.0,28584604.0
臺北市信義區光復南路４２１巷１２６號五樓,25.0360099855047,121.560449973475,4140001.8,4260455.5,5242889.5,5703055.5,6904825.5,9139516.0,11213978.0
臺北市中正區廈門街１１３巷１號八樓之１,25.0235,121.51768,30650020.0,25444970.0,16465806.0,21832172.0,30628280.0,35106056.0,40990956.0
臺北市內湖區內湖路一段２１７巷１號七樓,25.08356999,121.56502,17700004.0,20512792.0,12853188.0,17249864.0,20255064.0,22144110.0,29839960.0
臺北市中山區林森北路８５巷８８號三樓之２,25.04905001,121.52788,12700003.0,10562504.0,7094076.0,7888326.0,11309651.0,13523648.0,18260016.0
臺北市文山區政大一街２５１號,24.98660349,121.5850991,19800014.0,21344416.0,12410991.0,14558071.0,22600382.0,23537104.0,32327398.0
臺北市信義區松山路１１９巷９號四樓,25.0475099985709,121.578920000037,19800014.0,13623711.0,8001278.5,10344899.0,15649722.0,18149806.0,21504850.0
臺北市松山區八德路三段１２巷１６弄５號,25.04705302,121.55043,16380009.0,11550126.0,9914230.0,10466283.0,11251364.0,18374962.0,20122640.0
臺北市內湖區內湖路三段６０巷１２弄７５號四樓,25.088690302519,121.591256996502,18500014.0,18738626.0,13213724.0,14780080.0,19367816.0,20654718.0,29212780.0
臺北市文山區興隆路四段５８巷２８號,24.98543798,121.560037,14199990.0,22155558.0,17943076.0,21658182.0,23451604.0,27336972.0,31409858.0
臺北市大同區大龍街９１巷１２號六樓之１６,25.06722,121.51703,11699992.0,14977853.0,5600236.5,9143282.0,13487276.0,18909492.0,24469720.0
臺北市信義區忠孝東路四段５５３巷１６號,25.04279799,121.562888,12919994.0,10596586.0,7836805.5,9142114.0,10192795.0,15402335.0,16778560.0
臺北市內湖區康寧路三段１８９巷２１弄２３號二樓之１,25.0710600032802,121.612290032959,35880012.0,31799570.0,18413870.0,23448964.0,33756076.0,36917428.0,49317750.0
臺北市北投區稻香路１６８號二樓,25.143630018059,121.488929959707,34000004.0,40278856.0,10749671.0,20365704.0,43614756.0,56066156.0,77054140.0
臺北市內湖區星雲街１６１巷９號五樓之１,25.0816199859053,121.595940041168,59999984.0,46413770.0,24517794.0,30421768.0,46786628.0,54064320.0,76773064.0
臺北市文山區興隆路二段１５３巷２弄１７號,25.001174,121.549147,15800014.0,16411344.0,13129262.0,13837990.0,17659874.0,21472634.0,24784904.0
臺北市南港區忠孝東路六段３２２巷３號二樓,25.0491899834244,121.590760025005,18500014.0,14086502.0,9790096.0,10248881.0,13798534.0,16436624.0,21462888.0
臺北市北投區尊賢街２４２巷１９號,25.11726801,121.508126,7800001.5,7508789.5,7279413.0,7905293.5,8298562.0,15844951.0,16439697.0
臺北市士林區忠誠路一段１７１巷６號,25.10715001,121.530686,23599994.0,26699892.0,20984464.0,26513848.0,29139546.0,31989860.0,37872564.0
臺北市士林區重慶北路四段４９巷４０弄１０號,25.08066001,121.51165,13800008.0,12045745.0,6365714.0,6700874.0,12095566.0,16260291.0,20013512.0
臺北市士林區劍潭路１２號,25.0839054,121.5240544,22000004.0,20281778.0,14382071.0,17605930.0,20493238.0,23499380.0,33518884.0
臺北市文山區木柵路三段１０２巷１４號三樓之３,24.9867199943339,121.567810038835,5800002.0,8638971.0,7613794.5,8472347.0,8507843.0,10717611.0,13695881.0
臺北市北投區中央北路四段３２４號,25.130662,121.472282,11880002.0,9751983.0,5345414.0,7110616.0,10380318.0,12962696.0,16776128.0
臺北市信義區和平東路三段３９１巷２９之１號,25.02029702,121.558714,17779992.0,12094944.0,9647786.0,9787108.0,11398658.0,14607441.0,18695714.0
臺北市萬華區昆明街３４號八樓之７,25.0470000016722,121.505880011947,8300002.5,9028680.0,6938881.0,7139107.0,8227239.5,11986385.0,13484883.0
臺北市文山區政大二街２６０巷４３號,24.98763002,121.58689,10800002.0,11956792.0,9511046.0,9534877.0,12989154.0,14590372.0,18719800.0
臺北市士林區中山北路七段１５４巷７號四樓之１,25.1243599807491,121.533109965517,16760009.0,16787170.0,12325734.0,14735128.0,19459498.0,22445944.0,27492166.0
臺北市中正區杭州南路一段１０５巷２１之４號二樓,25.03715998,121.5268,35199990.0,29519272.0,13172356.0,18285250.0,24656512.0,27955588.0,41403090.0
臺北市松山區敦化北路１２０巷２８號三樓,25.0539700151672,121.547309999143,212224820.0,1013708540.0,2583803.2,71958790.0,301181570.0,437114700.0,470768600.0
臺北市北投區東華街一段２２巷１８弄４號,25.1094800071369,121.520439964496,29500022.0,21557374.0,14691377.0,17498332.0,23509512.0,27339372.0,33647504.0
臺北市大安區師大路８０巷１８號七樓之１,25.0233100191799,121.527340031009,30279996.0,18408568.0,14857298.0,15907543.0,19174404.0,22253646.0,29638368.0
臺北市北投區中央北路三段４０巷３８弄８號三樓,25.1400099998061,121.48519003833,7999997.0,8842649.0,4493651.0,5689778.5,9227077.0,12058687.0,14678241.0
臺北市中山區南京東路一段１０８號十四樓,25.0518700131457,121.526420033316,192169950.0,393094400.0,2006922.6,52156540.0,188813180.0,236299150.0,264956130.0
臺北市信義區信義路五段１５０巷３４２弄１７之３號五樓,25.026780001366,121.570529966415,12500008.0,14726952.0,12598864.0,14508009.0,15211428.0,18033310.0,23683596.0
臺北市內湖區文德路７３號三樓之２,25.0786499842436,121.582169999174,51499956.0,46205664.0,27987224.0,35832136.0,48569360.0,56824616.0,80388456.0
臺北市士林區承德路四段１９５巷１２號四樓之２,25.088249987498,121.523050005326,46200024.0,32193750.0,21336236.0,27623414.0,35498876.0,42111120.0,55027584.0
臺北市松山區健康路３２５巷２５弄１６號十三樓,25.0563500146644,121.566440016761,41540012.0,29319174.0,10636315.0,17206390.0,30293052.0,30374574.0,49651780.0
臺北市松山區南京東路五段２５０巷３６弄１９號,25.04977701,121.56718,23500006.0,16528738.0,12031325.0,13384256.0,17587268.0,22434472.0,27395276.0
臺北市北投區清江路１７７巷２３號三樓,25.1281700167471,121.502579972848,9550002.0,8551215.0,4389451.0,5800981.0,9130003.0,13775840.0,14552740.0
臺北市南港區成福路７４巷８號五樓之６,25.0439800019581,121.586270007112,37579988.0,33582044.0,19325270.0,25022404.0,38240796.0,43481360.0,55888812.0
臺北市內湖區康寧路三段１６５巷２５弄１２號,25.07182301,121.611996,17199990.0,16091802.0,13501740.0,14473709.0,16062027.0,18632882.0,22862208.0
臺北市萬華區西園路一段２１２巷５號五樓,25.03579,121.49867,5100002.0,12100966.0,5578797.0,8032434.0,11819092.0,14451751.0,19413158.0
臺北市中山區長安東路一段５６巷１弄２４號七樓,25.0471199886161,121.52964002524,14000013.0,17814414.0,14775514.0,15599089.0,15737485.0,18620020.0,25784516.0
臺北市士林區明溪街３５巷１號,25.10571498,121.565076,11749997.0,12365199.0,6406500.5,12228438.0,15461969.0,21565724.0,21760584.0
臺北市文山區興隆路三段２２１巷２弄８號,24.99373401,121.559704,12099997.0,13715932.0,12741104.0,13310454.0,15051137.0,18099196.0,21867472.0
臺北市文山區和興路６巷１弄８號二樓,24.9858199874804,121.545809973751,14499987.0,16231318.0,11984214.0,13486066.0,16343559.0,19685126.0,23652808.0
臺北市文山區福興路９５巷１７之２號,25.00465601,121.548696,18550010.0,18280368.0,15410534.0,16606728.0,20439446.0,24397114.0,29482978.0
臺北市大安區安和路二段１８１巷２號,25.02720098,121.550184,58499970.0,56412524.0,30329822.0,47761584.0,49215800.0,66064470.0,87171010.0
臺北市信義區忠孝東路五段３７２巷２７弄４２號二樓,25.0395800057052,121.574929962668,24659992.0,26504242.0,15467721.0,18538834.0,25125368.0,28635408.0,34443464.0
臺北市大安區四維路１７０巷３６號三樓之１２,25.0281900051181,121.546339961489,21200016.0,19720488.0,9523554.0,12140105.0,18526744.0,21681866.0,29102998.0
臺北市北投區中央北路四段１８巷４６弄２０號三樓,25.1364,121.47917,23500006.0,24104372.0,9654505.0,15139789.0,24252082.0,30193316.0,42129836.0
臺北市北投區天母西路１１７巷４６號四樓,25.120889998563,121.524309973011,28180006.0,25775910.0,10960895.0,15196174.0,22415182.0,26022408.0,38638176.0
臺北市士林區中山北路六段２３６巷７號五樓之２,25.1084399805909,121.526179975609,37500010.0,34516396.0,21181708.0,28284418.0,37669692.0,44237332.0,59101330.0
臺北市文山區木新路二段１１１巷４號二樓,24.9840599973612,121.570059993104,9749993.0,10298968.0,7741110.0,8544955.0,12748470.0,17096340.0,17406026.0
臺北市內湖區行善路３３３巷８０號五樓,25.0611800025502,121.586030033224,65000056.0,59789784.0,27069606.0,32035900.0,56449656.0,76268370.0,103546580.0
臺北市萬華區中華路二段３６４巷１５號,25.02837248,121.503805,33399990.0,32969150.0,22301064.0,30423858.0,40537588.0,51836500.0,53341480.0
臺北市松山區八德路三段１６５號,25.048187,121.555411,41470028.0,37776756.0,19176086.0,27493844.0,37006256.0,46016050.0,54484716.0
臺北市信義區吳興街６０９號四樓,25.0219299807315,121.569079980985,20899982.0,17392884.0,15068487.0,15425414.0,19157076.0,20724724.0,27213624.0
臺北市大安區忠孝東路四段２１６巷１１弄１６號六樓,25.0406800047684,121.553719975778,39000012.0,38125436.0,6150211.0,25353118.0,32892144.0,45653590.0,52270770.0
臺北市南港區成福路２０６巷５弄１２號,25.04039401,121.587825,13800008.0,11946898.0,9506530.0,10249194.0,13406894.0,16922514.0,21496524.0
臺北市中正區林森南路９７號,25.03803602,121.521563,49800024.0,46148330.0,24751458.0,29834554.0,45904976.0,57506510.0,72394780.0
臺北市中山區松江路３３０巷２４號,25.06108789,121.5320641,21400020.0,22741912.0,12135776.0,14580886.0,19795332.0,21050128.0,32290116.0
臺北市文山區指南路三段２４巷５號二樓,24.9831899977211,121.579419980561,12850001.0,10416097.0,7469343.5,7795718.0,11314074.0,12879446.0,16303146.0
臺北市萬華區西藏路１１９號,25.02955102,121.502718,37500010.0,37340348.0,21618684.0,30415096.0,42479384.0,53486760.0,55671772.0
臺北市中正區臨沂街５７巷３２弄９號四樓,25.0371300173165,121.531350017307,20679986.0,15985742.0,10509010.0,10582488.0,14904812.0,19695716.0,26568370.0
臺北市中正區羅斯福路一段１３１號十二樓,25.0301400129824,121.520420015566,36079988.0,36333224.0,22039190.0,33735544.0,35000216.0,42109830.0,52182410.0
臺北市北投區光明路２４２號十一樓之２,25.1361099840776,121.507999962898,14700011.0,20278644.0,11319837.0,14679305.0,19737536.0,22693858.0,32278724.0
臺北市中山區龍江路４２９巷１８號,25.06671801,121.541885,18559992.0,16014581.0,12165464.0,14319526.0,19029470.0,19393358.0,26436436.0
臺北市信義區松仁路２４０巷２２號四樓,25.0246853263398,121.568952951626,16649989.0,13214481.0,11328714.0,11867229.0,12173472.0,14653457.0,20843174.0
臺北市信義區永吉路２７８巷２弄１０號二樓,25.0451199826994,121.574099986616,16150008.0,11516470.0,1630723.5,7062201.0,16098924.0,17490890.0,18971376.0
臺北市內湖區康寧路三段５４之５號七樓,25.0716500054447,121.60917003714,19149988.0,16097758.0,12996737.0,13712688.0,15643454.0,17614964.0,24681404.0
臺北市文山區樟新街１５巷６號,24.97910801,121.555545,26499996.0,30298196.0,21711206.0,26305510.0,29235132.0,34819240.0,42179204.0
臺北市北投區中央北路一段７０號,25.13434002,121.500362,21000000.0,20948074.0,14088034.0,17689272.0,20551328.0,27716248.0,31652042.0
臺北市北投區石牌路一段３９巷１３０號,25.11745311,121.5098795,23580016.0,22907168.0,15265372.0,20232168.0,22865568.0,27428058.0,33114036.0
臺北市大安區敦化南路二段４６號九樓之３,25.0313700153638,121.548420014581,14499987.0,11891927.0,7931301.0,9354951.0,9699227.0,16694063.0,17259144.0
臺北市北投區溫泉路６５巷１６號十樓之４,25.1359126321673,121.504417956576,6500001.0,11962974.0,8026384.5,8528460.0,10942764.0,16183928.0,17157494.0
臺北市中山區八德路二段１００號四樓之１,25.0457599829164,121.536080009088,65000056.0,53862584.0,27716616.0,34642570.0,52597700.0,63038796.0,93929144.0
臺北市萬華區環河南路二段２９號,25.03903602,121.497665,15999987.0,20079852.0,8383725.0,14641891.0,21475748.0,23379652.0,32393194.0
臺北市松山區南京東路五段２３４號十六樓,25.0511200004495,121.565950010701,21800008.0,17576268.0,13021798.0,16034815.0,16384071.0,23329628.0,27258144.0
臺北市中正區水源路１０７號十樓,25.0213699857804,121.518320013545,22000004.0,21496852.0,17998124.0,20026534.0,23590228.0,29148052.0,36663410.0
臺北市大安區敦化南路一段１３８號,25.04442902,121.548503,68599944.0,61078908.0,26559148.0,35495492.0,68397304.0,80043740.0,102156510.0
臺北市南港區昆陽街１４２巷１６號,25.04922301,121.59381,7999997.0,13422809.0,7446548.0,8687485.0,13386503.0,15880138.0,21063340.0
臺北市北投區中山北路七段２１９巷３弄６９號三樓,25.1276399870998,121.530809971285,16800016.0,16810080.0,9607094.0,15532911.0,17305722.0,19938186.0,24930222.0
臺北市中山區復興北路４４８號六樓之１３,25.062720683849,121.543981115059,11699992.0,13556472.0,10572280.0,11353050.0,11381192.0,14248826.0,19778876.0
臺北市士林區中正路６９０號,25.08618599,121.50643,14449987.0,16927420.0,12037109.0,14304321.0,17451602.0,20278528.0,24553500.0
臺北市信義區吳興街２８４巷４３號五樓,25.0224800012179,121.56355999483,31299996.0,31730138.0,21202322.0,25147376.0,28890730.0,33036126.0,49441890.0
臺北市中山區松江路３７２巷３０號三樓,25.0630199979353,121.531949993936,15000010.0,13732921.0,7973985.0,8228212.5,13043375.0,16451115.0,20314222.0
臺北市內湖區星雲街３３巷６號五樓,25.0786999822961,121.591020031642,17500000.0,18872704.0,13754678.0,16729859.0,17650850.0,18609404.0,25743776.0
臺北市內湖區港華街９９號,25.08353299,121.573727,18050000.0,18312194.0,13925710.0,16409122.0,20869988.0,22132076.0,30537516.0
臺北市文山區羅斯福路六段１４２巷２０弄１６號,24.99654501,121.54042,13899996.0,12580590.0,11218086.0,12494288.0,12799366.0,15752621.0,20308294.0
臺北市南港區同德路７５號三樓,25.0459500006614,121.585269962244,21100012.0,20946316.0,16694445.0,19266310.0,21970190.0,24388600.0,30418636.0
臺北市文山區久康街５８號,24.98967801,121.566025,25200000.0,31091860.0,22415696.0,27253934.0,33840332.0,36083980.0,45269464.0
臺北市北投區行義路１８６巷２６弄１１號五樓,25.1318200003038,121.529380018604,11900004.0,15308818.0,7544874.0,14382867.0,14948258.0,17897446.0,22697320.0
臺北市大同區大龍街９１巷１０號四樓之９,25.0672200019784,121.516929958722,11999996.0,15733044.0,7602279.5,11567896.0,17125322.0,21847502.0,28245818.0
臺北市內湖區東湖路１１３巷２７號五樓,25.0698199845244,121.615670035414,19499996.0,22203870.0,16598400.0,21000800.0,21209036.0,24766758.0,33221900.0
臺北市文山區興隆路三段６９號六樓之５,25.0001700152644,121.556319958324,10499994.0,9428808.0,7412920.0,8267289.0,9473858.0,12235554.0,15017358.0
臺北市大安區安和路一段７２號四樓,25.0352800055571,121.552350037523,31000018.0,32726248.0,11957932.0,25122638.0,32421072.0,37192148.0,45578244.0
臺北市萬華區漢口街二段２７號七樓之３,25.0455700070809,121.507599978478,24999980.0,20804410.0,12961164.0,16672393.0,22330050.0,23712796.0,34332224.0
臺北市內湖區民權東路六段４２５號十樓,25.07130999,121.60407,83000080.0,71676750.0,26546436.0,43732796.0,74727750.0,86694640.0,115175740.0
臺北市士林區承德路四段６巷７３號三樓,25.0801399932616,121.519159964062,9999996.0,10099017.0,7157506.0,8755930.0,9547379.0,13265594.0,15976353.0
臺北市中山區松江路４５巷４１號四樓,25.0479599810429,121.534310002594,17650008.0,13158268.0,9085636.0,10027328.0,12039130.0,15506004.0,21553962.0
臺北市內湖區內湖路二段４６６號十樓,25.08651001,121.59168,3499999.0,12677496.0,9850878.0,10619328.0,12194456.0,18711804.0,19590548.0
臺北市大安區羅斯福路二段１１１號,25.02449602,121.524657,66999964.0,47220270.0,26090148.0,32458010.0,46211570.0,57461450.0,79148490.0
臺北市松山區富錦街５８１巷４號五樓,25.062889994617,121.567060026139,18500014.0,16686200.0,14331877.0,16199400.0,17469486.0,19420306.0,24672556.0
臺北市內湖區成功路四段３５８號四樓,25.0848699850425,121.600039965287,40280010.0,42746460.0,22376694.0,29748126.0,39004700.0,46520296.0,68102060.0
臺北市松山區民生東路五段６９巷２弄２８號,25.05916801,121.559774,33624988.0,27914400.0,16602136.0,25803850.0,30688804.0,35352930.0,42964950.0
臺北市北投區溫泉路３７巷２８號,25.13384301,121.503422,7000002.5,13322696.0,10396190.0,11834386.0,13674086.0,17462688.0,21543604.0
臺北市南港區福德街３３９巷７弄１６號二樓,25.038309979736,121.59018997177,8650001.0,7235291.0,5229516.5,5705237.0,6984452.0,12770884.0,12889768.0
臺北市萬華區莒光路１５３巷８號三樓,25.0306599843459,121.502890019446,5200000.5,6326635.5,4932934.0,4989497.0,6712277.5,12585462.0,12683324.0
臺北市大安區大安路一段１６巷１３號四樓之７,25.0441900105421,121.545690028717,32299972.0,29084464.0,13395673.0,21646248.0,27502866.0,30032668.0,42817944.0
臺北市松山區南京東路五段１２３巷８弄４５號三樓,25.0535999960516,121.562990025414,9119996.0,10786024.0,7748459.0,8604954.0,9647897.0,16252787.0,16608882.0
臺北市中山區中山北路一段１４０巷１０號三樓,25.0514300051385,121.521340013259,21699988.0,23012356.0,13210726.0,15132716.0,19779064.0,20978662.0,30718964.0
臺北市大同區大龍街１６１號,25.06816598,121.515967,18080012.0,14343855.0,10721802.0,11941066.0,14637590.0,17957250.0,22260396.0
臺北市中山區長安東路二段１６６號,25.04821802,121.539741,24999980.0,20738406.0,14316850.0,17211444.0,21289528.0,24567602.0,34031732.0
臺北市大安區四維路１７０巷３６號,25.02817802,121.546319,12680010.0,15145970.0,8851753.0,10553744.0,12145733.0,18900298.0,21885956.0
臺北市文山區興隆路二段３０１巷２５號九樓之２,25.0025500147615,121.553649986886,29799976.0,28961074.0,19801412.0,24607792.0,33015150.0,37277370.0,48823204.0
臺北市內湖區民權東路六段１８０巷１５０號七樓之３,25.0650300202263,121.592289973792,31879976.0,28944452.0,15239539.0,19853790.0,29100388.0,37403216.0,44979588.0
臺北市大安區龍泉街５５號二樓,25.023469987802,121.529420000282,24999980.0,34636690.0,198161.78,18857232.0,30954818.0,38401160.0,46546748.0
臺北市文山區辛亥路四段７７巷９２弄７號三樓之２,25.0088799861301,121.560800001752,18279984.0,20564816.0,14516009.0,15569543.0,21687036.0,24543200.0,32849574.0
臺北市大安區敦化南路二段４６號七樓之５,25.0313700153638,121.548420014581,15000010.0,12350185.0,8197298.5,9538151.0,10083580.0,16340598.0,18095848.0
臺北市萬華區西園路二段３２０巷３６弄１７號三樓,25.02736914,121.4910045,3999999.8,2960851.0,1806458.5,2455666.5,3983546.5,8101472.5,8197330.0
臺北市大安區信義路三段１４７巷１５弄７之１號,25.03516002,121.54258,54000012.0,35812050.0,16907544.0,20666500.0,31059854.0,31781986.0,47113844.0
臺北市中山區雙城街１３巷２２號五樓,25.06403999,121.52518,27999986.0,20816754.0,10034617.0,14447782.0,22833056.0,27498564.0,35207910.0
臺北市大安區信義路三段１５６號五樓之８,25.0332100107489,121.540830033617,13700009.0,12673990.0,8754569.0,10692333.0,10995508.0,15038396.0,20031118.0
臺北市南港區重陽路４６２號四樓之１,25.0594900013225,121.610950018098,67880050.0,46143576.0,20173404.0,27306488.0,43029576.0,53256292.0,71605700.0
臺北市松山區南京東路四段１３３巷９弄３０號,25.0531700044187,121.556249969432,13499990.0,20715318.0,12479830.0,13744870.0,18779988.0,24406934.0,31375428.0
臺北市信義區虎林街１２０巷１６２號二樓,25.0421200157339,121.573669994983,17700004.0,13347342.0,7558117.5,7881190.0,12635034.0,19676642.0,22906644.0
臺北市中山區新生北路二段６８巷９號七樓之９,25.0565099832865,121.526809959452,16249997.0,15223589.0,10458919.0,11356688.0,15746733.0,18311076.0,24292822.0
臺北市大安區仁愛路四段３８３號六樓之２,25.0380200077957,121.55502000896,61580030.0,49230160.0,18460782.0,30560474.0,40813236.0,48790990.0,65380660.0
臺北市內湖區東湖路９８號四樓,25.0684199971466,121.615029993288,11999996.0,12944759.0,9834939.0,10053430.0,12598792.0,13998571.0,19977510.0
臺北市南港區重陽路４９９號五樓之４,25.0616500177708,121.612630002952,10800002.0,10587273.0,7615537.0,8216019.5,10078062.0,12561144.0,15751810.0
臺北市大安區仁愛路四段３０號,25.03762602,121.546578,59999984.0,48328452.0,19885282.0,35776140.0,53054332.0,53234050.0,74167010.0
臺北市萬華區中華路一段１７０號九樓之１,25.0409900094573,121.507520015122,35700000.0,29297484.0,19917852.0,24683288.0,32104898.0,36083016.0,46378988.0
臺北市內湖區內湖路二段３５５巷２０號,25.08425392,121.5919829,25280012.0,29020296.0,17805954.0,18937140.0,29071208.0,33396740.0,45273696.0
臺北市松山區新東街９巷２２號四樓,25.0577699928813,121.56500998026,18500014.0,15233523.0,7996778.0,12020269.0,14902737.0,18181890.0,21548864.0
臺北市北投區中山路４７號六樓之１０,25.13887002,121.51173,2699999.5,3891605.5,1863302.2,3140635.8,4038660.5,6547221.5,8495705.0
臺北市中山區民族東路４１０巷６號三樓,25.0667100050797,121.538240025536,12379996.0,11923497.0,9147364.0,10794091.0,12008902.0,15883379.0,18961500.0
臺北市大同區民權西路１６０巷２６弄１號二樓之２,25.0615759685816,121.515763855816,37880010.0,41989770.0,22584480.0,30114810.0,42595320.0,46953090.0,70813460.0
臺北市內湖區康寧路三段９９巷３９弄１０號三樓之１,25.0729399803434,121.610249961545,20000004.0,16200173.0,11382972.0,13842187.0,18449412.0,19080132.0,27132462.0
臺北市士林區德行東路３５８巷２４弄４號,25.109537,121.539375,26999992.0,25000316.0,14010912.0,22210180.0,22567816.0,30924308.0,38698876.0
臺北市信義區吳興街６００巷１００弄５１號,25.01741599,121.572487,15360002.0,12917752.0,10473112.0,10492607.0,12521699.0,15766899.0,18620056.0
臺北市北投區光明路２２６號六樓之１,25.13599,121.50544,11999996.0,12488664.0,8480293.0,9705908.0,12898302.0,15505442.0,20461290.0
臺北市大安區溫州街５８巷９號,25.020531,121.532069,14499987.0,12858092.0,11315110.0,11818844.0,11956542.0,21470176.0,23980876.0
臺北市大安區安和路一段１２７巷２９弄１３號,25.03564801,121.553586,36888010.0,35705788.0,19693312.0,23125570.0,36400576.0,43784292.0,51898430.0
臺北市信義區松勤街９號十二樓之５,25.03219002,121.56104,42999960.0,19286016.0,12448283.0,14075840.0,22094580.0,25750652.0,31335836.0
臺北市內湖區港華街６９號二樓,25.08310002,121.57508,19049988.0,18344880.0,12722600.0,15210702.0,16988648.0,17694670.0,24509004.0
臺北市中山區林森北路１５９巷３２號,25.05148801,121.526315,11199999.0,23096300.0,13402241.0,16633895.0,21545782.0,23721256.0,35958660.0
臺北市內湖區成功路二段３１７巷１３號,25.06974321,121.5913948,54999988.0,43062584.0,25513248.0,27246190.0,48363400.0,58849580.0,80729256.0
臺北市內湖區民權東路六段２９６巷２８號十六樓之１,25.0720799970776,121.606880017373,31999990.0,29191838.0,16617818.0,25422412.0,31987480.0,33084680.0,47914690.0
臺北市內湖區康樂街１１１巷９號三樓,25.0706000044339,121.619610032821,14499987.0,15123857.0,13092877.0,14409172.0,16205828.0,20024242.0,23629316.0
臺北市文山區富山路１巷１８號四樓,24.9889699905128,121.553310016893,14379986.0,13932856.0,11707158.0,12529416.0,14282947.0,16297208.0,20074874.0
臺北市大安區信義路四段６１號十樓,25.0337700057001,121.545370007653,69499980.0,79013640.0,35138948.0,52600210.0,63592624.0,79999944.0,111235980.0
臺北市萬華區環河南路二段２５號十五樓,25.0391299813237,121.497649988857,21600014.0,20786362.0,5894092.5,12250242.0,23214620.0,25739212.0,35220004.0
臺北市大同區華亭街３６號九樓之２,25.0534999999467,121.513060034026,9060007.0,13072141.0,10327235.0,10937526.0,11323292.0,15186236.0,18624176.0
臺北市北投區豐年路一段１６號,25.13395801,121.498138,13099996.0,13369968.0,6552556.0,7663228.0,15370230.0,18841916.0,23326292.0
臺北市信義區中坡南路６４號三樓,25.0418300018841,121.584809963398,14000013.0,15185396.0,11004655.0,11559096.0,14603876.0,19269984.0,22094326.0
臺北市北投區石牌路一段１６６巷２６號,25.11402484,121.5137351,20599992.0,23930068.0,19109560.0,24429150.0,29565306.0,31481592.0,39852140.0
臺北市萬華區西昌街２０１號二樓,25.03795002,121.50072,15000010.0,20518232.0,9430643.0,12838046.0,19084428.0,23029392.0,27446846.0
臺北市中山區基湖路１５１巷２１號二樓,25.077690004873,121.564319981991,10279990.0,9112136.0,6319056.0,7530669.0,8136299.5,10841114.0,14089270.0
臺北市大安區市民大道三段３０６號三樓,25.0445700041226,121.543270005632,9000001.0,12073762.0,7621880.0,9350723.0,10187625.0,16990594.0,19501448.0
臺北市大安區忠孝東路四段３１２號九樓之４,25.0411400036147,121.55686997881,29660026.0,21717378.0,9724048.0,16067910.0,23889070.0,24428870.0,32980658.0
臺北市北投區中山路３０號,25.13748499,121.510544,3300001.5,3453362.2,1830531.4,2850824.5,3826747.5,7193199.0,9055792.0
臺北市大同區南京西路４３４巷７之１號,25.05289499,121.508996,10999996.0,13794876.0,11723894.0,11918994.0,14646332.0,22239770.0,23175422.0
臺北市信義區忠孝東路五段７４３巷２１弄３號,25.04373102,121.580757,27579980.0,20083912.0,11917744.0,13807064.0,19655336.0,24242276.0,30303224.0
臺北市大安區通化街１２３巷５０號四樓,25.0288399797999,121.555570029447,9500005.0,6499220.0,5674172.5,6043363.5,6253166.5,9178420.0,11233052.0
臺北市中山區建國北路一段３３巷４１號,25.047942,121.539749,29999978.0,22024692.0,15973733.0,19372618.0,23366948.0,26245670.0,33310094.0
臺北市信義區信義路六段１２巷２３號三樓,25.0328699988466,121.575189969305,23800020.0,17758506.0,12783045.0,14995633.0,16002032.0,18462050.0,24257356.0
臺北市大安區和平東路二段４２號,25.02546798,121.53722,12680010.0,10019814.0,5531192.5,9062738.0,9879931.0,16669213.0,17072032.0
臺北市士林區永平街７５巷４４號四樓,25.0916700135412,121.503339960009,13000010.0,8410945.0,4219225.0,6614159.0,10885724.0,13077478.0,15334856.0
臺北市中山區新生北路三段４６號,25.06433298,121.527321,6099999.0,6133354.0,5226864.0,6182850.0,6669271.0,10829519.0,11215134.0
臺北市大同區敦煌路３８號,25.07532199,121.519125,9000001.0,11618046.0,8269110.5,9021037.0,11975782.0,15350366.0,19171624.0
臺北市松山區南京東路五段２３９號五樓之１３,25.05158,121.56482,14099996.0,12969374.0,8613764.0,10078197.0,12107361.0,15477844.0,20375960.0
臺北市松山區延吉街４８巷１６號七樓,25.0449999957555,121.553029977508,27800004.0,36226310.0,14278589.0,26890062.0,28199684.0,32960850.0,44637300.0
臺北市萬華區寶興街６８巷２９號四樓,25.0259200181001,121.493519973705,14700011.0,14653234.0,8070827.0,11906430.0,18621938.0,22775162.0,27249828.0
臺北市內湖區安泰街５１巷５號,25.07440698,121.617506,11500007.0,11087666.0,8017540.5,9687634.0,11193720.0,14454646.0,18231618.0
臺北市大安區樂利路５巷１４弄３號,25.0287500000693,121.551879980393,6450002.0,11652556.0,7993369.5,8214930.5,9965932.0,15796549.0,18841772.0
臺北市中正區惠安街３７號二樓,25.0291799917022,121.507139979632,21200016.0,18418016.0,6893324.5,13191011.0,15949530.0,25389412.0,26226004.0
臺北市文山區萬慶街１２號三樓,24.9951417015505,121.536470861416,19079988.0,17689878.0,12024374.0,13484060.0,16914350.0,20338414.0,25398906.0
臺北市松山區新中街２巷１７號四樓,25.0571799907168,121.561390003917,14000013.0,26383244.0,11690913.0,19517784.0,26436134.0,30014286.0,35255828.0
臺北市北投區立農街二段２７９號,25.11883002,121.515356,17500000.0,15379496.0,13587251.0,15714299.0,16016689.0,18409516.0,21976686.0
臺北市信義區信義路五段１２７號十三樓之８,25.0335299899026,121.574090012151,16199987.0,12117180.0,9256373.0,9573546.0,11164040.0,15082030.0,19030668.0
臺北市內湖區康樂街１１１巷１３號,25.07054598,121.61987,2439988.5,2771263.0,4832680.5,4857007.0,5289788.0,8670170.0,9441910.0
臺北市文山區興隆路四段１６５巷１５號五樓,24.9842200078928,121.562590040994,20000004.0,28223038.0,21445170.0,27640068.0,33142344.0,37738948.0,44090256.0
臺北市南港區重陽路１６６巷１０弄２０號,25.056326,121.600405,13950008.0,9745977.0,6363857.0,7421939.0,9797885.0,14479204.0,17504140.0
臺北市信義區虎林街２５６巷９號二樓,25.0355100049803,121.577719962959,14020001.0,15314074.0,11486920.0,12158782.0,15130695.0,18684450.0,23435104.0
臺北市內湖區內湖路三段３２９巷１０弄１１號二樓,25.0880699861274,121.584980032213,14579996.0,17011768.0,12626481.0,13032880.0,15513577.0,19252938.0,25544802.0
臺北市中山區長安東路一段２０號八樓之５,25.0491300109071,121.523860032448,12500008.0,11911813.0,8932603.0,10321072.0,11030272.0,15059264.0,17874316.0
臺北市中山區中原街２２號七樓之１５,25.0567399827096,121.528779958155,7000002.5,7976175.0,6930693.5,6992836.5,8506309.0,11086715.0,12852501.0
臺北市內湖區成功路五段４３２號十四樓,25.07523000011,121.607379997898,24179982.0,22891968.0,13713237.0,17975344.0,23686940.0,25212500.0,35764540.0
臺北市南港區福德街３７３巷３號一樓,25.0390700088064,121.591729978841,29300000.0,30312878.0,18093258.0,18608518.0,32202902.0,36276510.0,45890184.0
臺北市大安區和平東路二段１１８巷４弄１８號五樓,25.0241800188199,121.542199971872,9999996.0,9998337.0,8949623.0,9070053.0,9303100.0,14164149.0,16055135.0
臺北市內湖區麗山街６５號五樓,25.08155,121.58052,40680028.0,32147792.0,21216924.0,28474140.0,30640376.0,33266666.0,50779236.0
臺北市內湖區民權東路六段９０巷１５弄１７號二樓,25.0679200166221,121.586809969315,16500011.0,15664594.0,12114846.0,12349549.0,15066418.0,17060834.0,22661764.0
臺北市文山區萬安街４４巷７號三樓之４,24.9989700200963,121.57042997031,15879986.0,17273766.0,13867556.0,14238149.0,18076736.0,19388292.0,25494716.0
臺北市北投區光明路２６８號,25.136573,121.510008,5000000.0,5916067.0,4470053.0,4475466.0,5815987.5,8854336.0,11443424.0
臺北市松山區民生東路五段２０２號十三樓之１０,25.0581999845142,121.564449985309,7700003.0,8468195.0,5561554.0,7029625.0,8822172.0,13493116.0,17023420.0
臺北市信義區松山路６２７號三樓,25.0364699843509,121.578650018935,18000012.0,13596869.0,2743148.8,8700601.0,18583724.0,19134362.0,20682628.0
臺北市士林區重慶北路四段２０８號四樓,25.0854200055289,121.51162002306,37999988.0,33642308.0,22255724.0,27792900.0,41717470.0,51822364.0,59980190.0
臺北市松山區饒河街１９９號十三樓之３,25.0507499813339,121.576180039708,38879988.0,28701408.0,14432964.0,19163252.0,32555600.0,38182270.0,48285424.0
臺北市大安區和平東路一段１７７之２號,25.02651702,121.532223,40299990.0,30610936.0,23035236.0,31239698.0,35333650.0,38246050.0,45448724.0
臺北市士林區延平北路五段１３６巷２７弄６號,25.08242498,121.511568,11500007.0,11865282.0,8978603.0,9493574.0,14395272.0,19044938.0,19939442.0
臺北市松山區三民路８０巷６號五樓之１,25.0561799877585,121.564509999735,24679992.0,18386004.0,16434649.0,16568856.0,19225636.0,22921678.0,28184360.0
臺北市士林區通河東街一段１６７巷４４之３號,25.0876700017078,121.517209998107,15999987.0,15192117.0,10687908.0,12443702.0,17327916.0,21683644.0,25488200.0
臺北市信義區基隆路一段３５０號五樓之６,25.0368500198409,121.561559988913,2069699.4,1502063.5,3348365.0,3968254.5,4075611.0,6498724.5,8534481.0
臺北市內湖區環山路二段７７巷８號,25.08469698,121.574437,40880004.0,34324692.0,24851792.0,30172246.0,36606876.0,43933784.0,54961610.0
臺北市內湖區陽光街１６１巷１弄５號,25.07482201,121.585476,13980000.0,13906466.0,10815874.0,11102543.0,14455307.0,16888882.0,21909596.0
臺北市士林區至誠路二段９２巷９弄９號,25.10226202,121.527709,28300014.0,12494478.0,8743556.0,9484326.0,13660790.0,20954948.0,22710312.0
臺北市萬華區康定路１０３號二十四樓之１１,25.0394800096003,121.502019977897,12550009.0,18805868.0,952250.44,11526534.0,18462226.0,21242030.0,28913442.0
臺北市萬華區環河南路二段２５號,25.039126,121.497685,23150018.0,25514466.0,1744897.0,17024038.0,25072470.0,30201264.0,38217390.0
臺北市內湖區大湖山莊街２３巷３５號,25.0861700182251,121.602940019967,11999996.0,17831376.0,10133942.0,13830364.0,18764342.0,19886610.0,27276400.0
臺北市北投區大興街９巷２號,25.13004098,121.497819,18500014.0,15197073.0,10572522.0,12342296.0,14170607.0,17526022.0,22730984.0
臺北市中山區新生北路二段１３７巷６０號四樓,25.06115,121.52986,14370006.0,14222705.0,8104579.0,9149720.0,12528006.0,14401204.0,21366372.0
臺北市南港區昆陽街１４２巷１２號二樓,25.0493999920084,121.593840039146,15200001.0,10456585.0,6219688.0,6516511.0,10103429.0,13763260.0,17236838.0
臺北市松山區八德路四段６２６號十一樓,25.0498299836413,121.574199982721,13000010.0,16948322.0,11518534.0,13609401.0,18003858.0,19997524.0,26757196.0
臺北市大安區永康街３７巷３２號二樓,25.03088001,121.53093,31250008.0,22422580.0,13551198.0,17875782.0,21714976.0,24523594.0,32370280.0
臺北市松山區民權東路三段１６０巷１９弄２２號六樓,25.05993998,121.54805,7000002.5,15590850.0,12998596.0,13462782.0,15581396.0,18629684.0,25427116.0
臺北市大同區重慶北路三段２９６巷１０之１號,25.07349599,121.513189,13700009.0,13352410.0,9626170.0,11045135.0,15327633.0,17759928.0,22815206.0
臺北市北投區實踐街５６巷１５號,25.11431,121.50986,15300002.0,18540106.0,15818891.0,18300042.0,19708682.0,23751090.0,27842936.0
臺北市中正區中華路二段３１１巷１０號五樓,25.0284399953803,121.506049996943,6000000.0,4554701.5,2301756.0,3482897.8,4715525.5,9231337.0,10145798.0
臺北市萬華區東園街６７巷２號三樓,25.0266699888868,121.497749984962,12969992.0,16953658.0,10071625.0,13253808.0,19132646.0,20404078.0,27716882.0
臺北市北投區永興路二段３８號,25.14006201,121.502358,20000004.0,22244394.0,12892522.0,19208738.0,25195962.0,29765380.0,37233244.0
臺北市中山區堤頂大道二段２４６巷１號十一樓,25.07766,121.56633,68000040.0,53103940.0,24737440.0,32221702.0,48675920.0,64881640.0,83383440.0
臺北市大安區信義路三段１４７巷１１弄８號,25.03470002,121.542443,28800004.0,18717550.0,12590312.0,12628721.0,19696242.0,20592840.0,30143658.0
臺北市中山區新生北路三段８２巷２９號,25.06714549,121.5264809,10300010.0,9937744.0,7201168.0,7485509.5,9924031.0,13996996.0,15052688.0
臺北市北投區吉利街３２０巷４弄２號,25.117569,121.511496,10779998.0,10017693.0,8255967.0,8419468.0,10145643.0,17347990.0,17902772.0
臺北市文山區指南路三段７１號,24.98306758,121.5801686,10860009.0,10347721.0,7762512.0,8278074.0,11073823.0,12605426.0,16088396.0
臺北市文山區景豐街６８號十一樓,25.00109001,121.54537,36999976.0,33456288.0,21441284.0,28032744.0,38425630.0,47751016.0,54198544.0
臺北市士林區明溪街２５號,25.10607402,121.565164,5050001.5,12255875.0,7229242.0,12339142.0,15380083.0,21319598.0,22005880.0
臺北市士林區中山北路六段１７２巷１６弄２號五樓之５,25.1071300148531,121.525970008935,7800001.5,7381767.0,7040440.0,7051917.5,7909856.0,9748729.0,12177071.0
臺北市大安區嘉興街３２３巷３號十三樓,25.0223699887387,121.553429961928,59999984.0,56933972.0,34770660.0,48336196.0,60793456.0,76080650.0,93870050.0
臺北市士林區士東路２８６巷１之７號,25.11313699,121.537554,27800004.0,23333232.0,10735533.0,17121860.0,18284098.0,22203488.0,33369042.0
臺北市中正區青島東路４號二樓之２,25.0438800058532,121.521479991042,33599984.0,32926228.0,17775788.0,23056204.0,27003700.0,30674292.0,46361744.0
臺北市文山區政大一街８３號,24.98554971,121.5810517,14199990.0,13402343.0,10100173.0,10398926.0,12390768.0,13975574.0,20439408.0
臺北市中山區新生北路二段１３３巷４３號,25.06090001,121.52924,18000012.0,19540132.0,8436829.0,9317573.0,15273090.0,17172062.0,27666756.0
臺北市士林區重慶北路四段２２２號,25.0858689,121.511468,7500001.0,12651504.0,9334258.0,9482608.0,12007872.0,18008974.0,19874856.0
臺北市北投區中和街５０２巷３弄２０號,25.1459899848076,121.493779980342,15999987.0,10065537.0,4314011.5,7415748.5,12100412.0,13556498.0,17014722.0
臺北市大安區羅斯福路三段２８３巷２３號,25.01997599,121.531723,13000010.0,34249484.0,22855888.0,31546328.0,34618260.0,38287580.0,49699250.0
臺北市松山區南京東路五段２００號十二樓之１,25.051189989341,121.564270025848,23679984.0,21022282.0,16481328.0,18217818.0,21250864.0,25283290.0,32009636.0
臺北市南港區福德街３３９巷３弄４號二樓,25.0386799988517,121.58912002183,15600012.0,11794500.0,8076933.0,8624795.0,12764698.0,15526246.0,18946388.0
臺北市士林區德行東路２９號六樓,25.110020011249,121.536340015724,15513399.0,13639468.0,9060128.0,10341309.0,14091877.0,17825800.0,22808200.0
臺北市中山區明水路５６３號四樓,25.07938998,121.55178,53680024.0,43534720.0,24483820.0,34970456.0,46538224.0,54009590.0,73095464.0
臺北市士林區忠誠路二段２１巷６９弄１０號四樓,25.11033999,121.53355,11500007.0,8514564.0,6594936.0,7137895.0,8821785.0,13327348.0,14797569.0
臺北市信義區吳興街５２４巷４１號二樓,25.02218999,121.56768,14099996.0,11073570.0,5121814.0,8188313.5,13719699.0,14582109.0,18727442.0
臺北市萬華區青年路２８號四樓,25.025810005621,121.505160006464,21800008.0,20702046.0,17518334.0,25091320.0,25765146.0,31633634.0,31875356.0
臺北市萬華區漢口街二段２７號五樓之２,25.0455700070809,121.507599978478,23980008.0,19087814.0,12539768.0,16220827.0,21475132.0,21932550.0,31940476.0
臺北市南港區研究院路三段８６巷８號三樓,25.03447002,121.61332,5500000.5,5218959.0,2514277.2,3375907.5,4975005.0,8158973.0,10343933.0
臺北市南港區福德街３８５號五樓之１,25.0397064503849,121.589272506797,20160018.0,19745782.0,14119346.0,16779328.0,21345232.0,24147028.0,33617292.0
臺北市信義區光復南路５６７號七樓之１０,25.0307300151469,121.557580009828,30049972.0,21620376.0,14784930.0,17633924.0,26630774.0,29402168.0,37441476.0
臺北市松山區南京東路五段２５１巷２４弄３號五樓,25.05236002,121.56411,16800016.0,14105699.0,9718022.0,10091373.0,12327992.0,14139640.0,21409696.0
臺北市松山區市民大道四段３９號二十一樓,25.04527002,121.5458,221699860.0,222989090.0,1417617.4,51262984.0,149537400.0,226066020.0,227756960.0
臺北市中正區寧波西街８７號,25.03000691,121.5158466,25690018.0,29391514.0,19101508.0,24065554.0,29630340.0,33345184.0,43680276.0
臺北市內湖區康樂街１８６巷２弄２號四樓,25.0759699964318,121.62031998002,12800001.0,14478845.0,10447296.0,10768140.0,13589869.0,17024428.0,22049448.0
臺北市信義區吳興街６００巷１００弄１８之１號二樓,25.0175700080663,121.572150020661,16199987.0,17833078.0,13473725.0,13722395.0,22089986.0,23136202.0,27262876.0
臺北市北投區西安街二段２０３號九樓之５,25.1197299850731,121.510310015413,34000004.0,28627598.0,15487382.0,21329278.0,33440658.0,35454150.0,48633976.0
臺北市中山區雙城街３巷２號八樓之４,25.0632399809841,121.524599986861,8099997.0,9060335.0,6891385.5,8344854.0,8869075.0,12594972.0,13829388.0
臺北市士林區德行東路１９４號三樓,25.1086100074968,121.531250021202,24999980.0,26439160.0,16611543.0,23855786.0,24349000.0,28682418.0,36770416.0
臺北市大同區哈密街５９巷５６弄３８號,25.0753100053758,121.514759967809,15700009.0,11307084.0,7061177.5,7753500.5,12148258.0,14412222.0,18440934.0
臺北市松山區八德路四段３０２號三樓,25.049019998428,121.567200003922,15999987.0,13765570.0,9385208.0,11060778.0,12670074.0,15414590.0,21372812.0
臺北市松山區南京東路五段２５０巷２弄２９號,25.05079,121.567789,22599994.0,20381092.0,14823303.0,16181520.0,21384882.0,23809148.0,31306804.0
臺北市中山區民生東路二段１１５巷２８弄１４號,25.0593099999518,121.531220013989,16999994.0,20641722.0,7247342.0,8685778.0,18507248.0,20728362.0,30867442.0
臺北市文山區和興路２６巷７號七樓,24.98539,121.54582,15250007.0,15440838.0,10578674.0,12365600.0,16804918.0,20536554.0,24383996.0
臺北市士林區福志路１１８號,25.09859992,121.5278051,51680028.0,58115060.0,34103730.0,39874340.0,58318708.0,82378830.0,105149110.0
臺北市中山區林森北路１０２號,25.050731,121.524835,7600003.5,7493931.0,4544427.0,5240969.5,6453318.5,11169194.0,12558797.0
臺北市北投區建民路１６２巷９號,25.11094399,121.520242,22999982.0,25034146.0,16267457.0,20729824.0,23147192.0,25970840.0,34828670.0
臺北市中山區新生北路二段１３７巷５８號四樓,25.06115,121.52981,14429992.0,14271374.0,8148180.0,9188965.0,12579870.0,14438554.0,21424278.0
臺北市文山區指南路二段４５巷２１弄７號,24.988677,121.573898,15200001.0,16810464.0,13449974.0,16136491.0,16409341.0,19812708.0,24713672.0
臺北市萬華區德昌街１８５巷６０弄１０號,25.02276398,121.493736,11549994.0,10451381.0,7834362.0,8668417.0,11792026.0,14991372.0,18686694.0
臺北市內湖區內湖路三段６０巷４６弄１號五樓,25.0887599843967,121.592660034817,14499987.0,15921111.0,11899482.0,13078351.0,15032059.0,17620308.0,23877272.0
臺北市北投區溫泉路６５巷１６號,25.13604402,121.504374,9099996.0,9974338.0,7275436.5,7464536.5,10933146.0,16684608.0,18124414.0
臺北市大同區大龍街９１巷１０號八樓,25.0672200019784,121.516929958722,12299995.0,13883144.0,6593483.0,9844304.0,12636889.0,17747094.0,23373366.0
臺北市北投區大興街２４巷７弄５號四樓,25.128930003908,121.499120007036,14000013.0,14872410.0,12327168.0,13140461.0,15021626.0,18484848.0,21949834.0
臺北市信義區吳興街３２０巷５９號,25.02508241,121.5645144,25500016.0,31428974.0,21157036.0,27685074.0,29911702.0,34484876.0,46455570.0
臺北市南港區玉成街５２巷２弄１５號三樓,25.0474400096794,121.581340023121,16800016.0,14614631.0,9417880.0,10364155.0,14794803.0,15723414.0,20785966.0
臺北市士林區中山北路六段１９５巷８號十三樓之３,25.1079500164408,121.524430001864,46879976.0,31783684.0,24725224.0,32602330.0,38084010.0,43970584.0,53535040.0
臺北市信義區吳興街６００巷１００弄２７號三樓,25.01788001,121.57203,12399988.0,12012224.0,7761631.0,8246886.0,11977952.0,13824694.0,18238332.0
臺北市松山區敦化北路２４４巷３４號四樓,25.0608099834345,121.548199989623,25299980.0,23745564.0,15056220.0,20991430.0,22092220.0,24177768.0,33482462.0
臺北市士林區士商路１４９之２號七樓,25.0940800202517,121.517460030279,51680028.0,29331982.0,21638982.0,26066918.0,34592850.0,42700908.0,56386920.0
臺北市士林區德行東路１９０巷３１弄１６號五樓,25.10759999,121.53251,22900004.0,24252360.0,16584760.0,22583534.0,22952608.0,26929430.0,35771228.0
臺北市文山區興隆路二段６１巷９號,24.9990574,121.5457325,31999990.0,33979452.0,24241768.0,32103306.0,35151816.0,41312530.0,52837010.0
臺北市大安區大安路二段８０號七樓之２,25.0316800200528,121.545899995391,79199980.0,47215136.0,20454852.0,30224258.0,43116580.0,50497596.0,76497390.0
臺北市信義區和平東路三段１６９號,25.0240698,121.5532162,24880012.0,23814960.0,15235615.0,17630392.0,24881292.0,27976018.0,37955730.0
臺北市中山區林森北路１２１號十樓之９,25.0507999793863,121.525299959595,7500001.0,9322995.0,7243893.5,7652572.5,8893265.0,13022991.0,13872530.0
臺北市北投區行義路１５４巷７號四樓,25.13060999,121.52887,16199987.0,18362840.0,7317039.5,14402220.0,18144336.0,20064078.0,27314092.0
臺北市中正區汀州路二段８５號十六樓之２,25.0254399865053,121.517690029702,54000012.0,37849240.0,18236766.0,37050892.0,47969920.0,50858816.0,62399630.0
臺北市松山區新中街４３號,25.06048799,121.560248,5200000.5,11610603.0,9707204.0,10431008.0,11696935.0,18357762.0,20577960.0
臺北市中山區民生東路一段７０巷７號,25.05759012,121.5265033,27079984.0,24716736.0,15392203.0,19379418.0,26927118.0,27231072.0,43418296.0
臺北市內湖區文湖街２１巷８２弄１４號二樓之３,25.0894799898795,121.560579976794,16750006.0,17644286.0,12334742.0,13773580.0,18657812.0,20471244.0,28213726.0
臺北市萬華區青年路３０巷７之２號,25.0265699927819,121.505009970397,20879980.0,20486596.0,16015650.0,21263392.0,26389282.0,32228586.0,33240218.0
臺北市內湖區大湖山莊街２２０號九樓,25.0884499797078,121.598610012605,8419998.0,7440968.0,6227107.0,7020600.5,7423411.5,10399382.0,11799586.0
臺北市松山區南京東路五段２９１巷５弄１４號,25.05188301,121.566738,15999987.0,15661427.0,9938578.0,10767216.0,14940390.0,21056512.0,25282808.0
臺北市松山區八德路四段６３６號六樓之１,25.0498099928022,121.574339960504,13499990.0,12281639.0,7687097.0,8165761.0,11519611.0,15490041.0,19752374.0
臺北市中山區撫順街９號六樓之４,25.0637799850962,121.521419976615,2380000.0,3754793.5,3942126.2,4422481.5,4700959.5,6849243.0,9304520.0
臺北市士林區德行東路３５８巷３０弄１４號,25.1091599860737,121.539379964368,17629990.0,23560280.0,11731724.0,17141890.0,19482078.0,24329826.0,32432204.0
臺北市中山區遼寧街７６巷８號,25.0509200082398,121.541239992502,30500028.0,25233476.0,14816661.0,16934912.0,25081032.0,25158362.0,35134390.0
臺北市中山區天祥路３０號三樓,25.06134001,121.52096,12399988.0,10272288.0,4832736.0,5141924.0,9943414.0,11746188.0,17358384.0
臺北市士林區基河路１２８號五樓之７,25.0886700046662,121.523129968682,6500001.0,8141484.5,6607841.5,7372199.0,7711886.5,9266990.0,12330155.0
臺北市中山區林森北路８５巷９０號四樓之４,25.049019998428,121.528019970994,3350000.2,4958715.0,3769618.8,3893053.2,5164526.0,7970411.5,10546118.0
臺北市中山區龍江路２９６號二樓,25.0615200144525,121.540659964802,22000004.0,21644390.0,17242956.0,18596312.0,24423840.0,25462690.0,34420610.0
臺北市松山區光復北路８５巷９號三樓,25.0505900127118,121.558590029161,16648814.0,19675254.0,13915116.0,15532081.0,18096986.0,21077004.0,28109628.0
臺北市中山區敬業三路１６２巷１３２號,25.077474,121.559016,35999972.0,22900484.0,16325333.0,17376536.0,22017888.0,26476504.0,35491770.0
臺北市大安區安和路二段１８９巷８號,25.02664099,121.550747,21000000.0,22383438.0,16550600.0,19952224.0,22566268.0,27437686.0,33922984.0
臺北市文山區木新路三段８７號十四樓,24.9820899986579,121.563120028732,49999988.0,70452270.0,42195700.0,59628064.0,104703420.0,130548060.0,137213550.0
臺北市中山區德惠街３４號十一樓之３,25.0665800017615,121.526249964501,4300001.0,4659210.5,4102847.0,4385743.5,4902417.0,8369744.5,9200084.0
臺北市內湖區康樂街４８巷１６之１號二樓,25.06910002,121.61748,13499990.0,13778573.0,9268387.0,10233040.0,14300502.0,16468162.0,20605020.0
臺北市士林區環河北路三段１１９號十三樓,25.08512999,121.50621,41750028.0,55835220.0,22781592.0,43132620.0,74435570.0,81076300.0,95389760.0
臺北市士林區忠誠路一段５６號七樓,25.1046900009293,121.527010035481,37461620.0,31173034.0,16588936.0,21105768.0,29906854.0,34409844.0,48658748.0
臺北市大同區寧夏路２０號,25.05483201,121.514826,16659995.0,21158852.0,15670959.0,17872986.0,21170640.0,22172764.0,33103048.0
臺北市信義區松信路５０巷５號五樓,25.0473499880393,121.571469996856,90680000.0,100632210.0,47484540.0,48581590.0,98304810.0,141737780.0,191248500.0
臺北市文山區政大一街２７９號,24.9870841,121.585298,25680024.0,30520164.0,15980894.0,20746674.0,29243944.0,32778160.0,46281870.0
臺北市內湖區康樂街１８６巷３４之１號八樓之１,25.0772499968657,121.620389968911,25500016.0,24682534.0,14803582.0,15093282.0,23710038.0,29271958.0,36354990.0
臺北市中正區晉江街７２巷３號二樓,25.0235900166554,121.52354998585,22799980.0,21781428.0,14035948.0,15942017.0,18899144.0,23168040.0,32642898.0
臺北市萬華區西寧南路８２巷７之１號,25.04241502,121.505497,2130000.8,12860937.0,9649461.0,10002438.0,12724590.0,14711090.0,20529896.0
臺北市北投區珠海路１１６號,25.14202099,121.506187,16679995.0,22045496.0,12509930.0,15790524.0,19266310.0,23633688.0,32930876.0
臺北市中山區新生北路三段１號,25.06288702,121.527991,7050001.0,7515273.0,5886178.0,6815952.0,6932901.5,10665712.0,13202917.0
臺北市南港區興南街６４巷４弄３號,25.055888,121.601623,6680239.0,10209178.0,8557807.0,9218334.0,12065174.0,16847988.0,18683950.0
臺北市萬華區成都路１３９號,25.04350601,121.503248,28999988.0,36127364.0,20955546.0,28198286.0,37549610.0,40861376.0,59845120.0
臺北市中山區林森北路２６３號十樓之１,25.0546499970624,121.525559966231,5750000.0,6642643.0,5242519.5,5489698.0,6401682.0,10823717.0,11210536.0
臺北市士林區天母東路８巷８２號二樓,25.1149199880263,121.530479975757,23200012.0,24364004.0,16149916.0,21348570.0,21846376.0,26606404.0,33675176.0
臺北市松山區南京東路四段２１號,25.05192001,121.550331,37780000.0,32991228.0,9619012.0,20166788.0,29308718.0,31335598.0,46441660.0
臺北市文山區忠順街一段２６巷３０弄１號,24.982364,121.559469,18500014.0,23238630.0,19713380.0,24543902.0,25559032.0,30543632.0,33927840.0
臺北市信義區忠孝東路五段３７２巷２７弄１６號二樓,25.0394600187612,121.574380026001,25500016.0,25591668.0,16167113.0,18127974.0,24685076.0,27982636.0,33436958.0
臺北市大安區通化街２００巷３０號五樓,25.0270999805197,121.551960027568,25999984.0,27166068.0,17069492.0,23368328.0,24721828.0,27615564.0,38355410.0
臺北市中正區杭州南路一段２５號,25.04209998,121.526461,41799988.0,28616788.0,18599150.0,22311956.0,25464244.0,30939352.0,43591388.0
臺北市北投區泉源路３９之５５號五樓,25.14122001,121.50614,5100002.0,7604810.5,5033922.5,5725027.0,7916852.0,11051414.0,13548252.0
臺北市北投區致遠一路二段７０巷３號三樓,25.11257,121.51407,3600001.5,9254326.0,6915211.0,7523139.0,8392172.0,12250359.0,15105349.0
臺北市萬華區雙和街１１０號二樓,25.0277399807366,121.500909962459,5500000.5,4170964.2,3221206.0,3749933.8,4769882.5,9938673.0,10941636.0
臺北市文山區辛亥路五段７４號三樓,24.9990200181487,121.553489976355,13099996.0,13336146.0,11257310.0,11422141.0,12379216.0,15008080.0,20345824.0
臺北市中山區南京東路二段１０８號五樓之２,25.05179998,121.53207,13800008.0,16677990.0,6921334.0,9256532.0,16681490.0,17489022.0,26209252.0
臺北市大同區迪化街二段２９６巷５號三樓,25.07137998,121.51174,14879986.0,12778559.0,8946431.0,9593105.0,13598425.0,16323465.0,20540120.0
臺北市大安區瑞安街２２２巷６８號,25.02844,121.538463,51499956.0,58700260.0,28800994.0,41647904.0,54570000.0,69209890.0,103069920.0
臺北市文山區木新路二段１０６號,24.98493301,121.570105,22324984.0,20229158.0,14268462.0,19184354.0,31973328.0,41251270.0,41538348.0
臺北市中山區龍江路３９４巷２０號五樓,25.0671200058735,121.540299962061,16330004.0,13400809.0,11272243.0,11930185.0,13794929.0,15596918.0,20333060.0
臺北市松山區南京東路三段３０３巷１４弄６號六樓之１,25.0532700005236,121.547330031892,16999994.0,15685283.0,13384588.0,13931528.0,13975868.0,19369404.0,26004298.0
臺北市士林區延平北路八段９６巷４５號,25.10663402,121.483208,6250000.5,5711819.0,350620.88,3647164.5,8141733.0,12107615.0,12153473.0
臺北市信義區松山路１１５號三樓,25.0476099946758,121.577949962382,20800006.0,16997594.0,8881145.0,12692375.0,18944510.0,22168662.0,25383214.0
臺北市萬華區昆明街４６號七樓之２,25.0464299903467,121.50571002695,10499994.0,11023604.0,8408940.0,8570777.0,10453195.0,13722055.0,17204650.0
臺北市士林區磺溪街２１巷１６號,25.10626701,121.522501,22580002.0,23915056.0,18091912.0,22366538.0,22588100.0,27540872.0,33482078.0
臺北市松山區復興北路４２７巷２５號,25.063394,121.546364,12579990.0,14279079.0,12031646.0,12244099.0,12393202.0,15865666.0,19456344.0
臺北市信義區光復南路４５１之１號十二樓,25.0346599961792,121.557789976503,20200010.0,17447108.0,13452052.0,14566181.0,17076558.0,22199508.0,25926098.0
臺北市大安區大安路二段１１４號四樓之１,25.0305700046153,121.545950035353,28599982.0,29265594.0,18435624.0,24012732.0,27909290.0,30637630.0,42509452.0
臺北市文山區辛亥路四段７７巷９２弄９號六樓之６,25.00877999,121.56122,10080004.0,10354790.0,7549271.5,9155830.0,10289406.0,13632523.0,16209260.0
臺北市士林區中山北路七段２１９巷６之２號六樓,25.12702999,121.53245,31499970.0,26045598.0,10440742.0,20761400.0,24602208.0,29066440.0,40033612.0
臺北市萬華區萬大路４２４巷１７０號,25.020661,121.493489,10100000.0,9430751.0,4896020.5,5840193.0,10861065.0,15552892.0,17284972.0
臺北市文山區和平東路四段８８巷９號六樓,25.0049699959368,121.567179971173,15000010.0,15021970.0,12535392.0,13514030.0,14807055.0,17416320.0,23718904.0
臺北市大安區金山南路二段１８８號二十樓,25.028170014279,121.526009990613,66579950.0,43333656.0,1715413.8,20043386.0,38543516.0,55010376.0,68855560.0
臺北市大安區忠孝東路四段１８１巷５０號二樓,25.0443599955385,121.550740041561,36999976.0,40259348.0,11617403.0,23903108.0,36592844.0,43925150.0,57526476.0
臺北市士林區中山北路六段４４１巷１７之１號五樓,25.1162999845651,121.526920013841,21079980.0,20673360.0,16741989.0,19712554.0,22023852.0,24447282.0,30715448.0
臺北市中山區長安東路二段１０５號,25.04853599,121.535252,15300002.0,15586776.0,10785344.0,12375912.0,14858205.0,18890710.0,24337948.0
臺北市中山區新生北路二段１５巷１之２號,25.05310442,121.528439,20000004.0,21916074.0,14054888.0,17249008.0,20047668.0,22581164.0,30748216.0
臺北市信義區基隆路一段１４１號,25.04306901,121.565851,18103994.0,18195108.0,13691650.0,15120684.0,18166188.0,19253378.0,26758114.0
臺北市萬華區康定路２４號八樓之６,25.0375999906275,121.501529971837,3279999.2,4958001.0,4578724.5,5282513.5,5313673.0,8595809.0,10351847.0
臺北市中山區中山北路二段１１５巷３８號二樓,25.0607800181307,121.525010029564,15300002.0,18042738.0,10491546.0,11313621.0,16795562.0,19274836.0,27505752.0
臺北市大安區通化街１０２號三樓,25.0296000088703,121.553949975201,9280008.0,6799235.0,5133712.0,5436825.5,6006097.0,9134480.0,12048732.0
臺北市中山區松江路１７０巷１６號九樓,25.0559400138706,121.532179993359,20000004.0,37724052.0,24253376.0,31679946.0,39237804.0,44623936.0,58509340.0
臺北市文山區萬美街二段４９號,25.00517762,121.5645728,5679998.0,7405077.0,6438295.0,7091539.0,8074684.0,10861272.0,11434914.0
臺北市萬華區貴陽街二段９６巷１２號四樓,25.0393099826944,121.503169975012,15000010.0,19206504.0,13031116.0,15354172.0,17490222.0,20145066.0,27943594.0
臺北市士林區天母北路９巷１之１號三樓,25.1192100137096,121.526690014418,18500014.0,20149754.0,11687948.0,14869999.0,23527858.0,27896304.0,34999816.0
臺北市松山區八德路三段１９９巷２１號,25.04927502,121.556479,12700003.0,10389628.0,7283559.0,9212516.0,9480184.0,16113670.0,16946060.0
臺北市信義區福德街６５號,25.0367299909875,121.580829984313,29250024.0,15761998.0,6772307.0,7934977.5,14792546.0,17760198.0,23423172.0
臺北市信義區福德街２３２巷１６弄１６號四樓,25.0390299852188,121.58476998172,16300006.0,11584368.0,8054142.0,8278240.0,11577785.0,13919548.0,17924708.0
臺北市南港區南港路二段１７８巷２４號,25.0543099851601,121.600150019676,14300011.0,10667054.0,7027741.5,7425401.0,11512934.0,14147625.0,18267436.0
臺北市北投區新民路１巷８號七樓之９,25.14124,121.50777,8200004.0,10215255.0,6494319.5,7895002.0,10414270.0,13305326.0,17063080.0
臺北市中正區南昌路二段１４２之１號,25.02508899,121.523074,11500007.0,11760760.0,8649457.0,9647510.0,10647053.0,15018274.0,16102886.0
臺北市萬華區艋舺大道２５２號,25.03262801,121.498523,9360002.0,10331392.0,7152320.5,7385879.0,11436638.0,16796426.0,19236054.0
臺北市信義區松仁路１７８號,25.02795401,121.568218,21000000.0,16715697.0,12452795.0,14164716.0,16026101.0,17944856.0,23471338.0
臺北市大安區建國南路二段１０７號八樓,25.0299300043983,121.53827003275,28879986.0,23277048.0,17166888.0,22803808.0,24166564.0,29435610.0,33297200.0
臺北市北投區天母西路１３０巷３號,25.11887302,121.522437,54499990.0,40044836.0,31757020.0,38355484.0,47033396.0,66054770.0,74315830.0
臺北市松山區富錦街３５９巷２弄４０號,25.06127401,121.559892,35000016.0,32197250.0,18809598.0,28823470.0,32305086.0,36860508.0,52330720.0
臺北市大安區樂業街７２巷１８號,25.0219916,121.5506377,24799990.0,23341780.0,15090922.0,19819170.0,23735874.0,26782112.0,37423268.0
臺北市大安區溫州街７５號二樓,25.020349991983,121.533050034909,11999996.0,10136301.0,8672212.0,8910261.0,10363009.0,17094972.0,17922828.0
臺北市大安區仁愛路三段２４巷１弄４之１號三樓,25.0371800153689,121.535899965808,22799980.0,16046227.0,11939928.0,12049306.0,15447790.0,19228570.0,26000232.0
臺北市中山區德惠街３４號,25.06658692,121.5261865,3849999.2,2601859.0,4171553.0,4667856.5,4785483.5,8281722.0,8528509.0
臺北市士林區磺溪街４７巷１４號,25.10719099,121.522466,22000004.0,23457912.0,16722840.0,19456788.0,21819100.0,26705088.0,34410040.0
臺北市士林區基河路４０號十二樓之１,25.0854200055289,121.524790004606,2200000.5,5011605.5,5165772.0,5513602.0,5578313.0,8676191.0,9422876.0
臺北市中正區羅斯福路一段８３巷２號十二樓之７,25.031409997042,121.519849962331,36499996.0,28482396.0,18389196.0,25124268.0,30020984.0,34907880.0,45833670.0
臺北市士林區延平北路六段２５８巷２４號,25.09029299,121.503868,16500011.0,11858518.0,6103182.0,10272660.0,14462478.0,16524451.0,19380120.0
臺北市中正區羅斯福路四段５０號十樓之１,25.0148999947193,121.533689993217,22880008.0,19091818.0,14012221.0,17824100.0,20812030.0,25977726.0,30965328.0
臺北市中山區錦州街３３６號三樓,25.0601100107004,121.538749980525,21200016.0,20172020.0,13810067.0,18138558.0,18725300.0,21199046.0,26228656.0
臺北市中正區西藏路１００號九樓,25.0303799868703,121.505190013677,23100000.0,20373668.0,8902956.0,15912428.0,21285872.0,31642264.0,32578832.0
臺北市內湖區成功路三段１６５號七樓,25.0798200141079,121.590230037267,27999986.0,27198006.0,16245752.0,23790354.0,26145292.0,31600648.0,36380308.0
臺北市內湖區康寧路三段７５巷１３５號三樓,25.0746700051588,121.609410011028,27499980.0,25684676.0,14678661.0,20569052.0,26830888.0,27153480.0,37480772.0
臺北市信義區吳興街１５６巷２９弄１號,25.0284399953803,121.560790027287,10924995.0,6682341.5,5518347.0,5577962.0,6719233.0,12247719.0,12820281.0
臺北市中山區明水路５６７號五樓,25.07956001,121.55138,10450006.0,9589903.0,8885686.0,9730783.0,9760916.0,13518078.0,15610459.0
臺北市中山區敬業三路１６２巷２５號,25.07893199,121.557831,32550012.0,30715214.0,18837460.0,21875272.0,26626304.0,30618644.0,43314490.0
臺北市萬華區中華路二段３３６號四樓之５９,25.02950999,121.50436,3000001.0,4036704.2,3964377.5,4208627.5,5187058.5,9297459.0,9576067.0
臺北市北投區磺港路１８２號三樓,25.1278199884704,121.502850037768,15099991.0,12833296.0,6938040.5,11257848.0,15889227.0,19251726.0,19379752.0
臺北市中山區中山北路一段８３巷１３號四樓之４,25.05005998,121.52401,6560003.0,6445003.0,4853682.0,6023196.5,6256578.5,9290634.0,11886280.0
臺北市文山區景興路１８８號二十三樓之１１,24.9925200198742,121.54360000116,7200000.5,7215618.0,2501467.5,8502327.0,10873688.0,14120747.0,17598208.0
臺北市北投區立農街一段２５７巷７弄５之１號三樓,25.1203300036119,121.505350024209,15800014.0,14077827.0,11541208.0,11674446.0,15452771.0,17832534.0,20992912.0
臺北市大安區和平東路三段１巷７２弄８號十六樓,25.0276999990585,121.546459990342,26100002.0,24343148.0,16003344.0,22913852.0,25171656.0,32622794.0,36406964.0
臺北市北投區實踐街５６巷８號四樓,25.1144899963934,121.509599984395,13499990.0,14897678.0,12890284.0,13166704.0,15841929.0,18603940.0,23077056.0
臺北市中山區新生北路一段５４號六樓之１,25.04632002,121.53105,17620004.0,12879200.0,10440124.0,11027095.0,11960807.0,15621897.0,21802834.0
臺北市信義區崇德街３１巷５弄５號,25.02475598,121.554236,20000004.0,23618816.0,15190958.0,19104240.0,20908636.0,24811344.0,34441690.0
臺北市大安區永康街７５巷１４號六樓,25.028810014496,121.530700000716,40600030.0,27560314.0,20891972.0,26879088.0,30722714.0,31946568.0,41259376.0
臺北市文山區羅斯福路六段３９巷３６號五樓,24.9981599929734,121.542259986299,18600002.0,25617942.0,19285170.0,24499936.0,28021944.0,30802748.0,40027810.0
臺北市中正區信義路一段５之３號五樓,25.0368400034666,121.521930015423,51999990.0,37853136.0,19486018.0,25499822.0,35104110.0,38580070.0,51779290.0
臺北市內湖區內湖路三段７２巷６１號十一樓,25.08829999,121.59112,15999987.0,12814682.0,11155760.0,11721122.0,13802430.0,19185086.0,21895810.0
臺北市北投區大度路三段３０１巷８０弄２１號,25.12089599,121.465094,17700004.0,16352664.0,8924956.0,11230932.0,15607333.0,21029500.0,28077264.0
臺北市文山區羅斯福路五段２５２號三樓,25.0011499854741,121.539079976053,3000001.0,3332681.5,5042037.5,5225040.0,5982020.0,8216615.0,9603815.0
臺北市北投區中山路４７號十一樓之９,25.1387299993721,121.511780033592,4800000.0,8780222.0,5504455.5,6324059.5,8835652.0,12648681.0,14960437.0
臺北市士林區忠誠路二段７６巷８號五樓,25.1119199791513,121.530319965226,18000012.0,18711196.0,14587116.0,18475894.0,19151268.0,22732284.0,26907404.0
臺北市松山區民生東路五段１３８巷３號十二樓之４,25.0584599911508,121.561680017766,15000010.0,14290441.0,10088236.0,10300992.0,12807450.0,19451892.0,21089310.0
臺北市萬華區萬大路２７７巷３５號六樓,25.0255399826102,121.502130032285,18500014.0,19687040.0,11686900.0,19899094.0,21838752.0,26362568.0,28689584.0
臺北市信義區虎林街１３２巷２１號四樓,25.0402399967612,121.576129999746,17399984.0,19430828.0,8051815.0,12025910.0,16695464.0,20301826.0,26086464.0
臺北市松山區民生東路五段１７０號七樓,25.05827002,121.56279,29399980.0,22583964.0,15882591.0,20681288.0,24740460.0,29643060.0,33261908.0
臺北市信義區信義路五段１５０巷１０號十一樓,25.0279900129083,121.570510017486,66999964.0,52208096.0,34447404.0,45953772.0,55698330.0,73789140.0,85857040.0
臺北市士林區社中街４４４號,25.09157999,121.502066,12500008.0,8206732.0,4101153.0,6696351.0,12043700.0,16188188.0,16632214.0
臺北市大安區羅斯福路二段９３號十八樓之１,25.0251399981906,121.524120039085,15200001.0,9610870.0,6102210.0,8042245.0,10375845.0,16894584.0,17815296.0
臺北市信義區莊敬路３９１巷５之１號二樓,25.0281299906914,121.565829981848,31000018.0,26505052.0,18847774.0,23315838.0,25288596.0,27582190.0,35925548.0
臺北市萬華區富民路１５５巷３３號六樓之２,25.01844998,121.50092,11199999.0,8550693.0,4398989.0,6181535.0,9687986.0,13174918.0,16017330.0
臺北市中山區農安街３３號十四樓之１,25.065020003852,121.525129974599,19149988.0,18084116.0,8957478.0,12119144.0,19035676.0,22056936.0,30391784.0
臺北市士林區重慶北路四段２２２號十三樓,25.0861100037983,121.511390023637,20899982.0,24656184.0,11776225.0,16928776.0,27472980.0,32801802.0,42062230.0
臺北市信義區虎林街７６巷７號,25.0436000083776,121.576750009124,19580014.0,18406320.0,7237589.0,11327872.0,18320892.0,24744000.0,26630368.0
臺北市信義區松德路１０４號,25.03774902,121.574998,59800050.0,54363056.0,25531164.0,39916190.0,48438824.0,59312276.0,77095600.0
臺北市文山區景興路５３巷１３號四樓,24.99666998,121.54567,18000012.0,18583086.0,11875290.0,16113701.0,17283158.0,19437020.0,25471676.0
臺北市松山區南京東路五段２３９號六樓之２３,25.0515799992958,121.564819962515,24799990.0,17482218.0,13146979.0,13693922.0,17729940.0,18972642.0,28367134.0
臺北市北投區新興路４８號,25.141269,121.488718,13499990.0,11149017.0,6718131.0,8316245.5,11034270.0,13443768.0,17922452.0
臺北市大安區安和路一段６３號六樓,25.0373300095263,121.551719969861,79999944.0,60101236.0,12252252.0,38908104.0,55430196.0,77430270.0,88808960.0
臺北市士林區中山北路七段１４巷６號三樓,25.11867001,121.5315,25550016.0,23885198.0,15928462.0,19665198.0,24709900.0,25913542.0,34051860.0
臺北市內湖區文湖街２１巷１００弄２４號,25.0909399916841,121.561120022815,16659995.0,15511121.0,11046736.0,11547836.0,15713310.0,19062490.0,23687708.0
臺北市中正區水源路３７之６號二樓之２,25.018600018238,121.52394997027,40500028.0,46001480.0,23025132.0,28011256.0,45075090.0,50123164.0,73685064.0
臺北市內湖區康樂街１８６巷３３號二樓之１,25.076930017712,121.620470016087,7350001.5,8377291.0,5418837.5,5827636.0,8385700.0,11341449.0,13474265.0
臺北市萬華區成都路１０２號,25.04350701,121.502233,16150008.0,22381218.0,13240846.0,16771617.0,22697278.0,24329316.0,36175356.0
臺北市士林區大南路４００號,25.08954101,121.515861,18500014.0,15471616.0,13461652.0,14756841.0,15886379.0,18355486.0,23795256.0
臺北市中正區重慶南路三段６３號,25.02658202,121.516312,24799990.0,26332768.0,19756782.0,25012240.0,30593250.0,34211224.0,43359040.0
臺北市萬華區昆明街３０３號,25.03563402,121.503463,11799991.0,16918092.0,14407028.0,16498532.0,17389732.0,20669260.0,26244468.0
臺北市北投區三合街二段４１７號,25.126527,121.502885,15500001.0,9545722.0,3757691.5,5363946.0,10962923.0,16419391.0,16857118.0
臺北市中山區新生北路二段２８巷５號,25.05399101,121.526363,44000030.0,41992812.0,19734110.0,30427630.0,39365840.0,43221730.0,66645132.0
臺北市文山區興隆路四段５８巷３５號,24.98504299,121.559389,24000004.0,28102928.0,19698684.0,25909440.0,26809660.0,31860706.0,41313396.0
臺北市北投區文化三路７號,25.13763499,121.497278,19300000.0,23569450.0,13779072.0,17733762.0,20593862.0,22863080.0,32939670.0
臺北市大同區延平北路二段１４３號十樓之３,25.0578499981472,121.51162002306,22400010.0,29446504.0,20742006.0,25166280.0,34397376.0,40270176.0,50985270.0
臺北市南港區成福路１９４巷８號四樓之３,25.0406800047684,121.587819988647,17150002.0,16155677.0,9711741.0,13218665.0,18587198.0,19779216.0,28091888.0
臺北市文山區木柵路一段５９巷４號,24.987181,121.546076,12099997.0,11650178.0,9709907.0,11332886.0,11684626.0,14898275.0,18364906.0
臺北市萬華區西昌街１７１之２號二樓,25.0389599963273,121.500699995784,11799991.0,14744912.0,8583914.0,9622499.0,16754863.0,19711464.0,24200652.0
臺北市內湖區民權東路六段１８０巷４２弄３０號,25.06735499,121.591947,48000030.0,44191540.0,27098638.0,30729748.0,51042584.0,65968900.0,82829910.0
臺北市士林區天母東路８巷２１號,25.11721116,121.5324463,14974997.0,8759998.0,6974561.0,8190922.0,8318950.0,14193112.0,16158666.0
臺北市萬華區和平西路三段１０９巷１１號,25.0359099893998,121.500500003575,6000000.0,11094520.0,5874138.0,6404857.0,10865416.0,15617070.0,19387700.0
臺北市士林區德行東路３３號五樓,25.1104199956685,121.53778002669,13062496.0,12222096.0,6854876.0,8027104.0,11823466.0,15065297.0,19152948.0
臺北市北投區紗帽路１１６號,25.15086498,121.547167,9999996.0,13974694.0,349.55014,12611895.0,20154828.0,25692712.0,57083704.0
臺北市中山區基湖路１５１巷３５號,25.07748498,121.564793,12500008.0,10879414.0,7793711.0,9342059.0,11209659.0,13641419.0,16933976.0
臺北市中山區撫順街１５號九樓之２,25.0638200086839,121.521240017154,16500011.0,17301232.0,10704046.0,12771396.0,16772320.0,18025916.0,28111292.0
臺北市大安區潮州街８４號七樓之２,25.02906998,121.52455,16430011.0,16772704.0,10575305.0,12436180.0,14004580.0,22435114.0,24400464.0
臺北市中山區北安路５８８巷３０弄４號九樓,25.0809400040102,121.550450027711,44000030.0,36485030.0,27379710.0,36642784.0,39856092.0,48917160.0,63035310.0
臺北市北投區雙全街２０號八樓之１,25.1388199791027,121.501029991312,14900008.0,16364770.0,10909357.0,13325238.0,15687317.0,20382102.0,25638766.0
臺北市士林區中山北路七段２１５之１號六樓,25.1265199971974,121.532769995524,27499980.0,21377908.0,10923078.0,20303840.0,22397788.0,26787782.0,33657004.0
臺北市中正區杭州南路一段２１巷２２號二樓,25.0422700098913,121.527359979938,31499970.0,22596158.0,13059506.0,15747905.0,18871516.0,23173124.0,32986888.0
臺北市北投區行義路１４２之１３號七樓,25.1298399852262,121.52819003981,5200000.5,7808635.0,4806087.5,6269127.0,7317954.0,10648738.0,12388924.0
臺北市松山區光復北路２１０巷３５號,25.05532,121.55369,29179980.0,25699084.0,15508932.0,19147980.0,26748928.0,31891288.0,38326084.0
臺北市中山區新生北路三段６１號,25.06597902,121.528078,21899986.0,18030318.0,2528830.8,13375018.0,20099202.0,23794484.0,25935644.0
臺北市大同區天水路５９號十樓,25.0526100094675,121.512540020753,28999988.0,30497120.0,22185370.0,26596864.0,31511990.0,38845076.0,50579336.0
臺北市士林區延平北路五段２４４巷２２弄１９號三樓,25.08432001,121.51099,8659997.0,8463132.0,5980560.0,7200927.5,9021622.0,13303170.0,15416472.0
臺北市文山區木柵路四段１５９巷１５４號二樓,25.0031900149785,121.577809984599,9500005.0,12653676.0,9373634.0,10075487.0,12336624.0,15085655.0,19801336.0
臺北市大安區和平東路二段３１１巷４３弄９號八樓,25.0258400128343,121.545979958748,31719972.0,28896626.0,19518676.0,25848332.0,28666228.0,32966068.0,42402320.0
臺北市文山區木柵路三段５號四樓,24.9883200158311,121.565520019068,9999996.0,12040117.0,10334073.0,10729372.0,12235998.0,13971896.0,18386566.0
臺北市內湖區民權東路六段１８０巷６６號,25.06664002,121.59253,19900004.0,17334992.0,13838016.0,14059124.0,20318290.0,23099560.0,28238060.0
臺北市文山區辛亥路七段８４巷３號,24.98155519,121.5544061,16199987.0,18174158.0,16141570.0,16485667.0,20279380.0,22672658.0,27063616.0
臺北市中山區北安路５７８巷８弄９號,25.08047598,121.548754,27800004.0,22093316.0,15679450.0,20271220.0,22188290.0,27759100.0,34093844.0
臺北市文山區景興路２５８號,24.99014899,121.542729,12099997.0,17197792.0,15096420.0,16306101.0,18319984.0,20284718.0,26659640.0
臺北市中山區農安街３３號十一樓之２,25.065020003852,121.525129974599,23329984.0,19274800.0,8981703.0,11885464.0,20952948.0,22202304.0,34908612.0
臺北市文山區政大一街２６９號四樓,24.9867899832254,121.584829996147,26549982.0,30292128.0,16850142.0,21347552.0,30207832.0,34600172.0,45963416.0
臺北市士林區忠義街７８巷１１號,25.1065600035277,121.531329984558,33599984.0,25895012.0,16139200.0,21861340.0,22414412.0,26421062.0,35822024.0
臺北市內湖區星雲街１８號五樓,25.0778799807084,121.590619963403,17380016.0,19514842.0,13083765.0,18291248.0,18302312.0,20313292.0,25434392.0
臺北市南港區福德街４５１號十二樓,25.0397064503849,121.589272506797,20100008.0,22479920.0,15422737.0,18118088.0,23223610.0,27682488.0,37643692.0
臺北市信義區吳興街１５６巷１６弄３號五樓之１,25.0288199889608,121.56093000507,14799996.0,12260972.0,10221960.0,10304981.0,11746188.0,13922655.0,18667672.0
臺北市大同區歸綏街１２６號二樓,25.0582900061544,121.514740018879,19580014.0,21639972.0,17161682.0,20041512.0,25063148.0,26412698.0,34369044.0
臺北市北投區致遠一路一段４７巷１號一樓,25.1082099811678,121.515920023208,11999996.0,19363420.0,13791456.0,15571028.0,19184830.0,23373588.0,29046322.0
臺北市北投區中山路２８之１號四樓,25.1371599850883,121.510219993773,5500000.5,6097899.0,4119223.2,4392830.5,6128758.0,8717029.0,11240211.0
臺北市中山區新生北路三段７號三樓之１,25.0668900064504,121.528089959886,15000010.0,19511344.0,13694287.0,16006855.0,19352454.0,22280870.0,28578172.0
臺北市大安區光復南路４３２號九樓,25.0360899907705,121.557369959335,40000028.0,35557428.0,19137792.0,28377524.0,33203908.0,39360812.0,48325224.0
臺北市中山區市民大道二段６７巷６號三樓,25.0467399950357,121.52916996811,16659995.0,16896680.0,13404081.0,14110112.0,15551795.0,17140746.0,24277166.0
臺北市大同區民權西路１７９號四樓,25.0631500012535,121.515820027104,24999980.0,21073628.0,14607831.0,18843640.0,24310390.0,24673448.0,34866556.0
臺北市大安區和平東路二段３１１巷２８號三樓,25.025500000932,121.545059961055,17500000.0,15990377.0,12195340.0,12935454.0,15892501.0,19464806.0,25734990.0
臺北市松山區撫遠街３８０巷９號三樓,25.06418998589,121.56529999411,21680004.0,19753842.0,13811015.0,15787302.0,18445824.0,22560284.0,29582680.0
臺北市大安區和平東路二段１０７巷６弄１號五樓,25.0262299808796,121.539839963214,42000020.0,33124460.0,21806744.0,30162924.0,30780312.0,36582936.0,50064020.0
臺北市萬華區萬大路４２３巷６３弄７號五樓,25.0218700082143,121.500760010211,8500000.0,9671941.0,8241673.5,9229436.0,10393493.0,16536653.0,17966124.0
臺北市文山區景華街１７７巷２號四樓,24.9979600007636,121.547590038528,13499990.0,16735284.0,12149394.0,14268924.0,17005734.0,17475950.0,23008144.0
臺北市內湖區民權東路六段８８號四樓,25.0687699835136,121.585840015479,16999994.0,16230235.0,12075880.0,12918343.0,14590484.0,16449703.0,22397832.0
臺北市北投區光明路２４２號十八樓之５,25.1361099840776,121.507999962898,13879993.0,18286016.0,6087940.0,11944301.0,17678612.0,19833048.0,28504624.0
臺北市內湖區民權東路六段１２３巷３４弄２３號十樓之５,25.0705099827938,121.592200035971,32379976.0,27176692.0,20219206.0,21046676.0,31469164.0,38741560.0,45949652.0
臺北市北投區石牌路二段３１５巷３４弄１號三樓之１,25.1239099982772,121.52239001427,31879976.0,32452130.0,18782640.0,23789446.0,38275240.0,43183820.0,52082776.0
臺北市大同區承德路二段１１２號,25.05865701,121.517969,15674995.0,14803017.0,10207776.0,10316073.0,11656468.0,17687956.0,21767640.0
臺北市松山區南京東路三段３３５巷５號,25.05222599,121.547485,17350008.0,15554850.0,12136748.0,12537878.0,13244104.0,19029324.0,24030144.0
臺北市內湖區民權東路六段１９０巷１１７弄４９號,25.0644189,121.5948745,23679984.0,20759420.0,12507807.0,15185020.0,21410022.0,26280484.0,32012688.0
臺北市信義區信義路五段１１７號三樓之１,25.0338200037525,121.573700002196,15479999.0,12704486.0,8885940.0,10016413.0,12116140.0,15105724.0,20171750.0
臺北市信義區吳興街６００巷１２８號三樓,25.0181699846956,121.572229984017,43500024.0,45742148.0,25512228.0,25699720.0,47400476.0,60261480.0,76252080.0
臺北市士林區延平北路五段８３巷２８弄１１號三樓,25.0816100114405,121.509169992762,14799996.0,12247532.0,9698524.0,11272867.0,14694965.0,18596490.0,19612308.0
臺北市大同區民權西路１２２號十樓,25.0627299840854,121.516770032009,11999996.0,13415694.0,10592404.0,10907131.0,11125692.0,14313737.0,18360492.0
臺北市中山區南京東路二段１０８號十七樓之１７,25.0517999823446,121.53207002279,14000013.0,12341237.0,6002850.5,8364526.0,11481553.0,15114398.0,21791028.0
臺北市中山區民權東路一段５８巷７號,25.06219099,121.524734,27999986.0,28905888.0,16737040.0,18605076.0,27805202.0,30062012.0,43721036.0
臺北市文山區興隆路二段９６巷１之１號,25.00034398,121.550262,14080002.0,15986717.0,13707772.0,15835222.0,16093245.0,17783724.0,23222280.0
臺北市士林區永平街８０巷５號,25.09166,121.505456,9500005.0,8919562.0,5845542.5,6836908.5,12148698.0,16973848.0,17351432.0
臺北市內湖區東湖路１０６巷７弄３８號,25.06811301,121.613115,15200001.0,15011830.0,12063334.0,13088258.0,15841355.0,16916284.0,22692084.0
臺北市士林區菁山路１０２號二樓,25.1406006977658,121.552168300085,73730050.0,58975210.0,9445.265,40886244.0,95749770.0,130108580.0,155024640.0
臺北市信義區永吉路１２０巷２７弄８號三樓之２,25.0445399969092,121.570670028017,18799986.0,19637388.0,14844892.0,17626392.0,26397036.0,28748470.0,35790470.0
臺北市大安區金山南路二段１３２巷２０號四樓之５,25.02976999,121.52531,11100002.0,9733289.0,7351515.5,8814191.0,9322817.0,13140436.0,16478405.0
臺北市萬華區貴陽街二段１５２號,25.040111,121.501465,12700003.0,14172905.0,10222818.0,11009421.0,15741928.0,16250834.0,22958608.0
臺北市中正區汀州路三段２７巷２弄３號三樓,25.0195499812344,121.52693996277,22000004.0,21388186.0,12203833.0,16055625.0,20406180.0,22527434.0,29801454.0
臺北市松山區新東街１２巷２５號二樓,25.057930003413,121.567839962229,6500001.0,5722478.0,5192324.5,5782891.5,6052465.0,11532142.0,11808569.0
臺北市中正區水源路１６９號二樓之３,25.0241599860714,121.514440030565,11500007.0,12395306.0,10214690.0,11894898.0,12730197.0,15324242.0,20942760.0
臺北市萬華區西園路一段１３６巷１６弄４號,25.03771801,121.499149,11500007.0,12274988.0,7836633.5,9585569.0,11951388.0,14014066.0,19733508.0
臺北市中山區中山北路一段８３巷２２號四樓,25.0499899941729,121.523849974165,7200000.5,8468065.0,6215312.0,7661773.5,7822364.5,10991482.0,14014466.0
臺北市文山區木新路三段６７號四樓之２,24.9822700000286,121.563680023683,8500000.0,10985152.0,10434092.0,10450743.0,12284732.0,16028027.0,17816112.0
臺北市中山區德惠街４５號五樓之９,25.0667199795445,121.526929988306,5899998.0,4797592.5,4667090.5,5387965.5,5515932.0,7979873.0,9605097.0
臺北市士林區中正路２２３巷２５號,25.09459098,121.526458,7233000.5,8764126.0,5442189.5,5933985.0,9357717.0,17849446.0,18445718.0
臺北市中山區吉林路１０８巷６號二樓,25.05330001,121.5295,49889010.0,43993150.0,18732336.0,27214404.0,41469476.0,45387824.0,67605350.0
臺北市文山區萬芳路５０之２２號,24.99687999,121.57068,61880036.0,58857890.0,12508522.0,29907366.0,60618150.0,71495700.0,95910060.0
臺北市松山區三民路１０８之４０號,25.0579699850911,121.563910023106,10929998.0,12656910.0,6647865.0,8194000.0,12059883.0,17478384.0,19099468.0
臺北市中山區吉林路３６９號,25.065069,121.53051,7400001.0,7159104.0,5684723.5,6207635.0,6934270.0,10483065.0,12919402.0
臺北市信義區永吉路２７８巷１２號二樓,25.0447300146542,121.57410996108,14300011.0,17616242.0,10288759.0,12447310.0,18696678.0,21351950.0,25528728.0
臺北市信義區莊敬路２８９巷７號二樓,25.029259996968,121.563669965399,14499987.0,14537038.0,12378272.0,13562576.0,13795429.0,16495008.0,21884244.0
臺北市士林區忠誠路一段１６巷２３之１號,25.105726,121.52546,10999996.0,8124955.5,6751156.0,6829740.0,8084894.0,11175907.0,13929269.0
臺北市大安區樂業街１５９巷３６號四樓,25.0204100064097,121.55483996568,14000013.0,16593493.0,13014101.0,14794718.0,16052625.0,17481718.0,22916170.0
臺北市松山區三民路１３６巷２６號二樓,25.06042002,121.56369,6000000.0,6266867.5,5420099.0,5946884.5,6998841.0,14310352.0,15514198.0
臺北市北投區溫泉路６５巷１４之９號三樓,25.13585002,121.50422,11500007.0,11159420.0,7125075.0,7512356.0,11833370.0,14952963.0,17929494.0
臺北市中正區杭州南路一段１３１巷１７號,25.0363399810327,121.52607000504,20820010.0,15874596.0,11770364.0,11825834.0,16640686.0,19008720.0,26395876.0
臺北市大安區和平東路二段２６５巷２５弄７號十三樓,25.027109996894,121.54446995889,25500016.0,25978866.0,18905634.0,23909812.0,26246220.0,31980160.0,39024270.0
臺北市大同區民樂街７７號二樓,25.05594001,121.51094,9600005.0,20612332.0,8333878.5,12516064.0,19878418.0,20452160.0,28536230.0
臺北市大安區通化街１４０巷６弄２號三樓,25.0288300053351,121.55337003132,22680010.0,24009528.0,15765336.0,20798816.0,21274832.0,23268258.0,31963390.0
臺北市中正區南昌路一段１０８號八樓之２,25.03019001,121.51781,11999996.0,16674778.0,11261670.0,12806399.0,13885924.0,19999774.0,23003052.0
臺北市士林區中山北路七段１４１巷１４弄６號四樓,25.12397999,121.53093,15999987.0,16466654.0,8217438.0,13133946.0,16551232.0,18417944.0,23810056.0
臺北市大同區大龍街９１巷１２號四樓之１３,25.0672200019784,121.517030038646,13479997.0,15684385.0,8910719.0,12039796.0,16788132.0,20633022.0,27732270.0
臺北市文山區羅斯福路五段１９６號,25.00344902,121.538449,17279994.0,14465457.0,14004366.0,14450097.0,16224076.0,19995502.0,22739482.0
臺北市中山區林森北路４１６巷３號三樓之１０,25.0599100184906,121.524869967962,5800002.0,6126806.0,3284763.5,3971166.0,5907328.0,10293588.0,12498411.0
臺北市大安區通化街３９巷５號二樓之１,25.0307199987726,121.555589978376,11500007.0,11870534.0,8017640.0,8337114.0,9839517.0,12621448.0,17501234.0
臺北市信義區松德路２００巷５３號五樓,25.0351600186132,121.576439962525,303799780.0,235111820.0,9715928.0,60935896.0,186666500.0,212207000.0,275787870.0
臺北市萬華區西寧南路３０７號七樓之１,25.03818002,121.50644,8400003.0,11291093.0,7220918.5,8014972.0,10697372.0,15218538.0,17060900.0
臺北市文山區興隆路二段１５３巷２弄２８號,25.00108301,121.549455,15000010.0,12235298.0,10013128.0,10625589.0,13712374.0,17760910.0,20472688.0
臺北市中山區敬業三路１６２巷８９號七樓,25.0790700014118,121.559020020794,27999986.0,28437504.0,18515794.0,21770796.0,26325636.0,30110100.0,41811708.0
臺北市文山區政大一街２６３號五樓,24.9869100120789,121.585010039427,21079980.0,22514804.0,14447727.0,16351978.0,22842246.0,25797944.0,34766748.0
臺北市松山區寶清街１０１巷３２號四樓,25.0527499872506,121.568879988775,22659992.0,17560318.0,13099272.0,14268216.0,16019958.0,18325086.0,25022404.0
臺北市北投區長壽路２７號三樓,25.1426899876179,121.503610024929,4879999.0,15516062.0,9385566.0,12749661.0,16089562.0,17354046.0,23920942.0
臺北市中山區林森北路１１９巷８１號二樓之４,25.050319989701,121.527689975466,9999996.0,10561134.0,6939364.0,7276519.0,10779710.0,12833884.0,17520840.0
臺北市中正區延平南路１５２號五樓之１,25.0387600041175,121.508180006178,90000060.0,64101170.0,22692212.0,33782420.0,65671492.0,84879120.0,112020350.0
臺北市文山區興隆路三段２５５巷２號,24.99244802,121.559554,6000000.0,8097726.5,6776138.5,7846617.0,8126893.0,12274216.0,14641444.0
臺北市信義區虎林街１２１巷１０號三樓,25.0402200059221,121.577430032928,18200002.0,24629720.0,9870475.0,17255754.0,22291242.0,24266380.0,31932922.0
臺北市內湖區民權東路六段２８０巷４５弄３９號二樓,25.0702099944792,121.605869998041,9999996.0,8549601.0,6560397.0,6749701.5,7960741.0,9639932.0,13390180.0
臺北市中正區和平西路一段５９號十樓之１６,25.026780001366,121.519709984548,15999987.0,12885122.0,9820130.0,10524115.0,11773081.0,14587590.0,17724192.0
臺北市大安區和平東路一段２４８巷１７號,25.02395999,121.53275,36699996.0,34252228.0,22189264.0,29605710.0,33435236.0,39276590.0,51948144.0
臺北市萬華區康定路１０５號十樓之１３,25.039469993226,121.502059959575,10600002.0,13479792.0,8993137.0,10330269.0,12960669.0,16071895.0,21463912.0
臺北市中正區廈門街１２３巷３６號三樓,25.02284,121.51995,10999996.0,9184795.0,6473796.0,7134213.0,8349702.0,12398924.0,14969714.0
臺北市內湖區民權東路六段１８０巷９２號八樓,25.0655999896422,121.592440009859,39500020.0,28089476.0,14523181.0,18661620.0,28386402.0,34865228.0,43683108.0
臺北市士林區延平北路五段６號,25.07931999,121.51134,39999.996,2577542.0,2696502.5,3214681.5,3999637.5,8835475.0,8875540.0
臺北市北投區公路４２３巷１７號,25.1323027,121.5026806,22499994.0,21737560.0,10728185.0,19509632.0,23694396.0,31694754.0,32773472.0
臺北市中山區民權東路二段９２巷１弄９號,25.06159889,121.5320878,8050003.0,7533061.0,4676135.0,4738196.0,7226781.0,10364056.0,12973233.0
臺北市中山區復興北路４８６號五樓之３,25.062720683849,121.543981115059,21300006.0,17548666.0,14067117.0,15046889.0,15792844.0,17869578.0,26539906.0
臺北市大安區光復南路６８８號,25.03001701,121.557229,13600008.0,13419609.0,10974995.0,12213730.0,13251609.0,18833688.0,21903496.0
臺北市士林區通河街３２３巷５５之５號,25.0814000028565,121.518980004601,5750000.0,5042662.5,4068915.5,4206228.0,5166880.5,8215126.5,9671904.0
臺北市信義區松勤街９號,25.032172,121.561022,19900004.0,13162962.0,7848772.5,10985446.0,14004232.0,17927716.0,22121398.0
臺北市中山區新生北路二段６２巷１６號,25.05607379,121.5266812,3099999.2,13072465.0,7941064.0,9562889.0,12669349.0,16357218.0,20197620.0
臺北市大同區承德路二段７５巷１１號,25.0559665,121.5188272,41000024.0,39943760.0,23699412.0,29637236.0,36532660.0,41305988.0,65993188.0
臺北市萬華區環河南路二段２５號九樓,25.0391299813237,121.497649988857,20300006.0,20200164.0,7734365.5,13141338.0,21078894.0,23924044.0,33679416.0
臺北市松山區延壽街４０２巷２弄３號二樓,25.05584002,121.55707,5000000.0,2827522.5,4899977.0,5095529.5,5462390.0,9285320.0,10090314.0
臺北市文山區萬美街一段８５號二樓,25.0017500040129,121.56645996569,12204997.0,12677737.0,9509051.0,10202248.0,12647523.0,15398399.0,19850456.0
臺北市萬華區武成街１２５巷６弄１７號,25.0198200042452,121.493240018139,4485550.0,8726894.0,2273176.5,4006520.5,9651633.0,12782167.0,14367184.0
臺北市萬華區大理街１６０巷２２弄２號四樓,25.0328399916332,121.494039986978,13700009.0,15143601.0,11186869.0,12850001.0,14602093.0,17004306.0,23039894.0
臺北市文山區指南路三段５７號四樓之６,24.9834500043576,121.580079971617,7099998.0,9993952.0,6622446.0,6891149.0,9848003.0,13641809.0,15568563.0
臺北市中山區民權東路二段９２巷１弄６號三樓之３,25.0614799908649,121.531829965083,7800001.5,10292940.0,7038077.0,7316202.0,8754862.0,10151915.0,15363606.0
臺北市北投區立農街一段１８７巷１０弄５號二樓,25.1206299919266,121.504849959866,15999987.0,13976454.0,9089848.0,11245057.0,16651164.0,18811392.0,25009996.0
臺北市文山區光輝路３０巷３號三樓,24.9861900065961,121.553670019635,10600002.0,13872926.0,12364610.0,13072141.0,16040841.0,21332532.0,22059882.0
臺北市中山區錦州街５０號六樓之１,25.0601600087528,121.526100012253,6550000.5,7228608.0,5297209.0,5576297.0,6539228.0,9187984.0,12011880.0
臺北市中山區錦州街４１６號,25.06010201,121.5419535,10999996.0,6322504.0,4645460.5,5505243.0,6590773.5,13985254.0,14352393.0
臺北市信義區嘉興街３０８巷７號,25.0235999911202,121.554560010114,13000010.0,11397854.0,7720636.0,8330041.0,9829838.0,13119150.0,17203928.0
臺北市士林區福志路１８號,25.09865,121.531601,18850004.0,23561404.0,17062006.0,21118936.0,21258324.0,29159004.0,33536214.0
臺北市中正區牯嶺街１４６號十一樓,25.0214900146339,121.518910015709,67799950.0,59225230.0,30362698.0,46029388.0,63514436.0,87874480.0,111838460.0
臺北市中山區南京東路一段１３２巷２８號二樓,25.05021002,121.52671,6659998.0,6505185.5,4148883.0,4208916.5,5757221.0,8258865.0,11452966.0
臺北市士林區文林路５３０號,25.0972599885879,121.524100006336,86659920.0,28306114.0,15861793.0,20932416.0,23093436.0,25761166.0,42782024.0
臺北市萬華區桂林路１２８號三樓之３,25.0383800105371,121.498929989291,29300000.0,25219618.0,11475466.0,16497997.0,26339550.0,28137092.0,39617500.0
臺北市中山區新生北路一段４２號十四樓,25.0463100034028,121.531459987877,25999984.0,22042300.0,17512756.0,21205314.0,22830878.0,26291014.0,33425290.0
臺北市中正區汀州路二段２３１號,25.02333102,121.522864,18999984.0,22130176.0,17507846.0,19628064.0,20674424.0,24802166.0,32539274.0
臺北市中正區汀州路一段３５０號七樓之２,25.026469996677,121.512719980214,43989960.0,34987268.0,22452580.0,30754080.0,41450656.0,53957492.0,64997700.0
臺北市士林區中山北路七段９號二樓,25.12172999,121.53177,31000018.0,34202876.0,18696214.0,22960096.0,32584798.0,35528344.0,49473210.0
臺北市松山區南京東路四段２３號二樓之２,25.05186,121.55046,10739998.0,9896830.0,5361629.0,6283025.0,8954267.0,12476998.0,16218290.0
臺北市萬華區萬大路１８７巷７號三樓,25.0281599979048,121.501139961882,5200000.5,4239759.5,3295985.0,3758569.5,4781637.5,9470624.0,9757974.0
臺北市中山區北安路５９５巷２３號五樓,25.082200013605,121.547319973608,30359976.0,21653020.0,18362594.0,22893190.0,24209148.0,28293052.0,33455396.0
臺北市士林區通河西街一段１０６號四樓,25.085630014113,121.512270039652,10499994.0,14183073.0,11296392.0,11950135.0,14649210.0,18185878.0,21666364.0
臺北市中山區長安東路二段１１３號,25.04868409,121.5353812,67799950.0,44386760.0,26822088.0,37158536.0,50140852.0,64136144.0,79908136.0
臺北市中正區水源路７７號五樓之１,25.0210399902524,121.520030005611,36999976.0,26309574.0,17845224.0,21787868.0,32054112.0,35504904.0,45500420.0
臺北市內湖區民權東路六段９０巷１０號,25.06824201,121.585936,11500007.0,11025918.0,8519177.0,9380251.0,9900625.0,12844586.0,17139994.0
臺北市信義區紫雲街２７之３號二樓,25.0185200129722,121.574310037109,6000000.0,12417810.0,9498012.0,9616040.0,12289958.0,15775683.0,19497504.0
臺北市南港區向陽路１６２巷１０３號六樓,25.0568499951888,121.597239990531,53309950.0,36601640.0,20887788.0,23868348.0,41280076.0,52177430.0,68806460.0
臺北市松山區三民路７４巷３號七樓之３,25.05583,121.56407,26279984.0,21164704.0,15561705.0,17723550.0,22481504.0,28303630.0,31312356.0
臺北市中正區寧波西街９７號四樓,25.0298300082934,121.514959960019,29799976.0,28056814.0,20453368.0,25167960.0,28588038.0,35316468.0,44702052.0
臺北市文山區辛亥路七段２０巷１弄２５號,24.9870199826486,121.554139992946,7999997.0,21519702.0,16006000.0,25632164.0,28906164.0,33054214.0,33788220.0
臺北市信義區松信路１５１號,25.04328699,121.572151,28999988.0,30452014.0,19408272.0,22122960.0,30064878.0,35096012.0,46479324.0
臺北市文山區久康街１１０巷２弄１１號三樓,24.9901900184295,121.567980023831,20149984.0,27129408.0,18843748.0,23449992.0,31375908.0,32335908.0,39797600.0
臺北市南港區玉成街５２巷２弄１號三樓,25.0474900077318,121.581349997586,10999996.0,14045803.0,10295080.0,10808492.0,13663605.0,16028027.0,20373124.0
臺北市士林區中山北路七段１８７號,25.1248499868088,121.532490039958,24999980.0,20222600.0,8245919.0,15238231.0,19233596.0,23956144.0,30027112.0
臺北市文山區福興路８２巷５弄３號,25.00655032,121.5511394,10399997.0,11185909.0,9125668.0,10376993.0,11478334.0,14856392.0,18274510.0
臺北市中山區龍江路３５６巷６號五樓,25.0660899957018,121.538089989469,17199990.0,12626963.0,8657792.0,11293527.0,14747781.0,16726828.0,19673828.0
臺北市中山區林森北路１３３巷４１號,25.05080899,121.526661,35000016.0,24550224.0,10476868.0,12255220.0,21562020.0,26449398.0,37766170.0
臺北市中山區長安東路一段７５之１號六樓之２,25.0484700198511,121.527930033173,9500005.0,10793041.0,9271817.0,9433360.0,10258014.0,13562809.0,16243614.0
臺北市文山區汀州路四段２２９號四樓,25.0020058422152,121.536413955969,25999984.0,31133164.0,19072056.0,26058964.0,33642436.0,38133584.0,49510024.0
臺北市內湖區內湖路一段２８５巷６３弄１２號,25.08427101,121.567425,18809994.0,16050634.0,12329661.0,14018904.0,16137507.0,17538662.0,23146620.0
臺北市內湖區成功路四段２２３巷６弄１號,25.08375201,121.596759,19499996.0,16246588.0,12519120.0,13216749.0,15780859.0,17731732.0,24165966.0
臺北市南港區園區街３２號十一樓之３,25.05973999,121.61269,60660024.0,62411060.0,21947448.0,44791668.0,76387160.0,92186380.0,109815550.0
臺北市中山區龍江路２９２巷１９號四樓,25.0614900072392,121.539669978218,18999984.0,20170404.0,13534641.0,17304236.0,18583158.0,20836736.0,26680752.0
臺北市北投區泉源路３９之３９號九樓,25.1412200113485,121.506140018583,14099996.0,23394730.0,12784654.0,17882090.0,22624534.0,26629048.0,35073060.0
臺北市士林區社子街２２巷１５號二樓,25.0871499884348,121.507320022912,13000010.0,13696926.0,7599148.5,10602126.0,14938424.0,20880936.0,20983424.0
臺北市內湖區成功路四段６１巷２２弄１７號,25.08153902,121.593683,28999988.0,34079148.0,20646880.0,26877140.0,29997574.0,33829876.0,48339056.0
臺北市士林區德行東路３２０號,25.11015001,121.537134,21300006.0,15627887.0,12309735.0,15319245.0,16419579.0,20750870.0,25321996.0
臺北市中山區新生北路二段３８號十四樓之６,25.0546600134367,121.527269958298,15580000.0,13414184.0,9548964.0,11540107.0,13850030.0,19237704.0,22958082.0
臺北市中山區雙城街１３巷２１號四樓,25.064169995051,121.525329966808,34000004.0,26223904.0,15937609.0,20806036.0,27582190.0,28376658.0,41612572.0
臺北市士林區劍潭路１６號,25.08391001,121.52388,14499987.0,16907704.0,13127234.0,15657335.0,18378958.0,20241200.0,27114716.0
臺北市中山區敬業三路１６２巷１７６號十二樓,25.0781800109326,121.559840022381,31000018.0,27479742.0,20251008.0,21848918.0,26391044.0,32362686.0,43715280.0
臺北市大安區基隆路二段１８８號,25.02493699,121.552886,24649976.0,26940320.0,19394062.0,23354650.0,26048826.0,30471712.0,40923460.0
臺北市萬華區萬大路１８７巷３弄３３號二樓,25.0288399797999,121.501700040652,7600003.5,6695163.0,4765676.5,4779891.5,5967615.0,12190805.0,13452848.0
臺北市中山區北安路７８９號五樓之１,25.08568001,121.55377,24999980.0,18612494.0,8703813.0,13166277.0,22808288.0,28326368.0,31521608.0
臺北市萬華區康定路１０５號二十五樓之３,25.039469993226,121.502059959575,29779974.0,34233680.0,1278199.2,30937936.0,45042690.0,58412216.0,61430930.0
臺北市南港區重陽路５７巷７１號八樓,25.0581600028361,121.595929982884,40200036.0,26091540.0,17462688.0,19129472.0,30784774.0,36258664.0,45368696.0
臺北市中山區林森北路１００號,25.05052799,121.524801,10999996.0,13928658.0,10229684.0,11327678.0,12765429.0,19554636.0,21051412.0
臺北市中山區明水路５９１號二樓之１,25.0807600026395,121.551589966543,48000030.0,39199132.0,23187934.0,32337142.0,39547664.0,44963030.0,63627810.0
臺北市北投區吉利街１２２巷３號四樓,25.1183400140695,121.50717996131,16500011.0,18572740.0,11585628.0,16607963.0,20054896.0,22248000.0,24414476.0
臺北市萬華區青年路７４號四樓,25.02331999,121.50261,9000001.0,6942892.0,5179629.0,6175925.0,7255924.0,12214825.0,13091129.0
臺北市中正區羅斯福路二段８巷５號,25.02870201,121.520639,27859988.0,24771294.0,16582166.0,19517374.0,23521532.0,27406670.0,37214784.0
臺北市內湖區文德路６６巷１０１號,25.07569599,121.582364,17500000.0,14280305.0,11481575.0,11968360.0,13365175.0,15101575.0,21866012.0
臺北市中山區新生北路二段６８巷８號二樓之１２,25.0566800101924,121.526850024949,20699994.0,16607646.0,10393414.0,12307410.0,20356848.0,21782508.0,28235530.0
臺北市中正區寧波西街４０巷５號四樓,25.0306200026677,121.51831003908,27999986.0,26629656.0,15535666.0,21464036.0,23555292.0,27551116.0,35939870.0
臺北市萬華區萬大路２７７巷３３弄５號,25.02617701,121.501565,19499996.0,18923384.0,11546206.0,15447408.0,20491832.0,27109184.0,31301430.0
臺北市中山區建國北路三段８７號四樓,25.0655799988031,121.536860028997,24300004.0,20813420.0,16343029.0,20000004.0,22038432.0,25189332.0,32654046.0
臺北市中正區中華路二段３１３巷３６號,25.02870302,121.506888,5880000.5,3181884.0,2239379.5,3655682.0,4774638.5,10741084.0,14449629.0
臺北市大安區臥龍街１８８巷２號,25.01787402,121.551059,14170012.0,14415082.0,12364185.0,13559938.0,15699111.0,17777416.0,22970916.0
臺北市內湖區星雲街１６１巷８號二樓之１,25.0818799925418,121.596210022269,30199998.0,32803616.0,17681108.0,20538592.0,31092158.0,31486876.0,44477356.0
臺北市南港區重陽路１６６巷１０弄２３號,25.05644599,121.600192,16500011.0,8932995.0,5746305.5,6676704.0,9404382.0,14689556.0,16746109.0
臺北市中正區中華路二段４１５號六樓之１,25.0257699820333,121.508419980066,15999987.0,22596028.0,17360304.0,22565320.0,26585604.0,33723510.0,37741180.0
臺北市大安區新生南路一段１６１巷１０號,25.03451801,121.534676,13000010.0,16041330.0,10038427.0,10849905.0,14828563.0,19367778.0,24545448.0
臺北市文山區政大三街２１巷１４號,24.98612899,121.581718,26079998.0,30382048.0,17786438.0,22219800.0,26878474.0,31969914.0,46372532.0
臺北市內湖區內湖路二段１７９巷３弄３號二樓,25.0818999833809,121.587650003651,22499994.0,22534180.0,14867248.0,18829592.0,27001640.0,29457290.0,40137132.0
臺北市中正區羅斯福路三段２４０巷１３號三樓,25.0177399930627,121.529900031877,28999988.0,24059632.0,15825500.0,19709282.0,21929914.0,24899334.0,32052830.0
臺北市萬華區武成街１３７號,25.01990001,121.4941,6649900.0,11489834.0,3212701.8,7863172.0,15044852.0,15467515.0,18777804.0
臺北市內湖區成功路三段１７４巷１０號五樓之３,25.0809900020626,121.590540000047,10499994.0,11248682.0,8670418.0,9845787.0,10576152.0,13267162.0,17004826.0
臺北市信義區松勇路３３號十三樓,25.0369299831972,121.569980029748,144000030.0,324219550.0,8192351.5,70615590.0,227308660.0,261413180.0,290557020.0
臺北市信義區福德街１０９號,25.0372099806728,121.582100010282,26799996.0,12463560.0,6216978.0,7664032.0,13173486.0,16601629.0,21339410.0
臺北市松山區光復北路２３０巷３３號三樓,25.0559499883353,121.554190032908,33599984.0,25313110.0,20137114.0,24656654.0,29668910.0,36216988.0,42510100.0
臺北市北投區稻香路１６１巷１６弄６之２號二樓,25.14245001373,121.488880003564,21590004.0,19701014.0,7174010.0,12286606.0,20800402.0,25519770.0,32888820.0
臺北市北投區尊賢街２４５巷１４號四樓,25.1171900169538,121.506340010793,14700011.0,13284888.0,10166874.0,11075808.0,13023413.0,15387037.0,19856592.0
臺北市文山區和興路２６巷７號八樓之１,24.9853899958475,121.545820032035,15820007.0,16145142.0,13030196.0,13630703.0,16839860.0,18072012.0,25104676.0
臺北市內湖區江南街７１巷９３弄１３號二樓,25.0748500065295,121.579709994411,19499996.0,19004624.0,12621834.0,14568404.0,18994222.0,19010352.0,27092436.0
臺北市萬華區環河南路二段２８０巷２０號,25.03313499,121.489995,11999996.0,11725258.0,7927724.0,8746892.0,12570948.0,15008624.0,19630084.0
臺北市內湖區東湖路１１３巷４９弄４５號二樓,25.0694300164792,121.614960004396,16679995.0,21307198.0,15202726.0,17881068.0,20328214.0,23984904.0,31116362.0
臺北市大安區永康街４７巷８號四樓,25.0300699821813,121.529989969698,34000004.0,26043362.0,16579573.0,23577408.0,25002318.0,29585220.0,38934904.0
臺北市大安區潮州街５９巷５之３號,25.0295000127654,121.524509965221,42000020.0,44600960.0,25280880.0,33341240.0,39568940.0,48678520.0,63941570.0
臺北市中正區和平西路一段５９號十一樓之１６,25.026780001366,121.519709984548,17500000.0,19872354.0,14426606.0,15373631.0,18976804.0,20461564.0,32765534.0
臺北市內湖區民權東路六段２９６巷３８之３號四樓,25.0717199943362,121.607110016796,24279992.0,18771966.0,13254693.0,16248107.0,18496098.0,18793712.0,27568410.0
臺北市北投區中央北路二段４０６號,25.138442,121.48747,11265000.0,9378999.0,5141512.0,6409513.5,9556361.0,12755936.0,15311708.0
臺北市大同區重慶北路二段１２３號,25.05774099,121.513886,30699986.0,29252032.0,20178522.0,24798288.0,36102428.0,38052932.0,51900904.0
臺北市北投區立農街一段２７９巷１４號四樓,25.1201500022412,121.506609991894,15700009.0,14353187.0,11785033.0,12522248.0,15412033.0,17146862.0,21165472.0
臺北市中山區錦州街２０６號,25.06028771,121.5311131,39500020.0,24558420.0,7715299.5,13369968.0,23478008.0,26254984.0,39828130.0
臺北市內湖區金湖路３４７巷１２１弄９號,25.07329399,121.596796,69499980.0,67612830.0,31855056.0,37518970.0,63603056.0,93538860.0,116299580.0
臺北市內湖區內湖路一段３２３巷４弄１９號四樓,25.0831299857624,121.567309974491,15999987.0,12826591.0,7830485.0,9387303.0,13350500.0,14403923.0,19455824.0
臺北市內湖區康寧路三段７５巷１７７號三樓,25.0769899902293,121.611819975829,22499994.0,22993184.0,16564938.0,18055612.0,23831500.0,25797502.0,34754880.0
臺北市文山區木新路三段３６５巷９號四樓,24.9799200077448,121.555680000016,11999996.0,11774855.0,9839536.0,10212099.0,11379260.0,14240403.0,18298472.0
臺北市內湖區內湖路三段６０巷１２弄７４之１號,25.08921181,121.5912887,6500001.0,6504429.0,4724114.0,5467711.5,6533387.0,9308159.0,12035984.0
臺北市中正區中華路二段８１巷４１號三樓,25.0334100029587,121.506240014688,23500006.0,23397586.0,14966773.0,18366622.0,25925704.0,29061396.0,37973396.0
臺北市內湖區文德路２２巷２５號,25.07682001,121.579986,17179990.0,16698744.0,11766795.0,13752212.0,16221724.0,18018560.0,24430362.0
臺北市中山區中山北路二段２０巷１９號三樓,25.053649994104,121.520999959447,14600004.0,17814244.0,10608740.0,10973550.0,15603464.0,16732444.0,25445164.0
臺北市中山區新生北路二段３８號,25.05452402,121.527135,21500010.0,18540354.0,7909245.0,16363803.0,20393184.0,23338084.0,30447484.0
臺北市內湖區康寧路三段７５巷２１７之１號三樓,25.0764400116524,121.61431996227,13000010.0,14773880.0,11602677.0,11773193.0,14555655.0,16143541.0,22518498.0
臺北市信義區永吉路１２０巷６１號五樓,25.0436500064301,121.570329974205,35060016.0,19182560.0,14891059.0,18853204.0,19879746.0,23976120.0,30647740.0
臺北市內湖區民權東路六段２０６巷５８號四樓之１,25.0667299959188,121.595560005678,48800024.0,34231788.0,21362174.0,23690418.0,39376280.0,50769164.0,61857140.0
臺北市士林區天母西路１８之７號,25.1181300054854,121.524379961902,27999986.0,34057704.0,21257716.0,27431930.0,31416208.0,37259456.0,53657504.0
臺北市內湖區成功路二段５０８號,25.07382901,121.589699,44700010.0,40486976.0,25540222.0,29361258.0,38628744.0,51837784.0,68523570.0
臺北市大安區浦城街６巷２４號,25.02392999,121.525571,17199990.0,14797371.0,9965609.0,12732577.0,12754574.0,17123688.0,23279976.0
臺北市內湖區內湖路一段９１巷６３號三樓,25.08895,121.5626,16999994.0,15406008.0,11432123.0,12022860.0,14673510.0,17008458.0,23362180.0
臺北市大安區師大路５９巷９號二樓之３,25.0240000174493,121.529150019181,12399988.0,12260387.0,9031074.0,10038484.0,10143650.0,14137860.0,19272668.0
臺北市文山區興順街１００號,25.0013299868448,121.545600007077,56000000.0,72248560.0,25468908.0,36463950.0,71274584.0,91772700.0,121719230.0
臺北市北投區石牌路一段１６６巷６９弄２０號,25.1134000137045,121.515649958288,7000002.5,14974825.0,11859672.0,12980808.0,15264644.0,18627658.0,23989112.0
臺北市內湖區康寧路三段１８９巷１４１弄３５號,25.07437199,121.611182,7999997.0,21136908.0,16744480.0,19156200.0,22611334.0,23734244.0,31782228.0
臺北市大安區信義路三段３１巷２２號六樓,25.0356299919242,121.534649972587,13800008.0,31900048.0,19119550.0,29336236.0,32899046.0,33674280.0,45584416.0
臺北市內湖區民權東路六段１５０之１號,25.06876839,121.5901577,9854993.0,10353743.0,8668913.0,9638498.0,10661013.0,13334568.0,14498964.0
臺北市內湖區安泰街４９巷４號,25.07422099,121.617514,6600000.5,9454849.0,6561460.5,7574028.0,10587899.0,13953680.0,16930004.0
臺北市士林區中社路二段４６巷９號,25.106516,121.562641,3999999.8,8232427.5,4675550.5,6834418.5,9286082.0,14482850.0,15890652.0
臺北市信義區信義路五段１５０巷３４２弄３４號三樓,25.0264300149989,121.571070012437,17900006.0,20225724.0,15250938.0,18961898.0,19906268.0,24573178.0,30568052.0
臺北市信義區吳興街１１８巷３５弄５號六樓,25.0292200152898,121.560240006801,32799988.0,23125526.0,17129504.0,21814066.0,22136424.0,24433624.0,32406480.0
臺北市內湖區行善路９號三樓,25.0560499844402,121.57498000263,24999980.0,22399412.0,14440784.0,16231504.0,21540152.0,23726730.0,31831854.0
臺北市文山區羅斯福路五段２３６巷３０號,25.00170007,121.5375367,16899998.0,15192030.0,12010346.0,13031116.0,16649068.0,19652862.0,24068216.0
臺北市大安區基隆路二段２６３號,25.02213001,121.55026,23700000.0,22261542.0,12797340.0,15225738.0,22018518.0,22810246.0,32794044.0
臺北市大安區泰順街４５號,25.02279399,121.531336,5849998.0,10452238.0,8123537.5,8206552.0,9361216.0,12927660.0,16983206.0
臺北市北投區中央北路二段１８１號五樓之２,25.1378100016796,121.492729979331,11199999.0,10051647.0,5706516.0,7311522.0,9517525.0,11850694.0,16442708.0
臺北市中山區建國北路二段３５號,25.05529301,121.537265,2500000.8,6609531.0,5487902.5,6017225.5,6707293.0,9981988.0,12085028.0
臺北市內湖區行善路２５巷１弄１２號二樓之１,25.0566099793914,121.576980008547,22680010.0,22226878.0,12643809.0,15127146.0,24416852.0,27575616.0,33215626.0
臺北市北投區稻香路１６１巷９號,25.14196202,121.488575,15849999.0,16236644.0,8382102.0,12992499.0,19720940.0,23387280.0,28604510.0
臺北市大安區羅斯福路二段９５號二十四樓之３,25.0250900001382,121.524160020763,39899980.0,28670932.0,6019073.5,26599756.0,37924250.0,38847892.0,46436344.0
臺北市中山區中原街２２號五樓之１３,25.0567399827096,121.528779958155,4279999.0,4302298.0,5182282.0,5319778.0,6292409.5,7679498.5,10166855.0
臺北市萬華區富民路１４５巷１５弄１７號三樓,25.0187299796467,121.499810005305,9999996.0,9569329.0,4307828.5,6428184.0,11245014.0,14157478.0,15623774.0
臺北市中正區汀州路二段９３號,25.02541199,121.518036,23290014.0,21812942.0,16751891.0,19673528.0,23088988.0,25781664.0,34140630.0
臺北市內湖區內湖路二段３９５號五樓之１,25.08409998,121.59283,6000000.0,6625061.5,4419446.0,5499444.5,5742268.0,8357349.5,11592436.0
臺北市內湖區民權東路六段５６巷２５弄１０號五樓,25.0674800086149,121.585879997157,14499987.0,11377892.0,7356418.0,7908777.5,10244542.0,12070308.0,16683272.0
臺北市松山區撫遠街４０１巷９號,25.0658258,121.5661627,18179982.0,14194385.0,10116850.0,10852927.0,14642422.0,20117266.0,23736416.0
臺北市士林區文昌路２６號,25.09523702,121.521711,14799996.0,15114571.0,10641997.0,11306006.0,15522841.0,19743334.0,24507274.0
臺北市信義區永吉路２２５巷７弄７號,25.04673798,121.574438,32850012.0,33940332.0,19807116.0,28595456.0,39034544.0,41306068.0,52299988.0
臺北市信義區忠孝東路五段５０７號,25.04155499,121.578691,31660012.0,26637632.0,8118132.0,18300112.0,23634770.0,29021070.0,35667330.0
臺北市北投區榮華二路１９巷７號,25.11306599,121.52346,20149984.0,18665642.0,15885773.0,18957992.0,20043042.0,25111716.0,28404492.0
臺北市內湖區成功路二段１９３巷８號二樓,25.0664899801214,121.591050038855,18000012.0,15635818.0,10604047.0,12310744.0,17793394.0,19598210.0,26452930.0
臺北市信義區基隆路一段３５０號六樓之５１,25.037009988463,121.561729973909,7000002.5,3997185.5,4557508.5,5105267.5,5714712.0,8734721.0,10092393.0
臺北市北投區竹子湖路３３之２號,25.1710999874264,121.533789989321,32799988.0,19699098.0,11.641697,17575196.0,28752200.0,43192470.0,108483590.0
臺北市中山區民生東路一段７０巷１０號七樓,25.05732001,121.52634,9480004.0,10504141.0,6951677.5,7615123.0,9723863.0,14856052.0,15073115.0
臺北市大安區安和路一段１２７巷２９弄１７號六樓,25.0356799899767,121.553510009103,41500020.0,39921980.0,22410608.0,28739808.0,37874588.0,43317130.0,55569400.0
臺北市大同區民權西路１６０巷２６弄１號十六樓,25.0616125506636,121.515490031576,42799980.0,50061920.0,19494084.0,46007096.0,59474724.0,65334784.0,89678776.0
臺北市北投區石牌路二段３１５巷３４弄３號三樓,25.1239299891162,121.522550024801,35500028.0,35976224.0,20050994.0,25670670.0,41579330.0,48328360.0,59250310.0
臺北市北投區明德路２６７巷９號,25.11445802,121.521849,16800016.0,12900984.0,6666982.0,10973697.0,15193740.0,15915676.0,20963462.0
臺北市大安區信義路二段８６巷１６號五樓,25.03380999,121.52619,14000013.0,11519457.0,8065964.0,8076132.0,10163636.0,14099324.0,17619568.0
臺北市北投區致遠三路１４７巷４弄２６號,25.1209200057764,121.508860029983,13000010.0,14146518.0,9252508.0,10404084.0,16600679.0,18710340.0,22317788.0
臺北市信義區松仁路３０８巷９５號,25.0203362,121.5708261,43880016.0,25856468.0,13666290.0,16948614.0,27440774.0,32197620.0,42332740.0
臺北市中山區吉林路４０７巷２６號三樓,25.0659799832227,121.531440038947,13700009.0,13262962.0,10675990.0,10981696.0,13858910.0,16763973.0,19993672.0
臺北市文山區政大三街１０８號,24.98591001,121.58342,29490008.0,31230820.0,16166651.0,20865250.0,28965438.0,32805556.0,46590360.0
臺北市文山區忠順街一段４１巷１８號,24.98484002,121.55862,15000010.0,20264958.0,8297225.0,14371349.0,24126450.0,27899924.0,32768846.0
臺北市中山區民權東路二段１１３巷１弄２號,25.06296602,121.534366,7000002.5,9749491.0,6061123.5,7668170.0,9274204.0,15177549.0,16173837.0
臺北市士林區重慶北路四段２４１號七樓,25.0856500049521,121.510849977616,30400018.0,34991810.0,23070632.0,29789406.0,43197660.0,57196390.0,63454620.0
臺北市北投區光明路２２０號十樓之３,25.136230012931,121.504549971551,9050007.0,8495665.0,6431507.5,6490505.0,7699048.5,12856964.0,13412470.0
臺北市松山區八德路二段４３７巷１０弄６號四樓,25.0496999803231,121.547219977503,31999990.0,37012680.0,22156868.0,29494058.0,33580764.0,37201016.0,52327628.0
臺北市中山區新生北路三段５８號,25.06565598,121.52738,7800001.5,6269575.5,2979992.2,4228235.5,5874849.5,10305866.0,11545325.0
臺北市南港區三重路４１巷３７號,25.06040111,121.6128097,68879990.0,65121416.0,32830406.0,39913224.0,63145900.0,87200940.0,107787090.0
臺北市萬華區大理街１７０巷１弄１１號三樓,25.0338300201268,121.493990030835,12800001.0,12588775.0,10107554.0,10612120.0,12952564.0,15686270.0,20850848.0
臺北市中山區龍江路３１號,25.04864,121.540522,30500028.0,27819896.0,19967452.0,25298388.0,26534084.0,31304892.0,39058748.0
臺北市內湖區麗山街１０５巷２９號七樓,25.0831381992112,121.579778482727,23500006.0,23625216.0,15375889.0,20061016.0,25305192.0,25625320.0,38587652.0
臺北市松山區南京東路五段１２３巷６弄１１之３號,25.0530700083138,121.561429985595,21500010.0,23947236.0,14371020.0,17420042.0,20644872.0,24462628.0,32084514.0
臺北市士林區通河西街一段１０４號,25.08550898,121.51227,9199996.0,11479867.0,8584119.0,8619237.0,13253150.0,20426702.0,20992110.0
臺北市文山區景興路１５３巷１７號十二樓之２,24.9940000125179,121.5458300065,18799986.0,20497656.0,14677457.0,18449588.0,19559410.0,21239194.0,31326754.0
臺北市大安區金山南路二段１４８號,25.02905401,121.526132,36999976.0,34558096.0,22303064.0,30704612.0,34220036.0,41657120.0,51602904.0
臺北市文山區興隆路三段２０７巷９弄１２號,24.99543298,121.561288,3799999.5,18954052.0,15105464.0,16572934.0,19278220.0,22756752.0,29057072.0
臺北市大安區臥龍街２５２之１號,25.01834198,121.556996,17599986.0,15789530.0,11789238.0,13434770.0,16489566.0,18758186.0,23562842.0
臺北市中正區中華路二段２９９號六樓之１１,25.0295500108178,121.504609985978,2940001.2,2501365.0,2260445.8,2981274.2,3953353.0,7938043.0,8235945.5
臺北市信義區松山路２７５之１號,25.043419,121.578018,20500002.0,21018152.0,9881325.0,15146894.0,19767148.0,23691232.0,29379352.0
臺北市中正區羅斯福路三段２４４巷９弄３號五樓之２,25.0176477433969,121.529939374438,28960024.0,25683404.0,16690369.0,20219938.0,27645920.0,28483700.0,42342916.0
臺北市中山區中山北路三段２９號九樓之３,25.06556998,121.52246,22999982.0,20617090.0,13563792.0,18214726.0,20246490.0,22743256.0,29952580.0
臺北市內湖區港華街８５巷２５號二樓,25.08394001,121.57481,14119993.0,13136902.0,9312225.0,9791365.0,13345433.0,14369074.0,19810402.0
臺北市內湖區康寧路三段５６巷５３號二樓,25.07048001749,121.609470025454,19499996.0,21001402.0,12855247.0,16434681.0,19540132.0,21529064.0,29203086.0
臺北市大安區信義路四段７４巷６弄４之１號,25.032260005843,121.546810018619,17500000.0,14512880.0,8220879.0,9066524.0,13237866.0,19363752.0,24645934.0
臺北市信義區信義路五段１２１號十一樓,25.0335499807417,121.573739983874,36999976.0,24613238.0,16337138.0,18617890.0,25409032.0,30210656.0,39885216.0
臺北市大安區基隆路二段１８８號十三樓之１,25.02494001,121.55292,21650004.0,21742702.0,12964180.0,16144865.0,21312036.0,26813546.0,32859224.0
臺北市松山區八德路二段３４８號,25.04773199,121.545319,16693330.0,13692433.0,10506124.0,11231467.0,11294324.0,17035862.0,18547534.0
臺北市萬華區大理街１７５巷９號三樓,25.0342499953854,121.49438004079,15000010.0,12796364.0,4234482.5,11693188.0,16496456.0,20021378.0,20407270.0
臺北市信義區富陽街７１巷７號四樓,25.0224525472912,121.558193694743,18880012.0,23230300.0,15260831.0,20003666.0,20434418.0,21731300.0,30598444.0
臺北市大同區赤峰街７７巷１５號三樓,25.0570900109862,121.520220023357,15999987.0,15322547.0,8670781.0,9101367.0,12950587.0,15229485.0,23029130.0
臺北市大安區溫州街７４巷３弄６號四樓之５,25.0191300059758,121.532340003891,3152654.2,2855218.5,5218103.0,5315650.0,6153907.0,7861088.0,10278971.0
臺北市中正區中華路二段３１９之５號,25.0278199860024,121.506270021902,4700000.5,6483904.0,2993590.5,4789382.5,6416112.0,12618320.0,16699062.0
臺北市南港區東明街１巷６號二樓,25.056300016612,121.604989982026,16500011.0,11579309.0,8420311.0,8780833.0,12254870.0,15988882.0,19046682.0
臺北市松山區復興北路８１巷６號四樓,25.0511399912886,121.544440035496,62500050.0,61301824.0,26392352.0,37609172.0,59146096.0,75091090.0,96255336.0
臺北市大安區建國南路一段２７９巷２號,25.03603501,121.538431,28999988.0,20146256.0,17326066.0,18443888.0,19765300.0,22853096.0,28873102.0
臺北市內湖區康樂街６１巷１２弄２號五樓,25.06879999,121.61904,15000010.0,15023403.0,11357944.0,13382342.0,15558173.0,18977746.0,23984904.0
臺北市內湖區內湖路一段４１１巷９０弄２７號二樓之１,25.084919983095,121.571460022391,14199990.0,16487145.0,12715976.0,14295130.0,16919866.0,17192972.0,24738432.0
臺北市北投區明德路２８８號八樓之３,25.11517002,121.52264,17500000.0,15707797.0,12130222.0,13513489.0,16134521.0,18997664.0,23392588.0
臺北市北投區天母北路１０５巷９號六樓,25.1243099826967,121.527140038799,42930220.0,32002554.0,18719300.0,27226448.0,38765364.0,47666210.0,54784830.0
臺北市中山區天祥路８２號十三樓之５,25.0640300172679,121.520520011671,18000012.0,16284189.0,11261842.0,13070944.0,16240764.0,18595426.0,26765566.0
臺北市士林區中山北路六段４５０巷３１號四樓,25.1136500039667,121.528409980949,17199990.0,17935856.0,14399391.0,16951490.0,17651052.0,19371436.0,25268828.0
臺北市內湖區內湖路一段２８５巷６１弄３號三樓,25.08402002,121.56713,14849989.0,12757056.0,9031418.0,9791235.0,12603767.0,13923452.0,19439170.0
臺北市文山區興隆路四段１０９巷３２弄６號五樓,24.98617999,121.56319,26299992.0,40605690.0,21130460.0,29655274.0,43928000.0,50784760.0,63984024.0
臺北市內湖區江南街９６巷３號,25.0771715,121.5769081,29399980.0,33048478.0,20844964.0,26011590.0,31144150.0,33044066.0,47897510.0
臺北市內湖區康寧路三段２１７巷３號四樓,25.06846002,121.61233,16300006.0,15940375.0,10941156.0,12608816.0,15721854.0,16744001.0,23959572.0
臺北市大同區承德路三段３０１巷２２號三樓之１,25.0756599917429,121.521349987724,14350012.0,15894471.0,9694696.0,11518337.0,16639544.0,18640168.0,26463982.0
臺北市北投區稻香路１６０號,25.143518,121.4889189,39369972.0,47822470.0,14073853.0,27877954.0,55390350.0,75541304.0,94646530.0
臺北市內湖區麗山街３３８巷９號三樓,25.0824399874929,121.573479977238,22880008.0,22770558.0,15599387.0,20265730.0,20691468.0,22560372.0,31206824.0
臺北市大安區泰順街２６巷４之１號,25.025082,121.531107,30879984.0,29701692.0,18735624.0,22838804.0,25342192.0,34446220.0,45980950.0
臺北市內湖區民權東路六段１７５號四樓之２,25.0681799813491,121.596689970045,22450010.0,17742660.0,12820061.0,13117298.0,20840750.0,24325232.0,29512852.0
臺北市信義區吳興街２８４巷５９弄１１號,25.02154102,121.563848,54100012.0,60969264.0,36161836.0,45356756.0,60981476.0,81440990.0,102037920.0
臺北市內湖區內湖路二段３４８號八樓,25.081870018077,121.590149990092,53000020.0,52998704.0,28121534.0,38030804.0,54472770.0,73025790.0,89695880.0
臺北市大同區蘭州街１０１號五樓,25.0645499886314,121.515400009935,9000001.0,8733963.0,6983866.0,7212845.5,7499064.0,9848849.0,13124155.0
臺北市萬華區漢口街二段５１號六樓之３,25.0458500045565,121.506430032433,9949997.0,11569574.0,8399835.0,8645696.0,10829829.0,14037259.0,18509260.0
臺北市北投區尊賢街２３９巷７號,25.1160233,121.5073728,13000010.0,15333277.0,12519526.0,12547089.0,17085714.0,18310238.0,24419786.0
臺北市中山區南京東路一段１３２巷２８號四樓之３,25.0502699916485,121.526729996096,4499998.0,5778729.0,4852969.5,5159612.5,6048351.0,8120888.5,11062043.0
臺北市北投區大業路４６２之６號,25.13191899,121.496281,28279996.0,23979048.0,14797484.0,20037920.0,23830682.0,28308544.0,37581064.0
臺北市中山區雙城街１９巷８號二樓之１０,25.0653199921666,121.524869967962,16999994.0,16479662.0,11674357.0,13800350.0,20703864.0,21202726.0,27100550.0
臺北市大同區民權西路２６８號,25.06273099,121.512018,24000004.0,23330874.0,12703856.0,18423496.0,24227670.0,25087634.0,36648864.0
臺北市北投區中山路４７號十樓之１６,25.1387600065855,121.511790008057,3269998.5,4098842.2,2323978.5,3294812.8,4049552.0,7192485.5,8253700.0
臺北市士林區中山北路七段１１４巷６１弄１號,25.12336098,121.535345,18799986.0,25489464.0,13765702.0,22413258.0,24268232.0,28629456.0,34584270.0
臺北市萬華區成都路１０６號,25.04355998,121.5021,13700009.0,13758640.0,9590690.0,10711194.0,13915885.0,15639785.0,20448844.0
臺北市松山區復興北路３６１巷２６號,25.06032928,121.5461745,9199996.0,9069447.0,8537005.0,8727494.0,9178263.0,12869796.0,16327295.0
臺北市內湖區內湖路二段１０３巷１１９弄１７號四樓,25.0839700200986,121.5813800048,18999984.0,19737272.0,16165695.0,17921186.0,20120260.0,22051552.0,29037348.0
臺北市大安區信義路四段１９巷３號二樓,25.0339099834831,121.544580013279,34000004.0,35939390.0,17880932.0,24198252.0,31641358.0,35892400.0,49271120.0
臺北市松山區新東街３巷５號三樓,25.0576500059374,121.565739960208,20500002.0,16449514.0,8637529.0,13626960.0,17179236.0,20685784.0,23695886.0
臺北市萬華區萬大路３４４巷３６號,25.02400999,121.498487,58000004.0,64449212.0,3870881.2,57570056.0,96606640.0,122433120.0,128344056.0
臺北市大同區重慶北路三段２０５巷１７號三樓,25.0701099983743,121.514580008348,13499990.0,13097598.0,10246184.0,10663352.0,11837388.0,13921354.0,19626490.0
臺北市內湖區港墘路２６巷１１號,25.08306301,121.57711,40500028.0,32382692.0,23827274.0,32060106.0,32908962.0,38028264.0,52191170.0
臺北市文山區羅斯福路六段３９巷３６號六樓,24.9981599929734,121.542259986299,16699986.0,19122578.0,16035488.0,18607630.0,19593874.0,21483080.0,28846624.0
臺北市大同區延平北路一段５１號,25.05092202,121.512123,13959989.0,17955400.0,13509597.0,15273702.0,17860820.0,19209838.0,25995968.0
臺北市文山區景興路１０２巷６號,24.99445561,121.5441925,18300008.0,20404662.0,15183832.0,18234366.0,21543112.0,28102392.0,29748070.0
臺北市萬華區和平西路三段８５號六樓之１,25.0353699852877,121.50165000069,16780000.0,18077942.0,38032.465,9693253.0,20715042.0,22417576.0,28065484.0
臺北市大安區潮州街１４５號,25.028426,121.530001,11640005.0,9851686.0,7806788.5,8405500.0,8741438.0,12482163.0,16347425.0
臺北市內湖區民權東路六段１９０巷４６號三樓,25.0673199980833,121.594500030202,50500004.0,38046984.0,21766394.0,23288992.0,42547252.0,55278900.0,67899860.0
臺北市松山區富錦街３７８號二樓,25.0605000206551,121.55919000579,40000028.0,32545356.0,16546087.0,25697516.0,30668908.0,32515946.0,49819212.0
臺北市萬華區民和街１３號十樓,25.0249400059809,121.49643000285,15000010.0,20715160.0,14323077.0,20756214.0,26465294.0,38561750.0,39536576.0
臺北市內湖區民權東路六段４５１號,25.07186802,121.604471,69850024.0,55232000.0,26645356.0,35255492.0,56664000.0,69874410.0,96701390.0
臺北市北投區石牌路一段３９巷１３４號三樓,25.1173900091636,121.509910030994,4749999.5,10432421.0,8742655.0,9348387.0,10071836.0,15690400.0,16643035.0
臺北市文山區興德路２０巷８號,25.00075438,121.5561528,14000013.0,13699904.0,9837809.0,10608012.0,14703656.0,19845044.0,21708680.0
臺北市北投區稻香路１７０號五樓,25.1438199938945,121.488840021886,43180030.0,66952950.0,13019464.0,32490590.0,82474420.0,109921170.0,139439780.0
臺北市松山區敦化北路１４５巷２３弄５號七樓之１,25.0530299847261,121.550350031606,28800004.0,23447846.0,12553720.0,18474308.0,26651708.0,27143798.0,38085100.0
臺北市萬華區國興路６６號十樓,25.0259400089392,121.506819958569,9199996.0,8846267.0,983975.6,6149853.0,8518137.0,12817322.0,18013338.0
臺北市內湖區新富街５７號四樓之２,25.0591999874726,121.583830035098,65830010.0,53328664.0,28310488.0,29601194.0,52657628.0,68964920.0,95162600.0
臺北市文山區福興路８２巷７弄１１號,25.00699041,121.5512199,10450006.0,10735779.0,8471878.0,10314696.0,11426412.0,15071706.0,17518668.0
臺北市文山區興德路３０巷８號二樓,25.0010699802083,121.556590023244,11880002.0,13697553.0,9917408.0,10199174.0,14434231.0,17167412.0,21708142.0
臺北市松山區吉祥路３７號,25.04992902,121.562657,31499970.0,36407036.0,22766432.0,29291450.0,32068178.0,36359084.0,54762476.0
臺北市松山區南京東路五段２５０巷１８弄１８之１號五樓,25.0501300138655,121.567009986177,20000004.0,18026260.0,14180828.0,14894468.0,17930008.0,19409308.0,27111614.0
臺北市大安區臥龍街２８０號,25.0168899842617,121.558690025266,26499996.0,22136424.0,9880515.0,12639926.0,18334596.0,21610358.0,31332490.0
臺北市中山區雙城街１９巷８號四樓之１,25.0653,121.52485,8679998.0,9367182.0,6520689.0,7348999.0,8910465.0,12578358.0,14273279.0
臺北市中正區中華路一段７號十五樓之５,25.0471300049904,121.510510007623,16380009.0,15809299.0,8167856.0,11065778.0,15129743.0,16968926.0,24420578.0
臺北市北投區大度路三段１８９號九樓,25.12271,121.46917,15600012.0,26829508.0,15090806.0,18384112.0,29038400.0,39097430.0,51195956.0
臺北市北投區榮華一路８號三樓,25.11227998,121.52402,35800030.0,33253534.0,16677577.0,25027128.0,39381460.0,46113132.0,55861530.0
臺北市內湖區江南街１２６號,25.076294,121.575608,18500014.0,16974236.0,11675492.0,13235972.0,15946731.0,16831480.0,25220100.0
臺北市松山區八德路四段２４５巷３２弄３９號,25.0498000183375,121.563420017047,26249976.0,31879246.0,12533766.0,15329037.0,25703348.0,28385102.0,41104948.0
臺北市北投區中山路４７號七樓之８,25.1388499863161,121.511780033592,6650002.0,8043464.5,5024325.5,6091389.5,8102825.0,10857855.0,13651414.0
臺北市大安區師大路６８巷２５號二樓之１,25.0240734355333,121.528040546502,10499994.0,12112466.0,7960262.5,8966829.0,9626390.0,13792930.0,18095468.0
臺北市大安區安和路二段１８１巷４號十六樓之２,25.0272000185341,121.550290017179,91679980.0,95661060.0,66866172.0,67174370.0,112927370.0,119122060.0,134853020.0
臺北市大安區和平東路二段９６巷１５弄７之１號七樓,25.0235199858544,121.541820020202,29500022.0,24557624.0,18204202.0,25755516.0,25856912.0,29132432.0,35371070.0
臺北市中山區建國北路二段５８號十七樓,25.0541500165379,121.536449986294,90000060.0,68603080.0,8604519.0,39471250.0,75097540.0,95881170.0,130292344.0
臺北市中山區北安路８３７號,25.08601309,121.5523454,23880004.0,17750310.0,11708944.0,13716298.0,19682572.0,25078352.0,28371516.0
臺北市中山區中山北路二段７７巷２０號十三樓,25.0573400012485,121.524790004606,52241964.0,33279994.0,13740283.0,21785168.0,34747190.0,36594800.0,58583490.0
臺北市松山區長春路４９８號五樓,25.0543599832125,121.547349980822,38050030.0,35085304.0,22363852.0,27711754.0,31816982.0,33708464.0,50452056.0
臺北市萬華區萬大路４８６巷３７弄６８號,25.01982801,121.495762,9299996.0,7746686.0,1911039.9,4513106.0,10122120.0,16895262.0,17556768.0
臺北市大安區瑞安街１７之４號五樓,25.0314299878811,121.54409000722,30500028.0,21401448.0,14937427.0,17426954.0,18730908.0,19448144.0,31486516.0
臺北市士林區福壽街４５號,25.09656999,121.525441,19100014.0,19570008.0,16792646.0,18789304.0,21470708.0,22904502.0,31620786.0
臺北市北投區大業路４５６號,25.13174,121.496372,39515016.0,31883868.0,18941330.0,26659284.0,33457182.0,40041476.0,51872010.0
臺北市北投區行義路１３０巷２４號,25.12990599,121.530545,28349988.0,29520060.0,12052386.0,23747466.0,29826532.0,39070372.0,51570630.0
臺北市大安區忠孝東路四段１１２號十二樓之２,25.04135001,121.54684,16999994.0,11661916.0,609851.5,7806684.5,20064652.0,21954564.0,22339466.0
臺北市萬華區萬大路７１巷３６號,25.03063501,121.501767,6500001.0,10206880.0,7836880.0,8234257.0,10779196.0,14873999.0,18767384.0
臺北市萬華區康定路１０３號,25.039507,121.502048,20267508.0,36323316.0,22481292.0,31445524.0,42034560.0,45560776.0,60551824.0
臺北市信義區虎林街５０巷３４號,25.04703001,121.575175,22249996.0,26278530.0,16266215.0,26402524.0,27784314.0,32456958.0,39052120.0
臺北市信義區莊敬路３９１巷１弄５號,25.027866,121.565385,24999980.0,20950910.0,17854076.0,20440500.0,22550088.0,22852748.0,28454108.0
臺北市中山區林森北路５８７號六樓之１,25.06604,121.52591,24200006.0,22821256.0,12570036.0,15752862.0,25328660.0,29635202.0,34697916.0
臺北市士林區中社路二段１２８號,25.10548,121.566924,18000012.0,14387174.0,2022850.2,8514158.0,16290216.0,19304124.0,25164360.0
臺北市內湖區金龍路５９之１號三樓,25.0849600066827,121.593260011446,15999987.0,15297463.0,11194297.0,12106530.0,15013577.0,15856137.0,22919186.0
臺北市南港區向陽路１２０巷２弄１０號二樓,25.0547300023282,121.596199963985,16999994.0,12095128.0,9461416.0,9834620.0,13619866.0,16536180.0,19697482.0
臺北市內湖區康寧路三段１８９巷８３弄２０號,25.07258199,121.611658,12440000.0,22377804.0,17209180.0,22363168.0,22553488.0,24857434.0,33765610.0
臺北市中正區博愛路１２２號,25.04335999,121.511418,6900000.5,6786434.0,6219166.0,6827506.5,6917638.5,10869748.0,12001598.0
臺北市大安區仁愛路四段２６６巷１５弄２０號六樓,25.03654002,121.5541,36999976.0,36488930.0,18395580.0,25017822.0,35162748.0,43130316.0,49657936.0
臺北市中山區林森北路３５１號十五樓,25.0569699821328,121.525619980658,71580024.0,55263296.0,19635402.0,40713330.0,74290890.0,75294600.0,109903980.0
臺北市松山區民生東路五段２４４號二樓,25.05896001,121.56647,19199984.0,17658528.0,11530470.0,13236831.0,17658628.0,20706904.0,25284448.0
臺北市內湖區成功路四段３２４巷４弄１２號四樓,25.0855099852595,121.598229977115,15000010.0,16887528.0,12073255.0,14376202.0,15434861.0,17321176.0,23924044.0
臺北市內湖區內湖路一段４１１巷９０弄２７號二樓之５,25.084919983095,121.571460022391,14879986.0,17792612.0,15621569.0,17423398.0,19988144.0,20584476.0,28660762.0
臺北市萬華區興寧街６３號四樓,25.0322900130564,121.499960041372,7999997.0,15475482.0,10696617.0,11402659.0,15366155.0,17631468.0,23538136.0
臺北市中正區信義路二段２５９號十三樓之１,25.033889992644,121.53158001673,30289990.0,24189254.0,11317441.0,17069298.0,24328572.0,27326182.0,41547856.0
臺北市文山區興隆路四段６２巷１６號,24.98507601,121.560405,11699992.0,16058688.0,14782308.0,14979596.0,16579130.0,20891254.0,23977218.0
臺北市文山區興隆路三段３０４巷９９號六樓,24.9955600104274,121.556119966114,1331787.9,30684766.0,21694772.0,27377882.0,35468624.0,43282030.0,57287776.0
臺北市大同區延平北路二段２７２巷２９號,25.06214401,121.510167,8127745.5,24074414.0,15213720.0,20756372.0,23158718.0,25217116.0,35675016.0
臺北市信義區信義路五段１１５號十八樓,25.0336299860075,121.573890019941,22000004.0,19159304.0,6906274.0,11316167.0,16498186.0,20122984.0,28416576.0
臺北市北投區榮華一路６巷２之２號五樓,25.1120100007914,121.523979977483,17599986.0,19532532.0,16278320.0,19220686.0,21330296.0,22499394.0,28840684.0
臺北市士林區士東路２００巷８３號四樓,25.10997999,121.53416,14399995.0,11933644.0,9625693.0,10287405.0,12894120.0,15669494.0,19490960.0
臺北市大安區敦化南路一段１９１號十一樓之１,25.042470002101,121.549259965098,66849976.0,41043056.0,2977231.2,32866620.0,45525770.0,60809344.0,69850424.0
臺北市大同區大龍街１４８號四樓,25.0677199825029,121.515839976033,14649992.0,12620871.0,303262.22,12125434.0,17528964.0,18994874.0,19139910.0
臺北市文山區光輝路３０巷４號,24.98627399,121.554436,13879993.0,17048148.0,15156200.0,18394002.0,19772616.0,25315910.0,26291364.0
臺北市內湖區文湖街２１巷８２弄２５號六樓,25.0891300035124,121.560800001752,18950002.0,17654688.0,10151740.0,11387771.0,17492458.0,21764526.0,30263946.0
臺北市大安區羅斯福路二段８５號,25.02546559,121.5237555,36179980.0,26248374.0,15473387.0,18695036.0,25917496.0,30758656.0,42748496.0
臺北市文山區景興路１５３巷１７號,24.99396598,121.545835,15139991.0,24704624.0,18604792.0,24432226.0,24969960.0,27704196.0,36123504.0
臺北市內湖區金湖路４６巷６弄８號,25.08273801,121.596697,16600014.0,17581668.0,12390626.0,13745473.0,17265894.0,19438168.0,25925752.0
臺北市中山區龍江路３８４巷２５號,25.066904,121.539985,21000000.0,16578119.0,13999612.0,16723701.0,17762266.0,20317592.0,25604556.0
臺北市大安區和平東路三段９７之１號,25.024609,121.550843,15000010.0,31155974.0,21805122.0,29422026.0,30008734.0,37197610.0,45707524.0
臺北市中正區延平南路１７９巷３號四樓之４,25.0344400131304,121.507690000119,29950008.0,27486504.0,11999264.0,19708720.0,29477074.0,30151248.0,43274024.0
臺北市南港區研究院路二段１５０巷３弄１８號,25.03805802,121.616036,14499987.0,11925089.0,8013543.0,9636439.0,12272600.0,16328104.0,19456456.0
臺北市北投區致遠一路二段７０巷１弄４號,25.112535,121.513937,11999996.0,16140308.0,11443358.0,13095749.0,16907446.0,20736348.0,25561372.0
臺北市中正區仁愛路二段２０巷３之１號,25.037717,121.52658,54000012.0,47042010.0,21359852.0,32738048.0,47901070.0,49606816.0,70042540.0
臺北市大安區大安路二段１４１巷５號二樓,25.0285200006461,121.546429983129,27060004.0,21904080.0,13858513.0,16902900.0,21476894.0,25131696.0,31695540.0
臺北市中正區開封街一段４８號,25.04589699,121.512038,8799997.0,11573789.0,7895047.0,10046127.0,10312394.0,13501818.0,18531586.0
臺北市北投區吉利街１５８號三樓,25.1185499807441,121.508649979489,15769997.0,16262648.0,13512742.0,15470878.0,17263654.0,18335996.0,23145382.0
臺北市內湖區內湖路一段４１１巷１０８號五樓,25.0850400119485,121.572329980122,22360012.0,21799466.0,17424394.0,22334608.0,24975150.0,26938060.0,36244010.0
臺北市中山區長安東路一段５８號,25.04800401,121.5290995,21000000.0,25827880.0,19375094.0,23338440.0,24295696.0,27216844.0,37362650.0
臺北市大同區重慶北路三段２０３之３號五樓之６,25.0699299970036,121.513990006183,18220008.0,17772466.0,9547780.0,13843375.0,19299484.0,21456216.0,29103776.0
臺北市大安區金山南路二段１５９巷４１號五樓,25.0289999903315,121.527949982103,32680028.0,25208556.0,15938673.0,23385496.0,23623232.0,26448642.0,36822350.0
臺北市北投區新民路６２巷１５弄１號五樓之５,25.1393099851624,121.511070002574,14646388.0,14356446.0,6853451.0,10245852.0,15414826.0,18098056.0,24542264.0
臺北市大安區樂業街７２巷７號,25.0217099976827,121.550520016602,27499980.0,23833182.0,14106345.0,17886832.0,20403962.0,22797588.0,31605952.0
臺北市內湖區星雲街１３３號九樓,25.08109,121.59606,42499970.0,32634620.0,18108518.0,22087584.0,34819172.0,36209180.0,48297490.0
臺北市松山區民生東路五段１３７巷４弄３３號三樓,25.0599500001687,121.562879971025,30799986.0,26391748.0,15837880.0,22929418.0,25296362.0,32021788.0,39368320.0
臺北市北投區公路７７號四樓,25.13289,121.50253,14799996.0,16641321.0,7679359.5,14568098.0,19206394.0,24464588.0,24985012.0
臺北市士林區天母東路８巷３１弄２號四樓,25.1167899906248,121.531910012258,22100016.0,22231246.0,14495203.0,18976840.0,19763566.0,21938742.0,30050316.0
臺北市內湖區星雲街１６３號,25.08125998,121.596442,20879980.0,19487540.0,14490531.0,16527887.0,19811460.0,19971756.0,28942796.0
臺北市內湖區星雲街３３巷２５弄１號三樓,25.0792699936215,121.59126000553,23500006.0,22312340.0,15073402.0,20058224.0,20104264.0,23151034.0,30696648.0
臺北市中山區林森北路２６３號八樓之１５,25.05458998,121.52556,7460003.5,6592772.5,2558361.8,4253343.0,5894323.0,9879686.0,11147656.0
臺北市內湖區大湖山莊街９６巷７號四樓,25.0879600155577,121.603879966589,15679988.0,14690060.0,10416117.0,10998780.0,14062557.0,16039893.0,23311880.0
臺北市大同區承德路一段２４巷７號八樓,25.0505699799632,121.516519999838,27999986.0,28255356.0,18461944.0,21718910.0,24237424.0,27527060.0,40568684.0
臺北市北投區榮華一路８號十樓,25.1122799818927,121.524019959161,50500004.0,37156480.0,22124014.0,32318150.0,44951200.0,52447132.0,64959156.0
臺北市中山區中山北路一段８３巷９號,25.05024619,121.5233996,9360002.0,10935565.0,7220774.0,9522318.0,10558858.0,17139962.0,18487492.0
臺北市萬華區萬大路４８６巷５９弄２４號,25.0199500075634,121.495459965195,3650000.2,2725235.0,2206914.0,3357606.0,4534215.0,10077832.0,12217900.0
臺北市大安區仁愛路四段４１３號九樓,25.03799,121.55618,41380036.0,33976990.0,14406176.0,23401380.0,34529630.0,35112684.0,46386150.0
臺北市萬華區桂林路２２４巷１２號,25.03839099,121.49643,6000000.0,9429672.0,5404712.0,7709055.5,10564539.0,12684171.0,17969756.0
臺北市內湖區東湖路１０號四樓,25.0683800154684,121.615259992711,16300006.0,13719281.0,5700636.0,10970474.0,14659999.0,15932685.0,20465154.0
臺北市中山區吉林路３６９號三樓之２４,25.0650700019044,121.530479975757,4199999.0,3602010.5,3977423.5,4049227.5,5011672.5,7647706.0,10016872.0
臺北市信義區崇德街３１巷５弄８號,25.02456198,121.554305,22999982.0,21777150.0,14703656.0,18242088.0,19919940.0,23231140.0,32231968.0
臺北市士林區東山路１００巷３號,25.1133700064911,121.539120041551,19499996.0,13476501.0,6898349.0,10373846.0,13354574.0,15608375.0,20388284.0
臺北市大安區和平東路三段４００號,25.01877901,121.558226,19380010.0,15154899.0,12016304.0,13650476.0,16267146.0,18450644.0,22819688.0
臺北市內湖區港華街５１巷３弄２號二樓,25.08332,121.57574,17880010.0,17345178.0,11957134.0,13348564.0,17225960.0,17923990.0,24125070.0
臺北市大安區仁愛路三段５巷３弄８之１號,25.0395600148661,121.533940025388,49490010.0,32495982.0,14893786.0,18771680.0,26817280.0,29737064.0,45329772.0
臺北市南港區成福路２５８巷３號三樓,25.0377499847849,121.590140015627,15800014.0,13371677.0,10264728.0,10605968.0,13047182.0,15576612.0,20416146.0
臺北市信義區松仁路２４０巷８號,25.0247499882359,121.569049973771,31999990.0,22094158.0,14939194.0,17389998.0,20494608.0,21843376.0,30911866.0
臺北市中山區民權東路二段１３５巷２０弄１號,25.06389302,121.534861,22999982.0,22268166.0,12895448.0,20552032.0,23311614.0,24754574.0,31732076.0
臺北市信義區虎林街４０巷２７號,25.04745501,121.575571,29999978.0,20299774.0,13257853.0,16195353.0,19819700.0,22713778.0,30156080.0
臺北市萬華區寶興街２２２巷４８號,25.02210202,121.494158,6204498.0,9293789.0,6426069.0,7163065.0,10573470.0,16027599.0,16754447.0
臺北市文山區試院路１４４巷４弄２２號三樓,24.9906599917406,121.547800005203,4749999.5,6667853.0,5456538.0,6509697.5,6560384.5,8880383.0,11256344.0
臺北市內湖區行善路３３３巷６號二樓,25.0623199832916,121.585099977248,65000056.0,52565210.0,22045874.0,25820146.0,52057252.0,67860504.0,87965370.0
臺北市北投區行義路１８６巷２１號,25.13291899,121.529587,12680010.0,11775372.0,7111559.0,10800599.0,11862544.0,15109412.0,19483304.0
臺北市信義區忠孝東路五段７４３巷２１弄２７號二樓,25.043769993374,121.580139986044,39000012.0,42971670.0,17357356.0,24867250.0,39665132.0,51959144.0,65417460.0
臺北市信義區吳興街６００巷１１０號,25.01828901,121.571698,19900004.0,23219844.0,15522960.0,15949925.0,22577202.0,25508236.0,32550260.0
臺北市松山區光復北路２２８號十七樓,25.055990011923,121.555450000593,37299988.0,28838758.0,17314174.0,28399778.0,31713378.0,40302530.0,47702496.0
臺北市南港區玉成街２０１巷６號二樓,25.04445002,121.58537,22000004.0,24066060.0,12738844.0,14606968.0,20360616.0,22765912.0,31911734.0
臺北市內湖區民權東路六段９０巷５弄６號,25.0683599827198,121.586339996004,29999978.0,23446236.0,13840312.0,15287109.0,18137244.0,22653596.0,37441548.0
臺北市內湖區成功路四段１８２巷８弄１１號,25.08397002,121.593213,10189996.0,17634698.0,11896305.0,15230531.0,16244791.0,18706022.0,26282038.0
臺北市萬華區昆明街４６號七樓之２３,25.0464299903467,121.50571002695,8550000.0,9543283.0,7484239.0,7669881.0,9132546.0,12299502.0,14582415.0
臺北市文山區福興路９５巷２７號二樓,25.00503998,121.5482,3499999.0,6976596.5,5153657.0,6057760.0,6795203.0,9394360.0,11612818.0
臺北市萬華區內江街１５８號四樓,25.0416899821915,121.501289997949,6200002.5,10004098.0,6640495.5,7083232.0,9754123.0,11873840.0,16621844.0
臺北市北投區知行路１９５號,25.11944102,121.46592,10749999.0,14363649.0,9702391.0,12599777.0,14274150.0,17546458.0,21756018.0
臺北市大安區光復南路２９０巷３號,25.03922201,121.557076,41500020.0,44645730.0,17378028.0,29963380.0,43404300.0,44524720.0,58427260.0
臺北市萬華區西寧南路１２８號,25.04112898,121.505921,11900004.0,16213712.0,12189712.0,14339204.0,16585646.0,19296320.0,23360486.0
臺北市士林區葫蘆街１３５巷１５弄２號,25.0848,121.507861,11379998.0,13169492.0,11308874.0,11395158.0,13385610.0,17642638.0,21020718.0
臺北市文山區政大一街２１０巷４５號,24.98488398,121.585114,16079990.0,14749300.0,11912744.0,12015616.0,14968800.0,16501837.0,23806196.0
臺北市士林區福港街３５號,25.09069201,121.518398,20200010.0,14734397.0,7962935.5,8051623.0,14739176.0,18914904.0,25738132.0
臺北市內湖區大湖山莊街２１９巷３４弄３號二樓之５,25.089410000988,121.59949002862,7800001.5,7589972.0,5299867.0,6192510.0,6752895.0,9465152.0,12498482.0
臺北市內湖區成功路四段１６７巷１６號十二樓之７,25.0827400177171,121.595430002359,25800012.0,23453124.0,17619500.0,18338268.0,23866436.0,28284958.0,39340620.0
臺北市萬華區長沙街二段９３號十一樓之１,25.0405000033977,121.504479982659,23479980.0,21807576.0,16367018.0,19262672.0,22608444.0,25960886.0,35686656.0
臺北市文山區木新路三段２３２巷６弄７號二樓,24.9820099933921,121.559290001895,13980000.0,16938304.0,12237258.0,13497492.0,17684784.0,22157334.0,24531032.0
臺北市北投區明德路２６７巷９號二樓,25.1144599891801,121.521830019318,15800014.0,13875255.0,11320550.0,12261300.0,14718752.0,18087254.0,21677152.0
臺北市大安區通化街１０１巷３３弄１２號,25.0294599891777,121.555649992803,24999980.0,18901234.0,11632703.0,15131417.0,19076822.0,21644554.0,28391276.0
臺北市士林區華齡街６７號,25.08470901,121.519146,17099994.0,17079426.0,13592668.0,15409534.0,16475042.0,19328366.0,24214828.0
臺北市大安區仁愛路四段３４５巷４弄１１號四樓,25.0390400015931,121.553329965823,36879988.0,39627172.0,2937630.2,25021258.0,34607696.0,53798412.0,56564980.0
臺北市萬華區環河南路二段２１號二十三樓,25.0391899957504,121.49767999607,21800008.0,23138938.0,660267.0,14722430.0,26060156.0,28949532.0,34778420.0
臺北市文山區育英街４５巷２１號,24.99110901,121.537627,26999992.0,29547154.0,19874704.0,25379052.0,28825724.0,32866682.0,45303324.0
臺北市大安區忠孝東路三段２１７巷４弄６之４號,25.04272402,121.540064,48999990.0,43799410.0,24937404.0,33885220.0,39592420.0,47512080.0,68174840.0
臺北市松山區南京東路五段２３９號九樓之９,25.0515799992958,121.564819962515,15200001.0,13755597.0,10021917.0,11227826.0,11652978.0,15086259.0,20483392.0
臺北市中山區新生北路二段９號十一樓,25.0573099940351,121.52790002596,128880050.0,221292590.0,25102280.0,51673916.0,142777810.0,147762560.0,217843490.0
臺北市大安區和平東路三段１巷７２弄９號,25.02786801,121.546309,26499996.0,25885630.0,14662320.0,20150062.0,22315362.0,28987712.0,35259660.0
臺北市士林區福港街２５９巷２９弄４號,25.08439201,121.518976,15300002.0,15360294.0,12754452.0,14546524.0,14814344.0,17151374.0,22118952.0
臺北市文山區汀州路四段２５７號八樓,25.0017899856911,121.536149997979,36999976.0,32191110.0,20702284.0,29089012.0,36062376.0,43701276.0,55077776.0
臺北市松山區延吉街１０巷６號四樓,25.0472799991478,121.553250002467,32999976.0,33088782.0,19859054.0,27859402.0,31760050.0,36329412.0,46716004.0
臺北市中山區復興北路１９０巷２５號,25.05570209,121.5427411,25700016.0,24331776.0,14638428.0,19305412.0,22216536.0,27559472.0,32665258.0
臺北市信義區松德路２０號九樓,25.0352699891828,121.574959969881,29999978.0,24291988.0,18789304.0,24554624.0,25452008.0,29903202.0,37625172.0
臺北市松山區八德路四段７５巷４號四樓,25.0488700042706,121.560110003483,13820001.0,13558489.0,11909723.0,12404176.0,12567232.0,16268356.0,21671282.0
臺北市文山區久康街８８號,24.9901471,121.5670724,36999976.0,40127948.0,28641198.0,38742376.0,42403290.0,48593920.0,63491664.0
臺北市內湖區康樂街１１０巷１０號六樓,25.0706300116473,121.618449977421,18649984.0,18865866.0,13817602.0,16640813.0,22330476.0,26591488.0,33646544.0
臺北市萬華區東園街６６巷２４弄１０號,25.02479001,121.495527,21580000.0,28658904.0,18341312.0,27227540.0,36681944.0,45373716.0,47761492.0
臺北市萬華區東園街６７巷１９號,25.026938,121.497585,39000012.0,43684440.0,23383622.0,31572692.0,47467336.0,58811880.0,73323910.0
臺北市中山區南京東路三段４８巷６號,25.05106388,121.5384109,31499970.0,24247548.0,19355334.0,22583404.0,25411892.0,27397420.0,35906164.0
臺北市內湖區成功路二段３６９號十二樓,25.0798051407545,121.59124288601,33279994.0,37414920.0,26813596.0,32720632.0,37672136.0,46178880.0,58040064.0
臺北市內湖區民權東路六段１８０巷４２弄１１號六樓之１,25.0675800047198,121.592229959365,23500006.0,22386640.0,13921036.0,15207048.0,25380552.0,29825222.0,36587120.0
臺北市大安區通化街３９巷６２弄３５號二樓,25.0301900110348,121.556270002181,13399991.0,10547084.0,4276722.5,7019108.0,10081023.0,13198636.0,17007712.0
臺北市松山區八德路四段２７９號四樓,25.0491100200681,121.565790000169,18080012.0,15169011.0,10778291.0,11922655.0,13935913.0,16930198.0,23545142.0
臺北市中山區吉林路２６巷２０號三樓之１,25.0513699907117,121.52925998975,10399997.0,10923495.0,7407860.0,8746533.0,9933462.0,12505350.0,17731902.0
臺北市萬華區貴陽街二段９６巷１０號四樓,25.0393599807468,121.503169975012,9500005.0,15157414.0,10677945.0,11473650.0,14921765.0,16068860.0,23020082.0
臺北市大同區南京西路３６０之２號,25.053716,121.511042,7800001.5,6855667.0,6807968.0,6934859.0,7440805.0,11197350.0,11821053.0
臺北市中山區新生北路二段２８巷５號八樓之２,25.05392999,121.52636,29999978.0,23846324.0,12931704.0,17604686.0,21119178.0,25852030.0,33462032.0
臺北市信義區吳興街２８４巷３０弄４６號二樓,25.02315998,121.56291,17319986.0,15355549.0,10025454.0,11529722.0,15529149.0,18355660.0,23852010.0
臺北市中山區德惠街１０號二樓之１,25.0664999964957,121.529229982537,6900000.5,8523045.0,6264931.5,6419852.0,7979310.0,9641734.0,13580411.0
臺北市士林區大西路７４巷２號,25.09152002,121.52491,8519998.0,8917095.0,5634484.5,6490059.5,8005056.5,12214336.0,15487944.0
臺北市文山區興隆路二段２７５巷１弄４號二樓,25.0028500030762,121.552720014729,13000010.0,11927000.0,9116065.0,10442634.0,12032036.0,14225662.0,19704396.0
臺北市士林區中山北路七段２０９之２號,25.12597098,121.532724,26579976.0,26300142.0,12678390.0,21379132.0,24570882.0,31643772.0,42450628.0
臺北市萬華區中華路二段４１６巷５號九樓,25.0270900060549,121.504679974869,9000001.0,11513153.0,12120762.0,12275222.0,12588895.0,17750784.0,23018064.0
臺北市中山區長安東路一段５３巷１之５號,25.04897302,121.526645,15800014.0,15076220.0,9977039.0,10470456.0,14696394.0,18499556.0,24066976.0
臺北市大安區建國南路一段２８６巷１２號五樓,25.0360300182533,121.536830021784,19800014.0,15084015.0,11397766.0,13682852.0,16261748.0,18609512.0,24277490.0
臺北市大安區文昌街２８０巷４７號四樓,25.0314700114687,121.556950025985,23500006.0,24040412.0,15690310.0,20254214.0,20401394.0,22393432.0,31824326.0
臺北市大安區瑞安街７１巷２號六樓之７,25.0266652812805,121.539617539946,13820001.0,41685816.0,25938810.0,35979516.0,36309256.0,45033240.0,64868150.0
臺北市內湖區康樂街７２巷１７弄１４４號,25.07185201,121.616453,2860001.5,9099180.0,8263608.0,8583849.0,9277761.0,14389946.0,14812564.0
臺北市中山區林森北路２６３號八樓之１９,25.0545899826356,121.525559966231,9500005.0,9095484.0,6422699.5,6582256.0,8302552.0,12983259.0,13640014.0
臺北市中山區松江路２號,25.04628498,121.532707,7750003.5,7227126.0,6657191.0,7165811.5,7254526.5,12235344.0,13419379.0
臺北市大同區延平北路二段４３巷１７號二樓,25.0552399992269,121.512459973578,15000010.0,19114408.0,13581162.0,14375105.0,19163618.0,23127996.0,29807536.0
臺北市中山區北安路４５８巷４１弄６８號三樓,25.0793100172092,121.546840025832,43500024.0,24654492.0,16591404.0,19813312.0,31014862.0,35946316.0,47045150.0
臺北市萬華區和平西路三段１８７之６號,25.03548398,121.4977,4400000.0,4836899.5,3241372.0,3893725.2,5514170.0,8337321.0,10312669.0
臺北市士林區社子街７４號二樓,25.08731,121.50666,5939998.0,8078096.0,5105993.0,5521964.0,9213483.0,14609197.0,14916273.0
臺北市士林區福德路５７巷３９號,25.092049,121.521654,600000.0,1226692.1,2171882.8,3038550.0,4330363.5,9648541.0,10514684.0
臺北市士林區承德路四段８８號,25.08228174,121.5230118,28879986.0,27936186.0,15459964.0,22926400.0,29802932.0,30911866.0,45389904.0
臺北市信義區信義路六段２６巷１３號五樓,25.0334400101721,121.575660026435,19499996.0,17268990.0,11058330.0,13498676.0,15539638.0,16731263.0,23449412.0
臺北市松山區健康路３５巷６號十樓,25.0537799974223,121.554249963516,36100020.0,31156746.0,24489940.0,30991918.0,34506520.0,43193788.0,50724736.0
臺北市松山區八德路四段７２巷１０弄９號,25.0471199886161,121.559710019063,20699994.0,16255205.0,4842655.0,9887622.0,16343528.0,18770642.0,24300980.0
臺北市南港區經貿二路２３５巷６０弄２８號四樓,25.0612999894942,121.614920022718,47580010.0,47119144.0,17954442.0,26195558.0,43522600.0,52601510.0,70885750.0
臺北市大安區光復南路６８８號十一樓之２,25.0299600116117,121.557220007087,38500020.0,30377586.0,18334736.0,23485354.0,30951334.0,35294580.0,48785040.0
臺北市中山區合江街１３０巷１９號四樓,25.05957001,121.53824,14700011.0,15558144.0,10980208.0,12139642.0,14774415.0,16131321.0,21447706.0
臺北市大安區敦化南路二段１７２巷２５號,25.02415399,121.546955,22080004.0,17686404.0,14429414.0,15397812.0,18730694.0,24137128.0,26779200.0
臺北市中山區南京東路三段１９４巷３號三樓之１,25.0517542685367,121.542715071957,46680020.0,44013796.0,16341564.0,26316952.0,44928056.0,52136944.0,68548020.0
臺北市中山區復興南路一段３４號,25.04629102,121.543684,28949972.0,27942740.0,16855800.0,23720894.0,23811056.0,30200458.0,36570170.0
臺北市南港區經貿二路２４５號五樓,25.0610800064453,121.61440998391,25900002.0,24002522.0,11750109.0,15686240.0,24557576.0,27569568.0,36399188.0
臺北市南港區南港路二段３８巷２４號十四樓,25.0543700000001,121.60681,61679948.0,50029750.0,19221712.0,33535382.0,59689852.0,70540744.0,89154170.0
臺北市松山區民生東路五段１７１號,25.059489,121.564784,27999986.0,26983364.0,18281030.0,26227356.0,26694138.0,33388396.0,39464624.0
臺北市松山區民生東路五段１５３號十二樓之１５,25.0592200202212,121.562340008822,11280008.0,10806719.0,9126069.0,10389787.0,10805565.0,17039240.0,20313292.0
臺北市內湖區文湖街２１巷８０號,25.088841,121.560065,35000016.0,30089776.0,20435626.0,23505252.0,30516846.0,36159836.0,47401560.0
臺北市文山區羅斯福路五段１９２巷１號,25.00347399,121.53827,29999978.0,23159602.0,16282854.0,19715600.0,21833630.0,27017456.0,35909588.0
臺北市北投區稻香路１６１巷１６弄８之２號五樓,25.1424000156775,121.488849996351,21140014.0,18816380.0,6945813.0,11819024.0,19925300.0,23670952.0,30635760.0
臺北市松山區八德路四段２４５巷３２弄６５號五樓,25.04975002,121.5628,15000010.0,20706154.0,13623686.0,15637249.0,20038378.0,20724368.0,30013312.0
臺北市中山區基湖路１５７巷３號,25.07678669,121.5636534,143799950.0,91375870.0,31187724.0,45616424.0,74971736.0,104256840.0,132487610.0
臺北市士林區福港街２５９巷３１號四樓,25.0841200142559,121.519059967957,3300001.5,7142266.5,6137701.0,6274564.0,6661509.5,9588842.0,11973041.0
臺北市中山區八德路二段３３２巷１６號三樓,25.0466500153051,121.543260031167,16879994.0,16347394.0,8951330.0,11171730.0,18149148.0,19964140.0,26062096.0
臺北市中山區南京東路二段１０８號十五樓之１０,25.0517999823446,121.53207002279,17599986.0,20296560.0,9542391.0,12025406.0,19605426.0,21015588.0,32996012.0
臺北市中山區新生北路二段６２巷３８之２號四樓,25.0562099949719,121.525930027257,15800014.0,15185599.0,5698201.0,8090262.0,14303585.0,17481184.0,24448540.0
臺北市中正區中華路一段７號十二樓,25.0471300049904,121.510510007623,28999988.0,26954816.0,17096830.0,20373084.0,29102220.0,32464016.0,43178304.0
臺北市信義區福德街２６８巷２６弄３號,25.03992702,121.585958,13049994.0,9964507.0,7418790.0,8289110.0,9476659.0,13461267.0,16340255.0
臺北市內湖區文德路２１０巷３０弄１０２號,25.07640871,121.5846037,24499984.0,19943208.0,14986912.0,17817812.0,20108022.0,21090598.0,29711156.0
臺北市北投區三合街一段８２巷７１號三樓之２,25.1284799795265,121.504389961019,25324990.0,24543480.0,14663550.0,19168150.0,28284958.0,32768784.0,45635656.0
臺北市中山區龍江路３４２巷４２號六樓,25.0654699863239,121.538689966099,23200012.0,20648100.0,15445610.0,19484604.0,21392836.0,23755394.0,31252154.0
臺北市北投區致遠二路５巷９號二樓,25.1141700172397,121.511569983098,7999997.0,13235215.0,9814401.0,10356291.0,13879490.0,18273290.0,21580496.0
臺北市大同區迪化街二段８８號,25.06546701,121.509431,12680010.0,10735451.0,6119868.5,7085218.5,11665520.0,15126857.0,17207998.0
臺北市信義區信義路五段１１１號五樓之３,25.0333199813186,121.57324000335,33500028.0,25763916.0,15570642.0,18855432.0,26198356.0,27944820.0,38361264.0
臺北市萬華區環河南路二段２３號二十四樓,25.0335099990636,121.492490005443,21899986.0,22709748.0,517191.22,13981093.0,27739676.0,29846222.0,34297600.0
臺北市中山區龍江路３７０巷１３號四樓,25.0664899801214,121.540180017026,17249994.0,14069693.0,11814381.0,12748834.0,15184209.0,16743170.0,21094098.0
臺北市松山區三民路１０８號二樓之１１,25.0575000117801,121.563769961504,26549982.0,24397764.0,10789336.0,17280258.0,24810588.0,29326612.0,33302534.0
臺北市南港區舊莊街一段６４號二樓,25.0410200166707,121.618600013488,12599994.0,12972095.0,8090887.0,8700601.0,13914797.0,17399950.0,20428066.0
臺北市中山區敬業三路１６２巷１３８號十一樓,25.0772800040791,121.559829964098,28599982.0,27578666.0,20220132.0,22071498.0,26499390.0,32336464.0,43429144.0
臺北市內湖區陽光街６８巷１５９號五樓,25.075750013383,121.5829399608,31499970.0,31384526.0,19163984.0,25853164.0,28652508.0,30471478.0,49032530.0
臺北市大安區敦化南路一段１７７巷３０號二樓之２,25.04294999,121.55058,15800014.0,14692554.0,1177314.5,8061811.0,17694738.0,18291284.0,25943214.0
臺北市信義區虎林街７４巷２０號四樓,25.0440600072239,121.576109966997,14499987.0,14054780.0,7073586.0,9150872.0,13412137.0,18176064.0,21702304.0
臺北市北投區奇岩路３７巷８號,25.13273899,121.507428,7000002.5,8828451.0,6716023.5,7231724.5,8877258.0,13017130.0,15866150.0
臺北市內湖區民權東路六段１８０巷６６號二樓之１,25.0665699853872,121.592519973215,19880012.0,16423682.0,12823020.0,12853408.0,20574860.0,22724524.0,27387336.0
臺北市內湖區星雲街１６３號,25.08125998,121.596442,21400020.0,22602882.0,16309398.0,19097208.0,22707584.0,23711394.0,36331284.0
臺北市信義區忠孝東路五段３７２巷２７弄２號二樓,25.0395699893309,121.574540036532,25180012.0,27167312.0,16549653.0,19247026.0,25835024.0,29412320.0,35477216.0
臺北市內湖區民權東路六段９０巷２５弄９號四樓,25.0673599797615,121.586509981,11190006.0,10587576.0,7773505.5,9014914.0,9637836.0,12533025.0,17046880.0
臺北市大安區光復南路９８之２號,25.04427299,121.557542,32379976.0,26232008.0,17493558.0,21012380.0,24362424.0,26014616.0,37859564.0
臺北市文山區景華街１０４巷５號,24.9950800207421,121.546320012559,18300008.0,15940649.0,11127411.0,12866973.0,16037078.0,17287642.0,22998316.0
臺北市北投區西安街二段２８１號十二樓,25.1204600069301,121.506500021325,26380022.0,23090398.0,13273414.0,17174322.0,24596248.0,26338696.0,34974724.0
臺北市北投區中山北路七段２１９巷３弄４３號五樓,25.1270499849352,121.530539990184,14600004.0,14263890.0,8892535.0,13426470.0,14414917.0,16104698.0,21262460.0
臺北市中山區合江街１０２巷３６號四樓,25.05868999,121.53841,62880044.0,50750670.0,22792892.0,35160736.0,52287820.0,65548350.0,80630616.0
臺北市內湖區成功路三段１１７號,25.078912,121.589818,17179990.0,14098222.0,10493788.0,11187808.0,12369374.0,15597423.0,21071780.0
臺北市松山區民生東路五段１３８巷９號五樓之１,25.058069981196,121.56171002498,26679988.0,21529350.0,15452948.0,18973040.0,24357128.0,27062688.0,32230614.0
臺北市文山區辛亥路四段１２８之６號十樓,25.0050699920417,121.556920018772,20659998.0,20883884.0,10715669.0,13079997.0,20881056.0,23776020.0,34174704.0
臺北市士林區東山路１００巷１２號五樓,25.1134200045436,121.538809994952,15000010.0,15477726.0,7928117.0,13296726.0,13541613.0,16162519.0,21944392.0
臺北市南港區研究院路二段１２巷５８弄１之１號,25.04729802,121.613907,15000010.0,14693283.0,11190433.0,12387484.0,13425984.0,16079192.0,22007348.0
臺北市南港區舊莊街一段１９９巷１１弄６號,25.04017784,121.6214927,18999984.0,15519052.0,7889003.5,9894924.0,15347409.0,19051586.0,24545026.0
臺北市大同區承德路三段８巷１９號,25.06378501,121.516887,18000012.0,17993284.0,14920371.0,16666352.0,20488784.0,23113046.0,28893926.0
臺北市南港區松河街７７２號五樓,25.0614600000258,121.611940004682,31000018.0,43461876.0,19428420.0,26464790.0,40421310.0,50312430.0,66158290.0
臺北市松山區民生東路五段１３７巷４弄３９號二樓,25.0599699910078,121.563099995983,31110012.0,27418748.0,15756858.0,22716940.0,25643460.0,32396654.0,41222876.0
臺北市內湖區內湖路一段７號三樓,25.0848600105778,121.560530020651,38279984.0,32772784.0,17260132.0,22044656.0,33876108.0,37786988.0,51628010.0
臺北市士林區基河路３００巷２３號五樓,25.0937200175103,121.518610027395,55380000.0,349198200.0,-1.0,55122230.0,149740910.0,485165200.0,485165200.0
臺北市信義區基隆路一段３８０巷３４號,25.03454378,121.5582554,18999984.0,15180907.0,10578795.0,10857337.0,14469044.0,20476750.0,24598688.0
臺北市內湖區內湖路一段３２３巷２１弄１５號四樓,25.0840400089901,121.568840007097,13719987.0,13417868.0,10170618.0,10732667.0,13757381.0,14214379.0,20033258.0
臺北市北投區中山路４７號十樓之１２,25.1387600065855,121.511790008057,2750001.0,4098842.2,2323978.5,3294812.8,4049552.0,7192485.5,8253700.0
臺北市大安區金山南路二段１８８號二十樓之１,25.028170014279,121.526009990613,62299976.0,31484834.0,1582011.1,15094952.0,29852712.0,37044108.0,51669384.0
臺北市北投區致遠二路６１巷１０號三樓,25.1150499913446,121.511179973144,6450002.0,7798767.0,6828763.0,6992569.5,8196665.5,10702454.0,13163364.0
臺北市中正區仁愛路二段６５巷１３號四樓,25.0393599807468,121.530409986866,24000004.0,19788046.0,13809276.0,15472885.0,18549056.0,21933052.0,31336076.0
臺北市信義區吳興街２８４巷５之６號,25.025515,121.564,18699994.0,19547402.0,13507639.0,16808188.0,17992770.0,20331238.0,27374800.0
臺北市北投區吉利街２８０巷４０號,25.11718499,121.509942,9999996.0,11534298.0,10795347.0,10809894.0,11904999.0,18675258.0,19700150.0
臺北市萬華區萬大路３８７巷３９號五樓,25.021720014057,121.499859961448,12500008.0,11655200.0,9696619.0,11524006.0,12781289.0,18217958.0,21016628.0
臺北市北投區大度路三段２７０巷６７號十四樓,25.12530001,121.46735,14300011.0,11027326.0,3937399.8,6699532.0,12237165.0,16480008.0,19947544.0
臺北市信義區松山路４１１號三樓,25.0412399997195,121.577990027879,15700009.0,14793759.0,5758715.0,8916500.0,12770397.0,18298996.0,22316000.0
臺北市內湖區環山路二段５０巷１０弄６號,25.08711202,121.573568,92000020.0,56358640.0,29964694.0,37664520.0,65456400.0,88855050.0,105529656.0
臺北市北投區公路４２３巷１７號七樓,25.13289,121.50253,21500010.0,19469484.0,10441897.0,17130844.0,22939740.0,31218850.0,31614514.0
臺北市北投區行義路３１巷１號三樓,25.1254199981342,121.526690014418,3499999.0,3712507.0,3808412.8,4344315.5,4592447.5,8280679.5,9654174.0
臺北市內湖區金龍路２１號,25.08476701,121.594634,15000010.0,16550411.0,12820452.0,13294393.0,16086217.0,19783480.0,25681982.0
臺北市北投區文林北路２７２巷９號,25.10956802,121.513453,10999996.0,18104340.0,11935260.0,13501071.0,17904718.0,22327538.0,27845272.0
臺北市大安區復興南路二段３２７號五樓,25.0238400069176,121.543569993947,31799996.0,23254238.0,12666643.0,23058094.0,33433388.0,33968308.0,41285510.0
臺北市中山區明水路３９７巷７弄４９號五樓,25.07808999,121.55015,49999988.0,36666132.0,22761440.0,31759080.0,39952980.0,44544852.0,62724560.0
臺北市萬華區武昌街二段７２號,25.044806,121.506211,9999996.0,9581182.0,7273667.5,8047262.5,9434529.0,14157316.0,14832438.0
臺北市大安區和平東路二段２８３巷８號三樓,25.0254099792919,121.544570038814,22710008.0,22822996.0,9808431.0,17575398.0,28744796.0,31231834.0,35872756.0
臺北市內湖區內湖路一段４１１巷９弄１２號三樓,25.0821599900174,121.571549960213,14849989.0,15467928.0,12929904.0,14156910.0,15616534.0,16774784.0,22590598.0
臺北市文山區福興路４巷６弄２７號二樓,25.0041900179368,121.552439975344,10499994.0,16416322.0,13040116.0,14259837.0,17689878.0,18883362.0,24461556.0
臺北市中山區敬業三路１６２巷６５號,25.078322,121.559175,26100002.0,26444204.0,18793568.0,21427508.0,25108984.0,29217572.0,39263184.0
臺北市中山區南京東路三段８９巷２７弄１１號九樓,25.0540200132197,121.538300039963,79599944.0,47211984.0,27411740.0,40806076.0,51661304.0,64769250.0,81591960.0
臺北市萬華區雙園街１２號二樓,25.0292700133423,121.494720010783,10999996.0,10078427.0,7538774.5,7870419.5,11277770.0,16834402.0,18061054.0
臺北市信義區基隆路一段３６４巷４５號三樓,25.03553,121.55905,4199999.0,2831157.0,4192579.5,4963129.5,5247096.0,8052882.5,10681998.0
臺北市中山區建國北路二段９９號五樓,25.0589300063713,121.537320027844,31499970.0,29086738.0,19788838.0,26339448.0,26482362.0,28596874.0,40407976.0
臺北市中山區復興北路４４８號六樓之８,25.062720683849,121.543981115059,10999996.0,13140135.0,10312728.0,11062043.0,11158122.0,14038116.0,19015066.0
臺北市萬華區萬大路１３７巷１９號三樓,25.02909999,121.50106,4400000.0,3750720.5,2225294.5,3062936.5,4472317.0,8701597.0,9765702.0
臺北市中正區重慶南路三段１７６號五樓,25.0229960683313,121.516768244131,8679998.0,7695686.5,5779490.0,6850301.0,6869057.0,10182963.0,12473714.0
臺北市信義區忠孝東路五段７１巷１２弄１０號三樓之３,25.0419400143632,121.566709997862,13879993.0,13127360.0,9748840.0,10546540.0,12686808.0,14450814.0,20424326.0
臺北市信義區基隆路二段１７７號三樓之３,25.02507001,121.55378,21780016.0,21078172.0,12763554.0,15790163.0,23687392.0,24364888.0,34123704.0
臺北市北投區新興路１６６號二樓,25.13866998,121.48675,6800000.0,7714968.5,3423244.5,4599214.5,8263608.0,11268653.0,13881555.0
臺北市中正區水源路２３之３號五樓,25.0170699856323,121.525180014561,18749996.0,17720406.0,14266203.0,14516064.0,17278346.0,19285024.0,26752194.0
臺北市萬華區長泰街１３９巷８號,25.02172999,121.497425,9999996.0,16860880.0,12276136.0,15905146.0,19991194.0,23941116.0,26911150.0
臺北市中山區復興北路５００號六樓之１,25.062720683849,121.543981115059,10499994.0,19939746.0,14258477.0,17128196.0,17857380.0,18845654.0,28978812.0
臺北市士林區忠誠路一段１７３巷３８號七樓,25.1084499969652,121.532530021636,57000036.0,50571236.0,33774370.0,46291230.0,55591344.0,75884280.0,85096340.0
臺北市信義區永吉路２７８巷４２弄１５號三樓,25.0443099974861,121.573549966129,16800016.0,15033120.0,10247728.0,10471195.0,14307705.0,18408988.0,21791152.0
臺北市中正區南昌路一段７之１號三樓之３,25.0320600136333,121.516710017583,13000010.0,13149813.0,9547434.0,10625690.0,12221187.0,14936288.0,20351220.0
臺北市松山區延壽街３３０巷１２號六樓,25.0556100183426,121.560100029018,49999988.0,38045024.0,25097446.0,31458782.0,43338204.0,55066330.0,61257530.0
臺北市中正區牯嶺街１２０號七樓,25.0241500116066,121.518949997387,22900004.0,19293118.0,15568385.0,18363784.0,18626876.0,21683892.0,28705076.0
臺北市內湖區新豐街１５６號三樓之１,25.0613199803332,121.585389991098,54000012.0,37839640.0,19077840.0,23429784.0,38032690.0,45306868.0,62257452.0
臺北市北投區石牌路一段３９巷７０弄１７號,25.1156407,121.5105577,6600000.5,18767670.0,12992152.0,16292298.0,20372618.0,23196384.0,27673354.0
臺北市大安區新生南路一段１３９巷６弄９號四樓之１,25.0358500168826,121.53361002986,18999984.0,17132706.0,10827062.0,12102974.0,15261966.0,17351696.0,25567468.0
臺北市內湖區瑞光路２３５巷９號六樓,25.0733215669419,121.57972380189,20200010.0,17254766.0,14477464.0,15284805.0,17123134.0,19565828.0,27528476.0
臺北市中山區北安路５９５巷９號四樓,25.0822099880698,121.54806001184,4149998.8,4139717.5,5239320.5,5303133.0,6242173.5,9100031.0,10323533.0
臺北市中山區長春路２５８巷１５號二樓之１,25.05407001,121.53926,72499940.0,77964510.0,25827388.0,37617924.0,69264950.0,84857910.0,125498010.0
臺北市北投區大興街９巷４號,25.13009002,121.49781,22499994.0,23200676.0,10155672.0,14409007.0,20037538.0,23646042.0,38847376.0
臺北市中山區中山北路三段２５號,25.06523701,121.522477,1799999.4,1950950.1,2501193.0,2810049.2,3997929.0,7759137.0,9322195.0
臺北市北投區中央北路三段３６號,25.1383199985783,121.485730000532,15000010.0,9050456.0,4002193.8,5778674.0,11270050.0,14792123.0,16825670.0
臺北市中山區中山北路一段８３巷２０號六樓之５,25.0499899941729,121.523679989168,5880000.5,9230826.0,6878490.0,8632078.0,8762738.0,11847576.0,14411865.0
臺北市士林區社子街１２６巷１８號四樓,25.0879999972358,121.504490040943,10499994.0,11112437.0,7792343.5,10040112.0,14170202.0,17027772.0,18376890.0
臺北市南港區東明街１巷５號五樓,25.0563899963425,121.604989982026,6500001.0,11917630.0,8856422.0,9108713.0,11514954.0,14233072.0,18884010.0
臺北市內湖區文湖街１１巷２９號二樓,25.0856500049521,121.559029995258,23280022.0,21608998.0,13589713.0,15927368.0,20820050.0,22603312.0,30731154.0
臺北市信義區松山路４６５巷２７弄２１號四樓,25.0405600178244,121.578920000037,16500011.0,19328440.0,7896259.5,12205230.0,17801404.0,19563924.0,25927336.0
臺北市內湖區文德路９９號五樓,25.0786900078313,121.583359977968,20000004.0,20319802.0,4536602.5,16384759.0,20754908.0,21412390.0,29028600.0
臺北市大安區安和路二段２２７巷１號,25.02548998,121.550486,26569992.0,23792624.0,16103684.0,19302614.0,23622782.0,28522464.0,36693908.0
臺北市士林區社子街１２５巷２９號三樓,25.0889100204636,121.506359959723,8799997.0,9067389.0,6596407.5,6606562.5,10049806.0,14922278.0,15328949.0
臺北市松山區三民路１５５巷１號,25.06141398,121.562884,23800020.0,22347776.0,16671502.0,22471216.0,23369264.0,32143928.0,33741012.0
臺北市中山區新生北路二段８３號,25.05709638,121.527982,34000004.0,33029068.0,20454930.0,27253362.0,27323992.0,29966922.0,46745150.0
臺北市內湖區康寧路三段５６巷４３號四樓,25.0701599964267,121.609259974961,15500001.0,15355813.0,11618511.0,12815832.0,15193363.0,16554294.0,22600554.0
臺北市萬華區德昌街４４號五樓,25.0250599929248,121.49875002983,9500005.0,8016608.0,6668832.0,7200481.0,7654470.0,11867229.0,13706438.0
臺北市士林區中山北路七段８１巷１６弄９號八樓,25.1222099806751,121.530230027405,48880040.0,42787410.0,18246682.0,32903816.0,46476132.0,59062450.0,71135910.0
臺北市士林區重慶北路四段４９巷１５弄６號,25.0813199975907,121.511850022484,20289980.0,13516118.0,9786511.0,10371017.0,13847548.0,17889936.0,21372852.0
臺北市中山區吉林路３６９號四樓之１３,25.0650599855301,121.530479975757,7400001.0,6551931.0,5074759.0,5294027.0,6334182.0,9731990.0,12276534.0
臺北市中山區德惠街４５號,25.06674299,121.526995,6250000.5,5257535.0,4754341.5,4843251.0,5630703.0,9217631.0,10527427.0
臺北市萬華區長泰街２８２巷１１弄１５號,25.02141998,121.4931,10600002.0,10591636.0,5238036.5,6746001.0,12207628.0,16818964.0,18130602.0
臺北市文山區福興路９９之１號三樓,25.0067700096438,121.548819999,11400006.0,13810514.0,11510430.0,12629154.0,16162150.0,18355870.0,22671706.0
臺北市中正區羅斯福路三段２號十八樓,25.0188399921259,121.529810010237,76880030.0,49328196.0,19477174.0,42585656.0,58147880.0,61543868.0,77528990.0
臺北市松山區光復北路２１４號十七樓,25.0556300091816,121.55541999338,35000016.0,27479322.0,16560357.0,26607064.0,31139162.0,38272390.0,45664040.0
臺北市中山區八德路二段２６７巷９弄２號五樓,25.0473700207879,121.541439984712,8500000.0,15668120.0,11230867.0,12783752.0,14413954.0,17325736.0,23088944.0
臺北市內湖區成功路五段４５０巷４號八樓,25.0747200032113,121.607189980153,35000016.0,30496656.0,16217733.0,20849060.0,28291702.0,29181872.0,42413884.0
臺北市中山區北安路４５８巷４７弄１８號,25.07818999,121.54615,16300006.0,12778657.0,10305433.0,12996910.0,13111720.0,16477776.0,21026012.0
臺北市文山區羅斯福路五段２３６巷３弄４６號十一樓,25.0006800121631,121.538319988893,9999996.0,24166242.0,18286994.0,23195808.0,26291516.0,31443904.0,39984850.0
臺北市信義區光復南路４５５號十二樓,25.0345100020219,121.557729962076,26999992.0,24770112.0,16470423.0,20407192.0,27196864.0,32240022.0,37260810.0
臺北市萬華區萬大路４２３巷１２７號,25.02212599,121.502346,6500001.0,5984200.0,4904063.0,6384854.0,6574865.0,12065082.0,12581622.0
臺北市大安區建國南路一段２１２巷１１號,25.03975329,121.5358427,34000004.0,23221218.0,14329772.0,14565514.0,23653396.0,25316876.0,34776760.0
臺北市中山區長春路２４７號三樓之５,25.05478,121.53956,10999996.0,11773552.0,8040312.5,8550008.0,11162869.0,15297842.0,18486010.0
臺北市北投區中央北路三段２５０號四樓,25.1359599899202,121.479880018849,7999997.0,9044278.0,5079635.0,6672484.0,9613858.0,11235474.0,15193566.0
臺北市中正區和平西路二段１６０號,25.03306999,121.505464,15000010.0,15419854.0,11763586.0,15218683.0,16571290.0,21315450.0,24694024.0
臺北市萬華區桂林路１０９號,25.03856701,121.500843,22799980.0,30040288.0,12963414.0,21227612.0,30917408.0,32839800.0,45393624.0
臺北市北投區文化三路２９號七樓,25.1382700005259,121.497710003284,16300006.0,22133468.0,12860176.0,18398528.0,19679720.0,22436356.0,31342054.0
臺北市中山區建國北路一段５０巷２７號四樓,25.0479399902038,121.53516998586,32799988.0,26114492.0,15374686.0,18674722.0,29615086.0,33121996.0,44298800.0
臺北市士林區天母東路５０巷２０號三樓之３,25.117420016377,121.533220019905,16300006.0,15508636.0,11522776.0,11839985.0,15438865.0,18349044.0,23698960.0
臺北市文山區興隆路二段１５４巷１４號,25.00094601,121.551306,14199990.0,16444589.0,13811463.0,15376153.0,16930714.0,19973584.0,24002018.0
臺北市南港區研究院路二段７０巷３７弄１６號,25.04588198,121.613413,20260010.0,19597202.0,14988198.0,17290248.0,18350444.0,21838668.0,28749952.0
臺北市信義區仁愛路四段４５２巷１５號,25.03667002,121.55935,42999960.0,33569748.0,20704456.0,28692704.0,30636928.0,37285690.0,50499040.0
臺北市內湖區環山路一段２４巷３６號三樓,25.0844200025706,121.563899964822,10899998.0,9115074.0,7250694.5,7387689.5,8950254.0,10571756.0,14715524.0
臺北市中山區長安東路一段６５巷２０號,25.04910499,121.527524,27999986.0,27117872.0,16079898.0,20328330.0,29477354.0,31080892.0,44380330.0
臺北市中山區興安街２８號,25.0560700171888,121.53827003275,26999992.0,14626204.0,9525261.0,9541736.0,13425446.0,17669072.0,22657224.0
臺北市文山區辛亥路七段７６巷２４號五樓,24.9818299920214,121.554829991215,11299991.0,14107610.0,11535530.0,12447690.0,14669621.0,16488686.0,20922478.0
臺北市內湖區金湖路３６３巷５１弄３５號二樓,25.0740399794067,121.600970021263,25440990.0,30617184.0,15584785.0,18595036.0,31608906.0,35401650.0,51946360.0
臺北市松山區民生東路五段９８號四樓,25.0584400003117,121.560209999587,16500011.0,13982453.0,8752357.0,9391171.0,13015665.0,17303212.0,20868674.0
臺北市士林區大東路８４巷１５號三樓,25.0912199891597,121.526260022785,21600014.0,20235564.0,13219850.0,16053268.0,20001720.0,23123584.0,30372082.0
臺北市文山區景華街１３巷６之１號,24.99541999,121.54249,32699980.0,31136548.0,18454304.0,22927274.0,26870938.0,29416752.0,44113390.0
臺北市士林區社中街２５０巷１號五樓,25.09197,121.50747,12899999.0,12582174.0,9694270.0,12274871.0,14920712.0,19312336.0,21857672.0
臺北市南港區南港路三段３５６號五樓,25.0515999901349,121.580450032642,21600014.0,16813736.0,10742805.0,13853412.0,17769314.0,18862736.0,27501606.0
臺北市中正區三元街２６６號二樓,25.0273399963171,121.513890010078,14199990.0,12370200.0,9894131.0,11690980.0,12876376.0,18109140.0,20239578.0
臺北市內湖區安康路３１５巷１之１號,25.0667999848103,121.614579968906,6129997.0,16353225.0,11064639.0,12306918.0,16130921.0,18737804.0,25267092.0
臺北市文山區辛亥路四段２０９巷３６號十一樓,25.0025700056006,121.555500040555,27299978.0,24666532.0,14189161.0,17981516.0,26968444.0,29917922.0,42478572.0
臺北市內湖區成功路五段４５０巷２３弄２３號,25.073893,121.608649,73999980.0,61319250.0,25749916.0,46689016.0,63091964.0,73450870.0,103495240.0
臺北市內湖區安泰街８２號,25.0762,121.616745,12299995.0,13856584.0,11223008.0,11569463.0,13973228.0,18020520.0,22646120.0
臺北市內湖區環山路一段１３６巷６３號四樓,25.0885200105088,121.568189990506,14499987.0,15190842.0,8601886.0,11217508.0,16066776.0,17450836.0,22672874.0
臺北市大安區永康街７巷６號四樓之１,25.03303998,121.5306,37799964.0,27596346.0,16773696.0,23494988.0,28671696.0,30281846.0,40265336.0
臺北市萬華區西園路二段２６１巷３９號,25.024953,121.493451,22599994.0,10864504.0,5144288.0,5886739.0,13726243.0,21579384.0,25170504.0
臺北市萬華區大理街１７０巷８號五樓之４,25.0329228301789,121.492930916466,15999987.0,17618694.0,11200084.0,15997942.0,19778800.0,22235486.0,29660366.0
臺北市萬華區中華路二段５２０號八樓,25.02553998,121.50824,12800001.0,10724502.0,10401426.0,10518195.0,11955287.0,16823488.0,20207486.0
臺北市內湖區康寧路三段９９巷１７弄４號四樓,25.0723200128751,121.609990038727,18749996.0,17077014.0,12356712.0,15096218.0,16893264.0,18812756.0,24870618.0
臺北市南港區東新街１７０巷２３號四樓,25.0440300000105,121.593060019237,16099999.0,13798166.0,10221336.0,10464706.0,12688309.0,14676898.0,21029862.0
臺北市大同區寧夏路１１號,25.05470599,121.515035,6500001.0,8607983.0,8379872.0,8431714.0,8822037.0,13265467.0,14009522.0
臺北市大安區青田街７巷１２弄５號三樓,25.0278300023767,121.53372000043,27099982.0,18086012.0,15987388.0,17212364.0,18396668.0,21755064.0,28795336.0
臺北市松山區南京東路五段２３９號,25.05161642,121.5649724,14799996.0,14844127.0,10850981.0,12598143.0,13943916.0,16094012.0,23555428.0
臺北市內湖區港墘路１巷１１號,25.08388,121.578893,16899998.0,16472308.0,14391813.0,16501585.0,17614292.0,17759048.0,23349840.0
臺北市文山區辛亥路四段７７巷９２弄９號三樓之７,25.0087799900252,121.56122001892,9080006.0,10566897.0,7768866.0,8886025.0,10413832.0,12457452.0,16906640.0
臺北市中山區民族東路２７４號五樓,25.0680099963527,121.535639959171,19499996.0,14774471.0,11989380.0,13226458.0,15000410.0,18041878.0,23289304.0
臺北市松山區民生東路五段１９２號,25.05822098,121.564262,14579996.0,12987841.0,7636213.0,9202839.0,12164466.0,18263918.0,21285832.0
臺北市信義區光復南路４１７巷３號四樓,25.03673419,121.5608894,58999960.0,43201616.0,24398044.0,33063798.0,44507652.0,53100900.0,70904820.0
臺北市士林區芝玉路二段２０巷１１３號六樓,25.1112700044696,121.53565999192,15600012.0,31150566.0,22590772.0,30895184.0,36334196.0,45608420.0,57272150.0
臺北市中山區合江街１１６巷２９號三樓,25.0592200202212,121.537940037222,19079988.0,20368072.0,13542594.0,17317542.0,18815734.0,21941128.0,27444020.0
臺北市松山區八德路二段３６６巷４０弄１號三樓,25.0464599975601,121.545809973751,28399996.0,23142204.0,17401676.0,19416566.0,22831096.0,28569342.0,34316508.0
臺北市萬華區西藏路１２５巷９號七樓之３,25.0286500039644,121.502360031708,8239999.5,20239192.0,14778896.0,18367744.0,21216196.0,27028126.0,27899392.0
臺北市中山區新生北路一段１１０號,25.05021572,121.5279281,9339993.0,7923635.0,6312743.0,6533705.0,8118240.5,12125549.0,13647066.0
臺北市北投區石牌路一段１６６巷２６號二樓,25.11393,121.5137,20080004.0,21482138.0,12633202.0,18100922.0,25336586.0,28763664.0,36110556.0
臺北市大安區光復南路２４０巷５３號二樓,25.0406600139293,121.55502000896,6500001.0,7134717.0,5325316.0,6228223.0,8185096.5,12700173.0,16860752.0
臺北市萬華區西昌街８１之１號,25.04141501,121.500983,6374997.0,8766592.0,6677595.5,7047601.0,8811594.0,11860825.0,13579712.0
臺北市士林區德行東路３３號六樓,25.1102500106721,121.537720012263,6540750.0,8832004.0,6285009.0,6330709.5,7832845.5,12504992.0,14096958.0
臺北市大安區辛亥路一段９３號七樓之３,25.0218200101619,121.531090010671,46399960.0,43717116.0,27452344.0,39171628.0,41558080.0,47817732.0,68145720.0
臺北市中山區通北街１２３號五樓,25.0837999931927,121.538189985574,44179990.0,43810520.0,28756258.0,31632608.0,43085096.0,59449776.0,72560390.0
臺北市大安區忠孝東路三段２１７巷５弄１５之１號,25.04324902,121.538991,48000030.0,36389680.0,21323584.0,29722378.0,35430964.0,39700480.0,61325450.0
臺北市松山區敦化北路１２０巷１１號,25.053794,121.547278,26799996.0,27389008.0,20008360.0,25305144.0,26168840.0,29933276.0,39624000.0
臺北市信義區光復南路５６７號五樓,25.0307300151469,121.557580009828,22499994.0,16269349.0,11885170.0,12803859.0,17810132.0,20816754.0,25277986.0
臺北市大安區大安路二段５３巷２號三樓,25.0312299956713,121.546299979811,20899982.0,18058954.0,11917130.0,12129874.0,15993274.0,18737912.0,26053846.0
臺北市中山區吉林路３４３巷４４號,25.0642000022643,121.532289963929,26880012.0,22016040.0,11720206.0,14069452.0,18866406.0,20851446.0,30520978.0
臺北市南港區中坡北路９６號五樓,25.0481499987879,121.580379959932,22799980.0,18630430.0,14250130.0,15960242.0,19172758.0,20117804.0,27887900.0
臺北市北投區石牌路二段３１５巷３７號,25.12397068,121.5220981,48000030.0,53208876.0,30874096.0,38306280.0,64523628.0,92717160.0,104076430.0
臺北市松山區民權東路三段１６０巷２號十二樓之１,25.05982,121.547,11999996.0,11015954.0,9845806.0,10550967.0,10614488.0,16637322.0,19083190.0
臺北市萬華區長泰街７３巷６弄１８號,25.022236,121.499922,10999996.0,12397032.0,11290253.0,13780860.0,16599571.0,23277492.0,24307422.0
臺北市信義區基隆路一段１８６號三樓之１,25.0420799921463,121.564790039121,24000004.0,19860304.0,13926241.0,15517069.0,22439052.0,25939652.0,32567464.0
臺北市大同區長安西路１２３號九樓,25.0513000018202,121.515649958288,26299992.0,27967374.0,15876534.0,20052486.0,24878968.0,25027128.0,38881620.0
臺北市北投區中和街３９９之４號四樓,25.14273001,121.49841,8200004.0,9858791.0,6533717.5,7588046.5,10320363.0,11871078.0,15821878.0
臺北市大安區泰順街５４巷１３號,25.022896,121.530334,29200024.0,26979452.0,17039696.0,24435814.0,24933218.0,28917302.0,38726050.0
臺北市萬華區成都路１５５號四樓,25.0435399939509,121.503080037191,8480002.0,11115362.0,8459832.0,9160197.0,10471035.0,12253538.0,17129634.0
臺北市北投區溫泉路６８巷６弄６號,25.134589,121.505322,25949994.0,32321480.0,19083044.0,25823644.0,35856476.0,44212196.0,54513404.0
臺北市士林區德行東路９０巷１１號二樓,25.10703002,121.52801,12440000.0,13211860.0,10237237.0,10382457.0,13552000.0,17031670.0,20501918.0
臺北市松山區八德路二段３６６巷１３弄２號,25.04748079,121.5462559,28999988.0,28491036.0,17026376.0,24021528.0,26412848.0,33232420.0,38966852.0
臺北市中山區中山北路二段５９巷４５號十六樓之８,25.05596998,121.52454,11500007.0,8353190.5,5369596.5,6382199.5,9653124.0,14986398.0,15257920.0
臺北市北投區石牌路二段３１５巷３４弄３號,25.12393452,121.5225531,31999990.0,34973460.0,20987106.0,28440650.0,41457536.0,50179120.0,57655656.0
臺北市文山區木柵路一段３３５巷１１弄７號二樓,24.9889899813519,121.556929993237,11500007.0,12517688.0,9398859.0,10700780.0,12654376.0,15988059.0,18549586.0
臺北市中山區新生北路三段８２號,25.06713602,121.527416,9600005.0,8201967.0,6227415.5,6531319.0,7603889.5,12078114.0,12682550.0
臺北市萬華區青年路１７６號,25.02076301,121.50286,7500001.0,4958644.5,3958672.8,4372096.0,5333707.0,9598962.0,11092532.0
臺北市松山區民生東路五段６９巷２弄２６號,25.05916001,121.559693,33624988.0,27917384.0,16598811.0,25817044.0,30685410.0,35332030.0,42938820.0
臺北市松山區南京東路五段２５０巷９之２號,25.0500399922254,121.565899970739,31999990.0,27777480.0,15814305.0,17596764.0,23705742.0,26536414.0,40094972.0
臺北市松山區民權東路三段１０３巷２４弄１號,25.0637400034181,121.544800038238,15999987.0,18744524.0,12046296.0,12353530.0,16749750.0,19914964.0,27588504.0
臺北市文山區辛亥路七段５０號,24.98479731,121.5543358,5000000.0,11524336.0,10981863.0,11999446.0,12475522.0,17771212.0,19588568.0
臺北市南港區八德路四段８９５號十一樓之３,25.0510700023971,121.580539970463,9000001.0,8290565.0,6159109.0,6957978.5,8994081.0,12817372.0,13163163.0
臺北市內湖區內湖路二段３５５巷１５號四樓,25.0834500068256,121.592059974369,13000010.0,15196986.0,10425996.0,10703025.0,14369047.0,15890106.0,23782686.0
臺北市文山區育英街１１號,24.99057399,121.539259,36750012.0,33208786.0,24317764.0,30775204.0,38558590.0,45608680.0,54987190.0
臺北市萬華區雙園街６７巷３弄１號三樓,25.03024001,121.49424,4400000.0,4808925.5,3067374.0,3584824.2,5090488.0,10430650.0,10485985.0
臺北市中山區錦州街２１６號三樓,25.06029999,121.53154,15400014.0,13590258.0,7223377.5,7645103.0,11642825.0,14127185.0,21011980.0
臺北市北投區光明路２４０之９號,25.13633001,121.50782,7099998.0,7225355.0,5419499.0,5519021.0,7158981.0,11189280.0,13472697.0
臺北市內湖區內湖路一段２１７巷８９號,25.084239,121.565294,16699986.0,19254076.0,14429579.0,17920502.0,19390732.0,21325698.0,27803080.0
臺北市松山區富錦街３４６之１號三樓,25.0603999826407,121.557419999296,35500028.0,27877316.0,17362026.0,25466478.0,31864354.0,32364476.0,42321440.0
臺北市中正區新生南路一段１４２號二樓,25.0358799821864,121.532490039958,35000016.0,31414590.0,14767203.0,20683458.0,27638644.0,31058492.0,45826504.0
臺北市士林區中山北路六段４５０巷７弄５號,25.11396801,121.528174,31999990.0,33456096.0,21246164.0,27603296.0,29001758.0,36020784.0,54665212.0
臺北市萬華區環河南路三段２０９號二樓,25.021390018529,121.492339969376,9500005.0,9737412.0,4080632.0,5407233.0,11058141.0,15558945.0,16723159.0
臺北市松山區南京東路五段２５０巷２弄１９之１號二樓,25.0507799885472,121.567139989495,20000004.0,17095298.0,11949337.0,13493270.0,17890278.0,22812812.0,27807960.0
臺北市北投區中和街５００號,25.14539902,121.494387,11699992.0,10529476.0,6422626.0,9030316.0,12441447.0,16521615.0,18846876.0
臺北市大安區和平東路三段１巷４６號九樓,25.0265800091562,121.546580019196,20500002.0,19355740.0,16356875.0,17628476.0,20329454.0,25243440.0,30426296.0
臺北市文山區忠順街一段１１３號,24.98430001,121.559752,11999996.0,18392072.0,14711398.0,17042848.0,18439492.0,21716052.0,26914948.0
臺北市大安區復興南路二段９０巷１２號九樓之５,25.030229992713,121.542900028426,19199984.0,16750900.0,12143718.0,12562103.0,13854258.0,18428030.0,24956580.0
臺北市文山區興隆路一段２５１巷２弄６號,24.99943002,121.544496,11520006.0,13335408.0,10065230.0,11185824.0,12533144.0,16181767.0,20683616.0
臺北市北投區溫泉路８１號八樓之１,25.1355100074483,121.505840030269,12599994.0,15636951.0,11778472.0,13656544.0,15554910.0,19041886.0,24276842.0
臺北市內湖區星雲街１６８巷３５號八樓之１,25.07990002,121.59702,7200000.5,6889184.0,5816437.0,6767517.0,7053585.5,9889037.0,11338875.0
臺北市松山區健康路３２５巷２５弄１０號十一樓,25.0563700055035,121.566700023397,21000000.0,20935772.0,13520063.0,18022066.0,22522364.0,27030806.0,37058244.0
臺北市信義區光復南路４１９巷４９號五樓,25.0365699804558,121.558750039692,14110004.0,18348870.0,13092502.0,14493295.0,17056800.0,20935012.0,27171718.0
臺北市信義區和平東路三段３９１巷２０弄８１號,25.02125302,121.560675,22999982.0,20072154.0,13858196.0,15445198.0,20158712.0,20222754.0,29102554.0
臺北市內湖區民權東路六段１２３巷２７號二樓,25.06994001,121.59303,21500010.0,15811350.0,10014293.0,11297340.0,18519926.0,22245200.0,26368604.0
臺北市中山區農安街１９號,25.06503098,121.524022,21400020.0,12453674.0,8909479.0,10133826.0,14407633.0,16584887.0,19836528.0
臺北市松山區光復北路６之２號七樓,25.0495070105732,121.557947058331,26600010.0,23862794.0,18018526.0,21909010.0,22712262.0,25075004.0,34060108.0
臺北市內湖區金龍路６７巷５弄６號四樓,25.08578001,121.59313,15879986.0,15829062.0,10948588.0,12124832.0,15257426.0,18393370.0,24029502.0
臺北市信義區忠孝東路五段２３６巷６６號,25.03707,121.57111,656750340.0,11974956000.0,2646.5073,111278210.0,485165200.0,485165200.0,485165200.0
臺北市中山區建國北路二段３３巷１號,25.05533501,121.537473,32999976.0,28713508.0,20054322.0,27019106.0,27829344.0,31266582.0,40902388.0
臺北市中山區吉林路３９３巷２３號三樓,25.0657299929605,121.531329984558,13700009.0,13249511.0,10637979.0,10794935.0,14194358.0,17055856.0,19253268.0
臺北市中山區林森北路２５９巷９號,25.05438199,121.5260639,5399997.5,5488164.0,3973579.0,4627160.0,5988704.0,9904894.0,11701934.0
臺北市中山區龍江路２９２巷６號三樓之２,25.0613700202952,121.540289987596,21000000.0,19413344.0,15801250.0,16218352.0,18911332.0,19302320.0,28385536.0
臺北市中山區民權東路二段９２巷７弄２４號,25.06062801,121.532354,13660009.0,13515834.0,8080007.0,8401429.0,13585437.0,19909002.0,25443272.0
臺北市北投區中央北路四段３９８號三樓,25.1296200021774,121.470980030238,11400006.0,9718004.0,5823752.5,6991769.5,10351512.0,12765989.0,16520606.0
臺北市信義區基隆路一段３５０號六樓之１９,25.037009988463,121.561729973909,12750002.0,6839837.0,5542329.0,6403428.0,6598094.0,10642830.0,12343779.0
臺北市信義區光復南路４１７巷１８３號,25.03692298,121.559864,26679988.0,25844880.0,17793360.0,23625484.0,25933516.0,30848608.0,39183584.0
臺北市士林區延平北路五段２４４巷１２號,25.08460101,121.510443,10499994.0,8383133.0,6612708.5,7722079.0,7803186.0,14135649.0,14551797.0
臺北市萬華區萬大路１８７巷３５號四樓,25.0282500195449,121.501680007904,5819999.0,5493421.5,3591189.0,4156359.8,5326392.5,10002915.0,10608680.0
臺北市內湖區大湖山莊街２１９巷３１弄３３號五樓,25.0887399935577,121.600680007413,23800020.0,21383658.0,13477169.0,16936108.0,21557252.0,23260492.0,31847584.0
臺北市松山區富錦街４２１號,25.06101002,121.56111,26499996.0,24011268.0,16391448.0,21989684.0,27308726.0,29892312.0,35842664.0
臺北市內湖區康寧路一段２５３之３號二樓,25.0787299895094,121.59783996716,18799986.0,21229676.0,13707850.0,15102151.0,19735616.0,23353046.0,31447204.0
臺北市士林區承德路四段６３號七樓,25.0813199975907,121.523310011962,31000018.0,27939064.0,20200858.0,25917200.0,28267646.0,30606264.0,43546430.0
臺北市松山區市民大道四段３９之１號二十一樓,25.04527002,121.5458,186499940.0,148641950.0,1558329.6,44443776.0,121637770.0,175385710.0,190665020.0
臺北市內湖區新明路３１２巷２之６號,25.0557,121.58173,31979976.0,50751256.0,20777800.0,25964896.0,51897044.0,62108600.0,90939110.0
臺北市中正區忠孝東路一段８４巷２號九樓,25.0442400085946,121.524060024658,21899986.0,18024336.0,8790133.0,11985265.0,15154032.0,20055394.0,25960292.0
臺北市北投區中和街５０７巷６弄４號,25.144899,121.493906,10399997.0,13097248.0,7360698.5,10941532.0,14460823.0,17246212.0,21898732.0
臺北市大同區承德路三段６９號二樓,25.0656999857471,121.518559987433,21899986.0,20978542.0,12115054.0,16719810.0,22931866.0,23470352.0,34213052.0
臺北市信義區松山路４６５巷１４弄１３號,25.03893598,121.578738,17099994.0,18156280.0,9650124.0,12589544.0,18269526.0,23773252.0,26957334.0
臺北市中山區民權東路二段１３５巷３６號八樓,25.064380003635,121.534869997546,25099984.0,23493732.0,11518754.0,19780046.0,27230292.0,28491252.0,38852040.0
臺北市內湖區陽光街１６１巷３號,25.0745299854663,121.58544003106,22999982.0,18724978.0,11810236.0,14319007.0,17903932.0,20180138.0,27478536.0
臺北市中山區農安街６號,25.06485798,121.523225,12374991.0,15582437.0,11427654.0,12033000.0,15909788.0,19316830.0,22629584.0
臺北市信義區信義路五段１２７號,25.033964,121.573943,25880002.0,20219824.0,15273818.0,15491666.0,20606946.0,23033390.0,31655302.0
臺北市信義區吳興街５８３巷４弄３５號,25.02162002,121.56932,7319999.0,5896077.0,4149682.2,4489200.5,6998520.5,12021461.0,12363737.0
臺北市文山區木柵路三段４８巷３弄１８號四樓,24.9874899978691,121.56480998805,25380020.0,36239376.0,23601750.0,30877806.0,37787204.0,41136870.0,52254420.0
臺北市大同區歸綏街９７巷１８號,25.0593999796824,121.515820027104,31749996.0,29693536.0,4900533.0,24516252.0,31161442.0,46772620.0,51949136.0
臺北市萬華區中華路二段３６４巷１５號七樓之２,25.0283700064888,121.503810017139,31999990.0,30861024.0,19875462.0,27902212.0,39379056.0,49622904.0,51439480.0
臺北市中正區羅斯福路一段８３巷２號四樓之１１,25.0313799898286,121.519860020615,15700009.0,14389480.0,11168875.0,11640848.0,12834374.0,17018194.0,22141912.0
臺北市大安區復興南路二段５５號,25.03099501,121.543789,16919996.0,16900288.0,8517114.0,11063499.0,13545178.0,17467286.0,25160568.0
臺北市中山區新生北路二段１２７巷３０號,25.05972901,121.52948,13000010.0,10637390.0,6778717.0,7093643.0,10232689.0,17132280.0,19215444.0
臺北市松山區南京東路五段２３０號十一樓之１,25.0511399912886,121.565729985743,13499990.0,14817141.0,10454950.0,11133929.0,12265510.0,17310278.0,22044150.0
臺北市北投區泉源路３９之４３號,25.14144133,121.5071504,6200002.5,7712055.5,5836373.5,6191411.0,8723674.0,12557216.0,14601034.0
臺北市大安區四維路１７０巷２號四樓,25.028170014279,121.546740029727,46680020.0,38972204.0,15558322.0,25195818.0,32601522.0,37816480.0,52131080.0
臺北市大安區信義路二段６６號二樓之１,25.0342900189731,121.526119961183,68819980.0,54530044.0,25448708.0,35804604.0,54898220.0,60769920.0,84282216.0
臺北市內湖區內湖路三段６０巷１２弄７２號,25.08920029,121.5912462,8200004.0,6555418.5,4295525.5,5052246.5,6888258.0,10300697.0,11636542.0
臺北市內湖區內湖路一段３８７巷８號五樓,25.0824699947063,121.570199970887,69280020.0,47647850.0,27602452.0,38932676.0,48560840.0,59086900.0,82160870.0
臺北市大安區仁愛路四段４３３號十一樓,25.0380200077957,121.556709968279,68660024.0,52491064.0,21564612.0,36295960.0,47811624.0,53843990.0,75063740.0
臺北市士林區中正路２０１巷２０號,25.09443001,121.527019,5500000.5,2272196.8,3522669.5,3842424.8,4497089.0,10438551.0,12062092.0
臺北市大安區復興南路一段６２號,25.04452001,121.543582,15000010.0,13517227.0,8860258.0,9199856.0,12220138.0,22142800.0,24255228.0
臺北市北投區新民路５１之１２號,25.14009998,121.51029,7000002.5,7391100.5,3099369.5,4158239.0,8360777.5,9899020.0,14287661.0
臺北市中正區羅斯福路三段１３６號,25.02037799,121.528236,123456700.0,77027550.0,32468598.0,55104572.0,102160600.0,121870456.0,158866000.0
臺北市內湖區麗山街３４８巷１０弄７號四樓,25.0823599822271,121.573850038263,15700009.0,14849054.0,12373551.0,13222548.0,14209608.0,15802365.0,21805372.0
臺北市中山區民權東路二段１５２巷２２弄４號二樓,25.06065001,121.53506,22200016.0,21182758.0,10373629.0,13265062.0,18650908.0,19920928.0,29036240.0
臺北市萬華區國興路９８號四樓,25.02720002,121.50561,3450001.2,11290986.0,11011101.0,11334615.0,13048899.0,19322468.0,19465364.0
臺北市信義區林口街３８巷１４號四樓,25.0380200077957,121.580090029901,17500000.0,14360937.0,8863782.0,8879925.0,12436773.0,17862694.0,22958256.0
臺北市內湖區成功路二段４２６巷４２號,25.070449,121.588505,15079988.0,16170660.0,13100546.0,13656023.0,16720129.0,19771974.0,24849516.0
臺北市中山區新生北路三段４３號,25.065407,121.528041,9940000.0,9483404.0,6618626.5,7131757.5,8887228.0,13537558.0,15486289.0
臺北市北投區三合街二段４２２號七樓,25.1266899821938,121.502679968953,14379986.0,14810416.0,5946964.0,10182574.0,14615635.0,20274854.0,22383224.0
臺北市萬華區萬大路２７７巷４６號十樓之２,25.0252399942955,121.502579972848,12199993.0,12161752.0,8544897.0,10711970.0,12213288.0,16062824.0,22222808.0
臺北市北投區吉利街３２０巷３弄２號三樓,25.1174599980551,121.511580041382,10999996.0,9820280.0,8248365.0,8779116.0,9211567.0,15714270.0,15789741.0
臺北市中山區民生西路１６號,25.05770298,121.52215,6600000.5,6676099.0,5993155.0,6333753.0,7105749.0,10549377.0,12136887.0
臺北市大安區杭州南路二段６１巷１７號,25.03025401,121.523386,31299996.0,32538156.0,21044548.0,25147088.0,32522520.0,38437068.0,49576456.0
臺北市萬華區中華路二段５０６號,25.02584198,121.507873,10999996.0,11343547.0,1207417.2,9123580.0,13166176.0,16738732.0,23445208.0
臺北市士林區後港街２８巷６之１號四樓,25.0831599929757,121.522380039805,22000004.0,21205436.0,15952785.0,20471830.0,20719230.0,21906294.0,30770098.0
臺北市大安區永康街７５巷７號二樓之１,25.0289400178143,121.53024000187,17800012.0,16337606.0,12729882.0,12757664.0,15858556.0,18646890.0,26410934.0
臺北市內湖區麗山街３６２之２號五樓,25.0819299905942,121.572770030039,17300012.0,20070126.0,9646333.0,16801682.0,19264730.0,19592866.0,27058094.0
臺北市南港區興華路７７號,25.05523099,121.606069,35999972.0,30041376.0,14925665.0,20740226.0,32551688.0,34623016.0,47374716.0
臺北市內湖區金湖路３６３巷６７弄２２號三樓,25.0735099916689,121.599769984186,40200036.0,39700860.0,19876940.0,24508724.0,39380860.0,44809784.0,60806790.0
臺北市士林區中山北路七段１８２號七樓之５,25.1246699854381,121.533050034909,19800014.0,19459832.0,12660049.0,18310552.0,20663072.0,23004896.0,28940974.0
臺北市中正區博愛路２２３號八樓,25.0339488501658,121.510681361198,465600030.0,1473657700.0,369103.56,59949536.0,305276900.0,411754370.0,485165200.0
臺北市文山區興隆路一段５５巷２７弄１之１號,25.0043600029332,121.541780038523,21379988.0,20947954.0,13301216.0,15780288.0,19103730.0,21168298.0,29121876.0
臺北市中正區博愛路７７號十五樓,25.0436199992167,121.511609964777,113999910.0,174370370.0,8394990.0,63894508.0,174707940.0,197566800.0,218030130.0
臺北市內湖區內湖路二段３３９巷２號,25.08338002,121.591572,25260008.0,36088316.0,22643228.0,28162758.0,35504024.0,42110716.0,56903250.0
臺北市中山區林森北路３５１號,25.05698302,121.525623,60279988.0,50801130.0,12032770.0,37598844.0,55662536.0,76768230.0,88729050.0
臺北市士林區前街２１巷７號五樓,25.0979499868573,121.525029978494,7500001.0,16119910.0,12503370.0,14316413.0,14534682.0,16104483.0,22349992.0
臺北市士林區中山北路六段２９０巷１７之２號三樓,25.1098400098783,121.526179975609,21950000.0,22499350.0,16274626.0,20747584.0,22078528.0,24483352.0,31692276.0
臺北市文山區忠順街一段１６號十二樓,24.9838600051514,121.558409985881,49999988.0,61956330.0,30450736.0,49610504.0,71032056.0,90653370.0,108495600.0
臺北市大安區浦城街６巷２４號二樓,25.0229400000642,121.526690014418,15500001.0,13337850.0,7494788.5,7615348.5,11688460.0,15173062.0,20525238.0
臺北市萬華區西寧南路３０７號三樓之３,25.0381800183273,121.506440006898,8700004.0,12527504.0,8824124.0,9527042.0,12964774.0,16942892.0,20709788.0
臺北市士林區芝玉路一段２２６號八樓,25.108979984703,121.533910018175,65999984.0,53999090.0,36255970.0,45696456.0,58554776.0,87565784.0,96541250.0
臺北市內湖區金湖路７９號十樓之２,25.08145,121.5972,40079988.0,33596524.0,17468286.0,23229102.0,36864376.0,38100430.0,50301396.0
臺北市北投區中央北路三段２４６號二樓,25.136020004347,121.479980014954,15659993.0,20688704.0,4666151.5,13848894.0,22258060.0,23558888.0,30683888.0
臺北市士林區忠誠路一段１７１巷６號六樓,25.1071699965313,121.530679967967,31579980.0,26042468.0,20402366.0,26360356.0,27056598.0,30689916.0,37397440.0
臺北市士林區美崙街６２巷７號五樓,25.0974899880111,121.522130007633,18749996.0,21707108.0,15058144.0,18705024.0,19959570.0,21204586.0,29990424.0
臺北市中正區羅斯福路三段１２８巷２０號五樓,25.0200899853465,121.527549997683,15000010.0,12855664.0,9398518.0,10038810.0,12128209.0,14423910.0,21057838.0
臺北市松山區民生東路五段１９０號,25.05868199,121.564245,8900002.0,8537754.0,5502372.0,7430402.5,8236629.0,13843534.0,18790844.0
臺北市北投區育仁路１２巷１６號,25.13302,121.498395,6500001.0,8733322.0,6647732.0,6771642.0,8999829.0,15958902.0,17781486.0
臺北市中正區中華路二段７５巷７號四樓之８,25.0337799801649,121.506660031856,18000012.0,16668895.0,10066343.0,13018372.0,19155066.0,20397308.0,27521600.0
臺北市松山區寶清街１８之５號,25.05023198,121.568676,11799991.0,12480378.0,8303122.0,9642966.0,12718960.0,18870760.0,22131864.0
臺北市信義區忠孝東路五段４６９號十九樓之２,25.0409700186183,121.5771000374,56199988.0,41419910.0,2302480.5,26839488.0,50493550.0,52286920.0,63186984.0
臺北市北投區稻香路１８６號,25.14401267,121.4879366,15800014.0,17952764.0,6358197.0,12690414.0,19936058.0,22898562.0,29972638.0
臺北市大安區潮州街１０７巷９號三樓,25.0293000205556,121.52771998268,26929994.0,17977196.0,13123179.0,14654184.0,17840698.0,21166440.0,28421292.0
臺北市大安區光復南路２０２號,25.04194999,121.55749,24499984.0,17938388.0,11156654.0,11584324.0,19041996.0,21525408.0,29888890.0
臺北市松山區八德路四段２４５巷３２弄３７號,25.0497700111241,121.563480031473,24749994.0,30923482.0,12343450.0,15076709.0,25195482.0,27937624.0,39979430.0
臺北市內湖區文湖街２１巷１１８弄１２號六樓之１,25.0914900121705,121.559859971311,23380010.0,21816270.0,13135950.0,15075731.0,22978014.0,26058816.0,34971924.0
臺北市士林區福國路５０巷６弄６號,25.10266401,121.523894,16099999.0,13343677.0,10553764.0,10874000.0,13782016.0,17192774.0,20907838.0
臺北市內湖區康樂街１２４號,25.07148999,121.61887,26999992.0,21529884.0,13554352.0,15245237.0,19649714.0,25496758.0,33837492.0
臺北市中正區和平西路一段５９號十二樓之５,25.026780001366,121.519709984548,15800014.0,12804470.0,9748004.0,10589717.0,10908504.0,14503804.0,18069014.0
臺北市中山區南京東路二段１０８號九樓之１５,25.0517999823446,121.53207002279,15000010.0,13488330.0,7153268.5,8048721.0,11284570.0,14285045.0,20167018.0
臺北市文山區興隆路二段２２０巷５３弄１１號,24.9992200103585,121.552069998138,15999987.0,19519496.0,13751819.0,17040378.0,18358146.0,22007348.0,27126872.0
臺北市松山區撫遠街３８９巷２７號,25.065159981635,121.56674997954,16999994.0,12755669.0,8721852.0,9272807.0,13251684.0,17741916.0,21293426.0
臺北市北投區光明路６６號二十樓之２,25.13270999,121.50017,66899976.0,71281100.0,5814823.0,57146560.0,138043860.0,150407570.0,153554110.0
臺北市大安區文昌街２８０巷５１號三樓,25.0313200173114,121.556899986024,25999984.0,27232110.0,16212197.0,21462438.0,22575092.0,25392076.0,36722684.0
臺北市北投區天母北路１０５巷９號八樓之２,25.1243099826967,121.527140038799,61580030.0,36693210.0,20970780.0,32517062.0,42006750.0,58013504.0,65726000.0
臺北市萬華區和平西路三段５２巷２７號,25.03395001,121.503435,4800000.0,20926230.0,92032.93,11355432.0,22704378.0,25624880.0,30014458.0
臺北市大安區復興南路一段８９號八樓之２,25.04413,121.54407,12354002.0,9162189.0,6199187.0,6895159.0,8450349.0,14563598.0,16455320.0
臺北市中山區吉林路９８巷１７號,25.0526673051661,121.529423231771,9299996.0,12913317.0,7678371.0,8740713.0,11968269.0,16699954.0,21525902.0
臺北市萬華區貴陽街二段２２１號,25.0401045,121.4987764,11980008.0,16929196.0,11920790.0,14327722.0,16431766.0,17315396.0,24700808.0
臺北市北投區石牌路一段１６６巷１５號二樓,25.11411,121.51382,10600002.0,16047390.0,10711398.0,12793533.0,16159344.0,18655142.0,24774508.0
臺北市信義區吳興街６００巷１００弄６５號,25.017849,121.572626,6000000.0,12445292.0,9879742.0,10178982.0,12419848.0,15051597.0,18341312.0
臺北市萬華區青年路３８號八樓,25.0255800061978,121.504430026517,20279998.0,20855820.0,17945644.0,25665578.0,26276976.0,32912666.0,33981464.0
臺北市士林區中山北路七段１４巷５弄１３號十一樓,25.1194799948109,121.531459987877,62500050.0,42324184.0,28810664.0,41108710.0,49317850.0,66075308.0,75121464.0
臺北市大安區金華街２４７號,25.02995402,121.530828,69000050.0,50232556.0,32205236.0,43296068.0,49356240.0,64387040.0,87892584.0
臺北市中正區和平西路二段１４１號六樓之１,25.0333799957453,121.50572997588,10800002.0,9149842.0,6534122.5,6919176.0,8597408.0,11873478.0,15068746.0
臺北市南港區園區街５８巷３號,25.05923402,121.611877,27199976.0,23547342.0,13920292.0,16470643.0,25257600.0,26250376.0,34957252.0
臺北市中山區林森北路５８７號,25.06602499,121.525833,35150010.0,28338634.0,16447005.0,21160304.0,33322042.0,36452130.0,45582590.0
臺北市士林區重慶北路四段２３８號,25.086425,121.511379,21500010.0,28091834.0,9213377.0,27930218.0,40269180.0,46217030.0,51121896.0
臺北市文山區景福街１２４號二樓,24.9958499823678,121.535910024092,16500011.0,18085288.0,12906570.0,13959536.0,16746364.0,20800006.0,26033776.0
臺北市文山區景興路１７７巷２４號八樓,24.9926299904439,121.545519959901,18500014.0,20563600.0,17876156.0,20967820.0,21489474.0,22812552.0,32160548.0
臺北市北投區中和街４４１巷３弄１號,25.14340299,121.497442,2620000.8,12926945.0,9900455.0,12411204.0,13705236.0,16876614.0,20111742.0
臺北市南港區研究院路二段７０巷５號五樓,25.0456099887591,121.612890009588,11299991.0,12770835.0,10197715.0,10525339.0,11643469.0,14619901.0,19797220.0
臺北市大安區信義路三段１３４巷４３號,25.03004098,121.539508,4559999.5,5216347.0,6438675.5,6551612.5,7836028.0,11219284.0,13111420.0
臺北市大安區和平東路一段１９１號十樓,25.02635998,121.53373,25999984.0,23629902.0,14020803.0,19447402.0,26241866.0,32389796.0,37533710.0
臺北市萬華區青年路３０巷２號,25.026125,121.504528,24400000.0,24121252.0,19131808.0,29169408.0,29597806.0,36565496.0,38971090.0
臺北市大安區市民大道四段１２６號六樓,25.0443200138604,121.551349992655,11600000.0,9229735.0,5681715.5,6572282.5,9446323.0,12524732.0,16792840.0
臺北市文山區興隆路四段１４５巷８３弄８號二樓,24.9857899802671,121.564019993676,16579984.0,23530596.0,17067898.0,20462460.0,25617698.0,26589156.0,32871322.0
臺北市內湖區成功路二段４２６巷７弄６號,25.07140002,121.589044,13000010.0,16976276.0,13731035.0,15368822.0,16948516.0,20584870.0,25346204.0
臺北市中山區新生北路二段９６號,25.05913599,121.527228,6050001.0,6069244.5,4816457.0,4959335.0,6106087.0,9827982.0,11567389.0
臺北市中山區錦州街３０巷１１號七樓之１６,25.05952001,121.52487,11799991.0,11606307.0,6874961.5,7137207.5,9910884.0,13637152.0,17595354.0
臺北市文山區興隆路二段２２巷７弄７號二樓,24.9980900040819,121.546150027563,13550010.0,16927258.0,13914824.0,15750098.0,16414099.0,18241566.0,23170958.0
臺北市內湖區文德路２２巷５９弄１８號七樓,25.0753600034282,121.580079971617,9280008.0,13070844.0,11293828.0,11442420.0,11567940.0,14928911.0,19413270.0
臺北市信義區吳興街２８４巷２４弄２７號二樓,25.0236600055469,121.562540001032,18999984.0,17698384.0,14174175.0,16178897.0,17977676.0,20727176.0,26548360.0
臺北市信義區永吉路４４３巷１１弄９號五樓,25.04670001,121.57883,12800001.0,15498937.0,7373429.0,11592524.0,16243366.0,21562268.0,25489756.0
臺北市文山區景華街１２８巷３６號三樓,24.9946499871997,121.547340006357,12800001.0,15831961.0,13085612.0,14756700.0,15439543.0,16245101.0,22134016.0
臺北市中山區四平街３０號五樓,25.0535800052125,121.531940019472,16659995.0,15698242.0,9870118.0,10226796.0,12828794.0,15762600.0,22295366.0
臺北市文山區政大一街２７８號四樓,24.9855000083267,121.584550040581,31419984.0,32144970.0,18932228.0,23683912.0,31241664.0,37064110.0,50284030.0
臺北市北投區公路３５０巷１１號二樓,25.13289,121.50253,18699994.0,16662919.0,7190558.5,13180196.0,19758590.0,25149294.0,26169540.0
臺北市中正區汀州路二段２５５巷１２弄６號,25.02297701,121.523775,25500016.0,23041256.0,14988427.0,16243831.0,19816902.0,24114258.0,34085844.0
臺北市大安區安和路一段６７號七樓,25.0371699989946,121.551879980393,49999988.0,42556830.0,16164431.0,30923542.0,40008040.0,53341584.0,59952624.0
臺北市萬華區中華路二段４１６巷９之２號,25.02674501,121.504411,3721450.5,15395198.0,12140174.0,13651934.0,18079804.0,25090266.0,25138696.0
臺北市大安區和平東路二段７６巷３１弄１５號,25.022157,121.539391,15000010.0,12135892.0,9577711.0,10211671.0,11670461.0,17417250.0,19684450.0
臺北市文山區萬隆街６０號三樓,25.0008100154814,121.537160017312,21879988.0,22087668.0,16403114.0,21068444.0,22828004.0,26428268.0,32265366.0
臺北市內湖區文湖街２１巷８２弄４３號,25.089568,121.560752,9500005.0,8365946.0,6476105.0,8292589.0,8430114.0,10803050.0,14023451.0
臺北市萬華區富民路１５５巷１３號,25.01809899,121.500412,6979997.0,8950954.0,4772512.5,6500373.0,11356731.0,14088867.0,16849434.0
臺北市松山區南京東路五段２３９號七樓之２１,25.05158,121.56482,15000010.0,14064246.0,9585679.0,10621638.0,12910338.0,16867120.0,21116560.0
臺北市北投區中和街４１０號,25.14376899,121.498081,11360002.0,14733892.0,9615124.0,15835857.0,16889590.0,20496054.0,23915376.0
臺北市北投區石牌路一段１６６巷２６之１號三樓,25.1139300014423,121.513699992333,17500000.0,20683458.0,16455791.0,18891252.0,24404280.0,25630942.0,33601844.0
臺北市士林區文林路７６５號二樓之３,25.1033299952295,121.518970030136,13499990.0,16234136.0,12536014.0,13378922.0,17357688.0,19246330.0,24686864.0
臺北市北投區三合街一段１１７巷５５號三樓,25.1250900026062,121.504720040366,37979988.0,32636860.0,16656500.0,20750434.0,32764596.0,38006870.0,52686560.0
臺北市文山區福興路６３巷４弄１１之６號八樓,25.0040800054577,121.54912996178,7200000.5,8651066.0,7447542.5,8803262.0,8806411.0,12462180.0,13191590.0
臺北市文山區辛亥路四段２１巷４０號,25.00979902,121.559141,17849990.0,14987198.0,11185781.0,12708266.0,14070498.0,16837258.0,22684424.0
臺北市中山區大直街４６巷１１號三樓,25.0821700063917,121.545769992073,27720000.0,20604392.0,16399579.0,20945236.0,22856802.0,27607402.0,32273492.0
臺北市內湖區大湖山莊街２１９巷３４弄３號,25.08946599,121.599536,7200000.5,6735330.0,4940801.0,6376067.0,6414381.0,9671904.0,12002582.0
臺北市北投區東華街二段３６號十三樓之３,25.1167699997857,121.514320001711,58000004.0,50488544.0,33571604.0,50173760.0,60116484.0,78807144.0,92487550.0
臺北市中山區德惠街１０號八樓之２、八樓之３,25.0664999964957,121.529420000282,15000010.0,14090560.0,9751556.0,10836689.0,12904256.0,15205336.0,21213810.0
臺北市大安區羅斯福路二段８５號十四樓之１,25.0257699820333,121.523600025812,30879984.0,21281570.0,10915539.0,15220076.0,21814066.0,27187270.0,35652230.0
臺北市內湖區大湖山莊街２０２巷１９號二樓,25.0880300044492,121.598029984905,18000012.0,14303312.0,9962549.0,10326467.0,14021953.0,16661521.0,21905752.0
臺北市中山區中山北路二段６２巷９號,25.05674501,121.522014,7700003.0,8898830.0,6269641.0,7615995.0,7992843.5,10910065.0,15088245.0
臺北市大安區建國南路二段９號五樓之２,25.03040999,121.53827,42000020.0,28317130.0,17821414.0,21918498.0,28404546.0,33590628.0,40101932.0
臺北市內湖區內湖路三段３２６巷３弄５號三樓,25.0896899984636,121.584060034521,12880011.0,14149649.0,11573392.0,11605245.0,13487816.0,15994739.0,21047920.0
臺北市北投區公館路６３巷９弄１１號,25.13318399,121.504643,21300006.0,19912800.0,12873822.0,16883728.0,20926230.0,28145788.0,29842636.0
臺北市松山區敦化北路１４５巷２３弄３號六樓之１,25.053200011632,121.550360006071,30449982.0,27066300.0,13814835.0,20496952.0,30670254.0,31412194.0,44400904.0
臺北市北投區公路２３１巷７弄１３號三樓,25.13289,121.50253,13680007.0,13482003.0,6459235.5,9516780.0,14669005.0,20166480.0,21993166.0
臺北市文山區羅斯福路五段２６９巷２０號,25.00120719,121.5402433,35500028.0,31991996.0,22671792.0,31501412.0,34046988.0,39309644.0,49964240.0
臺北市文山區興隆路三段１３７號九樓之１,24.9984099832356,121.558790021371,6500001.0,8637554.0,7314967.5,7941481.0,8533106.0,12751339.0,12954293.0
臺北市中山區建國北路三段１１３巷７弄７號四樓,25.0669500208772,121.535599977493,15000010.0,13434155.0,11902842.0,11999607.0,14511081.0,16640940.0,21094740.0
臺北市大安區復興南路二段１５１巷３０弄１號,25.02800141,121.5455334,27449988.0,23585640.0,14466009.0,15809721.0,21745232.0,26324632.0,33226778.0
臺北市北投區天母西路１１７巷５２弄２５號二樓,25.1211699960386,121.525180014561,40480028.0,36476960.0,20471010.0,26959648.0,35137340.0,40763604.0,58150764.0
臺北市士林區承德路四段８８號六樓之３,25.0822914232738,121.523017720112,25500016.0,24418762.0,14484342.0,19648476.0,26915822.0,29012326.0,41274570.0
臺北市內湖區星雲街１０２號,25.07901581,121.593657,32699980.0,32737798.0,21701104.0,27363472.0,34625196.0,40030556.0,50228244.0
臺北市士林區中正路６２６號,25.08680101,121.508551,7000002.5,12110710.0,8283270.5,10094819.0,13601434.0,18411552.0,20035396.0
臺北市松山區光復南路４６巷３９號五樓,25.0458899862347,121.554880031177,36629996.0,34503230.0,21512028.0,27763548.0,31157044.0,36415300.0,45906640.0
臺北市內湖區民權東路六段１９１巷３８弄１５號五樓,25.0691799843075,121.597699989377,17179990.0,13013133.0,9343752.0,10219737.0,12426862.0,14946547.0,19675592.0
臺北市信義區吳興街３６５巷３１號四樓,25.02607999,121.56776,16600014.0,15036962.0,11311700.0,12284708.0,14488293.0,15984827.0,20938606.0
臺北市中山區中山北路一段８４號,25.04919799,121.521068,12500008.0,13089806.0,9833569.0,10803751.0,12659832.0,16472340.0,20291026.0
臺北市大安區敦化南路二段１２８號,25.02610798,121.548315,52200030.0,47420910.0,24246670.0,43577424.0,43798410.0,53529830.0,71957420.0
臺北市松山區八德路四段４４５號三樓之１９,25.0499299797462,121.570419995846,9449999.0,11155058.0,7615944.0,8043127.0,11075090.0,13735462.0,17724768.0
臺北市南港區重陽路４８９號,25.06096098,121.611939,25880002.0,24108970.0,13906598.0,16135937.0,25174778.0,26608738.0,35190996.0
臺北市萬華區萬大路４２３巷１０１弄２５號,25.022515,121.502298,4600000.0,4782773.0,4491988.5,5762703.0,6424078.0,11861119.0,12600546.0
臺北市中正區杭州南路一段７７巷２６號,25.038767,121.527358,24999980.0,19750076.0,10681611.0,13235770.0,20598734.0,23297790.0,30655166.0
臺北市北投區清江路１７７巷２０號,25.128024,121.50269,27800004.0,25439340.0,12073738.0,21682568.0,29365234.0,36255970.0,39823110.0
臺北市內湖區康寧路一段１９５巷２弄７號,25.07879,121.59633,16659995.0,17978190.0,14333572.0,16659773.0,17144834.0,20857054.0,25794844.0
臺北市士林區中山北路七段１４１巷２３號,25.123019,121.530097,45000012.0,39552110.0,17372560.0,30547186.0,43091584.0,52107816.0,64537412.0
臺北市大同區保安街１９號,25.05924399,121.513053,48800024.0,44151520.0,21880572.0,40109124.0,56848140.0,59614190.0,77097070.0
臺北市大同區民族西路１６９巷７號,25.069132,121.515466,21800008.0,20288936.0,11848299.0,15394200.0,17984638.0,19601276.0,29477354.0
臺北市內湖區港墘路２７巷９號四樓,25.08256999,121.57884,16500011.0,18610256.0,13234811.0,16103285.0,17082032.0,17793596.0,25681592.0
臺北市文山區辛亥路四段１０１巷９３弄１之１號三樓,25.0065200193816,121.560279988479,14799996.0,13592954.0,10092297.0,10322115.0,13539185.0,15723204.0,21269032.0
臺北市信義區永吉路５１７巷１弄４號,25.04584598,121.579864,17300012.0,15867512.0,9088998.0,12044573.0,17901406.0,21712780.0,24473922.0
臺北市中正區忠孝東路一段８４巷２號七樓之６,25.0442400085946,121.524060024658,21200016.0,17672444.0,9334525.0,12165881.0,15668926.0,20348114.0,26115638.0
臺北市文山區辛亥路五段１５號三樓,25.0002400041559,121.554399999582,7299998.0,14950852.0,12146752.0,12333377.0,14972569.0,17964856.0,22734668.0
臺北市士林區承德路四段６巷３３號三樓,25.0795999891495,121.52036000114,13149989.0,15171934.0,11990798.0,12557264.0,14992973.0,17016896.0,21913274.0
臺北市中山區新生北路三段７號四樓,25.06643998,121.5274,20000004.0,15640710.0,10888756.0,13238295.0,16076432.0,16291365.0,23414194.0
臺北市內湖區成功路二段３２８號十二樓之７,25.0684199971466,121.590590040009,13000010.0,12543188.0,9532077.0,9666519.0,12753747.0,16001330.0,19445436.0
臺北市北投區同德街２９巷２號,25.124557,121.528616,11299991.0,12494430.0,8938824.0,12102305.0,13892972.0,20817588.0,22507506.0
臺北市大同區民族西路３３８號四樓之６,25.068589982143,121.509439973864,20800006.0,19376128.0,9069724.0,14350012.0,21619262.0,22284908.0,33921496.0
臺北市大安區四維路１７０巷３６號三樓之６,25.0281900051181,121.546339961489,14499987.0,18144890.0,9107810.0,10874518.0,16304639.0,20200126.0,26760460.0
臺北市中山區長安東路一段５３巷１６號五樓,25.049679989484,121.526579960029,8380000.0,8349638.0,6518177.0,6854647.0,7901570.0,10901370.0,13999772.0
臺北市信義區永吉路３０巷１５７弄１８號三樓,25.0422200118388,121.569460016475,11999996.0,16514211.0,11804380.0,12553911.0,16129106.0,18531764.0,24269944.0
臺北市文山區羅斯福路五段４７號六樓,25.0072199921157,121.538949972735,19089998.0,20830060.0,15671168.0,19290210.0,19421492.0,21394428.0,28916862.0
臺北市文山區萬安街２２巷１３弄１６號四樓,24.9999600066803,121.569550038115,12800001.0,17068060.0,12165116.0,14561681.0,16860398.0,19538418.0,25499092.0
臺北市大同區敦煌路２４巷６號二樓之８,25.0747700012637,121.519300025664,11799991.0,13993952.0,8955941.0,9667441.0,14033297.0,15883137.0,22570700.0
臺北市內湖區康寧路三段１８９巷６８號四樓,25.0718999957069,121.612860002375,18500014.0,16966790.0,13222145.0,15447790.0,16321628.0,18320544.0,24141272.0
臺北市萬華區國興路１巷１號六樓之４,25.0245999940786,121.509000007766,16600014.0,18034274.0,13550036.0,14936373.0,18155864.0,21549234.0,28711756.0
臺北市文山區木柵路二段１０９巷２５弄８４號,24.990900007538,121.561680017766,12099997.0,14174581.0,11270222.0,11505514.0,15052142.0,19129508.0,22101912.0
臺北市文山區木柵路二段１０９巷２５弄６９號二樓,24.990260007321,121.561840028298,11999996.0,12943648.0,10812348.0,11445017.0,14119400.0,17563836.0,19948344.0
臺北市松山區三民路４３巷１２號五樓之２,25.0562500185595,121.56054996958,9000001.0,23197932.0,18647672.0,22042512.0,28129312.0,32197496.0,35956330.0
臺北市文山區福興路９９之１號,25.00687202,121.548756,13149989.0,13814466.0,11454146.0,12640843.0,15989248.0,17826242.0,21515024.0
臺北市文山區興隆路二段２１７巷８之１１號四樓,25.0021799956458,121.549379993952,15549985.0,19710862.0,17640720.0,20023134.0,20544352.0,22652600.0,30770626.0
臺北市大安區安和路二段６９巷１８號,25.03037999,121.552896,13450000.0,13721191.0,9496581.0,11055462.0,11935510.0,14825678.0,20429546.0
臺北市大安區安和路一段６３號四樓,25.0373300095263,121.551719969861,65999984.0,63574916.0,2147804.2,26286700.0,51611070.0,75678880.0,81745704.0
臺北市內湖區內湖路三段７２巷６１號,25.08830602,121.591077,17399984.0,15451061.0,12081617.0,15196088.0,15705879.0,19555642.0,26596916.0
臺北市中正區汀州路二段１１５之１號,25.02534401,121.518929,10499994.0,16868664.0,14670012.0,15326873.0,18380500.0,21224252.0,27130908.0
臺北市萬華區桂林路２４６巷４０號二樓之１,25.0370700028898,121.492980011503,10499994.0,8854505.0,5855317.5,6340763.5,9389237.0,11811588.0,14569516.0
臺北市大安區仁愛路三段５巷１弄２１之５號,25.039020010754,121.534719961479,26900014.0,23111460.0,14030835.0,16432706.0,21918372.0,25281602.0,33443974.0
臺北市大安區通化街１９０巷１號二樓之３,25.02635998,121.55275,2600001.0,5246485.5,5085335.0,5801025.5,6181435.0,7814744.0,11285538.0
臺北市松山區三民路２９巷７號九樓,25.0545699917965,121.562630022672,51880024.0,38315852.0,28133122.0,33029510.0,43226424.0,54418456.0,63365970.0
臺北市士林區磺溪街４７巷１３號,25.1070000115349,121.522269985416,49379970.0,33602100.0,19370438.0,25547140.0,28463064.0,33142534.0,53057570.0
臺北市萬華區長順街９９巷１５號,25.03225699,121.490392,12399988.0,14017086.0,8503065.0,9307324.0,13212389.0,17853192.0,21669960.0
臺北市信義區永吉路２７８巷２弄２０號五樓,25.0451199826994,121.574099986616,16879994.0,21008774.0,14390715.0,16878222.0,24675568.0,27411480.0,34664976.0
臺北市中山區復興北路４４８號十一樓之１２,25.062720683849,121.543981115059,12049996.0,13507845.0,10553825.0,10738748.0,10830160.0,14473737.0,18260748.0
臺北市文山區忠順街一段２６巷２６弄８號四樓,24.982959998298,121.558890017475,9109999.0,12855320.0,9789087.0,9838860.0,12400438.0,14990714.0,18815196.0
臺北市萬華區環河南路二段１５號,25.039356,121.497823,21879988.0,29009614.0,1986314.5,20944398.0,30685760.0,38092220.0,43001764.0
臺北市北投區大度路三段１８７號二樓之３,25.1227100031091,121.469240030958,22300002.0,25242622.0,13510293.0,16375605.0,24871756.0,29817374.0,41810430.0
臺北市士林區忠義街７１巷３３號,25.105963,121.533317,22379980.0,18713766.0,15720355.0,17951702.0,19824312.0,25590056.0,29852086.0
臺北市南港區成福路１２９號六樓,25.0420600013072,121.587440036976,14000013.0,14437920.0,11372577.0,11386207.0,13154554.0,15985071.0,22067456.0
臺北市北投區富貴一路１２號,25.11476501,121.524203,34500010.0,33893816.0,24848190.0,32986446.0,33065690.0,41559744.0,54178184.0
臺北市北投區稻香路１６１巷１６弄１０之１號五樓,25.1422710288488,121.488741170288,21500010.0,19067618.0,7006882.0,11885532.0,20120144.0,23950708.0,31001378.0
臺北市北投區吉利街１０６巷７號,25.11793198,121.505722,22599994.0,21818352.0,15919289.0,18254270.0,26463880.0,29570778.0,39424676.0
臺北市萬華區西園路二段３２０巷３６弄３６號,25.02680599,121.491123,9000001.0,6209008.0,3246705.5,4401838.5,7552757.0,13593006.0,13664439.0
臺北市大安區羅斯福路二段１０１巷４１之１號四樓,25.024769979075,121.526469989459,24880012.0,22316426.0,15455276.0,18374926.0,20662598.0,22938822.0,32142090.0
臺北市中山區松江路１７０巷６號,25.05584899,121.532541,21400020.0,23379430.0,13398662.0,16253469.0,22486094.0,24931554.0,33606650.0
臺北市文山區政大二街２１５巷２號,24.98873601,121.58729,17500000.0,23830864.0,15424060.0,18545766.0,23333056.0,26303854.0,35785556.0
臺北市文山區景興路９６巷２７號三樓,24.9945900146824,121.543140002314,18999984.0,19678480.0,14129853.0,18012582.0,20230470.0,23327892.0,27187996.0
臺北市中正區重慶南路三段６３號三樓之１,25.02935999,121.51513,22499994.0,26097862.0,15029049.0,20468668.0,30564554.0,34837376.0,40790980.0
臺北市北投區中央北路二段３５０巷７６號十二樓,25.1394899865331,121.488910010778,21400020.0,25605828.0,10409722.0,16166435.0,26954250.0,33316384.0,44393536.0
臺北市內湖區康樂街４８巷１６之１號,25.0691000209512,121.617480023586,18500014.0,14314529.0,9710296.0,10667054.0,14381413.0,17922076.0,22349012.0
臺北市萬華區桂林路７１號,25.03843801,121.502307,20000004.0,23366502.0,17722942.0,22411548.0,23371360.0,27112286.0,36256384.0
臺北市萬華區德昌街２３３號,25.02310999,121.4931,9199996.0,8732173.0,212518.19,10185546.0,21145458.0,23283396.0,24319200.0
臺北市士林區忠義街７１巷１３弄６號五樓,25.1060000085765,121.532779969989,15679988.0,14665620.0,12861894.0,14527032.0,15186033.0,17838520.0,23520276.0
臺北市中山區長春路２８號,25.05483482,121.5247678,12800001.0,11574429.0,8222792.0,8341750.5,11212139.0,14927658.0,17934796.0
臺北市內湖區金龍路１１５號三樓,25.08571999,121.59076,3999999.8,3918934.8,4376597.5,5045250.5,5622573.5,7571955.0,9701280.0
臺北市松山區民生東路五段２６２號二樓,25.0590100116371,121.567279967278,23800020.0,17679894.0,12934689.0,15038110.0,18290412.0,22365898.0,27276608.0
臺北市大同區民權西路２６８號十一樓之３,25.0627400004597,121.512010033015,12550009.0,13710386.0,5910371.0,8708687.0,11124907.0,14615970.0,19945528.0
臺北市北投區自強街３１巷１５號四樓,25.1108799945148,121.512649991323,16999994.0,12822090.0,6251914.0,10566192.0,14258423.0,16268046.0,20584752.0
臺北市中山區新生北路二段６２巷８號,25.05603402,121.527097,47000036.0,44785776.0,19435944.0,26799280.0,47070640.0,49257870.0,79587800.0
臺北市北投區義方街２５號,25.14104998,121.501492,11999996.0,12032288.0,8953328.0,10113262.0,12996241.0,16867506.0,19268294.0
臺北市大安區通化街１２３巷１３號三樓,25.0291999825412,121.554539977365,9999996.0,8126195.5,5831299.5,6569538.0,6596357.0,10695964.0,13082966.0
臺北市大同區承德路三段３０１巷２２號四樓之３,25.0756599917429,121.521349987724,20879980.0,20045948.0,12378272.0,14947716.0,21863592.0,24491668.0,34637612.0
臺北市大同區西寧北路７１號六樓,25.0551500194963,121.509009982231,24279992.0,29781168.0,18787692.0,23553900.0,24401674.0,27713604.0,42914910.0
臺北市內湖區成功路五段４２０巷１７之５號九樓,25.0753499870539,121.608339977268,31299996.0,27688666.0,17119116.0,22233238.0,28969360.0,30233598.0,41781256.0
臺北市中山區北安路８２９號,25.08601309,121.5523454,14179989.0,10229762.0,6655705.5,7062841.0,11193934.0,14952364.0,16475325.0
臺北市內湖區成功路二段４２６巷５２號二樓,25.0703299814231,121.588330027456,15079988.0,15842896.0,12691262.0,12957752.0,16592290.0,20209682.0,24889504.0
臺北市士林區延平北路五段１巷５０號四樓,25.078870009202,121.510020001563,10600002.0,12612376.0,9115718.0,10118877.0,13026866.0,16107186.0,18971846.0
臺北市北投區新興路１５８巷３１號,25.1393200015367,121.485750033281,13559989.0,22304256.0,7649880.0,11814810.0,20246760.0,24633152.0,33267998.0
臺北市北投區石牌路二段３０９號十二樓,25.1221499872031,121.523004994506,53680024.0,41050810.0,20146564.0,32952866.0,48857110.0,58282120.0,71756910.0
臺北市中山區大直街２巷２１號,25.0809200131711,121.545419963796,20279998.0,11671663.0,9379875.0,10284697.0,13201406.0,19659274.0,21494680.0
臺北市大安區安和路二段９２號九樓之２,25.0287699909083,121.550239977217,80500000.0,70801440.0,41400720.0,51451356.0,63138310.0,83216930.0,108804376.0
臺北市中山區林森北路５７５號四樓之１２,25.0652000052227,121.525800023938,19327002.0,12509906.0,7038043.5,9475267.0,14318106.0,15201654.0,21289608.0
臺北市士林區克強路１９號七樓,25.1087999833323,121.523900014127,26999992.0,23451022.0,19333676.0,23593288.0,24916864.0,27465856.0,33798404.0
臺北市北投區宜山路２２號,25.1429400197896,121.506639999108,24499984.0,25427844.0,11502749.0,16776576.0,22250802.0,28616352.0,39920684.0
臺北市南港區成福路１６８號,25.041571,121.587594,9000001.0,10272150.0,7351929.0,7655207.5,10721005.0,13447538.0,17293974.0
臺北市中山區合江街１２７巷２１號四樓,25.0607800181307,121.540080020921,10999996.0,13306367.0,10263396.0,10512880.0,11409403.0,15155853.0,19377386.0
臺北市中山區龍江路４１２巷１９號四樓,25.067690017199,121.54021002424,16480008.0,13641497.0,11531196.0,12127330.0,14717966.0,16348828.0,20803776.0
臺北市士林區天母西路２２巷１６號,25.11762519,121.5272514,31000018.0,36077924.0,26180474.0,33599470.0,35732630.0,43454496.0,56433296.0
臺北市內湖區環山路三段１６巷１弄６號,25.0851200172143,121.579449987774,21000000.0,19214564.0,12807523.0,15034381.0,17484252.0,20953868.0,28393388.0
臺北市中山區長安東路一段２０號五樓之６,25.0491800089596,121.523939995805,11999996.0,11555635.0,8529583.0,10273855.0,11378326.0,14731700.0,18817350.0
臺北市士林區天母北路２之２號四樓,25.1198200067132,121.526320037211,13199996.0,15180444.0,12361285.0,13210978.0,15100826.0,19601314.0,24841082.0
臺北市文山區汀州路四段２５３號,25.00190469,121.5362838,37500010.0,35578116.0,22140224.0,28807092.0,37192360.0,44155900.0,59639668.0
臺北市內湖區民權東路六段１５０之１號十一樓之１５,25.068799990727,121.589620002354,8880002.0,8764928.0,6540594.0,7494845.5,8375861.0,12670316.0,13129212.0
臺北市大安區復興南路二段２９１號十一樓之５,25.0250299857115,121.543669990051,13800008.0,11364662.0,9074206.0,9929692.0,10828425.0,17347726.0,17549470.0
臺北市中山區新生北路一段４０號十三樓,25.04629001,121.53148,25800012.0,21745604.0,16386322.0,20947794.0,22102250.0,26663608.0,32435484.0
臺北市北投區光明路６６號二十二樓之３,25.132709990783,121.500170008047,43880016.0,33076414.0,6411329.0,33037890.0,66503420.0,68399784.0,68862390.0
臺北市松山區復興北路８１巷２７號七樓,25.0512699946069,121.5452499788,2000000.4,29933504.0,17727270.0,24798996.0,28737834.0,31576186.0,40256892.0
臺北市內湖區民權東路六段２８０巷１５５弄５號四樓,25.0686999946221,121.608840041612,48880040.0,42923260.0,22043520.0,31497568.0,43311760.0,49239270.0,71369400.0
臺北市中山區新生北路二段８５號十樓,25.05719001,121.52797,31700014.0,32601396.0,20313020.0,27114044.0,29528676.0,32279094.0,46553140.0
臺北市松山區延壽街４０８號,25.056232,121.556956,25999984.0,19961854.0,16674364.0,19833804.0,20944998.0,28745948.0,30819144.0
臺北市大安區安和路一段４９巷２１號五樓,25.0385900191211,121.552480040841,38799980.0,37568736.0,4888094.0,26103188.0,34353250.0,54249016.0,55047110.0
臺北市中山區龍江路３７０巷５５號三樓,25.06651001287,121.537880022795,14949997.0,14308114.0,11972128.0,12068765.0,14893104.0,17926348.0,22081772.0
臺北市北投區大度路三段３０１巷２８弄２１號四樓,25.1221500081579,121.465679985222,10680002.0,11169237.0,7170371.0,8411065.0,10818020.0,13017750.0,18101164.0
臺北市士林區承德路四段８０巷４０號三樓,25.0832799799197,121.52219002206,15500001.0,13721322.0,9240021.0,11197820.0,14645606.0,15431652.0,20303376.0
臺北市中山區德惠街１６號九樓之１１,25.0666199834396,121.524030017445,7000002.5,7103933.0,3912649.8,5246611.0,6369394.0,10574922.0,11546734.0
臺北市北投區大度路三段３０１巷１４號三樓,25.1194199803841,121.465530032974,12500008.0,12966084.0,9159603.0,10361013.0,12773564.0,15107222.0,20086056.0
臺北市中山區松江路４０２巷７弄８號,25.06439199,121.532547,18500014.0,15014522.0,10823882.0,11829918.0,14966773.0,16773696.0,23082428.0
臺北市松山區民生東路四段１１２巷７弄１９號二樓,25.0567000010315,121.55522000117,26799996.0,28284904.0,16373450.0,24150760.0,30626120.0,31658684.0,42943980.0
臺北市松山區八德路四段２４５巷３２弄６號三樓,25.0497200130717,121.562760025991,27499980.0,29214006.0,15970595.0,20712948.0,22768734.0,26368856.0,39830176.0
臺北市中正區師大路２１０之１號八樓,25.0207700091511,121.523329960892,26999992.0,22314042.0,15009597.0,18038298.0,23796300.0,25762884.0,36915316.0
臺北市內湖區成功路五段４２０巷１１號七樓,25.0753100053758,121.607809989531,22999982.0,18820868.0,12959334.0,16068094.0,19522624.0,19609988.0,27655044.0
臺北市北投區石牌路二段３４８巷２１號三樓之１,25.1223100186895,121.524950015137,11999996.0,13578442.0,10354809.0,10578977.0,14195035.0,16558873.0,22077728.0
臺北市南港區成福路６１號四樓,25.0435700011643,121.587110041448,18799986.0,18321662.0,12446858.0,15308467.0,17314108.0,18275208.0,25852472.0
臺北市北投區中山路４７號八樓之１０,25.1388199791027,121.511790008057,2760000.8,4475952.5,3496249.2,3725182.5,4708812.0,7359330.0,8920208.0
臺北市中山區松江路１２４巷１３之１號三樓,25.0526199839323,121.531810016153,12474095.0,17161126.0,11229432.0,11461620.0,15723114.0,18954702.0,25253312.0
臺北市萬華區武昌街二段１２４之２號,25.04536628,121.5037647,10999996.0,12778510.0,9296484.0,9646020.0,11765785.0,16887078.0,19042286.0
臺北市內湖區陽光街９２巷１８弄５號,25.07579,121.58547,14879986.0,11071774.0,7178438.0,7402909.5,11292299.0,13363110.0,18495780.0
臺北市士林區大南路３８７號,25.0892299996173,121.515639983823,22509996.0,21800172.0,8141709.5,17210854.0,26184120.0,30898426.0,37749890.0
臺北市中山區農安街１４９號,25.064919,121.530918,15000010.0,23488714.0,16994548.0,22178516.0,22592624.0,24727156.0,33471798.0
臺北市大同區民生西路２２７號四樓之１,25.057170016252,121.515939972138,22550004.0,20885478.0,13965954.0,17589516.0,23506640.0,24028264.0,34789430.0
臺北市中正區寧波東街９巷８號六樓,25.0326799811016,121.519500017874,9299996.0,10210638.0,9188860.0,9495259.0,9688743.0,12860103.0,15891076.0
臺北市內湖區康寧路三段１２號,25.07284698,121.606532,22607712.0,20128550.0,12199481.0,16423682.0,21048602.0,24030556.0,34848340.0
臺北市中山區中山北路二段７７巷２０號十一樓之１,25.0573400012485,121.524790004606,49785970.0,30995288.0,13276478.0,19234146.0,30287448.0,32925788.0,53149640.0
臺北市萬華區成都路１３９號十一樓,25.0434599886851,121.503420007184,23989980.0,27931764.0,13687968.0,18475154.0,27807324.0,28446780.0,44583780.0
臺北市文山區政大一街２１０巷４３號,24.98493599,121.585099,15000010.0,14753520.0,11916653.0,12023571.0,14977653.0,16505992.0,23808330.0
臺北市大安區信義路三段１５６號十三樓之３,25.0331800035356,121.54098996033,14799996.0,11203375.0,7715086.0,8038748.5,9796558.0,13941416.0,17559548.0
臺北市文山區福興路７８巷２０弄１５號三樓,25.0044700154124,121.551289978228,11900004.0,13207778.0,11324372.0,11748204.0,14431891.0,15857498.0,20526882.0
臺北市士林區中山北路五段８１１巷３０弄４號一樓,25.1009999937848,121.524120039085,8719998.0,7929228.5,5816392.5,6918107.0,7695716.0,14225092.0,14633376.0
臺北市松山區富錦街３４６號,25.06040128,121.5574181,48000030.0,36772170.0,21554744.0,33524318.0,37179452.0,41708800.0,56824184.0
臺北市士林區天母東路８巷２３號四樓之１１,25.1171900169538,121.532110004468,15800014.0,15396461.0,11551977.0,12520672.0,14641947.0,18543714.0,23914100.0
臺北市松山區三民路１８０巷２８號五樓之６,25.0623900140926,121.564340014739,11280008.0,10140381.0,7812546.0,7915447.5,10257662.0,15228556.0,16775360.0
臺北市北投區杏林三路１３號,25.14111599,121.498287,9090004.0,13969844.0,9325414.0,10531966.0,13866816.0,17275744.0,21452780.0
臺北市內湖區文德路６６巷１２弄１號四樓,25.0774199818622,121.581419986478,26880012.0,26927068.0,17176648.0,22094874.0,24218892.0,26099704.0,40106676.0
臺北市大安區忠孝東路三段２１２號十三樓之１,25.04143999,121.53988,32500012.0,28065484.0,18158704.0,23361422.0,28398370.0,32984496.0,40683600.0
臺北市信義區永吉路４４３巷１１弄７號,25.0467102,121.5787573,6500001.0,9418222.0,5862866.5,6812527.5,8739287.0,12758540.0,15244626.0
臺北市內湖區康寧路三段７０巷１７３號,25.06674102,121.60765,29879998.0,35153628.0,17050294.0,19735464.0,28323396.0,32647382.0,52245650.0
臺北市中山區新生北路二段３６號十樓之６,25.05448999,121.52726,15300002.0,11987391.0,8141492.5,9789853.0,12341096.0,18147452.0,20270562.0
臺北市信義區松德路１０１號十二樓,25.0379200116908,121.575839985896,53879948.0,47956200.0,22897382.0,36610576.0,44415304.0,61301944.0,69199330.0
臺北市中山區林森北路５３８號四樓之７,25.0638700067363,121.52528998513,13850004.0,12763384.0,9642451.0,10961334.0,13586085.0,15878775.0,21932926.0
臺北市松山區延吉街４６巷７號四樓,25.0452400115529,121.553240028002,27499980.0,34057836.0,15029909.0,25547824.0,28633878.0,34376060.0,43804924.0
臺北市文山區萬芳路１０７巷８號十一樓,24.9969599978053,121.561949998868,41680012.0,43540036.0,24982774.0,34528184.0,50336428.0,59175210.0,77662930.0
臺北市松山區三民路１８０巷１６號,25.06227099,121.56371,38699984.0,27298676.0,18291702.0,23749096.0,25359212.0,32646198.0,46596668.0
臺北市大安區信義路三段１３４巷１６號二樓,25.0318699958883,121.53932003376,29879998.0,23950434.0,16079254.0,17834812.0,25164888.0,29430276.0,36722336.0
臺北市內湖區民權東路六段２０６巷７６弄３號,25.0651800143836,121.595479958502,53980036.0,39937056.0,5948478.0,24003940.0,52995268.0,55896170.0,70000600.0
臺北市萬華區柳州街２３號,25.03881302,121.505494,12500008.0,31509404.0,17417184.0,26808840.0,34621364.0,37236724.0,51759932.0
臺北市內湖區內湖路三段５９巷７弄７號,25.08590901,121.591765,9900002.0,7862407.5,1058192.9,8672601.0,9707666.0,13962119.0,14933695.0
臺北市北投區致遠一路二段１２巷５弄７號四樓,25.1115300111061,121.514780000558,17880010.0,23010338.0,17095232.0,21898148.0,27052314.0,29758000.0,37744492.0
臺北市中正區新生南路一段１５０巷８號四樓,25.0349599844939,121.531650005622,36800024.0,28143534.0,14721195.0,21754732.0,26230506.0,31050614.0,43975532.0
臺北市內湖區陽光街９２巷２５弄９號,25.07586698,121.584732,15000010.0,17320516.0,12730076.0,14312044.0,17666310.0,20274468.0,25556156.0
臺北市信義區林口街１８２號二樓之１,25.0408799969782,121.580899973205,31000018.0,36584540.0,15338834.0,24020016.0,30247902.0,37027932.0,46615960.0
臺北市松山區新東街２６巷１１號四樓,25.0587899866788,121.566579994544,17679996.0,15247651.0,12011926.0,12931556.0,15571295.0,18390178.0,22614180.0
臺北市內湖區陽光街２６５巷３２號五樓,25.073620004148,121.579849972194,18999984.0,19143378.0,13890242.0,15995502.0,18954738.0,21780556.0,29575290.0
臺北市北投區崗山路５巷１１號三樓,25.1400299906451,121.486410024337,14499987.0,16448134.0,6576270.0,10280540.0,15367855.0,19632744.0,26358244.0
臺北市信義區莊敬路４１０號,25.0271900021598,121.566070039555,41080024.0,18211010.0,10427467.0,11793893.0,16602674.0,19845384.0,24398230.0
臺北市內湖區康寧路三段９９巷６弄２號,25.07189899,121.610028,16150008.0,16732986.0,12895965.0,16030839.0,16493467.0,18767240.0,23949520.0
臺北市內湖區民權東路六段１５０之１號,25.06876839,121.5901577,9927495.0,8561072.0,6845031.0,7039567.5,8928021.0,12175817.0,12659518.0
臺北市內湖區行善路２３３號八樓,25.0603799918016,121.5829399608,68500050.0,49823870.0,28737452.0,33058880.0,50337484.0,67430984.0,86350720.0
臺北市中山區南京東路一段１３２巷１８號四樓之３,25.0510000135056,121.52693996277,18559992.0,18821908.0,12421316.0,15258764.0,21130620.0,21466082.0,33004446.0
臺北市松山區民生東路五段１５０號六樓之２,25.0585500127909,121.562379990501,54999988.0,37437332.0,24886846.0,33699656.0,37269620.0,49290104.0,63312210.0
臺北市內湖區港華街８５巷１號四樓,25.0833500107207,121.574459989357,18000012.0,18592340.0,13906094.0,16885628.0,17357126.0,19034298.0,26372678.0
臺北市北投區中央北路一段４６號十一樓,25.13413001,121.50066,42000020.0,39419788.0,21163656.0,30145326.0,42182584.0,59327776.0,76311300.0
臺北市內湖區文湖街２１巷１０８號四樓,25.0908200047402,121.559729967993,16500011.0,16712477.0,12152384.0,13895356.0,15724913.0,18716730.0,24612580.0
臺北市內湖區康樂街２０巷１４弄７號四樓,25.0684399879856,121.617069980883,14799996.0,16591658.0,11257268.0,14772274.0,16821722.0,19994740.0,24975104.0
臺北市信義區景雲街５號三樓,25.0198500114585,121.574150026578,48000030.0,52370360.0,26248974.0,29618192.0,50292184.0,69651260.0,88070970.0
臺北市大安區延吉街１３１巷７號四樓,25.04273998,121.55468,26259992.0,27610352.0,11402594.0,17475584.0,25577906.0,31035160.0,39077080.0
臺北市內湖區成功路四段１６６號,25.0830486,121.5933015,8400003.0,9677551.0,7340460.5,9094166.0,9156022.0,14554128.0,14907115.0
臺北市中山區新生北路二段６８巷８號,25.05669011,121.5266692,27879974.0,28020234.0,14797710.0,17629652.0,29659460.0,33089602.0,45203720.0
臺北市內湖區民權東路六段２９６巷９５號五樓,25.07043999,121.60834,16999994.0,19125970.0,11684248.0,15290491.0,17793868.0,19497208.0,27409074.0
臺北市中山區復興北路２１４號,25.05642202,121.54358,24200006.0,25393674.0,16528076.0,19662760.0,23566032.0,31651198.0,34465344.0
臺北市內湖區內湖路三段３２６巷５弄５號,25.0899736,121.5842087,14010003.0,14290223.0,12062000.0,12248770.0,14479922.0,18159952.0,22650916.0
臺北市文山區辛亥路四段７７巷６４號,25.00768892,121.5609511,16600014.0,15772584.0,12996539.0,13575128.0,15027845.0,17735960.0,23731708.0
臺北市北投區復興四路２８號,25.142491,121.500743,12449993.0,14783210.0,9978219.0,12813094.0,17729162.0,19789932.0,24913632.0
臺北市中山區民權東路二段９號五樓之４,25.0627000187816,121.532309996678,17230002.0,16547980.0,10936441.0,11090098.0,14512742.0,16358778.0,24284206.0
臺北市士林區至善路二段１８６號十樓,25.0996500044594,121.54980001112,70999960.0,70261850.0,35416572.0,44872050.0,73265470.0,90122200.0,118082610.0
臺北市中山區中山北路一段５３巷２０號三樓之１１,25.0489200023231,121.522880020329,6679997.0,9167993.0,6152164.5,7170713.0,9182518.0,14390742.0,16886434.0
臺北市北投區行義路１７０巷２７弄３號三樓,25.13162001,121.52953,41380036.0,31440126.0,8560942.0,20946436.0,32164842.0,40548570.0,52038292.0
臺北市士林區中山北路七段５４之３號七樓,25.1205900102484,121.531450013412,10499994.0,29146772.0,19478436.0,28090976.0,30196944.0,34062772.0,43449276.0
臺北市大同區長安西路１１７號七樓,25.0512600201421,121.51580996882,12199993.0,13666342.0,10715260.0,11218728.0,12398475.0,14323104.0,21108788.0
臺北市中正區忠孝西路一段５０號,25.04622799,121.515827,15800014.0,11703675.0,6571956.5,9077391.0,12107662.0,15186033.0,19858826.0
臺北市文山區光輝路９之１號,24.98633698,121.555033,12979990.0,14685942.0,13574714.0,14069908.0,16197639.0,19605426.0,22522752.0
臺北市中山區中山北路二段１１６巷１２號,25.06091702,121.521396,18590000.0,13733523.0,1443899.2,8106712.5,13509778.0,17004178.0,22929548.0
臺北市內湖區安泰街１２９巷５號三樓,25.07771,121.61708,11999996.0,11102183.0,7314521.0,7907487.5,10789583.0,13797613.0,17399784.0
臺北市士林區士東路４６巷２９號,25.110715,121.527883,18500014.0,20291452.0,15966209.0,19010278.0,21597130.0,24165412.0,28358208.0
臺北市中山區中山北路二段６２巷８號,25.05664699,121.522076,15000010.0,15419531.0,10644433.0,12488307.0,15575483.0,16816910.0,24999886.0
臺北市中山區合江街１０５巷２１號四樓,25.0599000021163,121.5401200026,8140001.5,13381883.0,10121560.0,11263990.0,11290619.0,14389562.0,19787556.0
臺北市士林區克強路１０巷９弄７號五樓,25.1094000018711,121.523909988591,15560013.0,20530092.0,16041025.0,19227140.0,20871380.0,22190704.0,28453782.0
臺北市士林區中山北路六段２巷４１弄３號四樓,25.10372998,121.52767,20679986.0,15958202.0,12020544.0,13818419.0,16000445.0,17355172.0,23519556.0
臺北市中山區松江路１０８巷７號五樓,25.05149999403,121.532059964506,24999980.0,34324628.0,18738554.0,23487504.0,29643456.0,31546148.0,52263690.0
臺北市士林區中社路一段１１巷８０號四樓,25.1099700131966,121.562509993819,9550002.0,8164328.0,2027680.8,7120456.0,8930014.0,13980880.0,15593229.0
臺北市內湖區安泰街１１４巷３０號,25.077531,121.616093,35610028.0,56671244.0,31850316.0,32201672.0,54007120.0,81048776.0,99546160.0
臺北市中山區民生西路３巷２之２號四樓之３,25.0580600067312,121.521690041535,9500005.0,7911712.0,5212517.5,5648931.0,7134975.0,9702557.0,13538668.0
臺北市大同區民族西路３３８號六樓之６,25.068589982143,121.509439973864,21800008.0,20248884.0,8823123.0,14194791.0,22063964.0,22389502.0,34748980.0
臺北市松山區民生東路五段１２２號七樓,25.0585700036299,121.561109964531,16500011.0,15401924.0,11150484.0,11682910.0,14160637.0,19386738.0,22150910.0
臺北市北投區行義路５巷４號二樓,25.1245899801723,121.525640013407,26079998.0,27091300.0,15134188.0,20099088.0,26498328.0,31404766.0,40789736.0
臺北市文山區辛亥路四段７７巷２５號十一樓,25.0077400053887,121.560030040126,24000004.0,24806612.0,17930862.0,19970080.0,24247964.0,29173468.0,38617176.0
臺北市文山區羅斯福路六段２８５號十樓之６,24.9945900146824,121.541620027992,23599994.0,25283964.0,19131114.0,23987144.0,29290276.0,34363276.0,43153932.0
臺北市士林區中山北路六段１９５巷６號五樓之２,25.1079700072799,121.524480041826,48890020.0,33953410.0,24044356.0,32868250.0,38356360.0,44399464.0,56041670.0
臺北市信義區松德路１０６號八樓,25.0377299939458,121.574970028165,68160024.0,56246960.0,30350540.0,38639132.0,51980456.0,63254028.0,80444130.0
臺北市文山區秀明路二段５號,24.99203898,121.574446,45000012.0,44201150.0,26483624.0,36730390.0,45521170.0,61012540.0,77291420.0
臺北市北投區珠海路１１６之１號二樓,25.1420199801875,121.506170025797,16850014.0,22093356.0,12139896.0,15005132.0,18575326.0,23727998.0,31822810.0
臺北市士林區承德路四段６巷６號五樓,25.080050013531,121.519389963485,17880010.0,11607901.0,28042.344,8017678.5,16001635.0,18590886.0,20777722.0
臺北市內湖區成功路四段４６號,25.08215898,121.592017,27999986.0,34172490.0,18902460.0,23819232.0,29032420.0,36924680.0,48261852.0
臺北市中正區寧波東街１１號四樓之３,25.0329099805248,121.52006998729,16500011.0,12215547.0,9600720.0,10119803.0,11779842.0,14731391.0,19089306.0
臺北市文山區興隆路二段２０３巷１２６號八樓,25.0030199880726,121.54757000578,21200016.0,23196340.0,19659198.0,23463772.0,24426634.0,30274280.0,37558348.0
臺北市萬華區大理街３０號四樓之２,25.0345700164487,121.501629967942,16999994.0,18945268.0,151616.36,16277016.0,22625008.0,30322766.0,34263336.0
臺北市大同區哈密街６３巷１０號,25.073972,121.51518,8140001.5,8416779.0,7049389.5,7238217.0,7881979.5,11246816.0,13546082.0
臺北市北投區立農街二段２０２巷９弄３號二樓,25.117750011905,121.514169965644,17650008.0,18535934.0,14178285.0,17577342.0,19237558.0,21005408.0,25940492.0
臺北市內湖區民權東路六段１７５號二樓之３,25.0681799813491,121.596689970045,21000000.0,15504968.0,10270407.0,11349109.0,19549304.0,20722984.0,25672236.0
臺北市文山區辛亥路四段２１巷１４號十二樓之１,25.0086600030813,121.558950031902,7999997.0,8590810.0,7449361.0,8189891.0,8562999.0,12428474.0,13360918.0
臺北市內湖區大湖山莊街２１９巷３１弄１０號三樓,25.0886700046662,121.599019971489,15000010.0,17919102.0,11995282.0,12782167.0,16055289.0,20112778.0,27915360.0
臺北市士林區社子街１３６號,25.0883599999772,121.505009970397,9849995.0,9401979.0,4478339.5,5352632.5,11505097.0,16569109.0,17143820.0
臺北市大同區延平北路四段２８２巷４８號,25.07705902,121.510317,12800001.0,11309262.0,8036518.0,9207194.0,11854606.0,14108766.0,18471138.0
臺北市南港區玉成街２０１巷８弄１０號四樓,25.0443900027519,121.585879997157,15000010.0,16041636.0,11735148.0,12939896.0,16778368.0,17879260.0,23289038.0
臺北市中山區建國北路三段１３５號六樓,25.06707998,121.5351,18000012.0,21494024.0,15790645.0,18045078.0,23373856.0,27646080.0,34980730.0
臺北市中山區長春路２２０號,25.054564,121.537762,9130003.0,7905369.0,7102944.0,7528701.5,7890019.0,11542000.0,12044412.0
臺北市信義區吳興街４３２巷１２６之３號二樓,25.0227299914801,121.567699984446,20500002.0,17181170.0,14533545.0,15467603.0,17670286.0,20824418.0,26145392.0
臺北市內湖區民權東路六段１８０巷８８號三樓,25.06576,121.59245,40000028.0,36003268.0,13245014.0,20117536.0,35675630.0,46022016.0,58563824.0
臺北市北投區公路２９２巷１５號,25.13289,121.50253,26200006.0,19756894.0,7786126.0,14914083.0,20444554.0,27879176.0,29336514.0
臺北市中山區農安街１９號五樓之６,25.065020003852,121.524069999123,13499990.0,11068797.0,8566610.0,9666519.0,11575930.0,14151403.0,17259374.0
臺北市北投區磺港路１０２號,25.13065802,121.503584,21449996.0,32052584.0,12294811.0,25710704.0,44838084.0,49176296.0,55181140.0
臺北市內湖區內湖路二段１０３巷３８號,25.08175799,121.581052,26100002.0,24145784.0,18954232.0,24410192.0,24626574.0,27968548.0,36583984.0
臺北市中山區民族東路５１２巷５號,25.06757799,121.542173,4600000.0,4815290.5,4988298.0,5591410.0,5624477.5,11314506.0,11519853.0
臺北市信義區松平路７１號,25.0306099862934,121.565810032918,52879960.0,33097114.0,20261440.0,23862612.0,31802664.0,33650780.0,49519372.0
臺北市文山區忠順街二段５６號四樓,24.9847399792563,121.564370021952,11999996.0,13662120.0,11902751.0,13327805.0,16013329.0,19544084.0,24604132.0
臺北市松山區八德路四段２４５巷３２弄５５號二樓,25.0497799855889,121.563060014305,21000000.0,20394312.0,15610816.0,16564685.0,19895754.0,20976540.0,29052750.0
臺北市中山區撫順街３１號,25.06356499,121.520073,12449993.0,10683425.0,7192136.0,7227539.5,9419425.0,15387125.0,16281767.0
臺北市中正區汀州路三段１６０巷４之１號,25.01339402,121.534236,12500008.0,11261370.0,7575870.0,8958128.0,11586976.0,15855139.0,19472344.0
臺北市中正區南昌路二段８９號三樓之１,25.0270799896806,121.520929970555,20829980.0,20720574.0,12190898.0,12967618.0,20800840.0,23720532.0,32275954.0
臺北市內湖區民權東路六段１７５號四樓之１,25.0681799813491,121.596689970045,22000004.0,17742660.0,12820061.0,13117298.0,20840750.0,24325232.0,29512852.0
臺北市南港區忠孝東路六段７０巷２１弄２６號,25.046187,121.585361,22550004.0,18640880.0,14578828.0,16108723.0,19373246.0,21588852.0,27986052.0
臺北市北投區崗山路８巷５號,25.14051099,121.486872,24499984.0,25457542.0,10564176.0,16837098.0,25553574.0,30314844.0,39838004.0
臺北市內湖區麗山街３４８巷１２號四樓,25.0820700102868,121.573690027731,18099990.0,21430082.0,15038942.0,19210974.0,20301168.0,21058240.0,29501990.0
臺北市萬華區環河南路二段１４８巷１２號三樓,25.03618999,121.49448,11799991.0,11702380.0,6576176.0,9213729.0,12338012.0,13821899.0,19310972.0
臺北市大安區延吉街１３１巷８號七樓,25.0425699982059,121.554739969575,26699994.0,26250476.0,13482723.0,19159744.0,25293274.0,27576036.0,38046470.0
臺北市內湖區內湖路一段３８７巷３弄６號,25.082363,121.570736,43199970.0,37840868.0,26534186.0,35410628.0,37804652.0,43959012.0,60050588.0
臺北市文山區木新路三段２４３巷４弄１６號二樓,24.9804399791083,121.558109997566,2810001.0,12016074.0,9879780.0,10305040.0,12172868.0,15422590.0,18212954.0
臺北市北投區公館路１４５巷２弄１２號,25.129534,121.506051,9999996.0,14412608.0,10147307.0,11731768.0,13470154.0,15609655.0,21515434.0
臺北市士林區重慶北路四段２２２號七樓之５,25.0861100037983,121.511390023637,18679996.0,25048428.0,15468282.0,19262782.0,28269424.0,33310794.0,41630270.0
臺北市中山區南京東路二段１０８號十四樓之２０,25.0517999823446,121.53207002279,14879986.0,12973481.0,8252747.5,8743956.0,11542044.0,14928199.0,21246690.0
臺北市信義區永吉路３５４號十三樓之５,25.0450199865946,121.576610031341,34000004.0,25756448.0,13336782.0,21269558.0,25942670.0,36340224.0,38268890.0
臺北市中山區天祥路１６巷１５號,25.06133498,121.520499,8435003.0,7561953.0,4868294.5,5650369.5,7152088.5,11955880.0,14926548.0
臺北市北投區尊賢街２３９巷８號,25.11618599,121.50734,17500000.0,16162365.0,13590984.0,14672643.0,18097988.0,22504972.0,25619114.0
臺北市文山區指南路三段５７之２號,24.9834500043576,121.580079971617,8200004.0,9652296.0,6003503.0,6239709.0,9252825.0,13303144.0,15237359.0
臺北市北投區中山北路七段２１９巷３弄１４７號六樓,25.1283200109044,121.530439994079,14350012.0,16115576.0,8890178.0,15501716.0,15623029.0,18254340.0,23469368.0
臺北市信義區吳興街５８３巷１３弄１５號,25.02259492,121.5702127,8900002.0,7789104.0,5721818.0,6994377.0,7784648.5,10313633.0,13247970.0
臺北市萬華區康定路１０３號十五樓之１２,25.03948001,121.50202,15000010.0,19171186.0,8553662.0,13016509.0,22481120.0,26694596.0,34361376.0
臺北市士林區華齡街１８５巷１號,25.08747998,121.51941,22300002.0,19856780.0,16095823.0,19813236.0,22880748.0,26211602.0,34326264.0
臺北市信義區忠孝東路五段４２３巷５弄３０號,25.04188901,121.574289,25500016.0,33524318.0,12537114.0,17694772.0,27625206.0,32861668.0,47574016.0
臺北市中山區明水路３９７巷１９弄１０號,25.078473,121.548238,38500020.0,24265870.0,20373318.0,26267756.0,28267752.0,33481568.0,40475316.0
臺北市大安區金山南路二段１８５巷３號,25.028477,121.52668,35000016.0,29312240.0,17580426.0,23114986.0,28176298.0,36183224.0,45391896.0
臺北市內湖區民權東路六段１８０巷４２弄１３號,25.067587,121.592109,19750000.0,16305448.0,7799325.0,11141194.0,17433802.0,19955422.0,26000280.0
臺北市士林區芝玉路一段２１０之３號四樓,25.1084199897519,121.533510033755,16879994.0,17088516.0,14125515.0,16956276.0,17335784.0,19633604.0,24986204.0
臺北市中正區中華路二段４６７巷１４弄１７號四樓,25.0251099909773,121.512069963623,9500005.0,12488926.0,10843636.0,11588810.0,13359695.0,16825958.0,20347570.0
臺北市中山區雙城街１９巷８號,25.065328,121.524851,16800016.0,15778060.0,10208710.0,12766987.0,17356894.0,19358102.0,22934972.0
臺北市內湖區陽光街１６１巷１弄５號,25.0748000084771,121.585489987203,13600008.0,14385665.0,10498052.0,10950656.0,14538730.0,16244729.0,21680832.0
臺北市大安區忠孝東路四段２０５巷７弄８號十一樓,25.04194999,121.55246,51680028.0,35679576.0,1469937.8,23636484.0,35463690.0,47591896.0,52074136.0
臺北市松山區南京東路五段２９１巷１９弄３１號五樓,25.0524999969883,121.567279967278,22999982.0,21195004.0,15568058.0,17785046.0,19728728.0,21500256.0,30377818.0
臺北市信義區忠孝東路五段７４３巷２１弄１５號,25.04375,121.58043,22000004.0,16024267.0,7764429.5,8334602.0,15310657.0,19252938.0,26109064.0
臺北市大同區民權西路１６０巷２６弄１號七樓,25.0615778708301,121.51570877816,36410020.0,45475604.0,23736644.0,35447456.0,46170250.0,55526490.0,79189256.0
臺北市內湖區星雲街７２號三樓,25.07887001,121.59261,16679995.0,16815306.0,10537572.0,13068127.0,15224141.0,17570672.0,23488714.0
臺北市北投區泉源路３６之２２號十一樓之３,25.1402700064426,121.506519970254,6500001.0,8766634.0,4904956.5,6635298.5,8595416.0,11973818.0,14597220.0
臺北市北投區東華街一段４３２號,25.1115199947318,121.518060006908,19300000.0,8013107.0,6918357.5,7311180.5,8195579.0,14844722.0,16942958.0
臺北市北投區溫泉路３７巷２６號五樓之１０,25.1370681935645,121.51122164784,8099997.0,7771504.0,5349994.0,5745527.0,8047623.5,10049002.0,13297944.0
臺北市內湖區內湖路二段４２８號十五樓,25.0865100091726,121.591679980788,30640026.0,23480204.0,11564543.0,16513172.0,24635500.0,27964920.0,38638250.0
臺北市內湖區民權東路六段１４６號十一樓之２,25.0688199815661,121.589589995141,10580006.0,10365084.0,8003545.0,9256214.0,10084773.0,14264978.0,15099789.0
臺北市內湖區內湖路一段６５９號,25.08025738,121.5753352,31150210.0,27248008.0,13976134.0,17556870.0,28376874.0,30111478.0,41663000.0
臺北市大安區忠孝東路三段２１４號十三樓之１,25.0414399919293,121.539999973746,31499970.0,29079304.0,20151830.0,26137814.0,28054834.0,34058940.0,43245228.0
臺北市北投區行義路１８６巷３８號六樓,25.1328800176889,121.529889973593,19300000.0,17890346.0,9865412.0,17143232.0,17841242.0,21402306.0,26734850.0
臺北市士林區菁山路５３之２號,25.13963001,121.54964,37679970.0,32799674.0,41175.176,27601452.0,54709440.0,68445460.0,75442820.0
臺北市萬華區環河南路二段２３號二十三樓,25.0335099990636,121.492490005443,21250014.0,21261528.0,595010.6,12275854.0,24551252.0,25053684.0,30945196.0
臺北市大同區敦煌路８８巷１０號,25.07559109,121.5168612,22080004.0,18183486.0,13747256.0,16932264.0,19735690.0,19940812.0,29300110.0
臺北市中山區民生東路三段８８巷４號,25.05747918,121.542567,28999988.0,26611632.0,15246749.0,19446548.0,23269146.0,30328550.0,33121742.0
臺北市大安區忠孝東路三段２４８巷１３弄１２號三樓,25.0405699922892,121.542099975768,27499980.0,24038854.0,14270122.0,18872740.0,22237480.0,26085568.0,34850732.0
臺北市信義區虎林街１５３號三樓,25.03941002,121.57677,21000000.0,30323922.0,10513942.0,17551646.0,25872748.0,25915668.0,37304468.0
臺北市內湖區民權東路六段１４６號四樓之１６,25.0688100071013,121.589750005673,9600005.0,10544630.0,7600358.5,9389703.0,10932020.0,13612438.0,16766147.0
臺北市文山區木新路三段７４巷１５號,24.983514,121.562995,14499987.0,18068808.0,14686222.0,20019620.0,21168984.0,26750816.0,29123100.0
臺北市內湖區文德路２２巷２７弄４號三樓,25.07659001,121.58,15000010.0,16760520.0,10595818.0,13060403.0,15562328.0,16129475.0,23170118.0
臺北市文山區景華街１２８巷２弄７之１號,24.99493581,121.5472597,17599986.0,19033026.0,15439926.0,18727300.0,22724524.0,22813160.0,31107996.0
臺北市信義區莊敬路４７８號,25.02648102,121.568168,25500016.0,23602696.0,18429928.0,22378572.0,24757784.0,28344796.0,34289228.0
臺北市內湖區成功路四段６１巷５５號十四樓,25.0798299885727,121.593980016929,68000040.0,60885360.0,30558666.0,51249890.0,73607384.0,95467840.0,119146830.0
臺北市文山區和平東路四段２９５巷７號七樓,25.001249981579,121.573089967283,28500004.0,28425682.0,19150318.0,22266424.0,29920718.0,35615188.0,48606524.0
臺北市內湖區文德路２２０巷４９號,25.07739521,121.5883324,11299991.0,16143202.0,13832342.0,15334505.0,15378939.0,17783012.0,24035920.0
臺北市內湖區內湖路三段１１５巷１弄２號二樓,25.0860600057459,121.590949958931,6600000.5,5555320.0,4780675.5,5895846.5,6266945.0,11719088.0,12151480.0
臺北市大安區仁愛路四段３４５巷４弄９號五樓,25.0390400015931,121.553429961928,35000016.0,39316916.0,3291888.5,25531504.0,33766896.0,52358876.0,54771772.0
臺北市大安區金山南路二段１３８號十七樓之３,25.02950999,121.52625,3499999.0,11618755.0,9475340.0,12099004.0,12159061.0,20123176.0,23606342.0
臺北市中山區南京東路一段１０８號十三樓,25.0518700131457,121.526420033316,189170060.0,382200350.0,2311558.2,51137890.0,188829760.0,226210940.0,263922160.0
臺北市文山區興隆路二段２２０巷５５弄８號,24.99907199,121.551608,15250007.0,19905318.0,16505331.0,19531338.0,21520196.0,23761556.0,28619572.0
臺北市松山區民族東路６６６號,25.06481599,121.546338,16879994.0,16769026.0,13259295.0,14206275.0,16220177.0,19257970.0,23379474.0
臺北市內湖區文德路２７５號三樓之３,25.0793499988873,121.589109963546,13499990.0,13385124.0,9585935.0,11205597.0,12630648.0,15398781.0,20929224.0
臺北市中山區林森北路１２１號十五樓之１,25.05079998,121.5253,7380000.0,7956460.5,5117825.0,6082763.0,8267021.0,13431209.0,13898723.0
臺北市萬華區峨眉街６２號八樓,25.043960011119,121.504700007618,9849995.0,11281858.0,7252320.0,8093935.5,10517432.0,13991017.0,16150748.0
臺北市信義區忠孝東路五段４６９號十二樓之９,25.04097002,121.5771,57800010.0,46047916.0,2889621.8,26686196.0,52639452.0,62823820.0,76633790.0
臺北市萬華區寶興街１７７號二樓,25.023230013914,121.495660041224,10600002.0,10090892.0,8158195.0,8248671.5,10767134.0,14884471.0,17635572.0
臺北市南港區昆陽街１７１巷４弄９號二樓之１４,25.04696999,121.59393,6099999.0,5006819.0,2847333.0,3340200.2,5156322.0,9398841.0,10005090.0
臺北市士林區倫等街４８巷１３號三樓,25.0928400014959,121.502409987851,11299991.0,7629785.5,937123.3,6140453.0,10553583.0,14816717.0,14985340.0
臺北市內湖區內湖路二段１０３巷７６號一樓,25.08319,121.58092,25999984.0,17009464.0,7653463.0,9673602.0,17613184.0,17634932.0,25207884.0
臺北市大安區四維路１７０巷３６號八樓之３,25.0281900051181,121.546339961489,23500006.0,19315024.0,9823315.0,12497505.0,17144898.0,21122562.0,27400712.0
臺北市松山區八德路三段１５８巷２０弄１７號四樓,25.0471900194172,121.554780035072,27099982.0,25119380.0,18241114.0,22304596.0,24811440.0,28791548.0,33340922.0
臺北市大同區寧夏路１１號十一樓之６,25.0599899818469,121.514740018879,10680002.0,13417766.0,11477414.0,12164326.0,12308185.0,15327575.0,20022524.0
臺北市文山區萬壽路７５巷１６弄１號四樓,24.9853799794733,121.58853999413,12500008.0,17726830.0,12874067.0,14242875.0,18097988.0,19361388.0,27303258.0
臺北市中正區衡陽路２６號,25.04218699,121.512827,18999984.0,20057956.0,10533493.0,12473310.0,21444966.0,23181346.0,31992484.0
臺北市北投區大同街２０３之２號,25.1376900147357,121.499110032571,27999986.0,21547262.0,12998200.0,17003562.0,19590960.0,26352664.0,32480428.0
臺北市北投區中山北路七段２１９巷３弄３９號六樓,25.1270900085229,121.530639986289,17980008.0,17434434.0,9789871.0,16710724.0,16741829.0,19627688.0,25081654.0
臺北市大安區永康街４７巷１３號四樓,25.0301900110348,121.530089965803,25999984.0,25214520.0,16317706.0,23120630.0,24139108.0,28144768.0,37681980.0
臺北市信義區永吉路２１８號,25.04537701,121.573164,69000050.0,55614464.0,30213594.0,46030176.0,64800880.0,89378230.0,97213280.0
臺北市中山區新生北路一段１１０號,25.05021572,121.5279281,7800001.5,7943245.5,6027937.0,6853117.5,7797160.5,11334918.0,13117698.0
臺北市內湖區大湖山莊街２２４號,25.08849,121.598544,7999997.0,7126767.0,5430757.5,6658835.5,6850889.0,9863060.0,12478283.0
臺北市北投區文化三路７１號五樓,25.13981998,121.49828,15999987.0,18979084.0,10856302.0,14565486.0,17600222.0,19156748.0,27451348.0
臺北市士林區德行東路７４巷１５弄２號三樓,25.10649001,121.52748,4970002.0,3894583.2,5628384.0,5835984.0,7096092.0,8358497.5,10691640.0
臺北市中正區延平南路７０號九樓之７,25.0448800088115,121.510319989878,4700000.5,6357766.5,5735224.5,6238567.0,7153173.0,9703705.0,11262766.0
臺北市內湖區江南街７１巷１６弄２０號,25.075889991166,121.577519970749,27700022.0,26420456.0,13860734.0,17408914.0,19860038.0,22609780.0,37826652.0
臺北市松山區延壽街３３０巷１６弄５號五樓之１,25.05612002,121.55987,53699996.0,43395444.0,22601890.0,34261964.0,51555880.0,70282890.0,73013540.0
臺北市南港區研究院路二段１３４巷１０號三樓,25.0388600002224,121.616560025893,11860011.0,11693768.0,9075313.0,9262254.0,13085412.0,16921028.0,18928400.0
臺北市中正區水源路４５號十二樓,25.019240018455,121.523519978637,33299994.0,34171704.0,23119086.0,27259548.0,34207636.0,39269550.0,52894690.0
臺北市中正區延平南路２１６巷３號六樓,25.0343999895427,121.50717996131,23200012.0,24085208.0,13077353.0,20016184.0,24184732.0,25660880.0,36224240.0
臺北市松山區民生東路五段６９巷１號,25.05903901,121.558131,13499990.0,9268298.0,4450070.5,5523175.0,8782416.0,15244016.0,17364310.0
臺北市北投區光明路４７號十樓,25.1328399941012,121.49972995813,20080004.0,22125872.0,16659105.0,19458570.0,24055548.0,34714732.0,38266844.0
臺北市松山區南京東路五段６６巷１２弄１２號六樓,25.05051001,121.5601,20000004.0,20729428.0,15607869.0,16994904.0,20279418.0,21387818.0,29945382.0
臺北市北投區中央北路四段５４１巷１５號十三樓,25.1274899929424,121.468120041056,30840018.0,23765682.0,7382548.0,13636242.0,25863668.0,29851914.0,43612680.0
臺北市中山區松江路８號,25.04645698,121.532689,7150002.0,7867125.0,6840104.0,7345502.5,7362088.5,12906349.0,14285999.0
臺北市萬華區青年路３０巷６號十樓之３,25.026020014205,121.504230034307,18999984.0,19854546.0,17963210.0,25318518.0,25401376.0,31834890.0,35142630.0
臺北市中山區龍江路３９７巷９號四樓,25.0656600040689,121.541630002457,26999992.0,21469808.0,17033652.0,20902256.0,21176092.0,22019694.0,30260136.0
臺北市文山區富山路２０號五樓之１,24.9896799796213,121.553440020212,35999972.0,32772472.0,21815438.0,26419198.0,35115970.0,41828620.0,51858456.0
臺北市文山區樟新街１５巷１１號三樓,24.9793699872584,121.55571000723,15350014.0,14893644.0,12765161.0,13017453.0,16238533.0,17420904.0,23063240.0
臺北市大同區南京西路３４４巷３５號九樓之６,25.052870016104,121.512259981368,5849998.0,6683693.0,5548379.0,5946998.0,6365198.0,10000168.0,11183306.0
臺北市中山區雙城街１３巷２２號,25.06402599,121.525187,17980008.0,17833656.0,13067330.0,14135002.0,21797804.0,23362804.0,29790314.0
臺北市內湖區成功路三段１７４巷１８號四樓,25.0811299798457,121.590489960085,18679996.0,17642772.0,12163839.0,15224606.0,17122676.0,18797298.0,24883048.0
臺北市信義區永吉路４４３巷６４號,25.04736801,121.578243,8099997.0,10369554.0,6336085.0,6810137.0,10759948.0,15981443.0,18174644.0
臺北市大安區大安路一段２４１號五樓之１,25.033889992644,121.546090013136,28500004.0,28086798.0,11987300.0,20722788.0,27859296.0,29763848.0,39958240.0
臺北市北投區溫泉路１４３之８號,25.13733999,121.511076,6299999.0,7519129.5,4712904.5,5349264.5,8314088.5,10176788.0,13552129.0
臺北市內湖區內湖路二段３０１巷７弄５號,25.08323799,121.590675,15000010.0,13762604.0,5078283.5,10882091.0,14970285.0,16040902.0,22410780.0
臺北市中山區松江路２８９之６０４號,25.0604299898541,121.533380030437,31799996.0,31494804.0,17814482.0,22124394.0,26204804.0,28320856.0,44743936.0
臺北市內湖區民權東路六段１８０巷４２弄１５號十四樓之１,25.0675899791846,121.591999959942,24000004.0,19620352.0,11213893.0,13276022.0,20860516.0,25601432.0,32094980.0
臺北市士林區通河西街二段１６巷４號二樓,25.08870001,121.51155,7500001.0,6615603.5,4667366.5,5504849.0,7256630.0,12020796.0,13341666.0
臺北市萬華區貴陽街二段１５０號四樓,25.0401500170306,121.501519997372,10380002.0,11338140.0,8168050.5,8602796.0,11111695.0,14533794.0,18446070.0
臺北市萬華區中華路二段５０４巷４９號,25.02466202,121.508172,11500007.0,12432622.0,1559589.0,9786026.0,13586655.0,17714460.0,23584694.0
臺北市北投區北投路一段５９號六樓,25.128739986163,121.500049979193,26980020.0,28454216.0,15199334.0,21481688.0,31718400.0,39495724.0,51762796.0
臺北市松山區南京東路四段９３號八樓,25.05182002,121.55414,5000000.0,7803476.0,5621506.5,5692660.5,7579064.0,11562977.0,13469306.0
臺北市文山區木新路二段４３巷１７號,24.98658199,121.571177,4300001.0,17945164.0,9825845.0,15103649.0,19277264.0,25941236.0,28383966.0
臺北市內湖區康寧路三段１８９巷７３弄４號,25.07216302,121.612338,19199984.0,17711790.0,14174310.0,16877032.0,17418944.0,20138382.0,24697180.0
臺北市信義區松仁路２０２巷２弄１號,25.0275300140621,121.567790006086,33500028.0,23990210.0,14278725.0,18075356.0,20200434.0,23121424.0,32443836.0
臺北市文山區羅斯福路五段９７巷１６號四樓,25.0060899858391,121.539939959319,10800002.0,10543584.0,8081224.5,9143579.0,10109906.0,12980015.0,16912930.0
臺北市北投區三合街一段３８號四樓之２,25.127187228231,121.506254551426,29680004.0,24818208.0,14317314.0,17549604.0,25743532.0,30434712.0,41447176.0
臺北市內湖區康樂街１８６巷３２之３號,25.0771199935475,121.62030003109,13049994.0,13086336.0,8283128.0,9808899.0,13273996.0,15314921.0,19159524.0
臺北市士林區福林路１００巷７７弄７號,25.09492001,121.53303,48999990.0,36379616.0,25076680.0,28374980.0,38234230.0,47267760.0,63157584.0
臺北市松山區慶城街５５號十二樓,25.05565,121.5468,48999990.0,32996390.0,2352765.8,20777880.0,41581944.0,42044744.0,53667844.0
臺北市文山區萬利街１８號,25.000312,121.565959,10675460.0,16320507.0,12239499.0,14637088.0,15466069.0,18648418.0,24201252.0
臺北市北投區中山路１之７號,25.13697976,121.5047878,7999997.0,7354404.5,5323716.0,5348978.5,8224862.5,13463116.0,14135164.0
臺北市大同區民權西路１２２號,25.06271699,121.516736,12500008.0,12842920.0,9385405.0,11302642.0,11633390.0,14984340.0,17836172.0
臺北市內湖區金湖路３２８之７號十一樓,25.0736300205223,121.603149986641,47500030.0,48918840.0,25922440.0,36593544.0,50534590.0,57270844.0,75338990.0
臺北市內湖區康樂街１３６巷３０弄６９號六樓,25.07148014,121.6178047,13199996.0,13689508.0,10685279.0,11518930.0,15263072.0,19610326.0,22173610.0
臺北市信義區基隆路一段３８０巷４２號,25.03445711,121.5579832,23500006.0,21130580.0,13773318.0,15702255.0,21084122.0,24950630.0,31243690.0
臺北市士林區永公路３巷５號四樓,25.114110002813,121.55134001819,18000012.0,16463419.0,1647133.2,12992747.0,17020044.0,20843452.0,29091954.0
臺北市北投區稻香路１６１巷１６弄８之５號,25.14190094,121.4880264,25380020.0,28174256.0,9018869.0,17059468.0,29780600.0,32560196.0,46578276.0
臺北市信義區光復南路４３１號十一樓,25.0358400005083,121.557700038682,28769972.0,28604292.0,19196542.0,25440262.0,27886888.0,34925330.0,40435580.0
臺北市信義區莊敬路３０８號五樓,25.0283099920621,121.563150035945,29999978.0,23842504.0,18679212.0,22653508.0,23978864.0,24477890.0,32864112.0
臺北市士林區福港街３７巷６號,25.0906500197438,121.518520005754,15800014.0,11666388.0,7314618.5,8645803.0,11322472.0,15422148.0,19477470.0
臺北市內湖區民權東路六段２８０巷４５弄３９號六樓之１,25.0702700089059,121.605930012467,11360002.0,11369649.0,9564548.0,9618333.0,11153866.0,13165197.0,17493926.0
臺北市萬華區成都路１３５號七樓之５,25.04345001,121.50342,6879999.0,7817256.0,5998209.5,6479175.5,6987417.0,10388756.0,12312600.0
臺北市中山區南京東路一段１３２巷１８號,25.05097998,121.526923,19199984.0,22440636.0,15132023.0,17192774.0,24247410.0,26889036.0,37761484.0
臺北市北投區稻香路１６１巷１７號,25.14159301,121.487639,16300006.0,15916617.0,8082257.5,12107338.0,18348310.0,20332790.0,27253830.0
臺北市北投區清江路１７７巷１０號,25.12791299,121.502214,31769986.0,27098740.0,12808720.0,23963640.0,32431028.0,40939228.0,43663784.0
臺北市北投區文林北路３０２號,25.11088402,121.5115703,48500024.0,40738264.0,27189966.0,40989310.0,47152590.0,58262450.0,71587120.0
臺北市北投區光明路６８號十六樓之３,25.1327700052097,121.50021996419,24000004.0,23715646.0,13657508.0,19211524.0,26523864.0,35081824.0,41945584.0
臺北市信義區永吉路１８５號十二樓之１,25.0457500084516,121.572559979545,19600004.0,16230018.0,15506802.0,17129764.0,18049208.0,24219446.0,24291988.0
臺北市士林區基河路１２８號,25.08867608,121.5231356,6500001.0,8044362.0,7080085.0,7361302.0,8179400.5,10748502.0,11641736.0
臺北市信義區吳興街２８４巷２２弄１１２號,25.023206,121.5609,15000010.0,12497744.0,9424457.0,9878687.0,12623567.0,15384719.0,19894804.0
臺北市萬華區萬大路２７７巷４８號十一樓之１,25.0252300198307,121.502730008914,9199996.0,9544557.0,7170015.5,8763140.0,9509033.0,13566302.0,20125518.0
臺北市信義區逸仙路３２巷１３號二樓,25.03991,121.56255,45000012.0,36936730.0,16395106.0,20318716.0,30111192.0,31956624.0,49962428.0
臺北市內湖區新明路４２８巷１０號,25.0543751,121.5795827,38199976.0,43122748.0,18428768.0,28842828.0,49029064.0,55949396.0,69691800.0
臺北市內湖區內湖路三段１９１巷３號,25.08817199,121.588681,16800016.0,14598584.0,12435326.0,13026692.0,14913087.0,17807382.0,22657570.0
臺北市北投區大業路２８０巷２３號四樓,25.127650003474,121.499410020886,13049994.0,13140236.0,11104513.0,11204464.0,13712924.0,16866186.0,19906344.0
臺北市大安區忠孝東路四段２２３巷７５號二樓,25.0439300039056,121.552889999725,37999988.0,47281196.0,18835878.0,25900150.0,36274092.0,43505170.0,58887532.0
臺北市文山區景興路１８８號十三樓之９,24.99236001,121.54394,6800000.0,9414953.0,8984976.0,8985490.0,10512178.0,14923160.0,15693183.0
臺北市內湖區康樂街１８６巷３２之４號,25.0771199935475,121.62030003109,13399991.0,13079848.0,8278958.5,9806168.0,13267896.0,15308496.0,19152508.0
臺北市士林區天玉街１３之１號,25.120574,121.527304,64000012.0,61042570.0,33723384.0,45572250.0,63269110.0,91296950.0,117775340.0
臺北市萬華區漢中街２號,25.04599602,121.507788,16879994.0,20643808.0,12696685.0,16462917.0,22263028.0,23472592.0,33643270.0
臺北市大同區民族西路３３８號十樓之８,25.068589982143,121.509439973864,21550016.0,19055656.0,7719715.5,12358102.0,18792672.0,20631290.0,32083840.0
臺北市中山區八德路二段１６７巷５號,25.04684699,121.538217,9999996.0,9446089.0,6809423.0,8056369.5,8345904.5,11337231.0,15047521.0
臺北市內湖區星雲街１６８巷４３號十一樓之３,25.07997998273,121.597330012171,22580002.0,17010470.0,14204026.0,15223996.0,18659840.0,19879442.0,28130332.0
臺北市內湖區康樂街６１巷７９弄１１號五樓,25.0710999849584,121.620489965016,16999994.0,25312580.0,19232274.0,23112296.0,27803292.0,33524958.0,44094630.0
臺北市信義區基隆路一段１０９之６號,25.045266,121.567162,12419990.0,8708089.0,7180177.0,7565235.0,9179996.0,13007599.0,13710178.0
臺北市內湖區康寧路三段７５巷１２３號,25.07503089,121.6094454,28520016.0,24998980.0,15880017.0,20568268.0,25526830.0,27341666.0,36912780.0
臺北市文山區樟新街８巷２０號八樓,24.97959001,121.55415,23399996.0,21444230.0,16233052.0,18081942.0,23040332.0,26633720.0,31473846.0
臺北市北投區溫泉路７１號,25.135646,121.504801,4199999.0,5171223.5,4956082.0,5161424.0,5804141.0,9271534.0,10591838.0
臺北市信義區松勤街１４０巷４號六樓,25.0315799820384,121.56897998488,67700060.0,34856916.0,21061854.0,27822762.0,34477050.0,38865604.0,54799464.0
臺北市大安區信義路三段１０５號四樓之２,25.0337000168086,121.53904996884,7800001.5,7903582.5,5728544.5,7130594.5,7347835.5,9913682.0,13260584.0
臺北市中山區合江街１７巷１５號四樓之５,25.0551900011744,121.540150009813,15999987.0,14590984.0,11676806.0,11777932.0,13986268.0,15274372.0,23210014.0
臺北市內湖區環山路一段６０巷１號,25.087073,121.566531,14499987.0,13401780.0,11273168.0,11315045.0,13838834.0,15391734.0,21491604.0
臺北市南港區經貿二路２４５號十一樓之１,25.0610800064453,121.61440998391,32999976.0,26985012.0,13281797.0,16540028.0,26149282.0,29426068.0,39956564.0
臺北市萬華區中華路二段３３６號五樓之９,25.0295099872302,121.504360037625,6359998.0,5772857.5,5586181.0,6048270.0,6204835.0,10898979.0,11046820.0
臺北市信義區松山路２５４號,25.0441328,121.5773577,18679996.0,19445066.0,7781442.0,16428131.0,18468742.0,26877652.0,28406224.0
臺北市信義區忠孝東路五段４２３巷６弄１７號二樓,25.04181999,121.5762,19499996.0,20837014.0,7006327.0,11809740.0,17564774.0,19094476.0,28198232.0
臺北市內湖區民權東路六段１８０巷７７弄２５號,25.06617499,121.593381,52499976.0,33807428.0,18402776.0,21543810.0,37011550.0,44986880.0,58264228.0
臺北市士林區華齡街４０巷１弄１號二樓,25.0833800179341,121.519769998975,4499998.0,8022298.0,6314272.5,7363689.5,7442430.0,13733261.0,14069586.0
臺北市大同區哈密街５９巷５６弄４２號,25.07529299,121.514691,16500011.0,14624642.0,12506518.0,12806180.0,15579316.0,16496959.0,24145740.0
臺北市士林區社子街６３巷５號三樓,25.0877899886518,121.507020034598,8799997.0,10137461.0,6543994.0,7512714.5,11123825.0,16352477.0,16387509.0
臺北市松山區光復南路６巷１７號,25.04765199,121.557229,31999990.0,28481528.0,19653162.0,25752864.0,27031220.0,33774816.0,42509696.0
臺北市士林區中山北路七段１９０巷２６弄５號,25.12533798,121.535567,13800008.0,46395800.0,20409840.0,37257750.0,44602748.0,61437140.0,85674650.0
臺北市中山區民權西路６３號九樓之１,25.0630199979353,121.520350026675,66179996.0,39694044.0,10864940.0,19032046.0,34177116.0,42179204.0,69268780.0
臺北市文山區景興路１８８號十一樓之１５,24.99229999,121.54391,7700003.0,9804802.0,8472637.0,8544229.0,10371808.0,14167634.0,15076306.0
臺北市文山區景華街１４７巷１弄１１號,24.996558,121.547366,13099996.0,12920437.0,10284442.0,10465245.0,12683518.0,18100852.0,21050730.0
臺北市大安區和平東路二段２６５巷３７弄８號二樓之２,25.0280499854256,121.54446995889,9330004.0,7949262.5,5811203.0,6329604.5,7079801.5,10827743.0,14483651.0
臺北市北投區奇岩路１２之５號,25.13348582,121.5074444,6779997.5,16277295.0,13318733.0,14194872.0,17876566.0,21364496.0,27758836.0
臺北市大同區安西街１００號五樓之１,25.0609099795394,121.509850016567,34500010.0,32103122.0,17495094.0,24923614.0,33497536.0,35643732.0,49880160.0
臺北市士林區葫蘆街３０巷３８號,25.0812200014858,121.509999968815,5000000.0,11098245.0,6304801.5,6638501.0,11584832.0,16569552.0,17661290.0
臺北市中正區水源路１０９號四樓,25.0213600113156,121.518320013545,19499996.0,24532060.0,18426026.0,22215986.0,28805498.0,32031438.0,39391750.0
臺北市士林區天母北路２８巷３９號,25.11939666,121.5255461,11174990.0,12674594.0,10553986.0,12093029.0,13214682.0,17949682.0,21013462.0
臺北市士林區承德路四段３５４號六樓,25.0903400150548,121.517000031433,4499998.0,7855407.0,6561148.0,6819697.5,8185151.5,10051417.0,12446004.0
臺北市文山區景華街１２１巷１７弄３號三樓,24.9967699800603,121.546009965961,14300011.0,17168984.0,13471181.0,15932199.0,16998664.0,20103152.0,24385668.0
臺北市松山區南京東路五段２５０巷１８弄１號六樓之１,25.0501199974912,121.566939997285,20200010.0,19611522.0,8980847.0,13622360.0,19804584.0,20887868.0,28188392.0
臺北市中正區羅斯福路二段１４０號十一樓之２,25.0258900108868,121.523050005326,35999972.0,31216766.0,15689292.0,17309980.0,23777244.0,25151644.0,45930730.0
臺北市松山區八德路三段２１８號三樓之１,25.0479800137915,121.556909960488,16500011.0,15463532.0,11556407.0,14185751.0,14737208.0,20014658.0,24188332.0
臺北市北投區承德路七段１６６號,25.11484501,121.5063896,64000012.0,63719500.0,30089662.0,54663960.0,89001600.0,96912990.0,131596820.0
臺北市文山區汀州路四段１０５巷２０弄２號四樓,25.0060699950001,121.537520020053,14329991.0,15098551.0,12685114.0,14029978.0,15477519.0,16594221.0,21854252.0
臺北市中山區龍江路４１２巷６０號三樓,25.0675499975064,121.538549988316,17479984.0,16345616.0,12448568.0,14456989.0,16405679.0,19366154.0,25355488.0
臺北市文山區辛亥路四段２０９巷３６號十六樓,25.0025700056006,121.555500040555,25380020.0,24384180.0,10541392.0,18179878.0,27793484.0,29203756.0,41044936.0
臺北市中山區龍江路３９４巷４８號三樓,25.0671399967126,121.539019961627,20300006.0,15959267.0,12865746.0,14596997.0,16986672.0,19787328.0,23613142.0
臺北市文山區景興路２６２號,24.9899987,121.5426351,8799997.0,10710274.0,10285678.0,10574135.0,10662132.0,14965745.0,16549180.0
臺北市南港區成福路１５３號四樓,25.04135001,121.58803,9999996.0,10737560.0,7825513.0,7980154.5,10658289.0,12636456.0,17337008.0
臺北市文山區指南路三段２２巷１２之１號八樓,24.9835699913016,121.57846000119,32999976.0,38290064.0,19083336.0,24666720.0,37993680.0,49431896.0,63294820.0
臺北市大安區仁愛路三段１２３巷２８弄１號四樓,25.0394000043345,121.541890009093,58499970.0,46292820.0,22851266.0,32747354.0,43244070.0,49507284.0,69553960.0
臺北市內湖區康寧路三段２５３號五樓,25.06656001,121.61135,17700004.0,14860218.0,10179040.0,11493604.0,15578841.0,17415490.0,24507556.0
臺北市內湖區康寧路三段２４９號,25.066674,121.611399,17900006.0,19417936.0,14165364.0,17264972.0,20853992.0,21562104.0,29396112.0
臺北市內湖區成功路二段３１２巷１７號三樓,25.0672300183527,121.589629976819,16879994.0,14225744.0,11472993.0,11874067.0,15453449.0,18981256.0,22230144.0
臺北市松山區敦化北路６號,25.05039002,121.548573,283879870.0,339912700.0,4318869.0,58254784.0,184713230.0,252835940.0,271782100.0
臺北市松山區光復南路３３巷１５號,25.046877,121.558898,52499976.0,32858784.0,20737932.0,26723992.0,30233310.0,32619062.0,49290856.0
臺北市北投區中央北路一段１８０巷１號八樓之６,25.135900017403,121.497949977172,15000010.0,15708246.0,10509592.0,12355816.0,14130770.0,17669106.0,22194596.0
臺北市中正區羅斯福路二段８巷８號,25.02869719,121.5202648,36750012.0,34356132.0,22746684.0,28935012.0,32673920.0,39061656.0,50588216.0
臺北市中山區合江街３９號六樓,25.0557100144474,121.539200004907,30249980.0,26182272.0,16011069.0,20093146.0,25865296.0,29626498.0,42999796.0
臺北市萬華區長沙街二段１９９號,25.04120601,121.500373,9680006.0,10710397.0,7437208.0,7752642.5,11017866.0,13482208.0,17983334.0
臺北市南港區南深路２３巷１２弄３號,25.037321,121.621774,11999996.0,10110870.0,5552010.0,7021277.0,12346040.0,15133812.0,16857536.0
臺北市信義區基隆路二段１６７巷５之１號五樓,25.0253399904004,121.554269996264,14579996.0,15964413.0,12308842.0,13416845.0,13852884.0,15996844.0,22758922.0
臺北市中山區長安東路二段１８４號十二樓之６,25.0481999968403,121.541360021355,27800004.0,24615256.0,16897904.0,22437554.0,23860564.0,29052306.0,35962092.0
臺北市士林區文林路２７號,25.08640002,121.525168,22499994.0,21981968.0,14009388.0,17184382.0,21463544.0,23520006.0,33113658.0
臺北市北投區稻香路７３巷５號,25.14056002,121.48923,7000002.5,5881324.0,2120353.5,2915581.0,6335336.0,10867592.0,12726580.0
臺北市內湖區民權東路六段２８０巷１５５弄２１３號三樓,25.0685399840905,121.609840002661,8500000.0,8696122.0,6814607.0,7000410.0,8279432.0,9745457.0,13491984.0
臺北市大安區安居街６０巷１１號三樓,25.0204400136231,121.553470027425,19199984.0,18021414.0,13928684.0,16461912.0,17216632.0,18518654.0,24368280.0
臺北市內湖區東湖路１１３巷９５弄１３號,25.0717899832277,121.615099982179,14499987.0,15785857.0,12534962.0,13273136.0,16423525.0,19045556.0,24240984.0
臺北市中正區羅斯福路一段８３巷２號六樓之１０,25.031409997042,121.519849962331,16359995.0,14717741.0,11674290.0,11870602.0,13189702.0,17627030.0,21350768.0
臺北市中山區北安路８０５巷４弄３號三樓,25.0861100037983,121.554650031754,20200010.0,17435032.0,11102268.0,13991684.0,18257196.0,21650046.0,25780680.0
臺北市內湖區成功路二段３７３號,25.0742937,121.5901958,45999988.0,44383710.0,25103144.0,34693284.0,46120520.0,52166984.0,72135790.0
臺北市士林區中正路３４９巷２號,25.09409699,121.52238,12800001.0,12830506.0,5375924.5,8865912.0,11883039.0,14269741.0,20685272.0
臺北市士林區至誠路一段１３６巷１２號,25.10216801,121.534922,26299992.0,27663432.0,19806850.0,21593588.0,25619016.0,32197190.0,46479144.0
臺北市松山區敦化南路一段８８號六樓之２,25.0467399950357,121.548510036221,68000040.0,43596876.0,26925012.0,36677956.0,41504452.0,52863320.0,68576920.0
臺北市士林區承德路四段５８巷５６弄１號,25.08271998,121.520836,16999994.0,24995690.0,15856439.0,20834312.0,22700568.0,25005466.0,36271324.0
臺北市信義區永吉路１３０號,25.04546402,121.570565,28500004.0,28745016.0,21142192.0,29972982.0,32315254.0,38891188.0,43282030.0
臺北市中正區忠孝東路一段４９巷２９號,25.04488288,121.5261548,32699980.0,26035168.0,13045962.0,15390207.0,25250134.0,32668312.0,45904188.0
臺北市北投區民族街１１巷１２號五樓之１,25.13269,121.5048,17179990.0,19872164.0,11883288.0,16498753.0,21604876.0,28551746.0,33407698.0
臺北市文山區辛亥路四段７７巷９２弄９號十二樓之１１,25.0087799900252,121.56122001892,12579990.0,15172310.0,11303116.0,11808186.0,14741481.0,17052506.0,23656508.0
臺北市信義區基隆路一段３８０巷３２號,25.03461,121.5586,14900008.0,10080273.0,6508238.5,7272114.0,9353310.0,15726713.0,17039566.0
臺北市松山區八德路四段４４５號十四樓,25.0500200013863,121.570259985314,18880012.0,22416508.0,12393415.0,15113764.0,22104568.0,26397640.0,35694212.0
臺北市文山區興隆路四段１２４號,24.98253499,121.562233,12199993.0,20794056.0,15673978.0,23424914.0,26358296.0,32232398.0,33300502.0
臺北市內湖區成功路五段４５０巷１號四樓,25.07447999,121.60712,58000004.0,55031260.0,19325344.0,29954464.0,52833890.0,58808850.0,83351320.0
臺北市北投區崇仁路一段１６６巷８號三樓,25.1228200155882,121.502219970106,28699984.0,22999938.0,12606916.0,15368060.0,20384396.0,23806468.0,35862564.0
臺北市大同區重慶北路三段２９５巷７號二樓,25.0736899930396,121.514440030565,14000013.0,13036784.0,10526484.0,10753957.0,12849119.0,15473062.0,19820078.0
臺北市內湖區康樂街１１１巷８號,25.0706899841645,121.619659988964,16500011.0,13938278.0,11850717.0,11908360.0,15515027.0,19441988.0,22501024.0
臺北市文山區萬美街二段２巷１號五樓之１,25.0025099911739,121.562770000455,11079992.0,12904380.0,10654549.0,12042552.0,12050570.0,15462412.0,20565326.0
臺北市大安區忠孝東路四段４９巷４弄１６號五樓之３,25.0421053474034,121.545666643207,8330001.0,5740286.0,4242927.0,5206675.0,7269319.5,10046548.0,14233832.0
臺北市內湖區康樂街１９９號三樓之１,25.076080008911,121.621169988821,13000010.0,16889912.0,10584830.0,11391529.0,17048896.0,22783244.0,25805968.0
臺北市中山區民生東路二段１２７巷６號二樓之３,25.0583700114202,121.532089971719,15999987.0,17196972.0,11468268.0,12276884.0,16578814.0,19544754.0,25728608.0
臺北市中正區廈門街８１巷２２弄２號,25.0241599860714,121.519570006765,14000013.0,24971864.0,14224441.0,15502396.0,20173942.0,24172788.0,34819308.0
臺北市南港區舊莊街一段１４５巷６弄５１號三樓,25.03925001,121.62251,7720003.0,6608686.0,3779413.2,3998756.5,7252866.0,10729638.0,12645304.0
臺北市士林區環河北路三段１９３號,25.08749398,121.504569,3570000.5,6257694.0,4711012.5,4931861.5,6156425.5,10006827.0,11268116.0
臺北市信義區虎林街１３２巷１８號四樓,25.0403899909185,121.576320017491,21699988.0,23215948.0,9827626.0,15322664.0,20344776.0,23275892.0,29144604.0
臺北市士林區忠誠路二段２１巷４５弄７號,25.11030298,121.532819,20879980.0,18354050.0,16061476.0,18699244.0,20913222.0,24926324.0,27218140.0
臺北市北投區行義路１５８巷３１號,25.13084301,121.529631,10300010.0,14977510.0,7906816.5,14399720.0,14482490.0,18521586.0,22059756.0
臺北市內湖區成功路二段４０６巷９號三樓,25.0708699855352,121.589369970183,12250009.0,11378283.0,7818933.5,10125190.0,11078788.0,14673566.0,17640922.0
臺北市中正區羅斯福路三段１３６號十九樓,25.0203300011439,121.528260028701,132788664.0,71494470.0,6744412.0,54344704.0,111802420.0,117453430.0,145369920.0
臺北市松山區東興路９號七樓,25.0503999949668,121.565539967998,36059970.0,25894520.0,17880248.0,20867200.0,24125576.0,27659212.0,39058524.0
臺北市北投區致遠二路９８號,25.1169500011564,121.512559969683,20500002.0,16839668.0,8421845.0,9503992.0,17811492.0,22471516.0,27764236.0
臺北市大安區金山南路二段１５９巷１４號四樓,25.0289999903315,121.527259983834,24999980.0,18805796.0,13077628.0,15436598.0,18908590.0,22057146.0,29915468.0
臺北市信義區忠孝東路五段１６５巷３弄２８號四樓,25.0414699991427,121.569790012003,10800002.0,17623164.0,12301356.0,13816390.0,16254213.0,17444280.0,24126680.0
臺北市中山區長春路１００號十一樓之１０,25.0547999912197,121.527849985998,10100000.0,10692068.0,7575913.5,8349399.5,8589540.0,14369156.0,14980825.0
臺北市士林區忠誠路一段１７３巷３０號八樓,25.1081899903287,121.532270015,41549996.0,31007468.0,22556714.0,31407760.0,34949920.0,41135064.0,48631010.0
臺北市大安區光復南路６７６巷１６號三樓之１,25.0306800170944,121.556449961642,20500002.0,20143376.0,14039910.0,15357746.0,19321472.0,19404718.0,29626442.0
臺北市中山區錦州街１５９號七樓之１,25.0604299898541,121.52985996638,18000012.0,17932676.0,13005863.0,13318301.0,15454245.0,18146274.0,25790516.0
臺北市信義區忠孝東路五段２９５巷３號七樓,25.0432099984229,121.572559979545,29149996.0,27595872.0,19526646.0,22304468.0,28038144.0,33536534.0,38508250.0
臺北市文山區景福街１５３號五樓,24.9954800051616,121.536579989612,21800008.0,23944908.0,17738802.0,19170784.0,22568118.0,26894320.0,32871072.0
臺北市文山區景興路９６巷２４號三樓,24.9947499833045,121.543430016163,18540000.0,18689048.0,13803009.0,16769314.0,19685990.0,23485488.0,27074768.0
臺北市士林區中山北路七段１４１巷１４弄１之３號四樓,25.1232800144345,121.530600004611,189999940.0,431541200.0,1058910.6,67138250.0,230932740.0,284580300.0,377369540.0
臺北市中山區天祥路８０號六樓之７,25.0640200008936,121.52036000114,21200016.0,19948344.0,12824145.0,15631136.0,21350444.0,22386640.0,33864544.0
臺北市信義區林口街２９號,25.03744798,121.579134,35000016.0,18605252.0,6679748.5,8023736.5,19087122.0,23651726.0,34176204.0
臺北市士林區士東路２６６巷１２弄４之１號二樓,25.11189999,121.5364,18000012.0,14974911.0,9910657.0,11949155.0,14854578.0,17107530.0,22203150.0
臺北市松山區八德路二段３８３號,25.04799598,121.545155,22499994.0,25237808.0,18936164.0,22659992.0,23059852.0,29951094.0,34781270.0
臺北市中山區民生東路二段３號十二樓之２,25.058140011997,121.528760009226,47000036.0,44489320.0,24731826.0,35875770.0,46141110.0,53308020.0,70640650.0
臺北市士林區至善路三段１８１巷５弄３０號,25.12033298,121.575374,26400006.0,11228168.0,1877.9177,7708305.5,19477248.0,20540512.0,39807316.0
臺北市文山區政大一街３７８號,24.9870199826486,121.587299975374,120600050.0,57216668000.0,-0.9999563,398045280.0,485165200.0,485165200.0,485165200.0
臺北市大安區光復南路１８０巷１３號四樓、四樓之１、四樓之２,25.0420400104681,121.556820022667,26100002.0,19500034.0,8478530.0,11069536.0,20042888.0,20321196.0,31195458.0
臺北市北投區公路２３１巷３５號五樓,25.13289,121.50253,12700003.0,14974968.0,6502872.0,11799473.0,14831675.0,19431274.0,22199508.0
臺北市中山區朱崙街５８號六樓,25.0498000183375,121.543170009527,201999820.0,592571260.0,2995527.0,55974480.0,244386700.0,327469950.0,368225800.0
臺北市士林區士東路４６巷１５之１號五樓,25.1111700083647,121.527399961617,16679995.0,21259216.0,15187713.0,18716086.0,22027928.0,22368202.0,28844424.0
臺北市中山區農安街１６６巷３號五樓,25.0644300016875,121.533929967104,9999996.0,26261244.0,13437102.0,23074680.0,27974576.0,28661964.0,40507370.0
臺北市大安區辛亥路一段８９號十四樓之２,25.0217099976827,121.53099998903,49379970.0,48221456.0,30315306.0,43522100.0,48047572.0,55895636.0,73290910.0
臺北市松山區南京東路五段２３９號四樓之３,25.0515799992958,121.564819962515,14379986.0,12779339.0,7912896.5,9192699.0,12045423.0,14997464.0,20254602.0
臺北市大安區仁愛路四段１２２巷１２號五樓之３,25.0362000032497,121.550190021074,28879986.0,27907480.0,12973555.0,22327028.0,27268908.0,29287204.0,40533184.0
臺北市文山區興隆路一段２５１巷１弄５號,24.99986999,121.54432,24999980.0,20909234.0,12673724.0,14004099.0,18756828.0,20858724.0,29100000.0
臺北市大安區忠孝東路四段４９巷４弄１６號三樓之１,25.0421053474034,121.545666643207,16800016.0,11632636.0,4557660.5,7287199.5,11957522.0,16064294.0,20603842.0
臺北市內湖區環山路二段５３巷５弄４號,25.084477,121.573118,16300006.0,14826074.0,12233548.0,12956789.0,16009053.0,17454032.0,23017976.0
臺北市信義區中坡南路２０１巷１８之２號,25.04141602,121.585647,34749976.0,33033290.0,17420540.0,21494228.0,33197132.0,39141156.0,48751924.0
臺北市松山區八德路三段１２巷５３弄１９號五樓,25.0458699953956,121.55134001819,26499996.0,29142658.0,18623324.0,25996314.0,26331262.0,30176850.0,38567860.0
臺北市內湖區文湖街８１巷２４號,25.0871713,121.5641107,28999988.0,26429630.0,18716052.0,21706984.0,25624196.0,28620174.0,39495724.0
臺北市士林區葫蘆街１３５巷３號五樓,25.0845699967279,121.508019995647,11999996.0,16356314.0,12347429.0,14909304.0,15943386.0,19697294.0,23994696.0
臺北市文山區萬盛街８９之６號,25.00558749,121.5426312,18000012.0,17918144.0,14338767.0,15719695.0,19231100.0,21435804.0,28236392.0
臺北市內湖區康樂街１６３號三樓,25.0749600190087,121.620089980597,15300002.0,16186027.0,11541472.0,11809110.0,15207598.0,19760738.0,25035196.0
臺北市南港區經園街６６號八樓之３,25.0622199871867,121.61643999704,23500006.0,22341554.0,12354166.0,15073661.0,22071918.0,25769472.0,34525612.0
臺北市士林區芝玉路一段１９７巷２號四樓,25.10690002,121.53293,12299995.0,12883992.0,11192632.0,11249304.0,12587070.0,15406008.0,20490738.0
臺北市內湖區康寧路一段１９５巷３弄１６號二樓,25.07933001,121.59762,21000000.0,22393132.0,12911446.0,14282076.0,19971680.0,23689198.0,32391464.0
臺北市北投區知行路２３７號,25.12040498,121.466995,3221261.2,10237491.0,7617651.0,8120052.0,10144946.0,12991557.0,16986186.0
臺北市文山區羅斯福路六段３９巷４６號,24.998096,121.5424305,15800014.0,27385508.0,19827186.0,27214300.0,27961934.0,29605316.0,41554510.0
臺北市文山區興隆路一段５５巷１５號三樓,25.00398001,121.54181,11230010.0,10675358.0,7582144.0,7933895.5,10931707.0,13443998.0,17050588.0
臺北市中正區汀州路一段３５２號十八樓,25.0264599803027,121.512749987427,15000010.0,35546104.0,14573656.0,35225376.0,49208570.0,56649844.0,65894076.0
臺北市南港區福德街３１０巷５６號,25.04121402,121.587083,11010009.0,9786100.0,6056455.0,6716561.5,10496951.0,15584636.0,17605794.0
臺北市大安區和平東路二段９０巷２號,25.02510098,121.539637,35880012.0,34446748.0,14442658.0,32343496.0,38310296.0,41312764.0,48977190.0
臺北市萬華區西寧南路２９３號七樓,25.0387299969041,121.506430032433,19300000.0,20543254.0,14361923.0,18846264.0,23748736.0,27640648.0,35525564.0
臺北市內湖區民權東路六段４２３號,25.07122299,121.603932,13099996.0,13407380.0,10506445.0,10508229.0,12560210.0,15124203.0,19203866.0
臺北市大同區迪化街一段２２４巷１４號四樓,25.0594500196443,121.508930018874,9000001.0,15986046.0,11778696.0,13546392.0,14716450.0,16406649.0,22870888.0
臺北市北投區知行路２０２巷２４號,25.1191100176047,121.467359970076,13499990.0,14675946.0,9248820.0,10337030.0,13748252.0,16871400.0,22595856.0
臺北市松山區民生東路四段９７巷２弄８號三樓,25.0584200094726,121.552669974767,35000016.0,27796134.0,15486437.0,20228734.0,27411114.0,31405124.0,41023570.0
臺北市文山區興隆路三段３０４巷３２號四樓之１,24.995979985686,121.555259982848,12680010.0,18559672.0,14371870.0,16562158.0,22068340.0,25371162.0,32902560.0
臺北市萬華區成都路１３９號十一樓之２,25.0434599886851,121.503420007184,41680012.0,44341410.0,23111988.0,34685016.0,45096416.0,57979652.0,77467060.0
臺北市信義區和平東路三段４３３號五樓,25.01919999,121.55833,15300002.0,16190412.0,12398948.0,13895330.0,17056474.0,18586950.0,26470242.0
臺北市士林區士東路３０８號,25.11312601,121.538299,12500008.0,18983430.0,10744628.0,17190054.0,17839030.0,20892012.0,26419802.0
臺北市北投區光明路１５１巷８號十一樓之１,25.1352699916508,121.50204998511,29980014.0,26776084.0,16201007.0,19752788.0,28509410.0,38151550.0,44889424.0
臺北市士林區承德路四段２９６號,25.08955798,121.519107,45999988.0,53377710.0,34174572.0,48721250.0,51498976.0,68952690.0,91771480.0
臺北市北投區磺港路１３２號,25.12934998,121.502686,50079970.0,43244980.0,18034514.0,40902544.0,75909320.0,85261400.0,85527864.0
臺北市信義區忠孝東路四段５００號五樓之５,25.0408499897648,121.561959973332,67880050.0,46537516.0,23398746.0,30274280.0,41163710.0,49093450.0,78066590.0
臺北市中正區中華路二段３２１號七樓,25.02781999,121.50629,11999996.0,9082430.0,4999313.5,7080017.5,9931340.0,17017836.0,17383298.0
臺北市中山區林森北路８５巷３３號二樓之３,25.0495569012359,121.526086014475,11199999.0,11773754.0,8025389.5,8098375.0,12317932.0,14126134.0,19328588.0
臺北市士林區通河東街一段３巷１號,25.0815999950662,121.517669996953,25999984.0,22333244.0,6618020.5,10872506.0,19759910.0,22337164.0,30660136.0
臺北市大安區信義路二段１９８巷４２號六樓之４,25.0302100018739,121.531410031734,18000012.0,11714752.0,11361693.0,11431731.0,11643224.0,14999237.0,17669512.0
臺北市南港區經貿二路１５７巷７８號三樓,25.0611699861759,121.617589994156,43799990.0,43451600.0,16658406.0,23866844.0,38684780.0,46169810.0,62564692.0
臺北市文山區興隆路四段６２巷１８號二樓,24.9850499839452,121.560319970157,6800000.0,16045217.0,14046848.0,14183424.0,17026440.0,21881698.0,24505312.0
臺北市文山區木柵路四段１５３號,24.99944079,121.5752959,18000012.0,20688942.0,13970058.0,17136954.0,20042888.0,23909812.0,32191848.0
臺北市大同區五原路１９號十四樓之１３,25.0566800101924,121.517309994212,12120000.0,14912063.0,9345677.0,12175863.0,13977894.0,16141970.0,23521442.0
臺北市文山區木新路三段５０巷１０弄１７號二樓,24.9833599827175,121.564709991945,7525751.0,13392300.0,11895102.0,12701917.0,15655215.0,20975460.0,22583360.0
臺北市松山區三民路８０巷５號,25.056592,121.564315,8099997.0,24783488.0,20287892.0,22023642.0,28230360.0,31115710.0,36849750.0
臺北市北投區西安街一段１６５巷７弄５號,25.10911171,121.5184701,17199990.0,16431515.0,13341590.0,15881380.0,18148768.0,21259420.0,24639870.0
臺北市大安區敦化南路二段１１巷４２號四樓之３,25.0324700144271,121.550850012131,20000004.0,14975511.0,10575305.0,12237492.0,15332750.0,18732836.0,24903892.0
臺北市信義區嘉興街１５１之４號三樓,25.0282299867963,121.557320003192,16800016.0,15371637.0,13016062.0,13508953.0,15410122.0,17096406.0,21945564.0
臺北市萬華區長泰街２８２巷１１弄２號,25.021703,121.493543,10199991.0,9920208.0,6379467.0,6470339.0,10294176.0,15199943.0,16471994.0
臺北市文山區和平東路四段３４６號五樓,24.9992700084109,121.573969983297,10999996.0,11171922.0,8094406.5,8685414.0,10962275.0,13274731.0,18067980.0
臺北市萬華區青年路１２４號五樓,25.0224600103788,121.502439995065,5249999.0,4992257.5,4968372.0,5353030.5,5750899.5,9823784.0,10774982.0
臺北市大安區敦化南路一段１７７巷２６號,25.04294702,121.550392,45499984.0,29986648.0,2428096.5,19165738.0,35835420.0,47604788.0,52222436.0
臺北市中正區寧波西街６８號,25.03025698,121.516953,25880002.0,22791502.0,15060959.0,18453142.0,20831688.0,25123068.0,31752054.0
臺北市南港區園區街３６號,25.05922949,121.6123821,39380036.0,35901164.0,17556232.0,23816278.0,34352268.0,39712900.0,52379852.0
臺北市大安區安居街１２４巷１５號二樓,25.0186399999161,121.551400032617,9000001.0,10613638.0,8162428.5,9260470.0,10665040.0,14302302.0,17020206.0
臺北市信義區永吉路１２０巷５５號二樓,25.0439100130666,121.570340032489,28079996.0,17391258.0,13483906.0,14573462.0,17871930.0,21796598.0,27877528.0
臺北市萬華區成都路１１０號,25.04364699,121.50181,2850000.8,5112683.0,4754736.0,4874659.0,5400873.0,9047539.0,9809535.0
臺北市內湖區成功路二段５０６號十樓,25.07980514,121.5912429,23500006.0,26029656.0,14433570.0,20050230.0,29648658.0,36985936.0,43331424.0
臺北市大同區民權西路２６８號十五樓之７,25.0627400004597,121.512010033015,32999976.0,25939700.0,10765388.0,17642672.0,26459188.0,28704418.0,41275196.0
臺北市松山區民權東路三段１０３巷２５弄８號,25.063668,121.545766,37500010.0,37103790.0,24831702.0,31121468.0,33792020.0,37808976.0,56489940.0
臺北市北投區三合街一段８２巷１２８號三樓之１,25.1295700041249,121.504630018726,12800001.0,15840781.0,9918694.0,12644532.0,17184120.0,18660196.0,25919324.0
臺北市松山區延壽街４０２巷２弄９號,25.05580301,121.556846,24000004.0,18853706.0,15455306.0,18225012.0,19006834.0,24810920.0,27548016.0
臺北市士林區中山北路七段２１６巷５之２號四樓,25.1257800008756,121.533459993793,27299978.0,22229846.0,9683367.0,18763376.0,20850172.0,25814040.0,35321990.0
臺北市萬華區長順街１０７巷８號二樓,25.032570010532,121.489439998516,6200002.5,12401644.0,8079606.0,9045382.0,12580758.0,16169951.0,19674016.0
臺北市文山區樟新街１０之１號五樓,24.9795699794682,121.555029983425,11299991.0,10787155.0,8756406.0,10114149.0,10686360.0,13522952.0,16602262.0
臺北市中正區青島東路３之１號二樓,25.04408,121.52144,35960030.0,32287714.0,15927915.0,20152022.0,26182520.0,28086798.0,45085580.0
臺北市南港區成福路１７１巷３８號三樓,25.0415800116218,121.589280032362,21000000.0,18274058.0,13122978.0,15458166.0,17664658.0,21250864.0,27935866.0
臺北市大同區承德路三段３０１巷２２號四樓之２,25.07565999,121.52135,14199990.0,15854443.0,7590920.0,10632806.0,15598822.0,19160182.0,25657258.0
臺北市中山區松江路１２４巷１３之１號四樓,25.0526199839323,121.531810016153,12446906.0,15819675.0,9748171.0,10597051.0,13509159.0,16625268.0,23059764.0
臺北市萬華區艋舺大道８６巷１４號三樓,25.0329500041124,121.503080037191,15000010.0,14451889.0,10061142.0,11994436.0,16923578.0,17791696.0,24725460.0
臺北市文山區試院路８２號五樓之２,24.989859980992,121.548810024536,13199996.0,14100266.0,12346370.0,13541432.0,14115496.0,16556125.0,21499476.0
臺北市士林區社子街１２８之１號二樓,25.0881499913932,121.505099992037,7400001.0,8214609.5,3366927.5,5408966.0,9229312.0,13637646.0,14095963.0
臺北市北投區榮華一路１４之１號,25.11164799,121.523472,36499996.0,28772442.0,23413568.0,29726290.0,30019382.0,38870944.0,45463636.0
臺北市中山區合江街３１巷９號,25.05548999,121.53986,41000024.0,29121044.0,13818208.0,17968626.0,21393572.0,22672008.0,38659332.0
臺北市信義區忠孝東路五段７９０巷２２弄１７號六樓,25.0423899968352,121.582070003069,19900004.0,24966958.0,15355696.0,18029974.0,26665642.0,30374516.0,39990720.0
臺北市南港區南港路二段２１２巷２號二樓,25.0539400079539,121.598900026455,20000004.0,15218422.0,8751931.0,10367991.0,15119819.0,18116292.0,22511240.0
臺北市松山區民生東路五段１５１號十三樓之１６,25.0592400110603,121.562259961647,19679982.0,16798220.0,16143818.0,17497230.0,17605458.0,26859152.0,28599600.0
臺北市士林區芝玉路一段２２６號,25.10892001,121.534295,65279976.0,52234292.0,30981576.0,53739136.0,68117910.0,94064860.0,102739010.0
臺北市信義區虎林街２３２巷５７號四樓,25.035829984134,121.576099992532,18580004.0,16629486.0,12628263.0,13905803.0,16901482.0,19810062.0,24716688.0
臺北市中山區中山北路一段８４號十三樓之２,25.0491899834244,121.521059973874,11579994.0,13602264.0,9557600.0,9943888.0,11510584.0,14267264.0,20445530.0
臺北市松山區健康路３２５巷１２弄１４號,25.0553700025451,121.567869969442,51999990.0,30002438.0,16132890.0,20697902.0,24893066.0,28316698.0,44710580.0
臺北市中山區北安路８２１巷１弄６號二樓,25.0850499864132,121.556569990495,4300001.0,3951566.5,3562997.2,3638621.5,4757580.0,9007987.0,9504210.0
臺北市萬華區西昌街２０１號三樓,25.03795999,121.50067,15000010.0,19263112.0,7435811.0,12731630.0,18288632.0,21557004.0,25139462.0
臺北市北投區中山北路七段２１９巷３弄１０３號,25.12779069,121.5304019,16850014.0,17730616.0,10350524.0,17102374.0,18338618.0,22623110.0,27522386.0
臺北市大同區延平北路三段７２號三樓,25.0655799988031,121.510939999256,16500011.0,14769287.0,11505865.0,12230468.0,16167915.0,18607452.0,22153996.0
臺北市大安區延吉街２５３巷２弄６號五樓,25.0347799831232,121.556899986024,19499996.0,24186948.0,13794061.0,19831384.0,22659472.0,23522340.0,34110492.0
臺北市中山區北安路８２１巷１弄１７號,25.0849937,121.5570648,18950002.0,15350073.0,10959766.0,11854086.0,16421802.0,20211842.0,23354338.0
臺北市中正區杭州南路一段１４巷１９號三樓,25.0398600031807,121.524049966374,44500012.0,38976364.0,19735690.0,24227348.0,34192050.0,37733908.0,52624496.0
臺北市中山區新生北路一段４７巷３號,25.0480199954696,121.530270009083,21500010.0,22836496.0,6857596.0,8900222.0,18208474.0,21278770.0,33826004.0
臺北市大同區南京西路３６０之２號九樓之１２,25.0537299993698,121.511070002574,5200000.5,6769453.0,6167991.0,6419742.0,7112020.0,10013376.0,11252953.0
臺北市信義區永吉路１８０巷６６弄２８號五樓,25.0434200070069,121.570410021381,22999982.0,18140080.0,13544764.0,16972520.0,19779970.0,23089560.0,27217882.0
臺北市南港區研究院路二段７０巷３７弄１２號七樓,25.0458800117699,121.613610015071,21500010.0,19715862.0,14406176.0,17203436.0,18097884.0,22071456.0,29792360.0
臺北市松山區民權東路三段１４４號十二樓之４,25.0618500099805,121.547240010252,22680010.0,22870844.0,10900102.0,15387741.0,19005602.0,21168824.0,31571488.0
臺北市文山區久康街２６號五樓之１,24.9888099799812,121.565039987473,8880002.0,12250640.0,10443829.0,12143394.0,12191991.0,14602065.0,18594362.0
臺北市士林區福港街２３３之１號,25.08459301,121.517662,18510002.0,19736632.0,16602136.0,19914812.0,21112292.0,23726776.0,29084242.0
臺北市內湖區麗山街３２８巷５號三樓,25.0827999902343,121.573339999455,18500014.0,18550436.0,14033645.0,16670199.0,17598980.0,20355916.0,26888370.0
臺北市大安區通化街１９０巷１號二樓之６,25.02635998,121.55275,2579999.0,4707958.5,4919080.0,5578600.0,5988590.0,7534024.0,10920704.0
臺北市松山區八德路四段６８９號,25.05023998,121.576362,26929994.0,28489786.0,684578.9,28127542.0,34212270.0,46786540.0,48056736.0
臺北市信義區永吉路１８７巷１號四樓,25.0468300166758,121.57285996786,20399992.0,20046942.0,16320538.0,20326236.0,22130048.0,24278324.0,29741432.0
臺北市中山區新生北路三段８２號,25.06713602,121.527416,9999996.0,8242624.5,6266479.0,6572696.0,7929985.0,12528197.0,12626818.0
臺北市南港區研究院路三段６８巷１０弄１４號三樓,25.0346599961792,121.613649996749,2249999.5,6580178.5,4007663.2,4588726.0,6389178.5,10428641.0,12461539.0
臺北市北投區榮華一路１０號七樓,25.1116600144243,121.52345996421,30459974.0,27462240.0,18343026.0,23143440.0,33487826.0,37782160.0,48003970.0
臺北市大安區信義路三段１３４巷４４號十二樓,25.0304099940836,121.538970005484,22000004.0,28251260.0,20728994.0,26479080.0,28398316.0,38209664.0,41812108.0
臺北市大安區復興南路二段７８巷３０弄３號,25.030856,121.542463,50060010.0,37465764.0,21189586.0,24992352.0,32433688.0,36210080.0,56005340.0
臺北市大安區安和路一段７８巷１３號四樓,25.0351000041864,121.551119993232,52200030.0,48909140.0,16448040.0,31530808.0,42498670.0,43934370.0,70654390.0
臺北市北投區榮華二路９之３號,25.11325002,121.524038,30680026.0,30982934.0,23798932.0,30882988.0,31491140.0,39909720.0,46557310.0
臺北市北投區中正街４９巷３５號五樓之２,25.1314599975624,121.49972995813,22379980.0,18771322.0,16324897.0,17727032.0,20607380.0,26732352.0,31961926.0
臺北市南港區南港路二段８６巷１０弄４號,25.05447,121.602975,16800016.0,20409450.0,12713503.0,15335207.0,18884766.0,22775292.0,30318370.0
臺北市大安區忠孝東路三段２１７巷４弄６之２號,25.0427399832023,121.540069962638,47500030.0,41387376.0,21955194.0,29354258.0,35744012.0,40019336.0,60200936.0
臺北市大安區復興南路一段３２１號,25.03401379,121.5438438,31799996.0,26355530.0,16511156.0,20419068.0,27624362.0,28943900.0,40911284.0
臺北市中山區林森北路５７５號八樓之１２,25.06533001,121.52613,8880002.0,7050465.0,5281088.0,6184996.5,6824740.0,11311614.0,11740297.0
臺北市文山區木柵路一段３２０號三樓,24.9885299825056,121.557320003192,8599999.0,9064052.0,6256286.0,7153432.5,10365401.0,13627272.0,16172942.0
臺北市士林區社子街６３巷１５號二樓,25.0880400208235,121.506969994636,13499990.0,16411125.0,6217843.5,10272601.0,17823964.0,24201160.0,24464120.0
臺北市北投區致遠二路１１３巷１０號,25.11700398,121.511823,18000012.0,18845940.0,12976648.0,16089439.0,20303492.0,23149356.0,27706046.0
臺北市文山區辛亥路六段３１號六樓之２,24.9894299893591,121.552759996407,21100012.0,21461620.0,16031482.0,17515796.0,23651140.0,26574198.0,32835730.0
臺北市信義區虎林街１２６號三樓,25.0418199855098,121.576799965267,19100014.0,23432734.0,11369172.0,15782184.0,18639066.0,21958418.0,30429836.0
臺北市北投區大同街２０２之３號四樓,25.13766001,121.49923,10899998.0,12576752.0,8769661.0,9874637.0,12383609.0,15689771.0,19953366.0
臺北市大安區敦化南路二段１５２號三樓,25.0252099870822,121.548369974619,34699970.0,29324208.0,19710448.0,26021416.0,28928722.0,32599470.0,44315536.0
臺北市北投區清江路２４５巷６號,25.1260100002987,121.501949989005,29699994.0,17559380.0,5187207.0,13785723.0,22656058.0,25855088.0,27270886.0
臺北市大安區信義路三段１５６號,25.03321299,121.540834,14750003.0,13434694.0,9506349.0,10992236.0,11423100.0,16789508.0,19344114.0
臺北市信義區吳興街１１８巷２６弄１４號三樓,25.0299300043983,121.560230032336,36999976.0,30125552.0,19582964.0,24363818.0,27664014.0,30622966.0,43531480.0
臺北市信義區和平東路三段４１３號,25.01961,121.558055,13000010.0,8260535.0,6094777.0,6202723.0,8465611.0,14629776.0,16346645.0
臺北市中山區長春路２５８巷２６號二樓之３,25.05348998,121.53897,12500008.0,18683310.0,11780224.0,14556432.0,20859878.0,21683852.0,28997278.0
臺北市文山區木新路三段２３２巷６弄１４號二樓,24.9819299881262,121.559610022958,15200001.0,17502570.0,12435990.0,14197282.0,18229220.0,22639556.0,25017916.0
臺北市北投區三合街一段３８號,25.12729398,121.506,15000010.0,21405326.0,13608960.0,16866252.0,21062818.0,24069960.0,32278970.0
臺北市萬華區萬大路２３７巷１０弄２９之１號三樓,25.02597002,121.50153,13000010.0,15497222.0,8228401.0,12272952.0,14772414.0,22885026.0,26434068.0
臺北市松山區寧安街６８巷１２之１號四樓,25.0510599860228,121.554130018481,18249988.0,14766921.0,10111950.0,11267600.0,13185477.0,17682760.0,22411890.0
臺北市大同區敦煌路１３６號,25.07625771,121.5153456,7319999.0,13995180.0,11913267.0,11983299.0,14179286.0,15841657.0,21082272.0
臺北市大同區承德路三段１５６號五樓之１,25.0680700107795,121.518180035762,18000012.0,19753088.0,11175928.0,15722184.0,21968808.0,24290924.0,33847430.0
臺北市士林區社中街４７４號,25.09086699,121.501459,10600002.0,10687420.0,5205836.0,8293451.0,13753104.0,16886112.0,17830730.0
臺北市中山區龍江路４５巷１７號,25.04925499,121.541282,31749996.0,32832598.0,20599244.0,23425540.0,29623956.0,33671452.0,47294184.0
臺北市中山區松江路４３號十樓之２,25.0672896135721,121.533455061758,6000000.0,9251572.0,5985078.5,8348667.0,9480094.0,14097550.0,14274423.0
臺北市信義區莊敬路１９８號四樓,25.0304500176713,121.561359996703,30699986.0,23753764.0,16457203.0,21667066.0,25019444.0,27206670.0,35132510.0
臺北市中山區新生北路一段１１２號七樓之６,25.0463999831334,121.532230033321,7999997.0,7417806.5,5995236.0,6583442.5,7471637.5,10081792.0,12214546.0
臺北市內湖區新明路３８０巷６弄１０號三樓,25.0553899933842,121.579890037691,4600000.0,11330660.0,7596445.5,8033069.5,11143000.0,13558515.0,17614058.0
臺北市中山區民生東路三段８８巷１號十一樓,25.0573000195703,121.543149976778,27599978.0,26269008.0,14149136.0,20387428.0,23072656.0,30860378.0,34735924.0
臺北市大同區延平北路三段４６號五樓之１,25.0648400024813,121.510979980934,8880002.0,9597790.0,7380711.0,7609736.5,8806503.0,11141768.0,14427212.0
臺北市中正區廈門街１３７號,25.022099,121.517497,13800008.0,16713497.0,12877751.0,14887396.0,16740680.0,20945836.0,26634176.0
臺北市松山區南京東路五段２５０巷２弄３１之１號,25.050761,121.56785,20899982.0,16874842.0,13425267.0,14620347.0,17530100.0,21182516.0,25875856.0
臺北市文山區景興路１８８號,24.99229899,121.543817,8190000.0,12463464.0,6574658.5,15170024.0,15695218.0,20706312.0,26189014.0
臺北市士林區忠誠路一段１８６號,25.107782,121.529895,17500000.0,31646126.0,24212980.0,31533394.0,31706362.0,41652350.0,45524376.0
臺北市松山區市民大道四段３９之２號十八樓,25.0452700187663,121.545799999286,178840110.0,134058280.0,5960113.5,46951384.0,123950770.0,153850500.0,179673330.0
臺北市萬華區青年路１６８巷２弄６６號,25.019856,121.501267,6600000.5,5968907.5,4040675.2,4086002.0,6059447.0,11976718.0,12297086.0
臺北市中正區愛國東路１０６號,25.03275521,121.5210728,52050004.0,37423910.0,22431692.0,34945784.0,37294936.0,41334990.0,53477172.0
臺北市中正區水源路３７之２號,25.0186032,121.5239452,45999988.0,44793720.0,25561520.0,33585570.0,46964104.0,56796120.0,73612580.0
臺北市文山區仙岩路２２巷２７號,24.99904801,121.549928,15999987.0,17209180.0,14309479.0,16472654.0,17385188.0,18986108.0,24662204.0
臺北市大安區敦化南路一段１６１巷７０號,25.043375,121.552457,32580014.0,33238950.0,4469950.5,18760762.0,35003624.0,47276690.0,55903100.0
臺北市大安區臥龍街１９５巷１７號,25.01840501,121.55294,18000012.0,15191712.0,11875040.0,13284280.0,14473985.0,16803604.0,22351612.0
臺北市文山區景文街３號八樓,24.99138865,121.5411093,11999996.0,10481426.0,8034081.0,8189438.0,10382279.0,14495148.0,15588977.0
臺北市士林區重慶北路四段２６４號三樓,25.08711001,121.51151,9000001.0,11634367.0,1126213.9,9266743.0,17642166.0,19532456.0,19663886.0
臺北市信義區忠孝東路五段５３號八樓,25.04166002,121.57967,29500022.0,27191418.0,5200248.5,15431505.0,25707614.0,27304092.0,36521932.0
臺北市中山區德惠街１６號九樓之１,25.0666199834396,121.524030017445,6099999.0,6244906.5,5601310.0,6446386.0,6480770.0,10257584.0,10616473.0
臺北市中山區五常街５３巷１９號四樓,25.0653199921666,121.539709959896,18880012.0,15100567.0,12313351.0,14214515.0,15769185.0,17245718.0,22140478.0
臺北市內湖區內湖路一段２８５巷５９弄１１號,25.08374601,121.567516,25800012.0,20721522.0,471532.1,20888864.0,28266998.0,36905460.0,37110730.0
臺北市大同區南京西路５７號,25.05304398,121.519385,25159992.0,20991270.0,6708860.0,13260888.0,19535810.0,20376932.0,31702554.0
臺北市中山區中山北路二段５９巷７號,25.05597601,121.523465,26100002.0,25516900.0,14345633.0,16036038.0,26029110.0,30058284.0,39489850.0
臺北市大安區安和路一段１２號四樓,25.0388200185442,121.550290017179,34300020.0,32547468.0,938060.44,23338796.0,31350722.0,47579824.0,57218430.0
臺北市大安區忠孝東路三段２５１巷４弄６之２號,25.0422900007303,121.541330014142,28610022.0,27000044.0,14782505.0,19901560.0,24258328.0,26977960.0,35214564.0
臺北市士林區德行東路１９０巷２弄３號二樓,25.1082300139164,121.530969981817,21300006.0,25015722.0,15677745.0,21618148.0,22518800.0,26959802.0,33514408.0
臺北市南港區福山街２巷１５號,25.0450600101822,121.617120020845,17500000.0,9476948.0,6527072.0,7896967.0,9177003.0,14485474.0,16482994.0
臺北市士林區德行東路２９８號,25.110032,121.536398,11999996.0,12631732.0,11849745.0,12849462.0,15891985.0,20212652.0,22838630.0
臺北市萬華區成都路１５７號五樓之１,25.0436699972691,121.502909968376,9000001.0,12924356.0,9156109.0,10129459.0,13145324.0,15077313.0,21473248.0
臺北市內湖區成功路四段２１８號,25.08461199,121.596076,16500011.0,14361649.0,11663384.0,12051168.0,14419262.0,16996622.0,22031288.0
臺北市信義區信義路五段１５０巷２９６號,25.02285259,121.5795203,20300006.0,13805563.0,10557187.0,11165211.0,13177758.0,16543467.0,21899152.0
臺北市內湖區內湖路一段６６１號五樓之３,25.0802099821531,121.575500015903,9160005.0,13471772.0,9103833.0,9517307.0,12178674.0,14455886.0,21427384.0
臺北市中山區民生東路一段７０巷１２號四樓之１,25.0572499796083,121.526339986141,12299995.0,13154479.0,9229964.0,9276062.0,13807538.0,16048584.0,21049484.0
臺北市文山區保儀路５６號十五樓之１,24.9878199933971,121.568429964394,17199990.0,20170904.0,10085658.0,15951385.0,24802592.0,31347374.0,35772590.0
臺北市大同區重慶北路三段２９５巷１１號,25.07371401,121.514552,20000004.0,17721420.0,11111081.0,13683322.0,17583814.0,19785592.0,26479786.0
臺北市松山區興安街１５５號四樓,25.0562900002377,121.545400014867,18865002.0,26203404.0,17609556.0,21539084.0,25001032.0,26646626.0,36547436.0
臺北市松山區民生東路五段１３７巷４弄１２號十五樓,25.0597300171199,121.562080002186,45000012.0,38616660.0,27315552.0,38955556.0,40449156.0,58439856.0,64022110.0
臺北市信義區景雲街２２之１號四樓,25.01924002,121.57502,15700009.0,14743618.0,10349458.0,10975246.0,15351127.0,16228780.0,22045454.0
臺北市中山區中山北路一段９２號九樓之２,25.0493400194912,121.521129962765,22999982.0,32436350.0,21767266.0,26041724.0,29711722.0,31657960.0,48107544.0
臺北市內湖區民權東路六段１８０巷４２弄１１號四樓之５,25.0675800047198,121.592229959365,15450000.0,13614282.0,9757584.0,9761456.0,15465597.0,18536040.0,22234808.0
臺北市士林區菁山路７２巷２９號三樓,25.1395100192816,121.551579992078,24000004.0,18428556.0,13769.369,17043174.0,30056278.0,37837040.0,42523644.0
臺北市內湖區成功路五段３４號,25.08496499,121.6016,29999978.0,32515202.0,18164558.0,22228660.0,27881304.0,31407640.0,44322720.0
臺北市士林區華聲街８１號,25.09493699,121.522109,13800008.0,8528818.0,7394266.0,7570894.0,8208610.5,16513424.0,17100222.0
臺北市中山區農安街１０之１號七樓之１,25.0648400024813,121.523570018599,12599994.0,13444665.0,10428203.0,11027390.0,13544092.0,16502655.0,20427208.0
臺北市中山區建國北路二段６０號十七樓,25.0541899982161,121.536449986294,90000060.0,68600070.0,8609288.0,39485556.0,75102980.0,95854104.0,130286376.0
臺北市士林區承德路四段２９４之２號六樓,25.0895700115196,121.519110007919,23800020.0,21138644.0,16095332.0,19431310.0,20853672.0,23681654.0,33513578.0
臺北市文山區興隆路二段２５１號九樓,25.00110604,121.5516208,11500007.0,15450472.0,10548693.0,13633901.0,14473820.0,20135002.0,23019116.0
臺北市萬華區成都路１０６號十二樓之５,25.0435899920033,121.50204998511,13099996.0,12821504.0,7924012.5,10058263.0,12314690.0,14456024.0,19809230.0
臺北市北投區義方街９號二樓,25.1407600125022,121.502279984533,10680002.0,11007006.0,7618428.5,7805940.0,11050403.0,14347275.0,17008492.0
臺北市信義區吳興街２８４巷２２弄１１０號二樓,25.02310001,121.56091,14199990.0,10716916.0,7661109.0,8384988.0,10974555.0,13653028.0,17542978.0
臺北市信義區信義路六段７６巷２弄９７號,25.032539,121.575769,21100012.0,18719514.0,13042529.0,14690649.0,16659677.0,19956258.0,26004348.0
臺北市信義區和平東路三段１９９號八樓之１,25.02356998,121.55363,32999976.0,26147138.0,15315243.0,18906354.0,27910568.0,31419324.0,40293920.0
臺北市大安區仁愛路四段４０８巷２２號四樓,25.0365799968301,121.556799989919,76380024.0,64024920.0,26190762.0,39605490.0,57854270.0,75213360.0,98896840.0
臺北市士林區華岡路４７巷５號,25.13761399,121.54146,15600012.0,13731768.0,2198.4243,16315652.0,24696378.0,27472666.0,64455110.0
臺北市南港區昆陽街１７１巷３弄８號,25.0471100141514,121.593690003079,740000.25,821215.25,1975018.8,2327662.8,3509762.5,6703763.0,7710717.0
臺北市北投區公館路１４５巷４弄２號,25.12964,121.506187,11199999.0,12770592.0,10228318.0,10765491.0,12990591.0,15051712.0,19421196.0
臺北市內湖區康樂街７２巷１７弄２７號六樓之２,25.0706300116473,121.617520005264,16500011.0,14980653.0,12436963.0,13837752.0,16076923.0,19052350.0,23142910.0
臺北市大同區南京西路３６０之２號,25.053716,121.511042,6500001.0,6073367.0,6037902.0,6107584.0,6396714.0,10012708.0,11146125.0
臺北市士林區雨農路３０之５號四樓,25.0986800087144,121.532609984992,18500014.0,19496240.0,14842938.0,17396202.0,17740596.0,22900134.0,28051248.0
臺北市士林區後港街３３號三樓,25.08355,121.52302,24799990.0,19731474.0,13189803.0,16570563.0,19961398.0,20507236.0,29557018.0
臺北市大安區永康街４巷２之１號,25.0328500080075,121.529700039667,22499994.0,16478342.0,11216995.0,11372100.0,16599919.0,22370890.0,27828068.0
臺北市萬華區德昌街１７２號,25.02384998,121.495691,9999996.0,12872029.0,7967075.0,9879422.0,15890227.0,24927274.0,26057772.0
臺北市中山區農安街１９號十樓之５,25.06487998,121.53225,10300010.0,10293980.0,8148685.0,8647049.0,9894452.0,14083762.0,14437728.0
臺北市中正區西藏路７７號四樓之３,25.0299900188251,121.504779970974,6500001.0,3817168.5,2065302.4,3156839.2,4359584.5,8539301.0,8569355.0
臺北市士林區中山北路七段１４巷３１弄３號五樓,25.1196200145034,121.532560028849,19499996.0,22108490.0,13988935.0,19559672.0,21432084.0,23935180.0,30763584.0
臺北市信義區吳興街１５６巷２２弄１０號,25.02884199,121.56061,18000012.0,17144180.0,12556952.0,14962663.0,16289532.0,18505836.0,23255168.0
臺北市大安區和平東路三段３０８巷３９弄２４號,25.0190100190318,121.555930032188,6159550.0,6140675.5,5675709.5,6216877.0,6758435.5,11921041.0,12159061.0
臺北市信義區虎林街２３２巷４９號二樓,25.0360099855047,121.576390006382,18279984.0,20238150.0,11337577.0,15393143.0,20014658.0,27473504.0,29245004.0
臺北市大同區涼州街２號十四樓之９,25.0608099834345,121.515170010512,28200008.0,27466484.0,15888560.0,22390612.0,28781170.0,30192452.0,45255996.0
臺北市萬華區成都路１０８號,25.043628,121.501916,6399997.0,6661617.5,4830068.0,5866731.0,6786214.0,10339218.0,10583417.0
臺北市中山區雙城街３巷２號,25.06322301,121.524594,8414997.0,8361989.5,6010045.0,7481327.5,10187470.0,14938481.0,15209165.0
臺北市萬華區東園街６７巷２號,25.0262399972539,121.496799980056,12270002.0,15664743.0,9170773.0,11250828.0,17104202.0,17751326.0,25135914.0
臺北市士林區社中街３４６巷１弄２８號四樓,25.0927700126044,121.503529977754,3185661.0,6449104.0,3438839.5,4440739.0,7158339.0,11107606.0,12473120.0
臺北市內湖區文德路２１０巷３０弄１０２號五樓之１,25.0767995659167,121.583894273534,11999996.0,37039940.0,21239560.0,29511784.0,37529776.0,43215216.0,61360784.0
臺北市大同區華陰街７９號,25.04975098,121.517961,51480020.0,42386388.0,25803704.0,31067142.0,42198840.0,46657230.0,66636490.0
臺北市內湖區康樂街１３６巷３０弄９號十二樓,25.0719300029203,121.617220016949,31080002.0,29212000.0,15525417.0,22822388.0,35144710.0,41967428.0,48783176.0
臺北市內湖區陽光街９２巷１８弄１１號三樓,25.0756700081172,121.585629964986,13000010.0,10852658.0,8181070.0,8624261.0,10796665.0,12539505.0,17137478.0
臺北市中正區汀州路二段１８５號,25.02409402,121.521938,34879990.0,20931538.0,8364941.0,8846681.0,17559548.0,21733994.0,33324074.0
臺北市文山區福興路８２巷５弄１０號五樓,25.0068500149096,121.551150000445,8900002.0,9737894.0,7770422.0,9053719.0,9579940.0,13494429.0,16157280.0
臺北市文山區景興路９７巷１５號,24.9955800012665,121.54573998486,7500001.0,17777416.0,11348027.0,13409835.0,16891878.0,18787728.0,25093664.0
臺北市萬華區萬青街１２９號,25.02344199,121.501751,8200004.0,7245966.5,5669867.0,6306184.5,8087932.5,15186149.0,18991506.0
臺北市大安區信義路四段２６５巷５９號五樓之２,25.0349399936548,121.555810003335,64539996.0,63970356.0,24122308.0,40222430.0,49847160.0,63247030.0,88430510.0
臺北市中山區復興北路４４８號七樓之１３,25.062720683849,121.543981115059,11600000.0,13727447.0,10712951.0,11184756.0,11391225.0,14367622.0,19371472.0
臺北市北投區溫泉路３７巷２８號五樓之５、２８號五樓之６,25.1354311586974,121.50638518217,11699992.0,14088330.0,10368149.0,11838088.0,14153724.0,16701005.0,22374560.0
臺北市信義區松德路１１７號,25.03773092,121.5755742,57249984.0,45023364.0,19731888.0,37208252.0,45095730.0,51893284.0,65871830.0
臺北市中山區民權東路二段２０６號五樓之２,25.0621899799733,121.536510000721,15999987.0,14566709.0,11160059.0,11370624.0,12874853.0,15811892.0,23203684.0
臺北市北投區致遠一路一段９０巷２號,25.109422,121.515529,14000013.0,16597830.0,11179148.0,13596869.0,19299006.0,23767812.0,26855874.0
臺北市文山區興隆路三段２５５巷６弄１３號,24.991999,121.559561,6000000.0,7413719.0,7046687.0,7625850.0,7907254.0,11691582.0,13604807.0
臺北市文山區仙岩路２２巷９號,24.99860679,121.5494637,13000010.0,21161920.0,17783486.0,21233686.0,21634566.0,23473620.0,29881366.0
臺北市大安區延吉街６２巷６弄３號,25.04363999,121.553307,31680006.0,51311310.0,24573694.0,33092632.0,44524040.0,50077104.0,73924800.0
臺北市北投區知行路４巷２號二樓,25.11782,121.46643,9799997.0,11415433.0,2917920.5,6805670.0,12697630.0,13917053.0,17467386.0
臺北市內湖區民權東路六段１５０號,25.06876839,121.5901577,30299986.0,33696124.0,21621200.0,26493124.0,34593904.0,38690830.0,53324696.0
臺北市文山區羅斯福路六段１４２巷２０弄２之４號八樓,24.9968700180747,121.539820014285,32749976.0,31215278.0,24053072.0,29638594.0,32569512.0,36347296.0,48410376.0
臺北市文山區汀州路四段２８５號,25.00148295,121.5355503,5303118.0,21361074.0,13053131.0,17691836.0,23688296.0,26850292.0,38194070.0
臺北市中山區朱崙街３４號二樓之５,25.0498500163899,121.541090040254,14659999.0,16145019.0,11126796.0,11918176.0,15315126.0,17117092.0,24946348.0
臺北市士林區中山北路六段２巷４０號三樓,25.1031999919113,121.527879993211,42919984.0,32326966.0,19706276.0,25553574.0,32396284.0,33916130.0,49759480.0
臺北市萬華區西藏路２５０號,25.02978299,121.501794,18349990.0,17768364.0,14519248.0,18810102.0,21851920.0,22989456.0,27926224.0
臺北市中山區松江路１５６巷９號二樓,25.0544399884783,121.532079997255,36699996.0,34104836.0,16518306.0,21840376.0,24801314.0,27218140.0,46365370.0
臺北市南港區重陽路１９９巷２３號,25.0576099823497,121.600329979137,2534055.0,9540771.0,6364646.0,7021156.5,10614104.0,13774710.0,17209770.0
臺北市北投區實踐街１７號三樓,25.1149300044006,121.507840036185,9400006.0,16116590.0,13968725.0,14136862.0,16616962.0,19235870.0,23748418.0
臺北市中山區龍江路３１８巷２８號五樓,25.064690008324,121.539269993798,19300000.0,17103158.0,12587382.0,16054829.0,16865350.0,18609440.0,24321612.0
臺北市中山區合江街１８０巷１５號,25.06114601,121.538462,25249988.0,22835146.0,18680744.0,22431136.0,23583344.0,26112600.0,30860966.0
臺北市大安區忠孝東路三段２１７巷６弄６號七樓,25.0432400056362,121.540029980959,31730018.0,29115880.0,17658628.0,22931998.0,29145548.0,29445774.0,39439570.0
臺北市萬華區西寧南路１２７號,25.04443799,121.506568,45999988.0,39595970.0,24614224.0,36203724.0,47822470.0,52861304.0,67735970.0
臺北市中山區新生北路三段４３號,25.065407,121.528041,11500007.0,10492987.0,7201683.0,7942912.5,9746888.0,15080189.0,16613888.0
臺北市中正區水源路４７號,25.01947098,121.523768,43500024.0,39385444.0,25689430.0,34095730.0,42559670.0,49350310.0,62967296.0
臺北市萬華區西寧南路１０８號,25.041808,121.505868,19100014.0,20249696.0,12671863.0,15879078.0,20425884.0,20853196.0,31643108.0
臺北市大安區安和路二段８２號十一樓,25.0295300199788,121.550929975487,41500020.0,34023164.0,21577778.0,29345468.0,29828352.0,34057836.0,46253370.0
臺北市文山區指南路三段５７號,24.983449,121.580086,22000004.0,29405084.0,13700427.0,18872452.0,30684122.0,30700044.0,42470550.0
臺北市中山區市民大道三段１６９號十樓之７,25.0447699963324,121.54078996812,15679988.0,23380902.0,14817678.0,17897446.0,22181690.0,22823650.0,34917604.0
臺北市內湖區南京東路六段９３號,25.05537901,121.577008,24000004.0,24446070.0,14840843.0,19052422.0,26843992.0,31516016.0,37091480.0
臺北市內湖區內湖路三段５９巷１０號,25.08563299,121.59202,15899990.0,14989914.0,12965639.0,14195576.0,16450267.0,19637462.0,24259206.0
臺北市文山區木新路二段１３號五樓,24.9839799920954,121.569109988198,10499994.0,8540523.0,7114136.5,7537042.0,10285031.0,14846279.0,14853983.0
臺北市南港區研究院路二段２巷５４弄３號五樓,25.0486400048475,121.613000315434,14249994.0,18905850.0,13030370.0,15761998.0,17273074.0,20498360.0,26824340.0
臺北市大同區昌吉街７１號,25.065997,121.514501,27079984.0,23838684.0,13239053.0,15792964.0,19121592.0,22033852.0,33490318.0
臺北市文山區興隆路三段２０７巷１７弄５號四樓,24.994989999102,121.562600015459,14300011.0,16424684.0,13675181.0,15733254.0,16541669.0,19506358.0,25005848.0
臺北市信義區逸仙路４２巷１號五樓之１,25.0402599876003,121.562800007669,20000004.0,11575136.0,9072579.0,9889131.0,12293076.0,16558557.0,20161018.0
臺北市中山區新生北路二段６８巷８號十二樓,25.0566800101924,121.526850024949,25500016.0,22403428.0,11014903.0,13913709.0,24000142.0,26806388.0,37461332.0
臺北市文山區興隆路二段１５４巷１４號四樓,25.0008900207472,121.551300036512,13499990.0,17060964.0,13841632.0,16573977.0,17356794.0,18250928.0,23385316.0
臺北市萬華區和平西路三段３８２巷１２弄３２號四樓,25.03462999,121.4907,6000000.0,4804185.5,1991488.9,3170198.5,4549526.5,8154694.5,9818613.0
臺北市中山區天祥路８０號四樓之１１,25.0640200008936,121.52036000114,12550009.0,10895009.0,7581305.0,7946238.5,10368723.0,12179162.0,17320516.0
臺北市萬華區萬大路８５巷２０弄１號,25.03014399,121.501947,12500008.0,13424268.0,4339529.0,6228223.0,15901900.0,22308978.0,29326780.0
臺北市士林區社子街１１５巷１３號,25.0883700163515,121.50611001137,7500001.0,7136057.0,4816333.0,4951627.0,7752221.0,14111135.0,14645494.0
臺北市松山區復興北路３１３巷４０號,25.05883998,121.54693,78999930.0,68896420.0,40407668.0,48675548.0,69764020.0,102716270.0,129669080.0
臺北市中正區仁愛路二段１５巷２３號,25.03897999,121.525896,28680010.0,21842168.0,11917335.0,16493026.0,24488164.0,24990542.0,33760260.0
臺北市文山區福興路３６號,25.00316701,121.550933,20000004.0,11710329.0,6159127.0,6253160.5,13167809.0,16041484.0,22521162.0
臺北市中山區長春路１９０號七樓,25.0546600134367,121.535160011395,7000002.5,9372561.0,8345315.5,8376628.0,9731934.0,11937696.0,13992618.0
臺北市大同區酒泉街５０巷５號,25.07124,121.516716,17199990.0,17198776.0,13567026.0,16840438.0,17269252.0,18405372.0,24998742.0
臺北市信義區基隆路一段３６４巷４９號三樓,25.0355100049803,121.558939973618,9999996.0,7092439.0,6259568.5,7220705.0,7935954.0,12070284.0,14491416.0
臺北市中山區中山北路三段２５號十二樓,25.06518001,121.5225,7000002.5,7454335.5,5794888.0,6514119.0,7623021.5,11812128.0,14012542.0
臺北市萬華區和平西路三段３０９巷１５弄５號,25.03582998,121.493132,8969993.0,8489841.0,5679245.0,6299332.0,9288579.0,11634678.0,16070914.0
臺北市中正區博愛路２２３號二樓,25.0339488501658,121.510681361198,471000320.0,2256568800.0,401702.7,71627820.0,344480800.0,485165200.0,485165200.0
臺北市松山區南京東路五段５９巷３０弄４號,25.052932,121.55903,25600016.0,22989588.0,16433866.0,21304110.0,22302256.0,28103624.0,32890262.0
臺北市信義區吳興街３３６巷４６號,25.02526698,121.565104,18880012.0,22078528.0,14922391.0,19566986.0,19971756.0,24482186.0,31457222.0
臺北市中山區長春路１９３號七樓之１,25.05481998,121.53808,68580056.0,41830852.0,20381052.0,33979324.0,48328452.0,58486576.0,73783790.0
臺北市中山區安東街１６巷３０號二樓,25.0449699885421,121.540189991491,5000000.0,7072378.5,6864191.0,7035151.5,8020515.5,10746350.0,13410986.0
臺北市萬華區和平西路三段２９０號三樓之３,25.0351399858646,121.494680029105,9999996.0,12429824.0,9532386.0,9664436.0,13078476.0,16017483.0,19751808.0
臺北市大安區通化街５７巷２１號,25.0305700046153,121.554890005642,51800030.0,32744356.0,159803.67,19665762.0,37203496.0,40352140.0,50070610.0
臺北市大同區民族西路３３８號八樓之１,25.068589982143,121.509439973864,48202790.0,46692932.0,17953688.0,30123254.0,53044110.0,63980484.0,88544100.0
臺北市萬華區中華路二段４１６巷１０６號十樓,25.0268199830441,121.502260035603,21000000.0,23797616.0,13841184.0,20088624.0,27108460.0,39516070.0,40089696.0
臺北市大安區忠孝東路四段２３３號七樓之１３,25.04163001,121.55358,11880002.0,10246731.0,3074103.5,6446171.0,10540065.0,13852804.0,17650412.0
臺北市內湖區港墘路５３號,25.08157099,121.578447,17880010.0,17614460.0,13738684.0,15288625.0,17000934.0,18034824.0,24857196.0
臺北市大安區信義路三段１４７巷１１弄１２號三樓,25.0346400053402,121.542480011258,14000013.0,12940340.0,8818757.0,10627616.0,11366331.0,14955130.0,20209568.0
臺北市北投區天母西路１０５號四樓,25.1188500109682,121.523700021917,8280000.5,17261712.0,13647482.0,15394082.0,16884694.0,18917032.0,24579366.0
臺北市中山區龍江路３５６巷４７號,25.06613002,121.53896,28999988.0,22691434.0,16661870.0,22965308.0,23115472.0,26613662.0,33580252.0
臺北市士林區中山北路五段７０４巷７號四樓,25.0979799940707,121.52791997489,13800008.0,15694141.0,12752701.0,12923222.0,15167420.0,18020554.0,23417676.0
臺北市大安區泰順街２巷１２號五樓,25.0257699820333,121.530930000139,26999992.0,27125786.0,16800944.0,24107130.0,24389064.0,29256664.0,38562120.0
臺北市內湖區康寧路三段５６巷１４８號,25.06758,121.60885,53159980.0,49691290.0,24982774.0,32070624.0,49836700.0,61312816.0,86154290.0
臺北市萬華區萬大路２７７巷３７弄１號六樓,25.025690018677,121.502279984533,20000004.0,19309132.0,11826646.0,18820436.0,22647332.0,31345042.0,31460342.0
臺北市內湖區星雲街１６８巷４３號六樓之１,25.07997998,121.59733,7050001.0,6329109.5,4618343.0,4625964.5,6114484.0,8180165.0,10673730.0
臺北市信義區信義路五段１５０巷２２弄３號三樓,25.0274500087963,121.570370039703,17199990.0,15470760.0,13084638.0,14467582.0,15346121.0,17446144.0,23159248.0
臺北市信義區永吉路４４３巷１１弄５號三樓,25.0467099878223,121.578620011722,17800012.0,13680503.0,6398221.0,9086884.0,15129397.0,18438120.0,21662314.0
臺北市中山區林森北路４０９號,25.05960299,121.525702,6399997.0,7183464.5,5903859.0,6089113.0,7567126.0,12305674.0,12653652.0
臺北市中山區龍江路１４７號,25.05381441,121.5406228,28444992.0,29416584.0,16267643.0,21995808.0,30740650.0,34998480.0,49811040.0
臺北市中山區北安路６３０巷２５弄１６號二樓之１,25.08358998,121.54991,40390024.0,38554620.0,20583928.0,27995074.0,42018770.0,49483116.0,64517596.0
臺北市內湖區五分街１１３號五樓之３,25.0673399889224,121.6169300031,23520006.0,21969646.0,15400426.0,19297386.0,24404280.0,26108416.0,36597590.0
臺北市大安區潮州街１４６號四樓,25.0284399953803,121.528609973159,13079997.0,9690758.0,7360867.0,7406447.0,8010142.5,11005768.0,15340034.0
臺北市文山區興隆路四段９６巷３弄１１號二樓,24.98269002,121.56176,24700006.0,33181812.0,20118226.0,25626300.0,34108150.0,41309850.0,50627790.0
臺北市中山區民生東路二段１２７巷１３號四樓,25.0594700104834,121.532269679723,31399974.0,32039566.0,18116740.0,22484336.0,26280786.0,28937386.0,47226396.0
臺北市北投區明德路２８６號五樓之３,25.115079998558,121.522620013693,15079988.0,17639340.0,15239859.0,15294283.0,18400880.0,20280270.0,27545442.0
臺北市信義區虎林街１６４巷１號四樓,25.0387799949566,121.575979963679,18460008.0,19639222.0,10995990.0,13414977.0,18741628.0,20595002.0,28183284.0
臺北市大安區杭州南路二段６５巷８號三樓,25.0297300121885,121.522710035333,36679984.0,30539030.0,20316468.0,26895396.0,35054936.0,36797776.0,47452130.0
臺北市內湖區陽光街１６１巷１２之３９號四樓,25.0745200110015,121.585129984461,12500008.0,13495278.0,9799455.0,10296081.0,13262861.0,15996142.0,21542124.0
臺北市中正區廈門街８１巷９號三樓,25.02453001,121.51797,11799991.0,11500468.0,8117327.0,8976771.0,11031450.0,13403928.0,18052926.0
臺北市松山區八德路四段５７９號,25.050142,121.573796,33459990.0,22145884.0,11134842.0,15855592.0,24422302.0,26637428.0,38226576.0
臺北市大安區復興南路二段１５７號八樓之２,25.0281200162266,121.5436900228,22000004.0,21960470.0,16428914.0,19475168.0,21556140.0,24058256.0,32146810.0
臺北市松山區民權東路三段１０６巷２１弄１８號五樓,25.05937999,121.54574,36879988.0,31020778.0,18297948.0,23105200.0,30038512.0,31823902.0,45743810.0
臺北市松山區民族東路６８５號二樓,25.0636100000998,121.548120026266,28800004.0,30824434.0,18789912.0,24622160.0,26370514.0,27499876.0,44006910.0
臺北市內湖區金湖路３４７巷１２１弄１３號二樓,25.0734500191517,121.596800024433,48880040.0,45966220.0,22681180.0,24941208.0,44749740.0,53350132.0,72940180.0
臺北市內湖區環山路一段２８號,25.08510371,121.5649688,98189940.0,62771240.0,35316332.0,41751860.0,65697424.0,86671820.0,114668090.0
臺北市松山區南京東路五段２５１巷２２弄６號五樓,25.0520700053554,121.564939991368,19800014.0,17789864.0,11927432.0,13715958.0,15719486.0,16667878.0,25592936.0
臺北市萬華區中華路一段１６０號,25.04191902,121.507799,27800004.0,27803292.0,13982026.0,21343358.0,28958644.0,30721660.0,40476860.0
臺北市大安區樂業街１５９巷１７號,25.019726,121.554439,39079988.0,30462936.0,17148562.0,25050864.0,30153778.0,33491468.0,46134776.0
臺北市內湖區康樂街１８６巷１弄１１號,25.07636499,121.620759,19889986.0,18510884.0,12213218.0,13190810.0,16715155.0,22143982.0,28415166.0
臺北市文山區木柵路二段３號二樓,24.9887127026045,121.558901086082,6699998.5,6651353.0,4775344.0,5509050.5,7406984.0,12596509.0,13737636.0
臺北市中山區錦州街２１６號,25.06029999,121.53154,26999992.0,14357596.0,5725426.0,6103356.5,12062252.0,15011601.0,23939016.0
臺北市內湖區康寧路三段７５巷２１７號二樓,25.0764700188658,121.614370002232,12979990.0,14231117.0,10603764.0,11280804.0,13956501.0,16398859.0,22701132.0
臺北市中正區仁愛路二段６號,25.038076,121.525552,93000020.0,95850080.0,34535096.0,52065096.0,95247580.0,124637570.0,171120420.0
臺北市萬華區西藏路１２５巷７號,25.02877502,121.502314,17800012.0,19647502.0,15510559.0,19368776.0,23124468.0,27812788.0,29523268.0
臺北市北投區致遠二路９５巷２０號,25.1166899945199,121.511179973144,14549993.0,15655304.0,12207256.0,13187262.0,15464801.0,18919414.0,22533752.0
臺北市內湖區東湖路１４３號四樓,25.0681500160453,121.617090013631,7539946.5,10960958.0,8453437.0,8924412.0,10781375.0,14333216.0,18159502.0
臺北市大安區信義路四段５３巷１６號四樓之１,25.0341399829062,121.544979997699,17150002.0,15404568.0,10161291.0,10453754.0,13808960.0,17180712.0,23716868.0
臺北市士林區德行東路２６５巷５號,25.11044699,121.534981,16600014.0,16952978.0,14134921.0,16206941.0,18833148.0,23821640.0,26225804.0
臺北市內湖區康樂街７２巷１７弄７３號,25.0709900143887,121.617099988096,13299998.0,12551278.0,9347068.0,9397604.0,12987668.0,16779840.0,20228850.0
臺北市內湖區內湖路三段６０巷３７號六樓,25.0887795964584,121.593124961165,58999960.0,47399120.0,24956104.0,27888538.0,48590770.0,64095296.0,91278150.0
臺北市大同區西寧北路１２６號四樓,25.0564899924474,121.508870004448,12379996.0,11706086.0,9140301.0,9712334.0,11281557.0,13584271.0,18295472.0
臺北市大安區臥龍街３１８號三樓之５,25.0168000045311,121.559699960779,24880012.0,24047568.0,13041086.0,16361680.0,25785500.0,27452238.0,36623708.0
臺北市信義區信安街３６號,25.02762201,121.557878,17500000.0,14598612.0,11759167.0,13535906.0,15979919.0,17728994.0,22574188.0
臺北市內湖區民權東路六段１８０巷７７弄１１號三樓,25.0663699931774,121.592939990383,32999976.0,29439540.0,14892479.0,19004660.0,29248350.0,34548932.0,43472736.0
臺北市中正區汀州路三段６３號十二樓,25.0154845350412,121.531561487525,43360030.0,31245836.0,18658950.0,24494284.0,34474024.0,36292016.0,49199184.0
臺北市大同區南京西路３４４巷３５號九樓之１,25.052870016104,121.512259981368,6709999.0,7562552.0,6404955.0,6861396.5,7432259.0,11026443.0,12179974.0
臺北市文山區景福街２３０巷１２號,24.99314351,121.5387753,24000004.0,20965342.0,15488180.0,19161936.0,21566834.0,25556254.0,32057292.0
臺北市內湖區康寧路三段１９０巷３５號十二樓之２,25.0686699874088,121.610799982031,35000016.0,26103586.0,17034302.0,23975892.0,30835724.0,32738298.0,44278190.0
臺北市南港區興中路５８號十樓,25.05663001214,121.606929973516,19800014.0,15482302.0,8545378.0,11341730.0,15761096.0,19394580.0,24510500.0
臺北市文山區福興路８２巷６弄９號七樓,25.0060300133219,121.551619973756,23500006.0,26187716.0,19444102.0,21258120.0,25697858.0,29798782.0,39374550.0
臺北市北投區石牌路二段９０巷１８號二樓,25.11703998,121.51703,15659993.0,11992971.0,9645118.0,10207659.0,13232312.0,16924644.0,20142222.0
臺北市中山區民生東路一段７０巷１１號五樓之３,25.0573200104094,121.526530003886,7999997.0,10963111.0,7878244.5,8472371.0,11125777.0,14239045.0,17506676.0
臺北市文山區和平東路四段８８巷８號三樓,25.0051499973075,121.5672399856,13499990.0,16362866.0,13056393.0,13587277.0,15250065.0,18745668.0,24798428.0
臺北市大安區建國南路一段３４１巷３號,25.034531,121.538373,26999992.0,22612152.0,17695042.0,21773910.0,21988552.0,25403120.0,32307550.0
臺北市松山區八德路三段１６５號十二樓之５,25.0481699896269,121.555399960631,35950020.0,25703594.0,15795615.0,18867124.0,25134764.0,33319118.0,38876652.0
臺北市內湖區新明路３７２號三樓,25.0548499892721,121.58059998489,12199993.0,12434852.0,9104510.0,9351579.0,12404246.0,13797613.0,19093276.0
臺北市信義區永吉路２２５巷７弄７號,25.04673798,121.574438,33240026.0,33236666.0,18853024.0,25465604.0,37486924.0,41001824.0,52630116.0
臺北市大同區雙連街７９號三樓之２,25.0598399876896,121.518919990174,59500028.0,46847350.0,26133178.0,30973598.0,51033144.0,59979960.0,84532890.0
臺北市北投區知行路２１０巷２０號,25.1194400131327,121.467559962285,4300001.0,12102766.0,8437071.0,8742372.0,11976490.0,14026474.0,18681420.0
臺北市大同區民權西路１６０巷２６弄１號十二樓,25.06161255,121.51549,9299996.0,17470884.0,9327940.0,14833287.0,17706926.0,24281196.0,29499684.0
臺北市松山區民生東路五段６９巷４弄５號,25.060051,121.558482,38799980.0,28732956.0,16108846.0,25138504.0,29378062.0,33436512.0,44883776.0
臺北市文山區興隆路四段１０５巷５號七樓,24.98793998,121.56113,10100000.0,10723254.0,8086081.5,8917639.0,11528052.0,16070883.0,16330035.0
臺北市內湖區環山路二段２８號四樓之５,25.08573035,121.572863,21580000.0,19391472.0,10111526.0,15079240.0,21375298.0,26774042.0,33762900.0
臺北市文山區仙岩路１６巷７０之８號三樓,24.9962300178577,121.550230002753,6699998.5,7161138.5,5662896.0,6147549.0,6810514.0,8905537.0,11714886.0
臺北市信義區永吉路５３號,25.045863,121.569147,10580006.0,11071310.0,9217086.0,10784049.0,11810100.0,14193654.0,16826504.0
臺北市文山區辛亥路四段２０９巷１６號二十五樓,25.0025700056006,121.555500040555,44100016.0,34110492.0,969489.44,29284300.0,44179404.0,56035260.0,57514190.0
臺北市內湖區成功路五段８３號,25.07384502,121.6053,10259991.0,10094049.0,7485852.0,8351589.5,9530804.0,12352517.0,15147530.0
臺北市內湖區內湖路三段６０巷３７號五樓,25.0887795964584,121.593124961165,61499980.0,52019436.0,27421206.0,29668456.0,52657628.0,67987860.0,92058120.0
臺北市士林區華齡街１８５巷１號二樓之１,25.0879399828091,121.519219978489,21000000.0,17794378.0,12709381.0,16083333.0,21282910.0,22915602.0,30497470.0
臺北市內湖區內湖路一段３２３巷４弄８號二樓,25.0826900196647,121.567639970019,17500000.0,14770414.0,10795491.0,10991461.0,14873573.0,17453398.0,22246728.0
臺北市士林區後港街１５０號,25.08727098,121.52089,31999990.0,33933212.0,25211394.0,34843756.0,36080610.0,44820812.0,58813450.0
臺北市大同區興城街７０號,25.05928498,121.51738,33299994.0,32953746.0,17627500.0,24494796.0,34704868.0,36412384.0,52767216.0
臺北市文山區萬壽路７５巷２３號二樓,24.9860700196522,121.588439998025,12399988.0,17431774.0,11441394.0,13219371.0,16039556.0,18165424.0,24797768.0
臺北市中山區中山北路一段９６巷２４號二樓,25.0496400078059,121.520499978923,7000002.5,12758856.0,7319936.0,8100460.5,10844691.0,14524428.0,20197468.0
臺北市中正區信義路二段１號,25.03561201,121.524587,51999990.0,38285680.0,16141909.0,29063446.0,30486128.0,39511924.0,55646400.0
臺北市中正區濟南路二段１５號五樓之５,25.04129,121.52765,15500001.0,19072056.0,12338342.0,12704946.0,18643832.0,21605412.0,29237418.0
臺北市北投區公路３０７號四樓,25.13289,121.50253,20500002.0,29719826.0,13480434.0,29560006.0,37333012.0,49858852.0,57062470.0
臺北市文山區興隆路三段２２９巷９弄３號,24.99271498,121.559378,14499987.0,18405654.0,15254487.0,17681614.0,19174586.0,23666076.0,29330136.0
臺北市萬華區德昌街２６１巷１３號,25.02267861,121.4923286,11500007.0,11112564.0,6624720.0,7860023.5,13040713.0,15953698.0,19550198.0
臺北市大安區和平東路一段２５０號二樓之１,25.0259599997783,121.532930006056,69980050.0,51257216.0,15121088.0,27903808.0,48208030.0,58333836.0,83313490.0
臺北市松山區撫遠街４０１巷５號四樓,25.0657900073872,121.565940036236,18500014.0,12375109.0,9843684.0,10010874.0,12653748.0,15387712.0,19318046.0
臺北市信義區永吉路２７８巷１弄２２號三樓,25.0449199904897,121.574880006525,10399997.0,10473792.0,7140843.0,7311208.0,9864566.0,14688940.0,16129814.0
臺北市文山區興隆路二段８３號三樓,24.9999986464029,121.556568579963,45000012.0,46481010.0,24008428.0,28529156.0,50521970.0,60978336.0,85086270.0
臺北市松山區八德路三段１６５號九樓之６,25.0481699896269,121.555399960631,34964988.0,25666068.0,15356457.0,17789050.0,24699204.0,30541594.0,38491870.0
臺北市中正區南昌路一段７之１號三樓之４,25.0320600136333,121.516710017583,15500001.0,15293204.0,10720064.0,11674735.0,15709115.0,17667928.0,24090352.0
臺北市中山區明水路３９７巷７弄４６號,25.07795102,121.550349,11880002.0,8313771.0,6862908.0,8147146.5,8148941.5,11505865.0,14008373.0
臺北市內湖區成功路二段３１７巷１１號九樓,25.0697900192206,121.591290012743,50999960.0,42422624.0,25744464.0,30700982.0,47711050.0,64965970.0,77086190.0
臺北市大同區延平北路四段１１號,25.069075,121.510953,13000010.0,14097469.0,9117700.0,10981360.0,15689262.0,16943184.0,21601086.0
臺北市松山區民生東路四段５６巷１弄８號三樓,25.0574399973533,121.552039990924,28349988.0,20534832.0,13531208.0,16266402.0,24256848.0,28038412.0,31684902.0
臺北市文山區景興路１１號,24.99812998576,121.544770031024,21000000.0,16810786.0,10882652.0,12052961.0,16211548.0,19122250.0,23846414.0
臺北市松山區敦化南路一段３號,25.04735502,121.549316,118880104.0,64448228.0,26971478.0,54165060.0,70599830.0,96035820.0,116157704.0
臺北市松山區民生東路五段１４４巷１２號,25.0580900139446,121.561940024403,11579994.0,7937785.5,6310540.0,7591825.0,8260716.5,16382634.0,18842814.0
臺北市文山區興隆路二段１５３巷８弄１號二樓,25.001439999324,121.547809979668,12550009.0,16862648.0,14266829.0,15112035.0,17184776.0,21055910.0,24915866.0
臺北市內湖區民權東路六段２８０巷４５弄３９號三樓,25.0702700089059,121.605930012467,9600005.0,8489461.0,6754048.0,7016879.0,8042360.0,9535532.0,13254440.0
臺北市文山區景興路１８８號,24.99229899,121.543817,6929999.5,9354773.0,7072918.0,10852058.0,11161315.0,16020416.0,17640954.0
臺北市信義區信義路五段１５０巷４６３號,25.02219685,121.5781223,8700004.0,7593838.0,6649374.0,7806290.0,8014735.0,12051260.0,12069709.0
臺北市大安區瑞安街２５６巷１號,25.02701499,121.539543,45999988.0,34001820.0,18472336.0,25124508.0,27352098.0,35747830.0,52816856.0
臺北市松山區民生東路五段１６５號十六樓之１,25.0591699802592,121.56394003032,45000012.0,45529850.0,21044146.0,46973690.0,57382044.0,59895936.0,73226640.0
臺北市大安區大安路一段２０２號三樓之９,25.03480002,121.5459,16500011.0,13739261.0,7619351.0,8233354.0,11993795.0,15892804.0,21231620.0
臺北市中正區和平西路二段１６巷６號,25.0279388,121.5134785,17279994.0,13282582.0,10514083.0,11754996.0,14146896.0,19506544.0,23330652.0
臺北市文山區興隆路二段８６巷１６號,24.999455,121.548682,49999988.0,42740916.0,25740242.0,34043936.0,43156812.0,52562500.0,71284100.0
臺北市中正區仁愛路一段２３巷８號三樓之１,25.0398100051283,121.523270030284,26880012.0,23865434.0,13142015.0,16016689.0,24692140.0,27854408.0,37544024.0
臺北市北投區石牌路一段１６６巷１１１號,25.11202367,121.5154086,13450000.0,13923691.0,10266137.0,11750176.0,12495550.0,17854382.0,21926904.0
臺北市士林區忠義街７１巷３號三樓,25.1059800177375,121.533359997688,15999987.0,22188332.0,16269008.0,20164172.0,20930340.0,25599136.0,35110876.0
臺北市中山區新生北路二段６０巷２號十樓之９,25.05573998,121.52677,3750001.8,5106699.0,3735734.5,3741375.0,4954905.0,8547530.0,9837228.0
臺北市中正區同安街２８巷１４號四樓,25.0248229946125,121.520894598924,20000004.0,22580906.0,14093033.0,16202398.0,18254724.0,21574568.0,30365536.0
臺北市北投區文林北路３００號三樓之１,25.1105000009344,121.511850022484,20879980.0,19763942.0,17495428.0,19338948.0,19955802.0,21137676.0,29089180.0
臺北市文山區景福街５４巷５弄１３號十五樓,24.9997100164181,121.53750996177,22599994.0,24262446.0,16972844.0,23198684.0,24936168.0,31112980.0,38352336.0
臺北市內湖區環山路二段５３巷６弄１３號八樓之１,25.0843299809305,121.573999990511,29279998.0,28516588.0,20082724.0,24590714.0,30310622.0,33194600.0,45368176.0
臺北市信義區基隆路一段８３巷１９號四樓之１,25.0467000133575,121.570680002482,28999988.0,23514624.0,16977214.0,20071274.0,27468370.0,30515042.0,39881490.0
臺北市信義區莊敬路１７８巷５號四樓之１,25.0309399818214,121.560909972322,23200012.0,15217435.0,12939600.0,13474804.0,16437753.0,19739040.0,24367118.0
臺北市文山區萬寧街１３１號,25.00368199,121.569896,9000001.0,12723716.0,9687764.0,10842168.0,13140562.0,15433478.0,20694032.0
臺北市萬華區國興路１巷１１號,25.02352099,121.509121,9859994.0,9698690.0,7614230.0,8855181.0,10623522.0,16188497.0,17939448.0
臺北市萬華區東園街６７巷２２號,25.02656098,121.49721,7999997.0,12262422.0,6827793.0,8247877.0,13809066.0,19254040.0,21617778.0
臺北市松山區南京東路五段２１２號十二樓之５,25.0511800148763,121.565150041862,25689576.0,24916388.0,17674500.0,20137114.0,22600424.0,29096836.0,38526980.0
臺北市士林區劍潭路７３號,25.08343002,121.520581,42999960.0,33164856.0,23165478.0,31560170.0,35521430.0,38958080.0,51670860.0
臺北市內湖區內湖路二段４２８號,25.083341,121.592153,14849989.0,17223924.0,11010198.0,12037614.0,14525231.0,20081614.0,25711734.0
臺北市士林區承德路四段１０巷７９號三樓,25.0807799934786,121.518889982961,9999996.0,16851428.0,11587683.0,13131116.0,16710246.0,18758724.0,23817960.0
臺北市大安區安和路二段１７７號四樓之１,25.0276800082194,121.549969996116,43500024.0,30886936.0,20473626.0,27509372.0,30732208.0,35708444.0,45239424.0
臺北市信義區松山路４６５巷４４號二樓,25.0401799823345,121.579679987198,19800014.0,20472260.0,9716428.0,14100803.0,20509272.0,24956864.0,29939214.0
臺北市士林區環河北路三段２０３號八樓,25.0879499991834,121.504140012667,27599978.0,26679936.0,13222624.0,20740700.0,33591140.0,45357276.0,47203790.0
臺北市士林區大東路９７號二樓,25.0910936859303,121.525597986531,9999996.0,13766122.0,8693153.0,9036950.0,14087389.0,17129634.0,21730140.0
臺北市大安區新生南路一段１０３巷５４號三樓,25.0406300067159,121.536900010676,48680010.0,41287560.0,22464574.0,29634072.0,36323456.0,40135450.0,62926116.0
臺北市文山區景興路１９３號十五樓之２,24.9922199896501,121.544410028283,18999984.0,21058962.0,15993030.0,21755354.0,22593700.0,26740308.0,34057444.0
臺北市內湖區內湖路三段２３８號十樓,25.0886599882919,121.588270013029,41000024.0,44562864.0,27991390.0,32428184.0,47890480.0,65992180.0,80346140.0
臺北市大安區和平東路三段２２８巷６８號,25.02098098,121.553353,26200006.0,23527500.0,18249570.0,21502840.0,21907924.0,26245120.0,32582188.0
臺北市中山區朱崙街３４號二樓之２,25.0498500163899,121.541090040254,10999996.0,11069093.0,7632245.0,8631567.0,9575574.0,12347947.0,16996298.0
臺北市中山區新生北路一段１０８之３號,25.04957999,121.528256,3799999.5,4112099.5,4144430.0,4916810.0,5359226.5,8528835.0,10510634.0
臺北市大安區麗水街２１巷１號三樓,25.0289699831181,121.528500002589,53959960.0,46919692.0,24578664.0,38435748.0,41128160.0,47672480.0,72135380.0
臺北市信義區虎林街１２１巷２號二樓,25.0402299803869,121.576940026869,9999996.0,11261799.0,5588009.0,7013233.0,8703108.0,16934816.0,17655092.0
臺北市內湖區大湖山莊街１７３巷１１號二樓,25.0879000011309,121.601869986207,17500000.0,14719903.0,10118491.0,10255452.0,13752973.0,16359870.0,22513516.0
臺北市內湖區文湖街２１巷１１８弄１２號二樓之１,25.09149001,121.55986,25600016.0,26195808.0,10524657.0,14702198.0,25271332.0,30490664.0,39177756.0
臺北市南港區研究院路三段７號,25.03557002,121.61736,25200000.0,28128240.0,11288617.0,18141464.0,28981796.0,34578864.0,47725520.0
臺北市大同區歸綏街１７６號,25.05806998,121.512376,4320002.0,19829190.0,16014245.0,20344388.0,20600540.0,23895314.0,30773738.0
臺北市士林區通河街３２３巷５３之３號,25.0814999989614,121.518900041244,3450001.2,4765617.5,3986769.5,3994407.5,5269135.0,9648578.0,9907444.0
臺北市中山區中山北路二段３９巷８號四樓之５,25.0539299915796,121.52354998585,7000002.5,5177564.5,4212683.5,4293874.5,5453697.5,8196282.5,10539040.0
臺北市信義區吳興街２８４巷３６弄８號,25.0228400039593,121.563190017623,26499996.0,16311202.0,12118705.0,13000034.0,16084284.0,19900194.0,26059014.0
臺北市士林區中山北路七段２２０巷６之３號,25.12635999,121.533419,7000002.5,23605936.0,13151845.0,21561446.0,24046650.0,31703702.0,40582850.0
臺北市信義區莊敬路２４０號,25.02940601,121.562191,20599992.0,15224519.0,12221793.0,12537568.0,16054094.0,20168634.0,22320342.0
臺北市文山區羅斯福路五段５３巷１５號二樓,25.00636998,121.5395,9999996.0,11780898.0,8282812.0,8303383.0,12661716.0,13620126.0,18556098.0
臺北市中山區中山北路二段６５巷２弄１７號三樓,25.0567300082449,121.524569979647,15000010.0,14711539.0,8559072.0,9129516.0,13944846.0,16916802.0,24677356.0
臺北市文山區興隆路三段１８５巷９弄１２號四樓,24.99586,121.56215,9600005.0,12452012.0,10647256.0,11116444.0,13051812.0,14900321.0,19907786.0
臺北市士林區承德路四段９１號,25.08342398,121.523771,56000000.0,39230548.0,21053660.0,24608496.0,37789224.0,49562932.0,65020390.0
臺北市中山區新生北路二段１０１巷１１號三樓之１,25.0574599881924,121.528339992058,11549994.0,8279511.0,5889097.5,6421719.5,7012470.5,11949314.0,13564878.0
臺北市萬華區康定路９７號九樓,25.0396499945967,121.502040010645,7999997.0,9033348.0,7128391.5,7327346.5,8606612.0,12990244.0,14189323.0
臺北市士林區忠誠路二段４０巷８號三樓,25.1102200034588,121.529759970275,22700004.0,19443508.0,15017501.0,18945702.0,19069546.0,23612060.0,27905512.0
臺北市北投區泉源路１６號,25.13865699,121.505373,38500020.0,37329524.0,20287156.0,30972122.0,42761136.0,58291904.0,67873704.0
臺北市信義區忠孝東路五段７９０巷５７弄２３號四樓,25.0411200127756,121.584260026731,21500010.0,20416458.0,11767850.0,15539193.0,20745646.0,22894152.0,26640476.0
臺北市士林區菁山路１０６之１號四樓,25.1406006977658,121.552168300085,49999988.0,36973240.0,9490.995,28557192.0,68091670.0,87288300.0,95174940.0
臺北市士林區社中街１２３號八樓之２,25.0899699959392,121.510119997668,15999987.0,21726410.0,12310721.0,16002795.0,23139644.0,28835568.0,33428032.0
臺北市萬華區艋舺大道４１６號,25.029081,121.4922,8050003.0,7043287.5,5380797.0,5768873.0,7183327.5,12538166.0,12824047.0
臺北市松山區南京東路五段２９１巷１９弄３５號五樓之１,25.0525100133626,121.56742002888,14849989.0,11931824.0,8726095.0,10681591.0,10790139.0,14488210.0,18753572.0
臺北市南港區昆陽街１４２巷６弄４號二樓,25.0494199828475,121.594029973072,14000013.0,11724610.0,6940337.0,7558189.5,11704880.0,14932100.0,18854318.0
臺北市萬華區雙園街６７巷３弄１號四樓,25.03029998,121.4943,4400000.0,4862332.0,3155199.0,3576424.0,5025945.0,9363055.0,10264121.0
臺北市大安區復興南路一段２００號十二樓,25.0396900181843,121.543500005055,87999940.0,103011160.0,6458490.0,33011182.0,66799376.0,89821544.0,115206060.0
臺北市內湖區內湖路一段６２９巷１２弄１３號,25.08130902,121.574212,19199984.0,17981790.0,14173337.0,17015694.0,17761588.0,18924176.0,25360664.0
臺北市信義區永吉路４４３巷６４號,25.04736801,121.578243,120000030.0,19655786.0,4471835.0,11318110.0,19768430.0,27484826.0,28370542.0
臺北市大安區建國南路二段３０８巷１０弄５號五樓,25.0237700180261,121.536979974032,36800024.0,29203198.0,14097092.0,28600910.0,36687890.0,38584784.0,47159424.0
臺北市北投區永興路一段３２巷９號四樓,25.1383000077392,121.50020001526,11880002.0,15265052.0,10927954.0,13410193.0,15678044.0,19715862.0,22589908.0
臺北市松山區光復北路１８５號十樓,25.0587500050006,121.555440026128,53000020.0,37452050.0,23714288.0,36823124.0,41656170.0,44871790.0,58133020.0
臺北市文山區景興路３００號二十七樓之２,24.98886002,121.54206,23200012.0,21250094.0,320201.28,15870933.0,27695480.0,30030950.0,34141996.0
臺北市松山區光復北路６０巷１９之５號,25.04967999,121.55701,31250008.0,29803556.0,17772736.0,18775870.0,27214196.0,30658324.0,40670564.0
臺北市北投區溫泉路８１號,25.13551801,121.505853,13579996.0,16770721.0,11816094.0,15592486.0,16766531.0,19880504.0,25422558.0
臺北市大安區仁愛路四段２６６巷１５弄１６號,25.03656499,121.553848,29999978.0,53222172.0,3334900.5,18518196.0,41319856.0,52440030.0,72484730.0
臺北市信義區吳興街６００巷１００弄２０之１號四樓,25.0174799864262,121.572239958482,17380016.0,17369842.0,11306308.0,12740156.0,19243430.0,21072342.0,27334418.0
臺北市士林區承德路四段１２巷５７號,25.0809700112236,121.519570006765,7999997.0,1938464.9,3809095.5,4572816.0,4797011.5,9238312.0,9446539.0
臺北市內湖區港華街８５巷３３號五樓,25.0840799906683,121.574929962668,14849989.0,18660160.0,13760425.0,16996038.0,17170262.0,19274028.0,26223352.0
臺北市大同區環河北路一段３８９號,25.061396,121.508657,39500020.0,42715976.0,22544326.0,30531284.0,45318880.0,49470944.0,74208610.0
臺北市松山區三民路７４巷８號,25.05568399,121.565245,32050016.0,24827960.0,20616578.0,23819322.0,25590788.0,31274276.0,35498404.0
臺北市士林區中山北路六段２３６巷７號四樓之１,25.1084399805909,121.526179975609,31399974.0,31199564.0,20686614.0,27172702.0,36953920.0,41831652.0,53357764.0
臺北市中山區林森北路６２８號,25.06743701,121.525567,23880004.0,23188156.0,13201255.0,17387178.0,23477560.0,26741684.0,35585856.0
臺北市萬華區水源路２０５之１號十三樓,25.019570013983,121.503239963904,15000010.0,21263352.0,9460658.0,12674232.0,24220600.0,26841944.0,37247024.0
臺北市內湖區陽光街５９號八樓,25.0762800011208,121.586549962678,35249976.0,34533650.0,20359722.0,28382342.0,37030970.0,43964044.0,58020030.0
臺北市大安區和平東路一段１８５號,25.026435,121.533101,36800024.0,24526026.0,19383632.0,26428976.0,27920632.0,28600310.0,38925330.0
臺北市士林區德行東路８１巷９號,25.107926,121.527256,18999984.0,24219492.0,17177304.0,22212044.0,24340688.0,28852458.0,34849936.0
臺北市北投區榮華三路５７號,25.11412299,121.519998,18300008.0,24109200.0,19359100.0,22909832.0,25048044.0,27821966.0,34735660.0
臺北市信義區永吉路４６８巷３６弄１１號,25.04455399,121.578732,2000000.4,11926135.0,7522457.5,8208532.5,10908837.0,16303333.0,19318562.0
臺北市中山區北安路８２９號四樓之８,25.08473001,121.55691,12599994.0,10267136.0,5513129.0,5797342.0,9377246.0,12307716.0,15843742.0
臺北市內湖區內湖路二段１７９巷３弄３號,25.08190049,121.5876535,16679995.0,18563106.0,10882320.0,15664474.0,19211890.0,21399896.0,29856128.0
臺北市中山區松江路２７號十樓之７,25.0598500040638,121.533369972153,7609998.0,8169788.0,6550594.0,6905372.0,7823580.5,11006418.0,12976599.0
臺北市中山區伊通街１２９號十一樓之２,25.0543800159611,121.534939986437,11149995.0,10754326.0,9318195.0,9856817.0,10288680.0,13721479.0,15421442.0
臺北市北投區中山路４７號,25.13876298,121.511686,3499999.0,4387404.5,3366063.8,3937880.2,4886770.5,8013856.0,9002903.0
臺北市中山區新生北路一段５４號七樓之２,25.0463200197771,121.531050028992,8500000.0,8541932.0,7354026.0,7763008.0,8890789.0,10375825.0,13070022.0
臺北市中正區中華路二段４４３巷４５號五樓,25.0253222128815,121.509993699718,12199993.0,11393550.0,9864283.0,10276913.0,12499746.0,18488656.0,19471900.0
臺北市萬華區國興路１巷３號三樓,25.0243800110297,121.509149960014,15500001.0,14137320.0,10882963.0,11518029.0,15201914.0,18064948.0,23207978.0
臺北市松山區民生東路三段１１３巷２５弄３１號五樓,25.05932002,121.54719,35999972.0,31706726.0,18951088.0,24942588.0,30026310.0,31514514.0,47392160.0
臺北市文山區景豐街５號四樓,25.000470003579,121.545869988178,25800012.0,24767798.0,18771752.0,23251000.0,24637380.0,27529370.0,36137356.0
臺北市內湖區康寧路三段２６５巷１９號,25.06651701,121.612183,14600004.0,14357623.0,11321241.0,12539098.0,15219931.0,16906480.0,22245328.0
臺北市中山區德惠街３巷１６號四樓,25.0674500014016,121.523089987004,13199996.0,10604168.0,6766019.5,7389994.0,10204661.0,12420037.0,17168918.0
臺北市內湖區民權東路六段１８０巷４２弄１１號十二樓,25.0675800047198,121.592229959365,13980000.0,17374812.0,11464244.0,11944050.0,17872270.0,22877302.0,27684072.0
臺北市南港區忠孝東路六段１４４號二樓,25.04806999,121.58567,10999996.0,22499952.0,13358956.0,16396482.0,24008336.0,27441872.0,35921710.0
臺北市信義區吳興街３４５巷３號,25.026715,121.565914,15800014.0,16726349.0,12854389.0,14595772.0,16818098.0,21851752.0,24185008.0
臺北市信義區和平東路三段３９１巷８弄８８號,25.02160501,121.55885,3499999.0,6406806.0,5727277.0,6177192.0,6350773.0,10892495.0,11774204.0
臺北市信義區吳興街６００巷６０之１號,25.0198200042452,121.570280018062,17700004.0,15177086.0,9813446.0,11095028.0,17941878.0,20107560.0,25897186.0
臺北市萬華區德昌街１５６號三樓,25.024009991914,121.49604996736,2750001.0,10817154.0,8286889.0,8320616.5,11859287.0,17942494.0,18709092.0
臺北市大同區哈密街１４３之２號,25.07295402,121.513273,18880012.0,16207003.0,10527206.0,12528412.0,16572080.0,18281100.0,26323628.0
臺北市士林區士東路２８６巷１之８號四樓,25.1131599979071,121.537499987305,27499980.0,22569194.0,10639805.0,16944186.0,17735184.0,21525204.0,32442536.0
臺北市文山區興隆路四段１４５巷２７號十二樓,24.9853700050085,121.563109970448,31479970.0,36163216.0,25982186.0,32229016.0,38613130.0,44575280.0,53860940.0
臺北市中山區新生北路三段２６號十一樓之１１,25.0637099962047,121.527399961617,12500008.0,11170579.0,4771675.0,6460819.0,9371649.0,14675162.0,16027568.0
臺北市大安區安居街８巷６弄１１號五樓,25.0209700013609,121.554430006796,11999996.0,12587022.0,11106080.0,11279663.0,11979323.0,15490839.0,18808918.0
臺北市萬華區西園路二段２６１巷１１號,25.0254399865053,121.493010018716,9600005.0,12153311.0,6259909.0,7939353.0,12780290.0,17934248.0,20471204.0
臺北市信義區松山路１１９巷２０號三樓,25.0473299972002,121.57914999946,23800020.0,19003354.0,9237766.0,13877716.0,20695098.0,24575334.0,27983756.0
臺北市內湖區東湖路１１３巷４９弄２７號二樓,25.0698900153255,121.615139963857,28480006.0,30354824.0,19912914.0,23802654.0,30055992.0,32015496.0,44999410.0
臺北市大安區敦化南路二段４６號六樓之５,25.0313700153638,121.548420014581,11299991.0,9187055.0,6726305.0,7844522.0,8235521.5,12767426.0,15244568.0
臺北市中山區敬業三路１６１巷５９號,25.07937322,121.5546027,69180056.0,44345044.0,24875980.0,28226322.0,45428532.0,57689210.0,77203020.0
臺北市中山區復興南路一段５２號十一樓,25.04511001,121.54364,50199990.0,38565284.0,15792030.0,27745072.0,38147188.0,49533256.0,58768596.0
臺北市萬華區國興路２號,25.02502701,121.508883,14000013.0,10555234.0,1288690.0,7993339.0,11377220.0,16484189.0,19099468.0
臺北市士林區中山北路五段７０４巷７號,25.0979799940707,121.52791997489,21000000.0,17554926.0,12507044.0,12664058.0,16778112.0,21411002.0,26854440.0
臺北市信義區吳興街１５６巷４０弄４號四樓,25.0285000098071,121.559949992951,15000010.0,16326049.0,11934623.0,13909066.0,15339215.0,16818996.0,22677416.0
臺北市松山區南京東路三段３３５巷２３號,25.05327684,121.5475401,10600002.0,6633913.0,6177480.5,6769395.0,7431905.0,10780470.0,14174067.0
臺北市中正區汀州路一段２２６巷８號三樓,25.0274200015829,121.509429999399,17300012.0,17438956.0,12513176.0,15852417.0,20063236.0,25765048.0,26814722.0
臺北市士林區士東路２８６巷１之１０號二樓,25.1131599979071,121.537499987305,27800004.0,23103790.0,10188985.0,16091495.0,17780230.0,21621612.0,32942184.0
臺北市大同區大龍街９１巷１０號十一樓,25.0672200019784,121.516929958722,12579990.0,13958418.0,5779109.5,9309420.0,12261159.0,16863420.0,22589392.0
臺北市內湖區行善路２５巷３２號,25.0558999902829,121.57702996469,25600016.0,23852920.0,12203554.0,14673958.0,24643630.0,27893218.0,34298384.0
臺北市內湖區大湖山莊街２２６號,25.08854201,121.598498,7999997.0,7716514.0,5549236.0,6650408.0,6820823.0,9832782.0,12852232.0
臺北市內湖區陽光街２９５號三樓,25.0738399871969,121.579700019946,3000001.0,2261083.8,4047984.2,4565216.5,4929200.0,6279646.5,8589909.0
臺北市北投區立農街二段２７３巷７號四樓,25.1192300045487,121.515070014407,14879986.0,12575240.0,10733076.0,10898667.0,13258713.0,14936259.0,19874892.0
臺北市大安區安和路一段９０巷１號,25.03474101,121.552157,65000056.0,48682696.0,17238482.0,34533780.0,43165210.0,48635828.0,72271440.0
臺北市南港區園區街４２號五樓之１,25.0596800190675,121.612439985207,40880004.0,35740944.0,15226668.0,22571390.0,34108476.0,38624028.0,49738890.0
臺北市文山區景明街１３號,25.00143501,121.541539,11999996.0,12625470.0,9326944.0,9643334.0,13503440.0,18661086.0,21845918.0
臺北市大同區民權西路１７９號十二樓之２,25.0631500012535,121.515820027104,36499996.0,29398018.0,18022582.0,23582984.0,31704852.0,35476204.0,47802776.0
臺北市文山區公館街２５號,25.00530401,121.537642,16800016.0,12932050.0,10539804.0,11594050.0,13640196.0,16903932.0,20308024.0
臺北市萬華區漢口街二段５５號九樓之９、漢口街二段５５號九樓之１０,25.0459399842871,121.506189974726,9299996.0,9796521.0,7190421.0,7237568.5,8963734.0,13614646.0,14414394.0
臺北市松山區健康路５８巷１９號二樓,25.0523899845092,121.553319991358,21000000.0,16478216.0,12370672.0,13242992.0,16934492.0,20170556.0,25286570.0
臺北市大安區羅斯福路三段２６９巷１０號四樓,25.0194100034514,121.530319965226,17199990.0,17145520.0,12865868.0,14450538.0,15343750.0,19415380.0,26946642.0
臺北市信義區基隆路一段３７巷１８號三樓,25.0463299942419,121.568949977667,18600002.0,17355006.0,13691884.0,14761542.0,16458930.0,19027510.0,25327696.0
臺北市中正區中華路二段１０５之２號七樓,25.0330899818954,121.505290009782,15500001.0,15834014.0,11533682.0,15374334.0,15632776.0,19073402.0,24556312.0
臺北市內湖區文德路２２巷５３弄３號,25.0758500094879,121.580149960509,22300002.0,17643008.0,11716227.0,12941303.0,16854932.0,18832214.0,25811578.0
臺北市中山區明水路３９７巷１０號,25.078401,121.547611,28500004.0,17429878.0,15167623.0,17002524.0,19318820.0,22024902.0,28228044.0
臺北市大安區和平東路三段１巷４６號十三樓,25.0265800091562,121.546580019196,22680010.0,19775292.0,16629264.0,19449924.0,21092972.0,27704302.0,30921772.0
臺北市士林區社中街３９１號四樓,25.0919700018559,121.503069978907,9080006.0,7055987.5,3361864.5,4846688.5,7770111.0,10700412.0,13100621.0
臺北市信義區松平路７０號,25.03029902,121.565752,54999988.0,37727290.0,28209692.0,35834324.0,36017280.0,41922468.0,55595480.0
臺北市內湖區康寧路三段９９巷３９弄３８號六樓,25.0730300019835,121.609840002661,21760002.0,20865250.0,15772344.0,19760814.0,21200178.0,22837628.0,32108082.0
臺北市中山區建國北路二段９９號六樓之２,25.0589300063713,121.537320027844,25900002.0,26480796.0,18399230.0,23676234.0,24958150.0,26280736.0,35708240.0
臺北市士林區社正路７０號六樓,25.0888699968759,121.511019962612,12989996.0,18056612.0,13793482.0,17060314.0,23426970.0,27103652.0,31523472.0
臺北市內湖區金湖路３２６巷４８號六樓之１,25.0741300010468,121.604020028191,15200001.0,15126800.0,9597149.0,12012866.0,15495301.0,17292292.0,24074828.0
臺北市士林區中山北路五段７４８巷５號三樓,25.0994899939278,121.527670026537,16800016.0,18550860.0,12776853.0,13940459.0,17662940.0,21673720.0,26023648.0
臺北市中山區松江路４３１巷２５號四樓,25.0656600040689,121.534779975905,21879988.0,18703596.0,11114960.0,18569092.0,20757322.0,21326960.0,28044080.0
臺北市士林區天母東路７７之８號,25.11826202,121.535166,33179978.0,29639724.0,18138834.0,25458464.0,26540514.0,30995228.0,40760960.0
臺北市大同區環河北路二段３８７號五樓,25.0776400068205,121.509279963332,9099996.0,10315581.0,7557080.0,8107748.5,10900455.0,12981674.0,17100678.0
臺北市信義區松隆路２８２號,25.04824999,121.57543,16800016.0,9421743.0,7036815.5,7677470.0,10052452.0,14203160.0,16293572.0
臺北市信義區吳興街２８４巷５之２號,25.02548998,121.56397,21300006.0,18381026.0,5527032.0,12224124.0,17508714.0,18517700.0,25632068.0
臺北市文山區溪洲街２３巷１１號四樓,25.0057000177939,121.535160011395,13499990.0,12210888.0,8929775.0,9835295.0,11762128.0,13906864.0,18600320.0
臺北市松山區民生東路五段１７０號七樓之２,25.05827002,121.56279,28500004.0,22916432.0,15984735.0,20863340.0,25005132.0,30059316.0,33636788.0
臺北市中山區通北街９３號,25.0832799799197,121.538630035491,29999978.0,34831596.0,22144110.0,23710354.0,32962108.0,39500924.0,53788770.0
臺北市北投區東華街二段３４０巷２弄１７號,25.121494,121.506222,13499990.0,12032564.0,9838410.0,10340323.0,13556162.0,18718408.0,21397326.0
臺北市大安區復興南路二段１９３巷１３號,25.02674132,121.5445561,15999987.0,19245228.0,11859626.0,13786617.0,16567371.0,25845128.0,26664676.0
臺北市南港區向陽路２５８巷２７號三樓,25.0579999923045,121.593669970331,35119984.0,26350704.0,17063144.0,19385148.0,30049170.0,34596016.0,43358870.0
臺北市北投區行義路１４２之１４號二樓,25.1298399852262,121.52819003981,13129989.0,20519366.0,9558877.0,15781311.0,18986652.0,22227854.0,29191726.0
臺北市萬華區中華路二段４９８巷１１號,25.02592002,121.507111,10800002.0,11481027.0,1227084.1,8661723.0,12403631.0,16007099.0,22590124.0
臺北市信義區虎林街２２２巷４４號三樓,25.0366600020959,121.576129999746,12800001.0,20617522.0,11178614.0,15394376.0,20088088.0,27190536.0,28808300.0
臺北市中正區羅斯福路一段２８號,25.03141402,121.51896,38500020.0,35030870.0,22276790.0,30717382.0,32114452.0,38302990.0,49761470.0
臺北市大同區重慶北路三段２０３之３號十樓之１,25.0699299970036,121.513990006183,13109994.0,14719005.0,7320711.0,10803936.0,12889817.0,16455948.0,22018308.0
臺北市大安區樂利路２０號五樓,25.0275199976878,121.551240022085,40600030.0,33140954.0,21962816.0,28965162.0,29968122.0,34459300.0,47596530.0
臺北市文山區興隆路二段１２３巷１４號,25.0005599833096,121.547440002462,18380008.0,20946116.0,13045938.0,15360353.0,19019708.0,21461824.0,28185542.0
臺北市萬華區環河南路三段２７９號,25.01907502,121.493454,8300002.5,10745284.0,3727503.0,6947197.5,13677372.0,14571794.0,19153094.0
臺北市大安區復興南路二段１５７號八樓之６,25.02812002,121.54369,21710006.0,39628004.0,21445006.0,29992940.0,34919736.0,39480964.0,59546464.0
臺北市大安區新生南路三段２號,25.02577878,121.5346299,33679996.0,35481480.0,22051846.0,35204556.0,36485730.0,42619376.0,48845932.0
臺北市士林區基河路３０號,25.08368001,121.5245112,14249994.0,10923308.0,9943281.0,10397855.0,11016731.0,14481441.0,16449263.0
臺北市大安區建國南路一段２７９巷２號十二樓,25.0360599835571,121.538380003319,27499980.0,18906968.0,17279962.0,18998136.0,19024462.0,24713012.0,28570268.0
臺北市松山區長春路５００號五樓,25.0543599832125,121.54746003521,35000016.0,34801310.0,22212004.0,30048426.0,31895364.0,34442212.0,50758804.0
臺北市士林區格致路２０巷２９號,25.136515,121.547415,5500000.5,6442889.0,86953.26,6235141.0,11258642.0,12209654.0,12268926.0
臺北市大同區哈密街２０巷１６號,25.073835,121.51878,15999987.0,16119050.0,12798073.0,14927316.0,19279912.0,21401408.0,25415770.0
臺北市文山區景文街１０７號,24.99066402,121.541301,39599972.0,60453504.0,37969340.0,47049456.0,62305204.0,86966910.0,103354780.0
臺北市中山區中山北路二段１２０號十一樓,25.0610899809101,121.522699977049,123500030.0,219039250.0,5232734.0,56654600.0,176006670.0,193679000.0,232855410.0
臺北市大同區歸綏街１７０號,25.058073,121.512546,5200000.5,7277678.0,7275936.0,7362229.0,7713924.0,12298001.0,12444082.0
臺北市大安區和平東路三段４１６巷５號七樓,25.01791002,121.55905,26499996.0,22982704.0,13232212.0,16846896.0,22828264.0,25092468.0,33323312.0
臺北市信義區忠孝東路五段７９０巷２４弄１６號,25.04222198,121.582159,8500000.0,13902435.0,9217350.0,9445729.0,13474290.0,19770956.0,22348202.0
臺北市松山區三民路９５巷２０號三樓,25.0571100018253,121.562560033781,6000000.0,6621909.5,5740653.0,6611895.0,6711567.0,12724590.0,13586085.0
臺北市士林區通河街１７號二樓,25.0800399971567,121.523359968105,23200012.0,26077212.0,13927542.0,18794430.0,26842560.0,27084480.0,37630772.0
臺北市內湖區五分街１１１號十樓之２,25.067309981709,121.616760018103,14799996.0,20093490.0,14906660.0,17105964.0,20613826.0,22835058.0,32739922.0
臺北市北投區榮華一路８號九樓,25.1122799818927,121.524019959161,31999990.0,28513380.0,18051412.0,23540964.0,33543314.0,37541230.0,48480972.0
臺北市信義區中坡南路８６號,25.04124201,121.585142,24880012.0,24764302.0,13599800.0,18616150.0,21787162.0,25507800.0,33736380.0
臺北市信義區信義路五段１１５號八樓之５,25.0336299860075,121.573890019941,20800006.0,18985240.0,12630383.0,14551575.0,18938152.0,21021360.0,30036792.0
臺北市中正區羅斯福路一段５０號九樓,25.03093998,121.51932,35000016.0,31477568.0,18484178.0,27882102.0,32234918.0,38163780.0,46615870.0
臺北市中正區南海路１０３號五樓之１,25.0280100037474,121.5075599968,11999996.0,12035870.0,9027836.0,9835652.0,13410219.0,19669550.0,21794228.0
臺北市士林區承德路四段２９４之１號七樓,25.0895700115196,121.519110007919,18000012.0,21582964.0,16322406.0,19611896.0,21227530.0,24502788.0,34029524.0
臺北市南港區研究院路二段３５巷２３弄２號四樓,25.04629999,121.61635,13000010.0,12701214.0,9477744.0,9859656.0,11866640.0,14851122.0,20267856.0
臺北市北投區三合街一段３８號五樓之５,25.127157018545,121.506351052211,18179982.0,14485557.0,10127295.0,11965370.0,15821456.0,17923818.0,24370512.0
臺北市內湖區大湖山莊街１６８巷１８號,25.08854635,121.5988047,9000001.0,9043692.0,6182113.0,6954191.0,9347246.0,11122934.0,15394934.0
臺北市中山區松江路１９４巷１０號,25.0570400129338,121.532330029426,41200004.0,37054990.0,12360507.0,16435120.0,27307112.0,29034080.0,45952630.0
臺北市大同區哈密街５９巷７８弄９號四樓之３,25.07606999,121.51484,23180020.0,24555188.0,16843426.0,19517038.0,27207916.0,29324096.0,40698344.0
臺北市士林區中山北路七段１１４巷３號四樓,25.122189989836,121.532330029426,29500022.0,37329664.0,22267912.0,32270660.0,39694876.0,45130576.0,60322656.0
臺北市萬華區西園路二段３７２巷１０１弄４號四樓,25.0269999844148,121.490269974568,2500000.8,3614529.2,2091162.6,2819450.0,4493934.0,8302029.0,8376923.5
臺北市中山區中原街２２號四樓之６,25.0567399827096,121.528779958155,5342998.0,5080129.0,5426564.0,5700685.0,6414766.0,8197236.0,10907443.0
臺北市信義區中坡南路１６６號,25.03929951,121.5840645,18200002.0,15845374.0,12205556.0,13629897.0,16594981.0,19380564.0,24227024.0
臺北市萬華區萬大路５３６號,25.01859679,121.496609,19300000.0,15353850.0,4204820.5,6286621.0,14428203.0,18772110.0,25040020.0
臺北市松山區健康路１５巷５０號十樓,25.05546999865,121.553089991935,27999986.0,24438098.0,20858724.0,24189438.0,27547544.0,35203148.0,42090000.0
臺北市內湖區成功路四段７０號十四樓之３,25.0828499882868,121.593049960953,13199996.0,10867945.0,8425581.0,8861610.0,10435466.0,14901856.0,18269526.0
臺北市北投區明德路１０６號三樓,25.1097400137734,121.520060012825,20000004.0,15126915.0,12220208.0,13160352.0,18434392.0,21042540.0,24543856.0
臺北市大安區泰順街５０巷１３號三樓,25.0231800158616,121.530500008506,25999984.0,25694084.0,15521864.0,21486972.0,23635580.0,26581194.0,35568280.0
臺北市信義區吳興街５２４巷３６號,25.02246102,121.567754,18799986.0,17712296.0,15735594.0,17270504.0,19176232.0,23166096.0,27946364.0
臺北市松山區南京東路五段６６巷２５號,25.05032598,121.560844,28500004.0,26654302.0,19246880.0,20773482.0,25265116.0,28896736.0,38241090.0
臺北市士林區福港街２４４巷７號,25.0842899992523,121.517000031433,18300008.0,17726322.0,14246815.0,16525996.0,18386916.0,22056558.0,26852186.0
臺北市松山區南京東路五段２５０巷１８弄１８號,25.05010298,121.567052,21500010.0,16519441.0,12654304.0,14413515.0,18005814.0,22250376.0,26784256.0
臺北市中正區廈門街１２９號十三樓之１,25.02282999,121.51749,11880002.0,15016899.0,9786436.0,11937036.0,15574176.0,21116680.0,22798372.0
臺北市文山區政大一街５號,24.98555998,121.58061,19300000.0,19670000.0,9739882.0,12539242.0,19847012.0,21974296.0,28112632.0
臺北市文山區興隆路二段２１７巷８之２號二樓,25.0021799956458,121.549379993952,13660009.0,14864583.0,13162284.0,14280550.0,14819996.0,16910866.0,23075824.0
臺北市內湖區康寧路三段１８９巷７３弄３號,25.07229499,121.612291,14499987.0,20140764.0,15011974.0,18696820.0,19749774.0,22591848.0,29056020.0
臺北市信義區吳興街３６１巷１弄１號四樓,25.0264199986246,121.566489972904,17500000.0,16388228.0,13029898.0,15055990.0,15393378.0,17182808.0,22030112.0
臺北市內湖區康寧路三段９９巷３９弄５４號八樓,25.0737099838786,121.610200005402,22599994.0,23138320.0,17692274.0,21717128.0,24770916.0,27235174.0,37357730.0
臺北市萬華區青年路１６６號,25.020926,121.50262,6150000.0,4169803.0,3510750.0,3731586.2,4823439.5,8249482.0,9818501.0
臺北市文山區興隆路三段１８５巷７弄２號,24.99556998,121.561683,9999996.0,16598020.0,13541484.0,15854806.0,16249377.0,19602734.0,24901518.0
臺北市松山區民生東路五段２６０巷５號,25.05854498,121.567122,32500012.0,29452008.0,16750837.0,22452236.0,24872610.0,29448244.0,44644536.0
臺北市文山區萬安街４２號七樓之１,24.99958001,121.57091,9999996.0,9406804.0,6982853.5,8276842.5,9268051.0,13655945.0,14856533.0
臺北市北投區吉利街２５７巷３弄２號三樓,25.1188500109682,121.510429960448,17249994.0,18476000.0,13835403.0,16649353.0,18204306.0,21241504.0,26114742.0
臺北市北投區復興二路６０巷７號,25.14458698,121.50396,16099999.0,17812714.0,11678499.0,16430888.0,18222162.0,21966670.0,26708756.0
臺北市北投區永興路一段２８號四樓,25.13289,121.50253,10999996.0,12607302.0,5536069.0,9109686.0,14078176.0,19240970.0,19501000.0
臺北市中山區龍江路３０９號六樓,25.0612100097636,121.540860040831,31299996.0,26396078.0,18336100.0,23779692.0,24110624.0,26919468.0,35699864.0
臺北市內湖區內湖路三段６０巷８弄４０號,25.088339,121.591312,11999996.0,17735860.0,12369964.0,12788898.0,17570604.0,20379498.0,27531470.0
臺北市文山區辛亥路四段１０１巷８５之２號,25.00743398,121.560972,14219992.0,13650398.0,10699820.0,10807914.0,13692720.0,15716787.0,21895810.0
臺北市大同區承德路一段７７巷１８號,25.05208899,121.518003,13199996.0,10465205.0,6776435.5,7908890.5,8908612.0,15007880.0,17285566.0
臺北市文山區羅斯福路五段５３巷１７號三樓,25.0063400180109,121.539560007648,12459994.0,12045699.0,9132076.0,10343380.0,11756812.0,14526922.0,18674972.0
臺北市中山區德惠街５２號十樓之１０,25.0665699853872,121.527189994942,6399997.0,5873942.0,5310491.5,6186925.5,6192391.5,10046472.0,10181292.0
臺北市北投區中和街５０２巷１１弄６號,25.14723901,121.494086,8799997.0,10827950.0,4432231.0,8298435.5,13687864.0,15266654.0,18721978.0
臺北市大安區通安街１６２號,25.02713099,121.552303,39800028.0,32191908.0,20022638.0,27456900.0,27553796.0,34917668.0,48891510.0
臺北市內湖區內湖路二段２３５巷２０號,25.08214618,121.5891462,61929980.0,74783790.0,35674336.0,47320440.0,79531200.0,114752760.0,145489740.0
臺北市內湖區新豐街８２號三樓,25.0603499845883,121.583819976814,18000012.0,18695430.0,11112734.0,13720223.0,20348348.0,23011304.0,31365376.0
臺北市士林區士商路１４９之６號三樓,25.0940800202517,121.517460030279,42000020.0,28218300.0,19307806.0,23068652.0,30869208.0,35436236.0,48115620.0
臺北市文山區羅斯福路五段２１８巷３８弄２３號十二樓,25.0028000050237,121.537179966242,18300008.0,17720542.0,15828307.0,18473920.0,18795290.0,23449724.0,28887368.0
臺北市萬華區德昌街１８５巷１２弄１６號三樓,25.0230899942215,121.493809987555,7000002.5,11645468.0,7021176.5,9307466.0,13389057.0,17507444.0,19011366.0
臺北市北投區溫泉路３７巷３０號十三樓之６,25.1364237747575,121.511900883032,6679997.0,6520216.0,4103383.0,5334775.5,6917447.0,9823858.0,11351685.0
臺北市大安區羅斯福路二段８１巷８號三樓之２,25.0256100134112,121.524149962479,15999987.0,13114996.0,8571578.0,9977858.0,11446982.0,15264499.0,21145860.0
臺北市文山區興隆路一段５５巷２７弄８號三樓,25.0041699851883,121.541869976344,11999996.0,13544351.0,10466083.0,10525239.0,13892786.0,15134043.0,19786952.0
臺北市萬華區艋舺大道１２０巷３弄６號三樓,25.0329300132733,121.502569998383,20230008.0,24317996.0,14318079.0,19022828.0,22876298.0,26604424.0,38471464.0
臺北市內湖區內湖路三段３６號七樓,25.0895700115196,121.583419992394,23599994.0,20422066.0,13698624.0,15272799.0,21067360.0,24924612.0,34971590.0
臺北市信義區和平東路三段３９１巷８弄６５號五樓,25.0212699896755,121.55860997809,22799980.0,17414958.0,12590312.0,15564406.0,16589632.0,17803578.0,24435768.0
臺北市內湖區南京東路六段１５９號,25.05666601,121.579563,26200006.0,21847002.0,15339010.0,16600742.0,22027464.0,25011000.0,35200260.0
臺北市內湖區大湖街１６０巷２６號四樓,25.0819400069685,121.601400012896,31999990.0,47820650.0,20763222.0,29536730.0,46317372.0,57808276.0,77941020.0
臺北市文山區木柵路四段１５９巷１６弄７１號三樓,25.00398998,121.57605,24100004.0,31172974.0,17983848.0,19342158.0,27137430.0,32178220.0,50293530.0
臺北市北投區一心路３０號,25.13337401,121.474339,10100000.0,13633511.0,6299242.0,9025873.0,12368643.0,16490384.0,21674672.0
臺北市北投區溫泉路８９號,25.13570602,121.507004,20899982.0,31117608.0,17865794.0,24523452.0,31717250.0,37799676.0,48433560.0
臺北市大安區信義路四段２６５巷１２弄５號三樓,25.0344499875952,121.554200007373,38600020.0,25973168.0,13711772.0,19398020.0,31133816.0,31598478.0,39247760.0
臺北市文山區景華街１２８巷３弄１６號二樓,24.9954199907349,121.547879968559,14300011.0,13948438.0,11631594.0,11715288.0,14111566.0,16570405.0,20559012.0
臺北市中正區晉江街９６之２號,25.02317707,121.5242176,18000012.0,21824054.0,18236210.0,18431228.0,24486716.0,26603460.0,35767950.0
臺北市士林區承德路四段２９７巷８號,25.09020301,121.51897,4499998.0,3892908.5,4142051.5,4453339.5,5378334.5,11490228.0,11816567.0
臺北市文山區新光路一段３２巷４弄３號,24.98943401,121.573129,9500005.0,10423769.0,8281548.5,10091585.0,11389270.0,13630365.0,17233684.0
臺北市松山區南京東路五段２３巷９弄２號,25.05271399,121.557956,11999996.0,22126504.0,16119818.0,20607968.0,21019034.0,25417564.0,30883460.0
臺北市中正區汀州路二段２７３號九樓,25.022189987368,121.524179969693,28500004.0,27844634.0,18516288.0,21401612.0,29601476.0,34646136.0,47005504.0
臺北市大同區延平北路三段７０號二樓,25.06554999,121.51094,7999997.0,10960874.0,7288909.5,7573226.0,11706890.0,14184317.0,18685376.0
臺北市中山區新生北路二段３８號十一樓之４,25.0546600134367,121.527269958298,16199987.0,14766245.0,10496430.0,11801702.0,14344676.0,19409568.0,24110764.0
臺北市南港區富康街３３號,25.053442,121.617348,22000004.0,19687266.0,12111496.0,16359714.0,19375352.0,22367008.0,29480110.0
臺北市中正區信義路二段１號十二樓之７,25.03526999,121.52532,51160030.0,39522780.0,20141070.0,30375036.0,37335430.0,43827070.0,57931016.0
臺北市大安區新生南路一段１４５號十二樓之１,25.035900014935,121.532999994947,20679986.0,20080732.0,10756870.0,14051725.0,17129242.0,20812268.0,29458076.0
臺北市南港區東新街１１８巷７１號九樓,25.046039980392,121.589469966287,36299976.0,29135768.0,17022902.0,21277430.0,30935104.0,34191852.0,46209016.0
臺北市中山區民生東路二段１４７巷５弄９號,25.059317,121.535222,28500004.0,26752040.0,16968150.0,22325026.0,22706284.0,26280736.0,36289036.0
臺北市內湖區成功路二段４７４號九樓,25.07270998,121.58959,27380024.0,28031086.0,19604640.0,19794160.0,30489850.0,38160068.0,45264630.0
臺北市士林區中山北路六段２３６巷９號十一樓,25.1082699955945,121.526179975609,36089970.0,30805214.0,18171870.0,25561958.0,33776172.0,38122820.0,49868840.0
臺北市萬華區長泰街２３０號,25.02175199,121.495323,8880002.0,9793831.0,6160260.5,6722777.5,10358345.0,14455859.0,17777552.0
臺北市萬華區西藏路１２５巷１３號三樓之３,25.0283599901145,121.5024300206,11249991.0,11861888.0,8985610.0,9122553.0,12666474.0,18741056.0,19315356.0
臺北市信義區福德街２６８巷５弄７號三樓,25.0390599924322,121.585629964986,12880011.0,11815396.0,8557105.0,10036110.0,11022994.0,14192625.0,17963656.0
臺北市中正區羅斯福路一段８３巷２號七樓,25.03141,121.51985,28800004.0,20594176.0,11836463.0,17138784.0,22556284.0,27195464.0,32271768.0
臺北市中山區民生東路一段７０巷６號,25.05764929,121.5263346,15829998.0,16140031.0,11461816.0,11860237.0,18528228.0,18832898.0,27293470.0
臺北市南港區重陽路１６６巷１０弄２０號二樓,25.0563299819158,121.60035998635,7504801.5,9023257.0,6147894.5,7261600.5,10023102.0,15242417.0,16516826.0
臺北市信義區忠孝東路五段３４５巷８號二樓,25.0415500044085,121.573590031626,65000056.0,51871810.0,22500380.0,27220736.0,45294170.0,60365130.0,76922130.0
臺北市文山區興隆路三段３０４巷３２之１８號三樓之１,24.995979985686,121.555259982848,12899999.0,19022102.0,14732009.0,16766020.0,22753584.0,26183420.0,33598572.0
臺北市大安區建國南路一段３０８號,25.0355673,121.5374273,28879986.0,22260012.0,13611036.0,17785860.0,23862568.0,25878276.0,34316250.0
臺北市北投區中和街５１７號三樓,25.1452999865382,121.493930016409,11299991.0,13256918.0,7911018.0,11733782.0,15010742.0,17634328.0,20933496.0
臺北市士林區社中街３８４巷２弄９號三樓,25.09254999,121.50269,10879995.0,7213368.0,2829810.0,4830077.0,8311948.0,11250485.0,13341896.0
臺北市大安區忠孝東路三段２４８巷１９弄５０號四樓,25.0401899987088,121.542919977355,27999986.0,27500662.0,12243375.0,19586290.0,30353724.0,31285194.0,45348972.0
臺北市內湖區文湖街２１巷１１６號二樓之６,25.091230005534,121.559710019063,22700004.0,25536180.0,15358010.0,16343808.0,24664696.0,27906682.0,36584960.0
臺北市內湖區康樂街２０巷６弄５號,25.06832901,121.617603,20000004.0,14869063.0,23054.18,15417678.0,23088944.0,23233090.0,35248296.0
臺北市北投區天母西路１１７巷６３號二樓之２,25.12192998,121.52474,11379998.0,11534034.0,8061580.5,8755463.0,12130106.0,15308526.0,19377904.0
臺北市松山區民生東路四段８０巷１５弄１１號十一樓,25.056320007451,121.553150006362,64699980.0,35430492.0,25444338.0,35202270.0,42730320.0,52658430.0,58884052.0
臺北市中正區中華路二段３１５巷４弄５號四樓之１,25.0281999795829,121.507299990164,12199993.0,9859261.0,4636463.0,7186767.0,10385566.0,16837934.0,18288632.0
臺北市中山區新生北路三段６４號三樓,25.0658400054396,121.527389987152,5249999.0,4844387.0,4160230.2,4729591.0,5661211.0,8574538.0,10773543.0
臺北市北投區裕民六路２號十六樓之４,25.11404999,121.51717,39299972.0,41517750.0,23395220.0,35918972.0,47091924.0,56600596.0,67090244.0
臺北市士林區德行東路９０巷３３弄２號二樓,25.10595998,121.52825,17380016.0,13973655.0,10402636.0,11984488.0,14502946.0,17099308.0,21187444.0
臺北市士林區重慶北路四段４９巷４０弄２１號三樓,25.08035,121.51178,2440000.0,7512678.5,4820496.5,5012948.5,8034518.0,12044596.0,13935301.0
臺北市大安區濟南路三段３４號五樓,25.0400799862296,121.53556997028,48999990.0,38872870.0,21992578.0,29493946.0,34492704.0,37676950.0,56780736.0
臺北市大安區大安路二段６６號三樓之９,25.0320999953114,121.545899995391,15999987.0,17172980.0,10916788.0,11319880.0,15314950.0,17398490.0,26656336.0
臺北市內湖區金龍路１０９號三樓,25.0856399885778,121.590909977253,16500011.0,15124030.0,13025798.0,13492396.0,16095547.0,18921218.0,23026056.0
臺北市大同區民權西路１６０巷２６弄１號十七樓之２,25.06161255,121.51549,35540000.0,42674200.0,12432148.0,36384544.0,54031850.0,56989056.0,71114616.0
臺北市文山區木新路三段２４３巷３弄１號,24.98061298,121.558979,17300012.0,23158188.0,16373575.0,19024860.0,24919240.0,28615588.0,36692508.0
臺北市信義區永吉路２１０號,25.04537802,121.572984,52200030.0,42915400.0,24886468.0,35130840.0,50092484.0,59784080.0,69812060.0
臺北市文山區試院路１４４巷４弄１６號,24.99070999,121.54777,7649997.0,12173402.0,9022586.0,10938944.0,12604945.0,14663718.0,18894026.0
臺北市北投區幽雅路７號七樓之１７,25.13731999562,121.513130022918,12479997.0,16686390.0,8292091.0,11545920.0,17504640.0,20554228.0,28736520.0
臺北市萬華區武昌街二段７２號八樓之３,25.04468002,121.50616,7999997.0,8276282.0,4908484.5,6066021.0,8271311.0,12020865.0,13404720.0
臺北市文山區羅斯福路五段２１８巷１８弄３號,25.002318,121.537504,10999996.0,16372888.0,14623442.0,16254833.0,17425158.0,20999920.0,24786984.0
臺北市松山區民權東路三段１６０巷１號九樓之６,25.0615799869697,121.548050037375,12440000.0,16155030.0,13562395.0,14293467.0,14678717.0,20573644.0,23277402.0
臺北市士林區中正路７０７巷１５號,25.08489899,121.506918,16500011.0,21368858.0,14531023.0,22927536.0,24748436.0,31104258.0,31133282.0
臺北市松山區敦化南路一段１００巷３９號三樓,25.04611001,121.54731,34340016.0,26854900.0,17063600.0,21659008.0,27002464.0,31031252.0,38601416.0
臺北市士林區德行東路１３２巷５弄４號,25.10713102,121.529537,2344.0002,394396.53,4216598.0,4337236.5,4488066.0,7271649.0,8440934.0
臺北市中山區北安路８４１巷２４弄７號三樓,25.0858499971618,121.556249969432,25750014.0,17929016.0,11062296.0,14061672.0,17704460.0,21439976.0,26599554.0
臺北市信義區松山路４２１號四樓之１０,25.0404899870234,121.578009976809,21000000.0,18988500.0,8449302.0,12775026.0,16930456.0,18882534.0,26923780.0
臺北市文山區和平東路四段６６巷４３號,25.0054400111574,121.565130009113,38799980.0,33734836.0,20210684.0,21061332.0,30332020.0,34307284.0,52777280.0
臺北市文山區萬壽路５２號五樓,24.9874200089776,121.587650003651,24580022.0,23956190.0,11930253.0,14367567.0,23835456.0,27985892.0,38512580.0
臺北市南港區重陽路２號三樓,25.0555399875415,121.596010030059,17599986.0,12583998.0,10228279.0,10233645.0,13911082.0,16480291.0,20445996.0
臺北市大安區忠孝東路四段１８１巷３５弄２９號五樓,25.0440499908496,121.551819965966,24999980.0,33076036.0,9069309.0,25008232.0,31717674.0,36374480.0,45813050.0
臺北市信義區忠孝東路五段７１巷１２弄８號二樓之１,25.0419299979889,121.566919964537,10249996.0,10409146.0,6597867.0,7306719.5,9310148.0,12251411.0,15612663.0
臺北市內湖區安泰街４５巷１６號三樓,25.0741900154735,121.6183600396,11199999.0,13328161.0,9720284.0,10464406.0,13101270.0,16543467.0,20553288.0
臺北市大安區和平東路二段１７５巷１８號,25.02564002,121.54161,24999980.0,22383952.0,16636941.0,18108312.0,22338954.0,26163052.0,34613704.0
臺北市松山區塔悠路２１８號四樓,25.058069981196,121.568940003202,16380009.0,14075920.0,11943618.0,12067776.0,13573652.0,16627932.0,20351452.0
臺北市士林區天母西路５０巷２０之１號,25.11787249,121.5244591,52499976.0,43361356.0,29073814.0,35240836.0,43885790.0,54813890.0,73339300.0
臺北市松山區南京東路五段２３９號四樓之２,25.05158,121.56482,13800008.0,13557326.0,8894113.0,9959300.0,13033030.0,15815090.0,21422644.0
臺北市大安區復興南路二段２１８號,25.02633819,121.5432281,45153308.0,30790470.0,5368623.5,19486464.0,30378050.0,30942068.0,44123740.0
臺北市萬華區西昌街７７號,25.041514,121.50096,9999996.0,9665671.0,7024505.0,7535382.0,9337944.0,11888004.0,16574293.0
臺北市內湖區康寧路三段７１號,25.07219051,121.6086976,13199996.0,20757322.0,14142202.0,17517834.0,22277088.0,22964956.0,31123664.0
臺北市中山區松江路３８巷２１號,25.04765491,121.5314594,73734980.0,40287384.0,14242006.0,21870474.0,38243276.0,52528424.0,80737110.0
臺北市士林區中山北路七段１４８之４號二樓,25.12343998,121.53244,31979976.0,34368388.0,15790675.0,22899348.0,31856150.0,35096948.0,52082080.0
臺北市信義區莊敬路２８０號二樓,25.0287999981217,121.562719960493,38119984.0,25540564.0,10868505.0,16394856.0,21830548.0,26856950.0,37698516.0
臺北市信義區吳興街８２號三樓,25.0305899954543,121.560600009542,15000010.0,15130609.0,12367982.0,12573921.0,14644712.0,17582136.0,22045034.0
臺北市文山區興隆路三段２２１巷４弄１６號,24.99362899,121.560099,1299999.4,1658417.4,3600537.0,4287839.0,4589242.5,7104285.5,8857064.0
臺北市南港區研究院路二段１２巷７號二樓,25.0478700013123,121.615369963281,26340002.0,35554916.0,19080132.0,23955460.0,33335772.0,37921936.0,53570176.0
臺北市內湖區內湖路一段６２９巷３３弄５號,25.08104302,121.574993,13000010.0,19748380.0,14452744.0,17876908.0,18106170.0,20548858.0,27664436.0
臺北市中山區農安街３３號八樓之１,25.065020003852,121.525059985707,15279996.0,14596969.0,8806226.0,9922006.0,14046633.0,17570638.0,24354898.0
臺北市松山區寧安街５巷１０號,25.049128,121.554852,15999987.0,24926466.0,16259794.0,20382880.0,24835586.0,31210276.0,35184416.0
臺北市南港區福德街３７３巷４１號十一樓,25.0401400006563,121.591810026016,20500002.0,21442716.0,16824354.0,17673016.0,22592020.0,26852698.0,36289660.0
臺北市信義區永吉路３０巷１０２弄１９號,25.04354012,121.5679357,33900024.0,19835508.0,17187070.0,18497684.0,23311924.0,24370744.0,32103428.0
臺北市士林區士商路１４９號十一樓,25.0943000033006,121.517909970841,65000056.0,39058972.0,27178508.0,34080580.0,43680440.0,57537780.0,73520110.0
臺北市大同區民權西路１６０巷２６弄１號十八樓,25.0616125506636,121.515490031576,47149984.0,56747500.0,19640684.0,51825824.0,75022520.0,78270410.0,106785010.0
臺北市萬華區漢中街１６０號五樓之７,25.04117999,121.50658,18999984.0,19301766.0,8625215.0,14356062.0,20852878.0,26819480.0,32849950.0
臺北市萬華區萬大路３２９巷３弄２５號,25.02433399,121.501022,13379994.0,13359390.0,11772856.0,14554462.0,17717196.0,23947008.0,26683652.0
臺北市大安區安和路一段２１巷２６號,25.03932,121.551613,16999994.0,35954544.0,1086213.9,22716810.0,35031140.0,54173428.0,65457148.0
臺北市大安區大安路一段５２巷７號四樓,25.0432299892619,121.545779966538,15999987.0,34265692.0,19982006.0,23565448.0,31432932.0,35280044.0,47485450.0
臺北市士林區格致路２０３號九樓之６,25.1421799907192,121.549330037809,3699998.2,5617433.5,5411.328,5570679.0,11707448.0,12038349.0,13817418.0
臺北市北投區行義路１５８巷１１號,25.13088102,121.528857,10720003.0,13051861.0,6466866.0,11847598.0,13607792.0,16315776.0,21061212.0
臺北市北投區大業路２８０巷９弄９之１號,25.12775201,121.498559,17900006.0,14457954.0,11361910.0,11771082.0,15873506.0,21018634.0,23007616.0
臺北市北投區大業路２８０巷９弄１１號,25.12783801,121.498537,4499998.0,14002924.0,11453468.0,11507664.0,13902037.0,17407320.0,20145912.0
臺北市信義區吳興街２８４巷５９弄１２號十五樓,25.0218200101619,121.563629983721,22000004.0,23937920.0,13523880.0,16601217.0,22203956.0,24838996.0,37570960.0
臺北市中山區合江街１８８巷２２號,25.06134001,121.538221,25600016.0,24555702.0,19772502.0,24392414.0,25452104.0,29062726.0,33596908.0
臺北市南港區興南街６４巷４弄７號,25.05583901,121.60147,21000000.0,12410872.0,9662206.0,10089237.0,14280741.0,17583276.0,21379540.0
臺北市中正區南昌路二段４３號四樓,25.0324700000001,121.51856,21344010.0,24178368.0,13471207.0,19551726.0,23227952.0,23470084.0,33306410.0
臺北市中山區建國北路一段６５號十樓,25.0508500193483,121.537330002309,46200024.0,36791040.0,22601114.0,30974780.0,40803584.0,45727580.0,61526612.0
臺北市中山區長安東路二段１８４號十二樓之２,25.0481999968403,121.541360021355,14579996.0,13506969.0,11192375.0,11806430.0,12835010.0,19960636.0,20344816.0
臺北市松山區健康路３２５巷２３號四樓,25.05624,121.56704,22200016.0,14722514.0,9867896.0,11662784.0,13657013.0,15866120.0,22305020.0
臺北市大安區安居街４號十樓,25.0200899853465,121.554030022376,28580024.0,25718060.0,20241624.0,25023120.0,26067068.0,29881594.0,36992424.0
臺北市中山區南京東路二段１０８號九樓之１９,25.0517999823446,121.53207002279,14499987.0,14395492.0,9533786.0,10633232.0,12254286.0,15794229.0,21896980.0
臺北市文山區景興路２６２號十二樓之１,24.9901100131637,121.542700036216,5880000.5,9432172.0,8997444.0,9093316.0,9242278.0,13035168.0,13779677.0
臺北市信義區忠孝東路五段７１巷３弄３２號三樓,25.0411897911834,121.567282245538,20500002.0,17722334.0,12005444.0,13609712.0,17351034.0,19219184.0,25510476.0
臺北市松山區八德路四段５８３號,25.050149,121.573894,23889982.0,19122614.0,9980522.0,14194196.0,20695808.0,23682648.0,31459622.0
臺北市士林區中山北路六段８號,25.10290432,121.5265823,47500030.0,42588416.0,25718648.0,31811522.0,44831840.0,54251810.0,75295176.0
臺北市萬華區桂林路１０９號十四樓,25.0385499955334,121.500820024638,12299995.0,16960546.0,7748023.0,11087518.0,15612782.0,19272594.0,25957716.0
臺北市中山區長安東路一段７５號,25.04851201,121.527865,56449980.0,31032022.0,7104881.5,13053878.0,25159992.0,29594024.0,51131350.0
臺北市文山區新光路一段６５巷１６號六樓,24.9901300040028,121.574569959927,26880012.0,27770752.0,18872344.0,22352976.0,25242140.0,29515724.0,41840508.0
臺北市信義區松山路１１９巷３２號三樓,25.0473199808259,121.579609998306,21270004.0,18172738.0,506334.8,14906234.0,27851432.0,28471804.0,30039372.0
臺北市士林區通河西街一段９６號,25.085102,121.51235,16999994.0,16958412.0,9686304.0,9943565.0,16946254.0,21920756.0,26305710.0
臺北市文山區興隆路二段２０３巷１０７號,25.003237,121.546147,36999976.0,37478130.0,25870478.0,31585944.0,39783104.0,49234296.0,63629628.0
臺北市內湖區成功路二段４９８巷１號四樓,25.0735099916689,121.589069981868,18679996.0,16020600.0,12366426.0,12937256.0,15593408.0,19327076.0,24945204.0
臺北市內湖區成功路三段１１５號,25.078869,121.589817,13000010.0,14098114.0,10493728.0,11184927.0,12369256.0,15596709.0,21071940.0
臺北市士林區通河街３２５巷３０號,25.0817299983845,121.518069981373,5299998.0,4988412.0,3071592.2,3487172.0,6073801.5,13400758.0,13650190.0
臺北市中山區新生北路三段４３號三樓之８,25.0653999974324,121.528060036492,8400003.0,9440685.0,6222903.5,6447302.5,8671410.0,12931408.0,15078291.0
臺北市中山區建國北路二段１３７號十樓,25.0604900042808,121.537469980092,106000090.0,264215300.0,27079728.0,55969030.0,153132350.0,181645700.0,222726380.0
臺北市大同區承德路三段５９號二樓,25.06533998,121.51855,15500001.0,17242298.0,10680634.0,11529568.0,16565128.0,17941570.0,26150130.0
臺北市內湖區康樂街１５１巷２１號五樓,25.0717600179239,121.620379994447,14499987.0,13798666.0,11595752.0,11876649.0,13940512.0,17650580.0,22635024.0
臺北市中山區新生北路一段５４號,25.046438,121.531052,11889999.0,5948870.0,5290605.0,6169391.0,6287490.5,8715932.0,11892199.0
臺北市中山區樂群二路３０巷６６號,25.078049,121.553455,163499900.0,75534100.0,24543388.0,31142844.0,67503040.0,95817180.0,132453750.0
臺北市大安區仁愛路三段１２３巷３弄８號,25.03856299,121.542411,54525052.0,37611180.0,20336512.0,28790228.0,32304592.0,38483136.0,54799880.0
臺北市萬華區環河南路二段２９號二十四樓,25.0316399964651,121.490829969519,20200010.0,20433366.0,506513.53,12193828.0,24804200.0,25460164.0,30084612.0
臺北市中山區林森北路２６３號十樓之２,25.0546499970624,121.525559966231,5849998.0,6711631.0,5278590.5,5521958.5,6450217.5,10907672.0,11280115.0
臺北市文山區木新路三段２０２號三樓,24.98164002,121.56002,15500001.0,13621243.0,10506124.0,11556583.0,15299652.0,18877240.0,21466492.0
臺北市士林區天母北路８７巷２弄１５號,25.12288646,121.5271632,15600012.0,17746688.0,12627420.0,16853774.0,18671624.0,23466950.0,26044952.0
臺北市信義區林口街２４巷４號四樓,25.0378799881031,121.580829984313,4070266.2,9571100.0,7697815.0,7923038.0,8553091.0,13860496.0,16167298.0
臺北市大安區大安路二段８０號十三樓,25.0263400000001,121.53477,139000030.0,83185500.0,15699021.0,61707720.0,143059120.0,171309500.0,174797940.0
臺北市信義區信義路五段１１１號八樓之７,25.0333199813186,121.57324000335,13000010.0,10899208.0,8707640.0,9248344.0,10492987.0,14439903.0,16354754.0
臺北市士林區福德路８２巷１２號,25.092649983751,121.521330038794,13559989.0,7305381.5,3344914.8,4727945.0,7405953.0,14267863.0,14736814.0
臺北市中山區吉林路４２６號,25.06603472,121.5302822,9500005.0,11680883.0,4788802.5,6242947.0,12935109.0,18166014.0,24621502.0
臺北市北投區天母西路１１７巷２０號四樓,25.1199399936571,121.523800018022,35800030.0,35863660.0,21447870.0,28352150.0,34690044.0,40899736.0,57398900.0
臺北市中正區羅斯福路三段２４４巷９弄３號,25.01727098,121.530295,28999988.0,25530188.0,19678632.0,23022190.0,29393140.0,31316240.0,43486836.0
臺北市內湖區民權東路六段１８０巷４２弄１５號九樓之２,25.0675899791846,121.591999959942,26880012.0,26370212.0,15947339.0,17700240.0,30094712.0,36195440.0,43719370.0
臺北市士林區士東路５４巷３０號四樓,25.1110700122598,121.527889967676,21000000.0,25013624.0,16261035.0,22195444.0,24485596.0,27492796.0,35026664.0
臺北市內湖區康寧路三段９９巷３９弄７８號,25.07449,121.610805,10800002.0,9249138.0,7863412.0,9141417.0,9620866.0,12334554.0,15498168.0
臺北市士林區中山北路六段４２７巷６弄３號,25.11442801,121.526683,17579990.0,17036966.0,16605461.0,17652500.0,18174816.0,25049478.0,27511156.0
臺北市中山區雙城街４９巷１２號,25.06786302,121.525233,2620000.8,5214317.5,4830519.5,4885321.0,5765837.0,8460122.0,10279187.0
臺北市萬華區西寧南路２８７號六樓,25.0388200185442,121.506419974149,17500000.0,18273918.0,13055098.0,16906512.0,21173668.0,22844206.0,31110606.0
臺北市士林區忠誠路二段４０巷１４弄８號三樓,25.1106199878783,121.529670032454,8380000.0,16809246.0,13298958.0,15069148.0,17068484.0,20805640.0,25256684.0
臺北市北投區立農街二段３０２號七樓,25.118529989905,121.516759973726,27879974.0,24800510.0,18986616.0,25422944.0,26254382.0,28702174.0,35530376.0
臺北市士林區天玉街１０４號,25.12386901,121.531722,9880006.0,8970233.0,6162599.0,7102104.0,8694521.0,12232218.0,14901088.0
臺北市北投區三合街一段８２巷７３號三樓,25.1286000083799,121.504330030412,23500006.0,24120146.0,14634129.0,19076458.0,28016012.0,32198848.0,44448096.0
臺北市南港區中坡北路９２號五樓之４,25.0479399902038,121.580539970463,11880002.0,18390178.0,12932222.0,14633934.0,18895468.0,19888356.0,27719684.0
臺北市北投區大興街２５號,25.130152,121.498546,22700004.0,19529290.0,12598359.0,16726509.0,18648596.0,23646538.0,30286928.0
臺北市南港區重陽路１９９巷８號四樓,25.0571200181996,121.599479970336,2249999.5,9495748.0,6839426.0,8102747.5,10316880.0,13822268.0,16998892.0
臺北市內湖區內湖路二段３７４號四樓,25.0825499999721,121.591130002211,8200004.0,10208750.0,6615446.0,6893535.0,9015533.0,12305744.0,15933506.0
臺北市內湖區內湖路一段９１巷３５弄７７號,25.08763002,121.561395,27499980.0,24351368.0,19732754.0,22032844.0,23414596.0,27788448.0,37764004.0
臺北市文山區保儀路３６號二十九樓,24.9879670846008,121.568546121116,39800028.0,30857846.0,68551.945,19191710.0,39850696.0,53921790.0,63641764.0
臺北市中山區雙城街２５巷５號十一樓,25.06627,121.52475,41100010.0,28278700.0,14228159.0,22469244.0,32567090.0,37882896.0,47956384.0
臺北市士林區光華路２６巷５號二樓之３,25.1371399942493,121.541630002457,6000000.0,5954120.0,196448.17,4809173.0,7533578.5,11332172.0,11829308.0
臺北市中正區南昌路二段１９４之２號八樓,25.0242899893896,121.524030017445,21000000.0,17271658.0,12960298.0,13497312.0,14283846.0,17916640.0,26294624.0
臺北市士林區芝玉路一段１９７巷２號三樓,25.10702,121.53329,14680005.0,11643602.0,9735424.0,9848698.0,11642425.0,14161448.0,19129144.0
臺北市內湖區星雲街１３１號,25.08096699,121.595857,41880028.0,30716562.0,19058020.0,23480876.0,30280748.0,31571970.0,48756388.0
臺北市北投區北投路二段７號四樓,25.13047999,121.49925,6000000.0,4763055.0,3691817.5,4293915.5,4750289.5,7545327.0,9426525.0
臺北市北投區中山路２７號三樓,25.1384399855223,121.511090035323,3000001.0,7070787.0,4580711.5,5034945.0,7647239.5,9914098.0,13473520.0
臺北市中正區廈門街１２３巷２１號四樓,25.0230599870081,121.518290006331,8580002.0,7888243.5,6821759.5,7120945.0,7611202.5,10881842.0,12873355.0
臺北市松山區三民路８０巷３號四樓之１,25.05657,121.56408,49500016.0,42937590.0,23258008.0,29636954.0,47493508.0,57698340.0,66644876.0
臺北市北投區承德路七段３４２巷２３號三樓,25.1178800152232,121.505180039213,17249994.0,14895292.0,12211657.0,12284755.0,15381990.0,17558878.0,22401632.0
臺北市萬華區萬大路１８６巷３號,25.02775,121.50006,15999987.0,18905526.0,13795166.0,16962454.0,20116806.0,20911068.0,27655150.0
臺北市文山區興隆路一段８６號,25.00317321,121.5410741,15300002.0,17159228.0,14790853.0,17835628.0,18365676.0,22158686.0,25316392.0
臺北市文山區景明街１１巷６弄１０號,25.00107099,121.541576,11999996.0,14978939.0,13202690.0,13453695.0,15246168.0,18498462.0,22905464.0
臺北市中山區龍江路４１２巷５７號五樓,25.0677100080381,121.538630035491,7000002.5,8593571.0,7241987.0,8082504.0,8108104.5,12114314.0,13807828.0
臺北市中山區龍江路２７０號二樓,25.06062001,121.54051,15000010.0,34225716.0,18577770.0,22162870.0,27178870.0,29917636.0,44292548.0
臺北市北投區中央北路二段４２巷１７弄９號二樓之１,25.1378200180539,121.495400034588,14879986.0,12021484.0,8112180.5,8238742.0,11024740.0,11941978.0,17665062.0
臺北市中正區重慶南路三段１６１號八樓,25.02270098,121.5169278,31250008.0,28844204.0,16957700.0,23096256.0,34593110.0,41998580.0,48905224.0
臺北市大同區民權西路１４４巷５弄７號,25.062373,121.516425,17450004.0,22809854.0,15641455.0,19988028.0,22361846.0,24960530.0,33188270.0
臺北市文山區辛亥路七段６９巷１６號,24.982213,121.554464,14700011.0,14949255.0,13685357.0,15549006.0,15940315.0,19760700.0,22577978.0
臺北市中山區長春路２６號,25.05482501,121.524488,15679988.0,12042644.0,7416943.5,9248943.0,11305855.0,16432957.0,18283924.0
臺北市信義區松智路５０號二樓,25.0293000205556,121.564949965833,112799930.0,91130980.0,32224776.0,44009516.0,75255410.0,104058180.0,136320110.0
臺北市文山區景興路１８８號十二樓之１０,24.99233,121.54392,7050001.0,9388485.0,8780356.0,9247180.0,10298910.0,14569738.0,15390383.0
臺北市大安區忠孝東路三段２７６巷１２號三樓,25.0409499858697,121.542370040688,23500006.0,29895732.0,14703011.0,24427800.0,28528556.0,31202360.0,42391644.0
臺北市大安區信義路四段１８９號,25.03341709,121.5510809,12540007.0,16897968.0,6447573.0,11517172.0,14876155.0,21497058.0,24003346.0
臺北市南港區八德路四段８７１號十三樓之３,25.050840002974,121.580139986044,8880002.0,7729963.0,4489406.0,6542677.5,8379280.5,12024557.0,13046858.0
臺北市北投區大興街９４號三樓,25.13075001,121.50288,7600003.5,11452442.0,5172728.0,8529746.0,13290235.0,16762342.0,18241080.0
臺北市大安區和平東路三段４６４巷２號十三樓,25.0170499947933,121.559949992951,24300004.0,22536200.0,13802694.0,16234043.0,22659256.0,25680072.0,35468490.0
臺北市大安區和平東路一段５９號十七樓之２,25.027109996894,121.524460009078,35800030.0,31781864.0,18948088.0,27634692.0,31298802.0,41017704.0,51922490.0
臺北市大安區信義路四段２６５巷２１弄２３號二樓,25.0339500070708,121.555589978376,47500030.0,56597464.0,19486500.0,30966570.0,47874404.0,65047930.0,82938040.0
臺北市內湖區康寧路三段１８７號四樓之１,25.0699400133779,121.611940004682,16150008.0,16751156.0,12084336.0,14101018.0,18290238.0,19371694.0,27186752.0
臺北市文山區景興路１８８號十八樓之１５,24.9924900126609,121.543860007796,6749997.5,8625503.0,6461342.5,9370416.0,9935015.0,15000754.0,16204221.0
臺北市北投區中央北路四段５８３巷１１弄４１之２號,25.12548898,121.466239,16500011.0,13334365.0,6600598.5,8859979.0,12497148.0,16581660.0,22191464.0
臺北市信義區忠孝東路五段３４５巷８號二樓之１,25.0415500044085,121.573590031626,60999972.0,49906140.0,21799508.0,26543500.0,43496376.0,57210468.0,72829940.0
臺北市中山區龍江路４１２巷１６號四樓,25.0674800086149,121.540199965956,14000013.0,12447808.0,10785406.0,10912312.0,12848726.0,15028074.0,19191674.0
臺北市北投區石牌路一段１６６巷３１弄８之１號四樓,25.1137600164459,121.514359983389,32999976.0,37129136.0,23730804.0,33276628.0,42019492.0,48845560.0,61298084.0
臺北市士林區承德路四段５５號五樓,25.0813599792688,121.523019998112,20450014.0,17991876.0,14655274.0,16728327.0,18523212.0,19283258.0,28172858.0
臺北市北投區西安街一段２９３巷４號四樓,25.1123800199071,121.516420003733,10999996.0,10959578.0,7885378.0,8579937.0,10265393.0,15305460.0,17258552.0
臺北市大安區仁愛路四段３００巷１１號五樓之７,25.0369599904106,121.554560010114,10999996.0,9566373.0,6033619.5,6346275.0,8454686.0,12035571.0,17368584.0
臺北市松山區敦化北路１６５巷１０號二樓,25.0546300062233,121.550429994962,7400001.0,8177825.0,8217469.0,8614011.0,8930065.0,11906270.0,16084898.0
臺北市中山區德惠街３４號七樓之２４、３４號七樓之２５,25.0665699853872,121.526349960606,11999996.0,10245774.0,7742756.5,8174152.5,9996736.0,14405792.0,14803582.0
臺北市中正區南昌路一段５４巷２４號六樓,25.03093998,121.51618,22000004.0,28413324.0,16676114.0,19938034.0,31305728.0,32860854.0,43397100.0
臺北市內湖區文德路１０６號六樓之７,25.0783100142508,121.583069964118,18999984.0,17590320.0,14440344.0,15495272.0,18279112.0,19598734.0,28652780.0
臺北市文山區和平東路四段３７７號三樓,24.9995699967256,121.574029997724,15999987.0,19347620.0,12647306.0,14691714.0,18943606.0,21555566.0,29264254.0
臺北市內湖區成功路五段４０８號五樓之１,25.0759500055928,121.607600022856,29799976.0,21222228.0,13679590.0,17870634.0,22066110.0,22711958.0,31683814.0
臺北市松山區敦化北路４巷３１號,25.0500866,121.5455173,10879995.0,7632362.0,6474549.0,7435960.0,8028980.0,14138750.0,16082628.0
臺北市大同區華亭街１號五樓,25.0521848544961,121.513285503673,38449972.0,34994076.0,20090578.0,26522144.0,39028510.0,45979372.0,63465150.0
臺北市信義區松勤街１３４號,25.0317599834091,121.56868997103,50500004.0,24640482.0,14281340.0,17787014.0,24650776.0,26324232.0,35047110.0
臺北市中山區通北街１４０號三樓,25.0848800014168,121.537659997837,28999988.0,27717674.0,19730572.0,21671200.0,27797142.0,32414950.0,40878136.0
臺北市松山區敦化北路２３８巷１３號四樓,25.0604599970674,121.548569966829,25280012.0,21171852.0,14177312.0,18962946.0,20286382.0,21779892.0,29992024.0
臺北市大安區金山南路二段１８５巷３號,25.02847,121.52668,29999978.0,29064388.0,12013828.0,15092735.0,22833796.0,28041780.0,43101780.0
臺北市士林區美崙街１１２號五樓,25.0970900035915,121.519709984548,20800006.0,25628744.0,18567888.0,23214664.0,24290228.0,25729198.0,37967024.0
臺北市內湖區康樂街７２巷１７弄１１９號二樓,25.071450013235,121.616939977564,11999996.0,12650056.0,10191007.0,10792794.0,13644281.0,16820632.0,19377386.0
臺北市文山區興德路１５號三樓,25.00098,121.55556,15610012.0,13819157.0,8202608.5,9449062.0,14951109.0,16879994.0,21637908.0
臺北市松山區八德路二段３４８號,25.04773199,121.545319,15999987.0,16452213.0,11351339.0,13231429.0,14323815.0,19579342.0,22554004.0
臺北市萬華區環河南路三段３９號,25.02655101,121.490062,9600005.0,10179351.0,4700157.0,7671329.5,14112562.0,19470896.0,20227500.0
臺北市信義區松山路１５４之１號,25.04677,121.577595,22819820.0,19123416.0,12862973.0,15529267.0,18555920.0,21683604.0,26530138.0
臺北市萬華區武成街５６巷１０號,25.01912401,121.495106,10100000.0,7877808.5,5152561.5,5362064.0,8365770.5,11332929.0,14705339.0
臺北市大安區仁愛路四段４８巷９之２號,25.0371000101031,121.547140014147,35000016.0,33510126.0,18447512.0,24511528.0,33879144.0,36148732.0,44256068.0
臺北市文山區萬安街５６巷３號三樓之１,24.9994500097816,121.572610019507,9000001.0,9380090.0,6355923.5,7363184.0,9106403.0,12964106.0,15914826.0
臺北市大同區承德路二段１０９巷１號六樓之１,25.0566600193533,121.518870034031,23599994.0,22407872.0,12942734.0,16371826.0,22900658.0,24947014.0,37397084.0
臺北市萬華區長泰街１７８巷２號,25.0222999998472,121.496929983374,7999997.0,7114727.0,5483937.0,5770331.0,8303866.5,15618322.0,16115545.0
臺北市北投區中和街５０２巷５弄２８號,25.1462999894965,121.493570013667,19279984.0,11929662.0,5355415.0,8944554.0,14028454.0,15991963.0,18971918.0
臺北市中山區德惠街１６號,25.06659999,121.524068,7600003.5,6938669.0,6491390.5,6910174.5,7177383.5,11673644.0,11747196.0
臺北市中正區仁愛路二段９巷１７號,25.03876,121.525896,34649970.0,33268632.0,18770462.0,27050200.0,37264148.0,37313576.0,51609300.0
臺北市中山區復興北路１９０巷２５號十三樓之１,25.0556999980731,121.542740017894,22799980.0,19661448.0,13820581.0,16230978.0,18274616.0,26020076.0,28338148.0
臺北市中山區遼寧街２１１號,25.05521548,121.5424583,8500000.0,25057650.0,13407303.0,20548074.0,23188908.0,29837854.0,34296616.0
臺北市松山區南京東路五段２３０號十樓之６,25.0511399912886,121.565729985743,30799986.0,25977232.0,17177664.0,21242112.0,23689696.0,29136434.0,38407680.0
臺北市中山區遼寧街５８號三樓,25.0504300021801,121.542210030156,22000004.0,20638612.0,14953818.0,15921141.0,23712570.0,24184916.0,33440212.0
臺北市士林區中正路３３５巷６弄７號三樓,25.09404,121.5228,18300008.0,17502670.0,6223918.5,11035996.0,17298924.0,17694502.0,25664452.0
臺北市中正區羅斯福路一段９巷１３號,25.033604,121.518407,34190024.0,27563732.0,15793958.0,23137746.0,26507276.0,30963558.0,41065690.0
臺北市松山區南京東路五段２５０巷３６弄１１號,25.0497200130717,121.566779986753,23800020.0,17677602.0,11603341.0,13366500.0,17883728.0,22662972.0,28968864.0
臺北市大安區溫州街７４巷３弄１號,25.01954202,121.532225,18979990.0,12099074.0,10218607.0,10443610.0,10614711.0,17613150.0,19585990.0
臺北市大安區敦化南路二段５６號,25.03063149,121.5484049,85999960.0,94107040.0,63928030.0,65856760.0,85229700.0,93234990.0,141033140.0
臺北市中山區合江街１３０巷２３號,25.05959,121.538036,19499996.0,19387294.0,13315964.0,16553536.0,19216618.0,24340920.0,27549014.0
臺北市文山區景興路２３巷３號,24.9978199810711,121.544979997699,15999987.0,14088249.0,9588330.0,10026467.0,13666159.0,17185758.0,21491276.0
臺北市信義區松隆路９巷３６號五樓,25.0447039034395,121.567415470114,33979972.0,27177420.0,19690532.0,24234972.0,26139160.0,30197232.0,41589400.0
臺北市北投區民族街５５號三樓,25.1337799826329,121.506419974149,12199993.0,12524948.0,9753825.0,10356212.0,13294469.0,16526311.0,18828192.0
臺北市松山區南京東路五段２５０巷２弄３３號,25.0507789,121.5679145,16999994.0,20232592.0,16648083.0,16904190.0,22467016.0,26633364.0,31831126.0
臺北市內湖區內湖路三段６０巷１２弄７３號十樓之２,25.0889160993769,121.591810716192,22000004.0,26659184.0,20195888.0,21300494.0,26214252.0,33099260.0,42176148.0
臺北市北投區溫泉路６５巷９之３號六樓,25.1353399805424,121.504219976023,6500001.0,23276692.0,14453295.0,18559142.0,24431526.0,29694896.0,37933004.0
臺北市北投區中和街４９３巷７弄１５號三樓,25.1440699841567,121.49535996909,13800008.0,14618618.0,8617338.0,13093551.0,15291337.0,18067774.0,22117600.0
臺北市萬華區大理街３０號,25.03456302,121.501611,14499987.0,17146632.0,99597.7,11181130.0,20739356.0,25690262.0,27066300.0
臺北市內湖區文湖街２１巷９１弄７號,25.08706399,121.560148,24927988.0,20431184.0,14601870.0,15443372.0,21608626.0,25253602.0,35694348.0
臺北市大同區民族西路２２５巷３８號四樓,25.07006,121.51219,19499996.0,20145374.0,15701776.0,18307164.0,20454032.0,21468908.0,29610850.0
臺北市萬華區環河南路三段１５３號,25.023099,121.491624,2760000.8,10682263.0,8477568.0,8608114.0,12947080.0,16071987.0,20759182.0
臺北市北投區崇仰九路１１號,25.1306399959748,121.514180023928,62799980.0,27927342.0,13774106.0,18385794.0,23461760.0,28723476.0,44670176.0
臺北市信義區福德街３４號,25.0366600020959,121.579900012156,18000012.0,15560577.0,8621810.0,8636714.0,14133114.0,17559180.0,23726278.0
臺北市松山區南京東路五段１２３巷６弄４號三樓,25.0528599997297,121.561060008389,28380014.0,30519814.0,16309865.0,21885412.0,23866528.0,27541292.0,40847972.0
臺北市中山區松江路４６巷１３號四樓,25.0479800137915,121.532119978933,5000000.0,5056551.0,3915845.2,5126354.0,5255745.0,8000233.5,10844216.0
臺北市文山區興德路２０巷３０號,25.00104968,121.5561924,14199990.0,18326030.0,14011981.0,15212559.0,20455592.0,23920394.0,32506148.0
臺北市文山區興隆路三段３０４巷１３３號,24.9957199790495,121.555680000016,25680024.0,28614878.0,14738923.0,24323468.0,30678914.0,34234136.0,43060696.0
臺北市內湖區康寧路一段８１號三樓,25.079859995786,121.592949964848,17579990.0,17395006.0,12586878.0,14249913.0,16188281.0,18525896.0,24698734.0
臺北市中山區雙城街１９巷８號九樓之１５,25.06531999,121.52487,8640001.0,9511572.0,7059790.5,7637932.0,9193909.0,13573031.0,14361950.0
臺北市松山區光復北路１１巷９５號六樓,25.0504300021801,121.562300027144,37280000.0,34586052.0,22516522.0,28196996.0,30834900.0,34024656.0,49618740.0
臺北市士林區仁民路７號,25.13395902,121.544658,94999920.0,291017920.0,619.9411,81377170.0,198189920.0,245697710.0,485165200.0
臺北市中山區民族東路４１０巷２３弄１２號二樓,25.06674999,121.53901,17550006.0,14964489.0,10983015.0,11757732.0,15194986.0,17161290.0,22487424.0
臺北市文山區羅斯福路五段１０８號,25.00679901,121.538636,14499987.0,12408127.0,1800062.9,11854086.0,18353070.0,18574688.0,23310724.0
臺北市內湖區內湖路一段２８５巷６９弄５０號四樓,25.0849299994693,121.56916002816,13099996.0,13310174.0,10792280.0,11074393.0,12277048.0,13887408.0,19860038.0
臺北市信義區吳興街６００巷５１弄１６號三樓,25.0205299933537,121.570459977524,15000010.0,13375070.0,11031702.0,12207256.0,14898786.0,17071772.0,20347532.0
臺北市文山區光輝路１３０之１號五樓,24.9851599964244,121.557979994248,13499990.0,18789340.0,15952694.0,19660586.0,19975680.0,23790580.0,28814456.0
臺北市信義區林口街１０巷１７號,25.03724099,121.57998,18799986.0,16998244.0,9543283.0,10210755.0,16910284.0,23564146.0,30064994.0
臺北市士林區中社路一段６１巷８號,25.107386,121.560801,11679992.0,8979134.0,3655898.2,6586387.5,10800805.0,16256849.0,17838078.0
臺北市信義區吳興街２２１號,25.02795192,121.5630516,26320014.0,23661246.0,17355404.0,23826684.0,24039176.0,28009120.0,34817910.0
臺北市信義區莊敬路１７８巷２４號十樓,25.0316700036785,121.560460031759,29999978.0,28724682.0,21164906.0,27985676.0,32457576.0,36731580.0,47514170.0
臺北市松山區三民路８０巷６號六樓,25.0561799877585,121.564509999735,25680024.0,18541946.0,16655960.0,16799022.0,19368406.0,23389822.0,28208722.0
臺北市中山區建國北路二段１５１巷１２號,25.06172499,121.538294,37880010.0,29922430.0,21480990.0,27795128.0,28359290.0,36461308.0,40756916.0
臺北市中正區齊東街６４之１號,25.0418499927231,121.528060036492,24799990.0,17782604.0,12028594.0,13025897.0,16554168.0,20803260.0,27300914.0
臺北市大安區大安路一段１１６巷６號四樓,25.0397199834882,121.545820032035,36559984.0,29079692.0,2751669.5,22366538.0,31203492.0,45130490.0,50824876.0
臺北市大安區光復南路６２６號,25.03178458,121.5572752,31999990.0,32716200.0,20520696.0,29194008.0,29582342.0,36063268.0,42467636.0
臺北市北投區珠海路１２６號,25.14219801,121.506743,11199999.0,8046725.5,1145807.5,5782908.0,10629866.0,10877360.0,15545211.0
臺北市大安區光復南路４１２號十樓之４,25.0366200204178,121.557389992083,22280020.0,20856496.0,15560666.0,17402838.0,20287002.0,26898168.0,31192482.0
臺北市北投區泉源路５０號七樓之３,25.1409900119253,121.509399992185,18580004.0,21629986.0,10522128.0,14907371.0,21283112.0,24331588.0,35260400.0
臺北市中正區廈門街７７號六樓,25.0246699829701,121.5175499681,22999982.0,21703796.0,15616236.0,18853240.0,24681028.0,28503212.0,36324010.0
臺北市信義區忠孝東路五段４７４號二樓,25.0406600139293,121.577170026292,40000028.0,38172950.0,14630278.0,21817560.0,28073248.0,34895230.0,47733896.0
臺北市士林區中山北路七段２２６之２號,25.12721,121.533214,40189990.0,32149630.0,11425649.0,23788856.0,31129244.0,37758748.0,58427708.0
臺北市中山區錦州街５０號五樓之２８,25.0601600087528,121.526100012253,2000000.4,3130018.0,3701463.0,4084587.8,4584326.0,6441869.0,9002628.0
臺北市內湖區成功路二段４８６巷６號,25.07303302,121.589206,28899988.0,30994934.0,21082232.0,23013102.0,30389582.0,34891040.0,46910924.0
臺北市北投區稻香路１７８號,25.1438600174821,121.488689985819,37999988.0,59562136.0,7739641.0,31145874.0,76318136.0,90516870.0,111719064.0
臺北市中山區八德路二段１００號,25.04581631,121.5362087,62080060.0,54770416.0,30515972.0,40362144.0,56439428.0,75043410.0,97528450.0
臺北市內湖區成功路五段８３號八樓之１,25.0738600199455,121.605319977554,9500005.0,9835220.0,7816406.0,7915946.0,9285834.0,12062322.0,13775314.0
臺北市信義區忠孝東路五段３７０號,25.040722,121.573945,31579980.0,32412168.0,19094076.0,24865304.0,27947112.0,35514050.0,42784064.0
臺北市大安區永康街８１號,25.028735,121.529765,26279984.0,23066188.0,18175336.0,23242664.0,28575336.0,30328260.0,38375680.0
臺北市士林區中山北路五段８２９巷１４號六樓,25.10172,121.5251,22999982.0,24411868.0,16203232.0,19387330.0,23261114.0,25366130.0,35698160.0
臺北市北投區文化三路１２４號,25.13954501,121.498558,14799996.0,20163326.0,11677007.0,16458302.0,17877726.0,19713042.0,28129796.0
臺北市士林區德行東路４６巷７弄７號,25.1061800099472,121.526760003309,38699984.0,26002612.0,15682620.0,21747636.0,22462474.0,26406804.0,35917944.0
臺北市信義區虎林街２１２巷１５號二樓,25.0374399800959,121.57672000191,21500010.0,21872060.0,10209723.0,14269387.0,20726622.0,27554216.0,31188438.0
臺北市內湖區文湖街２１巷１１６號,25.09110801,121.559691,23249980.0,22777422.0,16381478.0,17593274.0,23890484.0,25721936.0,35472010.0
臺北市萬華區萬大路６２８號,25.01694979,121.4955557,15879986.0,18767384.0,6073037.0,10808842.0,19542444.0,20453018.0,28900100.0
臺北市萬華區西園路二段２０７號,25.02722198,121.494403,12379996.0,9451820.0,8500333.0,8584225.0,9591275.0,15008738.0,17052474.0
臺北市內湖區民權東路六段１２０巷３弄４號,25.068384,121.587407,20000004.0,14773739.0,12225733.0,12438813.0,14585225.0,17393878.0,22317192.0
臺北市中正區和平西路二段６０巷１９號,25.02819001,121.51195,2100000.0,4848963.0,3896600.5,4217519.0,7197721.0,15326464.0,15450944.0
臺北市內湖區文湖街１１巷２９號,25.08565202,121.5590341,29999978.0,21612912.0,14284936.0,15063401.0,20889104.0,23619492.0,31465804.0
臺北市文山區興隆路四段１２２巷１７號,24.98233198,121.561411,13499990.0,19404088.0,14691546.0,20689218.0,22061986.0,27406774.0,29898468.0
臺北市南港區昆陽街１７２巷１８號三樓,25.048570015956,121.593139982593,19400018.0,15217232.0,8962058.0,10809090.0,14753295.0,17686708.0,22292772.0
臺北市萬華區中華路二段４１６巷９號八樓,25.0267356946612,121.502550143344,18500014.0,18079804.0,11559581.0,16469795.0,20917810.0,28996946.0,29668174.0
臺北市士林區基河路１２８號,25.08867608,121.5231356,6380003.0,6782565.0,5527601.5,6250096.0,6530204.0,9106577.0,11089062.0
臺北市信義區信義路五段１５０巷３３０號,25.02272014,121.5792499,11880002.0,9984673.0,6798923.5,8194148.5,11103899.0,14302548.0,16524231.0
臺北市北投區中央北路四段５８３巷１０弄７號,25.12451702,121.4657998,11270008.0,12151433.0,6648328.0,9109165.0,14254969.0,16925032.0,21938784.0
臺北市北投區西安街二段２７９號十一樓,25.1204400160911,121.506630024643,34560004.0,28063772.0,19450370.0,23998128.0,32166438.0,37572464.0,43850148.0
臺北市北投區石牌路二段３１５巷２８弄１６號七樓之１,25.12366998,121.52313,9999996.0,10497672.0,7465263.0,9205631.0,10490866.0,15194146.0,16218074.0
臺北市大安區敦化南路一段２５２巷１９號三樓,25.03989998,121.54704,26499996.0,27961400.0,476839.28,17985838.0,31125208.0,43356228.0,50438204.0
臺北市士林區延平北路五段２３１巷１６號,25.08422001,121.50922,2317100.2,4240014.5,3896058.0,3937951.8,5580516.0,11963727.0,12767620.0
臺北市文山區羅斯福路五段１９２巷２９號,25.00334902,121.536934,14949997.0,15890136.0,14861975.0,16337793.0,17241574.0,20861430.0,24504376.0
臺北市松山區民生東路五段２２０號,25.05888399,121.565311,32500012.0,26308820.0,14810360.0,24647580.0,26197808.0,32529284.0,37891280.0
臺北市內湖區文德路２２巷５３弄２５號四樓,25.07567001,121.57981,18400002.0,18857592.0,13207198.0,15646021.0,18239722.0,18349430.0,27273902.0
臺北市內湖區成功路五段８３號,25.07384502,121.6053,24999980.0,24505684.0,15299885.0,20761836.0,26630164.0,28024564.0,37826940.0
臺北市內湖區文德路６６巷３２弄６號四樓,25.07672001,121.5812,23200012.0,21174274.0,13729856.0,16961096.0,20443034.0,21793438.0,31558002.0
臺北市文山區政大二街２０６巷１１８號,24.9888399871946,121.58486000336,31999990.0,35130436.0,16384446.0,23786724.0,33014772.0,40944696.0,56132604.0
臺北市中山區林森北路９６號八樓之１,25.04992998,121.52455,6550000.5,6285800.0,3612089.5,4221869.5,5848643.0,9475376.0,11156249.0
臺北市大安區光復南路４２０巷７號六樓,25.0363800046204,121.556569990495,31999990.0,30457824.0,16643829.0,24765340.0,28175438.0,30371734.0,41319544.0
臺北市中正區延平南路２４８巷４號五樓,25.0333199813186,121.507090023489,39000012.0,37937344.0,15614837.0,26406250.0,40342828.0,41048304.0,62372504.0
臺北市士林區士東路１２０巷２２弄５號,25.11110702,121.529411,18400002.0,23695706.0,17051204.0,21300372.0,24695154.0,28297424.0,32449654.0
臺北市北投區光明路２２０號四樓之３,25.13620998,121.50462,7770000.0,6487157.5,4505838.0,4866734.5,6523848.5,10143379.0,12150066.0
臺北市萬華區武昌街二段１２４之２號,25.04536628,121.5037647,4099999.5,3412790.8,3847510.5,4369120.0,4663976.0,7902791.0,9942162.0
臺北市大安區新生南路三段１１巷５之２號三樓,25.0254199956662,121.535539963066,38199976.0,29373020.0,11812106.0,24315584.0,32466120.0,35187372.0,45968764.0
臺北市內湖區成功路四段２１４巷１弄１６號三樓,25.084990013896,121.596440021692,17399984.0,15002499.0,12274122.0,12396678.0,15448498.0,17661964.0,22707366.0
臺北市松山區八德路四段７２巷１４弄６號,25.04671598,121.559983,16999994.0,16896034.0,11908496.0,13858856.0,17655362.0,21905626.0,26464840.0
臺北市松山區民生東路五段２７４號,25.059059,121.567813,21079980.0,16648591.0,13517278.0,15348053.0,17716656.0,22476832.0,25322720.0
臺北市信義區林口街１０巷８號四樓,25.0369799812497,121.579760034373,21800008.0,18315966.0,11933348.0,14056818.0,17630796.0,21152720.0,27441558.0
臺北市萬華區環河南路二段２５號二十三樓,25.0391299813237,121.497649988857,20659998.0,21637992.0,608605.25,13000902.0,23901148.0,24194144.0,31077928.0
臺北市文山區羅斯福路五段１５０巷１４號四樓,25.0059200008427,121.538419984997,13879993.0,11544906.0,5415722.5,8461865.0,12239639.0,13160301.0,18260678.0
臺北市內湖區內湖路三段１３６巷２號五樓,25.086930005386,121.590100033949,14000013.0,13242588.0,11981288.0,12045722.0,13392939.0,15768523.0,20448532.0
臺北市文山區興隆路四段２之５號十三樓,24.98978002,121.55983,45180016.0,50661696.0,20974180.0,40728164.0,77219070.0,92441170.0,107629510.0
臺北市大同區環河北路一段９１號六樓,25.0531200063662,121.507529989587,13680007.0,13371906.0,10299951.0,11155568.0,12748299.0,15139789.0,20493982.0
臺北市士林區雨農路９０號十一樓,25.09976999,121.5328,5000000.0,9261618.0,8355038.5,8847263.0,9531695.0,13857905.0,16125261.0
臺北市文山區興順街１９５號三樓,25.0015899934813,121.545850039248,16999994.0,17613352.0,15131215.0,15434626.0,17906870.0,18947328.0,26697652.0
臺北市大安區建國南路一段１６０號九樓之２,25.04106,121.53697,36999976.0,36575400.0,20306436.0,28463008.0,33388334.0,36149628.0,51033824.0
臺北市中山區新生北路二段４３號七樓之３,25.0552614897224,121.52781186203,5700000.0,7147506.5,6096899.0,6123412.0,7285122.0,9488072.0,12262983.0
臺北市北投區中山路２８之１５號,25.1374,121.510205,5050001.5,4868953.5,3541158.0,4042244.0,5201469.0,8587124.0,9506222.0
臺北市士林區磺溪街３５巷１２號,25.10676301,121.522346,22499994.0,21070052.0,16782144.0,19608866.0,19934384.0,23893354.0,29518258.0
臺北市文山區仙岩路１６巷４４號五樓,24.99707998,121.55007,16300006.0,17794716.0,13375146.0,16171986.0,17391324.0,20040900.0,26267656.0
臺北市內湖區內湖路三段７２巷６３號,25.08837002,121.591062,29200024.0,29297820.0,19222520.0,21946150.0,27245202.0,31564204.0,45172864.0
臺北市中山區中山北路二段３６巷１２號,25.05426502,121.521802,18500014.0,18280228.0,9574642.0,10471255.0,19424862.0,23907988.0,30928792.0
臺北市信義區松山路５１５巷２弄３３號三樓,25.0381500111139,121.578929974501,16999994.0,17360370.0,11105636.0,11686566.0,16226861.0,20638966.0,25275480.0
臺北市萬華區成都路１５５號,25.04358098,121.502913,8349996.5,11083268.0,8136198.5,9550803.0,10331254.0,13394114.0,16409372.0
臺北市中山區伊通街１９巷１９號,25.0489700003755,121.53556997028,21800008.0,17369014.0,10123935.0,11367198.0,16300441.0,18787440.0,25891062.0
臺北市松山區北寧路５８之１號六樓,25.0501399883303,121.552810036369,52180024.0,41065924.0,23882420.0,30754960.0,39505744.0,45850024.0,63628656.0
臺北市南港區經貿二路１５７巷３６弄８８號,25.06174901,121.614719,14649992.0,17580996.0,11565470.0,13009634.0,18014884.0,19453820.0,26910636.0
臺北市中正區臨沂街３２巷２號,25.039623,121.529612,18500014.0,23191916.0,13276959.0,16357499.0,23167688.0,25639548.0,36182810.0
臺北市內湖區內湖路二段３３８之１號,25.0816396,121.5892773,39500020.0,39224490.0,24510828.0,32618066.0,42906972.0,51979068.0,63222184.0
臺北市中山區長安東路一段５６巷３號二樓之１,25.04780999,121.52884,8580002.0,10392363.0,7093954.0,8302346.0,9067510.0,11455719.0,16060250.0
臺北市士林區基河路４０號二樓之６,25.0854200055289,121.524790004606,7099998.0,6578917.0,5387416.0,5714499.5,6446368.0,7955785.0,11448772.0
臺北市文山區指南路三段５７號,24.983449,121.580086,11190006.0,12181926.0,8377786.5,9054548.0,13621451.0,16517046.0,19582928.0
臺北市大安區羅斯福路二段８５號十四樓之２,25.0257699820333,121.523600025812,31099986.0,21309678.0,10928330.0,15244597.0,21859672.0,27212950.0,35724996.0
臺北市松山區延壽街３３０巷８弄８號八樓之１,25.0559299974963,121.559269969146,50999960.0,38544692.0,26620820.0,35823390.0,46163116.0,62938600.0,64995716.0
臺北市信義區林口街１０巷２７號二樓,25.0373399839911,121.580269989362,16500011.0,14927003.0,10316624.0,10365065.0,15031973.0,21146828.0,25070700.0
臺北市中正區中華路二段３１１巷４１號,25.02908498,121.506685,5600001.5,3273087.5,2607903.0,3367329.0,4487749.5,9103034.0,11637052.0
臺北市中山區新生北路三段４３號三樓之１,25.0654,121.52806,7800001.5,8788498.0,5493888.0,5535578.0,8093827.5,12102744.0,14528002.0
臺北市文山區羅斯福路五段１７０巷３弄１號四樓,25.0044599990381,121.538150003896,16579984.0,16677799.0,13691440.0,15663996.0,16904060.0,19067254.0,23815416.0
臺北市萬華區中華路二段３６４巷１７弄１號二樓,25.02850998,121.50442,6000000.0,7209881.0,6525628.0,7573045.5,7636133.0,12204252.0,13093626.0
臺北市大同區民權西路２６８號七樓之６,25.0627400004597,121.512010033015,23540022.0,22595340.0,11696668.0,16473848.0,23808466.0,24300700.0,36058800.0
臺北市大安區和平東路三段４１２號十三樓,25.0180899794298,121.558579970877,20050000.0,14131794.0,8968402.0,10846718.0,14137644.0,15865122.0,22640680.0
臺北市大安區青田街５巷１２之２號,25.0285399914852,121.532539996101,24170022.0,17814142.0,13399966.0,14580941.0,17563066.0,23725012.0,27417284.0
臺北市大同區延平北路一段９２號,25.05241702,121.51175,26100002.0,32315686.0,20628654.0,27459360.0,31903274.0,35394356.0,47833970.0
臺北市士林區天玉街３８巷１２號,25.120552,121.529355,7200000.5,7531258.0,6482581.0,6921096.0,7422328.5,11455042.0,13277491.0
臺北市中正區詔安街２０巷６號三樓,25.0248600007151,121.51609998267,17800012.0,21073026.0,15984217.0,17839508.0,20203170.0,25450940.0,29878916.0
臺北市信義區忠孝東路五段２５０號,25.0407862,121.5727826,33879984.0,28998328.0,16444621.0,22207344.0,25944302.0,32729120.0,38551604.0
臺北市士林區重慶北路四段２２０巷２５號,25.08590301,121.511806,13299998.0,14713503.0,12822678.0,13802956.0,15793446.0,18985746.0,22632606.0
臺北市北投區中和街４９號十樓之１,25.1451199851675,121.495089987989,9859994.0,13730092.0,7227525.5,10159276.0,12356994.0,17011314.0,19905128.0
臺北市中山區明水路６１１號,25.082392,121.550891,99000080.0,110121784.0,56035580.0,56985360.0,103443140.0,151359570.0,195749090.0
臺北市士林區文林路６８１巷１６號,25.10088298,121.52149,376699.88,14338165.0,11511418.0,12238448.0,18650376.0,26304456.0,26660302.0
臺北市文山區福興路８２巷７弄５號三樓,25.0069554757898,121.549432081982,8599999.0,10481826.0,8304975.0,10121406.0,10849388.0,14378258.0,16796106.0
臺北市松山區光復北路１９０巷３０號四樓,25.0543899904258,121.553949975201,38679984.0,33801110.0,22917350.0,30235904.0,35015576.0,40496630.0,51890710.0
臺北市大安區光復南路６２６號五樓之６,25.0317800161577,121.557280021513,36999976.0,31744848.0,19281640.0,23857606.0,27945300.0,30890530.0,44486604.0
臺北市北投區中山北路七段２１９巷３弄１６３號,25.12884241,121.5304101,19199984.0,17090928.0,9532149.0,16642178.0,17427020.0,20430482.0,24909546.0
臺北市信義區松山路２０７巷４弄７號,25.04493202,121.578288,2000000.4,3379882.8,4482898.5,4945190.0,5487808.5,10149224.0,10996137.0
臺北市士林區雨聲街４巷１１號,25.10106051,121.5301397,16500011.0,14803864.0,11923815.0,12001942.0,15105724.0,18710912.0,22753452.0
臺北市內湖區江南街１２６號,25.076294,121.575608,9050007.0,8506423.0,6272512.0,7198565.5,7277789.0,11853317.0,13696142.0
臺北市士林區雨聲街５３巷４號,25.10257101,121.528402,25800012.0,22634160.0,16832186.0,21861256.0,22154672.0,26553476.0,33650844.0
臺北市南港區研究院路三段８６巷２７弄４號二樓,25.03518998,121.61334,10999996.0,8297881.5,4450028.0,5806018.0,9219495.0,11775754.0,14854522.0
臺北市大安區瑞安街２０８巷３９號五樓之１,25.02973999,121.54067,16969994.0,17915820.0,11731388.0,12348678.0,16169519.0,21364824.0,27337702.0
臺北市中正區詔安街２７２巷５號,25.02754799,121.508495,15700009.0,11279513.0,7712342.5,8424681.0,12587983.0,19855114.0,22072844.0
臺北市中正區金門街１２巷１號二樓,25.0224699848436,121.522650020906,25299980.0,29120822.0,16151672.0,20133428.0,23266438.0,26892062.0,40557310.0
臺北市萬華區廣州街２３９巷１弄２號,25.03689599,121.498471,10199991.0,11194809.0,6544138.0,7233676.5,11371124.0,13699538.0,18507108.0
臺北市南港區八德路四段８７１號,25.050846,121.580138,7450000.0,8447175.0,6695680.5,7200584.0,9292938.0,12531352.0,13251457.0
臺北市北投區建民路１５３之１號,25.1105300081477,121.51937998902,40200036.0,19188526.0,12566009.0,16003405.0,22656836.0,26814568.0,29344126.0
臺北市內湖區新明路４９８巷１４弄９號,25.05397002,121.577247,20879980.0,20599794.0,11556627.0,15819645.0,24566290.0,27527532.0,33552528.0
臺北市北投區公路１６７巷１號四樓,25.13289,121.50253,33500028.0,36184536.0,16248913.0,27124080.0,44806280.0,63811084.0,67458510.0
臺北市信義區仁愛路四段４９６巷６號三樓之１,25.0370599865155,121.560260039549,17880010.0,13658628.0,11130914.0,11739558.0,12567711.0,18240140.0,22265746.0
臺北市松山區八德路二段４１０巷１２號,25.04729601,121.546653,32500012.0,27365352.0,16919738.0,23634408.0,26418340.0,34302830.0,39902948.0
臺北市中山區林森北路３０６號十三樓之２,25.0560900080279,121.525359974022,8500000.0,8686598.0,6831388.0,7041971.0,9393984.0,13415207.0,14201453.0
臺北市內湖區江南街７１巷１８之３號四樓,25.0767934765093,121.577905705933,14379986.0,12124948.0,9963252.0,10615541.0,11540305.0,14032254.0,19882818.0
臺北市文山區景豐街３１巷４號二樓,25.000140008051,121.545799999286,15000010.0,14847525.0,12126867.0,12571954.0,14883478.0,18335436.0,22310042.0
臺北市大安區信義路三段１３４巷２９號,25.030656,121.539642,26999992.0,26936468.0,17979252.0,19953936.0,24653032.0,34585788.0,41237188.0
臺北市大同區長安西路１１７號六樓之１,25.0512600201421,121.51580996882,9990007.0,9847252.0,6997880.0,7558406.0,9372060.0,11917812.0,15110882.0
臺北市文山區公館街２５號五樓,25.0052800006258,121.537680030585,12800001.0,12441186.0,9872490.0,10384061.0,12176746.0,14022568.0,18723370.0
臺北市內湖區內湖路二段１７９巷４６弄７號三樓,25.0833200035073,121.586109996581,9999996.0,15057253.0,11981700.0,12026920.0,14744434.0,17665972.0,23223476.0
臺北市內湖區康寧路三段１８９巷８３弄４號,25.07263098,121.61233,34500010.0,25505902.0,14891769.0,19955726.0,23247364.0,26530644.0,37402220.0
臺北市萬華區西園路二段３７２巷３弄５１號,25.0261799828271,121.491869996065,10499994.0,10522991.0,3675797.5,5704154.5,10942784.0,16383759.0,16513235.0
臺北市萬華區國興路１巷３號五樓,25.024319996603,121.509169992762,14300011.0,13906360.0,11445388.0,11721972.0,14380837.0,17146534.0,22798198.0
臺北市中山區德惠街１８１號,25.06666499,121.532232,9999996.0,9628429.0,7112312.0,8191289.0,9614610.0,14490780.0,16066347.0
臺北市大同區延平北路四段１７９巷１４號四樓,25.0735500152565,121.511980025802,9090004.0,9769092.0,6499394.0,7031388.5,9884436.0,12623519.0,15862096.0
臺北市內湖區文德路２１０巷３０弄８３號十二樓,25.076410004439,121.584060034521,34000004.0,24315398.0,12095774.0,16744160.0,25327840.0,26227756.0,40733450.0
臺北市文山區福興路１０６巷２８弄５號,25.00636701,121.5501,16049992.0,17710134.0,15454922.0,15572008.0,20697624.0,24420672.0,28553598.0
臺北市內湖區東湖路１１３巷４９弄１２４號五樓,25.0709199835877,121.61499001161,15279996.0,19792688.0,15430152.0,18626024.0,19344076.0,22026582.0,28804730.0
臺北市中山區民權東路三段７４號五樓之２,25.06213998,121.54324,35800030.0,31641600.0,19273808.0,23708500.0,27406200.0,29549352.0,45972796.0
臺北市北投區致遠一路二段２３號三樓,25.1112700044696,121.514139958431,17959990.0,17989098.0,13244129.0,15935907.0,18136794.0,21788408.0,25874426.0
臺北市大安區光復南路６００之１號,25.032755,121.55728,23919984.0,14143524.0,9844060.0,9911621.0,12508976.0,17195530.0,22101112.0
臺北市北投區復興四路１２巷１１號,25.14116,121.500671,12599994.0,14954845.0,10261517.0,13553758.0,15491430.0,18768100.0,22350248.0
臺北市大安區臥龍街２９１號,25.01709501,121.558515,36699996.0,36409050.0,16014001.0,22569280.0,37177110.0,39495270.0,54381100.0
臺北市松山區光復北路１８１號九樓,25.0584099930983,121.555370037237,37999988.0,28191994.0,19075512.0,28626070.0,32872262.0,34699636.0,44386256.0
臺北市中山區林森北路１５９巷４６號二樓,25.051380007086,121.526650032739,14300011.0,14215654.0,8720206.0,9158729.0,14748568.0,18938368.0,24788592.0
臺北市大安區浦城街６巷２４號五樓,25.02411261,121.525718,14759994.0,13865361.0,9072319.0,11255507.0,12164303.0,17399454.0,21405898.0
臺北市松山區南京東路三段３３５巷２３號,25.05327684,121.5475401,20059984.0,18457472.0,14709603.0,16114408.0,16537315.0,20939684.0,28646388.0
臺北市大同區南京西路３４４巷３５號九樓之４,25.052870016104,121.512259981368,4400000.0,5788525.0,4993524.0,5416683.0,5629720.5,8886838.0,10186071.0
臺北市中山區德惠街２５號九樓之１,25.0667299959188,121.526430007781,4649999.5,5366801.0,3295457.0,4198429.0,5105886.0,8735421.0,9796577.0
臺北市中山區吉林路９８巷４５號,25.0526673051661,121.529423231771,28999988.0,26775828.0,14260870.0,19261790.0,21114064.0,22205818.0,34225388.0
臺北市北投區致遠二路１０３之１號,25.116597,121.511891,40880004.0,39971504.0,29559612.0,40928844.0,45141424.0,56005340.0,65318588.0
臺北市松山區南京東路三段３３５巷２１號二樓之１５,25.0534500018942,121.547609987458,9000001.0,6927957.5,6293075.5,6740419.0,7480821.0,9928461.0,13755676.0
臺北市中正區杭州南路一段１０１巷２６號三樓,25.0373600167396,121.526869973879,36499996.0,28589184.0,15184585.0,22182832.0,25272586.0,30830078.0,42470876.0
臺北市士林區天母北路２８巷３９號二樓之７、二樓之８,25.1192499953877,121.525349999557,21000000.0,20840114.0,17242922.0,19747326.0,26580890.0,29973154.0,37281850.0
臺北市中山區長春路２２０號八樓之１０,25.054619989849,121.537680030585,9799997.0,9677458.0,8368020.5,9093368.0,9624463.0,13336400.0,14616555.0
臺北市信義區崇德街３８巷２７號二樓之２,25.0235699839068,121.554379966834,11199999.0,10092278.0,6716754.0,6774536.0,9028163.0,12196526.0,15264644.0
臺北市信義區吳興街２８４巷２２弄７３號三樓,25.023540018603,121.561650010553,9190000.0,9412565.0,7947337.5,9043295.0,9178753.0,12484568.0,15295858.0
臺北市中山區中山北路一段５３巷２６號,25.04880098,121.523648,15099991.0,14087953.0,10238311.0,11994184.0,13780833.0,18171178.0,21536866.0
臺北市大安區泰順街１６巷２６號,25.02530801,121.529859,10499994.0,11978180.0,9838410.0,10060201.0,12375817.0,15170256.0,17893896.0
臺北市大安區師大路５９巷９號,25.02402399,121.529128,13700009.0,12516040.0,9795979.0,10623279.0,11786382.0,15836551.0,18458846.0
臺北市文山區萬壽路５６號五樓,24.9873599945509,121.587650003651,29200024.0,30008848.0,16439446.0,21008012.0,29872590.0,34939656.0,46701840.0
臺北市南港區重陽路１號九樓,25.0555399875415,121.596010030059,41080024.0,31044750.0,15677596.0,19854622.0,34288964.0,40323210.0,52973944.0
臺北市大安區敦化南路二段１５４巷３號,25.02521099,121.548079,38330030.0,36023944.0,17246540.0,33015024.0,33709560.0,39029480.0,51450080.0
臺北市大安區樂業街１４８號,25.01994699,121.552952,33549968.0,26099206.0,18304266.0,23346276.0,25226016.0,29018248.0,40728784.0
臺北市中山區新生北路二段７３號七樓之８,25.0567100174058,121.527859960463,4749999.5,5994652.5,5720819.0,5854234.0,7059898.0,8698328.0,11190753.0
臺北市北投區明德路３３３巷３號二樓,25.1165299839883,121.518429984114,2450001.0,1184198.0,4391264.0,4578318.5,5564641.5,8588041.0,9008038.0
臺北市大同區迪化街二段３０５號,25.073763,121.512631,11999996.0,10622043.0,8040144.0,8134492.0,10780923.0,13117898.0,17892668.0
臺北市北投區長壽路２９巷８弄４號,25.1426300151007,121.503359992757,18000012.0,23963228.0,11712764.0,16304421.0,21075396.0,26228304.0,38438824.0
臺北市信義區莊敬路３９１巷２弄７號七樓,25.02749333,121.5657283,24000004.0,17799910.0,15306686.0,17150950.0,18317748.0,20294780.0,25861992.0
臺北市中山區松江路１７０巷２５號四樓,25.05611,121.53103,50500004.0,44704696.0,20988428.0,30113202.0,44131820.0,48818640.0,67240130.0
臺北市南港區研究院路二段１２巷５７弄３２之４號二樓,25.0480099790953,121.613310026756,16300006.0,17372824.0,12108793.0,13250092.0,15401571.0,20011870.0,25856862.0
臺北市中山區林森北路４０９號十一樓之２９,25.059579981053,121.525679995085,4579999.5,5974665.0,4738218.5,5222723.0,5854312.5,9548563.0,10576737.0
臺北市北投區榮華一路１之６號二樓,25.1133899973302,121.524710041249,10149998.0,10133304.0,8125614.0,9275531.0,9519594.0,12386090.0,16104176.0
臺北市萬華區中華路二段５０４巷３１號三樓,25.02500999,121.50852,9250002.0,7299538.5,813295.9,4967145.0,7536869.5,12914426.0,14318789.0
臺北市中山區農安街３３號五樓之１,25.065020003852,121.525059985707,14949997.0,14365841.0,9571356.0,9814738.0,14349081.0,18554646.0,25082180.0
臺北市中正區羅斯福路三段８４巷１９號,25.02125499,121.52596,18000012.0,14457072.0,10510975.0,11968498.0,12871170.0,18153580.0,23775520.0
臺北市大安區敦化南路二段４６號十四樓,25.0313799898286,121.548420014581,25999984.0,17900518.0,11350018.0,11733402.0,14816943.0,22288266.0,24384180.0
臺北市中山區伊通街１９巷３６號三樓,25.0487899990048,121.535789995238,19499996.0,14854578.0,10395178.0,10596384.0,15553278.0,19700788.0,23186520.0
臺北市北投區明德路２６７巷２號六樓,25.1145099872325,121.522130007633,25200000.0,23852600.0,17672038.0,22786548.0,24582648.0,27210614.0,34687132.0
臺北市士林區承德路四段２０號二樓,25.0876899925469,121.521979971566,11299991.0,12344580.0,7596134.0,8554429.0,13760451.0,16895970.0,21391000.0
臺北市內湖區文湖街２１巷７６之１號二樓,25.0886099902394,121.560010007378,26279984.0,28996614.0,16385821.0,18784072.0,26163152.0,28486200.0,40048196.0
臺北市松山區八德路四段６４０號九樓之１,25.0498299836413,121.574759977672,12750002.0,13768485.0,8797916.0,9924939.0,13122628.0,16924708.0,21170398.0
臺北市北投區新民路６２巷１５弄１號五樓,25.1394119792603,121.511163429971,14940789.0,14315867.0,6835429.0,10235851.0,15389972.0,18063156.0,24466734.0
臺北市大安區永康街１２巷３號,25.031755,121.529096,5079998.0,8385964.0,8550612.0,9034072.0,9044778.0,19600304.0,19713944.0
臺北市萬華區萬大路２７７巷４４弄１號十二樓,25.02494001,121.50226,18000012.0,22528852.0,12585174.0,21890590.0,25653588.0,31161560.0,35700410.0
臺北市中正區詔安街２０４號七樓,25.0259900069917,121.509950012672,7150002.0,21919292.0,16854770.0,21779560.0,25563812.0,32662580.0,35872484.0
臺北市文山區下崙路１１巷１３號四樓,24.9857100169108,121.559810015168,27499980.0,45320956.0,29479492.0,38221764.0,53031370.0,68130650.0,81409620.0
臺北市北投區紗帽路１０２之１號,25.14762198,121.548709,40000028.0,24844352.0,393.58014,23042662.0,29086184.0,43247784.0,108585650.0
臺北市文山區興德路６４巷２１號,25.00332852,121.558491,11500007.0,11474110.0,9013487.0,9213553.0,13191866.0,16353568.0,19716050.0
臺北市中正區廈門街１３８號六樓之１,25.0225400156447,121.517360034174,6690000.0,8355612.5,6737488.5,7775923.0,8837768.0,10543986.0,12908466.0
臺北市大安區金華街８０號,25.03035702,121.524772,103899910.0,104738776.0,42699690.0,54571976.0,107090760.0,147633250.0,185195820.0
臺北市萬華區康定路１０５號十二樓之８,25.039469993226,121.502059959575,15999987.0,20503912.0,11892925.0,15520088.0,21610068.0,23774068.0,35165770.0
臺北市北投區石牌路二段３１１號五樓,25.1216299948849,121.523089987004,42700012.0,38880290.0,21107902.0,28204042.0,44977784.0,52622084.0,65205690.0
臺北市士林區天玉街３８巷２５號三樓,25.1195100020242,121.529429974747,18200002.0,20187608.0,14244261.0,17837772.0,20950910.0,24084336.0,30507592.0
臺北市北投區自強街６１巷１０號四樓,25.1110499795112,121.513679959585,19049988.0,20213962.0,16177539.0,19028744.0,20950032.0,22766432.0,29005410.0
臺北市萬華區環河南路二段２３號二十二樓,25.0335099990636,121.492490005443,21000000.0,21198764.0,755804.0,12221280.0,24137864.0,24575896.0,31157520.0
臺北市萬華區國興路２１號十二樓之３,25.0269299955233,121.505290009782,15999987.0,16833630.0,13635098.0,18246508.0,18527240.0,25772322.0,27054378.0
臺北市松山區三民路１３６巷３６號五樓,25.0604400062284,121.563840034215,19279984.0,16250121.0,13677920.0,13762814.0,18002828.0,23854968.0,26573286.0
臺北市萬華區康定路１０５號四樓之１５,25.039469993226,121.502059959575,11880002.0,15337810.0,11615454.0,11702670.0,15544114.0,17831716.0,24624600.0
臺北市萬華區長泰街２９７巷２號六樓,25.0209399941475,121.492940029825,12880011.0,10392878.0,5016928.0,6682596.5,10211690.0,14132710.0,16788036.0
臺北市士林區中山北路六段７２８巷１５號四樓,25.1141471985979,121.528376402778,21300006.0,22803808.0,16347705.0,20275976.0,22455920.0,24243526.0,31294028.0
臺北市松山區南京東路五段２５１巷２１號四樓,25.05269999,121.56518,20000004.0,16235003.0,10817917.0,11219134.0,14631198.0,15462176.0,23900236.0
臺北市南港區研究院路二段１８２巷５８弄１３號四樓,25.0363800046204,121.614509980015,12750002.0,12203088.0,7166816.0,9727035.0,12429256.0,15220512.0,20003360.0
臺北市北投區溫泉路１３９號,25.13995799,121.512059,4700000.5,5677442.0,3621513.0,4099014.2,6405596.5,10291664.0,11902342.0
臺北市士林區承德路四段３３巷１４號五樓,25.0805199868421,121.523310011962,21000000.0,19309942.0,14276710.0,17641998.0,18568666.0,19205404.0,27086960.0
臺北市大安區忠孝東路三段２４８巷１１之１號三樓,25.0409100041915,121.541430010247,27879974.0,25285364.0,16366893.0,19609502.0,23976852.0,28535794.0,37093036.0
臺北市內湖區成功路五段４５０巷５號十樓,25.0744200148966,121.607219987366,38799980.0,28536612.0,10670534.0,16158266.0,25724832.0,26327846.0,41319936.0
臺北市信義區松信路８３號八樓,25.0460300059272,121.572259991231,21850002.0,19258962.0,16345398.0,20572152.0,21694110.0,24539784.0,28724682.0
臺北市北投區稻香路１６１巷１６弄２之２號,25.14190094,121.4880264,20300006.0,19048788.0,6693509.5,12453508.0,20631408.0,23998312.0,31658382.0
臺北市大安區和平東路一段１１９巷１８號二樓,25.0269400118976,121.527220002155,50500004.0,45616860.0,23728496.0,31444384.0,42708564.0,45306004.0,62937760.0
臺北市萬華區青年路８號,25.02613602,121.506205,20399992.0,21038206.0,18086462.0,25461040.0,25740536.0,31556738.0,32471076.0
臺北市松山區八德路二段４１０巷８８弄３號三樓,25.0462100072979,121.546520004769,31999990.0,31881436.0,17222904.0,24654820.0,26702134.0,31243214.0,42986020.0
臺北市內湖區文湖街２１巷９４弄８號,25.09032698,121.560749,22880008.0,18492782.0,15545300.0,16277420.0,19224902.0,21806578.0,28476258.0
臺北市南港區玉成街４４巷１５號,25.0482999929452,121.580680032065,24999980.0,18522434.0,11507796.0,12621064.0,18595992.0,21121796.0,26704170.0
臺北市士林區葫蘆街１３５巷１１號五樓,25.084799996151,121.50795998122,10600002.0,14289350.0,11477502.0,12920265.0,13980826.0,17500400.0,21295052.0
臺北市大安區師大路８０巷１８號三樓之１,25.0233100191799,121.527340031009,54499990.0,41628210.0,24347930.0,31939378.0,42264330.0,46703800.0,62870212.0
臺北市文山區萬美街二段２巷１號十二樓之３,25.0025099911739,121.562549975497,7000002.5,9908465.0,7712644.0,8926897.0,9100760.0,13933016.0,14931730.0
臺北市信義區忠孝東路五段４６９號二十一樓之９,25.0409700186183,121.5771000374,57300016.0,38845670.0,1354201.0,25349104.0,47372456.0,51609104.0,59492424.0
臺北市松山區撫遠街２６１巷１０號,25.06123901,121.567313,25280012.0,19374356.0,16336297.0,19224022.0,20491246.0,25023214.0,30553014.0
臺北市中正區廈門街７１巷６號二樓,25.0247400137711,121.518180035762,14799996.0,13436154.0,8551851.0,9673657.0,13086136.0,17463322.0,20556972.0
臺北市內湖區東湖路１１３巷５０號,25.0706964,121.6159801,18999984.0,17458094.0,13795034.0,15987602.0,19028162.0,22094284.0,28184252.0
臺北市中山區長安東路二段１８９號十樓之１１,25.0483699818367,121.542810006786,10179992.0,9044589.0,6346704.5,7488444.0,7824431.0,12391595.0,13584996.0
臺北市士林區中山北路五段８１１巷２５號七樓,25.1006800146311,121.524179969693,26799996.0,28311082.0,19374576.0,24956912.0,26167044.0,29489840.0,41662840.0
臺北市大安區安和路二段２０３號九樓,25.0264199986246,121.550130006648,22499994.0,19117216.0,17422632.0,18334106.0,19334744.0,23977996.0,30659024.0
臺北市中山區興安街１００號五樓之４,25.0557699869647,121.54281998125,23380010.0,18829270.0,12720222.0,13482568.0,16690624.0,21484720.0,27006946.0
臺北市南港區東新街１１８巷４１號,25.046288,121.588898,28960024.0,22658910.0,15205713.0,20127092.0,25050292.0,26228204.0,36144596.0
臺北市士林區承德路四段１０巷２０號,25.07967002,121.520946,14839994.0,15055473.0,11573215.0,12288458.0,16979902.0,18591560.0,23614852.0
臺北市中山區中山北路二段６２巷３５號,25.05675398,121.520934,15750007.0,16414443.0,10034675.0,10426990.0,16595012.0,18281902.0,27021632.0
臺北市信義區忠孝東路五段４９號二樓,25.04127998,121.56642,8500000.0,4896819.0,4895540.0,5202203.0,5843212.5,7940155.5,10881012.0
臺北市北投區致遠一路二段３５巷４號,25.11150901,121.513674,21200016.0,19246292.0,16304142.0,18564310.0,19234366.0,23104142.0,28143480.0
臺北市信義區吳興街６００巷６０號五樓之２,25.0197599898184,121.570280018062,16679995.0,15054037.0,10514123.0,11247867.0,15838938.0,19295288.0,25254612.0
臺北市南港區經貿二路１８５巷５２號,25.06159,121.6165205,50999960.0,37396796.0,19146300.0,25638276.0,36962732.0,44519110.0,55130856.0
臺北市中山區吉林路２號六樓之１,25.0573100637638,121.530263268496,73689980.0,67280290.0,34632330.0,43942830.0,63448570.0,81095170.0,110295416.0
臺北市中山區龍江路３３１巷３號六樓,25.0629800162571,121.541230018037,36600036.0,29084242.0,19064346.0,25094956.0,25739506.0,27968494.0,40166850.0
臺北市文山區仙岩路１６巷２８之１號九樓,24.9976900196623,121.548880013427,12989996.0,15740307.0,14899952.0,15250065.0,15405685.0,19389808.0,24154584.0
臺北市中山區南京東路三段１９４巷３號三樓之５,25.0517542685367,121.542715071957,35599976.0,43196096.0,16140831.0,25973516.0,44282664.0,51077548.0,67169760.0
臺北市內湖區成功路二段１１５巷７號七樓,25.06567999,121.59202,57632016.0,51049692.0,17766264.0,29969152.0,54092068.0,76106050.0,95445630.0
臺北市文山區木新路三段３３９巷１５號三樓,24.9799099913705,121.556200013289,5000000.0,12142096.0,9228538.0,10363305.0,12561264.0,16440669.0,18656958.0
臺北市文山區景豐街７２號三樓,25.00106001,121.54557,25380020.0,23505206.0,15141752.0,19004006.0,26140008.0,30243346.0,36438710.0
臺北市中正區博愛路７７號十六樓,25.0436199992167,121.511609964777,102999960.0,202050690.0,2403083.2,67339470.0,178135740.0,225473060.0,236682110.0
臺北市信義區基隆路一段３７８之２號,25.0348426,121.5604238,3000001.0,5466210.0,5889142.5,6574313.5,6602745.5,10964512.0,12772394.0
臺北市士林區雨農路１７之３號二樓,25.0976899802208,121.532100030003,31000018.0,31834768.0,19926364.0,22949720.0,25922292.0,31896520.0,43807096.0
臺北市南港區經園街６８號七樓之２,25.06211999,121.61659,24000004.0,22355832.0,9842126.0,13850083.0,22314382.0,27539558.0,32607492.0
臺北市信義區基隆路二段１７７號六樓,25.0250700092991,121.553779990205,39299972.0,33340668.0,20299388.0,25386992.0,35681620.0,41193010.0,55407150.0
臺北市大安區師大路８０巷３號,25.02341601,121.527926,27999986.0,20263334.0,9864076.0,10872029.0,17424460.0,25651092.0,31900900.0
臺北市中山區錦州街３０巷１１號十樓之１７,25.0595200085358,121.524869967962,4800000.0,5841585.5,4498667.5,5098611.5,5481594.5,8771099.0,10351136.0
臺北市中正區中華路一段７號四樓之７,25.04708001,121.5103,18150014.0,17663310.0,10061353.0,12921768.0,20206714.0,21197348.0,27994166.0
臺北市南港區舊莊街一段９１巷１２弄２號五樓,25.0414046622074,121.620026697228,9700004.0,7138494.0,4202848.0,4641718.5,7406433.0,10561658.0,12105999.0
臺北市中山區農安街２５７號三樓,25.0647799880546,121.535390010819,19800014.0,18020864.0,9624279.0,15023001.0,17853260.0,18711876.0,25801684.0
臺北市中正區和平西路一段１５５號,25.02767142,121.5151352,20800006.0,21478082.0,14500706.0,20395402.0,22158940.0,25390478.0,33087520.0
臺北市松山區八德路四段６３６號四樓之１,25.04980999,121.57434,14000013.0,13733785.0,8806260.0,9414720.0,13058186.0,15733074.0,21154090.0
臺北市大安區通安街１０８巷４號三樓,25.02949,121.55279,36600036.0,33604340.0,18785576.0,22989280.0,30587064.0,32542626.0,47430590.0
臺北市中山區林森北路４１３號,25.05976199,121.525709,11500007.0,13210298.0,8766926.0,9152774.0,11723828.0,15736555.0,18959150.0
臺北市中山區中山北路一段１２１巷３３號十一樓之３,25.0509200082398,121.524720015714,24999980.0,22047052.0,15441251.0,16003619.0,22499180.0,27354498.0,37480916.0
臺北市信義區吳興街６００巷６０號五樓之６,25.0197599898184,121.570280018062,18460008.0,16374074.0,11035827.0,12465295.0,18204446.0,20865768.0,27626628.0
臺北市大安區敦化南路一段３４４號,25.03487298,121.548409,48310020.0,35648696.0,16234415.0,27747824.0,34464228.0,38262028.0,51892590.0
臺北市中山區南京東路三段１１８號,25.05162899,121.540316,9700004.0,9235158.0,6714473.5,7328227.0,8024609.0,12544888.0,14584084.0
臺北市大同區昌吉街６５號三樓,25.065989999597,121.514670029988,16500011.0,12779607.0,299673.38,10828776.0,18512262.0,19078422.0,19385370.0
臺北市中山區中山北路二段３６巷３號三樓,25.05433002,121.52089,5000000.0,4253371.0,3603505.0,4073629.2,5145446.0,8294147.0,10791600.0
臺北市中山區農安街４０號十樓,25.0647900044288,121.527189994942,30500028.0,27788396.0,19961094.0,23190368.0,29420736.0,34007788.0,46677260.0
臺北市松山區南京東路四段１２０巷１９弄１４號,25.050487,121.555656,27299978.0,21868930.0,14938025.0,18158392.0,21847792.0,28252392.0,31332012.0
臺北市中正區林森南路２號二樓之１,25.0443599955385,121.523099961469,18000012.0,21811776.0,10484405.0,14076753.0,21174072.0,23427908.0,28508322.0
臺北市中山區林森北路４８３號十四樓之９,25.0611900189245,121.525740009512,10279990.0,11353396.0,8223466.5,8231988.0,10422974.0,14195982.0,17436796.0
臺北市內湖區新明路４９１號,25.05422202,121.579708,22100016.0,6493669.0,4089651.0,4234115.0,8906913.0,15992512.0,18286644.0
臺北市萬華區成都路１０６號四樓之５,25.0435899920033,121.502100025072,11880002.0,11505974.0,8103196.0,8450543.0,11341773.0,13119425.0,18603514.0
臺北市內湖區陽光街９２巷６號,25.07517799,121.58545,12500008.0,11368434.0,8955804.0,9025649.0,10639298.0,13582898.0,18641876.0
臺北市中正區中華路二段１７５巷３４號,25.03063002,121.505084,4936251.5,4901529.0,5737620.5,5816880.5,6095504.0,9215838.0,11047136.0
臺北市中正區三元街２５２號七樓,25.0274099852086,121.513509974588,31799996.0,28865504.0,22265872.0,28763938.0,35518588.0,43470250.0,52256110.0
臺北市松山區敦化北路１４５巷２３弄３號四樓之２,25.05320001,121.55036,28490004.0,24061148.0,10912520.0,17594314.0,28218248.0,29563672.0,38111188.0
臺北市信義區松德路２００巷５３號六樓,25.0351600186132,121.576439962525,341340060.0,734884600.0,1253464.8,62195970.0,270993760.0,378772100.0,412021440.0
臺北市中山區民權西路６３號九樓,25.0630199979353,121.520350026675,68819980.0,45225796.0,12073393.0,21513956.0,38646210.0,49399096.0,80316270.0
臺北市南港區玉成街２２１號,25.043721,121.585106,18999984.0,14880525.0,12168921.0,13445768.0,14617670.0,18193720.0,22096686.0
臺北市南港區昆陽街１７１巷４弄３號,25.0471699866686,121.593969958645,759999.75,826137.25,1989078.2,2331061.5,3518345.0,6731708.0,7719796.5
臺北市內湖區安泰街１２９巷１之１號,25.077661,121.616778,7800001.5,9989569.0,7063925.5,8858450.0,9754216.0,13648732.0,16939176.0
臺北市中山區松江路５６２號三樓之６,25.0677341602254,121.533097870364,6099999.0,7506462.5,5698646.5,5889895.0,7381006.5,9989397.0,12329144.0
臺北市松山區八德路三段１５５巷４弄１６號五樓,25.0485299923683,121.555810003335,19499996.0,23900236.0,15188466.0,20818342.0,21031666.0,24014382.0,32263644.0
臺北市大安區和平東路二段９６巷２０弄５號三樓,25.0222800090081,121.53992001039,42679980.0,41270630.0,25173914.0,35266724.0,38594572.0,46178090.0,61045132.0
臺北市南港區重陽路５４９號十樓,25.0630899868268,121.613830040029,48000030.0,52550270.0,25592692.0,33878176.0,49667600.0,65439920.0,81744300.0
臺北市信義區吳興街６００巷３７弄７號二樓,25.0209399941475,121.570099974782,18249988.0,15935755.0,12852942.0,12862801.0,17618526.0,20519328.0,23676324.0
臺北市松山區八德路四段７７７號,25.05121602,121.578245,35080016.0,27098844.0,17663176.0,21473084.0,31603902.0,33900090.0,41907356.0
臺北市中山區長春路２６號七樓,25.0547499931672,121.541269999715,12049996.0,12758029.0,9310698.0,10096282.0,11437270.0,16113793.0,19092182.0
臺北市南港區福德街３８１號二樓,25.0397064503849,121.589272506797,6351991.0,24878826.0,15359416.0,18336414.0,26206052.0,28768108.0,39078348.0
臺北市中山區新生北路二段３８號十五樓,25.0546600134367,121.527269958298,32999976.0,26774960.0,14579412.0,19690796.0,25901484.0,29807764.0,42773700.0
臺北市信義區吳興街１１８巷１５弄１０號二樓,25.0294000166605,121.560820034501,14680005.0,12308608.0,9264498.0,9536223.0,10836152.0,13156662.0,18098436.0
臺北市南港區經貿二路１８５巷５８號,25.06167001,121.61671,57800010.0,42171000.0,20081690.0,26706768.0,40327440.0,51279220.0,67475240.0
臺北市大同區重慶北路二段８８號八樓之１,25.0567100174058,121.513630003442,66300020.0,71284100.0,40502268.0,47745280.0,69344264.0,106704380.0,135307250.0
臺北市中正區杭州南路一段１４巷２弄２號七樓,25.03946999,121.52502,24499984.0,26516074.0,16583906.0,18935984.0,27671612.0,32573054.0,40847110.0
臺北市中山區新生北路三段２６號,25.06370798,121.527389,5016664.5,6228087.0,3342829.2,3841644.2,5528382.0,10018572.0,12053421.0
臺北市松山區民生東路五段６９巷１號六樓之６,25.0590400188505,121.558140004779,7800001.5,6658016.5,6602915.5,6904266.0,6989736.0,10227128.0,12395968.0
臺北市萬華區中華路二段４１６巷６２號七樓之２,25.0271799857855,121.504089972705,32680028.0,31073008.0,20277948.0,29535716.0,39770812.0,50771104.0,53504924.0
臺北市中山區錦州街５０號十二樓之２１,25.0601600087528,121.526100012253,5800002.0,6083627.5,3016992.0,4260723.5,5642540.0,10292410.0,10502078.0
臺北市中山區中山北路二段５９巷４５號九樓之４,25.0559699791744,121.524539972434,21500010.0,17829982.0,12834447.0,14256111.0,16966078.0,19289144.0,30837136.0
臺北市文山區溪口街４９號四樓,24.9948200141056,121.539890003176,6000000.0,6841043.5,5633904.5,6838969.0,6939437.0,10686298.0,12224520.0
臺北市中正區羅斯福路三段２４４巷９弄３號二樓之５,25.0175690167436,121.529847486963,25900002.0,23842320.0,17253582.0,20458364.0,27941356.0,30880632.0,41988330.0
臺北市中山區長春路２２０號七樓,25.054619989849,121.537680030585,15000010.0,17245916.0,13153726.0,15112640.0,17434234.0,19228350.0,26460600.0
臺北市文山區辛亥路四段２０９巷３８號十六樓,25.0025700056006,121.555500040555,31779986.0,28369082.0,11807195.0,21770630.0,32534744.0,34680252.0,47333170.0
臺北市士林區士東路９１巷２６弄６號二樓之１,25.11291998,121.52981,9600005.0,13047779.0,10666546.0,10709784.0,12326416.0,18063088.0,21069128.0
臺北市北投區石牌路二段３１５巷２８弄１０號四樓,25.12305002,121.5228,18059988.0,17049448.0,10903532.0,13558644.0,17633554.0,20319956.0,24941208.0
臺北市萬華區環河南路一段７１號,25.04504601,121.501972,2880001.0,2478493.0,3181331.8,3983527.5,4419610.5,7554529.0,9566172.0
臺北市大安區安居街４號,25.02137401,121.555192,26100002.0,29209994.0,20750632.0,27561208.0,28567870.0,32772848.0,40524136.0
臺北市信義區和平東路三段３９１巷３８號,25.0206499802976,121.558869984727,25880002.0,15762750.0,11306222.0,12190758.0,16302493.0,18753358.0,23844322.0
臺北市文山區指南路三段３２巷５號,24.982731,121.580205,10249996.0,10492967.0,8129272.5,8654894.0,10805688.0,13634812.0,15885439.0
臺北市中山區錦州街３２號七樓之２,25.0603200192844,121.538740006061,11699992.0,14425148.0,12453650.0,12985612.0,13423423.0,17229640.0,20539728.0
臺北市內湖區金湖路３６３巷５１弄２７號,25.07365896,121.6008252,15999987.0,17080664.0,7893202.5,10924891.0,17784708.0,21452002.0,28928502.0
臺北市士林區士東路４６巷４號五樓,25.1116100163719,121.527670026537,20500002.0,22232220.0,16040810.0,19713380.0,23116440.0,23580060.0,30914106.0
臺北市士林區德行東路２９號三樓,25.1102700015112,121.536670011252,14563598.0,13444588.0,8506634.0,9408347.0,14532492.0,18136068.0,22749070.0
臺北市松山區長春路３５３號七樓,25.0548299984331,121.545590032612,46499984.0,37892216.0,23053476.0,30668324.0,34974660.0,38505824.0,51491016.0
臺北市中山區五常街５３巷４１號四樓,25.066530003709,121.539729992645,15999987.0,13944846.0,11064681.0,11744284.0,14390001.0,15606916.0,21061012.0
臺北市松山區民生東路五段６９巷４弄１４號,25.05977398,121.558831,35360010.0,26403530.0,16338603.0,24319340.0,29475836.0,33531416.0,41719460.0
臺北市中正區汀州路一段１０４號三樓,25.0300499913423,121.507590004014,25200000.0,22421468.0,17034302.0,20483156.0,23078202.0,24636392.0,32626902.0
臺北市大安區羅斯福路二段８５號三樓之７,25.0257699820333,121.523600025812,40500028.0,32418846.0,18790844.0,23365032.0,35128428.0,39852370.0,53396250.0
臺北市文山區景興路４２巷４弄２號四樓,24.9970700102845,121.544159996111,17399984.0,18468390.0,14626790.0,17864534.0,18478326.0,19842242.0,24996834.0
臺北市士林區士東路３２２號三樓之３,25.1136300131276,121.538479999424,8880002.0,6881291.5,4642002.0,5303922.0,6413959.0,7998738.0,11232046.0
臺北市士林區仰德大道三段１２５巷５弄１１之６號三樓,25.1208299841363,121.550789997704,14499987.0,14666823.0,695256.7,11632436.0,17123460.0,19116524.0,25230204.0
臺北市信義區吳興街２６０巷１９弄１２號,25.025801,121.563636,36999976.0,30367216.0,21697752.0,28202696.0,30762000.0,33666188.0,42876620.0
臺北市內湖區星雲街１６８巷３５號,25.07990098,121.597015,10800002.0,7987182.0,5954074.5,8402022.0,9488759.0,12560977.0,15446288.0
臺北市松山區民權東路三段１０３巷１０號四樓,25.0629800162571,121.544919983272,23300012.0,20753126.0,13164117.0,16121448.0,19221640.0,20124290.0,26202654.0
臺北市大同區南京西路５７號,25.05304398,121.519385,20399992.0,18470432.0,11880455.0,12982293.0,16961226.0,19617844.0,28238652.0
臺北市大安區仁愛路四段４０８巷９號,25.03715202,121.557063,29049980.0,31016282.0,15442017.0,21622768.0,30376022.0,33358034.0,46836184.0
臺北市北投區翠嶺路２６之１號,25.1429958,121.5077226,40800010.0,66526256.0,1612279.9,38947680.0,99034824.0,129519780.0,131885280.0
臺北市北投區石牌路二段３４８巷１７號,25.122499994525,121.525080018456,9199996.0,9726423.0,6980190.0,7578522.0,9543847.0,13397768.0,16114992.0
臺北市萬華區漢中街１７６號十二樓之７,25.04096,121.50639,8359996.5,10094472.0,7980839.5,8297407.0,10305944.0,14888815.0,15193595.0
臺北市大安區新生南路三段３６之１號三樓之３,25.0219200062668,121.533959974318,47580010.0,30897482.0,19563888.0,23353002.0,28883952.0,31579138.0,46659636.0
臺北市內湖區大湖街１３１巷６３號五樓,25.0867199968019,121.600719989091,13279998.0,14951793.0,12249074.0,13062022.0,14381824.0,16642369.0,23222856.0
臺北市文山區萬盛街８９之７號三樓,25.0055900053147,121.542629963505,20920004.0,19510526.0,14789725.0,16681267.0,22473702.0,24486248.0,33224750.0
臺北市中正區濟南路二段１５號四樓之２,25.041289997772,121.527649993788,14879986.0,17403934.0,13310124.0,13390130.0,18892044.0,20798102.0,29560796.0
臺北市內湖區內湖路二段１０３巷１０３號,25.083772,121.581131,28500004.0,28278324.0,21489678.0,25276828.0,26388276.0,31472406.0,40502580.0
臺北市士林區中山北路七段１００巷１０號,25.12174101,121.532516,18799986.0,22889260.0,16082658.0,22318468.0,24047796.0,30782778.0,32115800.0
臺北市中山區新生北路二段１３３巷１２號,25.06077599,121.528261,6500001.0,5873583.5,5187830.5,5984160.0,6134787.0,9452848.0,12094505.0
臺北市大安區光復南路６７６巷１６號,25.03066099,121.556437,11799991.0,13887752.0,11649911.0,12132188.0,12752142.0,16159067.0,19459610.0
臺北市北投區中正街４９巷３５號四樓之２,25.1314599975624,121.49972995813,21279988.0,18562894.0,15562803.0,16624444.0,19435684.0,25102712.0,31059024.0
臺北市中山區長春路２６號十樓之１,25.0547600095415,121.541090040254,9000001.0,11019778.0,8118147.5,9269606.0,9958408.0,15754785.0,16015039.0
臺北市大安區延吉街１６２號,25.03921502,121.554947,35000016.0,44341576.0,14556877.0,28080692.0,40512310.0,50882104.0,66184030.0
臺北市松山區南京東路五段４１５號二樓之２,25.0514873008371,121.570033216771,20699994.0,25280204.0,17237364.0,17980008.0,27953296.0,32575912.0,40947196.0
臺北市中山區北安路６６９號二樓之１,25.0845860377776,121.557130321435,19650014.0,18312718.0,9893187.0,12508690.0,18937032.0,22030826.0,28554034.0
臺北市內湖區康樂街４８巷２２之１號五樓,25.0691900006818,121.617209958666,8440000.0,15000582.0,10734038.0,13785618.0,15332253.0,18173152.0,22757924.0
臺北市文山區興隆路二段１５３巷３弄１號,25.000807,121.548076,15000010.0,19018184.0,12966974.0,14745474.0,20109900.0,22643400.0,28958312.0
臺北市大安區延吉街１３７巷２０號,25.04192099,121.555258,10999996.0,11698854.0,7097276.5,8123212.5,9388449.0,14045320.0,18253296.0
臺北市內湖區康樂街２０１巷２號三樓,25.0760600180719,121.621439969922,24799990.0,32625720.0,16269101.0,17878510.0,31436288.0,38901280.0,48611904.0
臺北市大同區延平北路二段１４４巷１０號,25.05757499,121.511193,26999992.0,26848140.0,19142612.0,24269342.0,26132580.0,27716988.0,40525452.0
臺北市內湖區港墘路８２巷１１號五樓,25.08107998,121.57714,1519999.9,2371148.5,3873732.0,4349933.0,4417183.0,6009925.0,8525777.0
臺北市萬華區環河南路二段３１號,25.03899801,121.497603,18999984.0,25021640.0,736430.9,16132429.0,24348208.0,27050406.0,35350904.0
臺北市松山區健康路３５巷８號,25.05381478,121.5541571,36999976.0,34624004.0,26016006.0,33694772.0,35891716.0,46399250.0,53933416.0
臺北市萬華區長泰街２８２巷１３弄１３號,25.02167802,121.493103,12199993.0,9901399.0,5428707.0,6322214.0,11817920.0,15531637.0,18835556.0
臺北市中山區北安路６０８巷４弄３號,25.08184999,121.549262,16850014.0,12487998.0,9334507.0,10323670.0,12587574.0,19344740.0,20473430.0
臺北市信義區永吉路２０２號,25.045381,121.572767,53000020.0,43228570.0,24250000.0,36884560.0,51482470.0,61747868.0,69577840.0
臺北市士林區延平北路五段１３６巷２７弄６號三樓,25.0824000058148,121.511550034169,9199996.0,10596040.0,8184113.0,8991885.0,11496498.0,15147616.0,17124114.0
臺北市大同區太原路１７號,25.050185,121.51525,42000020.0,35144980.0,22451894.0,26739338.0,35069850.0,38250936.0,53919424.0
臺北市大安區麗水街３號二樓,25.0287800072826,121.528279977631,15000010.0,33066258.0,18795720.0,26893550.0,32876714.0,35654816.0,47542904.0
臺北市大同區昌吉街１１０巷２５號四樓,25.06507,121.51469,14000013.0,14901202.0,9920586.0,11645956.0,14164176.0,14695497.0,22416336.0
臺北市中山區復興北路４８６號五樓之３,25.06272068,121.5439811,20300006.0,15553486.0,11669926.0,12771810.0,14750594.0,16536022.0,24489844.0
臺北市信義區松山路４６５巷２７弄１３號三樓,25.0403599837052,121.579050003355,12800001.0,17452866.0,8498306.0,11063520.0,15625652.0,19649564.0,24899476.0
臺北市大安區和平東路三段３０８巷１６號三樓,25.0201000017208,121.555919973904,13499990.0,37152016.0,23400264.0,31387938.0,39236308.0,42265536.0,58684810.0
臺北市大安區溫州街７４巷３弄６號,25.019222,121.532354,15730013.0,10823923.0,9225300.0,9851874.0,10098709.0,16155924.0,16929486.0
臺北市大安區和平東路三段２２號十樓之１,25.0244999979737,121.54727999193,16370015.0,12175027.0,9813895.0,10635362.0,11428068.0,16881926.0,18000356.0
臺北市文山區萬安街１２巷４號四樓之４,25.0013900012716,121.569950022534,7999997.0,8321854.5,6507233.0,7465199.0,7820716.0,10704270.0,13616619.0
臺北市士林區重慶北路四段１６５號五樓之３,25.0836000009829,121.511699986417,3999999.8,12085374.0,9456797.0,10145604.0,13129764.0,15790705.0,20059028.0
臺北市大安區新生南路三段２號五樓之２,25.0257699820333,121.534630023658,11460002.0,7831023.0,4294808.5,7030899.0,7660845.5,13005367.0,14784761.0
臺北市松山區民生東路五段１３７巷６弄４３號三樓,25.06049,121.56304,24200006.0,16913446.0,11822722.0,14350149.0,18917718.0,22596632.0,25607488.0
臺北市大安區信義路三段１３４巷４３號四樓,25.03006998,121.53951,41750028.0,36638800.0,19966120.0,25627276.0,32227296.0,39577470.0,51803292.0
臺北市北投區永興路一段１９號,25.13909201,121.499784,10199991.0,12403206.0,8340160.0,8834650.0,11005789.0,16069167.0,19114518.0
臺北市內湖區民權東路六段１５０之５號七樓之３,25.068799990727,121.589620002354,28879986.0,28124592.0,19041560.0,21193346.0,32533440.0,38526690.0,46556336.0
臺北市信義區永吉路１８０巷６６弄２９號五樓,25.0435700011643,121.570789973052,31859978.0,19464102.0,15304613.0,19175390.0,21155948.0,25257360.0,29196348.0
臺北市信義區信義路五段１５０巷３４２弄３９號,25.02266379,121.5791546,18000012.0,11344499.0,8581393.0,9384510.0,11472862.0,15107164.0,19016154.0
臺北市士林區士東路５４巷２４號,25.110938,121.527728,16999994.0,21762616.0,16413942.0,20959264.0,23061568.0,27063410.0,31184570.0
臺北市萬華區萬大路４８６巷３７弄６號,25.01993601,121.496146,5000000.0,5796159.0,3096447.8,3754557.0,6779325.0,13320308.0,13470924.0
臺北市中山區敬業三路１６２巷７５號,25.07865539,121.5586249,27649982.0,26484484.0,19190722.0,22494200.0,24743858.0,29150442.0,39529940.0
臺北市松山區南京東路五段２３９號八樓之２,25.0515799992958,121.564819962515,15060011.0,14236112.0,10452657.0,11516733.0,12309993.0,15437923.0,21338108.0
臺北市大安區復興南路二段１５１巷５６號,25.02799999,121.5459672,24600002.0,27316176.0,14901344.0,21201068.0,23907076.0,31457042.0,36666344.0
臺北市大安區和平東路一段７３號八樓之３,25.0270700152158,121.524929982389,25999984.0,18745560.0,15088936.0,15535489.0,16524955.0,21260028.0,27672774.0
臺北市文山區辛亥路五段９４號三樓,24.998439990449,121.553129973613,21500010.0,25671256.0,17602404.0,20941922.0,24011680.0,27894656.0,39310092.0
臺北市大安區基隆路三段６號,25.02067001,121.548073,20000004.0,25345382.0,16664158.0,26010796.0,32967262.0,34844550.0,40829356.0
臺北市文山區辛亥路四段２０９巷２６號,25.00234801,121.555666,36800024.0,35004692.0,19668162.0,26511220.0,38906620.0,41973990.0,56563576.0
臺北市北投區大同街２０４巷１號四樓,25.1380000194246,121.499940008624,5899998.0,16643162.0,10777366.0,13638089.0,15174278.0,19872732.0,24110120.0
臺北市中山區明水路５６３號三樓,25.0793899805655,121.551779984288,50999960.0,37117310.0,22871848.0,32755600.0,38037110.0,42393504.0,60589024.0
臺北市內湖區文德路２２巷４弄８號,25.07817498,121.579911,14680005.0,15035959.0,10844154.0,11786876.0,13171451.0,15862308.0,22105708.0
臺北市萬華區康定路１０５號八樓之１５,25.03946999,121.50206,10320009.0,14863166.0,9943452.0,10870744.0,13931023.0,19156454.0,23090794.0
臺北市中山區新生北路二段７４號,25.05713498,121.527173,6259998.0,7243852.0,5177515.0,5276245.0,6944859.0,13125382.0,13722892.0
臺北市士林區德行東路１８８號,25.10854702,121.531018,15500001.0,13852725.0,11468202.0,11486416.0,12832954.0,18809886.0,21750666.0
臺北市中山區農安街６號,25.06485798,121.523225,13874990.0,16010091.0,12329520.0,12383042.0,16360869.0,18968156.0,23730170.0
臺北市士林區至誠路二段９號,25.10198671,121.5303473,19566014.0,19247100.0,15384073.0,17356662.0,19626228.0,24765152.0,30105792.0
臺北市內湖區行善路５９巷１７號三樓,25.056840020724,121.577930013453,24700006.0,22080676.0,15979401.0,17635976.0,22618494.0,24020520.0,32836668.0
臺北市南港區東新街６０號四樓,25.0472499919344,121.585740019374,13000010.0,43207220.0,23617420.0,32855024.0,48272900.0,57901744.0,76630580.0
臺北市內湖區內湖路三段６０巷１２弄６８之１號四樓,25.0890999962991,121.591559993844,9199996.0,8278003.0,6169685.0,7390783.0,8069942.0,12380302.0,14010297.0
臺北市松山區延壽街４０２巷２弄７號四樓,25.0558300013914,121.556939967702,22630016.0,17742356.0,14443925.0,16997206.0,18370230.0,23860746.0,26919056.0
臺北市大安區建國南路一段２９１巷１１號八樓,25.0357799860815,121.538779987739,26560010.0,17494192.0,15211776.0,15669853.0,16938142.0,21047438.0,27333376.0
臺北市大安區通化街１１８號五樓,25.0293599930729,121.553879986309,9700004.0,7178766.5,4972704.5,5238491.0,6202356.0,9235599.0,12058135.0
臺北市松山區南京東路四段１３３巷７弄３２號,25.05276399,121.556359,5000000.0,3090205.5,5131504.5,5180306.0,5859183.0,9126660.0,10810554.0
臺北市中山區敬業三路１６２巷２０４號,25.0792772,121.5600828,31379976.0,29589790.0,20166440.0,22169340.0,27198732.0,31517098.0,42774190.0
臺北市內湖區成功路四段３０６號四樓,25.0848499942035,121.598120006546,18799986.0,18459444.0,696519.6,13960042.0,19121958.0,21191204.0,27015860.0
臺北市中山區中山北路三段５３號九樓,25.0677100080381,121.522910027543,64630050.0,44258940.0,17574626.0,29447796.0,43895840.0,52670484.0,74278424.0
臺北市內湖區成功路四段２１４巷３弄７號四樓,25.0850999844657,121.596059986202,15000010.0,15437158.0,12348042.0,12882517.0,15202639.0,17374714.0,23362668.0
臺北市文山區三福街７７號,24.9979200190855,121.543060038957,69199980.0,70793870.0,36414464.0,43440990.0,69311340.0,86812290.0,120659640.0
臺北市內湖區康寧路三段２６５巷３３號,25.0663666,121.6126753,15000010.0,14402907.0,9773956.0,10546299.0,14081130.0,15446995.0,21604876.0
臺北市松山區民生東路五段１３７巷４弄１８號,25.05971899,121.56236,42950040.0,44741376.0,29599726.0,40966020.0,41214150.0,64705164.0,73575800.0
臺北市士林區至誠路二段６０巷１弄４號三樓,25.1018500025858,121.528360024806,16600014.0,15487678.0,11551162.0,12160058.0,15403128.0,17643478.0,22594564.0
臺北市內湖區新明路４２８巷１號,25.05455302,121.57951,19979986.0,22618796.0,14046794.0,17040410.0,24635218.0,26430488.0,38318556.0
臺北市士林區忠誠路二段１７８巷２７弄５號,25.116375,121.532303,27199976.0,22885156.0,14401314.0,17514292.0,21492220.0,26529126.0,33795440.0
臺北市文山區興隆路四段１２１號,24.98574501,121.561434,16800016.0,18233600.0,14677121.0,16100122.0,17193332.0,19284250.0,24841698.0
臺北市內湖區康樂街７２巷１７弄１１２號三樓之１,25.0711900065985,121.616500011467,14879986.0,13059082.0,10407181.0,10448292.0,13358294.0,16521079.0,20979822.0
臺北市中正區仁愛路二段３８巷７弄３號,25.036738,121.527324,20059984.0,14653094.0,10566635.0,13009386.0,13790089.0,18834406.0,24918290.0
臺北市中正區臨沂街６５巷３號四樓之１,25.0362199940887,121.528960001436,23500006.0,18188516.0,11427284.0,13019365.0,18383270.0,21544672.0,28729724.0
臺北市大安區建國南路二段１１巷１４號,25.03272998,121.53866,29799976.0,21632380.0,13845435.0,15248989.0,22209164.0,23821366.0,32245496.0
臺北市北投區三合街一段８２巷７１號三樓之１,25.1284799795265,121.504389961019,20500002.0,21593960.0,12190061.0,16617659.0,24274990.0,27100446.0,38536900.0
臺北市大安區建國南路二段１５１巷５０號,25.028635,121.539844,45200010.0,28982404.0,20484876.0,27552378.0,28006288.0,36122470.0,40982510.0
臺北市文山區木新路二段１１１巷１２弄２號,24.98363298,121.570227,11379998.0,12415868.0,9033727.0,11390530.0,13965742.0,18110730.0,19750716.0
臺北市南港區研究院路二段６１巷２弄５１號四樓,25.0433099945277,121.6184899591,18580004.0,26754236.0,17154516.0,20191960.0,23885108.0,29271734.0,42151136.0
臺北市信義區永吉路５６號四樓,25.0455000181894,121.569620027006,16999994.0,13890454.0,10907110.0,11840482.0,14044330.0,18423214.0,21655992.0
臺北市中正區連雲街５６號,25.03509699,121.53049,8940000.0,11666966.0,8943838.0,9294445.0,10194390.0,13737689.0,18998968.0
臺北市松山區撫遠街３８９巷１０號,25.0649299822119,121.566129970162,15779986.0,12284427.0,8035560.0,9182430.0,12725318.0,17231974.0,20612804.0
臺北市信義區信義路五段１５０巷４１１弄１３號,25.0239400030225,121.570759965838,8500000.0,19749434.0,13183566.0,13370861.0,19299890.0,22764608.0,27836722.0
臺北市士林區中山北路五段８１１巷２２號,25.10096898,121.524433,21300006.0,20108060.0,16198041.0,18468072.0,23438590.0,27127080.0,32187242.0
臺北市內湖區內湖路一段３２３巷８弄８號,25.08307198,121.567523,6699998.5,17433004.0,12781362.0,15058230.0,17666580.0,19875954.0,25383408.0
臺北市中山區中山北路三段２８號,25.065228,121.522008,20136652.0,27291648.0,14703179.0,22323748.0,26143248.0,28792370.0,38395520.0
臺北市文山區羅斯福路五段２１８巷３８弄１５號十一樓,25.002739990597,121.537179966242,9600005.0,9883116.0,9465188.0,9553554.0,9624554.0,14321602.0,15013606.0
臺北市北投區東陽街４７８巷５號,25.1118100085816,121.520039980076,25680024.0,20230818.0,14386927.0,18446176.0,20118110.0,22761916.0,29034690.0
臺北市南港區重陽路１６６巷１０弄５號,25.05670398,121.600918,13000010.0,8940273.0,5919628.0,6710396.0,9461326.0,14987398.0,16773280.0
臺北市萬華區康定路１０３號二十一樓之１１,25.0394800096003,121.502019977897,10700004.0,15146056.0,2775322.8,10082965.0,14368280.0,17422300.0,25195002.0
臺北市松山區南京東路五段７１號,25.05181599,121.55956,25999984.0,26076814.0,19347730.0,23366368.0,26105876.0,27781452.0,34932390.0
臺北市大同區延平北路二段２３８號十一樓之１,25.0599199929554,121.51123998757,10199991.0,14159557.0,9953470.0,11104767.0,12995151.0,17475484.0,20949552.0
臺北市士林區延平北路六段１１６巷２３號四樓,25.0899500051001,121.508149998965,9700004.0,9426147.0,6532178.5,6599251.5,9951249.0,14770132.0,15521302.0
臺北市內湖區內湖路二段２６５號五樓之７,25.0821599900174,121.590379989515,25380020.0,26943712.0,15781672.0,20411124.0,28521864.0,33180420.0,42835830.0
臺北市中山區北安路５５４巷４７號三樓,25.0800899952092,121.550120032183,41500020.0,29711268.0,20158634.0,26576428.0,32523142.0,35064164.0,46711104.0
臺北市內湖區內湖路二段１０３巷８號七樓,25.0805499940554,121.582039995856,126799940.0,56664650.0,34256932.0,44568136.0,60199904.0,81995400.0,98768090.0
臺北市松山區民生東路五段２７巷９弄３９號,25.05983001,121.55575,63500024.0,41759028.0,17345046.0,32726936.0,40763216.0,41225944.0,63235932.0
臺北市大安區大安路二段１５巷２號,25.0323403,121.5460948,39400020.0,31867452.0,16892038.0,23587664.0,27171354.0,29677852.0,45961836.0
臺北市大安區新生南路一段１５１巷１８之３號,25.035260014718,121.534449980377,24000004.0,20679908.0,12899040.0,15985376.0,21139570.0,22785156.0,30401352.0
臺北市中山區民生東路二段９３巷１９號七樓,25.0587399886263,121.531050028992,39479984.0,38399624.0,18764592.0,25067640.0,38554910.0,41937424.0,60035244.0
臺北市大安區和平東路一段１７７號,25.02651702,121.532223,21000000.0,19041742.0,14922790.0,16843330.0,17101886.0,22746164.0,26808126.0
臺北市士林區中社路一段１１巷６２號,25.10987002,121.56217,20879980.0,13784934.0,1884453.9,9666759.0,15400631.0,18917898.0,22075456.0
臺北市大安區和平東路三段４６４巷６號六樓之２,25.0170300039542,121.559929960202,26499996.0,20895518.0,13038375.0,15749617.0,22355108.0,24596764.0,33656492.0
臺北市北投區北投路二段５號,25.13042999,121.49931,24499984.0,13051463.0,5345047.0,7726484.5,13231177.0,16256756.0,20343884.0
臺北市內湖區民權東路六段３１２號十一樓,25.0728500006128,121.606050041321,31680006.0,30597042.0,19081516.0,27208436.0,29138212.0,33190422.0,45433904.0
臺北市北投區知行路３１６巷２２弄７號五樓,25.1220299793044,121.468810039325,13000010.0,9952711.0,6003824.0,7405882.0,9824814.0,11989655.0,16476613.0
臺北市內湖區行善路５號四樓,25.05684002,121.57589,22269992.0,18470116.0,11484728.0,13111645.0,21313256.0,26292016.0,31422500.0
臺北市中山區新生北路二段６８巷８號六樓之８,25.0566800101924,121.526850024949,25350024.0,24641844.0,13297690.0,16106695.0,26759338.0,30177024.0,39735784.0
臺北市大同區民權西路２６８號十二樓之３,25.0627400004597,121.512010033015,14199990.0,16527887.0,6274408.5,10679065.0,15738266.0,17957352.0,26479080.0
臺北市士林區中正路４２６號七樓,25.093189987863,121.519310000129,32879976.0,26094626.0,18619418.0,22520474.0,27256428.0,30263830.0,43210764.0
臺北市內湖區內湖路三段６０巷１２弄４號,25.0881999894456,121.592049999904,16999994.0,16316897.0,10285149.0,10464207.0,15013320.0,19010388.0,23533648.0
臺北市信義區吳興街３６１巷１弄３號二樓,25.02601,121.56662,17199990.0,16689637.0,11966283.0,13590258.0,16191801.0,17999908.0,23003404.0
臺北市中正區汀州路二段１２１號四樓之３,25.0250799837639,121.519279992915,10999996.0,13916124.0,10523392.0,12479878.0,12968088.0,15237417.0,21714560.0
臺北市南港區三重路４１巷３５號四樓,25.0604299898541,121.612809962413,56000000.0,62616504.0,24356338.0,30727226.0,57156588.0,73871940.0,99094160.0
臺北市中山區中山北路一段８３巷２０號六樓之４,25.0499899941729,121.523679989168,6200002.5,9544866.0,7118867.0,8859176.0,9189474.0,12321128.0,14899525.0
臺北市內湖區民權東路六段１１９號四樓之１,25.0692099915208,121.592560038712,35500028.0,30404598.0,19985398.0,22457248.0,34337460.0,41348790.0,51598670.0
臺北市內湖區南京東路六段１６０號,25.05556601,121.579395,30900016.0,45301080.0,24307932.0,27543812.0,45993850.0,53295820.0,73596296.0
臺北市中山區敬業三路１６２巷７６號,25.07798002,121.558388,31350006.0,29837798.0,20482024.0,22895548.0,27282176.0,32391526.0,42278110.0
臺北市士林區中山北路七段２１９巷８號二樓之２,25.1274200040509,121.532509988887,35880012.0,31661582.0,10617222.0,22947750.0,29183598.0,34670660.0,49772576.0
臺北市內湖區民權東路六段４０９號七樓之３,25.0703200069584,121.603360037135,25400020.0,21140458.0,13449513.0,17277556.0,23191650.0,23717772.0,33155622.0
臺北市中正區杭州南路一段７７巷２５號,25.0388700165967,121.527340031009,45000012.0,34169100.0,15327429.0,21843668.0,28482940.0,31042204.0,46769588.0
臺北市萬華區萬大路４８６巷１１弄７號四樓,25.0195099995562,121.496780031126,14249994.0,10574821.0,6996432.0,8622986.0,12435966.0,14554794.0,18077080.0
臺北市士林區承德路四段４０巷１２７號,25.0818900089161,121.520439964496,5000000.0,8869422.0,3792975.5,4445798.5,8524988.0,14687035.0,17005052.0
臺北市大安區基隆路二段２２９號三樓,25.0226400117495,121.550829979382,22880008.0,24008108.0,10996787.0,20548622.0,29140492.0,31490600.0,36463950.0
臺北市大同區民權西路２６８號十一樓之６,25.0627400004597,121.512010033015,24000004.0,22700654.0,11627268.0,16264013.0,23045212.0,24363632.0,36432944.0
臺北市大同區重慶北路三段２３６巷４４弄６號二樓,25.07032998,121.51207,2500000.8,3786701.0,3812977.2,4081959.2,4827613.5,8962520.0,9845712.0
臺北市北投區永興路一段３２巷５號,25.138435,121.500213,10999996.0,16491296.0,11863110.0,15798839.0,17043922.0,22627038.0,24678392.0
臺北市大同區民權西路１６０巷１８弄８號十六樓之１,25.0621600146695,121.515449966078,19499996.0,23490596.0,9892074.0,19168444.0,24765720.0,26041276.0,37363856.0
臺北市大安區忠孝東路四段２１６巷３３弄７號二樓,25.0395100168137,121.553500034638,37500010.0,44592880.0,5146560.0,24656654.0,36451090.0,52270770.0,59126920.0
臺北市北投區石牌路二段３１５巷３４弄３２號,25.12297902,121.523318,12500008.0,13975094.0,9659773.0,10579098.0,14752929.0,19561686.0,22965964.0
臺北市士林區雨農路７６號,25.09962239,121.5335532,4499998.0,16906222.0,15306248.0,15576107.0,15775382.0,22129458.0,24465380.0
臺北市南港區研究院路三段８６巷８號,25.03449802,121.613266,5700000.0,5497677.0,3185986.0,3879618.0,5470502.0,9266566.0,11039743.0
臺北市萬華區國興路８６號十樓之２,25.0267499941526,121.506029964195,24679992.0,26862790.0,22358476.0,31581486.0,32976696.0,42666308.0,44849890.0
臺北市文山區木柵路四段９巷１１號六樓,24.9924199818598,121.570589980842,17500000.0,17997884.0,15360822.0,16079223.0,18430806.0,20754708.0,28075336.0
臺北市萬華區萬青街１６８號三樓,25.0235100113896,121.501470041229,9500005.0,10775722.0,8495543.0,11336820.0,12172775.0,16482617.0,17995068.0
臺北市萬華區萬大路８５巷７號六樓之１,25.0303799868703,121.500969976886,29459986.0,24176568.0,16074531.0,21609904.0,30050374.0,32130994.0,41741428.0
臺北市萬華區西園路二段２７９之９號三樓,25.0253399904004,121.492209966058,15300002.0,15605904.0,11328002.0,14530219.0,19400128.0,23952764.0,26825772.0
臺北市內湖區星雲街１６８巷３５號,25.07990098,121.597015,7800001.5,6578760.0,5700657.5,7342743.0,8603896.0,12081916.0,12902484.0
臺北市中山區北安路８４１巷２６弄１１號五樓,25.0860900129592,121.555960039401,18880012.0,15430269.0,10053277.0,11809898.0,14909788.0,18142640.0,21844126.0
臺北市大同區承德路三段６９號十樓,25.0656999857471,121.518559987433,23500006.0,26146840.0,13430261.0,18446210.0,26043114.0,26562898.0,41855430.0
臺北市信義區松勇路５３巷６８號,25.03400001,121.57309,110500090.0,71091700.0,37654390.0,44286720.0,68014310.0,99834220.0,122291920.0
臺北市士林區天母東路６１巷３號,25.11842352,121.5338319,10899998.0,10363681.0,7804079.0,8764828.0,9593635.0,14102713.0,17335554.0
臺北市北投區榮華一路３巷８號五樓,25.1122599910536,121.524899975175,16380009.0,17615200.0,14542224.0,17363516.0,17699058.0,19673378.0,25607976.0
臺北市內湖區行善路２９７號,25.06202678,121.5844959,38679984.0,31781258.0,18314568.0,23266926.0,34804300.0,37864260.0,49054416.0
臺北市中山區新生北路二段７３號,25.05667301,121.527863,6349998.0,5839942.5,5941686.0,5973030.0,6894554.0,10000760.0,11807600.0
臺北市南港區東新街１４６號,25.04641591,121.5896764,45000012.0,36557130.0,21693118.0,28318480.0,40063020.0,47297160.0,65914944.0
臺北市萬華區環河南路一段７１號,25.04504601,121.501972,2920000.0,2553572.0,3548978.0,4269041.0,4522059.0,7666985.0,9352899.0
臺北市中山區天祥路１６巷１５號,25.06133498,121.520499,9999996.0,9032038.0,6011037.0,6983200.0,7660590.0,12674401.0,14827630.0
臺北市北投區稻香路１６１巷１號,25.142211,121.488969,20200010.0,25915568.0,10537190.0,17173536.0,25847000.0,29854364.0,39866890.0
臺北市信義區忠孝東路五段３７２巷２７弄４９號二樓,25.0398799940198,121.57536003812,29799976.0,28591038.0,15214126.0,19641770.0,26413000.0,30061840.0,37375976.0
臺北市中山區建國北路三段１１３巷３１弄１８號五樓,25.06758998,121.53538,16999994.0,17833282.0,12510718.0,14354912.0,17975926.0,22462560.0,28807256.0
臺北市北投區文化三路１０１號二樓,25.1404500078133,121.498980029253,21200016.0,24511388.0,13234230.0,18033998.0,23744612.0,27722644.0,33977508.0
臺北市文山區三福街７７號二樓之３,24.9978100066063,121.542979991782,25750014.0,35448064.0,22474002.0,27932350.0,35550036.0,40886944.0,54515068.0
臺北市松山區八德路四段７７７號四樓之２,25.0512099801801,121.578250034516,22100016.0,16156232.0,11428744.0,12522989.0,18511838.0,19960598.0,27346620.0
臺北市松山區民生東路五段１４號三樓,25.0590100116371,121.561929966119,29999978.0,22240194.0,15099588.0,21011900.0,22797850.0,28716192.0,33113278.0
臺北市文山區福興路８２巷６弄４號二樓,25.0058700027903,121.551129967697,13800008.0,16552715.0,12305392.0,13266631.0,16680981.0,20161056.0,24849092.0
臺北市北投區大屯路６６號五樓,25.1441799966358,121.501350012376,25999984.0,30036334.0,16612399.0,26122962.0,30565254.0,39023824.0,50940656.0
臺北市內湖區文湖街２１巷１１２弄１３號六樓,25.0910500041633,121.560389959049,20000004.0,20937648.0,15321524.0,16269039.0,22346198.0,25491020.0,33836716.0
臺北市中山區新生北路二段４３號七樓之２,25.0525517756385,121.527867448762,5700000.0,6949623.0,5592706.0,6215140.0,7113946.5,10131333.0,12256904.0
臺北市信義區松德路５６號四樓,25.0387700204918,121.576439962525,25249988.0,23745972.0,10291821.0,14524788.0,25178332.0,28493428.0,30381352.0
臺北市內湖區康寧路三段２１７巷９號,25.06848898,121.612548,13199996.0,17690418.0,12511434.0,16295312.0,17097058.0,19092548.0,25677232.0
臺北市文山區辛亥路四段２５２巷２弄５號,25.00180491,121.5544961,15500001.0,15786850.0,12719470.0,14190812.0,15864305.0,18641484.0,23305034.0
臺北市文山區萬安街１２巷４號六樓之２,25.00135999,121.56997,10745735.0,17188808.0,13189526.0,14198068.0,17618728.0,19340904.0,26248574.0
臺北市士林區承德路四段４９號,25.08089801,121.523201,31250008.0,31354848.0,19070418.0,24013970.0,29384844.0,31026932.0,45438150.0
臺北市內湖區瑞光路２３１號四樓,25.0744499802005,121.578390012299,19359986.0,17608012.0,14487242.0,15084792.0,17573588.0,18365992.0,26645560.0
臺北市士林區德行東路８１巷１４號,25.10800802,121.527545,35500028.0,28692048.0,17755118.0,23909400.0,25230732.0,30383902.0,42360444.0
臺北市中山區民權東路二段９號,25.06281699,121.528581,9700004.0,8246210.0,6528330.0,7067605.0,7534965.0,11484619.0,13219976.0
臺北市北投區溫泉路１３９號,25.13995799,121.512059,3750001.8,4231196.5,3253673.5,3578061.5,4600763.0,7406207.0,9227200.0
臺北市萬華區萬大路１８６巷２弄９號,25.02817701,121.500093,12299995.0,13643787.0,9291361.0,10359214.0,14676338.0,17201894.0,22799068.0
臺北市文山區辛亥路七段６９巷１７號,24.98257401,121.554784,19909988.0,20946516.0,18006570.0,22088722.0,22307234.0,27698280.0,30321262.0
臺北市信義區忠孝東路五段７４３巷１５號,25.0436399900558,121.581349997586,26499996.0,17778432.0,7915953.5,8642531.0,18484952.0,21856170.0,28509192.0
臺北市內湖區港墘路２６巷８之１號,25.082708,121.577682,20580002.0,19250000.0,15104427.0,18165114.0,18618990.0,21734408.0,27053192.0
臺北市士林區中山北路六段４０５巷６９號六樓之２,25.1166599873065,121.526179975609,64000012.0,53370996.0,35009030.0,44908696.0,59363092.0,81595070.0,95993520.0
臺北市士林區德行東路２５８號二樓,25.109499997976,121.534419973164,58000004.0,48304124.0,27993312.0,35220204.0,54116320.0,66689000.0,87991210.0
臺北市松山區健康路３２５巷２５弄６號十三樓,25.0563799799682,121.56684000118,43969996.0,30932214.0,10874456.0,18121960.0,31962048.0,32094122.0,52560596.0
臺北市文山區景興路２５８號十一樓之１,24.9900800059503,121.542689977932,10800002.0,13035889.0,12217900.0,12277236.0,12369799.0,15722754.0,19605240.0
臺北市士林區美崙街６２巷２０號,25.097622,121.522717,16500011.0,20148370.0,15334768.0,18337918.0,19299742.0,21524382.0,27985624.0
臺北市中山區農安街９號,25.06510101,121.523358,6200002.5,6523761.5,5937211.0,6860572.0,6930548.0,10983225.0,11642358.0
臺北市北投區稻香路１６１巷１６弄２之３號二樓,25.14250303,121.4889525,19300000.0,17838554.0,4635127.5,10193864.0,18202814.0,24296390.0,29872078.0
臺北市信義區信義路六段３１號七樓,25.034720010606,121.575909974787,7999997.0,10295885.0,9549237.0,10339869.0,10858310.0,13096324.0,15112899.0
臺北市中山區林森北路５３６號,25.063898,121.525544,16279997.0,13060776.0,10025836.0,12034561.0,13870175.0,16184576.0,21376440.0
臺北市大同區重慶北路三段９巷１６號三樓,25.06418998589,121.51454002667,12800001.0,14186022.0,10352834.0,10702964.0,13368438.0,14030059.0,20737892.0
臺北市萬華區康定路１０３號九樓之１,25.0394800096003,121.502019977897,11199999.0,15757249.0,11416064.0,12446384.0,14850754.0,18105342.0,24424024.0
臺北市松山區八德路四段１８１巷２７號三樓,25.0496599986449,121.56317995934,15999987.0,14653485.0,10119070.0,10850319.0,12071620.0,15211428.0,22337888.0
臺北市北投區光明路２０７號十一樓,25.136349999875,121.503610024929,35999972.0,36151420.0,17268330.0,27183900.0,39285732.0,53617200.0,61482972.0
臺北市中山區新生北路二段６８巷８號十二樓之７,25.0566800101924,121.526850024949,17800012.0,14566042.0,8381974.0,9855708.0,13999345.0,17325240.0,22498320.0
臺北市中山區林森北路６５１號四樓之２,25.0676600099856,121.525930027257,32349974.0,29576756.0,14278290.0,21278608.0,29179924.0,31419084.0,43435270.0
臺北市大同區歸綏街１８５號八樓、八樓之１,25.0582499825667,121.512740012963,13800008.0,13906121.0,10505102.0,11150782.0,12839295.0,17048636.0,22061480.0
臺北市中山區南京東路三段１９４巷３號四樓之３,25.0517542685367,121.542715071957,35580016.0,36105116.0,14616973.0,23210104.0,38740824.0,42845556.0,55595796.0
臺北市大安區和平東路二段２６５巷６０號,25.02811901,121.544005,33500028.0,27609244.0,5472156.0,11459849.0,23157350.0,26663504.0,44570348.0
臺北市信義區松山路２２５巷１７之１號,25.04488202,121.578366,25999984.0,27571618.0,17335586.0,25982732.0,29784008.0,37313508.0,41301972.0
臺北市大同區承德路三段２９７之１號,25.075453,121.520469,10879995.0,10887178.0,7570756.5,8796154.0,10690416.0,12566872.0,17779790.0
臺北市萬華區雙園街４０巷７號三樓,25.0294099911253,121.494130008618,9000001.0,7581782.5,5742043.5,5904456.0,7888492.0,13587458.0,14094135.0
臺北市大同區民權西路２６８號十二樓之６,25.0627400004597,121.512010033015,24179982.0,22629238.0,11423208.0,16217053.0,22860944.0,24164030.0,36367612.0
臺北市士林區通河街３２３巷２７之１號,25.08130998,121.51863,5420000.5,4692655.0,3146370.8,3452684.0,5455476.5,11244113.0,11687390.0
臺北市信義區永吉路３０巷１１９弄４０號四樓,25.0430199806779,121.569939964251,26079998.0,20036582.0,16918672.0,18689262.0,20872694.0,23155980.0,29889118.0
臺北市松山區寶清街１８之８號,25.05023198,121.568676,23150018.0,21778936.0,14563458.0,15722394.0,21014064.0,24752356.0,34210180.0
臺北市信義區信安街１５９號十一樓,25.0225699809485,121.555040041709,11632503.0,16462477.0,13677581.0,13978027.0,14290795.0,19826164.0,22659040.0
臺北市大安區辛亥路一段８６號,25.02120201,121.531555,32799988.0,31947422.0,22911844.0,28592074.0,30915756.0,39191284.0,50327110.0
臺北市中正區博愛路２２３號四樓,25.0339488501658,121.510681361198,459700160.0,800636400.0,863960.8,46806710.0,246367820.0,339773980.0,381998460.0
臺北市中山區明水路５９１號二樓,25.0807600026395,121.551589966543,47500030.0,34960720.0,22998228.0,28754284.0,36931724.0,44087652.0,63283836.0
臺北市北投區明德路１１８巷１２號,25.10938198,121.520801,22400010.0,18881740.0,15650318.0,18981184.0,21744982.0,27500976.0,31333386.0
臺北市大安區忠孝東路三段２４８巷２４號,25.040859,121.5410595,32649998.0,32137920.0,19986772.0,26161356.0,28791986.0,35667600.0,44246532.0
臺北市士林區重慶北路四段８１號四樓之９,25.08164002,121.5122,12800001.0,9428449.0,7456454.0,8307201.0,10590404.0,13558050.0,17417450.0
臺北市大安區敦化南路二段６３巷６５號十樓,25.0310300034615,121.551979976498,51800030.0,39578980.0,23558842.0,33495172.0,40289770.0,47186420.0,61164244.0
臺北市士林區中社路一段１１巷７２號三樓,25.1097799954516,121.562270019931,8158000.5,7859918.5,1828905.0,6127092.5,8813939.0,12951328.0,15034869.0
臺北市北投區公路８９巷１號,25.13289,121.50253,34579984.0,20823704.0,7623792.0,15113620.0,20674268.0,27079416.0,29877376.0
臺北市中正區信義路二段１６１巷２弄１號三樓之３,25.03438,121.52853,13499990.0,12424136.0,7887641.5,7994719.0,9499407.0,13496540.0,18826900.0
臺北市內湖區內湖路一段２８５巷６５弄９號四樓,25.0844300189449,121.567430003345,17880010.0,16102794.0,12215174.0,13570132.0,15534096.0,16658438.0,23300368.0
臺北市萬華區康定路１０５號,25.0392682,121.5020232,19644992.0,42878584.0,24721404.0,32627524.0,47194790.0,53158764.0,75505000.0
臺北市士林區環河北路三段１７１號二樓,25.0869600125994,121.504990021468,8500000.0,10526022.0,6159626.0,7814759.0,12038648.0,16035121.0,16484126.0
臺北市萬華區成都路１３９號十一樓之１,25.04345999,121.50342,39000012.0,42230400.0,18918186.0,32228464.0,46933028.0,60780236.0,80635080.0
臺北市北投區大同街２２８巷８號二樓,25.1392399962709,121.499670027522,6620002.5,9327726.0,6290795.5,6657858.0,8455606.0,13832527.0,15195160.0
臺北市中山區長安東路二段１６號,25.04839701,121.530637,8550000.0,11963864.0,8449092.0,10272680.0,11548871.0,14844665.0,17242034.0
臺北市內湖區民權東路六段２０６巷１２１弄３８號二樓,25.0650500110654,121.59697000943,48999990.0,39130332.0,17987004.0,21857712.0,38625060.0,47381132.0,60550210.0
臺北市士林區美崙街４９巷１號,25.0967300008502,121.522439970413,6500001.0,4152223.8,4422667.0,4853816.5,5572469.5,11432778.0,11768456.0
臺北市大安區安和路二段３５巷３號,25.03182201,121.552837,49979964.0,33935670.0,19251470.0,26643220.0,28520342.0,33048604.0,44122560.0
臺北市中山區松江路２號十二樓之７,25.0467200041966,121.533220019905,7999997.0,6324132.0,4477844.0,4682462.5,5854658.5,10123471.0,10711296.0
臺北市南港區中南街１１７號,25.0522446,121.615284,16879994.0,11738618.0,4747332.5,7647648.0,13128662.0,15434155.0,19167236.0
臺北市文山區仙岩路１６巷７０之１３號,24.9962300178577,121.550230002753,9400006.0,8981738.0,6849478.0,7082753.0,8600909.0,10710765.0,14194818.0
臺北市松山區民生東路五段１２２號,25.05857101,121.561184,49299976.0,46079280.0,27018024.0,40772932.0,42763830.0,53285550.0,73206530.0
臺北市萬華區環河南路二段１５５巷１４號五樓,25.0333900121196,121.493210010926,13550010.0,15322635.0,11588102.0,13173411.0,16154167.0,17743642.0,24712068.0
臺北市中山區德惠街３４號八樓之２６,25.06656999,121.52635,6299999.0,4956989.5,3934239.2,4068609.0,5012533.0,7918830.0,9520357.0
臺北市中山區龍江路１００巷１之２號三樓,25.0524399825616,121.540110028135,19180000.0,19534878.0,11677430.0,13738370.0,19051296.0,21753776.0,28031140.0
臺北市文山區溪口街１１５號,24.996170003431,121.537429998413,11999996.0,18591560.0,10825286.0,12153288.0,17351828.0,20041818.0,26210002.0
臺北市萬華區民和街８１巷９號,25.025184,121.498166,21100012.0,25700506.0,16519882.0,21788992.0,30180476.0,36138184.0,44767156.0
臺北市中正區南昌路二段８９號,25.02722801,121.521045,20800006.0,22571002.0,12502536.0,15787272.0,19567358.0,22606632.0,33045894.0
臺北市信義區忠孝東路五段７１巷１２弄７號四樓,25.0420600013072,121.566819968432,28279996.0,18715802.0,12625566.0,15377296.0,17489088.0,18521126.0,25279336.0
臺北市中山區民生東路一段７０巷７號,25.05759012,121.5265033,6879999.0,9224349.0,6003016.5,6498421.0,9712537.0,13728652.0,15482982.0
臺北市內湖區康樂街１１１巷３１號二樓,25.07053999,121.62046,2200000.5,2094857.4,3470729.0,4309969.5,4552829.5,6752283.0,8644558.0
臺北市大同區南京西路１８５巷１９號三樓,25.05494001,121.51247,4879999.0,6409049.0,4603137.5,5622874.0,5847365.5,8510407.0,11963704.0
臺北市松山區新中街６巷１１號七樓之１,25.0583799858849,121.561060008389,45499984.0,37863320.0,22067668.0,31907290.0,34656844.0,39372976.0,52994964.0
臺北市中山區農安街１９號三樓之６,25.0648599933204,121.532809977202,13000010.0,12626192.0,9938768.0,10161039.0,12276346.0,13327906.0,19558216.0
臺北市士林區天母西路４８之７號二樓,25.1183299976952,121.525110025669,15000010.0,18458248.0,16383259.0,17176058.0,20978782.0,24901232.0,29388544.0
臺北市文山區辛亥路四段７７巷９２弄９號,25.00877882,121.5612194,11479998.0,11531768.0,9800782.0,10785036.0,11199978.0,14151322.0,17476350.0
臺北市士林區中山北路六段４４４號,25.114153,121.527412,16899998.0,14431863.0,13926692.0,14455721.0,14656532.0,20771500.0,25061664.0
臺北市信義區吳興街６００巷７６弄８２號,25.01837299,121.57001,15259987.0,13059830.0,10085870.0,11128366.0,13609323.0,15985040.0,19847126.0
臺北市中正區中華路二段２９９號二樓之６,25.0295500108178,121.504609985978,6500001.0,4485695.5,2087944.4,3394192.2,4743427.0,9524444.0,12071459.0
臺北市士林區忠誠路一段９０號,25.10507741,121.5278301,26999992.0,28291972.0,19446772.0,26112800.0,29315036.0,32456462.0,39719492.0
臺北市士林區承德路四段２０號,25.0801399932616,121.521860026532,15000010.0,12673748.0,6640223.5,7252949.0,13657248.0,16145111.0,21632710.0
臺北市松山區南京東路五段２３巷１５弄７號五樓,25.0529599958346,121.557749994825,18999984.0,19944576.0,14256818.0,18198336.0,18897594.0,20646958.0,26756634.0
臺北市大安區復興南路二段５５號六樓之１,25.0310600106749,121.543760011691,15379995.0,15273760.0,9871228.0,11282267.0,12173750.0,16745278.0,23811918.0
臺北市士林區中山北路六段４０５巷４５弄１５號四樓,25.1163900062053,121.525819972868,59500028.0,49171884.0,29899838.0,41144796.0,46965268.0,59088704.0,86064940.0
臺北市中山區林森北路２６０號三樓之１,25.0545699917965,121.525319992344,8599999.0,7008138.0,4962334.0,4979785.0,6890906.0,11787034.0,12686857.0
臺北市內湖區文德路２１０巷３０弄６號,25.07723001,121.5843,15000010.0,16114346.0,12489356.0,14182586.0,18386672.0,19917472.0,26945666.0
臺北市內湖區陽光街１６１巷１２之３２號,25.07457001,121.585052,11699992.0,13236932.0,10065211.0,10143321.0,12491952.0,16187725.0,21105486.0
臺北市萬華區東園街６７巷２號四樓,25.0266199908343,121.497229971689,12969992.0,16933330.0,10379348.0,13512148.0,19073366.0,20099126.0,27699336.0
臺北市中山區明水路５５５號十五樓之３４,25.07910001,121.55209,12800001.0,9699893.0,8411699.0,10809234.0,10848684.0,15344746.0,17444846.0
臺北市中山區撫順街４１巷３號,25.06421199,121.519352,11500007.0,10005739.0,7075778.5,7409902.0,8709808.0,13354320.0,15876776.0
臺北市中正區汀州路二段１２１號,25.02511301,121.519284,13600008.0,13655737.0,10424146.0,12593026.0,12632166.0,16264447.0,21147072.0
臺北市內湖區東湖路１１３巷４９弄４７號,25.0694000092658,121.615060000501,7999997.0,22959088.0,14988313.0,17675342.0,20750394.0,24374508.0,33711616.0
臺北市萬華區武成街１２５巷７號三樓,25.0193299981855,121.493440010349,8500000.0,7278747.0,3150820.8,4371375.0,8357517.0,10839438.0,13081045.0
臺北市信義區忠孝東路五段３６４號六樓,25.0407600100342,121.573679969448,9999996.0,12055973.0,9154311.0,9712908.0,10253809.0,15629646.0,16833214.0
臺北市信義區忠孝東路五段４６９號十九樓之３,25.04097002,121.5771,17599986.0,13817971.0,731471.06,6826315.0,13986107.0,19093238.0,22587668.0
臺北市中正區臨沂街３３巷５號,25.03966001,121.530218,23679984.0,18480792.0,12669035.0,12745139.0,17999290.0,21333102.0,29980816.0
臺北市內湖區安康路３５０號二樓之２,25.0659299851702,121.61217997857,10899998.0,16178681.0,9827663.0,11311981.0,16632690.0,17058914.0,25217308.0
臺北市文山區指南路三段７７巷５號,24.98272401,121.580468,25680024.0,31127938.0,17974932.0,22490898.0,33819230.0,38873760.0,50972924.0
臺北市大安區泰順街４４巷２１號,25.02394499,121.530096,10300010.0,20365898.0,15113591.0,17899904.0,19507326.0,24810824.0,31813646.0
臺北市文山區仙岩路２２巷３１號二十樓之１,24.9984000087708,121.549990028865,25999984.0,28237522.0,13335586.0,28517784.0,29738766.0,34175748.0,44091772.0
臺北市北投區光明路２０３號二十二樓,25.1361000096128,121.503710021034,43290040.0,38425264.0,2062936.2,31114582.0,59801644.0,65757100.0,67473440.0
臺北市北投區公路２５７巷５弄３號二樓,25.13289,121.50253,13179996.0,17384326.0,7755327.0,14323842.0,19844476.0,25982980.0,26652420.0
臺北市內湖區星雲街１５０巷４０號七樓之２,25.0797299924678,121.597200008853,27199976.0,21444802.0,15043360.0,18555390.0,23074328.0,23410352.0,34490010.0
臺北市士林區至善路二段９０號四樓之２,25.0977100129694,121.546060005923,21000000.0,19221456.0,11748608.0,14554073.0,20352150.0,22216494.0,30429836.0
臺北市松山區南京東路三段３３５巷２１號二樓之７,25.0534500018942,121.547609987458,8650001.0,6778116.0,6230790.0,6668272.5,7411619.5,9808581.0,13626492.0
臺北市北投區新民路６２巷１５弄１號,25.13935002,121.5110127,13899996.0,14257008.0,7269922.5,10467840.0,16219930.0,18704096.0,24490126.0
臺北市大安區光復南路１１６巷２８號二樓,25.0429799989997,121.556550041566,49999988.0,37873000.0,15580416.0,22612540.0,31704852.0,33669396.0,54703804.0
臺北市士林區環河北路三段２０３號,25.08789698,121.504199,23260004.0,27444752.0,13950832.0,23359506.0,34619976.0,41671504.0,47039676.0
臺北市信義區吳興街２８４巷８號,25.025025,121.563709,29399980.0,24352808.0,17802084.0,22491456.0,27825840.0,28349230.0,36748540.0
臺北市中正區中華路二段２９９號,25.02958501,121.504592,7099998.0,5311064.0,3174636.8,4041157.0,5098718.5,9921249.0,10571836.0
臺北市內湖區港墘路２６巷５號十三樓之１,25.0830799877099,121.577730021243,30560008.0,25957716.0,20266426.0,26015808.0,27892260.0,32349850.0,43146524.0
臺北市文山區木新路二段１６１巷２４弄２號三樓,24.9825899791823,121.569219958768,16999994.0,15655215.0,12521604.0,15171471.0,20746042.0,23913416.0,25761116.0
臺北市文山區景福街５８號十四樓,24.9990799906659,121.537820008368,27499980.0,25674098.0,20201898.0,25068214.0,28782212.0,33458330.0,43534224.0
臺北市中正區汀州路二段１２１號二樓之３,25.0250799837639,121.519279992915,11050002.0,13838834.0,9917994.0,12232731.0,12570756.0,15146692.0,21596388.0
臺北市內湖區星雲街２６號五樓,25.07808999,121.59081,14239996.0,17636850.0,12363171.0,15095614.0,16230173.0,18075426.0,24776492.0
臺北市內湖區文德路１０６號六樓之１,25.0783100142508,121.583069964118,11999996.0,10476649.0,8485252.0,10076121.0,10335650.0,13242437.0,16468476.0
臺北市中山區新生北路三段１號十四樓之２０,25.063009981561,121.528000022065,6180002.5,6043548.0,4879208.0,4925910.5,6049516.0,10834684.0,11300530.0
臺北市內湖區新豐街１９號二樓,25.05942999,121.58259,37700024.0,33631336.0,13685305.0,18888404.0,34548410.0,41332628.0,55288284.0
臺北市南港區福德街３４３號二樓,25.0394800096003,121.588639990235,17399984.0,10386161.0,15220.273,7405571.5,18785182.0,20331316.0,24264898.0
臺北市北投區泉源路２８號七樓之１１,25.13968,121.50657,4149998.8,5611651.0,3663912.0,4132030.0,5546257.0,8365292.0,10327866.0
臺北市南港區福德街３７７號四樓,25.0397064503849,121.589272506797,20800006.0,19164934.0,13862822.0,16463639.0,20549956.0,23436356.0,32593128.0
臺北市大安區復興南路二段３２９號,25.02372798,121.543584,33159986.0,33577944.0,17766806.0,30503462.0,36369070.0,41755600.0,52366464.0
臺北市大同區重慶北路一段８９巷１９號四樓,25.0531500135796,121.514770026093,9999996.0,8112111.0,5372926.0,6461441.0,6736293.5,10190268.0,13348743.0
臺北市萬華區西園路一段８０號十二樓之３,25.0392099865895,121.499749990879,27999986.0,33437532.0,21259864.0,25339002.0,35809384.0,41367330.0,52796110.0
臺北市南港區經貿二路１５７巷３６弄１０１號,25.06206002,121.615061,20000004.0,17161388.0,10508690.0,12362204.0,18682632.0,20505204.0,27137740.0
臺北市萬華區艋舺大道２０４號,25.03260002,121.499446,16980000.0,19003064.0,14665984.0,18537314.0,19599182.0,21869056.0,29193730.0
臺北市中山區復興北路２２２號七樓,25.0566699938181,121.543609975625,27599978.0,28297316.0,16134183.0,22053066.0,25298678.0,30564962.0,37441548.0
臺北市中山區林森北路６５７號,25.067774,121.52592,6399997.0,8217884.5,5017473.0,5590583.5,8481716.0,12098774.0,13307915.0
臺北市士林區士東路８９巷１３號,25.112614,121.52851,7800001.5,8456323.0,6249547.5,6471376.0,8174035.5,12720488.0,14516867.0
臺北市北投區中山北路七段２１９巷３弄３９號七樓,25.1270900085229,121.530639986289,20300006.0,17424926.0,9629586.0,16007496.0,17440054.0,21475420.0,26695156.0
臺北市內湖區金龍路４７巷１０號,25.085253,121.593519,16830002.0,18996504.0,14923587.0,19018946.0,19955308.0,23647846.0,27803558.0
臺北市中山區合江街１８０巷５號三樓,25.0611900189245,121.538879983844,21349996.0,24277352.0,17789830.0,21708184.0,24403722.0,27627208.0,33122628.0
臺北市內湖區康樂街１８６巷１７號三樓之２,25.076930017712,121.620370019982,6500001.0,6879605.0,4604331.5,5163516.0,6580335.0,8977781.0,11272716.0
臺北市松山區八德路三段１２巷５１弄２４號,25.046058,121.551602,37500010.0,38279692.0,22859332.0,30842254.0,31172856.0,38996590.0,55461920.0
臺北市內湖區成功路二段４２６巷７弄１３號五樓,25.0716699962838,121.589190010721,15999987.0,15975409.0,12481830.0,13380377.0,15415708.0,18855290.0,24859710.0
臺北市大安區信義路二段６６號,25.03433208,121.5261752,51999990.0,35240970.0,17737652.0,24725836.0,35259590.0,38097740.0,53882520.0
臺北市信義區信義路六段７２號,25.0350300152949,121.576799965267,25999984.0,15166234.0,9856930.0,10187392.0,14047518.0,18477726.0,24046376.0
臺北市信義區吳興街６００巷７６弄７６號四樓,25.0186299835418,121.570069967569,25999984.0,29914954.0,19243356.0,20217394.0,27393552.0,31129838.0,43938810.0
臺北市北投區明德路２６７巷１０號六樓之１,25.1146000088726,121.521770004892,24999980.0,29649336.0,19065182.0,24283788.0,34278176.0,38578084.0,49080810.0
臺北市士林區中正路４３８號十樓,25.0932800095031,121.518819994069,32759972.0,26305610.0,19779404.0,22875688.0,27492376.0,32902874.0,45161490.0
臺北市內湖區文德路２２巷５９弄２０號五樓,25.0753400125892,121.580090029901,24000004.0,22541360.0,16210837.0,19736632.0,22360056.0,23032600.0,32871510.0
臺北市信義區大道路４２巷１７號,25.0412167,121.5811663,22300002.0,23922676.0,11750759.0,18912992.0,23089164.0,28621374.0,33080452.0
臺北市文山區忠順街一段１０巷１６號五樓,24.9833699990918,121.558339996989,20359994.0,26973742.0,19124182.0,24718480.0,28374548.0,29943440.0,37953120.0
臺北市大安區建國南路一段３０７巷１１號三樓,25.0352999963962,121.538719973312,29699994.0,23399550.0,17491658.0,19993252.0,23801928.0,25334168.0,33409292.0
臺北市萬華區長沙街二段１２８號三樓,25.03535,121.49948,9020005.0,20591662.0,7947618.0,11600398.0,19346216.0,19627352.0,27681536.0
臺北市士林區天母北路５６號,25.12153201,121.52636,41680012.0,41563310.0,21767724.0,34978860.0,46427224.0,53729604.0,69138240.0
臺北市松山區南京東路三段３３５巷２３號三樓之１４,25.0534300110552,121.547630020207,1010000.5,6226507.0,5288285.0,5584578.0,6402695.5,9177948.0,13163464.0
臺北市北投區三合街二段４５６號十七樓之１,25.12666999,121.50217,16800016.0,12048640.0,1520159.2,7536970.0,12942833.0,21054504.0,22122072.0
臺北市北投區福美路２１９號七樓,25.1002499810887,121.504230034307,28200008.0,29286422.0,16424089.0,22705852.0,30655808.0,39540496.0,51408000.0
臺北市中山區合江街１０２巷３８號,25.05862,121.538306,36999976.0,34768270.0,21693200.0,28057938.0,29413890.0,35564890.0,48450468.0
臺北市中山區新生北路二段６８巷８號四樓之２,25.0566800101924,121.526850024949,26200006.0,25840050.0,13640404.0,16657580.0,28550712.0,32349788.0,41080810.0
臺北市中山區新生北路三段３巷５０號,25.06306618,121.5294821,5200000.5,6843092.5,6176938.5,6592879.5,6867635.5,10764136.0,13033701.0
臺北市大同區民權西路１０８號,25.06272902,121.517196,51999990.0,43132948.0,25535790.0,34697588.0,46406684.0,58982520.0,77205816.0
臺北市北投區中和街４０號,25.13825839,121.5026573,4929999.0,5620885.0,4922853.0,5039355.0,6040465.0,9664012.0,10632989.0
臺北市內湖區文德路２２巷５９弄１３號,25.07496002,121.580046,13000010.0,20168326.0,15671945.0,19477954.0,20629834.0,20808180.0,28465832.0
臺北市信義區虎林街１３２巷１９號,25.04022998,121.576217,19750000.0,19456344.0,7825759.5,11486503.0,19183220.0,24687384.0,29516624.0
臺北市松山區南京東路五段３１６號,25.051098,121.568066,10999996.0,9681797.0,8373800.5,9655555.0,9713056.0,14910840.0,16015681.0
臺北市文山區木柵路一段５９巷３０號四樓,24.9878000025581,121.546719996979,8599999.0,9890169.0,8018932.5,8962024.0,9948441.0,12095012.0,15851903.0
臺北市信義區忠孝東路五段４６９號十六樓,25.04097002,121.5771,66899976.0,52456136.0,1897213.5,30916700.0,69233120.0,70605360.0,80940790.0
臺北市內湖區內湖路二段１０３巷８０號,25.08311901,121.580567,32299972.0,32532386.0,21020958.0,30223970.0,30600662.0,34886180.0,48071956.0
臺北市文山區木柵路四段３３巷９號,24.99418999,121.571,13559989.0,18553124.0,14314720.0,15060643.0,18361508.0,20483938.0,29142102.0
臺北市士林區葫蘆街２９巷３２號五樓,25.07905001,121.50988,9500005.0,8381071.0,5909018.5,6381773.5,9679175.0,11464834.0,14998150.0
臺北市中山區林森北路１１９巷２０號五樓之７,25.0504600093935,121.52596003447,5420000.5,7566123.0,6109180.0,6576540.0,7412432.0,9690000.0,12455550.0
臺北市內湖區民權東路六段１９０巷１１７弄４３號四樓,25.0686100148915,121.594229965282,22799980.0,21523192.0,14395519.0,15160797.0,24570694.0,28999822.0,33719396.0
臺北市大安區溫州街１１巷１４號三樓,25.0253699976138,121.53430002813,10800002.0,31704972.0,20549994.0,31017228.0,34359800.0,37393870.0,47735900.0
臺北市內湖區大湖山莊街２０２巷８號三樓,25.0877899886518,121.598389987647,5420998.0,12625229.0,9260735.0,9472738.0,12911199.0,14153130.0,19149440.0
臺北市內湖區麗山街３４６號二樓,25.0822899933356,121.572979996713,17420008.0,17122644.0,12822042.0,14522544.0,16758410.0,18662794.0,24391902.0
臺北市信義區和平東路三段３９１巷２０弄３５號四樓,25.02108001384,121.559210038539,18000012.0,15787302.0,12226316.0,14281313.0,15689891.0,16962164.0,22862034.0
臺北市中正區杭州南路一段１０１巷１８號四樓,25.0375199853617,121.526349960606,25500016.0,15987754.0,10993180.0,12152360.0,16396263.0,20554972.0,25609588.0
臺北市萬華區萬大路４８６巷４６弄１８號三樓,25.0207700091511,121.496299999532,9900002.0,9716484.0,6437294.0,6693261.0,10586829.0,13273085.0,15886166.0
臺北市內湖區星雲街１６８巷４３號十七樓之２,25.07997998273,121.597330012171,18179982.0,21265258.0,11669348.0,17493726.0,22272500.0,24203930.0,34578070.0
臺北市內湖區陽光街６號二樓,25.0731490772687,121.577652237223,26380022.0,28341284.0,17802288.0,19368812.0,25909340.0,26930560.0,40469296.0
臺北市大同區天水路４５號十二樓之２,25.052870016104,121.512919972424,11500007.0,18891288.0,12239756.0,14767400.0,19504646.0,20748258.0,31292476.0
臺北市南港區南港路一段２８１號,25.05453198,121.608495,6229999.5,6149454.5,4240625.0,4704493.5,6004465.0,8956880.0,11087688.0
臺北市內湖區內湖路二段１０３巷１１９弄５號五樓,25.0843399973048,121.581159979841,9179996.0,9933822.0,7647589.5,9246068.0,9321626.0,12468576.0,15705879.0
臺北市文山區辛亥路四段１５８號八樓,25.0040300074052,121.556179980541,24580022.0,22590684.0,14615914.0,17343888.0,24769782.0,27854674.0,38410976.0
臺北市松山區新東街５５號三樓,25.06187,121.56508,15999987.0,14165824.0,11460461.0,11618356.0,14707190.0,18072910.0,23359906.0
臺北市內湖區大湖山莊街２３巷１９號四樓,25.0852200133191,121.602799958364,1612599.8,53241160.0,22013184.0,27708848.0,48495400.0,59557140.0,85359520.0
臺北市信義區忠孝東路五段４６９號十七樓之９,25.0409700186183,121.5771000374,55570030.0,39465304.0,3422728.8,24617744.0,46165144.0,47514616.0,59634210.0
臺北市中山區松江路１６４巷６３號三樓之２,25.0557100144474,121.530560022933,15700009.0,17767348.0,12608696.0,12745139.0,16267084.0,17865046.0,26602598.0
臺北市南港區重陽路１６６巷１０弄１３號四樓,25.0565399904999,121.600550004095,13499990.0,9575574.0,5960642.0,6996472.0,9092865.0,13147356.0,16185718.0
臺北市信義區忠孝東路五段４９９號三樓,25.0413500121987,121.578480033939,24000004.0,21710172.0,8879832.0,15333569.0,19612944.0,25059800.0,29201806.0
臺北市萬華區萬大路９０巷５弄３號,25.03002698,121.499705,14260000.0,17005766.0,12545318.0,13999639.0,16709194.0,20087244.0,25890470.0
臺北市信義區松山路５８２號,25.0342124,121.5812608,19979986.0,13474728.0,10838612.0,11290533.0,15998278.0,19303276.0,23581770.0
臺北市中山區遼寧街６２巷７號四樓,25.0505199819107,121.541809961918,14000013.0,24841888.0,14213566.0,19490664.0,22777248.0,24395996.0,33854536.0
臺北市南港區成福路７９巷２弄１２號三樓,25.04286999,121.58726,8700004.0,13169190.0,8562191.0,9703335.0,12949154.0,13858883.0,19850456.0
臺北市內湖區行善路２５巷７號八樓,25.0558300013914,121.576199988637,22280020.0,21111164.0,13788642.0,15969864.0,23636212.0,28820556.0,34947584.0
臺北市北投區中央北路三段４０巷１９弄１１號四樓之３,25.1386600104806,121.48490002448,12700003.0,11970461.0,5500346.5,8038687.0,12807938.0,15643395.0,20163326.0
臺北市松山區八德路三段１５８巷８弄１０號,25.04757802,121.554814,37280000.0,35572620.0,20751384.0,26889396.0,31092038.0,38771650.0,52331520.0
臺北市信義區莊敬路４７８號,25.02648102,121.568168,17710000.0,16613159.0,14419592.0,15251345.0,15821275.0,19465772.0,22733020.0
臺北市內湖區內湖路三段６０巷３３號,25.08846221,121.5930694,54180040.0,49488400.0,28344904.0,32882232.0,49857424.0,65377668.0,83615960.0
臺北市大同區民族西路７６巷２弄１０號二樓之２,25.0679299910869,121.517260038069,23880004.0,22576728.0,14176068.0,18074806.0,23951120.0,26258438.0,34831730.0
臺北市萬華區寶興街５７號二樓,25.026660014422,121.494069994192,3000001.0,4058664.8,4180199.0,4346333.5,5222200.0,10962568.0,12373574.0
臺北市北投區新興路１５８巷３３之１號五樓,25.1393899904282,121.485699993319,8880002.0,11055378.0,5441250.0,7374575.5,10914332.0,13762131.0,17817200.0
臺北市南港區忠孝東路六段１３０號九樓之５,25.047930015739,121.58535000942,16399985.0,13625530.0,9810564.0,10619288.0,12610572.0,14996148.0,19987190.0
臺北市內湖區康樂街４８巷１８之１號五樓,25.069129986255,121.617399976411,12880011.0,15111833.0,10679880.0,13489797.0,15125790.0,17953894.0,22784678.0
臺北市大同區延平北路四段２９４巷１５號,25.07754102,121.5096619,15000010.0,28788856.0,15299710.0,19793066.0,32885746.0,35906640.0,48839320.0
臺北市松山區南京東路四段１３３巷５弄２１號,25.05207202,121.555907,13499990.0,11688460.0,9714260.0,11017320.0,11148889.0,14443319.0,18319530.0
臺北市北投區幽雅路７號,25.13729598,121.513111,7500001.0,8740921.0,4804153.5,6773605.5,9169322.0,11215840.0,14037607.0
臺北市士林區葫蘆街３０巷３９號,25.081881,121.509921,9000001.0,12531614.0,9930355.0,12642964.0,14258341.0,17127804.0,20290058.0
臺北市文山區木柵路四段１４１號,24.99835001,121.57402,31999990.0,28278700.0,16384821.0,20315540.0,29108716.0,33138994.0,42601336.0
臺北市中正區臨沂街７１巷１９弄３號三樓之１,25.0353900180363,121.529450007495,24999980.0,23062008.0,13914452.0,18116430.0,23976488.0,24167072.0,37008376.0
臺北市中山區林森北路１０７巷３０號二樓之４,25.0499899941729,121.526030023362,6659998.0,5878801.0,4713439.5,4980246.0,6151167.0,9466308.0,11366353.0
臺北市士林區士東路２７２號,25.11325601,121.537001,26499996.0,36756600.0,21479106.0,30483046.0,34789300.0,49650736.0,62084560.0
臺北市文山區汀州路四段１９１號,25.00418201,121.535736,56000000.0,45881080.0,27988880.0,42505884.0,53041684.0,61887824.0,84023960.0
臺北市北投區光明路２４２號,25.1361148,121.508004,11740006.0,16152904.0,11951274.0,14057327.0,18011002.0,20302640.0,27057526.0
臺北市中山區松江路２２１巷２７號七樓,25.0584400003117,121.535639959171,48800024.0,45461730.0,27351524.0,36454840.0,38344656.0,44252776.0,68623496.0
臺北市松山區光復北路２３０巷３號十六樓,25.0559600047096,121.554249963516,35000016.0,28348040.0,18835160.0,28174094.0,31964304.0,39672320.0,47182820.0
臺北市中山區大直街６７巷２８號四樓,25.0836899807135,121.547839986881,18679996.0,14310216.0,13042305.0,14069908.0,16140739.0,20421092.0,23145780.0
臺北市松山區塔悠路８７號六樓之１,25.05215001,121.57049,16899998.0,20811078.0,14407880.0,16208301.0,20749722.0,24177352.0,32308968.0
臺北市大同區承德路三段３０１巷２２號四樓之１,25.07565999,121.52135,15049989.0,17700510.0,8155993.5,12058480.0,18574370.0,21595072.0,29226658.0
臺北市北投區幽雅路７號十樓之１２,25.13731999562,121.513130022918,7099998.0,10273346.0,3167415.0,6980869.5,9507763.0,11526622.0,15075703.0
臺北市士林區至善路二段４２１巷３２號,25.1062399824645,121.556300009394,52605530.0,42003384.0,17305556.0,24129856.0,37789944.0,44117260.0,78351220.0
臺北市士林區通河街３２３巷１７號,25.0811899942724,121.518489998541,5000000.0,5022509.5,3071375.5,3490932.0,6084828.5,13332839.0,13647586.0
臺北市松山區八德路三段１９９巷２１號六樓之２,25.0492600142254,121.556449961642,10069992.0,8199378.5,6453294.0,7398660.5,8616894.0,11689954.0,13458263.0
臺北市信義區基隆路一段１０１巷１號九樓,25.0448500015982,121.568180016041,91072940.0,49546296.0,25129540.0,38089310.0,47274344.0,71887320.0,86540500.0
臺北市內湖區文德路２０７巷５弄６號,25.0789799797717,121.587060001486,20000004.0,20910430.0,12835818.0,15295100.0,19082426.0,21763780.0,30559424.0
臺北市萬華區萬大路３８６號八樓之１,25.0219016594723,121.498772902012,23500006.0,28718218.0,14707330.0,22618192.0,35442388.0,41580120.0,50111504.0
臺北市北投區溫泉路３５之３號四樓,25.13402,121.50356,14000013.0,17048668.0,11175523.0,13530072.0,16252260.0,19815240.0,24499236.0
臺北市大安區忠孝東路四段３４１號十一樓之４,25.0415600207828,121.557350010405,26279984.0,19853448.0,9683496.0,12950785.0,19077804.0,21532924.0,29949838.0
臺北市文山區福興路８２巷１弄１５號,25.00664701,121.550349,11500007.0,11785595.0,10117082.0,11033680.0,12397954.0,15594092.0,18371386.0
臺北市南港區重陽路１９９巷２０號四樓之２,25.0569900148814,121.599140000343,28599982.0,21459942.0,14505906.0,16365613.0,25527220.0,28309246.0,36456024.0
臺北市中山區錦州街３９３號,25.06036,121.541367,3000001.0,4696514.5,5226126.0,5511536.0,5515969.0,7951780.0,10932687.0
臺北市松山區八德路三段２２５號,25.04825402,121.557022,10893326.0,14881377.0,13038002.0,13195264.0,13924063.0,20404624.0,21854754.0
臺北市文山區萬安街７２號三樓之５,25.0020100106495,121.57110001965,12500008.0,15433978.0,12116902.0,12428852.0,16273415.0,17231646.0,23750140.0
臺北市北投區溫泉路６８巷２７號五樓,25.1347099966997,121.506330036328,10999996.0,16136676.0,11034712.0,14599503.0,15252886.0,18563284.0,23513368.0
臺北市大安區安和路一段１２７巷２９弄１５號,25.03573699,121.55352,24999980.0,12961880.0,1711394.1,5622386.0,13111570.0,20428650.0,25171368.0
臺北市萬華區西園路二段２８１巷１３號三樓,25.0241599860714,121.492409958268,8500000.0,8684602.0,6417232.0,6923261.5,9938162.0,14926177.0,15929039.0
臺北市中山區民生西路４５巷７弄１６號二樓,25.0586899905739,121.521379994937,15800014.0,13050567.0,7182519.0,7264239.5,11245679.0,13850216.0,21179364.0
臺北市北投區大興街９巷２６號四樓,25.1305799815481,121.497719977748,15999987.0,16259236.0,10733056.0,13017776.0,15052056.0,18271582.0,23113664.0
臺北市信義區和平東路三段３９１巷７弄４號,25.01980601,121.55812,9819999.0,16956276.0,13278985.0,15830391.0,17954888.0,19819586.0,26055684.0
臺北市信義區瑞雲街３６號,25.01608,121.576492,6050001.0,6605391.0,5317678.0,6186152.5,6474191.0,8979905.0,11607281.0
臺北市北投區中和街３８２巷２弄９號二樓,25.1427199948312,121.499059992609,9500005.0,11262444.0,8881543.0,9532749.0,12020360.0,15487294.0,17399552.0
臺北市中山區長安東路一段５３巷１６號,25.04967701,121.526585,11999996.0,8368467.5,6354214.0,6820998.5,8121043.5,11531768.0,13697474.0
臺北市文山區萬美街二段２巷２４號,25.00352258,121.5629436,899999.6,780538.4,3184397.5,3771564.0,3776109.5,6187279.5,7945397.5
臺北市北投區中和街５０２巷１４弄６號二樓,25.1473400160425,121.494659996356,7999997.0,10037431.0,4759036.5,7783119.5,12651962.0,14470590.0,16951362.0
臺北市內湖區成功路五段４５０巷５號十二樓,25.0744200148966,121.607219987366,41000024.0,31543380.0,18407550.0,24238162.0,32865428.0,34817650.0,48083600.0
臺北市松山區八德路三段１０６巷１號三樓之７,25.0475900038367,121.553819971883,19600004.0,38805236.0,17292160.0,24678204.0,35191396.0,44483976.0,51987696.0
臺北市內湖區五分街７２巷７號四樓之１,25.066840008398,121.616430022575,12507998.0,13118374.0,10162938.0,11091474.0,12901426.0,14619176.0,20897830.0
臺北市內湖區安泰街９１號六樓之１,25.0768099888586,121.616409989827,16579984.0,20426664.0,12096028.0,12757616.0,20258620.0,24715700.0,31042796.0
臺北市文山區政大三街３５號,24.985951,121.58191,13090005.0,14715019.0,11448292.0,12379547.0,16413160.0,16651068.0,23876088.0
臺北市中山區遼寧街１０１巷１號二樓,25.05064999,121.5431,11299991.0,11852661.0,7214971.0,7331897.0,10830594.0,14637172.0,18866944.0
臺北市中山區雙城街４３巷１號,25.06755498,121.524483,6850000.5,6552156.0,5437940.5,5756568.0,6520589.0,11293118.0,12178232.0
臺北市中山區林森北路５３６號六樓之５,25.0638200086839,121.525540017302,12360012.0,10803504.0,8116583.5,9472485.0,10742907.0,13923585.0,16413535.0
臺北市士林區芝玉路一段２２３巷１６號五樓,25.1088099997066,121.533109965517,10999996.0,18921868.0,15429887.0,18517488.0,20113008.0,23616520.0,28233268.0
臺北市內湖區內湖路一段９１巷５５號四樓,25.0886700046662,121.562570008246,15999987.0,16108170.0,14308114.0,14395794.0,17835832.0,19686628.0,28029214.0
臺北市大同區昌吉街６１巷３５弄１號,25.06677999,121.515062,2053610.4,3579795.5,184527.61,4359152.5,5420652.0,9415707.0,9598486.0
臺北市萬華區富民路９１巷１０號二樓,25.0190399843357,121.499229977606,9400006.0,7351585.5,4208226.0,4869891.5,7999913.0,10899312.0,13275921.0
臺北市信義區莊敬路４０８號三樓,25.0272099929989,121.566040032341,16500011.0,15255010.0,11656156.0,12026002.0,14112534.0,18018596.0,21179646.0
臺北市士林區中山北路七段１１４巷６０弄４號五樓之３,25.1229299861579,121.535360003605,21800008.0,22187064.0,12030866.0,20112088.0,20462812.0,24669544.0,29948866.0
臺北市中山區北安路６２１巷６弄２４號,25.08250398,121.54827,18500014.0,14607525.0,12679382.0,13202464.0,17329438.0,21365476.0,24815084.0
臺北市北投區行義路１４２之５號,25.129857,121.528211,7400001.0,9834789.0,5810948.0,7630935.0,11286980.0,14885891.0,17692240.0
臺北市中山區興安街７７號,25.05640508,121.5432426,29699994.0,32071052.0,15420854.0,24150436.0,26589864.0,36499650.0,40575650.0
臺北市南港區玉成街１８４巷１２號二樓,25.0435899920033,121.584439986192,22900004.0,18304336.0,12325076.0,14099028.0,18433126.0,20958704.0,25156538.0
臺北市文山區羅斯福路六段１７０號,24.99481398,121.540947,63480040.0,61971572.0,39569170.0,49035520.0,70616670.0,102688460.0,120797110.0
臺北市中山區南京東路一段１７號五樓之３,25.0523699936701,121.52374997806,127000104.0,78826830.0,21278972.0,34666960.0,76195380.0,96972720.0,146820860.0
臺北市中山區德惠街５２號,25.06656982,121.5272006,6200002.5,6035012.0,5651835.5,6379741.0,6738427.0,10862681.0,10879040.0
臺北市中正區三元街２１６號四樓之２,25.02752,121.51232,8319997.5,7838793.5,6533935.5,7699122.0,7893488.5,10959264.0,13332152.0
臺北市北投區吉利街２８０巷２７弄１１號,25.11765002,121.510615,18699994.0,23093964.0,15986321.0,21579588.0,23108594.0,27813476.0,33759550.0
臺北市內湖區康樂街４８巷１６之１號,25.06908401,121.617472,8440000.0,14404940.0,11682643.0,13326229.0,15388710.0,18375662.0,21979998.0
臺北市信義區信義路五段１１５號十一樓之１,25.0336299860075,121.573890019941,16999994.0,12728668.0,9584856.0,9722602.0,11038290.0,15245034.0,18619488.0
臺北市內湖區內湖路一段２８５巷６９弄５２號,25.08497899,121.56927,15800014.0,16543972.0,13055596.0,14966973.0,16062670.0,17589214.0,23606026.0
臺北市中正區臨沂街５０之４號,25.03627301,121.528399,25800012.0,22662238.0,14144036.0,20057382.0,20990870.0,24130086.0,34020440.0
臺北市中山區樂群二路１９８號五樓,25.0796799944153,121.558869984727,26999992.0,28906880.0,17814176.0,21663720.0,26603360.0,29843318.0,41817930.0
臺北市南港區成福路８３號,25.04305799,121.586894,3999999.8,6182401.5,5853391.0,6742991.0,7689553.5,13352766.0,14557154.0
臺北市信義區吳興街２８４巷３９弄４號二樓,25.022380005113,121.563870041428,16659995.0,14640886.0,11950477.0,12041426.0,14684542.0,16926936.0,21890130.0
臺北市中正區三元街２１７號,25.02766702,121.513382,12250009.0,8566201.0,7701707.0,8787820.0,9132372.0,13001448.0,14695806.0
臺北市北投區振興街３１號二樓,25.1179800113281,121.522339974308,36999976.0,34701424.0,21509362.0,27316748.0,34682570.0,37975710.0,53693132.0
臺北市松山區光復北路２２０號十八樓,25.0557499961256,121.555410018915,35459970.0,27168296.0,15322080.0,26897296.0,30328492.0,38518896.0,45059788.0
臺北市南港區中坡北路５０巷２號,25.0463799922943,121.580899973205,8900002.0,9224209.0,5560578.0,5643777.5,8703672.0,14036992.0,15647871.0
臺北市信義區吳興街４４９巷２弄６號三樓,25.02409,121.56891,30299986.0,22138028.0,15901961.0,18274824.0,26004546.0,29110382.0,36036108.0
臺北市中正區衡陽路２６號七樓之１,25.04219998,121.51284,42000020.0,39427010.0,14029202.0,22636792.0,46371380.0,50005136.0,64748620.0
臺北市信義區永吉路５０２巷５號二樓,25.0449399813288,121.580090029901,11999996.0,13348157.0,7914761.0,8156888.0,12559803.0,18474238.0,21327040.0
臺北市信義區忠孝東路五段７９０巷２２弄１７號六樓之１,25.0423899968352,121.582070003069,24679992.0,27307998.0,16154198.0,19112148.0,29152110.0,32527732.0,43594216.0
臺北市士林區天玉街１０號三樓,25.1236558301448,121.531498430005,22200016.0,20258156.0,9796858.0,16619181.0,19663248.0,24078916.0,29954180.0
臺北市中山區合江街１８０巷１５號六樓,25.0611900189245,121.538449992211,22999982.0,22164138.0,17041484.0,21581442.0,21719448.0,23791534.0,30263484.0
臺北市松山區健康路１５巷４８號九樓,25.0553599861708,121.553180013575,28800004.0,23969582.0,20354052.0,23609764.0,27124908.0,34274972.0,41688280.0
臺北市松山區八德路四段６３６號,25.049832,121.574493,18725014.0,18078736.0,11197628.0,13722081.0,19630946.0,21180900.0,29422644.0
臺北市中山區長安東路二段１６號四樓,25.04815,121.53952,8480002.0,9829463.0,5157349.5,6496964.5,9107584.0,12014699.0,15223648.0
臺北市中山區新生北路三段６２巷１６號,25.065702,121.527014,24499984.0,26929788.0,14629217.0,21968514.0,24195576.0,25469684.0,41507696.0
臺北市文山區木柵路一段３２０號二樓,24.9885299825056,121.557320003192,9000001.0,10250269.0,6635564.0,7812620.5,10874870.0,14662628.0,16726126.0
臺北市文山區指南路二段４５巷１４弄５號,24.98906001,121.57483,3000001.0,5904275.5,5319676.5,5956596.0,7279503.5,8813830.0,10629217.0
臺北市士林區芝玉路二段８９巷２號四樓,25.1126300101693,121.534960019186,16999994.0,14963348.0,10639948.0,13241402.0,15962768.0,16944994.0,22645344.0
臺北市中山區樂群二路１５６號五樓,25.0795600074714,121.557299970443,25800012.0,23175554.0,16841498.0,17848798.0,23588924.0,26518956.0,36752044.0
臺北市中正區丹陽街２７號,25.0395300076527,121.523879981378,53879948.0,42567140.0,19384188.0,23575834.0,35665900.0,39198610.0,57070748.0
臺北市大安區忠孝東路四段１０１巷３０號三樓,25.04286999,121.54802,28999988.0,26441732.0,6679175.0,16279313.0,24155828.0,33780100.0,36754780.0
臺北市松山區健康路８巷１號三樓,25.0523099792433,121.552869966977,32580014.0,24584524.0,17234504.0,21610604.0,24725696.0,27108304.0,37333510.0
臺北市北投區溫泉路７１號六樓之３１,25.1356400107665,121.504969988719,4499998.0,4840157.0,4917241.5,5249308.0,5446556.0,8133088.0,9611071.0
臺北市士林區中山北路六段２３６巷９號五樓之２,25.1082699955945,121.526179975609,38780004.0,35511068.0,21695352.0,29581664.0,40304372.0,46934372.0,60042572.0
臺北市南港區研究院路二段１８２巷７９弄１０號,25.03700601,121.613655,12500008.0,11542110.0,7403502.5,9181590.0,12425653.0,15538630.0,19335592.0
臺北市北投區中央北路二段９５巷８號三樓,25.1364499959799,121.494980017419,3999999.8,10413197.0,6554099.5,7200241.0,10143360.0,12436630.0,16163999.0
臺北市北投區中和街３６８號,25.14199601,121.499116,10524998.0,13525918.0,8581058.0,12778486.0,13474779.0,16999800.0,22171072.0
臺北市文山區木柵路一段３３５巷１１弄１１之１號四樓,24.9889000016213,121.556699993814,11500007.0,14171661.0,10665569.0,11672152.0,13177180.0,15557699.0,18723014.0
臺北市文山區和興路２６巷５之１號二樓,24.9853599886342,121.54612002035,13000010.0,13676564.0,10587798.0,11148060.0,13923452.0,17293018.0,20656884.0
臺北市士林區德行東路２６６巷１３號五樓,25.1094000018711,121.535420018032,20000004.0,22604132.0,14876127.0,19851896.0,22075708.0,26093630.0,32422184.0
臺北市內湖區康寧路三段９９巷１７弄９５號,25.07649001,121.612002,22999982.0,27785004.0,18840478.0,19212330.0,27002568.0,30047910.0,40036510.0
臺北市萬華區寶興街３６號,25.02733199,121.493194,7800001.5,8183941.5,3948345.8,6271304.0,10107689.0,14283874.0,15621033.0
臺北市士林區忠誠路一段１１５號四樓,25.1051499997755,121.528829998117,42999960.0,31939744.0,21392470.0,28014464.0,30737660.0,34446024.0,50671940.0
臺北市士林區文林路４９７之１號,25.09650799,121.5241386,28800004.0,26463628.0,17607776.0,25832116.0,26396280.0,31638040.0,37378110.0
臺北市松山區南京東路五段２５０巷３６弄３７之１號,25.04987998,121.568028,14499987.0,13150114.0,7766718.0,9307697.0,12447690.0,18615014.0,23376488.0
臺北市大同區環河北路二段２８７號九樓之１,25.0711900065985,121.509439973864,24999980.0,23954408.0,16818290.0,17972772.0,24956816.0,27847078.0,38444470.0
臺北市松山區市民大道四段６３號,25.04526201,121.546638,22499994.0,27914294.0,14318324.0,23303078.0,24104096.0,26322172.0,36080812.0
臺北市北投區公路１４５巷２弄４號四樓,25.13289,121.50253,13600008.0,13748750.0,6283648.0,10707292.0,14419372.0,18570650.0,20682748.0
臺北市文山區下崙路３３巷４號三樓,24.9856000044316,121.558750039692,2074999.9,3143218.5,4624151.5,5091833.0,5941952.0,7719045.5,9697821.0
臺北市大安區泰順街１６巷３５號,25.02543198,121.529678,35500028.0,27868332.0,16248200.0,20627356.0,24726638.0,33889490.0,44101444.0
臺北市中山區長安東路二段１０５號七樓,25.0485200179035,121.535250033036,11660003.0,12686082.0,8950271.0,10484165.0,11235452.0,14822116.0,19198812.0
臺北市中山區林森北路１３３巷２６號四樓之３,25.050859993813,121.526079979505,5549998.0,8259180.0,6331301.0,6964750.0,7789297.5,10423490.0,13616100.0
臺北市士林區通河街２５號,25.080077,121.523208,22999982.0,21368288.0,15067912.0,19105734.0,23054268.0,23903792.0,34347616.0
臺北市北投區中和街３８２巷２弄７號三樓,25.142800000097,121.499020010931,9799997.0,12018848.0,7135023.0,9064259.0,13548821.0,15787001.0,19611260.0
臺北市文山區萬隆街５６號七樓,25.0007399846803,121.537299995095,24499984.0,20707496.0,15613080.0,20541138.0,21656530.0,23525660.0,29462460.0
臺北市內湖區江南街７１巷６５弄９號七樓,25.07597,121.57892,15500001.0,16836842.0,11473497.0,14279515.0,17424428.0,18446104.0,25877338.0
臺北市信義區信義路五段９１巷１２弄１號,25.03372659,121.5714009,26579976.0,19882438.0,13314745.0,14794606.0,22378316.0,24055366.0,31470304.0
臺北市松山區民生東路五段１９８號,25.05871929,121.5644857,15400014.0,17714324.0,8741271.0,15270352.0,17834744.0,26294272.0,26310528.0
臺北市中山區建國北路三段７４號,25.06556701,121.535877,14099996.0,13226332.0,7164383.0,11289586.0,13237008.0,16469638.0,19690496.0
臺北市內湖區康寧路一段１９５巷１弄５號,25.07874902,121.597124,20800006.0,16783682.0,13156888.0,14940447.0,17268924.0,21468170.0,27082258.0
臺北市士林區中山北路七段８２巷１０弄３０號三樓,25.1201699930803,121.532389960034,17880010.0,17546524.0,12936959.0,14817791.0,18961356.0,22887122.0,27246242.0
臺北市文山區保儀路１０９巷３弄３０號,24.98616398,121.56907,12299995.0,11979094.0,9891848.0,10641693.0,13671686.0,19315062.0,19608118.0
臺北市信義區和平東路三段１６９號,25.0240698,121.5532162,13639988.0,14094000.0,9995592.0,11794163.0,12806472.0,15124174.0,20587972.0
臺北市南港區松河街７７０號,25.06154998,121.61176,8560003.0,10590868.0,7514434.0,9524480.0,9903949.0,13029152.0,15989187.0
臺北市中山區新生北路三段８２巷１６號,25.06702801,121.527004,18000012.0,14114123.0,8975812.0,12058825.0,13485809.0,16150840.0,21263880.0
臺北市南港區園區街４２號八樓之５,25.0591600057945,121.612019968038,29999978.0,25588836.0,13080022.0,16360338.0,25031520.0,26229056.0,36017830.0
臺北市萬華區莒光路２９９巷９號,25.03056401,121.499238,22000004.0,27437738.0,17666748.0,25137688.0,26795498.0,33064556.0,45459304.0
臺北市松山區南京東路三段３０３巷６弄８號八樓之１,25.0523300119919,121.547430027997,22300002.0,23075780.0,15757429.0,17742322.0,21998410.0,22940922.0,35125076.0
臺北市北投區自強街１８０巷１０之２號,25.110773,121.517232,17500000.0,18142294.0,13365914.0,16402394.0,18008116.0,20600030.0,26921418.0
臺北市大安區安東街３１號二樓之７,25.04422999,121.5426,8500000.0,9776548.0,6866469.5,7231814.0,8649671.0,12839417.0,16571006.0
臺北市信義區莊敬路２８５號七樓,25.0288699870132,121.563020032627,32500012.0,24527196.0,16291583.0,24349836.0,24788308.0,26378010.0,35288860.0
臺北市松山區富錦街７７巷２弄８號四樓之１,25.0602600048577,121.552019958176,22000004.0,13683217.0,9167853.0,9352543.0,15830028.0,18704310.0,22464874.0
臺北市信義區忠孝東路五段３１巷１８弄２９號,25.04171299,121.566655,26880012.0,19986428.0,12886007.0,16050849.0,18519996.0,19826164.0,28151964.0
臺北市中山區農安街２１０號二樓之１,25.064690008324,121.536470019043,31879976.0,29021126.0,13357835.0,23597788.0,28393820.0,30085186.0,44113390.0
臺北市大安區臥龍街２６７之６號四樓,25.0187500123953,121.555180019492,16500011.0,16368017.0,13526718.0,15197711.0,16336952.0,17615602.0,23418570.0
