土地位置建物門牌,緯度,經度,actual_price_million,pred_mean,pred_0.1,pred_0.25,pred_0.5,pred_0.75,pred_0.9
臺北市中山區中山北路三段３９號七樓之１,25.0660379859926,121.522533009538,5.2,4.926703956696485,3.699485681513709,4.213109578243408,4.607814825906833,5.394791395604311,6.292878642644108
臺北市中山區中山北路二段１１５巷３弄１０號四樓之２,25.0613690144668,121.523758024687,12.000000000000005,8.602728985133528,5.0116830894740145,8.930605218437835,9.363714471372743,11.029883172306487,13.464941464950869
臺北市中山區中山北路二段５９巷２８號五樓,25.0557820149957,121.524109980801,11.460000000000015,5.894559533941062,2.950000000000002,3.834057902536162,5.841853080137449,6.3862692553939455,11.42629092764274
臺北市中山區中山北路二段５９巷７號二樓之１,25.0559760141447,121.523464993352,30.000000000000057,20.62556760225133,16.604466079140828,19.27641743689137,22.352494899413735,24.657796562384345,30.80240250370091
臺北市中山區中山北路二段６２巷９之１號,25.0567450118515,121.522014002093,14.499999999999995,15.511964247039954,10.368093108493195,15.06930754863006,15.426582533794642,16.24219666859571,18.515303964966446
臺北市中山區中山北路二段７２巷９號六樓之７,25.0571079901685,121.522185998746,12.499999999999986,13.875779678576638,10.481513700013421,11.788129622633104,14.064713170306817,15.566154802015753,16.590419115687368
臺北市中山區五常街６５號四樓,25.0644409819806,121.540043978738,16.99999999999998,16.28852114168735,12.580000000000013,12.580000000000013,16.440389566697032,18.16342668555254,20.166349809497337
臺北市中山區伊通街１２９號七樓之１,25.0544049940325,121.534992038056,6.999999999999995,11.3123698279244,8.308934917460144,9.933634708149905,11.241718058354069,15.112484508389635,16.99999999999998
臺北市中山區八德路二段８８巷２號三樓,25.0454190070952,121.535794018552,20.999999999999982,15.227668654672833,13.999899818756882,15.599949247877346,17.801880954286837,18.893831456247856,19.68868592411576
臺北市中山區北安路６０８巷４弄６之２號四樓,25.0813849992498,121.549308999232,9.999999999999998,7.861675666107353,4.566651066777744,7.411287805330729,8.19398475805656,8.901585040267245,10.021678188762001
臺北市中山區南京東路二段１０８號十八樓之１６,25.0518390001039,121.532169013066,15.000000000000007,12.739692313320854,10.492874223375468,11.751583541430866,14.36531421924447,17.694029922726838,21.207032198970854
臺北市中山區南京東路二段１０８號十四樓之１５,25.0518390001039,121.532169013066,19.28000000000001,20.49182643510993,15.82445026652176,18.231083444895162,20.752171496482053,21.508898425857232,31.199999999999957
臺北市中山區合江街１８０巷２號四樓之１,25.0610179803618,121.539082993539,22.000000000000004,20.109660762836562,13.804176669329172,16.636133191332668,18.96074298985238,20.916291057494597,24.864982644807228
臺北市中山區合江街６１巷８號五樓,25.0571550126454,121.539589009033,15.410000000000029,15.366651071416067,13.272875986472908,14.36094464332321,15.116131646611851,16.00000000000003,16.670000000000027
臺北市中山區合江街７３巷３號五樓,25.0588220055489,121.539642820852,36.19999999999996,27.787268867651708,21.92168549468244,25.79993655533675,28.095483427327064,31.114897797763167,33.87110619560141
臺北市中山區吉林路２１８巷１９號二樓,25.0590219977587,121.529410025817,38.25999999999995,32.44750748304386,27.133794902828175,29.201469185689444,32.66045852658967,36.49999999999996,36.49999999999996
臺北市中山區吉林路２２巷２３號三樓,25.0511319865711,121.528689014506,44.379999999999974,42.8950265268765,27.23601231640006,30.505950924057245,50.66952554162006,58.93317855407429,60.93887808863924
臺北市中山區吉林路３６９號二樓之１８,25.065068996076,121.530509982971,8.599999999999994,7.95102046661827,5.508562686685337,6.983937058253584,9.16439373642282,10.759429409372444,12.307966216155407
臺北市中山區吉林路３６９號六樓之１３,25.065068996076,121.530509982971,8.899999999999997,7.794549713992296,7.293381428123048,7.763994667390641,9.571061060946882,10.520076593496078,12.672189565344434
臺北市中山區吉林路４３３巷２９號三樓,25.0670640147603,121.53217303638,21.300000000000022,22.924498920115216,16.558037391435473,16.76214165941076,18.400556870523264,26.02927064292536,30.034621644285014
臺北市中山區吉林路４４０號,25.0663932110492,121.530292891679,16.79999999999998,20.292247312716782,14.499999999999995,14.910529772256485,17.031664620698383,25.231008940804422,35.821646109889635
臺北市中山區四平街１７號三樓,25.0537639879872,121.530933017624,28.500000000000025,24.42507593146679,8.999999999999998,17.49999999999999,28.34643685492581,34.94245737462632,40.49548177703519
臺北市中山區市民大道三段１６９號七樓之５,25.0448106904723,121.540647559585,15.000000000000007,19.518810938656827,14.584826391944647,17.632821901249734,19.106144516403276,22.009586914088143,24.14746363492448
臺北市中山區市民大道二段６７巷１０號四樓,25.0467730197342,121.529015992549,19.000000000000014,15.180156123480606,11.77668429429448,13.381201617914012,15.135475811888778,18.142131922287216,18.48675201326616
臺北市中山區建國北路一段２３巷１７號五樓,25.0473830127378,121.538072974206,18.87999999999999,15.701636198908812,11.604431225917857,16.048158364953405,16.603214654769943,19.06844345925025,21.104878217420584
臺北市中山區建國北路三段８１巷３號六樓,25.0655101340103,121.537448512556,26.5,21.29819866822166,15.511134956413148,19.561073576345976,23.68599728783728,27.77233257548351,29.68717810900726
臺北市中山區建國北路二段１０８號六樓,25.0584254996192,121.536541935772,28.660000000000046,20.73571651659981,14.960815990675808,18.56482019841669,20.58377086861464,24.50100917697538,26.5
臺北市中山區復興北路２８８號二樓,25.0591110135704,121.543923961718,28.88000000000005,20.754975640060643,15.862221216531765,17.748455469045282,20.261851418019774,24.86627967123729,33.99999999999994
臺北市中山區復興南路一段４０號十二樓之１,25.0453659915577,121.543601006988,22.999999999999968,15.913354587611565,12.23645021924864,13.739735835141369,15.827937558501079,19.569946273152617,28.560000000000024
臺北市中山區德惠街３巷１號五樓之１,25.0670760008819,121.523202975059,10.120000000000012,12.498383210740482,9.459658839323636,10.763826506725673,12.766778649498633,14.633853421468991,17.86885301189715
臺北市中山區德惠街３４號六樓之２７、六樓之２８,25.0665869168316,121.526186513494,12.20000000000002,10.121157301836575,6.613873766841786,9.685804440962235,10.696419793070271,12.618106976898773,14.90805151587556
臺北市中山區德惠街４５號五樓之２１,25.0667429878687,121.526995031874,11.50000000000002,8.001776346258412,6.533036459900469,7.143529961409753,8.144083722046469,10.928708971462127,13.120968821444107
臺北市中山區敬業三路１６２巷１５４號,25.0779809826417,121.559851002674,29.799999999999997,24.81387439105408,18.098542232196007,25.548028940454103,27.287938900129785,27.3005575369793,30.278414826164674
臺北市中山區敬業三路１６２巷４０號四樓,25.0778519851518,121.556995036806,36.00000000000004,29.59709433664238,24.14307354087297,27.3267346972874,30.713247914059355,33.648388388002665,35.36423453790415
臺北市中山區敬業三路１６２巷４７號十樓,25.0790370186228,121.558376039173,31.50000000000002,29.44727074813298,23.788067496013223,28.39020239253423,32.96825465919045,35.80249351368062,39.62856728421969
臺北市中山區新生北路三段１號七樓之６,25.0628870190414,121.527990969609,8.160000000000002,8.784969840884786,6.026033340592727,7.767824621620577,9.29680621172648,12.091282368324839,15.300000000000015
臺北市中山區新生北路三段１號八樓之１５,25.0628870190414,121.527990969609,8.599999999999994,8.992420927459607,6.935915025937849,7.386269774452741,8.144083722046469,11.4956293357324,14.103191128251803
臺北市中山區新生北路三段１號八樓之２３,25.0628870190414,121.527990969609,7.300000000000003,5.994938491685648,4.396038042598178,5.381692948583235,6.133793718648992,6.972269088702368,9.667300724774547
臺北市中山區新生北路三段１２號十一樓之１,25.0633199862499,121.527367020737,17.600000000000012,19.13840912063927,15.068666073711631,17.462755769775793,19.43005513894775,20.881589614683474,26.35000000000003
臺北市中山區新生北路二段１２１號二樓之２,25.0590279908194,121.52788703401,15.799999999999997,12.315099348400057,9.991252846436964,10.958861410606243,12.857885544298298,14.513973869079123,17.402161029302263
臺北市中山區新生北路二段１２９之１號六樓,25.0599114015046,121.5280177917,18.50000000000003,18.72251395120373,9.850396113799713,12.831272242590371,15.692374069091684,20.33346372003906,20.688114434147213
臺北市中山區新生北路二段１３７巷３９號四樓,25.0613349839399,121.529133003917,12.499999999999986,12.930454351469528,8.749240534808505,10.714963610150878,12.783633478860981,15.686442850681011,18.37447188344456
臺北市中山區新生北路二段２３號七樓,25.0535240140993,121.527786032077,10.104350000000005,29.32729562322015,25.049999999999997,27.906715435074393,28.62166703737083,32.87040729738471,37.09721587140548
臺北市中山區新生北路二段７４號五樓之１０,25.0571349798968,121.527172979679,6.099999999999997,6.076843542735498,3.309621624925467,4.199932192556639,5.54818016505301,7.80162027810695,8.83198642455945
臺北市中山區新生北路二段７４號六樓之１０,25.0571349798968,121.527172979679,3.000000000000001,6.843214634948588,4.810127935041041,5.936605324224102,7.105474840564696,7.443955214963488,9.294976423197737
臺北市中山區松江路１號十樓之１,25.0458350847689,121.53330098909,24.000000000000004,16.90419664463615,10.142077616463503,18.308787589633308,18.984563611662832,19.32382611508082,25.74494045990527
臺北市中山區松江路２號十二樓之６,25.0462849834218,121.532706963612,10.499999999999995,6.832116230004128,5.01494779550662,6.196719117121082,6.917684827070482,8.818068462868151,10.067770358922568
臺北市中山區松江路５０８之１號十一樓,25.0657980121047,121.533020027696,15.10000000000003,9.400507724593462,7.099441767049767,8.026681744961003,10.132278088701568,10.951663841131404,11.938827134747743
臺北市中山區松江路６９巷６號三樓之２,25.0492709945186,121.533714971288,30.499999999999947,25.724667046407127,22.272475240490973,24.221032402147532,31.199999999999957,34.53164274368263,37.552807756038895
臺北市中山區松江路８５巷７之３號六樓,25.0502539822134,121.534077991515,35.59999999999996,22.45945686779216,17.190161529555184,19.680000000000007,22.36404166417921,26.102387543290916,29.770454439322684
臺北市中山區松江路９０巷２１號三樓,25.0506059802373,121.530407975209,30.99999999999997,26.82535474823,20.346985903769635,22.012067756135536,25.183806954310697,29.316843137722742,35.10806190394877
臺北市中山區林森北路１０７巷３號五樓之２,25.0503310119036,121.525429040904,14.949999999999996,19.618921586142005,17.244714057023693,17.579463387109847,19.975675313446757,21.164528987713364,22.825114747535547
臺北市中山區林森北路１０７巷４１號四樓之７,25.0501140044304,121.526330011676,14.499999999999995,13.021912272222265,9.661816386092813,10.895425759271706,12.735290615031078,16.20371910570599,19.000000000000014
臺北市中山區林森北路１１９巷１９號,25.0506480154817,121.52588300478,3.000000000000001,3.1839254419341767,2.0000000000000018,2.323790007724451,2.931739309787664,3.882786123506449,6.333561306149008
臺北市中山區林森北路１３３巷２８號三樓,25.0508219818821,121.526143011416,11.50000000000002,12.838705134232455,4.473333333333328,11.035654270344503,12.63140076974847,18.040692454914122,22.999999999999968
臺北市中山區林森北路２５９巷９號五樓之２９,25.0543819857083,121.52606388625,5.500000000000002,5.4302380282163565,3.3199352129158286,4.492620508066865,5.49194759696729,7.438350302796399,10.199999999999985
臺北市中山區林森北路３０８號十樓之２,25.056109998867,121.525271964038,9.500000000000014,9.99153629378922,6.321230869984552,8.879999999999992,9.406596918970198,13.130852460097195,16.658870190919636
臺北市中山區林森北路４０９號九樓之１４,25.0596029893773,121.52570203949,6.219999999999998,7.813004161169822,5.472518091703521,6.875830863770979,8.359112730394903,9.295398822124861,10.584853697631237
臺北市中山區林森北路４１３號十一樓之３,25.0597619940805,121.52570899647,13.850000000000003,14.049132829237301,11.100000000000016,11.960625575492974,14.40587325119318,17.761149136630262,24.044990182061373
臺北市中山區林森北路６７巷１３２號五樓之２,25.0476889941132,121.528558005359,20.360000000000035,21.28941658654056,15.119779225934407,16.946044213569472,20.585690525587797,22.74834705692556,28.500000000000025
臺北市中山區林森北路６７巷８３號四樓,25.0481720012837,121.527025039088,22.47999999999997,21.169275765478254,16.679295880784775,20.859953478013402,23.97095701886761,28.90413037283343,31.84433642035308
臺北市中山區樂群二路１７８號四樓,25.0795807107722,121.557985610123,32.68000000000004,30.150797092912633,24.56402105897852,27.27184415239351,29.934741771533943,35.08913452970591,36.00000000000004
臺北市中山區民權東路一段３６號三樓之５,25.0625262200192,121.523858272249,12.36999999999998,12.024639974621588,9.208930190621434,10.697150895311152,11.978046074994865,13.486663248960541,14.837277915531821
臺北市中山區民權東路二段１３５巷３０弄１５號三樓,25.064302010026,121.534347972616,4.750000000000003,5.619279254970694,2.6443673723468186,4.2175123150919696,5.733672398446372,6.713036543878622,8.000000000000002
臺北市中山區民權東路二段１５２巷６號三樓,25.0615330064024,121.534991032227,25.99999999999999,20.923070555390456,14.814489937131102,17.302415514733145,20.38733830488244,23.604496999682087,30.87999999999997
臺北市中山區民權東路二段９２巷８弄１７號三樓,25.0608629989721,121.531026978759,17.99999999999999,17.797846071227568,13.225165061647441,14.778362561528933,17.481796920871364,19.99763910380054,24.60044831702216
臺北市中山區民生西路４５巷７弄５號二樓之１,25.0587780005572,121.521085873955,14.679999999999975,15.277614444855752,12.106405665265939,14.740830473822063,17.015209562268016,18.51234152285219,26.886275897982994
臺北市中山區農安街１０之１號四樓之１,25.0648400024813,121.523610000277,16.500000000000014,14.853979531100435,9.456425306870191,12.700053923557162,14.839212764577614,18.55185331771537,24.500000000000004
臺北市中山區農安街１７６號六樓,25.064548982803,121.534753992006,20.000000000000014,32.38650098155626,25.289113847174363,27.62517356788711,39.31931497567847,45.32796358856912,45.583455546460954
臺北市中山區農安街２０４巷１３號二樓,25.0639589806385,121.536430037365,4.000000000000001,7.233008964464557,2.7642107504063103,4.974734456452337,8.534616146356178,12.40633389012464,13.711992925902482
臺北市中山區農安街３２號七樓之９,25.064797003318,121.526653972234,15.000000000000007,16.568055447394407,9.5577193932444,15.225953527625208,17.824322569976438,20.30449319311025,22.202497329359403
臺北市中山區錦州街２１號九樓之６,25.0604040059542,121.524953032623,11.549999999999983,10.737456702239259,8.193348621567488,9.38758203741317,10.746422638263615,12.496591781830363,14.621518147226334
臺北市中山區錦州街２４２號五樓,25.0601730007027,121.533804992928,16.00000000000003,17.2117277887537,8.800000000000006,15.923637814719715,16.919217728164448,20.536964537739973,22.693611435820408
臺北市中山區錦州街３０巷１２號十樓之１,25.0595389935465,121.524662012944,8.66,8.39622173030086,6.549918517350937,7.238532981344818,8.677156533977733,10.102478312817352,12.000000000000005
臺北市中山區錦州街５０號九樓之２５,25.0601629843284,121.526106969233,5.050000000000003,6.647835558810933,3.763754647083333,5.857473858242991,6.952813353927136,8.576607669538959,9.501262892053164
臺北市中山區錦州街５０號五樓之３,25.0601629843284,121.526106969233,8.000000000000002,8.589266979693425,6.022178071115238,7.243165973376129,8.98983335549057,12.000000000000005,15.300000000000015
臺北市中山區長安東路一段５１號十一樓之１,25.0489230198082,121.526109986718,36.19999999999996,34.72237557234992,26.339134382131867,32.21360152369958,35.75420171166947,39.660037438820865,44.35853414479353
臺北市中山區長安東路二段１０５號五樓之３,25.0485359854291,121.535251960873,9.400000000000015,8.82105933817723,5.130000000000001,8.678586268139778,9.899619138054923,10.037450128155534,13.274873646572441
臺北市中山區長安東路二段１８９號九樓之１４,25.0483807944918,121.542773629326,12.000000000000005,8.334894976513718,7.707559191550777,8.222848037207964,8.78779039592091,9.497794360423972,10.478606805052507
臺北市中山區長安東路二段２０８號七樓之１,25.0481849932336,121.541916998821,45.08000000000004,31.400968151580148,25.535117936117835,30.614981348757397,33.640653832582665,38.2690438415059,40.963000438605036
臺北市中山區長安東路二段２０８號十三樓之１,25.0481849932336,121.541916998821,40.50000000000005,27.333155634618244,14.371847480404197,19.35291359405499,24.24312411277611,29.545323031678397,37.36615467833636
臺北市中山區長春路２５８巷２６號九樓之４,25.053546980514,121.538957013534,13.659999999999984,11.796491720481006,9.03325282879104,10.675389062624603,11.953202945057535,15.1863116242354,21.080000000000016
臺北市中山區長春路３６８號十二樓之２,25.0544230151244,121.542666005689,3.7500000000000018,5.123643511558623,2.630995704656889,4.409351295909765,5.239962585446695,6.576450631890357,7.301036469759966
臺北市中山區雙城街１２巷５之２號四樓,25.0645639864097,121.523430040816,10.930000000000014,10.829595029743807,6.876260734721367,8.659528657916056,11.023179706133869,15.435323918955655,17.815563922076507
臺北市中山區雙城街４３巷２１號五樓,25.0675929966697,121.525132992084,7.700000000000007,8.594808369398447,6.241912511073692,6.999999999999995,8.911438345442807,9.81152701969959,10.99467506001222
臺北市中山區雙城街４３巷７號七樓之８,25.0675530149916,121.524801990727,5.479999999999999,3.7289417648783725,2.499999999999999,2.89646815381689,3.6135740318132132,4.7913755691637085,5.951171435168494
臺北市中山區龍江路１０６巷３號二樓,25.0529190083281,121.540093012871,25.302800000000023,20.278878096729915,15.665468608566217,18.289067106352206,22.191203670455423,30.000000000000057,32.49999999999996
臺北市中山區龍江路１７９巷１３之１號三樓,25.0551260053437,121.541329008314,15.199999999999978,9.61153982064832,6.0312336395282,7.553166895676867,12.188068904251143,13.825110754608042,19.858671991541488
臺北市中山區龍江路３３３號七樓之１,25.0630440120879,121.54106699002,40.999999999999986,30.39271824680652,18.23337562642474,24.238399287081634,32.088409582571344,39.11569855558307,47.798058537978285
臺北市中山區龍江路３４２巷３８號五樓,25.0654870015874,121.538918959693,0.18760000000000013,3.2577938789249417,1.9497490230663652,2.1938730279587846,3.6144834378922073,6.0,16.749999999999982
臺北市中山區龍江路３７巷１５號二樓,25.0488700042706,121.541104038032,0.9241999999999997,43.02407208640031,20.765013137825143,22.178862858270552,30.839753454729284,40.61320005643729,55.17792618889459
臺北市中正區中華路一段７號十四樓之９,25.0471059908379,121.510328036505,20.879999999999974,19.675101820389997,14.997970314668157,18.222527171581795,19.936179794637326,22.349999999999973,24.864228882511174
臺北市中正區中華路二段８１巷４３號三樓,25.0332820112972,121.506375969158,16.450000000000024,14.731083619643158,12.040480316413214,13.87801122056481,16.021783597876357,18.26622660481879,19.254854150264944
臺北市中正區同安街７２巷１４號二樓,25.0225369981595,121.519216038994,24.000000000000004,24.359966172639304,16.278218300428136,23.861009781694133,26.45469725610065,34.21443244557565,38.36168052359802
臺北市中正區寧波西街４２號七樓之１,25.0308749801623,121.517978031895,38.50000000000002,28.144644381845968,18.589829625311147,25.049999999999997,28.131171486883563,34.073882233010885,38.92594515046953
臺北市中正區寧波西街８６號五樓之１,25.0298460177285,121.515924968531,22.200000000000003,15.986458873564638,14.187907806911971,16.44475832597119,18.927029426426568,20.41638459285789,24.92737375035907
臺北市中正區師大路１８７號三樓,25.0206939852893,121.526495973359,17.49999999999999,18.563020985534834,12.948531391518083,15.626119698796382,18.04660751651447,22.999999999999968,25.99999999999999
臺北市中正區廈門街３４巷１８號四樓,25.0260540028224,121.516637011206,11.800000000000017,8.39337643373437,3.160448008939644,5.3040432163483695,7.840182565126993,10.826349112011577,16.806011504094073
臺北市中正區晉江街１６９號三樓,25.0213929941046,121.526652966406,20.800000000000004,15.748590280074886,13.624790869479481,14.352150453084272,15.71446873339295,17.43197328681903,20.112006807991023
臺北市中正區杭州南路一段１０１巷２６之１號三樓,25.0373679795476,121.526862011071,30.699999999999957,17.48096784421016,14.1677939992777,16.75874133159522,18.343899012633816,21.661637418331896,21.67289256098348
臺北市中正區杭州南路一段１０５巷２３之２號五樓,25.037113002053,121.52706896026,35.49999999999995,28.43754651254816,14.396426229655791,18.87999999999999,30.09988465819859,33.52386827676405,37.40268452591552
臺北市中正區杭州南路一段７９號十樓之２,25.0392010179531,121.525557032565,37.999999999999964,29.00149140311756,22.76346676868649,25.381223852888894,28.62166703737083,33.69008124709755,38.60258854256613
臺北市中正區汀州路二段２０１巷２號三樓之１,25.0238270149677,121.522522029245,12.750000000000004,12.565282954814975,8.59628981718283,10.065210553274387,12.002440950678983,14.486916994395255,15.565759347246662
臺北市中正區汀州路二段２８７號六樓,25.0220769993132,121.524380967731,21.799999999999972,19.462866893799777,12.742656329096832,15.760710643876422,19.726065739629615,22.228462250921027,25.1362479569783
臺北市中正區牯嶺街８７之３號四樓,25.0270009902432,121.518798033483,2.0000000000000018,2.250662356181307,1.6543259157155847,2.313932735418788,2.589860784528876,2.829084735946093,4.922567913628812
臺北市中正區羅斯福路三段１２８巷１９號,25.0204030075206,121.526751034673,40.20000000000001,23.669585602202982,18.210719458575998,21.343195913269096,24.178145963953806,30.27491531608146,33.68000000000003
臺北市中正區臨沂街３２巷２號二樓之５,25.0396230048685,121.529612029684,19.380000000000006,14.046819970727471,11.998012006039563,12.543659916487528,13.899820622142641,16.297949760163675,16.765144725338825
臺北市中正區臨沂街５７巷３１號,25.0376030081127,121.530931005967,59.49999999999996,19.933296424652006,16.45015197498186,20.271993434598674,21.960275362742518,23.67778259840308,25.22427001568971
臺北市中正區臨沂街７１巷１９弄２５號三樓,25.0370109942914,121.53154196289,59.49999999999996,40.33498622872792,32.25163886147028,35.72321029706319,40.93755451826248,45.949056646110144,50.14170091046547
臺北市中正區臨沂街７５巷１７號五樓,25.0347289792424,121.529044993934,16.99999999999998,10.059446756849919,5.201914446343608,8.944933902804838,9.754777398778002,12.987133323668248,16.493308063361987
臺北市中正區臨沂街７５巷１９號五樓之１,25.0347444019442,121.529019261491,18.87999999999999,10.851250108221706,8.136065583652735,9.353426335746711,11.131154912232256,14.282856857085692,16.99999999999998
臺北市中正區衡陽路２６號九樓之２,25.0421869871403,121.512827017118,45.67999999999994,35.69061285814107,27.813344628804646,34.42335150785419,36.46230588957403,40.616468459538986,47.87011390270858
臺北市中正區辛亥路一段３號三樓,25.0187990046194,121.527602971311,0.4036299999999998,0.36847967940192355,0.3405877273185279,0.367157,0.4800864148849979,0.7599760240853352,2.0289898964755837
臺北市中正區重慶南路三段８１號六樓,25.0254950136996,121.516639022863,22.300000000000008,25.606434310780916,19.40095169730994,24.212859004281746,26.232996044626912,27.761406958675053,32.565505664669516
臺北市中正區金門街３４巷２號四樓,25.0212240149366,121.522438964584,32.49999999999996,28.17731711262092,16.200000000000024,27.699874516650492,33.37950820090799,37.38003711845162,52.08914865322717
臺北市中正區開封街一段４８號二樓之１１,25.0458969851238,121.512038028572,11.979999999999995,14.342772551730315,11.898515889818636,13.065609958778895,14.831453359714226,16.37331036211087,19.380000000000006
臺北市中正區齊東街８２巷３８號,25.0423799804609,121.528491033953,16.500000000000014,16.90780180363671,14.636031152481683,16.944660141837325,19.78882295957258,24.053828751574365,24.339295917823023
臺北市信義區信義路五段１１１號八樓之５,25.0329935398283,121.566515529909,15.150000000000023,9.47288166370009,6.693100556704154,8.193213037110135,10.447178394094637,12.286943432276066,14.678019770991934
臺北市信義區信義路五段１１７號三樓之２,25.0333499890854,121.573914888983,16.60000000000002,14.49741319984464,10.693783077047412,13.617914778620397,15.666617250087954,16.558533299170044,17.390859272275247
臺北市信義區信義路五段１２７號十六樓之１４,25.0339640048491,121.573942993569,32.30000000000005,19.6597462998532,14.796284816875751,17.332192700971834,19.426842078627587,21.51359906312293,24.500000000000004
臺北市信義區信義路五段１５０巷３３０號七樓之５,25.0227201395405,121.579249872391,12.000000000000005,12.5392582495217,10.56935723923134,12.236304358663224,13.015626737125544,14.533090536090343,15.802692284241296
臺北市信義區信義路五段１５０巷３３０號二樓之２,25.0227201395405,121.579249872391,10.850000000000017,9.82431900866577,7.030642475349011,8.879999999999992,9.427516400207098,12.189767999734299,14.895606438480435
臺北市信義區信義路五段１５０巷４２６弄１１號二樓,25.0223168666719,121.578446991888,18.750000000000025,16.1271374065983,14.421799934567689,14.965376381479583,16.02361113147942,18.828588379745504,22.680000000000017
臺北市信義區信義路六段７６巷２弄８５號二樓,25.0330380140958,121.576044001419,19.179999999999975,15.851346600498399,13.035823011883078,15.37591208290239,16.724754363097748,19.460273370612942,20.599112220625194
臺北市信義區光復南路５６７號九樓之１４,25.03075398739,121.557622003163,16.99999999999998,12.754962872279089,10.42091600162185,11.428762966363466,12.524089343451672,13.860401912774698,15.676181602672436
臺北市信義區光復南路５６７號十一樓之２,25.03075398739,121.557622003163,15.68000000000002,12.739529864779563,10.393192452699038,11.38089747174429,12.429291203287018,13.109990498907413,15.307745036610994
臺北市信義區吳興街１５６巷２５弄５之１號,25.0285109901002,121.5611490242,20.04499999999998,19.62835484200372,13.258929504184023,14.751233785179304,16.622277396876434,24.590794731679775,37.08651667736762
臺北市信義區吳興街２８４巷１９弄６號,25.0235830177663,121.563639036177,19.299999999999986,19.519618460601393,15.362809598454286,18.427922495164097,20.008567583002534,23.012504068867717,25.319481670313387
臺北市信義區吳興街２８４巷２０弄４８號四樓,25.024423010193,121.561946981383,14.499999999999995,16.605164565697013,12.40928003106034,15.38146326447818,16.52296247608974,19.84320687185322,24.749134973960924
臺北市信義區吳興街２８４巷５９弄１０號九樓,25.0219299807315,121.563530993445,17.99999999999999,15.627619538275333,12.622597045589616,15.34580077559526,17.715658258294397,19.721611307354294,24.846408191124922
臺北市信義區吳興街３４巷３號三樓,25.0311880023364,121.559676994365,17.37999999999999,13.450853849043261,5.279223043403287,10.8,13.786148437206702,14.759467134573486,17.523066276927636
臺北市信義區吳興街４３２巷１２２之３號二樓,25.0228719809199,121.567836022735,15.799999999999997,16.15916778733244,13.753242295186595,15.418755004742112,17.091731700048797,19.347779879150632,20.24640367686146
臺北市信義區吳興街６００巷１００弄１８之２號九樓,25.0175650208339,121.572149014833,14.380000000000011,14.959471682888063,4.778875823041673,12.000000000000005,16.424704251504593,17.75323136979295,21.424229420328636
臺北市信義區吳興街６００巷１００弄５７號五樓,25.0176519830793,121.572547993424,13.100000000000016,15.394424715517049,11.919933110087143,13.328042254751896,15.836337419308386,16.296290261643883,26.03755985769141
臺北市信義區吳興街６００巷５３弄８號,25.0201139994991,121.570525021092,23.10000000000003,21.550187802213394,17.772525317065327,18.8565559636311,20.998012142904816,24.530139756180162,26.81902404733308
臺北市信義區吳興街６００巷７６弄２０號六樓之１,25.0184597051788,121.570498115183,24.99999999999996,27.53988807405345,23.132944255115646,26.28647378081196,28.64345497701888,36.161936087746284,37.481669106659346
臺北市信義區吳興街６００巷７６弄２２號五樓之３,25.0183737068523,121.570477998615,12.65000000000001,15.144799948894152,11.05067817920549,13.173689520444547,15.915956774805192,19.770827055152054,20.007610543906225
臺北市信義區吳興街６００巷７６弄８８號四樓之１,25.0184410135348,121.569884978966,9.800000000000006,7.7991137301108955,5.500000000000002,7.279057296183414,8.000000000000002,10.994705270439297,13.102334272759116
臺北市信義區吳興街６００巷９８弄６號二樓,25.0183120160449,121.571244020747,15.199999999999978,16.146342757146368,13.905169533034437,14.197291081495873,15.92855482931805,19.05250162454349,22.680000000000017
臺北市信義區和平東路三段１６９號八樓之８,25.0240697967932,121.553216223397,13.200000000000017,12.644402012987252,7.763791797060231,10.318395454292785,12.457418600398386,15.034024493245285,18.89499647012918
臺北市信義區和平東路三段３９１巷４３號四樓,25.0205669994562,121.55919000579,19.200000000000028,15.347405661192441,14.381767830233485,14.79700045957679,15.54344642367925,16.872480703999123,17.133073253112034
臺北市信義區基隆路一段１４７巷１３號四樓,25.0425210059818,121.566386037304,13.000000000000012,9.785117261165508,5.975492687432235,8.244648291282225,9.354693047686734,11.826707547263773,15.23170519120321
臺北市信義區基隆路一段１８６號四樓之３,25.0420789863179,121.564749973623,7.900000000000006,5.47152856552098,3.657155607281964,5.913260336278969,6.421184776489264,6.717841383869687,8.485244699634068
臺北市信義區基隆路一段１９號十二樓之１,25.0484476820791,121.569278883547,23.379999999999992,20.373610365964357,15.000000000000007,18.26993905563907,19.475205771362674,23.368838621985304,25.313732004889577
臺北市信義區基隆路一段３８０巷２４號,25.034694990625,121.558892029132,24.700000000000014,22.07082200288096,12.400605596163327,19.937069560764606,25.14292395462182,32.97675046179393,33.968878177721535
臺北市信義區基隆路一段８３巷１９號六樓,25.0467200041966,121.570729036616,46.00000000000004,38.63213676446825,29.439779590212556,36.59489866904726,38.66503295334737,41.546746206795085,44.9284842673636
臺北市信義區基隆路二段１７７號三樓,25.0250768824597,121.553778816738,42.47999999999993,32.25357574256019,20.240840963447305,25.895917283193555,27.582881586359626,33.5112508004737,39.887462028954346
臺北市信義區富陽街２１巷６弄２０號四樓,25.0223460164956,121.556716003249,17.8,16.86811514849219,13.581375442301661,14.333022287583347,16.777958276961925,19.700719081339418,21.782948777310118
臺北市信義區市民大道六段１０８號七樓之３,25.0489940145281,121.572443303453,14.250000000000018,15.101755803762519,12.222700511950494,14.358066555539397,15.662748601001535,17.409253958848907,18.262357371435453
臺北市信義區忠孝東路五段２３６巷３７弄２５號四樓,25.0381570100031,121.573638981941,13.000000000000012,14.81029352978888,12.233249045131192,14.39546033929174,16.184501900272707,16.469495686147567,21.263254243671255
臺北市信義區忠孝東路五段３４５巷１號四樓,25.0413570110879,121.574151032406,31.199999999999957,20.88779153714226,13.836334734994967,15.448020675571097,20.52306486731984,28.632848269077257,30.660134546021126
臺北市信義區忠孝東路五段４２３巷４弄２９號二樓,25.0414490024752,121.576592010249,29.499999999999964,18.775353201966773,15.022832289064391,16.49106582483594,20.719484165976535,24.524704181616862,26.643288914309352
臺北市信義區忠孝東路五段４６９號八樓之１,25.041034014449,121.577215959121,35.00000000000001,21.6635237398218,14.874112656421548,20.637991581622842,22.577635590701703,24.61702221213968,26.611645531328715
臺北市信義區忠孝東路五段７９０巷５７弄２６號三樓,25.040992985033,121.584435962878,19.49999999999998,13.538738699202948,8.609497320440877,15.804264543430673,16.322748539858335,17.830454079074897,20.186480909363183
臺北市信義區忠孝東路五段７９０巷７０弄１號三樓,25.0402510189639,121.583542032905,15.83000000000003,12.615796975135266,9.721313527371764,10.678617888097689,12.71587017702238,14.069175419517984,16.125805748378145
臺北市信義區忠孝東路四段５５３巷３２弄１號四樓,25.0438329833764,121.562996982393,17.99999999999999,9.219985845904818,6.2675096186127925,7.5618142265983606,10.186628913639682,11.948630611528635,12.540090531494698
臺北市信義區松仁路２８１巷８號二樓,25.0237809983193,121.570339026661,15.000000000000007,14.896207228980177,12.249999999999991,14.677300294680132,14.84526675372733,17.40601704964056,19.434825920175975
臺北市信義區松山路２８７巷８之１號三樓,25.0428170128925,121.578497971212,21.799999999999972,17.192176699125607,14.49130120023318,15.81554459336954,18.15542545115495,18.550448357111065,20.139513400278563
臺北市信義區松山路４６５巷２７弄８號二樓,25.0404049945252,121.579191992795,19.200000000000028,14.50104318909165,11.357448273521765,12.363888462375511,13.460548630979671,18.353433622722072,22.101638350093616
臺北市信義區松山路５１５巷２弄２７號三樓,25.0381519808612,121.579011027505,15.799999999999997,15.010265291409807,13.736815710171834,15.192053323563522,16.294798856571308,17.37281671551088,18.663555525496815
臺北市信義區松山路５４１巷１４弄２號二樓之２,25.0376229989518,121.578547005345,5.500000000000002,16.059012059752817,11.943406407025462,15.54083733633309,16.826975614550985,21.887789554095093,27.073204805360714
臺北市信義區松山路５８８號二樓,25.0342124027644,121.581260804037,16.99999999999998,13.791690313071213,11.44739427912001,12.47482677389552,13.48252840993567,14.976811905621718,20.749999999999975
臺北市信義區松德路２００巷５號五樓,25.0343110156405,121.573881973314,48.00000000000005,34.36520593306132,25.89421915947079,35.78136172338643,37.50232175777867,39.98657176563986,40.64470776305187
臺北市信義區林口街２１號,25.0372319831686,121.579108006125,8.000000000000002,2.584290258019029,0.8791768796184405,2.203759616423864,2.597383788490409,2.9550130948944027,3.245781295461353
臺北市信義區林口街２４巷１６號三樓,25.0374489906418,121.579939993834,16.00000000000003,12.927845901758431,8.11748431283898,12.030581422174572,12.943080432572165,16.792540227045862,20.058836108781737
臺北市信義區林口街３８巷９號,25.0381839997313,121.579910992449,21.500000000000007,15.53522404261284,10.631020845777648,12.533263700590782,14.476365428906842,19.60671173292026,22.740285138983374
臺北市信義區永吉路３０巷１４８弄６號,25.0426220079151,121.568467012406,43.000000000000014,16.898847578414173,12.656750950476887,14.76803383457784,17.789191104548394,19.539006898429257,26.79999999999998
臺北市信義區永吉路５５號九樓之２,25.0458458136049,121.569102779761,23.150000000000002,18.02440487835361,11.859570004300439,18.63394404747465,19.323947661709227,20.735542458647416,28.69930312742805
臺北市信義區莊敬路３４３號三樓,25.02798900708,121.564373039438,22.999999999999968,15.514667119512353,11.031524278734151,13.489564966884451,15.321751071390498,18.277244169124526,21.33725292031983
臺北市信義區莊敬路３７６號二樓,25.0274790101813,121.565077035485,20.749999999999975,20.83766933610748,14.5,21.689236973648452,23.94883356385465,26.637107619122286,29.56179225837473
臺北市信義區莊敬路４４１號三樓,25.0271669938356,121.567132026687,18.179999999999986,15.055489945922604,14.366145256217418,15.890622085476197,16.888696146408318,17.977526528272644,19.370958983039753
臺北市信義區虎林街１３２巷８６號三樓,25.0404609856384,121.574160001042,20.749999999999975,13.653666856379505,10.8,12.883061606426569,13.377185165609086,15.439915004420428,17.89567218750181
臺北市信義區虎林街７０巷１７號五樓,25.0441840174814,121.576357987512,19.000000000000014,16.93111110326727,14.423457442357464,15.573442667581897,16.341834649537994,19.742065480135704,24.000000000000004
臺北市信義區虎林街７４巷５號五樓,25.0437870086375,121.576835001622,20.69999999999997,15.293260388192719,12.322888275800791,13.000000000000012,15.787672581764236,16.391930384509408,18.136813391552536
臺北市內湖區內湖路一段２８５巷６９弄１０號五樓之１,25.0851050136076,121.567628989726,23.24999999999996,24.66349301669189,15.195626923118688,23.03382220943523,24.562548661975203,28.83541464572577,31.504009029060143
臺北市內湖區內湖路一段６５９號十八樓之２,25.0802573818156,121.575335227687,40.079999999999984,31.654437250171995,23.617102966962307,27.427429130481276,30.91151854575761,37.75711853412543,50.29999999999997
臺北市內湖區內湖路一段７３７巷７１號二樓,25.0813780003606,121.579327025255,18.800000000000004,18.168639444604032,15.31467647030064,17.142823166429597,19.60012360613913,20.143658794260496,22.054860466986188
臺北市內湖區內湖路三段１７３巷１號五樓,25.0876370189188,121.589342980454,17.07999999999997,14.790431943828018,10.513566340942335,10.97653399825007,16.642069303499056,17.031487596386842,20.73566135845973
臺北市內湖區內湖路三段３２９巷４弄１０號三樓,25.0883680046948,121.585629964986,9.999999999999998,14.601186959046547,11.774146644415756,14.353026123257276,14.832116788562596,16.58862714183888,18.098747249269792
臺北市內湖區內湖路三段６０巷１２弄１４號三樓,25.0882690144182,121.591796028238,15.599999999999984,15.532209353077697,11.045361017187266,12.20000000000002,15.816559849399479,17.1444908253888,19.251296209358017
臺北市內湖區內湖路三段６０巷１２弄１６號五樓,25.0883130194099,121.591882026564,13.320000000000004,15.279374845795074,12.599016610586016,14.01320805525988,15.839385446378719,16.07974259069131,18.411293053335704
臺北市內湖區內湖路三段６０巷１２弄７２號二樓,25.0892002857706,121.591246175389,8.5,8.128223109866463,6.756709381235335,7.835545304489635,9.49867739810459,10.167037414505547,11.349354384601066
臺北市內湖區內湖路二段１７９巷７９弄８號,25.0854050019222,121.5828360252,28.99999999999995,15.39198966540002,13.921801432338466,15.733910597547855,20.170571398942457,20.53100693556821,29.93718271724314
臺北市內湖區內湖路二段３５５巷１８號二樓,25.0841749157217,121.59200876094,36.49999999999996,39.759420543972944,32.10608833664959,36.49186656010035,38.1557859646437,45.90796628846271,55.57847785240052
臺北市內湖區大湖山莊街１７６巷１８號二樓之６,25.0885593915296,121.598795931267,24.000000000000004,23.818445155219294,17.33570031229238,20.17519976767658,24.943751039190307,29.737124538050423,34.19395143719234
臺北市內湖區大湖山莊街２１巷１１號三樓,25.085135020821,121.602101997287,22.600000000000033,16.588566087628806,12.73050216205184,13.971399357258411,17.479489429049835,21.745672324340823,25.231743349769904
臺北市內湖區安康路３４８號二樓,25.0658920151488,121.612021979695,17.66000000000001,19.731710370405295,10.08626340386632,13.291344895732594,14.552707212051208,18.622602908651853,23.003567491766802
臺北市內湖區安泰街８７號四樓之１,25.0766879902578,121.616926063605,24.749999999999993,33.31071947280753,24.44805896280865,34.4234168000689,35.526788518169944,37.00105359199389,45.464546627014805
臺北市內湖區康寧路三段２１９巷４號二樓,25.0679700146746,121.612190036854,18.800000000000004,19.283381843238885,15.544678454978326,17.719089831928923,20.06283519521273,23.710862336484055,26.91911952357073
臺北市內湖區康寧路三段７０巷１０號七樓之１,25.0692500151085,121.611529961979,28.800000000000036,27.194335761732255,21.86603909482133,23.550000000000022,27.755399046835347,28.097820855687992,29.329715706814287
臺北市內湖區康寧路三段７５巷１７９之１號五樓,25.0772276171843,121.612386341026,27.199999999999992,27.92363004908293,21.510443987427205,25.24723382489764,27.660804272271083,30.662908754796053,33.409621714968075
臺北市內湖區康寧路三段７５巷２１７之３號三樓,25.0764820049873,121.614404032759,13.750000000000025,16.845537062531996,14.30129993631386,15.336170867016138,19.10935263213782,19.81277685792454,22.38168894431339
臺北市內湖區康寧路三段９９巷２號五樓之１,25.0717269932254,121.609927006816,25.500000000000018,24.517472674735213,18.547579835214083,24.230563250751107,26.83403369423632,29.083516648318916,35.58557168109495
臺北市內湖區康樂街１１１巷１弄１６號三樓,25.0700449967152,121.619241983452,15.499999999999986,15.220749511379989,13.030346902449232,14.522248625527485,15.251796628664616,16.95830137292999,18.820605343540752
臺北市內湖區康樂街１６２巷３號五樓,25.073018015862,121.619309038678,14.7,16.77649437297764,13.96177977470345,14.701300178761201,15.705492174435149,19.077207166009227,20.500000000000018
臺北市內湖區康樂街１８６巷１５號,25.0769239827417,121.620317968363,10.199999999999985,10.242974411164473,6.999999999999995,9.004186014196758,9.92093225682992,14.007806446177351,19.089581973572994
臺北市內湖區康樂街１８６巷１９號五樓,25.0769990007752,121.620385023588,7.300000000000003,8.403801796079248,2.423920616069669,6.999999999999995,9.033123959192313,9.914650571987039,11.82831026951522
臺北市內湖區康樂街２０４之３號十一樓,25.0763049791922,121.621279037381,24.599999999999977,31.534142964698564,23.90299504125425,30.69345814556155,33.59583064654502,37.52786130341935,39.36492678905836
臺北市內湖區成功路二段１１５巷７號十樓,25.065262995225,121.591497967761,25.399999999999974,39.533824753353706,34.23690404526939,37.35327311929306,41.71019898504649,47.08833867735291,49.13548505742001
臺北市內湖區成功路二段４２６巷６６號四樓,25.0700120139262,121.58795996643,11.199999999999998,15.101237551051023,12.204153336575754,12.953803229109191,15.361510758615541,17.71273880446252,19.802264495058758
臺北市內湖區成功路二段５１０巷９號二樓,25.0741009996618,121.589151034872,16.670000000000027,15.351071148414267,13.553432981002768,15.35348560423959,18.187815081766047,18.346341063540883,20.50796497910795
臺北市內湖區成功路四段１８２巷６弄４５號十二樓之３,25.0834363024139,121.592716193568,33.8,27.87805868684929,20.337412705286024,25.512334967813466,25.591444912211685,31.97057287255353,36.9455008261789
臺北市內湖區成功路四段３２３巷２弄６號二樓,25.0842920109091,121.599017037823,19.000000000000014,17.821920942007296,15.154704319981498,16.338858122908544,18.11850246877321,20.000000000000014,20.500000000000018
臺北市內湖區文德路１０１巷３弄１２號三樓,25.0791109889183,121.583828023441,20.500000000000018,15.978630051006618,13.026506705005671,13.910849169029678,16.237190560602112,17.224663600643158,18.879217467598863
臺北市內湖區文德路１０６號三樓,25.078184998165,121.583071975775,20.599999999999973,19.692950547680343,13.580000000000021,17.946309543776177,19.732213138743194,22.142159775788617,23.49247677043574
臺北市內湖區文德路２０８巷８號四樓,25.0778270070803,121.583475983508,38.190000000000076,34.09300418437831,20.856379165540343,27.746038176708822,30.471247644550687,33.67224360172253,42.6273885224683
臺北市內湖區文德路５４號六樓,25.0783097208842,121.581109436965,24.99999999999996,27.358346189692615,24.133332127854143,26.163874907241684,31.40657284573894,34.096044188575895,38.945388417068266
臺北市內湖區新明路４２８巷１之２號,25.0545530184426,121.579510002201,21.200000000000003,20.230951463924864,13.082264400594996,18.209917693750523,23.288022895821467,26.781674035528745,28.29102796613933
臺北市內湖區新明路５１３號三樓,25.0536189810623,121.578953024735,4.500000000000002,16.83369888791852,10.73147735671815,14.778115346546532,16.988476907687932,18.302726331412387,18.935672446869734
臺北市內湖區新明路５１３號四樓,25.0536189810623,121.578953024735,4.500000000000002,14.699451335538864,13.037396601261038,13.988648918881747,15.149720261703726,16.85389184208262,17.8
臺北市內湖區新豐街８８號三樓,25.0605796906448,121.583823916309,31.679999999999982,25.984680088052578,17.234218491678984,19.75393768151736,24.99359267369751,31.34059173140397,31.85566200546233
臺北市內湖區星雲街１６８巷４３號十二樓之１,25.0801769993641,121.59724099636,8.079999999999993,6.362935944229154,3.831828747146035,5.65192284470469,6.624983740503714,7.57102063050867,8.640372041425291
臺北市內湖區星雲街２１巷３號二樓,25.078487291503,121.590802772711,18.760000000000016,16.428433092847335,14.43292904807885,14.965376381479583,16.12640911097024,19.007691919545927,20.000000000000014
臺北市內湖區東湖路１１３巷９５弄１３之１號四樓,25.0718010054304,121.615107022978,13.000000000000012,15.010124975299268,11.172543090277747,13.706361745596706,14.256953363176372,14.991702236804718,22.326824967443496
臺北市內湖區東湖路１１３巷９５弄１４８號四樓,25.0698859920119,121.613974041126,17.99999999999999,17.049118474438142,15.063245500648609,16.20529985875324,17.2362584501608,19.299999999999986,20.099999999999977
臺北市內湖區東湖路７６巷３號四樓,25.0684300135208,121.614310993633,16.29999999999999,16.011245363116792,11.626599708600228,16.17422970340698,16.78236340659718,19.36089473761244,21.510604356487566
臺北市內湖區民權東路六段１４６號三樓之２３,25.0688167964429,121.589516821126,11.309999999999995,11.875926114657801,9.358599621939998,9.83878041222591,12.043885567800379,12.844788217784975,14.335824451099809
臺北市內湖區民權東路六段１４６號六樓之２６,25.0688167964429,121.589516821126,14.380000000000011,14.691213034673565,10.572599785034624,10.8,14.401678354510059,16.545000971420162,21.10482092621911
臺北市內湖區民權東路六段１８０巷４２弄１５號十四樓之３,25.0675919908414,121.591999037933,22.349999999999973,21.096278100720646,16.09639170373441,18.26943038781939,21.14476517781711,29.311594754150544,36.78000000000004
臺北市內湖區民權東路六段１８０巷６６號四樓之１,25.0666400161882,121.592530031499,24.30000000000001,21.762259889570142,17.317796013703113,19.490313557644,22.53208010147792,23.45082925739568,29.502643662004214
臺北市內湖區民權東路六段１９０巷１１７弄３７號四樓,25.0644699833656,121.594610000772,22.999999999999968,22.269910899243147,18.72398418420793,20.868940151041357,22.479860347928515,24.162037312192293,30.000000000000057
臺北市內湖區民權東路六段１９１巷１７號三樓,25.0677760155256,121.598143978789,30.38,27.431419262462335,19.68087745145408,22.614287308625205,27.784753990913853,30.40027143704395,34.16759086647964
臺北市內湖區民權東路六段２８９巷２９號三樓,25.0690420181812,121.584353987865,42.66000000000006,39.292463960658566,27.96183144604536,36.88087962940917,39.00647384731077,49.63999999999996,58.736530370800764
臺北市內湖區民權東路六段４１３巷１１號,25.0704529858522,121.602681019158,48.00000000000005,45.66528574787224,23.483239026133806,39.014758140742416,41.845370063138446,52.13181634494688,60.03682629953751
臺北市內湖區民權東路六段４２３號三樓之２,25.0712229893875,121.603932018207,18.66000000000002,18.79886514021999,14.140864245826762,17.8690177101329,18.9964581626468,22.133019288767,27.888169534768675
臺北市內湖區民權東路六段４７巷１６弄８號三樓,25.0698820106079,121.587397959823,9.999999999999998,14.490352378602172,12.031282784864038,14.360347005676434,14.962683406863142,16.663863647359527,17.702994097044733
臺北市內湖區民權東路六段９０巷２５弄１７號三樓,25.0670700078211,121.586582987377,16.00000000000003,17.066581458144697,13.920661805555774,15.091003164953415,17.746831496225205,19.071036368946906,19.45264839823642
臺北市內湖區瑞光路７６巷５８號五樓之１,25.0702430191777,121.579775959989,13.680000000000021,9.527052574929035,7.487385421854354,8.034290483269265,9.652662922426254,13.04808476805921,15.150000000000023
臺北市內湖區行善路２５巷１４號九樓,25.055382994495,121.576033021126,22.999999999999968,26.07504540970444,18.149607782436167,21.095704281376367,27.330251400813143,31.762093499801754,33.41135214208426
臺北市內湖區行善路２５巷２４號五樓,25.0556912808938,121.576584382717,27.520000000000024,27.168208766848903,16.88284205462388,21.09735630997607,25.519795400653592,30.503818020338645,30.80889384199834
臺北市內湖區金湖路３２６巷３８號五樓之１,25.0740600121552,121.603639992701,36.67999999999995,39.686100803485935,31.342821130671872,36.34868715124938,38.225120322752495,43.068152933652925,53.44211822149267
臺北市內湖區金湖路３２６巷４７號二樓之１,25.0739160110587,121.603867980467,25.879999999999956,19.976288596720934,14.177990612782851,16.79999999999998,20.788584479755666,25.317094128926335,30.478726949392257
臺北市內湖區金湖路３２６巷４７號十樓,25.0739160110587,121.603867980467,17.99999999999999,17.10322154216198,13.580000000000021,15.799999999999997,16.812857467954707,20.19135534369486,24.674482201341206
臺北市內湖區陽光街１０１號三樓之１,25.0752639887274,121.585970018798,25.79999999999997,20.536103800927275,16.565014590499686,19.98826902665342,22.480378331811465,25.48839213076481,26.606932989074803
臺北市內湖區陽光街１０１號二樓,25.0752639887274,121.585970018798,27.500000000000018,19.76697330564314,16.53500954419276,18.81164462752972,20.17154055486421,22.518056898769544,25.64374497760428
臺北市內湖區陽光街１６１巷１２之３７號,25.074570009054,121.585052032762,12.390000000000004,13.558073436145726,9.695763972563975,11.58021536367663,13.690236191023125,16.13790722266615,19.380000000000006
臺北市內湖區陽光街９２巷１８弄５號五樓,25.0758389872852,121.585488981374,13.799999999999985,13.31127308961531,8.5,10.98337635948814,12.23979535481649,14.279288081010824,17.016496643838018
臺北市內湖區陽光街９２巷２５弄１９號二樓之１,25.0759628306567,121.584423036161,21.149999999999974,19.138713544001565,14.859718369709062,17.38988211575912,19.294909781715585,21.788755480221848,23.05199678409826
臺北市內湖區陽光街９２巷６號三樓,25.0751779904008,121.585450005525,14.800000000000004,13.558665647976548,7.671626522192983,10.70438638273032,12.886032277120371,15.356584714714065,16.37321468614957
臺北市內湖區麗山街３３８巷９號二樓,25.0823790091473,121.573477965581,22.500000000000004,21.92569959000877,18.347271395426603,19.570385790780932,21.884962210140607,22.947361473164474,24.821598955488614
臺北市內湖區麗山街３３８巷９號五樓,25.0823790091473,121.573477965581,20.30000000000002,21.28597508568088,13.9478780717369,21.087423223008695,23.04864263670805,23.41322297128741,25.367086004452247
臺北市內湖區麗山街３４８巷７之１號五樓,25.08202298781,121.573211001965,17.8,13.985255913907487,12.639016657332329,13.61271651122522,14.521409218849774,14.880000000000004,16.200000000000024
臺北市內湖區麗山街４６巷９號四樓,25.0809309934643,121.579976036018,12.000000000000005,15.446628046984635,10.622127870453207,14.085112892781757,15.505675571008831,17.068055691947166,18.66047243289429
臺北市內湖區麗山街８０號,25.0827960088303,121.578699975078,24.500000000000004,19.88539405440173,15.534375904784344,17.30656499931659,19.920542215568936,21.25684577591355,23.750000000000025
臺北市北投區三合街二段４５０號,25.126945001598,121.50239800173,24.500000000000004,20.40598606206025,10.909666049958528,16.605465615347526,22.111019151581385,28.248893783651074,30.799999999999994
臺北市北投區中和街２３４巷３號四樓,25.1395870070623,121.501725018724,13.499999999999993,16.45103388963039,12.731946768115256,16.082153129513024,16.583685078749852,17.338758314149633,19.541799281882763
臺北市北投區中和街４９３巷３弄１２號,25.144464017425,121.495528026249,17.99999999999999,18.718594208538008,15.17505779586012,18.94462126753577,22.96082341651322,24.672418127648005,30.471634851402072
臺北市北投區中和街５０７巷３弄８號六樓,25.1445210981856,121.494361181508,10.8,15.168090017957221,12.729306017645232,13.713636228623828,14.338546547890395,15.82371107806267,17.950476923950465
臺北市北投區中央北路三段２２０巷１９號三樓,25.1367600006688,121.479929974992,33.479999999999976,39.17049912723064,29.247393046218658,33.000000000000014,40.62053868946187,45.52303403501888,57.23800748725107
臺北市北投區中央北路三段４０巷１９弄１１號八樓之２,25.1383479941349,121.484477995655,16.00000000000003,23.39063257788073,17.54074953275055,20.907232747660508,23.0415493561572,27.252257818616158,31.704644792419003
臺北市北投區中央北路三段４０巷３８弄２２號五樓之１,25.1402932666288,121.485561214004,15.120000000000006,20.89036125938994,16.8663729107072,18.735092912384655,21.344337899573674,27.23189688711404,29.549752148959048
臺北市北投區中央北路二段３８１號二樓,25.1382159791599,121.487208987347,12.326496000000006,20.131219002957064,9.715115709509858,13.891872612185695,20.22225799034693,26.160710526242923,28.228901122779163
臺北市北投區中央北路二段４２巷１１弄１６號二樓,25.1378060202756,121.494942969407,16.79999999999998,20.336707489292404,14.407647067863318,18.340121116552577,21.715940879593585,24.750829882209516,29.73043356822469
臺北市北投區中央北路四段１３８巷３號,25.1337363967363,121.475928873511,16.200000000000024,22.305003268594014,13.129069129451565,19.11801400332974,25.784836274955317,34.45219373861479,36.788836123037186
臺北市北投區中央北路四段４６５號五樓,25.1286459831189,121.469798014252,10.879999999999983,17.090596746713526,13.425808604718382,15.861620407246201,16.073878601530833,19.23569059458872,21.882401713638625
臺北市北投區中央北路四段５４１巷９號十五樓,25.1274570101534,121.468268987475,22.28000000000003,23.061258737879665,17.149504407365608,19.681070598116154,23.15929184145267,30.545567881087468,36.78000000000004
臺北市北投區中山北路七段２１９巷３弄１８７號五樓,25.1292330097078,121.530750962687,36.99999999999993,35.08095005530791,24.782058870553737,30.53716699022189,40.211954723417435,47.36583230862233,68.87999999999991
臺北市北投區光明路１５１巷８號八樓之２,25.1352679799941,121.502045039787,37.999999999999964,36.75974290071849,33.26469141529994,35.43665986177933,41.468127927544025,43.212721512563526,52.72888840700418
臺北市北投區光明路２１８之５號四樓,25.13626299572,121.504282002106,14.399999999999979,20.842832064176093,14.200000000000005,16.465692473298326,18.717128230196174,22.516205662395556,25.76482299548019
臺北市北投區光明路２４２號十八樓之８,25.1361148036719,121.508003986212,18.199999999999992,22.745798869920897,16.586178036258318,18.4697610700335,22.31541876172702,31.9583708999476,36.99999999999993
臺北市北投區光明路２６６號五樓之１,25.1365680131766,121.509897039044,5.400000000000005,5.701389301676269,4.799999999999999,4.799999999999999,5.585182491944854,6.159098256681653,7.014530201479124
臺北市北投區光明路６８號五樓之８,25.1327677001864,121.500225663884,8.879999999999992,10.036716705213795,5.968976817569488,10.640372664691677,11.671336459929364,12.430219086101145,15.51478605812816
臺北市北投區光明路６８號十四樓之８,25.1327677001864,121.500225663884,9.500000000000014,11.319271513349202,8.987700742486206,10.094256761569287,13.094319635259778,15.460000000000022,16.898406249959564
臺北市北投區公路１５９巷１號五樓,25.1323027,121.5026806,12.000000000000005,15.504991435161637,11.015840681774865,13.691988661863194,15.166922927394317,17.365833777091435,19.597513565402046
臺北市北投區公路２０９巷２５之１號四樓,25.1323027,121.5026806,19.699999999999985,22.430507225081854,17.317190072348144,19.891789751369686,22.778190688943454,23.86451104930424,25.56853535109115
臺北市北投區公路２２８巷１１１號六樓,25.1782,121.563,28.99999999999995,27.65920568784957,23.702886150971878,25.40945752482984,27.735347390393034,30.352349169642807,34.49999999999998
臺北市北投區公路５５號二樓,25.1323027,121.5026806,33.000000000000014,41.3676512849124,34.25162285221473,38.65078823858916,40.71691914113443,45.817358447670195,53.40668480577985
臺北市北投區公路６３巷２０號五樓,25.1323027,121.5026806,13.499999999999993,17.502892438989885,13.728119186287138,14.932936875295345,17.999982862818023,20.690385791508206,23.433499913399967
臺北市北投區吉利街１７號三樓,25.1181649999312,121.504447963789,18.50000000000003,16.4302298014805,12.000000000000005,13.621303261409398,15.583837905602328,17.582995186835603,19.501229401969
臺北市北投區同德街１７之２號五樓,25.1252469956527,121.528154081445,29.70000000000004,27.714771142370754,22.183429246237477,25.407929610939384,28.08799801884169,35.10908379538822,36.19999999999996
臺北市北投區大同街２２８巷２０號三樓,25.1394109870956,121.49994202028,9.400000000000015,11.326563673367113,8.531871883954453,9.645666944704105,11.010002629789073,13.826513954812778,15.699999999999976
臺北市北投區大同街２３２號四樓,25.1397613925579,121.499650916783,27.500000000000018,30.988604583061534,25.384261673549233,29.0255611302165,30.939505961952957,35.60238588510086,40.38710424484645
臺北市北投區大屯路２１巷１０弄１號,25.1446770015846,121.499990970595,5.58,8.924992873791306,4.208181563981992,6.118899484014946,8.27692464485611,9.954892723505882,12.725224352648235
臺北市北投區大度路三段３０１巷２８弄９號四樓,25.1226059836906,121.465737987992,9.500000000000014,19.718681539179535,15.306115324052916,17.275870630803176,17.977131190178493,20.313043349430178,25.827227127854478
臺北市北投區大業路５１６號二十二樓,25.1346069831097,121.496542990905,46.00000000000004,45.751070132443374,36.91978051304905,39.8691815420814,51.21988467514503,56.76392239917834,63.57399758812248
臺北市北投區大業路５２２號十四樓,25.1346980105782,121.496610968139,32.49999999999996,40.40863987531159,25.399999999999974,33.46100638563684,40.35178771104974,47.25538923422062,53.49943786433796
臺北市北投區大業路５２８號八樓,25.134798006683,121.496672994223,35.37999999999993,33.28390125733222,31.480830549530083,31.832403211842518,39.76019548995281,43.51043987905487,49.88311787544157
臺北市北投區大業路５２９號四樓之５,25.1351989969309,121.496265969005,2.4400000000000017,11.05841295470059,8.646509337224009,9.643650760992948,10.744179727482495,12.744426387928,14.895368407662833
臺北市北投區大業路６３３號四樓,25.1371829934126,121.498534028185,29.25000000000004,40.224417595508626,12.000000000000005,22.214859891523044,40.93755451826248,48.780120189662185,53.50792760729373
臺北市北投區奇岩路１４之２號四樓,25.1332106837692,121.507197898583,13.158000000000024,23.078974273423686,13.938820973069344,20.088741559371286,23.106907907952177,27.10885831358598,28.600000000000026
臺北市北投區實踐街５６巷２號三樓,25.1148360013565,121.509434022712,12.000000000000005,16.690199164818836,12.219044025649536,16.327553321512557,16.97342242261335,20.492394150836823,23.297310908520448
臺北市北投區建民路１６１之１６號四樓,25.1111640153039,121.519732028954,17.99999999999999,17.509004431168048,12.854200867747439,15.091654138660214,16.724474280788353,22.232032261003575,36.99999999999993
臺北市北投區建民路１６１之３號七樓,25.1111640153039,121.519732028954,17.27999999999998,10.610511298350856,7.496711851279221,9.821395263257434,10.894016616526129,13.526498083451285,15.181653487478227
臺北市北投區復興一路３３巷２號三樓,25.1401485873267,121.502709646903,16.79999999999998,23.464596205987924,16.801786240975336,20.378755278106848,23.877779193581947,32.93553225370519,35.06000000000002
臺北市北投區復興三路５７號四樓,25.1449319502136,121.503308151276,28.199999999999964,28.178266516218844,23.12720315008994,24.89975984897773,27.698778846721872,31.209952674723322,37.6011819846419
臺北市北投區復興四路２８號七樓,25.1424910012365,121.500742994948,31.50000000000002,31.329478584742823,26.456057581687492,29.83290295086813,33.640653832582665,38.864433636373654,52.49999999999996
臺北市北投區復興四路９號,25.1420260151578,121.499623005045,35.19999999999995,37.07199265705688,28.28830217408677,33.48993827506595,40.006605757481466,46.00000000000004,50.99999999999997
臺北市北投區文林北路６０巷３弄５號五樓,25.1053260197422,121.518545989654,14.880000000000004,15.741976150902612,12.868879909089289,15.471624691172567,16.184361316860432,18.595187142589054,22.976373669460948
臺北市北投區文林北路７５巷７３號十一樓,25.1033330127147,121.517401608414,42.79999999999994,40.85073930653226,25.399999999999974,31.183277802134697,40.31057195360218,45.52877179252833,54.45061983118288
臺北市北投區新民路５３之１號三樓之５,25.1403229800706,121.510257963794,8.5,13.57479955694864,10.44337842218184,12.048287555443862,13.544245802865046,15.723275759094552,16.324667674721585
臺北市北投區明德路１１８巷２３號,25.1096380060118,121.521125017442,27.60000000000003,22.07993291292929,10.499999999999995,14.0399430198274,22.294791360240467,24.535714100533912,28.382241110042045
臺北市北投區榮華一路３巷６號五樓,25.1123340032587,121.524741976301,36.49999999999996,32.069552257361266,25.740944337212913,28.699867534307348,31.876729598675944,36.67411447298339,41.14410062617147
臺北市北投區永興路一段２之１８號三樓,25.1389566879435,121.499855099944,14.200000000000005,18.054495956717208,13.914030904269426,16.622552327146384,18.82816946808222,21.845442723093928,25.500000000000018
臺北市北投區泉源路３６之２２號四樓之３,25.1402700064426,121.506537991346,8.599999999999994,15.102158971552859,10.049688568131812,12.72111753499495,15.33569240340272,18.845159820280614,19.065933573263624
臺北市北投區泉源路４９之１０號六樓,25.1413425966824,121.51092147525,2.8499999999999996,6.221870330303223,5.08590668897842,5.575108340699033,6.036197973632942,6.895234811173497,8.217291085778026
臺北市北投區泉源路４９之１４號五樓,25.1413425966824,121.51092147525,5.950000000000001,10.787609513528505,7.971077666852273,9.221172172631915,11.252960694673623,13.72293218812587,16.200000000000024
臺北市北投區泉源路５２號十二樓,25.1408929913961,121.509466963592,20.999999999999982,32.654943114172546,25.91195943486171,32.439526064606795,34.79379493324973,37.86542436808958,40.007042116469584
臺北市北投區溫泉路３７巷２６號三樓之７,25.1337270090048,121.503238036066,7.900000000000006,10.618828920111996,8.122229015847623,9.798035266950222,10.77831836302879,11.446566967424253,12.36999999999998
臺北市北投區溫泉路３７巷２８號十三樓之１,25.1338430145447,121.503422018841,9.500000000000014,14.90486376731712,8.977032892567431,13.316302049793387,17.199999999999985,19.704196505160006,24.62762081884326
臺北市北投區溫泉路６５巷１６號四樓之１８,25.1360440184996,121.504374035403,8.699999999999994,10.76527047298727,7.341931230444365,9.139134998481822,10.377611135996924,12.028287050713075,15.508078037357624
臺北市北投區溫泉路６５巷９之１號五樓,25.1353370049667,121.50422198768,9.125199999999989,11.793860773798853,6.019638099888328,8.396399951762284,11.786470328752689,17.05877501616386,26.99999999999999
臺北市北投區溫泉路７１號七樓之５,25.1356460038273,121.504801009551,6.4199999999999955,10.450160946975721,7.931889865074761,8.944809025845503,10.820571762597758,13.725432715512264,16.200000000000024
臺北市北投區溫泉路９９之６號四樓,25.1363720861899,121.509742979663,4.799999999999999,7.447363110925271,5.740189134640586,6.322926151504183,7.356335552203159,8.884421869980557,12.499999999999986
臺北市北投區石牌路一段１６６巷４６弄１９號三樓,25.1135520544161,121.514088099349,36.49999999999996,32.28414005754634,29.426747326709748,30.129999999999963,32.33905157687047,34.777630774817084,40.342007118064494
臺北市北投區石牌路二段３４３巷１６號五樓,25.122868541032,121.523468020058,22.300000000000008,21.426082842196823,18.148170236970145,18.871759893616247,20.819334614071348,24.322010004085953,30.114914781914134
臺北市北投區稻香路１５０巷８號五樓,25.1429709909218,121.489298009076,11.50000000000002,17.4274073376799,10.772173450159416,13.226303020319545,15.708074832800136,18.272285091728435,19.487145410939334
臺北市北投區稻香路２３７號三樓,25.1439814538736,121.488132465533,22.32000000000004,27.54654821800967,21.603941944795242,26.071373457961954,26.150586268455296,31.12932700624203,32.69102724080458
臺北市北投區立農街二段２９７號四樓,25.1187120029324,121.516103000155,4.999999999999999,7.061413830526073,5.027520314991217,6.839205985037273,7.361624744735876,8.989115235217945,10.39757178680166
臺北市北投區自強街１２０巷１５弄２３號三樓,25.1106530125768,121.516751005089,21.500000000000007,23.527049618663767,17.13292998269297,19.432982320698585,20.564847789238495,24.68144060079742,25.828658881517402
臺北市北投區致遠一路一段１０巷１２弄６號一樓,25.1082510105838,121.518089008293,27.999999999999986,20.501054108163554,14.419340934265025,18.875177342746497,22.051005991925543,24.906897177993272,26.396596734475274
臺北市北投區致遠一路一段７９號四樓,25.109005004684,121.515562032124,23.500000000000014,24.371597240535355,19.51837003661522,20.737870487275625,25.42163319161465,33.864671857261484,36.19999999999996
臺北市北投區行義路１４２號六樓,25.1298570004897,121.528210994568,10.300000000000008,15.32700044192401,12.886936043319617,13.86592335759544,15.472207439034532,17.777166495597896,21.064109337943858
臺北市北投區行義路１８６巷２６弄２３號三樓,25.1316229836697,121.529281028327,12.559999999999977,18.263632132521607,15.164430569115225,16.27256415843961,16.872345246685942,19.590714376466263,21.15719983607768
臺北市北投區行義路１８６巷５２號三樓,25.133369981839,121.530513000456,10.599999999999996,13.91174950235715,10.890097726678306,11.481281973031535,12.788857478708128,14.457634914256133,16.415456990544563
臺北市北投區行義路１９２巷１５弄１２號四樓,25.1331893151142,121.529257363145,22.549999999999958,32.739691901304276,24.749999999999993,27.500000000000018,34.154178714650065,36.261719641354226,43.46159692174555
臺北市北投區西安街一段１８７號六樓,25.1101099909796,121.518199984691,20.080000000000034,19.254728984628112,14.995324062838025,17.057898029952923,20.395860456458745,21.621023173507695,25.500000000000018
臺北市南港區忠孝東路六段１５５號四樓,25.049023979832,121.586364974075,18.60000000000002,14.621279372070038,11.684812843457651,12.913032935492069,15.244671200127614,15.831870243935187,19.290451110482476
臺北市南港區東新街１８０巷６號四樓,25.0463049313177,121.593413372501,49.63999999999996,39.390435272770965,26.274671765777693,33.900000000000055,39.659685737744745,48.709542400244494,54.49459142397208
臺北市南港區玉成街５２巷７號三樓,25.0480530201681,121.58124497234,16.749999999999982,14.112574341619622,11.21543846739106,14.353026123257276,14.83098250376584,15.860647208100398,17.225736558998
臺北市南港區研究院路三段１號五樓,25.0357900024558,121.617080039166,47.49999999999995,49.41831718740771,28.250000000000004,36.544917019410825,48.956349234943616,61.953349195916616,73.75635565834305
臺北市南港區研究院路三段７號二樓,25.035570019407,121.617359994732,15.000000000000007,24.887878392920296,8.656455388925226,17.450571307748632,26.913210916279382,28.11854185844872,32.911165616995156
臺北市南港區研究院路二段１８２巷７７號五樓,25.0367480120793,121.614073031402,14.059999999999997,16.933733649241507,13.728119186287138,14.477198759684581,16.047826318061052,18.604958316859886,20.098266966911595
臺北市南港區研究院路二段７０巷３７弄３號五樓,25.0458370126066,121.61403598339,16.00000000000003,15.538316784987584,12.438925940190455,13.334565862719462,15.166922927394317,17.203703371549683,22.154689657060036
臺北市南港區福山街２巷１弄１４號,25.0454069790642,121.61656295956,23.599999999999994,12.380197799502564,10.350000000000003,11.50000000000002,12.469245687925744,14.033762172928451,16.208250555347764
臺北市南港區經貿一路５９號六樓之２,25.0563299819158,121.619980010027,12.499999999999986,15.484455471859096,11.701970598684152,14.004502361183116,15.094455306379476,17.061517197381146,17.839933541492666
臺北市南港區經貿二路２３５巷２２號五樓,25.0611549825692,121.61488699802,36.19999999999996,25.899465588003874,18.573458411373124,18.832994895704765,25.083823604537564,28.70341442159758,31.228956237461716
臺北市南港區經貿二路２３５巷２６號八樓,25.061202005046,121.614940977476,34.49999999999998,25.957538895550417,21.16917270807585,25.433047044558844,29.862454047111246,31.823652728914908,34.20907205666088
臺北市南港區經貿二路２３５巷６０弄２８號二樓,25.0622729056372,121.615562005445,42.20000000000004,42.613589138052355,32.97134071586236,36.253650657173665,39.36466977362092,43.14813544367198,47.1864272436
臺北市南港區經貿二路２３５巷６０弄３０號二樓,25.0622729056372,121.615562005445,46.99999999999997,42.613589138052355,33.000000000000014,36.41871217276974,39.4399381811414,43.17360304630597,47.12626577959875
臺北市南港區舊莊街一段２１２巷１８號二樓,25.0382825258683,121.622146764441,15.599999999999984,18.983293750139776,11.501086905158147,17.026987791110695,20.826797516749423,24.842574937796556,26.255832833505714
臺北市南港區重陽路１３４號四樓,25.0569199840803,121.600255966932,19.57999999999999,15.828108588490778,13.787847000228211,14.91599201963158,15.552972633551645,18.58815941386894,22.079999999999966
臺北市南港區重陽路３３２號四樓,25.0579429953629,121.606409960243,25.579999999999963,22.260765054493913,17.225126240467898,20.2300889003907,21.884914509648933,24.31342779428714,31.086088464171986
臺北市南港區重陽路５２９號六樓,25.0630435641601,121.613960562411,17.600000000000012,15.130590354745383,11.66749283624912,13.740826948875624,14.993783959930756,15.954780308181114,17.506763552217546
臺北市士林區中山北路七段１１４巷４１弄１１之１號,25.1242689951902,121.534788022533,23.799999999999994,27.04422032865154,15.29705854077835,19.49999999999998,27.483334911609216,33.091652686898776,36.4014077424797
臺北市士林區中山北路七段１４巷５弄２號五樓,25.1190220076214,121.531467028675,6.0,8.749660675474686,4.015357169627672,5.265299953992171,6.7082039324993685,9.119488109269032,14.84733593695701
臺北市士林區中山北路七段１４１巷４號六樓,25.1231570100054,121.531815967305,24.79999999999997,28.186828195617082,22.277494809633314,25.280408584084746,29.14157149569575,32.86372863757727,35.29869502457584
臺北市士林區中山北路七段１８２號五樓之５,25.1246527187175,121.53324558471,18.50000000000003,21.113849915597992,19.680000000000007,20.02212754647137,21.243074230135267,25.149373084886616,28.04991650294983
臺北市士林區中山北路七段１９０巷２４之１號四樓之１,25.1257919869971,121.534978962287,12.000000000000005,13.949865689706632,6.3000000000000025,13.000000000000012,13.878831632136757,15.369179310358371,19.547673922260074
臺北市士林區中山北路七段１９０巷２４之２號四樓,25.1257919869971,121.534978962287,17.99999999999999,28.204658618307498,17.306994843688912,23.004326270256616,29.075117534731312,35.42155061801003,37.801162717461224
臺北市士林區中山北路七段２２１號三樓,25.1268310077148,121.532760021059,11.00000000000001,9.11413337989223,3.3491090000000017,4.888251221040098,10.07931810559194,12.136744436599852,14.467285509918321
臺北市士林區中山北路七段２２７巷８號七樓,25.1278269873596,121.532753986089,24.99999999999996,28.205675519971827,17.973253967990495,25.008326397364506,28.20153361163608,33.3039771097029,41.49647965259977
臺北市士林區中山北路六段１７２巷１６弄２號五樓之４,25.1071440126315,121.525958022813,8.450000000000001,8.115440568914039,4.837319616111777,6.35629287631686,8.555068491244418,9.561669091523388,11.621799943030904
臺北市士林區中山北路六段２３６巷９號十四樓,25.1082639101751,121.52613966732,35.19999999999995,27.141964154940464,21.79006952311279,25.692683783520934,28.095388643637804,32.473274995371746,36.16559841572334
臺北市士林區中山北路六段２７７巷６號,25.1100739907055,121.524913972954,27.299999999999983,17.742658610516695,14.98454684118664,16.805902046786336,18.49622341638402,20.18288382363502,22.781243615821314
臺北市士林區中山北路六段４１９巷２１號四樓,25.1143630105603,121.526145023073,19.000000000000014,17.23620052702038,13.765097834148674,15.845747824597378,17.14611893980611,20.851165226188062,22.233884897379305
臺北市士林區中山北路六段７５４巷２７號二樓,25.1140680094781,121.529697022182,20.000000000000014,17.136190775651997,14.63933244635779,16.316394405161034,17.095825607460643,19.085432644306362,21.11868191027635
臺北市士林區中正路４３０號十五樓,25.093053991484,121.519055022634,38.50000000000002,37.66337183308189,28.2525001061103,32.96212288299299,40.44561686007713,53.174167738020934,55.27999999999991
臺北市士林區中社路一段１１巷９１號四樓,25.1100719790487,121.562892040966,12.499999999999986,21.254250233412588,15.282193983846577,17.191700621573275,22.49789959760704,31.4484036224122,33.5
臺北市士林區劍潭路１６號七樓之３,25.0839100056719,121.523879981378,17.600000000000012,14.419285477439415,10.815538935847698,12.549900398011133,14.95264401928036,16.14449730144314,17.280165119141888
臺北市士林區劍潭路１６號四樓之２,25.0839100056719,121.523879981378,16.00000000000003,15.334139506690695,10.515745608648418,12.179405221103185,15.566568303898261,17.49937540255785,18.672564300136973
臺北市士林區劍潭路５５巷１７弄１３號四樓,25.0841883254972,121.520632801454,19.299999999999986,16.473673585067292,12.622073614554166,16.245481517074026,16.729806541867664,18.36939077895648,21.51182071032902
臺北市士林區和豐街２８號三樓,25.0827289955144,121.518256981633,7.330000000000005,9.78219674127323,7.444081208609015,9.193661043396606,11.275354364277218,12.063518337667993,15.85292377011854
臺北市士林區基河路１２８號六樓之１９,25.088676081546,121.523135584557,6.800000000000001,5.068370887705568,2.900000000000001,4.1999999999999975,5.127821828461003,6.001227587364556,7.688039291247225
臺北市士林區基河路１２８號四樓之５,25.088676081546,121.523135584557,8.980000000000004,14.103534287864532,7.393535798158113,10.655354600692759,12.945260436938225,14.535532948890259,18.106215171719423
臺北市士林區士商路４０巷１２號三樓,25.0899520167569,121.519997986741,15.650000000000011,15.580947633776953,8.469212787497742,11.067971810589325,15.660483653272982,18.310423556548514,20.388643356098967
臺北市士林區士東路２７８號四樓,25.1131820004029,121.537233023689,13.680000000000021,15.474930229198346,11.306207797730599,13.600000000000009,15.621204721991575,17.478639003207036,18.33522124611694
臺北市士林區天母北路２４號三樓,25.119829981178,121.526310984756,28.74999999999997,21.86197142547925,14.428173408550396,24.36879736605897,27.08542808590122,28.20265004180681,33.084432564630816
臺北市士林區天母北路３６巷８號四樓,25.1204023902571,121.525937435148,16.00000000000003,18.355481723922015,15.267818149636865,16.128186276230206,17.860101862064806,22.607708998889834,30.699999999999957
臺北市士林區天母東路１０５巷３號一樓,25.1186539377979,121.536439080352,7.649999999999993,21.702992605307184,17.132636715907754,19.378151498920452,21.946109060531654,23.311818753434,25.53207260196832
臺北市士林區天母東路２２巷２３號四樓之７,25.1170209035847,121.532569803533,23.599999999999994,28.81925910714237,24.6071093010716,26.752470810467536,29.25746872605196,36.09999999999998,36.099999999999994
臺北市士林區天母東路６９巷５之１號六樓,25.1183459497221,121.534464756688,14.000000000000009,24.731093293855828,20.460452979321616,21.826727241437855,26.688021290953827,32.248339232723936,34.727888545207705
臺北市士林區天母西路１８之９號六樓,25.1182789938144,121.527772537213,30.99999999999997,28.04085529768948,21.510443987427205,24.80440673656626,27.17610901355544,31.641349644164862,34.09784403676743
臺北市士林區延平北路五段１３６巷３５號,25.0823710044298,121.511821021099,8.999999999999998,12.027101651930533,8.299999999999997,8.299999999999997,12.640070778889193,13.626749286266273,17.838710480707693
臺北市士林區延平北路六段２２８號六樓之１,25.089468003758,121.504431032345,11.699999999999994,17.2307189001218,11.006868244952608,12.036389538579577,17.114887324749283,19.37882981179213,23.676062759423132
臺北市士林區後港街１６０之１號四樓,25.08715300592,121.520477012508,13.499999999999993,11.113688735694089,7.340120985942418,8.820382153986214,11.233775114055973,13.680000000000021,25.21999999999997
臺北市士林區後街２１巷１９號二樓,25.0985549926285,121.524821017648,16.79999999999998,19.17508000083325,15.580412382238153,17.87293396222734,19.20326685562299,25.439364582295845,27.900000000000038
臺北市士林區德行東路３１號四樓,25.1077641981259,121.528684159972,17.849999999999998,14.90532298385221,12.734405448817148,13.905875185456637,15.254170409114959,16.632710824588514,18.50000000000003
臺北市士林區德行東路３３８巷２號三樓,25.1101076021372,121.538094180421,30.299999999999955,25.8632460361515,17.699186197652054,20.348704517205686,26.140720531318205,31.679999999999982,61.17000000000002
臺北市士林區德行東路３３８巷２號四樓,25.1101076021372,121.538094180421,29.89999999999998,25.76125518737967,17.633786411933585,20.224925104724143,26.140720531318205,33.26215548800308,61.17000000000002
臺北市士林區德行東路３５８巷１４弄２號四樓,25.1099180034874,121.539193969937,22.999999999999968,25.6008446227882,11.013978033677311,21.64151103781803,24.858953802049925,28.22570542457555,33.476995640326116
臺北市士林區德行東路３５８巷２３弄３號四樓,25.1097159996208,121.539652962955,23.500000000000014,22.217273018713243,16.617270015765822,19.434883611928033,22.742473146583013,24.454829902736225,32.49999999999996
臺北市士林區忠義街１３１號三樓,25.1080089831296,121.532856999679,17.600000000000012,15.356072481107175,12.252056696012023,13.577819373109154,15.519899424507983,17.62195350771841,19.130350237844162
臺北市士林區忠義街７８巷７號五樓,25.1063909824502,121.531461999533,18.620000000000005,16.15914339782799,13.36792817175819,13.82147645546844,15.339862963319948,16.802107482417163,18.352994786086345
臺北市士林區忠義街９１巷１６號五樓,25.1061489969055,121.533035031302,18.87999999999999,18.92340178604964,14.817286652875087,16.232678828774205,19.185949181271468,19.550454326313158,27.750000000000025
臺北市士林區忠誠路一段１６巷２９號五樓,25.1058519841665,121.5259539995,30.000000000000057,21.780093385160146,16.677978591629984,18.410575530573798,21.134034131267203,23.951021040846015,27.781457656671375
臺北市士林區忠誠路一段１７３巷２４號二樓,25.1082059997638,121.531887967853,20.000000000000014,20.312468139473822,16.521140677051164,18.528151655193962,21.41568497011063,25.012639162218658,30.699999999999957
臺北市士林區承德路四段１巷７號二樓,25.0784950028539,121.521748966315,9.999999999999998,13.761806266304422,10.218699589009297,11.65891159000937,13.515488964725877,16.482025295579696,21.059914529741086
臺北市士林區承德路四段４０巷２號四樓之３,25.0807840167921,121.522127995976,5.8,6.190058475988082,4.388973411980295,5.122534767531804,5.864004378847831,6.796269147353662,7.970587385314506
臺北市士林區承德路四段４０巷７３號六樓之２,25.0814500009089,121.521128034927,4.999999999999999,5.752016711731111,3.8613656833038763,4.900000000000004,6.014203335803909,6.72363024818842,7.403569226292947
臺北市士林區文昌路１４９號七樓,25.0975070032745,121.520439964496,6.0,21.61287546594437,13.424177068383141,16.088931979850816,24.54079405899995,34.79999999999998,36.19999999999996
臺北市士林區文昌路１６９巷２９號四樓,25.0978260185094,121.519230958782,14.200000000000005,13.65233871927155,9.26754495807701,11.00000000000001,13.777506664946767,16.221697774034727,18.084800247721837
臺北市士林區文林路一段７４０巷９弄１號三樓,25.1033869921711,121.520609027483,11.50000000000002,15.088788691858158,11.903963198281152,13.320227808577616,15.257149178731769,18.810324526872158,20.458475032663063
臺北市士林區文林路７６５號六樓之９,25.1032924023938,121.518965168632,25.99999999999999,27.138500618168774,14.095859576816256,22.804611080040093,26.657560477051295,32.29422314737344,35.6749467912385
臺北市士林區格致路２１０號四樓,25.1425459865213,121.549571017525,12.000000000000005,28.511551098203295,24.221397849315153,26.351058230028826,29.768302779706396,36.00000000000004,36.66
臺北市士林區社子街２５巷３弄５號四樓,25.0882931787052,121.508034251412,10.964700000000002,13.776448633095027,10.305295395012314,12.699831612756931,14.78874109615583,16.929348684572208,18.390758791671576
臺北市士林區福志路５２巷１２號六樓,25.0993690011554,121.531156982077,15.549999999999978,32.28245951683823,22.25940947684553,34.4234168000689,35.45097313783351,40.4833669057598,45.74013554855291
臺北市士林區福林路１００巷１１弄５３號六樓,25.0960599934198,121.532990020482,2.527678000000001,9.534171185349289,3.341684241874794,5.623626773744307,8.82310046146397,8.95002632141721,20.441739226234215
臺北市士林區福港街２４７號,25.0841499795598,121.517657005004,16.200000000000024,23.33550950521218,17.20729503045507,18.336831842868264,19.687374377421367,26.735159314131913,30.295319832932094
臺北市士林區福港街２７２巷１６號四樓,25.0834940118173,121.516869022286,16.00000000000003,21.743827746734542,16.39243804665471,16.879999999999985,21.844743052414472,23.603325357006558,25.433835731167232
臺北市士林區福華路１２４號五樓,25.1026239875251,121.522942968422,24.87999999999998,21.363425141873968,7.312181717854792,20.799754220571213,22.55154223316275,27.791963963851362,33.840452016831534
臺北市士林區至誠路二段１７號四樓,25.1021139906264,121.530016959426,20.000000000000014,19.469310945486928,16.310585044685137,18.622445604851137,20.754125743248842,21.932075783757522,24.84688147596971
臺北市士林區至誠路二段４３號四樓,25.1015099906835,121.528594969552,20.099999999999977,16.850613268978574,14.642278273787534,16.199380152069757,17.291669371770713,19.357997463533945,24.409248790540268
臺北市士林區芝山里芝玉路一段６６號,25.1040510065407,121.53628503044,4.999999999999999,7.209418337383019,3.7207504774179037,6.802167915424869,7.201602790150123,8.558148691225295,11.535771677073194
臺北市士林區華齡街４０巷１弄６號二樓,25.0835759868303,121.51976002451,14.499999999999995,15.531675422934832,15.328895335060599,16.009937752259447,20.265081185331372,20.6716084696602,23.121220107782616
臺北市士林區葫東街１０巷９號二樓,25.0831389963083,121.510818964574,3.83333333333333,3.1348121884173117,1.6987642518170496,2.323790007724451,2.8542132025573403,3.1234120741293436,6.394435570651696
臺北市士林區葫蘆街７巷４號,25.0801239838266,121.510487963218,11.76000000000001,15.410659349912198,7.788799130261222,12.43273110328312,13.812080186836116,22.560345467020582,25.8369530486695
臺北市士林區通河街５３號二樓,25.0802450185084,121.522491016203,14.000000000000009,12.626512344409432,10.11369296194155,11.159477560964726,12.200624752039603,15.599999999999984,18.479999999999983
臺北市士林區通河西街二段１１８號,25.0928780134268,121.507105027096,20.69999999999997,15.316793208788754,10.06344804176271,13.177225009555308,19.981929372854406,23.82898531968535,24.651857222831467
臺北市士林區重慶北路四段２２２號七樓之３,25.0858688983535,121.511467975337,30.499999999999947,27.426807203408707,24.798787031166476,29.149903250086805,30.129999999999963,34.146709307255314,40.923575878878026
臺北市大同區南京西路３４４巷３５號七樓之６,25.052873997508,121.512307003845,6.999999999999995,6.100014593248489,4.0819087657087945,5.444055468605194,6.313928534386234,6.985945972566656,9.285682875850554
臺北市大同區南京西路３４４巷３５號六樓之３,25.052873997508,121.512307003845,12.680000000000003,9.415260386628317,3.859528255156539,8.944933902804838,9.815772586798124,13.588951334531204,16.552188489490007
臺北市大同區南京西路５７號十八樓之１,25.0530439825044,121.519385018162,23.200000000000035,15.42501183918861,11.599999999999985,11.865157125379799,15.234545968931176,17.96172119413788,21.45914823758988
臺北市大同區大龍街１３９號二樓之５,25.0675720000023,121.516026976293,12.10999999999998,10.052496908632222,7.416809759029789,9.3211930614944,10.02282452828354,14.5145099398172,18.51442365601897
臺北市大同區寧夏路１６５號五樓之９,25.0615550088983,121.514242972021,20.500000000000018,19.164507608964215,16.339545308311752,17.33839263655161,19.54972235845307,20.632986541376255,22.204976747979863
臺北市大同區延平北路三段５號八樓之１,25.0635449984407,121.511289021704,26.680000000000007,25.034993907669122,18.875931338158672,24.08182912710449,26.66060960944988,32.12231503543124,37.68308501540477
臺北市大同區延平北路三段７３之３號,25.0666110148032,121.511109984252,17.37999999999999,16.60894965592759,10.499999999999995,12.208193969625473,16.93264854448322,19.17807289673402,21.796001423767645
臺北市大同區承德路三段３０１巷２２號四樓,25.0756570161673,121.521353005209,21.63000000000003,24.019252396047744,19.85407210658411,21.49442476341276,24.488944943374,29.491015581020566,33.99999999999994
臺北市大同區承德路二段１巷１７號三樓,25.0535979843948,121.518751011006,12.000000000000005,17.29945173229975,14.240862335845813,15.506832080229206,17.776498182598907,21.492497818668202,30.08
臺北市大同區昌吉街１３２巷１５號四樓,25.0653810124217,121.514253030305,16.00000000000003,16.773046081648683,13.624229867134423,14.935115204591561,16.96400764797427,20.099999999999977,23.599999999999994
臺北市大同區民權西路１６０巷１８弄８號十樓之５,25.062168019387,121.515452983564,17.99999999999999,14.395345054428814,12.295185101718154,12.494486869993152,13.726735405662122,16.39546217242704,18.488065526245244
臺北市大同區環河北路一段７３號十樓之３,25.0528170005664,121.507483972938,8.980000000000004,9.54742317189579,8.525219805921571,9.221480253832725,11.312341404260515,11.68096181929122,13.608921070248945
臺北市大同區甘州街２２號七樓,25.0587119930697,121.512797009904,26.450000000000014,29.99354996332132,20.000000000000014,28.95123790064387,29.01361036851359,37.266621606617925,42.74342054632501
臺北市大同區興城街７０號五樓之８,25.0592849799708,121.517379983104,33.99999999999994,22.12992027943052,19.758411472774302,20.99786948251334,22.82830730088386,24.8895004360151,26.623037403639675
臺北市大同區迪化街二段１９１巷２５號七樓,25.0693365149189,121.512201528,8.999999999999998,22.597860316974288,8.544517582288522,19.36022382943809,23.36194952352798,29.25194690439322,35.994097528036654
臺北市大同區重慶北路三段１５２巷３號五樓,25.0681519857925,121.513249967952,4.500000000000002,10.252146540768932,5.877923174130927,9.365629350600742,10.24561825646492,13.861539216869431,17.12457774907311
臺北市大同區重慶北路三段２０３之３號五樓之２,25.0697139953588,121.514059995075,17.99999999999999,19.84224671461982,12.680000000000003,19.597148230864708,20.55406525508969,21.539143995995087,25.33353717819753
臺北市大同區重慶北路三段２０３之３號六樓之８,25.0697139953588,121.514059995075,19.380000000000006,18.852332351406403,13.786887732785502,16.54185141209654,17.789915053107094,18.73818643677777,20.400000000000016
臺北市大同區長安西路２８９號七樓之４,25.0521010183972,121.509293039101,15.000000000000007,46.14559840803825,23.69511883096385,36.99999999999993,46.81704443009987,52.09573154193354,56.26786443063528
臺北市大安區仁愛路三段１２３巷２６弄７號七樓,25.0391759979721,121.541483989703,43.49999999999998,26.137927034015835,18.135922941491142,25.942213854864473,27.74769211617421,28.906803368206198,35.65016554439519
臺北市大安區仁愛路三段５巷１弄１４號三樓,25.0388514087716,121.53429390934,41.37999999999995,22.568597885714762,17.008766523519704,19.545170306586748,22.75946952180093,30.630241283564573,33.99999999999994
臺北市大安區仁愛路四段１２２巷６３號九樓之２,25.033595494476,121.550505264453,29.67999999999999,16.46100056820512,12.611630914716153,14.98679816102857,16.098362388379474,17.99999999999999,22.999999999999968
臺北市大安區仁愛路四段３４５巷４弄４１號,25.0390649796645,121.551448982931,36.99999999999993,17.552232418014267,10.300000000000008,12.336514097231493,18.780868834519953,22.11879250178616,24.352269407758627
臺北市大安區信義路三段１５６號十三樓之７,25.0332129863245,121.540833973112,12.730000000000011,11.94577965879842,9.331782301452243,11.062574640258056,12.625587326690626,14.11,15.68000000000002
臺北市大安區信義路二段２２８巷７號六樓,25.0330119882864,121.531869024752,31.999999999999957,20.210363225734014,13.741796080319782,18.734993995195175,20.466889199126197,22.260978833959175,27.546083471115455
臺北市大安區信義路二段５２號十二樓之５,25.0344989798192,121.525826007838,15.460000000000022,10.910624365916533,7.920279025134018,8.52899262722083,11.083753380597852,15.936891350729502,18.540000000000013
臺北市大安區信義路二段５２號十二樓之６,25.0344989798192,121.525826007838,18.540000000000013,14.934725518987323,11.60938629757154,14.049288479806103,15.604182617835594,17.156914997000378,18.428174055164426
臺北市大安區信義路四段１９９巷２７號六樓,25.0351199950255,121.551814014815,44.19999999999994,26.41990757858557,22.2795723795772,24.576978366789515,27.372610150756515,35.59999999999996,39.20000000000003
臺北市大安區信義路四段４００巷６弄１２號二樓,25.0325490138645,121.556127006913,22.000000000000004,14.679805280225805,11.6958249339961,14.360347005676434,14.91125439456374,16.733551001780533,18.433855562345016
臺北市大安區信義路四段５３巷２８號六樓,25.0342591213264,121.545022520279,7.659999999999995,3.616264979376292,2.628659370911753,3.5777613575667524,4.475704324847677,7.043924035009279,13.829854428544238
臺北市大安區信義路四段９９巷３６號十三樓,25.0348130078217,121.546911020552,55.27999999999991,34.242059985501946,18.087639570246065,28.168731158953335,34.15630072321491,37.976395484150515,42.51989852951375
臺北市大安區光復南路６７６巷１０弄５號三樓,25.0308619882124,121.556604021022,18.199999999999992,14.446233492553704,13.646703831658808,14.245233983947816,15.599999999999984,16.941668614313052,18.085795312273785
臺北市大安區光復南路７２巷２３弄３１號五樓,25.0442420202513,121.556218034381,22.500000000000004,16.177520272804454,11.230339517457638,13.448189040725566,14.980000000000011,17.332897069468586,18.926459097352154
臺北市大安區和平東路一段１２１號七樓之３,25.0269128126218,121.527311616357,4.847323000000002,11.42263444845838,9.668889921311791,9.80312750056885,12.971784269611614,15.537761032155982,16.685497573762603
臺北市大安區和平東路一段１６５號十樓之１,25.0265549891752,121.531626033379,24.379999999999963,15.071904637463584,11.37712764815511,12.378382653443852,14.443249330724274,15.799999999999997,17.99999999999999
臺北市大安區和平東路一段８５巷４弄２號五樓,25.0273889885411,121.52535402287,27.750000000000025,15.221599345880398,10.772173450159416,12.598354762218847,14.100579259329791,15.9280126260989,18.053149222468843
臺北市大安區和平東路三段１２號十樓,25.0245119840952,121.547114030247,12.000000000000005,6.828842786142906,4.952822931520053,6.440835226278317,7.393851369377681,8.845591145183537,9.8300216050654
臺北市大安區和平東路三段３４６巷６號二樓,25.0193975982347,121.557172397877,20.240000000000016,15.761764354106452,13.615002997304236,14.670605970887912,15.742177338090128,18.771371343935247,19.179999999999975
臺北市大安區和平東路三段６３號十二樓,25.0247849826816,121.54920699147,27.900000000000038,20.059450857833966,15.696099153432788,19.523984146027125,20.71265407179266,23.793746396256104,28.457743330014388
臺北市大安區和平東路二段３１１巷６３號三樓,25.0260659889439,121.545568994035,33.000000000000014,26.61912727074737,21.72365344818939,25.38704342974833,27.729123006775147,33.485071300506405,34.59999999999996
臺北市大安區四維路３６號二樓之１,25.0358089874665,121.54806001184,13.200000000000017,7.316890501172762,4.870971881741991,5.656657892324207,6.8993772460036435,9.683460352348662,11.97198386945279
臺北市大安區大安路一段２０２號六樓之１１,25.0349950208492,121.545864959036,18.199999999999992,10.418969255570122,8.305738567664928,9.12279350546794,10.480000000000008,11.546205282314933,14.116928847585942
臺北市大安區安和路一段１８號八樓,25.0386470160627,121.550434018276,57.43000000000007,38.43982376055513,20.899999999999967,39.476246471424986,44.93064182891779,48.54740787097515,52.35932699496264
臺北市大安區安和路二段１６９號十二樓,25.0282260053923,121.550169988326,39.99999999999998,29.48990870678932,22.661441507963065,24.097580578157356,28.8595281751722,34.03839728373721,38.76499446661007
臺北市大安區安居街３４巷５號三樓,25.0209169858233,121.554346020126,23.58000000000002,21.30909124954901,16.644853178508992,18.728702611217024,21.456438142515264,32.78567746001089,35.06000000000002
臺北市大安區富陽街１２２號二樓,25.0193480192774,121.556547024081,15.399999999999995,14.09111852527286,10.885379434841306,12.416104854740848,14.909248743562573,17.530260914393168,19.544688075436863
臺北市大安區延吉街７０巷２弄１６之１號,25.0431079906612,121.55372500492,24.200000000000003,14.841513901565564,13.582282159972756,14.304955796420264,16.294798856571308,18.277695826047893,20.700254903251366
臺北市大安區建國南路一段１６０號九樓之１,25.0411429791903,121.53692297709,43.000000000000014,34.66904791673134,20.101957575444505,30.676694388336998,39.58807877742974,46.9002023499034,56.10037115375826
臺北市大安區建國南路一段３０８號五樓之３,25.0355672952885,121.537427316204,31.760000000000034,19.758163777389665,14.96914997201514,17.50801001162446,18.633296223822065,24.05844505393491,25.947264328636557
臺北市大安區建國南路一段３４１巷３號,25.0345309986894,121.538372962521,33.68000000000003,21.30094876294254,13.703871713029491,18.883129954056795,22.378486987420082,24.6181885553062,29.319566630110327
臺北市大安區建國南路二段６９巷１８號,25.0310991122532,121.538698934735,22.999999999999968,29.75631186611932,24.749999999999993,26.757709918034895,29.502162027393528,32.473035577645945,34.74793745805319
臺北市大安區建國南路二段９７號十一樓,25.0302649871587,121.538280007214,36.48000000000004,30.846348548455442,20.423093066426087,30.677495693146007,32.64517110289095,35.247859280717364,37.32278487976151
臺北市大安區復興南路一段２００號八樓,25.0396880065276,121.543495981741,50.67999999999994,29.86659098876486,8.52014828148992,26.119261104767546,34.085850760246835,39.192461159632245,42.47561138221862
臺北市大安區復興南路二段１５１巷４４號十四樓,25.0280618039091,121.545720119749,26.5,24.002841178471723,16.15870783121528,21.180053219135573,23.173877925718955,27.40083636423881,30.860933522853998
臺北市大安區復興南路二段１７１巷３６號十七樓,25.0275088916661,121.545038587202,31.999999999999957,32.122007476342,22.792775538669098,26.701306575869097,35.97281950564476,48.23578304159571,51.88000000000008
臺北市大安區復興南路二段２１８號二十一樓之３,25.0263381912496,121.543228096116,52.29999999999996,21.9787194963559,20.427792561577128,22.047624032756232,27.899820787954855,29.46422683024129,45.1558987921964
臺北市大安區復興南路二段２１８號二十二樓之３,25.0263381912496,121.543228096116,56.64999999999994,41.518484934492285,24.790467173483258,28.284404350310464,46.277690254550805,54.43044760493493,59.211910963926876
臺北市大安區復興南路二段２３６號五樓之４,25.0251070154016,121.54309700315,27.999999999999986,20.434632910378756,7.193233376205737,15.000000000000007,26.85133619957297,30.532040110748966,35.586082639683546
臺北市大安區復興南路二段９０巷１２號三樓之２,25.0302196829721,121.54238546339,16.350000000000026,12.579274239589548,10.114987235007609,11.055445641239691,11.999605769832058,13.309918694451106,14.880000000000004
臺北市大安區忠孝東路三段２５１巷９弄１號四樓,25.0433640158937,121.541752964976,33.68000000000003,20.131681847811723,15.644056600154737,16.245481517074026,17.518770839520737,23.216430253908104,28.794148676212796
臺北市大安區忠孝東路四段１８１巷４０弄２２號三樓,25.0438950094599,121.54977402722,22.500000000000004,11.270780297122887,5.980866456801725,10.429504613173878,11.820525840913902,14.203081185656526,15.636519350946767
臺北市大安區忠孝東路四段１８１巷７弄１３號三樓,25.0421962910528,121.551511009015,10.199999999999985,5.844262267749304,3.996546589055921,4.760111126956185,5.665104376449325,8.398319455659784,9.849830564990603
臺北市大安區忠孝東路四段２３３號七樓之１６,25.0416551134743,121.553608580285,15.300000000000015,7.975723308200995,6.358543071699438,8.052981676480906,8.438971041899187,9.262023663397665,10.490834351219144
臺北市大安區忠孝東路四段２９９號九樓,25.0416129944109,121.555322008932,34.79999999999998,26.31552192515511,10.162039323601052,16.11448584818337,22.342800860289646,32.11053431964069,35.865571079306754
臺北市大安區忠孝東路四段３１１號十一樓之３,25.0416140002392,121.555808997506,7.400000000000001,4.508899527233496,2.1999999999999997,3.427654591699696,4.448647302401107,6.002880139426677,8.462615104661749
臺北市大安區敦化南路二段６３巷５３弄１２號七樓,25.031545993421,121.551452000417,39.179999999999964,26.097388805745155,19.523091216575146,24.212859004281746,26.268189704910288,29.856483595112618,35.47169469468297
臺北市大安區敦化南路二段８１巷４７號七樓,25.0300530088274,121.550537031866,44.500000000000064,33.33885346549821,23.12454184351124,32.059638196203146,38.262867379599044,44.86397452973973,47.21130284228858
臺北市大安區敦化南路二段８１巷５３號四樓,25.030026983018,121.550788991875,33.5,15.773849342069184,11.013978033677311,13.760675035021599,16.52891487632409,20.16390420277819,25.79999999999997
臺北市大安區新生南路一段１０３巷１２之１號二樓,25.0404549925777,121.53395201151,6.999999999999995,6.672579584460965,2.497322931663216,6.927211849630675,7.731170289344977,8.331394307621743,9.291104807907969
臺北市大安區新生南路一段１５１巷１６之１號,25.0352676841595,121.534362138032,33.8,21.2494723480232,17.00256876515169,18.13478585726845,21.919338578348835,27.2413000698906,30.000000000000057
臺北市大安區新生南路一段１６５巷２０號五樓,25.034083991793,121.534903022244,69.60000000000001,39.40202786538177,28.446738351007095,38.59757148568853,40.744103616152216,42.70719081848695,53.166101552026554
臺北市大安區杭州南路二段８９號四樓,25.0287100183911,121.52195197601,8.999999999999998,7.958076285797412,4.799999999999999,7.653779890052602,8.62544104288166,9.16312422823078,11.418844074598812
臺北市大安區樂利路５巷１３號五樓之２,25.0288450089418,121.551637994848,10.910000000000018,6.1740035173967875,4.971835981490102,5.500000000000002,6.237367714596914,6.810940659129827,9.556894459163018
臺北市大安區樂利路７８號二樓,25.0256510009177,121.551917028405,9.818480999999982,10.379691143240052,5.789856459357377,8.358978439435576,9.910279336103619,11.844592488481535,15.639364119731693
臺北市大安區樂利路９５號四樓,25.025438016758,121.552293040581,22.249999999999982,16.15529843473263,14.393610180959922,14.998913923874383,15.964404078673557,17.679999999999975,20.899999999999967
臺北市大安區永康街７５巷８號六樓之３,25.0288230064459,121.53011100438,17.679999999999975,11.58628091081065,9.360939742921712,9.787211283655807,10.827822153452727,11.933513714476248,14.458316422757804
臺北市大安區浦城街１３巷９號二樓之５,25.0245569110962,121.527302563902,8.82499999999999,6.876775714371009,3.947691215626936,5.412942931804921,6.924925308558969,7.258825171995153,14.886489356924772
臺北市大安區潮州街１４６號四樓之１,25.0284539931586,121.528626988422,12.499999999999986,7.2387606759136744,3.9665757249483327,6.802167915424869,7.650728224266117,9.098342371614127,10.946363289677597
臺北市大安區潮州街６０巷１０弄１３號三樓,25.028231998453,121.523232982272,35.06000000000002,21.556600873301385,17.440113966117913,18.80994192727962,21.550603583627737,23.226892439751914,24.90439943800003
臺北市大安區瑞安街１３５巷１８號四樓,25.0266199908343,121.540815030011,32.260000000000055,16.494886848137558,14.654562550724878,15.470565609666302,16.073095780882834,19.314982544598003,22.200000000000003
臺北市大安區瑞安街２０８巷６１弄１３號三樓,25.0308339926558,121.541277962523,46.00000000000004,36.564125244862005,24.378107425027682,31.788817712987424,38.504457897548505,42.91761924579969,49.00432928469337
臺北市大安區羅斯福路三段３２５號七樓之１,25.0171509967265,121.532210000573,13.000000000000012,8.084379053293311,6.894768376212425,8.071217804157635,8.37111194006357,11.255081757515994,12.58253420772855
臺北市大安區羅斯福路三段４９號八樓,25.0232889806029,121.525557032565,69.50000000000004,36.476870226360816,30.897069850090627,34.16622256373674,37.83031398029214,40.32864986582115,42.79999999999994
臺北市大安區羅斯福路三段５１號十樓,25.0232370128032,121.5255990259,45.29999999999992,23.378656711462327,17.167464556303365,20.6544079077251,23.53747086888617,27.930981495766765,32.41904982158246
臺北市大安區臥龍街１９５巷２１號二樓,25.0185019918804,121.553029977508,18.50000000000003,15.021444012138561,12.286822066207282,14.930867974399293,16.692804358079652,18.706741918574163,18.8824447291357
臺北市大安區通化街１９巷１７號三樓,25.0317570078335,121.555255959535,22.23499999999999,17.678925605953392,15.115220274788772,17.362530128236244,19.151395601626636,21.69754097919982,23.985468569733314
臺北市大安區通安街１１８巷２號九樓,25.0290880003148,121.55268699003,42.00000000000002,39.66773687645696,24.809537397608914,29.799999999999997,41.19808165680693,48.619872940867694,50.48835424793268
臺北市大安區金山南路二段２號九樓之３,25.0337599893258,121.527004000511,46.00000000000004,29.123150944114894,23.225601669156127,26.517939553587407,28.735584386855543,35.099699816859115,38.79452643581708
臺北市大安區金山南路二段２１號二樓,25.0332549796595,121.527326033231,27.900000000000038,17.006359016011007,14.069626992309008,15.969374632989899,17.115691170088667,18.36512696500548,19.493434185440076
臺北市文山區下崙路２８巷１號五樓,24.9861669982719,121.556752967442,20.659999999999965,20.07012861745246,17.725193245259792,19.49688008882817,21.21004460686279,23.45804174033521,28.05605732052405
臺北市文山區久康街２６號四樓,24.9893349804866,121.565501997976,18.199999999999992,18.91619043229663,14.907841878091455,17.510967113207908,19.900652278504758,22.275057429254527,31.199999999999957
臺北市文山區仙岩路１６巷３９弄１２號四樓,24.9978880840344,121.549942922569,15.000000000000007,12.898089735540292,9.999999999999998,10.77313946758638,12.999812619130578,14.815419705828514,16.46400297230015
臺北市文山區保儀路９號七樓之１,24.9886739836022,121.568653006837,33.97999999999994,40.39810529426808,24.99999999999996,33.00000000000003,39.54653342373864,44.02901503949995,53.78021146854149
臺北市文山區保儀路９號九樓,24.9886739836022,121.568653006837,29.599999999999984,33.84152664944926,23.75349547358107,26.381811916545818,34.894009850838536,38.66943997301755,42.42346130487207
臺北市文山區公館街４８號,25.0055809947688,121.537592020602,6.999999999999995,8.593258186194115,5.180713410216116,6.704446436044963,8.566368641568294,10.899999999999995,16.500000000000014
臺北市文山區和平東路四段６６巷３９號十樓,25.0055050966355,121.565006040765,36.00000000000004,34.16967793731862,23.197912683823965,27.878336057575666,37.55889594856757,46.53525091852248,55.27999999999991
臺北市文山區忠順街一段１１９號五樓,24.9842969956735,121.559961979073,13.33800000000002,15.00602711408006,11.18246225074954,14.337856533293474,15.752776692507352,17.23018834571967,20.117789468825986
臺北市文山區忠順街一段１３１號三樓,24.9844169826174,121.560514011216,12.249999999999991,14.532835885661381,11.87377182074508,13.367327901303357,14.838237420370858,17.37999999999999,19.464942846050153
臺北市文山區忠順街一段７０號三樓,24.9842319940143,121.56080796456,12.379999999999987,14.755626988555727,11.84041014679763,13.690984019551586,15.261690957733618,16.99904043306062,18.58518884416464
臺北市文山區指南路三段２６號三樓之１,24.9831078969795,121.579933036854,9.380000000000011,12.434902876229174,10.031959532360212,11.041341027659866,11.926707257730037,12.65832286018229,15.000571954289578
臺北市文山區指南路三段３２巷５號九樓之９,24.9827310047032,121.580205029613,6.880000000000003,8.287599772899059,5.642339940131221,7.089400473474084,8.106776941213747,8.691283631298436,10.903913271257913
臺北市文山區指南路三段５７號七樓之３,24.9834489985292,121.580086006587,12.799999999999976,22.59936799908644,14.733174060918032,19.84899165157989,21.700848079301906,25.060851278501307,27.039781041246336
臺北市文山區政大二街２０７號三樓,24.9886555332889,121.586913219177,19.360000000000003,23.29970622047756,14.646519281810551,22.300000000000008,23.20551634229256,28.229904172660884,34.416472107387115
臺北市文山區政大二街９９巷１８號,24.9884830019383,121.58275203853,12.600000000000014,20.82077562753026,14.996897182570335,19.687063318321375,21.99187071953303,24.573982677952923,26.14295592240125
臺北市文山區新光路一段６５巷３８號八樓,24.990677007004,121.575433966506,30.499999999999947,43.671080494384185,20.899999999999967,40.75629375477943,44.71060723977973,47.761328176742715,52.047530949028086
臺北市文山區新光路一段９５巷１７號四樓,24.9911950086202,121.574352030444,14.980000000000011,16.193357054438355,11.744968682317456,15.331320173438732,15.89141961754066,18.774618163088515,21.63330765278394
臺北市文山區景中街１號十樓之４,24.993024987631,121.541464962783,15.799999999999997,15.092112741289046,9.582747178354857,12.31118719639548,15.206931642794453,20.15526901684062,21.78860679141393
臺北市文山區景後街９５號九樓之２,24.9919145950079,121.543036569628,8.349999999999996,8.799632600032167,6.311330703240051,7.376310353193931,8.45292810574378,9.175174263750616,12.000000000000005
臺北市文山區景福街１２８號六樓,24.9956900137457,121.536129965231,21.500000000000007,20.43617207610102,18.068472005870905,19.0707306965478,20.322658819462767,23.23315038279462,28.169930414817863
臺北市文山區景興路１５３巷１９號十一樓之５,24.9940000125179,121.545999991496,18.199999999999992,20.62557081539908,15.753619817742917,18.41832940740789,20.366227228401744,23.980600590398407,26.5
臺北市文山區景興路５３巷１５號二樓,24.9966559861771,121.545710983475,15.079999999999977,16.448035843969286,13.921814109825776,15.046335511332199,16.30055454962653,18.75842211746103,22.999999999999968
臺北市文山區景興路５５號五樓,24.9967260169781,121.54484395941,14.600000000000009,17.250066048839198,12.925945178067787,14.23770369207106,17.219753760367965,23.95526623069988,27.750000000000025
臺北市文山區景華街１２８巷１２號五樓,24.9948519910662,121.547715012705,16.200000000000024,15.797082771619698,12.698930912241604,15.972645165262882,16.45831832313092,17.793178759768054,19.59797803369854
臺北市文山區景華街１３巷６號二樓,24.9953960184918,121.542418991002,32.49999999999996,33.76323563951174,21.95443839854807,25.953710980060553,35.72860267989549,44.27549554999904,45.07738724340683
臺北市文山區木新路三段３５２巷１號二樓,24.9806330143384,121.554638967642,13.000000000000012,16.413870345106687,13.905169533034437,14.694858104026899,16.198919652571323,19.179999999999975,25.30000000000002
臺北市文山區木新路二段１７２號五樓,24.9839560198523,121.568342960239,12.299999999999986,14.772682623101922,9.907572861200672,11.722824909750546,15.489943466080785,18.620553160419284,23.0470261385543
臺北市文山區木柵路二段１０９巷１００弄７０號六樓,24.9927330040339,121.561791999993,19.599999999999987,26.548551603358423,16.057966911837752,20.215992302416,26.011775132399123,30.863271760440114,37.82431910004888
臺北市文山區木柵路二段１０９巷２７弄３號三樓,24.9902269826225,121.563059008477,16.66000000000002,18.40163674726272,15.86998064883017,16.953646802449793,18.90650534519757,20.79182531669598,30.699999999999957
臺北市文山區木柵路四段１４１號二樓,24.9983500107184,121.574020023259,31.250000000000007,26.538946769066815,19.729036331418076,22.014086399394348,27.31933805581381,27.881573998083322,30.069858986863164
臺北市文山區汀州路四段１０５巷３號四樓,25.0067000207523,121.537040994287,17.199999999999985,15.968137632640302,12.499999999999986,13.596302700247797,16.678924810325768,17.1220101583452,18.307668469010817
臺北市文山區汀州路四段２５３號十二樓,25.0019046920361,121.536283773154,40.79999999999998,38.24959070924549,32.85585849909652,35.29918558875301,39.05535321098312,42.921340642386205,46.152156213634164
臺北市文山區汀州路四段２６３號六樓,25.0011597084818,121.5362157121,41.68000000000003,37.066411794489454,31.430766576386347,34.47790263781799,38.979613701934504,43.821347196559664,59.49999999999996
臺北市文山區汀州路四段２８５號五樓,25.0014829541722,121.535550339932,27.299999999999983,27.631131246437427,23.369381999038843,26.856694563673372,28.92621738889629,30.085883181244036,37.34635759312798
臺北市文山區溪口街１０７巷３號四樓,24.996154084934,121.537522877317,12.000000000000005,12.094285847283906,8.643566993543452,12.848368239060628,13.92416299586045,14.036788185153085,14.11628978235155
臺北市文山區溪口街７０號十二樓之１,24.9955810070949,121.538924994664,35.49999999999995,34.606347833192295,25.8489365391635,32.3585295382053,37.35552790709433,43.90049244378172,47.2312867346405
臺北市文山區福興路６０巷６號,25.0037500099296,121.550563015766,4.999999999999999,12.650674393677685,7.636490472092975,10.360750921749695,11.882169334119325,16.271463598885116,21.821826713279325
臺北市文山區福興路６３巷４弄１１之１１號六樓,25.0040730065685,121.549145971215,13.580000000000021,15.222900411168562,11.726778210284191,14.538612142028999,15.53929193104998,18.495969223672642,20.361162302875176
臺北市文山區秀明路一段１９巷１６號三樓,24.9900139984628,121.564166006429,18.87999999999999,22.20206040266946,16.909324108905377,19.912127607425404,22.490085594480963,24.577242482359438,30.699999999999957
臺北市文山區秀明路一段１９巷５弄１號四樓,24.9899240187322,121.563697960956,16.879999999999985,18.845179561245363,15.55489925117225,17.365475467247336,18.871458790758286,20.67072061242582,25.99999999999999
臺北市文山區秀明路二段８號二樓,24.9915550113616,121.574147009092,19.149999999999988,20.99884963427094,16.54059016865615,18.172478868182772,22.06715683476244,26.005709603332892,32.49999999999996
臺北市文山區羅斯福路五段２１８巷３８弄３號七樓,25.0026829936554,121.537080975965,37.999999999999964,35.84357959997994,15.549999999999978,26.305417692939226,37.7338690046641,41.463053786513406,49.30990300438014
臺北市文山區羅斯福路五段２３６巷５號七樓,25.0012999796315,121.538266009436,25.049999999999997,27.383164238402724,20.851017960922377,25.604883216888844,30.897684052575844,34.98702739486973,39.08338276888252
臺北市文山區羅斯福路六段１６６巷１號九樓,24.9970249357525,121.541034125307,31.95000000000001,28.243509834754747,18.582553614913465,23.522232036947514,28.538706487170884,33.04302045105117,40.62023515202226
臺北市文山區羅斯福路六段１６６巷５號六樓,24.9970249357525,121.541034125307,33.99999999999994,28.68253599007679,23.046155908544,26.79195130726195,29.247227706979164,35.44887992968771,38.788902572485
臺北市文山區羅斯福路六段４０７號九樓之９,24.991679985538,121.540640015873,13.600000000000009,11.704759877615642,7.3696202141795775,12.846695792715636,14.749726663127738,16.35751803776411,18.167990202737336
臺北市文山區育英街５７巷３號,24.9919039919003,121.538297022478,24.99999999999996,19.075846665640107,17.018262303830554,19.62122942206686,23.507517641573475,26.849024926254906,30.646532527072402
臺北市文山區興隆路一段７０巷１之１號五樓,25.0033089960941,121.540693995329,15.260000000000007,14.692333764179509,11.80938416807638,13.127337236214794,14.601262232243904,19.000000000000014,19.000000000000014
臺北市文山區興隆路三段１３７號三樓,24.9983140104442,121.558763031642,7.2800000000000065,7.148996307973019,4.85691769395674,5.861106085530267,7.270383133000994,8.635104563580164,10.547592477964347
臺北市文山區興隆路三段１３７號九樓之８,24.9983140104442,121.558763031642,7.800000000000005,8.077782982059723,6.60046675684385,7.077174577470875,8.595733486083814,9.46338359434145,11.096587778147526
臺北市文山區興隆路三段１３７號十樓之５,24.9983140104442,121.558763031642,9.999999999999998,14.894756461447567,13.060000000000008,13.761358944522888,15.072469421033931,16.28826276212537,17.260999051836333
臺北市文山區興隆路三段２２１巷４弄１９號四樓,24.9935279856406,121.560299015399,12.600000000000014,17.174502846783593,15.16396203681722,16.42981837043416,18.39915056610348,20.351564016319237,23.136313400623386
臺北市文山區興隆路三段２５５巷２９之１號二樓,24.9927029968205,121.560519962367,17.99999999999999,26.938824522031933,21.92168549468244,24.660546249490018,26.6760656732382,31.831514870329865,33.85185187192688
臺北市文山區興隆路四段１０９巷１１６號三樓,24.9867779971039,121.564595998062,19.49999999999998,27.98814085025114,21.645900433108373,23.389015269721273,27.428664067379778,31.539226850505,37.31842094236435
臺北市文山區萬盛街８９之５號五樓,25.0055874907438,121.542631220791,21.300000000000022,19.25218256795274,15.911662453372374,17.652955251049292,20.336728146789373,22.309083139774767,27.900000000000038
臺北市文山區萬美街二段２巷３號三樓之５,25.0035225767552,121.562943648454,9.400000000000015,16.003014949813256,13.86003300097983,16.612029473628343,19.65128191252116,22.478867093014713,25.090065044732107
臺北市文山區萬美街二段２巷７號五樓之１,25.0035225767552,121.562943648454,14.000000000000009,20.66328712173944,15.239185823093493,18.545676729912568,21.422498228544022,24.655908544491357,25.657762562623986
臺北市文山區萬芳路６０之１２號四樓,24.9986430001439,121.568347989381,20.000000000000014,22.54394923052167,17.158373227765765,20.965931153671185,21.90721935890951,26.364259864551,29.86784654694597
臺北市文山區試院路１５４巷２弄２３號四樓,24.9910709983628,121.5476410005,12.000000000000005,16.983436992480296,12.504383128589295,15.318016610287593,16.79999999999998,17.68850404251557,20.85529700338052
臺北市文山區辛亥路七段６９巷１４號四樓,24.9823730136186,121.554470994302,15.000000000000007,14.728841458694493,4.500000000000002,10.950358862001465,15.851698595859617,17.163007264308106,20.34676278588438
臺北市文山區辛亥路五段５５巷１４號五樓,24.9982379865824,121.55357698051,6.800000000000001,7.7396639121772175,5.169915580716209,6.027296083004652,7.242792103537321,11.907915978315286,16.749999999999982
臺北市文山區辛亥路六段８６巷６弄１０號五樓,24.9892030074211,121.551805968188,8.179999999999996,16.454823959278187,12.299999999999986,14.835200310398195,15.099253666043127,20.05785881711326,20.9540821614921
臺北市文山區辛亥路四段１３０巷３號六樓之２,25.0046710134506,121.556538977454,7.480000000000003,7.933740767584688,3.1623319203026257,5.970000000000004,8.716343844818843,9.199514780663666,10.130635551490155
臺北市文山區辛亥路四段７７巷９２弄１１號三樓之２,25.0087574846152,121.561276010033,13.879999999999992,19.643731670957834,9.999999999999998,15.799999999999997,20.50331194381076,24.99634685821577,30.81320952038561
臺北市文山區辛亥路四段７７巷９２弄１１號九樓之６,25.0087574846152,121.561276010033,12.05000000000001,11.390546544992436,9.293734882885879,11.557463605380777,12.064280897422549,15.085172954471451,17.210674137878534
臺北市松山區三民路１０７巷７號六樓之５,25.0576420012199,121.56316696739,19.000000000000014,11.541723723145129,8.850872605089167,11.113460660537957,12.613533599992996,14.71934561701552,17.144055324171102
臺北市松山區三民路２９巷１號三樓之３,25.0545600173318,121.563490005938,50.99999999999997,39.81794093272949,27.88799117104491,37.35259225877481,39.43598539051398,46.230761915915224,57.65969799359597
臺北市松山區健康路１６６號八樓,25.0535829807881,121.558240000884,32.71000000000005,28.541602425444708,20.25142171970134,24.12407684640344,30.006906517736695,34.65939017185241,39.911915203589864
臺北市松山區健康路２２５巷１１之１號二樓,25.054422009296,121.562242024374,34.59999999999996,25.83731390612358,16.302837038564803,17.99999999999999,27.146325987282253,30.802412315683576,35.022298911200394
臺北市松山區光復南路２２巷２８號,25.0468379794838,121.555899019146,8.000000000000002,5.119370762156464,2.2808331431859568,4.039784438694632,4.671069714269432,7.256437361313852,8.972451484981676
臺北市松山區八德路三段１０６巷１號十樓之７,25.0476340088284,121.553755012133,6.499999999999999,4.115535747635774,3.398011801353996,3.7452071951044834,4.2125354357546545,4.797168982451443,5.68302996875312
臺北市松山區八德路三段１２巷５１弄６號五樓,25.0460699876054,121.550896028779,36.00000000000004,21.94784998903346,12.500174641655592,24.850982082116666,27.287938900129785,28.50467248254105,33.95401826604485
臺北市松山區八德路三段１２巷５２弄１４號二樓,25.0462670042395,121.549977958924,39.99999999999998,31.229930925036932,20.78309218959112,28.637655130484717,33.04033689596921,35.432033111008316,38.26262417705571
臺北市松山區八德路三段１６５號十一樓之６,25.0481870048904,121.555411024743,36.78000000000004,20.298994469972456,17.3513886901268,18.521562323239994,21.195741876026812,24.04337081933868,24.63493174759059
臺北市松山區八德路二段３４８號十一樓之１０,25.0477319932765,121.545318961863,20.400000000000006,14.062384191945,9.217503945424449,13.593548531701344,14.755982699741665,16.3125003787401,18.130550130598582
臺北市松山區八德路二段４１０巷３２號四樓,25.0464999792383,121.546629975339,36.09999999999998,27.204111173776003,20.855936007640583,25.02524106178021,25.03474938336012,30.527096701058205,33.57846842261632
臺北市松山區八德路四段１０４號七樓之１,25.0483900145853,121.560898992029,4.500000000000002,8.824082362928909,3.983707149325296,5.150527353252008,9.32769896178265,12.232301598465346,14.81019666795971
臺北市松山區八德路四段１６７號二樓,25.0488249934506,121.562809982134,9.416252000000014,13.92357315133072,7.481529986916395,11.148938479381895,13.729910829982156,17.531063666247853,20.185061020583372
臺北市松山區八德路四段２０４巷５弄６號三樓,25.04845799182,121.564363986982,16.500000000000014,14.572719000149505,12.71616586304104,13.900769862835254,16.064958338846406,16.793378435051586,18.48996215074715
臺北市松山區八德路四段２４５巷２０號九樓之１,25.0495349825591,121.564278994484,21.080000000000016,14.667726483158186,7.6362246555912385,11.639936514192463,13.879999999999992,17.948378653262058,20.919353394652404
臺北市松山區八德路四段２４５巷５２弄５０號五樓,25.0502660102445,121.563073006255,25.99999999999999,22.845558727922732,16.30966995250581,18.141233263835957,19.724130306852608,23.732533246087684,27.28316215329896
臺北市松山區八德路四段４４５號六樓之１１,25.0499200052814,121.570422007502,10.480000000000008,11.0086253965041,7.61573228860647,8.74723537643162,11.808947185591549,17.938115843086738,18.199999999999992
臺北市松山區八德路四段６３６號八樓之２,25.0498319952981,121.574493014056,16.279999999999998,14.50952898374848,11.845078051260144,12.297755892844844,14.966398049381864,16.164483774210876,17.84220964288057
臺北市松山區八德路四段６３６號十樓之１,25.0498319952981,121.574493014056,17.85999999999999,14.854397843046012,12.594115559118942,13.642211434669756,14.72872642897043,16.98727269124712,17.864032563155337
臺北市松山區八德路四段６３６號十樓之６,25.0498319952981,121.574493014056,20.500000000000018,18.458410293179913,14.101503445408419,16.143037786372673,18.197731112844817,20.41592028197025,21.080000000000027
臺北市松山區八德路四段７６５號十一樓之７,25.0511720101587,121.577940993746,13.400000000000011,10.394705456662605,7.4180291930600255,9.943709092501432,12.249596279434197,13.632596792712942,14.68189857320584
臺北市松山區南京東路五段２３９號七樓之２,25.0516164186651,121.564972429334,16.430000000000025,14.4533925090245,11.687621895728494,13.018483194059062,14.631817276359522,16.52652828029995,16.966705063590886
臺北市松山區南京東路五段２３９號五樓之１６,25.0516164186651,121.564972429334,22.200000000000003,16.869845585931888,13.62505063327521,16.08733950344683,16.962866997523307,18.266602959464606,19.195586812990292
臺北市松山區南京東路五段２３９號十樓之２３,25.0516164186651,121.564972429334,14.880000000000004,13.733519732696026,11.425293426007174,12.148871014514038,14.340436742958323,16.51478125801249,18.540000000000013
臺北市松山區南京東路五段４１５號二樓之６,25.0514612419358,121.57010545841,14.420000000000025,14.668700025476147,11.998012006039563,12.287534727483056,14.66335424402742,16.80517670216492,17.97794600853059
臺北市松山區南京東路五段６６巷９號五樓,25.0507260090908,121.560916007292,5.31,11.461076509997508,5.947332368580258,9.012759057710143,12.095633617027566,15.670527019596246,19.000000000000014
臺北市松山區南京東路四段５３巷７弄２號二樓之２,25.0529480097131,121.551033994905,19.000000000000014,12.53982393117975,8.699999999999994,10.599999999999996,12.752399233637558,14.906022252922316,17.635942902120593
臺北市松山區塔悠路３２３號四樓之６,25.0614669989149,121.568937991545,10.499999999999995,10.356236666077535,5.567550324302032,8.930605218437835,9.700472004465022,12.856737310154786,15.519126242410849
臺北市松山區富錦街５７１巷７號二樓,25.0622419896825,121.566589969009,19.799999999999986,15.469272667695233,13.428884562373128,13.816358297887177,16.61580642008348,19.842606422606007,22.264717147043626
臺北市松山區延壽街１８巷７號二樓,25.0569660007288,121.568500037104,39.99000000000003,45.81153727491265,31.310744438153062,37.61624290087918,40.81884585557759,54.16484696367563,62.12510379496495
臺北市松山區延壽街３３０巷１７弄８之１號十樓,25.054694002054,121.560983984527,34.49999999999998,28.723483848742664,22.215079576975516,25.407929610939384,29.09395444090574,38.134771935636785,38.50000000000002
臺北市松山區延壽街３５１號三樓,25.0566950137991,121.559143989142,6.3000000000000025,6.315418029251282,4.999999999999999,5.379552299869891,6.255218800039984,7.565612592455613,9.030698347362469
臺北市松山區復興北路２２３號十四樓之１,25.056798991308,121.544501977761,0.9999999999999997,0.7179401574846337,0.5481647285323022,1.2118589026780306,1.4903470609650502,2.2671155803464744,2.523885892824792
臺北市松山區復興北路４２７巷２５號十樓之２,25.063393998455,121.546364017551,17.299999999999972,15.763138692349958,12.668648095728651,14.16718964465441,15.763400584341946,17.66887799117794,20.001130266929948
臺北市松山區慶城街２３號五樓,25.053513997725,121.545200022657,57.209999999999916,33.60166897903001,24.420008785334925,29.358318498012732,38.172034969193675,50.99999999999995,68.99999999999996
臺北市松山區敦化北路２２２巷２９之１號三樓,25.0598580087814,121.547598001337,31.199999999999957,26.940853892205112,21.129318861970777,23.535755482953743,26.622743393691856,31.66946197672448,33.34745247868631
臺北市松山區敦化北路２４４巷２４號四樓,25.060710993158,121.548615983477,24.09999999999997,16.90230681800431,14.716065884985184,15.542585359566623,16.362306555548862,18.620000000000005,22.32000000000004
臺北市松山區新東街１２巷１１號四樓,25.057846980662,121.566867996737,25.99999999999999,19.88945376155512,12.499999999999986,19.520595752715753,22.4147003145609,23.96109726692349,25.99969030687336
臺北市松山區新東街１６巷１５號四樓,25.0581680075536,121.567107970625,21.300000000000022,18.760189637979312,13.391158500902744,14.405705244021986,17.075193110907545,25.652677402411292,28.448782965326405
臺北市松山區新東街６巷１２號二樓,25.0573990098468,121.566812005624,24.000000000000004,19.493226251357978,19.017039505872873,19.80581160456065,22.409318589258596,24.407220226061337,26.48803668235256
臺北市松山區新東街６０巷１６號三樓,25.0620230124621,121.566070039555,22.700000000000042,22.794506006908378,16.302396112984173,16.558037391435473,18.29754910799101,25.835416034162165,30.0253824395518
臺北市松山區民族東路６７４號,25.0645219930748,121.546665011694,16.40000000000001,16.831115916456472,8.003924884577462,13.326749892311316,16.881902352219235,25.4139589460029,36.95726744195138
臺北市松山區民權東路三段１２５巷２號六樓,25.0623857812315,121.545861606275,12.499999999999986,9.401265884768584,4.495225913232847,5.350855793671598,9.125199999999989,13.016580556431787,18.365865590312865
臺北市松山區民權東路三段１６６號八樓,25.0616070186075,121.548505007079,2.400000000000001,11.112163085700088,6.834144214492584,9.251093507746411,10.43344528667394,13.018925461528928,16.016517054489647
臺北市松山區民權東路三段１９１巷８９號三樓,25.0647359830629,121.545648035382,20.599999999999973,19.41782248243559,13.739981043799837,16.495343564247484,17.98331025615593,22.353357366171043,23.99398489698498
臺北市松山區民生東路五段１２２號五樓之１,25.0585710094583,121.561183976736,18.270000000000024,18.958710952055608,10.531337438278477,14.000000000000009,19.95897640919418,21.338950489070175,25.135149940381726
臺北市松山區民生東路五段２１２巷５弄４號,25.058413627576,121.564997073925,17.34999999999998,11.058762528409234,7.297479443906763,10.180746038759967,11.657365335238218,14.560260341753326,17.656685285858273
臺北市松山區民生東路五段２４號七樓,25.0582271837901,121.556377122903,45.29999999999992,40.488773786490476,19.530563074771592,32.80000000000005,41.1130731028894,47.10105287843561,49.85356622438971
臺北市松山區民生東路五段２７巷６號二樓,25.0595369818898,121.556858998517,32.49999999999996,18.81244439114745,15.359271251729401,17.69161676611809,19.58008357233113,21.24768945053624,24.141208382310573
臺北市松山區民生東路五段４８號三樓,25.0582289858992,121.557580009828,30.08,20.38306906670365,12.60120675168553,17.25001532985181,20.70808474494605,26.7714436332262,32.020755351969264
臺北市松山區民生東路四段７１之１號四樓,25.0580460089529,121.551201968245,22.999999999999968,14.466348356426094,11.441644931959228,14.353026123257276,14.83098250376584,17.58257528515275,19.10073564268999
臺北市松山區民生東路四段８０巷１弄６號三樓,25.0575539912365,121.55334496943,31.08000000000003,17.82623001313823,14.466798731603046,17.11102014513208,19.00371334098809,20.939285556971303,21.675828434356568
臺北市松山區民生東路四段９７巷２弄１１之１號二樓,25.0586130027932,121.552782962822,27.999999999999986,17.646816729743783,13.187589758895706,14.986423998856521,17.505642825763214,23.609302914630923,28.800000000000036
臺北市萬華區中華路二段４１６巷５號十二樓之３,25.0270369905173,121.50471802871,17.8,22.793726451970965,17.62627638615407,20.553966574248225,21.80240986268251,24.966516502130666,27.900000000000038
臺北市萬華區中華路二段４１６巷７號十一樓,25.02682899359,121.504809978187,18.87999999999999,21.328874697664702,17.631923169539114,19.0368211804381,19.864933597759755,25.683815372962325,28.058327733764123
臺北市萬華區中華路二段４１６巷８０號七樓之３,25.0273135933221,121.503458061024,24.99999999999996,43.66486588068166,34.20062422806155,42.6677197516958,45.985297820728015,50.926012286935745,57.02288963385621
臺北市萬華區中華路二段５００號十二樓,25.0260827108408,121.507614982085,9.999999999999998,11.268350575298074,9.080494539134778,10.52768512085032,12.315098882732869,14.435902971039747,15.965845546205587
臺北市萬華區和平西路三段３８２巷１２弄５０號四樓,25.0347169931208,121.490428979271,8.000000000000002,9.013984339064129,5.652191631854409,7.003042436958023,9.800000000000006,10.740402612884854,14.033517421365405
臺北市萬華區和平西路三段３８２巷２弄１７號二樓,25.0348940189159,121.490897024745,10.949999999999989,14.234102359560424,10.796488553618005,12.495064718362723,13.873689098610148,16.657156380530946,18.292409531446868
臺北市萬華區和平西路三段３９２號二樓,25.0353390141555,121.491155019724,12.379999999999987,21.090529011804293,17.030033540013893,18.36734833116782,18.386980441592463,23.8982685749415,27.990462656236552
臺北市萬華區和平西路三段３９８號三樓,25.0353450072163,121.490920996988,12.600000000000014,17.973574075740352,14.904816772340292,15.895312501872269,17.816931253416683,19.921442339826005,20.500000000000018
臺北市萬華區國興路１巷６號九樓之２,25.0239169946983,121.508536991434,14.000000000000009,11.384676876682375,8.388240979541013,9.254282841431351,11.984010767463708,15.393591249607107,17.17095542924188
臺北市萬華區大理街１之１號,25.0345890014593,121.503253039673,2.75,3.597785181277157,1.4709970024176156,2.047101912468975,3.333419032518972,6.3000000000000025,17.34999999999998
臺北市萬華區大理街１６０巷２２弄９號三樓,25.0326179969276,121.494372999991,3.0999999999999988,6.789516028287612,5.2961415544427,5.47722557505166,6.996230270185143,7.759424099500896,10.318848139746224
臺北市萬華區大理街３０號五樓之２,25.0345630175595,121.501611024841,18.800000000000004,20.929012157054835,16.82578800762896,18.661295691169457,21.7134394180948,24.9132897506341,31.760000000000034
臺北市萬華區富民路１４５巷１５弄２號四樓,25.0186239904811,121.50032297778,8.299999999999997,13.519562401359474,9.721111047611787,11.021510136006755,11.835548614138244,12.597292303482076,15.176845460981795
臺北市萬華區寶興街１４０巷３３號四樓,25.0238190102502,121.493708985622,12.580000000000013,16.077993618593766,13.111647226933702,15.046986704993971,16.66393565130763,18.067556200813982,18.939987222040827
臺北市萬華區寶興街６５巷１６號八樓,25.0270291115283,121.494867616098,24.000000000000004,28.289747764911073,21.16917270807585,25.89546283728975,27.937464341815073,31.093814449427317,36.723710008338536
臺北市萬華區寶興街８０巷２號四樓,25.0259929825673,121.49419304053,14.200000000000005,18.474389074897026,13.380960291604591,14.577873296649283,17.323193403371942,21.305566541517443,21.57804630395457
臺北市萬華區峨眉街１２２號五樓之２,25.0445249933025,121.502305968433,19.680000000000007,24.729684364573508,19.170117992933314,23.211348305562733,32.80769087784646,35.61366839054361,40.29445592193775
臺北市萬華區康定路１０３號十二樓之１３,25.0395069993285,121.502047973453,11.50000000000002,14.914597196142347,11.26334716206512,13.208374815839806,15.147714068138031,19.073193481935835,19.874162329039336
臺北市萬華區康定路１０５號二十二樓之１２,25.039268198907,121.50202316302,11.599999999999985,15.78197396608755,11.543002201509115,13.017577195546389,15.699284022305873,20.27569974131599,23.200000000000035
臺北市萬華區康定路１０５號十一樓之１６,25.039268198907,121.50202316302,17.299999999999972,21.581216336079272,16.89999999999998,18.907458293475774,20.79150516899866,24.508036824529626,28.56778101659422
臺北市萬華區康定路１０５號十七樓之６,25.039268198907,121.50202316302,20.380000000000035,25.393850603083102,20.347445418609134,21.924992999395776,25.842445334236906,32.86843280055549,38.302454605533114
臺北市萬華區康定路１０５號十樓,25.039268198907,121.50202316302,13.060000000000008,15.50732346780957,12.823214859471719,14.023093151366526,15.250446005717953,17.85999999999999,17.99999999999999
臺北市萬華區康定路１６６號十三樓之２,25.0394489965585,121.501803976252,28.99999999999995,33.24680196692125,28.09367253537996,32.62959134923294,35.30224509691063,38.074421047783616,40.27687569047932
臺北市萬華區康定路２３２號七樓之１２,25.0379400025299,121.50159199792,4.700000000000004,5.631355864268685,3.880317331602294,5.020477004285118,5.708406975783378,6.44522646058673,9.59873108798202
臺北市萬華區康定路９７號八樓,25.0396460131927,121.502093990102,9.549999999999985,9.027067230091559,5.241938223475697,7.049822692805827,10.148579306857036,11.37834026820744,14.39372953702036
臺北市萬華區德昌街１８５巷１２弄８號三樓,25.0231650122549,121.494035041655,12.20000000000002,17.11296314275199,13.016133559275113,14.67989748268453,15.324572884716325,17.017682738407263,19.347877296317726
臺北市萬華區德昌街１８５巷２７弄１號三樓,25.0223709945671,121.494471990268,13.799999999999985,16.606862995164683,13.969717084099523,15.318661785473378,17.010174289541528,19.191778887769924,21.499999999999996
臺北市萬華區成都路１３９號六樓之７,25.0435060053335,121.503248010531,22.90000000000004,27.433863214291318,23.06480771496784,24.851180256009023,27.779152856559026,33.60343498915011,34.49999999999998
臺北市萬華區昆明街４６號七樓之３２,25.0464089936793,121.505649006695,5.970000000000004,7.168687227815249,3.9557402000928468,6.104846417640025,7.275951804818094,9.257794653036779,11.063453348751459
臺北市萬華區東園街６６巷５３弄２７號五樓,25.025723001466,121.495124018516,10.399999999999991,13.704495685602746,9.007512714229584,12.437916609623084,14.374823935172278,16.79542160407404,18.426819462326158
臺北市萬華區武成街１２５巷４弄１９號,25.0199099839758,121.493831026132,1.2000000000000004,3.5488508792640236,2.354768761448549,3.4181947059943054,3.83333333333333,5.005716966545164,12.000224546920908
臺北市萬華區武昌街二段１２４之２號五樓之２０,25.0453662849243,121.503764671042,4.000000000000001,5.10993983073148,2.898487172373223,4.059638172773973,5.228953874785842,7.229435055114866,8.999999999999998
臺北市萬華區武昌街二段１２４之２號五樓之２１,25.0453662849243,121.503764671042,4.000000000000001,5.093692494881867,2.958632374940647,4.073895621579553,5.351862352367703,7.247607613331839,10.199999999999985
臺北市萬華區民和街８１巷７號三樓,25.0252270023456,121.498277961043,30.129999999999963,23.917457466482322,24.9065844351295,25.1448716905999,27.319044398464513,32.47673137973747,36.28536049466901
臺北市萬華區漢中街１７６號十二樓之７,25.0409670011331,121.506361971379,4.1999999999999975,4.4599504905639105,4.882885331541965,5.050396889769539,6.09603684002605,6.499999999999999,7.384045074152804
臺北市萬華區漢口街二段２７號七樓之１,25.0455790176269,121.507706009554,25.500000000000018,20.060925913231554,14.900009099526212,20.080000000000034,21.391183717947044,24.43182915796021,27.133081171130012
臺北市萬華區漢口街二段５１號六樓之１１,25.0458679837388,121.506388039098,14.299999999999992,18.97761642197293,12.109162428863304,17.77395527610248,19.055489724435244,21.77810216167593,24.55217953763808
臺北市萬華區環河南路三段４７號三樓,25.026359020279,121.490137959593,7.700000000000007,14.2439288921308,10.488915644683232,11.27246691406713,12.49493127825594,14.012068943378491,16.4087923416525
臺北市萬華區環河南路二段１２５巷１５弄６號五樓,25.0340570020648,121.494202009167,14.179999999999987,15.350152772053393,13.661660509309902,14.515463126702135,15.268415030459225,20.69999999999997,20.69999999999998
臺北市萬華區環河南路二段１２５巷７弄４號四樓之１４,25.0342709920529,121.493951976995,12.280000000000005,17.36860210363972,13.273132393149078,14.467186019243949,16.321971966578186,19.49529579950414,20.593499927294793
臺北市萬華區環河南路二段１４８巷１４號五樓,25.0362220057455,121.494462015803,5.179999999999996,9.02779098217661,5.139698536200327,6.2892872773255375,8.663228513921123,11.460000000000015,13.785997896294464
臺北市萬華區環河南路二段１４９巷５號六樓,25.0335439876809,121.493173968742,6.999999999999995,10.808179763144132,7.610529844940901,9.193142644798211,10.435274753749455,12.057267866871202,14.470834169144373
臺北市萬華區環河南路二段１７５巷５號四樓之１,25.0327159813758,121.492510960201,9.24999999999999,10.38327110682104,7.959665038990644,9.242535112548461,10.36417460701818,11.373396963939996,12.20000000000002
臺北市萬華區艋舺大道５７號四樓,25.03382800847,121.503876988545,8.999999999999998,9.23812342693632,5.025530792127944,7.634098551119616,9.441508590131605,11.952212635906989,13.298605090294869
臺北市萬華區萬大路１３７巷４３號四樓,25.0292169978047,121.50158596295,6.999999999999995,8.98125911355284,6.077777959653208,7.078488657553648,9.020545191133403,10.266425203053561,10.969917807876568
臺北市萬華區萬大路８５巷１８弄１０號一樓,25.0300600077166,121.501523014857,8.000000000000002,8.739569454248256,5.227419399259774,7.0275691302126795,8.32286044018432,11.205537373036627,24.480000000000015
臺北市萬華區西寧南路３０７號七樓之２,25.0381819880745,121.506499015496,11.579999999999995,13.020535881503847,11.141779235013752,12.52976073001278,13.23149803392181,14.221152520284475,15.336848757742022
臺北市萬華區西寧南路６３號十樓,25.0463999831334,121.507120030703,17.49999999999999,16.28071258108946,7.592431383667656,13.019283020256324,16.201349114147284,19.479878273803624,24.101904628032095
臺北市萬華區西昌街１５４號九樓之１,25.0387279852474,121.500523975818,8.199999999999992,11.443137558296218,7.300000000000003,11.784593713731281,12.94290380239597,15.131882113143241,17.068571199069055
臺北市萬華區貴陽街二段１０４號七樓,25.0398620148375,121.502953973367,9.999999999999998,25.90002885401397,19.45094531625954,24.052281317528486,25.89054215747834,31.16104574223283,37.578296387986924
臺北市萬華區長沙街二段６１號八樓之１,25.040682980344,121.505462006436,16.79999999999998,19.94208031896013,16.492422502470653,19.033275829895956,20.89054018119187,22.833067147769732,25.152503832029073
臺北市萬華區長泰街２９７巷２０號二樓,25.0206060172155,121.492961990411,11.679999999999993,19.64348632350961,14.648575214512217,16.63935429804399,19.728284784001257,24.700000000000014,32.49999999999996
臺北市萬華區長泰街３１６巷１２號二樓,25.0212829816254,121.492673988218,8.299999999999997,9.48812631527717,5.941859158860711,7.910069112401307,8.98487741352912,9.695304216767317,11.825866017292899
臺北市萬華區開封街二段１２號十二樓之５,25.0460540200798,121.508732038321,27.68000000000002,24.75356430648424,18.31855639617716,21.816385010910878,24.019282320933446,28.38893604453019,31.906427167655995
臺北市萬華區開封街二段８１號十二樓之３,25.0472069927711,121.504694978476,10.379999999999999,10.825345571461186,8.424148171361463,8.943404314223034,10.908261782587765,12.792420099771213,14.44361904550571
臺北市萬華區青年路１６８巷４９弄１３號五樓之１,25.019318012064,121.50172099541,8.800000000000006,9.391932567116378,5.801258374789729,7.400966866921814,8.777934355641472,9.924246999855248,12.229043698620858
臺北市中山區中原街２２號六樓之１１,25.0567059940923,121.528735031154,8.400000000000007,6.309100562252587,4.383481702214546,6.071581139924821,6.4874134307904106,8.706879544204305,10.163960031922617
臺北市中山區中山北路一段５３巷２０號三樓之２,25.0489262887505,121.522880104148,7.300000000000003,9.803782639233889,6.225189334551453,8.257135405453699,10.212369031953498,11.662636215228853,14.212181978493762
臺北市中山區南京東路二段１０８號九樓之１７,25.0518390001039,121.532169013066,17.219999999999995,13.142339150159438,10.152571457117167,12.958658166961335,14.356207384943014,17.567007081915577,18.518216998365727
臺北市中山區合江街２９號四樓之２,25.055379013091,121.539171003522,12.280000000000005,12.151240610828658,8.110000000000005,9.33045641843872,12.340641492294946,13.490802877512168,16.1312622398669
臺北市中山區吉林路３４３巷３６號四樓,25.0642170175278,121.53199902807,26.5,24.58269639672376,5.536986703457833,10.979070998950688,26.415811077832483,31.165764237337402,34.64506025434055
臺北市中山區四平街８９號三樓,25.0537159177725,121.535065882623,3.3491090000000017,6.931773695997115,3.1389338940685567,7.079145289103103,7.8854501257407,8.345840592873078,11.38108044706105
臺北市中山區天祥路８０號五樓之５,25.0639659795277,121.520528980308,20.999999999999982,14.819847233278677,13.53266267878748,14.641531535038549,15.318493353959482,16.802863184406842,21.967776801135038
臺北市中山區建國北路三段６４號六樓,25.0653580040975,121.536096018523,19.680000000000007,18.991969123188685,8.475732441572312,12.084215561133293,15.799999999999997,21.156289190284355,22.924077603791932
臺北市中山區德惠街１２號四樓之７,25.0665619806696,121.52375601303,19.349999999999962,19.44813690036336,13.650321962293686,16.000393150297157,21.09192266630955,25.0389975937167,25.403130860042072
臺北市中山區德惠街４５號五樓之１９,25.0667429878687,121.526995031874,0.5799999999999996,0.2863493327414151,0.26185151038081333,0.276552108676039,0.2932462974961796,0.31813889008597424,0.38499132114214873
臺北市中山區德惠街７９巷２號,25.066885019218,121.528449040618,6.499999999999999,4.316146389031184,2.233519208604528,3.165755906512457,4.095453831776059,5.2,10.460000000000013
臺北市中山區撫順街６之１號六樓之５,25.0636879937089,121.521560038217,9.049999999999988,7.392725593610353,5.056678899548427,6.185838458405373,8.119535735352954,9.622901008793512,11.063911400078814
臺北市中山區新生北路一段１０２巷１０號七樓之４,25.0487120053958,121.528544007581,11.00000000000001,10.141989574510001,6.882156037218332,9.637815673872252,10.92113465535546,12.435189228936157,13.882139924265346
臺北市中山區新生北路一段４６號十二樓,25.0463939900726,121.531286985395,25.500000000000018,21.82799573912926,13.549486586871613,18.720088604786735,21.884861549516174,24.979340089560196,30.422372511643026
臺北市中山區新生北路三段６１號三樓之１５,25.0659790193038,121.528077973764,20.500000000000018,23.30984196838729,11.680784314688685,19.490313557644,22.781174212310162,27.185168766744084,31.222659328267802
臺北市中山區新生北路二段７０之１號十樓之５,25.0566819799397,121.527177002992,11.50000000000002,9.64016012784462,7.3896242682871645,9.36611093331647,11.679999999999993,13.129602581977194,15.59241522668518
臺北市中山區松江路２７號十二樓,25.0471820146996,121.533177020742,4.500000000000002,3.0874599980836246,1.954037700144371,2.872755637580975,3.6309188860263752,4.064796443729831,8.812707070051104
臺北市中山區松江路２８７、２８９、２９１、２９３號地下層,25.0604569795823,121.53346804042,5.2,5.811794274638539,2.4999999999999996,3.000000000000001,5.729161990980572,7.211102550927979,9.481580084459972
臺北市中山區松江路８號十二樓之２１,25.046456980075,121.532689026339,5.750000000000004,6.14056790778964,2.9810601205159815,4.347413023856832,6.312264629521409,8.283899891816025,9.445221037218877
臺北市中山區林森北路２８９號九樓之１,25.0556049892007,121.52557999898,17.49999999999999,16.245983237654265,12.238454788724916,13.540561842564555,16.147240312572418,22.287992458700923,24.379999999999963
臺北市中山區林森北路２８９號六樓之１１,25.0556049892007,121.52557999898,15.88,14.858710941886342,10.696220206073539,12.007108231189704,14.757171793341383,19.000000000000014,22.259999999999994
臺北市中山區林森北路４８１號二樓,25.0610929983953,121.526009990613,12.350000000000005,13.943575174905178,8.737977904555077,13.480125960363708,15.352050309991021,17.95432400234854,23.582128119975895
臺北市中山區民權東路三段６０巷３弄１號四樓,25.0614859839256,121.542522004592,4.1999999999999975,5.381799597968554,3.1164405075034494,4.169281268817699,4.300000000000002,6.175535766041166,13.379424399615054
臺北市中山區民權東路二段１３５巷３０弄１６號六樓,25.0641510100403,121.534375968172,14.499999999999995,15.705182205135172,13.20505618380773,14.538612142028999,15.599839313272382,19.19391871775312,22.464071185769324
臺北市中山區民權東路二段９２巷７弄２２號,25.0606239890031,121.532301028041,0.19999999999999998,0.5964192808694778,0.3104414708134011,0.49591680646323605,1.9331565522553888,2.323790007724451,5.787512595586481
臺北市中山區民生東路一段７２號十二樓,25.0579269859278,121.526485998894,16.99999999999998,17.7771012095721,14.14907542643189,18.421618870850814,19.253631620988603,23.207973127161328,29.148426178370393
臺北市中山區民生西路３巷２之２號五樓之１,25.058140011997,121.521669002958,21.300000000000022,16.25020787941531,10.365833405430042,14.086678079811335,16.91750382938064,25.203792652152806,27.500000000000018
臺北市中山區農安街２２７巷３４號四樓之１,25.0663860026125,121.533804992928,25.79999999999997,27.68807628826059,22.74311150186203,25.938842600166257,27.900936845127124,32.77139182134986,36.457819738468196
臺北市中山區通北街６５巷２弄３號二樓,25.0832439796455,121.539583979891,28.600000000000026,32.199327722222975,20.000000000000014,25.878586057917705,26.64548499943856,31.838439288117467,39.29368595393339
臺北市中山區錦州街１０６號六樓,25.0602883388881,121.528572333427,17.8,15.208204955873843,12.000000000000005,14.247806848775012,15.386846201777484,19.318695054893848,26.31755184708272
臺北市中山區錦州街２４５號四樓,25.0604569795823,121.533957962661,25.99999999999999,12.901065751763886,2.4999999999999996,4.014271934078101,15.974801738113829,18.801897531978952,21.289053375773143
臺北市中山區錦州街４２６巷１弄５號,25.0599220046121,121.542656031224,7.800000000000005,7.535000627223712,3.944560522071853,8.538007408623521,8.808564413399473,8.92443561309453,13.187955632852209
臺北市中山區長春路４１０號十一樓之５,25.0544160162352,121.543750037227,8.380000000000003,8.03237328463791,5.6452907936613075,7.661023591346308,8.861134835264304,10.661423772570025,11.630216805469768
臺北市中山區雙城街１８巷７號二樓,25.0655119796589,121.523694992775,6.999999999999995,7.9209228486545165,5.071039546291643,6.541191634402816,7.24892395318259,10.061061598982592,10.499999999999995
臺北市中山區雙城街１９巷８號五樓之１５,25.0653279968842,121.524851024861,9.299999999999994,10.407455582919486,6.5861018937501505,8.485920811339817,10.93645763276599,14.7,17.199999999999985
臺北市中山區雙城街４３巷７號六樓之３,25.0675530149916,121.524801990727,5.2,5.904058556004429,3.6645728192893876,4.950600228342639,6.0563663505113485,7.90756076070934,9.500000000000014
臺北市中山區雙城街４９巷１２號四樓,25.0678630196805,121.525232988189,12.499999999999986,7.6682494627934545,4.799999999999999,5.101069419632769,8.153455442817597,10.900500316911428,12.242637885911089
臺北市中山區龍江路３４５巷１２號三樓,25.0632730056826,121.541631008285,20.999999999999982,18.19946967200145,15.114419807935278,16.800130372009573,20.599999999999973,21.561940947884963,23.400562356589578
臺北市中山區龍江路３７０巷２６號三樓,25.0663409917924,121.539563025133,20.000000000000014,22.12615629899098,14.887214224529668,22.759774125384016,23.938799768422886,25.193823221861166,27.685688076181858
臺北市中正區廈門街１４０號六樓之１,25.0224970164814,121.517359028346,12.000000000000005,8.159010163768347,6.383619602200514,7.378960412896767,8.937853074545007,11.247221879202007,14.000000000000009
臺北市中正區廈門街９８號五樓,25.0240340060666,121.517351987547,4.999999999999999,15.814902756709605,11.058640007961143,16.082153129513024,16.429054761877286,18.865164565499455,21.639420580723222
臺北市中正區林森南路１２０號三樓之２,25.0335719832376,121.518751011006,21.400000000000016,15.464552817968514,7.793654572753368,14.487484486048267,15.352050309991021,20.103629664670574,24.270938153730857
臺北市中正區汀州路一段１９８巷４號四樓,25.0279900129083,121.508982992502,0.9999999999999997,1.5823735224645852,0.502005589666919,1.6442535706640864,2.0542397937944346,2.0635491656335447,2.402854706396975
臺北市中正區汀州路三段１５３號三樓,25.0158393126986,121.53131598678,23.500000000000014,17.36774708074773,14.322635429593747,15.000000000000007,17.017793509847532,19.459632603956493,22.502038945653105
臺北市中正區汀州路二段２４４號五樓,25.0216649868627,121.524539972434,19.49999999999998,11.000556722503088,4.579301256742126,8.172910295569062,12.314359484044543,19.024403905758554,22.6932939481371
臺北市中正區羅斯福路二段１９８號十一樓之１,25.0248079910059,121.523847040499,24.09999999999997,18.197329732391342,12.262963427520344,15.88,18.68030713413764,21.662970824411875,26.677480561891045
臺北市中正區臨沂街２５巷１８號四樓,25.0412829988828,121.531241974575,24.000000000000004,30.625454811561465,20.89086100620713,25.938842600166257,27.823826318894845,38.70088564795577,41.493806038152336
臺北市中正區衡陽路６９號十三樓之３,25.0423799804609,121.511763018329,28.350000000000044,21.255795940119903,14.998612668450432,17.1117380449007,21.47984808901938,29.799999999999997,38.50000000000002
臺北市中正區衡陽路７７號八樓之２,25.0423420104395,121.511059022281,2.4999999999999996,2.3420233196040012,2.0609023303529352,2.1999999999999997,2.513443434893517,2.9953553064621934,5.376203160497689
臺北市中正區詔安街４３號四樓,25.0255569978736,121.51221999969,14.580000000000028,13.305132734207001,9.999999999999998,11.359969105976914,14.43765895328054,14.96467415556792,17.131450718484885
臺北市中正區重慶南路三段１６１號六樓之５,25.0226799934277,121.517009000069,10.879999999999983,15.072349408533467,10.9823509603488,13.945368360911742,15.182406713504935,17.878660967251893,18.94882241672174
臺北市中正區重慶南路三段６３號九樓之１,25.0265820208129,121.516311961001,24.000000000000004,23.61886303776482,17.026533723578748,20.247846944600695,23.96553277940156,32.35205039499283,36.19999999999996
臺北市中正區金山南路一段１３９號九樓之１,25.0351769919671,121.527660974081,4.500000000000002,10.479849446631752,2.5158079908770157,3.8775906807139093,14.386558779403872,16.139829237527596,18.135848989647172
臺北市中正區齊東街４８之１號二樓,25.0421130168448,121.528527998146,8.999999999999998,6.899973751393566,3.9000985264754195,6.839205985037273,7.227890664634318,8.102510827112894,10.09878949008048
臺北市中正區齊東街７０巷１７號七樓,25.0428709923489,121.527785026248,17.8,10.637045409529952,5.398245997788673,9.331050554516812,12.778429026892908,15.108734122736054,16.424909103700372
臺北市中正區齊東街７０巷１７號四樓之２,25.0428709923489,121.527785026248,21.70000000000001,12.882571075310041,10.024053335234054,11.205639571004875,13.204214102845505,16.68733397250295,17.87704800184895
臺北市信義區信義路五段１１７號十四樓,25.0333499890854,121.573914888983,22.510999999999985,20.741551746385923,11.210748479881556,15.799999999999997,20.91263988124312,24.599731985512665,32.02928687221122
臺北市信義區信義路五段１５０巷１８號,25.0280190142933,121.569029019014,27.040700000000037,18.292237519272852,8.793278230900702,14.195327984205575,14.211845650999225,24.006385490111068,31.22686932896511
臺北市信義區信義路五段９１巷１２弄１號六樓之８,25.0337265874416,121.571400929974,28.500000000000025,21.987102768835392,13.111694715647086,14.361876312804686,18.337939197806822,23.599828302227014,27.661820341364802
臺北市信義區信義路六段１２巷３８號四樓,25.0320759811588,121.574880006525,9.040000000000004,6.275629826204541,3.5340258387753924,4.949747468305831,6.225168272131095,7.072706340053377,8.366600265340754
臺北市信義區吳興街１００號三樓,25.0303089921504,121.560795978438,18.679999999999982,14.670336484567638,10.445026043950177,14.211868062654956,14.8027805244933,17.23902451815944,19.087404364288172
臺北市信義區吳興街１５６巷２弄３２號三樓,25.0292320014114,121.560919024777,21.500000000000007,14.158975664909766,12.731307197565737,13.395229656843636,14.559780171174785,18.0216995262372,18.679999999999982
臺北市信義區吳興街３６３之４號,25.0257470994376,121.566574965402,16.99999999999998,13.3108262226127,7.292992284478085,12.030581422174572,12.964763771612951,18.880896890831423,23.413873279496343
臺北市信義區吳興街３６３之４號二樓,25.0257470994376,121.566574965402,13.000000000000012,13.853924061340892,9.700704630784264,12.788701415279034,16.88414288626725,17.172182269440704,20.74037285513163
臺北市信義區吳興街３９４巷６８號二樓,25.0248449971084,121.565334024637,20.000000000000014,21.42353689107586,21.080202175932012,24.079427412495033,27.086425899195824,29.526469297521523,35.103595098002494
臺北市信義區和平東路三段１７９號七樓之６,25.0239719799831,121.553479582795,13.25999999999999,11.414385712393901,9.240882161487711,9.558649063252394,10.588466121249985,11.612225640970406,12.879125996956194
臺北市信義區嘉興街１５５號,25.0281340140049,121.55732100902,4.999999999999999,4.8800698156844655,2.7377519835512185,3.829662202402331,4.514050016905433,5.759199987490176,6.792518914510371
臺北市信義區基隆路一段３５０號五樓之４５,25.0370130059482,121.561729387176,12.000000000000005,7.116758570079083,4.198093508065725,5.1478150704935,7.682855154606106,9.051974677646815,11.543566184391542
臺北市信義區基隆路一段３５０號六樓之６５,25.0370130059482,121.561729387176,7.500000000000003,7.340710772648627,3.324699880575488,4.900000000000004,7.837243877311046,8.979071339450707,11.371366801306769
臺北市信義區基隆路二段１４９號四樓之２,25.026883014956,121.555633983368,30.000000000000057,22.621674684030168,16.674490550755138,19.53626582914951,22.818998616159842,29.348937436811074,31.679999999999982
臺北市信義區富陽街８７巷６號三樓,25.0213470193657,121.55700501127,18.060000000000002,15.303370464622883,10.621863567580585,13.551189122188799,15.288941039135757,18.14911575046653,19.50444233872013
臺北市信義區忠孝東路五段３７２巷２７弄７１號六樓,25.0400749989972,121.576250028599,32.95999999999999,22.07930619323335,17.83681511194902,19.98254013817289,22.509814707684907,26.970643360136027,27.520000000000024
臺北市信義區松山路６２６號五樓之２,25.0354305026286,121.578655383353,9.999999999999998,19.137821390502467,9.66690337439548,12.140420850902917,16.33286890279033,22.510214103454796,23.49228499487438
臺北市信義區松山路６５６巷１９號四樓,25.0311499904055,121.577950968211,15.530000000000024,15.966881543892582,11.479982578383988,16.048158364953405,16.454610372957365,19.60284367539925,23.369237463270792
臺北市信義區松德路７４號二樓,25.0383539847277,121.575748958427,30.419999999999956,18.437266148017855,8.50272522654585,13.98365810634372,21.8659594226578,29.300000000000004,60.89999999999994
臺北市信義區永吉路１８５之１號五樓,25.045780015665,121.572279018151,50.320000000000036,38.785148632434876,24.000000000000004,36.87525003654177,39.50858751975557,50.65365960287586,60.48054000352861
臺北市信義區祥雲街６１號四樓,25.0169069995251,121.575213019538,15.000000000000007,14.747063304032013,11.2575893037658,16.029658228976967,16.445296513677143,17.552646495064735,20.60649133940656
臺北市信義區福德街２２１巷３弄１６號二樓,25.0381979975096,121.585613033541,17.299999999999972,15.05947442198334,12.875159389746731,14.156314578393784,15.345618262336824,18.47100375453087,18.679999999999982
臺北市信義區莊敬路４７８號七樓之１０,25.0264810188797,121.568168029919,22.300000000000008,15.026907853629574,10.713038884019436,12.844803177414045,15.502167166211436,18.224470991721464,21.752802962443614
臺北市信義區虎林街１２０巷１２０號八樓,25.0420739990855,121.574931974325,41.17999999999997,26.14169677178287,13.999200270015425,22.174309459372136,27.530580333144258,32.18129966223952,37.19093832634673
臺北市信義區虎林街２３２巷１５之１號,25.0364869996144,121.577031976346,3.049999999999998,4.2232777814841915,2.4999999999999996,3.5875141145693283,4.171812159070334,5.148198456567796,6.726270999615765
臺北市信義區虎林街７４巷９號四樓,25.0437969831022,121.576568038006,4.209999999999997,3.099922410762677,2.081015962875437,2.815559633273927,2.9498389668738985,3.3720444880285423,4.7137131521845435
臺北市內湖區內湖路一段２１７巷１號五樓,25.0835500029305,121.564414026944,27.07999999999997,26.084756413093896,17.476060317011743,23.810114126400553,26.139133400974085,31.6555881201374,35.97271595242579
臺北市內湖區內湖路一段９１巷８１號六樓,25.0913974286254,121.56322290138,22.490000000000027,18.308736770096814,13.795933620978232,17.103570508628778,19.56180083097723,21.314173563187765,24.667726588779573
臺北市內湖區內湖路三段２４２號八樓,25.0886840024445,121.588076977799,46.00000000000004,46.53303830546882,28.348490669716902,36.99999999999993,46.17508095572602,57.34596579890734,69.24836022306569
臺北市內湖區內湖路三段６０巷１２弄１６號,25.0883130194099,121.591882026564,17.600000000000012,20.23647950620493,11.819586561018431,17.06184365070738,19.776126186376114,22.77501915324416,24.021003430392927
臺北市內湖區內湖路二段１０３巷１１９弄２號五樓,25.0844790111689,121.581101977071,22.97999999999996,27.236159287187018,23.206069597265113,26.13481172018259,27.87827759188388,35.234559014071664,35.44483186805743
臺北市內湖區康寧路三段７５巷１８６弄２２號,25.0765279797262,121.613633987314,44.99999999999999,8.553651539357173,1.4999999999999987,6.87386354243376,19.955895188404988,29.29908340911161,42.91271591084315
臺北市內湖區康樂街１９６號五樓,25.0761660072376,121.620819038535,18.199999999999992,19.51990816650278,8.208064056817648,14.54559870092827,20.625552724928344,22.13647714384348,25.80544654440658
臺北市內湖區康樂街６１巷７９弄７號四樓,25.0711560179811,121.62026197725,9.999999999999998,9.773544611386473,4.539999999999998,8.5,11.65539883440814,12.804916887130478,15.102443399600991
臺北市內湖區成功路二段３１２巷４３號三樓,25.0672940141835,121.588553991908,18.50000000000003,17.246405849495744,14.10828373843785,15.083753330753591,17.7718796223607,19.759219817972603,20.23594922153456
臺北市內湖區成功路二段３１２巷４５號五樓,25.0672969897591,121.588452989975,19.000000000000014,13.331045242580261,8.667709639959652,11.505216208311795,14.88244152580899,15.671973296915626,18.50000000000003
臺北市內湖區成功路四段２１４巷３弄７號三樓,25.0851019961224,121.596049005909,18.50000000000003,16.95939897551579,13.992711848982635,14.842765102453889,17.7475202849569,19.042150888412536,19.793786203609898
臺北市內湖區成功路四段２２２號四樓,25.0846409914478,121.59621597342,15.120000000000006,14.610605950823915,12.062849866826339,13.281210539354147,15.006316466109757,18.50000000000003,19.09999999999998
臺北市內湖區文德路２１０巷３０弄６號三樓之５,25.0772300060267,121.584300008409,18.60000000000002,19.37298823514482,13.795933620978232,17.840756693130942,20.256048573316587,23.783615655521274,25.211671000810966
臺北市內湖區星雲街２１０巷４１號六樓之１,25.0800194922269,121.597845989183,3.7500000000000018,10.405158621333374,6.975022165578674,9.365629350600742,10.759545719974838,14.690529872380012,19.408674881398824
臺北市內湖區東湖路１１３巷４９弄１２４號二樓,25.0709400163363,121.614942989133,8.000000000000002,18.711640575603884,15.346331403759352,17.13845753653042,20.28991863865262,21.797868791075583,24.37900375269797
臺北市內湖區東湖路１１３巷９５弄５１號三樓,25.0713400007558,121.615040973581,31.999999999999957,32.47666980290607,22.548286697080805,27.556995630378413,32.97049183793607,39.399470900390845,39.800000000000004
臺北市內湖區民權東路六段２８０巷２５弄１２號,25.0706179836162,121.605881984162,1.4999999999999987,43.853616645265454,22.180967182043954,23.121057432235727,35.496478698597684,40.77463443371694,42.2106160986675
臺北市內湖區民權東路六段２９６巷９０號三樓,25.068914780891,121.610464286809,38.50000000000002,34.66364139413015,22.971770631049683,27.11701581791976,27.712812921102014,31.794131569447092,42.085031278186115
臺北市內湖區潭美街１３１號二樓,25.0538639840921,121.58023897632,19.699999999999985,20.259632267307417,13.00806800305448,21.087423223008695,22.88949036785803,24.71266378628756,26.61191809710611
臺北市內湖區環山路二段１０９巷３弄１０號三樓,25.0839351932909,121.575570507709,16.99999999999998,15.495361556012758,12.90510450058517,14.392505599784387,16.335660434701996,19.185894952505414,20.35788295713241
臺北市內湖區環山路二段５３巷５弄１８號,25.0844689947946,121.572639020892,22.249999999999982,18.2951270616059,12.098188684598501,14.90309247386529,17.730397397406772,20.78104011034067,24.09875515457177
臺北市內湖區金湖路４０１巷３５號四樓,25.0724430173042,121.603880972417,35.00000000000001,23.46857225806663,8.000000000000002,21.842927362473805,25.191178378485407,27.531256793262084,31.49068836142476
臺北市內湖區金龍路２２２巷２號三樓,25.0877689919843,121.58657401874,14.299999999999992,12.620204419212408,9.531800383102086,9.755196546432781,13.639950242752649,17.200017153787382,19.211807890950798
臺北市內湖區陽光街８０之２號,25.0758510153163,121.585999020183,27.999999999999986,20.08551406857236,4.773283173069497,13.980000000000018,24.115504602372816,28.888253354599964,33.84105004394862
臺北市內湖區麗山街４６巷１１號四樓,25.0809799856883,121.579899006328,13.499999999999993,14.294762737570998,10.776771305658254,12.554103949843066,14.386957087317834,17.10097603673022,18.562915693819495
臺北市北投區三合街一段８２巷７８號四樓,25.1287748129707,121.504588863582,30.799999999999994,27.671150767712692,16.46846894368395,25.942213854864473,27.851185379733295,35.48624678639065,38.70228988969466
臺北市北投區中和街４５７之８號,25.1446399954821,121.496603005331,5.039999999999998,19.031718202472657,13.068278392914069,16.853597543601,19.496170027444148,23.894733217911174,32.67744212641266
臺北市北投區中央北路三段４０巷３８號四樓,25.1396139967905,121.484861970639,14.000000000000009,16.225165374506975,10.42973151626301,12.771058279528015,14.426615515388578,16.75607903066915,18.64422290471232
臺北市北投區中央北路二段４２巷１７弄９號二樓之１,25.1378449961254,121.49540497991,7.439999999999995,7.866200058683941,4.843893209353611,6.379439569891052,7.99820085842711,11.298205318044003,12.14495780149112
臺北市北投區光明路２４２號二樓之１６,25.1361148036719,121.508003986212,10.460000000000013,13.809995552789843,5.904184291892203,10.392304845413264,13.566000378171966,17.22031002349743,20.01590430198063
臺北市北投區公路４１８號七樓之１,25.1323027,121.5026806,19.000000000000014,21.436232086715403,11.399839876962346,15.391501193906825,20.798687768123024,25.28846999592986,27.183569171810056
臺北市北投區大度路三段３０１巷１７４號,25.11866200488,121.465042960581,8.000000000000002,10.15550991712116,3.3500000000000014,6.939320657485737,9.521583007004413,16.5304758572194,22.999999999999968
臺北市北投區大興街２３巷７號三樓,25.130084988256,121.497998005477,20.599999999999973,16.462922166089513,10.893661271808691,15.888357615732197,16.895054247543264,20.202218374886556,24.134953905073008
臺北市北投區天母北路１０５巷１５弄１號十一樓之２,25.124067997152,121.527441032942,11.679999999999993,11.227751975110968,8.183817634797988,10.098045841047426,11.293084776950408,13.10563993341905,14.351962612051539
臺北市北投區天母西路１１７巷５９號三樓之３,25.121720016525,121.524610967154,8.110000000000005,11.101061141347024,7.454881739215185,9.05992258831428,11.770771720382207,15.771275053266054,17.199999999999985
臺北市北投區幽雅路７號八樓之３,25.1372959814674,121.513110995997,13.000000000000012,20.160900338182497,11.469209136324165,17.116536694697967,19.995457973401404,23.74499191479349,26.59783913039106
臺北市北投區幽雅路７號六樓之６,25.1372959814674,121.513110995997,5.8,11.399700178614662,5.042578606747691,9.55808959312337,11.316398950110703,12.736866032419364,14.60936206256767
臺北市北投區懷德街１１巷１弄１１號,25.1112379855994,121.518781018219,11.916600000000006,12.931886084402056,9.693985354483337,12.017816852987607,13.573916796380447,17.703203958615443,26.5
臺北市北投區振興街３１號三樓,25.1179710007822,121.522312984579,4.300000000000002,14.14241389365714,6.478557907686386,10.304480814666698,15.791620186367492,21.400000000000016,28.600000000000026
臺北市北投區明德路２９２號八樓,25.1152099180572,121.522427732834,24.700000000000014,20.00798631815781,14.116705359921072,15.394902888288534,20.291077494675264,22.440797373085033,24.826196762601842
臺北市北投區明德路３３１巷３３號三樓,25.1161439973471,121.518215994126,15.000000000000007,18.250058913149147,15.156893999761689,17.13845753653042,20.655152834110353,21.40026402349056,23.400916433576278
臺北市北投區杏林二路５７號五樓,25.1422859798848,121.497106003341,8.5,11.995175972741375,9.385676368777737,10.773384665893811,12.7490658785175,14.06509550339745,18.479999999999983
臺北市北投區永興路一段２之１８號七樓,25.1389566879435,121.499855099944,15.799999999999997,17.422201515756562,13.209602160114922,15.763379632494766,18.905402197283262,24.352570651167472,28.500000000000025
臺北市北投區永興路一段３６號五樓,25.1392029901683,121.500280984445,6.899999999999999,17.432953623604448,14.159258300684188,15.586348887318454,16.993525209777726,21.67999999999996,30.000000000000057
臺北市北投區泉源路４９之２號二樓,25.1413425966824,121.51092147525,3.000000000000001,5.366922307728178,3.3899999999999975,5.0505119069665225,5.708406975783378,6.020853765932865,8.443636657270373
臺北市北投區溫泉路１３９號五樓之１３,25.1399579900969,121.51205898333,3.4000000000000012,5.7894768386984365,1.6567158177134225,3.1622776601683795,5.964389145255546,7.158699607792836,8.718944890294924
臺北市北投區溫泉路６８之１號二樓,25.1348990086163,121.504590037048,7.500000000000003,10.002078897001507,5.224567285985304,6.958696905741188,10.350000000000003,14.945713569567799,17.464845568519646
臺北市北投區稻香路１４８號四樓,25.1427940070363,121.489147973009,10.850000000000017,15.196531212891282,9.735805298308366,11.431888153561331,13.841133171883133,16.502830176559417,18.369744920842177
臺北市北投區稻香路１６１巷１號三樓之２,25.1422110037609,121.488969019376,16.500000000000014,28.380671645213095,20.722548315941058,24.670475238463943,27.74074210755768,38.368669805768306,49.879999999999924
臺北市北投區立農街二段２０２巷５弄５號四樓,25.1180829572846,121.514117445369,18.540000000000013,13.907415460865492,10.388873050570721,16.048158364953405,16.292177288892848,16.98104284127611,21.128260879526955
臺北市北投區致遠一路一段１０４巷２號六樓,25.1097201067534,121.515390203109,30.600000000000005,23.715954946217316,17.5130867541564,19.457880432936474,25.63161208210705,32.111661696780665,34.276016632060404
臺北市北投區致遠一路一段７８號六樓之１,25.1090949844146,121.515678037664,16.379999999999992,15.827371178192015,10.867838913619716,12.872777422363232,15.865447698851872,19.349999999999962,22.490000000000027
臺北市北投區致遠一路二段１１２巷８之５號二樓,25.1131799887462,121.513201017637,15.599999999999984,13.218854820634858,10.406962177449426,12.000000000000005,13.318886290808404,15.785276822201153,17.5042394864787
臺北市南港區三重路４１巷３７號六樓,25.0604011141976,121.612809710956,6.4044969999999966,30.501351230280257,25.72092774682493,29.634447057644127,33.94808784908721,40.908783589698054,44.6613831052177
臺北市南港區園區街１９號四樓,25.0588681898354,121.610732759168,24.500000000000004,16.497170077297582,11.1265199176014,14.889697053519315,19.98727143178769,21.77440548258356,26.355044332473113
臺北市南港區園區街８號十三樓之２,25.0597739802021,121.613514964289,29.799999999999997,25.609220983025995,16.05069764364985,21.76947970394328,26.535080325982186,32.14782828238044,33.77586275971358
臺北市南港區大坑街４５０號十二樓之５,25.0464403965327,121.617263118306,24.779999999999987,20.329064898253115,14.541350457750525,17.792591494672298,22.07572886345674,25.888381178228045,26.836750536420077
臺北市南港區大坑街４５０號四樓,25.0464403965327,121.617263118306,20.580000000000037,20.181359755904456,15.136202585517939,17.066561527318,21.774428090488907,25.40767324818419,26.885834318882377
臺北市南港區忠孝東路六段３２巷３號三樓,25.0456399959725,121.583425021536,31.999999999999957,28.107728921506602,21.822269163457605,25.942213854864473,27.900936845127124,32.816373209212706,35.68731250981369
臺北市南港區成福路２０６巷５弄１０號三樓之２,25.0402700039746,121.587861981982,9.999999999999998,8.634636147296568,6.142932164805661,7.411287805330729,8.27017216464632,9.091009686553718,10.741395600406198
臺北市南港區東明街４６號三樓,25.055544010855,121.603831016274,6.999999999999995,6.505026712915089,3.5582992187364453,6.80616449945511,7.422301052434499,7.872638152871889,9.617069826601144
臺北市南港區東明街６２號四樓,25.0549879973079,121.602984024958,3.4999999999999996,4.609144255342923,2.881249140196914,4.353690656646894,4.763351789943402,5.028936518521526,5.622106556073828
臺北市南港區永吉路５４８號二樓,25.0451359921345,121.581664989508,22.8,18.829767765687897,10.356996631066087,17.20729503045507,19.350574385832047,22.68587136056641,28.14321180164316
臺北市南港區玉成街２０１巷４弄１２號二樓,25.0439839833621,121.585417986654,16.580000000000013,11.577415059579302,6.807530186260493,11.403882991747404,13.331921681361655,14.202478411114708,16.280509084549987
臺北市南港區研究院路二段９０號四樓,25.0444889930284,121.615576996289,41.500000000000064,42.61176117283473,16.50845053128519,39.36303647764098,42.42288350540913,54.44999999999996,62.221813431659264
臺北市南港區福德街４７３號八樓,25.0391410035264,121.592801437524,24.18000000000001,27.986213189104006,11.399839876962346,18.05264140238175,24.987879933223386,33.62037693093986,33.724655257133634
臺北市南港區重陽路１６６巷１０弄１８號,25.0563519844117,121.60048202686,8.000000000000002,14.358923980030015,8.830466601157942,10.572267396917114,16.102124083486615,18.24016372939595,21.518861457806572
臺北市南港區重陽路４９０號三樓,25.0603330112343,121.611803966394,54.44999999999996,49.93935610991893,25.04668356075556,41.72492037321322,52.93829673660733,64.42797464870051,67.84414558355346
臺北市士林區中山北路七段１４巷２號十二樓,25.1186229871207,121.531099985135,35.79999999999996,35.63253973874634,15.300000000000015,28.44468315872053,40.79853430506887,46.80641141187695,51.999870016973034
臺北市士林區中山北路七段１９０巷８之２號六樓,25.1249390026205,121.533347005739,22.700000000000042,21.91681315475835,16.306770431426017,18.95041612550533,23.90813707582898,29.6564173452668,31.92156540898304
臺北市士林區中山北路七段１９０巷８之４號七樓,25.1249390026205,121.533347005739,20.800000000000004,19.645948389833674,18.142491559871274,21.282203591905947,22.700000000000042,26.412940857334593,28.91659807110672
臺北市士林區中山北路五段７５７號十五樓,25.0990750059015,121.526765032451,66.49999999999999,52.49425672583625,31.900000000000045,37.229020937972585,52.91303243207626,61.37897313704051,67.83950595626031
臺北市士林區中山北路六段４４１巷３０號三樓之３,25.1166099892541,121.526995031874,56.580000000000105,35.84184160892392,15.168661772895321,21.70645391305919,39.984520317884595,45.53624408487822,63.30477279578029
臺北市士林區中正路２０１巷２６號,25.0942909927547,121.527054040473,39.99999999999998,19.355214156501333,11.823705003085971,14.282856857085692,22.231702074681593,28.583744854081985,33.61850471280516
臺北市士林區士東路３８號四樓,25.1118160016424,121.527472967993,21.67999999999996,14.323327851058675,9.891009988123926,14.745168700289614,14.77814077351418,17.37575163676237,21.88149903457256
臺北市士林區天母北路６２號三樓,25.1217869879314,121.526268991421,4.500000000000002,11.521158318713693,8.330039079247607,9.532676985132651,11.25485281499988,16.193516356281034,25.200000000000006
臺北市士林區天母東路３６之２號十一樓,25.1179155964022,121.532598166509,42.00000000000002,34.59927874663553,22.000372089977734,27.29044339143579,36.23057464221004,50.320000000000036,53.12999999999996
臺北市士林區天玉街３８巷１２號三樓之３,25.1205519983175,121.529355040532,6.0,5.528819659153946,3.7683539112860855,4.382513052344455,5.087741479495562,6.420067519301291,8.066335225656399
臺北市士林區小西街２７之７號五樓,25.0895630126305,121.523232982272,15.000000000000007,19.563872427711157,10.196362612488084,14.785169615295848,17.76922795619599,20.04302143891378,26.2248948545752
臺北市士林區小西街４５之２號,25.09012401341,121.523425011674,13.980000000000018,15.252302991128072,12.571588452329816,15.261748001457113,26.87999999999997,31.732060682086793,38.52660023162953
臺北市士林區延平北路五段８３巷１６號二樓,25.0810430176002,121.509999968815,14.499999999999995,13.553894193637591,8.045235288564864,10.394865425451352,11.785599190981056,15.040472378973679,18.717325814405157
臺北市士林區後港街１３４巷２號三樓,25.0870887554705,121.521227348215,1.9782339999999996,7.961822852355436,2.939217397464946,3.8909243431270837,11.65721044857083,14.495353091742619,15.240923660433994
臺北市士林區德行東路２０３巷８號四樓,25.1096839807507,121.531943958966,17.49999999999999,9.19453134246244,5.7488936565539515,12.499999999999986,12.626168143533162,17.094377663803996,20.75744860606519
臺北市士林區德行東路９０巷２１弄２號四樓,25.1066200179544,121.528227004003,25.99999999999999,22.182382581334675,12.796646282233851,18.643995906245884,20.418871644106886,22.175984621212468,27.280256454527684
臺北市士林區忠誠路一段１７７號二樓,25.1079790178258,121.530499002678,35.30000000000003,26.45942186814293,20.96075915682043,23.724048082449386,27.128775561363575,32.315197283022655,35.40916405475361
臺北市士林區忠誠路二段９８巷７弄２號十樓,25.1084359991869,121.530069011045,65.49999999999997,33.37705703099766,19.647075410596138,30.49917158314662,33.06577954157023,40.88873008602096,44.480430696185024
臺北市士林區承德路四段２９４號六樓,25.0895825843744,121.51911336068,30.000000000000057,26.099694052842846,18.752481845170525,21.300000000000022,27.37697783933904,35.235485034508194,40.98569785349589
臺北市士林區社中街１５６巷２４弄１４號五樓,25.0912510022015,121.510182023752,4.539999999999998,12.583316877469727,9.464603051387131,11.518135560110098,13.752562545595989,16.13636983113215,18.540000000000013
臺北市士林區社子街２２巷６７號八樓之１,25.0865522535668,121.505756446549,20.899999999999967,33.89544727296207,27.999999999999986,30.070832626343837,36.72695812779797,38.38538608210683,43.60151557571745
臺北市士林區美崙街８４巷６號,25.0971369841588,121.521575963833,26.87999999999997,17.75998751801438,10.350489267814265,15.440228669603071,20.228594720558075,24.444011892367165,30.48999999999998
臺北市士林區芝玉路一段２２６號三樓之３,25.1089200121858,121.534294998988,63.00000000000005,44.336520133181125,22.00941329837814,39.36303647764098,42.79348268865234,57.08647055218039,68.60492397096124
臺北市士林區華齡街１７巷２８弄８號三樓,25.0830029999293,121.518256981633,15.000000000000007,20.27495969764434,7.198954585019937,16.556289300270322,18.963729132380077,23.438998180636535,26.339075084112128
臺北市士林區華齡街１７６號三樓,25.08709500315,121.519662040062,12.499999999999986,11.82400528904268,8.917955980641644,10.38648146125261,12.166827032743786,15.678195500916573,17.99999999999999
臺北市士林區通河西街二段１２１號五樓,25.0929150195294,121.506860024066,15.799999999999997,14.000663148575542,9.828529900244494,15.970501664373575,16.399649179217853,17.250345178061448,19.595620060674225
臺北市士林區重慶北路四段４９巷１５弄５６號三樓之６,25.0818849797742,121.511798976693,11.00000000000001,11.357738551422653,4.701966645552256,7.679887919732971,12.303084334711007,13.396226356695369,16.780756464546062
臺北市大同區五原路１９號五樓之５,25.056691996314,121.517332960627,11.579999999999995,12.17065616619441,9.240882161487711,11.411799773047473,12.529975618729015,13.888766260998882,15.625095068255618
臺北市大同區南京西路３６０之２號十一樓之１２,25.0537160015915,121.511042007017,8.999999999999998,10.965223846346765,5.024872312530383,8.292501454218874,12.1336309487309,16.561721991831206,20.902244414244034
臺北市大同區安西街４３之２號五樓之５,25.0602980167886,121.510012038755,25.879999999999956,27.6125559177389,21.85087893143623,25.772314972158064,28.256900031508412,32.49999999999996,36.00000000000004
臺北市大同區延平北路二段２５５號十二樓之６,25.0623940793157,121.511345767189,22.880000000000003,20.917292619826867,12.000000000000005,17.26258970311245,22.626988495835338,27.07290889069371,31.248999983999514
臺北市大同區延平北路四段１１１巷９號,25.0714080199,121.511403015587,13.879999999999992,13.89127942633788,3.5882905774545937,7.759509658321335,15.02905096657667,19.596107361097857,24.02712042793971
臺北市大同區延平北路四段１５５之１號二樓,25.0726930913854,121.511299834359,5.500000000000002,5.388189425916878,3.352118433192888,4.382631755987955,5.115180161443776,7.261217498071868,10.460000000000013
臺北市大同區民權西路１５３號十樓之９,25.0631450140211,121.516434001511,13.799999999999985,11.840959666870882,10.69899436454653,11.579999999999995,12.281310837251375,12.973517477804638,14.55442498831781
臺北市大同區民權西路９１號九樓之６,25.0630810181904,121.518870034031,9.500000000000014,5.9524460485332735,4.259043266978373,5.286657069047445,5.60005368912615,6.7997933090859926,9.731391658759138
臺北市大同區民生西路１１７號四樓,25.0575399934582,121.518717986307,6.2399999999999975,5.6103232468396005,3.7504879654294636,4.973938851900741,5.6319745663271235,6.413287583134417,8.908413260526704
臺北市大同區民生西路３２３號十樓之３,25.0570470118229,121.511925962526,15.329999999999998,10.477969534961728,6.864466812311249,9.20710691780164,10.883155735284955,11.612172183735263,18.679999999999982
臺北市大同區赤峰街５３巷１９號三樓,25.0562060135678,121.520107035302,4.1999999999999975,4.657473883418402,2.4999999999999996,4.425154730015072,4.929699990502541,5.760792579579706,7.656610699742478
臺北市大安區仁愛路三段２３號十二樓之１,25.0385689805441,121.534262980118,12.000000000000005,17.184734344185053,13.495594584336924,14.566677332764248,16.185032076589174,19.39122362243683,23.121676773580663
臺北市大安區仁愛路四段３４５巷２弄１號二樓,25.038561981655,121.553938994908,58.88000000000002,31.885221279223387,15.300000000000015,27.042595277528036,39.769523562356,47.195912012076725,52.02889298628084
臺北市大安區信義路二段１９８巷４２號三樓,25.0301859877213,121.531358985943,25.21999999999997,8.618800660757824,3.7500000000000018,4.3656589818454625,9.950551394181186,12.014144995190723,13.398942661926117
臺北市大安區信義路二段１９８巷４２號三樓之１０,25.0301859877213,121.531358985943,25.200000000000006,15.55589435908842,6.0,17.888613992406228,18.003990889358377,18.411936034157655,21.646366921550012
臺北市大安區信義路四段２６５巷１０弄２之１號三樓,25.0337739871041,121.553950981029,8.5,6.366043920954398,4.773299211937957,5.274106200321687,6.112044938409624,7.80823586751066,8.845817377789148
臺北市大安區光復南路１８０巷１４號四樓,25.0425259932142,121.556938039864,66.88,43.118018254406,19.351203035212716,36.911015269257156,40.94692915670495,57.26380359103511,63.69558908786591
臺北市大安區光復南路６２６號十樓之３,25.0317845842949,121.55727516001,24.379999999999963,20.577504290632728,13.029976964401712,14.499999999999995,21.412346303960955,24.47139372895712,26.97331523131359
臺北市大安區和平東路一段１８８巷８號四樓,25.0258600036734,121.530439994079,23.714999999999996,46.87521526071206,24.30729234758762,30.9916974970486,47.20000000000002,55.93068992831659,56.85945800106188
臺北市大安區和平東路一段１９９巷４之３號,25.0268040155185,121.53410003592,24.000000000000004,14.01314039485608,10.055144358407347,12.000000000000005,14.131526232811904,16.679983000260673,18.314468507049913
臺北市大安區和平東路一段２２２號八樓,25.0260579842264,121.532107992811,2.5999999999999988,2.080566086067165,1.5597067164330591,1.9043463981152589,2.1495989395972375,2.45689341525894,2.659825281469765
臺北市大安區大安路一段２０４號九樓之２,25.0347733195102,121.545899492477,19.12999999999998,13.015262526121358,9.834100227119736,11.474523164379187,13.520838789705746,17.219999999999995,17.219999999999995
臺北市大安區安和路二段１８９巷１５號三樓,25.0269279838665,121.550837020181,2.4999999999999996,12.5145870784206,8.20991105679824,11.923422704857108,13.017333167557023,14.970282327021803,19.49999999999998
臺北市大安區安和路二段７８號三樓之２,25.0296979933184,121.551145977132,56.00000000000002,44.75517460859322,22.780440944082578,37.960559743660845,41.69527941475272,52.695772383858525,57.96596949483866
臺北市大安區延吉街１３１巷１２號四樓,25.0426010112477,121.554857986772,20.999999999999982,28.67055800425757,22.02368450008693,25.69466169449699,29.225858178575916,36.563916031825386,43.30000000000004
臺北市大安區復興南路一段７９巷２號十二樓之２,25.0443749991452,121.544250017751,10.579999999999997,7.89869311463056,5.259168142609882,6.837181137822425,8.050689749792822,8.96767665627833,10.555623186188217
臺北市大安區忠孝東路四段１７７號十四樓之１,25.0416839891307,121.550593022979,22.259999999999994,12.773885340595521,8.768299820052695,10.706582944777985,12.252903995263752,15.755474507412872,20.92503886119631
臺北市大安區忠孝東路四段１８１巷４３號五樓,25.0443289824968,121.550925030164,6.999999999999995,7.950791321639707,5.094127054448628,6.794532336308243,9.195441373302318,10.55971964227372,11.889395310691494
臺北市大安區忠孝東路四段２４８巷２９號四樓之２,25.0394790037719,121.554335039833,27.500000000000018,14.976228090962856,9.441073773338273,12.612615049534956,16.2762802377987,16.47421916726985,23.31010816899755
臺北市大安區敦化南路二段１２８號十五樓,25.0261079822789,121.548314989334,35.00000000000001,20.399674857012783,13.125589954860475,16.556046304239842,20.427320048467283,24.20227262056192,31.999999999999957
臺北市大安區敦化南路二段６３巷５４弄４號七樓,25.0306930090444,121.551448982931,37.999999999999964,23.341258883795273,18.313933966305292,20.99736397813565,24.57094917656506,28.80996187073819,36.30000000000006
臺北市大安區文昌街９５號四樓,25.0327710085701,121.551861037292,36.99999999999993,26.70433588266109,18.698981977028904,22.67351475129252,27.346215055105123,28.382596527240754,32.91787470699598
臺北市大安區新生南路一段１６５巷５之１６號,25.0343059864986,121.533409031822,33.68000000000003,29.677121012150554,12.64998471612153,30.275814419027558,32.78668470783416,36.249739173102206,37.66094667890512
臺北市大安區永康街４巷１８號三樓之３,25.0328990002316,121.52934397642,17.199999999999985,9.271535011309332,7.897094317464567,9.059742761483175,10.918653763170624,13.722582902768444,14.105314645251598
臺北市大安區浦城街２４巷５號五樓,25.0231930078115,121.526421039145,65.88000000000011,47.40708642287875,22.56168226802513,31.997723364536853,45.18841212567338,59.98610672185803,61.276245548062114
臺北市大安區潮州街２６巷５弄８號三樓,25.0288499961741,121.522629988157,14.7,7.902785344975533,5.463335769866825,7.1441472766017595,8.55169496578754,9.58916780872653,12.567744768933172
臺北市大安區瑞安街２５６巷１４號三樓,25.0271309935614,121.538972017141,10.499999999999995,5.225525902294465,2.752298475926317,3.669037951892455,5.365672057133627,6.609199099710362,7.493728431938678
臺北市大安區羅斯福路三段２８３巷３６號二樓之１,25.0194349815228,121.531803981183,2.4999999999999996,4.325539188505342,1.983987994218346,3.165755906512457,4.778367770489838,6.6554598988468445,10.499999999999995
臺北市大安區羅斯福路二段９３號六樓之２,25.025170005404,121.524145017156,14.000000000000009,11.242000864973823,8.035328461482575,9.131107354824866,10.091036017332366,12.987133323668248,15.775261318978377
臺北市大安區臥龍街１３７之２號,25.0186560093512,121.550653037406,4.999999999999999,6.870518133678799,4.181543699155337,4.808231809293378,6.905877213610636,7.59813304515963,9.342355866745576
臺北市大安區通化街３９巷４９弄９號,25.0309789995807,121.555627026388,1.4999999999999987,17.036430563156976,9.985577011703247,13.37629183537482,16.43501520306112,19.44253158983152,22.406535526793096
臺北市大安區通化街３９巷６１弄２４之１號二樓,25.0313677941595,121.556381230036,18.479999999999983,14.306947682942683,10.670052668414003,12.504877970533094,14.367982053333412,15.900795522487021,18.043452685631493
臺北市文山區仙岩路７０號四樓,24.999975010287,121.550227991096,2.5999999999999988,15.40331841895787,3.835967087347615,10.850000000000017,15.651072009393687,17.963253781178253,19.59891531837431
臺北市文山區光輝路４７巷１３號五樓,24.9855500063792,121.556259021888,14.499999999999995,12.372494664822845,9.931055873143974,12.499999999999986,13.310989990569972,14.355737994748905,16.575500324216403
臺北市文山區和平東路四段３５６巷２號二樓,24.9991299887184,121.573960008833,9.999999999999998,15.152561890643451,12.605373269501682,13.715275472661919,15.32213340138853,18.38503824689404,19.179999999999975
臺北市文山區指南路三段２４巷３號二樓,24.9832790135328,121.579362983619,12.9,13.338641572593868,8.72987080030886,11.130663721525018,14.049319334664158,20.310096011589916,27.500000000000018
臺北市文山區指南路三段７３號七樓,24.9829229921954,121.580294967434,11.29999999999999,14.229331690577853,8.13897859149576,13.658771203555512,15.024866423703557,19.051175392528915,22.10192400358534
臺北市文山區景興路２３５號十二樓,24.99133699806,121.543755988378,20.519999999999992,20.966172672343372,13.11420944415406,18.33204843982254,21.45372000234324,22.453302535490835,24.984753558758456
臺北市文山區木新路二段１１１巷１２弄８號五樓,24.983532985199,121.570011964799,14.000000000000009,15.08413500366106,10.254535958514637,12.494968373334641,15.4409328700558,18.66213144820196,19.441527453113018
臺北市文山區木柵路一段３７８巷１號三樓,24.9880100111421,121.557701966519,7.900000000000006,17.202815584413724,11.963030273317772,14.144195044156087,18.19977766440687,20.117885837588688,20.931086756922788
臺北市文山區木柵路二段１０９巷２５弄１８號,24.9904680042483,121.562365992722,17.8,16.776070819724104,13.608238056777914,15.052428656666464,16.760552740733118,19.788885769542457,23.497321257966068
臺北市文山區木柵路二段２０４巷１７號五樓,24.9881170061362,121.564017982019,19.299999999999986,20.15930457903291,6.899999999999999,11.730277857042562,21.206702018310654,22.15294355493162,25.273636480205703
臺北市文山區秀明路一段７９巷５弄２７號五樓,24.9904359853782,121.564786015807,15.68000000000002,15.779334805942078,10.072179471669772,11.773112354710799,14.150929401324245,19.190004098941646,24.16864860973411
臺北市文山區羅斯福路六段１５９巷５弄２０號四樓之２,24.9983130046159,121.54131802802,2.800000000000002,8.48506551845512,6.257323117465855,7.411287805330729,8.233355460592815,9.091009686553718,10.828251906845239
臺北市文山區育英街６１號七樓之１,24.9922220013068,121.538402969734,18.750000000000025,21.436232086715403,12.530375705019381,16.68520022388647,21.772909440613883,25.585243155408183,27.603498462400545
臺北市文山區育英街７９號五樓之１,24.9926569801721,121.538814018266,18.099999999999977,19.454404834674524,13.59444035819648,15.77137648007049,19.57223082219078,24.558946558631856,24.564638799299665
臺北市文山區興隆路三段１９２巷８弄４２號四樓,24.9980060174121,121.557425028438,3.000000000000001,4.307555789599875,2.107178953944911,2.987446469224547,4.448988290968814,4.641531479468541,9.040000000000004
臺北市文山區興隆路三段２０７巷１３弄１０號二樓,24.9952950165585,121.5620580416,14.679999999999975,16.602068154773136,10.793073424092713,14.325697513313393,17.406901262849182,22.96019112909289,28.668672643606463
臺北市文山區興隆路三段２２９巷６弄１號四樓,24.993024987631,121.559469961356,13.000000000000012,16.976459345558514,10.98859506261044,12.248765106989127,14.635647258824042,19.062750363358965,23.20104834284708
臺北市文山區興隆路三段３００號七樓,24.9931419989994,121.558780968915,5.000055999999995,14.286954679136661,9.35079051742068,13.662484093546814,15.069571460647673,19.003921957062857,22.62489457876923
臺北市文山區興隆路三段３０４巷２５號二樓,24.9939159839386,121.558342008646,26.350005,28.274882764299047,21.780518818859665,25.166539532583442,28.947494572171127,38.639326000914075,54.44999999999996
臺北市文山區興隆路二段１５０號四樓,25.001381996554,121.550978003792,4.399999999999997,6.049087977220955,3.05690326055219,5.939196121044763,6.2481656432798856,7.793228130170701,9.687769330007727
臺北市文山區興隆路二段２９７號四樓,25.0015089823871,121.553159980827,12.000000000000005,12.593937862910735,10.284027073629904,11.34838320054504,13.25464381834546,18.540000000000013,24.000000000000004
臺北市文山區萬利街５２號三樓,25.0010090018627,121.564315036668,24.000000000000004,37.00719909495754,25.763049316798607,30.771347874177454,35.43247487997557,37.841904406703655,42.45523249873918
臺北市文山區萬美街二段４９號六樓之１,25.0051776156785,121.56457278019,6.800000000000001,8.013421198999094,4.216275198015404,6.615287594910733,7.065120623337769,8.858257375750357,10.778281545268237
臺北市文山區萬芳路６０之１８號三樓,24.9986430001439,121.568347989381,22.999999999999968,23.240961675914715,17.450507165709226,19.88505033169949,23.265336230711494,33.03391587076234,49.879999999999924
臺北市松山區光復北路８５巷３３號二樓,25.0505726202627,121.559565934147,32.49999999999996,26.262020393221515,19.298346828519147,23.064909476740052,25.335957735355674,28.549374852798625,32.1716433763209
臺北市松山區八德路三段１２巷１７弄１５號三樓,25.0467270030858,121.551270029299,16.99999999999998,19.013703616829414,13.754746143833183,16.159633154180455,17.481388353977902,22.55362284947768,27.472934998311118
臺北市松山區八德路三段１２巷５１弄２７號三樓,25.0462380028545,121.551924991213,17.99999999999999,11.666849160696469,4.539999999999998,6.807654664000799,14.958455314244329,16.64561937869302,19.68122055402064
臺北市松山區八德路三段１５５巷１２弄７號三樓之１,25.0488689984422,121.555360984781,16.99999999999998,14.63224875859001,12.672219967488026,13.573365840977866,15.283437258598905,18.679999999999982,23.500000000000014
臺北市松山區八德路四段４４５號十樓之１３,25.0499200052814,121.570422007502,10.879999999999983,12.437503968207965,9.784238924197421,10.177836344366934,11.954276052975437,13.516002805731594,13.974263000239535
臺北市松山區南京東路三段３３５巷５號六樓之４,25.0522259925735,121.547485013282,10.199999999999985,5.993324043741826,2.7484534374692235,4.123105625617661,6.152130968584985,7.482243120441536,9.424841518865325
臺北市松山區南京東路五段２５０巷３號三樓,25.0506548886423,121.56584188415,15.300000000000015,34.80403715268594,26.744100344039946,28.868702263444543,48.00264153397478,52.843468418837446,61.44166895233173
臺北市松山區南京東路五段２９１巷４４弄３１號五樓,25.0535989902232,121.565373000486,19.09999999999998,14.027535534740357,5.873670062235365,6.899999999999999,15.117594541336489,16.911341443998026,18.948769002426136
臺北市松山區南京東路五段３８９巷１５弄１１號,25.0527429883614,121.569604017571,10.499999999999995,10.128552071813596,3.410345278899017,6.999999999999995,10.085860677482936,12.155529450243176,14.452826193257218
臺北市松山區南京東路四段１５８巷６號,25.0508529949239,121.556482986341,9.999999999999998,7.943802258241245,3.4244503969749704,4.886403192124298,5.540965010037922,10.635613574339404,14.010248637334147
臺北市松山區南京東路四段１８６號十樓之４,25.0513583817758,121.55747942699,27.520000000000024,20.66327377610462,17.63003369681357,19.726584382391383,22.33334854608364,26.386366362740326,26.481372821419214
臺北市松山區寶清街１０１巷２１號,25.0529587804586,121.568334662154,8.000000000000002,19.395216699499603,7.883615673448941,17.264278326335567,19.870188346478507,28.802755201942926,34.229763512282865
臺北市松山區延壽街１１號,25.0574109959683,121.568606990189,4.88,3.335035053198287,1.6500000000000008,2.5649639200150456,2.98488791678728,3.7342111028175373,4.7893695010156
臺北市松山區撫遠街２１１巷１號二樓,25.060157997096,121.567778019965,20.30000000000002,17.7484209058729,14.131429136955939,16.580000000000013,17.81204985488385,20.31882871068634,23.258099611915274
臺北市松山區新東街３０巷２２號三樓,25.0596229802163,121.566727013125,12.000000000000005,20.927398893158035,11.44892952701641,16.511996172935042,18.974814946064665,25.41194418365222,28.999901976209102
臺北市松山區民權東路三段１０６巷２１弄１１號四樓,25.0595949846597,121.545740990688,39.88000000000004,28.829527271790468,22.02978706401945,25.45617511116358,28.648790620120646,36.51596852570178,39.800000000000004
臺北市松山區民權東路三段１６６號三樓,25.0616070186075,121.548505007079,39.800000000000004,34.77556380496844,23.438213653634286,27.3307847804501,30.442038896588613,30.99796160033089,42.574280196579814
臺北市松山區民權東路三段１９１巷７６號三樓,25.0651010149462,121.544860974674,23.200000000000035,18.19623584599326,14.307906225310257,14.737512721747562,17.88431013101474,24.184741068802047,30.99999999999997
臺北市松山區民權東路五段２０號三樓,25.0627879868554,121.563888984529,21.500000000000007,16.12276774831898,12.986401678387248,14.314231779109422,16.27727772968537,18.019433953373767,20.30000000000002
臺北市萬華區國興路３０號十樓,25.0248180073801,121.508119991751,10.300000000000008,9.1245852960549,2.5999999999999988,4.015594601052254,10.477770170425641,11.321579539558432,12.612988030689252
臺北市萬華區大理街１６０巷２４弄６號五樓,25.0324789830635,121.494146018053,14.000000000000009,16.19031107336629,13.761810726244779,14.78828502559114,15.829891129804324,18.582992348169753,20.239356161902577
臺北市萬華區寶興街８０巷２２號,25.0256680161812,121.493807975898,18.679999999999982,11.957925287117586,7.21227866804447,10.244480142566179,13.114936930102429,13.904859117088806,16.99999999999998
臺北市萬華區康定路１０５號十三樓,25.039268198907,121.50202316302,13.000000000000012,13.645886235290591,7.0910213441451475,13.19735251262989,15.114945167876874,20.71757872682389,23.989689436887065
臺北市萬華區康定路２３２號八樓之１７,25.0379400025299,121.50159199792,3.700000000000002,3.636876152475971,2.499999999999999,2.688861264221533,3.282871416300904,4.378766408114357,6.007521842735661
臺北市萬華區成都路６７號九樓之１３,25.0429279892905,121.50570399198,4.099999999999998,6.142661540113872,4.326585600020142,5.3394459710134194,6.196607261250692,7.392790875338233,9.460200112248678
臺北市萬華區柳州街４２巷９之２號,25.0386709883058,121.504769996509,7.300000000000003,10.125002660894086,5.847255634374021,8.29416962909823,9.650205833663673,12.932761936399416,17.358876905137695
臺北市萬華區武成街６２巷４５號,25.0199379795324,121.495286040704,3.3500000000000014,6.931621316369646,1.971831613743888,5.4234953169764175,6.345310139566165,10.186703347530015,11.063453348751459
臺北市萬華區民和街１００號十一樓之２,25.0254829856686,121.497528032166,31.900000000000045,42.768114983333845,26.350005,37.35259225877481,40.858900821527236,52.74812343594832,63.61965270311074
臺北市萬華區民和街１００號十一樓之３,25.0254829856686,121.497528032166,33.000000000000014,42.532269805402194,27.134046024877893,37.35259225877481,40.982745384200804,52.74812343594832,63.39721129033446
臺北市萬華區環河南路二段１１９號三樓之１２,25.0344737083812,121.49370831507,5.689999999999997,17.701242825199902,14.865517330498358,16.30533404662429,17.250339781853274,20.760475132209784,23.73011254301249
臺北市萬華區環河南路二段１４７號三樓之２,25.0336879887775,121.493044971252,13.700000000000017,16.318128588618045,10.294538443540603,14.450000000000005,16.360061507184597,20.01274075445739,23.91392083157765
臺北市萬華區環河南路二段１５９巷６號十樓,25.0330039835689,121.492928965712,14.450000000000005,16.56519091156524,7.981758935390374,14.76770767317798,18.14133152361269,21.15688242493663,22.927148413802765
臺北市萬華區環河南路二段１９８巷１０號三樓,25.0344509934236,121.492846990699,10.350000000000003,10.541684651310335,5.147503808634705,11.820653247775487,12.748004657076738,15.51720043775694,18.72456708473192
臺北市萬華區艋舺大道２０４號七樓之２,25.0326000177453,121.49944597925,21.300000000000022,26.408768567632695,11.785576754629181,17.021011660352634,23.891552179288368,30.113426323469803,37.68640170322686
臺北市萬華區萬大路２７７巷４４弄８號,25.0251720170608,121.502025007038,17.99999999999999,17.57304191573745,14.210560561115415,15.870429071000915,17.575453259574914,19.9581442514159,23.10000000000003
臺北市萬華區西園路二段３７２巷１０１弄１９號四樓,25.0273669860453,121.490121028149,1.6500000000000008,2.25405764300846,1.8396007360601898,2.2957338605839515,2.515906934755787,2.818804710610988,6.260127814261889
臺北市萬華區青年路１２號十樓,25.0260610017116,121.505973973081,2.1999999999999997,5.106798414430569,3.174789185502154,4.258207594460623,4.929958540265961,6.379005359161278,7.47297352952033
臺北市萬華區青年路１６８巷２弄４３號三樓,25.0198570103477,121.501439028187,5.300000000000001,6.422653402471248,4.6858080628725824,5.257518161600199,5.876185403764092,6.961348685093326,8.45008618477972
臺北市萬華區青年路１６８巷３７號三樓,25.01987498953,121.501842030092,4.999999999999999,8.215556147106135,5.157235875063384,6.432263457767994,7.5207662133146345,8.368181685964892,10.277086532637952
臺北市中山區中山北路一段５３巷３號,25.0493139936818,121.522050966286,10.599999999999996,36.134090042154526,23.806452068306942,36.30823611320496,38.191121765946754,39.38361772893983,43.84498712025279
臺北市中山區中山北路一段５３巷８號,25.0491010095221,121.522126990148,8.480000000000004,9.96387926042648,5.825205220061526,8.454087492712182,9.51309131890882,11.910520480940878,15.909960317614006
臺北市中山區中山北路二段１１５巷３弄２１號,25.0612760172511,121.524144011328,9.999999999999998,13.901111029972878,9.863006412041939,11.910076402690244,14.209079933768361,15.81761863875525,17.281595865456023
臺北市中山區中山北路二段１６８之３號,25.0633909809698,121.522246013173,21.18000000000003,16.178999769090527,11.413248147825474,14.635687499831114,18.670334367788012,18.704856487019278,25.16972805335042
臺北市中山區五常街１１巷３號,25.0645269803072,121.538121002511,18.50000000000003,17.0983017026627,12.950000000000014,14.83486616641691,15.66464818185549,18.88496890124393,26.74646569745141
臺北市中山區伊通街１０６巷１６號,25.0539060193365,121.533817984878,22.000000000000004,12.138524951386904,6.679314382255442,10.42676075733433,11.904286410004103,15.99470520865981,21.698167853413057
臺北市中山區北安路５５４巷１９號,25.0802640035191,121.548998030624,37.999999999999964,23.508853982211267,10.490904148447026,15.499999999999986,25.759312749282127,27.946839302797503,31.57064642914827
臺北市中山區北安路８２９號,25.0860130864186,121.552345413337,19.793333333333283,20.27871525264191,14.902813201699022,18.01695222318472,20.17470331746638,22.031594953104936,28.689022065120735
臺北市中山區南京東路二段１０８號,25.0518390001039,121.532169013066,23.550000000000022,20.45578068113584,16.500000000000014,17.66000000000001,20.68618546913595,21.590721827800333,23.64595043596812
臺北市中山區合江街１１６巷７號,25.0591960060686,121.538721984969,21.37999999999998,17.88385494956718,12.138234752644681,14.405590903374776,17.930420128505833,26.17500241625767,30.48999999999998
臺北市中山區吉林路２３６巷１７號,25.0594760035442,121.529496024144,4.473333333333328,7.7281362327715675,3.9827497372255465,6.839205985037273,7.324555464629268,8.80039111727172,11.37935105569332
臺北市中山區大直街１１７號,25.0840649870616,121.548286993778,34.29999999999996,21.725432466683966,15.819345436051748,17.890474670968356,22.319836406154074,31.93885564052574,36.49999999999996
臺北市中山區天祥路１６號,25.0609372207247,121.520943297782,15.499999999999986,15.379706038237805,11.847254321901314,12.950000000000014,15.444163315415107,17.623853218204708,21.14691286240034
臺北市中山區市民大道二段６７巷３３號,25.0474449969118,121.528565968167,17.99999999999999,17.321395031267336,14.622377980538854,14.931164444581922,16.29595962714766,18.39123149399457,21.59921145760543
臺北市中山區建國北路一段５０巷２５號,25.047966979932,121.535187001124,32.87999999999995,22.222317980516337,10.246515963109204,19.235570269016172,22.92909787199272,29.296682724310344,33.06489623225301
臺北市中山區建國北路二段２５８巷２９號,25.0618800171939,121.535338965028,28.199999999999964,25.423349489511455,15.000000000000007,25.208024740490714,26.783131951122296,30.661085253868347,38.11830291480236
臺北市中山區建國北路二段８９號,25.0586230191675,121.537446007848,8.550000000000004,7.67621261683895,4.678813233215446,6.24649621076851,8.489935721903121,9.436365839553899,10.11572314108456
臺北市中山區復興北路３８０巷２０號,25.0609249831461,121.543030031744,3.6000000000000014,12.28943127993076,8.847521835844393,10.099016340499611,12.469245687925744,13.044428334640665,15.569902515876095
臺北市中山區復興北路４３６號,25.0635990198066,121.544035021935,28.700000000000003,25.77210155188238,22.174385802919712,24.52758263660658,26.667191707278782,31.18785602549862,34.92503123443107
臺北市中山區復興南路一段３４號,25.0462910183921,121.54368398783,23.299999999999986,17.933160826917504,6.563947329167745,11.832159566199234,18.981828973909856,22.141557861498075,25.857442547830747
臺北市中山區敬業三路１６２巷３６號,25.0778889912543,121.556993025149,31.999999999999957,28.714695470887364,15.291419370571585,27.115034267075256,32.45728850816183,36.87901613551457,41.88288402002051
臺北市中山區新生北路三段６８巷２５號,25.0662389840308,121.526693031903,3.4999999999999996,3.4325779070448226,1.733364935162336,2.499999999999999,2.843419339652642,4.547269449058959,5.649843777747235
臺北市中山區新生北路三段９３巷２３號,25.0678770174588,121.528746011447,12.20000000000002,11.694058965368049,8.75192107869893,10.8,12.48859794363272,15.254170364338675,17.805364662876265
臺北市中山區新生北路二段１３３巷１７號,25.0609210017421,121.528397994828,5.8,7.619618371303754,4.2611042059509545,5.970950157957692,7.332946189270781,9.448231220259022,10.771762976209148
臺北市中山區新生北路二段６８巷８號,25.0566901103857,121.526669227298,26.5,23.2889383854233,15.082475021046212,24.9971411917921,26.24456593306069,30.36037424498968,33.70974106485697
臺北市中山區新生北路二段９６號,25.0591359916419,121.527227964963,5.599999999999999,6.502847444333296,2.250000000000001,6.161168720299747,6.932331666072475,8.789368042820685,9.755606274971184
臺北市中山區明水路５３７號,25.0783320167467,121.551721981518,34.38000000000001,26.25129994767124,15.330683704178355,24.092218986959118,26.0621481591628,31.35212821454264,34.857644335883855
臺北市中山區松江路１５６巷９號,25.0545109831982,121.532077985598,36.49999999999996,28.207784041612697,16.728180834480714,25.957041061732127,33.12889474249612,36.91464009937845,40.87829257207214
臺北市中山區松江路２９７巷１９號,25.0611009192938,121.534714261785,22.500000000000004,18.018955282291422,14.205977029492496,15.76426421267315,17.98625311519671,27.319710899707804,35.00000000000001
臺北市中山區林森北路２５９巷９號,25.0543819857083,121.52606388625,6.0,5.139144326540055,2.6364376509748584,3.360000000000003,5.678420112684324,6.58432905037669,7.802220031793018
臺北市中山區林森北路４１６巷１號,25.0597912050131,121.525061829726,6.150000000000001,6.1784454011532395,4.32897700038622,5.384732469406394,6.161432000068539,8.550000000000004,9.999999999999998
臺北市中山區林森北路６２８號,25.0674370094517,121.52556700703,24.87999999999998,26.983120415953515,22.80564719060424,25.874021639100693,32.55431582532075,39.30977167549337,47.24741211681201
臺北市中山區林森北路８５巷１１號,25.0497389980823,121.525577987323,8.299999999999997,6.763658758436289,5.883418887337373,7.409715246367935,7.500000000000003,8.593318109433891,9.835884632463133
臺北市中山區民族東路５１２巷１３弄１７號,25.0670550042144,121.542827022049,17.99999999999999,17.389919241113592,10.2959409477716,16.332587975448256,16.91251159791848,20.982690618806295,23.326497459178395
臺北市中山區民權東路一段７２號,25.0625157845498,121.52518269677,6.680000000000007,10.138715545229621,8.959412413588867,10.137159365423836,10.476685610524152,11.889579453115754,15.41608447491392
臺北市中山區民權東路二段１３５巷３０弄１３號,25.0643069972584,121.534434976771,21.37999999999998,17.375638903254583,15.420439499135856,15.717176526725078,17.429172824103635,20.072031823885002,21.336256200636114
臺北市中山區民權東路二段１５２巷５弄１號,25.0614600000258,121.534672016993,22.079999999999966,18.68809506103087,17.186102144856328,18.65599193850235,23.716149830285858,25.612613932957263,28.521296088796678
臺北市中山區民權東路二段２０６號,25.062204899761,121.536509665445,10.8,10.789724667246299,6.8727600716725465,8.391764625589206,10.01722420282379,16.178281228167467,16.661453679578596
臺北市中山區民生東路二段３號,25.0581830111603,121.528128768098,43.99999999999999,40.88723886526935,27.50559417282161,38.61665348941017,40.84652472104099,46.277780878131644,47.76433049304586
臺北市中山區民生東路二段９３巷１９號,25.0587370130507,121.531053968487,41.79999999999999,34.068979553381276,26.347071219738414,31.807772279910314,35.24703760105449,39.62584133267605,44.753766527956486
臺北市中山區農安街７７巷９弄２２號,25.066125995976,121.529162005302,9.999999999999998,9.270315115741244,6.249490190689588,7.639200181145151,9.251745882077982,15.941279089075566,22.999999999999968
臺北市中山區通北街１１９號,25.0837181858177,121.538218567864,43.000000000000014,39.291727510757404,24.948325062330017,31.735031054012943,37.35052272059855,48.26677954163126,60.98253969851048
臺北市中山區通北街１２２號,25.0861013745645,121.536229729936,25.860000000000014,24.684650043666128,17.05862379236683,18.814280532879767,22.95314386743334,28.230027034363367,31.366363498872964
臺北市中山區錦州街１９３號,25.0604120106718,121.531463005362,22.500000000000004,21.16704811577125,17.037644530371878,20.814198513894283,23.712506738906452,26.368163869447486,29.87435612268318
臺北市中山區錦州街５０號,25.0601629843284,121.526106969233,6.690000000000004,5.560948115095229,3.3770089482598507,5.444055468605194,5.909982050179771,6.110178803876224,6.842270049174335
臺北市中山區長安東路一段７５之１號,25.048512013186,121.527864989605,11.800000000000017,8.839131108306514,4.4667912643610945,5.69634754106321,9.639466021686617,12.44088191307962,24.929755120227874
臺北市中山區長安東路二段４９號,25.0486019929166,121.532287030263,24.599999999999977,21.16409127963612,16.101885613927333,18.64018768022686,21.187052163431808,26.838102766884465,28.99999999999995
臺北市中山區長安東路二段６７號,25.0485560181777,121.533981012895,3.3500000000000014,2.1804302099994417,1.5599999999999998,2.1245904943195355,2.210418899184233,2.4924811683209476,2.698147512646409
臺北市中山區雙城街３巷２０號,25.0632610195611,121.525318986515,35.550000000000026,25.364123260129674,16.134286460245434,23.89398056869915,28.14065392941557,33.489675417032615,36.2046771105126
臺北市中正區中華路二段２９９號,25.0295850052636,121.504591964886,2.900000000000001,6.0275792180870775,3.7021264624875503,4.561324131438024,5.737842236181217,7.734732099665744,9.400000000000015
臺北市中正區仁愛路二段９巷１７號,25.0387600041175,121.52589599673,16.99999999999998,13.382609827793061,10.022146044256267,11.918822549387658,13.757709225709512,16.287356177102318,16.99999999999998
臺北市中正區信義路二段２６１號,25.0338800181792,121.531668026713,24.05999999999996,14.069167120548093,10.610092285623383,12.5481590069557,14.003786505734578,17.320173026427973,18.280000000000012
臺北市中正區同安街８０巷２７號,25.0223479862429,121.519242022894,23.599999999999994,25.29693227341067,14.647048256620254,16.608247445304695,22.42237412394864,32.00332469774224,37.41824057014831
臺北市中正區同安街８５之１號,25.0229296903233,121.520974310823,15.499999999999986,10.767983070380888,6.711970698960058,8.269786992886411,11.155328932153981,15.174924713227712,17.249175993716467
臺北市中正區和平西路一段１３６號,25.0269690132826,121.516498961261,19.799999999999986,20.527334800973506,11.477873466641245,16.139517323694733,20.293139106108924,23.869580019532744,28.354875657864657
臺北市中正區廈門街１１３巷１號,25.0235180161072,121.517676031924,19.49999999999998,18.15010213990757,14.419672063128479,16.369807463990533,19.633416146700583,21.733009977352857,24.078263976227213
臺北市中正區廈門街１２３巷６號,25.0229449872966,121.517832019142,11.180000000000001,12.317037932341444,10.29092672962541,13.499313523042769,13.890644819699942,14.126525823699815,15.287099211120841
臺北市中正區廈門街１２３巷８３號,25.0229550036709,121.520714974739,16.00000000000003,18.828997176998293,9.1035774616597,12.402909729033702,14.667717612724886,18.193996180756244,20.196231692841938
臺北市中正區廈門街７１巷１２之４號,25.0247480184886,121.518696025721,15.10000000000003,10.746547398919692,8.648375795853456,9.265814390594057,9.945782227443063,14.628433355297135,17.03062103965072
臺北市中正區廈門街８６號,25.0243590143623,121.517331032789,24.000000000000004,19.979800169008527,14.079999999999986,17.747378251080413,20.425569596199942,21.205940570286195,27.16552801523488
臺北市中正區忠孝西路一段５０號,25.0462279864802,121.515826984083,13.659999999999984,9.919829944713408,7.500000000000003,9.075675684569642,10.720098326983903,12.483125199071818,14.59160276467084
臺北市中正區林森南路９９巷６號,25.0378079875548,121.521934960746,18.800000000000004,15.220265521108312,11.994158452973293,15.004442038366005,15.558490738628965,18.726047642077948,19.64559981600703
臺北市中正區水源路２１之２號,25.016725992326,121.525226031209,4.799999999999999,23.502751935155313,14.353191919669236,21.129386934749128,23.173877925718955,26.177597953872827,28.50331771639236
臺北市中正區汀州路一段１９８巷８號,25.0279589998666,121.508905040803,17.100000000000012,19.897972237295946,14.447494073781076,20.12206224995647,22.10623416217226,24.925857970640784,26.127237496746687
臺北市中正區泉州街３４巷１１號,25.0248519959975,121.512420997728,19.799999999999986,15.497342600110251,13.053877823861619,15.969292631726374,16.192103790113986,17.634743957778145,18.879481100349942
臺北市中正區牯嶺街１０３號,25.0256849895351,121.519130040668,26.79999999999998,13.711304474176927,7.784377610670456,12.461903531454348,13.763123337208864,21.100926741872836,25.596874809241843
臺北市中正區羅斯福路一段８３巷２號,25.0314029981528,121.519854991473,18.58000000000003,10.903349622704724,7.337719183605933,9.866199420714866,11.842551250279907,13.240811748084711,15.61868359133291
臺北市中正區詔安街２６巷８弄１號,25.0247890059952,121.51561601158,15.88,13.704297454071545,11.375269358060878,14.211868062654956,14.83098250376584,14.983800566630732,17.31560606103883
臺北市中正區開封街一段４８號,25.0458969851238,121.512038028572,14.649999999999975,15.296354730048014,11.064535833674826,14.317288693420513,15.393889268520892,17.49039451706754,19.12803303883542
臺北市信義區信義路五段１０９號,25.0329935398283,121.566515529909,24.39999999999999,21.341772063827854,17.407043024345842,19.92839867114272,22.079999999999966,23.93316622019528,28.48050077165616
臺北市信義區信義路五段１１７號,25.0333499890854,121.573914888983,20.159999999999997,22.654024056180774,18.492882319321843,19.314874609700045,21.42403806754917,25.668553535472224,31.994812367945876
臺北市信義區信義路五段１２７號,25.0339640048491,121.573942993569,15.609999999999998,11.336304550299477,9.075934204515674,9.905226060187077,11.834554673866144,12.930751898865964,14.549611264683145
臺北市信義區信義路六段７６巷２弄３７號,25.0338340015308,121.576689994697,17.8,16.61510938075742,11.78411932694063,13.798390162401368,15.747924656513653,17.504039213273792,18.04040822714162
臺北市信義區信義路六段７６巷８弄１２之１號,25.0342049845654,121.576970034082,14.000000000000009,15.904636750162176,12.000000000000005,13.963339458279238,15.868856611094449,18.110489255132762,20.032496610393352
臺北市信義區光復南路４４７之２號,25.0353320152663,121.557696015368,9.999999999999998,6.403082610845928,3.9672670716799034,5.322754395475051,5.7168999625519,7.134030044903379,9.035760536932399
臺北市信義區吳興街１７９號,25.028619996751,121.562442016584,9.999999999999998,7.83203988062924,5.924565951893744,6.6730339067476265,7.977031716063427,9.299999999999994,12.499999999999986
臺北市信義區吳興街３６４巷６號,25.025280981802,121.566257961824,6.0,7.57990495262082,3.3148784755498504,4.7429006851396025,6.429015068973049,9.633255410260196,13.884977550540452
臺北市信義區吳興街４９４巷９號,25.0232319836613,121.569216019273,17.299999999999972,16.256634944454614,14.150222747723388,15.193073290883184,16.221196723154737,18.150452336954856,20.700638817352942
臺北市信義區吳興街５８３巷２０弄１８號,25.0212240149366,121.569836028651,7.500000000000003,7.441619399085366,3.280339103218666,4.930859526628113,6.459359750903939,9.926480958726083,16.19095583013929
臺北市信義區吳興街５８３巷３弄３３號,25.0228019920284,121.569907023371,9.999999999999998,22.296988689522024,9.912412387895678,16.362680821760545,18.935741012185243,27.63783975192214,33.042579875544284
臺北市信義區吳興街５８３巷４弄１０號,25.0220490037566,121.569462028132,4.500000000000002,5.761687705884758,3.19373748496826,4.302843400873525,5.744027185805986,6.310920311892137,10.06420727868615
臺北市信義區吳興街６００巷１１４號,25.0182339805263,121.571845003204,7.300000000000003,31.552102060996713,20.339982769574522,29.645094343712135,33.42939743344211,37.20815243630046,38.808018721009574
臺北市信義區吳興街６００巷６０號,25.0198029889817,121.570294015841,17.8,14.023627603048306,10.70179375144699,13.593548531701344,15.220711276238719,19.039942174757627,22.448183512030695
臺北市信義區吳興街６００巷９８弄３２號,25.0176249933511,121.571309986325,15.000000000000007,16.18424125038577,10.229910044328467,16.245481517074026,16.596205004914907,19.065516129952787,21.422760842792623
臺北市信義區和平東路三段３９１巷２０弄７２號,25.0214460096422,121.560605038684,19.179999999999975,20.35197441958695,15.78705291748967,18.160067592499143,20.11012192089915,23.77684716303795,31.04999999999995
臺北市信義區和平東路三段３９１巷８弄５９號,25.021141998014,121.558417026679,20.000000000000014,20.24751771017515,16.346577104171224,17.46255178283068,20.424667075458288,23.89999999999998,31.08000000000003
臺北市信義區基隆路一段１４１號,25.0430690148115,121.565851020425,39.449999999999974,20.64566080972489,11.00000000000001,22.05600177218139,24.989625290381678,29.815562972107806,34.30497939782587
臺北市信義區基隆路一段１７號,25.0484838080818,121.569203027323,23.39999999999998,19.85069630692652,13.922211428557624,16.540820503859113,21.088265506427856,23.32093483466914,26.35000000000004
臺北市信義區基隆路一段３６４巷２０號,25.0351460208349,121.55925496554,6.999999999999995,11.2484485462246,4.732393588420384,9.858424304330107,11.584831207760077,15.309585808727173,18.207141456033106
臺北市信義區基隆路一段３７巷１之２７號,25.0477630063183,121.568849981562,5.500000000000002,7.180914261493536,4.1999999999999975,6.141682191772963,7.881364610737183,8.994076652665683,9.752097804399826
臺北市信義區基隆路一段３８０巷４號,25.0348239881149,121.559898025151,27.900000000000038,25.141143290469373,14.66931653324546,23.625046807220208,24.39708927525691,27.8694868841357,32.02100676888601
臺北市信義區基隆路二段１４９號,25.026883014956,121.555633983368,34.49999999999998,27.55632291967188,15.90624802237448,22.90000000000004,27.762846438544,31.052114679056356,34.787450672485804
臺北市信義區基隆路二段１７號,25.0320750172399,121.55923501661,24.500000000000004,18.56553263195423,7.983664289282655,14.099999999999975,21.21738587234951,23.115718256891892,28.841617459867965
臺北市信義區富陽街８７巷２０號,25.0216299924169,121.557532987351,24.200000000000003,23.914114753480494,16.493693170057696,16.690155287179458,21.368733108947954,29.887603351397466,34.98293814860156
臺北市信義區崇德街１６１號,25.0238490174635,121.55713400876,30.499999999999947,24.46960828918082,18.418507729057108,25.189015825415794,26.666095987636723,27.42407977168877,30.55064495401868
臺北市信義區崇德街２７號,25.0214466789223,121.561035433782,19.699999999999985,17.921627825491512,14.572403242434813,15.970168568950172,19.132597419411304,22.290466694928266,27.557039419766074
臺北市信義區忠孝東路五段３４５巷１號,25.0413570110879,121.574151032406,24.500000000000004,16.9932082694577,13.653208168895821,15.694370596052831,17.417760265220966,20.388617301474017,22.533500061589812
臺北市信義區忠孝東路五段７９０巷２２弄１０號,25.042573015691,121.581974030278,20.999999999999982,14.810071179066243,10.499999999999995,11.441153787970862,15.637137207712309,16.56859867584668,19.12036189430066
臺北市信義區忠孝東路五段７９０巷２２弄１７號,25.0423790165421,121.5820049595,16.29999999999999,15.487890712117794,10.899541274750975,14.55926427468113,15.147353155007316,17.575681425205847,20.018032961371997
臺北市信義區忠孝東路五段７９０巷６８弄５號,25.0405530189353,121.583253024883,20.800000000000004,17.73077709932334,14.462107917801147,16.485761196776163,18.13824468745066,23.58428847769507,24.47913430506786
臺北市信義區忠孝東路五段７９０巷７０弄１７之５號,25.0398530042916,121.583265011005,31.999999999999957,27.592117884618457,21.433129358906257,24.3753674874531,27.118720310001343,33.00395652434049,48.00000000000005
臺北市信義區忠孝東路四段５５３巷１６號,25.0427979859723,121.562888017652,9.679999999999996,8.207542666987377,4.228379239238936,7.251443945836193,8.357821477633108,9.03920994134896,10.344824765535872
臺北市信義區松信路２２６號,25.041374403537,121.571826563017,14.000000000000009,16.078711938996666,12.60070157399423,16.829721085115036,17.692557931598213,21.625729674957736,26.51308686888197
臺北市信義區松山路１１９巷３０號,25.0473009958152,121.579548978051,19.49999999999998,21.818590761276795,16.91479358777323,18.535205109509356,22.32967859958274,26.235250430177942,35.06000000000002
臺北市信義區松德路２５巷５０號,25.0380620011306,121.577423997958,26.79999999999998,22.745203460880983,17.99999999999999,19.47905998890029,22.762989613859144,25.872628369816404,29.652817050061554
臺北市信義區松隆路９巷１７號,25.0442030024921,121.566905966758,12.000000000000005,29.147858644620726,23.9874096341913,25.517165314987608,29.17420753626173,38.3372928003431,41.80908992073375
臺北市信義區林口街１２２號,25.0399530003965,121.580529995999,13.499999999999993,15.646662677372554,12.143429312352684,15.646638861452073,18.701498550003716,22.59282347953989,25.095809335082947
臺北市信義區林口街１３１號,25.0402729795502,121.580951018995,23.89999999999998,20.45570842183098,15.656775669571049,16.511996172935042,17.330600510402984,23.362924637497876,28.15299911784014
臺北市信義區永吉路２００巷８１弄１０號,25.0432369881511,121.572914031135,31.50000000000002,27.49121620874492,10.098743364706099,23.673830595821673,26.76110159798552,36.00347940590713,40.77227071842102
臺北市信義區永吉路２７８巷４８弄１７號,25.0439196103457,121.573474026087,22.32000000000004,17.28726051561398,12.625040733432593,16.879999999999985,17.5785435211262,21.708730630853076,26.605952935030846
臺北市信義區永吉路５３號,25.0458629965064,121.56914703621,22.500000000000004,22.00673054780113,18.007349909952566,20.08497259208685,22.662486176630896,27.68000000000002,32.900000000000006
臺北市信義區福德街２１７號,25.0383950141437,121.584768975892,15.379999999999987,12.185731113746698,9.177935400961909,12.074980963853427,12.298938069279364,13.04116685711056,15.141392908118002
臺北市信義區福德街２２０號,25.0384629913785,121.584500000619,16.500000000000014,14.954638967020387,12.880094859425434,14.033460407009736,14.910625686760342,16.897839161577284,19.000000000000014
臺北市信義區福德街２５０號,25.0387579924607,121.585328970843,23.500000000000014,20.608423466728222,15.186642790614895,17.740126958609245,20.855463004982656,23.5372922144035,30.87999999999997
臺北市信義區福德街２６８巷５弄１７號,25.0389840104799,121.58529200665,20.999999999999982,21.41366079987602,9.907572861200672,16.874378538961356,20.625594505899613,25.99999999999999,28.44247462799356
臺北市信義區虎林街１２０巷１４號,25.0420480151857,121.576299984742,30.48999999999998,19.848907568713837,16.520829764207225,18.927702626391774,22.74862633215464,26.642126237639594,28.815681932785036
臺北市信義區虎林街２３２巷２１號,25.0363740115596,121.576873977472,20.000000000000014,15.36544625139866,10.560334055360151,13.51793393107685,15.22517190363168,17.433329261278757,20.763199482828472
臺北市信義區虎林街７０巷３１號,25.0442359852811,121.575981975336,15.000000000000007,14.2774267556739,11.100000000000016,11.713636492883632,13.136050919719024,14.494278802463084,18.751158191634946
臺北市信義區虎林街７６巷２５號,25.0435790117102,121.576153971989,2.4999999999999996,4.66257976622987,3.1111833006935945,4.121235139793165,4.445178912801464,5.180177637993755,5.607454216769294
臺北市內湖區內湖路一段３２３巷２１弄２９號,25.0840742909741,121.569441660107,11.180000000000001,12.290867479377846,7.380283723039337,9.593897578699039,12.190075000000007,14.073291229851499,16.223279351660334
臺北市內湖區內湖路一段５９１巷１６弄１號,25.0818248815284,121.573400432977,22.500000000000004,18.391285043738755,14.598989984594796,16.27256415843961,16.872345246685942,19.941446815449638,21.596198239424062
臺北市內湖區內湖路一段６５９號,25.0802573818156,121.575335227687,17.720000000000027,14.682527309774231,12.288548562032789,14.291982465006255,15.166900521234233,18.65475810617765,19.863253709118204
臺北市內湖區內湖路一段６９１巷２號,25.0802290090733,121.576813041035,19.49999999999998,13.632917869288269,6.9139993732267495,13.662484093546814,14.858725743292055,17.23712179742496,21.713823918831675
臺北市內湖區內湖路一段９１巷２９號,25.0870590028758,121.56279900184,15.000000000000007,18.693837050082703,16.185346021949467,18.013397287462862,21.369209814267197,22.808349190449686,29.418690756961624
臺北市內湖區內湖路一段９１巷３９弄１１號,25.0884009874838,121.562288963032,14.600000000000009,16.76232931589356,14.001514220414283,16.418980200058808,19.486035461040306,23.611954369582545,28.154553732919428
臺北市內湖區內湖路三段３２６巷３弄３之１號,25.089761118912,121.583931623764,10.579999999999997,14.244747863390616,9.715711712629743,11.27246691406713,12.000000000000005,13.652392960071468,15.813751610377215
臺北市內湖區內湖路三段３２９巷８之１號,25.0883073197158,121.584867966168,15.209999999999983,16.879157178453188,13.616564056798603,14.989557679835018,18.52651274650467,18.711055785142452,20.427480881509876
臺北市內湖區內湖路三段３５９之６號,25.0892916066057,121.583730877183,28.98,33.076383845079356,26.192915681308488,29.504280371920878,32.770091395823286,35.440423421403956,40.999999999999986
臺北市內湖區內湖路三段６０巷１２弄１０號,25.0881049805731,121.591750011589,16.679999999999996,17.04034534639898,14.099913150319065,14.904898523639822,16.893787453949063,19.478501212145318,23.76404836919399
臺北市內湖區內湖路三段７２巷６１號,25.0883060205208,121.591077028583,1.5599999999999998,2.1588458435659397,2.1999999999999997,2.382276850392865,2.595539719774012,2.7367968198325663,3.741789383699705
臺北市內湖區內湖路二段１０３巷１３０號,25.0845459825753,121.580800982928,13.929999999999975,10.735516620122459,8.053693292378364,10.06497173579912,13.440189918921899,16.736219121924474,17.357824306456795
臺北市內湖區內湖路二段２５３巷６弄７號,25.0826320168947,121.589177018772,16.60000000000002,15.918631016255606,13.510881644149787,15.331320173438732,16.06650244867782,19.395869466977956,21.68718834899729
臺北市內湖區大湖山莊街２１９巷１６弄１３號,25.0887590204779,121.599034975096,25.099999999999973,24.948703076535168,6.621967250974682,20.94790376329505,26.43809506595071,27.767642245073016,34.64823227814081
臺北市內湖區大湖山莊街２１９巷９２號,25.0902289967473,121.600285974145,16.879999999999985,18.594523475988815,15.942478094909339,17.437699733210547,19.53959708518939,21.89047630045451,24.38877180650612
臺北市內湖區大湖街１６０巷１８弄３之２號,25.0825709966396,121.60088368766,10.300000000000008,13.742692260211367,7.2933584340736495,10.675171924073119,11.584836499246498,13.840530036209868,16.695508378003936
臺北市內湖區安泰街１２５巷２３號,25.0771637051726,121.617136281737,12.760000000000018,14.112539599483611,10.930579504520116,13.383847024739193,14.376057207269886,15.490335579377147,17.674492209200395
臺北市內湖區安泰街８７號,25.0766879902578,121.616926063605,39.99999999999998,38.17645342654206,26.87029644167732,29.76270175078978,35.37978650855016,38.709148001082866,55.06465706126592
臺北市內湖區康寧路一段１６１之２號,25.0790249905917,121.59475299604,37.5,31.504226608690274,22.62541481384754,27.492540102638316,33.363051942702185,43.779999999999966,48.67999999999991
臺北市內湖區康寧路一段１７３巷１１號,25.0791570055667,121.595748011766,31.799999999999983,28.20526085268595,19.908609670417547,24.187722055588928,27.678078288209484,31.007146230159307,33.904017107560925
臺北市內湖區康寧路一段２９２號,25.0782471080675,121.597872405126,11.29999999999999,9.781038073101236,7.536938950879605,8.782119608762665,10.620693294038167,13.425010166196811,13.731733726459684
臺北市內湖區康寧路一段７３號,25.0800449843891,121.592694987353,17.400000000000013,16.31485810532141,14.379848129932503,15.45016016826968,15.984956362093913,17.077118129098324,19.563344366484667
臺北市內湖區康寧路三段１８９巷１４１弄１５號,25.0740320165986,121.611495009443,18.679999999999982,19.41649221402053,14.903136340853658,17.281222460488664,18.689926641806437,22.877591130516095,23.299999999999986
臺北市內湖區康寧路三段１８９巷１５９弄２５號,25.0752419862315,121.611779994151,35.37999999999993,25.453744264373924,6.480740698407856,21.038694382814032,25.990510614637703,27.685782697812453,32.934444649771855
臺北市內湖區康寧路三段１８９巷９１號,25.0730590033685,121.612459012127,24.500000000000004,24.591649591508382,18.32887884397479,23.609249564838816,24.465019495726178,27.345387336495037,30.80153235234499
臺北市內湖區康寧路三段５６巷１１號,25.0707469811061,121.609903034572,28.600000000000026,22.7510718959006,13.329917240182551,15.34345137893932,20.664161543255695,25.39142621268429,29.545974987746895
臺北市內湖區康寧路三段７５巷１８６弄１０２號,25.0760969822649,121.613200978196,35.79999999999996,20.061758924594418,4.093008845226871,16.99999999999998,30.333782033196005,35.28642722905813,43.256213426512495
臺北市內湖區康寧路三段７５巷２１７之５號,25.0764820049873,121.614404032759,12.979999999999983,15.516012008695132,13.812555052604333,15.37451700607227,19.340008502622386,19.72086630308868,21.7114342667731
臺北市內湖區康寧路三段７５巷２４弄４９號,25.0741380057643,121.610091040661,0.367157,3.279407199159763,1.9590852669216798,2.3737958396261325,3.728426157640313,6.0,16.749999999999982
臺北市內湖區康寧路三段９９巷１０弄５號,25.0722369901241,121.610574005922,15.300000000000015,15.590618508631303,14.071330614194638,15.057679718848894,15.490077095424313,16.924303324319624,18.800000000000004
臺北市內湖區康寧路三段９９巷１７弄９３號,25.0764480163699,121.611907985812,23.799999999999994,28.399048657578764,22.096728646270954,26.069089619142684,29.356984708451527,37.999999999999964,43.779999999999966
臺北市內湖區康樂街１２５巷１０之１號,25.0734042120508,121.620036587873,14.48000000000001,15.524952356132141,12.430927021768227,12.507863244266753,13.8426546856543,16.339105436449717,18.089473065679154
臺北市內湖區康樂街６１巷８１弄１９號,25.0714340037999,121.620685598636,11.00000000000001,14.604905320336938,12.227019260637503,13.6690514280258,15.90391682666727,18.59647192737235,20.884722835596047
臺北市內湖區康樂街７２巷１７弄１４４號,25.0718520093112,121.61645298899,2.950000000000002,7.638786360598567,4.41274184947931,8.71586938460386,8.904143060775294,10.636489108327492,15.675372465594034
臺北市內湖區成功路二段３１２巷１３號,25.0673160166793,121.589794010664,15.300000000000015,18.05622251660527,15.36538968012021,16.72695700525634,18.431615008737694,21.884312115482416,23.200000000000035
臺北市內湖區成功路四段６１巷９弄１１號,25.08130101258,121.592281005155,28.99999999999995,26.572256311965553,20.77036610930012,24.96322235863642,25.451326959611333,32.80000000000005,36.48000000000004
臺北市內湖區文德路１００號,25.0783039792805,121.582871983565,9.299999999999994,7.792239216099048,5.153639989392979,7.259194514632716,8.155968296765979,9.253725963101031,10.167805516129771
臺北市內湖區文德路２０８巷１２號,25.0777685013962,121.583497105904,20.800000000000004,16.955811872174838,12.281733927416319,15.190513223514523,17.161099245881623,19.262237877136503,22.86561084694669
臺北市內湖區文德路２２巷３２號,25.0769529841267,121.580093969395,26.5,21.19547815316255,15.05485359216148,17.281255851874207,19.941214558483416,24.0129654063885,27.49995856550272
臺北市內湖區文德路５０號,25.0783085055083,121.580939032874,23.799999999999994,22.71178590720746,18.302638742256363,20.751201210627507,22.388445167394405,30.095393651685704,33.000000000000014
臺北市內湖區文德路５４號,25.0783097208842,121.581109436965,23.500000000000014,27.021617023356885,16.31392535839939,25.88770517964261,27.851185379733295,35.205852235917035,40.3326427190145
臺北市內湖區文湖街２１巷１１８弄２６號,25.0867269956911,121.560560027864,18.899999999999974,23.739631874666962,16.342521680808694,21.04707997379954,22.410325572062565,32.39542613530344,34.435810186079074
臺北市內湖區星雲街１３１號,25.0809669937384,121.595856976507,31.519999999999953,25.61473016605081,20.332954901527778,22.755676380562683,26.058529777850215,33.000000000000014,34.49999999999998
臺北市內湖區星雲街１５０巷４０號,25.0795059861054,121.596897003053,15.000000000000007,14.433917087943877,8.173102516970161,12.757313509156585,15.002902034152273,19.726016070050825,23.7042601163628
臺北市內湖區星雲街１６８巷４３號,25.0801769993641,121.59724099636,13.580000000000021,13.705406768711574,8.310684596817778,10.596290393806056,13.891624831902634,18.109249806894717,26.5
臺北市內湖區星雲街２１０巷３０號,25.0793937693265,121.597914576087,31.57999999999997,25.849563930455826,22.22635561176481,24.53059182977403,28.05080617043171,32.63602676125345,32.67654076151101
臺北市內湖區星雲街４０號,25.0784390117407,121.591418004404,36.99999999999993,32.11298017593598,11.41209345035643,18.22580578520399,26.916278061981984,32.441169197959844,45.479222431131596
臺北市內湖區東湖路１１３巷４９弄１００號,25.0707240146914,121.615309026845,16.09999999999999,15.245759481942956,10.764971813038898,16.327553321512557,16.81898982723997,18.11725751755616,21.198600709178816
臺北市內湖區東湖路１１３巷４９弄１２２號,25.0710100052278,121.615009960539,6.280000000000002,18.409633425498573,16.05396392342863,17.711082824107507,19.026778948060205,20.278596114104516,22.65345715152171
臺北市內湖區東湖路１１３巷９５弄１２７號,25.0702009839333,121.61427402944,22.000000000000004,16.875735399397726,12.925623510446375,15.607599780648735,17.618356564218356,26.219312548050972,27.700000000000045
臺北市內湖區民權東路六段１４６號,25.0688167964429,121.589516821126,10.320000000000011,13.10016884622274,10.060589243253876,11.638390630308345,13.48145228130775,16.12051920890125,16.79999999999998
臺北市內湖區民權東路六段１８０巷４２弄１３號,25.067587003609,121.592109008502,26.934999999999953,24.718404396566193,18.430736201588306,20.923674388468772,24.856365728030717,31.068773817971802,35.00000000000001
臺北市內湖區民權東路六段２１０巷２１弄５號,25.0668599992371,121.597945998236,12.950000000000014,15.601874806615308,12.355863814291906,13.650622648890359,15.174357796876432,16.945557503005674,18.50000000000003
臺北市內湖區江南街６５巷２５之２號,25.0771269924366,121.578063034256,22.680000000000017,20.502828197748133,14.498965480336878,18.45179673882212,21.56675289298072,22.662595957261914,26.677706048309307
臺北市內湖區港墘路１２７巷１６弄１１號,25.0779360137311,121.577532962699,22.079999999999966,20.250146798377873,11.94871365161666,13.774977313955931,20.65099387634187,23.43592375500965,29.098290876139405
臺北市內湖區瑞光路１１２巷５６弄３５號,25.070587012484,121.579693984976,18.479999999999983,15.29628427027378,11.469685705787706,14.241151124975417,17.140050457793485,18.276505140487632,20.29384143034531
臺北市內湖區瑞光路７巷８號,25.0694751111183,121.58338143564,24.200000000000003,28.910870491067826,18.567099765944235,24.016867233847094,26.7930224733033,32.96424471203573,35.09565500337494
臺北市內湖區金龍路２２２巷４號,25.0877870130762,121.586290039861,19.079999999999984,21.99039725256257,18.992717875831175,20.30752706059681,22.07909324669007,23.95206423216223,24.875548815224533
臺北市內湖區陽光街１０１號,25.0752639887274,121.585970018798,28.610000000000017,20.85676646322039,17.001937881654808,18.86314988770005,20.586798183122184,23.192260215064298,25.679719624637627
臺北市內湖區陽光街７８號,25.0759259914402,121.586118965217,20.800000000000004,15.423137319730227,13.000000000000012,14.050829157028403,15.859581370707218,16.993233493228413,18.256171050784225
臺北市內湖區麗山街６２巷６號,25.0813819817646,121.579992967462,16.500000000000014,15.227880608133793,12.984450098011939,15.97160636007094,16.28301580325761,17.297546966017585,18.84675038302363
臺北市北投區中和街５０２巷１４弄１３號,25.1474770182499,121.495099962454,9.700000000000006,16.74219219105062,12.000000000000005,14.188935373286572,16.886185648584853,18.990444548306414,21.714615889699814
臺北市北投區中央北路四段５３０號,25.1284912950958,121.467975620864,12.000000000000005,37.53949858333174,10.862059827656472,36.3321779668786,38.25198933245791,46.58699707618956,54.407541567153984
臺北市北投區中山路２８之１２號,25.1374000008858,121.510204990166,2.250000000000001,7.466159235301343,4.938886212977553,6.329219358497554,7.865839657726395,9.923518413792305,13.000000000000012
臺北市北投區中山路３號,25.1370449853768,121.505194959,17.849999999999998,15.355518006724068,10.295371215957958,15.918664792061739,19.659328502267925,20.68670404739556,28.461761259262516
臺北市北投區光明路２４０之２號,25.1363300090359,121.507820003437,6.899999999999999,7.806799723091839,5.095487542714747,6.374338565248462,7.624129085579866,9.710441192667924,11.412793204844196
臺北市北投區公路３２１號,25.1323027,121.5026806,8.999999999999998,17.528471264621025,10.26183294702868,14.548979258112137,15.55360679955639,18.388334248251375,22.598939971315403
臺北市北投區吉利街１０１之８號,25.1185379946225,121.506003980295,16.29999999999999,16.769046842106718,12.039336589059724,14.01320805525988,16.79195372519451,18.395251560241764,20.52906310200916
臺北市北投區大同街１９８號,25.1373010106093,121.499224026454,15.150000000000023,17.77578891005439,10.322218415600032,17.14305342220258,18.18570009263271,22.001783788439248,25.695753339607197
臺北市北投區實踐街６巷８號,25.1143169939119,121.507964004533,12.000000000000005,18.20671833402349,12.624894101082255,15.095532436401221,16.782806951989016,19.487279620999157,19.727415183669525
臺北市北投區崇仁路一段７６號,25.1262000180437,121.501465012087,15.699999999999976,13.317081766706641,4.500000000000002,12.320714265009153,15.481738785342646,16.7008686691067,19.50816715403532
臺北市北投區復興三路６３號,25.1454780181616,121.503482033267,15.499999999999986,31.23240025742776,19.200000000000028,22.74649157995014,27.92763613568463,37.8481296386878,43.485662419093075
臺北市北投區復興四路３０號,25.1425687014789,121.500741737662,13.700000000000017,19.309477483719593,15.217800803058958,17.87293396222734,19.944965649781114,21.548910794320797,26.35000000000004
臺北市北投區文化三路１３０號,25.139692996228,121.498596976278,11.199999999999998,23.81012012052423,8.400000000000007,15.000000000000007,24.406446901146538,32.734601255304796,43.15948227335452
臺北市北投區文化三路８０號,25.138781003253,121.498908028705,17.49999999999999,27.104496108962746,20.98583562844551,25.43516198883441,27.084208370254384,33.869110654823174,35.14137115645925
臺北市北投區新興路７０巷１號,25.1410820033127,121.487910971738,16.99999999999998,27.848264152670012,14.895462035615436,23.18805671738926,27.431717207824384,31.952166761491938,35.04500884657903
臺北市北投區明德路１５０巷１３號,25.1104099792942,121.521379994937,36.19000000000003,33.282553771623476,22.74188418525096,28.217702225942613,36.544917019410846,41.31468620550004,43.63439378156639
臺北市北投區明德路１５０巷９號,25.1104930020452,121.521218978577,18.50000000000003,15.14194298037933,13.40773712949082,14.662524559660085,15.25396941894773,16.98681574792382,17.8
臺北市北投區明德路１８巷１弄７號,25.1070889854371,121.517984988875,18.060000000000002,17.398528992853418,12.092967218986907,13.824550982148695,14.220264603614634,17.113642768670744,18.770235967369942
臺北市北投區明德路２８９巷８號,25.1148580038524,121.521606976875,19.000000000000014,15.677151785565284,14.00372742907832,15.266371765044935,15.558255327890402,18.22086715828862,20.20000000000004
臺北市北投區明德路３３３巷３號,25.1161380042863,121.51997300867,2.4499999999999997,2.2038597501310178,1.7967973323163384,2.3302486790828487,2.5878954330067203,2.7509202074223356,3.739887539070247
臺北市北投區明德路３３３巷３３號,25.1164040039835,121.518391008265,20.879999999999974,17.4184637261746,13.523219712064275,15.427294278817316,17.94143499208753,21.26962496455607,22.419999999999973
臺北市北投區東華街一段４２４號,25.1113669830893,121.518167965821,16.00000000000003,13.342541412786636,9.802656692736354,12.92471594235684,14.207597655857224,19.495473480782838,22.715633383201105
臺北市北投區東華街二段１７４巷１４號,25.1204659999909,121.511351969797,12.000000000000005,16.637147124323914,14.769236052604583,15.379999999999987,16.8744987304614,19.650587138189714,21.730693875633726
臺北市北投區榮華一路６巷２之１號,25.112005013559,121.523964973876,17.99999999999999,25.85601254007045,21.66205916854201,23.664723319067644,29.513034066684526,32.428148841883356,36.520410095955896
臺北市北投區榮華三路４２巷７弄９號,25.1150289946771,121.520543983914,12.000000000000005,8.439617621192333,5.137301656629004,6.776951637737535,7.816760170065348,12.486875129231821,17.77999999999998
臺北市北投區永興路一段４４號,25.1393469912649,121.500495980261,13.450000000000026,16.88738086166171,13.88310111769426,14.996905010545046,15.46320722500525,16.289698912919548,19.278220600840065
臺北市北投區泉源路３９之４５號,25.1414413323776,121.50715036469,15.499999999999986,33.36957663410561,15.344770281760477,30.211279876445026,35.80864507017918,41.79575418669908,46.776604319999144
臺北市北投區湖山路一段１４號,25.152518984467,121.547346963336,8.999999999999998,15.909951758919886,7.700000000000007,12.253570908106745,15.455965407405884,20.198221922859755,24.1076156232292
臺北市北投區溫泉路銀光巷１３號,25.1365380059632,121.513706027304,8.199999999999992,11.27681840056007,9.502896046198114,9.72068552139511,11.103557277032547,11.935547176136584,17.49999999999999
臺北市北投區溫泉路１３９之１２號,25.1399579900969,121.51205898333,3.049999999999998,6.5536821187167185,3.928088656342191,5.0328079352158195,6.0880676650748065,8.168215826862724,9.549036524756913
臺北市北投區溫泉路１３９號,25.1399579900969,121.51205898333,6.800000000000001,11.342209128892714,6.338725448585646,7.864685075751545,10.730056465639052,14.775120743823773,18.086985099727904
臺北市北投區溫泉路１７６號,25.1411789819324,121.514936993604,11.224999999999989,7.390836387639999,3.2420607909465,5.6317670147437155,7.543534321813256,16.749999999999982,28.99999999999995
臺北市北投區溫泉路３７巷２８號,25.1338430145447,121.503422018841,6.999999999999995,12.014461016740169,7.100000000000005,9.3526668401095,12.234587151715587,16.63120537001512,18.98340079194869
臺北市北投區溫泉路６５巷１１之１號,25.1357121141268,121.504051419067,12.000000000000005,16.190401874644344,14.69560882031852,15.351993983607024,17.05692984994978,18.888712552952374,19.573615866077823
臺北市北投區溫泉路８９號,25.135706018254,121.507004025163,21.9,32.33623802331259,12.859678579364992,33.173643242339416,35.17312927927843,37.42207847547626,42.521872534239684
臺北市北投區知行路５巷１號,25.1182794967286,121.466360260484,11.50000000000002,24.35603916385534,21.003696402221053,22.819492092055903,24.798148797303746,28.391100981192036,33.99999999999994
臺北市北投區石牌路一段１６６巷２８之１號,25.1139897812474,121.513762889392,19.799999999999986,17.345169191691237,14.949999999999996,16.19165688919556,17.086123533009964,18.071349908244343,19.379713033233568
臺北市北投區石牌路一段１６６巷４３弄１４號,25.1138617066745,121.515024638416,21.200000000000003,19.97358441233433,13.680447576464166,15.73334388416712,18.199999999999992,20.486060735282578,24.521086196384566
臺北市北投區石牌路二段３２４巷９弄２號,25.1215240057192,121.524383985216,5.8799999999999955,8.61294492778075,5.260055257174045,6.482830248300901,8.026500890968483,12.013996181326439,15.499999999999986
臺北市北投區紗帽路１１６之９號,25.1508649835134,121.547167003875,3.9800000000000026,6.803853886899806,3.049999999999998,6.828748976626524,7.5217931808829865,8.283806616372711,10.655515753732521
臺北市北投區義理街２７號,25.1165075058389,121.515188814854,30.000000000000057,27.258064130729995,20.678473934369197,24.200000000000003,25.71110490943608,28.755658650289178,31.844065953527526
臺北市北投區自強街５巷１０４號,25.1121219830178,121.511421036679,8.249999999999991,9.468030039184939,5.941859158860711,7.896556553512997,8.99704460851791,9.76202957553829,12.226700417686715
臺北市北投區致遠一路一段１０４巷２號,25.1097201067534,121.515390203109,18.899999999999974,17.797493395152703,14.457231335543273,15.43901421664218,19.864711532276726,23.945030846950246,24.157907908150413
臺北市北投區致遠二路１１３巷２２號,25.117229998632,121.511402009759,14.520000000000024,18.053687324435963,15.057347092872888,16.788400439234934,17.78243385730632,19.327670971079268,21.60856331278596
臺北市北投區行義路１４２之１３號,25.1298570004897,121.528210994568,7.100000000000005,10.053334445529048,7.390450925652759,8.759629116390967,10.568258974749796,12.903773578887066,16.00000000000003
臺北市北投區行義路１８６巷５５號,25.133366000435,121.530304961619,5.179999999999996,8.559309664058386,4.799999999999999,6.899999999999999,9.465256814743421,10.436350861831999,12.941575194594728
臺北市北投區關渡路６６之１號,25.1192269870635,121.468737032948,18.50000000000003,33.37746160708174,15.094234620971317,33.173643242339416,35.00574955754527,41.657205178248425,49.497277992947694
臺北市南港區南港路二段２１２巷４號,25.0540480087763,121.598886028677,17.49999999999999,17.039768473171737,10.083915083098761,12.402909729033702,14.104423442058788,15.919918392916918,18.771886974879944
臺北市南港區園區街３６號,25.0592294917718,121.612382066256,28.250000000000004,39.67703968889524,27.43538417540249,38.63866329547098,40.84652472104099,45.18451677213808,55.18678288157299
臺北市南港區忠孝東路六段１８８巷１３弄２號,25.0479720090739,121.586971991503,11.699999999999994,17.429155818695186,11.395743590726415,14.394343965945694,16.637912430086853,21.47249098799822,25.22859704688003
臺北市南港區成福路１８０巷１４號,25.0410872814437,121.5874172382,16.700000000000024,19.85824032332608,10.499999999999995,16.698210636489524,20.03872182531484,22.702773982225253,25.796199119339626
臺北市南港區東新街１０８巷１６號,25.0455599907067,121.587773971999,18.07999999999997,15.540458918749277,12.227019260637503,14.155489213745629,16.05486130678849,19.25379114511672,20.34973510240482
臺北市南港區東新街８０巷１０弄１６號,25.0453270157079,121.586753978202,21.099999999999998,26.080907060002453,18.49626250536081,23.65909641731523,26.09575959945528,30.702439211876797,35.11942513474885
臺北市南港區東明街２８號,25.0556590105666,121.604143996539,30.279999999999983,37.73695791389115,27.214824843952485,32.381734149698595,40.00543595839393,49.55607019141825,65.37999999999988
臺北市南港區研究院路一段９９號,25.0523049081919,121.61637160071,26.99999999999999,22.870309060962686,14.000000000000009,21.282026277806466,23.301844773034336,25.767611061746788,30.439965280531215
臺北市南港區研究院路三段７號,25.035570019407,121.617359994732,19.57999999999999,24.682600063117388,21.46506993153661,25.100213363875824,26.666095987636723,28.503536295244473,34.2703296118349
臺北市南港區研究院路二段３１號,25.0461339834361,121.615309026845,12.600000000000014,13.82994992320909,11.046110588179756,12.249999999999991,13.780642741224021,15.54719082414257,17.34016000928022
臺北市南港區經貿二路１５７巷３６弄８８號,25.0617490080473,121.61471902468,14.499999999999995,14.62098478915644,11.566981505975837,13.32500624565456,14.689233251457265,16.79999999999998,18.14999999999998
臺北市南港區經貿二路２３５巷６５號,25.0620899838685,121.615979998194,32.900000000000006,27.272199465613834,24.238687328924048,25.64207731298941,31.569235661572808,32.38465519288763,36.5522496033905
臺北市南港區舊莊街一段３巷１２弄４２號,25.0420305827608,121.61831472775,22.000000000000004,27.522031403686444,22.278399970224502,24.626772304512684,27.801961314812104,31.583223394707545,33.25000000000001
臺北市南港區舊莊街一段３巷１２弄４６號,25.0420305827608,121.61831472775,26.149999999999967,27.98055043585706,21.48609059371429,25.078254698771428,28.475391830976676,33.25000000000001,41.79999999999999
臺北市南港區重陽路１４４號,25.0569830159922,121.600455037132,22.200000000000003,17.25293871413707,12.772412305370146,16.12684524014918,16.603214654769943,19.513394867305024,25.13266400523432
臺北市士林區中山北路七段１９０巷２７號,25.125920984487,121.535213990852,22.000000000000004,27.007778387292973,20.749446206947255,24.901570196260597,30.09698316789039,35.436614758001525,36.463397279964575
臺北市士林區中山北路六段１９５巷１７弄７號,25.1071930048555,121.52404602688,20.000000000000014,17.275752700085896,11.818770954898588,15.952769986708153,17.55620744364597,19.115823330217506,22.008101232924815
臺北市士林區中山北路六段２９０巷２７號,25.1093179849485,121.526651038568,9.299999999999994,8.208082235038166,5.493846821837034,7.234561880448866,8.379980416318995,9.70205466706373,10.569576222652502
臺北市士林區中山北路六段４２７巷６弄１２號,25.1145889866699,121.527028978582,22.419999999999973,21.73410551745432,15.275656107948759,21.14032245369018,22.868284672180668,27.373586212046234,30.213057134691336
臺北市士林區劍潭路１２號,25.0839053956251,121.524054408783,12.350000000000005,13.486537311775292,9.056570903622273,12.632375007418347,13.606190665470306,15.214725811909053,17.030378739182535
臺北市士林區基河路２３８號,25.0910316058858,121.521546627172,8.599999999999994,8.724972923368348,3.049999999999998,6.849969827670775,9.193847518047473,9.785101202275303,10.7819293264239
臺北市士林區基河路４０號,25.0838110153954,121.524231015483,2.1999999999999997,2.360367397888608,1.5599999999999998,1.755207439212959,2.091571934527735,2.597752822285968,4.659617152597623
臺北市士林區士東路５８號,25.1119199791513,121.528106975149,32.80000000000005,24.391170015988834,17.49999999999999,17.99999999999999,26.43663896896185,30.99255207817371,34.64630162776027
臺北市士林區士東路８９巷１５之２號,25.1129540126365,121.528483993154,21.300000000000022,19.138719669986763,14.43486848575274,16.879999999999985,18.711620844301088,21.852876757597052,24.00190029929188
臺北市士林區大南路３５０巷２７號,25.0894700154147,121.517367996982,8.000000000000002,10.605483180317162,5.168109120233634,7.677670170108859,10.524750011838432,15.47258152952214,18.558653308207013
臺北市士林區天母北路５６號,25.1215320104368,121.52636001889,41.59999999999997,39.094790008484246,26.568212428892224,36.87866876216352,38.944382949076996,45.86570912288559,60.43451877026428
臺北市士林區天母北路６６之３號,25.1222310192521,121.526642991941,7.700000000000007,24.63118989004443,18.79864355404738,21.543576305050987,23.909291188452432,27.635774628900844,35.49183249108071
臺北市士林區天母西路５巷５號,25.1189836481131,121.528845618157,28.99999999999995,34.69987518539597,19.833676008765604,28.34960317182587,35.49362946839663,40.268000297691174,46.71940060246462
臺北市士林區天玉街７５巷８號,25.1225950033975,121.530680973796,4.999999999999999,7.358282834145188,3.554969536614769,5.500000000000002,7.696055506891722,10.504641673310292,12.744425983246508
臺北市士林區小南街１４號,25.0887360121537,121.525742021168,7.230000000000004,5.670182550565444,3.6350787596132728,4.792275061585585,5.706044036162868,6.513234694364506,8.65681500781317
臺北市士林區延平北路九段２１３號,25.1078470028508,121.471165018841,9.999999999999998,13.72249128722046,9.546315369445633,11.569389338441246,13.079675167870441,15.973908809229295,16.67876928783936
臺北市士林區延平北路五段２３１巷３６號,25.0842060125825,121.50848804112,11.00000000000001,12.746003093528765,10.269599386112667,11.121411940521378,12.693757412622746,14.341705225060338,16.964051974881556
臺北市士林區延平北路五段３０９號,25.0862760073907,121.509263031887,12.680000000000003,15.095687484139741,11.19279005215079,13.63968708989839,15.023454836588467,16.29499146450972,18.709334804213583
臺北市士林區延平北路八段１８７巷１弄９號,25.1056459988959,121.481527984832,3.0999999999999988,5.729301681198807,2.944895009908325,4.203864788990924,5.188207707928618,7.533807284453291,9.001660677336963
臺北市士林區德行東路３３１巷５４弄８號,25.1129219937664,121.538468013303,14.600000000000009,15.111825668973214,13.54716045081995,15.969292631726374,16.406748371870027,17.80122979142635,19.536178431297714
臺北市士林區德行東路７４巷１５弄２號,25.1064820099187,121.527460981872,4.970000000000002,4.405497024551136,2.367981714406555,3.1557185236752225,4.994556016055607,7.001427552060416,11.00000000000001
臺北市士林區承德路四段７３之１號,25.0818419806109,121.523282016406,25.99999999999999,34.35712617089179,22.918420328658417,28.259617672678914,34.07178981409033,41.30885466670991,46.45000000000001
臺北市士林區文林路５００號,25.096616006967,121.524320031295,26.35000000000004,19.466166104370647,16.4191032041997,18.17812215038939,19.300665706204807,20.679008031635203,22.70916404595041
臺北市士林區文林路６４３巷２１號,25.0997670158277,121.522068987378,8.400000000000007,27.139180116196062,14.420572447190088,22.301218995859525,24.965495719494548,29.537011896651276,32.836992241348995
臺北市士林區文林路６５３號,25.1003519888503,121.522788992861,17.679999999999975,15.790241075957903,12.540712787546976,14.522248625527485,15.324171361720952,16.920359270671838,20.169206439189736
臺北市士林區格致路２０巷２９號,25.136514997639,121.54741502439,4.1999999999999975,5.8785207694462365,3.2822185840526106,4.689364880374718,6.21011563004874,6.630197794735135,9.354783801352074
臺北市士林區社中街２１０巷９弄１６號,25.0916739949452,121.508290982576,11.00000000000001,14.095489138740044,11.853927667575181,14.353026123257276,14.454945414833132,14.899333250117415,16.949236522966014
臺北市士林區社子街１１５巷２０弄１３號,25.0880881848506,121.506496517735,8.000000000000002,9.768449606749872,6.641969055509549,9.365629350600742,9.980092668913455,11.36803262911761,13.858968215325635
臺北市士林區福國路５２號,25.102241018369,121.523628021369,26.79999999999998,26.22444059004738,21.80933446985661,24.641274060155588,26.83865652848004,31.477512212061068,33.08000000000003
臺北市士林區福壽街２７號,25.0961630070099,121.525524007867,24.480000000000015,11.027644340206319,6.119153263469434,8.249999999999991,10.499790571702043,12.529830413916416,15.850527054363384
臺北市士林區福壽街５８號,25.0968380016726,121.525512021745,16.200000000000024,15.060639787727872,12.783812509178707,14.65670212457118,15.829730519792703,18.433949447760288,19.932383144150513
臺北市士林區福榮街３５號,25.0965979858751,121.526978016611,22.999999999999968,10.348616770198491,5.830328119587333,8.15511267972021,10.519274641379464,15.415978222089212,15.673913878266466
臺北市士林區至善路二段１２１號,25.0986310164903,121.547026020264,17.99999999999999,19.197176400052005,15.412732828209156,17.13105614411406,19.231120196679434,22.266138009243175,27.598448742907497
臺北市士林區通河東街一段１３０巷６號,25.0868800073335,121.516369963771,9.999999999999998,17.651654858027808,14.06852192725314,15.371679133923475,17.51532741298982,21.783632515101004,29.361352356495978
臺北市士林區重慶北路四段１９０巷５弄５號,25.0850340188877,121.512016989995,15.000000000000007,15.646117175846268,7.979394122516991,13.093014846600582,15.449216897844535,23.724783064569866,33.58031429632207
臺北市士林區雨聲街１５巷１０號,25.1011069887789,121.528761015054,20.999999999999982,18.725827819133613,17.31704362759418,18.294963060652062,20.318431078192507,22.471961448790747,27.91389309420889
臺北市士林區雨聲街１５巷２之１號,25.1012630179065,121.529153036666,6.0,5.860933516437092,3.8373324619153024,5.95552625161421,6.48576668859323,7.890959406542332,9.98407341673632
臺北市大同區哈密街７０巷３號,25.07308398144,121.517315023354,13.499999999999993,13.611885762624667,9.963230594575174,12.000000000000005,13.428695033493295,16.074599481070813,18.37169521862844
臺北市大同區寧夏路１６５號,25.0615550088983,121.514242972021,19.49999999999998,17.37765461673665,13.357271304584254,15.79410174268759,17.240705987429184,20.500000000000018,22.21673766129322
臺北市大同區寧夏路２０號,25.0548320100898,121.514826017206,16.500000000000014,19.3760767048241,16.676787351748317,18.343925105591456,21.479425946452118,21.77227435665962,28.17554289667553
臺北市大同區寧夏路３２號,25.055941019699,121.515145032441,9.64999999999999,9.69370658580826,7.216482690795479,8.052048116555916,10.748217688018366,14.387067115631966,15.68000000000002
臺北市大同區延平北路二段２４７巷１８之３號,25.0622170116111,121.512002992216,14.000000000000009,11.860178628119497,8.81192338855322,12.337427232029585,13.156475687805756,13.217135089082115,16.518983121410564
臺北市大同區承德路三段２３７號,25.0708670099596,121.518741036541,47.20000000000002,37.670414697884326,22.975517917563938,30.411009977866964,39.544704283222394,43.78404666955163,48.75060047674375
臺北市大同區敦煌路８８巷２號,25.0757099897953,121.517170016429,30.680000000000028,31.201424723852313,25.012724227590695,28.271914599904697,30.99065672503597,33.000000000000014,65.37999999999988
臺北市大同區環河北路一段３８９號,25.061396004195,121.508657020288,44.299999999999955,41.42705013445337,29.419367487053137,38.65078823858916,40.94692915670495,46.90645025845735,50.558079377044635
臺北市大同區迪化街二段４２０號,25.0740160071636,121.511950018588,13.000000000000012,15.587561861997386,13.942417325091085,14.931104103593242,15.650570148922792,17.939453726354092,18.07999999999997
臺北市大同區長安西路１３８巷５弄１號,25.0501249847236,121.517647030539,2.185834000000002,2.0579569373365403,0.5813691200940218,1.8464021733589973,2.1347862179619885,2.5968560611401523,2.7030217116903357
臺北市大同區雙連街３９巷７號,25.0589590077563,121.51930295933,12.142000000000012,11.799619954144841,8.59628981718283,10.40997664314736,11.937463001901852,14.455491030451894,16.816689841410447
臺北市大安區仁愛路四段６２號,25.0376059836883,121.547648041298,18.679999999999982,9.626741088272091,6.6835454940458385,8.453470167686415,9.01504446717324,12.29561343337783,13.3537794205912
臺北市大安區仁愛路四段６４號,25.0374680175621,121.547638988843,16.99999999999998,8.486724831240027,4.975143967188467,6.596418388460064,7.454373807382343,11.800000000000017,19.49999999999998
臺北市大安區信義路三段１３４巷１６號,25.0318280025534,121.53932003376,25.879999999999956,21.60993367381611,16.08587067408987,18.369974587131516,22.087424066486296,27.199999999999992,33.68000000000003
臺北市大安區信義路四段２０８號,25.0330300093782,121.551838992886,33.43000000000004,23.74084573748825,16.351385034475246,19.947137920197733,22.810842629536623,30.799999999999994,34.38000000000001
臺北市大安區信義路四段２１０號,25.0330249802363,121.551894983999,51.25000000000005,34.04011275678908,12.733286841664192,18.956223581135024,26.998096760672173,43.08946039592755,49.99973593692893
臺北市大安區信義路四段３０巷８弄１３號,25.0327770016309,121.544029992793,17.77999999999998,6.992254414293465,3.7967529982182695,5.197980143312597,6.003555163065291,7.657518445304832,10.345693058134433
臺北市大安區光復南路２７８號,25.0397139904274,121.557040969635,48.00000000000005,26.427545925919766,22.28880275279839,24.664642380486484,25.891114477584026,32.93970248803111,40.999999999999986
臺北市大安區和平東路一段１４１巷９號,25.0278559862766,121.530637974632,44.64999999999999,26.717727886671994,20.43956122808233,23.994525136099288,26.853443763826665,28.73563100828692,33.000000000000014
臺北市大安區和平東路一段５９號,25.0271490146532,121.524533015454,33.000000000000014,21.871898752309196,19.24030331074509,20.75872353097819,22.720989869447457,24.189865756555896,25.50312997436664
臺北市大安區和平東路三段２９８號,25.0205949950128,121.556248041595,12.190075000000007,11.712330211767028,8.28681715751401,9.5507226737931,11.161997101115242,13.012296447439809,15.70664693163381
臺北市大安區和平東路三段３００號,25.0205620122238,121.556286011616,12.190075000000007,11.60375071931813,7.919716493964949,10.360750921749695,11.816213563083323,13.495111264572413,15.482506289894232
臺北市大安區和平東路二段１０７巷１８號,25.0264199986246,121.540310020344,16.79999999999998,15.406300747631501,12.470287809461377,13.63344917856235,14.922756365979236,16.530373855241084,17.959306216412152
臺北市大安區和平東路二段１０７巷２３弄１７號,25.0262120016973,121.541635031598,27.199999999999992,20.6315961727875,15.119527596959792,21.29587852828292,23.57660627104759,27.07443310706534,30.48999999999998
臺北市大安區和平東路二段９６巷２０弄５號,25.022276991523,121.539931996511,9.418478999999996,21.37785598176897,15.49987096559357,19.49999999999998,24.194320012417847,26.595808806639127,29.87791616051245
臺北市大安區四維路７６巷７號,25.0343409809444,121.547575034922,55.800000000000026,32.1015818930219,22.473295529683135,33.47893159018415,35.97497769918694,37.36393648792533,42.31938724956679
臺北市大安區大安路一段１１７號,25.0394899840651,121.546167964836,68.87999999999991,37.78809928609365,22.85089514004007,32.3395967105612,43.61985762423652,51.61157448525949,55.07058324437251
臺北市大安區大安路一段１６９巷１２號,25.0367069826632,121.546966005837,60.00000000000009,34.04148275884952,23.96896575883989,27.372540401048113,37.888306673292654,57.43000000000007,68.87999999999991
臺北市大安區大安路一段１６９巷８號,25.0367100001484,121.546717985322,50.88,34.35792395674864,23.432981180370955,28.28787910865624,41.98056518051896,53.73804150455681,58.25638767133742
臺北市大安區大安路一段１７０號,25.0366659951567,121.545893960421,20.999999999999982,48.43827207414395,12.000000000000005,20.863202238431917,55.20190165737434,59.052897085169654,66.99486182463326
臺北市大安區安和路一段２１巷１５號,25.0395370065419,121.551054027654,50.000000000000085,43.59590465210867,28.819159119790164,35.933988143691494,37.947173371987425,52.94948411611519,56.41540924251092
臺北市大安區安居街８４巷１４號,25.0197720178495,121.552462019749,19.000000000000014,17.822351637065626,13.545593465490569,15.371679133923475,16.184429813582135,19.083465946452886,19.416489636185347
臺北市大安區安東街４０巷１９號,25.0441890047138,121.541387011083,10.850000000000017,7.639396146061173,4.277903688300329,6.872664055302743,8.034867766688008,9.743225115125934,12.152505400400983
臺北市大安區延吉街１３７巷７弄５號,25.0423109973978,121.554842983165,2.900000000000001,5.785266151405333,3.5975815441884658,4.769167067500996,5.599999999999999,6.215291601661497,7.4859254250258
臺北市大安區延吉街１６２號,25.0392150157314,121.554947002584,33.08000000000003,23.228316555507934,16.647587052482805,17.975274694151373,25.357951504063838,26.932891057850792,30.841530441921975
臺北市大安區復興南路一段１２８號,25.0428236890795,121.543615720949,21.239999999999966,14.297808008582074,10.427736205342155,13.592024689205388,15.39065662454851,16.86414108315393,17.31562211895363
臺北市大安區復興南路二段１５１巷３０弄５號,25.0279582035858,121.54552959909,25.200000000000006,20.799751238675842,8.343494683602739,14.099999999999975,21.380553040200496,25.106873208634287,27.59531458044783
臺北市大安區復興南路二段１７１巷１８號,25.0274751964153,121.544607505922,32.80000000000005,26.26904338881938,14.78753012520743,25.60987622475617,27.625426106141408,33.58129052852936,35.987186821206734
臺北市大安區復興南路二段２１８號,25.0263381912496,121.543228096116,67.5799999999999,35.58017300177224,20.367036900000443,24.940000000000026,39.597836333919666,48.82259398431202,52.68633598951433
臺北市大安區忠孝東路三段１８０號,25.041458893121,121.538912170352,23.500000000000014,25.0465256453138,18.996977539444543,23.65909641731523,24.41774878133303,27.843365753300436,31.680661221867528
臺北市大安區忠孝東路三段２１７巷５弄２３之５號,25.0432519917578,121.538581001357,57.999999999999936,31.69144846663939,19.223867782282056,25.070149119466475,35.1090041227991,49.70050294554508,55.07058324437251
臺北市大安區忠孝東路三段２５１巷５弄１之２號,25.0427170167876,121.541749025482,17.2141,19.913911419443306,15.121151535505161,19.504135123315535,22.520552168209807,24.315290045752167,27.554077513417628
臺北市大安區忠孝東路四段２３３號,25.0416551134743,121.553608580285,15.17999999999998,9.54173607665556,7.100000000000005,7.984860675052511,10.063240887027835,10.933309307421387,12.341128761277998
臺北市大安區敦化南路一段１７７巷３０號,25.042948985958,121.550575001887,13.000000000000012,13.196027187033039,10.667161108870927,11.879999999999999,12.917812794189324,14.233097158143755,17.030378739182535
臺北市大安區敦化南路二段１０４號,25.02770938679,121.548386738425,48.99999999999995,23.123048361942057,12.154328170191397,17.857773580744535,23.78073434304383,32.03370972776845,51.25000000000005
臺北市大安區敦化南路二段１０６號,25.0275924173312,121.548383469483,51.88000000000008,35.7797787180788,14.002142474600397,20.85065946199306,39.9880939100826,49.11197849780099,52.68633598951433
臺北市大安區文昌街２７８巷５號,25.0319189881123,121.556709968279,28.99999999999995,21.387912519364754,15.852715413397414,19.459671928705752,23.534012956858383,25.41114249586036,28.71130828031138
臺北市大安區杭州南路二段６１巷２５號,25.0302410149156,121.52391099442,33.99999999999994,26.165132011321464,17.99999999999999,23.65909641731523,26.09575959945528,30.773505916992434,34.46957050557288
臺北市大安區溫州街１１巷９之３號,25.0255670142479,121.534177987619,34.06000000000001,25.037458408914457,18.135717960482477,20.67867617254647,25.431551192610733,36.52033680019942,37.57000000000006
臺北市大安區溫州街１６巷６之１號,25.0251420098474,121.532987002997,30.000000000000057,18.07056948536936,11.44906478568486,14.539876203049335,18.2790128646758,22.40964678774626,25.41352338894592
臺北市大安區瑞安街２０８巷５７號,25.0304609979645,121.540662982287,4.622100000000005,5.956959974908098,3.101424804093668,4.562194776240611,4.999999999999999,7.209948429739244,10.669130142438584
臺北市大安區羅斯福路三段２６１之１號,25.0189849990508,121.53034301546,19.49999999999998,18.70812380291,15.578034898048447,16.166475596510306,20.396202248729058,22.467909663411138,23.906205302083713
臺北市大安區羅斯福路二段９３號,25.025170005404,121.524145017156,13.799999999999985,10.996823037261697,7.913411636783369,9.337269346216775,11.95734295802987,13.330344618483954,15.776750902164814
臺北市大安區臥龍街１９５巷１號,25.0180720002475,121.552554975055,16.700000000000024,17.214020921815635,14.629779852816126,15.722490213459245,17.109745498396126,21.286659916386657,26.35000000000004
臺北市大安區臥龍街２８９號,25.0172199797897,121.558413003366,33.25000000000001,28.391924999718277,22.000000000000004,23.07379465974334,28.246627417982292,31.931605728968645,34.47032372786381
臺北市大安區臨江街１１８巷１弄６號,25.0301020010515,121.553700026848,4.999999999999999,5.554045625885527,2.75,4.336613071685278,5.005495529254131,7.669200505566281,10.737396434246905
臺北市大安區通化街１６４號,25.0284519815019,121.553601958581,27.500000000000018,20.94868478431503,17.576848184469732,19.36254789339657,22.927670206965985,25.230589987933108,30.015463139949066
臺北市大安區金山南路二段１３２巷２０號,25.0331399799479,121.526969969984,16.99999999999998,9.49812255266321,5.753672299920715,7.201731574525543,9.148500784855603,11.403655528670345,15.964867768635465
臺北市大安區金山南路二段１８５巷３號,25.0284770014828,121.526680039953,37.57000000000006,25.39272065550313,21.43013222610991,21.948537977128318,30.73420561033007,33.193577473307066,34.40688856685177
臺北市大安區金山南路二段２０３巷３號,25.0280861114283,121.526666712727,65.37999999999988,30.05447886865638,24.030170885962132,24.703709754239895,27.72172129659694,32.294583038018004,35.30004000784804
臺北市大安區青田街６巷１３號,25.0282640173232,121.531068972094,26.35000000000004,13.814538973487,11.302222608054816,14.211868062654956,14.85942084945342,15.850204460935746,17.148929317176254
臺北市大安區青田街６巷４之２號,25.0279623107184,121.53170557764,35.00000000000001,19.524482876236373,9.999999999999998,12.000000000000005,19.558510516313884,23.461592614887532,26.207104448747135
臺北市大安區麗水街１３巷１６號,25.0300999893947,121.52935001139,38.59999999999998,21.263185032355736,17.35854441899485,20.350333021237812,22.339201664825456,24.57823290963915,25.95161283097866
臺北市文山區仙岩路２２巷９號,24.9986067903222,121.549463729164,29.20000000000002,32.118750399543714,20.601681674411715,25.10999798183682,38.23864492942345,40.80864115220832,52.10255792642133
臺北市文山區和平東路四段６５巷９弄９號,25.006599018819,121.567009986177,16.749999999999982,5.2791188869006485,1.5271864226751908,4.207136793592527,5.515769856846571,6.420389785008728,8.259235325629211
臺北市文山區和平東路四段８８巷９號,25.0049819820584,121.567167985051,20.999999999999982,23.688677194548582,18.100341091902784,19.539959058298955,25.694056521654083,28.51156454642782,32.38381584653273
臺北市文山區和興路２６巷１５弄７號,24.9850879958761,121.545634037603,19.49999999999998,20.717648468875694,16.01618650711155,17.884185818866555,21.23929292235302,23.900594012202816,30.87999999999997
臺北市文山區忠順街一段１２５號,24.9843580159286,121.560262973216,16.379999999999992,16.080603500987433,14.844000560480096,15.379999999999987,16.361705354265148,17.697457444503147,19.52699551459536
臺北市文山區忠順街一段７０號,24.9842319940143,121.56080796456,11.29999999999999,15.0295364615224,13.278449896756644,15.023404986462852,16.507567076413448,16.759711236577978,20.8863231104018
臺北市文山區指南路三段３２巷５號,24.9827310047032,121.580205029613,10.8,13.951902166706637,11.21324172755112,12.690248215921748,14.077614738376028,16.160461638518605,16.715536502152055
臺北市文山區指南路三段４３號,24.9843769171202,121.579931192836,12.750000000000004,16.537667411165277,11.173224400908992,13.503876344557563,17.15193206647601,18.11912753371732,21.198589293140373
臺北市文山區指南路三段７７巷１２號,24.9827729980381,121.580396975195,6.999999999999995,17.91526804367716,10.579213477453974,15.398894864831567,17.12371996688615,20.594667562515035,26.178923473012855
臺北市文山區指南路三段７７巷６號,24.9827729980381,121.580396975195,6.0,11.301013344406794,7.7888558842838975,9.074311996412252,11.72508874519611,16.29999999999999,18.58000000000003
臺北市文山區政大三街１０３號,24.9864190001909,121.583243972428,16.500000000000014,21.50544607699241,18.115151282567528,21.134070866851904,22.689271006045505,24.70297920438472,26.197801099452995
臺北市文山區政大二街１０６號,24.9874923867115,121.584266899891,27.79999999999995,32.84885607587678,28.470079780930387,28.99999999999995,33.087763735582925,36.03416799197126,42.210289167808284
臺北市文山區新光路一段３２巷２９號,24.989470940327,121.573694265549,28.99999999999995,36.61222427141007,27.42744558177928,31.800062719919833,35.27993603140704,42.00000000000002,47.30994413882595
臺北市文山區景福街３巷１７號,24.9988540145563,121.539635025682,18.60000000000002,18.03508202006912,15.259062044394472,17.142823166429597,18.92970141582933,21.206227918656364,22.863152877236107
臺北市文山區木新路三段８３號,24.9819954926996,121.56367859876,24.79999999999997,26.837350459270368,21.9632801153042,24.088318419582315,27.373508072239517,31.308319479459065,31.57999999999997
臺北市文山區木新路二段７９巷６弄７號,24.9846170167367,121.57082903272,15.379999999999987,16.4102894511451,14.353267620531179,15.542585359566623,16.409896148273965,20.276110461175325,22.200000000000003
臺北市文山區樟新街３２巷５號,24.9783717025902,121.554826638454,22.500000000000004,25.935846644188512,14.785133614779514,23.78256567427642,26.01339227400996,31.31810355499502,34.29392437729914
臺北市文山區汀州路四段２０３號,25.0031176791541,121.535842465952,12.000000000000005,11.224140175886966,6.011710197170118,14.069553961898011,14.82688738376653,16.207364356141166,18.34352746883759
臺北市文山區溪口街８１巷５號,24.9952969863058,121.538763978304,2.608000000000002,1.1684056827791343,0.19999999999999998,1.2000000000000004,1.2000000000000004,1.9594691821390453,2.4512780431957033
臺北市文山區秀明路一段７９巷５弄７號,24.9908490036572,121.565307034908,15.699999999999976,11.166790798246705,8.239810207941527,9.964629024887246,11.522752948083577,13.221851505676636,15.111349156829297
臺北市文山區羅斯福路五段１７號,25.0079700048119,121.538483016909,16.99999999999998,13.603286365300251,9.377597038641166,14.80538338651139,15.858479517986524,16.641391262249766,19.04637154740687
臺北市文山區羅斯福路五段１７０巷１１號,25.0045570195674,121.537676007272,27.700000000000045,21.76697891219678,11.766481246979447,15.688849543545244,21.39395505458445,25.545472187947457,30.725247691414538
臺北市文山區羅斯福路五段２３６巷１８號,25.0017570029021,121.537598977581,19.979999999999983,17.159954552446827,15.609157989151607,16.993868881853494,17.448703342033625,20.31350709335419,22.970816267603517
臺北市文山區羅斯福路六段２３２巷１３號,24.9929169868086,121.539818002628,8.179999999999996,6.897631738701643,2.985316939502228,5.458175083769874,7.15513892598949,8.000000000000002,13.711992925902482
臺北市文山區興德路２２號,25.001081002411,121.556276037151,11.879999999999999,13.196913928697047,11.261470857048531,11.870011321717522,14.272248203693916,16.820551407811,17.839804803347835
臺北市文山區興隆路一段７０巷１１弄１３號,25.0024809897889,121.540500960099,11.50000000000002,15.825237859906691,11.489298679640704,13.799999999999985,16.474177402628182,16.5990724729762,18.367842820935955
臺北市文山區興隆路一段７０巷１１弄２０號,25.0018059951262,121.540491991462,22.8,17.997120869327947,14.467226030051883,16.144902041109464,18.769177553947014,20.097759439845575,22.999999999999968
臺北市文山區興隆路三段２５５巷２９號,24.9927029968205,121.560519962367,16.99999999999998,22.785379736568565,17.675197282450384,21.053882368715254,22.981967750470208,25.691925449657422,28.289385875865264
臺北市文山區興隆路三段３０４巷３０號,24.996079017872,121.555485958958,2.4400000000000017,7.3850388801945,4.567582318649288,5.4541224831671,6.781458184068341,8.785450255374593,17.849999999999998
臺北市文山區興隆路三段３０４巷３２之１８號,24.9959770101104,121.555263000333,14.079999999999986,21.323071037693083,17.50414471274917,19.520861558155776,21.867122259865532,24.805964572994522,27.900000000000038
臺北市文山區興隆路三段３０４巷９１之３號,24.9953020154477,121.556201019118,18.280000000000012,21.13583445951454,17.03488784162825,19.55801755940563,20.766756366611116,24.581900531352332,27.000581325895627
臺北市文山區興隆路二段２０３巷９２號,25.0025889906113,121.546962988352,6.0,17.681042589555123,11.027229814533394,16.261948703932216,18.739908018315642,20.89517523376853,23.021655860669373
臺北市文山區興隆路二段２１７巷３號,25.0019839848401,121.549100960395,13.799999999999985,15.728833346193827,12.160541322826784,16.159633154180455,16.416289927493448,17.66515507013244,19.210985563543936
臺北市文山區興隆路二段２２巷７弄２號,24.9978709849519,121.545964033132,20.000000000000014,23.39940865505219,13.690325050925555,19.844049351879228,25.64576712207214,25.94747217130952,32.04259726172776
臺北市文山區興隆路二段３０１巷２２號,25.0029077962986,121.55408509148,16.29999999999999,17.0228115579001,13.130425685677668,14.623489538725067,15.988206011061852,20.760237290090455,23.56590943588188
臺北市文山區興隆路四段１５１號,24.9847610178333,121.561775990558,13.900000000000018,24.77859859768724,19.054108859460943,21.672124931532228,24.11884737043013,28.51924440883359,31.984749034597485
臺北市文山區萬安街４４巷６號,24.9996259878388,121.570405998067,11.100000000000016,15.739225718052323,13.037745075819137,16.246276222957196,19.57247170880042,20.81118207341264,26.295214048804485
臺北市文山區萬美街二段５１號,25.0050849118294,121.564542940615,19.200000000000028,29.66181177770978,21.89927186581344,24.88529610746438,31.62631236024664,40.42625461696065,48.67999999999991
臺北市文山區萬美街二段７７號,25.0046211830362,121.563900635375,22.680000000000017,32.538782937823065,21.613606110870908,26.103220380114777,35.845381117971215,51.329663157840315,68.87999999999991
臺北市文山區萬芳路６０之１０號,24.9986430001439,121.568347989381,16.500000000000014,17.831350310996168,13.646147799281902,15.34609407770315,18.46379233551739,23.880008175270593,23.999815236885418
臺北市文山區試院路１５４巷２弄２９號,24.9910469842102,121.547903018793,9.800000000000006,21.26948561901342,13.81814329064199,17.263484520313277,20.139932539540283,23.067593971905445,25.269376922656125
臺北市文山區辛亥路五段７１之１號,24.9982079793691,121.553285960831,14.079999999999986,17.00671909857528,13.402934777749069,14.453069823971783,16.633900898806978,19.380000000000006,20.860000000000017
臺北市文山區辛亥路四段７７巷９２弄１２號,25.008174984254,121.561350022238,28.199999999999964,38.608410479693276,12.733286841664192,17.293324329810563,23.469149271398543,39.99192932040558,46.33653429402997
臺北市文山區辛亥路四段７７巷９２弄９號,25.0087788165588,121.561219432187,11.00000000000001,23.44074050342411,13.54226664672208,19.640193482928634,26.660823268473788,30.691424694427575,35.718835554482226
臺北市松山區三民路１１３巷１３號,25.0578510877946,121.562667741237,24.99999999999996,21.48329609649824,16.428799466961852,16.525561409598332,18.478120869956985,24.89478494462347,26.54333758582865
臺北市松山區三民路１６６巷５號,25.0620549894227,121.563520013151,36.079999999999984,19.728194251946714,15.973535641263998,17.63193754485771,20.109596956764182,22.66157770290471,26.5
臺北市松山區健康路１５巷３２號,25.0548760150815,121.553088986107,43.779999999999966,29.93247634762483,23.24280954587149,27.55632975295837,28.99999999999995,33.47337995543782,38.910101516187304
臺北市松山區健康路１７７之１號,25.0542467856101,121.560947858524,23.700000000000003,16.878974339314926,13.11470925942006,15.050924363720709,16.297833850682082,21.522084134253564,22.500000000000004
臺北市松山區健康路３５巷３４號,25.0557759800254,121.553794993811,31.04999999999995,24.552130150043272,18.050146692936536,22.04422760959667,25.114386012116363,28.184336551963902,31.48897934854902
臺北市松山區光復北路２３０巷５號,25.0560100027621,121.55509703865,33.000000000000014,27.871411508897822,18.24969815488908,26.611638518851848,28.637977465899905,35.58362541221039,43.87168969107637
臺北市松山區光復南路５８巷３７號,25.0454620062585,121.5548589926,18.50000000000003,12.621477745860627,10.013044130773213,10.354836046827916,12.263527721770647,14.869628920329674,17.586395308004658
臺北市松山區八德路三段１２巷５１弄３２號,25.0460580014838,121.551770009823,2.800000000000002,4.519973200726185,2.296457576848252,2.9440477390024165,5.193950064161263,7.471300188445114,8.999999999999998
臺北市松山區八德路三段１２巷５３弄１８號,25.0456710090142,121.551368013747,15.599999999999984,10.221078793284537,5.577556841028661,7.422205855426276,9.999999999999998,15.023206211107778,18.392837744451292
臺北市松山區八德路二段３４８號,25.0477319932765,121.545318961863,19.449999999999996,14.159746637710729,12.595765773015627,13.126115227463451,14.217381954990733,15.173522785782872,16.46381728035136
臺北市松山區八德路四段６３６號,25.0498319952981,121.574493014056,15.764999999999974,15.40198570992096,11.66597198432824,12.888717013606202,15.677118649478537,17.51949990414014,18.57804684879373
臺北市松山區八德路四段６３８號,25.0498130102874,121.57467096186,19.49999999999998,18.712098967919346,13.000000000000012,14.43302444934296,19.5815903207396,21.15737462520512,23.574385746955876
臺北市松山區南京東路三段３０３巷６弄８號,25.05232498285,121.547422987198,23.799999999999994,16.69836656780556,13.47511678848229,15.472933977735911,16.62788707527499,18.537395397817292,19.29712548136363
臺北市松山區南京東路三段３０３巷８弄６號,25.0527429883614,121.547229029959,16.500000000000014,13.72866786421554,11.48,11.936136156874458,13.788952022210584,15.840180502179148,18.094449615590058
臺北市松山區南京東路五段２５０巷３６弄８號,25.0494950008809,121.566486033409,21.500000000000007,16.254777385904855,14.267370392834072,15.515298164127755,15.69961842671123,19.628150547480697,20.69999999999997
臺北市松山區南京東路五段２９１巷４４弄３５號,25.0534629938442,121.56522899939,28.199999999999964,22.588404563909894,18.096056245997637,19.431932482385797,22.266673779532095,24.70795093677479,27.05438970183862
臺北市松山區南京東路五段４１５號,25.0514612419358,121.57010545841,18.49,18.227334366719674,13.988565367892352,15.966888340445712,18.209154819045516,22.209243275556595,27.779999999999976
臺北市松山區南京東路四段９５號,25.0518429815079,121.554191038736,19.200000000000028,15.07083330947314,6.153430717030109,13.056562222731262,15.235282648808894,18.45047986580497,24.646707828273403
臺北市松山區富錦街５１０號,25.0609085127064,121.564437831549,22.999999999999968,20.324879934683338,15.362221901745512,17.78371953858165,20.443530221052626,26.03343095008119,27.199999999999992
臺北市松山區延壽街１５１號,25.0569499912937,121.563055990992,19.49999999999998,15.672730262036103,11.071876837433999,13.887548379753705,15.181276837666415,18.32285969966935,20.441352150867754
臺北市松山區復興北路２３１巷１５號,25.0571180065429,121.545484001537,23.200000000000035,19.15605262546047,15.65726726896181,17.71898312088852,19.614779603313842,24.603407164849145,27.48509776792474
臺北市松山區復興北路３３３號,25.0598010118398,121.544471970547,30.799999999999994,24.05717880460117,13.352841470815985,25.49253933071929,27.139912660008598,32.65441034315779,36.56750976150305
臺北市松山區撫遠街４０１巷２２號,25.0658322940887,121.566806138291,16.29999999999999,17.052625101260322,13.110737528507551,14.996905010545046,16.30159035092675,18.383710473197425,19.030437029144473
臺北市松山區敦化北路１４５巷２３弄３號,25.0532150152387,121.550394958607,27.779999999999976,17.809365630608898,13.479334021025439,17.04089715843685,18.17831138625515,19.653107285230163,20.62563444500129
臺北市松山區敦化北路２２２巷１９號,25.0595920090841,121.548176017379,48.67999999999991,34.813409793334884,21.541597960525305,28.14135191365728,44.47655831536447,52.83884104302013,57.43051202757102
臺北市松山區敦化北路３４５號,25.0600399798993,121.550552035473,7.924999999999998,6.194786151398992,2.8094764537377657,3.4411450516386735,6.470042594952988,8.540440029746462,9.461071905465891
臺北市松山區敦化北路４巷２１號,25.0500619947212,121.546395030593,43.000000000000014,18.106540500141875,10.562556181031022,14.99712355875796,19.207440830137326,28.226719430278287,30.799999999999994
臺北市松山區敦化北路４巷３１號,25.050086595607,121.545517277692,9.999999999999998,5.3997790660403195,3.4514590581913236,4.358808012317453,5.164924974181553,6.999999999999995,10.199999999999985
臺北市松山區敦化北路４巷６２號,25.0503279944185,121.544593005229,31.160000000000032,23.28778120335215,13.900000000000018,18.524456560889277,19.459671928705752,25.172128361329175,30.575605415058956
臺北市松山區民權東路三段１０６巷３弄４４號,25.0611370033869,121.548668035096,15.000000000000007,26.724332273394243,20.188612076390935,23.847133847021688,27.245780945212793,30.23935679755151,34.59999999999996
臺北市松山區民生東路三段１１３巷６弄１號,25.0585350091842,121.546060005923,32.80000000000005,32.32880226362175,21.909370324492734,27.9208114657973,35.76347970377647,46.14070219166275,53.63391636675073
臺北市松山區民生東路五段１３８巷９號,25.0580859906311,121.561751012486,37.5,30.046394166472467,22.23637366358607,25.1983872235197,31.53984836750131,43.000000000000014,52.679999999999964
臺北市松山區民生東路五段１７０號,25.0583060155894,121.562775029597,30.199999999999996,25.694890653969622,17.99999999999999,19.48845812269405,25.846550945305356,30.397955502056426,36.09098994088587
臺北市松山區民生東路五段２０２號,25.0584190036442,121.564395000024,7.500000000000003,6.1922794030452675,3.5842019585553424,5.452556041594921,6.316612001263665,8.06974897705541,10.156199320019626
臺北市松山區民生東路四段８０巷１１弄３號,25.0567539804879,121.553297024944,34.79999999999998,24.821418325417866,14.59874150061496,25.189015825415794,26.93219758282079,29.920641442248535,35.3516660705651
臺北市松山區饒河街１９６號,25.0507379952123,121.57685503437,18.700000000000035,16.585354757447178,11.699999999999994,12.389511693363865,16.800474230236063,19.277995743064142,23.409965088854747
臺北市松山區饒河街６１巷１２弄１８號,25.0504170102302,121.572453026461,16.79999999999998,13.939003001311654,10.343937797102152,15.574921190104018,15.931488262227507,18.34602058307013,21.322497996310535
臺北市萬華區中華路二段３６４巷１５號,25.0283724791503,121.503804987997,32.87999999999995,30.303434373196197,26.00548869048813,28.77282765856841,30.48970323490315,33.13717038803069,37.03838448095834
臺北市萬華區中華路二段４９８巷１１號,25.0259200181001,121.507110978247,12.699999999999996,10.532428591202212,7.464575794298642,9.62940180803011,10.274756194551975,12.994762841212737,15.368402368126185
臺北市萬華區中華路二段５０４巷１６號,25.0256139948152,121.507575000407,10.379999999999999,10.64188218027183,7.911798494720997,9.588826216601623,11.182534660368775,14.559031407215528,18.679999999999982
臺北市萬華區內江街１４０號,25.0415769941367,121.502754986986,22.500000000000004,22.91580855527185,17.889809489657523,20.688251777446204,22.45741764682057,30.679861152952082,33.000000000000014
臺北市萬華區國興路８４號,25.0266829808367,121.506146975563,26.87999999999997,26.443565256525527,17.897524946910302,19.49999999999998,28.73256793488059,32.65062080004869,35.5743030985546
臺北市萬華區大理街１６０巷２４弄１２號,25.0324219861219,121.49452203023,16.79999999999998,15.576402086195154,13.728434126435877,14.395012470288984,15.457150790828928,17.441290576917094,20.800000000000004
臺北市萬華區康定路１０３號,25.0395069993285,121.502047973453,18.14999999999998,14.745119897029738,9.521029356114813,12.350506412023224,14.469092374792805,16.942050325937554,22.15454806580354
臺北市萬華區康定路１０５號,25.039268198907,121.50202316302,20.000000000000014,22.068797052030266,18.781119220105992,21.250200982003772,24.813543372062128,27.723017767521622,37.02963360776134
臺北市萬華區康定路１６２號,25.0394969829542,121.50181101705,14.000000000000009,14.39170196657258,8.55063200303433,13.662484093546814,14.70038332721028,17.71234625512521,20.293817764050925
臺北市萬華區康定路４６巷９號,25.0432719825969,121.502026012867,2.4400000000000017,4.090947073978549,2.3886639044136033,2.9934965276613226,3.782060332955131,4.418144406874904,7.134226941928059
臺北市萬華區成都路１３９號,25.0435060053335,121.503248010531,33.000000000000014,29.907744196622108,24.68352973497568,28.960637254776408,31.28709425695115,34.13277713389498,36.21565453739379
臺北市萬華區東園街６６巷２４弄８號,25.0248229946125,121.49550195853,20.000000000000014,20.394021798506913,14.62427941518843,18.549020107653757,22.613605957265392,26.910231053067577,28.649669123618306
臺北市萬華區柳州街１７號,25.0388770993049,121.505557560132,16.379999999999992,22.405128402500555,17.73307647802461,20.314106411910984,23.34483640578904,28.44901808293797,28.610000000000017
臺北市萬華區柳州街２１號,25.0388530013332,121.505499976457,26.99999999999999,25.219115144450043,17.481333889158773,20.64902529186046,24.95478055661431,35.00000000000001,35.49999999999995
臺北市萬華區柳州街７號,25.0390840065848,121.505533001155,36.22000000000003,33.952471263939735,27.907752267376214,28.99999999999995,34.763320006578105,38.56172625681872,45.77918291263577
臺北市萬華區桂林路１０９號,25.0385670107969,121.500842991053,19.680000000000007,23.657567182179495,19.965840453332603,21.30778162689982,24.03262177555519,29.949534290724255,33.99999999999994
臺北市萬華區桂林路６號,25.0375240086753,121.505876994462,37.059999999999945,30.819215431745903,24.36798422444877,28.378649964200083,31.409455089021762,36.33174402307248,42.470756368369194
臺北市萬華區水源路２０５之１號,25.0195569801235,121.503229989439,6.0,9.248331473956846,3.6485772882861194,6.768314365657374,9.808839241889336,13.499999999999993,15.428306536523934
臺北市萬華區水源路２０５之２號,25.0195569801235,121.503229989439,4.300000000000002,5.818645535691251,2.4400000000000017,2.882869089326856,6.202309188470048,8.634137961949405,10.830235454504207
臺北市萬華區漢中街８號,25.0457300176126,121.507750014545,12.45,14.118641597578645,10.040561592242536,11.716582591984837,14.165526444120951,19.49999999999998,25.379999999999967
臺北市萬華區漢口街二段５１號,25.0458679837388,121.506388039098,11.00000000000001,14.52474955770411,10.569620667367223,14.509383339631784,15.937187869838588,16.797705160440795,17.631117590530675
臺北市萬華區漢口街二段８８號,25.0461530103563,121.504392978504,11.399999999999979,13.217398465489586,8.065432984808117,11.483877827839155,13.802573406729232,18.13513639879862,20.400000000000006
臺北市萬華區環河南路一段２３號,25.0468440144541,121.504204972416,7.100000000000005,10.88802997432323,8.359603785923072,9.38656295180166,11.62940030204016,15.17999999999998,15.17999999999998
臺北市萬華區萬大路１２０號,25.0297049922076,121.500381986378,24.000000000000004,14.77930630861573,10.179914952683529,12.586145783999452,16.784873961639526,19.93589727100338,21.687662859258168
臺北市萬華區萬大路２７７巷１４弄１６號,25.0248760101501,121.500929995208,28.99999999999995,31.466593232631997,24.749999999999993,29.69162147130122,33.15529242273971,39.43124388956743,41.52353991154116
臺北市萬華區萬大路４２３巷２８弄１９號,25.0200717378414,121.500517518288,24.99999999999996,21.13372312056127,11.27341982339114,22.750667504985785,25.356684334980258,29.805344473821872,33.75227897069742
臺北市萬華區萬大路４８６巷３７弄１８之１號,25.0200020172726,121.496047033694,10.499999999999995,15.411699697381858,11.912321538802715,13.845978035028427,16.052242320334123,19.92661136003167,20.999999999999982
臺北市萬華區西昌街１４２號,25.0390210165824,121.500532022445,14.099999999999975,16.381059282174345,16.65640568097885,17.95365700587261,20.815803521667203,22.478867093014713,28.53631366840474
臺北市萬華區西藏路１２７號,25.0293369847486,121.50206297706,20.999999999999982,23.064096391939945,18.981128710832557,19.366775845748034,22.868189336040423,27.16115596215723,30.935416596516013
臺北市萬華區西藏路１４６號,25.0301369954972,121.50385402213,12.000000000000005,12.551076405336882,10.62194459435975,11.05967567040714,12.853258047437643,13.610927754786589,15.305942674680603
臺北市萬華區長沙街二段１４８號,25.0406310125443,121.501330985455,10.499999999999995,27.77256504756548,25.462076463798425,27.027760526373292,30.832912118946883,32.641807074292885,35.60081845799592
臺北市萬華區長泰街２８２巷１１弄１３號,25.0214300002071,121.493131975407,7.700000000000007,14.593010825568221,11.028466215411157,13.112060393008273,14.448864416713521,16.109775970636907,18.27267252017626
臺北市萬華區長泰街７３巷６弄２０號,25.0222629937447,121.499845041661,11.879999999999999,15.275907623176632,13.300975666111416,15.048537381311384,16.47226991779856,18.537866593386884,22.857521626714497
臺北市萬華區雅江街８３號,25.0411429791903,121.501547992929,30.87999999999997,25.02222421099172,13.28208781976164,21.894443126311952,33.00139547896127,36.41140560516186,49.02703061698197
臺北市萬華區雙園街４０巷６號,25.0295619969394,121.494015008907,10.8,14.451067676564314,11.302862597049447,12.736904534400123,15.996685011070214,18.424707350064207,19.545452577975112
臺北市萬華區青年路１０６巷３０弄２８號,25.0230420078258,121.502326001181,4.999999999999999,5.8233627796077725,4.256481836114103,5.038139084884262,5.793708363833285,7.230000000000004,8.249999999999991
臺北市萬華區青年路１６８巷２弄４８號,25.0201999978256,121.501607001527,5.500000000000002,7.525937002154072,4.665929710172273,6.088535072626127,7.214056256087136,8.18998165508951,10.10648045479764
臺北市萬華區青年路３０巷１０號,25.0259390031108,121.504004980207,20.599999999999973,23.043444281024648,17.81456539861917,21.180053219135573,23.22732097446096,24.84232964365868,27.578439734792617
臺北市中山區中山北路一段１２１巷３３號六樓之１,25.0508930185115,121.524660001288,21.28000000000001,21.209225306247,14.527627074609661,16.51128483269307,20.338742600142545,27.302117304005307,31.584577694912184
臺北市中山區中山北路一段５３巷４之２號四樓,25.0491979881419,121.521955999323,8.000000000000002,11.949290000619056,7.9441531122368545,10.250000000000004,12.581319938407226,14.04567447871608,16.051473555272686
臺北市中山區中山北路一段５３巷８號五樓之１２,25.0491010095221,121.522126990148,17.579999999999973,21.56203125839738,17.733376653912522,18.45179673882212,21.112818710938306,24.311715318392515,27.62579826569917
臺北市中山區中山北路三段３９號七樓之１２,25.0660379859926,121.522533009538,8.249999999999991,6.161412412978703,3.687886847439064,5.775185798730258,6.3296917264626185,7.024444475572882,9.614282755927716
臺北市中山區中山北路二段６２巷９之１號,25.0567450118515,121.522014002093,15.88,13.400183725481766,8.881442107930143,11.295244571371768,13.785807557959162,15.085663852946702,17.2423966479024
臺北市中山區中山北路二段７７巷１２號七樓,25.0573860178969,121.524161026592,26.839999999999964,18.071267278520605,9.82656897428942,16.231061125682164,19.170485033349298,25.003863788001915,25.58998436074016
臺北市中山區中山北路二段７７巷１２號七樓之１,25.0573860178969,121.524161026592,16.140000000000015,13.525039477568319,11.155722160937321,11.274591495220319,12.253916494807083,15.842508803456914,16.794687095660514
臺北市中山區中山北路二段７７巷１２號九樓,25.0573860178969,121.524161026592,25.550000000000004,20.808298795087833,13.598932437100258,17.302375127581076,21.894157185321486,25.879360994934835,26.839999999999964
臺北市中山區中山北路二段７７巷１２號九樓之１,25.0573860178969,121.524161026592,16.60000000000002,14.81686333205034,13.833520008197086,14.609407316135028,14.975875209973546,15.782409323300149,16.43577040882848
臺北市中山區中山北路二段７７巷１２號二樓,25.0573860178969,121.524161026592,25.61000000000001,20.090046189906236,14.98403504076864,17.370323936454394,20.8092506832648,24.094969143508642,26.839999999999964
臺北市中山區中山北路二段７７巷１２號五樓,25.0573860178969,121.524161026592,24.05999999999996,18.42647007545945,10.39585754125025,17.407902685017852,19.23291593129765,25.023985498500075,25.61000000000001
臺北市中山區中山北路二段７７巷２９號八樓之２,25.0575599842973,121.524474006856,6.699999999999997,6.566511704772964,5.414472968675684,6.042309026098165,7.155703817484209,8.466367305298618,9.175435900970356
臺北市中山區伊通街８７巷１０號,25.0527820061207,121.535706008568,22.999999999999968,17.417630489600295,12.908292232915759,14.914773607266214,20.04085423606916,24.24540655245547,26.48000000000003
臺北市中山區北安路６０８巷４弄６之１號,25.0813849992498,121.549308999232,23.200000000000035,26.55346958622008,10.225318360968354,15.68000000000002,27.18497286217261,33.339957881241475,42.64504660567278
臺北市中山區南京東路一段１３２巷１８號九樓之３,25.050979980757,121.526923031326,24.99999999999996,22.79417200861447,19.430334576913456,21.40270046350463,23.29748035061807,25.85562035750737,31.27770747840581
臺北市中山區南京東路三段１１８號十二樓之１,25.0516289915199,121.540315971496,19.599999999999987,15.7469166656369,9.77098324941596,14.864336030603619,15.670915228200768,18.61523953775079,22.560757623321088
臺北市中山區南京東路三段２２３巷１０號二樓,25.0529519911171,121.543408223215,29.499999999999964,25.345368215906213,17.779752801034565,23.78256567427642,25.56277324258626,32.91780100162406,38.82906254124681
臺北市中山區南京東路二段１０８號六樓之２１,25.0518390001039,121.532169013066,35.00000000000001,25.369609745497826,13.77000000000002,21.016756995532923,27.1687665225254,28.06870135913231,31.62371323716712
臺北市中山區合江街６９之１號四樓之１,25.058518423538,121.539250606838,33.000000000000014,27.35312690091353,25.488498522055558,27.50561075202206,33.84358226078063,35.95657696562167,37.43501455443004
臺北市中山區合江街８３巷１７號,25.0591916893885,121.540041631805,22.999999999999968,15.948361033591475,13.557950236785754,13.967614880990862,17.212367227722915,21.62582525585232,24.073390716137876
臺北市中山區吉林路２５４號五樓,25.0599196157697,121.530128103462,22.999999999999968,19.651152494528475,12.518731028097971,16.120982663833548,17.329839764334903,21.652255966213644,30.662012367933766
臺北市中山區吉林路４４７巷１２號三樓,25.067302018901,121.531064026771,19.000000000000014,16.580790845941515,14.332534627594264,15.349638355372825,16.6856939386677,18.879594156041755,21.336610686166775
臺北市中山區天祥路１６號六樓,25.0609372207247,121.520943297782,26.60000000000002,20.00788222036071,15.497695098526497,17.310924263584962,19.386889245750393,22.724208545875864,23.6190867855459
臺北市中山區天祥路８０號八樓之３,25.0639659795277,121.520528980308,15.300000000000015,13.089674577703072,9.263883440346511,10.124228365658285,14.09607555066576,16.33868224816664,18.311334094647563
臺北市中山區天祥路８０號四樓之３,25.0639659795277,121.520528980308,16.679999999999996,14.19847405672503,8.388985650915572,10.566999287010281,13.78784340962443,17.8,30.499999999999947
臺北市中山區天祥路８２號八樓,25.0640990003311,121.5204950336,17.49999999999999,11.662381000256339,5.5579646446532625,8.951833644440143,13.653281181983976,15.076084485274347,21.305505509655436
臺北市中山區天祥路８６巷６弄１０號四樓,25.0638765027113,121.519945683666,10.350000000000003,10.567629137381026,6.099464874120497,12.303005384040402,13.127444335787276,13.671985610515454,16.99005713598506
臺北市中山區安東街１６巷１８弄４號三樓,25.0451629818627,121.540720985057,22.700000000000042,18.712044756557905,14.556383377491981,15.89862572671845,17.877433376209765,21.391269929032685,23.764642912086273
臺北市中山區安東街１９號三樓之５、三樓之６,25.0451709865803,121.542384038466,19.000000000000014,10.463421401907649,9.090016039088892,9.68086155491788,10.571473753867247,13.879662955790646,16.12144995382941
臺北市中山區建國北路二段３５號七樓之６,25.0552930147645,121.53726495874,21.799999999999972,16.295246794948962,13.064304520706798,14.543229833060126,15.855506204563545,18.954492859047708,24.107154309565985
臺北市中山區建國北路二段３５號十二樓之７,25.0552930147645,121.53726495874,12.600000000000014,11.557253502126123,8.999999999999998,9.758073580374353,11.387969478697146,13.647540993199899,15.530025912131393
臺北市中山區建國北路二段８５號十三樓,25.0583869847741,121.537370989815,24.050000000000022,24.62419325993372,19.304981779218245,21.065010084542603,25.618474355563464,29.471721234690296,32.759339549978264
臺北市中山區復興北路３５６之１號八樓,25.0603680056801,121.543958998073,39.99999999999998,28.115456320102087,25.3761641509677,28.843810417486186,32.27847580044633,34.9479968310163,39.29516950561435
臺北市中山區德惠街１２號九樓之５,25.0665619806696,121.52375601303,19.200000000000028,23.05083654728269,17.39890820892023,19.917494265684297,21.991149819144926,25.891856399692458,30.690972614109214
臺北市中山區德惠街１２號二樓之５,25.0665619806696,121.52375601303,16.99999999999998,13.266517312352898,10.666510364733824,11.646429932673266,12.95240400410918,16.75376389713389,17.801895327112177
臺北市中山區德惠街１２號四樓之１,25.0665619806696,121.52375601303,23.150000000000002,17.795080752876864,13.334740664049342,16.738301257544755,18.35810294311466,19.76978963869868,21.710069963048827
臺北市中山區敬業三路１６２巷７１號四樓,25.0784660014689,121.559321014937,34.19999999999998,27.064243545193445,23.00235844016117,25.953702201735755,28.92732146456629,33.67778506318976,37.171678998366374
臺北市中山區敬業三路１８８號八樓,25.0783600123033,121.556515005211,35.00000000000001,32.82741464014742,26.78319339582541,28.93480884387974,32.5166771534704,37.30306212269515,45.08000000000004
臺北市中山區新生北路一段１０８之３號二樓之１０,25.0495799933791,121.528256005388,5.400000000000005,4.365715585099139,2.608672704690717,4.074910558681402,4.529250713243361,5.316226731861132,7.395384057575202
臺北市中山區新生北路一段１０８號十樓,25.0495799933791,121.528256005388,9.450000000000012,9.65755219225345,7.987561325816092,9.727263247426606,11.058621605901243,14.164217844083083,14.431287873580471
臺北市中山區新生北路一段１１０號三樓之２,25.0502157188254,121.527928105336,7.500000000000003,8.363222334367615,8.037841193933593,9.016858236197923,9.834877286008515,11.066637970600326,11.859169373819771
臺北市中山區新生北路一段９０號十三樓之１,25.0477640121466,121.529611023855,15.000000000000007,17.812255220863488,12.984578841508698,17.347381331315344,17.389652095427305,21.294130646729855,25.247217036932163
臺北市中山區新生北路三段４３號三樓之１２,25.0654069963216,121.528041009571,12.029999999999996,11.099182847995033,8.29712428375731,9.7015728779252,11.637125395322473,15.297023805155389,17.085752211370373
臺北市中山區新生北路三段７號十二樓之２,25.0633269851391,121.527990969609,28.560000000000024,21.703812418157245,10.97981184447931,15.477820391901272,21.780476175926292,28.81604723290619,33.22806068604075
臺北市中山區新生北路二段１３３巷１２號二樓之１０,25.0607759948172,121.52826103453,6.7900000000000045,6.018250623162067,3.6094273784133817,4.841206535950685,5.77795265362992,7.690836864809075,10.199999999999985
臺北市中山區新生北路二段１３７巷１７號三樓,25.0613810005884,121.528417021748,13.000000000000012,12.49468607097796,8.2792047280871,9.72298174882533,11.081558417298822,12.462455746779058,14.372182892278957
臺北市中山區新生北路二段６８巷１５號二樓之３,25.0565090193676,121.526131025295,10.549999999999999,13.13752229974465,10.996345204375716,12.076722945875147,14.773234223651246,16.908204071144446,18.257216165356088
臺北市中山區松江路１３３巷５０號七樓之４,25.054315014302,121.534684422209,12.499999999999986,9.995245098679627,7.912729219690127,8.971925777331892,11.09439885754596,11.179701623168816,13.351338248182746
臺北市中山區松江路１８８巷２號四樓之３,25.0567276194025,121.532552988051,20.860000000000017,13.895667862648988,11.427339950428866,12.357235833231185,13.57702079009015,16.111517648947906,16.675299608622396
臺北市中山區松江路２２１巷７號六樓,25.058454081909,121.534559028938,43.000000000000014,43.77204432163141,27.945103670878908,36.258427067780396,38.76845492387929,52.50295291423069,58.63821383829459
臺北市中山區松江路４１６號七樓,25.0645579933489,121.533005024089,4.999999999999999,22.454145135111318,18.220889349202896,19.337193460002084,22.34401506150658,25.710491662837597,31.999999999999957
臺北市中山區林森北路１０２號十二樓之１,25.0507309963232,121.524835015426,8.999999999999998,9.89556049507171,7.365070746060651,8.794424783377464,10.269869374697262,12.600000000000014,12.600000000000014
臺北市中山區林森北路１０７巷４３號四樓之５,25.0501020183089,121.526453980024,8.5,8.212908289634301,7.652427688400356,8.462832630611729,9.34812283108701,11.009256651714205,11.771002551823328
臺北市中山區林森北路１１９巷３８號二樓之２,25.0503220013577,121.526532015543,12.799999999999976,16.656507758498517,12.096639778247413,14.796503151461389,16.89999999999998,18.180482069381267,21.950645471541105
臺北市中山區林森北路１１９巷８１號二樓之３,25.0503499969143,121.5277390096,10.199999999999985,7.749050388583523,6.7316997710987145,7.484166187180274,8.422442337257475,10.04810315278715,11.619135256412973
臺北市中山區林森北路１３８巷３８號六樓之１,25.0516450009549,121.524080979416,5.130000000000001,6.75808917160056,4.3468191457431455,5.473214821849433,6.610051103141362,8.04335963278775,8.82499999999999
臺北市中山區林森北路１４７號七樓之３,25.0515069929191,121.525348993729,6.0,5.370980938263928,3.006452186438316,4.617358552246077,5.461500557543594,6.379516985719648,8.977189605606661
臺北市中山區林森北路２８６號七樓之４,25.0557124032899,121.525357878546,13.600000000000009,10.943056044804827,8.474160797738222,9.175423043823061,10.110052808118754,14.069852510974258,17.73706000433035
臺北市中山區林森北路４１３號十三樓之１１,25.0597619940805,121.52570899647,10.499999999999995,12.144532141903198,9.943080048320116,10.967512447349499,12.298343828780908,14.517425235694784,19.299999999999986
臺北市中山區林森北路５８７號十二樓之６,25.0660249940427,121.525832964818,30.499999999999947,28.224070427494677,24.73235839597835,26.371133847517765,29.590541824511273,32.513149143842156,39.58969275496269
臺北市中山區林森北路６７巷１３２號五樓之２,25.0476889941132,121.528558005359,22.500000000000004,21.82522120404003,16.34229260313951,18.256350122849113,21.318848857420242,26.373726324530526,28.500000000000025
臺北市中山區林森北路８５巷９０號三樓之８,25.0490060006497,121.52798401263,9.400000000000015,6.664060734033173,4.883616590333998,5.446872096923005,6.017597591124622,7.520690428949476,9.840751781609146
臺北市中山區民族東路４１０巷２３弄１２號五樓,25.0667349831512,121.539013004647,16.99999999999998,15.701266170940194,13.436900566224791,15.97160636007094,16.445296513677143,18.68643146916209,19.791806969765663
臺北市中山區民權東路一段７巷１１號四樓之１、四樓之５,25.0634929049125,121.523240358347,2.4999999999999996,2.270359587816178,1.1471007036102094,2.073318407038081,2.5563819144400406,2.7509202074223356,4.457291316331425
臺北市中山區民權東路一段７２號十一樓,25.0625157845498,121.52518269677,9.750000000000005,9.538734061786554,6.960000000000005,7.800000000000005,10.152972930199066,11.32169663986194,12.427987053941571
臺北市中山區民權東路二段１５２巷２２弄１５號四樓,25.0608000089698,121.535499981388,13.395300000000018,13.500239883001477,7.326659098747065,12.82529176751729,14.008505021420417,16.342264601337416,19.23993932694438
臺北市中山區民生東路一段２５號八樓之１６,25.0581960031102,121.52431701381,8.000000000000002,7.943148526861954,4.317522204292139,6.960000000000005,8.614003100263174,9.637740811127523,11.770449877113325
臺北市中山區民生東路二段１４７巷１１弄２４號三樓,25.0598399876896,121.535878005221,21.500000000000007,17.376819485763036,14.219662981348106,15.412739961867429,17.939668247443148,22.600000000000033,35.00000000000001
臺北市中山區民生東路二段８３號四樓之５６,25.0581229967336,121.530731013758,11.230000000000016,8.720766643215102,7.006521561737254,7.384900749073506,8.327635968070213,11.097212921028184,13.838135781961162
臺北市中山區農安街１０之１號十樓,25.0648400024813,121.523610000277,15.379999999999987,14.582959360255087,11.752527765062837,13.00986520782728,13.339779569801445,15.538133322296654,16.91323760634956
臺北市中山區通北街６５巷２弄６號六樓,25.0829540077052,121.539564030962,30.000000000000057,32.34394634068874,20.332903751408924,26.99938488249814,30.78653514596054,32.77214655672107,42.25978048055801
臺北市中山區遼寧街２２３號四樓之１,25.0555600202901,121.542299967977,25.599999999999966,15.403588771875711,12.122215929310467,14.516746081301157,15.333155149669611,21.05976246240379,23.5854205732537
臺北市中山區長安東路一段３０巷３弄２５號,25.0475869863516,121.527683018487,11.50000000000002,7.128124225122408,4.07993366001548,5.631349834789807,6.999999999999995,8.89574813339422,12.499999999999986
臺北市中山區長安東路一段５６巷１弄１２號六樓,25.0474910135602,121.529266024721,32.80000000000005,23.839794092649157,20.94419886853003,22.000000000000004,23.361611628308946,28.003706021542595,30.768416388376064
臺北市中山區長安東路二段８１號十二樓之５,25.0485429843183,121.534551988139,16.180000000000003,15.435209566948377,9.479552723410643,11.449026010460056,17.124027496149825,21.172858443594667,22.626975051915334
臺北市中山區長春路４１０號九樓之３,25.0544160162352,121.543750037227,9.900000000000015,8.082429287656558,6.597196069844087,7.97887279040125,8.80512937687083,10.61872920188064,11.498869609697659
臺北市中山區雙城街１３巷９號四樓之５,25.0641720067077,121.524850019033,42.79999999999994,38.50645991729505,26.14199215578305,36.53134033479218,38.37581473918138,41.070698623485065,48.57667615492757
臺北市中山區雙城街１９巷８號七樓之１５,25.0653279968842,121.524851024861,8.800000000000006,12.794986988415275,9.839265511299487,10.8,12.806974297705883,15.09512282077316,17.033722157206345
臺北市中山區雙城街１９巷８號六樓之１８,25.0653279968842,121.524851024861,10.320000000000011,14.634431140042697,12.871016137849702,13.717285385608236,15.205366230386314,16.755160329706385,18.06986802159575
臺北市中山區龍江路３７７巷１８號二樓,25.0647009886171,121.542058988261,24.599999999999977,23.861617261548787,17.264278326335567,18.494146215826955,20.199770012997526,26.32988473482437,30.04289331753918
臺北市中山區龍江路４１２巷４６號五樓,25.0674730097258,121.539045023517,9.999999999999998,19.421561800504236,15.495987457311946,16.802538730197426,19.385237540640087,20.147731618523018,27.750000000000025
臺北市中山區龍江路４１５巷２１號四樓,25.0664510042716,121.542547988492,15.229999999999997,17.067078753948184,14.982723847170607,16.20465203774327,17.232839572801854,18.24276787914299,20.07331650405756
臺北市中正區信義路二段２５９號十三樓之３,25.0338819879265,121.531611029772,30.499999999999947,14.52170929623927,11.265296848948076,12.33983470804381,13.174451082915503,15.839651795245906,19.26409938675529
臺北市中正區八德路一段４３巷１０號三樓,25.0444990094027,121.531501981212,21.47999999999998,20.479463669998186,12.239999999999979,15.881641120587556,17.711096957278624,24.057917809692672,27.82928287582779
臺北市中正區南昌路一段１４５號七樓,25.0295399944436,121.518706000186,44.599999999999916,34.70334358657961,22.82626427470315,29.368054433308533,33.29278973633169,35.680965460630276,43.816387303303785
臺北市中正區同安街６６號四樓,25.0231259944956,121.520884037726,22.200000000000003,21.01270887393923,17.03412108464469,18.902840963606263,23.715810710202387,25.683815372962325,28.56762600877469
臺北市中正區和平西路一段１０１號三樓,25.0270651956215,121.517344527653,68.99999999999996,40.78089118154356,30.279999999999983,36.288150402267576,42.045563706051574,48.9767813790827,58.612744212593796
臺北市中正區和平西路二段２２號三樓之１,25.0281219859738,121.513477033709,19.55000000000001,22.186161555558478,14.315412971129307,18.87894064824611,21.42570201294292,26.722118896568542,31.780635127359382
臺北市中正區和平西路二段９號四樓,25.02809202067,121.514225034748,34.4,21.35073430958866,12.357150012554401,14.99457005742171,24.79250075492368,30.1656082713456,49.979999999999954
臺北市中正區廈門街１２３巷１２號,25.0229190033967,121.51823300939,22.100000000000016,19.032923845678297,15.937495388487063,16.968651958567694,23.57951323025635,26.59434776893948,31.195669917755858
臺北市中正區廈門街７１巷１２之３號三樓,25.0247480184886,121.518696025721,14.580000000000028,14.28240840475141,10.564163328958472,11.32293872334628,12.369316876852986,13.703183168742841,16.590414287555962
臺北市中正區廈門街８１巷６號六樓,25.0244430010321,121.517800000272,19.380000000000006,25.092745464848644,17.422905295674486,22.272906557493595,26.74224436938977,28.28063871300466,34.557181021706505
臺北市中正區延平南路１５０號九樓之１,25.0386160030209,121.508461973401,67.0000000000001,50.2434644740087,18.05489269795581,23.159196234221046,52.37941135999639,63.73443869469456,65.33630215766465
臺北市中正區愛國東路７４巷２５號五樓之５,25.0331259821696,121.519005988501,15.900000000000025,9.936961781035016,7.176548027289925,8.245556414496441,9.754609796044646,11.869285721791542,15.699999999999976
臺北市中正區晉江街１７３號二樓之１,25.0211759866314,121.526798979159,13.750000000000025,12.259404851151862,10.549999999999999,11.563672763977793,12.39163362949444,13.120740645014095,13.909998988913342
臺北市中正區晉江街１７３號二樓之２,25.0211759866314,121.526798979159,13.499999999999993,12.542153210166683,10.080074486831863,11.679311813754726,12.52306935013987,13.378866942265985,15.378708652380086
臺北市中正區水源路１１１號九樓之１,25.0215970096279,121.51843467798,24.99999999999996,27.679295853639037,22.000000000000004,23.550000000000022,28.16616465034405,31.496670030776347,36.978615441901034
臺北市中正區水源路３７之２號十二樓之１,25.0186032033612,121.523945192585,46.99999999999997,41.53980557841895,34.95871495293365,37.16131594027349,42.056145541231125,47.60000000000003,47.60000000000003
臺北市中正區汀州路一段１９８巷４號四樓,25.0279900129083,121.508982992502,1.4686020000000009,2.1983430114459717,1.5728907956502969,1.9815477150970793,2.417894856876671,2.5793930765505064,2.9558078421981375
臺北市中正區汀州路二段２４４號二樓,25.0216649868627,121.524539972434,22.600000000000033,18.552525343601243,13.481914511160086,15.198684153570674,17.334130655279797,21.400996915266525,23.64249969304377
臺北市中正區汀州路二段８５號十八樓之３,25.0254909903861,121.517660022489,50.29999999999997,37.84553127419922,28.86627096396437,34.88578680142259,36.55337709564719,45.58891568496318,51.67032417161708
臺北市中正區濟南路二段１５號六樓之５,25.041315017753,121.527671032365,15.300000000000015,14.909697182035794,10.233999646572055,13.386228121358718,14.832969073520616,17.13393875718688,19.703769785421304
臺北市中正區羅斯福路二段７０號九樓之７,25.0272340071514,121.52203504067,19.49999999999998,8.995258423591938,4.295857951967396,5.585084507186077,10.603232254117627,12.97027606168581,17.164669600224858
臺北市中正區臨沂街３巷１號三樓,25.0434210128353,121.530964030666,43.55999999999997,30.004092749557262,13.431502948359308,18.847896953799268,25.054942439938728,34.462476027941264,35.35982103793917
臺北市中正區臨沂街７１巷１９弄１０號三樓,25.0358519866298,121.530059958589,33.5,24.26335192170109,16.79999999999998,23.37255818300145,25.005441907203615,28.825991764249405,34.53785118351922
臺北市中正區臨沂街７１巷３１號五樓,25.0354499905535,121.530251987991,54.879999999999974,34.80406776304084,27.20578549409235,36.911015269257156,39.41284799016753,43.05713269055,50.7218562008462
臺北市中正區重慶南路三段６５巷４弄１４號三樓,25.0263360119547,121.516891988701,17.700000000000006,17.786784696837767,12.473813765240093,14.484532598872445,17.721271160436768,22.051735396474555,28.673335365956376
臺北市中正區青島東路２３號五樓之７,25.0435350067185,121.524286000768,33.20000000000004,28.380318670536674,22.943886673241224,27.37058333430219,31.352693847731718,34.90679706227731,37.15937111219604
臺北市中正區青島東路９號四樓之５,25.0437938817981,121.522657396981,11.050000000000013,10.62337086182365,6.7308193427541845,8.699999999999994,10.585412919026925,13.277069731783818,16.471284960800347
臺北市信義區中坡北路１５巷２１號七樓,25.0446070102251,121.580205029613,31.999999999999957,27.354680844992117,13.084706389059182,22.642911596955216,29.55074193473718,35.61913173092508,36.875102418854254
臺北市信義區中坡南路１２巷５號,25.0433500181154,121.582203023872,35.49999999999995,20.666153217225407,16.671517647181798,17.281255851874207,19.68114719637637,22.839485533814237,28.628603658737603
臺北市信義區中坡南路２７７號二樓,25.0387620157743,121.584251980104,13.499999999999993,15.522147347687334,12.786609689869293,13.85791593897864,15.692845257098439,19.34035990571021,22.000000000000004
臺北市信義區信義路五段１１５號五樓之５,25.0333499890854,121.573914888983,19.799999999999986,18.250788605863505,14.825073569086552,17.0934162904695,19.256767308500862,22.000000000000004,26.60000000000002
臺北市信義區信義路五段１１９號十四樓之２,25.0333499890854,121.573914888983,31.999999999999957,22.77040255946071,16.162463240413086,18.4697610700335,22.270847235567743,30.499999999999947,36.48000000000004
臺北市信義區信義路五段９１巷１２弄１號三樓之３,25.0337265874416,121.571400929974,29.280000000000022,20.308790200706557,13.249999999999993,18.984023380380208,20.476435164702508,24.651608006753396,29.46780461028976
臺北市信義區信義路五段９１巷１２弄１號二樓之７,25.0337265874416,121.571400929974,16.679999999999996,18.374386575850515,9.266394278179938,12.866322427484972,18.13244192041408,22.81805640544587,29.85636782863121
臺北市信義區信義路六段２１號五樓,25.0345252989952,121.575630186859,27.500000000000018,24.292813905405538,18.061853175575294,23.211348305562733,30.00065850645325,32.52869440621813,37.3001309801963
臺北市信義區光復南路４１７巷１８７號二樓,25.0369089865298,121.560075972956,28.99999999999995,19.158979164789727,15.622887583159525,17.73345020152255,20.079887296067294,23.392941055096696,25.104709621496912
臺北市信義區吳興街１５６巷１６弄５號六樓之１,25.0288289995067,121.560858004522,18.099999999999977,11.725741744301848,9.047361461278197,10.300093822479035,11.950818981311066,14.421673793267468,16.200000000000024
臺北市信義區吳興街１５６巷２２弄１７號,25.0287839886866,121.560261967387,25.25,19.098676339475226,15.253126772328265,16.579335570970002,20.83346789729883,22.999999999999968,24.000000000000004
臺北市信義區吳興街２８４巷２７弄１號五樓,25.0231580133658,121.56363702452,20.20000000000004,16.876804341061302,13.60673249317931,15.307571309384041,17.00738611149756,17.74985251515126,21.604769399724606
臺北市信義區吳興街２８４巷５之７號三樓,25.0255150045387,121.563999960927,19.649999999999984,18.331018640457398,15.874885895138709,17.87102136248176,19.239699292047018,20.792655144970368,22.770866622014196
臺北市信義區吳興街３５０巷１１號五樓,25.0253000087223,121.565972977116,18.700000000000035,17.02583282944998,12.559857710700479,15.270149464016596,17.223207293754555,19.57188811493979,20.05216681287713
臺北市信義區吳興街４３２巷１３６號四樓,25.0227770139569,121.567454981416,14.000000000000009,18.997286244446247,13.413202195484605,15.624014850614305,17.37801151190678,23.03483383328937,28.30193090729156
臺北市信義區吳興街６００巷１００弄１８號二樓,25.0175650208339,121.572149014833,14.800000000000004,19.887923470823758,15.221456885784766,17.310924263584962,18.80917300431993,23.126027693138514,23.407094208944795
臺北市信義區吳興街６００巷５６號二樓,25.0202999939305,121.569823958711,17.49999999999999,14.201506762953162,8.733340335347542,15.97160636007094,16.872345246685942,18.81059453553307,21.9709611277446
臺北市信義區吳興街６００巷７６弄１０５號二樓,25.0178810185836,121.569765033931,15.10000000000003,17.63245078700994,15.718364083913919,17.22249878316062,19.367543093189596,19.403281216263053,22.334178724748632
臺北市信義區吳興街６００巷７６弄１１８號四樓,25.0179979880424,121.569550960124,14.649999999999975,16.276105020910723,13.078655842010468,16.082153129513024,16.52296247608974,17.536440973637845,19.1776842505262
臺北市信義區吳興街６００巷７６弄２２號二樓,25.0183737068523,121.570477998615,16.89999999999998,21.033864539227025,17.493069106120487,19.185602454077653,21.98081229764274,25.327976948491884,27.900000000000038
臺北市信義區吳興街６００巷７６弄３號七樓,25.0186360185121,121.570698023574,33.87999999999999,30.852625092637375,30.902660817644456,31.857207991604543,35.747957801016774,43.30000000000004,45.955735318494476
臺北市信義區和平東路三段３４１巷２５號四樓,25.0211170199426,121.557529969866,20.899999999999967,15.841064504126159,11.637445887796515,13.419112278487177,14.930986415445398,16.14370598713405,18.073593865277157
臺北市信義區和平東路三段４３５巷７弄２３號三樓,25.0194229954013,121.559352027978,17.199999999999985,16.150183820013222,13.45175743971172,15.256079817963919,17.39780323989644,20.117438894420296,21.696267029293452
臺北市信義區嘉興街１７５巷２弄１２號二樓,25.0274000107438,121.557281027342,30.87999999999997,21.225705384047764,14.689603632993808,16.15285430214981,19.121498198206115,22.555693640364634,25.466079466133163
臺北市信義區大道路５５號四樓,25.0414590188495,121.582306037462,14.000000000000009,15.730810005755592,13.022130893870044,14.430200753063216,15.612714177486849,16.60000000000002,22.999999999999968
臺北市信義區大道路７５號二樓,25.0409139855955,121.582560009129,24.679999999999957,19.00493974876899,16.126978392696188,16.879549978025707,19.079990977351528,22.252316353654155,24.599999999999977
臺北市信義區富陽街４４巷１１號五樓,25.0229299836899,121.555985017473,24.18000000000001,21.300653209229722,15.906977477235902,17.979806334784826,21.25433633381276,23.16779836208583,35.79999999999996
臺北市信義區崇德街３８巷１７號二樓,25.0237400108128,121.554341996812,25.099999999999973,18.251678616415443,16.269198232184415,18.88152809722767,21.007862043849315,23.752761431179728,25.68670440706241
臺北市信義區忠孝東路五段４７１號十一樓之１,25.0410190108423,121.577088973288,24.940000000000026,23.234421373746137,15.583864855361078,17.89492464809335,23.896437569825206,26.839999999999964,32.59999999999998
臺北市信義區忠孝東路五段５２４巷４號四樓之１,25.0408789911498,121.579468008866,24.500000000000004,17.85216031142627,13.308555990848232,15.090000000000025,17.400320301245042,20.677180938042373,22.645922694089723
臺北市信義區忠孝東路五段７０３巷１弄３８之１號三樓,25.0425909948734,121.578869960075,26.719999999999985,19.49721475490903,16.742521840744118,17.87022134557412,20.084077240563488,21.697120502192902,23.10000000000003
臺北市信義區忠孝東路五段７１巷３弄１３號二樓,25.041645013281,121.567946999133,30.000000000000057,21.91264395123071,16.208702018356306,17.036719807335484,19.18215240112869,26.61684037106365,35.616920370978555
臺北市信義區忠孝東路五段７８６號五樓,25.0436179875599,121.581717041126,23.299999999999986,15.30102644982136,12.171140516856177,14.699234673954972,15.796167427454527,21.31109480592505,25.689549365113045
臺北市信義區忠孝東路五段７９３號三樓,25.044099988902,121.581621990344,18.16999999999999,12.35184838686627,9.900000000000015,13.191895245078015,13.92416299586045,14.12032464661677,16.112483577034364
臺北市信義區忠孝東路四段５５３巷２０之１號四樓,25.0431330106422,121.562897992117,32.68000000000004,22.87613072947871,16.813373193259046,19.128819721358273,22.51684089945163,28.545668417798442,30.879999999999956
臺北市信義區忠孝東路四段５５３巷２２弄４１號四樓,25.0435889861749,121.563467961533,25.79999999999997,15.474272735298785,12.038463516423668,15.938948192061446,16.232179717473194,18.417898508122104,19.482055690860417
臺北市信義區松仁路２０２巷７號二樓,25.0271889963314,121.567935013011,20.000000000000014,16.25335787256776,11.85803815434061,14.477511712117863,15.931994368815497,19.19950743634007,23.986118298425012
臺北市信義區松山路６５６巷３號三樓,25.0316229812017,121.578017017608,11.63000000000002,14.845521934589213,5.650000000000001,7.954872720540537,15.756078420852118,18.537549667998928,20.394569704410507
臺北市信義區松德路２３３號四樓,25.0347000197669,121.5750120215,24.580000000000013,18.22079736559538,14.79511689684145,16.21218651404397,18.564051425260587,20.500000000000018,24.379999999999963
臺北市信義區松德路２３７號四樓,25.0345850200553,121.5750120215,13.05,21.850227703506988,14.499999999999995,18.577073360155072,22.466060195574293,24.822098233158105,27.9690171664304
臺北市信義區松德路２６號十一樓,25.0392679893595,121.577043962468,34.49999999999998,28.34475666242775,17.54600009335249,22.85074313139179,28.50547911064803,32.39438195863668,34.911854695505184
臺北市信義區林口街２２４號二樓,25.0421850173931,121.581215970954,22.999999999999968,16.716217257833783,14.467226030051883,15.328776218131202,16.23708880579276,18.851035210140342,22.680000000000017
臺北市信義區永吉路１２０巷４３弄７號五樓之１,25.044377010802,121.570654018582,16.40000000000001,14.664111829952512,11.988762206067179,13.037325244673232,15.349294411879871,16.824732091345815,17.26347832724991
臺北市信義區永吉路１２０巷４３弄７號四樓之１,25.044377010802,121.570654018582,18.50000000000003,14.714493115164355,11.865462503015891,14.525193712128686,16.005052639918244,16.891803193533867,17.3794626573635
臺北市信義區永吉路２７８巷４８弄１８號四樓,25.0437608990091,121.573464303079,16.60000000000002,14.529086678165655,11.986657301794674,12.957769349698435,14.539017916938507,16.579769335863393,18.322097427227476
臺北市信義區永吉路３０巷１４５號三樓之１,25.0426070043084,121.5689730279,25.500000000000018,17.70953311670291,9.99718932619014,13.249999999999993,17.902809835060406,20.3849593852779,24.171813938613013
臺北市信義區福德街２３７號三樓,25.0385999935859,121.585443970554,17.07999999999997,13.650988706975332,10.32042057482799,12.303005384040402,13.263209147733438,17.103435211451703,18.614906615949785
臺北市信義區福德街２６０號四樓,25.0388320046658,121.585729039081,16.700000000000024,13.680640332184574,11.133903296542519,12.6890180761187,12.981850349040414,16.03966769910266,18.102948791903128
臺北市信義區福德街２６８巷２９弄８號三樓,25.0398770184442,121.585146999725,20.360000000000035,19.32476845474768,16.52406675424306,17.258405992603997,19.147043863067722,20.79182531669598,23.10000000000003
臺北市信義區莊敬路２３９巷１弄１７號,25.0302519952088,121.562158037704,26.48000000000003,13.225313157520755,7.508092172470933,10.221392997481878,14.53569235005964,17.298320963695442,19.884257609110165
臺北市信義區莊敬路２５４號四樓,25.0291820033589,121.562380996329,36.49999999999996,35.47119279509959,26.763201731212447,31.899108237155524,35.044946655789204,40.70454586011125,48.80213177663611
臺北市信義區莊敬路３９１巷２弄６號五樓,25.0276989932301,121.565884967132,24.39999999999999,21.00876409562095,16.79594592167997,19.716483457807595,22.959943464045654,24.531593922486316,34.43483565942402
臺北市內湖區五分街９１號八樓之１,25.0673269969725,121.615669700138,9.299999999999994,8.034795388476287,6.800000000000001,6.935915025937849,8.288172287806539,8.98965562346504,10.124154996246421
臺北市內湖區內湖路一段１巷９弄１號三樓,25.0854570116314,121.558098011444,5.650000000000001,15.4566460078931,11.426005927442697,12.946541261931847,14.750000641782963,16.11681896737641,19.623974916556183
臺北市內湖區內湖路一段２０３巷１１號四樓,25.0842070184109,121.563655967621,11.29999999999999,10.438476939465563,6.051072428493706,8.919690791229108,9.700472004465022,12.912397455080152,16.213639142868935
臺北市內湖區內湖路一段２８５巷６９弄１３０號三樓,25.0852340949165,121.569009824455,19.299999999999986,17.01637530650142,14.858436859971839,16.00830277589818,17.05102175229002,19.000000000000014,20.000000000000014
臺北市內湖區內湖路一段４１１巷７４弄１５號二樓之３,25.0842299848256,121.571279979111,43.88000000000004,38.04654304788578,28.287653467520826,36.49186656010035,38.276972195388076,40.785688736155876,46.22151845278474
臺北市內湖區內湖路一段９１巷２７號,25.0869180192644,121.562774023769,22.999999999999968,19.25738140786481,17.178034429472696,18.7483332592527,19.04542849651246,20.77040322549287,23.270152556440202
臺北市內湖區內湖路一段９１巷３１號,25.087172996759,121.562825991569,23.750000000000025,18.693837050082703,16.90475435561039,18.59226959495353,20.623742494041295,21.562923941124033,24.885710002954525
臺北市內湖區內湖路三段１９１巷７號四樓,25.0880580000058,121.588589028264,9.999999999999998,17.03859627884866,14.982723847170607,16.12982986393362,16.866282549165867,17.727322297805063,19.613193169307834
臺北市內湖區內湖路三段３９號二樓,25.085501980542,121.592387036231,12.499999999999986,17.178964008085224,13.322405441710817,16.166883842376016,17.862749959597412,19.866491017637248,21.901717442376498
臺北市內湖區內湖路二段１０３巷１１９弄５２號七樓,25.0843039970306,121.581809996433,22.819999999999997,24.81993972246216,18.637273862132172,20.865926396173723,25.4410342053036,32.298262426786636,36.338657665557726
臺北市內湖區內湖路二段２３５巷１６號五樓之２,25.0821461826233,121.589146242988,49.879999999999924,35.344897464595654,29.452229021867083,31.872334288384415,35.4266429457739,42.59734994144613,66.41999999999994
臺北市內湖區安康路３５０號七樓之１,25.0659130118163,121.612135973578,16.99999999999998,18.48960858006897,9.691101946331624,16.980890710275997,20.11351627831017,22.42806488805282,25.159984568272982
臺北市內湖區安康路４３４巷２０弄５８號五樓,25.0667410181215,121.616084017612,33.5,39.07456885110595,32.026102969939885,35.76296427863539,41.5558371771497,47.82862145546232,66.41999999999994
臺北市內湖區安泰街８９號二樓之１,25.0766892056338,121.616863199331,26.2,35.34289539112238,24.83989121651348,25.69370818033668,37.094528563784806,41.88863497646402,50.594095406199
臺北市內湖區康寧路一段１５６巷３２弄２１號二樓,25.0774766854371,121.59410289563,15.399999999999995,14.540151283100963,11.456321651000179,11.710586455255877,12.376487028593388,13.316602776078271,15.941990131123967
臺北市內湖區康寧路一段１９５巷２弄２號三樓,25.0786589947895,121.596701034157,21.500000000000007,18.27759136324635,13.296304455757332,13.375913374086299,16.675798732373522,22.35112489643172,27.398481591169986
臺北市內湖區康寧路一段１９５巷３弄５號五樓,25.0790490047443,121.59704703912,5.6249999999999964,6.026892477229471,2.950000000000002,3.4999999999999996,5.8855259680036465,6.7446216778283965,10.686210270515188
臺北市內湖區康寧路三段１６５巷１４弄１７號四樓,25.0705490005531,121.612232030189,20.999999999999982,17.224890386545873,11.863655469833805,16.878877119410443,18.110620512668234,19.257111874302897,25.493962884050063
臺北市內湖區康寧路三段１６５巷２５弄２２號二樓,25.0720116845667,121.611781502893,4.999999999999999,8.50113795454926,4.508105300666749,6.10062615866572,6.999999999999995,8.30019170098254,12.670921773465333
臺北市內湖區康寧路三段１８９巷１５７弄２６號三樓,25.0747979968203,121.611627024418,15.000000000000007,17.31936557813425,15.53359599887362,16.517371033992195,18.9138424250449,19.185950413649724,20.259560298525432
臺北市內湖區康寧路三段２５號七樓,25.0728170178238,121.607299028713,37.300000000000075,29.58687934357746,24.79136180925848,28.741966922310787,34.68286034852393,40.46879102720972,41.79669103437794
臺北市內湖區康寧路三段５２號三樓,25.0717570004388,121.608830989156,22.000000000000004,16.586117455439158,13.000000000000012,16.327553321512557,16.832039365445866,18.407488653162837,19.883872103975413
臺北市內湖區康寧路三段７５巷２４弄５１之１號,25.0741880038167,121.610099003469,11.800000000000017,7.620599919246315,4.000000000000001,5.173400158246022,8.674198010434665,9.726665492231188,10.715684522615385
臺北市內湖區康樂街１３６巷１５弄２０號五樓,25.0724169914948,121.618188964957,11.900000000000022,16.859198276239628,11.973001281109077,13.496334490929957,14.64455795222734,15.366125165071535,18.409302778317272
臺北市內湖區康樂街１３６巷２號五樓,25.0718395202755,121.619088259348,1.6599999999999997,4.156801555107449,1.9497490230663652,2.65235531346072,4.520851841082462,5.657500000000001,8.000000000000002
臺北市內湖區康樂街１３６巷２９弄４７號五樓,25.0731400144627,121.617924012997,17.49999999999999,15.806054886905303,12.966382687812398,15.972645165262882,16.449553033127167,19.456772753935567,21.963606261267735
臺北市內湖區康樂街１５１巷９之１號,25.0717749796211,121.6198940117,16.500000000000014,12.69139526372219,8.004098828869436,12.030581422174572,12.838868470108505,17.568665943875594,23.039547857812444
臺北市內湖區康樂街１８６巷１弄１３號五樓,25.0763880019432,121.620833036313,16.29999999999999,22.141062177550484,12.084067696661126,20.94790376329505,22.80505478796453,25.531785981044276,28.586825659857485
臺北市內湖區康樂街２０巷１４弄５號三樓,25.0684600207342,121.617156985038,17.199999999999985,17.6893013868406,15.18684474363543,18.574361348768804,21.161167984130778,23.969540305331872,24.967580975779885
臺北市內湖區康樂街６１巷１２弄８號五樓,25.0687799998879,121.618892038995,14.549999999999986,15.589210841393314,11.986657301794674,14.010882444830816,16.120311744331236,20.38155251267599,21.814356045117812
臺北市內湖區成功路三段８８號二樓,25.0786120142222,121.589377010981,18.099999999999977,15.955747140751757,7.907140963690164,11.236875604749113,16.772004371761074,19.237036667648596,24.9055491936961
臺北市內湖區成功路二段２５０巷１２弄７號,25.0657400093347,121.589636011789,4.000000000000001,7.796070902396824,4.589053106976511,6.060445560750867,7.2747211452939355,9.988085807863815,16.749999999999982
臺北市內湖區成功路二段３１２巷１９號五樓,25.0672669825457,121.589564011241,17.8,16.99367389490914,12.193278702860745,14.962224863751606,16.08051847414227,18.568195343357985,20.0299646160228
臺北市內湖區成功路二段４２６巷６６之１號四樓,25.0700120139262,121.58795996643,5.500000000000002,8.069102204269376,5.506458975404673,6.8875300907472345,7.838469606998578,10.211004523481343,13.000000000000012
臺北市內湖區成功路五段４２０巷１１號十二樓,25.0753059820623,121.607786017287,22.06000000000004,15.039668079042945,9.352379307907658,12.25724275683566,15.765276085973033,18.29392922128573,20.626676891691716
臺北市內湖區成功路五段４５０巷９號四樓,25.0736650149681,121.606853027645,47.20000000000002,40.652544536187676,25.708824643248953,36.77443815893417,39.00693692437303,47.9490864437688,52.84686556797796
臺北市內湖區成功路四段１６７巷６弄４號四樓,25.0834769965538,121.594912838934,20.000000000000014,21.870410922648723,13.956856844545614,17.788490415734305,19.577010946946483,21.555766814926756,23.7715444079156
臺北市內湖區成功路四段３０巷１６號七樓,25.0823189947206,121.591467960547,16.00000000000003,14.90158378614262,12.229983936586782,14.353026123257276,15.3719709728096,17.72669495444302,22.52250408610874
臺北市內湖區文德路１７１巷５號四樓,25.0792259886298,121.585412035503,12.000000000000005,17.873686459427606,15.821465900621272,16.419999999999995,17.666357091635792,19.266655164694342,20.177930826284594
臺北市內湖區文德路２１０巷３０弄１０２號四樓,25.076408705244,121.584603684761,32.49999999999996,31.577920389512,24.029580372199142,27.01380940116232,30.11246587165123,34.16026782926537,38.0803942621282
臺北市內湖區文湖街２１巷９８弄６號二樓之３,25.0905910111454,121.560104974341,11.00000000000001,13.875161225667352,11.276912517662073,12.515497656562447,14.088092721848232,19.669724460713883,21.28000000000001
臺北市內湖區新明路３８０巷６弄７號,25.0554930069742,121.579737989968,21.70000000000001,19.881757262143985,17.906938400249395,20.353330291195512,21.876713228636834,23.226494448945438,24.376799795408306
臺北市內湖區新明路４５８號五樓之２,25.0536279916082,121.57872403114,12.680000000000003,21.660585946434132,15.041313412897734,17.99999999999999,21.658454941456004,23.926167900020697,25.897623805116396
臺北市內湖區新豐街１０６號六樓之１,25.0607800181307,121.58476998172,42.87999999999993,36.22720027420861,29.779173255851738,31.906181071466083,38.778492600025636,41.69574633433541,43.917031558581584
臺北市內湖區星雲街１３１號六樓之３,25.0809669937384,121.595856976507,22.000000000000004,20.11561104813527,12.240216038990937,14.864678317991139,19.015743213153147,26.934994445223257,29.933481572918822
臺北市內湖區星雲街１３１號四樓之１,25.0809669937384,121.595856976507,43.30000000000004,27.235907351529853,24.28496026105596,27.260061011613402,29.109142112716686,30.839588384111423,36.67454225872032
臺北市內湖區星雲街１５０巷１４號六樓,25.0797615084237,121.595829567684,32.49999999999996,32.34394634068874,21.30078014889063,28.314435847257226,34.237027412266144,38.9896935114996,43.51651409651515
臺北市內湖區星雲街１６３號十一樓之７,25.0812599831639,121.596442033349,10.8,9.540775840567653,8.12618329540838,8.906465522384797,9.805100713404238,10.746051139253353,12.223199598080718
臺北市內湖區星雲街１６８巷３７號,25.0800889893808,121.597329006343,15.000000000000007,10.990463945544828,7.151983949243315,10.063752853385243,11.49912598573449,15.016409427724248,17.99279538161222
臺北市內湖區東湖路１１３巷４９弄２９之１號,25.0698419870203,121.615149016313,33.000000000000014,30.212667606774847,21.367634798463403,34.52048184567847,34.7784963252642,35.49532878272298,47.69854277750154
臺北市內湖區東湖路１１３巷４９弄２９號二樓之３,25.0698419870203,121.615149016313,23.58000000000002,27.25755152374678,22.215311679216388,24.6478514305672,25.97303206472095,28.742206606939494,31.925848079225137
臺北市內湖區東湖路１１３巷９５弄１０４號四樓,25.0736599858262,121.615119009099,27.999999999999986,46.4678822719497,29.436006799018458,42.65549520186593,48.07481930651953,53.757107789567435,62.68755259899609
臺北市內湖區民權東路六段１３６巷３０號三樓,25.0678560207914,121.587626031408,22.97999999999996,23.752250087164775,19.871689583242787,20.507273711808324,24.623703725969733,27.322621266448795,29.844883319295477
臺北市內湖區民權東路六段１３６巷４４號三樓,25.0667929859212,121.58762502558,2.48,3.722679562108292,1.9590852669216798,2.659986854770319,4.7122640988181885,6.835551128395877,8.000000000000002
臺北市內湖區民權東路六段１８０巷５４號六樓,25.0669970014445,121.592528019842,38.33,38.45879913556178,31.383837239488457,36.32625966901052,38.47028563069173,40.767121356822344,44.653297595109684
臺北市內湖區民權東路六段１８０巷９６號六樓,25.0656628958255,121.592336241897,43.000000000000014,39.38490940193939,29.713514421727076,34.71737204666866,40.64902530884798,52.2197717412042,60.144658634896615
臺北市內湖區民權東路六段１９１巷５６號二樓,25.069326583794,121.598533904924,24.899999999999977,23.54026624612179,15.081725739276187,20.331866159669488,21.871042356951396,26.025615318801524,29.26622067619108
臺北市內湖區民權東路六段２１０巷２１弄９號四樓之１,25.0668620108938,121.598093016817,18.299999999999986,18.040747344852193,13.882985709360185,15.777235138941142,17.365880213583683,22.401381743346153,30.499999999999947
臺北市內湖區民權東路六段２９６巷６０號二樓,25.0708110188464,121.60831298754,21.400000000000016,20.807962725721897,15.207511837565297,21.140135220794413,23.23424959858812,25.50390747211593,27.331425255699987
臺北市內湖區民權東路六段４１５號三樓之１,25.070675483472,121.603543181719,34.08000000000004,37.68009156769932,31.832633409242487,35.83371317628136,38.41288230350741,41.14750566852197,46.44517839665642
臺北市內湖區民權東路六段９０巷６弄８號三樓,25.0684640021382,121.585653015219,19.000000000000014,17.4517946483448,15.226884213856025,17.193093986004264,19.360000000000003,20.13499394674548,20.761777308725353
臺北市內湖區江南街１１１號三樓之６,25.0764509919456,121.576248016942,15.000000000000007,18.172220656034018,11.619937344574815,17.062478521009425,20.41018954000706,23.396889747779763,25.17315134521407
臺北市內湖區環山路一段１３６巷１２弄１０號三樓,25.0872900081274,121.568094017714,9.900000000000015,14.635179707267522,12.747925818598587,14.644233418536764,15.868853398429865,16.349117389480426,19.5642238149843
臺北市內湖區環山路二段２６巷２號四樓,25.0861340179509,121.572529972332,6.999999999999995,7.595163318274532,4.120107134271578,5.551042688607899,6.435006422987239,8.168832026336805,10.79478245854377
臺北市內湖區金湖路３２６巷５１號三樓,25.0739419949585,121.604453037309,11.679999999999993,9.358739600083798,7.900000000000006,8.527006801920594,9.294946810371888,10.252051745201758,11.6312981212257
臺北市內湖區金龍路２２２巷２號二樓之１,25.0877689919843,121.58657401874,9.88,8.825768146624505,6.539141620651979,7.769526099821024,9.401800618151194,10.534514701684158,11.50000000000002
臺北市內湖區陽光街１８８號二樓,25.0746169896212,121.580721019572,20.500000000000018,20.307917823090104,12.897739255284678,18.371958327685327,21.970989231781903,24.628737581568505,27.02608148855736
臺北市內湖區陽光街９２巷１４弄６號四樓,25.0754089956523,121.585502979153,14.000000000000009,14.84184692487108,11.426005927442697,13.106074628830024,14.722337764102575,16.498456505303032,18.929082075505818
臺北市北投區中和街３９８巷５弄２號七樓之８,25.1438606880344,121.498676101444,7.58,14.506307871939628,7.276726391347261,8.993328388956051,14.19336414283974,18.049556662820454,23.141787377815582
臺北市北投區中和街４９３巷９弄１５號二樓,25.1438209997229,121.495197024893,2.4999999999999996,4.826778579790921,3.000000000000001,4.500000000000002,4.877126069438734,5.603984453040688,6.3361028712935985
臺北市北投區中和街５０２巷１３弄５號一樓,25.1473799977207,121.494127996962,4.000000000000001,8.386904868422675,5.123024427007469,6.826016662149167,8.10273039686964,10.957934240616359,22.999999999999968
臺北市北投區中央北路三段１６８巷４號五樓,25.1373769925616,121.48200600477,7.800000000000005,15.741894388549165,13.911457578421905,14.99315936116702,15.617742515203632,15.97087237446655,17.8
臺北市北投區中央北路三段４０巷１９弄１１號三樓之２,25.1383479941349,121.484477995655,13.249999999999993,23.53145876720427,15.32530450064935,18.22580578520399,26.542034832457208,30.400917763166337,31.247625365926638
臺北市北投區中央北路四段１１８號四樓,25.1339839981561,121.476438996138,14.850000000000017,16.34303438298353,12.111274408422195,16.12684524014918,16.42688294686591,19.08716859684116,22.529120872017568
臺北市北投區中央北路四段１３８巷７號三樓,25.1338879834553,121.475742040889,15.130000000000011,19.237332529273218,16.51078678796472,17.40280787924822,19.44402563078962,21.43037637650681,28.99999999999995
臺北市北投區中山北路七段２１９巷３弄１２１號二樓,25.1276529790497,121.530046966639,15.379999999999987,24.05921255348755,17.674528707803777,23.100136618923756,28.678608822833343,30.463282887195994,34.70100247738399
臺北市北投區中山北路七段２１９巷３弄２８０號七樓之３,25.1329635852636,121.530660270495,25.30000000000002,29.125172753800996,21.405802254948952,26.4623883978435,30.828668754291254,35.592691876858716,39.099999999999994
臺北市北投區中山北路七段２１９巷３弄４５號二樓,25.1272268850017,121.530575361816,20.599999999999973,28.088020896012655,23.00847402257605,25.938842600166257,27.806280844986272,31.270334954335343,35.77815590253863
臺北市北投區中山路３號二十四樓之１,25.1370449853768,121.505194959,19.079999999999984,15.753723185778268,11.446962348283181,15.535647421354057,21.33684718015462,21.757646111497966,28.57629614870763
臺北市北投區中山路４７號七樓之１,25.1387629821611,121.511685988638,3.360000000000003,7.1487489596524885,6.183965432233907,6.403187209504593,7.730015748996252,9.144057557271825,10.513335221604834
臺北市北投區光明路２２６號十樓之２,25.1360010193363,121.505464018092,13.799999999999985,16.32175527112445,15.811153592603906,17.400505612925155,21.499835583917882,23.50231271940398,27.9573373920943
臺北市北投區光明路２４０之１２號六樓,25.1363300090359,121.507820003437,8.5,9.862256023218738,6.460113559888108,9.024286228664769,9.968453059160693,11.471271985192947,14.067217952453717
臺北市北投區光明路２４６號四樓之１,25.1364960126283,121.508296011718,23.799999999999994,28.704951584386016,21.53955260599143,26.461678107576603,31.34836240987841,36.50247408016361,39.32663140345772
臺北市北投區光明路６８號三樓之１,25.1327677001864,121.500225663884,23.10000000000003,22.857828046855225,18.338438640409606,20.028303828134515,22.171488838212795,30.499999999999947,30.499999999999947
臺北市北投區公路１５３號三樓,25.1323027,121.5026806,13.550000000000015,16.002932250691273,12.534971391298528,13.884651313378967,15.79026900027951,18.31908993441825,19.835486357558313
臺北市北投區吉利街２５７巷４弄３號四樓,25.1190329879145,121.510766996774,26.81000000000004,30.1374841999468,24.604657698329508,27.86322325610283,30.79640740099501,40.32296756505191,43.30000000000004
臺北市北投區大同街１８０號,25.1365090045782,121.499143979279,12.239999999999979,14.985034636093312,13.306309869754427,15.381004619832051,17.81672414415416,18.57485413970846,24.8107797950397
臺北市北投區大度路三段２９９號十一樓之２,25.1229599933713,121.466490012345,12.600000000000014,14.23192547398412,11.608870899759049,12.833664219495548,14.516552895731815,16.79128791025927,17.31562211895363
臺北市北投區大業路２８０巷３５弄３之１號二樓,25.128005018983,121.499717972008,11.00000000000001,12.912269477027086,11.124607735233727,11.95696119318551,12.755596158152176,13.548930784255896,15.599999999999984
臺北市北投區大業路４６２之７號,25.1319189905803,121.496280972611,27.399999999999963,28.76214029149862,22.591063036839177,25.150379565717106,28.801371817861654,34.70590727815654,52.49999999999998
臺北市北投區天母北路１０５巷１５弄１號八樓之２,25.124067997152,121.527441032942,7.800000000000005,8.692660995300312,6.598721098243489,7.457200254456984,8.793805152014613,9.676892983541881,9.900000000000015
臺北市北投區奇岩路７９號,25.1321540191454,121.506851977439,31.50000000000002,46.6391099943613,19.55472375522654,22.664125091411194,29.888550129010017,43.02887228856319,54.75677075512267
臺北市北投區尊賢街２４９巷２６號,25.1172980177763,121.505474998385,22.000000000000004,19.290031587868945,16.97439045350967,18.927702626391774,21.576863137146002,30.477900423004776,30.993876671295844
臺北市北投區崗山路８巷１６號六樓,25.1409519999944,121.48664698074,22.000000000000004,27.78435730915193,24.48080769122373,26.41400280853749,28.99999999999995,31.66680575723091,35.448716554704724
臺北市北投區幽雅路７號七樓之１７,25.1372959814674,121.513110995997,13.77000000000002,25.712077279582918,12.427760834805357,20.70666228333584,27.822546580762186,35.62130188013729,38.315466280047254
臺北市北投區幽雅路７號十一樓之１,25.1372959814674,121.513110995997,13.000000000000012,19.709939418323643,12.547860750913493,15.588956064020632,20.557484386097666,22.7869461315105,27.344926403265404
臺北市北投區懷德街６７號二樓,25.1132780151038,121.51952197846,15.799999999999997,15.769043909754627,13.498450136279647,14.586206562864707,15.58571242394763,16.673524343582006,18.50000000000003
臺北市北投區懷德街７５巷１１號四樓,25.1133840042694,121.519328021221,26.680000000000007,29.568533662066862,17.72914053701561,20.717018893824246,24.19049224467096,33.73504884967819,34.31868671730043
臺北市北投區文林北路２４４巷３４號,25.1089749974706,121.514324025025,11.199999999999998,11.027659905139451,7.938333181372978,9.723011925698076,12.50743675602781,14.562039917640721,21.260005013614332
臺北市北投區新興路１５８巷１５號四樓,25.1389060193388,121.486065025202,13.000000000000012,16.91574420924359,12.385289678637008,14.190252467186651,15.50072603199659,18.047778146881797,20.207738035784985
臺北市北投區東華街一段３６４號三樓,25.109777019876,121.519212015681,28.250000000000004,22.865425420061168,17.371371057706117,20.56229404908298,22.066438297732393,24.790874358596685,27.142389405598045
臺北市北投區永興路一段５４號四樓,25.1394969854222,121.500737965806,3.000000000000001,2.8428905896628125,0.9231419558371646,2.527299404189532,3.0800612906057774,3.3046273619305477,4.145057658647346
臺北市北投區泉源路４８號三樓,25.1409419836201,121.509109978336,8.999999999999998,9.980612918469438,8.125051591803299,10.001108287195756,11.964406866255032,13.58641144771591,16.33012109514563
臺北市北投區清江路２４５巷５號二樓,25.1261140197172,121.501931967913,6.800000000000001,9.242997710691554,5.6341102438849315,8.000000000000002,9.854431672591074,11.244764462914976,13.438508635573578
臺北市北投區溫泉路１３９號六樓之２０,25.1399579900969,121.51205898333,6.3000000000000025,15.418913829662822,12.15968559416709,12.82529176751729,14.484897080690766,18.53994783494885,23.662627681276668
臺北市北投區溫泉路１３９號四樓之１９,25.1399579900969,121.51205898333,6.800000000000001,11.53152240004806,8.959794380110733,11.434295036284128,12.458722993293707,13.945692335682494,16.374396639454623
臺北市北投區溫泉路３７巷２８號二樓,25.1338430145447,121.503422018841,10.100000000000005,11.538797884783703,7.162506543815643,10.59489424492709,12.09825800644962,14.224277305360053,17.08104667988912
臺北市北投區溫泉路３７巷２８號五樓,25.1338430145447,121.503422018841,8.199999999999992,11.480577440665616,9.143494499053373,10.27908919089977,11.752179620919666,12.786062666327897,15.106500284634818
臺北市北投區溫泉路６５巷１０號五樓之５,25.1355190179942,121.504398007646,15.68000000000002,14.63922732195978,9.532015667152626,10.996245323501276,13.106238869781384,18.146674253990373,21.68030583941446
臺北市北投區溫泉路６８巷１０號三樓,25.1346939872646,121.505750008629,17.880000000000035,32.713218631800636,24.968924255961223,31.737911367070815,32.60475042132442,35.586929717921564,38.59502025301103
臺北市北投區知行路２９３巷１６號六樓之８,25.1221691188971,121.466523539958,16.09999999999999,22.97668812173008,16.95735573452452,20.346297817103064,22.58867101463838,26.29677077788218,30.218504634087417
臺北市北投區知行路３１６巷２２弄１５號二樓,25.1217610040315,121.468784977435,20.429999999999982,18.565105507326056,11.00000000000001,12.845232578665138,19.08032363446591,23.697612668951518,27.636936823134477
臺北市北投區石牌路一段３９巷１３１弄２０號五樓,25.1181303381263,121.508989636287,44.599999999999916,37.17777276139481,36.49764716065373,40.063710561660685,43.992048443483036,48.5729629316906,53.844741864767954
臺北市北投區石牌路二段３１５巷２號三樓之１,25.1219824601861,121.522974873173,10.879999999999983,8.545037458100028,7.296575275853988,7.690805051204484,8.214886873644403,9.230136993699647,10.426083088895712
臺北市北投區稻香路２４５號四樓,25.1439814538736,121.488132465533,25.550000000000004,35.75806541413274,25.49294019920022,25.738747066011356,36.45639590523557,42.243517649922325,49.039965646387934
臺北市北投區稻香路２４７號三樓,25.1439814538736,121.488132465533,26.099999999999966,34.35107094577937,29.3891637962624,31.13710372944876,34.81127189222307,40.999999999999986,43.000000000000014
臺北市北投區稻香路２５３號二樓,25.1439814538736,121.488132465533,27.45000000000001,36.71877432786913,26.099999999999966,29.169504623836147,36.688026859995695,43.64604326004909,49.86115390488883
臺北市北投區立農街一段２２巷２弄２號三樓,25.1192850883425,121.503212712482,16.200000000000024,12.4639552424661,7.700000000000007,12.337427232029585,13.236225888356923,14.958488517384163,18.781639970992927
臺北市北投區自強街１２０巷１５弄１７號四樓,25.1106859953658,121.516558975688,16.00000000000003,16.146503853186484,12.265916195390327,13.61405302392197,15.340055087160348,17.14630127293243,18.462856517114336
臺北市北投區自強街１７５號五樓之２,25.1113309828152,121.517178985065,13.499999999999993,16.942723503672834,12.063346013592136,14.46846008564969,16.60174039143384,18.945333363419497,22.219405881344972
臺北市北投區自強街５巷６１號,25.1110369875613,121.511890004162,28.99999999999995,26.580006358181084,13.933710270200729,20.272587227191924,27.780388766178213,34.66158814787836,39.42621299587296
臺北市北投區自強街５１號五樓,25.1104479912251,121.513466975425,14.099999999999975,14.489191694409659,12.782438409710332,13.512592705547878,14.269748065074976,14.568742758130456,17.99999999999999
臺北市北投區行義路１５４巷１９弄１號五樓,25.1306519820963,121.529657962513,14.149999999999984,23.357550255377927,17.162385155987707,19.031051112653053,21.21932394746259,24.009999569806826,27.639846905869913
臺北市北投區行義路１７巷３號,25.125066994282,121.526150974224,24.500000000000004,21.92271370018696,17.917914074698345,20.59289654474921,22.587638856693257,25.096868102884542,35.49999999999995
臺北市北投區行義路１８６巷５２號四樓,25.133369981839,121.530513000456,10.499999999999995,14.277982755869843,9.330090426501537,11.71252844542325,13.503284538898889,13.56926732690834,17.371410035648417
臺北市北投區裕民六路１１４巷３６弄５號三樓,25.1140760141956,121.518754028491,23.10000000000003,21.891568500847917,16.79999999999998,19.65311646712946,21.658097918161733,24.554862002915044,28.046496251789826
臺北市北投區西安街一段２８１巷９號二樓,25.1116479863933,121.516458979583,17.99999999999999,16.92376032597466,14.477388303641408,15.472641608757606,16.481982609172345,18.38076506495459,22.100000000000016
臺北市北投區西安街二段８９號二樓,25.1176690008108,121.512952997122,17.99999999999999,16.084053723218606,12.6808938761926,15.97160636007094,16.98462663451333,17.765699583024038,19.573694637246795
臺北市北投區長壽路２７之２號六樓,25.1427950128647,121.503603989959,14.299999999999992,24.541342633926103,14.499999999999995,24.038493995735454,25.532432958229606,27.877509186467204,31.722462729192735
臺北市南港區三重路４１巷３７號七樓之１,25.0604011141976,121.612809710956,54.879999999999974,42.94346200538313,27.39111894718776,39.29526475039311,42.350811227674676,47.722482996000565,61.33365744808248
臺北市南港區同德路７７號七樓,25.0459723803429,121.585288067155,26.79999999999998,27.67445075163257,25.497551023475232,28.054848782158114,34.49108505008274,34.990724672570906,40.59776371536739
臺北市南港區市民大道八段５２５號三樓,25.0543576327452,121.613894307124,13.320632000000007,14.255565469976036,11.427339950428866,13.796554446837428,16.09834417566226,17.786457297716336,18.49932951646882
臺北市南港區市民大道八段５２９號三樓,25.0543576327452,121.613894307124,21.81999999999997,19.861699895577384,11.972093086112256,18.877654840011644,22.224273117668993,25.305846906487297,26.669272295842465
臺北市南港區市民大道八段５２９號二樓,25.0543576327452,121.613894307124,24.050000000000022,24.927960872846384,19.212098899070764,21.42845088036637,25.6515321618729,31.702201147596192,49.879999999999924
臺北市南港區忠孝東路六段２９８號三樓,25.049204987031,121.589690997074,24.99999999999996,16.686564683162988,11.347439319660694,12.698117337043028,15.131442609721548,19.48739670403732,22.3812380588146
臺北市南港區成福路７４巷８號二樓之６,25.0439833966289,121.586269001284,37.999999999999964,34.06517627922915,26.03770783081276,34.712754337226606,36.01781709663356,36.867796054211325,46.314342737698205
臺北市南港區東新街１２２號四樓,25.0464431918442,121.588552315528,32.68000000000004,25.945934234486028,20.843259845453634,24.063434249957258,26.468795628776512,30.574555617840222,35.00000000000001
臺北市南港區東新街１２６號三樓,25.0464418926493,121.58864040933,40.999999999999986,30.821536897854923,24.71522706184712,27.93421728324513,31.455685235214318,35.585321245148265,38.789372370665724
臺北市南港區東新街１８０巷６號,25.0463049313177,121.593413372501,42.00000000000002,31.16471305263984,25.686182302250092,27.70249298604887,31.134478668532992,35.20313989446722,42.680592574505056
臺北市南港區東明街１２７號十樓,25.055036989532,121.599807032198,46.79999999999995,36.66218197261773,24.770168599415896,28.010532070611927,38.84251007443414,53.60025773405885,67.99999999999996
臺北市南港區玉成街１４０巷１弄１號三樓,25.0447590160392,121.583500961579,12.249999999999991,14.089377096946162,9.213787396463045,10.985448450776905,12.159913333458704,15.076725218632697,16.148316707044856
臺北市南港區研究院路三段１８巷８號七樓,25.0353279919528,121.615066035471,26.99999999999999,39.52139789762057,32.42035604414254,36.3321779668786,38.54481413458511,42.644909847868966,48.41894680415143
臺北市南港區研究院路二段１８２巷７９弄６號三樓,25.0368470023558,121.613677992306,14.000000000000009,17.31936557813425,15.704068643028297,16.517371033992195,18.91121356156302,19.146890569402846,20.169993770169977
臺北市南港區研究院路二段２巷５４弄１號四樓,25.04867701095,121.612923034287,16.79999999999998,13.480904123052374,8.984808097919082,15.938948192061446,16.094720634950065,17.441153964434374,21.256133949481516
臺北市南港區福德街３５３號二樓,25.0395179796217,121.58896596245,16.99999999999998,16.48298023490378,13.821588870083444,15.039743942546567,16.04146456813536,18.127186092554552,22.680000000000017
臺北市南港區福德街３８１號十六樓,25.0407532206926,121.591060935329,14.000000000000009,21.79221680600934,13.127893075847789,16.895079121388115,21.14387030260109,29.602868120017256,45.9
臺北市南港區經貿二路２３５巷３８號二樓,25.0614281907032,121.615102664388,27.999999999999986,23.382380090865148,14.994255079157554,19.36330703031258,25.8034485450057,32.95668984211367,43.34522348133933
臺北市南港區經貿二路２４５號六樓之２,25.0604508463171,121.614754855958,22.700000000000042,17.736440971631403,13.940963524807028,16.413855801390152,18.103248665778693,20.327579292228936,22.27047608814601
臺北市南港區重陽路１２５巷３６弄１０號五樓之６,25.0575239840232,121.597146029397,15.699999999999976,20.15117737893598,10.105712396995118,14.800000000000004,20.24261052181153,23.765922360475326,26.35218880780536
臺北市南港區重陽路１２５巷３６弄４６號六樓之１,25.0571449962711,121.596402638404,42.579999999999956,38.02825275023216,31.72820976268359,35.52526970464688,38.81384959537476,43.05005062836751,49.39440275968289
臺北市南港區重陽路３３２號十樓,25.0579429953629,121.606409960243,11.44000000000001,14.397330361607297,12.68750114862509,14.264575916649665,14.685157457263205,15.734747834625885,16.39900470286338
臺北市南港區重陽路３７８號六樓,25.0590040185763,121.610032032062,32.87999999999995,22.666689498613696,16.846885743823503,19.909844306572683,22.640172533052354,26.59579235143737,29.880881918175586
臺北市南港區重陽路４９１號二樓,25.0610909867385,121.612035977474,28.500000000000025,26.84585638811042,19.571274765999714,23.89833111816496,25.219373430403724,30.975493778403912,30.9937027093395
臺北市士林區中山北路七段１００巷６號三樓,25.1215939946108,121.532451986118,5.100000000000003,6.0291892007366314,4.528801444784039,5.986080026727034,6.311627879513073,7.287183468987146,10.039920318408907
臺北市士林區中山北路七段１４巷１５號七樓之４,25.1188549982006,121.53192803335,28.500000000000025,20.132614635859554,19.97183281530688,21.69010920939498,22.000000000000004,26.73507086675318,30.09184859983806
臺北市士林區中山北路七段１９０巷８之５號,25.1249390026205,121.533347005739,25.379999999999967,22.231731514654324,11.133621002304325,15.491933384829688,22.46372119835825,29.93582585641646,37.34554456665596
臺北市士林區中山北路七段８１巷１１號十二樓,25.1217157836639,121.529987287489,69.80000000000004,25.393072190926983,12.27812809597491,18.123623372524555,25.798163343314187,46.253742359383835,67.0000000000001
臺北市士林區中山北路六段２７７巷１８弄３號四樓,25.1100299857138,121.524177036027,18.50000000000003,15.77226837243907,11.640251747026932,12.977438859475598,15.243576194343296,18.22338226716432,19.624518821087037
臺北市士林區中山北路六段４４１巷３０號九樓之３,25.1166099892541,121.526995031874,64.67999999999992,57.90366029786744,35.311259778547424,43.37895221090172,58.763417539090455,63.613537276604696,66.40322117924477
臺北市士林區中山北路六段４４１巷３０號二樓,25.1166099892541,121.526995031874,61.85999999999996,33.153313365268275,17.77240764999242,22.569528115549463,40.09492804613494,61.17000000000002,61.17000000000002
臺北市士林區中山北路六段４４１巷３０號六樓之３,25.1166099892541,121.526995031874,60.89999999999994,60.989857158870805,27.062636033406356,59.1611257499382,61.67663039295567,64.6389099439753,68.4372851884272
臺北市士林區中山北路六段４４１巷３０號四樓之３,25.1166099892541,121.526995031874,61.17000000000002,50.029007084529674,21.532697471075526,23.365766463386084,61.67082908307788,65.39811021120435,65.45655780332973
臺北市士林區中正路６３４號四樓,25.0867389818126,121.508321995618,10.750000000000007,14.4881833222152,11.680840846718066,14.516746081301157,15.125242769228853,15.141324574216021,17.226236052782514
臺北市士林區中社路一段５２號四樓,25.1081660180856,121.559782019611,10.250000000000004,12.039766667678197,8.76030416038398,12.169004382157636,13.402597983502815,13.92416299586045,14.138744479990224
臺北市士林區中社路二段１７巷１５號,25.1082629967054,121.562801013497,16.99999999999998,24.798599969521995,17.977434260822292,19.626878867628367,21.432010371406456,29.934662273267513,38.56812155135374
臺北市士林區仰德大道一段９１巷７弄１號,25.1073759818018,121.538737994404,43.79999999999994,17.521982588444224,6.981465259951253,14.4259872555362,15.670370280581484,22.175211385689177,25.916946491573714
臺北市士林區前街４３巷５號,25.0977479829908,121.52552199621,12.000000000000005,5.077042220441399,2.277760000126316,2.8460498941515415,5.659445055574415,7.1524715929319855,8.674811541000786
臺北市士林區基河路３０２號十一樓,25.0924783118709,121.520552955591,60.83000000000005,36.22571265391937,30.001140889304402,34.44320132716282,35.01015581661539,40.9929112639595,44.60961179161375
臺北市士林區士商路５號十一樓,25.0897599873551,121.521100039371,45.87999999999997,40.49766210666518,29.765564238479655,34.31711358530546,41.63433061412931,47.60000000000003,49.330956835989575
臺北市士林區士東路２６６巷６弄１６號六樓,25.1125160162861,121.536148992151,27.979999999999965,24.4329924529265,21.39466573972533,23.409428553839728,25.059740094318926,31.942215573729673,37.601646475809176
臺北市士林區士東路４６巷３７號二樓,25.1108750072824,121.528131031212,25.599999999999966,21.10605036475955,12.95658681818357,16.200000000000024,21.625554089387744,23.654476605998617,27.756304355788775
臺北市士林區大南路２７５號三樓,25.0886570127162,121.51935400512,13.499999999999993,13.10837305484336,6.022545681140947,11.07058778573419,13.096211404948018,15.700318468107564,17.885338311200233
臺北市士林區天母北路９巷１０號七樓,25.1191446290543,121.527102445968,39.099999999999994,26.44083001712849,22.546910402903027,25.791905629749042,27.47135737026136,29.82167555742344,41.146511506155456
臺北市士林區天母東路８巷２１號二樓之１,25.1172111605897,121.532446289622,24.500000000000004,27.287779006682417,23.603574032511876,26.707502143867416,30.792808220241984,38.11021390403489,39.77436647343922
臺北市士林區天母西路３８巷９號五樓,25.1181025195495,121.526111276256,50.000000000000085,32.3514876728994,24.80380596979948,29.446516276780347,32.66831372434078,43.30000000000004,44.99999999999999
臺北市士林區天母西路４１巷２號二樓之６,25.1187250896635,121.527417605595,12.799999999999976,11.380005500982051,6.555847452330192,9.348754870339212,10.167099400123442,16.817808518096523,21.356994129838608
臺北市士林區天玉街１３之１號七樓,25.1205740008133,121.527303988825,67.99999999999996,48.20133772602775,33.343278789217976,34.490007168164965,46.87848009756114,60.81785136019698,63.00000000000005
臺北市士林區天玉街３９巷４號二樓,25.1215310046084,121.529183965888,37.999999999999964,40.71489841610332,26.106497497375724,34.171742712364,41.48249549948492,46.72459902510202,50.227534432298654
臺北市士林區延平北路五段２１８號三樓,25.0839810003918,121.510113040689,20.090000000000018,30.713203944738332,12.89185940958213,30.336468111051968,32.80567479500303,36.279618868504954,37.847941973626654
臺北市士林區德行東路１０９巷１１２號二樓,25.1114119939094,121.528953966465,34.49999999999998,26.825888559098725,21.15789779436986,22.062964020584864,25.326193944212417,31.972815720870173,35.48351918966484
臺北市士林區德行東路２８４巷７號四樓,25.1097639860165,121.536345966876,11.00000000000001,15.999689943488503,12.499999999999986,13.186005921821927,16.491196000101624,17.00437487527025,20.023101276598698
臺北市士林區德行東路２９號二樓,25.1069790148674,121.526065981726,17.99999999999999,15.443495236779643,12.217595355512081,13.852398381402582,15.278320799625249,16.99999999999998,21.28000000000001
臺北市士林區德行東路３１號三樓,25.1077641981259,121.528684159972,20.679999999999975,19.73839238793383,16.244825654915843,17.487216185399713,20.55333100113949,24.29660470106884,27.779999999999976
臺北市士林區承德路四段１巷１７號九樓,25.07837501591,121.521978965738,16.00000000000003,22.98263211169263,18.17645793429845,22.000000000000004,22.395080339899554,26.080569008065996,29.73972046532316
臺北市士林區承德路四段４０巷１號二樓之３,25.0810079812449,121.522211982646,3.3899999999999975,6.192081096006386,4.022105211804048,5.049298818451485,6.335222977471569,7.349545056979365,9.57805155154541
臺北市士林區承德路四段４０巷１３７號五樓之１３,25.0818830100269,121.520219017528,4.999999999999999,5.900236247426491,3.4288820422236106,4.900000000000004,6.099426920025001,6.833340815398863,8.43604948707385
臺北市士林區承德路四段４０巷２號二樓之５,25.0807840167921,121.522127995976,2.7,4.4821353501109025,2.2417516994887348,3.651475232666647,4.2779307715076,5.470862726350241,7.944779703213795
臺北市士林區承德路四段５８巷３８號四樓,25.0822720141533,121.52124898579,16.00000000000003,17.08557271905493,13.211964346845757,14.524400159731233,16.504158606560697,20.22607009333478,22.056487325839665
臺北市士林區承德路四段８０巷４１號,25.0826250180055,121.521972008758,19.000000000000014,20.048928391043553,6.524865137023885,13.387774442087274,22.100000000000016,28.76468564309518,31.57116815967645
臺北市士林區東山路１２０巷５號五樓,25.1126880129393,121.539115012409,18.750000000000025,15.456568127755187,11.63170074291921,16.082153129513024,16.624914895706038,17.131023702406793,19.693816761972773
臺北市士林區海光里３１鄰延平北路五段３３號,25.0797589938528,121.510867998708,29.399999999999988,15.123981429188113,3.9687841470560135,12.686578683925262,14.320830164878137,22.583649647925505,28.161020646769142
臺北市士林區環河北路三段２０３號四樓之２,25.0878969836458,121.504199021265,24.899999999999977,39.14215600709935,26.065557883023896,36.49186656010035,38.29581103386444,45.386598050724096,53.44211822149267
臺北市士林區社中街１５２巷３２之１號,25.0902960100632,121.510674041468,9.380000000000011,9.478874115601954,6.237764932439549,7.7948839271429495,9.819854893108873,11.365470785257857,13.499999999999993
臺北市士林區社中街２９８巷４弄２７之１號二樓,25.0925620156771,121.507007964657,10.8,15.22996544655454,13.069401742483265,14.139375157302059,15.159939769245776,16.667046320036324,18.479999999999983
臺北市士林區社子街１０７巷４號,25.0879696590181,121.505374340193,3.8,15.737278481374283,11.651421849849681,13.115278310546547,17.493064429992767,27.419598885622776,29.399999999999988
臺北市士林區社子街２５巷３弄１０號,25.0881835365095,121.508071034907,14.580000000000028,12.818410442848188,8.556522403666865,10.569343337666297,13.194226908435555,15.699999999999976,21.500000000000007
臺北市士林區社子街６３巷１１號五樓,25.0879505421418,121.506952371673,12.499999999999986,17.130583556587442,12.420363158899342,13.786950351691264,13.85600832979775,16.767898693579014,19.864156697052263
臺北市士林區福港街２２１號四樓,25.0850020000176,121.517682988903,16.99999999999998,15.949301041954095,12.933668903883428,14.051897304025486,16.35617833524527,16.982444587796234,19.158063191520842
臺北市士林區福港街２７７巷１０弄１號三樓,25.0833049999007,121.518587982989,19.90000000000002,20.30385873793368,16.710571023888726,17.646926888937784,20.38799257899323,24.000000000000004,30.699999999999957
臺北市士林區福華路１２８巷１２號五樓,25.1028919988791,121.52322099615,18.179999999999986,12.99863014887081,9.800000000000006,12.303005384040402,13.358277086275487,16.044380070795135,17.651105029694158
臺北市士林區福華路１５８號七樓之１,25.1037560054584,121.522679022291,43.000000000000014,29.492846532953475,13.937957620776103,21.899677851417145,28.362944663481823,38.989297086408584,44.812780642212886
臺北市士林區福華路２８３號五樓,25.1054250938378,121.521408493408,24.000000000000004,17.054293968600014,11.648302766179349,15.307571309384041,17.31957680676898,19.641321683453093,20.371950481376572
臺北市士林區芝玉路一段１９７巷２５弄１０號二樓,25.1067700121118,121.533712037622,12.499999999999986,13.509849401353787,6.669966240290092,10.45187672930855,11.554127636199468,13.987804431737027,16.22490799011095
臺北市士林區芝玉路二段８４巷２號十一樓,25.1121770102122,121.535183983638,46.79999999999995,41.46247028429443,34.81085795574355,40.37751750614109,42.80328979526779,49.68060228299607,51.361339823440424
臺北市士林區華齡街１８號三樓,25.0830280199102,121.51957998123,16.79999999999998,15.796036996516762,13.23733127590665,15.106504222493763,15.330955427699887,17.550655322031282,19.03900402281912
臺北市士林區葫蘆街９０號二樓,25.0819789828183,121.508318978133,12.499999999999986,15.0592636131588,12.074552698765434,14.360347005676434,14.916827616300354,16.865386524447814,19.873810735805804
臺北市士林區通河街２１號三樓,25.0800650171377,121.523313029447,26.87999999999997,27.222490595206168,21.707013610493313,24.713531887623585,28.260575412219975,31.602463190350317,32.33728124510575
臺北市士林區通河街３２５巷２之１號,25.0815127813637,121.517765802107,2.0000000000000018,3.132676888106289,1.6235241263747155,2.6011330162020223,3.0561054401271135,3.3647864724939542,3.891672404600195
臺北市士林區通河街３２５巷６６之３號,25.0820490136193,121.518483209199,5.400000000000005,5.652334327565607,3.0251122954548726,4.37595368573426,5.474115818448504,6.693280212272603,9.400000000000015
臺北市士林區通河西街二段１１７號四樓,25.0929350103684,121.507168981017,13.499999999999993,14.31959508735503,12.429321167061708,13.454740398757737,14.28359281215944,16.955532137624157,18.340341222778797
臺北市士林區重慶北路四段２２０巷２１弄３１號四樓,25.0866640056887,121.511677020002,3.200000000000002,9.90422331748189,6.7499819745020275,8.338593454471702,9.606790217803406,11.709972004266437,14.557965171133443
臺北市士林區重慶北路四段２２２號十二樓之１,25.0858688983535,121.511467975337,20.800000000000004,20.125174441573566,16.826975128822674,18.631670084151843,22.725197244231843,24.120934059959513,25.84142702523304
臺北市士林區重慶北路四段７０號,25.0819099997552,121.513090041239,41.58,12.306451767964647,4.409556606306793,6.87386354243376,17.960744989232573,30.585356855108344,35.53002305474408
臺北市士林區雨農路１７之３號五樓,25.0976479868859,121.53206398782,37.5,39.680414169644294,29.42089656525102,37.09306577452952,40.08246961590356,45.85701084913938,54.45903803430515
臺北市士林區雨農路３２巷１６號二樓,25.0978450035201,121.533112983002,42.00000000000002,43.86061953931286,33.2308822858899,39.2368242347674,42.96506004960523,49.42820556917593,64.13327011691827
臺北市大同區南京西路５７號十七樓之７,25.0530439825044,121.519385018162,38.50000000000002,20.835849635804063,19.517263777210587,21.693181765887363,26.1054657225928,26.366516453790904,30.640399170885473
臺北市大同區哈密街５９巷７８弄１０號十樓之２,25.0756343012096,121.514850240906,28.500000000000025,33.50051057261365,26.220314888934517,28.533626628920846,33.837189114870455,43.68482257867379,46.45000000000001
臺北市大同區大龍街６６號三樓,25.0653020129843,121.515915999895,11.879999999999999,11.325968118680079,6.328213674770275,8.389200903326472,12.54087393869393,16.618784552427392,18.17
臺北市大同區大龍街９１巷７號五樓之３,25.0673599797615,121.516516982353,12.000000000000005,15.029167618423584,10.070102921155739,12.30788843598283,15.68000000000002,18.048745073438514,18.2869306942746
臺北市大同區延平北路二段２７２巷４０號四樓,25.0620466913386,121.509982785913,14.000000000000009,14.478244048657935,11.064900597266984,13.484519649355192,16.129999999999978,16.306349135777765,20.318096904204747
臺北市大同區延平北路四段９９號二樓,25.0709660002361,121.511014011461,20.999999999999982,24.246800544132434,19.69409452402175,22.52998282562179,24.846315807840433,30.499999999999947,32.80000000000005
臺北市大同區承德路一段８８號五樓之２,25.0530288950787,121.517427676133,13.86000000000002,12.844161828180434,10.582955159511048,10.981162118082798,12.116519271796005,14.274945109034194,16.192455519306822
臺北市大同區昌吉街１１０巷１２號三樓,25.0654450082525,121.514672041645,12.499999999999986,17.402659762727225,15.148109573437058,16.672282860615127,16.88710281986661,20.303865952530742,21.98158365471596
臺北市大同區昌吉街１１０巷１２號二樓,25.0654450082525,121.514672041645,12.499999999999986,17.320219385136927,14.250381164366527,15.676299452976737,17.071159288229392,19.27952199419899,20.643826375059326
臺北市大同區民權西路１５３號五樓之１,25.0631450140211,121.516434001511,15.499999999999986,10.984491211653213,8.097024574092815,11.068949836303135,12.224360158324163,15.317284095859296,16.798809481626968
臺北市大同區民權西路１５３號十五樓之３,25.0631450140211,121.516434001511,9.500000000000014,8.831236907664563,6.508942327126179,7.712231210084343,8.764654626192094,9.60607433365663,14.185642345716586
臺北市大同區民權西路１５３號十樓之１,25.0631450140211,121.516434001511,14.899999999999997,13.395659470965134,11.155722160937321,12.220291020770542,12.266412564106503,15.704776020545438,16.351251550786927
臺北市大同區民權西路１５３號十樓之１０,25.0631450140211,121.516434001511,14.11,11.477833691859853,10.813167542479778,12.07017509446634,13.960436189523197,14.543824257292862,15.452570520098883
臺北市大同區民權西路１５３號十樓之１１,25.0631450140211,121.516434001511,31.150000000000045,28.994488589678788,22.928915341472127,24.016867233847094,26.17500216164663,35.26726557799914,40.91287502698613
臺北市大同區民權西路１５３號十樓之２,25.0631450140211,121.516434001511,14.899999999999997,13.37565024932224,12.947373161408228,14.00483723427988,14.653059671607945,15.803631385103785,16.191291662104323
臺北市大同區民權西路１５３號十樓之５,25.0631450140211,121.516434001511,10.8,8.98838656287465,6.348787979581994,7.710508107480112,8.911020942533431,10.45866777770273,14.7
臺北市大同區民權西路１５３號十樓之６,25.0631450140211,121.516434001511,27.79999999999995,22.5127823241585,17.455777059117946,18.366926797915866,22.72570007242636,25.710613614683506,29.470989307574563
臺北市大同區民權西路２６８號四樓之１,25.0627309899138,121.512017995823,11.29999999999999,11.978440386248664,7.805282098383799,9.304954044666536,12.054691093584196,14.96955725807029,17.99999999999999
臺北市大同區民權西路３００號十樓之２,25.0628389907362,121.510493076178,23.799999999999994,21.526582319315807,17.66554558188063,19.221439283269085,22.051948587553564,24.71198351469729,26.60000000000002
臺北市大同區環河北路二段３８３號五樓,25.0775473867904,121.509350790414,12.699999999999996,15.483536890833346,11.098036095823232,13.178150696099673,14.25509848624456,15.527779546002652,18.319709965078495
臺北市大同區華亭街１號八樓之８,25.0519430195223,121.513348958228,23.58000000000002,21.588381400428112,14.410596051092156,19.434099795019055,22.341857229509372,26.268762591718485,33.12446792465987
臺北市大同區華亭街３６號三樓之８,25.0534890196535,121.513073025976,5.160000000000004,6.622286138202296,4.4443942042259925,6.845488631481569,7.230264840404252,7.683801142663706,14.596869994656647
臺北市大同區迪化街二段２７０號二樓之２,25.0706890202457,121.511582975048,11.00000000000001,11.447703456517587,8.720924341881698,10.363132147518451,11.607072768094604,14.580000000000028,15.599999999999984
臺北市大同區重慶北路三段１３６巷４１號二樓,25.0677499897162,121.512428038527,16.40000000000001,14.540151283100963,11.396705794297125,12.76104142736406,13.47540263242999,15.734357882950247,21.233105954292657
臺北市大同區重慶北路三段２０３之３號八樓之８,25.0697139953588,121.514059995075,20.400000000000006,19.61565009955678,14.871111129886721,16.920405974832725,18.339803585609022,21.571578657576286,35.00000000000001
臺北市大同區重慶北路三段２２３巷２３弄８號四樓,25.0708939996878,121.515044030508,11.180000000000001,10.91021071136693,7.271453816496782,8.751123368489921,10.330285635281376,14.899227708784217,18.479999999999983
臺北市大同區重慶北路三段８８號六樓之１,25.066426990119,121.513462030102,29.20000000000002,27.734568237173217,19.706990313044113,24.659022686698226,26.7989695307198,28.68589870149672,33.504882688836844
臺北市大同區雙連街４３之３號,25.0589900207981,121.519037001542,15.000000000000007,11.661756263356162,5.125504157303881,10.149445870722177,11.79587886220892,12.94962529033041,16.992006225026625
臺北市大安區仁愛路四段３００巷１９弄２號六樓,25.0361479935405,121.554552969315,42.18000000000002,29.25929656694001,23.266974123375757,26.79999999999998,28.402077443809986,34.97175134438438,39.21743921963164
臺北市大安區仁愛路四段３１４號三樓之４,25.0373370084154,121.555269035304,68.99999999999996,47.50740686574407,24.167884738531225,36.99999999999993,47.464563522546655,53.059170946614124,61.122711265373766
臺北市大安區仁愛路四段４１３之１號五樓,25.0380016095182,121.556185177321,22.8,27.436519369647527,26.703755670451606,27.795552534332124,34.60336889294431,34.76806651952819,37.765219072962154
臺北市大安區信義路三段１６６巷６弄１１之２號,25.0328850024533,121.541289026635,56.00000000000002,32.38656568750767,15.300000000000015,25.720582821675904,42.22328982417149,47.79450755889593,51.405884880346434
臺北市大安區信義路四段６０之３８號五樓,25.0331901791885,121.545718535539,11.199999999999998,6.121789924874043,3.3899999999999975,5.0151792050479616,6.253208369483632,7.5818268162972995,8.718944890294924
臺北市大安區光復南路３０８巷２５號五樓,25.0387830124417,121.556471000219,49.979999999999954,32.47348226908033,26.272721017187497,31.573937553408907,35.382891072530136,37.28290622677612,41.679739086941325
臺北市大安區光復南路６２０號十二樓,25.0320310122483,121.55726996323,52.679999999999964,33.48228525457201,23.90258026015564,30.147275987354693,36.59595116138362,44.27549554999904,44.47108181130361
臺北市大安區八德路二段１０巷７號二樓,25.0442789844443,121.534470013126,25.30000000000002,17.757569751694465,12.861725637077956,16.902932332252153,17.799413448457443,20.47499693266833,24.993815777868
臺北市大安區和平東路三段１巷７２弄７號九樓,25.0279320101384,121.546254968991,23.720000000000024,23.28966175151338,15.024882746994145,21.129386934749128,23.06427331164495,25.864674364551075,27.122630387917514
臺北市大安區和平東路三段３０８巷３９弄１４號二樓,25.0189409940592,121.555640018338,15.58500000000001,14.901504689769729,12.249921315404723,14.710083112033145,15.423945324215461,18.108401172632856,18.388812972451674
臺北市大安區和平東路三段３４６巷５弄４號三樓,25.0190679798923,121.557574980686,8.199999999999992,8.223765388117133,5.6601683376018315,6.975724092365538,8.109734947690637,11.00000000000001,13.499999999999993
臺北市大安區和平東路三段４０６巷３號,25.0185679993679,121.558053000624,39.000000000000014,18.587793510552462,10.393577388796707,16.385245163341118,18.555460526713325,24.75374757177826,27.110398716833725
臺北市大安區和平東路三段８７號十二樓,25.0246279896352,121.550505012996,50.67999999999994,32.10577726282144,14.610559909968144,28.450657049936396,37.10882192460434,43.5908523185361,47.98049222783766
臺北市大安區和平東路二段１１８巷４弄２９號四樓,25.0241159810797,121.541646011892,36.66,27.95270099763288,22.68259244442751,24.77859135492306,30.71185838866066,38.14815298182736,40.016428590834444
臺北市大安區和平東路二段１７５巷２９號六樓之４,25.0266689830584,121.541939965236,18.50000000000003,9.583433196832289,6.087511144550676,7.984945098750598,12.454732134474389,14.152110427982766,20.889025847197352
臺北市大安區和平東路二段１７５巷３５弄１號四樓之１,25.0268919835924,121.542007020461,8.000000000000002,5.661828606726353,2.847174808778034,5.020477004285118,5.657517133637903,7.298686903345864,10.040890795895624
臺北市大安區和平東路二段１７７號七樓,25.0254409923337,121.541828988838,29.300000000000004,20.26571162225107,8.84533775499839,13.24828016766482,19.08683276413077,27.47631162018315,34.16029786592861
臺北市大安區嘉興街３２３巷３號十四樓之２,25.0223743054189,121.553424765148,53.12999999999996,37.62643008396998,32.114756133334154,33.89244691259307,38.692757631921964,45.12013674492984,46.99339962605484
臺北市大安區大安路一段１６巷４號四樓,25.044322989436,121.545980964576,37.300000000000075,29.43976381962434,22.503462602969645,25.724670728967123,28.45750295048445,34.71418442005452,39.37972539634109
臺北市大安區大安路一段１６巷８號六樓,25.0443739933168,121.545821037863,36.30000000000006,24.601511422545876,18.102668687487764,19.905240525835975,24.668700295181715,28.788838233224944,34.74536175470736
臺北市大安區大安路一段２０２號二樓之１１,25.0349950208492,121.545864959036,21.28000000000001,12.537887746109366,10.449513572239503,11.041341027659866,11.908921928173871,13.314677184672622,14.881909631723463
臺北市大安區大安路二段１２２巷２１號三樓,25.0304226088479,121.545328684871,49.879999999999924,26.29455485785902,17.789509936961885,23.939311974727882,25.89054215747834,30.487496008472704,34.8053311873418
臺北市大安區大安路二段３巷５３號十二樓,25.0314340950136,121.546810521533,79.9999999999999,42.36199321883837,34.95871495293365,37.57158176140948,44.396573099975996,53.91220453422142,67.99999999999996
臺北市大安區富陽街１５２巷７號二樓,25.0182260177183,121.556493966634,11.00000000000001,20.980281899774376,17.312533543129273,18.558680177431707,22.22340353218651,26.893769858373297,28.99999999999995
臺北市大安區市民大道四段６８巷３號四樓,25.0446730177126,121.547400020783,22.071999999999967,17.783777623018416,12.060643830461464,14.103860525171749,14.108689354045005,18.146625030566994,18.32129594630384
臺北市大安區師大路１０５巷１８號三樓之３,25.0224020076089,121.529096039724,30.499999999999947,18.158000133409328,13.467417340384044,15.97238137952222,18.83327388727921,22.145079828113712,25.574211581119677
臺北市大安區延吉街１３１巷９號四樓,25.0427390192834,121.554753967354,42.00000000000002,30.45674122167416,24.149824774576903,27.4037474389654,31.485051864126778,37.042998519971164,42.18000000000002
臺北市大安區復興南路一段１３７號十六樓,25.0423899968352,121.544030998621,45.9,29.81704555878747,18.13414912140523,24.000000000000004,29.149903250086805,33.925789886500105,37.630565194094366
臺北市大安區復興南路一段７６號十五樓之３,25.0438890163991,121.543592960361,34.59999999999996,31.650798895599102,22.757127516606317,25.59819755579509,30.133881685909138,36.42733910917611,38.790460686719044
臺北市大安區忠孝東路三段２５１巷１４弄１０號二樓,25.0438652956131,121.541180900084,72.80199999999998,22.235031048188745,10.92923179035417,16.279763127825504,23.579795698912164,38.845645204246466,67.0000000000001
臺北市大安區忠孝東路四段２１６巷１９弄６號六樓,25.0402360153572,121.55344798302,39.20000000000003,31.33389125882369,23.446162644760662,24.79999999999997,29.21548972011163,36.506639753865684,40.818902559576564
臺北市大安區敦化南路一段１８７巷３７號五樓之５,25.0426450162393,121.551222000993,45.87999999999997,32.8303332160164,25.02599537815757,33.769740322797816,34.99371779487718,35.698903134161554,41.13219005171048
臺北市大安區敦化南路一段２３３巷３１號五樓之７,25.040514001176,121.551042963542,15.68000000000002,8.208935559954938,6.339669148497668,7.567251904648694,9.60201625799698,11.994379616553315,12.739652639697594
臺北市大安區敦化南路一段２３３巷３１號四樓之１０,25.040514001176,121.551042963542,14.149999999999984,8.451992931320447,7.1369169940200585,7.442849939115264,8.32129929637502,11.862397194383828,14.277254638059809
臺北市大安區敦化南路一段２９５巷４６號七樓,25.0353712006637,121.551207416482,52.49999999999998,29.085542056368002,23.652399133673775,26.690822392725153,28.640312443047414,32.549640875726794,35.570374704683005
臺北市大安區敦化南路二段４６號十四樓之１２,25.0312369945605,121.548311971849,30.000000000000057,24.076531385728757,13.919654506103425,17.910025125610527,23.311089455413686,28.1305298353406,31.913798724342886
臺北市大安區新生南路一段１０３巷１２之１號二樓,25.0404549925777,121.53395201151,6.999999999999995,7.0272983208700746,4.057093191547694,5.428429503334557,6.805502893019973,8.898357341243011,12.680000000000003
臺北市大安區新生南路一段１４５巷１６之２號,25.03566498637,121.5340290412,39.000000000000014,25.263864251932954,18.006544051285257,21.442604282495218,24.189997933030096,31.87184225916337,33.53199778509919
臺北市大安區新生南路一段９７巷１號五樓之１,25.0412239902845,121.533298977433,66.41999999999994,36.189435737618375,31.234805118559834,33.676430400130386,39.86895959266743,43.453067133104206,48.460844886028674
臺北市大安區新生南路一段９７巷３號六樓,25.0412070169305,121.534086960151,73.58000000000008,41.87761912312511,33.85081835290565,37.92015538639449,42.84531579581525,51.17442312873478,66.41999999999994
臺北市大安區新生南路三段２３號七樓,25.0246929912943,121.534947027236,35.49999999999995,27.47929076406751,24.653061098611765,27.795552534332124,34.97998860192996,36.68121173833015,39.53068149129319
臺北市大安區新生南路三段４號七樓之２,25.0255349953778,121.534520975097,25.379999999999967,14.199219248917771,8.129925024382654,11.44913691935935,12.624037956753117,15.472125999676296,19.997797972926953
臺北市大安區新生南路三段７６巷９之３號,25.0191419920973,121.533097979395,36.00000000000004,32.996912696433945,18.359836793017692,24.200000000000003,34.02247825279621,36.585635385055966,41.06667446144973
臺北市大安區新生南路二段３０巷２５號三樓,25.0312639842887,121.530636968804,33.5,19.68024678484811,15.191686936308322,17.941377888896305,20.094919474088755,22.381282343734103,23.653193775125157
臺北市大安區泰順街４４巷２號二樓之１,25.0236269808484,121.531075007064,22.999999999999968,20.019255947525572,17.148952976417817,18.546098344753748,19.079583040135805,24.26208837040145,30.411061177947584
臺北市大安區溫州街１６巷８之２號五樓,25.0251879845863,121.532657007469,37.999999999999964,26.73051168252571,20.73364976497972,24.97451712178356,27.537576767402328,30.014931690985183,35.53316668951032
臺北市大安區溫州街７４巷３弄６號六樓之３,25.0192219973631,121.532354001669,15.379999999999987,7.767351089216331,4.015133093850618,5.898171618057444,8.652236593033637,9.722750921625783,14.287355400146158
臺北市大安區瑞安街２０８巷３９號二樓之１,25.029722007471,121.540653007822,16.99999999999998,14.594152475504584,13.076686063188191,14.151581259433271,17.138613650149004,17.679691219572604,18.98953918910906
臺北市大安區羅斯福路三段５７號三樓,25.0231972825821,121.52564579692,44.99999999999999,28.043875143652084,24.253065669701673,25.43516198883441,27.710283652030963,35.462985798430395,43.92517158237369
臺北市大安區臥龍街２６７號四樓,25.0187659799209,121.555183036977,20.050000000000015,15.085350489578314,12.1941433205616,12.691085533307634,15.909321958904552,18.579555246887637,22.08075690837052
臺北市大安區通化街１７６巷１０號六樓,25.0277549843433,121.552755973094,34.12,31.017607099341667,25.052189018987548,26.495381732757036,30.940728176670923,39.20000000000003,42.18000000000002
臺北市大安區通化街２２５之３號,25.026133505174,121.553258300551,21.500000000000007,20.408671720326886,16.54938758398409,19.80581160456065,24.040511818824676,28.464361819220457,30.654185317562128
臺北市大安區通化街２６７巷５號六樓,25.0256080017544,121.552549023904,44.99999999999999,47.30925946560388,32.68335717615016,36.03103495556112,44.55483592060763,57.80032859477486,58.914063725522894
臺北市大安區金山南路二段１５９巷３９號五樓,25.0290579931014,121.527837999877,34.49999999999998,14.98559996383376,12.176603749791575,16.029658228976967,16.45831832313092,17.886017861368686,19.794349786742153
臺北市大安區金山南路二段１８５巷４號,25.0283290189823,121.526604016091,0.29999999999999977,0.3765692786042655,0.2624474294025378,0.3405877273185279,0.4772184774633398,0.7310758542644458,1.5285209338264483
臺北市文山區一壽街２０巷１５號四樓,24.9797040060999,121.555630630607,14.000000000000009,16.838558954282846,13.049262114789363,14.544313129965005,17.217806563961542,22.066009727783573,25.599999999999966
臺北市文山區仙岩路１６巷７２弄４２號三樓,24.9960000184346,121.549907970033,17.199999999999985,16.239660405944004,11.730996555967145,12.352741226466502,16.655492205678673,19.26668050132792,22.303982597742703
臺北市文山區光輝路１１２巷５弄６號十樓,24.9845849978666,121.557432991246,13.799999999999985,24.764338508662696,17.47636715592348,20.800000000000004,24.019282320933446,28.730598090671002,32.56097034000536
臺北市文山區和平東路四段６５巷２７弄１６之２號,25.0079050031527,121.566944020599,26.99999999999999,28.759703691729722,21.203372076097125,23.500000000000014,30.223635308871504,34.84004948872738,38.478147617843234
臺北市文山區和平東路四段６５巷７７弄１９號,25.0068190018678,121.569666965664,24.500000000000004,33.87343416691977,21.238251630561965,22.481206688757975,26.99999999999999,34.559731536824636,36.319635778315515
臺北市文山區富山路１６之２、１６之３號,24.9891390115903,121.554073524454,31.50000000000002,30.2526147245905,22.999999999999968,27.399999999999963,32.06663410698059,35.07471546453544,41.593998403102184
臺北市文山區忠順街二段８５巷１弄３３號四樓,24.9852869822575,121.564465994744,19.929999999999975,24.67637520443258,12.597032428456865,23.17434720897837,26.757543403544794,27.06575512562832,35.23861552675387
臺北市文山區指南路二段４５巷１４弄５號三樓之８,24.9890600121529,121.574829966563,8.099999999999998,9.680819372838435,7.5906834914736985,8.06129252851094,10.921376848170262,11.897992378041062,14.929233422325153
臺北市文山區指南路二段４５巷２４弄２２號五樓,24.9893447286528,121.574420117215,15.88,14.994666043927287,12.187782368892341,13.115429916018917,16.066767371386813,17.059157125303038,20.749999999999975
臺北市文山區政大二街１０９號,24.9881550180671,121.583745964609,36.49999999999996,44.20066852551376,15.693596116302427,39.014758140742416,43.6398756789034,62.93116323394568,73.28283073578757
臺北市文山區新光路一段３２巷４弄３號二樓之２,24.9894340126726,121.573129026952,13.600000000000009,18.9180550718133,8.029686078182396,12.23221353203751,19.963732487276967,24.541609892797236,30.680475762877577
臺北市文山區新光路一段９５巷１９號四樓,24.9912289972376,121.574427970487,15.499999999999986,15.30219530952292,12.476653994886094,15.56232310763317,15.943389752599758,18.475554082117334,20.678415056669802
臺北市文山區新光路一段９５巷２２號二樓,24.991152009457,121.574703986558,16.29999999999999,17.569589725787512,13.416407864998732,15.23606151434278,17.94858340131308,21.68031584204235,24.52071915275952
臺北市文山區景福街１９７號,24.9946750071806,121.537829982833,25.599999999999966,21.016504341896134,17.0693307494872,17.700995402131817,23.267743305930406,26.778781195689195,30.60097679216935
臺北市文山區景興路２６２號十三樓之３,24.9899987014895,121.542635076466,7.58,7.237558468799344,6.880000000000003,7.450306874064536,7.500000000000003,8.546618117942195,10.215241172515276
臺北市文山區景興路３９之２號三樓,24.9973609880532,121.544881007422,21.799999999999972,19.571192129077982,16.742521840744118,17.87022134557412,20.262907763036356,22.97999999999996,23.10000000000003
臺北市文山區景興路９６巷３４號四樓,24.9947309982938,121.542873960707,20.099999999999977,20.300930887101366,13.951920196917666,18.77199789012659,22.3742726521197,27.941331615884135,30.650938008328694
臺北市文山區景華街１１４號三樓,24.9954088008941,121.54644113106,16.649999999999974,15.508325824199705,12.661615037031925,14.05706070613536,15.868731445011749,19.000000000000014,21.47999999999998
臺北市文山區景華街１２８巷３弄１３號,24.9959190073404,121.54753798691,19.000000000000014,19.775107839580322,16.219109721992254,17.52585687311945,20.392973327456684,23.247330791581618,23.750000000000025
臺北市文山區景華街３０號,24.9948630132689,121.542712022337,24.000000000000004,24.286468102911304,15.765316611658884,21.500000000000007,23.461242245018493,29.074338003022213,34.57777078605399
臺北市文山區木新路三段２２４號四樓,24.9815349909391,121.55924197359,12.499999999999986,16.456349572219008,13.367679648004184,14.042477587683845,16.568084401626344,19.131566515165307,21.523587176760653
臺北市文山區木新路二段１１１巷１２弄２之１號四樓,24.9836329813039,121.570226960615,10.399999999999991,14.198674618161176,10.575645490991603,12.846995759152218,15.175091842334332,17.25982016070051,18.179999999999986
臺北市文山區木新路二段１１１巷１２弄２８號四樓,24.9832990043719,121.569309980408,16.419999999999995,17.922658323981018,14.662651477141058,16.827008521715435,18.221177864974276,20.63066186632148,24.83513243935442
臺北市文山區木新路二段２９９巷７弄２號三樓,24.9823559983551,121.565855965747,13.000000000000012,18.320021147362876,11.218424248001474,17.897240160071373,19.529042258949225,22.000000000000004,24.183306956327158
臺北市文山區木新路二段３號五樓,24.9875949812064,121.570825009407,15.523199999999974,15.757731319646663,10.42770850057656,12.84248487450298,16.4834981640881,22.57953289664745,27.500000000000018
臺北市文山區木柵路一段３３５巷１１弄９號二樓,24.9889253987879,121.556770317981,14.000000000000009,16.227639818153925,14.325969483601499,15.215271658818624,15.997129217546862,16.78281226289,17.414494462375156
臺北市文山區木柵路三段８５巷８弄３號四樓之２,24.9895679973949,121.567269992813,25.559999999999988,22.010078636169307,19.92046686199901,21.5670088417471,23.27334299774908,25.908749345991264,27.86849433863967
臺北市文山區汀州路四段２５１號九樓,25.0019049854027,121.536162235558,34.49999999999998,40.26561303667248,29.828642005998457,35.1647267325263,40.09334007207627,44.46843646677273,47.85773308189322
臺北市文山區汀州路四段２５５號四樓,25.0017746887178,121.536281174764,16.99999999999998,13.591539724660745,8.856945513863806,12.000000000000005,14.234541120273269,16.318428107605428,20.45233659101859
臺北市文山區福興路１０８之４號四樓,25.0066680018821,121.54918796455,8.000000000000002,17.994825506841412,14.366651842289098,16.622552327146384,19.08177294809722,23.26175573524967,26.60000000000002
臺北市文山區福興路１９號二樓,25.0025870208641,121.551467004023,11.00000000000001,13.72249128722046,8.00559110377684,10.665684204027666,11.560709320798624,14.960958635963275,16.10273770894942
臺北市文山區福興路３９號四樓,25.0029779947377,121.550820004917,15.279999999999983,14.809965920345075,11.98530945569846,14.41733426588029,15.025780590842283,16.95392587344912,18.714759943212805
臺北市文山區福興路９０號五樓之１,25.0057449867044,121.549630026123,12.520000000000021,14.32646505630331,10.123417423091666,11.56535901098362,14.971857607753817,15.071829527743654,17.526601135881425
臺北市文山區羅斯福路五段２４５號十一樓之２,25.0014570145875,121.539348029317,12.65000000000001,12.336175931338511,9.702756340489119,11.223098146684354,12.338410153351344,14.514451618366685,15.969683255221094
臺北市文山區羅斯福路六段１６６巷７號十二樓,24.9970249357525,121.541034125307,27.999999999999986,25.454892324882092,19.681661866506293,22.304483854149147,24.512003305232952,30.2475076619087,34.69210693524777
臺北市文山區興德路２０巷２６號三樓,25.0010496824049,121.556192355871,10.8,9.561347383714148,7.619368712263053,8.281236721279864,10.974535012793469,11.690408663843499,15.662578615788872
臺北市文山區興德路２０巷２８號六樓,25.0010496824049,121.556192355871,10.499999999999995,9.984015728347183,8.72232260820896,9.497843901902991,11.335728234821353,15.438846055701783,16.782893157123297
臺北市文山區興隆路一段２５１巷２弄１號四樓,24.9995769956147,121.544647990514,12.499999999999986,15.998773377114041,11.918877878353928,12.597530380179784,16.03975517401838,18.334196974929807,21.20201328262989
臺北市文山區興隆路一段２５１巷３弄７號二樓,24.9999919836409,121.544646984686,13.000000000000012,17.147433921255583,14.416087367471489,15.426643575647292,16.422840747327452,20.948415384241418,22.680000000000017
臺北市文山區興隆路一段２７１巷４弄１號三樓,24.9992589862082,121.545169009615,12.149999999999999,10.436819784930561,6.227348892256143,9.51961010971734,10.184259720093959,11.870801634332455,14.449412018385532
臺北市文山區興隆路一段５５巷１３號四樓,25.0040284148436,121.54163318758,15.090000000000025,18.450905545033567,14.163034827608355,17.42922055027808,20.31081874616935,24.500000000000004,29.786853860736173
臺北市文山區興隆路三段１８５巷５弄１２號,24.9959400040079,121.561314985883,15.199999999999978,19.896728454157973,16.31504799207365,17.396821457069446,20.5590669200182,23.247330791581618,23.750000000000025
臺北市文山區興隆路三段１８５巷７弄１０號五樓,24.9958490184489,121.56171002498,12.499999999999986,15.910712372944806,11.079495445758216,14.63125642752485,15.455820850674542,18.033307472576304,19.965810237779493
臺北市文山區興隆路三段３３３號八樓,24.9915035045666,121.559068384375,37.300000000000075,39.81141775831013,34.79766646369127,38.11331635821826,43.949678850567935,55.91375931886355,63.09646252511603
臺北市文山區興隆路二段２１７巷８之４號二樓,25.0021818815741,121.549380832142,22.200000000000003,26.534040353697822,14.399652773591445,22.200000000000003,26.883982670575886,31.165221618916572,33.82301812934768
臺北市文山區興隆路二段３０１巷２１弄１０號四樓,25.0026319897746,121.553301970266,24.000000000000004,28.430434099505305,23.911372488160737,29.604753489871573,32.29041827368602,36.656524210927046,37.78380113653611
臺北市文山區興隆路四段５８巷２６弄３號三樓,24.9857170157999,121.560190972667,18.679999999999982,19.612680487365477,17.23171287644691,18.902840963606263,21.78346744123827,22.646793724802055,27.86014397558443
臺北市文山區興隆路四段９６巷３弄２號三樓,24.9830410093921,121.561392015573,16.500000000000014,15.799197706431721,13.648819057428419,15.12639941640756,15.963059419056703,22.461067433750504,28.080000000000023
臺北市文山區萬寧街１２５號四樓,25.003615019379,121.569452975676,16.29999999999999,25.888179895960445,21.700387967432782,24.221032402147532,29.71810648155299,32.43212826337401,33.59002882700541
臺北市文山區萬寧街１３９號八樓之２,25.003399981653,121.570125036673,8.000000000000002,8.78425756619238,7.445012277649483,8.074345162290332,8.45117718632985,11.456430867985768,13.980437671155478
臺北市文山區萬慶街１３巷１３號,24.9922793538459,121.539954833906,8.999999999999998,6.305531647089821,3.2430542929007564,4.511296891781135,5.780122815244921,5.948693438190866,10.136790988044234
臺北市文山區萬盛街５９號三樓,25.0058109941919,121.542212041813,19.360000000000003,17.02146555054987,14.346667270940882,14.63872972885865,16.69639537920187,19.29380237376628,21.560609069347038
臺北市文山區萬盛街９２號三樓,25.0056180008713,121.540707993107,19.380000000000006,16.505319075714876,13.588139990878666,14.891679039262124,17.169111103892202,24.367797256434717,24.99999999999996
臺北市文山區萬美街二段２巷５號二樓之４,25.0035225767552,121.562943648454,4.999999999999999,18.25750950449279,10.499999999999995,13.05,19.6432495272963,19.694136589919076,22.972724346114674
臺北市文山區萬美街二段５５號二樓,25.0051766936691,121.564179333655,18.800000000000004,30.99964217571172,24.348013313941443,33.173643242339416,33.48404750611086,34.824198161039604,38.44760872184077
臺北市文山區萬芳路２２號七樓之３,24.9958599987421,121.570455032201,23.550000000000022,27.53115253755499,22.30364309590583,23.86105358575823,27.30180844663132,30.43384451813958,31.490949478831904
臺北市文山區萬隆街１３巷３號四樓,25.0000609136364,121.539049327903,19.560000000000002,17.59824219223029,13.589339330097799,16.49790632696071,18.478534958588234,20.08153751752056,21.57299242966079
臺北市文山區辛亥路七段５巷４弄１４號四樓,24.9870100081838,121.553283027165,11.48,15.12573191541842,13.218170187227573,15.110404007572694,16.83495057369819,18.54484505247986,22.352872165220166
臺北市文山區辛亥路五段１２４巷６號四樓,24.9970060144537,121.551573035098,12.799999999999976,16.34303438298353,12.111274408422195,16.12684524014918,16.42688294686591,19.08716859684116,23.96423330778535
臺北市文山區辛亥路五段５５巷１２號四樓,24.998323984909,121.553630037957,15.449999999999994,16.375360888654242,14.40862306014561,15.510265247508686,16.359972143626965,19.246773277975336,19.560000000000002
臺北市文山區辛亥路四段１２８之６號十二樓,25.0050715846033,121.55691498963,23.34890000000001,25.04173997433672,18.7528137498621,20.476753749847276,24.496980534671845,31.81993408534578,35.00000000000001
臺北市文山區辛亥路四段２０９巷２２號二十二樓,25.002348010895,121.555666002238,22.999999999999968,27.71269103263918,19.37548458686702,22.736779533321474,26.313238625459466,36.46600564322753,52.29999999999996
臺北市文山區辛亥路四段７７巷１７號十一樓,25.0077594933136,121.560316617396,24.500000000000004,32.49343151381079,26.48566272027146,32.12589042522684,34.5293703321432,35.76351596732492,38.75662777220378
臺北市文山區辛亥路四段７７巷８０號二樓,25.0085493200498,121.560490206611,25.79999999999997,27.141673723378346,22.880202628226254,25.399509139033043,26.649837163214563,27.8043245453725,34.49999999999998
臺北市文山區辛亥路四段７７巷９２弄１１號十樓之９,25.0087574846152,121.561276010033,10.150000000000013,10.547469625825446,9.350000000000012,9.350000000000012,10.596261767058326,12.197917032854953,16.06980708627496
臺北市文山區辛亥路四段７７巷９２弄９號十四樓之１,25.0087788165588,121.561219432187,9.350000000000012,11.119542503657575,9.316370099500938,10.22644998118939,11.598168799402517,12.00095206679326,17.32016831433134
臺北市松山區三民路１１３巷１６號七樓之１,25.0580190192247,121.562317964417,10.420000000000005,9.383343876207915,6.271878931670712,8.206305914038005,9.83174825001843,13.711197859855769,15.300000000000015
臺北市松山區三民路１５５巷１號三樓,25.0614139833774,121.562883994339,30.99999999999997,19.70839096621938,17.674929480800817,20.147395269892172,22.656547389963773,24.44251110215198,27.54380593288138
臺北市松山區三民路１６７巷４號,25.0617120019448,121.562800007669,22.100000000000016,11.284415912690035,7.35565957083014,9.690185903232953,14.6678296964308,20.27527598007853,22.000000000000004
臺北市松山區三民路６８巷７號三樓之２,25.0553619978276,121.564943008854,30.87999999999997,22.979962165787562,18.43977349122228,20.642728232565187,23.065156607675394,28.130314140645943,34.49999999999998
臺北市松山區五常街２８１巷９號三樓,25.0645960052799,121.544914032121,17.99999999999999,14.721480684331864,13.542357141397684,14.855155711055898,15.965428324958417,17.485855962048614,17.98541870503076
臺北市松山區健康路１６８之１號八樓,25.0535909855057,121.558344020303,30.199999999999996,31.242080106027352,25.751722833061343,27.385558653877627,31.55790072403586,39.30483907858588,39.99999999999998
臺北市松山區健康路３５巷１３號七樓,25.0542459893293,121.554459008181,46.45000000000001,32.419519572195675,21.353432527736356,27.076191945327018,31.303998907607205,37.53154754923663,40.42615220105898
臺北市松山區光復北路１６１巷１０號三樓,25.0557460147216,121.556078978607,28.080000000000023,15.155693431468306,11.596591060943023,16.159633154180455,16.454610372957365,17.58121504558418,19.49049420450433
臺北市松山區光復北路１８４號三樓,25.0540527864611,121.555997674147,44.99999999999999,41.86575026806793,29.430409343250567,38.60046644374577,44.29625532672149,49.67986432812803,58.68270903705838
臺北市松山區光復南路２２巷３８號四樓,25.0467570102991,121.555420999208,38.580000000000005,27.41594421423952,24.608185933108825,26.32784936950222,30.000000000000057,36.25996217935828,37.29414118927684
臺北市松山區光復南路６６巷６６號四樓,25.0450859940821,121.554841977337,11.00000000000001,8.671491651695142,3.669320936508853,5.07910294038513,8.735523501981994,11.287709612795165,17.59386370422712
臺北市松山區八德路三段１９９巷１９號六樓之７,25.0491500017462,121.556443004662,16.200000000000024,10.5465144503095,7.567186032280641,10.596272570995815,11.86631752826921,14.243052742871582,17.62380798827173
臺北市松山區八德路二段３４８號二樓之９,25.0477319932765,121.545318961863,16.29999999999999,12.952336686354736,10.147649627813031,11.259464684398681,13.05523507472385,15.262592644996193,18.58000000000003
臺北市松山區八德路四段２４５巷２７號五樓,25.0503639946926,121.564540006949,36.99999999999993,37.95293329449524,27.57480264639433,36.810340660902874,43.022673000859854,46.892937174991104,49.117058787311535
臺北市松山區八德路四段６１號二樓,25.0484980154077,121.559756035712,22.680000000000017,17.84674172150284,12.831149719365717,16.9231090469579,17.907067849294176,21.044650110194322,23.82746265191142
臺北市松山區八德路四段７２巷１４弄１１號二樓,25.0465719797865,121.559669031557,22.579999999999966,18.20665082865378,11.60492632148965,16.264911679716217,20.868032564035964,25.806674304899822,29.082056124464827
臺北市松山區南京東路三段３３５巷２３號三樓之１０,25.0532768351906,121.547540088819,19.299999999999986,10.083147950551995,8.358306982412929,9.302737632077637,10.516189687943061,12.175992317574265,14.059434330883532
臺北市松山區南京東路三段３３５巷２３號五樓之２４,25.0532768351906,121.547540088819,11.50000000000002,5.360251785049955,3.696498182984654,5.020477004285118,5.631729886764621,5.708559474623129,6.670863288987088
臺北市松山區南京東路五段２００號十一樓之４,25.0511500076629,121.564348983376,22.000000000000004,24.83106951910204,19.122744530581897,21.967839998669163,23.89344399871069,28.246215094936066,33.59002882700541
臺北市松山區南京東路五段２００號十樓之６,25.0511500076629,121.564348983376,22.620000000000044,18.468286140362952,13.213567444504873,18.43252809446132,18.679999999999982,24.144261136713617,27.837740380014413
臺北市松山區南京東路五段２３巷１５弄５號四樓,25.0529509852887,121.557806991766,16.79999999999998,17.467036467385455,15.708626987444099,16.696427816178904,19.633961390056655,23.83306950963056,25.117012682436247
臺北市松山區南京東路五段２３９號十二樓之５,25.0516164186651,121.564972429334,16.020000000000007,14.931701215459977,12.037441588643347,12.566578092360091,15.15185227201622,16.904029245127564,18.58358657939325
臺北市松山區南京東路五段２５０巷１８弄１６號,25.050096989167,121.566952989235,13.920000000000005,8.861755778973295,3.903571832567173,5.880539113477836,8.188753834501876,13.194382932400595,16.149224270674278
臺北市松山區南京東路五段２５０巷３６弄３４號六樓,25.0495900097534,121.567370994746,14.499999999999995,20.006485820070903,14.887537646001409,16.408005426843975,19.953345879217878,23.26248993198211,29.20000000000002
臺北市松山區南京東路五段４０號十五樓之１２,25.0512950145878,121.559708007406,31.08000000000003,23.02271056038823,16.97113485673946,19.080707700801465,22.142471006810165,28.57358744309996,30.000000000000057
臺北市松山區南京東路四段１３３巷５弄２１號四樓之３,25.0520720170122,121.555906981954,12.000000000000005,9.625200197856348,7.454599398238773,9.844773122355582,11.702457978302565,13.34807812923326,15.718136934699807
臺北市松山區南京東路四段１３３巷７弄３２號三樓,25.0527639850288,121.556359017993,9.999999999999998,7.105966578516006,4.181543699155337,4.745468641575954,6.283994443616079,7.408035313611237,9.492620651611396
臺北市松山區富錦街１０６號三樓,25.0595869799422,121.552369986452,37.5,19.70154487865878,15.723951631356261,18.133782083476838,21.47999999999998,25.234226649439343,29.003742553564962
臺北市松山區延壽街３５６巷４弄２０號五樓,25.0558129861279,121.558463965337,43.99999999999999,40.49501246918511,32.68964969229977,36.03103495556112,44.78301196574194,57.59418236682983,59.91750585046396
臺北市松山區復興北路２３１巷２號二樓,25.0569489854653,121.544652013827,20.000000000000014,14.570549003539217,11.43916457942035,14.416048516604702,15.140733115638561,17.52049281460561,18.63943900848312
臺北市松山區復興北路３１３巷８號三樓,25.0588530185906,121.545092985753,50.99999999999997,49.36674682932612,30.943972645259194,49.06444706285753,54.13123382124916,62.43947206749969,65.33626283566326
臺北市松山區復興北路４９９巷５弄５號四樓,25.0657970062763,121.544710016597,16.129999999999978,13.164097869477542,10.561005413913726,11.56099493245991,14.293747597687378,16.29515072769313,18.81332539209884
臺北市松山區慶城街４６巷９號四樓,25.0551719800826,121.547369007742,5.657500000000001,3.5047123452969746,2.5236435312550953,3.15817979882819,3.272627928582946,4.045946195637793,5.331446875280898
臺北市松山區撫遠街３９９巷４號二樓,25.0654030149176,121.565909023195,12.149999999999999,11.653756538204451,3.8,10.47124634415598,12.813424289240043,15.073306067543546,17.505131700794333
臺北市松山區撫遠街４０１巷３２號二樓,25.0658719824002,121.56734903416,16.500000000000014,17.087059014537836,13.891410997607572,15.19266884310434,16.885502532906052,19.03690187741324,21.325176650612537
臺北市松山區敦化北路１６５巷４８號,25.0545679801398,121.552537959792,28.800000000000036,22.84274484093413,11.675741901094344,14.792058680251383,22.70716140222062,27.25139849365125,34.199415199678484
臺北市松山區敦化北路４巷３１號三樓之２,25.050086595607,121.545517277692,16.79999999999998,10.11829789911073,7.940659126653238,9.689737819224943,10.905598424971652,13.200000000000017,18.50000000000003
臺北市松山區新東街３０巷３４號三樓,25.059617992984,121.567232022792,6.899999999999999,6.449755661161289,3.83270013177333,4.631436331674959,6.2930517239253625,7.940928507681942,12.255946210288473
臺北市松山區新東街４５巷１４號三樓,25.0613709842141,121.564462977259,15.599999999999984,15.516525911352472,12.72775036084196,14.222260264672537,15.695961497512089,17.83081258020292,18.199999999999992
臺北市松山區松河街３８號十二樓,25.0506908889165,121.573237824055,42.90000000000001,37.28828321856699,28.728506447246534,34.52048184567847,36.052515444382934,42.400119944698666,51.67032417161708
臺北市松山區民生東路五段１８８號八樓之１,25.0586130027932,121.563894600404,52.999999999999986,38.279573616716384,27.886964105941935,31.825660009799044,39.97003363958632,45.50183923481042,52.679999999999964
臺北市萬華區中華路一段１８６號十二樓之２,25.0389713118966,121.506655170353,38.50000000000002,38.0265944969508,32.114756133334154,34.536370616829075,37.49328984807803,40.370001019323524,43.89652809954304
臺北市萬華區中華路二段３６４巷１弄２號二樓,25.0286720064602,121.504624989584,27.25000000000005,27.66291187881129,21.992422659248902,25.88770517964261,27.7200632613575,30.846426636341352,34.97447117985536
臺北市萬華區中華路二段４１６巷１３號十一樓之３,25.0269499863623,121.504242020428,19.599999999999987,21.97046225290785,19.296520188243353,20.488326422302183,22.492609526560333,24.34875923336633,25.189315566350025
臺北市萬華區中華路二段４１６巷５號七樓之１,25.0270369905173,121.50471802871,22.000000000000004,22.78273617178351,18.14184524791847,20.37088187166285,22.382969548919874,28.32470523744438,32.87999999999995
臺北市萬華區中華路二段４１６巷８０號十二樓之３,25.0273135933221,121.503458061024,47.60000000000003,46.725005040226975,35.913668900873525,38.04768606362089,45.81292840547603,52.18170514883085,59.061842006655006
臺北市萬華區中華路二段４９８巷９號十樓,25.0259060203218,121.507169986846,10.399999999999991,11.20237908439435,8.435214171911037,10.310155570902294,11.336799092406297,12.13128187785611,12.65000000000001
臺北市萬華區中華路二段５０４巷５號四樓,25.0256419903718,121.507897033127,12.879999999999999,11.792750642324803,9.271859340195732,10.127726487765798,11.626485877442335,12.600000000000014,16.200000000000024
臺北市萬華區中華路二段５０４巷５７號七樓,25.024930995435,121.507981019797,11.00000000000001,10.978366710530747,8.373986459617074,9.494570592049369,11.215198026178358,13.000000000000012,14.000000000000009
臺北市萬華區中華路二段６６６之２號十四樓之２,25.0241599860714,121.511176704201,27.199999999999992,33.38867363002966,25.03474581749728,32.111491508312994,34.83885047376242,39.54391263966083,52.49999999999998
臺北市萬華區和平西路三段２９０號四樓之３,25.0352639961221,121.494854959424,10.199999999999985,15.526392261892957,13.31656401538974,14.257410653556736,15.5086825510573,17.180398035223586,18.940239505527128
臺北市萬華區國興路４８號七樓之３,25.0254189898378,121.507339971842,12.600000000000014,11.185950288727891,8.867520146308571,9.822103520898832,12.315098882732869,15.049058986834833,16.70422023123936
臺北市萬華區大理街１０３號六樓之１,25.0345094991077,121.49811199936,25.500000000000018,28.096828953841033,21.120259588125105,26.479865231513557,27.922283126053003,30.715314217420694,33.54747493756276
臺北市萬華區康定路１０３號十三樓之１５,25.0395069993285,121.502047973453,12.000000000000005,14.666544507445225,11.09670948521952,12.30018672031556,13.403802182006947,14.55220375123212,17.0242980639523
臺北市萬華區康定路１０５號六樓,25.039268198907,121.50202316302,14.949999999999996,18.046031474420968,13.276645160751317,17.17593054427135,18.95031992496966,20.723094891058057,22.35321071706495
臺北市萬華區康定路１６６號十二樓,25.0394489965585,121.501803976252,30.000000000000057,28.162157562762335,23.75511808521864,27.523619657569657,32.081479350395,38.27051427001948,42.302558342748284
臺北市萬華區成都路１０２號八樓之５,25.0435070111619,121.502232962056,14.279999999999992,17.316111652873367,13.064909084474701,14.55897123693201,16.5088472139806,20.860000000000017,26.5
臺北市萬華區成都路１０６號十樓之２,25.04355998479,121.502100025072,17.199999999999985,14.096950930624683,11.022173644488317,14.389397722936472,14.944955620631095,16.071295510780267,17.717493434753596
臺北市萬華區成都路６７號八樓之１６,25.0429279892905,121.50570399198,4.1999999999999975,7.077851716725839,4.877090981002919,6.090290113657529,6.999999999999995,8.095856877760381,9.500000000000014
臺北市萬華區桂林路１４５號十樓,25.0386445014917,121.498144269687,31.65999999999998,35.72601277601563,28.29874856437473,32.82419397016236,37.2060355192916,41.05284568784004,42.494083630111334
臺北市萬華區武昌街二段１２４之２號五樓之２,25.0453662849243,121.503764671042,7.800000000000005,8.571358431279743,5.4741237882970095,6.732253506316483,8.219864602140856,10.423111657527466,11.142354879585492
臺北市萬華區武昌街二段１２４之２號五樓之３,25.0453662849243,121.503764671042,6.960000000000005,6.834945050906406,4.575449777348246,5.109966745368654,6.495761629855835,8.494320542170275,9.878201390809853
臺北市萬華區民和街１００號七樓之１,25.0254829856686,121.497528032166,22.76999999999998,23.89081317150764,18.874586088176894,23.550000000000022,24.197719837310498,29.48889341576605,31.454232812967046
臺北市萬華區民和街１００號九樓之２,25.0254829856686,121.497528032166,33.900000000000055,39.447827410760105,33.813644663458135,35.993115043734896,39.5914020688096,50.723400104187995,66.41999999999994
臺北市萬華區民和街１００號六樓,25.0254829856686,121.497528032166,25.246000000000006,25.213158234157643,20.644348257093494,23.267069449277816,26.069881722453157,27.82409028162463,32.80000000000005
臺北市萬華區民和街９６號九樓之１,25.025500000932,121.497593997744,46.59999999999995,42.225877490446194,34.37067052542851,38.10678567371958,43.21516179081533,53.44211822149267,66.41999999999994
臺北市萬華區民和街９６號四樓,25.025500000932,121.497593997744,43.000000000000014,50.639742419929114,29.139049174225974,46.26436209275224,55.603423386084714,63.81173170112935,66.84826736387424
臺北市萬華區民和街９８號七樓之２,25.0254950136996,121.497558039379,24.619999999999965,26.79300144176562,20.659999999999965,26.404152736046793,30.175610226739437,32.879192857604274,39.01674792009115
臺北市萬華區民和街９８號十四樓之１,25.0254950136996,121.497558039379,32.599999999999966,39.26080099406693,28.6869039012369,34.38150122653674,36.44453915363438,45.4489442175719,55.20412163791019
臺北市萬華區漢中街１６０號七樓之１３,25.0411630119389,121.506565986903,12.000000000000005,15.466136694988975,11.918911489266018,13.587639954017046,15.671198750351664,17.08405941337878,18.107506775492332
臺北市萬華區環河南路二段１４９巷１號九樓,25.0336029962793,121.493094005386,13.000000000000012,13.120187899745687,11.207980396278703,11.578444227043999,16.651837539352417,17.557796386639914,23.799224283643657
臺北市萬華區萬大路１４７號四樓,25.028736002291,121.500699995784,6.4,5.852598829221663,4.771973829565743,5.100000000000003,5.931780151678308,6.629475132206709,7.86128677116804
臺北市萬華區萬大路３８５號五樓,25.0226340186888,121.499526026426,16.200000000000024,22.74968225402188,16.514322648109022,19.1977780349164,23.021477159506787,32.02076454982124,35.49999999999995
臺北市萬華區萬大路４８６巷２８弄４４號二樓,25.0210870127292,121.496408964273,11.00000000000001,13.430733545490988,10.215747150520478,11.699877028926437,13.44201236132949,15.47848249137935,17.430670459418632
臺北市萬華區萬大路８４巷３號,25.0305679929585,121.50014896947,20.879999999999974,20.717808081990782,15.78179558161476,17.64978833326093,20.478764470269468,23.132740676488748,24.35213823572308
臺北市萬華區萬大路８５巷１４弄３號,25.0300600077166,121.501176004066,18.50000000000003,18.629871019902456,16.94628438555402,19.32341811896834,27.748809677472362,31.46570304363212,35.49999999999995
臺北市萬華區西園路一段２７號四樓,25.0409209844847,121.500101024984,17.700000000000006,16.235239744765973,13.491551720769733,16.12684524014918,16.64759055860487,20.19300921862603,23.20641674327259
臺北市萬華區西園路二段１７０號五樓,25.0296689919334,121.495905966263,16.00000000000003,19.174460315050133,12.870651055410933,15.600176475736355,19.61229280946529,26.418743346344083,29.280000000000022
臺北市萬華區西園路二段３２０巷３６弄３５號五樓,25.0269690132826,121.49079702864,4.900000000000004,5.734144205829775,4.090898488922244,5.519424597583377,6.082902451579191,6.67311723755249,9.972149575583359
臺北市萬華區西園路二段３２０巷３６弄３６號,25.0268059852658,121.491123000854,10.899999999999995,9.674178470595466,4.002613316006815,8.628309264488935,9.161160693467801,11.55121700625611,14.01247567732059
臺北市萬華區西園路二段３７２巷１０１弄２２號,25.0274150143505,121.49006201955,0.2599999999999998,0.37638117359962386,0.24458663863634503,0.3405877273185279,0.4772184774633398,0.7917876202092038,1.5599999999999998
臺北市萬華區西園路二段３７２巷４１號,25.0267877127169,121.490389919602,10.150000000000013,9.107829277481406,5.438786529686384,7.5504463588837645,8.534918290613172,10.613974939265885,12.142831947012677
臺北市萬華區西寧南路１０８號七樓之２,25.0418079993882,121.505868025825,26.149999999999967,19.295609960504272,16.2359151267585,19.214057353927082,20.91526767621342,22.741019295490396,24.76927799992853
臺北市萬華區西寧南路１２５號七樓之３,25.0445720157794,121.506584007995,44.99999999999999,39.371011578353446,30.635220207005514,36.59489866904726,38.693905972119154,41.323460117497206,44.02583524915282
臺北市萬華區西寧南路２９３號三樓,25.038722914196,121.506388877289,22.000000000000004,19.464024653842856,14.948217632796545,17.71923613196676,20.385758925658326,23.67789077659892,25.60662966222878
臺北市萬華區西藏路１０７號九樓之１,25.0296899886009,121.503469963327,39.979999999999954,38.891638961381695,30.99319682605636,34.93249964363763,39.54802645273695,42.2838184309431,47.21911676820441
臺北市萬華區西藏路２５１巷７號四樓,25.0282410089989,121.494105030547,13.96,17.056779249861787,12.413246463418602,13.14357017760263,16.85107003934326,20.300922700131267,22.584936473917587
臺北市萬華區貴陽街二段９６巷３之３號,25.0393409957361,121.503298972502,9.700000000000006,11.458881858789157,8.048600669663674,10.314512648120079,11.670724708402398,13.848210310231803,16.114111159448942
臺北市萬華區長泰街３號三樓,25.0229850108842,121.501356969355,10.650000000000006,11.78152709371598,7.9492944856552805,12.030581422174572,12.811572432144617,13.777473195556793,17.233833593641073
臺北市萬華區長泰街３０８巷１９號三樓,25.021452002703,121.492749006251,11.00000000000001,14.168285943639049,12.944917169500437,13.885247486200573,15.462096437976637,16.946484520926635,18.149700064868426
臺北市萬華區長順街４３號四樓,25.0308810151326,121.491843006337,10.499999999999995,11.653540469339747,8.000000000000002,10.623825760947442,11.508211028200524,12.601536343680934,16.664161715271202
臺北市萬華區雙和街１１６號五樓,25.0277499971109,121.500816001324,6.999999999999995,5.651059559692765,4.504658162984657,5.454134566986314,5.975690759392677,6.381669923604775,8.06789746862623
臺北市萬華區青年路１５２巷２號十樓,25.0212992844271,121.502174959286,16.99999999999998,26.490160596472933,19.5602693582826,24.240378063452447,26.6689056891147,30.675139817551045,33.69731846616409
