土地位置建物門牌,緯度,經度,actual_price_million,pred_mean,pred_0.1,pred_0.25,pred_0.5,pred_0.75,pred_0.9
臺北市中山區中山北路三段３９號七樓之１,25.0660379859926,121.522533009538,5.2000003,5.745913,4.548474,4.9762654,5.9396057,7.551215,8.981211
臺北市中山區中山北路二段１１５巷３弄１０號四樓之２,25.0613690144668,121.523758024687,12.0,14.160069,7.357006,10.196943,13.330377,16.244339,16.50841
臺北市中山區中山北路二段５９巷２８號五樓,25.0557820149957,121.524109980801,11.46,13.392544,7.119781,9.743406,11.065995,14.291416,14.443345
臺北市中山區中山北路二段５９巷７號二樓之１,25.0559760141447,121.523464993352,30.000004,23.084305,17.029366,19.749256,26.143143,29.50365,30.682762
臺北市中山區中山北路二段６２巷９之１號,25.0567450118515,121.522014002093,14.499999,15.669189,11.600731,16.229408,16.599604,22.97648,23.4792
臺北市中山區中山北路二段７２巷９號六樓之７,25.0571079901685,121.522185998746,12.5,11.717096,9.422793,10.975018,13.255579,14.031898,15.323725
臺北市中山區五常街６５號四樓,25.0644409819806,121.540043978738,17.0,15.807948,12.664148,14.2653265,16.54708,17.08827,19.216501
臺北市中山區伊通街１２９號七樓之１,25.0544049940325,121.534992038056,6.9999995,16.533476,11.738139,13.505368,15.09981,17.661114,19.356483
臺北市中山區八德路二段８８巷２號三樓,25.0454190070952,121.535794018552,21.000004,17.880749,13.633315,17.90432,18.582464,21.177912,22.158968
臺北市中山區北安路６０８巷４弄６之２號四樓,25.0813849992498,121.549308999232,10.000001,10.973855,7.0447063,9.510524,9.904145,12.47749,13.358232
臺北市中山區南京東路二段１０８號十八樓之１６,25.0518390001039,121.532169013066,15.000002,16.643549,11.83008,15.339936,17.15439,21.1171,25.69138
臺北市中山區南京東路二段１０８號十四樓之１５,25.0518390001039,121.532169013066,19.279999,28.780672,23.019953,25.632607,27.615522,31.73875,35.197594
臺北市中山區合江街１８０巷２號四樓之１,25.0610179803618,121.539082993539,22.000002,22.76448,22.056244,22.499247,23.91516,24.010473,28.793657
臺北市中山區合江街６１巷８號五樓,25.0571550126454,121.539589009033,15.409999,17.019096,16.352583,17.214285,18.896063,19.442038,21.414053
臺北市中山區合江街７３巷３號五樓,25.0588220055489,121.539642820852,36.2,32.715572,26.911236,30.726627,35.819183,35.859924,40.66546
臺北市中山區吉林路２１８巷１９號二樓,25.0590219977587,121.529410025817,38.26,37.68511,25.852217,30.67999,35.03782,39.850594,43.247116
臺北市中山區吉林路２２巷２３號三樓,25.0511319865711,121.528689014506,44.38,35.785908,20.279194,34.248974,36.41115,44.506878,55.567932
臺北市中山區吉林路３６９號二樓之１８,25.065068996076,121.530509982971,8.600001,9.181232,7.485852,8.595358,10.125758,10.742937,13.0757675
臺北市中山區吉林路３６９號六樓之１３,25.065068996076,121.530509982971,8.900001,8.67486,4.8968363,6.772242,7.2406483,10.461789,10.56603
臺北市中山區吉林路４３３巷２９號三樓,25.0670640147603,121.53217303638,21.3,18.559769,14.772218,16.442122,17.852537,21.064543,23.584127
臺北市中山區吉林路４４０號,25.0663932110492,121.530292891679,16.800001,20.017866,14.448958,15.697978,19.378746,20.120605,23.440311
臺北市中山區四平街１７號三樓,25.0537639879872,121.530933017624,28.500002,26.05282,11.261796,19.287426,27.76813,34.188145,36.778034
臺北市中山區市民大道三段１６９號七樓之５,25.0448106904723,121.540647559585,15.000002,18.438026,14.165319,15.683341,18.95319,22.255362,23.679895
臺北市中山區市民大道二段６７巷１０號四樓,25.0467730197342,121.529015992549,18.999998,16.107414,14.447646,16.502897,16.519777,19.203104,21.464563
臺北市中山區建國北路一段２３巷１７號五樓,25.0473830127378,121.538072974206,18.880001,22.433853,16.717321,20.0507,21.777863,25.201977,26.172
臺北市中山區建國北路三段８１巷３號六樓,25.0655101340103,121.537448512556,26.5,18.578539,16.056671,18.378578,19.35134,21.741974,22.252008
臺北市中山區建國北路二段１０８號六樓,25.0584254996192,121.536541935772,28.659998,20.48689,16.570007,20.288807,23.850708,25.678326,28.115412
臺北市中山區復興北路２８８號二樓,25.0591110135704,121.543923961718,28.880003,26.398012,24.53637,26.309858,29.946089,31.888445,33.037727
臺北市中山區復興南路一段４０號十二樓之１,25.0453659915577,121.543601006988,23.0,19.64038,15.598543,16.088919,19.018456,20.920221,23.798326
臺北市中山區德惠街３巷１號五樓之１,25.0670760008819,121.523202975059,10.120001,10.52835,8.110029,8.879486,11.482908,12.25406,12.9550085
臺北市中山區德惠街３４號六樓之２７、六樓之２８,25.0665869168316,121.526186513494,12.2,10.946107,9.100195,10.981218,11.172607,13.0350895,13.863449
臺北市中山區德惠街４５號五樓之２１,25.0667429878687,121.526995031874,11.5,9.323653,5.4508514,7.991536,9.403605,10.167094,11.505451
臺北市中山區敬業三路１６２巷１５４號,25.0779809826417,121.559851002674,29.799997,26.030056,18.38275,22.602955,26.501244,29.132984,33.659737
臺北市中山區敬業三路１６２巷４０號四樓,25.0778519851518,121.556995036806,36.0,26.069075,19.930353,26.631504,29.182203,32.4708,32.845177
臺北市中山區敬業三路１６２巷４７號十樓,25.0790370186228,121.558376039173,31.500004,27.233469,20.679136,25.66268,28.085026,33.157597,37.55452
臺北市中山區新生北路三段１號七樓之６,25.0628870190414,121.527990969609,8.16,10.5174265,6.2529035,7.28143,10.05084,10.055055,11.43885
臺北市中山區新生北路三段１號八樓之１５,25.0628870190414,121.527990969609,8.600001,9.604803,4.8686795,6.545053,8.617741,10.3179245,11.051745
臺北市中山區新生北路三段１號八樓之２３,25.0628870190414,121.527990969609,7.3000007,7.2837715,3.7850957,6.0155153,7.035242,9.675471,9.771973
臺北市中山區新生北路三段１２號十一樓之１,25.0633199862499,121.527367020737,17.6,23.532051,17.082735,20.033546,21.622482,25.537916,28.476646
臺北市中山區新生北路二段１２１號二樓之２,25.0590279908194,121.52788703401,15.800001,16.047237,11.802598,14.390935,16.504482,18.584354,19.990303
臺北市中山區新生北路二段１２９之１號六樓,25.0599114015046,121.5280177917,18.499996,18.13015,14.007289,15.955691,17.322235,19.682703,22.162498
臺北市中山區新生北路二段１３７巷３９號四樓,25.0613349839399,121.529133003917,12.5,14.040709,10.169816,11.046476,13.025134,17.015516,18.998232
臺北市中山區新生北路二段２３號七樓,25.0535240140993,121.527786032077,10.104351,24.61986,21.255419,22.659536,27.16083,31.810846,34.376476
臺北市中山區新生北路二段７４號五樓之１０,25.0571349798968,121.527172979679,6.1,6.9841437,4.428835,4.435615,6.044926,7.4417377,10.209128
臺北市中山區新生北路二段７４號六樓之１０,25.0571349798968,121.527172979679,3.0,7.72265,4.730883,6.3478084,6.5165825,8.426687,10.3722925
臺北市中山區松江路１號十樓之１,25.0458350847689,121.53330098909,24.0,17.689407,9.831965,15.618796,18.822943,22.249855,23.043734
臺北市中山區松江路２號十二樓之６,25.0462849834218,121.532706963612,10.500002,9.7743845,5.768211,6.824238,9.106623,9.663011,11.4665165
臺北市中山區松江路５０８之１號十一樓,25.0657980121047,121.533020027696,15.099999,9.238344,6.176955,8.327947,10.72647,12.322579,12.407096
臺北市中山區松江路６９巷６號三樓之２,25.0492709945186,121.533714971288,30.5,24.711287,18.7192,23.117588,26.547516,32.409645,37.743748
臺北市中山區松江路８５巷７之３號六樓,25.0502539822134,121.534077991515,35.600002,26.20299,19.484337,22.384743,25.753677,28.836462,30.0205
臺北市中山區松江路９０巷２１號三樓,25.0506059802373,121.530407975209,30.999996,27.206003,19.349915,25.484428,31.367165,36.521282,40.52122
臺北市中山區林森北路１０７巷３號五樓之２,25.0503310119036,121.525429040904,14.949998,18.429972,13.672161,17.055737,17.119108,22.137112,22.39104
臺北市中山區林森北路１０７巷４１號四樓之７,25.0501140044304,121.526330011676,14.499999,13.187551,8.923095,10.099828,11.043743,13.571659,17.324068
臺北市中山區林森北路１１９巷１９號,25.0506480154817,121.52588300478,3.0,5.8883166,3.2466118,3.5349834,4.9224086,7.3601823,7.393729
臺北市中山區林森北路１３３巷２８號三樓,25.0508219818821,121.526143011416,11.5,13.539287,8.73022,9.631628,12.512107,13.128072,15.878095
臺北市中山區林森北路２５９巷９號五樓之２９,25.0543819857083,121.52606388625,5.4999995,6.8897967,4.2487783,4.978753,5.805769,7.3973303,9.247791
臺北市中山區林森北路３０８號十樓之２,25.056109998867,121.525271964038,9.499999,10.25368,6.7591944,9.522611,11.118698,12.594316,12.718948
臺北市中山區林森北路４０９號九樓之１４,25.0596029893773,121.52570203949,6.22,7.598632,4.205278,6.434879,7.2475033,8.352873,8.872675
臺北市中山區林森北路４１３號十一樓之３,25.0597619940805,121.52570899647,13.849998,15.166836,11.147126,13.427263,13.474909,17.875332,18.08931
臺北市中山區林森北路６７巷１３２號五樓之２,25.0476889941132,121.528558005359,20.36,17.245752,12.859592,16.10877,20.040516,21.391972,22.10817
臺北市中山區林森北路６７巷８３號四樓,25.0481720012837,121.527025039088,22.480001,21.293688,17.565735,22.482382,22.625475,26.555422,29.664383
臺北市中山區樂群二路１７８號四樓,25.0795807107722,121.557985610123,32.679996,30.9808,24.116083,25.961657,30.821741,34.539974,36.535034
臺北市中山區民權東路一段３６號三樓之５,25.0625262200192,121.523858272249,12.370001,11.334148,8.790623,8.879789,11.824841,12.33354,13.527005
臺北市中山區民權東路二段１３５巷３０弄１５號三樓,25.064302010026,121.534347972616,4.7499995,2.745822,2.458884,2.5292118,3.5704496,6.0063195,7.8295755
臺北市中山區民權東路二段１５２巷６號三樓,25.0615330064024,121.534991032227,25.999998,27.32479,20.10404,23.166866,28.786867,29.22037,29.667194
臺北市中山區民權東路二段９２巷８弄１７號三樓,25.0608629989721,121.531026978759,18.0,18.60928,12.917978,17.066986,19.875679,22.426414,22.805952
臺北市中山區民生西路４５巷７弄５號二樓之１,25.0587780005572,121.521085873955,14.679999,18.379784,15.822152,15.968347,16.276653,20.771643,23.56889
臺北市中山區農安街１０之１號四樓之１,25.0648400024813,121.523610000277,16.500002,18.736696,12.91008,15.421819,17.370367,17.715427,21.385853
臺北市中山區農安街１７６號六樓,25.064548982803,121.534753992006,20.000002,24.59889,17.550297,21.913136,25.344315,28.432673,31.864653
臺北市中山區農安街２０４巷１３號二樓,25.0639589806385,121.536430037365,4.0,9.972796,2.1103783,3.7308369,7.6870375,11.549082,12.796652
臺北市中山區農安街３２號七樓之９,25.064797003318,121.526653972234,15.000002,17.415447,12.249108,14.722298,17.47406,19.584032,21.957027
臺北市中山區錦州街２１號九樓之６,25.0604040059542,121.524953032623,11.55,9.603141,7.3935957,8.569023,9.6460285,10.849451,12.517822
臺北市中山區錦州街２４２號五樓,25.0601730007027,121.533804992928,16.0,19.706545,13.390017,18.005838,19.244726,25.30073,26.228018
臺北市中山區錦州街３０巷１２號十樓之１,25.0595389935465,121.524662012944,8.660001,8.972157,6.6980157,7.750364,8.67814,10.395618,11.578062
臺北市中山區錦州街５０號九樓之２５,25.0601629843284,121.526106969233,5.05,8.77881,5.334947,7.0521264,7.15044,9.3105545,9.573512
臺北市中山區錦州街５０號五樓之３,25.0601629843284,121.526106969233,8.0,8.366133,5.6889653,7.5449004,8.892428,9.664188,10.894619
臺北市中山區長安東路一段５１號十一樓之１,25.0489230198082,121.526109986718,36.2,22.525732,17.359076,23.887465,27.872433,32.37506,37.564846
臺北市中山區長安東路二段１０５號五樓之３,25.0485359854291,121.535251960873,9.400001,11.437754,7.314725,9.776891,10.96642,11.642692,13.235857
臺北市中山區長安東路二段１８９號九樓之１４,25.0483807944918,121.542773629326,12.0,10.397659,6.3103857,7.696552,10.682242,12.050549,12.487323
臺北市中山區長安東路二段２０８號七樓之１,25.0481849932336,121.541916998821,45.080006,35.273712,28.078478,33.053577,38.15502,42.0284,47.030636
臺北市中山區長安東路二段２０８號十三樓之１,25.0481849932336,121.541916998821,40.500008,29.400253,21.29749,27.223764,30.763361,39.567192,43.54082
臺北市中山區長春路２５８巷２６號九樓之４,25.053546980514,121.538957013534,13.660001,15.7414465,10.634523,11.735535,13.270134,15.964822,17.236883
臺北市中山區長春路３６８號十二樓之２,25.0544230151244,121.542666005689,3.7500005,5.5820694,2.3514607,3.9179823,4.245088,8.700798,12.614072
臺北市中山區雙城街１２巷５之２號四樓,25.0645639864097,121.523430040816,10.929999,10.727729,7.109319,7.552016,9.460826,12.469716,13.795947
臺北市中山區雙城街４３巷２１號五樓,25.0675929966697,121.525132992084,7.700001,8.116788,5.8016243,7.998436,10.014302,10.082156,10.942287
臺北市中山區雙城街４３巷７號七樓之８,25.0675530149916,121.524801990727,5.4800005,5.515926,3.2649684,4.122663,5.8456664,7.493123,7.758175
臺北市中山區龍江路１０６巷３號二樓,25.0529190083281,121.540093012871,25.3028,31.201674,19.580359,22.993595,26.64814,29.34258,33.883625
臺北市中山區龍江路１７９巷１３之１號三樓,25.0551260053437,121.541329008314,15.199998,13.74795,9.989234,10.04435,14.543903,16.223463,17.342855
臺北市中山區龍江路３３３號七樓之１,25.0630440120879,121.54106699002,40.999996,27.03512,24.474325,24.540785,30.164669,34.72383,38.091232
臺北市中山區龍江路３４２巷３８號五樓,25.0654870015874,121.538918959693,0.1876,1.6511719,0.4415752,0.85708994,1.3121535,2.6297207,4.421864
臺北市中山區龍江路３７巷１５號二樓,25.0488700042706,121.541104038032,0.92419994,160.30249,58.58225,110.66205,127.80996,160.68552,217.16928
臺北市中正區中華路一段７號十四樓之９,25.0471059908379,121.510328036505,20.879997,21.336542,16.965277,17.611197,19.90209,25.224215,32.57027
臺北市中正區中華路二段８１巷４３號三樓,25.0332820112972,121.506375969158,16.449999,20.18028,17.02143,17.329601,17.531322,20.981968,22.387886
臺北市中正區同安街７２巷１４號二樓,25.0225369981595,121.519216038994,24.0,25.302944,17.606161,21.805315,26.563488,28.030294,33.8786
臺北市中正區寧波西街４２號七樓之１,25.0308749801623,121.517978031895,38.499996,36.93527,27.895939,30.263103,34.037033,39.946823,41.40776
臺北市中正區寧波西街８６號五樓之１,25.0298460177285,121.515924968531,22.199997,22.89295,18.264881,21.327137,23.663527,26.219484,29.10923
臺北市中正區師大路１８７號三樓,25.0206939852893,121.526495973359,17.5,20.280382,15.369781,17.210554,17.211943,21.149776,25.377075
臺北市中正區廈門街３４巷１８號四樓,25.0260540028224,121.516637011206,11.799999,10.557598,4.952146,8.055837,10.149997,10.654767,14.277219
臺北市中正區晉江街１６９號三樓,25.0213929941046,121.526652966406,20.799997,20.3766,16.172918,16.519999,20.017492,21.966213,25.725857
臺北市中正區杭州南路一段１０１巷２６之１號三樓,25.0373679795476,121.526862011071,30.700003,27.526857,25.763716,27.286211,28.844723,31.62256,35.996838
臺北市中正區杭州南路一段１０５巷２３之２號五樓,25.037113002053,121.52706896026,35.499996,31.639845,23.590672,27.084986,29.498217,34.335865,34.9447
臺北市中正區杭州南路一段７９號十樓之２,25.0392010179531,121.525557032565,37.999996,34.68413,26.247105,30.237831,34.134285,37.224537,41.67757
臺北市中正區汀州路二段２０１巷２號三樓之１,25.0238270149677,121.522522029245,12.749999,17.801151,12.159532,13.809868,14.508391,18.734966,21.89746
臺北市中正區汀州路二段２８７號六樓,25.0220769993132,121.524380967731,21.8,17.868204,11.64109,18.352161,22.66898,24.623764,24.735268
臺北市中正區牯嶺街８７之３號四樓,25.0270009902432,121.518798033483,2.0,6.697424,3.1406798,3.7722132,6.573882,8.7247925,11.689798
臺北市中正區羅斯福路三段１２８巷１９號,25.0204030075206,121.526751034673,40.2,29.081001,21.466904,23.63117,26.698183,32.436886,34.258892
臺北市中正區臨沂街３２巷２號二樓之５,25.0396230048685,121.529612029684,19.38,26.41597,17.608261,21.255842,23.452091,27.578558,28.519337
臺北市中正區臨沂街５７巷３１號,25.0376030081127,121.530931005967,59.49999,30.008772,22.151731,25.40517,29.267067,29.403994,35.285286
臺北市中正區臨沂街７１巷１９弄２５號三樓,25.0370109942914,121.53154196289,59.49999,49.23057,35.61481,38.971973,48.63364,60.709957,74.3458
臺北市中正區臨沂街７５巷１７號五樓,25.0347289792424,121.529044993934,17.0,14.438012,9.442735,13.065615,15.088481,17.564362,20.63441
臺北市中正區臨沂街７５巷１９號五樓之１,25.0347444019442,121.529019261491,18.880001,15.793041,12.785771,15.866716,17.40221,22.098253,23.103378
臺北市中正區衡陽路２６號九樓之２,25.0421869871403,121.512827017118,45.679996,49.54898,31.662258,35.11263,49.235622,60.176647,65.596115
臺北市中正區辛亥路一段３號三樓,25.0187990046194,121.527602971311,0.40363002,2.694087,1.0879271,1.6732472,2.332577,4.8005447,4.898628
臺北市中正區重慶南路三段８１號六樓,25.0254950136996,121.516639022863,22.299997,23.016775,17.100489,20.95306,23.447216,26.765638,29.56528
臺北市中正區金門街３４巷２號四樓,25.0212240149366,121.522438964584,32.499996,26.788927,18.885462,26.008821,29.526361,32.850327,37.58634
臺北市中正區開封街一段４８號二樓之１１,25.0458969851238,121.512038028572,11.980001,15.581758,13.723116,16.357063,17.018297,19.292986,21.898474
臺北市中正區齊東街８２巷３８號,25.0423799804609,121.528491033953,16.500002,23.744587,16.254389,20.12339,23.445147,27.290485,31.95137
臺北市信義區信義路五段１１１號八樓之５,25.0329935398283,121.566515529909,15.1500025,11.94017,11.825651,12.468289,12.598175,16.334192,16.453304
臺北市信義區信義路五段１１７號三樓之２,25.0333499890854,121.573914888983,16.600002,18.039707,12.607789,14.858767,15.550892,17.6384,21.277447
臺北市信義區信義路五段１２７號十六樓之１４,25.0339640048491,121.573942993569,32.299995,24.284727,20.124449,22.143932,22.981915,25.316208,28.35666
臺北市信義區信義路五段１５０巷３３０號七樓之５,25.0227201395405,121.579249872391,12.0,10.470425,9.230018,10.780757,11.903068,12.832111,13.43572
臺北市信義區信義路五段１５０巷３３０號二樓之２,25.0227201395405,121.579249872391,10.849999,14.006598,7.801138,10.286639,12.537614,13.086059,13.212483
臺北市信義區信義路五段１５０巷４２６弄１１號二樓,25.0223168666719,121.578446991888,18.75,14.63502,11.652326,13.991382,17.175737,17.837524,20.971651
臺北市信義區信義路六段７６巷２弄８５號二樓,25.0330380140958,121.576044001419,19.180002,18.961443,14.309968,15.524327,18.494339,20.991297,23.127996
臺北市信義區光復南路５６７號九樓之１４,25.03075398739,121.557622003163,17.0,15.932372,10.440176,11.905826,13.426588,14.956191,17.653137
臺北市信義區光復南路５６７號十一樓之２,25.03075398739,121.557622003163,15.680001,16.145802,10.115403,11.812286,13.541311,15.464659,18.437613
臺北市信義區吳興街１５６巷２５弄５之１號,25.0285109901002,121.5611490242,20.044998,21.859982,14.9629965,16.442686,19.906693,21.877531,23.702501
臺北市信義區吳興街２８４巷１９弄６號,25.0235830177663,121.563639036177,19.300001,18.346386,15.516836,17.302801,18.243336,21.532444,23.097353
臺北市信義區吳興街２８４巷２０弄４８號四樓,25.024423010193,121.561946981383,14.499999,17.880936,12.817339,13.348636,16.310337,19.309303,20.042929
臺北市信義區吳興街２８４巷５９弄１０號九樓,25.0219299807315,121.563530993445,18.0,15.046503,10.702442,12.450151,15.145896,17.490004,18.787958
臺北市信義區吳興街３４巷３號三樓,25.0311880023364,121.559676994365,17.380003,18.463623,13.522805,15.936972,17.822353,18.821968,19.211832
臺北市信義區吳興街４３２巷１２２之３號二樓,25.0228719809199,121.567836022735,15.800001,15.596656,13.532367,13.835949,15.407916,17.517721,20.92971
臺北市信義區吳興街６００巷１００弄１８之２號九樓,25.0175650208339,121.572149014833,14.379999,9.416243,7.1602726,11.855312,13.625197,14.483436,18.334393
臺北市信義區吳興街６００巷１００弄５７號五樓,25.0176519830793,121.572547993424,13.1,13.068079,10.942139,11.534254,14.932095,15.383722,15.64321
臺北市信義區吳興街６００巷５３弄８號,25.0201139994991,121.570525021092,23.1,18.063608,13.157593,13.890655,18.155,18.958061,20.486538
臺北市信義區吳興街６００巷７６弄２０號六樓之１,25.0184597051788,121.570498115183,25.0,25.413195,19.033274,23.817585,25.020983,28.535498,33.699814
臺北市信義區吳興街６００巷７６弄２２號五樓之３,25.0183737068523,121.570477998615,12.65,13.371335,9.297361,10.158379,12.601347,15.867945,15.953012
臺北市信義區吳興街６００巷７６弄８８號四樓之１,25.0184410135348,121.569884978966,9.8,9.450471,6.870937,7.3352413,10.696045,11.244552,11.667836
臺北市信義區吳興街６００巷９８弄６號二樓,25.0183120160449,121.571244020747,15.199998,14.536111,11.144367,12.666676,14.33561,16.233427,18.02845
臺北市信義區和平東路三段１６９號八樓之８,25.0240697967932,121.553216223397,13.200001,17.787228,9.816251,13.47442,14.289151,16.418058,18.304335
臺北市信義區和平東路三段３９１巷４３號四樓,25.0205669994562,121.55919000579,19.199999,17.807209,12.039608,14.353024,15.850609,17.196182,19.365227
臺北市信義區基隆路一段１４７巷１３號四樓,25.0425210059818,121.566386037304,12.999999,11.198446,8.208526,8.360044,12.720299,12.753369,15.474727
臺北市信義區基隆路一段１８６號四樓之３,25.0420789863179,121.564749973623,7.9000006,10.543173,6.1757073,8.231143,10.250726,10.443544,13.474228
臺北市信義區基隆路一段１９號十二樓之１,25.0484476820791,121.569278883547,23.38,19.41834,15.216563,17.989456,20.773249,23.985355,26.573229
臺北市信義區基隆路一段３８０巷２４號,25.034694990625,121.558892029132,24.700003,26.176338,21.920889,23.95015,29.05469,33.424057,35.77998
臺北市信義區基隆路一段８３巷１９號六樓,25.0467200041966,121.570729036616,46.0,35.434456,21.813766,29.072645,35.296864,41.17739,47.17518
臺北市信義區基隆路二段１７７號三樓,25.0250768824597,121.553778816738,42.480003,36.756596,30.916637,33.699627,36.207706,40.477783,44.28547
臺北市信義區富陽街２１巷６弄２０號四樓,25.0223460164956,121.556716003249,17.800001,17.403725,13.985576,16.090801,17.885874,19.251495,19.99039
臺北市信義區市民大道六段１０８號七樓之３,25.0489940145281,121.572443303453,14.250001,15.418834,13.538267,15.452716,15.821984,18.1466,20.22091
臺北市信義區忠孝東路五段２３６巷３７弄２５號四樓,25.0381570100031,121.573638981941,12.999999,15.708409,9.828609,15.707027,18.516668,21.78221,22.54544
臺北市信義區忠孝東路五段３４５巷１號四樓,25.0413570110879,121.574151032406,31.199999,25.10947,23.595043,24.568108,29.894844,32.91006,35.66414
臺北市信義區忠孝東路五段４２３巷４弄２９號二樓,25.0414490024752,121.576592010249,29.500002,28.037376,22.930532,23.968023,24.963667,29.551956,33.70031
臺北市信義區忠孝東路五段４６９號八樓之１,25.041034014449,121.577215959121,35.0,29.111273,24.688896,27.00626,31.171825,34.16075,41.41974
臺北市信義區忠孝東路五段７９０巷５７弄２６號三樓,25.040992985033,121.584435962878,19.499998,18.54174,14.388819,17.225983,19.198294,22.856596,22.909576
臺北市信義區忠孝東路五段７９０巷７０弄１號三樓,25.0402510189639,121.583542032905,15.83,16.683983,10.7115555,13.878516,16.439045,18.869335,19.725613
臺北市信義區忠孝東路四段５５３巷３２弄１號四樓,25.0438329833764,121.562996982393,18.0,11.728805,7.7719707,9.584053,11.782008,12.864392,15.630524
臺北市信義區松仁路２８１巷８號二樓,25.0237809983193,121.570339026661,15.000002,14.83951,9.839742,11.621827,15.485616,16.218176,16.891989
臺北市信義區松山路２８７巷８之１號三樓,25.0428170128925,121.578497971212,21.8,23.886362,15.686402,18.99347,22.500114,23.618801,26.064253
臺北市信義區松山路４６５巷２７弄８號二樓,25.0404049945252,121.579191992795,19.199999,15.330333,5.4406962,11.510478,17.455994,21.093727,23.537273
臺北市信義區松山路５１５巷２弄２７號三樓,25.0381519808612,121.579011027505,15.800001,21.892467,15.081351,17.301556,19.288786,20.939812,22.79691
臺北市信義區松山路５４１巷１４弄２號二樓之２,25.0376229989518,121.578547005345,5.4999995,20.469164,17.904217,18.77833,21.958002,23.596878,25.811302
臺北市信義區松山路５８８號二樓,25.0342124027644,121.581260804037,17.0,11.321806,8.972808,11.30505,12.999103,16.298985,20.5726
臺北市信義區松德路２００巷５號五樓,25.0343110156405,121.573881973314,48.0,31.304535,21.138012,37.434376,44.209427,50.801342,52.805843
臺北市信義區林口街２１號,25.0372319831686,121.579108006125,8.0,3.4548266,1.4044443,1.6866981,3.1414907,6.6924367,9.221244
臺北市信義區林口街２４巷１６號三樓,25.0374489906418,121.579939993834,16.0,13.438504,9.803557,10.752176,13.478344,15.393529,18.835814
臺北市信義區林口街３８巷９號,25.0381839997313,121.579910992449,21.5,16.882414,10.620388,12.95501,14.601387,18.67375,19.327625
臺北市信義區永吉路３０巷１４８弄６號,25.0426220079151,121.568467012406,43.0,25.168287,15.276213,16.209501,20.7031,24.990498,30.994875
臺北市信義區永吉路５５號九樓之２,25.0458458136049,121.569102779761,23.149996,19.349264,15.401545,17.2148,21.424042,23.738869,26.05114
臺北市信義區莊敬路３４３號三樓,25.02798900708,121.564373039438,23.0,21.101765,17.598808,18.129969,21.255264,21.52202,25.32969
臺北市信義區莊敬路３７６號二樓,25.0274790101813,121.565077035485,20.75,21.780792,17.700222,21.35039,25.525475,25.769272,29.940708
臺北市信義區莊敬路４４１號三樓,25.0271669938356,121.567132026687,18.180002,20.18518,16.364986,16.827978,19.821205,20.41554,21.82045
臺北市信義區虎林街１３２巷８６號三樓,25.0404609856384,121.574160001042,20.75,21.656496,13.768431,19.509686,20.69165,25.49158,25.715199
臺北市信義區虎林街７０巷１７號五樓,25.0441840174814,121.576357987512,18.999998,19.255615,16.279968,19.70928,22.084995,24.988712,26.720953
臺北市信義區虎林街７４巷５號五樓,25.0437870086375,121.576835001622,20.7,23.786095,18.525898,20.201788,20.229687,23.225336,24.045889
臺北市內湖區內湖路一段２８５巷６９弄１０號五樓之１,25.0851050136076,121.567628989726,23.249996,19.079315,16.025059,18.573551,21.98305,23.62758,25.437372
臺北市內湖區內湖路一段６５９號十八樓之２,25.0802573818156,121.575335227687,40.079998,34.372993,33.714493,35.693516,40.05854,43.668835,53.12864
臺北市內湖區內湖路一段７３７巷７１號二樓,25.0813780003606,121.579327025255,18.800001,20.597795,17.509869,18.164083,20.284077,22.80572,27.134127
臺北市內湖區內湖路三段１７３巷１號五樓,25.0876370189188,121.589342980454,17.08,16.926912,15.399981,16.51444,18.53192,19.808924,21.259193
臺北市內湖區內湖路三段３２９巷４弄１０號三樓,25.0883680046948,121.585629964986,10.000001,13.060401,9.689204,11.920376,14.007289,15.165506,16.436348
臺北市內湖區內湖路三段６０巷１２弄１４號三樓,25.0882690144182,121.591796028238,15.599999,13.212724,10.286758,12.83955,16.09759,17.286596,17.765497
臺北市內湖區內湖路三段６０巷１２弄１６號五樓,25.0883130194099,121.591882026564,13.320001,13.085728,10.997719,12.347165,16.138489,16.829878,16.993294
臺北市內湖區內湖路三段６０巷１２弄７２號二樓,25.0892002857706,121.591246175389,8.5,8.685741,5.1071424,6.3786745,8.948129,10.362896,11.7453575
臺北市內湖區內湖路二段１７９巷７９弄８號,25.0854050019222,121.5828360252,28.999998,20.585495,12.027331,12.100537,18.60345,21.80845,25.044952
臺北市內湖區內湖路二段３５５巷１８號二樓,25.0841749157217,121.59200876094,36.5,36.59913,28.7396,29.423405,37.102707,43.715263,47.039368
臺北市內湖區大湖山莊街１７６巷１８號二樓之６,25.0885593915296,121.598795931267,24.0,22.324837,17.426414,20.879345,23.113174,27.912884,28.368658
臺北市內湖區大湖山莊街２１巷１１號三樓,25.085135020821,121.602101997287,22.6,18.800083,13.302661,17.97617,20.297804,22.884869,22.991386
臺北市內湖區安康路３４８號二樓,25.0658920151488,121.612021979695,17.66,19.977503,15.713455,16.36533,18.268353,23.54855,25.376518
臺北市內湖區安泰街８７號四樓之１,25.0766879902578,121.616926063605,24.750002,26.270496,20.237314,22.84292,28.308914,29.60934,33.906647
臺北市內湖區康寧路三段２１９巷４號二樓,25.0679700146746,121.612190036854,18.800001,18.477644,15.347663,17.615118,18.888529,23.074928,24.169983
臺北市內湖區康寧路三段７０巷１０號七樓之１,25.0692500151085,121.611529961979,28.800001,29.161142,22.448248,26.77426,30.974464,34.004173,37.092667
臺北市內湖區康寧路三段７５巷１７９之１號五樓,25.0772276171843,121.612386341026,27.2,21.485783,19.43518,21.494148,23.587536,26.431107,26.469189
臺北市內湖區康寧路三段７５巷２１７之３號三樓,25.0764820049873,121.614404032759,13.750002,16.26781,12.919977,13.344349,17.216034,18.811724,19.685673
臺北市內湖區康寧路三段９９巷２號五樓之１,25.0717269932254,121.609927006816,25.499998,22.684618,16.455103,20.348469,23.014315,25.689075,30.318035
臺北市內湖區康樂街１１１巷１弄１６號三樓,25.0700449967152,121.619241983452,15.499998,12.625489,9.686635,13.538503,15.033633,16.599474,17.000973
臺北市內湖區康樂街１６２巷３號五樓,25.073018015862,121.619309038678,14.699999,20.641665,9.670661,10.726345,14.142605,16.487131,18.440435
臺北市內湖區康樂街１８６巷１５號,25.0769239827417,121.620317968363,10.2,11.766691,7.5872073,9.85718,10.912405,13.451618,14.0160885
臺北市內湖區康樂街１８６巷１９號五樓,25.0769990007752,121.620385023588,7.3000007,7.201445,4.039679,4.736827,6.8685455,8.066528,9.606331
臺北市內湖區康樂街２０４之３號十一樓,25.0763049791922,121.621279037381,24.599998,23.17874,18.126303,23.347084,24.419998,26.719496,32.003326
臺北市內湖區成功路二段１１５巷７號十樓,25.065262995225,121.591497967761,25.399998,35.67788,28.16769,30.910372,35.93935,43.115925,49.30199
臺北市內湖區成功路二段４２６巷６６號四樓,25.0700120139262,121.58795996643,11.2,14.599088,10.300589,11.476864,15.427526,17.38255,20.930843
臺北市內湖區成功路二段５１０巷９號二樓,25.0741009996618,121.589151034872,16.670002,16.696457,10.717538,11.827814,15.3209095,17.914976,21.289549
臺北市內湖區成功路四段１８２巷６弄４５號十二樓之３,25.0834363024139,121.592716193568,33.800003,31.512337,26.17163,30.83136,30.897839,37.54897,41.69153
臺北市內湖區成功路四段３２３巷２弄６號二樓,25.0842920109091,121.599017037823,18.999998,17.135162,15.2126665,17.256422,19.715553,21.346642,21.628153
臺北市內湖區文德路１０１巷３弄１２號三樓,25.0791109889183,121.583828023441,20.499998,16.843843,12.799914,15.956675,19.224546,20.233276,22.249939
臺北市內湖區文德路１０６號三樓,25.078184998165,121.583071975775,20.599998,18.614326,17.855879,19.488356,21.076479,23.550325,23.713684
臺北市內湖區文德路２０８巷８號四樓,25.0778270070803,121.583475983508,38.189995,27.335346,22.839582,26.019773,27.559849,33.425285,36.747135
臺北市內湖區文德路５４號六樓,25.0783097208842,121.581109436965,25.0,23.498455,19.593088,21.86017,22.69781,27.833324,32.022537
臺北市內湖區新明路４２８巷１之２號,25.0545530184426,121.579510002201,21.199999,24.21271,18.01818,20.615519,23.350029,29.387291,32.552097
臺北市內湖區新明路５１３號三樓,25.0536189810623,121.578953024735,4.5,13.070892,8.147502,11.259794,15.302939,17.58894,21.642912
臺北市內湖區新明路５１３號四樓,25.0536189810623,121.578953024735,4.5,9.952738,8.933599,12.475815,15.371815,16.378458,20.260954
臺北市內湖區新豐街８８號三樓,25.0605796906448,121.583823916309,31.680004,24.676804,15.390327,22.139889,25.895498,29.707197,37.392193
臺北市內湖區星雲街１６８巷４３號十二樓之１,25.0801769993641,121.59724099636,8.080001,9.279712,5.356594,7.190704,9.520989,10.593383,11.935557
臺北市內湖區星雲街２１巷３號二樓,25.078487291503,121.590802772711,18.76,18.940926,14.9088125,17.369059,18.661474,20.853909,22.568027
臺北市內湖區東湖路１１３巷９５弄１３之１號四樓,25.0718010054304,121.615107022978,12.999999,16.919098,16.136782,16.163134,16.835484,17.840887,19.849642
臺北市內湖區東湖路１１３巷９５弄１４８號四樓,25.0698859920119,121.613974041126,18.0,19.18984,14.187191,17.594145,19.401005,22.409044,24.671946
臺北市內湖區東湖路７６巷３號四樓,25.0684300135208,121.614310993633,16.300001,18.248482,13.157821,17.352865,19.15923,22.562675,23.743927
臺北市內湖區民權東路六段１４６號三樓之２３,25.0688167964429,121.589516821126,11.31,10.967279,7.8230915,8.767172,10.510207,12.250787,12.986198
臺北市內湖區民權東路六段１４６號六樓之２６,25.0688167964429,121.589516821126,14.379999,14.222476,9.6244545,11.772117,14.312815,15.802273,18.350609
臺北市內湖區民權東路六段１８０巷４２弄１５號十四樓之３,25.0675919908414,121.591999037933,22.35,15.297779,13.034349,15.082331,15.613918,17.63574,18.082056
臺北市內湖區民權東路六段１８０巷６６號四樓之１,25.0666400161882,121.592530031499,24.3,20.010769,16.323902,19.14821,21.935246,22.787554,23.867147
臺北市內湖區民權東路六段１９０巷１１７弄３７號四樓,25.0644699833656,121.594610000772,23.0,22.232525,16.272118,17.382017,20.001764,22.596348,24.7495
臺北市內湖區民權東路六段１９１巷１７號三樓,25.0677760155256,121.598143978789,30.38,27.85521,18.492006,22.164219,25.140718,29.14193,31.91334
臺北市內湖區民權東路六段２８９巷２９號三樓,25.0690420181812,121.584353987865,42.660004,36.811504,25.891222,32.453037,37.73355,46.94448,51.722767
臺北市內湖區民權東路六段４１３巷１１號,25.0704529858522,121.602681019158,48.0,28.534096,23.126837,38.7989,40.214733,55.90224,61.142624
臺北市內湖區民權東路六段４２３號三樓之２,25.0712229893875,121.603932018207,18.660004,17.856752,13.412694,16.855946,18.919506,22.525444,22.540335
臺北市內湖區民權東路六段４７巷１６弄８號三樓,25.0698820106079,121.587397959823,10.000001,16.39586,10.271796,14.551521,15.045848,18.82473,18.968845
臺北市內湖區民權東路六段９０巷２５弄１７號三樓,25.0670700078211,121.586582987377,16.0,16.144247,13.572431,16.41049,17.549923,19.284698,20.726742
臺北市內湖區瑞光路７６巷５８號五樓之１,25.0702430191777,121.579775959989,13.679999,12.720154,9.67433,10.367972,12.068507,14.195135,15.664361
臺北市內湖區行善路２５巷１４號九樓,25.055382994495,121.576033021126,23.0,18.720673,14.277427,18.270056,21.369839,25.425014,28.65581
臺北市內湖區行善路２５巷２４號五樓,25.0556912808938,121.576584382717,27.520002,21.456163,16.152254,18.932035,22.455736,27.617113,29.956367
臺北市內湖區金湖路３２６巷３８號五樓之１,25.0740600121552,121.603639992701,36.680004,33.951138,25.155455,31.148647,35.682404,45.045902,46.80601
臺北市內湖區金湖路３２６巷４７號二樓之１,25.0739160110587,121.603867980467,25.879997,22.02589,16.424059,20.883736,23.786585,26.686506,27.746853
臺北市內湖區金湖路３２６巷４７號十樓,25.0739160110587,121.603867980467,18.0,19.495941,14.0375395,19.924574,21.944366,24.472225,25.287207
臺北市內湖區陽光街１０１號三樓之１,25.0752639887274,121.585970018798,25.800003,22.851936,16.409706,19.731106,22.065586,25.14832,26.774588
臺北市內湖區陽光街１０１號二樓,25.0752639887274,121.585970018798,27.500004,20.936407,16.69003,20.338158,22.54777,27.326836,28.082079
臺北市內湖區陽光街１６１巷１２之３７號,25.074570009054,121.585052032762,12.39,14.210511,11.007415,12.167467,13.627859,13.772935,15.109838
臺北市內湖區陽光街９２巷１８弄５號五樓,25.0758389872852,121.585488981374,13.799999,10.308185,7.648107,9.60718,11.945107,13.596806,18.909956
臺北市內湖區陽光街９２巷２５弄１９號二樓之１,25.0759628306567,121.584423036161,21.149998,22.382965,16.956985,19.859495,22.198187,23.07918,26.226921
臺北市內湖區陽光街９２巷６號三樓,25.0751779904008,121.585450005525,14.800002,11.406516,5.9119606,9.741885,13.470238,15.004723,16.092766
臺北市內湖區麗山街３３８巷９號二樓,25.0823790091473,121.573477965581,22.500002,22.53414,18.123655,20.15046,22.89504,25.75383,28.453987
臺北市內湖區麗山街３３８巷９號五樓,25.0823790091473,121.573477965581,20.3,20.900608,16.94641,19.97426,21.895876,25.07764,26.011698
臺北市內湖區麗山街３４８巷７之１號五樓,25.08202298781,121.573211001965,17.800001,13.804394,10.5606,14.746145,14.999307,16.703003,18.780273
臺北市內湖區麗山街４６巷９號四樓,25.0809309934643,121.579976036018,12.0,18.370052,14.9566765,16.559328,18.33295,19.915274,20.690063
臺北市內湖區麗山街８０號,25.0827960088303,121.578699975078,24.499996,20.921822,16.574385,18.954569,20.431318,21.865952,23.251677
臺北市北投區三合街二段４５０號,25.126945001598,121.50239800173,24.499996,15.7494,12.9170685,13.232421,17.774023,17.867134,19.388096
臺北市北投區中和街２３４巷３號四樓,25.1395870070623,121.501725018724,13.500001,14.5983515,11.405523,12.36488,14.171013,16.337908,16.772596
臺北市北投區中和街４９３巷３弄１２號,25.144464017425,121.495528026249,18.0,14.789438,10.003756,13.117674,14.385381,17.061584,17.842041
臺北市北投區中和街５０７巷３弄８號六樓,25.1445210981856,121.494361181508,10.8,11.347622,8.923213,10.457869,10.80084,14.843772,15.13725
臺北市北投區中央北路三段２２０巷１９號三樓,25.1367600006688,121.479929974992,33.48,28.58885,23.135723,25.631104,30.485186,30.667496,35.353764
臺北市北投區中央北路三段４０巷１９弄１１號八樓之２,25.1383479941349,121.484477995655,16.0,17.769684,11.817045,13.159481,15.508083,17.514206,18.995068
臺北市北投區中央北路三段４０巷３８弄２２號五樓之１,25.1402932666288,121.485561214004,15.120002,11.750475,5.9797316,12.5172205,14.28867,15.340957,16.693026
臺北市北投區中央北路二段３８１號二樓,25.1382159791599,121.487208987347,12.326496,11.878969,5.90324,9.226048,9.367547,15.431348,18.675406
臺北市北投區中央北路二段４２巷１１弄１６號二樓,25.1378060202756,121.494942969407,16.800001,13.398406,11.481846,13.696023,15.066384,17.86434,18.018593
臺北市北投區中央北路四段１３８巷３號,25.1337363967363,121.475928873511,16.2,14.831021,10.669342,15.387912,18.05356,18.108292,21.517483
臺北市北投區中央北路四段４６５號五樓,25.1286459831189,121.469798014252,10.879999,12.666152,10.297119,10.85863,13.71535,13.805797,15.637607
臺北市北投區中央北路四段５４１巷９號十五樓,25.1274570101534,121.468268987475,22.279999,17.294203,10.108548,13.625623,17.092175,18.05317,19.756435
臺北市北投區中山北路七段２１９巷３弄１８７號五樓,25.1292330097078,121.530750962687,36.999992,22.321995,15.929521,23.35278,27.797523,29.440954,31.020636
臺北市北投區光明路１５１巷８號八樓之２,25.1352679799941,121.502045039787,37.999996,33.89834,28.180553,31.193014,33.95331,39.441902,41.533607
臺北市北投區光明路２１８之５號四樓,25.13626299572,121.504282002106,14.400001,15.371466,10.272286,13.685463,15.581424,17.514992,18.38649
臺北市北投區光明路２４２號十八樓之８,25.1361148036719,121.508003986212,18.199999,19.59639,13.250817,16.763216,21.159973,22.939863,25.087696
臺北市北投區光明路２６６號五樓之１,25.1365680131766,121.509897039044,5.4,6.9476457,4.149444,5.635985,7.6574063,8.786175,8.941237
臺北市北投區光明路６８號五樓之８,25.1327677001864,121.500225663884,8.880001,9.535738,7.4259567,7.642327,8.31741,9.810425,11.132382
臺北市北投區光明路６８號十四樓之８,25.1327677001864,121.500225663884,9.499999,8.694548,6.7189612,6.8565316,7.8862195,10.867933,12.007724
臺北市北投區公路１５９巷１號五樓,25.1323027,121.5026806,12.0,15.627025,9.315092,13.43897,14.306792,16.391865,17.100758
臺北市北投區公路２０９巷２５之１號四樓,25.1323027,121.5026806,19.700003,19.804682,16.729582,17.573156,21.44324,21.967625,25.488243
臺北市北投區公路２２８巷１１１號六樓,25.1782,121.563,28.999998,8.16733,5.3274784,6.6436167,10.170139,12.231473,16.19527
臺北市北投區公路５５號二樓,25.1323027,121.5026806,33.000004,30.455282,28.599045,29.057983,33.007355,38.98161,39.712154
臺北市北投區公路６３巷２０號五樓,25.1323027,121.5026806,13.500001,13.97421,11.333636,14.981141,15.8901615,18.89796,19.085218
臺北市北投區吉利街１７號三樓,25.1181649999312,121.504447963789,18.499996,16.536182,11.4029045,13.038688,15.333943,18.547916,19.270996
臺北市北投區同德街１７之２號五樓,25.1252469956527,121.528154081445,29.700003,18.764004,14.496411,16.746834,20.619932,23.839376,25.075
臺北市北投區大同街２２８巷２０號三樓,25.1394109870956,121.49994202028,9.400001,10.145258,6.926346,7.991138,9.850851,11.076903,11.67679
臺北市北投區大同街２３２號四樓,25.1397613925579,121.499650916783,27.500004,23.793255,20.741879,21.204432,23.492893,26.286272,27.772017
臺北市北投區大屯路２１巷１０弄１號,25.1446770015846,121.499990970595,5.5800004,6.4953365,3.9150095,4.255665,6.566517,7.710542,8.836894
臺北市北投區大度路三段３０１巷２８弄９號四樓,25.1226059836906,121.465737987992,9.499999,14.59044,12.360581,13.597957,16.410873,17.142141,18.02465
臺北市北投區大業路５１６號二十二樓,25.1346069831097,121.496542990905,46.0,47.544605,34.577423,45.695236,47.374973,51.090958,59.36249
臺北市北投區大業路５２２號十四樓,25.1346980105782,121.496610968139,32.499996,38.34119,28.189127,32.012394,39.39,41.324345,43.508522
臺北市北投區大業路５２８號八樓,25.134798006683,121.496672994223,35.379997,31.03144,23.92322,28.765482,31.39074,35.96186,37.984447
臺北市北投區大業路５２９號四樓之５,25.1351989969309,121.496265969005,2.44,6.1726,3.7340882,5.084808,7.336273,7.7777243,8.830808
臺北市北投區大業路６３３號四樓,25.1371829934126,121.498534028185,29.249998,23.041668,17.392765,20.742968,24.374899,25.709848,29.36427
臺北市北投區奇岩路１４之２號四樓,25.1332106837692,121.507197898583,13.158,18.771248,15.679213,16.49257,18.929026,19.64337,23.501783
臺北市北投區實踐街５６巷２號三樓,25.1148360013565,121.509434022712,12.0,17.886312,12.265595,14.967678,17.986273,21.270508,21.378712
臺北市北投區建民路１６１之１６號四樓,25.1111640153039,121.519732028954,18.0,20.811827,13.092923,16.214457,18.131302,20.354929,23.315695
臺北市北投區建民路１６１之３號七樓,25.1111640153039,121.519732028954,17.28,14.501282,11.913699,12.529767,13.2632885,14.556893,15.672602
臺北市北投區復興一路３３巷２號三樓,25.1401485873267,121.502709646903,16.800001,15.504058,12.175774,12.295402,15.236768,16.7688,18.689993
臺北市北投區復興三路５７號四樓,25.1449319502136,121.503308151276,28.200003,22.590073,13.019223,20.714565,21.28551,26.673168,29.909893
臺北市北投區復興四路２８號七樓,25.1424910012365,121.500742994948,31.500004,25.244183,19.09758,25.790628,28.002178,31.997665,34.78365
臺北市北投區復興四路９號,25.1420260151578,121.499623005045,35.2,25.666498,21.066833,24.385439,29.864693,32.342964,34.526936
臺北市北投區文林北路６０巷３弄５號五樓,25.1053260197422,121.518545989654,14.879998,14.196523,11.113787,13.407385,14.842805,18.419874,18.689682
臺北市北投區文林北路７５巷７３號十一樓,25.1033330127147,121.517401608414,42.800003,34.73193,25.840002,31.059954,39.48297,40.191902,43.869946
臺北市北投區新民路５３之１號三樓之５,25.1403229800706,121.510257963794,8.5,7.410548,4.3598537,7.4921613,8.412673,10.131473,12.138334
臺北市北投區明德路１１８巷２３號,25.1096380060118,121.521125017442,27.599998,24.520037,15.332427,18.332348,23.872675,28.089386,32.529278
臺北市北投區榮華一路３巷６號五樓,25.1123340032587,121.524741976301,36.5,35.020203,32.154354,33.846394,39.657467,41.242294,46.30164
臺北市北投區永興路一段２之１８號三樓,25.1389566879435,121.499855099944,14.199999,13.592472,8.639271,9.7284775,11.695073,13.813483,15.983201
臺北市北投區泉源路３６之２２號四樓之３,25.1402700064426,121.506537991346,8.600001,10.729219,6.279571,8.4282,10.871618,12.720675,14.60287
臺北市北投區泉源路４９之１０號六樓,25.1413425966824,121.51092147525,2.8499997,4.5591645,2.1220415,2.749711,3.826732,5.298681,6.769124
臺北市北投區泉源路４９之１４號五樓,25.1413425966824,121.51092147525,5.9499993,6.6007304,5.2563996,5.9080725,7.2649913,9.291998,11.084869
臺北市北投區泉源路５２號十二樓,25.1408929913961,121.509466963592,21.000004,21.757032,15.449697,19.345808,20.785246,21.90049,28.111574
臺北市北投區溫泉路３７巷２６號三樓之７,25.1337270090048,121.503238036066,7.9000006,7.7380986,5.51571,6.3289423,7.9979577,9.737972,10.850067
臺北市北投區溫泉路３７巷２８號十三樓之１,25.1338430145447,121.503422018841,9.499999,14.288987,11.425742,12.226299,13.771309,16.49363,18.0127
臺北市北投區溫泉路６５巷１６號四樓之１８,25.1360440184996,121.504374035403,8.699999,6.008695,5.693678,6.1826105,6.830483,9.114287,11.061878
臺北市北投區溫泉路６５巷９之１號五樓,25.1353370049667,121.50422198768,9.1252,10.987551,6.5742803,8.659311,9.8442745,12.807722,14.063896
臺北市北投區溫泉路７１號七樓之５,25.1356460038273,121.504801009551,6.4199996,8.578342,5.163202,6.3027196,7.862674,9.421356,10.561169
臺北市北投區溫泉路９９之６號四樓,25.1363720861899,121.509742979663,4.7999997,5.438831,3.6802137,4.179064,5.877587,7.5000653,8.380682
臺北市北投區石牌路一段１６６巷４６弄１９號三樓,25.1135520544161,121.514088099349,36.5,32.29359,24.932423,30.844572,32.475803,38.59011,42.264652
臺北市北投區石牌路二段３４３巷１６號五樓,25.122868541032,121.523468020058,22.299997,21.317831,16.098269,21.650864,25.32815,28.009623,29.56103
臺北市北投區稻香路１５０巷８號五樓,25.1429709909218,121.489298009076,11.5,13.543113,9.637358,14.153767,14.450113,15.462299,19.40226
臺北市北投區稻香路２３７號三樓,25.1439814538736,121.488132465533,22.319998,19.215345,17.246008,17.877914,17.919676,22.169981,23.13381
臺北市北投區立農街二段２９７號四樓,25.1187120029324,121.516103000155,5.0000005,6.6908298,4.653412,5.0859256,6.5980334,9.425877,10.108411
臺北市北投區自強街１２０巷１５弄２３號三樓,25.1106530125768,121.516751005089,21.5,22.055157,19.415054,20.41984,21.959175,24.191174,26.535997
臺北市北投區致遠一路一段１０巷１２弄６號一樓,25.1082510105838,121.518089008293,28.0,20.350454,14.031947,15.614904,18.459839,21.725672,24.155125
臺北市北投區致遠一路一段７９號四樓,25.109005004684,121.515562032124,23.499996,27.238903,20.072868,22.910938,26.3712,31.449497,31.673452
臺北市北投區行義路１４２號六樓,25.1298570004897,121.528210994568,10.299999,8.649227,8.168954,8.619676,10.885354,12.717375,14.033476
臺北市北投區行義路１８６巷２６弄２３號三樓,25.1316229836697,121.529281028327,12.5599985,10.955389,8.361506,11.223176,12.905551,13.772493,15.59241
臺北市北投區行義路１８６巷５２號三樓,25.133369981839,121.530513000456,10.599999,9.1747875,7.602582,8.669805,10.36582,11.433288,13.126983
臺北市北投區行義路１９２巷１５弄１２號四樓,25.1331893151142,121.529257363145,22.55,23.42454,14.422608,19.907764,23.829882,27.099869,31.694735
臺北市北投區西安街一段１８７號六樓,25.1101099909796,121.518199984691,20.080002,22.646133,13.99005,18.854334,20.422337,22.915997,24.912243
臺北市南港區忠孝東路六段１５５號四樓,25.049023979832,121.586364974075,18.599998,12.661511,10.373796,11.631314,14.147464,15.506685,17.202528
臺北市南港區東新街１８０巷６號四樓,25.0463049313177,121.593413372501,49.640003,32.242455,17.173685,27.470438,36.08655,39.710064,44.48181
臺北市南港區玉成街５２巷７號三樓,25.0480530201681,121.58124497234,16.75,14.971021,10.914419,14.072447,15.799888,19.067707,19.47205
臺北市南港區研究院路三段１號五樓,25.0357900024558,121.617080039166,47.499996,40.28546,19.607971,42.95572,59.300644,60.44473,68.798676
臺北市南港區研究院路三段７號二樓,25.035570019407,121.617359994732,15.000002,22.57272,15.645391,20.225235,23.306704,23.511642,23.573778
臺北市南港區研究院路二段１８２巷７７號五樓,25.0367480120793,121.614073031402,14.06,15.563094,11.717912,13.200064,13.919282,16.362091,19.613873
臺北市南港區研究院路二段７０巷３７弄３號五樓,25.0458370126066,121.61403598339,16.0,17.060516,11.105258,15.86068,18.609554,20.175652,26.704988
臺北市南港區福山街２巷１弄１４號,25.0454069790642,121.61656295956,23.599998,14.465838,9.055528,11.926026,14.131323,14.402982,18.42239
臺北市南港區經貿一路５９號六樓之２,25.0563299819158,121.619980010027,12.5,16.59138,11.200283,15.231095,16.781391,17.789675,19.081728
臺北市南港區經貿二路２３５巷２２號五樓,25.0611549825692,121.61488699802,36.2,24.537533,18.094809,23.655008,26.772902,32.031647,38.5621
臺北市南港區經貿二路２３５巷２６號八樓,25.061202005046,121.614940977476,34.5,30.912804,23.564533,27.124619,31.108095,34.62324,37.97698
臺北市南港區經貿二路２３５巷６０弄２８號二樓,25.0622729056372,121.615562005445,42.199997,42.178436,26.783915,33.387325,38.594906,50.64401,54.114475
臺北市南港區經貿二路２３５巷６０弄３０號二樓,25.0622729056372,121.615562005445,46.999992,42.077824,26.771816,33.28509,38.480873,50.42822,53.86402
臺北市南港區舊莊街一段２１２巷１８號二樓,25.0382825258683,121.622146764441,15.599999,16.604961,12.210534,12.712877,14.937856,16.791525,20.985712
臺北市南港區重陽路１３４號四樓,25.0569199840803,121.600255966932,19.579998,18.217243,11.526851,12.940912,15.837275,18.24703,22.409237
臺北市南港區重陽路３３２號四樓,25.0579429953629,121.606409960243,25.58,20.271479,15.713219,19.42857,21.730957,23.098194,24.683636
臺北市南港區重陽路５２９號六樓,25.0630435641601,121.613960562411,17.6,18.97954,13.440306,16.138556,18.997238,19.040314,21.199738
臺北市士林區中山北路七段１１４巷４１弄１１之１號,25.1242689951902,121.534788022533,23.799997,23.326836,14.87478,19.604572,23.850958,26.15857,29.658445
臺北市士林區中山北路七段１４巷５弄２號五樓,25.1190220076214,121.531467028675,6.0,9.047608,5.03963,7.09547,10.163989,11.339984,12.416483
臺北市士林區中山北路七段１４１巷４號六樓,25.1231570100054,121.531815967305,24.799995,18.970108,12.934608,14.895851,22.373747,23.741615,27.268412
臺北市士林區中山北路七段１８２號五樓之５,25.1246527187175,121.53324558471,18.499996,13.939829,9.490469,13.935143,16.962934,17.76229,18.545675
臺北市士林區中山北路七段１９０巷２４之１號四樓之１,25.1257919869971,121.534978962287,12.0,12.783963,6.190707,7.4556284,11.054192,14.590123,20.483023
臺北市士林區中山北路七段１９０巷２４之２號四樓,25.1257919869971,121.534978962287,18.0,24.704271,15.998694,23.982521,25.123972,28.3512,32.663086
臺北市士林區中山北路七段２２１號三樓,25.1268310077148,121.532760021059,11.000001,8.572991,4.3321877,5.2814755,7.6497917,11.42771,14.348125
臺北市士林區中山北路七段２２７巷８號七樓,25.1278269873596,121.532753986089,25.0,21.193089,14.347793,18.355318,21.30036,26.81767,28.438171
臺北市士林區中山北路六段１７２巷１６弄２號五樓之４,25.1071440126315,121.525958022813,8.450001,7.89079,5.8802276,6.3908634,9.29697,9.454133,9.545311
臺北市士林區中山北路六段２３６巷９號十四樓,25.1082639101751,121.52613966732,35.2,34.409786,26.835419,29.555176,36.79526,44.852394,46.40121
臺北市士林區中山北路六段２７７巷６號,25.1100739907055,121.524913972954,27.3,16.13724,14.785743,16.14884,17.594759,19.535736,22.581188
臺北市士林區中山北路六段４１９巷２１號四樓,25.1143630105603,121.526145023073,18.999998,17.715036,13.328715,18.29868,20.622818,23.456995,28.509207
臺北市士林區中山北路六段７５４巷２７號二樓,25.1140680094781,121.529697022182,20.000002,17.89022,14.349362,16.07041,19.842302,21.500996,23.157515
臺北市士林區中正路４３０號十五樓,25.093053991484,121.519055022634,38.499996,33.72453,25.209324,30.356833,36.04968,39.13637,45.087955
臺北市士林區中社路一段１１巷９１號四樓,25.1100719790487,121.562892040966,12.5,14.413069,10.9356575,12.947418,13.8877735,14.860849,21.926523
臺北市士林區劍潭路１６號七樓之３,25.0839100056719,121.523879981378,17.6,14.730152,11.274419,12.604135,17.075075,17.127634,17.645592
臺北市士林區劍潭路１６號四樓之２,25.0839100056719,121.523879981378,16.0,13.553352,11.282035,11.601364,15.421477,15.64368,16.08988
臺北市士林區劍潭路５５巷１７弄１３號四樓,25.0841883254972,121.520632801454,19.300001,18.471006,15.731823,17.52387,19.69871,21.872616,22.104786
臺北市士林區和豐街２８號三樓,25.0827289955144,121.518256981633,7.3300004,10.969417,6.9241867,6.95492,10.543424,12.683329,12.922506
臺北市士林區基河路１２８號六樓之１９,25.088676081546,121.523135584557,6.8,5.6703115,4.3167872,4.4311867,7.043878,8.495946,8.523544
臺北市士林區基河路１２８號四樓之５,25.088676081546,121.523135584557,8.9800005,11.934886,8.219136,9.509093,12.751423,14.658176,15.349537
臺北市士林區士商路４０巷１２號三樓,25.0899520167569,121.519997986741,15.65,13.480366,10.768252,12.825703,15.789287,16.5941,17.820303
臺北市士林區士東路２７８號四樓,25.1131820004029,121.537233023689,13.679999,11.360233,6.662758,8.919553,11.796162,12.539486,14.148803
臺北市士林區天母北路２４號三樓,25.119829981178,121.526310984756,28.750002,26.827904,17.76002,22.679947,27.503641,32.217686,32.753002
臺北市士林區天母北路３６巷８號四樓,25.1204023902571,121.525937435148,16.0,15.340073,11.406447,15.616641,18.7049,21.139769,23.608044
臺北市士林區天母東路１０５巷３號一樓,25.1186539377979,121.536439080352,7.65,22.799482,14.726759,17.214249,22.26731,24.05031,27.566078
臺北市士林區天母東路２２巷２３號四樓之７,25.1170209035847,121.532569803533,23.599998,19.408516,14.332294,17.753609,22.213335,25.584816,27.736874
臺北市士林區天母東路６９巷５之１號六樓,25.1183459497221,121.534464756688,14.0,20.676079,13.775507,23.64306,23.662529,23.915646,27.7643
臺北市士林區天母西路１８之９號六樓,25.1182789938144,121.527772537213,30.999996,26.055225,17.863886,20.279417,29.849554,29.955345,34.375134
臺北市士林區延平北路五段１３６巷３５號,25.0823710044298,121.511821021099,9.0,10.477712,6.9246,9.439298,11.563339,12.193405,12.651603
臺北市士林區延平北路六段２２８號六樓之１,25.089468003758,121.504431032345,11.699999,13.109505,7.8785367,11.353135,14.90705,15.96786,16.626783
臺北市士林區後港街１６０之１號四樓,25.08715300592,121.520477012508,13.500001,9.994285,6.708698,9.279224,12.208083,13.963208,15.9743395
臺北市士林區後街２１巷１９號二樓,25.0985549926285,121.524821017648,16.800001,18.606417,15.134474,16.769287,18.190815,19.91933,22.171843
臺北市士林區德行東路３１號四樓,25.1077641981259,121.528684159972,17.850002,16.665087,11.665258,13.145083,13.61714,18.816463,20.094572
臺北市士林區德行東路３３８巷２號三樓,25.1101076021372,121.538094180421,30.299995,19.09583,14.779219,22.042225,23.029146,25.374157,31.138449
臺北市士林區德行東路３３８巷２號四樓,25.1101076021372,121.538094180421,29.899996,19.628462,14.868221,22.340038,23.343678,25.83162,31.651478
臺北市士林區德行東路３５８巷１４弄２號四樓,25.1099180034874,121.539193969937,23.0,27.82608,15.004132,22.293224,22.349499,26.163908,29.359064
臺北市士林區德行東路３５８巷２３弄３號四樓,25.1097159996208,121.539652962955,23.499996,22.49654,16.546198,19.430534,21.760866,23.02521,25.240866
臺北市士林區忠義街１３１號三樓,25.1080089831296,121.532856999679,17.6,13.982409,11.516439,11.91356,13.339336,17.19681,19.381763
臺北市士林區忠義街７８巷７號五樓,25.1063909824502,121.531461999533,18.62,16.781715,15.58005,16.518272,16.726606,17.661404,19.385902
臺北市士林區忠義街９１巷１６號五樓,25.1061489969055,121.533035031302,18.880001,23.335827,18.1821,19.57805,22.71152,23.035147,25.014751
臺北市士林區忠誠路一段１６巷２９號五樓,25.1058519841665,121.5259539995,30.000004,22.933323,21.153946,22.019123,25.921946,26.896317,29.247482
臺北市士林區忠誠路一段１７３巷２４號二樓,25.1082059997638,121.531887967853,20.000002,21.050568,18.120089,18.326815,21.066965,22.033249,24.128012
臺北市士林區承德路四段１巷７號二樓,25.0784950028539,121.521748966315,10.000001,14.284208,10.916589,11.106201,15.414824,15.874972,18.738173
臺北市士林區承德路四段４０巷２號四樓之３,25.0807840167921,121.522127995976,5.7999997,3.4973643,2.9302034,3.0420792,5.132083,6.769538,8.795927
臺北市士林區承德路四段４０巷７３號六樓之２,25.0814500009089,121.521128034927,5.0000005,4.3928537,3.4600914,3.630152,5.654988,6.1971664,6.5665307
臺北市士林區文昌路１４９號七樓,25.0975070032745,121.520439964496,6.0,16.503836,11.994117,15.517929,19.467916,21.69602,22.846308
臺北市士林區文昌路１６９巷２９號四樓,25.0978260185094,121.519230958782,14.199999,12.696171,8.835911,11.781434,14.884608,15.186824,16.400925
臺北市士林區文林路一段７４０巷９弄１號三樓,25.1033869921711,121.520609027483,11.5,16.918037,13.500541,15.53102,16.969717,18.06241,20.895914
臺北市士林區文林路７６５號六樓之９,25.1032924023938,121.518965168632,25.999998,21.056177,16.658113,20.950958,23.90259,26.477173,29.235554
臺北市士林區格致路２１０號四樓,25.1425459865213,121.549571017525,12.0,13.10248,8.909393,14.011231,15.238149,15.840223,19.735353
臺北市士林區社子街２５巷３弄５號四樓,25.0882931787052,121.508034251412,10.9647,11.497263,6.1496534,9.196801,11.2657,13.428537,16.220161
臺北市士林區福志路５２巷１２號六樓,25.0993690011554,121.531156982077,15.550002,27.339407,21.306551,26.731997,32.113808,35.456043,37.59798
臺北市士林區福林路１００巷１１弄５３號六樓,25.0960599934198,121.532990020482,2.527678,6.423618,4.602084,4.700878,6.3238916,11.212807,11.849848
臺北市士林區福港街２４７號,25.0841499795598,121.517657005004,16.2,16.971182,14.458245,15.9419775,18.296555,21.101286,23.575447
臺北市士林區福港街２７２巷１６號四樓,25.0834940118173,121.516869022286,16.0,19.051434,14.547352,16.35014,18.70886,19.408112,23.22094
臺北市士林區福華路１２４號五樓,25.1026239875251,121.522942968422,24.880001,19.385368,8.421961,13.064967,17.827255,22.3235,23.076508
臺北市士林區至誠路二段１７號四樓,25.1021139906264,121.530016959426,20.000002,21.453314,16.807035,19.809069,23.254675,25.235289,25.723398
臺北市士林區至誠路二段４３號四樓,25.1015099906835,121.528594969552,20.1,18.367783,14.665097,17.058437,20.25247,20.798857,21.053558
臺北市士林區芝山里芝玉路一段６６號,25.1040510065407,121.53628503044,5.0000005,6.9798856,3.8567684,4.3328514,6.641105,9.772595,12.663134
臺北市士林區華齡街４０巷１弄６號二樓,25.0835759868303,121.51976002451,14.499999,17.385427,14.421034,15.169553,16.46634,18.764769,20.008705
臺北市士林區葫東街１０巷９號二樓,25.0831389963083,121.510818964574,3.8333333,3.094188,1.9950904,2.1397235,3.0727623,4.500845,4.763852
臺北市士林區葫蘆街７巷４號,25.0801239838266,121.510487963218,11.759999,10.788221,6.4730854,8.821969,11.077231,13.053048,16.429918
臺北市士林區通河街５３號二樓,25.0802450185084,121.522491016203,14.0,13.095803,10.071852,11.914302,14.492303,15.518225,16.564672
臺北市士林區通河西街二段１１８號,25.0928780134268,121.507105027096,20.7,10.3517475,4.6976433,7.9988117,11.130426,14.69179,19.285654
臺北市士林區重慶北路四段２２２號七樓之３,25.0858688983535,121.511467975337,30.5,25.388876,17.412584,24.974838,28.811739,31.092833,33.862183
臺北市大同區南京西路３４４巷３５號七樓之６,25.052873997508,121.512307003845,6.9999995,8.065015,4.781792,6.5947747,7.542555,10.376662,11.482805
臺北市大同區南京西路３４４巷３５號六樓之３,25.052873997508,121.512307003845,12.68,7.369,2.492481,7.095388,11.07481,12.458064,13.803169
臺北市大同區南京西路５７號十八樓之１,25.0530439825044,121.519385018162,23.199997,18.941143,13.113003,13.666728,17.164574,18.103165,21.26807
臺北市大同區大龍街１３９號二樓之５,25.0675720000023,121.516026976293,12.110001,10.223789,6.929211,10.207071,11.417149,13.712556,14.547282
臺北市大同區寧夏路１６５號五樓之９,25.0615550088983,121.514242972021,20.499998,18.774963,14.899002,17.687788,18.511915,21.971968,23.583437
臺北市大同區延平北路三段５號八樓之１,25.0635449984407,121.511289021704,26.680002,29.09275,21.015244,22.532618,28.619555,31.068558,36.878387
臺北市大同區延平北路三段７３之３號,25.0666110148032,121.511109984252,17.380003,17.629953,11.411518,13.868011,18.172241,21.754822,22.872341
臺北市大同區承德路三段３０１巷２２號四樓,25.0756570161673,121.521353005209,21.63,25.023872,19.80548,21.897665,24.332302,24.692913,27.81343
臺北市大同區承德路二段１巷１７號三樓,25.0535979843948,121.518751011006,12.0,16.857489,13.702275,16.661364,16.720238,20.66361,21.920193
臺北市大同區昌吉街１３２巷１５號四樓,25.0653810124217,121.514253030305,16.0,14.844507,12.9836035,13.817446,14.575602,17.349771,19.370026
臺北市大同區民權西路１６０巷１８弄８號十樓之５,25.062168019387,121.515452983564,18.0,18.393303,15.377569,15.479274,18.712202,20.764719,24.976505
臺北市大同區環河北路一段７３號十樓之３,25.0528170005664,121.507483972938,8.9800005,10.100658,5.4135046,8.325382,9.32747,11.002164,13.035002
臺北市大同區甘州街２２號七樓,25.0587119930697,121.512797009904,26.45,20.773138,15.734609,19.625088,24.25044,25.81893,29.761843
臺北市大同區興城街７０號五樓之８,25.0592849799708,121.517379983104,34.0,24.913929,17.47345,22.791346,23.999634,27.343382,31.947828
臺北市大同區迪化街二段１９１巷２５號七樓,25.0693365149189,121.512201528,9.0,16.760775,12.422075,16.249634,18.890507,22.468369,23.217548
臺北市大同區重慶北路三段１５２巷３號五樓,25.0681519857925,121.513249967952,4.5,11.134024,8.353315,9.527657,10.809423,12.255769,14.287619
臺北市大同區重慶北路三段２０３之３號五樓之２,25.0697139953588,121.514059995075,18.0,17.343315,11.779321,15.371364,17.770985,19.0478,20.134163
臺北市大同區重慶北路三段２０３之３號六樓之８,25.0697139953588,121.514059995075,19.38,18.245707,13.347268,15.768126,17.834267,18.508867,21.302898
臺北市大同區長安西路２８９號七樓之４,25.0521010183972,121.509293039101,15.000002,30.56755,22.30052,26.83553,33.297916,34.760708,37.99162
臺北市大安區仁愛路三段１２３巷２６弄７號七樓,25.0391759979721,121.541483989703,43.499996,33.284843,23.662212,28.280556,35.159985,40.14709,44.394417
臺北市大安區仁愛路三段５巷１弄１４號三樓,25.0388514087716,121.53429390934,41.38,30.173306,24.631561,25.827543,29.912775,34.606373,36.642918
臺北市大安區仁愛路四段１２２巷６３號九樓之２,25.033595494476,121.550505264453,29.679998,26.224691,19.401731,24.330564,24.48561,27.032253,31.910465
臺北市大安區仁愛路四段３４５巷４弄４１號,25.0390649796645,121.551448982931,36.999992,27.631254,16.614239,20.327396,29.182768,29.558107,33.843998
臺北市大安區信義路三段１５６號十三樓之７,25.0332129863245,121.540833973112,12.730001,17.055777,9.6993685,13.963083,14.891834,18.274048,19.831255
臺北市大安區信義路二段２２８巷７號六樓,25.0330119882864,121.531869024752,32.0,27.859756,21.212116,25.443636,30.257952,36.034935,41.413445
臺北市大安區信義路二段５２號十二樓之５,25.0344989798192,121.525826007838,15.459999,15.711031,8.947181,12.474543,13.417607,17.944195,19.080475
臺北市大安區信義路二段５２號十二樓之６,25.0344989798192,121.525826007838,18.539999,18.847925,15.339344,16.791615,18.97316,20.897703,25.60005
臺北市大安區信義路四段１９９巷２７號六樓,25.0351199950255,121.551814014815,44.200005,36.07362,32.790424,33.698883,39.429333,43.945885,44.51123
臺北市大安區信義路四段４００巷６弄１２號二樓,25.0325490138645,121.556127006913,22.000002,18.924013,10.921057,15.460865,19.243908,21.49423,22.676695
臺北市大安區信義路四段５３巷２８號六樓,25.0342591213264,121.545022520279,7.6599994,13.74135,8.475175,13.034278,14.660649,16.46783,17.048805
臺北市大安區信義路四段９９巷３６號十三樓,25.0348130078217,121.546911020552,55.28,58.574207,43.429913,54.82515,56.657455,62.61067,80.82809
臺北市大安區光復南路６７６巷１０弄５號三樓,25.0308619882124,121.556604021022,18.199999,16.643232,13.006457,15.028116,17.493189,18.321789,18.75765
臺北市大安區光復南路７２巷２３弄３１號五樓,25.0442420202513,121.556218034381,22.500002,26.493685,18.75988,23.412256,24.756388,27.373917,32.61192
臺北市大安區和平東路一段１２１號七樓之３,25.0269128126218,121.527311616357,4.847323,21.534645,17.075275,18.752926,22.605938,24.019909,28.587967
臺北市大安區和平東路一段１６５號十樓之１,25.0265549891752,121.531626033379,24.379997,21.57027,14.260877,14.787717,17.476213,20.8493,24.462938
臺北市大安區和平東路一段８５巷４弄２號五樓,25.0273889885411,121.52535402287,27.749998,24.300371,18.278563,21.78878,28.196623,30.087116,34.241062
臺北市大安區和平東路三段１２號十樓,25.0245119840952,121.547114030247,12.0,9.751636,6.409928,7.542945,10.201724,11.62529,11.885273
臺北市大安區和平東路三段３４６巷６號二樓,25.0193975982347,121.557172397877,20.240002,19.054564,14.725026,16.300312,19.677202,20.600454,21.932034
臺北市大安區和平東路三段６３號十二樓,25.0247849826816,121.54920699147,27.899998,22.921482,13.51027,20.19898,26.308664,28.297163,33.297043
臺北市大安區和平東路二段３１１巷６３號三樓,25.0260659889439,121.545568994035,33.000004,23.383446,27.826101,28.04737,32.228535,35.100784,36.592926
臺北市大安區四維路３６號二樓之１,25.0358089874665,121.54806001184,13.200001,13.333664,8.199719,9.549435,10.191098,15.068824,21.713394
臺北市大安區大安路一段２０２號六樓之１１,25.0349950208492,121.545864959036,18.199999,13.710473,8.670762,13.844345,14.25611,16.881733,18.044067
臺北市大安區安和路一段１８號八樓,25.0386470160627,121.550434018276,57.42999,52.19942,38.67554,43.066746,57.22656,70.37456,85.269066
臺北市大安區安和路二段１６９號十二樓,25.0282260053923,121.550169988326,40.000004,42.329735,30.887167,32.42954,37.299892,46.065155,48.774517
臺北市大安區安居街３４巷５號三樓,25.0209169858233,121.554346020126,23.58,25.399834,20.999155,22.107273,24.847279,25.448181,27.884165
臺北市大安區富陽街１２２號二樓,25.0193480192774,121.556547024081,15.400002,19.14904,10.591708,13.802577,18.221865,21.485199,22.641336
臺北市大安區延吉街７０巷２弄１６之１號,25.0431079906612,121.55372500492,24.200003,30.506145,15.449255,21.807571,25.073269,26.051592,36.65522
臺北市大安區建國南路一段１６０號九樓之１,25.0411429791903,121.53692297709,43.0,35.114185,23.03746,34.534748,35.861294,40.35802,51.715714
臺北市大安區建國南路一段３０８號五樓之３,25.0355672952885,121.537427316204,31.759998,26.284113,21.610619,25.543955,26.034456,30.055956,30.123093
臺北市大安區建國南路一段３４１巷３號,25.0345309986894,121.538372962521,33.679996,24.882921,13.789657,21.96218,27.405306,30.756414,31.40894
臺北市大安區建國南路二段６９巷１８號,25.0310991122532,121.538698934735,23.0,41.666885,27.267513,32.647934,40.315666,43.294086,46.01925
臺北市大安區建國南路二段９７號十一樓,25.0302649871587,121.538280007214,36.48,24.0225,20.647919,24.989847,30.567814,31.305021,35.060497
臺北市大安區復興南路一段２００號八樓,25.0396880065276,121.543495981741,50.68,37.40355,26.407314,28.990553,37.759224,44.141518,52.647022
臺北市大安區復興南路二段１５１巷４４號十四樓,25.0280618039091,121.545720119749,26.5,22.220953,23.23462,23.38044,26.449501,31.57076,35.80536
臺北市大安區復興南路二段１７１巷３６號十七樓,25.0275088916661,121.545038587202,32.0,35.396763,29.862247,30.427567,33.72608,39.081676,43.464447
臺北市大安區復興南路二段２１８號二十一樓之３,25.0263381912496,121.543228096116,52.300003,46.288593,40.136684,40.96465,43.133743,50.080963,63.101223
臺北市大安區復興南路二段２１８號二十二樓之３,25.0263381912496,121.543228096116,56.649998,58.789722,44.595734,50.909504,59.455833,68.69906,75.30522
臺北市大安區復興南路二段２３６號五樓之４,25.0251070154016,121.54309700315,28.0,31.243334,17.681665,25.07762,33.05681,35.324875,35.477585
臺北市大安區復興南路二段９０巷１２號三樓之２,25.0302196829721,121.54238546339,16.35,16.688425,12.947745,13.831456,15.814748,17.69765,21.072433
臺北市大安區忠孝東路三段２５１巷９弄１號四樓,25.0433640158937,121.541752964976,33.679996,23.188974,17.532856,21.08921,22.254507,26.624662,27.643852
臺北市大安區忠孝東路四段１８１巷４０弄２２號三樓,25.0438950094599,121.54977402722,22.500002,20.110914,9.736765,13.183863,16.900682,21.913647,31.591331
臺北市大安區忠孝東路四段１８１巷７弄１３號三樓,25.0421962910528,121.551511009015,10.2,9.23723,6.482251,7.5659847,8.273588,10.678193,12.3395815
臺北市大安區忠孝東路四段２３３號七樓之１６,25.0416551134743,121.553608580285,15.3,12.2421055,5.5435805,11.009951,14.224522,18.65933,20.40623
臺北市大安區忠孝東路四段２９９號九樓,25.0416129944109,121.555322008932,34.799995,33.51739,22.86348,29.341936,32.17459,36.88361,48.78896
臺北市大安區忠孝東路四段３１１號十一樓之３,25.0416140002392,121.555808997506,7.400001,8.83982,3.6967485,4.929127,5.9359226,11.459481,14.614621
臺北市大安區敦化南路二段６３巷５３弄１２號七樓,25.031545993421,121.551452000417,39.18,34.571438,26.512468,29.552422,35.749615,40.095703,42.189556
臺北市大安區敦化南路二段８１巷４７號七樓,25.0300530088274,121.550537031866,44.499996,43.23124,34.413948,38.819492,46.095425,47.278095,52.675205
臺北市大安區敦化南路二段８１巷５３號四樓,25.030026983018,121.550788991875,33.5,26.562841,19.876976,21.784563,23.907654,28.62468,31.944002
臺北市大安區新生南路一段１０３巷１２之１號二樓,25.0404549925777,121.53395201151,6.9999995,7.713773,2.9129312,7.253504,10.21587,14.419061,15.086149
臺北市大安區新生南路一段１５１巷１６之１號,25.0352676841595,121.534362138032,33.800003,38.472065,25.932802,27.060915,32.39723,37.072193,43.98967
臺北市大安區新生南路一段１６５巷２０號五樓,25.034083991793,121.534903022244,69.59999,45.558113,34.122025,49.35042,59.71336,72.15411,78.20093
臺北市大安區杭州南路二段８９號四樓,25.0287100183911,121.52195197601,9.0,13.746379,6.815744,11.015637,14.754897,16.048872,20.192635
臺北市大安區樂利路５巷１３號五樓之２,25.0288450089418,121.551637994848,10.910001,7.768149,5.5395484,7.127576,9.963657,10.084445,10.724675
臺北市大安區樂利路７８號二樓,25.0256510009177,121.551917028405,9.818481,12.759026,11.0219345,13.195488,13.241715,17.209675,20.521639
臺北市大安區樂利路９５號四樓,25.025438016758,121.552293040581,22.249998,22.510567,16.751877,19.301239,21.065598,23.001602,23.272497
臺北市大安區永康街７５巷８號六樓之３,25.0288230064459,121.53011100438,17.680002,16.513578,11.701715,12.465998,16.690285,17.530327,18.716486
臺北市大安區浦城街１３巷９號二樓之５,25.0245569110962,121.527302563902,8.825001,11.685605,7.228559,8.466902,12.094668,12.983975,14.091626
臺北市大安區潮州街１４６號四樓之１,25.0284539931586,121.528626988422,12.5,11.871534,5.139648,8.177934,11.041657,13.8381405,16.915731
臺北市大安區潮州街６０巷１０弄１３號三樓,25.028231998453,121.523232982272,35.06,32.13479,22.277466,27.52691,30.403679,40.107857,42.289093
臺北市大安區瑞安街１３５巷１８號四樓,25.0266199908343,121.540815030011,32.260002,27.759266,26.075838,27.226631,29.797037,30.15663,31.814127
臺北市大安區瑞安街２０８巷６１弄１３號三樓,25.0308339926558,121.541277962523,46.0,41.40292,31.372612,35.151897,40.178337,51.88073,58.317802
臺北市大安區羅斯福路三段３２５號七樓之１,25.0171509967265,121.532210000573,12.999999,10.183224,4.5556083,8.617855,12.58276,12.586268,15.396729
臺北市大安區羅斯福路三段４９號八樓,25.0232889806029,121.525557032565,69.5,53.44023,41.97208,47.05195,50.43466,65.97071,66.21022
臺北市大安區羅斯福路三段５１號十樓,25.0232370128032,121.5255990259,45.3,36.390575,27.422031,30.548159,37.5498,44.016136,49.648136
臺北市大安區臥龍街１９５巷２１號二樓,25.0185019918804,121.553029977508,18.499996,17.23294,13.638994,14.481905,16.000408,17.53981,19.161472
臺北市大安區通化街１９巷１７號三樓,25.0317570078335,121.555255959535,22.235,21.17876,16.624315,20.50534,22.499289,23.784441,23.976002
臺北市大安區通安街１１８巷２號九樓,25.0290880003148,121.55268699003,42.000008,35.9655,31.566988,33.47173,39.777668,46.44977,50.37482
臺北市大安區金山南路二段２號九樓之３,25.0337599893258,121.527004000511,46.0,38.38399,29.382097,29.611961,35.00512,40.358166,40.971424
臺北市大安區金山南路二段２１號二樓,25.0332549796595,121.527326033231,27.899998,26.177523,17.15968,18.885935,21.750614,27.10397,29.963423
臺北市文山區下崙路２８巷１號五樓,24.9861669982719,121.556752967442,20.66,21.452696,16.200686,18.295921,20.477095,23.547853,27.026665
臺北市文山區久康街２６號四樓,24.9893349804866,121.565501997976,18.199999,14.663619,13.604845,14.458939,15.862211,18.353815,21.354446
臺北市文山區仙岩路１６巷３９弄１２號四樓,24.9978880840344,121.549942922569,15.000002,14.117454,8.081146,11.684346,14.515273,16.20841,16.476665
臺北市文山區保儀路９號七樓之１,24.9886739836022,121.568653006837,33.98,29.077677,22.896713,27.203579,27.990578,31.428467,36.81977
臺北市文山區保儀路９號九樓,24.9886739836022,121.568653006837,29.600004,25.172,18.587471,24.911388,26.876547,28.479864,33.97313
臺北市文山區公館街４８號,25.0055809947688,121.537592020602,6.9999995,12.600043,7.24546,9.802798,11.60072,13.714462,17.54569
臺北市文山區和平東路四段６６巷３９號十樓,25.0055050966355,121.565006040765,36.0,33.584953,20.657572,36.172356,38.293087,38.44454,40.713226
臺北市文山區忠順街一段１１９號五樓,24.9842969956735,121.559961979073,13.338001,10.501495,9.354389,11.975735,13.02425,14.67482,14.972803
臺北市文山區忠順街一段１３１號三樓,24.9844169826174,121.560514011216,12.249998,13.642597,11.297064,11.722079,12.853627,12.937204,15.652857
臺北市文山區忠順街一段７０號三樓,24.9842319940143,121.56080796456,12.38,11.26711,10.317791,10.918519,12.323364,14.816789,15.819533
臺北市文山區指南路三段２６號三樓之１,24.9831078969795,121.579933036854,9.38,6.045684,5.08197,6.16715,7.8789973,10.050184,12.054098
臺北市文山區指南路三段３２巷５號九樓之９,24.9827310047032,121.580205029613,6.88,3.9814742,3.4899902,3.7349486,5.855356,8.69043,9.852573
臺北市文山區指南路三段５７號七樓之３,24.9834489985292,121.580086006587,12.799999,18.232117,12.643488,14.732387,16.048594,17.869268,17.962963
臺北市文山區政大二街２０７號三樓,24.9886555332889,121.586913219177,19.360003,24.54107,18.777685,22.169464,22.581043,23.335604,27.6515
臺北市文山區政大二街９９巷１８號,24.9884830019383,121.58275203853,12.600001,16.340073,13.454723,14.3864765,16.508512,18.450779,21.070896
臺北市文山區新光路一段６５巷３８號八樓,24.990677007004,121.575433966506,30.5,27.35926,18.169931,26.433207,28.767595,34.18307,42.159473
臺北市文山區新光路一段９５巷１７號四樓,24.9911950086202,121.574352030444,14.980001,11.553496,9.720948,11.970653,13.323274,16.371672,16.376125
臺北市文山區景中街１號十樓之４,24.993024987631,121.541464962783,15.800001,17.14589,12.165264,17.425055,19.42536,21.373878,22.419508
臺北市文山區景後街９５號九樓之２,24.9919145950079,121.543036569628,8.35,10.705474,7.109444,9.317041,10.589256,12.960542,13.927757
臺北市文山區景福街１２８號六樓,24.9956900137457,121.536129965231,21.5,18.635935,15.258842,17.304852,20.109203,22.413725,25.248142
臺北市文山區景興路１５３巷１９號十一樓之５,24.9940000125179,121.545999991496,18.199999,17.477467,13.082136,15.7522545,18.40695,19.896042,22.1032
臺北市文山區景興路５３巷１５號二樓,24.9966559861771,121.545710983475,15.08,16.688202,12.297212,14.141407,16.251286,17.274525,19.92115
臺北市文山區景興路５５號五樓,24.9967260169781,121.54484395941,14.599998,13.72006,5.6046624,9.810364,14.441389,17.751535,18.553852
臺北市文山區景華街１２８巷１２號五樓,24.9948519910662,121.547715012705,16.2,16.279215,13.170028,14.060811,16.193384,18.641775,18.64285
臺北市文山區景華街１３巷６號二樓,24.9953960184918,121.542418991002,32.499996,28.746223,21.806168,26.452284,28.859806,31.673906,39.073933
臺北市文山區木新路三段３５２巷１號二樓,24.9806330143384,121.554638967642,12.999999,13.316061,11.83705,12.402956,14.183,15.492972,18.816652
臺北市文山區木新路二段１７２號五樓,24.9839560198523,121.568342960239,12.299999,9.316797,6.475352,9.104828,10.4735365,13.426849,14.293645
臺北市文山區木柵路二段１０９巷１００弄７０號六樓,24.9927330040339,121.561791999993,19.600002,19.25208,14.406328,15.409499,19.421177,22.070505,24.633327
臺北市文山區木柵路二段１０９巷２７弄３號三樓,24.9902269826225,121.563059008477,16.660002,13.80041,12.802044,12.856086,13.256028,15.061402,17.092875
臺北市文山區木柵路四段１４１號二樓,24.9983500107184,121.574020023259,31.250002,25.45531,19.3483,22.80921,26.082176,28.440619,31.354305
臺北市文山區汀州路四段１０５巷３號四樓,25.0067000207523,121.537040994287,17.200003,17.002602,11.881806,15.509551,18.95822,19.597837,20.629791
臺北市文山區汀州路四段２５３號十二樓,25.0019046920361,121.536283773154,40.8,41.414295,28.890574,40.13332,42.97689,51.031086,54.807896
臺北市文山區汀州路四段２６３號六樓,25.0011597084818,121.5362157121,41.680004,37.75313,30.10368,34.10161,38.150417,45.96838,47.165646
臺北市文山區汀州路四段２８５號五樓,25.0014829541722,121.535550339932,27.3,32.14413,26.871778,29.63774,32.11228,35.705704,37.668106
臺北市文山區溪口街１０７巷３號四樓,24.996154084934,121.537522877317,12.0,12.905661,9.23912,11.203423,12.296672,14.80677,16.181433
臺北市文山區溪口街７０號十二樓之１,24.9955810070949,121.538924994664,35.499996,33.394314,25.763737,29.686907,33.64081,40.34207,44.64321
臺北市文山區福興路６０巷６號,25.0037500099296,121.550563015766,5.0000005,11.133784,5.5129437,9.316276,9.807081,12.573671,14.762163
臺北市文山區福興路６３巷４弄１１之１１號六樓,25.0040730065685,121.549145971215,13.580001,11.71622,9.365503,12.042624,13.952764,14.899626,15.846683
臺北市文山區秀明路一段１９巷１６號三樓,24.9900139984628,121.564166006429,18.880001,14.94083,13.592839,14.524173,15.131992,17.1027,19.214949
臺北市文山區秀明路一段１９巷５弄１號四樓,24.9899240187322,121.563697960956,16.880001,13.96288,13.132668,13.502479,14.04407,15.633341,17.763115
臺北市文山區秀明路二段８號二樓,24.9915550113616,121.574147009092,19.15,19.76401,15.088472,18.516207,21.30393,23.209335,23.248928
臺北市文山區羅斯福路五段２１８巷３８弄３號七樓,25.0026829936554,121.537080975965,37.999996,34.088974,28.197891,28.764145,31.579569,34.786465,36.454018
臺北市文山區羅斯福路五段２３６巷５號七樓,25.0012999796315,121.538266009436,25.050001,24.743011,21.880308,24.372046,26.647758,28.01106,29.456549
臺北市文山區羅斯福路六段１６６巷１號九樓,24.9970249357525,121.541034125307,31.949997,29.22006,24.41321,26.70961,30.805403,33.71148,37.122932
臺北市文山區羅斯福路六段１６６巷５號六樓,24.9970249357525,121.541034125307,34.0,36.06364,30.110905,34.241497,35.614063,40.57394,43.875828
臺北市文山區羅斯福路六段４０７號九樓之９,24.991679985538,121.540640015873,13.6,13.045007,11.428635,11.9379,13.715453,17.286844,19.35547
臺北市文山區育英街５７巷３號,24.9919039919003,121.538297022478,25.0,22.832005,17.453983,20.786633,22.934464,26.276857,30.605099
臺北市文山區興隆路一段７０巷１之１號五樓,25.0033089960941,121.540693995329,15.259998,13.9501095,10.687824,14.0135765,15.917993,16.905949,19.349316
臺北市文山區興隆路三段１３７號三樓,24.9983140104442,121.558763031642,7.28,6.3166986,5.1502633,6.34096,7.515704,8.859044,11.755187
臺北市文山區興隆路三段１３７號九樓之８,24.9983140104442,121.558763031642,7.7999997,7.5544853,5.8115683,6.082388,8.790492,9.765789,11.348948
臺北市文山區興隆路三段１３７號十樓之５,24.9983140104442,121.558763031642,10.000001,11.626686,9.504227,10.19803,13.416658,14.482068,16.24383
臺北市文山區興隆路三段２２１巷４弄１９號四樓,24.9935279856406,121.560299015399,12.600001,15.026747,12.280841,13.583443,15.370597,16.603254,18.458948
臺北市文山區興隆路三段２５５巷２９之１號二樓,24.9927029968205,121.560519962367,18.0,20.489069,18.513073,20.265457,21.000319,23.268131,23.976692
臺北市文山區興隆路四段１０９巷１１６號三樓,24.9867779971039,121.564595998062,19.499998,23.61888,22.591148,24.4487,26.146255,28.47189,32.08191
臺北市文山區萬盛街８９之５號五樓,25.0055874907438,121.542631220791,21.3,17.38059,16.067678,17.782581,19.497879,20.702423,23.877323
臺北市文山區萬美街二段２巷３號三樓之５,25.0035225767552,121.562943648454,9.400001,14.064016,10.017974,12.498492,15.123701,16.079788,17.613874
臺北市文山區萬美街二段２巷７號五樓之１,25.0035225767552,121.562943648454,14.0,14.526631,10.297745,11.452752,15.364666,18.057987,19.57855
臺北市文山區萬芳路６０之１２號四樓,24.9986430001439,121.568347989381,20.000002,18.70524,15.684193,17.487816,20.736593,22.026533,22.654974
臺北市文山區試院路１５４巷２弄２３號四樓,24.9910709983628,121.5476410005,12.0,17.650864,14.817963,15.067831,15.432339,15.7321,18.965437
臺北市文山區辛亥路七段６９巷１４號四樓,24.9823730136186,121.554470994302,15.000002,13.596877,10.255025,12.014155,14.630677,14.819774,16.139332
臺北市文山區辛亥路五段５５巷１４號五樓,24.9982379865824,121.55357698051,6.8,7.403671,5.2591286,6.065537,7.723191,11.187276,13.93952
臺北市文山區辛亥路六段８６巷６弄１０號五樓,24.9892030074211,121.551805968188,8.18,15.399484,12.454296,13.038253,13.088468,13.952727,16.536566
臺北市文山區辛亥路四段１３０巷３號六樓之２,25.0046710134506,121.556538977454,7.48,6.063278,4.2469926,4.7885213,7.550711,8.455214,9.89447
臺北市文山區辛亥路四段７７巷９２弄１１號三樓之２,25.0087574846152,121.561276010033,13.880002,15.966121,11.3362,15.110735,17.587643,19.413244,20.652878
臺北市文山區辛亥路四段７７巷９２弄１１號九樓之６,25.0087574846152,121.561276010033,12.05,11.617856,6.867642,9.78066,12.16536,13.602545,16.087788
臺北市松山區三民路１０７巷７號六樓之５,25.0576420012199,121.56316696739,18.999998,20.00227,12.944884,17.676954,20.971958,21.836557,23.57655
臺北市松山區三民路２９巷１號三樓之３,25.0545600173318,121.563490005938,50.999996,33.329945,25.428947,34.262924,39.57349,50.517963,53.54248
臺北市松山區健康路１６６號八樓,25.0535829807881,121.558240000884,32.710003,26.2417,20.3784,25.702059,29.365997,31.855114,37.562473
臺北市松山區健康路２２５巷１１之１號二樓,25.054422009296,121.562242024374,34.600002,28.252703,18.854818,25.43001,27.738628,33.36121,34.019684
臺北市松山區光復南路２２巷２８號,25.0468379794838,121.555899019146,8.0,4.5079303,2.829497,2.8384316,4.013384,7.3075485,10.208547
臺北市松山區八德路三段１０６巷１號十樓之７,25.0476340088284,121.553755012133,6.5,8.883397,4.6249323,5.9868345,7.5265145,12.394888,13.569606
臺北市松山區八德路三段１２巷５１弄６號五樓,25.0460699876054,121.550896028779,36.0,32.543823,27.696371,29.289078,34.602676,39.56387,46.12385
臺北市松山區八德路三段１２巷５２弄１４號二樓,25.0462670042395,121.549977958924,40.000004,38.516907,31.283112,35.070145,38.3375,41.146122,48.80232
臺北市松山區八德路三段１６５號十一樓之６,25.0481870048904,121.555411024743,36.780003,25.216963,24.956284,25.297638,27.954844,30.88892,34.360622
臺北市松山區八德路二段３４８號十一樓之１０,25.0477319932765,121.545318961863,20.4,19.576702,16.22486,16.391794,18.072466,21.602575,24.091543
臺北市松山區八德路二段４１０巷３２號四樓,25.0464999792383,121.546629975339,36.100002,31.765194,26.110155,33.50014,33.83569,34.056805,39.604347
臺北市松山區八德路四段１０４號七樓之１,25.0483900145853,121.560898992029,4.5,9.483718,3.8808908,7.6992097,11.600662,14.198082,15.549405
臺北市松山區八德路四段１６７號二樓,25.0488249934506,121.562809982134,9.416251,18.98704,14.520926,17.589182,20.44346,24.439575,26.379698
臺北市松山區八德路四段２０４巷５弄６號三樓,25.04845799182,121.564363986982,16.500002,15.2450905,12.222304,14.336492,15.035785,18.216389,19.910912
臺北市松山區八德路四段２４５巷２０號九樓之１,25.0495349825591,121.564278994484,21.080002,17.462408,12.112769,15.295988,17.862753,19.341059,21.56023
臺北市松山區八德路四段２４５巷５２弄５０號五樓,25.0502660102445,121.563073006255,25.999998,27.331453,19.098646,22.924526,25.80856,28.619665,34.367702
臺北市松山區八德路四段４４５號六樓之１１,25.0499200052814,121.570422007502,10.4800005,10.821984,7.924426,9.077627,11.009972,11.329865,13.18373
臺北市松山區八德路四段６３６號八樓之２,25.0498319952981,121.574493014056,16.279999,14.602317,9.616393,12.476278,15.127065,16.845882,18.306173
臺北市松山區八德路四段６３６號十樓之１,25.0498319952981,121.574493014056,17.86,17.217142,14.043926,17.266706,18.6375,19.29401,22.057112
臺北市松山區八德路四段６３６號十樓之６,25.0498319952981,121.574493014056,20.499998,16.954706,12.604799,16.512297,16.871002,19.035248,20.602156
臺北市松山區八德路四段７６５號十一樓之７,25.0511720101587,121.577940993746,13.399999,14.275988,8.787111,11.438539,14.436923,16.957314,18.057665
臺北市松山區南京東路五段２３９號七樓之２,25.0516164186651,121.564972429334,16.43,16.904652,14.111743,15.228394,16.794174,18.314054,20.282152
臺北市松山區南京東路五段２３９號五樓之１６,25.0516164186651,121.564972429334,22.199997,19.331493,15.040649,16.327951,18.31731,20.08229,21.567093
臺北市松山區南京東路五段２３９號十樓之２３,25.0516164186651,121.564972429334,14.879998,16.893253,10.325459,13.881283,15.199854,16.446947,18.701012
臺北市松山區南京東路五段４１５號二樓之６,25.0514612419358,121.57010545841,14.419998,16.197943,13.212998,13.678306,14.660667,17.365965,19.062996
臺北市松山區南京東路五段６６巷９號五樓,25.0507260090908,121.560916007292,5.3100004,11.494268,4.5271993,9.495554,14.369467,16.006336,17.978968
臺北市松山區南京東路四段５３巷７弄２號二樓之２,25.0529480097131,121.551033994905,18.999998,20.447853,13.628374,20.41167,24.358673,25.270456,29.72474
臺北市松山區塔悠路３２３號四樓之６,25.0614669989149,121.568937991545,10.500002,12.936775,9.396716,9.419979,11.484445,13.000754,14.285697
臺北市松山區富錦街５７１巷７號二樓,25.0622419896825,121.566589969009,19.800003,19.146818,12.95891,14.911225,16.689089,19.117224,22.137339
臺北市松山區延壽街１８巷７號二樓,25.0569660007288,121.568500037104,39.989998,34.144695,22.961252,30.997166,37.550705,47.10961,53.46727
臺北市松山區延壽街３３０巷１７弄８之１號十樓,25.054694002054,121.560983984527,34.5,32.018272,22.964657,28.49194,33.84159,37.361164,43.896233
臺北市松山區延壽街３５１號三樓,25.0566950137991,121.559143989142,6.2999997,10.026917,5.21848,6.0397544,9.483872,10.93869,12.36012
臺北市松山區復興北路２２３號十四樓之１,25.056798991308,121.544501977761,1.0,2.8421354,1.9383876,1.976728,2.7747674,6.39861,6.7168818
臺北市松山區復興北路４２７巷２５號十樓之２,25.063393998455,121.546364017551,17.300001,17.352013,14.241253,15.635116,18.923904,20.787718,22.373922
臺北市松山區慶城街２３號五樓,25.053513997725,121.545200022657,57.209995,47.621372,25.433672,49.948532,54.586746,81.42241,82.33044
臺北市松山區敦化北路２２２巷２９之１號三樓,25.0598580087814,121.547598001337,31.199999,32.042152,25.791065,29.553322,34.200047,35.77918,39.317623
臺北市松山區敦化北路２４４巷２４號四樓,25.060710993158,121.548615983477,24.1,26.302347,20.30255,23.123575,25.581953,26.070984,28.25091
臺北市松山區新東街１２巷１１號四樓,25.057846980662,121.566867996737,25.999998,24.68017,18.190168,22.415232,24.624903,25.903519,29.171114
臺北市松山區新東街１６巷１５號四樓,25.0581680075536,121.567107970625,21.3,20.133764,15.503136,20.771399,22.782,23.95372,26.668987
臺北市松山區新東街６巷１２號二樓,25.0573990098468,121.566812005624,24.0,23.005417,18.692566,21.433523,24.981552,27.958181,31.979506
臺北市松山區新東街６０巷１６號三樓,25.0620230124621,121.566070039555,22.7,20.422075,16.41748,19.13327,20.153965,23.666883,23.928251
臺北市松山區民族東路６７４號,25.0645219930748,121.546665011694,16.399998,22.56295,11.935768,13.992843,19.656538,22.801128,32.162212
臺北市松山區民權東路三段１２５巷２號六樓,25.0623857812315,121.545861606275,12.5,9.557221,4.6589713,8.972048,13.3417425,15.811363,16.216127
臺北市松山區民權東路三段１６６號八樓,25.0616070186075,121.548505007079,2.3999999,13.713648,8.916838,11.22188,14.14369,16.729692,18.456753
臺北市松山區民權東路三段１９１巷８９號三樓,25.0647359830629,121.545648035382,20.599998,18.464437,15.788855,19.214214,19.52844,21.799105,26.16742
臺北市松山區民生東路五段１２２號五樓之１,25.0585710094583,121.561183976736,18.269999,24.07091,16.549068,21.340582,27.967152,29.382301,31.242321
臺北市松山區民生東路五段２１２巷５弄４號,25.058413627576,121.564997073925,17.349998,8.910485,4.9326506,7.744159,12.46017,15.682929,16.010887
臺北市松山區民生東路五段２４號七樓,25.0582271837901,121.556377122903,45.3,39.40815,30.237047,30.778017,36.511303,41.652763,44.542233
臺北市松山區民生東路五段２７巷６號二樓,25.0595369818898,121.556858998517,32.499996,29.488253,23.579798,30.42112,31.484816,32.991302,39.601875
臺北市松山區民生東路五段４８號三樓,25.0582289858992,121.557580009828,30.080002,29.47894,22.504202,23.812778,26.845757,29.929224,33.24863
臺北市松山區民生東路四段７１之１號四樓,25.0580460089529,121.551201968245,23.0,17.08861,14.508401,19.282207,19.469,23.647327,24.629847
臺北市松山區民生東路四段８０巷１弄６號三樓,25.0575539912365,121.55334496943,31.08,26.040249,18.001366,27.27733,27.576267,27.585424,32.527973
臺北市松山區民生東路四段９７巷２弄１１之１號二樓,25.0586130027932,121.552782962822,28.0,32.0351,18.602018,21.694733,30.00813,32.195244,40.284355
臺北市萬華區中華路二段４１６巷５號十二樓之３,25.0270369905173,121.50471802871,17.800001,19.894314,14.202256,18.560352,19.881582,22.078901,25.140583
臺北市萬華區中華路二段４１６巷７號十一樓,25.02682899359,121.504809978187,18.880001,18.153645,12.972633,18.144629,18.397224,20.427282,22.909063
臺北市萬華區中華路二段４１６巷８０號七樓之３,25.0273135933221,121.503458061024,25.0,37.781036,28.208658,37.732525,40.46435,42.01534,55.284977
臺北市萬華區中華路二段５００號十二樓,25.0260827108408,121.507614982085,10.000001,10.089835,9.614673,10.346156,11.994282,13.622689,15.829706
臺北市萬華區和平西路三段３８２巷１２弄５０號四樓,25.0347169931208,121.490428979271,8.0,8.041048,4.385358,5.87999,8.637533,8.825074,11.259712
臺北市萬華區和平西路三段３８２巷２弄１７號二樓,25.0348940189159,121.490897024745,10.949999,13.984515,9.684133,11.606917,14.1713085,16.868172,17.911766
臺北市萬華區和平西路三段３９２號二樓,25.0353390141555,121.491155019724,12.38,16.886778,12.551,14.5123005,16.173468,17.998009,20.214287
臺北市萬華區和平西路三段３９８號三樓,25.0353450072163,121.490920996988,12.600001,13.152809,10.133429,12.47868,13.602107,16.182047,18.118252
臺北市萬華區國興路１巷６號九樓之２,25.0239169946983,121.508536991434,14.0,8.98929,7.566627,9.730182,10.337019,11.172123,13.650109
臺北市萬華區大理街１之１號,25.0345890014593,121.503253039673,2.7500002,1.2237659,1.5728369,2.251725,2.5230098,6.072885,7.439148
臺北市萬華區大理街１６０巷２２弄９號三樓,25.0326179969276,121.494372999991,3.1000001,7.0601826,6.647329,6.7504745,8.498901,10.209055,10.445448
臺北市萬華區大理街３０號五樓之２,25.0345630175595,121.501611024841,18.800001,16.239027,15.449332,16.369131,20.004751,23.854439,31.35151
臺北市萬華區富民路１４５巷１５弄２號四樓,25.0186239904811,121.50032297778,8.300001,8.9680805,6.695445,7.651664,9.909872,10.497681,13.15363
臺北市萬華區寶興街１４０巷３３號四樓,25.0238190102502,121.493708985622,12.580002,13.119605,10.960149,11.765338,12.954484,15.751484,17.594275
臺北市萬華區寶興街６５巷１６號八樓,25.0270291115283,121.494867616098,24.0,24.690752,19.667492,22.675598,23.28084,28.160236,29.607876
臺北市萬華區寶興街８０巷２號四樓,25.0259929825673,121.49419304053,14.199999,13.462404,8.931316,12.22192,12.595136,15.061962,17.223728
臺北市萬華區峨眉街１２２號五樓之２,25.0445249933025,121.502305968433,19.68,16.768532,13.902108,15.747714,18.279497,21.123808,24.575695
臺北市萬華區康定路１０３號十二樓之１３,25.0395069993285,121.502047973453,11.5,15.396055,10.7236395,12.943146,14.50779,18.5829,20.109447
臺北市萬華區康定路１０５號二十二樓之１２,25.039268198907,121.50202316302,11.599998,14.720976,13.708024,15.4624605,16.3702,20.21554,25.834114
臺北市萬華區康定路１０５號十一樓之１６,25.039268198907,121.50202316302,17.300001,20.732292,16.120466,19.828516,22.867361,27.188557,29.699549
臺北市萬華區康定路１０５號十七樓之６,25.039268198907,121.50202316302,20.38,26.345173,20.730053,22.930126,27.36816,32.156593,39.18768
臺北市萬華區康定路１０５號十樓,25.039268198907,121.50202316302,13.059999,16.242762,12.28791,15.737548,15.869496,18.232454,19.728537
臺北市萬華區康定路１６６號十三樓之２,25.0394489965585,121.501803976252,28.999998,26.810415,20.528728,25.288324,27.789476,32.86578,41.39712
臺北市萬華區康定路２３２號七樓之１２,25.0379400025299,121.50159199792,4.7,6.011378,3.7322807,4.32284,5.9888473,8.094767,8.839889
臺北市萬華區康定路９７號八樓,25.0396460131927,121.502093990102,9.55,10.914127,7.464092,8.718294,11.610059,13.387363,14.473896
臺北市萬華區德昌街１８５巷１２弄８號三樓,25.0231650122549,121.494035041655,12.2,15.028298,10.032124,13.561358,13.910115,15.861812,18.227373
臺北市萬華區德昌街１８５巷２７弄１號三樓,25.0223709945671,121.494471990268,13.799999,11.829631,9.572518,11.519187,12.599235,13.856799,14.30731
臺北市萬華區成都路１３９號六樓之７,25.0435060053335,121.503248010531,22.899998,26.028349,19.701994,23.254557,26.43098,28.751036,32.19198
臺北市萬華區昆明街４６號七樓之３２,25.0464089936793,121.505649006695,5.9700003,7.1575966,4.450101,5.360543,6.5546193,8.269067,8.884974
臺北市萬華區東園街６６巷５３弄２７號五樓,25.025723001466,121.495124018516,10.399999,12.014167,8.7379055,10.309706,11.58625,15.522684,18.043083
臺北市萬華區武成街１２５巷４弄１９號,25.0199099839758,121.493831026132,1.1999999,2.7913687,1.2997919,1.7933154,3.1065407,4.263721,6.247499
臺北市萬華區武昌街二段１２４之２號五樓之２０,25.0453662849243,121.503764671042,4.0,4.1962028,3.626159,3.6732552,4.655646,5.2019377,7.6025004
臺北市萬華區武昌街二段１２４之２號五樓之２１,25.0453662849243,121.503764671042,4.0,3.8766806,3.3679771,3.4051926,4.0101013,5.3115973,6.9243374
臺北市萬華區民和街８１巷７號三樓,25.0252270023456,121.498277961043,30.13,29.897045,22.91888,25.721931,31.002598,34.466225,38.799828
臺北市萬華區漢中街１７６號十二樓之７,25.0409670011331,121.506361971379,4.2000003,7.9687347,5.1285453,5.710525,7.206187,8.933182,10.156005
臺北市萬華區漢口街二段２７號七樓之１,25.0455790176269,121.507706009554,25.499998,21.513363,16.656181,18.436771,22.884409,25.227999,26.393059
臺北市萬華區漢口街二段５１號六樓之１１,25.0458679837388,121.506388039098,14.299999,13.018286,9.559878,12.071408,13.935848,16.713242,17.788042
臺北市萬華區環河南路三段４７號三樓,25.026359020279,121.490137959593,7.700001,9.251155,5.8153453,7.804274,9.35305,10.861953,12.528237
臺北市萬華區環河南路二段１２５巷１５弄６號五樓,25.0340570020648,121.494202009167,14.18,13.899543,11.068454,13.071663,14.809408,17.871204,19.547726
臺北市萬華區環河南路二段１２５巷７弄４號四樓之１４,25.0342709920529,121.493951976995,12.280001,14.931009,12.059358,14.346725,15.521226,17.1368,20.217686
臺北市萬華區環河南路二段１４８巷１４號五樓,25.0362220057455,121.494462015803,5.18,8.801589,6.4808655,7.2368903,7.8727837,9.29762,12.34459
臺北市萬華區環河南路二段１４９巷５號六樓,25.0335439876809,121.493173968742,6.9999995,8.00727,6.146944,7.016063,8.793977,9.274593,10.919198
臺北市萬華區環河南路二段１７５巷５號四樓之１,25.0327159813758,121.492510960201,9.249998,8.500132,5.214183,7.378546,9.278819,9.668148,10.2136755
臺北市萬華區艋舺大道５７號四樓,25.03382800847,121.503876988545,9.0,6.095661,5.3920197,6.8758254,7.4586997,10.046778,13.367381
臺北市萬華區萬大路１３７巷４３號四樓,25.0292169978047,121.50158596295,6.9999995,7.3700013,3.986166,4.8462834,7.2491765,8.176461,10.737037
臺北市萬華區萬大路８５巷１８弄１０號一樓,25.0300600077166,121.501523014857,8.0,8.307686,5.1925797,7.0589314,9.752125,11.174281,14.470778
臺北市萬華區西寧南路３０７號七樓之２,25.0381819880745,121.506499015496,11.580001,12.335458,10.839898,12.0931015,13.508081,15.289213,17.529568
臺北市萬華區西寧南路６３號十樓,25.0463999831334,121.507120030703,17.5,13.519415,10.343633,12.523743,15.760644,17.854324,18.374195
臺北市萬華區西昌街１５４號九樓之１,25.0387279852474,121.500523975818,8.199999,8.940098,7.547014,8.280318,11.519905,12.195251,14.054115
臺北市萬華區貴陽街二段１０４號七樓,25.0398620148375,121.502953973367,10.000001,21.759512,16.374987,20.537405,22.636303,25.332577,27.576668
臺北市萬華區長沙街二段６１號八樓之１,25.040682980344,121.505462006436,16.800001,18.443691,16.42176,19.32976,19.87706,23.377018,25.52792
臺北市萬華區長泰街２９７巷２０號二樓,25.0206060172155,121.492961990411,11.679997,16.036667,12.815797,13.144492,14.689725,15.848047,17.541483
臺北市萬華區長泰街３１６巷１２號二樓,25.0212829816254,121.492673988218,8.300001,10.059156,5.5248785,5.902236,8.472864,8.796954,13.214883
臺北市萬華區開封街二段１２號十二樓之５,25.0460540200798,121.508732038321,27.68,21.973158,14.688919,18.732492,22.35331,25.821404,27.185371
臺北市萬華區開封街二段８１號十二樓之３,25.0472069927711,121.504694978476,10.380001,8.790809,7.1243377,7.828876,10.51945,12.04913,13.134308
臺北市萬華區青年路１６８巷４９弄１３號五樓之１,25.019318012064,121.50172099541,8.8,8.2401085,6.0645576,6.8350434,8.772333,8.9807005,12.659558
臺北市中山區中原街２２號六樓之１１,25.0567059940923,121.528735031154,8.400001,7.9276967,4.254783,5.7896576,8.09467,9.964535,11.722417
臺北市中山區中山北路一段５３巷２０號三樓之２,25.0489262887505,121.522880104148,7.3000007,10.268314,6.7665563,8.646564,11.234889,12.052169,13.4331
臺北市中山區南京東路二段１０８號九樓之１７,25.0518390001039,121.532169013066,17.22,15.329722,10.490291,14.107904,14.451215,19.419233,20.177977
臺北市中山區合江街２９號四樓之２,25.055379013091,121.539171003522,12.280001,11.8249235,6.6668987,9.919751,13.451528,14.512709,15.161849
臺北市中山區吉林路３４３巷３６號四樓,25.0642170175278,121.53199902807,26.5,17.745352,12.176018,15.468271,20.396986,22.236494,23.616026
臺北市中山區四平街８９號三樓,25.0537159177725,121.535065882623,3.349109,6.1056814,2.2039402,5.4856787,8.897464,13.742447,13.993957
臺北市中山區天祥路８０號五樓之５,25.0639659795277,121.520528980308,21.000004,17.217148,12.466632,15.999771,17.933374,21.23554,21.715406
臺北市中山區建國北路三段６４號六樓,25.0653580040975,121.536096018523,19.68,17.167635,11.278137,13.968911,18.473038,20.111572,22.751657
臺北市中山區德惠街１２號四樓之７,25.0665619806696,121.52375601303,19.350002,20.406977,13.981058,17.845482,18.208523,22.231037,23.138697
臺北市中山區德惠街４５號五樓之１９,25.0667429878687,121.526995031874,0.58000004,3.7213426,1.9532012,2.4544594,3.790776,5.4522815,6.374865
臺北市中山區德惠街７９巷２號,25.066885019218,121.528449040618,6.5,4.427368,1.7837458,3.940194,5.264181,6.9863343,9.156639
臺北市中山區撫順街６之１號六樓之５,25.0636879937089,121.521560038217,9.05,8.510585,5.2478666,6.8301063,8.361248,10.451639,10.800215
臺北市中山區新生北路一段１０２巷１０號七樓之４,25.0487120053958,121.528544007581,11.000001,10.311172,7.234226,8.225258,9.862176,11.604845,12.91451
臺北市中山區新生北路一段４６號十二樓,25.0463939900726,121.531286985395,25.499998,21.524893,15.370081,17.425035,23.0092,24.736074,28.063847
臺北市中山區新生北路三段６１號三樓之１５,25.0659790193038,121.528077973764,20.499998,22.110016,15.31105,19.15822,22.569862,25.092548,27.068583
臺北市中山區新生北路二段７０之１號十樓之５,25.0566819799397,121.527177002992,11.5,14.319678,9.699258,11.985064,13.087981,14.871409,16.452944
臺北市中山區松江路２７號十二樓,25.0471820146996,121.533177020742,4.5,3.2889988,2.948146,6.108258,6.144078,7.3261347,8.908931
臺北市中山區松江路２８７、２８９、２９１、２９３號地下層,25.0604569795823,121.53346804042,5.2000003,8.576643,3.1264334,6.392423,10.173842,11.777667,11.828514
臺北市中山區松江路８號十二樓之２１,25.046456980075,121.532689026339,5.75,7.6773353,3.2231364,5.1796474,7.6996717,8.839846,9.241422
臺北市中山區林森北路２８９號九樓之１,25.0556049892007,121.52557999898,17.5,13.245612,10.965419,12.585475,13.849495,16.235132,18.220222
臺北市中山區林森北路２８９號六樓之１１,25.0556049892007,121.52557999898,15.879999,12.574081,9.5034,11.658634,13.572001,15.782123,17.915186
臺北市中山區林森北路４８１號二樓,25.0610929983953,121.526009990613,12.350001,16.711899,12.544842,16.203308,17.39839,20.481878,20.885872
臺北市中山區民權東路三段６０巷３弄１號四樓,25.0614859839256,121.542522004592,4.2000003,3.7111347,1.850871,3.5757525,5.8250437,7.9042344,11.583703
臺北市中山區民權東路二段１３５巷３０弄１６號六樓,25.0641510100403,121.534375968172,14.499999,12.0199585,10.862901,13.909363,15.552136,16.975056,21.227007
臺北市中山區民權東路二段９２巷７弄２２號,25.0606239890031,121.532301028041,0.19999999,0.8551121,1.9761624,2.5692327,2.8582132,5.426045,6.7888403
臺北市中山區民生東路一段７２號十二樓,25.0579269859278,121.526485998894,17.0,17.652834,16.13547,17.443962,20.658577,23.786528,26.19503
臺北市中山區民生西路３巷２之２號五樓之１,25.058140011997,121.521669002958,21.3,18.22709,15.626089,17.940928,18.492373,21.424164,25.850468
臺北市中山區農安街２２７巷３４號四樓之１,25.0663860026125,121.533804992928,25.800003,17.95399,14.66529,19.867031,20.967354,25.299477,26.268394
臺北市中山區通北街６５巷２弄３號二樓,25.0832439796455,121.539583979891,28.599998,29.359922,22.17355,30.373774,30.894958,35.892067,44.201977
臺北市中山區錦州街１０６號六樓,25.0602883388881,121.528572333427,17.800001,18.387283,12.271278,15.597012,19.541378,22.499802,25.141455
臺北市中山區錦州街２４５號四樓,25.0604569795823,121.533957962661,25.999998,18.837961,11.658839,15.040769,19.75417,23.138758,24.888561
臺北市中山區錦州街４２６巷１弄５號,25.0599220046121,121.542656031224,7.7999997,12.888973,4.4613724,10.239399,11.794813,17.576664,18.265808
臺北市中山區長春路４１０號十一樓之５,25.0544160162352,121.543750037227,8.379999,9.914631,6.935533,8.818504,10.506098,13.864993,14.467773
臺北市中山區雙城街１８巷７號二樓,25.0655119796589,121.523694992775,6.9999995,12.287465,6.4095783,8.564853,11.939078,12.439808,15.566424
臺北市中山區雙城街１９巷８號五樓之１５,25.0653279968842,121.524851024861,9.299999,10.345741,5.7501326,8.4913435,9.768557,12.603786,13.239379
臺北市中山區雙城街４３巷７號六樓之３,25.0675530149916,121.524801990727,5.2000003,7.336239,4.0198917,6.1247797,6.6539288,8.214147,9.602788
臺北市中山區雙城街４９巷１２號四樓,25.0678630196805,121.525232988189,12.5,10.117505,6.210074,9.139287,9.925501,11.826518,12.939057
臺北市中山區龍江路３４５巷１２號三樓,25.0632730056826,121.541631008285,21.000004,22.247446,17.143131,20.682163,23.53048,25.144817,28.065773
臺北市中山區龍江路３７０巷２６號三樓,25.0663409917924,121.539563025133,20.000002,17.459091,12.308855,16.713692,18.602642,22.678768,25.15318
臺北市中正區廈門街１４０號六樓之１,25.0224970164814,121.517359028346,12.0,7.970348,5.4505286,7.8465047,9.370865,12.89354,14.819383
臺北市中正區廈門街９８號五樓,25.0240340060666,121.517351987547,5.0000005,18.266935,14.934744,17.557825,18.132399,20.742952,21.843983
臺北市中正區林森南路１２０號三樓之２,25.0335719832376,121.518751011006,21.400002,18.453245,13.263422,22.306347,28.021824,30.080076,30.69295
臺北市中正區汀州路一段１９８巷４號四樓,25.0279900129083,121.508982992502,1.0,1.7852464,0.70590025,0.81733775,1.5734403,3.259856,5.636598
臺北市中正區汀州路三段１５３號三樓,25.0158393126986,121.53131598678,23.499996,19.739985,8.953662,17.068174,21.721388,22.446053,23.324886
臺北市中正區汀州路二段２４４號五樓,25.0216649868627,121.524539972434,19.499998,15.560656,10.756121,14.483269,21.705599,22.72769,24.020409
臺北市中正區羅斯福路二段１９８號十一樓之１,25.0248079910059,121.523847040499,24.1,23.084272,15.869882,18.053717,23.784798,27.892935,29.507242
臺北市中正區臨沂街２５巷１８號四樓,25.0412829988828,121.531241974575,24.0,28.925795,21.920355,29.519041,37.243217,44.656635,44.665974
臺北市中正區衡陽路６９號十三樓之３,25.0423799804609,121.511763018329,28.350002,20.545856,15.910747,19.539902,24.037851,31.060122,35.343636
臺北市中正區衡陽路７７號八樓之２,25.0423420104395,121.511059022281,2.5000002,4.46722,4.024231,4.291744,6.9265404,9.524831,9.947341
臺北市中正區詔安街４３號四樓,25.0255569978736,121.51221999969,14.58,13.570253,8.259872,11.987087,15.02013,15.53031,16.97784
臺北市中正區重慶南路三段１６１號六樓之５,25.0226799934277,121.517009000069,10.879999,17.162659,14.221351,15.384031,17.214783,18.99153,20.935268
臺北市中正區重慶南路三段６３號九樓之１,25.0265820208129,121.516311961001,24.0,25.723629,17.592176,22.333588,28.755375,32.84566,33.366142
臺北市中正區金山南路一段１３９號九樓之１,25.0351769919671,121.527660974081,4.5,9.150392,5.7268314,10.386231,16.340628,18.510796,20.902046
臺北市中正區齊東街４８之１號二樓,25.0421130168448,121.528527998146,9.0,8.644046,3.583887,5.8177514,8.315788,11.803928,14.569385
臺北市中正區齊東街７０巷１７號七樓,25.0428709923489,121.527785026248,17.800001,14.742217,10.944369,13.413191,15.534308,15.834964,19.397573
臺北市中正區齊東街７０巷１７號四樓之２,25.0428709923489,121.527785026248,21.699999,18.695337,14.752339,16.286648,17.569847,20.78752,25.32239
臺北市信義區信義路五段１１７號十四樓,25.0333499890854,121.573914888983,22.511002,27.646729,19.384642,22.064342,27.224005,28.700785,29.248756
臺北市信義區信義路五段１５０巷１８號,25.0280190142933,121.569029019014,27.0407,19.238743,11.487709,18.648554,22.392893,24.328081,32.890163
臺北市信義區信義路五段９１巷１２弄１號六樓之８,25.0337265874416,121.571400929974,28.500002,24.885305,21.380863,22.700092,24.316156,29.0466,33.23508
臺北市信義區信義路六段１２巷３８號四樓,25.0320759811588,121.574880006525,9.04,5.416774,3.507512,3.7175684,7.824069,8.173569,9.280548
臺北市信義區吳興街１００號三樓,25.0303089921504,121.560795978438,18.68,16.082289,15.393136,15.648768,16.664522,19.506424,20.48606
臺北市信義區吳興街１５６巷２弄３２號三樓,25.0292320014114,121.560919024777,21.5,19.446093,14.651605,16.571121,19.636171,20.23206,21.894794
臺北市信義區吳興街３６３之４號,25.0257470994376,121.566574965402,17.0,15.672403,7.4564104,11.509816,13.315213,16.440157,18.415955
臺北市信義區吳興街３６３之４號二樓,25.0257470994376,121.566574965402,12.999999,16.475975,10.486787,11.884953,16.97207,17.433857,19.451452
臺北市信義區吳興街３９４巷６８號二樓,25.0248449971084,121.565334024637,20.000002,27.06993,20.675833,24.161621,28.21556,32.16046,32.618053
臺北市信義區和平東路三段１７９號七樓之６,25.0239719799831,121.553479582795,13.260001,10.026552,7.9954085,8.576425,11.716921,13.3984375,16.021017
臺北市信義區嘉興街１５５號,25.0281340140049,121.55732100902,5.0000005,5.3198094,1.9945064,3.6919317,5.4645424,7.8727307,9.775979
臺北市信義區基隆路一段３５０號五樓之４５,25.0370130059482,121.561729387176,12.0,10.169069,4.177185,7.3063393,12.134067,12.855173,13.307812
臺北市信義區基隆路一段３５０號六樓之６５,25.0370130059482,121.561729387176,7.500001,10.881125,4.8116136,6.851849,11.493782,11.884686,12.503638
臺北市信義區基隆路二段１４９號四樓之２,25.026883014956,121.555633983368,30.000004,25.610518,19.534777,22.830084,25.268394,29.971642,33.485096
臺北市信義區富陽街８７巷６號三樓,25.0213470193657,121.55700501127,18.060001,17.6242,14.447633,16.18264,18.252275,18.623543,19.653393
臺北市信義區忠孝東路五段３７２巷２７弄７１號六樓,25.0400749989972,121.576250028599,32.960003,29.01084,23.84167,29.629206,33.816494,39.52221,42.699577
臺北市信義區松山路６２６號五樓之２,25.0354305026286,121.578655383353,10.000001,20.81168,15.403987,18.018682,20.358816,24.63997,25.802248
臺北市信義區松山路６５６巷１９號四樓,25.0311499904055,121.577950968211,15.529999,13.570751,7.4635434,13.478864,14.792622,16.004932,18.228062
臺北市信義區松德路７４號二樓,25.0383539847277,121.575748958427,30.420004,50.406933,17.145786,46.312683,68.774765,71.116234,74.60932
臺北市信義區永吉路１８５之１號五樓,25.045780015665,121.572279018151,50.320007,24.540058,17.48139,26.39221,29.367987,34.109062,37.320827
臺北市信義區祥雲街６１號四樓,25.0169069995251,121.575213019538,15.000002,18.66219,13.206369,19.025408,19.740158,21.682499,23.495632
臺北市信義區福德街２２１巷３弄１６號二樓,25.0381979975096,121.585613033541,17.300001,12.202057,9.138575,13.069706,16.282375,17.149317,19.127422
臺北市信義區莊敬路４７８號七樓之１０,25.0264810188797,121.568168029919,22.299997,16.218191,12.935138,14.243821,14.837041,17.62409,21.425997
臺北市信義區虎林街１２０巷１２０號八樓,25.0420739990855,121.574931974325,41.18,30.92752,21.544674,29.83432,32.444466,35.46628,45.61455
臺北市信義區虎林街２３２巷１５之１號,25.0364869996144,121.577031976346,3.05,4.808974,3.194902,3.9146075,4.6456184,8.605107,9.6308775
臺北市信義區虎林街７４巷９號四樓,25.0437969831022,121.576568038006,4.21,5.4543657,2.0287762,4.1227517,5.7429075,8.158017,8.413949
臺北市內湖區內湖路一段２１７巷１號五樓,25.0835500029305,121.564414026944,27.08,23.664238,15.463055,20.473946,23.967688,27.351425,27.812662
臺北市內湖區內湖路一段９１巷８１號六樓,25.0913974286254,121.56322290138,22.489998,18.976377,13.95872,16.958878,17.294655,20.87439,22.456022
臺北市內湖區內湖路三段２４２號八樓,25.0886840024445,121.588076977799,46.0,42.733227,30.361406,37.183193,48.65463,49.79443,61.186314
臺北市內湖區內湖路三段６０巷１２弄１６號,25.0883130194099,121.591882026564,17.6,17.43804,8.18358,14.088963,18.087633,18.730526,22.16874
臺北市內湖區內湖路二段１０３巷１１９弄２號五樓,25.0844790111689,121.581101977071,22.98,21.992283,16.284502,19.99707,23.668158,28.050629,30.795067
臺北市內湖區康寧路三段７５巷１８６弄２２號,25.0765279797262,121.613633987314,45.000004,29.115776,4.0742736,20.994421,32.996696,39.60351,52.84276
臺北市內湖區康樂街１９６號五樓,25.0761660072376,121.620819038535,18.199999,17.796467,12.250732,15.047359,17.559626,18.241034,18.620226
臺北市內湖區康樂街６１巷７９弄７號四樓,25.0711560179811,121.62026197725,10.000001,10.382918,7.383772,10.616717,14.835047,15.422905,16.85628
臺北市內湖區成功路二段３１２巷４３號三樓,25.0672940141835,121.588553991908,18.499996,16.019806,9.577814,14.310276,18.535704,21.195723,22.240372
臺北市內湖區成功路二段３１２巷４５號五樓,25.0672969897591,121.588452989975,18.999998,18.110468,7.714956,13.749228,18.156675,18.265457,19.668142
臺北市內湖區成功路四段２１４巷３弄７號三樓,25.0851019961224,121.596049005909,18.499996,15.86145,10.018337,14.48908,17.061834,18.1114,20.989464
臺北市內湖區成功路四段２２２號四樓,25.0846409914478,121.59621597342,15.120002,15.016281,7.904712,12.416831,15.152101,16.010765,18.41526
臺北市內湖區文德路２１０巷３０弄６號三樓之５,25.0772300060267,121.584300008409,18.599998,20.840448,15.948916,19.003622,20.410007,24.5394,25.1178
臺北市內湖區星雲街２１０巷４１號六樓之１,25.0800194922269,121.597845989183,3.7500005,12.760566,8.2004,12.790522,14.857506,15.850136,17.278805
臺北市內湖區東湖路１１３巷４９弄１２４號二樓,25.0709400163363,121.614942989133,8.0,20.067608,15.822939,18.400026,20.447798,22.218561,25.729864
臺北市內湖區東湖路１１３巷９５弄５１號三樓,25.0713400007558,121.615040973581,32.0,31.880709,14.182104,24.482166,29.656168,37.85797,40.197327
臺北市內湖區民權東路六段２８０巷２５弄１２號,25.0706179836162,121.605881984162,1.5,45.815548,25.354244,35.910053,39.99331,43.100334,51.07727
臺北市內湖區民權東路六段２９６巷９０號三樓,25.068914780891,121.610464286809,38.499996,31.556358,20.368896,25.515715,32.743576,37.909733,42.842617
臺北市內湖區潭美街１３１號二樓,25.0538639840921,121.58023897632,19.700003,15.910017,8.503,18.277536,20.90925,23.405699,29.10469
臺北市內湖區環山路二段１０９巷３弄１０號三樓,25.0839351932909,121.575570507709,17.0,18.738873,13.230146,16.52521,19.465467,21.952515,22.502508
臺北市內湖區環山路二段５３巷５弄１８號,25.0844689947946,121.572639020892,22.249998,18.515455,13.832826,17.653389,20.29428,22.42658,26.83558
臺北市內湖區金湖路４０１巷３５號四樓,25.0724430173042,121.603880972417,35.0,24.535215,16.035923,23.265574,27.350216,32.601723,35.638412
臺北市內湖區金龍路２２２巷２號三樓,25.0877689919843,121.58657401874,14.299999,10.536784,9.388763,9.580486,13.013225,13.701689,15.866186
臺北市內湖區陽光街８０之２號,25.0758510153163,121.585999020183,28.0,22.556894,9.630972,25.531303,28.098637,30.118395,31.416307
臺北市內湖區麗山街４６巷１１號四樓,25.0809799856883,121.579899006328,13.500001,17.0391,14.301429,15.743713,18.571232,19.029562,19.67776
臺北市北投區三合街一段８２巷７８號四樓,25.1287748129707,121.504588863582,30.800003,24.741377,18.694557,23.766472,27.828276,30.811453,31.383436
臺北市北投區中和街４５７之８號,25.1446399954821,121.496603005331,5.0400004,12.766096,7.69018,9.164777,14.00757,15.177177,19.053097
臺北市北投區中央北路三段４０巷３８號四樓,25.1396139967905,121.484861970639,14.0,9.997487,6.7044544,10.868162,12.648769,13.657252,16.972094
臺北市北投區中央北路二段４２巷１７弄９號二樓之１,25.1378449961254,121.49540497991,7.439999,4.930417,2.4944599,4.1446176,5.2691574,6.9266095,8.724437
臺北市北投區光明路２４２號二樓之１６,25.1361148036719,121.508003986212,10.46,12.300637,8.368571,9.514314,12.297296,12.759484,13.496087
臺北市北投區公路４１８號七樓之１,25.1323027,121.5026806,18.999998,19.015366,15.255373,18.526424,19.530144,19.87806,24.109919
臺北市北投區大度路三段３０１巷１７４號,25.11866200488,121.465042960581,8.0,6.4904847,2.3891244,5.87123,5.991086,7.3838754,12.244012
臺北市北投區大興街２３巷７號三樓,25.130084988256,121.497998005477,20.599998,16.313026,13.055547,15.262018,18.96187,20.688225,21.136467
臺北市北投區天母北路１０５巷１５弄１號十一樓之２,25.124067997152,121.527441032942,11.679997,8.76333,3.777552,6.4363046,11.191776,11.707909,13.255648
臺北市北投區天母西路１１７巷５９號三樓之３,25.121720016525,121.524610967154,8.110001,11.536867,6.348862,6.5885644,8.898138,11.1813,12.436004
臺北市北投區幽雅路７號八樓之３,25.1372959814674,121.513110995997,12.999999,12.470123,8.957379,11.459462,12.915844,15.294539,16.398481
臺北市北投區幽雅路７號六樓之６,25.1372959814674,121.513110995997,5.7999997,4.2397623,3.1408708,3.523282,4.771369,7.120759,8.466924
臺北市北投區懷德街１１巷１弄１１號,25.1112379855994,121.518781018219,11.916599,16.390852,11.171115,14.969514,16.031464,17.951384,20.032385
臺北市北投區振興街３１號三樓,25.1179710007822,121.522312984579,4.3000007,9.597128,4.942107,8.072065,12.477499,15.632781,18.435423
臺北市北投區明德路２９２號八樓,25.1152099180572,121.522427732834,24.700003,25.895353,20.644209,23.213009,26.147913,29.027597,30.669125
臺北市北投區明德路３３１巷３３號三樓,25.1161439973471,121.518215994126,15.000002,20.799646,15.858131,20.610865,24.472874,26.852037,28.535934
臺北市北投區杏林二路５７號五樓,25.1422859798848,121.497106003341,8.5,7.899076,4.6706543,8.571147,8.787224,11.168232,12.804392
臺北市北投區永興路一段２之１８號七樓,25.1389566879435,121.499855099944,15.800001,15.805396,9.380568,12.065684,13.803293,16.425844,17.835588
臺北市北投區永興路一段３６號五樓,25.1392029901683,121.500280984445,6.8999996,13.769793,11.303773,14.03273,14.7028265,16.847809,19.497047
臺北市北投區泉源路４９之２號二樓,25.1413425966824,121.51092147525,3.0,3.7586274,1.9790647,2.9176853,4.1782403,5.783372,7.23322
臺北市北投區溫泉路１３９號五樓之１３,25.1399579900969,121.51205898333,3.4,3.9778361,1.957868,3.4568157,5.0986505,5.53535,6.7589035
臺北市北投區溫泉路６８之１號二樓,25.1348990086163,121.504590037048,7.500001,7.7154555,4.656541,5.8001714,9.009807,11.491108,12.423039
臺北市北投區稻香路１４８號四樓,25.1427940070363,121.489147973009,10.849999,9.058966,6.3651776,8.327761,11.056318,12.014111,15.416688
臺北市北投區稻香路１６１巷１號三樓之２,25.1422110037609,121.488969019376,16.500002,14.839623,13.382296,15.133825,17.543749,18.48874,20.62581
臺北市北投區立農街二段２０２巷５弄５號四樓,25.1180829572846,121.514117445369,18.539999,14.690797,13.7460165,14.76072,16.261925,18.865908,19.297115
臺北市北投區致遠一路一段１０４巷２號六樓,25.1097201067534,121.515390203109,30.6,21.128105,15.836482,22.144005,24.49686,26.664309,29.163206
臺北市北投區致遠一路一段７８號六樓之１,25.1090949844146,121.515678037664,16.38,16.510145,9.337632,11.856914,15.2422,18.025604,18.857693
臺北市北投區致遠一路二段１１２巷８之５號二樓,25.1131799887462,121.513201017637,15.599999,13.739634,11.292837,11.693381,14.690304,15.227425,15.618376
臺北市南港區三重路４１巷３７號六樓,25.0604011141976,121.612809710956,6.404496,34.899952,26.3076,34.255066,36.976627,41.590275,45.28902
臺北市南港區園區街１９號四樓,25.0588681898354,121.610732759168,24.499996,16.022902,10.626928,13.187884,18.42848,22.92622,27.048222
臺北市南港區園區街８號十三樓之２,25.0597739802021,121.613514964289,29.799997,28.060858,16.960573,23.78732,23.876846,35.22648,37.579174
臺北市南港區大坑街４５０號十二樓之５,25.0464403965327,121.617263118306,24.78,25.22724,17.906303,21.083233,22.004177,27.653624,30.734276
臺北市南港區大坑街４５０號四樓,25.0464403965327,121.617263118306,20.579998,25.71607,18.559488,20.371077,22.392488,27.998455,31.515701
臺北市南港區忠孝東路六段３２巷３號三樓,25.0456399959725,121.583425021536,32.0,21.742874,18.183947,24.688936,26.700308,31.107588,31.833035
臺北市南港區成福路２０６巷５弄１０號三樓之２,25.0402700039746,121.587861981982,10.000001,8.273143,4.97718,7.169918,8.078845,10.595982,12.030439
臺北市南港區東明街４６號三樓,25.055544010855,121.603831016274,6.9999995,6.1432223,2.1993475,4.8964753,7.4535375,11.054238,12.045761
臺北市南港區東明街６２號四樓,25.0549879973079,121.602984024958,3.4999998,2.4031723,0.933791,2.5547605,4.4923925,8.583398,9.292177
臺北市南港區永吉路５４８號二樓,25.0451359921345,121.581664989508,22.799997,22.777884,19.764585,22.170328,24.323025,26.299686,29.657976
臺北市南港區玉成街２０１巷４弄１２號二樓,25.0439839833621,121.585417986654,16.580002,11.361567,4.8061976,11.209251,13.18655,16.396235,18.085178
臺北市南港區研究院路二段９０號四樓,25.0444889930284,121.615576996289,41.5,38.001656,28.160995,37.24188,44.69585,51.80112,58.214508
臺北市南港區福德街４７３號八樓,25.0391410035264,121.592801437524,24.180002,18.789652,14.8901825,18.144928,19.370718,23.21208,27.038446
臺北市南港區重陽路１６６巷１０弄１８號,25.0563519844117,121.60048202686,8.0,12.297419,5.3107786,8.292948,12.578765,16.561682,18.763754
臺北市南港區重陽路４９０號三樓,25.0603330112343,121.611803966394,54.449993,50.548157,32.263493,44.623096,47.244957,61.776245,62.03652
臺北市士林區中山北路七段１４巷２號十二樓,25.1186229871207,121.531099985135,35.799995,35.263153,23.852837,26.201607,34.484966,40.881985,46.438694
臺北市士林區中山北路七段１９０巷８之２號六樓,25.1249390026205,121.533347005739,22.7,17.16153,15.513086,16.245243,19.079878,23.668774,25.15616
臺北市士林區中山北路七段１９０巷８之４號七樓,25.1249390026205,121.533347005739,20.799997,18.31024,11.903567,12.068855,18.965593,25.375374,25.389915
臺北市士林區中山北路五段７５７號十五樓,25.0990750059015,121.526765032451,66.49998,55.151062,40.42334,44.75729,57.5777,66.44848,75.42432
臺北市士林區中山北路六段４４１巷３０號三樓之３,25.1166099892541,121.526995031874,56.579998,47.960144,32.725548,40.323605,43.598274,48.510307,63.037766
臺北市士林區中正路２０１巷２６號,25.0942909927547,121.527054040473,40.000004,22.465042,14.482699,16.38873,23.238293,26.0835,27.783945
臺北市士林區士東路３８號四樓,25.1118160016424,121.527472967993,21.680002,20.00373,15.638426,17.84484,22.792225,25.67931,25.849178
臺北市士林區天母北路６２號三樓,25.1217869879314,121.526268991421,4.5,11.779158,9.6903,9.975714,12.569433,14.286739,14.7930765
臺北市士林區天母東路３６之２號十一樓,25.1179155964022,121.532598166509,42.000008,41.397068,28.302885,32.8085,41.643707,41.737633,51.52624
臺北市士林區天玉街３８巷１２號三樓之３,25.1205519983175,121.529355040532,6.0,4.7984166,1.4057713,2.7914944,5.613264,7.4250083,8.587755
臺北市士林區小西街２７之７號五樓,25.0895630126305,121.523232982272,15.000002,17.055696,12.792514,18.603746,21.239693,23.457314,24.769629
臺北市士林區小西街４５之２號,25.09012401341,121.523425011674,13.980001,18.33961,10.922243,12.683642,18.327341,20.64567,25.46727
臺北市士林區延平北路五段８３巷１６號二樓,25.0810430176002,121.509999968815,14.499999,11.217815,4.5359178,10.436751,11.634591,16.132313,19.358635
臺北市士林區後港街１３４巷２號三樓,25.0870887554705,121.521227348215,1.9782339,7.827049,7.194655,9.195825,12.027468,12.503118,13.818838
臺北市士林區德行東路２０３巷８號四樓,25.1096839807507,121.531943958966,17.5,19.035461,10.19294,14.104804,23.37267,23.520086,28.335375
臺北市士林區德行東路９０巷２１弄２號四樓,25.1066200179544,121.528227004003,25.999998,22.10876,16.519655,22.457094,24.991993,25.633348,29.617922
臺北市士林區忠誠路一段１７７號二樓,25.1079790178258,121.530499002678,35.300003,26.377853,20.731314,26.81275,28.86132,31.982607,32.149105
臺北市士林區忠誠路二段９８巷７弄２號十樓,25.1084359991869,121.530069011045,65.50001,44.923023,36.01576,39.70269,42.158447,52.018112,59.382927
臺北市士林區承德路四段２９４號六樓,25.0895825843744,121.51911336068,30.000004,24.313528,17.923653,20.7686,24.50291,26.611633,28.292496
臺北市士林區社中街１５６巷２４弄１４號五樓,25.0912510022015,121.510182023752,4.54,11.684932,8.540652,11.246134,11.704105,13.288276,14.887895
臺北市士林區社子街２２巷６７號八樓之１,25.0865522535668,121.505756446549,20.9,24.774025,17.682013,21.653296,25.969133,26.267162,31.494198
臺北市士林區美崙街８４巷６號,25.0971369841588,121.521575963833,26.880001,19.5398,12.537575,16.181934,18.57873,21.10311,25.323797
臺北市士林區芝玉路一段２２６號三樓之３,25.1089200121858,121.534294998988,62.999996,43.823467,36.72065,39.87863,49.69148,58.316196,64.65565
臺北市士林區華齡街１７巷２８弄８號三樓,25.0830029999293,121.518256981633,15.000002,14.3983345,9.812477,12.810649,15.164731,18.36071,20.44892
臺北市士林區華齡街１７６號三樓,25.08709500315,121.519662040062,12.5,11.435184,7.887195,12.200235,14.084577,15.066151,17.216333
臺北市士林區通河西街二段１２１號五樓,25.0929150195294,121.506860024066,15.800001,14.263667,8.242178,13.152499,14.140612,16.284132,17.147743
臺北市士林區重慶北路四段４９巷１５弄５６號三樓之６,25.0818849797742,121.511798976693,11.000001,10.564609,6.5161777,9.799037,13.621365,13.999647,16.566343
臺北市大同區五原路１９號五樓之５,25.056691996314,121.517332960627,11.580001,10.7530155,7.3692775,9.685115,11.931941,12.945813,14.83284
臺北市大同區南京西路３６０之２號十一樓之１２,25.0537160015915,121.511042007017,9.0,15.470064,7.451567,10.792137,13.639195,16.885988,17.869562
臺北市大同區安西街４３之２號五樓之５,25.0602980167886,121.510012038755,25.879997,22.902205,17.820755,20.913004,23.945446,27.756409,29.617413
臺北市大同區延平北路二段２５５號十二樓之６,25.0623940793157,121.511345767189,22.879995,22.89551,17.295473,19.600857,22.216036,24.58518,27.162256
臺北市大同區延平北路四段１１１巷９號,25.0714080199,121.511403015587,13.880002,13.591519,8.752709,11.077408,14.7242365,16.47871,19.842978
臺北市大同區延平北路四段１５５之１號二樓,25.0726930913854,121.511299834359,5.4999995,4.228484,3.0419266,3.812556,6.3612275,7.288089,8.512526
臺北市大同區民權西路１５３號十樓之９,25.0631450140211,121.516434001511,13.799999,14.258418,10.815033,10.955997,15.213367,15.685708,16.505219
臺北市大同區民權西路９１號九樓之６,25.0630810181904,121.518870034031,9.499999,5.5375113,3.6477787,5.2437406,6.7297263,9.206917,10.059934
臺北市大同區民生西路１１７號四樓,25.0575399934582,121.518717986307,6.24,5.9860187,1.8313016,3.495862,5.475882,7.9635086,8.566646
臺北市大同區民生西路３２３號十樓之３,25.0570470118229,121.511925962526,15.33,12.225819,7.7410817,8.395964,10.395797,12.421274,13.073829
臺北市大同區赤峰街５３巷１９號三樓,25.0562060135678,121.520107035302,4.2000003,5.532715,1.2419001,2.9666107,5.104634,8.44038,8.960675
臺北市大安區仁愛路三段２３號十二樓之１,25.0385689805441,121.534262980118,12.0,24.801031,18.153292,23.196114,26.393234,26.616747,27.448399
臺北市大安區仁愛路四段３４５巷２弄１號二樓,25.038561981655,121.553938994908,58.879997,44.374462,26.255548,38.72399,48.17291,60.407852,75.256325
臺北市大安區信義路二段１９８巷４２號三樓,25.0301859877213,121.531358985943,25.219997,13.53658,6.2607307,10.918377,18.607924,19.210682,19.973993
臺北市大安區信義路二段１９８巷４２號三樓之１０,25.0301859877213,121.531358985943,25.200003,24.030655,15.13256,23.90201,29.59848,34.411057,34.81387
臺北市大安區信義路四段２６５巷１０弄２之１號三樓,25.0337739871041,121.553950981029,8.5,9.11929,4.2634177,6.18932,7.3283715,11.721645,13.428115
臺北市大安區光復南路１８０巷１４號四樓,25.0425259932142,121.556938039864,66.88,36.47937,26.980078,34.675407,47.87041,56.282524,64.009926
臺北市大安區光復南路６２６號十樓之３,25.0317845842949,121.55727516001,24.379997,23.02601,17.595285,18.341467,23.12905,26.864758,29.932673
臺北市大安區和平東路一段１８８巷８號四樓,25.0258600036734,121.530439994079,23.714996,60.506756,51.171257,58.640633,60.353577,68.88622,90.32727
臺北市大安區和平東路一段１９９巷４之３號,25.0268040155185,121.53410003592,24.0,15.666721,6.9249296,9.588935,15.197763,16.628477,16.957237
臺北市大安區和平東路一段２２２號八樓,25.0260579842264,121.532107992811,2.6000001,2.928365,0.8938337,1.108625,3.482326,7.84044,9.03717
臺北市大安區大安路一段２０４號九樓之２,25.0347733195102,121.545899492477,19.13,21.065933,11.305185,14.836536,19.039448,25.807243,29.241646
臺北市大安區安和路二段１８９巷１５號三樓,25.0269279838665,121.550837020181,2.5000002,22.24017,13.930235,19.34722,22.438154,23.597733,26.031847
臺北市大安區安和路二段７８號三樓之２,25.0296979933184,121.551145977132,55.999992,37.504276,32.40282,37.815952,46.91078,57.143227,59.136246
臺北市大安區延吉街１３１巷１２號四樓,25.0426010112477,121.554857986772,21.000004,44.217293,28.115917,33.92957,44.15916,52.07835,55.22525
臺北市大安區復興南路一段７９巷２號十二樓之２,25.0443749991452,121.544250017751,10.579999,11.308611,6.865476,9.541594,12.556574,17.963423,17.986586
臺北市大安區忠孝東路四段１７７號十四樓之１,25.0416839891307,121.550593022979,22.26,25.15089,18.93217,19.139675,22.572052,25.241993,27.74528
臺北市大安區忠孝東路四段１８１巷４３號五樓,25.0443289824968,121.550925030164,6.9999995,15.654254,7.400005,13.338399,14.914615,17.771015,18.45416
臺北市大安區忠孝東路四段２４８巷２９號四樓之２,25.0394790037719,121.554335039833,27.500004,23.081146,13.576502,21.754412,29.199965,30.881931,31.581406
臺北市大安區敦化南路二段１２８號十五樓,25.0261079822789,121.548314989334,35.0,31.895967,26.49085,27.569208,29.795227,35.289642,39.5447
臺北市大安區敦化南路二段６３巷５４弄４號七樓,25.0306930090444,121.551448982931,37.999996,28.179722,24.341684,27.845533,33.401592,39.66276,42.003437
臺北市大安區文昌街９５號四樓,25.0327710085701,121.551861037292,36.999992,41.54762,28.587105,35.291965,41.641228,50.520103,51.19016
臺北市大安區新生南路一段１６５巷５之１６號,25.0343059864986,121.533409031822,33.679996,35.187065,23.040688,31.410082,34.564278,35.69252,39.212837
臺北市大安區永康街４巷１８號三樓之３,25.0328990002316,121.52934397642,17.200003,11.134134,6.313342,7.616917,13.986086,17.095098,17.628798
臺北市大安區浦城街２４巷５號五樓,25.0231930078115,121.526421039145,65.87998,65.9974,51.85225,62.035774,67.4917,72.82806,85.508156
臺北市大安區潮州街２６巷５弄８號三樓,25.0288499961741,121.522629988157,14.699999,11.870549,4.808871,8.887395,15.215134,15.376832,18.641157
臺北市大安區瑞安街２５６巷１４號三樓,25.0271309935614,121.538972017141,10.500002,3.622549,1.9827156,2.5392394,5.456741,7.888766,8.42327
臺北市大安區羅斯福路三段２８３巷３６號二樓之１,25.0194349815228,121.531803981183,2.5000002,6.2564807,1.7282615,4.354671,6.573484,8.51159,10.250634
臺北市大安區羅斯福路二段９３號六樓之２,25.025170005404,121.524145017156,14.0,14.936421,7.212562,13.681428,14.96422,16.793192,19.220566
臺北市大安區臥龍街１３７之２號,25.0186560093512,121.550653037406,5.0000005,5.2677555,2.2634604,3.469059,5.74197,7.895937,9.770265
臺北市大安區通化街３９巷４９弄９號,25.0309789995807,121.555627026388,1.5,17.418312,14.327823,17.2754,21.450647,23.071354,25.839874
臺北市大安區通化街３９巷６１弄２４之１號二樓,25.0313677941595,121.556381230036,18.480001,16.374514,12.7967415,14.58691,15.588454,18.823414,20.535528
臺北市文山區仙岩路７０號四樓,24.999975010287,121.550227991096,2.6000001,11.972691,7.8922496,9.462099,12.985715,13.86448,13.986905
臺北市文山區光輝路４７巷１３號五樓,24.9855500063792,121.556259021888,14.499999,14.552301,9.044761,11.725352,14.885438,14.909801,17.423635
臺北市文山區和平東路四段３５６巷２號二樓,24.9991299887184,121.573960008833,10.000001,14.042809,8.962555,11.219492,15.129647,16.143938,16.172598
臺北市文山區指南路三段２４巷３號二樓,24.9832790135328,121.579362983619,12.900002,6.7400007,5.935007,6.5712852,7.009723,11.761722,13.649453
臺北市文山區指南路三段７３號七樓,24.9829229921954,121.580294967434,11.3,11.76225,9.593285,11.278298,12.130229,12.98765,13.528003
臺北市文山區景興路２３５號十二樓,24.99133699806,121.543755988378,20.52,21.93514,17.036062,19.656235,25.029858,26.93719,27.01248
臺北市文山區木新路二段１１１巷１２弄８號五樓,24.983532985199,121.570011964799,14.0,10.879107,9.736166,11.431691,13.623047,15.78163,15.828793
臺北市文山區木柵路一段３７８巷１號三樓,24.9880100111421,121.557701966519,7.9000006,13.74498,10.894203,13.03372,14.15573,16.728294,17.968855
臺北市文山區木柵路二段１０９巷２５弄１８號,24.9904680042483,121.562365992722,17.800001,8.228008,5.311107,9.007888,11.148447,13.870835,15.881006
臺北市文山區木柵路二段２０４巷１７號五樓,24.9881170061362,121.564017982019,19.300001,20.169527,15.140936,15.866882,19.330362,20.81438,21.631468
臺北市文山區秀明路一段７９巷５弄２７號五樓,24.9904359853782,121.564786015807,15.680001,14.275891,12.406925,14.280964,15.668155,19.25693,21.343498
臺北市文山區羅斯福路六段１５９巷５弄２０號四樓之２,24.9983130046159,121.54131802802,2.8,9.375265,4.716364,7.926986,9.122907,11.415444,11.972868
臺北市文山區育英街６１號七樓之１,24.9922220013068,121.538402969734,18.75,23.210867,19.043192,26.662586,26.721859,29.584177,33.09932
臺北市文山區育英街７９號五樓之１,24.9926569801721,121.538814018266,18.1,17.288332,14.111449,18.370022,19.245518,22.586594,23.3149
臺北市文山區興隆路三段１９２巷８弄４２號四樓,24.9980060174121,121.557425028438,3.0,3.1367633,1.5391394,3.2579243,4.919377,5.652907,8.167276
臺北市文山區興隆路三段２０７巷１３弄１０號二樓,24.9952950165585,121.5620580416,14.679999,14.212936,8.670911,13.229269,17.368969,17.468945,21.262527
臺北市文山區興隆路三段２２９巷６弄１號四樓,24.993024987631,121.559469961356,12.999999,15.633535,9.688904,11.206018,15.172182,18.14179,18.963976
臺北市文山區興隆路三段３００號七樓,24.9931419989994,121.558780968915,5.0000563,13.433184,9.310424,12.364893,13.775825,16.502636,17.404753
臺北市文山區興隆路三段３０４巷２５號二樓,24.9939159839386,121.558342008646,26.350004,20.822283,18.846033,22.423382,28.293585,35.09686,35.232983
臺北市文山區興隆路二段１５０號四樓,25.001381996554,121.550978003792,4.4,5.69649,1.9459257,3.7014675,5.407621,8.350593,9.606713
臺北市文山區興隆路二段２９７號四樓,25.0015089823871,121.553159980827,12.0,11.692082,6.9674835,10.749887,13.1558695,13.40984,15.25972
臺北市文山區萬利街５２號三樓,25.0010090018627,121.564315036668,24.0,25.597126,21.930649,22.77109,29.17647,31.911507,35.116714
臺北市文山區萬美街二段４９號六樓之１,25.0051776156785,121.56457278019,6.8,7.480683,3.1702447,5.3370214,7.6975336,9.034237,9.503089
臺北市文山區萬芳路６０之１８號三樓,24.9986430001439,121.568347989381,23.0,14.1378975,12.227885,17.090233,19.837505,23.733515,25.289267
臺北市松山區光復北路８５巷３３號二樓,25.0505726202627,121.559565934147,32.499996,28.723618,19.127092,22.06011,28.682932,33.211147,36.357887
臺北市松山區八德路三段１２巷１７弄１５號三樓,25.0467270030858,121.551270029299,17.0,21.950699,19.493774,20.170147,22.071852,25.035479,26.76184
臺北市松山區八德路三段１２巷５１弄２７號三樓,25.0462380028545,121.551924991213,18.0,16.359959,9.862361,15.84261,21.843513,23.632456,23.90744
臺北市松山區八德路三段１５５巷１２弄７號三樓之１,25.0488689984422,121.555360984781,17.0,20.808647,13.623577,19.161673,20.421324,22.439165,25.692598
臺北市松山區八德路四段４４５號十樓之１３,25.0499200052814,121.570422007502,10.879999,12.138572,8.3174715,9.410083,11.854251,13.839133,15.594296
臺北市松山區南京東路三段３３５巷５號六樓之４,25.0522259925735,121.547485013282,10.2,7.6892004,3.3407378,5.932977,10.169644,10.508904,12.432288
臺北市松山區南京東路五段２５０巷３號三樓,25.0506548886423,121.56584188415,15.3,28.537811,20.486244,29.13256,32.753723,36.784122,43.276253
臺北市松山區南京東路五段２９１巷４４弄３１號五樓,25.0535989902232,121.565373000486,19.100002,14.49331,7.579156,13.64999,16.757994,18.08595,20.21029
臺北市松山區南京東路五段３８９巷１５弄１１號,25.0527429883614,121.569604017571,10.500002,8.231481,3.4517508,6.3576784,9.358708,11.293047,11.807283
臺北市松山區南京東路四段１５８巷６號,25.0508529949239,121.556482986341,10.000001,9.301642,4.013652,6.3630795,9.74392,14.489549,16.45207
臺北市松山區南京東路四段１８６號十樓之４,25.0513583817758,121.55747942699,27.520002,24.349422,18.777962,20.875593,25.362177,27.151714,31.441538
臺北市松山區寶清街１０１巷２１號,25.0529587804586,121.568334662154,8.0,17.19165,9.091963,17.463718,20.317415,24.634256,30.066702
臺北市松山區延壽街１１號,25.0574109959683,121.568606990189,4.88,6.527679,2.6628077,3.9480546,6.953318,8.113786,8.541777
臺北市松山區撫遠街２１１巷１號二樓,25.060157997096,121.567778019965,20.3,15.366458,11.762286,15.447946,18.150534,20.365282,21.357225
臺北市松山區新東街３０巷２２號三樓,25.0596229802163,121.566727013125,12.0,23.890997,18.91435,21.027517,23.187689,26.6283,27.544907
臺北市松山區民權東路三段１０６巷２１弄１１號四樓,25.0595949846597,121.545740990688,39.88,34.33229,28.123991,29.039925,36.793472,42.598564,42.808247
臺北市松山區民權東路三段１６６號三樓,25.0616070186075,121.548505007079,39.800003,36.641983,31.663086,41.98029,43.581375,44.82991,57.139687
臺北市松山區民權東路三段１９１巷７６號三樓,25.0651010149462,121.544860974674,23.199997,23.628433,14.788037,19.071194,22.24142,24.008469,26.754454
臺北市松山區民權東路五段２０號三樓,25.0627879868554,121.563888984529,21.5,16.564167,12.121622,14.124954,18.282888,18.814598,21.803381
臺北市萬華區國興路３０號十樓,25.0248180073801,121.508119991751,10.299999,6.9798822,5.953457,6.1348786,8.3202305,10.088829,12.016158
臺北市萬華區大理街１６０巷２４弄６號五樓,25.0324789830635,121.494146018053,14.0,15.659469,10.3863945,14.346827,16.994015,19.09178,19.287508
臺北市萬華區寶興街８０巷２２號,25.0256680161812,121.493807975898,18.68,10.592907,5.4229417,8.116326,11.694742,12.656674,15.218935
臺北市萬華區康定路１０５號十三樓,25.039268198907,121.50202316302,12.999999,18.999733,14.037589,16.859676,19.10085,23.300213,24.290745
臺北市萬華區康定路２３２號八樓之１７,25.0379400025299,121.50159199792,3.6999998,6.6584496,3.3751218,3.6316335,4.7699003,8.642171,8.75864
臺北市萬華區成都路６７號九樓之１３,25.0429279892905,121.50570399198,4.1000004,8.512787,5.165596,5.4689937,7.461118,9.701281,11.191819
臺北市萬華區柳州街４２巷９之２號,25.0386709883058,121.504769996509,7.3000007,9.446131,5.5958977,6.1017623,10.236653,12.724709,13.673897
臺北市萬華區武成街６２巷４５號,25.0199379795324,121.495286040704,3.3499997,4.007885,1.3176622,2.3911855,3.2104595,5.9370384,8.063667
臺北市萬華區民和街１００號十一樓之２,25.0254829856686,121.497528032166,31.899998,33.913754,28.624535,31.844276,39.77316,50.085835,50.938644
臺北市萬華區民和街１００號十一樓之３,25.0254829856686,121.497528032166,33.000004,34.486168,29.060074,32.4007,40.793484,51.146095,52.020355
臺北市萬華區環河南路二段１１９號三樓之１２,25.0344737083812,121.49370831507,5.6899996,17.041887,12.14149,15.157596,17.559433,18.988031,19.194147
臺北市萬華區環河南路二段１４７號三樓之２,25.0336879887775,121.493044971252,13.700002,17.351095,12.61161,14.599477,15.423712,17.265278,18.13834
臺北市萬華區環河南路二段１５９巷６號十樓,25.0330039835689,121.492928965712,14.45,10.292487,7.532576,9.83068,12.357632,13.816442,16.859499
臺北市萬華區環河南路二段１９８巷１０號三樓,25.0344509934236,121.492846990699,10.35,9.259813,6.4582353,8.957664,10.430604,12.535918,15.971557
臺北市萬華區艋舺大道２０４號七樓之２,25.0326000177453,121.49944597925,21.3,22.212545,15.439629,19.507694,22.23522,27.89444,29.11804
臺北市萬華區萬大路２７７巷４４弄８號,25.0251720170608,121.502025007038,18.0,13.438875,11.654158,14.307113,16.312883,18.605192,19.843424
臺北市萬華區西園路二段３７２巷１０１弄１９號四樓,25.0273669860453,121.490121028149,1.6499999,1.4129056,1.0805709,2.09324,2.8494887,3.6354575,6.2501087
臺北市萬華區青年路１２號十樓,25.0260610017116,121.505973973081,2.1999998,3.874355,1.3993773,2.2112463,5.077429,6.5138073,8.711343
臺北市萬華區青年路１６８巷２弄４３號三樓,25.0198570103477,121.501439028187,5.3000007,5.447061,3.137032,3.8303235,6.3927994,7.0657244,9.668833
臺北市萬華區青年路１６８巷３７號三樓,25.01987498953,121.501842030092,5.0000005,6.803974,2.9844656,5.9545608,7.2059574,9.109021,10.792996
臺北市中山區中山北路一段５３巷３號,25.0493139936818,121.522050966286,10.599999,28.836752,20.486124,30.340471,34.920437,40.827225,45.70848
臺北市中山區中山北路一段５３巷８號,25.0491010095221,121.522126990148,8.479999,11.312834,8.333253,8.888795,10.54167,12.946011,13.303223
臺北市中山區中山北路二段１１５巷３弄２１號,25.0612760172511,121.524144011328,10.000001,15.743454,11.514631,12.973537,13.588895,16.581148,17.792202
臺北市中山區中山北路二段１６８之３號,25.0633909809698,121.522246013173,21.180004,16.672064,12.825296,16.427063,16.510197,22.421764,25.144243
臺北市中山區五常街１１巷３號,25.0645269803072,121.538121002511,18.499996,16.31276,11.894547,14.487504,18.126766,18.908155,20.374048
臺北市中山區伊通街１０６巷１６號,25.0539060193365,121.533817984878,22.000002,12.774153,8.443503,11.98692,13.557715,17.700975,20.04881
臺北市中山區北安路５５４巷１９號,25.0802640035191,121.548998030624,37.999996,27.489967,23.851015,26.53399,28.087055,32.64714,33.21302
臺北市中山區北安路８２９號,25.0860130864186,121.552345413337,19.793331,21.087542,11.613247,17.51405,20.328793,22.145454,27.093292
臺北市中山區南京東路二段１０８號,25.0518390001039,121.532169013066,23.549997,25.306168,18.347029,23.09526,29.111,29.472023,32.52824
臺北市中山區合江街１１６巷７號,25.0591960060686,121.538721984969,21.38,19.73561,13.077027,15.978846,19.752893,25.395609,26.84867
臺北市中山區吉林路２３６巷１７號,25.0594760035442,121.529496024144,4.473334,7.518444,4.6233845,5.7431493,6.848285,9.175337,9.660196
臺北市中山區大直街１１７號,25.0840649870616,121.548286993778,34.3,29.35037,22.132984,25.870512,30.455597,32.546623,35.293068
臺北市中山區天祥路１６號,25.0609372207247,121.520943297782,15.499998,14.193709,9.203008,12.507042,15.802386,16.436739,17.474857
臺北市中山區市民大道二段６７巷３３號,25.0474449969118,121.528565968167,18.0,20.281727,16.187342,18.171917,21.089434,24.09696,28.15236
臺北市中山區建國北路一段５０巷２５號,25.047966979932,121.535187001124,32.88,24.440931,17.018873,24.835936,29.084848,34.804394,34.85586
臺北市中山區建國北路二段２５８巷２９號,25.0618800171939,121.535338965028,28.200003,27.287682,19.053202,26.264532,28.941618,34.110508,37.337635
臺北市中山區建國北路二段８９號,25.0586230191675,121.537446007848,8.549999,8.409896,4.496892,7.291313,9.544634,10.580241,12.592184
臺北市中山區復興北路３８０巷２０號,25.0609249831461,121.543030031744,3.6000001,18.08511,13.396981,15.58102,17.159536,19.416601,19.794928
臺北市中山區復興北路４３６號,25.0635990198066,121.544035021935,28.699999,21.827002,15.51279,20.666355,23.380089,26.117334,29.342287
臺北市中山區復興南路一段３４號,25.0462910183921,121.54368398783,23.300001,22.385687,14.908706,19.023207,21.761192,22.383957,23.199318
臺北市中山區敬業三路１６２巷３６號,25.0778889912543,121.556993025149,32.0,20.809635,15.726003,22.626604,26.443129,30.588306,31.462393
臺北市中山區新生北路三段６８巷２５號,25.0662389840308,121.526693031903,3.4999998,5.6584563,4.32494,4.339803,6.3221397,7.2235165,7.50895
臺北市中山區新生北路三段９３巷２３號,25.0678770174588,121.528746011447,12.2,13.5949135,8.610203,11.305978,14.987424,15.768603,15.912278
臺北市中山區新生北路二段１３３巷１７號,25.0609210017421,121.528397994828,5.7999997,8.159957,3.379522,5.645409,8.107861,10.105312,11.523658
臺北市中山區新生北路二段６８巷８號,25.0566901103857,121.526669227298,26.5,20.509762,16.04897,21.145786,27.81007,30.396244,31.391146
臺北市中山區新生北路二段９６號,25.0591359916419,121.527227964963,5.6,8.480476,4.4076176,6.8139153,7.154489,9.097305,9.212994
臺北市中山區明水路５３７號,25.0783320167467,121.551721981518,34.380005,22.282534,20.301214,23.291222,27.89678,29.235079,30.668621
臺北市中山區松江路１５６巷９號,25.0545109831982,121.532077985598,36.5,27.830753,19.115204,25.782112,28.154709,32.76231,36.160168
臺北市中山區松江路２９７巷１９號,25.0611009192938,121.534714261785,22.500002,20.86956,17.68934,21.143696,22.564735,24.068573,25.821016
臺北市中山區林森北路２５９巷９號,25.0543819857083,121.52606388625,6.0,8.416352,3.9531791,6.7833643,7.0524836,8.886524,9.548323
臺北市中山區林森北路４１６巷１號,25.0597912050131,121.525061829726,6.1499996,5.8466735,3.842557,6.0609007,6.673103,7.9613967,9.37132
臺北市中山區林森北路６２８號,25.0674370094517,121.52556700703,24.880001,20.470694,13.316811,18.888275,20.924576,25.004324,28.79844
臺北市中山區林森北路８５巷１１號,25.0497389980823,121.525577987323,8.300001,8.261037,5.5698876,7.5209074,9.462561,9.743565,9.957269
臺北市中山區民族東路５１２巷１３弄１７號,25.0670550042144,121.542827022049,18.0,18.389353,15.238378,16.794786,18.99975,21.357533,21.93923
臺北市中山區民權東路一段７２號,25.0625157845498,121.52518269677,6.6799994,10.880124,5.7211246,8.050366,9.944015,11.727793,12.211002
臺北市中山區民權東路二段１３５巷３０弄１３號,25.0643069972584,121.534434976771,21.38,17.94565,13.356241,16.57823,18.264957,19.803722,22.331715
臺北市中山區民權東路二段１５２巷５弄１號,25.0614600000258,121.534672016993,22.08,24.072384,17.753262,22.091164,23.479628,25.344212,28.136457
臺北市中山區民權東路二段２０６號,25.062204899761,121.536509665445,10.8,12.685189,9.712606,11.841502,13.57179,15.935536,17.514395
臺北市中山區民生東路二段３號,25.0581830111603,121.528128768098,44.000004,40.44133,36.308956,41.632668,47.736378,57.32914,67.839424
臺北市中山區民生東路二段９３巷１９號,25.0587370130507,121.531053968487,41.8,34.531372,26.347466,28.147234,35.874207,41.54222,48.158634
臺北市中山區農安街７７巷９弄２２號,25.066125995976,121.529162005302,10.000001,10.625309,6.80477,8.526345,9.910425,12.04062,12.6482525
臺北市中山區通北街１１９號,25.0837181858177,121.538218567864,43.0,39.433434,15.38277,28.998642,36.013676,53.421936,59.494343
臺北市中山區通北街１２２號,25.0861013745645,121.536229729936,25.860004,26.895119,12.459393,20.263634,23.093481,28.9222,32.188515
臺北市中山區錦州街１９３號,25.0604120106718,121.531463005362,22.500002,20.736357,17.904886,19.725197,22.570612,24.862364,30.169127
臺北市中山區錦州街５０號,25.0601629843284,121.526106969233,6.69,6.8975377,4.302524,4.745679,6.546002,7.7351317,8.785391
臺北市中山區長安東路一段７５之１號,25.048512013186,121.527864989605,11.799999,9.707066,5.4462805,5.9818873,10.151599,11.02349,13.048471
臺北市中山區長安東路二段４９號,25.0486019929166,121.532287030263,24.599998,16.983059,15.017105,17.108627,21.454561,24.089758,26.413801
臺北市中山區長安東路二段６７號,25.0485560181777,121.533981012895,3.3499997,5.3373775,2.1156409,3.3498268,4.6335497,7.1783447,7.91141
臺北市中山區雙城街３巷２０號,25.0632610195611,121.525318986515,35.550003,25.069029,22.98912,25.99612,27.480328,30.684336,35.395893
臺北市中正區中華路二段２９９號,25.0295850052636,121.504591964886,2.8999999,4.386183,2.9656665,3.1655538,4.7247314,5.8975983,7.1992764
臺北市中正區仁愛路二段９巷１７號,25.0387600041175,121.52589599673,17.0,17.231318,11.315864,14.167343,16.648851,19.229792,20.915491
臺北市中正區信義路二段２６１號,25.0338800181792,121.531668026713,24.060001,17.545372,16.255297,17.446423,18.50023,21.755522,22.148685
臺北市中正區同安街８０巷２７號,25.0223479862429,121.519242022894,23.599998,24.502548,16.561714,20.126955,22.07706,24.596731,29.293566
臺北市中正區同安街８５之１號,25.0229296903233,121.520974310823,15.499998,14.545329,9.093103,10.631725,14.507212,18.241394,24.67713
臺北市中正區和平西路一段１３６號,25.0269690132826,121.516498961261,19.800003,21.49872,15.545705,18.630095,23.44428,26.061409,28.666365
臺北市中正區廈門街１１３巷１號,25.0235180161072,121.517676031924,19.499998,18.1463,13.43894,17.426079,20.429098,22.559942,26.031736
臺北市中正區廈門街１２３巷６號,25.0229449872966,121.517832019142,11.179999,15.84566,11.503211,13.532084,15.806762,17.712713,18.20385
臺北市中正區廈門街１２３巷８３號,25.0229550036709,121.520714974739,16.0,19.589771,12.001428,17.428772,19.862766,22.950775,28.198685
臺北市中正區廈門街７１巷１２之４號,25.0247480184886,121.518696025721,15.099999,16.65277,8.094808,11.066269,15.174938,15.808848,19.288658
臺北市中正區廈門街８６號,25.0243590143623,121.517331032789,24.0,22.889463,14.738449,20.207811,22.780361,26.982315,28.705221
臺北市中正區忠孝西路一段５０號,25.0462279864802,121.515826984083,13.660001,12.959289,10.143927,11.876069,15.264203,17.542353,21.259056
臺北市中正區林森南路９９巷６號,25.0378079875548,121.521934960746,18.800001,20.866875,18.050802,21.50977,22.280298,24.724651,26.53236
臺北市中正區水源路２１之２號,25.016725992326,121.525226031209,4.7999997,19.08073,12.223922,17.82131,20.263182,21.498945,23.068419
臺北市中正區汀州路一段１９８巷８號,25.0279589998666,121.508905040803,17.099998,18.380436,13.6808405,13.9514,17.11714,20.729204,21.387056
臺北市中正區泉州街３４巷１１號,25.0248519959975,121.512420997728,19.800003,16.962076,12.765382,14.923183,16.880854,18.502768,20.08048
臺北市中正區牯嶺街１０３號,25.0256849895351,121.519130040668,26.799997,20.94376,11.08683,14.964266,18.888016,21.42312,24.164625
臺北市中正區羅斯福路一段８３巷２號,25.0314029981528,121.519854991473,18.58,16.29332,9.608903,16.32793,16.761936,18.328743,20.109688
臺北市中正區詔安街２６巷８弄１號,25.0247890059952,121.51561601158,15.879999,16.373398,11.746,13.285646,14.992042,18.027065,18.18739
臺北市中正區開封街一段４８號,25.0458969851238,121.512038028572,14.650002,17.552628,11.234712,14.6558275,19.706354,20.308859,20.313318
臺北市信義區信義路五段１０９號,25.0329935398283,121.566515529909,24.4,20.489704,14.866747,22.468096,22.98111,25.017471,28.747301
臺北市信義區信義路五段１１７號,25.0333499890854,121.573914888983,20.160002,24.490746,15.053632,21.075533,25.532984,26.58424,31.427374
臺北市信義區信義路五段１２７號,25.0339640048491,121.573942993569,15.61,14.897434,11.347752,11.917919,13.573437,14.469214,15.817343
臺北市信義區信義路六段７６巷２弄３７號,25.0338340015308,121.576689994697,17.800001,16.240885,13.426348,16.598028,17.305557,20.245378,21.684763
臺北市信義區信義路六段７６巷８弄１２之１號,25.0342049845654,121.576970034082,14.0,17.505465,13.453962,16.975925,17.841398,19.558876,19.746103
臺北市信義區光復南路４４７之２號,25.0353320152663,121.557696015368,10.000001,8.952727,4.5091553,7.247079,9.470072,9.977886,12.597342
臺北市信義區吳興街１７９號,25.028619996751,121.562442016584,10.000001,11.336296,7.7215085,8.653913,9.638049,11.265982,13.004958
臺北市信義區吳興街３６４巷６號,25.025280981802,121.566257961824,6.0,10.659766,5.177276,6.086461,9.103385,12.145981,12.533974
臺北市信義區吳興街４９４巷９號,25.0232319836613,121.569216019273,17.300001,13.928468,12.264637,13.602252,15.052108,16.80664,18.547892
臺北市信義區吳興街５８３巷２０弄１８號,25.0212240149366,121.569836028651,7.500001,7.935516,3.966307,3.994445,6.663087,7.442417,9.018318
臺北市信義區吳興街５８３巷３弄３３號,25.0228019920284,121.569907023371,10.000001,15.98828,11.118622,14.339607,16.390078,17.934763,18.751991
臺北市信義區吳興街５８３巷４弄１０號,25.0220490037566,121.569462028132,4.5,5.3271995,3.0996075,3.9237912,5.427056,6.7723374,7.6495967
臺北市信義區吳興街６００巷１１４號,25.0182339805263,121.571845003204,7.3000007,18.029697,14.414967,17.806288,21.584732,22.030657,28.15124
臺北市信義區吳興街６００巷６０號,25.0198029889817,121.570294015841,17.800001,14.671441,11.785451,12.89469,14.713172,16.318665,16.620605
臺北市信義區吳興街６００巷９８弄３２號,25.0176249933511,121.571309986325,15.000002,13.04575,9.557121,12.425397,13.95284,15.736689,16.764305
臺北市信義區和平東路三段３９１巷２０弄７２號,25.0214460096422,121.560605038684,19.180002,19.893593,12.298976,15.267761,17.726591,19.775152,22.752098
臺北市信義區和平東路三段３９１巷８弄５９號,25.021141998014,121.558417026679,20.000002,19.051718,14.158114,16.714794,18.966118,20.800783,22.592485
臺北市信義區基隆路一段１４１號,25.0430690148115,121.565851020425,39.450005,26.763586,18.236391,27.756573,33.354355,37.887875,40.79886
臺北市信義區基隆路一段１７號,25.0484838080818,121.569203027323,23.399998,21.99225,16.428898,17.910133,22.72438,23.583178,27.530615
臺北市信義區基隆路一段３６４巷２０號,25.0351460208349,121.55925496554,6.9999995,13.07104,11.457667,14.054919,15.611778,17.45881,20.076054
臺北市信義區基隆路一段３７巷１之２７號,25.0477630063183,121.568849981562,5.4999995,6.8392425,3.9292765,5.388753,7.812642,9.318492,9.726667
臺北市信義區基隆路一段３８０巷４號,25.0348239881149,121.559898025151,27.899998,25.874882,18.904625,26.868484,28.877983,31.291006,34.199787
臺北市信義區基隆路二段１４９號,25.026883014956,121.555633983368,34.5,25.882713,18.251831,23.843555,28.718687,30.708166,33.79337
臺北市信義區基隆路二段１７號,25.0320750172399,121.55923501661,24.499996,22.41282,16.984022,20.318792,24.093859,26.907112,28.877903
臺北市信義區富陽街８７巷２０號,25.0216299924169,121.557532987351,24.200003,20.79076,16.486776,19.253376,20.157627,23.589493,25.144793
臺北市信義區崇德街１６１號,25.0238490174635,121.55713400876,30.5,31.63873,27.22546,27.469046,32.536995,38.618973,41.747852
臺北市信義區崇德街２７號,25.0214466789223,121.561035433782,19.700003,15.309459,9.337919,12.440055,14.346432,15.474042,17.387972
臺北市信義區忠孝東路五段３４５巷１號,25.0413570110879,121.574151032406,24.499996,18.595285,17.91014,18.448927,19.405872,25.559097,29.400955
臺北市信義區忠孝東路五段７９０巷２２弄１０號,25.042573015691,121.581974030278,21.000004,20.27226,12.867352,18.363358,20.316128,22.07615,22.86209
臺北市信義區忠孝東路五段７９０巷２２弄１７號,25.0423790165421,121.5820049595,16.300001,20.899586,12.918658,16.312454,19.957037,20.587486,25.986229
臺北市信義區忠孝東路五段７９０巷６８弄５號,25.0405530189353,121.583253024883,20.799997,21.464174,14.952582,17.475702,17.505518,19.442703,20.731043
臺北市信義區忠孝東路五段７９０巷７０弄１７之５號,25.0398530042916,121.583265011005,32.0,21.997604,22.21203,28.622576,28.71698,35.160084,37.64157
臺北市信義區忠孝東路四段５５３巷１６號,25.0427979859723,121.562888017652,9.68,11.158328,8.019964,11.064514,11.423017,13.836933,14.521397
臺北市信義區松信路２２６號,25.041374403537,121.571826563017,14.0,16.497103,13.730273,14.826387,20.487614,21.07379,23.587158
臺北市信義區松山路１１９巷３０號,25.0473009958152,121.579548978051,19.499998,16.770172,14.383431,18.2858,19.698925,21.702475,23.446669
臺北市信義區松德路２５巷５０號,25.0380620011306,121.577423997958,26.799997,25.54462,20.560999,22.770384,27.02014,29.797329,30.646912
臺北市信義區松隆路９巷１７號,25.0442030024921,121.566905966758,12.0,23.774378,18.465258,24.480862,28.486597,32.330196,34.688507
臺北市信義區林口街１２２號,25.0399530003965,121.580529995999,13.500001,20.824804,15.38614,19.980806,21.002876,27.393366,28.339865
臺北市信義區林口街１３１號,25.0402729795502,121.580951018995,23.899998,22.08834,17.857729,20.747196,22.41054,26.963943,27.699972
臺北市信義區永吉路２００巷８１弄１０號,25.0432369881511,121.572914031135,31.500004,25.251604,20.337717,24.158997,24.216745,29.126984,33.54083
臺北市信義區永吉路２７８巷４８弄１７號,25.0439196103457,121.573474026087,22.319998,21.390059,15.73345,20.900473,21.093945,24.562788,25.846498
臺北市信義區永吉路５３號,25.0458629965064,121.56914703621,22.500002,20.81086,12.581668,17.274406,21.474957,21.564526,26.609034
臺北市信義區福德街２１７號,25.0383950141437,121.584768975892,15.38,14.603501,9.563193,11.025806,12.679335,15.576362,16.38676
臺北市信義區福德街２２０號,25.0384629913785,121.584500000619,16.500002,15.094327,11.371854,13.37077,15.247616,16.656967,17.54267
臺北市信義區福德街２５０號,25.0387579924607,121.585328970843,23.499996,19.849512,15.92393,19.208195,20.705568,21.599043,23.527235
臺北市信義區福德街２６８巷５弄１７號,25.0389840104799,121.58529200665,21.000004,20.148571,15.02641,16.385612,20.06089,21.339642,24.213354
臺北市信義區虎林街１２０巷１４號,25.0420480151857,121.576299984742,30.489998,20.52553,14.170331,18.222965,21.763279,22.178915,24.865965
臺北市信義區虎林街２３２巷２１號,25.0363740115596,121.576873977472,20.000002,20.115456,13.367786,15.839676,19.860523,20.933386,27.454199
臺北市信義區虎林街７０巷３１號,25.0442359852811,121.575981975336,15.000002,19.972012,12.602798,16.296728,18.694784,21.290596,21.444656
臺北市信義區虎林街７６巷２５號,25.0435790117102,121.576153971989,2.5000002,7.2312975,4.892795,5.047856,6.430616,9.612245,10.053112
臺北市內湖區內湖路一段３２３巷２１弄２９號,25.0840742909741,121.569441660107,11.179999,12.289364,8.25817,8.403548,12.115884,13.481924,14.978933
臺北市內湖區內湖路一段５９１巷１６弄１號,25.0818248815284,121.573400432977,22.500002,18.998209,14.827483,17.534647,19.638971,22.368925,23.465054
臺北市內湖區內湖路一段６５９號,25.0802573818156,121.575335227687,17.72,18.343418,12.247127,14.254887,19.561357,19.57248,23.376287
臺北市內湖區內湖路一段６９１巷２號,25.0802290090733,121.576813041035,19.499998,17.253304,11.55568,13.913606,16.805557,19.897108,20.427654
臺北市內湖區內湖路一段９１巷２９號,25.0870590028758,121.56279900184,15.000002,17.975298,12.930344,16.225815,18.477262,19.685972,22.365015
臺北市內湖區內湖路一段９１巷３９弄１１號,25.0884009874838,121.562288963032,14.599998,16.464754,11.347207,14.046863,17.004553,17.810446,20.71611
臺北市內湖區內湖路三段３２６巷３弄３之１號,25.089761118912,121.583931623764,10.579999,12.055007,7.5766435,10.41979,12.303994,13.205708,13.889836
臺北市內湖區內湖路三段３２９巷８之１號,25.0883073197158,121.584867966168,15.210002,13.761073,9.914535,13.349443,15.680237,16.155676,17.708166
臺北市內湖區內湖路三段３５９之６號,25.0892916066057,121.583730877183,28.980003,25.817802,20.30012,23.80727,26.482079,29.752796,31.085703
臺北市內湖區內湖路三段６０巷１２弄１０號,25.0881049805731,121.591750011589,16.68,14.065417,11.490237,12.742567,16.28247,17.358963,17.823286
臺北市內湖區內湖路三段７２巷６１號,25.0883060205208,121.591077028583,1.56,1.701546,1.2134326,2.6769104,3.2168174,6.218099,6.870185
臺北市內湖區內湖路二段１０３巷１３０號,25.0845459825753,121.580800982928,13.93,12.448623,6.9742928,9.87207,14.140879,14.751267,15.834942
臺北市內湖區內湖路二段２５３巷６弄７號,25.0826320168947,121.589177018772,16.600002,16.572184,15.821072,17.941422,18.406502,22.783735,22.914307
臺北市內湖區大湖山莊街２１９巷１６弄１３號,25.0887590204779,121.599034975096,25.099998,25.595886,19.061756,23.052834,24.82178,27.40509,31.001144
臺北市內湖區大湖山莊街２１９巷９２號,25.0902289967473,121.600285974145,16.880001,18.262512,13.329879,14.34124,15.348728,18.719275,22.162947
臺北市內湖區大湖街１６０巷１８弄３之２號,25.0825709966396,121.60088368766,10.299999,15.153079,10.139137,11.341475,15.375402,18.515337,19.304981
臺北市內湖區安泰街１２５巷２３號,25.0771637051726,121.617136281737,12.759998,13.590696,8.442852,11.044422,14.807491,15.618766,17.173985
臺北市內湖區安泰街８７號,25.0766879902578,121.616926063605,40.000004,29.002901,20.336197,29.02973,29.968603,36.59462,44.693478
臺北市內湖區康寧路一段１６１之２號,25.0790249905917,121.59475299604,37.5,30.95827,20.751902,27.054457,31.956678,35.135677,38.322845
臺北市內湖區康寧路一段１７３巷１１號,25.0791570055667,121.595748011766,31.799997,24.049582,21.614916,25.880356,28.12922,30.950075,33.29025
臺北市內湖區康寧路一段２９２號,25.0782471080675,121.597872405126,11.3,9.041013,3.74061,6.118492,8.926101,10.523735,11.030182
臺北市內湖區康寧路一段７３號,25.0800449843891,121.592694987353,17.399998,19.11001,14.186745,18.06424,19.776638,20.966507,22.367533
臺北市內湖區康寧路三段１８９巷１４１弄１５號,25.0740320165986,121.611495009443,18.68,19.84229,11.923404,16.082373,19.383451,21.478094,24.841717
臺北市內湖區康寧路三段１８９巷１５９弄２５號,25.0752419862315,121.611779994151,35.379997,22.85362,14.882443,24.342747,28.56578,32.07712,38.062748
臺北市內湖區康寧路三段１８９巷９１號,25.0730590033685,121.612459012127,24.499996,22.330645,16.00788,18.480528,22.767122,24.850534,27.491257
臺北市內湖區康寧路三段５６巷１１號,25.0707469811061,121.609903034572,28.599998,20.597837,13.020295,17.472027,20.766968,26.621178,31.575094
臺北市內湖區康寧路三段７５巷１８６弄１０２號,25.0760969822649,121.613200978196,35.799995,25.855274,20.315788,21.08073,26.170727,33.68261,34.12187
臺北市內湖區康寧路三段７５巷２１７之５號,25.0764820049873,121.614404032759,12.9800005,17.407022,12.066094,13.05102,17.80315,18.916595,21.55453
臺北市內湖區康寧路三段７５巷２４弄４９號,25.0741380057643,121.610091040661,0.36715698,1.0570259,0.74096113,1.2335358,1.9674026,4.178415,6.9500365
臺北市內湖區康寧路三段９９巷１０弄５號,25.0722369901241,121.610574005922,15.3,14.501855,11.455657,14.522314,16.290188,18.51968,21.367092
臺北市內湖區康寧路三段９９巷１７弄９３號,25.0764480163699,121.611907985812,23.799997,27.970058,18.731504,22.76976,27.93962,30.358835,33.62309
臺北市內湖區康樂街１２５巷１０之１號,25.0734042120508,121.620036587873,14.479999,12.633017,11.143815,12.011483,12.409894,14.3093815,18.921558
臺北市內湖區康樂街６１巷８１弄１９號,25.0714340037999,121.620685598636,11.000001,12.523728,11.534924,11.859722,13.027666,14.739514,16.782211
臺北市內湖區康樂街７２巷１７弄１４４號,25.0718520093112,121.61645298899,2.9499998,7.3891087,2.945751,7.907058,10.207244,11.266114,12.3152275
臺北市內湖區成功路二段３１２巷１３號,25.0673160166793,121.589794010664,15.3,17.44063,12.619416,15.706005,17.466105,20.751366,22.77424
臺北市內湖區成功路四段６１巷９弄１１號,25.08130101258,121.592281005155,28.999998,25.612259,18.898281,22.398531,26.98274,30.229437,35.964813
臺北市內湖區文德路１００號,25.0783039792805,121.582871983565,9.299999,8.88191,5.4377627,7.2599034,10.005495,11.848251,13.122479
臺北市內湖區文德路２０８巷１２號,25.0777685013962,121.583497105904,20.799997,17.155033,15.596299,17.908924,18.565725,20.188784,22.059258
臺北市內湖區文德路２２巷３２號,25.0769529841267,121.580093969395,26.5,21.246187,13.376452,17.883642,19.38237,23.253971,24.440208
臺北市內湖區文德路５０號,25.0783085055083,121.580939032874,23.799997,19.574144,16.369905,19.849476,22.0518,26.659178,28.995531
臺北市內湖區文德路５４號,25.0783097208842,121.581109436965,23.499996,23.130219,19.370338,20.744661,25.195227,29.369583,31.133902
臺北市內湖區文湖街２１巷１１８弄２６號,25.0867269956911,121.560560027864,18.900002,21.732477,16.387053,19.34996,21.496122,26.74187,28.562656
臺北市內湖區星雲街１３１號,25.0809669937384,121.595856976507,31.520002,27.792337,21.561216,23.072304,28.30891,32.91651,35.99712
臺北市內湖區星雲街１５０巷４０號,25.0795059861054,121.596897003053,15.000002,13.289728,8.787683,11.984895,13.080436,15.717722,16.677889
臺北市內湖區星雲街１６８巷４３號,25.0801769993641,121.59724099636,13.580001,14.372907,9.716608,10.992595,11.897438,13.811389,17.923662
臺北市內湖區星雲街２１０巷３０號,25.0793937693265,121.597914576087,31.579998,25.39519,19.18581,21.987698,22.816103,28.612213,30.325262
臺北市內湖區星雲街４０號,25.0784390117407,121.591418004404,36.999992,30.462925,16.979424,24.42125,31.489973,35.500454,44.89702
臺北市內湖區東湖路１１３巷４９弄１００號,25.0707240146914,121.615309026845,16.100002,17.035229,13.834237,17.731781,19.98626,23.97664,24.192501
臺北市內湖區東湖路１１３巷４９弄１２２號,25.0710100052278,121.615009960539,6.28,18.697641,17.728949,18.538551,20.128428,22.130737,24.5031
臺北市內湖區東湖路１１３巷９５弄１２７號,25.0702009839333,121.61427402944,22.000002,17.110235,12.3402405,14.227631,18.702724,22.213707,23.239702
臺北市內湖區民權東路六段１４６號,25.0688167964429,121.589516821126,10.32,11.254146,9.079801,9.3096895,11.615779,12.998536,13.343739
臺北市內湖區民權東路六段１８０巷４２弄１３號,25.067587003609,121.592109008502,26.934998,22.499363,14.694861,20.185251,23.247149,23.894464,28.721033
臺北市內湖區民權東路六段２１０巷２１弄５號,25.0668599992371,121.597945998236,12.949999,12.844685,9.8846855,11.505342,13.597799,14.50027,15.0149145
臺北市內湖區江南街６５巷２５之２號,25.0771269924366,121.578063034256,22.680002,21.706484,17.705761,20.897196,22.985264,28.01749,29.50612
臺北市內湖區港墘路１２７巷１６弄１１號,25.0779360137311,121.577532962699,22.08,21.037321,15.920088,18.691113,20.854559,25.734863,26.228283
臺北市內湖區瑞光路１１２巷５６弄３５號,25.070587012484,121.579693984976,18.480001,15.898066,13.185177,15.74216,17.24133,19.048912,19.868471
臺北市內湖區瑞光路７巷８號,25.0694751111183,121.58338143564,24.200003,22.97308,21.139011,24.072687,26.506842,31.174284,33.485867
臺北市內湖區金龍路２２２巷４號,25.0877870130762,121.586290039861,19.079998,16.860363,12.781504,15.82885,16.516323,19.458466,24.530045
臺北市內湖區陽光街１０１號,25.0752639887274,121.585970018798,28.609997,20.81049,15.539035,19.918034,21.918444,27.001202,27.041645
臺北市內湖區陽光街７８號,25.0759259914402,121.586118965217,20.799997,14.175654,10.545923,13.634245,16.517895,18.15563,19.945293
臺北市內湖區麗山街６２巷６號,25.0813819817646,121.579992967462,16.500002,16.301725,12.831009,15.304522,17.108452,20.69328,21.771606
臺北市北投區中和街５０２巷１４弄１３號,25.1474770182499,121.495099962454,9.700001,11.098834,6.7268763,8.86465,12.036612,12.939383,14.764702
臺北市北投區中央北路四段５３０號,25.1284912950958,121.467975620864,12.0,18.9454,10.140726,18.447426,21.186197,25.39394,27.683231
臺北市北投區中山路２８之１２號,25.1374000008858,121.510204990166,2.25,4.2451754,2.4671338,2.6926024,4.216689,6.6801972,6.8802214
臺北市北投區中山路３號,25.1370449853768,121.505194959,17.850002,10.093923,7.144639,7.308857,11.176636,12.6614,15.658967
臺北市北投區光明路２４０之２號,25.1363300090359,121.507820003437,6.8999996,5.733138,3.2270377,4.9358363,5.806109,6.968741,10.132432
臺北市北投區公路３２１號,25.1323027,121.5026806,9.0,12.543686,10.847221,12.332827,13.834108,15.627818,16.010567
臺北市北投區吉利街１０１之８號,25.1185379946225,121.506003980295,16.300001,15.467454,11.724384,12.971967,16.292257,16.389324,18.073778
臺北市北投區大同街１９８號,25.1373010106093,121.499224026454,15.1500025,16.541134,11.591601,13.388739,15.723097,19.112698,19.179882
臺北市北投區實踐街６巷８號,25.1143169939119,121.507964004533,12.0,16.062561,10.753272,14.2158375,16.820442,19.73057,23.248257
臺北市北投區崇仁路一段７６號,25.1262000180437,121.501465012087,15.699999,11.948811,7.727816,10.52569,13.504064,13.785593,16.366634
臺北市北投區復興三路６３號,25.1454780181616,121.503482033267,15.499998,20.336443,10.119792,15.159938,18.360289,26.370396,26.870653
臺北市北投區復興四路３０號,25.1425687014789,121.500741737662,13.700002,10.286983,8.096071,8.758948,10.300807,12.642052,14.564804
臺北市北投區文化三路１３０號,25.139692996228,121.498596976278,11.2,13.655104,10.331303,12.53074,15.383682,17.129072,18.528746
臺北市北投區文化三路８０號,25.138781003253,121.498908028705,17.5,16.560856,11.149757,16.039688,18.010334,21.33375,21.560125
臺北市北投區新興路７０巷１號,25.1410820033127,121.487910971738,17.0,16.09449,11.573227,14.077426,16.901598,20.063862,22.359919
臺北市北投區明德路１５０巷１３號,25.1104099792942,121.521379994937,36.19,39.417316,34.633595,38.838863,42.556984,43.175797,52.195118
臺北市北投區明德路１５０巷９號,25.1104930020452,121.521218978577,18.499996,16.540878,13.026867,14.683206,18.70895,19.503351,23.209644
臺北市北投區明德路１８巷１弄７號,25.1070889854371,121.517984988875,18.060001,15.654104,12.286208,14.6295185,16.54845,17.626423,20.555733
臺北市北投區明德路２８９巷８號,25.1148580038524,121.521606976875,18.999998,12.767747,11.495619,13.670696,14.693411,17.63326,19.584328
臺北市北投區明德路３３３巷３號,25.1161380042863,121.51997300867,2.45,4.6611853,2.508597,2.9791582,3.0028858,6.6994414,7.102715
臺北市北投區明德路３３３巷３３號,25.1164040039835,121.518391008265,20.879997,20.514462,15.947676,18.354649,21.478556,23.039013,24.402252
臺北市北投區東華街一段４２４號,25.1113669830893,121.518167965821,16.0,19.586529,10.700546,13.646392,16.498266,19.178514,21.817022
臺北市北投區東華街二段１７４巷１４號,25.1204659999909,121.511351969797,12.0,14.711065,11.218274,12.533741,16.426497,17.379074,18.16047
臺北市北投區榮華一路６巷２之１號,25.112005013559,121.523964973876,18.0,20.928328,14.506896,22.170794,22.374968,24.325768,29.152626
臺北市北投區榮華三路４２巷７弄９號,25.1150289946771,121.520543983914,12.0,9.1388855,5.430792,7.2499247,9.020964,11.787324,14.238615
臺北市北投區永興路一段４４號,25.1393469912649,121.500495980261,13.449999,12.113348,10.065063,10.882978,12.84424,14.056605,15.907363
臺北市北投區泉源路３９之４５號,25.1414413323776,121.50715036469,15.499998,18.570766,10.348613,15.481787,17.636057,19.946913,27.808765
臺北市北投區湖山路一段１４號,25.152518984467,121.547346963336,9.0,9.829475,2.2025375,5.5142846,8.744864,12.249665,14.166554
臺北市北投區溫泉路銀光巷１３號,25.1365380059632,121.513706027304,8.199999,8.944521,5.8068075,5.836492,9.020636,10.664609,11.084985
臺北市北投區溫泉路１３９之１２號,25.1399579900969,121.51205898333,3.05,3.7041092,2.0749035,2.3366585,3.4190905,6.204212,9.43872
臺北市北投區溫泉路１３９號,25.1399579900969,121.51205898333,6.8,5.0045276,2.4310846,4.4646373,6.577756,6.8008685,8.289865
臺北市北投區溫泉路１７６號,25.1411789819324,121.514936993604,11.225,4.2484884,0.52276224,0.79028237,2.5954366,8.096361,9.792877
臺北市北投區溫泉路３７巷２８號,25.1338430145447,121.503422018841,6.9999995,12.075775,7.857281,10.598574,11.652668,11.887274,12.903533
臺北市北投區溫泉路６５巷１１之１號,25.1357121141268,121.504051419067,12.0,13.735618,11.624028,13.833364,15.739318,15.8470335,18.286188
臺北市北投區溫泉路８９號,25.135706018254,121.507004025163,21.899998,19.489553,11.545662,20.934664,23.580503,28.322392,29.020117
臺北市北投區知行路５巷１號,25.1182794967286,121.466360260484,11.5,17.285736,12.972524,14.0978,18.365305,20.88765,22.760372
臺北市北投區石牌路一段１６６巷２８之１號,25.1139897812474,121.513762889392,19.800003,21.111694,13.544009,17.442854,20.188793,20.63051,23.988495
臺北市北投區石牌路一段１６６巷４３弄１４號,25.1138617066745,121.515024638416,21.199999,21.02498,17.798288,19.484016,20.780909,24.904982,25.076262
臺北市北投區石牌路二段３２４巷９弄２號,25.1215240057192,121.524383985216,5.879999,9.546536,6.5037847,6.8789315,9.330355,10.797197,15.130127
臺北市北投區紗帽路１１６之９號,25.1508649835134,121.547167003875,3.9799998,5.2776055,1.0890547,3.4925325,3.6624713,7.21662,9.596603
臺北市北投區義理街２７號,25.1165075058389,121.515188814854,30.000004,29.184984,23.417486,30.634161,30.75566,34.13468,37.15963
臺北市北投區自強街５巷１０４號,25.1121219830178,121.511421036679,8.250001,10.254567,7.4242287,7.807995,10.009432,12.172856,15.160716
臺北市北投區致遠一路一段１０４巷２號,25.1097201067534,121.515390203109,18.900002,16.148304,12.076792,14.369082,15.331991,19.207123,19.914568
臺北市北投區致遠二路１１３巷２２號,25.117229998632,121.511402009759,14.52,19.601791,13.843195,17.07684,18.99553,22.404797,23.03036
臺北市北投區行義路１４２之１３號,25.1298570004897,121.528210994568,7.1,7.811642,4.5144825,5.1824856,7.6448107,8.8175955,10.931442
臺北市北投區行義路１８６巷５５號,25.133366000435,121.530304961619,5.18,8.859957,2.5477977,5.4969907,7.721365,7.788868,8.719806
臺北市北投區關渡路６６之１號,25.1192269870635,121.468737032948,18.499996,18.280579,10.3177595,17.043997,20.228144,22.496107,23.65853
臺北市南港區南港路二段２１２巷４號,25.0540480087763,121.598886028677,17.5,14.22969,9.628253,12.421964,15.127118,19.782242,23.783258
臺北市南港區園區街３６號,25.0592294917718,121.612382066256,28.250002,37.19464,22.511173,38.359608,41.47744,55.59051,59.796616
臺北市南港區忠孝東路六段１８８巷１３弄２號,25.0479720090739,121.586971991503,11.699999,16.790495,12.861475,13.618738,16.718021,19.69594,23.19685
臺北市南港區成福路１８０巷１４號,25.0410872814437,121.5874172382,16.7,18.252462,11.152541,14.649952,17.872873,21.323996,21.770357
臺北市南港區東新街１０８巷１６號,25.0455599907067,121.587773971999,18.08,14.148095,13.558921,13.581922,15.702691,17.902054,19.093264
臺北市南港區東新街８０巷１０弄１６號,25.0453270157079,121.586753978202,21.099998,22.93632,16.883339,21.416794,23.337229,26.560223,28.113413
臺北市南港區東明街２８號,25.0556590105666,121.604143996539,30.279997,35.882862,22.0291,35.152702,41.307156,50.167316,52.591644
臺北市南港區研究院路一段９９號,25.0523049081919,121.61637160071,27.000002,19.160324,12.787923,17.223436,21.253395,23.15014,25.074003
臺北市南港區研究院路三段７號,25.035570019407,121.617359994732,19.579998,18.803131,16.442549,20.954649,22.379272,24.72094,26.768415
臺北市南港區研究院路二段３１號,25.0461339834361,121.615309026845,12.600001,13.545396,10.220872,12.599806,15.621388,16.558067,18.29365
臺北市南港區經貿二路１５７巷３６弄８８號,25.0617490080473,121.61471902468,14.499999,16.143309,10.07773,12.962021,14.831943,16.092695,18.600239
臺北市南港區經貿二路２３５巷６５號,25.0620899838685,121.615979998194,32.899998,26.324654,18.731377,25.965952,26.351528,33.94957,38.559025
臺北市南港區舊莊街一段３巷１２弄４２號,25.0420305827608,121.61831472775,22.000002,20.04644,16.957382,21.324017,23.492567,24.067598,26.913399
臺北市南港區舊莊街一段３巷１２弄４６號,25.0420305827608,121.61831472775,26.150002,18.562954,16.133972,22.268215,24.369059,26.176174,28.472076
臺北市南港區重陽路１４４號,25.0569830159922,121.600455037132,22.199997,16.884443,11.488274,14.111462,15.518166,18.196215,18.573221
臺北市士林區中山北路七段１９０巷２７號,25.125920984487,121.535213990852,22.000002,18.46918,10.137049,18.795757,19.510355,19.713755,24.214338
臺北市士林區中山北路六段１９５巷１７弄７號,25.1071930048555,121.52404602688,20.000002,18.915504,15.903355,16.697695,19.158882,21.230686,22.473238
臺北市士林區中山北路六段２９０巷２７號,25.1093179849485,121.526651038568,9.299999,10.244444,5.3941946,6.6850834,8.546819,11.175863,11.705055
臺北市士林區中山北路六段４２７巷６弄１２號,25.1145889866699,121.527028978582,22.42,20.654058,10.469593,21.3525,22.297722,23.264927,26.772894
臺北市士林區劍潭路１２號,25.0839053956251,121.524054408783,12.350001,12.846363,8.289266,9.042302,13.4634,13.585124,14.266236
臺北市士林區基河路２３８號,25.0910316058858,121.521546627172,8.600001,8.256586,4.3465858,4.573181,7.1800175,9.41603,10.594385
臺北市士林區基河路４０號,25.0838110153954,121.524231015483,2.1999998,4.4172807,2.561293,3.132801,4.640421,6.7204266,6.7319584
臺北市士林區士東路５８號,25.1119199791513,121.528106975149,32.799995,22.340595,18.521406,23.067371,23.564373,28.143375,29.510145
臺北市士林區士東路８９巷１５之２號,25.1129540126365,121.528483993154,21.3,19.440289,15.970988,18.422594,20.26426,23.046362,24.45333
臺北市士林區大南路３５０巷２７號,25.0894700154147,121.517367996982,8.0,12.6854925,6.8988276,8.428835,11.1401,14.113098,14.705919
臺北市士林區天母北路５６號,25.1215320104368,121.52636001889,41.599995,36.099495,31.144333,34.17957,40.086735,48.257675,50.906483
臺北市士林區天母北路６６之３號,25.1222310192521,121.526642991941,7.700001,16.482382,13.038996,18.34839,20.487608,23.322132,24.119026
臺北市士林區天母西路５巷５號,25.1189836481131,121.528845618157,28.999998,24.585386,16.891983,22.304619,25.19898,30.700493,32.46227
臺北市士林區天玉街７５巷８號,25.1225950033975,121.530680973796,5.0000005,7.29164,3.471513,5.6751494,8.146695,8.787483,9.922681
臺北市士林區小南街１４號,25.0887360121537,121.525742021168,7.2300005,6.0380716,3.305224,4.10095,6.355193,7.4029775,7.6555614
臺北市士林區延平北路九段２１３號,25.1078470028508,121.471165018841,10.000001,6.181797,4.018735,5.3211255,6.1391926,8.505125,8.8003025
臺北市士林區延平北路五段２３１巷３６號,25.0842060125825,121.50848804112,11.000001,13.079513,5.7987304,11.489046,13.530109,14.257265,14.726949
臺北市士林區延平北路五段３０９號,25.0862760073907,121.509263031887,12.68,13.258825,8.157635,9.956769,12.460976,14.36701,16.059895
臺北市士林區延平北路八段１８７巷１弄９號,25.1056459988959,121.481527984832,3.1000001,2.9842265,1.957793,3.1717849,3.2482214,4.459764,8.159121
臺北市士林區德行東路３３１巷５４弄８號,25.1129219937664,121.538468013303,14.599998,11.498488,10.070512,11.639027,12.383789,13.336729,15.4509115
臺北市士林區德行東路７４巷１５弄２號,25.1064820099187,121.527460981872,4.97,3.2693393,1.4537504,2.385089,4.202083,5.9693108,8.124867
臺北市士林區承德路四段７３之１號,25.0818419806109,121.523282016406,25.999998,27.25068,20.90428,25.752626,30.514187,35.983208,38.384842
臺北市士林區文林路５００號,25.096616006967,121.524320031295,26.349995,18.253855,12.802661,15.512259,19.398855,21.70479,23.194857
臺北市士林區文林路６４３巷２１號,25.0997670158277,121.522068987378,8.400001,19.584564,17.550943,19.803387,24.134995,25.85088,29.592382
臺北市士林區文林路６５３號,25.1003519888503,121.522788992861,17.680002,19.947422,12.394069,15.291119,18.522,20.626049,22.340006
臺北市士林區格致路２０巷２９號,25.136514997639,121.54741502439,4.2000003,5.6578345,3.4055603,3.9526436,4.191563,5.4259324,7.039307
臺北市士林區社中街２１０巷９弄１６號,25.0916739949452,121.508290982576,11.000001,12.577063,9.60235,10.204446,12.198821,12.633767,13.970139
臺北市士林區社子街１１５巷２０弄１３號,25.0880881848506,121.506496517735,8.0,7.5457244,4.7775774,7.611391,8.632653,8.780351,10.716511
臺北市士林區福國路５２號,25.102241018369,121.523628021369,26.799997,22.427126,15.671374,19.73324,21.71793,24.248186,27.469015
臺北市士林區福壽街２７號,25.0961630070099,121.525524007867,24.48,12.448895,7.4010453,8.65566,12.045606,12.715212,15.65219
臺北市士林區福壽街５８號,25.0968380016726,121.525512021745,16.2,15.747554,11.057159,13.267182,16.250353,18.113197,20.307755
臺北市士林區福榮街３５號,25.0965979858751,121.526978016611,23.0,13.325878,8.334442,9.745883,11.602935,13.90194,21.50379
臺北市士林區至善路二段１２１號,25.0986310164903,121.547026020264,18.0,13.490364,9.702474,12.630867,13.716182,16.252861,17.321486
臺北市士林區通河東街一段１３０巷６號,25.0868800073335,121.516369963771,10.000001,16.295439,12.650932,14.5780945,16.1207,17.714422,20.033098
臺北市士林區重慶北路四段１９０巷５弄５號,25.0850340188877,121.512016989995,15.000002,15.214589,9.802173,12.272365,14.124445,16.931675,19.151657
臺北市士林區雨聲街１５巷１０號,25.1011069887789,121.528761015054,21.000004,19.41741,12.949026,16.08021,18.111128,21.043898,24.364674
臺北市士林區雨聲街１５巷２之１號,25.1012630179065,121.529153036666,6.0,6.410009,3.0146794,3.9997268,5.990278,9.25386,11.233973
臺北市大同區哈密街７０巷３號,25.07308398144,121.517315023354,13.500001,11.90379,8.897306,10.617223,13.550618,14.920037,15.672997
臺北市大同區寧夏路１６５號,25.0615550088983,121.514242972021,19.499998,18.790924,14.759634,15.328409,17.26289,19.420702,23.749172
臺北市大同區寧夏路２０號,25.0548320100898,121.514826017206,16.500002,19.967587,15.311845,17.210825,19.1183,22.13885,23.96756
臺北市大同區寧夏路３２號,25.055941019699,121.515145032441,9.650001,7.970309,4.6984935,6.557595,9.043988,10.583867,11.868354
臺北市大同區延平北路二段２４７巷１８之３號,25.0622170116111,121.512002992216,14.0,17.479856,10.184504,13.432779,16.456451,18.620604,19.453428
臺北市大同區承德路三段２３７號,25.0708670099596,121.518741036541,47.199997,30.420242,19.122316,25.309498,33.871487,37.85636,42.13369
臺北市大同區敦煌路８８巷２號,25.0757099897953,121.517170016429,30.679998,30.744986,21.9079,24.76673,28.812754,32.338554,33.69263
臺北市大同區環河北路一段３８９號,25.061396004195,121.508657020288,44.3,31.773468,25.49065,35.52622,39.4443,45.47132,50.36218
臺北市大同區迪化街二段４２０號,25.0740160071636,121.511950018588,12.999999,12.541525,8.994953,12.0287075,13.7013235,15.484253,16.520723
臺北市大同區長安西路１３８巷５弄１號,25.0501249847236,121.517647030539,2.185834,1.7455226,0.44441465,0.81714565,2.1073008,5.278452,6.419576
臺北市大同區雙連街３９巷７號,25.0589590077563,121.51930295933,12.141999,12.320972,8.173707,9.661671,13.155647,13.914473,17.484934
臺北市大安區仁愛路四段６２號,25.0376059836883,121.547648041298,18.68,17.157667,15.292731,18.405273,19.331125,21.17854,24.724623
臺北市大安區仁愛路四段６４號,25.0374680175621,121.547638988843,17.0,19.650087,4.609997,5.9205422,12.77715,19.579937,21.536448
臺北市大安區信義路三段１３４巷１６號,25.0318280025534,121.53932003376,25.879997,28.983318,18.313305,21.99009,25.231192,32.08251,39.339123
臺北市大安區信義路四段２０８號,25.0330300093782,121.551838992886,33.430004,23.118086,28.563675,33.013226,37.146164,39.387558,44.40644
臺北市大安區信義路四段２１０號,25.0330249802363,121.551894983999,51.249996,45.3621,22.12669,40.816803,43.37808,53.1555,56.9145
臺北市大安區信義路四段３０巷８弄１３號,25.0327770016309,121.544029992793,17.779999,12.479384,7.8983755,8.293127,10.889017,14.070812,17.717836
臺北市大安區光復南路２７８號,25.0397139904274,121.557040969635,48.0,40.155674,32.246105,37.03513,45.27699,50.62662,51.536488
臺北市大安區和平東路一段１４１巷９號,25.0278559862766,121.530637974632,44.65,31.519672,22.895424,24.704811,34.10766,35.22025,45.752266
臺北市大安區和平東路一段５９號,25.0271490146532,121.524533015454,33.000004,29.72732,24.380882,31.745008,35.375553,38.29209,40.256924
臺北市大安區和平東路三段２９８號,25.0205949950128,121.556248041595,12.190073,14.125529,10.260854,10.716127,13.321692,16.806955,19.255081
臺北市大安區和平東路三段３００號,25.0205620122238,121.556286011616,12.190073,13.206319,8.985166,11.375158,12.86394,15.744189,16.911943
臺北市大安區和平東路二段１０７巷１８號,25.0264199986246,121.540310020344,16.800001,19.805815,15.5196705,16.092644,18.774313,20.946213,22.263306
臺北市大安區和平東路二段１０７巷２３弄１７號,25.0262120016973,121.541635031598,27.2,27.082918,21.522516,24.09066,29.0082,29.291214,32.88495
臺北市大安區和平東路二段９６巷２０弄５號,25.022276991523,121.539931996511,9.418479,34.618256,22.495567,28.880512,33.354385,39.098667,43.702137
臺北市大安區四維路７６巷７號,25.0343409809444,121.547575034922,55.799995,41.54674,35.328312,39.675415,49.7498,58.79028,79.08528
臺北市大安區大安路一段１１７號,25.0394899840651,121.546167964836,68.88002,59.78687,35.629112,43.20266,60.280552,71.52951,93.85597
臺北市大安區大安路一段１６９巷１２號,25.0367069826632,121.546966005837,60.000008,42.980026,29.393402,39.79078,52.647686,58.28792,60.57304
臺北市大安區大安路一段１６９巷８號,25.0367100001484,121.546717985322,50.879993,42.93406,28.261925,42.985786,46.567894,49.535656,63.02676
臺北市大安區大安路一段１７０號,25.0366659951567,121.545893960421,21.000004,50.444202,37.934643,38.39006,45.604725,65.231544,70.27715
臺北市大安區安和路一段２１巷１５號,25.0395370065419,121.551054027654,50.0,52.652668,30.252853,37.55853,52.77379,65.816124,80.73741
臺北市大安區安居街８４巷１４號,25.0197720178495,121.552462019749,18.999998,17.636677,14.902903,15.486025,17.156055,18.614489,21.72211
臺北市大安區安東街４０巷１９號,25.0441890047138,121.541387011083,10.849999,11.605944,6.094322,8.176818,10.758705,12.869352,14.533135
臺北市大安區延吉街１３７巷７弄５號,25.0423109973978,121.554842983165,2.8999999,10.952819,7.029991,7.9059715,9.420665,10.532086,13.13527
臺北市大安區延吉街１６２號,25.0392150157314,121.554947002584,33.079998,39.135353,29.591753,31.822878,38.578335,45.4035,48.227127
臺北市大安區復興南路一段１２８號,25.0428236890795,121.543615720949,21.240002,18.435902,12.142509,13.648955,17.96206,18.279999,24.43108
臺北市大安區復興南路二段１５１巷３０弄５號,25.0279582035858,121.54552959909,25.200003,26.6837,22.191387,24.203745,25.37819,28.388277,28.920303
臺北市大安區復興南路二段１７１巷１８號,25.0274751964153,121.544607505922,32.799995,29.057747,27.969791,28.13195,31.982426,38.882282,41.09961
臺北市大安區復興南路二段２１８號,25.0263381912496,121.543228096116,67.58,52.81204,42.602737,43.69931,47.341465,59.03276,69.59266
臺北市大安區忠孝東路三段１８０號,25.041458893121,121.538912170352,23.499996,24.665836,20.266724,25.535936,27.162827,32.11181,33.208637
臺北市大安區忠孝東路三段２１７巷５弄２３之５號,25.0432519917578,121.538581001357,57.999996,39.34887,18.908716,28.082088,43.863293,45.524925,52.096695
臺北市大安區忠孝東路三段２５１巷５弄１之２號,25.0427170167876,121.541749025482,17.2141,24.420286,19.046556,23.025492,24.239838,29.662582,35.1975
臺北市大安區忠孝東路四段２３３號,25.0416551134743,121.553608580285,15.180001,14.506466,7.949569,13.021884,16.71073,19.787615,22.61814
臺北市大安區敦化南路一段１７７巷３０號,25.042948985958,121.550575001887,12.999999,17.033175,8.740754,15.111265,16.783947,22.277096,22.528326
臺北市大安區敦化南路二段１０４號,25.02770938679,121.548386738425,48.999992,37.099205,23.70566,27.380829,35.222534,40.643032,47.454468
臺北市大安區敦化南路二段１０６號,25.0275924173312,121.548383469483,51.88,41.470318,30.614275,35.129025,39.83814,46.67765,51.369297
臺北市大安區文昌街２７８巷５號,25.0319189881123,121.556709968279,28.999998,21.726732,16.822775,21.39495,22.8109,24.972858,27.57815
臺北市大安區杭州南路二段６１巷２５號,25.0302410149156,121.52391099442,34.0,31.302565,19.449862,28.263462,36.26617,41.381485,52.273212
臺北市大安區溫州街１１巷９之３號,25.0255670142479,121.534177987619,34.06,34.441307,24.277302,26.237146,33.0822,36.788506,43.634083
臺北市大安區溫州街１６巷６之１號,25.0251420098474,121.532987002997,30.000004,31.710619,22.95507,27.003298,29.15524,35.585247,36.844
臺北市大安區瑞安街２０８巷５７號,25.0304609979645,121.540662982287,4.6221,8.027708,4.110015,6.0332556,9.320398,10.3100815,14.7465725
臺北市大安區羅斯福路三段２６１之１號,25.0189849990508,121.53034301546,19.499998,22.414679,16.577703,24.76333,25.513977,26.084593,31.988873
臺北市大安區羅斯福路二段９３號,25.025170005404,121.524145017156,13.799999,16.192623,11.3881,14.432353,17.513367,18.385077,23.75223
臺北市大安區臥龍街１９５巷１號,25.0180720002475,121.552554975055,16.7,12.060035,10.943461,13.930099,15.134532,16.945759,17.804188
臺北市大安區臥龍街２８９號,25.0172199797897,121.558413003366,33.25,24.819767,19.63215,21.925734,26.853981,29.85774,31.008778
臺北市大安區臨江街１１８巷１弄６號,25.0301020010515,121.553700026848,5.0000005,3.8667047,1.9658271,3.2294579,5.081617,6.9278626,8.708702
臺北市大安區通化街１６４號,25.0284519815019,121.553601958581,27.500004,22.034437,19.804817,20.472935,21.971806,24.785976,27.482977
臺北市大安區金山南路二段１３２巷２０號,25.0331399799479,121.526969969984,17.0,15.5268955,9.781131,14.4036045,16.982033,17.370531,21.435629
臺北市大安區金山南路二段１８５巷３號,25.0284770014828,121.526680039953,37.570004,33.35275,24.048292,29.729113,33.11036,36.640682,45.18675
臺北市大安區金山南路二段２０３巷３號,25.0280861114283,121.526666712727,65.38,46.66888,24.00365,36.834515,46.814648,50.60286,54.036297
臺北市大安區青田街６巷１３號,25.0282640173232,121.531068972094,26.349995,23.231846,11.491153,16.110926,19.232906,24.532713,25.413334
臺北市大安區青田街６巷４之２號,25.0279623107184,121.53170557764,35.0,25.699406,17.154465,20.412462,25.19089,30.049582,31.691301
臺北市大安區麗水街１３巷１６號,25.0300999893947,121.52935001139,38.600002,33.806793,18.880362,21.980066,29.146296,34.556564,36.840523
臺北市文山區仙岩路２２巷９號,24.9986067903222,121.549463729164,29.199997,27.02338,18.300795,23.280542,25.437433,29.509201,36.4352
臺北市文山區和平東路四段６５巷９弄９號,25.006599018819,121.567009986177,16.75,4.5687923,3.2269006,3.5212824,6.0154324,8.218327,9.126357
臺北市文山區和平東路四段８８巷９號,25.0049819820584,121.567167985051,21.000004,18.460476,14.314623,16.164595,19.528982,23.667982,24.300371
臺北市文山區和興路２６巷１５弄７號,24.9850879958761,121.545634037603,19.499998,17.865156,14.137487,15.754459,17.55296,20.396742,20.948177
臺北市文山區忠順街一段１２５號,24.9843580159286,121.560262973216,16.38,14.772704,10.917976,12.228261,15.791552,16.463602,17.824833
臺北市文山區忠順街一段７０號,24.9842319940143,121.56080796456,11.3,12.639801,10.493939,10.874607,12.0820875,14.273611,15.357674
臺北市文山區指南路三段３２巷５號,24.9827310047032,121.580205029613,10.8,8.824839,7.2454634,8.528384,9.4749365,12.461716,15.04117
臺北市文山區指南路三段４３號,24.9843769171202,121.579931192836,12.749999,14.611985,10.385714,12.09408,14.875061,16.858025,17.849848
臺北市文山區指南路三段７７巷１２號,24.9827729980381,121.580396975195,6.9999995,13.959345,7.763022,11.85477,13.475581,14.510115,15.180479
臺北市文山區指南路三段７７巷６號,24.9827729980381,121.580396975195,6.0,7.458068,6.4352574,6.9938693,7.4813023,8.290713,10.744889
臺北市文山區政大三街１０３號,24.9864190001909,121.583243972428,16.500002,16.369965,10.782071,13.031869,15.740632,19.826853,22.097801
臺北市文山區政大二街１０６號,24.9874923867115,121.584266899891,27.800003,23.784895,20.95419,22.490606,25.112339,28.444164,30.794533
臺北市文山區新光路一段３２巷２９號,24.989470940327,121.573694265549,28.999998,29.78898,24.782562,28.207855,30.996466,36.608852,36.88647
臺北市文山區景福街３巷１７號,24.9988540145563,121.539635025682,18.599998,20.314045,15.199586,18.556236,20.431984,22.284,25.271305
臺北市文山區木新路三段８３號,24.9819954926996,121.56367859876,24.799995,23.866034,17.134975,22.03804,24.174246,28.897757,29.338232
臺北市文山區木新路二段７９巷６弄７號,24.9846170167367,121.57082903272,15.38,13.783351,10.922301,11.291591,14.0937605,14.694545,16.409933
臺北市文山區樟新街３２巷５號,24.9783717025902,121.554826638454,22.500002,13.605208,12.585574,14.249639,15.7808695,19.345785,20.92474
臺北市文山區汀州路四段２０３號,25.0031176791541,121.535842465952,12.0,13.729078,7.6691856,15.178025,17.16433,17.65938,20.001493
臺北市文山區溪口街８１巷５號,24.9952969863058,121.538763978304,2.608,3.616758,1.9646666,2.2338514,2.9823272,4.58708,5.1403184
臺北市文山區秀明路一段７９巷５弄７號,24.9908490036572,121.565307034908,15.699999,11.104342,9.353547,11.236976,11.470267,14.239177,14.443386
臺北市文山區羅斯福路五段１７號,25.0079700048119,121.538483016909,17.0,15.275069,8.535268,12.862738,15.381148,18.256971,20.828314
臺北市文山區羅斯福路五段１７０巷１１號,25.0045570195674,121.537676007272,27.699997,20.89138,14.10926,16.14213,18.996973,23.403166,25.931644
臺北市文山區羅斯福路五段２３６巷１８號,25.0017570029021,121.537598977581,19.979998,19.578957,16.499592,18.335857,20.630423,23.006586,23.404753
臺北市文山區羅斯福路六段２３２巷１３號,24.9929169868086,121.539818002628,8.18,10.788841,4.9944434,5.399122,8.32102,13.375361,15.523897
臺北市文山區興德路２２號,25.001081002411,121.556276037151,11.88,12.361567,8.696488,11.530811,13.4403,14.712091,15.119319
臺北市文山區興隆路一段７０巷１１弄１３號,25.0024809897889,121.540500960099,11.5,18.158745,14.16076,15.795228,18.212397,19.772087,20.529037
臺北市文山區興隆路一段７０巷１１弄２０號,25.0018059951262,121.540491991462,22.799997,17.542402,12.820472,15.663915,18.741375,21.295681,24.621578
臺北市文山區興隆路三段２５５巷２９號,24.9927029968205,121.560519962367,17.0,16.334955,13.004422,14.400107,17.464115,20.5181,20.64893
臺北市文山區興隆路三段３０４巷３０號,24.996079017872,121.555485958958,2.44,4.680965,4.1188374,4.6267467,7.6307945,10.793457,12.525689
臺北市文山區興隆路三段３０４巷３２之１８號,24.9959770101104,121.555263000333,14.08,16.94344,14.295043,16.176455,17.794245,19.094442,22.866423
臺北市文山區興隆路三段３０４巷９１之３號,24.9953020154477,121.556201019118,18.279999,19.36742,16.86155,16.90944,18.76441,20.142862,22.888044
臺北市文山區興隆路二段２０３巷９２號,25.0025889906113,121.546962988352,6.0,13.2137785,10.651195,12.839954,14.92661,16.281963,19.394846
臺北市文山區興隆路二段２１７巷３號,25.0019839848401,121.549100960395,13.799999,14.29281,10.742346,13.155683,14.352327,17.234333,17.426836
臺北市文山區興隆路二段２２巷７弄２號,24.9978709849519,121.545964033132,20.000002,22.231983,16.679686,18.285357,22.296175,22.824974,26.35993
臺北市文山區興隆路二段３０１巷２２號,25.0029077962986,121.55408509148,16.300001,14.674132,11.670264,13.735844,16.489515,18.396357,19.268553
臺北市文山區興隆路四段１５１號,24.9847610178333,121.561775990558,13.900002,15.637311,15.134369,15.275717,17.715263,19.882607,22.441498
臺北市文山區萬安街４４巷６號,24.9996259878388,121.570405998067,11.099998,13.136065,6.446876,8.843923,12.630966,14.22481,16.335115
臺北市文山區萬美街二段５１號,25.0050849118294,121.564542940615,19.199999,24.639063,17.263294,23.033033,26.453102,27.787952,30.545208
臺北市文山區萬美街二段７７號,25.0046211830362,121.563900635375,22.680002,30.846424,18.762587,30.786856,32.335712,35.981777,37.59128
臺北市文山區萬芳路６０之１０號,24.9986430001439,121.568347989381,16.500002,14.307713,10.03554,11.211438,12.916721,16.220589,17.72217
臺北市文山區試院路１５４巷２弄２９號,24.9910469842102,121.547903018793,9.8,17.436943,8.6307955,11.889807,16.118704,19.33553,21.994843
臺北市文山區辛亥路五段７１之１號,24.9982079793691,121.553285960831,14.08,13.592569,11.88594,11.936504,13.760506,15.409084,16.684324
臺北市文山區辛亥路四段７７巷９２弄１２號,25.008174984254,121.561350022238,28.200003,19.731417,11.457744,19.30812,20.162111,28.398066,37.03831
臺北市文山區辛亥路四段７７巷９２弄９號,25.0087788165588,121.561219432187,11.000001,18.845219,13.102003,17.661564,22.236591,23.941027,25.325285
臺北市松山區三民路１１３巷１３號,25.0578510877946,121.562667741237,25.0,24.096155,21.159878,23.236885,24.150768,28.423504,30.141993
臺北市松山區三民路１６６巷５號,25.0620549894227,121.563520013151,36.079998,22.296553,18.0847,19.44119,25.621845,26.103315,28.858051
臺北市松山區健康路１５巷３２號,25.0548760150815,121.553088986107,43.780003,39.390167,32.166157,42.72076,43.117172,46.06719,55.187237
臺北市松山區健康路１７７之１號,25.0542467856101,121.560947858524,23.700003,20.367022,14.634679,18.218882,19.778591,21.437735,26.495178
臺北市松山區健康路３５巷３４號,25.0557759800254,121.553794993811,31.050001,34.1718,22.83787,25.367167,30.960278,37.10549,37.20944
臺北市松山區光復北路２３０巷５號,25.0560100027621,121.55509703865,33.000004,33.214348,27.452137,31.135303,37.43765,42.40759,45.464256
臺北市松山區光復南路５８巷３７號,25.0454620062585,121.5548589926,18.499996,20.964394,11.764687,17.174128,19.994232,22.769403,27.18637
臺北市松山區八德路三段１２巷５１弄３２號,25.0460580014838,121.551770009823,2.8,3.6299732,1.2863655,2.2307022,4.2195764,6.608066,8.4538965
臺北市松山區八德路三段１２巷５３弄１８號,25.0456710090142,121.551368013747,15.599999,17.943676,8.974003,10.709313,17.52172,22.72588,23.284142
臺北市松山區八德路二段３４８號,25.0477319932765,121.545318961863,19.45,20.850998,16.275885,17.19015,20.995321,23.007475,27.34141
臺北市松山區八德路四段６３６號,25.0498319952981,121.574493014056,15.764999,12.272451,7.957545,11.337783,13.647817,14.589952,15.982399
臺北市松山區八德路四段６３８號,25.0498130102874,121.57467096186,19.499998,17.214466,10.156567,17.014849,20.190746,20.75822,23.833014
臺北市松山區南京東路三段３０３巷６弄８號,25.05232498285,121.547422987198,23.799997,23.948055,17.637114,17.862986,21.388845,24.215712,30.977406
臺北市松山區南京東路三段３０３巷８弄６號,25.0527429883614,121.547229029959,16.500002,19.837633,13.91878,17.472715,18.337553,22.604683,22.69222
臺北市松山區南京東路五段２５０巷３６弄８號,25.0494950008809,121.566486033409,21.5,17.181004,14.770313,17.37708,19.493984,21.064375,23.451302
臺北市松山區南京東路五段２９１巷４４弄３５號,25.0534629938442,121.56522899939,28.200003,21.327587,15.342408,19.153156,22.02021,27.182177,27.72744
臺北市松山區南京東路五段４１５號,25.0514612419358,121.57010545841,18.490002,17.314411,14.127197,16.251356,18.698387,18.855625,20.771408
臺北市松山區南京東路四段９５號,25.0518429815079,121.554191038736,19.199999,20.859777,13.427397,18.224405,24.23056,25.512789,25.752314
臺北市松山區富錦街５１０號,25.0609085127064,121.564437831549,23.0,21.003342,17.431135,18.508411,22.62899,23.451208,26.713457
臺北市松山區延壽街１５１號,25.0569499912937,121.563055990992,19.499998,21.730892,14.463351,19.354671,19.85319,21.991995,22.150698
臺北市松山區復興北路２３１巷１５號,25.0571180065429,121.545484001537,23.199997,23.136395,18.250984,22.313261,24.07689,25.493155,30.723545
臺北市松山區復興北路３３３號,25.0598010118398,121.544471970547,30.800003,29.887331,14.765466,25.438118,30.179724,36.20694,38.322426
臺北市松山區撫遠街４０１巷２２號,25.0658322940887,121.566806138291,16.300001,13.420205,10.284302,14.311845,15.075341,16.750248,18.202068
臺北市松山區敦化北路１４５巷２３弄３號,25.0532150152387,121.550394958607,27.779999,28.787682,18.619265,19.89119,23.696205,27.303053,29.147734
臺北市松山區敦化北路２２２巷１９號,25.0595920090841,121.548176017379,48.679993,35.229637,21.869287,35.56282,37.385933,40.340397,47.09923
臺北市松山區敦化北路３４５號,25.0600399798993,121.550552035473,7.9250007,4.275764,2.9282508,4.201437,8.284402,9.56388,10.083882
臺北市松山區敦化北路４巷２１號,25.0500619947212,121.546395030593,43.0,27.667912,19.640932,22.367123,27.25467,27.83654,33.820065
臺北市松山區敦化北路４巷３１號,25.050086595607,121.545517277692,10.000001,6.6138268,5.2797947,7.7392755,8.467055,9.710346,13.381591
臺北市松山區敦化北路４巷６２號,25.0503279944185,121.544593005229,31.160004,31.724127,25.417461,30.089348,30.581257,34.186253,37.294136
臺北市松山區民權東路三段１０６巷３弄４４號,25.0611370033869,121.548668035096,15.000002,35.656136,28.125881,28.981045,34.70655,35.610405,44.605003
臺北市松山區民生東路三段１１３巷６弄１號,25.0585350091842,121.546060005923,32.799995,34.564438,24.17473,35.917664,37.959534,39.41014,45.37003
臺北市松山區民生東路五段１３８巷９號,25.0580859906311,121.561751012486,37.5,30.50393,21.616642,30.32083,33.73175,41.46583,43.51044
臺北市松山區民生東路五段１７０號,25.0583060155894,121.562775029597,30.199999,26.203655,18.952665,25.152683,26.874857,30.35291,32.40575
臺北市松山區民生東路五段２０２號,25.0584190036442,121.564395000024,7.500001,9.65549,6.2400703,6.6618075,8.876682,13.216429,13.437619
臺北市松山區民生東路四段８０巷１１弄３號,25.0567539804879,121.553297024944,34.799995,24.079405,18.435907,26.626883,30.572523,34.477264,34.91451
臺北市松山區饒河街１９６號,25.0507379952123,121.57685503437,18.7,16.075676,8.794327,13.39639,18.773365,24.901115,25.215029
臺北市松山區饒河街６１巷１２弄１８號,25.0504170102302,121.572453026461,16.800001,20.312805,13.132447,13.317766,17.51064,18.233086,21.809502
臺北市萬華區中華路二段３６４巷１５號,25.0283724791503,121.503804987997,32.88,28.318531,24.83878,27.737015,31.237383,34.65212,37.63657
臺北市萬華區中華路二段４９８巷１１號,25.0259200181001,121.507110978247,12.699999,11.286317,7.74842,8.218875,10.057335,11.768716,12.846724
臺北市萬華區中華路二段５０４巷１６號,25.0256139948152,121.507575000407,10.380001,8.982752,5.130078,6.2078195,8.205567,9.549441,10.709374
臺北市萬華區內江街１４０號,25.0415769941367,121.502754986986,22.500002,18.07215,13.721667,17.71878,22.253891,23.215492,28.058743
臺北市萬華區國興路８４號,25.0266829808367,121.506146975563,26.880001,24.371744,15.863191,23.668184,24.606674,27.757774,31.15267
臺北市萬華區大理街１６０巷２４弄１２號,25.0324219861219,121.49452203023,16.800001,14.971676,11.951637,14.53283,17.169672,18.899403,20.990225
臺北市萬華區康定路１０３號,25.0395069993285,121.502047973453,18.150003,13.154059,10.618786,11.310998,13.64943,14.847764,17.480602
臺北市萬華區康定路１０５號,25.039268198907,121.50202316302,20.000002,25.844315,18.38341,21.547876,23.282558,27.241705,34.152374
臺北市萬華區康定路１６２號,25.0394969829542,121.50181101705,14.0,12.26433,9.119982,11.584175,13.5764885,16.133703,16.301373
臺北市萬華區康定路４６巷９號,25.0432719825969,121.502026012867,2.44,3.5300014,2.7332666,3.2811291,4.417329,5.489607,7.757857
臺北市萬華區成都路１３９號,25.0435060053335,121.503248010531,33.000004,27.454601,22.482197,26.074818,30.682112,32.342266,37.19159
臺北市萬華區東園街６６巷２４弄８號,25.0248229946125,121.49550195853,20.000002,21.004734,13.711582,17.258875,19.974398,22.404005,24.811394
臺北市萬華區柳州街１７號,25.0388770993049,121.505557560132,16.38,23.197916,19.692644,21.952887,25.787418,26.937819,31.650187
臺北市萬華區柳州街２１號,25.0388530013332,121.505499976457,27.000002,25.932783,21.292665,25.192131,31.527752,37.151737,40.459003
臺北市萬華區柳州街７號,25.0390840065848,121.505533001155,36.22,32.392113,22.488111,28.425909,34.088425,39.816097,43.781498
臺北市萬華區桂林路１０９號,25.0385670107969,121.500842991053,19.68,19.927576,13.760913,20.805702,21.846888,22.84216,28.304096
臺北市萬華區桂林路６號,25.0375240086753,121.505876994462,37.060005,31.99492,21.808153,28.707207,32.091934,36.513412,42.23019
臺北市萬華區水源路２０５之１號,25.0195569801235,121.503229989439,6.0,6.994181,4.8195033,8.227605,9.363881,10.051448,12.415777
臺北市萬華區水源路２０５之２號,25.0195569801235,121.503229989439,4.3000007,4.3077126,3.7398891,3.9936643,5.734921,8.781546,9.753383
臺北市萬華區漢中街８號,25.0457300176126,121.507750014545,12.450001,11.346135,9.301028,10.096854,12.799753,13.783658,14.49016
臺北市萬華區漢口街二段５１號,25.0458679837388,121.506388039098,11.000001,13.12579,10.364881,10.373654,12.054832,13.168928,14.456484
臺北市萬華區漢口街二段８８號,25.0461530103563,121.504392978504,11.399999,15.208289,11.793348,13.334138,15.135529,17.843592,17.982937
臺北市萬華區環河南路一段２３號,25.0468440144541,121.504204972416,7.1,9.452542,5.6699014,6.111418,9.635618,10.959222,11.325434
臺北市萬華區萬大路１２０號,25.0297049922076,121.500381986378,24.0,12.642225,8.30293,9.526062,12.569427,15.363351,22.716307
臺北市萬華區萬大路２７７巷１４弄１６號,25.0248760101501,121.500929995208,28.999998,23.792778,23.09399,25.305727,26.103271,29.406242,32.839012
臺北市萬華區萬大路４２３巷２８弄１９號,25.0200717378414,121.500517518288,25.0,19.833246,13.774371,18.600697,22.956528,23.290924,23.541044
臺北市萬華區萬大路４８６巷３７弄１８之１號,25.0200020172726,121.496047033694,10.500002,12.904094,9.050672,11.666573,13.620293,15.480673,15.818528
臺北市萬華區西昌街１４２號,25.0390210165824,121.500532022445,14.100001,17.012325,12.189728,12.916716,15.480433,17.600409,19.511133
臺北市萬華區西藏路１２７號,25.0293369847486,121.50206297706,21.000004,16.987055,15.39502,18.301733,20.904629,23.80858,24.18836
臺北市萬華區西藏路１４６號,25.0301369954972,121.50385402213,12.0,12.703607,9.543425,10.832375,12.286906,12.809663,13.961971
臺北市萬華區長沙街二段１４８號,25.0406310125443,121.501330985455,10.500002,29.543163,20.931276,26.499798,26.54365,31.745708,35.149673
臺北市萬華區長泰街２８２巷１１弄１３號,25.0214300002071,121.493131975407,7.700001,12.200137,8.222288,9.390829,11.678599,13.195928,15.976455
臺北市萬華區長泰街７３巷６弄２０號,25.0222629937447,121.499845041661,11.88,15.048219,8.350422,9.849233,12.813636,13.216761,17.016659
臺北市萬華區雅江街８３號,25.0411429791903,121.501547992929,30.880001,29.059172,22.731407,24.115416,27.679861,35.48919,35.676865
臺北市萬華區雙園街４０巷６號,25.0295619969394,121.494015008907,10.8,13.1215105,10.448348,10.505668,12.116609,15.17221,17.060377
臺北市萬華區青年路１０６巷３０弄２８號,25.0230420078258,121.502326001181,5.0000005,5.806646,3.6666799,4.043887,5.0788207,5.183214,6.4431624
臺北市萬華區青年路１６８巷２弄４８號,25.0201999978256,121.501607001527,5.4999995,5.692445,3.1361773,4.8682117,5.5844393,6.8821874,8.432544
臺北市萬華區青年路３０巷１０號,25.0259390031108,121.504004980207,20.599998,19.71343,17.42117,17.994417,19.64818,22.311949,23.734383
臺北市中山區中山北路一段１２１巷３３號六樓之１,25.0508930185115,121.524660001288,21.279999,26.326813,18.787174,19.894981,24.053257,27.63636,30.373177
臺北市中山區中山北路一段５３巷４之２號四樓,25.0491979881419,121.521955999323,8.0,13.784256,8.702111,12.888376,12.891829,16.836004,17.300327
臺北市中山區中山北路一段５３巷８號五樓之１２,25.0491010095221,121.522126990148,17.580002,21.511564,16.926838,21.120504,22.579756,26.241585,28.830233
臺北市中山區中山北路三段３９號七樓之１２,25.0660379859926,121.522533009538,8.250001,7.985559,5.21601,5.4487343,6.922915,8.732987,9.695608
臺北市中山區中山北路二段６２巷９之１號,25.0567450118515,121.522014002093,15.879999,18.802998,12.567163,12.825468,14.227868,18.487366,21.08249
臺北市中山區中山北路二段７７巷１２號七樓,25.0573860178969,121.524161026592,26.840002,21.857672,10.907799,17.50017,20.639158,23.473158,27.005888
臺北市中山區中山北路二段７７巷１２號七樓之１,25.0573860178969,121.524161026592,16.14,16.330791,11.58386,12.114507,16.18543,17.183634,19.264067
臺北市中山區中山北路二段７７巷１２號九樓,25.0573860178969,121.524161026592,25.55,24.699694,20.038475,20.29562,22.49024,27.633944,27.930227
臺北市中山區中山北路二段７７巷１２號九樓之１,25.0573860178969,121.524161026592,16.600002,15.265639,11.1715145,14.25475,16.121353,18.624952,18.750023
臺北市中山區中山北路二段７７巷１２號二樓,25.0573860178969,121.524161026592,25.609999,21.433514,17.87128,21.199806,24.898195,29.263071,31.714108
臺北市中山區中山北路二段７７巷１２號五樓,25.0573860178969,121.524161026592,24.060001,21.00224,10.743847,16.937237,20.759947,23.09848,26.067373
臺北市中山區中山北路二段７７巷２９號八樓之２,25.0575599842973,121.524474006856,6.6999993,6.90079,5.2297177,5.3592215,7.208322,9.286797,10.435975
臺北市中山區伊通街８７巷１０號,25.0527820061207,121.535706008568,23.0,20.54642,15.510029,16.75072,19.814064,25.178543,30.966011
臺北市中山區北安路６０８巷４弄６之１號,25.0813849992498,121.549308999232,23.199997,30.412489,22.08862,24.1879,31.71959,35.105595,36.462746
臺北市中山區南京東路一段１３２巷１８號九樓之３,25.050979980757,121.526923031326,25.0,20.810122,15.435408,21.325964,23.343569,25.839886,30.583967
臺北市中山區南京東路三段１１８號十二樓之１,25.0516289915199,121.540315971496,19.600002,17.391243,10.135275,15.562309,21.346317,23.981318,24.062805
臺北市中山區南京東路三段２２３巷１０號二樓,25.0529519911171,121.543408223215,29.500002,30.216383,22.30866,24.575974,28.968418,36.038883,38.530766
臺北市中山區南京東路二段１０８號六樓之２１,25.0518390001039,121.532169013066,35.0,27.967924,25.495451,25.986725,33.252205,36.604225,38.637543
臺北市中山區合江街６９之１號四樓之１,25.058518423538,121.539250606838,33.000004,28.81801,24.763512,27.663837,29.874039,32.484375,35.97537
臺北市中山區合江街８３巷１７號,25.0591916893885,121.540041631805,23.0,21.476921,15.678476,17.977316,20.377813,21.805534,26.053797
臺北市中山區吉林路２５４號五樓,25.0599196157697,121.530128103462,23.0,20.155806,15.740842,22.441921,22.512817,23.00772,24.529888
臺北市中山區吉林路４４７巷１２號三樓,25.067302018901,121.531064026771,18.999998,15.461868,13.708024,14.153824,15.84382,18.581259,19.427385
臺北市中山區天祥路１６號六樓,25.0609372207247,121.520943297782,26.599998,22.442451,18.449032,21.740988,22.685402,28.581709,32.206745
臺北市中山區天祥路８０號八樓之３,25.0639659795277,121.520528980308,15.3,15.257707,10.785513,12.419889,15.021431,16.445036,16.51708
臺北市中山區天祥路８０號四樓之３,25.0639659795277,121.520528980308,16.68,16.060474,11.002624,12.553506,15.2791,16.858284,19.006968
臺北市中山區天祥路８２號八樓,25.0640990003311,121.5204950336,17.5,12.651008,11.926338,12.360429,14.418015,16.381567,17.007
臺北市中山區天祥路８６巷６弄１０號四樓,25.0638765027113,121.519945683666,10.35,14.631072,9.235065,12.641288,14.715578,17.318592,18.112272
臺北市中山區安東街１６巷１８弄４號三樓,25.0451629818627,121.540720985057,22.7,19.793148,15.359977,18.484161,20.507957,23.569794,23.64398
臺北市中山區安東街１９號三樓之５、三樓之６,25.0451709865803,121.542384038466,18.999998,17.993986,15.380825,15.802246,17.311787,20.762154,21.949455
臺北市中山區建國北路二段３５號七樓之６,25.0552930147645,121.53726495874,21.8,18.472063,15.157265,17.081537,18.549623,20.158388,21.34503
臺北市中山區建國北路二段３５號十二樓之７,25.0552930147645,121.53726495874,12.600001,12.443741,8.304344,9.462744,12.616652,14.556389,15.997635
臺北市中山區建國北路二段８５號十三樓,25.0583869847741,121.537370989815,24.05,30.897564,21.589909,24.913532,30.75503,33.42053,40.400455
臺北市中山區復興北路３５６之１號八樓,25.0603680056801,121.543958998073,40.000004,31.827068,26.026375,31.888765,32.062805,37.251152,39.74963
臺北市中山區德惠街１２號九樓之５,25.0665619806696,121.52375601303,19.199999,19.21913,16.3866,20.906733,23.30884,27.483398,28.649328
臺北市中山區德惠街１２號二樓之５,25.0665619806696,121.52375601303,17.0,15.637393,13.628634,13.803581,16.304234,17.794949,20.56619
臺北市中山區德惠街１２號四樓之１,25.0665619806696,121.52375601303,23.149996,17.851469,14.853865,15.269792,18.1042,19.917017,22.768436
臺北市中山區敬業三路１６２巷７１號四樓,25.0784660014689,121.559321014937,34.199997,28.068245,18.123068,25.0136,28.333218,32.89108,36.315075
臺北市中山區敬業三路１８８號八樓,25.0783600123033,121.556515005211,35.0,32.177082,22.634758,28.919704,31.465424,35.839867,38.04939
臺北市中山區新生北路一段１０８之３號二樓之１０,25.0495799933791,121.528256005388,5.4,4.8174944,3.724055,3.7603028,5.2009597,7.4485826,8.610897
臺北市中山區新生北路一段１０８號十樓,25.0495799933791,121.528256005388,9.450001,11.510031,7.6393814,8.453515,10.786892,11.982318,13.273581
臺北市中山區新生北路一段１１０號三樓之２,25.0502157188254,121.527928105336,7.500001,8.535765,6.7757964,7.434449,8.513365,10.089226,11.535663
臺北市中山區新生北路一段９０號十三樓之１,25.0477640121466,121.529611023855,15.000002,19.386213,12.063785,14.514547,20.208176,22.185114,25.23086
臺北市中山區新生北路三段４３號三樓之１２,25.0654069963216,121.528041009571,12.030001,11.912302,9.26386,11.818379,13.051372,13.209702,15.323087
臺北市中山區新生北路三段７號十二樓之２,25.0633269851391,121.527990969609,28.56,23.20653,15.884347,18.80878,24.903177,27.228832,32.212242
臺北市中山區新生北路二段１３３巷１２號二樓之１０,25.0607759948172,121.52826103453,6.79,3.0222514,3.2135408,4.2597113,5.698499,8.088458,9.877492
臺北市中山區新生北路二段１３７巷１７號三樓,25.0613810005884,121.528417021748,12.999999,15.504494,9.377338,10.819877,13.317851,16.796457,19.463408
臺北市中山區新生北路二段６８巷１５號二樓之３,25.0565090193676,121.526131025295,10.549999,14.450956,9.277774,12.453934,12.524137,16.417725,17.065954
臺北市中山區松江路１３３巷５０號七樓之４,25.054315014302,121.534684422209,12.5,12.734755,9.063572,9.430631,12.528195,14.28202,15.510632
臺北市中山區松江路１８８巷２號四樓之３,25.0567276194025,121.532552988051,20.86,17.680939,12.96654,15.416412,19.098976,19.255066,24.0391
臺北市中山區松江路２２１巷７號六樓,25.058454081909,121.534559028938,43.0,29.728468,22.446222,29.96033,36.37484,41.99463,47.52091
臺北市中山區松江路４１６號七樓,25.0645579933489,121.533005024089,5.0000005,29.03013,20.032738,25.073269,28.07102,31.406107,33.869587
臺北市中山區林森北路１０２號十二樓之１,25.0507309963232,121.524835015426,9.0,9.9776,7.365923,7.7962756,8.783144,12.2771635,12.759838
臺北市中山區林森北路１０７巷４３號四樓之５,25.0501020183089,121.526453980024,8.5,7.908046,6.709839,7.0034237,7.838715,9.56649,10.546761
臺北市中山區林森北路１１９巷３８號二樓之２,25.0503220013577,121.526532015543,12.799999,18.064274,13.074565,15.587418,15.667416,20.36721,20.83494
臺北市中山區林森北路１１９巷８１號二樓之３,25.0503499969143,121.5277390096,10.2,9.470463,6.86744,7.1654634,8.872581,10.194493,11.818483
臺北市中山區林森北路１３８巷３８號六樓之１,25.0516450009549,121.524080979416,5.1299996,9.524538,6.8345633,7.226014,9.24519,10.545685,10.65032
臺北市中山區林森北路１４７號七樓之３,25.0515069929191,121.525348993729,6.0,7.1848617,4.983482,5.36951,6.717803,8.836067,8.9353285
臺北市中山區林森北路２８６號七樓之４,25.0557124032899,121.525357878546,13.6,11.288021,8.666132,9.947816,10.954867,12.404002,13.650734
臺北市中山區林森北路４１３號十三樓之１１,25.0597619940805,121.52570899647,10.500002,13.253354,10.277944,11.0598,12.664117,14.799533,16.10523
臺北市中山區林森北路５８７號十二樓之６,25.0660249940427,121.525832964818,30.5,28.657942,23.680107,26.421839,26.532618,30.699118,36.011574
臺北市中山區林森北路６７巷１３２號五樓之２,25.0476889941132,121.528558005359,22.500002,17.005426,14.374986,16.7667,19.682734,21.717508,22.127144
臺北市中山區林森北路８５巷９０號三樓之８,25.0490060006497,121.52798401263,9.400001,7.231777,4.5251822,4.821198,6.038979,8.129466,9.805769
臺北市中山區民族東路４１０巷２３弄１２號五樓,25.0667349831512,121.539013004647,17.0,15.326082,10.687934,14.561274,15.523058,18.426403,19.66799
臺北市中山區民權東路一段７巷１１號四樓之１、四樓之５,25.0634929049125,121.523240358347,2.5000002,2.6362689,2.0895255,3.359959,5.0935516,6.82944,7.094286
臺北市中山區民權東路一段７２號十一樓,25.0625157845498,121.52518269677,9.749999,9.173965,5.075113,8.823753,9.195456,10.693821,11.913194
臺北市中山區民權東路二段１５２巷２２弄１５號四樓,25.0608000089698,121.535499981388,13.395301,16.459682,12.46438,15.84513,17.946795,22.910265,23.655584
臺北市中山區民生東路一段２５號八樓之１６,25.0581960031102,121.52431701381,8.0,7.1483593,4.3215404,7.748566,7.9666076,9.353702,9.841121
臺北市中山區民生東路二段１４７巷１１弄２４號三樓,25.0598399876896,121.535878005221,21.5,19.163698,17.40216,19.163921,19.333424,22.531256,23.663052
臺北市中山區民生東路二段８３號四樓之５６,25.0581229967336,121.530731013758,11.230001,9.841097,5.245398,7.295242,9.364834,11.666564,12.207562
臺北市中山區農安街１０之１號十樓,25.0648400024813,121.523610000277,15.38,15.769232,12.064638,13.255307,15.117499,16.437042,18.658615
臺北市中山區通北街６５巷２弄６號六樓,25.0829540077052,121.539564030962,30.000004,28.440178,21.968544,30.017,31.05329,35.500717,40.498768
臺北市中山區遼寧街２２３號四樓之１,25.0555600202901,121.542299967977,25.599998,20.7739,17.55233,19.30716,21.345238,21.594141,24.74691
臺北市中山區長安東路一段３０巷３弄２５號,25.0475869863516,121.527683018487,11.5,7.6952333,6.010073,8.136914,8.565894,9.881583,13.236265
臺北市中山區長安東路一段５６巷１弄１２號六樓,25.0474910135602,121.529266024721,32.799995,27.110615,20.768185,23.273335,27.673765,30.966785,35.45193
臺北市中山區長安東路二段８１號十二樓之５,25.0485429843183,121.534551988139,16.179998,15.048856,11.6570835,12.708047,16.001545,18.905035,19.818977
臺北市中山區長春路４１０號九樓之３,25.0544160162352,121.543750037227,9.900001,9.65358,7.113205,9.438301,10.483677,13.835458,14.209048
臺北市中山區雙城街１３巷９號四樓之５,25.0641720067077,121.524850019033,42.800003,35.29575,25.058647,29.147758,36.129307,43.59614,48.235107
臺北市中山區雙城街１９巷８號七樓之１５,25.0653279968842,121.524851024861,8.8,10.440472,8.758479,8.798358,12.041798,12.068896,12.94772
臺北市中山區雙城街１９巷８號六樓之１８,25.0653279968842,121.524851024861,10.32,16.694443,12.155355,15.4837265,16.333332,19.058903,20.745644
臺北市中山區龍江路３７７巷１８號二樓,25.0647009886171,121.542058988261,24.599998,20.645144,16.659163,19.01382,21.078327,25.255995,27.713928
臺北市中山區龍江路４１２巷４６號五樓,25.0674730097258,121.539045023517,10.000001,23.486666,14.8668995,16.833797,18.954306,21.504513,22.581484
臺北市中山區龍江路４１５巷２１號四樓,25.0664510042716,121.542547988492,15.229999,16.61116,12.465162,17.011599,17.58034,19.01349,19.484602
臺北市中正區信義路二段２５９號十三樓之３,25.0338819879265,121.531611029772,30.5,22.793257,20.159721,20.484667,22.622372,27.13037,31.8596
臺北市中正區八德路一段４３巷１０號三樓,25.0444990094027,121.531501981212,21.479998,26.23027,20.262259,20.977243,23.520027,28.061106,31.060574
臺北市中正區南昌路一段１４５號七樓,25.0295399944436,121.518706000186,44.599995,47.16264,34.186726,43.273327,43.674343,52.45119,63.95519
臺北市中正區同安街６６號四樓,25.0231259944956,121.520884037726,22.199997,24.149965,19.682613,21.998432,24.41311,27.171715,29.369247
臺北市中正區和平西路一段１０１號三樓,25.0270651956215,121.517344527653,69.0,49.059692,33.63855,45.069763,56.91089,66.98069,82.42943
臺北市中正區和平西路二段２２號三樓之１,25.0281219859738,121.513477033709,19.55,17.171871,13.230704,17.230566,18.697803,21.357578,25.079084
臺北市中正區和平西路二段９號四樓,25.02809202067,121.514225034748,34.400005,41.52684,23.56295,30.063992,40.14532,47.154953,49.02985
臺北市中正區廈門街１２３巷１２號,25.0229190033967,121.51823300939,22.100002,19.7618,14.013296,18.63863,20.949465,24.003277,26.143562
臺北市中正區廈門街７１巷１２之３號三樓,25.0247480184886,121.518696025721,14.58,13.483165,10.906558,11.17449,12.721215,16.99502,17.910496
臺北市中正區廈門街８１巷６號六樓,25.0244430010321,121.517800000272,19.38,23.116453,17.411175,22.760408,25.270388,28.89025,31.758408
臺北市中正區延平南路１５０號九樓之１,25.0386160030209,121.508461973401,67.00002,48.706825,33.651157,44.42325,44.60536,58.573532,69.81412
臺北市中正區愛國東路７４巷２５號五樓之５,25.0331259821696,121.519005988501,15.899999,16.372631,7.2169456,12.789457,14.08999,20.859068,20.88404
臺北市中正區晉江街１７３號二樓之１,25.0211759866314,121.526798979159,13.750002,15.259101,12.495877,12.752462,14.837078,16.281855,18.220257
臺北市中正區晉江街１７３號二樓之２,25.0211759866314,121.526798979159,13.500001,13.53458,10.580916,10.820498,15.236459,15.261452,15.39607
臺北市中正區水源路１１１號九樓之１,25.0215970096279,121.51843467798,25.0,28.606157,23.801718,24.605148,31.153265,32.11946,35.11216
臺北市中正區水源路３７之２號十二樓之１,25.0186032033612,121.523945192585,46.999992,46.461807,38.23245,46.44081,49.416294,58.85181,67.43152
臺北市中正區汀州路一段１９８巷４號四樓,25.0279900129083,121.508982992502,1.468602,1.792106,0.43921292,1.5444487,2.3911304,5.34625,5.597264
臺北市中正區汀州路二段２４４號二樓,25.0216649868627,121.524539972434,22.6,21.608463,11.984526,18.140787,22.280085,26.685244,26.946613
臺北市中正區汀州路二段８５號十八樓之３,25.0254909903861,121.517660022489,50.299995,38.850628,34.992138,35.734344,44.001095,50.3132,56.69145
臺北市中正區濟南路二段１５號六樓之５,25.041315017753,121.527671032365,15.3,15.024335,13.413568,13.527403,16.791296,17.932468,19.976734
臺北市中正區羅斯福路二段７０號九樓之７,25.0272340071514,121.52203504067,19.499998,12.991573,6.8194556,13.457492,15.949851,18.758707,20.755354
臺北市中正區臨沂街３巷１號三樓,25.0434210128353,121.530964030666,43.56,28.29543,17.688982,23.666979,29.078337,37.10358,46.17342
臺北市中正區臨沂街７１巷１９弄１０號三樓,25.0358519866298,121.530059958589,33.5,30.780262,25.544443,28.056925,32.351055,37.25089,40.048534
臺北市中正區臨沂街７１巷３１號五樓,25.0354499905535,121.530251987991,54.879997,40.16115,33.507225,41.64061,50.38913,60.514492,65.37292
臺北市中正區重慶南路三段６５巷４弄１４號三樓,25.0263360119547,121.516891988701,17.7,17.391562,12.989462,16.366703,19.60054,21.977234,23.260515
臺北市中正區青島東路２３號五樓之７,25.0435350067185,121.524286000768,33.200005,30.891298,21.456173,29.402225,31.062218,35.236942,40.228626
臺北市中正區青島東路９號四樓之５,25.0437938817981,121.522657396981,11.050001,12.6459,7.7861176,8.292005,11.628262,12.912076,13.511826
臺北市信義區中坡北路１５巷２１號七樓,25.0446070102251,121.580205029613,32.0,27.113916,19.244064,22.102726,29.101385,29.19309,35.132942
臺北市信義區中坡南路１２巷５號,25.0433500181154,121.582203023872,35.499996,21.797752,17.15428,22.825153,24.441751,26.317831,29.554852
臺北市信義區中坡南路２７７號二樓,25.0387620157743,121.584251980104,13.500001,12.976017,10.62427,13.767783,15.510258,18.01824,19.19799
臺北市信義區信義路五段１１５號五樓之５,25.0333499890854,121.573914888983,19.800003,22.432585,20.647993,20.721066,23.296701,25.98414,27.13889
臺北市信義區信義路五段１１９號十四樓之２,25.0333499890854,121.573914888983,32.0,29.948698,25.629162,29.167868,30.387085,36.611435,39.716793
臺北市信義區信義路五段９１巷１２弄１號三樓之３,25.0337265874416,121.571400929974,29.280003,23.557737,18.519777,23.618692,28.90856,32.49613,33.8836
臺北市信義區信義路五段９１巷１２弄１號二樓之７,25.0337265874416,121.571400929974,16.68,19.029137,14.212013,17.660824,20.825056,21.62358,22.388111
臺北市信義區信義路六段２１號五樓,25.0345252989952,121.575630186859,27.500004,24.903551,17.471209,23.968428,27.39558,30.290216,36.89858
臺北市信義區光復南路４１７巷１８７號二樓,25.0369089865298,121.560075972956,28.999998,25.585081,19.725758,22.162006,26.905237,28.37739,30.573696
臺北市信義區吳興街１５６巷１６弄５號六樓之１,25.0288289995067,121.560858004522,18.1,12.641252,9.125581,12.224543,12.774625,15.432989,17.4568
臺北市信義區吳興街１５６巷２２弄１７號,25.0287839886866,121.560261967387,25.249996,21.247705,15.895181,16.388342,19.02431,22.08588,23.180313
臺北市信義區吳興街２８４巷２７弄１號五樓,25.0231580133658,121.56363702452,20.200003,15.149377,11.572534,15.2386875,16.062147,18.2803,18.850845
臺北市信義區吳興街２８４巷５之７號三樓,25.0255150045387,121.563999960927,19.65,19.274555,17.37413,17.755955,20.531353,21.390165,23.34612
臺北市信義區吳興街３５０巷１１號五樓,25.0253000087223,121.565972977116,18.7,19.19734,15.655676,17.955639,18.601858,19.974934,21.718903
臺北市信義區吳興街４３２巷１３６號四樓,25.0227770139569,121.567454981416,14.0,17.674606,14.560599,15.604857,18.205772,19.215511,19.738148
臺北市信義區吳興街６００巷１００弄１８號二樓,25.0175650208339,121.572149014833,14.800002,18.68561,13.128985,14.174089,16.776758,19.127163,20.109434
臺北市信義區吳興街６００巷５６號二樓,25.0202999939305,121.569823958711,17.5,17.555824,10.404814,11.355534,15.828323,16.75556,22.34219
臺北市信義區吳興街６００巷７６弄１０５號二樓,25.0178810185836,121.569765033931,15.099999,14.795383,11.446843,14.178075,15.777002,16.799204,20.510427
臺北市信義區吳興街６００巷７６弄１１８號四樓,25.0179979880424,121.569550960124,14.650002,15.690917,10.271635,12.871522,14.917419,17.323542,17.767338
臺北市信義區吳興街６００巷７６弄２２號二樓,25.0183737068523,121.570477998615,16.900002,19.682053,15.4821205,16.993452,18.221626,18.386116,22.470078
臺北市信義區吳興街６００巷７６弄３號七樓,25.0186360185121,121.570698023574,33.879997,24.925718,20.188284,23.155754,25.616192,30.324186,32.09052
臺北市信義區和平東路三段３４１巷２５號四樓,25.0211170199426,121.557529969866,20.9,16.244862,15.6014385,16.639267,17.55406,18.70814,20.199001
臺北市信義區和平東路三段４３５巷７弄２３號三樓,25.0194229954013,121.559352027978,17.200003,15.250721,12.098002,14.428965,15.95052,17.317633,19.389568
臺北市信義區嘉興街１７５巷２弄１２號二樓,25.0274000107438,121.557281027342,30.880001,20.864735,17.82357,18.27392,22.004288,23.841776,25.275028
臺北市信義區大道路５５號四樓,25.0414590188495,121.582306037462,14.0,18.414083,15.836333,16.927132,18.041496,20.479937,21.099672
臺北市信義區大道路７５號二樓,25.0409139855955,121.582560009129,24.679998,22.662596,16.88894,20.66297,22.998945,25.568178,27.953465
臺北市信義區富陽街４４巷１１號五樓,25.0229299836899,121.555985017473,24.180002,15.578384,9.854372,24.243238,24.336561,30.581459,31.419966
臺北市信義區崇德街３８巷１７號二樓,25.0237400108128,121.554341996812,25.099998,23.645987,21.750004,22.082506,24.005585,25.551004,29.742298
臺北市信義區忠孝東路五段４７１號十一樓之１,25.0410190108423,121.577088973288,24.939997,23.777311,15.540215,26.236582,28.700663,34.701107,35.63634
臺北市信義區忠孝東路五段５２４巷４號四樓之１,25.0408789911498,121.579468008866,24.499996,20.849161,18.088612,20.226942,21.520773,25.440722,27.25215
臺北市信義區忠孝東路五段７０３巷１弄３８之１號三樓,25.0425909948734,121.578869960075,26.72,27.397036,24.880136,25.442364,28.792229,32.703064,34.878807
臺北市信義區忠孝東路五段７１巷３弄１３號二樓,25.041645013281,121.567946999133,30.000004,25.031797,19.069765,21.079384,22.965664,27.080263,30.234762
臺北市信義區忠孝東路五段７８６號五樓,25.0436179875599,121.581717041126,23.300001,22.205873,17.379171,20.696535,21.742859,26.131542,29.161072
臺北市信義區忠孝東路五段７９３號三樓,25.044099988902,121.581621990344,18.17,15.406832,9.882012,14.606924,15.927355,20.391737,21.114573
臺北市信義區忠孝東路四段５５３巷２０之１號四樓,25.0431330106422,121.562897992117,32.679996,25.898485,22.603062,22.783316,27.737099,29.940094,35.53898
臺北市信義區忠孝東路四段５５３巷２２弄４１號四樓,25.0435889861749,121.563467961533,25.800003,19.924452,16.16182,23.079231,24.72828,24.793953,25.209755
臺北市信義區松仁路２０２巷７號二樓,25.0271889963314,121.567935013011,20.000002,20.586378,14.23082,17.320621,20.009253,23.31201,24.955624
臺北市信義區松山路６５６巷３號三樓,25.0316229812017,121.578017017608,11.63,16.337423,10.025623,12.244208,15.650891,17.682213,20.500954
臺北市信義區松德路２３３號四樓,25.0347000197669,121.5750120215,24.58,18.71841,15.615087,19.743717,23.791399,25.57761,29.46327
臺北市信義區松德路２３７號四樓,25.0345850200553,121.5750120215,13.049998,23.669552,20.060665,22.607647,25.867218,27.422733,28.522753
臺北市信義區松德路２６號十一樓,25.0392679893595,121.577043962468,34.5,39.521225,33.267067,33.552036,35.710114,45.72105,57.1701
臺北市信義區林口街２２４號二樓,25.0421850173931,121.581215970954,23.0,23.348564,17.742983,20.282328,21.88949,25.346455,26.122017
臺北市信義區永吉路１２０巷４３弄７號五樓之１,25.044377010802,121.570654018582,16.399998,15.319566,11.255803,12.762302,14.2090645,18.306694,20.539774
臺北市信義區永吉路１２０巷４３弄７號四樓之１,25.044377010802,121.570654018582,18.499996,15.194586,11.188653,12.606283,14.1906805,18.327557,20.353613
臺北市信義區永吉路２７８巷４８弄１８號四樓,25.0437608990091,121.573464303079,16.600002,20.667315,14.441906,15.383946,19.335733,20.094671,21.197098
臺北市信義區永吉路３０巷１４５號三樓之１,25.0426070043084,121.5689730279,25.499998,18.743624,15.449826,16.994564,20.130507,20.480556,22.710442
臺北市信義區福德街２３７號三樓,25.0385999935859,121.585443970554,17.08,17.527557,10.369082,12.03077,13.421403,15.373563,19.389158
臺北市信義區福德街２６０號四樓,25.0388320046658,121.585729039081,16.7,15.079953,9.812386,12.182814,15.958657,15.988743,18.759216
臺北市信義區福德街２６８巷２９弄８號三樓,25.0398770184442,121.585146999725,20.36,16.970234,15.179225,17.843336,19.620916,20.372057,21.793274
臺北市信義區莊敬路２３９巷１弄１７號,25.0302519952088,121.562158037704,26.480003,16.420317,10.589048,14.389186,17.31323,20.195173,22.683224
臺北市信義區莊敬路２５４號四樓,25.0291820033589,121.562380996329,36.5,30.497335,24.023619,28.853386,32.889244,38.080807,38.44576
臺北市信義區莊敬路３９１巷２弄６號五樓,25.0276989932301,121.565884967132,24.4,23.844137,18.283403,22.420471,25.01602,26.750072,29.812284
臺北市內湖區五分街９１號八樓之１,25.0673269969725,121.615669700138,9.299999,9.96161,5.0372443,5.989434,8.526918,10.590905,11.754428
臺北市內湖區內湖路一段１巷９弄１號三樓,25.0854570116314,121.558098011444,5.65,15.226459,11.681539,14.776122,16.081207,17.920967,20.442755
臺北市內湖區內湖路一段２０３巷１１號四樓,25.0842070184109,121.563655967621,11.3,11.023637,7.8569126,9.306893,10.498571,11.671377,13.974424
臺北市內湖區內湖路一段２８５巷６９弄１３０號三樓,25.0852340949165,121.569009824455,19.300001,15.715021,13.840426,16.275942,17.22804,18.08862,20.983017
臺北市內湖區內湖路一段４１１巷７４弄１５號二樓之３,25.0842299848256,121.571279979111,43.879997,30.649971,23.583237,29.379622,33.698524,39.88757,43.2716
臺北市內湖區內湖路一段９１巷２７號,25.0869180192644,121.562774023769,23.0,19.711191,12.879997,16.799416,19.300007,20.705263,23.967024
臺北市內湖區內湖路一段９１巷３１號,25.087172996759,121.562825991569,23.749998,18.538597,14.490834,16.753809,19.817904,21.694511,26.065834
臺北市內湖區內湖路三段１９１巷７號四樓,25.0880580000058,121.588589028264,10.000001,14.549466,13.107525,13.338867,15.582369,16.45179,18.493816
臺北市內湖區內湖路三段３９號二樓,25.085501980542,121.592387036231,12.5,19.714878,15.386235,17.329895,20.09218,20.78499,22.57386
臺北市內湖區內湖路二段１０３巷１１９弄５２號七樓,25.0843039970306,121.581809996433,22.82,21.595747,17.9436,21.09684,22.815691,25.096163,28.294134
臺北市內湖區內湖路二段２３５巷１６號五樓之２,25.0821461826233,121.589146242988,49.879993,48.463074,34.58778,38.333813,45.33673,55.505516,57.879505
臺北市內湖區安康路３５０號七樓之１,25.0659130118163,121.612135973578,17.0,21.16447,14.289536,17.32692,21.333004,22.798502,23.901634
臺北市內湖區安康路４３４巷２０弄５８號五樓,25.0667410181215,121.616084017612,33.5,38.004,26.155514,30.68101,35.82511,40.14682,44.76127
臺北市內湖區安泰街８９號二樓之１,25.0766892056338,121.616863199331,26.2,30.727325,18.67806,23.681898,28.692884,30.860462,37.165215
臺北市內湖區康寧路一段１５６巷３２弄２１號二樓,25.0774766854371,121.59410289563,15.400002,14.422137,10.092727,12.430792,14.342615,16.657385,17.32743
臺北市內湖區康寧路一段１９５巷２弄２號三樓,25.0786589947895,121.596701034157,21.5,17.345974,14.265602,17.734486,19.506096,20.86777,23.141857
臺北市內湖區康寧路一段１９５巷３弄５號五樓,25.0790490047443,121.59704703912,5.6249995,6.4921327,4.3392396,6.070623,9.231943,9.73689,10.03861
臺北市內湖區康寧路三段１６５巷１４弄１７號四樓,25.0705490005531,121.612232030189,21.000004,17.664398,13.26928,18.060751,18.6387,23.10282,25.01137
臺北市內湖區康寧路三段１６５巷２５弄２２號二樓,25.0720116845667,121.611781502893,5.0000005,8.709764,4.1615524,6.6756663,9.334432,13.862111,15.230892
臺北市內湖區康寧路三段１８９巷１５７弄２６號三樓,25.0747979968203,121.611627024418,15.000002,16.369223,13.030139,15.365511,17.352123,19.4691,21.179094
臺北市內湖區康寧路三段２５號七樓,25.0728170178238,121.607299028713,37.3,35.69445,26.122366,34.227646,38.917294,39.389587,44.834717
臺北市內湖區康寧路三段５２號三樓,25.0717570004388,121.608830989156,22.000002,15.460187,12.388432,18.077103,20.569859,24.317389,24.824848
臺北市內湖區康寧路三段７５巷２４弄５１之１號,25.0741880038167,121.610099003469,11.799999,6.056255,3.304881,5.4933877,8.479079,9.264449,10.077948
臺北市內湖區康樂街１３６巷１５弄２０號五樓,25.0724169914948,121.618188964957,11.899999,13.84071,10.686193,13.560233,15.201583,17.621159,18.144516
臺北市內湖區康樂街１３６巷２號五樓,25.0718395202755,121.619088259348,1.66,2.023203,2.111423,2.5376375,2.9717517,4.4394193,7.139128
臺北市內湖區康樂街１３６巷２９弄４７號五樓,25.0731400144627,121.617924012997,17.5,16.485123,12.2722645,15.1241255,15.358707,19.249636,19.760092
臺北市內湖區康樂街１５１巷９之１號,25.0717749796211,121.6198940117,16.500002,11.54062,9.291872,11.493811,12.042633,13.976102,17.68911
臺北市內湖區康樂街１８６巷１弄１３號五樓,25.0763880019432,121.620833036313,16.300001,16.905022,10.713823,16.604923,18.830181,20.29037,20.629513
臺北市內湖區康樂街２０巷１４弄５號三樓,25.0684600207342,121.617156985038,17.200003,18.190907,14.606016,15.897523,17.715935,20.242586,22.589249
臺北市內湖區康樂街６１巷１２弄８號五樓,25.0687799998879,121.618892038995,14.550001,15.777595,11.990173,13.061351,14.839861,17.518318,19.134829
臺北市內湖區成功路三段８８號二樓,25.0786120142222,121.589377010981,18.1,21.272484,11.845354,15.240056,20.822277,23.812391,24.301607
臺北市內湖區成功路二段２５０巷１２弄７號,25.0657400093347,121.589636011789,4.0,8.177113,4.757681,4.8618054,6.235047,8.849819,12.384425
臺北市內湖區成功路二段３１２巷１９號五樓,25.0672669825457,121.589564011241,17.800001,18.015926,11.978862,14.51629,17.945414,18.73033,21.341269
臺北市內湖區成功路二段４２６巷６６之１號四樓,25.0700120139262,121.58795996643,5.4999995,7.086247,5.165603,6.3966165,7.7964125,8.793302,11.549971
臺北市內湖區成功路五段４２０巷１１號十二樓,25.0753059820623,121.607786017287,22.06,18.797348,13.2864065,16.425564,19.453934,20.248219,21.521187
臺北市內湖區成功路五段４５０巷９號四樓,25.0736650149681,121.606853027645,47.199997,32.00221,24.967001,32.064953,36.001118,46.601982,47.68113
臺北市內湖區成功路四段１６７巷６弄４號四樓,25.0834769965538,121.594912838934,20.000002,26.73345,20.52913,24.179592,27.437616,28.48106,29.626308
臺北市內湖區成功路四段３０巷１６號七樓,25.0823189947206,121.591467960547,16.0,19.268011,16.565481,16.992062,18.152607,18.248459,21.490444
臺北市內湖區文德路１７１巷５號四樓,25.0792259886298,121.585412035503,12.0,19.900097,14.420339,18.688055,21.841686,22.067738,25.791162
臺北市內湖區文德路２１０巷３０弄１０２號四樓,25.076408705244,121.584603684761,32.499996,33.309853,25.447897,30.742662,34.57743,37.91071,39.940792
臺北市內湖區文湖街２１巷９８弄６號二樓之３,25.0905910111454,121.560104974341,11.000001,13.000226,10.267132,11.859831,11.9297085,12.636622,14.89574
臺北市內湖區新明路３８０巷６弄７號,25.0554930069742,121.579737989968,21.699999,16.644335,14.11184,16.564087,19.356464,21.41588,24.839725
臺北市內湖區新明路４５８號五樓之２,25.0536279916082,121.57872403114,12.68,17.335924,11.095659,17.776527,20.357191,22.126415,22.422785
臺北市內湖區新豐街１０６號六樓之１,25.0607800181307,121.58476998172,42.879997,32.77043,23.985275,26.144995,31.571356,38.478065,45.61411
臺北市內湖區星雲街１３１號六樓之３,25.0809669937384,121.595856976507,22.000002,23.485876,19.19228,20.867859,25.902813,28.250341,29.847525
臺北市內湖區星雲街１３１號四樓之１,25.0809669937384,121.595856976507,43.300003,30.326244,23.147364,25.974886,30.309504,34.221474,38.346992
臺北市內湖區星雲街１５０巷１４號六樓,25.0797615084237,121.595829567684,32.499996,29.363968,22.541174,24.72365,29.579702,34.372597,37.98833
臺北市內湖區星雲街１６３號十一樓之７,25.0812599831639,121.596442033349,10.8,12.2057085,7.350222,9.868058,10.791475,12.2172785,13.99134
臺北市內湖區星雲街１６８巷３７號,25.0800889893808,121.597329006343,15.000002,14.311708,7.8354673,12.25715,13.66938,18.293428,18.852787
臺北市內湖區東湖路１１３巷４９弄２９之１號,25.0698419870203,121.615149016313,33.000004,27.613165,15.56452,25.996168,30.71606,35.662304,40.919598
臺北市內湖區東湖路１１３巷４９弄２９號二樓之３,25.0698419870203,121.615149016313,23.58,26.03738,22.07974,23.018644,26.868698,30.476849,34.779434
臺北市內湖區東湖路１１３巷９５弄１０４號四樓,25.0736599858262,121.615119009099,28.0,30.788116,21.082415,30.941511,31.981833,37.45159,46.77135
臺北市內湖區民權東路六段１３６巷３０號三樓,25.0678560207914,121.587626031408,22.98,19.829033,16.968077,18.027428,22.142643,24.513727,27.722137
臺北市內湖區民權東路六段１３６巷４４號三樓,25.0667929859212,121.58762502558,2.48,3.845801,2.5200427,2.7153199,3.2394607,4.8845935,7.910561
臺北市內湖區民權東路六段１８０巷５４號六樓,25.0669970014445,121.592528019842,38.329998,27.55554,21.50665,25.473257,29.771954,33.098236,35.854126
臺北市內湖區民權東路六段１８０巷９６號六樓,25.0656628958255,121.592336241897,43.0,31.806744,21.342684,25.891861,30.5445,37.17223,39.949432
臺北市內湖區民權東路六段１９１巷５６號二樓,25.069326583794,121.598533904924,24.900002,23.13536,18.190031,20.134096,21.896328,25.91926,28.532087
臺北市內湖區民權東路六段２１０巷２１弄９號四樓之１,25.0668620108938,121.598093016817,18.300001,16.387114,14.045225,15.220765,17.157461,17.422268,17.956675
臺北市內湖區民權東路六段２９６巷６０號二樓,25.0708110188464,121.60831298754,21.400002,20.789957,14.364566,22.06269,24.789236,28.540934,30.70316
臺北市內湖區民權東路六段４１５號三樓之１,25.070675483472,121.603543181719,34.079998,36.330414,26.545826,30.751156,36.25842,41.553524,45.475918
臺北市內湖區民權東路六段９０巷６弄８號三樓,25.0684640021382,121.585653015219,18.999998,18.872274,16.046955,17.144508,20.047941,22.03353,25.470621
臺北市內湖區江南街１１１號三樓之６,25.0764509919456,121.576248016942,15.000002,18.677437,13.883203,20.7891,21.169779,23.910753,27.203287
臺北市內湖區環山路一段１３６巷１２弄１０號三樓,25.0872900081274,121.568094017714,9.900001,13.073096,9.611974,10.500053,13.428037,15.579243,17.467245
臺北市內湖區環山路二段２６巷２號四樓,25.0861340179509,121.572529972332,6.9999995,8.980849,6.2585363,6.3890715,9.188478,10.768667,13.475413
臺北市內湖區金湖路３２６巷５１號三樓,25.0739419949585,121.604453037309,11.679997,9.703274,4.1303325,7.731584,10.60602,12.314964,13.368953
臺北市內湖區金龍路２２２巷２號二樓之１,25.0877689919843,121.58657401874,9.88,9.506308,5.8895693,6.1209497,8.73674,9.449007,11.672183
臺北市內湖區陽光街１８８號二樓,25.0746169896212,121.580721019572,20.499998,19.539104,16.282223,16.593456,20.917582,23.477438,24.734953
臺北市內湖區陽光街９２巷１４弄６號四樓,25.0754089956523,121.585502979153,14.0,13.907607,9.23321,11.586573,15.826424,16.71568,18.847399
臺北市北投區中和街３９８巷５弄２號七樓之８,25.1438606880344,121.498676101444,7.58,8.736154,5.261989,8.372418,10.13803,10.33924,12.05247
臺北市北投區中和街４９３巷９弄１５號二樓,25.1438209997229,121.495197024893,2.5000002,3.3028257,2.4131274,2.6686149,4.966419,5.000127,5.197326
臺北市北投區中和街５０２巷１３弄５號一樓,25.1473799977207,121.494127996962,4.0,4.089088,2.6334057,3.8541536,4.364208,6.4895735,7.2246757
臺北市北投區中央北路三段１６８巷４號五樓,25.1373769925616,121.48200600477,7.7999997,9.902678,8.66964,8.714048,10.491045,12.165766,14.269436
臺北市北投區中央北路三段４０巷１９弄１１號三樓之２,25.1383479941349,121.484477995655,13.25,15.006457,12.377651,13.300967,15.438964,18.221825,18.821589
臺北市北投區中央北路四段１１８號四樓,25.1339839981561,121.476438996138,14.850001,11.343646,8.396807,10.998915,12.392964,14.655093,15.435849
臺北市北投區中央北路四段１３８巷７號三樓,25.1338879834553,121.475742040889,15.130001,13.539529,10.44449,10.934376,12.74934,14.822178,17.928745
臺北市北投區中山北路七段２１９巷３弄１２１號二樓,25.1276529790497,121.530046966639,15.38,17.707102,12.072531,14.616294,19.201868,20.540049,25.595715
臺北市北投區中山北路七段２１９巷３弄２８０號七樓之３,25.1329635852636,121.530660270495,25.3,22.330181,18.633524,20.786999,21.314356,23.939047,27.063623
臺北市北投區中山北路七段２１９巷３弄４５號二樓,25.1272268850017,121.530575361816,20.599998,19.32387,12.614079,15.885926,19.901009,23.41407,24.138155
臺北市北投區中山路３號二十四樓之１,25.1370449853768,121.505194959,19.079998,19.528425,13.310157,13.845146,14.178879,17.131,19.583132
臺北市北投區中山路４７號七樓之１,25.1387629821611,121.511685988638,3.3600001,3.1213648,1.2966214,1.8041397,3.2071757,4.6168127,7.2465763
臺北市北投區光明路２２６號十樓之２,25.1360010193363,121.505464018092,13.799999,13.602779,8.924402,9.150487,12.082758,15.387927,16.457287
臺北市北投區光明路２４０之１２號六樓,25.1363300090359,121.507820003437,8.5,7.3287926,3.379148,6.2976575,6.994711,7.488222,9.328257
臺北市北投區光明路２４６號四樓之１,25.1364960126283,121.508296011718,23.799997,20.057907,11.981542,16.076824,18.24419,20.8144,22.467602
臺北市北投區光明路６８號三樓之１,25.1327677001864,121.500225663884,23.1,19.1441,13.949307,16.242891,19.15744,21.782936,25.049534
臺北市北投區公路１５３號三樓,25.1323027,121.5026806,13.550002,16.142996,10.506986,14.117326,16.01782,18.458035,18.815844
臺北市北投區吉利街２５７巷４弄３號四樓,25.1190329879145,121.510766996774,26.810001,27.917618,21.977753,24.079908,28.054287,33.4208,34.306885
臺北市北投區大同街１８０號,25.1365090045782,121.499143979279,12.24,12.917078,7.984455,9.627496,12.205455,15.205168,16.637594
臺北市北投區大度路三段２９９號十一樓之２,25.1229599933713,121.466490012345,12.600001,9.038655,6.10848,9.197965,10.897923,12.503784,12.858442
臺北市北投區大業路２８０巷３５弄３之１號二樓,25.128005018983,121.499717972008,11.000001,12.231703,8.055363,10.474523,13.390201,14.110239,16.094685
臺北市北投區大業路４６２之７號,25.1319189905803,121.496280972611,27.400003,23.11477,16.228724,19.99448,27.720127,30.999636,31.955994
臺北市北投區天母北路１０５巷１５弄１號八樓之２,25.124067997152,121.527441032942,7.7999997,9.33848,5.451852,5.552246,7.979964,9.611066,10.779542
臺北市北投區奇岩路７９號,25.1321540191454,121.506851977439,31.500004,33.725765,25.072727,30.756481,32.14984,34.145557,44.99322
臺北市北投區尊賢街２４９巷２６號,25.1172980177763,121.505474998385,22.000002,17.455078,13.513446,14.391755,18.67357,24.15384,26.58138
臺北市北投區崗山路８巷１６號六樓,25.1409519999944,121.48664698074,22.000002,20.853033,19.593853,20.906649,21.675797,25.24311,26.791561
臺北市北投區幽雅路７號七樓之１７,25.1372959814674,121.513110995997,13.7699995,16.26887,13.359207,15.463332,17.578249,18.1488,21.808025
臺北市北投區幽雅路７號十一樓之１,25.1372959814674,121.513110995997,12.999999,11.886636,8.12886,10.383588,13.775263,16.579153,17.676226
臺北市北投區懷德街６７號二樓,25.1132780151038,121.51952197846,15.800001,17.765118,15.294952,15.982162,17.911163,19.123714,22.859026
臺北市北投區懷德街７５巷１１號四樓,25.1133840042694,121.519328021221,26.680002,28.847782,23.702463,25.269876,27.600792,30.070831,32.970993
臺北市北投區文林北路２４４巷３４號,25.1089749974706,121.514324025025,11.2,14.308402,8.931625,10.487586,13.434176,17.718262,17.736078
臺北市北投區新興路１５８巷１５號四樓,25.1389060193388,121.486065025202,12.999999,9.594437,7.685825,11.508768,12.0814905,13.633785,16.863724
臺北市北投區東華街一段３６４號三樓,25.109777019876,121.519212015681,28.250002,21.788347,18.134924,21.545584,22.709099,24.760733,25.778341
臺北市北投區永興路一段５４號四樓,25.1394969854222,121.500737965806,3.0,1.7965875,0.74349165,1.0205877,1.6249914,4.4043446,6.264072
臺北市北投區泉源路４８號三樓,25.1409419836201,121.509109978336,9.0,8.276996,4.2874837,6.4525194,7.728984,10.074534,10.662878
臺北市北投區清江路２４５巷５號二樓,25.1261140197172,121.501931967913,6.8,6.9957585,4.7895794,6.242591,7.896473,8.429434,10.296017
臺北市北投區溫泉路１３９號六樓之２０,25.1399579900969,121.51205898333,6.2999997,7.6167245,4.480249,6.5892177,7.409308,8.475878,10.36538
臺北市北投區溫泉路１３９號四樓之１９,25.1399579900969,121.51205898333,6.8,7.74468,3.843175,6.4058003,8.382734,8.720479,10.531855
臺北市北投區溫泉路３７巷２８號二樓,25.1338430145447,121.503422018841,10.1,11.020677,10.546612,11.0635,11.11233,14.225145,14.542763
臺北市北投區溫泉路３７巷２８號五樓,25.1338430145447,121.503422018841,8.199999,8.049891,5.1646047,7.796868,7.8020654,9.359529,11.762816
臺北市北投區溫泉路６５巷１０號五樓之５,25.1355190179942,121.504398007646,15.680001,13.315379,10.937335,12.85895,12.970971,15.873205,17.38793
臺北市北投區溫泉路６８巷１０號三樓,25.1346939872646,121.505750008629,17.88,25.577465,17.90451,23.990633,27.017395,29.98798,33.171436
臺北市北投區知行路２９３巷１６號六樓之８,25.1221691188971,121.466523539958,16.100002,16.209095,11.254524,14.013084,17.019096,19.182594,19.888449
臺北市北投區知行路３１６巷２２弄１５號二樓,25.1217610040315,121.468784977435,20.430002,15.765601,11.718338,13.6143875,17.775965,17.965395,20.232656
臺北市北投區石牌路一段３９巷１３１弄２０號五樓,25.1181303381263,121.508989636287,44.599995,39.20077,30.908587,37.809296,42.931053,43.43475,49.289227
臺北市北投區石牌路二段３１５巷２號三樓之１,25.1219824601861,121.522974873173,10.879999,9.07068,3.6205907,7.0337424,8.166967,9.407144,10.916638
臺北市北投區稻香路２４５號四樓,25.1439814538736,121.488132465533,25.55,25.873243,18.692776,23.692076,26.016212,26.21905,29.709074
臺北市北投區稻香路２４７號三樓,25.1439814538736,121.488132465533,26.099997,25.60172,20.52033,21.383833,27.841537,29.249903,29.722443
臺北市北投區稻香路２５３號二樓,25.1439814538736,121.488132465533,27.450003,25.40388,18.259892,23.08118,24.64194,25.521618,29.865927
臺北市北投區立農街一段２２巷２弄２號三樓,25.1192850883425,121.503212712482,16.2,10.1114235,6.3740516,9.583191,10.52247,13.024526,14.351005
臺北市北投區自強街１２０巷１５弄１７號四樓,25.1106859953658,121.516558975688,16.0,16.32125,15.094079,16.57654,18.15275,19.105062,19.751024
臺北市北投區自強街１７５號五樓之２,25.1113309828152,121.517178985065,13.500001,16.877516,15.305076,16.45347,19.889292,22.529337,23.543947
臺北市北投區自強街５巷６１號,25.1110369875613,121.511890004162,28.999998,30.64857,19.248337,30.676321,33.612022,33.74581,35.819805
臺北市北投區自強街５１號五樓,25.1104479912251,121.513466975425,14.100001,14.516214,11.332906,12.781034,14.447392,16.797802,19.302877
臺北市北投區行義路１５４巷１９弄１號五樓,25.1306519820963,121.529657962513,14.150001,19.405872,14.639965,17.145674,19.708317,20.56368,22.358196
臺北市北投區行義路１７巷３號,25.125066994282,121.526150974224,24.499996,16.903566,12.936965,15.236721,19.121485,24.100569,25.135784
臺北市北投區行義路１８６巷５２號四樓,25.133369981839,121.530513000456,10.500002,11.850308,7.228428,9.432293,10.991192,11.30738,14.220353
臺北市北投區裕民六路１１４巷３６弄５號三樓,25.1140760141956,121.518754028491,23.1,20.759243,16.136263,18.675678,21.074877,23.145172,25.899282
臺北市北投區西安街一段２８１巷９號二樓,25.1116479863933,121.516458979583,18.0,20.380434,15.521443,17.892408,19.027525,21.004128,22.980787
臺北市北投區西安街二段８９號二樓,25.1176690008108,121.512952997122,18.0,15.302728,11.859845,13.934505,16.568617,18.800303,19.94252
臺北市北投區長壽路２７之２號六樓,25.1427950128647,121.503603989959,14.299999,15.20176,12.287779,13.886579,16.365244,19.212456,20.100594
臺北市南港區三重路４１巷３７號七樓之１,25.0604011141976,121.612809710956,54.879997,37.76634,26.867281,38.07322,42.85745,53.310223,57.990234
臺北市南港區同德路７７號七樓,25.0459723803429,121.585288067155,26.799997,25.399063,18.558218,23.515505,26.515154,30.867252,34.151398
臺北市南港區市民大道八段５２５號三樓,25.0543576327452,121.613894307124,13.320634,17.018318,11.906005,13.834548,14.060155,17.298666,18.333212
臺北市南港區市民大道八段５２９號三樓,25.0543576327452,121.613894307124,21.820002,24.239674,16.666206,20.56495,21.54791,23.719769,24.397411
臺北市南港區市民大道八段５２９號二樓,25.0543576327452,121.613894307124,24.05,27.571695,20.142004,25.573668,26.59674,32.27107,35.853794
臺北市南港區忠孝東路六段２９８號三樓,25.049204987031,121.589690997074,25.0,15.26305,12.0942955,12.841387,15.804293,17.412823,20.811193
臺北市南港區成福路７４巷８號二樓之６,25.0439833966289,121.586269001284,37.999996,33.11049,22.589458,28.776379,34.651318,39.56139,46.330353
臺北市南港區東新街１２２號四樓,25.0464431918442,121.588552315528,32.679996,26.896988,20.144966,22.252542,25.385578,28.582047,32.003918
臺北市南港區東新街１２６號三樓,25.0464418926493,121.58864040933,40.999996,30.500286,23.07401,27.12622,30.121758,35.843224,39.551666
臺北市南港區東新街１８０巷６號,25.0463049313177,121.593413372501,42.000008,34.573658,26.999294,28.762012,31.391943,39.49242,40.574345
臺北市南港區東明街１２７號十樓,25.055036989532,121.599807032198,46.799995,39.99076,13.668571,35.819412,36.458157,46.500927,52.965603
臺北市南港區玉成街１４０巷１弄１號三樓,25.0447590160392,121.583500961579,12.249998,16.263165,10.609243,14.535006,16.338428,19.12567,20.491707
臺北市南港區研究院路三段１８巷８號七樓,25.0353279919528,121.615066035471,27.000002,25.034296,20.560562,24.269302,29.508682,29.579905,33.975697
臺北市南港區研究院路二段１８２巷７９弄６號三樓,25.0368470023558,121.613677992306,14.0,15.754652,12.66858,13.499251,15.644302,17.070473,20.40517
臺北市南港區研究院路二段２巷５４弄１號四樓,25.04867701095,121.612923034287,16.800001,23.220022,15.933998,17.451265,21.385841,21.764217,25.797258
臺北市南港區福德街３５３號二樓,25.0395179796217,121.58896596245,17.0,12.217678,9.721171,12.452081,14.08723,16.236685,18.12477
臺北市南港區福德街３８１號十六樓,25.0407532206926,121.591060935329,14.0,15.615444,12.526346,13.597761,14.627598,16.049923,18.900885
臺北市南港區經貿二路２３５巷３８號二樓,25.0614281907032,121.615102664388,28.0,19.635147,14.921817,18.285177,21.986254,24.4046,32.64119
臺北市南港區經貿二路２４５號六樓之２,25.0604508463171,121.614754855958,22.7,22.662746,16.004597,19.218792,20.538727,23.567705,25.284044
臺北市南港區重陽路１２５巷３６弄１０號五樓之６,25.0575239840232,121.597146029397,15.699999,15.081032,7.031159,13.0605545,14.571351,17.923262,19.53276
臺北市南港區重陽路１２５巷３６弄４６號六樓之１,25.0571449962711,121.596402638404,42.58,34.69037,23.476278,30.267967,33.23655,40.37382,40.379833
臺北市南港區重陽路３３２號十樓,25.0579429953629,121.606409960243,11.439998,15.349287,10.514989,10.990977,13.11485,15.745282,16.962873
臺北市南港區重陽路３７８號六樓,25.0590040185763,121.610032032062,32.88,23.010885,15.220409,23.006502,25.469467,29.554392,30.819397
臺北市南港區重陽路４９１號二樓,25.0610909867385,121.612035977474,28.500002,28.933847,22.116316,24.510956,29.016016,33.498043,38.23946
臺北市士林區中山北路七段１００巷６號三樓,25.1215939946108,121.532451986118,5.1,6.2237825,1.2834953,4.156235,5.7522545,7.1829004,9.245188
臺北市士林區中山北路七段１４巷１５號七樓之４,25.1188549982006,121.53192803335,28.500002,19.025696,13.127521,16.07151,21.95943,25.353374,25.994513
臺北市士林區中山北路七段１９０巷８之５號,25.1249390026205,121.533347005739,25.38,19.39258,11.098239,15.635752,22.419165,24.12874,31.369572
臺北市士林區中山北路七段８１巷１１號十二樓,25.1217157836639,121.529987287489,69.8,45.431843,15.590171,61.166855,87.93826,94.378845,99.63255
臺北市士林區中山北路六段２７７巷１８弄３號四樓,25.1100299857138,121.524177036027,18.499996,15.467953,14.2531595,16.468615,17.360428,20.134998,21.590254
臺北市士林區中山北路六段４４１巷３０號九樓之３,25.1166099892541,121.526995031874,64.680016,57.06821,35.99458,39.026516,55.55998,65.48426,68.83477
臺北市士林區中山北路六段４４１巷３０號二樓,25.1166099892541,121.526995031874,61.859993,56.845417,33.703026,39.563297,60.665623,68.600784,73.38592
臺北市士林區中山北路六段４４１巷３０號六樓之３,25.1166099892541,121.526995031874,60.90001,59.550148,31.014841,38.98104,58.110397,60.318047,73.8497
臺北市士林區中山北路六段４４１巷３０號四樓之３,25.1166099892541,121.526995031874,61.17001,54.004173,35.92011,47.870556,52.421143,58.50227,72.29532
臺北市士林區中正路６３４號四樓,25.0867389818126,121.508321995618,10.75,12.633756,9.498318,11.385385,13.382335,15.130992,15.611935
臺北市士林區中社路一段５２號四樓,25.1081660180856,121.559782019611,10.249999,10.139447,5.750364,9.292207,11.149936,11.802347,13.637656
臺北市士林區中社路二段１７巷１５號,25.1082629967054,121.562801013497,17.0,12.353452,8.350412,13.178631,16.007235,16.79966,20.444157
臺北市士林區仰德大道一段９１巷７弄１號,25.1073759818018,121.538737994404,43.799995,19.345993,10.143122,10.196256,16.275454,16.371399,27.018759
臺北市士林區前街４３巷５號,25.0977479829908,121.52552199621,12.0,5.680308,2.57401,3.4957445,5.961637,6.418416,7.884787
臺北市士林區基河路３０２號十一樓,25.0924783118709,121.520552955591,60.830013,41.543423,28.969791,36.408417,37.777588,47.23472,51.51391
臺北市士林區士商路５號十一樓,25.0897599873551,121.521100039371,45.879997,39.941814,25.415451,32.239502,37.882565,44.823666,52.462906
臺北市士林區士東路２６６巷６弄１６號六樓,25.1125160162861,121.536148992151,27.980001,20.697016,14.9914875,17.323465,21.512014,24.136118,24.979433
臺北市士林區士東路４６巷３７號二樓,25.1108750072824,121.528131031212,25.599998,30.957575,20.01287,25.271505,25.973583,30.118008,30.169363
臺北市士林區大南路２７５號三樓,25.0886570127162,121.51935400512,13.500001,13.718425,8.04764,11.655051,13.250297,16.427187,19.575443
臺北市士林區天母北路９巷１０號七樓,25.1191446290543,121.527102445968,39.1,31.833853,28.36596,30.37564,36.21906,38.49106,42.03183
臺北市士林區天母東路８巷２１號二樓之１,25.1172111605897,121.532446289622,24.499996,21.288916,15.704114,21.06283,23.653751,26.084072,33.811005
臺北市士林區天母西路３８巷９號五樓,25.1181025195495,121.526111276256,50.0,47.507694,31.011248,33.055172,41.28511,47.09759,52.620705
臺北市士林區天母西路４１巷２號二樓之６,25.1187250896635,121.527417605595,12.799999,10.258774,5.0435677,11.278656,11.4440975,13.779524,14.633235
臺北市士林區天玉街１３之１號七樓,25.1205740008133,121.527303988825,68.0,60.747345,54.331303,58.582638,60.127823,64.2315,85.85825
臺北市士林區天玉街３９巷４號二樓,25.1215310046084,121.529183965888,37.999996,37.82937,22.481213,30.565132,36.47024,40.37059,46.252773
臺北市士林區延平北路五段２１８號三樓,25.0839810003918,121.510113040689,20.09,18.83795,11.054752,14.807664,18.953611,22.282495,26.215673
臺北市士林區德行東路１０９巷１１２號二樓,25.1114119939094,121.528953966465,34.5,29.694891,29.671133,29.693615,32.679523,33.145664,40.202984
臺北市士林區德行東路２８４巷７號四樓,25.1097639860165,121.536345966876,11.000001,19.86047,15.118433,16.077013,19.641495,20.184769,20.428162
臺北市士林區德行東路２９號二樓,25.1069790148674,121.526065981726,18.0,17.061401,11.537165,14.042313,15.662917,18.646082,18.810946
臺北市士林區德行東路３１號三樓,25.1077641981259,121.528684159972,20.679998,22.690775,13.893199,18.128544,19.895447,25.044601,25.970322
臺北市士林區承德路四段１巷１７號九樓,25.07837501591,121.521978965738,16.0,20.217463,12.921669,15.016672,20.50054,20.703194,23.208427
臺北市士林區承德路四段４０巷１號二樓之３,25.0810079812449,121.522211982646,3.39,4.6794047,3.8650846,4.3482976,6.400541,8.786173,9.040658
臺北市士林區承德路四段４０巷１３７號五樓之１３,25.0818830100269,121.520219017528,5.0000005,4.776119,3.4128616,3.7556112,5.8079104,6.4394455,6.5046105
臺北市士林區承德路四段４０巷２號二樓之５,25.0807840167921,121.522127995976,2.7,4.6529245,2.0533824,2.9496422,3.9059608,5.9522605,7.952625
臺北市士林區承德路四段５８巷３８號四樓,25.0822720141533,121.52124898579,16.0,16.555445,10.821951,13.87027,17.724203,18.944199,21.02279
臺北市士林區承德路四段８０巷４１號,25.0826250180055,121.521972008758,18.999998,15.67312,6.2408843,12.552802,13.927879,19.825472,24.454004
臺北市士林區東山路１２０巷５號五樓,25.1126880129393,121.539115012409,18.75,14.901161,11.024738,13.400638,14.588075,15.930857,17.907803
臺北市士林區海光里３１鄰延平北路五段３３號,25.0797589938528,121.510867998708,29.399998,12.571167,6.5337214,9.778119,13.396842,15.201525,19.545534
臺北市士林區環河北路三段２０３號四樓之２,25.0878969836458,121.504199021265,24.900002,26.149334,21.511877,22.83245,27.356888,29.646433,31.655628
臺北市士林區社中街１５２巷３２之１號,25.0902960100632,121.510674041468,9.38,8.462456,4.058124,5.990019,7.962067,9.397814,9.877419
臺北市士林區社中街２９８巷４弄２７之１號二樓,25.0925620156771,121.507007964657,10.8,11.620629,9.193701,9.82939,11.44105,12.920953,14.636479
臺北市士林區社子街１０７巷４號,25.0879696590181,121.505374340193,3.8,14.376243,8.419578,11.110581,12.902204,14.310931,19.934177
臺北市士林區社子街２５巷３弄１０號,25.0881835365095,121.508071034907,14.58,10.573028,6.7142873,9.090483,11.289951,12.198758,13.336716
臺北市士林區社子街６３巷１１號五樓,25.0879505421418,121.506952371673,12.5,15.352667,9.989983,14.4111805,15.387164,16.70858,18.524002
臺北市士林區福港街２２１號四樓,25.0850020000176,121.517682988903,17.0,15.877202,13.929442,14.969655,16.82511,17.923645,19.235327
臺北市士林區福港街２７７巷１０弄１號三樓,25.0833049999007,121.518587982989,19.900002,19.027117,14.678355,15.7924185,17.20361,18.681236,20.226452
臺北市士林區福華路１２８巷１２號五樓,25.1028919988791,121.52322099615,18.180002,12.096078,8.080628,9.718392,11.544045,17.324194,17.45333
臺北市士林區福華路１５８號七樓之１,25.1037560054584,121.522679022291,43.0,28.14153,22.430859,27.1678,30.696367,36.944145,40.974648
臺北市士林區福華路２８３號五樓,25.1054250938378,121.521408493408,24.0,18.835896,15.301915,19.300955,20.994,23.31829,23.559624
臺北市士林區芝玉路一段１９７巷２５弄１０號二樓,25.1067700121118,121.533712037622,12.5,10.173289,6.803239,10.244228,11.919862,13.436185,17.228693
臺北市士林區芝玉路二段８４巷２號十一樓,25.1121770102122,121.535183983638,46.799995,36.86582,24.501488,30.112093,39.954464,40.98747,48.269222
臺北市士林區華齡街１８號三樓,25.0830280199102,121.51957998123,16.800001,14.671249,12.361711,13.077389,15.313788,15.344586,17.315506
臺北市士林區葫蘆街９０號二樓,25.0819789828183,121.508318978133,12.5,11.572045,7.113207,10.075827,11.627837,13.214621,15.129726
臺北市士林區通河街２１號三樓,25.0800650171377,121.523313029447,26.880001,27.698195,23.479649,25.276752,27.0868,30.867966,33.675526
臺北市士林區通河街３２５巷２之１號,25.0815127813637,121.517765802107,2.0,4.3231473,1.6734427,2.3414412,3.0746331,5.326381,7.393771
臺北市士林區通河街３２５巷６６之３號,25.0820490136193,121.518483209199,5.4,3.993725,2.6574152,3.091784,4.232439,5.6603007,6.934857
臺北市士林區通河西街二段１１７號四樓,25.0929350103684,121.507168981017,13.500001,11.460334,9.322637,9.43727,10.775852,12.326037,13.5946245
臺北市士林區重慶北路四段２２０巷２１弄３１號四樓,25.0866640056887,121.511677020002,3.1999998,8.7754545,5.0355096,8.00485,9.065187,9.203995,11.717649
臺北市士林區重慶北路四段２２２號十二樓之１,25.0858688983535,121.511467975337,20.799997,19.655132,14.896713,17.313223,17.768341,20.878448,24.100298
臺北市士林區重慶北路四段７０號,25.0819099997552,121.513090041239,41.579994,46.37246,5.061986,37.888706,38.72881,45.868206,71.352
臺北市士林區雨農路１７之３號五樓,25.0976479868859,121.53206398782,37.5,28.81981,22.061598,28.910784,35.412464,38.75087,39.704838
臺北市士林區雨農路３２巷１６號二樓,25.0978450035201,121.533112983002,42.000008,38.844933,27.464193,33.59411,42.957806,44.018986,55.374367
臺北市大同區南京西路５７號十七樓之７,25.0530439825044,121.519385018162,38.499996,25.744228,19.23826,20.748291,23.405973,27.135668,33.73207
臺北市大同區哈密街５９巷７８弄１０號十樓之２,25.0756343012096,121.514850240906,28.500002,31.923796,22.52975,27.990845,30.092941,34.154465,39.23864
臺北市大同區大龍街６６號三樓,25.0653020129843,121.515915999895,11.88,10.873552,6.777399,9.591656,11.80846,13.610475,14.992771
臺北市大同區大龍街９１巷７號五樓之３,25.0673599797615,121.516516982353,12.0,17.033272,12.768416,13.160669,14.647461,18.812202,20.536142
臺北市大同區延平北路二段２７２巷４０號四樓,25.0620466913386,121.509982785913,14.0,15.107493,10.891556,13.677215,14.939434,18.594612,19.103203
臺北市大同區延平北路四段９９號二樓,25.0709660002361,121.511014011461,21.000004,23.203196,15.964083,20.7433,22.303268,25.11316,29.843315
臺北市大同區承德路一段８８號五樓之２,25.0530288950787,121.517427676133,13.860002,16.070486,12.909575,13.5751095,16.258856,19.03129,19.90226
臺北市大同區昌吉街１１０巷１２號三樓,25.0654450082525,121.514672041645,12.5,17.657232,12.4978285,14.942611,17.77393,18.592709,21.027672
臺北市大同區昌吉街１１０巷１２號二樓,25.0654450082525,121.514672041645,12.5,18.410849,12.804328,15.40335,18.341633,20.038763,21.872944
臺北市大同區民權西路１５３號五樓之１,25.0631450140211,121.516434001511,15.499998,13.863165,10.348517,11.451835,13.909644,15.673385,16.22024
臺北市大同區民權西路１５３號十五樓之３,25.0631450140211,121.516434001511,9.499999,12.1956005,8.7332325,10.768477,13.602061,14.129564,14.782513
臺北市大同區民權西路１５３號十樓之１,25.0631450140211,121.516434001511,14.899999,15.034634,11.493413,12.354921,15.326893,16.423061,18.569633
臺北市大同區民權西路１５３號十樓之１０,25.0631450140211,121.516434001511,14.11,14.883129,12.069684,12.571024,13.875082,16.253986,16.928839
臺北市大同區民權西路１５３號十樓之１１,25.0631450140211,121.516434001511,31.149998,26.563889,22.037985,24.365534,27.89475,33.523018,37.614006
臺北市大同區民權西路１５３號十樓之２,25.0631450140211,121.516434001511,14.899999,14.740067,11.679378,13.393755,15.782088,16.884811,18.9661
臺北市大同區民權西路１５３號十樓之５,25.0631450140211,121.516434001511,10.8,10.896889,8.913271,9.9517565,13.005992,13.672916,15.040485
臺北市大同區民權西路１５３號十樓之６,25.0631450140211,121.516434001511,27.800003,24.10405,17.222443,18.470425,21.929096,26.233618,28.55306
臺北市大同區民權西路２６８號四樓之１,25.0627309899138,121.512017995823,11.3,13.182172,10.0119,11.76714,12.73304,13.499171,15.626343
臺北市大同區民權西路３００號十樓之２,25.0628389907362,121.510493076178,23.799997,27.6259,16.308641,20.551065,23.383472,26.294683,28.704659
臺北市大同區環河北路二段３８３號五樓,25.0775473867904,121.509350790414,12.699999,12.024928,7.974427,9.074443,12.39406,12.975434,15.486508
臺北市大同區華亭街１號八樓之８,25.0519430195223,121.513348958228,23.58,21.32082,16.506353,17.071728,21.555368,23.201708,27.104454
臺北市大同區華亭街３６號三樓之８,25.0534890196535,121.513073025976,5.16,8.829132,6.5073633,6.518237,8.383766,10.977684,11.011858
臺北市大同區迪化街二段２７０號二樓之２,25.0706890202457,121.511582975048,11.000001,10.685344,8.118739,10.373445,12.412004,13.506717,14.989233
臺北市大同區重慶北路三段１３６巷４１號二樓,25.0677499897162,121.512428038527,16.399998,15.504216,12.4444895,13.292018,15.905489,19.05894,19.898043
臺北市大同區重慶北路三段２０３之３號八樓之８,25.0697139953588,121.514059995075,20.4,17.2138,12.950743,15.76466,16.145525,19.67466,21.516108
臺北市大同區重慶北路三段２２３巷２３弄８號四樓,25.0708939996878,121.515044030508,11.179999,10.221149,8.0587845,10.058773,11.426366,13.543611,15.206959
臺北市大同區重慶北路三段８８號六樓之１,25.066426990119,121.513462030102,29.199997,23.734352,20.958141,23.117704,25.406137,29.502287,33.159252
臺北市大同區雙連街４３之３號,25.0589900207981,121.519037001542,15.000002,10.449471,8.296429,9.47772,10.713006,13.199575,15.043848
臺北市大安區仁愛路四段３００巷１９弄２號六樓,25.0361479935405,121.554552969315,42.18,38.387463,31.767649,33.09676,39.114735,50.123737,54.34047
臺北市大安區仁愛路四段３１４號三樓之４,25.0373370084154,121.555269035304,69.0,58.65165,37.372135,48.777504,54.27007,80.65148,83.08449
臺北市大安區仁愛路四段４１３之１號五樓,25.0380016095182,121.556185177321,22.799997,39.923714,31.566051,37.534817,43.41076,46.39608,52.085983
臺北市大安區信義路三段１６６巷６弄１１之２號,25.0328850024533,121.541289026635,55.999992,36.543396,27.560066,39.58875,43.932915,51.44559,57.776325
臺北市大安區信義路四段６０之３８號五樓,25.0331901791885,121.545718535539,11.2,8.588913,3.3236852,5.9631314,8.317978,10.95064,11.480081
臺北市大安區光復南路３０８巷２５號五樓,25.0387830124417,121.556471000219,49.980003,47.93198,31.809166,37.26723,48.5133,53.494137,67.31817
臺北市大安區光復南路６２０號十二樓,25.0320310122483,121.55726996323,52.679996,33.77191,24.082716,32.464794,32.599247,39.65104,43.28021
臺北市大安區八德路二段１０巷７號二樓,25.0442789844443,121.534470013126,25.3,24.737288,17.550188,23.433222,26.532728,30.39583,31.391195
臺北市大安區和平東路三段１巷７２弄７號九樓,25.0279320101384,121.546254968991,23.720001,20.835089,23.13837,23.522043,25.762247,29.310074,31.727646
臺北市大安區和平東路三段３０８巷３９弄１４號二樓,25.0189409940592,121.555640018338,15.584999,19.5231,15.282668,18.622341,18.984182,21.002445,23.720152
臺北市大安區和平東路三段３４６巷５弄４號三樓,25.0190679798923,121.557574980686,8.199999,9.98644,5.6440644,8.89768,10.741272,12.369289,14.137194
臺北市大安區和平東路三段４０６巷３號,25.0185679993679,121.558053000624,38.999996,19.63458,13.028241,15.693686,18.25181,22.88607,27.806097
臺北市大安區和平東路三段８７號十二樓,25.0246279896352,121.550505012996,50.68,32.46572,33.22065,36.38236,38.65264,45.379765,48.37717
臺北市大安區和平東路二段１１８巷４弄２９號四樓,25.0241159810797,121.541646011892,36.66,31.292782,28.927158,29.07862,32.699646,36.575924,38.51623
臺北市大安區和平東路二段１７５巷２９號六樓之４,25.0266689830584,121.541939965236,18.499996,11.757629,8.497763,10.831176,14.361361,16.804884,17.447838
臺北市大安區和平東路二段１７５巷３５弄１號四樓之１,25.0268919835924,121.542007020461,8.0,6.813285,2.0154824,3.964197,6.179603,9.879888,10.680207
臺北市大安區和平東路二段１７７號七樓,25.0254409923337,121.541828988838,29.300003,26.600843,24.910908,25.320663,28.86399,31.458628,35.79443
臺北市大安區嘉興街３２３巷３號十四樓之２,25.0223743054189,121.553424765148,53.130005,49.552597,32.09502,48.114994,51.604153,60.960064,68.57024
臺北市大安區大安路一段１６巷４號四樓,25.044322989436,121.545980964576,37.3,31.822908,27.304203,29.034706,36.371033,46.411137,47.51962
臺北市大安區大安路一段１６巷８號六樓,25.0443739933168,121.545821037863,36.300007,31.87725,19.566769,23.416527,39.557747,41.032642,48.404408
臺北市大安區大安路一段２０２號二樓之１１,25.0349950208492,121.545864959036,21.279999,20.776762,14.171254,16.529926,18.624992,18.840464,24.324116
臺北市大安區大安路二段１２２巷２１號三樓,25.0304226088479,121.545328684871,49.879993,33.26785,24.959957,30.055859,37.17928,43.40116,46.772564
臺北市大安區大安路二段３巷５３號十二樓,25.0314340950136,121.546810521533,80.00001,74.5129,42.334156,69.83706,82.469604,101.698364,119.662834
臺北市大安區富陽街１５２巷７號二樓,25.0182260177183,121.556493966634,11.000001,24.765396,20.9127,20.96046,24.22916,25.191315,28.060509
臺北市大安區市民大道四段６８巷３號四樓,25.0446730177126,121.547400020783,22.071999,25.543598,22.628391,24.76709,26.773476,27.214212,33.00729
臺北市大安區師大路１０５巷１８號三樓之３,25.0224020076089,121.529096039724,30.5,24.319794,20.247404,23.538834,25.723454,30.0811,32.577732
臺北市大安區延吉街１３１巷９號四樓,25.0427390192834,121.554753967354,42.000008,45.87154,30.718967,37.50993,44.817852,50.97117,55.172867
臺北市大安區復興南路一段１３７號十六樓,25.0423899968352,121.544030998621,45.899994,42.902935,30.044668,34.559704,44.817863,56.6197,63.47101
臺北市大安區復興南路一段７６號十五樓之３,25.0438890163991,121.543592960361,34.600002,36.683914,27.53283,30.886086,35.991966,46.121235,53.26188
臺北市大安區忠孝東路三段２５１巷１４弄１０號二樓,25.0438652956131,121.541180900084,72.80201,12.2871,0.8873981,160.99068,269.1514,364.25244,381.21487
臺北市大安區忠孝東路四段２１６巷１９弄６號六樓,25.0402360153572,121.55344798302,39.200005,38.834114,23.804987,27.98071,40.949863,47.034416,47.962902
臺北市大安區敦化南路一段１８７巷３７號五樓之５,25.0426450162393,121.551222000993,45.879997,44.329338,29.240942,37.872204,54.31778,67.82756,68.2765
臺北市大安區敦化南路一段２３３巷３１號五樓之７,25.040514001176,121.551042963542,15.680001,19.068707,10.380199,15.200441,15.591053,18.353046,24.411573
臺北市大安區敦化南路一段２３３巷３１號四樓之１０,25.040514001176,121.551042963542,14.150001,16.54756,7.163056,12.992971,18.33897,20.289202,21.174711
臺北市大安區敦化南路一段２９５巷４６號七樓,25.0353712006637,121.551207416482,52.500008,40.74018,31.593668,34.861763,41.036095,50.93471,55.097393
臺北市大安區敦化南路二段４６號十四樓之１２,25.0312369945605,121.548311971849,30.000004,25.71978,21.713413,21.743736,24.886936,29.992455,33.0709
臺北市大安區新生南路一段１０３巷１２之１號二樓,25.0404549925777,121.53395201151,6.9999995,9.375116,3.7951481,6.6960626,9.684941,11.818668,15.730391
臺北市大安區新生南路一段１４５巷１６之２號,25.03566498637,121.5340290412,38.999996,32.325718,24.988762,31.016863,33.033497,35.0046,44.253845
臺北市大安區新生南路一段９７巷１號五樓之１,25.0412239902845,121.533298977433,66.420006,52.152897,40.794765,51.845486,53.446545,60.224037,64.89351
臺北市大安區新生南路一段９７巷３號六樓,25.0412070169305,121.534086960151,73.58,58.07225,42.684235,48.40134,57.46385,75.42697,84.75158
臺北市大安區新生南路三段２３號七樓,25.0246929912943,121.534947027236,35.499996,32.443367,24.94381,35.584995,35.791363,41.952133,45.61204
臺北市大安區新生南路三段４號七樓之２,25.0255349953778,121.534520975097,25.38,15.801475,8.115671,13.820092,19.78742,21.540428,25.662998
臺北市大安區新生南路三段７６巷９之３號,25.0191419920973,121.533097979395,36.0,33.03866,25.274017,29.334246,32.953865,37.034397,43.35988
臺北市大安區新生南路二段３０巷２５號三樓,25.0312639842887,121.530636968804,33.5,27.153631,21.068922,23.248312,29.00521,29.110107,32.021736
臺北市大安區泰順街４４巷２號二樓之１,25.0236269808484,121.531075007064,23.0,27.672327,18.42569,23.75446,27.503819,33.66623,35.773235
臺北市大安區溫州街１６巷８之２號五樓,25.0251879845863,121.532657007469,37.999996,33.606052,26.05137,30.788403,37.17737,41.455963,43.472862
臺北市大安區溫州街７４巷３弄６號六樓之３,25.0192219973631,121.532354001669,15.38,7.9690204,3.0440724,6.033926,9.337915,12.059136,14.8124485
臺北市大安區瑞安街２０８巷３９號二樓之１,25.029722007471,121.540653007822,17.0,21.848398,15.644709,21.758867,23.683348,24.755543,28.114649
臺北市大安區羅斯福路三段５７號三樓,25.0231972825821,121.52564579692,45.000004,39.624146,27.58464,34.63848,43.417988,52.20074,56.04832
臺北市大安區臥龍街２６７號四樓,25.0187659799209,121.555183036977,20.050003,19.231342,16.798058,18.22195,21.021412,21.49413,22.011381
臺北市大安區通化街１７６巷１０號六樓,25.0277549843433,121.552755973094,34.119995,33.995266,27.908964,28.863867,35.036957,36.764187,41.04444
臺北市大安區通化街２２５之３號,25.026133505174,121.553258300551,21.5,25.614992,21.541315,22.982786,25.548847,27.138105,31.446531
臺北市大安區通化街２６７巷５號六樓,25.0256080017544,121.552549023904,45.000004,42.914963,32.52743,40.89196,43.79005,49.573853,60.824295
臺北市大安區金山南路二段１５９巷３９號五樓,25.0290579931014,121.527837999877,34.5,30.761484,22.573593,26.323557,30.997738,34.304234,34.89214
臺北市大安區金山南路二段１８５巷４號,25.0283290189823,121.526604016091,0.29999998,2.6048465,1.1085228,1.4032912,2.3008568,5.4898105,5.7733626
臺北市文山區一壽街２０巷１５號四樓,24.9797040060999,121.555630630607,14.0,13.132691,9.116182,11.05116,12.532321,14.297343,15.350357
臺北市文山區仙岩路１６巷７２弄４２號三樓,24.9960000184346,121.549907970033,17.200003,13.066236,11.8589,13.4266615,15.966969,17.151005,20.837002
臺北市文山區光輝路１１２巷５弄６號十樓,24.9845849978666,121.557432991246,13.799999,20.966873,15.601839,16.518126,23.020155,24.256165,28.825993
臺北市文山區和平東路四段６５巷２７弄１６之２號,25.0079050031527,121.566944020599,27.000002,25.570114,22.009142,22.452866,27.635424,30.739319,31.44483
臺北市文山區和平東路四段６５巷７７弄１９號,25.0068190018678,121.569666965664,24.499996,22.68378,19.807669,21.13174,23.888964,27.660091,33.55905
臺北市文山區富山路１６之２、１６之３號,24.9891390115903,121.554073524454,31.500004,29.481201,18.57519,21.784666,28.003994,31.633322,36.862877
臺北市文山區忠順街二段８５巷１弄３３號四樓,24.9852869822575,121.564465994744,19.93,25.834833,18.649696,21.670958,23.51913,27.434948,28.50157
臺北市文山區指南路二段４５巷１４弄５號三樓之８,24.9890600121529,121.574829966563,8.1,8.280142,4.0302153,6.2919855,8.499631,9.881588,10.511665
臺北市文山區指南路二段４５巷２４弄２２號五樓,24.9893447286528,121.574420117215,15.879999,12.501819,10.86966,13.385018,14.529133,16.438946,19.626797
臺北市文山區政大二街１０９號,24.9881550180671,121.583745964609,36.5,32.13252,16.755627,35.805103,37.55543,51.856323,53.76677
臺北市文山區新光路一段３２巷４弄３號二樓之２,24.9894340126726,121.573129026952,13.6,18.380112,12.275938,14.205606,18.478165,19.673811,20.074266
臺北市文山區新光路一段９５巷１９號四樓,24.9912289972376,121.574427970487,15.499998,11.437026,9.957319,12.392577,13.953602,16.001444,16.662678
臺北市文山區新光路一段９５巷２２號二樓,24.991152009457,121.574703986558,16.300001,14.738385,12.30889,14.484886,15.631167,17.782967,19.658297
臺北市文山區景福街１９７號,24.9946750071806,121.537829982833,25.599998,18.614927,16.453222,18.323647,20.653183,24.38724,31.00319
臺北市文山區景興路２６２號十三樓之３,24.9899987014895,121.542635076466,7.58,9.73078,6.9082003,7.2394814,10.062155,10.58916,11.091214
臺北市文山區景興路３９之２號三樓,24.9973609880532,121.544881007422,21.8,19.59143,17.560211,18.058369,18.854626,20.578634,21.923874
臺北市文山區景興路９６巷３４號四樓,24.9947309982938,121.542873960707,20.1,20.356739,14.875589,16.544144,20.552187,23.52458,23.677578
臺北市文山區景華街１１４號三樓,24.9954088008941,121.54644113106,16.649998,13.275833,12.078234,13.39448,15.077639,16.473394,19.238894
臺北市文山區景華街１２８巷３弄１３號,24.9959190073404,121.54753798691,18.999998,17.60649,13.664022,14.511118,17.712543,19.557152,22.485731
臺北市文山區景華街３０號,24.9948630132689,121.542712022337,24.0,20.689674,13.993007,17.873875,20.993338,23.20897,26.671545
臺北市文山區木新路三段２２４號四樓,24.9815349909391,121.55924197359,12.5,13.8859825,9.09024,12.409176,13.274277,16.786345,17.189716
臺北市文山區木新路二段１１１巷１２弄２之１號四樓,24.9836329813039,121.570226960615,10.399999,7.841777,5.100851,7.7504115,7.927495,12.275483,12.985009
臺北市文山區木新路二段１１１巷１２弄２８號四樓,24.9832990043719,121.569309980408,16.42,14.816227,13.457679,16.335762,16.431713,17.687368,18.660105
臺北市文山區木新路二段２９９巷７弄２號三樓,24.9823559983551,121.565855965747,12.999999,14.300325,11.8359585,11.878315,14.799875,17.492573,18.7932
臺北市文山區木新路二段３號五樓,24.9875949812064,121.570825009407,15.523202,9.283655,6.7048726,9.510412,9.843113,13.376669,13.900898
臺北市文山區木柵路一段３３５巷１１弄９號二樓,24.9889253987879,121.556770317981,14.0,10.381689,9.419521,11.27288,13.22787,14.226808,16.551394
臺北市文山區木柵路三段８５巷８弄３號四樓之２,24.9895679973949,121.567269992813,25.56,20.67919,15.866959,19.715199,23.137333,24.536362,29.670094
臺北市文山區汀州路四段２５１號九樓,25.0019049854027,121.536162235558,34.5,39.03678,32.470722,33.38186,42.019505,43.99492,51.89326
臺北市文山區汀州路四段２５５號四樓,25.0017746887178,121.536281174764,17.0,15.178687,11.758253,14.458042,16.420538,17.432898,18.332855
臺北市文山區福興路１０８之４號四樓,25.0066680018821,121.54918796455,8.0,13.558675,10.9071665,12.055109,13.460306,14.982095,16.655743
臺北市文山區福興路１９號二樓,25.0025870208641,121.551467004023,11.000001,10.167928,6.178024,9.235932,10.741434,13.41819,13.945602
臺北市文山區福興路３９號四樓,25.0029779947377,121.550820004917,15.280001,12.695525,8.286359,11.602582,13.087838,14.984573,15.430941
臺北市文山區福興路９０號五樓之１,25.0057449867044,121.549630026123,12.519999,10.70155,7.0650253,9.292841,11.367473,13.369141,13.793493
臺北市文山區羅斯福路五段２４５號十一樓之２,25.0014570145875,121.539348029317,12.65,12.183848,9.009193,10.7070265,12.283056,13.935501,17.197065
臺北市文山區羅斯福路六段１６６巷７號十二樓,24.9970249357525,121.541034125307,28.0,28.356123,23.729,23.973396,29.476599,33.670967,37.697052
臺北市文山區興德路２０巷２６號三樓,25.0010496824049,121.556192355871,10.8,9.402165,4.87095,7.4658837,9.638338,11.499731,12.24643
臺北市文山區興德路２０巷２８號六樓,25.0010496824049,121.556192355871,10.500002,9.884755,5.876837,8.205558,9.022133,10.524975,13.222865
臺北市文山區興隆路一段２５１巷２弄１號四樓,24.9995769956147,121.544647990514,12.5,13.683137,9.7535515,12.18883,14.929957,15.698019,17.034222
臺北市文山區興隆路一段２５１巷３弄７號二樓,24.9999919836409,121.544646984686,12.999999,16.383839,12.765579,14.007837,17.39826,18.717873,20.101727
臺北市文山區興隆路一段２７１巷４弄１號三樓,24.9992589862082,121.545169009615,12.15,10.908841,8.519616,9.397861,10.04045,12.685918,14.453421
臺北市文山區興隆路一段５５巷１３號四樓,25.0040284148436,121.54163318758,15.089997,17.881176,14.236539,18.055645,18.851603,19.873558,21.94926
臺北市文山區興隆路三段１８５巷５弄１２號,24.9959400040079,121.561314985883,15.199998,12.895996,11.39526,12.333352,14.446902,17.188076,18.95008
臺北市文山區興隆路三段１８５巷７弄１０號五樓,24.9958490184489,121.56171002498,12.5,12.601233,9.549045,11.757223,13.229509,14.400969,16.809233
臺北市文山區興隆路三段３３３號八樓,24.9915035045666,121.559068384375,37.3,32.76757,25.508848,30.17937,31.347782,33.53729,38.964375
臺北市文山區興隆路二段２１７巷８之４號二樓,25.0021818815741,121.549380832142,22.199997,22.346537,15.481685,17.14061,21.543667,22.564568,26.434057
臺北市文山區興隆路二段３０１巷２１弄１０號四樓,25.0026319897746,121.553301970266,24.0,24.299387,20.108952,23.648304,24.603258,29.576174,30.191021
臺北市文山區興隆路四段５８巷２６弄３號三樓,24.9857170157999,121.560190972667,18.68,16.767944,13.139868,14.203963,16.883472,18.6966,20.24234
臺北市文山區興隆路四段９６巷３弄２號三樓,24.9830410093921,121.561392015573,16.500002,17.163649,13.076928,14.50661,15.150605,15.859791,18.397844
臺北市文山區萬寧街１２５號四樓,25.003615019379,121.569452975676,16.300001,20.55521,17.768227,18.633682,21.801844,25.684185,26.50353
臺北市文山區萬寧街１３９號八樓之２,25.003399981653,121.570125036673,8.0,8.646378,5.035141,6.5841727,8.988742,9.43095,12.152287
臺北市文山區萬慶街１３巷１３號,24.9922793538459,121.539954833906,9.0,5.8981705,2.715112,4.005827,5.965579,8.633197,10.788522
臺北市文山區萬盛街５９號三樓,25.0058109941919,121.542212041813,19.360003,19.122757,15.68359,19.229073,20.881443,23.318354,25.187254
臺北市文山區萬盛街９２號三樓,25.0056180008713,121.540707993107,19.38,17.67899,14.013446,15.944018,20.07814,21.321714,21.558203
臺北市文山區萬美街二段２巷５號二樓之４,25.0035225767552,121.562943648454,5.0000005,16.529442,9.731001,14.369426,17.344137,19.243624,22.5249
臺北市文山區萬美街二段５５號二樓,25.0051766936691,121.564179333655,18.800001,25.723297,16.167852,22.114786,25.709908,29.700407,31.145157
臺北市文山區萬芳路２２號七樓之３,24.9958599987421,121.570455032201,23.549997,22.405561,17.88532,20.057415,22.771591,26.880795,27.900637
臺北市文山區萬隆街１３巷３號四樓,25.0000609136364,121.539049327903,19.56,17.89189,14.999611,15.808298,18.658962,21.328588,21.341192
臺北市文山區辛亥路七段５巷４弄１４號四樓,24.9870100081838,121.553283027165,11.48,10.124936,8.0419,9.50866,11.373787,12.70664,14.363901
臺北市文山區辛亥路五段１２４巷６號四樓,24.9970060144537,121.551573035098,12.799999,16.287647,15.205379,15.416799,17.262278,20.297817,21.61942
臺北市文山區辛亥路五段５５巷１２號四樓,24.998323984909,121.553630037957,15.449998,15.536531,14.559791,14.857311,17.371773,17.689425,19.769197
臺北市文山區辛亥路四段１２８之６號十二樓,25.0050715846033,121.55691498963,23.3489,27.967463,18.23859,23.322527,24.85161,27.266182,33.312614
臺北市文山區辛亥路四段２０９巷２２號二十二樓,25.002348010895,121.555666002238,23.0,24.350828,17.551954,19.833826,23.399645,26.78341,32.98385
臺北市文山區辛亥路四段７７巷１７號十一樓,25.0077594933136,121.560316617396,24.499996,27.685408,20.633238,26.610554,26.930893,29.130045,35.6875
臺北市文山區辛亥路四段７７巷８０號二樓,25.0085493200498,121.560490206611,25.800003,27.55744,21.138268,22.387877,26.3417,27.830692,28.407293
臺北市文山區辛亥路四段７７巷９２弄１１號十樓之９,25.0087574846152,121.561276010033,10.15,9.331643,6.2630024,7.6977835,10.100437,11.581089,13.357828
臺北市文山區辛亥路四段７７巷９２弄９號十四樓之１,25.0087788165588,121.561219432187,9.35,10.538689,7.0483937,8.30874,10.026668,11.6348915,11.890848
臺北市松山區三民路１１３巷１６號七樓之１,25.0580190192247,121.562317964417,10.420001,11.519949,6.434478,8.893867,10.180122,12.380554,13.098051
臺北市松山區三民路１５５巷１號三樓,25.0614139833774,121.562883994339,30.999996,25.16459,20.352589,25.462463,26.32463,26.795572,32.24077
臺北市松山區三民路１６７巷４號,25.0617120019448,121.562800007669,22.100002,17.853933,7.3869295,9.888564,15.005936,18.482826,23.395994
臺北市松山區三民路６８巷７號三樓之２,25.0553619978276,121.564943008854,30.880001,25.959614,23.645182,24.155096,29.72591,31.607738,35.56419
臺北市松山區五常街２８１巷９號三樓,25.0645960052799,121.544914032121,18.0,18.055422,14.333337,14.761255,17.230423,18.940506,19.443121
臺北市松山區健康路１６８之１號八樓,25.0535909855057,121.558344020303,30.199999,26.793615,21.505655,25.190998,29.456196,32.53411,36.995346
臺北市松山區健康路３５巷１３號七樓,25.0542459893293,121.554459008181,46.450005,42.65123,35.718544,40.84034,42.531162,47.526062,57.296974
臺北市松山區光復北路１６１巷１０號三樓,25.0557460147216,121.556078978607,28.079998,24.44409,20.09976,21.446098,23.602318,27.352028,28.310698
臺北市松山區光復北路１８４號三樓,25.0540527864611,121.555997674147,45.000004,45.180458,38.48122,41.581127,45.75971,49.735985,55.7697
臺北市松山區光復南路２２巷３８號四樓,25.0467570102991,121.555420999208,38.58,32.31171,26.03257,30.337229,33.2769,36.088676,42.450375
臺北市松山區光復南路６６巷６６號四樓,25.0450859940821,121.554841977337,11.000001,10.777828,5.0078015,7.9629273,11.52578,14.674078,15.182626
臺北市松山區八德路三段１９９巷１９號六樓之７,25.0491500017462,121.556443004662,16.2,15.885426,10.398736,13.760972,18.04017,19.552013,20.274214
臺北市松山區八德路二段３４８號二樓之９,25.0477319932765,121.545318961863,16.300001,15.161228,8.515942,12.482668,13.982429,19.665577,19.95342
臺北市松山區八德路四段２４５巷２７號五樓,25.0503639946926,121.564540006949,36.999992,27.770044,20.446833,25.817299,29.121065,33.97235,41.424835
臺北市松山區八德路四段６１號二樓,25.0484980154077,121.559756035712,22.680002,22.558512,18.626083,19.374367,22.33486,26.434032,27.580523
臺北市松山區八德路四段７２巷１４弄１１號二樓,25.0465719797865,121.559669031557,22.58,15.728635,11.712101,14.330293,20.147675,21.029224,25.548185
臺北市松山區南京東路三段３３５巷２３號三樓之１０,25.0532768351906,121.547540088819,19.300001,12.24664,6.3089757,10.972351,15.341795,16.050041,16.70121
臺北市松山區南京東路三段３３５巷２３號五樓之２４,25.0532768351906,121.547540088819,11.5,9.884286,3.7765703,5.163067,9.02108,11.843615,13.014891
臺北市松山區南京東路五段２００號十一樓之４,25.0511500076629,121.564348983376,22.000002,24.246046,17.651484,21.94336,25.900541,28.187454,31.986715
臺北市松山區南京東路五段２００號十樓之６,25.0511500076629,121.564348983376,22.62,19.816593,15.720004,18.001427,21.935768,26.155228,28.958237
臺北市松山區南京東路五段２３巷１５弄５號四樓,25.0529509852887,121.557806991766,16.800001,21.743227,17.617685,21.671904,23.897858,24.07361,26.795092
臺北市松山區南京東路五段２３９號十二樓之５,25.0516164186651,121.564972429334,16.02,17.87985,12.908471,13.97456,17.748766,19.439728,20.014114
臺北市松山區南京東路五段２５０巷１８弄１６號,25.050096989167,121.566952989235,13.920001,13.851051,8.985292,10.083424,14.520766,17.382542,17.49885
臺北市松山區南京東路五段２５０巷３６弄３４號六樓,25.0495900097534,121.567370994746,14.499999,18.956493,16.115385,19.08363,21.518087,24.610563,27.723776
臺北市松山區南京東路五段４０號十五樓之１２,25.0512950145878,121.559708007406,31.08,25.814585,22.877035,22.93803,26.234367,28.725027,35.517593
臺北市松山區南京東路四段１３３巷５弄２１號四樓之３,25.0520720170122,121.555906981954,12.0,13.790261,11.009767,12.139359,16.122177,18.477583,18.515495
臺北市松山區南京東路四段１３３巷７弄３２號三樓,25.0527639850288,121.556359017993,10.000001,6.3569293,2.3709967,5.7177973,8.667986,10.041984,12.448144
臺北市松山區富錦街１０６號三樓,25.0595869799422,121.552369986452,37.5,26.035833,18.545223,23.311838,28.184296,30.456776,33.888454
臺北市松山區延壽街３５６巷４弄２０號五樓,25.0558129861279,121.558463965337,44.000004,40.65908,30.701763,37.439667,42.97176,43.206036,54.57487
臺北市松山區復興北路２３１巷２號二樓,25.0569489854653,121.544652013827,20.000002,17.78303,16.73519,18.358816,22.293976,28.418175,28.618542
臺北市松山區復興北路３１３巷８號三樓,25.0588530185906,121.545092985753,50.999996,62.911945,28.699152,47.861347,62.682808,68.46862,79.77563
臺北市松山區復興北路４９９巷５弄５號四樓,25.0657970062763,121.544710016597,16.130001,16.978264,12.110365,14.363726,16.975746,19.320908,22.87988
臺北市松山區慶城街４６巷９號四樓,25.0551719800826,121.547369007742,5.6574993,3.6485229,2.513513,2.7308364,4.470187,7.365796,7.8105154
臺北市松山區撫遠街３９９巷４號二樓,25.0654030149176,121.565909023195,12.15,17.544214,10.418784,13.648318,16.201565,18.5691,22.356874
臺北市松山區撫遠街４０１巷３２號二樓,25.0658719824002,121.56734903416,16.500002,17.271177,10.461317,12.814598,15.679492,16.844616,18.78639
臺北市松山區敦化北路１６５巷４８號,25.0545679801398,121.552537959792,28.800001,22.744158,13.882848,20.798277,26.058737,33.777786,39.06944
臺北市松山區敦化北路４巷３１號三樓之２,25.050086595607,121.545517277692,16.800001,13.469176,9.020374,12.476262,13.406279,15.606482,17.437222
臺北市松山區新東街３０巷３４號三樓,25.059617992984,121.567232022792,6.8999996,5.642891,2.4093988,4.4023786,6.6588745,9.34819,11.445337
臺北市松山區新東街４５巷１４號三樓,25.0613709842141,121.564462977259,15.599999,16.885706,14.52255,14.694387,16.84425,18.421362,19.886274
臺北市松山區松河街３８號十二樓,25.0506908889165,121.573237824055,42.9,32.171783,25.028402,27.935944,32.390812,38.892685,43.840294
臺北市松山區民生東路五段１８８號八樓之１,25.0586130027932,121.563894600404,53.0,29.742363,16.374424,41.715683,49.632267,62.586758,63.716904
臺北市萬華區中華路一段１８６號十二樓之２,25.0389713118966,121.506655170353,38.499996,39.072136,26.744448,37.128162,38.184334,45.52752,53.63073
臺北市萬華區中華路二段３６４巷１弄２號二樓,25.0286720064602,121.504624989584,27.249998,21.448465,17.135513,22.879004,24.460909,29.610802,33.985775
臺北市萬華區中華路二段４１６巷１３號十一樓之３,25.0269499863623,121.504242020428,19.600002,18.794003,14.679383,18.495955,20.268621,22.630064,26.23171
臺北市萬華區中華路二段４１６巷５號七樓之１,25.0270369905173,121.50471802871,22.000002,19.02154,14.221547,19.090204,22.317247,23.429121,25.19068
臺北市萬華區中華路二段４１６巷８０號十二樓之３,25.0273135933221,121.503458061024,47.599995,35.346172,29.186974,40.83743,41.63655,42.9453,57.330727
臺北市萬華區中華路二段４９８巷９號十樓,25.0259060203218,121.507169986846,10.399999,9.97499,5.6468287,5.9726996,8.444963,9.924579,10.53239
臺北市萬華區中華路二段５０４巷５號四樓,25.0256419903718,121.507897033127,12.880001,12.071995,6.7729936,8.218334,11.76543,11.993199,13.882971
臺北市萬華區中華路二段５０４巷５７號七樓,25.024930995435,121.507981019797,11.000001,9.940324,5.4920797,5.503034,8.172211,9.24084,10.300575
臺北市萬華區中華路二段６６６之２號十四樓之２,25.0241599860714,121.511176704201,27.2,22.15686,12.572448,17.381817,23.351505,25.476805,31.281832
臺北市萬華區和平西路三段２９０號四樓之３,25.0352639961221,121.494854959424,10.2,12.793272,10.67418,10.871518,13.911837,15.658356,18.051117
臺北市萬華區國興路４８號七樓之３,25.0254189898378,121.507339971842,12.600001,9.890252,8.992966,11.593968,12.08322,13.8482,15.872146
臺北市萬華區大理街１０３號六樓之１,25.0345094991077,121.49811199936,25.499998,23.396204,19.207714,22.799334,23.54536,27.767065,32.998665
臺北市萬華區康定路１０３號十三樓之１５,25.0395069993285,121.502047973453,12.0,15.228626,11.32088,13.26429,15.970166,17.79948,21.158905
臺北市萬華區康定路１０５號六樓,25.039268198907,121.50202316302,14.949998,17.475952,13.430127,14.406236,19.298534,19.37038,23.343851
臺北市萬華區康定路１６６號十二樓,25.0394489965585,121.501803976252,30.000004,28.937796,21.185947,27.172026,27.882044,31.634722,37.28401
臺北市萬華區成都路１０２號八樓之５,25.0435070111619,121.502232962056,14.28,15.366703,12.225212,15.197506,15.41076,17.172482,17.7008
臺北市萬華區成都路１０６號十樓之２,25.04355998479,121.502100025072,17.200003,14.270818,10.722685,12.825395,15.197002,17.021418,17.447948
臺北市萬華區成都路６７號八樓之１６,25.0429279892905,121.50570399198,4.2000003,6.9684973,4.767733,5.9924483,7.5059843,8.778848,10.557793
臺北市萬華區桂林路１４５號十樓,25.0386445014917,121.498144269687,31.66,33.39167,25.906965,28.564913,29.887262,38.039593,41.162605
臺北市萬華區武昌街二段１２４之２號五樓之２,25.0453662849243,121.503764671042,7.7999997,9.027119,4.8997717,6.576177,7.376439,9.926967,10.505557
臺北市萬華區武昌街二段１２４之２號五樓之３,25.0453662849243,121.503764671042,6.96,6.961847,4.800864,5.3553295,7.554658,8.127034,10.057788
臺北市萬華區民和街１００號七樓之１,25.0254829856686,121.497528032166,22.769999,25.262217,18.819891,22.166027,24.620787,26.890392,29.010586
臺北市萬華區民和街１００號九樓之２,25.0254829856686,121.497528032166,33.9,33.34164,28.784946,31.40849,34.480824,44.833298,46.493774
臺北市萬華區民和街１００號六樓,25.0254829856686,121.497528032166,25.245998,20.57624,18.095098,23.061047,24.738008,28.70936,30.955366
臺北市萬華區民和街９６號九樓之１,25.025500000932,121.497593997744,46.600002,43.780056,33.269993,37.02634,43.57912,57.879208,63.417103
臺北市萬華區民和街９６號四樓,25.025500000932,121.497593997744,43.0,40.58285,27.7273,41.166023,43.329247,49.24222,58.29843
臺北市萬華區民和街９８號七樓之２,25.0254950136996,121.497558039379,24.62,24.28917,14.266848,21.5521,24.949299,28.067434,33.08667
臺北市萬華區民和街９８號十四樓之１,25.0254950136996,121.497558039379,32.600002,34.6036,28.736404,30.463715,37.640167,46.70279,48.05467
臺北市萬華區漢中街１６０號七樓之１３,25.0411630119389,121.506565986903,12.0,16.371717,12.827303,15.273144,17.781792,18.42372,19.45095
臺北市萬華區環河南路二段１４９巷１號九樓,25.0336029962793,121.493094005386,12.999999,11.15603,6.3901424,7.9456925,10.362207,11.695762,13.584253
臺北市萬華區萬大路１４７號四樓,25.028736002291,121.500699995784,6.3999996,4.4127126,3.2825322,3.4196506,5.528743,6.8150616,6.9943986
臺北市萬華區萬大路３８５號五樓,25.0226340186888,121.499526026426,16.2,20.630152,12.548677,17.015001,19.338743,20.757902,22.014624
臺北市萬華區萬大路４８６巷２８弄４４號二樓,25.0210870127292,121.496408964273,11.000001,12.177492,8.584008,9.398692,11.822035,12.113832,12.85296
臺北市萬華區萬大路８４巷３號,25.0305679929585,121.50014896947,20.879997,16.814386,11.397411,16.234447,19.178658,20.854942,21.320362
臺北市萬華區萬大路８５巷１４弄３號,25.0300600077166,121.501176004066,18.499996,19.83772,15.445029,16.265306,19.471823,20.869978,24.601017
臺北市萬華區西園路一段２７號四樓,25.0409209844847,121.500101024984,17.7,20.878864,12.960513,16.485708,18.647692,21.994873,23.227503
臺北市萬華區西園路二段１７０號五樓,25.0296689919334,121.495905966263,16.0,15.866584,12.446369,15.434852,17.263039,18.839922,20.141468
臺北市萬華區西園路二段３２０巷３６弄３５號五樓,25.0269690132826,121.49079702864,4.9,4.714586,1.7846365,3.36855,4.4920044,6.1670513,7.0783176
臺北市萬華區西園路二段３２０巷３６弄３６號,25.0268059852658,121.491123000854,10.9,6.0453224,2.1230588,5.007222,6.3955564,8.661759,11.608425
臺北市萬華區西園路二段３７２巷１０１弄２２號,25.0274150143505,121.49006201955,0.26,2.4515672,1.2220163,1.7624221,2.1787984,4.0469403,4.38982
臺北市萬華區西園路二段３７２巷４１號,25.0267877127169,121.490389919602,10.15,7.802527,4.5243564,6.0450487,8.297371,9.021602,12.692194
臺北市萬華區西寧南路１０８號七樓之２,25.0418079993882,121.505868025825,26.150002,24.307129,17.771124,19.019793,23.870926,26.34426,29.08586
臺北市萬華區西寧南路１２５號七樓之３,25.0445720157794,121.506584007995,45.000004,30.650877,24.641403,29.750845,35.115524,42.19793,46.25148
臺北市萬華區西寧南路２９３號三樓,25.038722914196,121.506388877289,22.000002,21.379086,15.893036,16.362942,19.46648,21.954447,25.69486
臺北市萬華區西藏路１０７號九樓之１,25.0296899886009,121.503469963327,39.979996,30.54132,26.123089,29.38439,36.093147,37.458237,44.567066
臺北市萬華區西藏路２５１巷７號四樓,25.0282410089989,121.494105030547,13.96,12.032768,10.56173,12.033438,14.246171,15.232286,15.275813
臺北市萬華區貴陽街二段９６巷３之３號,25.0393409957361,121.503298972502,9.700001,11.075063,9.312261,11.029147,12.120159,14.070869,14.993143
臺北市萬華區長泰街３號三樓,25.0229850108842,121.501356969355,10.65,12.086213,8.602057,10.234144,11.618736,12.5904,16.250149
臺北市萬華區長泰街３０８巷１９號三樓,25.021452002703,121.492749006251,11.000001,12.610829,6.890562,8.44481,11.315464,12.263496,14.617967
臺北市萬華區長順街４３號四樓,25.0308810151326,121.491843006337,10.500002,11.422073,5.899646,9.666284,9.80583,11.496085,13.617439
臺北市萬華區雙和街１１６號五樓,25.0277499971109,121.500816001324,6.9999995,5.7362566,2.0946414,3.5672095,4.819989,6.529559,7.5541687
臺北市萬華區青年路１５２巷２號十樓,25.0212992844271,121.502174959286,17.0,20.696663,18.339293,21.445816,22.116447,25.169584,25.863998
