土地位置建物門牌,緯度,經度,actual_price,pred_mean,pred_0.1,pred_0.25,pred_0.5,pred_0.75,pred_0.9
臺北市大安區仁愛路四段４０８巷９號三樓,25.0371800153689,121.557020014877,28880000.000000045,21019754.993476547,15944713.397560542,21049963.806110542,24850656.438479938,26757039.82156627,29052119.605967402
臺北市信義區永吉路３５４號十四樓之１,25.0450199865946,121.576610031341,37999999.99999996,28293844.62710656,17764364.429770846,25301181.56135983,29041583.431279995,33363118.363140285,37447329.65840733
臺北市士林區重慶北路四段２０６號二樓,25.0853700074765,121.511629997525,43799999.99999994,57990780.73852619,41170213.148078226,48377005.0619043,56381838.634234235,67228795.68024454,95819234.83805704
臺北市文山區政大二街１７１巷１９號,24.98942701,121.585248,33360000.00000005,37017696.55831408,24676571.781104,30397204.755589347,33378275.429608487,45362815.49250372,54717182.123369575
臺北市北投區尊賢街２１８巷２３弄６號二樓,25.116069985142,121.508709993916,17980000.000000007,18601308.94827952,13842439.97372863,17366735.77227232,20783965.05191313,21709808.376163647,27357729.51051707
臺北市松山區民生東路五段２２８之１號三樓,25.058919989997,121.565769967421,33000000.000000015,26833256.743899565,17453256.008962143,22860117.15921195,27636903.42604083,33172796.60764753,37988069.44294823
臺北市內湖區東湖路１０６巷７弄１５號,25.06820001,121.614307,18500000.000000034,16401629.234655716,12144582.335238362,16375233.452015845,18656418.335801605,20795734.661745027,24714811.330017693
臺北市南港區昆陽街１７７號,25.04827992,121.5940283,115999999.99999987,116580027.1877989,47775948.63858916,112202686.82481577,124402782.02820316,171789308.32250002,206226568.39663717
臺北市中山區南京東路一段１０６號十樓,25.051900020359,121.526369993354,185260000.0000003,255605188.2422729,53731131.98752115,137697669.4935753,186354821.42303532,271974279.3328787,311927158.1991635
臺北市南港區研究院路二段１８２巷７８弄１０號,25.036344,121.613827,6999999.999999995,16212164.551721083,10195052.577474684,11763901.894947352,16624360.985453181,19769029.321377292,23329583.981631476
臺北市松山區撫遠街３７４號五樓,25.0636900053656,121.565729985743,24500000.000000007,17826490.1003598,13029725.698796852,16716917.506498229,19935078.763207443,22033257.467756506,27108812.33148148
臺北市大同區南京西路６１號十樓之２,25.05307998,121.51913,9500000.000000015,8348554.141692846,6121206.4507852495,7313956.542147145,8252766.423089396,10096457.049225358,12141354.108400151
臺北市士林區中山北路六段４０５巷８９號四樓,25.1173421281906,121.526021122086,65999999.999999985,53398382.002507634,38911042.37534757,41915547.36548906,50341832.48121737,62287800.43739482,73927632.78170584
臺北市大安區溫州街７０號,25.01998999,121.53284,31999999.999999955,23384390.617660988,15684802.690517029,21831803.480307914,26078096.830858167,29961957.536461413,32000911.40836363
臺北市信義區和平東路三段１６９號十一樓之３,25.02407001,121.55321,11599999.999999983,12538261.898710392,9685577.121494627,11407002.527861468,11804089.309891026,14633663.588803258,17331091.693073098
臺北市北投區三合街一段８２巷１０３號,25.12904509,121.5039318,19799999.99999998,23754983.842047542,16071507.903308706,20039219.559012778,25757889.402799737,26574112.984003343,32265313.128158815
臺北市大安區建國南路二段２０１號十二樓,25.0269999844148,121.53807004054,90000000.00000004,67629462.08115976,41033730.85549881,67534872.82915816,85303625.54098666,89462081.63565141,94667772.44888207
臺北市萬華區桂林路２４２巷４８弄１３號,25.0362600176764,121.493919958125,9800000.000000007,12145658.509524152,5251601.208026761,7051208.036183155,9737253.20538991,13637594.31474559,14119630.056239706
臺北市士林區福志路１０８號三樓,25.09863999,121.52816,17379999.999999993,13691617.319342852,8968550.849701084,11829315.309308399,13706713.143748352,16252160.204335144,18350055.608431395
臺北市南港區成福路１９４巷６號三樓之５,25.0406899792332,121.587940017501,15699999.999999976,15813428.211083313,11981832.312753832,13169007.998436376,16353225.896834048,17797949.40817042,20684268.888119824
臺北市內湖區成功路五段４５０巷７號十樓,25.0743900076833,121.607270027328,39000000.000000015,32697447.347283334,24442985.337158892,28878150.494144883,32813965.181263078,38854461.4988972,41741171.04467589
臺北市北投區吉利街１３０號,25.1185200154402,121.507239975737,28199999.999999963,21796396.548442844,11705429.908527378,17347096.982735153,21207029.381547768,29505370.184615396,33364605.26996274
臺北市士林區中山北路七段２１９巷８號二樓之１２,25.1274200040509,121.532509988887,5400000.000000005,10657866.067388266,6942026.96601885,9416305.72750055,11569520.957662262,13372439.087800298,14371470.229199233
臺北市士林區環河北路三段１２７號十三樓,25.08529,121.50612,20749999.99999997,27830479.036925256,20746069.048158552,21596963.565274946,26127014.67766854,33782248.698813066,38113843.123944655
臺北市松山區民族東路６６８巷２弄１號三樓,25.0649287860334,121.545688131318,16999999.999999974,15702244.5719403,10236538.671279814,12373314.377637804,15781057.889754318,20228042.035654515,22767844.634835288
臺北市內湖區文德路６６巷１０弄１５號,25.0778599898693,121.580820009848,30499999.999999948,24841902.08348651,18074179.399240382,21266920.024448298,25720593.086186588,29685656.373631623,33838062.75384247
臺北市信義區吳興街６００巷６０號三樓之７,25.0197599898184,121.570280018062,16079999.999999978,14345460.66346405,10983472.656819325,11442563.202622984,14072464.270068422,15785124.750676244,20059802.671350114
臺北市中山區龍江路２７１巷９之１號,25.05957399,121.541719,27199999.99999999,20944528.470598888,12058759.996451162,18338832.32294865,23373021.49663163,27438686.74937513,29303160.124128975
臺北市中山區林森北路２６３號八樓之１１,25.05458998,121.52556,7199999.9999999935,6343117.270252926,4808612.474656564,5954754.587060735,6986068.790095337,7078700.978016572,8580766.251502318
臺北市文山區景興路３００號十樓之１０,24.9888600199431,121.542059994089,20879999.999999974,28405342.72972378,22315905.540261988,24949442.211665288,30186658.89313321,33651971.42751067,34792873.91740956
臺北市大同區五原路１９號十三樓之７,25.0566800101924,121.517309994212,18280000.00000001,17852916.2155223,14226704.174743187,15930664.290503938,19122560.368174788,22181816.85548046,24687671.90792743
臺北市士林區克強路１５巷５號十一樓,25.1085499930701,121.524260016868,51200000.00000004,47230852.73567806,35731511.25480894,40179613.79501608,48136559.09732729,57160404.895519316,65334351.96389029
臺北市中正區臨沂街２９巷１６號四樓之１,25.0398299959674,121.530690026251,12559999.999999978,8643609.111035153,6945966.275556128,7959675.425389528,9738200.488266768,10462502.886919308,11959294.276751352
臺北市中山區植福路２８６巷３６號五樓,25.0811099890066,121.559310034644,236470000.0,196730016.3580405,47047705.298548296,103253045.04049674,216863944.68258566,237827259.13332275,245924536.45797205
臺北市內湖區南京東路六段１５０號七樓之２,25.0552200083878,121.57895000725,24799999.99999997,20734732.976363555,15936148.599756233,19478618.962625016,22168812.117501795,26032213.325425293,27552583.37475333
臺北市大安區建國南路一段１７５巷１９號十三樓,25.0410599983488,121.538619977207,24379999.999999963,20407743.581266996,14961141.570758574,20395819.38466813,24253822.249453098,25042032.21659833,26505217.784404162
臺北市松山區敦化北路１４５巷２３弄５號六樓,25.0530299847261,121.550350031606,34099999.99999998,21681772.716379203,17008316.32655301,19673917.923724473,24540473.852689132,25982989.044481944,34187045.945063144
臺北市中山區民生東路一段５４號,25.05792401,121.524959,19579999.999999993,23561740.360459436,15725006.976051155,20181032.915832117,23310732.41116042,29530915.732753392,30094810.34126592
臺北市文山區福興路４巷６弄２９號二樓,25.0041699851883,121.552299997561,10700000.000000013,16344010.163732696,11790882.61419765,13491157.799279453,17970930.053745743,19539387.99940799,22390288.3492931
臺北市南港區成福路７４巷８號二樓之３,25.0439800019581,121.586270007112,24999999.999999963,19841918.229533836,17192446.3822891,19056366.4984709,20569533.04483063,23355810.897704475,25009091.824794017
臺北市士林區天母北路５６號十九樓之２,25.1212999993569,121.526560011099,69500000.00000003,60867412.67278126,41352369.30997763,45922390.78790991,68303451.53875878,70626031.29486665,73388964.43230124
臺北市信義區永吉路２２５巷３之２號,25.04552399,121.567454,21960000.00000001,16946468.97831313,11104752.094880212,13567327.869356388,18485403.37530085,21521800.0496419,25343689.284355097
臺北市大同區民權西路１６０巷２６弄１號十七樓,25.06161255,121.51549,43000000.000000015,56762115.00388446,40457403.18497451,42101043.32363465,42684731.75348204,69428208.01997772,71418368.75625223
臺北市萬華區青年路３０巷１０號,25.025939,121.504005,18199999.999999993,25056127.44942638,17795443.245151985,21173229.466389317,25466068.72231391,29994293.572253946,32174196.25538252
臺北市士林區延平北路五段２１３巷３０號,25.083658,121.509051,6500000.0,8651658.349890508,6416244.71854046,6722494.0312746735,7203817.773450941,13997662.92251433,16825054.87247573
臺北市北投區清江路１７７巷９號五樓,25.12814001,121.50223,2000000.0000000016,1999176.998875156,1399404.7882841832,1765522.1464354452,1938329.0229014412,2560180.4806126263,4888180.077728796
臺北市大同區歸綏街１４２號十樓之１,25.0582299917276,121.514440030565,16679999.999999998,16308304.744802983,12447274.546950085,13664530.965733863,16579993.285618532,19139387.80805885,21617718.196610063
臺北市內湖區南京東路六段１４８號,25.05519302,121.57886,21500000.000000007,17966363.750362813,12980028.701501489,16534272.426813869,20419042.05928203,23957333.452790625,25868265.717361577
臺北市中山區建國北路三段８０巷１號八樓,25.06567999,121.53567,25799999.99999997,27256659.596160125,18905817.252810832,22808100.03451916,27542545.48262573,35156042.22117969,35917287.06808452
臺北市內湖區康樂街１８６巷２弄６號五樓,25.0759199983794,121.620170027772,9079999.999999985,11512369.807414886,7410942.652188638,10359164.1626015,11374616.411556412,13393330.64237094,15389326.22159836
臺北市文山區辛亥路四段７７巷１０８號三樓,25.0091907033205,121.560140777204,17800000.0,31599858.416204553,22660794.305223312,23778700.008300297,30636976.882421385,34819386.547516316,44088137.2062604
臺北市大安區潮州街６０巷７號,25.02816679,121.5237759,20500000.000000022,14103216.96065167,10098089.890823934,12867717.354047097,14451364.237381851,15927392.734475208,19784317.80953605
臺北市中正區忠孝東路一段８６號六樓之３,25.0443299883252,121.524430001864,19000000.000000015,25950476.871604633,17581331.81956682,18986352.06219419,24961450.916712746,31209623.353090674,32744799.787587263
臺北市信義區吳興街６００巷６０之５號,25.01982,121.57028,20000000.000000015,17333308.663897686,12971662.978950735,13683104.055746116,19296092.95261275,21257847.655235723,24048481.570461284
臺北市中山區德惠街５２號九樓之５,25.0665699853872,121.527189994942,4680000.0,5696072.192914346,3898619.4331294433,5009949.049752288,5900126.1962254895,6897597.136355505,7924332.77125193
臺北市松山區塔悠路３２３號,25.061467,121.568938,9600000.0,9645457.865651738,7521111.120834105,9164546.924881887,10079114.779729802,11521517.136329524,13668741.933408655
臺北市大安區信義路三段１５６號十一樓之８,25.03318,121.54099,14880000.0,14069046.538849732,10522255.868137874,12826211.645285696,14352365.10046301,15551445.917664863,19300975.91535312
臺北市大安區瑞安街２４４巷４７號三樓,25.02802002,121.5386,24999999.999999963,19368855.23316335,12870429.806933802,17593686.41822447,21526032.0604233,25472547.28165974,27545245.427391548
臺北市信義區吳興街１５６巷３７號三樓,25.0281999795829,121.560209999587,19799999.99999998,14462222.437692944,9263037.980799928,12509364.655403994,16356456.625226488,18032083.974801183,19570457.991243795
臺北市中山區市民大道三段１６７號九樓,25.0447699963324,121.540759960907,60000000.0000001,62290079.351083696,42768078.10022923,56216318.31347453,61283816.66759226,72292509.98919763,83118152.06612776
臺北市中山區民權東路二段１３５巷２９弄８號二樓,25.06410001,121.53566,19449999.999999993,22805233.05409899,15218154.630193995,20705454.00164391,26429508.272637077,30211916.773052406,32614345.19496022
臺北市北投區溫泉路７１號七樓之２５,25.1356400107665,121.504809978187,4349999.999999996,5654089.272318464,4107057.7310345904,4422806.465079162,5884104.048615138,6827294.71226677,7839712.187279435
臺北市內湖區民權東路六段１３６巷４０弄２號二樓,25.0671099894993,121.587550007546,17499999.999999985,16733242.582013618,12798560.577466074,15500997.632090272,18441681.32519331,20606492.16508979,23678842.08848412
臺北市信義區吳興街２８４巷２７弄１號三樓,25.0231000105958,121.563590002043,15680000.000000015,15949281.731040014,11200754.976033885,13885212.028673168,15608395.312756196,17837568.66465211,20465270.88518801
臺北市文山區景美街１５５號,24.98929198,121.54161,3000000.000000001,4947912.821867619,2655721.291689028,4293550.89427723,5396468.2815546,6144470.497366962,8894143.516485376
臺北市大同區民權西路１２２號十四樓之２,25.0627299840854,121.516770032009,10499999.999999994,11599217.574791398,8766934.111273088,10492790.708342433,10802099.551662328,14078945.084739814,15970159.537792418
臺北市士林區芝玉路二段８９巷２號,25.1126300101693,121.534960019186,23299999.999999985,20192303.562026724,12533914.771441586,17588173.891668763,20734492.788425516,25673290.299979404,29213526.783897962
臺北市松山區南京東路三段３３５巷５號六樓之３,25.0522699975652,121.547500016888,8980000.000000004,6358547.682377332,3618668.562178514,5382063.04978847,7240389.340582014,8898801.94220703,9539243.683199171
臺北市士林區天玉街３８巷１２號,25.120552,121.529355,19299999.999999985,18001573.72012113,12506077.484690133,18321271.959315307,19552293.144495185,24493857.8189273,25663920.60945429
臺北市中山區新生北路二段３８號十六樓之７,25.0546600134367,121.527269958298,21049999.999999993,16046265.728425408,13684604.44132355,16689986.28637129,18043916.304983854,19438837.975448612,20941855.532583192
臺北市內湖區成功路五段４５２號五樓之１,25.0744499802005,121.606840035695,46999999.99999997,37059848.00348259,26006994.452575393,33221733.484114826,40367727.18938637,49353388.6924509,51344584.96309979
臺北市中山區吉林路１２之３號二樓之１,25.0501599791693,121.52993003909,23799999.999999996,23513535.12249383,15260059.129820826,21014822.791126113,24784849.56148638,27805968.494385134,29797766.60275463
臺北市南港區重陽路４１號,25.05548999,121.59597,22999999.99999997,22020825.646249928,14924660.237674925,18218186.36561206,23117858.102633506,26995797.972564965,28883067.923380412
臺北市大安區仁愛路四段２６６巷１５弄１６號五樓,25.036540015152,121.553879986309,36000000.000000045,25207216.413980264,16356017.047907103,22493785.581743907,26264981.842734326,32451604.25720041,36263254.7448093
臺北市大安區羅斯福路三段５７號,25.02319728,121.5256458,43979999.99999999,27745038.40567308,18961124.333501503,21452507.085534826,32101556.55037747,33555355.79012999,39332571.68857479
臺北市文山區福興路８２巷３弄７號,25.006499986633,121.550859986595,3000000.000000001,14608380.38552476,9164621.975282112,12766193.409352994,17369443.126804776,20596979.714424383,22703144.474308327
臺北市士林區忠誠路二段１０８號,25.11338501,121.531184,48999999.999999955,37303914.2469109,24807785.173053972,34217013.50279618,42676585.0392981,49368684.28905286,59697915.535451956
臺北市信義區松高路８６號三樓,25.0389099982748,121.57159002571,101999999.99999997,47981846.46282245,33160885.757961452,39922672.2088743,47362329.04591395,54978646.39910646,66792419.63764583
臺北市南港區八德路四段８９５號,25.050962,121.580744,3600000.0000000014,11042681.314219208,7805222.904361461,9609601.071698017,11375643.57008513,12584161.121212356,14700734.084757842
臺北市內湖區陽光街１６１巷１２之８號二樓,25.0745200110015,121.585129984461,15000000.00000001,16335867.638465952,13210189.756829452,14725812.224020012,17890521.457558308,18637248.808624707,20975177.5950768
臺北市大同區民權西路２６８號十二樓之７,25.0627400004597,121.512010033015,35370000.00000002,34489800.66044259,26172035.391535826,29224958.663483616,36675857.19763209,41579575.499733746,44350907.838408045
臺北市中正區寧波西街１８２巷３號四樓,25.0284500117546,121.511969967518,25500000.000000026,19155957.286136724,14574068.894401696,18117952.52076764,22188465.669745125,23441982.580807246,25363352.623428732
臺北市信義區吳興街１１８巷３５弄１６號,25.0288900197618,121.560010007378,41500000.00000007,36629587.46713207,25892907.234004438,32830609.507037036,41158444.31671841,46249522.527821854,58318758.345658675
臺北市松山區敦化北路２２２巷２２號,25.05950689,121.5476651,36669999.99999998,32817625.787409715,21686574.33069119,27430909.459422007,33999774.82535146,37756449.360571,46512802.499803245
臺北市中山區雙城街２８巷１６號三樓之４,25.0657400093347,121.523280004749,6599999.999999998,6656985.37390122,4437487.134170066,5213392.821286202,6686228.284706854,8477319.870734211,10677556.648087425
臺北市中山區新生北路二段６８巷１３號四樓之３,25.0565500068742,121.526349960606,13249999.99999999,13889159.225933008,10385525.983707348,14039612.242508963,14113440.485812848,15600907.158918992,18669791.036845706
臺北市北投區溫泉路７３巷６號九樓之３,25.1355900127141,121.50611001137,9999999.999999996,19084194.25827916,12533188.871465005,15629763.215032907,17541631.19515277,20866277.993239384,27537804.56935765
臺北市士林區葫蘆街７１號五樓,25.0804399815763,121.508689961167,12400000.000000017,15909011.129738608,11198827.529438645,13097476.810547188,15384310.995234448,17747502.16135922,21558283.58896953
臺北市北投區豐年路二段８０號二樓,25.13590999,121.49552,9999999.999999996,11426084.41614814,7959502.048332698,9433057.522942167,11569843.936235571,13530162.136099232,15250567.209714947
臺北市內湖區民權東路六段１５０之１號十四樓之１６,25.068799990727,121.589620002354,10100000.000000006,12897460.934468431,9723024.204825418,10221427.442160133,12282623.207821574,14761142.539219055,17204693.05999513
臺北市大安區和平東路二段９６巷１０弄１４號,25.023566,121.54039,26299999.999999996,13241854.034682628,8352659.8665949125,10162477.373062879,13947628.061586298,15678942.157549243,19086847.5597273
臺北市內湖區民權東路六段２９６巷３１弄４號五樓,25.0717399851753,121.606280040744,19499999.99999998,18016714.870744057,13685439.609660165,17688490.781704925,19916492.497410923,23137710.003236532,25080669.134410493
臺北市士林區福港街１７４號四樓,25.0867199968019,121.517690029702,19879999.999999993,22635919.35657902,16197752.794435909,20448809.912314225,23258541.741993755,28442840.679804444,32906368.89565749
臺北市大同區延平北路四段２３５巷３之２號四樓之１,25.0759199983794,121.512580002431,8999999.999999996,14982611.117147032,9749147.319485106,13527056.446890438,16304334.26329772,17246099.82490112,20632095.732105512
臺北市文山區指南路三段２６號,24.9831079,121.579933,8879999.999999993,11805245.620093063,9292294.811334176,10322330.742732733,11182867.64472919,13385321.737516973,14257105.11526871
臺北市士林區中山北路七段１１４巷４１弄１９號七樓之１,25.1248700195574,121.535130004182,28999999.999999948,39721018.93000501,28685359.37127398,34723687.84532977,41421681.0386227,52318395.08029645,58728296.59566789
臺北市士林區承德路四段１２巷５號二樓,25.0807199790518,121.519730017297,6549999.999999996,12613887.252626186,8659596.627363108,10310804.63363648,12653699.191138566,15285050.035527503,17699941.666277274
臺北市文山區羅斯福路五段２４８號,25.00114898,121.539027,18299999.99999999,18395446.122470703,12274330.632300915,14812956.30903956,19588225.226603694,22446218.298841327,28127062.229646336
臺北市松山區八德路三段１５８巷２０弄４０號四樓,25.0475099985709,121.554190032908,10399999.999999989,6174749.347594945,3845911.9940576474,5250194.949423566,6048646.251130014,7528852.640689823,9650987.884846443
臺北市信義區光復南路４１９巷１５１號,25.03651001,121.56045,22500000.000000007,20339720.201307558,12437208.75095024,14327124.939325113,20839676.81920709,24019593.324893504,30063904.006039675
臺北市松山區南京東路五段２３０號十五樓之７,25.0511399912886,121.565729985743,19680000.000000004,19760215.146647014,15080932.203918926,19623678.775610466,20526703.924798284,22795069.167075817,26443249.42610539
臺北市中山區農安街１１９號,25.06492298,121.529665,20675000.000000034,15476886.526333999,8887072.289612975,13192023.457632814,16968017.507561274,24347216.25453629,31058193.344239783
臺北市內湖區港華街１７之１號二樓,25.0824899855454,121.577149993543,17880000.00000003,16303492.60807272,11546778.425948989,14462043.596203042,17788409.940678243,18770407.900462992,21427093.531582184
臺北市大安區泰順街１０號四樓,25.025619987876,121.531450013412,26729999.999999955,17290626.05123035,13250225.688043721,15491646.283991072,17330849.303746082,21378974.733129516,25629049.11936473
臺北市萬華區環河南路二段１２５巷１５弄６號三樓,25.0340699940147,121.494169990297,8000000.000000002,14294705.578721942,8810220.640895043,11644485.27710914,15699798.2213406,17168298.624465544,18603339.569117993
臺北市文山區興隆路二段１０號七樓,24.9999986464029,121.556568579963,61249999.99999998,53180037.795930505,47729073.19640672,56222088.14951009,60853575.167472176,61271328.365080364,86912497.86000468
臺北市萬華區東園街７３巷４２號五樓,25.0263399933587,121.497710003284,8099999.999999998,8647118.00532243,5699596.493743764,6936514.342470719,8451864.83816603,9819373.414255591,11659923.41721336
臺北市中正區羅斯福路二段１９８號九樓之２,25.0248299935017,121.5238399997,14099999.999999974,11020859.942891993,7119415.329343304,9791688.169811297,12481881.342132023,14157263.017739927,14939483.535575582
臺北市士林區重慶北路四段８１號四樓之８,25.0816400186539,121.512199966941,11749999.999999994,13390874.978545142,8915850.28270183,11547262.817038048,13374625.282985307,16286815.891878847,20598526.31343599
臺北市北投區大業路５２９號二樓之６,25.1352999988642,121.49604996736,5800000.0,9317153.386338549,6907887.771703236,8031063.331883583,9538207.526399607,11300641.81222497,12438486.440594207
臺北市內湖區安泰街１２５巷２６號五樓,25.0772399804915,121.616909970351,10800000.0,10703536.580614183,7396528.501078683,9683982.384472895,11398234.911867566,13006466.48651206,16459011.598783173
臺北市中山區敬業三路１６２巷９８號四樓,25.0777500192997,121.559350016322,28500000.000000034,29629581.725373372,22069424.859328568,28354431.876018126,30505786.375285406,34726088.57318991,37566763.999218695
臺北市中山區新生北路二段１３７巷８號六樓之１,25.061240016977,121.52810001817,15000000.00000001,14006515.903911872,7898123.369018739,12135935.54492522,13071813.396479663,18542368.555987146,22319259.30973103
臺北市大安區忠孝東路四段２０８號三樓,25.0412299833452,121.552420026414,51680000.000000075,35732860.73687897,26100650.13851831,35935276.488305315,41896213.94826256,46393140.69073675,53482494.40562704
臺北市萬華區開封街二段５９號,25.04706299,121.505353,7330000.000000006,7489688.409719355,6255557.123926247,6689773.376185023,7201072.904503154,8687984.630583916,10503886.591881812
臺北市北投區行義路１０巷７號二樓之１,25.1245600148684,121.526550036635,17849999.999999993,19137607.754309647,16353795.29746331,18304088.82969045,18338621.975877587,22033533.59076086,25146274.155875675
臺北市南港區昆陽街５９巷２弄１６號四樓,25.0521899922994,121.593629988652,17499999.999999985,13392223.700001255,9470861.511859018,12316519.607812654,14642157.323026434,17898780.230072375,20299779.590700533
臺北市中山區龍江路１００巷１之２號,25.05266101,121.540151,39000000.000000015,21279151.84092886,10398886.532352107,19932653.752253253,31177366.504508864,32042453.95031248,38913991.66449859
臺北市內湖區東湖路１１３巷４９弄８６號,25.07033501,121.614746,37500000.0,39633971.97344252,28055841.645548318,36456194.431318566,43850848.592320845,52077493.87646544,57297115.51987307
臺北市南港區福德街４６７號十三樓,25.03605001,121.57895,5300000.000000001,20610527.909121867,14228326.312847476,14236644.635324184,18940015.594704963,24108068.916799903,28641293.24708814
臺北市北投區大業路７１７號二樓,25.13738001,121.50195,27779999.99999997,34514304.70057612,20765106.82933407,27106415.568371158,29692241.918213714,37202431.499340124,42284196.093321726
臺北市中山區錦西街３１號七樓之５,25.0604299898541,121.520689996668,11740000.000000015,9249627.539782623,6577650.2722898275,8180703.833033803,9523336.368639449,11645624.733450707,13870818.986523516
臺北市大安區東豐街２３號,25.03616899,121.545323,20000000.000000015,14294894.100814912,8425976.852923358,12803778.262274731,16378099.566097876,19669237.354169507,23094822.09810997
臺北市大同區民權西路２３７之１號,25.06313491,121.5118477,43499999.99999997,43271743.68885653,33837530.22478971,37005541.6006327,42504503.46692336,54080134.77700651,54982006.887726426
臺北市大同區大龍街９１巷１２號,25.06723199,121.517021,8699999.999999994,11737508.99064401,8566929.41708121,8915971.357809247,10175473.134565799,15471499.934440454,18348220.701942332
臺北市信義區松山路４６５巷６號三樓,25.0394500023869,121.578590004509,19400000.000000004,13398063.666298242,9367967.631010965,11380931.525574384,14093923.167627756,16382476.516160384,18652704.2326692
臺北市中山區新生北路二段４１巷７之１號,25.05538002,121.52819,7500000.000000002,12603237.4808384,7413554.58678072,9603358.754069198,12571352.778061,17411421.96916991,25500310.84625607
臺北市士林區士東路４６巷６號五樓,25.1115600183194,121.527619986575,20000000.000000015,16687130.070048226,11629791.43025321,14711213.65132724,19455327.909533046,19902878.809230544,22573980.520080876
臺北市文山區興隆路四段１２０之１號五樓,24.9827600060882,121.562179998291,12580000.000000015,16182167.611280987,11240046.504035503,13804542.050685663,16676626.826476336,19789996.16119941,23901180.975986585
臺北市松山區南京東路五段３８９巷５弄５號,25.05204901,121.56952,12499999.999999985,10594579.304586578,7838549.441200859,9331968.984165346,11574026.30355142,12735533.622719083,16836847.491543785
臺北市中山區南京東路一段１３２巷２１號六樓,25.05110001,121.52713,8000000.000000002,8479710.731837995,5965821.84750938,6742543.902910914,8113295.469377647,10630105.232102355,13199173.043921946
臺北市文山區秀明路二段１１５巷５號,24.9912400194403,121.577330036823,27099999.999999978,33668119.84015562,24683279.36533566,26585574.541280434,32606239.338096052,38543289.10067743,50731105.58727285
臺北市信義區吳興街３６４巷２０號,25.0246699829701,121.565710036813,15199999.99999998,11955766.477493042,7038860.857214109,10226244.656199133,14633104.703268379,17882104.867044665,22235544.37535563
臺北市信義區永吉路１２７巷１１弄６號,25.04632098,121.569887,15199999.99999998,14462176.514924359,11898795.518952675,12680548.874193573,14999161.169410098,16384347.416293666,18220610.524862524
臺北市文山區秀明路二段１６３巷８號六樓,24.990709989793,121.577240015183,26149999.999999966,27543110.307480823,18733533.20978962,23914420.26730778,27528635.157933615,33485453.933544945,35849270.27309531
臺北市中山區龍江路４５５號,25.06751601,121.541121,22799999.999999996,17832457.788259488,8883578.052386709,13736248.801345997,19897530.910825673,24431504.126069013,25548893.623924594
臺北市士林區福國路９５號,25.10140119,121.5221412,17499999.999999985,13771932.58315146,10816097.69956486,13654302.437362572,15001703.846353931,18256860.047282144,21812137.29510521
臺北市萬華區興義街７５號,25.02598301,121.491114,8899999.999999996,9092000.531680241,8568431.638989456,10060476.375489047,13593868.989149757,17910941.174814325,20352755.288743015
臺北市大同區民族西路３３８號,25.06858399,121.509445,55659999.99999991,63071013.50025572,41665176.67117924,49743441.773021,59812433.47810956,67107739.46953263,76731038.51177338
臺北市大安區新生南路一段９７巷２１之３號,25.041276,121.535751,68800000.00000012,56616516.633818716,36587005.51643512,64624976.86318744,68861743.33617751,73609356.47994229,95263834.47476539
臺北市中正區忠孝東路一段８４巷２號六樓之６,25.0442400085946,121.524060024658,22000000.000000007,15825175.206023542,13057828.764447918,13320071.904130572,16510205.299126174,18398824.31775982,21083900.53648825
臺北市松山區新東街６５巷１０號四樓,25.0621000002428,121.564570014162,22769999.999999974,17701071.259642288,12089017.072849587,16183722.028589962,18222305.27152503,22235199.83830908,24972040.30906181
臺北市大安區羅斯福路三段３０９號十七樓之２,25.0173700158565,121.531929961188,112000000.00000003,81278941.37004331,45316578.20636334,69420385.74119064,76956111.18916215,104284736.29383919,117768725.00751168
臺北市松山區吉祥路５號五樓,25.0503699877534,121.562619964388,16799999.999999978,13156661.834368493,9240247.368812343,12705398.44854307,14498383.769864392,15777058.41900115,17517491.779237084
臺北市松山區健康路１８５巷２０號三樓,25.0551299867477,121.561520007235,30279999.999999985,23935795.275309708,16467518.644910207,21527438.709814403,25340945.765790496,30536809.705335744,31786091.050642483
臺北市大安區和平東路一段８５巷１２號三樓之１,25.02801,121.5255,16450000.000000028,9422100.241532011,6929716.295018378,8127697.996379504,11277725.442626182,11889718.474452997,13987256.917895932
臺北市文山區光輝路３０巷４號,24.98627399,121.554436,121801.99999999993,840346.5494149476,636747.0135278209,892168.4450194908,1146733.9727793732,2798308.368295733,6041552.4637662005
臺北市信義區富陽街７２巷１０號四樓,25.0219000154277,121.555889966691,15000000.00000001,15863988.872648234,10918836.771125529,13245494.843787204,15640165.388045412,19182472.937535044,23014885.311086133
臺北市內湖區江南街７１巷６０號六樓,25.07429999,121.57917,20000000.000000015,22675971.406151738,16297227.215948738,20593618.01715345,24357850.240136996,26578140.359767634,29152044.150377963
臺北市大安區安居街３５巷１０號,25.0196099956611,121.554990001747,8699999.999999994,17512404.77902386,9524296.627520528,15063642.092500456,18730189.152395476,21406410.297628745,23317866.841622967
臺北市中正區晉江街７２巷６號,25.02354999,121.523639,7400000.0,14973358.897224236,8453884.145323804,11163126.086790964,14669073.942434981,20268666.463363703,25744366.341742344
臺北市文山區木新路二段２１１巷６弄１４號二樓,24.98310002,121.56748,14099999.999999974,16482191.110274041,11874131.970271438,14998621.379360443,17485132.705679,19557178.090371028,23391365.924940724
臺北市北投區溫泉路７３巷６號四樓之１,25.1355900127141,121.50611001137,8499999.999999998,15320753.130429067,11048232.88481262,12328911.53000107,14956352.211768122,17134203.29945546,21093703.6406431
臺北市松山區復興南路一段５號三樓,25.0454099965493,121.544169970576,26179999.999999985,17945521.409489717,12473851.675413903,14362348.787924433,19024370.580523863,25051108.89393175,30915424.94502044
臺北市松山區敦化北路２２２巷１８弄６號,25.05924001,121.547576,22500000.000000007,16886383.7951247,10289473.153943727,13593179.209273573,19328328.24527129,22768326.047201633,25445084.79205008
臺北市北投區一心路１巷５號,25.13271301,121.474388,11579999.999999994,16680802.513281966,11163081.501583057,12822991.630784854,16506653.913189627,20490418.10407781,24238566.793151215
臺北市松山區八德路二段３４８號十二樓之９,25.04779,121.54531,15499999.999999987,11853280.884158764,8385962.833430793,9662622.429405203,13013957.448705237,13799221.946577765,15356117.990786022
臺北市南港區向陽路１９６巷３６號六樓,25.0568900187765,121.59532003179,40999999.999999985,37548785.90099771,26913600.489354443,35501991.27929157,39685614.6086985,46737794.59700378,51673678.32486981
臺北市大安區安和路二段８０號九樓之２,25.0295599852826,121.551010022662,36800000.00000003,27274752.309047006,18953644.520616487,28622267.097737104,32258014.19989266,35890145.91381587,37615700.559502795
臺北市萬華區桂林路２４６巷３２號,25.03713999,121.493135,3700000.000000002,20293650.674694285,15367989.612319797,15911593.243970552,19175912.574843626,23895385.723398607,24776400.225818448
臺北市大安區忠孝東路四段７６號四樓之９,25.04137,121.54576,13400000.000000011,8720183.843878673,5824576.600676866,7088961.267412523,8336832.418482374,10697256.19786831,13157630.676316435
臺北市中正區臨沂街２３之１號,25.04173101,121.53054,30499999.999999948,20424681.82366712,11613838.730691053,18897177.516626723,22815818.176340938,25412775.94757703,28300540.509790167
臺北市松山區八德路四段６３６號,25.049832,121.574493,15643333.330000026,13636218.375108622,10121803.388800386,12585963.325056605,15118681.652421594,15616610.53202706,17216611.867874328
臺北市信義區崇德街２０６巷３號,25.02316401,121.558398,4500000.000000002,2491852.341575763,1362016.2431508913,2219677.8704630854,2740399.472411043,4052439.149618391,7352946.704214996
臺北市南港區經貿二路２３５巷３０號二樓,25.0613299967075,121.614980037145,23379999.999999993,18866336.630725045,14249806.684472434,16132454.91087043,18466974.94860914,22043337.44717305,24008378.287202626
臺北市內湖區民權東路六段１２５號九樓,25.0690900045769,121.593060019237,68800000.00000012,62305691.24177109,43236725.56934755,53219607.708859265,69504006.14295162,71015096.54643139,90600135.24305815
臺北市信義區永吉路１７７號十二樓,25.0457699992907,121.57159002571,27999999.99999999,25453029.138477992,18396432.333819818,23880188.47322706,27228555.320918173,28245117.56663578,30156342.111891147
臺北市內湖區康樂街８５巷９２號五樓,25.0711299921717,121.620939989398,16200000.000000024,21170737.392011113,14864031.191316457,16183915.93942669,21302981.783014104,24985151.404306814,26861619.075394988
臺北市士林區社中街１５２巷１６號,25.09065098,121.510427,12200000.000000019,14927597.4049094,10388547.874057347,12861355.13297133,15501682.181505363,19120031.37359459,23785450.764838196
臺北市中山區林森北路４１６巷１號,25.05979121,121.5250618,7649999.999999994,9612415.042538198,6644710.359293161,8339944.95423395,9730933.120403446,11419192.57223054,14173995.44816972
臺北市文山區萬壽路７５巷１３號九樓,24.9860900104912,121.588149984175,12200000.000000019,21987112.384050276,14867499.837118268,17557203.93026352,23069445.08142614,26445063.39042577,28103263.49252984
臺北市士林區中山北路六段２３６巷９號十一樓之１,25.1082699955945,121.526179975609,44399999.99999998,31304987.76057617,23063533.542445224,28768530.79153691,37469747.03554601,37809928.132663056,40468028.4176204
臺北市北投區中央南路一段４１之１號五樓,25.1322499919367,121.501450008481,14679999.999999978,16694136.822222302,12238059.515796281,14306621.211229963,14318486.57761211,17311388.468960248,20591694.01726408
臺北市信義區福德街１０７之１號,25.0371899898337,121.58204997032,14499999.99999999,18663655.618074667,8981922.773934096,14519731.965822186,18209079.783244904,21163257.45406387,26055376.542306006
臺北市文山區保儀路３２號二十二樓,24.9882100033519,121.568529960498,42550000.00000005,56014622.385938235,37931619.356116265,52583323.165033884,53135839.943461396,55613664.002206296,91658603.7422578
臺北市萬華區和平西路三段２９８巷５號三樓之６,25.0351000041864,121.49370999145,11450000.000000002,17822482.869908474,12055604.877685493,13698189.533290736,16920927.437110335,21059578.2605968,24913268.374767046
臺北市中正區杭州南路一段１０１巷３１號,25.037414,121.52755,20000000.000000015,13729535.938188167,8155053.700534153,11249634.651285978,15704629.609874748,18583294.317734003,21309020.65489561
臺北市北投區知行路３３６號四樓之１２,25.122900020854,121.467059981761,4849999.999999997,7468584.107833007,5173671.551416473,5763674.659690105,6836083.197659718,8516996.438299317,9822210.576403785
臺北市松山區八德路四段６４０號二樓之１,25.0498299836413,121.574759977672,11000000.000000013,12673298.148659786,10153179.887473265,10415416.00708807,11326120.942327559,14291320.575613718,14754016.537445042
臺北市大安區安居街９８巷１９號四樓,25.0196799845526,121.552230008669,18879999.99999999,17200403.25277259,11903425.350503251,15610716.63408329,18436376.31653956,19427032.981327377,22648893.273763478
臺北市士林區重慶北路四段４９巷３７號,25.0810599909541,121.511179973144,27999999.99999999,33558753.79363902,24362294.333031114,32419618.543621957,33814857.05611662,52848248.71761958,60830801.74039104
臺北市中山區長安東路二段１０５號三樓,25.0485200179035,121.535250033036,12600000.000000015,14275217.185026737,10521817.7240494,13253603.061456554,14503990.16714433,15640775.290294942,19529661.96086798
臺北市大同區民權西路２６８號,25.06273099,121.512018,13049999.999999998,12813556.22895805,9579574.106164893,10875404.89242275,11722050.914149243,13759198.638710056,24605640.164019857
臺北市內湖區麗山街６２巷１２弄１０號三樓,25.0810899981675,121.579870004943,15519999.999999981,14119089.764493758,9170180.102981186,11201007.6502333,14975521.875373544,16605912.636434356,18758469.046077296
臺北市中山區南京東路二段１０８號七樓之５,25.05179998,121.53207,14099999.999999974,12625824.833628234,9491275.042878963,10809845.366315275,13136314.94783697,14252366.511634734,15437365.902178904
臺北市中山區中山北路二段５９巷４４弄３號四樓之４,25.0555099803282,121.524090031872,5800000.0,4900918.129919447,3198302.9503604234,4849856.681802788,6149846.291247959,6809911.655271565,7912667.339223372
臺北市北投區大業路５６８號,25.13549002,121.49703,6800000.0,4569489.582105097,2400053.6069922247,4295523.756686787,4911084.760965724,7639251.642991122,10185441.320930816
臺北市萬華區西園路二段３７２巷２３弄２４號四樓,25.0266899797258,121.490759980628,7800000.000000004,9211279.978395354,6054919.8566554375,7403694.231485516,8285396.167861942,9926407.961596189,11926056.477293542
臺北市信義區基隆路一段３５０號四樓之４３,25.0368500198409,121.561629977804,15300000.000000017,7373818.611707149,4955005.464790661,6272695.736628402,6868941.530818146,9784289.116486775,11692489.335882165
臺北市北投區溫泉路３７巷２８號九樓,25.1364194206134,121.511863859115,8000000.000000002,11450176.976768335,8161158.445185453,8753297.12401614,12377610.293036327,14350328.254276106,17744887.823672067
臺北市文山區新光路一段１１８巷１號五樓,24.99187,121.57326,600000.0000000003,12597531.000379419,8755609.79446329,10668635.640451152,13940599.496878188,15870793.778145824,17492998.344443526
臺北市文山區萬隆街１３巷５號,24.99990081,121.5391248,15000000.00000001,13530737.283516537,8258554.561897313,10889108.91900707,13944040.98484249,16449449.09568527,19077211.32808086
臺北市文山區福興路８２巷５弄１１號三樓,25.0067799841085,121.550980015449,11450000.000000002,13890587.542493794,8943351.540025784,11210200.103301968,14531826.49225838,16347820.781687032,17620279.449926652
臺北市士林區中山北路七段１９０巷３２之３號二樓,25.1258196111742,121.535188532274,13000000.000000013,15943189.41420617,10695885.725556657,12901966.855369758,16052908.182768736,19842135.96265303,22939834.828596182
臺北市文山區羅斯福路六段１４２巷２０弄２３號,24.99700991,121.5395575,14600000.000000011,14296750.06393229,10951550.885346865,12622185.858340595,14832825.919069067,17683199.593592957,19838767.846307278
臺北市大安區安和路二段１８１巷２１號,25.027362,121.550752,2199999.9999999995,5679105.588345788,3693380.76277519,3821365.3023898583,6260706.960846648,8268786.70938743,10773286.251400964
臺北市信義區松德路１１９號十一樓,25.0376900122677,121.575539997581,50500000.00000005,41595480.044134915,32656920.400296092,37867178.42564683,45400683.29647604,46803335.12414749,57768360.84056857
臺北市中山區民生東路一段２５號,25.058196,121.524317,7400000.0,9070887.496993987,6831920.876710083,7654627.3402328,8535597.058981799,10751512.859097961,13756515.273673423
臺北市士林區大南路４１７號四樓,25.0901999953623,121.516159997096,15499999.999999987,17961939.38082402,11025899.141455334,16659515.334816871,19592739.84661555,23730221.632763177,25485681.313737936
臺北市文山區政大一街１７８號,24.985320006956,121.583580002926,38449999.99999999,44549160.99069465,28880388.696475975,37240617.5870044,42292284.7913842,54512171.94836511,61466605.028058045
臺北市松山區八德路二段３４８號八樓之６,25.0477899960465,121.545309993227,19000000.000000015,15706408.259112535,10422249.312536085,12760124.355276378,14799803.075873572,18227063.57412448,22740239.279527
臺北市內湖區行善路２５巷４０弄７號四樓,25.05620999,121.5779,21880000.000000022,21548228.69022156,16169603.15132899,20076107.97972904,22060770.36445428,25365530.02465865,27032818.435820222
臺北市內湖區金龍路２２２巷１６號,25.08794501,121.585376,13650000.000000006,12164424.065717563,8663126.216676945,13278420.813651934,13578707.893467976,16047623.517892588,18271869.937208947
臺北市萬華區國興路１７號,25.02681801,121.505491,16999999.999999974,22726262.783813734,16610440.894667119,16848963.94848934,23301645.815198313,27367845.370965496,27795302.098710787
臺北市內湖區成功路四段４５號,25.08140101,121.591897,25099999.99999997,24080686.2172233,17304141.38250954,21603842.87173837,25055665.90304418,28072899.135348346,31371079.397001695
臺北市信義區松勇路６９巷６號,25.03327032,121.5700229,298880000.0000001,146503368.9035784,53414282.79884608,136110913.4625278,139162822.6396907,231856483.75200942,293379373.42431146
臺北市大同區重慶北路三段９巷１６號,25.06418998589,121.51454002667,15499999.999999987,15760857.699681131,8774104.15256343,12803746.267101698,16154469.938573282,19405965.791760717,23034765.57360345
臺北市士林區中山北路六段２３６巷９號四樓之２,25.1082699955945,121.526179975609,37850000.000000045,33277817.908526916,26187870.383778937,31120526.046846967,36588143.35995223,36988701.546442926,41939876.41565857
臺北市萬華區富民路１４５巷１５弄４８號,25.019223,121.500269,15000000.00000001,16234379.377225278,11756862.53431749,13468658.607229907,16862234.75231714,19365854.552241407,23173495.873033922
臺北市中山區中山北路三段５３號,25.06771101,121.522906,34820000.0,33413299.13447897,25929299.33804217,30197846.11202308,32461236.863150228,35361720.18794946,61654358.45737125
臺北市大安區敦南街５１號,25.02273401,121.54674,30999999.999999978,20090047.387725953,12441351.345653657,20925083.24634432,26479379.1005077,29627731.24991396,31349602.536071066
臺北市南港區重陽路１２５巷３６弄１８號四樓,25.0572299887693,121.596919969468,53679999.999999925,46890235.04814072,32657014.948914047,38651974.365323156,48917634.176711425,55654509.316850364,68885395.9522877
臺北市大安區建國南路一段２７９巷１４號四樓,25.03605001,121.5388,26879999.99999997,16448431.443061294,11229487.313708963,15191518.797394572,17062591.286234785,22126840.85901298,23961626.71394571
臺北市文山區福興路８２巷６弄７號,25.00605,121.551641,22000000.000000007,33213251.630918182,24119118.067936055,24303187.43369638,31204957.73760145,37891490.54050271,44326780.472259164
臺北市內湖區星雲街１６５號,25.08104708,121.5965382,13950000.000000026,12440511.848978221,8577098.08126828,9568081.082423449,13408769.19255438,15516809.772017851,19863206.325516358
臺北市中正區金山南路一段９８號二樓,25.0357799860815,121.527419994365,30399999.999999996,17179342.706372257,11811375.64249717,13889885.72070165,17889006.818594236,22033682.033074953,25240118.81836517
臺北市大安區復興南路二段５５號十五樓之１,25.03106001,121.54376,15499999.999999987,13632922.267519578,8605217.032107327,10613837.14910524,15302247.799803851,16141412.722522074,18416461.168719806
臺北市內湖區民權東路六段１２０巷１弄４號,25.06869899,121.587394,16700000.000000022,14044093.938390456,8067926.795224658,11444040.642420223,15462129.96826109,17285722.80731585,18722581.275154628
臺北市中山區民權東路一段６８號,25.06250799,121.524962,15000000.00000001,15685934.045368861,12173502.449685784,14980456.83296856,15591182.377103256,19674120.11771983,22879734.205493256
臺北市松山區南京東路五段２００號,25.05115001,121.564349,24999999.999999963,22446991.637277152,14996318.842249652,19898076.927218337,22262210.612989213,27442639.904057264,28659019.745542858
臺北市北投區中和街２０巷６１號四樓,25.1388499863161,121.504730014831,9549999.999999983,18514667.093225755,12917790.089324046,16436480.751415849,20115744.245918076,21685647.66660434,26538851.90415437
臺北市內湖區內湖路三段１３４號,25.087009,121.590173,15000000.00000001,13475879.004061578,8746875.140744247,10679190.523856416,14183875.234966025,16003798.695585126,18866265.073603526
臺北市信義區松山路４８２巷２４號十三樓,25.0387400132784,121.577690039565,21880000.000000022,25491547.192489892,18111456.37753277,23164701.912315875,25008492.512949355,29757845.79273013,31485090.021301676
臺北市信義區信義路五段１５０巷４９９號,25.02124799,121.573604,11615000.000000004,10286029.130074754,6774660.680404575,8926210.638627844,11377424.744357945,12335355.45516857,14190586.404331446
臺北市松山區撫遠街３９９巷１３號,25.0656328,121.5664063,18500000.000000034,15527030.239029936,10200893.820490079,13776745.201212388,16848285.249984186,18710137.47164521,21578328.742487665
臺北市文山區和平東路四段６６巷３５號,25.0057299830978,121.564979973047,40320000.00000007,37203095.997602955,28092687.372808114,35686934.43359511,40752910.16148189,46103133.682674065,58406471.4970849
臺北市士林區社中街３７３號四樓,25.09213999,121.50362,10499999.999999994,18073074.016541865,11867684.085013358,13208242.25006952,13637627.783249766,21098902.345032454,26456972.476628505
臺北市士林區東山路１２０巷５號四樓,25.1126999990608,121.539149964945,18199999.999999993,17871614.43050999,13029725.698796852,16993793.926593356,19518546.584205266,21415087.74164515,26040418.58786966
臺北市萬華區環河南路二段１８１號五樓,25.0325200124795,121.49196999217,11199999.999999998,12592568.894701608,7569058.170848703,9372907.805982634,13768585.22145994,16400543.5200537,20214354.268376015
臺北市文山區萬美街二段８０號六樓,25.0053199823039,121.560860016179,15499999.999999987,21658299.21909627,14646904.262175363,15147057.467508707,20286419.384156942,24647363.719020627,30019891.4623111
臺北市北投區東華街二段１７４巷３６弄６號,25.120704,121.509961,19200000.000000026,18057358.19128008,12058725.94297552,15531560.164833652,18521655.23606537,20436614.23777573,24561245.627097167
臺北市士林區承德路四段４０巷１３７號六樓之６,25.0818600017027,121.520180041678,5500000.000000001,5340847.881745318,3244697.0355856796,4628720.678479692,5464338.166560449,6436856.412309802,8547835.13286607
臺北市中山區中山北路二段１１８號十二樓之１,25.061069990071,121.522729984262,23320000.000000022,24327648.12169251,17433457.628088355,21658234.891717296,23394825.012732297,28611046.54926337,31938246.232070215
臺北市中正區羅斯福路三段２４４巷９弄３號二樓之１,25.0175690167436,121.529847486963,19349999.999999966,15429108.366435882,9904387.021592168,12985274.851928202,19276901.690419793,19359445.568062954,20215502.80959479
臺北市松山區光復北路１９０巷１４號七樓,25.0544599793174,121.555270041132,44799999.999999955,37411760.03033038,27238301.78710677,35829652.063900985,40380661.22042222,47001336.89536985,50519390.442437135
臺北市南港區研究院路三段５號三樓之３,25.0355600030327,121.617160002523,18500000.000000034,28032675.18619539,18612223.380257357,23112413.65422666,28466929.554456636,34592502.33479275,39210711.80646198
臺北市北投區榮華三路１４巷１０號,25.11399244,121.522982,47499999.99999994,39165262.464382306,29116736.886029385,36581687.27406635,46445841.240139775,50712218.30267351,53150488.02732763
臺北市信義區信安街１０３巷８之１號,25.02504801,121.557527,31879999.999999993,28486380.18126309,19259459.4226254,23903395.065096196,30011913.076978322,33937784.963841915,38599127.75625169
臺北市中正區南昌路二段４３號五樓,25.0324700000001,121.51856,10187099.999999989,7495812.470562177,4496141.479736781,4687990.181211668,7950340.105200908,9503460.380542653,11752870.676362857
臺北市中正區金門街２４巷１４之６號五樓,25.0221199984765,121.522220029273,9360000.000000002,10111724.25787562,7008507.424027474,8670078.245630413,9884097.18831467,12192849.47640393,13308864.70281306
臺北市北投區致遠二路９５巷１８號二樓,25.1166599873065,121.511230013106,14800000.000000004,14214423.352442596,10351260.882887207,12242507.93692686,14276078.62326617,17033121.24399511,19595250.308845393
臺北市大安區泰順街４０巷２１之１號,25.024385,121.530053,24379999.999999963,19086905.838112663,13929911.33762965,14365044.571914148,18464608.19704455,23479107.760945477,27154508.457344294
臺北市大同區承德路三段２９７之１號五樓,25.0754700159074,121.520459997244,7900000.000000005,9758580.786444282,7712689.675386115,7837545.299041847,8352130.807052839,11915117.122552564,14688410.828169141
臺北市南港區向陽路２５８巷９８號七樓,25.05827002,121.59656,4739518.999999998,19438458.680909183,12339957.858107222,17116602.008455765,21265081.877594173,26059725.208861135,27766086.837937187
臺北市文山區木柵路一段５８巷２８號三樓,24.98644,121.54814,28500000.000000034,37085208.07312892,26406096.357737053,29938053.472699493,39496156.0484601,44749517.298318714,50613612.59904048
臺北市中山區中山北路一段１０５巷１２號八樓,25.0505799963374,121.523649981955,24999999.999999963,22637377.513066847,18553502.9515341,18708849.554799173,22605981.57937428,25572784.188803717,28226256.99276232
臺北市北投區民族街３５號五樓,25.1330199954719,121.505569965348,10150000.000000011,14205289.310350858,9437972.966069322,12229541.239558473,15165849.509144068,17061169.437230993,18435820.075893834
臺北市中山區遼寧街７６巷６號四樓之６,25.0509599899179,121.541349963071,8960000.00000001,6488451.519154957,5055725.280757683,6951591.415636467,8746851.135185799,8978737.03795928,9051078.19064778
臺北市信義區嘉興街３０５巷３號,25.02326702,121.554884,15100000.000000026,10944919.643738937,8113258.592583226,9871715.36526397,13532537.396494912,14612429.113836097,17858789.93793033
臺北市士林區基河路２３８號,25.09103161,121.5215466,8400000.000000006,10589997.026773533,7705218.367620915,8869203.114602469,10481207.958791705,11663921.382516332,13527757.033320544
臺北市中山區合江街３７號十樓,25.0556500000207,121.539209979372,21500000.000000007,23182058.384418193,17214697.79613109,20744403.244118545,22812680.98899032,25611416.935500182,30627947.507279504
臺北市大同區民權西路１４４巷６號七樓之４,25.0623900140926,121.51588004153,30399999.999999996,35805850.080009446,26838977.129426144,34851334.31345125,38475017.35829721,45689808.343497954,55484511.629795104
臺北市中山區新生北路三段８２巷２９號,25.06714549,121.5264809,6000000.0,6328900.715681355,4385833.077811843,5498443.466444388,6190813.876198005,6783491.777382905,8253090.824656535
臺北市中正區三元街２１７號四樓,25.027650001006,121.513369996805,9999999.999999996,9556802.400423793,7077868.167343306,9306197.07676822,9929830.52375646,11860908.64921099,13181017.39503468
臺北市中山區林森北路２５９巷９號六樓之１１、六樓之１２,25.0543699995868,121.526309978928,10700000.000000013,10774955.786289822,6254399.429212965,8629393.484976625,10373660.658719297,12156558.515352353,15536188.711245393
臺北市士林區中正路６１５號四樓,25.0863799848996,121.509020040514,14800000.000000004,17850113.918801613,13068036.262858402,16191985.139152521,18732625.84875646,21858325.227349184,27458982.152137958
臺北市大同區民權西路１６０巷２６弄１號七樓之１,25.0615778708301,121.51570877816,38619999.99999995,54433641.54553256,38077814.0100587,44835949.17837845,58785885.57258585,64625592.447844006,73760635.36606942
臺北市信義區中坡南路２０１巷８號,25.04150399,121.585783,39179999.99999996,38883215.341018915,26406120.710253038,33777736.006330125,42130829.7219231,52072593.83915351,56274917.99535053
臺北市北投區稻香路１４０之２號三樓,25.1426899876179,121.489439998516,16000000.000000026,21612251.111147445,15837100.604474872,17695016.991708323,22456498.561580874,26935363.261808306,29187952.30790901
臺北市中山區新生北路二段２８巷５號十樓之３,25.0539299915796,121.52636001889,40279999.99999997,32463350.19620513,25460779.284374338,28549063.314387467,33317595.474871133,38261019.577960484,43733055.6483558
臺北市內湖區文湖街２１巷８２弄２５號四樓,25.0891300035124,121.560800001752,18719999.99999999,21416900.522155393,17341846.982877925,17658253.848167744,17867546.16934733,20793346.6654383,46764058.91700327
臺北市萬華區環河南路一段１２１號,25.04293101,121.500708,14499999.99999999,21749969.318346895,13626340.139411695,18867780.729979925,22941554.816174522,27347376.907608584,29718907.407185026
臺北市北投區懷德街７５巷３３號三樓之２,25.1136000059143,121.518589994646,23500000.00000002,51760105.78434395,38675991.78850296,39411039.64622086,49914328.595040195,61695624.37962644,71348149.55521655
臺北市內湖區文德路８８號,25.07828101,121.582205,74280000.00000006,113739258.57607476,48668859.59467354,109303146.8853958,124345957.94598885,158528519.8526467,199337795.0283428
臺北市內湖區安康路４３４巷２０弄１２號三樓,25.06673,121.61573,8390000.0,8300027.183919158,6651988.989006754,6763462.602416742,8264737.351153197,9560127.640097963,11130287.992262142
臺北市中山區林森北路６７巷１２６號,25.04772701,121.528333,8000000.000000002,10083006.948322438,7747506.396027731,7791736.105719741,9883074.476617876,13929042.09826747,17034526.120364793
臺北市文山區試院路１５４巷２弄２３號二樓,24.9910300108562,121.547720041847,11100000.000000015,15111336.356410488,9822759.205505507,11430691.226453062,12958123.612642255,17201346.508055378,19634460.365071543
臺北市大安區信義路三段１３４巷５２號十二樓,25.0302599999263,121.539149964945,33360000.00000005,26317763.4096485,18443613.13529139,25842316.169139996,28827003.020714544,30647230.917237006,32357198.862801407
臺北市信義區莊敬路３３３號五樓,25.0280100037474,121.564089982567,25180000.0,18090881.43203022,11729421.685724024,16460944.321897257,20475893.145380914,23585331.249788627,26049175.090486273
臺北市南港區三重路４１巷３７號十樓之３,25.0600699871127,121.612709966308,49500000.000000075,50393843.86051627,35497583.29257327,43662533.15172548,49605276.66167122,58385363.77971031,68214610.99390595
臺北市北投區中山路４７號三樓之１５,25.1388199791027,121.51162002306,7230000.000000004,12606843.215627972,7072172.317619504,8369896.849867772,13563565.572736636,16399977.51862306,20016951.353126053
臺北市中正區詔安街２６０巷１１號二樓,25.0271599949464,121.508410005601,6099999.999999996,10029873.35322176,6617461.867161829,7911930.918740747,9834892.984449105,12536622.801843185,14663012.521595836
臺北市內湖區成功路三段１７４巷３３弄１２號三樓,25.0819400069685,121.590939984466,14580000.000000026,14296432.702919059,9538895.03521743,12149055.015978297,15519717.167788947,16647683.253646653,18830580.218269892
臺北市萬華區康定路６０號,25.04260139,121.5023122,34499999.99999998,35002472.617003374,24414541.185601816,28170537.52371948,35317759.875000104,39904263.53063729,47931711.85899536
臺北市北投區中央北路三段２５８巷１弄８號,25.13590199,121.479263,8120000.000000004,13035386.658149717,8095669.543201677,9885509.818784162,13798918.128853263,16453104.884790171,19523346.303527873
臺北市內湖區民權東路六段１２３巷３４弄２８號七樓之２,25.070289999745,121.591829974946,59299999.99999995,53180037.795930505,41636240.21235005,47586557.247400925,59381750.705981895,60770883.684048094,79803591.64165656
臺北市北投區溫泉路３７巷３０號二樓之３,25.1364241376028,121.511903968359,15580000.000000015,17438089.52692301,13065774.118862266,16344297.955432247,18807308.165743224,22114960.576976404,23650377.079807125
臺北市萬華區萬大路３２９巷３弄１７號四樓,25.0241347610285,121.500846779435,11000000.000000013,10413341.039651621,7097757.073006043,8855435.677462742,10464165.276803762,14049237.217653748,17696061.443746537
臺北市士林區華齡街２３巷３號,25.0832500146158,121.519219978489,23200000.000000037,22732297.332262855,14318869.537503181,20068429.001355942,25654901.611144997,34340674.103985034,40631643.41058658
臺北市大安區基隆路二段１９０號八樓之１,25.0240899971798,121.551979976498,26580000.000000007,28640316.144106757,19984066.664642345,23526981.306954436,27663405.89238662,34504416.1335798,37730288.480116956
臺北市內湖區陽光街２０８號四樓,25.0741799990992,121.579939993834,10599999.999999996,21047987.086994193,13901995.184244113,17025428.839236796,19884923.170594465,24163400.41887591,26138837.907096192
臺北市南港區經貿二路１５７巷３６弄８０號,25.06143498,121.6147307,45449999.99999997,37235195.88920231,27229338.82602429,30496182.2335234,37203201.77684687,42684370.89475018,51669047.18718911
臺北市內湖區康寧路三段９９巷３９弄４６號,25.07337529,121.6099199,24879999.999999985,22803573.602605417,14975849.556653595,19574714.603084743,22740953.876304083,25887067.349695,29152026.154536583
臺北市士林區文林路６８１巷２０號,25.10085101,121.521416,180000.00000000006,11804368.214739732,13584471.808895197,14487931.657429077,19719135.181924213,30174130.45569258,35495223.405719556
臺北市萬華區中華路二段５０４巷１號十一樓,25.025500000932,121.508029970111,8000000.000000002,9641125.994412554,7090297.990847746,9353532.046054587,9568442.93153008,11235545.022524983,13983585.212605806
臺北市中山區龍江路４１５巷７號,25.066515,121.541537,23399999.999999978,17912336.52034646,12818677.124167377,17839575.394026805,19010578.23330211,22734133.530763876,26979010.85239256
臺北市文山區福興路８２巷４號,25.00573698,121.55095,18130000.000000004,18268280.635021772,11875326.541597761,15278483.147658302,20330661.263997905,24113371.696297377,28296789.375905216
臺北市松山區三民路１３６巷３０號二樓,25.06042002,121.56373,7400000.0,9104070.350597404,5805184.348820441,7533644.399479982,8087691.209799246,11047944.49362403,14071552.390897572
臺北市大同區民權西路１６０巷２６弄１號十六樓之１,25.0616125506636,121.515490031576,42799999.99999995,57567710.38745545,41633414.10731478,44163711.450482644,50415444.58720205,70036309.59298293,72564671.9430197
臺北市松山區敦化北路１５５巷１００弄１６號,25.05524201,121.552289,44999999.999999985,27587884.119691838,17605023.210951887,23661740.027157445,30329231.41388258,33465407.828355026,39675591.66092585
臺北市松山區南京東路三段３０３巷１４弄８之１號四樓,25.0532700005236,121.547419969713,17999999.999999985,11003827.881128786,6266849.145116794,9933948.710179169,12387529.880250426,14302197.131185789,18074587.732990418
臺北市北投區崇仁路一段１３１巷２弄５號,25.12435202,121.502393,16999999.999999974,16680802.513281966,11163081.501583057,13507038.990555346,16736482.742225671,20490418.10407781,24290092.691119645
臺北市內湖區成功路四段３０巷２８弄２１號,25.08307001,121.592018,16500000.000000013,13424961.530879283,9579171.456430493,11750935.127332939,14167773.41747393,16570311.43780611,18776419.264791336
臺北市文山區久康街１６９巷６號七樓,24.9911300069611,121.568359975502,22200000.000000004,24146561.38850175,19405201.596718658,21191948.90129246,23508436.2805508,26866890.89983324,30761337.133917984
臺北市中正區中華路二段４５５號三樓之５,25.02487999,121.5097,8000000.000000002,8708025.92499846,5944714.321057003,7033490.931940233,8669399.159139117,10509344.77175601,13036978.079858357
臺北市北投區建民路１６２巷１１之１號五樓,25.1110400050464,121.520309961178,16500000.000000013,14234901.200837336,9052717.490502393,12814953.773713896,15557242.559831204,16648527.152961966,19422533.31916975
臺北市萬華區西昌街２９巷５號二樓,25.04281999,121.50088,1699999.9999999988,6514847.976982011,4685820.395019437,5458823.611613929,6261799.341321943,9425246.882865872,12351117.206271868
臺北市北投區崗山路９巷８號,25.14062699,121.486391,9900000.000000013,15769229.130414726,10194976.197242048,12421497.609259104,15351126.76659483,18115495.957915995,22023051.489530943
臺北市中正區臨沂街６９巷８弄３號,25.03538101,121.528744,80999999.99999987,51564559.11556615,29341726.07130589,52382203.59149595,60906271.39223626,64091242.12396732,82102173.58932783
臺北市內湖區內湖路一段７３７巷６７號二樓,25.0812200014858,121.579259970029,9600000.0,14937695.044064557,9584826.035328219,12104916.580207247,15464567.361841552,17652045.45209486,19736861.575150244
臺北市士林區承德路四段４０巷１３７號五樓之１０,25.08186,121.52018,5800000.0,4714304.909132874,3078384.7151759486,4434970.034699491,4752323.536081805,6144639.036456071,8180411.3563449085
臺北市大安區永康街４巷２之３號,25.0328500080075,121.529700039667,2300000.0,965221.8468881373,704348.9683461925,959195.5988546854,1727383.5276199384,2734629.312999387,5319475.285618368
臺北市中山區大直街１２７巷１５號四樓,25.0833300198816,121.548640039539,16500000.000000013,10486767.436573636,6958304.186163098,9964365.989476688,11684623.333147611,13201255.168948092,15856627.42554861
臺北市中山區復興北路４００號七樓之２,25.06169,121.54396,12000000.000000007,10682079.288800186,6235983.720556474,9349538.903729953,12165154.069996301,14336396.541314492,17503333.524721067
臺北市中山區吉林路４９０號,25.06815039,121.5302836,35000000.000000015,31255562.26346408,20183721.095173627,28259458.76867768,35101414.00069498,36734190.594957225,42974946.39118384
臺北市內湖區環山路一段１３６巷２０弄８號四樓,25.0880400208235,121.567969965547,12662999.999999994,13067753.395946678,9034211.044781346,12648732.687714042,13618795.281023417,15353439.792045174,17158694.616914745
臺北市文山區景華街１７６巷１號,24.99733098,121.54817,8879999.999999993,9883544.844675358,6379627.4362363,8397804.700314939,9735865.414386764,10929317.509657431,14310253.208885677
臺北市內湖區內湖路一段２８５巷６９弄６６號,25.08496298,121.569601,14480000.000000011,12729026.772517316,7858751.918325952,10012557.450742826,13268765.694163388,15831489.067403138,17970257.93285384
臺北市中山區民權東路二段９號,25.06281699,121.528581,12650000.000000007,12937247.521177895,8549312.274117721,11584193.769659778,13608412.600134354,15456781.468361795,19171755.304909002
臺北市文山區木柵路一段１１７巷２弄８號,24.98826302,121.548068,20899999.99999997,26465590.359742105,17786734.345400542,22784590.688000046,25372443.565519355,30112194.02350856,35522657.64474386
臺北市大安區安東街３５巷３１號三樓,25.0442499830594,121.543360027272,5599999.999999999,9308449.514006436,6327556.96805609,7672874.363703346,10069247.059342453,12432025.550046893,15469961.462404665
臺北市信義區信義路六段３１號二樓,25.03472001,121.57591,31350000.000000037,24246059.69665362,16748234.564880706,18388329.396534946,24241646.68572142,28475149.181798425,36267776.58388453
臺北市大安區光復南路６４０號,25.03149419,121.557255,30999999.999999978,19706801.897273123,15185545.22681756,19295194.83416894,22506347.129707966,24869957.610994205,29174882.705162294
臺北市松山區南京東路四段２３號六樓之８,25.05186,121.55046,21979999.99999997,13684614.586448401,10416723.845153693,14010930.070407216,14150255.832106732,15693420.093874902,19234979.322126865
臺北市大安區富陽街１６８號二樓,25.0175200100138,121.556929993237,16479999.999999978,13991676.56984702,9572637.211930333,12145477.930569215,15673955.249055857,16496799.951726375,17780172.969432104
臺北市信義區忠孝東路五段４２３巷５弄２８號,25.04189002,121.574412,11019999.999999985,8809845.20830829,7407870.565334589,8548779.01276152,9740330.552617362,10786841.25494672,12462569.169124067
臺北市萬華區寶興街１４０巷３５號,25.02376599,121.493665,15499999.999999987,19107888.33708551,13158002.5787048,18337374.712150767,23354690.852727003,24706562.56011349,29370365.779868837
臺北市士林區中山北路七段１１４巷４號二樓,25.12295999,121.53438,13450000.000000022,15232945.429373704,9713730.177216347,13417113.103365285,15912393.985341236,17233343.28355029,20158872.162067123
臺北市中山區新生北路一段５８號五樓,25.0464799883992,121.531150025097,23599999.999999993,26750963.007699616,17966808.77864324,23758248.649655554,27431953.360706538,34581465.50324774,38213412.706000924
臺北市北投區崇仁路一段１６６巷１０號三樓,25.1227600011615,121.50214000675,21200000.000000004,21004985.72707053,14087933.161515497,19501502.243068404,21664294.122489102,25067795.866689935,27955311.71888903
臺北市文山區萬隆街４７之７號五樓,25.0006699957888,121.537030013994,16459999.999999994,17656377.536695857,12112780.442301905,15601994.206902027,17971696.943299837,20711690.09651808,24457662.41130944
臺北市內湖區內湖路二段２５３巷５６號三樓之２,25.084259992039,121.588690030197,25579999.999999966,23170362.104049362,17073734.865354,19956069.43024098,23826203.98464037,28902777.84460837,31125777.40449806
臺北市南港區興南街７６號三樓,25.055919981122,121.601289958507,11000000.000000013,9672630.03747335,6992928.365097553,7624965.849111546,10431609.624544855,13949255.585198276,17267746.632003274
臺北市內湖區民權東路六段１７９號八樓之１,25.0680500199404,121.596949976681,22079999.999999966,19450088.44739179,15165049.114393624,19045382.120761856,20436487.187850468,21166031.21439437,23148345.20948472
臺北市大同區哈密街１０７之１號,25.073008,121.514233,20500000.000000022,24887132.799090058,16363559.090574289,20666933.918578476,25549748.557162806,31788576.59215308,34223994.67208
臺北市松山區八德路四段２４５巷３２弄３５號二樓之３,25.04980999,121.56354,16000000.000000026,12216102.123193327,8357441.660717009,12110311.765188336,13567375.000818051,15971408.010088077,17267402.882193282
臺北市士林區福榮街６９號,25.09750399,121.526793,22799999.999999996,19116116.143297516,6871496.489300231,11447371.47839108,22136854.327967923,22913752.498989217,25972610.28485927
臺北市內湖區康寧路三段１８７號五樓之２,25.0699400133779,121.611940004682,19200000.000000026,18479521.78310042,14591384.973301286,16988364.630035073,18768423.19854165,21598427.729940172,24811261.04374379
臺北市北投區溫泉路６８巷６弄８號十樓之１,25.1344400155984,121.505199988142,29879999.999999978,35443767.65393532,27011674.905829795,29365896.436167665,35236158.94600677,40943712.47006963,44925539.88331506
臺北市北投區關渡路３８號二樓,25.121009985507,121.469080020426,43499999.99999997,47981324.06569856,33342992.50152468,43655512.66117488,51303218.34089913,60253514.288777106,74081858.60232766
臺北市內湖區內湖路一段２８５巷６８弄２１號,25.08588298,121.56731,18560000.000000022,16171408.710844388,9744923.975254454,13051158.166715097,16810916.946301628,18763522.950706653,21899328.711724337
臺北市北投區石牌路二段３６２號二樓,25.1234600158052,121.525529959018,25999999.999999985,31085441.784413833,18595337.24199399,26783422.389289677,33923322.783898376,39050859.88814755,39984889.685121424
臺北市中山區明水路６１３號,25.08242821,121.550539,85600000.00000006,74733982.78674065,38845033.306562304,66420406.401033506,79784469.109292,91309358.79771349,127007154.08868073
臺北市士林區華岡路２７號,25.137979986676,121.542770025107,4386881.999999999,4716497.94722216,2503038.834113032,3608790.8767543994,4374466.592562287,6744844.895645864,7987866.400793862
臺北市內湖區成功路四段２９４巷７號四樓,25.0868699909592,121.599009997025,66499999.999999985,64081329.39198851,46604887.03303717,65370098.53479354,67531097.00365283,81009285.93769175,98653127.21170631
臺北市大安區仁愛路四段３１４號,25.03733701,121.555269,69199999.99999988,38801669.630983934,29557937.464328017,36466628.74087099,43244720.42398383,49098083.06107132,59824488.73157662
臺北市士林區延平北路六段２１１號三樓之３,25.0893299957222,121.505539958135,30000000.00000005,37204730.23684699,26056161.167418845,30427081.08797199,38149173.870074324,44088390.36943847,51774334.63207408
臺北市中山區明水路３９７巷１８弄２２號十五樓,25.0783300050899,121.546689989765,97000000.0,56444206.107639365,43828319.033974215,47257594.51975959,58797422.67273866,67470407.30152075,71353720.11042918
臺北市內湖區文德路２０８巷６０號六樓,25.0762699847465,121.583370036252,35100000.00000006,36203319.58476273,25700254.840222813,32260014.020033132,38021193.9440721,49673541.90458852,55188930.82638554
臺北市松山區新東街９巷５號,25.05794002,121.565761,16000000.000000026,10945073.041385364,6483259.8031975515,9226583.999452377,11495860.68226373,13863192.228735715,16029484.255235443
臺北市文山區景華街１５０巷１之１號二樓,24.996309981214,121.547999997413,19599999.99999999,20869390.640597034,16654504.953023931,18732238.350390762,20945016.49484316,26444926.34532611,26505526.264666203
臺北市信義區中坡北路１９號七樓,25.0448399852239,121.580899973205,31399999.99999999,26858765.598522216,19161736.164983355,21521553.258704416,27314442.81388146,31631252.5165396,35169540.6830236
臺北市信義區光復南路５６７號十樓之１１,25.0308199948775,121.557780002038,14000000.000000007,12475359.3293158,9490660.573730242,10428404.645768283,11631978.541981662,14548174.618156236,16789767.16795986
臺北市內湖區內湖路一段２０３巷５號,25.08396298,121.563659,17899999.999999996,15691594.43122758,11617805.002864625,13883379.615244444,16281720.33960651,19685888.2978899,21445763.07224044
臺北市信義區松山路５４１巷１７號四樓,25.03792001,121.57883,24500000.000000007,21086891.804207653,12901498.764315765,18494967.67050081,23917464.389913842,24441180.963497974,30169319.01271892
臺北市南港區中坡北路６０巷１５號四樓,25.0468599819797,121.5813800048,16000000.000000026,16247863.74763799,11593895.026343314,15881432.453938972,17834284.083348442,20272658.672292758,23175909.40678399
臺北市中山區錦州街３９３號,25.06036,121.541367,3000000.000000001,2927861.2026987155,1719328.5777279786,2263008.824460277,3051251.0772640547,4276824.112220139,5461632.964687788
臺北市士林區延平北路五段１６３巷１１號,25.0826300052379,121.509659998822,30000000.00000005,33826376.481457114,20585644.07421091,24859018.168800756,30780675.03830567,42739877.26888393,48057872.48677387
臺北市萬華區環河南路二段１２９號,25.0341,121.493462,5699999.999999996,31462070.695279926,21663283.780596152,28237686.11394642,33919338.30574133,38803549.59879578,44375006.638358496
臺北市內湖區文德路９０巷４３號八樓,25.077189982439,121.582530001915,21799999.99999997,21434167.992504675,14829783.007914992,18299401.121486552,20816457.461873475,25270176.667114444,25525134.1293097
臺北市士林區忠義街９０號五樓,25.1064300002094,121.53207002279,20000000.000000015,27982202.196101576,18339023.26307552,23342614.15275388,31531080.53060979,35376791.87471052,38824735.55434703
臺北市信義區永吉路１８０巷６６弄２８號,25.04337998,121.570453,22660000.00000004,16994794.68717285,11580093.81906169,15727390.068659663,19254373.070001625,20407793.445352327,23716445.316416886
臺北市信義區松山路４６５巷２弄１號,25.03930399,121.578535,16999999.999999974,10537289.55640789,7048595.009810904,8584611.367949342,11322382.124727072,13723418.60857154,16765353.495811058
臺北市北投區尊賢街２０９號二樓,25.115409994086,121.50794003229,17700000.000000007,17011220.26919705,12731685.455531111,15186583.972428875,17716432.81041862,20336171.638437595,23430183.494588047
臺北市松山區撫遠街３８０巷２１號二樓,25.0641199969985,121.56480998805,10060000.000000017,11298557.101120774,8298823.13855752,10044238.601026518,11059169.458691124,14432330.731682621,16611564.741538912
臺北市士林區承德路四段６巷１１號,25.07933202,121.521047,6000000.0,9731467.62122046,5678033.726492588,6367309.595968561,9960059.51476238,12444743.027473276,15752395.31832528
臺北市中山區明水路５６３號六樓,25.0793899805655,121.551779984288,48999999.999999955,37411760.03033038,26845472.457354136,33687492.62458052,41814391.245040424,46657378.82125272,51811959.556364305
臺北市信義區吳興街５８３巷１５弄１７號,25.02266801,121.570276,11579999.999999994,11718023.901605628,5205996.21888668,6663047.056280615,9784525.02695431,13203372.863434171,13305727.264676139
臺北市中山區北安路４５８巷４１弄７０號八樓,25.079339982513,121.54688000751,43349999.99999999,30966046.778534792,24183380.001509055,26935637.674500994,28915548.010719806,31145412.031507414,50897010.515263684
臺北市信義區松山路５１５巷１號,25.038694,121.578526,12499999.999999985,11382103.367985528,8961086.21910039,9510678.514179032,12185098.808552148,15893058.216760037,18358534.13477842
臺北市松山區民生東路五段２０２號十八樓之７,25.0581999845142,121.564449985309,7519999.999999999,7204650.522277879,4980362.584654502,6156658.109302986,7512280.208516295,9381942.739492962,9897040.975324832
臺北市內湖區民權東路六段２１０巷２１弄３號,25.06685799,121.597875,12000000.000000007,14272817.681057822,10915489.799401201,12325807.975488309,12639305.781003304,15882671.634300692,19020350.141711455
臺北市大同區民權西路９１號,25.06308102,121.51887,6800000.0,4533094.751747108,3231576.6173860095,3631902.137556445,4466809.779670629,4970109.799755949,6287229.303898595
臺北市萬華區中華路二段５０４巷１３號十二樓,25.0254099792919,121.508059977325,12499999.999999985,11730829.784735233,6696646.702420561,11083452.340397421,13252691.283784293,15819179.676856797,18168640.616240848
臺北市大安區羅斯福路二段８１巷１２號二樓,25.0256400206246,121.524569979647,29700000.000000034,18077957.070332225,12755260.448084723,16885276.162365302,18901173.519122466,22514686.075692907,27064948.078000784
臺北市南港區向陽路２５８巷９８號七樓之２,25.05827002,121.59656,24500000.000000007,25853304.699316423,19575398.71330477,24297864.17703328,25297869.105940405,29412597.824682985,33419209.048663642
臺北市內湖區內湖路三段６０巷３５號二樓,25.0882507963093,121.592155146259,67499999.99999988,61517738.252221115,39773847.990752794,59317514.912084386,65508495.32534795,72337292.19662617,86502989.50739971
臺北市中正區重慶南路三段１４１號,25.023465,121.517058,17600000.000000015,18879744.175636876,12373522.271070847,16443320.949373767,19702682.220421787,24411469.02580543,27067856.987962127
臺北市北投區三合街一段８２巷７３號二樓之１,25.1286000083799,121.504330030412,12899999.999999998,14302309.083622195,11394081.615111984,11953783.510682976,12646971.394561188,16023173.14884893,18847470.971944813
臺北市大安區復興南路二段６號九樓,25.0303782977592,121.5434167379,55000000.000000075,43110836.3227572,30797435.107181657,41588655.20028566,50126414.007495046,54902366.144467145,64197769.81708188
臺北市中山區民生東路一段７７號九樓之２,25.0582700153153,121.526850024949,8499999.999999998,9461623.243482571,7260251.046245227,8618933.53594762,9740279.443491038,11965990.267375922,12983249.673382204
臺北市北投區光明路１８５號三樓之１,25.1357799885495,121.503220014974,49299999.99999999,40079267.56824486,28681819.52067673,34507290.91441424,45655060.745944574,50679963.04705155,56924671.66861361
臺北市大同區大龍街１９２號三樓之１,25.0690099993111,121.515830001568,40400000.000000015,39433853.24235505,28552741.538445532,37149277.06643166,47017773.79023172,52347059.8644266,55451427.22494111
臺北市松山區敦化北路１４５巷２３弄３號二樓,25.053200011632,121.550360006071,42500000.00000005,23304124.951598305,18577187.37353285,19573346.63691037,24033715.535014518,26282231.034645658,32110937.55466651
臺北市士林區仰德大道三段１２１號,25.12207872,121.5518094,1499999.9999999986,16689606.37569432,10664099.352018125,16517891.574009713,19798568.82887094,37465751.65340468,37905006.15959281
臺北市大同區重慶北路三段２５２巷７弄２之３號,25.071470004074,121.51317997906,9150000.00000001,11659855.756519407,6727967.162839673,10111705.315798745,11835374.550782412,13582845.088867083,16796101.09858068
臺北市內湖區內湖路三段３２９巷２弄７號,25.08849,121.585502,10199999.999999985,13573267.148398172,8544083.395343825,11446342.364751186,14095433.52802423,17270986.32908258,20126036.484286994
臺北市中山區松江路４６９巷１號,25.06667099,121.533618,30000000.00000005,24392589.21292396,16718264.856192222,22736719.27380405,26870313.38742841,29841996.44454042,33281448.341958348
臺北市大安區和平東路二段７６巷２３弄８號,25.02243398,121.54003,28500000.000000034,26796465.168114588,18790600.41150216,20550466.47378746,28169769.05351073,30907441.61175682,37394610.06190125
臺北市萬華區中華路二段６６６之１２號十四樓之３,25.0241599860714,121.511179973144,29499999.999999966,35054863.898543574,28489335.701475926,32194322.913233645,36426879.86144478,40030252.959343344,44594380.09433036
臺北市士林區中山北路六段４０５巷８９號,25.1177084,121.5259074,69800000.00000007,53034676.412255555,34636468.918641806,40888684.66792338,49864608.28092416,59745847.61089628,70284467.3066202
臺北市中山區林森北路２８９號,25.05560499,121.52558,10875000.000000019,11685211.526220938,8447216.583840858,11176961.803159367,11581322.249518275,15743414.893003939,22542439.480086826
臺北市內湖區內湖路一段４７巷３４之１號,25.08835602,121.55837,31379999.99999995,25174726.709893275,16594608.177898036,19811189.819769498,28094594.084199466,31723609.2238537,35176134.1773381
臺北市大同區延平北路四段９９號四樓之１,25.0709600071753,121.510979980934,14000000.000000007,15719546.460031629,10921104.67879509,13698536.87366565,15682674.800445436,18660756.40719118,21342179.587647352
臺北市北投區復興一路６２巷２號五樓,25.1419699821351,121.503489996075,8499999.999999998,14084624.922821507,10093385.092405591,12117585.762548616,13841431.739201898,17920082.631030552,22057459.042591184
臺北市士林區重慶北路四段９４號五樓,25.08245,121.51286,8499999.999999998,11654647.632729743,8328118.957588726,10254630.00261973,11262287.581211494,13917538.317047043,16388162.262447061
臺北市內湖區康樂街２０４之３號三樓之６,25.0762800011208,121.621290017674,15900000.000000022,16752236.690312011,12822699.696298081,15643495.893187635,18304245.450188156,21238770.467708312,22863746.98817846
臺北市萬華區萬大路３４４巷３８號二十一樓之３,25.023990001075,121.498430008766,17600000.000000015,21755536.175433874,18180555.37817377,18684354.407903153,19050496.60912958,27357393.48834166,31144280.677945457
臺北市士林區天玉街３８巷１１之１號,25.12034601,121.529107,22700000.000000037,17586256.90916824,11278687.143487593,15840490.018742617,19773893.973641064,21466753.037814267,27038014.463948715
臺北市中山區農安街３３號二樓之１,25.065020003852,121.525180014561,13700000.000000019,14607388.961051524,12099204.280296654,12187438.755878644,13747791.090705724,15054500.275451276,24121303.27953739
臺北市大同區哈密街５９巷７８弄４３號二樓,25.0758200022745,121.514310027247,7800000.000000004,6687123.6149937585,4802477.33794354,5236978.248866495,7128652.639695839,9075695.375415573,10431743.649817258
臺北市士林區中山北路六段４１９巷３號,25.113621,121.526531,22349999.999999978,15980049.133971483,11297489.11951271,14240849.356347583,18288704.979150344,19723040.20646613,23631218.154126626
臺北市大安區和平東路三段１巷３８號,25.02642901,121.54662,26199999.999999996,24398719.224121675,18138068.068932388,21171293.4721654,23679707.946516655,28518717.899475217,29898437.793801256
臺北市中正區同安街６６號,25.02312599,121.520884,16799999.999999978,15174425.83453644,9808025.894206693,12281193.543000009,15601182.092027245,18197256.842666715,23260191.21804987
臺北市松山區富錦街５７１巷７號三樓,25.06224002,121.56658,16980000.000000022,14588225.601687549,10250013.69512025,13333088.882810185,16222859.362863949,19210025.98409543,20641871.491273303
臺北市松山區富錦街３５８號四樓,25.0604299898541,121.557949987034,20999999.99999998,12117265.6522481,8080123.30641899,10616243.51157137,12396493.993259072,15535530.949329017,18589054.317170527
臺北市文山區和平東路四段６６巷３９號四樓,25.00554001,121.56501,27999999.99999999,45560026.38910333,28801100.63231302,38965926.049431145,52818555.1314001,54265146.04778368,65005801.05234814
臺北市南港區重陽路１２５巷３６弄１６號五樓,25.0574000156752,121.59686003886,52999999.99999999,46771841.13459195,32657014.948914047,37941908.00662839,47699697.290554695,55317424.32042251,68815553.10030343
臺北市大安區大安路一段９５號五樓,25.0263400000001,121.53477,55200000.00000003,38545557.14804229,27090925.534095645,33586860.978286505,40266045.65029881,52510611.61630792,56113901.269927606
臺北市中正區中華路一段２５號十樓,25.0468841909596,121.509871480448,7800000.000000004,7723406.394800038,6524111.996225543,6775644.362315603,7627469.494116759,8942695.472758813,10692307.331924152
臺北市大安區仁愛路四段３４５巷４弄４號,25.03882702,121.553868,42000000.00000003,37316344.63606911,20166967.49755937,31065850.794486377,41394065.212949626,43610482.81532199,46007953.34845295
臺北市中山區德惠街４５號五樓之２,25.0667199795445,121.526929988306,6000000.0,5461174.503271145,3538398.0592173124,5760813.898575453,5907278.752199388,6116136.803847723,7160867.526393546
臺北市文山區景興路９７巷３號,24.9954999960007,121.545070019339,18500000.000000034,18413430.108277313,11118487.233094152,17218598.070870478,20491741.49455947,24113173.987677816,27444861.1233677
臺北市內湖區東湖路１１３巷４９弄７號,25.07016901,121.615644,10599999.999999996,16437072.827402955,10600499.347748391,13747628.200831523,16735423.509020995,19687055.88723482,23284586.412940107
臺北市南港區研究院路二段７０巷１號二樓,25.0455099926542,121.614549961693,8999999.999999996,17967412.443359572,13350051.224375578,15646667.19333138,20015682.3720926,21960173.47358182,27307106.242504407
臺北市信義區吳興街１５６巷３３弄３號四樓,25.02794042161,121.560239111898,18779999.999999985,18812865.18014063,13369986.807462595,16825181.77676433,17826520.201718047,21908606.34856939,26937120.168771416
臺北市信義區松德路１７０之５號,25.03628202,121.574177,65000000.00000007,44608968.926123366,27948540.666648295,35447306.17412104,44174066.3740229,55705973.130063914,65205132.553083636
臺北市大同區重慶北路二段６７號八樓之１２,25.05573001,121.51417,4999999.999999999,4061300.735392194,2502555.7476245905,2626270.8432512227,4525539.140531861,4588050.7436696,5235395.265310516
臺北市北投區清江路２１７號,25.127024,121.501836,9999999.999999996,16818296.244857438,11133156.375335962,14108735.40009693,16129302.142058134,25675908.39751651,27092701.26610636
臺北市中山區民權東路一段１９號,25.06288537,121.5235454,65580000.00000008,52423932.939663514,34827594.25248049,42822427.21804546,61201526.14010767,62068377.565819725,72220538.40216786
臺北市內湖區安泰街５３巷９號五樓,25.0746799796236,121.61731003859,13600000.00000001,17130736.31083667,12323527.689047087,13427328.65442171,16136573.50118059,20243281.563470688,23791459.552460622
臺北市中正區博愛路２３０巷７號,25.033632,121.509716,16099999.99999999,14109165.13469169,9734550.944814593,11474026.563900836,14340781.644281654,18058547.244419526,19368232.07455891
臺北市內湖區江南街６５巷２５之３號,25.07712699,121.578063,22100000.000000015,18391552.379623394,12551171.550610442,14648729.145263838,18554443.06402664,21238658.48536823,27218282.380231462
臺北市中正區忠孝東路二段１３０號六樓之７,25.0423899968352,121.531810016153,22629999.999999963,14518264.474457663,11996943.779337838,14141624.388814958,15505486.875293417,17856991.57842768,22520941.749518827
臺北市大安區仁愛路四段４１３號十三樓,25.0380000169566,121.556160031611,38500000.00000002,25551827.31136631,18396432.333819818,26867475.385380905,28671668.865821652,30777039.088131234,35442284.9310112
臺北市大安區瑞安街２０８巷５３弄７號五樓,25.0303900032446,121.540930029722,46999999.99999997,32187587.83669952,23391685.623566907,28284804.19246575,34067806.20492905,39491761.928466454,45585106.475852214
臺北市大同區錦西街３８巷８號五樓,25.06003001,121.52031,30600000.000000004,26707253.07417114,17145842.281001747,21888038.367162768,27054040.612849407,31589974.691533126,35150651.75716101
臺北市內湖區康樂街７２巷１７弄３９號,25.07057901,121.61704,7439999.999999994,11573765.057344181,7445702.059355004,8716865.40933379,11531709.135218456,14405833.578989536,15734145.497818911
臺北市中正區南昌路二段４２巷１４號二樓,25.0275599793659,121.519809980653,20000000.000000015,14330247.206013236,9932283.211059822,12153175.787320249,14735135.427320646,16515872.652773127,19295559.444155667
臺北市北投區一德街１０巷１３號三樓,25.12901998,121.4689,9299999.999999993,11826902.08599696,8222054.648069947,10045575.334191078,11598880.27565554,14067681.984509915,16041497.738829048
臺北市中山區民生東路二段９３巷１９號,25.05873701,121.531054,39030000.00000003,34838958.08787563,25457061.734259658,29303289.85057752,37340256.53828486,43547057.91300941,46217761.27751884
臺北市大安區復興南路二段５５號七樓之１,25.0310600106749,121.543760011691,15199999.99999998,13377810.907999966,8901295.224862505,10873266.380669463,13832600.365106137,15200170.134455955,17614363.59996742
臺北市北投區稻香路１６１巷１６弄６之１號四樓,25.14245001373,121.488880003564,20329999.999999985,25452412.684508096,19911324.86314119,21573169.375993736,23799894.73419629,28120430.395263303,34586182.14728157
臺北市松山區三民路７４巷２號五樓,25.0556100183426,121.564249993099,31300000.00000001,23875359.397101924,16301984.655776585,21354808.460258253,24847203.734269794,30482685.3548814,31218043.02131608
臺北市松山區民族東路６７５號七樓,25.0639399956278,121.547690034633,24000000.0,24408742.526380852,17572821.770316932,21915598.074404933,24316885.183273282,29260108.108513456,34706652.16241351
臺北市北投區承德路七段１６２號,25.11320601,121.508873,15000000.00000001,13657167.536997126,8925145.111446045,10776036.494190946,14608527.738337507,17097396.719597943,20611207.326421775
臺北市北投區中央北路四段１８巷４６弄１８號四樓,25.1362699946092,121.478869999516,19799999.99999998,26887005.403613992,17565357.51035995,23508469.64178155,26570287.406816587,32306634.627434388,36854564.81223715
臺北市中山區民生東路三段８８巷１２號十五樓之１,25.0571900070911,121.542559974614,23880000.0,26502218.88416805,18319134.967655055,25317091.955937453,29596983.054644324,31952441.886417422,36102640.08636371
臺北市大安區師大路５９巷９號六樓之６,25.0240000174493,121.529139960897,11599999.999999983,8729945.30522279,7094326.748793281,8712114.427031865,11479945.656015988,11623596.279753702,12538248.385072488
臺北市大安區羅斯福路三段２８３巷１９弄１２號,25.01956,121.53107,48000000.00000006,27925160.81809588,17126261.03036758,28526252.081210367,36626503.63806761,44528713.01026168,49798439.34528303
臺北市文山區景興路１７７巷２０號五樓,24.99259998,121.54539,16500000.000000013,16225790.887493372,12149661.091290183,14415131.734149376,17158667.31236762,19834360.855759453,22159236.744719613
臺北市大安區敦化南路一段２７０巷６號五樓之１,25.0389200146491,121.548009971878,12450000.0,32986349.36148982,18490881.85101426,29755095.35056975,40509946.94024614,43904145.321827754,46040031.671006866
臺北市松山區民生東路五段１３１號,25.05886601,121.561296,17999999.999999985,13997968.337056587,8242718.585598453,11532692.242684955,13674423.768657848,17723755.112443082,18565686.009827543
臺北市信義區松德路１２７號,25.03743202,121.575299,54500000.00000007,38423169.86522691,30187305.41529107,36626054.26026323,47805562.67027469,51605659.07783958,55457614.469758466
臺北市北投區吉利街２８０巷３３弄１２號四樓,25.1171900169538,121.510489974874,13499999.999999993,11956922.658311568,8436096.537191447,9604776.610055247,11217385.33694219,14108686.012324639,16833776.4094899
臺北市中正區南昌路一段５４巷２４號,25.03091899,121.516208,17079999.99999997,12117093.97770591,9761394.192149572,11063631.86521943,12849130.592330396,14426841.265848227,16264507.566027902
臺北市北投區大度路三段３０１巷２８弄１４號三樓,25.1223500003677,121.465470018548,10559999.999999987,17170283.271213625,11946970.468147885,14984588.337774064,17243197.381055996,20539173.31531175,23328416.463426027
臺北市中山區通北街１１８巷９號,25.08468902,121.537155,27999999.99999999,32583835.86370506,24647288.051686414,27103014.55407333,32734208.12633382,36094697.58181495,42249058.46971214
臺北市文山區福興路８２巷１弄１６號四樓,25.0066900043779,121.550550023816,9549999.999999983,14314663.473259639,8973514.796460986,12287296.056037141,15541100.301705081,17201137.216961507,18050305.776423775
臺北市中正區水源路７７號十樓,25.0210399902524,121.520030005611,43880000.00000004,37645869.18522101,29235595.072405986,34604726.33191119,38993491.46198277,43359439.09406203,43690762.39069898
臺北市內湖區南京東路六段１５１號六樓,25.0565099832865,121.579310009991,30000000.00000005,26718641.626031052,19241949.636988465,25780525.855947815,30018466.107198667,31274945.09669417,38160261.019048624
臺北市中山區通北街１１８巷１１號,25.08476802,121.537125,13499999.999999993,15550020.546679914,9028138.520776322,12050277.61195846,14646040.886371361,20218854.59383296,24258403.855852015
臺北市內湖區南京東路六段３８９號,25.059663,121.5849961,59000000.00000009,52423932.939663514,34827594.25248049,41691455.15361126,60534894.86380049,61201526.14010767,73502303.22366273
臺北市松山區光復北路１９７之１號,25.059634,121.55522,44999999.999999985,32683820.56804427,26085239.056337386,34336102.421108164,36579735.22561158,40518416.61541314,44901756.43453276
臺北市松山區南京東路五段２５０巷１８弄１５之３號,25.05028001,121.56691,10499999.999999994,9446975.64285079,5351271.747977223,8663777.419871822,10061591.189782985,13249319.532355642,16192003.499775752
臺北市萬華區西藏路５０８號三樓,25.0287699909083,121.493570013667,8000000.000000002,9733085.376684818,6531448.777410658,7707011.717511525,10408688.933208505,12940098.569172444,15226674.181793056
臺北市北投區致遠三路１１４巷１２號,25.1220971602584,121.510764482203,6014785.999999994,11750515.055387078,6741321.8474757,9749789.790446835,11362113.182562811,13619393.608967487,16198393.795673719
臺北市文山區汀州路四段２５７號九樓,25.0017899856911,121.536149997979,36379999.99999995,36674482.72126766,27587834.407254748,35895636.234440334,36690964.86064388,44629533.54160887,50217650.149965234
臺北市士林區天母東路８５號,25.11827501,121.535605,37999999.99999996,37946451.07033733,27108512.402248975,35098416.80168748,41198660.28792168,47883912.333308026,58004947.78722635
臺北市北投區行義路１４２之１號四樓,25.1298399852262,121.52819003981,8299999.999999997,14291965.906917281,9602774.336409008,11211065.007530998,13731769.75498023,17900298.741081458,21023015.62783515
臺北市內湖區成功路四段２２３巷１５弄１１號三樓之１,25.08371999,121.59611,17700000.000000007,13705525.682128882,9796914.908727951,11579504.626103953,14062862.788555961,17745853.38839972,20420644.194933977
臺北市萬華區西寧南路１２５號九樓之２,25.0445800204969,121.506560035751,22920000.000000022,22570053.524882637,17374637.54258877,20707299.633440148,22718005.32473447,26638542.878877122,27615930.149756305
臺北市內湖區行善路２５巷３６號,25.05589898,121.5772176,24980000.000000045,23604459.52107159,16018224.856859399,20626394.41381035,24265045.36639384,27911725.649663173,30973613.856072597
臺北市士林區文林路７６５號,25.1032924,121.5189652,21979999.99999997,23997071.846867148,15195332.517853834,21553890.793389373,23735112.442556918,29219662.878918823,34166724.95281151
臺北市信義區吳興街６００巷５６之３號,25.02029999,121.569824,7500000.000000002,25070564.626719747,16340939.26978502,18471908.50233475,23042834.991944402,28551951.82025472,31623453.61767671
臺北市內湖區環山路一段５９巷３０弄６號二樓,25.0853099930497,121.56752999945,16000000.000000026,13114270.851907514,9398889.843562877,12311447.3082235,13509902.03340948,15294264.007573307,17182551.423252974
臺北市松山區南京東路四段２３號二樓之３,25.0518599967714,121.550460002176,10480000.000000007,8674776.47859699,6491633.296367925,8417946.69318167,9928522.802701619,11018818.34362917,11854052.979190487
臺北市大同區重慶北路一段２９號,25.05047602,121.513808,5599999.999999999,6264437.719477182,4426584.930915611,5483919.588609539,6324421.824291462,9211015.181583485,11707676.891580895
臺北市中山區新生北路三段６１號二樓之１５,25.0659200107054,121.528060036492,8000000.000000002,9625858.48629054,6291763.189174317,8118489.4955597045,9277632.653101243,11297348.63176978,13404816.665850814
臺北市中山區長春路２２０號十一樓之８,25.054619989849,121.537680030585,9099999.999999985,7759198.2412795685,5864182.1998027405,7404684.967902348,7945579.632927041,8576225.900343036,9436037.01993813
臺北市萬華區大理街１７０巷５８號五樓之１,25.0328399916332,121.492810026506,8299999.999999997,10121243.51390684,6258665.289928315,8869862.938970914,10351159.751163727,12183071.3223942,15150423.038503889
臺北市中山區林森北路５７５號六樓之１５,25.0653300085409,121.5259799834,13499999.999999993,14834121.726465242,10630884.18994893,13430625.847442761,15184134.276940359,18167310.587246425,21932446.887646593
臺北市大安區和平東路一段１７７號八樓之２,25.0264899875161,121.532170018895,22900000.000000037,15160023.394736307,11077456.800516315,12497974.803092044,14529808.835652405,18312459.46030973,22354248.80498201
臺北市松山區富錦街３４４號,25.06039529,121.5572903,46999999.99999997,32207169.827494252,24228664.892930754,28531634.76025317,34639116.139475815,39644871.39965611,47513223.83544989
臺北市北投區中山路４７號七樓之７,25.1388499863161,121.511780033592,6699999.999999995,10782931.629603695,6461620.5935202455,8283947.691593833,10335674.316351127,13179280.911555424,17007597.226287138
臺北市大同區大龍街１３９號六樓之１,25.0675399811322,121.516029993778,4750000.000000003,16177574.2255474,11025814.3571937,13441159.44799742,15788777.63775135,19704983.679402005,25878030.509264402
臺北市大同區酒泉街１８９號,25.072225,121.512175,16500000.000000013,15121307.022512343,9945631.454464223,13102239.994245097,15821428.736320814,19461150.60023807,22870297.13723934
臺北市信義區永吉路１８０巷６０弄２５號,25.04377301,121.570914,17999999.999999985,16262039.435974624,7493575.801809931,10283554.591123456,18181911.765363835,19228748.10350168,21345160.461538892
臺北市大同區民生西路１９１號九樓,25.0572799868217,121.516780006474,41800000.0,38788311.221203774,27755473.060700737,37257227.52318256,41851664.591098964,47267186.41493335,53256746.20425997
臺北市大安區仁愛路四段５０之７３號,25.03760062,121.5473785,28149999.99999997,12257956.180163516,7974239.385492578,11183768.097541813,13438114.494460028,14114035.994706975,17818784.25657901
臺北市信義區林口街１６４之１號三樓,25.0402500131355,121.580669973782,13499999.999999993,9695580.874338565,6142377.735199751,8714958.901392384,10440175.956976723,12363058.411347661,14680234.843497641
臺北市文山區萬芳路２０號,24.99587291,121.5704706,14580000.000000026,13111345.561246317,8822191.52132443,9751209.967138182,14605936.48612795,16408948.863209119,22168123.9137128
臺北市大同區庫倫街１３巷３弄２１號三樓,25.0727199972946,121.517939978055,15619999.999999981,18604208.234588545,14251905.651497694,15863268.865547609,18407042.912540473,21387052.53340549,25910559.417454585
臺北市北投區天母西路１１７巷５０號,25.12124501,121.52451,62000000.000000045,54167327.11468732,40963113.045051016,50201231.81179871,61080056.03238155,62126477.78945605,82919762.23840193
臺北市信義區光復南路４１５巷２號,25.03714121,121.5579511,17999999.999999985,10899393.214756062,7916600.984935161,11391370.701171238,12526791.118479451,13844784.659814134,16770737.814004328
臺北市萬華區西寧南路３０７號,25.03818199,121.506499,9800000.000000007,11030861.180354873,8258258.409783063,9689162.038768014,10027145.5567483,12773171.691583065,19081981.881000355
臺北市北投區豐年路二段１２０號二樓,25.13676,121.49424,7349999.999999996,7542034.426788548,4998287.4722221,6262231.768972762,7100837.900195057,8757766.37151977,10981232.823859688
臺北市信義區松勤街９號十四樓之１４,25.0321900169515,121.56103997564,20300000.000000015,15644871.868752362,10432614.694948098,12364052.572076742,14871136.43932562,18642125.499861922,22861487.297162034
臺北市大安區信義路二段１２號,25.03490898,121.524912,21660000.0,14231287.804732215,10220128.149354115,13002594.997697715,15075562.114528634,15614713.345392026,20364117.62811575
臺北市文山區景華街７４號,24.99504,121.545142,16600000.000000017,11830402.824256716,5930845.873221353,8854257.25180403,14506799.687742528,14545308.777906459,16719689.870079923
臺北市松山區三民路１０７巷７號,25.057642,121.563167,16500000.000000013,11968178.819370698,8084001.228077836,11657504.322430266,12461105.94080542,14713094.841653118,20258055.094503433
臺北市內湖區成功路五段４２０巷１１號十樓,25.0753100053758,121.607809989531,23799999.999999996,17939982.730043642,11554871.848242074,16672723.800441792,19955358.20099692,23113516.44263712,24801358.285613086
臺北市信義區吳興街６００巷６０號五樓之１,25.0197599898184,121.570280018062,16580000.000000013,16283601.586409735,12876491.272247955,14556671.80869545,16615311.976805842,18962425.56716872,22600518.440881774
臺北市文山區興隆路四段１４５巷２３弄１２號四樓,24.9856399861097,121.562770000455,15689999.999999996,15858073.144588964,11946787.386945024,16149935.824457698,16579141.310993414,20071247.977570537,22505380.08762036
臺北市松山區八德路二段３４８號十二樓之１０,25.0477899960465,121.545309993227,17800000.0,13207577.101515017,9688215.770964123,11089535.825667998,13301330.838841945,15880752.894830942,18306627.516895063
臺北市松山區民權東路三段１６０巷２５號,25.05971501,121.54687,23299999.999999985,16747325.315734861,10289473.153943727,13521331.090000078,17351972.950666353,21670002.659469273,24423875.14974309
臺北市文山區汀州路四段２９１號,25.00148295,121.5355503,6884471.0,24815729.707415607,10135331.355448244,15281402.958232557,18036882.41836581,34675497.791816354,35364343.78528346
臺北市大同區平陽街２２號,25.0552200083878,121.515999986565,17049999.99999997,15724931.86181167,10457961.147174044,14025773.003796134,17774956.597473048,20962060.323147215,24698340.820650186
臺北市文山區辛亥路四段７７巷１８號四樓之１,25.0077700126021,121.560340002906,10499999.999999994,10379447.422478005,7383057.469387713,10496701.02708562,11289957.957308503,13269726.35079663,14639042.280939067
臺北市中山區德惠街３２號,25.06658201,121.526014,12000000.000000007,14300096.301851818,8362009.312604346,11821795.773169208,16257160.106724339,19542903.541212834,22167867.069698468
臺北市中山區長春路２８號七樓之７,25.0547300023282,121.541829994666,12020000.000000015,12476653.254022697,9176598.783452893,10135465.11979514,11339224.039738769,12791173.250598757,13421095.70908081
臺北市中山區吉林路３９３巷２２號二樓,25.0655799988031,121.531450013412,18879999.99999999,17808976.40331886,11691797.553420302,16729635.242186043,18709193.09277063,22064164.116660364,25089387.56597775
臺北市南港區東新街５８號九樓,25.0472900155221,121.585680004948,58699999.999999955,55466777.860283986,38808342.49382439,48641974.89220629,58240064.66394585,66496100.00149137,70223274.24503429
臺北市文山區羅斯福路六段４０７號七樓之１５,24.9916200130208,121.540559968697,12699999.999999996,13144770.503054865,10131520.275646387,12879861.657894429,13681434.683967825,16472992.353152769,18937190.588519525
臺北市松山區延壽街３３０巷８弄８號,25.05589999,121.55935,50999999.99999997,34910704.878226265,24345775.3723425,27967098.07428418,35197247.002156645,42646492.40911099,50283374.76505368
臺北市內湖區內湖路三段１４１巷３弄２號四樓,25.0865700026446,121.589209959651,13499999.999999993,13307877.33146317,9240247.368812343,11859791.252700005,13496765.10263002,15399924.465183098,17936772.45320429
臺北市內湖區江南街７１巷１號,25.077135,121.577675,19200000.000000026,15783196.79469282,9979620.696510447,12600391.246054802,16952980.362666577,19288078.673901152,22562383.074051373
臺北市士林區中社路二段９１巷６號,25.10762002,121.56706,13879999.99999999,20385553.302542366,12808907.78687454,17101339.473120235,21364901.281754144,26250223.14013227,30883357.014878854
臺北市松山區敦化北路１２０巷６０號五樓,25.0543000106953,121.546640033623,46000000.00000004,40319654.02608512,27774170.25768149,36092113.51741344,45983425.29908167,55982932.29757485,63820542.3485383
臺北市萬華區環河南路二段６２巷１弄３號三樓,25.0376100070018,121.495879982363,4164219.0,11734624.234151801,6980817.368491888,8605650.941340549,12697768.854443077,14001562.857064344,15612098.712961126
臺北市北投區長壽路２１號四樓,25.1426399895654,121.504159961596,27199999.99999999,37452766.49936524,27953452.269923408,28203164.6702691,35864426.28876353,42248557.836158015,48788494.608665355
臺北市南港區成福路２０７巷３號二樓,25.0402299803869,121.589160003508,14600000.000000011,14738890.821173295,9912163.923308099,13424764.926429154,15673448.835700568,17439184.45772862,19393745.898397274
臺北市士林區天母東路８４之１號二樓,25.117889989688,121.53565999192,36079999.999999985,35981129.64172641,25682618.157652702,32036866.894034628,39308781.466107205,45692871.79439151,51570194.05488332
臺北市萬華區西昌街１４９號五樓之１２,25.0395399821175,121.500739977463,2180000.0,2828847.148118398,1758583.9424355696,2176694.9927611067,2406409.9001386324,2934781.01811023,5432212.079238948
臺北市士林區忠誠路一段１７１巷１２弄８號,25.10639031,121.5307828,48499999.99999994,38080062.20580356,29871254.671792746,34879463.60315078,37902747.09412897,45447913.98437681,53082263.06241432
臺北市中正區臨沂街６１巷１６之８號四樓,25.0365699804558,121.529729963061,12840000.000000022,12110669.635417432,8543554.09810201,12877244.062507663,13021496.693999957,16200580.906240752,18831310.270011008
臺北市信義區吳興街３３６巷７號,25.02576499,121.5658219,6000000.0,8375959.727723716,6165454.465397373,6533120.325459783,8795407.555697696,11218561.78226945,12806870.901140608
臺北市信義區福德街２６８巷３０弄４號,25.04008598,121.585818,22500000.000000007,16099327.864722699,10195052.577474684,12568661.939056585,16861295.80894476,19407038.026546843,22387285.124285057
臺北市信義區信安街４號六樓,25.0272899982647,121.558109997566,27999999.99999999,27983472.500444427,19029200.953917854,26475633.47139664,29816059.07731146,35101091.99213998,37967440.73824778
臺北市中山區民權東路三段６２號十二樓之２,25.062110016617,121.542570032898,32879999.999999955,32312038.319995206,22860258.855427593,32544343.010090623,35313036.45677822,38297051.87452382,43259920.02877082
臺北市內湖區康寧路一段２６１號十樓之１,25.07885999,121.59823,42000000.00000003,40075327.09784954,29423787.325880717,37572742.65967839,45328270.75631733,53220848.83247717,53224570.86444232
臺北市中山區中山北路二段５９巷４５號十樓之１３,25.0559699791744,121.524539972434,12879999.999999998,9475496.616545178,6945286.00270023,8249082.621996873,11722315.112666821,12064850.976485156,13307488.460231045
臺北市文山區興隆路三段３０４巷３２之２號,24.99597701,121.555263,18879999.99999999,29995771.867344253,20672050.7446968,25236695.893967927,30835572.748647843,35974281.83449504,42432082.54114254
臺北市士林區克強路４號五樓,25.1088799885981,121.524759997392,4999999.999999999,12537667.855006747,7003740.386254348,12081384.167818116,14056849.173033927,17574476.610293668,21539791.205231063
臺北市內湖區民權東路六段２６５號,25.06771219,121.6012185,44199999.99999995,53569831.95212757,37130140.25078774,44816852.31411822,48897465.59981198,61424450.29086946,73514269.23230048
臺北市大安區忠孝東路三段２５１巷８弄８號,25.04290699,121.541259,17499999.999999985,15774442.390987962,11355557.36303944,12410377.276448326,16487064.709401224,18456388.905294653,25206796.38332549
臺北市中山區錦州街３０巷１１號六樓之２２,25.0595200085358,121.524869967962,5599999.999999999,5948840.620838391,3734941.2079589525,5369253.527760518,5430392.512666756,6789529.6025577765,7225552.684688712
臺北市大安區復興南路二段１６０巷１７弄３號,25.02809001,121.54213,24999999.999999963,21598593.10425277,13858993.433717716,19816057.58796522,23720186.0618383,27224313.773507528,34139622.99498147
臺北市大安區忠孝東路四段１１２號九樓,25.0413500121987,121.546840025832,36460000.00000004,31919978.22575893,20124789.598449208,26893121.31345255,35629293.95806412,36156195.87546178,38418741.224857934
臺北市信義區基隆路二段７９巷３３弄４之３號,25.0296599813875,121.559959967416,13580000.000000022,12840651.920792775,8096409.152442188,11827929.815523475,14023520.04570111,15022557.25386932,18110510.619612474
臺北市中山區朱崙街５４號三樓,25.0498200091765,121.542970017317,62500000.00000002,35443392.54695329,25560094.637261998,26745880.028928366,35259971.5484235,41827147.102347106,51782163.5468552
臺北市中山區中山北路一段１２１巷３３號十三樓之１,25.0509200082398,121.524720015714,17249999.99999998,16588584.676173523,12430090.130330814,14061185.934268124,15933194.914355094,18656854.566452734,21040582.20485202
臺北市文山區福興路９５巷３１號九樓,25.0053100078391,121.547909975773,17199999.99999998,22484398.69012228,17148245.886608493,17295560.294505786,21924653.046591587,27363829.2063617,27847815.17028501
臺北市大同區大龍街９１巷１２號五樓之９,25.0672200019784,121.517030038646,13200000.000000019,15807233.146590019,12876491.272247955,13469038.851148838,14270461.44532432,18182043.35299693,21179778.5164575
臺北市信義區崇德街１０７之１號三樓,25.0240200082883,121.556019970009,12099999.999999993,9535508.566509971,6242444.155146822,8977518.96317647,10900845.423774615,12305080.190361537,13758558.12381974
臺北市信義區虎林街１６４巷１０號,25.03891499,121.576187,22000000.000000007,15715185.227482429,10102385.848049529,13417394.32840664,16536921.5944235,19130280.84113168,22207132.825452276
臺北市中正區惠安街７號四樓之４,25.0283700064888,121.507499982374,8659999.999999998,8791869.75074632,5862465.1569774095,7122506.92782701,8508722.107530396,10359197.19435653,13167563.664116861
臺北市中山區林森北路４０９號八樓之２１,25.0595700065883,121.525679995085,5800000.0,6801290.298743563,5196465.791352662,6360934.933181375,7007749.368263912,7499981.336592945,9230263.290119253
臺北市松山區民生東路五段１７３號十六樓之３,25.0598399876896,121.56460999584,44999999.999999985,45301591.23678864,37807924.43642746,41152709.98697639,43979418.14031214,54883931.4162233,66167209.38280195
臺北市大同區延平北路三段１００號五樓,25.06633999,121.5109,14299999.999999993,16795800.5783642,11439539.462791972,12848316.315340202,15999385.775586158,20966345.51535638,24296354.421034746
臺北市文山區溪口街１０７巷１之１號,24.99615408,121.5375229,15900000.000000022,12687078.762616338,8273125.610918522,9889259.0838094,12803827.268814933,14790575.220592465,17597913.322680116
臺北市北投區行義路１３０巷１０號三樓之１,25.1292400085969,121.529190000859,28800000.000000034,32072742.574109748,23629210.01360896,28783256.761004258,33441008.927290715,37585225.93624404,43761058.34047523
臺北市松山區富錦街４５６號二樓,25.0606399984381,121.562200031039,25999999.999999985,15960110.954084424,10863835.311595717,15065997.306067869,18965176.86062918,22229676.313141465,25740683.447280772
臺北市大同區民權西路１３３巷６弄１２號,25.06345301,121.516695,14000000.000000007,10957034.019542381,7492074.256673088,10292545.897101369,11495668.777854113,14133742.854268769,16713225.90633638
臺北市信義區吳興街６００巷７６弄２２號,25.01837371,121.570478,20000000.000000015,27893226.29315976,19565821.708611652,22049669.367516503,25837383.704595815,31288468.02083237,53038024.80310172
臺北市信義區基隆路二段１７７號九樓之３,25.0250700092991,121.553779990205,23279999.999999993,17684168.84600821,13276856.57941817,15020437.17328822,18449078.741052285,22002417.733055953,23257180.034190185
臺北市南港區東明街５０號二樓,25.05543002,121.60365,1299999.9999999993,708839.4459509143,594867.8930651279,952391.4171966976,1453935.7482076823,2284517.1988661564,5492855.8920793105
臺北市文山區福興路１００號,25.00584301,121.549557,14499999.99999999,19406184.114949837,14708479.076508986,17196798.793029927,18730838.414601505,22196805.24243005,24197297.972186513
臺北市信義區忠孝東路五段３７２巷２８弄１號,25.03875799,121.573885,24000000.0,21933691.56055891,14077387.142140104,18567444.26470349,22499823.277879786,26005390.767711774,27302771.662348207
臺北市內湖區民權東路六段２８０巷１９弄７號,25.07156698,121.604917,23200000.000000037,21230056.956606984,15160311.140331216,20505842.180699848,22837598.250033084,27055664.820476897,30112981.164756943
臺北市內湖區成功路二段４７２號十樓之１,25.0726000103506,121.589589995141,33999999.99999994,54542341.51342763,35839013.10623805,50862910.738384366,57271913.55016033,69143480.5244806,75780087.3410118
臺北市南港區研究院路一段２號三樓之２,25.05389998,121.61656,19000000.000000015,17024646.216168903,11461252.05153766,15010682.60429326,18204758.67570431,20259446.166212097,24341153.01309099
臺北市信義區吳興街３４５巷５號,25.02677099,121.565956,12840327.000000019,15454363.994392483,10563625.827397011,12777424.245900977,16239329.03750487,18875360.534022093,22141712.53787192
臺北市內湖區文德路２１０巷３０弄４２號,25.077286,121.585021,9999999.999999996,16212164.551721083,10195052.577474684,11763901.894947352,16624360.985453181,19769029.321377292,23329583.981631476
臺北市內湖區內湖路一段１巷９弄６３號四樓,25.0862200162775,121.558089964817,30499999.999999948,31580969.45836115,20572383.099604648,26872371.483371235,28762930.395541113,41528629.35912691,44251194.578875236
臺北市北投區光明路２２６號,25.13600102,121.505464,15199999.99999998,18230118.730210327,13059271.611245435,14653676.260489834,18101951.820367917,22482212.98040612,27275830.259798266
臺北市中山區長安東路一段２０號十一樓之３,25.0491800089596,121.523939995805,15300000.000000017,17437620.188037064,11396515.747637536,13897067.260773202,17734291.064836204,23730303.788488366,25754771.0413777
臺北市內湖區民權東路六段１２０巷３弄４號二樓,25.068350008255,121.587429978693,18500000.000000034,16303492.60807272,11024759.72984653,14100943.66610948,18012109.07255303,18116770.58719106,20361817.145584095
臺北市南港區研究院路二段９８巷３號,25.0441069,121.6156691,30000000.00000005,33574793.65086922,22358114.7266756,25803550.851664238,34283030.74154128,37255103.57980606,45342953.43683207
臺北市內湖區新明路３７０號,25.054981,121.58067,2440000.000000002,8328588.264145686,3553586.6391708115,5197868.3430593535,5570287.717066627,11463126.810944164,12799495.46484923
臺北市中山區新生北路三段９３巷３１號三樓,25.0678600021954,121.528899987009,14450000.000000006,12719648.207472742,9244190.739813015,10588167.733961225,12846731.557311997,16039186.194149334,18031802.24798333
臺北市士林區雨農路８０號,25.09995013,121.5327606,35000000.000000015,38035309.93875383,26172055.207599647,33822640.5062781,44610833.667875394,50390418.42969486,54589548.207400404
臺北市中正區南昌路二段２０３號,25.025105,121.523367,14739999.999999994,10060207.797335884,7512792.052262748,8282456.449679369,11592109.555016935,12882779.898009047,15022814.170868194
臺北市中山區德惠街１６號十樓,25.0666600070273,121.531320010094,8999999.999999996,8931970.538891656,6954380.021907598,8050820.029995244,8824062.03252306,10872161.679238288,13137241.511720508
臺北市中山區遼寧街６２巷６號二樓,25.0504900166069,121.541999979663,17349999.99999998,17926714.799988154,12311492.632743541,13974380.703666635,17049945.91209977,20831726.545049712,23105707.749392554
臺北市信義區松山路５４１巷１４弄４號,25.037565,121.578553,8999999.999999996,8917820.307408523,5435375.437732594,6243160.939658706,8858788.725508858,11980303.896300327,13033519.700677278
臺北市大安區基隆路三段６號,25.02067001,121.548073,31280000.00000001,27069612.67453242,17109272.36925751,23344329.962238662,28885808.337416686,31281735.46056613,35610032.025553346
臺北市文山區辛亥路四段１２８之１０號,25.00507158,121.556915,18099999.999999978,19868073.550327234,15137283.862170018,18085214.73598275,22046804.533163376,22795187.88963924,27837277.86189302
臺北市北投區泉源路３０號二樓之４,25.1399499853793,121.506730020748,5150000.000000002,9721473.96726505,5880937.177359962,7646418.776755818,9860558.628485149,12611671.804813325,14465960.023487795
臺北市萬華區成都路１３３巷３弄３號三、四樓,25.0436199992167,121.503750002712,12499999.999999985,15883974.727629576,10660016.287192794,13661666.210224755,16094524.209405389,18743454.542171266,21283170.190075293
臺北市文山區興隆路二段２１７巷３號,25.00198398,121.549101,6500000.0,13808000.92471587,8384756.227889682,12755997.721085291,15139704.004282571,17409764.042695597,19858763.812150165
臺北市大安區仁愛路四段３５７號,25.03806728,121.5543408,95499999.99999997,62308167.8408998,43616088.60349644,56944467.463345155,68492393.33208671,72639184.27848953,84460681.69603437
臺北市內湖區成功路五段４５巷１２號,25.074447,121.605673,37169999.99999997,36942766.662158154,26833879.08697421,37130395.46279808,42786492.556875855,48201434.746325,51030265.081429064
臺北市北投區泉源路３９之３７號,25.1412200113485,121.506140018583,15000000.00000001,27116648.064180102,16002996.362264335,20517488.89896643,26147270.93593887,36349168.10387428,39925247.75279029
臺北市萬華區萬大路４２４巷１５３號二樓,25.02069,121.49407,9649999.999999989,10844532.52656431,8201018.670135114,9379683.202652458,12367485.915768947,13796968.138771828,17642110.116513968
臺北市士林區中山北路六段１６１號二樓之４,25.1069500134825,121.524820011819,23580000.000000015,22962358.855743654,15499021.15447962,20285400.794678684,23715694.789097488,28611539.894215457,30072589.263705917
臺北市松山區民生東路五段６９巷４弄５號三樓,25.0600399798993,121.558479974772,38750000.000000015,33595883.66095198,20559834.670571532,29430621.238590647,37672723.99622986,39275708.86152537,40452680.9662457
臺北市士林區承德路四段４０巷２１號四樓之１２,25.0810899981675,121.521960022637,5500000.000000001,6552922.1438408075,4140269.1772201853,5476321.472290282,6586419.06366148,7137275.005435927,8423183.771478707
臺北市內湖區成功路四段６１巷９弄１１號十四樓,25.0812699995382,121.592300032076,28080000.000000026,28104374.650610287,20969691.239416186,26721215.474885628,28321538.607110325,31310559.3508495,35970899.53314204
臺北市內湖區康樂街１３６巷３０弄５號,25.07163001,121.617708,33500000.0,40687630.01325659,29539905.56912067,34074371.36730505,40369135.828477465,49551650.05196391,49671319.03970136
臺北市中正區同安街２８巷９弄１之３號,25.02490799,121.521075,13369999.999999993,21338093.378003128,13703577.599822316,17079928.27324814,19514853.27508124,28420042.383007325,31907126.436711706
臺北市中山區農安街２０８號九樓之１,25.0646700174849,121.536400030151,21500000.000000007,26655438.131039802,18658433.93695777,24472768.87454611,27573146.49322536,32264301.305115703,36871185.31549728
臺北市中正區羅斯福路三段２４４巷９弄３號三樓之５,25.0176477433969,121.529939374438,26130000.000000015,21025911.645802803,11835682.71828013,17413258.008806195,26916807.590276238,27782360.583171792,32132988.278636143
臺北市南港區成福路７４巷８號二樓之５,25.0439800019581,121.586270007112,25550000.000000007,19841918.229533836,17192446.3822891,19056366.4984709,20569533.04483063,23773518.686275177,25354943.869789705
臺北市內湖區內湖路一段４１１巷６２弄１０號,25.083549,121.5711664,65000000.00000007,72512946.59451926,51724831.560320884,66198204.60478198,74543392.67235567,80662655.38787663,93681302.75646968
臺北市大安區信義路二段２３０號六樓之５,25.03342999,121.53189,43849999.999999955,36916497.75317456,24001796.412282303,29931800.10204441,40177622.35002779,44896635.6846472,50689728.72156766
臺北市大安區泰順街４４巷４號,25.02364802,121.530989,13750000.000000024,16245514.544520546,11360736.257725112,14229802.480790593,17187129.41443158,19851206.844369747,23458124.31610064
臺北市文山區木柵路一段５９巷１１弄７號,24.9882100033519,121.546469964807,17100000.00000001,15130000.63835244,9402883.110601718,13555497.96425094,18173688.54861882,21958864.646007758,25189423.728660837
臺北市松山區民生東路四段１１２巷３弄１７號三樓,25.0574700045667,121.55512997953,28500000.000000034,19493162.601539966,14568881.069636967,16211674.412636325,19967232.970390297,24233006.33906877,28939967.310521387
臺北市中山區錦州街３７２號,25.06015959,121.5402419,18350000.0,14828155.358986378,9871273.054299299,12720054.239795994,18598126.30011774,19468187.479578603,23699543.158493094
臺北市文山區景華街１２８巷１８號三樓,24.9947499833045,121.547830012416,15849999.999999994,14110002.984190553,8810220.640895043,11670718.78607282,15877167.361630654,16972114.657079663,17651135.95033445
臺北市萬華區東園街３５巷４６號,25.02717898,121.497173,5310000.000000001,14555773.575086724,10125972.96251615,12055561.989408994,13816696.914287783,17431561.71146377,20515567.08715151
臺北市南港區經貿二路２４５號四樓,25.0610800064453,121.61440998391,26999999.999999993,21865192.230983313,16520716.161109796,19227718.92682194,24184739.952220708,25961464.16330125,28148379.421575643
臺北市士林區仰德大道一段６巷５１號,25.09931599,121.538988,1200000.0000000005,1150938.9082836572,692328.1730089217,1164856.2228041221,1236725.9612560007,3607854.05565636,6994044.846109246
臺北市內湖區文德路２７１號,25.07955699,121.588921,42000000.00000003,38747167.211302064,27365583.762556307,35224377.30570443,38046795.679053985,47424571.77685002,49916244.77507973
臺北市中山區新生北路三段６８巷４５之１號,25.066241,121.526158,12499999.999999985,8511557.085609114,6141838.251234056,7296264.683018513,9862702.29730224,13288322.159439476,16299863.34723207
臺北市大同區延平北路二段２１０巷１７號,25.05927999,121.510793,7500000.000000002,5568967.122782925,3201922.0805060337,4603843.55835502,6004885.098964412,7424096.074358385,9198962.66054107
臺北市內湖區內湖路二段１０３巷４２之１號三樓,25.0817799964369,121.581040034807,30999999.999999978,30669440.845834374,21803233.275429167,23938040.518078595,31424841.80262288,38511206.1785703,43414485.83417743
臺北市士林區福港街１２９巷５號,25.08810301,121.518415,6000000.0,7763925.578108327,5206948.852468357,5994452.514514617,7936741.98957686,10186325.706803944,12699120.466074754
臺北市大安區仁愛路四段３００巷２５弄１１號二樓,25.0358899985607,121.554980027282,38350000.00000007,31447206.388690785,22347856.094480976,25484572.329704523,32599047.545862127,36056880.54866319,40934838.29533913
臺北市信義區永吉路２３６號,25.045368,121.573864,20000000.000000015,12630007.735824145,9171710.991950113,10811399.51230089,13610185.17457899,14850847.421217883,19569396.297546238
臺北市北投區中央北路四段５４１巷９號十八樓,25.12745999,121.46827,24619999.999999963,32877343.04282521,23512891.922250666,24649693.890622087,28056485.08812205,43346599.49084151,44668672.07310454
臺北市萬華區民和街６３號,25.02571902,121.498543,9800000.000000007,10759104.872889686,6842140.253841833,9326285.570694976,11447763.205563249,14177118.741016967,16468660.05741896
臺北市北投區稻香路１３５巷９號,25.14210501,121.48978,11000000.000000013,15343749.26740987,10711965.44611962,11782746.59624077,16020296.875049287,19453235.666680347,22828587.766887885
臺北市萬華區康定路１１２號四樓,25.0410700147231,121.502059959575,8550000.000000006,12942578.8169418,8554448.420473233,10270492.452251874,12440198.850931535,16194378.225686384,18607585.266415797
臺北市士林區德行東路４６巷７弄３號,25.1061600191082,121.526520029421,38389999.99999999,27339514.464858383,16462965.442215087,26829465.84773145,35152565.81165995,37322490.06787059,40158531.860729374
臺北市大安區瑞安街２０８巷５７號,25.030461,121.540663,4612183.0,4324296.675703877,2675507.288098661,3888684.7138926573,4627991.270370713,6468048.331431482,7667931.42348428
臺北市松山區南京東路五段５９巷２９之７號,25.0531000155272,121.559310034644,21400000.00000002,19277996.658163033,13364526.438078528,17381942.036055405,21870233.836954948,24421907.44222931,27887406.906187378
臺北市文山區木柵路二段１０９巷１００弄５４號八樓,24.9924299982341,121.561260000598,11770000.00000002,14504184.3883824,11068947.14571033,12334367.157252295,14461771.374853488,17776304.767234903,19770089.62971512
臺北市北投區光明路２０１號,25.13620001,121.503448,30000000.00000005,34612740.54158235,25620751.407305673,29635416.440733127,33628002.97136531,39337876.53275281,49373895.80134905
臺北市文山區忠順街一段５４號,24.98415702,121.560237,14000000.000000007,16489941.84533855,12091310.093384616,14031933.884967886,17168430.76359771,20378588.434789684,24914374.8863665
臺北市文山區興隆路二段１５３巷２弄８號,25.00088,121.54871,22999999.99999997,23696070.75641209,13795215.926704288,19199331.71140763,26059087.02246894,34823728.24859745,40464395.25290319
臺北市文山區興隆路二段７８巷２號,24.99962498,121.548264,1499999.9999999986,1937118.290098011,1384596.745803086,1451755.0392495706,1542831.2711757463,2998327.826117959,5604019.017726421
臺北市文山區景華街６７號四樓,24.9952300148994,121.544970023234,17999999.999999985,17135592.874009732,10938689.935285782,14260786.149654694,17220951.84333539,19295715.915446214,24435420.224533916
臺北市北投區知行路２６１號,25.121084,121.4670799,14000000.000000007,18905724.843126282,14535711.799960677,16609308.510665081,20787043.181096092,23251854.297261234,27758054.431192692
臺北市內湖區東湖路１１９巷４９弄１６號,25.069901,121.616994,18800000.0,16939106.86265744,12671929.389045533,14776913.422174865,18601048.76260863,20934512.299778562,24038460.41755557
臺北市士林區承德路四段１８３號,25.08770701,121.522516,46999999.99999997,38668375.63517699,27422360.87678003,39219940.94633274,45903718.80450906,50274393.9210735,54091056.25699558
臺北市北投區溫泉路５８巷６號,25.133679986528,121.505030003146,30799999.99999999,35215001.967127584,25967810.948974147,30376576.646848436,34566019.57517833,46623874.54088502,55067111.171860345
臺北市中正區青島東路６之１號二樓,25.0438205546593,121.521926092519,33500000.0,25666260.100005053,17497909.325603798,20603308.98664219,24850961.12916877,31462578.736318804,33826942.10273678
臺北市中山區長安東路二段２０８號十一樓之２,25.048189980466,121.541929990771,57000000.000000045,41510451.054044895,32510670.741138503,39467868.47687269,47774039.703397885,55380863.41197293,60274395.12266147
臺北市大同區民權西路１６０巷２６弄１號十七樓之１,25.06161255,121.51549,42720000.000000075,56762115.00388446,40457403.18497451,42101043.32363465,42684731.75348204,69428208.01997772,71418368.75625223
臺北市北投區紗帽路１１６號六樓之３,25.1507999818543,121.54727999193,11250000.000000019,21632906.18073446,15247577.17206839,16943689.767226826,21565820.516822077,26094342.918126214,29400510.577860694
臺北市內湖區金湖路３４７巷１２１弄２０號,25.07412401,121.59718,57999999.99999995,49539365.78659853,33684830.59517361,42275278.87168123,53709495.6835203,59972204.37030582,69139184.5314454
臺北市北投區長壽路２１號三樓,25.1426399895654,121.504159961596,28899999.99999997,37814704.18295877,28237297.853371765,29142237.376365516,35863610.14868546,42167901.359263115,49341763.672883846
臺北市文山區興隆路二段２０３巷１０２號十樓,25.0011060389595,121.551620849996,16550000.000000004,20444989.667831726,15397345.869588574,16938179.427363284,19286410.499003965,23454186.175696682,23813525.724376537
臺北市信義區中坡南路１６２巷９號三樓,25.039330015443,121.583749987922,16799999.999999978,14251037.189286815,9485539.001787134,12280721.867087761,15097909.715390846,16919108.802797653,19567237.843820106
臺北市大同區敦煌路１７９號二樓,25.0766599947012,121.510679992619,12057400.00000001,14070722.17510802,9119365.966165882,11001191.018321965,15320173.490322914,18265377.05193543,21041596.613724895
臺北市北投區天母北路８０之１號,25.12359798,121.525897,27299999.999999978,31445105.97755682,18961466.69320734,27630329.279308394,35212324.43740177,40285050.70745474,43872426.998991445
臺北市中正區寧波東街６號,25.03210289,121.5199038,99999999.99999991,50372154.661717966,37008923.47738249,51914013.776499435,66923707.71217496,70533260.73455554,95924592.41960506
臺北市中山區市民大道三段３５號五樓,25.0451999879653,121.534649972587,18600000.000000022,16150602.204130018,11106534.092891669,13892968.991877718,17425023.84945019,18833713.782837305,22659630.85571336
臺北市松山區南京東路五段２９１巷５弄５號四樓,25.0520299817678,121.566519980117,16999999.999999974,13697192.749361183,9080962.671817083,12790984.106396988,15231900.96577895,16863193.298327584,18503518.040648896
臺北市大同區寧夏路３２號六樓之２,25.0559699791744,121.515170010512,13000000.000000013,13133972.788487323,10332617.0184238,12461948.865019381,13635736.673982095,15661735.596934693,19744888.477740083
臺北市中山區林森北路４８３號五樓之３,25.0611900189245,121.525740009512,11500000.000000019,15076432.007233309,11260986.866106834,11470239.280134136,13368402.412726589,19482364.938883293,24542851.61912767
臺北市北投區復興三路５２１巷２４６號,25.16078002,121.49517,2499999.9999999995,4337824.834866035,2350828.4164359765,3550131.383099928,3883394.6181704476,8458608.194807881,9374476.698324192
臺北市萬華區青年路３０巷７號,25.02658298,121.505008,17899999.999999996,23887715.93325246,16630746.196273185,18136930.9403095,24550572.21646484,30528550.900722936,31565488.448799666
臺北市北投區懷德街７５巷３３號八樓之１,25.1136000059143,121.518589994646,57500000.00000004,48763629.878750995,33986498.70008437,43998974.95256472,50229374.502013326,57796323.63811225,66919036.09515731
臺北市中山區建國北路二段５８號十樓之１,25.05415002,121.53645,67999999.99999996,69096385.1298608,38761324.261380814,62717076.64329356,67818064.11793691,74055718.19885406,98105633.9174754
臺北市北投區知行路３１６巷１７號二樓,25.1225400181126,121.468090033842,13980000.000000022,16615521.804636443,11795663.337159872,14691923.033913098,17226569.82033255,19283065.98078668,22226567.17012191
臺北市大安區光復南路６２８巷１２號二樓,25.03155002,121.55677,19799999.99999998,13169083.653356193,9239169.299663534,10797478.585630838,13183778.758805014,15111602.062717643,18197737.18052966
臺北市北投區自強街４６巷１３之１號,25.10993502,121.513858,17180000.000000007,18208097.355420846,8578878.34126979,15234016.949949145,19496033.145280212,23255052.5298917,24933669.84864605
臺北市北投區永興路一段３２巷４號二樓,25.1387100085331,121.500070011942,13700000.000000019,19423959.768875007,13643255.836410794,15445204.389219481,20381614.03562108,23074853.74426663,26319804.389971867
臺北市中山區明水路３８７號四樓,25.07757002,121.54636,49680000.00000009,34685910.797225066,24255376.7141141,29423807.477360006,33351350.174625356,39954548.84071766,47901716.06546767
臺北市北投區石牌路二段３１５巷３４弄２５之１號五樓,25.1234000013785,121.5238399997,16000000.000000026,17795616.998479873,12926484.157220239,14587845.064390961,17596056.393876355,21184134.176403917,26346883.948923193
臺北市信義區永吉路１８５號十二樓之２,25.0457500084516,121.572559979545,15599999.999999981,14368120.632225638,8803305.835472338,13638537.749798477,15453142.08027766,17600421.824732304,21905470.454552148
臺北市文山區萬安街３０巷２之６號,25.0003200094217,121.570389988632,7500000.000000002,13883843.341345351,7438057.65783615,10251281.497243196,14665788.953574773,18955790.347687624,24014392.454168476
臺北市內湖區康樂街１２９之５號六樓,25.0712499791157,121.619320018971,21799999.99999997,21382994.20604436,15290082.581554547,21345249.53515634,21366467.91108234,24654795.699089147,27106483.44121708
臺北市士林區忠誠路二段２８號二樓,25.1092200005004,121.52993003909,38806800.00000001,30322766.430041123,20542458.784695175,23518324.019806877,34941453.60563833,38704145.27249386,41703023.184271
臺北市士林區士東路９１巷１８號,25.11293,121.52957,27600000.000000037,21556556.270807125,15024987.29260721,18499011.851740103,23576279.996403456,27173149.341249876,28133052.028170127
臺北市內湖區成功路四段２２４號,25.084656,121.596279,15530000.000000026,13459182.357446393,9660117.740916248,12178270.467959862,14237628.841746211,17647976.074185587,18615180.15603371
臺北市北投區中和街４１號,25.13813698,121.502576,17600000.000000015,21157641.627182566,14810485.801840216,17700483.327173688,23444128.29443679,27043877.210211538,30961054.862023994
臺北市大安區師大路１０５巷１８號,25.02240201,121.529096,14580000.000000026,9752290.218312506,7496825.079314257,8031852.120631396,8547811.789491989,11863580.949708022,14716195.057391241
臺北市中山區民生東路一段７８號,25.05791001,121.526699,6899999.999999999,6649736.076228746,4121403.361517544,4335230.238645691,6534893.386226725,7466241.761712791,9759438.823336912
臺北市內湖區五分街１１３號九樓之１,25.0673399889224,121.6169300031,15460000.00000002,18051626.210215647,12524315.519585282,15307123.46342421,16183468.13981844,21056303.42874715,26558343.73010751
臺北市萬華區和平西路三段１８７之３號三樓,25.0354400160887,121.497689970535,11770000.00000002,14298119.667725127,9603397.658053052,10278209.163015136,14143277.03931129,17840125.328549452,20402840.454475597
臺北市北投區泉源路３９之３５號七樓,25.1412200113485,121.506140018583,4799999.999999999,6487047.969254449,4815633.248091114,4823009.221086825,6681830.629874525,8550405.559876021,10674858.00133875
臺北市文山區福興路１０６巷３１號十二樓,25.0067700096438,121.549900007225,20999999.99999998,35611345.65987874,26897833.56129743,28049459.57024667,33801040.407505535,38659670.888848685,47331006.60371725
臺北市信義區福德街２５０號,25.03875799,121.585329,24999999.999999963,20293613.55011151,15408391.023206823,19098659.924700487,23276215.416285656,29456539.576772686,30223802.83695337
臺北市信義區吳興街６００巷１００弄１０號,25.017648,121.571911,19249999.99999997,20866520.907112215,14214932.281936139,16607895.912384167,20251007.289579336,24320826.817350388,26075730.820228186
臺北市士林區承德路四段８８號十三樓之３,25.0822914232738,121.523017720112,28500000.000000034,26456661.135570116,19287505.92071445,22457980.294000372,28415046.523019623,28859697.344225783,33922352.351874605
臺北市中正區信義路二段２５９號十三樓之２,25.035189983917,121.52528998513,26079999.999999966,17815319.45046677,13818148.500562744,15648148.025691994,18959448.205890533,20385444.596234616,21014784.57097592
臺北市中山區松江路４１２號,25.06432447,121.5330757,36600000.00000002,54167327.11468732,41182503.6846356,49743354.13812765,60789748.78178645,62620938.19143218,82371081.3035599
臺北市北投區三合街一段８２巷９９號,25.12909249,121.5040422,21300000.000000022,21808845.560597133,15700410.589021392,18718132.017521575,22741273.05351012,26171771.38707636,28638365.61141697
臺北市萬華區華西街６１之１號三樓,25.0369899976239,121.498390027088,9999999.999999996,15870223.133529708,10116568.742351415,11540615.758842506,15587909.843455132,21029963.217410013,24763806.845563084
臺北市南港區研究院路二段１５４號,25.03827398,121.616812,10899999.999999993,11936273.787006604,8674316.55960821,10402830.706069164,12627563.01428739,16443354.676217984,19241281.727642708
臺北市北投區翠嶺路１４號,25.1426699967788,121.506479988576,72000000.00000012,28716396.890845567,9854137.082454287,19333139.423494827,33142136.123431604,38524876.749572285,40180486.49392632
臺北市北投區大同街２３２號,25.13976139,121.4996509,32680000.00000004,38102274.98607463,26437812.088960793,33241923.28893469,43887234.318460636,50492824.388030395,53455942.26568563
臺北市內湖區金湖路３４７巷１２１弄１５號三樓,25.07357998,121.59683,40880000.00000003,45768850.69280503,31409683.839914337,39756877.52276429,47628351.737360604,56692627.58264948,62763361.71672376
臺北市松山區民生東路五段１５１號十三樓之８,25.05924001,121.56226,20000000.000000015,16528633.129999017,12454830.132939983,15162989.07017672,16884909.26450823,19219657.267777804,21432345.481788725
臺北市中山區植福路２８６巷２８號,25.08109499,121.55979,320000000.0000006,243016755.77205533,53995094.087052874,126600721.06284057,203176040.15206614,301554015.32089436,303142753.54436636
臺北市萬華區昆明街７９號,25.04282699,121.504884,4199999.999999997,6811169.1859003315,4069252.52148296,4958460.977589533,6931519.507123591,8999293.55990755,9852296.381479423
臺北市信義區永吉路１２０巷５７弄２號,25.043769993374,121.570489984737,35000000.000000015,18128913.781053096,12846770.300722923,17219259.34692218,20562391.7933601,25254732.054494113,29128997.64231926
臺北市大同區延平北路二段２４７巷２５號五樓,25.0623900140926,121.511810040805,15780000.000000026,14915381.879086835,11046134.539677493,11880504.41969808,15669136.977432974,17989590.927979887,22294166.963952474
臺北市士林區文林路７６５號十樓之９,25.1033100043905,121.518929964639,22440000.000000004,25757095.138912555,18886025.25220999,24285417.500896797,25084658.563172452,30844563.770889338,36225466.0666443
臺北市北投區吉利街１２３巷１８號五樓,25.1191000012304,121.50640002522,6999999.999999995,8433525.815568814,6160415.076291417,6987399.82775896,7802023.032818096,8826685.245308017,10484356.039117984
臺北市內湖區麗山街３３０號,25.08296901,121.573222,20800000.000000004,20312658.284968972,15699594.578423303,19085183.056554332,20706906.136136435,24289520.10832802,27752598.98318587
臺北市中山區中山北路二段７２巷１９號七樓,25.057099985451,121.521470016577,23350000.0,16949594.746203586,13692099.367213828,17028324.792462427,17924258.798280787,20600160.866611484,22968148.977287013
臺北市萬華區柳州街２號,25.03943102,121.505399,21714999.999999978,27809515.685039107,18641486.795722198,22081249.662110455,27666742.97484804,33688266.33201697,35799160.937332965
臺北市信義區和平東路三段１７９號,25.02397198,121.5534796,9500000.000000015,9921968.749615557,8280690.809109474,8904798.795795124,9496010.790507395,11689368.649805214,14545634.749599729
臺北市內湖區麗山街１０５巷１１號六樓,25.0823599822271,121.579470020523,27500000.000000015,27332852.179569826,18369088.64482601,22647024.38671293,27506523.942780793,30449917.615438566,36994534.90259503
臺北市大安區信義路四段５３巷２８號七樓,25.0345799909134,121.545000030447,59000000.00000009,41572201.55441052,28601112.693127707,36133703.33534484,45672201.08092329,52996075.62272671,54077448.77499042
臺北市士林區中山北路七段８１巷１６弄５號十二樓,25.1222000062103,121.530309990761,45279999.99999996,44145856.30902077,33981638.51915853,37136437.809564635,46908417.84527828,52240879.40382293,53291090.05060213
臺北市松山區民族東路６９３號,25.06323701,121.548579,24999999.999999963,24074233.071798176,15642897.703414649,21222484.71301173,24995672.89279232,29326135.17711635,33002358.87949344
臺北市萬華區西寧南路３０７號四樓之１,25.0381800183273,121.506440006898,8099999.999999998,9967398.412261378,7010640.590535626,7452538.910464428,8137609.92446287,11354854.75555336,20783738.751135282
臺北市大安區光復南路２９０巷２８號十樓,25.03945,121.55639,85180000.0,48148832.486085735,37298295.273382716,45095375.78591651,48533542.02290422,57669741.58708896,60591644.37643418
臺北市南港區成福路１４９巷３號,25.041707,121.587958,15499999.999999987,13946753.332056835,9095184.16754735,11538584.59959141,14607103.88866272,16293475.108391738,19592283.80018024
臺北市中山區民生東路二段８３號,25.058123,121.530731,10399999.999999989,8773139.83754983,6625563.939617837,7708222.24211533,8600398.713996677,10250832.886406684,12989473.163182758
臺北市南港區成福路１９４巷６號,25.04073499,121.58789,16000000.000000026,15616209.437433757,12292318.588765673,15290332.25236538,15694967.383392928,17597334.4664774,20729688.880194917
臺北市南港區經貿二路１５７巷３６弄５６號九樓,25.0610000011795,121.615650002666,36499999.99999996,28918017.393096283,20652511.076758295,26509446.014214262,28123701.51941475,33141771.324693374,36430500.20491951
臺北市內湖區金龍路２２２巷２號五樓之４,25.0878000050261,121.586569995427,22560000.000000037,25992509.05791005,17796275.736854445,20670293.548612934,23908645.61114331,29706003.284646258,31767805.761882346
臺北市萬華區中華路二段４２２號四樓之３,25.027630010167,121.506049996943,24999999.999999963,28161269.686791576,20156969.13946745,22682826.05627999,26615054.024206493,34023365.47103078,39186189.61196672
臺北市中山區長安東路二段１８９號,25.04838079,121.5427736,12960000.000000015,8887042.18810765,6738130.5364286825,7985119.088465046,8511917.847897546,10699101.097295927,12752418.033012673
臺北市士林區中山北路六段２３６巷７號,25.10826391,121.5261397,39855000.000000045,42970799.8629417,34060228.17616034,39960952.71721765,42896497.87621659,48212675.8264218,55130867.413724534
臺北市信義區永吉路１２０巷２０號五樓之６,25.0447899871714,121.570189996422,16500000.000000013,13521666.463308696,10132166.936022557,14087331.452753939,14444498.351329809,16143537.578856675,18393394.96834518
臺北市北投區大業路５５６號,25.13528701,121.496933,8000000.000000002,10904168.567532003,8058126.589981591,9502398.204631254,11831528.907270117,14187736.788242478,16336576.540420933
臺北市大安區敦化南路一段１３８號十二樓之６,25.04459403,121.5486067,88179999.99999988,49123124.40308387,36710479.85115493,39023798.88542471,51921640.16533135,60182487.51614313,62144889.45541979
臺北市大同區南京西路３４４巷４１號十一樓之４,25.0527199800372,121.512240032438,11440000.000000011,11701395.38158782,6465238.166962243,9775099.07145284,11204113.575373702,15451606.211050253,19763215.244808257
臺北市松山區南京東路三段３０３巷１４弄５號五樓,25.0536199868906,121.547100032469,30680000.000000022,22067809.51697777,14206921.285767,17968627.79087366,22317681.11703655,26715698.050734162,29118122.943406127
臺北市北投區稻香路１６１巷１６弄２之５號二樓,25.142503034365,121.488952489768,27269999.999999993,35371720.35869278,26640815.674542278,30387834.856332872,36802620.1834843,42026353.4191775,45127546.84727005
臺北市北投區石牌路二段３４３巷２２號二樓之５,25.1226699795214,121.523249997535,16099999.99999999,13826659.509962134,10454314.395275867,14125097.983764023,14343890.549937693,18561722.161083512,20557205.645044703
臺北市北投區中和街５０２巷２弄１１號五樓,25.1455700095489,121.494899970244,8499999.999999998,14756050.977889732,9219231.26264799,11535780.470236937,13989021.355002943,17648992.371370412,21594420.3476155
臺北市士林區忠誠路一段１６巷２３號,25.105726,121.52546,12260000.000000011,10031495.33498495,6509186.183423887,8478952.153427342,11885265.152721243,12129877.428786471,14980783.860841228
臺北市中正區汀州路二段８５號六樓之６,25.0254399865053,121.517690029702,12080000.000000015,13012653.17345801,10512764.603888227,10738948.67185016,12360238.273022134,15040585.876585342,15965701.899796369
臺北市萬華區萬大路３８６號五樓,25.0219016594723,121.498772902012,32900000.000000004,37898923.12410798,26237585.56452215,31136158.06154,42317146.00462153,45376912.88414097,48226590.420078404
臺北市士林區社子街２２巷２３弄５號三樓,25.0871199812215,121.506869998531,6400000.000000001,9086423.383460186,6128233.175252786,6434227.928930076,9179914.9245903,10281068.81595997,11320433.1951872
臺北市大安區瑞安街２０８巷４７弄２７號五樓,25.0300199841289,121.541449959176,26879999.99999997,17296044.92002447,12455201.992743243,16234588.6468531,17910550.66238859,23012619.383869912,23919326.93211566
臺北市中山區興安街２８之１號三樓,25.0560700171888,121.53827003275,6747999.999999994,5052096.533615301,2971109.7012883266,4300115.592448586,5907542.917677405,6287608.460668443,7436723.8412059015
臺北市內湖區成功路五段４５０巷６號八樓,25.0746899959979,121.607249994579,33000000.000000015,34345545.58614673,24384644.419281784,26759954.561205395,35455697.91238743,43359499.784355804,46768218.96691237
臺北市中正區中華路二段２９９號六樓之４０,25.0295500108178,121.504609985978,6000000.0,8144211.744596925,5372662.394077515,6864880.336086935,7856957.983679843,10037043.641560959,12258993.383645428
臺北市松山區民權東路三段１０６巷２１弄５號六樓,25.0595700065883,121.545460029294,34259999.999999985,27308678.395587385,18958595.529354103,22013426.203956142,27883167.124436084,33149264.60580431,37374798.31681216
臺北市大安區大安路二段６６號八樓之３,25.0320999953114,121.545899995391,32240000.00000002,19219197.852543067,12830586.087538313,16227840.249651412,19026639.298220336,21107667.56643511,27264157.172797874
臺北市文山區福興路７８巷２０弄１１號四樓,25.0043799937723,121.551500028722,11900000.00000002,13568121.246427748,9179371.459666345,11777374.231018156,14013923.43802913,15787309.943745272,18696590.76680898
臺北市北投區珠海路１１號二樓,25.1418900187788,121.506029964195,8499999.999999998,15708054.71376039,10881488.490855176,15562277.375348471,17029935.97526061,19175625.094684206,21644363.458367612
臺北市大安區新生南路一段１３９巷９號,25.03672002,121.533525,32599999.999999966,19786310.505734935,12453045.904277798,16774641.974724747,20251273.66479942,24580378.906618297,27203243.346975274
臺北市信義區富陽街７２巷２５號,25.02256399,121.555489,5500000.000000001,4318730.783465339,2606444.828307211,3754988.4867249113,5010675.859315117,5990291.257605758,8150822.770553363
臺北市北投區溫泉路３７巷２８號七樓之６,25.1364186949227,121.511857688462,6380000.0,7534682.89913306,5966899.432973414,6494935.982616868,7950828.068458702,9578530.896653632,10448167.568861958
臺北市中正區水源路７７號,25.02114699,121.519977,40380000.00000004,31828515.38735622,20845266.44595101,26687058.879635904,38394704.46873381,40686299.92327412,42988510.39841427
臺北市北投區三合街一段６３號,25.12690749,121.5057629,54179999.999999925,51741114.7324156,39206415.962805346,45820686.683136374,53045270.20108949,60807307.01502032,84051244.55651516
臺北市北投區溫泉路６８之３號,25.1349000144447,121.504600011513,16799999.999999978,25348184.544692904,13913034.428755715,18456867.04079113,24990230.461430125,30217650.754710175,36262920.32889786
臺北市北投區明德路２８６號三樓之１,25.115079998558,121.522620013693,13499999.999999993,10379447.422478005,7547978.130320581,10173245.90834718,11461986.068893526,13470138.308174662,14807511.928706322
臺北市內湖區成功路五段４５０巷２２弄２０號五樓,25.0750499987393,121.607749975104,32879999.999999955,29656504.132073946,22153343.31500616,26074827.54685914,29210238.588073812,32462033.852721177,38026529.94561257
臺北市文山區保儀路１０９巷３弄３０號三樓,24.9861900065961,121.569060032055,11220000.000000007,13657081.778803878,9133424.25834798,11133068.260700935,14006511.505024629,16647683.253646653,18780468.070263926
臺北市內湖區成功路四段６１巷３２弄２號三樓,25.0810000184369,121.593320025873,8000000.000000002,13359929.181706239,8475260.158104789,11126854.793421326,14746354.263730947,16558452.86901682,18172457.209516298
臺北市中正區重慶南路三段１６１號,25.02267999,121.517009,34199999.99999998,31231883.387523644,20231319.97966418,25447111.279102314,33553907.666128192,34513548.6377957,46628157.416770324
臺北市內湖區新豐街５８號十三樓,25.06021001,121.58327,67980000.0,72405888.76490772,50903044.04888351,65441535.8999063,68389677.06028022,80790938.56013972,91709284.42145707
臺北市中山區中山北路二段６２巷３５號四樓之２,25.0567499990839,121.520929970555,16400000.000000006,15696083.409185484,12619391.556672111,14721358.795147825,15597078.548331305,16938630.6945592,20054180.57977052
臺北市文山區秀明路一段７９巷５弄１９號七樓之２,24.9907000153282,121.565030013009,11180000.0,11594570.695562785,7996668.911194259,9670463.357105134,12168790.049766721,14930520.733174976,17873208.652756345
臺北市中山區新生北路二段６８巷１５號七樓之７,25.0564899924474,121.526149968396,7949999.999999994,9817826.480527844,7884589.29601625,7985941.55711796,8474904.738908114,12548579.606571898,15327648.377390636
臺北市信義區吳興街２８４巷２０號四樓,25.02395002,121.5633,17499999.999999985,15602428.980757924,10272925.50999847,13892929.184772622,16287296.866750428,17965558.596689086,20142373.07348794
臺北市松山區新東街３０巷３２號四樓之２,25.059559990214,121.567000011712,31799999.999999985,26833256.743899565,17496632.138188925,24334737.136267837,27456312.34686958,33236247.735972214,37762082.78555806
臺北市北投區天母西路１１８號,25.11888507,121.5229862,119379999.99999985,139484489.25656536,59590772.43748783,111738865.07227838,163794020.00016874,169986786.67956358,266616846.76824248
臺北市中山區民生西路４５巷７弄１８號二樓,25.0586899905739,121.521430034899,16999999.999999974,12746428.561515085,8173830.119234864,11291430.793693589,14497906.25501798,14840211.045828555,16723959.001017066
臺北市萬華區青年路３０巷６號十一樓之１,25.026020014205,121.504230034307,17999999.999999985,24040849.0555813,18364510.093853116,20277409.33492448,23875259.6272451,27889606.576881155,29748506.6769564
臺北市文山區興隆路四段６２巷１０之１號,24.9851900036378,121.560939979535,17499999.999999985,14528308.080137603,8438705.005153902,11654491.584508825,15563382.427102128,19625103.270028725,23409658.44595528
臺北市大安區忠孝東路四段１８１巷３５弄４號五樓,25.0438800058532,121.551059978805,37149999.99999997,27426877.37608005,18369189.856822323,23243842.606670335,29241720.69267774,34675084.69638367,37882851.685938515
臺北市內湖區星雲街１６５號九樓之５,25.0812399923248,121.597039998321,19799999.99999998,17730891.74819878,13255376.876452658,15972737.074635029,19065371.54267774,21453947.748795833,22980080.385078963
臺北市松山區市民大道四段３９之１號十樓,25.0452700187663,121.545799999286,174600000.0000003,143628555.08893248,59286246.41836098,114420362.3019129,152224747.6337633,165090281.62828746,198623403.86266926
臺北市萬華區昆明街１４１號六樓之１２,25.0409400114049,121.504509989873,2540000.000000001,5556685.61764455,3623683.6866968395,4546096.124554856,4758129.176206548,6347885.370729743,7291422.004068272
臺北市士林區福港街１８巷１０號,25.09098601,121.517708,4000000.0000000005,4081622.219795245,2483486.849352508,3320622.8389095855,3907821.8657373423,6496267.325562988,7421178.193986861
臺北市萬華區中華路二段３６４巷３６號,25.02799701,121.502894,25099999.99999997,39375525.26988582,29258991.412192274,30528040.634608835,37049390.47458201,45544493.70330036,54814149.16915524
臺北市大安區仁愛路四段５０之８２號,25.03760062,121.5473785,12000000.000000007,6347108.707081205,4090543.088737924,6055875.065223914,6553450.320734143,7681844.306902396,8205896.086706509
臺北市士林區天母東路６９巷１１之８號六樓,25.11921999,121.53387,2499999.9999999995,7491645.190883112,4882284.282628006,6307070.293749693,7138478.884335865,11419290.760825198,14269779.761351297
臺北市大安區仁愛路四段３３號五樓之２,25.0379599933689,121.553949975201,46679999.99999992,32515610.018632468,18309260.495743584,23978676.870852012,37011260.103256255,37019706.45541438,41786677.50868394
臺北市信義區忠孝東路五段７４３巷２１弄２１號五樓,25.04376999,121.58025,31879999.999999993,26142229.58064961,19710807.63380831,21254910.791692276,25859845.317561515,29372953.564535134,33541223.274320494
臺北市內湖區星雲街１６３號五樓,25.0810799817932,121.59686003886,19699999.999999985,17416407.83426279,10922974.379648432,15823146.479867233,18754005.146877836,21931920.413360216,24487658.30732731
臺北市信義區虎林街７６巷５號六樓,25.0436000083776,121.57681002355,17999999.999999985,17381456.877725556,12523501.234289072,14970614.273942262,18271003.754764993,21511447.008056223,24576091.154024776
臺北市內湖區文湖街２１巷８２弄２３號四樓之１,25.0890600146209,121.560800001752,20130000.0,21416900.522155393,17318817.483570885,17734759.046808373,19920351.38187184,20370731.654335916,46118402.65862451
臺北市松山區健康路１７４之１號九樓,25.0536600104783,121.558530014734,17100000.00000001,12520954.470815085,8386795.948557765,9808051.60528699,11725454.354303034,14623157.493175365,17088745.936392374
臺北市松山區光復北路８０巷２７號六樓,25.0502100191313,121.557120010982,33000000.000000015,26835309.56459827,18958595.529354103,22013426.203956142,27807876.438692465,33149264.60580431,37374798.31681216
臺北市北投區中央北路四段３９８號,25.12963601,121.470974,8160000.000000004,12729026.772517316,7858751.918325952,10012557.450742826,13268765.694163388,15831489.067403138,17970257.93285384
臺北市內湖區康寧路三段９９巷３９弄１號,25.07301399,121.610554,24200000.0,22796829.596148506,15389577.205923403,19716948.061816193,24261188.450760536,27805623.784245387,30534435.208607472
臺北市松山區八德路四段１８１巷１７弄９號三樓,25.0493100122778,121.563490005938,17100000.00000001,13198914.78321413,9576930.182651699,11705828.013491439,14094357.575107208,16334932.201216169,17994406.856147803
臺北市內湖區內湖路二段１７９巷５８號二樓,25.0828699791259,121.586839976528,22000000.000000007,24041844.82061875,15997132.121947922,21082863.911695894,25401705.50522547,30954554.8901905,34174797.28820895
臺北市文山區興隆路一段１８１巷４號四樓,25.0011200201703,121.543260031167,13600000.00000001,15498732.682849929,10505416.635514047,13835632.152810896,15556764.693261592,18575679.223847657,21990069.286013782
臺北市萬華區成都路１０２號十七樓之３,25.0435200031118,121.502279984533,41160000.00000001,44766772.1546001,34088574.29935343,38580856.274754785,41154658.25630641,57301920.694127955,61340166.97036847
臺北市中山區龍江路４６巷９號八樓,25.0493699847951,121.53932003376,176200000.00000024,83937744.06569618,47021577.34085838,81737214.20245884,112600519.68789217,118782764.8650526,190739620.84448975
臺北市士林區文林路７６３號五樓之２,25.10311001,121.51909,10899999.999999993,13861029.049839746,9374819.676654726,10531114.04999217,13028816.328542259,17794897.336678512,21230475.596742507
臺北市信義區信義路五段９１巷８號三樓,25.0334799918502,121.571030030759,186000000.00000012,105070510.15745336,45674411.12743343,85300927.15093766,123989009.53618166,158514365.72065145,193824373.80458295
臺北市萬華區國興路１０２號二樓之３,25.0273800199048,121.50543996203,26499999.999999996,28346325.94644392,20438439.196525887,21641663.781329624,26221739.894417204,34091385.40155327,38482584.5834765
臺北市中山區林森北路５０號十一樓之１,25.0634199823548,121.525990041683,14850000.000000017,13962170.86194134,12433869.63063999,13793255.36358729,14277594.368940039,17567749.231268004,22854838.418855958
臺北市信義區忠孝東路五段２３６巷３弄３３號四樓,25.0404800125586,121.573809972766,33799999.99999999,31349448.478648633,22176428.618906092,28890419.00908265,32959588.67413521,35854330.85327043,41663154.285002396
臺北市南港區南深路３３號八樓之１３,25.0367799890399,121.620640001083,8199999.999999994,10586842.79470368,7772012.604958586,9466607.192386428,11428876.882481895,12707654.693847891,14069206.537790854
臺北市北投區磺港路８號九樓,25.13324999,121.50209,18250000.00000002,20386557.102789726,14148006.017601242,17786217.366070453,19657312.69357337,26658333.84431655,28825750.907183297
臺北市信義區光復南路５６７號四樓之１３,25.03073002,121.55758,25679999.999999993,19065508.906410277,15107326.218500962,18589142.703415997,21169125.23154993,23671582.795799166,26791529.755041704
臺北市大同區環河北路一段３８９號五樓,25.06131998,121.50861,37999999.99999996,46637899.94951132,32598511.676366568,37330616.15598267,43741459.19031541,55135998.92782929,66319649.57587916
臺北市萬華區東園街３０號二樓之２,25.0271200132683,121.495819967937,16350000.000000024,20308134.17856718,15972793.2720638,16829844.557736803,18020159.420070298,22079363.752485078,29121537.258536763
臺北市中正區杭州南路一段１４３巷１２弄２號二樓,25.03592001,121.52549,22000000.000000007,13693987.035368867,9965085.295788592,12384485.608055586,14388555.844968315,16574630.042998934,19119278.23476106
臺北市大安區敦化南路一段１６１巷７３號四樓,25.0435399939509,121.552660000302,8499999.999999998,13331190.066028474,7983236.425369209,11098115.340825567,15147322.120062293,17747492.494265534,20706260.605233185
臺北市北投區豐年路二段６６號,25.1358200121372,121.495749979045,8999999.999999996,8706506.062665103,5125983.731413815,7038260.883001909,8770560.814229231,11449503.292968735,12968694.493554065
臺北市士林區中山北路七段１４巷５弄８號,25.11924899,121.531608,24999999.999999963,23733296.054496296,15667707.666649286,21188984.79383891,27230500.73875658,30291385.10983774,33993258.22802679
臺北市南港區福德街３７３巷２７號十四樓,25.03960555,121.5924718,21500000.000000007,21694361.64759884,14098441.137520898,15860585.623570442,21118237.162600767,26177003.78487118,30317015.796502724
臺北市文山區保儀路６０號十七樓,24.9876099848131,121.568500037104,9999999.999999996,16587621.13199928,12422289.762347858,14046434.310150549,15920086.28034447,18407263.06751683,21735141.37939713
臺北市松山區民生東路四段９７巷６弄１６號四樓,25.0592400110603,121.552929981404,27999999.99999999,19637065.06450135,12668886.579668857,17543007.601242423,20445087.07370879,24181196.330817316,27950973.72030326
臺北市中正區詔安街３２巷２０號四樓,25.0243000057639,121.515100021621,11399999.999999981,14138802.468836034,9238880.918938382,11751116.241998605,14656807.51563741,16721970.82214646,18915945.085146263
臺北市士林區中山北路六段７２８巷６號,25.11456501,121.528173,18299999.99999999,13918823.822043017,9111376.406564565,12920921.801248282,14952813.03232897,17351165.655240275,18853302.866595536
臺北市北投區關渡路４８號,25.12046298,121.469043,86799999.9999999,139245194.59153715,53598210.3323001,125660962.21929878,131398665.77243611,266705337.3450076,287047821.97257745
臺北市北投區崇仁路一段１７６號三樓之２,25.12391326224,121.502074297912,5500000.000000001,9395515.823567268,7096224.261024272,8112524.501053839,10354660.68836693,11692852.996559538,13543952.980455505
臺北市內湖區行善路２５巷５２號,25.05694702,121.577282,22500000.000000007,23985758.91648628,17246086.08774976,20576105.7494871,24295058.38413859,28455325.121054545,30238468.672097154
臺北市大同區民權西路１６０巷１８弄６號十樓之２,25.06216001,121.51549,40120000.00000001,37819002.76936302,29135238.147141576,34045397.58436565,38820363.341449074,44518267.845899135,51920694.12218635
臺北市松山區敦化北路１４５巷２３弄５號三樓之２,25.0530299847261,121.550350031606,38719999.999999955,20373476.365694012,15376302.394158503,16954505.838228017,18814532.358924728,24166697.613256212,34047148.26500109
臺北市中山區南京東路二段１８６號,25.0518307,121.5353104,56000000.00000003,39546409.29343641,27762919.118510917,32705051.606082533,44557881.45212607,51634478.36184295,55098251.90364501
臺北市信義區吳興街６００巷７６弄１２２號,25.01792201,121.569432,14800000.000000004,13332032.439726114,9465382.857234977,13021530.752156401,14703610.118833372,17172724.010001324,18307794.335194916
臺北市萬華區萬青街１３３號二樓,25.02338001,121.50166,2440000.000000002,3993014.8942692596,2589938.3244807273,3900800.9184102374,4691967.788525768,5611146.080668474,7775901.907313589
臺北市中山區四平街１０７號六樓,25.0537400157441,121.535810027987,12600000.000000015,9396234.607383773,7205006.360824724,8604263.084019894,10854850.434425872,11981739.817787522,13747518.012763016
臺北市大安區金山南路二段１８號,25.03329701,121.526954,50000000.00000009,32084198.87987183,24833659.363370158,31379727.36821589,36301280.86728055,38377598.3151404,44291666.24038568
臺北市大安區安和路一段１２號七樓,25.0388200185442,121.550290017179,7549999.999999996,14498980.784744073,9472927.499302056,15677855.562557824,16258505.655635936,19554057.61631451,22657623.19571877
臺北市內湖區康寧路三段１８９巷１４１弄１４號,25.07369699,121.612115,25300000.000000015,23328407.608062312,16870146.678865638,19444012.711079948,22465807.602917496,26846275.48461634,29897508.13758341
臺北市中山區明水路６０９號九樓之１,25.08212998,121.55061,65999999.999999985,50730145.055716164,36634216.78230639,44957174.98277705,60593453.77799015,62330658.08514675,66174025.18643654
臺北市北投區奇岩路８之１號,25.13388761,121.5072858,22999999.99999997,42814171.47758614,26941462.01943747,35928841.07980297,40221292.277174875,53124695.258808024,59814764.89693279
臺北市文山區景文街３號,24.99354898,121.541404,15249999.999999983,15263272.093983226,10569547.281643849,11353865.703296924,15356580.623796929,18734709.30974891,24519669.870439515
臺北市大安區敦化南路一段１７７巷３０號四樓,25.0429499917864,121.550580031029,13279999.999999993,10013140.725747181,8456333.807836043,9445591.285272213,10020402.636965796,12630680.975398842,15669018.643232204
臺北市大同區延平北路二段１９７號,25.05933502,121.511571,6990000.000000002,8753504.936537262,6936174.163208524,8200900.9964813385,8396841.015940998,11865687.627243664,14679744.368829926
臺北市內湖區文德路２３６號三樓,25.0787499803485,121.588560026879,27199999.99999999,30683784.107591715,23038504.408182986,26754077.710137017,31613420.595004354,35906507.5820696,42264134.21835283
臺北市內湖區安泰街１１４巷１７號四樓,25.0775534235986,121.616101626902,9900000.000000013,13897833.489141101,9115243.938958049,12124867.179793853,14525673.177747965,16922260.38353975,19140427.675199825
臺北市萬華區萬大路４２３巷１２９號四樓,25.022189987368,121.50233999896,5379999.999999999,4741021.426360509,3084637.768428829,4087248.5484404676,5210806.019082324,5712701.950938096,6707938.160158545
臺北市內湖區星雲街１６８巷４３號七樓之２,25.07997998,121.59733,14000000.000000007,10452802.414001828,7497444.98816805,9543311.647404905,11791930.392110772,12626951.314613521,14216179.733166337
臺北市大同區民權西路１６０巷２６弄１號十六樓之２,25.0616125506636,121.515490031576,36300000.00000006,48526912.2922584,36786715.37017349,39079066.74516705,46496924.10085249,62881106.31955229,65667714.876342624
臺北市北投區文林北路１６巷２３號五樓之１,25.1053400175205,121.519900002293,46599999.999999955,39978070.776377685,28393505.538438994,34101794.51386821,43652912.91715783,50001641.02891827,56614897.6602328
臺北市萬華區青年路１６８巷２弄６４號四樓,25.0199200003501,121.501340037911,4900000.000000004,6030862.422255466,4366101.748754604,4912782.776794351,6181313.134291182,7267963.220800513,8907461.565686576
臺北市大安區和平東路三段４５２號,25.01731115,121.5598521,26280000.000000007,22506026.764506653,15913803.470026322,17853308.377879784,21192449.93816048,26183758.3781495,33442682.77736968
臺北市信義區松山路４２１號五樓之８,25.0404899870234,121.578009976809,8299999.999999997,8106437.569955691,6066820.51552292,8265702.327708547,8448686.66211047,8600064.560116319,10132769.448097426
臺北市內湖區內湖路三段２４２號九樓,25.0886399974528,121.587919984752,48260000.000000045,55133788.71863417,41787534.98249589,48431878.86360298,52793690.78841297,62363757.48275065,73097761.0851775
臺北市中正區仁愛路一段５９號,25.038558,121.525117,11003999.99999999,6655868.650375925,5044576.410857646,6268749.087571278,7955879.933592035,8042813.375862538,9901185.546265729
臺北市大同區重慶北路二段６７號十樓之１３,25.05578,121.51433,5360000.000000004,4061300.735392194,2574395.3688207124,2682867.8887820514,4462677.399297854,4588050.7436696,5356309.003289618
臺北市士林區文林路７６５號,25.1032924,121.5189652,22999999.99999997,24350344.50427551,17759222.453384273,22894790.909331802,25401901.28640053,30295736.239260662,34677488.85054357
臺北市萬華區東園街６７巷２號,25.02622701,121.49678,15599999.999999981,18925679.850520886,13237197.828501873,15582050.440878065,18737345.980682056,24134401.35858756,27181530.12854223
臺北市內湖區港華街５１巷６號三樓,25.0833200035073,121.57556003033,9400000.000000015,11691854.853805263,8582574.14100357,9487296.475753961,10667308.239795744,14125122.354711806,14939730.731135162
臺北市松山區八德路三段１０６巷６５號,25.0447599799581,121.554439981261,10800000.0,8656550.763102485,4780952.712884364,6726255.621851668,8842166.799824934,11220343.357363254,13364571.903398551
臺北市北投區石牌路二段３１５巷２號五樓之６,25.12295999,121.52156,7800000.000000004,7539230.352758056,5803235.960562991,7600067.3715943005,7793858.687942937,8366601.6787559325,9908445.834031448
臺北市士林區德行東路３３２巷１號,25.11007701,121.537713,19000000.000000015,16099327.864722699,10270090.643371258,13922662.11543122,17723987.770990413,20876742.146106932,25037799.643407226
臺北市內湖區民權東路六段１８０巷４２弄２０號,25.06694,121.59194,31199999.99999996,30501214.407386888,19179789.2182945,27539093.336730894,32232214.66663034,37390268.6471031,42391509.404238984
臺北市中山區中山北路二段２７巷５號四樓,25.0533000077369,121.523740003595,60680000.00000001,38484225.73850431,26727925.889679886,29948456.100153208,39635131.83178283,46187181.997931026,56275927.35310686
臺北市中山區敬業三路１６２巷１２０號八樓,25.0771699957925,121.559677774105,33500000.0,30658735.10240314,23613572.817383695,27349096.27321271,30812466.444749948,35404051.61509339,35817668.13779303
臺北市士林區華岡路４９之２號二樓,25.1377199800395,121.541239992502,16879999.999999985,24630941.584009152,18491256.989212666,19600311.520735662,24674607.30505997,31406767.69388579,34555074.37754127
臺北市中正區羅斯福路一段８３巷２號三樓之１１,25.031409997042,121.519849962331,15379999.99999999,9508305.604997281,7913187.0381166255,7920681.595067001,9702036.11809531,11762932.359382493,14059995.705571033
臺北市南港區富康街２號四樓,25.0540799857369,121.617229991414,15000000.00000001,13588180.627644792,9203907.70853245,12013802.164710777,14092980.68508492,16814788.81383405,19507075.246198844
臺北市大安區忠孝東路三段２１７巷６弄６號,25.043232,121.539995,34499999.99999998,32416179.565149084,20145901.395047657,31313636.205805186,35048181.12254066,37319834.913394324,39068286.51007305
臺北市大安區安和路二段６０號七樓,25.0306700007202,121.552239983134,66180000.000000045,57712298.317655735,36690829.282039866,52567455.56920184,61656761.87074259,66901256.530351914,74970727.62350714
臺北市士林區士商路１４９之２號,25.0940800202517,121.517460030279,50000000.00000009,37866511.99424032,26150830.630608507,35534230.679169,39600036.388715215,49877417.82157656,52020569.96070328
臺北市中正區汀州路一段１７３號四樓,25.0271900021598,121.510819970402,6400000.000000001,4730962.96727105,2747313.777291849,3918505.019313169,5032359.013464952,5718139.197496945,6943064.604312663
臺北市中山區德惠街５２號八樓之１８,25.06656999,121.52719,6749999.999999997,5411325.6948335385,3550509.7320672935,4612943.775021904,6161028.1700609,6579956.222144745,6896764.226033049
臺北市士林區文林路５９４巷１８號,25.09863198,121.524326,17679999.999999974,15769229.130414726,10194976.197242048,12870565.84357068,16427129.946275175,19094034.750793613,23696596.687062215
臺北市中正區重慶南路三段１４６巷７號二樓,25.0238799885958,121.516159997096,24000000.0,20387103.15563593,14350675.717558648,18871341.894626033,21423979.494014274,23370087.05936491,26351106.403693154
臺北市文山區木新路三段５０巷１０弄３之２號五樓,24.9831299832943,121.56422996035,15699999.999999976,19008873.801789433,15257202.741926763,15823001.56839195,20387704.787375435,22079325.520340875,25109932.122844726
臺北市中山區安東街１９號,25.04517099,121.542384,17299999.99999997,10726587.017346678,6494319.2612276105,8280805.509104207,11229092.57097428,13028045.176720265,17107704.41592747
臺北市北投區中山路４７號十二樓之１４,25.1387199829979,121.511750026379,2599999.9999999986,6109064.086995156,3885271.790882273,4645855.867162333,5825919.594169196,7509414.732354648,9768036.210347975
臺北市南港區研究院路二段６１巷１７號十三樓之１,25.0446500093884,121.617390001946,46880000.00000003,57708377.83310117,45322478.852871254,48764042.770052396,54395558.43153855,64486784.498119384,78613105.44566327
臺北市中山區長春路２３５號九樓,25.0547900167549,121.539190030442,16999999.999999974,17916437.29517873,12773973.267933827,16746562.672527097,20231916.837750033,24008214.46844673,25854473.705068253
臺北市萬華區萬大路８５巷２０弄１４號,25.0300600077166,121.501770029544,11599999.999999983,11587803.500605455,6445034.971516863,9771983.164672332,11646612.776809443,15068725.022387441,18053148.920054022
臺北市中山區林森北路４８３號三樓,25.0611900189245,121.525740009512,8800000.000000006,9395515.823567268,7278373.637211903,8749171.788372608,10442950.723687071,12161789.487518879,13817060.969619595
臺北市士林區承德路四段１０巷３１號二樓,25.0801099860482,121.520399982818,12799999.999999978,12799232.955172755,8519554.284532262,9845135.03226045,12668897.323455561,16031316.232417405,19436449.583076008
臺北市信義區忠孝東路五段４２３巷６弄３號二樓,25.0416800077267,121.576659987483,15000000.00000001,16540809.541279105,12473279.226169143,14849695.494934136,17643738.945253443,19808579.26537265,22179905.374985922
臺北市信義區嘉興街３０５巷３號,25.02326702,121.554884,13000000.000000013,10666088.6008933,8126845.610860569,8906413.67255382,12337088.943081876,16600817.19644932,18062829.883028
臺北市內湖區星雲街１６８巷４３號十五樓之２,25.07997998,121.59733,14800000.000000004,11869308.191911856,7839959.0373164695,11475005.026915353,14845777.5335993,14938831.919092065,16005155.993705802
臺北市松山區民生東路五段１６２號,25.05846401,121.56276,36000000.000000045,36320015.83233586,23887443.119452253,35755277.13281278,38633038.834709495,41320268.735694304,45193851.71356271
臺北市北投區育仁路１２巷１０號,25.1329399902061,121.498609968228,26999999.999999993,22429673.713964194,8672448.70869854,14472920.130790742,26999633.35565606,27762947.608999856,30495888.74889236
臺北市大同區迪化街二段１４６巷２之５號,25.06672744,121.5091706,5055369.999999997,7962015.652232927,5094820.289742634,5531127.41478554,7816237.984162987,9635381.123678785,12120563.633328183
臺北市松山區松河街３８號三樓,25.0506900088166,121.57324000335,36000000.000000045,32269064.520878628,23259114.22266697,26571114.52611817,33074134.131708335,36120588.8637487,44158653.2476947
臺北市南港區福德街３０９巷２３號,25.03912998,121.588196,9900000.000000013,8802056.832068972,5859263.079969943,6306779.108635517,9219302.48533167,10237043.572327137,11515180.309125453
臺北市士林區中正路１０４巷１弄２之１號三樓之１,25.0968499877941,121.52945998196,14000000.000000007,11662924.633633066,8944113.502085138,9575719.502683047,13178972.375925042,14342231.975461684,18430992.758647174
臺北市萬華區西藏路４９８號三樓,25.028810014496,121.493860027517,9999999.999999996,12031370.044463247,8060316.456901016,9899804.69635123,12513749.73940966,15033973.963827478,16304166.543776419
臺北市南港區研究院路三段１８巷１０號五樓,25.0353400199839,121.61499001161,24700000.000000007,31913102.364164222,23853461.215746924,24961136.84800522,30996421.01624847,39242938.3217472,44113161.96540326
臺北市中山區南京東路二段１０８號,25.051839,121.532169,16099999.99999999,15790205.022543754,10839119.025913836,12795719.948030755,16551304.64912375,16771045.619265351,20705038.511445604
臺北市松山區健康路３２５巷２５弄２號十二樓,25.0564800179827,121.565690004065,49549999.99999991,50151921.00616279,35572852.88288309,49934193.5403802,50063327.1375405,62717050.743569046,88255397.6378241
臺北市萬華區桂林路１０９號五樓之２,25.0385499955334,121.500820024638,28899999.99999997,36003451.99693739,26273721.532209024,29201913.293385267,35715298.5447876,42051022.79746757,47922252.436294466
臺北市中山區建國北路一段７１號,25.05112901,121.537191,42000000.00000003,42592682.92297,28588659.052229814,37770209.40989344,41769171.05971477,52677718.27706288,60519249.92403525
臺北市內湖區內湖路一段４３號三樓,25.08135998,121.5719,16799999.999999978,18387761.586284246,12974147.170873174,15981299.68953846,16926255.121197317,20575843.68721386,26918428.386233464
臺北市萬華區開封街二段５９號七樓,25.0470300088856,121.505390005887,6500000.0,7527552.453579748,6277399.114289687,6547859.584622635,7183315.210313257,8725725.806143435,10542936.003988255
臺北市北投區大業路４６２之６號三樓,25.13193001,121.49635,29329999.99999997,29574993.85529502,22550673.484416712,29332896.637996264,29453048.119954366,32608939.786005452,38808056.71228514
臺北市北投區中央北路二段３３３號二樓,25.1383199985783,121.489079995774,15000000.00000001,20295594.833529897,14570946.53314481,16507736.753637334,19440777.361003805,22814585.427082196,27499326.45623084
臺北市松山區南京東路五段６６巷３弄２４號五樓,25.0507700140824,121.561499974486,33279999.999999963,28504492.447971314,20631443.24815408,23146476.854745056,29527380.277607605,34924683.60664647,40826121.066002354
臺北市中山區林森北路２８６號七樓之４,25.0556999980731,121.525349999557,8800000.000000006,9164167.955632994,6094452.7642369075,8569632.062561726,9693023.397654183,12269167.513141584,13026711.526826669
臺北市信義區松仁路２３４巷２號,25.02518702,121.568959,27888168.000000004,16814846.150090504,12271505.68169947,14943402.250238057,18962128.843445465,21183318.946287453,22938544.716277175
臺北市北投區裕民六路１１４巷２７之２號,25.11442902,121.518396,15680000.000000015,13380036.594010824,8418060.533941211,10293892.193383992,14433287.644679336,16576395.112596242,19103551.27420989
臺北市士林區德行西路９３巷２弄４號三樓,25.1046900009293,121.521370020472,20000000.000000015,17759096.451269846,11774438.81188811,17192749.40722906,18350262.107033264,21456911.74750501,24337681.656779345
臺北市信義區虎林街４０巷３１號,25.04746599,121.575376,22579999.99999997,16621000.939717935,12164970.133369178,14305119.479565155,17690629.33262401,20377948.999372635,24115226.91653971
臺北市信義區吳興街２２０巷１１弄５號,25.02749401,121.562365,31799999.999999985,26118620.654834524,17080608.729321193,22950635.64941711,24313151.237144858,30891940.382024553,33004544.919340715
臺北市大同區大龍街３２號七樓,25.06436001,121.51595,24500000.000000007,27325871.848406307,22376029.18416718,24358763.73878038,25441090.980144855,29162531.159813184,35018873.2893948
臺北市士林區美崙街６２巷２０號五樓,25.0976499985427,121.522720009798,13080000.000000011,15830899.59936124,10690300.25132067,12803638.979290813,15402168.606362198,18752532.29714223,23025046.12985324
臺北市信義區林口街２４巷９號,25.03768301,121.579768,16500000.000000013,14078117.41422962,8948113.655163392,11052390.55440976,16103912.325509686,18510843.859417107,26599004.551116582
臺北市大安區忠孝東路四段２３３號,25.04165511,121.5536086,13150000.00000002,8757733.068761878,6671386.355338634,8071066.271026327,8505636.850093972,10703326.772298135,13034738.936719578
臺北市文山區光輝路１３２之１號,24.985189,121.558113,14299999.999999993,16419056.577218916,10609768.023895457,12828780.770421369,15513877.996589659,18262605.43320736,21540716.770449787
臺北市萬華區康定路１０５號五樓之１,25.039469993226,121.502059959575,10680000.000000015,15359678.807115141,11749907.292461403,12299332.407308238,14372033.44005586,17287658.63441651,20630561.50798041
臺北市文山區恆光街２２巷１０號,24.982442,121.566596,17800000.0,17430663.699552998,13030817.677043555,17195967.3436344,22097411.757139668,22219811.23145658,24748464.437931165
臺北市中山區松江路１５０巷２９號五樓,25.0540900021112,121.530630011824,20200000.000000034,13829214.186673038,8592952.950308807,10978572.886361036,14848957.318181386,16933100.984420653,19597761.419241812
臺北市松山區健康路５１號十四樓,25.0536600104783,121.555500040555,39999999.999999985,34706234.66328583,28507904.41210149,30572936.665911037,37083267.19211618,39756634.87136702,46477259.53517539
臺北市大安區杭州南路二段６５巷２６號,25.02963601,121.52333,21250000.000000034,11294576.638896946,6561985.2446962325,9293632.43147378,11031878.910194146,13689891.996372141,16738518.434441507
臺北市信義區信義路五段１１９號十二樓之２,25.03374,121.57359,30000000.00000005,24233701.88049762,15553729.533121346,19003562.90873164,22199309.00573441,26178473.116240382,32243051.158998877
臺北市文山區景興路１３７巷５號二樓,24.9942199955668,121.545149982695,15799999.999999998,14107546.373494688,9159874.98695616,12012935.863626663,14420007.425129842,16987724.627174225,19089067.852828886
臺北市大同區五原路１９號,25.056692,121.517333,12099999.999999993,14456512.373491593,10220885.095881032,12559527.47966576,14537951.112981068,16413496.473070562,20292101.01836011
臺北市文山區興隆路二段７８巷４弄１９號二樓,24.9990299926135,121.548539959615,13780000.000000011,15105124.6780178,10565127.840617083,12974252.556649178,14816190.225116026,18136259.69308858,20870518.319998004
臺北市北投區中央北路三段４０巷３８弄１８號,25.14009621,121.4855944,19000000.000000015,20688662.133292787,13123857.237957723,16059998.853586407,20875769.169206172,26172506.051544115,28987365.428041257
臺北市北投區自強街１２２號,25.11074199,121.51583,44999999.999999985,38520760.35500827,25019130.930994984,31926723.998717204,41955451.811046794,46818114.06058123,52330897.345200755
臺北市文山區景興路１３７巷５號五樓,24.9942199955668,121.545149982695,13680000.000000024,12789905.30892234,8677375.543422887,11623800.204742879,12873891.386163691,15457358.01588519,17282607.471858364
臺北市北投區石牌路二段３２４巷９弄２號,25.12152401,121.524384,15879999.999999998,33827170.43261635,17611937.77033177,26215493.238143787,26820258.022359706,45944519.35917372,53152195.53283575
臺北市大安區樂利路３８號,25.02673901,121.551514,32390000.000000056,26622097.15252968,17968641.527464483,28769972.28545152,31884793.30258611,32779522.777326986,35899532.70289532
臺北市大安區瑞安街１３５巷２３號五樓,25.0267300033135,121.54098996033,16999999.999999974,8712318.578098774,5533087.20569909,8128812.186450171,9817779.838586837,11444284.82995109,14918101.05974378
臺北市信義區莊敬路３９１巷１弄１號二樓,25.0281200162266,121.565260012432,27250000.00000005,21335637.376031853,15059124.709342413,18010016.587959856,23843645.811930764,26755091.784651957,26886642.127364133
臺北市大同區酒泉街１０巷２７號八樓之５,25.0699400133779,121.519340007342,24500000.000000007,20144937.350267764,15394986.346190931,18867174.08834003,22043781.868441787,24189951.319822416,26309728.42154985
臺北市士林區延平北路六段３９２巷６號,25.09155501,121.501035,18099999.999999978,30506700.090282463,20893719.87759782,27393156.254374407,29461231.20913359,31432471.13815649,44533425.99531499
臺北市中山區復興南路一段４２號七樓之３,25.04531,121.54365,9700000.000000007,6556723.105056982,4706650.79368529,5417568.680953409,6454740.261926702,7476497.215153444,9228313.277535252
臺北市萬華區西藏路１２５巷１７號七樓,25.0280700181742,121.502490035027,16799999.999999978,18011160.438245982,12424068.604650604,16558177.700275065,19449967.506040223,22324707.794806838,25491391.909865614
臺北市松山區八德路三段１０６巷８８號九樓,25.0454099965493,121.554209981837,69500000.00000003,50577301.993231416,35418148.211406805,49105439.86463402,56730588.768242404,60879946.44675105,69203348.68939364
臺北市萬華區桂林路２１４號四樓,25.0385100138553,121.496650027808,5599999.999999999,6648325.278514231,4559210.16168422,6336367.98767739,7337113.304692809,8750467.712697787,10673396.215088783
臺北市大安區四維路６６巷２號,25.03459298,121.548001,52519999.999999925,34864420.23270685,27490501.45244231,27837844.792894486,33116277.775343966,36572209.9561442,47811612.48065689
臺北市萬華區國興路１巷８號十二樓之２,25.0234533623791,121.508505700339,10979999.999999985,11699674.238692094,7849664.71699071,11622308.4630052,12011988.160294464,13158201.659637362,16384895.98359663
臺北市內湖區康寧路三段１９０巷１３號,25.06872401,121.611393,28300000.0,27645992.512994323,17913389.59735113,22703214.97244283,25848283.486476023,29543088.089449227,34583161.66413985
臺北市松山區復興南路一段１號,25.04734299,121.544173,22999999.99999997,19226316.153744757,13046963.091317268,16505998.323490873,21101959.04131612,23477471.037128627,26632166.55094964
臺北市士林區福港街１１５號,25.08836302,121.51818,13499999.999999993,14115840.677931275,9270005.24894669,11413803.619353922,14922337.527478416,17687893.874727577,21405363.24056582
臺北市萬華區青年路１５２巷２９號五樓之１,25.0203600083573,121.501599960728,6770000.000000001,8404450.171863327,5904766.542864906,7222715.770343364,9533063.408474458,9798750.734942304,12137738.059058744
臺北市松山區南京東路四段９３號八樓之２,25.05182002,121.55414,5599999.999999999,8843189.283282178,5732286.185276438,7769444.629819786,9742519.429869723,12366972.248337075,14473964.920369426
臺北市中山區德惠街４５號,25.06674299,121.526995,6629999.999999995,5417966.93175263,3926061.108660612,5523453.79683841,6494621.210875267,6591361.114116098,7553861.544633013
臺北市松山區延壽街１１號,25.0574000156752,121.568600033209,4880000.0,4775567.607806744,1820677.8709207652,2945715.8491282444,4898457.4245756,5378406.591237618,7231930.646263044
臺北市大安區敦化南路二段１１巷５８號,25.03247701,121.551314,31999999.999999955,21804183.581253763,13789369.043619405,18426216.458182126,24170619.96705383,27826497.788629726,31620552.484150417
臺北市文山區景華街１７６巷１１號三樓,24.9972899933333,121.548480029008,24000000.0,29731573.86515526,22331411.747194983,23978029.447918683,28835641.538198885,31976245.97916022,40986265.979334906
臺北市大安區新生南路三段２號十二樓之４,25.0248499843408,121.534939986437,29290000.000000004,20525934.58186477,15025110.446157172,18596395.45539321,23470584.488820177,23681219.477222405,29409986.818322714
臺北市中山區民生東路二段８３號五樓之４０,25.0581100047837,121.530769989607,8499999.999999998,8769671.01443528,6029558.680459705,7585972.973689759,8493430.731474543,10478334.827522065,13222042.566946529
臺北市信義區信義路五段１５０巷１０號十樓,25.0279900129083,121.570510017486,24040682.999999985,17974636.202272948,11450452.532131942,17282964.40283056,19275903.960802156,23113516.44263712,24451097.499347225
臺北市北投區中央北路四段５４１巷１３號十四樓,25.1274000132118,121.468200004412,27779999.99999997,38561087.440513775,27666381.340877816,31856505.051354207,38267033.36363765,45237428.88208318,46696991.344401106
臺北市松山區南京東路五段３３６號,25.05107101,121.568924,11050000.000000011,10364568.366876045,7171682.891137481,9634833.5225475,11311147.337384935,12511746.18261233,14130919.297990043
臺北市文山區羅斯福路五段２１１巷３５號,25.00290348,121.5399751,8499999.999999998,16828521.531837206,11104752.094880212,13266601.648561958,17604455.11138331,20715936.893920876,24101469.20769696
臺北市信義區嘉興街２８０號,25.02398799,121.555229,12499999.999999985,10714804.463044915,7177861.670438807,9032911.745129269,11497898.437816763,13779440.632362742,16055278.006144555
臺北市松山區八德路四段４４５號,25.04992001,121.570422,10125000.000000011,10340362.455282664,8740564.838268645,9127239.886925612,9729287.15559702,12770141.245108426,15970556.85555068
臺北市內湖區內湖路一段３２３巷４弄１２號五樓,25.0826900196647,121.567469985023,17700000.000000007,14012388.078319341,9292353.573633125,11330268.08399851,14915959.414546877,16389812.477851175,19221964.97630829
臺北市大安區忠孝東路三段２５１巷９弄１０之３號,25.0432200147972,121.542129982981,6500000.0,6583423.066400191,3043250.28678985,5144545.883483888,6704128.382993823,6912083.4693212155,9473909.69148567
臺北市北投區中和街３７１號四樓,25.1421900070934,121.498669982654,7849999.999999994,9023906.455831718,5959074.689622369,7728455.5587002,9553946.408367623,11170009.755082555,13445242.050488392
臺北市內湖區康樂街１５１巷７之１號,25.0717300107105,121.619769959533,11288887.999999998,12030794.765042458,7740847.52872721,11254987.26384877,12401055.633377817,13630848.159806319,16040625.363219773
臺北市北投區中央北路二段３５０巷６８號十樓,25.1395000029074,121.488740025781,27850000.000000034,36674482.72126766,28073925.26832566,32524537.41505526,36082549.42103636,42042670.45896322,49923935.57818557
臺北市大安區敦化南路二段１７２巷３４號四樓,25.0240299827531,121.546780011406,22210000.0,15792473.04054309,10817182.08536379,13490311.043776236,15388669.109204382,19216498.58404809,23014885.311086133
臺北市萬華區萬大路４８６巷２２號,25.02011798,121.496694,8599999.999999996,7585973.581630664,4969663.415582802,6203795.209645828,8506647.824486934,10531520.86919126,12622808.185023036
臺北市中正區中華路二段４４１巷７之１號,25.02582602,121.508883,6419999.999999996,6585436.47932001,3996296.967919144,5743750.917075722,6691702.16656065,9348189.959545871,11290393.374883998
臺北市松山區八德路四段６４２號,25.04981498,121.57484,13100000.000000015,13019885.391752357,10404446.05102849,11110838.728943342,13073744.53828848,14783015.028185524,16491642.030681383
臺北市北投區文化三路９９號五樓,25.1404899894914,121.498860000399,22500000.000000007,25882973.96997051,17514146.12002072,22075924.73841829,24018183.196202092,28648119.485778756,31808881.12871072
臺北市萬華區康定路１６６號,25.039449,121.501804,24999999.999999963,27118149.665474914,17426622.146171827,23624004.07908649,26505324.62928456,34151106.99910894,38395097.191086575
臺北市大安區新生南路一段１３７巷１１號四樓,25.0370599865155,121.53362997879,39999999.999999985,31433010.968466457,19036993.484150544,25417352.987106226,29476175.995232068,35169016.74506482,39987531.494586706
臺北市大安區忠孝東路四段３１１號八樓之８,25.0415800116218,121.55580002887,22500000.000000007,12780568.256980598,8968411.759136587,11316868.118891316,13188265.162881028,16049212.608320905,20390363.65552416
臺北市文山區樟新街３６號,24.97844898,121.555374,25999999.999999985,32346265.686284542,24692090.86144052,26020551.53139668,30551525.427876856,35854094.55686858,44063737.699643984
臺北市松山區富錦街５１０之１號,25.0609000050746,121.564440010844,14399999.999999981,15303944.52005207,10883544.294398338,13943185.995460784,17713223.195451815,21208856.091573663,25327296.22625674
臺北市內湖區內湖路二段１０３巷１００弄１１號,25.08381311,121.5802655,33600000.00000002,32956324.26150118,26257478.682614803,29360034.621357314,32297074.461532872,37107893.377777,45300570.854257956
臺北市中山區中山北路三段５３號五樓,25.0679400074612,121.522959983686,63500000.000000015,43718989.80923638,31010819.4241072,33853470.00744861,50659602.04062788,58483664.63108387,64440227.681125075
臺北市中山區長安東路二段１７８號九樓之１,25.0482100132146,121.540580001446,14480000.000000011,12281434.423171986,7635011.468436275,11810452.189297268,13508803.330928843,15301406.74069238,15933899.683093803
臺北市中正區臨沂街３３巷１０號五樓,25.0395000004393,121.530549964649,24679999.999999955,16156160.61093761,11121962.35156192,13698831.44852963,17185523.48561902,18237537.527728602,21390502.317423403
臺北市大安區信義路三段１１１巷８之３號,25.0341199920672,121.539409971582,34380000.0,22579342.695266902,15076830.14488868,22127159.032311916,29432274.543138966,32460136.597425308,34758874.399479486
臺北市北投區自強街１８０巷４號,25.11089701,121.517355,7209999.999999995,7962220.073701553,5136748.631445218,5868515.055203069,7238311.983424123,9699327.629260868,11472581.82787417
臺北市信義區和平東路三段３１９號,25.02133499,121.556098,31999999.999999955,30406694.576085318,21933279.54218278,22773659.528266393,29840117.843663078,36067441.66644918,44690368.052175775
臺北市大同區哈密街５９巷７８弄５０之１號,25.0757167,121.5144457,18500000.000000034,17801102.810920663,13052514.646839693,16349927.538853383,18425168.167710952,22970687.246463735,26432018.095089223
臺北市信義區忠孝東路五段５２４巷５弄１２號四樓,25.0405399850758,121.580350036537,14000000.000000007,13770611.19939898,9440261.073137734,12357594.19712957,13975320.697365442,16540990.15756675,19115482.52008376
臺北市文山區萬安街７１號四樓之１,24.9997999961487,121.571579967426,10399999.999999989,14159993.78342418,10450678.63303088,12315863.878822291,14727990.890038805,17257954.736585677,19636464.76951038
臺北市大同區民權西路１７９號七樓之２,25.0631500012535,121.515820027104,33200000.000000045,29485137.11168931,20732977.163250327,26239655.794511512,32091880.832454793,33786973.065175734,38902462.12422773
臺北市內湖區康寧路三段７５巷２１９之４號,25.0763199827989,121.614400009445,15000000.00000001,14612921.481384896,9430678.726979783,12627092.539932936,14816519.014094882,19009953.70887057,21292280.22210138
臺北市大安區羅斯福路二段９３號十九樓之１,25.0251399981906,121.524120039085,14949999.999999994,10987900.269572075,6979657.311039016,9088754.707099084,13971348.321200114,14365770.424544398,15342984.155503249
臺北市大安區忠孝東路三段１０巷２０號,25.04085699,121.533353,24999999.999999963,12434568.112140164,7261199.574369891,10462511.37599497,14072321.15601581,17077008.483026892,21882447.863592647
臺北市中正區和平西路二段７號三樓,25.03165999,121.50763,24500000.000000007,17429621.91879249,11932753.043087702,16097193.21832775,16694152.195290932,20280039.22402056,24335117.24633596
臺北市士林區福國路９５號三樓之１２,25.10140002,121.52214,9600000.0,8708025.92499846,5944714.321057003,7033490.931940233,8669399.159139117,10509344.77175601,13036978.079858357
臺北市士林區士東路２００巷８０號二樓,25.11000999,121.534,11900000.00000002,10369543.368264448,7923454.40107356,8892146.64417329,10946848.072175961,13402481.237962155,14892244.0386595
臺北市文山區木柵路二段１０９巷１００弄５４號,24.992437,121.561259,13400000.000000011,15266766.774650678,10447277.562282458,11550094.846494736,14478116.915298544,18620904.65874624,22198930.331827126
臺北市士林區中山北路六段４０５巷６９號三樓,25.1166599873065,121.526179975609,69500000.00000003,57612193.51686877,46188055.592558056,49384342.13228931,58974360.54271374,65989112.84521094,93230786.83882505
臺北市南港區重陽路１２５巷３６弄１６號七樓,25.0574000156752,121.59686003886,48000000.00000006,53182265.30653744,34943110.038901135,44950165.0598871,51492884.51956827,59563032.41479602,75113884.27760823
臺北市內湖區康樂街１３６巷２９弄５４號五樓,25.0733799883506,121.61798000411,11000000.000000013,16857492.653291646,11816764.606010243,13738895.664922819,16827544.381512996,19758851.029637866,23109990.33777809
臺北市萬華區青年路２２號九樓,25.0258799945125,121.505410038636,18700000.00000003,23487979.702416353,16640208.700286482,18586914.536693275,23652298.003540084,27913059.19034361,29043203.119345
臺北市內湖區成功路四段７０號,25.0828572,121.593048,14149999.999999987,10974361.588656202,7589773.192469155,9691685.159190921,11212623.411119191,13443826.504228413,15272935.930106387
臺北市文山區政大二街２１５巷１２號,24.98883999,121.587528,18879999.99999999,27168314.603011034,18910901.638378434,20207643.334287222,25471464.422014177,33122550.828080628,37180840.11977669
臺北市中正區羅斯福路三段１００號,25.021415,121.527044,8199999.999999994,7501379.132986593,4803530.294063109,5944656.343146222,6610243.4490033,8033611.100442768,10364654.048524229
臺北市信義區忠孝東路五段３７２巷２７弄３８號七樓,25.0395800057052,121.574849999312,20000000.000000015,21997916.95660998,17198808.04042162,19996341.555087168,21727025.098848026,29679266.20192743,31467814.55172319
臺北市南港區重陽路１６６巷１６弄６號二樓,25.05632998,121.60122,7150000.000000002,5701008.1643151175,3332640.5506155,4512300.7836831715,5119660.955701341,7226673.271358807,9578405.802134128
臺北市北投區天母北路１０５巷１５弄１號,25.124068,121.527441,12799999.999999978,10809103.63202352,7654987.749440118,9779845.396501325,11497659.611645564,13164079.55251208,16093876.364630945
臺北市大安區復興南路一段１３５巷１５號,25.04271899,121.545045,46300000.000000075,45044413.55455639,28862153.59744375,39264575.31260539,46989224.946338475,49429079.65552434,53200110.213557035
臺北市北投區致遠一路二段４０巷１６之１號三樓,25.1120700152181,121.514919978341,22500000.000000007,18079880.6432314,12062410.982842727,15497251.309787288,19837856.283312276,22486238.032979876,26377274.716839157
臺北市大安區和平東路一段１７７號六樓之９,25.0264899875161,121.532170018895,9811999.999999993,5966613.569921163,3734941.2079589525,5062644.779263401,6372216.535405088,7024888.741632294,8129786.490155431
臺北市內湖區環山路一段６９號,25.08628598,121.568468,15320000.000000017,14107905.598912502,8780608.977217099,12271125.930758808,15418997.857407477,16875963.68258341,19746130.279260427
臺北市內湖區新豐街３２號,25.05961486,121.5826169,31799999.999999985,29158733.110069465,11737427.410160325,20539950.35097751,23894868.23637458,36876639.48526185,40899318.12108384
臺北市中山區新生北路二段９６號八樓之１６,25.0591299985811,121.527250009369,11500000.000000019,13750479.031030655,10873979.03530445,12283071.611419264,13260964.95543348,16152834.216540331,19876595.391805407
臺北市中山區農安街２２７巷１之１號三樓,25.06584998,121.53395,15000000.00000001,15069935.06337039,9725209.513516324,13929435.546977423,15465306.696892742,21180703.078850098,22015165.846903414
臺北市中山區新生北路二段６８巷１５號九樓之５,25.05648999,121.52615,13799999.999999985,14293939.461916596,10514691.399078356,13252727.594519146,13903086.429526756,15412723.74973249,19132921.499726117
臺北市內湖區內湖路二段３５５巷１８號九樓,25.0834500068256,121.592059974369,38679999.999999985,35711975.93865995,27096275.241343435,30559707.745774627,35835470.711296685,40943712.47006963,44920998.32119717
臺北市北投區吉利街３６９巷２５弄８號,25.1183199813209,121.511899978626,20899999.99999997,13083846.191800402,8483321.784941424,10174320.434377624,12696297.23309717,15948777.089522436,20045216.054345198
臺北市內湖區安康路３４８號四樓之１,25.0659099943312,121.612049975252,11000000.000000013,13471874.599203434,9876530.453547502,10586421.31866275,12358388.348907659,16539933.428969335,20551392.709677536
臺北市中山區錦州街４２６巷３號四樓,25.0595700065883,121.542440029579,7500000.000000002,9783674.984775005,5583363.652286115,7292433.6945507275,10520345.684100071,12256454.46921483,15477182.2865562
臺北市內湖區成功路四段２９４巷５號五樓之１,25.0851499825181,121.597680040448,67879999.99999991,64283540.372354455,46604887.03303717,67517410.54533294,67942078.27264951,80518633.60704412,98551472.66007687
臺北市內湖區江南街１１７巷８弄５號二樓,25.0760000036452,121.576780016337,36880000.000000045,31294986.639194097,23470258.274280295,27933504.74379007,32341522.960962728,37243054.19112906,42882557.86185491
臺北市內湖區民權東路六段４０７號二樓之１,25.0704000122242,121.603000034393,29700000.000000034,27186477.461017072,18138688.889727592,22883763.88839011,29581065.20118291,33690903.39353591,35801726.46544188
臺北市松山區八德路四段６３６號十二樓之２,25.0495700189143,121.57448999657,14700000.000000002,13632298.009573147,10662042.90406397,11892863.347771317,14414250.682249367,15774497.864149155,15932372.929836877
臺北市信義區吳興街２８４巷２４弄７６之１號五樓,25.0228599947984,121.56131004056,9109999.999999998,9001121.846300196,5959074.689622369,7974788.003887845,9585523.158276645,11580869.054164227,14075396.391845481
臺北市北投區中和街４９號,25.13838802,121.502265,12499999.999999985,16422756.492023613,11322479.050175838,13953989.236724429,16858090.805772077,19460259.718998097,23651294.13255337
臺北市文山區和興路２６巷７號,24.9853871,121.5458208,17800000.0,18080938.398087244,12300364.058870442,15727907.6353566,18414632.553973023,20137912.145312548,27414613.264599454
臺北市中山區林森北路８５巷６３之３號,25.0493400194912,121.527089998837,10599999.999999996,6365993.256675106,4818234.770674979,5322364.732114993,7599733.744725387,9518755.730872972,11012264.757156044
臺北市松山區南京東路五段６６巷１６號六樓,25.0502800080228,121.560690031182,27999999.99999999,22106040.149711873,15194681.838487722,19291194.028656095,22761231.696869377,27848947.78482397,29923032.3005486
臺北市南港區忠孝東路六段２７８巷２２弄２號三樓,25.0482999929452,121.589529980714,10800000.0,7864876.874166784,5622442.441896439,7854801.8069612635,10790446.245918922,10985337.813691802,11610189.430956779
臺北市文山區育英街６１號二樓之５,24.9922399804891,121.538429959462,13719999.99999999,10761989.835642084,8292345.104659079,9598974.82505459,11724563.892307822,13649837.191800201,16741618.802616138
臺北市南港區東新街８０巷９弄２號三樓,25.0457500084516,121.587280026445,3200000.0000000023,7188555.659514198,4361962.999937349,5224534.145408126,6221525.912960563,8637207.613458004,10571310.630808372
臺北市中山區農安街３３號,25.06503098,121.525098,39999999.999999985,40482688.77699645,30501705.425968803,36360680.41725906,40373689.01864402,46265173.17293819,50739547.20727953
臺北市中山區龍江路８號二樓,25.0514699868166,121.540319994809,19109999.999999985,18127507.906851556,15749202.099569771,15903761.063652545,17429880.565298222,18898745.848352756,34460491.31909632
臺北市松山區三民路１０８號四樓之２,25.0575200026191,121.563820001466,25500000.000000026,25814327.85864237,16269951.876604553,23779356.0980798,26632219.747217383,30798495.901521854,32811879.302512232
臺北市大安區和平東路二段２６５巷２１號四樓,25.026799992205,121.544129988898,25500000.000000026,16223129.65562558,11240046.504035503,14458109.777451202,17392856.12569948,20252194.371931985,24305530.85433979
臺北市大安區敦化南路二段１８２號十三樓之１,25.0235600094421,121.548309960192,52499999.999999985,44557695.59610762,33918794.0280891,42977453.21623857,50124473.37573784,56301144.41719533,61822137.35866128
臺北市信義區嘉興街３２２號三樓之２,25.0232800119665,121.554300003478,18350000.0,12032452.77691268,8614103.032398589,11067782.333172362,13362326.589687698,15124017.983680524,17860188.20178028
臺北市中正區泉州街９５號七樓,25.0268299994184,121.514310027247,14700000.000000002,14510706.822527897,10873090.319972817,14633970.451501656,15352502.274436088,19287049.851188183,21078129.112091966
臺北市中正區羅斯福路四段１３６巷６弄１３號二樓,25.01235001,121.53568,18829999.99999998,15024762.858660081,9713730.177216347,13856938.24197191,16104394.406361036,17377293.319041714,19569508.411042843
臺北市中山區新生北路三段６１號七樓之１０,25.0659200107054,121.528060036492,8079999.999999994,9633673.684460616,7008590.537824826,8410044.63478034,9357483.391792329,11246916.360863388,13612523.836898915
臺北市大同區大龍街１２６號二樓之１,25.0670200097687,121.51589999046,6000000.0,7134147.509545999,5284659.829494285,5868097.52886385,7199565.437214777,8974586.778706819,10853039.301670097
臺北市萬華區華西街１７之４號八樓之４,25.0392800173905,121.498569986549,4180000.000000002,5860212.096072381,4155784.847992659,5163420.027071598,6041387.417115442,7499981.336592945,9083378.986124124
臺北市北投區中央北路三段２４６號五樓,25.136020004347,121.479980014954,13499999.999999993,17199267.426950563,13599394.36223386,15080058.597887876,17566250.901783224,38359230.37153936,40832780.06351599
臺北市中山區南京東路三段８９巷１５弄１０號五樓,25.0532700005236,121.538809994952,30399999.999999996,20836284.606985867,15279748.980700783,17869503.31416635,23537171.3055041,24336796.281503808,29223702.28472645
臺北市萬華區漢中街１６０號十二樓之７,25.04117999,121.50658,22799999.999999996,23025727.421427473,18655159.010759715,22366803.128453944,23106717.157862358,27988689.490681924,32641500.195090346
臺北市信義區莊敬路４２３巷４弄２號三樓,25.0278600095901,121.566870008394,18800000.0,14868288.421172407,10619838.554338314,12622473.692318074,15446358.173830245,17593728.62727467,20967214.82393577
臺北市內湖區內湖路二段２６３巷３０弄１２號五樓,25.0830299896575,121.589269974078,14000000.000000007,16805296.623460103,11697621.531072665,13604984.374080017,17275269.675860003,18763450.823135573,21458078.24241555
臺北市士林區大北路３６號二樓之１,25.0900199939916,121.526220041107,10680000.000000015,9289628.284790687,5076876.348212238,7470630.18182902,10935535.529602487,11857913.1432576,14412996.396653548
臺北市內湖區內湖路三段７２巷２５號三樓,25.0868399837459,121.591569968309,16299999.99999999,16507048.967637012,11154937.957955474,13716707.647118097,16803039.18840479,19156991.332082815,21892831.788957044
臺北市信義區永吉路１２７巷１０號三樓,25.0463400106162,121.570470035807,15100000.000000026,13243938.7805533,8442557.130441515,10634236.745754875,14841847.085976325,17403297.822007153,19445099.81794069
臺北市文山區木柵路二段１０９巷１００弄６０之１號四樓,24.9924799962866,121.561450018343,9999999.999999996,11593683.74563493,7625133.086700867,9436933.2617081,12006687.45419838,14444245.61246451,18476459.697501007
臺北市南港區研究院路二段１８２巷７９弄１４號,25.03702998,121.613808,13000000.000000013,14986299.568059385,8686990.795243563,13026017.041998966,16851513.963542745,20668765.260474656,22757944.56010528
臺北市內湖區康寧路三段９９巷３９弄８２號四樓,25.0745099946272,121.610880029207,11000000.000000013,10557704.775228014,7353708.898660389,11114389.804040348,11776209.406365458,12666857.826331528,14504404.012364596
臺北市大安區忠孝東路三段２１７巷５弄１０號六樓,25.0434200070069,121.539120041551,48000000.00000006,45747702.69208555,29170703.08911193,39753676.7169141,47804586.504389,52538194.57564175,55474939.836318634
臺北市文山區仙岩路１６巷５３號三樓,24.9970099958577,121.550309966109,9999999.999999996,24013901.937640034,15311275.252265016,22378030.95367755,25693772.663256746,29634565.233485006,30982036.550195035
臺北市大安區和平東路三段３７２號二樓,25.0190699915491,121.557919979821,14499999.99999999,9886224.73603345,6843601.437229998,8241432.537754309,10325183.477298789,12947922.35183072,14301210.60383225
臺北市文山區溪口街１巷３０之３號四樓,24.9942724885009,121.539995925284,11699999.999999993,9846965.63995098,7099334.476637376,8519283.534854507,10446840.418323927,12625904.353723831,15011988.310040545
臺北市松山區八德路四段７８３號十三樓之３,25.05136999,121.57824,26179999.999999985,19524761.483348258,15667715.753274955,17690680.78921458,22170594.435345598,24502502.441529676,27686401.809219867
臺北市大同區民族西路１６６號五樓之１,25.0684600207342,121.515309988295,14499999.99999999,17582621.67092122,14250101.300715376,14556135.280826855,16506927.485811768,21130001.706558585,25485410.51423853
臺北市大同區承德路三段２０８巷８１號六樓,25.0710700196545,121.517300019747,16899999.999999985,15515614.06514248,11329922.848440405,12565860.431130964,15313774.313255178,18125449.803414512,22494411.44855659
臺北市北投區中山路４７號,25.13876298,121.511686,3499999.9999999995,5484886.374046326,3558824.4077557907,3811425.9412351577,5177455.167953835,6701895.765572626,8666239.575507287
臺北市北投區稻香路１６１巷１６弄２之３號,25.14190094,121.4880264,19499999.99999998,26528746.698511142,18559356.17067983,21302768.307180144,24121571.008629933,29910129.894994847,33872815.54926456
臺北市內湖區麗山街８０號,25.08279601,121.5787,19200000.000000026,16128394.791777618,10491939.51601382,13007704.189568479,17248356.00164971,18416393.533043966,21098793.807173222
臺北市內湖區民權東路六段２１０巷２３號五樓,25.0665499945481,121.597829992696,57199999.99999997,53094441.355680116,45979980.52017377,50114558.99038788,56405677.97982345,63509340.21777379,89855123.20082596
臺北市士林區雙溪街１０４號三樓之２,25.1008399832532,121.525940001721,6560000.000000002,6827897.563079608,4918236.16926989,6687084.012986081,7012806.085561398,8061941.044093011,8357417.7480197605
臺北市中山區林森北路３０８號六樓之３,25.0561400060803,121.525359974022,20000000.000000015,20767603.166078635,13870282.872163534,17586425.063032467,19843307.07967679,22542379.638200577,28406864.54605138
臺北市萬華區西昌街１６９號,25.038982,121.500752,14200000.000000004,21242679.083572052,14522706.388507862,17524167.816250306,20974456.302540567,25936561.056822624,26525307.486170895
臺北市松山區八德路四段６２６號七樓,25.0498299836413,121.574199982721,10380000.0,9514107.772114249,6625075.522573151,8190185.464653671,10234385.605602989,11788588.77213308,12624758.009253977
臺北市北投區文林北路３００號,25.11050499,121.511856,8999999.999999996,10152015.098861897,5790076.777689699,7923408.564208046,10251369.063435148,13046384.432475923,18845609.343995553
臺北市內湖區五分街３１號三樓,25.0676100119332,121.613350008434,16099999.99999999,16197056.823567867,10919572.156356035,14390801.576816581,18834856.214641668,19654970.937590517,22771253.295114566
臺北市士林區忠誠路二段２５號十七樓,25.109309980231,121.530679967967,46593348.000000015,111706286.64051375,50808324.864014804,104365305.90460986,140753919.05708936,183501454.24262148,202841182.15328783
臺北市中正區臨沂街７１巷１９弄９號,25.035682,121.530097,47200000.00000002,43108867.543512404,27998268.81724894,35088132.862006746,45150944.20690413,49189378.984728865,52944405.1768401
臺北市大同區承德路二段１０９巷１號八樓之１,25.05663001214,121.519059967957,24999999.999999963,20116662.440764368,15439393.452845853,17758602.696537822,19895688.84642853,25236535.044037525,28180108.484959655
臺北市信義區和平東路三段３１１號,25.021559,121.555856,36679999.99999994,27790505.919175148,17786734.345400542,24791883.145132817,30397769.253111176,32881773.6288635,39128308.4252581
臺北市內湖區行善路３號,25.05573101,121.574986,23500000.00000002,20515430.66157602,14183520.364482671,17164807.49074187,21344585.009780936,24141217.024427217,25601863.122727342
臺北市中山區農安街３３號十樓之１,25.065020003852,121.525129974599,17100000.00000001,19955956.710668594,17176734.837592743,17643727.869317845,17829782.070572566,22147972.834322747,32958625.160509616
臺北市大安區樂業街１６９巷２５號,25.01975999,121.555197,31500000.00000002,27069612.67453242,17109272.36925751,24745684.618932024,30043640.967658374,32971470.64731529,37242683.6918165
臺北市中山區北安路４７６巷１４號二樓,25.0792199955691,121.544979997699,12680000.000000004,10369307.479194155,7120088.521672786,8670144.822710097,10441842.105802024,12594990.658893712,15341099.513474979
臺北市文山區羅斯福路六段２６巷３號三樓,24.99996001,121.53931,7500000.000000002,9288214.038642464,7033135.576424489,8492989.455331326,10236275.769419555,14352139.7159811,16480642.887844965
臺北市萬華區寶興街２２２巷３６號五樓,25.0221674122992,121.494657471606,27500000.000000015,43559938.28680245,30548813.114120215,42650918.11572973,42670177.37006752,59350986.921537496,73975616.86548904
臺北市萬華區西寧南路３０７號,25.03818199,121.506499,13010000.00000002,18416506.49576068,13059759.917009389,15893710.563969802,16195819.27380905,19306873.095186442,23328457.15939565
臺北市中山區林森北路４１３號十一樓之２,25.059769998798,121.525710002298,10399999.999999989,12667115.002948746,7631697.920628725,9957044.045570828,11665587.776542112,14692968.19748219,18937115.17430761
臺北市信義區忠孝東路四段５５３巷１６弄１之４號四樓,25.04281001,121.56306,3900000.000000001,5817212.355286605,3713911.6701043868,4940393.0482290555,5118095.295116293,6979117.472666053,8247037.250476286
臺北市文山區景興路９７巷１４號二樓,24.9954600143225,121.545560025398,4999999.999999999,5011702.450723993,3139514.692347307,4586431.533754095,5193452.85613856,6266072.940451045,7960375.881349263
臺北市中正區中華路一段７號十一樓之２,25.0471300049904,121.510510007623,18700000.00000003,17676019.760455333,12812241.462277573,15741066.79541406,17407337.752634753,19744792.224783532,22921447.405462228
臺北市中山區德惠街１１２號四樓,25.0664999964957,121.529570036349,15499999.999999987,15498732.682849929,10505416.635514047,12934479.417836666,15556764.693261592,18739958.10352814,21847724.960383106
臺北市中正區忠孝西路一段７２號,25.04682101,121.514004,10750000.000000006,9894356.27923307,7348911.097402527,8054127.427167248,9836337.52595254,12936434.609970067,16555425.059544096
臺北市內湖區內湖路二段１０３巷１１９弄６４號九樓,25.0845000078364,121.581740007541,16500000.000000013,17462071.557520527,11460141.6698701,13400406.891266378,17220493.94722423,20386839.98123941,22813713.79114499
臺北市大同區萬全街４０巷１０號,25.05803599,121.520101,15859999.999999974,12519268.756188825,7892472.098247944,10965886.760404611,13830203.105144437,15903030.215772683,17229436.611589197
臺北市北投區大業路６５巷６０號,25.12312,121.496927,8400000.000000006,10221807.3934195,7381089.233730744,9721159.60261964,11372192.182280034,15119282.530881574,18027011.09035126
臺北市北投區公路３０６巷９號,25.1323027,121.5026806,17649999.999999978,20214321.956791267,13838330.166298173,17206013.796856776,18719395.222959407,23743517.15876542,29334594.142165743
臺北市士林區延平北路五段２８５巷７１號二樓,25.0845099823012,121.507520015122,9180000.000000002,10572095.93890515,7467299.124299189,8754590.801122028,11778243.2090934,12659691.082988676,15564619.446873965
臺北市萬華區寶興街７８號二樓,25.0260700122575,121.494220030259,17779999.999999978,25623758.314390846,16888828.810577765,22774223.487088207,23649020.71185776,37338982.32286348,45894728.53286313
臺北市信義區吳興街３６１巷２３弄１６號五樓,25.0267300033135,121.566730030611,19000000.000000015,15350386.104957756,10853483.352968097,14765158.29945282,16786695.662644334,17082234.582923494,19002792.213089615
臺北市文山區羅斯福路五段２２７號,25.0019953,121.5394087,27500000.000000015,22299051.301091757,13605121.491395874,18160456.67097861,23493428.06049507,27525088.927028224,29137902.146886185
臺北市中山區長春路３６６號十五樓之２,25.0544599793174,121.542600040111,33799999.99999999,28103611.493643537,20773258.919193,22703607.89802201,28519032.314627007,32345426.241474714,35916747.76013786
臺北市北投區自強街５巷１０２弄２６號二樓,25.1124899904767,121.511750026379,11000000.000000013,11331113.56981406,7668270.104731452,9918967.125929173,11314366.461945867,15238214.453274675,18144626.75086671
臺北市大安區敦化南路一段１８７巷３７號,25.04264502,121.551222,17999999.999999985,8957968.958277157,5704979.732961431,8830114.658274151,9965717.264113711,12793273.94047465,16906937.670481414
臺北市中山區新生北路二段６８巷８號,25.05669011,121.5266692,27119999.999999963,24959425.834376834,18212856.23262562,22154475.345323585,25568194.80453339,26876694.974113077,30625377.831840616
臺北市士林區福港街２６２巷８號三樓,25.0840999815073,121.517179990894,14600000.000000011,13885808.589189455,8821508.681698043,11593995.230688628,15008707.898131158,16382045.1090258,18283327.926574927
臺北市文山區萬隆街５２巷８號四樓之１,25.0007600174289,121.537610041694,14200000.000000004,10730630.52528582,7805882.327881671,9550419.116641138,12124153.182662878,14438773.42717766,18164442.91389124
臺北市大安區復興南路一段１０７巷１７號四樓之１,25.0436800136434,121.545059961055,37599999.99999998,30435218.91280934,18545336.521942638,30076445.482028645,33766973.4892032,38655876.3297534,40048342.983757176
臺北市中山區新生北路二段６２巷１１號,25.05619298,121.526643,53999999.99999998,52081688.3465822,39012972.48503627,43887008.24732855,57859400.8922758,62144422.11738139,82314627.14511259
臺北市信義區松山路２７２號十五樓,25.0438199914265,121.577319978539,16000000.000000026,17546519.5701071,11482326.27419916,14497382.887847196,15949949.232937908,19462730.023350306,23821655.472329266
臺北市信義區吳興街２２０巷１１弄３號三樓,25.0277399807366,121.562140016613,31999999.999999955,26517966.722444043,18000314.917499382,22264707.49399892,24765996.981999096,31040682.135933187,33783592.24896292
臺北市信義區吳興街１１８巷１５弄２號六樓,25.0295700016569,121.56083998343,22999999.99999997,19245872.360275447,14413164.088301012,16936613.96378334,19873948.456792545,22236524.581233993,26419554.245603994
臺北市文山區萬利街１號三樓,24.99968998,121.56647,17999999.999999985,17739418.44674306,13233601.826013334,16618397.656593693,18001255.94598588,20438499.15419937,24228425.950536333
臺北市內湖區麗山街７２號二樓,25.0826900196647,121.579010021677,19000000.000000015,16303492.60807272,11546778.425948989,13248984.85676998,17637799.302201033,18012109.07255303,20034152.02078832
臺北市大安區安和路一段１１３號五樓之３,25.0352000002913,121.552729989194,35499999.999999955,25830991.03259152,16886520.706198703,27125043.40073078,32313649.047632672,34584475.07299836,36343881.7734607
臺北市松山區民生東路五段６９巷２１弄２４號,25.05974301,121.557011,41680000.00000004,27593584.96687004,17062534.460413713,24015312.609996468,29161730.86545733,34941424.49104469,41618061.84176211
臺北市北投區泉源路６２號五樓,25.141409987184,121.512940005172,6999999.999999995,13870086.13724127,8985012.0568689,11804969.91911331,14957921.799203316,16196092.165328072,18473075.953883413
臺北市南港區福德街３７３巷２１號,25.03956001,121.591457,21580000.000000037,24463949.05367157,18314242.735349562,20416444.398832604,21523714.761601627,26444743.979750976,28433980.469297957
臺北市大安區信義路四段９９巷３２號十一樓,25.0345600000744,121.546870033046,50299999.99999998,32381186.892206654,26551178.879546665,27821465.763245218,32871331.53145194,36925085.5594675,47220510.10129923
臺北市信義區松山路２０４巷２６號十三樓,25.0445000152311,121.577330036823,31900000.000000045,31948070.4125086,22830627.617818613,31053459.421970244,35462259.11897785,39028309.97035186,43633632.199468955
臺北市內湖區環山路一段１３６巷６號,25.08679401,121.568799,15000000.00000001,12729836.289082598,8138809.64512078,11402728.428097049,12844767.317076046,16212718.692369187,19179012.58723309
臺北市信義區松山路２８０號十四樓,25.0437399861606,121.577319978539,16909999.999999996,19683810.70202657,14278339.99839618,18622905.03068742,20083412.446612433,21912400.44938587,25083574.681438748
臺北市大同區民族西路１８２巷５號二樓,25.0681500160453,121.514930036624,16999999.999999974,16344010.163732696,11790882.61419765,15140165.650105018,18383058.145214885,19539387.99940799,22545978.069708377
臺北市中山區建國北路二段８９號六樓,25.0585700036299,121.53730996956,8000000.000000002,7627985.727454028,5432248.867702481,6190563.214728605,7861813.658144564,8376934.63952544,9778826.980409786
臺北市中山區龍江路２８６巷１３號四樓,25.0611300044978,121.539929984855,25099999.99999997,20685696.308712456,14840769.70228103,19669456.058811963,25833827.671488937,26280045.21434578,31764411.521667358
臺北市松山區三民路１６７巷４號二樓,25.06170999,121.56283,15799999.999999998,8866943.30059098,6068821.13084542,7557029.260389267,9970634.620421292,11710182.45818903,15358569.774090622
臺北市松山區民生東路三段１１８號七樓之２,25.0574500137276,121.545319967691,19400000.000000004,18030549.80556707,11759137.396434098,16153239.208069384,18923580.38775764,22262770.14404197,24051937.611327205
臺北市信義區和平東路三段４３５巷１號,25.01916999,121.55845,13400000.000000011,14750299.130167369,9471073.138811179,12962069.15432492,15355163.98518759,17506737.10415193,20365266.038617786
臺北市北投區建民路１１０號五樓,25.1090000174516,121.51743999753,12550000.000000015,11711101.134423299,7037881.250913287,9384765.819028847,12542691.936706975,14162784.360431675,16657230.349646043
臺北市信義區吳興街６００巷１２８號五樓,25.0181699846956,121.572229984017,44999999.999999985,51629415.85560039,40163436.25040401,44698455.814956866,56875983.76036826,65034415.34753797,81153710.31764859
臺北市士林區中山北路六段２９０巷３４號,25.1086432,121.5264146,26480000.000000034,21483594.10829121,15205060.10295365,20468707.955878638,23082640.049812675,26469072.96964214,31218107.415102925
臺北市文山區景文街１號,24.993596,121.541381,7500000.000000002,8411647.653546738,6923665.9396375865,7488048.076203931,7832670.046813793,9874811.383202013,11355542.497658692
臺北市北投區新民路１巷７之２號,25.14025601,121.507628,8079999.999999994,11647435.05921971,8728545.287822753,9830666.63843117,12944408.372160954,16257919.39850255,18064021.8803863
臺北市萬華區漢中街１６０號,25.04116301,121.506566,27279999.999999963,24109117.1055806,16714017.28451703,18276136.642497446,25673614.11982572,27516178.299297355,31552556.68290888
臺北市信義區忠孝東路五段３９６號七樓,25.0407199864465,121.574619999889,28880000.000000045,29827847.21319378,19955037.381761696,29107992.38215559,30814449.798458084,36473346.920574784,37891375.57849316
臺北市內湖區金龍路２１６號,25.08791199,121.586969,16500000.000000013,16315291.769330855,11927093.581078311,14414806.325625058,18314555.12716874,20613880.52923974,24818248.90547535
臺北市中山區民生東路一段７０巷１１號五樓之１,25.0573200104094,121.526530003886,12650000.000000007,13501801.527171602,10137338.06943926,12159396.710852116,13377339.495681223,15415083.456659429,18648775.898311574
臺北市文山區興隆路二段２２０巷１４號,25.00078801,121.552229,2599999.9999999986,2811684.111519003,1818368.9901044697,2487993.326510946,2607968.1664340193,4227250.78688354,5666898.847913038
臺北市北投區中和街３６８號五樓之８,25.1419400168312,121.499150014249,5225000.000000004,7320730.178683769,5185265.945331356,5938870.342432278,8096985.552964338,9094033.01841024,9911427.043166833
臺北市中正區寧波東街２４巷４號三樓之１,25.0328200007942,121.520410041101,33580000.00000006,20984135.29091706,14342142.35332754,18113083.448024902,20645093.552038897,24970417.029711135,26506039.539545372
臺北市內湖區江南街１１１號十一樓之３,25.0764799933305,121.576239970315,22609999.99999998,19163185.38598906,14631744.13512057,17252014.050261557,21769224.512831658,22677366.468520243,25937319.426206134
臺北市萬華區康定路１０３號十樓之１２,25.0394800096003,121.502019977897,16500000.000000013,19932828.64290138,16204691.7451895,16508869.369574772,20258684.708716556,24468505.629998814,25526346.84910619
臺北市北投區豐年路二段７８號二樓,25.1360000135079,121.495579994049,2700000.0,10779106.870969407,7055550.626430614,9744111.272224464,11419179.194280203,13799970.417577125,15247673.31535029
臺北市士林區延平北路八段１８７巷１弄１６號二樓,25.1055499841951,121.481690007021,8400000.000000006,12699245.53853533,8519554.284532262,9276588.481347993,12172814.030895894,16002930.42100035,19436449.583076008
臺北市萬華區中華路二段５０４巷５７號十樓,25.0249099987675,121.508029970111,8599999.999999996,10320273.460690292,6971164.081857835,9184415.301450647,10015172.366813287,12221364.289105818,14584585.832206648
臺北市大安區溫州街７４巷４弄２號七樓之３,25.01985001,121.53241,26999999.999999993,25655311.938849278,17225331.3419983,25670944.685577583,29363367.51007969,32842650.39400228,34387798.30150305
臺北市北投區西安街一段２９９巷２７號,25.112117,121.515617,12799999.999999978,9121718.601847462,5284446.990708707,7727695.094149669,10796637.763857428,12111764.247262595,12983908.278027212
臺北市中山區吉林路４４７巷２６號四樓,25.0672399928175,121.53207002279,12149999.999999996,10459253.938070908,7212501.566582248,8745421.33351479,11767140.500945672,13588064.442153586,16742787.520484215
臺北市萬華區環河南路二段５４號,25.03770099,121.496207,12000000.000000007,15836251.267681153,10286107.95301391,13179361.584653486,16401183.50915029,19318620.171362452,22523555.74443198
臺北市文山區樟新街３２巷１８號三樓,24.9789500119998,121.554569984579,50830000.00000003,54489217.467884414,34801676.45350937,44629436.121287756,56399335.1355187,60406308.628852494,72392473.08383803
臺北市內湖區康寧路三段７５巷１８６弄９９號,25.076538,121.612987,22999999.99999997,25657485.877750047,17487007.19303976,23217024.440105923,25574051.263521165,31628126.967190452,34700470.65075731
臺北市松山區復興南路一段４７巷１２號,25.04560001,121.544686,34499999.99999998,22706946.40403993,13441681.978400914,18659803.340341933,27093198.917677537,34976147.8869489,40396091.01590968
臺北市文山區和平東路四段８８巷１８號,25.00524601,121.566927,14200000.000000004,16026936.68497108,10723909.271919504,13351410.56970692,17326796.119876076,20061479.85214066,21675573.646373317
臺北市內湖區大湖山莊街６１巷９號,25.0862299907423,121.603210001068,24999999.999999963,22665111.23147908,15229864.543800635,21357799.708534632,21853237.154343523,28872337.53428243,33273873.324411254
臺北市松山區南京東路五段２９１巷４７弄３９號三樓,25.0537100085307,121.567190029457,20999999.99999998,16197056.823567867,10919572.156356035,14037110.729396291,18475601.581142195,18795334.87126758,21354191.39502938
臺北市松山區南京東路四段２３號三樓之８,25.0518599967714,121.550460002176,20200000.000000034,14231848.15766745,10811957.898044815,14820081.415886559,15372337.231374893,17707350.1816006,19848894.215937007
臺北市大安區瑞安街２０８巷３９號四樓之５,25.02973999,121.54067,24080000.000000026,16751624.241058592,12155800.106313564,15484680.900249148,17282862.193069227,19196220.745307323,22121185.485733334
臺北市大安區和平東路二段３４５號十二樓,25.0248799915541,121.545939977069,31999999.999999955,28773679.999779187,20686102.801683575,27384191.572990887,30249033.57376377,34141038.15504702,37262823.446920685
臺北市中山區天祥路４８巷５號,25.06193898,121.520665,2499999.9999999995,1143370.7575010967,692328.1730089217,1164856.2228041221,1551143.8838892751,3607854.05565636,6994044.846109246
臺北市中山區林森北路１０７巷４１號三樓,25.0500899902778,121.526309978928,11000000.000000013,9748260.47146656,6236585.789413074,9004304.49324323,10702071.207183711,12574175.172971629,13748260.810063165
臺北市文山區和平東路四段６６巷１７號十二樓,25.0058800191646,121.565910029023,31999999.999999955,46365770.26166271,33315667.956848085,40979323.67886715,47039601.842564985,55112828.04244989,63462943.617801
臺北市大安區光復南路４５６巷２３號四樓,25.03526001,121.55649,42000000.00000003,28719201.483783275,17095496.944738563,24165268.542755406,29078750.57892115,35277292.09765721,41287235.05231785
臺北市中正區和平西路二段４０號,25.02845802,121.51281,19000000.000000015,12882692.965219457,8445984.50606939,10889420.721566407,13229850.361691287,16008523.387468746,17545050.510845393
臺北市南港區忠孝東路六段１３０號三樓之５,25.047930015739,121.58535000942,14899999.999999996,13288844.000544082,10352620.659092199,11670893.934361627,14049808.079285027,15926092.947902612,16098936.490454929
臺北市中山區松江路３７巷８號,25.04750698,121.533592,12699999.999999996,12199738.524010452,9275507.53322143,11744903.026232839,13714410.56521149,14639307.23177658,16442393.583638934
臺北市中正區和平西路一段５９號十樓之１２,25.026780001366,121.519709984548,15449999.999999994,11410398.27345826,8917674.924370771,10283400.382835949,10919031.590234991,13765481.141968641,15830454.379004685
臺北市文山區興隆路三段１８５巷１５弄８號,24.99566902,121.563315,8800000.000000006,13542564.143333577,8253000.040161023,10224317.63523962,14129616.152280988,15904517.636729212,17413105.456918065
臺北市中山區長春路２８號十四樓之６,25.0547300023282,121.541520031887,11979999.999999996,13020702.74629975,9006944.563989926,9390928.380826654,10942337.348756894,14421576.461576242,15036944.830243457
臺北市松山區民生東路五段６９巷１號七樓之３,25.0595099921615,121.558089964817,10080000.000000004,7013550.23126997,5332091.564359845,6358627.984982567,7153361.113685705,7698344.503065089,9570345.672956245
臺北市內湖區成功路四段６１巷５５號,25.07982201,121.59403,48199999.99999996,58814558.328878604,41596934.28527549,50690578.692604065,59691591.82765345,65885418.20195251,81193870.37938635
臺北市北投區稻香路１４０之３號四樓,25.1426899876179,121.489439998516,3329999.999999999,11327589.396333579,8925755.67624273,10344748.314288616,10710503.329574741,13683044.01874933,15922421.337447397
臺北市內湖區康樂街２４號二樓,25.0684800115733,121.618219977998,12799999.999999978,14388640.435629047,9076877.797254669,12872105.759367572,15538655.07837657,17281285.428786192,18063448.81748784
臺北市文山區福興路７８巷１弄６號,25.00461498,121.551112,8149999.999999998,13761488.476883765,8067926.795224658,11731210.369665898,16394740.201769339,17655962.15845053,19118239.41620159
臺北市信義區虎林街２１２巷３１號三樓,25.03715001,121.57633,17999999.999999985,14665501.869219456,10290739.775498351,12221015.984151889,14927237.007032217,18308494.223749917,22335590.623002503
臺北市中山區新生北路二段９６號七樓之１４,25.05913,121.52725,5500000.000000001,5428907.718212306,3795024.2416636357,4889290.637050758,5418312.931078767,6864791.136271883,7941341.463402337
臺北市中山區民權東路二段１４６號十一樓之２,25.062230003561,121.534230039238,15300000.000000017,12773108.167102104,7943480.32251707,12161448.763502046,12419705.050772704,14557779.283454254,16783737.206527993
臺北市北投區中和街３６８號,25.14199601,121.499116,13349999.999999985,23521791.67788332,15263687.269334376,20735970.146329034,24114162.9497263,27280058.169717237,30838945.26634388
臺北市士林區延平北路六段２５８巷３６弄３號三樓,25.0907200086353,121.50397002767,2100000.000000001,2556563.7272948194,1474782.3396568475,1972125.5099889166,2455021.876024662,3845908.9700167,5120335.666629892
臺北市松山區富錦街４０７號四樓,25.06083999,121.56055,37999999.99999996,30690963.29989051,17971438.945464775,28646627.704423357,33775544.70552557,38607645.556948334,40421617.95064658
臺北市中正區杭州南路一段１１１巷５號五樓,25.0370899937288,121.52548997734,26499999.999999996,16517449.94039132,12559638.987185314,16471134.10329096,19833991.772273876,21820773.106500342,24896137.82570342
臺北市信義區吳興街６００巷７６弄９０號五樓,25.01849998,121.56986,15799999.999999998,14457131.455909591,9446723.968997989,12759994.972527197,15664828.587709108,17847627.059729714,18985449.302879103
臺北市士林區前街７９之１號四樓,25.0981799862805,121.526009990613,13000000.000000013,10787033.148194538,6969942.799922099,9194098.144931871,11566973.569222417,13972525.513397174,15819408.212232849
臺北市大同區保安街４３號十樓,25.0591600057945,121.512329970259,12299999.999999985,10863748.943663217,7628487.603233741,9372277.197567191,11518280.973062841,12951741.508889157,15991104.679402338
臺北市信義區忠孝東路五段５２４巷５弄１７號,25.04077602,121.580439,15000000.00000001,18297734.741426114,10287058.2860674,14350881.691774104,21741927.10380464,23919640.663149443,27353626.877295204
臺北市松山區民生東路四段８０巷３弄１５號二樓,25.0573799829266,121.553849979096,28999999.999999948,19132096.708639693,14040396.942009619,17090078.734408412,21749058.620464537,26279289.667862274,29483977.00624155
臺北市內湖區民權東路六段１４６號,25.0688168,121.5895168,12666666.670000015,12534500.273433829,9492630.960078081,11211409.059950804,12578108.194484215,14926483.32999467,17540547.736741837
臺北市北投區溫泉路３７巷３０號五樓,25.1364252261389,121.511913224338,7700000.0000000065,11015319.492635861,7585064.319706952,8229765.189084282,11807193.484051242,12913646.01574729,16523338.711857606
臺北市中山區中山北路一段１２１巷９號,25.05117302,121.523504,999999.9999999997,7343364.257887436,7905744.5658994345,8904725.660160538,9730827.483507898,18693594.720131323,20548824.900526688
臺北市中山區民生西路４５巷５弄１９號三樓,25.05855999,121.52148,10399999.999999989,7546651.167894045,6006735.45106072,8079910.475345724,9413546.136247957,10353503.561711414,13351691.05679993
臺北市士林區福壽街４５號六樓之１,25.0965800066928,121.525440021197,16260000.0,14940610.65044993,11705015.727552243,13193839.494811697,16143738.715673788,17783667.13658419,19053993.713141136
臺北市中山區林森北路１０７巷３２號,25.05000198,121.526105,8000000.000000002,10060207.797335884,7512792.052262748,8282456.449679369,11374715.0006577,12882779.898009047,15022814.170868194
臺北市中山區南京東路三段２１６巷２之１號,25.05143801,121.543307,25579999.999999966,15571003.925864048,8546332.835978733,12048186.369722366,18598912.358762473,21602493.148634546,27569720.973713655
臺北市中山區錦州街２１號,25.06040401,121.524953,4099999.999999998,5190002.623067233,3751472.613901343,4128976.5436197743,5169094.603748024,5657503.614463674,6868051.292264325
臺北市內湖區民權東路六段１５０之３號四樓之３,25.068799990727,121.589620002354,22000000.000000007,22364307.375275098,14548213.374594586,18003005.48101007,21869456.339552566,25052570.542592417,30512483.78609047
臺北市內湖區內湖路一段５９１巷１１弄１３號五樓,25.0812000106467,121.573739983874,19095599.99999997,16540919.394504573,11456393.52726413,13359637.07000981,16734502.454755649,19233543.765964154,23415164.581386283
臺北市大安區安和路一段３７號二樓,25.0387700204918,121.550850012131,42500000.00000005,30353516.223282117,18301881.116573703,27647523.17321499,36088329.404351965,37039841.20796993,43038828.01345067
臺北市大安區羅斯福路二段８５號九樓之６,25.0257699820333,121.523600025812,30000000.00000005,19147713.69948999,15645336.29353866,16304222.007870603,23425195.011786267,26024262.69392758,30094997.3199422
臺北市內湖區星雲街１６８巷４３號十八樓之７,25.07997998273,121.597330012171,13100000.000000015,12045701.612475479,7196859.365749748,12872892.404050278,13368182.861391466,15580484.942498354,15875898.924163938
臺北市文山區汀州路四段２８１號,25.00148295,121.5355503,25548995.99999997,41192895.681900896,18015916.730729606,30246978.390238896,40907074.6786348,52217983.7286715,55366411.34219872
臺北市萬華區寶興街１５３號三樓,25.0242599821762,121.495229965772,10499999.999999994,11461157.591281734,7586629.849906342,9622204.91504373,11281693.283253342,14478238.02793889,16713993.57688826
臺北市信義區松德路２５巷３２號十一樓,25.0386400171736,121.577219982435,28999999.999999948,28074439.128172256,20686102.801683575,25565250.74120143,27394401.080523912,34109165.331710316,37958344.80241324
臺北市大同區敦煌路１３０號二樓,25.0761399814282,121.515960004887,12499999.999999985,13989936.558681093,10359810.009065013,12491052.064606898,13302920.222803768,16612441.808324294,19495598.469560716
臺北市士林區忠誠路二段５號,25.108874,121.530642,69379999.99999991,61300186.85028794,37165782.13183509,62881769.75069897,70180915.27300587,73862959.23508975,99549201.34243885
臺北市松山區復興北路４２７巷２５號九樓之１,25.0634199823548,121.546380026986,11199999.999999998,12679546.049112104,9875496.223115865,11230581.587761797,11926544.663729463,14624921.203809047,16949915.34197376
臺北市松山區南京東路五段２３９號,25.05161642,121.5649724,15024999.999999981,13491265.078314729,9871810.563637966,11782366.817568483,15020740.716781933,15042902.654295178,18055621.80603299
臺北市士林區大南路３１０號二樓,25.08888999,121.51879,9200000.000000004,8902994.14908759,6114294.722748735,7646069.790520573,8504279.529710356,11920088.301825535,16118810.740168618
臺北市文山區景興路９６巷４２號,24.99472199,121.542512,9999999.999999996,10627392.86878416,6378413.011102472,7847476.547138527,9955523.715095796,13760580.589015735,17010625.667674158
臺北市北投區大業路３００巷１６號三樓,25.1281999820509,121.498869974864,15249999.999999983,17256218.955287438,12796128.0255608,16791947.043288272,18666644.96954043,21248249.440670297,24240255.34220913
臺北市文山區景中街１號九樓之３,24.9930300167729,121.542120008516,9280000.000000013,9365384.629532913,7205404.676305583,7602036.82838069,9802794.447691161,11501142.858390192,13231525.782052191
臺北市內湖區成功路五段４５２號,25.07452701,121.606908,48499999.99999994,38106310.709446356,27160577.651164815,35673755.104114994,40663902.514459684,48591761.82773402,49912923.89880918
臺北市中山區新生北路一段５４號十三樓、十三樓之１,25.0463200197771,121.531050028992,19200000.000000026,13132090.934909277,9328215.292253163,12182106.251162086,15290858.335759467,16628345.70606584,19767864.903482772
臺北市大同區承德路三段９號,25.06359298,121.518512,46999999.99999997,51488837.63174872,42520153.1071028,46075108.50650157,51901762.52955918,60311899.54554786,67387056.5882326
臺北市松山區三民路１０７巷２５號二樓,25.0575599842973,121.562179998291,22200000.000000004,15990445.831702473,11571469.651236322,15786295.88545173,18699670.504080996,20756571.1739945,23770778.164800093
臺北市中山區復興南路一段３０巷４號,25.04649549,121.5433845,16999999.999999974,11905532.568315225,5747899.36737782,9034170.336719366,14114599.213108605,15428255.545746094,17622576.137615785
臺北市中山區長安東路一段５６巷１弄３７號二樓,25.0469899852979,121.530030035195,36199999.99999996,35371720.35869278,26595395.620038167,31045765.692699354,35835412.275409274,41126587.8733341,45010026.79893968
臺北市萬華區昆明街１４１號四樓之７,25.0409400114049,121.504509989873,2390000.000000002,5570751.300008168,3432107.6989361476,4699447.273793889,4992803.554392339,6250261.5339893075,7253670.941752041
臺北市士林區德行東路３６５巷２１號五樓,25.1115399855708,121.538640009956,17600000.000000015,18467919.10903214,12917790.089324046,13850562.784180222,17771939.2733087,20083356.087139573,25420761.68044275
臺北市信義區和平東路三段１７９號九樓之１,25.0238999794349,121.553180013575,10660000.000000004,10083938.585350268,8575803.85094266,9151961.324448152,10145597.761153039,12606878.43932788,15609133.257345222
臺北市中山區民權東路二段７１巷８號,25.06333398,121.531611,34099999.99999998,24852876.01455111,12631830.92631542,17195922.806618754,19967631.295477,34122543.31241349,34641918.737473585
臺北市松山區八德路四段４４５號十三樓,25.0500200013863,121.570259985314,21300000.000000022,22076787.69540374,14185874.000749022,17448810.02061517,20469055.926945202,23201170.189749606,29576297.250102255
臺北市內湖區成功路二段３１７巷７號,25.06985192,121.5910727,55000000.000000075,48504403.61132813,39475802.31308144,44005940.57194415,50336256.00109509,53952178.58428173,65807628.000465125
臺北市中山區新生北路二段４０號,25.05477099,121.527231,11950000.000000011,9953884.329161426,6845893.587145541,8370277.126748424,11984333.068551555,12776687.718094174,14412870.258287726
臺北市內湖區康樂街７２巷１７弄１１７號,25.07142998,121.61684,12899999.999999998,13930178.929619428,8974164.800115345,12273203.200317318,14045676.238037303,17968740.548162766,19851687.96512188
臺北市北投區中央北路三段４０巷３８弄２２號五樓之２,25.1403099881207,121.485699993319,16450000.000000028,29448390.272773832,21709560.7415339,22242497.56823831,28657930.958195567,34792391.151579134,39648532.548101835
臺北市士林區基河路１３０號十二樓之８,25.0890499982466,121.522920002007,30999999.999999978,31148851.349373452,26385328.27520985,28482303.64798088,28784974.04846178,34609970.94730392,40647194.35316941
臺北市內湖區文德路６６巷１４弄１４號十四樓,25.0773600093449,121.580959987632,29800000.0,33125785.511042897,27325287.532566383,29691573.485875543,32775555.98473697,35678411.25699637,45111948.37070943
臺北市北投區義方街４３號四樓,25.14145001,121.50095,10819999.999999998,16449721.514415074,11622758.696319193,14959379.66779999,15199444.620642416,18959660.741882987,23564032.603614934
臺北市文山區興隆路二段３０１巷１８號五樓之１,25.0027300161322,121.554119960197,20800000.000000004,25882973.96997051,17249370.600813247,20698649.13124439,23502273.76907067,28648119.485778756,31938021.117676713
臺北市文山區忠順街一段３４號,24.98402002,121.559594,22880000.0,18382090.669764116,9448400.168988133,13801524.682850245,20034654.14572508,24548438.59861251,26912751.09322889
臺北市松山區三民路１０７巷２８號三樓,25.0576500059374,121.562059969437,22200000.000000004,16741194.420934292,10630058.574740358,15152758.087183598,18212957.710920274,20809515.14571941,22397395.612900868
臺北市大同區延平北路一段１０８號四樓之３,25.0527191268169,121.511770949438,58670000.00000006,54914428.0764758,40574062.103321865,42829664.847176656,58763915.23448986,68864309.85972929,75289412.48010771
臺北市內湖區康寧路一段１９５巷３弄６號四樓之３,25.0792699936215,121.597249964996,23980000.00000003,20392259.14479068,15824314.495827924,19173875.00879037,21642993.278179787,23895572.70162227,30271115.507921237
臺北市中山區龍江路２６２號四樓,25.0600100145955,121.540640015873,30000000.00000005,24323119.005699545,15196364.15986685,21395980.57530787,26264822.04778707,30035172.22838728,33981440.496594064
臺北市中山區林森北路２６３號,25.05459862,121.5255575,9350000.000000011,6649736.076228746,4896458.242154729,5639655.290719103,6951742.707921941,7608422.444195655,9839249.996326009
臺北市萬華區國興路１巷１１之２號,25.02352099,121.509121,10100000.000000006,12539938.819098629,6810449.200587805,9645889.35182301,12696899.22881491,14362811.649812818,19145655.98972433
臺北市北投區大屯路２１巷４弄４號三樓,25.1439100155346,121.499989964766,9500000.000000015,15434807.496641718,10835220.409589916,12774861.32213364,15612502.02835657,19188486.68707848,23249623.870640617
臺北市大安區大安路二段８２號二樓之１,25.0316099892518,121.545909969856,106079999.99999985,61534793.67693585,35827155.975513555,44764569.772672914,57468958.72477587,70531154.2794046,84437164.19593841
臺北市中山區南京東路三段１９４巷３號二樓之２,25.0517542685367,121.542715071957,38750000.000000015,29698339.864411656,21167584.26918155,25692693.818592295,34778307.71104953,37040273.955185466,38817717.00731069
臺北市中正區博愛路２３０巷５號二樓,25.0335799879551,121.50979000214,15499999.999999987,11983537.470347663,8458671.463643527,10334809.5326116,12365652.182854753,16925906.014968876,19906948.021168347
臺北市萬華區青年路６２號七樓之３,25.024649992131,121.502279984533,17499999.999999985,20480383.342998795,15488523.07184481,16852764.508536913,19689141.72480972,23250513.618496705,25183643.1345773
臺北市信義區永吉路１２０巷５７弄６號五樓,25.043769993374,121.570649995269,30879999.999999966,16857492.653291646,11878833.966855641,14703776.183234543,16734951.508613633,20021497.466686644,23655186.661944583
臺北市信義區基隆路一段３５巷５弄３８號二樓,25.0484900106902,121.570180021958,9999999.999999996,12799232.955172755,8519174.377309842,10791933.530330176,12107690.063043531,16031316.232417405,19179567.74780692
臺北市中山區中原街２２號三樓之１０,25.0567399827096,121.528779958155,5020000.000000005,5911185.421347343,3816460.0269081923,4998453.8715802515,5622182.54291807,6881981.043021001,8333403.199550946
臺北市北投區奇岩路１２之６號,25.13348582,121.5074444,5500000.000000001,12420287.194053289,9157767.524728563,10438152.368745308,12086286.036102746,14046815.315385409,19432618.395929854
臺北市中正區連雲街２６巷３６號,25.03737401,121.529879,28279999.999999955,19555675.604588848,12047266.44621438,18174461.686637208,28391798.16189723,29962827.100141924,30636494.430786487
臺北市內湖區民權東路六段１４６號,25.0688168,121.5895168,10850000.000000015,12482988.53205271,9570178.550951265,10854096.2394314,11408742.108109655,14569170.533349551,17284853.662842497
臺北市信義區忠孝東路五段４６９號十九樓之７,25.0409700186183,121.5771000374,52379999.999999985,42710062.56313146,30954965.803908274,33935983.428588465,52146933.70339659,52324463.27661161,53634806.17475917
臺北市中山區德惠街７３號十樓,25.0666999887054,121.528349966522,24200000.0,26889025.204976875,18725126.88333821,24084090.57900986,27638421.42455858,33021031.256692193,35943439.13550938
臺北市北投區泉源路３７之１號,25.14072778,121.5061149,13499999.999999993,30745412.980412655,19745333.18588082,29370112.427161586,37793604.156835064,38994790.73975197,39886283.133562036
臺北市南港區東新街１８０巷９號十樓之１,25.0456899940249,121.593899969754,31999999.999999955,35956935.6441314,26663248.48159994,32002983.280704398,36824823.01996636,45594226.67499589,51365446.840117246
臺北市松山區民生東路五段１５３號,25.05904149,121.5623624,16166666.67000001,16945501.05975009,13018331.048415625,15734579.291466074,17311324.88883774,19118992.39152108,21867546.323495906
臺北市萬華區萬大路４２３巷１０１弄１１號,25.0225699809485,121.502019977897,6549999.999999996,6630663.2185560325,3667848.060426331,5247488.333432335,6540940.046445817,7488877.63691933,9820767.14724813
臺北市中正區和平西路一段５９號,25.026809,121.519707,19660000.000000026,14103216.96065167,10305073.737033395,13603016.606439337,14475397.73434376,15927392.734475208,20055604.140361577
臺北市士林區福港街２６４號四樓,25.0836600154097,121.51753001917,16000000.000000026,16378834.51930893,11324751.087984784,16268686.059624499,17713469.16418488,18720197.223494645,21098501.534525283
臺北市松山區延吉街４８巷２６號三樓,25.04502397,121.5532449,26799999.99999998,26512848.74466522,16506087.42395273,24770131.703743774,28521182.889576282,33095101.98402396,35645956.78770382
臺北市中正區臨沂街３３巷３８號,25.0397799979149,121.531699961765,34499999.99999998,25605004.785799276,13236691.22551316,19056859.16449771,26999834.35420348,29494767.70950347,35087465.36050682
臺北市內湖區康寧路一段２１４巷６號,25.077776,121.595744,20999999.99999998,18603586.317685537,13665805.665164862,17653096.597961478,21066287.347519156,21845739.260028876,28661844.7674
臺北市信義區忠孝東路五段７４３巷２１弄２１號,25.04376551,121.5802544,33200000.000000045,27767745.8754118,20586285.823946353,23405449.316099368,28434478.511729136,31293650.20260565,34832255.101376645
臺北市內湖區新明路４６０巷２８弄２號,25.0545399845832,121.578320023407,16879999.999999985,17328149.37465914,10773924.897359757,16904534.428693984,19428461.800185617,21636823.838249706,24551631.155712403
臺北市松山區健康路１８４號二樓,25.0537299993698,121.559399972465,21950000.0,17558925.70627218,13751105.480291303,17070666.498514887,17213062.031022552,22259167.13926467,26725539.77663847
臺北市文山區景興路５３巷２之２號二樓,24.99643001,121.54574,11800000.000000015,11463940.249958072,8730212.935872743,10610271.906233188,11503633.571130794,13530162.136099232,15173146.82421549
臺北市信義區嘉興街２４９號,25.02494298,121.556009,17499999.999999985,14614185.648113562,10695516.868298061,12942037.220622677,16595969.129107144,19248488.007120427,21307803.583354224
臺北市中山區龍江路３９７巷５１號,25.06566801,121.543622,15000000.00000001,17176089.37834459,11520672.429689096,14715715.418795004,16711300.077661606,20728597.989505827,26108694.642682314
臺北市文山區育英街１７巷５弄１２號四樓,24.9901900184295,121.539109983267,17100000.00000001,16081282.833423704,10738765.527685767,14133024.097928004,16628411.067583827,18612044.5103206,21400961.55745026
臺北市中山區林森北路１０７巷３０號,25.05000399,121.526051,5800000.0,5144195.276077617,3736646.68905273,5104101.446736179,5224343.653697549,5861408.817968656,7311711.3387415465
臺北市中山區農安街１３８之１號,25.06472002,121.532041,16999999.999999974,14236758.600883149,10267647.406977404,13919169.546752216,16502371.57025883,18666044.976602487,22759971.91441675
臺北市萬華區漢中街１６０號,25.04116301,121.506566,20099999.999999978,20637562.654297087,15851543.9584358,19285415.13748327,21318002.171253495,23264643.581542607,28934780.923679695
臺北市中山區錦西街４之５號,25.06015301,121.522154,12465000.0,10746180.216164064,7500898.8551238105,8997868.188128905,10821304.801953953,12686904.268659186,16478583.991811356
臺北市中正區愛國東路７４巷２５號五樓之１,25.03315,121.51903,18750000.000000026,12142683.44707242,9472106.226138493,11021813.665112767,13244983.476280063,14436292.773605881,16586796.743863488
臺北市萬華區德昌街２７４號,25.02302001,121.491977,15660000.000000004,24887331.456004933,16594869.272997761,19190303.41223524,25059258.33879225,29465503.35448464,32646209.771769263
臺北市萬華區康定路４７號十樓之３,25.0413099886111,121.502309991746,4000000.0000000005,9418633.271796566,6644955.187935179,8104091.741943791,9873216.62926415,11149195.093042027,12821911.440874984
臺北市士林區天母東路６１巷５號六樓,25.1188899926464,121.53381002207,10650000.000000004,8442858.41872774,6521420.884315243,6691676.986980226,8358474.189099037,9683423.62154946,10460914.281659253
臺北市北投區崇仁路一段２９號二樓,25.1275200001558,121.501410026802,13799999.999999985,16831148.06256199,12049729.018872825,13817696.968877295,17234926.226257924,20441246.3351984,24014914.36166158
臺北市文山區興隆路三段２０６巷１０弄１０號四樓,24.9977499921796,121.558639985304,15499999.999999987,17788855.759505194,12341652.062835807,14142724.081165666,17798206.414818738,20711611.80930405,25827173.360894285
臺北市大安區安和路二段３５巷１６號九樓之２,25.0316500128394,121.553089991935,31500000.00000002,18623569.35608845,12807435.381561294,15271549.453251794,18834766.381267976,21056303.42874715,27177961.295972295
臺北市大安區建國南路二段３０８巷１０弄８號三樓,25.0233899825361,121.536719967395,33799999.99999999,25821001.748054277,16997656.193618897,23719250.60678389,27683280.508736663,33310572.677467518,37163274.099075496
臺北市信義區忠孝東路五段３７２巷２７弄３６號,25.03940499,121.574771,28180000.00000004,21838621.480345435,14957671.384282801,19704670.91329397,26187051.325255502,28300691.72294014,30228232.27653007
臺北市士林區天母東路８巷５３之３號六樓,25.1159,121.53132,31199999.99999996,26235083.09589748,18078328.404834464,21859401.5916473,27270589.570669115,33040544.46035514,36970610.44004793
臺北市中山區南京東路三段１９４巷３號五樓之５,25.0517542685367,121.542715071957,31449999.999999948,20687094.35069306,13538732.740742685,17552526.56209107,20314079.742148265,28737050.52998294,31732021.51448287
臺北市北投區吉利街２５９巷２號四樓,25.118199994377,121.511179973144,11013199.999999981,17246888.69931555,11609306.854358975,14555052.58015349,16660795.394064613,21577313.850427408,25278634.600326326
臺北市北投區公路２９８號三樓,25.13289,121.50253,8550000.000000006,11824636.182537343,8030045.325720463,10228600.109650552,10762635.17141261,13664840.185985144,14947089.309114471
臺北市北投區溫泉路６５巷１６號十樓之３,25.1359126321673,121.504417956576,6599999.999999998,8019017.187866388,6398920.780542253,6922416.593027275,8040190.267591757,10303969.798046788,13099287.53601338
臺北市大安區信義路三段１０５號,25.03370002,121.53888,20940000.00000003,15069593.487091543,10923453.774234349,12834073.647269087,15724243.038743604,17257144.718885556,20952080.538435116
臺北市中山區龍江路４６巷９號三樓,25.0493699847951,121.53932003376,165100000.00000012,97016097.71811748,43763288.6840152,91967345.00378643,121544443.56320378,162554295.47360492,200174202.01393074
臺北市北投區中央北路三段２２０巷１９號二樓,25.13669999,121.48001,33000000.000000015,52781708.90209704,34400172.50070729,39824977.27394803,47410149.47045392,61734074.591752484,67806641.47285214
臺北市大安區新生南路一段１３７巷９之５號,25.0370599865155,121.53342998658,28999999.999999948,19120227.09823519,13094299.971685844,16019703.78124266,21852979.198843703,25310926.647834007,29200014.58385784
臺北市中山區農安街３３號十四樓,25.065020003852,121.525129974599,24860000.000000007,23299003.552391183,16864630.0884804,18714521.910718728,22760768.829215907,27046694.695542127,33695388.1207641
臺北市北投區三合街一段８２巷８０號八樓,25.12883001,121.50457,48000000.00000006,50327545.130982384,34498192.011018984,44736893.05333902,51308758.611679964,56972708.032424845,65519903.87167733
臺北市萬華區西園路一段３４巷２２號三樓,25.04071001,121.49936,1600000.000000001,2718219.2337216986,1708309.2291196282,2148364.49543731,2725618.775309316,3868400.6890897863,4800148.383160256
臺北市南港區重陽路５８８號,25.06292302,121.614597,23799999.999999996,20684738.298302725,13246855.205746114,16888070.63687916,20552095.266239177,23779212.031036615,29224469.6009331
臺北市信義區福德街１３７巷７號四樓,25.03710001,121.58298,19000000.000000015,14682360.218064733,9977508.968531,12737469.696528941,14408617.34181802,17449881.611009173,19842925.058605433
臺北市大安區瑞安街２７６巷２號六樓,25.02612001,121.53884,53800000.00000009,38149101.82822877,26478213.206140086,33414006.86307527,44711579.454923645,52334631.49336801,56185113.30306162
臺北市大同區蘭州街３０號,25.0623799977183,121.514399965068,13100000.000000015,15150275.245316725,10175429.681483075,13147887.73939671,13558783.885458881,20145326.33691926,24667308.789693117
臺北市大安區通化街３８巷８號,25.03084778,121.5539297,27999999.99999999,27069612.67453242,17109272.36925751,24249585.59347603,30065036.15085785,32971470.64731529,37386286.224572636
臺北市中山區明水路３９７巷７弄４６號六樓之５,25.077900013457,121.550360006071,24980000.000000045,18033524.547128834,12161690.019377548,16811207.736831382,18764532.08660991,23733839.892221455,25783178.343674123
臺北市大安區金山南路二段１４０號三樓,25.0293599930729,121.526209982823,1299999.9999999993,3545978.184621888,1909915.1913034143,2937538.223199581,4291198.803592015,5810922.4975380255,7708189.851208642
臺北市南港區福德街４０５號十三樓,25.03970645,121.5892725,23500000.00000002,23216315.561910152,19260041.22709837,20002174.095745776,21814059.51935611,26562734.557687476,29522055.458405323
臺北市士林區忠誠路二段１０８號九樓,25.1133799809559,121.531180032311,62199999.99999992,52950708.612922534,34253631.573845655,51824447.226623096,61908115.76863053,65612836.49190306,80107755.066376
臺北市中正區連雲街２６巷３號,25.0365900132044,121.531459987877,9649999.999999989,5621957.769897511,3030382.678035628,4693223.963613349,6388585.8462129105,7087946.737524746,8768835.804739337
臺北市萬華區東園街６７巷２號五樓,25.026660014422,121.497819973853,11820000.000000002,14045824.515225023,10043526.459928801,11271176.317042591,13369331.23187005,16472207.659001611,20674923.499222834
臺北市士林區大南路４０８巷７號四樓,25.0896099931978,121.516580014264,15660000.000000004,19221967.6737466,12779487.404025491,14718617.212893536,18920883.096717134,24696880.324626412,27332752.966913044
臺北市大安區八德路二段１９號二樓,25.0446500093884,121.533540040969,1969999.9999999995,2112108.739677438,1395014.1580872717,1784762.0871022483,1951244.7858926877,2923537.200274448,5405654.488519019
臺北市萬華區富民路１５５巷１３號四樓,25.018080004965,121.500420040218,6880000.000000003,12753125.085493337,8754831.28731137,10889102.004933659,12149085.56682683,16059130.579952301,19671306.38734005
臺北市信義區吳興街６００巷６０號二樓之１,25.0197599898184,121.570280018062,13580000.000000022,14322128.15816142,10266789.71954537,10965234.702689547,13693855.602679629,15850277.272417767,19486555.975866117
臺北市士林區社子街９８巷８號七樓之３,25.0871699792739,121.505469969244,18899999.999999974,27332852.179569826,20662992.03781377,23710285.29891531,26316669.130757634,30288019.57786307,36276948.28654847
臺北市文山區秀明路一段１２９巷５６號,24.9925400107133,121.567290025562,47499999.99999994,50867146.905403905,35853870.79567067,41949962.39099785,46737389.86196977,57440632.702682346,68977741.53434733
臺北市內湖區民權東路六段９０巷２５弄１０號二樓,25.0676300027723,121.586430017644,16999999.999999974,16609805.358038975,11872083.503794186,14975075.747240372,17288633.29724418,19699037.4331302,23533592.63260636
臺北市北投區奇岩路３７巷２號二樓,25.13277998,121.50716,4999999.999999999,10123569.996651364,5808587.651702517,7288343.630104464,9453430.728149926,13576313.224188238,15126670.677368576
臺北市大安區建國南路一段２１２巷４２之１號二樓,25.0396499945967,121.535829976916,25999999.999999985,16278044.249414561,11025015.128472306,15904699.089575749,19441358.88328802,21417253.020350315,26098055.269112498
臺北市內湖區康寧路一段１６７號,25.07888241,121.5950877,25999999.999999985,26316351.34953994,16752047.327814229,19362459.474999584,26271133.83135461,30199096.783091445,33453385.021525167
臺北市北投區公路３０１巷３號二樓,25.13289,121.50253,12299999.999999985,14094910.315723993,9774530.724010276,12629220.701293848,14395241.188051116,16819758.0889779,18381142.940956883
臺北市中山區中山北路二段６５巷１０號,25.057024,121.524004,38580000.00000001,33202056.180397775,26751830.900198076,32261693.952780437,37483242.224063076,39976763.05354213,43597739.47070767
臺北市文山區汀州路四段２６３號,25.00115971,121.5362157,36999999.99999993,38080062.20580356,29871254.671792746,34879463.60315078,37410821.92705141,45073509.53113453,51685677.19420213
臺北市內湖區星雲街１６８巷４３號八樓之７,25.07997998273,121.597330012171,13000000.000000013,10392933.68026779,7327044.05476673,9831561.997561213,11352529.436785873,12953620.952302411,13688423.7631767
臺北市文山區指南路三段３２巷５號三樓之７,24.9827299988748,121.580239982149,11000000.000000013,15626975.808941972,10175828.428345453,11303747.819568893,14685790.388159296,17591655.694741562,21888366.004263196
臺北市大同區承德路三段１９０巷８號,25.06969199,121.517831,1220000.0000000005,883512.1950098358,742094.4059545316,1201021.549876497,1229718.9838357987,2799084.4853647286,5842000.5434796335
臺北市大安區仁愛路四段２３２號三樓,25.0374999945227,121.552260015883,46199999.99999993,26233245.62246337,16002420.64195925,19829856.76654307,27178147.92897982,31825425.716031417,37552836.71056189
臺北市士林區中山北路七段１１４巷１２號三樓,25.12200999,121.53269,27999999.99999999,32102305.591636106,19445198.70227771,25154612.107955344,28006309.638017714,37795448.925029464,40432356.565179326
臺北市文山區政大二街２１５巷１２號八樓,24.9888600199431,121.587550007546,16000000.000000026,26807129.697116982,18439841.97161039,18984038.22521193,24120204.925296776,31905707.477835603,34884148.08008978
臺北市士林區延平北路六段２２８號,25.089468,121.504431,30879999.999999966,34280236.45614731,24054677.45153416,28399521.923669867,36633963.125167385,43207897.41545461,48731351.10784141
臺北市中山區松江路１１８號十六樓之９,25.0527100055724,121.532760021059,45299999.999999925,24155357.52195498,17513778.018024106,18905893.49752411,24719768.90789798,29006923.070668306,35858298.78899108
臺北市萬華區內江街１２６號,25.04154179,121.5031141,24000000.0,21569693.59586345,18082608.98556097,19646273.610323146,23972836.54277171,26071454.352825973,28001686.570595592
臺北市北投區新民路７９號三樓,25.1412500185618,121.513070008491,8400000.000000006,13912200.90621877,8954810.153952,12420376.102605041,15601434.169094022,16257608.265332676,18760915.75430179
臺北市信義區吳興街１５６巷２弄１０號二樓,25.029259996968,121.56132998949,15000000.00000001,12059827.129766077,8222282.894526245,9923638.193215955,12384346.856585242,14914940.154481558,16093934.98793838
臺北市內湖區大湖山莊街２１９巷１６弄４號,25.08870001,121.59925,11489556.000000007,26346938.749988355,16533163.117660569,19426922.068823103,22248441.45363794,34986809.38379545,38717452.99057886
臺北市內湖區成功路四段７０號九樓之３,25.0828499882868,121.593049960953,8879999.999999993,7458842.643820504,5554046.411707197,6335625.538081244,7498037.993321445,8465551.116561586,9212210.849775424
臺北市萬華區萬大路１７２號二樓,25.0281999795829,121.500360025792,8999999.999999996,12968395.705556737,9667664.317433093,11990345.593898503,12261736.132696664,17326853.70404983,22495666.93086322
臺北市內湖區港墘路２６巷１０之１號,25.0827600085562,121.577579985176,24500000.000000007,17949548.421003632,11581661.934894199,14752405.773062384,17763049.061503068,22374038.59101677,25462148.7142374
臺北市大安區建國南路二段３７號五樓,25.03214002,121.53816,2622354.999999998,814420.9252750293,706315.8888644783,1056562.6998387056,1802365.6692927328,2340385.334511086,4838567.556825936
臺北市文山區羅斯福路五段２１４號八樓之５,25.00250999,121.53856,4880000.0,6825285.186160332,5077710.668416523,5306572.8718112875,6944283.846869342,11559158.684320679,15226740.01483598
臺北市士林區士東路９１巷２６弄６號二樓,25.11291998,121.52981,9600000.0,11319358.936036725,9008911.010311047,9487823.72710779,10031615.240490109,13489641.26871651,15111140.685053742
臺北市中山區民族東路１４８號三樓,25.0681700068843,121.529080030289,15799999.999999998,14484034.030536113,10100180.929337166,11913623.750522502,13889491.744704086,18394194.080548197,22800999.645959087
臺北市信義區光復南路４４７之２號十一樓之３,25.0352899800219,121.557689980398,12299999.999999985,7977272.325081319,6702580.748233026,7172290.618491238,8019637.875369751,9340062.596220564,10659986.696764588
臺北市士林區華齡街４０巷７號,25.0837900187279,121.520169983395,16099999.99999999,20577412.727346476,12534987.604857273,15998916.182485305,20435068.37974732,24706401.868880223,27220777.501763217
臺北市北投區自強街５巷１５３號,25.11255902,121.510586,10360000.000000007,8879370.77615897,7004236.876689189,8444091.851888644,9867313.831275277,10690983.597981937,12228615.155839585
臺北市大同區重慶北路三段２９５巷２１弄１０號二樓,25.0739800068894,121.514759967809,9999999.999999996,12613887.252626186,8581047.430942005,9644982.145419262,12043683.633964429,16002930.42100035,19214801.37996594
臺北市信義區松德路２５巷１４號,25.03869999,121.576973,27500000.000000015,24973498.439037316,17247495.84203724,23717920.237901192,28740814.216031864,32640718.46206199,35090339.58966444
臺北市內湖區內湖路三段１４３巷２７號,25.087577,121.589006,10499999.999999994,11440617.673568185,7742895.05754745,10726423.573006848,12691293.337444413,14245353.130284809,16847436.581528943
臺北市士林區芝玉路二段８９巷２號,25.112642,121.534953,17499999.999999985,16583248.601914246,10975551.279257998,13972252.333282068,17684074.797340084,19600466.061704163,24625443.771134004
臺北市中山區新生北路二段１４７號,25.06182201,121.527964,19299999.999999985,22713655.1245533,15732355.739528503,20914101.89201226,25906863.47664882,27597742.367966466,29141187.083687086
臺北市大同區重慶北路三段２５２巷２號,25.07121,121.513371,24379999.999999963,26916896.25859259,16697806.745762834,22036043.40520647,27066948.915135093,33829338.418749206,39465804.38291289
臺北市中山區龍江路２１巷２５號二樓,25.0478099868856,121.541690016883,20000000.000000015,14862504.342003226,10457234.935806924,13912692.46818783,15982997.824049514,17179212.949358627,19948060.52750765
臺北市北投區溫泉路７１號六樓之２１,25.13564001,121.50497,4349999.999999996,4919577.68457012,3355096.8987044618,4224493.12728935,4521558.189572773,5898927.694956364,7219512.487283778
臺北市文山區興隆路二段２５巷２０之５號,24.99934409,121.5452455,16999999.999999974,16553529.295942599,11255864.53686096,14675825.324223612,17872521.664146125,20887981.796402257,24254790.95370031
臺北市北投區東華街二段２６號,25.11654801,121.514476,37120000.000000045,37719163.99341288,25342251.16534795,30452770.711298015,38822656.96731857,43607512.54599922,53375598.95981735
臺北市北投區永興路二段４５號二樓,25.13289,121.50253,31500000.00000002,40342640.61036827,29452067.01871845,35087558.18128667,44897604.55776403,53383503.6311217,54634816.14303629
臺北市內湖區成功路二段３２８號,25.06818841,121.5905499,19879999.999999993,20651884.77253918,14546687.46731984,17930529.679671586,20394684.12576747,25958338.246820353,28707511.50540477
臺北市中山區林森北路３０６號十三樓之３,25.0560900080279,121.525359974022,7500000.000000002,9597638.944599431,7104202.290691943,7728593.196322941,9900957.61952876,11807527.302339686,13674582.654339494
臺北市北投區溫泉路５８巷２２號,25.1332800021084,121.505520009205,6200000.000000005,17848458.508675016,9668053.10276058,16651557.186843494,20081900.207406167,23241879.97073549,25455746.57546877
臺北市大安區建國南路二段１１巷２０號六樓,25.03272998,121.53888,10350000.000000004,15752929.267381305,9756115.439101104,12331620.13779996,15240636.948854677,21354288.71670689,24256655.600268714
臺北市內湖區星雲街１３８巷１２號,25.0777299865511,121.59047998562,26999999.999999993,26846194.54807123,17374931.884367514,23675293.239649877,25100631.534407906,31781061.880139954,36593461.90592308
臺北市北投區溫泉路銀光巷１３之４號,25.13653801,121.513706,18019999.999999978,20776633.15977394,14656963.914029136,17267680.0974914,20221367.374913123,25456346.577003762,28327613.96392406
臺北市內湖區內湖路一段２８５巷６５弄６２號二樓,25.0844599842487,121.569799986468,14200000.000000004,11823755.520725552,7769502.084690113,11585777.882252656,12653077.505507125,14498579.02187013,16088447.127473932
臺北市萬華區武成街１１巷２０號,25.0180199905383,121.495660041224,13799999.999999985,17309693.12775869,10665509.94575842,14065563.397679277,16184238.401085878,22735638.921601854,24860625.324344575
臺北市中山區農安街４９號五樓之３,25.06497001,121.52687,8999999.999999996,8793584.804592371,5801675.89512193,7770305.068491762,8716406.40359622,10538142.212580262,12990330.672256013
臺北市內湖區康樂街１８６巷３４之１號,25.07719401,121.62043,23660000.000000022,27844340.64662486,18564320.71298897,23644623.127409622,28316624.16061225,34865112.88676834,36599528.39892479
臺北市信義區忠孝東路五段７１巷３弄１號四樓,25.0411897911834,121.567282245538,24249999.99999996,15701547.40325437,10626348.59417212,16475397.305258635,19120773.751928058,20386820.519210212,22131527.934869166
臺北市大安區新生南路三段１０巷９號六樓,25.0251399981906,121.533929967104,50000000.00000009,52728858.181358084,34068992.49854629,48252742.941933334,55699125.89948157,62248156.77604113,72825205.09082368
臺北市信義區虎林街１２０巷１６８號,25.04211499,121.573388,9500000.000000015,16303560.170176674,9767091.984147873,13369170.53400403,17313418.5868117,21746405.057518177,27552868.16272019
臺北市中山區南京東路三段１９４巷３號二樓之３,25.0517542685367,121.542715071957,36600000.00000002,27495453.913842317,19314269.36497962,25681377.485866565,34407819.37677406,35242613.51342288,36846617.658103615
臺北市中正區信義路二段２５９號十三樓之５,25.033889992644,121.53158001673,20000000.000000015,15498672.196857352,11426127.44806041,12047593.715907238,13805401.826998448,18244282.594859555,18896761.646300934
臺北市松山區三民路１３８號,25.06060999,121.56341,24999999.999999963,15228968.403068677,6245924.50586267,9241136.720999133,12723724.95866643,17230004.978414856,26530042.191195898
臺北市文山區羅斯福路五段１７６巷４３號四樓,25.0036200066114,121.537049962923,9245300.000000006,16687446.913095875,10880660.116147518,13433067.869840024,16005656.892952707,18671496.625031687,21839300.188163497
臺北市內湖區康樂街７２巷１７弄４號三樓,25.0707300077522,121.617209958666,14850000.000000017,13890587.542493794,8810220.640895043,11775724.609797666,15030417.719999017,16514384.275543096,17208585.34488958
臺北市萬華區西昌街２０３號四樓,25.03794,121.50067,10599999.999999996,13453302.73621648,9202526.534808306,11474904.722510908,13210261.119175423,15815227.752331683,18896609.6794374
臺北市萬華區雙園街５９號,25.02999899,121.494202,1124999.9999999995,1099792.1376363537,751008.8504366693,1190233.8693098968,1216151.926591513,2660477.639538085,5526033.266410461
臺北市中山區市民大道三段１６９號二樓之１,25.0447699963324,121.54078996812,12249999.999999989,15365526.66333214,11934836.78694816,12913636.105133137,13858778.661351407,17919228.57124788,20110867.553985644
臺北市內湖區康寧路三段１８９巷８３弄６號六樓,25.0726099848154,121.61227000021,20800000.000000004,22678884.460977376,16467590.481216803,20728982.551754422,22969289.950398583,26212949.747579154,28675209.898875512
臺北市北投區三合街一段８２巷７３號八樓之１,25.1286000083799,121.504330030412,15879999.999999998,24701189.494310044,19032493.646542713,21234331.511127494,25489622.149281114,27874700.64151632,30855897.58182168
臺北市北投區中央北路三段４０巷３８弄２號,25.13990761,121.4850345,9999999.999999996,13225495.034379285,8375345.7135257935,10125539.383342514,13358384.404325638,16356499.667214882,19441926.31041364
臺北市大安區仁愛路四段３７之４１號,25.0381899927921,121.546459990342,66899999.999999925,45597175.35222313,27832502.628391653,36345359.02573096,47294389.76809986,52478048.40711919,54330343.6498229
臺北市文山區興隆路三段２０７巷１２弄１６號三樓,24.9941899883534,121.561139971745,12860000.000000011,18514667.093225755,12879740.773636106,14836248.663585283,18285790.318478372,20535014.592639524,25849315.18981758
臺北市士林區天母西路５０巷１３號八樓,25.1180300093806,121.525679995085,88599999.99999988,85457606.87970598,47779515.51497102,76965325.44686519,89220311.97213884,105823586.20556374,130141377.9851597
臺北市內湖區安康路３５０號五樓,25.0659299851702,121.61217997857,16000000.000000026,17385230.616658475,11955459.540643081,12312237.724620972,14486859.870527895,18936629.89450735,24416545.716884825
臺北市大安區大安路一段１６巷３之１號,25.04420799,121.546018,19799999.99999998,10903815.85077162,6128722.996539382,8585448.043073831,11630286.146764575,12865137.289957933,17791680.710909344
臺北市信義區基隆路一段１４７巷３４號,25.04227299,121.567032,30000000.00000005,30518180.45143316,22297627.39030841,25313127.346328896,29938406.87081795,35299719.24414906,42157948.8677024
臺北市萬華區中華路二段５０４巷３５號十樓,25.02597999,121.50772,12879999.999999998,10907238.8658945,6998708.402820616,8864786.989899516,10556707.952326775,12454322.586148702,15779772.404622903
臺北市萬華區康定路１０５號六樓之１２,25.039469993226,121.502059959575,9600000.0,12580017.938438369,9628423.279570282,10249419.679105794,11048426.514775809,14314891.937855922,15227186.64763153
臺北市文山區景華街１２８巷２０號,24.9946900107873,121.547890026843,8000000.000000002,8988935.722472286,5640490.262003396,7930005.023667183,9485363.723947635,11097600.39954527,13544987.140034491
臺北市南港區研究院路三段３之１號,25.0356200174594,121.616999991991,17499999.999999985,26052268.070549317,17559034.532078676,21323346.616703883,24617763.907818317,31835115.03108594,34714677.656702586
臺北市內湖區內湖路一段４１１巷６６號九樓,25.0853400002631,121.559109958615,151000000.00000024,119515533.74980903,49169298.7669227,112521272.85992502,138840552.1605671,170891483.5881389,199527663.35448405
臺北市南港區同德路８５巷１６號三樓,25.04660999,121.5854,23060000.000000004,20906851.117333945,13559439.565140717,17267717.21176483,19071962.8135353,24021696.9949907,25943142.05821719
臺北市中正區汀州路三段２７巷１號二樓,25.0196900009269,121.527189994942,12799999.999999978,11403557.80354676,8462327.547006093,8559932.598326461,12010392.977936173,14428628.928488877,17863808.104537394
臺北市信義區和平東路三段３９１巷８弄７８號,25.02140599,121.558444,8699999.999999994,7969168.634504006,5128885.958806544,6135112.017780063,7760752.100737559,9198307.010170313,11502103.164385837
臺北市松山區光復南路５７巷２５號六樓,25.0459699915005,121.559029995258,26600000.000000022,22125362.454549138,15214310.313594246,18960615.408369295,22680603.205343023,26195012.02913583,27823178.048840206
臺北市內湖區內湖路一段５９１巷１１弄１３號,25.081263,121.573735,17100000.00000001,14180876.239265623,8858162.901905704,11670304.872008126,14851479.350232393,17581136.80406961,18642055.88014578
臺北市萬華區中華路二段５３８號九樓,25.0250799837639,121.508760033878,10680000.000000015,11420060.04445615,7643196.012886797,9643648.370559841,10935778.075306822,13044720.20285776,15958202.44020225
臺北市內湖區安泰街８０巷３號,25.07613399,121.616576,13000000.000000013,14399377.005555857,8587764.513377102,12358861.87563376,14996023.257324068,17068291.717700273,19206492.14718923
臺北市內湖區東湖路１１３巷１０７號三樓,25.0725299795496,121.615269967176,17999999.999999985,16432824.456080224,11693623.457196677,14453368.315690003,17624401.714232877,20196631.243330672,21980014.17715415
臺北市萬華區漢口街二段５１號十三樓,25.0458500045565,121.506430032433,12600000.000000015,17713338.478186086,12678537.913389733,15411617.67096639,17266685.652026277,20205707.20783315,22873885.697505146
臺北市內湖區環山路二段１０９巷６弄１１號五樓,25.0836699898744,121.576369973634,15199999.99999998,13733041.701871159,8632345.946683537,11329105.33699735,14177480.475894673,16273842.57149113,17611862.19488774
臺北市萬華區桂林路２４６巷３４號八樓,25.0371099845679,121.493050000394,22000000.000000007,26019700.02708518,18432347.40012782,19915549.774946738,23338130.827580027,29484059.338499054,31537233.457836196
臺北市信義區吳興街３６４巷１６號,25.02507001,121.56598,3810000.0000000014,6152566.791961029,3522121.5271855635,3994635.5382575374,7214068.457270872,9458812.632993707,12481944.915885272
臺北市松山區民權東路三段１３６號六樓之１１,25.0618599844453,121.546399975916,7800000.000000004,8541808.955186017,6089593.043109514,6578350.368174551,8286176.458569999,10153599.239059001,12998793.32498757
臺北市中山區中山北路一段８３巷１３號,25.05006732,121.5240072,8599999.999999996,5646034.355543898,3316584.054050917,4606364.6377662225,5969633.043596134,8050825.346382584,9352258.320900816
臺北市北投區吉利街３１４巷１號五樓,25.1178200007965,121.51123998757,22880000.0,23099381.87372368,15303208.393979898,19423332.829940427,24934026.446174428,27082307.895380467,30245544.16947481
臺北市中正區水源路３７之３號四樓之３,25.018600018238,121.52394997027,21200000.000000004,20976420.088152513,16725972.008915065,19610888.66751301,19969112.46394656,23855873.896171235,30663650.813604284
臺北市內湖區成功路二段３２３巷３２號三樓之２,25.07030002,121.59142,80880000.00000004,112111331.71216,45257412.677750796,96104450.07280242,97967642.6892734,177619437.78230423,205991790.31587884
臺北市大同區萬全街１號十五樓之５,25.0586800161091,121.519790031724,64679999.99999994,52142495.313111775,38184544.82474694,44447059.85631781,53681927.99970101,57740662.97420452,66092759.01447942
臺北市士林區通河街１２５之１號四樓,25.0807299954261,121.521259966083,18400000.00000003,16937322.86200222,13029725.698796852,14314288.618977182,17328912.812872287,19940278.38513702,24310588.932537943
臺北市北投區知行路２５５號,25.12105001,121.46714,13879999.99999999,19859986.895213913,14810949.471402291,17147960.065870535,21667198.7536438,24063254.032961003,27155425.17485445
臺北市內湖區金龍路１１２巷４０號三樓,25.08558999,121.58959,10360000.000000007,10183039.20011682,7327351.266796602,8336074.165804654,9145638.658606475,12072468.607673768,14466606.391237948
臺北市大安區仁愛路四段６８號十樓之６,25.0374699873093,121.547930008521,12650000.000000007,8903414.77300812,6694920.753777489,7260646.302967331,8476172.488487473,10566930.312761797,13253352.309542933
臺北市內湖區康樂街１２１號五樓,25.0709400163363,121.619229997331,10899999.999999993,12223937.866600964,8116238.116887059,10360132.15811585,11531311.664833229,14423585.12639028,15839908.221150408
臺北市萬華區東園街３２之１號五樓,25.0270200171634,121.495870007899,11699999.999999993,10340425.255194044,7152420.949098652,9697794.403968716,11425971.138405157,13102167.567081174,15984939.329111287
臺北市萬華區萬大路１３７巷１８號三樓,25.0290199811706,121.50135998684,6400000.000000001,5346653.759737067,3605586.5283517637,4409595.953297273,5666421.768851085,6008119.322677512,7926852.2732149465
臺北市萬華區西寧南路２０２號,25.03859999,121.506224,19400000.000000004,18281332.293873128,11551923.045055207,14546607.083587335,18291922.746542133,21789133.41705791,25693114.100368302
臺北市信義區忠孝東路四段５５３巷１６號五樓之２,25.0428499956815,121.562879971025,16999999.999999974,12576446.037339974,8984703.780309929,10562183.074308656,13195626.668802261,15408308.191213707,19024041.295454934
臺北市松山區新東街９巷２４號四樓,25.0577600184166,121.564909984155,20800000.000000004,18292516.582663212,12794654.560004208,15479417.939155286,19191452.418640353,21928218.981883854,26249140.123886425
臺北市內湖區康寧路三段７５巷１８號,25.0723400037141,121.609229967747,50500000.00000005,42432257.490480885,27308832.27503474,39148220.57301153,50478647.569843695,52124840.369120486,61597690.19301106
臺北市北投區永興路二段３８號五樓,25.13289,121.50253,17800000.0,22601780.15522868,15760402.342007937,18637311.91495731,24103609.324236088,27660818.979880136,29255178.192447662
臺北市中山區新生北路二段４０號九樓之７,25.05471001,121.52728,8099999.999999998,7272094.677404068,5456869.601207447,6198240.936226549,7594534.83186059,8466247.46913683,9221962.269514855
臺北市大安區瑞安街２０６號七樓,25.02806,121.54062,22500000.000000007,15272526.668565297,11080632.83446031,13469975.708685163,14742639.132239819,19500885.939681448,22219650.00053078
臺北市萬華區青年路１６８巷４９弄１４號,25.01941302,121.501775,5500000.000000001,6082360.458430331,4252723.740044891,4728748.26638975,5912998.306750415,7458210.637431026,9389880.427395385
臺北市大同區民生西路４２３巷３號二樓,25.0571200181996,121.508890037196,34199999.99999998,43753092.6433821,29108062.72285672,35569688.18338828,41864786.63392545,49302162.24101785,59890066.419140056
臺北市信義區林口街５２巷３２號,25.03862899,121.580569,16500000.000000013,13413037.58116341,9043624.545182804,10766808.810680866,13420128.292324789,17335840.073681075,21148619.04048028
臺北市松山區南京東路三段３３５巷２３號三樓之１１,25.0534300110552,121.547630020207,19200000.000000026,12988241.275994873,8475478.58073014,10693731.321260864,13693613.307175085,16997852.46527174,19882966.748597424
臺北市大同區延平北路二段２８６號,25.062546,121.510898,6560000.000000002,8090307.489500843,6587623.590672023,6631673.43859119,7602257.18350109,9160945.980343774,11892813.11091736
臺北市大同區重慶北路三段６７號十五樓,25.0662599806982,121.513899984543,30458400.00000004,37167244.64622156,26827417.690445684,31145408.608943388,37064407.101493925,44714749.02471742,50100595.94283578
臺北市萬華區和平西路三段８５號十二樓之２,25.0353699852877,121.50165000069,21109999.999999996,23323776.306624226,15829937.845216278,20816530.32398385,22207924.336127833,25584133.289870493,27718003.518895317
臺北市北投區尊賢街２０６巷２號四樓,25.11545002,121.50933,14750000.0,18918418.110249035,12750057.578646416,15862419.302553143,20274714.743978266,24317258.186684407,28361737.12617318
臺北市大同區承德路三段１４３巷１７號,25.06776801,121.519282,13499999.999999993,10927102.25377409,8013398.356747645,9871715.36526397,12403426.669037564,13938324.431314318,17027993.518285815
臺北市中山區民生西路３巷２之２號二樓之２,25.0584400003117,121.521600019895,8199999.999999994,6650749.343453157,4743817.316711039,5836781.381945729,7130154.481279522,8681268.325127408,9379488.358803969
臺北市中山區長安東路二段１８４號十二樓之３,25.0481999968403,121.541360021355,7890000.000000005,5951871.941768579,4666898.595147898,5400162.660921633,6899166.997716055,7074124.472923234,8390491.11390272
臺北市中正區汀州路三段６０巷２弄７號,25.01528489,121.5304146,36000000.000000045,26560135.17589857,18004033.525110584,23818491.57827881,28688213.256063856,33178508.250964485,35941257.955537915
臺北市中正區廈門街８１巷６號七樓,25.0243800110297,121.520880014413,20550000.000000026,16945967.403256666,12334164.413077798,16284800.520755544,18249801.42550882,20770126.27911825,22080361.670181215
臺北市大同區涼州街２號十二樓之５,25.0608199998088,121.515279981082,39000000.000000015,37630691.474773586,29116009.377394818,31248628.64351612,37126985.88513923,43489899.05187828,48823753.01266913
臺北市萬華區漢中街１６０號六樓之７,25.04117999,121.50658,22300000.000000007,22731929.438353308,18101021.704632655,19846947.282240424,22560951.52063565,24653029.201474413,32158479.43794385
臺北市文山區興隆路三段３０４巷３２之１０號,24.99597701,121.555263,20658000.0,34910704.878226265,24271490.206110418,25261567.58813391,31745412.886428975,38720463.93715247,49813253.01862045
臺北市內湖區康樂街１８６巷２弄３號,25.07603198,121.620214,9500000.000000015,10473668.013604818,7032982.9235447105,8580591.131038414,9807227.690724948,12438357.196242515,14737485.238703938
臺北市南港區南港路三段２２５號,25.0513751,121.5803136,23500000.00000002,15729102.767542394,11543764.803873785,12723973.36456849,15974848.812519241,19208294.192189533,24811470.91875784
臺北市信義區吳興街６００巷１００弄１８之１號十樓,25.01757001,121.57215,15499999.999999987,16178298.159813493,9851710.597311033,13930126.233938131,16062265.682235245,21303210.695842355,23490590.816298455
臺北市信義區信義路六段５６號六樓,25.0347099942317,121.576380031917,27750000.00000003,21679368.79079587,14591797.850894568,18586440.24653703,22770442.519340068,27650309.62917775,28084764.107944544
臺北市中山區農安街１８８號,25.06454701,121.535437,25999999.999999985,22455340.498362105,13605121.491395874,19670949.30817852,25894232.6389784,29553049.356564295,32621854.28213333
臺北市士林區基河路１２８號四樓之２,25.0886700046662,121.523129968682,5500000.000000001,6293650.337925744,4643867.497332242,5345798.270961598,5913731.618879734,6565081.686273072,7572164.350717003
臺北市士林區中山北路七段２２０巷８號三樓,25.1262399997219,121.53372000043,21880000.000000022,31070540.07455393,19620625.666084774,21789652.332638804,28534104.198896207,36032526.15593848,40849413.22917087
臺北市中山區中山北路二段５９巷４５號十四樓,25.0559699791744,121.524539972434,10159999.999999989,8917119.553703222,6917127.835565655,8141627.353549935,8721712.556255156,10525408.677544735,11030521.544153284
臺北市信義區永吉路３０巷１４８弄３０號二樓,25.0427000015242,121.567490017771,21750000.00000003,14897975.994073797,9920576.14263601,13597734.304290168,15832416.983299023,17971326.27114638,20133293.56242399
臺北市萬華區青年路９６號,25.0230599870081,121.502579972848,8999999.999999996,5390915.723398176,3030382.678035628,4327561.696254185,6172730.516787605,7099519.159716444,8386537.519932793
臺北市松山區三民路７４巷７號五樓,25.0558900158181,121.564689959197,29899999.999999974,21774526.713563785,14431049.676864557,18328306.556189656,23228179.50845051,29196269.129167736,30155194.704839922
臺北市文山區辛亥路五段１２４巷２０號二樓,24.9971000174978,121.551059978805,16500000.000000013,20984384.911906306,14564133.985185195,17080648.59170216,21258403.578843758,24921124.979550883,28193014.12836762
臺北市信義區吳興街３６４巷１２號三樓,25.0251599890297,121.566059981271,16919999.999999985,16197056.823567867,10425908.84723745,13606980.331451066,17812394.234756347,17894344.06908781,20251322.224841308
臺北市士林區格致路１７９號三樓之１,25.1413399982924,121.549749971158,68999999.99999994,108245239.1814636,50282495.74263583,84472193.39666958,95343978.81881237,145851458.1739747,283596119.9765865
臺北市松山區光復南路３３巷２０弄５號,25.04660601,121.558958,16000000.000000026,13130774.419429172,9350891.552428406,11451011.507070633,14009854.349419683,16174321.020623313,19450299.393246245
臺北市文山區秀明路一段１９７號六樓之７,24.992009981066,121.56946999094,14000000.000000007,16170693.864011578,11299556.767273063,13827877.176342439,16217856.044285003,18134266.455105413,23850437.21384596
臺北市大安區建國南路一段３０４巷１５號五樓,25.0357700116168,121.536549982399,25699999.99999999,16465370.050840624,11232486.69678953,13279774.509798832,16370619.755191676,18735641.83334253,22367920.202212524
臺北市內湖區星雲街１５０巷３２號二十三樓之１,25.0794199877788,121.596470028905,35499999.999999955,36810015.809370786,31669636.23847289,36464165.95089476,37201158.637522124,39874915.575518966,56791122.5893888
臺北市大安區瑞安街１３５巷２６之１號四樓,25.0264800130513,121.541520031887,36000000.000000045,26856710.98350733,17493043.04430108,23454441.38860074,27700250.94882401,31917728.395506114,35714134.55315852
臺北市中山區林森北路４１３號八樓之３,25.059769998798,121.525710002298,12499999.999999985,12197049.195672318,7370251.009328725,8999030.992135568,11810737.652034746,14503357.870244432,18342861.787765455
臺北市萬華區和平西路三段１５１號九樓,25.03543,121.4987,11000000.000000013,13341812.778683232,10352271.874197142,10993597.96310049,12882191.826570472,15812942.554762078,18921412.198608454
臺北市北投區大度路三段２９９號,25.12295999,121.46649,10750000.000000006,14277437.767705403,10754063.507064823,13823391.997663938,14975318.734284727,15948962.580080282,20639505.496266775
臺北市北投區行義路１８６巷４７號四樓,25.1332600112694,121.530160038513,10650000.000000004,11718873.212700315,8220849.082663569,8823216.067748446,10963282.452642173,13452141.606384905,17657421.344670948
臺北市中山區遼寧街１０１巷２弄８號,25.050319989701,121.54272995961,44999999.999999985,40545518.923185065,22945886.207055014,28964161.07959865,45189052.544957936,49146244.824472055,57378053.286123484
臺北市內湖區民權東路六段４７巷１４號五樓,25.0698100100597,121.587029994273,14850000.000000017,12149913.231017694,7977144.511745299,11451460.473467333,12775514.626805069,14376570.502520729,15586888.662476948
臺北市信義區松隆路１０９號,25.04637501,121.571014,15699999.999999976,11923525.290192353,7254287.798089936,9594967.904208979,12419375.342762563,15340252.367492288,17943946.96706533
臺北市信義區和平東路三段５０９巷７弄１３之２號二樓,25.0181600102308,121.560690031182,17320000.000000007,17371904.0796008,13719379.890345406,14723332.742456116,17296389.49290993,19546509.86753586,21209406.648081932
臺北市大安區仁愛路四段５０之２８號,25.03760062,121.5473785,25659999.999999978,11509055.794579085,6622708.218851805,9993761.171151683,12445594.929676406,13196683.256963737,16411989.939443875
臺北市北投區中央南路一段１０２巷３８號三樓,25.1312400145136,121.499940008624,12000000.000000007,9791214.225145869,6959340.528347388,7943337.130352214,11376013.313519593,12940098.569172444,15175907.154239422
臺北市信義區中坡南路９８巷９號三樓,25.0414599827684,121.584579963975,37999999.99999996,34173367.70497313,25093304.54368259,29173997.990930364,34917566.84197467,41606586.53302221,48495051.29010288
臺北市萬華區中華路二段６６６之６號,25.02415999,121.5111767,3740000.0000000023,17904911.900571086,13370949.000584897,17878179.707172617,18835856.575258635,23703824.293338656,25538142.555735074
臺北市北投區行義路１９號二樓,25.1250500209281,121.526420033316,14800000.000000004,14061452.074953444,9348242.041512124,12052373.846154928,14877011.346785262,17249237.134187367,19125848.460105266
臺北市萬華區昆明街１３２號,25.04324101,121.504788,12600000.000000015,9943964.722844234,5880485.683298137,7397362.836165879,10029373.874917872,12867275.644121869,15392769.253151868
臺北市內湖區成功路三段１７４巷１０號五樓之２,25.0809900020626,121.590540000047,23200000.000000037,19524847.120839838,14531754.61231961,16415578.293460336,18807899.564111844,21033962.66790364,23983368.31053621
臺北市中正區羅斯福路三段１３８號,25.02031299,121.528308,130350752.00000016,119718913.29929611,55176465.552858636,87213359.01455815,133604438.6605217,136163383.02777347,156518029.1940734
臺北市信義區忠孝東路五段２３６巷１０弄５號,25.03994701,121.571407,24999999.999999963,17500659.405857548,12782039.274564996,13996867.736638682,19417907.37904462,23107082.22242009,28608065.722693972
臺北市北投區公館路２０９巷１６弄８號,25.127305,121.508814,15199999.99999998,18268280.635021772,11875326.541597761,15278483.147658302,20330661.263997905,24113371.696297377,28053740.37944546
臺北市松山區民生東路五段１９０號十四樓之２,25.0586899905739,121.564200036956,8260000.0,7947277.506569248,6757711.561886841,8127562.47635044,8169631.167454962,9369407.488673242,10588280.414183863
臺北市萬華區環河南路二段２５０巷３弄２０號五樓,25.0327299791541,121.491040020013,10899999.999999993,14234901.200837336,9558739.752576405,12418123.82448642,14963913.465560135,16648527.152961966,19705166.837899223
臺北市大安區羅斯福路三段２８１號八樓之２,25.0179699924858,121.531440038947,29300000.000000007,22708409.521578327,16373032.189817673,18852148.905638963,24141944.58793565,26718935.23137579,27809821.041293662
臺北市大安區信義路二段１９８巷４２號六樓之５,25.0302100018739,121.531410031734,17360000.000000015,9290714.889437757,6792500.43347761,8027735.324466947,9486496.513163552,11162930.689251127,12755660.32987918
臺北市北投區中央北路三段４０巷３８弄１６號,25.14017299,121.485454,15990000.000000015,22451284.180523865,16586600.424366081,18414430.02492805,22842278.614492252,26471990.163892955,33610708.1337713
臺北市內湖區麗山街３４８巷１０弄２９號五樓,25.0821899972307,121.574480022106,20200000.000000034,14278520.145971062,8973514.796460986,12666662.573527068,16064048.794718131,17559195.01951354,20056937.57608217
臺北市文山區景明街１４巷３號,25.00189501,121.541079,18500000.000000034,18193339.93362044,12924890.95667537,15822373.689289782,18496811.789290585,21525991.830328688,27383384.590401635
臺北市內湖區文德路２１０巷３０弄６號十樓之６,25.0768500124462,121.584449960657,20599999.99999997,24601411.73124674,17911898.829187512,19653938.44062368,21200386.333965473,23686970.610904,27442121.00482263
臺北市信義區和平東路三段１７９號十二樓,25.02397001,121.55348,28500000.000000034,28638049.092399992,21895837.42216461,25064255.196209196,28442282.933900345,33346045.57897542,38897569.376724936
臺北市北投區幽雅路５巷２號二樓之５,25.1372699975675,121.512719980214,7549999.999999996,15199939.528801356,12141323.083305359,13293095.133312853,14153770.903727025,17767648.3720735,18567543.027538244
臺北市大安區忠孝東路四段１７７號,25.04168399,121.550593,30600000.000000004,20137092.35379847,13241991.11743455,16693170.215838073,21233433.247827657,29053798.461641453,34205395.272804685
臺北市北投區致遠一路二段５７巷８之１號三樓,25.1119900099523,121.513040001277,14000000.000000007,11525419.667523064,7362909.883775174,10790591.462311171,12746755.158597015,14311515.570708752,15975618.98101793
臺北市萬華區環河南路三段１３３號五樓,25.0236600055469,121.491319975579,25500000.000000026,33746706.34562112,22997213.297401197,24952832.740953393,33271411.775846757,38281529.34591016,44872262.63843089
臺北市北投區公路３０１巷５號,25.1323027,121.5026806,22999999.99999997,22158632.910008576,15307281.418071289,22794078.300567385,23743827.018803507,31380471.52240524,33960477.64929563
臺北市大安區泰順街４０巷２１號二樓,25.0243800110297,121.530059958589,24999999.999999963,21105430.825959478,16855503.728539467,19149956.815730974,23679442.123620257,26167514.634572476,27101660.82312382
臺北市南港區重陽路３３６號九樓,25.0578999961996,121.60606999025,25999999.999999985,23165282.349134065,17525531.426262204,19577550.32430829,24398869.808174845,26755734.851089597,32196084.973448683
臺北市松山區三民路１８０巷６７之１號,25.062696,121.565468,17999999.999999985,16419095.557006266,10785659.61185391,13850358.466844888,17322628.05968292,20440143.778295208,24571876.254450925
臺北市大安區復興南路一段７９巷２號十一樓之１,25.04465998,121.54496,9450000.000000011,6823209.887086123,5110053.230589942,5345028.851039441,6332073.760103099,8538927.343694877,9232049.762471588
臺北市中山區復興北路１９０巷１號十四樓之３,25.0555399875415,121.543420041699,25599999.99999997,20786553.509845976,14892740.447676646,20325347.64485853,24943042.277959738,25609430.803002533,26941572.338728156
臺北市松山區富錦街４２９巷７號二樓之１,25.0613100058685,121.56123996785,14679999.999999978,12122198.05821794,7181452.087679175,10972349.901868034,12821711.35725129,14927995.047464674,17646591.16290825
臺北市大同區民族西路９０號,25.06837578,121.5170201,26950000.00000003,24621858.916595496,15642897.703414649,22832162.818555377,25743907.17623623,29126295.988239683,33651029.19302208
臺北市內湖區新富街５８號七樓之２,25.0594599941091,121.58301003351,80999999.99999987,53180037.795930505,41901449.89990115,50769033.204467356,58133235.522761084,60770883.684048094,79803591.64165656
臺北市文山區秀明路二段１１５巷１２號八樓,24.9911300069611,121.578120031198,23679999.999999985,30385653.497674964,23499318.100605875,25146077.02596865,28997367.91104858,35325637.00833299,41940160.17461667
臺北市中山區錦州街２１６號二樓,25.06026998,121.53154,14600000.000000011,9856175.414194161,8068392.414548076,9271729.744662335,10981878.288829176,13958880.242614038,17200014.22442302
臺北市中正區南海路１０５號四樓之６,25.0276600173803,121.507429993482,10499999.999999994,11706271.18189438,8542251.198645484,10145088.191416055,11616683.116433632,13228319.598547319,18221585.08463421
臺北市松山區民生東路五段２１２巷３號四樓,25.0584400003117,121.565020038544,16299999.99999999,11745811.390121724,8591449.844558291,10308181.459323248,12909755.89998721,14399917.45144229,17269322.55420543
臺北市士林區天玉街１１３號,25.12425701,121.531588,74599999.99999999,64362579.1983189,40743156.934794664,58237048.55762481,68923110.44044416,74909857.5756592,90442227.47948834
臺北市文山區景福街５４巷５弄７號,24.99964099,121.537513,24000000.0,23528372.255729575,18888764.397626996,20477825.95747894,23980365.14298972,27455216.379583184,28606713.64105512
臺北市內湖區康寧路三段１８９巷１５９弄１３號四樓,25.0752900145367,121.612079982465,20000000.000000015,27258470.991844665,19161478.68599512,21747924.594256364,22696309.640867837,32652907.103816327,37232604.512358725
臺北市文山區育英街３１巷３４弄９號,24.99036801,121.537356,13499999.999999993,14818643.595325138,10329692.003150668,12967681.106957745,14310748.785279179,17790313.948582765,20996012.416002773
臺北市文山區萬美街二段２巷７號四樓之２,25.0027099833836,121.562770000455,8149999.999999998,8801334.371448858,6061325.467645137,8080575.113773943,8545576.074474866,10395863.573508551,12767746.848701248
臺北市松山區民權東路五段６２號四樓,25.0630199979353,121.5656800296,18400000.00000003,17521098.099185914,11546814.53381621,15688970.200773224,19170882.92425674,20126123.219553176,23875289.550251212
臺北市士林區文林路６６１巷２號,25.100677,121.522143,30000000.00000005,12477242.901498785,8584328.916266264,11394719.446871996,16286383.164617134,18391180.750269655,21143086.459126104
臺北市萬華區康定路１０５號十七樓之８,25.039469993226,121.502059959575,16360000.000000015,17247622.635668684,12690988.14794296,14399240.410704195,16644723.970497936,19279410.759518802,23759808.14970647
臺北市士林區社子街２５巷１弄７號,25.0879399828091,121.508219987856,9400000.000000015,15084482.441907719,6872569.563930863,10947670.848951537,14264443.350579936,17519018.406751975,24666100.189747088
臺北市文山區溪口街８５巷３號四樓,24.9951099860459,121.538359970571,6974999.999999999,18237387.535797395,11502970.280579232,13988396.95095409,18017471.502440806,22451375.69550799,27281323.16646047
臺北市士林區忠義街１１５號,25.10727599,121.532816,20000000.000000015,20231364.8788699,11568393.436888993,15361484.149462802,19954124.35994899,24372947.147665363,26770359.835774813
臺北市中山區松江路５０８之１號三樓,25.0657700165481,121.533030002161,11399999.999999981,8763764.437794322,4885862.456821619,6463311.156901576,10084904.951317739,12575006.849678263,15191839.69653058
臺北市大安區建國南路二段７９巷１０號,25.03071799,121.53865,29659999.999999966,26917720.75677269,18433125.120060917,25447595.19876494,29083599.151053302,31800355.05081,33218252.805481113
臺北市中山區市民大道三段１６９號十三樓之３,25.04477,121.54079,13200000.000000019,15700549.648625229,11686076.249777555,13052876.249782223,14954759.809258005,17782121.74498879,22288877.62456824
臺北市中正區中華路二段７５巷７號七樓之３,25.0337799801649,121.506660031856,28350000.00000005,32401114.01098239,20225205.982467365,29843863.437995035,36679272.27271361,40200304.69004071,43185403.04896983
臺北市大同區太原路１１７號九樓之１,25.05276,121.51601,42000000.00000003,37975228.8225902,27575595.999674473,36934570.080340885,42355265.95734963,51510919.8869411,54263034.206266716
臺北市信義區林口街２４巷４０號四樓,25.0378200155859,121.580729988208,16400000.000000006,11607729.698526438,7462404.183015523,9882229.092795193,11672788.672586579,15382205.430744996,17679518.256107133
臺北市萬華區萬大路４８６巷４６弄２４號,25.02085198,121.496091,10499999.999999994,11205846.880911171,7848679.226422297,9896381.356006987,11221823.993132409,15448833.890526414,18312593.05999959
臺北市松山區健康路２７號,25.0535499979991,121.553819971883,32499999.999999955,26885428.30049877,17323913.872346897,24843655.39388638,25872204.53474068,32413748.589451637,38662655.70468713
臺北市中山區民權東路一段５３號,25.06292,121.524841,23200000.000000037,19173148.67235516,14032918.461029744,14608185.105415983,19100893.53048787,20977691.147199012,24269661.28875461
臺北市松山區民生東路五段１３８巷３號八樓之４,25.0584599911508,121.561680017766,10550000.0,9705904.375010185,6995804.888174993,8602682.073906213,10789840.972544953,11234782.513683291,13178447.409267839
臺北市士林區德行東路１０９巷６４弄２號二樓,25.1094300090845,121.528739976477,22000000.000000007,21026523.542486906,14865704.703119675,18339413.442581408,22066384.025430154,26234766.44885406,29440269.292067457
臺北市北投區榮華一路４巷４號三樓之４,25.1125099813158,121.524069999123,11199999.999999998,10730630.52528582,7599288.535468364,11095601.564262982,11874420.252687436,13028206.78839884,16489964.294977535
臺北市萬華區德昌街１３３號六樓之２,25.0239299866482,121.496269992318,55000000.000000075,53180037.795930505,41289237.73403399,52447496.30273517,59356628.96497577,62815321.02781354,80907229.0020646
臺北市萬華區西藏路５４０號,25.02868701,121.492269,8199999.999999994,14872291.513802253,9059809.156766528,13358340.090136956,16408853.643310115,20110661.928679533,24496982.27380848
臺北市萬華區西藏路１２３號,25.02951699,121.502494,36000000.000000045,36214731.85221688,26991623.582208537,32613487.941194266,35896639.999869846,41095954.82792438,49252575.73271777
臺北市中山區長春路２８號八樓之９,25.0548999873246,121.524369987438,10199999.999999985,12800705.573324913,9084926.337845057,9678353.759795338,11281132.34743683,14210887.426790267,14847777.493209735
臺北市中山區新生北路二段３１巷１２號,25.05395199,121.528341,15749999.999999972,15538358.926737878,9985727.181291902,13202850.772653783,15503073.160305586,18167172.229290884,22221026.073702168
臺北市中山區民生東路一段２９號,25.05821599,121.525142,12200000.000000019,13690956.47660584,10101807.912793845,10864151.103884444,13003430.571678128,16111981.86802677,21180577.538084522
臺北市北投區紗帽路１１６號十樓之２,25.1507299929628,121.54737001357,10050000.000000002,19302017.365038976,13579508.306469543,14697919.442213118,20641057.372881226,22961870.051808946,26972668.131738998
臺北市士林區忠誠路一段５２號五樓,25.1046200120377,121.526859999414,65000000.00000007,47860696.322000146,34379361.007229835,42884828.67798938,54157634.648069635,58492439.60441347,73513638.37478283
臺北市文山區興隆路三段２５５巷３５號,24.9923499929683,121.560140010696,19000000.000000015,25813467.00781311,18765906.86144651,21223938.914629437,24728451.560709108,28913719.815957777,33340038.724274214
臺北市南港區興中路６８巷１６號七樓,25.0567199918706,121.606079964715,23799999.999999996,21632262.969209537,16851847.175202835,19299208.21918297,20843926.742943607,24659731.458802573,25194484.33023653
臺北市北投區中央北路四段５０１號,25.12824998,121.468797,9400000.000000015,10084183.965021072,7544784.127767753,8342474.2505354,11244156.886324074,13451840.124555154,16914565.521787588
臺北市內湖區新豐街１０６號,25.06078002,121.58477,56000000.00000003,40328277.75542457,27687146.112473488,36765298.06146293,49025895.79283172,52946681.31585933,57156978.06329069
臺北市信義區福德街２６８巷４弄１１號,25.03946999,121.58631,17299999.99999997,13505298.686566439,7365154.860123432,11787064.24335576,14106557.611981489,17595087.674800497,20643514.641654152
臺北市中山區民權西路３５號十二樓之２,25.0629899907219,121.521159969979,13879999.99999999,11815758.241300287,7681721.620085794,11518303.102365311,12397242.4660833,14018995.782719754,19361278.75610966
臺北市北投區知行路３１６巷２１弄４號,25.12257501,121.468408,4700000.000000004,11791079.327760428,6936557.826148521,9189107.873444116,11851434.112497684,15610496.207148742,17277970.34986334
臺北市信義區松山路６５６巷１９號,25.03114999,121.577951,13400000.000000011,14203281.507728528,9040255.514768574,13043390.855853032,15617918.910765082,18551846.32016072,20429223.709532768
臺北市信義區忠孝東路五段４２３巷４弄５號,25.04147,121.575602,26049999.999999955,17638906.93469169,12792623.56027087,15642751.75167862,19010619.029640235,21818490.011647277,25470772.431823656
臺北市文山區興隆路四段１０９巷４號五樓,24.9867899832254,121.561759981123,19099999.999999978,21411768.971556548,14453190.790759929,19086090.68553461,21502544.313284006,27842603.002326965,28320487.351423375
臺北市中正區羅斯福路四段１６２號七樓之５,25.0124300154915,121.536189979658,10879999.999999981,13636658.242380973,9996989.578870289,11984523.27548694,13572505.109883029,17471388.72332828,20334551.66975509
臺北市信義區福德街５１巷１３號二樓,25.0366100040435,121.58127003423,16500000.000000013,12379193.38954208,8244412.893138529,10964391.454904253,12892993.670802653,15910851.443422453,18667654.96234546
臺北市北投區崗山路９巷１５號,25.1403300208693,121.486039963312,11880000.0,17410730.579523303,11904862.476004105,15154359.81594265,18714600.16020471,22709093.967589702,27322898.194906164
臺北市中山區復興北路４００號十五樓之３,25.0616899994489,121.543960003901,28199999.999999963,21363935.8844537,14160556.209313456,17448005.472752813,24358597.81945111,24900962.476028167,28210416.91560551
臺北市北投區知行路６６號五樓,25.1181900199122,121.467870008884,11000000.000000013,13333148.013687726,8688151.567032117,9768866.4381528,13211561.153469265,16027049.387286678,18601125.44502816
臺北市中正區南海路１０５號七樓之６,25.0277100154328,121.507380037339,12000000.000000007,11707166.745082011,9273616.962735018,10788369.605786365,11607406.626106977,13309311.994881986,18386769.999533992
臺北市大同區延平北路二段２０９號三樓,25.0596800190675,121.511509968672,13499999.999999993,13359929.181706239,8524313.140633535,11362606.119569827,13357480.636114562,15833746.418474393,17328209.38985246
臺北市中山區錦州街２４號,25.06024001,121.524247,10399999.999999989,11505013.45266778,7424327.188992867,10190366.40008405,11760887.552417599,14203845.536397934,15301749.717265606
臺北市士林區社中街２１２號八樓之１,25.0911699911073,121.508510001706,21599999.999999963,28235138.68163126,20963918.025236838,23573552.767166067,27353958.1802399,31957595.56688445,36718230.34584661
臺北市萬華區和平西路三段２９８巷５號二樓之１１,25.0351000041864,121.49370999145,8000000.000000002,9380306.656119827,6422793.731512167,7890086.570937969,9838470.04730217,13018932.541339636,17302488.03054424
臺北市大同區民權西路９１號十二樓之９,25.06307,121.51885,7449999.9999999935,6566624.001864346,4988258.2730322005,6675358.743134711,7051385.457915552,7629948.06976732,9372382.07218709
臺北市大安區復興南路一段３６０號六樓之３,25.03526001,121.54341,176206.9999999999,1247044.4222473144,861518.1208442401,1260816.781700214,2030352.1359390528,2709480.4307835004,5709817.381383341
臺北市松山區南京東路五段１６９號九樓之３,25.05166,121.56315,153480000.00000003,142956559.51671344,45096208.261247516,125816522.10630453,155533984.54265538,172331930.9293925,204412911.29853496
臺北市南港區東新街２０５號,25.047035,121.594042,6535800.000000006,20116517.55669128,13474718.485286005,17626662.68117513,21303211.96433173,24665159.90225693,29778835.64454984
臺北市信義區虎林街２０２巷４３號,25.03735,121.575923,19890000.000000026,15170234.443892408,10629219.400244795,13415028.603042465,15885865.740136666,19805367.474709626,24018314.305575967
臺北市內湖區文德路２２０巷４７號六樓,25.0774799962889,121.588179991389,28080000.000000026,27332852.179569826,18651051.68444469,23690124.031089105,28110332.538546238,30449917.615438566,36983618.06972492
臺北市北投區行義路１８６巷３５號,25.13311999,121.529705,10800000.0,15946176.93956047,10402363.10356624,11631344.882306205,16153243.637522047,20347675.514990307,22487786.45534057
臺北市信義區基隆路一段９７號九樓之２,25.0455500162419,121.567320032775,8000000.000000002,6723030.861257976,4325375.86484771,5570848.224232371,6946970.986605794,7916984.80019133,8082718.226274198
臺北市萬華區環河南路三段７號四樓,25.0272400002122,121.489700005152,2000000.0000000016,3095996.104736543,1939547.948875842,2355521.4657337726,2730925.58115862,4104585.71108065,4860349.249103037
臺北市信義區忠孝東路五段７１巷３弄９號二樓,25.0419100071499,121.567409970596,24749999.999999993,15294852.714879753,10565127.840617083,13326084.03768115,16265865.68291928,18736837.090334788,22618430.28106784
臺北市信義區莊敬路３９１巷６號三樓,25.02798,121.56579,31500000.00000002,24314263.30746842,15667228.460025214,23443988.10720188,24568178.399009235,29902651.2702036,33871797.400285095
臺北市中山區中原街４６之１號四樓,25.0576300150983,121.528809965369,15580000.000000015,15696083.409185484,12619391.556672111,14964985.974075451,15561120.462513644,16938630.6945592,20054180.57977052
臺北市士林區承德路四段２９７巷２６號,25.090488,121.519268,11950000.000000011,9691268.833304612,5762604.51783547,8611033.79992512,11208347.348096304,12491887.552409995,15319055.98868351
臺北市中正區銅山街１號,25.04017868,121.5261009,26310000.000000022,14489467.08283991,9259076.74315235,11544916.244306888,15009851.820976343,17474434.06191336,20794056.35714918
臺北市內湖區內湖路二段１７９巷６９弄５號,25.08587699,121.58413,67879999.99999991,53195564.993527725,30491241.080444347,37358531.01808826,44699497.98766089,56715320.05760123,86644598.91228813
臺北市中正區泉州街２０巷１７之１號四樓,25.026780001366,121.513249967952,11500000.000000019,9942614.609643629,5952665.829052839,7898080.34636327,10141639.666426629,11463039.047561895,13784963.403326916
臺北市士林區重慶北路四段４９巷３１弄３０號,25.08182002,121.51145,15300000.000000017,18962240.662637573,8646778.852764416,15124185.676971773,19500077.719257064,23188648.819217034,28072878.736576013
臺北市松山區延壽街３６６號,25.056362,121.558536,25300000.000000015,17507208.415444095,12814362.783299245,15987847.298510164,19507521.09756781,22388264.134026233,26352929.410070937
臺北市北投區榮華一路１０號二樓,25.1116600144243,121.52345996421,29300000.000000007,26309770.712789625,20217637.691798903,23481368.90981991,28864231.90332005,30518165.95303698,32456186.556830373
臺北市士林區忠誠路一段１７３巷２４號五樓,25.1082099811678,121.53188997951,17999999.999999985,17714256.219580866,11777259.17371664,16839826.725099124,18087089.18183863,21011831.47590745,24479059.32820462
臺北市中山區民權東路二段１５２巷１０號六樓之３,25.0612999894942,121.534949960902,6599999.999999998,5653150.434349846,4007891.457618639,5088183.824865594,6501896.585560014,6552516.626603934,7576858.774135674
臺北市北投區明德路２９３號六樓,25.1151400129847,121.52150002379,25500000.000000026,22678884.460977376,16467590.481216803,20728982.551754422,23139062.78529593,26212949.747579154,28617199.05634072
臺北市大安區羅斯福路三段２８３巷１９弄１４號,25.019639,121.531018,22500000.000000007,12829211.153126702,8095669.543201677,10578884.046980549,13401912.64870031,16042215.920386154,18804371.48080045
臺北市內湖區康寧路三段１８７號九樓,25.0699400133779,121.611940004682,18600000.000000022,19542462.71166193,15314439.726604428,19585184.46712259,20826844.536597613,23851354.891741812,26438002.90985199
臺北市大安區信義路三段１３４巷７８號,25.02961698,121.538771,36550000.0,27106381.201571353,20372579.927493982,25805833.419859298,29568657.288789056,32864848.662419684,36826313.69981846
臺北市大同區延平北路二段１９７號,25.05933502,121.511571,7220000.0,7065368.471595955,6438241.043220489,7197629.864985993,7202971.317896618,9117755.076171223,11081455.206920208
臺北市萬華區環河南路一段７１號九樓之２６,25.0450199865946,121.501919981792,2800000.000000002,3093047.906452612,1998140.4433265177,2258361.953933088,2859493.985099541,3021779.9502704367,5366852.616910157
臺北市內湖區江南街７１巷６５弄７號,25.0758800167012,121.578740040576,10399999.999999989,22490468.960131057,14013448.98451894,15960179.476747645,20461956.299374454,26441677.659928843,30107381.635873064
臺北市中山區大直街１２４巷１６號三樓,25.0844599842487,121.548910020641,16279999.999999998,10886146.539323961,7011145.918653298,10029755.288100824,14315746.865586286,14587705.491542632,15920723.106863597
臺北市大安區復興南路二段１５１巷３０弄５號十八樓,25.0279773562346,121.545532700394,25500000.000000026,24190253.6393131,18024618.573592477,21474397.41227247,25584629.193639863,28574518.539957464,28890670.24597536
臺北市士林區福港街２６２巷１５號,25.0838400167803,121.516659977621,13499999.999999993,13091416.458250495,7660613.660589917,10469202.226494009,13345414.047216728,17396335.46213473,21734588.09103233
臺北市士林區雨聲街１５巷７號,25.10099702,121.528892,17899999.999999996,16205121.442567747,11176379.0312857,14022486.812546711,17918796.75165144,20063219.662511542,23820285.537819833
臺北市文山區福興路９５巷７３號五樓,25.0054799928355,121.546440041413,10599999.999999996,14124240.984130988,10606314.06599782,11542080.340276755,15374066.447935227,18521660.403147206,20173658.23352855
臺北市內湖區康樂街２０巷６弄１號四樓,25.0684399879856,121.617659983047,13300000.000000011,12498291.225761551,8488901.163773902,12050411.939331673,12986956.172437362,15124396.950580174,16641167.341643365
臺北市松山區南京東路四段１７１號六樓,25.0517700170408,121.556319958324,16999999.999999974,14498980.784744073,9366615.435976602,13765727.942148237,16612023.085147256,19658579.590884592,22601917.618628006
臺北市內湖區民權東路六段１７９號,25.06804528,121.5969533,21780000.000000015,18767414.847112194,13680683.23465122,16473104.25683913,19648201.673187606,20520374.8002956,23921924.026129268
臺北市文山區景興路３００號二十七樓之１,24.98886002,121.54206,17800000.0,17347918.127809685,14732438.868011458,16168111.265305074,17124005.16543133,17543145.842445318,33760366.711449176
臺北市大安區光復南路２９０巷３８號七樓,25.0394399860126,121.556130024398,59879999.9999999,35502507.23239487,26338930.49366967,29014295.576632462,35583483.17143812,42729389.15930926,50358415.1437032
臺北市信義區松山路６５６巷８號四樓,25.0311600067798,121.577809984599,12360000.00000001,13295058.17341268,7953179.229831325,11365601.18662138,13419993.925531356,17199995.95626458,19968907.50610284
臺北市北投區文林北路９４巷１０７號三樓,25.1070599840521,121.519570006765,7700000.0000000065,9272322.942829162,6131231.406470865,7782437.33018428,9756211.001061346,11336384.180031242,13026809.881408181
臺北市大安區雲和街６３號,25.02359999,121.529809,21799999.99999997,13388357.038828045,8264258.8027267,10960530.291772077,14527000.823619585,16577235.398194926,20171640.217987828
臺北市文山區羅斯福路五段２３６巷３號,25.00137102,121.538599,25300000.000000015,21253390.499468338,14719350.67970651,20433939.31157507,22362191.24860041,26688693.493020896,29773019.265581664
臺北市中山區建國北路三段１１７號四樓,25.0665400200833,121.535789995238,17499999.999999985,17865465.834620457,13081009.519741882,17937769.110668987,21086655.709603023,21877050.850252472,27458982.152137958
臺北市北投區尊賢街２０６巷１２號,25.11539201,121.508675,20500000.000000022,20575539.302445684,11734068.759112759,16100608.057578087,22192354.44647059,25750033.36260637,31158066.935498543
臺北市文山區忠順街一段２６巷３０弄１２號四樓,24.9824600177735,121.558860010262,25329999.999999955,27287340.662260838,19593037.318826295,23014649.451331764,26080222.575327814,30635468.74418794,37971619.42093377
臺北市信義區虎林街２０５號二樓,25.0379599933689,121.577070030187,18350000.0,13951123.66577714,9975717.980091222,14192764.161786314,14719322.734962832,16972741.43127321,18522865.918545388
臺北市北投區明德路１５７號五樓,25.1111000194732,121.520529986136,22649999.999999966,19007270.633986395,11773924.634686977,17016149.780006543,20649572.226120487,24052820.874890212,27469630.859327152
臺北市松山區復興北路１號十三樓之７,25.0528200180516,121.544459984426,33000000.000000015,27643180.787975494,20755748.999475442,29364297.64540042,31544868.543790966,34408755.29538002,42144270.263076894
臺北市北投區同德街７巷９號,25.125326,121.527999,18500000.000000034,19064090.427181117,12884929.521454463,17493989.965776566,21333876.410717204,23707571.650804937,28032324.124487624
臺北市萬華區東園街６７巷２號二樓,25.0265699927819,121.497180015546,12970000.000000002,14906823.544386331,10339943.464672148,12678391.758744843,13580939.788563512,18759536.699061472,22247539.912965566
臺北市信義區吳興街１７９號,25.02862,121.562442,8787499.999999994,8211312.776549104,6531046.386113275,7854153.611955839,8797805.36936313,9480674.20968602,10873130.200134521
臺北市北投區溫泉路銀光巷４弄５號四樓,25.1359700062945,121.513509974588,11299999.99999999,19292894.01517139,12948928.436977418,16175141.867180938,19180789.703983303,23300433.87494661,27132840.303183697
臺北市大安區光復南路２４０巷４８號四樓之２,25.04086001,121.55538,24855999.999999963,15701073.743849512,11241526.562739326,12972842.18589123,16175858.137329703,18827671.24442184,24722594.908624865
臺北市松山區健康路５５號十二樓,25.053769981048,121.555670025552,42000000.00000003,35566544.465617485,28507904.41210149,29458864.568985403,35877309.47574183,40939965.706160694,47049251.86623137
臺北市中山區林森北路１０７巷４１號六樓之４,25.0500899902778,121.526309978928,8160000.000000004,9520097.902803985,6604416.900377709,8206794.402655408,9910525.848198423,11696101.848614506,13476526.666239932
臺北市文山區景興路２５８號六樓之１,24.9901600112161,121.542740017894,9999999.999999996,10380241.47986627,7661525.256218772,9993449.19386572,11148757.88707114,13596086.970443793,15135329.153812286
臺北市北投區溫泉路７３巷６號八樓之６,25.1355799963398,121.506140018583,9600000.0,14872614.613435706,9783344.603642758,11299100.944541078,11999908.779271688,16359723.835529258,18904653.57025028
臺北市中正區水源路３７之３號,25.0186032,121.5239452,42000000.00000003,51741729.39514429,35430531.45502811,43696978.48843148,51954182.64271884,58122233.187073186,69587012.91395357
臺北市內湖區新富街１６６號,25.060755,121.585946,69865000.00000001,63636082.81090743,45378311.35140318,50414273.91913437,60538131.251903996,69892392.28352042,86074294.08094716
臺北市中山區合江街７３巷３３號四樓,25.0588500011055,121.540240031453,37355350.00000002,34914736.27818295,23878003.56235291,28636757.41017932,37585401.21375114,44911017.99976803,52211793.533465765
臺北市萬華區西藏路１９９巷２３號,25.02856199,121.499952,5940000.000000002,7584828.471938671,4812285.087282031,5584092.378680308,8369422.002363765,9660835.66714172,10772274.439006947
臺北市萬華區桂林路１４１號十九樓,25.0386499916383,121.498309979913,53999999.99999998,91237053.30697432,51035335.92078994,71544203.13084884,72338418.31885874,117171900.49050543,130043813.6840597
臺北市萬華區桂林路６５巷１４號四樓,25.0387600041175,121.502530016705,9400000.000000015,10810234.815663744,7088175.266311155,9142980.71970648,10855938.241751678,13520674.61515487,16145801.671786256
臺北市南港區三重路７號,25.05576898,121.61379,21080000.00000002,18624236.05562785,12828175.203080265,18036561.426385317,19876132.91887332,21585040.262516744,27318905.559670635
臺北市內湖區大湖山莊街２１９巷２４號二樓,25.08893999,121.59958,20000000.000000015,16300959.810341604,11494168.971587379,15069737.764050797,16513169.22077673,18935952.967433944,21635482.226403236
臺北市大安區信義路三段１４７巷１７弄１５之１０號,25.0355900102461,121.543079987887,31999999.999999955,18380239.244415473,12502542.18914928,15519468.534155836,18497539.30832113,23346158.29692326,27332869.971348904
臺北市松山區民生東路四段９７巷８弄３號,25.05953099,121.552201,43300000.00000004,26981168.09313139,16238191.877340818,26437819.42578847,32406138.27889004,34244229.207960986,40804992.37318203
臺北市中山區吉林路８號四樓之１,25.0573409074912,121.530263268496,131680000.00000007,109742095.02420433,47113773.49576934,94629642.61879969,123986288.53381288,169068679.69660968,203820579.55441397
臺北市北投區稻香路１６１巷１６弄８之３號三樓,25.1424000156775,121.488849996351,18660000.000000022,25126811.574839603,19325524.765305363,19796825.692895092,22415992.2720417,28047509.27646718,34642266.966807194
臺北市文山區政大二街２６０巷２３號二樓,24.98783001,121.58662,14600000.000000011,19438872.34202553,14604492.422834583,17284413.98499215,20419277.196306486,24325018.21129792,24887901.486074425
臺北市信義區永吉路１２０巷２０號,25.04474699,121.57019,9614999.99999999,12995123.612083465,9614986.301760605,12104723.520480894,14983185.052755017,16126306.508400034,19161619.229549363
臺北市大同區昌吉街９９巷１６號,25.06647502,121.511502,24249999.99999996,22534002.149584245,15705130.624114921,18044430.928940203,23851721.07839199,25924290.602172036,31450705.72324264
臺北市內湖區五分街７２巷７號十一樓之６,25.0667999848103,121.616430022575,23500000.00000002,22896326.587324806,17778701.813170716,18527524.217575155,23082866.597855374,28176063.78577181,31900481.32676633
臺北市大安區大安路一段２０２號,25.03499502,121.545865,18800000.0,13781668.396610888,10191640.094402734,12568069.748688161,14974755.27739654,15743430.740572311,20425225.019561555
臺北市松山區敦化北路１５５巷６６弄５８號四樓,25.0551900011744,121.551879980393,22500000.000000007,15019655.886535589,10242388.213591354,12193538.634794306,14531864.337136187,19374150.732907914,22816387.57728434
臺北市萬華區德昌街１２５巷７號四樓,25.023990001075,121.496940041658,9850000.000000017,10810234.815663744,7088175.266311155,9107279.406924004,10855938.241751678,12772174.243161157,15165010.112194385
臺北市文山區辛亥路四段７７巷９２弄１１號九樓之９,25.0086600030813,121.561559988913,7659999.999999995,9057792.979434105,6883795.364109412,7414855.062413887,9325144.497574976,11146505.170828369,12666705.837582663
臺北市大安區樂業街１０８巷７號五樓,25.02082001,121.55149,4480000.000000001,11940744.867287382,7304119.829350248,9170868.941958617,11335727.523865737,15834442.785977347,19155010.067805022
臺北市中山區復興北路４８６號三樓之３,25.062720683849,121.543981115059,20300000.000000015,18004033.761265393,11792406.355930617,15931801.521952294,19989817.469785426,22421511.50813518,24630031.615058433
臺北市文山區萬壽路７５巷１６弄３號四樓,24.9857000005365,121.588669997448,12000000.000000007,19260233.345084522,12831225.825119957,12898336.803218778,18531682.169552688,22599719.806976125,26142829.08086638
臺北市信義區吳興街６００巷７６弄１３號,25.01817749,121.5705655,30000000.00000005,28111737.40418585,21138963.146722723,26614592.379514508,29986086.826035284,31076045.848785605,41852741.10881082
臺北市萬華區和平西路三段８５號十二樓之６,25.0353699852877,121.50165000069,16550000.000000004,18996138.902941372,16438556.855298538,16656130.320607873,19129752.452350136,21618657.338058405,23641946.99949882
臺北市大安區雲和街６１之１號,25.023616,121.529701,21679999.999999963,13734724.450475737,8544083.395343825,10853666.757571097,14535643.232210116,16876825.632205725,20411853.206558626
臺北市中山區復興北路４４８號八樓之１３,25.062720683849,121.543981115059,12600000.000000015,12475359.3293158,9571437.8212389,10696577.069846906,11581293.310376275,14548174.618156236,16308752.303491691
臺北市萬華區東園街１３６號三樓,25.02364001,121.49743,20099999.999999978,21889845.90506695,16798978.300093807,19544789.89099229,22006220.291341707,25753942.52521972,27473823.06297936
臺北市南港區東新街１６８巷１６號,25.04607598,121.589736,29180000.00000001,21169036.42909396,14137984.68462623,18332547.00929246,23545385.768182673,28577216.978953212,29573421.98046699
臺北市大安區大安路二段６６號五樓之５,25.0320999953114,121.545899995391,25980000.000000004,18265746.805792358,13719586.273455195,16161252.77396695,18665327.62540349,22466915.706259456,26075566.842701413
臺北市萬華區長順街１０７巷２號三樓,25.0324100000003,121.489360035159,11500000.000000019,17756618.572431814,12680372.709553614,14793334.274189832,18241974.211747378,21816305.404763047,25497685.038637176
臺北市松山區復興北路３１３巷８號六樓,25.0588600174798,121.545079993804,42000000.00000003,39393466.69448172,26931733.15687432,32951455.737528138,42147093.51984119,46268409.115532994,50295685.201419786
臺北市北投區新民路５７號五樓之１,25.14068001,121.51107,13000000.000000013,17069016.19519179,13206490.905127272,14808706.838582769,17324259.385159805,19078408.644061323,22708554.267512687
臺北市大安區羅斯福路二段４１號八樓之２,25.02761002,121.52227,24000000.0,18691618.130052313,11822475.319104314,15127283.253181301,19832936.038366567,23901856.093588818,25887549.15452493
臺北市大安區龍泉街６９號六樓,25.02282001,121.52935,33000000.000000015,20709077.27626986,15263071.485688679,19707182.7134416,21405834.771956243,24256978.521084137,28892445.771622583
臺北市信義區信義路六段７６巷２弄４３號五樓,25.0337700057001,121.576559991379,14880000.0,15137011.608746517,9604021.330576206,13509992.530150894,16463876.060481489,17755482.95604189,20797415.005991373
臺北市中正區羅斯福路三段９０號十四樓,25.0216799904693,121.526669981669,60559999.999999955,43953707.36263013,32846711.224503282,41559411.38432118,53000283.75412012,55753285.227867775,60221599.90261164
臺北市內湖區成功路二段１１５巷５號,25.06528198,121.591424,24349999.999999993,20681638.788238306,14592857.097768331,16531597.332463317,20480593.69748456,25850748.16211553,32512855.025176294
臺北市大安區和平東路一段６６號九樓,25.0267300033135,121.524320031295,37500000.0,25600933.949520007,16855349.75306637,24272694.59981881,25862324.213844955,32870830.275302734,37535230.47338992
臺北市中山區合江街６１巷２７號四樓,25.0573099940351,121.539850021498,16999999.999999974,13582727.595218495,9176457.072777828,12746056.826490577,14846473.744766684,16643262.953768125,18858580.399593174
臺北市萬華區寶興街１５３號,25.02426899,121.49526,11299999.99999999,12690809.086305112,8332873.037591878,10453469.572555635,12416675.419787126,15035938.250252333,17058587.221090533
臺北市松山區健康路３２５巷１２弄２４號四樓,25.0554000097585,121.568219997719,35000000.000000015,26148148.876377333,18564939.243205108,25669508.478102203,26550531.03179789,29833779.292981114,34007130.90129748
臺北市北投區西安街二段１９５號五樓,25.1196299889682,121.510819970402,17379999.999999993,16857492.653291646,11878833.966855641,14093568.417630102,16734951.508613633,19758851.029637866,23528330.361886434
臺北市北投區大同街１５１號四樓,25.1356200199274,121.498920014826,14499999.99999999,18281503.794146206,13634169.812852839,16425989.520210205,17832650.577640355,22565298.177195802,27158448.27235635
臺北市中山區北安路７８９號,25.08562302,121.553869,24679999.999999955,20910999.802963324,12941143.853581298,17897913.124735106,23693615.76974456,26040159.95838972,28878223.686175503
臺北市內湖區康寧路三段１２號,25.07284698,121.606532,37985000.00000006,20902349.648408707,10017064.109659761,16855912.517449412,29687457.578327466,30833600.759324405,32418489.4057181
臺北市信義區松山路４６５巷１４弄１１之１號,25.0390099943797,121.578799971183,6300000.000000002,3548620.436859634,2530237.3069454543,3267022.687910366,4455141.156964253,5444876.27292819,6748693.28314525
臺北市內湖區大湖山莊街１８８號,25.0880199880749,121.599100018665,9999999.999999996,13194890.619253932,8980258.248286098,12224198.198975418,14461772.60304528,17648653.186043546,22677212.792345412
臺北市松山區三民路１８０巷２５之１號,25.062481,121.564095,18500000.000000034,14241524.352458512,8041899.502905114,11378275.765061602,15650419.221041283,19181662.35990878,23391113.5628773
臺北市文山區辛亥路四段７７巷５６號四樓,25.007679990962,121.560609984007,15729999.999999996,15814387.231744923,11946787.386945024,15702715.851576958,16112049.197179463,19103029.182778835,21602152.15754783
臺北市中山區合江街１３０巷１號三樓,25.0595700065883,121.538510006638,18679999.999999978,13221210.44149923,9164897.82368549,13732559.19788616,17377773.98600304,18263194.753504876,23174584.424760975
臺北市中正區羅斯福路一段８３巷２號二樓之３,25.03141,121.51985,17100000.00000001,13262113.397215243,9992772.779203674,12032429.982547859,14071575.78047692,15224263.83489635,17351157.995245475
臺北市內湖區成功路二段４９８巷６號,25.07343598,121.589363,13750000.000000024,15836368.26397799,10295261.81709982,13849712.953375898,17173648.846079834,18976875.12577244,22977048.386262223
臺北市文山區景隆街３６巷２之３號,24.99860901,121.543533,21550000.00000001,23345058.2026228,15627817.067315241,20008454.10849006,23127549.18286098,28049039.297775194,30888085.97917106
臺北市文山區興隆路一段１２１號二樓,24.9999986464029,121.556568579963,15079999.999999976,14003628.181404082,9733173.753909478,12633224.389772637,14887547.286260093,16364601.698401963,19266204.20248522
臺北市內湖區文德路６６巷３４弄３號,25.0761800050159,121.581840003646,29899999.999999974,17763225.900508765,13328223.685185308,16603486.004773712,19748817.020921297,23776738.33843118,28906428.24610741
臺北市萬華區環河南路一段７１號七樓之２２,25.0450199865946,121.501919981792,2750000.0,3096969.6264050202,1961154.1240803453,2353799.1331424806,2732917.428092431,3015687.210805376,5160307.561363905
臺北市中山區民生東路三段８８巷２號十樓,25.0574000156752,121.542840013999,28679999.999999966,24140784.192713894,16607075.832769375,21399989.947367594,24965395.842505213,29729861.389306065,30649729.04490565
臺北市文山區汀州路四段１５８號,25.0047835,121.5352857,22600000.000000037,21838621.480345435,14281449.526504535,18479521.772208612,24085930.808082536,25884060.999281604,27110327.166363772
臺北市內湖區環山路一段１３６巷１４弄２號,25.08757001,121.56844,17600000.000000015,12483879.996130826,7480227.5694675185,9920188.580324259,14639070.446704224,16298130.567504302,21314143.239806615
臺北市士林區承德路四段１９５巷１２號二樓,25.088249987498,121.523050005326,64880000.000000075,58372491.295893684,36112126.11895718,43747831.69733366,64208482.553659834,66457422.19823296,82873346.45498121
臺北市士林區仰德大道一段９１巷３６弄３號,25.1053499919853,121.540180017026,24000000.0,19253550.32992167,12445061.146238277,15517246.174841523,16562075.117048347,21283492.65364684,26221768.31130144
臺北市大安區復興南路二段３２０號,25.023343,121.543201,23500000.00000002,17793612.949240856,11940755.78482784,14503538.795029614,18677339.041190255,21431375.875071615,27666421.209190983
臺北市內湖區安泰街６６巷３號四樓,25.0753499870539,121.61663998925,9800000.000000007,13905195.592471082,8985012.0568689,12990094.644338101,15091716.772277895,16809867.579498522,19089812.228708535
臺北市南港區三重路４１巷３７號五樓之１,25.0607300200782,121.612839969626,44350000.00000006,51629415.85560039,39463896.38844835,44301564.98134502,52649033.49331853,62285212.32826064,73159474.9452603
臺北市北投區溫泉路５９號五樓,25.1350699994411,121.504479982659,24000000.0,33029257.9661157,23946075.244573634,25363968.474611443,31974887.97953677,38169511.844413415,47072523.83350801
臺北市士林區文昌路２４７巷１１號二樓,25.1002900046763,121.520009972863,19579999.999999993,17566628.993558973,12421650.378072973,15465503.382214073,19062295.16439422,20144917.712000147,23456172.414392684
臺北市文山區興隆路二段２２０巷５３弄８號,24.999419,121.551849,12499999.999999985,12745276.242014188,8719187.139399787,10504400.757447254,12780208.64112416,15946188.973586857,17519481.051406994
臺北市內湖區文湖街２１巷１００弄２號四樓,25.0909399916841,121.561120022815,13249999.99999999,13015449.050975442,8610687.009034501,11140848.823421359,13334468.490096452,15787309.943745272,19035035.17044291
臺北市大安區復興南路二段９０巷１２號,25.03021968,121.5423855,10624999.999999985,12837622.059441864,10033818.054982485,11926142.93712506,13196173.935739916,15127276.207025131,17413067.253826827
臺北市大安區和平東路三段４２０號五樓之１,25.0179699924858,121.559259994682,16000000.000000026,13376946.684076225,9536549.124530962,10713350.005152196,14279831.511533976,16866493.841637727,19738107.83235209
臺北市北投區榮華一路３巷６號六樓之１,25.1123299799451,121.524729990179,45499999.99999994,46180029.36608549,33542565.352623068,45853254.59661855,52303926.62807028,58824318.56776409,68021058.12256478
臺北市南港區重陽路９號十樓,25.0589516410115,121.609266644897,43100000.00000005,37642241.32522476,29006691.121432558,35438407.54641926,42443059.828212686,43488835.58130642,46274799.04162069
臺北市中山區新生北路三段１號,25.06288702,121.527991,6049999.999999998,6847119.653841102,5520092.03480983,5686669.999228463,6605533.815207195,7425769.856663198,9623055.696145149
臺北市內湖區文德路２２巷２７弄８號五樓,25.076529991383,121.579870004943,13000000.000000013,11512369.807414886,7458223.827579097,10083999.963745916,12312225.927278558,14006339.905367976,16739858.854458839
臺北市信義區永吉路４４３巷９弄３６號三樓,25.046559993665,121.57904002889,17999999.999999985,16507048.967637012,11154937.957955474,13603748.660741122,16974142.193156056,19156991.332082815,21861576.174428195
臺北市大安區建國南路一段２７０巷１４號二樓,25.0363999954594,121.536679985717,37999999.99999996,23345403.66610499,16154825.471370297,19938248.049524494,22707452.54850039,26272694.24099015,30373485.15867143
臺北市內湖區康寧路三段９９巷３９弄７４號,25.07440501,121.610716,31799999.999999985,32351167.94087494,24341404.44349449,26574128.62930716,30444807.499955468,36893531.379415534,48050405.338333145
臺北市南港區向陽路２５８巷７號十五樓,25.0584899983641,121.595360013468,58299999.99999992,51779421.01442604,37626710.648991264,46048355.3625042,58786273.704605915,61628180.934495926,66383941.88973339
臺北市中山區中山北路一段６６號八樓,25.0486400048475,121.520780018308,32879999.999999955,29762452.776537016,19984025.459378056,27364380.155842923,33559502.96230248,36689367.39666378,39783425.68471703
臺北市中正區忠孝東路一段３９號,25.044475,121.525681,30299999.999999963,21856663.989383683,13776035.266871683,20031624.232646994,23176760.74097851,25224565.800691463,30641739.050111968
臺北市中正區臨沂街２７巷９號,25.0409481,121.5312906,37999999.99999996,32306814.905833423,20333784.844856646,29531724.150897913,37570990.39874263,40431470.8968329,44830394.33165967
臺北市文山區景福街１４１號,24.99584298,121.536218,20300000.000000015,18289302.487326566,12955616.634764299,15904496.422865046,20037442.519963663,21711094.742607065,24749960.331637673
臺北市中山區雙城街３巷２號十三樓之７,25.0632399809841,121.524599986861,7400000.0,8562651.823256264,6170463.002353493,7181397.073005891,7384367.989049922,8967766.9499149,10142083.048458932
臺北市中山區樂群二路１４８號,25.0795600074714,121.556980033199,30999999.999999978,30654633.92951799,23009985.679381877,28996080.834423892,30364667.54776791,36270083.889106,40111422.97076502
臺北市士林區天母西路５巷６號,25.11906531,121.5289344,22050000.0,17765033.625827078,12430620.63929749,16143202.578170251,18500998.065995943,22275877.09187768,28025208.472940862
臺北市內湖區民權東路六段１４６號七樓之２４,25.0688100071013,121.589750005673,10150000.000000011,12216125.992833035,9662559.34825631,9819074.361839036,11089144.797232762,14428225.725299744,16621785.683616612
臺北市大同區敦煌路１３０號,25.07613801,121.515952,12979999.999999985,13706139.140230684,9902161.724882344,12030384.989118729,13443657.809570882,16438522.830949597,19634550.79153606
臺北市中山區南京東路一段１７號八樓,25.0523699936701,121.52374997806,10611858.999999989,8763335.272147613,5623234.953327201,6848348.743645555,10007093.358130127,13858913.314955328,22372233.716911204
臺北市士林區士東路２８６巷２４號五樓,25.1117400196901,121.537369983987,37350000.00000006,31520071.42131645,22247075.74705779,25295405.14784415,31437325.620255765,37648646.21573859,41706460.503270134
臺北市士林區後街２１巷１３號,25.09839402,121.524763,10899999.999999993,10301162.763619382,6774660.680404575,9638459.832469536,11289606.616206992,12715526.229791954,14307523.646797847
臺北市北投區尊賢街２４１巷１０號三樓,25.1164400042577,121.506930012958,14299999.999999993,12031370.044463247,8059957.028185008,10870200.51064019,12546290.608906934,15033973.963827478,16088682.525062284
臺北市中正區廈門街１２９號十三樓,25.022829987585,121.517490037492,9500000.000000015,13020702.74629975,9206279.908437196,9490661.480594423,10451550.191209976,14367244.933652665,15170321.038815591
臺北市文山區木新路二段１１８號五樓,24.9844300164769,121.569609968723,6999999.999999995,19049620.637669887,13334675.130410153,14105939.160365835,18386036.45844242,22204591.884164743,25438360.297253996
臺北市士林區中山北路五段４６１巷３號,25.0919000129643,121.527440027114,19000000.000000015,4401845.109226957,1321237.9926868305,2350268.262710862,4299313.968394911,5740529.566554637,6535724.964684552
臺北市中山區五常街１號,25.064429,121.537395,24099999.99999997,17369599.07132327,10887900.077502254,16833849.62971838,17976256.336125974,21529980.37004234,25143436.723840717
臺北市北投區溫泉路７０號二樓,25.1351399883326,121.504839985401,22500000.000000007,27094241.247670636,19589684.863105085,20306232.682473496,24332295.599401817,31417126.798968412,38096965.036613956
臺北市中正區汀州路二段２７７號,25.02215902,121.524263,37420000.000000045,30714436.979451865,21929783.84946188,24237412.537345827,33223406.40803839,33840841.8952507,43713032.23715538
臺北市中正區重慶南路三段６３號七樓,25.02935999,121.51513,21419999.99999999,18947035.195928656,15371346.831833873,18704716.547261346,21219817.83629649,22733494.45886059,25122064.540043216
臺北市中山區大直街２１巷４號三樓,25.08166001,121.5471,23100000.000000026,16067084.08713121,10765531.657227855,14245928.081118278,17505964.56018512,18912765.12299342,23257379.959653962
臺北市信義區信義路五段１５０巷４９９號九樓之６,25.021200000784,121.573630013305,11000000.000000013,10643844.397331372,7614284.712457195,9266410.745079964,10919546.317068547,12500178.772023981,13854691.354674295
臺北市中山區錦西街３１號三樓之６,25.0604299898541,121.520689996668,10599999.999999996,9037881.931301853,6168686.244288734,7576222.492691575,9043359.387569245,10815705.91366698,13176727.640099585
臺北市南港區南港路二段１７８巷２６號十樓,25.0543700000001,121.60681,19499999.99999998,14774986.466303546,11714616.37078897,13524400.68937893,15763038.17358109,18915144.189419705,20957849.88621442
臺北市士林區延平北路五段２４４巷７號,25.0846399856194,121.510259975451,11500000.000000019,17106828.947697397,9157881.52263359,12259737.391886193,15706475.063531488,19913936.133453865,30317983.046531446
臺北市內湖區康樂街１３６巷１８弄１９號二樓,25.0710700196545,121.61807002575,33500000.0,35676301.84682595,26239965.35348853,27169064.776332423,34195674.12789127,42872120.81308992,50381743.680692494
臺北市士林區環河北路三段１１１號十一樓,25.084990013896,121.506300029115,22200000.000000004,27088267.536839202,21087383.340801578,22475837.71102918,25016720.726541832,31070228.422105163,35677969.92635373
臺北市萬華區和平西路三段３８２巷２弄２２號,25.03505499,121.490798,11599999.999999983,14635548.879253933,9631366.034312224,12155195.763512224,15922328.60090486,17518389.363256782,20615951.64087391
臺北市北投區民族街５３號三樓,25.1337400009547,121.506419974149,12799999.999999978,15808297.093502516,11505109.074755251,15328568.78331803,17224298.85108251,19418232.71935123,21837634.485359587
臺北市中山區新生北路一段１０８之３號五樓,25.0496430869314,121.528391941235,6000000.0,5821933.937937126,3747440.227026459,5154268.569565728,5996203.880093804,7192058.152282754,9178401.938318828
臺北市松山區三民路１５５巷３１號四樓,25.0613199803332,121.561480025557,29599999.99999999,18516230.427806616,12592600.130607076,14306053.092886318,19652244.172307055,24400681.385964863,29655645.65425308
臺北市大安區安和路二段６０號十二樓之１,25.03057997908,121.552220034205,67999999.99999996,66020745.7399324,46017289.79416633,56027370.91029334,67156060.01370421,71356912.01519307,80971297.14541362
臺北市內湖區民權東路六段１９２之５號四樓,25.0685399840905,121.594730029625,30999999.999999978,26621699.1294861,19633144.04998658,23044409.256175224,26489170.693355482,29549972.20949303,33535986.06415005
臺北市中正區中華路二段７５巷１弄８號四樓之５,25.0340300123366,121.506430032433,9500000.000000015,8517961.33013509,6319446.117617274,7072874.303669153,8110600.079981206,9619240.368046911,11825949.224727722
臺北市內湖區康寧路一段１４１號五樓,25.0793300080482,121.594099961964,11250000.000000019,13344802.165959422,8632345.946683537,10839289.085218227,13615918.60683471,15653996.689470725,17128548.125887632
臺北市南港區園區街８號,25.05977398,121.613515,31500000.00000002,29503193.220847692,21630635.781503644,28373518.68162254,30643375.07590754,35390209.8843252,43771167.243933454
臺北市士林區中山北路七段２１６巷５之１號,25.12582899,121.533432,28500000.000000034,35356988.378880955,25826726.952525403,32920413.29652781,41297413.399476334,44054456.38238278,51731546.60799007
臺北市中山區伊通街１９巷２５號四樓,25.0489800167498,121.53576996249,12059999.999999989,12515496.2246451,9810502.164975682,11473020.792281754,12109086.297274157,14531181.173816625,16718453.66082254
臺北市北投區中山路３號,25.13704499,121.505195,17940000.000000026,20611896.646682225,13583288.266947426,16510989.872052385,19803236.23053911,25012813.606239304,28895842.314149544
臺北市士林區環河北路三段１３５號四樓之１,25.085439996368,121.50601998973,15680000.000000015,14896875.419215828,10083010.776412612,12149502.813570116,14914200.858972196,18220177.059271667,23181053.776418306
臺北市萬華區康定路１０３號,25.039507,121.502048,36499999.99999996,36452429.360394135,30677217.584569544,32858555.733822472,36153530.21055653,36574810.397283696,53301205.22778615
臺北市士林區延平北路五段５９巷８弄５號二樓,25.0805400195907,121.510150004882,7500000.000000002,8348249.065736086,5893750.292317849,7257733.163618244,8816471.261857232,11581165.440194618,13779717.22553547
臺北市文山區辛亥路五段９３號,24.99758701,121.55264,11500000.000000019,16317537.362253556,11112043.930789564,12655617.118373904,15382054.01486156,19684940.967538904,21872444.53166915
臺北市內湖區內湖路二段３５２號六樓,25.08200999586,121.590449978407,12600000.000000015,9779176.008096807,6973736.747439204,8258433.183392339,11044604.12906478,13058774.107696075,14570062.031595312
臺北市北投區中山北路七段２１９巷３弄１６３號二樓,25.1288300078031,121.530409986866,14380000.000000011,21666861.376502566,14518728.168723403,17622962.049572345,21439256.392388448,26004488.869752742,27434426.47850258
臺北市士林區延平北路五段２４４巷２２弄１５號,25.08439599,121.510972,4099999.999999998,10871920.045768658,6995674.579629471,8123678.729392386,10632257.239527417,13128762.764460256,15640269.631664285
臺北市南港區南港路三段２２５號八樓之３,25.0513999979251,121.580420025429,23360000.000000007,18175725.83413346,12921681.77418397,16107039.091669666,20652824.6552899,23280165.973007362,25440085.39869413
臺北市松山區八德路四段６６０號,25.04986699,121.575864,31649999.999999955,33839775.23613734,24697839.764822103,31770077.335126966,34888613.86300333,40005998.333663866,46820563.223297045
臺北市信義區松隆路３２９巷６號,25.04848201,121.579304,26380000.000000037,16563450.659337152,10600499.347748391,13396760.901460921,16637700.64551904,19217290.062908016,22893231.369273346
臺北市中山區八德路二段１７４巷１５弄３號,25.0450800010213,121.538530039386,18600000.000000022,12745442.663409058,7451017.9892617855,9752632.48824526,12427123.717721678,18643290.74748272,27434072.14439255
臺北市大安區信義路四段１５５號十六樓,25.0336400023818,121.55009002497,31999999.999999955,54971293.889105946,37123872.46910597,48416018.888029754,49008133.24283488,67212473.807424,78867984.31795238
臺北市中山區林森北路１１９巷６１號,25.05033998054,121.527069966089,33379999.99999999,19936459.80711828,10018019.33761086,18487150.773928434,26346905.340363093,26783476.616287734,34012105.25769617
臺北市內湖區內湖路一段４１１巷９０弄２７號,25.08484002,121.57147,14260000.000000002,14277437.767705403,10538061.421601277,13309775.65491835,14229345.659531862,15119852.23213384,20360320.901823726
臺北市松山區延壽街１６號二樓之４,25.0565326928537,121.559850240494,5800000.0,15092220.348406466,10651122.859382337,12307556.627328617,15489558.537805509,18508651.554239467,21426177.294664823
臺北市士林區重慶北路四段２２２號,25.0858689,121.511468,18584999.999999996,21596619.811328597,16994099.333890468,17723487.162908122,20400320.71003094,24970472.08742915,28118884.730019815
臺北市大安區建國南路一段３２７號,25.034783,121.538236,10499999.999999994,6329441.746616895,3705194.7843530886,4772699.828422217,6933459.998311539,7283409.446793505,9090447.143316945
臺北市南港區富康街４９巷１１號三樓,25.0527499872506,121.61759996862,15859999.999999974,13521822.817146854,9102282.016884523,12886032.92653362,14652936.531766407,15155792.331543675,16566822.666281443
臺北市大安區敦化南路二段１５２號,25.02521908,121.5483706,37680000.00000006,29511274.845712356,20679222.064758804,26505876.92100461,30536536.318728913,37305399.64432991,40614973.77189618
臺北市北投區尊賢街２４２巷９號,25.11700101,121.507931,17649999.999999978,16456719.713237101,10883918.268324312,14170992.566131812,17503435.526698604,19858891.156352315,24370730.29839654
臺北市士林區倫等街４８巷４號,25.09292399,121.501612,8000000.000000002,14479361.204026407,7945049.096500716,10755342.512239236,14911948.675143268,16508506.029840292,19635480.27228667
臺北市萬華區青年路１７８巷５２號四樓,25.01956,121.50182,4799999.999999999,5466048.76846808,4084120.996544907,4757781.486243358,5331189.756840516,6817777.361131874,9154590.618656773
臺北市北投區泉源路４９之６號,25.14129000024,121.511119958717,8999999.999999996,16167642.151814613,10672524.7497285,15009344.340396201,18434000.410639275,24576728.3600163,27707627.230757028
臺北市內湖區內湖路三段３８號二樓,25.090833432636,121.580888172902,43659999.999999985,43633621.91322958,29667802.537494883,34368500.91413215,48584816.8481957,54992058.56698568,63317407.71148542
臺北市大安區復興南路一段７９巷１０號,25.04451699,121.544635,8980000.000000004,5153245.041919226,3291891.0187844373,4870788.506843494,5629400.395995259,5699030.569090199,7657440.091281273
臺北市大同區蘭州街５７號,25.06361398,121.515071,3000000.000000001,5889401.753126585,3153538.329870997,5095394.132912482,5769021.828331336,6765506.9389160015,8787793.613684619
臺北市松山區敦化北路１２號八樓,25.050319989701,121.548569966829,195000000.0000003,140715708.05189458,52140825.324437045,123151707.77309924,173500657.42463315,178619122.0454054,210585910.1908965
臺北市萬華區國興路６號四樓,25.0258400128343,121.506930012958,11000000.000000013,12287400.780317266,7401752.50269897,11081581.568109842,11890771.250763675,14513001.703677895,16253205.382020911
臺北市北投區公路３０１巷６號,25.1323027,121.5026806,13799999.999999985,16482733.177160379,10883227.999338606,13463927.666772597,17302980.042628977,20466914.166450955,23302720.118861277
臺北市松山區民生東路四段９７巷４弄１號三樓,25.0589999952628,121.552850018047,37999999.99999996,32160976.924817715,21205563.688056454,28081157.955175154,34838171.180483885,38039522.5677135,38280610.58645794
臺北市萬華區西園路一段８０號十五樓之２,25.0353500000001,121.49948,33080000.000000037,47832044.25055328,37491800.42781928,42444072.220167354,48390845.01445447,56370735.696641654,66203848.988005035
臺北市南港區福德街３３９巷３２號,25.038363,121.588917,11000000.000000013,9362551.676956585,6254348.498625341,8446717.324832026,10314166.766522544,11386709.634985715,14491846.07634554
臺北市內湖區文德路２２巷９弄４８號九樓,25.0767299835927,121.579029970606,32680000.00000004,41346662.26712729,30876905.46319777,32856023.109730747,40768449.76734721,50915759.86611171,57266795.06856659
臺北市中山區龍江路２８６巷１４號,25.060892,121.539856,28899999.99999997,21146449.43296251,14365284.53220392,17025145.600670878,22812876.315812718,26674000.923330024,31340892.632158123
臺北市大安區瑞安街１３５巷１２之１號二樓,25.0266899797258,121.540180017026,29800000.0,22959184.43824283,15800791.834856657,18615165.475362144,24787500.005978607,29843257.960314438,32514965.215319507
臺北市內湖區麗山街１０５巷２９號六樓,25.0831381992112,121.579778482727,27999999.99999999,27435602.364499584,20952863.92165348,23600143.49757023,30785967.444437366,32143695.149743006,34576289.29280542
臺北市信義區富陽街７２巷２４號三樓,25.0222399854205,121.55551001502,18800000.0,16759067.071122708,11425652.684885468,13721776.286981449,17737749.847429954,20344409.253455445,23817123.573224533
臺北市大同區大龍街９１巷１２號六樓之９,25.0672200019784,121.517030038646,13580000.000000022,15848458.476094946,13540082.71890113,14117446.745898718,16426212.115877768,18792670.349495836,21411133.768774122
臺北市文山區景興路１８８號十九樓之９,24.99251,121.54381,7020000.0,9707165.617013777,6728048.19029666,6880753.284813404,8892890.912158173,12585021.887162913,12961697.514297064
臺北市大安區仁愛路四段１１２巷９弄７號二樓,25.036799979879,121.550109973899,31999999.999999955,26558738.736833025,17450455.525890846,22617613.245203078,25807294.101537958,30631282.21271355,34223147.983637065
臺北市信義區嘉興街１７９之２８號,25.0270599988415,121.556880037094,2050000.000000001,3527608.8145618,1584900.8334900124,2406996.135887579,3333661.1658546617,5424089.5995418355,7314454.219866413
臺北市中山區建國北路三段１１３巷１９弄１１號四樓,25.067309981709,121.535689999133,16000000.000000026,14124841.782615129,8985012.0568689,13289053.816394273,15880408.18897215,16868310.631755598,19089812.228708535
臺北市內湖區新富街１６２號,25.06067101,121.585759,69800000.00000007,88273988.76049006,44742206.84677086,65567799.41979599,69732782.72425675,107647695.44305176,155335482.13200915
臺北市士林區通河街３２３巷７１之３號,25.08152598,121.519103,4799999.999999999,4288874.100725956,2454491.871181994,3379798.068718285,4889850.618033926,6110475.332112234,7173836.228817236
臺北市信義區基隆路二段７７號,25.03033741,121.5581396,12440000.000000002,16210983.93764593,11013520.240349874,11634911.211033154,15805567.389199901,18660215.922278956,22372743.50692538
臺北市南港區玉成街１６６巷１６號,25.0442799902727,121.583640017353,30000000.00000005,15569091.570667906,9236839.491468132,13626324.521391533,18461840.83381278,21169399.634196665,24846283.803077504
臺北市北投區中央北路二段３５０巷７８號七樓,25.13947,121.48905,27099999.999999978,35327191.53675012,26846426.54447761,29169637.886385337,34751988.91828508,41971979.76512726,48794217.70672141
臺北市大安區永康街８巷３號三樓,25.0323299947345,121.5295500036,24999999.999999963,13369092.280691441,9156616.790758127,10852603.367070839,13524784.792745195,16752994.787712656,20349571.761700526
臺北市信義區崇德街８８號,25.02153325,121.5610027,20000000.000000015,13145208.04481886,9255176.353375481,11760817.81508686,13890777.96015069,17609231.040110845,21755257.47383661
臺北市大同區重慶北路三段２０３之３號,25.069714,121.51406,17590000.00000003,19413038.951736007,16513737.489431713,17476500.443967566,18862954.151204057,19818504.251191173,38769999.31646289
臺北市大同區民權西路１６０巷２６弄１號十八樓之１,25.0616125506636,121.515490031576,47149999.999999925,62753959.89514195,46807445.10097672,47126996.55085434,47308756.03718944,78987380.29390861,83370297.88343151
臺北市大安區和平東路二段２６５巷２９之１號,25.02753601,121.544184,38359999.99999996,34450541.013746835,22863046.243304707,26231198.152838744,37423869.014136575,41072929.68033067,50803666.16409568
臺北市中山區明水路４７９號,25.07808198,121.551674,55879999.999999925,50755464.28751732,37386886.86533171,44211065.68532915,53525078.8729813,57325221.31611408,67055212.845323205
臺北市大安區市民大道四段４８巷１號二樓,25.0447000074409,121.545839980965,24300000.000000007,15966807.360245068,11197462.558887111,12013226.328197839,14923692.150994744,19544202.819815647,22618321.229562603
臺北市北投區自強街６８號八樓,25.1104399865076,121.514150016715,26250000.00000004,29101375.03736718,21176660.10570795,25056103.262562405,31507761.62251724,32180504.492385328,38069345.213309094
臺北市大安區光復南路４２０巷５號,25.03635301,121.556661,27500000.000000015,21963323.66114988,14796590.550264513,19033061.95053193,24684104.799162455,26579963.288745645,29642167.115540355
臺北市中山區新生北路二段７３號五樓之７,25.05671002,121.52786,4500000.000000002,4757070.033224965,3268097.2835442065,4254440.120666241,4954762.204724432,5343153.634502494,6284111.170676621
臺北市松山區民生東路五段１５１號十一樓之１５,25.0592100038469,121.562259961647,12000000.000000007,10092824.577243991,6837616.186349204,9595109.421177668,10571596.83300379,12357306.821232263,14717048.37084432
臺北市北投區實踐街８８之１號四樓,25.1151999855019,121.511070002574,19000000.000000015,17825134.216979202,13555504.393086802,16173993.787674319,18727448.7548489,22649943.63983719,27205307.799890015
臺北市大安區羅斯福路二段８５號十三樓,25.0257699820333,121.523600025812,49479999.99999993,35006173.389127195,26218261.52061618,27641645.179189518,35871093.770840175,43126132.92895491,47176076.28347955
臺北市南港區福德街３２６號五樓,25.0395899801699,121.588319969172,38279999.99999995,39978070.776377685,28393505.538438994,34757645.177380376,43344466.278419435,51164280.95217847,57717676.39871972
臺北市松山區民生東路三段１２７巷６號四樓之１,25.0585399964166,121.547409995248,31600000.000000004,26929879.171883207,16996095.838126883,28327595.41990698,31099133.44226382,33288341.27149926,36300715.96014294
臺北市北投區泉源路３９之１８號,25.14144133,121.5071504,11679999.999999993,21545230.129577212,14344062.08263575,17218093.162585616,21673294.749213804,25472434.596874505,31782383.29929099
臺北市中山區中山北路一段８４號十二樓之６,25.0491899834244,121.521059973874,11360000.000000015,13207577.101515017,9688215.770964123,11089535.825667998,13301330.838841945,15880752.894830942,18306627.516895063
臺北市內湖區成功路四段２９４巷７０弄１４號,25.0872400100749,121.598410020395,40099999.99999994,44024585.056749664,27447767.475567497,39874665.06995626,45052911.406737685,54498277.79353823,66353724.73231551
臺北市北投區新民路１巷５之３號,25.14012781,121.5075494,11460000.000000015,20731015.916291732,12829082.105231503,16875111.4373698,21133081.200008262,25357120.852091685,27806023.06148497
臺北市大安區信義路四段２６５巷５４號六樓,25.0350699969731,121.555680000016,50999999.99999997,39755738.021059655,26749068.113257997,35275749.06695937,43516115.18714765,51249093.199048884,59621934.68457623
臺北市萬華區成都路１５７號四樓之１,25.0435500103252,121.503029997229,9560000.000000007,12270847.505858183,9451070.56986247,10679168.946271274,12383330.44707177,14645842.21052329,16537676.000036383
臺北市北投區溫泉路９９之１號,25.13637209,121.509743,5500000.000000001,7302274.1896879235,4293376.636424871,5196296.827875944,8238866.274177143,10276671.345196886,12067949.021030247
臺北市中山區林森北路３０６號十四樓,25.0560900080279,121.525359974022,12600000.000000015,9710481.623666007,7021690.782371359,8448445.015223084,11704477.790956996,12619137.703646526,14155331.982368791
臺北市大安區辛亥路一段１３５號十一樓之１,25.0225299992703,121.532260040535,30999999.999999978,30833241.62156433,22891838.93037577,26356376.179054555,30101492.716342542,33679604.48085677,39873602.19932594
臺北市北投區立農街二段２０２巷２弄４號五樓,25.1185799879574,121.514010038932,15000000.00000001,12731967.59434335,8907075.884696027,11076771.18914415,12791758.370503793,14639525.193303052,16999760.53316977
臺北市松山區八德路二段３４６巷５之７號,25.04726998,121.54498,30000000.00000005,30725126.975691464,23082489.922096692,28975435.978166156,29976003.438408207,36212634.49640771,40033743.97483485
臺北市中正區忠孝東路二段１３０號六樓之５,25.0423899968352,121.531810016153,27060000.00000003,15780910.561134174,12428734.905231744,14385333.62737941,16585679.730458012,21005587.911278237,27086146.619372483
臺北市北投區大度路三段３０１巷１２８弄１９號四樓,25.1195799909158,121.464899965313,10550000.0,14463705.7173472,9253024.451108346,12923571.14346455,16480783.959914042,18354802.589643575,19479835.44178041
臺北市士林區士東路９１巷７號,25.112665,121.52911,20400000.000000007,17858286.525613435,12786493.657624952,17046795.99817954,19234106.961228672,23305984.735976458,28270353.22716669
臺北市北投區溫泉路７８號,25.13537309,121.505318,4799999.999999999,8725466.677052025,5047720.036152293,7898441.513676797,9997641.882140115,12520349.623494616,16286940.970296616
臺北市大安區安東街３１號五樓,25.0442299922203,121.542600040111,9500000.000000015,6454948.784448017,4156813.9727229928,5450428.949490904,6678943.200975553,7970240.00399292,9368645.752973076
臺北市北投區明德路１１８巷１２號四樓,25.1094995062471,121.520720542331,19299999.999999985,17018613.726954322,11816764.606010243,14542522.024119265,18207753.21412866,21029276.367488638,25051490.69773524
臺北市松山區富錦街５８１巷２０號,25.0628200057255,121.56645996569,22249999.999999985,18640332.537389193,12039986.401023723,17598108.14426764,21182287.595400434,27071557.10583147,33506762.28466252
臺北市文山區興隆路二段２２０巷５３弄１２號,24.99928602,121.551899,9999999.999999996,13026455.233208515,8976489.094255943,10754428.35654299,13003710.578978758,16238486.70225135,18032504.81439369
臺北市中山區農安街２１０號九樓之５,25.064690008324,121.536470019043,17199999.99999998,19779659.706729278,12938196.897873556,17414307.52909799,23685524.94860105,25993938.205943797,27012420.734281737
臺北市文山區景華街１９８號十五樓之３,24.9985399865539,121.547720041847,49500000.000000075,50139561.069112875,37448226.49112089,43730493.80003434,51029733.439660095,57362781.81670064,66092759.01447942
臺北市文山區木柵路四段１３９號八樓之１,24.9985699937672,121.573749958339,19749999.999999993,19883236.665128257,12844461.624103192,18066085.61920087,20399287.881870538,26382019.10502426,28017714.741336744
臺北市中正區青島東路３之１號六樓,25.044079998063,121.521440009364,45249999.99999996,45830779.26875372,29717148.258252785,42153321.232844464,45356995.75069106,56035190.96876237,58444676.41894809
臺北市士林區忠誠路二段２１巷８號二樓,25.1091000135565,121.531060003457,63999999.999999896,52100237.160773955,35104966.80881687,41094744.18992463,53050849.08357613,64125284.08130835,70339103.08106422
臺北市大安區仁愛路三段１２２號六樓,25.0371899898337,121.540359976487,150625000.0,97650031.69887954,39168783.75042336,106517284.06045339,109500008.33194153,151867379.79908472,173147972.10062742
臺北市文山區景興路１８８號二十一樓之８,24.9924900126609,121.543679964516,6849999.999999996,8477058.832036713,6847862.349176254,6849319.057595603,6896524.890052266,11583048.964363487,13096561.433184206
臺北市中山區明水路４５３號,25.07748691,121.5503538,46180000.000000015,30279809.588907816,23213694.847280405,26590437.43154631,30297152.29823373,32697058.2972015,41302278.82099641
臺北市信義區光復南路４７３巷１１弄５６號七樓之１,25.0342900189731,121.559659979101,30499999.999999948,30792660.20304848,19955037.381761696,28317881.59815272,31258620.528680567,36417770.76693611,40211584.67778088
臺北市中山區中山北路二段９３巷５號九樓,25.0594200124309,121.523559960315,46500000.00000003,47169974.7804826,35766826.43920924,44853870.99687309,46428701.922848895,59323273.72906031,66896316.57847738
臺北市北投區溫泉路３７巷２６號十三樓之２,25.133750017329,121.50329997833,7700000.0000000065,10064525.729084179,7354126.915773168,7925728.045145167,11172538.995379835,13185019.527740091,14965974.075165676
臺北市士林區天玉街３８巷１２號三樓之５,25.1205499866607,121.529340036926,6999999.999999995,6263220.866315844,4730563.320956831,6755228.678973733,6938526.67602138,7006251.230950857,8110452.88093032
臺北市大同區迪化街二段２５４巷９號,25.0701599964267,121.511169998679,16700000.000000022,14216802.262472993,12431995.30920872,13648674.382524041,18220217.594699815,26881376.08017849,29374866.431575056
臺北市信義區虎林街２２２巷２７號,25.03681,121.576742,16500000.000000013,15120874.066021781,9854533.332851889,12135835.201722022,15976102.585421413,19722938.110201918,22302672.8277965
臺北市中山區龍江路３９４巷５７號三樓,25.0673000072442,121.538600028278,16999999.999999974,16507048.967637012,11133053.72459928,13833510.842178803,17113528.089835707,19537780.53467215,22791939.671188176
臺北市大安區仁愛路四段１５１巷３９號四樓之１,25.0406199903417,121.552090030886,69179999.99999999,45210041.40222017,28846561.74309336,39582549.49003851,48092869.45022434,58315247.91213359,66777415.906933755
臺北市中山區中原街４６號三樓,25.0576599804022,121.52867996205,15279999.999999985,16230371.593084268,12784998.846153578,14756895.495363448,15659917.389438938,17664975.24387471,20296793.25651581
臺北市萬華區成都路１５５號七樓,25.0435399939509,121.503080037191,8800000.000000006,11040076.639558647,8685748.567131085,9602888.543502241,10351048.177562322,12826237.873620994,14605001.870814797
臺北市大安區信義路二段１２號,25.03490898,121.524912,22799999.999999996,12919110.082141455,9798099.049353499,11931680.064800005,13425078.541306203,15460012.879003579,18688428.385755625
臺北市信義區福德街２１１號,25.03834799,121.584605,20879999.999999974,16071033.16863543,10270090.643371258,12336367.073423479,16332039.941995185,18980188.862329446,22203538.350613974
臺北市信義區永吉路２７８巷４８弄２號三樓,25.0439100130666,121.573370006668,14000000.000000007,16382529.202098392,10163182.01354727,13872340.901399901,15956449.001895756,20599783.168609317,23444227.28887776
臺北市內湖區江南街１１１號十一樓之２,25.0764799933305,121.576239970315,25940000.00000003,23763991.35949657,15718435.60652627,16068258.728247458,20906367.412787944,26196976.40553847,32752047.19896519
臺北市中山區南京東路三段１０９巷９號三樓,25.0527199800372,121.53992001039,30600000.000000004,26729121.59370084,17033190.659552187,24348477.850368213,29967394.67905423,33485836.129175346,36045325.490357995
臺北市大安區羅斯福路三段２８３巷１９弄４號,25.01946801,121.531541,39999999.999999985,19030094.925071806,9815872.054469557,15488485.43436481,21062631.621313527,25759542.840983834,28616441.318397768
臺北市萬華區武昌街二段１２４之２號六樓,25.0453599984969,121.503759977177,5750000.000000004,6635696.227611386,4310847.5277039185,5608358.730331495,6180026.0162846465,7769576.778611331,9741184.738516968
臺北市內湖區民權東路六段１５０號三樓之１,25.0684899860381,121.590470011155,42000000.00000003,48634229.74314968,38469110.91763499,42759315.49819013,52635315.337001815,58739136.89562885,66976212.143434785
臺北市信義區吳興街３５０巷３號,25.02546899,121.566214,39060000.00000003,38129363.168401316,26363369.54855816,37692278.913342424,42605111.96131909,53189941.22998446,57199989.27526865
臺北市內湖區康寧路一段２９２號,25.07824711,121.5978724,21300000.000000022,19746457.975150194,12760822.944934309,14969599.901186485,19171520.820881292,24573519.718611754,26154010.397912472
臺北市松山區八德路二段３８３號十一樓之７,25.0479800137915,121.545149982695,9900000.000000013,8530086.913556904,5285060.2619685335,7587425.460079507,9472913.077318475,9832752.907626502,10906179.954847082
臺北市北投區杏林二路２４號,25.14195301,121.498302,10800000.0,13519340.948321521,9292704.731024278,11693691.0413759,15055344.392924972,17788805.21613035,20489108.388936073
臺北市大安區復興南路二段１５１巷２５號六樓,25.0284599862194,121.544629969422,28500000.000000034,22039724.75137151,15367755.998847105,18807597.828931723,22060362.01470349,26403427.134243075,28235970.103894945
臺北市大安區敦化南路一段３１３號,25.034804,121.549294,27799999.999999955,15707486.679158615,11112993.730600584,14283034.901061565,16174100.309057923,19275236.12066385,23747615.552007385
臺北市中山區五常街１１巷５號十樓之１,25.0646299938972,121.537850015582,37500000.0,37645869.18522101,29235595.072405986,36718965.85556139,37857738.8911924,42774235.59301439,43690762.39069898
臺北市信義區仁愛路四段４５２巷１８號五樓之１,25.0366499857216,121.559120016899,33699999.99999999,26055171.812700685,16886520.706198703,25956216.930262268,31545204.188667018,34093513.65437971,37130193.10862884
臺北市萬華區西園路一段１４４號十樓,25.0353500000001,121.49948,12000000.000000007,14016361.394421509,9783858.377086371,12042303.991868507,15241193.072001427,18061977.956630215,20126690.91245375
臺北市大同區寧夏路２０號,25.05483201,121.514826,16999999.999999974,18918176.487965137,14902634.167425673,16946639.922126543,20396387.91911006,22855300.712835856,26440997.268465243
臺北市信義區忠孝東路五段５０１號,25.04137,121.57851,2916666.667,3112374.298120803,1417372.3288293541,2190514.7583108796,3030175.6919623087,3545584.198622416,7465163.768201706
臺北市南港區園區街１７號,25.0587539,121.6108427,26350000.000000045,20526541.25326405,15943213.943695169,18262567.889813837,23754599.7757745,25829231.67542962,28059788.75066451
臺北市中正區中華路一段９５巷９號,25.03765598,121.507932,88880000.0,60479601.72441066,43974909.968948886,50336050.343422025,69799401.89909902,71448684.75272636,90334909.01950933
臺北市內湖區內湖路一段６８３號,25.07990002,121.576411,54570000.000000015,31751870.772593603,24813363.834455077,30136823.992566522,33378491.509544775,35705217.49026836,45083552.81322589
臺北市文山區萬慶街４４號四樓,24.993499990084,121.538570021064,15300000.000000017,13905195.592471082,8985012.0568689,12990094.644338101,15091716.772277895,16809867.579498522,19089812.228708535
臺北市大安區復興南路一段１３５巷１５號四樓,25.0427100178985,121.54504998659,17180000.000000007,12008001.699297745,6612305.66303413,11747156.707969654,12137442.16137996,14557696.519316556,16939493.14787085
臺北市萬華區莒光路２５６號二樓,25.03129998,121.49936,17299999.99999997,18446488.83728777,14488475.300949384,14663958.237581734,17191334.72542848,21177790.624721043,23901552.55063445
臺北市大同區承德路三段９０巷２０號,25.066319995125,121.517309994212,34599999.999999955,39466592.37939228,22341778.838770166,31596143.84689798,36407500.8647039,45520081.90559141,50648323.2201586
臺北市內湖區成功路五段２２號六樓,25.0845300150498,121.601539990679,27500000.000000015,29678999.777294822,22768389.211057216,25835011.00243818,29013371.69139579,31789281.02477109,37291010.6568768
臺北市士林區德行東路１２９巷１弄５號四樓,25.1081599831153,121.528760009226,16600000.000000017,16540015.65726197,10428897.993051078,14579723.892930651,16874293.910565645,19574636.030240647,21227675.56898617
臺北市士林區天母西路５巷４弄８號,25.11934488,121.5293042,35000000.000000015,37638948.31301048,28663691.64550633,34173029.1817984,35126470.56691665,45991014.38715,61147785.32668944
臺北市大安區青田街５巷１２之７號,25.02853999,121.532518,25500000.000000026,15596753.64309957,10548399.817219429,13879096.475655258,18094587.97135768,20857009.388516925,25102472.000154547
臺北市松山區民生東路五段１７１號九樓之３,25.0597599824237,121.564739999159,25079999.99999997,23347579.87778158,16319131.353965988,19974486.790138666,22783858.78954204,27265093.256078344,28371895.11052861
臺北市松山區南京東路五段１２３巷１５號,25.05246601,121.560716,9500000.000000015,7260611.844819106,4369013.047287911,6108105.4433343345,9357452.154221134,9615081.651710827,12128640.470692284
臺北市大安區金山南路二段１３２巷２０號,25.03313998,121.52697,20360000.00000003,13279614.18980709,9080521.99794951,10755272.134610225,12668818.885425843,16228559.674038788,20514430.714900706
臺北市萬華區西園路二段１５２號五樓,25.02999999,121.49607,46799999.99999994,55334423.822935626,38801690.290225945,47477197.91650335,54556297.23455427,65740055.697215565,81571742.24503997
臺北市內湖區金湖路１２７號十四樓,25.08028001,121.59819,38550000.00000007,40215443.19401802,30070353.078209,33686943.718381576,38514581.74761163,48967342.51453297,54325521.40362157
臺北市北投區溫泉路６５巷１６號三樓之９,25.1359126321673,121.504417956576,4099999.999999998,6166140.34271997,3816460.0269081923,4967504.5646550385,6000560.5560060935,7560752.869934313,9615274.822435241
臺北市松山區三民路９６巷３號,25.057189,121.563859,23700000.000000007,15721581.622444684,10969135.692642106,13843683.768246375,16909550.899256025,19264799.556353346,22570924.950976554
臺北市北投區中和街４０號六樓之１０,25.1436599833628,121.498109987703,4000000.0000000005,5276532.730926245,3578598.651786375,4440356.160871145,4597515.793502371,5997764.058251997,6892924.654661579
臺北市大安區復興南路二段１２巷２７號三樓,25.0328800152209,121.542189997408,47200000.00000002,41349789.20269646,25620960.028879225,33912204.79837812,42967241.92769243,49477929.22098268,53260574.2339305
臺北市大同區重慶北路二段６７號,25.05573801,121.514184,20179999.99999997,21543171.02083256,13702305.467642132,17681915.619741056,20055409.13760558,24874329.966445163,25750069.604289126
臺北市中正區汀州路二段１２５號,25.0250700092991,121.519440003447,33900000.00000005,18178250.117563844,10829767.687543184,14127096.947831944,17475339.399885107,24665856.705900583,30719436.99290784
臺北市松山區光復北路１０５號九樓之２,25.0510399951837,121.558060041423,22500000.000000007,20825773.764924485,13594414.883118536,18311525.908325434,22539702.569487937,25921668.819693066,28270508.91861491
臺北市中山區合江街１２７巷１９號四樓,25.0607899925955,121.54001003203,11000000.000000013,12281984.132448483,7527318.1646201555,11206633.566609418,13333261.133089937,14795624.901176095,16614349.374385819
臺北市大同區寧夏路１６５號,25.06155501,121.514243,40500000.00000005,63204948.13460718,44379010.02628094,48902873.69022837,54416815.49260278,71691675.03953025,79346587.9764147
臺北市信義區信義路五段１５０巷４６３號三樓之４,25.0227900059069,121.572470041724,5300000.000000001,5174842.926362658,3594677.5382463974,3950093.002160375,5021121.403375954,5254563.257894691,6048545.976093744
臺北市士林區雨聲街５９巷２１號四樓,25.1026399969601,121.527859960463,16500000.000000013,16582789.549919203,11878833.966855641,15146391.890503358,16389746.998840258,19703706.91133842,23811292.244192503
臺北市士林區士商路１４９之６號二樓,25.0940800202517,121.517460030279,41800000.0,33759602.16131765,24214885.30263432,29420445.652059674,34918225.48335096,40640688.27729203,44577001.240988985
臺北市內湖區文德路２２巷５９弄１６號三樓,25.075440008694,121.580039989939,24500000.000000007,24428208.734681085,15977014.075004421,20807445.01632188,24442816.26611721,28269579.325632155,33491135.23440635
臺北市士林區福華路１４１巷６號二樓,25.1029399852748,121.522030011528,13580000.000000022,8348249.065736086,5947700.509665192,7288330.360713561,9269565.481939532,11045924.291207545,13675422.195166871
臺北市內湖區港華街９９號七樓之２,25.0835199957171,121.573809972766,17880000.00000003,18909359.008080132,13881948.778202953,17891337.340212062,18607610.018695157,21709007.255665474,25982377.877879295
臺北市北投區溫泉路３７巷２８號六樓之６,25.1364183320774,121.511854603136,7700000.0000000065,10707154.826867502,7743331.4668655265,8044440.94303,10788957.696837513,12773377.057909638,15785425.968408389
臺北市內湖區成功路四段５３號十樓,25.081660009493,121.592080007117,27500000.000000015,26123573.328134038,21103263.059260063,24348789.776835047,25884946.747923523,29990351.52060619,35350666.46080879
臺北市信義區永吉路３０巷１０１弄２５號八樓,25.0436199992167,121.569599994258,13499999.999999993,12107594.377108011,8702122.279072512,10003338.81341345,13607359.765372943,16061981.874822702,19214580.707131363
臺北市中山區建國北路二段８７號九樓之１,25.058450016686,121.53730996956,15000000.00000001,23511217.983308353,17909988.66435765,21909573.485800877,23489705.125154883,29855783.987083077,33686519.600480124
臺北市文山區景華街１３巷２號,24.995379,121.54199,22700000.000000037,27404010.82069791,19172111.442293756,22681457.989276387,29945746.596535645,32701497.816076048,37068685.73707993
臺北市北投區中和街４１２號三樓,25.1438000030554,121.498049973276,13499999.999999993,17446221.388800703,11504677.504221072,14038096.919293452,16939094.59154518,20189687.711451605,24117736.941222742
臺北市內湖區內湖路三段６０巷１２弄７３號,25.089446,121.591669,28500000.000000034,37274747.02610386,27250087.110666774,29869120.77672213,35785086.25655069,47811229.426250234,52579343.206846505
臺北市內湖區成功路二段５００號,25.07364599,121.589695,39179999.99999996,44879240.67870328,32820803.34650307,40873399.67941651,45343379.954263695,53025164.11518308,62106262.6558701
臺北市北投區明德路１０８號,25.10975099,121.520092,10689999.99999999,15460483.987120861,10308951.61674107,13396515.95058629,15019625.616037706,19011328.43172468,20965934.080087297
臺北市萬華區西藏路２６３號,25.0284708,121.4936068,7888502.000000005,13503634.56449979,8731312.872791443,11636508.783988133,14296794.406783395,17613098.57439795,20041484.45355479
臺北市中山區中原街２２號三樓之１１,25.0567399827096,121.528779958155,6800000.0,6224426.00983893,4605277.85481618,5800020.9726888295,6703536.979083613,7319312.697447958,10080084.560718305
臺北市大安區安和路二段１７７號,25.02772502,121.55006,51450000.0,43088258.979307674,31951965.681468107,43365447.217136405,49775016.33306979,52394851.783485904,61124631.45485933
臺北市北投區大屯路光華１巷１８號三樓,25.1431999845166,121.49961998756,11000000.000000013,16432824.456080224,11693623.457196677,14453368.315690003,17624401.714232877,20196631.243330672,21980014.17715415
臺北市文山區景興路１８８號二十二樓之６,24.99249999,121.54364,6300000.000000002,7769400.441820167,6292496.768378956,6678192.040398591,6728048.19029666,9139291.043796351,12961697.514297064
臺北市大安區復興南路二段１７號十樓之２,25.0276699918451,121.543750037227,22769999.999999974,13958021.39704539,8544306.836223694,11390643.354243744,14618978.916844279,18302571.663397014,20803829.900887325
臺北市信義區忠孝東路四段５５３巷１８號,25.04299701,121.562893,24999999.999999963,19145286.82124157,11918693.719545297,15829832.044861387,21760724.63471189,24463033.53707358,28547709.085639972
臺北市信義區松勤街９號十九樓之１０,25.0321900169515,121.56103997564,19950000.000000022,13941008.941878043,9581925.804175768,11432189.765332343,17100442.544233114,17331374.415155303,19115510.808080494
臺北市信義區信義路四段３９５號,25.03328901,121.558578,36679999.99999994,30143641.33305824,20962442.092085842,28352455.905011445,32686446.160445046,37890509.63034738,41254339.831995025
臺北市大安區新生南路三段５４之７號四樓,25.0206549133186,121.533954720381,20599999.99999997,37818456.31309806,23760122.062032074,34556303.643736675,43679232.7160784,45355621.99584753,49686530.77803788
臺北市文山區羅斯福路五段２３６巷１４弄１號四樓,25.0017899856911,121.537750019477,15000000.00000001,13015449.050975442,8610687.009034501,11239571.156292811,13334468.490096452,15787309.943745272,19035035.17044291
臺北市中山區松江路１６４巷１１號四樓,25.0556699908598,121.532309996678,21500000.000000007,15314760.69736959,10490932.916794576,14118373.142533414,16266160.452634849,17763962.106697265,20948501.050915457
臺北市內湖區安康路３５０號六樓之２,25.0659299851702,121.61217997857,11699999.999999993,13472905.236084886,10055453.444939852,11057918.729863565,12888315.317831587,16510529.91767013,20531663.04555673
臺北市文山區景華街１２８巷４８號,24.99446999,121.54727,12879999.999999998,16563450.659337152,10596203.01869265,13042939.7822262,16247381.212258825,19217290.062908016,23358031.283700857
臺北市中正區仁愛路一段４號八樓之１,25.0385699863725,121.521690041535,27799999.999999955,21103461.95434417,13438396.980540654,18905883.643505722,22811577.499022495,26946982.480609857,28506297.401083786
臺北市萬華區康定路１０５號十一樓,25.039469993226,121.502059959575,12799999.999999978,14452824.310475564,11409101.14247726,12796126.385299284,14269719.913137784,16053823.456527624,17317643.843371805
臺北市中正區羅斯福路三段１３６號十六樓,25.02033,121.52826,126258889.00000007,112357752.1113387,53929516.68849276,79586706.93323213,111592019.53883515,121636083.097598,152626626.84454322
臺北市大安區永康街７５巷１５號,25.02897799,121.530687,35000000.000000015,16030717.893924382,10311789.823201353,11919365.7622918,15798548.987793531,19395353.449903727,23580067.601350322
臺北市內湖區康樂街４８巷１９號二樓,25.0692899967866,121.617380027481,17800000.0,17011220.26919705,12798560.577466074,16120944.718702292,18115871.754855573,20606492.16508979,23792424.08093454
臺北市中正區水源路７７號,25.02114699,121.519977,42680000.000000015,34954132.25267981,26154516.081462976,32733463.15000073,39333841.486046135,42741495.05357274,43280097.84255989
臺北市中山區新生北路三段１號三樓之２０,25.063009981561,121.528000022065,7300000.000000004,6725281.274000471,4627838.052636931,5042430.108459595,6862941.165110955,7419703.2731953785,9631322.758946858
臺北市中山區新生北路二段２７巷６號三樓,25.05364999,121.52807,16600000.000000017,16215692.700802125,10151856.001613032,15097739.510221152,16662511.804966155,19531460.793554805,20542459.12284274
臺北市中正區廈門街９９巷３１號,25.0238200160786,121.52045002278,25999999.999999985,19636842.878069177,11358899.909812072,18077268.22757538,25673497.382836774,29499596.51076684,34532797.35406726
臺北市大安區和平東路二段４２號九樓之３,25.0255199917711,121.537230006204,20879999.999999974,14020544.636724455,9224195.297521323,11436239.946612634,14611462.01047876,18391884.601591427,21689817.103840515
臺北市士林區天母東路８巷２３號,25.11719882,121.5318108,9700000.000000007,9612415.042538198,6972776.997592773,8689544.890898835,9825100.520723639,11358478.287460614,13822337.847641196
臺北市大同區南京西路３４４巷３５號九樓,25.052870016104,121.512259981368,5200000.0,5737934.782425574,4320570.352930267,4790651.81262326,5088596.319068265,6185081.337765692,6970801.312057348
臺北市士林區天母東路１０５巷５２號,25.12045751,121.5350761,17360000.000000015,19919016.99450255,12794650.332864229,18228236.725774363,21560998.656898472,23235182.111165337,27555824.354309615
臺北市信義區永吉路５３號十三樓之５,25.0458399881822,121.569209984303,19179999.99999997,17474435.581718203,11386266.238387348,14411856.2905286,18841956.196756165,23900159.497305512,25660222.969587553
臺北市士林區重慶北路四段４９巷６０號,25.08093099,121.511016,12499999.999999985,11998624.255857266,6435978.568580417,8113071.202722143,13071913.973862013,15030560.479709977,18027147.03890221
臺北市信義區和平東路三段４４７號,25.01890701,121.558606,15000000.00000001,13885539.705383923,8587764.513377102,12090881.70428722,14813112.958197482,16638453.741375253,18905634.739398725
臺北市南港區重陽路４６２號十三樓,25.0594900013225,121.610950018098,66600000.00000003,52142495.313111775,37859324.73493861,45105977.41695988,53373392.02281698,61424538.524488665,66686433.31065011
臺北市萬華區中華路二段４１６巷８０號五樓之３,25.0269600027366,121.503489996075,35669999.99999998,39978070.776377685,28393505.538438994,34732351.5308597,43132913.09607008,51267088.60580384,56376703.12790415
臺北市大安區復興南路一段１０７巷５弄１５之１號六樓,25.0443499791642,121.544889976059,33600000.00000002,26448677.99454011,18073531.05978843,24607888.66222637,30197675.88263415,34064331.37226804,36452565.12501281
臺北市信義區永吉路４９１巷７弄２４號,25.04632002,121.57963,14499999.99999999,7560314.297260292,4939775.300531016,6026882.712039227,7687059.7017201,10200606.42018792,13387808.23254301
臺北市中正區汀州路二段２３１號五樓之３,25.0233399844837,121.522880020329,19799999.99999998,21452310.598513976,14238655.11016538,18305115.563744005,22355546.66073827,26953977.746354673,30395585.29013494
臺北市松山區南京東路五段２５０巷２弄１７之１號,25.050846,121.567022,17180000.000000007,18086779.502637804,12364017.486366156,15902850.226370072,17561766.128788825,22253468.90233128,23864826.453835815
臺北市士林區中山北路七段２１９巷１８之１號五樓,25.12844,121.53269,30200000.0,45265556.416270874,26308389.370765463,32029605.688039128,38565190.046978384,56005415.075574785,67869916.38608101
臺北市松山區南京東路五段２５０巷２弄１６之１號,25.0506100035508,121.56694997175,31500000.00000002,25443745.851071186,13068570.861375844,16429382.78025907,24340230.776079215,28667116.951084834,34771813.85911763
臺北市中山區中山北路二段５９巷４５號十樓,25.0559699791744,121.524539972434,11000000.000000013,8686870.263086542,6851042.652961861,7825482.204110639,9484414.527544115,10445221.55864251,10796839.186283156
臺北市中山區民權東路二段７１巷２１弄１８號四樓,25.06341000789,121.53236003664,9500000.000000015,9468387.180375926,6096910.88938668,7719237.45608978,9366500.667029649,11533207.556385674,13064869.502441123
臺北市中山區德惠街３４號十一樓之２６,25.0665800017615,121.526249964501,4880000.0,4757162.1169348685,2702523.5446124165,3660846.115861287,4900249.506594082,4945496.991091301,5813089.225949749
臺北市中正區忠孝東路二段１３０號六樓之６,25.0423899968352,121.531810016153,16109999.99999999,9799719.930557434,6584819.034304509,9047280.968871413,10156309.912039634,12779629.402706288,15400459.27236505
臺北市大同區哈密街６５號,25.07307359,121.5152585,13780000.000000011,13337550.916000452,8200971.175419336,10557889.943384957,14540991.571825184,16846658.37259412,19309503.970106333
臺北市中山區林森北路２６３號十樓,25.0546499970624,121.525559966231,7249999.999999998,8658298.117733605,6591840.924137037,7767566.231416336,8422139.173909977,10350746.039138729,12646813.22628028
臺北市中山區民族東路４１０巷２５號三樓,25.0667499867579,121.538440017746,15799999.999999998,14824434.094173796,9842527.570718361,13205901.176703105,15501644.741927529,17791277.097381756,20183879.172605693
臺北市文山區興隆路二段２７５巷１弄４號,25.002835,121.5527,13179999.999999989,12163613.62702844,8429740.565616675,12716128.040491521,13561121.057451207,14275428.923900347,17176791.6392582
臺北市南港區松河街７７０號五樓之１,25.06133,121.61183,23279999.999999993,22980514.537498184,17106364.27833007,19965716.06566263,23010731.699824207,27863332.637627557,30237541.38480846
臺北市北投區明德路３３３巷１１號二樓,25.1161999884603,121.519570006765,7500000.000000002,10522962.64436331,5876205.09312599,8066077.54845607,9195512.732888727,11897814.255643565,13135821.974605085
臺北市松山區富錦街４０９號四樓,25.06083999,121.56058,35300000.00000003,24921330.65655777,15346115.8332035,20575878.981771994,23917398.479163744,29538396.340072233,34658228.87850242
臺北市大安區信義路三段１４７巷１１弄１２號四樓,25.0346400053402,121.542480011258,12860000.000000011,8713296.994654343,6571214.273609759,7721550.439635931,11641325.063538253,11813123.339508796,15965386.751988223
臺北市中山區林森北路１０７巷８２號,25.049559,121.527588,6999999.999999995,8425160.336966727,6507828.358929034,7759462.861142399,8510123.1401548,9547097.50928808,10703862.681469915
臺北市松山區八德路四段７８３號八樓之３,25.0512399873935,121.578350030621,26980000.000000007,19100717.15731764,14304084.257101,16628077.343510153,20446533.851301696,24378916.09600372,26755485.630321685
臺北市內湖區星雲街１６巷４號三樓,25.0776999793377,121.590820039432,17199999.99999998,14110002.984190553,8810220.640895043,12421189.247779656,15830100.977447301,16972114.657079663,17689022.023245357
臺北市大安區通化街１１７號三樓,25.0293900002862,121.554079978519,11519999.999999996,9037881.931301853,6168686.244288734,7576222.492691575,9322650.202736523,10959914.096103894,13179478.152219431
臺北市萬華區富民路１４５巷１５弄３８號,25.01896199,121.499831,19000000.000000015,16210440.04119579,8927140.050097104,13769208.160394602,17277399.258919388,21077225.84363168,24496196.313425682
臺北市大安區潮州街６０巷５之１號四樓,25.028322685255,121.523823269719,34649999.99999999,23971508.875122823,15682355.187161546,22370567.129882522,27284852.557694405,30595250.14954414,33548537.487385146
臺北市大同區南京西路３４４巷３５號九樓之５,25.052870016104,121.512259981368,6099999.999999996,6323851.193958019,4831744.154868443,5883123.023458822,6162863.568467288,7508200.842188918,8393809.50732729
臺北市信義區虎林街２３２巷６２之１號,25.03580501,121.575825,18400000.00000003,14375103.302565912,9703918.435524117,12698341.300370242,17231876.742101528,21177412.006509945,22752485.69352854
臺北市文山區興隆路三段１８１巷７２號七樓,24.9964800081199,121.561940024403,35700000.00000002,35502507.23239487,27047112.41479801,34042035.69984861,34386811.21593133,41546832.24181123,49794011.83827845
臺北市中山區松江路２９３之４０１號,25.0606099912248,121.533390004902,8999999.999999996,18488816.339049358,10940832.70508199,17172447.79011873,19751450.114902556,24025241.048425402,24604606.563538015
臺北市北投區公路４０６號十樓之１,25.13289,121.50253,25799999.99999997,25879282.66378641,19050007.492878832,25726194.34994915,25812201.404277995,31006043.775751997,36481104.6276984
臺北市松山區南京東路四段２１號八樓之１,25.051900020359,121.550369980536,7439999.999999994,5839977.709318604,3805072.3713779887,5307459.700538724,6850129.383071054,7855764.782916327,8694053.211615074
臺北市大同區南京西路６４巷９弄６之２號,25.052356,121.518915,19400000.000000004,11717092.119056612,7809931.061033816,10647621.617683006,15956521.295686385,18938620.86477759,19315818.93835602
臺北市文山區興隆路四段１０５巷９號,24.987958,121.561308,14380000.000000011,12671939.58157343,8694067.595032163,9392795.209311021,13323680.41502733,15586741.82284553,20342476.95415261
臺北市士林區天母北路８７巷２弄２號四樓,25.1230500150114,121.52771998268,19499999.99999998,24731969.274492614,15674295.970607998,20201473.66497017,23579352.68263872,30822525.699097954,34281787.36320287
臺北市大安區忠孝東路三段１７０號九樓,25.0414500083036,121.538640009956,30000000.00000005,24140784.192713894,16387699.24033373,21357633.90202064,24886998.307971463,30196154.179799177,30907758.873592783
臺北市中山區吉林路４４７巷１７號四樓,25.0674000033491,121.531329984558,20200000.000000034,18514667.093225755,12917790.089324046,15646008.897031887,18257224.785934143,20574292.856864594,26080728.73699724
臺北市中山區松江路３８巷７號三樓,25.0476400018892,121.532219975038,17999999.999999985,18567802.92801775,14238105.88909345,16935806.605744027,19042677.959964402,23365945.196708214,28191079.934530143
臺北市信義區松山路４８２巷３０號,25.03879001,121.577813,17400000.000000015,17267542.08262109,12647934.472448327,16074300.086023457,16844584.160347752,20849169.238516804,23102248.641392466
臺北市信義區信義路五段１１７號,25.03334999,121.5739149,8000000.000000002,6382040.028415459,4723832.854527904,4940198.993040001,7876613.072885181,8541543.811854327,10051764.479923088
臺北市松山區慶城街４６巷９號四樓,25.0551500194963,121.547309999143,4880000.0,3359742.6640581572,1984539.4092029214,3083702.029519643,4310167.957286016,5436883.926512474,6700011.946592337
臺北市北投區三合街一段８２巷７２號四樓,25.1286500064324,121.504839985401,46999999.99999997,48634229.74314968,33388800.773584977,41396084.99342484,51648634.6167117,56245227.98427656,67684142.74722522
臺北市北投區明德路２０１號三樓,25.1117600105292,121.520889988877,20500000.000000022,15589190.027969157,10384449.672602583,14414833.29459539,16792578.346176974,20465590.51396523,22084426.373942755
臺北市大同區歸綏街９７巷８號,25.05919999,121.515868,7743333.332999993,9290574.380848171,7059713.69993161,8186553.329090987,9564857.817749087,10884380.244613897,12893396.76614989
臺北市松山區南京東路五段４０號,25.05129501,121.559708,10199999.999999985,8803675.696072057,6353983.165210158,6909633.229661456,9783614.803298086,10129322.200136624,10314402.83188596
臺北市內湖區港墘路５４號二樓,25.0817199820102,121.5780799657,18620000.000000004,16002807.863951772,11109247.644819673,14595862.583293471,16881724.210915923,19571319.27626163,21838976.85729998
臺北市北投區中央北路二段４２巷１１弄１６號,25.13780602,121.494943,14800000.000000004,17703732.791549966,13050695.53150376,16524791.671741022,18034119.296077225,24425032.12246057,24782734.463696506
臺北市信義區吳興街３６８巷１之３號三樓,25.0252300198307,121.566689965113,7849999.999999994,7858220.039465886,5779728.743837616,6774372.540587779,8347762.048992785,8971438.547818331,10217011.563261576
臺北市南港區重陽路４９１號四樓,25.06111001,121.61206,24000000.0,23939512.185517132,17380009.071468744,22782018.213229664,24347588.476284444,27871118.396796945,31229690.493448563
臺北市內湖區內湖路三段６０巷２７號,25.08826101,121.593011,62580000.000000015,56991624.58814051,43330805.96334069,46771063.069169134,63036548.88289924,66734683.34088466,67727285.37448367
臺北市中山區新生北路一段１１２號十樓之８,25.0463999831334,121.532230033321,6099999.999999996,5348440.5192287825,4127254.717086047,4509228.438390774,5607445.011314655,6590612.200710567,8171215.135053513
臺北市士林區中正路２１２巷２弄４號四樓,25.0959099992625,121.526620025526,23799999.999999996,17759096.451269846,11777259.17371664,17637098.16574052,18339306.60988742,22446641.149008423,24920685.246416986
臺北市內湖區新明路２０５號三樓,25.0583799858849,121.588130035246,12000000.000000007,14355304.40868756,10300044.302504055,11900931.95942181,14589680.289390814,18387284.78072033,21217297.14434403
臺北市萬華區康定路１６６號十樓之２,25.0394399860126,121.501810011222,27799999.999999955,28539259.254772786,19451457.40746489,27238835.815067053,28464637.305851743,35655123.45156993,40615365.523075
臺北市北投區文林北路２２２號,25.108306,121.514262,20000000.000000015,29484551.240538955,20003067.021637376,20014336.203519467,22891961.38448561,31579708.403578278,47497336.19861063
臺北市中正區臨沂街５７巷８號二樓,25.0375600089494,121.529570036349,33200000.000000045,16731976.3824499,11772522.101522569,13514163.135974312,18319377.811044693,20033189.546936043,24408622.461271543
臺北市北投區大同街１８８巷１８號,25.1366400137249,121.499700034736,4500000.000000002,3978391.9034200907,1402431.9716717603,1878031.2558313794,3246681.4832952726,4406685.126979507,6758610.60104402
臺北市文山區興隆路三段１８５巷９弄４號,24.99561801,121.562089,11650000.0,12448473.211194541,7626115.874619451,10593742.983757222,13666698.659594275,15827449.097013945,17920546.298654266
臺北市中山區林森北路８５巷６６弄２號四樓之１,25.0489899912146,121.527140038799,10700000.000000013,8339741.441495196,4701049.363149964,8130463.045218989,9620760.619837673,11678221.268014286,14711400.07500013
臺北市松山區健康路３２５巷１９弄１０號,25.056109998867,121.566719972327,46599999.999999955,28808668.211271048,16822823.741649546,25400813.456941925,35633713.47394349,39726149.442417935,46927917.40933277
臺北市松山區南京東路四段２１號八樓之２,25.051900020359,121.550369980536,30620000.00000003,29520185.452668518,20645353.9769828,26503904.808550514,31078333.50652267,31294247.25419977,36384027.15070861
臺北市內湖區安泰街３８巷６號三樓,25.0733999791897,121.617610026904,17299999.99999997,16432824.456080224,11643332.672639117,14294732.090971518,17807937.089344528,20598085.675926972,22623006.262903117
臺北市士林區天母東路６９巷１１之９號八樓,25.1192199881744,121.533870036497,42000000.00000003,47655712.66145089,34370811.9290451,44247296.041617155,51604374.459921315,57340616.556680806,62404521.54525783
臺北市文山區興隆路三段２０７巷１６弄１２號,24.99432301,121.562019,7900000.000000005,13831703.018990878,8387683.440537749,11296020.062053675,14067948.340807304,16506113.27394014,18062561.936703693
臺北市中山區新生北路二段４１巷１２號二樓,25.055279980905,121.528409980949,25999999.999999985,27451454.921245307,21207746.16924341,24749344.08242075,25874603.363155484,33940924.79696896,40142021.05746184
臺北市中山區林森北路３０８號,25.05611,121.525272,10939999.999999983,13156560.181227256,9542378.770152126,10468809.706021143,11564948.306949569,13949090.225758526,15100182.435298095
臺北市北投區明德路２９１號四樓,25.1151299966104,121.521589961611,26499999.999999996,22122647.936885208,16224517.29493026,20821239.407403845,21381386.621858872,24128706.5272712,27120380.0174987
臺北市萬華區峨眉街１２２號,25.04452499,121.502306,8299999.999999997,11274590.972856857,6521402.327676363,8252159.636237341,10901380.896945368,13235158.12341924,16753799.207139602
臺北市內湖區行善路５９巷２０弄２之１號,25.05742298,121.578293,37500000.0,32632392.14788602,24035640.42286537,25505840.01920724,30900857.569375575,38523074.91121621,42817873.801347904
臺北市士林區延平北路五段２５７巷４１號,25.0844300189449,121.508379998388,11000000.000000013,11314043.868241828,6550976.878921229,9207672.80992707,11645022.815832745,13699027.542903578,16234773.136627033
臺北市北投區永興路二段４５號三樓,25.13289,121.50253,30600000.000000004,40079267.56824486,28729258.959601797,34496621.51393834,45451651.00093202,53175280.82023924,56153455.16191481
臺北市信義區福德街２６８巷２６弄２號,25.03968398,121.586073,31300000.00000001,23385190.10788483,13276348.360728126,22865877.489492536,27160750.564629488,29337886.321453962,32922776.522162434
臺北市萬華區西園路二段３７２巷４３號五樓,25.0268499902575,121.490469966778,8499999.999999998,8426195.164662693,5534538.259795238,6049866.619469321,8516852.508250456,9597470.013990773,12090325.222408544
臺北市士林區中山北路七段２１６巷５號四樓,25.1257800008756,121.533459993793,30000000.00000005,35746230.30301489,24977849.49351868,32024865.12743446,38236691.737394676,45139840.292168036,55802114.33558042
臺北市中正區重慶南路一段４３號十樓之５,25.0449600140773,121.513349964057,13799999.999999985,10742076.031569641,6439389.601856794,8196851.544637903,11827883.240606556,13713399.544367958,15300173.958912157
臺北市中山區新生北路二段４０號十六樓之６,25.0547100114891,121.527280016582,18299999.99999999,13484503.089191094,8704420.450149244,12810922.740816835,15923006.90358376,17133238.02912154,19434581.02856674
臺北市北投區公路３０６巷１１號五樓,25.13289,121.50253,17999999.999999985,20776592.189324796,14390347.899072513,16424227.381960543,20165333.791603483,23107200.59364118,27934470.32820575
臺北市大安區光復南路２８８號六樓之３,25.0393800134954,121.557380017618,91660000.00000003,90096319.34658717,40841821.01360081,91755649.86504634,92163868.3918596,116359438.96622837,176506254.69013453
臺北市中山區松江路３３０巷５３號,25.06123101,121.531209,15379999.99999999,13889813.291251754,10012948.40908252,12496990.863953188,14145335.335265595,15614713.345392026,19960031.699923072
臺北市內湖區內湖路二段４８０號九樓,25.0841799867731,121.593179964271,7240000.000000003,10450185.367818573,6887377.980504261,10042455.581040928,10846815.211581806,12172316.086127095,13449314.144303562
臺北市萬華區環河南路二段６１號七樓,25.0378599972641,121.4967200167,17999999.999999985,22124390.73591073,17497480.444708917,19214092.38791869,23073358.65034851,24593933.08601871,31090401.590246953
臺北市士林區忠誠路二段２５號十三樓,25.10930998,121.53068,169999999.99999988,111116344.24717042,50270082.61748225,98381076.42829259,126146794.2132602,164430272.8880659,189275527.58169812
臺北市萬華區大理街３０號四樓之３,25.0345700164487,121.501629967942,13799999.999999985,15938465.079648973,11899239.435643319,14086300.073825393,16925025.719866473,19834557.75075183,21632506.63216543
臺北市南港區重陽路１２５巷３６弄２９號七樓,25.0577300112032,121.596489977835,40599999.999999955,37548785.90099771,27301554.76622811,35669102.35693988,40464252.36547461,47312412.45979419,53151538.31193502
臺北市內湖區康寧路三段１８９巷９０號,25.073058,121.612695,14499999.99999999,11866612.91505612,9073193.094699547,10769598.598563612,11799937.34761401,13931516.931594323,18548090.733772192
臺北市信義區永吉路１２０巷２０號七樓之２,25.04478999,121.57019,13000000.000000013,11955199.882395945,9587254.44936987,10776301.494002968,13190134.050922537,14898910.161400102,16272163.2992293
臺北市內湖區民權東路六段１８３號二樓,25.06802001,121.59707,63880000.00000001,52781708.90209704,34630475.82983338,43142688.59818923,56436419.747728005,64113141.62695278,65973884.25544156
臺北市信義區吳興街６００巷７６弄２０號三樓之５,25.0184599985455,121.570499959202,14800000.000000004,20340998.68032816,15072529.449169276,16287081.422743531,21960816.76468752,23301919.8025687,28019339.01984952
臺北市內湖區文湖街２１巷８２弄２３號六樓,25.0890600146209,121.560800001752,19540000.00000003,22213744.83792822,18709026.854805145,18787002.850379586,19945840.956380084,21586052.199853886,46147274.14195025
臺北市士林區中山北路七段３８巷１２弄４之４號,25.11960501,121.531795,15000000.00000001,14344472.537373655,8762038.324184211,11991454.756851308,15348382.979984349,17250976.062188487,19538223.328909833
臺北市文山區景興路２６２號六樓之７,24.9901100131637,121.542700036216,8349999.999999995,10741197.311265895,8051425.35963201,8937442.911520805,9027851.829880212,12202882.45824192,13895092.666201225
臺北市大安區新生南路一段１５１巷１０之１號四樓,25.0352899800219,121.53381002207,27999999.99999999,14612011.708327044,9509609.387556508,14903994.63549422,16069691.630598169,18383550.186851386,18889795.222240075
臺北市萬華區環河南路三段４７號,25.02635902,121.490138,6999999.999999995,9414437.140105989,6349535.6932713445,7883986.412716058,10275016.340070607,12936945.071437396,16338842.643106662
臺北市大安區羅斯福路二段８５號十一樓之２,25.0257699820333,121.523600025812,30380000.0,19867762.20231469,17219002.1022443,17956272.9691701,22635117.63472153,28326813.78700594,30563778.192864276
臺北市北投區奇岩路８號,25.13388761,121.5072858,20999999.99999998,32362377.448090423,22493143.788354103,24695046.378937446,28705911.195065405,38062829.58130603,44458720.54601182
臺北市北投區大屯路光華１巷１６號四樓,25.1430600067336,121.499570031417,12000000.000000007,17425214.74660697,12674777.642652553,15116679.240298714,18359439.669641323,21023166.49507728,24213018.832043525
臺北市中山區民權東路一段３６號十樓之６,25.0625299918757,121.523979977483,10350000.000000004,10495307.975594707,8098046.7101909155,9015810.41549579,9899602.733980825,12036959.724236771,13490938.159985486
臺北市文山區景豐街５０號四樓之５,25.00037001,121.54595,15000000.00000001,13987939.18803257,11225042.421967227,14661383.965162065,14948010.79987458,17201353.559348483,19160368.571162343
臺北市北投區公路１８７巷１０號,25.13289,121.50253,15499999.999999987,21764106.576978467,13630122.01257267,17650613.63015756,21844137.588214945,29090886.055136822,35720771.604309164
臺北市內湖區康樂街２０１巷１２號二樓,25.0756000192257,121.621999964873,17999999.999999985,21142780.678772897,17770612.0601812,18494083.291415345,20004710.64950266,24394235.63024623,26893580.275342043
臺北市中山區明水路３９７巷７弄４０號二樓之１,25.0778799807084,121.550109973899,25999999.999999985,22268022.579648826,16609354.005592985,20220225.250386562,21703901.269034334,24160374.383864477,26014589.03907273
臺北市南港區東新街１６８巷１４號三樓,25.0460699876054,121.589789987351,20879999.999999974,16033654.276948698,13158688.60026276,13346961.048273787,17094943.023734324,19207531.69183193,21329624.267340954
臺北市中山區大直街５２巷４號,25.08241099,121.545961,17014249.999999993,9933284.964736719,6414030.912887186,8110441.795536731,10389682.52096423,12488237.446814349,15306588.204467883
臺北市內湖區陽光街９２巷７弄３號四樓,25.075559995638,121.584030027308,17600000.000000015,13404375.11185897,9019374.151439132,12372955.18411338,14319855.459328497,16420290.074839767,18198610.706069667
臺北市信義區祥雲街２３號二樓,25.0191900204025,121.574849999312,22000000.000000007,21496497.788676247,14531142.644173374,17311348.173544697,21662371.535349827,26661417.299634457,30589548.762487113
臺北市中正區三元街８３號五樓,25.02893,121.50985,13259999.999999989,17466466.223588005,13051386.120892005,14544782.563184,16681669.935868284,21183096.263970815,26201440.114051998
臺北市中山區新生北路二段７３號三樓之８,25.05671002,121.52786,4900000.000000004,4491229.874158768,3243070.2162556704,4273724.90602992,4901828.461376154,5485238.265932753,6752500.134592747
臺北市士林區社子街３８號二樓,25.0873900042322,121.507539964052,22799999.999999996,28899041.362039052,23140592.06451792,24943010.747125,28299646.713538356,30053160.957539972,39089924.41869782
臺北市文山區辛亥路六段３１號九樓之２,24.9894299893591,121.552759996407,21099999.999999993,23775867.814455986,15688628.848182047,19738316.81963213,22221645.82315459,25076072.778619297,32558217.413538996
臺北市萬華區和平西路三段８５號十一樓之５,25.03536999,121.50165,15000000.00000001,18295677.531009816,13612852.137745034,15011007.820920285,16959842.236038778,20132542.014124885,23207895.541549765
臺北市南港區松河街２９０號九樓之１,25.0519599928763,121.580369985467,55449999.99999992,41800659.82385883,30257786.7207016,42778561.544102274,48384194.04814301,54588437.50132382,56957420.82692144
臺北市北投區知行路２０２巷２０號,25.1191199920695,121.467249999506,16000000.000000026,17627845.172533877,12814977.683277324,15573551.639405224,18313884.11929517,25357924.52262051,28205505.6883074
臺北市士林區中社路二段９１巷２號,25.10760799,121.566805,9999999.999999996,17136820.564156722,11003908.606275134,13736894.993159173,16886557.13346702,20859173.95105083,24994272.169381894
臺北市中山區松江路１３２巷５之１號二樓,25.0528499833554,121.531929961188,11679999.999999993,10495242.386298567,7014613.967314758,7923387.56954174,10432695.970828306,12915382.89716182,17001192.95887892
臺北市中山區錦州街５０號,25.06016298,121.526107,6400000.000000001,7489688.409719355,5044050.001581831,5814726.136049221,6409741.636193641,7878676.759592703,9992364.56554261
臺北市信義區仁愛路四段４４０號四樓,25.0373300095263,121.558479974772,26499999.999999996,12072611.40972167,7178651.778700017,9983062.376860566,12453134.1562748,14850019.776174854,18101846.464331012
臺北市文山區景興路１５３巷１７號七樓之２,24.9940500105703,121.545890020926,6200000.000000005,6771382.660453545,5136392.182516533,6085148.485573869,6203056.0066750385,7380664.120120879,7528060.255324398
臺北市內湖區文德路６６巷２６號,25.07683601,121.581487,24999999.999999963,25197747.673392564,15380184.59543915,22811150.028613575,24994468.364150405,30130595.489556048,36367720.361452505
臺北市南港區研究院路二段１６７號三樓之１,25.037510010897,121.617380027481,14000000.000000007,17840663.179316536,12888409.233180864,14494334.879019225,18239518.108865518,21637505.63034182,26571989.580637954
臺北市士林區仰德大道一段９１巷７弄７號,25.10779298,121.538663,11500000.000000019,12966315.142608156,4462597.647991165,7913657.677319943,11557646.206938542,15077169.628048833,17825984.950565178
臺北市信義區虎林街２３５號,25.03752501,121.577268,27999999.99999999,26414803.309257567,16960183.565920055,22741970.40640483,26443381.817466505,32548266.74955184,36772129.82746776
臺北市士林區中社路一段１１巷５２號,25.1099400059832,121.562070027721,19749999.999999993,21763619.853131253,13800399.141898619,18100225.4812461,21548395.059858367,28114375.333031703,34317171.305017166
臺北市大安區忠孝東路四段１４８號十二樓,25.0413000141463,121.549909981689,22999999.99999997,14263258.650828686,10123296.040198209,13790262.982797224,15501296.63434317,18207622.0023204,23445945.04710138
臺北市大同區華亭街３６號六樓,25.0534999999467,121.513060034026,8170000.000000004,9859031.574420482,7837455.057922559,8198371.039593846,9817276.189673238,12797197.113396531,15452084.910655832
臺北市士林區中山北路六段７５４巷２６之２號,25.1143500186104,121.529240040821,16600000.000000017,14939448.34210236,8141438.646048903,11848025.365606695,15383541.607768077,18418192.900698368,20541874.119441
臺北市中正區汀州路三段２９號七樓,25.0119299930576,121.535799969703,39999999.999999985,33420894.87096715,25590492.768194005,30698332.067898568,35500437.90778522,39740481.20783126,42296790.76034211
臺北市內湖區內湖路二段２６５號,25.082162,121.590342,24519999.999999978,22080179.641249433,16610454.46250885,17966061.386114255,22182173.260027297,25201759.737048663,26228874.040743012
臺北市文山區萬壽路７５之９號二樓,24.9856199952707,121.587749999756,20000000.000000015,29629475.03215467,18823512.845834058,25395296.87635226,31396754.169079304,37216946.4472301,39316774.01901119
臺北市大安區四維路１２２號,25.03183601,121.547936,14059999.999999994,6904125.655505834,4488829.068940438,5624181.737528,7523796.40888023,9436466.338929417,11766297.840071063
臺北市內湖區民權東路六段１９０巷６３弄２號,25.06583699,121.594488,86000000.00000013,59635904.09990813,44537814.12084478,63256503.45273104,72884603.89936899,75598876.59948336,84810533.72457491
臺北市北投區明德路２６７巷１０號七樓,25.1146000088726,121.521770004892,22180000.0,19202667.157218177,15324214.924737224,18331038.20287142,22488876.4018193,22572467.183373153,25289412.40788538
臺北市萬華區中華路二段６６６之８號五樓之２,25.02415999,121.51118,19000000.000000015,21139966.618168816,14129015.82202582,17615835.135473322,22045415.822939467,27286195.528548233,28256841.77221799
臺北市北投區泉源路２８號五樓之７,25.1395000029074,121.506389966936,5450000.0,8532366.973670384,5767650.02247276,6784574.508745853,8276487.899742101,10153599.239059001,12858336.531204961
臺北市文山區景興路１５３巷１７號,24.99396598,121.545835,13379999.999999983,11920482.227128828,8466174.440189352,12821000.633243132,13428170.655015688,14992560.2170868,17282656.7374204
臺北市萬華區漢口街二段５５號,25.04591501,121.506177,5549999.999999995,5890757.515439877,4352089.722284036,4971784.260144041,5848425.505233776,6805472.539401434,8957537.724861264
臺北市北投區泉源路３４之１號九樓之１,25.1403700025475,121.506830016853,11000000.000000013,13299280.637012344,11127363.352199256,12052084.044047054,14502821.131094426,17848284.201283257,19718569.430535015
臺北市大安區安東街４０巷４５號,25.04420698,121.540541,28999999.999999948,18311548.057047363,11876577.58862301,14685975.830854237,17754226.96527739,22872440.43354291,27739277.529746704
臺北市中山區建國北路二段１１０號五樓,25.05849,121.53654,22999999.99999997,19987592.2753672,13415119.189437494,15195474.729322083,18181600.18498257,22800297.694451105,25099650.52459717
臺北市文山區保儀路２６巷１號十一樓之２,24.9883799883483,121.56791003494,20999999.99999998,29538320.5840654,21606967.42506434,23552821.67830792,29612791.115180485,32889116.789357446,41329719.54596413
臺北市士林區中山北路七段１１４巷６０弄３號,25.12271499,121.535597,18980000.00000003,21525382.70823492,14684020.72732611,21094130.931670453,23700049.503807392,32191577.75645592,35876633.69026348
臺北市大安區忠孝東路四段１８１巷７弄１３號四樓,25.0421900046254,121.551510003187,41599999.99999996,46199868.2107573,27633050.51780823,35310960.22797229,43052793.88328895,51035833.19352904,52382221.1242756
臺北市大安區光復南路４５８號五樓,25.035260014718,121.55735998487,13000000.000000013,24298100.881195385,16962568.57151497,21789704.799366683,26007250.292480506,31132479.861584224,34177313.57374726
臺北市北投區中和街４９３巷９弄１５號,25.143821,121.495197,2499999.9999999995,3181681.518432204,1938653.3101968446,2554479.4779472416,2933425.319142486,4282003.197109515,5422006.540172843
臺北市萬華區寶興街６８巷１８號,25.02610702,121.493614,3600000.0000000014,9281625.484772466,6189229.098722464,8784765.845246859,11256509.45201545,13476351.470385045,16082606.58225407
臺北市士林區中山北路七段２０５之５號六樓,25.1256699883964,121.532709981097,26680000.000000004,32149566.975531675,23851110.604272082,28829988.224070765,35604066.27912849,38951768.22496798,44273556.175900266
臺北市內湖區康寧路三段１８９巷８３弄１號二樓,25.07260998,121.61202,20999999.99999998,21148435.83248476,16299429.752230244,19632091.936764233,20818321.727057938,25227203.741005763,28041349.632641084
臺北市信義區松德路２８９號,25.03222099,121.57474,21500000.000000007,14668073.00376713,8823841.48874406,12655734.97583169,15782216.619855637,18126819.235281877,21322416.92433413
臺北市信義區信義路五段１２７號五樓之１４,25.03352999,121.57409,25999999.999999985,17350069.026595794,12100752.968519084,15525076.244629884,18751405.898424406,20316042.937397014,26402237.25297807
臺北市中山區德惠街１８號三樓之５,25.06661998,121.53228,52599999.99999993,49270366.065793134,33105357.590722375,43939142.22308264,49553748.7716012,55193760.559718244,65247488.36682104
臺北市中山區基湖路１５１巷３５號,25.07748498,121.564793,11000000.000000013,8809845.20830829,7519820.403645124,8356731.165826068,9688352.973091763,11026542.10811202,12961378.059037615
臺北市文山區羅斯福路六段１４２巷２０弄２３號,24.99700991,121.5395575,26999999.999999993,25167327.97503822,18222152.41569079,20237569.314798955,23398315.624904227,27160533.34899718,30402049.278490443
臺北市文山區福興路９６號,25.00577801,121.549983,7100000.000000005,7516358.7462832555,5309005.56845629,6515613.903050136,7178513.233501194,8397610.742376294,9778263.054227531
臺北市萬華區青年路１６８巷４９弄２１號二樓之２,25.0194400106647,121.501710015117,5699999.999999996,5917819.2728726305,3882063.9652760676,4739884.7853807695,5855759.744798243,6675663.554309614,8814574.354829248
臺北市中山區民生東路一段２９號十樓之４,25.05832001,121.52508,17499999.999999985,21671035.68619598,15376202.387377836,17622043.82857172,20143294.722180717,25308623.94646124,26141847.707683545
臺北市士林區德行東路３１０號五樓,25.11007998,121.53675,17180000.000000007,16941281.18358964,11385944.352685576,16586524.757347994,16726895.98188369,21814237.232326318,25847426.024620295
臺北市大同區延平北路一段８３號九樓之１,25.0516299973482,121.511999974731,19249999.99999997,19931379.226188812,12183123.805204617,17646410.42517689,19300807.567327242,23950902.161339425,25937121.89346372
臺北市大安區基隆路二段１８８號十二樓之１,25.0249400059809,121.552920006939,12600000.000000015,10118383.075209592,8207203.991672405,8329496.083942275,9574694.441960653,12775121.983171863,15802133.430640072
臺北市北投區吉利街２５９巷１８號四樓,25.1181600126988,121.510939999256,14800000.000000004,13897833.489141101,9115243.938958049,12958502.188352933,14525673.177747965,16773915.868677668,19140427.675199825
臺北市文山區景華街１２８巷２４號二樓,24.9947100016264,121.54757000578,12499999.999999985,16303492.60807272,11308661.103908531,12601999.371730376,16468441.72340798,18770407.900462992,22225913.451276634
臺北市內湖區成功路二段１９３巷８號三樓之１,25.0664899801214,121.591050038855,22500000.000000007,20715211.814276427,13396947.220922204,18432877.09619856,20747269.009396143,22998871.11091817,27414093.5104171
臺北市士林區德行東路１９０巷３１弄１３號,25.10764412,121.5322501,17880000.00000003,16099327.864722699,10290278.551153338,13290692.813021,16630029.225641416,19065194.23384854,22052414.97156696
臺北市信義區虎林街２３２巷６６弄２號三樓,25.0358200096692,121.575660026435,16700000.000000022,10386578.161932861,6728066.420546485,8607175.887411516,11834382.74799614,14329377.541879836,15846133.619743638
臺北市北投區懷德街９８巷３１號二樓,25.1148600155091,121.521489965507,25780000.0,21971372.18527212,15625417.248098543,19066945.76778504,22333579.477858774,26282141.813140992,29491313.199870344
臺北市中正區杭州南路一段１４巷９號,25.03974999,121.52493,45279999.99999996,26519313.68096688,17486076.440072514,23916797.2845113,25913773.73471171,31666614.865393642,37236233.434545316
臺北市北投區溫泉路７３巷６號十二樓之５,25.1355799963398,121.506140018583,8299999.999999997,13004431.178828511,9200889.531244088,10823658.845678702,11802001.169588432,14672334.610277647,16750142.48283813
臺北市萬華區康定路１０５號,25.0392682,121.5020232,11384999.999999996,12391722.763534611,11256236.459893484,11277873.769254139,11367846.462685538,12466930.302861914,18204259.847431455
臺北市士林區至誠路二段９２巷３弄１４號,25.10191899,121.527199,17649999.999999978,20911193.249625683,13904480.427860856,17812171.259785194,21735176.557196885,26321283.970372923,29910410.9641392
臺北市士林區芝玉路一段２２２號,25.10849798,121.533873,41160000.00000001,40274904.90612811,30281200.35909903,38412475.71412895,42622864.262445465,49933241.04031345,56640691.05943954
臺北市松山區民權東路三段１０３巷３號十二樓,25.0639399956278,121.545260037084,18306337.000000004,21154036.303395286,13373284.613040892,16067502.73233318,19240929.388086013,23395448.618231967,26307975.647038683
臺北市大安區仁愛路四段１２２巷６３號十樓之３,25.0335099990636,121.550290017179,37899999.99999993,25227911.370496254,18778387.12799218,23626300.962739933,26518394.759274665,30420730.637755934,34167482.49796789
臺北市松山區八德路四段４４５號十一樓之１５,25.05002,121.57026,11399999.999999981,12595389.912563471,9612046.987678748,11660930.377733799,13524853.91678042,14749133.28235601,17492985.852667376
臺北市北投區西安街一段１８９號三樓,25.1102899923503,121.518080039657,15199999.99999998,14398412.005098179,11103061.301533485,12806439.152834173,14831326.764146198,16501586.69518377,18410650.539248705
臺北市北投區實踐街７１號,25.1153099979811,121.51018998656,16600000.000000017,19624486.31750736,13174734.135085508,15975487.766007783,18503403.331087932,25486060.130895015,29526510.902603395
臺北市北投區中和街４９３巷１６弄６號,25.14416998,121.49431,15000000.00000001,13525092.64499831,8600969.494829075,12116667.317570105,14957503.82936854,18526865.893731527,20206377.729241204
臺北市萬華區寶興街８０巷２８號,25.02564098,121.493612,9500000.000000015,10005846.978645066,7204102.402547228,8635591.14812405,10461739.512180822,13506154.920624264,17172739.216368757
臺北市文山區汀州路四段２８９號,25.00148295,121.5355503,9999999.999999996,26053523.55346653,10348443.512264859,14658514.8779538,17346361.256540243,34640625.81431183,36274472.706025474
臺北市中山區新生北路二段７６巷２６號,25.05738099,121.526696,7949999.999999994,7503117.897859506,5601715.354397135,6277307.608042327,7516779.778739685,8989517.723480511,10410050.43423065
臺北市信義區和平東路三段３９１巷２０弄２３號二樓,25.0209000124693,121.558820028584,6365905.999999994,4918029.277022322,2797862.0039503863,4731109.647466052,5377933.332152774,6468736.850817488,8286288.640096913
臺北市內湖區成功路四段３２３巷３弄３號三樓,25.0840700162035,121.598689975961,13200000.000000019,13348261.818857905,8530050.264372004,9882068.761813687,13039390.78027013,16215426.509177081,18568452.58217237
臺北市文山區恆光街２２巷５號,24.98231899,121.566777,14179999.99999999,16110901.11030094,10616890.889804594,11977206.825296495,16486339.068412725,19763589.083107416,22599694.350482024
臺北市文山區萬隆街４７之９號五樓,25.0006699957888,121.537030013994,3799999.9999999995,7608110.852352272,4961262.550205219,6471874.673015213,9036584.690516243,10063146.695290461,11931831.938739104
臺北市萬華區梧州街６０巷６號二樓,25.0357299880291,121.497110026654,2800000.000000002,4070578.632109015,2576322.3644735985,3242262.559609803,4513351.534595187,5156305.407981044,6234153.296167051
臺北市北投區承德路七段３９０號,25.11973799,121.501939,42660000.00000006,89918758.34486735,35428186.730040036,64837875.61256586,70100924.6153862,125696192.68467519,157692759.71919507
臺北市內湖區康寧路三段１８９巷７３弄３號,25.07229499,121.612291,16899999.999999985,19708082.01563317,13038751.7190912,15385126.023100352,19327398.55833266,23996886.6334823,28341500.517587576
臺北市文山區景明街８號,25.0018300092788,121.541579962495,22999999.99999997,23111436.233388305,10675175.192244418,16345991.92237087,23030165.049270995,28549483.4926384,34081501.61317263
臺北市中正區思源街１２之９號,25.01471798,121.531564,42180000.00000003,29411301.655691005,21025394.9411449,24612815.5321164,30367042.19632181,34917673.88024379,41555495.42182754
臺北市北投區榮華一路１之５號,25.113398,121.5247182,30000000.00000005,33719029.017092176,23534004.512387425,29538079.19836758,36200453.84256053,42830556.8114458,50997889.86950111
臺北市萬華區環河南路二段２５號十一樓,25.0391299813237,121.497649988857,21200000.000000004,26755967.910296895,18571791.89978317,22302655.840149544,25010702.681684338,31259638.20754163,33473307.75622781
臺北市北投區崇仁路一段１７６號三樓之３,25.12391326224,121.502074297912,9549999.999999983,11662924.633633066,8845906.975784834,9555835.852612045,12012187.49987574,14289201.3099447,17872655.671186246
臺北市北投區溫泉路１７６號,25.14122999,121.51486,15399999.999999993,5296113.121242871,2528760.343671667,4693372.115438462,6782580.612186325,7758990.027584051,9167623.944001045
臺北市信義區松隆路１２３巷２９號四樓,25.0485599995817,121.571750036241,22000000.000000007,21301574.879246525,14383619.78878267,19383960.11082272,21622064.87292172,25924344.29207493,29251685.163948722
臺北市大同區民權西路１６０巷２６弄１號十八樓之２,25.0616125506636,121.515490031576,34900000.00000001,43548273.689508595,33604954.247445405,35105350.78443649,38927091.46694661,60040276.04735016,60603972.62136427
臺北市松山區南京東路五段４１５號十樓之２,25.0514873008371,121.570033216771,26999999.999999993,23170914.963782355,18680361.754395343,20577107.06457873,22664363.13932737,26230504.555801757,28556414.317464508
臺北市中山區建國北路一段１５６號十二樓之１,25.0516299973482,121.536410004616,25399999.999999978,25556101.997116297,18656530.703465685,23053657.69408481,26675952.1661664,29958960.73769863,32787075.449507546
臺北市北投區泉源路３９之５６號,25.14144133,121.5071504,5800000.0,10628755.226793874,5932727.372918272,7992480.697575209,11438464.379248459,14100590.107437138,16678550.86591566
臺北市南港區經貿二路２５５巷５８號二樓之１,25.0625999807672,121.615009960539,24500000.000000007,21461186.84371578,17526959.53706511,18679463.30232803,22726947.443971757,24561048.836153854,29352435.423553076
臺北市大安區光復南路６８８號,25.03001701,121.557229,13980000.000000022,11924105.28101169,8252713.94828299,10186751.605754573,10698789.384125669,14045735.871807093,16333696.133128509
臺北市松山區光復南路５７巷１９號七樓,25.04593998,121.55879,27079999.999999974,22722393.604067214,16386212.35624627,18872766.51943416,21942781.05837129,26159504.330677945,28657612.075884294
臺北市松山區三民路６２巷３號三樓之２,25.0547199859539,121.564500025271,29499999.999999966,23935795.275309708,16467518.644910207,20563163.465791672,24515533.217702202,29540199.05400212,32542240.759602014
臺北市北投區奇岩路２２９號,25.12822609,121.5096612,43000000.000000015,48410759.599837616,34675674.11776061,43819506.86381818,52426127.52527369,54283051.34304561,66230481.18163855
臺北市士林區延平北路八段２巷５５弄２０號二樓,25.10557002,121.48634,7800000.000000004,9295716.282955652,6281960.455908079,7762170.921447262,7792178.882356581,15126130.839764219,16706325.927036386
臺北市南港區中坡北路４０巷２１號四樓,25.0460999948187,121.581519982583,5599999.999999999,6229086.710486677,4058228.444771817,4645518.464476885,5597412.677817655,7382992.687155191,9242775.844746066
臺北市萬華區青年路１６８巷４９弄５１號,25.01945879,121.5015932,4599999.999999998,6129125.208788497,4252723.740044891,4857303.962976094,6045832.314343829,7407134.747162133,9473095.496017238
臺北市中正區廈門街９９巷１８號,25.02373402,121.519441,26999999.999999993,26594337.05081988,16982594.3368682,24492399.126325186,28632014.79507594,32601226.571610507,36932250.03971825
臺北市北投區大屯路２１巷１０號二樓,25.1433799858873,121.500190040795,8650000.0,13480609.17600772,9626592.891546752,11924039.782442644,14026929.821012078,17775317.24703051,20222615.472298864
臺北市松山區三民路３５巷２號二樓之２,25.0557699869647,121.563399984298,51250000.00000005,43753092.6433821,32219492.96334519,38021858.237541065,46009189.04494667,54404289.894890904,61879148.93206495
臺北市士林區中山北路六段２３６巷７號六樓,25.1084399805909,121.526179975609,26799999.99999998,20028729.905296847,16956913.921149842,21477932.221022077,22304621.52157389,24516532.860081397,28353581.4553203
臺北市內湖區環山路二段１０９巷８弄５號二樓,25.0836100173572,121.576060010854,16299999.99999999,14388640.435629047,9076877.797254669,12872105.759367572,15653813.615443194,17281285.428786192,18200216.0836177
臺北市信義區信義路五段１２７號,25.033964,121.573943,17570000.000000004,12567190.30259296,9733003.324162351,11525868.103114164,14174832.535626974,15304244.86643714,17633092.731854394
臺北市萬華區和平西路三段３８２巷２弄１１號,25.034862,121.491087,3299999.999999998,7813632.004533137,4979990.894609034,6420742.916988209,8743802.971228711,10128837.374452217,11779272.612076987
臺北市中正區仁愛路二段６３號十七樓,25.0324700000001,121.51856,86499999.99999991,58220217.405094415,42704486.51918106,54491866.56879873,75005096.05875403,75917504.35555449,86153397.5085865
臺北市士林區延平北路五段１６３巷１８弄１號,25.082888,121.509418,11379999.999999994,15468614.815653536,9221084.423406715,12163221.993989574,19040527.341402184,21602493.148634546,27569720.973713655
臺北市大安區忠孝東路四段２３３號,25.04165511,121.5536086,14850000.000000017,8474037.894460203,6790946.586008856,8388136.18045906,9283201.376461709,10819478.963234602,13275268.140203018
臺北市士林區中正路６８３號七樓,25.0854899944204,121.507060016276,15000000.00000001,22125362.454549138,15357492.283090841,18370231.3392354,22197941.438339844,26184326.074720807,27204473.958588496
臺北市士林區中山北路六段４０５巷１４號,25.11384472,121.5259961,21500000.000000007,19897435.618153386,13358342.524288148,20136042.152929347,22668069.565227367,24839296.85546893,29998351.750797212
臺北市中正區辛亥路一段７巷１號二樓,25.0191300059758,121.527730040964,16749999.999999985,19478226.195301052,13679985.240288764,17146583.290460836,19314128.708255574,22978496.8437185,27244779.312419925
臺北市中山區雙城街３巷２號十樓,25.0632399809841,121.524599986861,8000000.000000002,11737508.736071734,7864261.350341959,9328673.638127178,11833678.418275408,14656686.86653968,17789947.180440005
臺北市文山區汀州路四段２３７號六樓,25.0020058422152,121.536413955969,8199999.999999994,13750643.873132985,8382772.10456033,10439612.117446782,13275546.162115037,18748229.897885855,20913551.114869438
臺北市南港區福德街３３９巷９弄６號,25.03796498,121.589974,12000000.000000007,8911565.331394976,5717333.009193422,7457084.160727404,9749953.16561131,11049193.55192418,13403068.811347093
臺北市信義區莊敬路４２３巷２弄１９號,25.0274899904744,121.567399996131,24000000.0,17649050.904885247,10910957.688590767,14539659.181694115,18067747.685432166,21944845.59461154,26386846.444888677
臺北市北投區尊賢街２４９巷２號,25.11774201,121.506711,12429999.999999985,19534090.00880531,15314411.673935283,16844656.70351238,21870450.20759329,27192275.58586145,31728292.915487155
臺北市文山區景興路１７７巷１弄２０號,24.9930300167729,121.545130033766,17999999.999999985,14104159.130048152,7437378.731359709,11131378.560858313,14232486.390092636,18328720.365749452,20916599.120134782
臺北市內湖區內湖路二段１０３巷１１９弄５６號,25.08436301,121.581823,20999999.99999998,29921903.5294784,22557004.5563897,28847219.961949807,29242449.675785664,33526247.81982388,38897226.315549895
臺北市信義區光復南路５６７號,25.03075399,121.557622,23559999.999999963,26557413.67427572,18115827.911647104,23728852.150988147,24519594.277865,32084578.607256837,35236324.93817661
臺北市信義區信義路五段１１５號,25.03334999,121.5739149,20000000.000000015,17522581.70741546,11265238.252901582,13634526.357265593,17649392.87653115,20171572.65394818,26516645.74637209
臺北市內湖區成功路四段６１巷３５弄２號,25.08022201,121.593403,17999999.999999985,14876905.400381964,9884556.747168923,13125040.505697418,18475844.97913554,19521723.460788086,22408616.66489513
臺北市大安區延吉街６８之１５號,25.0431900075838,121.553940000736,16799999.999999978,12321537.519239098,7475533.331737641,10353097.15598135,13469059.924998032,16644875.06075344,18998688.773457773
臺北市文山區萬寧街１５５號,25.00351159,121.570719,6800000.0,25764379.256326072,14191839.27126168,20387293.708438925,26189409.897847954,33406361.26615616,39197896.145335965
臺北市北投區義方街１號,25.14070398,121.5026,38880000.00000005,51071949.48333652,38317841.00093226,42129083.26654857,48128108.692693934,60848987.87835061,70935511.11151566
臺北市北投區中和街新建巷１０號,25.1402500156035,121.500920020743,7700000.0000000065,11589933.927547105,5495538.767274225,7807499.522280125,8410774.099015618,14433776.574183078,16771493.060670048
臺北市中山區錦州街４３５號,25.06027082,121.5427362,17999999.999999985,14953129.047722364,9975906.662469443,12452000.719488548,17476642.92402239,19925554.73521787,23685478.74652089
臺北市中山區中山北路一段１３５巷２６號二樓之１,25.0513399834984,121.524019959161,10750000.000000006,13327679.460849132,10734986.063648904,11669150.583759408,12788996.323973987,15003404.90653216,15445297.60407754
臺北市中山區新生北路二段３１之１號十二樓之５,25.0540700112721,121.527830037069,16299999.99999999,17804878.969521612,13537995.842052974,16875275.754593264,18275561.71411779,20167431.752181824,23982531.239529934
臺北市文山區指南路三段５７號五樓之６,24.9836800037807,121.579839997729,7199999.9999999935,12801206.533866113,8628179.108361484,9723755.937435243,9915334.459661892,14945566.374150017,17901791.401614483
臺北市大安區通化街３９巷５０弄７３號,25.02908301,121.555117,17999999.999999985,14253819.522957828,9350161.382892529,11780427.501097895,14707792.87013181,17204790.152516674,19370623.55262253
臺北市文山區羅斯福路五段１９２巷５弄４號四樓,25.003399981653,121.537859990046,16679999.999999998,14762760.185444226,10015603.993367052,14998703.282755878,16022759.200580312,17673259.017696995,19753553.121647563
臺北市大安區光復南路４２０巷２６之１號,25.0365900132044,121.556139998863,26560000.000000022,22726679.588647865,12468112.117866315,21717247.201510966,26130164.299897958,28375435.34690758,32862805.140463464
臺北市中山區民生東路二段１４７巷５弄８號六樓,25.05909999,121.53557,78779999.99999987,80911400.79487638,46295804.43149858,74849478.1307232,78143972.45610456,100691934.15609269,129997305.5726183
臺北市士林區天母北路４巷５之１號二樓,25.1194100059194,121.525270036201,11250000.000000019,9141905.790858183,7012766.330547826,8786057.865385436,9348456.98415282,10617116.442751741,11890851.87476427
臺北市文山區景興路２６２號十五樓之１,24.9901100131637,121.542700036216,6099999.999999996,7864263.204320925,6098186.00781187,6493624.244151882,6581488.541188952,10974984.534432447,12827502.193465846
臺北市中山區中山北路三段２５號四樓之２,25.065020003852,121.522460003161,18400000.00000003,18889186.50054942,11773924.634686977,18537694.799894504,21885838.132293694,23904529.13003026,26585107.1731498
臺北市大安區和平東路三段１巷１０弄５號四樓,25.0253000087223,121.546090013136,63980000.00000003,45084145.574739255,28559241.224350728,41237641.92347257,48799228.24258861,55414643.08692825,62130884.32739393
臺北市中山區農安街２巷２０號,25.06403899,121.52297,2680000.0000000014,2317640.3812821507,1522873.9527934925,1962676.0041997535,2350863.756912792,2704634.4812963605,5050158.339286893
臺北市大安區光復南路６４６號十三樓,25.0314599950944,121.557259988765,28600000.000000026,19992731.70942325,15784353.451677501,20627026.768206887,22883100.159470137,25000902.33464246,28992386.346683234
臺北市北投區明德路１２２號四樓,25.110020011249,121.52036000114,16600000.000000017,15146649.521751763,10373745.37348118,12794873.801987803,15330377.82657164,18070056.634592667,21250956.66250185
臺北市松山區八德路二段３８３號十二樓之３,25.0479800137915,121.545149982695,8499999.999999998,5953550.391403336,3194778.5321200714,5369016.206924934,8312749.986961518,8321459.025307952,11101641.945788568
臺北市士林區中山北路七段１９０巷１２弄６號,25.12487798,121.533783,30000000.00000005,36240127.58652271,24220248.216509365,30330354.544226103,34385766.10931692,45071432.66897878,53504707.608268246
臺北市士林區延平北路八段１８７巷１弄１５號,25.105668,121.481656,50000.000000000015,8777336.45289446,7397358.1548772445,7572218.5978052765,10387836.004767649,13929042.09826747,17041601.203803048
臺北市松山區新東街２０巷４２號,25.05842001,121.568467,16099999.99999999,11107288.8537344,7193558.0847308645,9718009.147869397,11766091.337934092,14438369.350691665,17349768.04474117
臺北市松山區南京東路五段４１５號十樓之１,25.0514873008371,121.570033216771,19000000.000000015,19981119.392013714,15648510.113172816,18752998.23673,19837566.724004205,23013051.16405785,26621871.129967608
臺北市松山區南京東路五段２９１巷４７弄４１號三樓,25.0536999921565,121.567300000026,20879999.999999974,15578285.046695936,10453954.670723695,13547325.719422331,17718064.543273117,18970685.640782814,22148622.907089505
臺北市北投區永興路二段１８號二樓,25.13289,121.50253,10499999.999999994,14893620.480233852,10786663.942822678,12685312.536889121,14595089.740846358,17615987.00366141,20638354.53973177
臺北市萬華區大理街１６０巷２２弄１８號五樓,25.0327200046893,121.494810032423,6999999.999999995,8375213.193212477,5520462.787115923,6819327.9200394545,8554658.836073888,9363036.164098298,11277926.944490433
臺北市萬華區漢中街１６０號五樓之２,25.0411799852928,121.506579984681,33680000.00000004,30581570.157456953,21271600.484066382,23153704.314360082,33808391.163997605,38528069.261837795,39816523.885552414
臺北市中山區松江路１５０巷２６之１號,25.05399529,121.530903,21400000.00000002,13519412.426354207,9311024.200534867,10596345.635364626,13683949.185575237,16007075.690938218,18747627.470142152
臺北市文山區景興路１９５號十六樓之１２,24.99208001,121.5441,11679999.999999993,10874309.364711005,7564083.456887937,10602413.607774265,12959217.49372197,13957973.384340819,16697114.910857208
臺北市內湖區民權東路六段１３３號十樓,25.06714,121.57905,66879999.999999985,57023560.94942871,49911693.44549069,55046423.971679255,65182325.45411092,70270160.08749916,84326601.13355601
臺北市文山區景興路９６巷１９號二樓,24.9946199799863,121.543469997842,19000000.000000015,18621294.684749108,12786094.967125075,17107365.763228614,19242078.60268875,25221443.49024468,29029324.361604217
臺北市北投區吉利街３５９號八樓,25.1178699988489,121.512250006903,22500000.000000007,20780666.04181644,13219861.447850045,18595722.111978553,22606290.67503107,25436559.932293955,27044837.922785055
臺北市南港區松河街７５８號,25.06113788,121.6114816,25099999.99999997,20597477.319508135,16555720.083006086,19377290.858138435,22216486.24787294,23738661.38432324,26118636.44577055
臺北市北投區溫泉路８９號,25.13570602,121.507004,20800000.000000004,31783110.070821356,21908459.545216173,27645313.91743814,32828226.0960369,38240070.28107659,45463435.40723851
臺北市內湖區文湖街２１巷８２弄２３號七樓,25.08906001,121.5608,22549999.999999963,21759579.183991633,16583919.64613889,18431183.458271097,21153589.204699077,22404394.00744891,45010189.612327516
臺北市大安區復興南路一段８２號,25.04369401,121.54359,33999999.99999994,35567024.14107526,26740287.5187116,33918832.388665065,35740933.585757926,42785472.2947644,49184295.529981524
臺北市北投區新民路５７號三樓,25.1404899894914,121.511130017001,13179999.999999989,19103150.198391467,14597046.869693562,16928091.878250394,21767832.865814447,22715063.96947597,25200351.280502953
臺北市中正區仁愛路一段２３巷１９號,25.03988201,121.52341,66060000.0,46266824.21309944,31879013.42921448,36702618.603904076,46670951.58328092,53206092.68827104,65888170.419473976
臺北市士林區德行西路１０６號四樓,25.103900006555,121.520880014413,22079999.999999966,15870972.47636203,10750148.14263298,13532405.553895935,15692022.60423893,19097905.701678988,23083907.481650688
臺北市松山區民權東路三段１０３巷１２號三樓,25.0630399887744,121.544919983272,17199999.99999998,15808297.093502516,11358109.171792153,14688543.958798528,16807130.265299544,19418232.71935123,21166391.192159723
臺北市大安區辛亥路一段８９號八樓之２,25.0217099976827,121.53099998903,41500000.00000007,40958218.750125356,29399134.004378792,36578901.74485662,42705146.42977829,54109588.64231817,55734063.78730488
臺北市中正區延平南路１８５號四樓之１,25.03415,121.50755,28999999.999999948,34819976.1184074,23430781.092769597,27751077.83306317,34268284.273106754,43301978.21870721,48142603.34563601
臺北市信義區永吉路２１６號,25.04537701,121.57313,57500000.00000004,46669168.339073226,34084608.31850408,40231028.5386702,52182664.1471447,57096524.74813727,59341764.86270808
臺北市內湖區星雲街２１０巷１１號十一樓之１,25.0812899903773,121.597439982741,22999999.99999997,19333335.84032438,12735524.249977011,18321007.41292777,21312045.76585732,24630307.38789101,26443444.703762036
臺北市信義區光復南路４２１巷１２６號五樓,25.0360099855047,121.560449973475,4139999.9999999977,4050825.5336956237,2345657.499177726,3249543.2307038805,4159101.428678805,5224959.978273183,6155447.822799979
臺北市中正區廈門街１１３巷１號八樓之１,25.0235,121.51768,30650000.00000001,28863124.70101619,19426596.255084135,27444353.864145387,31198400.21039492,35354939.45808717,38428359.74500721
臺北市內湖區內湖路一段２１７巷１號七樓,25.08356999,121.56502,17700000.000000007,23372526.19742288,16685338.154363675,20833564.423331197,24188343.681614935,29278793.62745636,32399986.389835075
臺北市中山區林森北路８５巷８８號三樓之２,25.04905001,121.52788,12699999.999999996,14421376.310529009,8715674.09518745,12608550.188080091,14458849.682612529,18093301.760092832,20767920.24869943
臺北市文山區政大一街２５１號,24.98660349,121.5850991,19799999.99999998,24238831.181787293,18789300.69040161,20316023.524280947,25458725.8244816,28368177.528063443,29984105.541664504
臺北市信義區松山路１１９巷９號四樓,25.0475099985709,121.578920000037,19799999.99999998,15800499.796974832,11213289.76142719,14451237.454207262,16402305.350514628,18790601.945429463,21100876.128789406
臺北市松山區八德路三段１２巷１６弄５號,25.04705302,121.55043,16379999.999999993,12155160.69294427,6839930.415700709,9794670.442654591,11404728.573194358,14355532.491957393,16947246.3212887
臺北市內湖區內湖路三段６０巷１２弄７５號四樓,25.088690302519,121.591256996502,18500000.000000034,19276798.028150257,13364018.835760497,17517158.727255248,20001192.397702787,22626720.206062105,26034560.274473395
臺北市文山區興隆路四段５８巷２８號,24.98543798,121.560037,14200000.000000004,16664973.868872505,11993930.186260086,13860951.64433697,16668213.255934995,20811741.508098297,26180414.959074624
臺北市大同區大龍街９１巷１２號六樓之１６,25.06722,121.51703,11699999.999999993,14013509.509483011,11410908.19733606,11477808.007204667,11723600.415287279,13891734.961494653,26837290.36482697
臺北市信義區忠孝東路四段５５３巷１６號,25.04279799,121.562888,12920000.00000002,9243982.033125065,6998183.028175116,8648470.450566165,9633059.629896428,10910086.290901547,12160459.97029227
臺北市內湖區康寧路三段１８９巷２１弄２３號二樓之１,25.0710600032802,121.612290032959,35879999.99999995,32283502.30965667,23942871.24524229,26397154.03628473,32326964.81125349,36366808.94093404,41542275.47604555
臺北市北投區稻香路１６８號二樓,25.143630018059,121.488929959707,33999999.99999994,53397800.63344462,34876047.426173545,44669934.868741326,53516068.17520045,62440349.959935755,79427578.54591894
臺北市內湖區星雲街１６１巷９號五樓之１,25.0816199859053,121.595940041168,60000000.0000001,47730231.15486914,33285216.018366635,41527951.99987201,51215320.778938785,59383483.700868234,66754927.34819539
臺北市文山區興隆路二段１５３巷２弄１７號,25.001174,121.549147,15799999.999999998,15418706.592597686,10078133.561289193,12885493.927531265,16322292.633107897,19314283.428802364,22783808.885712333
臺北市南港區忠孝東路六段３２２巷３號二樓,25.0491899834244,121.590760025005,18500000.000000034,13924227.161233952,9434376.418643542,13532794.517391104,15502231.801544331,16972741.43127321,18381486.14353047
臺北市北投區尊賢街２４２巷１９號,25.11726801,121.508126,7800000.000000004,8410361.98758126,4297012.282946257,5616880.750227339,8054262.081716519,11008565.246601803,13849513.007024502
臺北市士林區忠誠路一段１７１巷６號,25.10715001,121.530686,23599999.999999993,23533901.457730666,15470723.88498303,20489690.19223215,23613874.19126884,30072371.634098917,31281472.621855136
臺北市士林區重慶北路四段４９巷４０弄１０號,25.08066001,121.51165,13799999.999999985,15046977.989940345,8545509.883889316,12437001.912809446,15927483.679310123,20784291.957539093,26042683.32785813
臺北市士林區劍潭路１２號,25.0839054,121.5240544,22000000.000000007,20773095.89209391,13661681.77138761,16494825.24254598,18765902.24806858,23067362.030718684,29085862.41715943
臺北市文山區木柵路三段１０２巷１４號三樓之３,24.9867199943339,121.567810038835,5800000.0,7560169.574187209,5589394.095143352,6517455.753464237,7752512.754735946,8433169.507546753,9847782.60941618
臺北市北投區中央北路四段３２４號,25.130662,121.472282,11880000.0,13643039.68921976,8621021.475629887,11807733.612705108,14555071.55031918,16944462.697160132,17969198.728564434
臺北市信義區和平東路三段３９１巷２９之１號,25.02029702,121.558714,17779999.999999978,11726193.237973478,7101785.43286449,11138379.20206774,12064295.60490247,14732267.580716277,17597738.75366479
臺北市萬華區昆明街３４號八樓之７,25.0470000016722,121.505880011947,8299999.999999997,9146737.505592618,6523612.790441675,8363249.832935379,9501787.00216577,11696798.733354777,13561268.180717241
臺北市文山區政大二街２６０巷４３號,24.98763002,121.58689,10800000.0,15799675.869280636,10812473.745760145,12247927.109957224,13329161.10534158,16999276.252070352,22709369.788040046
臺北市士林區中山北路七段１５４巷７號四樓之１,25.1243599807491,121.533109965517,16760000.000000017,18156639.592955697,12184205.367016131,15929355.6175859,19012896.92646527,22044852.023313932,26222316.190153528
臺北市中正區杭州南路一段１０５巷２１之４號二樓,25.03715998,121.5268,35199999.999999955,23437097.749512196,15895788.129273271,21378220.0089176,23457267.706783894,26047258.414251752,31506369.71076082
臺北市松山區敦化北路１２０巷２８號三樓,25.0539700151672,121.547309999143,212224999.99999988,196111180.3569722,46173137.57021394,92996412.57686597,210932161.9827669,215921737.26189655,237257091.5045171
臺北市北投區東華街一段２２巷１８弄４號,25.1094800071369,121.520439964496,29499999.999999966,24968145.087568916,15860376.383672416,22133499.79473221,28913443.99486101,32540535.742087282,39087807.93328423
臺北市大安區師大路８０巷１８號七樓之１,25.0233100191799,121.527340031009,30279999.999999985,14652119.642033769,11039368.07114113,12834041.046982553,16728796.852470184,18831450.194855846,22026808.52623404
臺北市北投區中央北路三段４０巷３８弄８號三樓,25.1400099998061,121.48519003833,8000000.000000002,12227106.934365004,8221863.335494548,9388147.194118157,11341484.729934098,15226594.833986169,16644830.355366608
臺北市中山區南京東路一段１０８號十四樓,25.0518700131457,121.526420033316,192170000.0000002,249885121.85897654,52921864.220936544,136343975.326485,192982278.22995943,272193023.75057936,315476622.526759
臺北市信義區信義路五段１５０巷３４２弄１７之３號五樓,25.026780001366,121.570529966415,12499999.999999985,13344802.165959422,8632345.946683537,11009210.12514567,14416286.812576452,16370476.04224221,18432290.415317994
臺北市內湖區文德路７３號三樓之２,25.0786499842436,121.582169999174,51499999.999999985,48634229.74314968,34001320.710501656,43715815.95786211,52884217.59365307,58739136.89562885,66015398.014860675
臺北市士林區承德路四段１９５巷１２號四樓之２,25.088249987498,121.523050005326,46199999.99999993,35443392.54695329,25705781.076893456,29838152.9621103,36419921.296342626,44891465.39555677,50561184.13835277
臺北市松山區健康路３２５巷２５弄１６號十三樓,25.0563500146644,121.566440016761,41539999.99999997,43950590.39156769,31683174.595756043,41580777.2888023,42101975.70020098,47383656.55616909,77153327.90570687
臺北市松山區南京東路五段２５０巷３６弄１９號,25.04977701,121.56718,23500000.00000002,16053223.0469109,10942483.18309199,12505272.206127292,16060478.501179589,19160611.876880687,23883537.990172807
臺北市北投區清江路１７７巷２３號三樓,25.1281700167471,121.502579972848,9549999.999999983,10049151.488605525,6638064.565516509,8220547.1797133945,10047809.928867798,12483389.130800776,14094407.551737195
臺北市南港區成福路７４巷８號五樓之６,25.0439800019581,121.586270007112,37580000.000000045,33044487.89078711,24447845.58663308,24456611.127533615,33408325.469851635,38271574.682002656,47488686.140262395
臺北市內湖區康寧路三段１６５巷２５弄１２號,25.07182301,121.611996,17199999.99999998,14069804.827959377,8465194.485719396,12548807.467035286,15509710.935701936,17221218.57247927,18379215.613410067
臺北市萬華區西園路一段２１２巷５號五樓,25.03579,121.49867,5100000.000000003,11333258.23862981,7369055.1803863095,10312360.154127808,12450144.557840977,15789185.562993264,18395513.9857718
臺北市中山區長安東路一段５６巷１弄２４號七樓,25.0471199886161,121.52964002524,14000000.000000007,13750643.873132985,8668117.659609,10914462.707787968,13487632.486844046,19039986.89529619,21023566.96320874
臺北市士林區明溪街３５巷１號,25.10571498,121.565076,11749999.999999994,17255092.79477064,12044307.231094474,14825425.53266569,17911859.88842103,20755788.12953506,25508732.74149712
臺北市文山區興隆路三段２２１巷２弄８號,24.99373401,121.559704,12099999.999999993,13821044.113868602,9023015.973260008,10863905.046724161,14768545.727596827,16430793.302616464,18942156.16434052
臺北市文山區和興路６巷１弄８號二樓,24.9858199874804,121.545809973751,14499999.99999999,17319114.308426663,12571871.205564827,15569194.58218258,17213855.43378427,20384088.039112072,24573733.520379364
臺北市文山區福興路９５巷１７之２號,25.00465601,121.548696,18550000.00000003,19894622.57708948,11540160.00669041,15493045.394714253,17739828.40139027,24679586.39136207,28679055.366452843
臺北市大安區安和路二段１８１巷２號,25.02720098,121.550184,58499999.99999997,45495947.093499795,34161585.78338348,42209640.83903955,49090093.39095057,58624011.08342085,63231654.833056815
臺北市信義區忠孝東路五段３７２巷２７弄４２號二樓,25.0395800057052,121.574929962668,24659999.999999985,21720708.01351307,14705504.05062913,19923062.06338217,24926780.408553973,28136409.27461337,29398808.68562125
臺北市大安區四維路１７０巷３６號三樓之１２,25.0281900051181,121.546339961489,21200000.000000004,15320753.130429067,11286485.173291452,12332073.102860603,16166105.631287709,17836007.30974072,22236310.468367323
臺北市北投區中央北路四段１８巷４６弄２０號三樓,25.1364,121.47917,23500000.00000002,34685910.797225066,23869539.513589807,28225486.163656123,36136126.6622688,46905254.54870202,49003756.68649346
臺北市北投區天母西路１１７巷４６號四樓,25.120889998563,121.524309973011,28180000.00000004,29957969.533132315,19502395.355991025,30657112.737549342,32423011.386693534,41886158.6966299,45246042.711964644
臺北市士林區中山北路六段２３６巷７號五樓之２,25.1084399805909,121.526179975609,37500000.0,31312601.94312898,21889127.014050346,26388297.74214634,36437746.52976821,36930854.3128304,40909766.819135234
臺北市文山區木新路二段１１１巷４號二樓,24.9840599973612,121.570059993104,9750000.000000004,11035993.323938267,7376622.960938309,9727511.803375235,11940727.61723479,14265087.995433155,15468393.11426107
臺北市內湖區行善路３３３巷８０號五樓,25.0611800025502,121.586030033224,65000000.00000007,77716285.81550078,46106402.42459946,65758304.596353285,71697186.58924475,99663539.52478977,133087673.42334709
臺北市萬華區中華路二段３６４巷１５號,25.02837248,121.503805,33400000.000000004,31534225.400627255,22262696.019978255,25721795.675042983,32218870.152861755,35096515.02059789,42033362.453907795
臺北市松山區八德路三段１６５號,25.048187,121.555411,41469999.99999996,31903791.96802417,22304584.950576298,27359430.317086756,33125826.622528836,36919667.14783391,41425243.7795486
臺北市信義區吳興街６０９號四樓,25.0219299807315,121.569079980985,20899999.99999997,18358086.022484746,12071799.524727449,17307873.224273562,20431971.288176876,25929340.128286712,26883429.94995109
臺北市大安區忠孝東路四段２１６巷１１弄１６號六樓,25.0406800047684,121.553719975778,39000000.000000015,31415147.463050973,19720982.909113053,27624307.36003164,36900270.06587919,39574449.48029963,42134180.12811932
臺北市南港區成福路２０６巷５弄１２號,25.04039401,121.587825,13799999.999999985,12604980.534960972,7493587.2165751,9968767.725362094,14168186.251046184,17846971.380776417,21301625.334019125
臺北市中正區林森南路９７號,25.03803602,121.521563,49800000.000000015,36987879.980531216,25118889.794080295,32050428.717967857,38347658.14258127,45555464.781997055,50930368.990381554
臺北市中山區松江路３３０巷２４號,25.06108789,121.5320641,21400000.00000002,17484464.863030568,11449544.187065678,13358117.50519593,17336340.98378195,21235780.76225602,27144155.239500605
臺北市文山區指南路三段２４巷５號二樓,24.9831899977211,121.579419980561,12850000.000000011,12645127.46723937,9510122.564153304,11375839.82498354,12928174.10531862,15411179.78479518,17761011.24964047
臺北市萬華區西藏路１１９號,25.02955102,121.502718,37500000.0,38080062.20580356,29041093.79152424,32898426.972956583,37527912.261902444,42574137.554482125,51328741.62836876
臺北市中正區臨沂街５７巷３２弄９號四樓,25.0371300173165,121.531350017307,20679999.999999978,12942578.8169418,8606866.517810324,10616790.845622124,13183873.371426348,15940029.675652817,18465916.22102329
臺北市中正區羅斯福路一段１３１號十二樓,25.0301400129824,121.520420015566,36079999.999999985,31170070.2870974,23118613.577125106,31221637.93766195,35882739.45410177,37501229.565014035,43078715.8172221
臺北市北投區光明路２４２號十一樓之２,25.1361099840776,121.507999962898,14700000.000000002,24344624.60969033,15430124.595444698,18150213.54957538,22076816.189418588,26154033.851901,32692341.002764553
臺北市中山區龍江路４２９巷１８號,25.06671801,121.541885,18560000.000000022,16822707.827449225,12923347.352152895,14722750.529026516,17931725.52146569,19811894.17965391,23182731.9971641
臺北市信義區松仁路２４０巷２２號四樓,25.0246853263398,121.568952951626,16649999.999999974,12546730.259647047,8488901.163773902,12993776.623107783,13975457.389725044,15696048.099165194,16926950.60720135
臺北市信義區永吉路２７８巷２弄１０號二樓,25.0451199826994,121.574099986616,16149999.999999981,13842862.795127962,8762827.032247964,11669847.382702293,15783037.985965207,16341883.912501913,18967562.895999372
臺北市內湖區康寧路三段５４之５號七樓,25.0716500054447,121.60917003714,19149999.999999993,15116230.110199824,11995347.449903589,15039752.431054749,15244198.379382808,17908594.36155158,19421274.233544502
臺北市文山區樟新街１５巷６號,24.97910801,121.555545,26499999.999999996,31440861.360252537,23569738.73867023,26497836.193525217,32827099.389032524,37727013.62904769,45230149.5944816
臺北市北投區中央北路一段７０號,25.13434002,121.500362,20999999.99999998,20918378.532424062,14494691.567173885,18320127.204249814,21192774.037281357,24966128.770309642,26162770.698235303
臺北市北投區石牌路一段３９巷１３０號,25.11745311,121.5098795,23580000.000000015,19646469.499531195,15212957.523982318,19041046.143081345,23529829.460699216,24872496.27099575,30005151.87944312
臺北市大安區敦化南路二段４６號九樓之３,25.0313700153638,121.548420014581,14499999.99999999,10255823.169942686,7169276.874842664,9141935.75121876,11590576.24213019,12446934.369410507,14852815.863435166
臺北市北投區溫泉路６５巷１６號十樓之４,25.1359126321673,121.504417956576,6500000.0,11599789.244231524,7509885.508808106,8940723.845995275,10828843.301110754,14056324.777630743,19324871.858136423
臺北市中山區八德路二段１００號四樓之１,25.0457599829164,121.536080009088,65000000.00000007,51760105.78434395,39463896.38844835,43311060.326305576,56087316.39848491,62664756.58200438,72181848.15252858
臺北市萬華區環河南路二段２９號,25.03903602,121.497665,16000000.000000026,22204715.87402957,16013355.533895943,18914932.311610743,24001022.962006025,25158638.13490881,33537110.01023028
臺北市松山區南京東路五段２３４號十六樓,25.0511200004495,121.565950010701,21799999.99999997,20586300.761701424,14475707.926532237,20958928.65151218,23174655.65275235,25203737.066299506,27787428.07005827
臺北市中正區水源路１０７號十樓,25.0213699857804,121.518320013545,22000000.000000007,23174083.995769054,15767577.56976669,19542757.696573015,22791105.096286565,29820321.14949565,30585636.54640658
臺北市大安區敦化南路一段１３８號,25.04442902,121.548503,68599999.99999999,44275629.93318367,29745786.12018522,34666011.7390291,49563636.804875106,57544324.014024906,62029304.026633576
臺北市南港區昆陽街１４２巷１６號,25.04922301,121.59381,8000000.000000002,13375710.52434468,8694281.039018687,10023667.533130134,12665545.986565806,16613720.167304505,18555738.201934043
臺北市北投區中山北路七段２１９巷３弄６９號三樓,25.1276399870998,121.530809971285,16799999.999999978,22278729.918136317,14081514.072032934,16755211.387043213,22481943.88733277,27262335.266015757,30938859.4022422
臺北市中山區復興北路４４８號六樓之１３,25.062720683849,121.543981115059,11699999.999999993,12395590.789709972,9495207.005075611,10770522.032904295,11999116.155471228,14429229.568496667,16840182.465602323
臺北市士林區中正路６９０號,25.08618599,121.50643,14450000.000000006,19406184.114949837,14414972.405452013,16523265.47409893,18424231.72045598,22254439.92612011,24379276.417269614
臺北市信義區吳興街２８４巷４３號五樓,25.0224800012179,121.56355999483,31300000.00000001,36051779.845063515,24841062.854784504,30205804.458608024,34917182.77078068,44847504.55408421,50775812.53509322
臺北市中山區松江路３７２巷３０號三樓,25.0630199979353,121.531949993936,15000000.00000001,12344213.766335312,7079115.200746277,10480096.102703148,15712976.069535475,16370752.843068462,18647251.76903239
臺北市內湖區星雲街３３巷６號五樓,25.0786999822961,121.591020031642,17499999.999999985,16805296.623460103,11168783.364523258,13569383.744642552,17783151.875643495,18763450.823135573,21765580.553643476
臺北市內湖區港華街９９號,25.08353299,121.573727,18049999.99999999,18650090.483965658,13107946.804552749,17946290.476339303,19106368.897876594,22107688.865717936,28948112.11461771
臺北市文山區羅斯福路六段１４２巷２０弄１６號,24.99654501,121.54042,13900000.000000019,11727212.023333414,8134618.475944609,12885208.295473283,13218157.93967424,13813527.395526104,14866934.82035866
臺北市南港區同德路７５號三樓,25.0459500006614,121.585269962244,21099999.999999993,22123669.930665113,14103118.904280465,18571358.89276675,22518170.506464697,26371029.50758686,28212004.25244438
臺北市文山區久康街５８號,24.98967801,121.566025,25200000.00000001,31081040.87104331,22625961.487142928,27287881.225732625,32952853.433490742,36927861.95272629,40716914.063843496
臺北市北投區行義路１８６巷２６弄１１號五樓,25.1318200003038,121.529380018604,11900000.00000002,18467919.10903214,12917790.089324046,14191851.24733314,17733207.95704606,20083356.087139573,25475324.3338895
臺北市大同區大龍街９１巷１０號四樓之９,25.0672200019784,121.516929958722,12000000.000000007,16429057.567114886,12139211.09164612,12749042.078305837,14875400.443908267,19125845.023889914,31768374.10276666
臺北市內湖區東湖路１１３巷２７號五樓,25.0698199845244,121.615670035414,19499999.99999998,21772820.490217995,15171966.108357333,19428110.8510999,21255705.849747963,25450574.48339675,28552906.310523335
臺北市文山區興隆路三段６９號六樓之５,25.0001700152644,121.556319958324,10499999.999999994,9290714.889437757,6792500.43347761,7496816.337899448,9795337.28052772,11016051.25857501,12703261.617059413
臺北市大安區安和路一段７２號四樓,25.0352800055571,121.552350037523,30999999.999999978,26134627.17326916,17083501.36794281,23545802.841414925,29354056.74449539,34561250.82334486,36501577.42418271
臺北市萬華區漢口街二段２７號七樓之３,25.0455700070809,121.507599978478,24999999.999999963,21714671.57345566,16997820.273683652,20375889.39442787,21990078.907888323,25612055.599990755,27166374.97881986
臺北市內湖區民權東路六段４２５號十樓,25.07130999,121.60407,82999999.99999991,82993500.31214376,47967033.55082146,76143068.60405955,82958518.86862576,106214743.6857458,129818232.3202968
臺北市士林區承德路四段６巷７３號三樓,25.0801399932616,121.519159964062,9999999.999999996,10517776.744297933,6991055.796609435,8343324.1318854075,10191949.184732538,13214589.416766066,16038421.865773238
臺北市中山區松江路４５巷４１號四樓,25.0479599810429,121.534310002594,17649999.999999978,11529099.855268447,7427608.925995288,10724025.74433447,12046699.601022901,13610778.012573712,16241646.115399737
臺北市內湖區內湖路二段４６６號十樓,25.08651001,121.59168,3499999.9999999995,9363113.801332638,6292608.577721692,8222603.745529864,9945273.181369854,14674624.083284352,17713987.97594133
臺北市大安區羅斯福路二段１１１號,25.02449602,121.524657,67000000.00000012,36478225.27308853,24511140.572911005,25697810.773737356,35792075.97417267,40915571.09850514,53370974.01379825
臺北市松山區富錦街５８１巷４號五樓,25.062889994617,121.567060026139,18500000.000000034,17156973.67455473,11594193.817072276,13916524.380200293,16772829.210159676,19872547.628911305,24519293.1306726
臺北市內湖區成功路四段３５８號四樓,25.0848699850425,121.600039965287,40279999.99999997,45084145.574739255,28667837.049093343,41074859.49200105,46250631.59832439,53298240.979032725,63722242.93813006
臺北市松山區民生東路五段６９巷２弄２８號,25.05916801,121.559774,33624999.999999955,21027703.357535448,14363730.08999451,21206999.570666026,33042585.242823552,33821053.694738366,35476163.71201508
臺北市北投區溫泉路３７巷２８號,25.13384301,121.503422,6999999.999999995,10739859.690204024,7331512.199405477,9363940.4472463,11955687.006754655,13705504.37552182,16358827.971894577
臺北市南港區福德街３３９巷７弄１６號二樓,25.038309979736,121.59018997177,8650000.0,9043850.107828274,6162017.524400033,7683251.83616159,8753973.357751844,10873134.04488688,12933581.48709357
臺北市萬華區莒光路１５３巷８號三樓,25.0306599843459,121.502890019446,5200000.0,6785111.848658235,4747838.3485394195,5213257.159592129,6684576.482734963,9744900.107815295,11870618.139458716
臺北市大安區大安路一段１６巷１３號四樓之７,25.0441900105421,121.545690028717,32300000.00000004,20521321.33123087,14248403.954202127,19432238.706826396,22733098.375465993,24556637.17500252,28196955.94127491
臺北市松山區南京東路五段１２３巷８弄４５號三樓,25.0535999960516,121.562990025414,9119999.999999985,10337162.681717554,5777948.871432388,8714694.858484471,10745468.476308616,11876925.742962169,13586624.814280719
臺北市中山區中山北路一段１４０巷１０號三樓,25.0514300051385,121.521340013259,21700000.000000007,19024097.80317675,13340561.497908719,18238344.785758313,20535162.291987415,23140319.438450225,26648054.561215423
臺北市大同區大龍街１６１號,25.06816598,121.515967,18079999.999999974,15163700.05431163,9700896.341409557,13064634.014003674,15269003.653024128,18210290.27025571,21174532.177018285
臺北市中山區長安東路二段１６６號,25.04821802,121.539741,24999999.999999963,18503971.97168807,13102471.457960878,15961847.858971136,18713559.04249087,21677987.240264073,26271472.334431544
臺北市大安區四維路１７０巷３６號,25.02817802,121.546319,12680000.000000004,11538209.221675474,8785440.876517614,9936477.27307203,11214062.654950839,13854374.216873767,15771292.005657885
臺北市文山區興隆路二段３０１巷２５號九樓之２,25.0025500147615,121.553649986886,29800000.0,33389897.644389603,24446998.999409907,30885835.53558146,34142762.325685434,40635276.957319275,45622974.269339785
臺北市內湖區民權東路六段１８０巷１５０號七樓之３,25.0650300202263,121.592289973792,31879999.999999993,34144996.73297305,24228550.418380346,30680535.947638184,35213479.95053014,39238532.47385542,45457341.05229765
臺北市大安區龍泉街５５號二樓,25.023469987802,121.529420000282,24999999.999999963,20671594.73382321,15114795.928851802,17830429.930112336,22843597.978715926,27362217.497963622,35786270.20341217
臺北市文山區辛亥路四段７７巷９２弄７號三樓之２,25.0088799861301,121.560800001752,18280000.00000001,22122647.936885208,16212237.005464388,18398117.55619037,21539526.502856664,26130224.057533585,29009856.27466615
臺北市大安區敦化南路二段４６號七樓之５,25.0313700153638,121.548420014581,15000000.00000001,11358673.917708619,7676531.464268317,9508675.516147094,12306914.978357438,12978819.553483885,15402210.289792152
臺北市萬華區西園路二段３２０巷３６弄１７號三樓,25.02736914,121.4910045,4000000.0000000005,4047423.292041912,2852681.731294135,3608658.3726613307,4501305.645932253,5741986.827136334,7229612.162180258
臺北市大安區信義路三段１４７巷１５弄７之１號,25.03516002,121.54258,53999999.99999998,30041216.426483724,18334114.98437667,31472585.127203614,36321676.45536655,37360248.03578918,41258131.43737908
臺北市中山區雙城街１３巷２２號五樓,25.06403999,121.52518,27999999.99999999,21490946.04551711,16718692.886542784,19398309.200891428,22482997.915140074,25214155.654698167,27683499.70482735
臺北市大安區信義路三段１５６號五樓之８,25.0332100107489,121.540830033617,13700000.000000019,11298988.180576798,8973636.832306735,10541893.60092543,10735983.567576293,13812549.06379069,16197427.508619351
臺北市南港區重陽路４６２號四樓之１,25.0594900013225,121.610950018098,67879999.99999991,48634229.74314968,33490990.320530344,43225312.212746546,54260292.814455904,59705966.83329081,68613322.4006094
臺北市松山區南京東路四段１３３巷９弄３０號,25.0531700044187,121.556249969432,13499999.999999993,18677003.86757293,11136388.516932866,14518463.618772667,19159127.52600598,24079281.091544975,28708641.0567288
臺北市信義區虎林街１２０巷１６２號二樓,25.0421200157339,121.573669994983,17700000.000000007,10535696.557362258,7065244.631802164,8498671.787205502,10071703.660428476,13344884.300517522,17425474.89139073
臺北市中山區新生北路二段６８巷９號七樓之９,25.0565099832865,121.526809959452,16250000.0,16170693.864011578,11653489.195526995,14163733.955126077,16555628.05577841,17929250.22974206,23571761.744918056
臺北市大安區仁愛路四段３８３號六樓之２,25.0380200077957,121.55502000896,61579999.999999925,32346359.175679773,23908756.914129168,29899217.292244997,38683725.65789138,41732307.06882016,50729403.4793231
臺北市內湖區東湖路９８號四樓,25.0684199971466,121.615029993288,12000000.000000007,10368696.898006925,6656893.279297084,9110816.807025151,11318244.520712703,13723296.33685473,16113665.213288654
臺北市南港區重陽路４９９號五樓之４,25.0616500177708,121.612630002952,10800000.0,12184349.159172121,9517631.095238097,10930182.584827619,13202813.830142863,14872452.080715854,16675495.912138296
臺北市大安區仁愛路四段３０號,25.03762602,121.546578,60000000.0000001,44726025.36406763,28639401.417936437,41190119.73173816,47341160.65489575,47841164.07948108,52940978.50970776
臺北市萬華區中華路一段１７０號九樓之１,25.0409900094573,121.507520015122,35700000.00000002,32170583.48176638,24344593.64172867,28000866.31976895,33715742.63360223,39632734.0962719,45005821.947737575
臺北市內湖區內湖路二段３５５巷２０號,25.08425392,121.5919829,25280000.000000034,24564676.755728625,19195472.049625997,22540281.585812792,25042283.17262069,27820974.33538767,29279961.01546945
臺北市松山區新東街９巷２２號四樓,25.0577699928813,121.56500998026,18500000.000000034,15385645.106184721,10875624.967971275,14960069.135655556,16741108.17828837,19552592.98277104,21684447.853176832
臺北市北投區中山路４７號六樓之１０,25.13887002,121.51173,2700000.0,5042112.34601223,3071738.593579237,3530151.5120663014,4744914.884702547,6429893.241522114,8336886.329515475
臺北市中山區民族東路４１０巷６號三樓,25.0667100050797,121.538240025536,12379999.999999985,12801105.674536977,9042414.203571366,11236710.849000508,12918928.852804359,15600774.933234882,16954720.545301434
臺北市大同區民權西路１６０巷２６弄１號二樓之２,25.0615759685816,121.515763855816,37879999.99999994,39089072.8003888,28782429.960123464,31276441.860840246,39645523.56453103,49544047.23918938,55826389.7583555
臺北市內湖區康寧路三段９９巷３９弄１０號三樓之１,25.0729399803434,121.610249961545,20000000.000000015,18318827.254632078,13139612.76910892,15784314.582131531,17953305.510435402,20259199.28398144,26556787.263663985
臺北市士林區德行東路３５８巷２４弄４號,25.109537,121.539375,26999999.999999993,28171614.671081368,18084978.78117402,23312375.983862348,26900583.564025417,31527320.67007093,35263405.834943265
臺北市信義區吳興街６００巷１００弄５１號,25.01741599,121.572487,15360000.000000006,12968087.70883313,8618100.614396049,10950511.265180303,14813892.62640837,15944523.960648846,18320331.515630163
臺北市北投區光明路２２６號六樓之１,25.13599,121.50544,12000000.000000007,17476971.102701638,12051990.504044168,14290407.565306477,18598361.861344364,21719500.33277998,25735323.775425117
臺北市大安區溫州街５８巷９號,25.020531,121.532069,14499999.99999999,9430649.946578901,5248285.310870827,7647947.549336296,11660298.0320158,14493108.166190121,18370810.501401823
臺北市大安區安和路一段１２７巷２９弄１３號,25.03564801,121.553586,36888000.00000002,25261975.027781274,16303855.641994296,23766838.095109478,29315195.907570396,32770392.90406997,35191820.75317506
臺北市信義區松勤街９號十二樓之５,25.03219002,121.56104,43000000.000000015,19254786.40215259,12079593.094678473,15380354.033867087,18480567.72231625,21937374.911347993,28153159.69454211
臺北市內湖區港華街６９號二樓,25.08310002,121.57508,19049999.999999993,16557817.635314347,12117869.555998757,15021109.849507641,16956302.331844915,19048002.743804373,23344641.18918244
臺北市中山區林森北路１５９巷３２號,25.05148801,121.526315,11199999.999999998,18436180.324637868,12422260.078231623,16248632.016454024,18694641.655892678,21140859.25582047,27049680.471438184
臺北市內湖區成功路二段３１７巷１３號,25.06974321,121.5913948,55000000.000000075,48302973.615074374,34394055.86049547,42463649.575470716,51532783.18360293,54771728.28215172,64348657.44765859
臺北市內湖區民權東路六段２９６巷２８號十六樓之１,25.0720799970776,121.606880017373,31999999.999999955,32602920.92121084,26527299.95497656,26649659.657653853,31966268.9147117,36507222.93476741,46514797.86889696
臺北市內湖區康樂街１１１巷９號三樓,25.0706000044339,121.619610032821,14499999.99999999,16197056.823567867,11150416.917741533,13794319.818707272,16210920.423335636,18647685.062311172,22149517.239173606
臺北市文山區富山路１巷１８號四樓,24.9889699905128,121.553310016893,14380000.000000011,15175328.04189083,9604021.330576206,14386961.784937618,16596245.723064268,18170164.820234545,21043172.756748356
臺北市大安區信義路四段６１號十樓,25.0337700057001,121.545370007653,69500000.00000003,57673947.615355544,40307518.69623301,59343486.2581813,66811047.45664316,71854892.40174852,91292935.54123552
臺北市萬華區環河南路二段２５號十五樓,25.0391299813237,121.497649988857,21599999.999999963,26812456.781005282,18474116.13055343,21691609.8489941,24397159.610043183,31399908.20892481,33037429.552163903
臺北市大同區華亭街３６號九樓之２,25.0534999999467,121.513060034026,9059999.999999994,12800705.573324913,9030997.995851284,9703278.859690756,11703221.570373043,14210887.426790267,14673498.204134252
臺北市北投區豐年路一段１６號,25.13395801,121.498138,13100000.000000015,13675993.874638796,9550335.695992699,13092616.168067638,13580041.56406762,19815411.779117644,21427449.205549926
臺北市信義區中坡南路６４號三樓,25.0418300018841,121.584809963398,14000000.000000007,12762566.846997306,8838865.569951193,10826094.275982188,12680485.013637729,15503371.423659964,16864054.507025365
臺北市北投區石牌路一段１６６巷２６號,25.11402484,121.5137351,20599999.99999997,19429906.25854411,12371502.959240586,16553304.67220104,21969620.385496538,24712000.454617277,27579676.02936372
臺北市萬華區西昌街２０１號二樓,25.03795002,121.50072,15000000.00000001,15953503.115285892,11661669.551581208,14610415.893274736,15335616.344682228,18930706.68997455,21299225.80446187
臺北市中山區基湖路１５１巷２１號二樓,25.077690004873,121.564319981991,10280000.000000006,8668869.288074292,7260387.428340163,7917079.926332789,9428750.01286799,10931187.735806718,12471581.381728541
臺北市大安區市民大道三段３０６號三樓,25.0445700041226,121.543270005632,8999999.999999996,8430408.581410618,5492154.807876613,5779089.214496556,7877649.557622753,9953786.663912807,11586073.786377009
臺北市大安區忠孝東路四段３１２號九樓之４,25.0411400036147,121.55686997881,29659999.999999966,19263900.677796297,13463129.516104382,15687649.515137592,20821793.81247574,23753141.683415648,28062146.81328781
臺北市北投區中山路３０號,25.13748499,121.510544,3299999.999999998,5578961.8411330115,4157365.3972789166,5391945.420807159,6110658.4212369695,7035939.4762588665,9080409.42478368
臺北市大同區南京西路４３４巷７之１號,25.05289499,121.508996,11000000.000000013,13131777.244731108,7744526.6307003535,11149666.973832572,12406424.849209743,18146928.994686626,19444268.246992305
臺北市信義區忠孝東路五段７４３巷２１弄３號,25.04373102,121.580757,27580000.000000004,18060693.590228803,10334262.376210555,14490951.97646698,20545803.558769125,24261015.419752717,25254284.6108014
臺北市大安區通化街１２３巷５０號四樓,25.0288399797999,121.555570029447,9500000.000000015,5970676.633622046,3606020.5435269373,4638068.060108078,5930144.030603657,7126463.75468015,9034053.803053077
臺北市中山區建國北路一段３３巷４１號,25.047942,121.539749,30000000.00000005,22425983.185351573,14789439.43501362,19518341.57472746,24657660.826758686,28887869.202550747,31025556.381749455
臺北市信義區信義路六段１２巷２３號三樓,25.0328699988466,121.575189969305,23799999.999999996,16492633.193085158,11162445.572531972,13958891.678070225,16778883.018295523,19948365.448393494,23825980.85768932
臺北市大安區和平東路二段４２號,25.02546798,121.53722,12680000.000000004,8579307.93101275,6254828.588765135,7550080.615248436,9602043.87448778,11081539.73950085,11600380.014714947
臺北市士林區永平街７５巷４４號四樓,25.0916700135412,121.503339960009,13000000.000000013,14147477.160916671,9643812.594884424,13086706.031495966,14896470.617731297,17389734.98117832,19731530.26678695
臺北市中山區新生北路三段４６號,25.06433298,121.527321,6099999.999999996,5700759.865093591,3849931.6606854135,4705039.843361975,5910632.155448295,6867763.121609602,8460940.430187745
臺北市大同區敦煌路３８號,25.07532199,121.519125,8999999.999999996,10990205.65734717,7148754.512952407,9302521.237125164,11412884.470917001,14621371.58191519,17065530.075984176
臺北市松山區南京東路五段２３９號五樓之１３,25.05158,121.56482,14099999.999999974,12982496.983445559,9590883.486789897,11879809.428702584,14099509.464508936,15364526.372102303,18688481.367201906
臺北市松山區延吉街４８巷１６號七樓,25.0449999957555,121.553029977508,27799999.999999955,26731166.447763745,18279482.63975877,25281451.671906643,29411485.469255675,33127818.774836835,35423209.95416934
臺北市萬華區寶興街６８巷２９號四樓,25.0259200181001,121.493519973705,14700000.000000002,18426140.883200314,14170623.540917141,15424739.365918474,18054485.608628042,21520861.52506643,27433581.474335484
臺北市內湖區安泰街５１巷５號,25.07440698,121.617506,11500000.000000019,12770147.511291228,8192321.393638682,10585138.06172577,13061930.598009977,15650728.101697199,17297536.246962644
臺北市大安區樂利路５巷１４弄３號,25.0287500000693,121.551879980393,6449999.999999996,9896778.34733752,5813554.8703185525,6923681.05404239,9440462.327708874,12387994.428810012,14074744.508303925
臺北市中正區惠安街３７號二樓,25.0291799917022,121.507139979632,21200000.000000004,23643421.72850372,15566975.071112698,21428209.697163828,25398714.43498767,29721336.66171855,32454744.500513207
臺北市文山區萬慶街１２號三樓,24.9951417015505,121.536470861416,19079999.99999998,18432281.326227352,12751361.693842068,15997008.409263453,18031532.57159554,21636368.926921718,24989633.082161695
臺北市松山區新中街２巷１７號四樓,25.0571799907168,121.561390003917,14000000.000000007,18496517.17820396,12855346.926290842,14719013.110470997,18177980.82422582,28294404.15371727,29557594.707546193
臺北市北投區立農街二段２７９號,25.11883002,121.515356,17499999.999999985,13724023.581378363,8820825.65789991,11406717.961360095,14997538.155453905,16971325.872390777,20377984.0350148
臺北市信義區信義路五段１２７號十三樓之８,25.0335299899026,121.574090012151,16200000.000000024,13387249.420287214,9505992.180474162,12609739.41032446,15435257.928838748,16298377.284224894,18465771.098520074
臺北市內湖區康樂街１１１巷１３號,25.07054598,121.61987,2439988.0000000005,2014044.0608615775,1442094.175691729,2262763.1681081275,2458784.3260433334,3900848.949017191,5856094.438889849
臺北市文山區興隆路四段１６５巷１５號五樓,24.9842200078928,121.562590040994,20000000.000000015,27218442.413030013,17133571.28200394,22582860.251624577,28966395.04059407,34107157.144105606,36564603.12142727
臺北市南港區重陽路１６６巷１０弄２０號,25.056326,121.600405,13950000.000000026,11697740.135758819,7928780.780943848,10002273.303098854,12115550.246186633,14801951.210740797,17661238.86984155
臺北市信義區虎林街２５６巷９號二樓,25.0355100049803,121.577719962959,14019999.999999998,14214423.352442596,10351260.882887207,12674004.841490852,13972201.293404985,16528625.443122322,18245031.416604877
臺北市內湖區內湖路三段３２９巷１０弄１１號二樓,25.0880699861274,121.584980032213,14580000.000000026,18401637.1125482,14017722.391524836,16196183.246644722,19011705.617972586,22058149.54773099,26993443.900437776
臺北市中山區長安東路一段２０號八樓之５,25.0491300109071,121.523860032448,12499999.999999985,12375305.005369924,9805343.125509601,10249502.717900615,11926574.376005862,14432489.653856412,16616963.15756736
臺北市中山區中原街２２號七樓之１５,25.0567399827096,121.528779958155,6999999.999999995,8383024.940170668,6054322.775234953,6870996.459025781,6973473.229032092,8983035.491263036,10722511.752553005
臺北市內湖區成功路五段４３２號十四樓,25.07523000011,121.607379997898,24180000.000000007,21856808.443407934,16747227.2478743,19571875.997599106,23718785.7412437,24910277.486396737,26931291.08694589
臺北市南港區福德街３７３巷３號一樓,25.0390700088064,121.591729978841,29300000.000000007,32380750.86788087,23478571.85347237,26684275.73358673,31407689.684682015,35954186.6008295,46875815.16600806
臺北市大安區和平東路二段１１８巷４弄１８號五樓,25.0241800188199,121.542199971872,9999999.999999996,7441266.032823504,4392723.12964374,6092411.938196136,7714425.788960649,8891645.366741195,11024246.206010962
臺北市內湖區麗山街６５號五樓,25.08155,121.58052,40679999.999999985,33488812.78784947,23813117.86549878,29595690.55581668,31753650.47689117,41493490.5611487,47502870.447378024
臺北市內湖區民權東路六段９０巷１５弄１７號二樓,25.0679200166221,121.586809969315,16500000.000000013,16303492.60807272,11546778.425948989,14538523.96144513,17788409.940678243,18770407.900462992,21427093.531582184
臺北市文山區萬安街４４巷７號三樓之４,24.9989700200963,121.57042997031,15879999.999999998,18569054.087371297,11504018.770877315,15950787.121794311,20335668.813866895,24213131.01707989,25914311.898050666
臺北市北投區光明路２６８號,25.136573,121.510008,4999999.999999999,7089922.66172573,4214059.7129123835,4926134.263629824,7366153.973121984,9485730.36727137,11114777.336346995
臺北市松山區民生東路五段２０２號十三樓之１０,25.0581999845142,121.564449985309,7700000.0000000065,9059180.424559245,6004141.150299963,7957024.4554425245,8111139.247180637,9747717.767747078,10975146.421890186
臺北市信義區松山路６２７號三樓,25.0364699843509,121.578650018935,17999999.999999985,14235400.415165417,8215028.022163827,9660755.317941692,16794455.514839858,17058949.912511285,19044769.93979257
臺北市士林區重慶北路四段２０８號四樓,25.0854200055289,121.51162002306,37999999.99999996,37486263.98812791,26143338.569972668,31165941.77930404,39382635.9877667,45238049.32337651,53990658.9169862
臺北市松山區饒河街１９９號十三樓之３,25.0507499813339,121.576180039708,38880000.00000005,35113116.89092233,26218261.52061618,31267104.098678,36997017.070218906,39861690.246265106,44363379.993785396
臺北市大安區和平東路一段１７７之２號,25.02651702,121.532223,40299999.99999993,32173045.631747622,20181101.44015681,27776353.833879963,37894839.07158956,39678403.207248375,43071998.84801445
臺北市士林區延平北路五段１３６巷２７弄６號,25.08242498,121.511568,11500000.000000019,12581076.475717152,8116073.4282885,9828506.872088933,13317852.113148268,18209989.538970564,22384389.26110604
臺北市松山區三民路８０巷６號五樓之１,25.0561799877585,121.564509999735,24679999.999999955,17167265.550150182,12648925.45791436,15485724.55268851,18740412.16319886,22554562.48363768,24383208.79977551
臺北市士林區通河東街一段１６７巷４４之３號,25.0876700017078,121.517209998107,16000000.000000026,19760261.658316128,10830398.492626723,16479891.649480557,16960639.244480982,24003206.08485116,26228314.05788482
臺北市信義區基隆路一段３５０號五樓之６,25.0368500198409,121.561559988913,2069699.9999999995,1183442.5171010802,760315.2551984214,1193352.0486921142,1983284.6343419873,2538503.7280070074,5131539.3114610445
臺北市內湖區環山路二段７７巷８號,25.08469698,121.574437,40880000.00000003,36635580.917220026,26649063.21957872,31229683.31145787,36479804.305784784,42920616.75602758,48599464.15047213
臺北市內湖區陽光街１６１巷１弄５號,25.07482201,121.585476,13980000.000000022,14285254.136716805,9091283.526413014,10882125.334549692,17065630.571070544,19100204.085769817,20817346.74211188
臺北市士林區至誠路二段９２巷９弄９號,25.10226202,121.527709,28300000.0,12440575.314371027,8330828.2075213725,11077064.904991303,18369182.417950325,18626467.89436593,21345160.461538892
臺北市萬華區康定路１０３號二十四樓之１１,25.0394800096003,121.502019977897,12550000.000000015,13935895.78634581,12571543.373023348,12582298.086502522,12869034.953836925,14581990.871423084,22724573.250905946
臺北市萬華區環河南路二段２５號,25.039126,121.497685,23150000.0,24246087.849985648,21128167.89949342,21288548.53485185,23099154.93579953,29854005.4776558,33516797.398690466
臺北市內湖區大湖山莊街２３巷３５號,25.0861700182251,121.602940019967,12000000.000000007,17052137.955691226,11897657.993779497,14098824.919777662,16711034.283599982,20722075.742954887,28538609.0890873
臺北市北投區大興街９巷２號,25.13004098,121.497819,18500000.000000034,15835744.387818273,10128010.720509164,12816171.024967436,15781750.965342462,18974119.130749412,21943884.39746835
臺北市中山區新生北路二段１３７巷６０號四樓,25.06115,121.52986,14370000.000000007,12171234.52872343,8094153.307157427,12605189.8455236,13706852.618162502,16183142.449031627,18907494.365339726
臺北市南港區昆陽街１４２巷１２號二樓,25.0493999920084,121.593840039146,15199999.99999998,12008289.252315804,8037195.767438027,9893446.72146928,12374872.895401977,14180485.466436516,15898852.831878921
臺北市松山區八德路四段６２６號十一樓,25.0498299836413,121.574199982721,13000000.000000013,16007884.106102427,10847094.42215148,11779147.868154427,14606927.171449497,18497449.36278631,22284164.989480868
臺北市大安區永康街３７巷３２號二樓,25.03088001,121.53093,31250000.000000007,16172665.781324256,11869319.444369985,14833505.254816059,16168772.59882686,18061604.71964316,22196970.00416085
臺北市松山區民權東路三段１６０巷１９弄２２號六樓,25.05993998,121.54805,6999999.999999995,13511662.98579479,8424355.542432705,11002544.48479656,15534945.78408832,18602995.47561333,22288795.540189892
臺北市大同區重慶北路三段２９６巷１０之１號,25.07349599,121.513189,13700000.000000019,14876916.748224575,10135592.847646464,13561234.52655246,15895779.815732148,18532897.18474911,21271027.343945026
臺北市北投區實踐街５６巷１５號,25.11431,121.50986,15300000.000000017,18829571.41570412,12290947.175102685,15537264.879736587,17347906.329698987,23419314.936202344,27361476.41533669
臺北市中正區中華路二段３１１巷１０號五樓,25.0284399953803,121.506049996943,6000000.0,5049182.968572165,3244697.0355856796,4497827.079186463,6142197.033353178,6295019.524678214,8827584.910638846
臺北市萬華區東園街６７巷２號三樓,25.0266699888868,121.497749984962,12970000.000000002,14863386.62416841,9934611.519992258,12753079.383614063,13812845.594962364,18615089.30728017,23727147.49955307
臺北市北投區永興路二段３８號,25.14006201,121.502358,20000000.000000015,23870720.052574724,16233717.172272345,20028987.942090966,25299344.674061954,29175890.244082905,29792291.92515269
臺北市中山區堤頂大道二段２４６巷１號十一樓,25.07766,121.56633,67999999.99999996,56165477.760633096,43110064.10849029,48026639.67950849,58731915.78775408,67411036.4229058,71809816.14603247
臺北市大安區信義路三段１４７巷１１弄８號,25.03470002,121.542443,28800000.000000034,17453726.94692683,11646916.541624002,13050466.372171283,17677563.991611633,22533845.28239081,28675145.297540694
臺北市中山區新生北路三段８２巷２９號,25.06714549,121.5264809,10300000.00000001,10068608.45290282,6936014.679068828,9875587.885102017,10954128.56564734,12754024.490259115,15014791.576082619
臺北市北投區吉利街３２０巷４弄２號,25.117569,121.511496,10780000.000000013,10462296.436046379,5662354.195546878,8830268.267729213,10797301.531248998,12304815.544236178,13693635.654991917
臺北市文山區指南路三段７１號,24.98306758,121.5801686,10859999.999999981,14206199.958452819,10353390.86834914,11482112.639499828,15185539.999873815,17262988.865661696,20125322.05204612
臺北市文山區景豐街６８號十一樓,25.00109001,121.54537,36999999.99999993,38105866.346555196,30193946.0881265,36675075.65450772,38148185.77655272,46095373.3251224,51654278.758076176
臺北市士林區明溪街２５號,25.10607402,121.565164,5050000.000000004,17496330.902027193,11431818.835936453,14409582.68909385,16960278.971602213,21718630.467934437,26483430.86791172
臺北市士林區中山北路六段１７２巷１６弄２號五樓之５,25.1071300148531,121.525970008935,7800000.000000004,6538206.418927074,5141823.500596075,6362200.2223451,7181208.035421029,7594640.868032448,8228176.578738555
臺北市大安區嘉興街３２３巷３號十三樓,25.0223699887387,121.553429961928,60000000.0000001,50728103.99358757,38816299.27663052,45859209.79733949,52007462.875682056,62914456.38341385,64759981.71503194
臺北市士林區士東路２８６巷１之７號,25.11313699,121.537554,27799999.999999955,27537113.453927334,17775974.50396592,23080673.443367973,27409697.3550791,30612247.31896702,35872277.302431084
臺北市中正區青島東路４號二樓之２,25.0438800058532,121.521479991042,33600000.00000002,31555455.229096856,22347856.094480976,26154874.013312988,32575980.29217759,35926011.27218683,40755769.60560968
臺北市文山區政大一街８３號,24.98554971,121.5810517,14200000.000000004,13732562.656747203,8670789.749806687,11855224.924730167,14657274.121123673,16401363.94666912,17798926.145015053
臺北市中山區新生北路二段１３３巷４３號,25.06090001,121.52924,17999999.999999985,16602190.588077433,10964860.923889764,16441821.863624373,18286397.984902438,25907869.221103467,30474645.98460578
臺北市士林區重慶北路四段２２２號,25.0858689,121.511468,7500000.000000002,10562100.098609757,7941817.519215746,8752252.458421143,9528688.514214505,12929011.146950055,16066483.956513178
臺北市北投區中和街５０２巷３弄２０號,25.1459899848076,121.493779980342,16000000.000000026,15383586.951432852,10756346.691884771,14484028.335215818,16913792.102209482,18685087.102522347,22519725.680667568
臺北市大安區羅斯福路三段２８３巷２３號,25.01997599,121.531723,13000000.000000013,27053664.750003483,17815513.944059778,23050744.16787801,27453258.141844198,32226755.181013875,38240528.69261869
臺北市松山區南京東路五段２００號十二樓之１,25.051189989341,121.564270025848,23679999.999999985,23300017.16560152,17002292.535009332,21708589.744761683,22961490.160306983,25205967.497586895,27943552.31146519
臺北市南港區福德街３３９巷３弄４號二樓,25.0386799988517,121.58912002183,15599999.999999981,12146833.532707497,8179366.844049648,10416881.762067351,12803877.392186735,14922721.335485203,16518245.73717456
臺北市士林區德行東路２９號六樓,25.110020011249,121.536340015724,15513399.999999983,16252272.021124935,12490806.236638859,13754284.26809238,15499137.311665144,16393204.951840717,30720329.61272924
臺北市中山區明水路５６３號四樓,25.07938998,121.55178,53679999.999999925,47893447.416514695,33211952.20228559,38306443.39752695,50864636.515588894,56843176.069255695,65953914.09351411
臺北市士林區忠誠路二段２１巷６９弄１０號四樓,25.11033999,121.53355,11500000.000000019,8978088.709947364,5861855.072949061,8135848.022198619,9194915.383723482,10802024.161173645,12530998.7688258
臺北市信義區吳興街５２４巷４１號二樓,25.02218999,121.56768,14099999.999999974,14596610.321270162,9214148.725606473,12050669.498767557,14551826.073909877,15814311.433517672,19087241.99775253
臺北市萬華區青年路２８號四樓,25.025810005621,121.505160006464,21799999.99999997,22650544.872888748,14918481.243250038,20502475.80848797,24479328.064761512,29118137.330077518,30689883.989263155
臺北市萬華區漢口街二段２７號五樓之２,25.0455700070809,121.507599978478,23980000.00000003,21159481.81533587,16792427.98042563,18118717.199575953,20933462.469623595,23802111.35707686,27948734.77267028
臺北市南港區研究院路三段８６巷８號三樓,25.03447002,121.61332,5500000.000000001,6365666.553525555,4367711.719638572,5365209.223020149,5917080.392533155,8468332.979054615,10162715.199730935
臺北市南港區福德街３８５號五樓之１,25.0397064503849,121.589272506797,20160000.0,24260534.64741885,17373536.17298582,19165012.493674383,21469118.368185572,25826833.344700128,28497166.283617787
臺北市信義區光復南路５６７號七樓之１０,25.0307300151469,121.557580009828,30050000.000000045,18872971.471846417,14328195.99464684,18527499.725043647,20909520.762650095,24089800.519541897,27172574.819255065
臺北市松山區南京東路五段２５１巷２４弄３號五樓,25.05236002,121.56411,16799999.999999978,12172277.981927752,8698531.492364239,10845282.752868759,11924360.022020748,14975120.890893724,16721099.819965925
臺北市松山區市民大道四段３９號二十一樓,25.04527002,121.5458,221700000.00000024,141575409.63081703,51218614.3092332,110161464.9212094,190201119.50577104,201418093.1830678,273230698.22873414
臺北市中正區寧波西街８７號,25.03000691,121.5158466,25690000.000000034,26302585.12176557,16758057.918984706,23709794.166063555,29365042.563924484,32881651.488060843,36382628.01021265
臺北市內湖區康樂街１８６巷２弄２號四樓,25.0759699964318,121.62031998002,12799999.999999978,16197056.823567867,11121962.35156192,14587841.80718766,17560701.775931697,18683353.34495928,21706301.80454581
臺北市信義區吳興街６００巷１００弄１８之１號二樓,25.0175700080663,121.572150020661,16200000.000000024,19937311.90043988,13297396.338937212,17178269.564394362,20776840.476453386,25350370.39286121,25952166.77664922
臺北市北投區西安街二段２０３號九樓之５,25.1197299850731,121.510310015413,33999999.99999994,33006914.468943883,24751578.168436065,34104401.31283457,40215517.1108883,40611022.733022794,43111926.94048715
臺北市中山區雙城街３巷２號八樓之４,25.0632399809841,121.524599986861,8099999.999999998,8360689.973775048,6583397.537286967,6742009.559140146,7989951.984127667,9650426.19015903,10156942.875682266
臺北市士林區德行東路１９４號三樓,25.1086100074968,121.531250021202,24999999.999999963,21343870.73455353,15306160.197043775,18733635.51193032,21865565.368681975,26110306.496401537,29069285.1674996
臺北市大同區哈密街５９巷５６弄３８號,25.0753100053758,121.514759967809,15699999.999999976,14899245.348506475,7261265.434949454,9048890.048653116,15011992.314020691,17087890.68838745,21183855.466436736
臺北市松山區八德路四段３０２號三樓,25.049019998428,121.567200003922,16000000.000000026,11966826.522748683,7842308.966557911,11053332.857575024,12977870.304425653,15120947.450684393,16548023.468544642
臺北市松山區南京東路五段２５０巷２弄２９號,25.05079,121.567789,22600000.000000037,24685434.03824371,17579752.86076265,20453803.400297664,23005240.831749164,25969926.787978757,29650993.43099145
臺北市中山區民生東路二段１１５巷２８弄１４號,25.0593099999518,121.531220013989,16999999.999999974,19943276.48615255,10246492.62052671,15855935.564516986,17029055.204124175,25824595.256384734,33351592.849033378
臺北市文山區和興路２６巷７號七樓,24.98539,121.54582,15249999.999999983,18034753.869990587,13787016.856417453,17387802.396166753,17915875.066523127,22506884.33091837,26097503.508622855
臺北市士林區福志路１１８號,25.09859992,121.5278051,51680000.000000075,55188045.680156626,35740156.85203281,43795307.47696124,53589413.088900976,61135724.68839295,76551790.25136046
臺北市中山區林森北路１０２號,25.050731,121.524835,7599999.999999995,7200481.689889215,5160918.946446186,6399014.781769051,7542551.09136854,8945479.690873897,9440961.194940992
臺北市北投區建民路１６２巷９號,25.11094399,121.520242,22999999.99999997,22912107.015642636,15209354.246132739,22984237.9306441,23217439.27874273,31756030.585741326,32296751.178650867
臺北市中山區新生北路二段１３７巷５８號四樓,25.06115,121.52981,14430000.000000004,12171234.52872343,8094153.307157427,12640634.898390606,13706852.618162502,16183142.449031627,18907494.365339726
臺北市文山區指南路二段４５巷２１弄７號,24.988677,121.573898,15199999.99999998,16548985.628614541,10586823.299394723,13695638.289489102,16742782.55996066,20430657.079792384,24773378.239142217
臺北市萬華區德昌街１８５巷６０弄１０號,25.02276398,121.493736,11549999.999999985,13674943.786667317,8972223.958196208,11287931.117177628,14516992.112694627,18077265.41780115,20491395.60217994
臺北市內湖區內湖路三段６０巷４６弄１號五樓,25.0887599843967,121.592660034817,14499999.99999999,16857492.653291646,11878833.966855641,14703776.183234543,16734951.508613633,20021497.466686644,23655186.661944583
臺北市北投區溫泉路６５巷１６號,25.13604402,121.504374,9099999.999999985,11258059.989923384,6783499.446658078,9209429.266869603,12115472.78265653,13439588.633862,18837395.34378186
臺北市大同區大龍街９１巷１０號八樓,25.0672200019784,121.516929958722,12299999.999999985,14159059.738656515,11799380.097509814,12203198.172577508,12512434.746094128,15689486.06865248,22436252.391216133
臺北市北投區大興街２４巷７弄５號四樓,25.128930003908,121.499120007036,14000000.000000007,15225073.693609037,9356347.796881124,15213897.196203956,16639605.122672943,18410672.19618021,20349519.3707998
臺北市信義區吳興街３２０巷５９號,25.02508241,121.5645144,25500000.000000026,30353254.571376264,21712802.90081703,25358773.445067324,31777221.646917075,36597823.760594346,44160548.855588555
臺北市南港區玉成街５２巷２弄１５號三樓,25.0474400096794,121.581340023121,16799999.999999978,12241020.992455438,7811467.059650277,10345524.702235827,12763553.86272078,16465106.33197221,18815992.89910519
臺北市士林區中山北路六段１９５巷８號十三樓之３,25.1079500164408,121.524430001864,46880000.00000003,37630691.474773586,29537819.86668352,33565535.41246705,38532580.36023744,45400290.95441545,49559463.34109759
臺北市信義區吳興街６００巷１００弄２７號三樓,25.01788001,121.57203,12400000.000000017,11756707.010932643,7831386.384284852,10833866.013644489,13018086.227021225,15650041.06044557,18147769.656698067
臺北市松山區敦化北路２４４巷３４號四樓,25.0608099834345,121.548199989623,25300000.000000015,19324235.946446735,13621626.065395381,21073578.82248824,23704206.67623029,25161388.223490413,29018897.92719208
臺北市士林區士商路１４９之２號七樓,25.0940800202517,121.517460030279,51680000.000000075,39707795.64889257,29383359.93048892,38557213.842804074,47186999.76194767,49493573.60511843,54354454.03822304
臺北市士林區德行東路１９０巷３１弄１６號五樓,25.10759999,121.53251,22900000.000000037,22298689.39419531,14992595.71367624,16178662.794396847,20883598.369918182,25451569.714928873,30858302.144038115
臺北市文山區興隆路二段６１巷９號,24.9990574,121.5457325,31999999.999999955,32912365.7538841,24848584.047233135,28863982.755542956,33387970.509902056,37354901.71766707,44174766.99140072
臺北市大安區大安路二段８０號七樓之２,25.0316800200528,121.545899995391,79200000.0000001,42560901.79603854,31084337.708481748,37064397.81434705,45780993.42109345,52045898.972531125,56998765.98402326
臺北市信義區和平東路三段１６９號,25.0240698,121.5532162,24879999.999999985,23014885.7319682,14696743.00861755,19032518.168785032,23584939.624814674,25051725.21341667,31614854.552089732
臺北市中山區林森北路１２１號十樓之９,25.0507999793863,121.525299959595,7500000.000000002,8825982.637720197,7228106.064003325,7479251.043230436,8636736.847653272,12112741.192229243,14731261.258194422
臺北市北投區行義路１５４巷７號四樓,25.13060999,121.52887,16200000.000000024,27179217.7248824,17157381.95714233,24691534.603936844,27592342.35529475,33247905.529603023,37353706.64049574
臺北市中正區汀州路二段８５號十六樓之２,25.0254399865053,121.517690029702,53999999.99999998,44648200.03564815,34320251.87103081,36625075.32425909,45619041.88185802,53316271.39810206,60034885.44612224
臺北市松山區新中街４３號,25.06048799,121.560248,5200000.0,8111164.161569189,5087936.752290924,6511520.222219998,8327067.756555349,10005958.40436278,12697575.959593335
臺北市中山區民生東路一段７０巷７號,25.05759012,121.5265033,27079999.999999974,23685116.49780153,15402181.437827047,20182423.45821255,24615537.96385947,31478132.76980955,32955621.920167826
臺北市內湖區文湖街２１巷８２弄１４號二樓之３,25.0894799898795,121.560579976794,16749999.999999985,17955179.850987926,12497547.386715878,15936394.140632814,19846879.875361636,21787827.87349821,25177939.943611175
臺北市萬華區青年路３０巷７之２號,25.0265699927819,121.505009970397,20879999.999999974,23637097.3298417,15453877.06329963,18899375.12977568,24599335.187558353,31885432.1279777,34950003.494079396
臺北市內湖區大湖山莊街２２０號九樓,25.0884499797078,121.598610012605,8420000.0,8497297.25160209,6465895.157919545,7889169.013851942,8620692.754380632,9117775.972978542,10182540.778308224
臺北市松山區南京東路五段２９１巷５弄１４號,25.05188301,121.566738,16000000.000000026,13732013.790029982,9755474.49610409,11890476.358856376,13850179.537685838,18062786.81396987,22496648.625562504
臺北市松山區八德路四段６３６號六樓之１,25.0498099928022,121.574339960504,13499999.999999993,13158807.859153463,9957868.003654461,11607578.368420608,13620666.055278247,13996695.237698369,21770916.177410327
臺北市中山區撫順街９號六樓之４,25.0637799850962,121.521419976615,2380000.0,3218325.2202894613,1750751.1984385042,2374103.30922659,2558102.079634047,3628723.594862558,6078897.954124596
臺北市士林區德行東路３５８巷３０弄１４號,25.1091599860737,121.539379964368,17629999.99999998,25813467.00781311,18628909.906086035,21092661.262092717,25007080.56594732,29072667.961007766,33865618.71284488
臺北市中山區遼寧街７６巷８號,25.0509200082398,121.541239992502,30499999.999999948,20647392.951949127,11879884.882755367,15124659.744515305,19520707.51605014,25883991.364457928,30160001.622965395
臺北市中山區天祥路３０號三樓,25.06134001,121.52096,12400000.000000017,12369237.926542878,5651376.331943387,8807516.585271662,11517934.093343547,12958077.510138605,15488096.325431172
臺北市士林區基河路１２８號五樓之７,25.0886700046662,121.523129968682,6500000.0,6885346.753052052,5263444.015764207,6251610.7435032595,7227782.3421532195,7746585.746909369,9056132.566100057
臺北市中山區林森北路８５巷９０號四樓之４,25.049019998428,121.528019970994,3350000.0000000014,5627533.508842341,3389357.700551604,4575822.645149602,5537772.650340733,6059655.620624071,8126478.188290651
臺北市中山區龍江路２９６號二樓,25.0615200144525,121.540659964802,22000000.000000007,18969607.153445404,14566083.254639601,17343904.95227763,20814678.086034045,23720976.545957245,24600027.731338367
臺北市松山區光復北路８５巷９號三樓,25.0505900127118,121.558590029161,16648799.99999998,14495082.043587135,9117410.492897715,11947952.761882525,15682019.629687455,17394810.729118068,19926152.361161955
臺北市中山區敬業三路１６２巷１３２號,25.077474,121.559016,36000000.000000045,24732716.313445266,16015483.568878016,18827530.673387997,23300530.08274796,28523554.57012734,35842999.429436624
臺北市大安區安和路二段１８９巷８號,25.02664099,121.550747,20999999.99999998,15861521.70934097,9986655.128237998,13351107.531859562,16404627.901884623,19304236.294561915,21497412.241509397
臺北市文山區木新路三段８７號十四樓,24.9820899986579,121.563120028732,50000000.00000009,86192586.77821268,51644504.68037329,71240537.94544502,72279360.6527912,101455054.66419691,128921219.56003967
臺北市中山區德惠街３４號十一樓之３,25.0665800017615,121.526249964501,4300000.000000002,4538491.681181591,3016762.8521995423,3736606.06166532,4344588.511466641,4879426.158204015,5528930.071725145
臺北市內湖區康樂街４８巷１６之１號二樓,25.06910002,121.61748,13499999.999999993,14094910.315723993,9774530.724010276,13105166.803112708,14385713.505475588,16672312.133286746,18729314.46421646
臺北市士林區環河北路三段１１９號十三樓,25.08512999,121.50621,41749999.99999995,50018221.21007563,39639703.771580555,41247119.16533427,41869152.42799075,62914456.38341385,65407013.0866652
臺北市士林區忠誠路一段５６號七樓,25.1046900009293,121.527010035481,37461599.99999993,33336980.772502117,25108959.294033863,32793402.57084123,35876409.623502284,50192544.24674277,52254703.01411988
臺北市大同區寧夏路２０號,25.05483201,121.514826,16660000.000000026,18816360.342261963,14503692.92446408,16562795.205646642,18411920.660392515,20708592.33108707,24331309.20988071
臺北市信義區松信路５０巷５號五樓,25.0473499880393,121.571469996856,90679999.99999997,110088390.21952447,47113773.49576934,94523136.13762775,104699550.98834182,170198617.2394708,207132047.27411887
臺北市文山區政大一街２７９號,24.9870841,121.585298,25679999.999999993,32214302.597373664,22378026.147980142,26308355.748190857,33104456.836078186,36619810.91171517,42310455.09641782
臺北市內湖區康樂街１８６巷３４之１號八樓之１,25.0772499968657,121.620389968911,25500000.000000026,28539259.254772786,19040753.068141572,25572423.36952022,30437215.941604182,35159951.21992758,37970588.144791715
臺北市中正區晉江街７２巷３號二樓,25.0235900166554,121.52354998585,22799999.999999996,17011220.26919705,12786677.137345929,15202436.742944445,17716432.81041862,20336171.638437595,23430183.494588047
臺北市萬華區西寧南路８２巷７之１號,25.04241502,121.505497,2130000.0,11170772.239128316,6650740.485255738,8500753.34759627,11237164.88834801,15078442.95499945,16871934.023752082
臺北市北投區珠海路１１６號,25.14202099,121.506187,16679999.999999998,27799188.11234036,17519750.421315223,23462020.975212615,29911833.594815224,35573217.45194062,40447949.915651515
臺北市中山區新生北路三段１號,25.06288702,121.527991,7049999.999999994,6982630.752853723,4763279.226030114,5323900.516902536,6454297.26821622,7502665.576943907,10193504.301111994
臺北市南港區興南街６４巷４弄３號,25.055888,121.601623,6680239.999999996,11201258.689570911,6901343.164574125,9277109.8100474,12837364.632702366,14599680.847028257,16887013.7140425
臺北市萬華區成都路１３９號,25.04350601,121.503248,28999999.999999948,32726527.928435154,21939531.775294207,25215869.985271424,33467431.21650263,37123396.255211845,46605156.13322592
臺北市中山區林森北路２６３號十樓之１,25.0546499970624,121.525559966231,5750000.000000004,6456376.419987391,4814608.74729991,5590942.555378223,5925302.995560436,7499981.336592945,9293163.570126638
臺北市士林區天母東路８巷８２號二樓,25.1149199880263,121.530479975757,23200000.000000037,17973344.216634147,13578663.113741096,16908810.60317123,20212548.540446103,22403648.697704874,27901348.479183383
臺北市松山區南京東路四段２１號,25.05192001,121.550331,37779999.99999994,30808915.03579197,21323797.77694961,29735810.7216868,35819138.48545337,39698903.507973,44165035.80081506
臺北市文山區忠順街一段２６巷３０弄１號,24.982364,121.559469,18500000.000000034,22354853.805797733,15038419.852381373,20392417.61066512,23373244.482358962,26946422.083659172,29597079.69475099
臺北市信義區忠孝東路五段３７２巷２７弄１６號二樓,25.0394600187612,121.574380026001,25500000.000000026,21666861.376502566,14859615.893206004,19664623.67064111,24714569.33296434,27409164.77710767,29044636.986653093
臺北市大安區通化街２００巷３０號五樓,25.0270999805197,121.551960027568,25999999.999999985,21363671.4765385,14628498.13233844,18441495.016901735,22364433.875917546,26473180.232884087,29936806.56454135
臺北市中正區杭州南路一段２５號,25.04209998,121.526461,41800000.0,32336720.385320175,18316337.363093786,30925620.87657056,40237967.97632778,41129961.25018698,44560842.22311948
臺北市北投區泉源路３９之５５號五樓,25.14122001,121.50614,5100000.000000003,10058298.659095295,5732852.49169263,8150832.444438394,11174475.122817516,13884986.32262329,15412376.145273715
臺北市北投區致遠一路二段７０巷３號三樓,25.11257,121.51407,3600000.0000000014,6233102.123495697,3988833.9632690707,4928977.039865631,5926989.464561711,8265430.579744718,10008852.590430854
臺北市萬華區雙和街１１０號二樓,25.0277399807366,121.500909962459,5500000.000000001,4652155.194637753,2874933.820326552,4040765.648473374,5320172.577992007,5769553.442473989,6938287.515923316
臺北市文山區辛亥路五段７４號三樓,24.9990200181487,121.553489976355,13100000.000000015,12461520.255696692,8679928.795925658,11093289.798280701,12652422.170226138,14557231.674398974,15859341.406907866
臺北市中山區南京東路二段１０８號五樓之２,25.05179998,121.53207,13799999.999999985,15840028.088271774,10963138.484235186,11887893.34310111,13621697.244240321,16100928.38875769,20653974.533149734
臺北市大同區迪化街二段２９６巷５號三樓,25.07137998,121.51174,14880000.0,13914794.541177027,9368321.0200685,12841674.77810038,14848144.623428613,16669044.089778557,19539238.4901864
臺北市大安區瑞安街２２２巷６８號,25.02844,121.538463,51499999.999999985,47679643.45577488,31626349.21388222,42154244.50068826,51546740.570444256,53482520.98701407,79139696.5057353
臺北市文山區木新路二段１０６號,24.98493301,121.570105,22324999.99999998,23505969.055423807,17196567.911245093,19361392.734954886,21758374.44630275,29271438.214517005,35026768.27939837
臺北市中山區龍江路３９４巷２０號五樓,25.0671200058735,121.540299962061,16330000.0,13911408.370678794,9512086.983821932,12558373.193924768,15180263.926629575,16762093.812788013,18963203.092800915
臺北市松山區南京東路三段３０３巷１４弄６號六樓之１,25.0532700005236,121.547330031892,16999999.999999974,13411833.816823935,9773783.847078862,11409230.453187313,16262240.286062278,17559250.155225456,20911300.244043853
臺北市士林區延平北路八段９６巷４５號,25.10663402,121.483208,6250000.000000005,10267328.71073099,7076926.805996108,8660646.866579823,10289284.090640385,13355965.966008645,16401990.163267687
臺北市信義區松山路１１５號三樓,25.0476099946758,121.577949962382,20800000.000000004,17954044.650535867,11995257.503227217,15944970.970374031,18169661.461827036,21190635.826274358,24635332.177919596
臺北市萬華區昆明街４６號七樓之２,25.0464299903467,121.50571002695,10499999.999999994,11154464.955440437,7367050.302224085,10505990.061504144,12276047.213258816,14363581.907135786,17750398.508590844
臺北市士林區磺溪街２１巷１６號,25.10626701,121.522501,22579999.99999997,20751967.231395658,14241328.218122074,16696716.796459144,20188610.22822621,22737509.79962205,25920749.48210192
臺北市松山區復興北路４２７巷２５號,25.063394,121.546364,12580000.000000015,13001973.459134147,10194352.54764886,11671154.089439753,12946239.081070727,14619394.6631325,17792105.473805405
臺北市信義區光復南路４５１之１號十二樓,25.0346599961792,121.557789976503,20200000.000000034,18576802.24295057,11860967.243257046,15888576.54019592,18928869.40529845,20997963.59305806,24058421.616567433
臺北市大安區大安路二段１１４號四樓之１,25.0305700046153,121.545950035353,28600000.000000026,27013719.427850146,18369189.856822323,24781189.278760713,26397014.940086156,33333713.10454944,36430367.73086432
臺北市文山區辛亥路四段７７巷９２弄９號六樓之６,25.00877999,121.56122,10080000.000000004,10024314.995165452,7595317.231262018,9578257.681262035,11251149.674356958,13146330.959276468,14892016.921093188
臺北市士林區中山北路七段２１９巷６之２號六樓,25.12702999,121.53245,31500000.00000002,33500234.624823567,23530908.90315818,31191194.353050224,38195732.76867446,42479190.78392593,50319008.956358805
臺北市萬華區萬大路４２４巷１７０號,25.020661,121.493489,10100000.000000006,11479404.988602981,7392394.311892769,9249503.51131741,11146200.154764934,15653535.12889367,18005050.239630714
臺北市文山區和平東路四段８８巷９號六樓,25.0049699959368,121.567179971173,15000000.00000001,16934185.00050202,12619777.099362742,16405419.908495475,17758947.216440693,20337273.325227957,22582645.220152974
臺北市大安區金山南路二段１８８號二十樓,25.028170014279,121.526009990613,66580000.00000001,50018149.56598987,31288875.742149357,46552631.795982346,62059740.57007774,66756380.778982185,77337674.93821156
臺北市大安區忠孝東路四段１８１巷５０號二樓,25.0443599955385,121.550740041561,36999999.99999993,32196121.23324516,23895052.504255578,32794024.1840048,37266983.09165198,39933079.01494785,44601448.23758045
臺北市士林區中山北路六段４４１巷１７之１號五樓,25.1162999845651,121.526920013841,21080000.00000002,16582027.004864829,11878833.966855641,14738370.145473871,17707840.547577135,20021497.466686644,23655186.661944583
臺北市中山區長安東路二段１０５號,25.04853599,121.535252,15300000.000000017,14597028.422088599,10430385.91526033,13365782.78919354,15359183.586549424,16384317.732339665,20978885.990339614
臺北市中山區新生北路二段１５巷１之２號,25.05310442,121.528439,20000000.000000015,17392536.279275693,12137921.378794137,16131194.45351499,19322139.935408268,21243297.675945997,24850106.61691046
臺北市信義區基隆路一段１４１號,25.04306901,121.565851,18104000.000000026,16644331.963199688,11462569.323436763,14351418.157492975,18366833.013112653,19335421.605929077,24344279.869005814
臺北市萬華區康定路２４號八樓之６,25.0375999906275,121.501529971837,3280000.0,4146646.8559019496,2935457.371365714,3332894.9212253294,3861710.754596148,5018305.267848188,5457599.948184954
臺北市中山區中山北路二段１１５巷３８號二樓,25.0607800181307,121.525010029564,15300000.000000017,15185610.982295424,11132826.786566783,13461349.053528465,15312484.057285162,17802348.184315372,21204471.82219828
臺北市大安區通化街１０２號三樓,25.0296000088703,121.553949975201,9280000.000000013,5708529.078382783,3998760.8481321787,4529250.242967548,5863662.716480786,7357484.830589077,8668706.384030687
臺北市中山區松江路１７０巷１６號九樓,25.0559400138706,121.532179993359,20000000.000000015,36674482.72126766,27209696.804990456,34282278.09342775,38167940.002564035,45921547.42886757,51410843.58132329
臺北市文山區萬美街二段４９號,25.00517762,121.5645728,5679999.999999996,8299596.730039682,6033143.459105938,6989989.7900987975,7292283.232466098,8860954.052745748,9823469.974418264
臺北市萬華區貴陽街二段９６巷１２號四樓,25.0393099826944,121.503169975012,15000000.00000001,17173183.827392228,11513351.257418802,14175781.166634027,16867136.27397399,20514784.680303358,23742372.97906985
臺北市士林區天母北路９巷１之１號三樓,25.1192100137096,121.526690014418,18500000.000000034,18855893.726231635,14523058.80512761,15780776.681417456,18245755.778113533,21464245.95840834,39738070.06290568
臺北市松山區八德路三段１９９巷２１號,25.04927502,121.556479,12699999.999999996,8944464.480914792,5618048.770652676,6844084.394211499,8365661.958348883,10546175.803357273,13767690.649880689
臺北市信義區福德街６５號,25.0367299909875,121.580829984313,29250000.00000004,15321675.270023786,8852141.492564779,13052952.334214373,15298168.249565551,22783039.313694514,28685718.6105359
臺北市信義區福德街２３２巷１６弄１６號四樓,25.0390299852188,121.58476998172,16299999.99999999,11524859.623258293,7516602.127730149,9256166.082517516,11664559.437780954,15382205.430744996,18265161.489745893
臺北市南港區南港路二段１７８巷２４號,25.0543099851601,121.600150019676,14299999.999999993,9627909.016114853,5838574.659842076,9194756.463972475,10484589.587846812,15082345.40598128,17785540.391988277
臺北市北投區新民路１巷８號七樓之９,25.14124,121.50777,8199999.999999994,13272358.883827627,9471390.737824762,10948660.725623604,11823364.376276543,15856139.351176992,20076574.01558461
臺北市中正區南昌路二段１４２之１號,25.02508899,121.523074,11500000.000000019,9939073.761633137,8219277.693596995,8861438.57564616,9522010.463910107,12128871.11717277,15182155.146931639
臺北市萬華區艋舺大道２５２號,25.03262801,121.498523,9360000.000000002,9414437.140105989,6409019.790305702,7975080.736445551,9604146.82770317,12355532.55122558,15583974.035564799
臺北市信義區松仁路１７８號,25.02795401,121.568218,20999999.99999998,14345283.213467317,9583884.021406658,11072786.397964079,14895432.22341104,18212251.54638152,21660267.958536293
臺北市大安區建國南路二段１０７號八樓,25.0299300043983,121.53827003275,28880000.000000045,23546352.195351206,16119603.47699904,21287402.455623552,24788061.613637723,30016575.67056363,30019918.97275914
臺北市北投區天母西路１３０巷３號,25.11887302,121.522437,54500000.00000007,46379969.40596254,32451962.053292293,41406005.2866824,47199616.43591489,54037598.47535141,64156362.615964934
臺北市松山區富錦街３５９巷２弄４０號,25.06127401,121.559892,35000000.000000015,31592264.701100737,20014131.605851695,28679434.028339844,34736600.17861125,41469837.732239194,42275175.5284527
臺北市大安區樂業街７２巷１８號,25.0219916,121.5506377,24799999.99999997,20611364.775313485,15436403.021297555,18201566.503820065,23391795.591928724,27938463.453792833,30828595.144523278
臺北市大安區溫州街７５號二樓,25.020349991983,121.533050034909,12000000.000000007,8348886.960363705,4951683.432628552,7477820.204972423,7877809.909094782,12034542.147119336,14161092.20290486
臺北市大安區仁愛路三段２４巷１弄４之１號三樓,25.0371800153689,121.535899965808,22799999.999999996,12746399.930813167,8641779.138506232,10825082.743455999,12868447.423683368,14877455.364294892,16508684.153812595
臺北市中山區德惠街３４號,25.06658692,121.5261865,3850000.0000000005,1577216.9716895747,1033584.0116674358,1543606.0535624344,2174452.845953479,3046046.5422548023,6559792.925995629
臺北市士林區磺溪街４７巷１４號,25.10719099,121.522466,22000000.000000007,18999272.673207898,14086122.510912228,18456483.136591624,20712978.29876114,22480434.88888091,27914385.63497188
臺北市士林區基河路４０號十二樓之１,25.0854200055289,121.524790004606,2199999.9999999995,1729919.876924404,1484675.6444253183,1503452.9025526932,2638435.979124275,4007667.4831184708,6853245.802339317
臺北市中正區羅斯福路一段８３巷２號十二樓之７,25.031409997042,121.519849962331,36499999.99999996,21867700.59175888,15008708.297572408,19467089.603449825,25601601.79980603,27723937.507106956,30624563.366911866
臺北市士林區延平北路六段２５８巷２４號,25.09029299,121.503868,16500000.000000013,16168477.193127222,10569933.460017283,14112251.233896453,17378342.785579097,19850555.980720986,23312012.465763494
臺北市中正區羅斯福路四段５０號十樓之１,25.0148999947193,121.533689993217,22880000.0,23903602.21985106,16426888.561255729,21350993.82403045,23451168.971735224,30125048.43857336,30578529.188633833
臺北市中山區錦州街３３６號三樓,25.0601100107004,121.538749980525,21200000.000000004,18782640.632247206,13188813.093544073,16592929.7037496,20788804.263221603,23392604.29549313,26712687.548412815
臺北市中正區西藏路１００號九樓,25.0303799868703,121.505190013677,23100000.000000026,27798863.511118528,19652022.707477707,23268252.026810747,26694863.913298648,32666772.316651367,34658816.11664752
臺北市內湖區成功路三段１６５號七樓,25.0798200141079,121.590230037267,27999999.99999999,24738061.386675444,18007593.984304626,25023281.772038978,25985185.78647509,33382229.155904207,36863018.01163272
臺北市內湖區康寧路三段７５巷１３５號三樓,25.0746700051588,121.609410011028,27500000.000000015,25498700.3915673,17157478.659950864,22100828.254491102,24786411.550122596,28340562.87406312,32130285.571702406
臺北市信義區吳興街１５６巷２９弄１號,25.0284399953803,121.560790027287,10925000.000000007,7338995.231937728,4084617.2339796675,5725137.4603759805,6883083.770235882,8338620.241290487,10919056.517142354
臺北市中山區明水路５６７號五樓,25.07956001,121.55138,10449999.999999994,8044429.119772844,5363517.859055968,7165387.578916598,7750317.432518377,11645051.109893521,14106360.071646597
臺北市中山區敬業三路１６２巷２５號,25.07893199,121.557831,32550000.000000007,29183376.44033284,21439998.108188227,26059344.54936217,30115887.29256259,34612057.02980151,37985709.68197717
臺北市萬華區中華路二段３３６號四樓之５９,25.02950999,121.50436,3000000.000000001,3132006.5753991255,2460109.336169458,2996245.741290589,3494151.0848358367,5561127.62545545,6095767.737565745
臺北市北投區磺港路１８２號三樓,25.1278199884704,121.502850037768,15100000.000000026,16182911.768306892,10926921.36256028,13233096.797770318,15815513.980604444,18121141.268852953,21246581.81893163
臺北市中山區中山北路一段８３巷１３號四樓之４,25.05005998,121.52401,6560000.000000002,6961929.065229833,4264626.535527912,5751707.494603574,7335344.264556285,9046037.056374568,10052389.758178445
臺北市文山區景興路１８８號二十三樓之１１,24.9925200198742,121.54360000116,7199999.9999999935,7822496.665995427,6455334.323782122,6964478.712981447,7193921.562304311,8605452.740989987,12198577.873015208
臺北市北投區立農街一段２５７巷７弄５之１號三樓,25.1203300036119,121.505350024209,15799999.999999998,14274602.681227878,9170180.102981186,12149055.015978297,15225479.661290253,16460341.300168706,18993260.807598032
臺北市大安區和平東路三段１巷７２弄８號十六樓,25.0276999990585,121.546459990342,26099999.999999974,23751537.943063557,18196883.219530318,22190390.048696518,24545366.98398813,27600738.7093121,29398064.718046747
臺北市北投區實踐街５６巷８號四樓,25.1144899963934,121.509599984395,13499999.999999993,15581316.291997323,10927818.800541382,13608140.876806002,15371782.429293875,18118052.70284558,20924976.89937642
臺北市中山區新生北路一段５４號六樓之１,25.04632002,121.53105,17619999.99999997,13003459.580070259,9298776.445762906,12114871.837567221,13912380.398548625,17355306.181311786,19184490.002161793
臺北市信義區崇德街３１巷５弄５號,25.02475598,121.554236,20000000.000000015,19302942.312266145,14086122.510912228,18640991.689263072,20713497.694654554,23125941.30355095,27412476.956795625
臺北市大安區永康街７５巷１４號六樓,25.028810014496,121.530700000716,40599999.999999955,23425348.469514254,16711750.85786786,23774564.604685355,26419554.108471405,30544452.371731848,32732302.577676777
臺北市文山區羅斯福路六段３９巷３６號五樓,24.9981599929734,121.542259986299,18600000.000000022,23575543.47436277,17151986.49113763,18681022.09412411,22746245.551861536,29324570.07287608,33012007.774018757
臺北市中正區信義路一段５之３號五樓,25.0368400034666,121.521930015423,51999999.99999991,29656504.132073946,21945545.536986504,23555578.664372817,28881585.474987723,32018419.4603598,40561362.83845653
臺北市內湖區內湖路三段７２巷６１號十一樓,25.08829999,121.59112,16000000.000000026,15862297.027076254,13264950.112477286,15510666.226929542,15848659.002935298,18756731.889604393,20480053.12966691
臺北市北投區大度路三段３０１巷８０弄２１號,25.12089599,121.465094,17700000.000000007,19274496.32906324,12490550.60067403,16425026.558113404,21593325.44119701,26362959.698964044,28723397.864105042
臺北市文山區羅斯福路五段２５２號三樓,25.0011499854741,121.539079976053,3000000.000000001,3650706.408511424,2560436.1578800566,3031363.8541855114,3676346.9977946733,4870779.850195446,5872248.410511147
臺北市北投區中山路４７號十一樓之９,25.1387299993721,121.511780033592,4799999.999999999,11177867.981411599,5769980.817357166,7781549.824456365,10753133.30955433,14388370.498844814,18852600.244380295
臺北市士林區忠誠路二段７６巷８號五樓,25.1119199791513,121.530319965226,17999999.999999985,17156973.67455473,11871702.510315362,14874801.175879536,17415846.30078351,19872547.628911305,23699770.534040667
臺北市松山區民生東路五段１３８巷３號十二樓之４,25.0584599911508,121.561680017766,15000000.00000001,12224898.799447928,7835699.298257876,11682972.723631192,14272207.786639318,14928738.650269365,16691545.566276476
臺北市萬華區萬大路２７７巷３５號六樓,25.0255399826102,121.502130032285,18500000.000000034,21049597.318074718,14095450.511527505,16859518.08956573,19830139.83833595,24074524.0424211,25815285.570490263
臺北市信義區虎林街１３２巷２１號四樓,25.0402399967612,121.576129999746,17400000.000000015,14743382.710409585,9723195.597691178,13425909.702676535,15858065.144723954,18678696.190157034,20228136.266367286
臺北市松山區民生東路五段１７０號七樓,25.05827002,121.56279,29399999.999999985,23818615.093421377,17138685.199172873,23088733.347897593,25563690.95776673,31095030.98589927,32996376.30937657
臺北市信義區信義路五段１５０巷１０號十一樓,25.0279900129083,121.570510017486,67000000.00000012,53073810.751670584,39997189.51110168,47141525.18666881,57950248.42476028,61575499.93133903,69515375.07635574
臺北市士林區社中街４４４號,25.09157999,121.502066,12499999.999999985,11236091.618288878,8120197.081588953,10431312.157838082,12442043.258340225,14517208.675048565,16131910.24328211
臺北市大安區羅斯福路二段９３號十八樓之１,25.0251399981906,121.524120039085,15199999.99999998,10381538.762925083,6979657.311039016,9088754.707099084,13971348.321200114,14162506.975532178,14365770.424544398
臺北市信義區莊敬路３９１巷５之１號二樓,25.0281299906914,121.565829981848,30999999.999999978,24588733.91743228,15985201.757759983,21889488.355793614,25139596.26191108,28380276.839145478,31622400.218688145
臺北市萬華區富民路１５５巷３３號六樓之２,25.01844998,121.50092,11199999.999999998,13286646.838654282,9401860.724757584,10673172.17606178,11848243.658256084,15732300.995978734,19499908.18810556
臺北市中山區農安街３３號十四樓之１,25.065020003852,121.525129974599,19149999.999999993,21811834.947666302,16909573.546348594,18718847.908364855,20188133.574879646,25575336.85062945,29857304.634686563
臺北市士林區重慶北路四段２２２號十三樓,25.0861100037983,121.511390023637,20899999.99999997,26180315.109181397,19819294.48818765,21526068.69859279,27606402.870480496,30008980.723293647,35212375.285513416
臺北市信義區虎林街７６巷７號,25.0436000083776,121.576750009124,19579999.999999993,18228203.893034793,11847488.076004224,15314068.857534569,19529392.025918666,23935302.65652929,27229272.520849023
臺北市信義區松德路１０４號,25.03774902,121.574998,59799999.99999991,42471356.1633196,33050584.820231896,39649390.4617404,48513727.28878105,49170933.81923738,58704911.9271579
臺北市文山區景興路５３巷１３號四樓,24.99666998,121.54567,17999999.999999985,17966486.878312774,13361671.208725613,17291177.87427844,18885140.922253672,24040264.583623327,28119530.159656174
臺北市松山區南京東路五段２３９號六樓之２３,25.0515799992958,121.564819962515,24799999.99999997,16812340.040121008,12267566.395164583,15549891.562267613,16396732.706778482,18013161.591670416,24446169.421733566
臺北市北投區新興路４８號,25.141269,121.488718,13499999.999999993,15576231.207946297,10813602.773617249,13487393.481258618,14822550.046779372,17782250.484664906,19899118.027865253
臺北市大安區安和路一段６３號六樓,25.0373300095263,121.551719969861,79999999.99999988,39755738.021059655,26749068.113257997,35275749.06695937,43516115.18714765,51249093.199048884,59621934.68457623
臺北市士林區中山北路七段１４巷６號三樓,25.11867001,121.5315,25550000.000000007,25672653.701615658,16311748.244367618,24833940.283821743,29281494.064165197,34200360.36462076,35961032.79339969
臺北市內湖區文湖街２１巷１００弄２４號,25.0909399916841,121.561120022815,16660000.000000026,15683517.708475882,9470604.12552928,13626324.521391533,18535055.153421726,21520268.178881157,25078894.190451995
臺北市中正區水源路３７之６號二樓之２,25.018600018238,121.52394997027,40500000.00000005,43214792.84294334,31390490.685403697,36609881.4751083,45521826.13389006,53081274.4996946,57487032.00496204
臺北市內湖區康樂街１８６巷３３號二樓之１,25.076930017712,121.620470016087,7349999.999999996,9317153.386338549,6655601.498644853,7914643.877935387,9495734.543080173,11389811.668111589,12387390.639721442
臺北市萬華區成都路１０２號,25.04350701,121.502233,16149999.999999981,22313624.803525455,17704546.308451857,18041345.652786903,22182414.299853235,25401656.772448868,28078654.401335955
臺北市士林區大南路４００號,25.08954101,121.515861,18500000.000000034,15796992.469686387,9920308.747963788,11973891.971851287,15771614.634251738,18558328.474406864,22295015.982725985
臺北市中正區重慶南路三段６３號,25.02658202,121.516312,24799999.99999997,24564676.755728625,18985016.948813062,22432451.829881936,25627616.3806462,27358329.763706572,29819540.730747927
臺北市萬華區昆明街３０３號,25.03563402,121.503463,11800000.000000015,17713694.899625048,11803864.974356651,15481385.923838237,19775678.250647645,23027387.215486735,26654673.320458114
臺北市北投區三合街二段４１７號,25.126527,121.502885,15499999.999999987,12896086.961032474,7535416.780100179,10095587.659767002,13428048.603556145,15792717.537543096,19461895.565710153
臺北市中山區新生北路二段２８巷５號,25.05399101,121.526363,43999999.99999999,43999120.86909428,34004049.15956434,43902220.45985632,47248200.45081273,54987023.40060653,60803649.39829544
臺北市文山區興隆路四段５８巷３５號,24.98504299,121.559389,24000000.0,25062004.42736491,17201157.96678073,21476515.06217678,23488714.207683444,27270086.663912266,34045986.87565239
臺北市北投區文化三路７號,25.13763499,121.497278,19299999.999999985,23033434.847664945,16141170.966620727,19692585.95716256,24896314.368204214,27260984.011212368,30983530.100211058
臺北市大同區延平北路二段１４３號十樓之３,25.0578499981472,121.51162002306,22399999.999999985,32852205.22397023,24430141.66538239,29401404.234007828,32523414.001237668,40555569.77258641,46627855.59351528
臺北市南港區成福路１９４巷８號四樓之３,25.0406800047684,121.587819988647,17150000.000000004,17321284.173749685,13215869.502965573,15328349.65781464,16093123.549775079,19175274.71652659,22658691.332339298
臺北市文山區木柵路一段５９巷４號,24.987181,121.546076,12099999.999999993,12175654.208820831,8962070.789432578,10387265.722143233,11886007.853021216,15512593.376919396,19643848.18996253
臺北市萬華區西昌街１７１之２號二樓,25.0389599963273,121.500699995784,11800000.000000015,13042175.10349008,10410627.331193186,11020633.25612227,12219173.063039478,17798593.47708062,20038382.76111969
臺北市內湖區民權東路六段１８０巷４２弄３０號,25.06735499,121.591947,48000000.00000006,52587917.82267827,38343029.41548667,44706183.021015525,52531743.929904036,59928958.20450547,75578743.19393802
臺北市士林區天母東路８巷２１號,25.11721116,121.5324463,14974999.999999983,9817369.88676285,6305042.8936270075,8300567.802771772,9344919.957704596,11933692.016253274,14966361.777837714
臺北市萬華區和平西路三段１０９巷１１號,25.0359099893998,121.500500003575,6000000.0,10709370.597886555,6260651.653659991,8340086.677219765,11511143.681588521,13257674.2188931,16082371.227401515
臺北市士林區德行東路３３號五樓,25.1104199956685,121.53778002669,13062500.0,14694939.799118603,10941657.18664889,11921201.17342785,13691834.164835982,14247125.851734444,27825258.36012246
臺北市北投區紗帽路１１６號,25.15086498,121.547167,9999999.999999996,19765093.146268472,12709929.65438954,15942903.258466747,21965324.921572264,24888102.486573525,28139882.672631904
臺北市中山區基湖路１５１巷３５號,25.07748498,121.564793,12499999.999999985,10567020.470576132,7500698.838343395,8684656.219637156,11813832.614733355,13973230.572953453,17689604.09490538
臺北市中山區撫順街１５號九樓之２,25.0638200086839,121.521240017154,16500000.000000013,17414054.76164719,12588364.44198671,15007935.65080262,16718467.939736309,20208772.085984197,22694686.367817476
臺北市大安區潮州街８４號七樓之２,25.02906998,121.52455,16430000.000000026,12249112.84042941,9495301.03374738,10004654.336084364,11597820.266083464,14531153.68252692,16476728.143882485
臺北市中山區北安路５８８巷３０弄４號九樓,25.0809400040102,121.550450027711,43999999.99999999,38336839.41568202,29023738.848454107,37519488.97910372,43258830.30826776,47621057.08008525,53726939.389410414
臺北市北投區雙全街２０號八樓之１,25.1388199791027,121.501029991312,14899999.999999996,17757010.942727324,14264863.6521205,15385881.44936051,17748605.821103744,21784632.456169296,23603569.78354068
臺北市士林區中山北路七段２１５之１號六樓,25.1265199971974,121.532769995524,27500000.000000015,27983472.500444427,18805256.680394594,24333159.79137466,28528977.77343406,34559056.540831506,37279653.19001754
臺北市中正區杭州南路一段２１巷２２號二樓,25.0422700098913,121.527359979938,31500000.00000002,19614744.844232786,15339468.768356167,16952653.654242665,19686669.962701894,24263664.272876017,30350796.32654932
臺北市北投區行義路１４２之１３號七樓,25.1298399852262,121.52819003981,5200000.0,10134781.21000324,6885064.913150359,7538896.031629466,9944052.221527638,12202655.4262634,14698085.996919394
臺北市松山區光復北路２１０巷３５號,25.05532,121.55369,29180000.00000001,23636263.282776263,16896048.435968705,22586661.134549595,23656289.14669898,28574760.969265513,31034012.270863302
臺北市中山區新生北路三段６１號,25.06597902,121.528078,21900000.0,22294398.67583113,18216818.60479802,21727542.424329624,21892526.828582123,28131776.645311773,29597511.914214756
臺北市大同區天水路５９號十樓,25.0526100094675,121.512540020753,28999999.999999948,32098559.390090007,24647266.370251685,29112523.802148763,32744326.272103876,36480509.53077394,42870595.15251836
臺北市士林區延平北路五段２４４巷２２弄１９號三樓,25.08432001,121.51099,8659999.999999998,10157752.479244845,6565932.221931316,7901797.251846139,10048175.950893128,13124015.304506384,15855236.238987882
臺北市文山區木柵路四段１５９巷１５４號二樓,25.0031900149785,121.577809984599,9500000.000000015,13410079.676904108,8695682.485464279,9874518.822627237,13282183.542818263,16634264.073469317,17988633.461937923
臺北市大安區和平東路二段３１１巷４３弄９號八樓,25.0258400128343,121.545979958748,31719999.999999985,26393549.812571462,18120360.89848002,22016692.970153064,25673187.281409,31912187.89859757,34926239.3838418
臺北市文山區木柵路三段５號四樓,24.9883200158311,121.565520019068,9999999.999999996,10377759.902105847,6529072.932830043,9654293.426117228,12134339.414958492,13890756.830001116,16306487.104118437
臺北市內湖區民權東路六段１８０巷６６號,25.06664002,121.59253,19900000.000000015,19489253.738366235,13875212.119629476,16738666.414545631,20674958.02281483,24310386.83386839,27258558.664734345
臺北市文山區辛亥路七段８４巷３號,24.98155519,121.5544061,16200000.000000024,20124045.532826383,13561187.863977522,16072324.829986414,20682191.223166954,24760694.634226687,25755659.8123267
臺北市中山區北安路５７８巷８弄９號,25.08047598,121.548754,27799999.999999955,18176018.58087338,12647064.463377267,15163164.818362813,19632469.337135784,21506430.803141415,27707981.834863707
臺北市文山區景興路２５８號,24.99014899,121.542729,12099999.999999993,13279614.18980709,9230414.859005634,10292708.917652244,11721677.457864283,16430169.192743272,21160861.833972566
臺北市中山區農安街３３號十一樓之２,25.065020003852,121.525129974599,23329999.99999997,23200255.38913378,19190568.244780026,19234655.58412943,21351027.724018134,23229744.263407923,39457439.85702822
臺北市文山區政大一街２６９號四樓,24.9867899832254,121.584829996147,26549999.99999997,32269064.520878628,23025310.09128908,25833902.182445616,33553331.042986583,37713526.44578225,45223122.30604284
臺北市士林區忠義街７８巷１１號,25.1065600035277,121.531329984558,33600000.00000002,24704015.924983673,14211639.490445776,22333118.978024427,28672346.498244673,33330859.699538097,36019147.875365466
臺北市內湖區星雲街１８號五樓,25.0778799807084,121.590619963403,17379999.999999993,16663319.923023857,11972971.39693946,15149971.78147661,17298693.88099107,20192812.893164594,23236479.702182412
臺北市南港區福德街４５１號十二樓,25.0397064503849,121.589272506797,20099999.999999978,26348090.291957423,20839629.23544425,21779781.61383892,24084273.72277558,28094406.367781986,31311583.74763505
臺北市信義區吳興街１５６巷１６弄３號五樓之１,25.0288199889608,121.56093000507,14800000.000000004,10650573.319136709,7353708.898660389,11597830.92913358,12057204.349182298,14108226.144353636,15197893.075987637
臺北市大同區歸綏街１２６號二樓,25.0582900061544,121.514740018879,19579999.999999993,21651467.772663653,17038051.95769062,19566096.647160638,22322675.67891366,25801952.672794893,28475055.887168977
臺北市北投區致遠一路一段４７巷１號一樓,25.1082099811678,121.515920023208,12000000.000000007,21691836.468053788,12940361.99506892,15863684.151987484,20419045.222323794,25556957.293216772,29989942.0670589
臺北市北投區中山路２８之１號四樓,25.1371599850883,121.510219993773,5500000.000000001,9005089.114315137,5708122.524151961,7358301.028708041,8754841.537749229,10687814.261693634,13713755.72469205
臺北市中山區新生北路三段７號三樓之１,25.0668900064504,121.528089959886,15000000.00000001,22123669.930665113,14103118.904280465,19959656.313602448,24036689.70372802,28208789.20637587,30129904.504191983
臺北市大安區光復南路４３２號九樓,25.0360899907705,121.557369959335,39999999.999999985,26592358.910849374,18636544.134877853,23722917.461401667,25770171.01709871,33331548.387527697,38218459.57150771
臺北市中山區市民大道二段６７巷６號三樓,25.0467399950357,121.52916996811,16660000.000000026,13878456.75030417,8949370.68940395,11523446.954557441,15044927.957137385,16889954.193177518,18610658.55587616
臺北市大同區民權西路１７９號四樓,25.0631500012535,121.515820027104,24999999.999999963,19155957.286136724,14574068.894401696,18117952.52076764,22075067.93158275,23441982.580807246,25594190.53877896
臺北市大安區和平東路二段３１１巷２８號三樓,25.025500000932,121.545059961055,17499999.999999985,13211263.712498251,9054835.627127005,12711964.798134351,13822839.134005312,16048375.330004001,17753565.49880734
臺北市松山區撫遠街３８０巷９號三樓,25.06418998589,121.56529999411,21679999.999999963,26423322.122073602,17329983.67792492,24609860.48930767,29594901.739096858,32832736.303909965,35822243.72174368
臺北市大安區和平東路二段１０７巷６弄１號五樓,25.0262299808796,121.539839963214,42000000.00000003,31225601.432784144,22635622.50911652,28402781.562018324,34516990.65091708,37284202.4537553,42030297.49404063
臺北市萬華區萬大路４２３巷６３弄７號五樓,25.0218700082143,121.500760010211,8499999.999999998,9968637.062170245,5612508.287424969,7526037.4315379625,9514039.695900865,11552971.909664636,15032435.243504783
臺北市文山區景華街１７７巷２號四樓,24.9979600007636,121.547590038528,13499999.999999993,16288769.75285517,10601898.579015594,13507322.144175757,17807931.012455955,21180695.992314156,25799176.539893225
臺北市內湖區民權東路六段８８號四樓,25.0687699835136,121.585840015479,16999999.999999974,16231723.53867375,11246878.250669628,14389335.988351518,16976523.45495594,19868312.95128937,24083357.419961777
臺北市北投區光明路２４２號十八樓之５,25.1361099840776,121.507999962898,13879999.99999999,22483262.996812094,13849191.5947871,16103796.91204304,21417218.803322084,25242776.773227543,30277300.58838234
臺北市內湖區民權東路六段１２３巷３４弄２３號十樓之５,25.0705099827938,121.592200035971,32380000.000000026,33389897.644389603,24981884.21027396,30776706.898038138,34529757.56494995,39300246.89949412,45058779.074818216
臺北市北投區石牌路二段３１５巷３４弄１號三樓之１,25.1239099982772,121.52239001427,31879999.999999993,32269064.520878628,23259114.22266697,26571114.52611817,33022769.697269466,36390970.05125992,45729211.87836707
臺北市大同區承德路二段１１２號,25.05865701,121.517969,15675000.000000004,10256073.128245177,5094204.614224568,7934332.5365872495,10325467.927973578,15289374.726271063,16038707.327616619
臺北市松山區南京東路三段３３５巷５號,25.05222599,121.547485,17349999.99999998,11098357.324882817,7321286.946657656,11224425.638059884,12985623.898634113,14893705.036969714,18649869.11666305
臺北市內湖區民權東路六段１９０巷１１７弄４９號,25.0644189,121.5948745,23679999.999999985,23572224.16967383,16540941.495309062,20197870.66243437,23622353.463667918,27594423.353103064,30559069.618233122
臺北市信義區信義路五段１１７號三樓之１,25.0338200037525,121.573700002196,15480000.000000022,12572520.511390693,9507087.16343122,10805894.910666687,12706276.757398952,14644242.87661513,16592261.433182305
臺北市信義區吳興街６００巷１２８號三樓,25.0181699846956,121.572229984017,43499999.99999997,51760105.78434395,39361565.19728105,39398854.04275857,54902403.46127009,64418803.61441464,80074629.82515605
臺北市士林區延平北路五段８３巷２８弄１１號三樓,25.0816100114405,121.509169992762,14800000.000000004,17446221.388800703,11746922.18455463,14673396.453057596,16725831.098465832,18841271.539922386,22568130.70581434
臺北市大同區民權西路１２２號十樓,25.0627299840854,121.516770032009,12000000.000000007,12679546.049112104,9923763.7769611,11074889.603484314,11991025.676116345,14432489.653856412,17294116.494298626
臺北市中山區南京東路二段１０８號十七樓之１７,25.0517999823446,121.53207002279,14000000.000000007,13233046.52780396,9452421.449282004,10067147.058262592,12604377.120479219,14668223.608779475,15814574.768644378
臺北市中山區民權東路一段５８巷７號,25.06219099,121.524734,27999999.99999999,21628106.078207526,14469518.541162109,19644563.00245879,23172174.284686573,26815614.13859947,30289946.180239633
臺北市文山區興隆路二段９６巷１之１號,25.00034398,121.550262,14079999.999999983,13102676.949506402,8051981.114687451,11193221.518221749,14227723.695474518,16222663.39356685,18908102.63304249
臺北市士林區永平街８０巷５號,25.09166,121.505456,9500000.000000015,9807777.891796814,6949110.148514619,8285136.391426746,9591848.763696482,12859582.644030344,15323560.314895635
臺北市內湖區東湖路１０６巷７弄３８號,25.06811301,121.613115,15199999.99999998,14098110.177609252,9275319.967839295,11975250.457697557,13940064.515015826,17538604.71538739,18678068.130169727
臺北市士林區菁山路１０２號二樓,25.1406006977658,121.552168300085,73730000.0000001,81627011.85297994,39483923.52985677,70382595.34655893,74757264.59001672,120481415.5557308,204575356.24129087
臺北市信義區永吉路１２０巷２７弄８號三樓之２,25.0445399969092,121.570670028017,18800000.0,19342415.20808604,15472836.871869724,18295028.895457253,18798565.586961094,21244224.806625187,26629745.208915543
臺北市大安區金山南路二段１３２巷２０號四樓之５,25.02976999,121.52531,11100000.000000015,6927489.216403634,5274638.971381849,6238643.11738892,9054082.964238845,9610845.737797748,10130663.567805348
臺北市萬華區貴陽街二段１５２號,25.040111,121.501465,12699999.999999996,11926186.137239397,8856515.912432706,10043218.406876583,13899091.898880076,15609937.572483763,20136925.37826653
臺北市中正區汀州路三段２７巷２弄３號三樓,25.0195499812344,121.52693996277,22000000.000000007,19875327.452065807,13415246.44042344,16861747.007134885,22756148.1029006,27012956.83427573,29598822.17928079
臺北市松山區新東街１２巷２５號二樓,25.057930003413,121.567839962229,6500000.0,5963502.241451532,3714990.5110392184,4795626.2515959125,6036650.489341134,7172608.6895156875,9268963.127890399
臺北市中正區水源路１６９號二樓之３,25.0241599860714,121.514440030565,11500000.000000019,13515736.98064919,11120757.300476773,12234441.61720265,15771540.73539516,17640139.139326077,19294973.486843217
臺北市萬華區西園路一段１３６巷１６弄４號,25.03771801,121.499149,11500000.000000019,13686348.979512945,11445282.757574838,11939308.97756595,15371737.377339596,17552606.43892445,19983099.07858342
臺北市中山區中山北路一段８３巷２２號四樓,25.0499899941729,121.523849974165,7199999.9999999935,9445455.874977514,6349988.46457588,7376047.336351623,10058915.906297503,12578097.73209932,13571983.13507068
臺北市文山區木新路三段６７號四樓之２,24.9822700000286,121.563680023683,8499999.999999998,9513379.971354498,6471858.902827809,8731021.197198777,10159642.077756831,11480621.111363836,13259122.601815896
臺北市中山區德惠街４５號五樓之９,25.0667199795445,121.526929988306,5900000.000000006,5461174.503271145,3538398.0592173124,5760813.898575453,5907278.752199388,6116136.803847723,7160867.526393546
臺北市士林區中正路２２３巷２５號,25.09459098,121.526458,7232999.9999999935,8542166.831695182,4822646.589441333,5298583.665322898,7273859.641025868,11721192.325654846,13242077.71008214
臺北市中山區吉林路１０８巷６號二樓,25.05330001,121.5295,49889000.000000075,38226140.45987378,26986833.566411585,31900270.44417492,37306459.98743298,46020248.91423105,50986189.51124144
臺北市文山區萬芳路５０之２２號,24.99687999,121.57068,61879999.9999999,61070968.77593745,32317966.943897713,51097523.69034989,58859726.791220516,84863490.80983484,169824285.97245538
臺北市松山區三民路１０８之４０號,25.0579699850911,121.563910023106,10930000.000000015,12691792.115227245,8040394.522969646,10778559.403215136,11671836.543996137,13779461.910394426,18094159.908150602
臺北市中山區吉林路３６９號,25.065069,121.53051,7400000.0,7820450.523464816,5630714.8072471805,6605566.521252625,7735506.8640904175,9154467.577502288,11471934.220049098
臺北市信義區永吉路２７８巷１２號二樓,25.0447300146542,121.57410996108,14299999.999999993,13596302.54246188,9387245.826857366,11842322.276334038,13323747.195368685,17108550.90010386,20546338.42897442
臺北市信義區莊敬路２８９巷７號二樓,25.029259996968,121.563669965399,14499999.99999999,12469580.337335113,6944973.187712116,9178266.402571702,14646009.27007475,18171516.63029976,22000343.500668548
臺北市士林區忠誠路一段１６巷２３之１號,25.105726,121.52546,11000000.000000013,8632859.800059365,6541856.12318328,8229160.6337037105,9973241.908231195,11034608.133307572,12803149.27388686
臺北市大安區樂業街１５９巷３６號四樓,25.0204100064097,121.55483996568,14000000.000000007,14138802.468836034,9292353.573633125,11783004.111563787,14461697.54685213,16721970.82214646,19284414.210567158
臺北市松山區三民路１３６巷２６號二樓,25.06042002,121.56369,6000000.0,7284290.983509401,5116795.439652059,6059524.634913172,6116595.731220564,7956018.389594395,10434155.504508933
臺北市北投區溫泉路６５巷１４之９號三樓,25.13585002,121.50422,11500000.000000019,13704513.355633743,9589414.81708579,11138394.009611012,12611266.949658317,17425309.066722658,20260719.614931513
臺北市中正區杭州南路一段１３１巷１７號,25.0363399810327,121.52607000504,20819999.999999993,14078430.52125873,10931856.783678466,13033744.74972136,16127918.719594127,17621749.742762852,23027240.031733397
臺北市大安區和平東路二段２６５巷２５弄７號十三樓,25.027109996894,121.54446995889,25500000.000000026,26059192.72794989,18242967.221203443,25656611.120528556,26752996.86581196,30647230.917237006,31807834.570223752
臺北市大同區民樂街７７號二樓,25.05594001,121.51094,9600000.0,15253027.079346564,10389830.693409482,13334938.34026708,14187649.050779393,21193850.741476014,26928342.22544128
臺北市大安區通化街１４０巷６弄２號三樓,25.0288300053351,121.55337003132,22680000.000000015,20889253.906365357,14635205.785990162,18339131.303776935,21713909.654207844,23860160.24881001,28245177.33695844
臺北市中正區南昌路一段１０８號八樓之２,25.03019001,121.51781,12000000.000000007,12408721.679361373,9635613.232758272,10704557.075009093,12148944.697137835,14433676.8300613,16471947.703788089
臺北市士林區中山北路七段１４１巷１４弄６號四樓,25.12397999,121.53093,16000000.000000026,17486757.282968417,11738920.56666416,16679412.560713131,17214762.475232158,20477752.425181806,24407092.81662555
臺北市大同區大龍街９１巷１２號四樓之１３,25.0672200019784,121.517030038646,13479999.999999978,15236902.512230735,12619391.556672111,13212413.247061906,13589732.216748474,17157678.590043936,21080788.461784195
臺北市文山區羅斯福路五段１９６號,25.00344902,121.538449,17279999.99999998,14391494.594206914,8572993.398509707,12986914.987110294,15182049.74853574,17326088.897266947,20007360.919514455
臺北市中山區林森北路４１６巷３號三樓之１０,25.0599100184906,121.524869967962,5800000.0,6686275.876131959,4962612.98155142,5799169.598901844,6629881.465329336,7418122.015406216,10121614.68531571
臺北市大安區通化街３９巷５號二樓之１,25.0307199987726,121.555589978376,11500000.000000019,7938509.199363211,6303295.467109606,7616286.836087805,10458846.86113359,10534683.797716916,11450810.021002665
臺北市信義區松德路２００巷５３號五樓,25.0351600186132,121.576439962525,303799999.9999998,196209023.92180586,47062301.45423597,100718760.0164313,218053450.8456192,252308530.82540667,269055378.36018246
臺北市萬華區西寧南路３０７號七樓之１,25.03818002,121.50644,8400000.000000006,9472073.09966372,6877583.668218035,7381656.913993249,8127395.03037544,11316434.676542591,19774402.792660024
臺北市文山區興隆路二段１５３巷２弄２８號,25.00108301,121.549455,15000000.00000001,11693330.31494192,8216418.871328829,10094228.237900255,13041297.291009333,15415540.04312367,19299250.958517957
臺北市中山區敬業三路１６２巷８９號七樓,25.0790700014118,121.559020020794,27999999.99999999,29678999.777294822,22922751.289755978,27495013.24960108,30148667.141311377,34332246.044491075,35728203.651080474
臺北市文山區政大一街２６３號五樓,24.9869100120789,121.585010039427,21080000.00000002,25830203.582482077,19560135.741700836,20791753.511182763,24277484.805199098,28225402.477066368,31621486.266937934
臺北市松山區寶清街１０１巷３２號四樓,25.0527499872506,121.568879988775,22660000.00000004,17170283.271213625,11878833.966855641,15938202.043816995,17127329.849153586,20852000.695876192,24263921.339474395
臺北市北投區長壽路２７號三樓,25.1426899876179,121.503610024929,4880000.0,17811746.35101513,11947565.849231673,13774996.699636083,17121312.65917431,22085281.07441339,25390253.872038558
臺北市中山區林森北路１１９巷８１號二樓之４,25.050319989701,121.527689975466,9999999.999999996,9649546.384891544,7031597.2089547925,8866818.960672423,10801934.119303524,12293817.042022672,13496131.684800548
臺北市中正區延平南路１５２號五樓之１,25.0387600041175,121.508180006178,90000000.00000004,66737838.162407875,42981805.613868326,53073569.90427175,70169250.18148637,70229195.39299484,93068236.75324625
臺北市文山區興隆路三段２５５巷２號,24.99244802,121.559554,6000000.0,8094194.96071947,5305670.030959274,6196990.888724104,7179990.391166719,9587457.166022485,11481850.45204305
臺北市信義區虎林街１２１巷１０號三樓,25.0402200059221,121.577430032928,18199999.999999993,17446221.388800703,11746922.18455463,14694725.153947122,18399565.636299156,20119463.949038982,23311635.79013968
臺北市內湖區民權東路六段２８０巷４５弄３９號二樓,25.0702099944792,121.605869998041,9999999.999999996,8479582.279613726,6937307.911400002,7702840.863928719,8616652.905612182,9693708.5556711,10833905.243690843
臺北市中正區和平西路一段５９號十樓之１６,25.026780001366,121.519709984548,16000000.000000026,11384283.833520908,8768209.586600076,10046896.507644264,10634436.252147477,13926410.60654335,16280914.534184983
臺北市大安區和平東路一段２４８巷１７號,25.02395999,121.53275,36700000.000000015,24783656.63348567,16315616.464216886,22312696.698147416,26419085.270629287,29355671.83642996,34337946.70068593
臺北市萬華區康定路１０５號十樓之１３,25.039469993226,121.502059959575,10599999.999999996,13652614.95346928,10478454.101211917,11533495.35792588,13371267.725801434,14376241.541672414,19994696.81332176
臺北市中正區廈門街１２３巷３６號三樓,25.02284,121.51995,11000000.000000013,8635267.8337008,5808945.236437744,7086797.1926128715,8802300.233887134,10259951.43258608,11655950.466138449
臺北市內湖區民權東路六段１８０巷９２號八樓,25.0655999896422,121.592440009859,39499999.999999985,32824523.671292476,24250905.004531614,27531158.931365922,33274898.23017871,36374297.805676416,39186947.01312264
臺北市士林區延平北路五段６號,25.07931999,121.51134,40000.0,2515868.0203298586,2241077.197428135,3519243.8025208456,3894973.429929671,5819973.248354499,7173860.152973179
臺北市北投區公路４２３巷１７號,25.1323027,121.5026806,22500000.000000007,21669462.354840662,16464307.52541035,21782136.352773804,22173165.285558313,27656286.461037774,28136604.199673727
臺北市中山區民權東路二段９２巷１弄９號,25.06159889,121.5320878,8050000.000000004,7281527.161672496,5165105.972561181,6099606.033959497,8109694.258389334,8634859.248379875,9963011.579546744
臺北市中山區復興北路４８６號五樓之３,25.062720683849,121.543981115059,21300000.000000022,17369731.15223317,12376827.99605256,14354811.068836382,17792518.81288858,20569965.076514505,23334691.912621364
臺北市大安區光復南路６８８號,25.03001701,121.557229,13600000.00000001,11098566.394744797,8826660.416342529,10182353.53511795,10944749.6268332,13044931.847038824,17319197.853404682
臺北市士林區通河街３２３巷５５之５號,25.0814000028565,121.518980004601,5750000.000000004,5340847.881745318,3244697.0355856796,4503050.592445244,5507430.006122038,6436856.412309802,8547835.13286607
臺北市信義區松勤街９號,25.032172,121.561022,19900000.000000015,13583357.757923752,9868907.618216075,11742279.997226376,17785632.371396117,19550876.425374173,20100438.969985638
臺北市中山區新生北路二段６２巷１６號,25.05607379,121.5266812,3099999.9999999986,2761087.449883662,2088196.4010389035,2853752.316783195,3098508.4011196643,5481739.467025577,12887397.158781493
臺北市大同區承德路二段７５巷１１號,25.0559665,121.5188272,40999999.999999985,38503415.28654086,26601704.472355507,33381834.189369757,41527191.33051719,46914133.6089598,54634506.11980352
臺北市萬華區環河南路二段２５號九樓,25.0391299813237,121.497649988857,20300000.000000015,24834625.255028546,19126896.80673367,21498084.660023157,23623068.643075388,28416632.505355585,30987187.853114553
臺北市松山區延壽街４０２巷２弄３號二樓,25.05584002,121.55707,4999999.999999999,2471017.198621107,1474043.8152136903,2147926.4602878126,2971688.1268531242,3992450.0464288825,5341301.836239465
臺北市文山區萬美街一段８５號二樓,25.0017500040129,121.56645996569,12204999.999999981,13421801.073104206,8740128.85055224,11099067.998725474,13321579.741569696,15798234.539611105,17298806.255148277
臺北市萬華區武成街１２５巷６弄１７號,25.0198200042452,121.493240018139,4485550.000000003,12745442.663409058,7451017.9892617855,10240625.74437288,12427123.717721678,18643290.74748272,27342604.615821697
臺北市萬華區大理街１６０巷２２弄２號四樓,25.0328399916332,121.494039986978,13700000.000000019,15876434.645539187,10680949.832213173,13110268.4580855,15134043.344959326,18602819.978017062,21490173.811066728
臺北市文山區指南路三段５７號四樓之６,24.9834500043576,121.580079971617,7100000.000000005,12339334.409644455,8455903.72428209,9259913.536795445,9513177.713761657,14095238.302351378,17818122.003299497
臺北市中山區民權東路二段９２巷１弄６號三樓之３,25.0614799908649,121.531829965083,7800000.000000004,7036381.491362787,5615706.681706239,6795048.173959189,7557281.071891697,9561550.034004526,10484890.687694114
臺北市北投區立農街一段１８７巷１０弄５號二樓,25.1206299919266,121.504849959866,16000000.000000026,17378494.914284274,14944835.82175792,15019401.251556441,16609431.221890371,22013762.379871577,24830675.185881518
臺北市文山區光輝路３０巷３號三樓,24.9861900065961,121.553670019635,10599999.999999996,16389149.096767927,10564852.785148993,15738118.797563875,17340340.53822623,21275258.339488328,23493481.63915651
臺北市中山區錦州街５０號六樓之１,25.0601600087528,121.526100012253,6549999.999999996,7527552.453579748,4910850.002789097,5811725.97438737,6578737.076309813,7955198.9552309625,10525103.541163918
臺北市中山區錦州街４１６號,25.06010201,121.5419535,11000000.000000013,6404929.510736694,2898232.8105955613,3968878.0755300294,7033429.884612518,7746972.803216508,10301257.834173493
臺北市信義區嘉興街３０８巷７號,25.0235999911202,121.554560010114,13000000.000000013,9466626.342088597,6345361.1733666705,9025026.212713378,11653711.899103686,12583503.488546342,13738414.643599058
臺北市士林區福志路１８號,25.09865,121.531601,18849999.999999996,21146535.642517664,15109640.079782505,17710408.16940507,22054968.626912512,25762178.703182053,27683878.690173984
臺北市中正區牯嶺街１４６號十一樓,25.0214900146339,121.518910015709,67800000.00000004,76429972.87918203,55413944.02171226,64632538.06059439,74144528.94504206,79785900.19337977,101211091.91322833
臺北市中山區南京東路一段１３２巷２８號二樓,25.05021002,121.52671,6659999.999999999,5287677.864891587,3305984.0011566617,5064976.341915161,6719211.520739155,7309476.349766553,8528687.791460639
臺北市士林區文林路５３０號,25.0972599885879,121.524100006336,86659999.99999987,46816184.811571755,18362676.58973692,27101930.603334665,39275349.94156066,49467304.89417006,50010879.61673348
臺北市萬華區桂林路１２８號三樓之３,25.0383800105371,121.498929989291,29300000.000000007,26826279.605829347,19832503.37270882,22871348.317778878,29576199.79195018,30170741.407228015,37445453.006720886
臺北市中山區新生北路一段４２號十四樓,25.0463100034028,121.531459987877,25999999.999999985,24334604.24603284,17939017.13409263,21999920.487789385,25362845.068158522,29720507.10301763,31087269.276604556
臺北市中正區汀州路二段２３１號,25.02333102,121.522864,19000000.000000015,21182735.169540063,13236471.48295581,18005209.417412706,20899125.382973958,26843861.199337043,30353453.033745725
臺北市中正區汀州路一段３５０號七樓之２,25.026469996677,121.512719980214,43989999.99999997,40241480.1929481,30622970.05194491,33667273.43297045,39916903.03984836,48357487.05389726,53342939.27038703
臺北市士林區中山北路七段９號二樓,25.12172999,121.53177,30999999.999999978,27887407.63688529,19654628.522473242,24139942.41696597,31542091.638815105,34599567.897577286,39944198.093374565
臺北市松山區南京東路四段２３號二樓之２,25.05186,121.55046,10739999.999999996,8502456.309630211,6848485.628122332,8183115.249359937,10672040.732501306,11513804.80116091,13632135.393963153
臺北市萬華區萬大路１８７巷７號三樓,25.0281599979048,121.501139961882,5200000.0,4652155.194637753,3061015.632458496,3972355.6053795507,5248287.629092315,5672047.4074020535,6624088.310689816
臺北市中山區北安路５９５巷２３號五樓,25.082200013605,121.547319973608,30360000.000000004,22593354.144158915,14982918.30204396,19166856.826522637,24001827.55519017,29011036.73695218,30545898.876936592
臺北市士林區通河西街一段１０６號四樓,25.085630014113,121.512270039652,10499999.999999994,16138862.322165307,10372919.138040708,13222360.766231515,16025826.72235168,20423764.615279198,23149774.365635365
臺北市中山區長安東路二段１１３號,25.04868409,121.5353812,67800000.00000004,51350574.22256834,35358383.76047316,47835265.80075594,52966169.119148925,57978008.602349415,69880671.52874264
臺北市中正區水源路７７號五樓之１,25.0210399902524,121.520030005611,36999999.99999993,29448390.272773832,21709560.7415339,22849881.39571631,28262991.458341382,33861354.61293021,37133241.174942724
臺北市內湖區民權東路六段９０巷１０號,25.06824201,121.585936,11500000.000000019,11275386.666511517,7102181.847122701,10611965.021553228,12654759.684497977,14273571.405967822,16586463.025697324
臺北市信義區紫雲街２７之３號二樓,25.0185200129722,121.574310037109,6000000.0,13417183.40228549,8700967.75728916,10419747.367487406,13716962.253205925,15810230.488255797,17909700.51759706
臺北市南港區向陽路１６２巷１０３號六樓,25.0568499951888,121.597239990531,53310000.00000009,49120173.50431201,34627294.68523956,43919184.60199693,49501945.622847006,55904565.15743091,68325863.39703447
臺北市松山區三民路７４巷３號七樓之３,25.05583,121.56407,26280000.000000007,20174895.674353037,14436522.806415154,18620345.549009524,20881170.308253773,25602077.147487707,26388353.93905114
臺北市中正區寧波西街９７號四樓,25.0298300082934,121.514959960019,29800000.0,27543369.36357256,17883493.42608283,23305534.953847084,29901627.532341704,33389719.835370023,41667233.84287235
臺北市文山區辛亥路七段２０巷１弄２５號,24.9870199826486,121.554139992946,8000000.000000002,19752791.932793327,15553533.59669779,18373479.9321241,22036901.358803004,29888311.871134408,31613528.814194378
臺北市信義區松信路１５１號,25.04328699,121.572151,28999999.999999948,26566434.29717979,17348370.487060323,26064646.390754446,30201756.513138007,32656463.64938919,37368542.7718272
臺北市文山區久康街１１０巷２弄１１號三樓,24.9901900184295,121.567980023831,20149999.999999966,27506557.76500482,19489781.447720733,20698078.401613303,26753603.141463235,33013615.132828783,37073968.85503604
臺北市南港區玉成街５２巷２弄１號三樓,25.0474900077318,121.581349997586,11000000.000000013,13092311.146814218,8933018.12928143,12324060.338844046,13697913.880076453,15537886.606890464,16875429.139121402
臺北市士林區中山北路七段１８７號,25.1248499868088,121.532490039958,24999999.999999963,31902516.28456444,14781135.522088964,20448718.792777184,24900410.33471275,33443216.99774948,36579702.255509846
臺北市文山區福興路８２巷５弄３號,25.00655032,121.5511394,10399999.999999989,12829211.153126702,8095669.543201677,9931707.95958699,12490072.046580836,16117601.885010624,17683483.63195564
臺北市中山區龍江路３５６巷６號五樓,25.0660899957018,121.538089989469,17199999.99999998,14286543.988325037,10091852.20400161,15129304.071629208,17157728.006100938,18185243.529351234,19710248.35412961
臺北市中山區林森北路１３３巷４１號,25.05080899,121.526661,35000000.000000015,21403914.282179486,11572948.68015308,19597925.408933032,26812421.010096412,35025139.23122746,38489421.27426403
臺北市中山區長安東路一段７５之１號六樓之２,25.0484700198511,121.527930033173,9500000.000000015,12136788.395661213,6866990.21655608,11131990.43110091,12515089.839419298,15005251.982899876,18149730.35112577
臺北市文山區汀州路四段２２９號四樓,25.0020058422152,121.536413955969,25999999.999999985,32269064.520878628,23095781.206864014,27759733.50266641,33155318.5580589,38394225.3876107,45992028.31606797
臺北市內湖區內湖路一段２８５巷６３弄１２號,25.08427101,121.567425,18809999.99999998,14044093.938390456,8059548.791979746,10763490.888726274,15495900.99560739,17285722.80731585,18682481.541199572
臺北市內湖區成功路四段２２３巷６弄１號,25.08375201,121.596759,19499999.99999998,13919865.253121158,8624903.146918675,12033580.229292605,14992884.368436135,16293475.108391738,19296842.817321375
臺北市南港區園區街３２號十一樓之３,25.05973999,121.61269,60659999.99999992,60321303.6061738,44235113.34235026,49187511.62366523,58069703.06073348,70175636.35082115,86720615.79229274
臺北市中山區龍江路２９２巷１９號四樓,25.0614900072392,121.539669978218,19000000.000000015,17206701.284094524,10771681.870605333,15484127.265434679,18979608.881944757,22671804.636644095,25350879.2363055
臺北市北投區泉源路３９之３９號九樓,25.1412200113485,121.506140018583,14099999.999999974,32270410.826517463,24976391.452587932,30416754.39497693,34443270.55244617,40118857.77446433,49670672.53503024
臺北市士林區社子街２２巷１５號二樓,25.0871499884348,121.507320022912,13000000.000000013,14503214.268707914,10001383.443874719,11010578.847158931,14324561.5602829,18270301.84859627,21525730.329798743
臺北市內湖區成功路四段６１巷２２弄１７號,25.08153902,121.593683,28999999.999999948,29926506.213640455,21802765.86807699,25733568.71318915,29754331.736733995,34342471.368675515,41226107.55051717
臺北市士林區德行東路３２０號,25.11015001,121.537134,21300000.000000022,16205121.442567747,11158975.410493542,13795222.469576312,18101261.359392695,20162234.943242915,23645806.81995013
臺北市中山區新生北路二段３８號十四樓之６,25.0546600134367,121.527269958298,15580000.000000015,12535011.245824518,7979574.279558669,12299533.89885505,15227164.206727196,15356054.186543748,16992835.140010007
臺北市中山區雙城街１３巷２１號四樓,25.064169995051,121.525329966808,33999999.99999994,27008993.16026022,17761866.682963163,24593830.100765415,28085885.09603507,33623682.51407106,38147596.29329067
臺北市士林區劍潭路１６號,25.08391001,121.52388,14499999.99999999,17898424.95278441,12595703.562800307,15106146.507820435,16596526.043935377,19042386.10589167,26034779.079457317
臺北市中山區敬業三路１６２巷１７６號十二樓,25.0781800109326,121.559840022381,30999999.999999978,32741182.326455474,26656276.85190344,29995425.028197013,31594483.31560125,37360913.63532356,40611905.585273325
臺北市大安區基隆路二段１８８號,25.02493699,121.552886,24650000.000000004,22066769.485388823,13554551.602364184,18679388.96782752,23925749.31385369,27117431.5215786,30622430.903103787
臺北市萬華區萬大路１８７巷３弄３３號二樓,25.0288399797999,121.501700040652,7599999.999999995,7851802.515227868,5194717.181357887,6624948.001016498,7771102.571631238,9143853.296241615,10823855.43561367
臺北市中山區北安路７８９號五樓之１,25.08568001,121.55377,24999999.999999963,18960044.4904432,14706956.812124174,16944943.944359925,21645136.79813613,23223583.174241453,26121065.694557786
臺北市萬華區康定路１０５號二十五樓之３,25.039469993226,121.502059959575,29779999.999999948,33277225.262618564,26970249.7130967,29615478.850307807,32394180.08960168,33719325.22155573,52626375.93640445
臺北市南港區重陽路５７巷７１號八樓,25.0581600028361,121.595929982884,40200000.00000001,34704156.0392531,24445505.560473703,29582728.998577505,33380982.789700635,41476181.58314333,45202391.24062086
臺北市中山區林森北路１００號,25.05052799,121.524801,11000000.000000013,12443076.18463258,10207530.141395057,11245940.80785451,11385460.260620836,14388963.899819255,20279686.90481608
臺北市中山區明水路５９１號二樓之１,25.0807600026395,121.551589966543,48000000.00000006,37397805.84883567,27223714.845777422,34354244.131460376,40391947.99215983,45948262.77659547,51164542.2259453
臺北市北投區吉利街１２２巷３號四樓,25.1183400140695,121.50717996131,16500000.000000013,18309216.46566848,12721611.92140471,14548727.891236082,16595002.235445475,24682466.681108024,28060432.54635329
臺北市萬華區青年路７４號四樓,25.02331999,121.50261,8999999.999999996,6860524.355577627,4694578.854605877,5934523.774664286,7357388.0683734305,8513529.314969426,10505886.240616076
臺北市中正區羅斯福路二段８巷５號,25.02870201,121.520639,27860000.000000022,16936727.017422423,11824619.995419148,15165086.272686986,19166905.162576016,19419731.598391175,24639589.531243898
臺北市內湖區文德路６６巷１０１號,25.07569599,121.582364,17499999.999999985,14347286.66307459,10380272.037131451,13026324.190260233,16746161.986403953,18991621.293505464,20801290.738676075
臺北市中山區新生北路二段６８巷８號二樓之１２,25.0566800101924,121.526850024949,20699999.99999997,16299066.476224672,12490267.67497697,13836174.113879127,16392076.649791403,19101241.45149213,20771966.155080847
臺北市中正區寧波西街４０巷５號四樓,25.0306200026677,121.51831003908,27999999.99999999,17850113.918801613,13233599.031856418,16221656.638026467,19478431.050619423,21858325.227349184,26992603.193370514
臺北市萬華區萬大路２７７巷３３弄５號,25.02617701,121.501565,19499999.99999998,21867782.060044203,16664659.868001712,18296159.4894253,21942903.808618046,25705812.933879822,27982415.222874083
臺北市中山區建國北路三段８７號四樓,25.0655799988031,121.536860028997,24300000.000000007,25009966.239252687,16826793.181953676,23926470.93767887,26280588.0418839,31096013.614028204,33676160.81688235
臺北市中正區中華路二段３１３巷３６號,25.02870302,121.506888,5879999.999999995,3746092.806292798,2389479.183164529,2833767.3946224824,5723533.632694211,5955353.260394869,7087038.645805948
臺北市大安區臥龍街１８８巷２號,25.01787402,121.551059,14170000.000000015,15182354.86698458,8868021.73075388,13965453.768777274,16246457.814268647,18792951.046048738,20513244.42598239
臺北市內湖區星雲街１６１巷８號二樓之１,25.0818799925418,121.596210022269,30200000.0,27146804.38928017,18138688.889727592,21982064.606287878,26447465.12787796,32912137.408430777,35327605.19401528
臺北市南港區重陽路１６６巷１０弄２３號,25.05644599,121.600192,16500000.000000013,10555242.614702705,7537493.785635588,8489305.238066625,11053394.666948337,13081898.872404044,16539387.599117344
臺北市中正區中華路二段４１５號六樓之１,25.0257699820333,121.508419980066,16000000.000000026,28099822.343821082,18750038.805955935,23763246.0334171,31139990.85207176,35376791.87471052,40479386.61861775
臺北市大安區新生南路一段１６１巷１０號,25.03451801,121.534676,13000000.000000013,10189890.104627093,6462681.317933668,8559245.554090057,11425956.210279938,13014365.276864208,15656778.832412252
臺北市文山區政大三街２１巷１４號,24.98612899,121.581718,26079999.999999966,33381658.22162963,23449919.007849574,26517458.981225498,29637191.02082934,36692141.13439338,47238471.557030186
臺北市內湖區內湖路二段１７９巷３弄３號二樓,25.0818999833809,121.587650003651,22500000.000000007,21236481.544079598,16855234.321463916,18517241.749290794,21834909.87132728,24749192.1954813,29309505.161419813
臺北市中正區羅斯福路三段２４０巷１３號三樓,25.0177399930627,121.529900031877,28999999.999999948,19886522.906729765,15095158.16334624,16934681.910916705,20487988.185511306,24233006.33906877,28939967.310521387
臺北市萬華區武成街１３７號,25.01990001,121.4941,6649899.999999998,12898600.935316898,10142954.780715756,13287328.170380022,13868497.496753518,24915763.892914057,28301905.86987198
臺北市內湖區成功路三段１７４巷１０號五樓之３,25.0809900020626,121.590540000047,10499999.999999994,9371792.931547418,7172222.598342053,8107787.9384596385,10267758.486476054,11872527.01446801,13486854.823235478
臺北市信義區松勇路３３號十三樓,25.0369299831972,121.569980029748,144000000.00000015,169089785.06860584,49620965.65231991,98914069.24067707,145252739.49623874,182922561.8422289,206136310.65735197
臺北市信義區福德街１０９號,25.0372099806728,121.582100010282,26799999.99999998,16437801.799705343,9201293.955166971,10696560.098774869,14463879.65773835,18156747.525327355,25640959.504194856
臺北市松山區光復北路２３０巷３３號三樓,25.0559499883353,121.554190032908,33600000.00000002,24321945.5226164,17557108.83030837,21115092.6407111,22614933.01074237,28820139.733862847,32015397.567523703
臺北市北投區稻香路１６１巷１６弄６之２號二樓,25.14245001373,121.488880003564,21590000.000000007,28518230.5446415,21603402.940446176,22606743.634070806,28231101.60828118,32315436.56849993,36486049.22588369
臺北市北投區尊賢街２４５巷１４號四樓,25.1171900169538,121.506340010793,14700000.000000002,14754469.045529982,10379530.66270756,13156919.313053342,14516901.589805229,18118052.70284558,21058661.613512393
臺北市文山區和興路２６巷７號八樓之１,24.9853899958475,121.545820032035,15819999.999999998,18556280.00168416,12527162.338442143,15836897.586208003,17023231.151223168,20089452.83335624,26483591.165969387
臺北市內湖區江南街７１巷９３弄１３號二樓,25.0748500065295,121.579709994411,19499999.99999998,18333897.629861325,11885989.990261631,12511720.8043309,15799188.822749238,20011459.953781255,22320175.527848966
臺北市萬華區環河南路二段２８０巷２０號,25.03313499,121.489995,12000000.000000007,14156269.54116882,9469936.24288331,12024196.759185566,14197357.174351072,16644496.799933147,19445909.083773326
臺北市內湖區東湖路１１３巷４９弄４５號二樓,25.0694300164792,121.614960004396,16679999.999999998,19080156.646405436,14017722.391524836,16827964.337576233,19865671.70700106,21799017.081014287,26500491.18071986
臺北市大安區永康街４７巷８號四樓,25.0300699821813,121.529989969698,33999999.99999994,18514667.093225755,12917790.089324046,16706405.930972349,20369572.92469508,21943432.471885234,26923497.725221038
臺北市大安區潮州街５９巷５之３號,25.0295000127654,121.524509965221,42000000.00000003,31167898.76189743,26974669.473226734,32991833.27993592,42035850.24648632,50593397.08243758,52631989.986347735
臺北市中正區和平西路一段５９號十一樓之１６,25.026780001366,121.519709984548,17499999.999999985,19993919.630871937,13198749.270726627,17274753.171096344,18782215.5514969,21118548.010165602,28486346.796692107
臺北市內湖區民權東路六段２９６巷３８之３號四樓,25.0717199943362,121.607110016796,24280000.0,17786492.322243836,12153676.57720819,17817471.82296531,19544877.09308528,23599841.812981863,24818013.309573613
臺北市北投區中央北路二段４０６號,25.138442,121.48747,11265000.0,11104447.71156828,7883300.791055823,9811795.383310003,12488267.362707257,13768073.094026063,17475999.887317825
臺北市大同區重慶北路二段１２３號,25.05774099,121.513886,30699999.999999955,26678141.186196312,18877256.208700847,22892420.483226053,30056499.50388956,31049425.5070352,35139480.66377246
臺北市北投區立農街一段２７９巷１４號四樓,25.1201500022412,121.506609991894,15699999.999999976,13378581.965946972,8682308.10785574,11271658.116162835,13564926.54004339,15735749.582251983,17631609.645874918
臺北市中山區錦州街２０６號,25.06028771,121.5311131,39499999.999999985,30576167.2400712,14462271.485143645,22090833.77072044,32471637.88046132,34762577.35852449,40583562.18587208
臺北市內湖區金湖路３４７巷１２１弄９號,25.07329399,121.596796,69500000.00000003,77930131.71913867,43678756.97496706,68850552.92023431,82819701.44014996,99277005.31922771,138390322.7764401
臺北市內湖區內湖路一段３２３巷４弄１９號四樓,25.0831299857624,121.567309974491,16000000.000000026,14360057.669885004,9706617.150392808,12919338.910734592,14982088.062988209,16074420.984652786,18506909.005240157
臺北市內湖區康寧路三段７５巷１７７號三樓,25.0769899902293,121.611819975829,22500000.000000007,25051176.230786085,17401939.063811686,20590928.718477715,22861952.191040758,27645605.095008776,32028771.647606198
臺北市文山區木新路三段３６５巷９號四樓,24.9799200077448,121.555680000016,12000000.000000007,11785682.22793767,7657572.229766738,12036651.521487646,12810480.639895754,14574903.54994554,16423239.708963923
臺北市內湖區內湖路三段６０巷１２弄７４之１號,25.08921181,121.5912887,6500000.0,8291008.114875953,5889046.354775417,6550806.785118612,8808798.849901924,9473002.046428759,11331187.530033285
臺北市中正區中華路二段８１巷４１號三樓,25.0334100029587,121.506240014688,23500000.00000002,21700977.688010026,16301165.622704443,16368494.411234088,22229795.42819135,25193763.394052107,28067459.72856113
臺北市內湖區文德路２２巷２５號,25.07682001,121.579986,17180000.000000007,14051614.495865412,8898130.468229631,12963365.681616336,15126451.801106112,17492857.77993016,20136662.023207866
臺北市中山區中山北路二段２０巷１９號三樓,25.053649994104,121.520999959447,14600000.000000011,12694632.528973375,8401481.437648501,11288887.35697169,13919193.089725649,15645953.87072996,16741928.200827092
臺北市中山區新生北路二段３８號,25.05452402,121.527135,21500000.000000007,16406263.826887222,13513381.081614587,14531939.696387555,18597221.612545334,19930054.46911286,21726551.73210524
臺北市內湖區康寧路三段７５巷２１７之１號三樓,25.0764400116524,121.61431996227,13000000.000000013,14583841.071506722,9409394.72581363,13204235.378102336,13825054.1617938,16432800.459331382,18234971.542140476
臺北市信義區永吉路１２０巷６１號五樓,25.0436500064301,121.570329974205,35060000.000000015,18235344.527728412,13660814.94013131,15360859.067929013,17975164.284839574,22026852.71884852,26130322.445613876
臺北市內湖區民權東路六段２０６巷５８號四樓之１,25.0667299959188,121.595560005678,48800000.00000002,46739918.24329799,31892485.990438383,40650925.367040075,51879929.5311635,58032221.784887984,64983437.47763249
臺北市士林區天母西路１８之７號,25.1181300054854,121.524379961902,27999999.99999999,38711825.62981276,24238232.02982761,33644831.504341066,45541230.326238774,47067981.45537077,53337806.67875832
臺北市內湖區成功路二段５０８號,25.07382901,121.589699,44700000.00000006,39851770.03870596,29513872.48726317,37602237.63069693,44647996.1029753,49468249.40266934,56701255.631437935
臺北市大安區浦城街６巷２４號,25.02392999,121.525571,17199999.99999998,12199738.524010452,9259959.63123653,10611660.369497282,12925043.762122696,14466749.852811476,16893421.71820525
臺北市內湖區內湖路一段９１巷６３號三樓,25.08895,121.5626,16999999.999999974,16374588.709844476,11207114.460953355,15152961.706248622,17376234.24631966,19815513.455394942,23818295.206812683
臺北市大安區師大路５９巷９號二樓之３,25.0240000174493,121.529150019181,12400000.000000017,8924554.170312898,7181691.195516168,8877442.161738096,9869501.896543808,12459779.557753934,12963457.97422639
臺北市文山區興順街１００號,25.0013299868448,121.545600007077,56000000.00000003,70923411.90596338,38564865.669944175,65410784.84932491,66584985.79625009,109879543.28248271,169658119.51129258
臺北市北投區石牌路一段１６６巷６９弄２０號,25.1134000137045,121.515649958288,6999999.999999995,12626015.63523743,7328491.868659492,9505722.28756559,15184380.595635716,18531689.50056753,21680749.45724854
臺北市內湖區康寧路三段１８９巷１４１弄３５號,25.07437199,121.611182,8000000.000000002,21245564.958848633,13419307.938627942,15779024.643617015,22344023.579385154,25763272.859081693,28383952.994478326
臺北市大安區信義路三段３１巷２２號六樓,25.0356299919242,121.534649972587,13799999.999999985,26858765.598522216,17945955.934609525,20499459.20957856,27748999.46326495,31800330.51413326,35885831.77833937
臺北市內湖區民權東路六段１５０之１號,25.06876839,121.5901577,9855000.000000006,11516558.333457524,8520196.351914154,9317458.212638937,10281133.267976455,13873322.680786213,16143090.013090555
臺北市內湖區安泰街４９巷４號,25.07422099,121.617514,6599999.999999998,10337333.594375787,6469664.310643048,8033844.043843911,10668985.827098455,13376847.060588982,15232667.760183632
臺北市士林區中社路二段４６巷９號,25.106516,121.562641,4000000.0000000005,10697361.680813165,7649247.183339979,9265833.992609441,10895267.007210478,13143763.605711577,15257342.06675086
臺北市信義區信義路五段１５０巷３４２弄３４號三樓,25.0264300149989,121.571070012437,17899999.999999996,20567612.068902522,14350012.59538303,17889558.57486348,21850941.17604843,24996414.892767087,29696143.108633347
臺北市信義區吳興街１１８巷３５弄５號六樓,25.0292200152898,121.560240006801,32800000.000000045,24837640.026479926,17728945.66899911,26483480.275588345,29558934.712323602,32807345.352696463,37163130.37939914
臺北市內湖區行善路９號三樓,25.0560499844402,121.57498000263,24999999.999999963,23192995.44490081,15876417.283172207,21025590.476130858,23545705.04769148,26678664.55484527,31200356.78289468
臺北市文山區羅斯福路五段２３６巷３０號,25.00170007,121.5375367,16899999.999999985,14217026.245160295,9688017.687037108,12474374.741552114,14766463.979634361,17862155.09938055,20127918.567070022
臺北市大安區基隆路二段２６３號,25.02213001,121.55026,23700000.000000007,20732756.836047754,12181623.235909898,14493640.392326636,21753014.938946925,25673487.24938932,31085740.22269809
臺北市大安區泰順街４５號,25.02279399,121.531336,5850000.000000002,7087773.909501039,5145491.231013017,5878578.705764568,7986564.551164471,9558168.6289591,10934874.68238111
臺北市北投區中央北路二段１８１號五樓之２,25.1378100016796,121.492729979331,11199999.999999998,12576446.037339974,8984703.780309929,10457910.105975058,13094013.950533636,15315540.809982792,18966893.212530773
臺北市中山區建國北路二段３５號,25.05529301,121.537265,2499999.9999999995,6293774.4365373375,3653582.5656080237,5174245.638351534,7059118.5124034025,9068266.977841169,9475156.585696483
臺北市內湖區行善路２５巷１弄１２號二樓之１,25.0566099793914,121.576980008547,22680000.000000015,23345403.66610499,16089619.663958814,20313188.648135837,22796967.66513997,26783132.392950993,30820565.5305491
臺北市北投區稻香路１６１巷９號,25.14196202,121.488575,15849999.999999994,19838564.41377365,12097532.694756731,12753667.215146631,18112655.62147353,24771816.964157395,28558232.328091428
臺北市大安區羅斯福路二段９５號二十四樓之３,25.0250900001382,121.524160020763,39900000.00000004,26895086.997067235,22302546.88571931,26594425.478263307,27445405.213315196,27967182.9657487,42694145.70386719
臺北市中山區中原街２２號五樓之１３,25.0567399827096,121.528779958155,4280000.000000002,4512899.528541783,2401319.3564466317,3223735.506976146,4320850.033812457,4736761.167384588,5602026.948978653
臺北市萬華區富民路１４５巷１５弄１７號三樓,25.0187299796467,121.499810005305,9999999.999999996,13524196.650285937,8651102.1994033,10304013.337827986,13304735.650653692,18443543.048538294,22590378.114969637
臺北市中正區汀州路二段９３號,25.02541199,121.518036,23290000.0,19171919.349508803,14733458.534481857,18190890.72991063,19717189.816097457,22581889.53641581,25619495.990502756
臺北市內湖區內湖路二段３９５號五樓之１,25.08409998,121.59283,6000000.0,6302556.604794556,5109633.569244059,6007005.16285231,6854193.749731144,7157655.7160388585,8396073.220406257
臺北市內湖區民權東路六段５６巷２５弄１０號五樓,25.0674800086149,121.585879997157,14499999.99999999,14046720.30079458,10243163.331249362,13072908.230185771,14667890.790782692,15169827.95020285,15855808.745438294
臺北市松山區撫遠街４０１巷９號,25.0658258,121.5661627,18179999.99999998,20168058.400332928,11134191.444565265,18148861.194081135,22813508.99051166,25108416.184021495,28021403.985148475
臺北市士林區文昌路２６號,25.09523702,121.521711,14800000.000000004,11745361.630005583,8083543.564879609,9955087.43542374,12769527.866154887,16764066.015345417,19782625.011346288
臺北市信義區永吉路２２５巷７弄７號,25.04673798,121.574438,32849999.99999998,27990156.803209048,19637385.30523004,23814676.929251563,29419220.85161835,32777535.927567583,34737537.80858071
臺北市信義區忠孝東路五段５０７號,25.04155499,121.578691,31659999.999999974,18272551.281924576,12346052.944785722,14982802.274009092,19149461.763423588,24229751.75403671,29029720.03164903
臺北市北投區榮華二路１９巷７號,25.11306599,121.52346,20149999.999999966,17560271.61339175,11089436.276224343,15056807.381788254,18521543.41817813,21349111.811540212,24855533.05071845
臺北市內湖區成功路二段１９３巷８號二樓,25.0664899801214,121.591050038855,17999999.999999985,18407851.06210241,13652004.970290523,16005150.871147025,17808816.61466195,20416404.464955047,24622579.19687269
臺北市信義區基隆路一段３５０號六樓之５１,25.037009988463,121.561729973909,6999999.999999995,3912668.243209457,2877344.1477792775,3325526.5730268387,4715324.188851446,5201348.891811602,6205366.252010392
臺北市北投區竹子湖路３３之２號,25.1710999874264,121.533789989321,32800000.000000045,51147328.382848494,24683161.70873893,38143221.31790524,45612289.855855696,60482393.67045648,77560011.73832703
臺北市中山區民生東路一段７０巷１０號七樓,25.05732001,121.52634,9480000.000000007,10804269.945742877,8579556.130040716,9710785.059408441,10079253.629864672,13068756.250250695,14432179.208649734
臺北市大安區安和路一段１２７巷２９弄１７號六樓,25.0356799899767,121.553510009103,41500000.00000007,31103244.56961099,19663076.18792861,28228693.387426138,36489487.38428227,39219823.94498252,41252150.79973995
臺北市大同區民權西路１６０巷２６弄１號十六樓,25.0616125506636,121.515490031576,42799999.99999995,57567710.38745545,41633414.10731478,44163711.450482644,50415444.58720205,70036309.59298293,72564671.9430197
臺北市北投區石牌路二段３１５巷３４弄３號三樓,25.1239299891162,121.522550024801,35499999.999999955,35443392.54695329,25560094.637261998,27260265.058391698,35485008.47088913,40585984.95695738,51194249.24088485
臺北市北投區明德路２６７巷９號,25.11445802,121.521849,16799999.999999978,13995992.302145679,9525659.38419275,13464342.611419884,15960711.654037196,16372893.048145395,17754404.77469841
臺北市大安區信義路二段８６巷１６號五樓,25.03380999,121.52619,14000000.000000007,7147994.029432863,5129304.513177343,6228135.662049435,7818705.476114694,9489014.599548096,11840146.865644665
臺北市北投區致遠三路１４７巷４弄２６號,25.1209200057764,121.508860029983,13000000.000000013,13427644.50703517,8879820.918155082,10863534.703433655,13050531.796683058,17269600.46785187,20594699.189017836
臺北市信義區松仁路３０８巷９５號,25.0203362,121.5708261,43880000.00000004,28481093.55780438,18048713.980347157,23356355.21251795,32087309.254114434,35827905.36999684,43746415.505067036
臺北市中山區吉林路４０７巷２６號三樓,25.0659799832227,121.531440038947,13700000.000000019,14863352.27712863,10721023.553533975,13480713.592507768,15860218.578592684,19162135.75286642,21069609.788297914
臺北市文山區政大三街１０８號,24.98591001,121.58342,29490000.000000007,32411491.053715933,22139831.82502807,26221618.838010486,33425130.95043376,39010139.44898354,47810856.4495071
臺北市文山區忠順街一段４１巷１８號,24.98484002,121.55862,15000000.00000001,20182910.701043822,14335198.305990376,15131470.338489803,15644146.34450255,22999474.753485505,43826351.98210413
臺北市中山區民權東路二段１１３巷１弄２號,25.06296602,121.534366,6999999.999999995,7581627.269279283,4948721.641621882,5920501.345699407,7208115.741368059,9670126.534620138,12251920.52745786
臺北市士林區重慶北路四段２４１號七樓,25.0856500049521,121.510849977616,30399999.999999996,40357693.59316168,29516192.877620764,37805848.99246552,45593912.216989,47917351.76300964,55660688.142775774
臺北市北投區光明路２２０號十樓之３,25.136230012931,121.504549971551,9049999.99999999,9184834.866959767,6978411.075474087,7386580.540160612,8966184.949458392,10945670.998939844,13883170.396419521
臺北市松山區八德路二段４３７巷１０弄６號四樓,25.0496999803231,121.547219977503,31999999.999999955,31985931.956622094,23328275.576411642,28530694.30977819,35501043.71966982,39237982.361594476,44609112.208861955
臺北市中山區新生北路三段５８號,25.06565598,121.52738,7800000.000000004,5719406.861340323,4073566.499198128,5159781.168823192,7048724.999537565,7476943.0817155745,9440472.896791674
臺北市南港區三重路４１巷３７號,25.06040111,121.6128097,68879999.99999991,64604788.01723746,49038126.16980667,67521429.59486485,68980746.16841312,74655444.64020374,89512999.7700199
臺北市萬華區大理街１７０巷１弄１１號三樓,25.0338300201268,121.493990030835,12799999.999999978,15317037.875535075,10636085.793674791,11497201.450782422,13824326.765925124,18526995.389276393,20960203.215796657
臺北市中山區龍江路３１號,25.04864,121.540522,30499999.999999948,24338431.449979823,17210006.066960678,21953125.51282509,25792741.59002015,30467461.614366878,32158586.38281904
臺北市內湖區麗山街１０５巷２９號七樓,25.0831381992112,121.579778482727,23500000.00000002,23343244.41765271,18996747.166003007,20230419.57648956,23857629.57845258,26011895.37582869,29295719.409445003
臺北市松山區南京東路五段１２３巷６弄１１之３號,25.0530700083138,121.561429985595,21500000.000000007,21692105.729837224,14444940.233117113,18230613.23004001,25453797.39715883,25904017.533628665,31139420.371940196
臺北市士林區通河西街一段１０４號,25.08550898,121.51227,9200000.000000004,9162878.299116097,7347170.37847539,7751714.059410106,10910198.026624672,15034227.819564529,18052420.20374982
臺北市文山區景興路１５３巷１７號十二樓之２,24.9940000125179,121.5458300065,18800000.0,19648368.209399644,12949173.879314994,16535216.656674583,18806860.605618663,21436795.056961983,24279687.106267408
臺北市大安區金山南路二段１４８號,25.02905401,121.526132,36999999.99999993,27404010.82069791,19172111.442293756,23464956.945019025,29521895.47844448,31320844.73722577,35446150.71443244
臺北市文山區興隆路三段２０７巷９弄１２號,24.99543298,121.561288,3799999.9999999995,17897403.046852842,13233385.847192934,16349286.262724157,20348619.98307832,22785604.164218854,28062632.856580157
臺北市大安區臥龍街２５２之１號,25.01834198,121.556996,17600000.000000015,14033243.634439556,8603819.566415051,11573077.048297156,15739849.371896904,17083955.65837405,17948166.214665126
臺北市中正區中華路二段２９９號六樓之１１,25.0295500108178,121.504609985978,2940000.0,3786976.34069652,2060671.101509502,2544779.947506284,3115253.740413691,3351588.4080142193,5893663.652227281
臺北市信義區松山路２７５之１號,25.043419,121.578018,20500000.000000022,13892040.237619683,8646575.663348433,11618892.171300236,15034736.306706978,17238740.713256706,19959645.65018414
臺北市中正區羅斯福路三段２４４巷９弄３號五樓之２,25.0176477433969,121.529939374438,28960000.000000007,21230341.206122607,10870801.10837355,16208245.571557598,28300925.664496683,28312148.79785773,31566365.093673673
臺北市中山區中山北路三段２９號九樓之３,25.06556998,121.52246,22999999.99999997,27811159.53287672,17950911.209585473,24399500.71142976,29354069.950863913,34361103.270318486,37131717.172347516
臺北市內湖區港華街８５巷２５號二樓,25.08394001,121.57481,14119999.999999974,13183260.430378705,9261441.244591027,11689199.252268082,13172790.447327927,15233678.202703502,17346646.045854483
臺北市內湖區康寧路三段５６巷５３號二樓,25.07048001749,121.609470025454,19499999.99999998,17967412.443359572,13359731.361189699,15646667.19333138,20015682.3720926,21367065.612240795,27003236.137709558
臺北市大安區信義路四段７４巷６弄４之１號,25.032260005843,121.546810018619,17499999.999999985,10819307.318587175,7014613.967314758,9117006.936113907,12130904.375755342,13880749.130779201,17491191.365461823
臺北市信義區信義路五段１２１號十一樓,25.0335499807417,121.573739983874,36999999.99999993,26741520.857836068,19741858.30372247,21768059.183892645,25845321.831527196,31908363.460920576,36960653.317070626
臺北市大安區基隆路二段１８８號十三樓之１,25.02494001,121.55292,21650000.000000007,20288747.084264703,13050300.69183023,17999530.926386606,22435315.03299356,27415067.958564617,30317888.578237817
臺北市松山區八德路二段３４８號,25.04773199,121.545319,16693333.329999974,9033205.877180923,7038176.111153336,7130648.108643195,8813156.875452474,12296002.714573316,15760679.921410145
臺北市萬華區大理街１７５巷９號三樓,25.0342499953854,121.49438004079,15000000.00000001,16410130.301547093,12629249.95675148,15384738.217349086,17183822.787481323,18759746.904699698,22016065.429121114
臺北市信義區富陽街７１巷７號四樓,25.0224525472912,121.558193694743,18879999.99999999,26944288.342268057,17292242.501768403,24394200.68361216,28877175.599031173,35964532.49503424,37499756.68027476
臺北市大同區赤峰街７７巷１５號三樓,25.0570900109862,121.520220023357,16000000.000000026,10771993.57180025,6916875.472897999,8809958.782928923,11632086.224050768,13910105.828081608,15681560.008955672
臺北市大安區溫州街７４巷３弄６號四樓之５,25.0191300059758,121.532340003891,3152654.9999999995,1508191.7347829717,890851.6034348202,1595867.9326719742,2598242.97296091,2976053.0251989868,5634650.970345061
臺北市中正區中華路二段３１９之５號,25.0278199860024,121.506270021902,4700000.000000004,8934324.554988205,5661635.508089792,7004670.914527068,8985346.314625947,11502752.003975851,14809917.435907679
臺北市南港區東明街１巷６號二樓,25.056300016612,121.604989982026,16500000.000000013,13748136.961023446,9531512.491404751,11865873.491192605,14329693.160458509,17371284.83204846,19219943.38177127
臺北市松山區復興北路８１巷６號四樓,25.0511399912886,121.544440035496,62500000.00000002,48634229.74314968,33435688.031521704,43238681.2948118,54137692.772123314,57668689.01158369,68404928.94646192
臺北市大安區建國南路一段２７９巷２號,25.03603501,121.538431,28999999.999999948,18342294.586039953,11638400.987046722,15488337.03872667,20420279.83902798,26502566.785463523,28037119.580078308
臺北市內湖區康樂街６１巷１２弄２號五樓,25.06879999,121.61904,15000000.00000001,16497346.738554575,11726653.239440538,13464931.695904547,14945288.896287264,19012722.522676554,23284009.035183657
臺北市內湖區內湖路一段４１１巷９０弄２７號二樓之１,25.084919983095,121.571460022391,14200000.000000004,15274304.030744916,10554799.948624045,12203699.5143127,14726199.575254636,17767247.138677754,21110481.080727354
臺北市北投區明德路２８８號八樓之３,25.11517002,121.52264,17499999.999999985,12778849.157799985,9292900.632775608,9935531.368976923,13353289.97772041,16432590.83165795,19342787.262823768
臺北市北投區天母北路１０５巷９號六樓,25.1243099826967,121.527140038799,42930227.00000004,39707795.64889257,28935201.12909473,40542086.512825936,47354349.68167312,52953498.679784335,54992371.24194675
臺北市中山區天祥路８２號十三樓之５,25.0640300172679,121.520520011671,17999999.999999985,13940313.526399333,10427991.812887173,13474486.820745157,16486320.243773645,17955154.798694555,20169917.664101344
臺北市士林區中山北路六段４５０巷３１號四樓,25.1136500039667,121.528409980949,17199999.99999998,14241247.267877933,9527364.859629193,13411140.086639615,14908325.989383107,17398757.6670911,19018008.34525663
臺北市內湖區內湖路一段２８５巷６１弄３號三樓,25.08402002,121.56713,14850000.000000017,13601979.533768337,9233040.317745747,13034404.08076962,13694458.609684408,15528028.494382026,16668267.352336418
臺北市文山區興隆路四段１０９巷３２弄６號五樓,24.98617999,121.56319,26299999.999999996,42375814.114482395,28149738.504718326,35023110.718395256,47084058.09887546,48956000.436364986,58987506.45009525
臺北市內湖區江南街９６巷３號,25.0771715,121.5769081,29399999.999999985,30045595.201016247,21312825.03654741,24295566.8215269,29338963.00267059,33489868.368793946,42637100.28164905
臺北市內湖區康寧路三段２１７巷３號四樓,25.06846002,121.61233,16299999.99999999,16449721.514415074,11622758.696319193,14959379.66779999,15199444.620642416,18959660.741882987,23564032.603614934
臺北市大同區承德路三段３０１巷２２號三樓之１,25.0756599917429,121.521349987724,14349999.99999998,15384149.563131537,12691775.865372766,12975353.556076836,13658895.40845289,16263956.650032891,21187097.489585362
臺北市北投區稻香路１６０號,25.143518,121.4889189,39369999.999999985,56695689.401362315,39541126.04308057,44974843.65892305,55276793.16181806,66465360.217827626,90585004.10946573
臺北市內湖區麗山街３３８巷９號三樓,25.0824399874929,121.573479977238,22880000.0,20829184.134940628,14347961.168683838,17487704.261533044,20749385.30752719,23601728.479519397,28344562.70995195
臺北市大安區泰順街２６巷４之１號,25.025082,121.531107,30879999.999999966,18557330.069482654,13233385.847192934,16397418.492393669,19349113.66719195,21363918.04921223,27514172.431331143
臺北市內湖區民權東路六段１７５號四樓之２,25.0681799813491,121.596689970045,22450000.000000022,19103150.198391467,14574068.894401696,17550696.377520274,21358307.8471953,22774121.1882727,24833095.47477324
臺北市信義區吳興街２８４巷５９弄１１號,25.02154102,121.563848,54100000.00000002,63636082.81090743,51724831.560320884,55519564.90516141,63273352.08830613,70821965.42119394,93681302.75646968
臺北市內湖區內湖路二段３４８號八樓,25.081870018077,121.590149990092,52999999.99999999,50577301.993231416,39705149.59112052,44834896.54693416,50137608.730040535,56966133.9759057,68267965.46437234
臺北市大同區蘭州街１０１號五樓,25.0645499886314,121.515400009935,8999999.999999996,7115138.515482897,4546188.096261783,6500058.220478268,6665049.255205918,8228348.5368278455,10108897.351664485
臺北市萬華區漢口街二段５１號六樓之３,25.0458500045565,121.506430032433,9949999.999999983,12918949.896387182,9676129.921575068,10516154.783062305,11763467.019415574,14975629.771940088,15703604.829523431
臺北市北投區尊賢街２３９巷７號,25.1160233,121.5073728,13000000.000000013,15398106.979584344,11320533.101704774,12778740.996022154,13875119.877655331,17301810.703768708,22519586.226310287
臺北市中山區南京東路一段１３２巷２８號四樓之３,25.0502699916485,121.526729996096,4500000.000000002,6470556.475608248,3544151.325032754,5791137.380285427,6430288.428386063,8403924.510535989,8445026.890808184
臺北市北投區大業路４６２之６號,25.13191899,121.496281,28279999.999999955,29254539.987810634,23010205.61594748,28044232.868648592,29181002.436226994,32190198.96220588,36832747.68602787
臺北市中山區雙城街１９巷８號二樓之１０,25.0653199921666,121.524869967962,16999999.999999974,18278546.702949416,12503086.946848474,15365968.624945743,17602391.386341255,20077067.805994865,24485158.112084903
臺北市大同區民權西路２６８號,25.06273099,121.512018,24000000.0,21325181.164123755,15973908.293499144,20258110.391858995,23348781.799567193,24891844.548701465,28783376.586232647
臺北市北投區中山路４７號十樓之１６,25.1387600065855,121.511790008057,3270000.000000002,5306544.070647467,3375776.904792809,3720284.5732098594,4722966.812238521,6273523.471223366,7729021.067460863
臺北市士林區中山北路七段１１４巷６１弄１號,25.12336098,121.535345,18800000.0,27030038.508669153,18829596.717243202,23501588.913293585,27551284.812883023,33829338.418749206,39465804.38291289
臺北市萬華區成都路１０６號,25.04355998,121.5021,13700000.000000019,14283933.754244054,10752817.37308814,13516420.906926181,14696731.90421348,16384317.732339665,20751404.842666302
臺北市松山區復興北路３６１巷２６號,25.06032928,121.5461745,9200000.000000004,6426876.989071244,4546128.570862174,6001077.850380061,8150660.905976864,9942807.695751984,11954161.220004234
臺北市內湖區內湖路二段１０３巷１１９弄１７號四樓,25.0839700200986,121.5813800048,19000000.000000015,22123669.930665113,14206921.285767,19026013.22408506,22736577.413497776,26421470.58465795,28254648.116488848
臺北市大安區信義路四段１９巷３號二樓,25.0339099834831,121.544580013279,33999999.99999994,29809120.37770252,18614492.64064339,25629423.400385976,31991675.578870602,36631700.273998454,39391384.11043582
臺北市松山區新東街３巷５號三樓,25.0576500059374,121.565739960208,20500000.000000022,15891813.217711521,10641108.655192709,14440984.48796945,16890890.94378548,19601024.23585079,20805773.38302076
臺北市萬華區萬大路３４４巷３６號,25.02400999,121.498487,57999999.99999995,53694517.793939725,52087977.071046025,55913071.28703757,58032480.78392875,58760173.940535665,89197513.22781345
臺北市大同區重慶北路三段２０５巷１７號三樓,25.0701099983743,121.514580008348,13499999.999999993,11525419.667523064,7362909.883775174,9913757.570475534,11869174.787269376,13685149.820749193,15115294.928908223
臺北市內湖區港墘路２６巷１１號,25.08306301,121.57711,40500000.00000005,35120682.69667677,28508265.08921698,28556965.5770899,35191332.84322463,38606608.07883159,45642985.768883176
臺北市文山區羅斯福路六段３９巷３６號六樓,24.9981599929734,121.542259986299,16700000.000000022,16944585.473937295,13945686.850488957,15576948.143963791,16747161.728626007,20972512.58492381,23674179.260708865
臺北市大同區延平北路一段５１號,25.05092202,121.512123,13960000.0,20117383.14006398,13328618.220131952,13842215.364430023,19426174.11780077,23638267.923371945,26641671.70534668
臺北市文山區景興路１０２巷６號,24.99445561,121.5441925,18299999.99999999,11708214.63130185,12232617.03831195,13745631.970164277,16180936.989427822,23228863.91785153,29664228.219408873
臺北市萬華區和平西路三段８５號六樓之１,25.0353699852877,121.50165000069,16780000.0,19975986.954228185,15155897.491013799,17009990.285597034,18400391.14483581,22219145.79042083,39997961.96119909
臺北市大安區潮州街１４５號,25.028426,121.530001,11639999.999999985,7041046.473402065,5130808.548896413,6005274.173843934,9113467.453009872,10336443.24440625,10998403.247155897
臺北市內湖區民權東路六段１９０巷４６號三樓,25.0673199980833,121.594500030202,50500000.00000005,48634229.74314968,33831065.29730855,40701674.80790718,52577732.94187182,58782593.34021277,67715610.36216843
臺北市松山區富錦街３７８號二樓,25.0605000206551,121.55919000579,39999999.999999985,34012354.982449815,20915046.435700614,29214885.45030536,38834371.28011273,45011745.207146026,47679490.80370422
臺北市萬華區民和街１３號十樓,25.0249400059809,121.49643000285,15000000.00000001,21425289.37465232,13727949.874859307,15242819.595878037,19707254.411951985,25244059.53525131,27381880.180217978
臺北市內湖區民權東路六段４５１號,25.07186802,121.604471,69849999.99999997,50737978.77353679,39193319.20137755,47410156.06289298,57674760.3398619,63731788.94741094,77492203.15906785
臺北市北投區石牌路一段３９巷１３４號三樓,25.1173900091636,121.509910030994,4750000.000000003,9125886.181055827,6122778.335049989,7369649.101600804,9331129.419382703,10753093.042775499,11969791.12606312
臺北市文山區興德路２０巷８號,25.00075438,121.5561528,14000000.000000007,13708657.468657417,9303023.870355729,12222020.763761163,14576640.791460883,17770764.94511712,19549085.267365616
臺北市北投區稻香路１７０號五樓,25.1438199938945,121.488840021886,43179999.99999996,87041618.5052738,47062301.45423597,73368159.50804758,82675947.61053127,118183749.97440642,209024447.26716244
臺北市松山區敦化北路１４５巷２３弄５號七樓之１,25.0530299847261,121.550350031606,28800000.000000034,18402152.23236961,15262653.363208985,16617277.687111856,23059343.659918033,23160391.462645233,28271691.2391748
臺北市萬華區國興路６６號十樓,25.0259400089392,121.506819958569,9200000.000000004,9306941.608752053,6978411.075474087,8240782.274509266,9152239.388908029,11090552.167140048,13833606.06595037
臺北市內湖區新富街５７號四樓之２,25.0591999874726,121.583830035098,65830000.0,59241067.03768759,46106402.42459946,61632768.44900525,66582805.47323154,73920085.87037064,88226696.33482344
臺北市文山區福興路８２巷７弄１１號,25.00699041,121.5512199,10449999.999999994,12010983.214721939,8018989.283409491,9612379.4597842,11540972.645089189,14530949.505811274,15369822.055720532
臺北市文山區興德路３０巷８號二樓,25.0010699802083,121.556590023244,11880000.0,13611952.654491173,9244569.795301799,11092664.34554778,13987720.246800471,15704636.396674559,18576638.593289204
臺北市松山區吉祥路３７號,25.04992902,121.562657,31500000.00000002,33719029.017092176,23430623.044721566,26103405.903000854,30930111.284127254,41209906.518494576,48299659.57348426
臺北市松山區南京東路五段２５０巷１８弄１８之１號五樓,25.0501300138655,121.567009986177,20000000.000000015,19085958.321830295,12204058.986198597,18076653.08693116,21441024.755935173,24627049.06348479,27361751.90082434
臺北市大安區臥龍街２８０號,25.0168899842617,121.558690025266,26499999.999999996,22389356.12078004,15587706.4402329,20452179.890211977,23651270.137960516,29577636.363945894,30484099.20659569
臺北市中山區雙城街１９巷８號四樓之１,25.0653,121.52485,8679999.999999993,10098543.573050207,7889018.091230674,8577722.385970393,8800274.617604202,12589255.937576974,15657940.18810133
臺北市中正區中華路一段７號十五樓之５,25.0471300049904,121.510510007623,16379999.999999993,14873549.388966301,11388555.975056633,14012499.776350694,16056545.702962024,16795521.14290282,17606806.17783409
臺北市北投區大度路三段１８９號九樓,25.12271,121.46917,15599999.999999981,37889475.746020034,28118547.66613898,32167382.699098565,41616392.46286407,47960688.3073923,49629165.25565951
臺北市北投區榮華一路８號三樓,25.11227998,121.52402,35799999.999999955,31006275.283159968,21948275.5504636,29580689.227881465,34963448.40520206,37963573.02458677,41408362.650295995
臺北市內湖區江南街１２６號,25.076294,121.575608,18500000.000000034,13766748.137121476,8324618.068121489,11864952.945071224,14636699.710500583,17356452.582482718,19242966.58748774
臺北市松山區八德路四段２４５巷３２弄３９號,25.0498000183375,121.563420017047,26250000.00000004,28036614.22533363,17145506.32569607,25221784.153358076,33074095.34774302,34480338.51238633,44174739.39140091
臺北市北投區中山路４７號七樓之８,25.1388499863161,121.511780033592,6650000.000000001,10782931.629603695,6461620.5935202455,8283947.691593833,10335674.316351127,13179280.911555424,17007597.226287138
臺北市大安區師大路６８巷２５號二樓之１,25.0240734355333,121.528040546502,10499999.999999994,9307277.735452613,7892823.125399667,8596716.013383709,9617855.26211511,11385817.10692993,12844516.474881541
臺北市大安區安和路二段１８１巷４號十六樓之２,25.0272000185341,121.550290017179,91679999.9999999,82095592.2664727,44855153.75551336,75241825.40294497,92787918.57665324,122921752.02186415,147412963.1262236
臺北市大安區和平東路二段９６巷１５弄７之１號七樓,25.0235199858544,121.541820020202,29499999.999999966,23952475.73312266,15874010.903992297,22358096.89087142,24420716.41959793,29042002.313980363,30326066.430939388
臺北市中山區建國北路二段５８號十七樓,25.0541500165379,121.536449986294,90000000.00000004,84274372.8007915,57677529.95992823,68788850.0564104,89071502.27179053,91068058.69632503,108376108.27310234
臺北市中山區北安路８３７號,25.08601309,121.5523454,23880000.0,16245505.751131883,11803732.534382507,13963748.999998322,18707746.843434572,20656151.326149564,23791593.96024818
臺北市中山區中山北路二段７７巷２０號十三樓,25.0573400012485,121.524790004606,52241999.99999991,39920059.13142587,18710278.615025327,33437163.460757747,49705984.89045354,52086644.57438532,52887655.00074546
臺北市松山區長春路４９８號五樓,25.0543599832125,121.547349980822,38050000.0,28977972.2729636,20438575.890856277,24048080.198375188,32897484.983808387,35561697.998986505,41627463.30658847
臺北市萬華區萬大路４８６巷３７弄６８號,25.01982801,121.495762,9299999.999999993,12834455.689333431,6030506.767091583,9356655.804479497,13746109.617164936,16020876.47874027,19854839.62785023
臺北市大安區瑞安街１７之４號五樓,25.0314299878811,121.54409000722,30499999.999999948,21471061.49567205,14164897.060415985,18822775.10069766,23452984.902556535,27253863.764625154,30299635.60352903
臺北市士林區福壽街４５號,25.09656999,121.525441,19099999.999999978,15603010.653485697,11364295.292377256,14265749.895704526,17975688.473976377,18914140.220408756,21842112.206496775
臺北市北投區大業路４５６號,25.13174,121.496372,39514999.99999997,41391465.264799505,32114282.008998256,39762535.7534188,44087001.67338679,49328521.232038274,56125787.666770406
臺北市北投區行義路１３０巷２４號,25.12990599,121.530545,28350000.00000005,38909575.821851484,27592339.052404862,35192200.62518869,46102446.74776478,50830255.866238296,54227956.42971195
臺北市大安區忠孝東路四段１１２號十二樓之２,25.04135001,121.54684,16999999.999999974,9883591.992130617,6458063.940911468,8939264.182174388,11293178.581121417,11836053.595408022,14254403.359118836
臺北市萬華區萬大路７１巷３６號,25.03063501,121.501767,6500000.0,10583359.040587567,7058870.608888266,8773767.860437624,11207938.588472042,13514907.620632285,16377753.305649813
臺北市萬華區康定路１０３號,25.039507,121.502048,20267500.00000003,33461961.356036913,23813767.30628866,26757344.40647925,33142555.668666527,38299772.26580926,45477270.349303074
臺北市信義區虎林街５０巷３４號,25.04703001,121.575175,22249999.999999985,21838935.143206093,14876287.503901841,18774923.152868688,22369174.795335636,27394508.442289628,30276855.72259306
臺北市信義區莊敬路３９１巷１弄５號,25.027866,121.565385,24999999.999999963,21218466.48353137,14427130.453095425,18233763.2050475,23990198.88705598,25720330.40188062,28830302.163456343
臺北市中山區林森北路５８７號六樓之１,25.06604,121.52591,24200000.0,24213841.067337207,17295820.764908377,20955344.65644253,23804013.63826802,27565366.880925145,31983189.24792558
臺北市士林區中社路二段１２８號,25.10548,121.566924,17999999.999999985,22950788.836042363,12239356.571683832,18727272.002496023,23478822.708642412,30350480.60960654,37463134.36933503
臺北市內湖區金龍路５９之１號三樓,25.0849600066827,121.593260011446,16000000.000000026,13890587.542493794,8810220.640895043,12258890.233066408,15043908.039567748,16913311.95862865,17689022.023245357
臺北市南港區向陽路１２０巷２弄１０號二樓,25.0547300023282,121.596199963985,16999999.999999974,13979457.495582107,9579079.889783282,12793175.835378127,14904657.628820058,17043873.873749275,18889485.593119413
臺北市內湖區康寧路三段１８９巷８３弄２０號,25.07258199,121.611658,12440000.000000002,22296389.05812129,15205726.835575717,18749755.39776733,21669234.38539587,26037538.485045496,28142080.352612186
臺北市中正區博愛路１２２號,25.04335999,121.511418,6899999.999999999,6420991.2689572545,4446518.151912195,5637948.860989029,7004897.444883392,7636435.036658723,8694674.567909017
臺北市大安區仁愛路四段２６６巷１５弄２０號六樓,25.03654002,121.5541,36999999.99999993,24707675.672457837,16675469.701422287,22976671.01539523,26447667.516867395,32345172.238899402,35955152.78150849
臺北市中山區林森北路３５１號十五樓,25.0569699821328,121.525619980658,71580000.00000003,64443951.391753875,52062158.58305572,56118269.78709996,67017738.3557619,70968835.80204996,94364038.47394976
臺北市松山區民生東路五段２４４號二樓,25.05896001,121.56647,19200000.000000026,15936768.248465853,10395515.949710425,14812648.033524603,19317711.270833973,20395258.60516289,22565826.168295857
臺北市內湖區成功路四段３２４巷４弄１２號四樓,25.0855099852595,121.598229977115,15000000.00000001,16582789.549919203,11697621.531072665,15660407.770555008,16465053.497795915,18451927.604705993,22328672.127409913
臺北市內湖區內湖路一段４１１巷９０弄２７號二樓之５,25.084919983095,121.571460022391,14880000.0,18396788.64410644,14266360.135362182,16596645.06448652,18757401.048248954,20985302.529548995,21451336.823612336
臺北市萬華區興寧街６３號四樓,25.0322900130564,121.499960041372,8000000.000000002,15498732.682849929,10372919.138040708,12946024.14823059,16080316.9419524,18825555.55036609,21430278.416676324
臺北市中正區信義路二段２５９號十三樓之１,25.033889992644,121.53158001673,30290000.000000037,24460127.12053617,17433457.628088355,21911794.21169747,23997734.49574691,28072143.307448942,32171840.385833576
臺北市文山區興隆路四段６２巷１６號,24.98507601,121.560405,11699999.999999993,13927766.643316925,8742596.34536307,11463716.62523154,14841654.571866717,16846658.37259412,19648261.158726197
臺北市文山區興隆路三段３０４巷９９號六樓,24.9955600104274,121.556119966114,1331787.999999999,38883933.24688602,27724485.72810675,36894389.31625596,45761009.77474966,51800553.72076725,54862369.25922957
臺北市大同區延平北路二段２７２巷２９號,25.06214401,121.510167,8127748.000000003,25873497.181813415,16811268.37583662,19604297.06933667,24994418.550992887,32310001.07034969,33817831.65973121
臺北市信義區信義路五段１１５號十八樓,25.0336299860075,121.573890019941,22000000.000000007,19572258.170395993,12515736.22162854,15708756.152727399,21201222.87452015,23119301.46310529,29129882.22294011
臺北市北投區榮華一路６巷２之２號五樓,25.1120100007914,121.523979977483,17600000.000000015,20608551.323014226,15526604.171403117,19224815.990443513,22431389.52039048,27501929.4041904,30178191.627740283
臺北市士林區士東路２００巷８３號四樓,25.10997999,121.53416,14399999.999999981,13013080.77973794,9114935.655394558,11383132.167726416,12647991.06124105,15995227.402103975,18766480.31994762
臺北市大安區敦化南路一段１９１號十一樓之１,25.042470002101,121.549259965098,66850000.00000011,42764601.17875236,33083211.23610957,37940607.06916663,41657089.521359436,52789298.488735884,66745532.3627702
臺北市大同區大龍街１４８號四樓,25.0677199825029,121.515839976033,14649999.999999976,14722764.187906802,9238880.918938382,12538283.710978365,15764711.642476562,17463509.296272233,19351750.00330569
臺北市文山區光輝路３０巷４號,24.98627399,121.554436,13879999.99999999,18090530.283071782,12440835.709635831,15769698.94430023,16044951.263817554,25923113.51069403,30500868.54810697
臺北市內湖區文湖街２１巷８２弄２５號六樓,25.0891300035124,121.560800001752,18949999.999999993,22213744.83792822,18709026.854805145,18787002.850379586,19945840.956380084,21586052.199853886,46147274.14195025
臺北市大安區羅斯福路二段８５號,25.02546559,121.5237555,36180000.00000006,22509351.173724633,16795039.064858753,20404168.676636383,25615589.94079639,31377486.86858783,36244972.71097289
臺北市文山區景興路１５３巷１７號,24.99396598,121.545835,15139999.99999999,21722960.49319956,15448550.800375603,18314537.645800542,21536865.518368643,26491570.569951884,28476693.585347768
臺北市內湖區金湖路４６巷６弄８號,25.08273801,121.596697,16600000.000000017,13598347.126747334,8609610.200406097,11907424.596584175,15026470.145442177,17388352.66408236,19160789.329340786
臺北市中山區龍江路３８４巷２５號,25.066904,121.539985,20999999.99999998,16168477.193127222,10596203.01869265,14430285.873094466,17739717.709987093,21026312.940016497,25307021.760086942
臺北市大安區和平東路三段９７之１號,25.024609,121.550843,15000000.00000001,26506135.30788856,18348707.8116911,22367876.38930232,27764762.571580704,33822802.82743625,35462451.74770945
臺北市中正區延平南路１７９巷３號四樓之４,25.0344400131304,121.507690000119,29949999.999999955,30951481.849132687,18490881.85101426,28979055.559987612,35129737.61769741,39872395.94331281,42950459.943350196
臺北市南港區研究院路二段１５０巷３弄１８號,25.03805802,121.616036,14499999.99999999,17489036.788978,11925247.331405388,14686739.918183863,17137736.816745404,19217436.69575128,25446219.134448245
臺北市北投區致遠一路二段７０巷１弄４號,25.112535,121.513937,12000000.000000007,11445983.1081613,7482278.404832966,9820969.747081736,12452500.548307413,15262061.75736869,17540149.78580316
臺北市中正區仁愛路二段２０巷３之１號,25.037717,121.52658,53999999.99999998,31991966.543254606,23615448.198533766,26646846.22554028,32756614.819669325,37645297.9381478,45528104.57678932
臺北市大安區大安路二段１４１巷５號二樓,25.0285200006461,121.546429983129,27060000.00000003,18601308.94827952,13216636.646114863,16932068.029069666,20567652.70574015,20811133.740641184,25995314.201882936
臺北市中正區開封街一段４８號,25.04589699,121.512038,8800000.000000006,9744640.57946029,8328675.863564522,8763112.06265067,9135816.589955771,11928282.507560115,14285975.635341648
臺北市北投區吉利街１５８號三樓,25.1185499807441,121.508649979489,15769999.999999993,13890587.542493794,8943351.540025784,11210200.103301968,14531826.49225838,16204511.939193023,17620279.449926652
臺北市內湖區內湖路一段４１１巷１０８號五樓,25.0850400119485,121.572329980122,22360000.0,22327153.269886263,16968750.288825046,19079904.26512121,23519416.75659608,28645916.949144155,30501674.009338763
臺北市中山區長安東路一段５８號,25.04800401,121.5290995,20999999.99999998,26382713.120084457,16588184.396709861,21069358.913075678,26745113.71905563,32927437.060024686,37214961.07628556
臺北市大同區重慶北路三段２０３之３號五樓之６,25.0699299970036,121.513990006183,18219999.999999978,18571762.99360701,15127938.954490809,15631575.805480154,16286978.325867178,18634759.03839344,37785611.92177783
臺北市大安區金山南路二段１５９巷４１號五樓,25.0289999903315,121.527949982103,32680000.00000004,16857492.653291646,11816764.606010243,13738895.664922819,16827544.381512996,19856364.201304257,23177873.59109374
臺北市北投區新民路６２巷１５弄１號五樓之５,25.1393099851624,121.511070002574,14646399.999999993,20289639.36204331,15069935.74053407,15112563.026599215,16270436.242149252,21360039.703764588,26324903.41578153
臺北市大安區樂業街７２巷７號,25.0217099976827,121.550520016602,27500000.000000015,18059565.31390429,11894324.336356351,16462698.239951525,20370472.464763515,24758953.90528653,30999518.396373786
臺北市內湖區星雲街１３３號九樓,25.08109,121.59606,42500000.00000005,30799734.814736977,24469231.31855031,27294218.245098967,31656521.553005446,36505557.67174847,42714357.15133122
臺北市松山區民生東路五段１３７巷４弄３３號三樓,25.0599500001687,121.562879971025,30799999.99999999,26423322.122073602,17329983.67792492,26478465.71898948,29762766.99750391,32952326.809321363,35449563.253281415
臺北市北投區公路７７號四樓,25.13289,121.50253,14800000.000000004,18157476.929202635,13772019.157082906,16186440.078979757,18494725.39823853,23465011.715040255,28342615.698009808
臺北市士林區天母東路８巷３１弄２號四樓,25.1167899906248,121.531910012258,22100000.000000015,16937322.86200222,13029725.698796852,14314288.618977182,17328912.812872287,19940278.38513702,24310588.932537943
臺北市內湖區星雲街１６３號,25.08125998,121.596442,20879999.999999974,16853803.754829157,12540168.397030067,14805266.847472653,18538279.874356095,21711870.159227233,24365694.799698874
臺北市內湖區星雲街３３巷２５弄１號三樓,25.0792699936215,121.59126000553,23500000.00000002,18431415.2584915,13470078.398470908,15406216.375460742,19843689.395962887,21906793.483958174,24638769.182203103
臺北市中山區林森北路２６３號八樓之１５,25.05458998,121.52556,7460000.000000001,6866724.534197354,5135911.621928933,6878652.049439739,7521418.6713214135,7974546.28374917,9753788.243213845
臺北市內湖區大湖山莊街９６巷７號四樓,25.0879600155577,121.603879966589,15680000.000000015,15814387.231744923,11740259.90842045,15032357.48412881,15541120.211964095,18223178.060454126,20363151.43791253
臺北市大同區承德路一段２４巷７號八樓,25.0505699799632,121.516519999838,27999999.99999999,28759397.015676245,19925387.45067814,23638770.975645337,28110040.766617846,35320858.56785892,39686581.259691715
臺北市北投區榮華一路８號十樓,25.1122799818927,121.524019959161,50500000.00000005,41598211.689222865,31489891.940027226,37023149.78593097,45775984.52442143,49973961.24913347,50616936.14195545
臺北市中山區中山北路一段８３巷９號,25.05024619,121.5233996,9360000.000000002,11926894.387847114,7047599.512927374,10039013.187408349,11143913.383547463,13086610.591423616,15991071.665640317
臺北市萬華區萬大路４８６巷５９弄２４號,25.0199500075634,121.495459965195,3650000.000000001,3566797.847814706,2018885.716921731,3182587.802663977,4481217.630031064,6754652.784321884,7976299.250161326
臺北市大安區仁愛路四段４１３號九樓,25.03799,121.55618,41379999.999999955,22778560.180772655,15530888.212487672,20380293.377083734,23725032.3564808,29858239.840224784,32830375.41532949
臺北市萬華區桂林路２２４巷１２號,25.03839099,121.49643,6000000.0,10533853.740259724,6211293.3361523785,8491046.300012,11639108.53939252,14530619.13601606,16417871.181568258
臺北市內湖區東湖路１０號四樓,25.0683800154684,121.615259992711,16299999.99999999,16460878.492741995,11759910.539368378,14832358.163580189,16310097.752235154,19620578.02227535,23292727.59783694
臺北市中山區吉林路３６９號三樓之２４,25.0650700019044,121.530479975757,4199999.999999997,4156610.84550657,2679269.9514968116,3414938.9828864457,4197202.778200782,5028274.716798721,5764462.593822127
臺北市信義區崇德街３１巷５弄８號,25.02456198,121.554305,22999999.99999997,17330468.494402394,12617431.203007784,15004864.390351579,19759270.386581704,22110542.887874812,25963339.338078786
臺北市士林區東山路１００巷３號,25.1133700064911,121.539120041551,19499999.99999998,17656237.661295265,11576967.945615519,15542452.749688625,18622529.80032298,22671447.65972958,26053772.480255898
臺北市大安區和平東路三段４００號,25.01877901,121.558226,19380000.000000007,15064842.328459118,8640821.434746372,14345563.290078053,16578219.462723346,18635672.46235814,21488192.36698936
臺北市內湖區港華街５１巷３弄２號二樓,25.08332,121.57574,17880000.00000003,16158542.027008438,11772078.56287062,14538421.183257233,16957207.9507589,18807728.48572082,23309988.83198276
臺北市大安區仁愛路三段５巷３弄８之１號,25.0395600148661,121.533940025388,49490000.00000001,30226196.23058551,17166039.719904505,23498550.40900725,31995381.18774897,46052814.10690166,50777608.23186437
臺北市南港區成福路２５８巷３號三樓,25.0377499847849,121.590140015627,15799999.999999998,14651424.468640348,10282516.186579429,13090969.509991743,15716227.423281156,18131101.762703076,20188401.424180802
臺北市信義區松仁路２４０巷８號,25.0247499882359,121.569049973771,31999999.999999955,19475328.860251553,14431046.705606924,20666177.60609077,23087287.75867763,24966702.25881531,30153027.4412931
臺北市中山區民權東路二段１３５巷２０弄１號,25.06389302,121.534861,22999999.99999997,22299051.301091757,13598069.651265506,18290461.675741203,23482086.119617227,26855784.175299916,28946584.642220363
臺北市信義區虎林街４０巷２７號,25.04745501,121.575571,30000000.00000005,17451730.72451984,11679214.616656797,14338595.154917408,19011760.345162928,24412176.31969364,28442443.029095262
臺北市萬華區寶興街２２２巷４８號,25.02210202,121.494158,6204499.999999999,12168391.736839436,7672076.430548326,9699857.288731603,13716877.538937647,15222275.522667415,17739774.109998323
臺北市文山區試院路１４４巷４弄２２號三樓,24.9906599917406,121.547800005203,4750000.000000003,7092038.547207585,4940603.902617861,5763646.957743281,6628320.8277346995,7854654.562489537,9310778.628679678
臺北市內湖區行善路３３３巷６號二樓,25.0623199832916,121.585099977248,65000000.00000007,57990780.73852619,41170213.148078226,49307398.639319554,58611153.93008958,67513447.63466011,94191752.79068595
臺北市北投區行義路１８６巷２１號,25.13291899,121.529587,12680000.000000004,16814203.778050948,11071113.046621073,12783541.54757063,17292854.70447703,22846612.59648224,24827784.69326698
臺北市信義區忠孝東路五段７４３巷２１弄２７號二樓,25.043769993374,121.580139986044,39000000.000000015,33496514.180028096,26412656.888976414,26420411.995710198,34960547.44965964,37606913.35065587,43259085.41152192
臺北市信義區吳興街６００巷１１０號,25.01828901,121.571698,19900000.000000015,26549582.73216316,17827427.09105854,21052095.67698346,25022409.909162596,32179927.060043175,33779064.22328492
臺北市松山區光復北路２２８號十七樓,25.055990011923,121.555450000593,37300000.00000007,28439275.139774293,20353012.934660938,22596515.3013769,34237423.01391309,36784085.87123244,37695741.85467626
臺北市南港區玉成街２０１巷６號二樓,25.04445002,121.58537,22000000.000000007,23496417.53453704,15888356.160586763,21014588.65833457,24587635.761815142,28553309.337933317,32173199.181138344
臺北市內湖區民權東路六段９０巷５弄６號,25.0683599827198,121.586339996004,30000000.00000005,30158828.62940755,19332503.50749596,26473689.316645257,32230368.483811133,36368674.64821042,44783629.95587764
臺北市內湖區成功路四段１８２巷８弄１１號,25.08397002,121.593213,10190000.000000015,15769229.130414726,10184895.693747725,12046782.21848097,15505540.601916898,16964615.914255142,20509853.163458765
臺北市萬華區昆明街４６號七樓之２３,25.0464299903467,121.50571002695,8550000.000000006,10773560.026957126,6989562.037124203,8615037.79208972,12162906.397536706,13986061.52384236,15102838.422834035
臺北市文山區福興路９５巷２７號二樓,25.00503998,121.5482,3499999.9999999995,6985242.192524383,5586546.74416397,7052742.678102346,9351790.838724744,9791853.451738926,10129014.532068841
臺北市萬華區內江街１５８號四樓,25.0416899821915,121.501289997949,6200000.000000005,9490292.271196146,6561033.546611703,8583420.078014722,11215090.654460266,12172282.549656343,15507434.627353761
臺北市北投區知行路１９５號,25.11944102,121.46592,10750000.000000006,16390754.063913634,10964204.071112402,13994401.399429737,16271498.117364649,20057687.053528465,22265218.602754135
臺北市大安區光復南路２９０巷３號,25.03922201,121.557076,41500000.00000007,31021860.221759435,17880825.98235533,25481817.359601803,37110352.5657486,39476247.75953105,43632006.453588784
臺北市萬華區西寧南路１２８號,25.04112898,121.505921,11900000.00000002,16043420.421907779,12043837.753186624,12910386.181403784,15447968.976243125,18394611.594575007,24250454.484286055
臺北市士林區葫蘆街１３５巷１５弄２號,25.0848,121.507861,11379999.999999994,12171318.997333836,7932786.051935842,9422919.101389626,11732472.865366438,14775486.749459844,16812132.916031685
臺北市文山區政大一街２１０巷４５號,24.98488398,121.585114,16079999.999999978,19660665.81568499,14095351.090179337,15860851.443067662,20000757.62154226,22510651.63630066,25523439.22257348
臺北市士林區福港街３５號,25.09069201,121.518398,20200000.000000034,19455827.265804797,9903850.246830117,17154201.862179335,20217901.647277612,23749477.50074218,31737790.622655686
臺北市內湖區大湖山莊街２１９巷３４弄３號二樓之５,25.089410000988,121.59949002862,7800000.000000004,9404450.799040914,7066988.08156088,9020655.223370692,9569644.585568802,11260912.104867252,12488416.1532348
臺北市內湖區成功路四段１６７巷１６號十二樓之７,25.0827400177171,121.595430002359,25799999.99999997,23452703.588749506,19123045.04261816,20455987.75441472,24309310.328609005,26643666.228213117,28266151.017894484
臺北市萬華區長沙街二段９３號十一樓之１,25.0405000033977,121.504479982659,23480000.00000001,20702902.307655547,14030894.781174906,16403596.784352433,20288082.51890356,24222688.65985042,27233647.6767995
臺北市文山區木新路三段２３２巷６弄７號二樓,24.9820099933921,121.559290001895,13980000.000000022,14866571.13910927,10550561.798630787,12633448.109137354,14913585.120536642,17571786.82059053,20192084.78243158
臺北市北投區明德路２６７巷９號二樓,25.1144599891801,121.521830019318,15799999.999999998,13611952.654491173,9244569.795301799,11092664.34554778,13987720.246800471,15704636.396674559,18576638.593289204
臺北市大安區通化街１０１巷３３弄１２號,25.0294599891777,121.555649992803,24999999.999999963,17186133.650815308,11654257.168929363,15310309.774367984,18998580.596947443,23173085.90419147,25415145.229088575
臺北市士林區華齡街６７號,25.08470901,121.519146,17100000.00000001,15257015.800261563,9310281.77676349,11452220.959876664,15798266.690852247,17550136.603530996,20924903.055638533
臺北市大安區仁愛路四段３４５巷４弄１１號四樓,25.0390400015931,121.553329965823,36880000.000000045,31097282.00879898,18678025.587586656,28325491.80815991,31954809.43381551,35573733.73140854,38851254.05689767
臺北市萬華區環河南路二段２１號二十三樓,25.0391899957504,121.49767999607,21799999.99999997,23448741.549030494,21517647.17288108,21558478.31024159,21732146.70719154,24030371.220700845,33692986.97149053
臺北市文山區育英街４５巷２１號,24.99110901,121.537627,26999999.999999993,30315944.340664998,23205592.8370009,26841999.00930144,28197249.210246906,35708338.37065346,38912354.697887845
臺北市大安區忠孝東路三段２１７巷４弄６之４號,25.04272402,121.540064,48999999.999999955,45493498.68684576,26046663.77594281,36723658.58332678,49533929.17255442,49642488.712647885,53049267.701936044
臺北市松山區南京東路五段２３９號九樓之９,25.0515799992958,121.564819962515,15199999.99999998,14120489.124045983,10325583.208318263,12210807.07184149,14284205.2477219,15542155.234846063,18864561.224403612
臺北市中山區新生北路二段９號十一樓,25.0573099940351,121.52790002596,128880000.00000013,145138268.22654063,52969502.58527165,130858135.81381766,133839159.82840937,232151632.27970716,282106642.5869037
臺北市大安區和平東路三段１巷７２弄９號,25.02786801,121.546309,26499999.999999996,21809969.256254658,15737142.278580168,17967278.920552805,21769230.269542344,26923200.967934985,27756335.17395378
臺北市士林區福港街２５９巷２９弄４號,25.08439201,121.518976,15300000.000000017,13237036.809279338,8460408.980123216,10374517.975737102,14249094.91464525,15511601.591927422,18621360.81648269
臺北市文山區汀州路四段２５７號八樓,25.0017899856911,121.536149997979,36999999.99999993,36674482.72126766,27247104.631993268,34520418.8967084,35514519.53829096,44357424.50739181,50070773.26208943
臺北市松山區延吉街１０巷６號四樓,25.0472799991478,121.553250002467,33000000.000000015,26818677.922817983,17966808.77864324,25558525.248493522,28705923.294632617,33308432.827005528,35521552.433396496
臺北市中山區復興北路１９０巷２５號,25.05570209,121.5427411,25699999.99999999,19644686.90636929,13446468.721888695,16183245.320664883,21842348.414545123,25230781.689257767,27106308.719151188
臺北市信義區松德路２０號九樓,25.0352699891828,121.574959969881,30000000.00000005,23060283.619102456,17197547.120572854,19038396.352782287,23134416.551534217,29899394.730189852,31257508.97459489
臺北市松山區八德路四段７５巷４號四樓,25.0488700042706,121.560110003483,13820000.000000019,11504160.070505675,5916900.738908345,9452149.91834972,13798798.021403719,16027870.114892377,19900752.80317951
臺北市文山區久康街８８號,24.9901471,121.5670724,36999999.99999993,43518714.326066524,33841777.09628875,40322525.75176791,46386688.08403078,53446878.46674406,59177858.15743386
臺北市內湖區康樂街１１０巷１０號六樓,25.0706300116473,121.618449977421,18650000.000000015,19751961.81530512,16396451.918989005,18960814.43302388,21039810.885675766,23053321.826554194,26432523.795904525
臺北市萬華區東園街６６巷２４弄１０號,25.02479001,121.495527,21580000.000000037,27813577.672860406,19019767.200455304,20912686.16527858,28034494.031108882,32808909.439559184,37807792.682277
臺北市萬華區東園街６７巷１９號,25.026938,121.497585,39000000.000000015,48152329.612196006,34810595.84776149,42370951.75741366,44244872.29941474,55252942.729623474,65816831.435843766
臺北市中山區南京東路三段４８巷６號,25.05106388,121.5384109,31500000.00000002,21097695.80043459,13345040.807627084,17393042.759749796,21234206.133641213,25405441.44416637,27789859.0430669
臺北市內湖區成功路二段３６９號十二樓,25.0798051407545,121.59124288601,33279999.999999963,37616514.08539151,29274404.117184024,33219199.056064915,38643685.54550668,43645189.88165832,50938216.95028715
臺北市內湖區民權東路六段１８０巷４２弄１１號六樓之１,25.0675800047198,121.592229959365,23500000.00000002,23995474.38319034,20274306.362351775,21603200.500940856,23220299.406276528,27009140.220203415,30257642.76444821
臺北市大安區通化街３９巷６２弄３５號二樓,25.0301900110348,121.556270002181,13400000.000000011,10467512.007096099,5900407.750421191,8138132.648226862,11201090.785397993,11232486.928827187,14765277.291322716
臺北市松山區八德路四段２７９號四樓,25.0491100200681,121.565790000169,18079999.999999974,13568121.246427748,9179371.459666345,11657756.796408162,14251307.57698744,15787309.943745272,18696590.76680898
臺北市中山區吉林路２６巷２０號三樓之１,25.0513699907117,121.52925998975,10399999.999999989,9786593.289113037,6713269.246114986,9198235.45016003,10942918.99057917,12574175.172971629,13751183.056755077
臺北市萬華區貴陽街二段９６巷１０號四樓,25.0393599807468,121.503169975012,9500000.000000015,12297158.79895363,8080123.30641899,10413991.014489012,13120944.944720529,16273663.732975928,19204667.65052609
臺北市大同區南京西路３６０之２號,25.053716,121.511042,7800000.000000004,6418265.9525650665,4350330.060303764,5202872.297784532,7240496.315477477,7798330.435736796,10449898.731703196
臺北市中山區新生北路二段２８巷５號八樓之２,25.05392999,121.52636,30000000.00000005,27486699.725065522,18905817.252810832,23785543.306607775,26493713.87514148,33624419.021819726,34153160.30153335
臺北市信義區吳興街２８４巷３０弄４６號二樓,25.02315998,121.56291,17320000.000000007,17333908.87954751,12785935.820697302,15918621.465512868,17509050.419680625,20842134.7416735,25121731.26291711
臺北市中山區德惠街１０號二樓之１,25.0664999964957,121.529229982537,6899999.999999999,7170115.270362219,5411148.118438017,6901465.656516732,8265526.375602962,9410050.692614637,9501937.19311166
臺北市士林區大西路７４巷２號,25.09152002,121.52491,8520000.000000007,8735197.172159089,5816965.031816544,7552594.779086519,9013306.383718167,11061923.403358072,12305422.364168884
臺北市文山區興隆路二段２７５巷１弄４號二樓,25.0028500030762,121.552720014729,13000000.000000013,12088176.920917235,8730849.896369461,13033242.681628602,13232620.14018942,14244659.750735465,16222028.37671304
臺北市士林區中山北路七段２０９之２號,25.12597098,121.532724,26580000.000000007,32239494.61238062,22975105.65924068,28958775.33203219,36467254.83242671,40061794.96899894,46145206.31252044
臺北市萬華區中華路二段４１６巷５號九樓,25.0270900060549,121.504679974869,8999999.999999996,10404606.076523086,6459566.738532824,7956421.0397701,11161414.650518674,15015425.251571197,17301717.99013566
臺北市中山區長安東路一段５３巷１之５號,25.04897302,121.526645,15799999.999999998,15158026.870436102,10880136.269314101,14616412.68945499,15790830.716618245,18486588.733127702,22631966.662682086
臺北市大安區建國南路一段２８６巷１２號五樓,25.0360300182533,121.536830021784,19799999.99999998,12985212.10922191,8605456.576884188,9556599.571906094,12723244.993786816,16067363.92832468,19110929.742200546
臺北市大安區文昌街２８０巷４７號四樓,25.0314700114687,121.556950025985,23500000.00000002,17856006.967066865,12961413.096121969,16894832.141324382,19533055.991115868,22299743.6748342,27580001.387811694
臺北市大安區瑞安街７１巷２號六樓之７,25.0266652812805,121.539617539946,13820000.000000019,36988726.61791476,26117271.885247234,29894181.92588064,38108736.47528482,48039675.576993145,57512402.78840173
臺北市內湖區康樂街７２巷１７弄１４４號,25.07185201,121.616453,2859999.9999999986,8046577.137290293,4662329.7654312765,5526967.082122542,8187169.2265247265,9423749.69027693,12586777.056748737
臺北市中山區林森北路２６３號八樓之１９,25.0545899826356,121.525559966231,9500000.000000015,9146737.505592618,6523612.790441675,8363249.832935379,9501787.00216577,11696798.733354777,13561268.180717241
臺北市中山區松江路２號,25.04628498,121.532707,7750000.000000002,7354794.699232781,5809552.523567727,6790813.460138794,7608557.254305908,7823605.111667282,10437915.99490454
臺北市大同區延平北路二段４３巷１７號二樓,25.0552399992269,121.512459973578,15000000.00000001,17642022.476294596,12586422.034479203,15490337.379022593,17661560.735889137,21006091.063991595,25445058.041185133
臺北市中山區北安路４５８巷４１弄６８號三樓,25.0793100172092,121.546840025832,43499999.99999997,25816062.36174467,19540699.548195604,21307938.977867607,27856055.7031891,29480510.861826837,33899406.64355747
臺北市萬華區和平西路三段１８７之６號,25.03548398,121.4977,4399999.999999997,4786333.561131243,2962325.791298407,3766012.7742677922,4762188.213574312,6176245.835684603,8344645.264765259
臺北市士林區社子街７４號二樓,25.08731,121.50666,5940000.000000002,8843195.47739505,6172846.831481938,7641204.8282907875,9444553.460601373,10685230.457870483,14119077.503192475
臺北市士林區福德路５７巷３９號,25.092049,121.521654,600000.0000000003,1043337.2609569104,554037.7785171167,916352.5531757047,920592.3297896376,3529346.7025655396,6191015.666777125
臺北市士林區承德路四段８８號,25.08228174,121.5230118,28880000.000000045,26260591.320203807,20555866.432108387,21778961.41662413,28611192.403601818,29676994.66749092,32012413.185864888
臺北市信義區信義路六段２６巷１３號五樓,25.0334400101721,121.575660026435,19499999.99999998,13967323.910517573,8759558.748388544,11373997.075213542,15733508.688308312,18045747.0547708,21560929.949295994
臺北市松山區健康路３５巷６號十樓,25.0537799974223,121.554249963516,36099999.99999997,30097188.291793283,24321054.43493831,29451640.048222445,30454664.253218025,33787500.43693079,38385151.84330626
臺北市松山區八德路四段７２巷１０弄９號,25.0471199886161,121.559710019063,20699999.99999997,22811809.96802319,11261506.298828864,17369155.684229724,22605257.324858673,28025897.458143882,34319939.56054003
臺北市南港區經貿二路２３５巷６０弄２８號四樓,25.0612999894942,121.614920022718,47580000.00000006,46890235.04814072,32702874.5739651,39007758.09792265,48905707.0418483,57063020.36499714,68404928.94646192
臺北市大安區光復南路６８８號十一樓之２,25.0299600116117,121.557220007087,38500000.00000002,27151443.280356187,22849685.99702925,23034211.949000403,27615946.191472344,30777668.74264796,36023730.58157131
臺北市中山區合江街１３０巷１９號四樓,25.05957001,121.53824,14700000.000000002,15349592.713002345,10255093.897817818,12898630.994083645,15756580.903717594,20185789.18182525,22895860.276640013
臺北市大安區敦化南路二段１７２巷２５號,25.02415399,121.546955,22079999.999999966,15272024.904888816,10303776.714269653,12810060.9600203,16454935.121187393,21509461.36641518,24227619.255951013
臺北市中山區南京東路三段１９４巷３號三樓之１,25.0517542685367,121.542715071957,46679999.99999992,35016876.53604466,26181306.318600867,31209024.625758976,38597738.96619903,41876516.90628259,45881941.95171507
臺北市中山區復興南路一段３４號,25.04629102,121.543684,28949999.999999993,21949289.2759289,15729615.201865744,19717295.36879852,21148986.39088814,26862071.55886349,30990264.93162814
臺北市南港區經貿二路２４５號五樓,25.0610800064453,121.61440998391,25899999.999999993,21809984.451810308,16520716.161109796,18835320.23365125,23763756.851656154,25804222.273254763,27916167.489169147
臺北市南港區南港路二段３８巷２４號十四樓,25.0543700000001,121.60681,61679999.99999992,56839989.60836613,44099272.41141569,47007986.05764517,61669882.31153727,67736454.67799248,72225417.55203113
臺北市松山區民生東路五段１７１號,25.059489,121.564784,27999999.99999999,25264851.254440468,17862726.8081498,24844203.603885338,28503568.367784612,29004366.64003087,33279537.07575006
臺北市松山區民生東路五段１５３號十二樓之１５,25.0592200202212,121.562340008822,11280000.000000004,10114133.180233728,6837616.186349204,9941798.658595135,11218156.623425296,12632192.627312768,14988829.519247381
臺北市內湖區文湖街２１巷８０號,25.088841,121.560065,35000000.000000015,33034123.767645642,22429781.570046533,29340894.00346055,35012183.86092706,39036191.3405411,44972531.12412077
臺北市文山區羅斯福路五段１９２巷１號,25.00347399,121.53827,30000000.00000005,26649979.49293486,15558460.561063694,25702314.939535774,31513052.48361034,36061705.45904781,37110311.395101435
臺北市北投區稻香路１６１巷１６弄８之２號五樓,25.1424000156775,121.488849996351,21139999.999999993,25658483.74550592,19924848.146034107,19997099.019376993,22826817.16136805,29034915.99204602,33896794.41521708
臺北市松山區八德路四段２４５巷３２弄６５號五樓,25.04975002,121.5628,15000000.00000001,19213145.9999554,12098587.584480757,14758544.799762476,18766136.530785985,23333696.081665218,27481959.498476326
臺北市中山區基湖路１５７巷３號,25.07678669,121.5636534,143800000.00000024,76441773.23164393,40271960.07380139,83401716.06342845,92398993.5076423,115565500.1263344,175742733.23966163
臺北市士林區福港街２５９巷３１號四樓,25.0841200142559,121.519059967957,3299999.999999998,6485239.964698376,4373131.826544057,5198654.38493327,6751272.387160093,8381661.225522534,10603300.271141732
臺北市中山區八德路二段３３２巷１６號三樓,25.0466500153051,121.543260031167,16879999.999999985,14956116.088034,10119159.324604338,13898596.436958933,18029731.99786527,18489784.33935552,23571834.957757052
臺北市中山區南京東路二段１０８號十五樓之１０,25.0517999823446,121.53207002279,17600000.000000015,20505073.16205818,13099170.225613808,15484014.900913097,18499624.859053105,21038554.954858184,26409182.25760942
臺北市中山區新生北路二段６２巷３８之２號四樓,25.0562099949719,121.525930027257,15799999.999999998,14704496.010257408,10846711.339557216,13152993.33784991,14338890.419236401,18481639.16861922,23128955.761652097
臺北市中正區中華路一段７號十二樓,25.0471300049904,121.510510007623,28999999.999999948,27404122.975999676,20257960.81144214,23439688.868827395,28023350.56752649,31230290.945319213,34055853.88049426
臺北市信義區福德街２６８巷２６弄３號,25.03992702,121.585958,13049999.999999998,9865068.13360508,6527452.09021593,7940090.298232587,10056969.956039065,11629171.519189335,13906173.540807834
臺北市內湖區文德路２１０巷３０弄１０２號,25.07640871,121.5846037,24500000.000000007,17268152.959400978,12791375.958696676,15822851.490148855,18123824.679079764,22388016.024988644,24145356.499897562
臺北市北投區三合街一段８２巷７１號三樓之２,25.1284799795265,121.504389961019,25324999.999999955,29243395.2910768,22447262.02168849,25414788.690129083,28592705.447872166,33247334.81106678,37442591.15862824
臺北市中山區龍江路３４２巷４２號六樓,25.0654699863239,121.538689966099,23200000.000000037,24430077.562352113,16439096.73111895,21347278.012124415,25588886.531085882,28413090.84720049,31924025.35915088
臺北市北投區致遠二路５巷９號二樓,25.1141700172397,121.511569983098,8000000.000000002,10114053.42440282,7564090.32889936,8222702.034626733,10865282.35282436,14135525.400683641,16564112.554322962
臺北市大同區迪化街二段８８號,25.06546701,121.509431,12680000.000000004,10990205.65734717,7104742.125371306,8760419.314640949,11098270.052489439,15221284.378050888,17627753.783971377
臺北市信義區信義路五段１１１號五樓之３,25.0333199813186,121.57324000335,33500000.0,22225557.426266897,14410767.474582601,16701292.879281064,22430883.505896702,25146143.531754598,33583676.52737491
臺北市萬華區環河南路二段２３號二十四樓,25.0335099990636,121.492490005443,21900000.0,23448741.549030494,21459864.65633177,21517647.17288108,21558478.31024159,24030371.220700845,33692986.97149053
臺北市中山區龍江路３７０巷１３號四樓,25.0664899801214,121.540180017026,17249999.99999998,15225073.693609037,9356347.796881124,15323050.848686667,16853198.646289106,18410672.19618021,19951611.15908801
臺北市松山區三民路１０８號二樓之１１,25.0575000117801,121.563769961504,26549999.99999997,26720254.22187489,16925661.150382236,25492341.293963075,25996143.55221337,30143770.12375475,32052100.84493938
臺北市南港區舊莊街一段６４號二樓,25.0410200166707,121.618600013488,12600000.000000015,14976811.782448914,10600172.608907044,12858738.132217731,15788006.512897836,17867181.57781594,19763964.28017971
臺北市中山區敬業三路１６２巷１３８號十一樓,25.0772800040791,121.559829964098,28600000.000000026,32672202.731713586,26680271.876848713,29917773.97636887,31961873.1944672,37280656.35153605,41122136.7815291
臺北市內湖區陽光街６８巷１５９號五樓,25.075750013383,121.5829399608,31500000.00000002,36051779.845063515,24841062.854784504,26910598.021075077,32821336.40559698,44119229.55736828,50775812.53509322
臺北市大安區敦化南路一段１７７巷３０號二樓之２,25.04294999,121.55058,15799999.999999998,12506402.64874778,10050945.471074019,11688743.887907188,12207720.983117335,14636133.124550497,16187693.872776313
臺北市信義區虎林街７４巷２０號四樓,25.0440600072239,121.576109966997,14499999.99999999,12744303.777892658,8590699.771322101,10960765.632976783,13364613.625744097,15897078.58847536,20289643.57789596
臺北市北投區奇岩路３７巷８號,25.13273899,121.507428,6999999.999999995,11039259.293350194,6741658.363210576,7958251.296034386,10561350.740895715,13772916.234435875,15782986.52502605
臺北市內湖區民權東路六段１８０巷６６號二樓之１,25.0665699853872,121.592519973215,19879999.999999993,19223020.779701106,15824308.074176084,18045919.71023373,20691225.346334793,25025244.773214944,25300592.11285518
臺北市內湖區星雲街１６３號,25.08125998,121.596442,21400000.00000002,20528594.49640189,14714896.04958297,16343964.083728809,20093591.595250472,23382993.645131305,24064732.284311123
臺北市信義區忠孝東路五段３７２巷２７弄２號二樓,25.0395699893309,121.574540036532,25180000.0,22269051.28926014,14711466.533846412,20590248.52923053,23705109.231415674,27767309.632932413,29279373.566734236
臺北市內湖區民權東路六段９０巷２５弄９號四樓,25.0673599797615,121.586509981,11190000.000000006,11529099.855268447,7427940.155548763,10113776.399102554,12139345.080826527,13610778.012573712,16459178.854204085
臺北市大安區光復南路９８之２號,25.04427299,121.557542,32380000.000000026,22309440.05979663,14021261.083203964,19819726.744631305,24770819.898882926,29251799.49560026,30879158.200580392
臺北市文山區景華街１０４巷５號,24.9950800207421,121.546320012559,18299999.99999999,13810985.77394873,7968435.6495067105,13063813.31229041,16810996.170161128,20672535.07970534,23844862.366337456
臺北市北投區西安街二段２８１號十二樓,25.1204600069301,121.506500021325,26380000.000000037,23186425.199244443,14152253.225371383,19613549.76767595,21268690.578811787,24172785.78662986,29256169.1075883
臺北市北投區中山北路七段２１９巷３弄４３號五樓,25.1270499849352,121.530539990184,14600000.000000011,18090881.43203022,11729421.685724024,15405501.770181272,18891619.580755033,22325612.966714207,24468247.321769636
臺北市中山區合江街１０２巷３６號四樓,25.05868999,121.53841,62879999.99999998,49270366.065793134,32818599.444566377,42890397.96491325,53575071.333035454,57259524.19755371,66816529.44024276
臺北市內湖區成功路三段１１７號,25.078912,121.589818,17180000.000000007,12052303.90044669,7613949.802970847,10668962.114441535,12496182.88944742,14828824.118853452,17012149.066496626
臺北市松山區民生東路五段１３８巷９號五樓之１,25.058069981196,121.56171002498,26680000.000000004,24089241.294712458,16047541.482058391,18542983.49470159,25852832.709679183,26779500.522995763,30871388.900607057
臺北市文山區辛亥路四段１２８之６號十樓,25.0050699920417,121.556920018772,20659999.999999966,22386514.603806727,17476832.156277213,20740592.402513184,21708336.236485764,25446308.226381786,27889686.115328368
臺北市士林區東山路１００巷１２號五樓,25.1134200045436,121.538809994952,15000000.00000001,17811171.67665157,12965137.75984111,14485222.454649866,17545510.85727067,20886195.39438598,25054617.533876836
臺北市南港區研究院路二段１２巷５８弄１之１號,25.04729802,121.613907,15000000.00000001,15657826.920857402,10121589.16321639,11474859.659375727,14572827.619900486,16978727.985329688,20220521.414249603
臺北市南港區舊莊街一段１９９巷１１弄６號,25.04017784,121.6214927,19000000.000000015,18192215.3994926,12425886.454249628,16225025.286462333,19190094.923212565,25521276.54044707,27702454.986784406
臺北市大同區承德路三段８巷１９號,25.06378501,121.516887,17999999.999999985,20680608.92947762,12186126.140527252,15841483.930990113,19172791.312402982,25308697.79097033,28273095.81519481
臺北市南港區松河街７７２號五樓,25.0614600000258,121.611940004682,30999999.999999978,46771841.13459195,32756964.796980992,40276770.949603565,46718670.51070495,58903142.292579055,68173231.9955674
臺北市松山區民生東路五段１３７巷４弄３９號二樓,25.0599699910078,121.563099995983,31110000.00000002,26588128.971810654,17504060.976208366,26455287.276089564,29287920.62037084,32994015.82755329,37082595.42640197
臺北市內湖區內湖路一段７號三樓,25.0848600105778,121.560530020651,38279999.99999995,35020251.37030955,26236270.167112865,29803802.145159487,33975981.977144495,37587636.830413125,43053262.97836595
臺北市士林區基河路３００巷２３號五樓,25.0937200175103,121.518610027395,55380000.00000003,50031023.05066003,35205825.971358925,39302046.76798963,55265507.20656231,66871323.23086991,86385651.26417291
臺北市信義區基隆路一段３８０巷３４號,25.03454378,121.5582554,19000000.000000015,12333604.942273509,7291706.591375511,11064296.42458618,12913815.895830898,14641544.23522353,18079632.04298274
臺北市內湖區內湖路一段３２３巷２１弄１５號四樓,25.0840400089901,121.568840007097,13719999.99999999,12872845.467094457,8613767.19729177,11286806.822717197,13581125.554729462,16273663.732975928,19619652.28609441
臺北市北投區中山路４７號十樓之１２,25.1387600065855,121.511790008057,2750000.0,5306544.070647467,3375776.904792809,3720284.5732098594,4722966.812238521,6273523.471223366,7729021.067460863
臺北市大安區金山南路二段１８８號二十樓之１,25.028170014279,121.526009990613,62300000.00000004,38332452.4840046,25724851.649146184,29972968.85190063,44866940.790355206,53096328.892307684,61023911.02384707
臺北市北投區致遠二路６１巷１０號三樓,25.1150499913446,121.511179973144,6449999.999999996,5601386.353448451,3268087.039156152,3841389.823712602,5541995.2864465,6481594.48980277,9112980.403755017
臺北市中正區仁愛路二段６５巷１３號四樓,25.0393599807468,121.530409986866,24000000.0,15578285.046695936,10296934.096039295,12670536.691735959,14974917.852396395,18108246.86365212,21940813.83930451
臺北市信義區吳興街２８４巷５之６號,25.025515,121.564,18700000.00000003,18531445.289767794,12434678.838512065,15236721.877998723,21192237.591775194,25997992.017288692,28250189.12711909
臺北市北投區吉利街２８０巷４０號,25.11718499,121.509942,9999999.999999996,10369970.764673263,6649768.959891466,7629853.580059641,10992644.749150377,12471713.725047987,15333328.270130074
臺北市萬華區萬大路３８７巷３９號五樓,25.021720014057,121.499859961448,12499999.999999985,11708732.817691337,7105247.284499462,10288597.175857369,12663688.37371116,13731701.93084656,16584139.514553672
臺北市北投區大度路三段２７０巷６７號十四樓,25.12530001,121.46735,14299999.999999993,17304213.339238472,12478725.25703242,14708726.22770193,16961360.903089065,20205707.20783315,22758477.584067233
臺北市信義區松山路４１１號三樓,25.0412399997195,121.577990027879,15699999.999999976,9380306.656119827,6416027.895079136,7725862.396203907,9885037.64773779,12045295.24180182,14791728.187513333
臺北市內湖區環山路二段５０巷１０弄６號,25.08711202,121.573568,92000000.0000001,58841820.51770925,38305788.68103694,43195437.38568211,66251380.72970939,67732830.47318237,86440481.65649188
臺北市北投區公路４２３巷１７號七樓,25.13289,121.50253,21500000.000000007,21618072.76586699,14785002.074422851,19139449.276363064,22287713.859792657,27670757.668036036,27694567.698656797
臺北市北投區行義路３１巷１號三樓,25.1254199981342,121.526690014418,3499999.9999999995,4372776.680341405,2544497.482933253,3746844.094841874,4852787.148347,5758856.536879655,6545907.758734769
臺北市內湖區金龍路２１號,25.08476701,121.594634,15000000.00000001,13959041.885738345,8316721.480113885,11191169.109321706,15171299.577657687,19657679.589998752,23388875.634032004
臺北市北投區文林北路２７２巷９號,25.10956802,121.513453,11000000.000000013,19613010.8043498,11107871.52577032,15025536.849971626,21029241.265487686,24448561.020305432,27890382.736265466
臺北市大安區復興南路二段３２７號五樓,25.0238400069176,121.543569993947,31799999.999999985,23733870.03489743,16465636.229883103,21888535.58245518,24289220.87387945,28723189.331836913,32077211.035189316
臺北市中山區明水路３９７巷７弄４９號五樓,25.07808999,121.55015,50000000.00000009,45503373.16874954,27740139.745573647,37022722.295641854,50051255.94442783,55804068.94038641,63237396.00431154
臺北市萬華區武昌街二段７２號,25.044806,121.506211,9999999.999999996,10369790.929075979,7095834.919699861,8648739.098260954,9937344.741440183,12451988.47540326,14929760.032300916
臺北市大安區和平東路二段２８３巷８號三樓,25.0254099792919,121.544570038814,22709999.99999997,19553346.978056327,12209104.509791983,17722950.344576083,22563127.19480368,23333393.244917165,28617449.529652607
臺北市內湖區內湖路一段４１１巷９弄１２號三樓,25.0821599900174,121.571549960213,14850000.000000017,14028271.836783381,9170180.102981186,11303595.30701505,14711204.619726498,16656189.344958622,18658538.754976284
臺北市文山區福興路４巷６弄２７號二樓,25.0041900179368,121.552439975344,10499999.999999994,16303492.60807272,11308661.103908531,13080009.858573442,16602251.814814273,18770407.900462992,21483043.814550687
臺北市中山區敬業三路１６２巷６５號,25.078322,121.559175,26099999.999999974,25595072.39512708,16423239.285421891,24434049.04019569,26881888.743266296,31820857.69066655,35154259.59393011
臺北市中山區南京東路三段８９巷２７弄１１號九樓,25.0540200132197,121.538300039963,79600000.00000009,55133788.71863417,41575285.74821071,51445335.52959982,59762084.684952036,66406224.17941145,74957910.70237127
臺北市萬華區雙園街１２號二樓,25.0292700133423,121.494720010783,11000000.000000013,13420890.809073146,9626592.891546752,11373301.391190253,13690299.92811669,17057676.152750794,20212379.95361986
臺北市信義區基隆路一段３６４巷４５號三樓,25.03553,121.55905,4199999.999999997,2798203.493975362,1726557.3855561777,2294129.3039126126,3490494.64063345,3545695.0212917244,6121256.3973613195
臺北市中山區建國北路二段９９號五樓,25.0589300063713,121.537320027844,31500000.00000002,27331307.432903722,17433523.48336169,21881244.432806198,29254875.687753372,32443862.33095493,36342089.27894287
臺北市中山區復興北路４４８號六樓之８,25.062720683849,121.543981115059,11000000.000000013,11337439.187521134,8921946.871171828,10620760.716857314,11157240.844331514,13652935.349290624,15877989.110381812
臺北市萬華區萬大路１３７巷１９號三樓,25.02909999,121.50106,4399999.999999997,3993014.8942692596,2760528.180077263,3711087.7589773084,4271145.547008626,5454314.684097849,7156979.734501698
臺北市中正區重慶南路三段１７６號五樓,25.0229960683313,121.516768244131,8679999.999999993,8366680.8245204985,4948616.942681042,7272273.510345808,8352341.872723997,10024514.312689636,12412956.124869745
臺北市信義區忠孝東路五段７１巷１２弄１０號三樓之３,25.0419400143632,121.566709997862,13879999.99999999,12515496.2246451,9668594.462403638,9923959.080218598,12338294.68575052,14529594.360954968,16684984.604059555
臺北市信義區基隆路二段１７７號三樓之３,25.02507001,121.55378,21780000.000000015,18770279.77191779,12322960.691155242,14398446.787617126,17680940.05070299,20132565.443707306,25750577.205109246
臺北市北投區新興路１６６號二樓,25.13866998,121.48675,6800000.0,11192293.147788819,7491843.252323038,9365866.714164652,10610166.857735753,13569011.065035298,15496805.957752932
臺北市中正區水源路２３之３號五樓,25.0170699856323,121.525180014561,18750000.000000026,20427109.357965663,14328135.35362012,16119957.994313354,20654566.208775308,23764009.012199156,26543019.60594675
臺北市萬華區長泰街１３９巷８號,25.02172999,121.497425,9999999.999999996,13998943.534048218,8658832.88875389,11093805.752101723,15229766.270300958,20087081.875378247,23155586.43592582
臺北市中山區復興北路５００號六樓之１,25.062720683849,121.543981115059,10499999.999999994,16691634.438454233,10744212.032084733,13549091.58371564,16262998.251708105,20213068.82045006,23213680.79082726
臺北市士林區忠誠路一段１７３巷３８號七樓,25.1084499969652,121.532530021636,57000000.000000045,51238038.05632885,38879139.79726237,47592175.815879434,56130783.21751961,62551372.21717073,68524701.16709842
臺北市信義區永吉路２７８巷４２弄１５號三樓,25.0443099974861,121.573549966129,16799999.999999978,12434623.024865445,8736917.80489055,11741071.453427954,12501181.901444174,15105929.822607193,16854416.262023374
臺北市中正區南昌路一段７之１號三樓之３,25.0320600136333,121.516710017583,13000000.000000013,11081148.955278717,8944896.599121155,10734819.832236717,12177712.980677027,13243240.234790292,14132292.767371867
臺北市松山區延壽街３３０巷１２號六樓,25.0556100183426,121.560100029018,50000000.00000009,35502507.23239487,26085248.09024185,30804285.330511857,34078115.235423855,43024919.09436405,50552641.29547649
臺北市中正區牯嶺街１２０號七樓,25.0241500116066,121.518949997387,22900000.000000037,18596402.28425416,12666181.642026503,15916842.970144605,20047393.594404206,24041705.22214453,25324440.029460363
臺北市內湖區新豐街１５６號三樓之１,25.0613199803332,121.585389991098,53999999.99999998,46890235.04814072,33089586.315290723,38003596.02858085,50053411.04627274,58165225.85103049,67715610.36216843
臺北市北投區石牌路一段３９巷７０弄１７號,25.1156407,121.5105577,6599999.999999998,14156269.54116882,9516562.749706278,12757928.273018219,14756609.833058525,17275874.55249788,19401169.916952707
臺北市大安區新生南路一段１３９巷６弄９號四樓之１,25.0358500168826,121.53361002986,19000000.000000015,10368696.898006925,6498322.3498300705,8383844.044999073,11383387.859858101,13723296.33685473,16237669.025025403
臺北市內湖區瑞光路２３５巷９號六樓,25.0733215669419,121.57972380189,20200000.000000034,20480383.342998795,14089737.696481409,16451082.084998144,19359714.476488613,23764009.012199156,26407430.027120266
臺北市中山區北安路５９５巷９號四樓,25.0822099880698,121.54806001184,4150000.000000003,3538985.8307653936,2564133.6026794827,3838445.0976332915,3942923.622587782,5029971.849508192,5979374.99360045
臺北市中山區長春路２５８巷１５號二樓之１,25.05407001,121.53926,72499999.99999996,72584484.25569165,36737794.55633198,58535812.96572398,73368711.2827174,102278474.25652832,164046588.50460985
臺北市北投區大興街９巷４號,25.13009002,121.49781,22500000.000000007,31821047.72164598,20151602.967547968,23145432.01321896,23637342.654084284,38595234.517581515,51137282.70126275
臺北市中山區中山北路三段２５號,25.06523701,121.522477,1800000.000000001,1243309.4699007263,848129.3673658371,1487142.2934765113,1795014.5989419199,2950190.3399113906,6190668.34779667
臺北市北投區中央北路三段３６號,25.1383199985783,121.485730000532,15000000.00000001,12257541.808943613,8015397.564007449,10516194.063958803,13251898.185058918,15736093.306229375,18168289.738872014
臺北市中山區中山北路一段８３巷２０號六樓之５,25.0499899941729,121.523679989168,5879999.999999995,8442858.41872774,6486624.158078093,6595600.31268843,8267780.563889295,9571524.850809168,10821631.149873745
臺北市士林區社子街１２６巷１８號四樓,25.0879999972358,121.504490040943,10499999.999999994,13905195.592471082,9120784.221942494,12454752.164606523,14730888.842334356,16247835.032090062,18571329.865607955
臺北市南港區東明街１巷５號五樓,25.0563899963425,121.604989982026,6500000.0,13655068.965506691,8966552.513470925,11512252.079891093,13866048.844765615,16648527.152961966,19743415.833950046
臺北市內湖區文湖街１１巷２９號二樓,25.0856500049521,121.559029995258,23279999.999999993,22845799.585937344,17197310.718618795,22930677.196862504,24307174.041374445,27182190.912180983,30145699.88332548
臺北市信義區松山路４６５巷２７弄２１號四樓,25.0405600178244,121.578920000037,16500000.000000013,12987212.476196967,8852373.200097864,11423845.504901893,13340774.881890109,16372437.000541598,19398024.861042865
臺北市內湖區文德路９９號五樓,25.0786900078313,121.583359977968,20000000.000000015,22008715.294802435,15360323.192703968,20111849.293695178,20489615.428778518,26965764.92471597,28565032.53122153
臺北市大安區安和路二段２２７巷１號,25.02548998,121.550486,26569999.99999997,17541797.43556128,11981738.387705648,15576549.635193631,19606468.78141453,19971949.48485986,23360052.458585538
臺北市士林區社子街１２５巷２９號三樓,25.0889100204636,121.506359959723,8800000.000000006,11428042.407389432,8525656.59119269,9452640.5965309,11255108.81005367,13754014.141867192,16714320.132543301
臺北市松山區三民路１５５巷１號,25.06141398,121.562884,23799999.999999996,20851828.756851282,14799754.483678332,17929665.835308436,23506474.462198447,26490704.22479288,31029991.526700415
臺北市中山區新生北路二段８３號,25.05709638,121.527982,33999999.99999994,30823075.769545503,21215334.882610284,26223128.95173447,32633002.840505388,36030698.07879748,44412852.85409188
臺北市內湖區康寧路三段５６巷４３號四樓,25.0701599964267,121.609259974961,15499999.999999987,13864220.182428915,8643406.086658636,11683956.470840165,15000288.300821567,17160276.366397165,19829343.17010139
臺北市萬華區德昌街４４號五樓,25.0250599929248,121.49875002983,9500000.000000015,8124328.753910979,4501970.321694526,6117190.35744264,8691709.465693653,9362433.70515456,12038789.884169593
臺北市士林區中山北路七段８１巷１６弄９號八樓,25.1222099806751,121.530230027405,48880000.000000045,43810838.045779705,31262474.22877008,39245658.79944352,46597650.11764272,53359474.4676843,53549398.10425903
臺北市士林區重慶北路四段４９巷１５弄６號,25.0813199975907,121.511850022484,20289999.999999993,18129436.28498765,9853705.223534863,14671906.667863574,18719101.268293843,22074376.47122737,24394042.55523164
臺北市中山區吉林路３６９號四樓之１３,25.0650599855301,121.530479975757,7400000.0,7063443.254230042,5748534.907895165,7205653.090983839,7367790.626698541,9101844.890371948,11637333.850755794
臺北市中山區德惠街４５號,25.06674299,121.526995,6250000.000000005,5704164.370835107,3780987.8181197084,5773689.505999455,5897064.665466152,6245552.273168292,8262658.156167869
臺北市萬華區長泰街２８２巷１１弄１５號,25.02141998,121.4931,10599999.999999996,13198505.646103125,8652091.60972715,10653708.843456767,13668866.293989487,18209989.538970564,22969680.14665948
臺北市文山區福興路９９之１號三樓,25.0067700096438,121.548819999,11399999.999999981,16296645.385932088,13829859.55813006,14684096.4405153,16687914.246754812,21187087.299642786,22369731.89757259
臺北市中正區羅斯福路三段２號十八樓,25.0188399921259,121.529810010237,76880000.0000001,52403884.63085534,38302727.87013441,43526455.48560138,45342964.64049922,67330198.07331705,70108988.89439626
臺北市松山區光復北路２１４號十七樓,25.0556300091816,121.55541999338,35000000.000000015,26966541.752501946,20527395.41151679,23464797.655737553,30046034.155203767,32581514.800300002,33754354.43365704
臺北市中山區八德路二段２６７巷９弄２號五樓,25.0473700207879,121.541439984712,8499999.999999998,12985212.10922191,8605456.576884188,9556599.571906094,12723244.993786816,16067363.92832468,19110929.742200546
臺北市內湖區成功路五段４５０巷４號八樓,25.0747200032113,121.607189980153,35000000.000000015,27507694.706750672,19420301.61337476,19813066.257744476,26624153.34452959,33411215.092952903,38214362.2016067
臺北市中山區北安路４５８巷４７弄１８號,25.07818999,121.54615,16299999.99999999,13457538.383800179,9742708.773310186,12075252.272887187,12736821.308717508,15375742.860555056,18490848.480392892
臺北市文山區羅斯福路五段２３６巷３弄４６號十一樓,25.0006800121631,121.538319988893,9999999.999999996,28233189.70255937,18935009.21409263,21928115.834152978,27596045.46116014,34989535.191639386,40148343.19319085
臺北市信義區光復南路４５５號十二樓,25.0345100020219,121.557729962076,26999999.999999993,23479649.0813028,17957999.382796556,22572437.071538158,24647041.77416791,26304375.361598358,27914453.961929787
臺北市萬華區萬大路４２３巷１２７號,25.02212599,121.502346,6500000.0,5964097.841178764,3701748.1486354386,4902513.743114166,5740582.0602705255,6587615.047288717,8600791.397115368
臺北市大安區建國南路一段２１２巷１１號,25.03975329,121.5358427,33999999.99999994,21169794.43870236,11443860.457635194,18849836.648962524,23172079.71425218,26836497.79332957,31758917.88145612
臺北市中山區長春路２４７號三樓之５,25.05478,121.53956,11000000.000000013,11286375.510693818,8996046.757437622,10728111.81319649,10983928.727462124,13630903.636612322,15595598.652161611
臺北市北投區中央北路三段２５０號四樓,25.1359599899202,121.479880018849,8000000.000000002,11715676.602091674,7535568.1899288045,10502777.82116443,13454476.974518666,16112060.83745277,19243572.63808627
臺北市中正區和平西路二段１６０號,25.03306999,121.505464,15000000.00000001,15085021.597716598,10254264.555771746,12458290.995753398,15056403.124731598,20086539.293206047,25188575.92601741
臺北市萬華區桂林路１０９號,25.03856701,121.500843,22799999.999999996,27162792.13160809,20904762.91401856,22952039.868979447,26057596.076077245,32399518.988044046,33205841.47404939
臺北市北投區文化三路２９號七樓,25.1382700005259,121.497710003284,16299999.99999999,25011879.573030964,17386414.31444986,23236123.713743426,26178510.22570225,30606915.08943483,33995618.01549668
臺北市中山區建國北路一段５０巷２７號四樓,25.0479399902038,121.53516998586,32800000.000000045,24886314.120332815,19698610.40447828,20954237.78033295,24755374.427103743,28818864.504181188,32466081.29283112
臺北市士林區天母東路５０巷２０號三樓之３,25.117420016377,121.533220019905,16299999.99999999,13196762.207642272,8847178.239349263,10916801.097602025,12867023.568229146,16002245.586620806,19903807.659284618
臺北市文山區興隆路二段１５４巷１４號,25.00094601,121.551306,14200000.000000004,14540217.362046946,9540957.49331754,12574586.693553215,15505350.040074091,17978298.14118433,20685720.72954102
臺北市南港區研究院路二段７０巷３７弄１６號,25.04588198,121.613413,20260000.000000022,21943224.434586074,13206971.234464787,18012037.694535464,23212979.81564397,27131698.71739032,29851533.988482058
臺北市信義區仁愛路四段４５２巷１５號,25.03667002,121.55935,43000000.000000015,34857903.25526835,22695887.80911119,30889580.898854375,40940774.76300245,42512879.98267517,46897290.56738129
臺北市內湖區環山路一段２４巷３６號三樓,25.0844200025706,121.563899964822,10899999.999999993,9290004.177562905,6800377.85343208,7786889.303723129,9584779.457473213,11181589.522259973,12765864.640211273
臺北市中山區長安東路一段６５巷２０號,25.04910499,121.527524,27999999.99999999,23040150.635262117,15899405.799317138,20894474.83425276,25698105.39617433,28443865.222166386,30262294.907895155
臺北市中山區興安街２８號,25.0560700171888,121.53827003275,26999999.999999993,14508471.344277484,7837636.705513924,11003730.980008394,15158523.070217146,19243506.759470604,26092925.86923334
臺北市文山區辛亥路七段７６巷２４號五樓,24.9818299920214,121.554829991215,11299999.99999999,14291590.126828019,9238880.918938382,11967189.901950322,15283202.282149017,16921027.892293744,19371431.544895187
臺北市內湖區金湖路３６３巷５１弄３５號二樓,25.0740399794067,121.600970021263,25441000.00000004,29435562.526616216,22563472.791745126,24641535.952267863,28744399.87076836,33376672.612266254,35810456.08072811
臺北市松山區民生東路五段９８號四樓,25.0584400003117,121.560209999587,16500000.000000013,10488218.686056934,7046893.419237295,8424548.032622557,10591547.916316614,14049237.217653748,17322514.845131
臺北市士林區大東路８４巷１５號三樓,25.0912199891597,121.526260022785,21599999.999999963,22460229.831412815,15708505.898489062,20021842.42079945,24318100.984562315,26880406.748979084,31619288.70331405
臺北市文山區景華街１３巷６之１號,24.99541999,121.54249,32700000.0,32293824.57453206,22148501.4695383,27769341.433642365,33602616.36864691,37461637.69916903,44149770.83321032
臺北市士林區社中街２５０巷１號五樓,25.09197,121.50747,12899999.999999998,16460032.949339865,12389644.1725569,12510015.860352194,13472876.645438723,20305131.374788433,25165185.185772285
臺北市南港區南港路三段３５６號五樓,25.0515999901349,121.580450032642,21599999.999999963,18187100.404287186,12071799.524727449,16186848.80305024,20339603.513601743,24663645.15343338,26582825.291339308
臺北市中正區三元街２６６號二樓,25.0273399963171,121.513890010078,14200000.000000004,12371346.11775938,8670881.521878336,9890544.058264084,11595914.97814951,14986326.291680926,16788047.799234778
臺北市內湖區安康路３１５巷１之１號,25.0667999848103,121.614579968906,6129999.999999996,15283530.466327416,8982439.063052218,11522277.921043666,16151293.47687539,21117225.68638125,23713236.92750291
臺北市文山區辛亥路四段２０９巷３６號十一樓,25.0025700056006,121.555500040555,27299999.999999978,28876592.917682894,23823579.31477973,24046305.225101538,27484155.980808668,33119705.44650329,34982588.3445088
臺北市內湖區成功路五段４５０巷２３弄２３號,25.073893,121.608649,73999999.99999997,63636082.81090743,45392972.5743254,53635313.91243554,70214669.16000773,70235938.12480433,84323403.01847224
臺北市內湖區安泰街８２號,25.0762,121.616745,12299999.999999985,15808535.721440649,10267824.760959648,13054154.841395404,16411183.982831623,18725650.80168109,22600179.341961976
臺北市內湖區環山路一段１３６巷６３號四樓,25.0885200105088,121.568189990506,14499999.99999999,14135930.939721154,10198432.497575037,13701484.70039215,14093975.904770201,16421184.45725731,19116769.211587824
臺北市大安區永康街７巷６號四樓之１,25.03303998,121.5306,37799999.99999997,24305898.166322723,15995232.42639841,24514578.65442443,25456714.89873183,29037621.22354223,33776921.51528099
臺北市萬華區西園路二段２６１巷３９號,25.024953,121.493451,22600000.000000037,13675924.918790424,7508530.218772037,9983346.092098258,18243346.229167823,18650843.169422667,21699223.758813523
臺北市萬華區大理街１７０巷８號五樓之４,25.0329228301789,121.492930916466,16000000.000000026,26295747.345928468,17504816.39715844,22106234.29212427,24983947.09176507,31749706.870616347,36239964.51291257
臺北市萬華區中華路二段５２０號八樓,25.02553998,121.50824,12799999.999999978,9863350.86943522,5854038.820978102,8162056.207711214,10715854.61942367,13282610.995372772,16079154.169038486
臺北市內湖區康寧路三段９９巷１７弄４號四樓,25.0723200128751,121.609990038727,18750000.000000026,17871614.43050999,13029725.698796852,16993793.926593356,19518546.584205266,21415087.74164515,26040418.58786966
臺北市南港區東新街１７０巷２３號四樓,25.0440300000105,121.593060019237,16099999.99999999,13767804.255497504,8632345.946683537,12128342.286227515,14611741.343758615,16671655.952955836,18414045.43986671
臺北市大同區寧夏路１１號,25.05470599,121.515035,6500000.0,7501487.396508105,5454430.737241796,5483023.02535107,6422069.651229016,8528978.574166384,9464441.183321852
臺北市大安區青田街７巷１２弄５號三樓,25.0278300023767,121.53372000043,27099999.999999978,14159993.78342418,11463665.192147586,13097371.179161962,14296126.318670956,17213201.886860274,19328135.30257767
臺北市松山區南京東路五段２３９號,25.05161642,121.5649724,14800000.000000004,13784403.353957651,9744559.517181864,12873311.234227793,14317446.965588018,15676957.675753545,19062583.060527228
臺北市內湖區港墘路１巷１１號,25.08388,121.578893,16899999.999999985,15755457.701427594,10191750.44025654,12452909.341849966,16735096.684076535,18084457.56103756,21332356.2566132
臺北市文山區辛亥路四段７７巷９２弄９號三樓之７,25.0087799900252,121.56122001892,9079999.999999985,10364198.779467795,7616005.3681628965,10033621.194407403,11318551.554784162,13211635.447487777,15027786.292632746
臺北市中山區民族東路２７４號五樓,25.0680099963527,121.535639959171,19499999.99999998,16540919.394504573,11697621.531072665,13981091.830690036,17275269.675860003,18456534.882997062,21251675.173422977
臺北市松山區民生東路五段１９２號,25.05822098,121.564262,14580000.000000026,10746180.216164064,7288402.373398682,9303379.35253147,10738128.809792226,12814331.497407775,15455701.95495693
臺北市信義區光復南路４１７巷３號四樓,25.03673419,121.5608894,59000000.00000009,46347974.82946342,27740139.745573647,39028208.40095569,51203292.558614776,56144119.37851789,63966022.656700484
臺北市士林區芝玉路二段２０巷１１３號六樓,25.1112700044696,121.53565999192,15599999.999999981,37411760.03033038,27012545.781402044,35303818.2669743,41214843.36353571,48769701.26795326,50954295.322614
臺北市中山區合江街１１６巷２９號三樓,25.0592200202212,121.537940037222,19079999.99999998,17988590.70888206,12281032.218883336,14949568.341185806,18195967.546628967,21816305.404763047,25465466.106764495
臺北市松山區八德路二段３６６巷４０弄１號三樓,25.0464599975601,121.545809973751,28399999.99999998,20251377.895596728,14735402.251091443,18162901.640495338,22852223.324157175,25777847.72870699,27066894.811968043
臺北市萬華區西藏路１２５巷９號七樓之３,25.0286500039644,121.502360031708,8239999.999999996,21573132.678994678,15401151.320473203,20384287.48135414,22535059.01809853,27265156.47654812,29201041.262309786
臺北市中山區新生北路一段１１０號,25.05021572,121.5279281,9339999.999999993,8960449.445912672,6300249.14673389,7854808.660722606,9273260.176087227,11554013.022234138,11972719.63547049
臺北市北投區石牌路一段１６６巷２６號二樓,25.11393,121.5137,20080000.00000003,19377972.659625113,16432819.337981058,18252373.403719325,20505470.49571909,23051206.963281155,24180390.155843332
臺北市大安區光復南路２４０巷５３號二樓,25.0406600139293,121.55502000896,6500000.0,5624724.499637618,2859142.922180373,5700990.29293911,6625690.513408516,8102307.830877699,9124672.26391926
臺北市萬華區西昌街８１之１號,25.04141501,121.500983,6374999.999999996,9579941.100502657,6369374.490380896,8480376.540033601,11651838.892445728,12681652.12343064,14486452.150148604
臺北市士林區德行東路３３號六樓,25.1102500106721,121.537720012263,6540750.000000002,7359386.815079604,4090601.261350312,5534106.600402312,6631997.296573047,8441702.23105026,16763552.146884318
臺北市大安區辛亥路一段９３號七樓之３,25.0218200101619,121.531090010671,46399999.99999997,36203319.58476273,26070718.977989946,32252614.272096258,36490809.663533434,46667916.803905234,52933235.33075221
臺北市中山區通北街１２３號五樓,25.0837999931927,121.538189985574,44180000.000000045,47860696.322000146,33555994.45643963,42864439.91313886,53530752.26120007,60080709.37408898,64174629.66647241
臺北市大安區忠孝東路三段２１７巷５弄１５之１號,25.04324902,121.538991,48000000.00000006,40305825.636664666,25903942.960541856,35266950.17469151,47903008.27088759,48019505.77365413,52979390.93439739
臺北市松山區敦化北路１２０巷１１號,25.053794,121.547278,26799999.99999998,21964067.238465663,14817029.461304389,18052131.781802833,23090115.429125257,26401415.96986521,27994018.16580315
臺北市信義區光復南路５６７號五樓,25.0307300151469,121.557580009828,22500000.000000007,15191342.350051122,10335512.147315394,12760052.131923389,14734391.615740124,17930938.412451874,22738220.887522545
臺北市大安區大安路二段５３巷２號三樓,25.0312299956713,121.546299979811,20899999.99999997,14351764.396644367,9868786.754799034,12850735.08384819,16574881.797283798,19507365.45903723,20630248.469677873
臺北市中山區吉林路３４３巷４４號,25.0642000022643,121.532289963929,26879999.99999997,22117106.475173347,13355640.756131638,16256402.476577077,21769953.307453368,27676173.386215437,32339128.683363512
臺北市南港區中坡北路９６號五樓,25.0481499987879,121.580379959932,22799999.999999996,21471061.49567205,14537691.048979416,17420458.88633162,22657279.339588612,24890184.337757014,26619486.57268031
臺北市北投區石牌路二段３１５巷３７號,25.12397068,121.5220981,48000000.00000006,54167327.11468732,47679933.66996826,55301234.09993514,57394818.640987836,60975289.68516105,90353996.66397971
臺北市松山區民權東路三段１６０巷２號十二樓之１,25.05982,121.547,12000000.000000007,8374670.1072707595,4879849.602652131,7834610.659382242,11599476.142261831,12450256.723216213,15306830.058434337
臺北市萬華區長泰街７３巷６弄１８號,25.022236,121.499922,11000000.000000013,14682238.70144881,9889998.960964797,12139709.532810012,17146999.628449358,20047135.962924168,22431316.148947503
臺北市信義區基隆路一段１８６號三樓之１,25.0420799921463,121.564790039121,24000000.0,21631251.32827703,14271624.890204506,16440168.776846409,21528489.041759353,25981232.063634396,29256597.87178913
臺北市大同區長安西路１２３號九樓,25.0513000018202,121.515649958288,26299999.999999996,25108048.79423714,17026318.14021418,22830193.67131532,26108646.698282667,30815959.004227888,35579514.24645804
臺北市北投區中和街３９９之４號四樓,25.14273001,121.49841,8199999.999999994,13148192.549542874,9150924.028597642,10953938.343045054,11111346.516625427,15405092.582147779,17568719.085891396
臺北市大安區泰順街５４巷１３號,25.022896,121.530334,29200000.000000022,17369599.07132327,10887900.077502254,16833849.62971838,17976256.336125974,21529980.37004234,25143436.723840717
臺北市萬華區成都路１５５號四樓,25.0435399939509,121.503080037191,8480000.000000004,11055788.05264869,8744815.110532783,9705808.037693597,10606942.407848664,12917762.022857074,14746470.852896938
臺北市北投區溫泉路６８巷６弄６號,25.134589,121.505322,25950000.0,31544408.816108987,22043775.72420295,24603488.83942788,33035831.339456413,36227720.27290172,45361177.45712966
臺北市士林區德行東路９０巷１１號二樓,25.10703002,121.52801,12440000.000000002,10930652.824242597,6950399.734893084,8990153.553831307,12188253.820903065,14584180.860271532,17036794.968687788
臺北市松山區八德路二段３６６巷１３弄２號,25.04748079,121.5462559,28999999.999999948,22810758.05731272,15386422.81291465,20751472.10282197,26911517.090255946,29003919.00006115,32865946.445543427
臺北市中山區中山北路二段５９巷４５號十六樓之８,25.05596998,121.52454,11500000.000000019,9277347.000166273,7214434.500271851,8053442.416984753,11991662.852543436,12429043.82715338,13622856.795976289
臺北市北投區石牌路二段３１５巷３４弄３號,25.12393452,121.5225531,31999999.999999955,38080062.20580356,29365419.521600507,31259173.407111604,36084444.44961666,41745491.46461679,52156833.44336018
臺北市文山區木柵路一段３３５巷１１弄７號二樓,24.9889899813519,121.556929993237,11500000.000000019,13689384.06323912,9316954.046140987,11219775.599414503,14235852.540708568,16515872.652773127,18568699.506659187
臺北市中山區新生北路三段８２號,25.06713602,121.527416,9600000.0,9418029.05922663,6312330.163857808,7400413.620420025,9908808.223037831,12001979.356064603,12762129.714286866
臺北市萬華區青年路１７６號,25.02076301,121.50286,7500000.000000002,5935487.851516539,4168503.8586591664,4505946.856396725,6231559.844175409,7515130.580473043,9231147.222287063
臺北市松山區民生東路五段６９巷２弄２６號,25.05916001,121.559693,33624999.999999955,21027703.357535448,14363730.08999451,21206999.570666026,33042585.242823552,33821053.694738366,35476163.71201508
臺北市松山區南京東路五段２５０巷９之２號,25.0500399922254,121.565899970739,31999999.999999955,37964908.792378604,20453053.94583446,32431089.395604666,40870787.15475235,44274195.413959965,50847338.0156145
臺北市松山區民權東路三段１０３巷２４弄１號,25.0637400034181,121.544800038238,16000000.000000026,18479987.098431163,11718604.533826375,15949793.686617766,19300953.117521435,22946081.628002428,26483159.981381305
臺北市文山區辛亥路七段５０號,24.98479731,121.5543358,4999999.999999999,12190847.851594852,7321942.119308484,9465816.83807124,12848953.749246646,14890105.279094245,16592608.015303591
臺北市南港區八德路四段８９５號十一樓之３,25.0510700023971,121.580539970463,8999999.999999996,9405714.676268745,6928740.401649105,7753744.3955358835,9044552.620626466,11260752.156803124,12285763.173605815
臺北市內湖區內湖路二段３５５巷１５號四樓,25.0834500068256,121.592059974369,13000000.000000013,13582727.595218495,9176457.072777828,12616600.924076945,15097960.588401211,16643262.953768125,18858580.399593174
臺北市文山區育英街１１號,24.99057399,121.539259,36750000.00000004,32411491.053715933,22371902.57365738,28045199.490452368,34536358.949937485,39221650.900617965,45635985.71157109
臺北市萬華區雙園街６７巷３弄１號三樓,25.03024001,121.49424,4399999.999999997,5190634.832762517,4033695.9970429833,4272497.050075134,5022554.964733256,7749712.321801234,9705344.11786756
臺北市中山區錦州街２１６號三樓,25.06029999,121.53154,15399999.999999993,10957378.683535399,8004584.727162653,9808425.243006118,12039988.10200128,15330767.419454785,17375983.428706974
臺北市北投區光明路２４０之９號,25.13633001,121.50782,7100000.000000005,8662758.486406222,5618970.250801954,8094794.654968854,9001581.082654322,11506419.047718262,14222699.062661456
臺北市內湖區內湖路一段２１７巷８９號,25.084239,121.565294,16700000.000000022,21201250.437958468,13132213.340890069,16354526.042943055,20149251.0958978,25778935.016969025,28246256.212791227
臺北市松山區富錦街３４６之１號三樓,25.0603999826407,121.557419999296,35499999.999999955,24406875.33077603,15987767.094067827,21655405.02037166,25562222.87523899,29639367.534123022,34151576.7889589
臺北市中正區新生南路一段１４２號二樓,25.0358799821864,121.532490039958,35000000.000000015,27560714.142027978,15351431.729631746,19933636.543761626,24809218.673897684,32690057.61966487,35027191.31050809
臺北市士林區中山北路六段４５０巷７弄５號,25.11396801,121.528174,31999999.999999955,33616010.186555475,21254017.13109591,30849960.850184634,31634398.892018974,44856786.50345234,53080592.826158725
臺北市萬華區環河南路三段２０９號二樓,25.021390018529,121.492339969376,9500000.000000015,12260710.475829847,8762570.428110871,10469005.081904136,11854380.997743627,17350833.411158968,21899080.52590246
臺北市松山區南京東路五段２５０巷２弄１９之１號二樓,25.0507799885472,121.567139989495,20000000.000000015,20161408.345967505,13947562.759417828,18248988.268013816,20002752.741382405,22697068.75920588,24650555.609823603
臺北市北投區中和街５００號,25.14539902,121.494387,11699999.999999993,11788901.765436929,8138429.602156778,11370725.669759374,13088968.418063395,16219112.606309831,19569609.58694406
臺北市大安區和平東路三段１巷４６號九樓,25.0265800091562,121.546580019196,20500000.000000022,18953271.235463463,13201234.212101998,17378282.86375941,20392532.801854193,24008214.46844673,24848729.19776739
臺北市文山區忠順街一段１１３號,24.98430001,121.559752,12000000.000000007,15322870.231968604,9815935.34963292,12806008.463855904,15985333.827748643,18912273.559877325,22362895.238759525
臺北市大安區復興南路二段９０巷１２號九樓之５,25.030229992713,121.542900028426,19200000.000000026,13439905.844831102,9946171.066545414,12420944.212935746,14262503.70743278,15542155.234846063,19123235.678538546
臺北市文山區興隆路一段２５１巷２弄６號,24.99943002,121.544496,11519999.999999996,11678697.218746638,8374988.857142015,9637448.25515817,11658207.067974994,14344396.217116004,17125771.89979514
臺北市北投區溫泉路８１號八樓之１,25.1355100074483,121.505840030269,12600000.000000015,17406131.906868074,13180485.125932865,16934772.798851673,18014049.39571981,20892390.77631042,22223674.179930206
臺北市內湖區星雲街１６８巷３５號八樓之１,25.07990002,121.59702,7199999.9999999935,6483686.656958665,5081817.537384069,5106095.214753732,6348544.563734195,7913286.136491746,8648547.790462036
臺北市松山區健康路３２５巷２５弄１０號十一樓,25.0563700055035,121.566700023397,20999999.99999998,25377213.185219266,16854273.309352476,21010964.909825407,26279480.298702125,31856564.573145986,38123508.66950589
臺北市信義區光復南路４１９巷４９號五樓,25.0365699804558,121.558750039692,14109999.999999998,14188390.7894682,9811770.838875256,11834818.838059057,14661663.251785068,16431039.515396535,19303099.219667695
臺北市信義區和平東路三段３９１巷２０弄８１號,25.02125302,121.560675,22999999.99999997,21182011.522988126,14323212.032584049,17733479.801381323,22887781.96737299,24903516.373360794,29223966.622338902
臺北市內湖區民權東路六段１２３巷２７號二樓,25.06994001,121.59303,21500000.000000007,19213999.39717946,14428586.842020378,18371611.640294172,21058456.438003264,24336525.388456527,24867046.325738568
臺北市中山區農安街１９號,25.06503098,121.524022,21400000.00000002,10866909.483653277,7958250.046549584,9572320.581123754,11589839.200175032,13639642.123282699,18597651.571865804
臺北市松山區光復北路６之２號七樓,25.0495070105732,121.557947058331,26600000.000000022,21180175.935866028,15043544.540406646,17823279.823525056,21775727.705108196,26879206.512092307,27691932.23494378
臺北市內湖區金龍路６７巷５弄６號四樓,25.08578001,121.59313,15879999.999999998,16501158.428021755,11523316.06133587,14778082.150417965,15026411.846058033,20587768.72540799,24094800.72380898
臺北市信義區忠孝東路五段２３６巷６６號,25.03707,121.57111,656750000.0000005,270574998.3831385,53564032.20238404,137162327.504451,282336280.259812,295838052.7311798,326811191.1450741
臺北市中山區建國北路二段３３巷１號,25.05533501,121.537473,33000000.000000015,27313201.26764658,18939483.420821223,25683237.4310909,30030389.51534612,35293510.20390756,38924233.98652711
臺北市中山區吉林路３９３巷２３號三樓,25.0657299929605,121.531329984558,13700000.000000019,14603360.049105031,9853874.159263866,13691534.1809686,15638574.90335828,18892284.46128847,19243286.61387539
臺北市中山區林森北路２５９巷９號,25.05438199,121.5260639,5400000.000000005,5370254.48237565,3291203.6035891892,4125433.0408123466,6094964.780082165,6308795.984168019,7823809.82209892
臺北市中山區龍江路２９２巷６號三樓之２,25.0613700202952,121.540289987596,20999999.99999998,14733075.102333212,8709464.27749876,11757998.067327306,14493820.721401948,19519391.608747717,23098219.754838537
臺北市中山區民權東路二段９２巷７弄２４號,25.06062801,121.532354,13659999.999999985,9546859.267595533,6295838.738383742,9060435.939076237,12004353.233329339,13995660.35544653,17596169.370860353
臺北市北投區中央北路四段３９８號三樓,25.1296200021774,121.470980030238,11399999.999999981,13385686.366112685,8904506.233757794,11076553.748321172,13916718.599480812,16388942.1930618,17830627.737390075
臺北市信義區基隆路一段３５０號六樓之１９,25.037009988463,121.561729973909,12750000.000000002,6230973.623032516,4739078.198248171,5129929.569352152,6866631.889268806,8110630.277740124,10540720.370064108
臺北市信義區光復南路４１７巷１８３號,25.03692298,121.559864,26680000.000000004,21943224.434586074,13090390.770626627,16958948.711258236,23600450.409832098,27079901.74793956,29965861.90599966
臺北市士林區延平北路五段２４４巷１２號,25.08460101,121.510443,10499999.999999994,8011906.235647178,4972721.000030662,7391364.658407949,8403502.970410297,10445438.835960658,12502739.901015528
臺北市萬華區萬大路１８７巷３５號四樓,25.0282500195449,121.501680007904,5820000.000000004,5448786.41413247,3633411.1660700035,4649155.987947658,5716743.176510377,6051182.669758492,8027192.927234684
臺北市內湖區大湖山莊街２１９巷３１弄３３號五樓,25.0887399935577,121.600680007413,23799999.999999996,20623376.647694,15213915.046710739,18945605.691189256,23809455.547569375,26143506.898339614,27486180.726670686
臺北市松山區富錦街４２１號,25.06101002,121.56111,26499999.999999996,19234816.723138064,12602443.721769622,15994332.583945107,20293826.24917481,23964310.0000107,26995084.146443233
臺北市內湖區康寧路一段２５３之３號二樓,25.0787299895094,121.59783996716,18800000.0,21401129.656144634,15297826.722021012,17596050.313760642,19130129.83405739,23318667.349448703,26965290.66142499
臺北市士林區承德路四段６３號七樓,25.0813199975907,121.523310011962,30999999.999999978,29963456.873490155,22811839.12580788,25314871.20315148,30340287.744374417,34256205.32450731,41835403.078958265
臺北市松山區市民大道四段３９之１號二十一樓,25.04527002,121.5458,186500000.0,141575409.63081703,51218614.3092332,103466456.44729185,186472309.4843115,187276927.8544357,198566070.19747096
臺北市內湖區新明路３１２巷２之６號,25.0557,121.58173,31980000.000000045,53044086.89649509,34633206.08837086,43191238.22720581,49914312.42614706,61443851.25478339,79628661.31798556
臺北市中正區忠孝東路一段８４巷２號九樓,25.0442400085946,121.524060024658,21900000.0,16326263.370466493,13095803.710854648,13447785.719468525,16286133.682112407,19271455.135313004,21267674.567612883
臺北市北投區中和街５０７巷６弄４號,25.144899,121.493906,10399999.999999989,14767207.053283107,10187904.297316708,11581066.682910059,15269309.767820863,17983268.305392276,20942392.371443115
臺北市大同區承德路三段６９號二樓,25.0656999857471,121.518559987433,21900000.0,20552065.552990347,16139249.137374675,18921794.74518189,20030410.17666035,23858782.27315731,28044646.991119757
臺北市信義區松山路４６５巷１４弄１３號,25.03893598,121.578738,17100000.00000001,13130774.419429172,9142388.117129672,11451011.507070633,14217521.955616765,16174321.020623313,19397120.417468347
臺北市中山區民權東路二段１３５巷３６號八樓,25.064380003635,121.534869997546,25099999.99999997,23068217.646023117,16543019.658961898,21082221.61119068,25114005.570809722,28608650.058897786,29139586.60346543
臺北市內湖區陽光街１６１巷３號,25.0745299854663,121.58544003106,22999999.99999997,17639593.82511084,11909689.413156915,15420531.995908488,19355892.68111,22886441.185705516,27428050.250206746
臺北市中山區農安街６號,25.06485798,121.523225,12374999.999999989,15414532.514657166,10925528.814695511,12182279.770529652,14079632.996090911,16261144.42421081,20277087.168445654
臺北市信義區信義路五段１２７號,25.033964,121.573943,25879999.99999996,17386909.63309733,11871655.397666078,15785765.571681881,18682049.779018015,20186827.07587694,26155066.983153634
臺北市信義區吳興街５８３巷４弄３５號,25.02162002,121.56932,7319999.999999996,6164714.347528264,3499869.2950088163,6915805.408921594,6986770.111372193,10818134.867262404,13087376.576606262
臺北市文山區木柵路三段４８巷３弄１８號四樓,24.9874899978691,121.56480998805,25379999.999999963,32856181.268331338,24146084.082212787,27728337.979200363,29400570.431125175,37210141.797918245,47767200.62309088
臺北市大同區歸綏街９７巷１８號,25.0593999796824,121.515820027104,31749999.99999998,40307884.96559295,23676260.598384384,30162190.24387097,31681038.808716565,42947479.3526727,55023978.328217715
臺北市萬華區中華路二段３６４巷１５號七樓之２,25.0283700064888,121.503810017139,31999999.999999955,32126235.48090831,24387862.565784954,28313375.784910522,32685097.529090106,35145094.86238892,41114787.61678152
臺北市中正區羅斯福路一段８３巷２號四樓之１１,25.0313799898286,121.519860020615,15699999.999999976,10013140.725747181,8272428.503230664,8286483.05487925,9682655.66535661,12630680.975398842,15457068.377114784
臺北市大安區復興南路二段５５號,25.03099501,121.543789,16919999.999999985,14256027.61208614,8621957.428077841,11446677.234864758,15281355.566309089,17441715.925338443,19829725.6318034
臺北市中山區新生北路二段１２７巷３０號,25.05972901,121.52948,13000000.000000013,7572673.5660042055,5938528.320384856,5967688.824015411,8708023.533688145,11406959.836274665,13599209.420621656
臺北市松山區南京東路五段２３０號十一樓之１,25.0511399912886,121.565729985743,13499999.999999993,14075124.720990509,10122844.618318547,13026802.618116416,13576689.64175946,16826414.213522356,21024345.569375202
臺北市北投區泉源路３９之４３號,25.14144133,121.5071504,6200000.000000005,10526439.147042068,5932727.372918272,7635255.728749942,10616417.561075024,13359403.695397764,16097328.434144173
臺北市大安區四維路１７０巷２號四樓,25.028170014279,121.546740029727,46679999.99999992,32292499.744271472,23109456.965159226,30110741.816744827,35886144.81416619,40494787.633803464,50292934.93972015
臺北市大安區信義路二段６６號二樓之１,25.0342900189731,121.526119961183,68820000.00000003,39089072.8003888,28872170.592560165,31946735.02639333,38593981.76517902,46787450.24510914,52399767.435882255
臺北市內湖區內湖路三段６０巷１２弄７２號,25.08920029,121.5912462,8199999.999999994,8200462.256567273,6575034.089619006,7552707.539078125,7861212.108002249,8536652.72499739,10380807.013932725
臺北市內湖區內湖路一段３８７巷８號五樓,25.0824699947063,121.570199970887,69280000.00000007,48511432.38925701,38019529.69091342,42242921.33737645,51618688.490333214,57099989.739716604,68526027.03713354
臺北市大安區仁愛路四段４３３號十一樓,25.0380200077957,121.556709968279,68660000.0000001,43635270.19300935,32026664.30435376,41686642.04564096,48405300.858752176,57124422.82333586,66597588.31820929
臺北市士林區中正路２０１巷２０號,25.09443001,121.527019,5500000.000000001,1753342.780054952,583472.039337281,1054718.5142548492,2038806.8355943179,3766455.938392847,6108701.549479267
臺北市大安區復興南路一段６２號,25.04452001,121.543582,15000000.00000001,11716357.510219414,6657140.667436503,9303095.20046352,11595862.334259914,13088678.990045715,16444747.064893886
臺北市北投區新民路５１之１２號,25.14009998,121.51029,6999999.999999995,11696171.339642735,6169931.16351285,7239960.643517608,8819450.60878647,13048636.77529909,17533022.741387974
臺北市中正區羅斯福路三段１３６號,25.02037799,121.528236,123456798.99999979,117688090.947021,54963467.48406074,88295647.12988636,123478738.84546486,130270656.55686007,154703484.22580367
臺北市內湖區麗山街３４８巷１０弄７號四樓,25.0823599822271,121.573850038263,15699999.999999976,13570865.660250612,9173795.58875081,10965203.120309198,13492686.094410945,16442619.531474493,19402690.176900003
臺北市中山區民權東路二段１５２巷２２弄４號二樓,25.06065001,121.53506,22200000.000000004,17038544.285584025,12310584.068499537,13607464.329465764,17981572.275726415,21456214.414831534,26244348.643538233
臺北市萬華區國興路９８號四樓,25.02720002,121.50561,3449999.999999999,11242939.790688995,6310578.929060988,9832517.816108122,12463249.048210468,15923282.942741005,18958268.076244317
臺北市信義區林口街３８巷１４號四樓,25.0380200077957,121.580090029901,17499999.999999985,11956922.658311568,8477932.910598943,9770628.627493124,13000982.636773754,14791029.958597776,17727595.821294285
臺北市內湖區成功路二段４２６巷４２號,25.070449,121.588505,15079999.999999976,17209848.410944924,12683706.187082317,15098559.22449629,18041650.810304668,21282634.822416347,24481398.359757684
臺北市中山區新生北路三段４３號,25.065407,121.528041,9940000.000000015,9699691.894939007,5676686.871909554,8175434.7730572615,10107942.225016713,12492575.41625217,15426849.018650578
臺北市北投區三合街二段４２２號七樓,25.1266899821938,121.502679968953,14380000.000000011,14898015.07272161,9996405.569543492,11760978.24370142,14049386.4093633,17910419.042392943,21549201.139495455
臺北市萬華區萬大路２７７巷４６號十樓之２,25.0252399942955,121.502579972848,12200000.000000019,11289080.445349164,7607564.631282192,10017036.605953507,10936178.022775441,12949019.245752826,17355684.73533219
臺北市北投區吉利街３２０巷３弄２號三樓,25.1174599980551,121.511580041382,11000000.000000013,9236881.952475803,6131231.406470865,7124906.9480799725,8755484.06510434,11297695.512787541,12086391.911054661
臺北市中山區民生西路１６號,25.05770298,121.52215,6599999.999999998,5715780.399724478,4237452.562074322,4966336.889941265,6086137.75350297,6637385.746185787,8248964.69192023
臺北市大安區杭州南路二段６１巷１７號,25.03025401,121.523386,31300000.00000001,24232432.172998942,16315616.464216886,21198398.670888055,26406521.89338176,29557084.801865615,33226716.35869344
臺北市萬華區中華路二段５０６號,25.02584198,121.507873,11000000.000000013,11733862.305944566,7980068.07620776,9997170.109064192,10944396.44720684,13023344.38648138,17465655.358522028
臺北市士林區後港街２８巷６之１號四樓,25.0831599929757,121.522380039805,22000000.000000007,23905432.049967743,16091163.794393802,22753673.27845938,25557153.023267694,29334696.303547036,33182619.471776333
臺北市大安區永康街７５巷７號二樓之１,25.0289400178143,121.53024000187,17800000.0,12602619.625732347,9969670.145063087,11400590.365701178,12920730.698256776,15287984.146627292,17053863.284536302
臺北市內湖區麗山街３６２之２號五樓,25.0819299905942,121.572770030039,17299999.99999997,16742407.593200218,12559638.987185314,16143038.157652235,17762806.364232596,21008180.310082503,24642967.839538053
臺北市南港區興華路７７號,25.05523099,121.606069,36000000.000000045,32382363.242343094,24640504.002748787,30914515.45791095,34416350.83741221,39140760.61631444,45968406.0593588
臺北市內湖區金湖路３６３巷６７弄２２號三樓,25.0735099916689,121.599769984186,40200000.00000001,37486263.98812791,26408803.856206615,30957178.470910434,40014987.120907925,46186317.79637863,53274977.2725389
臺北市士林區中山北路七段１８２號七樓之５,25.1246699854381,121.533050034909,19799999.99999998,19674730.863037158,13065954.93576507,19001441.788310364,21123804.399789553,24676859.23645193,27199160.9064064
臺北市中正區博愛路２２３號八樓,25.0339488501658,121.510681361198,465599999.99999917,265460813.51962948,53513450.000775054,134741171.41249093,272904734.8536319,282806316.0190554,325845242.81360614
臺北市文山區興隆路一段５５巷２７弄１之１號,25.0043600029332,121.541780038523,21379999.999999978,22814568.251567814,14526528.470059458,21768733.930998717,24910739.39694287,28948022.815335564,35224283.963926315
臺北市中正區博愛路７７號十五樓,25.0436199992167,121.511609964777,114000000.00000018,117599998.43423337,52062158.58305572,105966840.05492814,108717095.43800987,186715858.49384463,204740544.0666767
臺北市內湖區內湖路二段３３９巷２號,25.08338002,121.591572,25260000.000000004,30853667.879501257,24891654.039139938,26368628.924957763,29178785.99188533,36397528.89176383,45037974.69511572
臺北市中山區林森北路３５１號,25.05698302,121.525623,60279999.99999997,54568782.44474789,37525251.85347549,45725654.7889386,57200393.646411985,63580078.12329566,69536093.22653247
臺北市士林區前街２１巷７號五樓,25.0979499868573,121.525029978494,7500000.000000002,12857677.374718059,8247982.61390289,12123246.823220544,14130639.552706938,16893998.320086714,18830506.408561803
臺北市士林區中山北路六段２９０巷１７之２號三樓,25.1098400098783,121.526179975609,21950000.0,18297226.72500229,13725987.769435726,17657715.38886955,20142976.85675725,22541513.26464669,26917472.15146586
臺北市文山區忠順街一段１６號十二樓,24.9838600051514,121.558409985881,50000000.00000009,71300360.19871068,48728325.81801973,54891760.7271044,61017642.736515075,77488028.10158822,82854714.37614556
臺北市大安區浦城街６巷２４號二樓,25.0229400000642,121.526690014418,15499999.999999987,12152211.18783509,9448057.554150295,10572444.630174592,13408541.242537465,13799455.143197913,15467604.292328194
臺北市萬華區西寧南路３０７號三樓之３,25.0381800183273,121.506440006898,8699999.999999994,12506786.283081442,8465747.092679836,9612600.686400758,11880973.87484495,13268320.358101461,22378043.945269737
臺北市士林區芝玉路一段２２６號八樓,25.108979984703,121.533910018175,65999999.999999985,62714973.50884478,48904195.6308348,61415558.3692692,67681010.2042096,70170533.59924701,94775025.38989924
臺北市內湖區金湖路７９號十樓之２,25.08145,121.5972,40079999.99999998,34532782.69871967,25195496.391695704,32614931.208312627,35117323.00322934,41734048.379584536,46069876.39076334
臺北市北投區中央北路三段２４６號二樓,25.136020004347,121.479980014954,15660000.000000004,17232673.692473806,15219003.779694777,15564385.352089925,18703477.43680683,41531885.30545332,44678357.23627742
臺北市士林區忠誠路一段１７１巷６號六樓,25.1071699965313,121.530679967967,31579999.999999966,23937626.431947596,16754578.595206168,21929515.20827818,25030599.29982429,30274965.0033441,31874075.479813963
臺北市士林區美崙街６２巷７號五樓,25.0974899880111,121.522130007633,18750000.000000026,18461565.358968966,13185270.96181649,16278716.281810408,18707061.387567792,20739871.25227644,26504686.162905656
臺北市中正區羅斯福路三段１２８巷２０號五樓,25.0200899853465,121.527549997683,15000000.00000001,12239864.642481659,9451070.56986247,10790648.96864022,13037545.997510524,14619805.878990274,16837441.31569647
臺北市松山區民生東路五段１９０號,25.05868199,121.564245,8899999.999999996,7328392.218424392,5960836.383777574,7192626.60481555,7576594.417398744,7717714.295855153,10516335.05274527
臺北市北投區育仁路１２巷１６號,25.13302,121.498395,6500000.0,10001911.84705439,5559422.037116354,8013546.682636507,12304019.668415502,13091968.560773946,14351367.155152338
臺北市中正區中華路二段７５巷７號四樓之８,25.0337799801649,121.506660031856,17999999.999999985,17288627.05418078,10874916.394298455,13676395.376586154,17907558.289360136,20304181.941914514,25270865.88667704
臺北市松山區寶清街１８之５號,25.05023198,121.568676,11800000.000000015,11076249.30612372,7913039.148321504,9090174.533815224,11422033.419065017,14588796.573168965,17016016.638761114
臺北市信義區忠孝東路五段４６９號十九樓之２,25.0409700186183,121.5771000374,56200000.0,46044401.08543423,33604954.247445405,35708233.891307175,56706612.317013055,59834246.82089879,60040276.04735016
臺北市北投區稻香路１８６號,25.14401267,121.4879366,15799999.999999998,22704057.59284895,16380295.238464143,17625961.128742676,23054463.815444477,27256606.3556295,33518880.210709695
臺北市大安區潮州街１０７巷９號三樓,25.0293000205556,121.52771998268,26930000.000000045,13563790.185589094,9059588.596546233,12028392.144376485,15079476.890930261,16600104.105638493,18494370.767510463
臺北市大安區光復南路２０２號,25.04194999,121.55749,24500000.000000007,17063359.732389282,11196912.735875294,13752965.082877902,18569815.857859146,22130987.948140938,25842495.069437496
臺北市松山區八德路四段２４５巷３２弄３７號,25.0497700111241,121.563480031473,24749999.999999993,27552474.796914976,17195998.93693824,25248605.738077123,27081564.779902104,33683324.71740269,39629590.44694385
臺北市內湖區文湖街２１巷１１８弄１２號六樓之１,25.0914900121705,121.559859971311,23379999.999999993,23828465.852679558,19201513.44608236,21861062.16033963,23379010.849367846,26609037.221654303,30219690.328299236
臺北市士林區福國路５０巷６弄６號,25.10266401,121.523894,16099999.99999999,12562169.941926405,8054000.204841821,12151659.085476566,14018008.55872332,15750629.972971914,17710580.078193936
臺北市內湖區康樂街１２４號,25.07148999,121.61887,26999999.999999993,23566148.53143257,15717403.30054643,22374845.21482837,26555428.97603426,30688582.380763642,33818296.79409181
臺北市中正區和平西路一段５９號十二樓之５,25.026780001366,121.519709984548,15799999.999999998,11599217.574791398,8766934.111273088,10501842.691245623,11212421.284407975,14078945.084739814,15919282.660318648
臺北市中山區南京東路二段１０８號九樓之１５,25.0517999823446,121.53207002279,15000000.00000001,13909021.461923698,9231823.626522835,11289968.708968867,13035330.108234636,14176819.359846767,15496049.225214493
臺北市文山區興隆路二段２２０巷５３弄１１號,24.9992200103585,121.552069998138,16000000.000000026,17407065.28347663,10221013.773877127,15893287.49102446,19628296.450248376,23297996.080534473,26109214.824504383
臺北市松山區撫遠街３８９巷２７號,25.065159981635,121.56674997954,16999999.999999974,17572369.262972895,10992608.418137979,14869722.793500064,17736497.23027017,22735638.921601854,26269624.082457926
臺北市北投區光明路６６號二十樓之２,25.13270999,121.50017,66899999.999999925,93182360.20942539,49930736.31533576,70922546.40782174,71392042.02889234,122556838.3210619,139649844.53068352
臺北市大安區文昌街２８０巷５１號三樓,25.0313200173114,121.556899986024,25999999.999999985,20829184.134940628,14341252.87602308,17393993.101768073,21119773.449925333,25780947.32331381,29296929.49335472
臺北市北投區天母北路１０５巷９號八樓之２,25.1243099826967,121.527140038799,61579999.999999925,54254002.2884158,35405950.29486518,50171129.0703585,58295034.196171165,61803951.67477535,72601605.90880904
臺北市萬華區和平西路三段５２巷２７號,25.03395001,121.503435,4799999.999999999,21363187.66649399,11308500.211021105,17458442.41680294,21298583.972595487,29367470.981874775,33339207.72285583
臺北市大安區復興南路一段８９號八樓之２,25.04413,121.54407,12354000.0,7517177.232207416,4813174.742173897,6586078.210281245,8978745.252103014,9545375.53146518,10066080.119753275
臺北市中山區吉林路９８巷１７號,25.0526673051661,121.529423231771,9299999.999999993,10577876.60164297,7014613.967314758,8408998.714867298,10450219.92469749,12938292.053118248,17001192.95887892
臺北市萬華區貴陽街二段２２１號,25.0401045,121.4987764,11979999.999999996,16365500.439002475,12121598.137776503,14353154.135662071,16039949.195427708,20169904.94309586,20937995.398023132
臺北市北投區石牌路一段１６６巷１５號二樓,25.11411,121.51382,10599999.999999996,13598006.671658557,9582607.234140102,12110092.434971198,14046481.674059207,16036240.030534256,18857171.19065346
臺北市信義區吳興街６００巷１００弄６５號,25.017849,121.572626,6000000.0,13070098.247721367,7926635.300336481,10479314.463353952,13362941.966369402,15653332.01982192,17568536.284785144
臺北市萬華區青年路３８號八樓,25.0255800061978,121.504430026517,20280000.0,24140784.192713894,16104636.454853356,20242747.85221452,24578953.38305328,29939093.025573477,30087425.377800595
臺北市士林區中山北路七段１４巷５弄１３號十一樓,25.1194799948109,121.531459987877,62500000.00000002,43953707.36263013,32876278.656369653,42201067.8930071,49526110.03219475,55515957.88472624,60874990.6187879
臺北市大安區金華街２４７號,25.02995402,121.530828,68999999.99999994,44162640.43858644,27367581.46465613,36651966.755675286,39282664.83408357,52021463.98575877,63196948.45339582
臺北市中正區和平西路二段１４１號六樓之１,25.0333799957453,121.50572997588,10800000.0,9051192.775641855,6291785.162152486,7635096.063367662,9653499.995740682,11148220.119048208,13725818.760869367
臺北市南港區園區街５８巷３號,25.05923402,121.611877,27199999.99999999,23802020.998033304,17149678.900717303,21671516.509726506,25577860.009539522,28551575.690567106,30816261.61167608
臺北市中山區林森北路５８７號,25.06602499,121.525833,35150000.0,32091042.768246837,22361486.154028747,30614126.57659003,32542271.20172235,35797448.7661808,43727350.66031985
臺北市士林區重慶北路四段２３８號,25.086425,121.511379,21500000.000000007,29665837.285614178,23476103.372628488,25274074.90815393,31836943.200826533,37961442.74438507,49047624.6602174
臺北市文山區景福街１２４號二樓,24.9958499823678,121.535910024092,16500000.000000013,16609805.358038975,11872083.503794186,14975075.747240372,17338040.28807483,20090601.046389356,23602720.174656898
臺北市文山區景興路１７７巷２４號八樓,24.9926299904439,121.545519959901,18500000.000000034,20992662.952655002,14843565.230972445,18480562.757297076,20370951.96172605,25118077.214233637,25732244.59962158
臺北市北投區中和街４４１巷３弄１號,25.14340299,121.497442,2619999.9999999995,13941628.951248249,8067926.795224658,11731210.369665898,16357558.307336776,17860050.851364832,19118239.41620159
臺北市南港區研究院路二段７０巷５號五樓,25.0456099887591,121.612890009588,11299999.99999999,13356152.026558582,9022238.649753818,11430368.389627982,13808538.52837787,16073067.80681752,19268788.859754067
臺北市大安區信義路三段１３４巷４３號,25.03004098,121.539508,4559999.999999996,3430402.91498606,2047800.8660330186,3017696.655725441,3717924.3360326923,6104076.465565399,8873338.378112243
臺北市大安區和平東路一段１９１號十樓,25.02635998,121.53373,25999999.999999985,22233736.754615683,16457516.411096742,20298862.809104152,22971942.991329487,26114662.255078733,31056747.78541072
臺北市萬華區青年路３０巷２號,25.026125,121.504528,24399999.999999993,27034626.737014554,17407295.32346695,23119879.600653056,28375138.663396686,33506273.720235735,36171230.58847234
臺北市大安區市民大道四段１２６號六樓,25.0443200138604,121.551349992655,11599999.999999983,8430455.365253422,5723767.642411963,7280040.70222189,8597526.98194285,9951755.559438623,11335796.417282622
臺北市文山區興隆路四段１４５巷８３弄８號二樓,24.9857899802671,121.564019993676,16580000.000000013,18757931.08911548,12132243.419626296,15515786.848099919,18727854.161900666,22653025.71993869,24328495.41304239
臺北市內湖區成功路二段４２６巷７弄６號,25.07140002,121.589044,13000000.000000013,16957909.050233807,11163081.501583057,12929089.750876483,16608970.264893357,20221620.262583736,24290092.691119645
臺北市中山區新生北路二段９６號,25.05913599,121.527228,6049999.999999998,5284174.440116378,4010194.084787575,4955379.896147471,5484183.347915131,6474879.059173895,7582465.8079119
臺北市中山區錦州街３０巷１１號七樓之１６,25.05952001,121.52487,11800000.000000015,11616307.106289918,7603471.436523812,10502319.04949545,11706094.33814963,14594138.134501128,19301752.60920326
臺北市文山區興隆路二段２２巷７弄７號二樓,24.9980900040819,121.546150027563,13550000.000000015,14287253.189170856,9945929.358023597,13196638.29816244,15500459.90125108,17479826.685754154,18795779.477676675
臺北市內湖區文德路２２巷５９弄１８號七樓,25.0753600034282,121.580079971617,9280000.000000013,11266683.331210077,6084344.410338829,8978798.168563038,12371499.994678486,15676491.256489128,19048445.963879954
臺北市信義區吳興街２８４巷２４弄２７號二樓,25.0236600055469,121.562540001032,19000000.000000015,16615521.804636443,11772522.101522569,14014216.555369865,17443978.865500722,19666361.20645701,23367844.52172618
臺北市信義區永吉路４４３巷１１弄９號五樓,25.04670001,121.57883,12799999.999999978,14467792.105517449,9438083.14652038,11595521.255605921,14224395.157760937,17348668.23752726,20903341.331701893
臺北市文山區景華街１２８巷３６號三樓,24.9946499871997,121.547340006357,12799999.999999978,14294705.578721942,8810220.640895043,11670718.78607282,15841159.27887748,17168298.624465544,17651135.95033445
臺北市中山區四平街３０號五樓,25.0535800052125,121.531940019472,16660000.000000026,13698899.792452179,8446741.50557304,11571811.824291259,12659035.161819214,16962549.281371795,20065933.54931087
臺北市文山區政大一街２７８號四樓,24.9855000083267,121.584550040581,31420000.000000026,38615674.63215034,27083022.084596515,34144058.282872394,44301406.43955238,49393025.02749948,54826464.92334795
臺北市北投區公路３５０巷１１號二樓,25.13289,121.50253,18700000.00000003,20217050.174613662,13983950.66566856,18342004.973679088,22586510.73486567,27064616.331903152,31450842.94187757
臺北市中正區汀州路二段２５５巷１２弄６號,25.02297701,121.523775,25500000.000000026,18192215.3994926,12479557.305439495,15456387.450135075,19190094.923212565,25395943.39449024,27702454.986784406
臺北市大安區安和路一段６７號七樓,25.0371699989946,121.551879980393,50000000.00000009,28099822.343821082,19174593.062983193,27212762.642751537,32681082.184586808,35188698.32298502,39265326.542138994
臺北市萬華區中華路二段４１６巷９之２號,25.02674501,121.504411,3721448.999999999,15735898.005036613,8873278.672622526,11389345.810637278,15113876.661019228,20889452.65173357,25935513.36396449
臺北市大安區和平東路二段７６巷３１弄１５號,25.022157,121.539391,15000000.00000001,10563525.692709474,7766394.266628411,10255489.245786974,11875057.397571485,12656540.13131701,15037818.888380755
臺北市文山區萬隆街６０號三樓,25.0008100154814,121.537160017312,21880000.000000022,26134627.17326916,17033190.659552187,22414921.995772637,29237139.8116212,33485836.129175346,36191282.68996094
臺北市內湖區文湖街２１巷８２弄４３號,25.089568,121.560752,9500000.000000015,7252760.30612695,5310724.537200604,6388917.646547273,9514182.071178254,10911290.385916166,11366873.468259359
臺北市萬華區富民路１５５巷１３號,25.01809899,121.500412,6980000.000000006,12720106.480803672,8358107.130371184,10142150.314110631,12066747.310196258,16479497.026951585,20130522.547341812
臺北市松山區南京東路五段２３９號七樓之２１,25.05158,121.56482,15000000.00000001,13684614.586448401,10315777.775219968,13261866.403498482,13956556.887120202,15773069.853851095,18524022.86070813
臺北市北投區中和街４１０號,25.14376899,121.498081,11360000.000000015,16593805.788282642,12390911.720547695,14397720.183196668,15196543.472378898,21038583.488993965,26915937.085265994
臺北市北投區石牌路一段１６６巷２６之１號三樓,25.1139300014423,121.513699992333,17499999.999999985,16033654.276948698,13158688.60026276,13494066.751270847,17396901.078085,18870482.742583193,21069265.750460155
臺北市士林區文林路７６５號二樓之３,25.1033299952295,121.518970030136,13499999.999999993,17454697.027456116,12268455.02224934,13272857.977631541,17092263.91655806,21162683.973094475,23586633.80492235
臺北市北投區三合街一段１１７巷５５號三樓,25.1250900026062,121.504720040366,37980000.0,36386968.84282057,26473086.16264891,26787328.651241586,35450199.5322561,42704716.15458485,53973952.763265654
臺北市文山區福興路６３巷４弄１１之６號八樓,25.0040800054577,121.54912996178,7199999.9999999935,8993097.749607097,6798953.594203783,7621574.071569055,8932636.048542565,10637903.048329297,11638334.713282607
臺北市文山區辛亥路四段２１巷４０號,25.00979902,121.559141,17849999.999999993,15592793.355025848,10418970.860481184,12677497.082638312,16274421.598887203,19275345.245352797,22662163.28562479
臺北市中山區大直街４６巷１１號三樓,25.0821700063917,121.545769992073,27720000.00000003,18955593.678713292,13749135.099150375,16516876.926615482,19687832.705925558,21913931.12105991,26165843.661735922
臺北市內湖區大湖山莊街２１９巷３４弄３號,25.08946599,121.599536,7199999.9999999935,8859408.592259118,6883285.552351578,7760602.651292034,8873907.658162734,10261846.131091554,11876467.717950149
臺北市北投區東華街二段３６號十三樓之３,25.1167699997857,121.514320001711,57999999.99999995,56839989.60836613,44321202.75053638,50218434.54356776,60668451.871756434,67736454.67799248,72025975.71845435
臺北市中山區德惠街１０號八樓之２、八樓之３,25.0664999964957,121.529420000282,15000000.00000001,10842434.949344333,8215504.069307908,9038945.122834606,11604269.839279542,13308015.63253386,14923785.250834342
臺北市大安區羅斯福路二段８５號十四樓之１,25.0257699820333,121.523600025812,30879999.999999966,19909708.263418406,17128441.143350527,18363423.58951047,23652534.93562138,28529570.188453868,30933660.546231665
臺北市內湖區大湖山莊街２０２巷１９號二樓,25.0880300044492,121.598029984905,17999999.999999985,13410079.676904108,8695682.485464279,9874518.822627237,13282183.542818263,16634264.073469317,17988633.461937923
臺北市中山區中山北路二段６２巷９號,25.05674501,121.522014,7700000.0000000065,6846632.122792122,5044791.667520073,5758646.400772925,8601895.696973389,9234478.760264765,11211218.689813767
臺北市大安區建國南路二段９號五樓之２,25.03040999,121.53827,42000000.00000003,23814648.803383455,14740214.385907143,19957837.664384317,25733432.011405677,30120320.931901097,34473530.45695645
臺北市內湖區內湖路三段３２６巷３弄５號三樓,25.0896899984636,121.584060034521,12879999.999999998,16182911.768306892,10926921.36256028,13727833.232353155,17653256.72567446,19350480.022033855,22675152.03964356
臺北市北投區公館路６３巷９弄１１號,25.13318399,121.504643,21300000.000000022,19617343.76823621,12189108.174171465,15823973.057555184,17984221.19466359,30158358.32638314,30669196.37817562
臺北市松山區敦化北路１４５巷２３弄３號六樓之１,25.053200011632,121.550360006071,30449999.99999996,21818340.193946272,17142851.363253016,20678397.05862212,24166625.93831066,27361325.640209228,34637680.324408814
臺北市北投區公路２３１巷７弄１３號三樓,25.13289,121.50253,13680000.000000024,16727142.219449716,12817601.436241103,16981410.141094614,17703210.18489381,19953542.50008124,22365510.667691734
臺北市文山區羅斯福路五段２６９巷２０號,25.00120719,121.5402433,35499999.999999955,32712130.023174353,24182136.175861884,29973142.04212803,33774017.87425953,36910837.22194123,42299850.60591278
臺北市文山區興隆路三段１３７號九樓之１,24.9984099832356,121.558790021371,6500000.0,8723350.329041287,6676772.10109041,7425852.44860635,8381936.114700246,11553987.565876452,12688190.504283343
臺北市中山區建國北路三段１１３巷７弄７號四樓,25.0669500208772,121.535599977493,15000000.00000001,13929488.451281853,9120784.221942494,13377144.73129497,15321192.271810614,16105402.6881432,19056440.733640894
臺北市大安區復興南路二段１５１巷３０弄１號,25.02800141,121.5455334,27450000.000000015,21132727.708156634,14366629.339273898,17365988.18097979,22641203.254186053,26488524.88398405,28441032.037764493
臺北市北投區天母西路１１７巷５２弄２５號二樓,25.1211699960386,121.525180014561,40479999.99999996,39740909.56117223,26481174.051000632,35477221.64024633,41129601.9656744,49489367.30252415,56354605.87963621
臺北市士林區承德路四段８８號六樓之３,25.0822914232738,121.523017720112,25500000.000000026,23744435.49618292,19201513.44608236,22390236.60751603,25481705.862754855,26638713.03264186,31131817.549770672
臺北市內湖區星雲街１０２號,25.07901581,121.593657,32700000.0,31071814.474421423,24778610.604955666,27530568.848848492,32763794.751210928,36754317.38419014,41589078.38101431
臺北市士林區中正路６２６號,25.08680101,121.508551,6999999.999999995,11636033.204695877,7030870.661420292,8601924.559114967,12401672.33273039,15568639.712115338,17806266.76584939
臺北市松山區光復南路４６巷３９號五樓,25.0458899862347,121.554880031177,36630000.000000045,31905170.158422682,23328275.576411642,29889715.518970236,37436335.80166591,39093659.560341485,44940025.39364287
臺北市內湖區民權東路六段１９１巷３８弄１５號五樓,25.0691799843075,121.597699989377,17180000.000000007,13980807.511209255,9993420.693341171,12880028.586595742,15630024.456768027,17398413.07574115,18528195.110728342
臺北市信義區吳興街３６５巷３１號四樓,25.02607999,121.56776,16600000.000000017,14993866.861685649,10329113.96470348,13423474.818244841,16474227.547668694,19342945.606095474,21072247.02292692
臺北市中山區中山北路一段８４號,25.04919799,121.521068,12499999.999999985,12837076.309516836,9868513.750395404,11424983.181801572,12126816.03036898,13593402.660029031,16194580.982433135
臺北市大安區敦化南路二段１２８號,25.02610798,121.548315,52200000.00000001,48913406.11633016,35225157.67433424,51028937.59002775,52442813.195758924,56351986.097539276,66117868.61311789
臺北市松山區八德路四段４４５號三樓之１９,25.0499299797462,121.570419995846,9450000.000000011,12413231.269194089,9506218.815929804,10641124.181995561,12969144.317677403,14508005.155392209,16120596.870494489
臺北市南港區重陽路４８９號,25.06096098,121.611939,25879999.99999996,23802020.998033304,16919447.379212882,21871338.56395238,25757600.21953877,28551575.690567106,31714887.407627083
臺北市萬華區萬大路４２３巷１０１弄２５號,25.022515,121.502298,4599999.999999998,4802580.42609229,3004536.538275004,4011824.0895732087,4924266.029700324,5874851.147435349,7291345.849236389
臺北市中正區杭州南路一段７７巷２６號,25.038767,121.527358,24999999.999999963,12776034.274224432,7720160.707059928,10905006.78173076,13468475.681805933,17015181.450441144,20075035.526014697
臺北市北投區清江路１７７巷２０號,25.128024,121.50269,27799999.999999955,26504466.759494077,18663588.277677383,25737599.774294138,26711101.16335881,32800061.820092387,36169461.176050864
臺北市內湖區康寧路一段１９５巷２弄７號,25.07879,121.59633,16660000.000000026,16431492.532255674,10952359.739918604,13262865.245339734,16598377.51516131,19860807.686698824,22953561.910615247
臺北市士林區中山北路七段１４１巷２３號,25.123019,121.530097,44999999.999999985,36906951.26109613,27102677.37883427,31219955.490824148,42659060.390702724,44024163.178376175,47559976.682878315
臺北市大同區保安街１９號,25.05924399,121.513053,48800000.00000002,49642478.38942452,37065448.57890043,44210894.29295578,48271933.943674676,58659777.32015802,65388604.25768815
臺北市大同區民族西路１６９巷７號,25.069132,121.515466,21799999.99999997,20638129.443245683,14582282.284857355,21021408.885956068,22268971.049193785,27528913.656989843,29522526.698060416
臺北市內湖區港墘路２７巷９號四樓,25.08256999,121.57884,16500000.000000013,16374588.709844476,11289601.54766446,13312492.519004783,15362089.521843217,18559995.663744204,22135941.813936442
臺北市文山區辛亥路四段１０１巷９３弄１之１號三樓,25.0065200193816,121.560279988479,14800000.000000004,14179484.56500886,9080708.260221949,13075122.012186881,15716227.423281156,17749458.654594705,19326803.81436821
臺北市信義區永吉路５１７巷１弄４號,25.04584598,121.579864,17299999.99999997,16115663.990001436,10471553.556615464,14316462.451817937,17435578.720008176,21065419.72090462,24152318.811839394
臺北市中正區忠孝東路一段８４巷２號七樓之６,25.0442400085946,121.524060024658,21200000.000000004,16036431.680720717,13196345.192592818,13380751.522065205,16642872.699011333,18301000.289056852,21102079.51811059
臺北市文山區辛亥路五段１５號三樓,25.0002400041559,121.554399999582,7300000.000000004,14712221.422631575,8830438.411735736,12318436.641887534,15845300.027972704,17917178.64230314,20071338.764235087
臺北市士林區承德路四段６巷３３號三樓,25.0795999891495,121.52036000114,13150000.00000002,17479790.325200625,12211932.222016968,13212264.277581546,17382334.950381283,19595597.150495052,23751023.274626456
臺北市中山區新生北路三段７號四樓,25.06643998,121.5274,20000000.000000015,21381074.04834828,14255813.123057125,19752080.566093992,21814521.902627476,25443820.680771336,29023516.363790825
臺北市內湖區成功路二段３２８號十二樓之７,25.0684199971466,121.590590040009,13000000.000000013,14758052.94002802,10562104.347820163,12418617.28693142,13774806.110319296,15762401.697352512,19109753.980962053
臺北市北投區同德街２９巷２號,25.124557,121.528616,11299999.99999999,10330584.954401705,6644183.248919496,8824491.149646008,11220219.235981021,14207866.57782271,17107778.578268528
臺北市大同區民族西路３３８號四樓之６,25.068589982143,121.509439973864,20800000.000000004,22969961.72252425,18021061.628825624,20084313.5491078,21991458.02612049,25688875.471558068,31561443.672961254
臺北市大安區四維路１７０巷３６號三樓之６,25.0281900051181,121.546339961489,14499999.99999999,14224477.329905737,10310480.439828074,12746676.199883347,14146774.973123949,15311002.483494027,18666939.777400892
臺北市中山區長安東路一段５３巷１６號五樓,25.049679989484,121.526579960029,8380000.000000002,10453484.662388133,6529619.435530061,8337981.81652491,11112084.102070747,13609288.631647779,14260952.218952768
臺北市信義區永吉路３０巷１５７弄１８號三樓,25.0422200118388,121.569460016475,12000000.000000007,15268838.213426517,10367294.125981243,13082495.877855,16460062.964659708,18607058.451637205,21627272.606911685
臺北市文山區羅斯福路五段４７號六樓,25.0072199921157,121.538949972735,19089999.99999998,23669875.4171398,15783028.113603558,21574720.40972742,25183243.39227231,30562412.090167917,31948812.709422592
臺北市文山區萬安街２２巷１３弄１６號四樓,24.9999600066803,121.569550038115,12799999.999999978,17871614.43050999,12952695.535794333,16312982.249885485,19561177.280166857,21415087.74164515,25984645.62438602
臺北市大同區敦煌路２４巷６號二樓之８,25.0747700012637,121.519300025664,11800000.000000015,14387383.991410632,11762275.587374266,11773102.849270465,12239778.868346889,14989398.610231062,17275711.557186667
臺北市內湖區康寧路三段１８９巷６８號四樓,25.0718999957069,121.612860002375,18500000.000000034,16900164.15296218,11867804.491146883,14806981.837495513,17358775.62935237,20241855.287681796,23526916.9275895
臺北市萬華區國興路１巷１號六樓之４,25.0245999940786,121.509000007766,16600000.000000017,20497590.749965284,14621684.835269032,16945167.341965407,20073903.77704094,24027108.219856262,26968813.045948647
臺北市文山區木柵路二段１０９巷２５弄８４號,24.990900007538,121.561680017766,12099999.999999993,14530135.071363594,9028351.130929435,12411539.990236824,16654543.885474196,20353398.600408852,22475975.36989931
臺北市文山區木柵路二段１０９巷２５弄６９號二樓,24.990260007321,121.561840028298,12000000.000000007,13626606.188649397,9241634.708395349,12173655.814121008,14580136.74539131,16709351.548209928,18390178.64980261
臺北市松山區三民路４３巷１２號五樓之２,25.0562500185595,121.56054996958,8999999.999999996,22237813.59921801,14976967.596895834,18649713.06499018,23515622.996313207,28840889.76379308,29615025.972770713
臺北市文山區福興路９９之１號,25.00687202,121.548756,13150000.00000002,16349823.773834439,13161050.895614866,13771466.85190602,16781055.032235954,21377071.19193531,22746136.843945842
臺北市文山區興隆路二段２１７巷８之１１號四樓,25.0021799956458,121.549379993952,15549999.99999998,20035613.992261175,14241461.24641293,16703153.274295757,18589184.363824155,22374391.582129817,25084281.2873101
臺北市大安區安和路二段６９巷１８號,25.03037999,121.552896,13450000.000000022,9642325.229497442,6916357.970282957,7984784.698747898,11658249.144601095,12186373.585497811,14306361.181118812
臺北市大安區安和路一段６３號四樓,25.0373300095263,121.551719969861,65999999.999999985,42104910.71585641,26907512.390816055,40463557.00128654,50166878.94360257,59681669.97605573,61197374.30068051
臺北市內湖區內湖路三段７２巷６１號,25.08830602,121.591077,17400000.000000015,17433199.766784396,13950617.278637152,17444444.675843015,17458399.976088043,19901473.140487216,21941713.92142509
臺北市中正區汀州路二段１１５之１號,25.02534401,121.518929,10499999.999999994,16096134.172857294,10031710.189883823,12595160.758527152,16631667.187649205,19665373.30389049,21889455.407737486
臺北市萬華區桂林路２４６巷４０號二樓之１,25.0370700028898,121.492980011503,10499999.999999994,12776548.233716613,9016476.407071818,10915759.911721872,12645171.803742481,14715108.777648851,16421144.249529157
臺北市大安區仁愛路三段５巷１弄２１之５號,25.039020010754,121.534719961479,26900000.00000002,20621615.393195465,13292501.612291282,16848515.42200011,21436211.116224304,26749587.528856203,29656504.668863747
臺北市大安區通化街１９０巷１號二樓之３,25.02635998,121.55275,2599999.9999999986,3717400.9694652567,2415298.0157166733,2725824.306921532,3385561.73825485,3682778.6755608534,6439187.294647342
臺北市松山區三民路２９巷７號九樓,25.0545699917965,121.562630022672,51880000.000000075,38749396.09556849,28983455.1657273,36442000.273113064,43142188.45453279,50702415.49556082,53919929.75946055
臺北市士林區磺溪街４７巷１３號,25.1070000115349,121.522269985416,49380000.00000006,31651215.807709094,21028741.07833611,27988752.036344867,28449566.39560602,42452388.05805845,49858602.6640809
臺北市萬華區長順街９９巷１５號,25.03225699,121.490392,12400000.000000017,15713184.173195062,9926811.748500215,12273529.00515749,12573708.931450386,22416578.288665272,25030747.970803484
臺北市信義區永吉路２７８巷２弄２０號五樓,25.0451199826994,121.574099986616,16879999.999999985,20956212.543292474,15843372.315133676,18535084.32210582,18715609.61565441,21747572.0767703,26966048.516836505
臺北市中山區復興北路４４８號十一樓之１２,25.062720683849,121.543981115059,12050000.00000001,12663030.013189346,9497821.916750874,10697367.465861458,11685488.404962063,14555673.817117807,17000934.172755476
臺北市文山區忠順街一段２６巷２６弄８號四樓,24.982959998298,121.558890017475,9109999.999999998,10833329.567776363,7130770.332631437,9276583.477246206,11596144.387099896,14379799.649921646,16244969.082977012
臺北市萬華區環河南路二段１５號,25.039356,121.497823,21880000.000000022,25780833.177793726,19907865.486135468,21714630.87262879,23056528.934376538,33241856.992904708,38270997.65930214
臺北市北投區大度路三段１８７號二樓之３,25.1227100031091,121.469240030958,22300000.000000007,33072089.217395753,24279896.249194726,25888922.884969316,30987595.70909296,41421036.67190895,45596906.20457131
臺北市士林區忠義街７１巷３３號,25.105963,121.533317,22379999.999999963,18339388.657804344,14825327.142677715,18530748.359847914,21784093.574462693,23357453.959746614,27905066.94577714
臺北市南港區成福路１２９號六樓,25.0420600013072,121.587440036976,14000000.000000007,13078851.738627253,10778143.766837932,13755110.526465453,14019132.077160116,15311094.365805056,17741397.768506374
臺北市北投區富貴一路１２號,25.11476501,121.524203,34499999.99999998,33801252.73497515,25339204.477311864,31101958.239340387,34196688.52642398,41243558.85545879,50522446.60502687
臺北市北投區稻香路１６１巷１６弄１０之１號五樓,25.1422710288488,121.488741170288,21500000.000000007,26242147.14858952,20316985.927503984,21643605.27607259,24523381.437319666,29034915.99204602,34231469.42427061
臺北市北投區吉利街１０６巷７號,25.11793198,121.505722,22600000.000000037,22243904.437622808,16232709.962208455,17334196.080140766,20868755.874782823,25056611.53963529,30541668.64552663
臺北市萬華區西園路二段３２０巷３６弄３６號,25.02680599,121.491123,8999999.999999996,6512689.586689416,4654994.509236152,7468389.9512314955,9057022.392343512,12894387.580960397,17415778.40234479
臺北市大安區羅斯福路二段１０１巷４１之１號四樓,25.024769979075,121.526469989459,24879999.999999985,16197056.823567867,10619149.178060554,13460305.002911236,17458247.156508695,17928571.401937272,20497334.690800183
臺北市中山區松江路１７０巷６號,25.05584899,121.532541,21400000.00000002,15038196.29657863,9631573.929599287,14487445.227731183,20242350.46143343,22336978.318910368,23335548.291206196
臺北市文山區政大二街２１５巷２號,24.98873601,121.58729,17499999.999999985,26316351.34953994,16893653.21075127,19975935.603508018,24688611.49688422,31939093.55492565,35808565.264745496
臺北市文山區景興路９６巷２７號三樓,24.9945900146824,121.543140002314,19000000.000000015,19553346.978056327,12837433.726137878,18900290.974098932,20890207.294037696,24742915.37817336,29269314.003020037
臺北市中正區重慶南路三段６３號三樓之１,25.02935999,121.51513,22500000.000000007,21082455.093169037,15150651.842482695,17939270.695742752,23014555.26267935,23871157.192504033,28102044.499457546
臺北市北投區中央北路二段３５０巷７６號十二樓,25.1394899865331,121.488910010778,21400000.00000002,38563493.69275723,29414693.698453516,30027458.130938344,37644890.70602596,44794618.818305805,52670193.843028285
臺北市內湖區康樂街４８巷１６之１號,25.0691000209512,121.617480023586,18500000.000000034,15277427.033150652,9688545.195159277,13330777.915299775,16808618.110107217,21348425.756418154,22916082.77810288
臺北市萬華區桂林路７１號,25.03843801,121.502307,20000000.000000015,21591297.673596866,15273205.284398273,19375618.372729085,20978561.953075215,27080585.502547175,27404505.177615292
臺北市萬華區德昌街２３３號,25.02310999,121.4931,9200000.000000004,13659137.396560848,9080503.211644953,10610294.543214353,16592272.592626842,17698651.825281013,20391743.615001503
臺北市士林區忠義街７１巷１３弄６號五樓,25.1060000085765,121.532779969989,15680000.000000015,13821892.311681932,8587733.290444149,10221487.341204694,13900360.14451484,17110397.683842055,19684134.108854953
臺北市中山區長春路２８號,25.05483482,121.5247678,12799999.999999978,12654880.126762606,8938035.468494091,10119368.730353318,12050376.395674385,14033736.547729716,15058187.414247885
臺北市內湖區金龍路１１５號三樓,25.08571999,121.59076,4000000.0000000005,3014218.34876521,2175246.6911749346,3402955.6139531927,3679573.0914137857,4673347.84795585,6329059.720339754
臺北市松山區民生東路五段２６２號二樓,25.0590100116371,121.567279967278,23799999.999999996,18107186.54382932,13345575.167679494,14942354.175679002,18369647.6673621,23207745.575981684,26199189.989470363
臺北市大同區民權西路２６８號十一樓之３,25.0627400004597,121.512010033015,12550000.000000015,13077219.437964687,9156828.855946181,10537859.6960574,10945639.195625586,13718433.504368898,25431189.0620275
臺北市北投區自強街３１巷１５號四樓,25.1108799945148,121.512649991323,16999999.999999974,16378834.51930893,11324751.087984784,16270102.74257974,17467118.701250687,18720197.223494645,20839269.377061017
臺北市中山區新生北路二段６２巷８號,25.05603402,121.527097,46999999.99999997,37298037.56571827,24809298.751836404,31026274.294319972,40736839.54037198,46851284.66393958,57043706.17484322
臺北市北投區義方街２５號,25.14104998,121.501492,12000000.000000007,14671159.630287377,10221577.329000749,12755310.683715813,14709463.712906048,18335483.09989271,21248704.161761187
臺北市大安區通化街１２３巷１３號三樓,25.0291999825412,121.554539977365,9999999.999999996,7489514.558072885,4652781.771735137,6005069.673870537,7978723.71742725,8821191.80506656,10120612.889251482
臺北市大同區承德路三段３０１巷２２號四樓之３,25.0756599917429,121.521349987724,20879999.999999974,21084366.048451416,17228229.200409725,20679292.810387436,20981196.64840152,25495578.07784408,31136870.255921263
臺北市大同區西寧北路７１號六樓,25.0551500194963,121.509009982231,24280000.0,31593949.642402034,23937809.607009854,26102995.69639233,34403399.46507063,38709856.12992562,45518483.97996394
臺北市內湖區成功路五段４２０巷１７之５號九樓,25.0753499870539,121.608339977268,31300000.00000001,27717982.573747832,18632198.260431517,25285628.693119574,28542738.15655729,33209834.55821116,38117649.398479104
臺北市中山區北安路８２９號,25.08601309,121.5523454,14179999.99999999,13373488.312618706,9304157.134032503,10711510.14475656,14118598.35172971,14226485.23346547,16088317.169469
臺北市內湖區成功路二段４２６巷５２號二樓,25.0703299814231,121.588330027456,15079999.999999976,17283114.422184683,12798560.577466074,15583468.308656745,17537847.357006058,20674344.282736197,23897788.99065463
臺北市士林區延平北路五段１巷５０號四樓,25.078870009202,121.510020001563,10599999.999999996,18306652.39540905,12308120.52225613,14498036.64833859,17341083.80459098,21738435.456399355,25950153.763686236
臺北市北投區新興路１５８巷３１號,25.1393200015367,121.485750033281,13559999.999999993,28231361.70958375,17323913.872346897,24474247.539752346,27657556.27841359,33650895.24347715,41025016.15004741
臺北市北投區石牌路二段３０９號十二樓,25.1221499872031,121.523004994506,53679999.999999925,49366904.17395943,36947953.71312618,39168007.31934956,53829351.323837474,62975266.4364804,66748960.463462315
臺北市中山區大直街２巷２１號,25.0809200131711,121.545419963796,20280000.0,12478111.758701123,6703290.7199738305,9592145.713447759,11859866.632873986,15981497.82959024,19782804.346302837
臺北市大安區安和路二段９２號九樓之２,25.0287699909083,121.550239977217,80500000.00000009,62804050.921275884,41130648.65177328,68132994.53964247,75114147.97871743,78084786.20151019,88490919.06634411
臺北市中山區林森北路５７５號四樓之１２,25.0652000052227,121.525800023938,19327000.000000022,17968598.19249536,12970054.029090855,16880613.883346193,19200082.738213338,21041775.55153184,24999807.826758157
臺北市士林區克強路１９號七樓,25.1087999833323,121.523900014127,26999999.999999993,24408742.526380852,17572821.770316932,22637691.797455233,25284052.787559573,29460865.399186175,33567842.762844965
臺北市北投區宜山路２２號,25.1429400197896,121.506639999108,24500000.000000007,31431368.467396244,21523735.791598268,26061294.107842635,28986953.90511075,43506383.12210038,48382220.3044144
臺北市南港區成福路１６８號,25.041571,121.587594,8999999.999999996,10310663.282478625,6813519.856883515,8929756.743238091,11239449.243525889,12355973.995405916,14293921.795677142
臺北市中山區合江街１２７巷２１號四樓,25.0607800181307,121.540080020921,11000000.000000013,9942614.609643629,5952665.829052839,8201779.309212054,10141639.666426629,12562600.238426514,14882667.061371174
臺北市中山區龍江路４１２巷１９號四樓,25.067690017199,121.54021002424,16479999.999999978,13909981.218024729,9109113.226902463,12816786.011086686,16068244.94648762,17128756.691743266,18983934.337669455
臺北市士林區天母西路２２巷１６號,25.11762519,121.5272514,30999999.999999978,32976838.0344472,22314792.009081267,30363164.65603136,32794378.85019248,38878692.29173907,47456939.76822536
臺北市內湖區環山路三段１６巷１弄６號,25.0851200172143,121.579449987774,20999999.99999998,17872929.78662535,12065845.77487287,16298242.905634444,20224324.185051233,23495528.958196923,28896743.687137865
臺北市中山區長安東路一段２０號五樓之６,25.0491800089596,121.523939995805,12000000.000000007,12239864.642481659,9682989.081756823,10568788.446455553,12084740.497411769,14314490.437831566,16837441.31569647
臺北市士林區天母北路２之２號四樓,25.1198200067132,121.526320037211,13200000.000000019,13097027.655424427,7855540.441105312,11510508.793786392,14213321.503920024,17370070.310803313,21418030.806778006
臺北市文山區汀州路四段２５３號,25.00190469,121.5362838,37500000.0,35663600.30963695,25189187.988729287,29208207.94609763,37700329.854836926,42969644.378483236,51899562.19716026
臺北市內湖區民權東路六段１５０之１號十一樓之１５,25.068799990727,121.589620002354,8879999.999999993,10933268.603468634,8105696.713779816,8805813.695308028,9823620.519914411,12751231.078502739,14259585.523820117
臺北市大安區復興南路二段２９１號十一樓之５,25.0250299857115,121.543669990051,13799999.999999985,10149708.770860203,6644804.563024201,9959330.187267277,11554045.98044967,13629775.9963142,14064927.192523733
臺北市中山區新生北路一段４０號十三樓,25.04629001,121.53148,25799999.99999997,23525464.700114828,16843651.032264642,21988880.685363907,25898722.101721376,29720507.10301763,30950855.153945316
臺北市北投區光明路６６號二十二樓之３,25.132709990783,121.500170008047,43880000.00000004,39633833.70521831,32476219.59906377,37980507.97797445,38442361.33910972,43959908.11665279,60611508.27124205
臺北市松山區復興北路８１巷２７號七樓,25.0512699946069,121.5452499788,2000000.0000000016,25705290.59276473,18187533.949377686,26352810.220802337,31724920.7949818,34076549.83924807,36537134.54451097
臺北市內湖區民權東路六段２８０巷１５５弄５號四樓,25.0686999946221,121.608840041612,48880000.000000045,45084145.574739255,30625374.96120089,40696003.05112281,47233113.35155881,55414643.08692825,61732440.97560063
臺北市中山區新生北路二段８５號十樓,25.05719001,121.52797,31699999.999999978,32287636.33596769,24186541.1634774,28935644.111943193,32509631.209346298,38037488.16200759,44949721.51781993
臺北市松山區延壽街４０８號,25.056232,121.556956,25999999.999999985,15818798.285545954,10357249.774588117,13706372.641915765,16452914.498212712,19670857.730077565,23018764.04891231
臺北市大安區安和路一段４９巷２１號五樓,25.0385900191211,121.552480040841,38800000.0,32886893.22723968,18805211.620858897,27742466.55451596,37969799.31130266,40415186.6954336,43568296.52241881
臺北市中山區龍江路３７０巷５５號三樓,25.06651001287,121.537880022795,14949999.999999994,14495082.043587135,9117410.492897715,11974869.943512607,15622680.786641859,17394810.729118068,19309028.769204658
臺北市北投區大度路三段３０１巷２８弄２１號四樓,25.1221500081579,121.465679985222,10680000.000000015,13913553.331011716,9079145.635147082,12761364.816411043,15952444.486742351,17699260.463860944,18950207.605535027
臺北市士林區承德路四段８０巷４０號三樓,25.0832799799197,121.52219002206,15499999.999999987,15063068.988280617,9632928.78032058,12211013.983753886,14380830.349944767,17027297.882909168,18269314.698670715
臺北市中山區德惠街１６號九樓之１１,25.0666199834396,121.524030017445,6999999.999999995,7300975.422208308,6257653.524266953,6819120.704331869,7327749.703917606,8876324.59298982,11158572.509496061
臺北市北投區大度路三段３０１巷１４號三樓,25.1194199803841,121.465530032974,12499999.999999985,16900164.15296218,11946970.468147885,14809674.610389518,17243197.381055996,20203211.67807824,23127910.6264142
臺北市中山區松江路４０２巷７弄８號,25.06439199,121.532547,18500000.000000034,11546060.116332315,7085049.711719159,8507034.677249711,11722288.943819571,16135401.149723027,18741489.556877926
臺北市松山區民生東路四段１１２巷７弄１９號二樓,25.0567000010315,121.55522000117,26799999.99999998,24580274.346721955,16316197.664958697,23350313.766430732,26316542.654554825,29191413.113491707,33844516.49153216
臺北市松山區八德路四段２４５巷３２弄６號三樓,25.0497200130717,121.562760025991,27500000.000000015,24075437.342521936,15266316.754808497,20822184.306498893,26882594.47950012,30248242.92424695,32262321.146720465
臺北市中正區師大路２１０之１號八樓,25.0207700091511,121.523329960892,26999999.999999993,22050351.611823253,17368496.749647755,19629474.28968189,23742145.9099255,26200275.374804877,27852184.129188802
臺北市內湖區成功路五段４２０巷１１號七樓,25.0753100053758,121.607809989531,22999999.99999997,17453561.083894387,11058349.056729767,16643692.311823951,19339574.15299932,21982681.686633106,23796455.962472096
臺北市北投區石牌路二段３４８巷２１號三樓之１,25.1223100186895,121.524950015137,12000000.000000007,11880678.641297461,9194049.553384192,10746465.78140709,12018287.52337986,14639527.943878619,18088982.14839318
臺北市南港區成福路６１號四樓,25.0435700011643,121.587110041448,18800000.0,16231008.14808801,11637737.473966066,15502016.46142398,18144403.71143184,19880681.66005756,22864002.14000474
臺北市北投區中山路４７號八樓之１０,25.1388199791027,121.511790008057,2759999.999999999,5617906.562336933,3568425.113166246,3746818.767389047,5206122.709851872,6757666.662947394,8062369.897510609
臺北市中山區松江路１２４巷１３之１號三樓,25.0526199839323,121.531810016153,12474097.000000004,14355304.40868756,10237314.305077499,11675561.309229461,14595916.338211343,19188486.68707848,22394640.73681213
臺北市萬華區武昌街二段１２４之２號,25.04536628,121.5037647,11000000.000000013,14398812.173971629,9323331.081395445,11862452.832555309,14121954.74933752,16919406.09613513,21352247.343634117
臺北市內湖區陽光街９２巷１８弄５號,25.07579,121.58547,14880000.0,11116246.849312156,7740307.634736167,10076631.779968733,13640072.74157856,15173124.072643375,18936240.90513416
臺北市士林區大南路３８７號,25.0892299996173,121.515639983823,22509999.99999999,31416193.428505283,17849873.342393227,22049444.32829308,22581823.959708508,55611602.550129324,56377509.86109041
臺北市中山區農安街１４９號,25.064919,121.530918,15000000.00000001,23483850.858468838,15185112.472752422,20282794.347625755,23796329.126577694,29747466.87765098,33605579.05845967
臺北市大同區民生西路２２７號四樓之１,25.057170016252,121.515939972138,22549999.999999963,18375643.89025328,14525793.066719085,16487306.416256253,17022546.312356878,21064325.77044282,25671348.882609412
臺北市中正區寧波東街９巷８號六樓,25.0326799811016,121.519500017874,9299999.999999993,6367908.493138463,4038690.762338177,5586471.728927357,8151704.4030188285,8287664.099227518,8721584.215563973
臺北市內湖區康寧路三段１２號,25.07284698,121.606532,22607699.99999997,21040439.90699354,9535452.492693696,15681566.357669562,24023660.1275158,30468603.411781583,33697210.72133428
臺北市中山區中山北路二段７７巷２０號十一樓之１,25.0573400012485,121.524790004606,49785999.999999985,36338606.531819485,15861565.581816334,31863881.60915325,47819327.34244337,48901867.24654154,50196118.71583112
臺北市萬華區成都路１３９號十一樓,25.0434599886851,121.503420007184,23990000.000000026,28754931.778082497,19123161.089692406,24727004.797600828,28663244.275856793,31156451.39100463,36582324.43818664
臺北市文山區政大一街２１０巷４３號,24.98493599,121.585099,15000000.00000001,19660665.81568499,14095351.090179337,15860851.443067662,20000757.62154226,22510651.63630066,25523439.22257348
臺北市大安區信義路三段１５６號十三樓之３,25.0331800035356,121.54098996033,14800000.000000004,10956351.604316814,8264402.510901641,10121051.490551176,10146103.592277043,13226165.861736514,14462157.123581922
臺北市文山區福興路７８巷２０弄１５號三樓,25.0044700154124,121.551289978228,11900000.00000002,13939074.180445785,9495610.4777048,12201334.578291595,15006419.675517,16257608.265332676,19330586.474193856
臺北市士林區中山北路五段８１１巷３０弄４號一樓,25.1009999937848,121.524120039085,8720000.000000004,9320140.367857818,5353943.231623621,7852903.631204936,8900572.634399725,11477198.030996764,13387775.334006801
臺北市松山區富錦街３４６號,25.06040128,121.5574181,48000000.00000006,32207169.827494252,24228664.892930754,28381282.725817226,35417185.7436719,39948792.782674894,48816179.92813087
臺北市士林區天母東路８巷２３號四樓之１１,25.1171900169538,121.532110004468,15799999.999999998,15672598.249609975,10195323.993419379,13510570.241254024,15969955.923580676,18689657.14228496,21442567.773954608
臺北市松山區三民路１８０巷２８號五樓之６,25.0623900140926,121.564340014739,11280000.000000004,9119118.412958397,6185015.268678797,8438802.158175819,9482798.581017235,11377644.859529711,12938608.558327315
臺北市北投區杏林三路１３號,25.14111599,121.498287,9090000.000000015,14240795.320781,10490602.136208938,12607101.401471222,15236569.154421242,15973113.867790319,17122858.208534308
臺北市內湖區文德路６６巷１２弄１號四樓,25.0774199818622,121.581419986478,26879999.99999997,31241906.330349624,22176428.618906092,27970959.005927615,32784672.279817574,35984939.016309254,41756584.19229609
臺北市大安區忠孝東路三段２１２號十三樓之１,25.04143999,121.53988,32499999.999999955,27548234.007125862,19862590.047327846,27984918.649491936,31244936.298444457,35407818.6196154,38654505.55252482
臺北市信義區永吉路４４３巷１１弄７號,25.0467102,121.5787573,6500000.0,8167815.662895181,5040821.737704939,6185650.706789026,7052577.715546703,9411428.294173896,11646578.959429333
臺北市內湖區康寧路三段７０巷１７３號,25.06674102,121.60765,29879999.999999978,37416860.02000635,25684579.41785719,30028188.34809627,34036931.15127373,47138311.04856937,56955200.78150461
臺北市中山區新生北路二段３６號十樓之６,25.05448999,121.52726,15300000.000000017,11754120.428293016,8368637.008711926,10696250.249524074,13200291.468282038,14953182.906708967,16459409.551907286
臺北市信義區松德路１０１號十二樓,25.0379200116908,121.575839985896,53879999.99999996,47701785.26168465,34317861.50875832,43094767.517901,52010040.92724227,54741047.781045035,65287807.89182322
臺北市中山區林森北路５３８號四樓之７,25.0638700067363,121.52528998513,13850000.0,11998799.815089205,8048930.219729336,11674274.213732362,13327564.715814978,15494913.61694837,17459477.31747187
臺北市松山區延吉街４６巷７號四樓,25.0452400115529,121.553240028002,27500000.000000015,26134627.17326916,16996095.838126883,23545802.841414925,29136419.344166383,33627808.779026285,36119660.229675606
臺北市文山區萬芳路１０７巷８號十一樓,24.9969599978053,121.561949998868,41680000.00000004,52142495.313111775,42453278.76327793,43360644.995245576,49976875.5946751,59646142.56083352,68307722.20561771
臺北市松山區三民路１８０巷１６號,25.06227099,121.56371,38700000.0,36617169.70991024,20535864.083993617,36395021.78700357,40700807.47821487,42313498.691534996,43736020.93120505
臺北市大安區信義路三段１３４巷１６號二樓,25.0318699958883,121.53932003376,29879999.999999978,25571221.65822997,17136139.861864634,21786411.840577632,25228700.975174986,29845339.494411062,30858391.634897877
臺北市內湖區民權東路六段２０６巷７６弄３號,25.0651800143836,121.595479958502,53980000.0,39543243.01150993,26328917.499120884,37079702.95455153,47462027.41620925,54512171.94836511,61466605.028058045
臺北市萬華區柳州街２３號,25.03881302,121.505494,12499999.999999985,27979258.33101644,12523278.784599237,19719104.81558926,23872748.110374436,35159685.825088926,38458314.74878196
臺北市內湖區內湖路三段５９巷７弄７號,25.08590901,121.591765,9900000.000000013,8065880.905241594,5000566.548296272,7212677.805971538,9518451.756598135,10262570.16764463,12267896.980009276
臺北市北投區致遠一路二段１２巷５弄７號四樓,25.1115300111061,121.514780000558,17880000.00000003,18526299.137229618,14591384.973301286,17848359.02708878,19264025.741047554,22831407.355182853,24843201.4799774
臺北市中正區新生南路一段１５０巷８號四樓,25.0349599844939,121.531650005622,36800000.00000003,28731077.229856506,16413466.410778685,23688828.637530223,29877107.28937082,37685425.300982274,40522439.86860978
臺北市內湖區陽光街９２巷２５弄９號,25.07586698,121.584732,15000000.00000001,16713702.847125735,11325917.862641465,14826722.6103775,16959703.445177753,20516734.908974044,23616348.495887525
臺北市信義區林口街１８２號二樓之１,25.0408799969782,121.580899973205,30999999.999999978,30779466.256853815,23344689.14047379,26293291.460347444,31721743.731808316,36178420.04858278,38757842.82402087
臺北市松山區新東街２６巷１１號四樓,25.0587899866788,121.566579994544,17679999.999999974,15693404.635813065,10927818.800541382,13966124.279810611,16715363.364287734,18787096.711823083,21801720.511077985
臺北市內湖區陽光街２６５巷３２號五樓,25.073620004148,121.579849972194,19000000.000000015,20941039.33664242,14547600.956014376,19154021.06270107,20666972.67646924,24667161.042573817,28114952.444566447
臺北市北投區崗山路５巷１１號三樓,25.1400299906451,121.486410024337,14499999.99999999,21255344.84432862,14970875.442627825,19274222.904564627,21266121.841208614,25271393.66190134,27978636.900179364
臺北市信義區莊敬路４１０號,25.0271900021598,121.566070039555,41079999.999999955,15720530.868162712,8997650.821670452,12685008.515449809,15488209.825399293,20950338.361051667,27557890.66427897
臺北市內湖區康寧路三段９９巷６弄２號,25.07189899,121.610028,16149999.999999981,16184896.250636015,10877998.068618791,14095052.290957205,16425396.34725916,19887518.031953163,23444949.457393542
臺北市內湖區民權東路六段１５０之１號,25.06876839,121.5901577,9927499.999999989,11327156.731841112,8626011.459418012,9868765.324883342,10294367.27175639,13175926.305126054,15050319.568251468
臺北市內湖區行善路２３３號八樓,25.0603799918016,121.5829399608,68500000.0000001,55976110.000960924,47843084.78497117,56936529.035582066,62649237.00900941,67947177.1750435,88307991.30412942
臺北市中山區南京東路一段１３２巷１８號四樓之３,25.0510000135056,121.52693996277,18560000.000000022,19845404.77412223,12703886.168485247,17695706.329337034,20644141.398751117,25406912.025798716,27520055.186834976
臺北市松山區民生東路五段１５０號六樓之２,25.0585500127909,121.562379990501,55000000.000000075,39721018.93000501,28271660.655299127,34390453.07410645,43916086.74197479,52933800.44830343,60543625.08731697
臺北市內湖區港華街８５巷１號四樓,25.0833500107207,121.574459989357,17999999.999999985,16432824.456080224,11576927.891984293,14665362.399386793,17347704.67417058,19716709.81493574,22232378.899845287
臺北市北投區中央北路一段４６號十一樓,25.13413001,121.50066,42000000.00000003,53037498.30310367,38781859.76103282,42127915.596559204,49001467.91711067,63176709.50612535,68656801.84280084
臺北市內湖區文湖街２１巷１０８號四樓,25.0908200047402,121.559729967993,16500000.000000013,18281503.794146206,13634169.812852839,16425989.520210205,17832650.577640355,22565298.177195802,27158448.27235635
臺北市內湖區康樂街２０巷１４弄７號四樓,25.0684399879856,121.617069980883,14800000.000000004,16900164.15296218,11816764.606010243,14887692.379740318,17408383.071039908,20644208.651983436,23596024.860434294
臺北市信義區景雲街５號三樓,25.0198500114585,121.574150026578,48000000.00000006,66372992.86155172,47128995.42701351,64292036.397022374,71301280.01684406,76338886.83363545,94320182.65977728
臺北市大安區延吉街１３１巷７號四樓,25.04273998,121.55468,26259999.999999978,21956129.7647317,13940833.101839084,18835844.596614443,23142758.25391824,28349556.263757695,32070052.26994514
臺北市內湖區成功路四段１６６號,25.0830486,121.5933015,8400000.000000006,9221782.696054874,6788084.101000661,7851654.571004475,9162181.268798215,10881189.88091086,12511427.4291623
臺北市中山區新生北路二段６８巷８號,25.05669011,121.5266692,27880000.000000045,26575424.257339902,18389457.15224346,22546108.946388416,27782369.812963285,28785918.654220473,32839669.799117047
臺北市內湖區民權東路六段２９６巷９５號五樓,25.07043999,121.60834,16999999.999999974,18029068.909027126,13163843.502642553,16190549.943393629,16977850.249364257,20615919.518598005,24262135.519980498
臺北市中山區復興北路２１４號,25.05642202,121.54358,24200000.0,20956891.447378226,12796720.659514202,17997922.15075746,22874415.72974737,26662082.438502043,28217376.483106826
臺北市內湖區內湖路三段３２６巷５弄５號,25.0899736,121.5842087,14010000.000000004,15886912.979296977,11084815.150159748,13522038.480860835,16843107.66253483,19294378.066080477,23494531.738496695
臺北市文山區辛亥路四段７７巷６４號,25.00768892,121.5609511,16600000.000000017,16110129.446224581,12255656.10501641,15218929.740425041,17201873.485267155,20858069.48624434,23062766.57925553
臺北市北投區復興四路２８號,25.142491,121.500743,12450000.0,16514051.739069209,10709910.851459978,12135821.53780286,15404639.983720163,21565922.977218203,25947355.409959394
臺北市中山區民權東路二段９號五樓之４,25.0627000187816,121.532309996678,17229999.999999974,13357064.13973174,8915452.703698779,12334684.608204167,13384269.244584236,16314124.077255236,20652779.702410262
臺北市士林區至善路二段１８６號十樓,25.0996500044594,121.54980001112,71000000.00000009,77123187.196323,41415603.2843356,70416207.11898652,73040088.84892169,101084422.8367719,166342921.3246308
臺北市中山區中山北路一段５３巷２０號三樓之１１,25.0489200023231,121.522880020329,6680000.000000006,10020548.396328446,6262335.726379644,8459735.977609554,10249642.572941802,12573894.54514416,14967483.041275047
臺北市北投區行義路１７０巷２７弄３號三樓,25.13162001,121.52953,41379999.999999955,40603504.88282053,28590288.796072137,35900279.30771465,40634647.15602283,49266894.67823494,55993396.880432256
臺北市士林區中山北路七段５４之３號七樓,25.1205900102484,121.531450013412,10499999.999999994,27876381.196928546,20225931.64569322,23843798.993941434,30004899.73863336,32708640.50286025,38010707.07234599
臺北市大同區長安西路１１７號七樓,25.0512600201421,121.51580996882,12200000.000000019,10731451.449182406,7630960.686316198,10119638.518058492,11799506.373641383,13049610.031484421,15653334.942745076
臺北市中正區忠孝西路一段５０號,25.04622799,121.515827,15799999.999999998,11853021.72169929,8214238.470707239,11498526.274563462,13491745.093224023,14693518.606812507,18082472.021908924
臺北市文山區光輝路９之１號,24.98633698,121.555033,12979999.999999985,16171408.710844388,10206342.880739346,12966013.130357463,15687663.59195659,18303456.204336092,21457940.44497353
臺北市中山區中山北路二段１１６巷１２號,25.06091702,121.521396,18590000.000000015,13489384.740385799,8155854.499834606,11490499.37533962,16239740.446533753,16420305.112323124,17968806.812212806
臺北市內湖區安泰街１２９巷５號三樓,25.07771,121.61708,12000000.000000007,15141284.448036067,10054503.081631675,11424488.277750941,13094807.980345909,17305694.83550967,20609214.972097877
臺北市士林區士東路４６巷２９號,25.110715,121.527883,18500000.000000034,16878306.627550773,10692177.029913526,15832009.722279483,17783410.173771717,20487626.88636643,24266129.069301274
臺北市中山區中山北路二段６２巷８號,25.05664699,121.522076,15000000.00000001,13477338.196446203,9798592.549699986,12503914.520139337,13480752.229376357,14886829.36619421,18697134.260204628
臺北市中山區合江街１０５巷２１號四樓,25.0599000021163,121.5401200026,8139999.999999994,9601329.342355674,5486407.66387479,7572855.11700719,10263559.044548102,11183689.162433747,14134299.470482463
臺北市士林區克強路１０巷９弄７號五樓,25.1094000018711,121.523909988591,15560000.000000004,17838411.58742819,13205927.954573138,16829704.091339372,18641605.988061704,22187005.01895662,26572907.606406916
臺北市士林區中山北路六段２巷４１弄３號四樓,25.10372998,121.52767,20679999.999999978,16067084.08713121,11166111.900354423,15023899.27509887,16891969.580440283,18948940.436406486,22836602.59120988
臺北市中山區松江路１０８巷７號五樓,25.05149999403,121.532059964506,24999999.999999963,46615152.21308921,28108153.207571473,38947758.10380117,47094331.1473284,54108796.81673284,54487344.147356614
臺北市士林區中社路一段１１巷８０號四樓,25.1099700131966,121.562509993819,9549999.999999983,11425093.607870605,8215980.413925987,9661986.626900338,10852191.365245115,13907130.94069475,16035499.008919338
臺北市內湖區安泰街１１４巷３０號,25.077531,121.616093,35609999.99999998,63062982.92518345,48684845.06101929,64497703.078854375,67050985.35961796,71901661.91666391,86737950.68741566
臺北市中山區民生西路３巷２之２號四樓之３,25.0580600067312,121.521690041535,9500000.000000015,8305136.802409232,6518877.903119114,7472036.191905308,8697949.520687588,9507460.422495037,11008684.891552957
臺北市大同區民族西路３３８號六樓之６,25.068589982143,121.509439973864,21799999.99999997,23744435.49618292,19201513.44608236,22390236.60751603,25481705.862754855,26638713.03264186,31131817.549770672
臺北市松山區民生東路五段１２２號七樓,25.0585700036299,121.561109964531,16500000.000000013,11249336.693145664,7501717.67774482,10837197.308137426,11636586.427973129,13462176.145924192,17555929.242338087
臺北市北投區行義路５巷４號二樓,25.1245899801723,121.525640013407,26079999.999999966,31618821.568165455,22810599.629550874,28561529.876998495,33069861.40708182,37528391.08674028,44434845.74551644
臺北市文山區辛亥路四段７７巷２５號十一樓,25.0077400053887,121.560030040126,24000000.0,28130077.762871597,20791958.26246684,23857029.449867476,27236792.232707985,31675157.086451832,39341654.229251996
臺北市文山區羅斯福路六段２８５號十樓之６,24.9945900146824,121.541620027992,23599999.999999993,24921090.41312588,18618315.123807438,21304850.16903207,24894760.12981361,28952572.249413714,30350766.719703622
臺北市士林區中山北路六段１９５巷６號五樓之２,25.1079700072799,121.524480041826,48889999.999999925,35353900.95072493,25705781.076893456,29290003.245729756,35941342.80949227,44619569.37664587,50259288.309729874
臺北市信義區松德路１０６號八樓,25.0377299939458,121.574970028165,68159999.99999997,46962348.64028038,31854740.6161821,45696043.63520753,54457326.33901287,54715083.66405402,65940848.399671316
臺北市文山區秀明路二段５號,24.99203898,121.574446,44999999.999999985,57632751.878259,44281785.09614114,48420497.39412604,59823067.20518997,67149274.5734926,71284297.91494723
臺北市北投區珠海路１１６之１號二樓,25.1420199801875,121.506170025797,16849999.999999974,28961280.712696332,18072781.46604309,22661692.262140483,30300603.264534783,36403324.51142651,41022510.82897784
臺北市士林區承德路四段６巷６號五樓,25.080050013531,121.519389963485,17880000.00000003,14379125.994251644,10547241.856879609,13528194.292513225,15192332.24834524,17422400.76490465,18306624.688585557
臺北市內湖區成功路四段４６號,25.08215898,121.592017,27999999.99999999,31335875.63369001,22748057.24481182,28708826.537232928,31485490.729378138,38027507.009513676,44004917.0418137
臺北市中正區寧波東街１１號四樓之３,25.0329099805248,121.52006998729,16500000.000000013,9318744.434292432,6962055.758195907,8204367.844173507,10132841.4945488,11175395.70446549,13238325.12683544
臺北市文山區興隆路二段２０３巷１２６號八樓,25.0030199880726,121.54757000578,21200000.000000004,26019700.02708518,18432347.40012782,21190996.746650826,23694125.02871022,28787891.33562838,30658363.31527716
臺北市萬華區大理街３０號四樓之２,25.0345700164487,121.501629967942,16999999.999999974,18938874.81753159,12468864.415942317,17128731.555795245,20047706.680336487,23643752.497424677,26266535.052001115
臺北市大同區哈密街６３巷１０號,25.073972,121.51518,8139999.999999994,6749382.741325645,4480303.5772525035,5681583.806311478,7158174.683564723,8377041.637991243,11474625.509451423
臺北市北投區立農街二段２０２巷９弄３號二樓,25.117750011905,121.514169965644,17649999.999999978,14376074.688784506,9082986.813881673,12577353.584654387,15772396.88263698,17854374.79149732,19871845.963090193
臺北市內湖區民權東路六段１７５號二樓之３,25.0681799813491,121.596689970045,20999999.99999998,18296636.54462418,13815904.16361934,16476961.77138431,17956063.428058155,19501140.85734061,21100907.969118252
臺北市文山區辛亥路四段２１巷１４號十二樓之１,25.0086600030813,121.558950031902,8000000.000000002,9425572.609970862,6605069.138667841,7819395.896460291,9323596.68431605,11602076.98946914,12561965.148825586
臺北市內湖區大湖山莊街２１９巷３１弄１０號三樓,25.0886700046662,121.599019971489,15000000.00000001,17425214.74660697,12803480.164811898,14639851.942345796,18355168.971070066,20968649.803180527,23947471.23112411
臺北市士林區社子街１３６號,25.0883599999772,121.505009970397,9850000.000000017,11800299.996285591,6744407.67376589,9405212.291416742,11285682.947267815,15996415.99017301,21724252.92338204
臺北市大同區延平北路四段２８２巷４８號,25.07705902,121.510317,12799999.999999978,12903812.19711037,8770896.08110861,10850248.583200822,12878262.385074235,16374846.67600717,19331402.076279342
臺北市南港區玉成街２０１巷８弄１０號四樓,25.0443900027519,121.585879997157,15000000.00000001,15773302.138519052,9370042.287552813,14570704.081206378,15269113.17076517,18838059.2091195,21532404.90110437
臺北市中山區建國北路三段１３５號六樓,25.06707998,121.5351,17999999.999999985,26182565.3626353,17676839.42610512,21381076.651321713,25832529.35294712,32312501.94636996,34185370.6522326
臺北市中山區長春路２２０號,25.054564,121.537762,9130000.000000007,7390548.332982231,5577876.933586914,6606884.259387059,7089079.190122679,7858481.418708497,8825903.191666739
臺北市信義區吳興街４３２巷１２６之３號二樓,25.0227299914801,121.567699984446,20500000.000000022,16540809.541279105,12527154.7798737,14985285.207696214,17925565.670079272,20329547.896996327,22299120.140171036
臺北市內湖區民權東路六段１８０巷８８號三樓,25.06576,121.59245,39999999.999999985,37691368.568579614,25973009.562663518,32317788.956872713,38671228.68353245,47225011.252823874,54055525.64296151
臺北市北投區公路２９２巷１５號,25.13289,121.50253,26199999.999999996,22066835.06005679,15115392.456377935,21628864.16199649,27074271.27830468,28226883.12176643,33590450.9741495
臺北市中山區農安街１９號五樓之６,25.065020003852,121.524069999123,13499999.999999993,9597135.314968975,6920262.646397044,8939379.696215577,11146501.087177908,12890536.691296026,14104321.990136005
臺北市北投區磺港路１０２號,25.13065802,121.503584,21449999.999999966,33859155.74118363,17176187.1063127,26231501.904840045,37196686.26888995,44253472.52190876,48237146.67480108
臺北市內湖區內湖路二段１０３巷３８號,25.08175799,121.581052,26099999.999999974,26452263.612887084,16569277.072684148,23186470.837795272,27232935.818814788,31704142.017368566,35305745.34109587
臺北市中山區民族東路５１２巷５號,25.06757799,121.542173,4599999.999999998,5569685.86842907,2793257.7648623865,4620587.913121825,6298596.362418504,7422149.728588067,9400555.392658923
臺北市信義區松平路７１號,25.0306099862934,121.565810032918,52880000.00000001,30239516.4471618,22977367.554823205,25467282.384237386,29601391.355833035,31142970.833729513,46071032.4637996
臺北市文山區忠順街二段５６號四樓,24.9847399792563,121.564370021952,12000000.000000007,12744303.777892658,8242257.723488227,10093586.281519147,12221814.44187117,15201318.21050243,19095082.56749494
臺北市松山區八德路四段２４５巷３２弄５５號二樓,25.0497799855889,121.563060014305,20999999.99999998,18628585.02932576,12636395.81308256,16975177.111487374,21456609.22918551,24772597.91189959,25601319.63709959
臺北市中山區撫順街３１號,25.06356499,121.520073,12450000.0,11802038.561406242,7528616.054325077,8827233.19335379,11707688.140047088,13623240.500344157,17002448.721287336
臺北市中正區汀州路三段１６０巷４之１號,25.01339402,121.534236,12499999.999999985,12199738.524010452,9328711.462809093,11396210.76204372,13997245.157359391,14637708.61149159,16634487.054038059
臺北市中正區南昌路二段８９號三樓之１,25.0270799896806,121.520929970555,20830000.000000037,16701280.206154877,12184563.951387316,14059378.955856415,17131214.855800748,17894185.36249198,31770558.393635973
臺北市內湖區民權東路六段１７５號四樓之１,25.0681799813491,121.596689970045,22000000.000000007,19103150.198391467,14574068.894401696,17550696.377520274,21358307.8471953,22774121.1882727,24833095.47477324
臺北市南港區忠孝東路六段７０巷２１弄２６號,25.046187,121.585361,22549999.999999963,20658501.23965132,12925025.797618503,15816148.071987785,19326299.34000653,23470591.05057963,25921349.460708175
臺北市北投區崗山路８巷５號,25.14051099,121.486872,24500000.000000007,31889554.350721657,22406553.39998377,27567155.835712373,32693307.85020102,39126207.56341416,45656589.705054596
臺北市內湖區麗山街３４８巷１２號四樓,25.0820700102868,121.573690027731,18099999.999999978,18498498.045354836,12926484.157220239,16223896.928149667,19017852.89420667,21424215.60765176,27254142.061347682
臺北市萬華區環河南路二段１４８巷１２號三樓,25.03618999,121.49448,11800000.000000015,14347642.197567977,9136055.333704872,12603163.116606887,15447087.310518552,17627975.54827372,18971831.833484154
臺北市大安區延吉街１３１巷８號七樓,25.0425699982059,121.554739969575,26699999.99999996,21519651.88802836,15331683.144005228,18846300.941829454,22677103.57554751,26560431.333755597,28904747.06171268
臺北市內湖區內湖路一段３８７巷３弄６號,25.082363,121.570736,43200000.000000045,38922968.218515486,28797546.34704334,34739019.79800379,42386108.11737484,47181657.534709305,52704284.515474126
臺北市文山區木新路三段２４３巷４弄１６號二樓,24.9804399791083,121.558109997566,2810000.000000001,10434680.00746372,6896390.676725782,8833566.688031405,11906223.51435922,14291398.821587352,16017192.936155118
臺北市北投區公館路１４５巷２弄１２號,25.129534,121.506051,9999999.999999996,15524789.119046705,9821349.671401916,11593903.581945185,14580779.428022273,19341047.407477017,23840119.988019064
臺北市士林區重慶北路四段２２２號七樓之５,25.0861100037983,121.511390023637,18679999.999999978,22449006.088967048,19206287.542717423,19867339.66548467,21934278.536747914,25504698.470830627,28700282.37604244
臺北市中山區南京東路二段１０８號十四樓之２０,25.0517999823446,121.53207002279,14880000.0,13233815.21096731,9555459.682311237,10113726.130333977,11834048.395117657,14443037.053543355,15558320.909828952
臺北市信義區永吉路３５４號十三樓之５,25.0450199865946,121.576610031341,33999999.99999994,31948070.4125086,22830627.617818613,31039062.704123557,35462259.11897785,38425629.92972295,43267593.44242862
臺北市中山區天祥路１６巷１５號,25.06133498,121.520499,8435000.000000002,8241686.765651522,6872593.360178164,7479949.866170841,8446026.410387186,9459840.812462075,11954217.123084625
臺北市北投區尊賢街２３９巷８號,25.11618599,121.50734,17499999.999999985,16264063.933977585,10446893.867735678,14997800.690605855,17800878.760311794,20281554.213129368,22035238.411974937
臺北市文山區指南路三段５７之２號,24.9834500043576,121.580079971617,8199999.999999994,10546687.450426375,8058250.4630232295,8153861.414716203,8521815.773799362,14200657.243777212,17261489.597720783
臺北市北投區中山北路七段２１９巷３弄１４７號六樓,25.1283200109044,121.530439994079,14349999.99999998,22125362.454549138,14376360.260837356,18327161.95273283,22481185.825832024,26324288.709708266,27964800.386880815
臺北市信義區吳興街５８３巷１３弄１５號,25.02259492,121.5702127,8899999.999999996,6764688.492434389,4390110.240133687,5374883.335241167,6845316.945348228,8419911.873267228,10823124.92400603
臺北市萬華區康定路１０３號十五樓之１２,25.03948001,121.50202,15000000.00000001,19851900.16119021,14585157.021496091,14967876.140170418,16948008.514018476,22568228.91888498,26291767.42190865
臺北市士林區華齡街１８５巷１號,25.08747998,121.51941,22300000.000000007,21249370.74537539,14682149.103331747,18255426.121321604,23490234.88629991,26662208.621759664,28688224.150263995
臺北市信義區忠孝東路五段４２３巷５弄３０號,25.04188901,121.574289,25500000.000000026,31824202.236262538,23508258.855517834,26155248.38473101,29043464.62208584,34711161.3224167,47363722.56349315
臺北市中山區明水路３９７巷１９弄１０號,25.078473,121.548238,38500000.00000002,25135948.761556476,17685082.695251625,20690866.094152484,25767893.132106826,29213814.82367132,32276028.234300334
臺北市大安區金山南路二段１８５巷３號,25.028477,121.52668,35000000.000000015,20897214.285714217,14629106.476844767,18947687.147460885,27505839.97702454,30026545.988893077,33912460.77000517
臺北市內湖區民權東路六段１８０巷４２弄１３號,25.067587,121.592109,19749999.999999993,19442703.103598297,15069151.609207392,17389059.643965878,21384417.19557606,22979345.65871428,25909685.663140077
臺北市士林區芝玉路一段２１０之３號四樓,25.1084199897519,121.533510033755,16879999.999999985,16197056.823567867,11092322.123984735,14523371.87216461,16887512.05298211,18683353.34495928,21706301.80454581
臺北市中正區中華路二段４６７巷１４弄１７號四樓,25.0251099909773,121.512069963623,9500000.000000015,11477159.360411093,7819534.2338137375,10353313.685380545,11466964.247993087,14499308.456159767,17070839.05421917
臺北市中山區雙城街１９巷８號,25.065328,121.524851,16799999.999999978,16417926.026248133,12281983.18927275,13491279.965087175,16203769.253081368,18898472.150883388,24674592.89552356
臺北市內湖區陽光街１６１巷１弄５號,25.0748000084771,121.585489987203,13600000.00000001,13857766.2845581,9215512.551176252,11698937.398190357,16437612.534333207,18360473.713716194,20437247.935967524
臺北市大安區忠孝東路四段２０５巷７弄８號十一樓,25.04194999,121.55246,51680000.000000075,36915290.96606974,21595835.15003499,30174331.592378374,45179728.19635369,48000493.91632164,51770514.06373343
臺北市松山區南京東路五段２９１巷１９弄３１號五樓,25.0524999969883,121.567279967278,22999999.99999997,22067809.51697777,14206921.285767,19444408.948857404,23109473.9214913,27746239.138986576,30098339.95290278
臺北市信義區忠孝東路五段７４３巷２１弄１５號,25.04375,121.58043,22000000.000000007,14907837.899626672,8669142.187299864,11787326.752537293,16181216.528344369,19279551.268479936,23184011.03320692
臺北市大同區民權西路１６０巷２６弄１號七樓,25.0615778708301,121.51570877816,36409999.999999955,44723299.42828101,33296101.354647435,37854857.21642724,52396139.58112203,57791996.2293771,64028211.54717019
臺北市內湖區星雲街７２號三樓,25.07887001,121.59261,16679999.999999998,15149305.244952613,10508304.243272673,12350022.432284432,15041547.391270362,17692413.809538938,21625347.02790983
臺北市北投區泉源路３６之２２號十一樓之３,25.1402700064426,121.506519970254,6500000.0,12713034.972412594,7539178.39164189,10662521.48206435,12246060.876689535,15882614.3646576,20012997.918825228
臺北市北投區東華街一段４３２號,25.1115199947318,121.518060006908,19299999.999999985,6984042.445140457,4010064.189817964,6756092.064569908,10268474.652558576,11163739.609509895,14735332.417752974
臺北市北投區溫泉路３７巷２６號五樓之１０,25.1370681935645,121.51122164784,8099999.999999998,9753738.217436213,7275638.322592653,8206514.870367173,11145952.923804384,12786058.762274634,14412627.09667258
臺北市內湖區內湖路二段４２８號十五樓,25.0865100091726,121.591679980788,30640000.000000052,26991627.87743797,21366020.078573793,21639255.703998342,25516935.224018566,31208630.969889257,32775845.51856456
臺北市內湖區民權東路六段１４６號十一樓之２,25.0688199815661,121.589589995141,10579999.999999996,12546096.150712742,9563768.633669984,9974744.100339038,11112818.582368013,14632459.963601513,17378836.708671473
臺北市內湖區內湖路一段６５９號,25.08025738,121.5753352,31150205.999999966,31889419.474832688,18916983.889808975,26046074.85191131,32627635.266654737,35468627.07733568,43359984.97252542
臺北市大安區忠孝東路三段２１４號十三樓之１,25.0414399919293,121.539999973746,31500000.00000002,28437302.966930866,20865481.8431122,31568664.715065874,33158183.35501438,35407818.6196154,39018037.58865689
臺北市北投區行義路１８６巷３８號六樓,25.1328800176889,121.529889973593,19299999.999999985,27332548.188663904,17937565.423833195,20530056.431339435,27737871.802331246,31800330.51413326,35468045.16046058
臺北市士林區菁山路５３之２號,25.13963001,121.54964,37680000.00000006,51071949.48333652,37614929.60529948,39428141.73431853,55652062.40939781,62216629.72570378,69453940.146318
臺北市萬華區環河南路二段２３號二十三樓,25.0335099990636,121.492490005443,21250000.000000034,21521691.46033204,19362619.678982105,20470385.66023556,20647639.617083825,21902760.733648464,34460146.14459651
臺北市大同區敦煌路８８巷１０號,25.07559109,121.5168612,22079999.999999966,19266183.424530562,14138465.176743222,17838938.526954927,22222491.55275423,23889420.106396787,27836335.383098364
臺北市中山區民生東路三段８８巷４號,25.05747918,121.542567,28999999.999999948,22830102.948424604,14231903.434629062,18393396.33436828,25302704.231144857,29946448.284721438,30972635.63304407
臺北市大安區忠孝東路三段２４８巷１３弄１２號三樓,25.0405699922892,121.542099975768,27500000.000000015,15578285.046695936,10504712.081941165,13379751.640272643,16556976.945299575,19036899.776936084,23068713.705241438
臺北市信義區虎林街１５３號三樓,25.03941002,121.57677,20999999.99999998,21888137.8533225,15070555.992340073,20739640.96262408,21560492.265195437,24444513.82532609,30155677.45342862
臺北市內湖區民權東路六段１４６號四樓之１６,25.0688100071013,121.589750005673,9600000.0,12215191.495790845,9611626.253727362,9966980.575264396,11860773.832860677,14531181.173816625,16630094.129062628
臺北市文山區木新路三段７４巷１５號,24.983514,121.562995,14499999.99999999,16085268.157155022,10217825.140979432,13108917.67008279,16487071.104295803,19814875.396934107,23740550.400774635
臺北市內湖區文德路２２巷２７弄４號三樓,25.07659001,121.58,15000000.00000001,16067084.08713121,10765531.657227855,14683369.066752376,17505964.56018512,18912765.12299342,22480035.019243527
臺北市文山區景華街１２８巷２弄７之１號,24.99493581,121.5472597,17600000.000000015,18333965.084832005,13516778.4401766,15850915.726029782,20459048.02582832,22652929.90221838,25682481.12636176
臺北市信義區莊敬路４７８號,25.02648102,121.568168,25500000.000000026,25621417.760101333,16025071.15895042,23590051.18488059,26726532.096782655,31407125.959956087,34216059.606298566
臺北市內湖區成功路四段６１巷５５號十四樓,25.0798299885727,121.593980016929,67999999.99999996,60086197.18116362,52353559.674228296,57229110.0647288,63369384.725599736,72428974.12609613,87727400.06183922
臺北市文山區和平東路四段２９５巷７號七樓,25.001249981579,121.573089967283,28500000.000000034,34807890.20092488,25900591.96845193,30742275.202764783,35768934.144528195,42911692.73355515,48300442.38228905
臺北市內湖區文德路２２０巷４９號,25.07739521,121.5883324,11299999.99999999,13531835.050828377,8160738.788764751,11337378.40481719,14850763.1797284,18374868.74212853,20933937.855426945
臺北市內湖區內湖路三段１１５巷１弄２號二樓,25.0860600057459,121.590949958931,6599999.999999998,5885180.71890038,3148609.1895772005,4285814.778527422,5666737.832568785,6870951.07861232,9133374.685637683
臺北市大安區仁愛路四段３４５巷４弄９號五樓,25.0390400015931,121.553429961928,35000000.000000015,30876906.056702923,18678025.587586656,28388745.753921535,32476302.796540625,35138379.6322403,38452799.14746345
臺北市大安區金山南路二段１３８號十七樓之３,25.02950999,121.52625,3499999.9999999995,8389559.29729696,4350283.782119271,6629105.979945302,9162082.89611223,13600731.476191172,15960776.58537683
臺北市中山區南京東路一段１０８號十三樓,25.0518700131457,121.526420033316,189170000.00000012,249885121.85897654,52921864.220936544,135932114.5299716,188590691.89845565,272193023.75057936,315476622.526759
臺北市文山區興隆路二段２２０巷５５弄８號,24.99907199,121.551608,15249999.999999983,17733992.82817825,11286404.619910415,16615183.615032561,18641819.843915977,21963150.725153573,26018222.096647505
臺北市松山區民族東路６６６號,25.06481599,121.546338,16879999.999999985,16612687.453549635,9987454.236693589,14416715.92087614,17889360.945029512,22206659.777835596,24440014.634088036
臺北市內湖區文德路２７５號三樓之３,25.0793499988873,121.589109963546,13499999.999999993,13535978.740815539,10152572.765616542,13413395.664684532,14873924.926190011,15831628.953660859,17979132.95082553
臺北市中山區林森北路１２１號十五樓之１,25.05079998,121.5253,7380000.000000002,7674309.981322922,6114298.124888741,7070448.045789398,7220664.386858738,10974984.534432447,13051897.40601007
臺北市萬華區峨眉街６２號八樓,25.043960011119,121.504700007618,9850000.000000017,11182147.004973533,7540125.3076391015,9974285.702163903,10589011.494837785,13971298.643753067,18487585.51554284
臺北市信義區忠孝東路五段４６９號十二樓之９,25.04097002,121.5771,57800000.000000075,49123124.40308387,36710479.85115493,38349456.41172004,53108437.6509405,62118402.86180798,64296588.31210022
臺北市萬華區寶興街１７７號二樓,25.023230013914,121.495660041224,10599999.999999996,8937180.632500896,5611727.058672446,7866871.2818195075,10047056.463816477,12340708.724950183,14521737.826843493
臺北市南港區昆陽街１７１巷４弄９號二樓之１４,25.04696999,121.59393,6099999.999999996,5239972.0408928245,3922051.7372505064,4574601.558739203,5251194.554676594,7426261.485349685,10842639.83482012
臺北市士林區倫等街４８巷１３號三樓,25.0928400014959,121.502409987851,11299999.99999999,14174327.297157519,10167239.57051724,12089233.828121666,14406543.488515234,15166561.989514012,16649414.50977135
臺北市內湖區內湖路二段１０３巷７６號一樓,25.08319,121.58092,25999999.999999985,17328392.886415683,10503575.405508885,16223948.82913356,22766015.945994318,24267768.97837559,29408094.073874503
臺北市大安區四維路１７０巷３６號八樓之３,25.0281900051181,121.546339961489,23500000.00000002,14721955.865119394,10418501.140041718,12557257.493976738,14325758.68031455,17114139.496992506,20653858.430444293
臺北市松山區八德路三段１５８巷２０弄１７號四樓,25.0471900194172,121.554780035072,27099999.999999978,22116058.446819425,14327070.644790292,20796706.085642166,22718145.141437605,26858877.672921672,30176409.54118586
臺北市大同區寧夏路１１號十一樓之６,25.0599899818469,121.514740018879,10680000.000000015,11098507.47530668,7778202.672012431,9092462.278899701,11284047.639108086,12638827.541264227,14542675.80034375
臺北市文山區萬壽路７５巷１６弄１號四樓,24.9853799794733,121.58853999413,12499999.999999985,19260233.345084522,12831225.825119957,12898336.803218778,18531682.169552688,22599719.806976125,26142829.08086638
臺北市中正區衡陽路２６號,25.04218699,121.512827,19000000.000000015,14943764.242362095,11532827.192012494,13003566.877350915,14822615.109585099,16555420.451642608,19010073.95010768
臺北市北投區大同街２０３之２號,25.1376900147357,121.499110032571,27999999.99999999,28803495.70485658,17452663.802460704,27462292.426531117,32075792.508142058,38848098.171180055,39565506.801264636
臺北市北投區中山北路七段２１９巷３弄３９號六樓,25.1270900085229,121.530639986289,17980000.000000007,22280434.30455134,15808842.576650068,18710458.313662104,22445018.706643894,27214014.691332813,30827250.34265308
臺北市大安區永康街４７巷１３號四樓,25.0301900110348,121.530089965803,25999999.999999985,18297226.72500229,13728868.507653452,18283663.328916233,20073585.31950891,22584629.45072046,27158448.27235635
臺北市信義區永吉路２１８號,25.04537701,121.573164,68999999.99999994,61072040.537563406,44992201.1159918,52602430.347676516,61418351.494391166,71383943.09232128,74041213.44375542
臺北市中山區新生北路一段１１０號,25.05021572,121.5279281,7800000.000000004,8549834.839610474,5795585.973638301,7107640.697103901,7814785.4252482,9949054.626763314,11641232.417322787
臺北市內湖區大湖山莊街２２４號,25.08849,121.598544,8000000.000000002,8752794.3722999,6879909.09577058,7820015.884828078,8295188.44089809,9912527.947245948,11655109.189031338
臺北市北投區文化三路７１號五樓,25.13981998,121.49828,16000000.000000026,22243483.356221773,14324389.63389907,16014997.697309533,21781952.032213345,29576842.5055485,31930020.97816579
臺北市士林區德行東路７４巷１５弄２號三樓,25.10649001,121.52748,4970000.000000002,3808599.186180779,1988466.1742999963,3044141.8933207565,4937928.519945683,6053904.5076654665,7961354.357372499
臺北市中正區延平南路７０號九樓之７,25.0448800088115,121.510319989878,4700000.000000004,5146591.249253938,3878187.165328479,4668518.997087,4705869.634192947,5766461.940153964,7154247.51970727
臺北市內湖區江南街７１巷１６弄２０號,25.075889991166,121.577519970749,27700000.00000005,24510299.141918216,16834758.711721428,19899346.849758044,27706935.68562094,32136743.467093445,37190344.530703984
臺北市松山區延壽街３３０巷１６弄５號五樓之１,25.05612002,121.55987,53700000.000000045,39863585.00744949,28349707.595925733,36684394.86997121,45636545.480978504,53068164.67804443,55196535.90072063
臺北市南港區研究院路二段１３４巷１０號三樓,25.0388600002224,121.616560025893,11860000.00000001,15079432.878591185,10367294.125981243,12530530.948127344,15009933.943388212,18113343.935160562,20519321.0101902
臺北市中正區水源路４５號十二樓,25.019240018455,121.523519978637,33299999.999999966,36230137.33394137,28271625.709013917,29231292.682483517,33607764.64963779,42792556.48014722,47492350.94972528
臺北市中正區延平南路２１６巷３號六樓,25.0343999895427,121.50717996131,23200000.000000037,30266613.739536516,19747211.849835977,28466040.770159353,31881113.769632608,33848897.74195703,36755995.54146211
臺北市松山區民生東路五段６９巷１號,25.05903901,121.558131,13499999.999999993,8605186.495526157,6526052.743184231,8550608.01346052,10397909.870991638,12399520.82679477,14936237.138866516
臺北市北投區光明路４７號十樓,25.1328399941012,121.49972995813,20080000.00000003,23666883.99745106,17324648.667298865,19222715.79754476,22163770.902198553,27184232.986674342,29058284.94180023
臺北市松山區南京東路五段６６巷１２弄１２號六樓,25.05051001,121.5601,20000000.000000015,19025513.094569996,11898148.410511062,14563025.125074109,18046685.46780663,22387097.879804276,25825280.506651267
臺北市北投區中央北路四段５４１巷１５號十三樓,25.1274899929424,121.468120041056,30839999.99999998,38797125.49365619,27321610.13250453,30682373.249699228,40090711.12078385,49286492.5036191,50115943.88259049
臺北市中山區松江路８號,25.04645698,121.532689,7150000.000000002,8430179.373180958,6196965.006858073,7610494.6865117485,7785092.6700341515,8759277.418520913,11740636.422793772
臺北市萬華區青年路３０巷６號十樓之３,25.026020014205,121.504230034307,19000000.000000015,23487979.702416353,16502680.595248288,18891241.976306155,23870460.785518274,29806681.904781498,30959605.438579276
臺北市中山區龍江路３９７巷９號四樓,25.0656600040689,121.541630002457,26999999.999999993,22650544.872888748,14918481.243250038,20502475.80848797,24549284.428338245,29696927.177846417,30780032.410632253
臺北市文山區富山路２０號五樓之１,24.9896799796213,121.553440020212,36000000.000000045,39334286.06753276,28265725.0675373,33457063.239796713,42932864.255228184,50236999.317336015,55462997.97428182
臺北市文山區樟新街１５巷１１號三樓,24.9793699872584,121.55571000723,15349999.999999974,15115073.763898754,11725108.207923613,14929899.074554106,15791083.609749433,18175922.220512275,19883867.308326833
臺北市大同區南京西路３４４巷３５號九樓之６,25.052870016104,121.512259981368,5850000.000000002,6309063.450829387,4952942.713569269,5877799.906784568,5885509.683703257,7508200.842188918,8393809.50732729
臺北市中山區雙城街１３巷２２號,25.06402599,121.525187,17980000.000000007,17760169.555087183,14918937.82417845,16371336.3755555,18241870.75936541,20766876.0474965,22546336.072569456
臺北市內湖區成功路三段１７４巷１８號四樓,25.0811299798457,121.590489960085,18679999.999999978,14734754.304271659,9356347.796881124,14412875.608610217,15980519.91557482,17709437.732684005,19409722.19998843
臺北市信義區永吉路４４３巷６４號,25.04736801,121.578243,8099999.999999998,10366368.107898295,7533843.155632168,7547316.393708761,9685543.923603069,11617405.679523546,14911782.58837872
臺北市大安區大安路一段２４１號五樓之１,25.033889992644,121.546090013136,28500000.000000034,25898088.752015136,16781161.453575347,22065379.160203736,28433048.948251694,31525886.494780757,32830723.8789744
臺北市北投區溫泉路１４３之８號,25.13733999,121.511076,6300000.000000002,9482042.192472225,6125970.795481784,8201479.414030851,10249268.862740893,12745810.433869153,14713745.201589625
臺北市內湖區內湖路二段３０１巷７弄５號,25.08323799,121.590675,15000000.00000001,13905604.50088023,9299744.643621778,13073090.99031024,16380276.089269638,16533381.60945161,18041246.32255992
臺北市中山區松江路２８９之６０４號,25.0604299898541,121.533380030437,31799999.999999985,40612642.794815145,26681307.73245518,31354107.202722676,39836511.88131259,43442810.045442,50053470.167891875
臺北市內湖區民權東路六段１８０巷４２弄１５號十四樓之１,25.0675899791846,121.591999959942,24000000.0,24512804.179380476,19547671.850656252,21146929.411796227,24160708.043518204,27181331.153503314,31977773.620915845
臺北市士林區通河西街二段１６巷４號二樓,25.08870001,121.51155,7500000.000000002,8762935.445358131,5842891.650750892,7573988.15170258,8103565.133849175,11316248.12568971,13593464.237475825
臺北市萬華區貴陽街二段１５０號四樓,25.0401500170306,121.501519997372,10380000.0,11956922.658311568,8454681.429723544,9571579.010549927,12266586.355001397,16131839.281803144,17903537.138366517
臺北市萬華區中華路二段５０４巷４９號,25.02466202,121.508172,11500000.000000019,13144357.435530562,7955918.780626127,12287156.551505616,12703332.370880878,14694864.79834537,17972760.843780298
臺北市北投區北投路一段５９號六樓,25.128739986163,121.500049979193,26980000.000000007,35502507.23239487,26346271.910650462,28131937.00316666,35769162.827577785,41137408.558266185,47390986.82606681
臺北市松山區南京東路四段９３號八樓,25.05182002,121.55414,4999999.999999999,6902512.542015278,5601801.485162072,6520435.543072384,6998254.575577312,8877054.73463921,10891672.780042931
臺北市文山區木新路二段４３巷１７號,24.98658199,121.571177,4300000.000000002,17732736.044334736,13462094.209205354,16191219.934665797,16551008.40022566,23624781.44140876,24662329.98654052
臺北市內湖區康寧路三段１８９巷７３弄４號,25.07216302,121.612338,19200000.000000026,16099327.864722699,10270090.643371258,13306338.955915194,16593786.533497447,19159284.09559268,22164663.63674843
臺北市信義區松仁路２０２巷２弄１號,25.0275300140621,121.567790006086,33500000.0,24579475.373456344,15820934.59387293,22322198.3259364,27936716.424854994,31283594.602629647,36385310.506806046
臺北市文山區羅斯福路五段９７巷１６號四樓,25.0060899858391,121.539939959319,10800000.0,10822740.729092125,7312949.186433399,9285351.991307784,11161548.396841086,13389835.477665296,15455514.834614512
臺北市北投區三合街一段３８號四樓之２,25.127187228231,121.506254551426,29679999.999999993,31639106.8590129,24551702.94827749,26165727.471527528,32899890.56435571,33237650.6082011,41729169.8482132
臺北市內湖區康樂街１８６巷３２之３號,25.0771199935475,121.62030003109,13049999.999999998,16287448.925105669,12143540.406905703,13206746.085717551,15338958.332506688,19862502.74606406,23585341.39307329
臺北市士林區福林路１００巷７７弄７號,25.09492001,121.53303,48999999.999999955,40720265.106110506,27687146.112473488,36727040.05736804,46507435.36976517,52531133.914782226,57197598.62921444
臺北市松山區慶城街５５號十二樓,25.05565,121.5468,48999999.999999955,34248967.033350125,22570908.696453065,26797878.975186065,31601604.330482684,39976058.676940456,48274437.60167125
臺北市文山區萬利街１８號,25.000312,121.565959,10675466.000000006,16482733.177160379,10821158.281606857,13916043.776447695,17243372.150386564,20888553.099485613,24332009.255933214
臺北市北投區中山路１之７號,25.13697976,121.5047878,8000000.000000002,9412858.710700165,5862739.248505663,7575904.739058853,9089401.804459896,11024483.898688942,15125212.780733652
臺北市大同區民權西路１２２號,25.06271699,121.516736,12499999.999999985,13086378.925581722,9723473.077723745,10980879.390046837,12360522.960575074,15511890.234067995,17673297.268932056
臺北市內湖區金湖路３２８之７號十一樓,25.0736300205223,121.603149986641,47499999.99999994,48987516.068982676,40871017.25982477,41852441.052618474,48875251.56292939,57535045.99941027,61570098.26967558
臺北市內湖區康樂街１３６巷３０弄６９號六樓,25.07148014,121.6178047,13200000.000000019,15345555.218588946,11699896.29351184,15034385.042269632,15206703.975162214,20270572.860458344,21984065.732999202
臺北市信義區基隆路一段３８０巷４２號,25.03445711,121.5579832,23500000.00000002,17643047.635303184,12547935.206323158,13887984.755313065,18297261.889810916,20848262.58434597,24003809.180935934
臺北市士林區永公路３巷５號四樓,25.114110002813,121.55134001819,17999999.999999985,33924506.306116946,20927659.419711843,25840234.507703613,31913783.313704904,41903227.31866114,45934218.20902791
臺北市北投區稻香路１６１巷１６弄８之５號,25.14190094,121.4880264,25379999.999999963,34611515.305917874,24412305.05184833,28019058.202896755,36633129.47331229,42995218.91846264,46758204.92488139
臺北市信義區光復南路４３１號十一樓,25.0358400005083,121.557700038682,28770000.00000001,25497994.35290973,18432594.18247304,24397801.570951473,26564440.856610302,29596965.938759033,32135540.015227206
臺北市信義區莊敬路３０８號五樓,25.0283099920621,121.563150035945,30000000.00000005,24412942.966916885,16997584.53037582,23790441.972799264,27335208.230748378,32368748.040061876,35392787.34837251
臺北市士林區福港街３７巷６號,25.0906500197438,121.518520005754,15799999.999999998,14383137.680934615,8271346.226387548,10968183.940484403,14012347.175967753,18706687.917034384,26783667.083752654
臺北市內湖區民權東路六段２８０巷４５弄３９號六樓之１,25.0702700089059,121.605930012467,11360000.000000015,10380241.47986627,7378559.186965173,11295513.464663755,11512711.77830348,12106872.34234371,14259347.412425034
臺北市萬華區成都路１３５號七樓之５,25.04345001,121.50342,6880000.000000003,8479710.731837995,5995112.00240075,6399259.2763513625,7877440.135570425,10826509.723590026,12721302.882343221
臺北市中山區南京東路一段１３２巷１８號,25.05097998,121.526923,19200000.000000026,19932996.78497017,11910990.130156668,16924896.81326451,20496037.789568894,25712357.532635897,28840319.26572415
臺北市北投區稻香路１６１巷１７號,25.14159301,121.487639,16299999.99999999,21803867.623606957,14249254.880494436,16474962.705298748,23966236.06012298,28538024.24651461,30923708.526319355
臺北市北投區清江路１７７巷１０號,25.12791299,121.502214,31770000.00000004,32229818.664420955,24070891.07163748,26318807.601800356,30582413.489466272,37195233.931852475,43351218.75796858
臺北市北投區文林北路３０２號,25.11088402,121.5115703,48499999.99999994,44760370.66847442,33157493.007475525,39378831.70990746,47314590.95991896,49207840.867623344,61131143.84390502
臺北市北投區光明路６８號十六樓之３,25.1327700052097,121.50021996419,24000000.0,25070922.379142255,19615268.277452067,22246277.356811427,24157470.281171598,30735044.33367127,33739837.36687396
臺北市信義區永吉路１８５號十二樓之１,25.0457500084516,121.572559979545,19599999.99999999,19223695.473416053,13838340.530745016,19284631.137940448,23050364.859310858,24975843.171721067,28527162.679921348
臺北市士林區基河路１２８號,25.08867608,121.5231356,6500000.0,6935026.73620815,5069758.232113782,5549739.618397551,6888645.2927560145,7569481.457384216,8473117.460486
臺北市信義區吳興街２８４巷２２弄１１２號,25.023206,121.5609,15000000.00000001,12720825.903495217,8941267.01627386,10882943.699734487,12511927.508855633,14985071.22176636,16955304.748168893
臺北市萬華區萬大路２７７巷４８號十一樓之１,25.0252300198307,121.502730008914,9200000.000000004,9312208.890979415,7105681.762411644,9169941.358327337,9194132.650017925,11014299.396565402,13279670.916569155
臺北市信義區逸仙路３２巷１３號二樓,25.03991,121.56255,44999999.999999985,32449014.678610653,24520304.630121678,26735087.38228722,35631816.15105081,40501158.26545925,48663901.07074064
臺北市內湖區新明路４２８巷１０號,25.0543751,121.5795827,38199999.99999997,43751119.57021502,19753911.44948301,38134910.5700788,44263213.924473174,54264340.72324323,58924593.550768554
臺北市內湖區內湖路三段１９１巷３號,25.08817199,121.588681,16799999.999999978,15755457.701427594,10191750.44025654,12810406.754264355,15508339.838616135,17622726.473037034,22022441.76827883
臺北市北投區大業路２８０巷２３號四樓,25.127650003474,121.499410020886,13049999.999999998,14714525.073885895,10180435.239167279,13806767.723688181,15491629.710322173,17442384.820650052,19794260.0668474
臺北市大安區忠孝東路四段２２３巷７５號二樓,25.0439300039056,121.552889999725,37999999.99999996,30019276.94217406,19032817.2078981,26339418.692378316,35311395.00917768,39194074.076763794,46241056.32919745
臺北市文山區景興路１８８號十三樓之９,24.99236001,121.54394,6800000.0,9005669.40265715,6777806.121094952,6801388.786743958,9548849.35070372,11359782.84775903,12374921.19819061
臺北市內湖區康樂街１８６巷３２之４號,25.0771199935475,121.62030003109,13400000.000000011,16287448.925105669,12143540.406905703,13206746.085717551,15338958.332506688,19862502.74606406,23585341.39307329
臺北市士林區天玉街１３之１號,25.120574,121.527304,63999999.999999896,55867749.509628125,39963217.64795792,45237934.74453616,63111670.70317758,65956142.90312335,85298455.07591563
臺北市萬華區漢中街２號,25.04599602,121.507788,16879999.999999985,18628106.262334336,13210343.814152908,16971653.205957584,17984943.999030292,21879187.122977976,26343826.743384846
臺北市大同區民族西路３３８號十樓之８,25.068589982143,121.509439973864,21550000.00000001,23367182.389889605,17880152.36158727,22323625.50405574,24492626.330236845,30076683.869893104,33428599.341515686
臺北市中山區八德路二段１６７巷５號,25.04684699,121.538217,9999999.999999996,9088928.877017675,6720947.228282176,7979488.1146977395,9878781.787599713,10505508.859909786,11981615.465213193
臺北市內湖區星雲街１６８巷４３號十一樓之３,25.07997998273,121.597330012171,22579999.99999997,18235136.834832676,14467337.70773917,17284859.304374814,19729103.249388088,21386283.2572395,23581661.23467195
臺北市內湖區康樂街６１巷７９弄１１號五樓,25.0710999849584,121.620489965016,16999999.999999974,30793655.823111996,22577187.848514907,23079985.18101058,29960883.106506374,37408572.40551773,44630189.33395266
臺北市信義區基隆路一段１０９之６號,25.045266,121.567162,12420000.000000004,9070172.83305586,6876591.865477665,7598632.559253947,10062201.582928082,11306122.572424173,12419332.6551981
臺北市內湖區康寧路三段７５巷１２３號,25.07503089,121.6094454,28520000.000000015,22803573.602605417,14915402.455661772,19758430.65477783,23968460.81749347,26487155.648924235,29753600.940535434
臺北市文山區樟新街８巷２０號八樓,24.97959001,121.55415,23399999.999999978,23137525.830606963,16811436.079282623,20954111.136929743,22544854.075671367,26734375.91996694,29258315.39809623
臺北市北投區溫泉路７１號,25.135646,121.504801,4199999.999999997,5842212.453609258,3354347.172171782,4511042.549347358,5953914.136313047,6953809.47949659,9087690.011727827
臺北市信義區松勤街１４０巷４號六樓,25.0315799820384,121.56897998488,67699999.99999994,38911577.13621283,27732576.371461462,34107172.67612746,41079180.76866458,49667020.966376305,56213356.671646364
臺北市大安區信義路三段１０５號四樓之２,25.0337000168086,121.53904996884,7800000.000000004,6159376.467532111,3954496.7503837943,4813126.962368173,7399209.957658153,7791603.358994037,8719377.25194819
臺北市中山區合江街１７巷１５號四樓之５,25.0551900011744,121.540150009813,16000000.000000026,11810144.98325779,7925230.4698919775,11290848.438811108,12607150.045851711,15349221.349325292,18978124.300071932
臺北市內湖區環山路一段６０巷１號,25.087073,121.566531,14499999.99999999,13429361.326406175,8283831.507132985,11431679.548418475,14242641.351645695,15823702.590183323,19022115.37636916
臺北市南港區經貿二路２４５號十一樓之１,25.0610800064453,121.61440998391,33000000.000000015,28809824.9505597,22682651.380063426,23558061.954286307,27394668.699575752,30637611.50225708,34147444.026384175
臺北市萬華區中華路二段３３６號五樓之９,25.0295099872302,121.504360037625,6359999.999999999,6390901.846486548,3043250.28678985,4999082.301253549,5453942.9693981055,6708698.642738956,9326110.016284408
臺北市信義區松山路２５４號,25.0441328,121.5773577,18679999.999999978,20083256.733585656,14062976.809232382,18723683.772802223,20042732.10287844,22759865.84022232,25862059.01616837
臺北市信義區忠孝東路五段４２３巷６弄１７號二樓,25.04181999,121.5762,19499999.99999998,14988357.203548253,11080362.056460971,13375828.452001862,16475315.55493721,17375584.40526147,19653760.263556205
臺北市內湖區民權東路六段１８０巷７７弄２５號,25.06617499,121.593381,52499999.999999985,47545930.61321836,33843496.94306028,42029981.68234327,52078604.14702673,57413500.26809549,64726811.71484228
臺北市士林區華齡街４０巷１弄１號二樓,25.0833800179341,121.519769998975,4500000.000000002,8071665.921662074,5213741.992838666,6597610.117561394,8069806.696734518,10991695.617224006,13374339.354842428
臺北市大同區哈密街５９巷５６弄４２號,25.07529299,121.514691,16500000.000000013,14778224.67489149,10790517.783122677,14174631.760651331,16726367.54725023,18337817.712192975,21792409.69553051
臺北市士林區社子街６３巷５號三樓,25.0877899886518,121.507020034598,8800000.000000006,11105000.818707526,7494115.530361809,8703788.625160776,11559342.65859399,14384077.919133559,16480968.902729947
臺北市松山區光復南路６巷１７號,25.04765199,121.557229,31999999.999999955,27321723.744281966,16417142.577078305,26658414.817663543,33001705.43105995,35229447.75366191,38617206.261793904
臺北市士林區中山北路七段１９０巷２６弄５號,25.12533798,121.535567,13799999.999999985,50153160.67186947,31918597.325041816,48360124.617255315,53924395.96323145,60374744.698334016,92869832.32903594
臺北市中山區民權西路６３號九樓之１,25.0630199979353,121.520350026675,66180000.000000045,52813384.84052442,34578629.426982835,54553382.72978668,59256499.07263374,67642879.81656182,85733202.72321105
臺北市文山區景興路１８８號十一樓之１５,24.99229999,121.54391,7700000.0000000065,9855858.074067505,6884043.410317371,7894983.99800564,10859451.91160696,11437949.924496586,12875574.720109927
臺北市文山區景華街１４７巷１弄１１號,24.996558,121.547366,13100000.000000015,13270721.495674498,7988857.348278261,10629893.133556925,13595252.990120526,17579189.49181312,22094114.063534644
臺北市大安區和平東路二段２６５巷３７弄８號二樓之２,25.0280499854256,121.54446995889,9330000.000000004,6614624.162754422,4743817.316711039,6179491.856707381,8103564.1557023255,8233067.000195637,9006542.261516282
臺北市北投區奇岩路１２之５號,25.13348582,121.5074444,6779999.999999998,18075959.16592505,10457556.76582418,14381316.270717295,18966499.493905324,23817402.681003,27892944.370092787
臺北市大同區安西街１００號五樓之１,25.0609099795394,121.509850016567,34499999.99999998,32187587.83669952,22839688.376880962,27712661.973728098,33108370.19459629,39491761.928466454,45786395.36561793
臺北市士林區葫蘆街３０巷３８號,25.0812200014858,121.509999968815,4999999.999999999,14775249.041341905,8020414.831014389,11119297.98275943,14505680.816181347,19807261.08167376,24393468.18602839
臺北市中正區水源路１０９號四樓,25.0213600113156,121.518320013545,19499999.99999998,27063607.388985984,18099702.114747822,20995601.317323394,25490765.065750483,32473123.87507594,35471830.41307014
臺北市士林區天母北路２８巷３９號,25.11939666,121.5255461,11175000.000000015,11267941.996566493,8695888.243576093,10693034.897913165,11332963.278659755,13593882.633212151,15755992.76083368
臺北市士林區承德路四段３５４號六樓,25.0903400150548,121.517000031433,4500000.000000002,8833157.01235593,6230112.039046111,6966435.140167991,8422601.490322007,10630316.62167636,11801905.79035276
臺北市文山區景華街１２１巷１７弄３號三樓,24.9967699800603,121.546009965961,14299999.999999993,17479790.325200625,12211932.222016968,13212264.277581546,17382334.950381283,19595597.150495052,23751023.274626456
臺北市松山區南京東路五段２５０巷１８弄１號六樓之１,25.0501199974912,121.566939997285,20200000.000000034,23816336.982350577,17509952.008780815,20690537.0630779,21148701.705036912,29104574.243406028,32133428.51837688
臺北市中正區羅斯福路二段１４０號十一樓之２,25.0258900108868,121.523050005326,36000000.000000045,31622754.950993557,25950945.81651768,30851329.397569586,34625194.87644362,36760039.51825251,50209318.75838251
臺北市松山區八德路三段２１８號三樓之１,25.0479800137915,121.556909960488,16500000.000000013,12828385.162431037,9533626.703156259,12857283.553149048,14973147.346594706,18008147.63505407,18298535.463278573
臺北市北投區承德路七段１６６號,25.11484501,121.5063896,63999999.999999896,67606335.89556147,37738512.56333503,62836569.7114388,63402595.82094498,87576540.46745048,89606563.32509296
臺北市文山區汀州路四段１０５巷２０弄２號四樓,25.0060699950001,121.537520020053,14329999.999999996,14734754.304271659,9497731.201145086,14253371.537105054,15460216.915920086,17628915.1337162,19916733.126559265
臺北市中山區龍江路４１２巷６０號三樓,25.0675499975064,121.538549988316,17479999.999999985,15987709.122546187,11865796.771684675,13126460.70837459,15581924.933117395,19276364.64636899,22840604.221399836
臺北市文山區辛亥路四段２０９巷３６號十六樓,25.0025700056006,121.555500040555,25379999.999999963,28836945.5940752,23670413.554786075,23919837.012239978,26255555.837712023,33972208.73328182,35272700.33942474
臺北市中山區龍江路３９４巷４８號三樓,25.0671399967126,121.539019961627,20300000.000000015,16492633.193085158,11140546.61041841,13754528.331705313,16949740.044149954,20046813.904762745,23522262.272169773
臺北市文山區景興路２６２號,24.9899987,121.5426351,8800000.000000006,11050292.950797467,8472558.966327375,8948816.878605574,9340589.23454676,12390730.477820123,13789204.541434944
臺北市南港區成福路１５３號四樓,25.04135001,121.58803,9999999.999999996,10319497.244076585,6993273.388586215,9238595.668049479,10614842.146982115,13489098.661201568,15777761.433648106
臺北市文山區指南路三段２２巷１２之１號八樓,24.9835699913016,121.57846000119,33000000.000000015,50577301.993231416,34748075.89836882,45201648.09512925,51262604.68449594,58409775.587971926,68467959.48991829
臺北市大安區仁愛路三段１２３巷２８弄１號四樓,25.0394000043345,121.541890009093,58499999.99999997,37153657.876235135,26224346.61345334,33316873.43287855,41661016.717846364,45428902.955268316,53239476.778105214
臺北市內湖區康寧路三段２５３號五樓,25.06656001,121.61135,17700000.000000007,16225790.887493372,12058212.747186318,15101658.899189666,17334572.972254895,19660488.18470181,22093862.63750274
臺北市內湖區康寧路三段２４９號,25.066674,121.611399,17899999.999999996,20812242.493330736,13422634.54935769,16345409.227310378,21312155.745210357,23867428.923898816,26489487.426272035
臺北市內湖區成功路二段３１２巷１７號三樓,25.0672300183527,121.589629976819,16879999.999999985,17256787.224217873,11443986.406708647,15730863.043463837,16833042.68944285,19148461.577163264,22761590.289045222
臺北市松山區敦化北路６號,25.05039002,121.548573,283879999.9999997,315018849.1730258,58896528.279998325,156938799.42030752,283720049.7622335,293970616.7644849,379117834.2060805
臺北市松山區光復南路３３巷１５號,25.046877,121.558898,52499999.999999985,33431850.206496295,24894269.508363582,26468736.265588418,31217895.651032314,35534201.97905914,46400850.020836964
臺北市北投區中央北路一段１８０巷１號八樓之６,25.135900017403,121.497949977172,15000000.00000001,19149963.953345038,12735711.15608168,16182058.393255552,20652424.360283382,24390183.868703462,26591515.422360167
臺北市中正區羅斯福路二段８巷８號,25.02869719,121.5202648,36750000.00000004,23216521.487610843,16151124.272310197,20289925.787081387,24394951.55295339,28858086.530022502,29639339.375321675
臺北市中山區合江街３９號六樓,25.0557100144474,121.539200004907,30250000.000000015,23933938.191745058,17782825.291319888,22714244.600667916,24789871.477576412,27996988.61428495,30243494.44227674
臺北市萬華區長沙街二段１９９號,25.04120601,121.500373,9679999.999999998,10171995.339328086,6481287.667129619,8401658.455289543,11301135.663092017,13106910.573533185,15010712.195387581
臺北市南港區南深路２３巷１２弄３號,25.037321,121.621774,12000000.000000007,13457888.972378924,8997788.094472365,10261056.626749748,12930701.633727249,16655510.423627933,18541147.14923674
臺北市信義區基隆路二段１６７巷５之１號五樓,25.0253399904004,121.554269996264,14580000.000000026,13157983.629694523,9001955.027650435,13402455.484014831,14591317.55567686,16034289.211677454,17575981.678151667
臺北市中山區長安東路二段１８４號十二樓之６,25.0481999968403,121.541360021355,27799999.999999955,25453029.138477992,18396432.333819818,23930457.143933907,27512105.542683847,28665087.235989787,31700704.62687864
臺北市士林區文林路２７號,25.08640002,121.525168,22500000.000000007,20529451.15546072,13112173.494251925,16228315.596422894,21195140.292624254,23171763.992755942,25704666.604966328
臺北市北投區稻香路７３巷５號,25.14056002,121.48923,6999999.999999995,7258038.607371806,4903789.61982897,6603393.079736929,7040294.251429186,12033436.291230515,15420909.477007661
臺北市內湖區民權東路六段２８０巷１５５弄２１３號三樓,25.0685399840905,121.609840002661,8499999.999999998,8454873.665025752,6673478.800527207,7198250.127989854,8701038.007764837,9685869.243244141,10585394.03892258
臺北市大安區安居街６０巷１１號三樓,25.0204400136231,121.553470027425,19200000.000000026,14666134.22426213,9477750.13299679,13400942.866390271,15934004.462662466,17824725.30401631,19639318.109554417
臺北市內湖區東湖路１１３巷９５弄１３號,25.0717899832277,121.615099982179,14499999.99999999,14461411.176993381,11859251.152685724,12902731.760101752,14387271.262861809,18956445.76273084,22882016.59865856
臺北市中正區羅斯福路一段８３巷２號六樓之１０,25.031409997042,121.519849962331,16360000.000000015,9998911.021722151,8144120.104460856,8339446.715229041,9697400.449257033,12615655.319537003,15852542.707316544
臺北市中山區北安路８０５巷４弄３號三樓,25.0861100037983,121.554650031754,20200000.000000034,17883566.09452769,11751339.215426574,16374433.442293303,19869796.93100623,22768794.147862438,26471649.07146821
臺北市內湖區成功路二段３７３號,25.0742937,121.5901958,46000000.00000004,49102895.14929436,34503848.80917574,45190489.18634468,52259871.46963411,57498425.2686035,63781018.92181119
臺北市士林區中正路３４９巷２號,25.09409699,121.52238,12799999.999999978,10306149.187272277,6764692.374754655,8787154.1184633,11015749.016008668,12217556.762373544,14369248.694072101
臺北市士林區至誠路一段１３６巷１２號,25.10216801,121.534922,26299999.999999996,35254555.720865645,23199868.008602068,28257319.799413055,38444036.932387054,43409708.46185924,52657733.77628238
臺北市松山區敦化南路一段８８號六樓之２,25.0467399950357,121.548510036221,67999999.99999996,47763398.911702916,30601844.97069136,44318294.24817898,50517165.58562179,61947181.88114023,75348755.25940321
臺北市士林區承德路四段５８巷５６弄１號,25.08271998,121.520836,16999999.999999974,26760210.550332002,17660836.575647853,23610039.40937545,27356341.14735981,34044031.85564937,42457274.69075297
臺北市信義區永吉路１３０號,25.04546402,121.570565,28500000.000000034,30739942.121882387,19531464.53220804,26883299.790915888,32083135.2706446,38022885.84130685,44932243.08942634
臺北市中正區忠孝東路一段４９巷２９號,25.04488288,121.5261548,32700000.0,25069646.87717872,18049613.592028454,21352146.56974618,25012051.16081839,29779100.182061326,32584664.042261023
臺北市北投區民族街１１巷１２號五樓之１,25.13269,121.5048,17180000.000000007,22200268.39684943,17011973.533987947,18683507.81026895,22644330.8628788,27795529.02867358,30344129.394113757
臺北市文山區辛亥路四段７７巷９２弄９號十二樓之１１,25.0087799900252,121.56122001892,12580000.000000015,16507024.585152159,11301257.059993546,12662419.955893729,15536898.935795506,19329986.471880972,24481130.481064565
臺北市信義區基隆路一段３８０巷３２號,25.03461,121.5586,14899999.999999996,9190481.19359522,5487580.922596043,8499282.855428442,9649490.708758816,12378289.612000993,14926384.604081355
臺北市松山區八德路四段４４５號十四樓,25.0500200013863,121.570259985314,18879999.99999999,22966274.05339583,18149919.208534107,20449647.873565506,23902363.259101365,26911299.811927333,30188610.093398288
臺北市文山區興隆路四段１２４號,24.98253499,121.562233,12200000.000000019,19065633.20875954,12034320.440901086,14819935.728293575,20701498.53237141,24093963.614591144,28354004.391727
臺北市內湖區成功路五段４５０巷１號四樓,25.07447999,121.60712,57999999.99999995,47580261.63036306,33465172.495632067,43405108.8011923,50810722.58808607,60761346.68701345,70851519.66480757
臺北市北投區崇仁路一段１６６巷８號三樓,25.1228200155882,121.502219970106,28700000.000000007,28710376.753140774,22177047.35481585,24809222.837357074,29126013.63069185,31802557.93034901,43850355.60611738
臺北市大同區重慶北路三段２９５巷７號二樓,25.0736899930396,121.514440030565,14000000.000000007,12833399.49711633,9016476.407071818,11444342.411073523,13627506.693183556,15334194.681826323,16485386.186239626
臺北市內湖區康樂街１１１巷８號,25.0706899841645,121.619659988964,16500000.000000013,14608380.38552476,9303108.218491966,13301982.166010875,16552127.009476235,19733805.221856903,22065772.425158657
臺北市文山區萬美街二段２巷１號五樓之１,25.0025099911739,121.562770000455,11079999.999999996,16171157.140294323,11253055.601364367,13282537.717679735,15170171.842739956,19577688.622479912,22401595.56732536
臺北市大安區忠孝東路四段４９巷４弄１６號五樓之３,25.0421053474034,121.545666643207,8330000.0000000065,4785378.289314275,2429859.372900321,3268800.8104965566,4553173.577183144,4921565.604900025,5594068.686831179
臺北市內湖區康樂街１９９號三樓之１,25.076080008911,121.621169988821,13000000.000000013,19236795.46376438,14675418.719192347,17063939.359314248,18721840.351243623,22409339.04047908,27668916.778644964
臺北市中山區民生東路二段１２７巷６號二樓之３,25.0583700114202,121.532089971719,16000000.000000026,16892203.2836218,11399026.660000999,14745451.06616619,15846860.715498852,19056591.211763408,20778086.955602597
臺北市中正區廈門街８１巷２２弄２號,25.0241599860714,121.519570006765,14000000.000000007,23597291.214044537,14407444.707740732,20211995.92962351,26008777.97452057,33890185.5465517,40273391.71271083
臺北市南港區舊莊街一段１４５巷６弄５１號三樓,25.03925001,121.62251,7719999.999999999,9472327.523052732,6419110.572390817,7732666.68161629,9161273.150705341,11479224.1520901,13454977.567981306
臺北市士林區環河北路三段１９３號,25.08749398,121.504569,3570000.000000002,6892857.486086554,4075860.332100103,5649822.703096349,7192887.531338736,8407926.245073272,10320607.235277737
臺北市信義區虎林街１３２巷１８號四樓,25.0403899909185,121.576320017491,21700000.000000007,11727039.729001751,11050641.951796718,13834140.44094914,17242905.003471825,21408880.121468768,24853055.102550633
臺北市士林區忠誠路二段２１巷４５弄７號,25.11030298,121.532819,20879999.999999974,15769229.130414726,10286107.95301391,12421497.609259104,15351126.76659483,18115495.957915995,22023051.489530943
臺北市北投區行義路１５８巷３１號,25.13084301,121.529631,10300000.00000001,16957909.050233807,11104752.094880212,12970101.79669845,17241238.59855991,21008254.187048394,24798054.765546508
臺北市內湖區成功路二段４０６巷９號三樓,25.0708699855352,121.589369970183,12249999.999999989,12019644.64064274,8070774.288375815,10729624.200892355,12369819.004626775,14293657.707948914,15498196.575214874
臺北市中正區羅斯福路三段１３６號十九樓,25.0203300011439,121.528260028701,132788588.0,120483982.32268064,54750399.686178744,85548183.77936003,130285488.1357641,135681019.1206232,158796661.04773533
臺北市松山區東興路９號七樓,25.0503999949668,121.565539967998,36060000.00000005,26863407.77540337,18499908.399196632,24057197.09445417,26712631.248494484,33009474.754538983,36457985.40310754
臺北市北投區致遠二路９８號,25.1169500011564,121.512559969683,20500000.000000022,18505177.465598244,9255916.15961495,13464912.09004883,17955462.478819527,22884452.596197188,30086330.823524617
臺北市大安區金山南路二段１５９巷１４號四樓,25.0289999903315,121.527259983834,24999999.999999963,14047857.74351611,9238880.918938382,12449573.640290253,15090024.373158136,17256226.027758043,19600338.81346175
臺北市信義區忠孝東路五段１６５巷３弄２８號四樓,25.0414699991427,121.569790012003,10800000.0,16364747.077588553,11021842.158823546,16332421.014372978,18802927.39533519,20514967.237491645,22643533.546626963
臺北市中山區長春路１００號十一樓之１０,25.0547999912197,121.527849985998,10100000.000000006,10396157.804288832,7422088.7969996855,9828708.078459699,11780444.8880154,11876939.392925384,14375115.955783553
臺北市士林區忠誠路一段１７３巷３０號八樓,25.1081899903287,121.532270015,41550000.00000001,29346206.83935059,21449761.68503639,24297544.07436397,30137907.27137378,35593918.892723456,38921221.303201385
臺北市大安區光復南路６７６巷１６號三樓之１,25.0306800170944,121.556449961642,20500000.000000022,13471874.599203434,10098672.23106838,10393634.030917682,12879154.260412715,16538127.259287551,20460213.5574913
臺北市中山區錦州街１５９號七樓之１,25.0604299898541,121.52985996638,17999999.999999985,15359789.427207788,11702781.405820008,14650054.401313022,15663042.054213118,18273337.52055515,21684492.882297903
臺北市信義區忠孝東路五段２９５巷３號七樓,25.0432099984229,121.572559979545,29150000.0,26863407.77540337,18785419.596556105,24236338.944099575,27686459.606315665,33009474.754538983,36352187.798825145
臺北市文山區景福街１５３號五樓,24.9954800051616,121.536579989612,21799999.99999997,27208787.280457407,19559898.944443673,22831841.845870204,27528874.144552518,30870427.503005095,35864533.33273109
臺北市文山區景興路９６巷２４號三樓,24.9947499833045,121.543430016163,18540000.00000002,18236653.093427774,12495191.025831467,14583983.44780228,17724349.012011178,23304820.478857078,27386363.565643445
臺北市士林區中山北路七段１４１巷１４弄１之３號四樓,25.1232800144345,121.530600004611,190000000.00000024,182767976.862997,45739891.604062244,96776036.51053296,188396432.35178956,214425927.79725266,221763090.06494188
臺北市中山區天祥路８０號六樓之７,25.0640200008936,121.52036000114,21200000.000000004,19575768.002371088,14475660.898274887,17586813.828802302,19644645.778945897,23834803.785651013,26869581.062952533
臺北市信義區林口街２９號,25.03744798,121.579134,35000000.000000015,19010458.05552086,9679322.121426798,14354225.378290007,21091402.268147692,23080344.700061467,31345730.564898793
臺北市士林區士東路２６６巷１２弄４之１號二樓,25.11189999,121.5364,17999999.999999985,16198699.350476626,11877307.85950315,15130491.202304376,17760037.540962297,19578237.52244743,23548932.786396347
臺北市松山區八德路二段３８３號,25.04799598,121.545155,22500000.000000007,20950211.41279296,13779697.905924533,20022413.651306733,23776034.850957595,26195845.405087084,29154673.100250848
臺北市中山區民生東路二段３號十二樓之２,25.058140011997,121.528760009226,46999999.99999997,43953707.36263013,33009274.349603496,38067488.93336221,47080610.080804765,52093604.13437073,58012782.91531689
臺北市士林區至善路三段１８１巷５弄３０號,25.12033298,121.575374,26400000.000000026,22858885.261593595,8402305.413414102,13774297.221718414,26566008.917548597,26801554.919721447,28217566.743216295
臺北市文山區政大一街３７８號,24.9870199826486,121.587299975374,120600000.00000016,153481518.65041792,43281068.06050678,95602156.77509743,130945818.49781197,199648174.59835124,218018319.58853686
臺北市大安區光復南路１８０巷１３號四樓、四樓之１、四樓之２,25.0420400104681,121.556820022667,26099999.999999974,15850018.136512196,11645893.830178032,14469201.619669255,16512498.982045779,21989241.256037872,27435255.46927623
臺北市北投區公路２３１巷３５號五樓,25.13289,121.50253,12699999.999999996,15538951.18090868,10619338.470790844,12719486.140344255,15159342.663763545,17676154.040763073,20755799.451278705
臺北市中山區朱崙街５８號六樓,25.0498000183375,121.543170009527,201999999.99999982,251004567.94703677,52423091.97693434,135191219.8452885,281606647.6076783,293271071.3083538,312864596.5978915
臺北市士林區士東路４６巷１５之１號五樓,25.1111700083647,121.527399961617,16679999.999999998,16465370.050840624,11237041.012955472,13627686.183087613,16425322.068885017,18735641.83334253,21922822.44164626
臺北市中山區農安街１６６巷３號五樓,25.0644300016875,121.533929967104,9999999.999999996,31163023.134458475,22176428.618906092,25265396.11121671,32776456.843452156,35852581.36433171,41394668.150826365
臺北市大安區辛亥路一段８９號十四樓之２,25.0217099976827,121.53099998903,49380000.00000006,44557695.59610762,33630452.156726494,42908661.46669707,49073515.7438844,56688876.92450138,60390215.933175325
臺北市松山區南京東路五段２３９號四樓之３,25.0515799992958,121.564819962515,14380000.000000011,13714796.570218211,9698976.865846459,12608454.05299789,13810719.886978623,14839850.841578752,17479504.883264296
臺北市大安區仁愛路四段１２２巷１２號五樓之３,25.0362000032497,121.550190021074,28880000.000000045,21471061.49567205,14164897.060415985,18822775.10069766,23452984.902556535,27253863.764625154,30299635.60352903
臺北市文山區興隆路一段２５１巷１弄５號,24.99986999,121.54432,24999999.999999963,22562545.740506895,13963975.855354479,21023509.967683453,25379668.851428557,28031569.15059791,34176216.949429005
臺北市大安區忠孝東路四段４９巷４弄１６號三樓之１,25.0421053474034,121.545666643207,16799999.999999978,9619506.23347835,6298572.323683931,8023336.657312945,9393059.761495387,11237679.946113616,13590230.573832784
臺北市內湖區環山路二段５３巷５弄４號,25.084477,121.573118,16299999.99999999,14097676.546223983,8668660.816019112,12645325.304767696,15096298.640774345,17306341.55655603,19549460.68951215
臺北市信義區中坡南路２０１巷１８之２號,25.04141602,121.585647,34750000.0,29674419.21058509,23948763.66108489,27840738.428697076,32198066.072555847,34443926.547238596,39113582.90532321
臺北市松山區八德路三段１２巷５３弄１９號五樓,25.0458699953956,121.55134001819,26499999.999999996,22590726.211690057,16323752.429564184,20729702.649871595,23823382.4137367,28103627.61451653,32558603.35712476
臺北市內湖區文湖街８１巷２４號,25.0871713,121.5641107,28999999.999999948,27407779.274305187,16915672.353005137,21129444.21503611,28980821.689792693,32291923.715743016,39188502.03608525
臺北市士林區葫蘆街１３５巷３號五樓,25.0845699967279,121.508019995647,12000000.000000007,15572209.346321637,10690300.25132067,12841897.727658182,16188805.323101405,19001802.145853337,23176519.891915984
臺北市文山區萬盛街８９之６號,25.00558749,121.5426312,17999999.999999985,15712428.771189166,13522442.420331717,13739839.939369276,18235682.840322904,18847296.539824054,21844147.807467073
臺北市內湖區康樂街１６３號三樓,25.0749600190087,121.620089980597,15300000.000000017,17340685.014656838,13807616.729811545,15274599.319440186,17844319.122998435,20989129.49690105,25183318.260199808
臺北市南港區經園街６６號八樓之３,25.0622199871867,121.61643999704,23500000.00000002,22465317.056577932,16311963.800068824,20300434.345833827,23597551.177491203,27669178.753621746,29380265.95005187
臺北市士林區芝玉路一段１９７巷２號四樓,25.10690002,121.53293,12299999.999999985,12664006.56389267,8654669.10949638,12289792.505717847,12390989.706895923,15583010.555853732,16743893.282227326
臺北市內湖區康寧路一段１９５巷３弄１６號二樓,25.07933001,121.59762,20999999.99999998,21849043.212603062,15057501.451024467,19245859.096898474,21441045.402962208,22892186.031575944,28170762.86547319
臺北市北投區知行路２３７號,25.12040498,121.466995,3221260.000000001,12879300.198204521,8291672.59145489,12437839.92413657,14487892.341691433,15965627.725500908,18141419.497068048
臺北市文山區羅斯福路六段３９巷４６號,24.998096,121.5424305,15799999.999999998,25019080.894211456,19653368.683069486,21399958.98336484,25017046.588052053,31460174.75730469,34439324.17689142
臺北市文山區興隆路一段５５巷１５號三樓,25.00398001,121.54181,11230000.000000015,11946671.440965341,8062360.883972554,9182026.282892758,11333685.097442653,15303622.033026202,17177832.24315847
臺北市中正區汀州路一段３５２號十八樓,25.0264599803027,121.512749987427,15000000.00000001,45200123.64855044,34111248.67015964,36610674.014474064,43441491.83615736,61772162.57651479,66081718.77087259
臺北市南港區福德街３１０巷５６號,25.04121402,121.587083,11010000.000000004,9355027.427482676,6865911.7365237875,7834422.7120622955,10402520.731811373,11469622.03213923,15185834.071245233
臺北市大安區和平東路二段９０巷２號,25.02510098,121.539637,35879999.99999995,25410916.816180974,18597266.586404998,25371392.18668256,26258030.95901954,30979034.449377354,34510215.121379524
臺北市萬華區西寧南路２９３號七樓,25.0387299969041,121.506430032433,19299999.999999985,19751961.81530512,16570384.198208023,19341951.03714691,20515679.508999832,22930750.473495763,26317040.675587304
臺北市內湖區民權東路六段４２３號,25.07122299,121.603932,13100000.000000015,14514770.208347728,10613607.765886009,12483643.205278069,14766835.053162094,15743430.740572311,19911611.99232178
臺北市大同區迪化街一段２２４巷１４號四樓,25.0594500196443,121.508930018874,8999999.999999996,15862569.592885816,10683806.589571154,12149444.194577463,14699610.227278639,19628796.206696235,23517768.361568823
臺北市北投區知行路２０２巷２４號,25.1191100176047,121.467359970076,13499999.999999993,17751143.493992496,12520263.677052084,16337895.098749284,20120142.196907096,25097357.345472097,28180282.01254446
臺北市松山區民生東路四段９７巷２弄８號三樓,25.0584200094726,121.552669974767,35000000.000000015,26916114.81225818,17279097.647314064,27120067.66444747,30824709.806269836,35290191.29565555,36696260.4062097
臺北市文山區興隆路三段３０４巷３２號四樓之１,24.995979985686,121.555259982848,12680000.000000004,21213042.97232358,16768879.760789808,18959225.783725917,21725004.96970138,23526934.45258872,27308207.46755134
臺北市萬華區成都路１３９號十一樓之２,25.0434599886851,121.503420007184,41680000.00000004,52142495.313111775,38218917.18290883,44438275.27148759,51052083.02180347,58175799.253545046,66920496.16933893
臺北市信義區和平東路三段４３３號五樓,25.01919999,121.55833,15300000.000000017,21491356.59910901,14653928.666127564,17617116.26889108,22433119.7084258,28102165.994894717,30235763.062208533
臺北市士林區士東路３０８號,25.11312601,121.538299,12499999.999999985,22042362.167003676,14609706.804930137,16808883.82173628,22976376.885533378,27679572.033894844,28308402.023285113
臺北市北投區光明路１５１巷８號十一樓之１,25.1352699916508,121.50204998511,29979999.999999978,30064997.20127041,22282459.281701043,23952548.26958455,28924947.49786684,34633490.96346437,39414307.10192806
臺北市士林區承德路四段２９６號,25.08955798,121.519107,46000000.00000004,59739546.755385876,43138831.361152366,53192773.14834401,59686949.12712661,71277345.82818569,82359817.86961623
臺北市北投區磺港路１３２號,25.12934998,121.502686,50079999.99999997,58036869.39287267,44483390.70050285,49389400.67559476,51930392.03448585,63117785.902148046,74779385.90182321
臺北市信義區忠孝東路四段５００號五樓之５,25.0408499897648,121.561959973332,67879999.99999991,56388701.17742531,34362449.630544886,51138092.49530177,62318784.924043395,67581374.45815176,75319323.28434084
臺北市中正區中華路二段３２１號七樓,25.02781999,121.50629,12000000.000000007,12729925.176364696,9605867.665131819,11572399.522033343,12529375.517596103,15212042.712558795,19253323.74197988
臺北市中山區林森北路８５巷３３號二樓之３,25.0495569012359,121.526086014475,11199999.999999998,12952122.14495809,9969670.145063087,11897675.032224767,13337408.121918373,15605251.116048343,17462284.732746743
臺北市士林區通河東街一段３巷１號,25.0815999950662,121.517669996953,25999999.999999985,27131062.075185202,16223726.724098338,24090287.655478798,26338828.73599002,36381781.86950073,40966935.42106133
臺北市大安區信義路二段１９８巷４２號六樓之４,25.0302100018739,121.531410031734,17999999.999999985,9290714.889437757,6792500.43347761,8027735.324466947,9486496.513163552,11162930.689251127,12755660.32987918
臺北市南港區經貿二路１５７巷７８號三樓,25.0611699861759,121.617589994156,43799999.99999994,40079267.56824486,28873839.44613359,37227926.89454563,46900101.67325427,52633034.031815514,55795173.01857783
臺北市文山區興隆路四段６２巷１８號二樓,24.9850499839452,121.560319970157,6800000.0,14284744.321076507,9479635.37391466,12105640.714657681,14542082.434455503,17030455.656614445,18954716.040402655
臺北市文山區木柵路四段１５３號,24.99944079,121.5752959,17999999.999999985,22809549.994744625,16594536.05671328,19301965.012981117,21906759.246176414,27982278.10813023,28608951.59819371
臺北市大同區五原路１９號十四樓之１３,25.0566800101924,121.517309994212,12120000.000000019,14959877.551207809,10562104.347820163,12196936.79949001,14766782.794868346,15929023.211878547,18980746.963226702
臺北市文山區木新路三段５０巷１０弄１７號二樓,24.9833599827175,121.564709991945,7525750.000000001,13645916.113177672,9076683.5532029,11487215.119483806,14398058.619608033,16874266.234299634,18686470.211515162
臺北市松山區三民路８０巷５號,25.056592,121.564315,8099999.999999998,20824613.619972333,14458821.854715358,17258452.109057825,22010183.32345365,26111728.49197215,28273788.443380367
臺北市北投區西安街一段１６５巷７弄５號,25.10911171,121.5184701,17199999.99999998,16107015.928018464,10947614.605971184,13388651.537656583,16667021.706542974,19541964.514277868,22970053.108304508
臺北市大安區敦化南路二段１１巷４２號四樓之３,25.0324700144271,121.550850012131,20000000.000000015,10583823.616560556,6430995.338901077,10237375.04112688,11254693.051181365,14031234.728658026,17163239.841202665
臺北市信義區嘉興街１５１之４號三樓,25.0282299867963,121.557320003192,16799999.999999978,15558638.43228303,11489247.08964045,15087907.599249935,16868815.964093298,18661477.88323139,21658918.795808516
臺北市萬華區長泰街２８２巷１１弄２號,25.021703,121.493543,10199999.999999985,12002263.336561369,8028313.996620386,9540325.469734663,12431425.836744158,15970503.738282837,18114403.55396195
臺北市文山區和平東路四段３４６號五樓,24.9992700084109,121.573969983297,11000000.000000013,13536600.360060912,9173795.58875081,10308585.683781523,13169477.386434572,16067363.92832468,19108016.323170103
臺北市萬華區青年路１２４號五樓,25.0224600103788,121.502439995065,5250000.0,4729050.742342143,3084637.768428829,4143597.1042067017,5271190.45767521,5613698.778667545,6726726.662725348
臺北市大安區敦化南路一段１７７巷２６號,25.04294702,121.550392,45499999.99999994,21059774.716133572,14054150.783003772,18561106.677978337,22085188.29827679,24117392.005738165,27801305.52159576
臺北市中正區寧波西街６８號,25.03025698,121.516953,25879999.99999996,16620909.741085986,10814940.176551115,13456878.013626905,16665331.005596679,21738681.640284166,25652956.8594398
臺北市南港區園區街３６號,25.05922949,121.6123821,39380000.00000002,31783110.070821356,22117528.688470855,27191950.379000336,33705550.01697316,37215623.937039465,45483315.23188107
臺北市大安區安居街１２４巷１５號二樓,25.0186399999161,121.551400032617,8999999.999999996,10888088.998817444,7828066.133184237,9397103.630564297,12267596.680015452,13999707.081965178,16834606.678536322
臺北市信義區永吉路１２０巷５５號二樓,25.0439100130666,121.570340032489,28080000.000000026,16054089.31018552,11999154.221525326,15117408.370409517,17428127.566472318,19173025.034973145,21783789.50633664
臺北市萬華區成都路１１０號,25.04364699,121.50181,2849999.999999999,5661185.77994287,3940669.0673593776,4338354.346556416,5204526.910204438,5869504.810321188,7713856.436849501
臺北市內湖區成功路二段５０６號十樓,25.07980514,121.5912429,23500000.00000002,27186210.99934295,21240009.883206945,23826489.770526387,25449859.75523024,31264281.548639033,34723849.988465644
臺北市大同區民權西路２６８號十五樓之７,25.0627400004597,121.512010033015,33000000.000000015,27835180.34316649,20875001.644746162,24518955.593842883,28011565.976088103,31357206.751061514,35407591.43757613
臺北市松山區民權東路三段１０３巷２５弄８號,25.063668,121.545766,37500000.0,35305696.28509979,23449919.007849574,27051744.367518213,34131105.45931493,39527983.94195044,48627060.15757236
臺北市北投區三合街一段８２巷１２８號三樓之１,25.1295700041249,121.504630018726,12799999.999999978,15811761.720539292,12784998.846153578,12908192.008867297,14960983.531696038,18278809.696470343,23108645.627578598
臺北市松山區延壽街４０２巷２弄９號,25.05580301,121.556846,24000000.0,14844847.299613439,9745786.177325059,12460816.382674374,15865958.119162295,18497788.07432493,21798281.56967959
臺北市士林區中山北路七段２１６巷５之２號四樓,25.1257800008756,121.533459993793,27299999.999999978,26238157.088168494,18390800.59954251,24351326.192400582,26560356.410351455,30183978.92713218,37264240.65447938
臺北市萬華區長順街１０７巷８號二樓,25.032570010532,121.489439998516,6200000.000000005,17604833.18617996,12814010.994460274,14385330.064794593,17127336.49272649,20539082.57013106,25820083.820153505
臺北市文山區樟新街１０之１號五樓,24.9795699794682,121.555029983425,11299999.99999999,11482936.251829045,7529774.173035765,11324414.032199012,11598868.877986781,13511307.111712517,14738510.501213046
臺北市中正區青島東路３之１號二樓,25.04408,121.52144,35959999.99999998,39906471.64270465,24320942.366504673,37062808.964757256,39633800.874400735,44039553.665857986,47044179.81255834
臺北市南港區成福路１７１巷３８號三樓,25.0415800116218,121.589280032362,20999999.99999998,18514667.093225755,12879740.773636106,15266204.92740655,18320337.422760017,20535014.592639524,25504423.583561588
臺北市大同區承德路三段３０１巷２２號四樓之２,25.07565999,121.52135,14200000.000000004,15283180.349409299,12633046.49320482,13236254.098377902,13578227.40899705,15711499.396352064,20990405.615373105
臺北市中山區松江路１２４巷１３之１號四樓,25.0526199839323,121.531810016153,12446896.99999998,12985458.957670445,8762801.800625099,12109731.667424448,12817988.20065303,16194378.225686384,18513122.78592654
臺北市萬華區艋舺大道８６巷１４號三樓,25.0329500041124,121.503080037191,15000000.00000001,14485779.788953774,10328191.273274269,12710981.647652771,14380088.671147717,19244734.24760608,22577754.30722266
臺北市文山區試院路８２號五樓之２,24.989859980992,121.548810024536,13200000.000000019,15091669.108380642,11658237.041383427,13235112.681934409,14685684.713563459,17907388.758254655,19534789.05920708
臺北市士林區社子街１２８之１號二樓,25.0881499913932,121.505099992037,7400000.0,10060757.082144469,6151395.108800797,8218335.282972787,10650339.763960868,13491664.433847023,15779457.583623575
臺北市北投區榮華一路１４之１號,25.11164799,121.523472,36499999.99999996,31929296.296518154,24305031.39719411,27820351.857540976,34673344.39383941,36868582.56238799,43545620.56555885
臺北市中山區合江街３１巷９號,25.05548999,121.53986,40999999.999999985,29805632.465138167,16421150.902792213,29041008.549943727,35311705.565891795,42004247.95408556,42145763.55912423
臺北市信義區忠孝東路五段７９０巷２２弄１７號六樓,25.0423899968352,121.582070003069,19900000.000000015,19747409.017623626,16462566.4248813,18532139.14253928,19924366.8071906,23420066.55730044,28201806.434401218
臺北市南港區南港路二段２１２巷２號二樓,25.0539400079539,121.598900026455,20000000.000000015,14070722.17510802,9119365.966165882,11001191.018321965,15320173.490322914,18265377.05193543,21041596.613724895
臺北市松山區民生東路五段１５１號十三樓之１６,25.0592400110603,121.562259961647,19680000.000000004,16852268.365741137,12979029.667269418,17287199.712780673,19498976.979711514,20620948.36663479,22885533.434885643
臺北市士林區芝玉路一段２２６號,25.10892001,121.534295,65279999.99999994,64810783.64154262,45141906.53727567,51234911.611694865,65316070.33613777,70528356.60594508,77045882.4212259
臺北市信義區虎林街２３２巷５７號四樓,25.035829984134,121.576099992532,18580000.00000003,15071995.087582596,10160544.01865305,13211060.892111383,14964045.091248972,17564058.29429826,20810547.697720077
臺北市中山區中山北路一段８４號十三樓之２,25.0491899834244,121.521059973874,11579999.999999994,12838962.838682702,9651366.321283292,10165545.571280528,11580769.679543305,14957956.089870222,17300838.70581287
臺北市松山區健康路３２５巷１２弄１４號,25.0553700025451,121.567869969442,51999999.99999991,29397657.890423406,20031535.514659714,25868426.413171686,30673073.039303638,39785391.62345649,49672489.36494442
臺北市中山區北安路８２１巷１弄６號二樓,25.0850499864132,121.556569990495,4300000.000000002,4156642.132093233,2475484.4060573378,3633725.3800349203,4166233.3065485414,5669701.91400236,6190996.42185763
臺北市萬華區西昌街２０１號三樓,25.03795999,121.50067,15000000.00000001,15562897.92094261,11028222.543193575,14973009.84603768,15103254.157367121,19029681.03781866,22258320.873541716
臺北市北投區中山北路七段２１９巷３弄１０３號,25.12779069,121.5304019,16849999.999999974,24060333.27761773,15140384.765647803,20700661.448423382,24811245.53598859,28273068.756313533,31900264.012196317
臺北市大同區延平北路三段７２號三樓,25.0655799988031,121.510939999256,16500000.000000013,16389149.096767927,10564852.785148993,15738118.797563875,17340340.53822623,21275258.339488328,23493481.63915651
臺北市大安區延吉街２５３巷２弄６號五樓,25.0347799831232,121.556899986024,19499999.99999998,13862742.62260477,9115243.938958049,11470783.28939322,14207977.859988108,16536058.355098877,19039162.88146845
臺北市中山區北安路８２１巷１弄１７號,25.0849937,121.5570648,18949999.999999993,14327644.582775196,9050688.399424152,13002053.06223771,15812181.97693117,17855595.14867774,18512357.592394188
臺北市中正區杭州南路一段１４巷１９號三樓,25.0398600031807,121.524049966374,44500000.000000075,29731573.86515526,22378293.301746834,26368764.249060996,29883309.04449802,32597495.389050264,39082332.29718616
臺北市中山區新生北路一段４７巷３號,25.0480199954696,121.530270009083,21500000.000000007,23397160.006404456,10810706.085223954,20327392.2673413,26701277.180358574,32230610.65187256,40223722.97787311
臺北市大同區南京西路３６０之２號九樓之１２,25.0537299993698,121.511070002574,5200000.0,6214003.876862304,4269233.821250676,5024473.5444472935,6059166.59860784,7679806.430009111,9803228.817022825
臺北市信義區永吉路１８０巷６６弄２８號五樓,25.0434200070069,121.570410021381,22999999.99999997,18075905.252559677,12966609.663426658,16455050.98660822,20083038.636257395,21139846.82511318,24187414.599783264
臺北市南港區研究院路二段７０巷３７弄１２號七樓,25.0458800117699,121.613610015071,21500000.000000007,22125362.454549138,14540181.826323241,18137204.768026385,22231898.22260401,27069321.50542914,30188597.87699876
臺北市松山區民權東路三段１４４號十二樓之４,25.0618500099805,121.547240010252,22680000.000000015,21056294.787407767,15370643.120638099,17261681.095239624,20635408.15905548,23577684.306861088,28193616.150561318
臺北市文山區久康街２６號五樓之１,24.9888099799812,121.565039987473,8879999.999999993,12540775.948975157,9613452.09691171,10594613.294452231,12969485.52702095,14505348.678465841,16794800.81156035
臺北市士林區福港街２３３之１號,25.08459301,121.517662,18510000.0,17917268.930625908,12422260.078231623,15199126.540710328,18017376.773389976,20881715.34658449,25701795.295644086
臺北市內湖區麗山街３２８巷５號三樓,25.0827999902343,121.573339999455,18500000.000000034,15987709.122546187,10582108.596874982,12858774.689783428,16406091.669114148,19276364.64636899,22695373.950601287
臺北市大安區通化街１９０巷１號二樓之６,25.02635998,121.55275,2579999.9999999995,1838651.9643152915,1297949.6618014257,1640026.8048632182,2338590.805035019,3306538.8892822512,6439187.294647342
臺北市松山區八德路四段６８９號,25.05023998,121.576362,26930000.000000045,29177073.61787658,21968958.22700323,25643247.97563871,26539104.75885754,30903156.570087735,45439862.788952515
臺北市信義區永吉路１８７巷１號四樓,25.0468300166758,121.57285996786,20400000.000000007,22104349.103926163,14216482.978326842,19587544.93983472,22703891.14662577,27377825.809492648,30247129.040789273
臺北市中山區新生北路三段８２號,25.06713602,121.527416,9999999.999999996,9706343.048205102,6479383.626116461,7211112.132489653,9926205.45085623,12394862.518048972,13512926.264754677
臺北市南港區研究院路三段６８巷１０弄１４號三樓,25.0346599961792,121.613649996749,2250000.000000001,8486925.103944885,5655949.02735276,6646936.903431869,8713794.52745131,9787102.819196979,11604339.042111449
臺北市北投區榮華一路１０號七樓,25.1116600144243,121.52345996421,30459999.99999999,27117927.95772555,21795850.74496024,25564915.477702685,31111610.43819407,32455860.669660904,33033566.709361926
臺北市大安區信義路三段１３４巷４４號十二樓,25.0304099940836,121.538970005484,22000000.000000007,29059185.00767632,20913619.626570813,28494533.53271246,32403939.103207804,34141038.15504702,37786345.30791527
臺北市大安區復興南路二段７８巷３０弄３號,25.030856,121.542463,50060000.000000075,32563055.470510695,23874729.92794412,33666700.40264733,37571478.51471557,41063856.96220055,49053501.470145404
臺北市大安區安和路一段７８巷１３號四樓,25.0351000041864,121.551119993232,52200000.00000001,36894888.40597655,24119500.277036987,30788058.185806468,37913299.201122046,50208866.76601645,58166992.06240609
臺北市北投區榮華二路９之３號,25.11325002,121.524038,30680000.000000022,32391708.502586663,24999554.79603686,30638559.249535713,34342057.622771755,39103550.85219887,46847974.12890228
臺北市北投區中正街４９巷３５號五樓之２,25.1314599975624,121.49972995813,22379999.999999963,20469506.71337534,14064354.254077163,18495466.779024012,21071528.893799275,24318387.37896102,27458307.7835909
臺北市南港區南港路二段８６巷１０弄４號,25.05447,121.602975,16799999.999999978,18557330.069482654,13233385.847192934,16256630.047976412,19312626.57471911,21363918.04921223,27514172.431331143
臺北市大安區忠孝東路三段２１７巷４弄６之２號,25.0427399832023,121.540069962638,47499999.99999994,42897716.903032154,26380003.861384336,34430591.15142351,45300015.764804736,50290004.20008257,52298584.58192728
臺北市大安區復興南路一段３２１號,25.03401379,121.5438438,31799999.999999985,23378051.155941516,14109553.615116218,18069597.34436188,23442193.364723094,27506170.745928504,32066694.318337303
臺北市中山區林森北路５７５號八樓之１２,25.06533001,121.52613,8879999.999999993,8713594.688214876,6155675.6546498835,6950135.865542499,8364867.377656465,10965503.248705521,13024670.84535379
臺北市文山區木柵路一段３２０號三樓,24.9885299825056,121.557320003192,8599999.999999996,11295673.828560155,7044521.815512421,8950221.143623192,10505099.233537786,14316468.788069965,17979974.857285656
臺北市士林區社子街６３巷１５號二樓,25.0880400208235,121.506969994636,13499999.999999993,15450628.704210626,11357297.767051809,13493408.689969884,15188677.827150699,21825928.585138403,24727444.297331274
臺北市北投區致遠二路１１３巷１０號,25.11700398,121.511823,17999999.999999985,14065212.462770436,9516562.749706278,12599159.320917608,14851826.985145105,17009296.87406643,19107370.412167814
臺北市文山區辛亥路六段３１號六樓之２,24.9894299893591,121.552759996407,21099999.999999993,23699240.16974165,17967195.426317938,21233655.562807545,24701789.54406634,27793464.872655056,31816785.24215072
臺北市信義區虎林街１２６號三樓,25.0418199855098,121.576799965267,19099999.999999978,16190770.729624022,11431628.512531014,13913838.381173428,17427889.717147335,19061809.421793185,21686348.191022206
臺北市北投區大同街２０２之３號四樓,25.13766001,121.49923,10899999.999999993,13416344.290978936,8953723.685506973,12219801.925325155,13690474.789896844,16224375.057064809,18651887.31093136
臺北市大安區敦化南路二段１５２號三樓,25.0252099870822,121.548369974619,34699999.999999955,27496303.238290608,18547039.108102813,23910488.418362595,28545937.6714946,34736652.973812245,37970988.11838115
臺北市北投區清江路２４５巷６號,25.1260100002987,121.501949989005,29700000.000000034,14316795.667633004,12972775.88786725,14259789.185821552,23378496.159928218,28332376.79725268,32888001.012228932
臺北市大安區信義路三段１５６號,25.03321299,121.540834,14750000.0,11327020.20026822,8785011.173038617,10344698.870042382,10616258.459721165,13866175.034534996,15529470.92088733
臺北市信義區吳興街１１８巷２６弄１４號三樓,25.0299300043983,121.560230032336,36999999.99999993,32096035.219816964,23565156.086727727,31419073.929071438,38026918.73630462,39632947.00344432,45666666.5973164
臺北市信義區和平東路三段４１３號,25.01961,121.558055,13000000.000000013,10294181.075966286,5710235.537996301,8188133.3000489175,11516884.925676353,12702319.107747484,15180954.368106874
臺北市中山區長春路２５８巷２６號二樓之３,25.05348998,121.53897,12499999.999999985,14775204.179092847,10419592.140821584,12508857.66335991,13534621.241596716,18698010.760856554,22314041.509240042
臺北市文山區木新路三段２３２巷６弄１４號二樓,24.9819299881262,121.559610022958,15199999.99999998,15456350.568204453,10107509.646563882,12661153.064166805,15015074.328097397,18351010.5190114,20396641.114272825
臺北市北投區三合街一段３８號,25.12729398,121.506,15000000.00000001,20640166.802504122,13078411.655963568,17002287.109833606,21334165.383515634,25397682.49920646,29156000.5225397
臺北市萬華區萬大路２３７巷１０弄２９之１號三樓,25.02597002,121.50153,13000000.000000013,17358548.015006922,12323796.956025127,14221997.158043634,15672651.118713845,19138216.202379175,24022457.048168812
臺北市松山區寧安街６８巷１２之１號四樓,25.0510599860228,121.554130018481,18250000.00000002,12630305.655256461,8594617.040422037,11797747.48548926,12768146.752098063,15252091.848415691,17448581.382971957
臺北市大同區敦煌路１３６號,25.07625771,121.5153456,7319999.999999996,13172970.056929715,7782391.571289692,10120052.139073629,13889526.15566848,15612740.232994428,17229240.853960156
臺北市大同區承德路三段１５６號五樓之１,25.0680700107795,121.518180035762,17999999.999999985,19961350.065622434,13082186.766549118,18051338.679903843,20888910.87513996,22754673.09771493,27577676.472391836
臺北市士林區社中街４７４號,25.09086699,121.501459,10599999.999999996,16161259.362193521,9841949.673107853,12804614.572091706,16163074.387724647,22450389.982484866,25508509.951670002
臺北市中山區龍江路４５巷１７號,25.04925499,121.541282,31749999.99999998,27799188.11234036,17519750.421315223,24177744.310856294,32508079.34574766,35573217.45194062,38596388.36736263
臺北市中山區松江路４３號十樓之２,25.0672896135721,121.533455061758,6000000.0,9197482.146530978,6862330.050766347,7407297.031210342,9420761.750632135,11173784.132825287,12294558.729539094
臺北市信義區莊敬路１９８號四樓,25.0304500176713,121.561359996703,30699999.999999955,26438336.851942427,17855260.907336924,26011328.084016245,26487601.060104735,32181579.469115805,36529880.5407692
臺北市中山區新生北路一段１１２號七樓之６,25.0463999831334,121.532230033321,8000000.000000002,7520978.564621627,5711169.641725326,6020580.145430171,7530723.060918601,8063588.748295635,9969911.569821915
臺北市內湖區新明路３８０巷６弄１０號三樓,25.0553899933842,121.579890037691,4599999.999999998,11127171.353310859,7494399.217574215,8565330.316920582,11160066.494948149,14384077.919133559,16657120.208770048
臺北市中山區民生東路三段８８巷１號十一樓,25.0573000195703,121.543149976778,27600000.000000037,26262316.76603183,18363756.979725834,24505125.472906735,28037263.701172806,30769727.693856485,32447624.0101443
臺北市大同區延平北路三段４６號五樓之１,25.0648400024813,121.510979980934,8879999.999999993,8990203.25376447,5760479.665597934,8349856.9903102815,9026707.04441632,10821627.615986018,13338755.15681373
臺北市中正區廈門街１３７號,25.022099,121.517497,13799999.999999985,16233487.90809774,12329433.58086361,14506853.059449533,15780075.40629767,16603813.52282264,20339843.680366587
臺北市松山區南京東路五段２５０巷２弄３１之１號,25.050761,121.56785,20899999.99999997,19660755.273142632,13153211.330506772,16457449.29510838,19530185.003187038,22524364.529893044,26209716.086092107
臺北市文山區景興路１８８號,24.99229899,121.543817,8189999.999999997,9825162.791893221,7992821.724787201,8270630.98372395,8848183.957095325,11047396.047147889,16643607.757370394
臺北市士林區忠誠路一段１８６號,25.107782,121.529895,17499999.999999985,26465590.359742105,18235773.767411537,22944854.297166716,25735106.073064175,29952091.615913786,34558452.14551122
臺北市松山區市民大道四段３９之２號十八樓,25.0452700187663,121.545799999286,178840000.0000001,148143521.37265238,57917695.91914759,111366145.86458732,178107854.52225456,195119440.6738285,201007925.18364072
臺北市萬華區青年路１６８巷２弄６６號,25.019856,121.501267,6599999.999999998,7055169.027821289,5129724.53138263,5910317.537793583,7180795.9999715295,9007290.686658042,11106278.194132943
臺北市中正區愛國東路１０６號,25.03275521,121.5210728,52049999.99999994,30502790.9684719,22785358.66064242,27381665.37786085,32493564.865368985,39001672.79009453,46235153.0496069
臺北市中正區水源路３７之２號,25.0186032,121.5239452,46000000.00000004,46761253.6975718,33782169.23445244,40795037.25837061,47097291.56652193,54358696.57284656,61303821.53703459
臺北市文山區仙岩路２２巷２７號,24.99904801,121.549928,16000000.000000026,14682767.426765807,11218753.268932132,12473158.138921764,15054914.43119436,18055025.667891905,20165096.38446173
臺北市大安區敦化南路一段１６１巷７０號,25.043375,121.552457,32579999.999999985,26815905.59883218,18523105.78974565,21636296.874118302,25274255.140572548,31566040.207594045,35190860.75455947
臺北市大安區臥龍街１９５巷１７號,25.01840501,121.55294,17999999.999999985,13112320.807568008,8300117.121923066,11067611.47613928,14782961.410427557,17047069.208993845,18520153.199191462
臺北市文山區景文街３號八樓,24.99138865,121.5411093,12000000.000000007,8691471.576918447,6812485.642771416,7864931.325591606,10566421.70883134,11147422.051165313,12716948.640433723
臺北市士林區重慶北路四段２６４號三樓,25.08711001,121.51151,8999999.999999996,14986688.388951842,9024733.507110814,12838429.98908595,15239252.56396729,18004631.698238134,20359961.597752318
臺北市信義區忠孝東路五段５３號八樓,25.04166002,121.57967,29499999.999999966,19425256.494309206,13185623.614350231,17077710.189012785,21294856.487620723,26027973.338545468,29028256.927285947
臺北市中山區德惠街１６號九樓之１,25.0666199834396,121.524030017445,6099999.999999996,5860212.096072381,4237439.359818481,5218879.649173984,6013102.716697918,7499981.336592945,9225344.318726724
臺北市中山區五常街５３巷１９號四樓,25.0653199921666,121.539709959896,18879999.99999999,17256787.224217873,11596453.587440785,16536449.201026717,17194606.499030463,19229646.884317577,22583726.392595336
臺北市內湖區內湖路一段２８５巷５９弄１１號,25.08374601,121.567516,25799999.99999997,20955830.716163963,16059349.910403738,21723152.8407161,22360843.89760004,25251895.800822243,30775144.134673595
臺北市大同區南京西路５７號,25.05304398,121.519385,25159999.999999993,18469371.361238394,13657533.50097358,15961312.870191561,23037184.962097425,24837099.88374524,25333469.92196271
臺北市中山區中山北路二段５９巷７號,25.05597601,121.523465,26099999.999999974,22795596.586303495,16933208.439539623,21655987.491967,23991586.371354856,25590228.49024526,27766382.97029133
臺北市大安區安和路一段１２號四樓,25.0388200185442,121.550290017179,34299999.99999997,23950643.44055781,14887748.351242378,21675118.76791797,24919813.605915975,29625816.3428742,31225801.744793672
臺北市大安區忠孝東路三段２５１巷４弄６之２號,25.0422900007303,121.541330014142,28610000.00000002,20195656.026298784,13319110.661489708,18094578.593478978,23378437.488742433,26565771.419122852,28939437.565927073
臺北市士林區德行東路１９０巷２弄３號二樓,25.1082300139164,121.530969981817,21300000.000000022,19654294.70089432,14708804.651215937,17904972.616570495,21639888.863667287,24754328.480065756,29991049.611569617
臺北市南港區福山街２巷１５號,25.0450600101822,121.617120020845,17499999.999999985,11393166.719198063,6800255.700205167,9003812.606223267,11590296.164866515,13541084.714691203,17512401.578521125
臺北市士林區德行東路２９８號,25.110032,121.536398,12000000.000000007,12696729.633958332,7170000.262532233,10307847.312514002,13468585.44394523,15695332.898925101,17929476.679803155
臺北市萬華區成都路１５７號五樓之１,25.0436699972691,121.502909968376,8999999.999999996,14747349.999821745,9650436.045271842,10999238.191973872,13756151.488551812,16990690.050116107,20370135.645355284
臺北市內湖區成功路四段２１８號,25.08461199,121.596076,16500000.000000013,13459182.357446393,9660117.740916248,12178270.467959862,14237628.841746211,17647976.074185587,18615180.15603371
臺北市信義區信義路五段１５０巷２９６號,25.02285259,121.5795203,20300000.000000015,15576974.966853637,10123905.888698943,12996240.557492899,17255140.31225752,20264877.03077406,24138595.456396267
臺北市內湖區內湖路一段６６１號五樓之３,25.0802099821531,121.575500015903,9160000.000000002,13177231.85547908,9536423.968451189,11137651.88539259,12880049.59361697,14986508.34630758,16032309.525093231
臺北市中山區民生東路一段７０巷１２號四樓之１,25.0572499796083,121.526339986141,12299999.999999985,13555893.961213937,10174993.342522074,12651403.361226082,13258510.255772129,15773099.694704754,18428174.087133333
臺北市文山區保儀路５６號十五樓之１,24.9878199933971,121.568429964394,17199999.99999998,23766866.721111715,20590165.060855135,21682625.147303883,24173941.266569804,28918322.228844143,33743758.75059996
臺北市大同區重慶北路三段２９５巷１１號,25.07371401,121.514552,20000000.000000015,19238995.345976196,10241435.792388558,14599719.621988831,16867585.780356295,23430635.75470256,25990792.491237283
臺北市松山區興安街１５５號四樓,25.0562900002377,121.545400014867,18864999.99999999,22278729.918136317,14185157.43671651,18494501.208466,23538114.230592377,27314481.18440664,30608305.568664417
臺北市松山區民生東路五段１３７巷４弄１２號十五樓,25.0597300171199,121.562080002186,44999999.999999985,45478950.23498293,34331115.89335476,40234955.40441526,45153934.06635113,54478773.518145785,64416974.793866426
臺北市信義區景雲街２２之１號四樓,25.01924002,121.57502,15699999.999999976,16731738.259729961,9868655.867700756,13444178.886838254,15720854.721870387,21703142.58383161,24892880.923886966
臺北市中山區中山北路一段９２號九樓之２,25.0493400194912,121.521129962765,22999999.99999997,32558402.763291795,25124446.811430193,30658480.11119988,34938547.632946074,41436809.26347753,47905304.04251693
臺北市內湖區民權東路六段１８０巷４２弄１１號四樓之５,25.0675800047198,121.592229959365,15449999.999999994,15696083.409185484,12619391.556672111,14747254.889228709,15597078.548331305,16938630.6945592,20054180.57977052
臺北市士林區菁山路７２巷２９號三樓,25.1395100192816,121.551579992078,24000000.0,24493361.797954164,17214940.0644591,19399352.024773233,24211595.702424303,30858566.500772566,37865547.94198061
臺北市內湖區成功路五段３４號,25.08496499,121.6016,30000000.00000005,30045595.201016247,21584375.493255794,23547037.386269443,29292732.715058193,33282019.463672366,44305442.16897365
臺北市士林區華聲街８１號,25.09493699,121.522109,13799999.999999985,8668009.10022518,4422462.469082159,7201648.245740155,11236329.017057676,12862004.709484857,14904268.216044983
臺北市中山區農安街１０之１號七樓之１,25.0648400024813,121.523570018599,12600000.000000015,13556931.025816059,10497488.663895022,12546895.847250383,13229379.569070198,15661345.080585927,18516565.099734366
臺北市中山區建國北路二段６０號十七樓,25.0541899982161,121.536449986294,90000000.00000004,84274372.8007915,57677529.95992823,68788850.0564104,89071502.27179053,91068058.69632503,108376108.27310234
臺北市士林區承德路四段２９４之２號六樓,25.0895700115196,121.519110007919,23799999.999999996,23937626.431947596,17055456.864705086,22538587.259680156,25470439.827025015,30731908.372850195,32861092.559261262
臺北市文山區興隆路二段２５１號九樓,25.00110604,121.5516208,11500000.000000019,15134833.383357432,12050864.66744582,12948831.72560256,15339611.069310928,18135805.93153756,18616710.526481118
臺北市萬華區成都路１０６號十二樓之５,25.0435899920033,121.50204998511,13100000.000000015,14664276.476433402,10560098.33105727,12336488.65131759,13805339.65782454,16816384.72000813,19727366.34336941
臺北市北投區義方街９號二樓,25.1407600125022,121.502279984533,10680000.000000015,12265691.224081907,8392173.644086253,9982758.065708155,11772005.195726398,14049959.718384929,16134388.737425372
臺北市信義區吳興街２８４巷２２弄１１０號二樓,25.02310001,121.56091,14200000.000000004,11430991.94417014,7959147.11517082,10673693.796060504,11662429.314040469,13643179.518657146,15378919.676000567
臺北市信義區信義路六段７６巷２弄９７號,25.032539,121.575769,21099999.999999993,16545085.829939635,11738554.996985756,13906731.257114666,18126229.40114261,19894775.492849845,23079374.358826093
臺北市信義區和平東路三段１９９號八樓之１,25.02356998,121.55363,33000000.000000015,25805247.475905236,18456559.675494947,23141259.763413183,26200937.330308925,30577562.060332708,32738411.387390643
臺北市大安區仁愛路四段４０８巷２２號四樓,25.0365799968301,121.556799989919,76380000.00000001,46890235.04814072,32702874.5739651,39007758.09792265,48905707.0418483,57063020.36499714,68404928.94646192
臺北市士林區華岡路４７巷５號,25.13761399,121.54146,15599999.999999981,18598401.076948777,15257532.614767313,19200608.047065154,21005463.67111659,22785498.838343207,28222418.861057594
臺北市南港區昆陽街１７１巷３弄８號,25.0471100141514,121.593690003079,740000.0,1316700.8340307088,703917.8682257584,1232817.137318964,1827947.595054263,2936942.295694071,6083631.425243124
臺北市北投區公館路１４５巷４弄２號,25.12964,121.506187,11199999.999999998,13831703.018990878,8387683.440537749,10675749.42234505,14476415.475700913,16506113.27394014,17565050.472782623
臺北市內湖區康樂街７２巷１７弄２７號六樓之２,25.0706300116473,121.617520005264,16500000.000000013,14706726.155694546,10171111.39276516,14724933.212333443,15004807.491524462,19283516.24875265,21239591.597552292
臺北市大同區南京西路３６０之２號,25.053716,121.511042,6500000.0,5685854.017103532,4266055.712084065,5170343.981487979,6443770.62544032,6629767.13173466,7797714.475178091
臺北市士林區雨農路３０之５號四樓,25.0986800087144,121.532609984992,18500000.000000034,18508297.25986756,13185270.96181649,17492222.43657176,19622401.913095333,21267968.118083335,26692232.839525107
臺北市士林區後港街３３號三樓,25.08355,121.52302,24799999.99999997,20063893.86432509,11723026.236171115,15374596.79690659,21554517.362252183,24220076.175491426,27326481.772762347
臺北市大安區永康街４巷２之１號,25.0328500080075,121.529700039667,22500000.000000007,12699245.53853533,8519554.284532262,9276588.481347993,12172814.030895894,16002930.42100035,19436449.583076008
臺北市萬華區德昌街１７２號,25.02384998,121.495691,9999999.999999996,13424606.169060558,7779668.028043112,10212934.744839871,13402054.130085424,20315207.095862575,26375807.762482163
臺北市中山區農安街１９號十樓之５,25.06487998,121.53225,10300000.00000001,8469376.021301983,6765314.863451392,7741224.297334374,9371243.242134703,10537066.582237363,11131894.425432589
臺北市中正區西藏路７７號四樓之３,25.0299900188251,121.504779970974,6500000.0,4612514.420980696,3088875.5843649637,3776513.1330901696,5343088.068701969,6175075.939708995,7229133.881553566
臺北市士林區中山北路七段１４巷３１弄３號五樓,25.1196200145034,121.532560028849,19499999.99999998,16459705.26283327,11309842.052266294,14364185.207182424,16891229.140201338,20100754.340599924,24790913.904168848
臺北市信義區吳興街１５６巷２２弄１０號,25.02884199,121.56061,17999999.999999985,14766247.219687618,9363596.131855607,12037080.616661897,15534015.631521476,17724102.548551884,20590524.28842747
臺北市大安區和平東路三段３０８巷３９弄２４號,25.0190100190318,121.555930032188,6159550.000000003,6020627.754012001,3252947.1845882037,5030004.693486721,5567897.011095133,7251428.0336689055,9024954.873034345
臺北市信義區虎林街２３２巷４９號二樓,25.0360099855047,121.576390006382,18280000.00000001,18303002.793594018,13135877.142270291,14314088.684070313,17530733.59535552,21900041.00967727,28048564.109912924
臺北市大同區涼州街２號十四樓之９,25.0608099834345,121.515170010512,28199999.999999963,28870650.052379355,22716508.72762088,23736631.83605922,27383378.017537706,32376089.207933746,36675710.964021966
臺北市萬華區成都路１０８號,25.043628,121.501916,6400000.000000001,6483537.245934457,5075969.146550456,5137231.661345584,6242600.104586263,7300485.030649482,8578834.02959083
臺北市中山區雙城街３巷２號,25.06322301,121.524594,8415000.000000004,9058395.119818356,6709064.500264002,8188760.404027088,9408439.252273671,10696662.962654436,12200732.847627562
臺北市萬華區東園街６７巷２號,25.0262399972539,121.496799980056,12270000.0,17195731.93113011,11319497.671353972,13248318.977806125,15958390.713317832,21413259.692335576,26952661.030529074
臺北市士林區社中街３４６巷１弄２８號四樓,25.0927700126044,121.503529977754,3185662.0000000005,9079509.143311108,6349353.561603007,6946010.504914576,9118454.250704784,10540342.034830455,12434643.558218576
臺北市內湖區文德路２１０巷３０弄１０２號五樓之１,25.0767995659167,121.583894273534,12000000.000000007,37059848.00348259,26006994.452575393,32975827.426494416,41326017.266723275,49442513.20079435,51981234.91433677
臺北市大同區華陰街７９號,25.04975098,121.517961,51479999.99999992,40274904.90612811,30431066.40021385,35277237.46564196,42456603.79107177,48380075.86017564,57247853.70486006
臺北市內湖區康樂街１３６巷３０弄９號十二樓,25.0719300029203,121.617220016949,31080000.000000026,40173617.05640299,31301945.85612306,33553482.97290345,38467566.188223965,45875506.64230338,49495561.09167366
臺北市內湖區陽光街９２巷１８弄１１號三樓,25.0756700081172,121.585629964986,13000000.000000013,10363290.945602635,6445920.706155924,9056890.880094474,12348139.608680256,13889239.951820172,16200085.33489299
臺北市中正區汀州路二段１８５號,25.02409402,121.521938,34880000.00000004,20220016.89080444,9843533.175887175,16926458.732234236,19921626.71433114,24784329.93501272,33123310.485857204
臺北市文山區福興路８２巷５弄１０號五樓,25.0068500149096,121.551150000445,8899999.999999996,11512369.807414886,7458223.827579097,9079509.115030838,11692766.555471592,13393330.64237094,15681800.075105624
臺北市文山區景興路９７巷１５號,24.9955800012665,121.54573998486,7500000.000000002,16660482.766142007,8482443.327699544,13335083.361187782,17248493.656308386,22443525.76324453,25853422.00983923
臺北市萬華區萬青街１２９號,25.02344199,121.501751,8199999.999999994,7195066.587345982,5206718.6504674265,5804889.774127243,7755380.63563805,9370653.853315733,11579119.04764585
臺北市大安區信義路四段２６５巷５９號五樓之２,25.0349399936548,121.555810003335,64540000.00000003,46999441.87717511,30312270.77683633,42473228.2168924,53050120.01742987,57136814.60127116,68174486.93758643
臺北市中山區復興北路４４８號七樓之１３,25.062720683849,121.543981115059,11599999.999999983,12395590.789709972,9595931.422615262,10679091.318575645,11567940.097244939,14352511.330189798,16353469.195743218
臺北市北投區溫泉路３７巷２８號五樓之５、２８號五樓之６,25.1354311586974,121.50638518217,11699999.999999993,13497166.936498774,10680533.022925597,11652208.325182881,15455439.132465795,17422790.949280944,19734853.882302947
臺北市信義區松德路１１７號,25.03773092,121.5755742,57249999.99999994,38423169.86522691,30187305.41529107,36626054.26026323,47805562.67027469,51605659.07783958,55457614.469758466
臺北市中山區民權東路二段２０６號五樓之２,25.0621899799733,121.536510000721,16000000.000000026,13071830.334916625,9160347.547220808,9764572.027487554,14097347.777474757,16227744.035146061,20163471.311156783
臺北市北投區致遠一路一段９０巷２號,25.109422,121.515529,14000000.000000007,13413037.58116341,9557413.14573581,11054910.820808716,13608563.852501556,18482218.4845826,23602715.85845249
臺北市文山區興隆路三段２５５巷６弄１３號,24.991999,121.559561,6000000.0,6428857.249517466,3758642.96474344,4620369.757291569,8235961.265212141,9310681.081100142,11468364.153176427
臺北市文山區仙岩路２２巷９號,24.99860679,121.5494637,13000000.000000013,17934978.37298069,11208438.409537217,14931668.980011897,18379242.72640617,22526350.128983222,25118838.26366595
臺北市大安區延吉街６２巷６弄３號,25.04363999,121.553307,31679999.999999974,35208991.20954731,23986795.213712342,30272556.95794673,39712145.98141823,45434588.83212515,55191321.93665989
臺北市北投區知行路４巷２號二樓,25.11782,121.46643,9800000.000000007,14663996.612935543,8712756.092906827,10862693.621722858,12177589.198791232,16658605.142455881,19050125.1595627
臺北市內湖區民權東路六段１５０號,25.06876839,121.5901577,30299999.999999963,37092509.07686058,29089127.46643293,32347860.47145257,37291580.019202285,43644504.2561545,49603947.45017773
臺北市文山區羅斯福路六段１４２巷２０弄２之４號八樓,24.9968700180747,121.539820014285,32749999.999999948,33635444.03935842,25777127.427324347,26799305.934457734,32136002.687070545,38229685.700867526,42942560.74773003
臺北市文山區汀州路四段２８５號,25.00148295,121.5355503,5303120.0,19377965.680850103,9873642.250684232,10833860.91257263,14993790.649720075,26583888.28654551,32192908.45171461
臺北市中山區朱崙街３４號二樓之５,25.0498500163899,121.541090040254,14659999.99999999,11627565.251793662,7941098.143512604,9254028.102162777,11980378.064823097,14596441.841517854,17882311.368246965
臺北市士林區中山北路六段２巷４０號三樓,25.1031999919113,121.527879993211,42920000.0,31993884.24121531,23823540.8869416,26019963.410918202,32153311.438207235,37135197.57227758,44377111.68324231
臺北市萬華區西藏路２５０號,25.02978299,121.501794,18350000.0,18506273.49439289,12476620.953437297,17982587.326371085,21190715.83078354,24481868.858106315,27755111.859417267
臺北市中山區松江路１５６巷９號二樓,25.0544399884783,121.532079997255,36700000.000000015,29938401.95082142,20057848.610839326,27039209.840511933,31100926.14268455,36813315.872682385,42749142.11277825
臺北市南港區重陽路１９９巷２３號,25.0576099823497,121.600329979137,2534055.000000002,7731695.685508592,5517397.764765754,6538939.38705111,8464629.939888408,13498294.320910342,17149803.133861795
臺北市北投區實踐街１７號三樓,25.1149300044006,121.507840036185,9400000.000000015,14824434.094173796,9842527.570718361,13205901.176703105,15501644.741927529,17791277.097381756,20183879.172605693
臺北市中山區龍江路３１８巷２８號五樓,25.064690008324,121.539269993798,19299999.999999985,17656377.536695857,12112780.442301905,15731545.662050905,17872808.418222506,20711690.09651808,24457662.41130944
臺北市中山區合江街１８０巷１５號,25.06114601,121.538462,25250000.0,22813490.90944477,15287377.671896754,19799529.96936834,22830618.183761336,28245231.42454595,30840187.85107802
臺北市大安區忠孝東路三段２１７巷６弄６號七樓,25.0432400056362,121.540029980959,31729999.99999995,28272748.453901462,16585552.565856805,25863946.81776796,31499231.127053596,33262231.58867393,33764298.725390546
臺北市萬華區西寧南路１２７號,25.04443799,121.506568,46000000.00000004,44879240.67870328,32820803.34650307,40873399.67941651,46552301.58721153,52929581.56144141,61388367.58686539
臺北市中山區新生北路三段４３號,25.065407,121.528041,11500000.000000019,10683920.75114188,7044853.248478823,9007293.991265358,11139666.303767405,12897395.536912527,17782547.020050023
臺北市中正區水源路４７號,25.01947098,121.523768,43499999.99999997,42163738.23826954,31819470.246317573,38695246.74814486,42707449.83520886,52034415.79799129,53537202.03486031
臺北市萬華區西寧南路１０８號,25.041808,121.505868,19099999.999999978,19540387.026240986,13472035.134456342,16390806.757739054,18885948.89322158,22678586.20103559,26107122.715063266
臺北市大安區安和路二段８２號十一樓,25.0295300199788,121.550929975487,41500000.00000007,40417641.62884585,29485326.04635763,36314733.225732364,42729735.0378752,45423992.64876099,51789497.81074798
臺北市文山區指南路三段５７號,24.983449,121.580086,22000000.000000007,32542261.470647372,22051305.539512977,25497065.366316035,35212163.108062305,40253840.13623571,40710878.62783068
臺北市中山區市民大道三段１６９號十樓之７,25.0447699963324,121.54078996812,15680000.000000015,19219197.852543067,13060117.246180017,16186149.199180424,18248234.58555079,21107667.56643511,27829018.618992314
臺北市內湖區南京東路六段９３號,25.05537901,121.577008,24000000.0,25907454.47305465,18531784.51716201,21455369.74329442,24218190.487736307,29559668.99121922,31256335.14774307
臺北市內湖區內湖路三段５９巷１０號,25.08563299,121.59202,15900000.000000022,12585283.014946118,6939183.482797088,10614508.65602393,12918646.504806273,16439387.25925211,18690527.7612808
臺北市文山區木新路二段１３號五樓,24.9839799920954,121.569109988198,10499999.999999994,9489359.482246218,6471858.902827809,8774855.37837329,10228113.562963944,11460211.683296083,13127116.329153135
臺北市南港區研究院路二段２巷５４弄３號五樓,25.0486400048475,121.613000315434,14250000.000000019,16792935.97585972,11726065.136859998,14044209.805912836,16753867.948663305,20192812.893164594,23254282.57476625
臺北市大同區昌吉街７１號,25.065997,121.514501,27079999.999999974,23230574.61421948,14145073.907109395,17928061.706381455,26332756.889469042,30450832.447174493,35156362.009378165
臺北市文山區興隆路三段２０７巷１７弄５號四樓,24.994989999102,121.562600015459,14299999.999999993,16507048.967637012,11214995.706336424,14852491.538316175,18209626.503041726,20632535.857563198,24458792.68513203
臺北市信義區逸仙路４２巷１號五樓之１,25.0402599876003,121.562800007669,20000000.000000015,11499830.871248547,7529774.173035765,11673606.012587385,11958191.502589928,13502852.221633188,15071950.752850518
臺北市中山區新生北路二段６８巷８號十二樓,25.0566800101924,121.526850024949,25500000.000000026,24541004.842694513,17487291.2828503,22732392.276324864,24070577.862582706,27312943.06332634,31199244.88862724
臺北市文山區興隆路二段１５４巷１４號四樓,25.0008900207472,121.551300036512,13499999.999999993,15939609.35814094,10768012.916592866,15774796.515492931,17290237.350456282,19283910.00958129,21327335.561153863
臺北市萬華區和平西路三段３８２巷１２弄３２號四樓,25.03462999,121.4907,6000000.0,6613715.670452132,4166947.3787966794,4792389.362631252,5892834.149591234,7919693.675347997,10695253.633101668
臺北市中山區天祥路８０號四樓之１１,25.0640200008936,121.52036000114,12550000.000000015,9318744.434292432,7183928.252240573,8059490.370401497,11082425.276171334,11470639.258754905,13663097.875087682
臺北市萬華區萬大路８５巷２０弄１號,25.03014399,121.501947,12499999.999999985,14492698.490466189,7081118.071155364,10325201.230832929,12529190.0657854,19547745.744817577,21769289.860284768
臺北市士林區社子街１１５巷１３號,25.0883700163515,121.50611001137,7500000.000000002,9566739.721443377,5495651.12931551,7571723.072012797,9624733.449803203,13211554.232746063,16153960.271195233
臺北市松山區復興北路３１３巷４０號,25.05883998,121.54693,78999999.99999993,63187251.137538426,47626932.72592674,69188722.27492246,74316411.42659718,80780213.60891344,84985785.0656366
臺北市中正區仁愛路二段１５巷２３號,25.03897999,121.525896,28679999.999999966,17484464.863030568,11809507.799087513,13835374.444614757,17702393.063100997,21235780.76225602,27144155.239500605
臺北市文山區福興路３６號,25.00316701,121.550933,20000000.000000015,19346864.69321627,9233517.305993667,15318895.918215439,21194977.0322395,24969835.03798294,26030309.19364676
臺北市中山區長春路１９０號七樓,25.0546600134367,121.535160011395,6999999.999999995,7774822.528909838,5443675.922129817,6659782.977691836,7008458.502064505,10976519.672648631,13538585.437686078
臺北市大同區酒泉街５０巷５號,25.07124,121.516716,17199999.99999998,16512492.332713937,10992787.918365303,14141827.618642533,17437465.213408355,20165184.621816862,23690517.723491684
臺北市信義區基隆路一段３６４巷４９號三樓,25.0355100049803,121.558939973618,9999999.999999996,7289752.605379721,4593113.813684044,6356436.188209857,7671129.8928638855,8192724.184484043,9973332.09632788
臺北市中山區中山北路三段２５號十二樓,25.06518001,121.5225,6999999.999999995,9027218.324923366,6254720.941674909,7339415.153689914,8948087.887990847,11197937.221440665,14107932.541775402
臺北市萬華區和平西路三段３０９巷１５弄５號,25.03582998,121.493132,8970000.000000004,10868076.456092885,8427886.602873363,9039372.066897878,11489308.948211899,13484192.452043828,15834891.321425248
臺北市中正區博愛路２２３號二樓,25.0339488501658,121.510681361198,470999999.99999946,185086893.10244387,39903650.82197852,87592402.30926237,208152938.25750917,215583066.6855911,246301581.25416914
臺北市松山區南京東路五段５９巷３０弄４號,25.052932,121.55903,25599999.99999997,19682320.667403203,12934210.728680562,17625821.17313949,22385663.803945147,26134096.814188093,28284856.31312853
臺北市信義區吳興街３３６巷４６號,25.02526698,121.565104,18879999.99999999,17336902.839186817,12592506.573777787,14092360.32618225,18352124.097038396,21098443.060906626,24045623.343741037
臺北市中山區長春路１９３號七樓之１,25.05481998,121.53808,68579999.99999999,48877612.11943619,34009469.09947724,47043118.719651245,54364956.498697564,59060839.1506833,66914283.030714504
臺北市中山區安東街１６巷３０號二樓,25.0449699885421,121.540189991491,4999999.999999999,5293525.310185005,3063166.910249606,4491334.050228243,6125466.257046318,7721824.822351512,10594442.598042358
臺北市萬華區和平西路三段２９０號三樓之３,25.0351399858646,121.494680029105,9999999.999999996,14355304.40868756,10300044.302504055,11784945.03984354,15295842.61874951,18387284.78072033,21217297.14434403
臺北市大安區通化街５７巷２１號,25.0305700046153,121.554890005642,51800000.00000003,27070401.994730227,16260895.106083604,17888920.378591478,28075202.62791338,34990657.22794953,40355631.28313273
臺北市大同區民族西路３３８號八樓之１,25.068589982143,121.509439973864,48202793.99999993,60463755.29127821,44203234.13036547,50638440.57361582,58041108.927112736,72273399.94676396,74013044.77266474
臺北市萬華區中華路二段４１６巷１０６號十樓,25.0268199830441,121.502260035603,20999999.99999998,27798863.511118528,19774481.961848255,20431243.06921302,26773749.178889245,33552898.34007357,35454496.13828431
臺北市大安區忠孝東路四段２３３號七樓之１３,25.04163001,121.55358,11880000.0,8243431.3624180565,5892620.166995835,7427956.475914851,8098553.389645858,10171662.484772578,12287830.555602193
臺北市內湖區港墘路５３號,25.08157099,121.578447,17880000.00000003,13895759.76758704,9050688.399424152,12109234.66220738,15413108.810016464,17342625.646664362,18292675.139491238
臺北市大安區信義路三段１４７巷１１弄１２號三樓,25.0346400053402,121.542480011258,14000000.000000007,9175921.837120753,6960371.1997700725,7730195.041646057,12130213.058952726,12558904.956297664,13612355.20557247
臺北市北投區天母西路１０５號四樓,25.1188500109682,121.523700021917,8280000.000000004,14419870.103784662,8964196.40066352,13012530.312346118,15833618.06359248,17409972.474156857,19114228.478270978
臺北市中山區龍江路３５６巷４７號,25.06613002,121.53896,28999999.999999948,24080686.2172233,17123778.50064578,21685496.43811554,25166767.64383893,28030635.00656254,32640600.993816867
臺北市士林區中山北路五段７０４巷７號四樓,25.0979799940707,121.52791997489,13799999.999999985,14224305.971643073,9665980.860646948,12901394.23331659,15615528.120319357,16814788.81383405,19405767.828136545
臺北市大安區泰順街２巷１２號五樓,25.0257699820333,121.530930000139,26999999.999999993,19785212.94909501,15299654.942195188,22186920.805862,23491363.854961365,25632640.047712404,28038040.679689847
臺北市內湖區康寧路三段５６巷１４８號,25.06758,121.60885,53159999.99999992,51071949.48333652,38574372.456436716,44438232.579658315,54453907.441847384,63193946.02631215,69365129.93452834
臺北市萬華區萬大路２７７巷３７弄１號六樓,25.025690018677,121.502279984533,20000000.000000015,23886717.212789096,16439096.73111895,20243276.048400357,24183736.225539103,28413090.84720049,32118270.56982711
臺北市內湖區星雲街１６８巷４３號六樓之１,25.07997998,121.59733,7049999.999999994,6112070.818308542,4803033.811445111,5456983.120042267,6970164.148429038,7404312.009590075,8735257.094622668
臺北市信義區信義路五段１５０巷２２弄３號三樓,25.0274500087963,121.570370039703,17199999.99999998,14164574.562990818,9922844.407993631,13719027.75731318,15583971.569782028,17126199.85351313,18857897.026776623
臺北市信義區永吉路４４３巷１１弄５號三樓,25.0467099878223,121.578620011722,17800000.0,12772211.501889348,8374209.148250597,10881011.04564042,13317200.806916915,16250014.807785142,19135310.962967955
臺北市中山區林森北路４０９號,25.05960299,121.525702,6400000.000000001,6998558.329305975,5312432.609133866,6500077.114843422,7383792.579373246,7823605.111667282,10133157.277882453
臺北市中山區龍江路１４７號,25.05381441,121.5406228,28444999.99999997,29647207.724032026,25722788.983864095,28564366.34031449,31491030.546571374,33771050.81582,39126129.10497893
臺北市中山區北安路６３０巷２５弄１６號二樓之１,25.08358998,121.54991,40389999.99999997,43672484.41432036,29015171.751641378,34706726.46375417,42138852.38477738,50095189.044030756,58696269.0379781
臺北市內湖區五分街１１３號五樓之３,25.0673399889224,121.6169300031,23519999.99999996,22346355.644458346,16999947.65237277,20176548.785084914,23243777.123209428,28756936.442516226,31334565.9441773
臺北市大安區潮州街１４６號四樓,25.0284399953803,121.528609973159,13080000.000000011,6297933.04708137,4507884.89029114,5877191.135422531,7561140.624836093,8192959.730832391,9754104.033034021
臺北市文山區興隆路四段９６巷３弄１１號二樓,24.98269002,121.56176,24700000.000000007,34334558.47797237,24090142.632786095,26445005.427731536,29090884.79937521,41801819.65178473,45038756.83353504
臺北市中山區民生東路二段１２７巷１３號四樓,25.0594700104834,121.532269679723,31399999.99999999,31541343.036641765,22091881.680968057,26567037.456446297,34003013.031361245,38413761.77058242,46976126.41030881
臺北市北投區明德路２８６號五樓之３,25.115079998558,121.522620013693,15079999.999999976,15818032.837319095,11915096.445764028,14158400.868222062,17253110.31271354,21660711.832754057,23364032.692792337
臺北市信義區虎林街１６４巷１號四樓,25.0387799949566,121.575979963679,18459999.999999996,14316393.008822277,9811770.838875256,12657334.043738509,14946117.03647949,16764033.37283233,19762270.41461123
臺北市大安區杭州南路二段６５巷８號三樓,25.0297300121885,121.522710035333,36679999.99999994,21780756.485173568,15196465.834352296,18767271.119599912,22448750.26503053,28673925.715403248,31107641.490095988
臺北市內湖區陽光街１６１巷１２之３９號四樓,25.0745200110015,121.585129984461,12499999.999999985,14208155.2649575,11377303.459376985,11873520.40755045,12313655.62476727,15128472.19237722,17676788.520217795
臺北市中正區廈門街８１巷９號三樓,25.02453001,121.51797,11800000.000000015,9188748.344190467,6113753.6567532495,6869312.694014886,9210442.815981165,11439652.09214995,13736889.279511577
臺北市松山區八德路四段５７９號,25.050142,121.573796,33460000.00000005,22755277.598015837,9759722.776225233,17633209.87091727,28423777.184107617,30796491.927175324,33456357.58680645
臺北市大安區復興南路二段１５７號八樓之２,25.0281200162266,121.5436900228,22000000.000000007,20369303.44270741,12964758.158111742,18970405.182339765,22205042.314543113,25372777.83969867,27648431.53228096
臺北市松山區民權東路三段１０６巷２１弄１８號五樓,25.05937999,121.54574,36880000.000000045,26851609.529560924,17095496.944738563,21502346.715683147,28467436.52034782,32337455.70396598,37677853.12130681
臺北市松山區民族東路６８５號二樓,25.0636100000998,121.548120026266,28800000.000000034,31720884.39905483,22362896.884780984,26769740.175135028,32601794.910711907,39020720.31700814,46899819.24122828
臺北市內湖區金湖路３４７巷１２１弄１３號二樓,25.0734500191517,121.596800024433,48880000.000000045,50197668.99361515,33429428.377808016,42448703.821904965,52812157.51104367,62707454.61077361,67235930.86637838
臺北市內湖區環山路一段２８號,25.08510371,121.5649688,98190000.0,82822511.4789571,47690298.9889226,75619688.39572152,89352440.38694441,100310680.6487967,129834851.45853567
臺北市松山區南京東路五段２５１巷２２弄６號五樓,25.0520700053554,121.564939991368,19799999.99999998,14370899.914865445,8979554.24663188,12125748.93441318,15498829.027281813,17653813.107295536,20159271.690901697
臺北市萬華區中華路一段１６０號,25.04191902,121.507799,27799999.999999955,24713662.442939986,18531239.674858086,20961933.49805177,27420989.35125851,28962490.03095091,32232843.81968046
臺北市大安區樂業街１５９巷１７號,25.019726,121.554439,39080000.000000045,34132529.46712671,27667158.115024738,27844974.762507454,35877351.897325896,43046531.97346956,43609492.294373825
臺北市內湖區康樂街１８６巷１弄１１號,25.07636499,121.620759,19890000.000000026,21149398.70525464,14281583.31823583,19380996.744398445,21429701.645232692,26366868.009581223,28743322.6893018
臺北市文山區木柵路二段３號二樓,24.9887127026045,121.558901086082,6699999.999999995,6785111.848658235,4868924.412545877,5764581.301367607,6728328.4135864,9855226.050074017,12638681.188904485
臺北市中山區錦州街２１６號,25.06029999,121.53154,26999999.999999993,9907217.228414582,6398711.943678312,8600018.584367188,10376398.496121414,13531263.62474716,18763161.91034982
臺北市內湖區康寧路三段７５巷２１７號二樓,25.0764700188658,121.614370002232,12979999.999999985,13767200.089994673,9906369.573104221,12540381.658277228,13181690.47482697,15860866.786804602,18004395.63615364
臺北市中正區仁愛路二段６號,25.038076,121.525552,93000000.0000001,88892961.04499355,46098840.28471507,75575697.70155743,93086895.38381943,112613108.55614549,195480836.5537296
臺北市萬華區西藏路１２５巷７號,25.02877502,121.502314,17800000.0,18851316.677503448,12790591.269717243,17834681.36724782,20156448.770654354,23545586.343934324,27058626.475831587
臺北市北投區致遠二路９５巷２０號,25.1166899945199,121.511179973144,14549999.99999999,14584821.54233282,10288229.874221452,12929151.768236905,14670589.706799645,17236893.52638348,19402641.03450528
臺北市內湖區東湖路１４３號四樓,25.0681500160453,121.617090013631,7539944.000000001,10630407.490848517,6769132.000712948,8026388.334303547,11710318.405966042,12689975.163496152,15392319.62621944
臺北市大安區信義路四段５３巷１６號四樓之１,25.0341399829062,121.544979997699,17150000.000000004,11813047.869097479,9126286.14744621,11158046.89807226,13556204.221561486,13808882.627792865,15238351.24525877
臺北市士林區德行東路２６５巷５號,25.11044699,121.534981,16600000.000000017,16994794.68717285,11341289.46803262,14854874.968691882,17963777.610784873,20407793.445352327,24536544.51611571
臺北市內湖區康樂街７２巷１７弄７３號,25.0709900143887,121.617099988096,13300000.000000011,13573049.463297842,8443434.666084459,11444456.259404311,13327628.220718412,17295684.147774965,19481247.36689604
臺北市內湖區內湖路三段６０巷３７號六樓,25.0887795964584,121.593124961165,59000000.00000009,51628263.826112546,39844317.47711773,46607399.18703071,61467367.34550028,61956601.381780066,67515986.78552471
臺北市大同區西寧北路１２６號四樓,25.0564899924474,121.508870004448,12379999.999999985,10782106.76762785,6137744.806802947,9161814.871018173,10870518.960654467,12721563.352786535,16662451.10939941
臺北市大安區臥龍街３１８號三樓之５,25.0168000045311,121.559699960779,24879999.999999985,23974772.432941616,17652333.74905635,19730216.179641053,23808873.753159024,27877128.54364998,31491750.97824455
臺北市信義區信安街３６號,25.02762201,121.557878,17499999.999999985,14188424.586095609,9863032.924733706,14237023.582555458,16770769.561180351,18193575.024898183,20979440.217896458
臺北市內湖區民權東路六段１８０巷７７弄１１號三樓,25.0663699931774,121.592939990383,33000000.000000015,29436041.857538126,19959108.827929765,23430969.779071584,32432680.1384091,34109318.036675975,40309472.377903
臺北市中正區汀州路三段６３號十二樓,25.0154845350412,121.531561487525,43360000.00000006,33688796.484266475,26885415.319832444,30256524.589112945,35246211.47149754,38635824.7661094,44200763.30217415
臺北市大同區南京西路３４４巷３５號九樓之１,25.052870016104,121.512259981368,6709999.999999999,8026349.674254142,6100558.259850314,7266466.232870131,7631190.393579198,8344071.683153865,9295747.3576582
臺北市文山區景福街２３０巷１２號,24.99314351,121.5387753,24000000.0,18580660.90915169,13279975.463525468,16042145.653661322,21665857.343013555,21926536.38887833,24473998.709306993
臺北市內湖區康寧路三段１９０巷３５號十二樓之２,25.0686699874088,121.610799982031,35000000.000000015,26166972.052380823,19175406.494626634,24918527.94939681,30472293.311774075,33112862.572919507,37306578.280813284
臺北市南港區興中路５８號十樓,25.05663001214,121.606929973516,19799999.99999998,18702243.221513476,14313264.768347185,17614907.664967816,19874696.487069774,22522219.791679733,24269484.947870076
臺北市文山區福興路８２巷６弄９號七樓,25.0060300133219,121.551619973756,23500000.00000002,30923093.61037182,23372586.47648483,23468415.3201167,29069540.201834388,35973465.76434041,43633512.62573591
臺北市北投區石牌路二段９０巷１８號二樓,25.11703998,121.51703,15660000.000000004,11475123.55307275,8063739.189247673,9656942.968005119,11727795.393857252,14230934.40994489,15526912.144138353
臺北市中山區民生東路一段７０巷１１號五樓之３,25.0573200104094,121.526530003886,8000000.000000002,12184349.159172121,9517631.095238097,10048060.073939158,11471967.337736221,14505348.678465841,16931534.6346312
臺北市文山區和平東路四段８８巷８號三樓,25.0051499973075,121.5672399856,13499999.999999993,16861163.60924652,13527373.067945212,14803977.04851684,18054961.610982,20982293.07905782,23967624.48005158
臺北市大安區建國南路一段３４１巷３號,25.034531,121.538373,26999999.999999993,19664960.416653585,12792095.126144413,16692348.060008237,22190750.24588095,26377825.418218967,27516984.784104798
臺北市松山區八德路三段１６５號十二樓之５,25.0481699896269,121.555399960631,35949999.999999955,24820641.918681994,19513450.060505785,23485267.873567916,25463043.08972744,29504496.96916613,33078332.917581115
臺北市內湖區新明路３７２號三樓,25.0548499892721,121.58059998489,12200000.000000019,11592694.256584235,7421056.827458661,8971301.890476026,12187858.80271756,14777318.885654973,16880754.828902345
臺北市信義區永吉路２２５巷７弄７號,25.04673798,121.574438,33240000.000000052,30605005.098774448,23325144.78023882,27984728.529905222,33416761.295712855,35353855.62136029,36372517.378694266
臺北市大同區雙連街７９號三樓之２,25.0598399876896,121.518919990174,59499999.99999996,50173567.82734559,33872508.38186001,42231754.91476366,51665027.342098124,56435285.09977414,68339551.04868968
臺北市北投區知行路２１０巷２０號,25.1194400131327,121.467559962285,4300000.000000002,14775827.368395481,9695922.01083424,12603514.084002303,16675190.200409826,21482328.480143655,23170597.867659226
臺北市大同區民權西路１６０巷２６弄１號十二樓,25.06161255,121.51549,9299999.999999993,16485392.844159454,9250329.710987406,10622493.904008787,16917928.037509,23151919.821569167,27856386.097054314
臺北市松山區民生東路五段６９巷４弄５號,25.060051,121.558482,38800000.0,30534987.430344053,18980051.395389818,28388764.26724836,39265354.60832128,39359908.687799215,40766319.97870429
臺北市文山區興隆路四段１０５巷５號七樓,24.98793998,121.56113,10100000.000000006,10075955.52387107,7171785.870099388,9995115.006573861,11199157.695081541,12653817.977730252,13530060.583420504
臺北市內湖區環山路二段２８號四樓之５,25.08573035,121.572863,21580000.000000037,20558338.100627296,15929583.039539535,19149616.078984305,21932394.460618127,23531859.103907876,29996203.967660025
臺北市文山區仙岩路１６巷７０之８號三樓,24.9962300178577,121.550230002753,6699999.999999995,6368109.306846175,3541783.2666950617,5039877.543570236,7246934.888409786,8723461.215187384,8793318.295425156
臺北市信義區永吉路５３號,25.045863,121.569147,10579999.999999996,10984544.389067918,8545660.724944502,10383379.495959839,10653561.601160847,12989122.630647507,14948372.183692452
臺北市文山區辛亥路四段２０９巷１６號二十五樓,25.0025700056006,121.555500040555,44099999.99999998,40889672.36873167,33827915.50027625,34043365.50982404,42167836.755327776,44088921.34136368,57397776.770000204
臺北市內湖區成功路五段８３號,25.07384502,121.6053,10260000.000000011,11511802.266879478,8466676.00556907,10230887.385773094,10260349.204870023,13405753.652160082,16280342.527766988
臺北市內湖區內湖路三段６０巷３７號五樓,25.0887795964584,121.593124961165,61500000.00000003,53263555.56370805,39420781.87709394,42100085.32649137,56999419.413877,61910539.309671514,73738088.87223691
臺北市士林區華齡街１８５巷１號二樓之１,25.0879399828091,121.519219978489,20999999.99999998,20336562.58642703,14679416.670251135,17114731.956834625,21021147.464954413,22766038.14973085,27331161.039582897
臺北市內湖區內湖路一段３２３巷４弄８號二樓,25.0826900196647,121.567639970019,17499999.999999985,14061452.074953444,9402347.654782994,11587033.853527771,14855271.489922957,16765805.891756972,18896057.547877595
臺北市士林區後港街１５０號,25.08727098,121.52089,31999999.999999955,38621245.625518955,28212948.335776817,35588023.721340865,41872415.613778956,48194971.7901497,50973353.08754772
臺北市大同區興城街７０號,25.05928498,121.51738,33299999.999999966,27514191.968906112,12131504.873094276,20391905.644751243,22471884.077896163,35446423.77175129,37377969.5227911
臺北市文山區萬壽路７５巷２３號二樓,24.9860700196522,121.588439998025,12400000.000000017,17064269.338942572,12349179.10966573,14124373.031478748,18138363.965369016,21441100.657587446,23812770.864949975
臺北市中山區中山北路一段９６巷２４號二樓,25.0496400078059,121.520499978923,6999999.999999995,8887193.603698848,6169726.566864518,6890918.719100248,9134225.37681951,10778999.464831375,13850226.131112412
臺北市中正區信義路二段１號,25.03561201,121.524587,51999999.99999991,34847409.233860455,24094567.211632103,35705336.98772417,43811571.75392669,45193395.54540997,53108452.52926757
臺北市中正區濟南路二段１５號五樓之５,25.04129,121.52765,15499999.999999987,14647877.687964628,10147530.609343344,11725880.483635088,14506437.280848574,17872130.040521584,22271797.18566879
臺北市北投區公路３０７號四樓,25.13289,121.50253,20500000.000000022,31580969.45836115,20572383.099604648,26872371.483371235,28762930.395541113,41528629.35912691,44251194.578875236
臺北市文山區興隆路三段２２９巷９弄３號,24.99271498,121.559378,14499999.99999999,19841549.92903341,12949048.051818442,17832761.78017676,20972614.18136286,23629581.14764469,28847381.19735732
臺北市萬華區德昌街２６１巷１３號,25.02267861,121.4923286,11500000.000000019,14595408.039863508,10093353.702695886,12460335.03052531,15694292.253580574,19736058.228001595,22969055.87471961
臺北市大安區和平東路一段２５０號二樓之１,25.0259599997783,121.532930006056,69980000.00000003,44405773.90483755,32871212.15237563,41940793.34995872,44317141.16146398,50698306.642909266,73685577.05694367
臺北市松山區撫遠街４０１巷５號四樓,25.0657900073872,121.565940036236,18500000.000000034,15911724.581947634,10660016.287192794,14861612.452525504,16965312.45855487,18579145.011889044,21283170.190075293
臺北市信義區永吉路２７８巷１弄２２號三樓,25.0449199904897,121.574880006525,10399999.999999989,8284297.923261481,5859508.396190943,6754473.940343412,9511705.106164372,10386457.626532488,11758733.916055625
臺北市文山區興隆路二段８３號三樓,24.9999986464029,121.556568579963,44999999.999999985,48634229.74314968,38351731.85648298,41423624.95380848,49351036.36344877,55163402.72172996,67984124.20138015
臺北市松山區八德路三段１６５號九樓之６,25.0481699896269,121.555399960631,34965000.000000045,23210292.05077207,17258159.544210296,21683053.004444845,23308009.790627558,26474035.839492638,31136654.65692512
臺北市中正區南昌路一段７之１號三樓之４,25.0320600136333,121.516710017583,15499999.999999987,13109612.270225,9711707.924812635,13392117.804051649,14569739.143286001,15189262.386827568,17014469.744562432
臺北市中山區明水路３９７巷７弄４６號,25.07795102,121.550349,11880000.0,9529539.74924107,6954743.177160973,8922825.194353623,10340930.191980284,11422660.209125549,13480044.341105947
臺北市內湖區成功路二段３１７巷１１號九樓,25.0697900192206,121.591290012743,50999999.99999997,50577301.993231416,35543524.65411113,45990353.172438145,51704910.57960512,57173890.88670314,67274243.39223821
臺北市大同區延平北路四段１１號,25.069075,121.510953,13000000.000000013,12027929.014154438,7382043.053359366,9092068.732467454,11792175.829998158,16072094.004877273,17995037.515637673
臺北市松山區民生東路四段５６巷１弄８號三樓,25.0574399973533,121.552039990924,28350000.00000005,19793685.595623832,12952186.112883393,18900290.974098932,23208562.018247727,26314803.1549763,29420209.579074513
臺北市文山區景興路１１號,24.99812998576,121.544770031024,20999999.99999998,15638299.018392125,9001417.529014096,13340843.80262998,15801422.387116652,21000160.724260017,25084965.4116071
臺北市松山區敦化南路一段３號,25.04735502,121.549316,118879999.99999991,64811224.17577124,47310396.95456107,50753840.738504395,65763910.80922747,77070966.79919432,78542037.95317027
臺北市松山區民生東路五段１４４巷１２號,25.0580900139446,121.561940024403,11579999.999999994,9486812.307528116,6208721.198399204,7692672.57394528,9061975.42256938,10733031.744344808,12952010.321733426
臺北市文山區興隆路二段１５３巷８弄１號二樓,25.001439999324,121.547809979668,12550000.000000015,16523081.614617014,11563453.761169419,12660164.803109134,16440062.512090033,19596998.0297153,23402324.52635888
臺北市內湖區民權東路六段２８０巷４５弄３９號三樓,25.0702700089059,121.605930012467,9600000.0,8454873.665025752,6829340.117080336,7657646.478668145,8774343.050720306,9591585.310114682,11102868.761939503
臺北市文山區景興路１８８號,24.99229899,121.543817,6930000.000000004,9550831.061969547,6838781.377956786,7683866.818675049,9521459.23756103,12697661.2737855,13258198.243502997
臺北市信義區信義路五段１５０巷４６３號,25.02219685,121.5781223,8699999.999999994,8553672.16974604,6938328.214783135,7306264.679716559,8519163.655615922,9775402.067625675,10904735.370891029
臺北市大安區瑞安街２５６巷１號,25.02701499,121.539543,46000000.00000004,32526454.82297612,18250411.2206132,32392313.67173906,35421194.09380139,39082430.031261474,46610748.34920792
臺北市松山區民生東路五段１６５號十六樓之１,25.0591699802592,121.56394003032,44999999.999999985,51646975.45204851,38533371.259419724,43267779.350312695,44037376.670531765,60566640.88991943,75114861.0629649
臺北市大安區大安路一段２０２號三樓之９,25.03480002,121.5459,16500000.000000013,10098543.573050207,7934269.175280904,8718816.636524493,8920951.326351592,12587881.183989255,15840869.033825582
臺北市中正區和平西路二段１６巷６號,25.0279388,121.5134785,17279999.99999998,15165640.107079182,10709884.008064002,14021620.835321467,16474824.73512982,17664966.73134865,21811205.5125984
臺北市文山區興隆路二段８６巷１６號,24.999455,121.548682,50000000.00000009,46674778.411744945,34190689.52128533,41049831.9484569,51001504.373706706,56019083.53243247,64452595.71219161
臺北市中正區仁愛路一段２３巷８號三樓之１,25.0398100051283,121.523270030284,26879999.99999997,19081842.77350186,15737171.958027713,18301815.237917602,18358027.19702648,21740711.690459933,26896465.464414965
臺北市北投區石牌路一段１６６巷１１１號,25.11202367,121.5154086,13450000.000000022,9804697.185184311,6154232.742582335,8191991.37688474,10273576.521385472,11892019.833928574,15386604.812075466
臺北市士林區忠義街７１巷３號三樓,25.1059800177375,121.533359997688,16000000.000000026,21883868.07867466,15281023.828748986,20405031.75822358,23664819.523476906,26638691.35344191,31149159.00079004
臺北市中山區新生北路二段６０巷２號十樓之９,25.05573998,121.52677,3750000.0000000023,4688298.090075111,3423019.546735417,3519658.059088592,4591640.031468729,5322506.634202678,6387176.110583284
臺北市中正區同安街２８巷１４號四樓,25.0248229946125,121.520894598924,20000000.000000015,19699755.773606565,12948928.436977418,16106720.50533703,19343898.72183604,22994773.626200773,27132840.303183697
臺北市北投區文林北路３００號三樓之１,25.1105000009344,121.511850022484,20879999.999999974,17455777.25624692,11766932.143316768,17370819.931347497,18977966.573982123,22334720.439381734,24810941.268299054
臺北市文山區景福街５４巷５弄１３號十五樓,24.9997100164181,121.53750996177,22600000.000000037,25745985.210046988,18927628.477880787,22626531.63888452,27395775.236914534,29887897.052331932,31977301.267692145
臺北市內湖區環山路二段５３巷６弄１３號八樓之１,25.0843299809305,121.573999990511,29280000.000000022,32652335.50424223,24392434.476313803,28432597.002718933,32116166.37462509,38089487.39842351,40067360.37183758
臺北市信義區基隆路一段８３巷１９號四樓之１,25.0467000133575,121.570680002482,28999999.999999948,26053279.70063114,18976925.976496235,23538255.176589616,25576481.062102027,30841397.419349276,34848673.36786522
臺北市信義區莊敬路１７８巷５號四樓之１,25.0309399818214,121.560909972322,23200000.000000037,16197933.128717322,11249791.833343837,13213631.967113173,14931035.423387546,20301604.433217566,23729191.96156559
臺北市文山區萬寧街１３１號,25.00368199,121.569896,8999999.999999996,14641800.347725281,10471046.82432361,11879406.577598725,14284260.649559438,20359757.22563656,23546232.81610263
臺北市萬華區國興路１巷１１號,25.02352099,121.509121,9860000.00000001,10940180.911536504,6626412.69361817,9595720.474805512,10745877.622214243,12636247.71454139,16942308.71732227
臺北市萬華區東園街６７巷２２號,25.02656098,121.49721,8000000.000000002,11093014.972910546,7781812.357144223,8559705.618431592,11441308.483351504,15448833.890526414,18541390.716517188
臺北市松山區南京東路五段２１２號十二樓之５,25.0511800148763,121.565150041862,25689587.99999998,31031684.36250854,22577400.780452706,25040120.79948902,30542031.80254331,36168126.24506531,40873500.34557546
臺北市士林區劍潭路７３號,25.08343002,121.520581,43000000.000000015,34157652.44879584,24374151.94050804,30625718.76607001,33331420.940855656,39733574.085648715,45227231.32947584
臺北市內湖區內湖路二段４２８號,25.083341,121.592153,14850000.000000017,16674533.405448647,12690307.136163516,15051447.55077424,17873969.59406072,18199959.396289207,22284458.16582739
臺北市士林區承德路四段１０巷７９號三樓,25.0807799934786,121.518889982961,9999999.999999996,17001733.720078606,10630260.764893156,13186784.704211932,16737938.743554762,22572646.540717777,24782859.99770724
臺北市大安區安和路二段１７７號四樓之１,25.0276800082194,121.549969996116,43499999.99999997,27496303.238290608,18369189.856822323,26907780.485997815,29823465.411705725,34803095.361787215,38726255.82779983
臺北市信義區松山路４６５巷４４號二樓,25.0401799823345,121.579679987198,19799999.99999998,15294852.714879753,10933943.934978284,13326084.03768115,16265865.68291928,18736837.090334788,22450812.98373665
臺北市士林區環河北路三段２０３號八樓,25.0879499991834,121.504140012667,27600000.000000037,36674482.72126766,27202112.613217585,32282630.60121597,34794423.73215241,42843867.27863105,49918697.526894495
臺北市士林區大東路９７號二樓,25.0910936859303,121.525597986531,9999999.999999996,11213068.227759399,7608654.199163517,9720044.899699854,11270736.186998906,14554638.694825834,16924404.482193153
臺北市大安區新生南路一段１０３巷５４號三樓,25.0406300067159,121.536900010676,48679999.99999991,37806556.57966818,25832760.015057713,35272872.24907434,43638168.74319094,49593184.19783044,56896088.65440422
臺北市文山區景興路１９３號十五樓之２,24.9922199896501,121.544410028283,19000000.000000015,21534585.12104712,17337954.48944854,18977244.43273267,21006845.113036994,23460272.08835225,25902634.44530385
臺北市內湖區內湖路三段２３８號十樓,25.0886599882919,121.588270013029,40999999.999999985,50393843.86051627,40618539.6893871,43326004.717073984,47184205.982629076,56944212.76150036,68015356.99603455
臺北市大安區和平東路三段２２８巷６８號,25.02098098,121.553353,26199999.999999996,22515796.143769585,13626340.139411695,17853400.081535608,22416710.18186547,26889360.007436242,29777133.089714587
臺北市中山區朱崙街３４號二樓之２,25.0498500163899,121.541090040254,11000000.000000013,8479582.279613726,6742811.508056191,6775652.007800382,8260480.281300411,9689603.650373742,10649439.949929837
臺北市中山區新生北路一段１０８之３號,25.04957999,121.528256,3799999.9999999995,4660830.309777758,2685135.566607555,3367365.190967668,3780409.5040732976,5166802.113780091,6506358.331562167
臺北市大安區麗水街２１巷１號三樓,25.0289699831181,121.528500002589,53960000.0,45216212.20160642,31113911.178820867,39102590.81081317,51255351.5766345,56105955.63258904,61738322.44349645
臺北市信義區虎林街１２１巷２號二樓,25.0402299803869,121.576940026869,9999999.999999996,7704740.925953759,4995760.926437513,6343311.296245435,7746830.376210215,9790541.125982402,11228458.4029118
臺北市內湖區大湖山莊街１７３巷１１號二樓,25.0879000011309,121.601869986207,17499999.999999985,16054089.31018552,11999154.221525326,13905920.430326471,16663196.339730255,18704411.24893516,20609618.34387459
臺北市內湖區文湖街２１巷１１８弄１２號二樓之１,25.09149001,121.55986,25599999.99999997,29324228.6573613,21814921.131781496,23993635.040112123,26981313.60156539,30946433.998277925,36164917.49521873
臺北市南港區研究院路三段７號,25.03557002,121.61736,25200000.00000001,35897956.66157491,25901893.098839853,27253400.507221088,35972368.3273347,42561177.50378454,51843778.478406556
臺北市大同區歸綏街１７６號,25.05806998,121.512376,4319999.999999997,18890732.99733302,12780345.114853093,16301953.380166665,21072708.251286272,26439931.395921417,27479320.36505465
臺北市士林區通河街３２３巷５３之３號,25.0814999989614,121.518900041244,3449999.999999999,5209511.149394937,3219849.1671857378,4090852.330284911,5185221.728327872,6503760.917035024,8383176.450093818
臺北市中山區中山北路二段３９巷８號四樓之５,25.0539299915796,121.52354998585,6999999.999999995,6366890.512462373,3943072.0690334965,5358701.7210390195,6972311.291661512,7194294.791744126,8008801.4008057825
臺北市信義區吳興街２８４巷３６弄８號,25.0228400039593,121.563190017623,26499999.999999996,18146019.314984504,12492932.892074704,17117821.15483217,20515480.806987785,24689305.99830365,27494145.592084344
臺北市士林區中山北路七段２２０巷６之３號,25.12635999,121.533419,6999999.999999995,27751689.00595651,17574781.025299545,26005937.217950515,30483186.6841551,35532850.238764666,41631325.115099885
臺北市信義區莊敬路２４０號,25.02940601,121.562191,20599999.99999997,14032098.818669502,9180684.310677934,11686153.239620818,15538350.71612099,17434941.951916862,20573369.97313519
臺北市文山區羅斯福路五段５３巷１５號二樓,25.00636998,121.5395,9999999.999999996,10311914.510696579,7078852.094385066,9657980.529040784,10863152.671415439,13322513.693026124,15193415.406714084
臺北市中山區中山北路二段６５巷２弄１７號三樓,25.0567300082449,121.524569979647,15000000.00000001,15506018.98181684,10714999.907749142,15201620.565538831,19819314.052574016,20539127.79991614,24468018.79212992
臺北市文山區興隆路三段１８５巷９弄１２號四樓,24.99586,121.56215,9600000.0,13785442.396486133,9635656.778030684,12135278.361755632,13463220.959898528,15800231.417324485,18015160.26009862
臺北市士林區承德路四段９１號,25.08342398,121.523771,56000000.00000003,51911967.13164775,32742707.114223626,48880254.903451115,57184574.15658054,61139131.555285476,70793420.67045507
臺北市中山區新生北路二段１０１巷１１號三樓之１,25.0574599881924,121.528339992058,11549999.999999985,6960732.729323511,4350882.440150889,5197352.318154422,7133149.712756952,9469845.024229502,11682256.37779104
臺北市萬華區康定路９７號九樓,25.0396499945967,121.502040010645,8000000.000000002,8923326.545743516,5519953.022042284,6883901.654425512,8094570.205113225,12486624.683635361,13339218.156505797
臺北市士林區忠誠路二段４０巷８號三樓,25.1102200034588,121.529759970275,22700000.000000037,16197056.823567867,11051627.650869526,13794319.818707272,16210920.423335636,18647685.062311172,22149517.239173606
臺北市北投區泉源路１６號,25.13865699,121.505373,38500000.00000002,47602208.89734756,38397965.99285147,41314978.73679869,45984466.55726443,55924099.95103614,65492567.322291166
臺北市信義區忠孝東路五段７９０巷５７弄２３號四樓,25.0411200127756,121.584260026731,21500000.000000007,18027664.70231492,13230641.148115404,14700597.087718278,16662845.229799764,19871157.19906724,23831021.256060198
臺北市士林區菁山路１０６之１號四樓,25.1406006977658,121.552168300085,50000000.00000009,54071534.72490066,44553809.040820256,49396731.98007599,51436483.59652417,65982037.69588329,89227513.18027723
臺北市士林區社中街１２３號八樓之２,25.0899699959392,121.510119997668,16000000.000000026,25539699.3139809,16486877.078063747,20640283.371291265,22901593.598005615,27296038.732630327,34811640.86775201
臺北市萬華區艋舺大道４１６號,25.029081,121.4922,8050000.000000004,7247143.417497526,4469220.916056618,6345644.053168892,8113646.894790103,10033676.390758451,11490532.033511281
臺北市松山區南京東路五段２９１巷１９弄３５號五樓之１,25.0525100133626,121.56742002888,14850000.000000017,11490207.208852954,7529774.173035765,10961045.032829478,11742683.924690433,13430383.033947062,14723402.906485626
臺北市南港區昆陽街１４２巷６弄４號二樓,25.0494199828475,121.594029973072,14000000.000000007,13531982.950958125,9296430.909248067,11527486.378614256,13627506.693183556,15334194.681826323,16485386.186239626
臺北市萬華區雙園街６７巷３弄１號四樓,25.03029998,121.4943,4399999.999999997,5334966.019608073,4064824.3933793167,4721901.339831709,5042967.269012184,7805258.578638863,9834940.692665936
臺北市大安區復興南路一段２００號十二樓,25.0396900181843,121.543500005055,87999999.99999991,69257158.1151674,41732396.97748324,67445933.73132789,87646189.7644857,88902896.43247429,89517990.74552895
臺北市內湖區內湖路一段６２９巷１２弄１３號,25.08130902,121.574212,19200000.000000026,14165599.943272721,8470891.820797699,12122412.148404293,14810283.260697413,17386257.42344699,19291140.40629509
臺北市信義區永吉路４４３巷６４號,25.04736801,121.578243,119999999.9999999,25866040.572674047,13572188.959104674,17107779.723348826,24202397.843719956,27284228.12665405,32693604.852737844
臺北市大安區建國南路二段３０８巷１０弄５號五樓,25.0237700180261,121.536979974032,36800000.00000003,27261450.215500522,17484864.289883062,20424375.706805907,27403762.660557844,31800330.51413326,35423723.63320399
臺北市北投區永興路一段３２巷９號四樓,25.1383000077392,121.50020001526,11880000.0,17411820.82608806,12021715.472648788,15148257.278850576,17942208.729287084,21628638.38203767,25172842.64976241
臺北市松山區光復北路１８５號十樓,25.0587500050006,121.555440026128,52999999.99999999,39207877.87139537,30555098.09083271,35799731.64947527,40721041.74759771,47973778.168741435,53860914.64095013
臺北市文山區景興路３００號二十七樓之２,24.98886002,121.54206,23200000.000000037,25007027.288426295,20268723.079997405,22188874.36151689,23193443.93618218,26646233.964524865,36141783.60624891
臺北市松山區光復北路６０巷１９之５號,25.04967999,121.55701,31250000.000000007,25273424.323498875,15461583.989445027,22799418.780067466,24796476.417759713,30631871.01747778,35680742.72623837
臺北市北投區溫泉路８１號,25.13551801,121.505853,13580000.000000022,16492238.57228593,12235786.744442046,14570750.620036293,16923750.267307073,19690150.253589377,21808871.324923895
臺北市大安區仁愛路四段２６６巷１５弄１６號,25.03656499,121.553848,30000000.00000005,36287528.0553577,27144633.368118964,40085685.499684215,47274868.007995,49517492.25313706,56271196.06009219
臺北市信義區吳興街６００巷１００弄２０之１號四樓,25.0174799864262,121.572239958482,17379999.999999993,18811362.10546448,13679499.771938108,16611105.178883053,18341057.97646716,21426357.64289029,25608860.87865564
臺北市士林區承德路四段１２巷５７號,25.0809700112236,121.519570006765,8000000.000000002,2656238.33066692,1435390.6473295894,2165282.3087072703,2725237.578809748,3768721.921801376,7050026.842383477
臺北市內湖區港華街８５巷３３號五樓,25.0840799906683,121.574929962668,14850000.000000017,16580772.247738846,12575457.76927945,12977528.368457649,16434714.49042086,19464470.25209204,23794411.10543554
臺北市大同區環河北路一段３８９號,25.061396,121.508657,39499999.999999985,47181561.38398357,31668060.65395354,38350181.731105655,45476831.35303745,55020957.30284968,69606680.38169035
臺北市松山區三民路７４巷８號,25.05568399,121.565245,32050000.000000034,22572441.74422088,16774533.745091949,20742697.093403455,23625346.697312992,29903354.92837273,30934065.129895627
臺北市士林區中山北路六段２３６巷７號四樓之１,25.1084399805909,121.526179975609,31399999.99999999,28461443.122838914,21276094.698840417,25747966.98433405,28470748.910457876,32033616.68666986,35897905.06131317
臺北市中山區林森北路６２８號,25.06743701,121.525567,23880000.0,31195865.9617487,16626532.879456688,23514154.113872968,26934905.832343753,34801306.450087406,38286850.13627246
臺北市萬華區水源路２０５之１號十三樓,25.019570013983,121.503239963904,15000000.00000001,27206331.195465136,19180140.492193926,20350600.475354392,25308760.29155901,29654581.41498194,40335527.4538445
臺北市內湖區陽光街５９號八樓,25.0762800011208,121.586549962678,35249999.99999997,38788311.221203774,27458013.109713048,35818767.19427616,40597346.095936455,51158901.8536981,54950065.31072963
臺北市大安區和平東路一段１８５號,25.026435,121.533101,36800000.00000003,20068955.127670504,14404809.593397658,17013223.5819552,23272093.232713394,25018299.036417887,27648393.25891993
臺北市士林區德行東路８１巷９號,25.107926,121.527256,19000000.000000015,18102368.202984508,12371495.822063822,15151990.124578822,18649175.164672785,20857626.594450843,26961620.15084785
臺北市北投區榮華三路５７號,25.11412299,121.519998,18299999.99999999,22890661.000794955,14764836.419225076,18875522.21928949,23371400.766210087,26276101.87106945,30880323.440176442
臺北市信義區永吉路４６８巷３６弄１１號,25.04455399,121.578732,2000000.0000000016,8430458.247288993,5470937.750655427,6729726.6604943,8420959.399183793,10249696.30664105,12184598.300132954
臺北市中山區北安路８２９號四樓之８,25.08473001,121.55691,12600000.000000015,12720628.059251342,9013688.114745032,10530238.876139661,12228108.126360608,12997593.998222146,14708838.866005199
臺北市內湖區內湖路二段１７９巷３弄３號,25.08190049,121.5876535,16679999.999999998,17959993.100155003,13695172.744941868,14406868.601760214,17670349.17016577,21331492.418529205,23744489.6664389
臺北市中山區松江路２７號十樓之７,25.0598500040638,121.533369972153,7609999.999999996,6816814.02461047,5402251.128038222,6328705.666278571,7129506.921113503,7359827.122642129,9508385.87992685
臺北市中山區伊通街１２９號十一樓之２,25.0543800159611,121.534939986437,11150000.000000006,8898332.836194359,7056210.676284335,8263507.928742436,9140344.615751976,11015278.90454594,11244508.751981638
臺北市北投區中山路４７號,25.13876298,121.511686,3499999.9999999995,5614285.151864358,3552148.645441913,3788302.5092333234,5030824.345150436,6728437.886100907,8326430.63824858
臺北市中山區新生北路一段５４號七樓之２,25.0463200197771,121.531050028992,8499999.999999998,7508849.5332513135,5233402.574686118,6305520.9058304,8014457.9602945745,9278738.359368205,9864852.642314687
臺北市中正區中華路二段４４３巷４５號五樓,25.0253222128815,121.509993699718,12200000.000000019,11914221.326439962,7931146.368368488,11270050.591192769,12372796.775028594,14720901.090371195,16798776.75379572
臺北市萬華區國興路１巷３號三樓,25.0243800110297,121.509149960014,15499999.999999987,14423737.759391261,9892030.6660354,12142283.995717585,14829088.128756005,16869612.198514264,20792293.395344935
臺北市松山區民生東路三段１１３巷２５弄３１號五樓,25.05932002,121.54719,36000000.000000045,30616073.93238061,21746439.7345441,24998895.437688503,31927001.876012865,35734995.11021282,41163547.79798537
臺北市文山區景豐街５號四樓,25.000470003579,121.545869988178,25799999.99999997,26058304.092876945,17796275.736854445,23504703.863542445,24751996.227955338,31204470.01779953,33523662.57217143
臺北市內湖區康寧路三段２６５巷１９號,25.06651701,121.612183,14600000.000000011,14117793.590802377,8858162.901905704,12228717.842564952,15528535.562232805,17625360.50614639,19179999.237510674
臺北市中山區德惠街３巷１６號四樓,25.0674500014016,121.523089987004,13200000.000000019,9831129.606849657,5991939.562448055,8678267.353194026,10732825.977132604,12988171.132564178,15587032.792479485
臺北市內湖區民權東路六段１８０巷４２弄１１號十二樓,25.0675800047198,121.592229959365,13980000.000000022,19909708.263418406,14451221.540979562,17314178.370478593,20146408.1653683,24170966.566844843,26674774.06161906
臺北市南港區忠孝東路六段１４４號二樓,25.04806999,121.58567,11000000.000000013,21561950.195440363,12945783.368958846,18170740.860083453,22370422.28610395,27690537.261167206,29984043.35747197
臺北市信義區吳興街３４５巷３號,25.026715,121.565914,15799999.999999998,14820978.751114175,10641030.215165501,12693484.646941353,15971145.463123435,18153656.22365428,22498337.36659342
臺北市信義區和平東路三段３９１巷８弄８８號,25.02160501,121.55885,3499999.9999999995,5270907.106980503,3401361.591270063,3696039.3963429155,5669968.374553546,7291094.685533613,9975561.287542121
臺北市信義區吳興街６００巷６０之１號,25.0198200042452,121.570280018062,17700000.000000007,17276150.2619287,12957642.035195757,13511044.330296058,17760047.325492874,20171312.231655013,22329452.605223108
臺北市萬華區德昌街１５６號三樓,25.024009991914,121.49604996736,2750000.0,10131620.457296122,7043402.505462797,7866933.37897991,10304341.908672478,13949255.585198276,17635883.5834111
臺北市大同區哈密街１４３之２號,25.07295402,121.513273,18879999.99999999,21862801.571197588,15492380.309739549,18106667.299570624,22721324.628802285,27967132.089636732,28713254.826765295
臺北市士林區士東路２８６巷１之８號四樓,25.1131599979071,121.537499987305,27500000.000000015,27681015.022644863,18417744.484120585,22082014.98064539,26903812.03586653,30467014.701680046,35576638.51058513
臺北市文山區興隆路四段１４５巷２７號十二樓,24.9853700050085,121.563109970448,31479999.999999978,34918370.94690483,27013810.512791723,29082138.228741262,34708248.73031775,40554563.63262976,44888538.17437206
臺北市中山區新生北路三段２６號十一樓之１１,25.0637099962047,121.527399961617,12499999.999999985,11639202.826052587,7552656.32850647,9901080.312178612,11837285.895255238,13791873.714131532,18405331.292550806
臺北市大安區安居街８巷６弄１１號五樓,25.0209700013609,121.554430006796,12000000.000000007,10362625.256831719,6129194.450532146,9015413.676368626,11906054.158743314,14308728.4233394,16412436.141398517
臺北市萬華區西園路二段２６１巷１１號,25.0254399865053,121.493010018716,9600000.0,16681369.6729041,9363265.951280084,13093541.029247735,16749131.290630894,22618467.221110642,26458904.15878657
臺北市信義區松山路１１９巷２０號三樓,25.0473299972002,121.57914999946,23799999.999999996,21319411.949557852,15708505.898489062,18986047.744216874,23703909.496295005,25923979.337897733,30786243.465316337
臺北市內湖區東湖路１１３巷４９弄２７號二樓,25.0698900153255,121.615139963857,28479999.99999999,29926949.070319556,22909894.556623857,24552691.175941415,28417163.960657533,32101457.99119959,37501890.065870605
臺北市大安區敦化南路二段４６號六樓之５,25.0313700153638,121.548420014581,11299999.99999999,9558069.031964004,6766954.111603063,8463114.53388254,9975975.143493038,11015355.010688312,13601598.19670666
臺北市中山區敬業三路１６１巷５９號,25.07937322,121.5546027,69179999.99999999,44876987.765471786,33242321.425033443,40117610.47272934,46770498.65182359,52382192.05493388,64472496.174797036
臺北市中山區復興南路一段５２號十一樓,25.04511001,121.54364,50200000.000000045,34693085.83738042,26841022.696087606,30745174.10634899,33622246.45106639,40835491.39660666,48710657.48859471
臺北市萬華區國興路２號,25.02502701,121.508883,14000000.000000007,12207600.418807141,7209381.3491187515,10554235.02514545,12056695.957187003,14413035.051952735,16931501.05203311
臺北市士林區中山北路五段７０４巷７號,25.0979799940707,121.52791997489,20999999.99999998,17481879.673764538,10256708.41354097,15117664.759466594,18970351.963822223,21367220.65558715,23201465.96158894
臺北市信義區吳興街１５６巷４０弄４號四樓,25.0285000098071,121.559949992951,15000000.00000001,15071995.087582596,10032396.1586969,12318400.018760946,15467649.76943602,17800326.498871285,20280783.354297508
臺北市松山區南京東路三段３３５巷２３號,25.05327684,121.5475401,10599999.999999996,6193935.022708491,3571373.398317317,5094416.264091112,8156273.296352919,8671923.114073426,10275983.378142986
臺北市中正區汀州路一段２２６巷８號三樓,25.0274200015829,121.509429999399,17299999.99999997,20232553.130106952,14934817.433594331,16914946.16170714,22484082.20359569,28190011.108152695,31816282.67789672
臺北市士林區士東路２８６巷１之１０號二樓,25.1131599979071,121.537499987305,27799999.999999955,27751084.185379487,18604762.369254958,22179816.12996293,27374723.901289005,31152193.315950472,36027126.84980298
臺北市大同區大龍街９１巷１０號十一樓,25.0672200019784,121.516929958722,12580000.000000015,14566387.897046864,11869363.922068156,12363705.20948134,12381887.248035762,15727195.973636728,23570441.55192357
臺北市內湖區行善路２５巷３２號,25.0558999902829,121.57702996469,25599999.99999997,25025024.925126214,15895389.387240862,22109694.5114049,24908169.84782604,30466493.484777316,35724802.160611324
臺北市內湖區大湖山莊街２２６號,25.08854201,121.598498,8000000.000000002,9258624.79794457,6968277.345570036,8930611.115114564,9678215.537411084,10763239.595781092,12166159.914563853
臺北市內湖區陽光街２９５號三樓,25.0738399871969,121.579700019946,3000000.000000001,1813264.747774409,1166646.4513412341,1576998.023900783,2052191.703247355,2556549.1090165,5143155.789681524
臺北市北投區立農街二段２７３巷７號四樓,25.1192300045487,121.515070014407,14880000.0,13632723.513592543,8966552.513470925,12245538.449580228,14604213.873228732,17037355.90624328,19466958.897269152
臺北市大安區安和路一段９０巷１號,25.03474101,121.552157,65000000.00000007,44047605.541241385,29703428.175742965,42488667.67950905,51978609.84988492,53839534.032079905,60052158.337135956
臺北市南港區園區街４２號五樓之１,25.0596800190675,121.612439985207,40880000.00000003,32187587.83669952,23057644.096789833,27258193.974979475,33860851.35564812,38433782.934278,45679445.59904848
臺北市文山區景明街１３號,25.00143501,121.541539,12000000.000000007,14150065.019715495,7860872.883111201,11309694.626883935,15556512.657662585,18050340.603265822,21922784.063769974
臺北市大同區民權西路１７９號十二樓之２,25.0631500012535,121.515820027104,36499999.99999996,32094930.728510804,22918985.19731713,27351715.88298162,34488472.20316589,36481893.915531725,42996032.83413674
臺北市文山區公館街２５號,25.00530401,121.537642,16799999.999999978,12647510.978086704,8132291.492400712,10740533.680980066,13108446.594622716,15388554.93952667,17184035.927760806
臺北市萬華區漢口街二段５５號九樓之９、漢口街二段５５號九樓之１０,25.0459399842871,121.506189974726,9299999.999999993,10477191.13908257,7218725.055904576,9165270.381989388,10417852.627056848,12419623.251458772,15301032.368107881
臺北市松山區健康路５８巷１９號二樓,25.0523899845092,121.553319991358,20999999.99999998,13410079.676904108,8746011.224854225,10011172.723893402,12849734.532169258,16466491.476298042,18454504.220206346
臺北市大安區羅斯福路三段２６９巷１０號四樓,25.0194100034514,121.530319965226,17199999.99999998,13229708.933908679,9003193.678438086,12822624.477844767,13839782.505458508,16090099.730683763,18246250.897148248
臺北市信義區基隆路一段３７巷１８號三樓,25.0463299942419,121.568949977667,18600000.000000022,16624001.216280784,11946970.468147885,15451899.156527692,18062431.738978337,20471764.821695928,23613645.638098992
臺北市中正區中華路二段１０５之２號七樓,25.0330899818954,121.505290009782,15499999.999999987,14061774.370203167,9912087.993333431,13584921.589718949,15029298.07991573,18470977.03334179,21755726.663254663
臺北市內湖區文德路２２巷５３弄３號,25.0758500094879,121.580149960509,22300000.000000007,17321618.02497135,9469489.261506807,14521455.943303565,18423713.011238325,22218422.292104624,24042900.472325757
臺北市中山區明水路３９７巷１０號,25.078401,121.547611,28500000.000000034,17011675.755668394,12346010.046226557,14863835.73138956,17376235.824476186,20138862.09564986,23113101.088051867
臺北市大安區和平東路三段１巷４６號十三樓,25.0265800091562,121.546580019196,22680000.000000015,20246271.519743852,14653250.40663837,21212027.782950547,22600729.7529547,24344814.40200689,25781748.59448541
臺北市士林區社中街３９１號四樓,25.0919700018559,121.503069978907,9079999.999999985,11422405.630890684,8563697.254390802,9487739.760743663,11717042.103372144,13391803.618053168,15606323.287043357
臺北市信義區松平路７０號,25.03029902,121.565752,55000000.000000075,35120682.69667677,29301126.594495997,33433196.148164388,34507620.10453787,39399250.1838424,49811143.48761697
臺北市內湖區康寧路三段９９巷３９弄３８號六樓,25.0730300019835,121.609840002661,21760000.000000007,21006592.668424457,14183562.901123893,17789968.388992403,20953301.441888854,24646992.969191745,26025657.213086504
臺北市中山區建國北路二段９９號六樓之２,25.0589300063713,121.537320027844,25899999.999999993,24430077.562352113,16439096.73111895,21347278.012124415,25588886.531085882,28413090.84720049,31924025.35915088
臺北市士林區社正路７０號六樓,25.0888699968759,121.511019962612,12990000.00000002,22295809.90811181,15169149.48436344,20237015.041886277,24123055.045670692,28840889.76379308,29262674.288504597
臺北市內湖區金湖路３２６巷４８號六樓之１,25.0741300010468,121.604020028191,15199999.99999998,16326069.286699785,13540082.71890113,15350609.690013815,17181379.920588415,17805510.465034742,20368438.48659183
臺北市士林區中山北路五段７４８巷５號三樓,25.0994899939278,121.527670026537,16799999.999999978,17479790.325200625,12281032.218883336,13997177.396704644,17088145.364297707,20513130.766993612,25344782.687702287
臺北市中山區松江路４３１巷２５號四樓,25.0656600040689,121.534779975905,21880000.000000022,21677710.38408825,14692462.281758357,19501715.809672963,22178404.12019217,27477045.375623245,28515164.35140334
臺北市士林區天母東路７７之８號,25.11826202,121.535166,33179999.999999963,31448872.37619676,22402671.976231642,27983280.554010935,34426142.43470839,38832053.43968813,44316404.39116052
臺北市大同區環河北路二段３８７號五樓,25.0776400068205,121.509279963332,9099999.999999985,13333148.013687726,8638155.779799664,9777585.68602239,13171485.506752675,16190344.628962487,18354500.833625976
臺北市信義區松隆路２８２號,25.04824999,121.57543,16799999.999999978,11188979.53421299,6471276.373039307,9225674.498067653,12767000.049613986,13990362.710283952,16805398.879096653
臺北市信義區吳興街２８４巷５之２號,25.02548998,121.56397,21300000.000000022,19875006.600511517,10841760.32040191,14444686.210199283,20611235.999152005,24735594.472588778,29910186.048195824
臺北市文山區溪洲街２３巷１１號四樓,25.0057000177939,121.535160011395,13499999.999999993,11311693.696486248,8113791.303337839,11457523.943150766,12153503.755112931,14603407.08751725,16361270.168080576
臺北市松山區民生東路五段１７０號七樓之２,25.05827002,121.56279,28500000.000000034,25239670.449618034,17138685.199172873,26412641.76348135,30799917.39624939,34217489.2771922,35268546.848832466
臺北市中山區通北街９３號,25.0832799799197,121.538630035491,30000000.00000005,37481257.426534764,27446622.40925172,33018581.823361043,36929479.34617605,43072287.60725623,55435719.85743558
臺北市北投區東華街二段３４０巷２弄１７號,25.121494,121.506222,13499999.999999993,12248314.362249263,8034690.394984797,11294220.239648368,12788398.570991868,14998514.842056371,16938250.449095808
臺北市大安區復興南路二段１９３巷１３號,25.02674132,121.5445561,16000000.000000026,12988772.28762007,6243352.931052387,10989842.67341993,15794531.201930098,18164124.615404308,22581079.883591924
臺北市南港區向陽路２５８巷２７號三樓,25.0579999923045,121.593669970331,35119999.999999955,31749421.375824995,23366436.163661834,27419489.969451085,31603852.63477889,37961597.58412951,44780303.71100996
臺北市北投區行義路１４２之１４號二樓,25.1298399852262,121.52819003981,13129999.999999996,27009586.22730964,17454035.881985452,22501283.321044385,27040042.093038768,33302694.05108845,37043309.12786037
臺北市萬華區中華路二段４９８巷１１號,25.02592002,121.507111,10800000.0,11828936.004254956,7884247.488708785,11597424.46695019,11764832.950974781,13237362.354477316,16818715.6641145
臺北市信義區虎林街２２２巷４４號三樓,25.0366600020959,121.576129999746,12799999.999999978,18236653.093427774,12535950.720552288,13524169.590550771,16830707.325028345,21748352.78855196,25610856.21258998
臺北市中正區羅斯福路一段２８號,25.03141402,121.51896,38500000.00000002,30304918.72707387,22322676.43006318,28938158.19936849,33261565.319166873,36529300.31886658,40288939.98337367
臺北市大同區重慶北路三段２０３之３號十樓之１,25.0699299970036,121.513990006183,13109999.999999996,15401381.569788113,11709883.050212387,12643997.096414289,13493113.32843061,15562439.519079737,27611289.45182113
臺北市大安區樂利路２０號五樓,25.0275199976878,121.551240022085,40599999.999999955,32014995.42011185,23109456.965159226,28182693.151023965,35532865.03314347,39552554.99670288,47379446.48627727
臺北市文山區興隆路二段１２３巷１４號,25.0005599833096,121.547440002462,18379999.999999996,20054406.518337622,10828201.3663436,17408244.058238253,19755370.4433959,27303890.73852282,29390176.744813148
臺北市萬華區環河南路三段２７９號,25.01907502,121.493454,8299999.999999997,14123142.411042737,10642540.524853177,12075554.891166434,14559309.621332284,19571440.209369197,23999417.813835226
臺北市大安區復興南路二段１５７號八樓之６,25.02812002,121.54369,21710000.000000034,41821088.67992148,26481758.046827458,33689905.80663561,41000937.96461048,54254665.08161426,56859571.966962725
臺北市大安區新生南路三段２號,25.02577878,121.5346299,33680000.00000004,28092276.8276048,19685920.932110086,25570657.72040323,32820306.93642337,35884606.65907758,40006036.24335231
臺北市士林區基河路３０號,25.08368001,121.5245112,14250000.000000019,10134398.803422315,7032579.74466119,9813013.79295706,11424363.665478433,12788488.450262826,13822978.02254294
臺北市大安區建國南路一段２７９巷２號十二樓,25.0360599835571,121.538380003319,27500000.000000015,19822922.844790164,13703906.42934279,20355929.444077674,23514105.274839364,27281840.179230202,29302931.816992912
臺北市松山區長春路５００號五樓,25.0543599832125,121.54746003521,35000000.000000015,31905170.158422682,23328275.576411642,28335338.171036936,34950486.01233274,39093659.560341485,44317390.80338566
臺北市士林區格致路２０巷２９號,25.136515,121.547415,5500000.000000001,8685487.413660107,6667582.423008362,6717766.259583023,8067236.893417928,9756674.634340612,10305847.161779486
臺北市大同區哈密街２０巷１６號,25.073835,121.51878,16000000.000000026,16020719.595682537,9674385.503871957,13191327.151981384,15815112.134101138,21007278.59906517,24989607.01327789
臺北市文山區景文街１０７號,24.99066402,121.541301,39599999.99999999,49311214.97061485,41497504.94470939,51557831.63656477,54343881.189075485,61222978.158264235,82441860.97512752
臺北市中山區中山北路二段１２０號十一樓,25.0610899809101,121.522699977049,123500000.00000003,202472375.60641217,52109023.07122023,104663494.5974281,148849723.44601455,209789120.95142603,254833717.39587262
臺北市大同區歸綏街１７０號,25.058073,121.512546,5200000.0,7161604.423407812,5106981.0406573145,5597098.3553955145,7192189.362725724,8384129.207268427,10022166.437081305
臺北市大安區和平東路三段４１６巷５號七樓,25.01791002,121.55905,26499999.999999996,27357565.025264617,18515860.189790655,26668921.087996207,28225858.46985729,34620537.0731838,37427401.462434255
臺北市信義區忠孝東路五段７９０巷２４弄１６號,25.04222198,121.582159,8499999.999999998,9263859.95213468,6056646.19307672,7854064.942001028,9825766.712205503,13053404.526650786,16129251.174072526
臺北市松山區三民路９５巷２０號三樓,25.0571100018253,121.562560033781,6000000.0,6461809.680762673,4261009.721402624,4663417.826038016,6425520.32110752,8168468.874695279,9538100.645278499
臺北市士林區通河街１７號二樓,25.0800399971567,121.523359968105,23200000.000000037,23723293.71956171,17033722.3048012,19813957.577590458,24220549.99280663,26395245.388856277,29992148.667546242
臺北市內湖區五分街１１１號十樓之２,25.067309981709,121.616760018103,14800000.000000004,19100717.15731764,14807041.192269789,16802670.769848846,19941273.437454816,24467015.703347567,27508005.68811025
臺北市北投區榮華一路８號九樓,25.1122799818927,121.524019959161,31999999.999999955,30988248.453418914,23698405.011191614,28205487.44297312,33056114.684329785,35592029.60968774,36781094.69502861
臺北市信義區中坡南路８６號,25.04124201,121.585142,24879999.999999985,20332463.635164123,13512909.573857872,16439077.704981036,20882676.726947162,24592511.809096962,27412954.231732484
臺北市信義區信義路五段１１５號八樓之５,25.0336299860075,121.573890019941,20800000.000000004,19219197.852543067,12830586.087538313,16227840.249651412,19026639.298220336,21107667.56643511,27264157.172797874
臺北市中正區羅斯福路一段５０號九樓,25.03093998,121.51932,35000000.000000015,24240582.37503597,17599915.21355992,22669900.428453222,24779788.220705785,32447578.139734175,33893644.495005734
臺北市中正區南海路１０３號五樓之１,25.0280100037474,121.5075599968,12000000.000000007,11676713.826387394,8542251.198645484,10071825.032082282,11684887.277974334,13380454.037651338,18514271.845682006
臺北市士林區承德路四段２９４之１號七樓,25.0895700115196,121.519110007919,17999999.999999985,23937626.431947596,17236379.816406216,21311671.89604771,24928408.059942476,30568511.029124957,33168583.42135203
臺北市南港區研究院路二段３５巷２３弄２號四樓,25.04629999,121.61635,13000000.000000013,13076859.107762042,8732226.212246882,12608337.11477372,12823899.048498318,14904978.138869327,16179153.062311081
臺北市北投區三合街一段３８號五樓之５,25.127157018545,121.506351052211,18179999.99999998,17355564.5870192,14119255.51233061,14685280.356122168,18203493.262927134,20912812.449959844,23474096.410699554
臺北市內湖區大湖山莊街１６８巷１８號,25.08854635,121.5988047,8999999.999999996,10009747.870555261,7063805.268301063,9004139.00749319,11012777.097456835,12384681.888040619,14223358.15984428
臺北市中山區松江路１９４巷１０號,25.0570400129338,121.532330029426,41199999.99999997,32642698.564269725,18638756.87780197,34062551.08105201,40643222.62591719,44092365.37090436,47210282.695057705
臺北市大同區哈密街５９巷７８弄９號四樓之３,25.07606999,121.51484,23180000.000000004,29574993.85529502,22323990.706102066,27559168.57678062,30855322.693193465,32617065.089920744,38430137.261737086
臺北市士林區中山北路七段１１４巷３號四樓,25.122189989836,121.532330029426,29499999.999999966,32856181.268331338,24146084.082212787,29403922.051762223,29949749.925493333,37933077.77193035,48446107.79852245
臺北市萬華區西園路二段３７２巷１０１弄４號四樓,25.0269999844148,121.490269974568,2499999.9999999995,5354367.212434974,3244697.0355856796,4487338.960470018,5261998.142153839,6550376.787178004,8440046.665525498
臺北市中山區中原街２２號四樓之６,25.0567399827096,121.528779958155,5343000.000000004,5403166.628369052,3538398.0592173124,5350909.147566122,5398475.538358258,5970384.767094245,7073110.445605151
臺北市信義區中坡南路１６６號,25.03929951,121.5840645,18199999.999999993,14766303.140049659,9651938.138252474,13839239.10402722,16043477.802813033,18017365.138820745,19931366.911220238
臺北市萬華區萬大路５３６號,25.01859679,121.496609,19299999.999999985,21307059.05273981,10931855.244739376,19268877.3091494,19781204.540273592,28124594.152928844,37218757.3333154
臺北市松山區健康路１５巷５０號十樓,25.05546999865,121.553089991935,27999999.99999999,22484398.69012228,17299304.262839857,18266283.99870151,21665431.671742614,27296019.60155683,27669864.144746963
臺北市內湖區成功路四段７０號十四樓之３,25.0828499882868,121.593049960953,13200000.000000019,10650670.416498376,7433657.048891435,10203757.592877831,12230769.676777508,13224033.195101354,14060666.498520281
臺北市北投區明德路１０６號三樓,25.1097400137734,121.520060012825,20000000.000000015,13847478.334059559,8388731.162633717,10913162.485827813,13892369.364166763,17205113.288501266,20419108.36687656
臺北市大安區泰順街５０巷１３號三樓,25.0231800158616,121.530500008506,25999999.999999985,17468897.837199252,11685917.524745304,16929376.261522967,19101457.364866372,21742129.819625065,24723474.095784664
臺北市信義區吳興街５２４巷３６號,25.02246102,121.567754,18800000.0,16593535.120944483,10783009.451229751,13263184.03662095,17737786.22871134,20811225.7800643,26086504.49765129
臺北市松山區南京東路五段６６巷２５號,25.05032598,121.560844,28500000.000000034,24253273.174631137,17030182.200502414,22819337.611523267,28383499.790074892,30349408.09130016,33816810.30695321
臺北市士林區福港街２４４巷７號,25.0842899992523,121.517000031433,18299999.99999999,19836196.34945762,14318761.189163284,17500498.57495835,21326982.704667844,25102394.24718437,30242780.53283092
臺北市松山區南京東路五段２５０巷１８弄１８號,25.05010298,121.567052,21500000.000000007,16740984.39632769,11381820.040360311,15434700.647697028,19352053.266673837,21544700.834851958,23163054.074731443
臺北市中正區廈門街１２９號十三樓之１,25.02282999,121.51749,11880000.0,15270432.612734156,10068178.36899167,12575904.532088267,15946652.43293279,19209584.06821396,19494433.97319059
臺北市文山區政大一街５號,24.98555998,121.58061,19299999.999999985,23618344.059651747,17629763.040060233,20833176.457343888,22856442.08028563,28081249.224668074,30981786.138939284
臺北市文山區興隆路二段２１７巷８之２號二樓,25.0021799956458,121.549379993952,13659999.999999985,14225570.897040797,10907757.508547645,11808665.632815894,14476064.393394977,17019035.87073216,18932226.545259446
臺北市內湖區康寧路三段１８９巷７３弄３號,25.07229499,121.612291,14499999.99999999,19122177.278824966,12705767.313914265,14662451.796671363,18521457.93552065,23249334.09512801,27243104.853687443
臺北市信義區吳興街３６１巷１弄１號四樓,25.0264199986246,121.566489972904,17499999.999999985,14873347.253532417,10517481.849524874,14513603.117413541,16037170.36179152,18070056.634592667,20799837.24145127
臺北市內湖區康寧路三段９９巷３９弄５４號八樓,25.0737099838786,121.610200005402,22600000.000000037,26019700.02708518,18423729.480311792,19915549.774946738,23265779.15724489,29484059.338499054,31276619.99548204
臺北市萬華區青年路１６６號,25.020926,121.50262,6150000.0,4851357.631203013,2903986.350569615,4082553.032656144,5741787.7408277895,6150164.431722978,8075577.123962544
臺北市文山區興隆路三段１８５巷７弄２號,24.99556998,121.561683,9999999.999999996,15483095.80213006,9836715.767657774,11601859.134501692,15009215.740417423,18037410.302796677,20953231.217867043
臺北市松山區民生東路五段２６０巷５號,25.05854498,121.567122,32499999.999999955,27561253.256102096,18193952.314800806,24201708.36918008,28308404.560175747,32838464.87858007,42576705.790204726
臺北市文山區萬安街４２號七樓之１,24.99958001,121.57091,9999999.999999996,10881207.206359707,6822913.842603022,9661380.398263954,10720353.007656412,13098413.175236113,15075378.388400272
臺北市北投區吉利街２５７巷３弄２號三樓,25.1188500109682,121.510429960448,17249999.99999998,17246888.69931555,11648606.292771662,15013663.97126961,17065084.5002101,21533305.858697064,24417246.220186997
臺北市北投區復興二路６０巷７號,25.14458698,121.50396,16099999.99999999,21222763.8883183,14936821.870648064,15981349.945119562,19319022.92816641,25170723.119912706,27243013.855398394
臺北市北投區永興路一段２８號四樓,25.13289,121.50253,11000000.000000013,12631387.09153169,7986188.600037142,10767955.92057836,13070857.515948579,16139247.064450668,19557407.154381342
臺北市中山區龍江路３０９號六樓,25.0612100097636,121.540860040831,31300000.00000001,24430077.562352113,17363146.080150798,22822313.91109863,25380870.04078286,29947871.40898525,33689309.820308514
臺北市內湖區內湖路三段６０巷８弄４０號,25.088339,121.591312,12000000.000000007,17856663.349112578,11883318.99969081,15648976.069166139,20014452.437778853,25109493.565430455,30091153.462776396
臺北市文山區辛亥路四段１０１巷８５之２號,25.00743398,121.560972,14220000.000000011,13555079.733175091,8205803.833169436,12087706.552941047,15596674.849134935,17455067.344661925,19220525.394300062
臺北市大同區承德路一段７７巷１８號,25.05208899,121.518003,13200000.000000019,8841498.973462243,5287066.115435421,8404743.22811995,10830995.927848995,11776836.243389219,13201497.613993403
臺北市文山區羅斯福路五段５３巷１７號三樓,25.0063400180109,121.539560007648,12459999.999999981,12031370.044463247,8059957.028185008,10851860.730292633,12546290.608906934,15033973.963827478,16088682.525062284
臺北市中山區德惠街５２號十樓之１０,25.0665699853872,121.527189994942,6400000.000000001,5696072.192914346,3905891.511205048,5098999.443512259,6056719.9929753635,6897597.136355505,7982587.759617387
臺北市北投區中和街５０２巷１１弄６號,25.14723901,121.494086,8800000.000000006,13580012.541264687,8336638.128396392,11101816.543023981,13590190.945076626,17271300.26894993,20544888.944365073
臺北市大安區通安街１６２號,25.02713099,121.552303,39800000.00000001,32499322.192880124,20691582.468013376,30587680.909552433,37097087.33113403,38017316.545225084,43835151.83897761
臺北市內湖區內湖路二段２３５巷２０號,25.08214618,121.5891462,61929999.99999998,70625370.9066592,46175040.598215595,65018750.52166372,70575044.20517687,82648555.39955568,98673425.9356739
臺北市內湖區新豐街８２號三樓,25.0603499845883,121.583819976814,17999999.999999985,20889027.652464636,15282378.800596587,18046940.30029354,19380903.973545283,21990537.522939578,27125685.693326764
臺北市士林區士商路１４９之６號三樓,25.0940800202517,121.517460030279,42000000.00000003,33539205.85035346,23620607.340251047,29153861.89708742,35371022.35928602,40482168.925368756,46046383.797054365
臺北市文山區羅斯福路五段２１８巷３８弄２３號十二樓,25.0028000050237,121.537179966242,18299999.99999999,18089824.524309576,14454326.440771013,16953238.851807084,19275077.95058402,21161462.97244446,23519787.39381107
臺北市萬華區德昌街１８５巷１２弄１６號三樓,25.0230899942215,121.493809987555,6999999.999999995,15004821.777337806,9528807.367415039,11155812.828146854,12987167.730395002,17514862.633391876,20912165.678170245
臺北市北投區溫泉路３７巷３０號十三樓之６,25.1364237747575,121.511900883032,6680000.000000006,9187655.46981627,6921679.6627129465,7552012.476721432,9881963.62681924,11329796.897780249,12486803.770567577
臺北市大安區羅斯福路二段８１巷８號三樓之２,25.0256100134112,121.524149962479,16000000.000000026,12215191.495790845,9666758.146259032,10961904.736250037,13931794.012091465,14897311.376301456,16569962.13343143
臺北市文山區興隆路一段５５巷２７弄８號三樓,25.0041699851883,121.541869976344,12000000.000000007,12539062.808480937,8830824.824055253,10536116.469099198,12130338.913892504,16752994.787712656,19480642.733714376
臺北市萬華區艋舺大道１２０巷３弄６號三樓,25.0329300132733,121.502569998383,20229999.99999999,26657527.435332082,18577544.890478536,24269620.295063563,26652171.794071823,30627329.638174348,37146656.6911837
臺北市內湖區內湖路三段３６號七樓,25.0895700115196,121.583419992394,23599999.999999993,24146561.38850175,19323120.570513353,21687380.68555329,23490827.855257194,26867447.661769588,28828486.272671442
臺北市信義區和平東路三段３９１巷８弄６５號五樓,25.0212699896755,121.55860997809,22799999.999999996,17616068.729686953,12021715.472648788,15979718.604309395,18723375.873793565,20923652.97160186,24733160.732249398
臺北市內湖區南京東路六段１５９號,25.05666601,121.579563,26199999.999999996,22085388.652939975,14872063.318034234,19635359.67180912,22311225.599317893,24767478.04332047,29536558.370269973
臺北市內湖區大湖街１６０巷２６號四樓,25.0819400069685,121.601400012896,31999999.999999955,50617714.750361934,35132549.451018766,39512530.36043088,54319547.58012965,64339068.68234375,69560260.49618684
臺北市文山區木柵路四段１５９巷１６弄７１號三樓,25.00398998,121.57605,24099999.99999997,38195174.34211713,26032036.361621134,32352877.53982766,40423404.37361055,47391638.73540777,52890654.484478146
臺北市北投區一心路３０號,25.13337401,121.474339,10100000.000000006,17554721.462816443,12464287.764758416,14474187.571534194,18683266.57110746,20448557.92878785,24805258.601522233
臺北市北投區溫泉路８９號,25.13570602,121.507004,20899999.99999997,32411491.053715933,22257697.242268454,27678588.835407928,33605667.14005392,39028593.55967629,46153504.838726014
臺北市大安區信義路四段２６５巷１２弄５號三樓,25.0344499875952,121.554200007373,38599999.99999998,20529710.755087875,13821943.972804878,17748646.983646896,20914747.83634009,24421101.98026885,26712440.511303693
臺北市文山區景華街１２８巷３弄１６號二樓,24.9954199907349,121.547879968559,14299999.999999993,13531982.950958125,9316954.046140987,11386744.28751909,13495209.742517997,16515872.652773127,17988872.287607983
臺北市中正區晉江街９６之２號,25.02317707,121.5242176,17999999.999999985,20081803.575918537,15818758.616191171,17749091.32947408,19827500.26081291,25768042.084903255,27324073.821184177
臺北市士林區承德路四段２９７巷８號,25.09020301,121.51897,4500000.000000002,4761814.863446575,2503172.9094736315,3454955.7335916115,4773098.430174512,7287713.627879072,8583271.220448133
臺北市文山區新光路一段３２巷４弄３號,24.98943401,121.573129,9500000.000000015,10532744.686009834,7559330.69875384,9445444.015382756,11105192.943144212,13342329.14121021,16310748.634504354
臺北市松山區南京東路五段２３巷９弄２號,25.05271399,121.557956,12000000.000000007,17560271.61339175,11151518.664851153,15090650.049216049,18079689.582148235,21173028.65185801,24539551.253245994
臺北市中正區汀州路二段２７３號九樓,25.022189987368,121.524179969693,28500000.000000034,24733925.10461157,19269245.523585867,21884655.999048658,26545402.143615484,27846539.595020294,30811725.2051946
臺北市大同區延平北路三段７０號二樓,25.06554999,121.51094,8000000.000000002,10976047.474641033,8091438.172442945,9456838.45095524,10506713.465604568,15296112.991191855,18210454.112507027
臺北市中山區新生北路二段３８號十一樓之４,25.0546600134367,121.527269958298,16200000.000000024,13514655.891548136,8712255.858040448,12116871.334871802,13963643.509871483,16441107.69212168,19103396.76307428
臺北市南港區富康街３３號,25.053442,121.617348,22000000.000000007,22925998.50875279,14377347.919541936,20478039.906307243,24203561.12844842,28607450.68412146,31221157.912658155
臺北市中正區信義路二段１號十二樓之７,25.03526999,121.52532,51160000.00000008,40448859.328677885,29662355.705878396,36319609.63140251,46788305.52587718,51204273.65732965,56552825.71402581
臺北市大安區新生南路一段１４５號十二樓之１,25.035900014935,121.532999994947,20679999.999999978,15260856.216208003,10431823.293050006,11095294.181003813,17231724.19455884,19482708.972132564,20564856.223627806
臺北市南港區東新街１１８巷７１號九樓,25.046039980392,121.589469966287,36300000.00000006,33186756.6547616,24599233.627514135,30401743.891724076,34195474.548133306,37569511.69508882,41047249.74822098
臺北市中山區民生東路二段１４７巷５弄９號,25.059317,121.535222,28500000.000000034,24087594.278792065,15264768.018003017,21097030.861683942,26630009.024724104,29796760.903794143,34014068.85390333
臺北市內湖區成功路二段４７４號九樓,25.07270998,121.58959,27380000.000000037,29790244.306346107,24005368.735819407,27342790.730009202,29239069.58604335,35456211.74988207,42694568.73578474
臺北市士林區中山北路六段２３６巷９號十一樓,25.1082699955945,121.526179975609,36089999.99999998,30038696.68764214,24046305.225101538,27625104.443199486,33287292.88048909,35337054.178960435,37070391.49197735
臺北市萬華區長泰街２３０號,25.02175199,121.495323,8879999.999999993,11723588.197985798,8314972.358970497,8884184.441394249,11637757.454693422,14344396.217116004,16798681.142301515
臺北市萬華區西藏路１２５巷１３號三樓之３,25.0283599901145,121.5024300206,11250000.000000019,10755495.557464255,6459533.26676634,9105724.471098922,11072884.334309049,12508530.904005531,17270890.520296212
臺北市信義區福德街２６８巷５弄７號三樓,25.0390599924322,121.585629964986,12879999.999999998,11979953.77884352,7878523.925773949,9613045.2768665,12502494.422426358,14336933.743723795,15708377.636490166
臺北市中正區羅斯福路一段８３巷２號七樓,25.03141,121.51985,28800000.000000034,16498620.873970194,12671137.120023647,15252582.890106149,17899079.07502009,21202669.79754833,23798169.681938484
臺北市中山區民生東路一段７０巷６號,25.05764929,121.5263346,15830000.000000028,15305519.82897228,12970789.581989178,14050932.614909489,14657065.49434035,20582967.51894907,20633650.0491963
臺北市南港區重陽路１６６巷１０弄２０號二樓,25.0563299819158,121.60035998635,7504799.999999999,12305700.130718444,7607256.321680815,10991138.450072292,13360640.28167053,15814515.415663293,19771683.47827297
臺北市信義區忠孝東路五段３４５巷８號二樓,25.0415500044085,121.573590031626,65000000.00000007,48953820.03907399,34682231.23066674,43454218.21025538,54217210.46845161,59195743.966423035,64838939.484614104
臺北市文山區興隆路三段３０４巷３２之１８號三樓之１,24.995979985686,121.555259982848,12899999.999999998,21213042.97232358,16500100.68260582,17702091.955731723,21948499.950708315,25057854.08111974,27965388.51691707
臺北市大安區建國南路一段３０８號,25.0355673,121.5374273,28880000.000000045,18351761.63825864,12415365.642136224,15175293.385724233,18863694.543945305,21917232.30865144,27637899.482564524
臺北市北投區中和街５１７號三樓,25.1452999865382,121.493930016409,11299999.99999999,15586243.786758801,10291781.530806419,13604331.819363844,16694256.708270095,19151396.064613447,20932537.075887226
臺北市士林區社中街３８４巷２弄９號三樓,25.09254999,121.50269,10879999.999999981,10026418.746296782,7057204.868607141,8865704.11484161,10445890.341747686,12677416.646915393,15084778.386686644
臺北市大安區忠孝東路三段２４８巷１９弄５０號四樓,25.0401899987088,121.542919977355,27999999.99999999,18811362.10546448,13679499.771938108,16613720.443472296,18522553.27766636,21809057.51244987,25794460.803897895
臺北市內湖區文湖街２１巷１１６號二樓之６,25.091230005534,121.559710019063,22700000.000000037,26224483.718083117,19379525.952384457,22032858.778843008,24905657.462616228,30881875.384494163,33409355.15386291
臺北市內湖區康樂街２０巷６弄５號,25.06832901,121.617603,20000000.000000015,17415975.50750333,12897055.255833626,16959162.83604908,19798804.357975945,21886454.785525333,25143178.232010037
臺北市北投區天母西路１１７巷６３號二樓之２,25.12192998,121.52474,11379999.999999994,10287598.664462546,7703527.493333495,10265095.24539621,11247493.737866985,13219657.528997723,14061574.820473844
臺北市松山區民生東路四段８０巷１５弄１１號十一樓,25.056320007451,121.553150006362,64699999.99999991,38563493.69275723,29190419.499563225,32095743.38829057,37874290.35765881,47805296.46775986,53659025.13559713
臺北市中正區中華路二段３１５巷４弄５號四樓之１,25.0281999795829,121.507299990164,12200000.000000019,11706271.18189438,8542251.198645484,10145088.191416055,11616683.116433632,13228319.598547319,18221585.08463421
臺北市中山區新生北路三段６４號三樓,25.0658400054396,121.527389987152,5250000.0,5661820.590926545,3718742.3557840697,5130852.705820299,5699122.7100030705,6705408.771119731,8183786.874175831
臺北市北投區裕民六路２號十六樓之４,25.11404999,121.51717,39300000.00000003,38711730.51657929,31288460.967940353,31611705.947030574,39755117.1091484,49433192.19188903,53376998.08707299
臺北市士林區德行東路９０巷３３弄２號二樓,25.10595998,121.52825,17379999.999999993,12989890.06358272,8988941.346499478,11181530.010095652,13570533.015501313,16036240.030534256,18193570.304878104
臺北市士林區重慶北路四段４９巷４０弄２１號三樓,25.08035,121.51178,2440000.000000002,8889933.122359995,6087163.80922164,7418470.941780109,9438660.163614646,11423805.67092274,14560469.170955736
臺北市大安區濟南路三段３４號五樓,25.0400799862296,121.53556997028,48999999.999999955,35655974.06685012,24977849.49351868,28712673.683625523,38830416.015253134,46802592.462261885,55013763.24635059
臺北市大安區大安路二段６６號三樓之９,25.0320999953114,121.545899995391,16000000.000000026,13889159.225933008,10235300.63343995,13230298.904090637,14380588.54572871,15771377.263676696,18536820.06385502
臺北市內湖區金龍路１０９號三樓,25.0856399885778,121.590909977253,16500000.000000013,14761081.622568723,9620968.042999929,12732058.453117292,15346162.983838594,17272869.281190235,19322765.225785293
臺北市大同區民權西路１６０巷２６弄１號十七樓之２,25.06161255,121.51549,35539999.99999998,47847832.711274534,36303546.55013337,36931052.31750357,37253877.1722735,62335130.95406579,64630362.82990121
臺北市文山區木新路三段２４３巷３弄１號,24.98061298,121.558979,17299999.99999997,20087313.855979707,14784535.532995056,17107093.306141037,19771749.035265386,23162416.601059444,27072162.91201768
臺北市信義區永吉路２１０號,25.04537802,121.572984,52200000.00000001,40610126.692119986,29422879.656801067,32445273.532498125,44973199.600239985,48764949.30814089,52347950.18869455
臺北市文山區試院路１４４巷４弄１６號,24.99070999,121.54777,7649999.999999994,11446345.862023905,6634248.682958141,9298635.156282894,11464509.705365546,16134065.18518993,20120966.429995775
臺北市北投區幽雅路７號七樓之１７,25.13731999562,121.513130022918,12480000.000000015,23857288.54420243,14417251.006198881,19761097.505897157,23135559.037230037,26715868.440757714,30779031.925982427
臺北市萬華區武昌街二段７２號八樓之３,25.04468002,121.50616,8000000.000000002,9483729.867824662,6271596.026989765,7892272.182082176,9306671.213957163,12366972.248337075,14473964.920369426
臺北市文山區羅斯福路五段２１８巷１８弄３號,25.002318,121.537504,11000000.000000013,17232393.647430483,10991212.037275845,15479592.09450361,18275267.12546073,20929917.261529274,25134958.533683944
臺北市松山區民權東路三段１６０巷１號九樓之６,25.0615799869697,121.548050037375,12440000.000000002,12730537.386168782,7850048.994153215,11631319.217962358,13952028.565522892,17185676.475969132,21947383.811684217
臺北市士林區中正路７０７巷１５號,25.08489899,121.506918,16500000.000000013,22768120.647461753,14721354.807396282,18002912.282035887,20857790.7831986,25091915.823049672,28488244.83457313
臺北市松山區敦化南路一段１００巷３９號三樓,25.04611001,121.54731,34339999.99999997,23773478.834763817,15648340.10798296,20748059.36240751,22865365.95289862,29157688.97628342,33117963.22436048
臺北市士林區德行東路１３２巷５弄４號,25.10713102,121.529537,2344.0,466548.6462428454,629064.7954561075,807441.8412618518,947667.0319271913,2680123.711123338,6350837.353265374
臺北市中山區北安路８４１巷２４弄７號三樓,25.0858499971618,121.556249969432,25750000.0,17791254.10394279,13527373.067945212,16906004.65387587,20380753.7483339,22534171.216325294,25618064.223962806
臺北市信義區松山路４２１號四樓之１０,25.0404899870234,121.578009976809,20999999.99999998,12843685.283198647,9141284.266448017,11264869.831720304,13962906.170401473,16402845.170045052,19832798.346692424
臺北市文山區和平東路四段６６巷４３號,25.0054400111574,121.565130009113,38800000.0,37481257.426534764,27446622.40925172,34757653.863034874,38462560.78661349,45538309.3719126,54497835.939461894
臺北市文山區萬壽路５２號五樓,24.9874200089776,121.587650003651,24580000.000000007,35233740.029759906,27234916.369548228,28679261.343960628,32761864.715955906,36359771.918786064,62142155.88832873
臺北市南港區重陽路２號三樓,25.0555399875415,121.596010030059,17600000.000000015,13878456.75030417,8816150.189112443,11986233.27167813,15066945.365586378,17474198.428784516,18876599.00700827
臺北市大安區忠孝東路四段１８１巷３５弄２９號五樓,25.0440499908496,121.551819965966,24999999.999999963,22120820.364157274,15171966.108357333,18116879.780491594,21135821.344272643,25873795.143604655,28773014.340130545
臺北市信義區忠孝東路五段７１巷１２弄８號二樓之１,25.0419299979889,121.566919964537,10250000.000000004,8526183.839544062,6811892.850604357,7673482.551344031,9155291.830231866,11075495.615860276,13515209.320506815
臺北市內湖區安泰街４５巷１６號三樓,25.0741900154735,121.6183600396,11199999.999999998,15564680.371118303,10171993.735041257,10824055.261214891,14908265.393220868,18807399.786287677,22926487.288097553
臺北市大安區和平東路二段１７５巷１８號,25.02564002,121.54161,24999999.999999963,16880899.462241452,11403491.557983324,14231313.361915817,17127650.63412627,18360424.99467791,25013779.6209348
臺北市松山區塔悠路２１８號四樓,25.058069981196,121.568940003202,16379999.999999993,15800499.796974832,11213289.76142719,14682531.475996066,16633638.039117452,18790601.945429463,21669372.06017752
臺北市士林區天母西路５０巷２０之１號,25.11787249,121.5244591,52499999.999999985,44024928.09415333,29057972.235696856,35858052.4854564,42088578.55159497,49026753.550439686,60751727.803359166
臺北市松山區南京東路五段２３９號四樓之２,25.05158,121.56482,13799999.999999985,13931343.66944325,10198571.770361613,13332626.293242594,14113486.499063384,15549740.625568103,18338287.13904261
臺北市大安區復興南路二段２１８號,25.02633819,121.5432281,45153333.32999997,24873424.72666294,9664970.1470339,18668366.180886228,36775655.33972535,36894385.63602969,39442667.529271826
臺北市萬華區西昌街７７號,25.041514,121.50096,9999999.999999996,9744178.080991674,6615397.027979484,8463978.962751385,9602880.992609335,12281311.027108476,14796393.210385159
臺北市內湖區康寧路三段７１號,25.07219051,121.6086976,13200000.000000019,18861762.512291864,11742782.485601999,16340685.645255182,21444012.345037237,25739613.75692423,28838353.057172783
臺北市中山區松江路３８巷２１號,25.04765491,121.5314594,73734999.99999987,74241906.95508267,43247084.4882528,67952455.72961189,76999428.96075106,88646702.79998186,108276112.27959558
臺北市士林區中山北路七段１４８之４號二樓,25.12343998,121.53244,31980000.000000045,35914840.038428664,24697706.33153265,29992428.420432046,35647384.631086126,46512827.75951275,52696719.222236246
臺北市信義區莊敬路２８０號二樓,25.0287999981217,121.562719960493,38120000.00000006,26563265.977925807,16293441.418929964,20842120.751590513,34670596.08556811,38261246.95682192,43258223.0119109
臺北市信義區吳興街８２號三樓,25.0305899954543,121.560600009542,15000000.00000001,13563790.185589094,9059588.596546233,12151812.578694828,15037431.340365017,16600104.105638493,19096755.918625426
臺北市文山區興隆路三段２２１巷４弄１６號,24.99362899,121.560099,1299999.9999999993,1563745.4854691352,1311280.8092752458,1322498.945151413,1784871.8877465357,2689275.615724376,5761891.427019047
臺北市南港區研究院路二段１２巷７號二樓,25.0478700013123,121.615369963281,26339999.99999996,34180558.321674876,26324075.105030358,27923178.309076875,32561321.510644022,42489459.26800342,44958492.85603823
臺北市內湖區內湖路一段６２９巷３３弄５號,25.08104302,121.574993,13000000.000000013,16154357.09674806,10577047.348701367,13786632.897761617,17860994.907266535,20670581.20788486,25052671.322513066
臺北市中山區農安街３３號八樓之１,25.065020003852,121.525059985707,15279999.999999985,15397900.739248347,12500567.4744308,13178757.749731874,15370746.013847169,16889777.210627023,24150601.725351498
臺北市松山區寧安街５巷１０號,25.049128,121.554852,16000000.000000026,19275818.998589944,12854692.81627636,16879757.19306532,20674766.094610933,27272855.913240805,30431637.62035857
臺北市南港區福德街３７３巷４１號十一樓,25.0401400006563,121.591810026016,20500000.000000022,23915088.738059614,19106982.36356331,19979836.08426588,21949111.142379574,26537936.560944468,30030972.65926124
臺北市信義區永吉路３０巷１０２弄１９號,25.04354012,121.5679357,33900000.00000005,18653665.722255595,10992861.345652092,13631653.235490335,19282827.205329925,25972896.093512904,27238788.35227445
臺北市士林區士商路１４９號十一樓,25.0943000033006,121.517909970841,65000000.00000007,51779421.01442604,37660580.86484219,45546544.82034042,54886781.94431898,61608178.20881946,67707013.35309078
臺北市大同區民權西路１６０巷２６弄１號十八樓,25.0616125506636,121.515490031576,47149999.999999925,62753959.89514195,46807445.10097672,47126996.55085434,47308756.03718944,78987380.29390861,83370297.88343151
臺北市萬華區漢中街１６０號五樓之７,25.04117999,121.50658,19000000.000000015,20786818.363756046,16354101.203437136,18881733.420755554,19237287.167757966,25044226.66053214,30320595.607874148
臺北市萬華區萬大路３２９巷３弄２５號,25.02433399,121.501022,13379999.999999983,15402784.544662194,10408464.978839174,12927297.05683053,16288627.341681594,20920663.71156878,23985918.146185383
臺北市大安區安和路一段２１巷２６號,25.03932,121.551613,16999999.999999974,24199424.72877511,16981370.75703572,22006326.57885187,26511881.014239095,30820762.517240986,32497441.683942378
臺北市大安區大安路一段５２巷７號四樓,25.0432299892619,121.545779966538,16000000.000000026,27048246.981506195,16996095.838126883,25387066.382267468,28402974.650271602,33237618.260590408,37587601.76967554
臺北市士林區格致路２０３號九樓之６,25.1421799907192,121.549330037809,3700000.000000002,7829581.845992048,6166163.652124142,6312865.5051411595,7737694.74333238,9291427.320280131,10059128.122075398
臺北市北投區行義路１５８巷１１號,25.13088102,121.528857,10720000.000000004,17593655.287001897,12357904.185842797,12852782.701224385,16571836.56482672,21562580.002634995,25269345.600050353
臺北市北投區大業路２８０巷９弄９之１號,25.12775201,121.498559,17899999.999999996,16904025.041745603,9668646.273472674,16355988.493289916,19356077.982944313,21365311.466690104,24841348.923989613
臺北市北投區大業路２８０巷９弄１１號,25.12783801,121.498537,4500000.000000002,13851985.182654262,8564541.916092379,11794479.670451105,14473008.75375655,16504403.557081832,19706500.48119827
臺北市信義區吳興街２８４巷５９弄１２號十五樓,25.0218200101619,121.563629983721,22000000.000000007,24123585.965279922,16386992.84309525,19769551.388488553,21941818.35015478,27397410.422502242,32850455.378895618
臺北市中山區合江街１８８巷２２號,25.06134001,121.538221,25599999.99999997,25646046.350417368,16131788.659111794,25298269.338348992,30019325.3291024,33897893.89087969,36984344.70951472
臺北市南港區興南街６４巷４弄７號,25.05583901,121.60147,20999999.99999998,14706140.326437514,9274766.302311474,11639298.827850375,17907867.716049302,20426841.352169253,23524488.899260145
臺北市中正區南昌路二段４３號四樓,25.0324700000001,121.51856,21344000.00000002,15186103.275663445,9844495.010501245,13029076.977893379,16967612.23445231,20488309.332726456,22661733.742729165
臺北市中山區建國北路一段６５號十樓,25.0508500193483,121.537330002309,46199999.99999993,36674482.72126766,27377249.46584717,29620277.569008876,36843046.80716827,43239340.53185484,50378909.22183505
臺北市中山區長安東路二段１８４號十二樓之２,25.0481999968403,121.541360021355,14580000.000000026,13000895.252548221,7943480.32251707,12551344.882593982,13770507.378162678,14668253.978245063,17029061.372422397
臺北市松山區健康路３２５巷２３號四樓,25.05624,121.56704,22200000.000000004,15515423.746838756,10555556.34579613,14579143.376476359,15451653.806760864,17633681.763860602,20914616.865401678
臺北市大安區安居街４號十樓,25.0200899853465,121.554030022376,28580000.00000001,25779608.73417587,17868903.475958895,22949114.09238403,25895392.383706734,29589414.246402644,34127832.90169648
臺北市中山區南京東路二段１０８號九樓之１９,25.0517999823446,121.53207002279,14499999.99999999,13010217.300223911,9578441.898594351,10537697.14545384,12712857.661916833,14344335.05805554,15258647.493522447
臺北市文山區景興路２６２號十二樓之１,24.9901100131637,121.542700036216,5879999.999999995,7864263.204320925,6098186.00781187,6522028.960619496,6786381.62753724,10936166.570148569,12786637.024532575
臺北市信義區忠孝東路五段７１巷３弄３２號三樓,25.0411897911834,121.567282245538,20500000.000000022,16154886.15876742,11575336.864691466,13029594.779488305,16291167.708956465,19437928.729838796,22173805.300634325
臺北市松山區八德路四段５８３號,25.050149,121.573894,23890000.000000015,18590867.29845557,9132468.491802022,15720761.555519301,24279117.344537042,27565552.122953024,28778924.783165727
臺北市士林區中山北路六段８號,25.10290432,121.5265823,47499999.99999994,44484746.89748743,31789962.825029656,38002072.46455066,46106703.62598875,52976778.9268305,59738250.532711454
臺北市萬華區桂林路１０９號十四樓,25.0385499955334,121.500820024638,12299999.999999985,17338631.109534603,13279432.830479,13955922.255256694,17803815.922290247,20728990.946362626,20772721.376004744
臺北市中山區長安東路一段７５號,25.04851201,121.527865,56449999.999999925,44647112.35685851,20756224.416427057,42061901.285130545,52485347.95624368,56081821.45550075,63013524.86021184
臺北市文山區新光路一段６５巷１６號六樓,24.9901300040028,121.574569959927,26879999.99999997,32347221.19972496,23817690.086522944,27215376.41792639,32125821.341279786,37215325.88461182,43166156.47055469
臺北市信義區松山路１１９巷３２號三樓,25.0473199808259,121.579609998306,21270000.000000026,19184239.058659,15301531.342500525,18375866.338333163,21291153.852106832,25055883.614634305,29385743.18184209
臺北市士林區通河西街一段９６號,25.085102,121.51235,16999999.999999974,16197210.245318951,9474010.335228503,16375094.521725317,17023760.798482034,26598311.95772127,34220642.08502054
臺北市文山區興隆路二段２０３巷１０７號,25.003237,121.546147,36999999.99999993,41276647.26278979,30029620.799845763,36960542.29058616,44128345.15847487,49763522.32506443,54720480.69415267
臺北市內湖區成功路二段４９８巷１號四樓,25.0735099916689,121.589069981868,18679999.999999978,16507048.967637012,11214995.706336424,13734425.707458563,16915667.13062942,19288357.520129986,22335947.744131666
臺北市內湖區成功路三段１１５號,25.078869,121.589817,13000000.000000013,12052303.90044669,7613949.802970847,10668962.114441535,12496182.88944742,14828824.118853452,17012149.066496626
臺北市士林區通河街３２５巷３０號,25.0817299983845,121.518069981373,5300000.000000001,4678498.056820039,2535225.8291467614,4292526.561615857,5043638.040509001,6651357.433324628,8203127.186583634
臺北市中山區新生北路三段４３號三樓之８,25.0653999974324,121.528060036492,8400000.000000006,9715058.616325492,5857009.924776683,7561216.62424985,10027705.797860004,12478807.811795332,14921454.12320614
臺北市中山區建國北路二段１３７號十樓,25.0604900042808,121.537469980092,105999999.99999991,216284947.69506717,42709268.95194791,103541189.53967968,107742407.5575639,181593284.61068475,306625698.02670604
臺北市大同區承德路三段５９號二樓,25.06533998,121.51855,15499999.999999987,18547267.070649367,12588511.713624405,15672063.900622254,19639476.13524641,23503143.12589397,28532599.500654012
臺北市內湖區康樂街１５１巷２１號五樓,25.0717600179239,121.620379994447,14499999.99999999,13344802.165959422,8632345.946683537,11239620.710779704,13677333.249374714,16032140.527409123,17493678.086302996
臺北市中山區新生北路一段５４號,25.046438,121.531052,11889999.999999993,6753935.607663773,3566984.211534607,5976219.749093301,8410779.460456414,8624213.047247145,9594205.211076623
臺北市中山區樂群二路３０巷６６號,25.078049,121.553455,163499999.9999998,118730240.86211659,53690311.27566499,106749101.4982862,135189179.0116307,165300839.6937126,279697018.76120555
臺北市大安區仁愛路三段１２３巷３弄８號,25.03856299,121.542411,54525000.00000008,35191997.3273132,22684196.26345548,30391804.850602433,41938232.50355725,43548597.63030943,51056760.53243933
臺北市萬華區環河南路二段２９號二十四樓,25.0316399964651,121.490829969519,20200000.000000034,21554604.38903617,19434975.27731308,20470385.66023556,20754609.16276139,22692974.501909316,34356016.29570051
臺北市中山區林森北路２６３號十樓之２,25.0546499970624,121.525559966231,5850000.000000002,6456376.419987391,4814608.74729991,5590942.555378223,5925302.995560436,7499981.336592945,9293163.570126638
臺北市文山區木新路三段２０２號三樓,24.98164002,121.56002,15499999.999999987,13492204.942262242,9200465.287247581,11337385.035664748,14158379.391383767,16664990.355730677,18760742.793255083
臺北市士林區天母北路８７巷２弄１５號,25.12288646,121.5271632,15599999.999999981,17063586.070252053,10718658.890293896,13660613.348307464,16428629.837483104,20158953.231861345,24891856.837665826
臺北市信義區林口街２４巷４號四樓,25.0378799881031,121.580829984313,4070264.999999997,7460102.167676639,4392723.12964374,6080125.897287091,7364332.827343384,8490037.327397658,11003975.827236025
臺北市大安區大安路二段８０號十三樓,25.0263400000001,121.53477,139000000.00000024,108144561.11428352,55364107.23783641,86839882.80663346,114334813.64783078,135633585.30417633,196091101.59141323
臺北市信義區信義路五段１１１號八樓之７,25.0333199813186,121.57324000335,13000000.000000013,9418633.271796566,6650072.707623932,8334133.139447413,10447933.40013659,12021298.792706115,12718226.131276906
臺北市士林區福德路８２巷１２號,25.092649983751,121.521330038794,13559999.999999993,8143164.375062731,4550289.998689312,6853520.6811217945,8350335.320001746,11349300.938011423,13576204.124746758
臺北市中山區吉林路４２６號,25.06603472,121.5302822,9500000.000000015,9533639.822615726,6843238.960432149,8231373.911339301,9640063.963231951,15175236.444795838,20058927.44263654
臺北市北投區天母西路１１７巷２０號四樓,25.1199399936571,121.523800018022,35799999.999999955,39446985.29661141,26719905.260044314,36869217.76363588,39452954.905554116,51972847.25732382,60118772.480172575
臺北市中正區羅斯福路三段２４４巷９弄３號,25.01727098,121.530295,28999999.999999948,20703498.229290914,10547960.254784767,15995254.665147489,28278816.369400717,28948388.74937318,31225909.369338095
臺北市內湖區民權東路六段１８０巷４２弄１５號九樓之２,25.0675899791846,121.591999959942,26879999.99999997,32778074.444294102,24080193.41406127,27203403.754348293,30970261.164418712,35746855.07492021,40926972.319662124
臺北市士林區士東路５４巷３０號四樓,25.1110700122598,121.527889967676,20999999.99999998,20829184.134940628,14390347.899072513,18516014.03817008,21112468.685517218,25830259.723182596,29559207.48002014
臺北市內湖區康寧路三段９９巷３９弄７８號,25.07449,121.610805,10800000.0,9408614.026138132,6364281.28472496,9303961.134166978,9699864.102034979,11497616.08824862,12960907.689008834
臺北市士林區中山北路六段４２７巷６弄３號,25.11442801,121.526683,17579999.999999974,14042498.321654156,9093665.475370992,11047969.239442242,15093914.897939699,17500780.558997914,19969638.525066916
臺北市中山區雙城街４９巷１２號,25.06786302,121.525233,2619999.9999999995,5274288.100178845,2894113.5891380296,3681426.8995752484,4085163.7129906034,5899599.137260197,7427067.08693806
臺北市萬華區西寧南路２８７號六樓,25.0388200185442,121.506419974149,17499999.999999985,16811761.2060807,13795842.601538675,16618926.587341176,17559614.320359334,19859272.54713577,23740971.34434507
臺北市士林區忠誠路二段４０巷１４弄８號三樓,25.1106199878783,121.529670032454,8380000.000000002,12696478.843550054,7571868.371009502,9809058.05025993,13535853.020574786,15726381.56800715,17306826.73746531
臺北市北投區立農街二段３０２號七樓,25.118529989905,121.516759973726,27880000.000000045,23937626.431947596,16974411.781155612,22376252.94037333,25473829.301360257,29334909.283186387,31520097.760555785
臺北市士林區天玉街１０４號,25.12386901,121.531722,9879999.999999998,9062444.690478902,6391038.722563414,8153352.25667056,9583757.023433423,10460969.263293654,12196873.213662129
臺北市北投區三合街一段８２巷７３號三樓,25.1286000083799,121.504330030412,23500000.00000002,28736490.064502746,22447262.02168849,24112549.957992263,28257358.256725598,33358959.008185696,37568219.05974438
臺北市南港區中坡北路９２號五樓之４,25.0479399902038,121.580539970463,11880000.0,14859262.055591203,10065676.60212226,11240037.543778505,14727307.107240831,17875119.4432166,22135883.09818738
臺北市北投區大興街２５號,25.130152,121.498546,22700000.000000037,20781936.171997778,13967771.113718694,20428127.458165087,20652757.485795487,24568947.680087343,26347909.837530855
臺北市南港區重陽路１９９巷８號四樓,25.0571200181996,121.599479970336,2250000.000000001,7639068.522871792,5359736.923242675,6765503.403465612,8350908.877423961,12076448.951491501,15146226.776303375
臺北市內湖區內湖路二段３７４號四樓,25.0825499999721,121.591130002211,8199999.999999994,8457270.136144698,5959074.689622369,6751638.228495402,8906630.828621484,9958975.759117564,11649807.876640737
臺北市內湖區內湖路一段９１巷３５弄７７號,25.08763002,121.561395,27500000.000000015,26941946.259466276,20087949.479099117,23183284.78068336,26476026.22235003,30246153.5020499,37106696.35311296
臺北市文山區保儀路３６號二十九樓,24.9879670846008,121.568546121116,39800000.00000001,49429975.06498376,35411931.67465086,45453651.76034472,51384901.699097864,53754277.27945862,89403518.89263771
臺北市中山區雙城街２５巷５號十一樓,25.06627,121.52475,41100000.00000003,36905790.46585431,27323747.047635417,30274901.4198394,35971009.99542806,41358593.03746736,48268154.9087344
臺北市士林區光華路２６巷５號二樓之３,25.1371399942493,121.541630002457,6000000.0,9043850.107828274,5980822.670145944,6983843.271644685,8585505.144523477,11110142.135925189,13115319.175091155
臺北市中正區南昌路二段１９４之２號八樓,25.0242899893896,121.524030017445,20999999.99999998,14786420.97354341,10806073.783882093,12792194.59057226,14769651.572145037,18262686.950370457,21110222.556595612
臺北市士林區芝玉路一段１９７巷２號三樓,25.10702,121.53329,14679999.999999978,12121594.73496401,8390464.434827058,12370264.01679077,12513660.673361536,15064172.516351448,16049437.161043188
臺北市內湖區星雲街１３１號,25.08096699,121.595857,41879999.999999955,28304741.732551973,20639803.73102826,26633242.89923566,30681999.563050654,34235249.78051222,40650906.55525583
臺北市北投區北投路二段７號四樓,25.13047999,121.49925,6000000.0,4881847.387692412,2824759.375941406,4069945.8488969896,4647440.7087841695,5893974.90958754,8030211.7375362255
臺北市北投區中山路２７號三樓,25.1384399855223,121.511090035323,3000000.000000001,7830373.226172414,5172902.786282618,7712221.756546336,9046825.496745901,11910326.22893424,14363832.45348277
臺北市中正區廈門街１２３巷２１號四樓,25.0230599870081,121.518290006331,8580000.000000002,6753620.89894076,3968685.0169840287,5887254.05819292,8276066.890107668,8470851.481837016,10770977.53696856
臺北市松山區三民路８０巷３號四樓之１,25.05657,121.56408,49500000.000000075,37639628.18087713,26894959.470552705,32210917.187241778,43544265.1911652,49580653.06027493,54267479.4565008
臺北市北投區承德路七段３４２巷２３號三樓,25.1178800152232,121.505180039213,17249999.99999998,14702237.308253253,9117410.492897715,11807476.32404091,15604905.035337778,17342304.492035825,19673431.296007957
臺北市萬華區萬大路１８６巷３號,25.02775,121.50006,16000000.000000026,22267944.5852345,14306658.679957861,19210575.09654539,23595886.7731182,29753103.08617915,31269137.461329643
臺北市文山區興隆路一段８６號,25.00317321,121.5410741,15300000.000000017,16961202.09592442,10325625.550229488,15465699.66457152,17418110.77653619,21255634.20113664,22777912.85289155
臺北市文山區景明街１１巷６弄１０號,25.00107099,121.541576,12000000.000000007,13441174.3338959,8745414.60837286,10519256.900366563,13582086.936753549,16013399.702525152,18627204.492788043
臺北市中山區龍江路４１２巷５７號五樓,25.0677100080381,121.538630035491,6999999.999999995,7959070.501890228,4937126.308793893,6596454.654496409,8619085.760742782,9373756.563295402,12140914.94902362
臺北市中山區龍江路２７０號二樓,25.06062001,121.54051,15000000.00000001,28907924.082665853,17722360.063525446,21788124.96567504,28454605.83728974,34424438.44484733,40533388.49221493
臺北市北投區中央北路二段４２巷１７弄９號二樓之１,25.1378200180539,121.495400034588,14880000.0,12180472.703333832,8889687.275557818,11889067.488692775,13204946.766263511,15470794.304008735,15640869.035940466
臺北市中正區重慶南路三段１６１號八樓,25.02270098,121.5169278,31250000.000000007,33225014.27136056,24320161.161099628,28828244.455696303,32089798.642633945,38116301.2055743,45080342.663880035
臺北市大同區民權西路１４４巷５弄７號,25.062373,121.516425,17450000.00000002,20247417.81958251,13994065.382299991,18105449.434665766,21638455.919302113,26113570.29542338,29270259.22222156
臺北市文山區辛亥路七段６９巷１６號,24.982213,121.554464,14700000.000000002,16793592.44932503,10975211.531197652,14074155.096098382,16771066.064189898,19758524.08800216,23968071.633713502
臺北市中山區長春路２６號,25.05482501,121.524488,15680000.000000015,12135697.304061785,7464230.655486087,9368530.176921526,11618540.122070838,14440626.842160994,18794471.65612344
臺北市信義區松智路５０號二樓,25.0293000205556,121.564949965833,112800000.00000006,74240032.21577127,34566860.66774155,67314463.10849546,92496718.36396748,110312908.67735034,174129317.35671157
臺北市文山區景興路１８８號十二樓之１０,24.99233,121.54392,7049999.999999994,9088379.980481049,6801388.786743958,7121768.495467817,9369699.192912115,11511245.32678493,12404432.774483975
臺北市大安區忠孝東路三段２７６巷１２號三樓,25.0409499858697,121.542370040688,23500000.00000002,17856257.23116134,12879740.773636106,15062345.132354934,19317576.357804038,21901540.391218446,26792659.449357167
臺北市大安區信義路四段１８９號,25.03341709,121.5510809,12539999.999999981,12174833.480645917,7884247.488708785,12502860.739649009,12916572.646627273,14122503.821056273,19293985.141322806
臺北市南港區八德路四段８７１號十三樓之３,25.050840002974,121.580139986044,8879999.999999993,9249056.356903156,6428773.416885721,8487636.162125569,9966598.03773328,11411738.230050677,12712369.919984259
臺北市北投區大興街９４號三樓,25.13075001,121.50288,7599999.999999995,13434545.774245586,9081534.086792197,10723456.466252558,13660430.97542304,15844358.152044859,18386933.06366
臺北市大安區和平東路三段４６４巷２號十三樓,25.0170499947933,121.559949992951,24300000.000000007,23890279.049178913,18888003.04854624,23104495.48305441,24368598.54163937,28928821.380009647,29479309.121164672
臺北市大安區和平東路一段５９號十七樓之２,25.027109996894,121.524460009078,35799999.999999955,32436335.353429835,24956779.63796007,29498922.02787298,35996644.470908284,41750834.82581197,45623218.18716322
臺北市大安區信義路四段２６５巷２１弄２３號二樓,25.0339500070708,121.555589978376,47499999.99999994,36128945.68901859,25333727.423439067,31038662.76160467,39115267.6020117,48403142.45682946,49353408.774686426
臺北市內湖區康寧路三段１８７號四樓之１,25.0699400133779,121.611940004682,16149999.999999981,15938465.079648973,11899239.435643319,14086300.073825393,16925025.719866473,19834557.75075183,21632506.63216543
臺北市文山區景興路１８８號十八樓之１５,24.9924900126609,121.543860007796,6749999.999999997,9599115.19023106,6847862.349176254,7300310.756922416,9019803.264472844,12752820.745894136,13096561.433184206
臺北市北投區中央北路四段５８３巷１１弄４１之２號,25.12548898,121.466239,16500000.000000013,18894829.977237836,12959647.307562277,16661102.325325022,17830125.132504907,23945605.937944874,27524134.036986478
臺北市信義區忠孝東路五段３４５巷８號二樓之１,25.0415500044085,121.573590031626,60999999.999999955,47198365.025434464,33922097.15678014,40573675.71670509,50562118.40851028,58574037.339650445,64043418.78527146
臺北市中山區龍江路４１２巷１６號四樓,25.0674800086149,121.540199965956,14000000.000000007,13220740.954657562,9019374.151439132,12757291.27915356,14584119.399241576,16343488.363634773,18719987.63618018
臺北市北投區石牌路一段１６６巷３１弄８之１號四樓,25.1137600164459,121.514359983389,33000000.000000015,32269064.520878628,22839688.376880962,28231292.432834752,33165436.018776223,39732410.88652194,45832299.490463674
臺北市士林區承德路四段５５號五樓,25.0813599792688,121.523019998112,20450000.000000015,16688005.277122471,12056787.551205114,15588548.63382844,17712818.400041435,20728201.8356352,22768930.346356697
臺北市北投區西安街一段２９３巷４號四樓,25.1123800199071,121.516420003733,11000000.000000013,8573200.583407393,5912878.778971264,7099552.0318988245,9528083.975027733,11077408.956687905,12725988.56108806
臺北市大安區仁愛路四段３００巷１１號五樓之７,25.0369599904106,121.554560010114,11000000.000000013,6368693.530350885,4574411.5692952005,6232112.913076306,6983903.961610105,7025889.472776667,9794517.29535593
臺北市松山區敦化北路１６５巷１０號二樓,25.0546300062233,121.550429994962,7400000.0,5937923.166967094,3833266.946698954,5771338.163112968,7260374.008228269,8380852.887258035,10744083.652599547
臺北市中山區德惠街３４號七樓之２４、３４號七樓之２５,25.0665699853872,121.526349960606,12000000.000000007,10563103.131383587,7175872.971100856,9727673.336530674,10793720.33984439,12423227.939607793,15283687.376786346
臺北市中正區南昌路一段５４巷２４號六樓,25.03093998,121.51618,22000000.000000007,21462874.610708587,14862727.326960389,19111699.904590826,22626095.04292071,24233570.518307254,30345553.431860335
臺北市內湖區文德路１０６號六樓之７,25.0783100142508,121.583069964118,19000000.000000015,19575768.002371088,14731902.147368692,17311351.14414504,19143335.05689213,21131111.29468621,23200838.50139794
臺北市文山區和平東路四段３７７號三樓,24.9995699967256,121.574029997724,16000000.000000026,24428208.734681085,15977014.075004421,21022890.74166901,24268907.946766526,28463540.47367782,32337899.58198025
臺北市內湖區成功路五段４０８號五樓之１,25.0759500055928,121.607600022856,29800000.0,20469506.71337534,13954524.482028177,17978840.796873417,21568118.29977452,25900895.000533927,27925925.840680774
臺北市松山區敦化北路４巷３１號,25.0500866,121.5455173,10879999.999999981,6839426.427998003,3706892.2806419237,5054156.225151714,7795624.40729595,7933483.737645803,10269639.730468502
臺北市大同區華亭街１號五樓,25.0521848544961,121.513285503673,38449999.99999999,36003451.99693739,25982390.764660344,28795272.23271324,38396982.198908016,44692034.175093606,51517246.802746594
臺北市信義區松勤街１３４號,25.0317599834091,121.56868997103,50500000.00000005,24856423.238615215,17035053.369771592,23154266.509517755,24875777.512291223,33281345.378246337,36640850.1014834
臺北市中山區通北街１４０號三樓,25.0848800014168,121.537659997837,28999999.999999948,29629581.725373372,22378293.301746834,27193100.54615449,30425236.205455516,32836669.01270851,39140625.63745998
臺北市松山區敦化北路２３８巷１３號四樓,25.0604599970674,121.548569966829,25280000.000000034,17411820.82608806,12021715.472648788,16223710.999308133,18250544.264038,21628638.38203767,25293591.02107002
臺北市大安區金山南路二段１８５巷３號,25.02847,121.52668,30000000.00000005,24071026.849673823,15667250.878559686,21306629.651010223,26956213.364606842,33328609.90211099,39761372.28086804
臺北市士林區美崙街１１２號五樓,25.0970900035915,121.519709984548,20800000.000000004,28674498.74052927,18129080.97887395,21883283.58358556,29342943.0787036,36049792.65732303,41827778.22991996
臺北市內湖區康樂街７２巷１７弄１１９號二樓,25.071450013235,121.616939977564,12000000.000000007,13263450.161207378,9127281.135238072,12066879.339197276,13534046.110905828,15557012.451297969,17159549.40582011
臺北市文山區興德路１５號三樓,25.00098,121.55556,15609999.999999996,14992917.7904618,9695903.278592458,12083422.877973333,16452234.505913813,19079827.678146474,21631767.163873356
臺北市松山區八德路二段３４８號,25.04773199,121.545319,16000000.000000026,12333240.222012833,9027745.118839864,10337367.00824393,13470159.770471694,14421149.083597042,16513198.30877472
臺北市萬華區環河南路三段３９號,25.02655101,121.490062,9600000.0,13321972.790721139,9488923.208627086,10492622.62611884,13496279.779965943,18653291.227731097,23618149.58774992
臺北市信義區松山路１５４之１號,25.04677,121.577595,22819836.0,17427994.132756975,11027537.625751672,13503604.20626658,17578159.550480336,19700476.808641467,24812128.802656114
臺北市萬華區武成街５６巷１０號,25.01912401,121.495106,10100000.000000006,10095566.201071331,6677771.607658364,8428280.373960309,10134957.876633918,13414737.408948116,15377251.695159238
臺北市大安區仁愛路四段４８巷９之２號,25.0371000101031,121.547140014147,35000000.000000015,20091734.534943126,13263246.835866276,17247234.053374093,22098021.94365459,26565771.419122852,29385970.325799525
臺北市文山區萬安街５６巷３號三樓之１,24.9994500097816,121.572610019507,8999999.999999996,10118422.949749036,6217345.594074951,8943646.289004032,10528097.849650202,12207065.434573606,15402738.567674385
臺北市大同區承德路二段１０９巷１號六樓之１,25.0566600193533,121.518870034031,23599999.999999993,19027046.66605015,15152826.620970342,17618285.13853971,20135700.260813188,23522797.442103244,27772130.96775589
臺北市萬華區長泰街１７８巷２號,25.0222999998472,121.496929983374,8000000.000000002,8534459.615846172,4825143.982343767,6104477.357673086,7604245.157108559,12769018.101591282,16263117.558453877
臺北市北投區中和街５０２巷５弄２８號,25.1462999894965,121.493570013667,19280000.000000007,18601308.94827952,13842439.97372863,17341528.774185907,19277145.598169923,20330581.164194167,26485177.663845558
臺北市中山區德惠街１６號,25.06659999,121.524068,7599999.999999995,7585199.227548606,6361137.751849151,6989727.425647905,7623558.019369302,9179653.609107167,10774942.039344026
臺北市中正區仁愛路二段９巷１７號,25.03876,121.525896,34649999.99999999,24135552.961553693,16667609.50647575,23182884.264357857,27066774.846707806,31387146.43387981,32651767.85618142
臺北市中山區復興北路１９０巷２５號十三樓之１,25.0556999980731,121.542740017894,22799999.999999996,18973006.69743321,14166242.687733216,20433898.946656,23486061.261170648,24496178.522164352,26857095.659281623
臺北市中山區遼寧街２１１號,25.05521548,121.5424583,8499999.999999998,21260417.69927566,14884271.646606479,19163033.90245063,25024210.33119327,25919432.15817323,28140926.065165255
臺北市松山區南京東路五段２３０號十樓之６,25.0511399912886,121.565729985743,30799999.99999999,28784534.84345968,20533208.77758414,26970907.469892494,31072316.01153728,35856466.61668545,40840128.48515522
臺北市中山區遼寧街５８號三樓,25.0504300021801,121.542210030156,22000000.000000007,18398952.09259871,14060018.610443426,17448163.43132872,20578164.84771556,23687887.830182806,26430494.500551954
臺北市士林區中正路３３５巷６弄７號三樓,25.09404,121.5228,18299999.99999999,17245001.915816355,11225562.504417298,15025320.268584741,17559349.097223915,19122056.976101957,22792154.473489575
臺北市中正區羅斯福路一段９巷１３號,25.033604,121.518407,34190000.000000045,18557330.069482654,13233385.847192934,16550622.552826341,20262618.08399442,21617878.343266938,26647348.435423464
臺北市松山區南京東路五段２５０巷３６弄１１號,25.0497200130717,121.566779986753,23799999.999999996,21020422.857658476,12905404.749963477,17776897.57140099,22094713.046400204,24384628.639858127,28964370.559863914
臺北市大安區溫州街７４巷３弄１號,25.01954202,121.532225,18980000.00000003,10853183.96443404,6380772.388938353,8898139.864015883,10868744.118732993,12918357.096573293,17179560.13416893
臺北市大安區敦化南路二段５６號,25.03063149,121.5484049,86000000.00000013,63900151.14217764,46152691.1723966,60710868.26050413,85029127.12116924,86781259.10025097,94740476.44348821
臺北市中山區合江街１３０巷２３號,25.05959,121.538036,19499999.99999998,14936817.226161947,9975906.662469443,12185685.798674403,16622045.862287425,19856519.355714187,23675645.355066404
臺北市文山區景興路２３巷３號,24.9978199810711,121.544979997699,16000000.000000026,13300544.125043849,8073033.10794076,10466275.204192962,14118485.836403742,17634717.7626418,24058484.645917907
臺北市信義區松隆路９巷３６號五樓,25.0447039034395,121.567415470114,33979999.99999995,31163023.134458475,22176428.618906092,26942694.27282794,34027717.61060259,37789218.41877409,41810203.91193003
臺北市北投區民族街５５號三樓,25.1337799826329,121.506419974149,12200000.000000019,15808297.093502516,11505109.074755251,15123292.899281716,16984751.534678586,19418232.71935123,21600022.91264172
臺北市松山區南京東路五段２５０巷２弄３３號,25.0507789,121.5679145,16999999.999999974,25328140.418476067,16154424.809398519,20071721.07646579,23702900.749192685,28227280.82584337,31129004.86861057
臺北市內湖區內湖路三段６０巷１２弄７３號十樓之２,25.0889160993769,121.591810716192,22000000.000000007,31358811.884576656,25222191.95742227,26521040.10233135,29598904.775491472,37836699.87062381,43155599.13172833
臺北市北投區溫泉路６５巷９之３號六樓,25.1353399805424,121.504219976023,6500000.0,23132756.808036257,14481794.104943238,17940476.990303133,22104320.728483316,27665379.948538028,32798192.395558387
臺北市北投區中和街４９３巷７弄１５號三樓,25.1440699841567,121.49535996909,13799999.999999985,16191484.346723583,10708091.181960411,12933782.125076879,16796662.654069472,19049950.172001164,23467556.653983854
臺北市萬華區大理街３０號,25.03456302,121.501611,14499999.99999999,15641672.737695036,11297177.346249156,15259253.636399664,16240701.042331178,18547013.210656058,21732566.475394722
臺北市內湖區文湖街２１巷９１弄７號,25.08706399,121.560148,24927999.99999999,22031000.289111957,16229916.60758645,17820850.889764898,20123556.102081593,25059348.03394636,30669361.511217304
臺北市大同區民族西路２２５巷３８號四樓,25.07006,121.51219,19499999.99999998,22129341.279282335,13931456.805286944,19758661.257312898,24943796.938361906,28695495.779847685,31968816.79676446
臺北市萬華區環河南路三段１５３號,25.023099,121.491624,2759999.999999999,13965444.872441594,8242507.706754134,10768486.445866771,15819455.7848657,18840685.02208105,21738989.11400446
臺北市北投區崇仰九路１１號,25.1306399959748,121.514180023928,62799999.999999985,48939635.33139178,23226437.984664384,33816111.13073734,40476714.64090528,59137813.53756348,63195579.735222906
臺北市信義區福德街３４號,25.0366600020959,121.579900012156,17999999.999999985,17649050.904885247,10935045.112775113,14363382.439556088,17320513.691579398,22495774.210430622,27191329.2058784
臺北市松山區南京東路五段１２３巷６弄４號三樓,25.0528599997297,121.561060008389,28380000.000000037,33480635.26997449,20559834.670571532,28951550.491789643,31841280.70156723,39418780.22980669,40452680.9662457
臺北市中山區松江路４６巷１３號四樓,25.0479800137915,121.532119978933,4999999.999999999,4416094.798608717,2804811.0093985843,3791594.489951274,4203627.377012483,5911775.362636869,6384254.192507213
臺北市文山區興德路２０巷３０號,25.00104968,121.5561924,14200000.000000004,18662373.763502102,13558751.763367489,18156337.397688333,19321388.439410485,21349324.716500588,25724081.141417164
臺北市文山區興隆路三段３０４巷１３３號,24.9957199790495,121.555680000016,25679999.999999993,28290992.033917073,19351943.250033997,23113501.5006582,25937388.263925515,37681789.40043998,42737009.99016258
臺北市內湖區康寧路一段８１號三樓,25.079859995786,121.592949964848,17579999.999999974,13355332.797449926,8486119.032905942,10304663.541490043,14247581.938858427,15866894.526025718,18016361.17186793
臺北市中山區雙城街１９巷８號九樓之１５,25.06531999,121.52487,8639999.999999998,9762721.322473327,7680995.843609163,8079459.169252003,8658844.172257856,12678838.416208265,15571226.45791413
臺北市松山區光復北路１１巷９５號六樓,25.0504300021801,121.562300027144,37280000.000000015,32666296.17900061,23943785.012831476,28336523.666295398,32965781.67688924,38833992.41353677,44637788.61387877
臺北市士林區仁民路７號,25.13395902,121.544658,94999999.99999988,129197188.1123746,24953337.06618285,60649833.3093832,94792407.01474987,137546217.47194555,153540358.32979268
臺北市中山區民族東路４１０巷２３弄１２號二樓,25.06674999,121.53901,17550000.00000001,16557817.635314347,12340051.390394188,15490137.301125763,16817075.519880824,19048002.743804373,22564379.666058518
臺北市文山區羅斯福路五段１０８號,25.00679901,121.538636,14499999.99999999,12860202.550373444,8018523.135790975,11277275.524371363,14787154.024721364,15607242.579431914,17402846.296093673
臺北市內湖區內湖路一段２８５巷６９弄５０號四樓,25.0849299994693,121.56916002816,13100000.000000015,12921972.303799171,8607953.17550224,11197712.73324521,12765091.032874735,15147126.979011528,17171536.440524384
臺北市信義區吳興街６００巷５１弄１６號三樓,25.0205299933537,121.570459977524,15000000.00000001,14742177.542283105,9372857.478651855,14321415.00384314,16594770.987972867,17598644.596695304,19564668.303557705
臺北市文山區光輝路１３０之１號五樓,24.9851599964244,121.557979994248,13499999.999999993,16792368.27114491,11552864.599538159,13426163.632527456,15954641.150531841,17876048.991040364,21758331.672617838
臺北市信義區林口街１０巷１７號,25.03724099,121.57998,18800000.0,15806511.50881238,9434541.487113552,11734678.307525657,17437536.68264533,19349828.591625903,26505686.58524892
臺北市士林區中社路一段６１巷８號,25.107386,121.560801,11679999.999999993,13053926.314512229,7875983.799794372,10748973.8519825,12331918.90237475,17154343.536865767,22537425.858849436
臺北市信義區吳興街２２１號,25.02795192,121.5630516,26319999.999999978,23090326.445725966,16464307.52541035,24425278.471799307,26132851.740506757,31145838.599936686,32022439.50807979
臺北市信義區莊敬路１７８巷２４號十樓,25.0316700036785,121.560460031759,30000000.00000005,30385653.497674964,24111692.4266875,27087780.944438748,29474511.33060411,35453295.46114488,43007004.18810471
臺北市松山區三民路８０巷６號六樓,25.0561799877585,121.564509999735,25679999.999999993,17212037.849571172,12804100.070947655,16275870.063025687,18375297.6641511,22554562.48363768,24761406.40850094
臺北市中山區建國北路二段１５１巷１２號,25.06172499,121.538294,37879999.99999994,28022705.09665833,19579941.018171195,28070393.999363735,31516905.62969231,34960206.153900534,38661934.62985356
臺北市中正區齊東街６４之１號,25.0418499927231,121.528060036492,24799999.99999997,15990445.831702473,11571469.651236322,15786295.88545173,17767879.072356887,20511408.95079709,23770778.164800093
臺北市大安區大安路一段１１６巷６號四樓,25.0397199834882,121.545820032035,36559999.99999996,22976251.066798832,15125966.456400486,22145755.556627356,26095796.407462128,28999609.57440947,31241943.7824924
臺北市大安區光復南路６２６號,25.03178458,121.5572752,31999999.999999955,28950754.851150863,21814246.04762544,31732760.103809543,32058480.54556992,33110814.693679407,40052740.056861095
臺北市北投區珠海路１２６號,25.14219801,121.506743,11199999.999999998,15967946.08433629,10349855.931490134,13740663.52929114,16220293.900241952,21477776.93148744,24055292.89044294
臺北市大安區光復南路４１２號十樓之４,25.0366200204178,121.557389992083,22280000.00000003,16363086.055639146,11447914.185189307,13130144.889454892,14852847.076067613,18836801.551402666,20955989.06437851
臺北市北投區泉源路５０號七樓之３,25.1409900119253,121.509399992185,18580000.00000003,29963456.873490155,22725426.240814023,25280432.93256849,31055312.521437235,36485411.74846619,40248561.87849444
臺北市中正區廈門街７７號六樓,25.0246699829701,121.5175499681,22999999.99999997,21832934.331858546,17313816.830866084,19765288.366555125,23144829.31714771,24046807.85766041,30191482.285235863
臺北市信義區忠孝東路五段４７４號二樓,25.0406600139293,121.577170026292,39999999.999999985,29019437.704106767,17751187.461743113,24360069.184359856,32070409.4679642,37595299.01858277,41265597.548702195
臺北市士林區中山北路七段２２６之２號,25.12721,121.533214,40189999.999999985,39937375.93996393,29347444.486102343,39806130.18504809,42776624.6280575,53114036.48994508,67298257.73137622
臺北市中山區錦州街５０號五樓之２８,25.0601600087528,121.526100012253,2000000.0000000016,1358798.5881954785,888996.9955617161,1231959.3364569177,1987509.7499239983,2829482.215862436,5754901.436768175
臺北市內湖區成功路二段４８６巷６號,25.07303302,121.589206,28899999.99999997,31739331.262478467,21786229.956181012,26427723.74162305,30651947.603934716,34930467.72857506,45108240.722515374
臺北市北投區稻香路１７８號,25.1438600174821,121.488689985819,37999999.99999996,81337272.85689394,39780755.2979305,69177796.06647345,70589595.4622111,120407355.57657084,211801138.73014098
臺北市中山區八德路二段１００號,25.04581631,121.5362087,62079999.99999997,54245153.44570889,41874935.293452576,47357096.74078308,56664883.317376874,62200789.57076278,70795171.59466653
臺北市內湖區成功路五段８３號八樓之１,25.0738600199455,121.605319977554,9500000.000000015,9930889.225440865,8447943.879715327,9468583.258396372,9841872.316385772,12677795.576217119,15473064.763203315
臺北市信義區忠孝東路五段３７０號,25.040722,121.573945,31579999.999999966,26918875.599607896,16735717.25597317,24626328.351384353,27612796.13611902,31598055.091733336,35381524.94009941
臺北市大安區永康街８１號,25.028735,121.529765,26280000.000000007,18902186.88931346,14560492.155532483,15631568.063645007,20656847.03697268,23057537.789443202,26660121.273927756
臺北市士林區中山北路五段８２９巷１４號六樓,25.10172,121.5251,22999999.99999997,26884882.037298024,18025245.009748757,23000027.434210695,29089965.34704721,33945543.895457596,38682108.8226355
臺北市北投區文化三路１２４號,25.13954501,121.498558,14800000.000000004,21988386.224975318,14935894.56611131,17353576.286128808,23197955.530752555,27784010.36253919,29338615.111124054
臺北市士林區德行東路４６巷７弄７號,25.1061800099472,121.526760003309,38700000.0,27339514.464858383,16462965.442215087,26829465.84773145,35152565.81165995,37322490.06787059,40158531.860729374
臺北市信義區虎林街２１２巷１５號二樓,25.0374399800959,121.57672000191,21500000.000000007,15456147.20237618,10326062.172640447,12833977.773521658,16387888.44955756,20066600.610576242,23847679.420097645
臺北市內湖區文湖街２１巷１１６號,25.09110801,121.559691,23249999.999999963,26491535.155275427,19268801.54520258,24022030.089854587,27339755.27677113,30147490.941613942,33341585.947942622
臺北市萬華區萬大路６２８號,25.01694979,121.4955557,15879999.999999998,27793665.15156714,16427544.887180185,19997401.361480232,23559723.63873089,28505995.447086178,36024690.265716
臺北市萬華區西園路二段２０７號,25.02722198,121.494403,12379999.999999985,11488015.268755084,6950576.704095572,10361232.683724638,12523838.059653498,14954601.424569566,15325467.866137885
臺北市內湖區民權東路六段１２０巷３弄４號,25.068384,121.587407,20000000.000000015,16234379.377225278,10992950.134148594,14243296.410810612,18435680.042363465,18610706.28538508,21199582.201634616
臺北市中正區和平西路二段６０巷１９號,25.02819001,121.51195,2100000.000000001,5677581.677592188,2608762.146608727,4290713.645251999,5014818.134957551,9059109.203804005,10655690.79195311
臺北市內湖區文湖街１１巷２９號,25.08565202,121.5590341,30000000.00000005,25118036.71985885,17233838.77217113,24103981.596622936,26501663.68927669,29602504.444542542,33746164.50838186
臺北市文山區興隆路四段１２２巷１７號,24.98233198,121.561411,13499999.999999993,16316691.359168962,10644914.68938477,13246184.927279677,16486358.09785677,20730782.121440608,24614065.62975452
臺北市南港區昆陽街１７２巷１８號三樓,25.048570015956,121.593139982593,19400000.000000004,16223129.65562558,11157921.4895199,14110170.286948435,17643602.852524865,20213531.02404308,23859207.95997878
臺北市萬華區中華路二段４１６巷９號八樓,25.0267356946612,121.502550143344,18500000.000000034,23487979.702416353,16352784.34911683,18505207.9374601,25272618.70873729,29699355.495028622,30067609.62708523
臺北市士林區基河路１２８號,25.08867608,121.5231356,6380000.0,5932262.091187032,4443008.237788069,6351078.713115245,6377203.660108858,6803745.297302049,8060822.882672524
臺北市信義區信義路五段１５０巷３３０號,25.02272014,121.5792499,11880000.0,12414987.02548515,9754085.940284267,10988952.72881027,13096354.866564717,14400088.498977283,16082470.119245933
臺北市北投區中央北路四段５８３巷１０弄７號,25.12451702,121.4657998,11269999.999999981,15193661.679871054,11259644.381448798,12626601.04624125,13302551.285185006,17243539.068469297,20801834.88918561
臺北市北投區西安街二段２７９號十一樓,25.1204400160911,121.506630024643,34560000.00000006,32027312.665906683,23678123.77366655,27670678.041369583,31912567.47877351,38634295.31648264,44718054.2545554
臺北市北投區石牌路二段３１５巷２８弄１６號七樓之１,25.12366998,121.52313,9999999.999999996,12249112.84042941,9785626.079223124,10830256.332320193,11686598.633629223,14531153.68252692,16702660.178059744
臺北市大安區敦化南路一段２５２巷１９號三樓,25.03989998,121.54704,26499999.999999996,17711887.957860034,11773585.188822132,14339905.656577162,19929190.598475344,22012847.642313592,25778327.61313426
臺北市士林區延平北路五段２３１巷１６號,25.08422001,121.50922,2317099.999999999,4552773.325825425,2648879.520269873,3841437.978764915,5139505.560862619,7237218.3232236495,9077395.697993008
臺北市文山區羅斯福路五段１９２巷２９號,25.00334902,121.536934,14949999.999999994,14827055.052931195,8942682.66895212,14002835.277223516,15660542.226438202,17966339.976335064,20437358.3986424
臺北市松山區民生東路五段２２０號,25.05888399,121.565311,32499999.999999955,26382713.120084457,16588184.396709861,21069358.913075678,26745113.71905563,32927437.060024686,37214961.07628556
臺北市內湖區文德路２２巷５３弄２５號四樓,25.07567001,121.57981,18400000.00000003,21381074.04834828,13852597.970615476,17515026.82771189,20346497.578793474,25867486.95443981,28502536.28320253
臺北市內湖區成功路五段８３號,25.07384502,121.6053,24999999.999999963,22336639.062475048,14864818.189214088,20334831.834854584,25097432.06803445,28843791.603011724,29664683.493772455
臺北市內湖區文德路６６巷３２弄６號四樓,25.07672001,121.5812,23200000.000000037,24314263.30746842,15713512.568057574,22308112.573683433,23468702.47875256,28230758.335204408,33217246.643478245
臺北市文山區政大二街２０６巷１１８號,24.9888399871946,121.58486000336,31999999.999999955,44549160.99069465,26494641.26303779,31677889.528603688,35229718.98253751,50912075.064840265,57870253.52776227
臺北市中山區林森北路９６號八樓之１,25.04992998,121.52455,6549999.999999996,6140080.12259832,4638537.513024616,6054217.506458708,6738974.044148286,7196722.143549904,9073371.014458843
臺北市大安區光復南路４２０巷７號六樓,25.0363800046204,121.556569990495,31999999.999999955,22106040.149711873,15224550.00973421,19577820.57009265,22571484.77409002,27306174.851166926,29924012.88860945
臺北市中正區延平南路２４８巷４號五樓,25.0333199813186,121.507090023489,39000000.000000015,38169055.241509676,27090925.534095645,33932082.12956098,41057539.83604416,50075991.122529805,54011645.86385902
臺北市士林區士東路１２０巷２２弄５號,25.11110702,121.529411,18400000.00000003,16563450.659337152,10579702.835622512,13454689.982861623,16829127.912973847,19599277.841204334,23410683.37932215
臺北市北投區光明路２２０號四樓之３,25.13620998,121.50462,7770000.000000002,8398213.068722626,5737746.00177668,7308463.814812851,8214239.928341173,10196579.908818368,13124044.247328049
臺北市萬華區武昌街二段１２４之２號,25.04536628,121.5037647,4099999.999999998,4414698.865172904,3081634.5958750667,3710922.058807034,4026579.506467435,5012446.5807616385,6103956.867254231
臺北市大安區新生南路三段１１巷５之２號三樓,25.0254199956662,121.535539963066,38199999.99999997,21301574.879246525,14341252.87602308,17393993.101768073,21574436.907119837,25874852.275905233,29296929.49335472
臺北市內湖區成功路四段２１４巷１弄１６號三樓,25.084990013896,121.596440021692,17400000.000000015,14221391.732210547,9439597.349435763,12711452.681239173,15582140.300477099,17444861.4020915,18246454.726001345
臺北市松山區八德路四段７２巷１４弄６號,25.04671598,121.559983,16999999.999999974,15119778.16647218,11052374.281373546,11843100.95246429,15705633.771394435,19571440.209369197,23855912.05618851
臺北市松山區民生東路五段２７４號,25.059059,121.567813,21080000.00000002,17437218.25795994,11753298.269040084,14053875.023676887,17655908.368391164,21668834.904123638,25634717.70278567
臺北市信義區林口街１０巷８號四樓,25.0369799812497,121.579760034373,21799999.99999997,16138862.322165307,10372919.138040708,13663092.533544643,16958445.47888817,19570984.54147521,21785552.238591548
臺北市萬華區環河南路二段２５號二十三樓,25.0391299813237,121.497649988857,20659999.999999966,21521691.46033204,19362619.678982105,20470385.66023556,20647639.617083825,21902760.733648464,34460146.14459651
臺北市文山區羅斯福路五段１５０巷１４號四樓,25.0059200008427,121.538419984997,13879999.99999999,13036391.825357933,9009965.47596576,13780282.927160792,14128438.298403278,14198312.631705822,16825857.945416648
臺北市內湖區內湖路三段１３６巷２號五樓,25.086930005386,121.590100033949,14000000.000000007,13356152.026558582,9022238.649753818,11430368.389627982,13808538.52837787,16073067.80681752,19268788.859754067
臺北市文山區興隆路四段２之５號十三樓,24.98978002,121.55983,45179999.999999955,63543262.34613811,45228205.54396753,46879639.99612735,59495668.733720124,74157261.8962411,87383317.49394426
臺北市大同區環河北路一段９１號六樓,25.0531200063662,121.507529989587,13680000.000000024,13678487.601822138,10344673.063952345,12254654.021496022,13577068.76464787,16506500.939147737,21104480.80601743
臺北市士林區雨農路９０號十一樓,25.09976999,121.5328,4999999.999999999,5658006.678357904,3839492.5222618133,5088995.20306677,6775475.656835304,10244013.243377447,11865189.026220612
臺北市文山區興順街１９５號三樓,25.0015899934813,121.545850039248,16999999.999999974,16932889.586109336,13230269.571963511,16741545.244113833,18120937.842105407,20483264.997160904,22890549.936480675
臺北市大安區建國南路一段１６０號九樓之２,25.04106,121.53697,36999999.99999993,41459899.3788686,25403278.18511566,36789053.68879629,40819983.061758436,48767363.11654004,51495480.83387962
臺北市中山區新生北路二段４３號七樓之３,25.0552614897224,121.52781186203,5699999.999999996,6269997.180221934,4240009.952144682,5307333.651436312,5741048.444427355,7185496.494488433,8143271.031945424
臺北市北投區中山路２８之１５號,25.1374,121.510205,5050000.000000004,7810577.809059851,5862646.731218881,5967973.259105585,6928597.8027379885,8383583.335110519,10479891.873708101
臺北市士林區磺溪街３５巷１２號,25.10676301,121.522346,22500000.000000007,16306121.530440565,10942190.493770177,13380462.543505788,17874247.364171807,20709189.458267063,22897732.232565038
臺北市文山區仙岩路１６巷４４號五樓,24.99707998,121.55007,16299999.99999999,16472329.41606678,11420811.649522157,14264718.025981983,16816336.82622851,19275762.92571347,21591625.07338604
臺北市內湖區內湖路三段７２巷６３號,25.08837002,121.591062,29200000.000000022,31123981.843498938,21905299.935967308,26110242.60008919,30750043.412657414,33575677.181048185,42803515.95593109
臺北市中山區中山北路二段３６巷１２號,25.05426502,121.521802,18500000.000000034,9887435.807543075,7616130.050407647,9736047.348194879,14225511.442313895,17343939.961401295,18608860.428094685
臺北市信義區松山路５１５巷２弄３３號三樓,25.0381500111139,121.578929974501,16999999.999999974,13398063.666298242,9523261.107425874,11165408.240817677,13645683.856880171,17096321.526965618,19099768.813253973
臺北市萬華區成都路１５５號,25.04358098,121.502913,8349999.999999995,11308523.167168772,8655996.37930652,10111741.85602541,10264544.477989959,13239637.621350903,15119752.949555082
臺北市中山區伊通街１９巷１９號,25.0489700003755,121.53556997028,21799999.99999997,14160770.591866504,7584237.483114742,11016250.743176263,15246711.476765735,19653041.091238815,22247686.268126257
臺北市松山區北寧路５８之１號六樓,25.0501399883303,121.552810036369,52179999.999999985,38911577.13621283,28039898.688082833,37214274.969824135,43974656.65259605,51620261.7899258,58558881.25036742
臺北市南港區經貿二路１５７巷３６弄８８號,25.06174901,121.614719,14649999.999999976,18080938.398087244,12655844.48920051,15367192.775862038,18147919.42997264,20030841.625346072,27228841.65643525
臺北市中正區臨沂街３２巷２號,25.039623,121.529612,18500000.000000034,16073917.717170909,10830642.929344472,14295386.290328657,17072280.260978654,18930088.659166694,23395842.158840936
臺北市內湖區內湖路二段３３８之１號,25.0816396,121.5892773,39499999.999999985,35747397.53590783,25047615.689459898,30596423.665897064,36221127.63692775,39551875.787618764,46609172.81500143
臺北市中山區長安東路一段５６巷３號二樓之１,25.04780999,121.52884,8580000.000000002,7694291.004739372,6324081.061633715,7792956.20121856,8522331.004810909,10057376.099881563,10821358.46214446
臺北市士林區基河路４０號二樓之６,25.0854200055289,121.524790004606,7100000.000000005,5651856.853487291,3802115.463167008,3986367.057382465,6477397.234077796,7027704.197527942,7168414.801454806
臺北市文山區指南路三段５７號,24.983449,121.580086,11190000.000000006,15325013.684139825,11816131.904683743,12262963.033781644,13977284.88119872,16895124.119696666,21277039.482711393
臺北市大安區羅斯福路二段８５號十四樓之２,25.0257699820333,121.523600025812,31100000.000000007,19909708.263418406,17128441.143350527,18363423.58951047,23652534.93562138,28529570.188453868,30933660.546231665
臺北市松山區延壽街３３０巷８弄８號八樓之１,25.0559299974963,121.559269969146,50999999.99999997,36674482.72126766,26533686.26029026,31155708.065818153,36720020.03933035,45641560.906017296,50659115.810662016
臺北市信義區林口街１０巷２７號二樓,25.0373399839911,121.580269989362,16500000.000000013,12840600.7278096,8519174.377309842,10710838.335070722,12694825.096219612,16002930.42100035,18970793.525089785
臺北市中正區中華路二段３１１巷４１號,25.02908498,121.506685,5599999.999999999,3726166.9820014164,2423329.8666833094,2990032.80219906,5300420.448700684,5460570.378889771,6337845.141581394
臺北市中山區新生北路三段４３號三樓之１,25.0654,121.52806,7800000.000000004,9412228.969768701,5644354.306285726,7107500.156384293,9633860.080179403,12125338.348561317,14763200.367772385
臺北市文山區羅斯福路五段１７０巷３弄１號四樓,25.0044599990381,121.538150003896,16580000.000000013,17200403.25277259,11903425.350503251,15731347.265429528,18745100.891889717,20336673.8409649,24100713.037487406
臺北市萬華區中華路二段３６４巷１７弄１號二樓,25.02850998,121.50442,6000000.0,6432056.852140907,3819733.697557017,5553889.208834859,5952574.302987823,8928931.296405826,11209003.941276118
臺北市大同區民權西路２６８號七樓之６,25.0627400004597,121.512010033015,23540000.0,21400915.331809863,17174623.335620113,21743281.32781971,22767374.260015026,24386181.814805023,28434777.61429141
臺北市大安區和平東路三段４１２號十三樓,25.0180899794298,121.558579970877,20050000.000000015,15808669.081496714,11476608.052281175,14155972.195222728,16542301.560255934,18232154.174651884,21494567.04389041
臺北市大安區青田街５巷１２之２號,25.0285399914852,121.532539996101,24169999.999999974,15434807.496641718,10835220.409589916,12774861.32213364,15612502.02835657,19188486.68707848,23648911.238371186
臺北市大同區延平北路一段９２號,25.05241702,121.51175,26099999.999999974,31606713.48269872,22493786.56365727,26368708.72645593,32777302.559985224,39468566.838572375,44069148.225221865
臺北市士林區天玉街３８巷１２號,25.120552,121.529355,7199999.9999999935,5932262.091187032,4520809.541470684,5946560.185165955,6088391.477482808,6439890.677489122,8112367.705812726
臺北市中正區詔安街２０巷６號三樓,25.0248600007151,121.51609998267,17800000.0,18287610.02535883,12879740.773636106,15550448.720452491,18771819.196482323,20535014.592639524,26366149.200561807
臺北市信義區忠孝東路五段２５０號,25.0407862,121.5727826,33879999.999999985,23787008.29251057,16282691.8992772,22731601.99859192,26453792.939619776,28301066.39023467,35029841.50480915
臺北市士林區重慶北路四段２２０巷２５號,25.08590301,121.511806,13300000.000000011,14004894.317595528,9262893.955518615,12221150.75124278,15089235.47069302,17253478.010100216,18982149.035957478
臺北市北投區中和街４９號十樓之１,25.1451199851675,121.495089987989,9860000.00000001,14910419.141946346,10092731.86601298,11058851.83084305,14575862.113518775,17608809.92748564,21950613.680717856
臺北市中山區明水路６１１號,25.082392,121.550891,98999999.99999982,98634451.78504649,40728698.530791655,106111745.05654567,109717565.71720386,143358991.76140803,170282136.1566123
臺北市士林區文林路６８１巷１６號,25.10088298,121.52149,376700.0000000001,11896421.005883344,9145466.848168459,11804645.410069311,19917399.715669487,23239887.374017455,24357508.65871671
臺北市文山區福興路８２巷７弄５號三樓,25.0069554757898,121.549432081982,8599999.999999996,12222292.162103035,8260401.484128223,10035826.659558892,11784144.152965229,14201098.315432094,15238114.950132307
臺北市松山區光復北路１９０巷３０號四樓,25.0543899904258,121.553949975201,38679999.999999985,29629581.725373372,22153343.31500616,28757911.1317632,29725394.891063362,32778817.58435536,38644102.20723778
臺北市大安區光復南路６２６號五樓之６,25.0317800161577,121.557280021513,36999999.99999993,28377205.82730802,20273629.767400783,25064321.44654768,31677309.817262173,33309034.442704912,37886728.33140701
臺北市北投區中山北路七段２１９巷３弄１６３號,25.12884241,121.5304101,19200000.000000026,21961786.48517392,13949791.572669119,17212432.29809036,22479104.193756983,27031904.523843627,29999863.504468024
臺北市信義區松山路２０７巷４弄７號,25.04493202,121.578288,2000000.0000000016,2834877.997662948,1665730.761082429,1765013.0092876996,2841311.3857731065,4232101.728628026,5212286.234360463
臺北市士林區雨聲街４巷１１號,25.10106051,121.5301397,16500000.000000013,14592342.232495382,8556471.654360848,12252432.106264405,15787939.027724132,17676934.10823824,20603311.610660076
臺北市內湖區江南街１２６號,25.076294,121.575608,9049999.99999999,6924779.373841366,4302657.541498259,5675215.915122053,6779591.069727419,8544447.081747362,10531771.72621826
臺北市士林區雨聲街５３巷４號,25.10257101,121.528402,25799999.99999997,24654167.477455486,17168794.2307364,25193540.91542682,27996896.09916529,30564608.215464193,34270911.54287353
臺北市南港區研究院路三段８６巷２７弄４號二樓,25.03518998,121.61334,11000000.000000013,12840635.981543202,9226889.200247835,11102222.603125012,12487720.997112833,15123554.737078423,17499379.48504388
臺北市大安區瑞安街２０８巷３９號五樓之１,25.02973999,121.54067,16970000.00000003,14105489.41471618,10979373.52396796,12528567.516052768,15281219.664592534,15961461.601721508,16913386.28394394
臺北市中正區詔安街２７２巷５號,25.02754799,121.508495,15699999.999999976,14479361.204026407,7945049.096500716,10755342.512239236,14974729.946843704,16508506.029840292,19581820.693783186
臺北市中正區金門街１２巷１號二樓,25.0224699848436,121.522650020906,25300000.000000015,27713390.43935859,17275633.838428557,25329380.60397701,30385843.995677494,37871713.595493235,42733273.59403485
臺北市萬華區廣州街２３９巷１弄２號,25.03689599,121.498471,10199999.999999985,11362743.930089513,8402440.7652092,9494698.540492592,11998989.078966865,15556840.138019975,17319814.353735246
臺北市南港區八德路四段８７１號,25.050846,121.580138,7449999.9999999935,9151218.256488461,6827644.5783233205,7835686.872471154,8860058.255564593,11206269.757375682,11885448.914759357
臺北市北投區建民路１５３之１號,25.1105300081477,121.51937998902,40200000.00000001,17645189.02184376,13899527.410895249,18410209.404045884,20752590.16094053,23678459.713062424,28089100.046623506
臺北市內湖區新明路４９８巷１４弄９號,25.05397002,121.577247,20879999.999999974,21114698.694936324,15025728.546553569,20157593.286908258,21193626.387383815,24417637.716003045,26354738.886000566
臺北市北投區公路１６７巷１號四樓,25.13289,121.50253,33500000.0,47981846.46282245,33836437.00645152,41419186.88636886,46111096.55728194,57030218.940148294,67899491.00130516
臺北市信義區仁愛路四段４９６巷６號三樓之１,25.0370599865155,121.560260039549,17880000.00000003,10374371.82278822,6051134.950107448,8807260.197374431,12017673.100116126,14588615.864355575,16394524.106878083
臺北市松山區八德路二段４１０巷１２號,25.04729601,121.546653,32499999.999999955,19832423.723498624,13808705.24470415,18297906.037549928,23061694.72870116,24741478.555713035,30006601.121775195
臺北市中山區林森北路３０６號十三樓之２,25.0560900080279,121.525359974022,8499999.999999998,8056472.980826395,6659896.478645252,6858214.457089727,8608714.548435483,10042951.557670128,11029041.586462066
臺北市內湖區江南街７１巷１８之３號四樓,25.0767934765093,121.577905705933,14380000.000000011,11744192.92260133,7778594.2595563885,12740752.661031555,14273911.690181319,14629200.91007963,15355329.135429574
臺北市文山區景豐街３１巷４號二樓,25.000140008051,121.545799999286,15000000.00000001,14308365.551072016,9402347.654782994,12455099.925860457,15028953.743827896,16481165.792879093,18975878.34407604
臺北市大安區信義路三段１３４巷２９號,25.030656,121.539642,26999999.999999993,25253373.906515196,15645220.544171223,20895435.842018906,27024630.134530585,32142494.847780436,35033771.73828805
臺北市大同區長安西路１１７號六樓之１,25.0512600201421,121.51580996882,9989999.999999989,8928224.225099482,6449512.375304639,7795878.694651958,9680739.621856961,10575508.499305626,12224952.196473503
臺北市文山區公館街２５號五樓,25.0052800006258,121.537680030585,12799999.999999978,12879918.054697094,8794470.544504255,11519206.959373707,13109950.087341467,15306173.813500214,16931736.892289877
臺北市內湖區內湖路二段１７９巷４６弄７號三樓,25.0833200035073,121.586109996581,9999999.999999996,15578285.046695936,10165152.276455218,11467221.862415073,14920179.568237856,18061289.060085945,21366907.265066624
臺北市內湖區康寧路三段１８９巷８３弄４號,25.07263098,121.61233,34499999.99999998,25602845.53012037,19064073.023300495,25263943.249109168,25410142.09962185,33905822.33671742,35378031.0217031
臺北市萬華區西園路二段３７２巷３弄５１號,25.0261799828271,121.491869996065,10499999.999999994,14930795.164320927,8654759.038525715,12368687.847722312,14345407.877598586,20511329.74722011,26413122.499235984
臺北市萬華區國興路１巷３號五樓,25.024319996603,121.509169992762,14299999.999999993,14407406.2276861,10019637.62386989,12483188.692813229,14238731.972182384,16881764.941453617,21166968.47397296
臺北市中山區德惠街１８１號,25.06666499,121.532232,9999999.999999996,8244614.276789164,5610067.2620640155,7328475.2303180285,9470882.39861545,10761297.908575322,12814079.667694937
臺北市大同區延平北路四段１７９巷１４號四樓,25.0735500152565,121.511980025802,9090000.000000015,13030161.36137939,8492767.157158365,10557382.310211979,12344090.214529697,16034159.448100407,18453058.867757387
臺北市內湖區文德路２１０巷３０弄８３號十二樓,25.076410004439,121.584060034521,33999999.99999994,29769871.661269985,21345669.309568774,23631150.501503848,32187980.756388918,35367950.97017717,36992795.33170704
臺北市文山區福興路１０６巷２８弄５號,25.00636701,121.5501,16050000.000000019,20651884.77253918,14546687.46731984,17930529.679671586,20394684.12576747,25958338.246820353,28707511.50540477
臺北市內湖區東湖路１１３巷４９弄１２４號五樓,25.0709199835877,121.61499001161,15279999.999999985,18235344.527728412,13634169.812852839,15343608.165643023,17286917.318197634,22026852.71884852,26581802.89386996
臺北市中山區民權東路三段７４號五樓之２,25.06213998,121.54324,35799999.999999955,31453093.06201742,22386653.737766355,30951480.623900555,35825131.85256546,38824017.521045916,46967519.22197276
臺北市北投區致遠一路二段２３號三樓,25.1112700044696,121.514139958431,17960000.00000003,14841285.087360946,10353000.835443335,12436176.1980391,14907478.204421353,17549584.292579196,20366439.975112047
臺北市大安區光復南路６００之１號,25.032755,121.55728,23920000.000000037,10112443.396749843,6907985.173007503,8999448.753049621,10722047.34715223,13290449.077184185,16734569.677743515
臺北市北投區復興四路１２巷１１號,25.14116,121.500671,12600000.000000015,16422718.163725764,10607633.808208361,13826330.506207295,16401170.623959132,20500326.936093643,25485777.956686445
臺北市大安區臥龍街２９１號,25.01709501,121.558515,36700000.000000015,31168022.832635272,13150665.692986917,28406446.37591262,35292949.5825632,41703870.428122416,44639748.601189904
臺北市松山區光復北路１８１號九樓,25.0584099930983,121.555370037237,37999999.99999996,26181563.27095169,18279736.595117386,22937955.255706385,26053593.133305512,34081921.239784844,36444506.49674253
臺北市中山區林森北路１５９巷４６號二樓,25.051380007086,121.526650032739,14299999.999999993,14469903.778313901,10183861.076601295,12010668.785449538,14194354.826780785,17775317.24703051,20235838.9664496
臺北市大安區浦城街６巷２４號五樓,25.02411261,121.525718,14759999.999999976,12003402.9542015,9632069.469187297,10691001.728644382,13125659.956536328,14457775.264756255,16768751.192252953
臺北市松山區南京東路三段３３５巷２３號,25.05327684,121.5475401,20059999.99999999,14399277.405136129,9650319.373760223,14114861.451448722,15686999.4549989,18859577.16561319,21607731.98798951
臺北市大同區南京西路３４４巷３５號九樓之４,25.052870016104,121.512259981368,4399999.999999997,4760355.488651824,2949988.090112926,3424624.8071637573,4140136.2016147,5046234.1350640375,5955489.7048277855
臺北市中山區德惠街２５號九樓之１,25.0667299959188,121.526430007781,4650000.000000001,5429513.63439038,3799786.2980420664,5261682.644109395,5494557.509520382,6866533.224962979,7973215.97755786
臺北市中山區吉林路９８巷４５號,25.0526673051661,121.529423231771,28999999.999999948,27251646.079627093,17176354.246314194,22957408.40432094,25640511.766919434,35120613.209789604,38924317.28815226
臺北市北投區致遠二路１０３之１號,25.116597,121.511891,40880000.00000003,39125224.528825544,29432157.74396902,34482360.529845275,39894550.368110016,48509946.50530392,53301751.28258541
臺北市松山區南京東路三段３３５巷２１號二樓之１５,25.0534500018942,121.547609987458,8999999.999999996,6118661.624197222,3502480.6104322774,5264813.421571903,8238511.948729905,8666216.704291658,9355472.011743592
臺北市中正區杭州南路一段１０１巷２６號三樓,25.0373600167396,121.526869973879,36499999.99999996,24013901.937640034,15311275.252265016,21781540.450020555,25548856.976792485,29634565.233485006,31307750.011314753
臺北市士林區天母北路２８巷３９號二樓之７、二樓之８,25.1192499953877,121.525349999557,20999999.99999998,21105430.825959478,17175233.038559254,19635891.55094239,23265727.02479811,26167514.634572476,27279708.6369334
臺北市中山區長春路２２０號八樓之１０,25.054619989849,121.537680030585,9800000.000000007,9197482.146530978,7126711.566881955,8605927.91059338,9131391.954884717,11254950.527580086,12019336.002377687
臺北市信義區崇德街３８巷２７號二樓之２,25.0235699839068,121.554379966834,11199999.999999998,8558537.133862594,5696396.303694398,7730561.796479424,10560027.40592368,11222412.978044834,12013543.06458715
臺北市信義區吳興街２８４巷２２弄７３號三樓,25.023540018603,121.561650010553,9189999.99999999,8136664.70072975,4809765.843785733,5901769.775852239,9069325.217572838,9730382.81555657,12175431.023388065
臺北市中山區中山北路一段５３巷２６號,25.04880098,121.523648,15100000.000000026,14277437.767705403,10754063.507064823,14347866.462500272,15009923.170311367,15948962.580080282,20639505.496266775
臺北市大安區泰順街１６巷２６號,25.02530801,121.529859,10499999.999999994,7941096.827472957,6060594.918988064,8176240.9606201025,9914549.423801882,10752943.348147959,13641926.767296085
臺北市大安區師大路５９巷９號,25.02402399,121.529128,13700000.000000019,9171406.312620942,6998409.272228919,8654426.226459641,11295712.59820506,12474679.7915279,14011343.113934223
臺北市文山區萬壽路５６號五樓,24.9873599945509,121.587650003651,29200000.000000022,35784410.3894825,26446167.833513405,28131393.707928326,33869076.70095323,37555717.62931986,44576636.67731776
臺北市南港區重陽路１號九樓,25.0555399875415,121.596010030059,41079999.999999955,37713407.79494582,28749309.342031866,35904122.005735114,42761526.100955844,44217396.82478708,47111427.30648499
臺北市大安區敦化南路二段１５４巷３號,25.02521099,121.548079,38330000.0,31228711.87594819,22511053.91485075,29403000.815788433,39396751.15824224,39735257.384570464,41789454.36817786
臺北市大安區樂業街１４８號,25.01994699,121.552952,33550000.000000037,27617703.7892315,17018671.588770747,26233159.775656518,30415788.20665941,35295259.68886234,40600528.00455326
臺北市中山區新生北路二段７３號七樓之８,25.0567100174058,121.527859960463,4750000.000000003,5487707.282802269,3806220.4933313704,4744432.340572533,5189092.1955705285,5832362.619084643,6501346.175099253
臺北市北投區明德路３３３巷３號二樓,25.1165299839883,121.518429984114,2449999.9999999995,2457899.591296301,1393198.5875422396,2055107.5829405922,2510294.6989063155,3236898.345082017,5940142.697939986
臺北市大同區迪化街二段３０５號,25.073763,121.512631,12000000.000000007,12750186.992630927,8141039.085595383,11196539.658637002,12463075.691461645,15387890.66464469,17543832.423652574
臺北市北投區長壽路２９巷８弄４號,25.1426300151007,121.503359992757,17999999.999999985,29125099.223423477,19651693.22060608,22812424.98413366,24127276.899051987,38604146.63410815,46323688.192010194
臺北市信義區莊敬路３９１巷２弄７號七樓,25.02749333,121.5657283,24000000.0,17598996.65789641,11354263.071194299,14770539.854649285,19047990.74277534,23388985.535113152,25639822.12718229
臺北市中山區松江路１７０巷２５號四樓,25.05611,121.53103,50500000.00000005,39949648.52979101,28175522.202395894,38428036.770610556,47451975.22243966,53101448.05337532,53830226.48797686
臺北市南港區研究院路二段１２巷５７弄３２之４號二樓,25.0480099790953,121.613310026756,16299999.99999999,18351242.594330873,13324022.720105544,16137571.78363034,18696179.225221306,21364507.920858353,24678953.6215885
臺北市中山區林森北路４０９號十一樓之２９,25.059579981053,121.525679995085,4579999.999999997,5372581.50714441,3940201.65471244,4806082.872741212,5176768.51575619,5756365.1319651,6705152.445833411
臺北市北投區榮華一路１之６號二樓,25.1133899973302,121.524710041249,10150000.000000011,9317153.386338549,7107145.799297823,8809290.674631724,9781925.218132382,11300641.81222497,12321764.646724336
臺北市萬華區中華路二段５０４巷３１號三樓,25.02500999,121.50852,9249999.999999987,8827583.623922182,5944714.321057003,7326556.049408466,8919460.355194531,10638124.49082137,13153052.409169497
臺北市中山區農安街３３號五樓之１,25.065020003852,121.525059985707,14949999.999999994,14965375.672174582,11932025.842927499,12694930.219460608,13794168.865054913,15737684.980424995,24419494.405943103
臺北市中正區羅斯福路三段８４巷１９號,25.02125499,121.52596,17999999.999999985,11630807.589962462,6839082.402980596,9218100.518480472,13041191.216381501,14784190.116870051,16680487.406748062
臺北市大安區敦化南路二段４６號十四樓,25.0313799898286,121.548420014581,25999999.999999985,15869041.465457538,10616638.146959886,13683260.074319208,18024568.867131133,19365483.432386383,22974868.877779316
臺北市中山區伊通街１９巷３６號三樓,25.0487899990048,121.535789995238,19499999.99999998,14730811.852072336,10163952.089030832,13075625.352202117,15209311.798812238,19222523.000709686,22544088.04881013
臺北市北投區明德路２６７巷２號六樓,25.1145099872325,121.522130007633,25200000.00000001,26912700.54083108,19142478.565695193,24324214.732946336,28721019.94816271,32412151.761856183,36075297.3361418
臺北市士林區承德路四段２０號二樓,25.0876899925469,121.521979971566,11299999.99999999,12188600.859455368,8814194.40570257,9919760.185205422,10807903.445914248,16202791.046525849,19645188.064474292
臺北市內湖區文湖街２１巷７６之１號二樓,25.0886099902394,121.560010007378,26280000.000000007,29824286.709221598,22909894.556623857,25861687.56884851,30043493.282554906,32789814.779959384,38025819.69977947
臺北市松山區八德路四段６４０號九樓之１,25.0498299836413,121.574759977672,12750000.000000002,12743938.548750523,10287956.627837036,10341163.662497187,12492234.437984698,14546779.950443026,15131824.303069886
臺北市北投區新民路６２巷１５弄１號五樓,25.1394119792603,121.511163429971,14940800.000000026,20289639.36204331,14676098.906913806,15076188.852469048,17183730.104613777,22059001.54553766,26660612.88234552
臺北市大安區永康街１２巷３號,25.031755,121.529096,5080000.000000005,8386280.833914233,5111723.542401587,6752189.557539933,7384699.184248396,9978005.339953732,13216693.349588517
臺北市萬華區萬大路２７７巷４４弄１號十二樓,25.02494001,121.50226,17999999.999999985,26968939.696398698,19651239.608140722,24315765.68445172,28095145.093568895,33668991.83013665,37912739.11495798
臺北市中正區詔安街２０４號七樓,25.0259900069917,121.509950012672,7150000.000000002,27498406.78393597,19231061.22722921,24580071.15046872,29452620.332766272,35031685.69604227,37855295.60878286
臺北市文山區下崙路１１巷１３號四樓,24.9857100169108,121.559810015168,27500000.000000015,41146260.42621134,28713379.27001018,33382890.11617525,46402277.28919731,51258805.49428536,61130714.18655441
臺北市北投區紗帽路１０２之１號,25.14762198,121.548709,39999999.999999985,28271721.03431495,20721480.247543044,24992157.916145504,27236404.827873074,36045655.877757594,44875107.68534769
臺北市文山區興德路６４巷２１號,25.00332852,121.558491,11500000.000000019,12177472.202716675,8238164.0599827,10071981.896057177,12422203.334198896,16382570.190787435,18832917.158389945
臺北市中正區廈門街１３８號六樓之１,25.0225400156447,121.517360034174,6690000.000000005,7549425.794403033,5619589.965209397,7305379.380371802,8019392.834456937,8424057.18831474,9723521.272074802
臺北市大安區金華街８０號,25.03035702,121.524772,103899999.99999991,87538728.35187635,46160173.46474848,73010475.38949364,94306889.65295619,112697297.46336557,199356788.39543784
臺北市萬華區康定路１０５號十二樓之８,25.039469993226,121.502059959575,16000000.000000026,19944309.852394108,14406900.538603041,15991558.58358172,18438322.132850878,21199448.533789605,26372009.427482747
臺北市北投區石牌路二段３１１號五樓,25.1216299948849,121.523089987004,42700000.000000015,39545134.039440125,28522958.674671877,29639740.75804218,41251028.95317479,49046533.31826116,53633798.08677529
臺北市士林區天玉街３８巷２５號三樓,25.1195100020242,121.529429974747,18199999.999999993,17446221.388800703,11215855.183288781,14515025.503788378,18851652.010565724,19286621.40690978,22169381.64392536
臺北市北投區自強街６１巷１０號四樓,25.1110499795112,121.513679959585,19049999.999999993,16937383.27116145,11629791.43025321,15499471.628024872,19088198.127378404,20140954.921851654,22295994.03853469
臺北市萬華區環河南路二段２３號二十二樓,25.0335099990636,121.492490005443,20999999.99999998,21521691.46033204,19362619.678982105,20470385.66023556,21048364.71791263,21902760.733648464,34460146.14459651
臺北市萬華區國興路２１號十二樓之３,25.0269299955233,121.505290009782,16000000.000000026,18132120.567698278,11920816.20530319,16551957.416704316,19567148.626933016,22309420.648772497,25799140.17158212
臺北市松山區三民路１３６巷３６號五樓,25.0604400062284,121.563840034215,19280000.000000007,18680746.03918551,12948616.296830036,16334145.449662931,18074256.8855084,22019702.203823656,25173667.21749444
臺北市萬華區康定路１０５號四樓之１５,25.039469993226,121.502059959575,11880000.0,12940207.776826236,10161767.837357478,10866884.60504784,11557398.57601196,14499346.527098441,15667976.004506666
臺北市萬華區長泰街２９７巷２號六樓,25.0209399941475,121.492940029825,12879999.999999998,12745278.753532529,10114010.582559671,11271377.138717739,12656373.371524364,15210607.93892358,19207267.980770446
臺北市士林區中山北路六段７２８巷１５號四樓,25.1141471985979,121.528376402778,21300000.000000022,17340685.014656838,13728868.507653452,15955589.331274305,17782846.34507593,21029276.367488638,25408769.533145137
臺北市松山區南京東路五段２５１巷２１號四樓,25.05269999,121.56518,20000000.000000015,14049523.751445364,9363179.365130106,12357678.026853187,13732703.147851354,16741750.377002358,18653436.286371887
臺北市南港區研究院路二段１８２巷５８弄１３號四樓,25.0363800046204,121.614509980015,12750000.000000002,16237309.864276228,11232486.69678953,14698569.603034573,16888366.937939726,19448767.020761352,22795153.341840364
臺北市北投區溫泉路１３９號,25.13995799,121.512059,4700000.000000004,9412858.710700165,5846420.531524553,7724445.585851177,9462381.961612288,11779972.515873961,14998977.75210229
臺北市士林區承德路四段３３巷１４號五樓,25.0805199868421,121.523310011962,20999999.99999998,17811171.67665157,12917790.089324046,14485222.454649866,17675194.93390004,20322093.89829243,24725690.603099063
臺北市大安區忠孝東路三段２４８巷１１之１號三樓,25.0409100041915,121.541430010247,27880000.000000045,21047987.086994193,13827548.208405545,18332529.818688974,21188495.635305148,25402582.326007333,27904319.677755505
臺北市內湖區成功路五段４５０巷５號十樓,25.0744200148966,121.607219987366,38800000.0,30510929.764109623,23489236.553815182,30824983.130453467,32236276.325196028,38822141.42646149,41279572.86908999
臺北市信義區松信路８３號八樓,25.0460300059272,121.572259991231,21849999.999999985,22752791.778686944,16041542.302737214,20025817.053421397,22796330.82468284,28695745.60440641,29734839.15527225
臺北市北投區稻香路１６１巷１６弄２之２號,25.14190094,121.4880264,20300000.000000015,24748356.209605344,18420535.554300983,18644107.041359507,23022913.32396688,28805734.83451603,34420149.68950945
臺北市大安區和平東路一段１１９巷１８號二樓,25.0269400118976,121.527220002155,50500000.00000005,29824286.709221598,23171591.766323015,25749753.772897743,29663790.35136699,34795513.39633601,39099685.87944661
臺北市萬華區青年路８號,25.02613602,121.506205,20400000.000000007,22309440.05979663,13947997.099136624,18754915.349657714,24224645.2438399,28868067.91875478,30154404.310682245
臺北市松山區八德路二段４１０巷８８弄３號三樓,25.0462100072979,121.546520004769,31999999.999999955,26491031.6439645,17279097.647314064,27375356.855354074,32427179.096147295,33634709.27700888,35802185.35237345
臺北市內湖區文湖街２１巷９４弄８號,25.09032698,121.560749,22880000.0,20262513.163192987,13168487.422735697,17709090.39664892,21280874.298334416,24425497.761411633,27229016.502880752
臺北市南港區玉成街４４巷１５號,25.0482999929452,121.580680032065,24999999.999999963,18780896.974485777,10877428.896635849,16874988.94618538,20274896.250464853,24832250.510128077,28120954.112121914
臺北市士林區葫蘆街１３５巷１１號五樓,25.084799996151,121.50795998122,10599999.999999996,13533862.87565279,9179371.459666345,10959667.918540362,14107532.714542232,15578310.501751974,18597674.146869384
臺北市大安區師大路８０巷１８號三樓之１,25.0233100191799,121.527340031009,54500000.00000007,33252861.088295214,24603605.70897646,27218521.352591075,34191122.33028915,41360658.91119331,45938282.11739142
臺北市文山區萬美街二段２巷１號十二樓之３,25.0025099911739,121.562549975497,6999999.999999995,11654436.515469946,7849664.71699071,11366109.077677403,11911878.881433113,12833885.634679573,15799989.069612589
臺北市信義區忠孝東路五段４６９號二十一樓之９,25.0409700186183,121.5771000374,57300000.00000004,41745236.280262776,30912391.4150373,33090178.9478031,46873463.13346367,52682974.79945445,56831220.52773464
臺北市松山區撫遠街２６１巷１０號,25.06123901,121.567313,25280000.000000034,18436180.324637868,12445899.972369282,16932576.811472736,20760569.63036187,22436717.06711517,27543306.906708427
臺北市中正區廈門街７１巷６號二樓,25.0247400137711,121.518180035762,14800000.000000004,10932325.747007666,7243912.653119814,9206019.911653724,13707091.188218052,15207547.682638992,18306886.452233702
臺北市內湖區東湖路１１３巷５０號,25.0706964,121.6159801,19000000.000000015,19279492.70839552,13528516.450373475,16813676.278618827,19419593.35258144,21938011.664332874,25193914.392549407
臺北市中山區長安東路二段１８９號十樓之１１,25.0483699818367,121.542810006786,10180000.000000011,8592378.884801539,6497594.5268074,7405162.115962195,8427827.6216875,9975727.391641596,12016295.899360526
臺北市士林區中山北路五段８１１巷２５號七樓,25.1006800146311,121.524179969693,26799999.99999998,35688394.95826227,25201122.69852023,29278621.695907257,41135237.13368451,44023149.52668269,51161367.35504774
臺北市大安區安和路二段２０３號九樓,25.0264199986246,121.550130006648,22500000.000000007,15013132.244894186,10415967.030474992,14810106.734260993,16338130.332931664,21250024.92062862,22878705.337872215
臺北市中山區興安街１００號五樓之４,25.0557699869647,121.54281998125,23379999.999999993,16602008.37586764,11729846.45661484,14475685.502143508,19183072.603145093,22592006.782293648,25070519.109719016
臺北市南港區東新街１１８巷４１號,25.046288,121.588898,28960000.000000007,20329051.6050931,13998068.491626041,18282469.08795707,22601180.595497366,27523609.646668393,29126300.621357784
臺北市士林區承德路四段１０巷２０號,25.07967002,121.520946,14839999.999999981,13810490.505605165,8293839.76387383,11989882.690421777,13859371.345635679,17507333.419193488,20507397.585012235
臺北市中山區中山北路二段６２巷３５號,25.05675398,121.520934,15749999.999999972,15826103.746324934,12608097.129425894,13675343.184810057,15743460.23693051,16912775.736086935,21392879.398746572
臺北市信義區忠孝東路五段４９號二樓,25.04127998,121.56642,8499999.999999998,5119304.688575891,3184899.979736371,4677477.361640464,5972509.757033037,6446865.1615927415,7360965.650653059
臺北市北投區致遠一路二段３５巷４號,25.11150901,121.513674,21200000.000000004,16600380.92990068,11005130.521296056,14810642.192901406,19490389.12226747,20783860.65871326,23045684.816355284
臺北市信義區吳興街６００巷６０號五樓之２,25.0197599898184,121.570280018062,16679999.999999998,16283601.586409735,12876491.272247955,14556671.80869545,16615311.976805842,18962425.56716872,22600518.440881774
臺北市南港區經貿二路１８５巷５２號,25.06159,121.6165205,50999999.99999997,37235195.88920231,26997424.889315844,33460508.863762952,37914195.57825451,45164054.780837074,51952786.94832368
臺北市中山區吉林路２號六樓之１,25.0573100637638,121.530263268496,73689999.99999988,62035558.75601831,47109504.987169676,67552992.35255858,73289239.04156993,74474763.75291638,88382885.14463398
臺北市中山區龍江路３３１巷３號六樓,25.0629800162571,121.541230018037,36600000.00000002,28099822.343821082,18750038.805955935,23763246.0334171,31950252.804493036,35376791.87471052,38873312.366560906
臺北市文山區仙岩路１６巷２８之１號九樓,24.9976900196623,121.548880013427,12990000.00000002,14504184.3883824,11177987.137503557,12197524.085798668,14647822.549710553,17840544.107807353,19725544.233148307
臺北市中山區南京東路三段１９４巷３號三樓之５,25.0517542685367,121.542715071957,35599999.99999996,34896753.52592563,26236270.167112865,32562697.55111636,38392900.93361286,42029062.35324796,43530526.25642578
臺北市內湖區成功路二段１１５巷７號七樓,25.06567999,121.59202,57632000.000000015,61953931.88234583,43690105.99623786,53687589.16765928,59993205.76261818,68986838.04600212,80688164.08988675
臺北市文山區木新路三段３３９巷１５號三樓,24.9799099913705,121.556200013289,4999999.999999999,13398063.666298242,9581615.684743129,11380931.525574384,13888060.90153884,16382476.516160384,18703842.32364733
臺北市文山區景豐街７２號三樓,25.00106001,121.54557,25379999.999999963,24867869.473606303,16811197.5851841,22624574.4218155,26066771.94539162,30488825.76045519,33177900.093961213
臺北市中正區博愛路７７號十六樓,25.0436199992167,121.511609964777,103000000.00000006,115599001.1170082,52062158.58305572,102302666.4664845,103147451.24530531,177759519.5479969,202908695.12659788
臺北市信義區基隆路一段３７８之２號,25.0348426,121.5604238,3000000.000000001,3799192.252205593,2848831.3164963187,2990719.551833396,3364458.7801934434,5045089.447071622,7070720.112655012
臺北市士林區雨農路１７之３號二樓,25.0976899802208,121.532100030003,30999999.999999978,31748610.784491163,22347856.094480976,27841206.321703486,32790321.706033126,36935314.27687435,44631426.02933453
臺北市南港區經園街６８號七樓之２,25.06211999,121.61659,24000000.0,22992515.273723595,18031280.82165602,22015405.993365094,23846283.608827233,28004749.08360821,30181288.24155598
臺北市信義區基隆路二段１７７號六樓,25.0250700092991,121.553779990205,39300000.00000003,31116411.079713263,23668404.07360414,28500437.946068574,32556499.22953848,35819440.4061696,45231127.1290918
臺北市大安區師大路８０巷３號,25.02341601,121.527926,27999999.99999999,16259515.989015192,8273060.456596613,12777770.003995992,17359172.41643032,22076306.858491722,26906256.238441385
臺北市中山區錦州街３０巷１１號十樓之１７,25.0595200085358,121.524869967962,4799999.999999999,4658539.742637373,3028335.6334080636,3342711.3322342783,4449862.380338032,5142267.247921135,5748720.626973437
臺北市中正區中華路一段７號四樓之７,25.04708001,121.5103,18149999.99999998,15872363.671368882,12006296.741226813,13867794.208071757,14954696.846889313,17741514.585265953,20484670.23940079
臺北市南港區舊莊街一段９１巷１２弄２號五樓,25.0414046622074,121.620026697228,9700000.000000007,7336191.602903469,5624374.784230552,6622816.158526732,9547526.842640093,10392348.074760035,11041542.651742836
臺北市中山區農安街２５７號三樓,25.0647799880546,121.535390010819,19799999.99999998,20478816.655078582,13646390.263288615,15046775.372042151,19399434.210543714,23789887.38707517,26400178.973603763
臺北市中正區和平西路一段１５５號,25.02767142,121.5151352,20800000.000000004,17538036.129218224,12534319.901646515,16017811.238401024,18241538.117918044,22382929.12330736,25814255.477713954
臺北市松山區八德路四段６３６號四樓之１,25.04980999,121.57434,14000000.000000007,12929605.288930424,10198221.320841627,11484906.897214495,14498111.15036267,14806623.101240939,15080570.802334016
臺北市大安區通安街１０８巷４號三樓,25.02949,121.55279,36600000.00000002,27237068.004854582,19944447.251511417,24457375.871813998,27910470.263887465,31183179.53312913,38674694.73733323
臺北市中山區林森北路４１３號,25.05976199,121.525709,11500000.000000019,12135697.304061785,7464230.655486087,9368530.176921526,11618540.122070838,14440626.842160994,18794471.65612344
臺北市中山區中山北路一段１２１巷３３號十一樓之３,25.0509200082398,121.524720015714,24999999.999999963,21005460.40270269,16725770.917058598,19135263.358103305,23923135.98454833,24716266.36721447,27038951.84212157
臺北市信義區吳興街６００巷６０號五樓之６,25.0197599898184,121.570280018062,18459999.999999996,18004962.476300046,12996915.246038437,14878872.211465219,18824168.610614944,22867898.905673757,28173758.959029824
臺北市大安區敦化南路一段３４４號,25.03487298,121.548409,48310000.00000002,28114485.281111028,16786226.814441573,26496106.312089957,32205777.16236922,34116299.758023486,37998679.94414771
臺北市中山區南京東路三段１１８號,25.05162899,121.540316,9700000.000000007,8906693.464037187,6764435.638665603,7741027.976970625,9447927.894022593,11010915.667428222,14275195.001047516
臺北市大同區昌吉街６５號三樓,25.065989999597,121.514670029988,16500000.000000013,15004752.53197396,10353000.835443335,13511909.670417894,15714041.774750495,17395740.50910055,20499133.295751285
臺北市中山區中山北路二段３６巷３號三樓,25.05433002,121.52089,4999999.999999999,3390757.68453932,2410275.6945387465,2815495.6203412283,4079346.035834061,4807614.526139082,5646188.147771466
臺北市中山區農安街４０號十樓,25.0647900044288,121.527189994942,30499999.999999948,32697447.347283334,24442985.337158892,28920344.386958964,32050717.53322515,38562675.02111396,41674926.73175593
臺北市松山區南京東路四段１２０巷１９弄１４號,25.050487,121.555656,27299999.999999978,18164675.9317027,12128367.55697352,14767819.541876415,19875117.3178863,23484948.220150217,27130628.645009335
臺北市中正區林森南路２號二樓之１,25.0443599955385,121.523099961469,17999999.999999985,20810930.370685734,12984038.139087182,15046776.743209206,19739314.26774478,24369404.68827963,27337933.413783155
臺北市中山區林森北路４８３號十四樓之９,25.0611900189245,121.525740009512,10280000.000000006,9710481.623666007,7359153.498832197,7929433.35429385,10447033.329904959,12520343.560809758,14131386.799271483
臺北市內湖區新明路４９１號,25.05422202,121.579708,22100000.000000015,11098083.437247856,3678727.188862825,6005688.317131257,9019129.151289068,14216266.047691869,15634271.807360034
臺北市萬華區成都路１０６號四樓之５,25.0435899920033,121.502100025072,11880000.0,12914381.019205581,9568709.994196273,11869476.62659251,13291051.829037623,15442536.093540687,18316762.496942088
臺北市內湖區陽光街９２巷６號,25.07517799,121.58545,12499999.999999985,10571405.04370526,7442015.134212639,9291617.722127642,11724597.020548483,12959669.396977931,16214237.004295092
臺北市中正區中華路二段１７５巷３４號,25.03063002,121.505084,4936250.0,3687389.088704736,2130375.276933882,3085862.528181143,4957928.404925493,5369174.506292844,7279742.532895355
臺北市中正區三元街２５２號七樓,25.0274099852086,121.513509974588,31799999.999999985,34930794.5181473,26423357.468688074,31453521.414785005,36400827.46008239,43101524.94488552,45881973.18252043
臺北市松山區敦化北路１４５巷２３弄３號四樓之２,25.05320001,121.55036,28490000.00000003,18494813.726938248,14200993.81266785,15447714.494185627,19241005.242050726,22091738.720602535,29402403.12817608
臺北市信義區松德路２００巷５３號六樓,25.0351600186132,121.576439962525,341339999.99999964,254063697.45254537,54045193.35806598,137346606.28583673,272414214.4331371,325102910.55137324,335750051.46988744
臺北市中山區民權西路６３號九樓,25.0630199979353,121.520350026675,68820000.00000003,69614341.1630769,40802536.79732004,64280666.00877337,70030942.11525074,77776461.43387628,101452397.80043437
臺北市南港區玉成街２２１號,25.043721,121.585106,19000000.000000015,12522847.465828102,8158229.764222227,10146298.327773038,13245681.22711652,15071263.519180106,16515880.028410036
臺北市南港區昆陽街１７１巷４弄３號,25.0471699866686,121.593969958645,759999.9999999998,1316700.8340307088,703917.8682257584,1232817.137318964,1827947.595054263,2936942.295694071,6083631.425243124
臺北市內湖區安泰街１２９巷１之１號,25.077661,121.616778,7800000.000000004,12140883.628333725,7711540.69909006,9120910.717365906,10979855.470998803,14897596.987649865,17031120.133163005
臺北市中山區松江路５６２號三樓之６,25.0677341602254,121.533097870364,6099999.999999996,7253711.846549378,5278213.078817977,6031216.1237979075,7796417.750196291,7810717.141629839,9381912.490639763
臺北市松山區八德路三段１５５巷４弄１６號五樓,25.0485299923683,121.555810003335,19499999.99999998,16465370.050840624,11214995.706336424,14066002.873892464,17418523.02489481,20140209.313257284,23986164.093225785
臺北市大安區和平東路二段９６巷２０弄５號三樓,25.0222800090081,121.53992001039,42680000.000000015,34173367.70497313,24262865.593816437,24540206.879599877,29727489.220385086,40764311.11558452,49154430.66758275
臺北市南港區重陽路５４９號十樓,25.0630899868268,121.613830040029,48000000.00000006,54933802.924361125,41878227.51459876,48178988.86474261,53226216.83758188,63687310.56418784,72092880.21981992
臺北市信義區吳興街６００巷３７弄７號二樓,25.0209399941475,121.570099974782,18250000.00000002,17319114.308426663,12165491.474160787,15062821.598344859,17295434.396331068,20384088.039112072,23705995.949255623
臺北市松山區八德路四段７７７號,25.05121602,121.578245,35079999.99999995,27183058.505610853,17656187.333379637,21998513.610000897,26712918.572314356,34813521.77950729,36973430.21626935
臺北市中山區長春路２６號七樓,25.0547499931672,121.541269999715,12050000.00000001,10774955.786289822,6464246.154897625,8611326.010558028,10467360.307226554,12091923.757077256,14969396.062103428
臺北市南港區福德街３８１號二樓,25.0397064503849,121.589272506797,6351987.999999996,27466654.068961695,20057773.48426684,23206154.357523583,26098739.91811955,31293105.647271324,37838707.434841245
臺北市中山區新生北路二段３８號十五樓,25.0546600134367,121.527269958298,33000000.000000015,28189467.74002324,20773258.919193,25243220.90060384,31232926.468877777,32999988.963543452,36936063.95114298
臺北市信義區吳興街１１８巷１５弄１０號二樓,25.0294000166605,121.560820034501,14679999.999999978,10081943.470279098,7088553.750405729,9641456.079730304,11049335.602480829,13065596.793709172,14689192.574141786
臺北市南港區經貿二路１８５巷５８號,25.06167001,121.61671,57800000.000000075,46185509.90681206,31655148.698432498,38537295.08263044,48474010.97767572,57019578.95966236,66699309.35964688
臺北市大同區重慶北路二段８８號八樓之１,25.0567100174058,121.513630003442,66299999.999999955,95745694.8678428,49219258.04981601,77594791.33168253,78495762.4632559,107755113.42502555,148684069.5324624
臺北市中正區杭州南路一段１４巷２弄２號七樓,25.03946999,121.52502,24500000.000000007,20638269.134176254,14403479.375949558,17943286.56296213,22124186.53374443,25640040.655645743,26750074.381099064
臺北市中山區新生北路三段２６號,25.06370798,121.527389,5016666.667000005,5478134.987488572,3972504.069209417,4556127.119191832,5979796.966460264,6916746.334928283,8884293.116208889
臺北市松山區民生東路五段６９巷１號六樓之６,25.0590400188505,121.558140004779,7800000.000000004,6060107.041446617,4113207.1192830224,5483887.647222256,6958164.996078079,7117872.912210756,8133714.480524545
臺北市萬華區中華路二段４１６巷６２號七樓之２,25.0271799857855,121.504089972705,32680000.00000004,32126235.48090831,24387862.565784954,28313375.784910522,32685097.529090106,35145094.86238892,41114787.61678152
臺北市中山區錦州街５０號十二樓之２１,25.0601600087528,121.526100012253,5800000.0,5593946.335802109,3710985.6515338216,4653737.410253907,5857916.613025701,6629689.052622465,8273202.984572594
臺北市中山區中山北路二段５９巷４５號九樓之４,25.0559699791744,121.524539972434,21500000.000000007,18283360.88264581,11590451.522171326,16625970.814975897,19715533.676949255,22732257.520677194,24816200.265448466
臺北市文山區溪口街４９號四樓,24.9948200141056,121.539890003176,6000000.0,7304702.4045838015,5001199.381241493,5725629.828787362,6999550.956188228,10010983.357357394,12387099.061146423
臺北市中正區羅斯福路三段２４４巷９弄３號二樓之５,25.0175690167436,121.529847486963,25899999.999999993,21386710.643822733,12560341.65803055,19400107.292529985,28207262.700563714,29763424.527001236,29965589.57562726
臺北市中山區長春路２２０號七樓,25.054619989849,121.537680030585,15000000.00000001,15078464.350215469,10940465.654609997,13803868.177438546,14984342.429960448,17824804.006161533,21380691.5687047
臺北市文山區辛亥路四段２０９巷３８號十六樓,25.0025700056006,121.555500040555,31779999.999999996,35279074.749406755,26103846.81926816,31946722.60948479,35274612.177985765,43881773.50417509,45029308.13193123
臺北市士林區士東路９１巷２６弄６號二樓之１,25.11291998,121.52981,9600000.0,11319358.936036725,9008911.010311047,9487823.72710779,10031615.240490109,13489641.26871651,15111140.685053742
臺北市北投區石牌路二段３１５巷２８弄１０號四樓,25.12305002,121.5228,18060000.000000004,17743258.84287006,13236860.860286228,16692424.226817785,17961245.01213118,20464852.733628195,26306061.68347266
臺北市萬華區環河南路一段７１號,25.04504601,121.501972,2880000.000000001,2712538.4673382333,1773152.418737261,2389040.541724199,2882256.2524641957,3146414.7576867845,6274833.743574679
臺北市大安區安居街４號,25.02137401,121.555192,26099999.999999974,28684500.27313378,20213671.619877726,27873876.89935246,29458164.780728593,31953351.25556692,38941177.23474188
臺北市信義區和平東路三段３９１巷３８號,25.0206499802976,121.558869984727,25879999.99999996,17295276.789765496,10212346.796462864,16939074.538547676,18798764.77712324,21591355.68657934,24429384.00717199
臺北市文山區指南路三段３２巷５號,24.982731,121.580205,10250000.000000004,14180775.615321828,10372075.186401136,13102795.727568671,13892675.576196158,15106286.798472404,17645546.534525275
臺北市中山區錦州街３２號七樓之２,25.0603200192844,121.538740006061,11699999.999999993,11266683.331210077,6798157.741646882,9735863.130917832,12111172.315100215,16072640.747179488,20007970.08394259
臺北市內湖區金湖路３６３巷５１弄２７號,25.07365896,121.6008252,16000000.000000026,21623549.378263585,18268523.776855726,18880566.523706347,19292033.73984276,22296832.78613504,45647345.983357206
臺北市士林區士東路４６巷４號五樓,25.1116100163719,121.527670026537,20500000.000000022,16831929.189288594,11618993.190066751,14866719.966989273,18919055.61292912,19641788.437917814,21818188.054588534
臺北市士林區德行東路２９號三樓,25.1102700015112,121.536670011252,14563599.999999974,15776132.669473426,11760858.948517345,12827763.174494456,14581472.200077606,15196721.071282499,32090693.913184363
臺北市松山區長春路３５３號七樓,25.0548299984331,121.545590032612,46500000.00000003,32039280.075299874,24391167.64261551,31696279.889790773,37015060.32568486,39495701.492067285,45078870.586102
臺北市中山區五常街５３巷４１號四樓,25.066530003709,121.539729992645,16000000.000000026,14047857.74351611,9238880.918938382,11958892.519449446,15076492.699704863,16849210.16493917,19067990.467131406
臺北市松山區民生東路五段６９巷４弄１４號,25.05977398,121.558831,35359999.99999999,21717645.582977325,15089078.968714317,20730442.076514825,29416645.448197186,31003634.58513248,35477645.45777897
臺北市中正區汀州路一段１０４號三樓,25.0300499913423,121.507590004014,25200000.00000001,23935795.275309708,16399570.07032645,21352272.049392767,25319965.62905532,29544077.47899525,31474526.4947395
臺北市大安區羅斯福路二段８５號三樓之７,25.0257699820333,121.523600025812,40500000.00000005,26259183.223336432,18830381.638687197,20906364.58469664,25249559.140239574,33112539.943092898,39321784.061556175
臺北市文山區景興路４２巷４弄２號四樓,24.9970700102845,121.544159996111,17400000.000000015,18812865.18014063,12926685.520685527,16238916.00410889,18580750.786804177,21908606.34856939,26937120.168771416
臺北市士林區士東路３２２號三樓之３,25.1136300131276,121.538479999424,8879999.999999993,8454873.665025752,6316034.128355704,7798122.63712001,8836233.088049611,8937767.00270297,10435823.04495979
臺北市士林區仰德大道三段１２５巷５弄１１之６號三樓,25.1208299841363,121.550789997704,14499999.99999999,24037573.569411896,15716582.704681084,20545808.99837773,26075735.332782123,29730058.46720394,32190497.343718592
臺北市信義區吳興街２６０巷１９弄１２號,25.025801,121.563636,36999999.99999993,27674180.507124037,17291829.977450203,22862611.454212777,30836374.03103816,33947874.57986794,37980820.91347868
臺北市內湖區星雲街１６８巷３５號,25.07990098,121.597015,10800000.0,9550831.061969547,6838781.377956786,8250286.564335616,10173409.827157129,12774170.374842184,13316712.185809888
臺北市松山區民權東路三段１０３巷１０號四樓,25.0629800162571,121.544919983272,23299999.999999985,18309216.46566848,12812398.258107949,15367424.976849701,18570693.31719527,22740958.481129225,25871036.843287725
臺北市大同區南京西路５７號,25.05304398,121.519385,20400000.000000007,16766514.198727075,13144429.164368473,14270304.932064664,18099585.593408026,19177094.836356875,20253484.6136437
臺北市大安區仁愛路四段４０８巷９號,25.03715202,121.557063,29050000.00000004,20035485.687928468,13404544.537731187,19936432.767979473,21884165.814055365,23051304.693630956,29085408.635370336
臺北市北投區翠嶺路２６之１號,25.1429958,121.5077226,40799999.99999998,89639596.00394255,45839913.9726732,78146325.80558813,78369598.54089534,122149257.37539022,218781300.56140313
臺北市北投區石牌路二段３４８巷１７號,25.122499994525,121.525080018456,9200000.000000004,9881337.666756075,7145016.451864113,9141356.567318276,10408831.263643645,12408631.314174961,14644550.783459365
臺北市萬華區漢中街１７６號十二樓之７,25.04096,121.50639,8360000.000000006,8726657.422477733,6904798.255165391,7502621.1074063135,9374701.832926366,11130190.753598958,12359100.589114837
臺北市大安區新生南路三段３６之１號三樓之３,25.0219200062668,121.533959974318,47580000.00000006,30871604.036767434,22870316.16382625,27944138.87249492,33510168.87147444,39881213.151134744,47563622.13555014
臺北市內湖區大湖街１３１巷６３號五樓,25.0867199968019,121.600719989091,13279999.999999993,15091669.108380642,11398285.099092405,13235112.681934409,14679542.461349478,17907388.758254655,19400237.666737057
臺北市文山區萬盛街８９之７號三樓,25.0055900053147,121.542629963505,20919999.999999974,18959679.467981994,14645753.78343824,15484800.165950425,19948297.650794677,22100672.63623852,25180751.627022266
臺北市中正區濟南路二段１５號四樓之２,25.041289997772,121.527649993788,14880000.0,14412324.637658777,10943342.7505394,13098741.797979547,14749444.693506993,18335383.66916588,19490772.903653592
臺北市內湖區內湖路二段１０３巷１０３號,25.083772,121.581131,28500000.000000034,32461963.280150328,25639279.08941261,28703794.31590445,32657945.905430954,37779842.04256845,45378060.81736672
臺北市士林區中山北路七段１００巷１０號,25.12174101,121.532516,18800000.0,17424255.07867618,11663676.804047063,13569770.386463797,20099517.615133017,24260676.58546336,29469570.754019715
臺北市中山區新生北路二段１３３巷１２號,25.06077599,121.528261,6500000.0,5714642.068214361,3532410.532194998,4550595.712707168,6519812.448120999,6530965.811446501,8236222.197533934
臺北市大安區光復南路６７６巷１６號,25.03066099,121.556437,11800000.000000015,10134398.803422315,7301061.618203271,9076092.900650885,11767305.797047751,13774114.215667333,14803235.728017459
臺北市北投區中正街４９巷３５號四樓之２,25.1314599975624,121.49972995813,21280000.000000007,19622916.630461693,14241461.24641293,18429363.240725156,20641489.50359671,23112283.749401607,25487081.34167957
臺北市中山區長春路２６號十樓之１,25.0547600095415,121.541090040254,8999999.999999996,9146737.505592618,5727060.145253442,7390240.268866707,8872602.990382303,11408502.5509373,13355591.771176966
臺北市大安區延吉街１６２號,25.03921502,121.554947,35000000.000000015,29140988.998904504,20021450.13884218,26044502.455449473,32546632.177140217,37611732.78522523,44083998.7503169
臺北市松山區南京東路五段４１５號二樓之２,25.0514873008371,121.570033216771,20699999.99999997,22437536.950798377,18589986.38662457,19538499.53285009,22884447.65444064,25501797.13282843,26903388.44293474
臺北市中山區北安路６６９號二樓之１,25.0845860377776,121.557130321435,19649999.99999999,19100712.178279947,16006253.146657035,17662900.044303514,18300348.345286526,22033533.59076086,24703602.83303693
臺北市內湖區康樂街４８巷２２之１號五樓,25.0691900006818,121.617209958666,8439999.999999994,15194918.196657438,10738649.585303098,12519852.818930741,15701888.041083394,18308031.487432983,20923297.375401672
臺北市文山區興隆路二段１５３巷３弄１號,25.000807,121.548076,15000000.00000001,16838054.090296354,13094551.092266815,14905035.14062866,19686885.43791329,23990548.39876189,30009301.90155179
臺北市大安區延吉街１３７巷２０號,25.04192099,121.555258,11000000.000000013,6921082.845434584,4124923.007638672,6001474.552406813,7667334.757843273,8447079.488680027,10968880.938057218
臺北市內湖區康樂街２０１巷２號三樓,25.0760600180719,121.621439969922,24799999.99999997,32269064.520878628,23259114.22266697,25869351.6735336,33552567.494782884,37641527.77082503,45735959.49850851
臺北市大同區延平北路二段１４４巷１０號,25.05757499,121.511193,26999999.999999993,25657485.877750047,17903820.529709734,24020266.89230339,26506778.76294924,29129747.371350124,33966801.972413376
臺北市內湖區港墘路８２巷１１號五樓,25.08107998,121.57714,1519999.9999999998,914063.712909052,700678.36828754,1013719.1974979036,1507962.9209356497,2261194.206154942,4899196.5541274045
臺北市萬華區環河南路二段３１號,25.03899801,121.497603,19000000.000000015,20479947.78886755,18476558.048089087,19107120.03992663,19125861.014931522,21671538.5235639,34642045.7234842
臺北市松山區健康路３５巷８號,25.05381478,121.5541571,36999999.99999993,30502701.683168694,24634297.92551082,30724922.564653996,30997429.57477992,34693313.14260754,40037809.49938428
臺北市萬華區長泰街２８２巷１３弄１３號,25.02167802,121.493103,12200000.000000019,11628752.249811234,8667718.546087347,9516596.18141193,12230161.144687664,16209253.65177074,19091273.9182065
臺北市中山區北安路６０８巷４弄３號,25.08184999,121.549262,16849999.999999974,11491904.81427452,8093387.786237912,10189686.619909765,11363475.101015666,14048270.277953032,17152644.617817715
臺北市信義區永吉路２０２號,25.045381,121.572767,52999999.99999999,41992349.34678343,31399844.044152044,40092800.57038976,43208693.527236864,49679491.01261036,53087100.44846119
臺北市士林區延平北路五段１３６巷２７弄６號三樓,25.0824000058148,121.511550034169,9200000.000000004,13457680.460274199,9523261.107425874,11620222.041273037,14194396.571459627,17815588.487908896,19333686.206559874
臺北市大同區太原路１７號,25.050185,121.51525,42000000.00000003,31860613.05820877,23641089.466861747,29133264.943839643,33259352.696221408,37007064.61610812,44841963.12408083
臺北市大安區麗水街３號二樓,25.0287800072826,121.528279977631,15000000.00000001,29809120.37770252,18558672.120321292,24724707.551703677,31945165.48443755,36631700.273998454,40061534.70452494
臺北市大同區昌吉街１１０巷２５號四樓,25.06507,121.51469,14000000.000000007,14146629.227811387,9246877.16926381,12448640.645742714,14605009.454719603,17525638.02834922,19801360.86472158
臺北市中山區復興北路４８６號五樓之３,25.06272068,121.5439811,20300000.000000015,16888634.72816412,12082482.890417466,13674384.733236257,17183093.380430534,20502501.449105166,23216733.940702472
臺北市信義區松山路４６５巷２７弄１３號三樓,25.0403599837052,121.579050003355,12799999.999999978,12393561.835671369,8528799.532698972,9979412.407838326,12573133.759704988,15105929.822607193,16940415.258204777
臺北市大安區和平東路三段３０８巷１６號三樓,25.0201000017208,121.555919973904,13499999.999999993,34088142.4175772,23512117.99218315,26645955.20442126,34669407.514577836,38635106.159792915,46425651.04181267
臺北市大安區溫州街７４巷３弄６號,25.019222,121.532354,15729999.999999996,9461865.33867871,7041680.488590673,8581579.335809417,9509101.558736041,11499532.562346732,14361086.467630131
臺北市大安區和平東路三段２２號十樓之１,25.0244999979737,121.54727999193,16370000.000000013,11056913.958945105,7191365.462102521,10698627.531630248,12320627.020964418,14660809.999735849,15207465.897649335
臺北市文山區萬安街１２巷４號四樓之４,25.0013900012716,121.569950022534,8000000.000000002,9012960.224981105,5755073.610486111,8411286.218831712,9044696.807545068,11184374.138500638,13276412.47755161
臺北市士林區重慶北路四段１６５號五樓之３,25.0836000009829,121.511699986417,4000000.0000000005,11633476.724525157,8755307.551692657,9188808.48908452,13038927.441689752,15414993.062820766,18449120.40713933
臺北市大安區新生南路三段２號五樓之２,25.0257699820333,121.534630023658,11460000.000000015,7732101.270466987,5366640.207592784,6774138.8737841565,7881465.452679896,8268186.233956191,10668134.789638733
臺北市松山區民生東路五段１３７巷６弄４３號三樓,25.06049,121.56304,24200000.0,15487145.969215686,10151856.001613032,14494506.69821437,18098203.728979114,19949980.484879553,21162794.31445294
臺北市大安區信義路三段１３４巷４３號四樓,25.03006998,121.53951,41749999.99999995,32233005.8644058,22223224.205743503,32576344.848951098,38158371.16604456,42403800.434729576,50933752.081075825
臺北市北投區永興路一段１９號,25.13909201,121.499784,10199999.999999985,12806238.25978519,8356541.971360498,10288097.918248292,12782464.799181165,14795479.195041109,17232576.510757025
臺北市內湖區民權東路六段１５０之５號七樓之３,25.068799990727,121.589620002354,28880000.000000045,32322884.865570884,24007479.9891614,29027345.66199772,33352702.101509813,37976737.801882595,45255268.433874816
臺北市信義區永吉路１８０巷６６弄２９號五樓,25.0435700011643,121.570789973052,31859999.999999966,17114332.527941555,12158449.384953558,14764008.487780156,16869629.156202793,20744319.749605417,23366670.810568526
臺北市信義區信義路五段１５０巷３４２弄３９號,25.02266379,121.5791546,17999999.999999985,13498861.950749794,8927103.380795933,11035173.855777089,14348273.183253087,16617068.198217494,17847679.04675345
臺北市士林區士東路５４巷２４號,25.110938,121.527728,16999999.999999974,17491338.812340032,10863937.463309094,15991717.977789715,19532107.895394333,22638152.693991885,26305552.216340132
臺北市萬華區萬大路４８６巷３７弄６號,25.01993601,121.496146,4999999.999999999,8145998.463601289,4835235.76563731,6030515.33201883,7760748.058475382,12646924.907721912,16005418.42853995
臺北市中山區敬業三路１６２巷７５號,25.07865539,121.5586249,27650000.00000002,25657485.877750047,17737564.961234443,23741021.40852837,27638759.533119895,31459964.552218396,32062662.514496915
臺北市松山區南京東路五段２３９號八樓之２,25.0515799992958,121.564819962515,15059999.99999998,14166683.371505253,10472682.872489763,13369319.774168625,14197688.404134722,15701547.945142236,18664453.198518146
臺北市大安區復興南路二段１５１巷５６號,25.02799999,121.5459672,24599999.999999978,23513741.3695295,17668966.884786952,22210564.44568763,24830165.349362686,27300669.58927188,28822928.97274186
臺北市大安區和平東路一段７３號八樓之３,25.0270700152158,121.524929982389,25999999.999999985,16790008.165452633,10593545.470880985,14290800.230873585,18402168.373640977,23157453.709930807,25520720.151579842
臺北市文山區辛亥路五段９４號三樓,24.998439990449,121.553129973613,21500000.000000007,27400491.378202863,17382173.088233452,21537552.526901077,28195463.86948455,32501468.901733305,38625441.32236565
臺北市大安區基隆路三段６號,25.02067001,121.548073,20000000.000000015,23525196.576754387,15233434.136128226,20042060.15297168,23676230.64584876,29113454.046975102,32292886.70637173
臺北市文山區辛亥路四段２０９巷２６號,25.00234801,121.555666,36800000.00000003,36685948.203715175,27316555.96026319,33885306.69467703,36875113.95050885,42162274.549708046,44641934.93336889
臺北市北投區大同街２０４巷１號四樓,25.1380000194246,121.499940008624,5900000.000000006,16931212.804103784,11490763.873618396,14444965.541847665,17045322.29785367,21435153.135962106,24225266.887042537
臺北市中山區明水路５６３號三樓,25.0793899805655,121.551779984288,50999999.99999997,37153657.876235135,26490634.473383058,31402534.70820886,40751392.06062412,44896765.90061589,52030830.318469554
臺北市內湖區文德路２２巷４弄８號,25.07817498,121.579911,14679999.999999978,12282023.152379848,7996234.333026379,10187745.108341953,13062599.196701322,14662051.73323016,17109072.763802394
臺北市萬華區康定路１０５號八樓之１５,25.03946999,121.50206,10320000.000000011,12771618.59748466,10319424.469204482,10951320.703047479,12476322.506123025,14594081.562719865,15665681.020308698
臺北市中山區新生北路二段７４號,25.05713498,121.527173,6259999.999999994,7473921.008506648,5849208.663697674,6352698.173774755,7426941.463823854,7525128.473229825,9992105.811323252
臺北市士林區德行東路１８８號,25.10854702,121.531018,15499999.999999987,10669014.562482823,7570235.897997551,8986195.51810094,12414035.701509422,13239964.297158385,15493104.687608728
臺北市中山區農安街６號,25.06485798,121.523225,13874999.999999996,15895981.829206826,10470844.613219982,12656829.758555282,14901684.091293087,18561493.1600391,23319155.99942936
臺北市士林區至誠路二段９號,25.10198671,121.5303473,19566000.000000015,18436180.324637868,12445899.972369282,16889496.38546337,20680274.43638581,22173137.303926144,27999729.980692215
臺北市內湖區行善路５９巷１７號三樓,25.056840020724,121.577930013453,24700000.000000007,23192995.44490081,15876417.283172207,21025590.476130858,23545705.04769148,26678664.55484527,31200356.78289468
臺北市南港區東新街６０號四樓,25.0472499919344,121.585740019374,13000000.000000013,42080497.78257085,30391638.90955084,35505981.30783185,50079650.41617434,59256086.584671244,60315552.691341996
臺北市內湖區內湖路三段６０巷１２弄６８之１號四樓,25.0890999962991,121.591559993844,9200000.000000004,9025108.891016355,5801825.1057976475,7245266.3828087915,8580971.44003772,9683316.15971096,11864885.58181745
臺北市松山區延壽街４０２巷２弄７號四樓,25.0558300013914,121.556939967702,22629999.999999963,15152222.649756864,10461622.579603394,12632235.412044933,15853558.269415265,18577339.322237562,21470372.47989274
臺北市大安區建國南路一段２９１巷１１號八樓,25.0357799860815,121.538779987739,26560000.000000022,17923668.273119975,12553329.938796245,15985662.230692739,18447648.22098351,23419855.906789206,24908901.132180795
臺北市大安區通化街１１８號五樓,25.0293599930729,121.553879986309,9700000.000000007,7328202.535212869,4515348.721272377,5582612.778932078,7317004.30101164,8667727.643721547,10398452.200563591
臺北市松山區南京東路四段１３３巷７弄３２號,25.05276399,121.556359,4999999.999999999,2888585.370986073,1666845.1840454785,2287402.206671984,2749008.978215708,4560324.680730341,5836187.169135889
臺北市中山區敬業三路１６２巷２０４號,25.0792772,121.5600828,31379999.99999995,29760358.3273255,21433132.74645803,28032211.73655872,30911417.28784348,35657063.987651385,38805599.24184536
臺北市內湖區成功路四段３０６號四樓,25.0848499942035,121.598120006546,18800000.0,17751416.8912754,14217455.434863005,16889589.387709524,19066613.63292415,19514083.32941936,24971843.447405256
臺北市中山區中山北路三段５３號九樓,25.0677100080381,121.522910027543,64630000.0000001,46322355.39254979,33934891.97753434,39643888.36465407,53118959.56721425,59811549.393102035,64918871.379397444
臺北市內湖區成功路四段２１４巷３弄７號四樓,25.0850999844657,121.596059986202,15000000.00000001,14241247.267877933,9437972.966069322,13222565.034090333,15109461.644653175,17398757.6670911,18533875.832446046
臺北市文山區三福街７７號,24.9979200190855,121.543060038957,69199999.99999988,65346503.21808189,41449108.331778586,59030593.63931077,59789286.66955251,75865515.0273933,99158051.51153487
臺北市內湖區康寧路三段２６５巷３３號,25.0663666,121.6126753,15000000.00000001,13706222.708919767,9321305.979670284,12309780.72385924,14611109.29703521,17043447.648095686,18174293.810351454
臺北市松山區民生東路五段１３７巷４弄１８號,25.05971899,121.56236,42950000.00000002,46599043.28341031,34956540.80646953,42616331.6233467,43456076.51007813,53860717.49910027,67467437.79070096
臺北市士林區至誠路二段６０巷１弄４號三樓,25.1018500025858,121.528360024806,16600000.000000017,15154170.185403263,9477750.13299679,13611698.942132771,16516672.729314562,18093452.521494865,20030998.054202918
臺北市內湖區新明路４２８巷１號,25.05455302,121.57951,19979999.999999985,22031000.289111957,16229916.60758645,17683364.49953901,19815521.499576278,24519070.035613913,30669361.511217304
臺北市士林區忠誠路二段１７８巷２７弄５號,25.116375,121.532303,27199999.99999999,22885752.79680243,13413312.091505293,20837932.258644056,26560486.086154096,30167219.978360966,35177859.78501377
臺北市文山區興隆路四段１２１號,24.98574501,121.561434,16799999.999999978,13958549.752618339,10475175.677951045,12657757.929241411,15370368.583673581,17063584.962293267,19607910.358261637
臺北市內湖區康樂街７２巷１７弄１１２號三樓之１,25.0711900065985,121.616500011467,14880000.0,14566652.485085756,10881918.895313285,13227512.627699431,16610233.814502487,19091615.53843982,20830197.63648138
臺北市中正區仁愛路二段３８巷７弄３號,25.036738,121.527324,20059999.99999999,10169596.836259797,6087923.650271792,8305147.822276209,11370179.834893618,12729933.319253221,15484034.166802134
臺北市中正區臨沂街６５巷３號四樓之１,25.0362199940887,121.528960001436,23500000.00000002,15581316.291997323,10997647.655879445,13369502.985002536,15797271.422314443,19374150.732907914,23755994.903395742
臺北市大安區建國南路二段１１巷１４號,25.03272998,121.53866,29800000.0,20169165.819532525,11956648.1220766,18121231.115736175,21495494.55316329,28203513.520712037,30875943.161214314
臺北市北投區三合街一段８２巷７１號三樓之１,25.1284799795265,121.504389961019,20500000.000000022,23066824.813840516,17506926.399037074,18233210.707368374,21952304.35254909,25117132.215206504,31734233.041911636
臺北市大安區建國南路二段１５１巷５０號,25.028635,121.539844,45200000.000000045,23274117.18575239,15060763.15520214,16913791.265203603,24067025.829531692,30231230.493079513,32075616.247327633
臺北市文山區木新路二段１１１巷１２弄２號,24.98363298,121.570227,11379999.999999994,13851713.14162127,8849951.636806078,10986447.879824318,14984547.067797553,16675196.444734858,18428186.05258604
臺北市南港區研究院路二段６１巷２弄５１號四樓,25.0433099945277,121.6184899591,18580000.00000003,25384092.08509661,18720810.263281915,21204897.99761516,24629964.06531548,31101715.337130107,38756886.30450748
臺北市信義區永吉路５６號四樓,25.0455000181894,121.569620027006,16999999.999999974,15581316.291997323,10997647.655879445,13583483.700621579,15797271.422314443,19374150.732907914,23399488.136399366
臺北市中正區連雲街５６號,25.03509699,121.53049,8939999.999999996,6218565.148523744,3853801.072782627,4970085.227039788,6968320.341293141,7411822.345508802,9593141.664049873
臺北市松山區撫遠街３８９巷１０號,25.0649299822119,121.566129970162,15780000.000000026,16663777.30541399,10011662.885533733,14253353.572771851,17251568.146300003,20660498.498940673,24612560.32333864
臺北市信義區信義路五段１５０巷４１１弄１３號,25.0239400030225,121.570759965838,8499999.999999998,19265825.721873764,10758187.326012434,15072493.89778103,18632489.349739287,28936024.8173118,33461768.671876896
臺北市士林區中山北路五段８１１巷２２號,25.10096898,121.524433,21300000.000000022,24687087.663501993,16071271.38565471,21548453.788917422,24868135.20723316,28348016.864605132,32344048.850851364
臺北市內湖區內湖路一段３２３巷８弄８號,25.08307198,121.567523,6699999.999999995,16085268.157155022,10221968.05322032,12958591.563930152,16654956.650302082,19814875.396934107,23336731.14314059
臺北市中山區中山北路三段２８號,25.065228,121.522008,20136666.670000017,27185861.279853575,19701203.176791683,25901454.465729143,27050416.65235004,29765889.84825156,34048830.61688068
臺北市文山區羅斯福路五段２１８巷３８弄１５號十一樓,25.002739990597,121.537179966242,9600000.0,9405714.676268745,6928740.401649105,7826477.809701014,9252201.635012142,11328603.236999745,12291859.454684397
臺北市北投區東陽街４７８巷５號,25.1118100085816,121.520039980076,25679999.999999993,17639593.82511084,11904862.476004105,15972178.044218576,19355892.68111,22886441.185705516,27602977.32092607
臺北市南港區重陽路１６６巷１０弄５號,25.05670398,121.600918,13000000.000000013,10555242.614702705,7537493.785635588,8489305.238066625,11053394.666948337,13081898.872404044,16539387.599117344
臺北市萬華區康定路１０３號二十一樓之１１,25.0394800096003,121.502019977897,10700000.000000013,11938797.152630467,10556596.631893057,10618362.110587426,10703196.79415952,14547385.505732397,17012061.484893493
臺北市松山區南京東路五段７１號,25.05181599,121.55956,25999999.999999985,23565346.699273836,16130916.774679217,23149931.551649615,26123553.783672072,29031219.90056418,32368079.33149011
臺北市大同區延平北路二段２３８號十一樓之１,25.0599199929554,121.51123998757,10199999.999999985,14020702.129876409,10123296.040198209,11737454.95303205,13233742.606984356,16089980.01856639,20302061.310205806
臺北市士林區延平北路六段１１６巷２３號四樓,25.0899500051001,121.508149998965,9700000.000000007,10475532.574584056,7609090.48660697,8997578.785846677,10072861.73631313,13046754.27237047,16312777.771217577
臺北市內湖區內湖路二段２６５號五樓之７,25.0821599900174,121.590379989515,25379999.999999963,21915509.760218013,15810519.429967904,17072523.712049365,23479096.229735225,26435073.223244645,30333318.156700954
臺北市中山區北安路５５４巷４７號三樓,25.0800899952092,121.550120032183,41500000.00000007,29629581.725373372,22378293.301746834,25627350.336306054,29369186.020898737,32542129.451193266,39226615.250448175
臺北市內湖區內湖路二段１０３巷８號七樓,25.0805499940554,121.582039995856,126800000.00000015,59561217.012642324,42106294.9659829,50661260.72628125,66218186.5847784,68802431.84645914,89205946.46772549
臺北市松山區民生東路五段２７巷９弄３９號,25.05983001,121.55575,63500000.000000015,38582272.54901472,23036807.663487174,29903911.088496726,30553921.391198393,44191500.436685935,58148249.89853625
臺北市大安區大安路二段１５巷２號,25.0323403,121.5460948,39400000.0,26964286.203729443,16697806.745762834,23951133.435749777,27269187.93247095,33918106.05146684,39632006.62144834
臺北市大安區新生南路一段１５１巷１８之３號,25.035260014718,121.534449980377,24000000.0,16364747.077588553,11509432.218104053,16095387.80103321,17697420.39553219,21156013.277757242,24181835.658500887
臺北市中山區民生東路二段９３巷１９號七樓,25.0587399886263,121.531050028992,39479999.99999997,36414534.352942504,28430734.344725147,32782641.241625838,38450499.02775472,41902130.63256571,45438895.320078224
臺北市大安區和平東路一段１７７號,25.02651702,121.532223,20999999.99999998,13835285.491819143,9809100.636517962,12146217.04535234,14077358.091761975,16763700.075271785,21462135.685078554
臺北市士林區中社路一段１１巷６２號,25.10987002,121.56217,20879999.999999974,21523206.706746425,13165889.902856015,17617012.369158443,21436498.04550735,27224313.773507528,33348143.381230373
臺北市大安區和平東路三段４６４巷６號六樓之２,25.0170300039542,121.559929960202,26499999.999999996,21632262.969209537,16221017.554164032,18039507.541472908,21345137.772017665,26190841.97872662,26867263.43432553
臺北市北投區北投路二段５號,25.13042999,121.49931,24500000.000000007,16313525.068951419,8574317.793241158,13334265.71677119,19135039.849737167,22415505.420682445,25388340.59476102
臺北市內湖區民權東路六段３１２號十一樓,25.0728500006128,121.606050041321,31679999.999999974,39372153.632607155,29496106.838021673,37083297.202333316,44607227.08150367,47135392.772088036,57149092.19653996
臺北市北投區知行路３１６巷２２弄７號五樓,25.1220299793044,121.468810039325,13000000.000000013,11686095.498687478,7453597.834495143,9359963.74846596,12162222.741694737,15155202.83484845,17826623.82604333
臺北市內湖區行善路５號四樓,25.05684002,121.57589,22270000.0,22571371.9855446,15837891.973303037,19466074.252469596,22164215.76621316,26796887.69638598,29732263.162433103
臺北市中山區新生北路二段６８巷８號六樓之８,25.0566800101924,121.526850024949,25349999.999999996,22990955.299453594,17088925.354179863,20462587.323682167,24968843.8755377,25689452.859625414,28476297.06445211
臺北市大同區民權西路２６８號十二樓之３,25.0627400004597,121.512010033015,14200000.000000004,17890329.46311614,12996912.631425142,13579645.480950676,14044805.89609038,19693051.07447272,35824610.67206125
臺北市士林區中正路４２６號七樓,25.093189987863,121.519310000129,32879999.999999955,29781162.025879994,22874729.119368,26496840.505669147,30230175.626934223,34390657.61834938,37574209.43957033
臺北市內湖區內湖路三段６０巷１２弄４號,25.0881999894456,121.592049999904,16999999.999999974,21111181.17445289,12046223.012472436,15484326.95514928,20536865.151107755,25242529.499605224,28381721.336129494
臺北市信義區吳興街３６１巷１弄３號二樓,25.02601,121.56662,17199999.99999998,14610547.050961986,10491770.711455908,13623738.148062015,15419182.639810478,17190285.375811394,19745857.035779417
臺北市中正區汀州路二段１２１號四樓之３,25.0250799837639,121.519279992915,11000000.000000013,12270847.505858183,9451070.56986247,10703577.39499092,13052340.369156893,14645842.21052329,16537676.000036383
臺北市南港區三重路４１巷３５號四樓,25.0604299898541,121.612809962413,56000000.00000003,51421635.06923551,46030268.82727076,50439782.910392374,55170838.12317646,62687401.24069755,87958732.8359811
臺北市中山區中山北路一段８３巷２０號六樓之４,25.0499899941729,121.523679989168,6200000.000000005,9102313.501691386,6557180.404928905,7593441.742078253,9493926.450945364,10487734.85003342,12327514.739247095
臺北市內湖區民權東路六段１１９號四樓之１,25.0692099915208,121.592560038712,35499999.999999955,34149089.97408549,24356286.546562683,28294592.497132294,35115463.29290142,43763212.37967999,49824513.30574776
臺北市內湖區南京東路六段１６０號,25.05556601,121.579395,30899999.999999948,44684355.75821577,33606260.57384303,41904409.05037105,46019114.4690961,56904665.53567943,63276110.24353026
臺北市中山區敬業三路１６２巷７６號,25.07798002,121.558388,31350000.000000037,30175936.763867106,22823964.10175123,28816995.797706816,31754404.118510228,35441098.35331984,38256953.35727551
臺北市士林區中山北路七段２１９巷８號二樓之２,25.1274200040509,121.532509988887,35879999.99999995,36832413.732945755,26367350.91111602,30868379.308951568,35456856.99675614,46130102.691775456,53975930.96231253
臺北市內湖區民權東路六段４０９號七樓之３,25.0703200069584,121.603360037135,25399999.999999978,21330478.283502854,14376101.6529202,17369129.81277594,23097842.03361261,27107854.52925249,28942159.910022806
臺北市中正區杭州南路一段７７巷２５號,25.0388700165967,121.527340031009,44999999.999999985,29551813.47094391,17648234.469972637,27117846.490280397,34478399.930097125,41212609.12605064,44996497.807350084
臺北市萬華區萬大路４８６巷１１弄７號四樓,25.0195099995562,121.496780031126,14250000.000000019,14686610.697736382,9604021.330576206,14196112.06776973,15950187.518496852,17900298.257933717,19992726.250468872
臺北市士林區承德路四段４０巷１２７號,25.0818900089161,121.520439964496,4999999.999999999,7515461.010348931,4160391.5074879387,5440088.369171781,6861182.777118253,10612995.152886562,13405899.868010778
臺北市大安區基隆路二段２２９號三樓,25.0226400117495,121.550829979382,22880000.0,19425291.003348023,13441616.777476456,18319649.656759825,20401797.868418988,22836759.606230944,26232230.397748068
臺北市大同區民權西路２６８號十一樓之６,25.0627400004597,121.512010033015,24000000.0,23332205.7260037,19069136.72156557,23936962.33813271,24018962.85792917,26833633.60970499,29743341.206065565
臺北市大同區重慶北路三段２３６巷４４弄６號二樓,25.07032998,121.51207,2499999.9999999995,3864916.893773859,2357976.70086974,3453779.1311014295,4707950.03588219,5568041.239977993,7305163.875974342
臺北市北投區永興路一段３２巷５號,25.138435,121.500213,11000000.000000013,17312846.504060313,11176115.597565632,15465054.25141318,17982526.320676457,22107620.010489635,25195250.81943368
臺北市大同區民權西路１６０巷１８弄８號十六樓之１,25.0621600146695,121.515449966078,19499999.99999998,24406584.497933812,19547671.850656252,20049738.89883638,25427673.223349318,30427408.822384,36118749.43175561
臺北市大安區忠孝東路四段２１６巷３３弄７號二樓,25.0395100168137,121.553500034638,37500000.0,31629543.863243125,18595337.24199399,29109506.847824767,36385835.43978162,39734296.920734756,41211010.94808566
臺北市北投區石牌路二段３１５巷３４弄３２號,25.12297902,121.523318,12499999.999999985,14820369.383741055,11633685.920018911,12310802.27846366,12841655.883313518,16503716.271449555,18491596.713690776
臺北市士林區雨農路７６號,25.09962239,121.5335532,4500000.000000002,10724896.654227491,6118960.890262795,8654842.849138994,11726834.719451552,16336148.250775922,20244135.835913777
臺北市南港區研究院路三段８６巷８號,25.03449802,121.613266,5699999.999999996,6654642.475647123,4215051.7627302045,5470567.340499674,6691042.70143092,9033093.155314237,10494441.001294238
臺北市萬華區國興路８６號十樓之２,25.0267499941526,121.506029964195,24679999.999999955,32155160.445441686,25441196.44112273,26829004.790262114,31398069.147033136,37107267.43796128,40124746.310287066
臺北市文山區木柵路四段９巷１１號六樓,24.9924199818598,121.570589980842,17499999.999999985,19575768.002371088,14318263.889501024,16836333.06821664,19000012.181696318,22378531.375954546,25253625.99284608
臺北市萬華區萬青街１６８號三樓,25.0235100113896,121.501470041229,9500000.000000015,10932066.21015272,6910192.121392757,8361320.026762371,11757883.394002162,13872674.128867388,16220122.457103953
臺北市萬華區萬大路８５巷７號六樓之１,25.0303799868703,121.500969976886,29459999.99999996,27627254.228516366,18733533.20978962,24133387.86655935,29198888.668659955,34381178.238155454,38155167.20822699
臺北市萬華區西園路二段２７９之９號三樓,25.0253399904004,121.492209966058,15300000.000000017,23884889.950553644,15977014.075004421,19495871.187503066,24268907.946766526,28463540.47367782,32337899.58198025
臺北市內湖區星雲街１６８巷３５號,25.07990098,121.597015,7800000.000000004,7185609.219238766,5685099.435328017,5732559.0513051385,7787997.958099407,8499484.951961502,9903140.89684287
臺北市中山區北安路８４１巷２６弄１１號五樓,25.0860900129592,121.555960039401,18879999.99999999,14173518.633981261,9567118.182439832,13275893.75019556,15431508.57712308,17893944.370683707,18418999.414299462
臺北市大同區承德路三段６９號十樓,25.0656999857471,121.518559987433,23500000.00000002,26948029.371735547,20924488.652678058,24912601.629690364,26743118.145417124,30738726.07438558,33082283.34685286
臺北市信義區松勇路５３巷６８號,25.03400001,121.57309,110500000.00000006,68183631.63354778,47796743.834235,75256745.0932627,76124238.11243775,83914326.29383379,92871230.02776527
臺北市士林區天母東路６１巷３號,25.11842352,121.5338319,10899999.999999993,9088928.877017675,6720947.228282176,7979488.1146977395,9878781.787599713,10505508.859909786,11981615.465213193
臺北市北投區榮華一路３巷８號五樓,25.1122599910536,121.524899975175,16379999.999999993,16156160.61093761,10619149.178060554,12463808.611117996,17040017.356714282,17500765.933520112,20257951.64078538
臺北市內湖區行善路２９７號,25.06202678,121.5844959,38679999.999999985,37037563.0933122,27102677.37883427,29238199.349872388,35226691.833815314,39125877.88109968,48949865.15245031
臺北市中山區新生北路二段７３號,25.05667301,121.527863,6350000.0,5731877.701436328,3849860.6903340598,4890627.182028025,5605985.4712515315,5935116.5892217625,7452193.370998716
臺北市南港區東新街１４６號,25.04641591,121.5896764,44999999.999999985,39476906.168803245,27483842.06159448,34981070.78303643,44100644.85617462,51436870.03207555,57130279.53958732
臺北市萬華區環河南路一段７１號,25.04504601,121.501972,2919999.9999999977,3312100.223889769,1792989.0753941191,2295910.8082678355,2976910.197862744,3230902.9635372628,6436622.748565972
臺北市中山區天祥路１６巷１５號,25.06133498,121.520499,9999999.999999996,9856234.162890652,7247717.350648195,9298787.085492771,9871941.762011848,11411539.106349539,14456095.36512144
臺北市北投區稻香路１６１巷１號,25.142211,121.488969,20200000.000000034,33687238.42795377,22787329.540794164,27563896.646202862,32780118.548298385,39760819.75016173,46653195.05537975
臺北市信義區忠孝東路五段３７２巷２７弄４９號二樓,25.0398799940198,121.57536003812,29800000.0,22425130.222986374,14682604.951570053,19267349.194930334,23872843.146197814,27369088.631380565,30349862.277454145
臺北市中山區建國北路三段１１３巷３１弄１８號五樓,25.06758998,121.53538,16999999.999999974,20877947.294086657,14951189.386913773,17802648.24230081,19208239.17345105,24571737.437412344,28371328.97538307
臺北市北投區文化三路１０１號二樓,25.1404500078133,121.498980029253,21200000.000000004,26119007.161885485,17929572.12190319,22890285.674249873,23874976.651409123,28880313.76707674,31981892.855987854
臺北市文山區三福街７７號二樓之３,24.9978100066063,121.542979991782,25750000.0,31021169.45352842,24158131.500345096,26298843.065466665,31797609.141717564,33522061.930438843,38098441.689122714
臺北市松山區八德路四段７７７號四樓之２,25.0512099801801,121.578250034516,22100000.000000015,16913634.985126615,13750984.479680018,14656478.83624406,16532551.862205237,21149401.17878539,22531022.617618404
臺北市松山區民生東路五段１４號三樓,25.0590100116371,121.561929966119,30000000.00000005,19565060.361808334,13760163.295165148,17826107.675751153,21972040.758312583,24357594.797826786,27915456.501954585
臺北市文山區福興路８２巷６弄４號二樓,25.0058700027903,121.551129967697,13799999.999999985,16615521.804636443,11772522.101522569,14014216.555369865,17443978.865500722,20033189.546936043,24408622.461271543
臺北市北投區大屯路６６號五樓,25.1441799966358,121.501350012376,25999999.999999985,36801467.36164524,28268248.157585513,33718403.248884305,41286322.60061956,52354100.09483837,60571616.093360625
臺北市內湖區文湖街２１巷１１２弄１３號六樓,25.0910500041633,121.560389959049,20000000.000000015,24323806.22084883,17927170.12400509,20092377.01391851,22966788.035788823,28720059.64477776,30857075.132276382
臺北市中山區新生北路二段４３號七樓之２,25.0525517756385,121.527867448762,5699999.999999996,6540427.9836342605,4240009.952144682,5445663.62865109,6133464.398990517,7825779.90146044,9371875.119126115
臺北市信義區松德路５６號四樓,25.0387700204918,121.576439962525,25250000.0,16071057.917643659,10949590.907144696,14859042.731963119,19618179.41510347,22153840.65638756,25800955.49564445
臺北市內湖區康寧路三段２１７巷９號,25.06848898,121.612548,13200000.000000019,16144773.145687409,10781622.348807126,13229135.98199101,16078491.532558177,19104837.142933287,23207060.5905712
臺北市文山區辛亥路四段２５２巷２弄５號,25.00180491,121.5544961,15499999.999999987,14122183.164010387,10812648.515962616,13566354.234913334,15897557.906526484,18556585.868471414,20891588.571047306
臺北市文山區萬安街１２巷４號六樓之２,25.00135999,121.56997,10745743.999999996,21054602.915068403,14200915.81229822,17798199.172564708,22011363.791149177,26456157.5795489,28408720.349805195
臺北市士林區承德路四段４９號,25.08089801,121.523201,31250000.000000007,30243033.93571768,22779730.35176788,26708606.53433977,30290627.445485182,34364985.168314755,44757275.487977885
臺北市內湖區瑞光路２３１號四樓,25.0744499802005,121.578390012299,19360000.000000004,20478816.655078582,13680374.209063547,16801501.054957107,20046427.148151964,22959771.497058507,25155617.46912102
臺北市士林區德行東路８１巷１４號,25.10800802,121.527545,35499999.999999955,22015556.865235496,14820876.867111385,20955345.905269153,25150587.10788741,31300231.370341912,35420713.47530391
臺北市中山區民權東路二段９號,25.06281699,121.528581,9700000.000000007,7826256.559779875,6476709.575206511,7304839.2344947625,7754956.143930972,9297424.740415076,10517134.589226117
臺北市北投區溫泉路１３９號,25.13995799,121.512059,3750000.0000000023,6898624.871824842,4568184.460054681,6234512.12573243,6660643.002382395,7520497.498827099,9941739.093094505
臺北市萬華區萬大路１８６巷２弄９號,25.02817701,121.500093,12299999.999999985,15061882.782968003,11234050.492931057,12488697.721754465,15752015.165124029,18582249.70677506,22550240.233390365
臺北市文山區辛亥路七段６９巷１７號,24.98257401,121.554784,19910000.000000034,22554802.87579934,15144603.015141841,20094517.041413702,24263593.266372688,29120360.223762367,33051855.086480577
臺北市信義區忠孝東路五段７４３巷１５號,25.0436399900558,121.581349997586,26499999.999999996,18326831.40795785,9259790.9851615,13503991.788139952,17219751.397239625,22012765.64955747,27149031.137157023
臺北市內湖區港墘路２６巷８之１號,25.082708,121.577682,20580000.000000037,16437072.827402955,10579702.835622512,13595241.639711913,17155075.279790875,19784214.73811195,23269696.65759352
臺北市士林區中山北路六段４０５巷６９號六樓之２,25.1166599873065,121.526179975609,63999999.999999896,53180037.795930505,40650321.3522352,50704007.92286073,58828934.77927848,64685518.74557225,71015560.20331004
臺北市士林區德行東路２５８號二樓,25.109499997976,121.534419973164,57999999.99999995,51894876.58134142,36002056.15904283,44826319.944225304,57056221.833052844,64380170.741118,66371903.994127356
臺北市松山區健康路３２５巷２５弄６號十三樓,25.0563799799682,121.56684000118,43969999.99999997,46428181.48559868,31639598.65374241,43414633.814039834,43577740.99066956,49851784.10686147,79811130.10205846
臺北市文山區景興路２５８號十一樓之１,24.9900800059503,121.542689977932,10800000.0,10826530.677811267,7892198.049243489,9999550.46482537,11154609.755758474,13715230.338445904,15064479.022330495
臺北市士林區美崙街６２巷２０號,25.097622,121.522717,16500000.000000013,16604736.937422186,10749628.538732763,14039105.689147651,16491515.584633738,19864554.846938863,25045622.109729663
臺北市中山區農安街９號,25.06510101,121.523358,6200000.000000005,6697121.278984141,4437722.741922699,5258135.024705146,6214187.235392565,7253304.677165862,9340828.30144068
臺北市北投區稻香路１６１巷１６弄２之３號二樓,25.14250303,121.4889525,19299999.999999985,25550301.30234526,20031691.78722607,20200517.308247354,22470802.014812134,27136224.303421225,33012867.56841287
臺北市信義區信義路六段３１號七樓,25.034720010606,121.575909974787,8000000.000000002,8638477.839698061,5615167.876959084,7994632.021714849,8229595.74767697,12314806.145426719,14406030.350921893
臺北市中山區林森北路５３６號,25.063898,121.525544,16279999.999999998,11668126.6143709,7706971.428617829,11552902.11813622,12773641.770850101,15377543.618472466,17260551.33577746
臺北市大同區重慶北路三段９巷１６號三樓,25.06418998589,121.51454002667,12799999.999999978,11003835.596211147,7231314.732716043,9542316.299746606,12097423.951089367,14302996.795947336,15833610.634536665
臺北市萬華區康定路１０３號九樓之１,25.0394800096003,121.502019977897,11199999.999999998,14192199.387171714,11152287.974640748,11621147.956762096,13677306.70304194,15709278.890269538,16904570.441660088
臺北市松山區八德路四段１８１巷２７號三樓,25.0496599986449,121.56317995934,16000000.000000026,11707026.702225937,7525041.063798495,10356745.849641945,14240798.772018695,14881622.360502204,15882749.767184567
臺北市北投區光明路２０７號十一樓,25.136349999875,121.503610024929,36000000.000000045,45421052.12654104,34351145.731319316,36949158.97879532,46312798.67523609,52961377.03484008,61790056.78212856
臺北市中山區新生北路二段６８巷８號十二樓之７,25.0566800101924,121.526850024949,17800000.0,14483338.01689642,11398840.314494895,12882774.528763501,14460641.897262415,16105678.105875649,17616404.637142885
臺北市中山區林森北路６５１號四樓之２,25.0676600099856,121.525930027257,32349999.999999985,31448009.284702603,23350581.0519771,27427968.530011337,32077737.875655927,37496193.42007357,40612459.54148682
臺北市大同區歸綏街１８５號八樓、八樓之１,25.0582499825667,121.512740012963,13799999.999999985,13500405.86561276,8695402.88902378,9903053.899855439,12838047.12577108,15882341.485797776,19595512.509033106
臺北市中山區南京東路三段１９４巷３號四樓之３,25.0517542685367,121.542715071957,35580000.00000005,27054502.00721889,19021643.263626024,24613988.54294026,33387415.56829357,35173193.95387486,37028897.74666397
臺北市大安區和平東路二段２６５巷６０號,25.02811901,121.544005,33500000.0,26685412.58369746,11255647.567615373,21596819.679307546,28918482.603771105,34192521.75559442,39523216.2665712
臺北市信義區松山路２２５巷１７之１號,25.04488202,121.578366,25999999.999999985,21719352.021896623,15066278.058190953,21617406.7575461,26816774.392224513,30842277.164131306,32582535.553629886
臺北市大同區承德路三段２９７之１號,25.075453,121.520469,10879999.999999981,12179895.97771864,9823698.137872213,10941041.35916636,11784300.257608723,14529931.508557275,16433153.524121454
臺北市萬華區雙園街４０巷７號三樓,25.0294099911253,121.494130008618,8999999.999999996,10241872.692348942,6991055.796609435,7911341.62581152,9662492.122906277,11734952.527731655,13932267.028627025
臺北市大同區民權西路２６８號十二樓之６,25.0627400004597,121.512010033015,24180000.000000007,23381466.13640055,19051986.8056923,23692553.657599367,24159881.52609917,27025702.193206076,30220597.989619873
臺北市士林區通河街３２３巷２７之１號,25.08130998,121.51863,5420000.000000002,5588229.26837953,3092696.9351690295,4806800.497374744,5519619.443273652,7677072.68809133,10526700.882487256
臺北市信義區永吉路３０巷１１９弄４０號四樓,25.0430199806779,121.569939964251,26079999.999999966,21525411.356633216,14498947.84446074,19074607.644855864,22240262.418801807,25952604.104100242,28451341.461099926
臺北市松山區寶清街１８之８號,25.05023198,121.568676,23150000.0,21293161.356172636,14273035.998741377,17936712.391708508,22718671.747043394,25049080.507448927,30414827.48704565
臺北市信義區信安街１５９號十一樓,25.0225699809485,121.555040041709,11632499.999999983,15489960.709341973,10911513.961912386,12727364.119365402,17233627.949834205,19730530.21318565,23478591.47310697
臺北市大安區辛亥路一段８６號,25.02120201,121.531555,32800000.000000045,30604005.368052736,18454205.770497523,27345807.520976223,32504665.90339801,37959513.01606396,41893511.01775631
臺北市中正區博愛路２２３號四樓,25.0339488501658,121.510681361198,459699999.99999934,241973778.1485595,51306847.22333108,118532347.98733953,285966108.3504104,300823241.33074325,311584290.5003166
臺北市中山區明水路５９１號二樓,25.0807600026395,121.551589966543,47499999.99999994,35869750.998899706,27234351.971094098,32523002.02320842,40050564.71744056,42254030.83406056,48864995.110351965
臺北市北投區明德路１１８巷１２號,25.10938198,121.520801,22399999.999999985,16707329.261547675,12068150.202412777,14033727.002643213,18686759.48693642,20855483.95811068,24815800.210162707
臺北市大安區忠孝東路三段２４８巷２４號,25.040859,121.5410595,32649999.999999974,25453249.986065324,16363559.090574289,23357028.75634509,28014152.188541144,32287158.938655417,34640199.789046966
臺北市士林區重慶北路四段８１號四樓之９,25.08164002,121.5122,12799999.999999978,14609070.20330156,9632743.602543902,12863792.439346902,14816779.16913102,18223036.050499346,21057675.387254093
臺北市大安區敦化南路二段６３巷６５號十樓,25.0310300034615,121.551979976498,51800000.00000003,39716227.334476255,28505176.519555442,36512629.071776316,41414206.73015322,54902366.144467145,62170055.638208054
臺北市士林區中社路一段１１巷７２號三樓,25.1097799954516,121.562270019931,8157999.999999994,10093901.494831108,7540460.7058181185,8251418.240862438,10098771.856112614,12629660.805114392,15591445.54513212
臺北市北投區公路８９巷１號,25.13289,121.50253,34579999.99999996,25668265.711733192,15924682.949024864,21802204.497934144,31009120.284124848,31249730.6644459,34729737.612132646
臺北市中正區信義路二段１６１巷２弄１號三樓之３,25.03438,121.52853,13499999.999999993,8483963.269341838,7017395.927554084,7963241.436487635,10723320.58790462,11414821.135614535,13378500.284415781
臺北市內湖區內湖路一段２８５巷６５弄９號四樓,25.0844300189449,121.567430003345,17880000.00000003,14879037.105670867,10210182.98719162,12274535.751232732,15868200.46258296,17784316.06083847,19923585.767403074
臺北市萬華區康定路１０５號,25.0392682,121.5020232,19645000.000000004,39878021.12937491,27079687.37015608,34481359.53798111,44524560.95327312,49533665.70022212,58102560.65898566
臺北市士林區環河北路三段１７１號二樓,25.0869600125994,121.504990021468,8499999.999999998,11723285.555371137,7586889.988790603,8725537.571339745,12093808.044218395,15873898.965524534,18251495.92268532
臺北市萬華區成都路１３９號十一樓之１,25.04345999,121.50342,39000000.000000015,51885009.3362352,37558779.60959081,43808299.98832972,50972589.15009253,58180584.631718345,65366565.99584247
臺北市北投區大同街２２８巷８號二樓,25.1392399962709,121.499670027522,6619999.999999996,9842939.128788177,6617461.867161829,7728218.287938946,9876299.183157777,11439335.326474508,13544394.593375988
臺北市中山區長安東路二段１６號,25.04839701,121.530637,8550000.000000006,9582183.21538458,8199620.84083753,8543169.801772336,8893184.094437549,11800503.912933942,14294354.921430442
臺北市內湖區民權東路六段２０６巷１２１弄３８號二樓,25.0650500110654,121.59697000943,48999999.999999955,45199418.80553585,30145338.062207166,35909971.899749026,48913858.31198186,53963526.59020772,62065693.500284694
臺北市士林區美崙街４９巷１號,25.0967300008502,121.522439970413,6500000.0,4640120.984287714,2503038.834113032,3328539.4680231167,4684151.808122942,6278004.219958616,7764094.217822894
臺北市大安區安和路二段３５巷３號,25.03182201,121.552837,49979999.99999996,28670261.58443173,19076699.45558903,24641378.953570742,31576800.28116123,36105212.62836514,41721048.55714717
臺北市中山區松江路２號十二樓之７,25.0467200041966,121.533220019905,8000000.000000002,6736152.470805917,5526160.742070334,6791212.675866544,7450139.925421368,7956984.62090702,9959944.230972392
臺北市南港區中南街１１７號,25.0522446,121.615284,16879999.999999985,14064480.326216869,9359438.112846047,12373946.473090695,16858387.876110505,19303320.579214584,21971783.51915324
臺北市文山區仙岩路１６巷７０之１３號,24.9962300178577,121.550230002753,9400000.000000015,7952493.147046118,5923763.687404043,6666945.92257498,10084255.865655098,11948296.99866719,13251599.482563572
臺北市松山區民生東路五段１２２號,25.05857101,121.561184,49299999.99999999,43701786.3713074,31528629.40426089,42594087.09393981,49530882.18332388,53384213.192624666,62030740.63146465
臺北市萬華區環河南路二段１５５巷１４號五樓,25.0333900121196,121.493210010926,13550000.000000015,17640127.568669192,11563137.794974161,14447420.319312744,18590690.28002595,22836265.50160636,26060363.85418075
臺北市中山區德惠街３４號八樓之２６,25.06656999,121.52635,6300000.000000002,5248827.608671481,3381278.5394259496,4863642.990356496,5906999.441285361,6509097.4174437225,7320850.325915564
臺北市中山區龍江路１００巷１之２號三樓,25.0524399825616,121.540110028135,19179999.99999997,16543900.51745438,10798984.018590532,15875801.24773791,20732470.745272443,20797982.262444455,24495370.93393004
臺北市文山區溪口街１１５號,24.996170003431,121.537429998413,12000000.000000007,19326263.22385583,10620950.256934479,14443701.833243772,16754353.571947712,23854440.12394669,26143496.522873953
臺北市萬華區民和街８１巷９號,25.025184,121.498166,21099999.999999993,26028723.823003247,20171681.403136946,23944536.9171206,27579753.99712407,29827920.552766953,34025017.361069165
臺北市中正區南昌路二段８９號,25.02722801,121.521045,20800000.000000004,17341818.14013154,13210499.050014293,15269693.636358881,19553567.840476118,20850999.189526323,21226248.316448938
臺北市信義區忠孝東路五段７１巷１２弄７號四樓,25.0420600013072,121.566819968432,28279999.999999955,18812865.18014063,13346100.89204622,17455282.073080968,20945637.589354318,21832403.844448328,26994299.403028473
臺北市中山區民生東路一段７０巷７號,25.05759012,121.5265033,6880000.000000003,8643568.2356811,6827910.299904879,7283643.023963682,9244571.344209423,11323047.28818452,13394177.165980052
臺北市內湖區康樂街１１１巷３１號二樓,25.07053999,121.62046,2199999.9999999995,1746122.7564374784,1151376.6619133432,1850075.3389581877,2207770.267202343,2757247.54827008,6213364.724237911
臺北市大同區南京西路１８５巷１９號三樓,25.05494001,121.51247,4880000.0,5362841.645757876,2936200.0279098246,4917571.270406615,6590400.71573998,6942319.532568537,8370357.307580747
臺北市松山區新中街６巷１１號七樓之１,25.0583799858849,121.561060008389,45499999.99999994,37821999.60696096,25760895.293609977,34000591.847692,40744929.843660116,44651437.283421956,49351493.32380714
臺北市中山區農安街１９號三樓之６,25.0648599933204,121.532809977202,13000000.000000013,9621428.617848096,6959956.989672365,9274457.769630484,11289152.009785198,12912083.216606015,14243187.682405196
臺北市士林區天母西路４８之７號二樓,25.1183299976952,121.525110025669,15000000.00000001,18067962.699158706,11904322.006164461,16168452.85700085,19739365.408029456,22124146.66085597,25188543.074372187
臺北市文山區辛亥路四段７７巷９２弄９號,25.00877882,121.5612194,11480000.0,10787896.848370187,8161057.996912123,9485250.05508759,11157015.47679326,13250454.78938165,15269346.141199877
臺北市士林區中山北路六段４４４號,25.114153,121.527412,16899999.999999985,13607498.410181215,9519598.340897411,10268325.107147899,15816969.865297968,17881488.512556206,21155375.518559832
臺北市信義區吳興街６００巷７６弄８２號,25.01837299,121.57001,15260000.000000006,13934730.133234553,9327403.373829989,12855065.8774343,15465378.636442043,17128747.27385309,19017927.92503862
臺北市中正區中華路二段２９９號二樓之６,25.0295500108178,121.504609985978,6500000.0,5232096.6272016745,3355221.813943226,4453264.957392117,5335733.296619201,6653288.918072403,9106007.46390582
臺北市士林區忠誠路一段９０號,25.10507741,121.5278301,26999999.999999993,26644577.158826895,20151396.25104077,27261067.088432483,27271797.000475004,34677364.712084524,37061053.1622162
臺北市士林區承德路四段２０號,25.0801399932616,121.521860026532,15000000.00000001,16460298.265417004,9213997.206282888,12416786.507080644,14717442.826991215,19726790.922345016,27967476.00232922
臺北市松山區南京東路五段２３巷１５弄７號五樓,25.0529599958346,121.557749994825,19000000.000000015,17402171.140405037,11903425.350503251,14704007.34594481,18595792.41763044,19812562.34329931,23450012.605160818
臺北市大安區復興南路二段５５號六樓之１,25.0310600106749,121.543760011691,15379999.99999999,13201577.861716324,8734705.628089458,10799694.513535047,13973333.089804381,15281419.348849274,17975394.750873383
臺北市士林區中山北路六段４０５巷４５弄１５號四樓,25.1163900062053,121.525819972868,59499999.99999996,50943549.01904598,32994668.8716205,43169030.029681206,54102882.854768895,65040865.64946503,83434255.44298965
臺北市中山區林森北路２６０號三樓之１,25.0545699917965,121.525319992344,8599999.999999996,9447217.126601849,6344901.333117969,7829745.460671447,9521289.115613356,11109803.936715826,13948426.067766739
臺北市內湖區文德路２１０巷３０弄６號,25.07723001,121.5843,15000000.00000001,18227456.53688345,11540845.938171089,13245337.690218542,15792888.232123874,20514098.72514848,27404563.855036356
臺北市內湖區陽光街１６１巷１２之３２號,25.07457001,121.585052,11699999.999999993,13927177.834714964,9525663.372543804,11345478.085817458,11732694.611382348,16005955.043245716,18544427.30193463
臺北市萬華區東園街６７巷２號四樓,25.0266199908343,121.497229971689,12970000.000000002,14863386.62416841,9932901.953681052,12707900.578327004,13653781.098908154,18617122.3070979,23710845.278798036
臺北市中山區明水路５５５號十五樓之３４,25.07910001,121.55209,12799999.999999978,9973144.378054917,6357941.159087928,8887173.149930388,11171817.538389076,12803032.408828441,13334606.058769677
臺北市中山區撫順街４１巷３號,25.06421199,121.519352,11500000.000000019,10099007.246571641,6757294.73310679,8895134.400582612,10661143.088110194,12214820.09804656,15437250.772319935
臺北市中正區汀州路二段１２１號,25.02511301,121.519284,13600000.00000001,12770247.534038972,9441377.217873974,11497501.682157671,12944795.217970181,15627441.69788028,18338351.147062548
臺北市內湖區東湖路１１３巷４９弄４７號,25.0694000092658,121.615060000501,8000000.000000002,20048440.784358807,14070524.463172194,18538628.623179313,21704865.023217805,26455392.848353565,32273383.823564366
臺北市萬華區武成街１２５巷７號三樓,25.0193299981855,121.493440010349,8499999.999999998,12677645.817891365,8428105.444227362,9231727.929909555,13145461.037354933,16039186.194149334,18453295.806145296
臺北市信義區忠孝東路五段３６４號六樓,25.0407600100342,121.573679969448,9999999.999999996,8340379.455562289,4753156.449973389,7467749.48160551,9944727.821060183,12470253.111486666,14960629.325822074
臺北市信義區忠孝東路五段４６９號十九樓之３,25.04097002,121.5771,17600000.000000015,15662443.402063966,10276329.020400587,10821250.922606394,17885758.55212567,19978552.925613333,20982315.686321795
臺北市中正區臨沂街３３巷５號,25.03966001,121.530218,23679999.999999985,14260180.192401811,9537694.618859623,11655274.249693478,15294624.402844297,17897606.481454898,20899136.449597996
臺北市內湖區安康路３５０號二樓之２,25.0659299851702,121.61217997857,10899999.999999993,12645127.46723937,10285787.36448681,10663184.349140048,12732148.366376368,15913641.322815094,18789980.916365236
臺北市文山區指南路三段７７巷５號,24.98272401,121.580468,25679999.999999993,38245880.470294416,27232887.10580665,36012870.0831657,40870397.71997007,46899844.67354412,54477110.19415204
臺北市大安區泰順街４４巷２１號,25.02394499,121.530096,10300000.00000001,13573766.863138234,8552962.575193768,10708897.106556904,13585961.426414767,16187990.489983795,18765864.364548188
臺北市文山區仙岩路２２巷３１號二十樓之１,24.9984000087708,121.549990028865,25999999.999999985,29298193.912497625,20633029.812141053,24735346.81198083,25884105.31786032,36606438.39743436,40478898.45162529
臺北市北投區光明路２０３號二十二樓,25.1361000096128,121.503710021034,43289999.99999996,44645008.39819318,34592250.78593591,38344881.22343542,43222827.17436128,47353952.36489522,68704868.14725927
臺北市北投區公路２５７巷５弄３號二樓,25.13289,121.50253,13179999.999999989,17957899.600196023,13088030.28416713,14946292.52251398,18540988.66030805,22384472.334327932,27427456.11957884
臺北市內湖區星雲街１５０巷４０號七樓之２,25.0797299924678,121.597200008853,27199999.99999999,21153823.304843105,14254294.618835086,16309779.456214745,21676231.847004775,25552138.644225694,26996573.375965577
臺北市士林區至善路二段９０號四樓之２,25.0977100129694,121.546060005923,20999999.99999998,21381358.47110276,15082351.610957634,19429607.846238308,21943982.132086232,24265296.64102929,26580326.050542913
臺北市松山區南京東路三段３３５巷２１號二樓之７,25.0534500018942,121.547609987458,8650000.0,6104353.69788866,3180379.379508689,5257430.105033536,7770563.116440494,8666216.704291658,9355472.011743592
臺北市北投區新民路６２巷１５弄１號,25.13935002,121.5110127,13900000.000000019,18092208.582574267,12193272.669355301,13684338.887389254,16506385.550793162,21025648.83781202,25877528.94861896
臺北市大安區光復南路１１６巷２８號二樓,25.0429799989997,121.556550041566,50000000.00000009,32504703.57090342,23761507.541856878,30028201.120222624,36097063.74145117,41970110.76206855,49376155.862936236
臺北市士林區環河北路三段２０３號,25.08789698,121.504199,23260000.0,34716711.13829501,24167611.842002243,28504390.400272623,35055904.12953936,38958900.74353109,46989271.45583759
臺北市信義區吳興街２８４巷８號,25.025025,121.563709,29399999.999999985,22399866.867644962,16579246.957978806,19026909.709919754,26392712.297731098,28235094.25148592,29466291.52805917
臺北市中正區中華路二段２９９號,25.02958501,121.504592,7100000.000000005,5307356.507104936,3660057.061678757,5162314.119755196,5728732.096654073,6437498.6010820335,8639716.335465083
臺北市內湖區港墘路２６巷５號十三樓之１,25.0830799877099,121.577730021243,30560000.00000004,29600683.731312998,21587535.099587597,24519507.995405868,30391877.72044551,32959920.02748309,40658524.34816972
臺北市文山區木新路二段１６１巷２４弄２號三樓,24.9825899791823,121.569219958768,16999999.999999974,21004985.72707053,14145026.808466364,17454546.22576809,20588473.496864617,24267471.227250308,27423414.55254838
臺北市文山區景福街５８號十四樓,24.9990799906659,121.537820008368,27500000.000000015,28715420.715574436,20773258.919193,26867120.644301474,30357504.960882112,32479189.683029372,38637880.795466766
臺北市中正區汀州路二段１２１號二樓之３,25.0250799837639,121.519279992915,11050000.000000011,12306707.962507274,9847101.245760567,10782943.704904353,12066012.763271388,14800162.623885982,16128882.218513098
臺北市內湖區星雲街２６號五樓,25.07808999,121.59081,14240000.000000015,15810998.054647703,11195949.304459915,13239405.074381078,15495020.970561473,17548856.455977444,21154058.751120336
臺北市內湖區文德路１０６號六樓之１,25.0783100142508,121.583069964118,12000000.000000007,10556116.471299445,6830009.7476626225,10462884.427160455,11171747.675311413,12423582.616825456,13783739.203789428
臺北市中山區新生北路三段１號十四樓之２０,25.063009981561,121.528000022065,6180000.000000002,5655133.030668497,4477882.07848534,5458075.751359299,6325001.538435907,6688617.701809499,8035828.477889051
臺北市內湖區新豐街１９號二樓,25.05942999,121.58259,37699999.99999999,38086158.19662458,26735495.214307953,32090068.425841656,37783064.2606018,42848880.44812773,48150347.81675434
臺北市南港區福德街３４３號二樓,25.0394800096003,121.588639990235,17400000.000000015,16060568.06115748,11564301.103587843,13992852.042640492,17366679.225384325,18524291.068545375,22210834.494621437
臺北市北投區泉源路２８號七樓之１１,25.13968,121.50657,4150000.000000003,7874738.413657918,5557622.825401152,6278679.718694584,7501076.754117799,9756330.77154536,11525721.404632747
臺北市南港區福德街３７７號四樓,25.0397064503849,121.589272506797,20800000.000000004,22122647.936885208,15914741.053745832,19670113.654234704,20896713.478802957,24597490.287995093,28125187.395242047
臺北市大安區復興南路二段３２９號,25.02372798,121.543584,33160000.000000034,27413326.762486205,18352539.685835086,24660444.48250358,33074398.25608095,34650510.50318358,35064031.42680726
臺北市大同區重慶北路一段８９巷１９號四樓,25.0531500135796,121.514770026093,9999999.999999996,7270425.155452346,5024941.158505925,5749236.676634669,7288093.181951667,9184673.90073413,10965072.040034804
臺北市萬華區西園路一段８０號十二樓之３,25.0392099865895,121.499749990879,27999999.99999999,34938864.4055455,26285118.91766073,29387806.994901706,33664914.10018677,42330104.99893713,49962967.16745629
臺北市南港區經貿二路１５７巷３６弄１０１號,25.06206002,121.615061,20000000.000000015,18701093.39253449,14141497.74642959,16348607.638311064,19687594.02396013,21866482.028827786,24894314.49471042
臺北市萬華區艋舺大道２０４號,25.03260002,121.499446,16980000.000000022,18766981.61426166,12293750.979580913,16609331.910783334,21259157.601105377,26077774.55687725,27391958.966719322
臺北市中山區復興北路２２２號七樓,25.0566699938181,121.543609975625,27600000.000000037,27015786.054458532,19206134.11887909,24932546.07471113,27329592.086215533,33034528.130299244,36378873.88241475
臺北市中山區林森北路６５７號,25.067774,121.52592,6400000.000000001,7474521.719450486,6074538.199346378,6733059.793561826,8124430.926654589,9418707.576910488,11044154.983963512
臺北市士林區士東路８９巷１３號,25.112614,121.52851,7800000.000000004,8156815.877273471,6138719.551044906,7812256.907725282,7863467.4288484175,8992499.140214277,10792477.366270375
臺北市北投區中山北路七段２１９巷３弄３９號七樓,25.1270900085229,121.530639986289,20300000.000000015,23242254.0559633,16269567.220520744,19365322.668371625,22687900.276180673,25797211.81062421,29531079.147100046
臺北市內湖區金龍路４７巷１０號,25.085253,121.593519,16830000.00000001,16063889.290517429,11501442.741242059,14698289.00220493,16447855.967662763,19798167.128618646,22095935.303764246
臺北市中山區合江街１８０巷５號三樓,25.0611900189245,121.538879983844,21350000.0,23950643.44055781,14854982.679386172,21945507.201851346,25005957.866135564,29500739.633454036,30863166.727849893
臺北市內湖區康樂街１８６巷１７號三樓之２,25.076930017712,121.620370019982,6500000.0,7560169.574187209,5589394.095143352,6507469.270872673,7731331.150833165,8433169.507546753,9862135.781946791
臺北市松山區八德路三段１２巷５１弄２４號,25.046058,121.551602,37500000.0,31570370.702199187,21704509.589300547,27498876.680669893,34035781.41607322,38472405.10359379,44540685.454813235
臺北市內湖區成功路二段４２６巷７弄１３號五樓,25.0716699962838,121.589190010721,16000000.000000026,16857492.653291646,11878833.966855641,14536654.45957358,16734951.508613633,20021497.466686644,23655186.661944583
臺北市大安區信義路二段６６號,25.03433208,121.5261752,51999999.99999991,25364965.35028372,17953467.200979117,22465349.362834692,27552129.746142495,30514347.463145018,36078275.628264256
臺北市信義區信義路六段７２號,25.0350300152949,121.576799965267,25999999.999999985,14213572.866709854,9004064.23203459,10954158.713176165,14673625.368297724,20537965.37967947,26072291.162689336
臺北市信義區吳興街６００巷７６弄７６號四樓,25.0186299835418,121.570069967569,25999999.999999985,34173367.70497313,24841062.854784504,27249973.219226692,30488143.2383957,41105189.22367687,49154430.66758275
臺北市北投區明德路２６７巷１０號六樓之１,25.1146000088726,121.521770004892,24999999.999999963,30927101.767610643,24383025.642654084,27956690.36081247,31992932.122433417,32473126.61683941,39002892.3212377
臺北市士林區中正路４３８號十樓,25.0932800095031,121.518819994069,32760000.00000003,30764269.835277207,24020355.604248077,27087780.944438748,31471759.176246233,36052703.23595002,39091077.10822922
臺北市內湖區文德路２２巷５９弄２０號五樓,25.0753400125892,121.580090029901,24000000.0,23181795.837638363,15680282.335553277,19210620.35405642,21833115.444930367,25935105.210366875,29759570.875077203
臺北市信義區大道路４２巷１７號,25.0412167,121.5811663,22300000.000000007,17335691.543046385,11462329.049889693,14638713.918255249,19153083.210278954,21691129.084791135,25900664.998820826
臺北市文山區忠順街一段１０巷１６號五樓,24.9833699990918,121.558339996989,20360000.00000003,26451011.077887326,17819373.029240575,20396119.646703064,24283457.230454482,30911690.06316436,32835192.236804593
臺北市大安區建國南路一段３０７巷１１號三樓,25.0352999963962,121.538719973312,29700000.000000034,22038038.778514694,14891295.348617034,18469993.73569689,23408208.039700616,28687697.124010853,30934601.232723042
臺北市萬華區長沙街二段１２８號三樓,25.03535,121.49948,9019999.999999994,17705646.04513215,12376174.266285902,18194493.081050202,18743456.46097977,25678986.898267604,31788088.566667467
臺北市士林區天母北路５６號,25.12153201,121.52636,41680000.00000004,42695827.15777998,33894203.65427068,36198103.604003675,42183458.323746964,49024375.956458315,52061499.326426506
臺北市松山區南京東路三段３３５巷２３號三樓之１４,25.0534300110552,121.547630020207,1009999.9999999992,5684321.228676658,3108818.437847508,4912261.054940803,7271274.112508919,8237117.9274026,9351996.787049264
臺北市北投區三合街二段４５６號十七樓之１,25.12666999,121.50217,16799999.999999978,14814440.236765578,10325054.42096303,11215618.160215793,16324759.413991207,21451845.43168819,24282414.769513413
臺北市北投區福美路２１９號七樓,25.1002499810887,121.504230034307,28199999.999999963,36447657.28320879,27920622.7354418,28087296.423699252,35612453.912617914,42549051.47227889,52817059.43282689
臺北市中山區合江街１０２巷３８號,25.05862,121.538306,36999999.99999993,32548492.660310723,22609239.101033147,29750170.327183604,36886986.86426557,41113808.78508355,50814595.54773766
臺北市中山區新生北路二段６８巷８號四樓之２,25.0566800101924,121.526850024949,26199999.999999996,25274641.076320034,17609830.592605162,20189941.231697556,25694390.36961345,27186066.162598997,31141902.81502977
臺北市中山區新生北路三段３巷５０號,25.06306618,121.5294821,5200000.0,6110136.926058546,3278510.930404202,4815274.412200681,5537166.987331539,7002886.77388462,9194125.880426466
臺北市大同區民權西路１０８號,25.06272902,121.517196,51999999.99999991,51864753.13950128,32346776.752047695,40697077.862640224,51916355.397677906,60010615.4927314,75045970.7605599
臺北市北投區中和街４０號,25.13825839,121.5026573,4930000.000000004,5814956.985524829,3911043.5094354646,4969881.241679968,6073771.050412367,7211678.931246504,9578803.643472
臺北市內湖區文德路２２巷５９弄１３號,25.07496002,121.580046,13000000.000000013,21219184.84340356,13793921.451318366,16798803.11806139,22381867.052887812,24628174.943652645,26286073.281062894
臺北市信義區虎林街１３２巷１９號,25.04022998,121.576217,19749999.999999993,11693330.31494192,7903299.080011654,9659140.473760575,12072671.416178789,16087252.06297183,19605923.50242009
臺北市松山區南京東路五段３１６號,25.051098,121.568066,11000000.000000013,10449218.819024265,7105274.10932946,8597951.771496788,10308262.329011846,12174772.348277334,14321915.689715855
臺北市文山區木柵路一段５９巷３０號四樓,24.9878000025581,121.546719996979,8599999.999999996,9500508.757392831,6499503.5297366185,8092096.506828089,10767952.656625438,13238941.556175783,15169881.307005059
臺北市信義區忠孝東路五段４６９號十六樓,25.04097002,121.5771,66899999.999999925,56762115.00388446,40732365.48761209,42359944.50661492,46974976.712685555,67604784.28283252,71009238.80840474
臺北市內湖區內湖路二段１０３巷８０號,25.08311901,121.580567,32300000.00000004,38697169.23345599,32594005.374037188,35565748.43015853,41783920.7174295,44499451.365082964,54315556.42024827
臺北市文山區木柵路四段３３巷９號,24.99418999,121.571,13559999.999999993,18856186.55687171,12018838.87342374,15357326.86775454,17116747.831260577,21864060.211206317,27733569.74036658
臺北市士林區葫蘆街２９巷３２號五樓,25.07905001,121.50988,9500000.000000015,11902222.490420654,7086023.933576656,9490292.752224647,10047812.078318339,13779595.874678437,16824675.304334138
臺北市中山區林森北路１１９巷２０號五樓之７,25.0504600093935,121.52596003447,5420000.000000002,6489730.407767041,4822089.103575457,5828881.74992188,8586854.393933853,8590416.259731466,8706559.629422141
臺北市內湖區民權東路六段１９０巷１１７弄４３號四樓,25.0686100148915,121.594229965282,22799999.999999996,25895587.772386014,18672660.578009788,22063079.576696135,24070836.54534307,29525310.316452026,32532129.91984574
臺北市大安區溫州街１１巷１４號三樓,25.0253699976138,121.53430002813,10800000.0,23935795.275309708,16652666.50833787,21176177.622726656,24977225.21319895,30786475.237911317,33869121.69683069
臺北市內湖區大湖山莊街２０２巷８號三樓,25.0877899886518,121.598389987647,5421000.000000005,12002332.671711981,7310310.1178363245,8942775.299351925,12740362.790659998,15876148.142117126,18700214.467911966
臺北市內湖區麗山街３４６號二樓,25.0822899933356,121.572979996713,17419999.999999974,15666960.617959956,11061856.42998904,11939068.879983531,15625029.521913756,18865327.32785589,21852335.44733636
臺北市信義區和平東路三段３９１巷２０弄３５號四樓,25.02108001384,121.559210038539,17999999.999999985,17256787.224217873,11596453.587440785,16891376.121303745,17194606.499030463,19229646.884317577,23333483.50329329
臺北市中正區杭州南路一段１０１巷１８號四樓,25.0375199853617,121.526349960606,25500000.000000026,15581316.291997323,10997647.655879445,13369502.985002536,15577570.520217728,19374150.732907914,23755994.903395742
臺北市萬華區萬大路４８６巷４６弄１８號三樓,25.0207700091511,121.496299999532,9900000.000000013,14190246.516896024,10237314.305077499,11648171.253015514,13607354.069799878,19188486.68707848,21713159.905930337
臺北市內湖區星雲街１６８巷４３號十七樓之２,25.07997998273,121.597330012171,18179999.99999998,21610633.5812007,16743402.163754461,18963363.766004622,20799655.1023083,24781061.983065505,25821410.18778797
臺北市內湖區陽光街６號二樓,25.0731490772687,121.577652237223,26380000.000000037,27466654.068961695,17876925.519861877,23130030.792604923,27028857.199209794,31667556.553028833,36999379.36666807
臺北市大同區天水路４５號十二樓之２,25.052870016104,121.512919972424,11500000.000000019,19983910.61344887,13186878.91454795,16567935.948017806,19149781.38267855,21138281.936676223,28245101.109229002
臺北市南港區南港路一段２８１號,25.05453198,121.608495,6229999.999999994,6890359.463999926,4144102.6657636375,5634455.727047145,6589965.24410206,8497143.455711456,10308787.979644476
臺北市內湖區內湖路二段１０３巷１１９弄５號五樓,25.0843399973048,121.581159979841,9180000.000000002,10132139.231448408,6297549.207595164,9476364.851496216,10294584.090481693,12391100.648062631,14550355.242328694
臺北市文山區辛亥路四段１５８號八樓,25.0040300074052,121.556179980541,24580000.000000007,24632798.025174975,17987688.098920733,21880794.290498883,24560727.423382863,28650147.895835325,31591325.554178245
臺北市松山區新東街５５號三樓,25.06187,121.56508,16000000.000000026,12086679.953030663,8155743.642906162,11274471.782318693,13086075.525440814,16033106.005694415,18612367.012321558
臺北市內湖區大湖山莊街２３巷１９號四樓,25.0852200133191,121.602799958364,1612599.9999999988,50593569.543956146,39916665.3144947,47055326.471677415,55290190.88100217,65473867.03448326,78897426.91293742
臺北市信義區忠孝東路五段４６９號十七樓之９,25.0409700186183,121.5771000374,55569999.99999994,42899870.057532616,30912391.4150373,34706622.93954868,39916906.73527448,53465974.6805864,56061485.971147515
臺北市中山區松江路１６４巷６３號三樓之２,25.0557100144474,121.530560022933,15699999.999999976,14314737.026927918,11018914.34528254,12624470.36524506,15055388.302917399,16040750.269430364,16886225.81093902
臺北市南港區重陽路１６６巷１０弄１３號四樓,25.0565399904999,121.600550004095,13499999.999999993,11745811.390121724,8549053.29494663,10080075.260606553,11429678.85051848,13887095.296530463,16805802.098996103
臺北市信義區忠孝東路五段４９９號三樓,25.0413500121987,121.578480033939,24000000.0,15922018.28399238,10876929.820295732,14943398.74078315,18672545.665366717,21261763.94294337,24081411.246636525
臺北市萬華區萬大路９０巷５弄３號,25.03002698,121.499705,14260000.000000002,16824811.61342467,10621486.84907214,14010727.412820999,16795452.526818674,20255511.040162995,23778111.188052513
臺北市信義區松山路５８２號,25.0342124,121.5812608,19979999.999999985,14783141.142963799,10492834.331227124,14079254.190775033,19172535.949086078,21551719.657025397,24146494.828931164
臺北市中山區遼寧街６２巷７號四樓,25.0505199819107,121.541809961918,14000000.000000007,18254166.020818412,14045174.907813665,16895320.807306193,19215869.79204495,22649943.63983719,27205307.799890015
臺北市南港區成福路７９巷２弄１２號三樓,25.04286999,121.58726,8699999.999999994,13083104.975190401,8873233.300124247,10794037.91710347,12795599.160626011,15151760.434399547,17897117.15549986
臺北市內湖區行善路２５巷７號八樓,25.0558300013914,121.576199988637,22280000.00000003,23666883.99745106,16816496.01518913,20835392.120123215,23167077.344874837,27251542.202963863,29532122.423589375
臺北市北投區中央北路三段４０巷１９弄１１號四樓之３,25.1386600104806,121.48490002448,12699999.999999996,17416958.23417017,13851582.085648512,15677203.37428588,17386997.287476093,21151783.220316343,23349703.388912376
臺北市松山區八德路三段１５８巷８弄１０號,25.04757802,121.554814,37280000.000000015,40146254.794186935,21667841.766696602,38563609.93580949,44696303.42372292,47134403.03901965,52556691.24491964
臺北市信義區莊敬路４７８號,25.02648102,121.568168,17710000.000000007,15064377.634821154,10018543.43544212,14370524.77391819,17135922.15835452,19977713.497835714,23400579.783275582
臺北市內湖區內湖路三段６０巷３３號,25.08846221,121.5930694,54179999.999999925,51524036.364361145,40210980.20648439,44398728.61922114,50565984.37953501,56906303.80278087,68313706.59153132
臺北市大同區民族西路７６巷２弄１０號二樓之２,25.0679299910869,121.517260038069,23880000.0,25666260.100005053,17906331.990567736,21451881.87315151,23855566.94584935,28977276.181350645,32089198.946918346
臺北市萬華區寶興街５７號二樓,25.026660014422,121.494069994192,3000000.000000001,4650070.525490879,2873730.7834868133,3885372.998309887,5380425.305814151,6261868.07621921,8168036.547653224
臺北市北投區新興路１５８巷３３之１號五樓,25.1393899904282,121.485699993319,8879999.999999993,14124240.984130988,11398285.099092405,13085052.2534437,14239365.08609006,17256784.844835695,19725638.08645626
臺北市南港區忠孝東路六段１３０號九樓之５,25.047930015739,121.58535000942,16400000.000000006,14574566.87710676,11116108.945438541,13093419.55152481,15089091.100469418,16434377.96120072,17046251.411439035
臺北市內湖區康樂街４８巷１８之１號五樓,25.069129986255,121.617399976411,12879999.999999998,15194918.196657438,10738649.585303098,12519852.818930741,15701888.041083394,18308031.487432983,20923297.375401672
臺北市大同區延平北路四段２９４巷１５號,25.07754102,121.5096619,15000000.00000001,32361143.216952726,21749465.024688292,24305559.515401118,32943476.029834364,37054763.08152193,45361214.63099139
臺北市松山區南京東路四段１３３巷５弄２１號,25.05207202,121.555907,13499999.999999993,9923903.772851663,6989355.175204713,9009930.997969272,11758458.226278432,12432990.009295687,14129251.357451174
臺北市北投區幽雅路７號,25.13729598,121.513111,7500000.000000002,12832585.92994191,9490785.392811676,10565458.680336764,12733000.771709422,15010776.877655104,17527382.427229542
臺北市士林區葫蘆街３０巷３９號,25.081881,121.509921,8999999.999999996,13542564.143333577,8253000.040161023,10378613.55252039,13941524.102187803,15904517.636729212,17867961.77548751
臺北市文山區木柵路四段１４１號,24.99835001,121.57402,31999999.999999955,29978828.1153669,21688997.305306897,27482105.083339237,31805959.036568604,35570780.4994327,41859710.682086006
臺北市中正區臨沂街７１巷１９弄３號三樓之１,25.0353900180363,121.529450007495,24999999.999999963,14896875.419215828,9934611.519992258,12753079.383614063,13812845.594962364,18615089.30728017,23727147.49955307
臺北市中山區林森北路１０７巷３０號二樓之４,25.0499899941729,121.526030023362,6659999.999999999,6750830.879716944,4517154.614979711,6205855.441503173,7103486.127348156,7506687.797220184,9409911.199164089
臺北市士林區士東路２７２號,25.11325601,121.537001,26499999.999999996,46379969.40596254,33824975.6143382,42008484.31769527,45216904.48824237,51972066.09639051,61313325.57195738
臺北市文山區汀州路四段１９１號,25.00418201,121.535736,56000000.00000003,51488837.63174872,42411763.78596313,45858234.56973512,53425175.30017547,57943834.75979425,65388604.25768815
臺北市北投區光明路２４２號,25.1361148,121.508004,11740000.000000015,17982774.5920654,11176029.076470764,14349584.950444058,17852942.694527548,20123157.724021412,26375668.2459196
臺北市中山區松江路２２１巷２７號七樓,25.0584400003117,121.535639959171,48800000.00000002,49145943.50305007,31953982.185349,45522965.31448579,47704761.73259587,57504163.12001037,73552694.8516219
臺北市松山區光復北路２３０巷３號十六樓,25.0559600047096,121.554249963516,35000000.000000015,28439275.139774293,20564764.028834455,22434243.917404994,30405042.906057518,34997681.67102713,37125242.78546743
臺北市中山區大直街６７巷２８號四樓,25.0836899807135,121.547839986881,18679999.999999978,14377836.940010916,10037724.32910958,13095771.478691502,15534244.688202683,17632298.623450983,19804381.81006044
臺北市松山區塔悠路８７號六樓之１,25.05215001,121.57049,16899999.999999985,18458884.7205463,11583610.21705388,14826406.10500847,17947463.81321466,22034375.111339796,24161391.75934776
臺北市大同區承德路三段３０１巷２２號四樓之１,25.07565999,121.52135,15049999.999999989,17953757.410347752,14200993.81266785,15069527.036154417,17217545.912107263,21397861.90439144,27554075.282073844
臺北市北投區幽雅路７號十樓之１２,25.13731999562,121.513130022918,7100000.000000005,15867141.508177277,9778146.21593717,11383324.966264464,13151538.059671074,17423588.63597974,21763081.70600533
臺北市士林區至善路二段４２１巷３２號,25.1062399824645,121.556300009394,52605499.999999925,75370228.84046075,24141866.41472835,47867063.09309784,53057914.88974881,92951967.8233211,147316474.86248967
臺北市士林區通河街３２３巷１７號,25.0811899942724,121.518489998541,4999999.999999999,4678498.056820039,2535225.8291467614,4292526.561615857,5043638.040509001,6651357.433324628,8203127.186583634
臺北市松山區八德路三段１９９巷２１號六樓之２,25.0492600142254,121.556449961642,10069999.999999996,6730978.508281366,4210253.967500272,5347606.322979567,6665933.082710322,7323752.903757742,9838830.881596763
臺北市信義區基隆路一段１０１巷１號九樓,25.0448500015982,121.568180016041,91073000.00000006,57142166.86960128,41147974.877047606,50398889.99254275,60882376.21568669,66200383.81937538,77651821.40028085
臺北市內湖區文德路２０７巷５弄６號,25.0789799797717,121.587060001486,20000000.000000015,17763225.900508765,11886324.476317372,15010640.71225882,19748817.020921297,23776738.33843118,28636378.860372618
臺北市萬華區萬大路３８６號八樓之１,25.0219016594723,121.498772902012,23500000.00000002,29100188.878604025,21885476.30596758,25119547.39018187,32147229.290337905,35246449.63736917,35444926.25272749
臺北市北投區溫泉路３５之３號四樓,25.13402,121.50356,14000000.000000007,17429621.91879249,12026024.053728158,15796188.694675714,16616623.5103233,20366022.173724968,24457389.498648554
臺北市大安區忠孝東路四段３４１號十一樓之４,25.0415600207828,121.557350010405,26280000.000000007,18310665.426323716,12075931.883612752,15412867.137425216,19061298.400757194,20513822.12837122,26863418.36109769
臺北市文山區福興路８２巷１弄１５號,25.00664701,121.550349,11500000.000000019,13237055.09003419,8377775.552827642,10947021.235731523,13618486.12074827,15831489.067403138,17424595.316240523
臺北市南港區重陽路１９９巷２０號四樓之２,25.0569900148814,121.599140000343,28600000.000000026,25986413.563340258,17694998.60282024,24249116.65234431,26229173.10402132,32035230.36597409,37454301.552130714
臺北市中山區錦州街３９３號,25.06036,121.541367,3000000.000000001,2870933.2069836357,1662281.88506502,2238893.1570891067,2956270.0305279843,4227192.66574434,5096355.198600844
臺北市松山區八德路三段２２５號,25.04825402,121.557022,10893333.329999998,10465697.316557467,6074701.723521426,9719977.130257716,12180060.2757923,14945655.230158553,17844078.141986124
臺北市文山區萬安街７２號三樓之５,25.0020100106495,121.57110001965,12499999.999999985,15421102.487119012,9800801.351666983,11321012.585030928,15572088.014997927,17992834.5254519,21905159.61988904
臺北市北投區溫泉路６８巷２７號五樓,25.1347099966997,121.506330036328,11000000.000000013,16857492.653291646,11816764.606010243,13738895.664922819,17002781.517425135,20151603.57544569,23519860.562279332
臺北市大安區安和路一段１２７巷２９弄１５號,25.03573699,121.55352,24999999.999999963,11771742.64736322,6496952.292373126,10972541.002496788,14252223.849321492,15489546.748560168,17430240.336004414
臺北市萬華區西園路二段２８１巷１３號三樓,25.0241599860714,121.492409958268,8499999.999999998,12677645.817891365,8428105.444227362,8980025.28464426,11829759.187200192,16039186.194149334,18123808.809501253
臺北市中山區民生西路４５巷７弄１６號二樓,25.0586899905739,121.521379994937,15799999.999999998,9514988.568000203,6648686.610085295,7898619.790810018,11190050.700160217,12494034.851778932,15042662.332315888
臺北市北投區大興街９巷２６號四樓,25.1305799815481,121.497719977748,16000000.000000026,16507048.967637012,11237041.012955472,14022301.882760385,16537913.76205097,19193633.788144395,22624348.680738438
臺北市信義區和平東路三段３９１巷７弄４號,25.01980601,121.55812,9819999.999999994,16168596.643868603,10284432.057460394,12606446.018097682,16603687.633613475,19499401.028191566,24641429.195825897
臺北市信義區瑞雲街３６號,25.01608,121.576492,6049999.999999998,6968084.375048969,4962474.405227792,5931292.025892269,6784248.165122499,8548550.815332685,9823837.393400654
臺北市北投區中和街３８２巷２弄９號二樓,25.1427199948312,121.499059992609,9500000.000000015,13913260.512757828,9809383.734713204,12909824.006455876,14637909.981048897,17322710.83444907,18868219.172954395
臺北市中山區長安東路一段５３巷１６號,25.04967701,121.526585,12000000.000000007,9374215.637623465,6156566.027058728,7338589.3988835085,10470771.405138234,12531347.381856952,13603077.017689034
臺北市文山區萬美街二段２巷２４號,25.00352258,121.5629436,899999.9999999995,479925.21330268646,629064.7954561075,843457.6792346998,878728.5306816476,2488326.755866785,6314323.372103306
臺北市北投區中和街５０２巷１４弄６號二樓,25.1473400160425,121.494659996356,8000000.000000002,15570965.996532246,11356772.31323143,14270923.632627899,15761395.02283294,18685087.102522347,21703091.491084326
臺北市內湖區成功路五段４５０巷５號十二樓,25.0744200148966,121.607219987366,40999999.999999985,33054988.77853009,26307436.86172401,27501578.52015844,32396243.69652813,39412632.810604215,44331150.773565575
臺北市松山區八德路三段１０６巷１號三樓之７,25.0475900038367,121.553819971883,19599999.99999999,27484240.29400609,19883884.10940247,21532182.706552062,25188723.06959776,30728462.677830543,39671361.30465846
臺北市內湖區五分街７２巷７號四樓之１,25.066840008398,121.616430022575,12507999.99999998,12565896.913592905,9568709.994196273,11349047.108364113,11925659.398495145,14597671.985801527,17436737.210013907
臺北市內湖區安泰街９１號六樓之１,25.0768099888586,121.616409989827,16580000.000000013,25148857.331922416,16452699.126111496,19884164.609742247,23617674.62820203,26726254.67915888,35076845.24693878
臺北市文山區政大三街３５號,24.985951,121.58191,13089999.999999996,18441288.621325556,13280835.437902987,16647345.94361435,21816266.84758578,24497843.128176197,26052452.389710777
臺北市中山區遼寧街１０１巷１號二樓,25.05064999,121.5431,11299999.99999999,9797148.923636386,7337168.110871301,9396985.982724091,11207959.939343438,13149551.31348021,13473860.463815436
臺北市中山區雙城街４３巷１號,25.06755498,121.524483,6849999.999999996,8178044.862864513,5684050.589359473,6836714.226374756,7264735.483210392,8816351.22065823,10764167.15513712
臺北市中山區林森北路５３６號六樓之５,25.0638200086839,121.525540017302,12360000.00000001,9779176.008096807,7308894.791551123,8210755.052748209,10973356.506282115,12956538.089568298,14573103.388524631
臺北市士林區芝玉路一段２２３巷１６號五樓,25.1088099997066,121.533109965517,11000000.000000013,15836347.977019316,10676620.896983892,12151839.744193837,14949046.497595767,18158925.820469905,21553336.242872976
臺北市內湖區內湖路一段９１巷５５號四樓,25.0886700046662,121.562570008246,16000000.000000026,19574270.514808785,14541196.799489157,17206651.012629785,18675136.13414188,22456589.086314,25971891.446815964
臺北市大同區昌吉街６１巷３５弄１號,25.06677999,121.515062,2053610.0000000012,3277917.561010328,2064370.2845234573,2554020.595430716,2903471.5817253897,4098842.102532343,5062230.671360447
臺北市萬華區富民路９１巷１０號二樓,25.0190399843357,121.499229977606,9400000.000000015,10897913.20449257,7983209.082159818,8924799.738064691,10618830.71789404,13022358.84118523,14393942.34847188
臺北市信義區莊敬路４０８號三樓,25.0272099929989,121.566040032341,16500000.000000013,13398063.666298242,9581615.684743129,11380931.525574384,13888060.90153884,16382476.516160384,18703842.32364733
臺北市士林區中山北路七段１１４巷６０弄４號五樓之３,25.1229299861579,121.535360003605,21799999.99999997,24366529.553784885,16024213.35128061,20455114.193303898,24337636.670292594,28219473.481655642,32879888.847972803
臺北市中山區北安路６２１巷６弄２４號,25.08250398,121.54827,18500000.000000034,13498861.950749794,8946811.176975444,10840524.047947327,14126530.387417976,17034242.17539133,19296332.71027398
臺北市北投區行義路１４２之５號,25.129857,121.528211,7400000.0,12552698.723201808,7048937.214451373,9632548.48572123,12510811.250993539,16673743.514947088,23617632.468917258
臺北市中山區興安街７７號,25.05640508,121.5432426,29700000.000000034,26917720.75677269,18416009.99746304,25084717.223526087,29926288.141462788,31800355.05081,32861375.688573584
臺北市南港區玉成街１８４巷１２號二樓,25.0435899920033,121.584439986192,22900000.000000037,16303492.60807272,11308661.103908531,14130081.173413262,18215721.778183162,19784322.854601316,22886197.105146535
臺北市文山區羅斯福路六段１７０號,24.99481398,121.540947,63480000.00000007,64840379.63578872,52036585.55415959,63228677.46978077,63930052.73225652,75294510.28823754,88961312.91093048
臺北市中山區南京東路一段１７號五樓之３,25.0523699936701,121.52374997806,126999999.99999999,100778538.89921093,48887050.250992745,79943653.25454259,122360398.21005686,125351188.07908665,221406308.21272987
臺北市中山區德惠街５２號,25.06656982,121.5272006,6200000.000000005,5880412.582409212,4250666.867277846,5011133.627360737,6223798.20850311,7012383.149616949,8591295.507341394
臺北市中正區三元街２１６號四樓之２,25.02752,121.51232,8319999.9999999935,7413444.062052211,5184675.567687157,6177787.239257995,6855270.899714265,8406429.097937657,9822955.518594118
臺北市北投區吉利街２８０巷２７弄１１號,25.11765002,121.510615,18700000.00000003,21027553.8423099,15883192.742225273,20398624.703651596,27505841.54371139,29922832.335992996,34664194.50190564
臺北市內湖區康樂街４８巷１６之１號,25.06908401,121.617472,8439999.999999994,14180876.239265623,8858162.901905704,11782246.838105971,14638626.271666229,17427016.423870012,19129014.21719175
臺北市信義區信義路五段１１５號十一樓之１,25.0336299860075,121.573890019941,16999999.999999974,12870288.376636054,9586717.765250705,10471770.206158752,13421836.901303098,14747920.159722343,17360574.58858665
臺北市內湖區內湖路一段２８５巷６９弄５２號,25.08497899,121.56927,15799999.999999998,14069804.827959377,8465194.485719396,11874137.496332504,15555824.729635727,17221218.57247927,18339851.294660185
臺北市中正區臨沂街５０之４號,25.03627301,121.528399,25799999.99999997,13889491.050865224,8631942.610641414,12412051.248606522,15195936.331338502,17307629.93402523,18824098.144744407
臺北市中山區樂群二路１９８號五樓,25.0796799944153,121.558869984727,26999999.999999993,29554769.513891388,22069424.859328568,27057102.477726072,30334747.483079292,34515761.61652296,36830439.21932725
臺北市南港區成福路８３號,25.04305799,121.586894,4000000.0000000005,4618714.566754886,3077726.0581972683,4000750.363214452,5273786.984793362,6752401.071687134,9802700.804508943
臺北市信義區吳興街２８４巷３９弄４號二樓,25.022380005113,121.563870041428,16660000.000000026,13954916.994374603,9076877.797254669,12180366.374456257,14576098.404852798,16455407.915015258,17491633.68161285
臺北市中正區三元街２１７號,25.02766702,121.513382,12249999.999999989,9712218.170771979,6990241.68144815,8837130.850993093,9791931.372600278,12196192.82069633,13829326.675306348
臺北市北投區振興街３１號二樓,25.1179800113281,121.522339974308,36999999.99999993,33072089.217395753,24482814.273409806,24551244.173591323,31047848.705777533,36889021.44462731,46411248.455086224
臺北市松山區光復北路２２０號十八樓,25.0557499961256,121.555410018915,35459999.99999996,27464641.922241144,20527395.41151679,23499714.6198915,30359951.403783567,34217807.95971107,34597607.97846653
臺北市南港區中坡北路５０巷２號,25.0463799922943,121.580899973205,8899999.999999996,8973484.163825728,5560395.896401611,7087865.268949621,8462644.291701023,11394319.333070949,13962182.264802873
臺北市信義區吳興街４４９巷２弄６號三樓,25.02409,121.56891,30299999.999999963,23084811.67224783,15866113.207896212,20927146.265851717,23365034.468170516,28321573.75785175,31574564.52837533
臺北市中正區衡陽路２６號七樓之１,25.04219998,121.51284,42000000.00000003,31921714.150714844,24137280.904173322,27698824.040193103,32563146.69159389,37551791.31997222,43906199.804385945
臺北市信義區永吉路５０２巷５號二樓,25.0449399813288,121.580090029901,12000000.000000007,10369307.479194155,7120088.521672786,8514198.73297402,10485803.640233126,11962425.170156743,14787341.61120601
臺北市信義區忠孝東路五段７９０巷２２弄１７號六樓之１,25.0423899968352,121.582070003069,24679999.999999955,21447751.10430269,17008316.32655301,18930026.465459745,23702871.46442174,25134012.29055757,32037940.36277468
臺北市士林區天玉街１０號三樓,25.1236558301448,121.531498430005,22200000.000000004,22653275.145253263,15318437.2844693,20756979.930883307,22109471.642763935,27031148.047593728,30312660.849503048
臺北市中山區合江街１８０巷１５號六樓,25.0611900189245,121.538449992211,22999999.99999997,23079006.542778596,15582017.241541555,19802907.110176902,23050674.779327486,28408230.50471536,30682591.418280955
臺北市松山區健康路１５巷４８號九樓,25.0553599861708,121.553180013575,28800000.000000034,22484398.69012228,16968069.70686985,18118292.485174358,21665431.671742614,27847815.17028501,28300842.00530178
臺北市松山區八德路四段６３６號,25.049832,121.574493,18725000.000000007,18324956.472807165,13434355.941940023,15655137.092808807,17043283.850987695,19692090.634836003,23059430.136211086
臺北市中山區長安東路二段１６號四樓,25.04815,121.53952,8480000.000000004,9360110.958273124,7845996.864510977,8507969.48669298,9791976.98370041,10801163.239228943,13490564.970990308
臺北市中山區新生北路三段６２巷１６號,25.065702,121.527014,24500000.000000007,27018069.406603947,17448351.24306821,21461690.570720423,24621079.384715986,28298560.340470526,33880669.796904854
臺北市文山區木柵路一段３２０號二樓,24.9885299825056,121.557320003192,8999999.999999996,9672630.03747335,7068804.8724724995,8231648.782857272,10348385.103499161,14111781.2145919,18353137.88983904
臺北市文山區指南路二段４５巷１４弄５號,24.98906001,121.57483,3000000.000000001,3880697.359406284,2968203.562001164,3428443.9645833676,4025425.7783741313,5239326.661255638,9335209.855286771
臺北市士林區芝玉路二段８９巷２號四樓,25.1126300101693,121.534960019186,16999999.999999974,14793403.082542013,9655758.79578387,12543481.36919862,17816571.968553767,19218896.329632476,23147249.625984486
臺北市中山區樂群二路１５６號五樓,25.0795600074714,121.557299970443,25799999.99999997,24878209.284402877,17501459.091680437,21481447.811721865,25565777.55755641,29301257.13316709,31086397.810463015
臺北市中正區丹陽街２７號,25.0395300076527,121.523879981378,53879999.99999996,30652786.124251846,22968393.111809105,27102383.084477417,30962291.41756819,33865772.80882739,46507777.94407031
臺北市大安區忠孝東路四段１０１巷３０號三樓,25.04286999,121.54802,28999999.999999948,22653988.802871913,14133326.63450962,19799730.536205698,25348102.890504003,28426478.009738088,30455737.91173689
臺北市松山區健康路８巷１號三樓,25.0523099792433,121.552869966977,32579999.999999985,24453708.32518188,16997656.193618897,21130883.686702896,24817750.424721755,31036648.394164346,34075064.1636359
臺北市北投區溫泉路７１號六樓之３１,25.1356400107665,121.504969988719,4500000.000000002,5102198.863589784,3613056.581544144,4457463.228284198,4583808.180467875,5918338.160999663,7255581.01993119
臺北市士林區中山北路六段２３６巷９號五樓之２,25.1082699955945,121.526179975609,38779999.99999994,34310358.11501901,26721405.912852127,31350444.702736985,37958315.50442932,38071877.21993955,41665610.48421277
臺北市南港區研究院路二段１８２巷７９弄１０號,25.03700601,121.613655,12499999.999999985,14033243.634439556,8603819.566415051,12304814.991398955,15560139.12430046,17083955.65837405,18087132.334671486
臺北市北投區中央北路二段９５巷８號三樓,25.1364499959799,121.494980017419,4000000.0000000005,14789483.979979292,10026955.804943856,11647043.253150351,14945725.339985035,17549584.292579196,20481253.713217832
臺北市北投區中和街３６８號,25.14199601,121.499116,10525000.000000019,14923521.736050073,10223634.057681158,11858302.313197976,14799301.394648097,19486761.6266153,24076236.59619967
臺北市文山區木柵路一段３３５巷１１弄１１之１號四樓,24.9889000016213,121.556699993814,11500000.000000019,15081920.057121549,10180435.239167279,12642760.75520732,15017901.551344547,17389734.98117832,20292270.027096823
臺北市文山區和興路２６巷５之１號二樓,24.9853599886342,121.54612002035,13000000.000000013,14061452.074953444,9348242.041512124,11555676.33033584,14521316.809567267,16765805.891756972,18645522.554194517
臺北市士林區德行東路２６６巷１３號五樓,25.1094000018711,121.535420018032,20000000.000000015,22617411.623091012,16035863.184579154,18454455.715250462,22179019.769202616,27225476.11875274,30605958.347935583
臺北市內湖區康寧路三段９９巷１７弄９５號,25.07649001,121.612002,22999999.99999997,26272628.57745807,17459109.569516018,22415109.38070856,25381974.9557995,33153114.126607336,36469321.73293516
臺北市萬華區寶興街３６號,25.02733199,121.493194,7800000.000000004,10355519.225810636,6833018.1891805185,8281466.205586931,11085667.24095713,13282395.796054412,15647033.654693639
臺北市士林區忠誠路一段１１５號四樓,25.1051499997755,121.528829998117,43000000.000000015,34173367.70497313,25054045.974730775,31505483.84873204,32360375.584692802,41783711.53462766,49154430.66758275
臺北市士林區文林路４９７之１號,25.09650799,121.5241386,28800000.000000034,23975231.64783322,19348677.981721327,25866896.158958603,28620872.9268478,30934660.588278368,36659914.34164346
臺北市松山區南京東路五段２５０巷３６弄３７之１號,25.04987998,121.568028,14499999.99999999,13075211.636718284,8058613.767131126,10880162.772034694,14476978.276924068,17466100.336386193,24316258.0976602
臺北市大同區環河北路二段２８７號九樓之１,25.0711900065985,121.509439973864,24999999.999999963,28131846.02318194,19143711.19205321,22574409.659707263,26023063.058047142,33472399.799152806,37020440.22153053
臺北市松山區市民大道四段６３號,25.04526201,121.546638,22500000.000000007,15796992.469686387,10184895.693747725,13708875.145680252,15870627.17572564,17379315.219325013,20852357.903298974
臺北市北投區公路１４５巷２弄４號四樓,25.13289,121.50253,13600000.00000001,13755780.691200662,8638155.779799664,10980957.486070517,14231676.703807518,17224528.523981158,18967278.39717971
臺北市文山區下崙路３３巷４號三樓,24.9856000044316,121.558750039692,2075000.0000000007,2724115.1436614767,1619805.1655169826,2118043.3025200525,2235499.7129164548,3998355.7714090617,4984028.02795049
臺北市大安區泰順街１６巷３５號,25.02543198,121.529678,35499999.999999955,24448231.895869978,14455106.575106973,21751398.33906895,29383118.252334565,31971593.120924022,36844174.63119257
臺北市中山區長安東路二段１０５號七樓,25.0485200179035,121.535250033036,11660000.0,12516453.69585499,9959890.066367768,11374318.457513344,11643402.456653778,14428225.725299744,16752287.32820527
臺北市中山區林森北路１３３巷２６號四樓之３,25.050859993813,121.526079979505,5549999.999999995,6666108.752390659,4921863.838711827,5497285.7568848785,7284079.298622841,9084490.231684,10006881.81675597
臺北市士林區通河街２５號,25.080077,121.523208,22999999.99999997,21569878.34892376,16954346.2006856,19265607.61680566,23911915.158147298,25913256.787341725,28715517.10680425
臺北市北投區中和街３８２巷２弄７號三樓,25.142800000097,121.499020010931,9800000.000000007,13484030.04910728,9295600.595578222,10995197.018019792,12545673.181999767,17667997.68478201,20143353.320797503
臺北市文山區萬隆街５６號七樓,25.0007399846803,121.537299995095,24500000.000000007,23669875.4171398,15962878.945854362,21599536.61173978,24393298.711019628,29182712.446914386,30349971.553878117
臺北市內湖區江南街７１巷６５弄９號七樓,25.07597,121.57892,15499999.999999987,19981242.033477955,14060750.13735571,16033659.165376626,19200395.007530496,23806285.164685346,25148736.773577355
臺北市信義區信義路五段９１巷１２弄１號,25.03372659,121.5714009,26580000.000000007,18120109.15401442,11981527.749158625,15145521.491771666,16992231.18897259,20448596.740401603,25688505.230148897
臺北市松山區民生東路五段１９８號,25.05871929,121.5644857,15399999.999999993,16428238.647851655,11074459.63629125,13562621.402625218,15605557.384470375,20751001.579141755,25523503.45546098
臺北市中山區建國北路三段７４號,25.06556701,121.535877,14099999.999999974,12487783.090274137,8929434.322635597,10315122.535087215,12658369.216554578,15485900.75511184,19732459.86484457
臺北市內湖區康寧路一段１９５巷１弄５號,25.07874902,121.597124,20800000.000000004,15837648.947658606,10331042.157748772,13814477.767779233,16958402.514315348,20743851.136989437,23838729.24483095
臺北市士林區中山北路七段８２巷１０弄３０號三樓,25.1201699930803,121.532389960034,17880000.00000003,14542597.807543376,8882285.933117304,12346188.47538252,15722990.519702552,17625055.21700162,19269319.70332831
臺北市文山區保儀路１０９巷３弄３０號,24.98616398,121.56907,12299999.999999985,13380036.594010824,8418060.533941211,10479069.072998673,14017466.688500512,16576395.112596242,19103551.27420989
臺北市信義區和平東路三段１６９號,25.0240698,121.5532162,13640000.0,12453495.180514889,9773840.671920307,11940495.970255956,12460174.861786608,14442609.03958765,17374643.52143875
臺北市南港區松河街７７０號,25.06154998,121.61176,8560000.000000004,11242153.589557301,8378405.264822036,9412570.758387562,10515187.22118888,13752805.97436516,15985142.766999654
臺北市中山區新生北路三段８２巷１６號,25.06702801,121.527004,17999999.999999985,13008809.146481989,8171695.02359263,10837419.486657519,14959677.177964456,16674300.670130443,20391813.332036816
臺北市南港區園區街４２號八樓之５,25.0591600057945,121.612019968038,30000000.00000005,26980096.405428536,18588396.96117351,22475545.35806397,25019609.619638517,29625906.12521369,34127099.35169196
臺北市萬華區莒光路２９９巷９號,25.03056401,121.499238,22000000.000000007,26030432.489585552,18751215.332825374,21431347.71652106,24050659.342521213,30001032.167637084,36621051.10829441
臺北市松山區南京東路三段３０３巷６弄８號八樓之１,25.0523300119919,121.547430027997,22300000.000000007,18077897.66195742,12651955.860356223,14435281.928612014,16262769.73262694,18636975.511187185,23677976.527286887
臺北市北投區自強街１８０巷１０之２號,25.110773,121.517232,17499999.999999985,13720525.52973595,8211326.5904171085,10773679.103829047,13908782.267920978,17693194.210870463,19806746.114125438
臺北市大安區安東街３１號二樓之７,25.04422999,121.5426,8499999.999999998,7526284.163317038,5591042.190972773,6824229.04093973,7752526.772543643,8495006.023756897,9670673.270856943
臺北市信義區莊敬路２８５號七樓,25.0288699870132,121.563020032627,32499999.999999955,25855281.869990952,19649103.767492957,25152689.227423068,29021359.820620134,29656583.276784718,35894778.80292916
臺北市松山區富錦街７７巷２弄８號四樓之１,25.0602600048577,121.552019958176,22000000.000000007,12405316.808514278,8372023.500145369,10464996.437283987,12263980.440456033,17085844.55259688,19534115.67470072
臺北市信義區忠孝東路五段３１巷１８弄２９號,25.04171299,121.566655,26879999.99999997,15835744.387818273,10133263.018524315,13674386.743835175,16879107.22010783,20211003.461230986,24138590.173879802
臺北市中山區農安街２１０號二樓之１,25.064690008324,121.536470019043,31879999.999999993,34765221.63205804,25682618.157652702,32036866.894034628,39211215.69032128,44570323.682188466,50249421.627174646
臺北市大安區臥龍街２６７之６號四樓,25.0187500123953,121.555180019492,16500000.000000013,14515319.698491482,9238880.918938382,12736093.0492936,15842615.951397797,17516382.49772318,19600338.81346175
