tree
version=v4
num_class=1
num_tree_per_iteration=1
label_index=0
max_feature_idx=19
objective=regression
feature_names=建物現況格局-衛 建物現況格局-廳 MASTER_UP_rate Dependency_ratio dist_to_rail_meter dist_to_mrt_meter count_med_500m Sex_ratio aqi_idw t_mean_24h_idw popdense count_phar_500m count_temp_500m daily_rain_idw count_post_500m count_poli_500m count_mall_500m count_fire_500m 電梯_無 建物現況格局-隔間_無
feature_infos=[-1.6846540443315836:22.077384842187652] [-2.1259593613880639:26.475239439521118] [-2.4170134510020342:3.5752587849044657] [-1.8892498782269749:3.1245438320179528] [-1.3103824493160461:3.7431086074483462] [-1.3066096327063277:8.5944915877760373] [-1.1804152140244677:6.1420836409965807] [-2.8405070791246927:6.1073719209758597] [-2.3341141445804867:4.1248873432319106] [-2.4860616305895213:2.8565541989425096] [-1.6269077044482492:4.4558558657401344] [-1.4817111779736825:4.3068004856523761] [-0.93042283125664804:4.1951141428483991] [-0.3444505409976758:10.599237664700428] [-1.3501029577852293:7.2162010726799597] [-0.95119015437664345:3.94867476720085] [-0.36276337417521298:10.193389833478754] [-0.586906633579934:4.8628636866774517] [-0.75898606731221685:1.3175472423904715] [-0.21731204203233151:4.6016778023337563]
tree_sizes=2591 2748 2750 2744 2743 2764 2743 2749 2758 2754 2748 2742 2714 2743 2747 2717 2745 2757 2772 2733 2758 2744 2774 2658 2734 2774 2760 2734 2795 2769 2730 2779 2759 2741 2743 2790 2792 2724 2649 2767 2695 2257 2482 2801 2757 2780 2796 2769 2745 2788 2774 2758 2774 2789 2762 2510 2777 2726 2822 2761 2358 2607 2031 1891 1992 2109 2142 2275 1672 2086 1116 2713 1545 1175 1999 2748 2773 2748 1990 1531 2080 2760 2757 1634 2781 1387 2760 2784 1729 1713 1109 2786 1744 1383 2021 2765 2696 1980 1200 2526 2086 2782 2686 2808 1929 1824 1441 1310 2816 2704 2722 1108 2783 2747 1690 1018 2335 2019 2770 2721 1275 2751 1643 2051 2256 2473 2772 2148 2775 2024 2791 2059 2730 2451 2667 2794 2764 2786 1581 2077 2253 2788 1130 2291 2795 1654 1786 2408 2782 2763 2759 1706 2719 2774 2119 1495 1041 2719 2799 2693 2024 2051 2737 2527

Tree=0
num_leaves=30
num_cat=0
split_feature=0 18 1 0 0 18 7 1 5 7 7 7 0 18 5 12 5 5 10 7 13 10 10 5 8 10 14 10 5
split_gain=233.792 123.236 33.7618 25.9209 24.1028 21.652 9.59989 8.87599 7.39822 5.79318 3.32733 2.99999 2.6421 2.38704 2.21706 2.16702 2.34501 1.90672 1.89326 1.52049 1.20374 0.914266 0.816776 0.709177 1.14673 0.564403 0.498467 0.86265 0.315711
threshold=1.0000000180025095e-35 1.0000000180025095e-35 1.0000000180025095e-35 1.01557764731833 -1.1446077060016007 1.0000000180025095e-35 -0.30325286580612903 1.0000000180025095e-35 -1.0456582178070792 -0.20757189883923458 -0.48692615060865191 0.33148783469747195 1.01557764731833 1.0000000180025095e-35 -0.58250266309298904 0.35096141226961375 -0.29834528583205649 0.37104646466528596 0.42198839199912297 0.89617639867173715 -0.3180707476732752 -0.042568971875159345 0.74084663315719201 -0.17139203737871792 -0.73035168571808906 0.032867276184080162 1.0000000180025095e-35 0.56447663308300278 -0.13978818290873962
decision_type=2 2 2 2 2 2 2 2 2 2 2 2 2 2 2 2 2 2 2 2 2 2 2 2 2 2 2 2 2
left_child=2 3 4 7 6 17 -1 -2 -6 26 -9 21 14 15 -11 16 -10 -4 -17 20 -16 -7 -13 -12 -25 -5 27 -3 -14
right_child=1 9 5 25 8 11 -8 10 13 12 23 22 28 -15 19 18 -18 -19 -20 -21 -22 -23 -24 24 -26 -27 -28 -29 -30
leaf_value=16.737259115625349 16.717153293583319 16.723811880447904 16.724962074967085 16.801079260784363 16.714978243695349 16.698445660171988 16.697572098743635 16.759626808962132 16.699630590562709 16.715144206358254 16.750338761692451 16.685427509088136 16.72264005123845 16.673001690330814 16.708868862527851 16.674068066733874 16.685066018210193 16.711771860287634 16.692657903102209 16.689363292945057 16.695788734280622 16.709580532632977 16.703122142418092 16.730768511342568 16.74507007562152 16.763775471814139 16.728226446038914 16.711907931780225 16.714442987496632
leaf_weight=51 37 63 228 44 33 75 43 175 115 66 254 90 32 141 122 135 151 52 67 41 48 86 32 57 147 33 41 35 34
leaf_count=51 37 63 228 44 33 75 43 175 115 66 254 90 32 141 122 135 151 52 67 41 48 86 32 57 147 33 41 35 34
internal_value=16.7167 16.737 16.6975 16.7535 16.6884 16.7097 16.7188 16.7489 16.6839 16.7114 16.7507 16.6971 16.7069 16.6823 16.7042 16.6855 16.6909 16.7224 16.6794 16.7009 16.7046 16.7039 16.6892 16.7468 16.7416 16.7891 16.7224 16.7193 16.7182
internal_weight=2528 1229 1299 747 736 563 94 670 642 482 633 283 343 609 277 468 266 280 202 211 170 161 122 458 204 77 139 98 66
internal_count=2528 1229 1299 747 736 563 94 670 642 482 633 283 343 609 277 468 266 280 202 211 170 161 122 458 204 77 139 98 66
is_linear=0
shrinkage=1


Tree=1
num_leaves=30
num_cat=0
split_feature=0 18 2 0 0 1 18 3 1 6 2 1 6 18 2 2 5 13 2 10 2 6 3 3 8 8 3 6 5
split_gain=205.719 108.557 31.5079 23.2185 16.4195 25.8245 10.7186 8.67503 8.51196 8.31496 8.03562 7.76691 6.63375 5.3611 3.14502 2.51061 2.4638 2.3046 2.28844 2.63969 2.01565 1.78943 1.51344 1.41831 1.10826 1.07283 1.00717 0.702869 0.699005
threshold=1.0000000180025095e-35 1.0000000180025095e-35 -0.77522766329679205 1.01557764731833 -1.1446077060016007 1.0000000180025095e-35 1.0000000180025095e-35 1.0074112315307975 1.0000000180025095e-35 0.45546218975683034 0.78648687318898869 1.0000000180025095e-35 -0.043090923776517541 1.0000000180025095e-35 0.25206256138823352 0.84593279836536917 -0.91167233754235621 -0.25472374637787865 0.0082327034545126004 1.0062251124529409 -0.32422773220151985 -0.10541006296818604 1.6920904454785799 -0.75764355364807312 -1.1073008537514022 -0.85675136339611024 -0.24149852641735717 -0.47932489811819695 -0.41293124081651128
decision_type=2 2 2 2 2 2 2 2 2 2 2 2 2 2 2 2 2 2 2 2 2 2 2 2 2 2 2 2 2
left_child=2 3 8 11 9 10 15 12 -1 -4 16 -2 17 -10 18 23 -6 20 19 -13 -3 -8 28 -7 -16 -19 -14 -22 -12
right_child=1 7 4 -5 5 6 21 -9 13 -11 22 14 26 -15 24 -17 -18 25 -20 -21 27 -23 -24 -25 -26 -27 -28 -29 -30
leaf_value=-0.041998685302259184 0.00040246939727797958 -0.015884642338578545 -0.0031001875153060065 0.068199397959925079 -0.010038389929675184 -0.005682066743319357 -0.019753387755840027 0.016594008093680668 -0.001052210418502687 0.039926036928007717 -0.0070770314727046837 0.031543336628835801 -0.0041011592374914467 -0.029136458663566487 0.019898939139593307 0.017906220181141793 -0.032364093184213037 -0.010978968369853096 0.01157411823227514 0.010534150280946685 -0.0066054934203153412 -0.0066686260238578918 0.0017291086800118685 0.006409602344938912 0.038776057800861845 -0.030899525870111459 0.0071760911062935268 0.004102919443117429 -0.021316264873299542
leaf_weight=231 37 109 36 77 32 55 100 63 47 32 49 217 45 80 37 58 291 32 55 40 66 103 32 120 284 43 90 34 33
leaf_count=231 37 109 36 77 32 55 100 63 47 32 49 217 45 80 37 58 291 32 55 40 66 103 32 120 284 43 90 34 33
internal_value=0 0.019041 -0.0180301 0.0345029 -0.0116332 -0.014065 -0.00273255 -0.00497495 -0.0343973 0.0181081 -0.0251618 0.0301336 -0.0084288 -0.0193511 0.0318161 0.0066649 -0.0304086 -0.0140171 0.0259183 0.028623 -0.0098987 -0.0135432 -0.00945505 0.00242015 0.0370035 -0.0238895 0.00322677 -0.00270536 -0.0139606
internal_weight=2528 1229 1299 747 941 873 436 482 358 68 437 670 419 127 633 233 323 284 312 257 209 203 114 175 321 75 135 100 82
internal_count=2528 1229 1299 747 941 873 436 482 358 68 437 670 419 127 633 233 323 284 312 257 209 203 114 175 321 75 135 100 82
is_linear=0
shrinkage=0.0650755


Tree=2
num_leaves=30
num_cat=0
split_feature=3 3 12 5 3 7 3 3 10 7 8 7 3 3 3 12 3 11 10 17 11 5 15 3 10 3 12 5 12
split_gain=64.025 18.1558 12.9943 7.55173 5.19427 5.15649 4.21989 7.80824 6.6966 4.63416 3.95936 3.84948 3.08933 4.56782 3.52413 2.93277 2.9274 3.02279 5.07847 2.88492 2.68805 2.50085 2.46333 4.00413 2.54978 2.46017 2.89316 2.38122 2.31394
threshold=0.038588316690446607 1.0178126686698843 -0.67414598255139557 1.3275919400502834 0.95991372596949509 0.62280220733775016 -0.76410408701705401 -0.69906155448207385 -1.1178512548662884 0.84491873779661508 1.1312107870041233 0.24776698860143817 -0.54967891987932205 -0.36083963635034239 -0.084756470543827442 1.0000000180025095e-35 1.8559099902480021 1.0000000180025095e-35 0.083858275504198707 1.4567572365165855 0.61412925195989043 -0.76648213558703227 1.0000000180025095e-35 -1.1620784171428722 -0.47927178010857285 0.10728143248212955 -0.67414598255139557 -0.19821852879512938 0.86351510968011858
decision_type=2 2 2 2 2 2 2 2 2 2 2 2 2 2 2 2 2 2 2 2 2 2 2 2 2 2 2 2 2
left_child=2 4 22 6 5 19 8 28 -4 11 16 27 -9 -14 -15 -11 17 -3 -19 21 -21 -2 23 -1 -24 -23 -27 -10 -8
right_child=1 10 3 -5 -6 -7 7 12 9 15 -12 -13 13 14 -16 -17 -18 18 -20 20 -22 25 24 -25 -26 26 -28 -29 -30
leaf_value=-0.0086877259402261316 -0.0037820423921178662 0.027234016581451737 0.013952594767854943 -0.029750819552412495 -0.016071305030025344 -0.014053047240711875 -0.019715051161345528 -0.00014280836778079889 -0.013145702621724275 0.017289923391586276 0.0059758726774546524 -0.024554942437233836 -0.021446702389749817 -0.0027088445371884558 -0.021245389111118538 -0.0065285950185693335 0.033617723647376689 -0.0068434382279925652 0.021383342961725105 0.0084727646455003761 0.028710250637292035 0.024405152795518567 0.0024744889272727512 0.010514675858540674 -0.012184919217062204 0.012316474685176501 0.000781222482345977 0.0079464105651077099 -0.046328005203434539
leaf_weight=58 88 106 60 102 40 42 52 96 50 32 59 88 172 190 54 48 132 40 63 83 48 32 96 162 93 172 204 33 33
leaf_count=58 88 106 60 102 40 42 52 96 50 32 59 88 172 190 54 48 132 40 63 83 48 32 96 162 93 172 204 33 33
internal_value=0 0.0116836 -0.0091456 -0.0130935 0.00531759 0.00673935 -0.0110476 -0.014259 -0.00468043 -0.00941113 0.0227078 -0.0153529 -0.0109495 -0.0133539 -0.00724374 0.00314603 0.025407 0.0194632 0.0103743 0.00826827 0.0168279 0.00581748 0.000582067 0.00526348 -0.00473385 0.0079684 0.00621265 -0.00449973 -0.0322576
internal_weight=2528 1109 1419 1010 709 669 908 597 311 251 400 171 512 416 244 80 341 209 103 627 131 496 409 220 189 408 376 83 85
internal_count=2528 1109 1419 1010 709 669 908 597 311 251 400 171 512 416 244 80 341 209 103 627 131 496 409 220 189 408 376 83 85
is_linear=0
shrinkage=0.0650755


Tree=3
num_leaves=30
num_cat=0
split_feature=1 18 3 19 2 3 5 3 6 12 2 6 6 2 2 14 5 10 3 9 2 3 3 3 7 2 2 3 6
split_gain=144.534 117.12 22.1791 11.696 11.0913 9.96623 5.58452 3.75184 3.29516 4.06341 2.94377 3.5177 2.31277 1.89786 1.75778 1.71598 1.6315 1.45507 1.36527 1.34571 1.24577 1.42236 1.12222 0.989018 0.895886 0.873778 1.43589 0.625155 0.591214
threshold=1.0000000180025095e-35 1.0000000180025095e-35 0.010833817126537101 1.0000000180025095e-35 1.0334452965859755 0.042611129983401504 -0.36503821892845884 1.828300118794997 -0.10541006296818604 -0.67414598255139557 -0.77522766329679205 0.76705788571517286 -1.1336758596307159 -1.3425513735736236 0.052486513137856058 1.0000000180025095e-35 1.4730917322475066 1.0062251124529409 -0.36947294423424931 -0.44985347741191911 0.84133352206318546 0.56531235991502482 -0.58259556267112467 1.0074112315307975 0.54335283298131087 0.45791883845631787 1.1279736455618929 -1.3434870259196352 1.0000000180025095e-35
decision_type=2 2 2 2 2 2 2 2 2 2 2 2 2 2 2 2 2 2 2 2 2 2 2 2 2 2 2 2 2
left_child=2 4 10 6 12 8 14 15 9 -3 18 22 -2 -14 -4 23 24 27 -1 -10 21 -8 -12 28 -11 -16 -27 -15 -7
right_child=1 5 3 -5 -6 7 20 -9 19 16 11 -13 13 17 25 -17 -18 -19 -20 -21 -22 -23 -24 -25 -26 26 -28 -29 -30
leaf_value=-0.039600200346504327 0.0075952850642758019 -0.0063986028847726516 -0.016070752904694334 0.019312958015768846 0.039515746551400679 -0.0061356851162274921 -0.01700000070422834 0.017476814512048591 -0.015138309889411995 -0.014753298284675797 -0.021907684789383437 -0.0055984830738318543 0.0077159128846469357 0.011640193103688221 0.0069045980653316711 -0.012083159031604734 -0.038684531404911834 0.014233116316161516 -0.02040714310974432 -0.00036464044913992534 -0.011208364046075931 -0.038965574093506157 -0.035242249483309049 0.0090698484985696892 -0.026787511557523267 -0.013612278957031083 0.0020606084528949466 0.025540985139997762 0.0016208838934706473
leaf_weight=195 58 87 45 48 196 76 45 40 37 111 133 41 45 33 33 60 33 98 42 80 38 39 87 37 72 38 51 555 75
leaf_count=195 58 87 45 48 196 76 45 40 37 111 133 41 45 33 33 60 33 98 42 80 38 39 87 37 72 38 51 555 75
internal_value=0 0.0109145 -0.0220904 -0.00891325 0.0253825 -0.0092145 -0.0139263 4.40612e-05 -0.0155504 -0.0191415 -0.0307868 -0.0246851 0.0216214 0.0226433 -0.00571796 -0.00294874 -0.0239093 0.0235257 -0.0367769 -0.00565581 -0.0243209 -0.0290412 -0.0279348 6.64166e-05 -0.0201872 -0.00123666 -0.004721 0.024904 -0.00219204
internal_weight=2528 1693 835 337 985 708 289 288 420 303 498 261 789 731 167 248 216 686 237 117 122 84 220 188 183 122 89 588 151
internal_count=2528 1693 835 337 985 708 289 288 420 303 498 261 789 731 167 248 216 686 237 117 122 84 220 188 183 122 89 588 151
is_linear=0
shrinkage=0.0650755


Tree=4
num_leaves=30
num_cat=0
split_feature=2 2 2 6 3 2 10 2 8 4 17 5 7 3 8 7 8 4 6 8 4 7 8 6 7 7 5 2 6
split_gain=59.4787 18.6454 17.4597 6.79031 4.70017 5.98733 4.23372 5.97046 3.89055 3.86018 3.22681 2.79919 2.68061 2.6522 2.59384 2.7634 2.59384 2.30464 2.52574 2.06915 2.06308 3.11477 2.06214 2.58111 2.04455 1.95336 1.84926 1.80018 1.78352
threshold=0.23248349227561843 -0.77522766329679205 1.0334452965859755 1.2967705688443552 0.06138100568249566 -0.13414512152291122 -1.4725296952367908 -1.5768579341375364 -0.083259600334711234 1.1793166651869587 1.0000000180025095e-35 1.0000000180025095e-35 -0.50401203756702628 0.59520866439641085 1.7059790552728036 0.92522240650097365 -0.71436842502177778 -0.4490207211994785 -0.69744188528903661 -0.96707608923382848 -0.75997484494810263 -0.31265010363323603 0.18692742101554077 0.51778132894849893 -0.77226046281349958 0.69883440430251642 -0.18618344095573267 -0.88916812100965448 -0.63512274609736818
decision_type=2 2 2 2 2 2 2 2 2 2 2 2 2 2 2 2 2 2 2 2 2 2 2 2 2 2 2 2 2
left_child=1 6 3 13 5 9 -1 -8 19 12 16 -12 -3 -2 15 27 -7 18 -14 -6 -4 -22 23 -23 -5 -19 -18 -9 -17
right_child=2 4 20 24 8 10 7 14 -10 -11 11 -13 17 -15 -16 28 26 25 -20 -21 21 22 -24 -25 -26 -27 -28 -29 -30
leaf_value=-0.036987547968565633 -0.00031309842363644487 -0.0089063647130590371 0.040202278207995656 0.0082538520393473282 -0.0034032981376393087 -0.021100513965725397 -0.028808343589544105 -0.016991098225735676 -0.0037825593156424371 -0.017589232069013496 -0.036964318711378882 -0.008293852906048579 0.024482058967520294 0.0090440216280455489 -0.025921901168191781 0.0074870846239627163 0.0030757134748537118 0.0046143802571483577 0.0034950480268259899 0.01274162250282249 0.026878570886535856 0.0055901846020491126 0.00013962483469728861 0.02957800028595076 0.032210941246017685 -0.012272206829727119 -0.011908661143801107 -0.0055054533596887558 -0.0075023171908908202
leaf_weight=40 344 63 36 33 37 44 107 182 159 42 36 32 41 195 46 51 78 102 63 163 193 44 43 39 44 35 54 104 78
leaf_count=40 344 63 36 33 37 44 107 182 159 42 36 32 41 195 46 51 78 102 63 163 193 44 43 39 44 35 54 104 78
internal_value=-2.37434e-05 -0.00790854 0.0125706 0.00581124 -0.00215281 -0.00572402 -0.0167641 -0.0149969 0.00364581 -0.00011286 -0.0134242 -0.0252577 0.00245783 0.00307644 -0.0114726 -0.00953213 -0.0081624 0.0056465 0.0127164 0.00962319 0.023995 0.0215174 0.0124267 0.018151 0.0233402 0 -0.0030756 -0.0130609 -0.00133358
internal_weight=2528 1557 971 616 949 590 608 568 359 346 244 68 304 539 461 415 176 241 104 200 355 319 126 83 77 137 132 286 129
internal_count=2528 1557 971 616 949 590 608 568 359 346 244 68 304 539 461 415 176 241 104 200 355 319 126 83 77 137 132 286 129
is_linear=0
shrinkage=0.0650755


Tree=5
num_leaves=30
num_cat=0
split_feature=0 1 0 0 6 6 1 1 5 5 6 6 14 12 10 10 6 5 11 6 6 11 9 5 10 10 6 6 14
split_gain=160.125 20.1838 16.4341 12.1727 11.4959 10.2455 7.04297 6.60257 4.81873 4.23838 3.69447 2.98433 2.10609 2.00743 1.96912 1.60545 1.35773 1.23157 1.57264 1.21047 1.07361 2.17511 0.821112 0.820404 0.773309 0.749913 1.95478 1.95152 0.631367
threshold=1.0000000180025095e-35 1.0000000180025095e-35 -1.1446077060016007 1.01557764731833 0.45546218975683034 -0.043090923776517541 1.0000000180025095e-35 1.0000000180025095e-35 -1.0456582178070792 0.40137261077567693 0.98517487288601269 0.081547354606819361 1.0000000180025095e-35 1.0000000180025095e-35 0.56447663308300278 1.2098752943001141 0.20618563299015633 2.588003491115499 -0.78309770132915812 0.2996643417776591 -0.10541006296818604 0.21492155102016219 -0.62650809520000927 1.6230594747439171 0.21900964919491597 0.67042570547176705 0.39314305056516186 0.58010046814016736 -0.738224098466287
decision_type=2 2 2 2 2 2 2 2 2 2 2 2 2 2 2 2 2 2 2 2 2 2 2 2 2 2 2 2 2
left_child=1 2 4 5 -1 6 -2 -5 -4 20 15 -10 14 -9 17 16 -7 18 -8 -18 28 -22 -23 -11 -24 26 -13 -27 -3
right_child=3 9 8 7 -6 10 12 13 11 23 -12 25 -14 -15 -16 -17 19 -19 -20 -21 21 22 24 -25 -26 27 -28 -29 -30
leaf_value=-0.014900671236537334 -0.018605166923875333 -0.00026599827428989888 -0.0014571987203570577 0.0082992660070958825 0.029617209728053429 0.025461464348831377 0.015262767530358318 0.050392807280712104 -0.03243452323882063 -0.012026322536090183 0.030417582835937831 -0.013452074281096425 0.018703698813472541 0.025644364920187089 -0.0018256076735771775 0.0063514874683689654 0.0029013631636022898 -0.0014804223249500084 0.0059784943468378536 0.017250016513451958 0.0072994677672968472 0.0021070648919118639 -0.014779353262601661 -0.02682767025646569 -0.00287289712487627 -0.025398935083960239 -0.029933797977179859 -0.0041505973405854268 -0.0088220789031679368
leaf_weight=59 34 55 33 38 35 108 175 66 347 77 141 68 99 48 69 64 38 33 175 141 89 39 42 34 65 32 114 48 162
leaf_count=59 34 55 33 38 35 108 175 66 347 77 141 68 99 48 69 64 38 33 175 141 89 39 42 34 65 32 114 48 162
internal_value=-2.76046e-05 -0.0159393 -0.0230198 0.0167667 0.00205912 0.0141736 0.0081779 0.0339802 -0.0267183 -0.00652219 0.0211038 -0.0280243 0.0100226 0.0416462 0.00788916 0.0169306 0.0190603 0.00970461 0.0108353 0.0144957 -0.00356374 -0.000377197 -0.00530601 -0.0177038 -0.00820543 -0.0216091 -0.0244156 -0.0139049 -0.0068189
internal_weight=2528 1299 736 1229 94 1077 585 152 642 563 492 609 551 114 452 351 287 383 350 179 452 235 146 111 107 262 182 80 217
internal_count=2528 1299 736 1229 94 1077 585 152 642 563 492 609 551 114 452 351 287 383 350 179 452 235 146 111 107 262 182 80 217
is_linear=0
shrinkage=0.0650755


Tree=6
num_leaves=30
num_cat=0
split_feature=0 18 0 3 0 3 5 18 12 7 7 10 11 8 7 12 7 10 5 12 11 3 11 10 3 3 11 7 7
split_gain=140.908 78.7222 18.9153 14.6294 8.93866 5.01599 3.65799 3.2821 4.13351 5.86787 3.52111 3.17725 2.57343 2.39411 2.58113 2.15346 1.77835 1.60545 1.56292 1.55557 1.43125 1.40173 1.33212 0.980329 0.92625 0.919055 0.69124 0.89435 0.560805
threshold=1.0000000180025095e-35 1.0000000180025095e-35 1.01557764731833 0.028865205250142453 -1.1446077060016007 1.0074112315307975 0.17058159326935604 1.0000000180025095e-35 0.35096141226961375 -0.096513633609801433 0.91924234606554311 0.23575009912500619 0.21492155102016219 -1.1073008537514022 -0.30325286580612903 -0.67414598255139557 -0.32290163580825965 0.032867276184080162 -0.48328937278885292 -0.67414598255139557 0.21492155102016219 0.59520866439641085 0.41452540149002631 0.38269188514461988 -0.670548617816623 0.77579571395543023 -1.3819092527387502 -0.064904742736808838 1.0000000180025095e-35
decision_type=2 2 2 2 2 2 2 2 2 2 2 2 2 2 2 2 2 2 2 2 2 2 2 2 2 2 2 2 2
left_child=3 2 13 7 -5 12 11 8 -1 -10 -11 20 15 -2 -15 -3 25 -4 -17 -9 21 -6 26 24 -20 -13 -16 -28 -18
right_child=1 5 17 4 6 -7 -8 19 9 10 -12 16 -14 14 22 18 28 -19 23 -21 -22 -23 -24 -25 -26 -27 27 -29 -30
leaf_value=-0.011150956487465606 0.010959132949443546 -0.0023186054621986136 0.070748364426987745 0.019426702160554095 -0.013750389022282469 0.011667936047641953 -0.022981667177202444 -0.014708887103950696 -0.035019740185027841 -0.0042016238873437035 -0.028203460586405514 -0.00071651684275488372 1.663498968625399e-05 0.032093551034606892 0.012688678514998629 -0.0034263594876990495 -0.012953186783998521 0.036122252407445279 -0.029197647764601653 -0.029256813374908392 -0.018263028627520002 0 0.013246326945561824 -0.0073390217878771882 -0.013175406329055415 0.010971187987739271 0.014752038982755438 0.028790979829373786 -0.001761971236642293
leaf_weight=283 63 96 44 47 55 63 65 64 102 82 37 47 132 247 41 48 34 33 46 223 87 66 92 41 56 54 50 177 53
leaf_count=283 63 96 44 47 55 63 65 64 102 82 37 47 132 247 41 48 34 33 46 223 87 66 92 41 56 54 50 177 53
internal_value=-2.19322e-05 0.0157318 0.0289001 -0.0149489 -0.00617875 -0.0047093 -0.00901695 -0.0204784 -0.016842 -0.0236254 -0.0126737 -0.00641357 -0.00733537 0.0249806 0.0262973 -0.0107467 -0.000111433 0.0592173 -0.0146939 -0.0263949 -0.0118609 -0.00653584 0.0218803 -0.0180721 -0.0216267 0.0055118 0.0244662 0.0261776 -0.00685789
internal_weight=2528 1229 747 1299 508 482 461 791 504 221 119 396 419 670 607 287 188 77 191 287 208 121 360 143 102 101 268 227 87
internal_count=2528 1229 747 1299 508 482 461 791 504 221 119 396 419 670 607 287 188 77 191 287 208 121 360 143 102 101 268 227 87
is_linear=0
shrinkage=0.0650755


Tree=7
num_leaves=30
num_cat=0
split_feature=0 18 1 0 2 18 0 6 1 4 4 9 2 13 6 2 2 7 2 9 2 3 4 3 3 4 9 6 7
split_gain=124.028 69.4422 17.809 16.9106 14.1678 12.1625 5.45554 4.96708 4.65873 4.38493 3.63782 3.39673 2.83426 2.15551 2.12169 1.85646 1.83426 1.60809 1.52709 1.52871 1.48843 1.16646 1.12909 1.10798 0.997582 0.766104 0.695606 0.667914 0.58569
threshold=1.0000000180025095e-35 1.0000000180025095e-35 1.0000000180025095e-35 1.01557764731833 0.78648687318898869 1.0000000180025095e-35 -1.1446077060016007 -0.10541006296818604 1.0000000180025095e-35 -0.22311022665669714 2.263572539073297 0.17661554183023856 -0.94098171233618022 -0.25472374637787865 -0.10541006296818604 -0.32422773220151985 -0.78592486152974683 -0.48692615060865191 0.34696626009948633 -0.51529559107099998 0.84593279836536917 -0.7272595610743573 1.932918031135513 -0.69261665081442125 1.7568963520543563 -0.23274824401316377 -1.1432778115504683 -0.47932489811819695 0.41350009209766747
decision_type=2 2 2 2 2 2 2 2 2 2 2 2 2 2 2 2 2 2 2 2 2 2 2 2 2 2 2 2 2
left_child=2 3 4 8 6 20 11 13 -2 24 12 -1 -8 15 -7 -3 -14 -10 19 -9 23 -15 26 28 -6 -16 -19 -17 -4
right_child=1 7 5 -5 9 14 10 18 17 -11 -12 -13 16 21 25 27 -18 22 -20 -21 -22 -23 -24 -25 -26 -27 -28 -29 -30
leaf_value=0.0074186516882528671 0.00024590417930608194 -0.012199407488737768 -0.008946822749772718 0.055793489045099211 0.0001860714665132453 -0.01965217590028754 -0.034236029060040946 -0.010054257350587223 0.031123304522575529 -0.015611476254380353 -0.047608785813585672 -0.019866910253525785 -0.0063518189327546283 -0.028612276284213558 -0.0031913441592193561 -0.0037283624544443522 -0.023061966521611667 0.013024109450779866 0.010950448736279103 0.0042419003521873928 0.013245110306391366 -0.0093829588925162365 0.0075655757737758383 0.0050342512814165073 0.014434011134702487 -0.014570939774831308 0.02415576776514634 0.0064625446417320362 0.0015641934113824947
leaf_weight=33 37 103 44 77 49 159 130 44 175 55 39 34 40 32 84 73 319 57 68 84 58 41 33 145 37 40 368 37 33
leaf_count=33 37 103 44 77 49 159 130 44 175 55 39 34 40 32 84 73 319 57 68 84 58 41 33 145 37 40 368 37 33
internal_value=-2.14451e-05 0.014758 -0.0140264 0.0271261 -0.0206739 -0.00519062 -0.0250414 -0.00443773 0.0234194 -0.00185387 -0.0272693 -0.00648464 -0.0251475 -0.00986402 -0.014613 -0.00612996 -0.0213776 0.0247227 0.00340272 -0.000671192 0.00433127 -0.0193836 0.0219243 0.00166032 0.00703166 -0.00746393 0.0228838 0 -0.0043105
internal_weight=2528 1229 1299 747 736 563 595 482 670 141 528 67 489 286 283 213 359 633 196 128 280 73 458 222 86 124 425 110 77
internal_count=2528 1229 1299 747 736 563 595 482 670 141 528 67 489 286 283 213 359 633 196 128 280 73 458 222 86 124 425 110 77
is_linear=0
shrinkage=0.0650755


Tree=8
num_leaves=30
num_cat=0
split_feature=0 18 1 0 2 18 19 6 1 4 4 2 4 6 10 7 2 8 4 2 2 4 10 14 3 11 3 2 4
split_gain=108.951 61.1063 15.6485 14.9342 12.4779 10.7185 4.91539 4.39404 4.07103 3.88844 3.29544 2.34748 2.16053 1.83503 1.75931 1.64457 1.54139 1.70777 1.62026 1.3491 1.31518 1.27582 1.48226 1.2648 0.973841 0.900844 0.881575 0.87229 0.724953
threshold=1.0000000180025095e-35 1.0000000180025095e-35 1.0000000180025095e-35 1.01557764731833 0.78648687318898869 1.0000000180025095e-35 1.0000000180025095e-35 -0.10541006296818604 1.0000000180025095e-35 -0.22311022665669714 2.2829042817691398 -0.94098171233618022 -0.75997484494810263 -0.10541006296818604 0.032867276184080162 -0.25712097101851822 -1.266429051140326 -1.1073008537514022 1.8141191665016148 0.34696626009948633 0.84593279836536917 0.18075671276451433 -1.2289433498946087 -0.738224098466287 -0.69261665081442125 0.21492155102016219 1.7568963520543563 -0.78592486152974683 -1.0262269360847254
decision_type=2 2 2 2 2 2 2 2 2 2 2 2 2 2 2 2 2 2 2 2 2 2 2 2 2 2 2 2 2
left_child=2 3 4 8 6 20 10 12 -2 26 11 -1 -3 -7 -5 -8 -10 -18 28 -9 24 23 -23 -14 -4 -15 -6 -13 -19
right_child=1 7 5 14 9 13 15 19 16 -11 -12 27 21 25 -16 -17 17 18 -20 -21 -22 22 -24 -25 -26 -27 -28 -29 -30
leaf_value=-0.032087797732390622 0.00023174688396583343 -0.024242199051869032 -0.0040384633884070729 0.063327031458887392 0.00017504768951183492 -0.018410949238684519 0.003804231564512448 -0.00062902430222953269 0.0078159574597456444 -0.01467745317999811 -0.046541896094696576 -0.0093137207711340483 -0.0097022461778018404 0.00056801464329076878 0.030903485253354214 -0.015209408771524761 0.011251524653907037 0.012793818208041713 0.00863560229267403 0.010285035904629727 0.012449346947580759 -0.0013798174267730223 -0.016100075977355632 0.0034932809066596541 0.0047171902735500346 -0.010643093633817158 0.013603025401913013 -0.021613442508842864 0.027062890517671332
leaf_weight=130 37 33 77 44 49 159 33 128 37 55 33 46 45 39 33 33 59 36 34 68 58 50 85 73 145 85 37 320 467
leaf_count=130 37 33 77 44 49 159 33 128 37 55 33 46 45 39 33 33 59 36 34 68 58 50 85 73 145 85 37 320 467
internal_value=-2.70452e-05 0.0138243 -0.0131538 0.0254268 -0.0193857 -0.0048675 -0.0234846 -0.00417956 0.0219404 -0.0017131 -0.0255801 -0.0237009 -0.00928449 -0.0137141 0.0523767 -0.00573863 0.0231588 0.0239994 0.0252413 0.00318931 0.00406711 -0.00681974 -0.0110622 -0.00151915 0.00154903 -0.00703409 0.00664247 -0.0202761 0.026222
internal_weight=2528 1229 1299 747 736 563 595 482 670 141 529 496 286 283 77 66 633 596 537 196 280 253 135 118 222 124 86 366 503
internal_count=2528 1229 1299 747 736 563 595 482 670 141 529 496 286 283 77 66 633 596 537 196 280 253 135 118 222 124 86 366 503
is_linear=0
shrinkage=0.0650755


Tree=9
num_leaves=30
num_cat=0
split_feature=0 18 1 0 0 18 6 2 6 1 5 4 4 4 10 10 2 2 8 4 2 15 5 2 9 2 4 3 5
split_gain=95.7784 53.8629 13.7713 13.3634 11.3343 9.42362 9.27681 5.4066 3.88972 3.55688 2.38909 1.92238 1.87396 1.73708 1.50406 1.39767 1.33721 1.33198 1.44378 1.44658 1.33109 1.68373 1.58051 1.19199 1.35268 1.16274 1.12285 1.38875 1.86991
threshold=1.0000000180025095e-35 1.0000000180025095e-35 1.0000000180025095e-35 1.01557764731833 -1.1446077060016007 1.0000000180025095e-35 0.45546218975683034 -0.11540423404509814 -0.10541006296818604 1.0000000180025095e-35 -0.36503821892845884 -0.75997484494810263 2.2003936314864236 0.082383671959323862 0.032867276184080162 0.41199039263780374 -0.62557041449453632 -1.3425513735736236 -1.1073008537514022 1.8141191665016148 -1.524924180985151 0.88625919121491659 -0.013814654424607 0.34696626009948633 -0.51529559107099998 0.84593279836536917 0.18075671276451433 -0.69261665081442125 0.65058988516401328
decision_type=2 2 2 2 2 2 2 2 2 2 2 2 2 2 2 2 2 2 2 2 2 2 2 2 2 2 2 2 2
left_child=2 3 4 9 6 25 -1 12 11 -2 -9 -3 20 16 -5 -12 -7 -11 -19 -20 -6 22 -22 24 -10 -4 -13 -28 -29
right_child=1 8 5 14 7 13 -8 10 23 17 15 26 -14 -15 -16 -17 -18 18 19 -21 21 -23 -24 -25 -26 -27 27 28 -30
leaf_value=-0.012663049268069659 0.00021840488168509329 -0.022865781685074599 0.001442003705556108 0.059613075033717995 -0.036308410956083226 -0.015540312134928572 0.027312635041545796 -0.0078033579852488655 -0.0094277121694124003 0.0063420050722114161 -0.024653540121677638 -0.001422937103359003 -0.041919317782113108 -0.019516318550709722 0.029148856073961296 -0.009081811632911517 -0.0034026669249060085 0.010574654616735561 0.024486050079598511 0.0080824418258063011 -0.021326518226994211 -0.030708757933093737 -0.007190116716295377 0.0096600575357092162 0.004019556291808838 0.011701392666139664 -0.019537314473111998 -0.011933019245358846 0.0061406098924938236
leaf_weight=59 37 33 222 44 46 64 35 149 44 32 102 118 42 107 33 50 112 59 507 35 119 70 64 68 84 58 44 57 34
leaf_count=59 37 33 222 44 46 64 35 149 44 32 102 118 42 107 33 50 112 59 507 35 119 70 64 68 84 58 44 57 34
internal_value=-2.50315e-05 0.0129614 -0.0123333 0.0238548 -0.0181802 -0.00455637 0.00257556 -0.0212543 -0.00393892 0.0205561 -0.0143275 -0.00874319 -0.0270114 -0.0128527 0.0493495 -0.0201272 -0.0082511 0.0216952 0.0224145 0.023553 -0.024203 -0.0212672 -0.016827 0.00298877 -0.000589576 0.00381691 -0.00641108 -0.0103932 -0.00495067
internal_weight=2528 1229 1299 747 736 563 94 642 482 670 301 286 341 283 77 152 176 633 601 542 299 253 183 196 128 280 253 135 91
internal_count=2528 1229 1299 747 736 563 94 642 482 670 301 286 341 283 77 152 176 633 601 542 299 253 183 196 128 280 253 135 91
is_linear=0
shrinkage=0.0650755


Tree=10
num_leaves=30
num_cat=0
split_feature=1 3 3 7 19 4 5 5 4 11 3 16 4 7 6 4 6 9 4 5 4 4 3 7 3 4 9 6 7
split_gain=69.2467 14.7202 11.5714 6.88824 6.87282 4.6 3.77655 3.21171 2.81848 2.48798 2.417 2.26966 1.98471 2.69405 1.85794 2.05919 1.6948 1.63619 1.40403 1.3996 1.33694 1.37441 1.30749 2.3601 1.37547 1.30466 1.33704 1.29124 1.52352
threshold=1.0000000180025095e-35 1.0178126686698843 0.010833817126537101 -0.45190008234398399 1.0000000180025095e-35 0.053112641059539806 -0.36503821892845884 -0.35723804734510162 2.2003936314864236 -0.78309770132915812 -0.7272595610743573 1.0000000180025095e-35 -0.9145430981896886 -2.4560746225612746 -0.41700575892652841 -0.14627126138942573 0.33082391137349337 0.09220076291790201 -0.55000274246013137 -0.65606319934467983 -0.039950957546183691 -0.60451789746136397 -0.69261665081442125 0.29817035512864226 -1.1000340966992146 -0.71390802067129389 0.053817933078398807 1.2656109992485209 -0.7696975797697434
decision_type=2 2 2 2 2 2 2 2 2 2 2 2 2 2 2 2 2 2 2 2 2 2 2 2 2 2 2 2 2
left_child=2 3 8 27 6 7 20 17 12 18 -11 16 -1 -14 -15 -16 22 19 -9 -5 21 -4 24 -24 -7 -8 -27 28 -2
right_child=1 -3 4 5 -6 11 25 9 -10 10 -12 -13 13 14 15 -17 -18 -19 -20 -21 -22 -23 23 -25 -26 26 -28 -29 -30
leaf_value=-0.028098182640248642 0.0043686415357400985 0.020659944747547503 -0.0064856138370660444 0.007654720635478938 0.015772140169747872 -0.0026144138845052012 -0.027607365895084862 0.017306247754190353 -0.03679026154836549 -0.010828590368926536 0.0023139995650547215 0.010713967951531393 -0.031744062568073085 -0.018241305622198108 -0.00078572985082289118 -0.017864101655371261 0.0088732732989593686 0.0047472061947865232 0.0023028311425234279 0.021907309537941306 -0.01359100681591675 0.006295098031189857 -0.0087966619225038102 0.0041424452359090794 -0.015875205916162899 -0.019027325107560021 -0.0015055776355865252 0.026091896679589943 0.015282361312935323
leaf_weight=102 99 294 64 68 48 66 43 53 52 76 213 42 43 170 87 44 32 110 60 78 34 69 114 113 81 41 38 32 162
leaf_count=102 99 294 64 68 48 66 43 53 52 76 213 42 43 170 87 44 32 110 60 78 34 69 114 113 81 41 38 32 162
internal_value=-3.72904e-05 0.0075134 -0.0153316 0.0046714 -0.00580028 0.00226785 -0.00966823 0.00572637 -0.0216144 0.00197572 -0.00117828 -0.00276364 -0.019415 -0.016416 -0.0136786 -0.00713631 -0.00432801 0.011375 0.00997194 0.0158916 -0.00296397 0 -0.00562198 -0.0022958 -0.0103579 -0.0181869 -0.0114683 0.0134768 0.0113909
internal_weight=2528 1693 835 1399 337 1106 289 658 498 402 289 448 446 344 301 131 406 256 113 146 167 133 374 227 147 122 79 293 261
internal_count=2528 1693 835 1399 337 1106 289 658 498 402 289 448 446 344 301 131 406 256 113 146 167 133 374 227 147 122 79 293 261
is_linear=0
shrinkage=0.0650755


Tree=11
num_leaves=30
num_cat=0
split_feature=0 18 0 2 0 2 2 14 7 4 13 4 8 4 10 10 15 13 4 2 7 18 2 7 10 8 8 10 4
split_gain=78.6507 46.037 11.9767 11.0267 8.80822 4.18778 3.19581 2.24951 1.86597 1.8892 2.63546 1.69221 1.91415 2.21543 1.56305 1.35148 1.2875 1.16125 1.06261 2.26783 2.02374 2.01853 1.01154 0.967173 0.91347 0.861912 0.966448 0.850306 0.750687
threshold=1.0000000180025095e-35 1.0000000180025095e-35 1.01557764731833 -0.77522766329679205 -1.1446077060016007 1.5163082970999626 0.38179623501307935 1.7092913388094815 -2.3911482521194523 0.13670606695125198 -0.32917128995940531 1.932918031135513 -1.1073008537514022 -1.0134960092028058 0.13675650529988143 0.032867276184080162 1.0000000180025095e-35 -0.25472374637787865 0.040431495148044158 -0.88916812100965448 0.0205246920550619 1.0000000180025095e-35 -0.3436071909005381 -0.31265010363323603 -0.45779832916345864 0.75869737685808669 1.3791089476888558 0.30459450511722347 -0.85656840695894554
decision_type=2 2 2 2 2 2 2 2 2 2 2 2 2 2 2 2 2 2 2 2 2 2 2 2 2 2 2 2 2
left_child=3 2 11 18 14 7 17 8 -6 16 -11 12 -2 -14 -5 -4 -10 22 19 20 -1 28 -3 -7 -8 -15 -27 -19 -22
right_child=1 6 15 4 5 23 24 -9 9 10 -12 -13 13 25 -16 -17 -18 27 -20 -21 21 -23 -24 -25 -26 26 -28 -29 -30
leaf_value=-0.034123194243236281 0.0072596768133192918 -0.0081369517465263389 0.055559067461488469 0.0033577500453474225 -0.023009646092455559 0.011977853695764347 -0.0016334889353604198 -0.025807644356694255 -0.0019376891622308998 -0.0080933703433509526 -0.023133604077418584 0.0044161279520439928 0.0066103330087533118 0.024004343433026563 0.023953174133900284 0.026924165582037668 -0.0090207630622650154 -0.018823169028230693 -0.027438739174953208 -0.0041775841300223477 -0.012905828124601363 -0.023112157938474428 -1.6052672211424445e-05 -0.0015101095294026109 0.009125637763064666 0.0078551631209527687 0.020968696433327428 -0.0036421032835726752 0
leaf_weight=41 62 153 44 36 41 36 49 38 202 164 79 41 53 384 32 33 271 51 107 51 40 83 121 42 76 60 70 32 36
leaf_count=41 62 153 44 36 41 36 49 38 202 164 79 41 53 384 32 33 271 51 107 51 40 83 121 42 76 60 70 32 36
internal_value=-4.30729e-05 0.0117242 0.0217961 -0.0111975 -0.00739184 -0.00918223 -0.00389526 -0.0106006 -0.00964598 -0.00869729 -0.0134387 0.0186805 0.0195302 0.0207558 0.0143368 0.0459022 -0.00609816 -0.00703643 -0.0209008 -0.0175514 -0.0206613 -0.0161353 -0.00470251 0.00474884 0.00481187 0.0220913 0.0155988 -0.0137757 -0.00728272
internal_weight=2528 1229 747 1299 941 873 482 795 757 716 243 670 629 567 68 77 473 357 358 251 200 159 274 78 125 514 130 83 76
internal_count=2528 1229 747 1299 941 873 482 795 757 716 243 670 629 567 68 77 473 357 358 251 200 159 274 78 125 514 130 83 76
is_linear=0
shrinkage=0.0650755


Tree=12
num_leaves=30
num_cat=0
split_feature=0 18 0 1 19 18 6 2 6 1 5 2 5 2 2 7 0 7 2 5 6 9 8 8 2 2 2 5 5
split_gain=69.2933 40.5979 10.7054 9.92396 8.54061 7.78257 7.49415 4.18147 3.04198 2.5611 1.90573 1.60296 1.33557 1.33121 1.36225 1.15626 0.988927 1.10424 0.938844 0.787394 0.73577 1.48128 1.21907 0.630994 0.593514 1.50726 1.77631 0.558449 0.711173
threshold=1.0000000180025095e-35 1.0000000180025095e-35 1.01557764731833 1.0000000180025095e-35 1.0000000180025095e-35 1.0000000180025095e-35 0.45546218975683034 -0.11540423404509814 -0.51048446771403111 1.0000000180025095e-35 -0.36503821892845884 0.42117975728787055 1.1768908611797355 0.090541694222074115 0.67441776247489649 -0.48692615060865191 1.01557764731833 0.5758160182022215 -0.62557041449453632 0.37104646466528596 -0.043090923776517541 -0.66471179592159524 -0.51002192568107507 -0.36971006099449794 -1.3425513735736236 -0.37926617811272517 0.34367770623121402 -0.48874677041548237 -1.0131239498073736
decision_type=2 2 2 2 2 2 2 2 2 2 2 2 2 2 2 2 2 2 2 2 2 2 2 2 2 2 2 2 2
left_child=3 2 9 4 7 19 -6 -1 16 -2 27 20 18 -12 -15 -11 17 23 -7 -5 22 -22 -10 -3 -17 -26 -27 28 -9
right_child=1 8 -4 5 6 12 -8 10 11 15 13 -13 -14 14 -16 24 -18 -19 -20 -21 21 -23 -24 -25 25 26 -28 -29 -30
leaf_value=-0.02318963179601129 0.00015131214718969258 0 0.043251305515493117 0.0053669731660681624 -0.011043276920661862 -0.015472804183431275 0.025266845839947465 0 -0.015833581741420261 0.023759556017859344 -0.0058574360344257675 0.0080815501983750003 -0.023180039720559986 -0.028903026877835591 -0.011556410172368864 0.0052761108087421944 0 -0.019144699483165894 -0.0060702846321119839 -0.003023770393951943 -0.0097869207135252122 0.005515018856094212 -0.00051133324464244659 -0.010768296009066298 0.023665394043739921 0.0075103031416282589 0.018311063375509924 0.00043191405170462711 -0.011276752535474855
leaf_weight=341 37 38 77 228 58 74 34 32 33 175 43 80 36 53 55 32 32 59 173 52 33 85 62 60 119 135 172 33 87
leaf_count=341 37 38 77 228 58 74 34 32 33 175 43 80 36 53 55 32 32 59 173 52 33 85 62 60 119 135 172 33 87
internal_value=-4.61314e-05 0.0109984 0.0204569 -0.0105166 -0.015482 -0.00390524 0.00270814 -0.0181198 -0.00366668 0.0175099 -0.0120592 0.000429003 -0.0114488 -0.0172799 -0.0211619 0.0184767 -0.00999749 -0.0120663 -0.00922869 0.00369628 -0.00244595 0.000816265 -0.00659157 -0.00686401 0.0161776 0.0168704 0.0138312 -0.00634176 -0.00836533
internal_weight=2528 1229 747 1299 736 563 92 644 482 670 303 293 283 151 108 633 189 157 247 280 213 118 95 98 458 426 307 152 119
internal_count=2528 1229 747 1299 736 563 92 644 482 670 303 293 283 151 108 633 189 157 247 280 213 118 95 98 458 426 307 152 119
is_linear=0
shrinkage=0.0650755


Tree=13
num_leaves=30
num_cat=0
split_feature=0 2 2 0 1 6 2 0 5 1 2 6 12 5 13 13 9 2 10 10 9 1 2 8 8 5 16 6 8
split_gain=60.9189 12.0662 8.82127 7.22853 8.27592 4.14261 4.12436 3.67034 3.24544 2.54531 2.43713 2.39487 2.08226 1.82238 1.67387 1.5872 1.50695 1.46069 1.18816 0.936629 0.779925 0.736395 1.61975 0.689702 0.682863 0.676446 0.668473 0.731954 0.585136
threshold=1.0000000180025095e-35 1.0334452965859755 -0.77522766329679205 -1.1446077060016007 1.0000000180025095e-35 0.45546218975683034 -0.76393623627960905 1.01557764731833 0.49459692688332907 1.0000000180025095e-35 1.1347703421626216 0.95401530329017825 0.86351510968011858 -0.91167233754235621 1.15413037834674 -0.33422855015502045 -1.2840401262390628 0.84593279836536917 0.26842842174107845 0.17744771559928355 1.0942642253093657 -1.4759321159128549 -1.524924180985151 -0.15090090600725856 0.8775912371236404 0.2727168944605306 1.0000000180025095e-35 0.73589831611933854 -0.21650749852524739
decision_type=2 2 2 2 2 2 2 2 2 2 2 2 2 2 2 2 2 2 2 2 2 2 2 2 2 2 2 2 2
left_child=2 6 9 5 10 -4 8 11 15 21 13 12 14 -5 16 -2 -8 20 -19 -9 -6 -1 -23 -24 -3 -11 27 -15 -12
right_child=1 24 3 4 17 -7 7 19 -10 25 28 -13 -14 26 -16 -17 -18 18 -20 -21 -22 22 23 -25 -26 -27 -28 -29 -30
leaf_value=-0.033034240979463433 0.0090804951430301928 0.026221868699036106 -0.0016312505905912544 -0.0022253720590657651 -0.0049217017098730992 0.028610886796704326 -0.0034889382895914546 0.0267296005422685 -0.010990080163993429 -0.0056286350146525447 -0.0080441022633549325 0.018136137465587617 0.016965472521746842 -0.016666841788241262 -0.0086541288979081216 -0.0033676443453938116 0.006971414549750264 -0.0010684237390057223 0.013434585542049628 0.010168232273668603 0.002864839127222775 -0.030453674148455585 -0.008645201235449148 -0.019763537763942709 0.011246663565185246 -0.016631749181645714 -0.02378400670929388 -0.0044051323263617995 0.0032766596015123156
leaf_weight=41 119 179 36 40 293 32 61 60 74 82 32 81 64 204 32 60 429 45 39 38 59 49 71 70 32 45 94 34 33
leaf_count=41 119 179 36 40 293 32 61 60 74 82 32 81 64 204 32 60 429 45 39 38 59 49 71 70 32 45 94 34 33
internal_value=-4.78353e-05 0.0103072 -0.00986586 -0.00645915 -0.00808381 0.01321 0.00726716 0.00963619 0 -0.0185467 -0.0143694 0.00774035 0.00612485 -0.0163908 0.00460523 0.00479332 0.00559747 -0.00163897 0.00574807 0.0213286 -0.00352557 -0.0227372 -0.0196243 -0.0148071 0.0243684 -0.0101825 -0.0179671 -0.0151402 -0.00210997
internal_weight=2528 1229 1299 941 873 68 1018 765 253 358 437 667 586 372 522 179 490 436 84 98 352 231 190 141 211 127 332 238 65
internal_count=2528 1229 1299 941 873 68 1018 765 253 358 437 667 586 372 522 179 490 436 84 98 352 231 190 141 211 127 332 238 65
is_linear=0
shrinkage=0.0650755


Tree=14
num_leaves=30
num_cat=0
split_feature=0 18 0 2 0 1 18 3 1 1 2 18 11 10 16 3 10 3 4 3 8 7 10 3 8 11 10 1 2
split_gain=53.6518 35.0444 9.04522 7.85843 6.39547 7.30072 3.741 2.55843 2.24211 2.21189 2.13819 2.12935 1.52178 1.35484 1.22782 1.20123 1.17349 1.11549 1.0965 1.05259 0.881233 0.989832 0.977479 0.879324 0.645144 0.763135 0.646758 0.644642 1.42502
threshold=1.0000000180025095e-35 1.0000000180025095e-35 1.01557764731833 -0.77522766329679205 -1.1446077060016007 1.0000000180025095e-35 1.0000000180025095e-35 1.4820341044484824 1.0000000180025095e-35 1.0000000180025095e-35 1.1347703421626216 1.0000000180025095e-35 0.21492155102016219 0.032867276184080162 1.0000000180025095e-35 0.010833817126537101 0.13675650529988143 0.36697242506836175 -0.10170128139405034 -0.85247408304866068 -1.1073008537514022 -0.50401203756702628 0.72283832306409346 -0.81263795866640198 -0.97883926604817206 -1.1823054022688861 -0.78854376149755501 -1.4759321159128549 -1.524924180985151
decision_type=2 2 2 2 2 2 2 2 2 2 2 2 2 2 2 2 2 2 2 2 2 2 2 2 2 2 2 2 2
left_child=3 2 9 8 16 10 23 12 27 -2 14 -10 19 -4 15 -6 -5 -17 -8 -3 -11 22 -22 -7 -21 -26 -27 -1 -29
right_child=1 7 13 4 5 6 18 -9 11 20 -12 -13 -14 -15 -16 17 -18 -19 -20 24 21 -23 -24 -25 25 26 -28 28 -30
leaf_value=-0.031110776550835547 0 -0.015075095908600818 0.048373350011711086 0.0028329512911705154 -0.016558010317720182 -0.002356116210482026 -0.0023595432723530672 0.011343408344183762 0.00094129551259831837 0.0073695618007391193 -0.0019708393161010627 -0.015765506051133311 0 0.022146661675391081 -0.022025766997315357 0.00016533750854040466 0.020792387061607048 -0.011774289434760525 -0.012379553983907329 0.0021179401207315016 0.026170341493678407 0.015236043281848501 0.011076224659816367 0.0063505562172476932 2.5359941674566102e-05 -0.016706501342052735 -0.005934190444890043 -0.028649463606458418 -0.013915819001524665
leaf_weight=41 37 69 44 36 146 60 96 37 47 59 65 80 144 33 102 50 32 74 107 33 114 418 42 173 45 36 118 49 141
leaf_count=41 37 69 44 36 146 60 96 37 47 59 65 80 144 33 102 50 32 74 107 33 114 418 42 173 45 36 118 49 141
internal_value=-5.16074e-05 0.00966556 0.0184552 -0.00926603 -0.0060488 -0.00757815 -0.00152129 -0.00395318 -0.0174609 0.015746 -0.0134821 -0.00958517 -0.00538848 0.0394061 -0.0153763 -0.0124311 0.0124444 -0.0069403 -0.0079258 -0.00798624 0.0166435 0.0174843 0.0227157 0.00400127 -0.00550851 -0.00691579 -0.00904032 -0.0214005 -0.0184588
internal_weight=2528 1229 747 1299 941 873 436 482 358 670 437 127 445 77 372 270 68 124 203 301 633 574 156 233 232 199 154 231 190
internal_count=2528 1229 747 1299 941 873 436 482 358 670 437 127 445 77 372 270 68 124 203 301 633 574 156 233 232 199 154 231 190
is_linear=0
shrinkage=0.0650755


Tree=15
num_leaves=30
num_cat=0
split_feature=1 18 3 19 3 3 6 3 12 6 3 3 3 8 11 10 11 12 10 6 3 14 13 6 10 7 6 16 11
split_gain=39.4449 38.911 7.07052 4.21829 3.19613 2.21799 1.89268 1.82996 1.74712 2.55291 1.69263 1.52725 2.7764 1.52465 1.74423 1.50122 1.44692 1.39778 1.38867 1.78337 1.37603 1.31759 1.12724 1.05421 1.0523 1.3591 1.04702 1.39512 1.03368
threshold=1.0000000180025095e-35 1.0000000180025095e-35 0.010833817126537101 1.0000000180025095e-35 0.10728143248212955 0.57194108049591175 0.98517487288601269 0.36697242506836175 -0.67414598255139557 0.20618563299015633 1.7568963520543563 -0.77906515393863562 -1.2699030786212606 1.082032558742797 0.41452540149002631 0.14615493393370757 1.4125446538393469 -0.67414598255139557 0.41199039263780374 -1.1336758596307159 1.828300118794997 1.0000000180025095e-35 -0.3180707476732752 0.17502606339432206 -0.76893001058828958 0.34344795556833269 0.26850477218182484 1.0000000180025095e-35 0.61412925195989043
decision_type=2 2 2 2 2 2 2 2 2 2 2 2 2 2 2 2 2 2 2 2 2 2 2 2 2 2 2 2 2
left_child=2 5 11 7 8 6 18 -4 -3 22 -9 12 -1 14 15 -7 -16 -13 19 -2 21 -6 -10 24 -14 -26 27 -21 -19
right_child=1 4 3 -5 20 13 -8 10 9 -11 -12 17 23 -15 16 -17 -18 28 -20 26 -22 -23 -24 -25 25 -27 -28 -29 -30
leaf_value=-0.025919535328609623 0.0016937005325971103 -0.0023995489520709746 0.0010167774861526309 0.012724910712407377 0.0002760143172354471 0.03313003926450199 0.025012480687102139 -0.012965125272496443 -0.010945236849021754 0 0.0014405207980309419 -0.0069885888455959444 0 0.0059106013011101704 0.0060717117053195359 0.015617209764478614 0.021585408397150525 -0.024159745765808212 0.0049823696781338663 0.013060099130847581 0.0099602375218949477 -0.010470716867480601 -0.021615190358782916 0.0032282161502359473 -0.022935897209422035 -0.0045052091930771988 0.0024677483637880722 0.026505406642547049 -0.012517259570876065
leaf_weight=38 64 120 78 48 181 75 43 173 169 58 38 45 39 43 66 59 53 194 165 335 40 59 81 32 32 45 38 44 73
leaf_count=38 64 120 78 48 181 75 43 173 169 58 38 45 39 43 66 59 53 194 165 335 40 59 81 32 32 45 38 44 73
internal_value=-4.95523e-05 0.00564684 -0.0115951 -0.00413249 -0.00594257 0.0139907 0.0117054 -0.00718016 -0.00945055 -0.0120386 -0.0102809 -0.0165073 -0.0110028 0.0189543 0.0209224 0.0264093 0.0137543 -0.0194927 0.0106025 0.0124104 -0.000423545 -0.0024182 -0.0148439 -0.00631247 -0.00917468 -0.0133701 0.0139579 0.0149995 -0.0213469
internal_weight=2528 1693 835 337 708 985 689 289 428 308 211 498 186 296 253 134 119 312 646 481 280 240 250 148 116 77 417 379 267
internal_count=2528 1693 835 337 708 985 689 289 428 308 211 498 186 296 253 134 119 312 646 481 280 240 250 148 116 77 417 379 267
is_linear=0
shrinkage=0.0650755


Tree=16
num_leaves=30
num_cat=0
split_feature=18 2 4 7 2 4 2 4 5 12 5 12 2 9 12 4 7 8 4 11 4 2 11 12 5 7 3 3 8
split_gain=22.769 10.4532 7.43741 5.9166 5.031 3.85494 2.45372 2.03542 3.8898 2.32946 1.99322 1.91503 1.9055 1.86444 1.72269 1.72205 1.52226 1.261 1.19572 1.08466 0.981803 0.915927 0.802564 0.80475 0.794073 0.790847 1.4206 1.36349 0.711666
threshold=1.0000000180025095e-35 1.0334452965859755 2.2003936314864236 -2.4560746225612746 -1.5768579341375364 -1.0433943353064836 1.6905837262216423 -0.99386250334032489 -0.56488356822093333 1.888622504501128 -0.78974731983922719 2.4011762019116332 1.0000000180025095e-35 -1.1885690769643171 0.35096141226961375 -0.73203799872002195 -0.31265010363323603 -0.87294278602033704 -0.82932749882957124 -0.18428614991956593 -0.23923763647717566 -0.3436071909005381 -1.1823054022688861 -0.67414598255139557 0.33087056517641972 -0.45873443712733469 0.74024564536875281 0.71589883672786392 0.85565199509605161
decision_type=2 2 2 2 2 2 2 2 2 2 2 2 2 2 2 2 2 2 2 2 2 2 2 2 2 2 2 2 2
left_child=1 2 3 -1 19 -6 18 8 -5 10 12 24 -9 -12 -4 -3 17 -17 -7 -2 -18 22 -20 -24 -10 27 -27 -23 -19
right_child=4 15 14 7 5 6 -8 9 11 -11 13 -13 -14 -15 -16 16 20 28 21 -21 -22 25 23 -25 -26 26 -28 -29 -30
leaf_value=-0.016670389138772515 -0.032663056729934484 0.030309345862669514 -0.0044088822241655458 0.01402817321511112 -0.025836722650268165 0.00049242471911194142 0.010178863928830582 -0.012168504414959789 0.0020922434583795111 0.01844065997743281 -0.0023743050937741119 -0.019351646455276567 0.0032248477948807544 0.0070271309703228623 -0.024828830382489737 0.0041317685823489859 0.012426461667808584 0.023442727903788849 -0.019421083328314374 -0.013293447416719966 -0.00012173386982229197 -0.0063357999504912036 -0.0003939213580336382 -0.010247764389263281 -0.0097239972046775699 -0.0044896760532185066 -0.016957486512204085 0.0085792213312382171 0.0090383839540939797
leaf_weight=54 35 32 37 42 38 90 35 49 60 53 95 37 85 731 43 33 44 93 37 44 49 55 50 187 32 267 45 41 35
leaf_count=54 35 32 37 42 38 90 35 49 60 53 95 37 85 731 43 33 44 93 37 44 49 55 50 187 32 267 45 41 35
internal_value=-3.81613e-05 0.0046357 0.0021413 0.00342304 -0.00816046 -0.00656604 -0.00547979 0.00442436 -0.00199059 0.00553606 0.00470914 -0.00771004 -0.00245153 0.00590832 -0.0164664 0.0158189 0.0133662 0.0172434 -0.00628061 -0.0235581 0.00587995 -0.00720792 -0.0102197 -0.00832138 -0.0020397 -0.00502907 -0.00659743 0 0.0201631
internal_weight=2528 1604 1318 1238 924 845 807 1184 171 1013 960 129 134 826 80 286 254 161 772 79 93 682 274 237 92 408 312 96 128
internal_count=2528 1604 1318 1238 924 845 807 1184 171 1013 960 129 134 826 80 286 254 161 772 79 93 682 274 237 92 408 312 96 128
is_linear=0
shrinkage=0.0650755


Tree=17
num_leaves=30
num_cat=0
split_feature=0 18 0 1 3 18 19 7 3 1 0 18 15 7 10 7 10 3 10 8 10 7 8 7 10 3 3 3 10
split_gain=42.9207 25.2804 8.04798 5.52535 6.34018 4.28219 2.99578 3.85983 1.79606 1.48831 1.40508 1.37654 1.73442 1.94254 1.83934 1.3457 1.17959 1.07855 1.5284 1.2273 0.8705 1.55436 0.760497 0.836028 0.847083 0.687705 1.05628 0.607094 0.626014
threshold=1.0000000180025095e-35 1.0000000180025095e-35 1.01557764731833 1.0000000180025095e-35 1.8559099902480021 1.0000000180025095e-35 1.0000000180025095e-35 -0.39978812712094397 1.4820341044484824 1.0000000180025095e-35 1.01557764731833 1.0000000180025095e-35 0.88625919121491659 -1.2668968902584323 -1.3383867685862985 -0.25712097101851822 0.032867276184080162 -0.65182146006634778 0.036509940365153107 0.21959181758521781 0.93409910182471712 0.30585900425990969 -1.1073008537514022 -0.50401203756702628 0.72283832306409346 -0.75764355364807312 -1.2659616079452751 -0.69261665081442125 -0.64900298033192449
decision_type=2 2 2 2 2 2 2 2 2 2 2 2 2 2 2 2 2 2 2 2 2 2 2 2 2 2 2 2 2
left_child=3 2 9 4 6 27 11 -8 10 -2 15 12 13 -1 -15 -3 -4 18 -17 -19 21 -7 -11 24 -24 26 -25 28 -5
right_child=1 8 16 5 -6 20 7 -9 -10 22 -12 -13 -14 14 -16 17 -18 19 -20 -21 -22 -23 23 25 -26 -27 -28 -29 -30
leaf_value=-0.024359938570934801 0.00015713167505787345 0.00064410742491506612 0.044113292103805254 0.001994811767327844 0.014048459552294444 -0.0052100959951726427 0.011885427020821199 -0.014492494340247651 0.0098681457665916496 0.0058361007826658899 0.0038576256493444037 -0.021205101364381331 -0.019819055006563027 -0.021777772183113098 -0.0061943632380793345 -0.020270319757593056 0.019877834441091383 -0.00011106846577866736 -0.003537615832157111 -0.01152714365306391 0 -0.016192034886639485 0.022997211970397204 0.0056715694957478972 0.0092096016177014763 0.010780759416242125 0.021599763579275393 0.004347723574304717 -0.0085372856505199456
leaf_weight=35 37 96 44 55 33 139 41 43 37 59 71 137 123 35 289 56 33 113 48 61 37 107 114 33 42 298 87 192 33
leaf_count=35 37 96 44 55 33 139 41 43 37 59 71 137 123 35 289 56 33 113 48 61 37 107 114 33 42 298 87 192 33
internal_value=-4.70028e-05 0.00864318 0.0161083 -0.00828959 -0.0120002 -0.00333411 -0.0133456 -0.00139039 -0.00291985 0.0135666 -0.00413299 -0.0149047 -0.0128703 -0.0101898 -0.00824835 -0.00574558 0.0358154 -0.00801367 -0.0132758 -0.00445572 -0.00893014 -0.0103058 0.0143042 0.0150757 0.0198278 0.0130372 0.0178078 0.00228971 -0.0019243
internal_weight=2528 1229 747 1299 736 563 703 84 482 670 445 619 482 359 324 374 77 278 104 174 283 246 633 574 156 418 120 280 88
internal_count=2528 1229 747 1299 736 563 703 84 482 670 445 619 482 359 324 374 77 278 104 174 283 246 633 574 156 418 120 280 88
is_linear=0
shrinkage=0.0650755


Tree=18
num_leaves=30
num_cat=0
split_feature=0 2 4 2 0 1 16 6 6 1 1 7 12 2 1 13 4 3 7 3 13 2 7 3 4 2 4 7 4
split_gain=37.8449 7.5669 5.73649 4.9771 4.96219 3.76187 3.00184 2.93604 2.22448 2.44477 1.55895 1.66399 1.51183 1.46121 1.34477 1.2404 1.15364 1.73304 1.60086 1.29514 1.43555 0.986322 1.15595 0.956298 0.920198 0.893141 0.883129 0.872581 0.618825
threshold=1.0000000180025095e-35 1.0334452965859755 2.2003936314864236 -0.88916812100965448 -1.1446077060016007 1.0000000180025095e-35 1.0000000180025095e-35 0.45546218975683034 -0.10541006296818604 1.0000000180025095e-35 1.0000000180025095e-35 0.0205246920550619 1.888622504501128 -0.3436071909005381 -1.4759321159128549 -0.32237809849077359 0.40070406158625554 -0.65182146006634778 0.35199089904751929 -0.45326098968084866 -0.25969495246319657 1.1347703421626216 -0.31265010363323603 0.13065535883886734 -0.86868946730254171 1.5163082970999626 0.040431495148044158 -0.14606270578908762 -0.55940924562416361
decision_type=2 2 2 2 2 2 2 2 2 2 2 2 2 2 2 2 2 2 2 2 2 2 2 2 2 2 2 2 2
left_child=2 6 3 10 7 14 8 -5 9 -2 11 -1 13 -10 -6 -8 19 -18 -19 20 -11 22 -16 -15 -13 28 -3 -25 -7
right_child=1 26 -4 4 5 25 15 -9 12 16 -12 24 -14 23 21 -17 17 18 -20 -21 -22 -23 -24 27 -26 -27 -28 -29 -30
leaf_value=-0.031973009279496055 -0.012947478749357373 0.021185769783012526 -0.024757576714825077 -0.00094031466397002429 -0.022050326257441528 0.0012795017568773101 0.016669953305845218 0.024450087859489593 0 0.012774112380873713 -0.0070465560973520941 -0.020621592170127687 0.020792472316757998 0.016591320515867886 -0.013824646256254892 0.0035141795635210411 -0.0093711670947387513 -0.0018188534764867032 0.012799118525282597 -6.9049022712890267e-05 -0.00013930658996339206 -0.00034019635464994761 -0.0059448487476105108 0.0087309457174493624 -0.0075727605912206857 0.0076667761876054001 0.006863925091056447 -0.002336657877831608 -0.0040183343363651078
leaf_weight=34 42 178 76 35 35 126 129 33 102 114 90 52 33 57 171 50 66 85 43 104 47 60 197 112 69 36 33 34 285
leaf_count=34 42 178 76 35 35 126 129 33 102 114 90 52 33 57 171 50 66 85 43 104 47 60 197 112 69 36 33 34 285
internal_value=-3.93122e-05 0.00812024 -0.00777979 -0.00661133 -0.00445397 -0.00575498 0.00570596 0.0118421 0.00398521 0.00115082 -0.014871 -0.0189084 0.00803842 0.00627577 -0.00984454 0.0133195 0.00261586 -0.00108125 0.00319046 0.00538584 0.00895948 -0.00855418 -0.00980478 0.00940695 -0.0139543 -0.00140395 0.0192649 0.00599583 -0.00233818
internal_weight=2528 1229 1299 1223 978 910 1018 68 839 501 245 155 338 305 463 179 459 194 128 265 161 428 368 203 121 447 211 146 411
internal_count=2528 1229 1299 1223 978 910 1018 68 839 501 245 155 338 305 463 179 459 194 128 265 161 428 368 203 121 447 211 146 411
is_linear=0
shrinkage=0.0650755


Tree=19
num_leaves=30
num_cat=0
split_feature=0 18 0 2 1 18 6 10 7 6 7 10 6 5 1 10 10 2 9 9 7 10 11 8 11 8 2 10 2
split_gain=33.347 21.5745 7.15977 4.83786 4.76281 2.4443 2.11632 3.52549 1.82112 1.71161 1.5256 1.29702 1.86832 2.05175 1.20909 1.11726 1.07912 1.05948 1.05643 0.951028 0.941752 0.826441 0.745828 0.710348 0.674334 0.647025 0.767837 0.643976 0.60701
threshold=1.0000000180025095e-35 1.0000000180025095e-35 1.01557764731833 0.78648687318898869 1.0000000180025095e-35 1.0000000180025095e-35 0.73589831611933854 0.3929584601231258 -0.32290163580825965 -0.51048446771403111 -0.46984026365027748 0.54956181016270034 -0.88439930286404211 0.97697492926636664 1.0000000180025095e-35 -1.2289433498946087 0.10022334949171822 -0.43086892067093546 -0.56550728126407301 1.1358255746546411 -0.066613331432647124 1.2766684468578708 -0.58349385085929406 -0.43807208435712336 -0.18428614991956593 -1.1073008537514022 -1.266429051140326 -0.51869713454061739 0.44311915158069487
decision_type=2 2 2 2 2 2 2 2 2 2 2 2 2 2 2 2 2 2 2 2 2 2 2 2 2 2 2 2 2
left_child=3 2 14 4 6 -6 11 -8 10 15 -5 12 13 -1 -2 17 -4 -3 -14 -7 -20 27 -17 -13 -10 -16 -27 -11 -29
right_child=1 9 16 8 5 19 7 -9 24 21 -12 23 18 -15 25 22 -18 -19 20 -21 -22 -23 -24 -25 -26 26 -28 28 -30
leaf_value=-0.027663741934408296 0 -0.0080423897898114684 0.040683732611507803 0.0015490873379764077 0.00081546100121325873 -0.0099844362659415667 -0.013988440521587887 0.0090700634524392386 0 -0.0045657922317532788 0.017613768677910233 -0.030188116828382162 -0.0016189818265308351 -0.0053766087810085414 0.004995693984410395 -0.016055665116063718 0.017782088970450735 0.0070285889593191975 -0.016697958893029431 0.0011950765292048583 -0.0071622499750496893 -0.0080765486804201432 -0.0044431863558336299 -0.015209944853668203 -0.010306059401540764 0.0030321095613369776 0.014139306210154152 0.00075284275977167069 0.0087917149942163715
leaf_weight=60 37 37 45 95 218 218 60 44 61 51 32 38 65 32 59 67 32 32 96 32 127 40 53 73 48 37 537 147 55
leaf_count=60 37 37 45 95 218 218 60 44 61 51 32 38 65 32 59 67 32 32 96 32 127 40 53 73 48 37 537 147 55
internal_value=-4.11338e-05 0.00761761 0.0145153 -0.00730767 -0.00917391 -0.00412237 -0.0130405 -0.00403403 0.00101008 -0.00305906 0.00628247 -0.0148401 -0.0125558 -0.0208233 0.0121236 -0.0078039 0.0330802 -0.000712424 -0.00953008 -0.00846001 -0.0116434 0 -0.0114965 -0.0215965 -0.00491968 0.0127881 0.0134977 0.0014947 0.00321625
internal_weight=2528 1229 747 1299 1063 468 595 104 236 482 127 491 380 92 670 189 77 69 288 250 223 293 120 111 109 633 574 253 202
internal_count=2528 1229 747 1299 1063 468 595 104 236 482 127 491 380 92 670 189 77 69 288 250 223 293 120 111 109 633 574 253 202
is_linear=0
shrinkage=0.0650755


Tree=20
num_leaves=30
num_cat=0
split_feature=2 2 6 10 2 10 6 7 13 2 6 10 3 14 7 3 14 7 6 15 5 5 9 7 12 2 3 15 3
split_gain=12.8169 6.31881 2.47258 1.91861 2.24135 1.51832 1.83607 2.84867 2.27966 2.0551 1.96728 1.70319 1.72371 1.66026 1.31254 1.27679 1.06795 1.00242 1.28319 0.923679 0.782732 0.853154 0.963041 0.752329 0.715221 0.672931 1.27502 1.04559 0.891861
threshold=1.0334452965859755 -0.77522766329679205 1.2967705688443552 -1.4725296952367908 -1.5768579341375364 -1.1059096613797432 -0.10541006296818604 1.0994984534763907 -0.25695070015115012 0.4117469252584019 -0.75976102448070504 -1.5260423848133715 -0.42891350231024306 1.7092913388094815 -0.28360409580399842 2.4614863987988769 -0.738224098466287 -0.62190465757980651 0.67357917692767011 1.0000000180025095e-35 -0.97059567761952081 -0.086138626634831086 -0.99949782536233134 -0.77226046281349958 0.86351510968011858 -1.0926664455981683 -0.69261665081442125 0.88625919121491659 -0.43928420458980705
decision_type=2 2 2 2 2 2 2 2 2 2 2 2 2 2 2 2 2 2 2 2 2 2 2 2 2 2 2 2 2
left_child=1 3 5 -1 24 11 7 8 10 -10 -7 -3 -13 17 -6 20 -14 18 -8 -19 -2 22 -22 -4 -5 26 27 -16 -27
right_child=15 2 23 4 14 6 13 -9 9 -11 -12 12 16 -15 25 -17 -18 19 -20 -21 21 -23 -24 -25 -26 28 -28 -29 -30
leaf_value=-0.020908565698730047 0 -0.0051490334493669602 0.0017176356657875485 -0.018633518700470524 -0.013137916638820442 -0.0095381793339099456 -0.0061420319735132935 0.0088355678287672813 -0.018006541662084347 -0.00027044129445248427 0.00021589992678453424 0.015149097905462774 -0.0069729608895314219 -0.010382058859896206 -0.0047717932801856497 0.023229863890131194 0.0068116575693135091 0.007608909192330893 0.0041059857585379004 0.0012226155433704006 0.0021198934049961493 0.0034532424696752974 0.014630898007472911 0.01435551322889589 -0.0052675221325404441 -0.0028494652194600589 -0.010224067857362826 0.0080368719646604549 0.0065467344031234602
leaf_weight=40 32 51 38 71 58 122 117 60 92 43 267 71 33 45 71 35 57 158 83 268 38 68 182 60 36 134 104 37 57
leaf_count=40 32 51 38 71 58 122 117 60 92 43 267 71 33 45 71 35 57 158 83 268 38 68 182 60 36 134 104 37 57
internal_value=-4.52976e-05 -0.00193486 0.000242458 -0.00753783 -0.00638456 -0.000423626 -0.00130343 -0.00396486 -0.00554496 -0.0127399 -0.00285921 0.00458274 0.00787603 0.00098777 -0.00424934 0.0113225 0.0013966 0.00191777 -0.00177075 0.00370781 0.00961779 0.0106738 0.0126727 0.0100082 -0.0147808 -0.00276868 -0.0052499 -6.52777e-06 0
internal_weight=2528 2173 1565 608 568 1467 1255 584 524 135 389 212 161 671 461 355 90 626 200 426 320 288 220 98 107 403 212 108 191
internal_count=2528 2173 1565 608 568 1467 1255 584 524 135 389 212 161 671 461 355 90 626 200 426 320 288 220 98 107 403 212 108 191
is_linear=0
shrinkage=0.0650755


Tree=21
num_leaves=30
num_cat=0
split_feature=0 18 0 4 5 2 0 14 13 6 3 5 4 4 11 9 4 5 5 6 18 2 5 18 4 2 5 5 9
split_gain=28.6554 18.4405 6.40297 4.49301 3.71297 3.07534 3.30691 2.3891 1.43345 1.35703 1.02694 0.98574 2.96839 1.51269 1.37339 1.42771 1.06696 1.51898 0.956429 0.927084 0.875465 0.777351 0.716161 1.67569 0.701172 0.770567 0.697596 0.697197 0.591426
threshold=1.0000000180025095e-35 1.0000000180025095e-35 1.01557764731833 2.2003936314864236 -1.1000833472669447 -0.88916812100965448 -1.1446077060016007 1.7092913388094815 -0.088465829375793045 -0.51048446771403111 -0.68306452850965205 -0.17139203737871792 -0.95350795140593203 -0.65107684712268898 1.4125446538393469 0.54972844088315587 1.7493726126737148 0.10665614093846952 1.0904228718946121 0.39314305056516186 1.0000000180025095e-35 0.13185650191754023 -0.37765452972918323 1.0000000180025095e-35 1.2663345158079193 -0.3436071909005381 -0.7075433891486308 -0.68215361783426121 -0.23218527721487556
decision_type=2 2 2 2 2 2 2 2 2 2 2 2 2 2 2 2 2 2 2 2 2 2 2 2 2 2 2 2 2
left_child=3 2 11 4 -1 22 -7 8 19 10 -3 13 -13 26 15 -15 17 28 -12 -8 -10 -4 -6 -24 25 -11 -2 -27 -14
right_child=1 9 21 -5 5 6 7 -9 20 24 18 12 16 14 -16 -17 -18 -19 -20 -21 -22 -23 23 -25 -26 27 -28 -29 -30
leaf_value=0.011238667135790463 0.010902654534841322 -0.012218180639012567 0.01731780875321285 -0.021813615335242072 -0.019900840552500663 0.0092999604325108964 -0.0016579900057131587 -0.020308956681608859 -0.006087492313266489 -0.0032928475291141273 -0.0065129778156049357 -0.0080471906139854034 -0.0021989730984648083 0.010809101163281865 0.020589895512007256 -0.0003522146356307098 0 0.016133990787819564 0.0060165261571048434 -0.0070156545778554385 -0.016860450236727154 0.038001051210706231 -0.0022862329281740416 -0.015364651702903897 -0.0070725050830430522 -0.0022410577393381197 0.025186043985464319 0.0067143900686806946 0.0086643978345206877
leaf_weight=47 44 85 33 76 59 61 455 42 112 87 71 38 32 177 47 60 32 136 33 206 57 44 77 107 45 45 64 116 40
leaf_count=47 44 85 33 76 59 61 455 42 112 87 71 38 32 177 47 60 32 136 33 206 57 44 77 107 45 45 64 116 40
internal_value=-4.28666e-05 0.00705599 0.0134334 -0.00677957 -0.00574299 -0.00648594 -0.00470087 -0.0057545 -0.00487506 -0.00281165 -0.00703602 0.0111723 0.00774082 0.0134194 0.01042 0.00792961 0.0104518 0.0121201 -0.00221756 -0.0034039 -0.0102315 0.0309849 -0.0130142 -0.0102219 0 0.00137384 0.0203028 0.00406847 0.00367652
internal_weight=2528 1229 747 1299 1223 1176 933 872 830 482 189 670 278 392 284 237 240 208 104 661 169 77 243 184 293 248 108 161 72
internal_count=2528 1229 747 1299 1223 1176 933 872 830 482 189 670 278 392 284 237 240 208 104 661 169 77 243 184 293 248 108 161 72
is_linear=0
shrinkage=0.0650755


Tree=22
num_leaves=30
num_cat=0
split_feature=0 18 0 5 3 2 11 12 0 7 6 6 13 10 10 7 12 8 6 10 12 5 6 3 11 5 18 5 2
split_gain=25.2789 16.2993 5.70731 3.72437 3.11326 2.12795 1.51031 1.40169 2.8858 1.53969 1.34365 1.19163 1.28914 1.6854 1.06653 0.993955 0.949817 0.932644 0.947172 2.41205 1.21854 1.33943 1.16266 0.923244 0.914441 0.904396 1.98686 0.8873 0.73665
threshold=1.0000000180025095e-35 1.0000000180025095e-35 1.01557764731833 -1.0840011467426518 1.8559099902480021 -0.94098171233618022 -1.3819092527387502 0.35096141226961375 -1.1446077060016007 -0.076010569259752886 0.86053659450267561 -0.10541006296818604 -0.25472374637787865 -0.61530933880482541 0.10022334949171822 1.7581593957217145 -0.67414598255139557 -1.1073008537514022 0.45546218975683034 -0.069769268150067634 -0.67414598255139557 -0.33937714905324662 -1.1336758596307159 1.3745471721048863 0.41452540149002631 -0.37765452972918323 1.0000000180025095e-35 -0.50487008582698578 0.30202974838214497
decision_type=2 2 2 2 2 2 2 2 2 2 2 2 2 2 2 2 2 2 2 2 2 2 2 2 2 2 2 2 2
left_child=3 2 17 -1 5 15 -7 8 -8 10 -9 12 16 -14 -4 25 -3 -2 19 22 21 -21 -19 -10 -22 -5 -27 -24 -20
right_child=1 11 14 4 -6 6 7 9 23 -11 -12 -13 13 -15 -16 -17 -18 18 28 20 24 -23 27 -25 -26 26 -28 -29 -30
leaf_value=0.0094368323693115996 0.00223279900350852 0.003027128286933366 0.036415640506682799 -0.024315362480703952 0.0085972864546258083 -0.015092331886601839 0.013069255816789827 -0.017281632766251661 -0.0039113708790743012 -0.003328247623642192 -0.003130564979944999 0.001145426007540342 -0.0015603494779797436 -0.021772619071408907 0.014936327523893015 -0.0018765594556926651 -0.0057071241703814113 0.0015093480971792687 0.024001416945998534 0.0054689933994682008 0.010439341640692457 -0.011796158439884829 0.0067678079599665913 -0.014382079268596148 -0.00081201947863729146 -0.0027897002408204547 -0.017935691207997574 0.018290914843096272 0.011993688552736513
leaf_weight=55 63 76 45 42 46 76 36 112 529 123 47 196 37 36 32 34 137 34 43 32 98 33 54 37 37 69 93 150 126
leaf_count=55 63 76 45 42 46 76 36 112 529 123 47 196 37 36 32 34 137 34 43 32 98 33 54 37 37 69 93 150 126
internal_value=-3.97449e-05 0.00662716 0.0126233 -0.00636771 -0.00712018 -0.00777649 -0.00630386 -0.00544243 -0.00355286 -0.00926164 -0.0134662 -0.00264735 -0.00530827 -0.0125802 0.0292006 -0.0133706 -0.00247811 0.0104861 0.0112776 0.00933355 0.00375794 -0.0031484 0.0137485 -0.00475529 0.00725555 -0.0150792 -0.0119013 0.0155869 0.0157736
internal_weight=2528 1229 747 1299 1244 1198 960 884 602 282 159 482 286 73 77 238 213 670 607 438 200 65 238 566 135 204 162 204 169
internal_count=2528 1229 747 1299 1244 1198 960 884 602 282 159 482 286 73 77 238 213 670 607 438 200 65 238 566 135 204 162 204 169
is_linear=0
shrinkage=0.0650755


Tree=23
num_leaves=29
num_cat=0
split_feature=1 2 3 11 5 6 5 3 5 10 15 2 5 16 13 15 9 6 2 9 2 10 6 9 15 3 5 3
split_gain=20.3035 5.63868 3.89099 3.37868 2.51446 2.0095 1.89463 1.72542 1.57624 2.30716 1.28281 2.0078 1.94311 1.25234 1.65873 1.03378 1.37319 1.02913 1.01993 0.912188 0.865901 0.685092 0.602158 0.676654 0.576364 0.414344 0.353256 0.0199928
threshold=1.0000000180025095e-35 1.0334452965859755 1.8559099902480021 1.612148504309211 -1.0840011467426518 -0.88439930286404211 1.000812697639335 -1.5504005355741566 1.7909860845343473 -1.3457877734402814 0.88625919121491659 -1.5768579341375364 -0.24459592825001847 1.0000000180025095e-35 -0.33112158264398078 1.0000000180025095e-35 0.62494859644616907 0.79821745531100707 0.5493454491755676 0.48349217632023184 -0.4464723511912117 -0.3091245453737374 1.2032918600568523 1.8136193907650322 2.1112254216092903 -0.022871340281467995 -0.25718369422570342 -0.62020406445773835
decision_type=2 2 2 2 2 2 2 2 2 2 2 2 2 2 2 2 2 2 2 2 2 2 2 2 2 2 2 2
left_child=2 7 3 4 -1 6 20 -2 13 -10 11 -7 -13 22 18 16 26 25 19 -15 -6 -16 23 24 -9 -12 -3 -11
right_child=1 15 -4 -5 5 10 -8 8 9 27 17 12 -14 14 21 -17 -18 -19 -20 -21 -22 -23 -24 -25 -26 -27 -28 -29
leaf_value=0.0054697912686133259 -0.0084122106329264264 0.014702568980708925 0.011248735027893949 0.0082733403197160459 -0.030795111159816514 -0.021468510770226691 -0.0046846706506163309 0.0013499351097991876 0.0085213652046985632 -0.013860224654242763 -0.012591582245447737 -0.0092909523834511371 0 0.018554064628331739 -0.0066583175362429983 0.017676973940879023 -0.0026394907323557164 -0.0042487932713457625 0.0014348328712920624 0.0043255525538068796 -0.013579786882264182 0.0054108120244374279 0.0092875381841084782 0.010088079380794101 0.0092271605689030461 -0.024130337189678094 0.0047395559201607257 -0.0063834458803576199
leaf_weight=36 54 69 36 39 46 35 37 927 33 35 82 237 159 79 33 116 32 43 38 36 44 37 51 40 38 41 38 37
leaf_count=36 54 69 36 39 46 35 37 927 33 35 82 237 159 79 33 116 32 43 38 36 44 37 51 40 38 41 38 37
internal_value=-3.38359e-05 0.00405023 -0.00831989 -0.00929482 -0.0102754 -0.0111236 -0.018767 0.00242563 0.0028942 -0.00452205 -0.0093188 -0.00718474 -0.00561691 0.00353717 0.00797829 0.0129007 0.00828208 -0.0143543 0.0116788 0.0146615 -0.0237606 -7.89984e-06 0.00254379 0.00213415 0.0017302 -0.0173983 0.0117444 -0.0109847
internal_weight=2528 1693 835 799 760 724 127 1438 1384 105 597 431 396 1279 223 255 139 166 153 115 90 70 1056 1005 965 123 107 72
internal_count=2528 1693 835 799 760 724 127 1438 1384 105 597 431 396 1279 223 255 139 166 153 115 90 70 1056 1005 965 123 107 72
is_linear=0
shrinkage=0.0650755


Tree=24
num_leaves=30
num_cat=0
split_feature=1 18 6 19 7 4 11 4 15 4 4 15 4 3 6 18 6 8 3 3 8 6 6 4 4 8 7 4 11
split_gain=17.9381 18.016 3.518 4.29204 2.63672 1.99172 1.41199 1.49129 1.3615 2.11382 1.53358 1.21018 1.17777 1.32927 1.07989 1.07366 1.36147 1.03989 0.834588 0.828664 1.55243 0.994563 1.42237 1.84169 1.53214 0.824528 0.769902 0.753293 0.731853
threshold=1.0000000180025095e-35 1.0000000180025095e-35 0.45546218975683034 1.0000000180025095e-35 -0.95166227587642915 -1.0433943353064836 -1.3819092527387502 -1.0949021080317813 0.88625919121491659 -0.23923763647717566 1.932918031135513 0.88625919121491659 0.18075671276451433 -0.69261665081442125 1.1098131512693497 1.0000000180025095e-35 -0.47932489811819695 0.5440659303151163 0.50115272321200155 0.56531235991502482 1.082032558742797 1.016334442481847 0.050387785010985106 -0.2887628749238787 0.29116545289921342 0.28022981159360905 -0.78934634977187412 1.6030773286141213 0.41452540149002631
decision_type=2 2 2 2 2 2 2 2 2 2 2 2 2 2 2 2 2 2 2 2 2 2 2 2 2 2 2 2 2
left_child=2 8 6 4 14 -3 -1 -8 10 17 19 15 -7 27 -4 26 -17 -10 -6 21 28 22 24 -24 -2 -13 -9 -14 -21
right_child=1 5 3 -5 18 12 7 11 9 -11 -12 25 13 -15 -16 16 -18 -19 -20 20 -22 -23 23 -25 -26 -27 -28 -29 -30
leaf_value=-0.020195530440959713 0.011185048056679343 -0.018200506511083153 -0.022277825451137739 0.018763590944818293 0.0063189757961417481 -0.00088309459825859128 -0.021801935562477549 -0.011094748518751082 0.025804420002890766 0.0023569270638353445 -0.0024589175958982363 -0.019187736831913486 -0.018231901552663715 -0.0029848892245284073 -0.0050887193716637269 -0.017593844549146573 -0.0031919018482833217 0.0087256400173576446 -0.0036991292680679431 0.018222175802658294 0 0.017514620759412135 -0.0051180093036029819 0.011578328983404565 0.0020578924380474234 -0.005805339015108827 -0.001784829405995459 -0.0041720915973377463 0.0091391215873035617
leaf_weight=60 252 36 34 34 59 410 36 44 64 42 47 62 49 177 40 63 60 35 72 117 40 37 84 36 126 45 226 36 105
leaf_count=60 252 36 34 34 59 410 36 44 64 42 47 62 49 177 40 63 60 35 72 117 40 37 84 36 126 45 226 36 105
internal_value=-3.33529e-05 0.00380485 -0.00782236 -0.00100649 -0.00476026 -0.00407317 -0.010484 -0.00918038 0.0094849 0.0156606 0.00834067 -0.0080226 -0.00315519 -0.00653703 -0.0141828 -0.00610492 -0.0111492 0.0206926 0.000693311 0.00901961 0.0122362 0.00730289 0.00633386 0 0.00827209 -0.0142759 -0.00356086 -0.0130987 0.0143218
internal_weight=2528 1693 835 239 205 708 596 536 985 141 844 500 672 262 74 393 123 99 131 797 262 535 498 120 378 107 270 85 222
internal_count=2528 1693 835 239 205 708 596 536 985 141 844 500 672 262 74 393 123 99 131 797 262 535 498 120 378 107 270 85 222
is_linear=0
shrinkage=0.0650755


Tree=25
num_leaves=30
num_cat=0
split_feature=0 0 2 5 1 3 13 9 9 2 6 5 9 7 3 7 7 7 9 6 10 7 6 10 6 2 3 3 7
split_gain=19.381 4.4237 2.89981 2.87611 2.91018 2.85056 2.11727 2.6301 2.21022 2.05771 2.03916 1.63896 1.04604 0.992987 1.22912 0.923127 0.784638 1.26934 0.775237 1.4786 0.923287 0.85586 1.31646 0.761295 0.644327 0.592295 0.748505 0.721208 0.406166
threshold=1.0000000180025095e-35 1.01557764731833 0.23248349227561843 -1.0840011467426518 1.0000000180025095e-35 1.828300118794997 0.77864851762156062 -1.2840401262390628 -1.5558498083179935 0.13185650191754023 1.3590897080360238 1.5422297859493208 -0.78160386104205093 1.5864462317900536 0.45690560437870864 -0.47582032408570912 -0.20073754405588382 -0.31265010363323603 -0.17990562753896336 0.73589831611933854 0.53684770386680636 -0.076010569259752886 0.23734520258599057 0.41199039263780374 -0.32352705013902566 0.037200872361273708 1.3395629265272961 -0.17261460435138784 -0.62190465757980651
decision_type=2 2 2 2 2 2 2 2 2 2 2 2 2 2 2 2 2 2 2 2 2 2 2 2 2 2 2 2 2
left_child=3 2 6 -1 5 10 7 8 -2 24 18 25 -9 14 -14 28 17 -17 19 20 -5 23 -23 -20 -3 -6 27 -27 -4
right_child=1 9 15 4 11 -7 -8 12 -10 -11 -12 -13 13 -15 -16 16 -18 -19 21 -21 -22 22 -24 -25 -26 26 -28 -29 -30
leaf_value=0.0082836853513121034 0.0023519239294979071 0.0017297358568115759 0.0088667543188151957 -0.0068528654035909407 -0.0034310080344643855 0.008343000798082062 -0.011723432714932008 0.011469163716923325 -0.019545344253847744 0.024667713959736846 0.004935521824319858 -0.015372458736246007 0.0052633777783954103 -0.0073504949890611827 -0.0043433759450010132 0.0055831106025021875 0.0085333477355567077 -0.0077956926564334249 -0.020216520360925309 0.0022411901867299875 -0.017369415393100298 -0.011542944527481636 0.0020145285966096126 -0.0093234142991742864 0.013704249436987363 -0.0018259781558912808 -0.0067666085977973987 0.0061640733829556047 0.017343418840578585
leaf_weight=55 33 44 139 167 291 33 44 67 35 66 32 35 334 32 61 92 150 38 108 47 54 158 32 69 42 74 37 107 52
leaf_count=55 33 44 139 167 291 33 44 67 35 66 32 35 334 32 61 92 150 38 108 47 54 158 32 69 42 74 37 107 52
internal_value=-4.10636e-05 0.0057953 0.00425427 -0.00558307 -0.00624575 -0.00902382 0.00120964 0.00235735 -0.00912412 0.0160886 -0.00997391 -0.00257768 0.00406074 0.00272541 0.00368291 0.00806716 0.00536437 0.00134836 -0.0107958 -0.00763518 -0.00984908 -0.0129077 -0.00913817 -0.0164672 0.00826964 -0.00151329 0.00095348 0.00280055 0.0116722
internal_weight=2528 1229 1077 1299 1244 700 606 562 68 152 667 544 494 427 395 471 280 130 635 268 221 367 190 177 86 509 218 181 191
internal_count=2528 1229 1077 1299 1244 700 606 562 68 152 667 544 494 427 395 471 280 130 635 268 221 367 190 177 86 509 218 181 191
is_linear=0
shrinkage=0.0650755


Tree=26
num_leaves=30
num_cat=0
split_feature=18 4 7 4 2 2 4 7 4 5 12 12 5 9 11 2 12 4 4 12 12 3 9 10 10 5 4 11 5
split_gain=10.9689 4.08197 4.14619 2.66769 2.4484 2.38131 1.64348 1.10997 1.07039 2.30727 2.02666 1.4517 1.44409 1.40265 1.1234 1.06579 0.987227 0.71916 0.693184 0.503106 0.473162 0.408848 0.611242 0.773438 0.701938 0.272585 0.352746 0.270716 0.200691
threshold=1.0000000180025095e-35 2.2003936314864236 -2.4560746225612746 -1.0850200202837006 -1.5768579341375364 1.0334452965859755 -0.73203799872002195 -0.31265010363323603 -1.001944713487535 -0.60793512424481266 1.888622504501128 2.4011762019116332 -0.78974731983922719 -1.1885690769643171 -0.38389000038943 1.6905837262216423 0.35096141226961375 -0.82932749882957124 -0.23923763647717566 0.35096141226961375 0.35096141226961375 -0.84741864362548391 0.29363299903492251 -0.9679193460638621 -0.86008480412374044 -0.64187170124206683 -0.19245838223341735 0.61412925195989043 -0.50487008582698578
decision_type=2 2 2 2 2 2 2 2 2 2 2 2 2 2 2 2 2 2 2 2 2 2 2 2 2 2 2 2 2
left_child=1 2 -1 -2 -5 8 -7 28 9 -4 12 20 14 -14 -10 17 -3 19 -9 27 -11 25 24 -24 -23 -19 -27 -6 -8
right_child=3 16 5 4 15 6 7 18 10 11 -12 -13 13 -15 -16 -17 -18 21 -20 -21 -22 22 23 -25 -26 26 -28 -29 -30
leaf_value=-0.012902226354413137 -0.02105018637705219 -0.0016524039274393608 0.011540671607373673 -0.016741452105530526 0.0077977416424845417 0.023463681165480518 0.0074274855374455882 0.0073858318713918873 0.0065690862412603069 -0.0044995440233901521 0.016085247804425124 -0.015846649339307708 -0.0027983877888853623 0.0053306420223670553 -0.0062349787749948178 0.0064890609076523401 -0.016908803806727553 -0.0015955079605424966 -0.003188634350059697 -0.0051161733116042987 0.0046769632812049336 -0.0076252185553846693 0.00018276151727454271 -0.0086990041055617154 -0.00026704564079607776 -0.0043510463511136329 -0.013122032908192508 0 0.014206579492465775
leaf_weight=54 42 37 38 64 33 32 87 44 34 56 53 37 95 737 101 35 43 32 49 34 33 69 47 171 247 52 64 34 74
leaf_count=54 42 37 38 64 33 32 87 44 34 56 53 37 95 737 101 35 43 32 49 34 33 69 47 171 247 52 64 34 74
internal_value=-3.79508e-05 0.00320306 0.00397743 -0.0056784 -0.00480778 0.00465458 0.00998783 0.00778811 0.00331003 -0.00142384 0.00409863 -0.00580579 0.00333942 0.00436185 -0.00271646 -0.00375112 -0.010642 -0.00427744 0.00167677 0.000607076 -0.000765584 -0.00503632 -0.00403681 -0.00670965 -0.00204198 -0.0082382 -0.00972733 0.00400731 0.0110164
internal_weight=2528 1604 1524 924 882 1470 286 254 1184 164 1020 126 967 832 135 818 80 783 93 101 89 682 534 218 316 148 116 67 161
internal_count=2528 1604 1524 924 882 1470 286 254 1184 164 1020 126 967 832 135 818 80 783 93 101 89 682 534 218 316 148 116 67 161
is_linear=0
shrinkage=0.0650755


Tree=27
num_leaves=30
num_cat=0
split_feature=0 18 0 5 1 19 5 18 10 2 10 10 9 10 5 2 2 2 2 10 2 10 10 12 5 9 2 11 9
split_gain=16.6602 11.4015 4.6139 2.46182 2.47116 2.55434 6.1167 1.69678 1.06291 0.880653 0.844379 1.13869 0.837499 1.15076 0.829452 0.749395 1.06363 1.39099 1.23846 0.640366 0.667824 0.583625 0.544648 0.528595 0.500454 0.459143 0.368611 0.426513 0.301625
threshold=1.0000000180025095e-35 1.0000000180025095e-35 1.01557764731833 -1.1000833472669447 1.0000000180025095e-35 1.0000000180025095e-35 -0.14620478637704717 1.0000000180025095e-35 0.10022334949171822 1.5163082970999626 0.015901199829317352 1.2766684468578708 0.31636816310790566 -0.70661989474512643 1.1768908611797355 -1.0376574061571942 -0.37926617811272517 0.19188422227266425 0.0082327034545126004 -1.2946198234470059 -1.1595629947104646 -1.0276516513723453 0.93409910182471712 1.0000000180025095e-35 -0.35186782604709715 -0.70489326786399109 -0.62557041449453632 0.21492155102016219 -0.24483395035923891
decision_type=2 2 2 2 2 2 2 2 2 2 2 2 2 2 2 2 2 2 2 2 2 2 2 2 2 2 2 2 2
left_child=3 2 15 -1 5 9 -7 25 -4 19 12 -12 24 -14 22 -2 -17 18 23 -5 -21 -22 26 -18 -3 -6 -9 -28 -26
right_child=1 10 8 4 7 6 -8 14 -10 -11 11 -13 13 -15 -16 16 17 -19 -20 20 21 -23 -24 -25 28 -27 27 -29 -30
leaf_value=0.0086324952185320419 0.0012041932297433275 0.0030131678599042509 0.032125464130043045 -0.018096151085996451 0.006050945690648595 -0.012581344734268779 0.0206788061584403 -0.009920722271377469 0.011983497384813521 0 0.0024750230274588965 -0.008670882291182045 -0.0025149382641342136 -0.017808522523775041 -0.014836529194760075 0.015010046451970765 0.0017691334471543879 0.0097853267748244654 -0.0066619154761292385 -0.015341588059462178 0 -0.0088268276822386811 0.0025741371789417431 0.012339174448638406 -0.0069994737201606039 -0.00011638687524293492 -0.00017826419571469421 -0.0074981411700444922 0
leaf_weight=47 64 51 45 50 60 48 37 59 32 38 198 43 52 39 36 117 64 350 43 81 34 419 35 32 64 207 91 57 35
leaf_count=47 64 51 45 50 60 48 37 59 32 38 198 43 52 39 36 117 64 350 43 81 34 419 35 32 64 207 91 57 35
internal_value=-4.21243e-05 0.00536836 0.0103849 -0.00518111 -0.00575066 -0.00829326 0.00195177 -0.00236309 0.0252594 -0.00973735 -0.00238088 0.000253742 -0.00507029 -0.00989613 -0.00589367 0.00847019 0.00918114 0.007603 0.00179059 -0.0103571 -0.00943063 -0.00816874 -0.00419834 0.00596164 -0.00176439 0.00126051 -0.00549377 -0.00330833 -0.00449151
internal_weight=2528 1229 747 1299 1252 707 85 545 77 622 482 241 241 91 278 670 606 489 139 584 534 453 242 96 150 267 207 148 99
internal_count=2528 1229 747 1299 1252 707 85 545 77 622 482 241 241 91 278 670 606 489 139 584 534 453 242 96 150 267 207 148 99
is_linear=0
shrinkage=0.0650755


Tree=28
num_leaves=30
num_cat=0
split_feature=0 18 0 4 7 0 7 1 18 1 13 2 6 11 15 10 10 4 7 2 2 7 2 4 2 10 2 7 7
split_gain=14.6625 10.0768 4.11452 2.7561 2.2996 3.16345 5.05547 3.55681 1.44526 1.70426 1.1795 1.09844 0.96177 1.67713 0.927295 0.919367 0.782471 0.687586 0.677279 0.656154 0.967444 1.2777 1.16595 1.31695 1.20038 0.626117 0.822288 0.567082 0.476324
threshold=1.0000000180025095e-35 1.0000000180025095e-35 1.01557764731833 2.2829042817691398 -2.4560746225612746 -1.1446077060016007 -0.30325286580612903 -1.4759321159128549 1.0000000180025095e-35 1.0000000180025095e-35 -0.074235325264118537 -1.4757253884397146 -0.75976102448070504 -0.98270155179902219 1.0000000180025095e-35 0.10022334949171822 1.2766684468578708 1.2663345158079193 -0.22294919710177066 -1.0266085614723386 -0.37926617811272517 -0.30325286580612903 0.34696626009948633 -0.38455047849741408 0.0082327034545126004 1.0906334468283196 0.28014012273921512 -0.013647081861686849 -0.52707798496083103
decision_type=2 2 2 2 2 2 2 2 2 2 2 2 2 2 2 2 2 2 2 2 2 2 2 2 2 2 2 2 2
left_child=3 2 19 4 -1 6 -6 -7 9 14 11 -10 13 -3 -9 -4 17 18 28 -2 -21 25 24 -24 -23 26 -22 -20 -14
right_child=1 12 15 -5 5 7 -8 8 10 -11 -12 -13 16 -15 -16 -17 -18 -19 27 20 21 22 23 -25 -26 -27 -28 -29 -30
leaf_value=-0.017559551511448029 0.0012206146698743598 -0.0017881121875598792 0.03023724862969009 -0.01779055109269051 0.022835909742819991 -0.022109765011211265 -0.0078909211560792055 -1.436738867831821e-05 -0.013386367298715875 0.002356111468530481 -0.013639805043641108 -0.0027811078709357377 0.0010531780988922291 -0.018723252017500112 -0.0066275534057668754 0.011305801878537825 -0.0083653648921618428 -0.0057432544524491629 -0.0059464127866284853 0.014235147241119401 0.020616193308247887 0.003842321462524079 0.014232936257053047 0.00037142654601922669 -0.0091734207265533833 0.0022417311625951637 0.0091164155315620263 0.0019488264936608488 0.011524300967328961
leaf_weight=48 66 87 45 63 43 42 38 148 48 260 82 269 43 33 258 32 42 53 48 115 40 71 60 60 44 44 170 136 40
leaf_count=48 66 87 45 63 43 42 38 148 48 260 82 269 43 33 258 32 42 53 48 115 40 71 60 60 44 44 170 136 40
internal_value=-3.93873e-05 0.00503574 0.00975229 -0.00486103 -0.00411531 -0.00348239 0.00849676 -0.00441441 -0.00359671 -0.00166976 -0.00669299 -0.00464102 -0.00224689 -0.00718863 -0.00430604 0.0238047 -0.000467748 0.000600818 0.00203147 0.00794176 0.00861972 0.00712247 0.0033988 0.0077842 -0.00109818 0.0103437 0.0118367 -7.79414e-05 0.00673933
internal_weight=2528 1229 747 1299 1236 1188 81 1107 1065 666 399 317 482 120 406 77 362 320 267 670 604 489 235 120 115 254 210 184 83
internal_count=2528 1229 747 1299 1236 1188 81 1107 1065 666 399 317 482 120 406 77 362 320 267 670 604 489 235 120 115 254 210 184 83
is_linear=0
shrinkage=0.0650755


Tree=29
num_leaves=30
num_cat=0
split_feature=1 18 6 19 7 2 6 5 15 7 5 6 15 2 11 12 7 6 3 2 7 2 5 2 6 5 2 11 6
split_gain=11.2121 11.0284 2.71956 3.28532 1.99381 1.87453 1.35963 1.79625 1.39286 2.01376 1.8378 1.26638 1.18187 1.27479 1.14349 1.05795 1.19096 0.904169 0.805154 0.798292 1.65915 0.70259 0.81529 0.690339 0.755579 0.764881 0.669385 0.652267 0.525049
threshold=1.0000000180025095e-35 1.0000000180025095e-35 0.45546218975683034 1.0000000180025095e-35 -0.95166227587642915 1.1056249656301982 -0.88439930286404211 1.000812697639335 0.88625919121491659 -0.18706883448918477 -0.45172830697472011 -0.10541006296818604 0.88625919121491659 1.1540364298032351 -0.58349385085929406 -0.67414598255139557 0.48098934558324596 1.1098131512693497 0.50115272321200155 -1.5724857329215671 -0.32290163580825965 -0.76393623627960905 0.47686764340055127 -0.5724329503557356 -0.75976102448070504 0.57523415110270248 -0.034243098836209594 0.21492155102016219 -1.0090375812473789
decision_type=2 2 2 2 2 2 2 2 2 2 2 2 2 2 2 2 2 2 2 2 2 2 2 2 2 2 2 2 2
left_child=2 12 5 4 17 6 7 -1 10 -10 -8 15 13 21 -15 28 -17 -4 -6 -12 -21 22 -2 -23 26 -26 -25 -13 -3
right_child=1 11 3 -5 18 -7 8 -9 9 -11 19 27 -14 14 -16 16 -18 -19 -20 20 -22 23 -24 24 25 -27 -28 -29 -30
leaf_value=-0.020713270515259504 0.0043528497213574215 -0.0067704547611419563 -0.019070725983809728 0.017072788281801504 0.006677630498405346 0.0035280662690359774 0.00271079225974428 -0.0025138375063393642 -0.023647520417417356 -0.0049165330401919451 -0.017117937427163575 0.0043010834906631826 0.013125123081524179 0.0030935540302870447 0.015831423539743691 -0.0039109581895305058 -0.013029663401134671 -0.0035681691201486332 -0.0031322249594912355 -0.01472389450043772 -0.001790467307621362 0.013184401367856964 -0.0071040765789924295 0.0069199540166492851 0.0051721096297355695 0.01490093962108827 -0.0035213241420074437 -0.0020633255180600397 0.0017103768560899038
leaf_weight=87 66 38 34 34 59 45 85 37 47 60 35 99 141 53 101 168 109 40 72 60 140 52 37 35 391 39 70 193 101
leaf_count=87 66 38 34 34 59 45 85 37 47 60 35 99 141 53 101 168 109 40 72 60 140 52 37 35 391 39 70 193 101
internal_value=-3.67285e-05 0.00299569 -0.00619669 -0.000213032 -0.00352538 -0.00853368 -0.00958571 -0.0157739 -0.0075748 -0.0140323 -0.00516247 -0.00316275 0.00744131 0.00639319 0.0118318 -0.00544851 -0.00774929 -0.0117385 0.00118249 -0.00811152 -0.00604764 0.00506975 0 0.00593321 0.00507071 0.00626736 0 4.52387e-05 -0.000583935
internal_weight=2528 1693 835 239 205 596 551 124 427 107 320 708 985 844 154 416 277 74 131 235 200 690 103 587 535 430 105 292 139
internal_count=2528 1693 835 239 205 596 551 124 427 107 320 708 985 844 154 416 277 74 131 235 200 690 103 587 535 430 105 292 139
is_linear=0
shrinkage=0.0650755


Tree=30
num_leaves=30
num_cat=0
split_feature=0 18 0 5 3 1 11 5 17 2 1 5 5 8 2 2 18 8 2 5 8 17 15 2 6 3 6 6 11
split_gain=11.9778 8.02249 3.64643 1.92157 1.76506 2.2226 1.632 1.17735 0.92796 1.17617 0.897693 3.63728 0.852886 0.801875 0.767021 0.697686 0.644735 0.620547 0.617095 0.597965 0.921598 0.595669 0.591297 0.561774 0.521825 0.455179 0.461976 0.44564 0.671729
threshold=1.0000000180025095e-35 1.0000000180025095e-35 1.01557764731833 -1.0840011467426518 1.8559099902480021 1.0000000180025095e-35 1.612148504309211 1.5422297859493208 1.4567572365165855 -0.3436071909005381 -1.4759321159128549 -0.24459592825001847 -0.47455097139352698 -1.1073008537514022 0.13185650191754023 -1.524924180985151 1.0000000180025095e-35 0.75869737685808669 1.2552791361444833 0.044701918371751206 1.6668750589913373 1.0000000180025095e-35 1.0000000180025095e-35 -0.088778204312495987 2.0134406695485429 -0.7403264394344059 -0.8532397332682079 0.36198348096932759 1.0000000180025095e-35
decision_type=2 2 2 2 2 2 2 2 2 2 2 2 2 2 2 2 2 2 2 2 2 2 2 2 2 2 2 2 2
left_child=3 2 13 -1 5 6 10 16 9 12 11 -5 -3 -2 -4 -12 27 24 23 20 -19 -14 -17 -11 25 -15 -27 28 -7
right_child=1 8 14 4 -6 7 -8 -9 -10 18 15 -13 21 17 -16 22 -18 19 -20 -21 -22 -23 -24 -25 -26 26 -28 -29 -30
leaf_value=0.0069036535941167897 0 0.0017466310664416534 0.010639872694730136 -0.023813616122270863 0.0068328082788316757 0 0.0049504878400701046 -0.013035841068639175 -0.011536115566702788 0.0063949158391603603 -0.014998781597906165 -0.00039965274146207334 -0.010622459394773492 0.011913059664762913 0.028070477478236794 -0.0028180549688374755 -0.0036361984938229229 0.001128085273122362 0.0090771458378519979 -0.00176292546024378 0.014482427141515871 -0.0012428265244132544 -0.0080578451078518482 -0.0013510088247625414 0.017564208435924693 0 0.0073809515427015913 -0.0038193189871594925 0.0083502375253734148
leaf_weight=55 63 53 33 65 46 142 34 35 35 46 48 51 88 117 44 164 243 63 37 49 34 53 307 170 32 40 272 55 54
leaf_count=55 63 53 33 65 46 142 34 35 35 46 48 51 88 117 44 164 243 63 37 49 34 53 307 170 32 40 272 55 54
internal_value=-3.9318e-05 0.00454676 0.00875561 -0.00439817 -0.00494256 -0.00544102 -0.00793732 -0.00219415 -0.00194696 -0.00102579 -0.00869849 -0.0141529 -0.0048127 0.0070535 0.0219726 -0.00731268 -0.00125739 0.00777336 0.00181695 0.00360604 0.00651826 -0.00742559 -0.00633286 0.000289239 0.0089886 0.00810327 0.00643625 0.000973201 0.0025017
internal_weight=2528 1229 747 1299 1244 1198 669 529 482 447 635 116 194 670 77 519 494 607 253 146 97 141 471 216 461 429 312 251 196
internal_count=2528 1229 747 1299 1244 1198 669 529 482 447 635 116 194 670 77 519 494 607 253 146 97 141 471 216 461 429 312 251 196
is_linear=0
shrinkage=0.0650755


Tree=31
num_leaves=30
num_cat=0
split_feature=0 18 0 4 7 0 7 1 5 10 0 6 7 10 1 16 8 4 4 10 7 4 6 7 18 4 7 13 18
split_gain=10.5693 7.08981 3.24605 2.26686 1.91946 2.75834 4.36473 2.80845 1.24732 0.899033 0.819843 0.996313 0.946593 0.86938 0.810316 0.751098 0.706641 0.856646 0.667881 0.741749 0.954342 0.630171 0.704803 0.941089 0.622099 0.541542 0.516663 0.412009 0.330689
threshold=1.0000000180025095e-35 1.0000000180025095e-35 1.01557764731833 2.2829042817691398 -2.4560746225612746 -1.1446077060016007 -0.30325286580612903 -1.4759321159128549 1.3275919400502834 0.032867276184080162 1.01557764731833 -0.3858461893306942 0.5758160182022215 1.2557771006352942 1.0000000180025095e-35 1.0000000180025095e-35 -1.1073008537514022 -1.0134960092028058 1.7493726126737148 -0.71977981365931376 -0.50401203756702628 1.2663345158079193 0.39314305056516186 0.17429767468042923 1.0000000180025095e-35 0.42011657487689325 0.35199089904751929 -0.32708429963010244 1.0000000180025095e-35
decision_type=2 2 2 2 2 2 2 2 2 2 2 2 2 2 2 2 2 2 2 2 2 2 2 2 2 2 2 2 2
left_child=3 2 16 4 -1 6 -6 -7 14 -4 11 12 25 21 15 -9 -2 -18 19 27 -21 22 23 -13 -16 -3 -12 -19 -10
right_child=1 10 9 -5 5 7 -8 8 28 -11 26 13 -14 -15 24 -17 17 18 -20 20 -22 -23 -24 -25 -26 -27 -28 -29 -30
leaf_value=-0.01572361917705566 0 0.0008763358974538789 0.027027148055734099 -0.015847618291151042 0.02162616728122789 -0.019469614530326213 -0.0069118654005309883 -0.0026886952683240319 -0.0034087556810344843 0.0092574883569402633 -0.00037277458390513164 0.011658559494181044 -0.012966544285616336 -0.0090201408171117214 0.0019367562745263947 -0.0093175138249478647 -0.00014342059430105927 0.016173662452209064 0.00053205057213177431 0.011456420808613204 0.0043103593246663196 -0.0052079752167498022 -0.0015678090646389906 -0.00086861609177456918 -0.0026656301383038926 -0.0074371525920795571 0.0095372707783147239 0.0053340544392088251 -0.012782699091145388
leaf_weight=48 63 67 44 63 43 42 38 385 38 33 41 60 61 34 245 94 53 85 53 138 243 38 60 35 240 52 34 35 63
leaf_count=48 63 67 44 63 43 42 38 385 38 33 41 60 61 34 245 94 53 85 53 138 243 38 60 35 240 52 34 35 63
internal_value=-3.04415e-05 0.00427696 0.00823395 -0.00412561 -0.00344875 -0.00287031 0.00831118 -0.00374341 -0.00301493 0.020711 -0.00182512 -0.00301511 -0.00656387 -1.5472e-05 -0.0022322 -0.00412103 0.00662528 0.00730104 0.00805298 0.00878662 0.00707421 0.00162595 0.00356407 0.00697436 -0.000293599 -0.00270313 0.00411201 0.0135402 -0.00980772
internal_weight=2528 1229 747 1299 1236 1188 81 1107 1065 77 482 407 180 227 964 479 670 607 554 501 381 193 155 95 485 119 75 120 101
internal_count=2528 1229 747 1299 1236 1188 81 1107 1065 77 482 407 180 227 964 479 670 607 554 501 381 193 155 95 485 119 75 120 101
is_linear=0
shrinkage=0.0650755


Tree=32
num_leaves=30
num_cat=0
split_feature=1 18 6 19 7 4 2 4 3 7 11 3 7 2 6 4 12 4 3 2 3 7 4 3 16 12 4 11 2
split_gain=7.9638 7.69256 2.32154 2.63916 1.62718 1.5195 1.50324 1.39987 1.70793 1.39648 2.26017 1.26878 0.86543 0.841113 0.821447 0.796103 0.994017 0.785653 0.886615 0.722628 0.688817 0.653404 0.635653 0.631995 1.44191 0.835835 0.62145 1.22979 0.587248
threshold=1.0000000180025095e-35 1.0000000180025095e-35 0.45546218975683034 1.0000000180025095e-35 -0.95166227587642915 -1.0433943353064836 1.1056249656301982 -0.85656840695894554 -0.670548617816623 -0.30667004319780444 -0.18428614991956593 -0.089704673933957743 -0.54160098887544927 1.1540364298032351 1.1098131512693497 0.2061959111606517 0.35096141226961375 0.18075671276451433 -0.69261665081442125 -0.92650552495866423 0.50115272321200155 0.68772857777957241 1.6030773286141213 1.2606757981352641 1.0000000180025095e-35 0.86351510968011858 -0.49781881437823955 -0.58349385085929406 0.25206256138823352
decision_type=2 2 2 2 2 2 2 2 2 2 2 2 2 2 2 2 2 2 2 2 2 2 2 2 2 2 2 2 2
left_child=2 13 6 4 14 -3 7 8 -1 12 15 -12 -9 23 -4 19 -17 -7 22 -11 -6 -10 -19 24 25 28 -15 -28 -2
right_child=1 5 3 -5 20 17 -8 9 21 10 11 -13 -14 26 -16 16 -18 18 -20 -21 -22 -23 -24 -25 -26 -27 27 -29 -30
leaf_value=-0.026905069982444147 0.0012253004975195645 -0.014909525860249363 -0.017050938897680407 0.015775598566806021 0.0066032096278312372 0 0.0033725017329435075 -0.0054254419158242069 -0.012611848653763255 -0.0097520269592451733 0.011902504507010995 -0.0037056832115218963 -0.017911257621035501 0.018766749511589843 -0.0024853456453191934 -0.0051387781057516116 -0.01900188528879293 -0.014511740255846705 -0.0016733141712160539 0.00082772766658533109 -0.002437610512661165 -0.0010492600133188313 -0.0020527249864210166 -0.00026384082501812727 0.012069771775096688 0.0091068395460167199 -0.0017791340793524887 0.011481681928385739 0.0060530292664036939
leaf_weight=32 317 36 34 34 59 410 45 60 69 35 47 32 57 34 40 69 39 49 177 74 72 37 36 71 130 127 36 96 174
leaf_count=32 317 36 34 34 59 410 45 60 69 35 47 32 57 34 40 69 39 49 177 74 72 37 36 71 130 127 36 96 174
internal_value=-3.17503e-05 0.00252236 -0.00522478 9.58041e-05 -0.00268867 -0.002617 -0.00738354 -0.00832851 -0.0141122 -0.00619565 -0.00358938 0.0054331 -0.0121813 0.0062364 -0.010128 -0.00703324 -0.0109643 -0.00182006 -0.0045686 -0.0026195 0.0015404 -0.00902228 -0.00990628 0.00526134 0.00581726 0.00437867 0.0106166 0.00774751 0.0030287
internal_weight=2528 1693 835 239 205 708 596 551 138 413 296 79 117 985 74 217 108 672 262 109 131 106 85 819 748 618 166 132 491
internal_count=2528 1693 835 239 205 708 596 551 138 413 296 79 117 985 74 217 108 672 262 109 131 106 85 819 748 618 166 132 491
is_linear=0
shrinkage=0.0650755


Tree=33
num_leaves=30
num_cat=0
split_feature=0 0 4 7 0 7 1 12 2 2 10 7 12 10 13 4 5 2 2 13 2 2 5 10 1 4 4 7 4
split_gain=8.69772 2.87049 1.85291 1.67646 2.30996 3.81038 2.42556 1.51498 1.48509 1.28655 1.23722 1.16851 1.5402 1.35494 1.26314 1.20156 1.06614 0.974095 1.48904 1.70805 1.45776 1.08038 0.819828 0.799604 1.42028 0.816481 0.68738 0.642282 0.611353
threshold=1.0000000180025095e-35 1.01557764731833 2.2829042817691398 -2.4560746225612746 -1.1446077060016007 -0.30325286580612903 -1.4759321159128549 0.35096141226961375 1.386494201884249 -0.21538940546978561 0.17744771559928355 -0.25199520493100697 0.86351510968011858 1.2557771006352942 -0.20537616961230318 -0.23923763647717566 -0.17772098608836223 -0.27178718436327248 -0.76393623627960905 -0.31128592190709792 0.23350687464035613 0.0082327034545126004 -0.68785585454374698 1.0000000180025095e-35 1.0000000180025095e-35 -0.10170128139405034 -0.22311022665669714 -0.43054272364601615 -0.13258898762296323
decision_type=2 2 2 2 2 2 2 2 2 2 2 2 2 2 2 2 2 2 2 2 2 2 2 2 2 2 2 2 2
left_child=2 8 3 -1 5 -5 -6 9 11 -3 -11 13 17 14 -2 -16 26 18 19 -13 21 -19 -22 25 -25 -18 -8 -28 -20
right_child=1 7 -4 4 6 -7 16 -9 -10 10 -12 12 -14 -15 15 -17 23 20 28 -21 22 -23 -24 24 -26 -27 27 -29 -30
leaf_value=-0.014616363755434509 0.0084483702115491222 0.004289464374436342 -0.014366315785983848 0.020079301262352682 -0.018019053049361303 -0.0065615246252320319 0.00090467760127016983 0 0.0097133212873798235 0.0275325490710936 0.0080371526459582197 0.0014104832089331611 0.0076491854926987578 -0.0051790477083706304 0.006137075264647642 -0.0096990258009149646 0.00040819132496418498 -0.003254499030963367 0.0096389397609591889 -0.013559153631892985 -0.0058930490491286829 -0.0156359820138477 0.0047945009726196074 -0.013197761304770522 -0.001385109110885821 -0.0065036287526687893 0.002367868422666872 -0.0052654090362741109 0
leaf_weight=48 242 38 63 43 42 38 358 37 109 44 33 99 90 45 38 33 153 81 81 41 42 54 79 106 81 122 53 192 43
leaf_count=48 242 38 63 43 42 38 358 37 109 44 33 99 90 45 38 33 153 81 81 41 42 54 79 106 81 122 53 192 43
internal_value=-4.14787e-05 0.00386505 -0.00375726 -0.00314266 -0.00260094 0.00762403 -0.00340137 0.0121465 0.00262426 0.0157048 0.0204485 0.00175617 0 0.0046806 0.0062337 -0.00104306 -0.00272295 -0.00136257 0.00133172 -0.00310675 -0.00420996 -0.00875402 0.000802793 -0.00507007 -0.00837459 -0.00262822 -0.000857649 -0.00350043 0.00646527
internal_weight=2528 1229 1299 1236 1188 81 1107 152 1077 115 77 968 610 358 313 71 1065 520 264 140 256 135 121 462 187 275 603 245 124
internal_count=2528 1229 1299 1236 1188 81 1107 152 1077 115 77 968 610 358 313 71 1065 520 264 140 256 135 121 462 187 275 603 245 124
is_linear=0
shrinkage=0.0650755


Tree=34
num_leaves=30
num_cat=0
split_feature=0 18 0 4 7 0 5 1 5 17 10 10 9 9 10 10 5 4 5 4 9 9 10 10 9 7 9 18 9
split_gain=7.66989 5.5738 2.59687 1.63361 1.48399 2.03792 3.81562 2.1522 0.982742 0.789457 1.30128 0.751265 0.658869 4.28767 0.842895 1.65882 0.885576 0.842042 0.838744 0.812184 0.617417 0.596617 0.46294 0.458679 0.331374 0.647154 0.465294 0.266066 0.228737
threshold=1.0000000180025095e-35 1.0000000180025095e-35 1.01557764731833 2.2829042817691398 -2.4560746225612746 -1.1446077060016007 -0.24459592825001847 -1.4759321159128549 1.3275919400502834 1.4567572365165855 1.2766684468578708 0.10022334949171822 -1.6214746446974193 -1.1432778115504683 0.41199039263780374 0.61877157061923505 -0.64187170124206683 1.6030773286141213 -0.25718369422570342 -0.30810878936209668 1.1129823073903073 0.19761867316279139 0.42198839199912297 0.53058170300698893 -0.80696553348397293 0.89617639867173715 0.51541314845379038 1.0000000180025095e-35 -0.55735794549983686
decision_type=2 2 2 2 2 2 2 2 2 2 2 2 2 2 2 2 2 2 2 2 2 2 2 2 2 2 2 2 2
left_child=3 2 12 4 -1 6 -6 -7 20 10 22 -4 -2 -14 16 -16 19 -18 -17 -15 21 -9 24 -22 -3 26 -26 -10 -24
right_child=1 9 11 -5 5 7 -8 8 27 -11 -12 -13 13 14 15 18 17 -19 -20 -21 23 -23 28 -25 25 -27 -28 -29 -30
leaf_value=-0.013752039176596783 0.012975176579900669 0.0028597125699268027 0.023882454998082843 -0.013497899613748679 -0.0039525598750160497 -0.016967232539507823 0.023138989847905165 -0.0013411990851985591 -0.0028095001416670305 -0.010625590669150149 -0.011725322339846201 0.0076748408966612874 -0.015618244188742986 0.0072769540451587192 -0.00621597164406481 0.0098944971063924803 0.011540541656589357 0.00098651206476390641 0 -0.0045689750150475 0 -0.0052747090239609251 -3.8032605371512576e-06 0.0079647909698523037 -0.0029741163387455452 -0.009509357631284604 0.0034308328166373723 -0.011251304948309157 0.0055295878864505561
leaf_weight=48 50 59 45 63 49 42 32 569 38 35 38 32 35 51 56 97 240 44 60 37 117 244 37 34 127 39 69 63 78
leaf_count=48 50 59 45 63 49 42 32 569 38 35 38 32 35 51 56 97 240 44 60 37 117 244 37 34 127 39 69 63 78
internal_value=-4.0093e-05 0.00362775 0.00713776 -0.00353001 -0.00295134 -0.00244019 0.00715841 -0.00319297 -0.0025524 -0.00177761 -0.000923567 0.0183011 0.00569621 0.00497365 0.00636557 0.00282787 0.00826286 0.0100356 0.006297 0.00204888 -0.00185515 -0.00257639 0.000144682 0.0018275 -0.00116472 -0.00231633 -0.000566832 -0.00858374 0.00361256
internal_weight=2528 1229 747 1299 1236 1188 81 1107 1065 482 447 77 670 620 585 213 372 284 157 88 964 813 409 151 294 235 196 101 115
internal_count=2528 1229 747 1299 1236 1188 81 1107 1065 482 447 77 670 620 585 213 372 284 157 88 964 813 409 151 294 235 196 101 115
is_linear=0
shrinkage=0.0650755


Tree=35
num_leaves=30
num_cat=0
split_feature=0 0 4 9 11 7 0 7 5 7 7 4 16 4 9 9 9 13 9 9 7 15 4 12 9 9 4 5 8
split_gain=6.75391 2.4205 1.44417 1.35324 1.49148 1.32857 1.78855 3.41225 1.39681 1.13372 0.999441 2.00431 1.11868 1.10884 0.968934 3.24029 1.27899 1.19275 2.97691 1.67298 0.931741 0.751674 0.745734 0.683284 0.682831 0.698598 0.662058 0.623231 0.52459
threshold=1.0000000180025095e-35 1.01557764731833 2.2003936314864236 0.53275827965920441 -0.58349385085929406 -2.4560746225612746 -1.1446077060016007 -0.30325286580612903 0.25591084245280743 -0.31265010363323603 -0.076010569259752886 -0.73203799872002195 1.0000000180025095e-35 -0.056987793364426942 -1.2840401262390628 -1.6214746446974193 -0.78160386104205093 -0.25472374637787865 0.31636816310790566 -0.45951236687844182 -0.49205191669616316 0.88625919121491659 1.2149906441747125 1.3760688070906235 1.3305827584955294 -0.073416220774986787 -0.22311022665669714 0.46633394308076059 -0.85675136339611024
decision_type=2 2 2 2 2 2 2 2 2 2 2 2 2 2 2 2 2 2 2 2 2 2 2 2 2 2 2 2 2
left_child=2 9 5 4 -3 -1 7 -7 10 24 11 12 -8 23 15 -11 -16 19 -19 -18 -13 -21 -15 -12 25 26 -2 -10 -29
right_child=1 3 -4 -5 -6 6 8 -9 27 14 13 20 -14 22 16 -17 17 18 -20 21 -22 -23 -24 -25 -26 -27 -28 28 -30
leaf_value=-0.012938825671767349 0.0064610447414506769 -0.0025039866623549124 -0.011859806110472056 0.021346400520085018 0.012090814417435735 0.018545836376990772 -0.0049938682464554162 -0.0068005094480222605 -0.013630990576723548 0.0063713047327436439 0.0052756335517985652 0.0020480274373105038 -0.02026269215470957 -0.0076452862883180043 0.0084894085913748835 -0.018834524983156225 -0.0075008944734700636 0.0021525040046409985 -0.018993931239580819 0.0021152490868011401 -0.0045487828513497853 0.010060197219712146 0.0020851596057933409 -0.0018639834052085434 -0.0027373743134837774 0.0092915711790270937 -0.0010750200697998036 -0.010833419879081175 -0.0028978021100975197
leaf_weight=48 100 42 76 38 72 43 60 37 51 39 190 172 37 82 91 37 62 72 39 303 176 61 46 71 35 156 82 50 160
leaf_count=48 100 42 76 38 72 43 60 37 51 39 190 172 37 82 91 37 62 72 39 303 176 61 46 71 35 156 82 50 160
internal_value=-4.13419e-05 0.00339991 -0.00331682 0.0110043 0.00662042 -0.00272112 -0.00223138 0.00680887 -0.00294151 0.00225935 -0.00158296 -0.00368255 -0.011747 0.00077121 0.000670126 -0.00598289 0.00155415 0.000267755 -0.00554343 0.00188495 -0.00123415 0.00362847 -0.00401182 0.003241 0.00514597 0.0060621 0.00299203 -0.00708126 -0.00510417
internal_weight=2528 1229 1299 152 114 1223 1175 80 1095 1077 834 445 97 389 704 76 628 537 111 426 348 364 128 261 373 338 182 261 210
internal_count=2528 1229 1299 152 114 1223 1175 80 1095 1077 834 445 97 389 704 76 628 537 111 426 348 364 128 261 373 338 182 261 210
is_linear=0
shrinkage=0.0650755


Tree=36
num_leaves=30
num_cat=0
split_feature=0 0 3 2 1 1 6 2 9 13 4 8 9 4 9 4 3 1 3 15 8 9 8 6 6 8 3 4 13
split_gain=5.96738 2.14584 1.35181 1.28144 1.27902 1.25611 1.21814 1.10776 0.941358 1.56211 1.48094 1.07361 1.04597 1.15142 0.873932 0.769593 0.932817 2.49838 1.66484 1.16551 0.934175 0.671176 0.660105 0.634308 0.589964 0.528037 0.533885 0.524551 0.59614
threshold=1.0000000180025095e-35 1.01557764731833 1.8559099902480021 0.4528618751155698 1.0000000180025095e-35 1.0000000180025095e-35 1.3279301384401896 1.386494201884249 0.31636816310790566 -0.25472374637787865 -0.76563445645031036 0.75869737685808669 -0.073416220774986787 -0.12700598638869756 -1.6214746446974193 2.2829042817691398 -0.77906515393863562 -1.4759321159128549 -1.2699030786212606 0.88625919121491659 -0.4544749076443772 0.54972844088315587 0.45746236861725287 -0.60396317650153386 1.0000000180025095e-35 0.21959181758521781 0.42149950332815328 0.40070406158625554 -0.33112158264398078
decision_type=2 2 2 2 2 2 2 2 2 2 2 2 2 2 2 2 2 2 2 2 2 2 2 2 2 2 2 2 2
left_child=2 5 4 24 6 -2 15 8 11 10 -10 12 14 -14 -7 16 18 22 -1 -19 -20 -12 -18 -13 -3 27 -27 -6 -29
right_child=1 3 -4 -5 25 7 -8 -9 9 -11 21 23 13 -15 -16 -17 17 19 20 -21 -22 -23 -24 -25 -26 26 -28 28 -30
leaf_value=-0.012567274735732555 -0.0065178136530675149 0.0013224390927188199 0.0068693983909997348 0.019196774296295949 -0.00069180952185321151 0.010665923291472432 0.0049811131304585273 0.0089316463580031997 0.011078876106710975 -0.010897095130730623 0.004886074332136784 0.0042064825440098026 0.0030106182723797924 0.017208789668351331 0.0016081536405656279 -0.014817946884976301 -0.020767398113339948 -0.0018780201201984629 -0.0030960860173315035 -0.0099933189014721324 0.0079395396706382539 -0.0034252573284146394 -0.0064670491121326373 -0.0057001463745177689 0.011706107525812129 -0.00015529674215158324 0.0078325872355602816 -0.0023118355075124118 -0.012566071189127349
leaf_weight=34 61 68 49 46 245 50 39 105 46 51 49 35 57 50 343 40 57 276 53 106 65 156 33 74 38 142 40 83 37
leaf_count=34 61 68 49 46 245 50 39 105 46 51 49 35 57 50 343 40 57 276 53 106 65 156 33 74 38 142 40 83 37
internal_value=-4.59758e-05 0.00318809 -0.00312538 0.0103501 -0.00356195 0.0021126 -0.00539914 0.00268355 0.00189293 -0.00100441 0.00107567 0.00336695 0.00465212 0.0103244 0.00293859 -0.00607765 -0.00536835 -0.00679126 -0.000717754 -0.00429093 0.00285278 -0.00125309 -0.0163827 -0.00225647 0.00561745 -0.00112904 0.00162361 -0.00257234 -0.0060368
internal_weight=2528 1229 1299 152 1250 1077 703 1016 911 302 251 609 500 107 393 664 624 472 152 382 118 205 90 109 106 547 182 365 120
internal_count=2528 1229 1299 152 1250 1077 703 1016 911 302 251 609 500 107 393 664 624 472 152 382 118 205 90 109 106 547 182 365 120
is_linear=0
shrinkage=0.0650755


Tree=37
num_leaves=30
num_cat=0
split_feature=1 18 6 10 2 6 10 13 5 7 15 5 7 15 6 13 11 2 3 3 2 11 13 10 8 6 6 8 8
split_gain=4.94335 5.67568 1.87038 3.18611 1.6874 1.03354 1.52607 1.78328 1.52188 1.04181 1.05995 1.03819 1.02033 0.865761 0.847544 0.92969 1.04651 1.04911 0.72815 0.714314 0.640319 0.858153 0.636963 0.614448 0.730561 0.807471 0.593654 0.596371 0.559215
threshold=1.0000000180025095e-35 1.0000000180025095e-35 0.6424196073318359 0.54956181016270034 1.1056249656301982 -0.88439930286404211 0.54956181016270034 -0.32143873852626714 1.000812697639335 0.35199089904751929 0.88625919121491659 0.012475990670750352 -1.2250364672104161 0.88625919121491659 -0.10541006296818604 -0.25472374637787865 -0.98270155179902219 -0.27043883610983449 -0.36083963635034239 0.97096735872971396 1.1540364298032351 -0.58349385085929406 -0.33411967104634827 -1.1059096613797432 -1.1073008537514022 1.2032918600568523 0.6424196073318359 -0.31492904511270164 -0.35851183895213679
decision_type=2 2 2 2 2 2 2 2 2 2 2 2 2 2 2 2 2 2 2 2 2 2 2 2 2 2 2 2 2
left_child=2 13 4 12 5 8 9 18 -1 10 11 -7 -4 20 15 -3 -17 -18 -8 -14 23 -22 -11 -2 -25 28 -16 -28 -26
right_child=1 14 3 -5 -6 6 7 -9 -10 22 -12 -13 19 -15 26 16 17 -19 -20 -21 21 -23 -24 24 25 -27 27 -29 -30
leaf_value=-0.016771357575757088 0.0076364128974156838 -0.0023116704471056685 -0.013558801609968037 0.011127133849331103 0.0047524609527685368 0.00085009967321151485 -0.011747361095189821 -0.02173423398221342 -0.000369792410819519 -0.0012659603373550658 -0.012431806511819223 -0.010979057051530192 0.0040343457343567047 0.0099794762999731931 0.0019318275486508651 0 -0.0048578041747903066 -0.021748612479155549 0 -0.0072760097121887038 0.00079330771496924682 0.01156167518711842 0.008166501963639175 -0.004677600614536123 0.0046142636426068405 0.01021527248373289 0.00057772825173959543 -0.010263487517026059 0
leaf_weight=87 117 308 37 79 52 112 33 42 37 81 62 37 48 141 220 34 41 33 51 37 53 101 40 50 202 57 37 35 264
leaf_count=87 117 308 37 79 52 112 33 42 37 81 62 37 48 141 220 34 41 33 51 37 53 101 40 50 202 57 37 35 264
internal_value=-4.11543e-05 0.00196902 -0.00413449 0.00121217 -0.00586498 -0.0068874 -0.00526405 -0.0112991 -0.0122681 -0.00277058 -0.00551652 -0.00217727 -0.00519043 0.00516124 -0.00244199 -0.00431397 -0.00946016 -0.0135765 -0.00490384 -0.000737539 0.00427477 0.0081494 0.00184742 0.00332353 0.00234333 0.00309842 0.000167643 -0.00468102 0.00207919
internal_weight=2528 1693 835 201 634 582 458 126 124 332 211 149 122 985 708 416 108 74 84 85 844 154 121 690 573 523 292 72 466
internal_count=2528 1693 835 201 634 582 458 126 124 332 211 149 122 985 708 416 108 74 84 85 844 154 121 690 573 523 292 72 466
is_linear=0
shrinkage=0.0650755


Tree=38
num_leaves=29
num_cat=0
split_feature=0 0 12 3 3 4 7 6 1 1 3 3 4 16 4 7 4 9 9 9 6 3 9 3 9 9 6 0
split_gain=4.89637 1.91414 1.30002 1.15033 1.04003 1.09597 1.11951 1.2623 1.00299 0.956534 2.08794 1.12716 0.808563 0.792396 0.759044 0.734728 0.789937 0.952942 1.64247 0.734339 0.675797 0.843921 0.5436 0.312542 0.309448 0.401047 0.142948 0.051697
threshold=1.0000000180025095e-35 1.01557764731833 0.35096141226961375 1.8559099902480021 1.3395629265272961 2.2911857679507306 -2.4560746225612746 0.73589831611933854 1.0000000180025095e-35 -1.4759321159128549 -0.49263998735474335 0.59520866439641085 0.29116545289921342 1.0000000180025095e-35 -1.0949021080317813 -0.48692615060865191 -0.76563445645031036 0.54972844088315587 -0.39765087737398219 0.87157377018169691 -0.8532397332682079 -0.24149852641735717 1.0284094218146742 0.51419679961401699 -0.073416220774986787 -0.66471179592159524 0.48662175935266461 2.0956703239782959
decision_type=2 2 2 2 2 2 2 2 2 2 2 2 2 2 2 2 2 2 2 2 2 2 2 2 2 2 2 2
left_child=3 8 12 4 5 6 -1 9 -2 10 -8 -11 27 23 -10 19 20 18 -18 24 -17 -22 -19 -9 25 -16 -26 -3
right_child=1 2 -4 -5 -6 -7 7 13 14 11 -12 -13 -14 -15 15 16 17 22 -20 -21 21 -23 -24 -25 26 -27 -28 -29
leaf_value=-0.011652222043179639 -0.0058338997859411629 0.011036432855990845 -0.00033365353142695236 0.006372744921258766 -0.011856046984747565 -0.011499264817670199 0.0014202075870450932 0.003228181914195786 -0.0061783059406225402 -0.0029454019164954462 -0.019012918800673961 0.0041018192212383051 0.003499285596085261 0.010485863900755494 0.0078957758417796276 0.013638809487268729 -0.0015183344878275048 -0.0078468909620820794 0.0063577184484783222 -0.0007967647381031752 -0.0040519909834516006 0.0067988048395212749 0 -0.0033230359446748676 0.015228212741519878 0 0.0060361577265152233 0.021296919565346021
leaf_weight=48 61 45 37 49 54 55 35 67 36 757 40 103 37 43 68 33 231 68 204 47 40 81 90 48 34 46 38 33
leaf_count=48 61 45 37 49 54 55 35 67 36 757 40 103 37 43 68 33 231 68 204 47 40 81 90 48 34 46 38 33
internal_value=-4.54468e-05 0.00288311 0.00964605 -0.00283574 -0.0032397 -0.00278384 -0.00229532 -0.00181229 0.00186682 -0.00273702 -0.00965521 -0.00205436 0.0129493 0.00342574 0.00237899 0.00274739 0.00168433 0.00054136 0.00214775 0.00594739 0.00577832 0.00299565 -0.00366068 0.000261847 0.00775937 0.0048903 0.0113851 0.016666
internal_weight=2528 1229 152 1299 1250 1196 1141 1093 1077 935 75 860 115 158 1016 980 747 593 435 233 154 121 158 115 186 114 72 78
internal_count=2528 1229 152 1299 1250 1196 1141 1093 1077 935 75 860 115 158 1016 980 747 593 435 233 154 121 158 115 186 114 72 78
is_linear=0
shrinkage=0.0650755


Tree=39
num_leaves=30
num_cat=0
split_feature=18 0 4 0 5 2 12 13 7 0 6 6 5 6 0 6 13 5 4 6 2 6 7 4 5 9 4 7 11
split_gain=4.38737 4.75748 1.99328 1.7904 1.12544 1.04411 0.982868 1.7442 2.27452 1.52443 1.00508 0.948994 0.764164 0.587722 0.585963 1.24388 0.530441 0.976183 0.976814 0.619027 1.01842 1.24779 0.96279 1.12873 0.924036 0.609203 0.575306 0.466651 0.453012
threshold=1.0000000180025095e-35 1.0000000180025095e-35 -1.1036519953843331 1.01557764731833 -1.1000833472669447 -1.5768579341375364 0.35096141226961375 -0.26019503126378274 -0.076010569259752886 -1.1446077060016007 -0.043090923776517541 -0.79092059407653936 -0.044035690055023689 -0.57280360690569965 1.01557764731833 -1.0401971508432133 -0.32708429963010244 0.2727168944605306 -0.57808166297988517 1.7018449735902001 -0.26178972458037325 -0.69744188528903661 -0.21184337057882663 0.48018501903246191 -0.12038904465786894 1.0000000180025095e-35 0.095777543781269167 0.29048170599737361 1.2129408033694828
decision_type=2 2 2 2 2 2 2 2 2 2 2 2 2 2 2 2 2 2 2 2 2 2 2 2 2 2 2 2 2
left_child=1 4 -2 16 -1 13 9 8 -8 -6 -9 -10 -5 -4 15 -7 19 18 -18 20 21 -3 26 -24 -23 -20 -22 -16 -11
right_child=2 3 5 12 6 14 7 10 11 28 -12 -13 -14 -15 27 -17 17 -19 25 -21 22 24 23 -25 -26 -27 -28 -29 -30
leaf_value=0.0085688623233545428 -0.017471756635844046 0.017677480842446525 -0.016556026985560995 0.02046542358584106 0.011405980207943331 -0.010557836618882427 -0.013211616344461802 -0.002884019566153917 -0.0092630734048447256 -0.0019235591267141887 0.011900993177532057 0.0028063457633060633 0.0051371379850171867 -0.0028809408879553137 -0.0016542356692759775 -0.0017840846956527232 0.010729134261025796 -0.0058732744496068001 0.0037543275946018222 0.014167544389257184 0.0022435663749929245 0.0096739812744291841 0.0019364305619575647 -0.01138696942400437 -0.0025738279107926296 -0.0058639119423553633 0.010908540363416035 0.0080268252064947636 0.0042337428808412736
leaf_weight=41 38 48 32 45 40 74 125 34 34 412 32 88 32 33 34 677 57 48 77 35 96 53 90 32 40 37 57 36 51
leaf_count=41 38 48 32 45 40 74 125 34 34 412 32 88 32 33 34 677 57 48 77 35 96 53 90 32 40 37 57 36 51
internal_value=-3.7898e-05 0.00200819 -0.00360862 0.00579319 -0.00127599 -0.00289466 -0.00184849 -0.00468196 -0.00720465 -8.46068e-06 0.00425445 -0.000584877 0.0150784 -0.0106492 -0.0021919 -0.00274347 0.00458898 0.0017427 0.00412489 0.0058833 0.00497264 0.00944835 0.00246537 -0.00166163 0.00428388 0.000311343 0.00586448 0.00318761 -0.00115534
internal_weight=2528 1604 924 747 857 886 816 313 247 503 66 122 77 65 821 751 670 219 171 451 416 141 275 122 93 114 153 70 463
internal_count=2528 1604 924 747 857 886 816 313 247 503 66 122 77 65 821 751 670 219 171 451 416 141 275 122 93 114 153 70 463
is_linear=0
shrinkage=0.0650755


Tree=40
num_leaves=29
num_cat=0
split_feature=0 0 12 5 2 10 2 5 5 12 7 10 3 3 3 16 6 5 1 4 3 4 2 10 11 10 4 3
split_gain=3.87034 1.50837 1.15235 1.14657 0.941405 1.1798 0.929458 0.905636 1.39578 1.00717 1.18761 1.34283 0.904186 1.04599 1.05517 1.41512 0.935336 2.34266 1.81704 1.79255 1.03414 0.8957 0.854579 0.379573 0.363089 0.279194 0.0951269 0.0859374
threshold=1.0000000180025095e-35 1.01557764731833 0.35096141226961375 -1.1000833472669447 -0.21538940546978561 0.17744771559928355 1.386494201884249 -1.0237405522185019 -0.89831236736266751 0.86351510968011858 -0.25199520493100697 1.2626209112983975 1.8559099902480021 1.3395629265272961 0.68275253120686874 1.0000000180025095e-35 0.70473874652350432 -0.18618344095573267 -1.4759321159128549 -0.21517015715951851 -0.40804215766498347 0.040431495148044158 -0.27178718436327248 0.63459147618977874 -0.18428614991956593 0.93409910182471712 -0.21517015715951851 -0.56125827048601107
decision_type=2 2 2 2 2 2 2 2 2 2 2 2 2 2 2 2 2 2 2 2 2 2 2 2 2 2 2 2
left_child=3 6 4 -1 -3 -6 7 -2 -9 10 11 -10 13 14 16 25 18 20 19 -5 -18 -20 -12 26 -11 -16 -8 -26
right_child=1 2 -4 12 5 -7 23 8 9 24 22 -13 -14 -15 15 -17 17 -19 21 -21 -22 -23 -24 -25 27 -27 -28 -29
leaf_value=0.0068724389113523467 0.011028853308558646 0.0021396329091300553 -0.00074821933158726215 -0.021201793370915541 0.022377028460126475 0.0044443025217400364 0.012674885812913437 -0.011318944765547673 0.0051916451219822671 0.0007908548995629208 0.00077433909620833945 -0.0075138301171816671 0.0054703328926623291 -0.012142726317618084 -0.0050609056218305897 0.013454897366704247 -0.011833069187762878 0.014464125994917055 -0.0013839797015564443 -0.00077024134652449265 0.00068040161951533407 -0.005863446577993401 -0.0045851134952658188 0.0009346022094765871 0.012308210467123153 0.0022387827938003513 0.0046252929541781155 0.0051984976433190021
leaf_weight=47 32 38 37 46 44 33 40 35 254 44 253 35 46 51 43 33 36 37 487 33 77 331 232 37 33 32 32 50
leaf_count=47 32 38 37 46 44 33 40 35 254 44 253 35 46 51 43 33 36 37 487 33 77 331 232 37 33 32 32 50
internal_value=-2.8583e-05 0.00257402 0.00858222 -0.00251049 0.0117017 0.0157114 0.00166853 0.000979291 0.000554423 0.00110101 0.000171191 0.00346993 -0.0029076 -0.00326828 -0.00280604 0.00309612 -0.00344999 0.00114675 -0.00424836 -0.0135001 -0.00341561 -0.00325064 -0.00175832 0.00726943 0.0063649 -0.00168672 0.00993702 0.00883002
internal_weight=2528 1229 152 1299 115 77 1077 968 936 901 774 289 1252 1206 1155 108 1047 150 897 79 113 818 485 109 127 75 72 83
internal_count=2528 1229 152 1299 115 77 1077 968 936 901 774 289 1252 1206 1155 108 1047 150 897 79 113 818 485 109 127 75 72 83
is_linear=0
shrinkage=0.0650755


Tree=41
num_leaves=24
num_cat=0
split_feature=0 0 9 6 5 9 9 4 7 0 5 9 4 3 5 4 5 5 2 10 10 7 9
split_gain=3.4224 1.33743 1.2157 1.05907 1.01446 0.841634 5.1457 0.80685 0.865404 1.22632 3.92279 0.84801 0.657316 0.745489 0.599614 0.618833 0.597437 1.20213 0.576296 0.429947 0.655943 0.330316 0.329494
threshold=1.0000000180025095e-35 1.01557764731833 0.53275827965920441 1.0000000180025095e-35 -1.1000833472669447 -1.6214746446974193 -1.4222159022248613 2.2911857679507306 -2.4560746225612746 -1.1446077060016007 -0.24459592825001847 1.1129823073903073 -1.0949021080317813 -1.3743786196353738 2.588003491115499 -1.0949021080317813 -0.7075433891486308 -1.0131239498073736 -0.66466540747020042 0.53058170300698893 0.027086601199668856 0.36309672557046335 -1.920745081860604
decision_type=2 2 2 2 2 2 2 2 2 2 2 2 2 2 2 2 2 2 2 2 2 2 2
left_child=4 5 3 21 -1 22 -7 8 -6 10 -10 12 -11 -14 15 -8 17 -17 -18 20 -13 -3 -2
right_child=1 2 -4 -5 7 6 14 -9 9 11 -12 19 13 -15 -16 16 18 -19 -20 -21 -22 -23 -24
leaf_value=0.0064668315967548939 0.0020121671036798941 -0.0053893957433120152 0.017709206062438414 0.011237405968253329 -0.010588610860639298 -0.022456196541879841 -0.0056910395687354868 -0.010253107741708567 -0.0066199633843003116 -0.010638841435783055 0.021318317794259758 0.0024180315001700657 -0.010236699208867519 -0.0022476985609070897 -0.0059124499922906509 0.0076229268059881386 0.00018892316711655765 -0.0043031561305726775 0.0044919684719714071 0.0074494667010177318 -0.0076573023173280722 0.0029681275624566174 0.012350033111590296
leaf_weight=47 32 33 38 46 48 33 33 55 43 47 33 101 51 806 33 45 189 119 556 36 32 35 37
leaf_count=47 32 33 38 46 48 33 33 55 43 47 33 101 51 806 33 45 189 119 556 36 32 35 37
internal_value=-1.62359e-05 0.00243057 0.00809054 0.00408569 -0.00235075 0.00157619 0.00105117 -0.00272516 -0.00231874 -0.00190883 0.00575065 -0.0024978 -0.00329565 -0.0028067 0.00197888 0.00231039 0.00265668 -0.000758686 0.00344183 0.00159949 -8.20315e-06 -0.000833435 0.0083383
internal_weight=2528 1229 152 114 1299 1077 1008 1252 1197 1149 76 1073 904 857 975 942 909 164 745 169 133 68 69
internal_count=2528 1229 152 114 1299 1077 1008 1252 1197 1149 76 1073 904 857 975 942 909 164 745 169 133 68 69
is_linear=0
shrinkage=0.0650755


Tree=42
num_leaves=27
num_cat=0
split_feature=1 0 11 3 2 11 5 10 3 4 2 5 3 4 4 5 8 8 2 2 11 8 9 4 12 11
split_gain=3.36967 1.85832 1.40378 1.07844 0.821371 1.13979 0.76622 0.899245 0.75964 0.855078 0.608441 1.16301 1.29614 1.24823 1.11018 0.92098 0.742995 0.612376 0.514591 0.565368 0.61313 0.412391 0.768833 0.270123 0.315073 0.158828
threshold=1.0000000180025095e-35 2.0956703239782959 1.612148504309211 1.828300118794997 -1.1595629947104646 -0.18428614991956593 1.7909860845343473 -1.3457877734402814 -1.5504005355741566 -1.0949021080317813 0.15429639164412573 -0.32913989266169175 0.12028576142170296 1.1793166651869587 -0.9145430981896886 -0.34560719799082434 0.62285889867506772 -0.75010817442679023 1.386494201884249 1.2419866149209595 -0.78309770132915812 0.8775912371236404 -0.67579976664873309 -0.12700598638869756 1.0000000180025095e-35 -0.58349385085929406
decision_type=2 2 2 2 2 2 2 2 2 2 2 2 2 2 2 2 2 2 2 2 2 2 2 2 2 2
left_child=2 6 3 4 5 -1 8 -8 -2 -10 11 12 16 14 -13 21 -6 -17 19 20 -11 22 -12 24 -20 -9
right_child=1 -3 -4 -5 10 -7 7 25 9 18 15 13 -14 -15 -16 17 -18 -19 23 -21 -22 -23 -24 -25 -26 -27
leaf_value=-0.017717557357669653 -0.0056890206972391114 0.015781760591690768 0.007087400110717723 0.006658320889161253 -0.0114677252925227 -0.0033447072269040274 0.0041669430016425422 -0.010772952312188304 -0.0053233533547466195 0.0049134374974330961 0.0024359862864917221 -0.0047949488760372456 0.0027277435516952307 -0.0077430915212688533 0.0065259161488568935 -0.0024709539946629238 0 -0.014793371334653017 0.010285215465520022 -0.0056673717239516608 0.0013064283087106106 0.00299464816109625 -0.0084472721074869261 0 0.0022588246779373902 -0.0027634511494530924
leaf_weight=43 51 34 45 32 106 62 33 40 59 259 36 43 50 47 137 33 34 63 67 35 1003 34 70 32 47 33
leaf_count=43 51 34 45 32 106 62 33 40 59 259 36 43 50 47 137 33 34 63 67 35 1003 34 70 32 47 33
internal_value=-1.52522e-05 0.00164269 -0.00339663 -0.0040646 -0.00458922 -0.00997749 0.00129301 -0.00387817 0.0016729 0.00195684 -0.00361808 -0.00199604 -0.00570761 0.00105705 0.00363194 -0.00628317 -0.00888303 -0.0111258 0.00228848 0.00183376 0.00208228 -0.0025303 -0.00458078 0.00597476 0.00741206 -0.00786845
internal_weight=2528 1693 835 790 758 105 1659 106 1553 1502 653 417 190 227 180 236 140 96 1443 1297 1262 140 106 146 114 73
internal_count=2528 1693 835 790 758 105 1659 106 1553 1502 653 417 190 227 180 236 140 96 1443 1297 1262 140 106 146 114 73
is_linear=0
shrinkage=0.0650755


Tree=43
num_leaves=30
num_cat=0
split_feature=18 1 4 0 13 13 6 12 4 1 13 5 3 4 5 4 2 5 2 2 4 5 3 16 2 6 4 4 3
split_gain=3.87897 3.30459 1.61101 1.42388 1.25108 2.6237 1.8495 1.20377 0.994475 0.826775 0.712632 0.736824 0.702158 0.73417 0.623852 0.600572 0.565813 0.513725 0.509809 0.483263 0.858072 0.686143 0.668903 0.825095 0.604972 0.473036 0.623111 0.509904 0.472701
threshold=1.0000000180025095e-35 1.0000000180025095e-35 -1.1036519953843331 1.01557764731833 -0.26411066343826345 -0.32481233232470336 0.45546218975683034 0.35096141226961375 -0.89532581950435475 1.0000000180025095e-35 0.087112227545054308 -0.60350513862027333 1.1481810632927465 -0.69163207376907543 1.7909860845343473 1.303525432964556 -0.13414512152291122 -0.0073473355500293493 -0.37926617811272517 0.23248349227561843 1.0179361079683582 -0.74579177159997589 1.3395629265272961 1.0000000180025095e-35 -0.053094940658900545 -0.35468661973485993 -0.24553934827866983 -0.12700598638869756 -0.85247408304866068
decision_type=2 2 2 2 2 2 2 2 2 2 2 2 2 2 2 2 2 2 2 2 2 2 2 2 2 2 2 2 2
left_child=1 4 -2 18 5 7 16 8 -1 10 11 -4 13 -10 15 28 -6 -13 -3 20 21 -20 25 -24 -23 26 -21 -27 -11
right_child=2 3 9 -5 6 -7 -8 -9 12 14 -12 17 -14 -15 -16 -17 -18 -19 19 22 -22 24 23 -25 -26 27 -28 -29 -30
leaf_value=0.010443752127428272 -0.015860188617286441 0.0059681293687621371 0.0037652859950983303 0.012917861266967952 0.0027723922465602547 -0.020060601222366588 0.012333583060078236 -0.0058609984428410911 -0.0069611222721378619 -0.0039214965901592748 -0.0142278772015391 -0.010871902171930696 -0.0083329401607452336 0.0033018973662800434 -0.0079400544761524371 -0.0054786404486942717 -0.0060875735726781616 -0.0020434401439985185 0.0052548367788966327 0.0081058116105004029 0.00693981177358586 -0.00011762887894903276 0.0039394454884059777 -0.0061286638161130898 -0.0091636425334551703 0.0047518746796674279 -0.00082997768990033952 0.013421771065980546 0.00090872824561657409
leaf_weight=35 38 259 33 72 51 33 54 186 32 102 38 56 37 133 56 98 58 73 32 43 50 72 78 54 60 126 92 47 430
leaf_count=35 38 259 33 72 51 33 54 186 32 102 38 56 37 133 56 98 58 73 32 43 50 72 78 54 60 126 92 47 430
internal_value=-1.83304e-05 0.00190499 -0.00337649 0.00424615 -0.00178448 -0.0035501 0.00296634 -0.00199211 0.00099739 -0.0027301 -0.00640602 -0.00406343 -0.000724089 0.00102341 -0.00158504 -0.000924823 -0.00178107 -0.00631608 0.00347082 0.0024075 -1.89289e-05 -0.00242593 0.00363113 -6.78208e-05 -0.00458987 0.00527276 0.00201921 0.00754772 0
internal_weight=2528 1604 924 985 619 456 163 423 237 886 200 162 202 165 686 630 109 129 913 654 214 164 440 132 132 308 135 173 532
internal_count=2528 1604 924 985 619 456 163 423 237 886 200 162 202 165 686 630 109 129 913 654 214 164 440 132 132 308 135 173 532
is_linear=0
shrinkage=0.0650755


Tree=44
num_leaves=30
num_cat=0
split_feature=18 1 4 11 7 13 6 10 2 10 10 6 10 4 6 3 6 4 4 7 3 2 6 5 10 11 6 6 5
split_gain=3.43609 2.91903 1.42829 1.29827 1.0775 1.04183 1.03661 0.925438 0.77103 0.733055 1.23569 2.59363 0.721941 1.56763 1.0396 0.823318 1.36763 1.25852 0.983604 0.80014 0.726362 0.822258 0.690615 0.666942 0.644077 0.639143 0.561256 0.500657 0.394627
threshold=1.0000000180025095e-35 1.0000000180025095e-35 -1.1036519953843331 -1.3819092527387502 -2.4560746225612746 -0.26411066343826345 0.45546218975683034 1.0000000180025095e-35 -1.5768579341375364 -0.76893001058828958 0.3929584601231258 0.76705788571517286 0.41199039263780374 -0.65107684712268898 0.51778132894849893 1.4820341044484824 -0.35468661973485993 -0.20478874742617584 0.29116545289921342 -0.61250741975270195 0.68275253120686874 0.96709717874701928 0.42430262016099612 -0.47455097139352698 -1.1059096613797432 -0.58349385085929406 -0.16772920215985451 -0.57280360690569965 1.7909860845343473
decision_type=2 2 2 2 2 2 2 2 2 2 2 2 2 2 2 2 2 2 2 2 2 2 2 2 2 2 2 2 2
left_child=1 3 -2 -1 -5 9 7 -7 27 -6 22 -12 13 25 19 16 18 23 -15 -14 -16 -22 -11 -18 -20 -3 -27 -4 -10
right_child=2 12 8 4 5 6 -8 -9 28 10 11 -13 14 15 20 -17 17 -19 24 -21 21 -23 -24 -25 -26 26 -28 -29 -30
leaf_value=-0.011275496177030827 -0.014944317260787199 0.016439895573537658 -0.014671993712599212 -0.010280815129421325 0.0046350922703520441 0.0063778229060313923 0.01226349066900803 -0.0061677909141528682 -0.0015229054536689886 -0.0029629392197655291 -0.0037294911500307349 0.015814407275380488 -0.0096804963052008822 0.0058905394271350237 0.0112923282749749 -0.0043288819758784472 -0.0043616095914547773 0.01295663908508223 0.0021109155078570035 0.0003486153421580059 -0.0060016820983370082 0.0063288888668530906 -0.011462280630675168 0.0072720021620305197 -0.0056882692669751071 0 0.010229008302368059 -0.0021402299778690427 -0.00733176024769072
leaf_weight=50 38 59 32 41 60 49 47 41 769 141 90 36 37 108 53 47 35 106 78 151 32 53 64 37 87 38 64 33 52
leaf_count=50 38 59 32 41 60 49 47 41 769 141 90 36 37 108 53 47 35 106 78 151 32 53 64 37 87 38 64 33 52
internal_value=-2.13796e-05 0.00178823 -0.00318257 -0.00167764 -0.000703081 8.01433e-05 0.00490877 0.000376461 -0.00257193 -0.00158789 -0.00284058 0.00204091 0.00398903 0.00523652 0.00135228 0.00329958 0.00418669 0.0085675 0.0011414 -0.00168856 0.00558671 0.00133603 -0.00593777 0.00137321 -0.00189922 0.0108071 0.00672024 -0.00925433 -0.0019617
internal_weight=2528 1604 924 619 569 528 137 90 886 391 331 126 985 659 326 498 451 178 273 188 138 85 205 72 165 161 102 65 821
internal_count=2528 1604 924 619 569 528 137 90 886 391 331 126 985 659 326 498 451 178 273 188 138 85 205 72 165 161 102 65 821
is_linear=0
shrinkage=0.0650755


Tree=45
num_leaves=30
num_cat=0
split_feature=18 0 0 7 0 7 1 10 1 13 7 3 7 7 10 8 2 10 2 3 5 9 10 11 3 11 5 9 2
split_gain=3.04148 2.72552 1.09401 0.825196 1.25744 2.10833 1.20462 0.816381 0.740329 0.997405 0.898431 0.711077 0.785897 1.45902 0.723759 0.538802 0.845769 0.505898 0.987604 0.868242 0.730259 0.93989 0.887963 0.873191 0.99678 0.805633 0.575797 0.472411 0.467807
threshold=1.0000000180025095e-35 1.0000000180025095e-35 1.01557764731833 -2.4560746225612746 -1.1446077060016007 -0.30325286580612903 -1.4759321159128549 0.10022334949171822 1.0000000180025095e-35 0.38251053974442206 -0.27933262406440512 -0.81546589321531082 -0.096513633609801433 -0.52707798496083103 -0.061536194273116691 -0.35027893709483898 -0.94098171233618022 -0.68601745342419274 -0.034243098836209594 0.48372275356416444 -0.17139203737871792 -0.80696553348397293 1.0000000180025095e-35 1.4125446538393469 1.2157893214476356 0.41452540149002631 -0.62135494389742185 0.25150224294226831 -0.49732706524517661
decision_type=2 2 2 2 2 2 2 2 2 2 2 2 2 2 2 2 2 2 2 2 2 2 2 2 2 2 2 2 2
left_child=1 3 17 -1 5 -5 -6 -4 9 10 -2 14 13 -13 28 -12 -17 18 -3 -20 23 -22 -23 24 26 -26 -19 -24 -8
right_child=8 2 7 4 6 -7 11 -9 -10 -11 15 12 -14 -15 -16 16 -18 20 19 -21 21 22 27 -25 25 -27 -28 -29 -30
leaf_value=-0.0088597653446290271 -0.012643257321381524 0.011960504661985782 0.017182059998966541 0.016487411465114985 -0.011873668167946544 -0.0042031619964328628 0.0030878304272378958 0.0023699916888449911 -0.0019034131060300097 -0.016133000812068157 0.0032134150487486842 0.002645238716574821 0.0034202705325103787 -0.0061964599474881909 -0.0106557018884199 -0.011203110261730299 0.00065915347798636392 0 -0.0015776777003016509 0.0098114252232016242 -0.010146610018973939 0.0078550259279407553 -0.0068078601098415722 0.010504121521302302 0.0020110221944665886 -0.011095846213673911 0.0077205374840118293 0.0022419516480167412 -0.0049950751420368674
leaf_weight=46 36 78 45 42 37 32 52 32 708 34 56 160 240 144 47 39 51 70 77 37 33 51 46 69 35 32 104 38 57
leaf_count=46 36 78 45 42 37 32 52 32 708 34 56 160 240 144 47 39 51 70 77 37 33 51 46 69 35 32 104 38 57
internal_value=-2.14825e-05 0.00168045 0.0045456 -0.000799446 -0.000262009 0.00751388 -0.00112017 0.0118338 -0.00299617 -0.00634521 -0.00401391 -0.000439014 0.000639881 -0.00149351 -0.00426282 -0.00138445 -0.0045264 0.00359243 0.00646192 0.00215701 0.00233513 -0.000985528 0.00134815 0.00420149 0.00212482 -0.00422631 0.00475793 -0.00253356 -0.000952362
internal_weight=2528 1604 747 857 811 74 737 77 924 216 182 700 544 304 156 146 90 670 192 114 478 168 135 310 241 67 174 84 109
internal_count=2528 1604 747 857 811 74 737 77 924 216 182 700 544 304 156 146 90 670 192 114 478 168 135 310 241 67 174 84 109
is_linear=0
shrinkage=0.0650755


Tree=46
num_leaves=30
num_cat=0
split_feature=1 6 5 2 4 3 2 4 3 7 6 2 13 5 8 13 5 8 8 3 2 2 13 5 8 3 11 4 6
split_gain=2.19861 1.2265 2.4451 1.19201 0.992024 1.49956 1.11437 1.30505 1.03545 0.940382 0.952581 0.896755 1.02059 0.818022 0.592222 0.591282 0.915439 0.75859 1.06551 0.895931 1.11706 0.586074 0.559443 0.796292 0.540771 0.503977 0.616888 0.830536 0.52262
threshold=1.0000000180025095e-35 0.6424196073318359 -0.12806780338535581 1.1056249656301982 -0.85656840695894554 -0.670548617816623 0.15429639164412573 -0.49015429308371805 -0.69261665081442125 -0.27933262406440512 1.3279301384401896 1.1540364298032351 0.066817778544226755 0.45499849719943936 0.8775912371236404 -0.25472374637787865 2.8104254584366415 -0.35851183895213679 1.0000000180025095e-35 0.74024564536875281 -0.70066877746742673 -0.029343482557318147 -0.30807487347089119 -0.15842163937512252 -0.98463450325723845 -1.5504005355741566 -0.78309770132915812 -0.4490207211994785 -0.75976102448070504
decision_type=2 2 2 2 2 2 2 2 2 2 2 2 2 2 2 2 2 2 2 2 2 2 2 2 2 2 2 2 2
left_child=1 3 9 4 5 -1 7 8 -6 10 -3 15 14 -9 22 16 25 19 -19 20 -17 -22 23 -13 -23 -2 27 -27 -28
right_child=11 2 -4 -5 6 -7 -8 13 -10 -11 -12 12 -14 -15 -16 17 -18 18 -20 -21 21 24 -24 -25 -26 26 28 -29 -30
leaf_value=-0.020866616668096159 -0.0051421968583704484 -0.0078702259209375985 0.016824496857369482 0.0047193201286882085 0.013389453301058053 -0.0052599002229424385 -0.0083427945908838338 -0.0061617199352199887 -0.00030273437696944593 0.0059604036967335879 0.0042142400607646209 0.0097172828548268836 0.014374000064893522 0.0021394266299190313 -0.0044345407924072525 -0.004853324548543138 -0.0080336262167789996 -0.013904115057957779 -0.00092282752633293522 -0.0086276833370208146 0.010506913779340666 -0.0035450699218633388 -0.002195872825170731 -0.0012839352153970734 0.0063740972509237987 0.010736685109219104 -0.0049515539163199375 0.002081428111614588 0.0016550906800132845
leaf_weight=35 36 93 32 52 35 113 127 160 48 44 32 88 38 64 32 56 36 39 83 32 56 38 33 33 43 72 48 155 775
leaf_count=35 36 93 32 52 35 113 127 160 48 44 32 88 38 64 32 56 36 39 83 32 56 38 33 33 43 72 48 155 775
internal_value=-2.06506e-05 -0.00275376 0.00155848 -0.0041614 -0.00502964 -0.00965597 -0.00330636 -0.00104606 0.0056052 -0.00157519 -0.00454279 0.00131664 0.00512498 -0.00368583 0.00278912 0.000704127 0.00144103 -0.00159476 -0.00564025 0.000562561 0.00238564 0.00558498 0.00453631 0.00658445 0.00149223 0.00181211 0.00209661 0.00510058 0.00121303
internal_weight=2528 835 201 634 582 148 434 307 83 169 125 1693 224 224 186 1469 1122 347 122 225 193 137 154 121 81 1086 1050 227 823
internal_count=2528 835 201 634 582 148 434 307 83 169 125 1693 224 224 186 1469 1122 347 122 225 193 137 154 121 81 1086 1050 227 823
is_linear=0
shrinkage=0.0650755


Tree=47
num_leaves=30
num_cat=0
split_feature=18 1 9 3 9 9 10 9 7 10 5 5 13 8 14 3 10 5 11 5 2 2 13 3 3 2 9 11 8
split_gain=2.67041 2.12943 1.86007 1.0592 0.95245 1.249 0.906873 0.847937 1.14057 0.932513 0.899923 1.78406 0.647179 1.08987 0.636459 0.612487 0.563454 0.702176 0.803244 0.704415 0.505325 1.41888 0.664125 0.589656 0.577753 0.577047 0.654557 0.510675 0.504151
threshold=1.0000000180025095e-35 1.0000000180025095e-35 -0.96761379697633698 0.68275253120686874 0.48349217632023184 -0.13690785889130958 -0.049970835712992746 0.053817933078398807 -0.51255498104621289 0.3929584601231258 0.039872093207392406 -0.25718369422570342 -0.30279602954177393 -0.93752535750740351 1.0000000180025095e-35 -0.36947294423424931 0.41199039263780374 -0.25245117209183898 -0.18428614991956593 0.13433364843686682 -0.25856579751646097 0.19188422227266425 -0.10028633651796377 1.4820341044484824 0.51419679961401699 0.0082327034545126004 -0.13202043892023482 1.0000000180025095e-35 -1.1752662325990277
decision_type=2 2 2 2 2 2 2 2 2 2 2 2 2 2 2 2 2 2 2 2 2 2 2 2 2 2 2 2 2
left_child=1 2 6 7 5 -5 -1 10 9 -9 11 -4 -2 28 15 -10 20 18 -18 -19 22 25 -3 24 27 26 -22 -23 -14
right_child=12 16 3 4 -6 -7 -8 8 14 -11 -12 -13 13 -15 -16 -17 17 19 -20 -21 21 23 -24 -25 -26 -27 -28 -29 -30
leaf_value=-0.00057250330261705037 -0.0016619634177155167 0.0088780896534933242 0 0.0096084988116859112 0.014542833092683822 -0.0069300458970490506 -0.014211084313216807 -0.01648873207072463 -0.0011953522949721743 -0.0010190246774132304 -0.0047685196836349062 0.016716357612753429 -0.0052193841615403823 -0.0086937664514692078 -0.0066267865187512017 0.0080862468125267022 -0.0050452359504371469 -0.0073068922537282777 0.0053482304784109331 0.0019864197260244963 -0.0047022797542248997 0.0018901051964650948 -4.3672340126688917e-05 -1.6163395463275619e-05 0.011351829014121637 -0.0072142312551233909 0.0066531631332670668 0.010330645060520664 0.0040000162963054302
leaf_weight=37 666 176 95 33 32 34 59 40 83 33 51 34 39 165 49 39 32 62 170 62 35 133 37 58 84 55 40 41 54
leaf_count=37 666 176 95 33 32 34 59 40 83 33 51 34 39 165 49 39 32 62 170 62 35 133 37 58 84 55 40 41 54
internal_value=-2.17263e-05 0.00157239 -0.0013836 0.000128474 0.00606692 0.000966639 -0.00948084 -0.00125255 -0.0037569 -0.0103127 0.00201669 0.00496083 -0.00280965 -0.0055925 -0.000610213 0.00176966 0.0034529 0.0011146 0.00350185 -0.00256615 0.00455555 0.003151 0.00724711 0.00550495 0.00681858 -0.00237808 0.00107746 0.00424347 0
internal_weight=2528 1604 619 523 99 67 96 424 244 73 180 129 924 258 171 122 985 326 202 124 659 446 213 316 258 130 75 174 93
internal_count=2528 1604 619 523 99 67 96 424 244 73 180 129 924 258 171 122 985 326 202 124 659 446 213 316 258 130 75 174 93
is_linear=0
shrinkage=0.0650755


Tree=48
num_leaves=30
num_cat=0
split_feature=18 0 4 0 3 3 3 3 10 2 11 3 3 4 8 17 9 9 3 8 8 0 1 4 3 4 4 3 11
split_gain=2.34102 2.10568 1.1988 0.975082 0.696632 0.962753 0.691229 1.36269 0.685855 0.621813 0.609033 1.3845 1.64253 1.07295 0.831024 0.5283 0.504599 2.83821 0.793801 0.755984 0.907114 0.400952 0.425802 0.768987 0.793427 0.481469 0.55319 0.410948 0.612757
threshold=1.0000000180025095e-35 1.0000000180025095e-35 -1.1036519953843331 1.01557764731833 1.8559099902480021 1.3395629265272961 0.68275253120686874 0.97096735872971396 0.10022334949171822 -1.5768579341375364 0.41452540149002631 -0.43928420458980705 0.36697242506836175 0.40070406158625554 0.093353487690607015 1.0000000180025095e-35 -1.6214746446974193 -1.1432778115504683 -0.75764355364807312 1.7059790552728036 1.082032558742797 2.0956703239782959 1.0000000180025095e-35 0.81010121838454696 -0.44881620846372683 1.303525432964556 1.8692196339919314 0.41429816774598516 0.61412925195989043
decision_type=2 2 2 2 2 2 2 2 2 2 2 2 2 2 2 2 2 2 2 2 2 2 2 2 2 2 2 2 2
left_child=1 4 -2 16 5 6 10 -8 -5 -4 13 -12 -13 14 -1 -15 -3 -18 -19 20 -20 22 23 24 -11 27 -27 -24 -29
right_child=2 3 9 8 -6 -7 7 -9 -10 21 11 12 -14 15 -16 -17 17 18 19 -21 -22 -23 25 -25 -26 26 -28 28 -30
leaf_value=0.004666550769757468 -0.013397305884667981 0.0092897241795912907 -0.0080665406786464364 0.015767507651973767 0.0078565560310312425 -0.0102198578866367 0.013680991962932145 -0.0015185593001174292 0.0021161757085696041 0 -0.012861184756738296 0.0038485647441909359 -0.012270914248607002 -0.0019386189840019078 -0.001656896548042153 -0.010743723705060635 -0.014244444341817991 0.0079621413701185667 0.0023932180411278818 0.011096170407643791 -0.0071372771466854312 0.0047869085438192764 -0.0014210591655339859 0.0020941483747384617 -0.012007256264809918 -0.0088122661714776663 0 0.0052016663701336162 -0.0028971175458247914
leaf_weight=199 38 50 65 45 33 42 36 56 32 39 53 92 32 132 144 38 35 137 373 33 42 34 360 39 66 61 59 111 52
leaf_count=199 38 50 65 45 33 42 36 56 32 39 53 92 32 132 144 38 35 137 373 33 42 34 360 39 66 61 59 111 52
internal_value=-2.15426e-05 0.00147038 -0.00263247 0.00398939 -0.000706386 -0.00112314 -0.000543216 0.00455661 0.0108583 -0.00207273 -0.00128601 -0.00452578 -0.000421282 -8.82692e-05 0.00195391 -0.00429162 0.00309105 0.00248338 0.00363478 0.00218565 0.00129835 -0.00152365 -0.00185528 -0.00504408 -0.00789813 -0.0010704 -0.00470983 -0.000152675 0.00246033
internal_weight=2528 1604 924 747 857 824 782 92 77 886 690 177 124 513 343 170 670 620 585 448 415 821 787 144 105 643 120 523 163
internal_count=2528 1604 924 747 857 824 782 92 77 886 690 177 124 513 343 170 670 620 585 448 415 821 787 144 105 643 120 523 163
is_linear=0
shrinkage=0.0650755


Tree=49
num_leaves=30
num_cat=0
split_feature=1 9 11 2 13 5 4 4 5 4 9 4 5 5 7 7 5 15 13 5 13 4 7 7 4 2 2 2 8
split_gain=1.59988 1.05047 0.92538 0.705711 0.935699 0.562905 0.634836 0.763051 1.33034 2.12435 1.04714 0.697774 1.51805 0.90546 0.92919 0.820719 0.537521 0.791712 0.469017 0.788153 0.668775 0.481316 0.484836 0.637809 0.778552 0.435524 1.05318 0.699891 1.42147
threshold=1.0000000180025095e-35 1.77894466222171 -1.3819092527387502 1.1540364298032351 0.066817778544226755 -1.0840011467426518 -0.55940924562416361 -0.78008957370065968 0.21866618386554917 -0.9625870330822931 0.064481678529993716 -0.039950957546183691 -0.64752046005547004 -0.60793512424481266 -0.28360409580399842 0.69883440430251642 -0.7075433891486308 1.0000000180025095e-35 -0.25472374637787865 2.8104254584366415 -0.19896087630896347 2.2911857679507306 0.35199089904751929 0.30585900425990969 -0.89532581950435475 -0.023849047903510546 0.20367345822668997 -0.70066877746742673 -0.496476567162423
decision_type=2 2 2 2 2 2 2 2 2 2 2 2 2 2 2 2 2 2 2 2 2 2 2 2 2 2 2 2 2
left_child=1 2 -1 18 16 -4 7 8 9 -7 -9 13 -13 -8 -15 -14 -5 -18 19 21 -20 22 23 24 -2 27 -27 -22 -29
right_child=3 -3 5 4 -6 6 11 10 -10 -11 -12 12 15 14 -16 -17 17 -19 20 -21 25 -23 -24 -25 -26 26 -28 28 -30
leaf_value=-0.010873739583773273 -0.0039471339994791091 0.0065101760487008371 0.0048289527284745585 -0.0037066486405330865 0.013322847612718462 -0.0059856593296228637 0.0086117138736105745 -0.0029862203007692905 -0.01114330125809181 0.0086756948400400595 -0.016942358390941346 -0.014090059553464972 -0.0032418290709583276 -0.006001785482394115 0.0037619962578518437 0.0078781337896544745 -0.00075198580458973635 0.0084183041683769319 -0.0098090318039463376 -0.007560853183541578 -0.0024147783666378163 -0.0046217212639893934 0.0040162623328824851 -0.0063662126492275602 0.002311207039032208 -0.012420320747576184 0 0.012243877424411713 -0.0035045850353447052
leaf_weight=55 91 47 38 41 38 88 53 60 50 71 42 41 103 74 80 33 66 79 32 36 79 44 315 42 594 33 115 52 36
leaf_count=55 91 47 38 41 38 88 53 60 50 71 42 41 103 74 80 33 66 79 32 36 79 44 315 42 594 33 115 52 36
internal_value=-2.49434e-05 -0.00235774 -0.00295451 0.00111434 0.00449304 -0.00225929 -0.00271311 -0.00489344 -0.00237906 0.000471607 -0.00947189 -0.000844311 -0.00383459 0.0016239 -0.000812381 -0.000189034 0.00226723 0.00418787 0.000569195 0.00122738 -0.00147573 0.00157371 0.00187925 0.000898844 0.00142186 -0.000416007 -0.00299922 0.00174803 0.00568518
internal_weight=2528 835 788 1693 224 733 695 311 209 159 102 384 177 207 154 136 186 145 1469 1122 347 1086 1042 727 685 315 148 167 88
internal_count=2528 835 788 1693 224 733 695 311 209 159 102 384 177 207 154 136 186 145 1469 1122 347 1086 1042 727 685 315 148 167 88
is_linear=0
shrinkage=0.0650755


Tree=50
num_leaves=30
num_cat=0
split_feature=18 0 4 16 0 5 7 13 4 5 4 4 4 5 12 2 13 13 6 2 6 12 2 7 4 2 2 6 5
split_gain=2.09164 1.73129 1.02831 0.933489 0.859826 0.705015 0.644214 0.964692 0.699151 0.58899 0.66426 0.568561 0.528256 0.513052 0.600703 0.48073 0.424598 0.75162 0.589892 0.808775 0.78544 0.848427 0.754615 0.506894 0.63633 0.457674 0.388561 0.299803 0.263928
threshold=1.0000000180025095e-35 1.0000000180025095e-35 -1.1036519953843331 1.6165153522599058 1.01557764731833 -0.044035690055023689 -2.4560746225612746 2.2386096444783958 2.0228434632187517 1.430289428369991 -0.53985902764077009 -0.82932749882957124 -0.98820330290396907 -1.0840011467426518 2.4011762019116332 -0.4464723511912117 -0.32708429963010244 -0.28352476849337993 1.7018449735902001 0.0082327034545126004 -0.51048446771403111 1.0000000180025095e-35 0.19188422227266425 -0.21184337057882663 -0.23923763647717566 0.10131906673241511 1.386494201884249 0.70473874652350432 -0.17772098608836223
decision_type=2 2 2 2 2 2 2 2 2 2 2 2 2 2 2 2 2 2 2 2 2 2 2 2 2 2 2 2 2
left_child=1 3 -2 6 16 -6 -1 8 13 11 -11 12 -4 -8 -15 -14 18 -18 19 20 -3 -22 -21 24 -19 -25 28 -24 -13
right_child=2 4 9 -5 5 -7 7 -9 -10 10 -12 26 15 14 -16 -17 17 23 -20 22 21 -23 27 25 -26 -27 -28 -29 -30
leaf_value=-0.0084288644587130652 -0.012483591417005276 0.011378709595912008 -0.0023218116069976284 0.0081857702614775863 0.015045569917344646 0.001437740822798549 0.0059793914297757806 0.0095797870587102183 -0.0078291509417756991 -0.013664949838835636 -0.0023122427231360384 -0.003770012233267752 0.010741109807976204 -0.00042320297354623421 -0.0080833462008712623 0 -0.0080625813793736654 0.0031598306624147968 0.011824569459873297 -0.0075834236013314991 -0.0037808215208366279 0.0069394147321816891 0.0036214995374474692 0.00085037035007942512 -0.0067789383538792106 0.010813404301550235 0.0032138135562059188 -0.0019299073141757512 -0.00091737883895750215
leaf_weight=44 38 73 43 43 45 32 42 32 57 33 75 331 38 596 43 32 32 58 35 36 47 69 144 51 42 36 47 47 287
leaf_count=44 38 73 43 43 45 32 42 32 57 33 75 331 38 596 43 32 32 58 35 36 47 69 144 51 42 36 47 47 287
internal_value=-3.25467e-05 0.00137711 -0.00250091 -0.000594306 0.00366131 0.0101134 -0.00113407 -0.000635154 -0.00117099 -0.00197949 -0.00643811 -0.00129283 0.00280261 -0.00052618 -0.00103412 0.00623068 0.00281586 0.000326675 0.00395359 0.00310416 0.00620091 0.00241183 0.000342815 0.00205895 -0.000896271 0.00559614 -0.00204117 0.00211415 -0.00250267
internal_weight=2528 1604 924 857 747 77 814 770 738 886 108 778 113 681 639 70 670 219 451 416 189 116 227 187 100 87 665 191 618
internal_count=2528 1604 924 857 747 77 814 770 738 886 108 778 113 681 639 70 670 219 451 416 189 116 227 187 100 87 665 191 618
is_linear=0
shrinkage=0.0650755


Tree=51
num_leaves=30
num_cat=0
split_feature=18 0 16 0 6 6 2 10 5 13 6 6 10 2 10 5 11 13 13 11 10 2 6 12 6 6 5 8 11
split_gain=1.84961 1.53122 0.827447 0.765367 0.67355 0.740343 0.652728 0.622251 0.563171 0.645093 1.09189 0.890075 2.044 0.71269 0.676477 0.632402 0.555858 0.534918 0.677008 0.497225 0.415531 0.752202 0.706848 0.653474 0.469174 0.424114 1.11724 0.770201 0.706809
threshold=1.0000000180025095e-35 1.0000000180025095e-35 1.6165153522599058 1.01557764731833 -0.75976102448070504 -0.8532397332682079 -0.74788165750901148 0.10022334949171822 -1.1000833472669447 -0.26411066343826345 0.45546218975683034 0.33082391137349337 0.54068392574214175 0.67951620494947995 0.83496921589534823 -0.37765452972918323 1.0000000180025095e-35 -0.088465829375793045 0.42584894298929438 0.61412925195989043 -0.68601745342419274 -0.034243098836209594 -0.26120791094735718 -0.67414598255139557 -0.75976102448070504 0.050387785010985106 -0.17139203737871792 -0.32450821588600121 1.4125446538393469
decision_type=2 2 2 2 2 2 2 2 2 2 2 2 2 2 2 2 2 2 2 2 2 2 2 2 2 2 2 2 2
left_child=1 2 8 20 5 6 -2 -5 -1 11 17 13 19 16 -14 -15 -10 -11 -19 -13 21 -3 23 -22 -23 27 28 -24 -27
right_child=4 3 -4 7 -6 -7 -8 -9 9 10 -12 12 14 15 -16 -17 -18 18 -20 -21 22 24 25 -25 -26 26 -28 -29 -30
leaf_value=0.0061025803212256136 -0.0080133812448724487 0.010011586783979327 0.0077067974838273693 0.014176923058383556 -0.0013293196492277458 -0.013072660234611615 0 0.0013352223119579378 -0.0038642717266481478 0.0049343736761277689 0.0091488830798071054 -0.017063334389581176 0.008492252135770581 0.010572448050528824 -0.0037885504389892693 -0.00044408082850109972 0.0017999519024794947 -0.010345180289080429 0 -0.006088342139375329 -0.0091066909420055922 -0.0020856161779786091 0.012905614944537546 0.00079192769972442163 0.0058152865848437414 0.0010308816090749922 -0.0061508461244737583 1.5484062566106074e-05 0.0089435194866153978
leaf_weight=38 67 78 43 45 713 42 102 32 243 36 54 49 32 34 32 41 94 36 72 53 40 61 40 64 53 166 57 42 69
leaf_count=38 67 78 43 45 713 42 102 32 243 36 54 49 32 34 32 41 94 36 72 53 40 61 40 64 53 166 57 42 69
internal_value=-2.84842e-05 0.00129652 -0.000556002 0.00344495 -0.00235024 -0.00557769 -0.00326048 0.0095383 -0.00106578 -0.00148429 0.00161692 -0.00259404 -0.00656931 -0.000875014 0.00215414 0.00457455 -0.00220825 -0.00124487 -0.00364864 -0.0121265 0.00264453 0.0052238 0.001515 -0.00302083 0.00146458 0.00286456 0.00153651 0.00695832 0.00359133
internal_weight=2528 1604 857 747 924 211 169 77 814 776 198 578 166 412 64 75 337 144 108 102 670 192 478 104 114 374 292 82 235
internal_count=2528 1604 857 747 924 211 169 77 814 776 198 578 166 412 64 75 337 144 108 102 670 192 478 104 114 374 292 82 235
is_linear=0
shrinkage=0.0650755


Tree=52
num_leaves=30
num_cat=0
split_feature=18 1 9 6 10 17 17 5 5 7 4 5 4 7 10 10 4 7 6 10 4 9 3 10 5 1 7 6 9
split_gain=1.64112 1.29424 1.60743 1.42695 3.17283 1.15919 1.08226 1.88548 1.59462 1.20859 0.921251 0.875634 1.10879 0.803058 0.593432 0.524337 1.04865 0.502766 0.981415 0.839583 0.731633 0.532228 0.467295 0.846582 0.666547 0.398446 0.425871 0.908549 0.649793
threshold=1.0000000180025095e-35 1.0000000180025095e-35 -0.96761379697633698 0.67357917692767011 0.54956181016270034 1.0000000180025095e-35 1.0000000180025095e-35 -0.10222724496435799 -0.72443888049799909 0.12987436858865678 -1.1036519953843331 0.46633394308076059 -0.41420291765898437 -0.95166227587642915 1.813961127238173 -1.1059096613797432 1.932918031135513 0.63049085646902003 -0.75976102448070504 0.35415271937508069 1.0179361079683582 -0.13690785889130958 1.4820341044484824 0.50010066107992457 0.0074507563399396513 1.0000000180025095e-35 -0.27933262406440512 -0.47932489811819695 -0.024047144458359395
decision_type=2 2 2 2 2 2 2 2 2 2 2 2 2 2 2 2 2 2 2 2 2 2 2 2 2 2 2 2 2
left_child=1 2 5 6 13 -1 7 8 -4 -8 -2 12 -9 -5 25 16 -3 18 21 -19 22 -17 24 -24 -20 26 -12 28 -28
right_child=10 15 3 4 -6 -7 9 11 -10 -11 14 -13 -14 -15 -16 17 -18 19 20 -21 -22 -23 23 -25 -26 -27 27 -29 -30
leaf_value=-0.01360392481076029 -0.011649802132735813 0.0092522473325062759 -0.0033848738061169285 -0.0079099624583179907 0.018447176323190456 0.00042672421099214841 -0.011721472134820795 -0.017273495682572651 0.010955757987337205 0.00014865009398410959 -0.01063078897038728 0.0010308826470436913 -0.00059013786244609752 0.0040915586316736712 0.0062409128590263253 -0.011241703592033869 -0.0023335763132282111 0.0090312686230237926 0.003218886867181935 -0.0022462389392505118 0.0082825146918488086 0 -0.0086556942172989846 0.0025522009164733921 -0.0034855489266404352 -0.0012447873729484196 -0.0001906601780203088 0.0016777994730349237 -0.013130706731232086
leaf_weight=62 38 116 44 40 49 34 72 33 90 61 39 54 37 43 32 32 39 89 395 33 69 43 47 55 67 661 33 82 39
leaf_count=62 38 116 44 40 49 34 72 33 90 61 39 54 37 43 32 32 39 89 395 33 69 43 47 55 67 661 33 82 39
internal_value=-2.01457e-05 0.00122738 -0.00107082 0.000330761 0.00609549 -0.00860456 -0.00160291 0.000785028 0.00611317 -0.00628156 -0.00220775 -0.00479243 -0.00939504 -0.00152497 -0.0017139 0.00269502 0.00619854 0.00197883 0.00124798 0.00581465 0.00212002 -0.00548287 0.00125841 -0.00253628 0.00216719 -0.0020744 -0.00468998 -0.00275127 -0.00790892
internal_weight=2528 1604 619 523 132 96 391 258 134 133 924 124 70 83 886 985 155 830 708 122 633 75 564 102 462 854 193 154 72
internal_count=2528 1604 619 523 132 96 391 258 134 133 924 124 70 83 886 985 155 830 708 122 633 75 564 102 462 854 193 154 72
is_linear=0
shrinkage=0.0650755


Tree=53
num_leaves=30
num_cat=0
split_feature=18 0 4 9 9 16 4 10 7 3 16 7 7 13 9 9 1 9 10 3 3 1 13 9 7 3 7 13 3
split_gain=1.44207 1.25337 0.817423 0.744059 0.77075 0.716986 0.646321 0.859765 0.721288 0.952837 0.627362 0.604545 0.575783 0.805531 0.785543 0.826364 1.47369 0.860227 0.528552 0.505776 0.487071 0.356651 0.533379 0.341759 0.288459 0.414979 0.728766 0.410272 0.728397
threshold=1.0000000180025095e-35 1.0000000180025095e-35 -1.1036519953843331 1.0284094218146742 0.68434365082524962 1.6165153522599058 1.679795300989211 0.8886293643662263 -0.51255498104621289 1.4820341044484824 1.0000000180025095e-35 0.029067635534248504 -2.4560746225612746 2.2386096444783958 1.4036099311888348 -0.073416220774986787 -1.4759321159128549 -1.0145173346674259 1.813961127238173 -0.48938058852909977 0.51216453452776567 1.0000000180025095e-35 -0.34419423863523996 -0.18824370986378872 -0.25712097101851822 0.69599462098901521 -0.57918994018387226 -0.065311611550043683 0.55603974827788982
decision_type=2 2 2 2 2 2 2 2 2 2 2 2 2 2 2 2 2 2 2 2 2 2 2 2 2 2 2 2 2
left_child=1 5 -2 4 6 12 7 8 9 -3 -10 20 -1 14 15 17 -17 -14 21 -16 -5 22 23 -4 25 26 -23 28 -26
right_child=2 3 18 11 -6 -7 -8 -9 10 -11 -12 -13 13 -15 19 16 -18 -19 -20 -21 -22 24 -24 -25 27 -27 -28 -29 -30
leaf_value=-0.0079011756779009592 -0.010977066173297119 0.013679513731164564 0.0023621277493035991 -0.0012014926444558899 -0.0051051111420593069 0.0071552903780713753 -0.0036065693857742975 -0.0015603707416362539 0.0016017477346898089 0 0.0089353332714742564 0.014336253103712948 -0.0043590419862185514 0.0087959171811172032 -0.00028396856473570856 -0.01496420486288037 -0.0021936840182183795 0.0025171720216292624 0.0058879743860213328 0.0095026425158346115 0.0088270650031903389 -0.0085996522163269591 -0.0090002213358675882 -0.0041995044097460467 -0.0015503067980480387 0.0048269686207398502 0.0021611956899974761 0.0019437565247944887 -0.0092291674309608104
leaf_weight=44 38 70 47 36 50 43 52 103 270 34 61 39 106 32 34 42 271 244 32 41 32 35 67 79 343 69 71 82 61
leaf_count=44 38 70 47 36 50 43 52 103 270 34 61 39 106 32 34 42 271 244 32 41 32 35 67 79 343 69 71 82 61
internal_value=-2.61702e-05 0.00114261 -0.00207735 0.00308711 0.00215837 -0.000531146 0.00285227 0.003549 0.00481938 0.00956995 0.00313646 0.0080864 -0.00100741 -0.000534551 -0.00102719 -0.00177807 -0.00418687 0.000333402 -0.00161028 0.00500438 0.00344726 -0.00195178 -0.00442832 -0.00156435 -0.00116437 0.000988451 -0.0013864 -0.00199249 -0.00286596
internal_weight=2528 1604 924 747 640 857 590 538 435 104 331 107 814 770 738 663 313 350 886 75 68 854 193 126 661 175 106 486 404
internal_count=2528 1604 924 747 640 857 590 538 435 104 331 107 814 770 738 663 313 350 886 75 68 854 193 126 661 175 106 486 404
is_linear=0
shrinkage=0.0650755


Tree=54
num_leaves=30
num_cat=0
split_feature=18 1 9 19 17 4 4 9 4 9 5 5 10 10 4 15 4 12 4 10 4 6 4 6 7 7 7 1 4
split_gain=1.27334 1.0183 1.34367 1.58754 1.02376 0.874617 0.725934 0.610632 0.570216 0.600736 0.562721 0.528216 1.13227 0.514776 0.497237 0.477584 1.40188 0.823669 0.477115 0.446735 0.566491 0.420957 1.72037 0.536775 0.515346 0.620228 0.499521 0.376743 0.650101
threshold=1.0000000180025095e-35 1.0000000180025095e-35 -0.96761379697633698 1.0000000180025095e-35 1.0000000180025095e-35 0.63245097351635948 -1.1036519953843331 0.779884982823846 -0.45943617856392249 0.058520500681918108 -0.45172830697472011 1.430289428369991 -0.16569657595765511 0.2990935725400522 -0.82932749882957124 0.88625919121491659 -0.23923763647717566 0.35096141226961375 -0.98820330290396907 -1.1059096613797432 1.932918031135513 -0.26120791094735718 -0.060891784641628595 0.95401530329017825 1.0994984534763907 0.33148783469747195 0.078616707713533462 1.0000000180025095e-35 0.81010121838454696
decision_type=2 2 2 2 2 2 2 2 2 2 2 2 2 2 2 2 2 2 2 2 2 2 2 2 2 2 2 2 2
left_child=1 2 4 5 -1 7 -2 8 9 -4 -9 14 -13 -10 18 19 17 -17 -8 20 -3 24 23 26 25 -21 -23 28 -16
right_child=6 15 3 -5 -6 -7 11 10 13 -11 -12 12 -14 -15 27 16 -18 -19 -20 21 -22 22 -24 -25 -26 -27 -28 -29 -30
leaf_value=-0.012556288831543671 -0.010343177732416059 0.0071959123547105939 0 0.0096501007530609331 0.00058293960881014009 -0.0067766953416065496 -0.001881531958568409 0.0093636169815259299 0.0055451304251331402 -0.0076520802613119672 0 -0.00050577514501295192 -0.014574690206691733 -0.0036066141768302095 -0.0075033041174336632 0.017934048228843556 -0.0033690225112772976 0.0046136438999492702 0.0062177367574284973 -0.00054949015967464061 -0.0013059725757475879 -0.0040688768499761415 0.0097599724999253307 0.003292862860898606 0.0049169177799338274 -0.0094749598457742387 0.0022097236378181796 -0.00072240324271710221 0.0018706165510912955
leaf_weight=62 38 113 101 63 34 85 43 48 72 75 47 73 35 32 94 34 42 65 70 166 38 149 94 130 42 39 73 533 38
leaf_count=62 38 113 101 63 34 85 43 48 72 75 47 73 35 32 94 34 42 65 70 166 38 149 94 130 42 39 73 533 38
internal_value=-2.30408e-05 0.00107464 -0.000960751 0.000316729 -0.00785006 -0.000994723 -0.00195108 0.000319575 -0.00114954 -0.00343209 0.00474587 -0.00150909 -0.00571441 0.0024649 -0.000861841 0.00237738 0.00590196 0.0100492 0.0029731 0.00172898 0.00492205 0.00096827 0.00217267 0 -0.00110737 -0.00254517 -0.00189121 -0.00156746 -0.00465158
internal_weight=2528 1604 619 523 96 460 924 375 280 176 95 886 108 104 778 985 141 99 113 844 151 693 446 352 247 205 222 665 132
internal_count=2528 1604 619 523 96 460 924 375 280 176 95 886 108 104 778 985 141 99 113 844 151 693 446 352 247 205 222 665 132
is_linear=0
shrinkage=0.0650755


Tree=55
num_leaves=27
num_cat=0
split_feature=3 8 6 10 10 13 13 5 10 8 3 15 8 6 15 11 11 7 7 9 7 5 8 9 5 3
split_gain=1.04925 0.96653 0.922212 0.921365 0.870728 1.87551 0.828101 1.05521 0.735382 0.547818 0.806181 0.997658 0.678211 1.01638 1.22449 0.720995 0.668537 1.03 0.679756 0.563339 0.454467 0.446681 0.495917 0.400997 0.256913 0.0106009
threshold=2.4614863987988769 2.3316729226004491 -0.75976102448070504 -1.2150206533213759 -0.6688205967416555 -0.31128592190709792 0.42584894298929438 2.588003491115499 -0.15983172055591668 0.013552283520414302 0.95991372596949509 1.0000000180025095e-35 -0.71436842502177778 0.54894089854433314 1.0000000180025095e-35 0.21492155102016219 -0.38389000038943 0.052133582928053306 0.55873013124384696 1.5943184536112136 -0.77226046281349958 1.0904228718946121 0.10422162686919206 0.053817933078398807 1.502949239920931 0.34493076405087691
decision_type=2 2 2 2 2 2 2 2 2 2 2 2 2 2 2 2 2 2 2 2 2 2 2 2 2 2
left_child=1 2 4 25 6 8 7 21 -6 12 19 -12 16 14 -14 -15 17 -5 -18 20 -11 22 -1 -13 -23 -4
right_child=-2 -3 3 9 5 -7 -8 -9 -10 10 11 23 13 15 -16 -17 18 -19 -20 -21 -22 24 -24 -25 -26 -27
leaf_value=-0.0041934042785575143 0.0097234839117778249 0.008739319634596376 0.003899676916740064 0.0090128944674310128 -0.0064128358274167163 -0.017524481987888404 0.0071933431199650505 -0.011399314966244497 0.0039560591357192957 -0.0053006395263742239 -0.011846885439434868 -0.006086653450464022 0.004885717224913327 0.01306528295024712 -0.002236193387612339 0.0033168542499817681 -0.0031329192743147359 -0.0036389576032571352 0.0042130720960239362 0.0054205247498981266 -8.8698677898209989e-05 0.0065695195768882613 0.0015972670997377323 0.0025716920118471782 0 0.0097563259765795409
leaf_weight=169 41 45 34 60 59 44 40 41 46 82 59 32 167 50 244 116 346 40 56 60 445 41 87 51 41 32
leaf_count=169 41 45 34 60 59 44 40 41 46 82 59 32 167 50 244 116 346 40 56 60 445 41 87 51 41 32
internal_value=-2.31854e-05 -0.000212387 -0.000404442 0.000281326 -0.00269387 -0.00691589 -0.001072 -0.00208876 -0.00166885 0 -0.00137685 -0.0056985 0.000925725 0.00244927 0.000620726 0.00668515 -0.00078285 0.00377955 -0.00201045 -0.000251328 -0.000987293 -0.000742124 -0.00213668 -0.000633306 0.00320108 0.00756256
internal_weight=2528 2487 2442 1874 568 149 419 379 105 1808 729 142 1079 577 411 166 502 100 402 587 527 338 256 83 82 66
internal_count=2528 2487 2442 1874 568 149 419 379 105 1808 729 142 1079 577 411 166 502 100 402 587 527 338 256 83 82 66
is_linear=0
shrinkage=0.0650755


Tree=56
num_leaves=30
num_cat=0
split_feature=18 1 9 4 17 9 8 4 4 5 4 5 4 4 8 9 9 9 8 8 9 4 7 1 4 7 7 5 9
split_gain=1.1115 0.900958 1.15288 1.03522 0.896244 0.783872 0.832705 1.274 0.771699 1.1314 0.654791 0.449131 0.56887 0.437283 0.433368 0.419678 0.786509 0.49588 0.812045 1.55559 0.537778 0.419222 0.389602 0.328347 0.570062 0.392392 0.313996 0.272675 0.241017
threshold=1.0000000180025095e-35 1.0000000180025095e-35 -0.96761379697633698 1.3240321065846747 1.0000000180025095e-35 1.665484894767759 0.026845651141097153 -0.18127506143673786 -0.13967361954057736 0.039872093207392406 -1.1036519953843331 1.430289428369991 0.015748997670216903 -0.82932749882957124 0.8775912371236404 -1.6492544703013423 -1.2840401262390628 -0.78160386104205093 1.7059790552728036 1.2357189132761148 -1.0313178294301146 -0.97754370077736419 -0.32461022450409677 1.0000000180025095e-35 0.81010121838454696 -0.076010569259752886 -0.80814082542608678 0.42814310094508806 0.23047649001785228
decision_type=2 2 2 2 2 2 2 2 2 2 2 2 2 2 2 2 2 2 2 2 2 2 2 2 2 2 2 2 2
left_child=1 2 4 5 -1 6 8 14 9 -4 -2 13 -13 21 -8 -3 -17 20 19 22 -18 -12 -19 24 25 -15 -25 -5 -28
right_child=10 15 3 27 -6 -7 7 -9 -10 -11 11 12 -14 23 -16 16 17 18 -20 -21 -22 -23 -24 26 -26 -27 28 -29 -30
leaf_value=-0.011692379691437957 -0.0097905841287065296 0.0074061071105422449 0.0078488064291986313 -0.0017521185877596458 0.00056086146484440348 0.010235531378241024 -0.0088194591773365933 0.0071528915867910738 -0.0039776066751492714 -0.0041100605935462352 -0.0010862428283820434 -0.011401384713704046 -0.001236278138762411 -0.011851384149366659 -0.0015162938988481588 -0.0071178392234241029 0 0.0037476458724522827 0.0093009093028718799 -0.0095660394011647474 0.0086166461630134434 0.0063192776385078203 0.00044328468171251565 0.0049411861668600399 0.0017353601752509457 -0.0024915996410435396 3.6189770740348133e-05 -0.01100594506614117 -0.002747358279091346
leaf_weight=62 38 61 143 37 34 35 71 40 42 37 52 37 71 39 86 34 39 261 49 50 90 61 401 33 38 55 284 32 216
leaf_count=62 38 61 143 37 34 35 71 40 42 37 52 37 71 39 86 34 39 261 49 50 90 61 401 33 38 55 284 32 216
internal_value=-1.63316e-05 0.00100858 -0.000904272 0.000275733 -0.00728599 0.00146895 0.000569646 -0.00240715 0.00331623 0.0052125 -0.00181837 -0.00139729 -0.00527842 -0.000797448 -0.00513759 0.00223443 0.00182946 0.00223567 0.00153719 0.000909106 0.00596581 0.0027947 0.00180116 -0.00146082 -0.00434213 -0.00701625 -0.00066832 -0.00682036 -0.00113164
internal_weight=2528 1604 619 523 96 454 419 197 222 180 924 886 108 778 157 985 924 890 761 712 129 113 662 665 132 94 533 69 500
internal_count=2528 1604 619 523 96 454 419 197 222 180 924 886 108 778 157 985 924 890 761 712 129 113 662 665 132 94 533 69 500
is_linear=0
shrinkage=0.0650755


Tree=57
num_leaves=29
num_cat=0
split_feature=0 18 4 0 7 19 7 1 2 3 9 9 3 1 4 15 10 9 9 10 10 3 6 7 7 3 7 7
split_gain=1.38709 0.950394 0.643267 0.642591 0.584738 1.12528 1.79286 0.821802 0.587847 0.727983 0.510996 2.12053 0.64754 0.45132 0.615232 0.660999 0.915436 0.438967 0.592921 0.392962 0.321228 0.294437 0.455002 0.316246 0.315028 0.290843 0.39385 0.271508
threshold=2.0956703239782959 1.0000000180025095e-35 -1.112373504735358 1.0000000180025095e-35 -2.4560746225612746 1.0000000180025095e-35 -0.30325286580612903 -1.4759321159128549 -0.78592486152974683 -0.81546589321531082 -1.6214746446974193 -1.1885690769643171 -0.75764355364807312 1.0000000180025095e-35 0.81010121838454696 1.0000000180025095e-35 0.61877157061923505 -0.27978896165110534 -0.53338898857678874 1.4902962987819064 -0.6688205967416555 1.0074112315307975 0.36198348096932759 -0.61250741975270195 0.89617639867173715 -1.2659616079452751 0.34771942730792599 0.24605839990559988
decision_type=2 2 2 2 2 2 2 2 2 2 2 2 2 2 2 2 2 2 2 2 2 2 2 2 2 2 2 2
left_child=1 3 -3 4 -1 7 -7 -6 20 -10 -5 -12 25 14 15 -4 -17 18 -14 21 -9 23 -23 -15 -25 -13 -27 -19
right_child=-2 2 13 10 5 6 -8 8 9 -11 11 12 17 19 -16 16 -18 27 -20 -21 -22 22 -24 24 -26 26 -28 -29
leaf_value=-0.0072885252548814186 0.0094403822818841295 -0.010308310013342739 -0.012695290575496994 0.0081448491729565337 -0.0097595910829407131 0.016208169331619119 -0.0026083538523474967 -0.0015380847644607884 -0.0057761756787122701 -1.449895139075283e-05 -0.013356248040469454 0.00050509097736248535 0.0014942740435210352 -0.0072822677434520502 0.0018977876470779934 0.001903836195240043 -0.01084956731885032 0.0038284978688764258 -0.0058700108815845607 0.0056086459664910996 0.0050269727544353313 0.0061803904056536929 -0.0029815567047900638 -0.00039411268175431827 -0.0046457481221192027 0.0033967247781838878 0.012398408020568068 -0.00030427731025810159
leaf_weight=46 59 34 46 52 37 39 36 34 116 440 33 38 115 37 41 58 32 233 68 33 109 49 32 437 89 60 47 78
leaf_count=46 59 34 46 52 37 39 36 34 116 440 33 38 115 37 41 58 32 233 68 33 109 49 32 437 89 60 47 78
internal_value=-2.09738e-05 -0.000275114 -0.00198005 0.000669871 -0.000512299 -5.65537e-05 0.00725178 -0.000877328 -0.000308063 -0.0013004 0.00209757 0.00153806 0.00244029 -0.0015634 -0.00447252 -0.00656937 -0.00268878 0.00122675 -0.00118981 -0.00073997 0.00329801 -0.00114301 0.00230599 -0.00169854 -0.00119617 0.0062356 0.00793805 0.00272416
internal_weight=2528 2469 888 1581 857 811 75 736 699 556 724 672 639 854 177 136 90 494 183 677 143 644 81 563 526 145 107 311
internal_count=2528 2469 888 1581 857 811 75 736 699 556 724 672 639 854 177 136 90 494 183 677 143 644 81 563 526 145 107 311
is_linear=0
shrinkage=0.0650755


Tree=58
num_leaves=30
num_cat=0
split_feature=18 1 9 10 11 9 17 5 11 9 17 10 10 5 10 8 8 10 10 7 5 8 8 8 11 7 2 8 2
split_gain=0.879936 0.757073 1.00071 0.842923 0.751443 1.13588 1.16583 1.22874 0.861152 1.05237 0.70492 0.685084 0.469375 0.657296 0.626316 0.565861 0.854454 0.505322 0.445945 0.777027 0.515445 0.427573 1.34635 0.654863 0.500095 1.01141 0.688108 0.714277 0.487244
threshold=1.0000000180025095e-35 1.0000000180025095e-35 -0.96761379697633698 -0.049970835712992746 1.2129408033694828 -0.060920745500435337 1.0000000180025095e-35 0.039872093207392406 1.0000000180025095e-35 0.37826510598679258 1.0000000180025095e-35 -0.15983172055591668 -0.51869713454061739 1.430289428369991 -0.69541559573006884 0.14606899711712587 -0.2855796163794565 -1.4184769911463366 -1.1059096613797432 0.45450622079776465 -0.073949053354336686 -0.067371155066487887 0.057381397683256403 -0.17772439867318807 1.0000000180025095e-35 0.26570716990773052 -0.098713043191178226 0.64274759938306347 -0.053094940658900545
decision_type=2 2 2 2 2 2 2 2 2 2 2 2 2 2 2 2 2 2 2 2 2 2 2 2 2 2 2 2 2
left_child=1 2 3 -1 5 6 7 11 10 -10 -7 -4 14 -14 15 16 17 -2 19 20 -3 23 -23 28 25 -24 -26 -28 -20
right_child=12 18 4 -5 -6 8 -8 -9 9 -11 -12 -13 13 -15 -16 -17 -18 -19 21 -21 -22 22 24 -25 26 -27 27 -29 -30
leaf_value=0.00032758975198198372 0.0047236194636417405 0.012782613491821635 0.0028469212856406744 -0.011362603768978356 0.0070092286585549789 0.0022247011796728451 -0.0050114887520563908 -0.0031607733440595287 -0.014872631852826992 -0.0015343925265828399 -0.0062835492878343217 0.015088680955632219 0.00017564392697057345 -0.006922456584402709 -0.0096644794599610225 0.0019919447679627271 -0.011427176211260687 -0.0037231290706764785 0.0045386374130065021 -0.0011531692786872524 0.002833101658329183 -0.012152181348001194 -0.0053092118171642593 0.010541466060480127 -0.0021386681152808116 0.0049330580930306072 0.014010880235620514 0.0021418684064410773 2.7116006747853547e-05
leaf_weight=37 36 52 42 59 57 131 44 34 44 64 54 53 545 56 57 86 46 98 165 48 55 32 104 37 50 59 33 70 280
leaf_count=37 36 52 42 59 57 131 44 34 44 64 54 53 545 56 57 86 46 98 165 48 55 32 104 37 50 59 33 70 280
internal_value=-2.33244e-05 0.000887461 -0.000863951 -0.0068094 0.000232352 -0.000606894 0.0034497 0.00659873 -0.00310294 -0.0075931 -0.000223898 0.0103255 -0.00162764 -0.000494402 -0.00362184 -0.00208582 -0.00417022 -0.00118886 0.00201215 0.005224 0.00823426 0.00135574 -0.000318873 0.00260723 0.000966333 -0.001418 0.0036303 0.00663256 0.00178612
internal_weight=2528 1604 619 96 523 466 173 129 293 108 185 95 924 601 323 266 180 134 985 155 107 830 348 482 316 163 153 103 445
internal_count=2528 1604 619 96 523 466 173 129 293 108 185 95 924 601 323 266 180 134 985 155 107 830 348 482 316 163 153 103 445
is_linear=0
shrinkage=0.0650755


Tree=59
num_leaves=30
num_cat=0
split_feature=0 18 16 7 13 9 10 0 11 3 6 3 6 9 9 5 6 7 3 16 11 11 9 5 7 10 9 6 9
split_gain=1.22541 0.742791 0.702572 0.65771 0.585381 1.49532 0.744385 0.553588 0.526796 1.0889 0.8704 0.933889 0.519215 0.486673 1.93789 0.748812 0.754106 0.486143 1.02486 0.92213 0.908817 0.86455 0.474775 0.41804 0.395861 0.83581 0.874642 0.788939 0.426307
threshold=2.0956703239782959 1.0000000180025095e-35 1.6165153522599058 -0.55185252105047289 0.77864851762156062 -0.21731760184833224 -1.4771785158344877 1.0000000180025095e-35 0.41452540149002631 -0.43928420458980705 0.2996643417776591 0.3808122000963805 0.67357917692767011 -1.6945337634830031 -1.2840401262390628 -0.7048546850540055 0.42430262016099612 -0.3451132888541466 -0.50081561275691477 1.0000000180025095e-35 -0.58349385085929406 -0.38389000038943 0.69473116081123365 -0.55500941399647818 0.26570716990773052 0.044205290351830955 1.0093196023743205 0.20618563299015633 0.93795638109834212
decision_type=2 2 2 2 2 2 2 2 2 2 2 2 2 2 2 2 2 2 2 2 2 2 2 2 2 2 2 2 2
left_child=1 2 7 -4 6 -6 -3 8 17 -10 -11 -12 24 -9 -15 22 -17 19 20 23 -19 -20 -16 -1 25 26 -8 28 -26
right_child=-2 4 3 -5 5 -7 12 13 9 10 11 -13 -14 14 15 16 -18 18 21 -21 -22 -23 -24 -25 27 -27 -28 -29 -30
leaf_value=0.0040655687361681727 0.0088712159788675426 -0.010230669449483015 0 0.011162819151902705 0.0034056465884103517 -0.012685475761583633 -0.0067807387172369588 0.0083296432760076866 -0.011306647965143692 0.0064071124034948612 0.0019720517686169937 -0.0085388832334751287 -0.0052596436628599549 -0.013338100966082057 -0.0053395737584079573 0.0016747757371651764 0.0080111332437066505 -0.00099187909216836689 0 0.011104095053069515 0.0079516805662174228 -0.008704060318251319 0.0032887504544245405 -0.0024775065594533825 0.0014849030100303742 0.0016349982816961138 0.0034603475916667706 0.0093485846925671912 -0.0049326360623171235
leaf_weight=68 59 32 39 45 34 58 149 39 53 45 60 70 87 32 80 398 102 136 90 39 66 98 32 89 224 173 39 43 49
leaf_count=68 59 32 39 45 34 58 149 39 53 45 60 70 87 32 80 398 102 136 90 39 66 98 32 89 224 173 39 43 49
internal_value=-2.0939e-05 -0.000260395 0.000573589 0.0062079 -0.00176825 -0.00660764 -0.00114134 0.000221902 -0.000902781 -0.00352492 -0.000789385 -0.00360562 -0.000666394 0.00159551 0.00109035 0.00198362 0.003081 9.56524e-05 -0.00118729 0.00273989 0.00192692 -0.0046273 -0.00262677 0.000238963 -6.50301e-06 -0.00150551 -0.00449345 0.00162509 0.000177601
internal_weight=2528 2469 1581 84 888 92 796 1497 814 228 175 130 764 683 644 612 500 586 390 196 202 188 112 157 677 361 188 316 273
internal_count=2528 2469 1581 84 888 92 796 1497 814 228 175 130 764 683 644 612 500 586 390 196 202 188 112 157 677 361 188 316 273
is_linear=0
shrinkage=0.0650755


Tree=60
num_leaves=25
num_cat=0
split_feature=0 12 13 5 6 10 2 5 13 6 16 2 2 5 5 5 2 4 2 2 6 5 5 6
split_gain=1.10947 0.747265 0.762474 0.723937 0.63467 1.02923 1.23601 0.743902 0.53843 1.17621 0.998541 0.740106 1.33131 0.583773 0.691242 0.623337 0.517864 0.461653 0.394738 0.371527 0.327134 0.3249 0.324081 0.258637
threshold=1.01557764731833 0.35096141226961375 -0.33730579608501565 -1.1559697047462236 -1.1648354292265501 -1.1059096613797432 -0.92650552495866423 -0.16626155242784726 0.17701643805901665 0.67357917692767011 1.6165153522599058 -0.35063155863749201 0.35646608711102135 -0.7075433891486308 -0.56488356822093333 -0.74579177159997589 0.15429639164412573 0.29116545289921342 -0.15659815296658627 -0.94098171233618022 -0.3858461893306942 -0.12806780338535581 0.42814310094508806 -0.8532397332682079
decision_type=2 2 2 2 2 2 2 2 2 2 2 2 2 2 2 2 2 2 2 2 2 2 2 2
left_child=3 2 20 -1 22 6 21 17 10 11 13 19 -13 15 -15 -7 -12 -8 -9 -10 -2 -6 -5 -20
right_child=1 -3 -4 4 5 8 7 18 9 -11 16 12 -14 14 -16 -17 -18 -19 23 -21 -22 -23 -24 -25
leaf_value=0.007974960171144397 0.0073583070112711989 -0.0020628624527143013 0.015184537445477085 -0.00021637526611943618 -0.0078890018000588504 -0.0019204619488513044 0.014519554845266439 0.0075083581703050996 -0.0059953876546908202 0.0042923252414043232 0.00096597330839998889 -0.017455118731843491 -0.0022154207973275508 0.0038228541581250756 -0.00069727787576546216 -0.010437339106501582 0.011523016405124435 0.0033119699253162933 -0.004642821879610984 0.0018198357962064665 -0.00026054872129395413 0.00031556251886218268 -0.007967214456418268 0.0026780295859083715
leaf_weight=38 38 37 37 44 33 270 51 32 38 55 49 46 58 158 1166 41 38 36 33 54 40 32 67 37
leaf_count=38 38 37 37 44 33 270 51 32 38 55 49 46 58 158 1166 41 38 36 33 54 40 32 67 37
internal_value=-1.62268e-05 0.00527513 0.00783227 -0.00037521 -0.000537714 -0.000280971 0.00356127 0.00623509 -0.000795706 -0.00359315 -0.000364604 -0.00598009 -0.00966017 -0.000746999 -0.000127174 -0.0032645 0.00621184 0.0105712 0.0019928 -0.00128835 0.0033623 -0.0037497 -0.00524717 -0.000516581
internal_weight=2528 152 115 2376 2338 2227 254 189 1973 251 1722 196 104 1635 1324 311 87 87 102 92 78 65 111 70
internal_count=2528 152 115 2376 2338 2227 254 189 1973 251 1722 196 104 1635 1324 311 87 87 102 92 78 65 111 70
is_linear=0
shrinkage=0.0650755


Tree=61
num_leaves=28
num_cat=0
split_feature=8 3 1 6 5 3 6 5 10 3 3 18 4 4 6 2 10 4 8 10 5 6 10 10 5 4 8
split_gain=0.797308 0.799631 0.770468 1.28977 1.10433 0.818112 0.892017 1.61632 1.31714 0.94697 0.878977 0.657356 0.957901 0.54744 0.535521 0.408649 0.388938 0.424523 0.848152 0.72491 0.492561 0.893772 0.311944 0.30393 0.275533 0.266722 0.158525
threshold=2.3316729226004491 2.4614863987988769 1.0000000180025095e-35 -0.88439930286404211 1.000812697639335 1.1196352115001185 0.6424196073318359 -0.18618344095573267 0.54956181016270034 -0.38277915160135917 0.028865205250142453 1.0000000180025095e-35 -1.0433943353064836 0.40070406158625554 0.33082391137349337 1.5511649276842825 1.2557771006352942 -0.60451789746136397 -0.083259600334711234 1.0000000180025095e-35 -0.92745727058675242 -0.41700575892652841 1.534805119639888 1.2557771006352942 -0.7048546850540055 0.2061959111606517 -0.20711515132130801
decision_type=2 2 2 2 2 2 2 2 2 2 2 2 2 2 2 2 2 2 2 2 2 2 2 2 2 2 2
left_child=1 2 3 4 13 6 8 9 14 -8 -10 16 -13 -1 -5 -7 17 18 24 -20 -19 -22 23 25 -4 -14 -18
right_child=-2 -3 11 5 -6 15 7 -9 10 -11 -12 12 22 -15 -16 -17 26 20 19 -21 21 -23 -24 -25 -26 -27 -28
leaf_value=-0.018617240081046465 0.0081287357746592844 0.0083112961545421336 0.0014670158225450656 0.0017089945945003289 0.00086106526567904988 -0.010627340570374439 -0.0077024547318135274 0.015820157167649351 -0.010816170066997328 0.0043608102212814382 0.00034034487993482056 -0.011297423658077448 0.00069815242219172793 -0.00630339631274132 -0.0061851215898378322 -0.0006854426137411011 0 -0.0051952192437311525 0.0054171196292077135 -0.004503635622883433 -0.0011898212495796729 0.0039201099753381572 0.0053000266454624684 -0.0065975286907246833 0.0097607495065350994 -0.0020412043909920317 -0.005286708716055551
leaf_weight=32 45 41 32 290 37 45 36 34 81 79 39 32 349 57 36 37 60 43 55 60 253 313 32 32 93 249 36
leaf_count=32 45 41 32 290 37 45 36 34 81 79 39 32 349 57 36 37 60 43 55 60 253 313 32 32 93 249 36
internal_value=-1.14706e-05 -0.000184498 -0.000353436 -0.0020042 -0.00794372 -0.000813805 5.46801e-06 0.00432499 -0.00141309 0.000218237 -0.00711736 0.000443658 -0.00105157 -0.0117262 0.000684375 -0.00671599 0.00156777 0.00202813 0.00435385 5.9915e-05 0.00104393 0.00160153 -0.000440761 -0.000809708 0.00796311 -0.000408299 -0.00215827
internal_weight=2528 2483 2442 803 126 677 595 149 446 115 120 1639 694 89 326 82 945 849 240 115 609 566 662 630 125 598 96
internal_count=2528 2483 2442 803 126 677 595 149 446 115 120 1639 694 89 326 82 945 849 240 115 609 566 662 630 125 598 96
is_linear=0
shrinkage=0.0650755


Tree=62
num_leaves=21
num_cat=0
split_feature=8 3 1 6 13 3 11 11 11 15 6 4 16 3 7 6 7 3 4 8
split_gain=0.707202 0.710271 0.681336 1.14352 0.797673 0.728951 0.851863 0.716171 0.666707 0.756581 0.731277 0.444286 0.435944 0.403821 0.383348 0.560153 0.537906 0.503147 0.358998 0.225928
threshold=2.3316729226004491 2.4614863987988769 1.0000000180025095e-35 -0.88439930286404211 -0.32114557897330248 1.1196352115001185 1.612148504309211 -0.18428614991956593 0.41452540149002631 0.88625919121491659 0.70473874652350432 -1.1325320055568409 1.6165153522599058 -0.73204737937949349 -0.45873443712733469 1.3590897080360238 -0.64667919366944948 0.038588316690446607 0.40070406158625554 -0.22426487692684852
decision_type=2 2 2 2 2 2 2 2 2 2 2 2 2 2 2 2 2 2 2 2
left_child=1 2 3 4 13 6 8 -7 10 -10 -5 -4 14 -1 16 18 17 -13 -16 -18
right_child=-2 -3 11 5 -6 7 -8 -9 9 -11 -12 12 -14 -15 15 -17 19 -19 -20 -21
leaf_value=0.00044200655767940661 0.0076509587870178253 0.0078273591198608911 -0.0066052900456430126 -0.00017998643709525708 -0.015023599693783892 0.00059840824713628771 0.0090040210190937362 -0.010895360156331857 -0.0014092076670790712 -0.011696980891665461 0.0078340112556209793 -0.0046288484662092028 0.0064303899792314233 -0.0076512924136312712 0.00087957611566669136 -0.0080824567584176343 0.0022313831288409639 0.0020921207777876848 -0.0015313182400645076 0.0081953474421229845
leaf_weight=46 45 41 32 315 38 32 37 50 156 36 51 61 48 42 777 32 78 160 387 64
leaf_count=46 45 41 32 315 38 32 37 50 156 36 51 61 48 42 777 32 78 160 387 64
internal_value=-1.46055e-05 -0.000178122 -0.00033789 -0.00189049 -0.0074845 -0.000767192 3.81808e-06 -0.00633853 -0.000620681 -0.00370428 0.000956799 0.000410918 0.000585456 -0.00334876 0.000370266 -0.00017484 0.00221284 6.72902e-05 5.36587e-05 0.0052702
internal_weight=2528 2483 2442 803 126 677 595 82 558 192 366 1639 1607 88 1559 1196 363 221 1164 142
internal_count=2528 2483 2442 803 126 677 595 82 558 192 366 1639 1607 88 1559 1196 363 221 1164 142
is_linear=0
shrinkage=0.0650755


Tree=63
num_leaves=20
num_cat=0
split_feature=0 11 4 7 10 5 5 5 10 2 1 6 7 13 16 4 5 6 10
split_gain=0.998663 0.601509 1.09417 0.712765 0.630312 0.586771 0.460431 0.815495 0.62025 0.5598 0.477587 0.494403 1.2922 0.888498 0.338221 0.288914 0.83366 0.351432 0.201277
threshold=2.0956703239782959 1.612148504309211 -1.0949021080317813 0.84491873779661508 0.30459450511722347 -0.69782679310411766 -1.0186951952877981 -0.91167233754235621 -0.089020814202466395 -0.16731763273310926 1.0000000180025095e-35 -0.88439930286404211 -0.21611484231842118 -0.32114557897330248 1.0000000180025095e-35 -0.68017619844788646 -0.17772098608836223 -0.75976102448070504 0.041235496853474711
decision_type=2 2 2 2 2 2 2 2 2 2 2 2 2 2 2 2 2 2 2
left_child=1 2 3 -1 -3 -6 9 8 -8 -4 11 13 -13 -9 -7 16 -12 -17 -11
right_child=-2 4 6 -5 5 14 7 10 -10 18 15 12 -14 -15 -16 17 -18 -19 -20
leaf_value=-0.011877516706873901 0.0080123808516660375 0.010875957066260995 0.010286052178746409 0 -0.0048482270142043201 0.00034956246096247542 0 -0.0012078678608051256 -0.012543010514986165 0.0040678257168720771 0.0059220534815292358 -0.0037679025789671161 0.0026390891512084267 -0.013318850620496278 0.0089141263752112749 -0.0018594234738951311 -0.0009187501430832915 0.00071165514940676512 -0.0021580538056442853
leaf_weight=53 59 34 33 33 40 55 32 87 36 33 136 276 246 36 33 307 149 805 45
leaf_count=53 59 34 33 33 40 55 32 87 36 33 136 276 246 36 33 307 149 805 45
internal_value=-1.41721e-05 -0.000231309 -0.00051263 -0.0075221 0.00352435 0.00105974 -0.000214295 -0.000443212 -0.00721976 0.00375905 -0.000188879 -0.00165544 -0.000704638 -0.00531652 0.00412634 0.000473804 0.00230377 0 0.000258219
internal_weight=2528 2469 2307 86 162 128 2221 2110 68 111 2042 645 522 123 88 1397 285 1112 78
internal_count=2528 2469 2307 86 162 128 2221 2110 68 111 2042 645 522 123 88 1397 285 1112 78
is_linear=0
shrinkage=0.0650755


Tree=64
num_leaves=21
num_cat=0
split_feature=0 4 8 4 8 0 15 1 7 6 7 10 7 7 8 12 10 2 10 8
split_gain=0.882188 0.477083 1.38551 0.424945 1.0793 0.420006 2.02276 0.430614 0.644224 1.08103 0.968118 0.711338 0.439497 0.485517 0.375406 0.307016 0.309138 0.689593 0.395444 0.249499
threshold=2.0956703239782959 -1.0949021080317813 -0.24997826715789098 2.2911857679507306 -0.51002192568107507 -1.1446077060016007 1.0000000180025095e-35 1.0000000180025095e-35 -0.30325286580612903 -0.88439930286404211 0.61340496951064438 -0.78854376149755501 -0.54160098887544927 -0.80814082542608678 0.65899364800738247 1.888622504501128 -1.1059096613797432 -0.95679757802109777 -0.51869713454061739 -0.2855796163794565
decision_type=2 2 2 2 2 2 2 2 2 2 2 2 2 2 2 2 2 2 2 2
left_child=1 2 -1 5 -5 6 -3 8 12 10 -10 -11 13 -7 -4 16 17 -9 -18 -14
right_child=-2 3 14 4 -6 7 -8 15 9 11 -12 -13 19 -15 -16 -17 18 -19 -20 -21
leaf_value=0.0040550621607180117 0.0075303713408569504 -0.0069364282141292487 -0.015067919507472423 0.0037681794578375239 -0.0095390757288153372 -0.0034497607309217941 0.012784168005338898 -0.0054175030486085145 0 0.0098504461514582892 -0.013820813133780694 0.00076196666003036607 -0.0027977882492686759 0.0044215236569017432 -0.0034407763754494844 0.005592083349675315 -0.0020993299105499155 0.0041111734324660899 0.00061762891300294696 -0.010874685868761502
leaf_weight=43 59 32 32 37 58 144 48 32 51 40 33 248 46 36 33 46 290 195 979 46
leaf_count=43 59 32 32 37 58 144 48 32 51 40 33 248 46 36 33 46 290 195 979 46
internal_value=-1.29578e-05 -0.00021763 -0.00435247 -9.45591e-06 -0.00417466 0.000162674 0.00465591 -2.61188e-07 -0.00141865 0.000284814 -0.00593139 0.00225091 -0.00380289 -0.00166621 -0.0101676 0.000578561 0.000390303 0.00257554 0 -0.00743444
internal_weight=2528 2469 108 2361 95 2266 80 2186 644 372 84 288 272 180 65 1542 1496 227 1269 92
internal_count=2528 2469 108 2361 95 2266 80 2186 644 372 84 288 272 180 65 1542 1496 227 1269 92
is_linear=0
shrinkage=0.0650755


Tree=65
num_leaves=22
num_cat=0
split_feature=0 9 6 5 8 18 13 9 6 16 8 6 8 7 7 8 7 7 0 8 7
split_gain=0.800166 0.949892 0.746548 0.617702 0.475702 0.521267 0.610314 1.48012 0.609143 0.577735 0.511402 0.502025 0.560762 0.410356 0.760241 0.570106 0.545673 0.35152 0.333861 0.309201 0.301628
threshold=1.01557764731833 0.53275827965920441 1.0000000180025095e-35 -1.1559697047462236 2.3316729226004491 1.0000000180025095e-35 0.77864851762156062 0.34603841260129015 -1.0401971508432133 1.6165153522599058 -0.23190408938571208 0.67357917692767011 -0.31492904511270164 0.34344795556833269 0.42887739036020484 0.49879020818495784 0.30585900425990969 0.40153997122680546 1.0000000180025095e-35 -1.0177295355411444 -0.55185252105047289
decision_type=2 2 2 2 2 2 2 2 2 2 2 2 2 2 2 2 2 2 2 2 2
left_child=3 2 17 -1 5 9 8 -8 10 13 -7 19 -13 16 -15 -16 18 -2 -5 -10 -11
right_child=1 -3 -4 4 -6 6 7 -9 11 20 -12 12 -14 14 15 -17 -18 -19 -20 -21 -22
leaf_value=0.0073917541895065324 -0.0073040762030856469 0.012810754319355123 0.0072460690372545995 -0.0016093469813181303 0.0059759025045335668 -0.011796397969627594 0.0002268012482013753 -0.015836966784989755 0.0040968447382062874 0.00017196561233714477 -0.00055196625167219467 0.00037369814009648893 -0.0094349046903028123 0.0088471089305912562 0.0021709881628972348 -0.0038829670317152469 -0.0085693532025320415 0.0011335642609753992 0.0007522452182231955 -0.0004186880896192034 0.0091880959765288893
leaf_weight=38 34 38 46 551 42 36 49 38 68 34 39 37 48 49 222 87 33 34 446 520 39
leaf_count=38 34 38 46 551 42 36 49 38 68 34 39 37 48 49 222 87 33 34 446 520 39
internal_value=-1.40511e-05 0.00447799 0.0010832 -0.000320389 -0.000471344 -0.000612404 -0.00190614 -0.00698112 -0.00124178 0.000113817 -0.00664848 -0.000559427 -0.00509669 -0.000174099 0.00168694 0.000353495 -0.000849903 -0.00294697 -0.000529468 9.05107e-05 0.00558029
internal_weight=2528 152 114 2376 2338 2296 835 87 748 1461 75 673 85 1388 358 309 1030 68 997 588 73
internal_count=2528 152 114 2376 2338 2296 835 87 748 1461 75 673 85 1388 358 309 1030 68 997 588 73
is_linear=0
shrinkage=0.0650755


Tree=66
num_leaves=23
num_cat=0
split_feature=0 9 11 11 4 9 5 5 7 5 10 9 9 9 9 4 10 12 13 10 9 3
split_gain=0.711223 0.841397 0.932749 0.603888 0.80022 0.589272 0.572797 0.845491 0.56521 0.413173 0.482541 0.401457 1.42358 0.864972 0.732398 0.657805 0.640935 0.543865 0.377104 0.360292 0.272447 0.216549
threshold=1.01557764731833 0.53275827965920441 -0.58349385085929406 1.612148504309211 -1.0949021080317813 0.74186853447891854 -1.0186951952877981 -0.91167233754235621 0.84491873779661508 -0.69782679310411766 1.1408482110757383 -1.1432778115504683 -1.6214746446974193 -1.4222159022248613 -0.78160386104205093 2.2911857679507306 -0.69946140966487158 0.35096141226961375 -0.33730579608501565 0.0077136520964310009 -0.38773313862885356 0.50115272321200155
decision_type=2 2 2 2 2 2 2 2 2 2 2 2 2 2 2 2 2 2 2 2 2 2
left_child=3 2 -2 4 8 9 20 19 -1 -5 -11 12 16 -14 17 -16 -9 -13 -4 -8 -6 -22
right_child=1 -3 18 5 6 -7 7 11 -10 10 -12 14 13 -15 15 -17 -18 -19 -20 -21 21 -23
leaf_value=-0.010554893299694544 -0.0060170822439309119 0.012070977101483448 0.00045287151814684898 -0.0036085301710198003 0 0.01084689495184319 -0.0012536365192562097 0.0086966335909477287 0 0.008241981707303371 -0.00082852875883387901 0.0056044275686359772 -0.014720448096731068 -0.002404131227391742 -0.00013691589240302521 -0.0064594996153124352 -0.0010056105917365722 -0.0016806842398659964 0.010376951967658154 -0.011795113659051832 0.0097399003901914513 0.0013419593373641585
leaf_weight=52 42 38 40 42 35 32 32 35 33 44 40 152 45 63 1456 69 90 51 32 35 37 33
leaf_count=52 42 38 40 42 35 32 32 35 33 44 40 152 45 63 1456 69 90 51 32 35 37 33
internal_value=-9.81004e-06 0.00422473 0.00101555 -0.000299195 -0.00058846 0.00350541 -0.000322026 -0.000579446 -0.00662033 0.00111906 0.00383133 -0.000311389 -0.00281911 -0.00816695 1.92541e-05 -0.000458758 0.00174099 0.0036576 0.00556289 -0.00753001 0.00422979 0.006456
internal_weight=2528 152 114 2376 2218 158 2133 2028 85 126 84 1961 233 108 1728 1525 125 203 72 67 105 70
internal_count=2528 152 114 2376 2218 158 2133 2028 85 126 84 1961 233 108 1728 1525 125 203 72 67 105 70
is_linear=0
shrinkage=0.0650755


Tree=67
num_leaves=24
num_cat=0
split_feature=0 18 4 16 2 9 9 9 1 4 15 10 0 13 13 1 2 2 13 10 9 9 9
split_gain=0.656197 0.539124 0.419614 0.387402 0.454292 0.399629 0.908261 1.05923 0.362381 0.589536 0.54619 0.75341 0.350961 0.603236 0.780692 0.692872 0.447321 0.905543 0.337663 0.278322 0.28944 0.515789 0.585002
threshold=2.0956703239782959 1.0000000180025095e-35 -1.112373504735358 1.6165153522599058 0.075560154476728661 -1.8655880814435755 -1.4222159022248613 -1.6492544703013423 1.0000000180025095e-35 0.81010121838454696 1.0000000180025095e-35 0.61877157061923505 1.0000000180025095e-35 -0.26411066343826345 -0.088465829375793045 -1.4759321159128549 0.035010129939778256 -0.11540423404509814 0.12390536042666062 1.4902962987819064 1.5114153081493849 1.1358255746546411 0.90925374585187735
decision_type=2 2 2 2 2 2 2 2 2 2 2 2 2 2 2 2 2 2 2 2 2 2 2
left_child=1 3 -3 5 -5 -1 7 -7 9 10 -4 -12 13 15 -15 -8 17 -14 -18 20 21 22 -10
right_child=-2 2 8 4 -6 6 12 -9 19 -11 11 -13 16 14 -16 -17 18 -19 -20 -21 -22 -23 -24
leaf_value=0.0061128129791510099 0.0064943941714448918 -0.0082083847439809957 -0.011369999378051074 -0.00058241759591183605 0.0083420549181039676 0 -0.0074526259979772816 -0.013845605167072001 -0.00021951968295497301 0.0024895299248770689 0.0018689830801535705 -0.0096874133937071769 0.0017731914776791008 0.0099802494196344956 0.00013196110781939484 -0.00059520673398023448 -0.00076005750066757138 0.012189188104047984 0.00465629739579425 0.0049522891982763878 -0.005162700739377666 0.0063098673050356151 -0.0085741244806374437
leaf_weight=43 59 34 46 33 51 50 69 37 516 41 58 32 226 42 146 490 301 40 53 33 53 41 34
leaf_count=43 59 34 46 33 51 50 69 37 516 41 58 32 226 42 146 490 301 40 53 33 53 41 34
internal_value=-9.94277e-06 -0.000187816 -0.00147396 0.000521123 0.00471386 0.000254864 4.48848e-05 -0.00620189 -0.0011322 -0.00372963 -0.00580274 -0.00226056 0.000481042 -0.000442311 0.00265609 -0.00154241 0.00162829 0.0036208 3.30174e-05 -0.00039494 -0.000742172 -0.000265291 -0.000850996
internal_weight=2528 2469 888 1581 84 1497 1454 87 854 177 136 90 1367 747 188 559 620 266 354 677 644 591 550
internal_count=2528 2469 888 1581 84 1497 1454 87 854 177 136 90 1367 747 188 559 620 266 354 677 644 591 550
is_linear=0
shrinkage=0.0650755


Tree=68
num_leaves=17
num_cat=0
split_feature=13 5 8 3 1 3 3 2 13 7 13 8 8 3 7 2
split_gain=0.628148 0.676817 0.563465 0.523445 0.482442 0.642766 1.09867 0.397813 0.390018 1.2482 0.816911 0.54707 0.823459 0.659449 0.520433 0.355362
threshold=3.8747842524045359 2.8104254584366415 2.3316729226004491 2.4614863987988769 1.0000000180025095e-35 -1.2699030786212606 -0.97299208459282693 -0.88916812100965448 -0.25472374637787865 0.54335283298131087 -0.14913078830747278 -0.056859263721700394 0.042201615330428557 0.95236573478685627 1.0994984534763907 -0.66466540747020042
decision_type=2 2 2 2 2 2 2 2 2 2 2 2 2 2 2 2
left_child=1 2 3 4 5 -1 15 -8 11 10 -10 13 -13 -6 -11 -7
right_child=-2 -3 -4 -5 8 6 7 -9 9 14 -12 12 -14 -15 -16 -17
leaf_value=-0.009669892780044648 0.0066278220289413782 -0.0073261299935496113 0.0068350267345893218 0.0069502481127287343 0.0011549401519945573 0.010513600570115127 -0.0050556608513121146 -0.0010943693671983405 -0.0052287661817351505 -0.013801145890778249 0.0024009448430291585 -0.008633994541577877 0.00018070690456961402 0.0065951920990210142 -0.0016255484770703193 0.00071384718942306728
leaf_weight=36 54 50 45 38 537 35 142 523 75 38 223 44 502 116 33 37
leaf_count=36 54 50 45 38 537 35 142 523 75 38 223 44 502 116 33 37
internal_value=-7.91075e-06 -0.000175427 -3.40273e-06 -0.000156788 -0.00029684 -0.00162779 -0.00114102 -0.0020078 0.000346417 -0.00146546 0.000345633 0.000928395 -0.000553716 0.00220055 -0.00893447 0.00616335
internal_weight=2528 2474 2424 2379 2341 773 737 665 1568 369 298 1199 546 653 71 72
internal_count=2528 2474 2424 2379 2341 773 737 665 1568 369 298 1199 546 653 71 72
is_linear=0
shrinkage=0.0650755


Tree=69
num_leaves=22
num_cat=0
split_feature=0 11 4 7 12 8 11 16 0 5 7 5 2 8 7 8 7 7 4 7 8
split_gain=0.578446 0.455816 0.872478 0.773609 0.899341 0.736915 0.623125 0.661726 0.445764 2.07335 0.523811 1.73496 0.44363 0.569962 0.467615 0.554917 0.428641 0.331456 0.44391 0.202094 0.0163641
threshold=2.0956703239782959 1.4125446538393469 -1.0949021080317813 -0.73894298324467 1.0000000180025095e-35 -0.56235826809975387 0.8137331024297545 1.0000000180025095e-35 -1.1446077060016007 -0.24459592825001847 1.5864462317900536 0.42814310094508806 -0.039511858377226795 0.24059204389287667 -0.18023447970583525 -0.029090988105303899 0.77999236735479405 1.1259815782618696 0.48018501903246191 -0.21184337057882663 0.28022981159360905
decision_type=2 2 2 2 2 2 2 2 2 2 2 2 2 2 2 2 2 2 2 2 2
left_child=1 2 16 -3 19 -6 8 12 9 -4 17 -12 14 -14 -8 -16 -1 18 -10 -5 -19
right_child=-2 3 6 4 5 -7 7 -9 10 -11 11 -13 13 -15 15 -17 -18 20 -20 -21 -22
leaf_value=-0.010684977325194266 0.0060988854127408225 -0.0034904124035067246 -0.0048317379541289876 0.0030975238295326952 0.0011873232376145323 0.013245428948525628 -0.010119421577214347 -0.0091189529963748052 0.00076213776637599291 0.016307358509430644 0.0048822934484779633 -0.012515940802271178 -0.0022444064009474502 0.007256283730196279 0.0034489325718559962 -0.0066470511568708186 -0.00046943641862767766 0.0016868578764632563 -0.0015515912622797174 -0.0030965630892063824 0.0060899403508026199
leaf_weight=47 59 60 36 33 42 57 32 57 1164 32 38 49 53 42 46 36 35 32 496 47 35
leaf_count=47 59 60 36 33 42 57 32 57 1164 32 38 49 53 42 46 36 35 32 496 47 35
internal_value=-7.41042e-06 -0.000175019 -0.000475566 0.00248086 0.00465719 0.00866296 -0.000204609 -0.00312905 0.000202448 0.00519463 0 -0.0047877 -0.00120993 0.0018536 -0.00394446 -0.000819105 -0.00688033 0.000255982 5.33282e-05 -0.000216519 0.00458884
internal_weight=2528 2469 2230 239 179 99 2148 266 1882 68 1814 87 209 95 114 82 82 1727 1660 80 67
internal_count=2528 2469 2230 239 179 99 2148 266 1882 68 1814 87 209 95 114 82 82 1727 1660 80 67
is_linear=0
shrinkage=0.0650755


Tree=70
num_leaves=11
num_cat=0
split_feature=13 5 9 8 8 13 13 13 18 8
split_gain=0.563369 0.58366 0.707739 0.669883 0.529483 0.416632 0.614258 0.61385 0.847065 0.586114
threshold=3.8747842524045359 2.8104254584366415 1.8136193907650322 -0.25894392973139985 2.3316729226004491 2.1766323342875986 1.7756914647713575 0.77864851762156062 1.0000000180025095e-35 0.8136468501624029
decision_type=2 2 2 2 2 2 2 2 2 2
left_child=1 2 4 -4 5 6 7 9 -9 -1
right_child=-2 -3 3 -5 -6 -7 -8 8 -10 -11
leaf_value=0.00033421044559402992 0.0062773804703852697 -0.006806111070161389 -0.00021222989652808078 0.010100205133277756 0.0063663784974780958 -0.0058218013963383082 0.0059756015611025894 0 -0.01295286667164283 -0.0023426097544228031
leaf_weight=1664 54 50 42 51 45 54 60 44 34 430
leaf_count=1664 54 50 42 51 45 54 60 44 34 430
internal_value=-6.3748e-06 -0.000165542 -5.05153e-06 0.00540707 -0.000242379 -0.000396493 -0.000241812 -0.000437883 -0.00594417 -0.000207703
internal_weight=2528 2474 2424 93 2331 2286 2232 2172 78 2094
internal_count=2528 2474 2424 93 2331 2286 2232 2172 78 2094
is_linear=0
shrinkage=0.0650755


Tree=71
num_leaves=29
num_cat=0
split_feature=0 9 12 8 18 13 9 16 7 7 9 9 9 0 8 8 9 13 12 4 2 4 9 9 9 4 10 7
split_gain=0.525664 0.71189 0.689671 0.434988 0.423882 0.5351 1.32351 0.353955 0.458239 0.38323 0.486407 0.946871 0.859648 0.788707 0.529971 0.308666 0.824358 0.606686 0.46745 0.514643 0.563588 0.470315 0.380331 0.218848 0.205244 0.185197 0.128289 0.0613224
threshold=1.01557764731833 0.53275827965920441 -0.67414598255139557 -0.35027893709483898 1.0000000180025095e-35 0.77864851762156062 0.34603841260129015 1.6165153522599058 -0.63215618975483134 -2.4560746225612746 -1.8655880814435755 -1.1432778115504683 -1.6214746446974193 -1.1446077060016007 1.8352519990348422 -0.84974589241663356 -0.46672971087649046 -0.27426219788180384 1.0000000180025095e-35 -0.67313318429009705 -0.17216383322296605 -0.55940924562416361 -0.57694469210617527 0.26366727555120995 -1.371227512837859 0.55216903089538383 0.53423381601041475 -0.076010569259752886
decision_type=2 2 2 2 2 2 2 2 2 2 2 2 2 2 2 2 2 2 2 2 2 2 2 2 2 2 2 2
left_child=4 2 -2 -4 7 15 -7 9 -9 -1 -11 12 -12 -13 -15 22 17 25 19 -18 -21 -20 26 -23 -14 27 -6 -17
right_child=1 -3 3 -5 5 6 -8 8 -10 10 11 13 24 14 -16 16 18 -19 21 20 -22 23 -24 -25 -26 -27 -28 -29
leaf_value=-0.0052340867534524417 0.0073748036421936074 0.010838977308304278 0.0023040788667750417 -0.0068421043070739746 0.0064391389128473451 0.00060402449078504118 -0.014554932265108242 -0.00048873568581184093 0.0087102404580877736 0.0070296100558197329 0.00068019886206005249 0.0078042980121401156 -0.013430033192914885 -2.2675682533819911e-05 0.0060997621343979519 0.00083486277835904781 -0.0072198606805075564 -0.01276371924543928 0.0070018947281796891 -0.0037979778067422968 0.0026585863266091331 0.0036972207139420107 -0.0019881059391659494 -0.0017435917079617013 -0.0042244741476230932 -0.0067533271541932033 0.00030416446451859546 -0.0021704845780592362
leaf_weight=49 39 38 32 43 53 49 38 34 43 40 54 58 35 1119 58 32 53 34 59 100 120 43 55 85 37 34 32 62
leaf_count=49 39 38 32 43 53 49 38 34 43 40 54 58 35 1119 58 32 53 34 59 100 120 43 55 85 37 34 32 62
internal_value=-4.93401e-06 0.00363419 0.00068016 -0.00272373 -0.000255109 -0.00142282 -0.00616212 0.000380277 0.00455404 0.000127124 0.000349692 0.000110973 -0.00513282 0.000683975 0.000281574 -0.000813831 -0.00145752 -0.00537667 0 -0.00174116 -0.000183757 0.00243494 0.00182703 0 -0.00958635 -0.00283444 0.00454761 -0.000904104
internal_weight=2528 152 114 75 2376 849 87 1527 77 1450 1401 1361 126 1235 1177 762 622 162 460 273 220 187 140 128 72 128 85 94
internal_count=2528 152 114 75 2376 849 87 1527 77 1450 1401 1361 126 1235 1177 762 622 162 460 273 220 187 140 128 72 128 85 94
is_linear=0
shrinkage=0.0650755


Tree=72
num_leaves=16
num_cat=0
split_feature=13 4 3 3 7 9 4 7 4 5 3 5 7 6 6
split_gain=0.52704 0.599498 0.601668 0.944296 0.744086 0.740193 0.724407 0.692388 0.676904 0.626205 0.510124 0.452502 0.160022 0.097426 0.0933509
threshold=3.8747842524045359 2.2911857679507306 -1.3743786196353738 -1.0084583183143951 -2.4560746225612746 1.9376065079846942 -1.0949021080317813 1.7368020370237469 1.1793166651869587 -0.5164527309989434 -0.96555905361503302 -0.18086622953861686 0.41350009209766747 -0.47932489811819695 -0.79092059407653936
decision_type=2 2 2 2 2 2 2 2 2 2 2 2 2 2 2
left_child=1 2 11 8 -5 6 9 -8 12 -6 -3 -1 13 -4 -14
right_child=-2 10 3 4 5 -7 7 -9 -10 -11 -12 -13 14 -15 -16
leaf_value=0.00031851942686005589 0.0060731015931556279 0 0.005578787252930764 -0.0087511448622008322 0.00063073699344691275 0.0069154416547974676 0.00025964516992540098 -0.0087470362826185932 -0.0016457186521910677 -0.0095141663842466667 -0.0089933641586602362 -0.0080183689594533515 0.0042915679309200689 0.00062162407177595073 0.011725109047624643
leaf_weight=37 54 43 52 37 35 59 1832 32 54 59 54 62 37 44 37
leaf_count=37 54 43 52 37 35 59 1832 32 54 59 54 62 37 44 37
internal_value=-4.42774e-06 -0.000158705 4.0269e-05 0.000270894 -0.000158807 6.96983e-06 -0.000204971 6.94994e-05 0.00424043 -0.0056379 -0.00505059 -0.00479219 0.00624669 0.00369263 0.00881486
internal_weight=2528 2474 2377 2278 2054 2017 1958 1864 224 94 97 99 170 96 74
internal_count=2528 2474 2377 2278 2054 2017 1958 1864 224 94 97 99 170 96 74
is_linear=0
shrinkage=0.0650755


Tree=73
num_leaves=12
num_cat=0
split_feature=13 4 9 4 2 13 13 13 4 10 10
split_gain=0.465738 0.528267 0.516008 0.509759 0.425065 0.382934 0.483399 0.629584 0.656454 0.435387 0.471452
threshold=3.8747842524045359 2.2911857679507306 1.9376065079846942 -0.22311022665669714 -0.86042910353959889 2.1766323342875986 1.7756914647713575 0.77864851762156062 -0.32775552497385502 -1.5260423848133715 -1.1059096613797432
decision_type=2 2 2 2 2 2 2 2 2 2 2
left_child=1 2 5 -4 -3 6 7 9 -9 -1 -11
right_child=-2 4 3 -5 -6 -7 -8 8 -10 10 -12
leaf_value=-0.0060740211768609822 0.0057102938999234682 0 0.010275310595361334 0 -0.0088816672756437329 -0.0053562710029077479 0.0055455575247949909 -0.011071915051496156 4.8663658391791421e-07 0.0030345629246495251 -0.00012514827696821732
leaf_weight=43 54 50 36 37 47 53 60 40 37 218 1853
leaf_count=43 54 50 36 37 47 53 60 40 37 218 1853
internal_value=-2.34334e-06 -0.000147966 3.81771e-05 0.00525785 -0.00474021 -0.000127034 0 -0.000156235 -0.00576006 4.87489e-05 0.000201711
internal_weight=2528 2474 2377 73 97 2304 2251 2191 77 2114 2071
internal_count=2528 2474 2377 73 97 2304 2251 2191 77 2114 2071
is_linear=0
shrinkage=0.0650755


Tree=74
num_leaves=21
num_cat=0
split_feature=3 8 13 6 10 8 8 9 3 8 5 6 3 0 7 5 12 3 9 9
split_gain=0.507741 0.422127 0.412499 0.470078 0.654929 0.576624 2.044 0.587692 0.553925 0.913292 0.94104 0.715076 0.546078 0.539643 0.412528 0.354064 0.397901 0.181221 0.103958 0.0494108
threshold=2.4614863987988769 2.3316729226004491 3.8747842524045359 -0.75976102448070504 -1.2150206533213759 -0.43807208435712336 -0.24096765862772554 -0.67579976664873309 1.2762404773613329 0.85565199509605161 -0.35723804734510162 1.8888023911652054 -0.81263795866640198 1.01557764731833 0.30585900425990969 0.81979529720529409 1.0000000180025095e-35 -0.73204737937949349 -0.44985347741191911 0.16865938296399649
decision_type=2 2 2 2 2 2 2 2 2 2 2 2 2 2 2 2 2 2 2 2
left_child=1 2 3 5 19 12 -7 -8 11 10 -10 13 14 -6 -1 16 -14 -9 -16 -5
right_child=-2 -3 -4 4 8 6 7 17 9 -11 -12 -13 15 -15 18 -17 -18 -19 -20 -21
leaf_value=0.0013855848446287567 0.0067742719599885115 0.005770627880543602 0.0052311546026696997 0.0025396991641587143 -0.00025029735427451496 -0.015116815381697998 -0.0069065573457768141 0.0022207815519697575 0.0025886535632438494 -0.011774705183341193 -0.006558719124188271 0.0092475751319262747 0.0095018950089079957 0.0048159984900944695 -0.0019932368597885318 -0.00088912950896188219 0 -0.0015189434994648818 -0.0087696061179840194 0.0085976365485394279
leaf_weight=46 41 45 51 32 1425 52 57 102 112 38 74 32 45 90 34 46 37 104 33 32
leaf_count=46 41 45 51 32 1425 52 57 102 112 38 74 32 45 90 34 46 37 104 33 32
internal_value=-3.24962e-06 -0.00013789 -0.000268125 -0.000406133 8.45604e-05 -0.00205689 -0.00387395 -0.00132568 -0.000143332 -0.00314125 -0.00099366 0.000283091 0.000246028 4.85818e-05 -0.00287427 0.00319285 0.0056923 0.000222863 -0.00604298 0.00632142
internal_weight=2528 2487 2442 2391 1835 556 315 263 1771 224 186 1547 241 1515 113 128 82 206 67 64
internal_count=2528 2487 2442 2391 1835 556 315 263 1771 224 186 1547 241 1515 113 128 82 206 67 64
is_linear=0
shrinkage=0.0650755


Tree=75
num_leaves=30
num_cat=0
split_feature=18 13 4 14 6 2 6 4 9 15 6 9 9 17 9 5 5 9 12 6 17 5 2 4 4 9 6 6 9
split_gain=0.453217 0.343996 0.743734 0.775036 0.381733 0.448895 0.496432 0.347463 0.340605 0.358232 0.37152 0.335054 1.1568 1.09843 0.669645 0.734308 1.12603 0.570201 0.519124 0.4957 0.882654 0.772431 0.490058 0.442427 0.348639 0.326652 0.294022 0.290647 0.262951
threshold=1.0000000180025095e-35 -0.34419423863523996 -0.92824795863935117 1.0000000180025095e-35 0.67357917692767011 -0.91302186332836566 -0.75976102448070504 -0.82932749882957124 2.0485512800800225 2.1112254216092903 0.081547354606819361 -1.0145173346674259 -1.6214746446974193 1.0000000180025095e-35 -0.63938653510037269 -0.69782679310411766 -1.1000833472669447 0.71982376240534307 0.35096141226961375 0.51778132894849893 1.0000000180025095e-35 -0.058090061689085093 0.34696626009948633 -0.3200211250365545 -0.13967361954057736 0.54972844088315587 -0.29236748054319145 -0.043090923776517541 0.23047649001785228
decision_type=2 2 2 2 2 2 2 2 2 2 2 2 2 2 2 2 2 2 2 2 2 2 2 2 2 2 2 2 2
left_child=8 4 -3 27 5 6 -2 -7 9 11 -11 12 22 24 18 16 -16 -18 23 20 -17 -21 -1 -13 -14 -8 -25 28 -4
right_child=1 2 3 -5 -6 7 25 -9 -10 10 -12 14 13 -15 15 19 17 -19 -20 21 -22 -23 -24 26 -26 -27 -28 -29 -30
leaf_value=-0.00090919444137600627 -0.0075751493051714703 -0.011350107572611403 0.00046923478829388938 -0.0076922788723014042 -0.0048477186332515736 0.0067186347992948302 0.0025547906952161086 0.00070262689709099722 0.0059925332971186868 0 0.00884694243074278 0.001186733314445913 -0.013887484315161756 0.0027758968150508089 0.0058808081305738178 0.0015726182325780655 -0.0079170479002010578 0 -0.0013808029186561034 0.0015439525905245092 -0.0035835452692633816 0.012397789118480274 0.0075476207036745489 0.0024523450197681059 -0.0035594627375279504 -0.0047232816327264279 0.011958902052084913 0.0040331918764929175 -0.0050473902304482999
leaf_weight=57 50 35 106 62 63 44 71 353 45 33 38 62 49 33 40 469 124 62 46 154 195 32 45 32 35 35 53 59 46
leaf_count=57 50 35 106 62 63 44 71 353 45 33 38 62 49 33 40 469 124 62 46 154 195 32 45 32 35 35 53 59 46
internal_value=0 -0.0011543 -0.00291898 -0.00157 -0.000215957 0.000304334 -0.00254736 0.00150412 0.000650949 0.000462806 0.00484293 0.000222124 -0.00207478 -0.00643737 0.000644459 0 -0.00325229 -0.00544613 0.00412427 0.000884106 6.15791e-06 0.00380817 0.0027605 0.00600041 -0.010292 0 0.00898156 0.000245058 -0.00114506
internal_weight=2528 924 308 273 616 553 156 397 1604 1559 71 1488 219 117 1269 1076 226 186 193 850 664 186 102 147 84 106 85 211 152
internal_count=2528 924 308 273 616 553 156 397 1604 1559 71 1488 219 117 1269 1076 226 186 193 850 664 186 102 147 84 106 85 211 152
is_linear=0
shrinkage=0.0650755


Tree=76
num_leaves=30
num_cat=0
split_feature=0 18 4 15 10 5 5 10 7 5 5 10 2 4 9 8 1 4 7 2 5 13 10 9 9 9 9 9 5
split_gain=0.442345 0.341544 0.32253 0.319465 0.342958 1.05783 0.54312 0.700877 0.663566 0.561728 1.18408 0.454012 0.41792 0.398971 0.315735 0.295024 0.268702 0.522092 0.510788 0.277091 0.270383 0.242642 0.226435 0.276801 0.457085 0.519146 0.195144 0.321878 0.0649249
threshold=2.0956703239782959 1.0000000180025095e-35 -1.112373504735358 2.1112254216092903 -1.1059096613797432 0.42814310094508806 0.57523415110270248 -0.61530933880482541 0.12645719119698137 0.40137261077567693 0.13433364843686682 0.35415271937508069 -0.66466540747020042 1.3240321065846747 0.41115161901616654 -0.0074836888475316487 1.0000000180025095e-35 0.81010121838454696 0.26570716990773052 -0.088778204312495987 0.81979529720529409 -0.32708429963010244 1.4902962987819064 1.5114153081493849 1.1358255746546411 0.90925374585187735 -0.36529526946696911 0.35131760949051516 -0.13978818290873962
decision_type=2 2 2 2 2 2 2 2 2 2 2 2 2 2 2 2 2 2 2 2 2 2 2 2 2 2 2 2 2
left_child=1 3 -3 4 5 21 7 8 14 10 -9 26 -10 -7 -6 -5 17 18 19 -4 -20 28 23 24 25 -18 -8 -28 -1
right_child=-2 2 16 15 6 13 11 9 12 -11 -12 -13 -14 -15 -16 -17 22 -19 20 -21 -22 -23 -24 -25 -26 -27 27 -29 -30
leaf_value=0.010051786223326505 0.0053420219915202788 -0.0070720786621964356 -0.0028213115794050365 0.0085260007336215426 0.0014013027034894268 0.0013317564222688814 0.0007341265975053683 -0.000361398345196173 -0.0028638799066945725 -0.0079227715986829247 0.0084979495161694868 -0.0012982196741829399 -0.014516023968466579 -0.0066224278583420096 -0.0057926141645769829 0 -4.425610164516212e-05 0.0027284014201641909 0.0026211493924572235 -0.012906095855164444 -0.0049065244682787966 0.0014823229124753872 0.0045996147811077489 -0.0048544874586198212 0.0061140701395934896 -0.0079023060359162366 0.011468392344754977 0.0016372693589811597 0.0038807684720101802
leaf_weight=52 59 34 32 34 69 43 36 853 35 32 64 52 32 48 33 37 516 41 37 35 32 50 33 53 41 34 38 34 39
leaf_count=52 59 34 32 34 69 43 36 853 35 32 64 52 32 48 33 37 516 41 37 35 32 50 33 53 41 34 38 34 39
internal_value=0 -0.000144886 -0.00117015 0.000417045 0.000192156 0.00247558 -0.000210662 -0.000740112 -0.00454004 -1.772e-05 0.000271079 0.0032509 -0.0093775 -0.00272563 -0.000849022 0.0045544 -0.000867729 -0.00310121 -0.00506909 -0.00894974 -0.000624446 0.00598261 -0.000229393 -0.000547646 -8.33728e-05 -0.000639464 0.00562422 0.00754492 0.00799587
internal_weight=2528 2469 888 1581 1510 232 1278 1118 169 949 917 160 67 91 102 71 854 177 136 67 69 141 677 644 591 550 108 72 91
internal_count=2528 2469 888 1581 1510 232 1278 1118 169 949 917 160 67 91 102 71 854 177 136 67 69 141 677 644 591 550 108 72 91
is_linear=0
shrinkage=0.0650755


Tree=77
num_leaves=30
num_cat=0
split_feature=3 1 6 5 7 5 6 5 10 6 6 10 2 17 5 2 6 18 3 15 3 0 5 5 6 7 16 6 6
split_gain=0.420296 0.370359 0.575425 0.87609 0.491083 0.835429 1.48171 0.835293 0.742097 0.540196 0.660923 0.744505 0.523432 0.565664 0.401997 0.399999 0.389649 0.260355 0.455884 0.690284 0.596549 0.49035 0.462246 0.425121 0.335471 0.975637 0.556502 0.275532 0.427099
threshold=2.4614863987988769 1.0000000180025095e-35 -0.88439930286404211 1.000812697639335 -0.27933262406440512 -0.058090061689085093 0.36198348096932759 -0.55500941399647818 -0.069769268150067634 0.48662175935266461 -0.16772920215985451 0.71488527792233281 -1.1439527153758651 1.0000000180025095e-35 -0.78252926293902603 -0.72541461495011539 -1.1025162900348817 1.0000000180025095e-35 1.2762404773613329 0.88625919121491659 1.0178126686698843 1.0000000180025095e-35 -0.48328937278885292 -0.72443888049799909 0.20618563299015633 -0.31606728102491016 1.0000000180025095e-35 -0.10541006296818604 0.6424196073318359
decision_type=2 2 2 2 2 2 2 2 2 2 2 2 2 2 2 2 2 2 2 2 2 2 2 2 2 2 2 2 2
left_child=1 2 3 16 5 7 -7 8 -4 10 12 15 -6 -14 -10 -12 -1 18 19 20 24 -21 23 -20 26 -26 -3 -19 -29
right_child=-2 17 4 -5 9 6 -8 -9 14 -11 11 -13 13 -15 -16 -17 -18 27 22 21 -22 -23 -24 -25 25 -27 -28 28 -30
leaf_value=-0.0026321103708445287 0.0061690656900641487 0.00031445181620246823 0.0068981570784075958 0.0025523417312595552 -0.0031721990039374269 -0.0051306072745184762 0.012677307903319144 -0.0075536759574656121 -0.0073614794754164577 0.006353253316935939 0.0047136860238524113 -0.0101557805348276 0.0078155002913818817 -0.00013012866082592564 0.0011857010613549272 -0.0036800466934117934 -0.01234504770152217 -0.0015848744501547451 -0.0033219145641469805 0 0.0077307347463586055 0.0083915997476782331 -0.0058118895196949422 0.0062654349951728671 0.0018925687131840314 -0.0078700691458806673 0.0072499079525005583 0.002477987321225312 -0.0031072577125257411
leaf_weight=42 41 434 38 37 44 34 34 133 46 63 38 42 81 57 33 50 50 416 32 36 45 94 70 34 95 69 52 217 71
leaf_count=42 41 434 38 37 44 34 34 133 46 63 38 42 81 57 33 50 50 416 32 36 45 94 70 34 95 69 52 217 71
internal_value=0 -0.00012017 -0.00125408 -0.00518063 -0.000456659 -0.002345 0.00368064 -0.00412053 0 0.00108841 0 -0.00352625 0.00245114 0.00446535 -0.00363069 0 -0.00852054 0.000426699 0.00112892 0.00172233 0.00084728 0.00601779 -0.00222934 0.00135507 0.000279204 -0.00217458 0.0011713 -0.000497837 0.000987366
internal_weight=2528 2487 822 129 693 318 68 250 117 375 312 130 182 138 79 88 92 1665 961 825 695 130 136 66 650 164 486 704 288
internal_count=2528 2487 822 129 693 318 68 250 117 375 312 130 182 138 79 88 92 1665 961 825 695 130 136 66 650 164 486 704 288
is_linear=0
shrinkage=0.0650755


Tree=78
num_leaves=21
num_cat=0
split_feature=0 11 4 10 5 11 8 4 4 10 10 2 10 15 4 8 17 5 4 8
split_gain=0.378548 0.395057 0.580824 0.510127 0.428027 0.395835 0.709522 0.648958 0.58672 0.572328 0.57444 0.435445 0.573046 0.326973 1.29326 0.844556 0.293053 0.252969 0.147986 0.0527743
threshold=2.0956703239782959 1.612148504309211 -1.0949021080317813 0.30459450511722347 -0.69782679310411766 0.8137331024297545 0.057381397683256403 -0.29405379810221027 0.13670606695125198 1.813961127238173 1.3023706752978965 -0.26178972458037325 0.56447663308300278 1.0000000180025095e-35 -0.22311022665669714 1.2480807994635363 1.0000000180025095e-35 -0.25718369422570342 -0.020443758516088296 0.99073876124515337
decision_type=2 2 2 2 2 2 2 2 2 2 2 2 2 2 2 2 2 2 2 2
left_child=1 2 16 -3 -5 9 8 19 11 10 13 -7 -13 15 -15 -4 -1 -6 -9 -8
right_child=-2 3 5 4 17 6 7 18 -10 -11 -12 12 -14 14 -16 -17 -18 -19 -20 -21
leaf_value=-0.00097440259359534169 0.0049433355295601935 0.00950843842353968 0.00010220435642789584 -0.004326105964761291 0.00637759968098499 -0.00085914373512086374 -0.00019694564848432279 0.0087380061858702476 0.0020505849002757873 0.0080393944488501082 -0.0062188782664831044 -0.012233705952082834 -0.0018577199353439931 0.0032434385245508884 -0.0015484014295759354 -0.0060080415366912058 -0.0092401931287890583 0 0.0013670855825629461 -0.0046893884764081526
leaf_weight=45 59 34 741 40 47 55 35 34 38 34 55 67 45 528 420 104 41 41 33 32
leaf_count=45 59 34 741 40 47 55 35 34 38 34 55 67 45 528 420 104 41 41 33 32
internal_value=0 -0.000132563 -0.000362619 0.00290981 0.000687593 -0.000142173 -0.0021794 0.00133603 -0.0045741 0.000216198 3.82476e-05 -0.00624196 -0.00852715 0.000260229 0.00109719 -0.000650295 -0.00547119 0.0033417 0.00579051 -0.00286078
internal_weight=2528 2469 2307 162 128 2221 339 134 205 1882 1848 167 112 1793 948 845 86 88 67 67
internal_count=2528 2469 2307 162 128 2221 339 134 205 1882 1848 167 112 1793 948 845 86 88 67 67
is_linear=0
shrinkage=0.0650755


Tree=79
num_leaves=16
num_cat=0
split_feature=3 13 1 5 5 0 13 13 13 9 9 3 7 11 7
split_gain=0.376358 0.337497 0.544921 1.26889 2.22796 0.484476 0.339585 0.724995 0.679966 0.603205 1.47925 0.745618 0.292715 0.428757 0.413145
threshold=2.4614863987988769 3.8747842524045359 -1.4759321159128549 -0.18618344095573267 -0.55500941399647818 2.0956703239782959 -0.32323910179670096 -0.30991562944552803 -0.33411967104634827 0.31636816310790566 0.74186853447891854 1.5441387414184302 0.34344795556833269 -1.3819092527387502 0.30585900425990969
decision_type=2 2 2 2 2 2 2 2 2 2 2 2 2 2 2
left_child=1 2 3 4 -1 6 8 -8 12 11 -11 -9 14 -14 -4
right_child=-2 -3 5 -5 -6 -7 7 9 -10 10 -12 -13 13 -15 -16
leaf_value=0 0.0058370681500005293 0.0048686777616726443 -0.00016149176194467561 0.0030263098716668429 -0.019052195832346637 0.006964457586035879 -0.0091159580633204621 0.0010897608318607267 0.0080544333171919478 -0.014224203723587465 0 -0.008511499261969941 0.0064514292940780786 0.0006482410532567969 -0.006880815918097573
leaf_weight=60 41 51 1014 63 41 37 43 451 43 40 90 32 60 426 36
leaf_count=60 41 51 1014 63 41 37 43 451 43 40 90 32 60 426 36
internal_value=0 -0.000114317 -0.000238277 -0.00380612 -0.00824739 1.58193e-05 -0.000102823 -0.00135058 0.000402341 -0.000698568 -0.00456089 0.000324648 0.00014739 0.00147187 -0.000445928
internal_weight=2528 2487 2436 164 101 2272 2235 656 1579 613 130 483 1536 486 1050
internal_count=2528 2487 2436 164 101 2272 2235 656 1579 613 130 483 1536 486 1050
is_linear=0
shrinkage=0.0650755


Tree=80
num_leaves=22
num_cat=0
split_feature=8 3 17 10 6 8 8 2 3 2 10 9 10 9 10 8 8 6 2 3 9
split_gain=0.380282 0.350459 0.33543 0.408463 0.433621 0.659766 1.7936 0.658797 0.622092 0.526759 0.472039 0.555312 0.977345 0.646374 0.414617 0.371014 0.278182 0.20752 0.205671 0.150569 0.0110154
threshold=2.3316729226004491 2.4614863987988769 2.8191998165809324 1.2626209112983975 -0.75976102448070504 -0.43807208435712336 -0.24096765862772554 -1.1783771461870627 -0.81263795866640198 -0.034243098836209594 -1.2150206533213759 -0.70489326786399109 -1.0276516513723453 -1.4467498577318632 1.4902962987819064 -0.39578850609310351 -0.19674808924773438 0.51778132894849893 0.10131906673241511 0.25804929448404507 0.17661554183023856
decision_type=2 2 2 2 2 2 2 2 2 2 2 2 2 2 2 2 2 2 2 2 2
left_child=1 2 3 4 5 8 -7 -8 18 -10 20 13 -13 -12 15 -5 17 -16 -1 -18 -6
right_child=-2 -3 -4 14 10 6 7 -9 9 -11 11 12 -14 -15 16 -17 19 -19 -20 -21 -22
leaf_value=-0.0044398946770902916 0.005621891207078125 0.0054971963867508156 0.0058110584702118565 -0.011848089792223668 0.0025163145613869304 -0.014127598307060268 -0.0089249027493337029 4.7136115353961671e-05 0.0073199696664937404 -0.0002897865500117223 -0.0012300825998252886 -0.010228647685935168 -7.5923135761339533e-05 0.0043478113605545784 -0.0008232539183221614 -0.0010664673922233551 0 0.0052558435255655707 0.0008769149269842924 -0.0067253010349321938 0.0074403107622064641
leaf_weight=78 45 41 33 32 32 52 35 227 74 63 124 37 1161 245 50 32 32 32 36 34 33
leaf_count=78 45 41 33 32 32 52 35 227 74 63 124 37 1161 245 50 32 32 32 36 34 33
internal_value=0 -0.000119867 -0.000235021 -0.000339625 -6.19349e-05 -0.0016178 -0.00359842 -0.00119756 0.000783551 0.00375381 0.000464642 0.000214125 -0.000449986 0.00241497 -0.00303693 -0.0072723 -0.000870462 0.00142188 -0.00258348 -0.00397369 0.00571476
internal_weight=2528 2483 2442 2409 2197 565 314 262 251 137 1632 1567 1198 369 212 64 148 82 114 66 65
internal_count=2528 2483 2442 2409 2197 565 314 262 251 137 1632 1567 1198 369 212 64 148 82 114 66 65
is_linear=0
shrinkage=0.0650755


Tree=81
num_leaves=30
num_cat=0
split_feature=10 14 10 3 5 4 13 4 5 0 3 12 9 12 3 12 3 11 9 10 9 2 4 4 10 9 4 4 2
split_gain=0.328998 1.21092 0.757169 0.671581 0.452259 0.95154 1.06582 0.974124 0.904634 0.655308 0.631564 0.785854 0.537431 0.623294 0.427211 0.543906 0.513512 0.406234 0.501024 0.475698 0.561695 0.392085 0.32389 0.316132 0.309916 0.23224 0.0891637 0.0673927 0.0488901
threshold=-1.1059096613797432 1.0000000180025095e-35 -1.042331971701522 0.44945228162011941 0.21866618386554917 -0.78008957370065968 -0.31128592190709792 -0.90963647092959699 0.13433364843686682 2.0956703239782959 -0.71819098996271269 1.0000000180025095e-35 -0.010778695582846698 -0.67414598255139557 -0.73204737937949349 -0.67414598255139557 -1.2659616079452751 1.4125446538393469 0.24239032474447195 1.813961127238173 -0.060920745500435337 -0.47658924511439515 1.2814864319523216 -0.30810878936209668 0.41199039263780374 0.39578335407794124 2.2829042817691398 0.11380177676635071 -0.77522766329679205
decision_type=2 2 2 2 2 2 2 2 2 2 2 2 2 2 2 2 2 2 2 2 2 2 2 2 2 2 2 2 2
left_child=1 3 -2 14 8 6 7 -6 9 17 21 12 13 -12 16 -16 -1 19 24 20 -4 28 -17 -10 -19 -14 -24 -18 -7
right_child=2 -3 4 -5 5 10 -8 -9 23 -11 11 -13 25 -15 15 22 27 18 -20 -21 -22 -23 26 -25 -26 -27 -28 -29 -30
leaf_value=-0.0025282505421824913 -0.0087977940663733836 0.011335618804275246 0.00050903139508025449 0.0073050661693089027 0.0029247329720349202 0.0063935606258928883 -0.016121840294405484 -0.010559728245787081 0.0019704100968045081 0.0079598593709997549 0.0012726719723582841 -0.0098794386735960582 0.007212521321978806 -0.010181949631827109 0.0020870451153230723 -0.010204390752383023 0.0019582809353939539 0.0049883024831585618 0.0073058682973765124 0.0061677547956517616 -0.0021332693513119809 -0.0020995315467934312 0 0.011734206083257237 -0.0018511903056430078 0 -0.0042804908951959864 0.0075525573838285216 0.0020162058058339058
leaf_weight=56 39 44 649 45 51 64 33 32 38 38 34 43 32 33 49 40 38 35 59 37 683 38 34 33 89 45 36 36 45
leaf_count=56 39 44 649 45 51 64 33 32 38 38 34 43 32 33 49 40 38 35 59 37 683 38 34 33 89 45 36 36 45
internal_value=0 0.0017481 -0.000321982 0.000268066 -0.000133905 -0.00196084 -0.0069138 -0.0022844 0.000350316 3.42726e-06 -9.30853e-05 -0.00264336 -6.48086e-05 -0.00432664 -0.000844666 -0.00312247 0.00176825 -0.000199411 0.00261547 -0.00060171 -0.000829987 0.00296772 -0.00565055 0.00729528 1.12361e-07 0.00337506 -0.0022249 0.00529194 0.00496759
internal_weight=2528 378 2150 334 2111 450 116 83 1661 1590 334 187 144 67 289 159 130 1552 183 1369 1332 147 110 71 124 77 70 74 109
internal_count=2528 378 2150 334 2111 450 116 83 1661 1590 334 187 144 67 289 159 130 1552 183 1369 1332 147 110 71 124 77 70 74 109
is_linear=0
shrinkage=0.0650755


Tree=82
num_leaves=30
num_cat=0
split_feature=18 10 5 6 6 10 10 9 10 9 9 5 6 2 3 9 2 5 9 9 10 9 9 13 6 5 5 6 5
split_gain=0.359511 0.332946 0.984364 0.510461 0.364447 2.05697 1.23398 0.879504 0.749687 0.664828 1.30694 0.653054 0.66656 0.54967 0.642975 0.712368 0.53311 0.774252 0.669467 0.500613 0.448968 0.375189 0.345141 0.292169 0.651574 0.808163 0.520362 0.339878 0.37187
threshold=1.0000000180025095e-35 -1.1059096613797432 -0.024041806608755444 -0.63512274609736818 0.51778132894849893 0.54754892467355198 0.8886293643662263 0.24239032474447195 0.54956181016270034 -1.6214746446974193 -1.1261275879778223 0.13433364843686682 0.20618563299015633 -0.025024619954776596 1.3395629265272961 -0.060920745500435337 -0.25856579751646097 -0.71241959964425283 -0.85933666562035305 -0.39765087737398219 1.162947861247704 0.016024505711296655 0.12770044122680357 -0.34419423863523996 0.081547354606819361 -0.062399897842304146 0.86789807458225032 0.67357917692767011 -0.91167233754235621
decision_type=2 2 2 2 2 2 2 2 2 2 2 2 2 2 2 2 2 2 2 2 2 2 2 2 2 2 2 2 2
left_child=1 2 3 -1 8 13 21 -8 9 -3 -11 12 20 -6 19 -16 17 -12 -18 -15 -10 -7 -13 27 25 -25 -27 28 -2
right_child=23 4 -4 -5 5 6 7 -9 11 10 16 22 -14 14 15 -17 18 -19 -20 -21 -22 -23 -24 24 -26 26 -28 -29 -30
leaf_value=0.010528245677608359 0.0066623389921403762 0.007871337686762658 -0.00069878206942291968 0 -0.0067888500511207829 0.018565927642339795 -0.0017921279427254714 0.010267584347039808 0.0012211203685759979 -0.01127962096633609 -0.0044684203467096279 -0.0022341057019776246 -0.01160717151528615 -0.0021851454482863975 0.0013292880050101792 -0.0099660187338278979 0.0072736976302255046 0.0044827210758275711 -0.0019316145997209477 0.0062245335672908436 -0.0065843140859548855 0.0060541166052785382 0.0056683142600454355 -0.0089376177365837976 0.0016201089004839846 0.0029896608385011985 -0.0052670490703447762 -0.0045310307747634419 -6.5686473108566613e-05
leaf_weight=69 32 44 134 33 65 36 69 33 56 36 43 50 55 40 40 41 32 226 309 73 53 33 34 96 94 63 55 63 521
leaf_count=69 32 44 134 33 65 36 69 33 56 36 43 50 55 40 40 41 32 226 309 73 53 33 34 96 94 63 55 63 521
internal_value=0 0.000585277 0.0028238 0.00750768 0.000172362 0.00174394 0.00721121 0.00216339 -0.000526859 0.000549148 0 -0.00357264 -0.00592826 -0.00183699 0 -0.00433613 0.000744483 0.00290725 -0.000906236 0.00306831 -0.00247316 0.0137064 0.000817696 -0.00102264 -0.0026481 -0.00463132 -0.000711371 -0.000155472 0.000333146
internal_weight=2528 1604 236 102 1368 430 171 102 938 690 646 248 164 259 194 81 610 269 341 113 109 69 84 924 308 214 118 616 553
internal_count=2528 1604 236 102 1368 430 171 102 938 690 646 248 164 259 194 81 610 269 341 113 109 69 84 924 308 214 118 616 553
is_linear=0
shrinkage=0.0650755


Tree=83
num_leaves=17
num_cat=0
split_feature=8 13 5 9 8 1 10 8 8 8 4 13 9 9 13 9
split_gain=0.317989 0.328729 0.421805 0.505223 0.502103 0.446725 1.09334 1.73115 0.579873 1.27639 0.716977 0.62398 0.999744 0.51422 0.508756 0.340307
threshold=2.3316729226004491 3.8747842524045359 2.8104254584366415 1.77894466222171 -0.31492904511270164 -1.4759321159128549 0.015901199829317352 -0.29225847774228159 -0.056859263721700394 0.042201615330428557 -0.55338443733402476 -0.32323910179670096 0.31636816310790566 -0.060920745500435337 -0.33730579608501565 0.37103716001405607
decision_type=2 2 2 2 2 2 2 2 2 2 2 2 2 2 2 2
left_child=1 2 3 5 -5 6 13 -8 11 15 -11 14 -13 -1 -7 -10
right_child=-2 -3 -4 4 -6 8 7 -9 9 10 -12 12 -14 -15 -16 -17
leaf_value=-0.0018699313047685726 0.0051460737333874013 0.0046832963898805974 -0.0058813566829351181 -0.00080193431453457874 0.0077782836898959437 0.0015431894396255167 -0.0068661518732080346 0.01181488278011672 -0.0029731863423282266 -0.0030374967995442986 0.00092395403437097985 0 -0.0097972568390922426 -0.01382730165521715 0.0091194373477535458 -0.013377037496321147
leaf_weight=34 45 54 50 41 62 732 40 34 35 301 510 430 44 40 37 39
leaf_count=34 45 54 50 41 62 732 40 34 35 301 510 430 44 40 37 39
internal_value=0 -0.000104596 -0.000230358 -8.9465e-05 0.00424836 -0.00030528 -0.00370624 0.00159823 -4.9203e-05 -0.00132929 -0.000525008 0.000843823 -0.000972209 -0.00910046 0.00199452 -0.00925582
internal_weight=2528 2483 2429 2379 103 2276 148 74 2128 885 811 1243 474 74 769 74
internal_count=2528 2483 2429 2379 103 2276 148 74 2128 885 811 1243 474 74 769 74
is_linear=0
shrinkage=0.0650755


Tree=84
num_leaves=30
num_cat=0
split_feature=9 2 7 9 10 2 13 6 10 10 9 6 10 7 9 13 7 10 12 10 7 12 2 6 2 10 16 10 6
split_gain=0.298198 1.69449 1.20294 0.980064 0.636235 0.737993 0.57237 0.594258 0.787282 1.10614 1.65704 0.946253 1.18797 1.0343 0.639784 0.605796 1.0506 0.526709 0.636975 0.506436 0.488541 0.461487 0.514022 0.4349 0.42669 0.425994 0.391935 0.234883 0.220634
threshold=1.0703209923880617 1.1540364298032351 -0.77226046281349958 0.93795638109834212 0.26842842174107845 -0.1247480331865891 1.3129973753868389 -0.75976102448070504 -0.11211144540970135 0.027086601199668856 0.026914775931650554 0.58010046814016736 -0.61530933880482541 -0.55185252105047289 -0.76863339811635567 -0.31292088604915885 0.5758160182022215 -0.82620848536448277 1.0000000180025095e-35 1.2557771006352942 0.35199089904751929 1.0000000180025095e-35 0.19188422227266425 1.0000000180025095e-35 -0.88916812100965448 1.4902962987819064 1.0000000180025095e-35 -0.4519231659555169 -1.0090375812473789
decision_type=2 2 2 2 2 2 2 2 2 2 2 2 2 2 2 2 2 2 2 2 2 2 2 2 2 2 2 2 2
left_child=3 2 -2 6 17 -6 7 15 11 10 -10 12 14 -13 -9 20 -17 -4 27 26 21 22 -1 -14 -8 -21 -11 -19 -22
right_child=1 -3 4 -5 5 -7 24 8 9 19 -12 13 23 -15 -16 16 -18 18 -20 25 28 -23 -24 -25 -26 -27 -28 -29 -30
leaf_value=-0.0099641504216947101 -0.0090613005847182022 0.013553206362967453 0.0038692691645067375 -0.0081913159983973693 0.00072181045516467139 0.012728542162186701 -0.0024340266708838989 0.0058632689804429972 -0.00095207348647179373 0 -0.017779468370053522 -0.010159703118829085 0.004632743053266144 0.0036822832361199267 -0.0016863101656189594 -0.0014146439399725522 -0.014419616977441194 -0.0018129608105650428 0.0014610605863541381 -0.0074354974354877363 0.0033541269124949106 0.0014776032150132668 -0.00016865942769962592 0.012220880062385241 0.0051870267541465932 -0.00052976351046697841 0.0039467945674673717 -0.01057601760552733 -0.0010009107835463379
leaf_weight=56 47 40 75 60 58 36 32 61 80 562 34 44 122 36 162 79 40 35 68 58 98 42 45 60 134 120 130 35 79
leaf_count=56 47 40 75 60 58 36 32 61 80 562 34 44 122 36 162 79 40 35 68 58 98 42 45 60 134 120 130 35 79
internal_value=0 0.00162907 4.81284e-05 -0.000309128 0.00164132 0.00596938 -5.06226e-05 -0.000384607 0.000229644 -0.000809237 -0.00669868 0.00237555 0.00368281 -0.00378146 0.00034971 -0.00247642 -0.00637893 -0.000244049 -0.00270941 0 -0.000875195 -0.00368864 -0.00604218 0.00751878 0.00354461 -0.0030532 0.000794978 -0.00692721 0.00129814
internal_weight=2528 394 354 2134 307 94 2074 1908 1469 984 114 485 405 80 223 439 119 213 138 870 320 143 101 182 166 178 692 70 177
internal_count=2528 394 354 2134 307 94 2074 1908 1469 984 114 485 405 80 223 439 119 213 138 870 320 143 101 182 166 178 692 70 177
is_linear=0
shrinkage=0.0650755


Tree=85
num_leaves=14
num_cat=0
split_feature=0 13 10 10 5 0 5 1 16 16 5 14 5
split_gain=0.284469 0.65458 0.638551 1.30764 0.433064 0.281804 2.599 1.15742 0.396191 0.811211 0.363831 0.781405 0.367691
threshold=1.01557764731833 -0.17605962364547922 0.21900964919491597 -0.56224103020678806 -1.1559697047462236 -1.1446077060016007 -0.14620478637704717 -1.4759321159128549 2.9360345032166522 1.6165153522599058 -0.7075433891486308 -0.738224098466287 -0.56488356822093333
decision_type=2 2 2 2 2 2 2 2 2 2 2 2 2
left_child=4 2 3 -2 -1 6 -6 -7 9 10 11 -9 -12
right_child=1 -3 -4 -5 5 7 -8 8 -10 -11 12 -13 -14
leaf_value=0.0062731125655141667 -0.0032528403399574015 0.010015759904908172 -0.0057980607911933919 0.012763892563533812 -0.0052104976619364168 -0.0097343979737590895 0.016068300058914794 0.0066146980486626438 -0.0055917691598928792 0.0080397598598337897 0.0028311510396016953 -0.0032683070705436389 -0.0002172845299276377
leaf_weight=38 43 34 42 33 56 51 35 32 52 46 182 312 1572
leaf_count=38 43 34 42 33 56 51 35 32 52 46 182 312 1572
internal_value=0 0.00267572 4.74272e-05 0.00373974 -0.000185477 -0.000313796 0.00311009 -0.000469902 -0.000222546 -6.8454e-05 -0.000276128 -0.00219869 9.17401e-05
internal_weight=2528 152 118 76 2376 2338 91 2247 2196 2144 2098 344 1754
internal_count=2528 152 118 76 2376 2338 91 2247 2196 2144 2098 344 1754
is_linear=0
shrinkage=0.0650755


Tree=86
num_leaves=30
num_cat=0
split_feature=18 0 9 11 3 6 3 4 11 3 15 11 7 7 4 6 4 4 1 7 12 1 6 13 4 13 11 0 3
split_gain=0.324394 0.368539 0.459243 0.428664 0.963033 1.08224 0.910613 0.637312 1.3338 1.06954 0.735228 0.585286 0.974574 0.76395 0.535165 0.518958 0.348501 0.445213 0.406763 0.336002 0.303824 0.491808 0.354267 0.256848 0.643976 0.542648 0.588739 0.486056 0.665136
threshold=1.0000000180025095e-35 1.01557764731833 -0.13690785889130958 -0.38389000038943 1.3395629265272961 1.6239460496006146 1.2956729020797384 -0.33854294999967194 1.0000000180025095e-35 0.53868178672041434 2.1112254216092903 1.4125446538393469 -0.24003508406014382 -0.77994911194476824 -0.41420291765898437 0.67357917692767011 -0.23274824401316377 0.2061959111606517 1.0000000180025095e-35 0.34003077817665855 -0.67414598255139557 1.0000000180025095e-35 -0.82208016367237358 -0.34419423863523996 -0.92824795863935117 -0.23556278304446773 -0.18428614991956593 1.0000000180025095e-35 -0.011376470559151799
decision_type=2 2 2 2 2 2 2 2 2 2 2 2 2 2 2 2 2 2 2 2 2 2 2 2 2 2 2 2 2
left_child=1 3 -3 6 5 7 14 10 19 -10 15 12 13 -6 20 -5 -16 -18 -19 -9 21 -1 -22 -2 -25 26 -26 28 -27
right_child=23 2 -4 4 11 -7 -8 8 9 -11 -12 -13 -14 -15 16 -17 17 18 -20 -21 22 -23 -24 24 25 27 -28 -29 -30
leaf_value=-0.0056461838860796549 -0.00015667778330053953 -7.7419818277790546e-08 0.0091720779897392322 -0.0039639931091921612 -0.0029042395558900231 0.010993939376769174 0.010927619140776198 -0.0057199124020240058 0.0026190336860084855 0.014729930453702043 0.0058444356581220198 0.0013880884412277811 0.001321311127031924 -0.016308879282812251 -0.0063087717530739169 0.00075051261746273952 0.005327548164486706 -0.00464437949991282 0.0009247604905222366 0.0014226748987176188 0.00055967484464098879 0.0040715607692738331 0.0077715312152991075 -0.010330928071983035 0 0.0016535151734531233 -0.010860198992872262 0.0037198134970726046 -0.0086103577715694376
leaf_weight=32 616 36 41 302 40 34 38 75 152 38 44 37 34 46 37 132 50 85 129 33 56 50 83 35 39 56 39 99 40
leaf_count=32 616 36 41 302 40 34 38 75 152 38 44 37 34 46 37 132 50 85 129 33 56 50 83 35 39 56 39 99 40
internal_value=0 0.000554597 0.00483163 0.000308105 -0.000501745 0.000383128 0.00174306 -0.000114859 0.00219165 0.00547395 -0.00161201 -0.00509655 -0.00727224 -0.0108342 0.000933175 -0.00248074 -0.000785575 0 -0.00122687 -0.00334879 0.00335136 0 0.00515571 -0.00097276 -0.00249759 -0.00124161 -0.00568357 0.00050461 -0.00258294
internal_weight=2528 1604 77 1527 967 810 560 776 298 190 478 157 120 86 522 434 301 264 214 108 221 82 139 924 308 273 78 195 96
internal_count=2528 1604 77 1527 967 810 560 776 298 190 478 157 120 86 522 434 301 264 214 108 221 82 139 924 308 273 78 195 96
is_linear=0
shrinkage=0.0650755


Tree=87
num_leaves=30
num_cat=0
split_feature=18 3 3 5 6 8 13 19 6 5 13 13 10 12 10 4 5 5 6 8 4 5 4 8 4 8 10 10 4
split_gain=0.292362 0.33078 0.352741 0.95339 0.878929 0.478132 0.286251 1.0247 0.685616 0.988044 0.646991 0.907754 0.599074 0.805429 0.274536 0.886342 0.934783 0.42018 0.281333 0.622015 0.357471 0.479874 0.435026 0.415094 0.367783 0.347654 0.27203 0.270483 0.239184
threshold=1.0000000180025095e-35 2.4614863987988769 1.4820341044484824 -0.35723804734510162 1.6239460496006146 0.17232626139974869 -0.29945003442657964 1.0000000180025095e-35 0.51778132894849893 -0.69782679310411766 -0.32481233232470336 -0.33730579608501565 1.162947861247704 0.86351510968011858 -0.50002626157100549 -0.53985902764077009 0.077879413454572013 1.430289428369991 0.67357917692767011 -0.31492904511270164 -0.18127506143673786 0.061506137650899309 0.81010121838454696 -0.63336684131368426 -0.82932749882957124 0.2971122736877177 0.53058170300698893 0.18956339647948464 -0.19245838223341735
decision_type=2 2 2 2 2 2 2 2 2 2 2 2 2 2 2 2 2 2 2 2 2 2 2 2 2 2 2 2 2
left_child=1 2 4 5 6 -4 7 10 12 -10 11 -1 13 -8 15 16 -2 18 20 -20 21 24 27 -24 -16 -23 -26 -22 -17
right_child=14 -3 3 -5 -6 -7 8 -9 9 -11 -12 -13 -14 -15 17 28 -18 -19 19 -21 22 25 23 -25 26 -27 -28 -29 -30
leaf_value=0.00024430993480174584 -0.016111666752284766 0.0063533156528366381 0.0049647477186292623 -0.0094893321034515959 0.010367378874352809 -0.0042513312099093153 -0.00015851159891783594 -0.0087542584257966453 -0.0014086358279554842 0.012039733715997623 -0.0073718172827515298 0.010587605256057691 -0.0070387726800717415 0.0085444031143347161 0.0092169075781447403 0.0040078487812460657 -0.0010512681017824886 -0.0052086458971773043 0.0026602448814674181 -0.0073586322064786765 0 -0.0043162679497629119 -0.0035447087979907522 0.0044186521174733222 0.0051080774776943658 0.0037017251259577762 -0.0008447696994192173 -0.0070591350320064316 -0.0013514726700498696
leaf_weight=880 32 36 55 50 34 33 223 51 32 53 39 33 35 50 54 36 42 56 42 50 38 51 34 79 60 32 51 50 217
leaf_count=880 32 36 55 50 34 33 223 51 32 53 39 33 35 50 54 36 42 56 42 50 38 51 34 79 60 32 51 50 217
internal_value=0 0.000530868 0.000362255 -0.00268881 0.000682131 0.00119861 0.000393552 -0.000168846 0.00187625 0.00689526 0.000306818 0.000699017 0.000326422 0.00146628 -0.000919149 -0.00242185 -0.00846772 -4.17916e-05 0.000488626 -0.00262243 0.00120215 0.00285373 -0.000733517 0.00176382 0.00486464 -0.000907378 0.00223628 -0.00413414 -0.000431405
internal_weight=2528 1604 1568 138 1430 88 1396 1003 393 85 952 913 308 273 924 327 74 597 541 92 449 248 201 113 165 83 111 88 253
internal_count=2528 1604 1568 138 1430 88 1396 1003 393 85 952 913 308 273 924 327 74 597 541 92 449 248 201 113 165 83 111 88 253
is_linear=0
shrinkage=0.0650755


Tree=88
num_leaves=18
num_cat=0
split_feature=9 2 7 9 2 9 9 9 16 6 0 1 3 5 11 9 2
split_gain=0.26508 1.50457 1.01228 0.868142 0.503137 0.414928 1.1503 0.530574 0.465692 0.427364 0.419179 1.08412 0.40599 0.525491 0.275656 0.178936 0.115483
threshold=1.0703209923880617 1.1540364298032351 -0.77226046281349958 0.93795638109834212 -1.1595629947104646 0.74186853447891854 0.66111494389019321 0.84757696692981699 2.9360345032166522 2.0446002391443772 -1.1446077060016007 -1.4759321159128549 0.21094268755358583 -0.44636556953577805 -0.18428614991956593 1.5311383129721416 -0.35063155863749201
decision_type=2 2 2 2 2 2 2 2 2 2 2 2 2 2 2 2 2
left_child=3 2 -2 5 -4 6 8 -7 9 10 -1 -12 14 -14 15 -6 -16
right_child=1 -3 4 -5 12 7 -8 -9 -10 -11 11 -13 13 -15 16 -17 -18
leaf_value=0.0050927007187568062 -0.0083059698978695858 0.012774411964063448 -0.0048908718426097977 -0.0077078337530670149 0.0043788730828136259 0.0076903491783252868 -0.010595972871965597 -0.0004155917857389607 -0.0063183862252132825 0.0061278792978765959 -0.0082433505962441981 7.661548970473012e-05 -0.0063986796171430554 0.0034620449686127183 0.0029196129490920166 -0.00041804412543185388 0.0098173801380089677
leaf_weight=60 47 40 38 60 51 60 40 60 44 44 64 1702 38 42 38 59 41
leaf_count=60 47 40 38 60 51 60 40 60 44 44 64 1702 38 42 38 59 41
internal_value=0 0.00153814 4.43396e-05 -0.000289296 0.00151143 -4.52951e-05 -0.000288812 0.00357803 -3.43126e-05 0.000116113 -3.08816e-05 -0.000232441 0.00257717 -0.00102516 0.00421826 0.0016792 0.007156
internal_weight=2528 394 354 2134 307 2074 1954 120 1914 1870 1826 1766 269 80 189 110 79
internal_count=2528 394 354 2134 307 2074 1954 120 1914 1870 1826 1766 269 80 189 110 79
is_linear=0
shrinkage=0.0650755


Tree=89
num_leaves=18
num_cat=0
split_feature=3 3 3 7 19 7 1 7 3 2 17 3 2 5 11 11 11
split_gain=0.252114 0.785893 0.95304 0.591024 0.46908 2.4035 0.603286 0.535521 0.438971 0.849881 0.407498 0.332122 0.259513 0.177486 0.123015 0.0703877 0.0170015
threshold=-1.3743786196353738 -1.0084583183143951 -0.9606907157277369 -2.4560746225612746 1.0000000180025095e-35 -0.3451132888541466 -1.4759321159128549 -0.10078510534939593 -0.85247408304866068 0.26972517280246727 1.0000000180025095e-35 -0.71819098996271269 0.19188422227266425 0.052797681637131604 1.0000000180025095e-35 -0.78309770132915812 -0.38389000038943
decision_type=2 2 2 2 2 2 2 2 2 2 2 2 2 2 2 2 2
left_child=13 10 -3 -4 6 -6 7 -5 9 -8 12 -10 14 16 -2 -12 -1
right_child=1 2 3 4 5 -7 8 -9 11 -11 15 -13 -14 -15 -16 -17 -18
leaf_value=0.00040143875601066076 0.008505550055103072 -0.010082954674792565 -0.0076085644665922483 0 0.015469509822058421 -0.0039542898060277174 -0.0095011192199006018 -0.010251686576478071 0.0029081305818339036 0.0028608568854829298 0.0017900907417367671 3.0788571134286543e-05 1.1649633070355005e-05 -0.0055255804340298472 0.0021707066733355857 -0.001873611215295113 -0.0012946922500329454
leaf_weight=32 84 36 38 32 42 57 50 41 187 34 38 1657 36 53 34 41 36
leaf_count=32 84 36 38 32 42 57 50 41 187 34 38 1657 36 53 34 41 36
internal_value=0 0.000146077 -0.000231169 -3.13191e-05 0.000111059 0.00438161 -9.78162e-05 -0.00572199 0.00011597 -0.00433292 0.00370418 0.0003429 0.00560458 -0.0028419 0.0070403 0 -0.000180178
internal_weight=2528 2407 2174 2138 2100 99 2001 73 1928 84 233 1844 154 121 118 79 68
internal_count=2528 2407 2174 2138 2100 99 2001 73 1928 84 233 1844 154 121 118 79 68
is_linear=0
shrinkage=0.0650755


Tree=90
num_leaves=11
num_cat=0
split_feature=8 13 10 13 13 13 16 5 18 11
split_gain=0.268593 0.256923 0.363983 0.338463 0.368561 0.40985 0.530622 0.803971 0.5026 0.357896
threshold=2.3316729226004491 3.8747842524045359 -1.5260423848133715 2.1766323342875986 1.7756914647713575 0.77864851762156062 1.6165153522599058 -0.41293124081651128 1.0000000180025095e-35 0.8137331024297545
decision_type=2 2 2 2 2 2 2 2 2 2
left_child=1 2 -1 4 5 6 9 -8 -7 -4
right_child=-2 -3 3 -5 -6 8 7 -9 -10 -11
leaf_value=-0.0051451894357375152 0.0047282311640140266 0.0041326323527923967 0.00028177177382643722 -0.005081630763993864 0.0049234951879334118 0 0.010302253702665926 -0.00042485317168828148 -0.0098576837610990769 -0.0017955533674964802
leaf_weight=57 45 54 1639 51 59 44 48 57 35 439
leaf_count=57 45 54 1639 51 59 44 48 57 35 439
internal_value=0 -9.73875e-05 -0.000209681 -7.03821e-05 3.9313e-05 -8.72791e-05 7.2791e-05 0.00448885 -0.00455783 -0.000148248
internal_weight=2528 2483 2429 2372 2321 2262 2183 105 79 2078
internal_count=2528 2483 2429 2372 2321 2262 2183 105 79 2078
is_linear=0
shrinkage=0.0650755


Tree=91
num_leaves=30
num_cat=0
split_feature=10 14 10 3 5 4 5 6 5 7 2 6 3 3 5 7 3 8 4 10 3 8 10 3 6 2 10 8 8
split_gain=0.258584 1.02214 0.595027 0.566217 0.384146 0.756877 0.745736 1.23815 0.848957 0.738654 0.650306 0.744652 0.514732 0.474113 0.465461 0.456901 0.448963 0.694013 0.425333 0.422198 0.307922 0.483643 0.368109 0.366915 0.304639 0.250912 0.1958 0.471029 0.103049
threshold=-1.1059096613797432 1.0000000180025095e-35 -1.042331971701522 0.44945228162011941 0.21866618386554917 -0.80865627587084299 -0.058090061689085093 0.67357917692767011 -0.090310672499453085 -0.65095066540904278 0.18024082245911446 -0.10541006296818604 -0.71819098996271269 -0.45326098968084866 0.51409293244168019 -2.4560746225612746 0.53868178672041434 -1.1007210659419726 -0.9625870330822931 -0.38390682039496643 -0.73204737937949349 -0.43807208435712336 -1.4771785158344877 -1.2659616079452751 -1.0713567204390475 -0.47658924511439515 -0.47927178010857285 -0.38601715685574928 0.21959181758521781
decision_type=2 2 2 2 2 2 2 2 2 2 2 2 2 2 2 2 2 2 2 2 2 2 2 2 2 2 2 2 2
left_child=1 3 -2 20 6 14 8 9 15 -8 11 -11 25 -14 -6 -4 17 -17 -16 -18 23 -22 -23 -1 -25 28 -15 -28 -7
right_child=2 -3 4 -5 5 12 7 -9 -10 10 -12 -13 13 26 18 16 19 -19 -20 -21 21 22 -24 24 -26 -27 27 -29 -30
leaf_value=-0.0022151889218862005 -0.0077930098275258014 0.010363494441822841 -0.0062861001146855182 0.006661603693921157 -0.012484281157405991 0.0057131301694220166 -0.0063538035097132498 0.013298822768891766 -0.0093842959945342613 0.0021650266015020409 -0.0027264482500600831 0.013442279087147967 -0.0087887127605078136 -0.0042169875518714914 0.0015052140561665076 0.007295018925566752 0.0024746699455325612 0.00054813588144133946 -0.0075698506760234607 -0.0023693608191272609 0.0013123527199775126 -0.010899516449978769 -0.001902312463957178 0 0.0079936233474033613 -0.0014926959177575928 0.0057956269579760343 -0.0024252782435543636 0.00088558101768625933
leaf_weight=56 39 44 42 45 34 67 37 41 37 102 50 33 36 43 38 67 87 798 35 367 63 33 63 35 39 38 43 69 47
leaf_count=56 39 44 42 45 34 67 37 41 37 102 50 33 36 43 38 67 87 798 35 367 63 33 63 35 39 38 43 69 47
internal_value=0 0.00155656 -0.000278829 0.000191724 -0.000110768 -0.00179551 0.000334565 0.00348694 -0.000250643 0.00132061 0.00310936 0.0054687 -0.000201312 -0.00248835 -0.00645369 1.16564e-05 0.000253208 0.00113696 -0.00272472 -0.00137047 -0.000823589 -0.00276068 -0.00561599 0.00137457 0.004377 0.00250158 -0.000647879 0.000626354 0.00404953
internal_weight=2528 378 2150 334 2111 450 1661 263 1398 222 185 135 343 191 107 1361 1319 865 73 454 289 159 96 130 74 152 155 112 114
internal_count=2528 378 2150 334 2111 450 1661 263 1398 222 185 135 343 191 107 1361 1319 865 73 454 289 159 96 130 74 152 155 112 114
is_linear=0
shrinkage=0.0650755


Tree=92
num_leaves=18
num_cat=0
split_feature=0 12 9 11 4 4 13 12 12 4 4 3 9 6 7 7 4
split_gain=0.233782 0.599483 0.351507 0.25835 0.457871 0.885291 0.872614 0.742019 0.618399 0.503875 0.45984 0.441028 0.376706 0.258794 0.246292 0.1952 0.169828
threshold=1.01557764731833 1.0000000180025095e-35 0.033596956897477055 1.612148504309211 -0.98820330290396907 -0.90963647092959699 -0.31128592190709792 1.888622504501128 2.4011762019116332 -0.86868946730254171 -0.82932749882957124 -1.0084583183143951 0.046752784369608759 -0.32352705013902566 0.39043414470386267 0.29389888338904774 -0.57808166297988517
decision_type=2 2 2 2 2 2 2 2 2 2 2 2 2 2 2 2 2
left_child=3 15 -3 4 6 13 7 14 9 -7 -11 -12 16 -6 -1 -2 -5
right_child=1 2 -4 12 5 8 -8 -9 -10 10 11 -13 -14 -15 -16 -17 -18
leaf_value=-0.00035692543773998626 0.0023922263706820253 -0.0065554714883957216 0.0021266555377353045 0.0018702510547990571 0.0099444843760184715 -0.0064993790807458748 -0.010082581853451397 -0.0072884940386105084 0.0074269919271541841 0.0055479688126338078 0.0017183229171221395 -0.00099849343108345846 0.0060804219672372182 0.0021164673312555216 0.0053380277180980606 0.0097566784061206748 -0.0034156246650458065
leaf_weight=56 53 32 33 58 39 54 53 44 37 49 295 1485 62 54 52 34 38
leaf_count=56 53 32 33 58 39 54 53 44 37 49 295 1485 62 54 52 34 38
internal_value=0 0.00243014 -0.00194786 -0.000163821 -0.000356536 -4.2314e-05 -0.00325124 -0.000473351 -0.00036137 -0.000546206 -0.000340207 -0.000530829 0.00231871 0.00598267 0.00227492 0.00590329 -3.79119e-05
internal_weight=2528 152 65 2376 2218 2013 205 152 1920 1883 1829 1780 158 93 108 87 96
internal_count=2528 152 65 2376 2218 2013 205 152 1920 1883 1829 1780 158 93 108 87 96
is_linear=0
shrinkage=0.0650755


Tree=93
num_leaves=14
num_cat=0
split_feature=8 9 9 2 2 9 4 8 4 8 11 14 0
split_gain=0.235146 0.238481 1.54156 0.477835 0.647521 0.411679 0.364827 1.09855 0.387546 0.649501 0.423155 0.519262 0.482431
threshold=2.3316729226004491 -1.6492544703013423 -1.4222159022248613 0.34696626009948633 -0.26178972458037325 -1.2840401262390628 -1.0949021080317813 -0.24997826715789098 2.2911857679507306 -0.15090090600725856 0.8137331024297545 -0.738224098466287 -1.1446077060016007
decision_type=2 2 2 2 2 2 2 2 2 2 2 2 2
left_child=1 3 -3 4 -1 -4 7 -7 10 -10 12 -12 -8
right_child=-2 2 5 -5 -6 6 8 -9 9 -11 11 -13 -14
leaf_value=0.0044727427084413776 0.0044281793278809637 -0.010312285920726992 0.0066641166860856044 0.0066555790555666763 -0.0064682991702221977 0.0041962720462551699 0.0065960945679359043 -0.0091140284738508576 0.00012353464286378983 -0.010326911534212767 0.0056582347733378719 -0.0021932759344591643 0.00053401183756458207
leaf_weight=42 45 58 34 60 39 37 54 61 56 35 33 405 1569
leaf_count=42 45 58 34 60 39 37 54 61 56 35 33 405 1569
internal_value=0 -8.70136e-05 -0.000255164 0.00245092 -0.000571909 1.05172e-05 -9.29997e-05 -0.00388495 7.6415e-05 -0.00395295 0.000275215 -0.0014902 0.00076998
internal_weight=2528 2483 2342 141 81 2284 2250 98 2152 91 2061 438 1623
internal_count=2528 2483 2342 141 81 2284 2250 98 2152 91 2061 438 1623
is_linear=0
shrinkage=0.0650755


Tree=94
num_leaves=22
num_cat=0
split_feature=3 3 3 7 8 4 8 4 4 4 11 3 8 3 8 8 8 8 8 5 8
split_gain=0.227855 0.60526 0.805904 0.493327 0.439507 0.378183 0.32892 0.56288 0.625142 0.631344 0.559043 0.485521 0.423615 0.571118 0.398178 0.30405 0.270559 0.432422 0.238838 0.232798 0.145453
threshold=-1.3743786196353738 -1.0084583183143951 -0.9606907157277369 -2.4560746225612746 1.0666362647155767 1.1793166651869587 -0.496476567162423 2.2911857679507306 -1.0134960092028058 -0.90963647092959699 -0.98270155179902219 0.36697242506836175 -0.71436842502177778 0.38314888680578441 -0.75707596240233077 -0.18728634455765958 -0.81658474848564877 0.15968502983546276 -0.68777478117051483 0.65058988516401328 -0.013581641033883847
decision_type=2 2 2 2 2 2 2 2 2 2 2 2 2 2 2 2 2 2 2 2 2
left_child=18 4 -3 -4 5 16 10 8 15 -10 11 19 14 -14 -12 -8 -2 -18 -1 -5 -20
right_child=1 2 3 6 -6 -7 7 -9 9 -11 12 -13 13 -15 -16 -17 17 -19 20 -21 -22
leaf_value=-0.0060377517132029655 -0.00091217780924092071 -0.0092424166172569815 -0.0069259064094891543 0.004312212957740617 0.009689990715349827 -0.0026416321490977412 0.00040174063216918363 -0.0082338089090000476 0.0054255873963620195 -0.00018771689346333876 0 0.01081039312067934 0 0.00746851957011952 -0.0060659473856213685 -0.0061263378780147216 0.0078742420212069911 0 0.002788492304007469 -0.0019409623723770435 -0.0026821525638582307
leaf_weight=48 34 36 38 58 35 50 32 34 87 1049 437 39 117 69 46 100 73 41 32 32 41
leaf_count=48 34 36 38 58 35 50 32 34 87 1049 437 39 117 69 46 100 73 41 32 32 41
internal_value=0 0.000145042 -0.000184683 -6.5593e-08 0.0032678 0.00180613 0.000128988 -0.000494844 -0.000237319 0.000241424 0.00117475 0.00503035 0.00036359 0.00298403 -0.000613902 -0.00440304 0.00350796 0.00501974 -0.00269549 0.0018401 0
internal_weight=2528 2407 2174 2138 233 198 2100 1302 1268 1136 798 129 669 186 483 132 148 114 121 90 73
internal_count=2528 2407 2174 2138 233 198 2100 1302 1268 1136 798 129 669 186 483 132 148 114 121 90 73
is_linear=0
shrinkage=0.0650755


Tree=95
num_leaves=30
num_cat=0
split_feature=18 6 6 11 4 15 8 8 5 4 4 8 8 8 8 8 5 2 8 2 2 8 1 7 0 13 2 8 6
split_gain=0.213873 0.300747 1.20197 0.330941 0.751189 0.739274 0.645448 0.559812 0.819704 0.942092 0.813006 0.922086 0.717154 0.701077 0.586583 0.5136 0.469402 0.390488 0.364568 0.281533 0.599573 0.230088 0.575086 0.507416 0.416432 0.381747 0.661318 0.368486 0.378398
threshold=1.0000000180025095e-35 3.4000415165631668 2.0134406695485429 -0.38389000038943 0.2061959111606517 0.88625919121491659 -1.0432674950875873 -0.95847582522443064 -0.78974731983922719 -0.65727185243707753 -0.030817663579917547 0.2971122736877177 -0.029090988105303899 -1.2440082738124432 -0.60938565582620374 -0.58342124121390626 -0.41959897840607274 0.052486513137856058 -0.83627887818215818 0.19188422227266425 -0.75709476777381479 1.0666362647155767 -1.4759321159128549 -0.20757189883923458 1.0000000180025095e-35 0.77864851762156062 -0.1247480331865891 -0.17316260473503578 0.61126003773600168
decision_type=2 2 2 2 2 2 2 2 2 2 2 2 2 2 2 2 2 2 2 2 2 2 2 2 2 2 2 2 2
left_child=1 2 3 4 5 6 -1 13 9 -9 11 -10 -11 -5 -12 18 -15 -8 -6 20 -17 22 -2 -23 -25 27 -27 -24 -29
right_child=21 -3 -4 7 15 -7 17 8 10 12 14 -13 -14 16 -16 19 -18 -19 -20 -21 -22 23 25 24 -26 26 -28 28 -30
leaf_value=0.0096100920806269016 -0.0082995339012527196 -0.0049289762984689638 0.011651408993931208 0.0013156599405919523 -0.00088235822154803889 0.010563936743160701 0.0033831995622073765 0.0027761597491397418 0.0020740565380158631 -0.0011545120191968864 -0.0018413865725681695 -0.0035036560175194572 -0.013587936683857209 -0.0010991684501253515 0.0072349128940487409 5.6954812399515888e-05 -0.011781785390330861 -0.0014190959996772737 0.0068056854201961926 0 -0.010247473103411895 0.007168760824563079 0.0010554385214091053 0.0030382314293497543 -0.0047527088374981477 0 -0.0112951714218541 -0.00094202840013891433 -0.0082965932503595852
leaf_weight=37 42 37 36 51 51 49 127 44 316 42 32 201 45 36 123 34 48 145 39 61 50 42 389 50 54 52 33 230 32
leaf_count=37 42 37 36 51 51 49 127 44 316 42 32 201 45 36 123 34 48 145 39 61 50 42 389 50 54 52 33 230 32
internal_value=0 0.000455934 0.000613689 0.00030213 0.00150871 0.00338684 0.00202436 -0.000438021 0.000192924 -0.00438444 0.00114698 -5.89814e-05 -0.00823321 -0.00424662 0.00520597 -0.00125896 -0.00779268 0.000752901 0.00236271 -0.00367711 -0.00601911 -0.000784254 -0.00124682 0.00147629 -0.000809145 -0.000759269 -0.00474798 -0.000169341 -0.00206753
internal_weight=2528 1604 1567 1531 593 358 309 938 803 131 672 517 87 135 155 235 84 272 90 145 84 924 778 146 104 736 85 651 262
internal_count=2528 1604 1567 1531 593 358 309 938 803 131 672 517 87 135 155 235 84 272 90 145 84 924 778 146 104 736 85 651 262
is_linear=0
shrinkage=0.0650755


Tree=96
num_leaves=29
num_cat=0
split_feature=3 6 11 11 8 3 6 14 8 16 8 4 4 4 4 6 8 3 12 4 12 4 5 6 3 8 8 4
split_gain=0.219521 0.258649 0.644984 0.565923 0.812013 0.412627 0.589183 0.836611 0.423793 0.382261 0.395553 0.561379 0.535411 0.668911 0.568986 0.49304 0.374429 0.282596 0.858619 0.704856 0.39099 0.428491 0.297166 0.249674 0.174594 0.165265 0.160601 0.0627263
threshold=2.4614863987988769 -0.75976102448070504 -0.98270155179902219 -0.78309770132915812 0.15968502983546276 1.3395629265272961 0.050387785010985106 1.0000000180025095e-35 -0.55684774083431698 1.6165153522599058 -0.60938565582620374 -1.0949021080317813 -0.14627126138942573 -0.33854294999967194 1.1953507441370903 -0.41700575892652841 -1.0260727101997211 -0.73204737937949349 -0.67414598255139557 1.8692196339919314 -0.67414598255139557 0.40070406158625554 0.94256740131777739 0.8293770249068414 1.7568963520543563 0.28022981159360905 -0.2855796163794565 0.48018501903246191
decision_type=2 2 2 2 2 2 2 2 2 2 2 2 2 2 2 2 2 2 2 2 2 2 2 2 2 2 2 2
left_child=1 3 -3 16 -5 9 -7 8 -8 10 12 -12 13 -4 -14 -13 -1 20 -19 26 22 -22 27 -9 -10 -11 -20 -18
right_child=-2 2 5 4 -6 6 7 23 24 25 11 15 14 -15 -16 -17 17 18 19 -21 21 -23 -24 -25 -26 -27 -28 -29
leaf_value=0.0044213541127652387 0.004461354356592194 0.0072962296989072398 -0.00092528454168099559 -0.010361789489739995 0.00074696535337897033 0.0044739904900200512 0.0053105212212755945 -0.013066998284391109 -0.0058032876840124915 0.0071710072596731103 -0.0050851879144039056 -0.0012539498743506941 -0.0068897583443322183 0.0072103042831463829 0.00041951078717795899 0.0020987308367656264 -0.0065985843801130836 0.0031153733258225996 -0.004407666873426864 -0.00028831260313701374 0.0070494451823664558 -0.00052823425975243358 0.0018567082378156718 -0.00336686876123578 0 0.00022573900224688901 -0.013382985721955204 -0.0013378506305389858
leaf_weight=56 41 49 291 58 42 35 32 38 40 45 56 231 111 45 63 768 36 62 33 64 56 53 41 33 44 32 37 36
leaf_count=56 41 49 291 58 42 35 32 38 40 45 56 231 111 45 63 768 36 62 33 64 56 53 41 33 44 32 37 36
internal_value=0 -8.40211e-05 0.0002693 -0.00129709 -0.00563839 5.28766e-05 -0.0025339 -0.00405511 -0.000339777 0.000424158 0.000180288 0.000912456 -0.00128019 0.000177709 -0.00416384 0.00129633 -0.000281533 -0.00101384 -0.00280366 -0.00573513 0.000482383 0.00327942 -0.00202769 -0.00938846 -0.00294464 0.00477302 -0.010042 -0.00454211
internal_weight=2528 2487 1913 574 100 1864 222 187 116 1642 1565 1055 510 336 174 999 474 418 196 134 222 109 113 71 84 77 70 72
internal_count=2528 2487 1913 574 100 1864 222 187 116 1642 1565 1055 510 336 174 999 474 418 196 134 222 109 113 71 84 77 70 72
is_linear=0
shrinkage=0.0650755


Tree=97
num_leaves=21
num_cat=0
split_feature=0 12 10 5 9 11 10 4 7 4 12 8 4 4 4 5 8 8 5 10
split_gain=0.224929 0.527242 0.530332 0.314218 0.312592 0.210042 0.643616 0.515739 0.488997 0.441236 0.707938 0.676405 0.592324 0.462183 0.436149 0.624373 0.358488 0.320713 0.144473 0.0743321
threshold=1.01557764731833 1.0000000180025095e-35 0.17744771559928355 -1.1559697047462236 0.033596956897477055 1.4125446538393469 0.1485011051567631 -0.25108112846234709 -0.17596300796624073 -0.98820330290396907 2.4011762019116332 -0.82089911764323775 -0.90963647092959699 -1.0949021080317813 -0.86868946730254171 -0.27629745779418707 -0.46093656480603734 0.43454630099422958 -0.25245117209183898 1.0666274251646402
decision_type=2 2 2 2 2 2 2 2 2 2 2 2 2 2 2 2 2 2 2 2
left_child=3 2 -2 -1 -3 9 -7 8 19 11 12 -5 16 17 -14 -16 -11 -13 -15 -8
right_child=1 4 -4 5 -6 6 7 -9 -10 10 -12 13 14 18 15 -17 -18 -19 -20 -21
leaf_value=0.0053357516048898471 0.0093696942325940911 -0.0060758914092124824 -0.00022170976875030766 0.0036573660700878409 0.0021056488576983502 0.0089803098510044827 -0.0081078202478175702 0.0051642807753935092 0.0021005931263904931 0 0.0078902723544772117 -0.013863330967014397 -0.0061954021680628484 0.00098179867844759225 -0.0017879015347728221 0.00067283825180634751 0.0077492569059843582 -0.0030173035116810958 -0.0037905594466272848 -0.0024916029337229122
leaf_weight=38 54 32 33 38 33 36 32 53 57 36 40 33 54 33 797 937 54 32 57 49
leaf_count=38 54 32 33 38 33 36 32 53 57 36 40 33 54 33 797 937 54 32 57 49
internal_value=0 0.00238311 0.0056393 -0.000161249 -0.00170632 -0.000272042 0.00156336 0 -0.00212006 -0.000484312 -0.000168358 -0.00341743 -0.000373023 -0.00536603 -0.000649432 -0.000445667 0.00460891 -0.0094583 -0.00181664 -0.005332
internal_weight=2528 152 87 2376 65 2338 227 191 138 2111 1918 193 1878 155 1788 1734 90 65 90 81
internal_count=2528 152 87 2376 65 2338 227 191 138 2111 1918 193 1878 155 1788 1734 90 65 90 81
is_linear=0
shrinkage=0.0650755


Tree=98
num_leaves=12
num_cat=0
split_feature=13 10 13 13 13 3 16 7 7 3 9
split_gain=0.22758 0.321553 0.288185 0.311468 0.722632 0.510385 0.420748 0.421521 0.267382 0.410209 0.366163
threshold=3.8747842524045359 -1.5260423848133715 2.1766323342875986 1.3129973753868389 0.77864851762156062 -0.29705083676277078 1.6165153522599058 -0.44164855016896026 0.34344795556833269 -0.011376470559151799 1.0703209923880617
decision_type=2 2 2 2 2 2 2 2 2 2 2
left_child=1 -1 3 4 6 -5 8 -8 10 -10 -3
right_child=-2 2 -4 5 -6 -7 7 -9 9 -11 -12
leaf_value=-0.0047325567932895258 0.0039986203579886748 -0.00098735193738656748 -0.0045984126494215388 -0.0018562110250686281 -0.0074004359124585023 0.0075280179666199947 0 0.007717080161213293 0.001839024152164335 -0.0024688534875398839 0.0017287748118485593
leaf_weight=57 54 1244 51 33 50 55 54 56 526 105 243
leaf_count=57 54 1244 51 33 50 55 54 56 526 105 243
internal_value=0 -9.68401e-05 1.13884e-05 0.00013043 -9.20512e-06 0.00382654 0.000161119 0.00399997 -3.51364e-05 0.00106965 -0.000522614
internal_weight=2528 2474 2417 2366 2278 88 2228 110 2118 631 1487
internal_count=2528 2474 2417 2366 2278 88 2228 110 2118 631 1487
is_linear=0
shrinkage=0.0650755


Tree=99
num_leaves=27
num_cat=0
split_feature=5 5 4 13 5 5 7 18 13 13 9 8 8 9 8 6 8 7 9 12 6 12 8 7 12 8
split_gain=0.231242 0.667287 0.512357 0.726525 0.362346 1.72377 0.705271 0.644557 0.424141 0.615791 0.50023 0.347432 0.405097 0.508039 0.542352 0.421643 0.336497 0.384727 0.324447 0.594415 0.533091 0.199459 0.190069 0.52894 0.114261 0.0828567
threshold=0.21866618386554917 0.12136282178442527 -0.86327429903015929 -0.31128592190709792 0.039872093207392406 1.0000000180025095e-35 -2.3911482521194523 1.0000000180025095e-35 1.3129973753868389 0.52328659146806233 1.0703209923880617 -1.1489882198878958 -0.37902019644877377 -0.99949782536233134 -0.17772439867318807 -0.26120791094735718 -0.91692945378463431 0.36309672557046335 0.58384647774651632 -0.67414598255139557 -0.79092059407653936 1.0000000180025095e-35 -0.94419015810234919 -0.25199520493100697 -0.67414598255139557 0.11789690472362062
decision_type=2 2 2 2 2 2 2 2 2 2 2 2 2 2 2 2 2 2 2 2 2 2 2 2 2 2
left_child=1 4 3 25 5 6 -1 -6 9 10 -8 -4 15 -14 -15 16 -13 -18 20 -20 -16 -3 -10 -24 -19 -2
right_child=2 21 11 -5 7 -7 8 -9 22 -11 -12 12 13 14 18 -17 17 24 19 -21 -22 -23 23 -25 -26 -27
leaf_value=-0.0068084223463421864 -0.0029433159912117418 0.0016386951149381815 -0.0061641231059160499 -0.012662961563902732 -0.0090165567535931725 0.012887784824744949 -0.00038581653078480601 0.0012167388834585108 0 -0.0077760813604733818 0.0028566346120823399 -0.003484310401617802 -0.0080503546678463815 -0.0064334792145166611 0.0071960149323011657 0.0082489928797818031 -0.0014230924454880856 0.0079089634536811185 0.0041390933019987732 -0.0060389941464108728 -0.00056535315473692585 0.0086155303300250053 0.011099651599341741 0.0002288348368962799 0.0015748053140543785 0.0010198873651846073
leaf_weight=58 37 47 34 32 45 40 1204 45 41 38 236 47 36 44 65 38 49 40 35 53 68 46 35 46 37 32
leaf_count=58 37 47 34 32 45 40 1204 45 41 38 236 47 36 44 65 38 49 40 35 53 68 46 35 46 37 32
internal_value=0 0.000362626 -0.0010592 -0.00521464 6.20041e-05 0.000293496 -3.18408e-05 -0.00383514 0.000217986 -7.51503e-05 0.000136078 -0.0002063 0.000194891 -0.00127778 -0.000137818 0.00239293 0.000777478 0.00262775 0.00111576 -0.00171737 0.00316584 0.00559928 0.0038338 0.00557659 0.00544242 -0.000820787
internal_weight=2528 1881 647 101 1788 1698 1658 90 1600 1478 1440 546 512 301 265 211 173 126 221 88 133 93 122 81 77 69
internal_count=2528 1881 647 101 1788 1698 1658 90 1600 1478 1440 546 512 301 265 211 173 126 221 88 133 93 122 81 77 69
is_linear=0
shrinkage=0.0650755


Tree=100
num_leaves=22
num_cat=0
split_feature=5 5 0 3 5 7 5 5 18 7 16 11 9 15 7 15 9 2 7 9 6
split_gain=0.207606 0.594003 0.961511 0.390798 0.549516 0.364259 0.396404 1.12771 0.609578 0.475982 0.452094 0.270114 0.27657 0.456846 0.332995 0.350286 0.417844 0.208399 0.204659 0.160046 0.102242
threshold=0.21866618386554917 0.12136282178442527 2.0956703239782959 1.0074112315307975 0.33087056517641972 1.5659431674400051 0.039872093207392406 -0.0073473355500293493 1.0000000180025095e-35 -2.3911482521194523 2.9360345032166522 1.0133369528996188 -0.99949782536233134 1.0000000180025095e-35 1.5864462317900536 0.88625919121491659 0.53275827965920441 0.090541694222074115 -0.62190465757980651 1.0000000180025095e-35 0.14386649379848784
decision_type=2 2 2 2 2 2 2 2 2 2 2 2 2 2 2 2 2 2 2 2 2
left_child=1 2 5 4 -2 6 7 9 -8 -1 -11 12 13 -6 15 16 -14 -3 -5 -13 -7
right_child=3 17 -4 18 11 20 8 -9 -10 10 -12 19 14 -15 -16 -17 -18 -19 -20 -21 -22
leaf_value=-0.0061279368227510804 -0.0081151494846760496 0.0080602865226306279 0.0092721502894062818 0 -0.0088705359563147138 0.0063984848616864239 -0.0096694457264422887 0.0092827061612540361 0.00057052039034280054 -1.9461895436828149e-05 -0.0072461766948711303 -0.00064013764105248631 0.00021890133879895227 0.00085431804825795705 -0.0041690792681344287 -0.0045902844863960337 0.0054920245361887486 0.0010475604578287488 0.0067403655766753385 -0.0075534997709159682 0.00066874241547619354
leaf_weight=56 46 50 42 33 34 38 43 47 41 1451 33 38 219 33 52 33 92 43 33 34 37
leaf_count=56 46 50 42 33 34 38 43 47 41 1451 33 38 219 33 52 33 92 43 33 34 37
internal_value=0 0.000343436 5.89988e-05 -0.00100377 -0.00157868 -0.000173304 -0.000391028 -0.000137588 -0.00463087 -0.000469323 -0.000219874 -0.000902971 -0.000249847 -0.00399757 0.00036246 0.00116716 0.00191784 0.0052844 0.00346781 -0.0044988 0.00409557
internal_weight=2528 1881 1788 647 581 1746 1671 1587 84 1540 1484 535 463 67 396 344 311 93 66 72 75
internal_count=2528 1881 1788 647 581 1746 1671 1587 84 1540 1484 535 463 67 396 344 311 93 66 72 75
is_linear=0
shrinkage=0.0650755


Tree=101
num_leaves=30
num_cat=0
split_feature=3 6 2 2 2 8 8 8 4 6 3 16 6 6 6 2 5 6 5 3 6 7 2 3 13 4 2 3 3
split_gain=0.199178 0.241162 0.459481 1.35198 0.731305 0.624362 0.664462 0.332292 0.66076 0.309238 0.295964 0.612075 0.398727 1.22842 0.380076 0.343269 1.12799 0.287913 0.452291 0.282517 0.523935 0.276719 0.240421 0.761039 0.699366 0.7357 0.435607 0.400617 0.34403
threshold=2.4614863987988769 -0.75976102448070504 -0.034243098836209594 0.13185650191754023 -0.92650552495866423 0.15968502983546276 -0.44644187726266371 -0.82089911764323775 2.3270691290170027 -1.0713567204390475 1.3395629265272961 1.0000000180025095e-35 0.050387785010985106 0.45546218975683034 0.79821745531100707 0.69919285574580281 -0.33578110888047302 -1.0713567204390475 -0.20584053607589672 0.17011710015412504 0.20618563299015633 -0.65095066540904278 0.16666499774008839 0.9576229269467661 -0.33967632704230805 -0.18127506143673786 -0.016227893122694646 -0.022871340281467995 0.97096735872971396
decision_type=2 2 2 2 2 2 2 2 2 2 2 2 2 2 2 2 2 2 2 2 2 2 2 2 2 2 2 2 2
left_child=1 2 4 -4 5 6 -1 -6 9 -9 15 12 -12 -14 -15 22 19 -5 -19 -17 -21 -13 26 24 25 -24 28 -28 -3
right_child=-2 10 3 17 7 -7 -8 8 -10 -11 11 21 13 14 -16 16 -18 18 -20 20 -22 -23 23 -25 -26 -27 27 -29 -30
leaf_value=-0.0012292343348302523 0.0042483489366332639 0.00041631094658811467 -0.012463597579983646 -0.0038865756121925121 0.0064896490042853873 0.0017860068438535475 -0.013743399083115568 0.0068241775190503798 -0.0062592229612269063 8.9873981717415461e-05 0.0060309570033766384 -0.0016025992831558717 -0.0094741541404226217 0.0079125247349751005 -0.00027835185239659968 0.0041684230264384487 0.0094110623185610816 0.0063836557454861505 -0.001726708001499931 -0.0081678703898243991 0.00089038984088089237 -0.01088589143818474 -0.0076199540209875233 0.0055347997489121128 0.0017033242946865601 0 -0.00067887088750417772 0.0060544655612517128 -0.0058206115639163015
leaf_weight=47 41 921 50 66 59 47 32 50 37 78 35 36 46 35 46 36 71 42 66 35 70 33 129 53 101 81 46 105 34
leaf_count=47 41 921 50 66 59 47 32 50 37 78 35 36 46 35 46 36 71 42 66 35 70 33 129 53 101 81 46 105 34
internal_value=0 -8.12578e-05 -0.00125285 -0.00352625 0.000159958 -0.00364781 -0.007095 0.0024426 0.000705358 0.00306057 0.000259539 -0.00187636 0.000207819 -0.00136965 0.00321596 0.000572193 0.00299804 -0.000551651 0.00134424 -0.000264565 -0.00212794 -0.00680152 0.000196766 -0.0012195 -0.00251649 -0.00465484 0.00068861 0.00388561 0.000140138
internal_weight=2528 2487 574 224 350 126 79 224 165 128 1913 231 162 127 81 1682 212 174 108 141 105 69 1470 364 311 210 1106 151 955
internal_count=2528 2487 574 224 350 126 79 224 165 128 1913 231 162 127 81 1682 212 174 108 141 105 69 1470 364 311 210 1106 151 955
is_linear=0
shrinkage=0.0650755


Tree=102
num_leaves=29
num_cat=0
split_feature=10 14 10 3 5 5 4 0 5 4 8 5 5 3 3 4 4 12 4 4 4 3 8 10 18 2 4 8
split_gain=0.220606 0.846961 0.464531 0.397307 0.330656 0.54444 0.512628 0.42626 0.903677 0.411406 0.48413 0.39632 0.367998 0.381624 0.682798 0.412837 0.36382 0.33043 0.246737 0.229834 0.547363 0.281215 0.23624 0.224364 0.190639 0.180661 0.156855 0.110282
threshold=-1.1059096613797432 1.0000000180025095e-35 -1.042331971701522 0.44945228162011941 0.21866618386554917 0.13433364843686682 -0.80865627587084299 1.01557764731833 -0.51410028920055839 1.2317550036217837 -0.76356628920761604 0.51409293244168019 -1.1559697047462236 0.18623610764061452 0.038588316690446607 0.81010121838454696 -0.9625870330822931 1.0000000180025095e-35 -0.30810878936209668 0.11380177676635071 -0.82090371259230854 -0.73204737937949349 -0.43807208435712336 -1.4725296952367908 1.0000000180025095e-35 -0.34903953408983235 -0.26695422524652707 -0.36971006099449794
decision_type=2 2 2 2 2 2 2 2 2 2 2 2 2 2 2 2 2 2 2 2 2 2 2 2 2 2 2 2
left_child=1 3 -2 19 5 7 11 12 -9 10 -8 -6 -4 14 -14 -15 -13 26 -7 20 -1 27 -23 -22 -11 -24 -12 -21
right_child=2 -3 4 -5 6 18 9 8 -10 24 17 16 13 15 -16 -17 -18 -19 -20 21 23 22 25 -25 -26 -27 -28 -29
leaf_value=0.002993375034017946 -0.0069007719786534309 0.0094545194388362293 0.005839079590897106 0.0056124212918796101 -0.011049896621511948 0.0010558932212056064 -0.003724045513905783 -0.0019188119608469331 0.010397006767922353 -0.00068613037916029796 0.0011741270028446874 0.0017723183929318656 -0.00026915040798349211 -0.0022860033391994558 0.0048443795653001906 0.0022893065358589866 -0.0066241108027273714 -0.001696525829406827 0.0095561563882666616 0.00030629352903010739 -0.010169953294502033 0.0021431241818029288 -0.006256370192693453 -0.00175696053741971 -0.0070255870986367253 0 0.0062092702011838537 0.0065608962891432303
leaf_weight=34 39 44 36 45 34 38 60 43 45 55 63 38 701 551 125 89 35 44 33 32 32 46 38 39 42 36 79 32
leaf_count=34 39 44 36 45 34 38 60 43 45 55 63 38 701 551 125 89 35 44 33 32 32 46 38 39 42 36 79 32
internal_value=0 0.0014358 -0.000259434 0.000186262 -0.000109496 0.000302723 -0.00167298 2.99263e-05 0.00432324 -0.000342343 0.00100042 -0.00551661 -0.000218087 -0.000402452 0.000498287 -0.00159869 -0.0020938 0.0027108 0.00569231 -0.000651981 -0.00305283 0.000628913 -0.00107445 -0.00628348 -0.00387883 -0.00339985 0.00425725 0.00403673
internal_weight=2528 378 2150 334 2111 1661 450 1590 88 343 246 107 1502 1466 826 640 73 186 71 289 105 184 120 71 97 74 142 64
internal_count=2528 378 2150 334 2111 1661 450 1590 88 343 246 107 1502 1466 826 640 73 186 71 289 105 184 120 71 97 74 142 64
is_linear=0
shrinkage=0.0650755


Tree=103
num_leaves=30
num_cat=0
split_feature=10 14 10 10 14 4 4 3 10 10 10 4 10 10 8 14 5 2 5 3 8 5 4 6 4 8 4 4 3
split_gain=0.19664 0.749018 0.424488 0.517965 0.740736 0.629139 0.355134 0.351166 0.323185 0.296801 0.5546 0.538618 0.290884 0.528574 0.590904 0.438817 0.577052 0.387225 0.38062 0.371028 0.302974 0.288894 0.286682 0.308628 0.263409 0.231063 0.205762 0.490871 0.251737
threshold=-1.1059096613797432 1.0000000180025095e-35 -0.60055800914402568 -0.6688205967416555 1.0000000180025095e-35 0.91779020076713247 -1.1456715130181914 0.44945228162011941 -0.76034045841347386 -0.89582168190269729 -0.71977981365931376 -0.025753047133456497 -0.11211144540970135 0.027086601199668856 0.71798203105530412 1.0000000180025095e-35 -0.71241959964425283 0.10131906673241511 1.3663692979144637 -0.85247408304866068 -0.46093656480603734 -0.78252926293902603 0.77190472394998355 0.51778132894849893 1.1793166651869587 0.20985742285959644 0.11380177676635071 -0.82090371259230854 -0.73204737937949349
decision_type=2 2 2 2 2 2 2 2 2 2 2 2 2 2 2 2 2 2 2 2 2 2 2 2 2 2 2 2 2
left_child=1 7 3 4 5 9 -4 26 -6 11 -11 -2 15 14 17 19 -17 -14 22 -8 -19 -21 23 -15 -23 -24 27 -1 -28
right_child=2 -3 6 -5 8 -7 12 -9 -10 10 -12 -13 13 18 -16 16 -18 20 -20 21 -22 24 25 -25 -26 -27 28 -29 -30
leaf_value=0.0028227781746750797 0.0034515174469911696 0.0089000378474098502 0.0060463807637761028 -0.0079731428992827185 -0.0097933992874574289 -0.0055178865859248161 -0.0024041448970568051 0.005282544125541906 -0.00068578313384427456 0.0076946401297306186 -0.0013165995932279198 -0.0051686735974213983 -0.0054358804236700718 -0.0010420267702208491 -0.010048994030203552 0.0033137477934625059 -0.0073060361637872781 -0.0018720582498183832 -0.0051194692151170281 -0.0011000134178939538 0.0060570000242517697 0.0056142347106209042 0.00084455683546028602 0.0012950597971152131 0 0.0067069503695858148 0.0038289428791600391 -0.0059453575697127293 -0.0010019014641753456
leaf_weight=34 66 44 38 52 46 53 41 45 35 71 38 49 47 571 43 32 43 34 52 35 33 184 100 403 39 45 64 71 120
leaf_count=34 66 44 38 52 46 53 41 45 35 71 38 49 47 571 43 32 43 34 52 35 33 184 100 403 39 45 64 71 120
internal_value=0 0.00135812 -0.000242412 -0.00211826 -0.00110438 0.00044121 0.000189931 0.000178394 -0.00640841 0.00204679 0.00441123 -7.34129e-05 2.78429e-05 -0.000409613 -0.00389815 0.00163246 -0.00253591 -0.00105441 5.09578e-05 0.00278382 0.0018304 0.00373218 0.000334367 -4.79332e-05 0.00460734 0.00298778 -0.000605117 -0.00287969 0.000601138
internal_weight=2528 378 2150 410 358 277 1740 334 81 224 109 115 1702 1328 157 374 75 114 1171 299 67 258 1119 974 223 145 289 105 184
internal_count=2528 378 2150 410 358 277 1740 334 81 224 109 115 1702 1328 157 374 75 114 1171 299 67 258 1119 974 223 145 289 105 184
is_linear=0
shrinkage=0.0650755


Tree=104
num_leaves=20
num_cat=0
split_feature=9 9 8 9 12 2 10 10 19 8 1 2 2 9 10 10 10 3 4
split_gain=0.209014 1.19834 0.390716 0.418487 0.670251 0.590708 0.552169 0.620496 0.481761 0.901897 0.532179 0.387299 0.544014 0.355485 0.301249 0.849435 0.740088 0.144812 0.0902764
threshold=-1.6492544703013423 -1.4222159022248613 2.1581858124231945 -0.78160386104205093 0.35096141226961375 -0.16731763273310926 0.59894880030640241 -0.21418478266601784 1.0000000180025095e-35 0.083800863070913625 -1.4759321159128549 0.34696626009948633 -0.26178972458037325 -0.89318878395471668 0.67042570547176705 0.8886293643662263 0.54956181016270034 -0.15562644178162546 -0.12700598638869756
decision_type=2 2 2 2 2 2 2 2 2 2 2 2 2 2 2 2 2 2 2
left_child=11 -2 3 4 6 -6 7 13 10 -10 -5 12 -1 -3 16 -16 -12 -4 -9
right_child=1 2 17 8 5 -7 -8 18 9 -11 14 -13 -14 -15 15 -17 -18 -19 -20
leaf_value=0.0042874944162082382 -0.0088811732987496995 -0.00029342403266395431 0.0070216441252730476 -0.0069234779356077978 0.0017979653332367718 -0.0085183370648022286 -0.0013460692499899377 0.012605763530109396 0.010143247948389902 -0.0023706043229670191 -0.0005861322167630235 0.0061643312229477613 -0.0057546790076647199 0.0066475431420475227 0.0058196503180825239 -0.00068473717184319011 -0.007665178356551049 0.00057552495076498204 0.004671092292532192
leaf_weight=42 60 78 41 52 44 37 60 42 45 40 1299 60 39 41 110 307 62 37 32
leaf_count=42 60 78 41 52 44 37 60 42 45 40 1299 60 39 41 110 307 62 37 32
internal_value=0 -0.000150129 8.21976e-05 -6.83954e-05 0.00202705 -0.00283758 0.00370522 0.00539622 -0.000451038 0.00416551 -0.000689451 0.00238752 -0.000308587 0.00206228 -0.000474898 0.00101882 -0.000952811 0.00447668 0.00998683
internal_weight=2528 2387 2327 2249 334 81 253 193 1915 85 1830 141 81 119 1778 417 1361 78 74
internal_count=2528 2387 2327 2249 334 81 253 193 1915 85 1830 141 81 119 1778 417 1361 78 74
is_linear=0
shrinkage=0.0650755


Tree=105
num_leaves=19
num_cat=0
split_feature=9 9 7 2 8 9 5 15 2 4 19 5 1 5 9 7 7 3
split_gain=0.185387 1.30703 0.425635 0.893844 0.349229 0.371048 0.673497 0.880117 0.779495 0.485316 0.423764 1.18046 0.470424 0.357934 0.890269 0.399091 0.168019 0.125701
threshold=-1.6214746446974193 -1.4222159022248613 0.19907221077007112 0.42117975728787055 2.1581858124231945 -0.78160386104205093 -0.45172830697472011 0.88625919121491659 0.33308360760898698 -0.65727185243707753 1.0000000180025095e-35 -0.14620478637704717 -1.4759321159128549 -0.7075433891486308 1.0284094218146742 -0.65095066540904278 -0.30325286580612903 -0.15938547848144871
decision_type=2 2 2 2 2 2 2 2 2 2 2 2 2 2 2 2 2 2
left_child=2 -2 3 -1 5 6 16 8 9 -8 12 -12 -7 14 -14 -15 -3 -6
right_child=1 4 -4 -5 17 10 7 -9 -10 -11 11 -13 13 15 -16 -17 -18 -19
leaf_value=-0.0064508221953948506 -0.010079728850333803 0.0020485825461620828 0.0065051211005081166 0.0054927512744518698 0.0066812061161320236 -0.0065111686649695502 0.011000376329625876 -0.0089938395547983652 -0.0039234531004850616 0.0016433121186810865 -0.0029863553746673883 0.01137812197059844 -0.004092536917808442 -0.0024516563753435821 0.004154659053772207 0.00046637722400577961 0.0082059014563882881 0.00061254593673658157
leaf_weight=48 50 50 55 48 40 52 33 35 62 91 44 41 262 232 63 1221 63 38
leaf_count=48 50 50 55 48 40 52 33 35 62 91 44 41 262 232 63 1221 63 38
internal_value=0 -0.000144225 0.00217264 -0.000254488 7.89645e-05 -6.28133e-05 0.00190956 -9.67767e-05 0.00163165 0.00464577 -0.000423748 0.00390352 -0.000648072 -0.000445453 -0.00238083 0 0.00588855 0.00423375
internal_weight=2528 2377 151 96 2327 2249 334 221 186 124 1915 85 1830 1778 325 1453 113 78
internal_count=2528 2377 151 96 2327 2249 334 221 186 124 1915 85 1830 1778 325 1453 113 78
is_linear=0
shrinkage=0.0650755


Tree=106
num_leaves=15
num_cat=0
split_feature=13 5 13 3 3 3 17 13 5 2 5 7 4 15
split_gain=0.192409 0.311335 0.23342 0.265576 0.329997 0.47021 0.408681 0.2469 0.203629 0.181264 0.167215 0.133165 0.1133 0.00575432
threshold=3.8747842524045359 2.8104254584366415 2.1766323342875986 -1.3743786196353738 -1.0189617729575222 -0.9606907157277369 1.0000000180025095e-35 1.7756914647713575 -0.7075433891486308 0.19188422227266425 -0.18086622953861686 0.41350009209766747 1.5388318778701371 1.0000000180025095e-35
decision_type=2 2 2 2 2 2 2 2 2 2 2 2 2 2
left_child=1 2 3 10 6 -6 9 8 -7 11 -1 -5 -8 -12
right_child=-2 -3 -4 4 5 7 12 -9 -10 -11 13 -13 -14 -15
leaf_value=0 0.0036800926405597257 -0.0049368423363662641 -0.0040235790745544375 0.0026823417750630905 -0.0064141828031041405 -0.0012425430128699996 0.00085536067360728399 0.0044144156614618997 0.00039596370703547351 0 -0.0061333092103478077 0.0085434092423860263 -0.0036759010470699283 -0.0020409568990272129
leaf_weight=43 54 50 54 56 42 399 43 52 1543 36 36 52 33 35
leaf_count=43 54 50 54 56 42 399 43 52 1543 36 36 52 33 35
internal_value=0 -8.56312e-05 1.37668e-05 0.000124247 0.000291639 1.79703e-05 0.00265862 0.000181084 4.42591e-05 0.00467567 -0.00285575 0.00597005 -0.000905404 -0.00470314
internal_weight=2528 2474 2424 2370 2256 2036 220 1994 1942 144 114 108 76 71
internal_count=2528 2474 2424 2370 2256 2036 220 1994 1942 144 114 108 76 71
is_linear=0
shrinkage=0.0650755


Tree=107
num_leaves=13
num_cat=0
split_feature=6 6 13 5 9 5 1 13 5 12 6 5
split_gain=0.180418 0.671115 0.367804 0.260904 0.262997 0.510006 0.290779 0.920006 0.69164 0.270038 0.81521 0.291529
threshold=3.4000415165631668 2.0446002391443772 3.8747842524045359 2.8104254584366415 1.8136193907650322 -0.15132905602497801 -1.4759321159128549 -0.25472374637787865 -0.18618344095573267 1.0000000180025095e-35 0.20618563299015633 -0.85458774881966082
decision_type=2 2 2 2 2 2 2 2 2 2 2 2
left_child=1 2 3 4 6 -6 7 8 -1 10 -8 -11
right_child=-2 -3 -4 -5 5 -7 9 -9 -10 11 -12 -13
leaf_value=-0.0096127148299832363 -0.0041383196301975397 0.0077957970514618098 0.0050492652950483302 -0.0046438367946692082 0.0077936295964567779 -0.0012742399170873064 0.0002696947979276769 0.005004542621449593 0.00040988149461070798 -0.0022112506079968639 -0.0036482195507696888 0.0012517126081601972
leaf_weight=72 39 42 53 50 46 44 898 38 39 109 291 807
leaf_count=72 39 42 53 50 46 44 898 38 39 109 291 807
internal_value=0 7.36863e-05 -6.37528e-05 -0.000197273 -8.24605e-05 0.003258 -0.000233558 -0.00296644 -0.00600541 -2.19506e-05 -0.000679154 0.000803117
internal_weight=2528 2489 2447 2394 2344 90 2254 149 111 2105 1189 916
internal_count=2528 2489 2447 2394 2344 90 2254 149 111 2105 1189 916
is_linear=0
shrinkage=0.0650755


Tree=108
num_leaves=30
num_cat=0
split_feature=18 0 5 11 9 2 2 5 3 2 11 5 3 11 4 10 5 9 4 4 11 2 2 4 11 4 4 10 14
split_gain=0.173007 0.212775 0.379993 0.304012 0.665677 0.449827 0.690348 0.335724 0.560574 0.44746 0.414354 0.446072 0.372153 0.303511 0.404571 0.382856 0.622235 0.594005 0.252455 0.206051 0.206872 0.421213 0.30064 0.289489 0.303724 0.263256 0.500412 0.462703 0.317024
threshold=1.0000000180025095e-35 1.01557764731833 -0.044035690055023689 1.612148504309211 0.046752784369608759 -0.25856579751646097 -0.11540423404509814 -0.71241959964425283 -0.087836328054997179 -0.47658924511439515 0.41452540149002631 0.42814310094508806 -0.081887062673393643 1.0133369528996188 -0.21517015715951851 0.38269188514461988 -0.86727416787017575 -0.39765087737398219 -0.91933068251382466 -1.112373504735358 1.2129408033694828 0.16052232891530949 -1.5768579341375364 -0.82932749882957124 -0.18428614991956593 -0.51393390930867633 -0.19245838223341735 -0.42060576008623313 -0.738224098466287
decision_type=2 2 2 2 2 2 2 2 2 2 2 2 2 2 2 2 2 2 2 2 2 2 2 2 2 2 2 2 2
left_child=1 3 -3 5 -5 7 -7 8 -1 10 11 -9 -11 15 -15 16 -8 -17 -12 -2 22 -22 -21 24 -24 27 28 -25 -27
right_child=19 2 -4 4 -6 6 13 9 -10 12 18 -13 -14 14 -16 17 -18 -19 -20 20 21 -23 23 25 -26 26 -28 -29 -30
leaf_value=-0.0063267895338476538 -0.0053505245595804763 0.0073134308759128346 -0.0010766802149526926 -0.00032797458990688487 0.0094384646353577843 -0.0080446526786219965 0.0043651399951196912 0.0042035183768455537 0.0038261520136056884 0.011516618700838551 0.0013760936612671384 -0.00087228917974796765 0.00093771452271854041 -0.0061766261237553291 0.0017809974015041794 -0.0019779620340823357 -0.0018105562026369041 0.005173253395054556 -0.0050845824711248429 -0.0042001958186503839 0.00029529950396251214 -0.00741037594988961 -0.00015680513574090521 -0.0088336992898539086 0.0073212549212197248 -0.00027355440266676572 -0.00048240240312360751 -9.161452425272357e-05 0.0067013391593523574
leaf_weight=51 35 45 32 67 42 50 75 196 32 33 33 102 33 75 32 70 456 124 56 64 57 47 32 33 43 32 409 99 73
leaf_count=51 35 45 32 67 42 50 75 196 32 33 33 102 33 75 32 70 456 124 56 64 57 47 32 33 43 32 409 99 73
internal_value=0 0.000410046 0.00366376 0.000218669 0.00345651 -2.35569e-05 -0.000942642 0.0014376 -0.00213316 0.00216193 0.00119651 0.00239755 0.0070035 -0.00044212 -0.00359948 1.03841e-05 -0.000860281 0.00248204 -0.00247553 -0.000705382 -0.000466705 -0.00313188 -6.50549e-05 0.000293098 0.00400135 -0.000125551 0.000504826 -0.00269382 0.00442981
internal_weight=2528 1604 77 1527 109 1418 882 536 83 453 387 298 66 832 107 725 531 194 89 924 889 104 785 721 75 646 514 132 105
internal_count=2528 1604 77 1527 109 1418 882 536 83 453 387 298 66 832 107 725 531 194 89 924 889 104 785 721 75 646 514 132 105
is_linear=0
shrinkage=0.0650755


Tree=109
num_leaves=29
num_cat=0
split_feature=9 9 11 9 5 15 4 5 5 4 6 3 15 7 14 7 0 6 3 4 9 11 3 4 4 7 4 5
split_gain=0.173937 1.15841 0.440646 0.314023 0.578468 0.703064 0.58749 0.382897 0.812604 1.47128 0.419886 0.55578 0.961156 0.509974 0.730173 0.517297 0.430631 0.414085 0.414025 0.347063 0.318638 0.253995 0.205725 0.167314 0.275192 0.146153 0.0770561 0.0106341
threshold=-1.6214746446974193 -1.4222159022248613 -0.18428614991956593 -0.78160386104205093 -0.45172830697472011 0.88625919121491659 -0.45666477035085801 -1.0186951952877981 -0.82398618589533268 -0.31387894862066579 0.51778132894849893 0.55603974827788982 1.0000000180025095e-35 -0.65095066540904278 1.0000000180025095e-35 -0.10932804882858253 1.0000000180025095e-35 0.20618563299015633 0.042611129983401504 -0.17648611743292261 -1.0145173346674259 0.21492155102016219 -0.042553852668379598 -0.45943617856392249 -0.056987793364426942 0.035047695969680055 -0.57808166297988517 0.14143665816916359
decision_type=2 2 2 2 2 2 2 2 2 2 2 2 2 2 2 2 2 2 2 2 2 2 2 2 2 2 2 2
left_child=2 -2 25 4 23 6 27 17 9 21 13 16 -13 14 -10 -15 -12 -5 -11 -8 -21 -9 -4 -3 -25 -1 -19 -6
right_child=1 3 22 7 5 -7 19 8 10 18 11 12 -14 15 -16 -17 -18 26 -20 20 -22 -23 -24 24 -26 -27 -28 -29
leaf_value=0.0015162986781913556 -0.0094916841807907385 0.001594063057526552 -0.0041749735017562895 0.0085807962470125215 0.0082678231217075075 -0.0074970226507326144 -0.0057078154260703949 0.0050126010005583687 -0.0071205241912427929 -0.0040822866933003799 0.0019430465212919418 -0.0056195569676988251 0.0039175754869221072 0.0019211788045598417 0.0029283485711285454 -0.00096939289201722042 0.0096279933437102266 0.0022922519581345027 -0.015680568618629598 -0.0020079139157413613 0.0052810470590642176 -0.0020773721154116859 0.0017688201734012861 0.011870517471709925 0.0023524953981462521 0.0089616935877320086 -0.0017983984678953263 0.0030716194315206506
leaf_weight=33 50 48 39 37 33 39 39 37 100 35 105 79 90 362 36 905 50 34 40 47 41 34 46 32 37 33 33 34
leaf_count=33 50 48 39 37 33 39 39 37 100 35 105 79 90 362 36 905 50 34 40 47 41 34 46 32 37 33 33 34
internal_value=0 -0.000137987 0.0021062 7.15108e-05 0.0018624 0 0.00160829 -0.000236712 -0.000465387 -0.00504813 -5.05775e-05 0.00202724 -0.000429298 -0.000553439 -0.00427417 -0.000119744 0.0047939 0.00349048 -0.0111543 -0.000851111 0.00121723 0.00137217 -0.000758302 0.00549648 0.00759174 0.00594804 0 0.00636164
internal_weight=2528 2377 151 2327 350 233 194 1977 1873 146 1727 324 169 1403 136 1267 155 104 75 127 88 71 85 117 69 66 67 67
internal_count=2528 2377 151 2327 350 233 194 1977 1873 146 1727 324 169 1403 136 1267 155 104 75 127 88 71 85 117 69 66 67 67
is_linear=0
shrinkage=0.0650755


Tree=110
num_leaves=30
num_cat=0
split_feature=10 9 3 8 3 15 10 5 5 5 0 17 2 9 5 4 9 8 3 12 2 3 8 2 9 9 15 5 5
split_gain=0.177597 0.728277 0.620438 0.490796 0.707317 0.400065 0.383808 0.279244 0.48185 0.705936 0.568059 0.47186 0.523401 0.989456 1.21215 0.436522 0.400844 0.867514 0.34073 0.467713 0.444401 0.308741 0.464567 0.395598 0.299137 0.283717 0.392687 0.269825 0.244677
threshold=-1.1059096613797432 0.81397617791231502 -0.52943817641170654 -0.43807208435712336 -0.92770687675297647 1.0000000180025095e-35 -1.042331971701522 0.21866618386554917 -0.058090061689085093 -0.090310672499453085 -1.1446077060016007 1.4567572365165855 0.30202974838214497 0.23047649001785228 0.039872093207392406 -0.80865627587084299 -0.36051699281500099 0.10422162686919206 -0.71819098996271269 -0.67414598255139557 0.075560154476728661 0.36697242506836175 -1.1007210659419726 1.1813001981504991 0.064481678529993716 -0.84774096032884483 1.0000000180025095e-35 0.33087056517641972 1.000812697639335
decision_type=2 2 2 2 2 2 2 2 2 2 2 2 2 2 2 2 2 2 2 2 2 2 2 2 2 2 2 2 2
left_child=1 3 -3 -1 -5 27 -2 8 9 10 -8 12 13 14 -10 16 -9 -18 25 -20 -21 22 -12 -23 -14 -17 -27 -6 -22
right_child=6 2 -4 4 5 -7 7 15 11 -11 21 -13 24 -15 -16 18 17 -19 19 20 28 23 -24 -25 -26 26 -28 -29 -30
leaf_value=0.0023146657049895711 -0.0062611717504131633 0.00027456679860538453 0.012032814972021038 0.0047802171361830854 -0.012472565891422323 0 -0.0058152223462442244 0 0.016097140992811218 -0.008509048121611025 0.0064511169547064109 0.0098267488164757357 -0.005519893715051816 -0.0030472600543188385 0.0010955088628940952 -0.0028652846070774947 -0.014214408708695656 0 0.0017959107134791321 -0.0093673372010226932 0.0023402326489328838 -0.002095429993337099 0.00068242573598698215 0.0015951027362706019 0.0015821122407235189 0.0069398058722499965 0 -0.003222768691064326 -0.0044569369411242444
leaf_weight=152 39 42 39 32 32 37 61 39 38 37 62 32 48 49 59 32 36 32 69 46 36 350 711 177 37 60 60 44 40
leaf_count=152 39 42 39 32 32 37 61 39 38 37 62 32 48 49 59 32 36 32 69 46 36 350 711 177 37 60 60 44 40
internal_value=0 0.00129639 0.0065847 -0.000145383 -0.00288222 -0.00537072 -0.000224611 -8.72786e-05 0.00029059 -0.000176501 6.10058e-05 0.00282508 0.00156822 0.00394656 0.00770154 -0.00152518 -0.00507225 -0.00792567 -0.000291943 -0.00215901 -0.00457577 0.000376332 0.00121432 -0.000805777 -0.00223171 0.00188932 0.00341882 -0.00793797 -0.000981007
internal_weight=2528 378 81 297 145 113 2150 2111 1661 1398 1361 263 231 146 97 450 107 68 343 191 122 1300 773 527 85 152 120 76 76
internal_count=2528 378 81 297 145 113 2150 2111 1661 1398 1361 263 231 146 97 450 107 68 343 191 122 1300 773 527 85 152 120 76 76
is_linear=0
shrinkage=0.0650755


Tree=111
num_leaves=11
num_cat=0
split_feature=6 6 13 5 6 5 13 5 9 14
split_gain=0.159268 0.634816 0.317592 0.228153 0.219104 0.376491 0.255156 0.228873 0.706415 0.422495
threshold=3.1351851749985755 2.0446002391443772 3.8747842524045359 2.8104254584366415 1.3590897080360238 -0.83414154720425004 2.1766323342875986 -0.56488356822093333 1.0093196023743205 1.7092913388094815
decision_type=2 2 2 2 2 2 2 2 2 2
left_child=1 2 3 4 6 -6 7 8 -1 -9
right_child=-2 -3 -4 -5 5 -7 -8 9 -10 -11
leaf_value=0.00011540317867722802 -0.0037555054067204799 0.0078426013147872529 0.0046969474450585169 -0.004336381550908314 -0.0082883785096678243 0 -0.0043680210871673113 -3.7096298334947135e-06 0.0059588678828071499 -0.0057312121503836416
leaf_weight=465 42 39 53 50 32 52 49 1588 106 52
leaf_count=465 42 39 53 50 32 52 49 1588 106 52
internal_value=0 7.52153e-05 -5.35875e-05 -0.000178391 -7.03523e-05 -0.0032449 4.32822e-05 0.000161599 0.00128433 -0.000216754
internal_weight=2528 2486 2447 2394 2344 84 2260 2211 571 1640
internal_count=2528 2486 2447 2394 2344 84 2260 2211 571 1640
is_linear=0
shrinkage=0.0650755


Tree=112
num_leaves=30
num_cat=0
split_feature=3 6 11 8 8 11 10 8 3 13 14 10 8 5 5 8 2 6 8 8 8 11 11 2 5 3 3 16 11
split_gain=0.175166 0.19094 0.495683 0.918049 1.10019 0.4608 0.372499 0.341597 0.316309 0.55536 0.954648 0.581088 0.375603 0.396984 0.288188 0.337721 0.39025 0.362584 0.301424 0.285358 0.525719 0.761958 0.699963 0.521623 0.555438 0.492537 0.28424 0.383587 0.409831
threshold=2.4614863987988769 -0.75976102448070504 -0.98270155179902219 0.15968502983546276 -0.496476567162423 -0.98270155179902219 -0.73510895312339963 -1.00775750926299 1.3395629265272961 0.12390536042666062 1.0000000180025095e-35 0.16629724623884318 0.18692742101554077 -0.4780849982210687 -0.038697813690883147 1.2480807994635363 -0.15659815296658627 -1.1648354292265501 -0.067371155066487887 -0.60938565582620374 -0.26895375281632439 -0.58349385085929406 0.8137331024297545 -0.11540423404509814 0.42814310094508806 -0.011376470559151799 0.9576229269467661 1.0000000180025095e-35 -0.18428614991956593
decision_type=2 2 2 2 2 2 2 2 2 2 2 2 2 2 2 2 2 2 2 2 2 2 2 2 2 2 2 2 2
left_child=1 2 7 4 6 -3 -4 -1 19 10 12 -12 13 -10 -9 16 17 -16 -18 26 21 -21 -23 25 -25 -22 27 28 -7
right_child=-2 5 3 -5 -6 8 -8 14 9 -11 11 -13 -14 -15 15 -17 18 -19 -20 20 23 22 -24 24 -26 -27 -28 -29 -30
leaf_value=0.005216519968748814 0.0039893661761190779 0.0061714126934180732 -0.0069938167389928295 0.0017717991205101655 -0.017064512053614308 -0.0035356928386089258 0.0016397339392788062 -0.0031211154834527993 0.0078353185331625184 0.0041939769517418644 -0.014963432663866105 -0.0025113367452667588 -0.0044118216580036271 -0.0012206142725599992 0.00012092462193760571 -0.0048757094496678834 -0.0038560717405689425 0.0077251639106805771 0.003298882848633217 -0.004319604144891593 0 0.0072886686572020418 -0.00061971303415873024 0.0027441361045400865 -0.0043903045104635016 -0.0047017994497268499 0.003366347990131152 -0.0051953951140519729 0.0009183203115180951
leaf_weight=44 41 49 34 62 32 121 36 122 33 39 35 40 41 34 59 33 63 57 32 37 318 158 58 367 46 126 53 87 271
leaf_count=44 41 49 34 62 32 121 36 122 33 39 35 40 41 34 59 33 63 57 32 37 318 158 58 367 46 126 53 87 271
internal_value=0 -7.08959e-05 -0.00111425 -0.00408474 -0.00779744 0.000231169 -0.00240075 4.74829e-05 4.61406e-05 -0.00221673 -0.00378839 -0.00918786 0 0.00311901 -0.000566411 0.000646406 0.00171531 0.0042232 -0.0011531 0.000372829 0.000975908 0.00355776 0.00508498 0.00016911 0.00184828 -0.00134031 -0.000836461 -0.00138198 -0.000419903
internal_weight=2528 2487 574 164 102 1913 70 410 1864 222 183 75 108 67 366 244 211 116 95 1642 1110 253 216 857 413 444 532 479 392
internal_count=2528 2487 574 164 102 1913 70 410 1864 222 183 75 108 67 366 244 211 116 95 1642 1110 253 216 857 413 444 532 479 392
is_linear=0
shrinkage=0.0650755


Tree=113
num_leaves=30
num_cat=0
split_feature=10 9 2 8 3 15 10 9 14 12 8 4 9 9 4 10 8 4 12 9 10 2 10 8 8 8 7 15 12
split_gain=0.168495 0.644298 0.56649 0.431508 0.624226 0.350489 0.346837 0.520595 1.24613 0.905595 0.686407 0.590342 0.5407 0.741097 0.299386 0.286471 0.392034 0.300996 0.502787 0.397388 0.890048 0.859717 0.599926 0.504602 0.439289 0.405642 0.280399 0.269739 0.242078
threshold=-1.1059096613797432 0.81397617791231502 -0.34903953408983235 -0.43807208435712336 -0.92770687675297647 1.0000000180025095e-35 -0.60055800914402568 0.31636816310790566 -0.738224098466287 -0.67414598255139557 -0.9244777865424576 -0.073218501286353585 -0.40867616849884181 -0.78160386104205093 -1.1456715130181914 -0.38390682039496643 -0.63336684131368426 -1.001944713487535 1.888622504501128 -0.21731760184833224 0.36309302328875931 -0.3050148239043744 0.74084663315719201 -0.31492904511270164 0.2971122736877177 -0.68777478117051483 0.27766729077859248 1.0000000180025095e-35 1.0000000180025095e-35
decision_type=2 2 2 2 2 2 2 2 2 2 2 2 2 2 2 2 2 2 2 2 2 2 2 2 2 2 2 2 2
left_child=1 3 -3 -1 -5 -6 7 10 -9 -10 11 -2 13 -12 -8 16 -16 18 28 21 25 22 -19 -22 -23 -21 27 -18 -17
right_child=6 2 -4 4 5 -7 14 8 9 -11 12 -13 -14 -15 15 17 26 19 -20 20 23 24 -24 -25 -26 -27 -28 -29 -30
leaf_value=0.00220732173895806 0 0 0.010414755684806909 0.0045092646219737804 -0.0074159716619514853 0 0.005541210515696394 0.0032543448511816401 -0.00047796370013317315 -0.013995458729529659 0.0030435255395289853 -0.011408551827986089 0.0051274606597451252 -0.0075987797772456237 0.0066021925289520894 -0.0037073913289803963 -0.0049083646317112251 0.0080859077255154895 -0.008585357401232693 -0.0087414450387390662 -0.0017868894814548407 0.00074380789529455852 6.0321062019373172e-05 0.0026149446136561594 -0.0043190087561668236 -0.0023283926043050503 0.003824668503466484 0.0015566519840346472 0.0024160116633049275
leaf_weight=152 38 33 48 32 76 37 38 45 38 58 58 32 98 43 58 45 50 104 43 53 172 328 72 274 87 262 57 43 54
leaf_count=152 38 33 48 32 76 37 38 45 38 58 58 32 98 43 58 45 50 104 43 53 172 328 72 274 87 262 57 43 54
internal_value=0 0.00125688 0.00622955 -9.45119e-05 -0.00266738 -0.00501285 -0.000224688 -0.00192061 -0.00505793 -0.00917105 -0.000124905 -0.00553547 0.00174185 -0.0013914 0.00016483 1.48578e-05 0.00226255 -0.000287701 -0.00308652 0 -0.000964361 0.00127637 0.00502987 0.000861078 -0.000295547 -0.00360097 0.000270018 -0.00173474 -0.000169965
internal_weight=2528 378 81 297 145 113 2150 410 141 96 269 70 199 101 1740 1702 208 1494 142 1352 761 591 176 446 415 315 150 93 99
internal_count=2528 378 81 297 145 113 2150 410 141 96 269 70 199 101 1740 1702 208 1494 142 1352 761 591 176 446 415 315 150 93 99
is_linear=0
shrinkage=0.0650755


Tree=114
num_leaves=18
num_cat=0
split_feature=3 3 3 8 7 0 7 1 0 7 8 17 8 8 8 8 8
split_gain=0.159946 0.336179 0.558533 0.39109 0.321798 0.413974 1.23632 0.352993 0.447138 0.412357 0.36766 0.292051 0.256168 0.234959 0.203664 0.0715595 0.0439443
threshold=-1.3743786196353738 -1.0084583183143951 -0.9606907157277369 1.0666362647155767 -2.4560746225612746 -1.1446077060016007 -0.30325286580612903 -1.4759321159128549 2.0956703239782959 -0.10078510534939593 0.8775912371236404 1.0000000180025095e-35 -0.74531251763407413 0.15968502983546276 -0.62290377102096295 -0.37902019644877377 0.013552283520414302
decision_type=2 2 2 2 2 2 2 2 2 2 2 2 2 2 2 2 2
left_child=14 3 -3 11 -4 6 -6 9 10 -7 -9 12 -2 -14 -1 -13 -16
right_child=1 2 4 -5 5 7 -8 8 -10 -11 -12 15 13 -15 16 -17 -18
leaf_value=-0.0052427097594458637 -0.0012012582311071479 -0.0076672202954798903 -0.0055655773143517403 0.0084430762418500338 0.011732045982888082 0.0005385347138663571 -0.003127113625207705 0.00044518122445922449 0.0072172224166393946 -0.0083698870808687504 -0.0017497515094605455 0 0.0070466266411601513 0 0.0016900049220841408 -0.0039883038401317648 -0.0013589217481441488
leaf_weight=50 33 36 38 35 43 32 40 1506 32 41 406 41 60 32 32 32 39
leaf_count=50 33 36 38 35 43 32 40 1506 32 41 406 41 60 32 32 32 39
internal_value=0 0.000116907 -0.000126044 0.00244525 6.26232e-06 0.000131461 0.00450844 -4.66367e-05 0.000112637 -0.00435286 -1.11111e-05 0.00108647 0.00303207 0.00479243 -0.00226303 -0.00190588 0
internal_weight=2528 2407 2174 233 2138 2100 83 2017 1944 73 1912 198 125 92 121 73 71
internal_count=2528 2407 2174 233 2138 2100 83 2017 1944 73 1912 198 125 92 121 73 71
is_linear=0
shrinkage=0.0650755


Tree=115
num_leaves=10
num_cat=0
split_feature=6 6 13 10 13 13 13 6 7
split_gain=0.157154 0.534927 0.291687 0.206106 0.229141 0.231908 0.558617 0.274129 0.237955
threshold=3.1351851749985755 2.0446002391443772 3.8747842524045359 -1.5260423848133715 2.1766323342875986 1.3129973753868389 0.77864851762156062 1.3590897080360238 -0.21184337057882663
decision_type=2 2 2 2 2 2 2 2 2
left_child=1 2 3 -1 5 6 7 -5 -7
right_child=-2 -3 -4 4 -6 8 -8 -9 -10
leaf_value=-0.0038852155558391508 -0.0037374039144411949 0.0071984600645878657 0.0045026891855953696 0.00021969320130010085 -0.0042216749337282301 0.0066350728874117488 -0.006582711860736703 -0.0035923972215470739 0
leaf_weight=57 42 39 53 2076 50 40 50 78 43
leaf_count=57 42 39 53 2076 50 40 50 78 43
internal_value=0 6.79131e-05 -4.94927e-05 -0.000169523 -6.04275e-05 2.83546e-05 -9.1122e-05 6.23768e-05 0.00331583
internal_weight=2528 2486 2447 2394 2337 2287 2204 2154 83
internal_count=2528 2486 2447 2394 2337 2287 2204 2154 83
is_linear=0
shrinkage=0.0650755


Tree=116
num_leaves=25
num_cat=0
split_feature=8 8 0 12 17 8 4 4 8 8 8 5 5 15 12 5 4 0 16 12 11 7 6 4
split_gain=0.148459 0.172066 0.181425 0.398242 0.401071 1.39842 1.16632 0.236724 0.455788 0.418172 0.362215 0.419566 0.233261 0.610328 0.584974 0.521072 0.766849 0.464807 0.435852 0.413463 0.308119 0.287293 0.451842 0.266438
threshold=2.3316729226004491 2.1912069242036796 1.0000000180025095e-35 2.4011762019116332 1.4567572365165855 -0.38601715685574928 -0.55338443733402476 -0.65107684712268898 0.083800863070913625 -0.65360012708763238 1.5651092345728679 1.0904228718946121 -0.55500941399647818 0.88625919121491659 2.4011762019116332 -0.49501265579601733 -0.1619092512321583 -1.1446077060016007 1.0000000180025095e-35 0.86351510968011858 0.8137331024297545 -0.087970690130614829 0.61126003773600168 0.11380177676635071
decision_type=2 2 2 2 2 2 2 2 2 2 2 2 2 2 2 2 2 2 2 2 2 2 2 2
left_child=1 2 12 4 7 -6 -7 8 9 -4 11 -9 13 20 15 16 -14 -17 -19 -15 21 22 -1 -23
right_child=-2 -3 3 -5 5 6 -8 10 -10 -11 -12 -13 14 19 -16 17 -18 18 -20 -21 -22 23 -24 -25
leaf_value=0.0056234135130013964 0.0035137761325312548 -0.0042639891245104368 0.0011156698378502754 0.0072680440773759134 0.0044704885130515907 -0.016588816711981542 0 -0.00075143533306922384 -0.0019436116221600737 0.008533266218151897 0.0050157716819258218 0.0034502328194442695 -0.012111815183719059 0.01110279907196206 -0.0084066137957291912 0.0056191434279854085 0.00048840649487301251 1.0815282373799457e-05 -0.0042273952176198719 0.00011717276535756394 -0.0046160676293539827 0.00033415280711694939 -0.0014919779868434802 -0.0064678224916863954
leaf_weight=79 45 36 82 32 51 35 33 671 53 63 58 113 35 32 40 49 34 642 115 32 55 53 58 32
leaf_count=79 45 36 82 32 51 35 33 671 53 63 58 113 35 32 40 49 34 642 115 32 55 53 58 32
internal_value=0 -7.38141e-05 0 0.000570324 0.00033461 -0.00313018 -0.00909182 0.00076756 0.00277696 0.00467596 0.000252454 -9.68168e-05 -0.000548511 0.00085536 -0.00110057 -0.000693969 -0.00593875 -0.00018155 -0.00062297 0.00636563 -0.000416388 0.000590102 0.00248684 -0.0021586
internal_weight=2528 2483 2447 1191 1159 119 68 1040 198 145 842 784 1256 341 915 875 69 806 757 64 277 222 137 85
internal_count=2528 2483 2447 1191 1159 119 68 1040 198 145 842 784 1256 341 915 875 69 806 757 64 277 222 137 85
is_linear=0
shrinkage=0.0650755


Tree=117
num_leaves=21
num_cat=0
split_feature=9 9 7 2 8 9 5 15 2 5 5 7 7 7 5 8 5 4 6 6
split_gain=0.148645 0.826556 0.433346 0.887052 0.306413 0.299997 0.535674 0.66401 0.644438 0.4081 0.518305 0.760164 0.811708 0.410679 0.408799 1.28694 0.616636 0.400611 0.155952 0.120159
threshold=-1.6492544703013423 -1.4222159022248613 0.12987436858865678 0.42117975728787055 2.1581858124231945 -0.78160386104205093 -0.45172830697472011 0.88625919121491659 0.33308360760898698 -1.1000833472669447 -0.7075433891486308 -0.32290163580825965 -0.016209964905443047 -0.64667919366944948 -0.56488356822093333 -0.013581641033883847 -0.50487008582698578 -0.65727185243707753 0.019228215415150855 -0.043090923776517541
decision_type=2 2 2 2 2 2 2 2 2 2 2 2 2 2 2 2 2 2 2 2
left_child=2 -2 3 -1 5 6 18 8 17 -7 11 13 -13 -11 15 -12 -16 -8 -3 -6
right_child=1 4 -4 -5 19 9 7 -9 -10 10 14 12 -14 -15 16 -17 -18 -19 -20 -21
leaf_value=-0.0073767820523832489 -0.0073759931995697591 0.0016139447665063202 0.0063785662330776522 0.0050526586281447383 0.0064015778026030911 0.0050002765271513414 0.0099460181122491553 -0.007812434049720973 -0.0036173125968241792 -0.0028740252848543013 -0.0015523625292174553 -0.011750193299603489 -0.0020397493143403172 0.0039434055743441153 -0.0057644474763674965 0.0096928239047230184 -7.718495387768883e-05 0.0014163151466529858 0.0074575823404540937 0.00051251351097992236
leaf_weight=41 60 50 54 46 39 52 33 35 62 68 100 60 108 70 82 66 1309 91 63 39
leaf_count=41 60 50 54 46 39 52 33 35 62 68 100 60 108 70 82 66 1309 91 63 39
internal_value=0 -0.000124133 0.00201594 -0.000612971 6.70195e-05 -6.5097e-05 0.00170678 -7.07662e-05 0.00141588 -0.000390641 -0.000566992 -0.00299527 -0.00588325 0.000425788 -6.60079e-05 0.00291999 -0.000449085 0.00416736 0.00525556 0.00395959
internal_weight=2528 2387 141 87 2327 2249 334 221 186 1915 1863 306 168 138 1557 166 1391 124 113 78
internal_count=2528 2387 141 87 2327 2249 334 221 186 1915 1863 306 168 138 1557 166 1391 124 113 78
is_linear=0
shrinkage=0.0650755


Tree=118
num_leaves=30
num_cat=0
split_feature=10 3 15 10 8 8 8 6 4 10 12 9 8 6 10 10 15 10 12 14 8 4 0 6 8 10 8 8 10
split_gain=0.14907 0.582603 0.797556 0.327483 0.850143 0.550262 0.35728 0.258805 0.297395 0.317371 0.278258 0.506287 0.195555 0.277304 0.735021 0.706877 0.653777 0.273769 0.660043 0.876413 0.481955 0.378466 0.248509 0.241851 0.85706 0.739565 0.505448 0.75954 0.185476
threshold=-1.1059096613797432 0.44945228162011941 1.0000000180025095e-35 -0.91068553844788325 -0.90050231119618185 -0.2996336183103655 0.47793573350732826 -0.6662823156932024 2.381823035098821 -1.2595572479905159 -0.67414598255139557 -0.1735022416300139 -1.3701753745752276 -0.79092059407653936 -0.70661989474512643 -0.60055800914402568 1.0000000180025095e-35 -0.38390682039496643 0.35096141226961375 1.0000000180025095e-35 -0.12006210351412204 -0.46255576051341812 1.0000000180025095e-35 0.45546218975683034 -1.1007210659419726 0.54068392574214175 -1.0573722555090628 -0.60938565582620374 -1.4771785158344877
decision_type=2 2 2 2 2 2 2 2 2 2 2 2 2 2 2 2 2 2 2 2 2 2 2 2 2 2 2 2 2
left_child=1 7 -3 4 -2 -6 -7 8 9 10 28 -12 -5 14 22 -16 -17 18 19 21 -20 -15 -14 26 -25 -26 -19 -28 -1
right_child=3 2 -4 12 5 6 -8 -9 -10 -11 11 -13 13 17 15 16 -18 23 20 -21 -22 -23 -24 24 25 -27 27 -29 -30
leaf_value=-0.0037108620565758053 -0.011745440242125881 -0.00021786794136775006 0.012818766142692698 0.0036747639247539775 0.0049464356238097962 -0.0079091987524497406 0.00052047284479255656 0.0038244552163465154 0.0032967857372267198 0.0016455035468914418 0 -0.010409499718266942 -0.00037268192844617235 0.0071069931692430855 -0.012898470044593307 -0.006717922394699166 0.0028053501988925035 0.0045623392310080524 0.011487257118146084 -0.0069463592924377373 0.0011495326440909216 0.00023418041568692847 0.0061358163112896994 -0.0082931760066568376 -0.00087608529279497075 0.0041891375810190973 -0.0046395641242858989 -0.00012370492446625467 0.0024981922170381077
leaf_weight=34 32 33 34 55 45 37 32 55 48 58 35 45 46 45 33 57 52 61 40 53 46 134 36 34 226 242 211 633 36
leaf_count=34 32 33 34 55 45 37 32 55 48 58 35 45 46 45 33 57 52 61 40 53 46 134 36 34 226 242 211 633 36
internal_value=0 0.00118377 0.00646689 -0.000209782 -0.0031343 -0.00012855 -0.00388321 0 -0.00092049 -0.00206359 -0.00366551 -0.00619435 0 -0.00010193 -0.00223854 -0.00506576 -0.00202915 0.000166564 0.00188387 0 0.00658715 0.00223884 0.00237945 -0.000209006 0.000907399 0.00170636 -0.000857221 -0.00130201 -0.000228982
internal_weight=2528 378 67 2150 146 114 69 311 256 208 150 80 2004 1949 224 142 109 1725 318 232 86 179 82 1407 502 468 905 844 70
internal_count=2528 378 67 2150 146 114 69 311 256 208 150 80 2004 1949 224 142 109 1725 318 232 86 179 82 1407 502 468 905 844 70
is_linear=0
shrinkage=0.0650755


Tree=119
num_leaves=30
num_cat=0
split_feature=17 18 17 10 9 5 9 1 8 10 5 8 4 5 5 8 4 10 12 12 7 5 9 17 8 0 15 15 12
split_gain=0.134624 0.184576 0.656213 0.435652 0.301018 0.80876 0.273391 0.206301 0.316088 0.404898 0.323416 0.187966 0.589874 0.468567 0.565763 0.545206 0.443549 0.753703 1.12984 0.421223 0.359318 0.417898 0.302022 0.273966 0.515766 0.370385 0.395769 0.263339 0.204974
threshold=2.8191998165809324 1.0000000180025095e-35 1.4567572365165855 -0.0036670249358833995 1.5114153081493849 -0.13346441081574009 1.2339744842072349 -1.4759321159128549 -0.17316260473503578 0.2930154028154951 0.81979529720529409 1.2357189132761148 -0.86868946730254171 -0.68215361783426121 0.044701918371751206 1.7059790552728036 -0.76563445645031036 0.84825168317217503 1.0000000180025095e-35 0.86351510968011858 -1.2668968902584323 -0.55500941399647818 0.043538787518273656 1.4567572365165855 0.013552283520414302 -1.1446077060016007 1.0000000180025095e-35 0.88625919121491659 1.0000000180025095e-35
decision_type=2 2 2 2 2 2 2 2 2 2 2 2 2 2 2 2 2 2 2 2 2 2 2 2 2 2 2 2 2
left_child=1 11 4 -4 6 -6 7 -3 10 -10 -9 16 -13 -14 15 -15 17 18 22 -20 21 -18 -1 25 -25 -22 -27 -21 -19
right_child=-2 2 3 -5 5 -7 -8 8 9 -11 -12 12 13 14 -16 -17 20 28 19 27 23 -23 -24 24 -26 26 -28 -29 -30
leaf_value=0.014069183299596798 0.0038550243445591259 -0.0042969856949195478 -0.011814379630596141 -0.00054077637324187987 0.0016059060833311591 -0.010927282738068917 0.005509877415033667 0.0022510419256659402 0.0003272490392810644 -0.0043968416187059522 -0.0024656932869994109 -0.0073168233907314256 -0.0052572232751528572 -0.00034594361312239382 -0.0028871853713407368 0.0091322462956484121 0 -0.006069986220155304 -0.0026125396380318844 0 -0.0060746667414938258 -0.0091680361163668928 0.0042456726038713928 0.0073075628307800568 -0.0019998317655047326 0.0016930412421091192 -0.0011076448710034287 0.0072076505639913887 0
leaf_weight=47 33 43 32 33 41 34 33 322 189 115 67 49 41 36 49 55 38 33 66 47 36 33 38 57 34 421 417 45 44
leaf_count=47 33 43 32 33 41 34 33 322 189 115 67 49 41 36 49 55 38 33 66 47 36 33 38 57 34 421 417 45 44
internal_value=0 -5.663e-05 -0.000802116 -0.00688087 -0.000268136 -0.00408017 9.45186e-05 -0.0001489 0.00010065 -0.00141979 0.00135505 0.000356091 -0.00131084 0.000328526 0.00225723 0.00529357 0.000660807 0.002759 0.00455367 0.00102988 0 -0.00431137 0.010419 0.000340223 0.00364407 0 0.000271416 0.00390058 -0.00253435
internal_weight=2528 2495 909 65 844 75 769 736 693 304 389 1586 230 181 140 91 1356 320 243 158 1036 71 85 965 91 874 838 92 77
internal_count=2528 2495 909 65 844 75 769 736 693 304 389 1586 230 181 140 91 1356 320 243 158 1036 71 85 965 91 874 838 92 77
is_linear=0
shrinkage=0.0650755


Tree=120
num_leaves=13
num_cat=0
split_feature=6 6 13 5 6 5 3 3 3 8 8 8
split_gain=0.134136 0.443079 0.251714 0.212396 0.187647 0.338954 0.187019 0.28657 0.468768 0.334187 0.237011 0.130932
threshold=3.1351851749985755 2.0446002391443772 3.8747842524045359 2.8104254584366415 1.3590897080360238 -0.83414154720425004 -1.3743786196353738 -1.0084583183143951 -0.9606907157277369 -0.4544749076443772 -0.68777478117051483 -0.013581641033883847
decision_type=2 2 2 2 2 2 2 2 2 2 2 2
left_child=1 2 3 4 6 -6 10 9 -9 -8 -1 -12
right_child=-2 -3 -4 -5 5 -7 7 8 -10 -11 11 -13
leaf_value=-0.0058625253591766489 -0.0034532998262734229 0.0065521802453136707 0.0041842495431294183 -0.0041661497331489557 -0.0077818282997585454 0 -0.00046102059685550895 -0.0070407802843622368 8.9244690889109094e-05 0.0043432259641310823 0.0028538205072431481 -0.0023832004913820451
leaf_weight=45 42 39 53 50 32 52 91 35 1879 138 32 40
leaf_count=45 42 39 53 50 32 52 91 35 1879 138 32 40
internal_value=0 6.23033e-05 -4.36404e-05 -0.000155865 -5.13208e-05 -0.00299071 5.30505e-05 0.000204357 -4.55032e-05 0.00235728 -0.00241189 0
internal_weight=2528 2486 2447 2394 2344 84 2260 2143 1914 229 117 72
internal_count=2528 2486 2447 2394 2344 84 2260 2143 1914 229 117 72
is_linear=0
shrinkage=0.0650755


Tree=121
num_leaves=30
num_cat=0
split_feature=3 3 16 6 6 11 6 11 2 2 6 8 2 2 8 2 3 13 6 11 3 11 8 3 13 13 6 3 3
split_gain=0.133312 0.17207 0.422808 0.305225 0.968657 0.496913 0.296613 0.427122 0.362757 1.0168 0.377399 0.359907 0.484303 0.472776 0.615285 0.619891 0.507125 0.441416 0.770083 0.667493 0.533453 0.258981 0.23877 0.238509 0.226352 0.443473 0.195055 0.194112 0.192313
threshold=2.4614863987988769 1.3395629265272961 1.0000000180025095e-35 0.050387785010985106 0.45546218975683034 0.21492155102016219 -0.41700575892652841 -0.98270155179902219 0.0082327034545126004 0.38892020449313286 -0.91555887245987633 -0.71436842502177778 0.69919285574580281 0.38179623501307935 -0.15090090600725856 -0.11540423404509814 0.25337241808915245 -0.33967632704230805 0.26850477218182484 0.21492155102016219 0.10728143248212955 0.21492155102016219 -0.93206443923558968 1.5441387414184302 -0.32917128995940531 -0.21580754266795019 0.081547354606819361 -0.089704673933957743 0.17749285472945922
decision_type=2 2 2 2 2 2 2 2 2 2 2 2 2 2 2 2 2 2 2 2 2 2 2 2 2 2 2 2 2
left_child=1 6 3 -3 -5 -6 7 22 10 -10 -9 17 13 14 16 -16 -13 18 -8 27 -21 -14 -1 -4 -24 -26 -15 -19 -20
right_child=-2 2 23 4 5 -7 11 8 9 -11 -12 12 21 26 15 -17 -18 19 28 20 -22 -23 24 -25 25 -27 -28 -29 -30
leaf_value=0.0040070044521772381 0.0034732627779120151 0.0050965547675392193 -0.00072776702218222712 -0.0085979088570851715 0.0077546430855968043 -0.0016642678415241877 0.0005896414122813291 -0.006247206308392342 -0.012189860354251066 -0.00094617527751006717 8.5592643177544552e-06 0.002047316723870513 0.0014982011504039983 0.00021880810491570497 -0.0015717445477601577 0.003525706887381407 0.0088788333414472325 0 -0.0033633827223041178 0 0.0074912534275114028 0.0085838775455479143 0.00093216606605906946 -0.0092599022667999627 -0.0081514990083397954 0.00045342419332962663 -0.0045124294789381731 -0.0075364025842652067 -0.012035577248493121
leaf_weight=71 41 35 33 46 38 43 77 41 47 119 306 189 55 47 309 144 66 33 37 79 66 54 276 36 34 58 82 32 34
leaf_count=71 41 35 33 46 38 43 77 41 47 119 306 189 55 47 309 144 66 33 37 79 66 54 276 36 34 58 82 32 34
internal_value=0 -6.87225e-05 -0.00174714 0 -0.00139949 0.00265123 9.54618e-05 -0.000762845 -0.00204206 -0.00452996 -0.000735183 0.000741643 0.00141568 0.000833434 0.00151797 1.42118e-05 0.00404349 -0.000965839 -0.00366225 0.0008579 0.00338373 0.00544271 0.000681729 -0.00583141 0 -0.0027166 -0.00265644 -0.00426385 -0.00834671
internal_weight=2528 2487 231 162 127 81 2256 952 513 166 347 1304 946 837 708 453 255 358 148 210 145 109 439 69 368 92 129 65 71
internal_count=2528 2487 231 162 127 81 2256 952 513 166 347 1304 946 837 708 453 255 358 148 210 145 109 439 69 368 92 129 65 71
is_linear=0
shrinkage=0.0650755


Tree=122
num_leaves=17
num_cat=0
split_feature=9 9 11 9 10 8 11 4 8 11 9 9 4 4 2 8
split_gain=0.134683 0.915536 0.368803 0.28576 0.264316 0.230143 0.362934 0.220746 0.67103 0.282707 0.411105 0.5835 0.316631 0.348741 0.274938 0.164722
threshold=-1.6214746446974193 -1.4222159022248613 -0.18428614991956593 -1.2840401262390628 -0.42060576008623313 2.1581858124231945 1.0000000180025095e-35 -1.0949021080317813 -0.24997826715789098 0.8137331024297545 -1.0313178294301146 -0.78160386104205093 -0.98820330290396907 -0.33854294999967194 -0.039511858377226795 -0.6681925834763297
decision_type=2 2 2 2 2 2 2 2 2 2 2 2 2 2 2 2
left_child=2 -2 4 -3 -1 7 -7 8 -5 10 14 -12 -11 -14 -9 -4
right_child=1 3 15 5 -6 6 -8 9 -10 12 11 -13 13 -15 -16 -17
leaf_value=0.0090228871950559179 -0.0084438832880116433 0.0052067045126226097 -0.0034266544311556081 0.0030841687667627531 0.00013708588612212122 -0.00041266757716739908 0.0080444879347548025 -0.0080924767480497796 -0.0072824577751860907 0.0033415467773026449 0.0043926225195434323 0.0001776127734630933 -0.0042633118867710157 -0.00023283047481605768 0 0.0018609400366442338
leaf_weight=34 50 40 46 37 32 37 33 34 60 43 151 1460 174 215 43 39
leaf_count=34 50 40 46 37 32 37 33 34 60 43 151 1460 174 215 43 39
internal_value=0 -0.000128296 0.00184627 5.67752e-05 0.00536962 -3.31786e-05 0.00350236 -0.0001634 -0.00312436 -9.39603e-06 0.000359661 0.000600061 -0.00149662 -0.00212915 -0.00410399 -0.000753158
internal_weight=2528 2377 151 2327 66 2287 70 2217 97 2120 1688 1611 432 389 77 85
internal_count=2528 2377 151 2327 66 2287 70 2217 97 2120 1688 1611 432 389 77 85
is_linear=0
shrinkage=0.0650755


Tree=123
num_leaves=22
num_cat=0
split_feature=9 9 10 9 13 13 2 9 3 9 4 5 5 4 9 9 5 9 5 4 3
split_gain=0.121131 0.658614 0.278255 0.253555 0.170895 0.805779 0.627696 0.577812 0.519148 0.371882 0.278552 0.296975 0.600685 0.454957 0.437186 1.31638 0.41441 0.200089 0.194502 0.129715 0.106551
threshold=-1.6492544703013423 -1.4222159022248613 -0.17179364332691838 -1.2840401262390628 0.24356306187973728 1.3129973753868389 -0.45532311627933125 0.87157377018169691 0.25804929448404507 -0.21731760184833224 2.2911857679507306 -0.7075433891486308 -0.56488356822093333 -0.49781881437823955 1.0284094218146742 0.53275827965920441 -0.53656517059590836 0.021926803506391753 -0.38284365758627686 -0.37426654727174158 -0.16337338886514416
decision_type=2 2 2 2 2 2 2 2 2 2 2 2 2 2 2 2 2 2 2 2 2
left_child=2 -2 -1 -3 10 6 -6 8 9 -7 11 14 13 -13 15 -5 -14 -12 -8 -16 -4
right_child=1 3 20 4 5 7 18 -9 -10 -11 17 12 16 -15 19 -17 -18 -19 -20 -21 -22
leaf_value=0.0051645773911932983 -0.0065898668737119472 0.0049043324668505981 -0.0031839897047396346 -0.00035398489889069403 0.00037434614458128597 0.0049551862672548514 -0.0037769825278724197 -0.0061088160090234621 0.0073018369959191119 -0.002901761393512703 -0.0066475264776748658 0.0093007197259483629 -0.0063839755992847547 0.0016865014188942842 0.0050392089782248951 -0.011914183837910599 0.00049463056998578191 0 -0.013138733234410359 0 0.0011795507408083538
leaf_weight=57 60 40 33 242 35 34 32 34 58 69 37 52 33 114 42 47 1337 49 35 37 51
leaf_count=57 60 40 33 242 35 34 32 34 58 69 37 52 33 114 42 47 1337 49 35 37 51
internal_value=0 -0.000116486 0.00181527 5.30104e-05 -3.10954e-05 -0.00148323 -0.00606043 0.000874619 0.00263462 0 0.000176186 0.000355138 0.000763283 0.00441298 -0.00126934 -0.00248363 0.000288981 -0.00331951 -0.00956869 0.00276249 -0.000333605
internal_weight=2528 2387 141 2327 2287 297 102 195 161 103 1990 1904 1536 166 368 289 1370 86 67 79 84
internal_count=2528 2387 141 2327 2287 297 102 195 161 103 1990 1904 1536 166 368 289 1370 86 67 79 84
is_linear=0
shrinkage=0.0650755


Tree=124
num_leaves=24
num_cat=0
split_feature=0 11 10 8 11 8 8 6 10 4 13 6 12 9 9 7 5 13 15 4 8 4 7
split_gain=0.124554 0.180149 0.451096 0.321053 0.304153 0.517736 0.60924 0.554164 0.419868 0.410685 0.509889 0.48914 0.487505 0.382776 0.988455 0.402844 0.358736 0.292139 0.404733 0.208797 0.179363 0.15474 0.139195
threshold=2.0956703239782959 1.4125446538393469 0.1485011051567631 0.97521255138906926 0.8137331024297545 0.057381397683256403 -0.54655427145898516 0.8293770249068414 1.813961127238173 -0.98820330290396907 -0.32078618360141403 0.11270692420265362 2.4011762019116332 0.93795638109834212 1.0284094218146742 -1.1370441493747891 -0.52008209230516222 -0.33967632704230805 1.0000000180025095e-35 -0.32775552497385502 0.11789690472362062 -0.38455047849741408 -0.33742463972287789
decision_type=2 2 2 2 2 2 2 2 2 2 2 2 2 2 2 2 2 2 2 2 2 2 2
left_child=1 4 -3 17 8 6 7 19 9 10 11 20 13 15 -15 -11 -7 18 -4 -6 -1 -18 -20
right_child=-2 2 3 -5 5 16 -8 -9 -10 12 -12 -13 -14 14 -16 -17 21 -19 22 -21 -22 -23 -24
leaf_value=0.0045499376331178346 0.0028295566281858159 0.0077547484060827539 -0.0076039651342651336 0.0057909672794204184 -0.0010733315104771057 0.0061817414409923556 -0.010170826569587446 -0.0077054879383753414 0.0067136555487595515 0.0046869054901120116 -0.0086665122702811823 -0.0058537999197246062 0.0067203439747164093 -0.012099167016061381 -0.00063723133864005636 0.00014974496375277314 -0.0039335194843512691 0.002369274057349947 -0.0025705612077101679 0.0051490416242969995 -0.0009550908341095165 0.0012591650535543608 0.0029859914734686409
leaf_weight=49 59 37 42 32 43 34 52 36 34 85 46 46 42 32 291 1295 42 62 32 33 33 37 34
leaf_count=49 59 37 42 32 43 34 52 36 34 85 46 46 42 32 291 1295 42 62 32 33 33 37 34
internal_value=0 -8.1602e-05 0.00158339 0.000177889 -0.000274243 -0.00227305 -0.00458482 -0.00146494 1.41069e-06 -0.000121077 -0.00309886 -0.000668111 0.000169312 0 -0.00201018 0.000462574 0.00092067 -0.000866582 -0.00296722 0.00146582 0.00211714 -0.00127133 0
internal_weight=2528 2469 239 202 2230 277 164 112 1953 1919 174 128 1745 1703 323 1380 113 170 108 76 82 79 66
internal_count=2528 2469 239 202 2230 277 164 112 1953 1919 174 128 1745 1703 323 1380 113 170 108 76 82 79 66
is_linear=0
shrinkage=0.0650755


Tree=125
num_leaves=26
num_cat=0
split_feature=10 13 14 10 11 4 10 13 7 6 16 13 10 4 10 1 12 4 6 12 12 15 7 10 6
split_gain=0.126421 0.514801 0.461912 0.318061 0.488659 0.425978 0.30602 0.231417 0.443333 0.812509 0.429025 0.379558 0.368821 0.435057 0.271586 0.29469 0.215167 0.213804 0.204976 0.13766 0.165941 0.317816 0.130341 0.127694 0.00679707
threshold=-1.1059096613797432 0.42584894298929438 1.0000000180025095e-35 -0.91068553844788325 -0.18428614991956593 -0.039950957546183691 -1.5260423848133715 0.17701643805901665 -0.95166227587642915 0.73589831611933854 1.6165153522599058 0.018297846400106201 0.45833972955897767 -0.45943617856392249 -0.83861078052272608 -1.4759321159128549 1.0000000180025095e-35 0.40070406158625554 -0.16772920215985451 -0.67414598255139557 0.86351510968011858 1.0000000180025095e-35 -0.55185252105047289 -1.3058401568272686 -1.0090375812473789
decision_type=2 2 2 2 2 2 2 2 2 2 2 2 2 2 2 2 2 2 2 2 2 2 2 2 2
left_child=1 2 6 4 5 -2 -1 10 -9 12 11 14 13 -10 -5 18 -17 -15 -16 24 21 23 -12 -21 -8
right_child=3 -3 -4 7 -6 -7 19 8 9 -11 22 -13 -14 17 15 16 -18 -19 -20 20 -22 -23 -24 -25 -26
leaf_value=-0.0051607366922502458 0.0045928253956165352 0.007120457372839192 0.0066195538832832176 0.0049015284902315199 -0.0078516546904817564 -0.0038201785641403569 0.0035161703114491806 -0.0077072670613187446 -0.0084013919121829327 0.0080253965572676493 0.00065834782095478548 0.0057569743272284212 0.0014867932391564877 0.0027107875518525828 0.00019330698195713444 -0.00077371591842349742 0.00080323380220320381 -0.0037773687500828987 -0.0052595115625988492 -0.0060388835683811946 0.002845568794357275 0.0019603245276901909 0.0066286014254814769 -0.00026083396684745027 0.00067542454639568997
leaf_weight=50 40 47 36 39 52 54 35 40 55 34 37 43 63 34 32 771 688 40 76 55 33 48 52 36 38
leaf_count=50 40 47 36 39 52 54 35 40 55 34 37 43 63 34 32 771 688 40 76 55 33 48 52 36 38
internal_value=0 0.00108253 6.09431e-05 -0.000200648 -0.00308311 0 -0.000749819 3.82965e-06 -0.00175307 -0.000452123 0.000291145 3.22435e-05 -0.00223998 -0.00423445 -0.000122322 -0.000277886 -1.28554e-05 -0.000496329 -0.00348352 0.000132748 -0.000767909 -0.00186591 0.00457394 -0.00414161 0.00249152
internal_weight=2528 378 331 2150 146 94 295 2004 266 226 1738 1649 192 129 1606 1567 1459 74 108 245 172 139 89 91 73
internal_count=2528 378 331 2150 146 94 295 2004 266 226 1738 1649 192 129 1606 1567 1459 74 108 245 172 139 89 91 73
is_linear=0
shrinkage=0.0650755


Tree=126
num_leaves=30
num_cat=0
split_feature=17 18 17 4 8 1 7 8 8 7 6 10 6 8 7 5 8 4 4 5 10 10 5 7 10 4 6 10 7
split_gain=0.116522 0.160149 0.561585 0.374375 0.189606 0.648794 0.380162 0.361848 0.353562 0.388483 0.402318 0.345594 0.285762 0.253839 0.212711 0.182367 0.171143 0.483649 0.810878 0.51936 0.723244 0.813518 0.705541 0.443254 0.36735 0.672174 0.683529 0.625559 0.542129
threshold=2.8191998165809324 1.0000000180025095e-35 1.4567572365165855 -0.67313318429009705 0.65899364800738247 -1.4759321159128549 -0.20757189883923458 1.7975757138519453 -0.17316260473503578 -0.32888169624369007 -0.10541006296818604 -1.0118835711607679 -0.074250493372351789 -0.76356628920761604 0.22213815816387586 0.077879413454572013 0.2971122736877177 -0.086485937179991187 1.4853117423185334 -0.52604882448403345 0.75455744704735661 -0.42060576008623313 -0.64752046005547004 -0.18706883448918477 0.8886293643662263 -0.76563445645031036 0.6424196073318359 0.52168348930197384 -0.18279736274959149
decision_type=2 2 2 2 2 2 2 2 2 2 2 2 2 2 2 2 2 2 2 2 2 2 2 2 2 2 2 2 2
left_child=1 16 4 -4 5 -3 -6 12 9 10 -7 -10 15 -11 -13 -8 24 19 -19 22 21 -21 -18 -23 25 26 27 -1 -26
right_child=-2 2 3 -5 6 8 7 -9 11 13 -12 14 -14 -15 -16 -17 17 18 -20 20 -22 23 -24 -25 28 -27 -28 -29 -30
leaf_value=0.004704848200651637 0.0035833242370759463 -0.0090065447228874999 -0.010951219130600603 -0.00044867172471339925 0.0060187387316842514 -0.0074611305595346528 -0.0042222342727172638 -0.005817461697451968 0.0022902777744774464 0 0.00077917208239562977 -0.0011963534286893503 0.0055879130109534342 0.0036358519579671295 -0.0065029845959706668 0.0016086458844926205 -0.0015209673670014752 0.0056921535386557764 -0.0044083189380924124 0 0.0018532999961399039 -0.01375195107943789 0.0089227846592940321 -0.0038864082791870451 -0.0044274404000766328 0.00039597499409855472 0.011592126857849935 -0.0047120470622368888 0.0026356815175576321
leaf_weight=108 33 34 32 33 51 39 33 33 40 163 46 83 41 162 73 46 95 99 43 59 59 52 32 51 118 727 44 34 65
leaf_count=108 33 34 32 33 51 39 33 33 40 163 46 83 41 162 73 46 95 99 43 59 59 52 32 51 118 727 44 34 65
internal_value=0 -5.58442e-05 -0.000750744 -0.00637577 -0.000254379 -0.000829585 0.00140819 -0.000107525 -0.000262476 0.000779163 -0.00292151 -0.00253204 0.00142693 0.00185124 -0.00395527 -0.000632179 0.000327815 -0.000651479 0.00241929 -0.00199115 -0.00389358 -0.0061292 0.00115143 -0.0094908 0.000789239 0.00133857 0.00478894 0.00219945 -0.00178259
internal_weight=2528 2495 909 65 844 640 204 153 606 410 85 196 120 325 156 79 1586 490 142 348 221 162 127 103 1096 913 186 142 183
internal_count=2528 2495 909 65 844 640 204 153 606 410 85 196 120 325 156 79 1586 490 142 348 221 162 127 103 1096 913 186 142 183
is_linear=0
shrinkage=0.0650755


Tree=127
num_leaves=23
num_cat=0
split_feature=0 11 17 7 12 11 10 4 12 4 9 10 9 9 2 5 5 9 10 4 6 9
split_gain=0.12175 0.155989 0.482743 0.414313 0.283834 0.265293 0.366571 0.370577 0.436016 0.36648 0.361753 0.699857 0.318186 0.867167 0.397658 0.296023 0.775523 0.299196 0.22002 0.213909 0.1535 0.0469314
threshold=2.0956703239782959 1.4125446538393469 1.0000000180025095e-35 -0.35365623233333315 -0.67414598255139557 0.8137331024297545 1.813961127238173 -0.98820330290396907 2.4011762019116332 0.15273301029069922 -0.66471179592159524 1.1764130057566893 0.93795638109834212 1.0284094218146742 -1.2356273598074463 -0.51104446484713961 -0.33359692485134973 -0.10251555320101029 -0.3091245453737374 -0.3806207207211928 0.89169616409850982 0.26366727555120995
decision_type=2 2 2 2 2 2 2 2 2 2 2 2 2 2 2 2 2 2 2 2 2 2
left_child=1 5 3 4 -3 6 7 15 12 10 19 18 14 -14 -9 -1 -17 -18 -12 -7 -5 -20
right_child=-2 2 -4 20 -6 9 -8 8 -10 -11 11 -13 13 -15 -16 16 17 -19 21 -21 -22 -23
leaf_value=0.0012730642741299338 0.0028024707982857162 0.00019776004297365364 0.0063460911281811505 0.004819649381773464 -0.0066098557194243027 -0.0024012545313014085 0.0062731611668125015 0.0039149832360867894 0.006357444327930277 0.0031511398664170773 -0.0016580435934014581 0.0020980348679611014 -0.011279672048919408 -0.00054085364316789773 5.440367057550524e-05 -0.0123256880828793 -0.0056150035931215184 0.0013482525712433513 -0.010995299772348369 0.0043865985496557899 0 -0.0048745191678836704
leaf_weight=42 59 38 59 53 47 34 34 121 42 39 38 41 32 291 1259 34 35 63 49 32 42 44
leaf_count=42 59 38 59 53 47 34 34 121 42 39 38 41 32 291 1259 34 35 63 49 32 42 44
internal_value=0 -7.61235e-05 0.00147214 -0.000114348 -0.00344147 -0.000256041 5.6061e-07 -0.000113053 0.000162118 -0.0021228 -0.00313519 -0.0046917 0 -0.00183116 0.000423376 -0.00294214 -0.00446329 -0.0010427 -0.00699947 0.000612142 0.00263506 -0.00873759
internal_weight=2528 2469 239 180 85 2230 1953 1919 1745 277 238 172 1703 323 1380 174 132 98 131 66 95 93
internal_count=2528 2469 239 180 85 2230 1953 1919 1745 277 238 172 1703 323 1380 174 132 98 131 66 95 93
is_linear=0
shrinkage=0.0650755


Tree=128
num_leaves=30
num_cat=0
split_feature=0 10 9 9 12 6 7 6 9 9 15 6 6 9 1 2 12 7 9 2 2 2 7 7 7 9 13 9 6
split_gain=0.107496 0.123931 0.413136 0.586314 0.682713 0.52747 0.654097 0.362383 0.49519 0.825634 0.674418 0.74352 0.483816 0.479251 0.333448 0.336541 0.324784 0.311044 0.308515 0.292661 0.519234 0.392919 0.252696 0.217895 0.217781 0.280763 0.497743 0.262044 0.174095
threshold=2.0956703239782959 0.38269188514461988 -0.49545164863115554 -0.67579976664873309 -0.67414598255139557 -0.043090923776517541 -0.78934634977187412 0.39314305056516186 -1.0145173346674259 -0.060920745500435337 0.88625919121491659 1.1098131512693497 1.016334442481847 -1.6492544703013423 -1.4759321159128549 -0.75709476777381479 0.35096141226961375 0.23580686773057619 -1.371227512837859 -0.54275510494929147 -0.3436071909005381 0.30202974838214497 -0.20073754405588382 0.19907221077007112 1.5864462317900536 -0.56550728126407301 -0.25472374637787865 -0.68671949933292209 -0.29236748054319145
decision_type=2 2 2 2 2 2 2 2 2 2 2 2 2 2 2 2 2 2 2 2 2 2 2 2 2 2 2 2 2
left_child=1 7 3 4 -3 -6 -7 13 -9 12 11 16 -10 23 -4 17 -11 -16 -15 -17 -21 -22 -8 -1 25 27 -27 -20 -19
right_child=-2 2 14 -5 5 6 22 8 9 10 -12 -13 -14 18 15 19 -18 28 24 20 21 -23 -24 -25 -26 26 -28 -29 -30
leaf_value=0.0004808143922345294 0.0026338795145070455 0.0050354319048858693 0.0073429372422581804 -0.0071257846183581395 0.0030327266275676341 0.0014001755746050801 -0.012909455714162237 -0.0093606009332174601 0.0066413592149484439 -0.015479508692068175 0.0022302012318277465 0 -0.0015625015916599734 -0.0061364536604243741 -0.0064667439029876869 0.0076650609826049874 -0.0041870188918523964 -0.0028599044375204044 0.00082729618285600154 -0.0046801043652330938 0.004945566857596331 0.00024201273387803752 -0.0030262480780207167 0.0084726730853105104 -0.0034089211079175886 0.00040179413184794892 -0.0032409290299755008 0.006148948701039084 0.0023057668571699465
leaf_weight=35 59 73 36 56 42 35 32 35 59 35 38 38 48 32 35 33 32 40 215 45 137 187 33 35 73 698 198 49 65
leaf_count=35 59 73 36 56 42 35 32 35 59 35 38 38 48 32 35 33 32 40 215 45 137 187 33 35 73 698 198 49 65
internal_value=0 -7.0996e-05 0.000551572 -0.00148158 0 -0.00250039 -0.00509493 -0.000413292 -0.00250013 -0.00128277 -0.00452036 -0.00718126 0.00282934 2.0986e-05 0.00155201 0.00106038 -0.0110768 -0.00155167 -0.000258647 0.00203898 0.0013767 0.0023501 -0.00880476 0.00509875 -6.26295e-05 0.000139779 -0.000388527 0.00200043 7.15369e-05
internal_weight=2528 2469 849 271 215 142 100 1620 285 250 143 105 107 1335 578 542 67 140 1265 402 369 324 65 70 1233 1160 896 264 105
internal_count=2528 2469 849 271 215 142 100 1620 285 250 143 105 107 1335 578 542 67 140 1265 402 369 324 65 70 1233 1160 896 264 105
is_linear=0
shrinkage=0.0650755


Tree=129
num_leaves=22
num_cat=0
split_feature=3 3 8 11 14 2 3 11 7 0 3 4 5 4 5 5 4 8 3 8 4
split_gain=0.129922 0.134225 0.571956 1.15961 0.871387 0.604454 0.244591 0.230331 0.438859 0.906802 0.516306 0.411796 0.274176 0.315073 1.2238 0.672677 0.524274 0.33468 0.227291 0.0747273 0.04711
threshold=2.4614863987988769 1.2878955338946501 0.85565199509605161 0.21492155102016219 1.0000000180025095e-35 2.2431052561450411 1.0074112315307975 1.0000000180025095e-35 -2.4560746225612746 -1.1446077060016007 0.82607936191354103 0.15273301029069922 -1.0186951952877981 0.2061959111606517 -0.7183463406599836 -0.80718743897874579 -0.71153635366199253 -0.9244777865424576 1.1481810632927465 -0.20711515132130801 -0.38455047849741408
decision_type=2 2 2 2 2 2 2 2 2 2 2 2 2 2 2 2 2 2 2 2 2
left_child=1 6 3 5 -5 -3 7 12 -9 -10 11 -11 -1 15 -15 -14 -17 -16 19 -8 -20
right_child=-2 2 -4 4 -6 -7 18 8 9 10 -12 -13 13 14 17 16 -18 -19 20 -21 -22
leaf_value=0.0037010181442048472 0.0034303841815435127 0.0083718029620098566 -0.0079026897312900485 0 -0.012808747246583787 -0.0011995249313806987 0.0077326914221089943 -0.0053653115762960866 0.010938088170451991 8.0745744311473919e-05 -0.0053096584148091576 0.0035244155254713413 0.0080816093738212361 -0.011115484398561944 -0.0050290682354219478 -0.0026954840726090166 0.00097116098205865704 0 0.0016290110302703711 0.0017166739550735484 -0.0016189460680913171
leaf_weight=51 41 65 43 63 33 38 32 42 33 572 53 201 36 53 64 275 387 346 33 34 33
leaf_count=51 41 65 43 63 33 38 32 42 33 572 53 201 36 53 64 275 387 346 33 34 33
internal_value=0 -6.63719e-05 -0.00151233 0 -0.00499466 0.00471353 8.13138e-05 -7.9716e-05 0.000692687 0.00104607 0.00055964 0.00102457 -0.000674894 -0.000903033 -0.00221004 0 -0.000523055 -0.000882853 0.00275331 0.00531376 0
internal_weight=2528 2487 242 199 96 103 2245 2113 901 859 826 773 1212 1161 463 698 662 410 132 66 66
internal_count=2528 2487 242 199 96 103 2245 2113 901 859 826 773 1212 1161 463 698 662 410 132 66 66
is_linear=0
shrinkage=0.0650755


Tree=130
num_leaves=30
num_cat=0
split_feature=3 6 6 5 3 8 5 4 13 8 3 3 7 13 8 8 8 6 7 3 8 8 6 5 12 3 10 7 7
split_gain=0.115237 0.136803 0.306907 0.276367 0.270432 0.605391 0.628873 0.311928 0.279696 0.898768 0.385258 0.623533 0.555641 0.371423 0.331954 0.377755 0.279648 0.265835 0.280061 0.21072 0.20472 0.827152 1.08496 0.338085 0.562781 0.42973 0.290149 0.41919 0.222087
threshold=2.4614863987988769 -0.10541006296818604 -0.043090923776517541 -1.0186951952877981 1.2878955338946501 0.85565199509605161 -0.35723804734510162 -0.23923763647717566 -0.34043383578767422 -0.75010817442679023 0.10728143248212955 -0.15938547848144871 -0.55185252105047289 -0.21968900039705896 -0.51002192568107507 -0.33251970774758116 -1.0177295355411444 -0.19888877175568878 -0.32888169624369007 -0.36947294423424931 -0.37902019644877377 -0.24096765862772554 -0.79092059407653936 -0.67519561893496316 0.86351510968011858 -0.71819098996271269 -1.5177128184172393 1.1259815782618696 0.12816577989281849
decision_type=2 2 2 2 2 2 2 2 2 2 2 2 2 2 2 2 2 2 2 2 2 2 2 2 2 2 2 2 2
left_child=1 3 -3 -1 8 6 7 -6 9 16 11 -10 -12 -14 -11 -16 -4 20 -19 -20 26 22 -22 25 -25 -23 -5 28 -28
right_child=-2 2 4 17 5 -7 -8 -9 10 14 12 -13 13 -15 15 -17 -18 18 19 -21 21 23 -24 24 -26 -27 27 -29 -30
leaf_value=0.0044175219870484801 0.0032306454910326545 0.0044193434575354731 -0.00085352819283722827 0.0057337186891017874 0.0063004495827202614 -0.008661751909616159 -0.0049783645724321137 -0.00039389413242703244 0.0022263349835941804 0.0048403344067935086 -0.00090565985142016837 -0.0075458932196535355 0.012685165072314861 0.0035316216887330242 -0.0047863602276444969 0.00090100655141981366 -0.008855520342516833 -0.0077521628816317936 0.0022606572156142471 -0.0041244885553087867 -0.014811463300967765 0 2.147586584891357e-05 -0.00065616449190900581 0.0050695279622344483 -0.0093846032737239758 -0.00083670641981979307 -0.0055161498188416331 0.0020411044617524975
leaf_weight=40 41 72 40 37 53 40 63 46 105 73 47 32 33 73 51 407 53 41 36 38 36 39 36 401 83 32 191 46 243
leaf_count=40 41 72 40 37 53 40 63 46 105 73 47 32 33 73 51 407 53 41 36 38 36 39 36 401 83 32 191 46 243
internal_value=0 -6.25671e-05 0.000429729 -0.000531857 0.000132166 -0.00196569 0 0.00307583 0.000630844 -0.000110926 0.00228726 -5.92902e-05 0.00448411 0.00703446 0.000896855 0.000170513 -0.00588062 -0.000725103 -0.00366843 -0.000753411 -0.000393351 -0.00119231 -0.00753447 -0.00026716 0.000315009 -0.00433242 0.000529855 2.42157e-05 0.00072247
internal_weight=2528 2487 1188 1299 1116 202 162 99 914 624 290 137 153 106 531 458 93 1259 115 74 1144 627 72 555 484 71 517 480 434
internal_count=2528 2487 1188 1299 1116 202 162 99 914 624 290 137 153 106 531 458 93 1259 115 74 1144 627 72 555 484 71 517 480 434
is_linear=0
shrinkage=0.0650755


Tree=131
num_leaves=22
num_cat=0
split_feature=10 13 4 10 10 4 5 5 5 10 3 6 12 13 2 4 0 5 4 4 4
split_gain=0.102425 0.462813 0.420655 0.302327 0.291544 0.270232 0.233345 0.232062 0.219664 0.182826 0.209013 0.139808 0.629793 0.420836 0.382228 0.280256 0.18439 0.669775 0.174283 0.199489 0.159816
threshold=-1.1059096613797432 0.42584894298929438 -0.82090371259230854 -1.4725296952367908 -1.042331971701522 0.11380177676635071 1.7251647049085772 -0.38867173438960728 2.045520637313333 -1.3488139735448057 -0.5907404200760763 -0.82208016367237358 0.35096141226961375 -0.31128592190709792 -0.76393623627960905 -0.13258898762296323 1.01557764731833 -0.51410028920055839 -1.1456715130181914 -1.0949021080317813 0.15273301029069922
decision_type=2 2 2 2 2 2 2 2 2 2 2 2 2 2 2 2 2 2 2 2 2
left_child=1 2 -1 5 -2 -4 11 -5 -8 -9 -11 12 13 14 -6 -16 18 -18 -13 -20 -21
right_child=4 -3 3 7 6 -7 8 9 -10 10 -12 16 -14 -15 15 -17 17 -19 19 20 -22
leaf_value=0.0064494940132950995 -0.0054406585046910547 0.006696326221053291 -0.0078408464353868345 0.0042801008116704915 0.0079953694045215469 -0.00039988670990601924 -0.0066847144142055115 0.0018238366010785445 0 0.00085415574151311501 -0.0049319599083488576 0.0039321049462517459 -0.0082573677924417579 -0.0041239564300904136 0.0034412125555512612 -0.0033564993833616369 -0.0028413235448374319 0.007149815435792975 -0.0038373305896733144 -0.00020532794406484834 0.0013613718044578472
leaf_weight=34 39 47 36 50 32 59 38 63 53 34 55 44 41 57 48 45 42 61 51 1255 344
leaf_count=34 39 47 36 50 32 59 38 63 53 34 55 44 41 57 48 45 42 61 51 1255 344
internal_value=0 0.000974901 3.69868e-06 -0.000742805 -0.000180112 -0.00371215 -5.89531e-05 0.000587032 -0.0032034 -0.000562964 -0.00252533 7.76735e-05 -0.0014238 0.000155505 0.00237983 0 0.000281159 0.0028995 9.94905e-05 0 0.000119247
internal_weight=2528 378 331 297 2150 95 2111 202 91 152 89 2020 223 182 125 93 1797 103 1694 1650 1599
internal_count=2528 378 331 297 2150 95 2111 202 91 152 89 2020 223 182 125 93 1797 103 1694 1650 1599
is_linear=0
shrinkage=0.0650755


Tree=132
num_leaves=30
num_cat=0
split_feature=18 11 17 8 4 9 8 4 9 4 9 8 12 12 4 13 11 8 7 11 12 9 9 7 7 7 8 8 9
split_gain=0.109286 0.191228 0.586036 0.269804 0.566836 0.49772 0.407886 0.438348 0.40676 0.378723 0.528962 0.411652 0.362068 0.343857 0.452963 0.341565 0.317417 0.310299 0.310772 0.289635 0.287476 0.790019 0.654024 0.267415 0.259237 0.256446 0.235541 0.161509 0.338001
threshold=1.0000000180025095e-35 1.4125446538393469 1.0000000180025095e-35 0.52445825360189857 -0.45666477035085801 1.4244586108551691 1.0153283790102443 -0.73896672974364552 0.92101795356571714 -0.33854294999967194 1.4424469391565979 -0.71436842502177778 0.35096141226961375 0.35096141226961375 1.0179361079683582 -0.26411066343826345 -0.18428614991956593 -0.94419015810234919 -0.52707798496083103 1.0000000180025095e-35 1.0000000180025095e-35 0.20631162133304343 -0.073416220774986787 -0.011084198817930598 0.31952771382660999 -0.73894298324467 -0.63336684131368426 1.5651092345728679 0.30579111329972858
decision_type=2 2 2 2 2 2 2 2 2 2 2 2 2 2 2 2 2 2 2 2 2 2 2 2 2 2 2 2 2
left_child=1 3 25 4 15 6 16 12 19 11 13 -6 -8 14 -11 20 -5 -17 -19 -9 22 23 -1 -22 -15 -3 -27 28 -2
right_child=27 2 -4 5 9 -7 7 8 -10 10 -12 -13 -14 24 -16 17 -18 18 -20 -21 21 -23 -24 -25 -26 26 -28 -29 -30
leaf_value=0.0077948098109532774 8.1033112126578321e-05 -0.0042670967910348407 0.008582523335230921 -0.0012196898537039198 -0.0091685006767340885 0.0039004713833832795 -0.0088710786531289079 9.1966378396488412e-05 -0.0043957903297193682 -1.2602776785812503e-05 -0.0070794052580885718 0 0 -0.0071037807439156015 0.0044893741505442888 0.00019829916052799024 -0.009090765851508054 0.0014603051675338916 0.010523145471632663 0.0067332191911767944 -0.0056689632375638514 0.0053464735551520797 -0.0009581860878058574 9.4726843202131721e-05 0 -0.0016390028566119568 0.0046636642290735662 0.0020428902210511313 -0.0025750731975983107
leaf_weight=65 538 36 42 51 38 57 37 76 35 272 36 47 41 33 132 46 53 35 51 48 80 58 64 43 42 34 52 81 305
leaf_count=65 538 36 42 51 38 57 37 76 35 272 36 47 41 33 132 46 53 35 51 48 80 58 64 43 42 34 52 81 305
internal_value=0 0.000317295 0.00239354 5.63651e-05 0.000623334 -0.00135576 -0.00234866 -0.000697125 0.00114787 -0.000646315 0 -0.00454622 -0.00460717 0.000633392 0.00143292 0.00239105 -0.0056853 0.00515676 0.00738289 0.00301228 0.00107319 -0.000487277 0.00338777 -0.00353127 -0.0031872 0 0.00194249 -0.000569111 -0.000859708
internal_weight=2528 1604 164 1440 1042 398 341 237 159 600 515 85 78 479 404 442 104 132 86 124 310 181 129 123 75 122 86 924 843
internal_count=2528 1604 164 1440 1042 398 341 237 159 600 515 85 78 479 404 442 104 132 86 124 310 181 129 123 75 122 86 924 843
is_linear=0
shrinkage=0.0650755


Tree=133
num_leaves=27
num_cat=0
split_feature=3 6 5 6 2 1 5 4 3 4 6 2 6 5 5 0 12 6 4 2 6 4 10 10 2 15
split_gain=0.101323 0.119412 0.496772 0.359654 0.376879 0.319348 0.572335 0.801036 0.391719 0.409187 0.321529 0.300065 0.285769 0.284888 0.400663 0.803591 0.410608 0.288402 0.280541 0.529104 0.270754 0.262956 0.216772 0.437235 0.205464 0.176956
threshold=2.4614863987988769 0.51778132894849893 0.0074507563399396513 0.39314305056516186 1.9265915724065314 -1.4759321159128549 -0.44636556953577805 -0.21517015715951851 0.57194108049591175 1.2317550036217837 -0.16772920215985451 0.18639949566761344 -0.16772920215985451 -0.22133183000763718 -0.82398618589533268 1.0000000180025095e-35 1.0000000180025095e-35 0.95401530329017825 -0.65727185243707753 0.44311915158069487 1.016334442481847 -0.54567512708742139 1.813961127238173 1.2098752943001141 0.45791883845631787 1.0000000180025095e-35
decision_type=2 2 2 2 2 2 2 2 2 2 2 2 2 2 2 2 2 2 2 2 2 2 2 2 2 2
left_child=1 3 13 4 5 6 -1 -8 22 12 -11 -5 -10 14 18 16 -16 24 -3 -20 -18 -15 23 -7 -17 -19
right_child=-2 2 -4 11 -6 8 7 -9 9 10 -12 -13 -14 21 15 17 20 25 19 -21 -22 -23 -24 -25 -26 -27
leaf_value=0.0025439028356768474 0.0030247614091294234 0.0016762371908238247 0.0078860530443035804 0 -0.0060071183451597086 0 -0.013222262052240556 0 0.00064114042530835234 0.0026946203623399979 -0.005214025913721566 -0.0079504554091722 0.0064703915269064298 -0.0066036006791912374 -0.0059279836224486113 -0.001287655279895521 0.0041434297160370722 0.0027138270179605617 -0.010178919604980782 0 -0.0019398025953126315 0.00029383786213993483 0.004338149280275665 -0.0047389849458913573 0.0051063734798946232 0.010863230581073953
leaf_weight=37 41 46 34 37 40 1347 34 36 70 36 38 42 104 41 45 33 57 32 32 55 52 34 39 83 35 48
leaf_count=37 41 46 34 37 40 1347 34 36 70 36 38 42 104 41 45 33 57 32 32 55 52 34 39 83 35 48
internal_value=0 -6.28501e-05 0.000772313 -0.000310821 -0.000109275 2.19218e-05 -0.00333268 -0.00673609 0.000254214 0.00262544 -0.00112058 -0.00448875 0.00434535 0.000180168 0.000872948 0.00221297 -0.000940767 0.00558394 -0.00195974 -0.00414099 0.00106291 -0.00333536 -0.000136455 -0.000290049 0.001781 0.00823725
internal_weight=2528 2487 544 1943 1864 1824 107 70 1717 248 74 79 174 510 435 302 154 148 133 87 109 75 1469 1430 68 80
internal_count=2528 2487 544 1943 1864 1824 107 70 1717 248 74 79 174 510 435 302 154 148 133 87 109 75 1469 1430 68 80
is_linear=0
shrinkage=0.0650755


Tree=134
num_leaves=29
num_cat=0
split_feature=5 5 8 8 12 5 7 13 13 7 5 7 3 6 5 5 18 7 8 6 10 10 8 10 8 2 13 5
split_gain=0.0963849 0.437177 0.308597 0.351723 0.42581 0.313501 0.406766 0.280646 0.848495 0.38579 0.33757 0.258246 0.263303 0.230034 0.211333 1.08516 0.458504 0.372441 0.267632 1.30608 0.401109 0.289866 0.459116 0.313947 0.197416 0.155817 0.128025 0.0337203
threshold=0.21866618386554917 0.12136282178442527 -1.1943677709397253 -0.37902019644877377 0.35096141226961375 1.5422297859493208 1.0994984534763907 -0.31128592190709792 0.47950426480585656 0.69456293256292201 0.46633394308076059 1.2566886134934334 -0.77201283333510051 -0.79092059407653936 0.039872093207392406 -0.0073473355500293493 1.0000000180025095e-35 -2.3911482521194523 -1.119478344096738 0.48662175935266461 -0.73510895312339963 0.23575009912500619 0.21959181758521781 0.50010066107992457 0.34794360120615048 0.090541694222074115 -0.32917128995940531 0.71013087158862009
decision_type=2 2 2 2 2 2 2 2 2 2 2 2 2 2 2 2 2 2 2 2 2 2 2 2 2 2 2 2
left_child=1 14 -2 4 5 6 26 9 -9 10 -5 12 -11 -12 15 17 -16 -1 19 20 -19 22 -20 -23 -15 -3 27 -4
right_child=2 25 3 7 -6 -7 -8 8 -10 11 13 -13 -14 24 16 -17 -18 18 21 -21 -22 23 -24 -25 -26 -27 -28 -29
leaf_value=-0.0051174978810648274 -0.0061980932894014403 0.0068659308471415654 -0.00055762449091305137 -0.0074275028457781826 -0.0047094430631493154 0.006669969338884218 -0.0048031750204697923 -0.012227767300618187 0.0014894990111451649 0 0.002076206120226784 -0.0011828105828215266 0.0081476236510280853 0.00021346505875175059 -0.0073882815746867721 0.0093520607831845941 0.0011930253779469794 0.0006930932779186552 -0.0021493859356376227 -0.0055261799392619373 0.010646777549572438 0.0034693690722147588 0.00090999297959099088 0 -0.0053322394673943393 0.00074220697669013245 0.0050721355791192293 0.0019134885139289529
leaf_weight=56 36 50 33 41 32 58 33 32 32 34 59 45 36 36 45 48 45 33 531 45 55 145 322 463 52 43 54 34
leaf_count=56 36 50 33 41 32 58 33 32 32 34 59 45 36 36 45 48 45 33 531 45 55 145 322 463 52 43 54 34
internal_value=0 0.000229723 -0.00068813 -0.000276972 0.00156957 0.00271609 0.000912551 -0.00157618 -0.00538286 -0.000619342 -0.00247465 0.00218298 0.00461693 -0.000736843 0 0.000164479 -0.00299206 -0.000114195 6.08807e-05 0.00281379 0.00741288 -0.000181139 -0.000966789 0.000879318 -0.00290154 0.00446577 0.00279403 0.000393277
internal_weight=2528 1881 647 611 244 212 154 367 64 303 188 115 70 147 1788 1698 90 1650 1594 133 88 1461 853 608 88 93 121 67
internal_count=2528 1881 647 611 244 212 154 367 64 303 188 115 70 147 1788 1698 90 1650 1594 133 88 1461 853 608 88 93 121 67
is_linear=0
shrinkage=0.0650755


Tree=135
num_leaves=30
num_cat=0
split_feature=18 11 4 8 4 9 3 4 11 9 11 2 2 11 9 11 10 9 11 8 10 12 6 9 9 8 11 1 9
split_gain=0.0985468 0.16256 0.562438 0.241038 0.537174 0.455996 0.720839 0.620121 0.339042 0.360555 0.559021 0.638997 0.520791 0.301357 0.261806 0.827841 0.914627 0.850311 0.337087 0.498238 0.252942 0.281785 0.242112 0.372978 0.221202 0.152149 0.61993 0.555914 0.561032
threshold=1.0000000180025095e-35 1.4125446538393469 -0.25108112846234709 0.52445825360189857 -0.45666477035085801 1.5943184536112136 1.2878955338946501 -0.72546521396985353 1.0133369528996188 -1.4222159022248613 -0.58349385085929406 -0.58833408315408431 -0.25856579751646097 -0.98270155179902219 -0.073416220774986787 -0.18428614991956593 -0.011226369146267448 -0.49545164863115554 0.41452540149002631 -0.43807208435712336 -0.23251148943961877 0.86351510968011858 -0.8532397332682079 0.90925374585187735 0.071703523922803658 0.21959181758521781 1.2129408033694828 -1.4759321159128549 0.26366727555120995
decision_type=2 2 2 2 2 2 2 2 2 2 2 2 2 2 2 2 2 2 2 2 2 2 2 2 2 2 2 2 2
left_child=1 3 24 4 13 6 7 20 9 -6 12 -12 -11 -1 15 16 -15 -17 19 -16 -5 -22 -9 -24 -3 27 -27 -2 -29
right_child=25 2 -4 5 8 -7 -8 22 -10 10 11 -13 -14 14 18 17 -18 -19 -20 -21 21 -23 23 -25 -26 26 -28 28 -30
leaf_value=0.0068601219383982717 -0.008956068726078131 -0.0023365992970435213 0.008031776523679179 0 -0.0050867429821440692 0.0053886537042180166 -0.0096054589235134939 -0.002706909664157381 -0.0049760864561932934 0.0018201869137710841 -0.0037126385997668194 0.0042022546535556132 -0.0042326375060002443 0.004333885204333106 -0.0028928875560876965 0.0012767319005581223 -0.0077760767293590174 0.013004097729887367 -0.0046573888996331858 0.0047818947306339605 -0.010146155373445603 -0.0014029296307770936 0.004231509899187815 -0.0022977992607135594 0.0031881193055233303 0.001760376545916072 -0.0064366742026802223 0.00073541370337741174 -0.003553331558656443
leaf_weight=53 32 74 45 34 50 33 42 43 63 92 47 207 141 51 55 65 44 48 48 78 41 38 124 43 45 276 40 393 183
leaf_count=53 32 74 45 34 50 33 42 43 63 92 47 207 141 51 55 65 44 48 48 78 41 38 124 43 45 276 40 393 183
internal_value=0 0.000304823 0.00222025 6.27253e-05 0.000599361 -0.00127065 -0.00200261 -0.000811133 -0.000635817 -4.08156e-05 0.000471318 0.0025994 -0.00174933 0.00232068 0.0015624 0.00311662 -0.00112971 0.00679841 -0.000123919 0.00143691 -0.00464031 -0.00656089 0.0011911 0.0023878 -3.12123e-06 -0.000536998 0.000563845 -0.00114979 -0.000602391
internal_weight=2528 1604 164 1440 1042 398 365 323 600 537 487 254 233 442 389 208 95 113 181 133 113 79 210 167 119 924 316 608 576
internal_count=2528 1604 164 1440 1042 398 365 323 600 537 487 254 233 442 389 208 95 113 181 133 113 79 210 167 119 924 316 608 576
is_linear=0
shrinkage=0.0650755


Tree=136
num_leaves=30
num_cat=0
split_feature=11 6 2 2 9 6 10 10 8 13 7 10 9 9 9 8 9 10 11 12 13 2 9 9 8 11 5 6 7
split_gain=0.100297 0.512671 0.990912 0.429153 0.483234 0.34702 0.311344 0.307495 0.269392 0.356971 0.425544 0.232423 0.206006 0.581684 0.562492 0.48145 0.48934 0.483829 0.320946 0.335032 0.588634 0.580103 0.247328 0.619371 0.220471 0.202129 0.195135 0.193577 0.145182
threshold=-0.78309770132915812 -0.75976102448070504 -0.27043883610983449 -0.94098171233618022 1.2032554303344021 -1.0401971508432133 -0.41519158487793978 -0.6688205967416555 -0.71436842502177778 -0.32917128995940531 0.34771942730792599 -0.73510895312339963 0.85774982676031819 0.74186853447891854 0.62494859644616907 -0.44644187726266371 1.0093196023743205 0.68756701453198643 -0.58349385085929406 -0.67414598255139557 0.24356306187973728 -0.3050148239043744 1.665484894767759 1.5114153081493849 0.62285889867506772 -1.1823054022688861 0.077879413454572013 -0.94671844205571054 0.40153997122680546
decision_type=2 2 2 2 2 2 2 2 2 2 2 2 2 2 2 2 2 2 2 2 2 2 2 2 2 2 2 2 2
left_child=3 2 7 6 8 -6 -1 -2 11 10 25 27 13 14 18 -14 -17 22 -3 20 -20 -21 23 -18 -19 -10 -11 28 -5
right_child=1 12 -4 4 5 -7 -8 -9 9 26 -12 -13 15 -15 -16 16 17 24 19 21 -22 -23 -24 -25 -26 -27 -28 -29 -30
leaf_value=-0.0056491813849146701 0.0041972343760111625 -0.0034052779700266779 -0.01291425301677819 0 0.00093748430026486672 0.010761918606696386 0.0014518914602985556 -0.0039906216978610508 -0.00417759036709327 -0.00016308024582230288 0.0039518223976902859 0.0061082574158495846 -0.0063193221449482015 0.0068271563160911073 -0.0059602608717271828 -0.0061244838974973004 0.0001371065070161916 0.00090780039840121626 0.0033983491764395936 0.0018105778005829663 -0.0042105463375601707 -0.001454575255599717 0.0026790701741003062 -0.0093389141009134567 0.0088469498863066338 0.00087652555992219678 -0.0079509063609486969 -0.0023588528982290097 0.0057459513567866497
leaf_weight=64 34 82 34 32 37 34 32 34 64 33 92 53 63 52 57 45 98 39 308 411 43 512 51 34 34 50 32 42 32
leaf_count=64 34 82 34 32 37 34 32 34 64 33 92 53 63 52 57 45 98 39 308 411 43 512 51 34 34 50 32 42 32
internal_value=0 -0.00023561 -0.00461836 0.000726081 0.00152682 0.00635648 -0.00307847 0 0.000610332 -0.000564769 0.000679085 0.00272314 6.70529e-06 0.000365177 8.73577e-05 -0.00135431 -0.000150269 0.000898056 0.000380129 0.000655207 0.00235165 0 -0.000793366 -0.00236448 0.00524519 -0.00180529 -0.00463878 0.000613285 0.00295489
internal_weight=2528 1931 102 597 501 71 96 68 430 271 206 159 1829 1465 1413 364 301 256 1356 1274 351 923 183 132 73 114 65 106 64
internal_count=2528 1931 102 597 501 71 96 68 430 271 206 159 1829 1465 1413 364 301 256 1356 1274 351 923 183 132 73 114 65 106 64
is_linear=0
shrinkage=0.0650755


Tree=137
num_leaves=30
num_cat=0
split_feature=10 14 13 10 13 8 14 2 10 4 5 5 8 5 11 6 8 8 8 6 13 10 10 4 13 0 4 8 8
split_gain=0.0969133 0.4356 0.37728 0.247131 0.473361 0.467835 0.732333 0.541595 0.342332 0.407371 0.365157 0.511009 0.359156 0.322736 0.41126 0.273218 0.261912 0.757837 0.494774 1.54503 0.508058 0.429009 0.240374 0.196933 0.234556 0.205429 0.180539 0.136529 0.326611
threshold=-1.1059096613797432 1.0000000180025095e-35 0.42584894298929438 -0.51869713454061739 1.15413037834674 -1.1073008537514022 1.0000000180025095e-35 0.34367770623121402 -0.38390682039496643 -0.19245838223341735 -0.88907340719791239 -1.0131239498073736 -0.10898571996945279 1.1768908611797355 -0.38389000038943 0.2996643417776591 0.2971122736877177 0.43454630099422958 -0.2996336183103655 0.73589831611933854 -0.33730579608501565 0.041235496853474711 -1.5260423848133715 -0.48317328868431492 -0.34295494945043642 1.0000000180025095e-35 -0.8449695640460565 0.97521255138906926 -0.10898571996945279
decision_type=2 2 2 2 2 2 2 2 2 2 2 2 2 2 2 2 2 2 2 2 2 2 2 2 2 2 2 2 2
left_child=1 2 22 4 5 -2 23 -8 9 12 11 15 -5 16 -15 -10 18 -18 20 -20 -12 -19 -1 26 25 -25 -7 28 -24
right_child=3 -3 -4 8 -6 6 7 -9 10 -11 13 -13 -14 14 -16 -17 17 21 19 -21 -22 -23 27 24 -26 -27 -28 -29 -30
leaf_value=-0.0046260576441973346 -0.007012611294747167 0.0066921511293903859 0.0057365327382176779 0.0095292830582474029 -0.0081693263669071307 0.000346865999984167 -0.0006853831186160094 -0.011290082768785327 0.0043618924446757025 -0.0011181578831931415 -0.0016346770320590121 -0.0076228736899037926 0.00098625397584670388 -0.0083089843206429013 0 -0.0025210352055408587 -0.0096937762508917755 -0.0035821101777990562 0.00064800655652464301 0.012273438344216793 0.0021798170703548978 0.0013672016771065483 -0.000762616401392227 0.0012615843760824985 0.0039839305327947589 -0.0031306950811832699 0.0065318214387023064 -0.0031902295919798039 0.0046070836155169001
leaf_weight=50 41 44 39 46 37 48 60 32 33 51 318 58 50 36 65 64 32 95 215 60 267 282 144 78 50 84 48 38 63
leaf_count=50 41 44 39 46 37 48 60 32 33 51 318 58 50 36 65 64 32 95 215 60 267 282 144 78 50 84 48 38 63
internal_value=0 0.00094538 3.02043e-05 -0.000177989 -0.00148085 -0.000781422 -5.15947e-06 -0.00501029 0.000182789 0.00313494 -9.44553e-05 -0.00304973 0.00558727 0.000231278 -0.00318985 0 0.000534199 -0.000779038 0.00118846 0.00344145 6.7585e-05 2.51912e-05 -0.000721116 0.00146432 0.000206717 -0.000891001 0.00385132 4.98611e-05 0.000821539
internal_weight=2528 378 334 2150 478 441 400 92 1672 147 1525 155 96 1370 101 97 1269 409 860 275 585 377 295 308 212 162 96 245 207
internal_count=2528 378 334 2150 478 441 400 92 1672 147 1525 155 96 1370 101 97 1269 409 860 275 585 377 295 308 212 162 96 245 207
is_linear=0
shrinkage=0.0650755


Tree=138
num_leaves=16
num_cat=0
split_feature=9 9 7 2 9 8 11 4 8 11 14 7 8 9 9
split_gain=0.100865 0.522376 0.292014 0.640549 0.213588 0.16617 0.310276 0.179063 0.552616 0.246577 0.420517 0.367334 1.04053 0.331911 0.254337
threshold=-1.6492544703013423 -1.4222159022248613 0.12987436858865678 0.42117975728787055 -1.2840401262390628 2.1581858124231945 1.0000000180025095e-35 -1.0949021080317813 -0.24997826715789098 0.8137331024297545 -0.738224098466287 0.83295861692575313 -0.95847582522443064 -1.0313178294301146 -0.76863339811635567
decision_type=2 2 2 2 2 2 2 2 2 2 2 2 2 2 2
left_child=2 -2 3 -1 -3 7 -7 8 -6 11 -11 13 -13 -9 -12
right_child=1 4 -4 -5 5 6 -8 9 -10 10 14 12 -14 -15 -16
leaf_value=-0.0062488242720281197 -0.0058763572702870345 0.0044925074776144148 0.0052388629665275554 0.0043074596202270039 0.0027777145321765681 -0.00060522395454337165 0.0071904895216669826 -0.0034194069359493326 -0.0066023642063580438 0.0050065960743228867 0.0016133072260813026 -0.011860496040060734 -0.00010022745621398361 0.0010040821645942225 -0.002740589834629493
leaf_weight=41 60 40 54 46 37 37 33 69 60 33 57 33 232 1354 342
leaf_count=41 60 40 54 46 37 37 33 69 60 33 57 33 232 1354 342
internal_value=-3.20583e-07 -0.000111423 0.00165093 -0.000462539 3.83679e-05 -3.79391e-05 0.00296303 -0.000150148 -0.00281727 -1.0255e-05 -0.00139987 0.000333619 -0.001843 0.000761292 -0.00204498
internal_weight=2528 2387 141 87 2327 2287 70 2217 97 2120 432 1688 265 1423 399
internal_count=2528 2387 141 87 2327 2287 70 2217 97 2120 432 1688 265 1423 399
is_linear=0
shrinkage=0.0650755


Tree=139
num_leaves=22
num_cat=0
split_feature=0 11 10 5 6 4 4 11 9 8 11 3 8 4 5 6 1 10 9 3 2
split_gain=0.0967983 0.116998 0.287958 0.227695 0.214465 0.19195 0.422008 0.346175 0.326816 0.466305 0.633685 0.310533 0.304597 0.291466 0.405259 0.285091 0.279022 0.528665 0.383338 0.187894 0.134177
threshold=2.0956703239782959 1.612148504309211 0.30459450511722347 -0.69782679310411766 2.543153352677725 -0.98820330290396907 -0.90963647092959699 1.0000000180025095e-35 1.4839219002231452 0.56758892544354522 1.0000000180025095e-35 -0.54423830267792705 -0.82089911764323775 -1.0949021080317813 -0.35186782604709715 -0.043090923776517541 -1.4759321159128549 0.015901199829317352 0.74186853447891854 -0.15938547848144871 0.53077522000538968
decision_type=2 2 2 2 2 2 2 2 2 2 2 2 2 2 2 2 2 2 2 2 2
left_child=1 4 -3 -4 5 12 7 11 16 10 -10 -7 -1 14 -14 -11 17 -8 -18 -15 -5
right_child=-2 2 3 20 -6 6 8 -9 9 15 -12 -13 13 19 -16 -17 18 -19 -20 -21 -22
leaf_value=0.002648283462227096 0.0024912420820499812 0.00648412156991909 -0.0037295139235590663 -0.0002999029833525024 -0.0049537637023079886 -0.0031330214675228834 -0.006787359025077374 0.0091821630425279223 -0.0005577183141283155 -0.0022836907789373891 -0.011292006990237463 0.0051286352728023262 -0.010389275667886694 0.0016998034613616301 0 0.0052972989691629493 -6.5825404319524612e-05 0.0018542312578109848 0.0026071627338227574 -0.0036443961802099033 0.004178664261105392
leaf_weight=39 59 34 40 41 35 32 62 33 58 40 42 33 39 53 32 32 1425 45 262 45 47
leaf_count=39 59 34 40 41 35 32 62 33 58 40 42 33 39 53 32 32 1425 45 262 45 47
internal_value=-3.80177e-07 -7.4747e-05 0.00157306 0 -0.00020429 -0.000109829 7.02389e-05 0.00414215 -0.000129715 -0.00280513 -0.00561625 0.000768559 -0.00197499 -0.00322931 -0.00630471 0.000881901 0.000119753 -0.0030067 0.000340805 -0.000567353 0.0019161
internal_weight=2528 2469 162 128 2307 2272 2064 98 1966 172 100 65 208 169 71 72 1794 107 1687 98 88
internal_count=2528 2469 162 128 2307 2272 2064 98 1966 172 100 65 208 169 71 72 1794 107 1687 98 88
is_linear=0
shrinkage=0.0650755


Tree=140
num_leaves=24
num_cat=0
split_feature=3 3 8 5 5 4 7 3 1 5 5 5 3 8 9 8 9 5 5 18 4 8 4
split_gain=0.0955985 0.104787 0.428969 0.596476 0.74357 0.231055 0.302684 0.185803 0.36229 0.175391 0.427637 0.419631 0.35437 0.318685 0.930377 0.389782 0.66593 0.274627 1.01357 0.433902 0.222201 0.146083 0.128812
threshold=2.4614863987988769 1.2878955338946501 0.85565199509605161 -0.34560719799082434 -0.058090061689085093 -0.23923763647717566 -0.18279736274959149 1.0074112315307975 1.0000000180025095e-35 0.21866618386554917 0.33087056517641972 0.12136282178442527 0.74024564536875281 -0.91692945378463431 -0.39765087737398219 -0.37902019644877377 -0.99949782536233134 0.039872093207392406 1.0000000180025095e-35 1.0000000180025095e-35 1.3240321065846747 -0.44644187726266371 -0.27173106901116995
decision_type=2 2 2 2 2 2 2 2 2 2 2 2 2 2 2 2 2 2 2 2 2 2 2
left_child=1 7 3 5 -5 6 -3 9 -9 11 -11 12 17 14 -12 20 -17 18 -1 -19 -15 -10 -13
right_child=-2 2 -4 4 -6 -7 -8 8 21 10 13 22 -14 15 -16 16 -18 19 -20 -21 -22 -23 -24
leaf_value=0.0001414644455240899 0.0029327616255666695 0.0092733191686937607 -0.006877439754678024 -0.010162849115440648 0.0011768745274684256 -2.7917168850825649e-05 0 -0.0022773538948138712 0.0078684885588160749 -0.0067855039833623803 0.0010820950367963745 0.00094864409909621301 -0.0046480775053668079 0.0049043495307180595 -0.011252230864199599 -0.0090616798316248068 6.511680160561372e-05 -0.0079957192684044012 0.010713242503222701 0.0009234951913144159 -0.0003011920974772152 0.0017161161253397476 0.0071627737510005906
leaf_weight=1279 41 34 43 39 46 47 33 39 36 46 58 38 61 92 37 33 275 38 35 39 40 57 42
leaf_count=1279 41 34 43 39 46 47 33 39 36 46 58 38 61 92 37 33 275 38 35 39 40 57 42
internal_value=-1.62959e-06 -6.56004e-05 -0.00134329 0 -0.0040146 0.00301245 0.00535128 6.36224e-05 0.00239367 -7.52753e-05 -0.00104237 0.000277373 2.52733e-07 -0.000446135 -0.0037834 0.000251529 -0.000957625 0.000237328 0.000480122 -0.00338511 0.00318955 0.00462324 0.00472697
internal_weight=2528 2487 242 199 85 114 67 2245 132 2113 581 1532 1452 535 95 440 308 1391 1314 77 132 93 80
internal_count=2528 2487 242 199 85 114 67 2245 132 2113 581 1532 1452 535 95 440 308 1391 1314 77 132 93 80
is_linear=0
shrinkage=0.0650755


Tree=141
num_leaves=30
num_cat=0
split_feature=11 15 6 2 2 2 8 8 6 8 7 7 13 8 8 8 13 8 14 16 7 8 12 12 6 11 12 15 18
split_gain=0.0923496 0.878397 0.440162 0.912766 0.404399 0.340779 0.255143 0.237766 0.212426 0.216664 0.302788 0.377927 0.17271 0.171694 0.17034 0.164859 0.411547 0.468168 0.382745 0.483221 0.662722 0.64414 0.38245 0.555934 0.369294 0.284033 0.402723 0.270549 0.231432
threshold=-0.78309770132915812 0.88625919121491659 -0.75976102448070504 -0.27043883610983449 -0.94098171233618022 0.84656325296116808 0.15968502983546276 -0.2855796163794565 -0.6662823156932024 -1.0260727101997211 0.31952771382660999 0.84491873779661508 4.0551328532322906 0.042201615330428557 -0.68162243918664356 0.2971122736877177 0.47950426480585656 0.43454630099422958 1.7092913388094815 1.0000000180025095e-35 -0.3451132888541466 -0.29225847774228159 -0.67414598255139557 1.0000000180025095e-35 0.58010046814016736 0.8137331024297545 1.0000000180025095e-35 1.0000000180025095e-35 1.0000000180025095e-35
decision_type=2 2 2 2 2 2 2 2 2 2 2 2 2 2 2 2 2 2 2 2 2 2 2 2 2 2 2 2 2
left_child=1 4 3 6 7 8 -2 -1 9 -6 13 -12 15 -11 -7 18 17 -17 19 22 21 -21 27 -24 -22 26 -19 -4 -27
right_child=2 -3 12 -5 5 14 -8 -9 -10 10 11 -13 -14 -15 -16 16 -18 25 -20 20 24 -23 23 -25 -26 28 -28 -29 -30
leaf_value=0 -0.0034018631609887703 0.010435408067424233 0.0043422413316740694 -0.012254681409963842 0.0050269413118638941 0.00037595102965417041 0.0040475243746282939 -0.0071244506820765975 0.0054070682735266606 -0.0036517403227988511 0.0063362908320134899 -9.1630836396030006e-05 -0.0044026461308378402 0.00054327442758786339 -0.0044614937445739446 -0.0077268871572090843 0.0048773691309705533 -0.0037797488274600782 -0.0044181664303251838 0.0026839188833054318 0.002168097202725074 0.012608192985883098 -0.0034276789591037461 0.00058778535881341232 -0.0058414659427565054 0.003800769183190751 0.00032575740348590119 5.7462672381797226e-05 -0.0012913993851603009
leaf_weight=36 35 32 125 34 43 40 33 43 54 85 55 89 32 58 62 40 44 184 56 97 60 43 211 427 33 86 195 144 52
leaf_count=36 35 32 125 34 43 40 33 43 54 85 55 89 32 58 62 40 44 184 56 97 60 43 211 427 33 86 195 144 52
internal_value=0 0.000694404 -0.00022829 -0.00428882 1.52631e-05 0.000771583 0 -0.00411659 0.0016974 0.000946711 0.000176916 0.0023216 0 -0.00181927 -0.00239957 9.89738e-05 -0.000759393 -0.00128712 0.000552405 0.000835951 0.00345129 0.00622273 0.000122032 -0.000717153 -0.000566827 -0.000674259 -0.00162486 0.00218106 0.00172848
internal_weight=2528 597 1931 102 565 486 68 79 384 330 287 144 1829 143 102 1797 601 557 1196 1140 233 140 907 638 93 517 379 269 138
internal_count=2528 597 1931 102 565 486 68 79 384 330 287 144 1829 143 102 1797 601 557 1196 1140 233 140 907 638 93 517 379 269 138
is_linear=0
shrinkage=0.0650755


Tree=142
num_leaves=11
num_cat=0
split_feature=6 6 13 5 13 6 5 8 5 8
split_gain=0.097075 0.276981 0.236718 0.175919 0.131826 0.149014 0.214933 0.191327 0.266937 0.212584
threshold=3.4000415165631668 2.0446002391443772 3.8747842524045359 2.8104254584366415 2.1766323342875986 1.3590897080360238 -0.67051290024238475 -1.2440082738124432 -0.15132905602497801 -0.72043850562768286
decision_type=2 2 2 2 2 2 2 2 2 2
left_child=1 2 3 4 5 7 -7 8 -1 -9
right_child=-2 -3 -4 -5 -6 6 -8 9 -10 -11
leaf_value=0.0054761355935193934 -0.0030426465621352637 0.0050090056505256841 0.0040617979556231837 -0.0037982075624624656 -0.0031227622535094485 -0.0053525552033961126 0.00073481022122619494 -0.0012554222838762064 -0.00023533294949370983 0.00032819877742477585
leaf_weight=61 39 42 53 50 53 47 33 454 56 1640
leaf_count=61 39 42 53 50 53 47 33 454 56 1640
internal_value=0 4.65217e-05 -3.81631e-05 -0.000147315 -5.11768e-05 1.54245e-05 -0.00264837 0.000128622 0.00263654 -5.3543e-06
internal_weight=2528 2489 2447 2394 2344 2291 80 2211 117 2094
internal_count=2528 2489 2447 2394 2344 2291 80 2211 117 2094
is_linear=0
shrinkage=0.0650755


Tree=143
num_leaves=25
num_cat=0
split_feature=10 9 3 9 0 8 10 8 14 6 12 2 2 6 6 6 6 4 8 9 8 8 8 4
split_gain=0.0926811 0.556565 0.467584 0.313051 0.333433 0.536254 0.230578 0.195649 0.179426 0.146556 0.323571 0.298528 0.260554 0.176963 0.191682 0.264519 0.266585 0.759259 0.171572 0.12993 0.129319 0.128406 0.0536595 0.0336789
threshold=-1.1059096613797432 0.74186853447891854 -0.670548617816623 0.35790528436908148 1.0000000180025095e-35 -0.2855796163794565 -1.042331971701522 -0.83627887818215818 -0.738224098466287 -0.82208016367237358 0.35096141226961375 -0.081816707236912339 -0.95679757802109777 -0.6662823156932024 -0.60396317650153386 -0.57280360690569965 -0.41700575892652841 -0.30810878936209668 -0.48780399844997951 -1.4467498577318632 -0.37902019644877377 -0.69279524671945292 -0.87294278602033704 1.0179361079683582
decision_type=2 2 2 2 2 2 2 2 2 2 2 2 2 2 2 2 2 2 2 2 2 2 2 2
left_child=1 3 -3 4 5 7 -2 -1 -6 10 11 12 -8 20 -15 -16 17 -17 -13 -18 22 -14 -11 -10
right_child=6 2 -4 -5 8 -7 9 -9 23 13 -12 18 21 14 15 16 19 -19 -20 -21 -22 -23 -24 -25
leaf_value=-0.0020400948301536573 -0.0048534072392587115 0 0.0089363895370619742 -0.0051499625579504923 0 -0.0077779447789391642 -0.0028296510110824768 0.0041825394680731895 0.0058440589330084145 0.00097062892994727865 -0.0062744130300389431 0 0.0065495270239019198 -0.0034946967587264235 0.0054648085942761828 0.0026540569680931908 -0.0017889429884870788 -0.0063434233507289979 -0.0065483494363279418 0.00041338444300604671 0 0.00093986922582824485 0.0060160968039581781 0.0014905864813602235
leaf_weight=32 39 36 53 45 50 39 33 39 48 32 45 34 32 61 33 60 116 90 35 1382 59 62 37 36
leaf_count=32 39 36 53 45 50 39 33 39 48 32 45 34 32 61 33 60 116 90 35 1382 59 62 37 36
internal_value=0 0.000925725 0.00530207 -0.000401998 0.000456226 -0.00202645 -0.000172906 0.00109754 0.00267357 -6.37774e-05 -0.00156526 -0.000235117 0.00149406 0.000119949 -4.04726e-05 7.97133e-05 -2.86552e-05 -0.00261272 -0.00364546 0.000221048 0.00241323 0.00332845 0.00423041 0.00444142
internal_weight=2528 378 89 289 244 110 2150 71 134 2111 241 196 127 1870 1742 1681 1648 150 69 1498 128 94 69 84
internal_count=2528 378 89 289 244 110 2150 71 134 2111 241 196 127 1870 1742 1681 1648 150 69 1498 128 94 69 84
is_linear=0
shrinkage=0.0650755


Tree=144
num_leaves=30
num_cat=0
split_feature=0 12 6 4 10 13 6 13 12 4 5 5 2 2 19 4 12 5 8 8 4 8 4 7 8 4 2 4 10
split_gain=0.0875831 0.10856 0.301652 0.273312 0.282741 0.261321 0.680344 0.624552 0.299561 0.275629 0.210725 0.976126 0.795492 1.4123 0.695898 0.306915 0.535414 0.363832 0.293383 0.276938 0.266843 0.399149 0.664366 0.553856 0.265541 0.25424 0.468826 0.399121 0.357027
threshold=2.0956703239782959 1.0000000180025095e-35 1.390249277631858 2.2911857679507306 -1.3457877734402814 -0.072257773200218797 0.2996643417776591 -0.25779541349076945 0.35096141226961375 -0.48317328868431492 -0.24459592825001847 -0.39479095204944287 -0.0041739981441637989 0.67951620494947995 1.0000000180025095e-35 0.42011657487689325 -0.67414598255139557 1.5422297859493208 -1.2196428611152819 -0.73035168571808906 -0.82090371259230854 0.65899364800738247 -0.073218501286353585 -0.16314859274746082 -0.24096765862772554 -0.4490207211994785 -0.76393623627960905 -0.86327429903015929 -0.4519231659555169
decision_type=2 2 2 2 2 2 2 2 2 2 2 2 2 2 2 2 2 2 2 2 2 2 2 2 2 2 2 2 2
left_child=1 10 3 4 -3 7 8 9 -7 -6 11 18 -13 -14 15 25 19 24 -1 -17 -20 23 -23 -22 -18 26 27 -12 -27
right_child=-2 2 -4 -5 5 6 -8 -9 -10 -11 14 12 13 -15 -16 16 17 -19 20 -21 21 22 -24 -25 -26 28 -28 -29 -30
leaf_value=0.0055299488768746864 0.0023720933278031197 0.00644114950678775 -0.0039151878886325726 -0.0033181614527245376 -0.00047904283231956722 -0.0091472259144418158 0.0031722124355804951 0.0071464489986208263 -0.0012223228890189603 0.0020699595756107194 -0.0069122249854216252 0.00080055720381799007 -0.017839708430899517 -0.00058945386842121611 0.0088537587010933238 0 -0.0017397656642410986 -0.0058574494963808763 0.0030646281268633889 0.0059000560483127591 0.00264396724887131 -0.0092588518966004816 0.00083096952172771331 -0.0028840580999932074 0.0051943260631089521 -0.006030170636472384 0.0020654188180455465 0.00097634321225206484 -0.00029914177244543986
leaf_weight=32 59 35 58 60 393 40 66 65 56 308 55 37 41 42 33 37 48 45 67 105 156 54 43 142 34 85 177 39 116
leaf_count=32 59 35 58 60 393 40 66 65 56 308 55 37 41 42 33 37 48 45 67 105 156 54 43 142 34 85 177 39 116
internal_value=0 -6.90032e-05 0.000406886 0.000693426 0.000984438 0.000719651 -0.00155665 0.00124016 -0.00505143 0.000612061 -0.000457673 -0.00135915 -0.00650189 -0.00990648 0.000229404 -0.000175992 0.00152202 -0.00138121 -9.10103e-06 0.00424858 -0.000499371 -0.00119597 -0.00471351 0 0.000976807 -0.00120165 1.74667e-05 -0.00349892 -0.00292844
internal_weight=2528 2469 1081 1023 963 928 162 766 96 701 1388 614 120 83 774 741 269 127 494 142 462 395 97 298 82 472 271 94 201
internal_count=2528 2469 1081 1023 963 928 162 766 96 701 1388 614 120 83 774 741 269 127 494 142 462 395 97 298 82 472 271 94 201
is_linear=0
shrinkage=0.0650755


Tree=145
num_leaves=17
num_cat=0
split_feature=6 6 13 5 17 8 1 2 8 8 3 3 8 13 8 8
split_gain=0.0847748 0.251544 0.206283 0.165337 0.139997 0.362506 0.458057 0.402587 0.208696 0.24429 0.16381 0.285059 0.368281 0.217036 0.193178 0.226854
threshold=3.4000415165631668 2.0446002391443772 3.8747842524045359 2.8104254584366415 1.4567572365165855 -0.38601715685574928 1.0000000180025095e-35 0.10131906673241511 -0.62290377102096295 -0.93752535750740351 -1.3743786196353738 -1.0189617729575222 -0.4544749076443772 2.1766323342875986 -0.73035168571808906 -0.083259600334711234
decision_type=2 2 2 2 2 2 2 2 2 2 2 2 2 2 2 2
left_child=1 2 3 4 10 8 -7 -8 9 -6 14 12 -12 -13 -1 -16
right_child=-2 -3 -4 -5 5 6 7 -9 -10 -11 11 13 -14 -15 15 -17
leaf_value=-0.0059884118908459551 -0.0028452687243107917 0.0047708837746853186 0.0037869464743397994 -0.0036809672017436047 0.0026193525638226588 0.00085737588382480225 -0.0015871048301855518 -0.010127949499009614 0.0053642506349531422 -0.0044904801734254431 -0.00056589565748473014 0.00011892924832938273 0.0046294662575414262 -0.0043720836777708877 0.0030862569743684595 -0.0034365441330025176
leaf_weight=34 39 42 53 50 39 61 62 47 33 32 86 1698 130 42 38 42
leaf_count=34 39 42 53 50 39 61 62 47 33 32 86 1698 130 42 38 42
internal_value=0 4.1216e-05 -3.90122e-05 -0.000141558 -4.80334e-05 -0.00142457 -0.00328606 -0.00576214 0.00139976 -0.000337825 0.000125038 0.000278258 0.00248077 0 -0.00219851 -4.47598e-05
internal_weight=2528 2489 2447 2394 2344 274 170 109 104 71 2070 1956 216 1740 114 80
internal_count=2528 2489 2447 2394 2344 274 170 109 104 71 2070 1956 216 1740 114 80
is_linear=0
shrinkage=0.0650755


Tree=146
num_leaves=19
num_cat=0
split_feature=9 9 11 9 10 13 13 7 7 16 9 5 3 13 11 10 10 3
split_gain=0.0985852 0.530033 0.261577 0.198649 0.191844 0.123978 0.65012 0.539868 0.482487 0.307784 0.322617 0.299362 0.255113 0.247143 0.2426 0.216054 0.176755 0.100602
threshold=-1.6214746446974193 -1.4222159022248613 -0.18428614991956593 -1.2840401262390628 -0.42060576008623313 0.24356306187973728 1.3129973753868389 -0.75175739846345102 -0.26480962014978815 1.6165153522599058 0.053817933078398807 -0.35186782604709715 -0.28176410276370983 0.018297846400106201 2.0113562052489393 1.534805119639888 -0.042568971875159345 -0.042553852668379598
decision_type=2 2 2 2 2 2 2 2 2 2 2 2 2 2 2 2 2 2
left_child=2 -2 4 -3 -1 9 11 -8 -9 13 -11 -7 -10 14 15 -5 -15 -4
right_child=1 3 17 5 -6 6 7 8 12 10 -12 -13 -14 16 -16 -17 -18 -19
leaf_value=0.007658441679850728 -0.0064405702532673468 0.0043217269888249851 -0.0030060938462658812 -0.00024133218519112817 0 -0.0094749859717026957 -0.0053324906235370385 0.0084286709555056651 -0.0024054983527925762 0 0.0072853585177941309 -0.0016732099024423883 0.0034465306635932721 0 -0.0042891318503565914 0.0028992510289396318 0.0063382856680377925 0.0010843238716176341
leaf_weight=34 50 40 39 1679 32 42 40 40 60 47 46 60 55 32 55 93 38 46
leaf_count=34 50 40 39 1679 32 42 40 40 60 47 46 60 55 32 55 93 38 46
internal_value=-3.44823e-07 -0.000113889 0.00157512 2.43918e-05 0.0045475 -4.88191e-05 -0.00128561 0.000821126 0.00267826 0.000125923 0.00368903 -0.005402 0.000211147 -4.45513e-05 -0.000207081 -5.5041e-05 0.00360395 -0.000575324
internal_weight=2528 2377 151 2327 66 2287 297 195 155 1990 93 102 115 1897 1827 1772 70 85
internal_count=2528 2377 151 2327 66 2287 297 195 155 1990 93 102 115 1897 1827 1772 70 85
is_linear=0
shrinkage=0.0650755


Tree=147
num_leaves=26
num_cat=0
split_feature=9 8 7 5 5 7 8 9 0 5 5 10 8 9 9 5 5 5 3 9 5 10 12 9 7
split_gain=0.0911842 0.492335 0.675721 0.373821 0.735826 0.521033 0.35796 0.355747 0.291153 0.289771 0.61822 0.359379 0.282888 0.578887 0.307285 0.273957 0.522026 0.272874 0.258326 0.691679 0.575081 0.229075 0.620758 0.156317 0.144373
threshold=-0.78160386104205093 1.7656387182997568 0.63049085646902003 -0.45878857265640383 -0.33937714905324662 -0.57918994018387226 1.6668750589913373 -1.0696029638777198 1.0000000180025095e-35 -1.0186951952877981 -0.92745727058675242 0.041235496853474711 1.3408903144075663 0.42682659082374991 -0.69410122739150271 -0.38867173438960728 0.044701918371751206 -0.75438407188518264 0.95236573478685627 0.46185499740993391 -0.7183463406599836 -0.64900298033192449 -0.67414598255139557 1.2032554303344021 -0.30325286580612903
decision_type=2 2 2 2 2 2 2 2 2 2 2 2 2 2 2 2 2 2 2 2 2 2 2 2 2
left_child=1 2 3 7 -5 -6 9 17 -4 11 -11 -2 14 -14 -12 23 -17 -1 20 -20 -16 -7 -23 -8 -9
right_child=6 -3 8 4 5 21 15 24 -10 10 12 -13 13 -15 18 16 -18 -19 19 -21 -22 22 -24 -25 -26
leaf_value=0.003470745911098346 0.0068579799584628769 -0.0047154976802690728 0.0018931914320574471 -0.0090299467876049332 0.0057537651395505934 0.0016820150784263481 0.0026742159401265285 0.0014395500530406669 0.010359329544287636 -0.0074458260196267256 -0.0046263456749198323 -0.0004205999609625847 0.0010665548983794851 -0.0093603731384242633 -0.0044687680760800543 0.010213323212849366 0 -0.0036260356020013868 -0.00050833064395771461 0.0063151954228952605 1.5652377573830022e-05 0.0034490226665287557 -0.0062759557333740617 -0.0031700283389309272 0.0087279965309013871
leaf_weight=40 45 56 46 38 51 53 36 32 41 51 60 53 37 39 129 39 32 42 172 89 1163 34 80 32 38
leaf_count=40 45 56 46 38 51 53 36 32 41 51 60 53 37 39 129 39 32 42 172 89 1163 34 80 32 38
internal_value=0 0.00072833 0.00143367 0.000231992 -0.00121455 0.000201759 -0.000214642 0.00278979 0.00648924 -0.000469842 -0.00067812 0.00284386 -0.000438418 -0.00421467 -0.000233036 0.002889 0.00557965 0 -3.34885e-05 0.00179697 -0.00042781 -0.00146247 -0.00314328 0 0.00603713
internal_weight=2528 551 495 408 256 218 1977 152 87 1838 1740 98 1689 76 1613 139 71 82 1553 261 1292 167 114 68 70
internal_count=2528 551 495 408 256 218 1977 152 87 1838 1740 98 1689 76 1613 139 71 82 1553 261 1292 167 114 68 70
is_linear=0
shrinkage=0.0650755


Tree=148
num_leaves=30
num_cat=0
split_feature=10 3 15 10 6 6 12 10 4 5 7 5 17 10 5 4 5 5 6 5 14 6 6 5 12 10 7 6 5
split_gain=0.088444 0.372225 0.571405 0.211857 0.368921 0.536501 0.367954 0.336446 0.321733 0.309395 0.428325 0.608738 0.289776 0.309203 0.250317 0.244932 0.550623 0.322179 0.608156 0.348282 0.305937 0.214815 0.269416 0.187258 0.185761 0.197663 0.394632 0.304314 0.267093
threshold=-1.1059096613797432 0.44945228162011941 1.0000000180025095e-35 -0.51869713454061739 0.17502606339432206 -0.10541006296818604 1.0000000180025095e-35 -0.38390682039496643 -0.19245838223341735 -0.88907340719791239 1.0000000180025095e-35 -1.0131239498073736 1.0000000180025095e-35 -0.99938535613924373 1.1768908611797355 0.15273301029069922 -0.50161200803694039 -0.51410028920055839 0.45546218975683034 -0.64752046005547004 -0.738224098466287 -0.8532397332682079 -1.0401971508432133 0.71013087158862009 0.86351510968011858 -1.2595572479905159 0.23836975077433117 -1.1648354292265501 1.0000000180025095e-35
decision_type=2 2 2 2 2 2 2 2 2 2 2 2 2 2 2 2 2 2 2 2 2 2 2 2 2 2 2 2 2
left_child=1 24 -3 4 5 12 -6 8 -5 10 11 -9 13 -2 15 17 -17 19 -19 -11 -18 22 -15 -14 25 26 -1 -28 -29
right_child=3 2 -4 7 6 -7 -8 9 -10 14 -12 -13 23 21 -16 16 20 18 -20 -21 -22 -23 -24 -25 -26 -27 27 28 -30
leaf_value=-0.0069230109122694079 -0.0051171076865422181 -0.00040517699466576765 0.010529615721467387 0.0052626343866324895 -0.010292215406741592 0.0053567037026212719 -1.2686462108554415e-05 -0.0011262424720639931 -0.00064424660766682399 0 0.0020672194903965926 -0.011600894936909368 -0.0073530210425771904 0.0013004119339205052 -0.0028200031513629345 -0.0016359714374943788 0 -0.0019929662242539892 0.0018990215278936479 0.0044172964138355511 0.0070518041304599814 0.0021391508051467893 -0.0049982350376214062 -0.00011962726119652286 0.0037171768470199524 0.0017306280635626637 -0.0039299264964517506 -0.0017389252409248102 0.0048751347903590201
leaf_weight=45 45 33 34 96 32 50 33 76 51 189 44 35 47 49 101 76 42 503 246 123 90 141 49 32 42 82 52 35 55
leaf_count=45 45 33 34 96 32 50 33 76 51 189 44 35 47 49 101 76 42 503 246 123 90 141 49 32 42 82 52 35 55
internal_value=0 0.00090638 0.00513088 -0.00016693 -0.00137358 -0.000559635 -0.00579206 0.000166112 0.00309361 -0.000108633 -0.00282862 -0.00499 -0.00150194 -0.000405401 0.000189798 0.000458705 0.00247558 3.04937e-05 -0.000677621 0.00179361 0.0049994 0.000463081 -0.00169298 -0.00489615 0 -0.000714257 -0.00193297 -6.22571e-06 0.00208226
internal_weight=2528 378 67 2150 478 413 65 1672 147 1525 155 111 363 284 1370 1269 208 1061 749 312 132 239 98 79 311 269 187 142 90
internal_count=2528 378 67 2150 478 413 65 1672 147 1525 155 111 363 284 1370 1269 208 1061 749 312 132 239 98 79 311 269 187 142 90
is_linear=0
shrinkage=0.0650755


Tree=149
num_leaves=30
num_cat=0
split_feature=11 8 7 7 5 11 8 0 4 0 4 12 10 8 11 8 10 8 7 10 12 10 5 8 5 2 5 8 8
split_gain=0.107388 0.25583 0.363891 0.225338 0.201327 0.410389 0.214154 0.39721 0.391726 0.386716 0.360626 0.593233 0.950111 0.429605 0.382243 0.371819 0.293649 0.273043 0.221761 0.853757 0.458044 0.662899 0.268092 0.186447 0.182452 0.130848 0.303553 0.195138 0.0751574
threshold=-0.98270155179902219 -0.93206443923558968 0.23836975077433117 0.26570716990773052 1.7909860845343473 -0.18428614991956593 -0.71436842502177778 -1.1446077060016007 -1.0076433851467883 2.0956703239782959 -0.55338443733402476 1.0000000180025095e-35 1.1313429821165275 1.6668750589913373 1.0000000180025095e-35 -0.18728634455765958 1.2766684468578708 -0.77216774719219738 0.33148783469747195 -0.15606078145320249 0.35096141226961375 0.2645649987104845 -0.5752718238428508 0.042201615330428557 -0.22830079370243758 -0.66466540747020042 0.42814310094508806 -0.46093656480603734 0.77545912141299056
decision_type=2 2 2 2 2 2 2 2 2 2 2 2 2 2 2 2 2 2 2 2 2 2 2 2 2 2 2 2 2
left_child=1 2 -1 23 6 -6 8 -8 -2 10 11 12 -9 16 -15 -13 -12 18 20 -20 22 -22 -10 24 -3 26 -5 -27 -25
right_child=4 3 -4 25 5 -7 7 9 17 -11 13 15 -14 14 -16 -17 -18 -19 19 -21 21 -23 -24 28 -26 27 -28 -29 -30
leaf_value=0.0090013969548816356 0.0041071700093126533 -0.0072790059302824377 0 0.002941957269555802 -0.0085045722774996502 0.00040906956346878386 0.0053207688193197544 -0.0072994882562531583 -0.0018748421840401991 0.0064957304152939268 0.00060621606655626053 0.0032796080682937316 0.0015439097376612669 0 0.0092950390589711801 -0.0012536159640895918 -0.0042785731804098866 -0.0056473905780359311 -0.0099514044961639663 0.0013479861173727045 0.0011567842410458182 -0.009548853054253785 0.0025303040017966598 0.0027136684457999168 -0.00068619987446699694 0.0066984450537397678 -0.0036351459885868875 0.00060101154576446382 -0.00097307643209254579
leaf_weight=32 47 32 43 60 32 41 60 134 75 34 687 112 73 41 40 212 51 64 45 56 41 43 181 35 56 37 50 73 41
leaf_count=32 47 32 43 60 32 41 60 134 75 34 687 112 73 41 40 212 51 64 45 56 41 43 181 35 56 37 50 73 41
internal_value=0 0.000886934 0.00425112 0.00012112 -0.000208208 -0.00346258 -6.86561e-05 0.000335091 -0.0011634 8.32577e-05 -8.23742e-05 -0.00141262 -0.00409887 0.000753028 0.00512462 0.000262666 0.000209474 -0.00173707 -0.00105867 -0.00367472 -0.000168675 -0.0042635 0.00113327 -0.00160667 -0.00360601 0.00152692 0 0.00306446 0.000476684
internal_weight=2528 459 75 384 2069 73 1996 1444 552 1384 1350 531 207 819 81 324 738 505 441 101 340 84 256 164 88 220 110 110 76
internal_count=2528 459 75 384 2069 73 1996 1444 552 1384 1350 531 207 819 81 324 738 505 441 101 340 84 256 164 88 220 110 110 76
is_linear=0
shrinkage=0.0650755


Tree=150
num_leaves=30
num_cat=0
split_feature=11 8 3 3 8 5 9 5 11 8 9 8 8 8 5 5 8 7 5 7 8 3 18 0 3 1 2 5 5
split_gain=0.0948462 0.231964 0.556865 0.31972 0.559553 0.360205 0.195718 0.177563 0.367402 0.190795 0.405366 0.296031 0.363323 0.425549 0.360713 0.294924 0.256522 0.572324 0.997834 1.00393 0.412031 0.281511 0.253869 0.303805 0.249704 0.244573 0.217439 0.124962 0.0822418
threshold=-0.98270155179902219 -0.43807208435712336 -1.1620784171428722 -0.97299208459282693 -0.17772439867318807 0.51409293244168019 0.84757696692981699 1.7909860845343473 -0.18428614991956593 -0.71436842502177778 1.77894466222171 -0.50329542683273187 -0.46093656480603734 -0.38601715685574928 -0.40585389196061433 -0.69029202587466065 -0.84974589241663356 0.22982680729514457 -0.13978818290873962 -0.44164855016896026 -0.90050231119618185 -0.99034882853133044 1.0000000180025095e-35 1.0000000180025095e-35 -0.34530712022767079 1.0000000180025095e-35 0.13185650191754023 -0.10222724496435799 0.81979529720529409
decision_type=2 2 2 2 2 2 2 2 2 2 2 2 2 2 2 2 2 2 2 2 2 2 2 2 2 2 2 2 2
left_child=1 2 -1 -3 -5 6 -6 9 -9 16 11 14 -13 -14 26 -15 20 18 19 -18 21 -2 23 -16 27 -26 -11 -23 -4
right_child=7 3 28 4 5 -7 -8 8 -10 10 -12 12 13 15 22 -17 17 -19 -20 -21 -22 24 -24 -25 25 -27 -28 -29 -30
leaf_value=-0.0037126807153040819 -0.0053037121264764469 0.0035623243635196987 0.0056458010047776702 -0.008200191134713878 -0.0042351181067475418 0.0038211704723570012 0.0011996614534693962 -0.0080236186561991035 0.00038525095060186617 0.0079303628413567254 0.0052748937922277757 -0.0055408274058427543 0.005275713860909856 -0.0023082854790978111 -0.0017674026517538234 0.00020641060093618257 -0.0011195294256285938 0.002583193939420015 0.0031247118790709585 -0.016127619084460271 0.005903119651928382 0.0042274801750201837 -0.0040306280251267042 0.0060988418882614165 -0.0044586849581961371 0 0.00064578763028918813 0 0.001644353987473665
leaf_weight=40 48 59 95 39 69 62 33 32 41 52 62 49 55 249 32 831 40 42 32 41 37 61 40 36 68 149 38 34 62
leaf_count=40 48 59 95 39 69 62 33 32 41 52 62 49 55 249 32 831 40 42 32 41 37 61 40 36 68 149 38 34 62
internal_value=0 0.00083667 0.00251234 -0.000352408 -0.00166651 0 -0.00226847 -0.000192656 -0.00324903 -6.08426e-05 0.000319537 6.16655e-05 -0.000312105 -4.19936e-05 0.00237403 -0.000358052 -0.00109485 -0.0033051 -0.00572158 -0.00948632 -0.000140503 -0.000899867 0 0.00218258 -7.31807e-05 -0.00136282 0.00530705 0.0025462 0.00431589
internal_weight=2528 459 197 262 203 164 102 2069 73 1996 1444 1382 1184 1135 198 1080 552 155 113 81 397 360 108 68 312 217 90 95 157
internal_count=2528 459 197 262 203 164 102 2069 73 1996 1444 1382 1184 1135 198 1080 552 155 113 81 397 360 108 68 312 217 90 95 157
is_linear=0
shrinkage=0.0650755


Tree=151
num_leaves=18
num_cat=0
split_feature=9 9 2 2 9 8 10 2 17 10 9 8 9 6 8 6 6
split_gain=0.0939502 0.460643 0.194705 0.236252 0.18682 0.128918 0.140399 0.55793 0.605961 0.441473 0.333825 0.594038 0.271743 0.251944 0.466218 0.377433 0.0879648
threshold=-1.6214746446974193 -1.4222159022248613 0.34696626009948633 -0.20625880261118809 -1.2840401262390628 2.1581858124231945 -0.51869713454061739 -1.4327136312961459 1.4567572365165855 -0.38390682039496643 -0.077928693723444534 0.057381397683256403 1.2032554303344021 1.3590897080360238 -0.0074836888475316487 0.73589831611933854 -0.043090923776517541
decision_type=2 2 2 2 2 2 2 2 2 2 2 2 2 2 2 2 2
left_child=2 -2 3 -1 -3 6 7 -6 12 10 -8 -12 -9 15 -15 -11 -7
right_child=1 4 -4 -5 5 16 9 8 -10 13 11 -13 -14 14 -16 -17 -18
leaf_value=0.002290261170354187 -0.0060022058574500719 0.0041918238665975133 0.0042266046505849012 -0.0041068622274048096 -0.0083039773770623923 0.0047495425772084016 0 -0.00051473130007090632 -0.0085455750298895974 -0.00034380127517772275 0.012590535510080849 0.00038085040036576985 0.0030773090514685003 9.9384988502826234e-05 -0.0073738106031696112 0.0027326876031195193 0
leaf_weight=52 50 40 62 37 36 34 59 592 32 999 32 40 100 79 51 197 36
leaf_count=52 50 40 62 37 36 34 59 592 32 999 32 40 100 79 51 197 36
internal_value=0 -0.000103887 0.00154542 -0.000177692 2.43018e-05 -4.63701e-05 -0.000146398 -0.000867187 -0.000410667 0.000214133 0.00375428 0.00658189 0 -0.000129201 -0.00280625 0.000151107 0.00259345
internal_weight=2528 2377 151 89 2327 2287 2217 760 724 1457 131 72 692 1326 130 1196 70
internal_count=2528 2377 151 89 2327 2287 2217 760 724 1457 131 72 692 1326 130 1196 70
is_linear=0
shrinkage=0.0650755


Tree=152
num_leaves=29
num_cat=0
split_feature=9 10 7 8 7 5 10 11 5 5 8 11 7 3 5 5 10 7 6 9 10 6 10 17 9 8 6 2
split_gain=0.0898392 0.474027 0.443498 0.536596 0.735983 0.396208 0.449866 0.551064 0.298827 0.624782 0.291698 0.394686 0.356033 0.279385 0.260983 0.498857 0.307541 0.25502 0.573946 0.55373 0.803528 0.420172 0.33027 0.464182 0.372506 0.22692 0.121709 0.000361509
threshold=-0.78160386104205093 0.63459147618977874 -0.65095066540904278 1.7975757138519453 0.63049085646902003 -0.75438407188518264 -0.029059732861859547 -0.78309770132915812 -0.45878857265640383 0.061506137650899309 1.6668750589913373 1.0000000180025095e-35 -0.066613331432647124 0.12028576142170296 -1.0186951952877981 -0.92745727058675242 0.041235496853474711 -0.77226046281349958 1.2032918600568523 1.1129823073903073 0.36309302328875931 0.2996643417776591 1.1239849264550583 1.4567572365165855 -0.31254035489086651 -0.083259600334711234 0.92285573369434404 -0.77882798733465475
decision_type=2 2 2 2 2 2 2 2 2 2 2 2 2 2 2 2 2 2 2 2 2 2 2 2 2 2 2 2
left_child=1 2 26 4 5 -4 7 -7 -3 -10 14 12 -12 -8 16 -16 -2 19 22 20 25 -22 23 -19 -24 -17 -1 -6
right_child=10 8 3 -5 27 6 13 -9 9 -11 11 -13 -14 -15 15 17 -18 18 -20 -21 21 -23 24 -25 -26 -27 -28 -29
leaf_value=0.0090471293785712413 0.0064150610256121015 0.001584482303659569 0.0058605791760077217 -0.0065259444015161186 0.0093819673402140806 0.00065935196771204773 0.006429602323368159 -0.0073237069336087894 -0.0087513112350324686 0.0010426436457705234 -0.0050358304041658577 0.0065859303561911688 0.0031180917959465577 -0.00069788293826131774 -0.0067199245234793809 -0.0019630627764208992 -0.00028488709676459286 -0.00028355264772487521 0.006314118540580704 -0.0095779400426435849 -0.0029752662761948381 0.0050045122094863909 -0.0025252511823313896 -0.0046787627733877622 0.0046163229656870693 -0.0096715677770166132 0.0019396788646116945 0.0037929824629791033
leaf_weight=38 45 43 36 32 35 61 36 69 55 42 34 56 49 40 51 53 53 1155 52 34 33 83 35 109 102 33 32 32
leaf_count=38 45 43 36 32 35 61 36 69 55 42 34 56 49 40 51 53 53 1155 52 34 33 83 35 109 102 33 32 32
internal_value=0 0.000730226 0.00187546 0.000783965 0.00170914 0 -0.00114368 -0.00350316 -0.00241008 -0.00441707 -0.000205965 0.00259273 -3.10942e-05 0.0025518 -0.000437389 -0.000635694 0.00270556 -0.000418638 -7.55022e-05 -0.00238383 -0.000857197 0.00249976 -0.000351257 -0.000698577 0.00259208 -0.00555219 0.00646591 0.00749392
internal_weight=2528 551 411 341 309 242 206 130 140 97 1977 139 83 76 1838 1740 98 1689 1453 236 202 116 1401 1264 137 86 70 67
internal_count=2528 551 411 341 309 242 206 130 140 97 1977 139 83 76 1838 1740 98 1689 1453 236 202 116 1401 1264 137 86 70 67
is_linear=0
shrinkage=0.0650755


Tree=153
num_leaves=30
num_cat=0
split_feature=9 10 1 11 7 7 9 9 7 13 7 5 5 10 4 5 13 9 7 9 4 4 9 7 10 4 9 4 5
split_gain=0.0831267 0.430488 0.299929 0.484748 0.378571 0.319047 0.293133 0.421104 0.220856 0.590477 0.340253 0.334583 0.836172 0.452027 0.581095 0.305913 0.32358 0.295191 0.51286 0.378064 0.277011 0.441609 0.58299 0.346515 0.204771 0.185138 0.184905 0.177296 0.140952
threshold=-0.78160386104205093 1.2557771006352942 -1.4759321159128549 0.8137331024297545 0.45450622079776465 -0.65095066540904278 -1.0313178294301146 -1.6214746446974193 -0.65095066540904278 3.8747842524045359 -0.54160098887544927 -1.0186951952877981 -0.7075433891486308 0.23575009912500619 -0.31387894862066579 0.077879413454572013 -0.085594816081277128 0.4749076480739971 -0.2613924427581128 0.30579111329972858 -0.42531036566000679 -0.55940924562416361 0.071703523922803658 -0.90894755848049369 0.0077136520964310009 0.36748307978074674 0.09220076291790201 0.15273301029069922 0.28749605085447588
decision_type=2 2 2 2 2 2 2 2 2 2 2 2 2 2 2 2 2 2 2 2 2 2 2 2 2 2 2 2 2
left_child=1 2 -1 4 5 -4 7 -7 15 10 27 -12 13 14 -13 16 20 19 -19 -14 21 22 -2 -22 -8 28 -15 -10 -6
right_child=8 -3 3 -5 25 6 24 -9 9 -11 11 12 17 26 -16 -17 -18 18 -20 -21 23 -23 -24 -25 -26 -27 -28 -29 -30
leaf_value=-0.0039627382316234179 0.0061601501560524111 -0.0043793517533227055 0.0037575203731259714 0.0064116983715559453 0.004208524175698022 0.0003863694651868874 -0.0012583845591847029 -0.0062048347373561156 0 0.00765554546770922 0.0043882544480070623 -0.0013049341051742523 -6.9095992115768433e-05 -0.0039912972588018484 -0.010983467308468159 -0.0056975573750148887 -0.0048107556364672998 0.0055603444692858628 0.00021184668994476131 -0.0043506217423309916 0.00074478137713008142 0.0082981164871446175 -0.003935838959118654 -0.0064715844987006214 0.0048394841403905306 0.0077227143665393643 0.0019493079301011016 0.0071089806867187339 -0.00099340064543183685
leaf_weight=34 35 56 54 78 35 63 41 84 32 38 56 56 710 32 63 62 58 95 366 97 63 34 57 39 36 36 48 36 34
leaf_count=34 35 56 54 78 35 63 41 84 32 38 56 56 710 32 63 62 58 95 366 97 63 34 57 39 36 36 48 36 34
internal_value=0 0.000703673 0.00136535 0.00184883 0.000787064 -0.000403433 -0.00157361 -0.00329316 -0.000196866 0.000108207 -7.90128e-05 -0.000301195 -0.000510951 -0.00438249 -0.00685858 -0.0016776 -0.000640318 9.13505e-05 0.00141375 -0.000637249 0.000391096 0.00247775 0 -0.00194846 0.00140485 0.00404553 -0.000224621 0.004245 0.00140985
internal_weight=2528 551 495 461 383 278 224 147 1977 1629 1591 1523 1467 199 119 348 286 1268 461 807 228 126 92 102 77 105 80 68 69
internal_count=2528 551 495 461 383 278 224 147 1977 1629 1591 1523 1467 199 119 348 286 1268 461 807 228 126 92 102 77 105 80 68 69
is_linear=0
shrinkage=0.0650755


Tree=154
num_leaves=23
num_cat=0
split_feature=11 8 7 7 9 9 7 9 5 8 13 13 13 5 8 13 16 5 5 5 8 8
split_gain=0.0849252 0.200124 0.335899 0.216756 0.228317 0.474243 0.311048 0.209591 0.166247 0.370778 0.194536 0.244247 0.602189 0.449592 0.296345 0.26421 0.268065 0.202353 0.157497 0.128743 0.129072 0.0721806
threshold=-0.98270155179902219 -0.93206443923558968 0.23836975077433117 0.26570716990773052 0.56220833067860065 0.021926803506391753 0.83295861692575313 0.49197826545808798 1.7909860845343473 0.093353487690607015 4.0551328532322906 1.3129973753868389 0.19680195312431867 -0.086138626634831086 -0.31492904511270164 0.018297846400106201 1.6165153522599058 -0.058090061689085093 -0.41293124081651128 1.0494725983622291 -0.25894392973139985 -0.57198181406425364
decision_type=2 2 2 2 2 2 2 2 2 2 2 2 2 2 2 2 2 2 2 2 2 2
left_child=1 2 -1 7 5 6 -5 19 10 -10 11 12 15 21 -14 16 17 -2 -18 20 -3 -13
right_child=8 3 -4 4 -6 -7 -8 -9 9 -11 -12 13 14 -15 -16 -17 18 -19 -20 -21 -22 -23
leaf_value=0.0083395399168686886 -0.00071198612761876924 -0.0010355964074751861 0 0.0031828787453977536 -0.0017678351240131825 0.0070696142737743236 -0.0036430494349375068 0.0010331455275955877 0.0012148520019424948 -0.0072068245271191224 -0.0046140153920631666 0.0079279097221516062 -0.0016700908960367645 -0.0021225342590026966 -0.0098049600629101091 0.0042620486118780387 0.0058631687265225914 0.00089957516354578066 0 0 -0.0077737574665279726 0.0025397689053173306
leaf_weight=32 1138 35 43 56 55 61 48 63 34 39 34 37 63 44 33 58 45 450 44 33 33 50
leaf_count=32 1138 35 43 56 55 61 48 63 34 39 34 37 63 44 33 58 45 450 44 33 33 50
internal_value=0 0.000798848 0.00377658 0.000113463 0.00149358 0.00274696 0 -0.0015799 -0.000175193 -0.00313159 -4.73105e-05 3.02616e-05 -0.000153995 0.00270335 -0.00504917 0.000115767 -2.46104e-05 -0.000238305 0.0033386 -0.0034184 -0.00494646 0.00539903
internal_weight=2528 459 75 384 220 165 104 164 2069 73 1996 1962 1831 131 96 1735 1677 1588 89 101 68 87
internal_count=2528 459 75 384 220 165 104 164 2069 73 1996 1962 1831 131 96 1735 1677 1588 89 101 68 87
is_linear=0
shrinkage=0.0650755


Tree=155
num_leaves=15
num_cat=0
split_feature=6 6 3 11 6 13 3 6 4 6 13 13 4 3
split_gain=0.0857932 0.263627 0.188534 0.100468 0.420795 0.309202 0.278892 0.188409 0.180078 0.174611 0.187107 0.437291 0.162664 0.141277
threshold=2.9793873270194045 2.0446002391443772 2.3502803546977784 -0.98270155179902219 -0.82208016367237358 -0.30279602954177393 -0.76410408701705401 -0.75976102448070504 -1.1456715130181914 -0.91555887245987633 0.42584894298929438 -0.32917128995940531 -1.0949021080317813 1.3395629265272961
decision_type=2 2 2 2 2 2 2 2 2 2 2 2 2 2
left_child=1 2 3 7 5 6 -5 9 -6 10 11 -1 -10 -14
right_child=-2 -3 -4 4 8 -7 -8 -9 12 -11 -12 -13 13 -15
leaf_value=0.0016125130554365279 -0.0026704145404144375 0.0052460990785753881 0.0045882078535712479 0.0019664230278348994 0.0038230947491592958 -0.0089806393359819804 -0.0050651829155064733 0.0043931192704446727 -0.0035765784658288572 -0.0034117630155636753 0.0048565874507658984 -0.0036512551831243338 0.00013534957758846568 -0.0017904972494767212
leaf_weight=244 45 36 32 41 44 34 40 49 53 43 37 86 1570 174
leaf_count=244 45 36 32 41 44 34 40 49 53 43 37 86 1570 174
internal_value=0 5.68022e-05 -1.95352e-05 -9.99235e-05 -0.000312504 -0.0040525 -0.00130477 0.000746015 -5.53866e-05 0.000203988 0.000733491 0.000133393 -0.000174178 -4.69346e-05
internal_weight=2528 2483 2447 2415 1956 115 81 459 1841 410 367 330 1797 1744
internal_count=2528 2483 2447 2415 1956 115 81 459 1841 410 367 330 1797 1744
is_linear=0
shrinkage=0.0650755


Tree=156
num_leaves=10
num_cat=0
split_feature=6 6 16 16 7 7 8 8 10
split_gain=0.0760241 0.234206 0.110087 0.107265 0.096462 0.110946 0.173219 0.099389 0.105915
threshold=2.9793873270194045 2.0446002391443772 2.9360345032166522 1.6165153522599058 -2.4560746225612746 -1.2446852372125468 -0.21650749852524739 -1.3701753745752276 -1.1059096613797432
decision_type=2 2 2 2 2 2 2 2 2
left_child=1 2 3 4 -1 6 -6 -7 -9
right_child=-2 -3 -4 -5 5 7 -8 8 -10
leaf_value=-0.0026295856981883008 -0.002513457449321705 0.0049450384060804875 -0.0031836713057019597 0.0029944931244431372 0.00549564142720877 0.0024155558467265663 -3.6119193278899082e-05 0.00086920158434509759 -0.00033848345584019463
leaf_weight=54 45 36 41 46 35 62 39 359 1811
leaf_count=54 45 36 41 46 35 62 39 359 1811
internal_value=0 5.37767e-05 -1.75924e-05 3.22717e-05 -2.09053e-05 3.47463e-05 0.00243989 -3.89288e-05 -0.00012573
internal_weight=2528 2483 2447 2406 2360 2306 74 2232 2170
internal_count=2528 2483 2447 2406 2360 2306 74 2232 2170
is_linear=0
shrinkage=0.0650755


Tree=157
num_leaves=30
num_cat=0
split_feature=9 10 7 8 7 2 10 11 2 11 8 11 7 8 11 7 6 3 3 7 3 8 2 8 2 9 8 16 8
split_gain=0.0781522 0.399777 0.363228 0.452499 0.613005 0.33625 0.423825 0.605226 0.283812 0.265412 0.254787 0.343027 0.313583 0.246229 0.263938 0.511484 0.602539 0.562782 0.707814 0.441693 0.456407 0.731909 0.767344 0.425827 0.353297 0.445816 0.641648 0.3533 0.793121
threshold=-0.78160386104205093 0.63459147618977874 -0.65095066540904278 1.7975757138519453 0.63049085646902003 0.4528618751155698 -0.029059732861859547 -0.78309770132915812 0.58692141177995538 -0.38389000038943 1.6668750589913373 1.0000000180025095e-35 -0.066613331432647124 1.4480835793558031 0.8137331024297545 -1.260916829823002 2.0134406695485429 0.28612606986442229 0.9576229269467661 0.54335283298131087 -0.2884177962234033 -0.56235826809975387 -0.81471578301340009 -0.48780399844997951 0.39855663460452212 1.5765534281685587 0.2971122736877177 1.0000000180025095e-35 -0.41395818124093192
decision_type=2 2 2 2 2 2 2 2 2 2 2 2 2 2 2 2 2 2 2 2 2 2 2 2 2 2 2 2 2
left_child=1 2 -1 4 5 6 7 -4 -3 -7 13 12 -12 14 19 -16 17 -17 -19 24 21 -21 -23 -22 27 26 -26 -2 -29
right_child=10 8 3 -5 -6 9 -8 -9 -10 -11 11 -13 -14 -15 15 16 -18 18 -20 20 23 22 -24 -25 25 -27 -28 28 -30
leaf_value=0.0059019835381366971 0.0009970992979703643 0 0.00098584356468827241 -0.0059564353765242375 0.006877121824855492 0 0.0020172832185948292 -0.0086462967682476629 -0.0061099205464849437 0.0073472484745839579 -0.0047156368484381041 0.006149330773817796 0.0029382096636166133 -0.0047691235381145131 -0.008466075569809722 0.00027650889398760564 0.0066944856627697219 -0.010104289404275669 0 -0.0084281465976110293 0.0073749610459054793 0.0028981792731435983 -0.0058940578429519143 -0.0011598825511499504 2.6239326732169922e-05 0.0057476617845398812 -0.0061570365386043888 -0.00097292469093681493 0.0097961698617806368
leaf_weight=70 572 94 42 32 67 44 67 55 46 34 34 56 49 49 39 187 34 58 60 78 32 94 67 62 280 35 87 44 60
leaf_count=70 572 94 42 32 67 44 67 55 46 34 34 56 49 49 39 187 34 58 60 78 32 94 67 62 280 35 87 44 60
internal_value=0 0.000686026 0.00174017 0.000743298 0.0015975 0 -0.00163662 -0.00438149 -0.00219125 0.00342535 -0.000187095 0.00242721 0 -0.000404177 -0.000258214 -0.00177864 -0.000828764 -0.0018391 -0.00527416 0.00013615 -0.00189716 -0.00342447 -0.000675249 0.00171125 0.000792945 -0.000686036 -0.0014333 0.00170773 0.00516955
internal_weight=2528 551 411 341 309 242 164 97 140 78 1977 139 83 1838 1789 378 339 305 118 1411 333 239 161 94 1078 402 367 676 104
internal_count=2528 551 411 341 309 242 164 97 140 78 1977 139 83 1838 1789 378 339 305 118 1411 333 239 161 94 1078 402 367 676 104
is_linear=0
shrinkage=0.0650755


Tree=158
num_leaves=30
num_cat=0
split_feature=18 16 11 8 8 8 7 8 8 8 7 5 5 13 7 5 5 5 14 14 12 12 7 8 7 8 11 7 14
split_gain=0.0693364 0.159779 0.158422 0.253104 0.272786 0.193165 1.00669 0.212695 0.207316 0.355665 0.636627 0.311602 0.967235 0.646292 0.362939 0.264302 0.144168 0.589854 0.338024 0.318696 0.270019 1.12664 0.239416 0.308989 0.307103 0.209593 0.502384 0.690226 0.966155
threshold=1.0000000180025095e-35 1.6165153522599058 0.8137331024297545 -0.64211977380152041 0.97521255138906926 0.21959181758521781 -0.20757189883923458 0.49879020818495784 -0.98463450325723845 -1.119478344096738 0.22982680729514457 -0.044035690055023689 -0.18618344095573267 -0.25472374637787865 0.15550319902621654 0.20835446363589177 -0.64752046005547004 -0.60793512424481266 1.7092913388094815 -0.738224098466287 1.3760688070906235 0.86351510968011858 -0.21184337057882663 0.11789690472362062 0.024796163794655202 0.2971122736877177 0.8137331024297545 -0.18706883448918477 -0.738224098466287
decision_type=2 2 2 2 2 2 2 2 2 2 2 2 2 2 2 2 2 2 2 2 2 2 2 2 2 2 2 2 2
left_child=16 2 5 -4 -5 8 -7 -8 9 10 -2 12 13 -10 -13 -16 19 -18 25 -1 21 22 23 -21 -24 -19 27 -27 -29
right_child=1 -3 3 4 -6 6 7 -9 11 -11 -12 14 -14 -15 15 -17 17 18 -20 20 -22 -23 24 -25 -26 26 -28 28 -30
leaf_value=0.0047819644594284194 0.0050087468286041719 -0.004624729928256353 0.00095979601190833473 -0.005989603987707765 0.00035693068755107639 0.0088831935413835796 0.0033299348583554467 -0.0018176699473368232 0.0016104793072283373 0.0064702539667568877 -0.006840848008293687 -0.0036966703336118738 -0.0115214297624756 -0.0073876872577934224 0.0073561486289372598 0.00038777374434090494 0.0085492186413398692 0.0011638437924975432 -0.0056533138943215032 0.0031733354222266462 0.0025265226237136018 -0.010871335535937806 -0.0068268592571470018 -0.0025921009391314887 0 -0.0059543985040496775 0.0037218663592197025 -0.0061068722074834663 0.0040310732884428196
leaf_weight=33 32 33 62 75 33 57 37 148 127 39 34 48 40 40 32 87 34 786 33 108 53 48 41 52 63 110 76 55 112
leaf_count=33 32 33 62 75 33 57 37 148 127 39 34 48 40 40 32 87 34 786 33 108 53 48 41 52 63 110 76 55 112
internal_value=0 -0.000443057 -0.000236265 -0.00200529 -0.00389688 0.000157021 0.00166382 -0.000598266 -0.000561673 0.00184297 -0.000793459 -0.0013175 -0.00299902 -0.00054643 0.000647248 0.00267665 0.000263023 0.000628644 0.000343571 -0.000777191 -0.00140307 -0.00217765 -0.000337485 0.00112718 -0.00277017 0.000562234 -0.000705232 -0.00205132 0.000469328
internal_weight=2528 924 891 170 108 721 242 185 479 105 66 374 207 167 167 119 1604 1206 1172 398 365 312 264 160 104 1139 353 277 167
internal_count=2528 924 891 170 108 721 242 185 479 105 66 374 207 167 167 119 1604 1206 1172 398 365 312 264 160 104 1139 353 277 167
is_linear=0
shrinkage=0.0650755


Tree=159
num_leaves=29
num_cat=0
split_feature=4 11 8 5 4 15 11 4 2 8 5 5 0 5 8 8 11 10 10 14 7 10 10 8 8 5 8 2
split_gain=0.0666077 0.322923 0.245738 0.363812 0.21586 0.238589 0.172182 0.332807 0.489378 0.482881 0.256919 0.210359 0.640533 0.57671 0.479003 0.460893 0.60994 0.463635 0.387836 0.33114 0.302371 0.252362 0.237683 0.200807 0.182209 0.129159 0.121792 0.00686855
threshold=-1.001944713487535 1.2129408033694828 -0.496476567162423 -0.32913989266169175 -0.94354219281714802 1.0000000180025095e-35 0.8137331024297545 -0.41420291765898437 0.30202974838214497 0.97521255138906926 -0.85458774881966082 -0.27629745779418707 -1.1446077060016007 -0.22133183000763718 -1.2196428611152819 -0.71436842502177778 -0.38389000038943 0.23575009912500619 1.0796504793186832 -0.738224098466287 1.6078035904880215 -0.0029732523128100491 0.21171830794581822 0.31747747889183842 -0.99385040645724954 -0.62135494389742185 0.24059204389287667 0.59620173515644692
decision_type=2 2 2 2 2 2 2 2 2 2 2 2 2 2 2 2 2 2 2 2 2 2 2 2 2 2 2 2
left_child=1 2 -1 -4 5 -2 11 8 -8 10 -9 14 -13 -14 -6 16 25 19 -19 -17 21 -15 -18 24 -12 -16 -5 -10
right_child=4 -3 3 26 6 -7 7 9 27 -11 23 12 13 20 15 17 22 18 -20 -21 -22 -23 -24 -25 -26 -27 -28 -29
leaf_value=0.00049708641728804883 -0.00013831952785844497 0.0027345834732994119 -0.0078396034650051617 0.0018867786453937391 0.0063087324127634476 0.0062001680376338924 -0.0078715618903661255 -0.0063222963374283082 0.00056928797568425325 0.0050812810313680019 -0.0031091898118931539 0.0093865969612326062 0.0066990845778190549 0.0012244731752310369 -0.0019472285647832315 0.0022628777679762429 -0.011301674767755862 0.0042171832364279026 -0.0015623212664898475 -0.0023155781212037705 -0.00493987695189913 -0.0011227336302190806 -0.0031484904709386868 -0.004698200336476264 0.0017306548498889701 0.0032213580935078257 -0.0032499833749174813 -0.00063585347245548459
leaf_weight=63 35 62 55 33 36 46 61 32 34 59 36 32 56 568 35 75 39 147 62 319 42 280 49 32 138 34 32 36
leaf_count=63 35 62 55 33 36 46 61 32 34 59 36 32 56 568 35 75 39 147 62 319 42 280 49 32 138 34 32 36
internal_value=0 -0.00100452 -0.00244184 -0.00414425 0.000114487 0.00331674 0 -0.00117412 -0.00384313 0 -0.00127873 0.000272911 0.000919214 0.000560393 -0.000490764 -0.000883218 -0.00396831 -1.38068e-05 0.00238944 -0.00136466 0.000112232 0.00041823 -0.00743009 -0.000250209 0.000532937 0.000305708 -0.000334567 0
internal_weight=2528 245 183 120 2283 81 2202 428 131 297 238 1774 978 946 796 760 157 603 209 394 890 848 88 206 174 69 65 70
internal_count=2528 245 183 120 2283 81 2202 428 131 297 238 1774 978 946 796 760 157 603 209 394 890 848 88 206 174 69 65 70
is_linear=0
shrinkage=0.0650755


Tree=160
num_leaves=21
num_cat=0
split_feature=6 6 3 12 5 5 9 3 19 3 1 8 5 10 8 3 2 5 5 8
split_gain=0.0714724 0.180903 0.160571 0.117588 0.327972 0.983438 0.503233 0.600247 0.499657 0.374351 0.29732 0.693288 0.227989 0.491955 0.245582 0.179025 0.392739 0.240454 0.226655 0.0612761
threshold=2.9793873270194045 2.0446002391443772 2.3502803546977784 1.0000000180025095e-35 -0.27629745779418707 -0.35723804734510162 -0.67579976664873309 0.67681202699394538 1.0000000180025095e-35 -0.089704673933957743 -1.4759321159128549 0.62285889867506772 -0.15842163937512252 -0.29513799766763377 -1.2111266252252293 -0.96555905361503302 -1.4757253884397146 -0.43869218466661714 -0.18086622953861686 -0.15090090600725856
decision_type=2 2 2 2 2 2 2 2 2 2 2 2 2 2 2 2 2 2 2 2
left_child=1 2 3 4 5 6 9 -8 12 -1 11 -5 13 -6 -14 17 -17 -12 -18 -19
right_child=-2 -3 -4 10 8 -7 7 -9 -10 -11 15 -13 14 -15 -16 16 18 19 -20 -21
leaf_value=-0.0012075628750058739 -0.0024379838550042726 0.0043497308119651613 0.004242186071840022 -0.0071330036643951636 0.0085136364801390134 -0.009285624881747806 -0.00032048678614509486 -0.006532230019732751 0.0076246475444294382 0.0053680515781843489 -0.00010305097084393856 0.0038730284094459656 -0.0051412325185358704 -0.00041787100399701604 -9.9157115639264467e-05 -0.0047554088833757077 0.0015623564726712582 0.006971268351254778 -0.00071077876891170017 0.0019215458507086084
leaf_weight=53 45 36 32 59 35 60 270 87 33 80 53 32 40 61 624 53 525 43 265 42
leaf_count=53 45 36 32 59 35 60 270 87 33 80 53 32 40 61 624 53 525 43 265 42
internal_value=0 5.12636e-05 -1.02305e-05 -8.52304e-05 -0.000498601 -0.00171982 -0.000661501 -0.00197012 0.000322403 0.0026161 0.000409383 -0.00300224 -8.12623e-06 0.00284243 -0.000475083 0.000764302 0.00036696 0.0029225 0.000768773 0.00499102
internal_weight=2528 2483 2447 2415 1343 550 490 357 793 133 1072 91 760 96 664 981 843 138 790 85
internal_count=2528 2483 2447 2415 1343 550 490 357 793 133 1072 91 760 96 664 981 843 138 790 85
is_linear=0
shrinkage=0.0650755


Tree=161
num_leaves=22
num_cat=0
split_feature=17 4 13 8 4 10 3 19 3 9 4 8 11 9 9 9 2 3 9 2 11
split_gain=0.0658471 0.111893 0.770099 0.773664 0.338852 0.480269 0.301201 0.292376 0.664068 0.240602 0.360283 0.367226 0.368407 0.264421 0.377693 0.311236 0.305507 0.244885 0.152473 0.0982042 0.0345539
threshold=2.8191998165809324 -0.9625870330822931 -0.34178311252737342 -0.496476567162423 -0.90963647092959699 0.52168348930197384 0.042611129983401504 1.0000000180025095e-35 -0.4771418746610171 1.5114153081493849 -0.42531036566000679 0.52445825360189857 -0.18428614991956593 1.0703209923880617 0.93795638109834212 0.74186853447891854 -0.44927568813307794 0.25337241808915245 0.16865938296399649 -0.68670133497018593 0.21492155102016219
decision_type=2 2 2 2 2 2 2 2 2 2 2 2 2 2 2 2 2 2 2 2 2
left_child=1 2 6 -4 5 -3 18 9 -9 13 -11 12 -12 14 15 -6 -15 -18 19 -1 -20
right_child=-2 4 3 -5 7 -7 -8 8 -10 10 11 -13 -14 16 -16 -17 17 -19 20 -21 -22
leaf_value=-0.001708350150973969 0.0026960132733658479 0.009608683591176944 -0.00012581473247860866 -0.012953442365341968 4.63187017888582e-05 0 -0.0026643636014303702 -0.010038047320102675 0.00041666711801354762 0.0018444196843092708 -0.0015223546549762137 0 -0.011687539935147182 -0.0018412263242635588 -0.0052407617191970761 0.003778519869112448 0.0074525898001641189 0.00081413077248296869 0.0016621827919946453 0.0027456619576414674 0.0063762396311962235
leaf_weight=40 33 33 47 36 1574 43 62 35 60 53 39 44 33 33 49 97 58 55 36 33 35
leaf_count=40 33 33 47 36 1574 43 62 35 60 53 39 44 33 33 49 97 58 55 36 33 35
internal_value=0 -3.96817e-05 -0.00123988 -0.0063795 0.000108629 0.00424758 0.000811155 -3.66274e-05 -0.00348401 0.000119932 -0.00217699 -0.00422114 -0.0069474 0.000346373 0.000101921 0.000288108 0.00296544 0.00459882 0.00251306 2.98855e-05 0.00457283
internal_weight=2528 2495 289 83 2206 76 206 2130 95 2035 169 116 72 1866 1720 1671 146 113 144 73 71
internal_count=2528 2495 289 83 2206 76 206 2130 95 2035 169 116 72 1866 1720 1671 146 113 144 73 71
is_linear=0
shrinkage=0.0650755


Tree=162
num_leaves=30
num_cat=0
split_feature=0 11 3 11 8 12 8 12 8 3 2 2 8 13 15 13 8 5 13 2 5 13 2 8 16 1 2 8 5
split_gain=0.0620437 0.0816413 0.174333 0.147078 0.483678 0.541507 0.523519 0.324529 0.174186 0.542899 0.231845 0.192427 0.394538 0.44065 0.370093 0.306865 0.26659 0.451054 0.760435 0.372716 0.32536 0.201813 0.171968 0.261048 0.137529 0.127078 0.112404 0.110215 0.0655412
threshold=2.0956703239782959 1.612148504309211 0.95236573478685627 0.8137331024297545 0.057381397683256403 -0.67414598255139557 -0.21650749852524739 0.35096141226961375 1.4480835793558031 0.62947254590718271 0.4528618751155698 0.090541694222074115 -1.0432674950875873 0.24356306187973728 0.88625919121491659 1.3129973753868389 -1.0513988793742695 0.49459692688332907 -0.16588553782867607 -0.058938097580006239 0.35289431382770442 -0.12700261236951491 -0.16731763273310926 -0.95171915455317924 1.0000000180025095e-35 1.0000000180025095e-35 0.20367345822668997 -0.75010817442679023 -0.16626155242784726
decision_type=2 2 2 2 2 2 2 2 2 2 2 2 2 2 2 2 2 2 2 2 2 2 2 2 2 2 2 2 2
left_child=1 3 26 8 6 -6 22 -7 11 10 25 16 21 14 -14 -15 17 18 -1 20 -18 -13 23 -5 -24 -10 -3 -21 -27
right_child=-2 2 -4 4 5 7 -8 -9 9 -11 -12 12 13 15 -16 -17 19 -19 -20 27 -22 -23 24 -25 -26 28 -28 -29 -30
leaf_value=-0.004481463669112856 0.0020044084649111097 0.0016529717504911263 0.0041861535379539095 0.0045337308033107275 -0.004551510049704474 0.0068928788108587333 -0.010574167419499125 0 -0.0034319717521495373 -0.007796274341382043 0.004654699386549754 0.0059272661189807762 -0.0010559656696493011 -0.009700535067144498 0.0041428389144066878 -0.00082726770359147395 -0.00028759921787344735 -0.0077959109009441254 0.0076990927833420998 0 0.0025484077435877985 0 -0.0010640795743439677 -0.002435358650256928 -0.0067176283442727689 0.0023871755628073941 -0.0023562086699502427 0.0049019153894404172 -0.0010086582572607023
leaf_weight=45 59 58 54 34 38 60 32 43 56 43 32 50 484 36 60 41 524 34 33 32 241 33 65 48 34 36 50 128 45
leaf_count=45 59 58 54 34 38 60 32 43 56 43 32 50 484 36 60 41 524 34 33 32 241 33 65 48 34 36 50 128 45
internal_value=0 -5.0569e-05 0.00132423 -0.000160462 -0.00137414 0.00143305 -0.00333755 0.00397717 4.96284e-05 -0.00167411 0 0.000277863 -0.000528752 -0.0011289 -0.000405741 -0.00560798 0.00084932 -0.00200934 0.000518847 0.00123091 0.000583794 0.00349282 -0.00168265 0.000258225 -0.00346787 -0.00113906 -3.36665e-06 0.00406594 0.000259222
internal_weight=2528 2469 162 2307 354 141 213 103 1953 212 169 1741 704 621 544 77 1037 112 78 925 765 83 181 82 99 137 108 160 81
internal_count=2528 2469 162 2307 354 141 213 103 1953 212 169 1741 704 621 544 77 1037 112 78 925 765 83 181 82 99 137 108 160 81
is_linear=0
shrinkage=0.0650755


Tree=163
num_leaves=27
num_cat=0
split_feature=3 3 13 16 6 6 6 1 6 4 4 7 13 13 9 17 4 4 4 16 3 4 2 4 2 6
split_gain=0.0619352 0.0849182 0.285391 0.52369 0.341893 0.354836 0.162283 0.218638 0.336688 0.499531 0.209012 0.262784 0.196968 0.206673 0.370712 0.577776 0.561494 0.387354 0.566873 0.238017 0.209695 0.455565 0.370035 0.188424 0.157349 0.0783102
threshold=2.4614863987988769 1.2878955338946501 0.16228985594790016 1.0000000180025095e-35 0.45546218975683034 0.14386649379848784 -0.41700575892652841 -1.4759321159128549 -0.57280360690569965 -0.30810878936209668 -0.95350795140593203 1.5864462317900536 2.2738243745509061 -0.3378631457895192 -0.52088778291212168 1.0000000180025095e-35 -0.79631490488780232 -0.27173106901116995 -0.87619371038589045 1.6165153522599058 0.21094268755358583 -0.71390802067129389 -0.36964233139740793 -0.8257331886913889 0.090541694222074115 0.95401530329017825
decision_type=2 2 2 2 2 2 2 2 2 2 2 2 2 2 2 2 2 2 2 2 2 2 2 2 2 2
left_child=1 6 3 4 5 -3 7 -1 10 -10 -9 23 13 19 17 16 -16 18 -15 20 22 -22 -8 -12 -11 -6
right_child=-2 2 -4 -5 25 -7 12 8 9 24 11 -13 -14 14 15 -17 -18 -19 -20 -21 21 -23 -24 -25 -26 -27
leaf_value=-0.0047975722833997619 0.0023678026839638443 0.0006178464385158403 0.0032647160533492104 -0.0070191261077244393 0.0051108259386314237 -0.0077279637928053153 -0.00084650435563391249 -0.0033381893041900287 0.0012495538732240274 -0.0025886998717302473 0.0052106125275816415 -0.003710605571478382 -0.0033014617596519948 0.0035282301302229937 -0.00061249516471995145 -0.0011132358936322131 0.0081787289631959238 0.0044196946960140295 -0.005414840665703323 0.0043946457904503675 -0.0046752859493161139 0.00027351947763171208 0.0026234070209703851 0.00064558840023817442 -0.0090032744622540375 0
leaf_weight=45 41 39 41 62 36 32 272 56 62 58 39 48 47 39 34 61 112 47 80 48 112 215 231 598 41 32
leaf_count=45 41 39 41 62 36 32 272 56 62 58 39 48 47 39 34 61 112 47 80 48 112 215 231 598 41 32
internal_value=0 -4.64637e-05 -0.00119813 -0.00228484 0 -0.00306688 6.88923e-05 -0.000564378 -0.000301282 -0.00296513 0.000259481 0.000611047 0.000550445 0.000727152 0.00200574 0.0038169 0.00601191 -0.000150709 -0.00225916 0.00014772 -9.19679e-05 -0.00138961 0.000707683 0.00100101 -0.00578037 0.00317626
internal_weight=2528 2487 242 201 139 71 2245 947 902 161 741 685 1298 1251 373 207 146 166 119 878 830 327 503 637 99 68
internal_count=2528 2487 242 201 139 71 2245 947 902 161 741 685 1298 1251 373 207 146 166 119 878 830 327 503 637 99 68
is_linear=0
shrinkage=0.0650755


end of trees

feature_importances:
dist_to_mrt_meter=402
dist_to_rail_meter=381
aqi_idw=374
t_mean_24h_idw=326
popdense=319
Dependency_ratio=318
count_med_500m=316
MASTER_UP_rate=310
Sex_ratio=308
daily_rain_idw=176
count_phar_500m=167
建物現況格局-衛=154
count_temp_500m=118
建物現況格局-廳=112
電梯_無=92
count_poli_500m=58
count_mall_500m=49
count_post_500m=39
count_fire_500m=35
建物現況格局-隔間_無=19

parameters:
[boosting: gbdt]
[objective: regression]
[metric: rmse]
[tree_learner: serial]
[device_type: cpu]
[data_sample_strategy: bagging]
[data: ]
[valid: ]
[num_iterations: 164]
[learning_rate: 0.0650755]
[num_leaves: 30]
[num_threads: -1]
[seed: 42]
[deterministic: 0]
[force_col_wise: 0]
[force_row_wise: 0]
[histogram_pool_size: -1]
[max_depth: 8]
[min_data_in_leaf: 32]
[min_sum_hessian_in_leaf: 0.001]
[bagging_fraction: 0.964724]
[pos_bagging_fraction: 1]
[neg_bagging_fraction: 1]
[bagging_freq: 0]
[bagging_seed: 400]
[bagging_by_query: 0]
[feature_fraction: 0.711653]
[feature_fraction_bynode: 1]
[feature_fraction_seed: 30056]
[extra_trees: 0]
[extra_seed: 12879]
[early_stopping_round: 0]
[early_stopping_min_delta: 0]
[first_metric_only: 0]
[max_delta_step: 0]
[lambda_l1: 0.383398]
[lambda_l2: 4.82279]
[linear_lambda: 0]
[min_gain_to_split: 0]
[drop_rate: 0.1]
[max_drop: 50]
[skip_drop: 0.5]
[xgboost_dart_mode: 0]
[uniform_drop: 0]
[drop_seed: 17869]
[top_rate: 0.2]
[other_rate: 0.1]
[min_data_per_group: 100]
[max_cat_threshold: 32]
[cat_l2: 10]
[cat_smooth: 10]
[max_cat_to_onehot: 4]
[top_k: 20]
[monotone_constraints: ]
[monotone_constraints_method: basic]
[monotone_penalty: 0]
[feature_contri: ]
[forcedsplits_filename: ]
[refit_decay_rate: 0.9]
[cegb_tradeoff: 1]
[cegb_penalty_split: 0]
[cegb_penalty_feature_lazy: ]
[cegb_penalty_feature_coupled: ]
[path_smooth: 0]
[interaction_constraints: ]
[verbosity: -1]
[saved_feature_importance_type: 0]
[use_quantized_grad: 0]
[num_grad_quant_bins: 4]
[quant_train_renew_leaf: 0]
[stochastic_rounding: 1]
[linear_tree: 0]
[max_bin: 255]
[max_bin_by_feature: ]
[min_data_in_bin: 3]
[bin_construct_sample_cnt: 200000]
[data_random_seed: 175]
[is_enable_sparse: 1]
[enable_bundle: 1]
[use_missing: 1]
[zero_as_missing: 0]
[feature_pre_filter: 1]
[pre_partition: 0]
[two_round: 0]
[header: 0]
[label_column: ]
[weight_column: ]
[group_column: ]
[ignore_column: ]
[categorical_feature: ]
[forcedbins_filename: ]
[precise_float_parser: 0]
[parser_config_file: ]
[objective_seed: 16083]
[num_class: 1]
[is_unbalance: 0]
[scale_pos_weight: 1]
[sigmoid: 1]
[boost_from_average: 1]
[reg_sqrt: 0]
[alpha: 0.9]
[fair_c: 1]
[poisson_max_delta_step: 0.7]
[tweedie_variance_power: 1.5]
[lambdarank_truncation_level: 30]
[lambdarank_norm: 1]
[label_gain: ]
[lambdarank_position_bias_regularization: 0]
[eval_at: ]
[multi_error_top_k: 1]
[auc_mu_weights: ]
[num_machines: 1]
[local_listen_port: 12400]
[time_out: 120]
[machine_list_filename: ]
[machines: ]
[gpu_platform_id: -1]
[gpu_device_id: -1]
[gpu_use_dp: 0]
[num_gpu: 1]

end of parameters

pandas_categorical:[]
