tree
version=v4
num_class=1
num_tree_per_iteration=1
label_index=0
max_feature_idx=19
objective=quantile
feature_names=建物現況格局-衛 建物現況格局-廳 MASTER_UP_rate Dependency_ratio dist_to_rail_meter dist_to_mrt_meter count_med_500m Sex_ratio aqi_idw t_mean_24h_idw popdense count_phar_500m count_temp_500m daily_rain_idw count_post_500m count_poli_500m count_mall_500m count_fire_500m 電梯_無 建物現況格局-隔間_無
feature_infos=[-1.6846540443315836:22.077384842187652] [-2.1259593613880639:26.475239439521118] [-2.4170134510020342:3.5752587849044657] [-1.8892498782269749:3.1245438320179528] [-1.3103824493160461:3.7431086074483462] [-1.3066096327063277:8.5944915877760373] [-1.1804152140244677:6.1420836409965807] [-2.8405070791246927:6.1073719209758597] [-2.3341141445804867:4.1248873432319106] [-2.4860616305895213:2.8565541989425096] [-1.6269077044482492:4.4558558657401344] [-1.4817111779736825:4.3068004856523761] [-0.93042283125664804:4.1951141428483991] [-0.3444505409976758:10.599237664700428] [-1.3501029577852293:7.2162010726799597] [-0.95119015437664345:3.94867476720085] [-0.36276337417521298:10.193389833478754] [-0.586906633579934:4.8628636866774517] [-0.75898606731221685:1.3175472423904715] [-0.21731204203233151:4.6016778023337563]
tree_sizes=3596 3717 3713 3359 3698 3472 4447 3733 3997 3854 3633 3562 4670 3582 3714 3916 3071 3770 4032 3910 3425 2795 3725 3006 3002 3134 2644 3895 3777 3658 3421 3582 3574 3962 3798 4220 3334 4593 3256 3594 3038 3766 2547 5233 3094 3262 2765 4325 2020 3101 4191 3345 3144 2323 4423 3564 2836 3557 4566 2147 2916 2836 1978 1796 1689 2494 1696 3407 2026 3153 3671 2126 2476 3059 2578 4738 3858 3150 3319 3480 2457 3571 4303 3063 1831 2579 3018 2567 3193 3186 2919 2547 1983 2095 2847 2984 2606 2391 2782 3302 2172 3109 3210 2568 3587 3971 2390 4378 2800 2272 2804 3013 1740 3010 2746 2001 1899 3424 2053 2785 2709 2228 1893 2032 3059 1797 2075 2435 3244 2328 1907 1850 2607 3138 2686 2517 2373 2661 2783 2282 2386 2450 1574 3132 2195 2772 1649 1466 1757 1691 2390 3254 4309 2222 2884 1698 2892 2124 2979 3386 1749 1366 2664 3839 3494 2639 2399 1922 2157 1624 3135 1600 1601 2123 2093 2443 1678 3348 2774 2341 1687 2399 2099 3322 2951 2525 3333 2339 2269 2370 1999 2841 3030 3113 2984 3980 2214 2822 3783 3595 3595 3598 3576 2162 1143 1134 2494 2514 2947 3726 2268 2287

Tree=0
num_leaves=39
num_cat=0
split_feature=0 18 0 6 5 0 5 6 7 10 8 6 17 5 7 7 12 6 9 7 5 6 6 7 6 10 6 13 5 7 1 6 8 8 10 10 10 6
split_gain=84.1335 81.6472 4.20861 4.1998 3.44317 3.42122 2.63085 2.6087 2.461 2.39754 1.70863 1.69446 1.62969 1.59617 1.53723 1.26913 1.02676 1.11028 1.09826 1.01231 0.964959 0.938415 0.947584 1.69403 0.878842 0.876367 0.646402 0.886091 0.644302 0.604114 0.484466 0.288495 0.175748 0.35862 0.0507233 0.624719 0.0623287 0.0234513
threshold=1.0000000180025095e-35 1.0000000180025095e-35 -1.1446077060016007 0.89169616409850982 -1.1714853796827731 1.01557764731833 2.8104254584366415 0.92285573369434404 -0.45190008234398399 2.1830155213269049 -1.1752662325990277 0.45546218975683034 2.8191998165809324 -0.48874677041548237 -0.52707798496083103 -0.78934634977187412 0.35096141226961375 0.019228215415150855 0.779884982823846 -0.47582032408570912 -0.18086622953861686 -0.074250493372351789 0.2996643417776591 -0.3451132888541466 2.3717757199006368 0.65072405188182347 0.2996643417776591 0.12390536042666062 -0.89831236736266751 1.1584447634827815 1.1241768659879796 -0.97787801165154475 -0.10898571996945279 0.057381397683256403 -1.2150206533213759 -1.2289433498946087 2.0266306395132507 -0.16772920215985451
decision_type=2 2 2 2 2 2 2 2 2 2 2 2 2 2 2 2 2 2 2 2 2 2 2 2 2 2 2 2 2 2 2 2 2 2 2 2 2 2
left_child=2 3 11 5 7 6 9 -4 14 -2 -5 16 26 28 15 20 17 18 -1 -16 -3 34 23 -23 -24 30 29 -28 -13 -10 -7 -8 -12 -34 35 -6 -36 -17
right_child=1 8 4 10 21 25 31 -9 12 -11 32 13 -14 -15 19 37 -18 -19 -20 -21 -22 22 24 -25 -26 -27 27 -29 -30 -31 -32 -33 33 -35 36 -37 -38 -39
leaf_value=17.171857180340144 17.172334138273904 17.127787410959023 17.130476031230664 17.150273591852624 17.103978185569961 17.238652663928619 17.123272804862296 17.154858142248816 17.113930505257844 17.141738135661786 17.192170120010797 17.19356550342405 17.152089427355257 17.28108086883633 17.166982988348206 17.106994582627703 17.086075161190244 17.125115588756238 17.116031050157279 17.131545460626988 17.147914606876832 17.143522769645031 17.111321443499548 17.113335639176952 17.142994881396127 17.180531452912753 17.135023018285651 17.14732274300399 17.134849783733014 17.122448805974113 17.213005658325699 17.146260354500356 17.196469138977033 17.193597526976593 17.111096492339183 17.14541244516948 17.114821124572298 17.127596127417512
leaf_weight=15.000000000000002 506 11.000000000000002 10.000000000000002 9.9999999999999982 118 43 11.000000000000002 7.9999999999999991 294 20 70 7.9999999999999991 9.9999999999999982 14.999999999999998 10 8.0000000000000018 24 10.999999999999998 8.9999999999999982 11 18 72 328 120 12.999999999999998 7.9999999999999991 67 7.9999999999999991 12.000000000000002 24 10.999999999999998 7.9999999999999991 7.9999999999999991 52 518 9.9999999999999982 7.9999999999999991 21
leaf_count=15 506 11 10 10 118 43 11 8 294 20 70 8 10 15 10 8 24 11 9 11 18 72 328 120 13 8 67 8 12 24 11 8 8 52 518 10 8 21
internal_value=17.1426 17.1567 17.1293 17.1721 17.1281 17.1692 17.1671 17.159 17.1326 17.1681 17.1842 17.1445 17.1303 17.1571 17.1447 17.1383 17.1368 17.1451 17.1539 17.1609 17.1491 17.1276 17.1301 17.1345 17.1277 17.1862 17.1295 17.1361 17.1426 17.128 17.1897 17.1401 17.1865 17.1786 17.1257 17.1283 17.1251 17.1278
internal_weight=2528 1229 1299 747 1205 607 545 18 482 526 140 94 403 35 79 58 59 35 24 21 29 1187 533 192 341 62 393 75 20 318 54 19 130 60 654 128 526 29
internal_count=2528 1229 1299 747 1205 607 545 18 482 526 140 94 403 35 79 58 59 35 24 21 29 1187 533 192 341 62 393 75 20 318 54 19 130 60 654 128 526 29
is_linear=0
shrinkage=1


Tree=1
num_leaves=38
num_cat=0
split_feature=0 18 3 2 2 2 15 4 0 16 2 7 2 4 17 5 8 6 3 6 4 2 3 5 2 2 9 8 9 2 5 8 3 9 2 2 4
split_gain=77.9421 73.9463 7.68753 7.01601 5.76661 4.40648 2.87539 2.94242 2.81554 2.46426 1.84616 1.65187 1.55322 1.54623 1.41718 1.35355 0.787805 0.786113 0.769421 0.750069 0.927652 0.642233 0.987578 0.700449 0.630727 0.669855 0.624386 0.602922 0.596295 1.31506 0.514883 0.466845 0.41341 0.389784 0.207177 0.1777 0.136364
threshold=1.0000000180025095e-35 1.0000000180025095e-35 0.9576229269467661 1.6905837262216423 1.2552791361444833 -1.266429051140326 0.88625919121491659 0.095777543781269167 -1.1446077060016007 1.0000000180025095e-35 -0.77522766329679205 -0.31265010363323603 -0.4464723511912117 -0.21517015715951851 2.8191998165809324 -1.1714853796827731 1.1810861122565552 1.3590897080360238 1.9258702419511413 -0.16772920215985451 -0.88164098179135575 0.18639949566761344 0.67681202699394538 2.504600442685343 0.84656325296116808 0.92772950942564225 -0.79070591143695002 -0.10898571996945279 1.1490988381869585 1.1813001981504991 -0.7183463406599836 -1.1752662325990277 1.1656671948162527 -0.39765087737398219 -0.76393623627960905 1.0334452965859755 -0.39907874816174432
decision_type=2 2 2 2 2 2 2 2 2 2 2 2 2 2 2 2 2 2 2 2 2 2 2 2 2 2 2 2 2 2 2 2 2 2 2 2 2
left_child=3 2 5 8 14 19 9 -8 10 -7 -1 13 -12 26 21 -10 28 -14 32 -2 -21 23 -23 -3 34 -26 -5 -20 31 -30 -13 -4 -6 -32 -17 -18 -28
right_child=1 4 16 11 18 6 7 -9 15 -11 12 30 17 -15 -16 24 35 -19 27 20 -22 22 -24 -25 25 -27 36 -29 29 -31 33 -33 -34 -35 -36 -37 -38
leaf_value=-0.055768844468352716 -0.0082025853958743802 -0.026482891339395694 0.034132286221231871 0.0066517470817480202 0.0060789499525713249 0.024181646340233561 0.046937132444091541 0.0091586329953846288 0.0076978736431553545 0.043244988390952317 0.13163248010608183 -0.024110698677722652 -0.003340260024438612 -0.013578057324940071 0.0081812082659734903 -0.041852243415621312 0.010469740139787161 0.12719049885172232 0.018053777339550599 -0.016840810388337905 0.0074322918851204524 -0.02286156568108411 0.00077241211819931925 -0.014287350388528571 -0.0034636964031929114 -0.012099703743848779 0.0099600483449747614 0.017836390214933398 0.0053540083749603531 0.080555275567454662 -0.0099196208012927427 0.042895644274222419 -0.0017296021291448014 0.0080692910118662572 -0.026319722909417861 0.033832917433107519 0.037888651837752099
leaf_weight=26 15.999999999999998 300 12.999999999999998 8.0000000000000018 7.9999999999999991 360 53 22 13.999999999999998 75 8.9999999999999982 10.000000000000002 42 7.9999999999999991 10.999999999999998 342 13.000000000000002 8.9999999999999982 12 10 15 78 40 14.999999999999998 28 99 12.000000000000002 10 8.0000000000000018 9.9999999999999982 8.0000000000000018 140 7.9999999999999991 10.999999999999998 664 11.999999999999998 8.9999999999999982
leaf_count=26 16 300 13 8 8 360 53 22 14 75 9 10 42 8 11 342 13 9 12 10 15 78 40 15 28 99 12 10 8 10 8 140 8 11 664 12 9
internal_value=-0.000325188 0.0131912 0.0279252 -0.0131152 -0.00966615 0.0231885 0.0250802 0.0389207 -0.0143921 0.0224838 -0.0012526 0.0103757 0.00597319 0.0203724 -0.0120837 -0.0153711 0.0407783 0.000320331 0.017554 -0.000394017 0.00744438 -0.0127762 -0.00776369 -0.0145738 -0.0156596 -0.0102633 0.0279325 0.0259682 0.0428744 0.0237196 -0.00292584 0.0447046 0.00397053 0.00428847 -0.0163125 0.0238145 0.0342595
internal_weight=2528 1229 747 1299 482 551 510 75 1233 435 86 66 60 37 444 1147 196 51 38 41 25 433 118 315 1133 127 29 22 171 18 29 153 16 19 1006 25 21
internal_count=2528 1229 747 1299 482 551 510 75 1233 435 86 66 60 37 444 1147 196 51 38 41 25 433 118 315 1133 127 29 22 171 18 29 153 16 19 1006 25 21
is_linear=0
shrinkage=0.0749534


Tree=2
num_leaves=38
num_cat=0
split_feature=0 3 7 4 5 3 12 0 3 3 3 10 7 10 5 7 4 3 9 4 5 13 13 5 3 3 4 7 9 8 8 7 11 8 10 5 9
split_gain=69.9594 17.7856 7.46405 3.68727 3.68291 3.67364 2.97046 2.40769 2.06695 2.05226 2.22784 1.83092 2.27349 1.69676 1.49294 1.43899 1.21922 1.13791 1.06176 1.02717 1.02505 1.01686 0.989456 0.8565 0.841662 0.835089 0.822484 0.627936 0.549331 0.824865 0.629983 0.525378 0.508622 0.388149 0.288495 0.0271865 0.00488413
threshold=1.0000000180025095e-35 0.9576229269467661 -0.45190008234398399 -0.073218501286353585 -1.1714853796827731 2.4614863987988769 2.4011762019116332 -1.1446077060016007 0.15966714088420572 -1.4949226099604604 -1.144368050060498 0.72283832306409346 -0.57918994018387226 1.2626209112983975 -0.12038904465786894 -0.55868687583382248 -0.48317328868431492 0.18623610764061452 0.31636816310790566 0.082383671959323862 -0.43342961991082624 -0.32180986053527705 -0.25472374637787865 -0.15842163937512252 0.59520866439641085 0.67681202699394538 1.1309357272451712 -1.1370441493747891 -0.37539256288986406 -0.13392832520994247 1.082032558742797 0.035047695969680055 1.0000000180025095e-35 1.9596357606074275 -0.25685480542850714 0.14143665816916359 -0.048982947187521893
decision_type=2 2 2 2 2 2 2 2 2 2 2 2 2 2 2 2 2 2 2 2 2 2 2 2 2 2 2 2 2 2 2 2 2 2 2 2 2
left_child=4 2 11 13 17 7 9 22 -8 35 -11 15 21 28 31 32 -17 -1 19 -5 -7 -13 27 -14 33 -24 -26 -6 29 -3 -30 -15 -2 -9 -20 -4 -21
right_child=1 3 6 18 5 20 8 24 -10 10 -12 12 23 14 -16 16 -18 -19 34 36 -22 -23 25 -25 26 -27 -28 -29 30 -31 -32 -33 -34 -35 -36 -37 -38
leaf_value=-0.0083812957007797836 0.02745030210880826 0.032830122977976446 -0.040651503130706222 0.0026012878337258803 0.053368908615165446 0.033487034801504473 0.015179039857996221 -0.029977390505372035 0.033697026770708773 0.011039922145020951 0.0039712253557908691 -0.014753487446127062 0.02287901207043774 0.037207238903571735 -0.0016449438974409706 0.024188594736833834 0.017512767633554371 0.007966834237221429 0.010466037455162039 0.00855537806988803 -0.011254904293089351 0.018820449904844317 -0.014203368862073983 0.015163593121749417 -0.015875701574670463 0.067042488078170634 0.0034797800220130312 -0.02087540995260747 0.037784483002326598 0.016103141566682664 0.021830241582475814 0.0089583577298275197 0.04665393641900796 -0.025668901886209027 -0.011037178138068576 -0.0080649126438158865 0.049084937595822428
leaf_weight=9.0000000000000018 31 47 23.000000000000004 11.999999999999998 9.9999999999999982 7.9999999999999991 13 905 15 77 640 21 8.0000000000000018 14.000000000000002 8.9999999999999982 10.999999999999998 44 9.9999999999999982 8.0000000000000018 17 7.9999999999999991 10.999999999999998 14.000000000000002 9.9999999999999982 196 10.999999999999998 30 54 89 25 13.999999999999998 9.9999999999999982 51 44 10.999999999999998 7.9999999999999991 10.000000000000002
leaf_count=9 31 47 23 12 10 8 13 905 15 77 640 21 8 14 9 11 44 10 8 17 8 11 14 10 196 11 30 54 89 25 14 10 51 44 11 8 10
internal_value=-0.000710252 0.0120956 0.00731533 0.0291689 -0.0128272 -0.0133241 0.00404181 -0.0137883 0.0270044 0.00309398 0.0039305 0.0206611 0.00782577 0.0338238 0.0163306 0.0251123 0.0146439 0.0182515 0.0117484 0.0184863 0.0202012 -0.00430196 -0.00182608 0.0273808 -0.0146873 0.0101727 -0.010327 -0.00674134 0.03684 0.0291658 0.0413799 0.025422 0.0314807 -0.0156945 -0.0025431 -0.0150671 0.0260132
internal_weight=2528 1229 963 266 1299 1280 776 1264 28 748 717 187 50 208 33 137 55 19 58 39 16 32 89 18 1175 25 226 64 175 72 103 24 82 949 19 31 27
internal_count=2528 1229 963 266 1299 1280 776 1264 28 748 717 187 50 208 33 137 55 19 58 39 16 32 89 18 1175 25 226 64 175 72 103 24 82 949 19 31 27
is_linear=0
shrinkage=0.0749534


Tree=3
num_leaves=34
num_cat=0
split_feature=18 1 2 15 2 10 19 2 6 2 3 5 11 12 3 9 9 7 17 1 10 3 10 10 2 3 6 9 10 9 10 11 6
split_gain=40.083 55.6009 13.988 4.01248 4.08206 3.99563 3.8974 3.76189 2.37246 2.24565 1.59077 1.60781 1.4534 2.22121 1.38293 1.2846 1.64423 1.19859 1.14536 0.870713 1.05319 0.795018 0.910588 0.713297 0.596067 0.56546 0.547207 0.525409 0.508817 0.501234 0.582586 0.240139 0.174688
threshold=1.0000000180025095e-35 1.0000000180025095e-35 1.0239687373611597 0.88625919121491659 -1.0376574061571942 -1.4663558919769029 1.0000000180025095e-35 1.2552791361444833 -1.0401971508432133 -0.77522766329679205 1.8559099902480021 -0.29834528583205649 -0.58349385085929406 0.86351510968011858 -0.81263795866640198 -0.85933666562035305 0.779884982823846 -0.48692615060865191 2.8191998165809324 1.1241768659879796 -0.49361366080074071 0.12905513875791444 -0.62849388192272071 0.13675650529988143 1.1056249656301982 -0.36947294423424931 -0.16772920215985451 -0.31254035489086651 2.1830155213269049 0.46185499740993391 -1.4345199461900022 -0.38389000038943 0.2996643417776591
decision_type=2 2 2 2 2 2 2 2 2 2 2 2 2 2 2 2 2 2 2 2 2 2 2 2 2 2 2 2 2 2 2 2 2
left_child=1 6 3 4 26 -4 10 18 -6 -8 21 -12 -5 -14 -7 -11 -17 23 19 29 -21 24 -23 -9 -1 -22 -3 -19 -16 32 -31 -29 -2
right_child=7 2 5 12 8 14 9 17 -10 15 11 -13 13 -15 28 16 -18 27 -20 20 25 22 -24 -25 -26 -27 -28 31 -30 30 -32 -33 -34
leaf_value=-0.039885904976762108 -0.029398593433420907 -0.010631839839254661 -0.0065569915760597943 0.042602853102687299 0.0024738934589833344 0.022006341177336936 -0.052343432570732359 0.0004858327201988333 0.015536374887307058 -0.012683957066325569 0.022158246589718513 -0.020701201589864743 0.011996332274750353 0.023916126475947198 0.036376590956526039 0.051166507682713261 -0.021659101460311577 0.010062556468584187 0.0065549173098489325 -0.030456000670076137 0.025485294799789084 0.0057672553267099401 -0.026686021877895094 0.015818834000608208 -0.00028080596158329592 -0.020194863296956276 -0.0001257636295830534 -0.0029354713918422529 0.015682246148725629 -0.0040874257206638216 -0.027658313500064455 0.00061692699071064325 -0.017781216144520072
leaf_weight=328 444 37 9.9999999999999982 17 88 11.999999999999998 19 13.000000000000002 516 10.999999999999998 8.0000000000000018 11.999999999999998 51 61 167 32 14.999999999999998 13.999999999999998 14.999999999999998 14.999999999999998 7.9999999999999991 23 159 10.999999999999998 11.999999999999998 10.000000000000002 18 13.999999999999998 7.9999999999999991 13.999999999999998 245 8.0000000000000018 113
leaf_count=328 444 37 10 17 88 12 19 13 516 11 8 12 51 61 167 32 15 14 15 15 8 23 159 11 12 10 18 14 8 14 245 8 113
internal_value=-0.000769492 0.00639103 0.0174374 0.0128936 0.0104507 0.0352193 -0.0111836 -0.0131853 0.0122327 0.00445967 -0.0134191 0.00659919 0.02493 0.0209387 0.0376715 0.0117484 0.017012 0.0047734 -0.0144443 -0.0148088 -0.00259591 -0.0142167 -0.00994595 0.0169277 -0.0164098 0.00907452 -0.00877515 -0.00385468 0.0393741 -0.0152914 -0.0122485 -0.0106541 -0.0166431
internal_weight=2528 1604 985 788 659 197 619 924 604 77 542 20 129 112 187 58 47 60 864 849 33 522 182 24 340 18 55 36 175 816 259 22 557
internal_count=2528 1604 985 788 659 197 619 924 604 77 542 20 129 112 187 58 47 60 864 849 33 522 182 24 340 18 55 36 175 816 259 22 557
is_linear=0
shrinkage=0.0749534


Tree=4
num_leaves=38
num_cat=0
split_feature=0 2 2 6 15 2 2 4 0 10 7 2 2 10 11 2 2 2 5 7 10 4 2 2 8 2 11 4 9 9 6 8 4 5 10 4 8
split_gain=59.2728 17.821 5.36196 4.80024 2.95547 3.40748 3.19869 3.85442 2.43733 2.41848 1.97499 1.84616 1.79819 2.29722 1.68788 1.55322 1.31814 1.65162 1.30393 1.21088 1.16168 0.950917 0.916742 0.87475 0.952646 0.917115 0.74182 0.668384 0.69712 0.462457 0.411757 0.400239 0.336712 0.333567 0.366339 0.18287 0.102547
threshold=1.0000000180025095e-35 1.0334452965859755 1.6905837262216423 0.98517487288601269 0.88625919121491659 -0.98340181012624817 -1.266429051140326 -0.68017619844788646 -1.1446077060016007 -1.4663558919769029 1.0994984534763907 -0.77522766329679205 0.30202974838214497 0.57561249971798845 1.4125446538393469 -0.4464723511912117 2.1484175919637276 2.2810380511050545 -0.8757610543292107 -0.013647081861686849 0.65072405188182347 -0.17648611743292261 -1.8743035738741409 -0.85792790671072339 1.7059790552728036 0.78648687318898869 0.21492155102016219 -0.47106593211266035 -0.66471179592159524 -0.37539256288986406 2.3717757199006368 0.8775912371236404 -0.58935790811214073 1.0494725983622291 1.2626209112983975 -0.443107186111175 -0.61755403820354915
decision_type=2 2 2 2 2 2 2 2 2 2 2 2 2 2 2 2 2 2 2 2 2 2 2 2 2 2 2 2 2 2 2 2 2 2 2 2 2
left_child=2 3 8 4 5 22 29 -8 11 -3 -7 -1 18 14 -14 -13 33 35 -5 21 -19 27 -2 -10 30 -26 -17 -4 -29 -6 -25 -15 -21 34 -11 -18 -20
right_child=1 9 19 12 6 10 7 -9 23 16 -12 15 13 31 -16 26 17 20 36 32 -22 -23 -24 24 25 -27 -28 28 -30 -31 -32 -33 -34 -35 -36 -37 -38
leaf_value=-0.046530725703206474 0.0036173016408421843 0.0024275451881986612 -0.00017489282795078931 0.038246662512509855 -0.019148654263693429 0.0041726807234746949 0.024349071398387687 0.0046806881999196847 -0.034295244656231405 0.035001611881887142 0.032081144915538241 0.1154963274931021 0.0028890201085629559 -0.0051963299172752327 0.024845885178768262 -0.012042148705914545 0.015348764440745569 0.03223210427587312 0.049337478479707174 -5.3330170400920966e-05 0.0087702677513933833 -0.01010492933544728 -0.021554443312782383 -0.020818056194797749 -0.019515452374038574 0.0073934979860577083 0.02730883271177106 0.0019320137609447178 0.02489767838300223 0.0010252640647518472 0.00086157625556637315 0.013491595679832666 -0.018727052858199155 0.012907880316886881 0.029170144617037572 -0.0027818634233671385 0.057759250812097304
leaf_weight=26 12.999999999999998 14.999999999999998 7.9999999999999991 11.999999999999998 13.000000000000002 623 55 54 269 120 53 8.9999999999999982 16.000000000000004 15.000000000000002 10.999999999999998 32 7.9999999999999991 22 8.0000000000000018 10.000000000000002 10.999999999999998 7.9999999999999991 98 812 44 9.9999999999999982 19 9.0000000000000018 21 18 11.999999999999998 7.9999999999999991 9.9999999999999982 7.9999999999999991 19 7.9999999999999991 21
leaf_count=26 13 15 8 12 13 623 55 54 269 120 53 9 16 15 11 32 8 22 8 10 11 8 98 812 44 10 19 9 21 18 12 8 10 8 19 8 21
internal_value=-0.0012138 0.010574 -0.0123665 0.00642528 0.00477624 0.00296487 0.0147193 0.0206618 -0.0134821 0.0302762 0.00496895 -0.0012526 0.0226359 0.0121111 0.0260132 0.00597319 0.03247 0.0199914 0.0340154 0.00818642 0.0290088 0.0146569 -0.00906831 -0.014393 -0.0131506 -0.00328966 0.000320331 0.019406 0.024187 -0.00610994 -0.0137831 -0.00508632 -0.00659919 0.0362193 0.0372078 0 0.042222
internal_weight=2528 1229 1299 1018 927 787 140 109 1233 211 676 86 91 50 27 60 196 49 41 66 33 46 111 1147 878 54 51 38 30 31 824 23 20 147 139 16 29
internal_count=2528 1229 1299 1018 927 787 140 109 1233 211 676 86 91 50 27 60 196 49 41 66 33 46 111 1147 878 54 51 38 30 31 824 23 20 147 139 16 29
is_linear=0
shrinkage=0.0749534


Tree=5
num_leaves=35
num_cat=0
split_feature=0 3 3 12 16 0 5 10 5 3 11 10 3 1 8 3 6 13 1 5 6 3 5 6 5 3 9 9 8 6 10 3 5 9
split_gain=52.3865 12.8004 3.37815 2.95777 2.80719 2.451 2.36741 2.15682 2.49867 2.05351 1.77796 2.1541 1.55561 1.42025 1.47811 1.86984 1.38271 1.34809 1.24397 1.18074 1.6085 1.05618 1.07289 1.05218 1.02505 0.898377 0.683086 0.998659 0.572072 0.402929 0.660617 0.390955 0.161893 0.0924998
threshold=1.0000000180025095e-35 0.9576229269467661 2.4614863987988769 2.4011762019116332 1.0000000180025095e-35 -1.1446077060016007 2.239979907126203 0.4300227542787099 -0.8757610543292107 -1.5504005355741566 1.4125446538393469 1.2098752943001141 0.15966714088420572 1.0000000180025095e-35 1.7975757138519453 -0.15938547848144871 0.48662175935266461 -0.33077738013787322 1.0000000180025095e-35 -0.7075433891486308 0.98517487288601269 0.038588316690446607 -0.48874677041548237 0.17502606339432206 -0.43342961991082624 0.77579571395543023 -0.060920745500435337 -0.51529559107099998 0.34794360120615048 0.081547354606819361 -0.69946140966487158 1.0841188126301304 -0.45878857265640383 0.24239032474447195
decision_type=2 2 2 2 2 2 2 2 2 2 2 2 2 2 2 2 2 2 2 2 2 2 2 2 2 2 2 2 2 2 2 2 2 2
left_child=2 3 5 4 7 17 10 9 -9 -2 11 18 32 29 25 -16 -12 26 -3 28 -21 -19 -23 -13 -4 -15 27 -1 -6 31 -31 -7 -5 -28
right_child=1 6 24 12 19 13 -8 8 -10 -11 16 23 -14 14 15 -17 -18 21 -20 20 -22 22 -24 -25 -26 -27 33 -29 -30 30 -32 -33 -34 -35
leaf_value=-0.0095227547708790806 -0.0181482571797521 -0.0012923791317540046 0.027681137013677099 0.027331048980293312 -0.0029188144559057667 -0.038309770463202268 -0.0012116573707557084 0.015833972132253793 -0.0058496902243129791 0.0074797600759484275 0.011772991224262822 -0.0030922606402220693 0.02755367836886714 -0.012950248396755877 -0.020864882027911504 0.0071301134968847768 0.030962008192450794 -0.044693685856172879 0.028993609575737538 0.029098016010617601 0.042394297492816077 0.0045659960833860369 0.067167083435965627 0.0087091827224106185 -0.011080927302940415 -0.0006668796962270607 -0.027766220430613595 0.054917180636537902 0.014158002932807124 -0.006750414616251337 -0.030447713202705083 -0.0014072447365273215 -0.0019665216830499206 -0.021971451036197395
leaf_weight=11.000000000000002 20 8.9999999999999982 7.9999999999999991 7.9999999999999991 13.000000000000002 345 12.999999999999998 19 230 517 7.9999999999999991 10.000000000000002 17 460 14.000000000000002 11.999999999999998 44 12.000000000000002 164 105 17 8.0000000000000018 10.999999999999998 18 7.9999999999999991 74 11.999999999999998 7.9999999999999991 8.9999999999999982 13.999999999999998 265 8.9999999999999982 7.9999999999999991 28
leaf_count=11 20 9 8 8 13 345 13 19 230 517 8 10 17 460 14 12 44 12 164 105 17 8 11 18 8 74 12 8 9 14 265 9 8 28
internal_value=-0.00142114 0.00966099 -0.0119058 0.00560739 0.00478097 -0.0123455 0.0241435 0.0029924 -0.00275064 0.00565876 0.0257388 0.0220023 0.0268957 -0.0132436 -0.0103912 0.00652479 0.0384984 -0.00038787 0.0250861 0.0143173 0.0171489 0.0117082 0.0217422 0.00240692 0.0202012 -0.0112441 -0.00698484 0.00428847 -0.00146564 -0.0157142 -0.0132422 -0.0175526 0.0080282 -0.0123155
internal_weight=2528 1229 1299 963 930 1283 266 786 249 537 253 201 33 1193 560 26 52 90 173 144 122 31 19 28 16 534 59 19 22 633 279 354 16 40
internal_count=2528 1229 1299 963 930 1283 266 786 249 537 253 201 33 1193 560 26 52 90 173 144 122 31 19 28 16 534 59 19 22 633 279 354 16 40
is_linear=0
shrinkage=0.0749534


Tree=6
num_leaves=45
num_cat=0
split_feature=0 18 0 3 18 6 0 6 10 3 5 8 11 6 6 5 11 9 17 3 0 12 9 3 5 5 5 6 10 11 9 5 5 3 8 8 6 7 7 14 11 13 13 8
split_gain=44.3378 53.1845 5.65126 2.92691 2.95913 2.79965 2.17024 2.03885 3.04724 1.83529 1.48119 1.26299 1.21407 1.02779 1.20157 1.02753 1.01569 1.04129 1.38068 0.966382 0.822701 0.820754 0.920907 0.775995 0.768233 0.610705 1.32455 1.18564 0.821756 0.802128 0.795508 0.628943 0.37242 0.338366 0.41341 0.322443 0.266264 0.229615 0.192197 0.180278 0.151026 0.0442047 0.103179 0.0398228
threshold=1.0000000180025095e-35 1.0000000180025095e-35 1.01557764731833 0.010833817126537101 1.0000000180025095e-35 -1.1336758596307159 -1.1446077060016007 1.7018449735902001 0.4186500944289982 1.9258702419511413 -0.74579177159997589 -0.73997872951474353 1.4125446538393469 0.45546218975683034 0.019228215415150855 0.45499849719943936 1.0000000180025095e-35 -0.26461032216946762 1.4567572365165855 2.4614863987988769 1.01557764731833 -0.67414598255139557 -0.73444524914034204 -0.52943817641170654 -0.48874677041548237 0.13433364843686682 1.0000000180025095e-35 -0.074250493372351789 -1.0849135191274326 1.0000000180025095e-35 0.98429768203357992 -1.0840011467426518 2.504600442685343 1.8559099902480021 -0.43807208435712336 1.9085023646409709 -0.79092059407653936 0.45450622079776465 -0.76371751933431298 1.0000000180025095e-35 -0.18428614991956593 0.95806809640109025 2.0960205915313379 1.3791089476888558
decision_type=2 2 2 2 2 2 2 2 2 2 2 2 2 2 2 2 2 2 2 2 2 2 2 2 2 2 2 2 2 2 2 2 2 2 2 2 2 2 2 2 2 2 2 2
left_child=3 2 5 25 6 21 13 8 -7 16 -4 -11 -9 14 -5 19 20 35 -19 -8 32 22 -2 -22 -15 26 28 36 30 -29 -1 -30 -3 43 -35 -18 -28 -23 -12 41 -13 -27 -43 -6
right_child=1 9 10 4 33 7 15 12 -10 11 38 40 -14 24 -16 -17 17 18 -20 -21 23 37 -24 -25 -26 39 27 29 31 -31 -32 -33 -34 34 -36 -37 -38 -39 -40 -41 -42 42 -44 -45
leaf_value=-0.0087482048098035531 -0.0088862571378571804 -0.02656800221544935 0.033777830349278622 0.025607153067008337 -0.021692229150174467 0.023360424260481547 -0.0038672462666373033 0.037249776298860574 0.0084820342756031578 0.014559909270995833 0.050667813254952287 0.0017828665892259074 0.03419313441643497 0.022499699314563405 -0.02101878415311112 -0.027916040006595665 -0.018014135443000158 -0.0085218725853183283 0.0080755872059713185 0.013658841943968525 0.0051722934538371863 -0.0031669197529120611 0.028006998317196757 -0.013878384236786804 0.088742379936113114 -0.029743501295823181 -0.00040363771013849698 -0.0088616413659415843 -8.0187390251739124e-05 0.10301807756665439 0.008209417340861884 -0.026476519367453214 -0.0069739120531009998 -0.0089041334826345259 0.0024661072705466753 -0.0078914054718091878 -0.029855737520416498 -0.019824714281976755 0.077318607116533836 -0.038705202854590517 -0.0077943599070478976 -0.01275855748382243 -0.026851463330849316 -0.032929352088947872
leaf_weight=59 8.0000000000000018 201 7.9999999999999991 9.0000000000000018 135 371 273 25 204 8.0000000000000018 10.999999999999998 10.000000000000002 32 13.000000000000002 10.999999999999998 32 67 101 12.999999999999998 8.9999999999999982 22 8.0000000000000018 8.9999999999999982 24 8.9999999999999982 212 13.000000000000002 9.0000000000000018 9.9999999999999982 7.9999999999999991 11.999999999999998 392 18 7.9999999999999991 7.9999999999999991 7.9999999999999991 13.999999999999998 12.999999999999998 58 28 9.9999999999999982 12.000000000000002 14.999999999999998 7.9999999999999991
leaf_count=59 8 201 8 9 135 371 273 25 204 8 11 10 32 13 11 32 67 101 13 9 22 8 9 24 9 212 13 9 10 8 12 392 18 8 8 8 14 13 58 28 10 12 15 8
internal_value=-0.00156924 0.00862629 0.0211246 -0.0112147 -0.00676841 0.0187785 -0.00292279 0.0199623 0.0184607 -0.0107491 0.0402991 0.00732641 0.0336863 0.0126043 0 -0.00508699 -0.0119011 -0.00752718 -0.00288207 -0.00355136 -0.0149162 -0.000886219 0.0105029 -0.00537892 0.0229054 -0.0141028 -0.0124417 0 -0.0135931 0.0143522 -0.00584403 -0.0149136 -0.0168298 -0.0151922 -0.00397053 -0.0142497 -0.0094824 -0.0103097 0.0437611 -0.0171697 -0.00326378 -0.0179191 -0.0120256 -0.0163479
internal_weight=2528 1229 747 1299 515 670 356 632 575 482 77 28 57 42 20 314 454 189 114 282 265 38 17 46 22 784 517 44 473 17 71 402 219 159 16 75 27 21 69 267 20 239 27 143
internal_count=2528 1229 747 1299 515 670 356 632 575 482 77 28 57 42 20 314 454 189 114 282 265 38 17 46 22 784 517 44 473 17 71 402 219 159 16 75 27 21 69 267 20 239 27 143
is_linear=0
shrinkage=0.0749534


Tree=7
num_leaves=38
num_cat=0
split_feature=0 18 2 2 0 15 4 2 4 6 3 0 4 1 18 7 0 2 17 8 6 7 9 9 1 18 3 4 7 3 13 2 2 13 4 9 3
split_gain=40.421 47.4609 5.54183 5.10536 3.96683 3.6197 3.07183 1.84296 1.79541 1.76303 1.74422 1.70837 1.50959 1.39897 2.13173 1.76668 1.42495 1.383 1.34298 1.26299 1.24595 1.21324 1.15333 0.894275 0.86968 1.57132 0.834339 0.770448 0.631565 0.593757 0.581039 0.559227 0.357251 0.336442 0.275284 0.0500391 0.0359741
threshold=1.0000000180025095e-35 1.0000000180025095e-35 1.0334452965859755 0.84593279836536917 1.01557764731833 0.88625919121491659 -0.17648611743292261 -0.81471578301340009 -1.0134960092028058 2.6989512006568961 1.9258702419511413 -1.1446077060016007 -0.23923763647717566 1.0000000180025095e-35 1.0000000180025095e-35 -0.62190465757980651 -1.1446077060016007 -0.4464723511912117 2.8191998165809324 -0.73997872951474353 -0.82208016367237358 -0.54160098887544927 -0.78160386104205093 -0.84774096032884483 1.0000000180025095e-35 1.0000000180025095e-35 1.45441532436159 -0.49015429308371805 2.4603893497108928 1.45441532436159 -0.25472374637787865 -0.3436071909005381 -0.78592486152974683 -0.34178311252737342 -0.55940924562416361 -1.7819742011766835 -0.81263795866640198
decision_type=2 2 2 2 2 2 2 2 2 2 2 2 2 2 2 2 2 2 2 2 2 2 2 2 2 2 2 2 2 2 2 2 2 2 2 2 2
left_child=3 2 4 7 5 8 -7 35 -2 13 18 17 23 16 15 -15 29 -9 28 -12 -14 -6 -22 26 32 -26 -4 -21 31 -5 -19 -3 -13 -18 -16 -1 -25
right_child=1 10 12 9 21 6 -8 11 -10 -11 19 24 20 14 34 -17 33 30 -20 27 22 -23 -24 36 25 -27 -28 -29 -30 -31 -32 -33 -34 -35 -36 -37 -38
leaf_value=-0.018312384624993034 -0.0037805176675356064 -0.025138189833842695 0.00082511261897657575 -0.0049400353418527143 0.030705753110569691 0.024703413290339076 0.0030599820090627229 0.063404392076023053 0.01335722300540081 0.025026118344375063 0.013468594391021486 -0.014233864449072991 -0.0013892354734885231 0.0041822900938279835 0.0018704666309086312 0.0012386690314404121 -0.010259225681044889 -0.015256865632995864 0.0062994332502846829 0.01334301410167011 0.040166640299100449 0.071404800446915467 0.023600032578905115 0.019088734740699151 -0.003233428578557579 -0.023412472087770062 0.023827188536466693 -0.0062623597200543888 0.00020198303454405689 0.033034834670778827 0.04530014913334008 -0.010354414181744688 -0.030089875397276335 -0.022970515026246124 -0.011030476752910218 -0.029814417755605241 0.031894361786616754
leaf_weight=8.9999999999999982 44 188 10.000000000000002 10.000000000000002 11.999999999999998 62 29 10.999999999999998 384 14.999999999999998 8.0000000000000018 13.999999999999998 11.999999999999998 18 8.0000000000000018 37 58 22.999999999999996 10.999999999999998 9.0000000000000018 14.999999999999998 47 45 7.9999999999999991 179 181 9.9999999999999982 10.999999999999998 12.999999999999998 9.9999999999999982 10.000000000000002 242 347 43 18 308 69
leaf_count=9 44 188 10 10 12 62 29 11 384 15 8 14 12 18 8 37 58 23 11 9 15 47 45 8 179 181 10 11 13 10 10 242 347 43 18 308 69
internal_value=-0.00171734 0.00801764 0.0198245 -0.0109267 0.0162024 0.0139751 0.0274472 -0.0130267 0.0109658 -0.000419562 -0.010285 -0.0109605 0.0317909 -0.00237484 0.00514391 0.0133398 -0.0074233 0.00319111 -0.0114085 0.00732641 0.0221206 0.0344193 0.0263696 0.0382246 -0.0118343 -0.00909405 0.0199408 -0.00326378 -0.0120688 0.0099346 -0.00470894 -0.0125615 -0.0144822 -0.0110313 -0.0117898 -0.0178845 0.0421853
internal_weight=2528 1229 747 1299 578 519 91 1082 428 217 482 765 169 202 81 55 121 44 454 28 72 59 60 97 721 360 20 20 443 20 33 430 361 101 26 317 77
internal_count=2528 1229 747 1299 578 519 91 1082 428 217 482 765 169 202 81 55 121 44 454 28 72 59 60 97 721 360 20 20 443 20 33 430 361 101 26 317 77
is_linear=0
shrinkage=0.0749534


Tree=8
num_leaves=41
num_cat=0
split_feature=0 18 0 2 2 2 15 4 3 3 13 8 18 1 13 0 8 6 8 12 10 7 11 0 10 1 12 7 8 8 6 12 3 10 3 2 2 10 7 7
split_gain=36.7253 40.6951 5.55409 4.35075 4.01456 2.40264 2.16568 1.99647 1.91866 1.57597 1.55584 1.45507 1.31332 2.16254 1.66563 1.30935 1.20561 1.12816 1.1035 1.32649 1.09149 0.920889 0.898729 0.809818 1.29189 0.877352 0.692784 0.630862 0.554144 0.728958 0.499443 0.497166 0.382916 0.296923 0.291785 0.249894 0.220043 0.155827 0.0955744 0.245514
threshold=1.0000000180025095e-35 1.0000000180025095e-35 1.01557764731833 0.84593279836536917 1.0334452965859755 1.2552791361444833 0.88625919121491659 0.095777543781269167 -0.93376430170593283 2.4614863987988769 0.38251053974442206 -0.78657604493822009 1.0000000180025095e-35 1.0000000180025095e-35 2.0489447629485129 -1.1446077060016007 1.7975757138519453 0.54894089854433314 1.5651092345728679 0.35096141226961375 -1.3457877734402814 -0.76371751933431298 1.0000000180025095e-35 -1.1446077060016007 0.63459147618977874 1.0000000180025095e-35 0.35096141226961375 1.1584447634827815 -0.78175041902399667 -0.35851183895213679 -0.16772920215985451 0.35096141226961375 0.010833817126537101 1.1313429821165275 0.60758794015161 2.1484175919637276 -0.44927568813307794 1.8815726050772932 0.29817035512864226 0.27766729077859248
decision_type=2 2 2 2 2 2 2 2 2 2 2 2 2 2 2 2 2 2 2 2 2 2 2 2 2 2 2 2 2 2 2 2 2 2 2 2 2 2 2 2
left_child=3 2 4 12 6 22 8 -8 -2 18 20 -7 13 15 16 17 -15 -1 23 -20 -6 -4 27 24 -5 -25 36 34 33 -30 -13 -29 -17 -24 -3 -32 -23 38 39 -14
right_child=1 5 21 9 10 11 7 -9 -10 -11 -12 30 37 14 -16 32 -18 -19 19 -21 -22 26 28 25 -26 -27 -28 31 29 -31 35 -33 -34 -35 -36 -37 -38 -39 -40 -41
leaf_value=-0.017379586267496788 0.024584357765256994 -0.023691534475428707 0.037961722060801076 -0.001686204954560605 -0.0066021762330572571 0.012767537981379987 0.022851808173293017 0.0021602230789706054 0.0086893957892430242 0.019768912278431056 0.030536983374034116 -0.0020422876233558832 -0.02213398264526616 -0.0035941702051758887 0.0049158297605348678 -0.032919893841283646 0.0057238083454902635 0.084472378324445804 0.0079307058246278084 -0.014844765982224249 0.021367894997394429 0.012383456865080751 -0.021073421732123468 -0.01643513850699722 0.068757679006139952 5.650802982585026e-05 0.042309433516107733 0.0052443061984027654 0.0010482598374433958 -0.0099373980264220781 0.0040265415794930957 -0.035763331070778011 -0.022781935719449743 -0.0027962950260886515 -0.0067407608078252886 -0.00079543967092607284 0.083617554615568315 -0.0097612180665951741 -0.034236272079876874 -0.0084607263200633786
leaf_weight=40 82 205 13.999999999999998 13.000000000000002 8.9999999999999982 8.9999999999999982 66 25 346 15.999999999999998 20 8.0000000000000018 182 198 14.999999999999998 275 8.9999999999999982 14.999999999999998 9 8 122 7.9999999999999991 33 91 7.9999999999999991 72 10.999999999999998 14.000000000000002 39 110 8.0000000000000018 7.9999999999999991 127 8.9999999999999982 26 12.999999999999998 44 12.999999999999998 199 8.9999999999999982
leaf_count=40 82 205 14 13 9 9 66 25 346 16 20 8 182 198 15 275 9 15 9 8 122 8 33 91 8 72 11 14 39 110 8 8 127 9 26 13 44 13 199 9
internal_value=-0.00168772 0.00759159 0.0185244 -0.010466 0.016215 -0.00935673 0.0129689 0.0234378 0.0106175 -0.000761079 0.0269728 0.00829414 -0.0124047 -0.010309 -0.0041667 -0.0132508 -0.00598581 -0.00225429 -0.00266279 0.0143522 0.0231526 0.0374696 -0.0109085 -0.00441288 0.00871302 -0.00621857 0.041475 -0.0138565 -0.00686825 -0.00456658 -0.000544253 -0.00146564 -0.0147283 -0.0142898 -0.0150016 0.00551971 0.0453784 -0.0158473 -0.0161335 -0.0142291
internal_weight=2528 1229 747 1299 670 482 519 91 428 217 151 38 1082 679 222 457 207 55 201 17 131 77 444 184 21 163 63 253 191 149 29 22 402 42 231 21 52 403 390 191
internal_count=2528 1229 747 1299 670 482 519 91 428 217 151 38 1082 679 222 457 207 55 201 17 131 77 444 184 21 163 63 253 191 149 29 22 402 42 231 21 52 403 390 191
is_linear=0
shrinkage=0.0749534


Tree=9
num_leaves=39
num_cat=0
split_feature=0 18 0 2 2 5 5 2 10 4 18 1 5 6 8 0 17 10 9 8 4 18 8 10 10 0 2 10 5 6 2 5 5 4 4 3 10 5
split_gain=31.3129 33.5561 5.71263 4.09733 3.23254 2.29083 2.29006 2.28 2.12289 2.04864 1.56473 2.40819 2.07922 1.467 1.45507 1.40743 1.23806 1.17353 1.09345 0.872908 0.867672 1.14396 0.85422 0.850376 0.970608 0.694177 0.587549 1.08477 0.781643 0.499443 0.396702 0.317524 0.259708 0.139721 0.23834 0.0975639 0.046133 0.0287948
threshold=1.0000000180025095e-35 1.0000000180025095e-35 1.01557764731833 1.5163082970999626 1.1056249656301982 2.8104254584366415 -1.1000833472669447 1.2552791361444833 1.0906334468283196 -0.48317328868431492 1.0000000180025095e-35 1.0000000180025095e-35 0.35289431382770442 1.0000000180025095e-35 -0.78657604493822009 -1.1446077060016007 2.8191998165809324 0.10022334949171822 -0.49545164863115554 0.65899364800738247 -0.24553934827866983 1.0000000180025095e-35 -0.056859263721700394 -0.49361366080074071 0.77502130564044591 2.0956703239782959 -0.3436071909005381 -1.2511655484292141 -0.93670546560101975 -0.16772920215985451 1.7837212562735216 -1.1559697047462236 -0.55500941399647818 0.023099342272981303 -0.84798100072779359 1.6164223303565188 1.1953198129571774 -0.34560719799082434
decision_type=2 2 2 2 2 2 2 2 2 2 2 2 2 2 2 2 2 2 2 2 2 2 2 2 2 2 2 2 2 2 2 2 2 2 2 2 2 2
left_child=3 2 4 6 5 8 23 16 -2 37 11 15 -13 -11 -9 -8 26 -4 30 25 21 22 -20 -1 31 -19 28 -28 -3 -16 -5 -25 -31 34 -12 -32 -35 -6
right_child=1 7 17 18 9 -7 10 14 -10 13 33 12 -14 -15 29 -17 -18 19 20 -21 -22 -23 -24 24 -26 -27 27 -29 -30 32 35 -33 -34 36 -36 -37 -38 -39
leaf_value=-0.0030426270814264693 0.015577475529112286 0.005122733068133347 0.08483120715959605 0.00022017204442436683 0.024658787597359219 -0.0064885462214611216 -0.0051693828904620237 0.011810567445342941 9.747735645188632e-05 0.0022988730035191285 -0.021193979272335836 -9.5241193023176322e-06 -0.0076457474013109606 0.022097366884710021 -0.001889211197461033 -0.026448178335371622 0.006160404852794516 0.033778896071317517 0.017653014087837902 0.0087296648447968972 -0.007633522504071141 -0.001080950609095995 0.0042176127846874885 0.017455729688269399 -0.0030144258118755024 0.05834635709584312 0.0019244450699936685 -0.011469798393259019 -0.021482481905601532 -0.003497357699520082 -0.00081891094372479444 0.0033340820511552891 0.0067811406819577504 -0.033062397792062395 -0.019221772444904035 -0.011764262446566538 -0.013647897666392138 0.019863076010928873
leaf_weight=10.999999999999998 433 7.9999999999999991 45 8.0000000000000018 23 19 64 8.9999999999999982 74 32 88 197 53 78 8.0000000000000018 442 10.999999999999998 16.000000000000004 18.999999999999996 7.9999999999999991 8.9999999999999982 13.999999999999998 14.000000000000002 9.0000000000000018 7.9999999999999991 7.9999999999999991 23 209 193 10.000000000000002 11.000000000000002 10.000000000000002 10.999999999999998 169 153 10.999999999999998 8.9999999999999982 10.999999999999998
leaf_count=11 433 8 45 8 23 19 64 9 74 32 88 197 53 78 8 442 11 16 19 8 9 14 14 9 8 8 23 209 193 10 11 10 11 169 153 11 9 11
internal_value=-0.00207279 0.00649602 0.0164242 -0.010178 0.0140972 0.0112725 -0.011299 -0.00889259 0.0122446 0.0240401 -0.0118864 -0.00978122 -0.0037046 0.0183122 0.00829414 -0.0127477 -0.0104049 0.0355834 0.0054886 0.0216966 0.0115093 0.0154969 0.0226697 0.00644216 0.0132972 0.0282534 -0.011055 -0.00830453 -0.0140823 -0.000544253 -0.00572104 0.0217422 0.00551971 -0.0156014 -0.0139237 -0.0106541 -0.0176421 0.0400302
internal_weight=2528 1229 747 1299 670 526 1213 482 507 144 1175 756 250 110 38 506 444 77 86 32 56 47 33 38 27 24 433 232 201 29 30 19 21 419 241 22 178 34
internal_count=2528 1229 747 1299 670 526 1213 482 507 144 1175 756 250 110 38 506 444 77 86 32 56 47 33 38 27 24 433 232 201 29 30 19 21 419 241 22 178 34
is_linear=0
shrinkage=0.0749534


Tree=10
num_leaves=37
num_cat=0
split_feature=18 1 2 4 3 2 17 2 2 6 13 3 3 9 3 5 9 6 9 3 5 9 1 12 13 13 2 5 6 13 9 5 4 11 3 4
split_gain=22.357 26.0464 5.17727 3.12232 2.98414 2.30754 2.1702 2.03717 2.0185 1.67892 1.12063 1.17989 1.11837 1.43615 1.04582 0.947488 0.859142 1.81977 2.63095 1.14472 0.828679 0.78379 0.654261 0.70467 0.604685 0.58519 0.543544 0.712541 1.46771 0.538353 0.501482 0.457349 0.428428 0.409522 0.161893 0.161893
threshold=1.0000000180025095e-35 1.0000000180025095e-35 1.1540364298032351 1.8141191665016148 0.010833817126537101 1.2552791361444833 2.8191998165809324 -1.266429051140326 -1.1783771461870627 2.0446002391443772 1.473971236041012 0.56531235991502482 -0.5907404200760763 0.34603841260129015 1.9258702419511413 -0.3725594982938723 -0.31254035489086651 0.14386649379848784 -0.81994174536809383 2.3502803546977784 -0.17772098608836223 0.064481678529993716 1.1241768659879796 1.0000000180025095e-35 -0.051615493143723441 -0.32708429963010244 1.1056249656301982 -0.18086622953861686 0.76705788571517286 4.3864087763499127 0.37826510598679258 -0.65606319934467983 -0.30810878936209668 1.4125446538393469 -0.27622202062204632 -0.25108112846234709
decision_type=2 2 2 2 2 2 2 2 2 2 2 2 2 2 2 2 2 2 2 2 2 2 2 2 2 2 2 2 2 2 2 2 2 2 2 2
left_child=1 4 3 7 26 6 22 32 -9 10 14 -12 13 -5 -6 31 17 24 -19 25 -17 -22 29 34 -4 -18 27 -1 -29 30 -2 -7 -3 -11 -24 -21
right_child=5 2 16 12 9 15 -8 8 -10 33 11 -13 -14 -15 -16 20 19 18 -20 35 21 -23 23 -25 -26 -27 -28 28 -30 -31 -32 -33 -34 -35 -36 -37
leaf_value=-0.034528429218485361 -0.019240235821903512 -0.0055312946304777446 -0.00042625644848821951 -0.0049234017029390412 -0.01334149414276284 0.00022534930043082739 0.0052078362256218558 0.030540989811453128 0.011144307543734994 0.00025419554019890555 0.048371578081066673 -0.020166327828652131 -0.0098081870649948666 0.0091008342091059777 0.010599128036033171 0.019494293937111076 0.022942176871088824 0.023803922277249479 0.023597315173006644 0.020020323811187041 0.010514044187764087 -0.0014771550544646368 0.01617798827300931 -0.023425157524239341 0.021596152187573645 0.023148933974775611 0.0017262936310726707 -0.022060867985005995 0.013308713131280309 -0.0011286283171120749 -0.017482795950356692 -0.005826331313469075 0.00094310810857157698 0.052622233802163181 -0.0092275432248222454 0.0038320003098718451
leaf_weight=187 531 31 28 26 207 14.000000000000002 14.999999999999998 12.999999999999998 692 9.0000000000000018 10.000000000000002 11.999999999999998 30 14.999999999999998 17 7.9999999999999991 53 23 19 7.9999999999999991 9.0000000000000018 14.999999999999998 7.9999999999999991 17 8.9999999999999982 18 9.9999999999999982 141 18 9.9999999999999982 275 13.999999999999998 11.999999999999998 7.9999999999999991 7.9999999999999991 7.9999999999999991
leaf_count=187 531 31 28 26 207 14 15 13 692 9 10 12 30 15 17 8 53 23 19 8 9 15 8 17 9 18 10 141 18 10 275 14 12 8 8 8
internal_value=-0.00245785 0.00289174 0.0104542 0.00795898 -0.00913333 -0.011729 -0.0127142 0.00938611 0.0103539 -0.00302909 -0.00466921 0.0106541 -0.00686419 0.00125611 -0.00628115 0.00237382 0.022458 0.0158501 0.0260876 0.0278365 0.0108249 0.00277061 -0.0132243 -0.00259591 0.00328229 0.0318582 -0.0135864 -0.0140839 -0.0100861 -0.013643 -0.0138581 -0.00732641 -0.00614588 0.0182014 0.0080282 0.0080282
internal_weight=2528 1604 985 819 619 924 864 748 705 263 246 22 71 41 224 60 166 79 42 87 32 24 849 33 37 71 356 346 159 816 806 28 43 17 16 16
internal_count=2528 1604 985 819 619 924 864 748 705 263 246 22 71 41 224 60 166 79 42 87 32 24 849 33 37 71 356 346 159 816 806 28 43 17 16 16
is_linear=0
shrinkage=0.0749534


Tree=11
num_leaves=36
num_cat=0
split_feature=0 18 0 2 10 2 19 4 8 5 8 2 17 2 0 2 8 7 4 4 4 7 6 2 8 11 7 8 0 13 10 4 4 2 2
split_gain=23.3228 22.8462 6.16737 2.92998 2.55642 2.61068 2.40628 1.9228 1.80824 1.79723 1.79297 1.79255 1.30216 1.25283 1.751 1.34277 1.07427 1.06135 0.965213 0.904633 0.86446 0.909515 0.826394 0.813077 0.808045 0.786173 0.784977 1.17644 0.704295 0.660934 0.527628 0.274475 0.118893 0.0979689 0.021572
threshold=1.0000000180025095e-35 1.0000000180025095e-35 1.01557764731833 0.85882404110359878 1.1313429821165275 1.3150768497819527 1.0000000180025095e-35 1.8692196339919314 1.7975757138519453 -1.1714853796827731 2.1581858124231945 0.30202974838214497 2.8191998165809324 -0.81471578301340009 -1.1446077060016007 -0.26178972458037325 0.18692742101554077 -0.76371751933431298 -0.073218501286353585 1.2317550036217837 -0.22311022665669714 -0.90894755848049369 0.2996643417776591 0.15837868771983812 0.5440659303151163 -1.3819092527387502 -0.80814082542608678 -1.1609168105027414 2.0956703239782959 -0.19896087630896347 1.7331757004153112 -0.41968981172855369 -1.2018160218295064 -0.21538940546978561 -1.524924180985151
decision_type=2 2 2 2 2 2 2 2 2 2 2 2 2 2 2 2 2 2 2 2 2 2 2 2 2 2 2 2 2 2 2 2 2 2 2
left_child=3 2 4 9 5 7 10 -2 30 -1 20 12 22 32 15 -15 -8 -4 -7 33 21 -5 25 -16 -22 -3 31 -28 -29 -24 -6 -13 -11 -19 -34
right_child=1 11 17 6 8 18 16 -9 -10 13 -12 26 -14 14 23 -17 -18 19 -20 -21 24 -23 29 -25 -26 -27 27 28 -30 -31 -32 -33 34 -35 -36
leaf_value=0.0079594684547365686 0.014516348763857132 -0.00037262591316648277 0.031749214068336445 0.014134720091300533 -0.00097437997785158458 0.021053351512172754 0.029236744873893911 -0.0015544407643106101 0.029956913727061097 -0.013752531086980491 0.0065016823517319187 0.002485757523095251 0.0053083163941990081 0.029077221787548967 -0.013045905183595578 -0.009388194217483898 0.00027699461021413603 0.029674881808704319 0.010412577211063907 0.018757811147912723 -0.015746642459826623 -0.0015401177480046935 -0.0079814162440902166 -0.014732502769103135 0.00069328752926765542 -0.01735926362801957 0.0081105839102550235 -0.0053896279014008308 0.0066753154377766823 0.0070535658194146407 0.00070007970868955609 0.0014137650463154989 -0.040346277887214989 0.079314104099214758 -0.019609115367796255
leaf_weight=11.999999999999998 465 25 13.999999999999998 11.999999999999998 50 55 11.000000000000002 43 7.9999999999999991 13.999999999999998 8.9999999999999982 10.000000000000002 10.999999999999998 15.999999999999998 478 29 12.999999999999998 10.999999999999998 13.999999999999998 13.999999999999998 47 97 45 244 13.999999999999998 250 10.999999999999998 102 11.999999999999998 7.9999999999999991 35 7.9999999999999991 89 38 214
leaf_count=12 465 25 14 12 50 55 11 43 8 14 9 10 11 16 478 29 13 11 14 14 47 97 45 244 14 250 11 102 12 8 35 8 89 38 214
internal_value=-0.00266519 0.00473094 0.0129239 -0.0096597 0.0105305 0.0123823 -0.00136012 0.0104219 -0.000964493 -0.011189 -0.0044312 -0.00796432 -0.0109155 -0.0115195 -0.00981185 0.00430806 0.0197591 0.0327539 0.025933 0.0368957 -0.00629212 -0.00217085 -0.0117891 -0.0107058 -0.0132596 -0.0134331 -0.00089061 -0.00307437 -0.0054562 -0.00301117 -0.00448024 0.0127358 -0.0155383 0.0418344 -0.0158824
internal_weight=2528 1229 747 1299 670 577 203 508 93 1096 179 482 339 1084 767 45 24 77 69 63 170 109 328 722 61 275 143 125 114 53 85 18 317 49 303
internal_count=2528 1229 747 1299 670 577 203 508 93 1096 179 482 339 1084 767 45 24 77 69 63 170 109 328 722 61 275 143 125 114 53 85 18 317 49 303
is_linear=0
shrinkage=0.0749534


Tree=12
num_leaves=48
num_cat=0
split_feature=0 18 0 18 5 1 0 5 2 2 2 10 8 7 8 10 6 7 17 6 2 7 8 9 5 9 2 5 10 10 5 2 9 2 14 5 10 5 10 5 2 8 7 7 8 8 9
split_gain=18.7651 20.6186 5.75465 3.54344 3.0648 2.61353 2.18049 2.10284 2.10198 1.87216 1.67039 1.55468 1.99182 1.5574 1.36544 1.10991 1.08014 0.851084 0.849375 0.816415 0.803171 0.784977 1.17644 1.02058 0.729346 0.718412 0.743689 0.705592 0.666166 0.66546 0.526788 0.459706 0.278362 0.603692 0.327425 0.826319 0.311016 0.274475 0.260482 0.228006 0.222473 0.115377 0.0625322 0.194243 0.0174669 0.063459 0.0108777
threshold=1.0000000180025095e-35 1.0000000180025095e-35 1.01557764731833 1.0000000180025095e-35 -1.1000833472669447 1.0000000180025095e-35 -1.1446077060016007 0.35289431382770442 1.3150768497819527 0.30202974838214497 -0.77522766329679205 1.1313429821165275 1.7975757138519453 -0.51255498104621289 1.7059790552728036 0.90229293414462564 0.14386649379848784 -0.76371751933431298 1.4567572365165855 0.36198348096932759 1.1540364298032351 -0.80814082542608678 -1.1609168105027414 1.1129823073903073 -0.044035690055023689 -0.36529526946696911 1.1347703421626216 1.2872030521848528 -1.240760963378764 0.12159773096610051 0.24236073042078624 -1.3425513735736236 0.48349217632023184 1.6566028961479324 -0.738224098466287 0.084323041312430971 1.6359476047304546 0.21866618386554917 -0.41741463508245563 1.2230743584706274 -0.098713043191178226 0.99073876124515337 -0.013647081861686849 -0.087970690130614829 1.412926094645593 1.2480807994635363 0.69473116081123365
decision_type=2 2 2 2 2 2 2 2 2 2 2 2 2 2 2 2 2 2 2 2 2 2 2 2 2 2 2 2 2 2 2 2 2 2 2 2 2 2 2 2 2 2 2 2 2 2 2
left_child=3 2 8 4 25 6 10 14 11 16 -6 13 -13 -2 -7 24 27 -4 29 -17 -8 37 -23 -24 -10 -1 46 31 -29 -18 40 -3 41 34 35 -34 -36 -11 -32 -9 -19 42 43 -5 45 -43 -27
right_child=1 9 17 32 5 7 20 39 15 21 -12 12 -14 -15 -16 19 18 30 -20 -21 -22 22 23 -25 -26 26 -28 28 -30 -31 38 -33 33 -35 36 -37 -38 -39 -40 -41 -42 44 -44 -45 -46 -47 -48
leaf_value=-0.0019277253041049673 0.02248824249045217 -0.0072823198119408329 0.029369502141883181 -0.017330751897510675 -0.032907457821788083 0.00010041894963179451 -0.02205817557463478 -0.0063264812879002671 0.019559946440356756 5.4661703440879504e-05 0.024129971118628434 -0.00082898631676372569 0.027711540826724789 0.0081239634443381527 0.006194988010597844 -0.0033399918382725664 0.0046084646131828904 0.028097945397829352 0.0094930555662896474 0.015020547016062176 -0.0046811098454295338 0.0075026679719205659 -0.0065525302987361105 0.0031111586342465959 0.012239441316315271 0.014543187573192059 -0.00093468171313118239 0.0056565342266885156 -0.026619605839788271 -0.0075498346369948649 0.024784388858426067 -0.016537238268608943 0.0059718211515157665 0.0040210547453194663 -0.021171120325651833 -0.028783195546166505 -0.0023828816015582076 0.0083904537840484537 0.0022730890273365894 -0.006490593985454202 0.078063250709313109 -0.003893627575882466 -0.022462298019593211 -0.014012421792028518 -0.031284334107157856 -0.0017652804476336842 0.0055908560272220813
leaf_weight=12.999999999999998 112 12.999999999999998 13.999999999999998 89 18 198 424 35 42 10.000000000000002 54 69 7.9999999999999991 396 14.999999999999998 10.000000000000002 18 9.9999999999999982 9.9999999999999982 15.999999999999998 53 10.999999999999998 93 21 17 12.000000000000005 7.9999999999999991 17 25 50 15.000000000000002 206 13.000000000000002 7.9999999999999991 100 13.999999999999998 7.9999999999999991 7.9999999999999991 7.9999999999999991 19 30 12.000000000000002 160 9.9999999999999982 19 8.9999999999999982 7.9999999999999991
leaf_count=13 112 13 14 89 18 198 424 35 42 10 54 69 8 396 15 10 18 10 10 16 53 11 93 21 17 12 8 17 25 50 15 206 13 8 100 14 8 8 8 19 30 12 160 10 19 9 8
internal_value=-0.00269481 0.00393969 0.0117238 -0.0089686 -0.00612454 -0.00714106 -0.0100888 -0.00103709 0.00941594 -0.00811903 0.00199131 0.00774813 -0.00210182 0.00924724 0.00234056 0.0203326 -0.011135 0.0308676 -0.00323997 0.00652479 -0.0119164 -0.00089061 -0.00307437 -0.0054562 0.0258841 0.0133253 0.0196251 -0.0134357 -0.00417732 -0.0063587 0.0346061 -0.0151376 -0.0144146 -0.0111955 -0.0123922 -0.00439599 -0.0142336 0.0127358 0.0212705 -0.0139078 0.0405518 -0.0158445 -0.0165484 -0.013834 -0.0105507 -0.00711636 0.0266116
internal_weight=2528 1229 747 1299 857 816 549 267 670 482 72 585 77 508 213 85 339 77 78 26 477 143 125 114 59 41 28 261 42 68 63 219 442 143 135 27 108 18 23 54 40 299 259 99 40 21 20
internal_count=2528 1229 747 1299 857 816 549 267 670 482 72 585 77 508 213 85 339 77 78 26 477 143 125 114 59 41 28 261 42 68 63 219 442 143 135 27 108 18 23 54 40 299 259 99 40 21 20
is_linear=0
shrinkage=0.0749534


Tree=13
num_leaves=36
num_cat=0
split_feature=0 2 5 12 16 2 6 9 5 5 5 12 7 2 6 9 10 6 4 5 6 1 6 8 0 4 8 5 12 13 9 17 9 2 8
split_gain=18.092 7.39991 2.54806 2.4311 2.75321 2.20841 1.9216 1.77219 1.77075 1.45757 1.75895 1.54302 1.41007 1.3967 1.66709 1.33018 0.967534 1.38298 0.953467 0.939543 2.36305 0.956771 0.898225 0.815331 1.02703 0.787015 0.63713 0.575463 0.322114 0.272854 0.249895 0.177072 0.7373 0.774892 0.049405
threshold=1.0000000180025095e-35 1.1056249656301982 0.28749605085447588 2.4011762019116332 1.0000000180025095e-35 0.84593279836536917 2.0134406695485429 -0.26461032216946762 -1.1000833472669447 -0.21818845539211226 0.2727168944605306 0.86351510968011858 -1.1524214476373265 0.60705559624206662 0.98517487288601269 -0.3451051338425255 0.36309302328875931 0.51778132894849893 -0.96947746718373395 1.0000000180025095e-35 0.081547354606819361 1.0000000180025095e-35 -0.72860145488487082 2.1581858124231945 -1.1446077060016007 -0.14627126138942573 -0.47534262774273711 -0.97059567761952081 0.35096141226961375 2.3101294907035324 0.46185499740993391 1.0000000180025095e-35 0.16865938296399649 -1.0926664455981683 0.36075737070952496
decision_type=2 2 2 2 2 2 2 2 2 2 2 2 2 2 2 2 2 2 2 2 2 2 2 2 2 2 2 2 2 2 2 2 2 2 2
left_child=2 3 5 4 6 8 7 -2 15 11 26 16 -7 14 -6 -1 27 -18 -5 21 -21 -10 -12 24 -14 -15 -11 -3 -17 31 -28 -4 34 -34 -33
right_child=1 9 29 18 13 12 -8 -9 19 10 22 -13 23 25 -16 28 17 -19 -20 20 -22 -23 -24 -25 -26 -27 30 -29 -30 -31 -32 32 33 -35 -36
leaf_value=-0.012726836755691322 -0.0042597524353025478 0.0027377386922872275 -0.019557020512860148 0.0059003481730181481 0.013467763504382968 0.014713295328787384 0.033657164191908104 0.00092894333267731842 -0.021616571816195987 0.011322053427252388 0.0036558667313325035 -0.0050400919172255846 0.022344349911614065 -0.0020556185652104791 0.029276359095606604 0.0011556397255930054 -0.0033355628469486868 0.016061800033193394 0.016473209068692967 -0.012567231231767796 0.016636099623144884 -0.0074038648531163636 0.023739393408413509 0.0059112814568087254 -0.0012551571468234419 0.04024076677752339 -0.0019819003071067684 0.020208824971028421 0.014438163795177605 -0.013425500538196498 0.0028767683445045404 -0.028313387377337199 -0.037059171476350537 0.0094443910429337363 -0.028188026485744498
leaf_weight=8.0000000000000018 339 7.9999999999999991 206 12.999999999999998 114 10.999999999999998 11.999999999999998 461 372 12.999999999999998 16.000000000000004 13.999999999999998 21 32 21 11.000000000000002 9.9999999999999982 41 20 78 31 300 8.9999999999999982 8.9999999999999982 158 13.999999999999998 15.000000000000002 69 9.9999999999999982 8.9999999999999982 7.9999999999999991 42 10.000000000000002 14.999999999999998 7.9999999999999991
leaf_count=8 339 8 206 13 114 11 12 461 372 13 16 14 21 32 21 11 10 41 20 78 31 300 9 9 158 14 15 69 10 9 8 42 10 15 8
internal_value=-0.00263557 0.00387883 -0.00879583 0.00127381 0.000581914 -0.00698264 -0.0012864 -0.00177265 -0.00871598 0.0168635 0.00676475 0.0210006 8.50179e-05 0.0088767 0.0126648 0.00887981 0.0235413 0.0143376 0.0205566 -0.00939735 -0.00284325 -0.0104437 0.0210861 -0.00156561 -0.00277908 -0.00228628 -0.00385468 0.0289814 0.0182929 -0.0149866 -0.0109715 -0.0153963 -0.0113472 -0.000623497 -0.0163964
internal_weight=2528 1229 1299 1026 993 1009 812 800 810 203 61 142 199 181 135 29 128 51 33 781 109 672 25 188 179 46 36 77 21 290 23 281 75 25 50
internal_count=2528 1229 1299 1026 993 1009 812 800 810 203 61 142 199 181 135 29 128 51 33 781 109 672 25 188 179 46 36 77 21 290 23 281 75 25 50
is_linear=0
shrinkage=0.0749534


Tree=14
num_leaves=38
num_cat=0
split_feature=18 0 0 1 3 2 8 0 2 15 4 10 10 8 4 3 17 3 8 0 7 14 8 2 19 7 7 11 8 6 4 7 3 7 8 7 10
split_gain=16.9459 17.9324 4.81799 3.03661 2.33223 2.16663 2.07604 1.81874 1.623 1.59768 1.52938 1.60389 1.50203 1.45196 1.43063 1.35512 1.3525 0.985092 0.966748 0.946497 0.871658 0.848752 1.16997 0.842873 0.738284 0.713452 0.90681 0.734306 0.670542 0.578769 0.477202 0.473758 0.232466 0.209007 0.263956 0.253253 0.0198471
threshold=1.0000000180025095e-35 1.0000000180025095e-35 1.01557764731833 1.0000000180025095e-35 0.010833817126537101 1.3150768497819527 1.7975757138519453 -1.1446077060016007 1.2552791361444833 2.1112254216092903 1.8692196339919314 0.41199039263780374 0.90229293414462564 -0.78657604493822009 -0.94354219281714802 2.3502803546977784 2.8191998165809324 0.50115272321200155 -0.029090988105303899 1.0000000180025095e-35 0.035047695969680055 -0.738224098466287 1.2814220412642245 -0.77522766329679205 1.0000000180025095e-35 -0.076010569259752886 -0.18023447970583525 -1.3819092527387502 0.13488242433578526 0.36198348096932759 -0.53031290992198576 -0.73894298324467 1.5441387414184302 0.31952771382660999 1.0498510008212814 0.29219029469321067 1.0125747210741856
decision_type=2 2 2 2 2 2 2 2 2 2 2 2 2 2 2 2 2 2 2 2 2 2 2 2 2 2 2 2 2 2 2 2 2 2 2 2 2
left_child=1 3 5 4 23 10 9 20 16 14 11 -3 15 -10 -5 -7 19 -9 -12 33 -6 -4 31 36 -25 26 -21 -27 32 -14 -30 -23 -15 35 -35 -2 -1
right_child=8 2 21 6 7 12 -8 17 13 -11 18 -13 29 28 -16 -17 -18 -19 -20 25 -22 22 -24 24 -26 27 -28 -29 30 -31 -32 -33 -34 34 -36 -37 -38
leaf_value=-0.021048622137300077 -0.016198912934837911 0.0131319780533132 0.0050292110025597653 0.0031565194304078543 0.023470906273146557 0.015378579183301152 0.0054682107416373759 0.00055324950697294996 0.0061800941176105295 0.0035182894607326911 -0.0052514741459155322 0.0041761780462155852 -0.0029157324565038108 -0.00025757238229433119 -0.0011030629891303936 0.016636128615043079 0.0049055845734378824 -0.015167010057400386 0.0022421033111174019 -0.0067205289999189635 -0.017246016575307728 0.026111938199283403 0.072972158976485721 -0.027109406555411164 0.014653939298279356 -0.0042030408292398581 0.0004331730405111865 -0.01530781036708484 0.015520591506087799 0.01269081904811757 -0.0037276008451716447 0.053013701921096675 -0.0015902505523528354 -0.022824694007433692 -0.01965142065430114 -0.0090175357882786734 -0.019186452186971972
leaf_weight=121 208 334 12.999999999999998 33 33 46 12.999999999999998 76 13.999999999999998 12.999999999999998 32 207 10.000000000000002 9.0000000000000018 221 12.999999999999998 14.999999999999998 128 11.999999999999998 127 8.9999999999999982 9.9999999999999982 8.9999999999999982 181 19 28 21 257 10.000000000000002 15.999999999999998 7.9999999999999991 45 19 159 35 13.999999999999998 9.9999999999999982
leaf_count=121 208 334 13 33 33 46 13 76 14 13 32 207 10 9 221 13 15 128 12 127 9 10 9 181 19 28 21 257 10 16 8 45 19 159 35 14 10
internal_value=-0.00260595 0.00205191 0.0105237 -0.00533966 -0.00843716 0.0084128 0.00105569 -0.00285927 -0.0106773 -0.000480788 0.00672744 0.00782376 0.0194757 0.00117403 -0.00189334 0.0258841 -0.0115032 -0.00580052 -0.00641685 -0.0119039 0.0109189 0.0280382 0.0315484 -0.0125259 -0.00924684 -0.00933381 -0.00497052 -0.0115318 -0.00537892 0.00389226 0.00541326 0.0355107 -0.0122459 -0.0145042 -0.0165869 -0.0125144 -0.0172561
internal_weight=2528 1604 747 857 577 670 280 246 924 267 585 541 85 60 254 59 864 204 44 849 42 77 64 331 200 433 148 285 46 26 18 55 28 416 194 222 131
internal_count=2528 1604 747 857 577 670 280 246 924 267 585 541 85 60 254 59 864 204 44 849 42 77 64 331 200 433 148 285 46 26 18 55 28 416 194 222 131
is_linear=0
shrinkage=0.0749534


Tree=15
num_leaves=40
num_cat=0
split_feature=18 0 0 3 1 3 8 10 8 13 3 17 1 7 10 14 8 11 11 0 0 1 6 7 8 3 8 10 6 10 10 10 12 12 10 10 10 6 8
split_gain=15.1256 15.1447 4.08264 2.58998 2.47256 2.18159 2.13806 1.8773 1.90301 1.81807 1.73651 2.01465 1.65607 1.4455 1.07174 1.10794 1.07138 1.04849 0.859182 0.985923 0.764503 1.10595 0.768759 0.804028 0.737514 0.661163 0.874722 0.692573 0.600221 0.507671 0.517146 0.708058 0.550567 0.50665 0.465488 0.413576 0.35407 0.294274 0.0305454
threshold=1.0000000180025095e-35 1.0000000180025095e-35 1.01557764731833 2.4614863987988769 1.0000000180025095e-35 0.010833817126537101 1.7975757138519453 1.1313429821165275 1.7975757138519453 0.62735250926490538 0.44032243751431271 2.8191998165809324 1.0000000180025095e-35 -0.50401203756702628 0.032867276184080162 -0.738224098466287 -0.48780399844997951 -0.18428614991956593 -0.38389000038943 1.0000000180025095e-35 1.01557764731833 -1.4759321159128549 -0.41700575892652841 0.29817035512864226 0.12617757020807022 0.98807625433370361 -0.023252272949425848 -1.2289433498946087 0.76705788571517286 -0.54856944324578605 0.1485011051567631 0.015901199829317352 -0.67414598255139557 1.0000000180025095e-35 1.813961127238173 -1.3488139735448057 0.45833972955897767 -0.35468661973485993 0.94956349625043712
decision_type=2 2 2 2 2 2 2 2 2 2 2 2 2 2 2 2 2 2 2 2 2 2 2 2 2 2 2 2 2 2 2 2 2 2 2 2 2 2 2
left_child=1 3 7 4 5 28 9 12 34 -6 11 20 24 -14 15 -4 -7 -16 19 37 22 -22 35 -24 -3 27 -27 -21 -1 38 31 -31 -32 -23 -9 -2 -19 -12 -20
right_child=10 2 14 -5 6 16 -8 8 -10 -11 18 -13 13 -15 17 -17 -18 36 29 25 21 33 23 -25 -26 26 -28 -29 -30 30 32 -33 -34 -35 -36 -37 -38 -39 -40
leaf_value=-0.019779733204023806 -0.016806965871797058 -0.025806859418961939 0.0036453632656503008 0.015335779041348984 -0.00090005673085542771 0.00088701903317215563 0.0050583496883772078 -0.0014786432071602568 0.023127084483995117 0.0036948745156149985 -0.0088247966139867948 0.006339933233274149 0.018319070012951764 0.0082874870229167931 -0.0020869452829354531 0.067993422918739652 -0.010823591663572078 0.031424448852379619 -0.015552548293729965 0.0024726232900694244 -0.017621254556888327 0.021132339366777969 -0.0085173733621603017 -0.01394797312631014 0.0078178845219168749 0.0065322543028489355 -0.0056527341540892574 -0.0066082551227072241 -0.010386640180523753 -0.00065835786240439783 -0.0015833383134224916 0.0096138834512528824 -0.0074081471371840917 -0.010862670956020212 0.0007282277530792253 -0.023087786702234058 0.019251348731147477 -0.00043412277511745866 -0.014634047482902087
leaf_weight=286 58 22 9.9999999999999982 13.999999999999998 233 84 12.999999999999998 52 7.9999999999999991 32 13.000000000000002 7.9999999999999991 143 402 10.999999999999998 34 150 8.0000000000000018 25 8.0000000000000018 20 14.999999999999998 149 150 9.9999999999999982 15.000000000000002 8.9999999999999982 12.999999999999998 45 24 48 14.999999999999998 62 20 33 252 13.999999999999998 11.999999999999998 7.9999999999999991
leaf_count=286 58 22 10 14 233 84 13 52 8 32 13 8 143 402 11 34 150 8 25 8 20 15 149 150 10 15 9 13 45 24 48 15 62 20 33 252 14 12 8
internal_value=-0.00216165 0.00223854 0.0100237 -0.00455478 -0.00511779 -0.00795516 0.000662362 0.00807842 -0.00174958 -0.000904726 -0.0097874 -0.0117773 0.00966597 0.0106417 0.0261519 0.0338357 -0.00237043 0.0142176 -0.00441185 0.00256339 -0.012256 -0.00355847 -0.0130213 -0.0101261 -0.00647628 0.00904475 0.0169277 -0.000729751 -0.0118516 -0.00710175 -0.00506142 0.00222034 -0.0076495 0.00445761 -0.00533713 -0.0157065 0.0229054 -0.00880856 -0.0152741
internal_weight=2528 1604 747 857 843 565 278 670 93 265 924 672 577 545 77 44 234 33 252 70 664 55 609 299 32 45 24 21 331 182 149 39 110 35 85 310 22 25 33
internal_count=2528 1604 747 857 843 565 278 670 93 265 924 672 577 545 77 44 234 33 252 70 664 55 609 299 32 45 24 21 331 182 149 39 110 35 85 310 22 25 33
is_linear=0
shrinkage=0.0749534


Tree=16
num_leaves=31
num_cat=0
split_feature=18 2 4 5 16 7 4 7 2 5 17 12 2 8 5 9 4 2 5 8 8 3 15 5 9 6 5 7 3 8
split_gain=14.1479 5.69271 3.5879 2.47006 2.15136 2.15332 2.10284 1.96688 1.67457 1.49365 1.22712 1.1125 1.05229 1.04291 1.50468 1.0338 1.01414 1.00107 1.09585 0.971386 1.10824 0.960791 0.674944 0.627637 0.48627 0.458262 0.382393 0.295457 0.0898769 0.00642817
threshold=1.0000000180025095e-35 1.1056249656301982 2.0228434632187517 -1.1000833472669447 1.0000000180025095e-35 -0.36476205885627599 0.095777543781269167 0.45450622079776465 1.2552791361444833 -0.3725594982938723 2.8191998165809324 0.86351510968011858 -0.36964233139740793 -1.0811636381598648 -0.93670546560101975 -0.93703533685373908 -0.85656840695894554 0.6342553928011484 2.504600442685343 -0.78175041902399667 -0.20711515132130801 0.18623610764061452 1.0000000180025095e-35 -1.0456582178070792 0.39578335407794124 1.0000000180025095e-35 3.5046483674833464 -0.10932804882858253 1.5856676228349682 -0.88997497836288608
decision_type=2 2 2 2 2 2 2 2 2 2 2 2 2 2 2 2 2 2 2 2 2 2 2 2 2 2 2 2 2 2
left_child=1 2 3 16 5 -5 -6 11 10 22 12 13 23 15 -15 -3 -1 18 -14 -11 -21 -18 -10 -2 -9 26 29 -25 -19 -4
right_child=8 7 25 4 6 -7 -8 24 9 19 -12 -13 17 14 -16 -17 21 28 -20 20 -22 -23 -24 27 -26 -27 -28 -29 -30 -31
leaf_value=0.019801067286600929 0.0049360986551896645 -0.02723493729447727 -0.010467392755381461 -0.0043310944944442587 0.0029937639934656509 0.00073834476073601839 0.020602864328927644 -0.0075898434154726517 0.004593286719444499 0.0062589386185858973 0.004062694642802814 -0.0091087921269500504 -0.0094346305701594989 9.2664176003482912e-05 0.013649311954815904 0.020194513941322826 -0.0044302297903106944 -0.016914959944100243 0.0025517934254678095 -0.0076042348189543016 0.0087267237807889201 0.015295910381329903 -0.0041037911879862575 -0.010294103407010263 0.0010179847019940672 0.0014528745873879285 -0.013053496059863655 -0.01913526704350919 -0.0039263475286037955 -0.020910559450003141
leaf_weight=11.999999999999998 8.9999999999999982 11.000000000000002 10.999999999999998 309 209 620 59 19.000000000000004 8.0000000000000018 8.9999999999999982 14.999999999999998 9.9999999999999982 349 33 183 12.999999999999998 12.000000000000002 55 12.999999999999998 9 14 8.9999999999999982 20 61 7.9999999999999991 11.999999999999998 7.9999999999999991 344 18 66
leaf_count=12 9 11 11 309 209 620 59 19 8 9 15 10 349 33 183 13 12 55 13 9 14 9 20 61 8 12 8 344 18 66
internal_value=-0.00225051 0.00200526 -4.1073e-05 0.00106297 0.000482945 -0.0012254 0.00636783 0.0117278 -0.0096256 0.00237382 -0.0104651 0.0137985 -0.0108476 0.0148312 0.0164605 0 0.0205566 -0.00817747 -0.00647354 0.0129993 0.00361503 0.00871302 -0.00978615 -0.013584 -0.0069392 -0.0137354 -0.0156197 -0.014022 -0.016117 -0.0171921
internal_weight=2528 1604 1327 1230 1197 929 268 277 924 60 864 250 849 240 216 24 33 435 362 32 23 21 28 414 27 97 85 405 73 77
internal_count=2528 1604 1327 1230 1197 929 268 277 924 60 864 250 849 240 216 24 33 435 362 32 23 21 28 414 27 97 85 405 73 77
is_linear=0
shrinkage=0.0749534


Tree=17
num_leaves=39
num_cat=0
split_feature=18 0 0 1 3 3 17 10 4 15 1 0 8 13 8 4 4 3 4 10 7 4 13 8 3 4 0 1 6 8 4 3 10 10 0 10 15 6
split_gain=12.3471 14.0472 4.01568 2.11682 2.23398 1.90469 1.95122 1.88512 1.99083 1.85335 1.60249 1.59066 1.37244 1.50606 1.1815 1.09992 1.35907 1.09555 0.931195 1.03569 0.871658 0.800736 0.71744 0.6947 0.685556 0.893409 0.665774 1.10595 1.02151 0.848137 0.742842 0.522582 0.465488 0.425258 0.40666 0.377728 0.268795 0.164863
threshold=1.0000000180025095e-35 1.0000000180025095e-35 1.01557764731833 1.0000000180025095e-35 0.010833817126537101 0.44032243751431271 2.8191998165809324 1.1313429821165275 1.7493726126737148 2.1112254216092903 1.0000000180025095e-35 -1.1446077060016007 1.7059790552728036 0.62735250926490538 1.7975757138519453 1.1953507441370903 1.0237497556743858 0.15546826753696852 1.6362646534607446 0.21900964919491597 0.035047695969680055 -0.41420291765898437 -0.33653897623856516 -1.2781468871302049 -0.56125827048601107 0.36748307978074674 1.01557764731833 -1.4759321159128549 -0.41700575892652841 2.2994607195139722 -0.19638895966000303 1.0638929770482342 1.813961127238173 0.67042570547176705 1.0000000180025095e-35 -1.3488139735448057 1.0000000180025095e-35 -0.57280360690569965
decision_type=2 2 2 2 2 2 2 2 2 2 2 2 2 2 2 2 2 2 2 2 2 2 2 2 2 2 2 2 2 2 2 2 2 2 2 2 2 2
left_child=1 3 7 4 24 6 26 8 10 12 -3 20 13 -5 32 16 23 -13 19 -4 -6 -14 -10 -7 25 -1 28 -28 35 -30 -29 37 -9 -21 -25 -2 -26 -17
right_child=5 2 18 9 11 15 -8 14 22 -11 -12 17 21 -15 -16 31 -18 -19 -20 33 -22 -23 -24 34 36 -27 27 30 29 -31 -32 -33 -34 -35 -36 -37 -38 -39
leaf_value=-0.007527093847713647 -0.014154577773954853 -0.0034514119122229896 0.060874538810050741 -0.0012373563122064766 0.021380361512128142 0.0024925320606388134 0.0055602207789794212 -0.0016190040122097066 0.00090168565927933441 0.0044435750630702079 0.012055780839302203 0.0030761871572714244 -0.00030748917529022313 0.0028414402978953627 0.021169237763219651 -0.012111562960093761 0.028662029357468994 -0.014116519724508038 0.0039603289576439294 0.015172709422279915 -0.014573218999594625 0.0051906888530653698 -0.0077882941143799849 -0.0040493725911844814 -0.007424101910062166 -0.026863521232489446 -0.015048001796234129 -0.0067836086772109713 -0.010566142771679089 0.016191873132174791 0.011383265983976374 -0.0020515922410589849 0.00027663851603950643 0.017889590661784274 -5.7483124160225953e-06 -0.020358078255907661 -0.024407845465505975 -0.010973877264869545
leaf_weight=127 58 27 41 219 33 9.9999999999999982 7.9999999999999991 52 37 13.999999999999998 496 30 8.0000000000000018 30 7.9999999999999991 12.999999999999998 8.9999999999999982 174 9.9999999999999982 13.000000000000002 8.9999999999999982 8.9999999999999982 17 75 31 71 20 14.999999999999998 290 8.9999999999999982 20 9.9999999999999982 33 12.999999999999998 97 252 102 38
leaf_count=127 58 27 41 219 33 10 8 52 37 14 496 30 8 30 8 13 9 174 10 13 9 9 17 75 31 71 20 15 290 9 20 10 33 13 97 252 102 38
internal_value=-0.00225051 0.00172531 0.00922362 -0.00481641 -0.00740238 -0.00914019 -0.0112216 0.00729821 0.00888988 0.000524998 0.0103027 -0.00195429 -0.000971153 -0.00245258 -0.00253466 -0.00352821 -0.000669652 -0.00471146 0.0252088 0.028298 0.0109189 0.0182014 -0.00461693 -0.002226 -0.0114021 -0.00840437 -0.0116937 -0.00355847 -0.0124085 -0.00913162 0.00445761 -0.0120788 -0.00533713 0.0144224 -0.00342758 -0.0154666 -0.0156182 -0.0150385
internal_weight=2528 1604 747 857 577 924 672 670 577 280 523 246 266 249 93 252 191 204 77 67 42 17 54 182 331 198 664 55 609 299 35 61 85 26 172 310 133 51
internal_count=2528 1604 747 857 577 924 672 670 577 280 523 246 266 249 93 252 191 204 77 67 42 17 54 182 331 198 664 55 609 299 35 61 85 26 172 310 133 51
is_linear=0
shrinkage=0.0749534


Tree=18
num_leaves=41
num_cat=0
split_feature=0 2 2 0 7 16 6 12 4 4 12 9 3 7 17 13 4 15 9 9 2 3 11 9 6 6 1 3 4 11 4 9 15 9 4 13 15 7 4 2
split_gain=10.6683 4.50275 2.73495 3.23453 2.04177 1.73115 1.84577 1.64071 1.86279 1.99603 1.5717 1.69245 1.48524 2.08522 1.63651 1.16364 1.16358 1.71578 1.66826 1.27886 0.980795 1.09503 1.02735 0.811382 0.792361 0.782144 0.661394 1.38068 0.959955 1.39206 0.469389 0.404854 0.299749 0.297329 0.229253 0.228887 0.0664843 0.0433095 0.192477 0.0590543
threshold=1.0000000180025095e-35 1.1056249656301982 -0.77522766329679205 -1.1446077060016007 0.45450622079776465 1.0000000180025095e-35 2.0134406695485429 0.86351510968011858 -0.49015429308371805 -0.34944362648252031 2.4011762019116332 -0.26461032216946762 0.77579571395543023 0.34771942730792599 2.8191998165809324 -0.16431896647030098 0.40070406158625554 1.0000000180025095e-35 -0.70489326786399109 -0.38773313862885356 -0.4464723511912117 2.0302927289709722 0.21492155102016219 -0.76863339811635567 0.26850477218182484 -0.51048446771403111 1.0000000180025095e-35 -0.56991243204172315 -0.33285326911153817 0.21492155102016219 -0.3200211250365545 0.25150224294226831 0.88625919121491659 0.80332977614271217 -0.59486502806532471 3.4929029904135489 1.0000000180025095e-35 1.6291609491859891 -0.87619371038589045 -0.81471578301340009
decision_type=2 2 2 2 2 2 2 2 2 2 2 2 2 2 2 2 2 2 2 2 2 2 2 2 2 2 2 2 2 2 2 2 2 2 2 2 2 2 2 2
left_child=2 5 26 20 7 6 10 8 34 -10 11 -2 13 14 -7 -12 17 18 -5 -19 -4 22 -22 30 31 -15 35 32 29 -29 -14 -18 -28 -25 -3 37 -6 39 -39 -1
right_child=1 4 3 16 36 12 -8 -9 9 -11 15 -13 23 25 -16 -17 24 19 -20 -21 21 -23 -24 33 -26 -27 27 28 -30 -31 -32 -33 -34 -35 -36 -37 -38 38 -40 -41
leaf_value=-0.024157415326137886 -0.0038361727330881892 0.02381453751446453 0.078092704899245316 0.0026262610838925881 -0.00040082076827061469 0.022202582839465548 0.027968118992735092 -0.0043367951877414804 -0.00031189108906589188 0.01004866890628855 0.0046594959023537417 0.00099475531073916763 -0.0016726523627339197 0.012530473947079781 -0.0051484823720805758 0.020129122882256243 -0.020224884252564551 -0.011082103320598531 -0.0016767540184244555 -0.0021184627025022319 -0.0082103029740167744 0.020296016554165866 0.032486885666404439 -0.0070561641998516805 0.012520708695230056 -0.0067605926877015764 -0.016079174657554984 0.0018252387394006432 -0.024598487000255888 -0.0079219992129013986 0.032663288704568666 -0.0064577676915859011 -0.0032925248627781538 0.0047140420130622135 0.013355899373619215 -0.001394725299954795 -0.0030319866084674131 0.00074784252722623703 -0.01489470537330123 -0.010787991088800918
leaf_weight=171 339 25 8.9999999999999982 53 11.000000000000002 79 11.999999999999998 14.999999999999998 39 95 22.000000000000004 461 9.0000000000000018 21 9.9999999999999982 7.9999999999999991 131 142 212 232 35 7.9999999999999991 15.999999999999998 33 14.999999999999998 13.999999999999998 60 20 18 20 7.9999999999999991 88 8.9999999999999982 9.9999999999999982 9.9999999999999982 9.9999999999999982 7.9999999999999991 8.0000000000000018 9.9999999999999982 32
leaf_count=171 339 25 9 53 11 79 12 15 39 95 22 461 9 21 10 8 131 142 212 232 35 8 16 33 15 14 60 20 18 20 8 88 9 10 10 10 8 8 10 32
internal_value=-0.00228013 0.0027224 -0.0070105 -0.00486425 0.0128509 0.00069078 -0.000752535 0.0152657 0.017366 0.0128949 -0.00121357 -0.00186606 0.00722656 0.0118402 0.0178046 0.014954 -0.00609822 -0.00440843 0.000204154 -0.00766085 0.0106131 0.00637519 0.00172206 -0.00237382 -0.0106115 -0.00345748 -0.0125754 -0.00794766 0.000593119 0.00702119 0.0105029 -0.0117533 -0.0149216 -0.00779422 0.0324611 -0.0150016 -0.00952459 -0.0155052 -0.00907452 -0.0159516
internal_weight=2528 1229 1299 941 203 1026 842 184 169 134 830 800 184 124 89 30 873 639 265 374 68 59 51 60 234 35 358 127 58 40 17 219 69 43 35 231 19 221 18 203
internal_count=2528 1229 1299 941 203 1026 842 184 169 134 830 800 184 124 89 30 873 639 265 374 68 59 51 60 234 35 358 127 58 40 17 219 69 43 35 231 19 221 18 203
is_linear=0
shrinkage=0.0749534


Tree=19
num_leaves=39
num_cat=0
split_feature=18 1 0 2 10 5 5 0 7 2 10 10 7 14 5 7 0 5 6 9 11 11 1 5 7 7 9 9 9 17 6 13 2 0 8 5 2 6
split_gain=12.5887 10.9288 2.91598 2.59065 2.33298 2.25086 2.01258 1.79233 1.49617 1.32206 1.24605 1.17187 1.78487 1.13515 1.03462 0.953693 0.833536 0.771327 1.01574 0.735793 0.723378 0.677886 0.627422 0.586951 0.514156 0.39344 0.728273 0.488334 0.911853 1.60174 0.351793 0.289898 0.233499 0.145202 0.174399 0.106443 0.237716 0.0145949
threshold=1.0000000180025095e-35 1.0000000180025095e-35 1.01557764731833 -0.77522766329679205 1.2557771006352942 2.588003491115499 -1.1559697047462236 -1.1446077060016007 -0.55185252105047289 -0.79635189767596259 0.54956181016270034 1.8815726050772932 0.36309672557046335 -0.738224098466287 -0.74579177159997589 -0.34938476059373985 2.0956703239782959 2.504600442685343 -0.41700575892652841 -0.79823189075445267 0.8137331024297545 1.8117523547790746 1.1241768659879796 3.1841538604432591 0.17429767468042923 -0.20757189883923458 -0.036661125832480747 0.29363299903492251 0.53275827965920441 1.0000000180025095e-35 0.23734520258599057 3.4929029904135489 0.34696626009948633 1.0000000180025095e-35 2.0156529928194646 1.430289428369991 -1.4757253884397146 -1.1648354292265501
decision_type=2 2 2 2 2 2 2 2 2 2 2 2 2 2 2 2 2 2 2 2 2 2 2 2 2 2 2 2 2 2 2 2 2 2 2 2 2 2
left_child=1 3 4 31 5 8 32 10 -3 25 -8 16 -13 -4 -15 -9 17 18 -11 20 -6 -21 -16 -19 -18 26 -2 35 29 -29 -30 33 -5 34 -1 -27 -37 -7
right_child=9 2 13 6 19 37 7 15 -10 11 -12 12 -14 14 22 -17 24 23 -20 21 -22 -23 -24 -25 -26 27 -28 28 30 -31 -32 -33 -34 -35 -36 36 -38 -39
leaf_value=-0.016668627097398789 0.0022122462906447762 0.010838695937770745 0.0038102969850689226 0.0025712023564005613 0.0010558320372841016 -0.026423926809666088 0.0015289795896247652 -0.016596522541613083 0.0039101208754727633 -0.013705457410239296 0.072534214184292775 -0.0061006312240033953 0.0081679987685504829 0.0060441354682767168 0.041462328228272186 -0.0057631872875682048 0.030357903483301907 0.0039054934255869198 -0.0044562008376226774 -0.0029037651944998338 -0.0034007508821134922 0.0097402071682238765 0.025055290064757738 -0.01339985114051939 -0.01028166516311853 -0.014050875904291996 -0.016866113806872751 -0.01884298323510504 -0.024768977339043059 0.011216810944200295 -0.001915968074928936 0.0010876396121551543 0.0049069058179451158 -0.023399991830016276 -0.020128262196465893 -0.038176096433335756 -0.025496630707457609 -0.0050578836089098132
leaf_weight=131 9.0000000000000018 190 11.999999999999998 8.0000000000000018 11.000000000000002 8.0000000000000018 42 191 602 220 15.999999999999998 15.000000000000002 8.9999999999999982 7.9999999999999991 42 189 9.0000000000000018 9.0000000000000018 368 61 12.999999999999998 10.999999999999998 9.9999999999999982 7.9999999999999991 10.999999999999998 118 9.9999999999999982 15.000000000000002 65 8.9999999999999982 13.999999999999998 7.9999999999999991 9.9999999999999982 11.999999999999998 11.999999999999998 27 7.9999999999999991 17
leaf_count=131 9 190 12 8 11 8 42 191 602 220 16 15 9 8 42 189 9 9 368 61 13 11 10 8 11 118 10 15 65 9 14 8 10 12 12 27 8 17
internal_value=-0.00210241 0.00191194 0.00681078 -0.00587696 0.00562708 0.00692655 -0.00293922 -0.00399525 0.00763981 -0.00905928 0.00802995 -0.00715954 0.00843345 0.0211141 0.0251699 -0.00587492 -0.00779174 -0.00829504 -0.008756 -0.00531181 0.00560203 -0.00903656 0.0288664 0.00665359 0.00659919 -0.0134331 -0.0025431 -0.0142031 -0.00975614 0.00277061 -0.0135501 -0.013919 0.0200583 -0.0146261 -0.0153174 -0.0169837 -0.0114585 -0.0142653
internal_weight=2528 1604 985 619 913 817 456 438 792 924 58 649 24 72 60 380 625 605 588 96 24 72 52 17 20 275 19 256 103 24 79 163 18 155 143 153 35 25
internal_count=2528 1604 985 619 913 817 456 438 792 924 58 649 24 72 60 380 625 605 588 96 24 72 52 17 20 275 19 256 103 24 79 163 18 155 143 153 35 25
is_linear=0
shrinkage=0.0749534


Tree=20
num_leaves=34
num_cat=0
split_feature=2 1 7 3 2 2 5 12 19 13 6 10 5 5 15 17 5 12 12 2 3 5 14 9 6 9 10 7 12 12 9 9 9
split_gain=6.47359 5.41365 2.38212 2.16344 2.14936 1.86327 1.65529 1.40744 1.31481 1.28973 1.28529 1.23415 1.17035 1.02176 1.01697 0.963242 1.32744 0.88445 0.828671 0.662817 0.66169 1.00416 0.387499 0.243425 0.233499 0.224425 0.223736 0.172638 0.380353 0.18544 0.0467677 0.0664843 0.0145949
threshold=1.1056249656301982 1.0000000180025095e-35 0.45450622079776465 -1.5504005355741566 -0.81471578301340009 2.1922930733376207 -1.1714853796827731 2.4011762019116332 1.0000000180025095e-35 4.3864087763499127 0.54894089854433314 -1.1321267074740347 -1.1559697047462236 -0.25245117209183898 1.0000000180025095e-35 1.0000000180025095e-35 -0.7183463406599836 0.35096141226961375 -0.67414598255139557 2.2810380511050545 1.8559099902480021 -0.17772098608836223 -0.738224098466287 0.18900519848999808 1.0474940120776812 0.66111494389019321 -1.3668981605446786 1.6291609491859891 1.3760688070906235 -0.67414598255139557 0.026914775931650554 0.61308914725173891 -0.86783588974875214
decision_type=2 2 2 2 2 2 2 2 2 2 2 2 2 2 2 2 2 2 2 2 2 2 2 2 2 2 2 2 2 2 2 2 2
left_child=1 4 5 30 26 11 -5 9 12 -8 18 22 -6 -9 -14 17 -17 -13 -10 -7 23 -22 -2 -21 -12 32 -1 29 -29 -28 -3 -32 -4
right_child=2 3 25 6 8 19 7 13 10 -11 24 15 14 -15 -16 16 -18 -19 -20 20 21 -23 -24 -25 -26 -27 27 28 -30 -31 31 -33 -34
leaf_value=-0.022364041827511647 0.0078250851541293732 -0.025591425274508927 -0.0091217035057439468 0.018461709282021524 0.0017216068343262826 -0.0045616438650606167 -0.00075947489514411346 0.010376072690861673 0.0062792528789046452 0.0083025866859687842 0.067687175293333735 0.0063512358069004252 -0.0055467266325460746 -0.024201271967745588 -0.020454060896235474 -0.002751849875230309 0.014279197953557322 -0.0087553020759872108 -0.017741490456555029 -0.0028395462181108676 0.0087730216084270819 -0.00077507182243275537 0.012977289348839226 0.0006189542871719195 0.083766679359372806 9.7764471563429941e-05 -0.012169886591253485 -0.018753905378408597 -0.001064087220954683 -0.019309552653904698 -0.0056847968819977029 -0.022389281915406709 -0.0039309960744530973
leaf_weight=9.9999999999999982 11.000000000000002 35 8.0000000000000018 9.9999999999999982 12.999999999999998 18 1323 33 12.000000000000002 17 10.000000000000002 150 196 8.9999999999999982 256 15.999999999999998 43 7.9999999999999991 19 14.000000000000002 10.000000000000002 17 14.999999999999998 9.9999999999999982 7.9999999999999991 7.9999999999999991 24 12.000000000000002 9.9999999999999982 167 11.000000000000002 7.9999999999999991 17
leaf_count=10 11 35 8 10 13 18 1323 33 12 17 10 150 196 9 256 16 43 8 19 14 10 17 15 10 8 8 24 12 10 167 11 8 17
internal_value=-0.00201355 -0.0035232 0.00749131 -0.000852707 -0.00874018 0.00952875 -0.000267598 -0.000513154 -0.0060196 -0.000947952 0.00542947 0.0125889 -0.00725184 0.0126043 -0.00791282 0.0104943 0.0185683 0.00722972 -0.00387066 -0.00128837 0.00312379 0.010754 0.027585 -0.00560203 0.0200583 -0.011048 -0.0148691 -0.0153852 -0.00759127 -0.0161661 -0.0152351 -0.00952459 -0.0142653
internal_weight=2528 2183 345 1446 737 312 1392 1382 514 1340 49 243 465 42 452 217 59 158 31 69 51 27 26 24 18 33 223 213 22 191 54 19 25
internal_count=2528 2183 345 1446 737 312 1392 1382 514 1340 49 243 465 42 452 217 59 158 31 69 51 27 26 24 18 33 223 213 22 191 54 19 25
is_linear=0
shrinkage=0.0749534


Tree=21
num_leaves=28
num_cat=0
split_feature=18 0 0 3 5 5 3 4 2 3 1 5 5 8 13 0 5 4 3 2 9 3 9 13 4 15 6
split_gain=10.7018 11.7526 2.53037 1.78732 1.70898 1.4323 1.42995 1.40251 1.28478 1.1112 1.10766 1.43137 1.25805 1.07039 1.0515 1.01669 0.896874 0.955046 0.873562 0.959051 0.914064 0.521303 0.314199 0.281572 0.211095 0.150492 8.11175e-05
threshold=1.0000000180025095e-35 1.0000000180025095e-35 1.01557764731833 2.4614863987988769 2.588003491115499 -1.1714853796827731 -0.74718054955641622 2.0228434632187517 -0.48876784675032764 -1.2659616079452751 1.0000000180025095e-35 -1.1559697047462236 0.35289431382770442 -1.4066764079092466 4.1655056237591817 1.01557764731833 -0.64187170124206683 -0.48317328868431492 -0.69906155448207385 -0.86669504832729916 -0.42824313451887347 -0.97299208459282693 1.7386313776258162 2.2386096444783958 2.5581730392551942 0.88625919121491659 -1.0713567204390475
decision_type=2 2 2 2 2 2 2 2 2 2 2 2 2 2 2 2 2 2 2 2 2 2 2 2 2 2 2
left_child=1 3 4 7 5 -3 15 10 -4 -7 11 -1 -12 -8 18 22 -10 -18 20 -20 -15 -17 23 25 -9 -2 -6
right_child=6 2 8 -5 26 9 13 24 16 -11 12 -13 -14 14 -16 21 17 -19 19 -21 -22 -23 -24 -25 -26 -27 -28
leaf_value=0.0016699342158902539 -0.020338343666223686 0.017652399392084742 -0.0010171481830140488 0.012723378425964049 -0.025321643280201606 -0.0013146975663299617 0.0015742824700372782 -0.036660543998196092 0.014190382184966601 0.0070964509692441665 0.00056386872461614208 -0.0095631514381600176 -0.0032857064101134755 0.010242482661376015 0.0083689000606792432 -0.01168121520556043 0.036722966362611707 0.029865630223049746 -0.017413721792462259 -0.0044670637787930425 -0.014104350283946094 0.014284710731763657 -0.0052767574520365419 -0.021464041670190025 -0.0010052340813924828 -0.014663659022839491 -0.0031485113234688152
leaf_weight=17 172 7.9999999999999991 9.9999999999999982 13.999999999999998 8.0000000000000018 42 12.999999999999998 47 11.999999999999998 600 212 507 48 12.999999999999998 9.9999999999999982 10.000000000000002 19 36 100 518 23 10.999999999999998 7.9999999999999991 8.9999999999999982 11.999999999999998 37 11.999999999999998
leaf_count=17 172 8 10 14 8 42 13 47 12 600 212 507 48 13 10 10 19 36 100 518 23 11 8 9 12 37 12
internal_value=-0.00183582 0.00186528 0.00872358 -0.00411874 0.00718675 0.00786654 -0.00825026 -0.00458588 0.0214362 0.00738268 -0.00371478 -0.00569171 0.000279435 -0.00642326 -0.00685782 -0.0131382 0.0250613 0.0289898 -0.00724773 -0.00790985 0.00385468 0.0023264 -0.0145918 -0.0151213 -0.01552 -0.0156762 -0.01327
internal_weight=2528 1604 747 857 670 650 924 843 77 642 784 524 260 677 664 247 67 55 654 618 36 21 226 218 59 209 20
internal_count=2528 1604 747 857 670 650 924 843 77 642 784 524 260 677 664 247 67 55 654 618 36 21 226 218 59 209 20
is_linear=0
shrinkage=0.0749534


Tree=22
num_leaves=38
num_cat=0
split_feature=18 0 10 4 6 4 10 3 5 6 3 4 7 11 17 10 8 5 7 9 0 4 0 6 9 6 6 13 9 10 13 3 3 12 12 9 12
split_gain=8.43384 9.25042 1.99842 2.57869 2.60637 2.1127 1.93265 1.65345 1.64106 1.54736 2.31015 1.44319 1.39859 1.21476 1.20014 1.18912 1.13894 1.0645 1.08019 0.958237 1.29893 0.886577 0.854131 0.619533 0.588936 0.583291 0.572161 0.542946 0.779075 0.540526 0.505742 0.492236 0.405995 0.313235 0.246665 0.233494 0.179495
threshold=1.0000000180025095e-35 1.0000000180025095e-35 1.1313429821165275 -0.46255576051341812 -0.26120791094735718 -0.27173106901116995 -0.71977981365931376 1.8559099902480021 -0.25718369422570342 -0.44816532852236268 0.65229503642985565 2.0228434632187517 -0.51255498104621289 -0.78309770132915812 2.8191998165809324 -0.72896235101877049 1.7975757138519453 -1.1559697047462236 0.18454920685545292 -0.46672971087649046 1.0000000180025095e-35 -0.43019991494565585 1.01557764731833 -0.10541006296818604 -2.1081679716421706 -1.1336758596307159 -0.91555887245987633 1.9636942100096351 -0.036661125832480747 1.813961127238173 -0.17605962364547922 -0.71819098996271269 0.66859864983551742 -0.67414598255139557 -0.67414598255139557 -0.36529526946696911 -0.67414598255139557
decision_type=2 2 2 2 2 2 2 2 2 2 2 2 2 2 2 2 2 2 2 2 2 2 2 2 2 2 2 2 2 2 2 2 2 2 2 2 2
left_child=1 7 3 6 15 -6 26 11 35 10 22 17 -8 23 19 -5 29 21 -19 24 -21 -1 27 -11 -15 -24 -3 33 -29 30 -4 -27 -31 -2 -13 -9 -12
right_child=9 2 16 4 5 -7 12 8 -10 13 36 34 -14 14 -16 -17 -18 18 -20 20 -22 -23 25 -25 -26 31 -28 28 -30 32 -32 -33 -34 -35 -36 -37 -38
leaf_value=0.0015447669483984519 -0.010156114809736836 0.021893931595682349 -0.0048567500536997104 0.0033307736362634785 -0.00037480019277167292 0.015277749249415098 0.018695517842120125 0.0051391349446355391 -0.013238341020907958 -0.0027440750975992012 0.0010903936336818163 -0.00083508273958800554 0.0058048528449761846 0.00083449302288126834 0.0031465108918309723 -0.0060813543776385192 0.017424113731556577 -0.0043681752124946054 -7.9257491327943463e-05 -0.0065162632229567611 0.00022405285799779933 -0.001305926273337451 0.026394721094472558 0.0043225822081820959 -0.0085007709628749442 0.0059831643472128522 0.02346980286556952 0.0046825133533010118 -0.02350255432889185 0.0035646753781213378 0.00029008391931547022 -0.017436378977287295 -0.00063314914059756284 -0.017795355004444652 -0.034198170101620545 0.011769717799282927 0.0010014674715762093
leaf_weight=13.000000000000002 90 24 38 128 72 166 31 8.9999999999999982 13.999999999999998 12.000000000000002 9.0000000000000018 10.999999999999998 138 7.9999999999999991 14.999999999999998 55 7.9999999999999991 507 234 187 164 10.999999999999998 7.9999999999999991 8.9999999999999982 151 13 33 8.0000000000000018 14.999999999999998 25 19 13 9.9999999999999982 214 48 10.000000000000002 7.9999999999999991
leaf_count=13 90 24 38 128 72 166 31 9 14 12 9 11 138 8 15 55 8 507 234 187 164 11 8 9 151 13 33 8 15 25 19 13 10 214 48 10 8
internal_value=-0.00174696 0.00153868 0.00762348 0.0091435 0.00561586 0.0107467 0.015576 -0.0037699 0.0121045 -0.00744124 -0.0111263 -0.0044419 0.0112464 -0.00484845 -0.00557435 -0.00110266 -0.00217865 -0.00353818 -0.00405565 -0.00621285 -0.00397137 0.0112649 -0.01242 0.0119063 -0.0110145 -0.000983413 0.0273848 -0.013588 -0.00214374 -0.00474332 -0.00911021 -0.00652479 0.00245736 -0.0144243 -0.01552 0.0252329 0.0143522
internal_weight=2528 1604 747 647 421 238 226 857 33 924 378 824 169 546 525 183 100 765 741 510 351 24 361 21 159 34 57 327 23 92 57 26 35 304 59 19 17
internal_count=2528 1604 747 647 421 238 226 857 33 924 378 824 169 546 525 183 100 765 741 510 351 24 361 21 159 34 57 327 23 92 57 26 35 304 59 19 17
is_linear=0
shrinkage=0.0749534


Tree=23
num_leaves=30
num_cat=0
split_feature=1 2 2 3 5 13 10 6 12 15 10 7 2 2 3 19 5 5 5 6 2 16 13 9 7 5 9 6 13
split_gain=5.83581 3.27325 1.98483 1.92199 1.61143 1.51064 1.44007 1.29373 1.18699 1.12163 2.36481 1.15547 1.07909 0.992287 0.940414 0.864717 1.86883 0.839941 2.06426 1.36795 0.545092 0.497866 0.291016 0.198119 0.362583 0.3214 0.137387 0.052258 0.0456364
threshold=1.0000000180025095e-35 0.99581705207451476 -0.98340181012624817 -1.5596263421820107 -1.1714853796827731 4.3864087763499127 1.162947861247704 2.3717757199006368 0.86351510968011858 1.0000000180025095e-35 1.1953198129571774 -0.15204276622451804 2.7450866599101871 -0.16731763273310926 -0.54423830267792705 1.0000000180025095e-35 -0.090310672499453085 -0.21818845539211226 -0.38867173438960728 -0.82208016367237358 -0.093964709655458736 1.6165153522599058 2.2738243745509061 0.29363299903492251 0.75778071430890714 1.3275919400502834 -0.27978896165110534 0.2996643417776591 0.29132037676688194
decision_type=2 2 2 2 2 2 2 2 2 2 2 2 2 2 2 2 2 2 2 2 2 2 2 2 2 2 2 2 2
left_child=2 3 22 -2 -5 6 -6 9 12 10 13 -12 17 -4 -7 20 -17 18 -3 -19 -11 -9 23 27 -25 -26 -10 28 -1
right_child=1 8 7 4 5 14 -8 21 26 15 11 -13 -14 -15 -16 16 -18 19 -20 -21 -22 -23 -24 24 25 -27 -28 -29 -30
leaf_value=-0.01732096805452343 -0.019275832185839697 0.0070897815693534453 0.0014235564890217526 0.014353540757775052 9.2992373347431821e-05 -0.00054644498210053738 -0.0037615511417274415 -0.012929811818828376 -0.0035695057198195869 -0.01980168803333689 -0.00048800953484453289 0.010841265695201307 -0.0051468582238926395 -0.0087538957902224858 0.012537590333375969 -0.006648194705460346 0.063657991016322996 -0.004266557817448475 0.024557566330207746 0.0059295079415301174 -0.01031825272223227 0.015054034237330318 -0.00058703825433168994 -0.04026544204824134 -0.00064785513162564964 -0.023321958770985508 -0.0021517477164154229 -0.030052296876706696 -0.029107650656752498
leaf_weight=84 41 129 88 9.9999999999999982 1201 8.0000000000000018 152 8.0000000000000018 9.0000000000000018 142 9.0000000000000018 14.999999999999998 7.9999999999999991 154 9.9999999999999982 33 9.9999999999999982 22 30 64 203 8.9999999999999982 7.9999999999999991 23 23 8.9999999999999982 8.9999999999999982 7.9999999999999991 8.9999999999999982
leaf_count=84 41 129 88 10 1201 8 152 8 9 142 9 15 8 154 10 33 10 22 30 64 203 9 8 23 23 9 9 8 9
internal_value=-0.00148038 0.00104899 -0.00659867 -0.000393508 9.36476e-05 -0.000148902 -0.000455012 -0.00475543 0.00855914 -0.00530674 -0.00152952 0.0197591 0.00989567 -0.00382583 0.0200583 -0.00786607 0.00202503 0.0108213 0.0140317 0.0046414 -0.00910914 0.0143522 -0.013948 -0.0146521 -0.0100793 -0.00430196 -0.00907452 -0.0168264 -0.0174512
internal_weight=2528 1693 835 1422 1381 1371 1353 671 271 654 266 24 253 242 18 388 43 245 159 86 345 17 164 156 55 32 18 101 93
internal_count=2528 1693 835 1422 1381 1371 1353 671 271 654 266 24 253 242 18 388 43 245 159 86 345 17 164 156 55 32 18 101 93
is_linear=0
shrinkage=0.0749534


Tree=24
num_leaves=30
num_cat=0
split_feature=18 1 4 6 10 4 15 3 3 11 9 2 15 8 13 3 9 6 10 6 8 9 11 1 9 4 11 7 9
split_gain=8.32901 6.55939 1.98541 1.80684 1.66824 2.0431 1.9906 1.58567 1.34793 1.26389 1.12632 1.26224 1.21882 0.968352 0.959714 0.721714 0.914064 0.752662 0.702431 0.838459 0.594734 0.533208 0.49072 0.400203 0.302838 0.240838 0.691937 0.23728 0.00941448
threshold=1.0000000180025095e-35 1.0000000180025095e-35 2.2003936314864236 1.9199619607610399 1.2557771006352942 -0.77246117380937995 0.88625919121491659 -0.60200082842187952 -0.74718054955641622 1.612148504309211 -1.1261275879778223 1.1056249656301982 1.0000000180025095e-35 -1.4066764079092466 4.1655056237591817 -0.69906155448207385 -0.42824313451887347 -0.10541006296818604 1.3551171512800304 0.23734520258599057 0.9229456065836813 1.9376065079846942 1.612148504309211 1.1241768659879796 0.18659530242032904 -0.24553934827866983 1.0000000180025095e-35 -0.54160098887544927 -1.920745081860604
decision_type=2 2 2 2 2 2 2 2 2 2 2 2 2 2 2 2 2 2 2 2 2 2 2 2 2 2 2 2 2
left_child=1 3 4 10 5 6 -3 -7 21 -5 25 12 -12 -10 15 16 -15 -17 -6 -20 -13 22 23 27 -4 28 -27 -2 -1
right_child=8 2 24 9 18 7 -8 -9 13 -11 11 20 -14 14 -16 17 -18 -19 19 -21 -22 -23 -24 -25 -26 26 -28 -29 -30
leaf_value=-0.0040763308129388616 -0.021156450689311459 0.0075943139705364465 -0.0077549156230321131 -0.010690974151121179 -0.0097481654369602558 -0.00015371647149010396 0.010262311402419238 0.0063345676130803375 0.0014106283639712365 0.029354407053807631 -0.00047010256245287211 0.0047789116397748037 -0.013594010405181694 0.0090193449585939441 0.0067446321737046136 -0.0092351154636592988 -0.012143031830040686 -0.001615439290784276 -0.0058461376567261938 0.0023985379227541609 -0.0046589601834852437 0.0098635223476284881 -0.00045209426928687481 -0.002233288198113398 -0.0035463429392632549 -0.027560527564677518 0.0054584297517151536 -0.016356211822676891 -0.017508210173366515
leaf_weight=9.9999999999999982 8.9999999999999982 121 21 12.000000000000002 15.999999999999998 196 62 471 12.999999999999998 7.9999999999999991 179 49 280 12.999999999999998 9.9999999999999982 309 23 309 33 51 13.999999999999998 8.9999999999999982 9.9999999999999982 11.999999999999998 13.999999999999998 15.000000000000002 10.999999999999998 207 41
leaf_count=10 9 121 21 12 16 196 62 471 13 8 179 49 280 13 10 309 23 309 33 51 14 9 10 12 14 15 11 207 41
internal_value=-0.00153962 0.00172531 0.00552041 -0.00430908 0.00617575 0.00725191 0.0142366 0.00528766 -0.00719854 0.0166054 -0.00507545 -0.0037841 -0.00515342 -0.00543046 -0.00584566 -0.00622015 0.00385468 -0.00682264 -0.0029101 0 0.0059857 -0.0119364 -0.0126169 -0.0133269 -0.0114585 -0.0134195 -0.00652479 -0.0140589 -0.0164402
internal_weight=2528 1604 985 619 950 850 183 667 924 20 599 522 459 677 664 654 36 618 100 84 63 247 238 228 35 77 26 216 51
internal_count=2528 1604 985 619 950 850 183 667 924 20 599 522 459 677 664 654 36 618 100 84 63 247 238 228 35 77 26 216 51
is_linear=0
shrinkage=0.0749534


Tree=25
num_leaves=32
num_cat=0
split_feature=0 2 5 4 3 7 9 4 4 1 6 5 2 6 9 5 19 3 10 5 3 3 6 9 13 15 5 5 4 5 6
split_gain=7.746 2.09789 1.89842 1.78418 1.74195 1.49777 1.56398 1.3906 1.33751 2.18132 2.2166 1.50929 1.33294 1.31831 1.203 1.02204 2.25597 1.70282 0.923596 0.788078 0.563425 0.51743 0.417205 0.537901 0.422217 0.262337 0.227648 0.132178 0.0399731 0.0289095 0.0170055
threshold=1.0000000180025095e-35 1.1347703421626216 -1.1559697047462236 -0.78827056907638016 -1.5504005355741566 -0.18023447970583525 -0.95413435596343354 1.3240321065846747 -0.4490207211994785 1.0000000180025095e-35 -1.0090375812473789 -1.0237405522185019 -1.6064999507836686 0.23734520258599057 0.33674021284741551 -0.27112577944575128 1.0000000180025095e-35 1.8559099902480021 -1.3383867685862985 -1.2043435178319903 0.25337241808915245 -0.71819098996271269 -1.0090375812473789 0.17661554183023856 -0.33967632704230805 1.0000000180025095e-35 -0.41959897840607274 0.2727168944605306 2.5860202567811115 0.14143665816916359 -1.0401971508432133
decision_type=2 2 2 2 2 2 2 2 2 2 2 2 2 2 2 2 2 2 2 2 2 2 2 2 2 2 2 2 2 2 2
left_child=2 4 19 26 29 6 -5 12 9 20 -11 -10 27 30 -8 17 -17 -14 -13 -1 -6 28 23 -23 -24 -15 -3 -4 -9 -2 -7
right_child=1 3 7 5 8 13 14 21 11 10 -12 18 15 25 -16 16 -18 -19 -20 -21 -22 22 24 -25 -26 -27 -28 -29 -30 -31 -32
leaf_value=6.8068059091749573e-05 -0.016291582669136721 0.015207418426133051 -0.0020278481536647828 0.011314041394136463 -0.015965645386647319 -0.0025937206280346329 0.00097358561771665811 -0.030243378666134337 0.012871377347462017 0.022509063309968595 0.0030153059409257442 0.005320056954088769 -0.0045992782332917002 0.0033665383386288854 0.010098682887419077 -0.0025767024523592995 0.017890951279314029 0.0058962351866310818 -0.0022025431045642491 0.0031085450447944866 0.0067049295497042527 -0.0085855613271791503 -0.011188099101957798 0.011895713538606969 -0.0029244859646991432 -0.00035839349857264517 0.023520498049469343 -0.028724096434940852 -0.00038781438276942168 -0.015051286424183978 -0.0042286537032371575
leaf_weight=15 24 10.000000000000002 14.999999999999998 18 26 8.0000000000000018 63 65 12.999999999999998 22 333 72 528 12.000000000000002 35 466 33 23 534 12 9.9999999999999982 10.000000000000002 53 7.9999999999999991 15.999999999999998 14.999999999999998 7.9999999999999991 46 8.9999999999999982 7.9999999999999991 18
leaf_count=15 24 10 15 18 26 8 63 65 13 22 333 72 528 12 35 466 33 23 534 12 10 10 53 8 16 15 8 46 9 8 18
internal_value=-0.00153962 0.0027224 -0.00557072 0.00998017 0.00139782 0.00731233 0.0120071 -0.00599749 0.00196021 0.00537732 0.00717691 -0.000208471 -0.00503035 -0.00301117 0.00781711 -0.00437829 -0.00190249 -0.00659901 -0.000798044 0.0132972 -0.0116477 -0.0124845 -0.00814988 0.001752 -0.0107268 0.0082108 0.0310421 -0.0156214 -0.0171314 -0.0151736 -0.0144224
internal_weight=2528 1229 1299 187 1042 169 116 1272 1010 391 355 619 1111 53 98 1050 499 551 606 27 36 161 87 18 69 27 18 61 74 32 26
internal_count=2528 1229 1299 187 1042 169 116 1272 1010 391 355 619 1111 53 98 1050 499 551 606 27 36 161 87 18 69 27 18 61 74 32 26
is_linear=0
shrinkage=0.0749534


Tree=26
num_leaves=26
num_cat=0
split_feature=18 11 4 10 5 9 17 5 16 10 2 3 4 11 15 4 7 12 9 3 3 5 9 2 3
split_gain=7.82015 2.14939 2.05477 1.66724 3.55769 2.5128 1.34244 1.24713 1.3138 1.22367 1.02638 0.860276 0.910103 0.747049 0.800773 1.22852 0.744762 0.66684 0.478115 0.426723 0.545144 0.380523 0.282656 0.105778 0.0890582
threshold=1.0000000180025095e-35 3.0093754575982596 2.2003936314864236 -0.99938535613924373 -0.39957946685193968 1.8136193907650322 2.8191998165809324 -1.1559697047462236 1.0000000180025095e-35 0.21171830794581822 -0.76393623627960905 0.44032243751431271 -1.2018160218295064 0.61412925195989043 0.88625919121491659 1.1953507441370903 -0.91236473587216793 -0.67414598255139557 0.18659530242032904 -1.0776072821969553 -1.0189617729575222 -0.33578110888047302 1.0505600594495315 0.68796381955343022 -1.0084583183143951
decision_type=2 2 2 2 2 2 2 2 2 2 2 2 2 2 2 2 2 2 2 2 2 2 2 2 2
left_child=1 2 3 4 10 -6 11 9 -9 -5 -1 12 -2 14 15 -13 -15 18 -4 21 -21 -14 -16 -18 -19
right_child=6 -3 17 7 5 -7 -8 8 -10 -11 -12 13 19 16 22 -17 23 24 -20 20 -22 -23 -24 -25 -26
leaf_value=-0.02294796836503844 0.00084178124285666392 0.013056924902654001 -0.00046682127670963141 0.0043589220690213107 -0.0017959620818992406 0.016654657683696911 0.0032972555300448125 -0.00018865673638711821 0.0053874084567669921 -0.00061471358337400158 0.013034075738640847 0.002176956656149438 -0.0092974744932214515 0.0032985533873097889 -0.0025816861882878754 -0.0087673378118141767 -0.0052208870106761158 -0.007008570115385233 0.0016816557004691109 0.0016142258281753735 -0.0087972289957460453 -0.017486315878871131 0.0017024320622208418 -0.011296984228432935 -0.026470981143017047
leaf_weight=8.9999999999999982 11.999999999999998 7.9999999999999991 9.0000000000000018 15.999999999999998 147 13.999999999999998 14.999999999999998 953 299 15.999999999999998 62 98 38 10.999999999999998 19.000000000000004 50 33 12.999999999999998 7.9999999999999991 14.999999999999998 521 78 7.9999999999999991 26 50
leaf_count=9 12 8 9 16 147 14 15 953 299 16 62 98 38 11 19 50 33 13 8 15 521 78 8 26 50
internal_value=-0.00139152 0.00177197 0.00154638 0.00217083 0.00798486 0.00170956 -0.00687493 0.00110574 0.000715705 0.0151736 0.0216565 -0.00725533 -0.00865723 -0.00340085 -0.000730024 0.00148367 -0.00980306 -0.00997766 0.0028043 -0.00904502 -0.00807041 -0.0132724 -0.0120256 -0.0130814 -0.013427
internal_weight=2528 1604 1596 1516 232 161 924 1284 1252 32 71 909 664 245 175 148 70 80 17 652 536 116 27 59 63
internal_count=2528 1604 1596 1516 232 161 924 1284 1252 32 71 909 664 245 175 148 70 80 17 652 536 116 27 59 63
is_linear=0
shrinkage=0.0749534


Tree=27
num_leaves=41
num_cat=0
split_feature=0 18 0 5 5 5 5 11 4 18 16 10 2 13 4 9 11 11 9 14 5 4 17 5 5 5 4 12 5 12 5 11 5 1 12 9 10 13 2 12
split_gain=7.11405 6.89479 2.03199 1.91044 1.664 1.61314 2.03525 1.87884 1.71679 2.68949 1.57132 1.49008 1.33252 1.30928 1.24222 1.43911 1.19059 0.936941 1.30579 0.933907 0.97038 0.930133 0.893292 0.797328 0.788078 0.685147 0.662922 1.13696 0.580546 0.487251 0.443723 0.507705 0.622121 0.565217 0.521722 0.423367 0.725972 0.421082 0.392789 0.380818
threshold=1.0000000180025095e-35 1.0000000180025095e-35 1.01557764731833 0.37104646466528596 -1.1714853796827731 -0.27112577944575128 -1.1559697047462236 1.0000000180025095e-35 -0.27831059057483071 1.0000000180025095e-35 1.0000000180025095e-35 0.41199039263780374 0.64722116861640167 1.3129973753868389 -0.50271089716063144 0.82872496352003377 0.21492155102016219 1.0000000180025095e-35 0.033596956897477055 -0.738224098466287 -0.60350513862027333 -0.22311022665669714 1.0000000180025095e-35 0.28749605085447588 -1.2043435178319903 -0.47058875646631976 -0.10170128139405034 0.35096141226961375 -0.058090061689085093 1.0000000180025095e-35 0.47686764340055127 0.61412925195989043 1.246465220042493 1.0000000180025095e-35 -0.67414598255139557 -0.42824313451887347 -1.3488139735448057 -0.32601378576970536 -0.088778204312495987 -0.67414598255139557
decision_type=2 2 2 2 2 2 2 2 2 2 2 2 2 2 2 2 2 2 2 2 2 2 2 2 2 2 2 2 2 2 2 2 2 2 2 2 2 2 2 2
left_child=3 2 4 5 -2 6 24 26 16 -10 11 -6 -12 17 25 22 -9 35 23 20 -8 -21 -16 -19 -1 -4 27 -7 -20 39 -5 32 33 -32 -34 36 -3 -28 -37 -15
right_child=1 13 14 30 10 7 19 8 9 -11 12 -13 -14 29 15 -17 -18 18 28 21 -22 -23 -24 -25 -26 -27 37 -29 -30 -31 31 -33 34 -35 -36 38 -38 -39 -40 -41
leaf_value=0.00010904100635507318 0.012078263829445442 0.0058659319315628048 0.038439774548047451 -0.025774944233821571 0.0043586489025800113 0.0035233161257950296 0.0038632712637142463 0.012388059473984249 0.021111126968924275 -0.014536134521506146 0.017686275427916828 -0.00030827430350275378 0.0029463257957964358 0.003598975300201872 0.012024780043851132 0.071206773647838534 -0.0022386851987978231 -0.0077648979870598113 0.0083386041733010483 -0.0025354276673805001 -0.0022430021597439251 -0.010107584053145297 -0.0029683579806009598 0.0034996425344472051 0.0025488329047428787 0.024517055206473112 -0.0080790021708378873 -0.0064544213728659492 -0.0034344179082465044 0.005693173657941579 0.0020135453596262297 -0.013529104110258415 -0.00070914149290474083 -0.0030441841735107909 -0.023286838490048176 -0.010877331276314815 -0.005839868214516813 -0.020657401415034783 -0.0022399968892724922 -0.0054352073043197448
leaf_weight=15 7.9999999999999991 10.999999999999998 11.000000000000002 45 342 78 29 22 22 12.999999999999998 69 187 64 9.0000000000000018 29 7.9999999999999991 97 76 64 352 33 203 12.999999999999998 17 12 15.999999999999998 60 60 26 11.999999999999998 44 35 35 40 70 94 86 34 78 9.0000000000000018
leaf_count=15 8 11 11 45 342 78 29 22 22 13 69 187 64 9 29 8 97 76 64 352 33 203 13 17 12 16 60 60 26 12 44 35 35 40 70 94 86 34 78 9
internal_value=-0.0013619 0.0027224 0.00722345 -0.00522517 0.00584923 -0.00373714 -0.00602651 9.23286e-05 0.0064565 0.0204596 0.00535565 0.00348746 0.0125751 -0.00425124 0.0186068 0.0106827 0.00199214 -0.00527403 -0.00110266 -0.0069244 0.00171889 -0.00789619 0.00417732 -0.00724515 0.0132972 0.0310996 -0.00414883 -0.000788915 0.00525118 0.0103375 -0.010831 -0.0092598 -0.00752718 -0.00258177 -0.0113181 -0.00806999 -0.00393976 -0.00891818 -0.0103012 0.001752
internal_weight=2528 1229 747 1299 670 1030 644 386 154 35 662 529 133 482 77 50 119 452 183 617 62 555 42 93 27 27 232 138 90 30 269 224 189 84 105 269 97 94 172 18
internal_count=2528 1229 747 1299 670 1030 644 386 154 35 662 529 133 482 77 50 119 452 183 617 62 555 42 93 27 27 232 138 90 30 269 224 189 84 105 269 97 94 172 18
is_linear=0
shrinkage=0.0749534


Tree=28
num_leaves=38
num_cat=0
split_feature=18 1 5 0 5 6 11 3 2 4 10 10 6 10 4 17 8 5 8 7 0 4 5 4 8 5 3 6 3 7 0 3 5 4 13 6 6
split_gain=6.57422 5.42163 2.16422 2.08951 1.67346 1.61436 1.52982 1.39896 1.39643 1.39035 1.35531 1.23838 3.72783 1.1198 1.6948 1.06147 1.0596 0.93262 0.963754 0.818081 1.26889 1.40066 0.818072 0.696072 0.654675 0.625215 0.552759 0.583387 1.26424 0.580278 0.494494 0.385001 0.303604 0.275943 0.334442 0.273783 0.0145949
threshold=1.0000000180025095e-35 1.0000000180025095e-35 -1.1559697047462236 1.01557764731833 2.588003491115499 -0.10541006296818604 -0.78309770132915812 0.18623610764061452 -0.98340181012624817 -0.50271089716063144 -1.0276516513723453 0.54754892467355198 0.45546218975683034 1.2557771006352942 -0.80296506951900448 2.8191998165809324 -0.5398630235360079 -0.044035690055023689 -0.13392832520994247 0.22042956946803882 1.01557764731833 0.023099342272981303 -0.22830079370243758 -1.1036519953843331 1.6668750589913373 1.3275919400502834 0.98807625433370361 -0.41700575892652841 -0.26231119146521065 0.19907221077007112 2.0956703239782959 -0.52943817641170654 -0.33578110888047302 0.29116545289921342 1.0343541575772606 -0.44816532852236268 -1.1648354292265501
decision_type=2 2 2 2 2 2 2 2 2 2 2 2 2 2 2 2 2 2 2 2 2 2 2 2 2 2 2 2 2 2 2 2 2 2 2 2 2
left_child=1 2 7 4 13 19 -7 -1 33 32 -8 16 -13 14 -3 24 -10 18 -11 26 23 -22 -15 -21 -12 -19 27 29 -29 -2 -23 -25 -5 34 -4 -28 -6
right_child=5 3 8 9 36 6 10 -9 11 17 15 12 -14 22 -16 -17 -18 25 -20 20 21 30 -24 31 -26 -27 35 28 -30 -31 -32 -33 -34 -35 -36 -37 -38
leaf_value=-0.0039487246055987264 -0.0097006064158578782 0.0047422099199037606 -0.012472295099931675 0.040881712187184505 -0.022949305943842421 0.0056910075466833588 0.019719213273781178 0.0037813277832237069 -0.00036377320537043053 0.0049261497805372706 -0.0029074329934802409 -0.020256740303620482 0.0080769439787302302 0.00011562765147884362 0.0019306081147991395 0.0028768541133402355 -0.0091861164303890068 -0.0098982168831511889 0.059380250336153725 0.00069324578197900834 -0.0078676177797303709 0.016705915578892349 -0.0092233505570013669 -0.015669535918729924 0.0029060039841189737 0.0046230029863366775 0.0015603498647844753 0.0047415174916254944 -0.010882163336131213 0.0024124129826137829 -0.0027042218772202462 -0.0084606870738112589 0.025668081040137899 -0.0013016416544365246 0.00014974648507903925 -0.002601366946171644 -0.0036440684924540644
leaf_weight=9.0000000000000018 115 158 73 10.000000000000002 8.0000000000000018 8.9999999999999982 9.9999999999999982 8.9999999999999982 146 14.000000000000002 321 58 68 55 634 14.999999999999998 240 10.000000000000002 13.999999999999998 7.9999999999999991 12.000000000000002 11.000000000000002 41 185 27 9.9999999999999982 11.000000000000002 23 45 11.999999999999998 7.9999999999999991 98 13.999999999999998 7.9999999999999991 7.9999999999999991 13.999999999999998 17
leaf_count=9 115 158 73 10 8 9 10 9 146 14 321 58 68 55 634 15 240 10 14 8 12 11 41 185 27 10 11 23 45 12 8 98 14 8 8 14 17
internal_value=-0.0013619 0.00153868 -0.00394726 0.00498908 0.0039896 -0.00638952 -0.00262766 0.0200583 -0.00474812 0.0170883 -0.00343924 -0.00320205 0.00319629 0.00454352 0.00546991 -0.00425114 -0.00530182 0.0088784 0.0171654 -0.00901394 -0.0114296 0.00275102 -0.00302831 -0.0129562 -0.00512815 -0.00326378 -0.00538335 -0.00672912 -0.00104075 -0.00968441 0.0147607 -0.0135818 0.0310848 -0.0132979 -0.0145723 0.00471603 -0.0142653
internal_weight=2528 1604 619 985 913 924 382 18 601 72 373 512 126 888 792 363 386 48 28 542 322 31 96 291 348 20 220 195 68 127 19 283 24 89 81 25 25
internal_count=2528 1604 619 985 913 924 382 18 601 72 373 512 126 888 792 363 386 48 28 542 322 31 96 291 348 20 220 195 68 127 19 283 24 89 81 25 25
is_linear=0
shrinkage=0.0749534


Tree=29
num_leaves=37
num_cat=0
split_feature=18 1 5 6 11 3 5 2 9 4 6 3 7 16 2 5 12 2 3 7 9 2 9 9 9 4 2 9 3 2 7 2 13 7 9 4
split_gain=5.42226 4.29492 2.05857 1.49743 1.46541 1.39896 1.39497 1.33392 1.24754 1.64392 1.62755 1.17242 1.27455 1.38403 1.32546 1.04095 0.97346 1.16334 0.876465 0.755175 0.738979 0.89919 0.761078 0.703396 0.594195 0.583077 0.563512 0.558183 0.506402 0.497866 0.477392 0.446033 0.386206 0.297833 0.275284 0.0547798
threshold=1.0000000180025095e-35 1.0000000180025095e-35 -1.1559697047462236 -0.10541006296818604 -0.78309770132915812 0.18623610764061452 2.588003491115499 -0.98340181012624817 -0.51529559107099998 -0.18127506143673786 1.016334442481847 -1.5596263421820107 0.34344795556833269 1.0000000180025095e-35 -0.0020685219130346494 0.28749605085447588 0.35096141226961375 0.16666499774008839 0.010833817126537101 0.22042956946803882 0.037468414700830212 -0.49732706524517661 1.2339744842072349 -1.7124131372323386 -0.3451051338425255 -1.0949021080317813 0.15837868771983812 0.41115161901616654 -0.18049425577436543 -0.88916812100965448 0.75778071430890714 -0.91302186332836566 -0.23428449905921461 0.12645719119698137 -0.4420685702578554 -0.3806207207211928
decision_type=2 2 2 2 2 2 2 2 2 2 2 2 2 2 2 2 2 2 2 2 2 2 2 2 2 2 2 2 2 2 2 2 2 2 2 2
left_child=1 2 5 19 -5 -1 11 27 15 10 -10 -3 13 -13 -14 31 17 -9 -18 20 21 29 33 -21 -23 -25 -24 35 -27 -2 -29 -6 -11 -22 -8 -4
right_child=3 6 7 4 8 -7 34 16 9 32 -12 12 14 -15 -16 -17 18 -19 -20 23 22 24 26 25 -26 28 -28 30 -30 -31 -32 -33 -34 -35 -36 -37
leaf_value=-0.0036527542228988776 -0.00076720234690229967 -0.011944826247314277 -0.011874641680663491 0.0052644471126761143 0.00036943328545997349 0.0034979043635385478 -0.015297648966812381 0.0025332870432644046 0.0013929949868389741 -0.0093878481206965281 -0.0093968865746923043 0.00068857742222652642 0.0071142577799226713 0.013403232038526024 1.4500651084323254e-05 0.0037615870826529759 -0.018940562000784152 -0.0062944059042347568 -0.00092920095328263169 0.0026506640061135451 -0.0079341360862284459 -0.0075111846462978171 0.0041681195579955305 0.00064128464518408139 0.0021193316632745884 -0.013644929225857558 -0.010221947225616342 -0.0052331737930997211 -0.0025793513000216786 0.0051046496989054268 0.0011840608323921706 -0.0072105230044654366 0.0010843114292571 -0.0074779471246940133 -0.007030928027864574 -0.0040484460864298718
leaf_weight=9.0000000000000018 8.0000000000000018 18 50 8.9999999999999982 9.9999999999999982 8.9999999999999982 8.0000000000000018 126 137 78 26 548 165 173 55 11.999999999999998 128 181 77 10.999999999999998 66 66 18.000000000000004 7.9999999999999991 27 248 11.999999999999998 16.000000000000004 55 8.9999999999999982 14.999999999999998 97 12.999999999999998 13.999999999999998 18 7.9999999999999991
leaf_count=9 8 18 50 9 10 9 8 126 137 78 26 548 165 173 55 12 128 181 77 11 66 66 18 8 27 248 12 16 55 9 15 97 13 14 18 8
internal_value=-0.00109532 0.00153868 -0.00334423 -0.0056614 -0.0020428 0.0200583 0.00460956 -0.0041271 -0.00284036 0.000139848 0.00463319 0.00508502 0.00546008 0.00390876 0.010437 -0.00908813 -0.00261929 5.53483e-05 -0.00658542 -0.00818797 -0.00470953 -0.000318898 -0.00898233 -0.0105056 -0.00331974 -0.0111731 0.00110455 -0.0124785 -0.0117111 0.0143522 -0.00387066 -0.0114537 -0.00780112 -0.0127042 -0.0117898 -0.0167063
internal_weight=2528 1604 619 924 382 18 985 601 373 254 163 959 941 721 220 119 512 307 205 542 220 110 110 322 93 311 30 89 303 17 31 107 91 80 26 58
internal_count=2528 1604 619 924 382 18 985 601 373 254 163 959 941 721 220 119 512 307 205 542 220 110 110 322 93 311 30 89 303 17 31 107 91 80 26 58
is_linear=0
shrinkage=0.0749534


Tree=30
num_leaves=34
num_cat=0
split_feature=18 0 3 16 6 10 3 11 6 3 10 5 13 10 5 11 6 13 8 10 10 8 5 8 3 11 0 5 13 8 13 6 3
split_gain=4.80812 4.629 2.2688 1.98942 2.23864 1.76457 1.60482 1.56521 1.33789 1.28287 1.22661 1.20421 1.28797 1.09207 1.02429 0.909815 0.818467 0.810992 0.77396 0.754058 1.10532 0.732931 1.68078 0.69709 0.542062 0.580501 0.463643 0.447689 0.426093 0.354974 0.384997 0.208512 0.154983
threshold=1.0000000180025095e-35 1.0000000180025095e-35 2.4614863987988769 1.0000000180025095e-35 2.0446002391443772 0.38973011248583628 -1.2659616079452751 2.2109600557188034 -0.10541006296818604 1.7943670548421271 -1.0276516513723453 -1.1000833472669447 3.4929029904135489 1.0125747210741856 -0.50161200803694039 -0.78309770132915812 1.0474940120776812 2.2386096444783958 -0.70167348347711922 0.73415142670018618 0.97837943297852481 -1.0573722555090628 -0.15132905602497801 2.1912069242036796 -0.74718054955641622 -1.1823054022688861 1.01557764731833 -0.17139203737871792 -0.19168941001624371 -1.3157176291712498 0.52328659146806233 4.3192488196402783 -0.51899752470964389
decision_type=2 2 2 2 2 2 2 2 2 2 2 2 2 2 2 2 2 2 2 2 2 2 2 2 2 2 2 2 2 2 2 2 2
left_child=1 2 7 4 5 6 -3 11 21 19 -10 16 -13 -6 -7 -12 -1 18 -17 27 -21 22 32 24 26 -26 -23 -5 31 -24 -31 -11 -2
right_child=8 3 -4 9 13 14 -8 -9 10 28 15 12 -14 -15 -16 17 -18 -19 -20 20 -22 23 29 -25 25 -27 -28 -29 -30 30 -32 -33 -34
leaf_value=0.0023005273206525944 0.010800635062160256 -0.0033253243017106293 0.0090670973825654096 0.022405851302495894 0.025023398947345659 0.00051477929840397106 0.0055029688549366419 0.034183149509152112 0.018822443743669356 -0.0090456999812806634 0.0048698588386718302 -0.0024779041810783203 0.003012568491204768 0.011796680142563012 -0.0033871079785644373 -0.005880286949101989 -0.0017140091186866686 0.0016455989340091435 -0.00043109279479062123 -0.0077619661972912575 0.010789673572175838 -0.012418692141998457 -0.018344357340723434 0.0021848185029597887 -0.0059402139740080233 -0.0064334239281567829 -0.00012633557928164987 0.0056258520429488292 -0.015615590497343769 0.0022880186114861275 -0.018344930020501145 0.031493006261422853 0.0011268851205476938
leaf_weight=24 9.0000000000000018 26 13.999999999999998 70 11.000000000000002 65 352 8.9999999999999982 9.9999999999999982 10.000000000000005 8.9999999999999982 771 23 8.9999999999999982 126 97 15.999999999999998 12.999999999999998 253 16.000000000000004 9.9999999999999982 143 15.999999999999998 9.9999999999999982 64 253 10.999999999999998 35 7.9999999999999991 20.000000000000004 7.9999999999999991 8.9999999999999982 7.9999999999999991
leaf_count=24 9 26 14 70 11 65 352 9 10 10 9 771 23 9 126 97 16 13 253 16 10 143 16 10 64 253 11 35 8 20 8 9 8
internal_value=-0.0013619 0.00111877 -0.00263619 0.0054233 0.00338713 0.00245641 0.0054133 -0.00316743 -0.0056614 0.0128347 -0.00223776 -0.00353754 -0.00418573 0.0266116 -0.00338154 -0.00299807 0.00878596 -0.00363588 -0.00435477 0.0158522 0.00389226 -0.0080503 -0.000269863 -0.00902726 -0.00945538 -0.00756134 -0.0131628 0.0186411 -0.00185279 -0.00802972 -0.00240692 0.00428847 0.0182014
internal_weight=2528 1604 857 747 589 569 378 843 924 158 382 834 794 20 191 372 40 363 350 131 26 542 61 481 471 317 154 105 27 44 28 19 17
internal_count=2528 1604 857 747 589 569 378 843 924 158 382 834 794 20 191 372 40 363 350 131 26 542 61 481 471 317 154 105 27 44 28 19 17
is_linear=0
shrinkage=0.0749534


Tree=31
num_leaves=36
num_cat=0
split_feature=18 0 0 10 4 5 9 9 6 5 13 12 5 7 7 8 8 9 7 8 4 4 10 10 7 1 6 5 0 1 16 10 4 8 9
split_gain=4.49992 4.71492 2.04628 2.14188 1.56532 1.40646 1.72147 2.07951 1.93587 1.30864 1.18144 1.11688 1.34092 1.0544 1.03046 0.99482 0.983584 1.05127 0.954114 0.936093 0.931064 0.922618 0.894268 1.48755 0.840871 0.817881 0.576353 0.881684 0.607104 1.20227 0.56615 0.548302 0.546437 0.192842 0.192477
threshold=1.0000000180025095e-35 1.0000000180025095e-35 1.01557764731833 0.8886293643662263 -0.50271089716063144 -1.0237405522185019 -0.78160386104205093 -0.26461032216946762 -0.10541006296818604 -1.1000833472669447 3.4929029904135489 0.35096141226961375 0.28749605085447588 -0.092242161870208131 -0.064904742736808838 -1.3000341451501705 1.6668750589913373 -0.51529559107099998 -0.51255498104621289 -0.17316260473503578 -0.79631490488780232 -0.3200211250365545 1.813961127238173 1.9394898775101421 0.044444933796785858 -1.4759321159128549 0.54894089854433314 -0.4780849982210687 1.01557764731833 1.0000000180025095e-35 1.6165153522599058 0.2990935725400522 -0.5095043775246294 1.1072252327686951 -0.44985347741191911
decision_type=2 2 2 2 2 2 2 2 2 2 2 2 2 2 2 2 2 2 2 2 2 2 2 2 2 2 2 2 2 2 2 2 2 2 2
left_child=1 9 5 4 -4 31 8 -8 -7 24 11 12 -11 15 -13 -2 17 33 -12 -6 -19 -18 26 -24 25 -1 28 34 30 -30 -15 -3 -27 -17 -28
right_child=13 2 3 -5 19 6 7 -9 -10 10 18 14 -14 22 -16 16 21 20 -20 -21 -22 -23 23 -25 -26 32 27 -29 29 -31 -32 -33 -34 -35 -36
leaf_value=0.0046794637245203309 0.0036616318235431901 0.011150296870702677 0.03162792264334361 -0.0029128370833213487 0.0017581830729760748 0.00013920440192967027 -0.0053623945148707948 0.0035671180952243867 0.0084368765674931248 0.00016879853726227157 -0.022629374274248101 -0.012367845683824923 -0.0057119465023655648 -0.0079414270600422932 -0.00069363873412855352 -0.0088297925461561216 0.011591148577705546 -0.011870511419292238 0.0073502844225035212 0.033977188485217469 0.00026647690056066546 -0.0039936723456399275 0.0038959823326996678 -0.0014506400990264528 0.0019729144588689971 0.0019870516443258254 0.00016451247521692312 0.0022636029805717132 -0.0085434458274611848 0.0060225830306604678 0.00021199524413445953 0.0096167744344500487 -0.0030699678223130556 -0.00034150454583521287 -0.0022483809343966615
leaf_weight=7.9999999999999956 10.999999999999998 13.000000000000002 21 8.9999999999999982 25 79 142 356 70 365 8.0000000000000018 168 125 488 135 74 8.0000000000000018 30 14.999999999999998 22 165 12.999999999999998 8.0000000000000018 14.999999999999998 7.9999999999999991 9.9999999999999982 7.9999999999999991 14.999999999999998 22 33 15.999999999999998 9.9999999999999982 15.000000000000005 7.9999999999999991 10.000000000000002
leaf_count=8 11 13 21 9 25 79 142 356 70 365 8 168 125 488 135 74 8 30 15 22 165 13 8 15 8 10 8 15 22 33 16 10 15 8 10
internal_value=-0.00142114 0.000978798 0.00532329 0.0167205 0.021249 0.00395442 0.00325776 0.00112002 0.0102572 -0.00281061 -0.00347797 -0.00397899 -0.00174701 -0.0055805 -0.00753983 -0.00198013 -0.00286334 -0.00408424 0.0124428 0.0124668 -0.00103565 0.0119063 -0.00737169 0.00655761 0.00987698 0.00365242 -0.00794058 0.00153939 -0.00850741 -0.000950122 -0.00932027 0.0212705 -0.00335185 -0.0110724 -0.00907452
internal_weight=2528 1604 747 77 68 670 647 498 149 857 816 793 490 924 303 309 298 277 23 47 195 21 615 23 41 33 592 33 559 55 504 23 25 82 18
internal_count=2528 1604 747 77 68 670 647 498 149 857 816 793 490 924 303 309 298 277 23 47 195 21 615 23 41 33 592 33 559 55 504 23 25 82 18
is_linear=0
shrinkage=0.0749534


Tree=32
num_leaves=36
num_cat=0
split_feature=18 1 4 10 10 10 10 2 3 6 9 9 11 11 6 3 11 19 4 4 4 6 13 2 4 4 11 10 9 9 9 9 6 9 6
split_gain=3.23388 3.32124 1.75605 2.10434 1.45691 2.10284 1.85823 1.42539 1.38126 1.17626 1.12223 1.09385 0.865654 1.42337 0.812723 1.20014 0.788501 0.767842 0.731988 0.639211 1.08844 0.630933 0.606732 0.593709 1.07642 0.332555 0.316328 0.285148 0.434986 0.28364 0.264789 0.218525 0.264788 0.061097 0.0271865
threshold=1.0000000180025095e-35 1.0000000180025095e-35 1.8692196339919314 0.8886293643662263 0.67042570547176705 0.72655514618424011 0.41199039263780374 -0.98340181012624817 -0.7272595610743573 2.6989512006568961 -1.1261275879778223 -0.13202043892023482 1.8117523547790746 1.612148504309211 -0.51048446771403111 0.65229503642985565 -0.38389000038943 1.0000000180025095e-35 -0.88164098179135575 0.18075671276451433 0.065521851525307914 1.0000000180025095e-35 0.89463944681923369 -1.3819680303418578 -0.67313318429009705 0.29116545289921342 1.2129408033694828 0.55419173311569125 0.35790528436908148 -1.920745081860604 1.1490988381869585 1.2339744842072349 -1.1648354292265501 -1.1885690769643171 0.92285573369434404
decision_type=2 2 2 2 2 2 2 2 2 2 2 2 2 2 2 2 2 2 2 2 2 2 2 2 2 2 2 2 2 2 2 2 2 2 2
left_child=1 7 3 4 6 -6 -3 22 19 10 29 -12 13 14 15 -10 -5 -16 -18 20 23 31 25 26 -25 30 -2 33 -29 -9 -1 32 -4 -21 -14
right_child=8 2 21 16 5 -7 -8 9 12 -11 11 -13 34 -15 17 -17 18 -19 -20 27 -22 -23 -24 24 -26 -27 -28 28 -30 -31 -32 -33 -34 -35 -36
leaf_value=-0.012709373468884138 -0.018941032965827324 0.0036289932327973227 -0.00091644679366935703 -0.0022583180765241139 0.016059366345174773 0.017970779422317656 -0.0023281039555600944 -0.0074361724180195959 -0.007643883395945743 0.0087528266549587695 0.0019963277876168181 -0.0029721497887237407 -0.007656664237839954 0.0067022320003468664 -0.00067672209064119934 0.0022588396515241345 -0.0082467320385609961 0.0048330950720733117 0.00043054938659826139 -0.020516796208373711 0.017881842459317419 0.002499438156475799 0.00011238685664784904 0.0014791180618256967 -0.0064281043240875186 -0.00061736349956376438 -0.00037436962704785347 -0.0076552046456968871 0.0013898868585192812 -0.015891218308297268 -0.0061988692550575012 0.0024510368510638741 -0.004876827977451168 -0.017687225534663661 -0.0049667168450135907
leaf_weight=61 40 599 16.999999999999996 20 17 33 101 13.999999999999998 188 12.999999999999998 167 288 8.0000000000000018 11.999999999999998 417 12.999999999999998 43 8.9999999999999982 105 7.9999999999999991 9.9999999999999982 10.999999999999998 8.9999999999999982 20 77 7.9999999999999991 8.9999999999999982 13.000000000000002 13.999999999999998 48 10.999999999999998 7.9999999999999991 31.000000000000004 63 23
leaf_count=61 40 599 17 20 17 33 101 14 188 13 167 288 8 12 417 13 43 9 105 8 10 11 9 20 77 8 9 13 14 48 11 8 31 63 23
internal_value=-0.00156924 0.00046557 0.00316738 0.004029 0.00572541 0.0178249 0.00479919 -0.00382666 -0.00509509 -0.0023196 -0.00291873 -0.00159395 -0.00328566 -0.00265574 -0.00318266 -0.00708325 -0.00350801 -0.00130823 -0.00148367 -0.00978403 -0.0066115 -0.00833831 -0.0124785 -0.00831888 -0.00469327 -0.0145218 -0.0148947 -0.0145312 -0.0069392 -0.012182 -0.0160818 -0.0115093 -0.0133335 -0.0170658 -0.0150671
internal_weight=2528 1604 985 918 750 50 700 619 924 530 517 455 670 639 627 201 168 426 148 254 156 67 89 146 97 80 49 98 27 62 72 56 48 71 31
internal_count=2528 1604 985 918 750 50 700 619 924 530 517 455 670 639 627 201 168 426 148 254 156 67 89 146 97 80 49 98 27 62 72 56 48 71 31
is_linear=0
shrinkage=0.0749534


Tree=33
num_leaves=41
num_cat=0
split_feature=0 5 2 0 7 5 3 10 19 4 10 2 8 7 10 2 10 4 11 3 1 10 2 5 3 11 8 13 2 11 4 4 8 12 3 4 15 8 8 4
split_gain=2.78899 2.02768 1.49203 2.02095 1.83295 1.19721 1.55448 1.4788 1.59461 1.52196 1.15568 1.27568 1.83146 1.12228 1.10593 1.16843 1.02336 2.31152 1.01782 1.01455 1.10665 1.01307 0.952795 1.24797 0.936851 0.90983 0.872168 0.682447 0.643817 0.572508 0.929511 0.562688 0.51768 0.488676 0.460931 0.366899 0.306538 0.270493 0.248471 0.220314
threshold=1.0000000180025095e-35 0.37104646466528596 0.10131906673241511 1.01557764731833 -0.45446296538774017 -0.27112577944575128 1.7568963520543563 -0.61530933880482541 1.0000000180025095e-35 -0.46255576051341812 0.56447663308300278 0.69919285574580281 -0.72609988704645112 -1.2250364672104161 -1.3383867685862985 -0.44927568813307794 -1.2150206533213759 0.36748307978074674 1.612148504309211 -1.4875513861610477 -1.4759321159128549 1.813961127238173 -0.025024619954776596 -1.0186951952877981 0.48372275356416444 0.8137331024297545 -0.14443252565839587 -0.34178311252737342 -1.6064999507836686 0.61412925195989043 1.1793166651869587 -0.19638895966000303 -0.24096765862772554 1.0000000180025095e-35 -1.2588693853682555 -0.4490207211994785 1.0000000180025095e-35 -0.85675136339611024 -0.76356628920761604 -0.45666477035085801
decision_type=2 2 2 2 2 2 2 2 2 2 2 2 2 2 2 2 2 2 2 2 2 2 2 2 2 2 2 2 2 2 2 2 2 2 2 2 2 2 2 2
left_child=1 5 19 4 13 6 21 14 9 -9 11 12 -5 25 15 -7 17 -6 -15 37 -21 26 23 -22 -18 -4 -1 36 -3 30 34 -16 -24 -10 -30 -23 -8 -2 -32 -12
right_child=2 28 3 10 16 7 27 8 33 -11 39 -13 -14 18 31 -17 24 -19 -20 20 22 35 32 -25 -26 -27 -28 -29 29 -31 38 -33 -34 -35 -36 -37 -38 -39 -40 -41
leaf_value=-0.0014724702107980899 -0.020616775885615456 -0.019745911911516964 0.027477466343675577 0.04180111284351265 0.009472021450959222 0.0033149775851977234 0.0051881730519639391 -0.001249989915625182 0.045341628796155484 0.0033354214680267249 0.0043371895090563769 0.044982177227747652 -0.0065269764442748689 0.0037296250746071467 -0.0016977425825283287 -0.021012773427372761 -0.0059465417319754139 -0.0038724075539291664 0.010120628684009977 -0.0057268201533992417 0.014177457608706936 -0.0023580194984296949 -0.0011517574119188744 7.8738373413748643e-05 0.00034680478551230579 -0.0088361638446667352 -0.0045432868926766606 -0.00024603929317482446 -0.015252727447124564 -0.012251635199795729 -0.016351567624682657 -0.011758578076081464 -0.0094575680518303954 0.016130556144296274 0.00038847001122687791 0.0065261603782181604 0.0061617516324295064 -0.0098957190996173429 -0.019202459255267482 -0.0091096460974267254
leaf_weight=305 8.9999999999999982 46 7.9999999999999991 10.000000000000002 18 14.000000000000002 8.0000000000000018 136 12.000000000000002 106 8.0000000000000018 19 20 166 44 10.999999999999998 113 25 28 21 10.999999999999998 7.9999999999999991 36 505 140 26 288 13.999999999999998 17 30 23 50 31 12.999999999999998 99 7.9999999999999991 12.999999999999998 26 54 8.9999999999999982
leaf_count=305 9 46 8 10 18 14 8 136 12 106 8 19 20 166 44 11 113 25 28 21 11 8 36 505 140 26 288 14 17 30 23 50 31 13 99 8 13 26 54 9
internal_value=-0.00153962 -0.00395816 0.00101818 0.00372932 0.00213248 -0.00243041 -0.00440332 0.000864105 0.00395765 0.00198627 0.015849 0.0214476 0.0103375 0.00714779 -0.00600291 0.00744438 -0.00175247 0.00861839 0.00933847 -0.00148728 -0.000738881 -0.00529889 -9.32674e-05 0.00100886 -0.00358775 -0.0050936 -0.00581889 0.0104584 -0.00972659 -0.00788805 -0.0062228 -0.00969512 -0.00833831 0.0210861 -0.00188442 0.0120859 0.0182929 -0.0134587 -0.0124764 -0.000879658
internal_weight=2528 1299 1229 590 524 1030 644 386 267 242 66 49 30 228 119 25 296 43 194 639 604 609 583 516 253 34 593 35 269 223 193 94 67 25 116 16 21 35 77 17
internal_count=2528 1299 1229 590 524 1030 644 386 267 242 66 49 30 228 119 25 296 43 194 639 604 609 583 516 253 34 593 35 269 223 193 94 67 25 116 16 21 35 77 17
is_linear=0
shrinkage=0.0749534


Tree=34
num_leaves=38
num_cat=0
split_feature=18 0 4 10 12 4 7 17 7 15 4 4 12 10 5 7 5 9 9 5 4 12 13 9 16 14 12 7 9 7 9 9 5 11 4 9 5
split_gain=2.79057 2.87049 1.65879 2.11399 1.39921 1.29901 1.24389 1.10907 1.43113 1.10642 1.18694 1.17957 1.07018 1.00508 0.961205 1.01215 0.919465 0.964259 0.923477 0.854954 0.80964 0.758813 0.708403 1.32211 0.634245 0.549163 0.54789 0.469155 0.427111 0.284841 0.277886 0.275851 0.25896 0.240722 0.154983 0.0376147 0.0321002
threshold=1.0000000180025095e-35 1.0000000180025095e-35 1.8692196339919314 -0.1354972807334813 0.35096141226961375 -0.5095043775246294 0.34771942730792599 2.8191998165809324 -0.092242161870208131 1.0000000180025095e-35 -0.79631490488780232 -0.48317328868431492 2.9137298993221377 0.015901199829317352 -1.1000833472669447 0.044444933796785858 -0.95721358054101291 -1.1261275879778223 -0.56550728126407301 -1.1714853796827731 -0.5095043775246294 -0.67414598255139557 1.9636942100096351 -0.1735022416300139 1.6165153522599058 1.0000000180025095e-35 1.888622504501128 -0.48692615060865191 0.071703523922803658 -0.73894298324467 0.85774982676031819 -0.56550728126407301 -0.5164527309989434 -0.38389000038943 -0.86868946730254171 -0.83448314250752975 -0.52604882448403345
decision_type=2 2 2 2 2 2 2 2 2 2 2 2 2 2 2 2 2 2 2 2 2 2 2 2 2 2 2 2 2 2 2 2 2 2 2 2 2
left_child=1 14 3 4 5 -3 -6 8 9 13 32 -12 19 27 15 20 33 26 -19 -5 -1 -15 24 -24 28 31 -18 -2 -10 -22 -25 -4 -11 -16 -14 -35 -33
right_child=7 2 25 12 6 -7 -8 -9 22 10 11 -13 34 21 16 -17 17 18 -20 -21 29 -23 23 30 -26 -27 -28 -29 -30 -31 -32 36 -34 35 -36 -37 -38
leaf_value=0.0019825434534454511 -0.0041079486809800303 0.014948445852675374 -0.0044275518348626461 0.0052103097776014318 0.015503163575629 0.0035883869785106265 0.025963303585227682 0.0023917263400991861 -0.0052800775612673271 -0.0044777460076166837 0.0047119095040794234 0.00073029087810074964 0.00087599693400917402 0.0062479494369599578 -0.015947337682279478 0.0023308033641088292 -0.0092595163164669054 0.0019500248938390337 -0.00098606643001023777 -5.8817063172025942e-05 0.0045858720581008882 -0.0022621940966377797 0.0046782710018458172 -0.00052377774456870629 0.0015786026899321122 0.0067452118249202659 0.00062863803272274036 -0.010592019418342175 -0.0060072952959383738 -0.0060497110535687841 -0.020902807820506561 -0.0044909308708666025 -0.019592797448849217 -0.0074249497473690383 0.0084875311500827496 -0.017236391830474124 -0.0037257964641450713
leaf_weight=11.999999999999998 18 63 7.9999999999999991 7.9999999999999991 27 188 13.999999999999998 14.999999999999998 286 8.0000000000000018 26 106 8.0000000000000018 25 8.9999999999999982 7.9999999999999991 80 128 553 380 10.999999999999998 60 14.999999999999998 12.000000000000002 13.999999999999998 7.9999999999999991 7.9999999999999991 47 264 10.000000000000002 11.999999999999998 7.9999999999999991 15.999999999999998 7.9999999999999991 8.9999999999999982 30 26
leaf_count=12 18 63 8 8 27 188 14 15 286 8 26 106 8 25 9 8 80 128 553 380 11 60 15 12 14 8 8 47 264 10 12 8 16 8 9 30 26
internal_value=-0.0016581 0.000232284 0.00362315 0.00457867 0.00941233 0.00716454 0.0219462 -0.00493328 -0.00528173 -0.0010882 0.00330067 0.00611932 0.00105375 -0.0056427 -0.0027234 0.00815281 -0.00329481 -0.00264542 -0.00167005 0.000187834 0.00153939 -0.00019582 -0.00739399 0.00222034 -0.00806845 -0.00925422 -0.00992385 -0.0124736 -0.00847641 -0.00711636 -0.00843345 -0.0126043 -0.0112649 -0.0132243 0.0182014 -0.0157021 -0.0153691
internal_weight=2528 1604 747 697 292 251 41 924 909 306 156 132 405 150 857 41 816 769 681 388 33 85 603 39 564 50 88 65 550 21 24 42 24 47 17 38 34
internal_count=2528 1604 747 697 292 251 41 924 909 306 156 132 405 150 857 41 816 769 681 388 33 85 603 39 564 50 88 65 550 21 24 42 24 47 17 38 34
is_linear=0
shrinkage=0.0749534


Tree=35
num_leaves=44
num_cat=0
split_feature=0 5 3 4 8 9 5 4 9 9 6 7 5 6 4 13 3 8 13 9 4 12 3 9 5 4 7 7 9 3 14 5 3 3 6 6 7 9 6 8 3 13 3
split_gain=1.78193 1.53666 1.21105 1.46954 1.25818 1.33381 1.16982 0.934785 0.905437 1.01041 1.15627 0.921979 0.902166 1.50053 2.55783 1.20286 1.09425 1.11963 1.40216 0.969921 1.25341 1.12909 0.865917 1.11399 0.960178 0.846685 0.906374 1.16285 0.828283 0.802124 0.781752 0.76523 0.742157 1.36397 1.06907 0.681336 0.654061 0.674577 0.539543 0.507668 0.340154 0.244954 0.0363323
threshold=1.0000000180025095e-35 0.37104646466528596 0.48372275356416444 -0.92440489752143995 -0.50329542683273187 0.053817933078398807 0.10665614093846952 -0.91933068251382466 -0.26461032216946762 0.071703523922803658 0.6424196073318359 0.44340039427482175 -0.27112577944575128 -0.10541006296818604 -0.41420291765898437 0.17701643805901665 1.5441387414184302 -1.0177295355411444 -0.34419423863523996 -0.88317126183255279 -1.0076433851467883 -0.67414598255139557 0.8662110579514769 0.24239032474447195 -1.1559697047462236 -0.84798100072779359 -0.15204276622451804 -0.25968385406227451 -0.41573202480896426 1.3745471721048863 1.0000000180025095e-35 2.156821771145724 -0.42891350231024306 -0.77906515393863562 0.23734520258599057 -0.26120791094735718 1.4172959509021503 1.8136193907650322 0.2996643417776591 1.0666362647155767 -0.83477567674406483 -0.080051571772089436 -1.1298483433603483
decision_type=2 2 2 2 2 2 2 2 2 2 2 2 2 2 2 2 2 2 2 2 2 2 2 2 2 2 2 2 2 2 2 2 2 2 2 2 2 2 2 2 2 2 2
left_child=1 12 3 4 5 6 -2 38 28 11 -11 -10 16 19 15 -15 22 -18 -19 21 -21 -14 24 -24 -1 -9 27 -27 31 -16 -28 -5 33 -6 -34 36 37 40 -4 -38 -3 -37 -30
right_child=2 35 7 8 32 -7 -8 25 9 10 -12 -13 13 14 29 -17 17 18 -20 20 -22 -23 23 -25 -26 26 30 -29 42 -31 -32 -33 34 -35 -36 41 39 -39 -40 -41 -42 -43 -44
leaf_value=0.0034173187143872481 0.011334321934035912 -0.0055939399678376191 0.0035615469388887329 -0.0036161906505589444 -0.009087990232110996 -0.0077073494854906464 -0.0040374921203830223 0.011293475004351156 0.0079321262418090514 -0.0014917695323515381 0.004004594527244572 -0.0015703729694611676 0.0057796443079255648 0.0007948224800888537 0.012553017205095178 -0.013093635244388528 0.0092389059798332618 0.0015438532344936749 -0.012805671908310527 0.0025732530951648662 -0.0067816940548658944 -0.0041639507424023128 -0.0052555034569562861 0.00089730061944192697 -0.0024041928865965322 0.00255861350285318 0.00034786414353805013 0.015411116040916576 -0.0012610651445708867 -0.0069286373365889352 -0.0021107529456001178 0.0032164052219875346 -0.026364383996613991 0.015054270117060752 0.0034010694589130547 -0.012070392676683098 -0.024655626488208734 0.001749422528145376 -0.019629612735876378 -0.01306832289315433 -0.00078810598103922988 -0.0014842827054876945 -0.0053640134293688928
leaf_weight=14.999999999999998 38 65 9.0000000000000018 246 12.000000000000002 9.9999999999999982 9.9999999999999982 10.999999999999998 63 290 15.999999999999998 27 12.999999999999998 107 48 19 7.9999999999999991 30 14.999999999999998 27 139 24 53 27 496 252 69 25 7.9999999999999991 8.9999999999999982 22 17 23 18 17 47 38 10.999999999999998 17 11.999999999999998 85 10.999999999999998 29
leaf_count=15 38 65 9 246 12 10 10 11 63 290 16 27 13 107 48 19 8 30 15 27 139 24 53 27 496 252 69 25 8 9 22 17 23 18 17 47 38 11 17 12 85 11 29
internal_value=-0.00139152 -0.00332466 0.000652991 -0.000995651 0.00630693 0.0142273 0.0192737 0.00399691 -0.00235853 0 -0.00206014 0.00687229 -0.00199483 0.000864105 0.00575007 -0.000279182 -0.00370766 0.00638915 0.00115027 -0.00354883 -0.00599661 0.00708009 -0.00463868 -0.0117953 -0.00346374 0.00495702 0.00424435 0.00636391 -0.00544634 0.0185626 -0.00218795 -0.00387611 -0.000494909 0.00802929 -0.00702119 -0.00834609 -0.00622477 -0.00377285 -0.00915731 -0.0135396 -0.00515112 -0.0154668 -0.0156251
internal_weight=2528 1299 1229 824 128 58 48 405 696 396 306 90 1030 386 183 126 644 53 45 203 166 37 591 80 511 379 368 277 300 57 91 263 70 30 40 269 211 161 26 50 150 58 37
internal_count=2528 1299 1229 824 128 58 48 405 696 396 306 90 1030 386 183 126 644 53 45 203 166 37 591 80 511 379 368 277 300 57 91 263 70 30 40 269 211 161 26 50 150 58 37
is_linear=0
shrinkage=0.0749534


Tree=36
num_leaves=33
num_cat=0
split_feature=2 13 6 10 11 12 6 1 10 9 8 4 9 6 13 10 2 9 9 0 8 2 4 10 11 9 13 3 2 4 9 6
split_gain=2.23085 1.98502 1.58975 3.56813 1.42507 1.2614 1.40668 1.19433 1.39 1.13842 1.08103 0.924881 0.943684 1.56652 0.830441 0.7876 0.767334 0.757057 0.746948 0.62809 0.602325 0.593065 0.573707 0.776081 0.477202 0.46781 0.576166 0.40755 0.250944 0.0487738 0.0432556 8.11175e-05
threshold=-0.98340181012624817 3.8747842524045359 -1.1025162900348817 -0.9959362496524331 0.21492155102016219 0.86351510968011858 -0.10541006296818604 1.0000000180025095e-35 -0.56224103020678806 1.5311383129721416 -0.98463450325723845 -1.0580943816682904 -0.35619009699338661 -0.6662823156932024 0.47950426480585656 -0.10045703885709868 -0.034243098836209594 0.87157377018169691 1.8136193907650322 1.01557764731833 0.25717508945541906 -0.15659815296658627 -1.0364305456446015 -1.4184769911463366 1.0000000180025095e-35 0.29363299903492251 -0.23556278304446773 -0.42891350231024306 -1.1367261462900733 -1.1325320055568409 -1.4467498577318632 0.2996643417776591
decision_type=2 2 2 2 2 2 2 2 2 2 2 2 2 2 2 2 2 2 2 2 2 2 2 2 2 2 2 2 2 2 2 2
left_child=7 2 18 9 17 6 -5 10 22 16 24 31 13 -13 -7 -14 -4 27 19 21 -11 -2 -9 -24 -1 29 28 -3 -27 -12 -31 -10
right_child=1 4 3 5 -6 14 -8 8 11 20 25 12 15 -15 -16 -17 -18 -19 -20 -21 -22 -23 23 -25 -26 26 -28 -29 -30 30 -32 -33
leaf_value=-0.038689494458653065 -0.008643738437625996 0.0032610618182885905 0.0073730591715644739 -0.0019663557483854768 -0.0056219982831185247 -0.0042585297417550502 0.000432834653891971 0.0029619368983061067 -0.016172176317860287 0.0032000190082003962 -0.021941277327623597 0.017680125379972916 0.0043292989253891061 0.00027288865874541119 0.0020383357308143045 -0.001783241719903691 0.0019417783241494771 0.0056680601136554166 0.0033591224307164607 0.003836487983993215 0.029520761317814392 -0.013616289549602895 0.00026493272537467244 -0.010932255176181384 0.00052074623009518292 -0.017069538524591199 0.0019053762657599872 0.015494349776641568 -0.0049823396119802604 -0.0065798964421958763 -0.010433910677678645 -0.0094165910766137104
leaf_weight=8.0000000000000018 67 8.0000000000000018 72 535 14.999999999999998 262 871 8.9999999999999982 12.000000000000002 10.000000000000002 7.9999999999999991 15.999999999999998 20 46 22 62 144 10.999999999999998 12.999999999999998 10.999999999999998 8.9999999999999982 73 8.9999999999999982 50 9.9999999999999982 28.999999999999996 10.999999999999998 9.0000000000000018 14.000000000000002 8.9999999999999982 75 7.9999999999999991
leaf_count=8 67 8 72 535 15 262 871 9 12 10 8 16 20 46 22 62 144 11 13 11 9 73 9 50 10 29 11 9 14 9 75 8
internal_value=-0.00124342 -0.000280171 -0.00061743 -8.88663e-06 0.0152118 -0.00121692 -0.000291546 -0.00639143 -0.00287016 0.00859415 -0.0112465 0.000890824 0.00305936 0.0098569 -0.00575053 -0.00219924 0.00685423 0.0245446 -0.00764452 -0.00914673 0.0252329 -0.0105105 -0.0116767 -0.0143007 0.00541326 -0.0133672 -0.00727146 0.0335986 -0.0110909 -0.0166442 -0.0173173 -0.01327
internal_weight=2528 2132 2089 1925 43 1690 1406 396 232 235 164 164 144 62 284 82 216 28 164 151 19 140 68 59 18 146 54 17 43 92 84 20
internal_count=2528 2132 2089 1925 43 1690 1406 396 232 235 164 164 144 62 284 82 216 28 164 151 19 140 68 59 18 146 54 17 43 92 84 20
is_linear=0
shrinkage=0.0749534


Tree=37
num_leaves=47
num_cat=0
split_feature=18 0 10 5 5 3 5 10 10 6 5 7 5 7 5 10 2 6 5 8 7 10 5 3 1 10 6 8 8 8 15 3 3 3 3 13 8 6 13 8 11 5 5 10 8 5
split_gain=3.37663 2.48085 1.52825 1.30206 1.25343 1.17189 1.13906 1.36271 1.43055 1.07679 1.3129 1.8037 1.01249 0.970771 1.79439 1.43706 2.00731 1.36505 1.02462 1.02799 0.931159 0.913597 0.890592 0.809447 0.796879 0.784491 0.770947 0.931342 1.17766 0.967759 0.753286 0.876588 0.841134 0.633318 0.592321 0.56914 0.495772 0.469675 0.330195 0.229615 0.195499 0.18287 0.150506 0.0508901 0.0451745 0.0333755
threshold=1.0000000180025095e-35 1.0000000180025095e-35 0.41199039263780374 -1.0456582178070792 2.588003491115499 -1.2659616079452751 0.061506137650899309 1.813961127238173 1.9394898775101421 -0.23004834135152297 -0.044035690055023689 0.19907221077007112 -0.85458774881966082 0.011127454227954952 0.37104646466528596 0.54754892467355198 1.6905837262216423 0.26850477218182484 -1.0641829808912437 -1.1609168105027414 0.85687885866747704 0.54068392574214175 1.000812697639335 -1.0776072821969553 1.0000000180025095e-35 0.45833972955897767 -0.29236748054319145 0.94956349625043712 1.5651092345728679 0.31747747889183842 1.0000000180025095e-35 -0.15562644178162546 0.69599462098901521 1.0074112315307975 -0.90337481916557516 -0.12700261236951491 0.59991761465004412 -1.0401971508432133 -0.32054683620596885 0.62285889867506772 0.41452540149002631 -0.41293124081651128 -0.29834528583205649 1.3551171512800304 1.0666362647155767 1.8902730422527028
decision_type=2 2 2 2 2 2 2 2 2 2 2 2 2 2 2 2 2 2 2 2 2 2 2 2 2 2 2 2 2 2 2 2 2 2 2 2 2 2 2 2 2 2 2 2 2 2
left_child=1 13 4 -4 5 38 7 9 -9 24 20 -12 -7 15 18 30 17 -17 -15 -20 -11 36 35 43 44 -26 27 29 -29 -25 32 -32 -1 45 -23 -16 -5 -24 -3 -6 -35 -10 -18 -8 -2 -28
right_child=6 2 3 21 39 12 23 8 41 10 11 -13 -14 14 22 16 42 -19 19 -21 -22 34 37 26 25 -27 33 28 -30 -31 31 -33 -34 40 -36 -37 -38 -39 -40 -41 -42 -43 -44 -45 -46 -47
leaf_value=0.00042940954175320779 -0.017228088706829722 0.00012611296718620688 0.0060243968207455536 -0.0078628343200690988 -0.0072113116694294717 -0.00060797859722165832 -0.010150596858633617 0.0028707782934931604 0.0057388123872145298 -0.0015508047822351799 -0.0067835489173414471 0.0068794519151786724 0.0080213561243016943 0.0021890100399474801 -0.0091357456675501703 -0.017893499855652913 0.0050383612974853088 0.0047872525658740964 0.0050677987763605124 0.00069698217488575547 0.0010713533461230145 0.0036933735424569208 0.0021575635773473296 -0.0037234750939980177 -0.0048014855950347041 0.0035325389040872369 -0.0086381887136071818 0.0036049606771933118 -0.0072913874064495414 -0.013298294780768364 -0.015812631253366034 -0.00083462980331588509 -0.004214461750824754 -0.00095804388273448761 -9.9319623831849583e-05 -0.010651648271964503 0.00060164105847939112 -0.0042015728702108051 -0.013801241111756579 -0.0032014725461872381 0.0049101811266587933 -0.0066580064175637459 0.011982344032370933 -0.0096841869826974989 -0.0041697575123054772 -0.025453850112862109
leaf_weight=121 37 20.000000000000004 8.9999999999999982 33 13.000000000000002 45 44 8.0000000000000018 7.9999999999999991 287 8.0000000000000018 8.9999999999999982 385 7.9999999999999991 38 49 11.000000000000002 78 12.999999999999998 195 37 18 25 146 142 22 57 12.999999999999998 21 32 101 127 36 9.0000000000000018 195 10.999999999999998 9.9999999999999982 35 10.999999999999998 7.9999999999999991 11.999999999999998 7.9999999999999991 8.9999999999999982 7.9999999999999991 7.9999999999999991 7.9999999999999991
leaf_count=121 37 20 9 33 13 45 44 8 8 287 8 9 385 8 38 49 11 78 13 195 37 18 25 146 142 22 57 13 21 32 101 127 36 9 195 11 10 35 11 8 12 8 9 8 8 8
internal_value=-0.00100646 0.00107211 0.0042232 -0.000344268 0.00672663 0.00755701 -0.00460967 -0.00253262 0.0140963 -0.00332098 -0.000704538 0.0182014 0.00857532 -0.00167689 0.00154006 -0.00364318 0.00262187 -0.00100067 0.00548191 0.0042658 -0.00183176 -0.00144371 -0.00620523 -0.00796983 -0.00752416 -0.00494304 -0.00635567 -0.00383676 0.00714869 -0.0060132 -0.00604091 -0.00877387 -0.00198745 -0.0122662 0.000601279 -0.0134385 -0.0110909 0 -0.00610994 -0.0103097 -0.000729751 0 0.0232762 -0.0164824 -0.0161498 -0.0158062
internal_weight=2528 1604 747 265 482 461 924 574 24 550 341 17 430 857 325 532 147 127 216 208 324 256 109 350 209 164 298 212 34 178 385 228 157 86 213 49 43 60 31 21 21 16 20 52 45 65
internal_count=2528 1604 747 265 482 461 924 574 24 550 341 17 430 857 325 532 147 127 216 208 324 256 109 350 209 164 298 212 34 178 385 228 157 86 213 49 43 60 31 21 21 16 20 52 45 65
is_linear=0
shrinkage=0.0749534


Tree=38
num_leaves=33
num_cat=0
split_feature=0 3 0 7 4 3 19 9 15 10 3 6 7 8 10 6 3 7 6 4 8 1 7 7 8 6 8 3 3 4 8 4
split_gain=1.79975 1.2403 1.02141 1.96481 1.0058 1.07022 0.814915 1.14363 0.924287 1.2022 0.926054 0.692701 0.671339 0.608578 0.602225 1.13375 0.994423 0.888368 0.839054 1.35787 0.895936 0.486342 0.87045 0.259708 0.256005 0.238806 0.501481 0.218233 0.177858 0.126314 0.0486213 0.0363323
threshold=1.0000000180025095e-35 -1.5504005355741566 2.0956703239782959 0.15550319902621654 2.0228434632187517 -1.3442390248421041 1.0000000180025095e-35 0.81397617791231502 1.0000000180025095e-35 1.1953198129571774 -0.96555905361503302 -1.0713567204390475 -0.64667919366944948 -0.091893700310673038 1.1408482110757383 0.20618563299015633 -0.7403264394344059 -0.78934634977187412 -0.26120791094735718 -0.55000274246013137 0.8136468501624029 1.0000000180025095e-35 0.48098934558324596 1.5864462317900536 -0.85675136339611024 -0.8532397332682079 -0.33251970774758116 0.028865205250142453 -0.042553852668379598 -0.58935790811214073 1.735102964388338 -0.23274824401316377
decision_type=2 2 2 2 2 2 2 2 2 2 2 2 2 2 2 2 2 2 2 2 2 2 2 2 2 2 2 2 2 2 2 2
left_child=4 24 14 29 5 25 8 12 9 -7 -10 13 -8 23 18 16 -16 -17 19 -3 -20 28 -23 -6 -2 26 -1 -9 -5 -4 -13 -27
right_child=1 2 3 21 11 6 7 27 10 -11 -12 30 -14 -15 15 17 -18 -19 20 -21 -22 22 -24 -25 -26 31 -28 -29 -30 -31 -32 -33
leaf_value=0.0012941615551419973 -0.017669172327656232 0.0055024774700668947 0.018547289081641612 -0.0026372216394741684 0.0016686254336992861 -0.00029435694640083683 0.01120091156645581 -0.0083169112949851107 0.00070105123356746654 0.0055695663540386324 -0.0027201673996348238 -0.021302974266599758 0.00047217601747176014 -0.021606918959840321 0.00097600116412508103 -0.0034126056904428079 -0.005408975321990318 0.0012163784227355713 0.0030018107479657299 -0.0015635625045465301 -0.0013218809058328129 0.031085689585749809 -0.0089135350292488709 -0.015408056376479386 -0.0088760964337617765 -0.0081346357980585163 -0.0237747833584472 0.014160630466939685 -0.0052193925517331381 0.050929779676415231 -0.015613929692176507 -0.013970352577842345
leaf_weight=12.000000000000002 8.9999999999999982 109 10.000000000000002 8.0000000000000018 11 379 14.999999999999998 12.000000000000002 65 34 586 41 53 17 9.9999999999999982 21 52 61 412 365 110 10.000000000000002 8.9999999999999982 10 23 7.9999999999999991 10.999999999999998 7.9999999999999991 8.9999999999999982 10.999999999999998 7.9999999999999991 29
leaf_count=12 9 109 10 8 11 379 15 12 65 34 586 41 53 17 10 21 52 61 412 365 110 10 9 10 23 8 11 8 9 11 8 29
internal_value=-0.00103608 0.00101818 0.00142028 0.0110007 -0.00297911 -0.00240563 -0.00188141 0.00495303 -0.00245835 0.000311835 -0.00421277 -0.0106631 0.00954948 -0.0027382 0.00091708 -0.00357109 -0.0110195 0.00219924 0.00157482 -0.000704513 0.00364119 0 0.00777921 0.00551971 -0.0129993 -0.0119721 -0.00508632 -0.0099346 -0.00857823 0.0278729 -0.0163509 -0.0156251
internal_weight=2528 1229 1197 57 1299 1212 1152 88 1064 413 651 87 68 38 1140 144 62 82 996 474 522 36 19 21 32 60 23 20 17 21 49 37
internal_count=2528 1229 1197 57 1299 1212 1152 88 1064 413 651 87 68 38 1140 144 62 82 996 474 522 36 19 21 32 60 23 20 17 21 49 37
is_linear=0
shrinkage=0.0749534


Tree=39
num_leaves=36
num_cat=0
split_feature=18 0 5 10 11 1 5 4 5 10 10 4 5 7 4 5 10 1 11 10 4 6 2 2 4 9 7 13 8 5 5 8 7 2 4
split_gain=2.04221 1.59806 2.27097 2.3795 1.50505 1.19348 1.35546 1.17347 1.02607 1.23921 1.43055 1.02759 0.962945 0.9533 1.61316 1.08149 0.856133 0.762143 0.94663 0.682537 0.97719 0.674559 0.672399 0.638072 0.628437 0.50401 0.950958 0.792708 0.366899 0.355843 0.649869 0.297819 0.242413 0.561031 0.18287
threshold=1.0000000180025095e-35 1.01557764731833 0.21866618386554917 0.87062534919237911 3.0093754575982596 1.0000000180025095e-35 -1.1559697047462236 -0.50271089716063144 0.061506137650899309 1.813961127238173 1.9394898775101421 -1.2018160218295064 1.7251647049085772 0.0205246920550619 -0.12700598638869756 -1.0186951952877981 0.54754892467355198 1.0000000180025095e-35 -0.18428614991956593 -1.200663883575803 1.3980994608532036 -0.97787801165154475 0.59620173515644692 -0.2957436717967421 -0.33854294999967194 -0.80696553348397293 -0.20073754405588382 -0.080051571772089436 -1.0000000180025095e-35 1.2872030521848528 0.60581048244391766 1.4845567103040385 0.12816577989281849 -0.18482062211740047 -0.78008957370065968
decision_type=2 2 2 2 2 2 2 2 2 2 2 2 2 2 2 2 2 2 2 2 2 2 2 2 2 2 2 2 2 2 2 2 2 2 2
left_child=1 4 3 7 5 6 24 -3 9 11 -11 -2 -4 14 -7 -15 -8 18 -13 20 32 -19 -9 -22 -1 26 28 -28 -21 30 -27 -31 -10 -34 -12
right_child=8 2 12 -5 -6 13 16 22 19 10 34 17 -14 15 -16 -17 -18 21 -20 25 23 -23 -24 -25 -26 29 27 -29 -30 31 -32 -33 33 -35 -36
leaf_value=0.0016973152409221035 0.0014067235769822692 0.028396182752052253 -0.0023598545148406018 -0.0073767322680146257 0.0042581574643274249 -0.00079457447382860855 -0.0051495994491325327 0.00085121121607057402 -0.0075346137115782589 0.0025398932128279637 -0.003451608860710238 -0.012920619246300809 0.00032962337270837417 0.017046286687692647 0.0022279260349002553 0.00086306572203251461 0.00070926853390436396 -0.011281803542288867 -0.003457612008886746 -0.00069084825368266329 -0.011833261849713814 -0.00025038634313671426 0.049876087431629357 0.0084960900329524285 -0.00028158481818328559 -0.0052819219121675153 -0.0096954081547640028 0.0072549300790453238 0.0062624878204436555 -0.016611836091903556 -0.0011316861533812019 -0.0036896062081547792 -0.0059761945542233163 0.016175243257897577 0.001949943744539686
leaf_weight=10.000000000000002 10.999999999999998 17 17.000000000000004 7.9999999999999991 7.9999999999999991 343 440 14.000000000000002 10.999999999999998 8.0000000000000018 7.9999999999999991 47 8.9999999999999982 7.9999999999999991 198 357 155 28 70 8 10.000000000000002 394 11.999999999999998 13.999999999999998 7.9999999999999991 103 34 9.9999999999999982 7.9999999999999973 59 45 8.9999999999999982 30 8.9999999999999982 7.9999999999999991
leaf_count=10 11 17 17 8 8 343 440 14 11 8 8 47 9 8 198 357 155 28 70 8 10 394 12 14 8 103 34 10 8 59 45 9 30 9 8
internal_value=-0.000917594 0.000698855 0.0110617 0.0199446 0.000158217 -3.58899e-05 -0.00258525 0.0267501 -0.00371975 -0.00175249 0.0140963 -0.00250697 -0.00652479 0.00168958 -0.000307349 0.00463595 -0.00322767 -0.00300778 -0.00829921 -0.00690658 -0.000469022 -0.00149714 0.0144224 0.0112649 0.016397 -0.00860733 -0.00237382 -0.00802972 0.0120859 -0.010285 -0.00795925 -0.0148674 -0.00639733 -0.00312401 0
internal_weight=2528 1604 77 51 1527 1519 613 43 924 574 24 550 26 906 541 365 595 539 117 350 74 422 26 24 18 276 60 44 16 216 148 68 50 39 16
internal_count=2528 1604 77 51 1527 1519 613 43 924 574 24 550 26 906 541 365 595 539 117 350 74 422 26 24 18 276 60 44 16 216 148 68 50 39 16
is_linear=0
shrinkage=0.0749534


Tree=40
num_leaves=30
num_cat=0
split_feature=2 5 1 4 2 13 2 7 4 9 0 2 15 3 2 3 2 6 6 6 11 11 7 9 6 5 9 13 2
split_gain=1.32485 1.19064 1.26012 1.40598 1.24167 1.37542 1.27725 1.16875 1.30623 1.16372 1.15961 1.03738 1.02258 0.972507 0.939985 0.876441 0.871308 0.862641 0.790246 2.41608 0.853445 0.719398 0.48222 0.397403 0.370221 0.267235 0.275851 0.0975745 0.0618682
threshold=1.1540364298032351 -1.131089730525578 1.0000000180025095e-35 -1.2018160218295064 -0.98340181012624817 0.29132037676688194 0.16666499774008839 -0.31265010363323603 -0.91933068251382466 1.1129823073903073 1.01557764731833 1.5511649276842825 1.0000000180025095e-35 -1.5504005355741566 2.7053358643605336 0.51216453452776567 0.13185650191754023 1.0786535816735154 1.4214088472276922 1.2967705688443552 0.8137331024297545 0.41452540149002631 -0.076010569259752886 0.16865938296399649 2.1069193783360456 -0.18618344095573267 0.4368248712950028 -0.18119052441649083 0.4528618751155698
decision_type=2 2 2 2 2 2 2 2 2 2 2 2 2 2 2 2 2 2 2 2 2 2 2 2 2 2 2 2 2
left_child=1 16 3 -3 5 -5 -6 9 -9 12 11 27 15 25 -13 -2 22 21 19 -15 -20 -14 -1 -17 -19 -4 -27 -10 -18
right_child=7 2 13 4 6 -7 -8 8 10 -11 -12 14 17 18 -16 23 28 24 20 -21 -22 -23 -24 -25 -26 26 -28 -29 -30
leaf_value=-0.0044472847845769461 0.0047735949515616723 0.0033637522243809828 -0.0017222271739018833 -0.011239946874929803 -0.00011801056082526321 0.00045428106207666364 -0.007986409290073819 0.0090983498253678612 -0.0042110665170353402 0.015206440699463582 0.035719867085597497 0.00065405850567798365 0.0011085055863108663 2.1367641734799148e-05 -0.0081158219396789705 -0.0031961607519204512 0.0033645358187829495 -0.0014631048025964572 0.029375528858638887 0.018813514524249911 -0.0042721127090611134 0.014936466926847631 0.0028441936264150609 0.00028940332257235683 0.0036569572201135773 -0.011022084972420257 -0.0044610919143161145 -0.00023573078845347777 0.00075166366334635253
leaf_weight=11.000000000000002 8.9999999999999982 9.9999999999999982 11.999999999999998 132 364 24 198 11.999999999999998 36 14.999999999999998 10.999999999999998 65 43 1320 13.999999999999998 35 10.000000000000002 18.000000000000004 8.9999999999999982 11.999999999999998 55 7.9999999999999991 8.9999999999999982 20 11.999999999999998 34 7.9999999999999991 12.999999999999998 8.9999999999999982
leaf_count=11 9 10 12 132 364 24 198 12 36 15 11 65 43 1320 14 35 10 18 9 12 55 8 9 20 12 34 8 13 9
internal_value=-0.000680631 -0.00132478 -0.00156332 -0.00410218 -0.00452323 -0.0103953 -0.00285203 0.00388036 -0.000844185 0.00829405 -0.00303503 -0.00515797 0.00596108 -0.000282714 0.000210241 -0.00110338 0.011257 0.0114295 0.000106042 0.000504298 -0.00786894 0.0171411 0 -0.00486264 0.00110455 -0.00992599 -0.0126043 -0.0134385 0.0217422
internal_weight=2528 2217 2178 728 718 156 562 311 151 160 139 128 145 1450 79 64 39 81 1396 1332 64 51 20 55 30 54 42 49 19
internal_count=2528 2217 2178 728 718 156 562 311 151 160 139 128 145 1450 79 64 39 81 1396 1332 64 51 20 55 30 54 42 49 19
is_linear=0
shrinkage=0.0749534


Tree=41
num_leaves=37
num_cat=0
split_feature=18 0 4 3 7 6 3 13 4 4 10 2 6 10 5 9 9 10 4 6 5 10 5 6 3 6 2 5 3 2 5 12 6 5 4 2
split_gain=1.88705 1.52671 2.04054 1.20654 1.13218 1.90561 1.91417 1.14039 1.19052 1.01164 0.972298 1.07202 0.947825 0.852545 0.772149 1.38378 2.36947 0.773287 0.734945 1.58594 0.692573 0.684857 1.10855 0.658121 0.660511 0.616121 0.548092 0.473832 0.470434 0.441313 0.850058 0.469384 0.389784 0.347986 0.304947 0.145157
threshold=1.0000000180025095e-35 1.01557764731833 -0.46255576051341812 1.0074112315307975 -1.260916829823002 2.0446002391443772 1.7568963520543563 3.8747842524045359 2.0977339931117283 -1.2018160218295064 0.032867276184080162 0.51304864677905015 1.0000000180025095e-35 -0.29963821405923274 0.039872093207392406 -0.35619009699338661 -0.14476122073981187 -1.2731901806782557 -0.90963647092959699 0.51778132894849893 -0.21818845539211226 -0.0036670249358833995 -0.25718369422570342 -0.29236748054319145 -1.144368050060498 -0.16772920215985451 -0.058938097580006239 0.039872093207392406 0.38314888680578441 2.1205024577771239 -0.43869218466661714 0.35096141226961375 -0.44816532852236268 -0.38284365758627686 -0.55338443733402476 0.50527331728322411
decision_type=2 2 2 2 2 2 2 2 2 2 2 2 2 2 2 2 2 2 2 2 2 2 2 2 2 2 2 2 2 2 2 2 2 2 2 2
left_child=1 4 21 9 18 7 -7 8 -6 -2 11 20 25 -14 15 17 -17 -11 19 -1 -4 -3 -23 24 -16 32 34 -28 -9 30 -15 -31 -5 -8 -20 -25
right_child=3 2 10 12 5 6 33 28 -10 14 -12 -13 13 29 23 16 -18 -19 26 -21 -22 22 -24 35 -26 -27 27 -29 -30 31 -32 -33 -34 -35 -36 -37
leaf_value=-0.056014405565078487 0.0010027893908445512 0.033926296537841988 0.026711129164154732 0.00075961263063073936 0.00020025617636940555 0.041054163534419874 0.0076098613047665747 0.0013038004820110736 -0.0083295195810430666 0.0012419770558276429 -0.0028601009406536712 0.0514626566983266 -0.0060296533724782247 0.0013284156331645101 -0.010671684003331093 0.0016690021825906149 -0.0018330967453708286 -0.0047505748804178493 -0.020801004557241414 0.03077476114671468 -0.0047242217922090221 -0.032534607859682978 0.0099882130642516033 -0.0078677708193269774 -0.0032510539176790034 0.0061708540759783798 -6.9872087549998629e-07 -0.011677436546719934 0.03435044223068158 -0.0029298433261791506 -0.00087829900383215316 0.00076391519864785391 -0.0015098384306517826 -0.0023407980398764414 -0.013272929488353589 -0.0028987955818960153
leaf_weight=9.0000000000000018 11.999999999999998 13.000000000000002 8.0000000000000053 10.999999999999998 1231 12.999999999999998 25.999999999999996 17.000000000000004 87 8.9999999999999982 17 7.9999999999999991 13.999999999999998 10.999999999999998 32 30 271 166 45 10.999999999999998 12.999999999999998 8.0000000000000018 9.9999999999999982 66 223 13.999999999999998 46 10.999999999999998 7.9999999999999991 10.000000000000002 24 11.999999999999998 8.0000000000000018 8.0000000000000018 14.999999999999998 10.999999999999998
leaf_count=9 12 13 8 11 1231 13 26 17 87 9 17 8 14 11 32 30 271 166 45 11 13 8 10 66 223 14 46 11 8 10 24 12 8 8 15 11
internal_value=-0.000621391 0.000932141 0.0110617 -0.00331524 0.000403248 0.00104848 0.0154969 0.000514102 0.00019745 -0.00428124 0.000739954 0.00887981 0.00420872 -0.000743214 -0.00462207 -0.00265971 0.000426922 -0.00790979 -0.0060343 0.00659919 -0.000729751 0.0251439 0.0127358 -0.00739031 -0.00545211 0.0142176 -0.00829921 -0.00280864 0.0156294 0.0034388 0.0084581 -0.00452845 0.00428847 0.0050936 -0.0131719 -0.0134195
internal_weight=2528 1604 77 924 1527 1390 47 1343 1318 820 46 29 104 71 808 476 301 175 137 20 21 31 18 332 255 33 117 57 25 57 35 22 19 34 60 77
internal_count=2528 1604 77 924 1527 1390 47 1343 1318 820 46 29 104 71 808 476 301 175 137 20 21 31 18 332 255 33 117 57 25 57 35 22 19 34 60 77
is_linear=0
shrinkage=0.0749534


Tree=42
num_leaves=25
num_cat=0
split_feature=5 0 1 7 10 10 10 13 2 5 11 13 13 2 12 8 8 3 8 4 4 2 9 9
split_gain=1.3623 1.82426 2.09106 1.50699 1.38526 1.38242 1.74441 1.26437 1.15514 1.0432 1.08852 0.956512 1.10888 0.958296 0.879347 0.831251 0.770035 0.762489 0.685776 0.481855 0.756963 0.421445 0.380285 0.229039
threshold=0.039872093207392406 2.0956703239782959 -1.4759321159128549 0.34003077817665855 -1.3488139735448057 1.813961127238173 1.9394898775101421 4.3864087763499127 -1.6064999507836686 0.023774615236579002 1.2129408033694828 -0.011515132558629947 -0.18754622150785502 -0.70066877746742673 0.86351510968011858 -0.29225847774228159 -0.22426487692684852 0.77579571395543023 -0.65360012708763238 1.1953507441370903 -0.26695422524652707 -1.8743035738741409 0.71982376240534307 -0.3451051338425255
decision_type=2 2 2 2 2 2 2 2 2 2 2 2 2 2 2 2 2 2 2 2 2 2 2 2
left_child=1 4 -3 -4 14 9 -7 8 21 10 -6 12 17 -14 16 -8 18 -10 -1 20 -13 22 23 -2
right_child=7 2 3 -5 5 6 15 -9 11 -11 -12 19 13 -15 -16 -17 -18 -19 -20 -21 -22 -23 -24 -25
leaf_value=0.0003985328818986284 -0.0020559683802701696 -0.0058318283726520913 0.044386101853906519 0.00018280546013428164 -0.00065757409729171035 0.0087561178139145754 -0.0015555891318405756 0.011085596448120573 -0.0021271215875637022 0.040672944688294722 0.00098066765975822218 -0.0099628240944520143 -0.0073523960826725457 0.0072136913860175716 0.036424646456702015 0.0039804887195342238 -0.0044474783891180593 0.0015994639098610029 0.0083112741117299035 -0.014659404000738204 0.00026106078866218994 -0.017680698955355966 0.0021652996577239268 -0.013615540501812871
leaf_weight=13.999999999999998 14.000000000000002 13.999999999999998 18.000000000000004 7.9999999999999991 1319 8.9999999999999982 20 12.999999999999998 493 9.9999999999999982 228 61 11.999999999999998 22 8.9999999999999982 25 13.999999999999998 88 10.000000000000002 27 39 39 7.9999999999999991 13.999999999999998
leaf_count=14 14 14 18 8 1319 9 20 13 493 10 228 61 12 22 9 25 14 88 10 27 39 39 8 14
internal_value=-0.000710252 0.00050595 0.015845 0.027585 0.00011188 -0.000266117 0.0112533 -0.00319439 -0.00358806 -0.00068387 -0.000857591 -0.00266586 -0.0014237 0.0112589 0.0124668 0.00430806 0.00644216 -0.00221319 0.0140963 -0.00852658 -0.00583591 -0.0123147 -0.00580293 -0.00978615
internal_weight=2528 1698 40 26 1658 1611 54 830 817 1557 1547 742 615 34 47 45 38 581 24 127 100 75 36 28
internal_count=2528 1698 40 26 1658 1611 54 830 817 1557 1547 742 615 34 47 45 38 581 24 127 100 75 36 28
is_linear=0
shrinkage=0.0749534


Tree=43
num_leaves=54
num_cat=0
split_feature=18 6 1 5 5 8 13 8 3 15 5 3 8 12 2 12 3 3 5 14 4 4 15 4 6 8 4 6 13 4 4 3 0 6 2 2 15 5 4 5 6 5 2 2 2 2 8 5 13 4 8 6 2
split_gain=1.89809 1.28483 1.18137 1.06039 2.89966 1.59497 1.16616 1.0606 1.04958 1.21383 1.09908 1.06799 1.79052 0.995391 1.16501 0.988134 1.06231 0.938581 0.857293 0.828459 1.20761 1.06947 0.762162 1.50102 1.50478 1.69457 1.44951 3.02668 1.76456 1.33105 1.04381 1.54486 0.925485 0.846226 0.730766 0.673084 0.829888 0.719005 0.627055 0.534379 0.515474 0.504667 0.463406 1.09289 0.41341 0.365113 0.351267 0.252608 0.219032 0.210483 0.192477 0.0192784 8.11175e-05
threshold=1.0000000180025095e-35 -0.10541006296818604 1.0000000180025095e-35 0.13433364843686682 -0.062399897842304146 -0.17772439867318807 0.42584894298929438 -0.70167348347711922 0.010833817126537101 1.0000000180025095e-35 0.28749605085447588 0.4275359902762953 -0.14443252565839587 0.35096141226961375 -0.66466540747020042 -0.67414598255139557 1.0638929770482342 -0.81870629383252247 0.14143665816916359 -0.738224098466287 -0.42531036566000679 0.082383671959323862 0.88625919121491659 0.73798823501213617 0.14386649379848784 0.47793573350732826 0.095777543781269167 -0.35468661973485993 -0.17605962364547922 0.29116545289921342 -0.96947746718373395 -0.15938547848144871 2.0956703239782959 0.33082391137349337 0.50527331728322411 -0.074942712334490888 1.0000000180025095e-35 -0.58869489216026316 -0.79631490488780232 0.039872093207392406 -0.94671844205571054 -0.82398618589533268 -0.15659815296658627 -0.2957436717967421 1.0239687373611597 0.39855663460452212 -0.71436842502177778 -0.91167233754235621 -0.28102837947299092 -0.41420291765898437 0.19951165730379497 0.26850477218182484 -0.72541461495011539
decision_type=2 2 2 2 2 2 2 2 2 2 2 2 2 2 2 2 2 2 2 2 2 2 2 2 2 2 2 2 2 2 2 2 2 2 2 2 2 2 2 2 2 2 2 2 2 2 2 2 2 2 2 2 2
left_child=2 15 8 4 6 39 7 -3 9 19 11 12 -10 14 -11 17 42 45 -13 21 -21 -1 26 24 25 -24 30 29 -29 -28 31 -4 -32 -26 46 36 -19 -37 -8 -6 -12 -25 43 -17 -36 49 -5 -44 -15 -2 -18 -42 -43
right_child=1 3 22 34 5 -7 38 -9 10 13 40 18 -14 48 -16 16 50 35 -20 20 -22 -23 23 41 33 -27 27 28 -30 -31 32 -33 -34 -35 44 37 -38 -39 -40 -41 51 52 47 -45 -46 -47 -48 -49 -50 -51 -52 -53 -54
leaf_value=0.0019538330764052765 -0.00064535138731499676 -0.0051336664451104149 0.006337220042798266 0.00041619005648670224 0.0080998169068637986 0.0049818748276345718 0.0020291287251796163 0.00011178275776530022 0.007761652741549825 0.0035029719777975314 0.0001631121297642397 -0.00036891209710135988 -0.0065830152061455323 -0.01249516548241662 -0.013404668543050577 -0.0078974596305923621 0.0019450703401083156 0.0089104556595479539 0.047369362743064899 -0.0010293397197224186 0.0061004165496707403 -0.025444232918501408 0.01662646423136268 0.0031459721569801172 -0.0034964142119860465 0.0023650178671035999 0.021357890039861271 0.012968807898965241 -0.0084018529768134613 -0.00060495340820025082 -0.00052716140290742309 -0.003181094151716142 0.01969208103068365 0.0047716002685916498 0.0039731788186064074 0.004959964277836776 -0.00010101334835150577 -0.005681964185016355 0.00021892319874554147 -0.013003586658242101 -0.0097920040940864591 -0.0016805585651534247 -0.0053714477756555941 0.0024041308260270072 -0.0054773509064868732 -0.00015318099569915607 -0.010265285756057349 -0.011304647323350297 -0.0066517615293028645 -0.011218450525235417 1.1264661291564279e-05 -0.021574899040740204 -0.013992419473177524
leaf_weight=26 8.9999999999999982 77 46 7.9999999999999991 17.000000000000004 13.999999999999998 8.0000000000000018 185 37 35 8.9999999999999982 151 31 90 65 228 10.000000000000002 31 7.9999999999999991 50 27 40 36 8.0000000000000018 19 21 15.999999999999998 67 9.9999999999999982 169 482 40 13.999999999999998 37 7.9999999999999991 10.999999999999998 33 47 15.999999999999998 7.9999999999999991 19.000000000000004 8.0000000000000036 7.9999999999999991 17 7.9999999999999991 9.9999999999999982 33 99 23 31 7.9999999999999991 7.9999999999999991 11.999999999999996
leaf_count=26 9 77 46 8 17 14 8 185 37 35 9 151 31 90 65 228 10 31 8 50 27 40 36 8 19 21 16 67 10 169 482 40 14 37 8 11 33 47 16 8 19 8 8 17 8 10 33 99 23 31 8 8 12
internal_value=-0.00053253 -0.00323434 0.00102546 9.32892e-05 0.00176894 0.0202936 -0.000903822 -0.00240288 -0.00153514 -0.00417734 0.0020409 0.00399425 0.0116767 -0.00773234 -0.00217865 -0.00557238 -0.00774312 -0.000849977 0.000570267 0.00114823 0.00634595 -0.00490245 0.00263605 0.00769455 0.0115077 0.0198229 0.00176906 0.00637059 0.0186068 0.00109089 -0.000317849 0.007183 -0.0016508 0.00253621 -0.00911021 0.00269684 0.00786894 -0.00307206 0.0140963 0.00744438 -0.00969945 -0.00732641 -0.00866494 -0.00673249 0.00397053 -0.00925422 -0.0141874 -0.0128231 -0.0124813 -0.0123155 0.00907452 -0.0145688 -0.01327
internal_weight=2528 924 1604 382 325 39 286 262 619 356 263 227 68 213 100 542 370 172 159 143 77 66 985 141 113 57 844 262 77 185 582 86 496 56 57 122 64 58 24 25 36 28 352 245 16 50 41 107 113 40 18 27 20
internal_count=2528 924 1604 382 325 39 286 262 619 356 263 227 68 213 100 542 370 172 159 143 77 66 985 141 113 57 844 262 77 185 582 86 496 56 57 122 64 58 24 25 36 28 352 245 16 50 41 107 113 40 18 27 20
is_linear=0
shrinkage=0.0749534


Tree=44
num_leaves=31
num_cat=0
split_feature=3 2 2 4 5 4 14 18 3 10 4 1 4 3 5 17 4 5 11 10 5 4 9 9 18 13 6 6 6 3
split_gain=1.21573 1.34976 1.34858 1.10673 2.51243 1.26323 1.24154 1.18186 1.21824 1.0267 0.929926 1.55345 0.900486 0.895741 2.15963 1.24241 0.920071 0.891507 0.884631 0.875906 0.836489 0.816855 0.764293 0.553891 0.4349 0.375048 0.273555 0.220314 0.137645 0.0192784
threshold=0.10728143248212955 -1.0266085614723386 -0.74788165750901148 0.40070406158625554 -1.0237405522185019 0.11380177676635071 1.7092913388094815 1.0000000180025095e-35 -0.92770687675297647 -1.3383867685862985 -0.92824795863935117 1.0000000180025095e-35 -1.0949021080317813 -0.68306452850965205 0.38495777128076686 1.0000000180025095e-35 2.5581730392551942 2.239979907126203 1.0000000180025095e-35 -0.15606078145320249 -0.13346441081574009 -0.9145430981896886 -0.11003921845926969 0.92101795356571714 1.0000000180025095e-35 -0.2865760836820575 -0.13656963256402027 -1.0401971508432133 0.6424196073318359 0.95991372596949509
decision_type=2 2 2 2 2 2 2 2 2 2 2 2 2 2 2 2 2 2 2 2 2 2 2 2 2 2 2 2 2 2
left_child=3 29 -3 5 -5 6 10 8 -7 22 11 -1 28 16 20 -16 26 -14 -10 23 -15 -12 27 -9 -24 -18 -6 -4 -11 -2
right_child=1 2 9 4 13 7 -8 19 18 12 21 -13 17 14 15 -17 25 -19 -20 -21 -22 -23 24 -25 -26 -27 -28 -29 -30 -31
leaf_value=-0.007399133028205709 -0.011490126662047045 0.024091514622167819 -0.018495770792858898 0.0064904486083016801 -0.012018513692946268 0.035582356902648639 -0.01476732323862758 -0.0081393806709698091 -0.0029541837209016756 -0.020405222121981575 -0.0019797866207867413 0.0022039042476104005 0.00036715187810021154 -0.0014635240227306569 0.013012328670234448 -0.010343165035690287 0.0018001304283172118 -0.01049032035076352 0.0063655017839491833 0.0028393783046578064 -0.01219035326765972 -0.00083997197112200845 0.0085997334967139235 0.0050904541251765674 0.00068650639937849233 -0.0066529700381631265 -0.0045615388355504001 0.00072416859107358208 -0.0076210734389993593 -0.0082440391889633483
leaf_weight=88 19 7.9999999999999991 9.0000000000000018 14.999999999999998 171 10.999999999999998 26 23.000000000000004 20 16.000000000000004 20 151 925 69 30 9.9999999999999982 14.000000000000002 26 19 12.999999999999998 40 692 17 7.9999999999999991 14.000000000000002 7.9999999999999991 39 7.9999999999999991 10.999999999999998 8.0000000000000018
leaf_count=88 19 8 9 15 171 11 26 23 20 16 20 151 925 69 30 10 14 26 19 13 40 692 17 8 14 8 39 8 11 8
internal_value=-0.000680631 0.0012495 0.00169787 -0.00207744 -0.00545092 -0.000818925 -0.0016245 0.00736429 0.014968 0.00141956 -0.00115782 0.00286455 0.00087749 -0.0066903 -0.00209242 0.0123155 -0.0095832 0.00127574 0.00764232 -0.00157824 -0.00755002 -0.00251553 0.0118485 -0.00834923 0.018426 0.00452845 -0.0111046 -0.000879658 -0.0120256 -0.0145688
internal_weight=2528 1061 1034 1467 396 1071 977 94 50 1026 951 239 978 381 149 40 232 951 39 44 109 712 48 31 31 22 210 17 27 27
internal_count=2528 1061 1034 1467 396 1071 977 94 50 1026 951 239 978 381 149 40 232 951 39 44 109 712 48 31 31 22 210 17 27 27
is_linear=0
shrinkage=0.0749534


Tree=45
num_leaves=32
num_cat=0
split_feature=18 7 4 0 2 7 5 11 5 2 10 4 5 7 2 4 4 12 10 3 3 13 8 7 4 8 3 4 11 8 5
split_gain=1.32792 1.34876 1.31053 0.988791 1.18005 1.05353 1.65481 0.964843 1.09159 0.904983 0.940053 0.933586 0.923962 1.11673 0.909106 0.826112 0.705943 0.666816 0.710359 0.645472 0.512801 0.471775 0.55382 0.443661 0.427501 0.342687 0.528708 0.261156 0.23408 0.205892 0.192477
threshold=1.0000000180025095e-35 -1.4471529976692799 2.0977339931117283 2.0956703239782959 0.45791883845631787 0.22982680729514457 -0.3725594982938723 0.21492155102016219 0.0074507563399396513 1.2919824104524669 0.14615493393370757 -1.2018160218295064 -0.58250266309298904 -0.55868687583382248 0.98020873289177801 1.1309357272451712 -0.55338443733402476 -0.67414598255139557 0.10022334949171822 2.0414895798846913 -1.144368050060498 -0.085594816081277128 0.10422162686919206 -2.732865991286936 2.6420103893446325 -0.74531251763407413 -0.69261665081442125 0.13670606695125198 0.21492155102016219 -0.20711515132130801 -0.3725594982938723
decision_type=2 2 2 2 2 2 2 2 2 2 2 2 2 2 2 2 2 2 2 2 2 2 2 2 2 2 2 2 2 2 2
left_child=1 7 3 5 -5 15 -7 8 23 11 27 -2 13 -13 -15 -3 -9 18 -14 29 -19 22 -18 -1 25 26 -4 -11 -27 -12 -21
right_child=9 2 24 4 -6 6 -8 16 -10 10 19 12 17 14 -16 -17 21 20 -20 30 -22 -23 -24 -25 -26 28 -28 -29 -30 -31 -32
leaf_value=0.0021583566824629921 0.0017841320133053071 -0.00014800311817474344 -0.01099772252087805 -0.0036529856577428837 0.044081629169433839 0.0029460097177847993 0.00033452625324061362 -0.011352943147393735 0.040263409536161532 0.0032158227685832497 -0.0025902652150335882 -0.010507922431289821 -0.004005871325943179 0.00088692540546262766 -0.0068496405036839458 0.0044494632069505009 0.0048943525484001372 -0.0094476171366995043 0.00050981506815246365 3.3000464510746717e-05 -0.0040013100284822887 -0.013170461880888064 -0.012933863888124389 -0.023771766510493026 0.00074677163474137353 -0.018907514071584142 0.0018712817159509808 0.0029147573325371051 8.5876606324122843e-05 0.0010527880251829911 0.00091964618216834029
leaf_weight=11.999999999999998 11.999999999999998 833 12.000000000000002 12.000000000000002 9.9999999999999982 133 314 45 9.9999999999999982 7.9999999999999991 10.999999999999998 17 118 163 11.999999999999998 97 10.000000000000005 43 87 8.0000000000000018 419 8.9999999999999982 8.9999999999999982 17.000000000000004 11.999999999999998 52 8.9999999999999982 7.9999999999999991 7.9999999999999991 8.0000000000000018 9.9999999999999982
leaf_count=12 12 833 12 12 10 133 314 45 10 8 11 17 118 163 12 97 10 43 87 8 419 9 9 17 12 52 9 8 8 8 10
internal_value=-0.000651011 0.000652198 0.00125277 0.00183061 0.0167797 0.00156096 0.0045406 -0.00718846 0.00222034 -0.00291073 0.00638915 -0.00349495 -0.00380465 0.000762563 0.00263055 0.000118846 -0.0121445 -0.00511972 -0.00152764 -0.000433946 -0.00669353 -0.00240692 0.00428847 -0.00530743 -0.00724515 -0.00918467 -0.000729751 0.0202012 -0.0119721 -0.00952459 0.00907452
internal_weight=2528 1604 1492 1399 22 1377 447 112 39 924 53 871 859 192 175 930 73 667 205 37 462 28 19 29 93 81 21 16 60 19 18
internal_count=2528 1604 1492 1399 22 1377 447 112 39 924 53 871 859 192 175 930 73 667 205 37 462 28 19 29 93 81 21 16 60 19 18
is_linear=0
shrinkage=0.0749534


Tree=46
num_leaves=28
num_cat=0
split_feature=3 8 4 4 5 14 5 2 2 7 6 18 5 4 4 4 7 14 6 13 5 5 3 2 4 6 5
split_gain=1.13601 1.19636 1.17989 1.09393 1.57867 0.981166 0.870913 0.817773 1.10945 1.10954 0.783145 0.695892 0.969871 0.813304 1.97137 0.999451 0.604923 0.579602 0.78158 0.518627 0.561711 0.292274 0.267861 0.237768 0.237564 0.0234513 0.0170055
threshold=0.06138100568249566 -1.4576733354553082 -1.065849358730915 0.57999657307469099 -1.0237405522185019 1.7092913388094815 2.504600442685343 0.34367770623121402 -1.3819680303418578 -0.90894755848049369 -0.75976102448070504 1.0000000180025095e-35 -0.83414154720425004 0.93657087691537788 1.3240321065846747 -0.039950957546183691 -1.0063371141432265 -0.738224098466287 -0.82208016367237358 -0.059217687072601895 0.19901798736405313 -0.60793512424481266 0.59520866439641085 0.19188422227266425 -0.91933068251382466 0.6424196073318359 -0.73626492055430026
decision_type=2 2 2 2 2 2 2 2 2 2 2 2 2 2 2 2 2 2 2 2 2 2 2 2 2 2 2
left_child=3 -2 21 5 -5 7 19 8 10 -10 -1 13 22 15 -15 -4 -14 24 -19 20 -6 -3 -13 -21 -9 -23 -7
right_child=1 2 11 4 6 26 -8 17 9 -11 -12 12 16 14 -16 -17 -18 18 -20 23 -22 25 -24 -25 -26 -27 -28
leaf_value=-0.013331291042995373 0.001133980046887077 -0.01551411660845726 0.00062902485330560331 0.006679642958298094 -0.0044734148164439023 -0.017263373380699932 0.011723693292305834 -0.00028274949754554469 -0.0050417288948353053 0.00079730013309834617 -0.0021659825896170547 -0.0077517785883954669 -0.0043005841517283379 0.011929941069600287 0.00075217499798341811 -0.0081192734746862814 9.8595702802535841e-05 0.0077718154574544914 -0.0018532418656403676 -0.014049785200304674 -0.0080130932774659866 -0.018922732001436623 -0.0021057701552633368 -0.0060041507411956437 -0.0025683020931258076 -0.0092843311078504732 -0.01118215650641073
leaf_weight=25 10.999999999999998 12.999999999999998 508 12.999999999999998 166 8.0000000000000018 10.999999999999998 7.9999999999999991 94 661 108 22 17 37 74 69 289 15.999999999999998 102 45 105 21.000000000000004 22 17 40 7.9999999999999991 18
leaf_count=25 11 13 508 13 166 8 11 8 94 661 108 22 17 37 74 69 289 16 102 45 105 21 22 17 40 8 18
internal_value=-0.000502909 0.00131804 0.00103716 -0.00188642 -0.0054689 -0.000690941 -0.00648535 -0.000317737 0.000587401 0.0017048 -0.0056592 0.00154727 -0.00116501 0.00292862 0.00873804 0.00177575 0.000359256 -0.00510681 -0.00216421 -0.00720071 -0.00568129 -0.0109189 -0.0112555 -0.0133446 -0.0118485 -0.0148338 -0.0144224
internal_weight=2528 1091 1080 1437 357 1080 344 1054 888 755 133 1038 350 688 111 577 306 166 118 333 271 42 44 62 48 29 26
internal_count=2528 1091 1080 1437 357 1080 344 1054 888 755 133 1038 350 688 111 577 306 166 118 333 271 42 44 62 48 29 26
is_linear=0
shrinkage=0.0749534


Tree=47
num_leaves=44
num_cat=0
split_feature=18 1 9 9 9 9 7 3 8 3 7 13 13 10 3 3 5 10 11 4 3 9 10 8 4 5 3 13 2 4 4 3 10 9 11 10 10 8 2 12 10 4 9
split_gain=1.12952 0.999409 1.53205 1.2355 1.02642 1.73083 1.58397 1.08293 1.06429 1.08539 2.46137 1.0167 1.41873 1.04729 0.994214 0.866915 0.848004 1.42198 1.36599 1.28142 0.939305 0.890972 1.15096 0.797883 0.749299 1.33424 1.55346 0.734337 1.36541 0.704524 0.701861 0.889498 0.629346 0.591097 0.906922 0.540579 0.536958 0.525048 0.408623 0.225638 0.0555174 0.104544 0.0478082
threshold=1.0000000180025095e-35 1.0000000180025095e-35 -0.89318878395471668 -0.86783588974875214 -0.78160386104205093 -0.27978896165110534 1.2489999643621648 0.59520866439641085 2.1581858124231945 -0.089704673933957743 0.23836975077433117 -0.28102837947299092 -0.03931108753181594 0.75455744704735661 0.67681202699394538 0.14971832434907759 0.15114031494392058 -0.30325539505274751 -1.1823054022688861 -0.75997484494810263 1.0074112315307975 0.016024505711296655 0.36309302328875931 2.0965273603614061 -0.8257331886913889 -0.73026865548599929 -0.53639041784214958 0.29132037676688194 -0.13181993994781938 -0.51393390930867633 -0.039950957546183691 0.95236573478685627 -1.1565524859125496 -0.40867616849884181 1.0133369528996188 -0.35582062544247295 -1.2731901806782557 -0.9244777865424576 0.57846614960606291 -0.67414598255139557 1.3023706752978965 -1.0433943353064836 -1.8434538776396288
decision_type=2 2 2 2 2 2 2 2 2 2 2 2 2 2 2 2 2 2 2 2 2 2 2 2 2 2 2 2 2 2 2 2 2 2 2 2 2 2 2 2 2 2 2
left_child=1 2 29 -4 8 6 37 15 9 10 -3 13 -13 -5 -9 -7 17 24 -19 40 27 22 -20 -23 25 -2 -27 32 -29 42 31 -31 -21 36 -35 -11 -26 -6 -22 -32 -18 -42 -1
right_child=16 4 3 11 5 7 -8 14 -10 35 -12 12 -14 -15 -16 -17 19 18 21 20 38 23 -24 -25 33 26 -28 28 -30 30 39 -33 -34 34 -36 -37 -38 -39 -40 -41 41 -43 -44
leaf_value=-0.0093379142327061106 -0.0045460731793894558 -0.0093294436891259453 0.012095981678359308 -0.0031102650127270712 -0.011189256561795088 0.00075709318153126064 0.0019528555006647916 0.017555552900361048 -0.0076957611137709308 0.0096904198079566344 0.0079121518105746396 0.0052185474000002547 -0.00013003747306046645 0.0019324599212005456 0.0035780133864157194 -0.0030929180160271124 -0.014429079548886867 0.0067876805529229435 0.00056259101104918607 -0.00025299898126324865 -0.0017382852382530158 0.00041174568818705545 -0.0024819136444238126 0.0052892808051228941 0.00095190844273861 0.01060647589871609 0.00021737976116396215 0.0042365467266760075 -0.012654253861995656 0.007901070118650445 -0.0072703128666186338 -0.011620786588379296 -0.0043311769800584701 -0.0048297050559390044 0.0057432670879267057 0.0029735993169138024 -0.0080053443230630322 -0.00085068019692639797 0.002814082406740981 -0.018268531377808421 -0.047863869363765334 -0.015779163416179666 -0.011814051674219943
leaf_weight=7.9999999999999991 11.999999999999998 47 8.9999999999999982 308 33 314 12.999999999999998 18 9.9999999999999982 33 48 42 97 59 143 87 40 7.9999999999999991 65 60 9.0000000000000018 182 122 13.999999999999998 10.999999999999998 7.9999999999999991 20.000000000000004 17.000000000000004 8.9999999999999982 17.000000000000004 9.0000000000000018 11.999999999999998 136 117 9.9999999999999982 86 52 153 12.999999999999998 18 9.0000000000000018 9.9999999999999982 40
leaf_count=8 12 47 9 308 33 314 13 18 10 33 48 42 97 59 143 87 40 8 65 60 9 182 122 14 11 8 20 17 9 17 9 12 136 117 10 86 52 153 13 18 9 10 40
internal_value=-0.000502909 0.000698855 -0.00165575 3.31008e-05 0.00218062 0.000856918 -0.00510741 0.00298481 0.00661211 0.00778319 0.00171368 -0.000512766 0.00488937 -0.00258219 0.00812869 0.000878423 -0.00258713 -0.000989228 0.00175796 -0.00582225 -0.00333863 0.00101666 -0.00266174 0.00452372 -0.00563541 0.00349164 0.0122459 -0.00483452 0.00652479 -0.0098405 -0.00381808 0.00411663 -0.00641198 -0.00758542 -0.00447417 0.0124819 -0.013427 -0.00695103 0.0106541 -0.0120256 -0.01552 -0.00952459 -0.0163036
internal_weight=2528 1604 619 515 985 761 199 562 224 214 95 506 139 367 161 401 924 621 391 303 244 383 187 196 230 40 28 222 26 104 56 29 196 190 127 119 63 186 22 27 59 19 48
internal_count=2528 1604 619 515 985 761 199 562 224 214 95 506 139 367 161 401 924 621 391 303 244 383 187 196 230 40 28 222 26 104 56 29 196 190 127 119 63 186 22 27 59 19 48
is_linear=0
shrinkage=0.0749534


Tree=48
num_leaves=20
num_cat=0
split_feature=3 4 2 4 0 1 4 9 15 8 4 11 10 4 11 8 13 1 4
split_gain=1.05656 1.00043 1.0249 0.830288 0.902149 1.18372 0.780604 0.744556 0.684594 0.55382 0.497671 0.645637 0.640062 0.360768 0.332185 0.310057 0.451408 0.191465 0.0687304
threshold=-1.5596263421820107 -1.2018160218295064 -1.6064999507836686 2.0977339931117283 2.0956703239782959 -1.4759321159128549 1.8692196339919314 0.51541314845379038 0.88625919121491659 0.34794360120615048 2.5051164745240513 -0.18428614991956593 -0.41741463508245563 0.31698370310915908 1.2129408033694828 -0.33251970774758116 -0.15458596703283517 1.0000000180025095e-35 -0.039950957546183691
decision_type=2 2 2 2 2 2 2 2 2 2 2 2 2 2 2 2 2 2 2
left_child=15 8 7 4 6 -6 -4 13 -2 -9 11 -5 -12 14 -3 16 18 -10 -1
right_child=1 2 3 10 5 -7 -8 9 17 -11 12 -13 -14 -15 -16 -17 -18 -19 -20
leaf_value=0.0042386921757386958 -0.0013192743503597807 -0.013156371817175423 -6.8993149731192175e-05 -0.017064613177016404 -0.0024387028782453016 0.025042032657285489 0.0012521173876899295 -0.016502843788887819 0.0045529659004139205 0.0011971379319830899 0.0014307585402274813 -0.00040891488240088036 -0.022999222105339154 -0.0042148316533536208 -0.0066912971419927419 -0.0070762601909661153 -0.01365684553337407 0.00082590454969100411 -0.0054286186138454732
leaf_weight=8.0000000000000036 10.000000000000002 50 2117 73 18 34 38 9.0000000000000018 8 9.9999999999999982 28 41 7.9999999999999991 11.999999999999998 7.9999999999999991 24 10.999999999999998 12 9
leaf_count=8 10 50 2117 73 18 34 38 9 8 10 28 41 8 12 8 24 11 12 9
internal_value=-0.000651011 -0.000422736 -0.000596283 -0.000293163 7.55998e-05 0.00960244 -0.000164275 -0.00838139 0.0126458 0.00428847 -0.0056427 -0.00803032 0.00190642 -0.0118715 -0.0142273 -0.0109784 -0.00486667 0.0199408 0.0028043
internal_weight=2528 2476 2446 2357 2207 52 2155 89 30 19 150 114 36 70 58 52 28 20 17
internal_count=2528 2476 2446 2357 2207 52 2155 89 30 19 150 114 36 70 58 52 28 20 17
is_linear=0
shrinkage=0.0749534


Tree=49
num_leaves=32
num_cat=0
split_feature=4 1 19 9 9 15 6 9 14 2 7 6 6 8 7 2 4 6 9 8 11 14 6 4 7 15 8 4 2 15 1
split_gain=1.02619 0.858015 1.29566 1.10099 1.17992 1.01079 0.995677 1.67586 0.81093 0.773366 1.1637 0.735695 1.33677 2.4091 1.72235 1.02047 1.28859 1.20267 1.11667 1.01891 1.3868 0.995693 0.925075 1.07711 0.843278 0.684594 0.649873 0.475048 0.468577 0.203649 0.191465
threshold=-1.2018160218295064 1.0000000180025095e-35 1.0000000180025095e-35 0.81397617791231502 -0.85933666562035305 0.88625919121491659 0.48662175935266461 -0.38773313862885356 1.0000000180025095e-35 -1.3819680303418578 0.34344795556833269 -0.10541006296818604 0.050387785010985106 0.17232626139974869 -0.011084198817930598 -0.17216383322296605 1.679795300989211 -0.72860145488487082 -0.58575692104737143 -0.71436842502177778 0.61412925195989043 -0.738224098466287 -0.23004834135152297 -0.94354219281714802 0.69883440430251642 0.88625919121491659 1.082032558742797 -0.69163207376907543 -0.023849047903510546 1.0000000180025095e-35 1.0000000180025095e-35
decision_type=2 2 2 2 2 2 2 2 2 2 2 2 2 2 2 2 2 2 2 2 2 2 2 2 2 2 2 2 2 2 2
left_child=25 2 5 4 -4 9 28 -8 -6 26 -11 15 13 14 -13 22 18 -18 -17 21 -21 -14 23 -3 -24 -1 -2 -15 -7 -5 -27
right_child=1 11 3 29 8 6 7 -9 -10 10 -12 12 19 27 -16 16 17 -19 -20 20 -22 -23 24 -25 -26 30 -28 -29 -30 -31 -32
leaf_value=-0.0012203902362820766 -0.016476020602757262 0.0024900935164330869 -0.0089536235326421743 -0.0042373306524922461 0.02736016221885245 -0.017737657923615143 -0.012960841247408332 0.0058157757743821431 0.0002376275169112327 -0.0034629108000551112 0.00042301758880263515 0.019271573566684387 0.0068439775486279913 -0.015578968285092762 0.0011418486094860959 -0.0043598051942764322 -0.00039585632326967507 0.016137372839440098 -0.00055776899646441287 0.0023846435448062579 -0.00081790849581291373 -0.0013440971549430675 -0.0066893680231880949 0.00044877105203926996 0.0018116535895036973 0.0042117055709259043 0.00055465000070651542 0.00023129610621871544 -0.0068346058673329239 -0.0071785731481019853 0.00076400018560862019
leaf_weight=10.000000000000002 43 29 14.999999999999998 10.000000000000002 36 76 26 33 18 359 154 39 15.999999999999998 11.999999999999998 40 127 39 11.999999999999998 290 232 246 153 46 344 8.9999999999999982 8 7.9999999999999991 39 34 12.999999999999998 12
leaf_count=10 43 29 15 10 36 76 26 33 18 359 154 39 16 12 40 127 39 12 290 232 246 153 46 344 9 8 8 39 34 13 12
internal_value=-0.00059177 -0.000763737 -0.00273814 0.00553671 0.0102024 -0.00379403 -0.00884224 -0.000888297 0.0152351 -0.00224653 -0.0013419 0.000211534 0.00189708 0.00875784 0.0167701 -0.00124956 -0.00366083 0.00732899 -0.00504402 0.000488 0.00225864 -0.00447107 0.00138921 0.00274055 -0.00747098 0.0126458 -0.0108333 -0.00382466 -0.0129808 -0.00802889 0.0199408
internal_weight=2528 2498 825 92 69 733 169 59 54 564 513 1673 777 130 79 896 468 51 417 647 478 169 428 373 55 30 51 51 110 23 20
internal_count=2528 2498 825 92 69 733 169 59 54 564 513 1673 777 130 79 896 468 51 417 647 478 169 428 373 55 30 51 51 110 23 20
is_linear=0
shrinkage=0.0749534


Tree=50
num_leaves=42
num_cat=0
split_feature=18 5 10 13 10 4 10 14 5 2 16 5 10 13 5 4 2 2 6 7 10 7 10 5 5 4 4 16 6 5 11 12 2 13 5 7 7 7 2 2 6
split_gain=0.895117 0.891165 1.07176 0.941244 0.889964 0.855138 1.16189 1.55495 0.939234 0.901946 0.89766 0.861642 1.27227 0.944254 0.840326 0.822285 0.821467 0.984805 0.812543 0.786741 0.77247 0.715707 0.687105 0.62138 1.26916 0.605022 1.07636 0.506216 0.410454 1.0411 0.624662 0.440952 0.398246 0.395496 0.372977 0.267403 0.170559 0.160696 0.140858 0.122851 8.11175e-05
threshold=1.0000000180025095e-35 0.15114031494392058 -0.55808927493045124 2.2386096444783958 -1.1565524859125496 2.0977339931117283 -0.99938535613924373 -0.738224098466287 -1.1000833472669447 0.33308360760898698 1.0000000180025095e-35 -0.43342961991082624 -1.3457877734402814 -0.12000658494329859 0.084323041312430971 1.3980994608532036 2.5227503947050107 1.7081016852292699 -1.0090375812473789 -0.95166227587642915 0.21171830794581822 0.24605839990559988 0.59894880030640241 -0.5752718238428508 -0.68215361783426121 0.40070406158625554 -0.79631490488780232 1.0000000180025095e-35 -1.0713567204390475 0.41574487907995461 1.0000000180025095e-35 1.0000000180025095e-35 0.39855663460452212 -0.080051571772089436 0.78648853774055827 1.5864462317900536 1.6078035904880215 -0.49205191669616316 1.0064956499860467 -0.74788165750901148 0.8293770249068414
decision_type=2 2 2 2 2 2 2 2 2 2 2 2 2 2 2 2 2 2 2 2 2 2 2 2 2 2 2 2 2 2 2 2 2 2 2 2 2 2 2 2 2
left_child=5 2 14 19 15 6 7 9 10 21 20 13 -13 -9 23 34 17 -10 -17 40 -8 -1 -21 24 -2 26 36 -28 29 31 -30 -7 -25 37 -3 -31 -6 -27 -11 -36 -4
right_child=1 4 3 -5 25 28 8 11 16 38 -12 12 -14 -15 -16 18 -18 -19 -20 22 -22 -23 -24 32 -26 33 27 -29 30 35 -32 -33 -34 -35 39 -37 -38 -39 -40 -41 -42
leaf_value=0.0025540872355734774 -0.0042548935289240149 0.0014946782027531237 -0.0029399257314922495 0.0029762415733625047 -0.019448759374770638 0.00051645480856194425 0.0028107906152887003 0.015241115374226798 -0.00011722084940239718 -0.021392583140220866 -0.0043881809480960758 0.0092051874197868443 0.00020012759556014902 0.0036548024141408223 0.0040051644762547581 -4.1219399088731984e-05 -0.0096264886377657732 0.0016905633753120141 0.0073394414621367407 0.00065398683628653661 0.00019063476882360435 -0.010285974692042295 -0.00078643609159861916 -0.0073475464048041936 0.0061293905644772594 -0.0022870713480754837 9.0116161353424507e-05 -0.0063700364167212547 -0.015140425875249134 -0.0083364593296374988 0.00024462163889401445 0.011908088324279394 -0.0020076586407632015 -0.0026788846636176468 -0.015025813969053678 -0.035654108323197119 -0.01806635950790687 -0.011316672259864321 -0.00090610717701158743 -0.0029085239291933899 -0.0094017085065493805
leaf_weight=38 38 10.999999999999998 8.0000000000000018 14.999999999999998 41 15.000000000000002 14.999999999999998 26 1149 13.999999999999998 9.9999999999999982 23 73 10.999999999999998 10.999999999999998 15.000000000000002 15.999999999999998 65 7.9999999999999991 240 27 20 171 89 9.9999999999999982 13.999999999999998 94 9.9999999999999982 30 8.0000000000000018 14.999999999999998 7.9999999999999991 27 12.999999999999998 8.9999999999999947 17 10.999999999999998 50 24 27.000000000000004 11.999999999999998
leaf_count=38 38 11 8 15 41 15 15 26 1149 14 10 23 73 11 11 15 16 65 8 240 27 20 171 89 10 14 94 10 30 8 15 8 27 13 9 17 11 50 24 27 12
internal_value=-0.000651011 -0.00250622 -0.000869009 0.00108276 -0.00582225 0.000418912 0.000853228 0.00574071 -2.79236e-05 -0.00150598 0.00960244 0.0109153 0.00683413 0.0203724 -0.0057981 0.00152915 -0.00045481 -0.000214331 0.0124428 0.000385343 0.0142898 0.00431154 0.0011291 -0.00719427 0 -0.00803052 -0.00519257 -0.000688855 -0.00646007 -0.00145316 -0.0114131 0.00950018 -0.0101091 -0.0134195 -0.0041339 -0.0115369 -0.0137304 -0.0157621 -0.0101461 -0.00775119 -0.01327
internal_weight=2528 924 621 446 303 1604 1511 229 1282 96 52 133 96 37 175 70 1230 1214 23 431 42 58 411 164 48 233 156 104 93 48 45 23 116 77 47 25 52 64 38 36 20
internal_count=2528 924 621 446 303 1604 1511 229 1282 96 52 133 96 37 175 70 1230 1214 23 431 42 58 411 164 48 233 156 104 93 48 45 23 116 77 47 25 52 64 38 36 20
is_linear=0
shrinkage=0.0749534


Tree=51
num_leaves=34
num_cat=0
split_feature=0 8 14 4 4 13 5 5 13 12 4 10 8 11 11 2 2 5 5 8 4 10 8 2 2 12 5 12 4 4 6 6 2
split_gain=0.949382 1.15987 1.2949 0.942471 0.983132 0.74804 0.705552 0.660828 1.04125 0.91946 0.905604 0.832766 0.816051 0.656235 0.672773 0.631608 2.19026 0.637233 0.616324 0.584123 0.759132 0.627396 1.16763 0.870362 0.611974 0.594763 0.719415 0.579365 0.688042 0.970626 0.388501 0.376404 0.0469639
threshold=1.0000000180025095e-35 0.75869737685808669 2.933049057447366 0.40070406158625554 0.15273301029069922 4.3864087763499127 2.156821771145724 -0.22133183000763718 2.1333099362384718 -0.67414598255139557 -0.92824795863935117 -1.2511655484292141 -0.94419015810234919 1.612148504309211 2.0113562052489393 1.6905837262216423 2.2431052561450411 -1.1000833472669447 -0.47058875646631976 0.99073876124515337 2.263572539073297 -1.1059096613797432 -0.83627887818215818 -0.90488228164953088 0.56382592264061604 0.35096141226961375 0.21866618386554917 2.4011762019116332 -0.55940924562416361 -0.4490207211994785 -0.13656963256402027 -0.19888877175568878 0.43014663213905457
decision_type=2 2 2 2 2 2 2 2 2 2 2 2 2 2 2 2 2 2 2 2 2 2 2 2 2 2 2 2 2 2 2 2 2
left_child=3 2 7 4 5 15 18 8 11 12 -11 -2 -9 27 -15 17 -17 -1 -6 21 24 22 -5 -24 31 26 -23 28 30 -30 -3 -21 -27
right_child=1 13 -4 19 6 -7 -8 9 -10 10 -12 -13 -14 14 -16 16 -18 -19 -20 20 -22 25 23 -25 -26 32 -28 -29 29 -31 -32 -33 -34
leaf_value=0.00015254751033756515 0.0030579739495505721 -0.0026551046997529237 0.0073246785962728265 -0.016216693075949869 0.00085302103137002868 0.0062169982254717329 -0.0042136619548955763 -0.00093806310181355416 -0.0035901833661086337 0.0023174755655507528 -0.0021436200612365312 0.00093986456204561632 0.0037350921267306353 0.0074261241537707835 -0.0056917547420511421 0.0051775679197027247 -0.0019952212714615591 -0.0010755624135483765 0.011462860933602182 0.0048059921980230166 -0.015308339108243713 -0.0024843628488816229 -0.019838718558410857 0.0018122645236869049 -0.0079493864704937873 -0.016990871084486384 -0.0072907956361092149 0.0038049118975749382 0.010171568610347443 -0.001250033835563182 -0.011206438643770276 -0.00062521798860765479 -0.012898234183049247
leaf_weight=33 26 35 7.9999999999999991 18 9.9999999999999982 8.9999999999999982 13.999999999999998 36 18 43 239 443 148 13.000000000000002 7.9999999999999991 33 31 830 13.000000000000002 19.999999999999996 9.9999999999999982 91 8.9999999999999982 49 9.9999999999999982 39 57 11.999999999999998 18 150 32 15.000000000000002 7.9999999999999991
leaf_count=33 26 35 8 18 10 9 14 36 18 43 239 443 148 13 8 33 31 830 13 20 10 91 9 49 10 39 57 12 18 150 32 15 8
internal_value=-0.000473289 0.00101818 0.00223494 -0.00188488 -0.000709102 -0.0011963 0.0108779 0.00193987 0.00386327 -7.65619e-05 -0.00276091 0.00456719 0.00401092 -0.0033195 0.00871302 -0.00142964 0.00561375 -0.00196838 0.0183279 -0.00535752 0.00160221 -0.00677761 -0.000934649 0.00431154 0.00588695 -0.00900651 -0.00646489 -0.00442516 -0.00528003 -0.00262865 -0.011575 0.0104584 -0.0162544
internal_weight=2528 1229 961 1299 973 936 37 953 487 466 282 469 184 268 21 927 64 863 23 326 55 271 76 58 45 195 148 247 235 168 67 35 47
internal_count=2528 1229 961 1299 973 936 37 953 487 466 282 469 184 268 21 927 64 863 23 326 55 271 76 58 45 195 148 247 235 168 67 35 47
is_linear=0
shrinkage=0.0749534


Tree=52
num_leaves=31
num_cat=0
split_feature=5 12 4 3 14 3 5 9 9 9 8 8 6 3 3 4 9 9 3 7 5 8 11 6 3 6 3 5 8 8
split_gain=1.08066 1.25045 1.26731 1.55963 1.53655 1.07459 0.988783 1.0992 1.01272 0.98279 1.17476 0.883475 0.878865 0.872508 1.18969 1.01704 0.773501 0.947343 0.759973 0.737681 0.722899 0.694189 0.647222 0.593157 0.587788 0.41341 0.266298 0.0958615 0.0643182 0.00931662
threshold=-1.1000833472669447 -0.67414598255139557 0.40070406158625554 1.0638929770482342 1.7092913388094815 2.7215521245967627 1.430289428369991 0.23047649001785228 0.37826510598679258 -0.3451051338425255 -0.0074836888475316487 -0.023252272949425848 -1.1025162900348817 -0.81870629383252247 -0.62771428957652808 -0.96947746718373395 0.54972844088315587 0.4368248712950028 0.28612606986442229 -0.096513633609801433 2.3527078028413331 -0.50329542683273187 -0.18428614991956593 0.42430262016099612 0.14971832434907759 -0.074250493372351789 1.6920904454785799 -1.1559697047462236 -0.68162243918664356 -0.24997826715789098
decision_type=2 2 2 2 2 2 2 2 2 2 2 2 2 2 2 2 2 2 2 2 2 2 2 2 2 2 2 2 2 2
left_child=9 5 4 16 12 6 13 18 -9 24 27 20 29 15 -15 -2 17 -4 -8 -14 -5 -7 -18 -12 -1 -13 28 -11 -6 -3
right_child=1 2 3 11 26 21 7 8 -10 10 23 25 19 14 -16 -17 22 -19 -20 -21 -22 -23 -24 -25 -26 -27 -28 -29 -30 -31
leaf_value=0.00020452649366401937 0.012889660288851926 -0.01126698677862726 -0.0048112491769224022 0.025305713975085548 -0.00052258974356710465 0.008441996050393339 0.001888835538290152 0.0069836251855340892 0.001773495665642461 0.0016555719336792984 0.00036685863875995125 0.00025845018985433431 -0.00041499112204887689 0.0086146402025015899 0.00017931262765949081 -0.0033408664272939091 -0.010211665392876044 0.01289121940195608 -0.0072356112215381267 0.00033129443467448606 -0.00016255687726522201 0.019522758914475583 -0.00086511841035440303 -0.015792877386802913 -0.0026268017844770911 -0.0063924919006937723 0.0011717665144868781 0.005267190816032062 -0.011469666062548617 -0.0054900567494791091
leaf_weight=13.000000000000002 8.9999999999999982 8.0000000000000018 273 13.000000000000002 17 9.0000000000000018 24 8.9999999999999982 26 14.000000000000002 8.0000000000000018 7.9999999999999991 594 43 422 184 81 15.999999999999998 14.999999999999998 580 7.9999999999999991 9.9999999999999982 47 10.999999999999998 14.999999999999998 7.9999999999999991 7.9999999999999991 9.9999999999999982 30 14.999999999999998
leaf_count=13 9 8 273 13 17 9 24 9 26 14 8 8 594 43 422 184 81 16 15 580 8 10 47 11 15 8 8 10 30 15
internal_value=-0.00056215 -0.0008298 -0.00195134 -0.00533302 -0.000715705 0.00171385 0.00122242 0.0092903 0.0184594 0.00839443 0.0152118 0.00897899 -0.000139258 0.000281274 0.00204086 -0.00392211 -0.00665218 -0.0044304 0.000413019 0.000157908 0.0182929 0.0182515 -0.0114772 0.000797723 -0.00240692 -0.00397053 -0.0126877 0.025422 -0.0147394 -0.013914
internal_weight=2528 2457 1706 454 1252 751 732 74 35 71 43 37 1197 658 465 193 417 289 39 1174 21 19 128 19 28 16 55 24 47 23
internal_count=2528 2457 1706 454 1252 751 732 74 35 71 43 37 1197 658 465 193 417 289 39 1174 21 19 128 19 28 16 55 24 47 23
is_linear=0
shrinkage=0.0749534


Tree=53
num_leaves=22
num_cat=0
split_feature=4 1 11 6 4 18 0 7 5 4 6 10 10 5 5 5 5 13 4 6 5
split_gain=1.02161 0.731656 0.979638 1.79063 1.16333 0.837936 0.816461 1.5152 0.788618 0.749564 0.709947 0.690442 0.659318 0.619128 0.562427 0.345176 0.41341 0.127458 0.104251 0.0129128 0.218233
threshold=-1.2018160218295064 1.0000000180025095e-35 1.612148504309211 0.79821745531100707 -1.0850200202837006 1.0000000180025095e-35 2.0956703239782959 0.54335283298131087 -1.1000833472669447 2.6420103893446325 1.0474940120776812 0.16629724623884318 -1.5695565023727325 -0.97059567761952081 -0.68215361783426121 -0.65606319934467983 -0.43342961991082624 -0.34043383578767422 -1.0000000180025095e-35 0.2996643417776591 -0.32913989266169175
decision_type=2 2 2 2 2 2 2 2 2 2 2 2 2 2 2 2 2 2 2 2 2
left_child=15 2 4 -4 19 17 9 11 10 12 -6 18 -3 -10 -14 -1 -17 -5 -8 -2 -21
right_child=1 6 3 5 8 -7 7 -9 13 -11 -12 -13 14 -15 -16 16 -18 -19 -20 20 -22
leaf_value=0.0032594181913632118 -0.024212302685061197 -0.0064592679477123776 -0.017987357513161342 0.0017724572608090587 0.001412990980745664 -0.002086933860729646 0.050194139304919873 -0.012559329002143953 -0.013408389085576258 0.0020876721266930615 -0.0060377646338996517 0.0014359162235782486 -0.00069730728630267361 -0.0014162778764396436 7.4477758804119269e-05 -0.0032727194752450888 0.0012153058932476808 0.041038660653936083 0.036260217390863138 -0.023312531516118919 -0.0070317825402711719
leaf_weight=14.000000000000002 25 12.999999999999998 14.999999999999998 10.000000000000002 20 11.000000000000002 8.0000000000000018 7.9999999999999991 38 13.999999999999998 11.999999999999998 9.9999999999999982 322 666 1290 7.9999999999999991 7.9999999999999991 7.9999999999999991 8.0000000000000018 12.000000000000002 7.9999999999999991
leaf_count=14 25 13 15 10 20 11 8 8 38 14 12 10 322 666 1290 8 8 8 8 12 8
internal_value=-0.00056215 -0.000733761 -0.00255697 0.00802972 -0.00317892 0.0184062 0.000166798 0.0112589 -0.00243377 -7.89285e-05 0.00865061 0.0196874 -0.0002408 -0.00296839 -9.18549e-05 0.0126458 0.00397053 0.0273808 0.0283165 -0.0145709 -0.0099346
internal_weight=2528 2498 825 44 781 29 1673 34 736 1639 32 26 1625 704 1612 30 16 18 16 45 20
internal_count=2528 2498 825 44 781 29 1673 34 736 1639 32 26 1625 704 1612 30 16 18 16 45 20
is_linear=0
shrinkage=0.0749534


Tree=54
num_leaves=45
num_cat=0
split_feature=7 6 7 7 9 8 12 11 11 9 10 1 4 6 4 1 9 9 4 8 11 8 8 4 4 11 8 5 8 10 9 10 11 9 8 6 8 7 5 5 5 5 4 9
split_gain=0.814065 0.903136 1.58802 1.23805 1.79867 1.3525 1.15106 1.10885 1.05084 1.68252 1.29418 0.87539 1.50266 1.12843 1.1095 0.827123 1.14555 0.749757 0.755656 1.38174 0.689215 1.05136 0.963449 1.24196 0.855574 0.679966 0.681852 0.668936 0.652438 0.529898 0.517882 0.878821 0.850505 0.861305 0.599995 0.447367 0.252871 0.342566 0.240139 0.218233 0.13489 0.130523 0.0376147 0.0264689
threshold=-1.0063371141432265 0.45546218975683034 -0.096513633609801433 -0.21611484231842118 1.5311383129721416 -1.0573722555090628 -0.67414598255139557 1.0133369528996188 -0.18428614991956593 1.8136193907650322 1.1764130057566893 1.0000000180025095e-35 -0.92824795863935117 -0.63512274609736818 -0.88731954712355243 1.0000000180025095e-35 -0.17990562753896336 -0.24483395035923891 -0.67313318429009705 0.20985742285959644 0.21492155102016219 0.15968502983546276 -0.41395818124093192 -0.79631490488780232 -0.55338443733402476 0.8137331024297545 -0.88997497836288608 -0.80718743897874579 -0.33251970774758116 -0.50002626157100549 -0.84774096032884483 0.63459147618977874 0.8137331024297545 -0.073416220774986787 1.0368690029747964 1.4837279864193607 0.62285889867506772 -2.2911958134129646 -0.14620478637704717 -0.33359692485134973 -0.14620478637704717 0.71013087158862009 -0.18595989296504098 -0.89318878395471668
decision_type=2 2 2 2 2 2 2 2 2 2 2 2 2 2 2 2 2 2 2 2 2 2 2 2 2 2 2 2 2 2 2 2 2 2 2 2 2 2 2 2 2 2 2 2
left_child=20 6 3 4 5 -3 7 8 9 -2 -10 25 13 -13 -14 16 -5 27 35 -20 21 22 23 39 36 26 -8 -4 -29 -9 31 -26 33 -32 -34 -19 43 -38 -23 -1 -27 -31 -17 -22
right_child=1 2 17 15 -6 -7 11 29 10 -11 -12 12 14 -15 -16 42 -18 18 19 -21 24 38 -24 -25 30 40 -28 28 -30 41 32 -33 34 -35 -36 -37 37 -39 -40 -41 -42 -43 -44 -45
leaf_value=0.00034579458030574954 -0.00014323546895552865 -0.015971082667473501 -0.013184114185165742 0.0089382877886149802 0.010739219492716258 0.00065661295536539746 0.00091466050043251517 0.0012269829245586514 0.0062374336861312262 0.015492663463281981 -0.0021372494507686736 0.0038539233628382156 -0.0019755917558881135 4.8852427235340922e-05 -0.00048026578858520854 -0.0080392355841318527 -0.018584269427114379 0.0055781316900492574 0.0097645071506004353 -0.0017975484815774437 -0.029276668898015907 -0.0076141701981838131 0.02682333069557551 0.008578717480580941 0.0054648220517579706 -0.013433983424806017 -0.0034860728086312442 0.0025816395248467938 -0.011190562427408547 -0.0083641251210328123 -0.0018710061487835145 -0.0089710632546071787 -0.012424062366058366 0.025355576486286713 0.0011912801856412071 0.00075776653521207431 -0.011336194999312455 0.001676916720755388 -0.0015532276284636612 -0.017109194921746184 -0.0084419404649303253 -0.0085405417140073468 -0.0033802181805411458 -0.0099279917798765702
leaf_weight=8.0000000000000018 375 20 7.9999999999999991 8.0000000000000018 10.999999999999998 220 57 7.9999999999999991 143 17 27 39 25 98 674 30 12.999999999999998 18.000000000000004 19 22 8.9999999999999982 14.000000000000002 14.999999999999998 8.0000000000000018 13.000000000000002 12.999999999999998 309 27 12.999999999999998 20 11.999999999999998 9.9999999999999982 52 20 12.999999999999998 7.9999999999999991 8.0000000000000018 8.9999999999999982 7.9999999999999991 11.999999999999998 27 20 7.9999999999999991 40
leaf_count=8 375 20 8 8 11 220 57 8 143 17 27 39 25 98 674 30 13 18 19 22 9 14 15 8 13 13 309 27 13 20 12 10 52 20 13 8 8 9 8 12 27 20 8 40
internal_value=-0.000621391 -0.000171924 0.0029332 0.000114785 0.00243323 0.000920727 -0.00088832 0.00177186 0.00271924 0.000565948 0.00759587 -0.00219707 -0.000802616 0.00630301 -0.00221488 -0.00942346 0.0023264 0.0103547 0.0153512 0.00815281 -0.00465103 0.00192019 0.00861839 0 -0.00695103 -0.00504223 -0.00396226 0.00293821 0.00702119 -0.0088784 -0.00304688 0.00655761 -0.00544678 0.00430196 -0.0102518 0.0249525 -0.0136597 -0.00472894 -0.0106541 -0.0099346 -0.0140803 -0.0123155 -0.0157021 -0.0163509
internal_weight=2528 2277 425 310 251 240 1852 610 562 392 170 1242 836 137 699 59 21 115 67 41 251 65 43 28 186 406 366 48 40 48 120 23 97 32 65 26 66 17 22 20 40 40 38 49
internal_count=2528 2277 425 310 251 240 1852 610 562 392 170 1242 836 137 699 59 21 115 67 41 251 65 43 28 186 406 366 48 40 48 120 23 97 32 65 26 66 17 22 20 40 40 38 49
is_linear=0
shrinkage=0.0749534


Tree=55
num_leaves=36
num_cat=0
split_feature=18 7 2 2 6 13 8 5 2 11 9 2 5 13 17 9 14 11 2 13 7 7 2 5 5 10 2 10 7 2 5 9 5 10 5
split_gain=0.79169 0.929237 1.45528 1.18844 1.23409 1.09737 1.03514 1.12075 1.86636 1.06522 1.01102 1.16144 0.915189 0.850573 0.837913 0.74216 1.00997 1.15091 0.717207 0.70377 0.668484 1.32662 0.600131 0.59964 1.11386 0.850259 0.498741 0.490219 0.469389 0.406411 0.335657 0.313346 0.207456 0.175168 0.00335068
threshold=1.0000000180025095e-35 0.0205246920550619 -0.0020685219130346494 -0.098713043191178226 -0.23004834135152297 2.1766323342875986 1.735102964388338 -0.37765452972918323 -1.0266085614723386 1.0133369528996188 -0.63938653510037269 0.38892020449313286 -0.26213669610665785 1.15413037834674 2.8191998165809324 1.2218680877244652 1.0000000180025095e-35 0.8137331024297545 2.2810380511050545 -0.33306326019995919 -0.99181411022860833 -0.88246443369501359 -0.49732706524517661 0.17058159326935604 -0.045832712166879591 -1.1565524859125496 -1.1367261462900733 0.2930154028154951 -0.45446296538774017 0.33308360760898698 -0.41959897840607274 0.29363299903492251 -0.25245117209183898 0.32988356232526611 -0.61479346138693536
decision_type=2 2 2 2 2 2 2 2 2 2 2 2 2 2 2 2 2 2 2 2 2 2 2 2 2 2 2 2 2 2 2 2 2 2 2
left_child=1 3 6 15 13 12 7 8 -3 -9 29 30 -6 19 20 16 22 -18 -13 -5 31 -22 -1 24 -23 -25 -8 -28 -15 -4 -12 -2 -17 -31 -7
right_child=14 2 10 4 5 34 26 9 -10 -11 11 18 -14 28 -16 32 17 -19 -20 -21 21 23 -24 25 -26 -27 27 -29 -30 33 -32 -33 -34 -35 -36
leaf_value=-0.0016565432088443601 -0.0090814633642203255 -8.8494512693828279e-05 0.0080765487147718123 -0.000832741571400749 7.2251529455556258e-05 -0.0032215932478738582 -0.014790120037002353 0.001268255977627379 0.0082973701102637097 -0.0023735361126456982 -8.5418827917583233e-05 0.0027091304788774049 0.0072588846934970221 0.0082927287767667768 4.2703945860808582e-05 -0.014062591188982856 -0.00031761216173314814 0.0044687089938980065 -0.002943332932822619 -0.0080534986024776711 0.0054439873520547881 -0.00054744670160559235 -0.010987943255091821 0.00066356037404005435 0.00067414233617940601 -0.0051752187878766082 0.0094136300964331125 -0.0050175458703301638 -0.0038872430268246968 -0.002641669760184125 -0.024024873648005624 -0.0008078816481911855 -0.0013107381279249253 -0.0089406767204186326 -0.0081110538628457445
leaf_weight=89 24 33 10.999999999999998 142 344 8.0000000000000018 14.999999999999998 264 54 36 12.999999999999998 94 164 8.0000000000000018 14.999999999999998 31 78 13.999999999999998 7.9999999999999991 42 14.999999999999998 489 37 70 93 210 12.000000000000002 10.999999999999998 8.9999999999999982 31 20 7.9999999999999991 10.999999999999998 11.999999999999998 12.999999999999998
leaf_count=89 24 33 11 142 344 8 15 264 54 36 13 94 164 8 15 31 78 14 8 42 15 489 37 70 93 210 12 11 9 31 20 8 11 12 13
internal_value=-0.000680631 0.000325598 0.00261145 -0.00109345 0.000458285 0.00235922 0.00503729 0.00620234 0.0135951 0.00395952 -0.00282967 0.000669825 0.00308031 -0.00450465 -0.00242532 -0.00541964 -0.00356236 0.00236314 0.00464801 -0.0060207 -0.00273249 -0.00232056 -0.00786367 -0.00272932 -0.00134378 -0.00556661 -0.00644216 0.000672453 0.0105029 -0.0112533 -0.011048 -0.0129993 -0.0142898 -0.0143876 -0.013503
internal_weight=2528 1604 614 990 730 529 425 387 87 300 189 135 508 201 924 260 218 92 102 184 909 877 126 862 582 280 38 23 17 54 33 32 42 43 21
internal_count=2528 1604 614 990 730 529 425 387 87 300 189 135 508 201 924 260 218 92 102 184 909 877 126 862 582 280 38 23 17 54 33 32 42 43 21
is_linear=0
shrinkage=0.0749534


Tree=56
num_leaves=28
num_cat=0
split_feature=7 12 16 5 4 8 4 4 6 7 5 9 9 11 5 1 6 4 4 9 9 4 8 6 9 11 11
split_gain=0.848382 0.772966 1.68684 1.26007 1.0268 1.37506 0.995348 0.905698 1.76095 1.03592 0.856803 0.8444 0.802329 0.706105 1.77209 0.805533 0.97242 0.645513 0.784952 0.642367 0.522582 0.436529 0.425258 0.33716 0.320958 0.275669 0.157554
threshold=-1.260916829823002 -0.67414598255139557 1.6165153522599058 -1.1559697047462236 0.40070406158625554 -1.4576733354553082 0.095777543781269167 0.77190472394998355 -0.074250493372351789 0.507472470368725 1.430289428369991 1.4036099311888348 1.4424469391565979 0.8137331024297545 0.0074507563399396513 1.0000000180025095e-35 0.70473874652350432 1.4203422099509611 2.0977339931117283 0.74186853447891854 -0.89318878395471668 -0.55338443733402476 -0.26895375281632439 0.2996643417776591 1.1129823073903073 0.21492155102016219 -0.18428614991956593
decision_type=2 2 2 2 2 2 2 2 2 2 2 2 2 2 2 2 2 2 2 2 2 2 2 2 2 2 2
left_child=13 2 7 22 5 -5 -7 10 9 -9 12 -10 -2 14 15 21 -17 23 -19 -12 -15 26 -3 -6 -22 -4 -1
right_child=1 3 25 4 17 6 -8 8 11 -11 19 -13 -14 20 -16 16 -18 18 -20 -21 24 -23 -24 -25 -26 -27 -28
leaf_value=-0.0049924528047644292 -0.0005117854441587811 0.0016467454651454098 0.028722540021908938 0.0021576281448630469 -0.0051405336382594107 -0.00019810797054116127 0.0024893493883590967 -0.0033536530346495942 0.011685871755907559 0.001438903196497027 0.0043576913592745592 -0.0021028892762447755 0.0099288628496009227 0.0014400778782232687 0.029897870952181722 -0.0072655542503809031 0.0017345006004240763 0.00075508772533493349 -0.0056709343878595742 -0.0025223990836561643 -0.011820484059756832 0.00074197910593537422 2.3437978812912422e-05 0.00037803898918389688 -0.0055034867225229687 0.0037256925431453165 -0.018000243516061255
leaf_weight=10.999999999999998 478 13.000000000000002 11.000000000000002 10.999999999999998 196 1047 83 70 34 47 30 8.9999999999999982 47 9.9999999999999982 10.999999999999998 11.000000000000002 12.999999999999998 111 138 7.9999999999999991 42 14.999999999999998 12.999999999999998 12.999999999999998 8.9999999999999982 9.9999999999999982 37
leaf_count=11 478 13 11 11 196 1047 83 70 34 47 30 9 47 10 11 11 13 111 138 8 42 15 13 13 9 10 37
internal_value=-0.000651011 -0.000291679 0.00170482 -0.00120796 -0.00148498 -0.000277175 -0.000561157 0.00105678 0.0059874 0.00108443 -0.000361666 0.0185084 -0.00116927 -0.00590843 -0.00184901 -0.00563669 0.00560203 -0.00447282 -0.00185647 0.0101461 -0.0120788 -0.00999255 0.0144224 -0.00752416 -0.0150385 0.0214862 -0.0133335
internal_weight=2528 2369 744 1625 1599 1141 1130 723 160 117 563 43 525 159 98 87 24 458 249 38 61 63 26 209 51 21 48
internal_count=2528 2369 744 1625 1599 1141 1130 723 160 117 563 43 525 159 98 87 24 458 249 38 61 63 26 209 51 21 48
is_linear=0
shrinkage=0.0749534


Tree=57
num_leaves=36
num_cat=0
split_feature=1 5 5 3 9 6 7 3 3 10 3 10 9 3 5 15 2 0 2 6 3 2 5 10 5 4 4 10 14 4 9 6 9 3 4
split_gain=0.820052 0.985701 1.08784 1.45662 1.36733 1.73903 1.01663 0.811035 1.1424 0.871862 0.715282 0.884371 1.50004 1.01554 0.707107 0.79037 0.97183 0.732639 0.697354 0.693038 0.63798 0.626927 0.581291 0.56407 0.668951 0.532468 0.512404 0.871003 0.711707 0.624747 0.604746 0.499636 0.428303 0.425985 0.0170055
threshold=1.0000000180025095e-35 0.21866618386554917 -0.013814654424607 2.4614863987988769 -0.78160386104205093 0.23734520258599057 0.34344795556833269 0.010833817126537101 0.4275359902762953 -1.2150206533213759 -1.5596263421820107 -1.3457877734402814 -0.81994174536809383 -0.18049425577436543 1.0494725983622291 1.0000000180025095e-35 -0.35063155863749201 2.0956703239782959 0.58692141177995538 -1.0090375812473789 -1.0537142412638232 0.39855663460452212 0.69183284555995572 -0.92034280754859288 1.2872030521848528 -0.10827803855716224 -0.79631490488780232 -1.1178512548662884 1.0000000180025095e-35 2.381823035098821 0.29363299903492251 0.019228215415150855 -0.56550728126407301 -0.70792481276945163 -0.27831059057483071
decision_type=2 2 2 2 2 2 2 2 2 2 2 2 2 2 2 2 2 2 2 2 2 2 2 2 2 2 2 2 2 2 2 2 2 2 2
left_child=1 2 3 7 -4 33 23 9 -9 -1 32 12 21 20 17 16 -16 22 -7 -15 -14 -12 -13 24 -3 -19 30 29 -29 -28 -8 -17 -2 -6 -34
right_child=10 6 4 -5 5 18 26 8 -10 -11 11 14 13 19 15 31 -18 25 -20 -21 -22 -23 -24 -25 -26 -27 27 28 -30 -31 -32 -33 34 -35 -36
leaf_value=0.00065971555779455356 -0.00011719976723585311 0.0022166978058252235 0.018428817247551601 0.0044028719063223228 0.00032260007906827979 0.021009760316307899 -0.017479516970063832 0.0012349562738080938 -0.00083770002379833768 -0.0066815653307508664 0.020941768378925325 2.0153564287513124e-05 0.0014341846933707649 -0.0033665674045080785 0.013163910933483659 -0.0057290692434872675 -0.0027740785479725702 0.022724299676697778 0.0030122170393097453 0.002954651164018998 -0.005775214288932469 0.0001991619765486604 0.0016537205276126272 -0.018881805562113364 -0.0048365409078923102 -0.0092974829265903679 -0.019829709526228614 0.0012306537175123119 -0.017578818752043632 0.0031167051033816309 0.0043743448475796155 0.0023311036280245379 -0.0026572476897243715 -0.012452466255537682 -0.011312417100368871
leaf_weight=21 14.999999999999998 14.000000000000002 10.999999999999998 8.9999999999999982 17 15.000000000000002 22.000000000000004 78 171 275 9.0000000000000018 1289 26 15.999999999999998 33 58 63 16.000000000000004 7.9999999999999991 24 43 7.9999999999999991 49 52 11.999999999999998 8.9999999999999982 26 46 10.999999999999998 11.999999999999998 8.9999999999999982 8.9999999999999982 8.0000000000000018 26 18
leaf_count=21 15 14 11 9 17 15 22 78 171 275 9 1289 26 16 33 58 63 16 8 24 43 8 49 52 12 9 26 46 11 12 9 9 8 26 18
internal_value=-0.000473289 -0.00239219 -0.000914451 -0.00208486 0.0072891 0.00271314 -0.00688958 -0.00263254 0.000515202 -0.00526821 0.000474287 0.000723883 0.00669682 0.00317944 0.000219619 -0.0044067 0 0.000781031 0.0183279 0.0123155 -0.00233708 0.0259 0.000529998 -0.0134856 -0.00389226 0.0129011 -0.00261287 0.00017573 0.00595942 -0.00829414 -0.0105885 -0.0104961 -0.00901489 -0.00614588 -0.0144224
internal_weight=2528 835 631 554 77 66 204 545 249 296 1693 1652 126 109 1526 163 96 1363 23 40 69 17 1338 78 26 25 126 95 57 38 31 67 41 43 26
internal_count=2528 835 631 554 77 66 204 545 249 296 1693 1652 126 109 1526 163 96 1363 23 40 69 17 1338 78 26 25 126 95 57 38 31 67 41 43 26
is_linear=0
shrinkage=0.0749534


Tree=58
num_leaves=46
num_cat=0
split_feature=1 2 2 7 7 5 5 13 14 2 9 11 12 10 5 11 9 9 7 7 7 2 7 9 5 2 8 2 13 8 10 9 10 17 5 2 11 12 10 5 8 8 9 7 9
split_gain=0.720843 0.804256 1.09016 1.02875 1.35409 1.26845 1.2964 1.59971 0.943577 0.906052 1.13482 0.889687 0.888161 0.765003 0.617745 0.584758 0.513862 1.54246 1.6902 1.5014 1.28095 1.23247 1.14391 1.06629 1.06524 0.810656 0.778068 0.749852 0.791077 1.2211 0.702134 2.01365 1.04791 0.659367 0.807146 0.620152 0.477202 0.454985 0.433089 0.469384 0.317524 0.220314 0.187099 0.0958615 0.0214238
threshold=1.0000000180025095e-35 1.1056249656301982 2.1484175919637276 0.33148783469747195 0.43571174514355432 0.21866618386554917 -0.051895948237020796 0.12390536042666062 1.0000000180025095e-35 1.7081016852292699 1.2218680877244652 -0.18428614991956593 2.4011762019116332 -0.049970835712992746 -0.48874677041548237 -0.38389000038943 -0.81994174536809383 -0.89318878395471668 -0.80045217629481813 -1.1968447537290989 0.23836975077433117 1.2019998551281943 0.30585900425990969 -0.46672971087649046 1.0000000180025095e-35 0.34696626009948633 -1.1943677709397253 -0.88916812100965448 0.47950426480585656 -0.40701864861495524 1.813961127238173 1.4244586108551691 1.0906334468283196 1.0000000180025095e-35 -0.051895948237020796 0.96709717874701928 -0.18428614991956593 -0.67414598255139557 -0.92034280754859288 1.2872030521848528 -0.14443252565839587 -0.70167348347711922 -0.39765087737398219 -0.043547384038842389 -0.32538660933141578
decision_type=2 2 2 2 2 2 2 2 2 2 2 2 2 2 2 2 2 2 2 2 2 2 2 2 2 2 2 2 2 2 2 2 2 2 2 2 2 2 2 2 2 2 2 2 2
left_child=1 3 9 5 15 6 8 -8 -1 10 13 14 -13 -3 -6 -5 17 18 19 41 21 -20 -22 27 25 -19 35 33 37 -30 32 -32 -28 34 -18 44 -35 -29 39 -7 -11 -2 -4 -26 -25
right_child=16 2 42 4 11 38 7 -9 -10 40 -12 12 -14 -15 -16 -17 23 24 20 -21 22 -23 -24 26 43 -27 30 28 29 -31 31 -33 -34 36 -36 -37 -38 -39 -40 -41 -42 -43 -44 -45 -46
leaf_value=-0.0069194956904116449 0.0020733113614317122 0.00034604870562639391 -0.011490179105949938 0.00567354857350245 0.0017978832735792388 0.0020383161828714702 0.012343833833819791 -0.034138809885530162 5.5999747988388293e-05 0.0094619759579239546 0.014056489257420649 0.0013717944074698593 -0.015090142663694135 -0.0051837498738957705 -0.005796411966327044 0.006160218069572343 0.0060207090397918252 -0.0019340709167065639 -0.0034185076481279869 0.0059628647704771222 0.012377850910817187 0.00093778374062554644 0.00014749681031913403 -0.0066638957850664818 0.0073010537274041214 0.0053617389962639338 0.00033385896478142302 -0.00096711009780498576 0.0058111237133300943 -0.0011093101844679427 -0.0001006324825308695 0.0049546483156386054 -0.0023390003619223514 0.015048386369925009 -0.00073547627577804687 0.0057049922777011701 -0.018184885323322734 -0.005528275094595597 -0.018767295392927239 -0.00222510007172409 0.00055365203482890632 -0.0061092589838264242 -0.0037314023875822714 0.0093051889946997764 -0.013649155322813201
leaf_weight=236 8.0000000000000018 22 11.000000000000002 8.0000000000000018 20 12.000000000000002 46 11.999999999999998 127 9.0000000000000018 8.9999999999999982 75 13.999999999999998 23 111 15.999999999999998 8.0000000000000018 15.000000000000002 128 19 14.999999999999998 23 96 8.0000000000000018 10.000000000000002 13.999999999999998 941 73 11.999999999999998 21 34 8.9999999999999982 90 8.0000000000000018 11.999999999999998 7.9999999999999991 9.9999999999999982 88 50 9.9999999999999982 9.9999999999999982 8.9999999999999982 13.999999999999998 13.999999999999998 20
leaf_count=236 8 22 11 8 20 12 46 12 127 9 9 75 14 23 111 16 8 15 128 19 15 23 96 8 10 14 941 73 12 21 34 9 90 8 12 8 10 88 50 10 10 9 14 14 20
internal_value=-0.000414049 -0.00221319 0.00408705 -0.00306398 0.000905785 -0.0050267 -0.0034034 0.00679048 -0.00507149 0.00866855 0.00328966 -0.0010035 0.00469403 -0.00193971 -0.00490165 0.0169277 0.000474287 0.00301715 0.000867726 0.0155442 -0.00126925 -0.00572803 0.00477477 -0.000193925 0.0144963 0.00411663 0.000773372 -0.00478817 -0.006668 0.00365242 0.00114738 0.0102667 0.000741832 0.00459018 0.01327 -0.00969945 -0.00541326 -0.00881645 -0.0140689 -0.00452845 0.0217422 -0.000879658 -0.00880856 0.025422 -0.0147056
internal_weight=2528 835 98 737 244 493 421 58 363 73 54 220 89 45 131 24 1693 351 298 36 262 151 111 1342 53 29 1110 232 194 33 1074 43 1031 38 20 36 18 161 72 22 19 17 25 24 28
internal_count=2528 835 98 737 244 493 421 58 363 73 54 220 89 45 131 24 1693 351 298 36 262 151 111 1342 53 29 1110 232 194 33 1074 43 1031 38 20 36 18 161 72 22 19 17 25 24 28
is_linear=0
shrinkage=0.0749534


Tree=59
num_leaves=21
num_cat=0
split_feature=5 3 0 5 6 6 3 13 1 7 5 4 7 3 5 5 3 10 5 10
split_gain=0.730189 0.911975 0.76403 0.983873 1.85769 0.978369 0.949043 0.990592 0.911701 1.14296 0.782423 0.703038 0.693995 0.602922 0.503439 1.26951 0.927553 0.296055 0.173494 0.138466
threshold=-1.1714853796827731 1.0719881419609374 1.01557764731833 -0.58250266309298904 0.42430262016099612 -0.44816532852236268 1.8559099902480021 5.1440996558694012 1.1241768659879796 0.29048170599737361 3.1841538604432591 -0.10170128139405034 -1.260916829823002 0.47496839350103143 -0.21818845539211226 0.20835446363589177 2.1981503527398707 0.1485011051567631 0.24236073042078624 0.68756701453198643
decision_type=2 2 2 2 2 2 2 2 2 2 2 2 2 2 2 2 2 2 2 2
left_child=1 19 6 5 8 -4 7 10 9 -5 12 14 -2 -6 16 -16 -8 -7 -10 -1
right_child=2 -3 3 4 13 17 11 -9 18 -11 -12 -13 -14 -15 15 -17 -18 -19 -20 -21
leaf_value=0.0068605860432744484 -0.005027722824150975 -0.0015043753865332219 0.033636353049678512 -0.0011368348508067057 0.0019028157498349949 -0.00051219728900676659 0.0047555842758752196 0.011322839080901296 -0.0144322363351374 0.0075653236790599676 -0.011261856069759924 -0.013074806799393743 -0.00025974454927102044 0.024148434778504271 -0.0030100175933486153 0.0010213059515070029 0.00017979413314917647 -0.0056513491774825017 -0.0025350629853625453 0.00047220608910253543
leaf_weight=13.000000000000005 144 8.9999999999999982 7.9999999999999991 37 12.000000000000002 8.0000000000000018 43 7.9999999999999991 12.000000000000002 33 18 7.9999999999999991 2041 9.9999999999999982 35 12.999999999999998 38 21 8.9999999999999982 7.9999999999999991
leaf_count=13 144 9 8 37 12 8 43 8 12 33 18 8 2041 10 35 13 38 21 9 8
internal_value=-0.000828733 0.0103375 -0.000973567 0.00416794 0.00761304 -0.00613064 -0.00130675 -0.00168393 0.00258889 0.00670034 -0.00179199 0.00469078 -0.00165254 0.0259682 0.00611643 0 0.00963364 -0.0124522 -0.0103097 0.0182929
internal_weight=2528 30 2498 150 113 37 2348 2211 91 70 2203 137 2185 22 129 48 81 29 21 21
internal_count=2528 30 2498 150 113 37 2348 2211 91 70 2203 137 2185 22 129 48 81 29 21 21
is_linear=0
shrinkage=0.0749534


Tree=60
num_leaves=29
num_cat=0
split_feature=6 0 10 18 7 15 3 6 4 10 5 15 4 4 3 13 2 6 10 4 5 3 10 2 5 7 6 4
split_gain=0.787633 0.840293 0.838666 0.749227 1.19548 1.0841 1.11064 1.01435 2.01094 0.886536 0.729407 0.70255 0.825104 0.809441 0.761179 0.713864 0.638969 0.625415 0.574997 0.564176 0.569031 0.544782 0.316319 0.35721 0.584099 0.292958 0.274475 0.0395994
threshold=-1.1648354292265501 2.0956703239782959 0.16629724623884318 1.0000000180025095e-35 0.22982680729514457 1.0000000180025095e-35 0.57194108049591175 -0.10541006296818604 1.1309357272451712 -1.3488139735448057 -0.073949053354336686 0.88625919121491659 -0.61364297292488601 -1.2018160218295064 2.0414895798846913 -0.29945003442657964 0.51304864677905015 1.4837279864193607 -0.69541559573006884 2.5581730392551942 0.33087056517641972 0.47496839350103143 -1.3457877734402814 -0.22449256080141552 0.44688960050440735 0.011127454227954952 0.39314305056516186 1.1793166651869587
decision_type=2 2 2 2 2 2 2 2 2 2 2 2 2 2 2 2 2 2 2 2 2 2 2 2 2 2 2 2
left_child=19 3 16 4 7 9 -7 10 -9 -6 -2 14 13 -13 17 -14 18 -5 -3 20 -1 -4 23 24 -22 -24 -16 -27
right_child=1 2 21 11 5 6 -8 8 -10 -11 -12 12 15 -15 26 -17 -18 -19 -20 -21 22 -23 25 -25 -26 27 -28 -29
leaf_value=-0.012170649005684583 -0.00041988396144014025 -0.0047194601418531898 0.00015767205306165081 -0.0004430821730346519 0.0095768827910064254 0.00065309663045786098 -0.0029292392322725928 -0.00020349755728646865 0.0153566210764969 0.001778556859956961 -0.0030635030793107836 0.001323553813885308 0.0011912481374776733 -0.010520553442158926 0.0027706368894741379 -0.0034725355271057355 0.037110618845222133 -0.0016988510594892433 0.0010174311739937936 0.0013555738593129904 0.0025496280183252237 -0.0043974771868325688 0.0027619602724813157 0.00085450384517586858 -0.011124166199401644 -0.010579867074667133 -0.0014875449683606622 -0.00013500466083319403
leaf_weight=28 233 8.0000000000000018 14.000000000000002 696 25 244 49 648 39 124 129 7.9999999999999991 42 55 8.0000000000000018 18 8.9999999999999982 22 14.000000000000002 13.999999999999998 8.9999999999999982 8.9999999999999982 9.0000000000000018 13.999999999999998 34 7.9999999999999991 9.9999999999999982 7.9999999999999991
leaf_count=28 233 8 14 696 25 244 49 648 39 124 129 8 42 55 8 18 9 22 14 14 9 9 9 14 34 8 10 8
internal_value=-0.000739872 -0.000435383 0.00859873 -0.000652478 0.000362781 0.00362202 0.000945828 -0.00101427 0.000677111 0.00877267 -0.00421139 -0.00241255 -0.00760366 -0.013427 -0.00152029 -0.00117403 0.0161867 -0.00192239 0.00759127 -0.0065064 -0.00831592 -0.00214374 -0.00486118 -0.00784989 -0.0110909 0.00198767 0.0127358 -0.00397053
internal_weight=2528 2404 54 2350 1491 442 293 1049 687 149 362 859 123 63 736 60 31 718 22 124 110 23 82 57 43 25 18 16
internal_count=2528 2404 54 2350 1491 442 293 1049 687 149 362 859 123 63 736 60 31 718 22 124 110 23 82 57 43 25 18 16
is_linear=0
shrinkage=0.0749534


Tree=61
num_leaves=28
num_cat=0
split_feature=5 8 8 7 6 5 6 8 4 4 7 8 3 9 4 6 6 5 8 8 8 5 5 6 3 8 1
split_gain=0.63348 1.36146 0.949865 0.711333 1.05904 1.49413 0.719197 0.67512 0.599025 1.65223 1.32401 0.901379 0.61114 0.594825 0.38864 0.827893 1.89653 0.740817 0.593142 0.583291 0.492236 0.383386 0.379125 0.314671 0.220314 0.0442254 8.11175e-05
threshold=-1.1000833472669447 0.11789690472362062 -0.75707596240233077 -1.260916829823002 2.1069193783360456 -0.024041806608755444 2.543153352677725 -0.26895375281632439 -1.065849358730915 -1.0580943816682904 1.7581593957217145 -0.18728634455765958 -1.5596263421820107 0.80332977614271217 -0.71875707814935386 0.70473874652350432 1.016334442481847 -0.55500941399647818 -0.55684774083431698 -0.76356628920761604 -0.97883926604817206 -0.41293124081651128 -0.50161200803694039 0.20618563299015633 0.92078007455505317 1.6244915963691415 1.0000000180025095e-35
decision_type=2 2 2 2 2 2 2 2 2 2 2 2 2 2 2 2 2 2 2 2 2 2 2 2 2 2 2
left_child=1 2 24 14 8 6 -6 -4 10 -10 11 -5 -11 -3 15 26 -17 -18 19 20 -16 -8 -12 -20 -1 -25 -2
right_child=3 13 7 4 5 -7 21 -9 9 12 22 -13 -14 -15 18 16 17 -19 23 -21 -22 -23 -24 25 -26 -27 -28
leaf_value=-0.0014013234972461038 -0.03008884851073737 -0.0049946250093041052 0.0030544153334568624 -0.0009655947032446748 0.030087591762932284 0.030386785118167937 0.003365430902932788 0.0006414353049988712 0.012071152745323444 -0.0060942514487181869 0.0024008539817252264 -0.014956386494383167 -8.0799898117613615e-05 0.0018377651108512322 0.0015987605941992947 0.034900836184765444 0.0013233319767467645 -0.011267912598156774 -0.009066233290509939 0.017809422455594134 -0.027516029438260352 -0.01576929078916052 0.0015101207919911916 -0.0095623079782405571 0.00010655352666205199 -0.00412059588374937 -0.00072930053734562795
leaf_weight=9.0000000000000018 12 15.000000000000002 19.000000000000004 65 13.999999999999998 7.9999999999999991 17 11.999999999999998 9.9999999999999982 47 8.0000000000000018 67 2047 7.9999999999999991 13 8.9999999999999982 7.9999999999999991 32 7.9999999999999991 7.9999999999999991 13 9.0000000000000018 9.9999999999999982 36 7.9999999999999991 7.9999999999999991 8
leaf_count=9 12 15 19 65 14 8 17 12 10 47 8 67 2047 8 13 9 8 32 8 8 13 9 10 36 8 8 8
internal_value=-0.000502909 0.00635411 0.0133335 -0.000707899 -0.000373341 0.0103634 0.00349164 0.0206653 -0.000613803 -0.000283895 -0.00515112 -0.00779149 -0.000446134 -0.00802889 -0.00558253 -0.00128837 0.00397327 -0.00349164 -0.0088774 -0.000983413 -0.00652479 -0.00389226 0.0127358 -0.0137304 -0.000879658 -0.0160941 -0.01327
internal_weight=2528 71 48 2457 2302 48 40 31 2254 2104 150 132 2094 23 155 69 49 40 86 34 26 26 18 52 17 44 20
internal_count=2528 71 48 2457 2302 48 40 31 2254 2104 150 132 2094 23 155 69 49 40 86 34 26 26 18 52 17 44 20
is_linear=0
shrinkage=0.0749534


Tree=62
num_leaves=19
num_cat=0
split_feature=0 13 6 18 7 8 4 0 13 4 8 11 1 7 7 6 8 8
split_gain=0.724771 0.700108 0.677004 0.589587 0.81373 1.20476 0.737618 0.566906 0.752631 0.628236 0.501939 0.491255 0.544429 1.5087 0.593157 0.438889 0.166851 0.00995381
threshold=2.0956703239782959 5.1440996558694012 -1.1025162900348817 1.0000000180025095e-35 0.34771942730792599 1.735102964388338 -1.0913427656565331 1.01557764731833 -0.20195515749331702 0.42011657487689325 -1.4392481990361841 1.2129408033694828 -1.4759321159128549 0.47330069645197731 0.42887739036020484 1.4525684168235262 -0.65360012708763238 0.11789690472362062
decision_type=2 2 2 2 2 2 2 2 2 2 2 2 2 2 2 2 2 2
left_child=1 2 7 4 6 -6 -4 8 9 -1 -5 12 14 16 -2 -12 -14 -10
right_child=11 -3 3 10 5 -7 -8 -9 17 -11 15 -13 13 -15 -16 -17 -18 -19
leaf_value=0.00052795991602192784 -0.005445488170865943 0.0080304242561407332 -0.0093392562829348515 0.00022339174550262592 0.0013969607258156394 -0.0040936119630398575 -7.6471586585463254e-07 0.0084623238898764927 -0.0099331156689825492 -0.0061772375342645965 -0.0004987150246566276 -0.0029617795713906821 0.035825515455705323 -0.0065204880923395775 0.00039422310089258402 -0.0027562066056050537 0.034335107565063916 -0.009728218612802814
leaf_weight=46 11.000000000000002 8.9999999999999982 44 10.999999999999998 285 29 1088 8.9999999999999982 35 89 791 11.999999999999998 8.0000000000000018 10.999999999999998 7.9999999999999991 25 9.0000000000000018 7.9999999999999991
leaf_count=46 11 9 44 11 285 29 1088 9 35 89 791 12 8 11 8 25 9 8
internal_value=-0.000443669 -0.000643807 -0.000729865 -0.000369864 0.000542227 0.00390278 -0.000394995 -0.00503529 -0.0060132 -0.00312334 -0.00196345 0.0075945 0.0109517 0.0171654 0.000797723 -0.00219589 0.0297493 -0.0143876
internal_weight=2528 2469 2460 2273 1446 314 1132 187 178 135 827 59 47 28 19 816 17 43
internal_count=2528 2469 2460 2273 1446 314 1132 187 178 135 827 59 47 28 19 816 17 43
is_linear=0
shrinkage=0.0749534


Tree=63
num_leaves=17
num_cat=0
split_feature=5 13 10 4 4 10 4 11 11 6 4 14 5 4 4 1
split_gain=0.848546 0.711939 0.723644 0.542478 1.2619 0.605795 0.478029 0.445728 0.97654 0.656676 0.391833 0.354974 0.620763 0.0817081 0.0540513 0.00642552
threshold=-1.1000833472669447 5.1440996558694012 -1.5695565023727325 1.932918031135513 1.8692196339919314 -1.3457877734402814 0.31698370310915908 -0.18428614991956593 0.41452540149002631 -0.82208016367237358 -0.42531036566000679 1.0000000180025095e-35 -1.1714853796827731 -0.69793827907839723 -0.25871395510504908 1.0000000180025095e-35
decision_type=2 2 2 2 2 2 2 2 2 2 2 2 2 2 2 2
left_child=6 2 15 4 5 -4 10 9 -9 -5 11 12 -1 -13 -12 -2
right_child=1 -3 3 7 -6 -7 -8 8 -10 -11 14 13 -14 -15 -16 -17
leaf_value=0.00056486018920373854 -0.013247568351800028 0.0074285165573962685 0.001290176963341591 -0.0055274221242642774 0.0010602975457697239 -0.00021473254863240579 0.0044138911590359429 0.0077684566042061573 -0.0042594153120876733 -0.011764388829487066 0.0045601215268054477 0.00052989649263338035 -0.0055321417289192626 0.0026932022638587239 -0.0023752571455856715 -0.0050177811461622583
leaf_weight=12.999999999999998 8 8.9999999999999982 111 108 8.9999999999999982 2124 9.9999999999999982 20 28 26 8.0000000000000018 7.9999999999999991 15.000000000000002 7.9999999999999991 8.9999999999999982 14
leaf_count=13 8 9 111 108 9 2124 10 20 28 26 8 8 15 8 9 14
internal_value=-0.00056215 -0.000799325 -0.000886376 -0.000755516 -0.000433028 -0.000560391 0.00737427 -0.00466388 0.00145316 -0.00685348 0.00440297 0.00802972 0.00240692 0.0161435 -0.00472894 -0.0137169
internal_weight=2528 2457 2448 2426 2244 2235 71 182 48 134 61 44 28 16 17 22
internal_count=2528 2457 2448 2426 2244 2235 71 182 48 134 61 44 28 16 17 22
is_linear=0
shrinkage=0.0749534


Tree=64
num_leaves=16
num_cat=0
split_feature=13 4 4 6 0 15 8 1 15 10 10 15 10 12 10
split_gain=0.684944 0.691346 0.807937 0.931104 0.534359 0.76649 0.873589 0.636962 1.25197 0.765509 0.577249 0.515746 0.406752 0.253124 0.0363323
threshold=5.1440996558694012 -1.2018160218295064 -1.065849358730915 -0.79092059407653936 -1.1446077060016007 1.0000000180025095e-35 -0.29225847774228159 1.0000000180025095e-35 1.0000000180025095e-35 -1.5695565023727325 -0.47927178010857285 0.88625919121491659 0.2930154028154951 1.3760688070906235 -0.55142441923615526
decision_type=2 2 2 2 2 2 2 2 2 2 2 2 2 2 2
left_child=1 13 3 -3 5 10 -7 8 -6 -9 -4 12 -5 -1 -13
right_child=-2 2 4 11 7 6 -8 9 -10 -11 -12 14 -14 -15 -16
leaf_value=0.0016269695208674529 0.0068717238944521431 0.0037052358456702529 0.00028748681695231135 0.00015493174857773468 0.00024731519695917446 -0.00084876889928714829 0.012473109754362876 -0.0046416813280013656 -0.0038876160618622228 0.00012185931573542548 -0.004982702662322612 -0.023205713587547777 -0.0087146448191606444 0.00041984446002785262 -0.015201686765136172
leaf_weight=16.000000000000004 8.9999999999999982 10.999999999999998 12.999999999999998 19 275 18 31 13.999999999999998 408 1585 21 7.9999999999999991 57 13.999999999999998 29
leaf_count=16 9 11 13 19 275 18 31 14 408 1585 21 8 57 14 29
internal_value=-0.000443669 -0.000526999 -0.000668723 -0.0065064 -0.000355492 0.00546201 0.0112543 -0.00057347 -0.00248527 0.00024471 -0.00303851 -0.00858669 -0.00475529 0.0103375 -0.0156251
internal_weight=2528 2519 2489 124 2365 83 49 2282 683 1599 34 113 76 30 37
internal_count=2528 2519 2489 124 2365 83 49 2282 683 1599 34 113 76 30 37
is_linear=0
shrinkage=0.0749534


Tree=65
num_leaves=24
num_cat=0
split_feature=13 5 8 10 8 0 9 12 7 5 8 16 1 11 8 9 8 10 10 0 10 9 8
split_gain=0.676073 0.639467 0.916864 0.983748 0.843788 0.963938 0.644302 0.462444 1.13148 1.08847 1.17105 0.930941 1.16043 0.63866 1.80556 0.898945 0.648005 0.933221 0.699461 0.532468 0.302342 0.30039 8.11175e-05
threshold=5.1440996558694012 -1.0840011467426518 -0.098142366718514826 0.0077136520964310009 -0.75707596240233077 1.0000000180025095e-35 -0.78160386104205093 -0.67414598255139557 0.507472470368725 -0.42639097220074934 -0.50329542683273187 1.6165153522599058 -1.4759321159128549 1.612148504309211 -0.56235826809975387 -0.3382156374208557 -1.4576733354553082 0.13675650529988143 1.4125178880909128 1.0000000180025095e-35 -0.44901722359003121 -0.3451051338425255 1.0498510008212814
decision_type=2 2 2 2 2 2 2 2 2 2 2 2 2 2 2 2 2 2 2 2 2 2 2
left_child=1 2 4 -4 6 21 -1 8 11 -10 -11 12 -3 16 20 -16 17 -9 -18 -13 -15 -6 -5
right_child=-2 7 3 22 5 -7 -8 13 9 10 -12 19 -14 14 15 -17 18 -19 -20 -21 -22 -23 -24
leaf_value=0.00098442931799956439 0.0063566647414373982 0.0087717049434326427 0.0011220999718220916 -0.0059087824310585435 -0.00014763875938416838 0.0050463221143628358 -0.004427029898086062 -0.00028739777886353665 0.0068127681155084963 -0.0013672146264286408 0.003015643417981201 -0.00063278017324703217 -0.00066342077479424229 0.018143750946013792 -0.0020021774601745317 0.009873327671213716 -0.0003671379055281547 0.0031939673389734758 -0.00099938009342596121 0.023311163298720034 -0.0042564872695306216 0.0013095934376571284 -0.00094353920540816874
leaf_weight=8.0000000000000018 8.9999999999999982 24 11.000000000000002 12.000000000000002 9.0000000000000018 8.9999999999999982 11.999999999999998 8.0000000000000018 13.999999999999998 63 76 9.0000000000000018 537 8.9999999999999982 13.999999999999998 38 1507 10.999999999999998 77 15.999999999999998 35 12.000000000000002 7.9999999999999991
leaf_count=8 9 24 11 12 9 9 12 8 14 63 76 9 537 9 14 38 1507 11 77 16 35 12 8
internal_value=-0.000325188 -0.000408095 0.00604185 -0.00387066 0.0121111 0.0195705 0 -0.00062895 0.000932887 0.00661855 0.00435956 -0.000570428 -0.00122758 -0.0013096 0.00455064 0.0137304 -0.00166803 0.01127 -0.00184155 0.0129011 -0.00641685 0.00871302 -0.01327
internal_weight=2528 2519 81 31 50 30 20 2438 739 153 139 586 561 1699 96 52 1603 19 1584 25 44 21 20
internal_count=2528 2519 81 31 50 30 20 2438 739 153 139 586 561 1699 96 52 1603 19 1584 25 44 21 20
is_linear=0
shrinkage=0.0749534


Tree=66
num_leaves=16
num_cat=0
split_feature=13 4 4 11 6 4 4 3 14 4 9 4 5 9 6
split_gain=0.680503 0.683801 0.667251 2.05224 0.935824 0.934589 1.78605 1.68944 1.53127 0.578987 1.16348 0.890945 0.403689 0.308099 0.0687304
threshold=5.1440996558694012 -1.2018160218295064 -1.065849358730915 -0.58349385085929406 1.0786535816735154 -0.94354219281714802 -0.9625870330822931 -0.15938547848144871 1.0000000180025095e-35 -0.86868946730254171 -0.80696553348397293 -0.82932749882957124 -0.51104446484713961 0.20631162133304343 -0.47932489811819695
decision_type=2 2 2 2 2 2 2 2 2 2 2 2 2 2 2
left_child=1 13 3 -3 12 6 7 -4 -8 10 -7 -11 -5 14 -1
right_child=-2 2 5 4 -6 9 8 -9 -10 11 -12 -13 -14 -15 -16
leaf_value=0.0038650252135844585 0.0058802110293830557 0.0034550340150758889 0.00092616299840205505 -0.0034667051261860209 0.0023106274071891509 0.00072128141288832785 0.0044838432342244727 -0.00067055226398666297 0.016390736769478113 0.0034847913693392325 -0.0022093379267462184 -0.00014765177044759716 -0.012386408011642416 0.0023078987835586521 -0.00094471040008276789
leaf_weight=8.0000000000000018 8.9999999999999982 14.999999999999998 75 24 8.9999999999999982 20 10.000000000000002 76 8.9999999999999982 60 102 2013 76 12.999999999999998 9.0000000000000018
leaf_count=8 9 15 75 24 9 20 10 76 9 60 102 2013 76 13 9
internal_value=-0.000384428 -0.000467547 -0.000608555 -0.00591375 -0.00956721 -0.000323832 0.00498837 0.00206515 0.0252329 -0.000741137 -0.00570769 -0.00044162 -0.0116875 0.0103375 0.0028043
internal_weight=2528 2519 2489 124 109 2365 170 151 19 2195 122 2073 100 30 17
internal_count=2528 2519 2489 124 109 2365 170 151 19 2195 122 2073 100 30 17
is_linear=0
shrinkage=0.0749534


Tree=67
num_leaves=35
num_cat=0
split_feature=18 7 1 9 4 6 4 4 8 10 12 9 4 0 6 9 9 7 8 13 9 9 8 9 9 15 6 9 8 1 6 12 2 9
split_gain=0.874284 0.818915 1.15394 1.03823 0.672171 1.23118 1.31707 1.36058 1.1486 0.860235 0.807136 0.797804 1.44681 0.6881 0.990505 0.634682 1.19534 0.610414 0.607376 0.517173 0.645205 1.34975 0.987319 0.935781 0.780349 0.573919 0.543286 0.409319 0.374905 0.37239 0.317524 0.275284 0.13256 0.380353
threshold=1.0000000180025095e-35 0.22982680729514457 -1.4759321159128549 -1.8434538776396288 -0.55940924562416361 -0.10541006296818604 1.1309357272451712 -0.45666477035085801 -0.6681925834763297 0.44109562876467528 0.35096141226961375 1.5943184536112136 -0.92440489752143995 1.0000000180025095e-35 1.1098131512693497 -1.1261275879778223 -0.78160386104205093 0.0205246920550619 0.49879020818495784 4.755930482735903 1.616593237678726 1.2339744842072349 0.74137515444582525 0.96698680918639746 1.3305827584955294 0.88625919121491659 0.11270692420265362 1.1358255746546411 0.99073876124515337 1.0000000180025095e-35 -0.16772920215985451 0.35096141226961375 -0.19654778986787089 1.9376065079846942
decision_type=2 2 2 2 2 2 2 2 2 2 2 2 2 2 2 2 2 2 2 2 2 2 2 2 2 2 2 2 2 2 2 2 2 2
left_child=1 4 31 -4 11 9 7 -7 -8 10 -6 13 -13 17 -15 28 -17 -1 -11 20 21 23 24 26 -23 32 -2 -25 -5 -14 -24 -3 -22 -34
right_child=19 2 3 15 5 6 8 -9 -10 18 -12 12 29 14 -16 16 -18 -19 -20 -21 25 22 30 27 -26 -27 -28 -29 -30 -31 -32 -33 33 -35
leaf_value=-0.0057203668810217262 -0.00020870611712754488 -0.0021864955651621975 0.022339697400356264 -0.00183281874477716 0.00012114769962093092 0.0066274412469366599 -0.0030261122841316445 -4.548354543066933e-05 0.016221662201246888 -0.014829734188956775 -0.0065537333334736905 0.01338518553386824 -0.007390554261729367 -0.00030045234834238357 0.00055762157623741901 0.0058847228654926153 0.00057181731954727164 0.00089014157060821823 -0.0010693344906302484 0.009442532488418429 -0.0092212862171648091 0.0056555455153086001 0.0016562428405816297 -0.0058969357255627564 -0.0039504209596838797 0.00048344092940591759 -0.0010125151271685243 -0.002288252851039581 -0.0019613059756400223 0.0039363064108098589 0.013065873330736728 -0.01574712867144985 -0.0039683794457039904 0.014618498461144177
leaf_weight=194 523 8.0000000000000018 12.999999999999998 29 212 54 10.999999999999998 313 29 32 46 12.000000000000002 9 116 15.999999999999998 48 391 22 9.9999999999999982 7.9999999999999991 27 11.999999999999998 10.000000000000002 32 25 12.999999999999998 223 20 11.999999999999998 9 8.9999999999999982 18 12.000000000000002 9.9999999999999982
leaf_count=194 523 8 13 29 212 54 11 313 29 32 46 12 9 116 16 48 391 22 10 8 27 12 10 32 25 13 223 20 12 9 9 18 12 10
internal_value=-0.00059177 0.00046557 0.00290753 0.00374085 -0.000704995 0.000658023 0.00333671 0.00187216 0.015845 -0.00296831 -0.00128874 -0.00324629 0.00802929 -0.00427269 0 0.00310372 0.00394375 -0.00685423 -0.0126043 -0.00242532 -0.00260966 -0.0020547 0.00894555 -0.0028539 0.0013834 -0.0098569 -0.0021509 -0.0123544 -0.00556654 -0.00541326 0.0217422 -0.0117898 -0.0134385 -0.00759127
internal_weight=2528 1604 519 493 1085 707 407 367 40 300 258 378 30 348 132 480 439 216 42 924 916 854 56 798 37 62 746 52 41 18 19 26 49 22
internal_count=2528 1604 519 493 1085 707 407 367 40 300 258 378 30 348 132 480 439 216 42 924 916 854 56 798 37 62 746 52 41 18 19 26 49 22
is_linear=0
shrinkage=0.0749534


Tree=68
num_leaves=20
num_cat=0
split_feature=4 2 10 7 8 15 4 4 2 4 4 8 10 12 12 5 7 3 1
split_gain=1.02161 0.825005 0.71687 0.600361 1.10431 1.12354 0.992726 1.04688 0.676487 0.450708 0.497166 0.414789 0.371466 0.359743 0.259708 0.220314 0.12048 0.0852172 0.00335068
threshold=-1.2018160218295064 -1.6064999507836686 -1.5695565023727325 0.34344795556833269 1.412926094645593 1.0000000180025095e-35 -1.0770953498075544 -1.0580943816682904 -0.75709476777381479 0.095777543781269167 0.34822811930369196 -0.44644187726266371 1.4902962987819064 1.3760688070906235 1.3760688070906235 0.40137261077567693 0.77999236735479405 -0.91377560877392427 1.0000000180025095e-35
decision_type=2 2 2 2 2 2 2 2 2 2 2 2 2 2 2 2 2 2 2
left_child=11 9 18 6 5 -5 12 -8 -6 13 -11 -1 -4 16 -13 -15 17 -2 -3
right_child=1 2 3 4 8 -7 7 -9 -10 10 -12 14 -14 15 -16 -17 -18 -19 -20
leaf_value=0.011113713116339222 -0.0045854850065955239 -0.012532882693293826 -0.013772681877021239 0.0015991011157722652 -0.0067806947303845153 5.0326666521776133e-06 0.01162124839269963 -0.0001589603413545732 0.001573751897343329 0.0069785434120774913 -0.010482872917772681 0.00077706255983127131 -0.0014857882744006034 0.00044813777380901072 -0.0031219662084204934 -0.0057364538193444723 -0.01535506129114007 -0.0049852986675972006 -0.0033032716962487132
leaf_weight=9.0000000000000018 9 8 41 222 43 366 9.9999999999999982 1659 29 8.0000000000000018 13.999999999999998 11.000000000000002 17 8.0000000000000018 9.9999999999999982 8.9999999999999982 28 14 13
leaf_count=9 9 8 41 222 43 366 10 1659 29 8 14 11 17 8 10 9 28 14 13
internal_value=-0.00056215 -0.000733761 -0.000465756 -0.000336534 0.00158156 0.00266297 -0.00107171 -0.000727732 -0.00702363 -0.00768284 0.00146564 0.0126458 -0.0105089 -0.0106131 0.00551971 -0.000879658 -0.0136368 -0.00802889 -0.013503
internal_weight=2528 2498 2408 2387 660 588 1727 1669 72 90 22 30 58 68 21 17 51 23 21
internal_count=2528 2498 2408 2387 660 588 1727 1669 72 90 22 30 58 68 21 17 51 23 21
is_linear=0
shrinkage=0.0749534


Tree=69
num_leaves=31
num_cat=0
split_feature=5 2 5 12 5 5 3 3 11 16 15 2 11 8 3 8 14 7 8 7 0 5 4 4 8 8 3 3 4 3
split_gain=0.664285 1.40046 0.699226 1.57411 0.787268 1.40395 1.93336 1.83036 1.18249 1.31083 1.05477 1.64961 1.49234 0.921596 1.57527 0.86312 0.772499 0.70686 0.630076 0.580261 0.502071 0.583062 0.494494 0.42095 0.533507 1.0155 0.387499 0.298184 0.161893 0.0975639
threshold=-1.0840011467426518 -0.16731763273310926 -0.82398618589533268 1.888622504501128 -0.60793512424481266 -0.65606319934467983 0.25337241808915245 0.74024564536875281 -0.18428614991956593 1.0000000180025095e-35 0.88625919121491659 1.2019998551281943 -1.1823054022688861 0.94956349625043712 1.0841188126301304 -1.0432674950875873 -0.738224098466287 -2.4560746225612746 -0.22426487692684852 0.12987436858865678 1.0000000180025095e-35 -1.0237405522185019 -0.71390802067129389 -0.98384955891393078 -0.098142366718514826 -0.57198181406425364 -0.79133667173355382 1.5856676228349682 -0.51393390930867633 0.92078007455505317
decision_type=2 2 2 2 2 2 2 2 2 2 2 2 2 2 2 2 2 2 2 2 2 2 2 2 2 2 2 2 2 2
left_child=1 -1 3 16 5 8 26 -8 9 -4 13 12 -12 17 -15 -10 19 -6 -13 -2 27 -22 -5 -3 25 28 -7 -18 -25 -26
right_child=2 23 4 22 10 6 7 -9 15 -11 11 18 -14 14 -16 -17 20 -19 -20 -21 21 -23 -24 24 29 -27 -28 -29 -30 -31
leaf_value=0.00069056676419117734 0.0068378574599625482 0.00032925370604837553 -0.0036283762561091898 0.0091710987639676816 -0.02673191222684591 0.0045866057888794103 -0.0035839351256127376 0.0030204430383009976 -0.0097607393599193192 0.012857759330804425 0.014690623596582719 -0.0002014812523755793 -0.0030007854609178002 0.0011607488042960333 -0.002552743065238402 0.001734990163504558 -0.011193497735151173 -0.00012595742806245899 0.011332142566726364 -0.00089606213355982475 0.0066253330602957751 -0.0022852958939270254 3.5043072231969514e-05 -0.0057804829121970895 -0.0013809931720696706 0.0049044514740805324 0.019207999378646142 -0.014252039570477262 0.00043728659995544784 -0.0072101621424637248
leaf_weight=15.999999999999998 15.000000000000002 13.999999999999998 87 11 14.999999999999998 11.000000000000002 15.999999999999998 18 19 11.999999999999998 7.9999999999999991 9.0000000000000018 266 253 38 141 81 1296 12.999999999999998 8.9999999999999982 15.999999999999998 77 8 7.9999999999999956 11.000000000000005 12.999999999999998 14.999999999999998 12.999999999999998 8.0000000000000018 10.999999999999998
leaf_count=16 15 14 87 11 15 11 16 18 19 12 8 9 266 253 38 141 81 1296 13 9 16 77 8 8 11 13 15 13 8 11
internal_value=-0.00053253 0.00604185 -0.000756689 -0.00466815 -0.000345426 0.00308432 0.0131719 0.000983413 0.000638828 -0.00570876 -0.000925978 -0.00501708 -0.00663629 -0.0001625 0.003634 0.0046034 -0.00657588 -0.00101168 0.0137169 0.00560203 -0.00820002 -0.00410482 0.0147607 0.000809305 -0.00242293 0.00411663 0.027585 -0.012026 -0.0080282 -0.0106541
internal_weight=2528 81 2447 230 2217 319 60 34 259 99 1898 296 274 1602 291 160 211 1311 22 24 187 93 19 65 51 29 26 94 16 22
internal_count=2528 81 2447 230 2217 319 60 34 259 99 1898 296 274 1602 291 160 211 1311 22 24 187 93 19 65 51 29 26 94 16 22
is_linear=0
shrinkage=0.0749534


Tree=70
num_leaves=37
num_cat=0
split_feature=18 11 13 12 2 8 3 9 13 8 2 7 7 5 5 13 2 13 15 8 12 5 5 8 9 8 8 7 11 8 0 10 2 13 2 13
split_gain=1.08291 0.828444 1.02456 0.796454 0.791197 1.33126 1.50524 1.3535 1.37888 1.12739 0.948508 0.815516 0.759593 0.708292 1.10601 0.799206 1.10479 0.683798 0.679269 0.615316 0.787686 0.759233 0.609064 1.32854 0.589432 0.552785 1.07403 0.786746 0.49663 0.397365 0.350181 0.317524 0.261107 0.255492 0.0442254 0.0253695
threshold=1.0000000180025095e-35 2.2109600557188034 -0.34178311252737342 1.3760688070906235 -0.16731763273310926 -0.15090090600725856 -1.0537142412638232 0.18659530242032904 -0.15458596703283517 0.67185515024160569 -0.11540423404509814 -0.54160098887544927 -0.096513633609801433 -0.58869489216026316 -0.68215361783426121 -0.31522639260642576 -0.62557041449453632 0.52328659146806233 0.88625919121491659 -1.1489882198878958 1.0000000180025095e-35 -0.85458774881966082 0.15900289449654589 -0.0074836888475316487 -0.23218527721487556 0.94956349625043712 1.0368690029747964 0.68772857777957241 0.21492155102016219 0.52445825360189857 1.0000000180025095e-35 0.1485011051567631 -1.5768579341375364 0.018297846400106201 0.34367770623121402 -0.23556278304446773
decision_type=2 2 2 2 2 2 2 2 2 2 2 2 2 2 2 2 2 2 2 2 2 2 2 2 2 2 2 2 2 2 2 2 2 2 2 2
left_child=1 4 -3 13 5 7 9 8 -1 -7 33 -9 -8 14 15 16 -2 -17 25 21 -21 -12 32 -24 31 27 -27 -15 30 -26 -20 -16 -5 35 -34 -6
right_child=3 2 -4 22 10 6 12 11 -10 -11 19 -13 -14 18 24 17 -18 -19 28 20 -22 -23 23 -25 29 26 -28 -29 -30 -31 -32 -33 34 -35 -36 -37
leaf_value=0.0020290883977815239 0.004099102703812944 0.0041909891578509519 -0.00079160406145080018 -0.0010035936123394971 -0.026003032488205 -0.001036433343309413 -0.0096152585962091721 -0.00058958256000527659 -0.0025006747379250852 0.010852374187032644 0.029191934632128245 0.0028696271352887234 -6.6012307617046233e-05 -0.00098989872738156374 0.0033644705152214688 -0.0026939806323661012 -0.0011427727404285345 0.00056845227461520698 0.00026600278638140812 -0.00027722387691318399 0.00070904488426248326 -0.0058050882185472297 -0.016167339495938671 0.0076309150800323187 -0.0017079729817749602 0.005178257514732657 1.7612519704412877e-05 0.00028186989822464253 -0.016232349920930481 0.0018867027797330501 -0.0033746728999031676 0.00086041818157705705 -0.013851353794913429 0.00017819192217359949 -0.0024612611367242558 -0.005224768227590609
leaf_weight=163 37 16.000000000000004 13.999999999999998 8.9999999999999982 22 22 81 13.999999999999998 58 25 8.9999999999999982 72 159 368 10.000000000000002 30 75 11.999999999999998 26 562 309 62 10.000000000000002 7.9999999999999991 12.000000000000002 8.9999999999999982 103 110 28 7.9999999999999991 15.999999999999998 8.9999999999999982 36 7.9999999999999991 7.9999999999999991 8.0000000000000018
leaf_count=163 37 16 14 9 22 22 81 14 58 25 9 72 159 368 10 30 75 12 26 562 309 62 10 8 12 9 103 110 28 8 16 9 36 8 8 8
internal_value=-0.000384428 0.00079217 0.0126458 -0.00242532 0.000545747 0.00269902 -0.000965432 0.00611029 0.00292758 0.0109517 -0.000761268 0.0139606 -0.0033937 -0.00177235 0.00219659 -0.000708245 0.00260504 -0.00923354 -0.00293926 -0.000276056 0.000277043 -0.00686419 -0.00992468 0.001752 0.0130643 -0.00208469 0.00260504 -0.00319464 -0.00980306 0.00326378 -0.00417732 0.0217422 -0.0138207 -0.0119981 -0.0160941 -0.014954
internal_weight=2528 1604 30 924 1574 594 287 307 221 47 980 86 240 853 193 154 112 42 660 942 871 71 71 18 39 590 112 478 70 20 42 19 53 38 44 30
internal_count=2528 1604 30 924 1574 594 287 307 221 47 980 86 240 853 193 154 112 42 660 942 871 71 71 18 39 590 112 478 70 20 42 19 53 38 44 30
is_linear=0
shrinkage=0.0749534


Tree=71
num_leaves=20
num_cat=0
split_feature=2 9 8 10 4 12 0 10 9 4 1 8 2 8 8 9 9 4 7
split_gain=0.772625 1.04687 0.727652 1.27158 0.733732 0.682577 0.628569 0.776684 0.841536 0.756035 0.737116 0.764152 0.727602 0.402099 0.861305 0.31389 0.302522 0.0411329 8.11175e-05
threshold=-1.6064999507836686 0.51541314845379038 -1.4576733354553082 -0.68601745342419274 -1.2018160218295064 0.35096141226961375 -1.1446077060016007 -0.47927178010857285 0.81397617791231502 1.3240321065846747 1.0000000180025095e-35 -0.66147292729822549 0.16666499774008839 -0.44644187726266371 -0.75707596240233077 -1.1261275879778223 0.20631162133304343 0.34822811930369196 0.30842188730366599
decision_type=2 2 2 2 2 2 2 2 2 2 2 2 2 2 2 2 2 2 2
left_child=1 13 3 -2 16 -3 7 9 -9 -6 12 -12 -8 14 18 -5 -4 -15 -1
right_child=2 5 4 15 6 -7 10 8 -10 -11 11 -13 -14 17 -16 -17 -18 -19 -20
leaf_value=-8.6239555354737443e-05 -0.020578036729453693 -0.011592338631545202 0.00031254239656389925 4.5026437416317304e-05 0.0074275485783755809 0.00071098298416312749 -0.00027270910451960548 0.0032478748631048098 -0.01167155729125656 -0.02141064643594941 -0.00048966916893143869 0.0002004025419721125 -0.0033533796219031341 -0.0096356627661192441 0.0014521578067044412 0.009197773078894295 0.0018510616116105768 -0.0075681117877415749 -0.021488020507463811
leaf_weight=8.0000000000000018 10.000000000000002 15.000000000000002 13.000000000000002 8.0000000000000018 11.000000000000002 7.9999999999999991 434 53 15.999999999999998 7.9999999999999991 485 1122 251 33 11.999999999999998 10.999999999999998 9.9999999999999982 7.9999999999999991 11.999999999999998
leaf_count=8 10 15 13 8 11 8 434 53 16 8 485 1122 251 33 12 11 10 8 12
internal_value=-0.000325188 -0.00683413 -6.09156e-05 0.0112614 -0.000209658 0.00655761 -0.000345388 0.0057815 0.00181272 0.0182515 -0.000587304 0.000290064 -0.00264158 -0.0111514 -0.00430196 0.0217422 0.0124428 -0.0159116 -0.01327
internal_weight=2528 96 2432 29 2403 23 2380 88 69 19 2292 1607 685 73 32 19 23 41 20
internal_count=2528 96 2432 29 2403 23 2380 88 69 19 2292 1607 685 73 32 19 23 41 20
is_linear=0
shrinkage=0.0749534


Tree=72
num_leaves=24
num_cat=0
split_feature=4 18 4 3 5 5 9 15 6 10 11 7 10 7 4 13 8 8 5 9 9 8 11
split_gain=0.662162 0.601469 0.837748 0.630958 0.744728 0.633581 1.10953 0.728583 0.603663 0.942631 1.16223 0.861761 0.798874 0.704541 0.838146 0.453725 0.453586 1.40136 0.444041 0.340453 0.308099 0.478115 0.0335796
threshold=-1.2018160218295064 1.0000000180025095e-35 -1.0433943353064836 2.1689182909099038 -0.3725594982938723 -0.58250266309298904 0.96698680918639746 0.88625919121491659 -1.1648354292265501 -1.3488139735448057 -1.3819092527387502 -0.18279736274959149 -1.5260423848133715 1.0875383326055288 -0.4490207211994785 3.8747842524045359 -0.15090090600725856 -0.73035168571808906 -0.38284365758627686 -0.46672971087649046 0.20631162133304343 -0.44644187726266371 -0.38389000038943
decision_type=2 2 2 2 2 2 2 2 2 2 2 2 2 2 2 2 2 2 2 2 2 2 2
left_child=20 8 18 5 -5 6 -4 -7 11 10 -10 -2 -12 15 -15 -11 17 -13 -3 -18 21 -1 -20
right_child=1 2 3 4 -6 7 -8 -9 9 13 12 16 -14 14 -16 -17 19 -19 22 -21 -22 -23 -24
leaf_value=0.0058080788943976761 0.0018655232386739088 -0.0082534802470281745 0.00073793287714272765 -0.0031978239886196755 0.0071984041276858639 -0.00047539151848852347 -0.0037950355689917795 -0.0038745490245328468 -0.0022384062947282722 -5.2447270403156403e-05 -0.009314983696900786 -0.020016471018199578 0.010154302422061095 0.0015288337000064882 -0.00096135933708005718 0.0046514325509346872 -0.0056072300305393032 0.0020379774584163147 -0.024107363310861992 -0.011036613792571282 0.0016728816111546256 -0.013417838409770545 -0.015609050627070992
leaf_weight=8.0000000000000018 10.999999999999998 10.999999999999998 155 10.000000000000002 8.9999999999999982 587 40 65 13.999999999999998 1312 8.9999999999999947 18.999999999999996 27.000000000000004 54 50 29 7.9999999999999991 23.000000000000004 7.9999999999999991 30 12.999999999999998 9.0000000000000018 27
leaf_count=8 11 11 155 10 9 587 40 65 14 1312 9 19 27 54 50 29 8 23 8 30 13 9 27
internal_value=-0.000295567 -0.000434004 -0.00196537 -0.00142218 0.01127 -0.00174075 0.00198456 -0.00286067 0.000447252 0.000812291 0.0106827 -0.00539547 0.0174925 0.000451983 0.00632064 -1.27496e-05 -0.00815999 -0.00249191 -0.0115642 -0.0138501 0.0103375 0.0028043 -0.015459
internal_weight=2528 2498 912 866 19 847 195 652 1586 1495 50 91 36 1445 104 1341 80 42 46 38 30 17 35
internal_count=2528 2498 912 866 19 847 195 652 1586 1495 50 91 36 1445 104 1341 80 42 46 38 30 17 35
is_linear=0
shrinkage=0.0749534


Tree=73
num_leaves=30
num_cat=0
split_feature=5 5 0 6 2 10 10 6 3 4 0 15 11 6 2 2 9 5 11 15 9 7 5 12 6 6 2 9 9
split_gain=0.702443 1.07329 1.06303 1.25309 0.983753 0.916169 1.28243 0.871658 0.992651 0.848367 0.883813 0.83978 1.67341 1.024 0.842809 0.973238 0.785587 0.76427 0.666436 0.660551 0.656899 1.11068 0.537598 0.531448 0.480014 0.462891 0.270605 0.15032 0.0564592
threshold=-0.22133183000763718 -0.24459592825001847 -1.1446077060016007 -0.63512274609736818 0.18024082245911446 1.813961127238173 1.1408482110757383 1.5460471256110291 1.2157893214476356 -1.2018160218295064 1.0000000180025095e-35 0.88625919121491659 -1.1823054022688861 -0.13656963256402027 0.74161553065591068 0.67441776247489649 -0.26461032216946762 -0.27112577944575128 0.21492155102016219 0.88625919121491659 -0.76863339811635567 -0.56381264192133496 0.21866618386554917 1.3760688070906235 1.1721322904610181 -0.72860145488487082 -0.089953317207020392 -0.65403013978406432 -1.1885690769643171
decision_type=2 2 2 2 2 2 2 2 2 2 2 2 2 2 2 2 2 2 2 2 2 2 2 2 2 2 2 2 2
left_child=1 5 3 -2 26 6 9 8 27 23 -11 14 -13 28 15 16 -4 24 -15 22 21 -16 -5 -1 -8 -22 -3 -7 -14
right_child=2 4 11 19 -6 7 17 -9 -10 10 -12 12 13 18 20 -17 -18 -19 -20 -21 25 -23 -24 -25 -26 -27 -28 -29 -30
leaf_value=0.0016000755818337607 -0.001061782166888082 0.0025812234989340999 -0.00082971987011228195 0.040425079155402249 -0.0025754761708370695 0.00020674847541028835 -0.0050499085943882744 -0.002724890386087054 -0.00022654080703216349 -0.00058127529128026436 0.00058334401856845425 0.013539856926191744 -0.010973864749864136 0.0013604801983541262 0.0058659196302735632 0.018131235618922496 0.00019627078727333158 0.0028037132608619447 -0.01996946333218267 -0.0022868714516170352 -0.0041160987221756937 -0.00086515323155508838 0.0023867563473994537 0.00056730436586187392 0.0037781451295097902 -0.0012579861896653414 0.012615604662410004 0.0080953709880199828 -0.0088393624572843995
leaf_weight=13.000000000000002 10.999999999999998 14.000000000000004 344 11.000000000000002 7.9999999999999991 8.9999999999999982 93 8.9999999999999982 9.9999999999999982 574 526 7.9999999999999991 7.9999999999999991 37 9.9999999999999982 12.999999999999998 526 8.9999999999999982 26 8.0000000000000018 38 25 7.9999999999999991 13.999999999999998 12.999999999999998 87 9 14.000000000000002 53
leaf_count=13 11 14 344 11 8 9 93 9 10 574 526 8 8 37 10 13 526 9 26 8 38 25 8 14 13 87 9 14 53
internal_value=-0.000502909 0.000695703 -0.00180241 0.0101461 0.0139474 0.000348325 -2.88211e-05 0.0109189 0.0163306 0.000745141 0.00040646 -0.00221069 -0.00779149 -0.0100623 -0.0014861 -0.000569556 -0.000900202 -0.00748342 -0.00312366 0.0183836 -0.00644873 0.00245736 0.0252329 0.0132972 -0.00931357 -0.00895436 0.0212705 0.0242131 -0.0168023
internal_weight=2528 1315 1213 38 31 1284 1242 42 33 1127 1100 1175 132 124 1043 883 870 115 63 27 160 35 19 27 106 125 23 23 61
internal_count=2528 1315 1213 38 31 1284 1242 42 33 1127 1100 1175 132 124 1043 883 870 115 63 27 160 35 19 27 106 125 23 23 61
is_linear=0
shrinkage=0.0749534


Tree=74
num_leaves=25
num_cat=0
split_feature=9 5 2 7 5 6 2 9 8 8 10 6 5 8 8 9 14 5 5 18 12 3 8 18
split_gain=0.623057 1.13339 1.00167 1.08332 0.973812 0.573405 0.830404 0.934093 0.886964 0.796492 0.787861 0.782259 0.740065 0.90477 0.697984 0.665385 0.59941 0.500114 0.417552 0.366899 0.268292 0.319318 0.218233 0.176867
threshold=-1.8434538776396288 -0.84321835605418116 0.67951620494947995 0.41350009209766747 -0.39479095204944287 -1.1025162900348817 -0.034243098836209594 1.4036099311888348 -0.15090090600725856 -1.4930418562486785 -1.3457877734402814 -0.35468661973485993 1.1768908611797355 1.3536992631682623 -1.00775750926299 0.064481678529993716 1.7092913388094815 0.41574487907995461 0.78648853774055827 1.0000000180025095e-35 -0.67414598255139557 -0.15938547848144871 0.62285889867506772 1.0000000180025095e-35
decision_type=2 2 2 2 2 2 2 2 2 2 2 2 2 2 2 2 2 2 2 2 2 2 2 2
left_child=1 -1 3 20 -4 6 7 8 15 -7 11 14 16 -14 -11 -2 -12 -8 -19 -5 -3 -22 -20 -10
right_child=5 2 4 19 -6 9 17 -9 23 10 12 -13 13 -15 -16 -17 -18 18 22 -21 21 -23 -24 -25
leaf_value=0.0018997825654123595 -0.0068188353841560729 -0.010000101684077776 -0.0011608940641618674 0.020980354555925545 0.0016691444845612273 0.0033621906208939505 -0.0085452841322587632 0.0091744070895464925 -0.0068880879155795612 0.0035548158930335961 2.9045574728294961e-05 0.006534776323636679 -0.0044721745447568982 0.0012242328492557688 -0.00018586411124805549 0.0055856393165432039 -0.0005794444802320486 0.00088086605376902841 -0.031382143728114036 -0.0014406991612612254 -0.010545400960205089 0.0055078278420903149 -0.00067653256578029347 -0.00070350602116054685
leaf_weight=9.9999999999999982 41 16.999999999999996 9.0000000000000018 7.9999999999999973 8.9999999999999982 10.999999999999998 33 13.999999999999998 28 7.9999999999999991 1900 10.999999999999998 149 29 59 27 90 11.000000000000002 12.000000000000002 8 11.999999999999998 8.0000000000000053 7.9999999999999991 15.999999999999998
leaf_count=10 41 17 9 8 9 11 33 14 28 8 1900 11 149 29 59 27 90 11 12 8 12 8 8 16
internal_value=-0.000325188 0.00604185 0.00227346 -0.00301117 0.016397 -0.00054249 -0.00447002 -0.000862604 -0.00325981 -0.000206619 -0.000315969 0.00696566 -0.000586323 -0.00518256 0.00348326 0.00210434 -0.000168475 -0.0112517 -0.00387066 0.0120859 -0.00992844 -0.00326378 -0.0099346 -0.0112555
internal_weight=2528 81 71 53 18 2447 190 126 112 2257 2246 78 2168 178 67 68 1990 64 31 16 37 20 20 44
internal_count=2528 81 71 53 18 2447 190 126 112 2257 2246 78 2168 178 67 68 1990 64 31 16 37 20 20 44
is_linear=0
shrinkage=0.0749534


Tree=75
num_leaves=48
num_cat=0
split_feature=1 9 9 9 12 6 4 8 6 8 13 9 8 2 2 12 8 5 6 2 5 4 15 6 4 5 10 6 10 10 6 4 5 6 6 13 13 6 9 4 5 2 4 6 4 6 4
split_gain=0.606096 0.720476 1.8843 1.83446 1.45171 1.44747 1.43049 1.10576 1.61503 1.04131 0.947877 0.917802 0.907146 1.0771 0.986879 0.836219 1.02613 0.938248 0.761544 0.73213 0.664951 1.76755 1.63693 1.10182 2.26646 0.653924 0.648367 0.600462 2.04759 1.63155 1.05171 1.00969 0.845841 0.790163 0.704131 1.21125 0.601012 0.512778 0.44753 0.433133 0.386641 0.379125 0.303379 0.285389 0.201936 0.0892723 0.0335796
threshold=1.0000000180025095e-35 -0.81994174536809383 -0.88317126183255279 -0.44985347741191911 2.4011762019116332 1.390249277631858 -0.67313318429009705 -1.0013789984630945 -0.88439930286404211 1.2814220412642245 -0.17605962364547922 -1.0872827587941531 -0.37902019644877377 -0.26178972458037325 1.1813001981504991 0.35096141226961375 -0.84974589241663356 1.1484784438646101 -0.47932489811819695 1.1279736455618929 -0.60793512424481266 -0.13258898762296323 0.88625919121491659 0.33082391137349337 -0.55940924562416361 -1.1559697047462236 0.35415271937508069 0.45546218975683034 0.12159773096610051 0.4300227542787099 1.2032918600568523 0.12445874471937521 -0.30461850286022202 2.3717757199006368 -0.63512274609736818 -0.26019503126378274 -0.32987112572679234 1.0000000180025095e-35 -0.17990562753896336 -0.36830390237170102 -0.12806780338535581 -0.38588882574775102 0.18075671276451433 -0.54164403730986543 1.5597476358001672 -0.32352705013902566 -0.18127506143673786
decision_type=2 2 2 2 2 2 2 2 2 2 2 2 2 2 2 2 2 2 2 2 2 2 2 2 2 2 2 2 2 2 2 2 2 2 2 2 2 2 2 2 2 2 2 2 2 2 2
left_child=20 2 5 4 9 12 -4 8 -5 26 42 -7 13 -2 -14 16 -9 -17 -11 -10 21 22 23 24 -1 -25 -3 29 40 34 32 45 -30 -32 36 -36 -22 38 43 41 46 -24 -8 -23 -40 -31 -29
right_child=1 3 6 7 -6 11 10 15 19 18 -12 -13 14 -15 -16 17 -18 -19 -20 -21 27 37 39 25 -26 -27 -28 28 30 31 33 -33 -34 -35 35 -37 -38 -39 44 -41 -42 -43 -44 -45 -46 -47 -48
leaf_value=-0.00028852117337577383 0.0028567254327932674 -0.00068045907895156567 -0.0047468695895037313 0.003371294476208599 0.0064042912645901999 0.0013627048557236 0.0071863292137608649 0.005515212990248524 -0.0050928791297211833 0.0051130332081391503 -0.000645148265863865 3.5103246754867399e-05 -0.0031526283316991319 -0.00011734274366906509 0.0011320584270957746 0.00080688534146943619 -8.7227622986244538e-05 -0.011447855166401628 -0.00045391431280209052 0.0025675310064243047 -0.00078047850996741468 0.001245620289543242 0.0063280505111647876 0.0075989203335670805 0.013499545741212612 -0.0029156974057064724 -0.0023803934185168615 -0.020668887557512311 0.00097643678108837802 -0.013123593054800788 -0.017175348486743621 0.0013853186067054211 0.0070093608571237523 0.029301626678855438 -0.0021114749730156311 0.0045864444020073314 -0.0133889627627479 -0.015713338561837462 -0.0074866241583470897 0.010679268799092683 0.00016396595690107259 -0.0061139914335043436 0.0098765924838000625 -0.0011105184634682594 -0.0067868149753041026 -0.010900014944487264 -0.0080359983473603964
leaf_weight=26 53 144 8.9999999999999982 11.999999999999998 7.9999999999999991 10.000000000000002 15.999999999999998 60 56 10.000000000000002 8.0000000000000018 12.999999999999998 108 110 9.9999999999999982 245 705 9.9999999999999982 7.9999999999999991 7.9999999999999991 120 8.0000000000000018 10.000000000000004 7.9999999999999991 21 66 76 26.999999999999996 38 24 15.000000000000002 9.9999999999999982 39 9.9999999999999982 120 46 68 23 12.000000000000002 7.9999999999999991 11.999999999999998 8 13.999999999999998 9.9999999999999982 13.999999999999998 84 8.0000000000000018
leaf_count=26 53 144 9 12 8 10 16 60 56 10 8 13 108 110 10 245 705 10 8 8 120 8 10 8 21 66 76 27 38 24 15 10 39 10 120 46 68 23 12 8 12 8 14 10 14 84 8
internal_value=-0.000384428 0.000430079 0.00344124 -0.000361173 -0.0061775 0.00121759 0.017012 0.000953814 -0.00762077 -0.00731809 0.02311 0.0183279 -0.000324837 0.00327429 -0.00527504 0.00161116 0.000364138 0.00530656 0.00907452 -0.0123793 -0.00203419 0.00155069 0.00613205 0.00226339 0.0109517 -0.00340945 -0.00875247 -0.0032734 0.000855332 -0.0045778 0.00680036 -0.0121188 0.0110617 -0.0060802 -0.001993 0.0015476 -0.00510723 -0.00833831 -0.00319111 0.0223199 -0.0117092 0.0127358 0.0288035 0.00541326 -0.00915731 -0.0142336 -0.015459
internal_weight=2528 1693 351 1342 246 304 47 1096 76 238 38 23 281 163 118 1020 765 255 18 64 835 214 147 121 47 74 220 621 149 472 102 118 77 25 354 166 188 67 44 26 47 18 30 18 26 108 35
internal_count=2528 1693 351 1342 246 304 47 1096 76 238 38 23 281 163 118 1020 765 255 18 64 835 214 147 121 47 74 220 621 149 472 102 118 77 25 354 166 188 67 44 26 47 18 30 18 26 108 35
is_linear=0
shrinkage=0.0749534


Tree=76
num_leaves=39
num_cat=0
split_feature=18 11 7 1 9 4 8 5 5 17 5 10 17 2 9 9 9 2 8 7 2 5 8 9 10 10 9 11 8 9 11 5 12 7 2 8 8 2
split_gain=0.947148 0.835031 0.816094 1.16197 0.905173 1.30649 1.09765 0.794584 1.04238 1.13702 0.81253 0.796042 0.851945 1.31653 1.31237 0.769245 0.829136 0.764354 0.761413 0.734484 1.18616 0.699019 0.545822 1.12268 0.611193 1.2259 0.865721 0.530397 0.691209 0.511579 0.499854 0.382641 0.275284 0.218233 0.169723 0.164117 0.0866706 0.0501608
threshold=1.0000000180025095e-35 2.2109600557188034 0.22982680729514457 -1.4759321159128549 1.1129823073903073 -0.4490207211994785 1.6244915963691415 0.14143665816916359 -0.045832712166879591 1.0000000180025095e-35 0.42814310094508806 -0.30325539505274751 1.0000000180025095e-35 -0.71712732274200242 1.1490988381869585 -0.5012015789967228 -0.66471179592159524 0.53077522000538968 -1.2781468871302049 0.052133582928053306 -0.69270709268711173 0.78648853774055827 -1.4576733354553082 -1.1261275879778223 -0.9959362496524331 -1.1565524859125496 1.1358255746546411 1.0000000180025095e-35 -0.14443252565839587 -1.2608443780645346 1.0133369528996188 0.012475990670750352 0.35096141226961375 -0.77994911194476824 -1.8743035738741409 0.74137515444582525 -0.5398630235360079 -1.0926664455981683
decision_type=2 2 2 2 2 2 2 2 2 2 2 2 2 2 2 2 2 2 2 2 2 2 2 2 2 2 2 2 2 2 2 2 2 2 2 2 2 2
left_child=1 2 22 32 6 -6 -5 8 11 19 29 18 13 -13 -14 16 21 36 -2 33 -21 -12 23 -1 25 -24 -26 28 -17 -9 -20 -11 -4 -10 -29 37 -3 -31
right_child=7 17 3 4 5 -7 -8 10 9 31 15 12 14 -15 -16 27 -18 -19 30 20 -22 -23 24 -25 26 -27 -28 34 -30 35 -32 -33 -34 -35 -36 -37 -38 -39
leaf_value=-0.010291078901775996 0.0038089097277272418 0.00017026482786997407 -0.0020848854221617256 0.00077054451528877754 0.010983022059120029 -0.00018758330819582559 -0.0051278181805114904 0.0033507395884009973 -0.00028852224495408586 0.00070239172854479873 0.0024378740245816159 0.0016910729791114829 -0.001323108453627239 6.6476886170831774e-06 0.0067249249263503369 -0.0039909492841181315 0.0015281684362094176 -0.00013961237768320074 -0.004051028535944242 -0.0053686440198462363 0.004102017802236793 -0.0020560227552983879 -0.0046462121772349908 0.007154821071556002 -0.00012780623940402373 0.0031044169089084546 -0.0023183305665491869 -0.0074468134224982456 0.0002350638769201091 -0.0017283134722264541 0.00015384150536746589 0.0011672444392811627 -0.012674997583353323 -0.0069144546145137814 -0.0066874823370748323 -0.0018826500358350357 0.0035246552226306138 -0.0056108382629499864
leaf_weight=7.9999999999999991 7.9999999999999991 9.0000000000000018 8.0000000000000018 386 34 34 31 9.9999999999999982 8.0000000000000018 13.000000000000002 15.999999999999998 36 91 185 14.999999999999998 49 9.9999999999999982 12.999999999999998 170 17 30 45 50 7.9999999999999991 801 75 121 8.9999999999999982 59 7.9999999999999991 19 10.999999999999998 18 11.999999999999998 48 11.999999999999998 8.0000000000000018 43
leaf_count=8 8 9 8 386 34 34 31 10 8 13 16 36 91 185 15 49 10 13 170 17 30 45 50 8 801 75 121 9 59 8 19 11 18 12 48 12 8 43
internal_value=-0.000354808 0.000745512 0.000498202 0.00295283 0.00380224 0.0116767 0.00245308 -0.00226352 -0.000695372 0.00659829 -0.00534913 -0.00199011 0.000279484 0.00292758 -0.00516761 -0.00313632 0.00329362 0.0126458 -0.00572226 0.00132546 0.0064065 -0.000269863 -0.000684379 0.0120859 -0.000909073 0.00395637 -0.00157926 -0.00592053 -0.00269936 -0.0121445 -0.00674426 0.0197591 -0.0117898 -0.0099346 -0.0116308 -0.0145718 0.0220507 -0.0164402
internal_weight=2528 1604 1574 511 485 68 417 924 615 91 309 524 327 221 106 236 71 30 197 67 47 61 1063 16 1047 125 922 165 108 73 189 24 26 20 57 63 17 51
internal_count=2528 1604 1574 511 485 68 417 924 615 91 309 524 327 221 106 236 71 30 197 67 47 61 1063 16 1047 125 922 165 108 73 189 24 26 20 57 63 17 51
is_linear=0
shrinkage=0.0749534


Tree=77
num_leaves=31
num_cat=0
split_feature=2 7 7 14 11 13 5 6 14 13 5 17 10 3 2 6 7 15 7 14 7 5 5 2 6 1 6 6 6 5
split_gain=0.684759 0.615409 1.13882 0.91349 0.975776 1.03332 0.894005 0.685644 0.96379 1.45685 0.75466 0.674739 0.69613 0.662224 0.973917 1.01707 0.876988 0.688877 0.634033 0.790411 0.606494 0.469384 0.247106 0.267561 0.270568 0.237304 0.229615 0.157598 0.0986097 0.0395994
threshold=-1.6360912705759862 0.34344795556833269 0.43571174514355432 -0.738224098466287 0.21492155102016219 -0.19678362983526937 -1.0641829808912437 -0.41700575892652841 -0.738224098466287 -0.25127447648303441 -0.78974731983922719 2.8191998165809324 -1.2595572479905159 0.59520866439641085 -0.25856579751646097 -1.0713567204390475 -0.45190008234398399 0.88625919121491659 0.63049085646902003 1.0000000180025095e-35 0.61340496951064438 0.65058988516401328 0.2727168944605306 -1.8743035738741409 -0.57280360690569965 1.0000000180025095e-35 0.17502606339432206 1.0000000180025095e-35 -0.35468661973485993 -0.086138626634831086
decision_type=2 2 2 2 2 2 2 2 2 2 2 2 2 2 2 2 2 2 2 2 2 2 2 2 2 2 2 2 2 2
left_child=22 7 3 21 5 -5 -4 13 9 10 -9 12 -10 14 15 -2 -16 25 20 -20 -8 -3 27 24 -24 -15 -11 -1 -26 -6
right_child=1 2 6 4 29 -7 18 8 11 26 -12 -13 -14 17 16 -17 -18 -19 19 -21 -22 -23 23 -25 28 -27 -28 -29 -30 -31
leaf_value=-0.00014936364732650212 0.0096495540037254256 -0.014065151841968153 0.00071106897902708339 0.0047026116019176743 0.00016968057544730991 0.00022215390657563813 -0.00027722868878357111 -0.0048925124557192791 0.001581048666432655 -0.0093051714872994136 0.0063198004374706278 -0.011356783492754843 -8.933793961201687e-05 -0.0055921913512913014 -3.4719830972805537e-05 -0.00061421863178090204 -0.0042002300061614274 0.039852718194616936 0.0011332170067754796 -0.00085549934122264196 -0.012354855763169309 0.00038537183726529715 -0.0027916978681616824 -0.012414771441009158 0.0010093405994697727 0.00013471697524405373 0.0041438890795817973 0.00027309417375556846 -0.010025585100671778 -0.016791460476064751
leaf_weight=12.000000000000002 27 10.000000000000002 12.999999999999998 49 7.9999999999999991 19 144 8.9999999999999982 8.9999999999999982 13.000000000000002 79 13.999999999999998 1099 9.9999999999999982 90 106 222 7.9999999999999991 321 100 25 11.999999999999998 13.999999999999998 28 7.9999999999999991 45 7.9999999999999991 7.9999999999999991 10.000000000000002 7.9999999999999991
leaf_count=12 27 10 13 49 8 19 144 9 9 13 79 14 1099 10 90 106 222 8 321 100 25 12 14 28 8 45 8 8 10 8
internal_value=-0.00053253 -0.000305217 0.00155165 0.00862257 0.0121165 0.015931 0.000275877 -0.00106432 -0.000105036 0.00654143 0.0107523 -0.000765119 -0.000538526 -0.00337397 -0.00439339 0.000956351 -0.00666859 0.00369607 -0.000187048 0.00136793 -0.00403395 -0.00452845 -0.00725116 -0.00957257 -0.00430196 0.000298036 -0.0103097 0 0.001752 -0.00397053
internal_weight=2528 2448 709 106 84 68 603 1739 1231 109 88 1122 1108 508 445 133 312 63 590 421 169 22 80 60 32 55 21 20 18 16
internal_count=2528 2448 709 106 84 68 603 1739 1231 109 88 1122 1108 508 445 133 312 63 590 421 169 22 80 60 32 55 21 20 18 16
is_linear=0
shrinkage=0.0749534


Tree=78
num_leaves=33
num_cat=0
split_feature=5 4 1 5 5 4 2 10 9 10 8 0 4 2 11 10 8 9 13 10 10 5 13 11 10 8 5 17 9 4 5 2
split_gain=0.835935 1.1612 0.723187 0.82022 0.883048 2.12767 1.42898 0.937952 0.80295 1.3591 0.74716 0.86824 1.0862 0.985024 0.708182 0.81329 0.697148 0.729716 0.671279 1.06025 0.667029 0.563736 0.556033 0.509277 0.587143 0.815924 0.539867 0.335729 0.385882 0.673012 0.56546 0.255525
threshold=-1.1000833472669447 0.065521851525307914 1.0000000180025095e-35 -0.7183463406599836 -0.22133183000763718 -0.67313318429009705 0.18639949566761344 -1.1523783970561057 -0.68671949933292209 -0.60055800914402568 1.4480835793558031 -1.1446077060016007 -1.2018160218295064 -1.5768579341375364 0.21492155102016219 1.813961127238173 0.8775912371236404 -0.378867833587618 0.12390536042666062 0.36309302328875931 -0.45973591040173262 -1.0237405522185019 -0.34178311252737342 0.21492155102016219 0.53684770386680636 2.1581858124231945 -0.47455097139352698 1.4567572365165855 0.15111892387740647 -0.5095043775246294 -1.1559697047462236 -0.78592486152974683
decision_type=2 2 2 2 2 2 2 2 2 2 2 2 2 2 2 2 2 2 2 2 2 2 2 2 2 2 2 2 2 2 2 2
left_child=1 27 10 8 5 6 -5 -7 9 -4 11 16 -13 -14 15 -6 17 -2 21 -20 -16 -10 -11 26 25 -25 31 28 29 30 -1 -12
right_child=2 -3 3 4 14 7 -8 -9 18 22 23 12 13 -15 20 -17 -18 -19 19 -21 -22 -23 -24 24 -26 -27 -28 -29 -30 -31 -32 -33
leaf_value=0.00048344024538877101 0.013720195189978385 0.00096656740465605399 0.0055631067658719275 0.0021396683964283888 3.1225496419462063e-05 0.0022782814845464273 0.0086793471886631324 -8.8687686520672491e-05 0.0020299397834542513 0.0014945843541033 0.0046893271508910775 0.0031428642518662982 -0.013242812612687506 -0.000852809921699723 -0.0039518628546945109 0.00026448237893787806 0.010557418675368805 -0.001030565444807154 0.00694369468617237 -0.0017243422199632627 -0.00056889774563797157 -0.0034832323105372619 -0.0038827678964084597 -0.012543172806580549 -0.0024611942767242541 0.004066740151586693 -0.012828376106003367 -0.0002923164215463686 0.0015494294149494361 -0.0020626911121609994 -0.00012841927099750545 -0.0051679853885762666
leaf_weight=7.9999999999999956 20 13.999999999999998 12.999999999999998 98 604 36 45 401 20 20.999999999999996 8.0000000000000018 7.9999999999999991 40 586 35 7.9999999999999991 11.999999999999998 44 13.000000000000002 11.999999999999998 189 137 22.000000000000004 17.000000000000004 9.9999999999999982 7.9999999999999991 40 9.9999999999999982 14.999999999999998 14.000000000000005 9.9999999999999982 9.9999999999999982
leaf_count=8 20 14 13 98 604 36 45 401 20 21 8 8 40 586 35 8 12 44 13 12 189 137 22 17 10 8 40 10 15 14 10 10
internal_value=-0.000502909 0.00737427 -0.000738374 0.000157399 0.00084432 0.00308559 0.0109378 0.000465359 -0.00388947 0.00381808 -0.00258029 -0.00173357 -0.00264716 -0.00303864 -0.000713223 0.000607281 0.00571045 0.00223097 -0.00628913 0.00471603 -0.00429539 -0.00809757 -0.0028492 -0.00881532 -0.00145723 0.00471603 -0.0129878 0.00217848 0.00489143 0 0.00907452 -0.001752
internal_weight=2528 71 2457 1654 1416 580 143 437 238 56 803 710 634 626 836 612 76 64 182 25 224 157 43 93 35 25 58 57 47 32 18 18
internal_count=2528 71 2457 1654 1416 580 143 437 238 56 803 710 634 626 836 612 76 64 182 25 224 157 43 93 35 25 58 57 47 32 18 18
is_linear=0
shrinkage=0.0749534


Tree=79
num_leaves=35
num_cat=0
split_feature=5 10 0 7 10 5 5 5 4 4 4 9 7 3 10 9 13 8 3 5 5 11 3 13 13 8 10 12 13 5 8 8 5 8
split_gain=0.792513 0.838503 0.662646 0.728504 1.61258 1.02172 1.17118 1.14491 0.682559 0.696522 1.85759 1.15953 1.05797 0.85546 0.705002 0.616683 0.561358 0.946006 1.42971 1.14166 0.823323 0.679497 0.506877 0.41168 0.803797 0.44664 0.386144 0.317524 0.283347 0.245517 0.381715 0.619499 0.163167 0.0145949
threshold=-1.1000833472669447 0.76726582678424871 1.0000000180025095e-35 -0.22294919710177066 1.162947861247704 -0.051895948237020796 0.30299789946112471 -0.10222724496435799 2.1679617081371565 -1.065849358730915 -1.0076433851467883 -0.18824370986378872 0.83295861692575313 -1.4148132666461455 -0.55808927493045124 0.20631162133304343 -0.31522639260642576 0.47793573350732826 -1.1000340966992146 2.045520637313333 2.156821771145724 1.2129408033694828 1.0719881419609374 -0.24129680737014672 1.15413037834674 -0.20711515132130801 -0.029059732861859547 0.35096141226961375 0.52328659146806233 -0.51410028920055839 -0.13392832520994247 -0.83627887818215818 0.2727168944605306 0.82606259569762253
decision_type=2 2 2 2 2 2 2 2 2 2 2 2 2 2 2 2 2 2 2 2 2 2 2 2 2 2 2 2 2 2 2 2 2 2
left_child=1 15 8 4 5 7 -7 -4 9 12 11 -11 28 -12 -14 22 17 19 -19 -5 21 -18 26 25 -25 -6 -1 -17 -2 33 31 -31 -32 -10
right_child=2 -3 3 16 23 6 -8 -9 29 10 13 -13 14 -15 -16 27 20 18 -20 -21 -22 -23 -24 24 -26 -27 -28 -29 -30 30 32 -33 -34 -35
leaf_value=0.0022427118224657466 -0.011571084520383277 -0.00021159643513153067 0.0011701322008048592 0.001090290467947961 -0.0029629224236484117 -0.00093706083884242616 0.0005399990414005799 0.018625663710169098 -0.014170621069952309 -0.0025868804558491104 -0.00634376946404529 0.0043194691546285489 -0.0035350067380209827 -0.00016246883174257919 0.0017247065561428567 0.00075931759770024804 -0.00027029152238326455 0.0087890002346842477 -0.0026348558529859858 -0.013801553637439394 0.014422518621128184 -0.0035539448383813455 -0.00025708622357507557 0.001656737847179381 -0.0028618021911591845 -0.0005935762390338299 1.0024366034609563e-05 0.0067563220841223848 -0.0018812159972748832 -0.021335061183335433 -0.0068479289014288002 0.0019388778070206305 -0.017320880202963778 -0.0063403978432633673
leaf_weight=9.9999999999999982 52 14.999999999999998 250 306 27 50 85 10.999999999999998 17.000000000000004 17 50 25 11.999999999999998 985 22 10.000000000000002 186 29 168 20 9.9999999999999982 22 12.999999999999998 14.000000000000002 8.9999999999999982 18 14.000000000000002 8.9999999999999982 7.9999999999999991 13.000000000000002 10.000000000000002 18 14.999999999999998 7.9999999999999991
leaf_count=10 52 15 250 306 27 50 85 11 17 17 50 25 12 985 22 10 186 29 168 20 10 22 13 14 9 18 14 9 8 13 10 18 15 8
internal_value=-0.000295567 0.00737427 -0.000525046 0.000728044 0.0030495 0.00488661 -0.000397211 0.00760382 -0.00173144 -0.00126012 -0.00071022 0.0142898 -0.00736429 -0.00135306 0.00303851 0.0115093 -0.000728746 0.000603157 -0.0034677 0.00307564 -0.00390233 -0.00497804 0.00518119 -0.0074223 0.000672453 -0.0114131 0.0112649 0.0217422 -0.0131719 -0.00828672 -0.00509994 0.000511733 -0.0115369 -0.0142653
internal_weight=2528 71 2457 1205 464 396 135 261 1252 1171 1077 42 94 1035 34 56 741 523 197 326 218 208 37 68 23 45 24 19 60 81 56 31 25 25
internal_count=2528 71 2457 1205 464 396 135 261 1252 1171 1077 42 94 1035 34 56 741 523 197 326 218 208 37 68 23 45 24 19 60 81 56 31 25 25
is_linear=0
shrinkage=0.0749534


Tree=80
num_leaves=24
num_cat=0
split_feature=1 4 9 9 9 10 10 9 8 11 15 10 8 10 17 11 8 4 2 2 10 10 5
split_gain=0.721439 0.825832 0.701312 0.941073 1.20123 0.690514 0.847845 0.653099 0.831936 0.620973 0.870777 1.2323 1.05202 0.82167 1.45634 1.01291 0.595662 0.503076 0.41341 0.369909 0.366899 0.173091 0.466733
threshold=1.0000000180025095e-35 2.2829042817691398 -1.8434538776396288 -1.7493325393187169 -1.6492544703013423 0.73415142670018618 0.12159773096610051 -1.4222159022248613 1.9085023646409709 2.2109600557188034 1.0000000180025095e-35 1.4125178880909128 -0.98918372174019009 -0.4519231659555169 1.4567572365165855 -0.78309770132915812 -0.27784623751199261 0.67095564731523882 0.57846614960606291 0.38179623501307935 -0.89582168190269729 -1.3668981605446786 0.42814310094508806
decision_type=2 2 2 2 2 2 2 2 2 2 2 2 2 2 2 2 2 2 2 2 2 2 2
left_child=1 9 5 -4 16 6 17 19 -9 10 11 12 -1 14 -12 -15 -5 20 -7 -6 -2 22 -3
right_child=2 21 3 4 7 18 -8 8 -10 -11 13 -13 -14 15 -16 -17 -18 -19 -20 -21 -22 -23 -24
leaf_value=0.0020578645419167805 -0.0050324206287656135 0.0087346675884982135 -0.0030658208833524072 0.01310620164422859 -0.0070459061581514514 0.00058800547292894531 0.015126388678405406 -1.1753735556794409e-05 0.0023170762870910449 0.002838063397314568 -0.0030969751808553533 0.016807370095217503 -0.00029450668780431544 0.0019766487409691859 0.0028053756156031558 -0.0027493464867747066 0.00071493514421331608 -0.0017242694085721076 -0.0023633245025084745 -0.003021701003736449 0.016476343400420406 -0.01360521267964067 -0.022141898561888737
leaf_weight=39 7.9999999999999991 8.0000000000000018 17 14.000000000000002 31 7.9999999999999991 12.999999999999998 1487 72 9.9999999999999982 116 10.999999999999998 225 12.999999999999998 24 350 7.9999999999999991 8.9999999999999982 7.9999999999999991 9.9999999999999982 8.0000000000000053 21 18
leaf_count=39 8 8 17 14 31 8 13 1487 72 10 116 11 225 13 24 350 8 9 8 10 8 21 18
internal_value=-0.000502909 -0.00230269 0.000385871 0.00010176 0.00029892 0.00859873 0.0138501 4.57692e-05 0.00029898 -0.00170474 -0.00196668 0.00141238 0.00027524 -0.00381513 0.00104089 -0.00568675 0.0167797 0.00471603 -0.00397053 -0.00901489 0.0120859 -0.0117092 -0.00652479
internal_weight=2528 835 1693 1639 1622 54 38 1600 1559 788 778 275 264 503 140 363 22 25 16 41 16 47 26
internal_count=2528 835 1693 1639 1622 54 38 1600 1559 788 778 275 264 503 140 363 22 25 16 41 16 47 26
is_linear=0
shrinkage=0.0749534


Tree=81
num_leaves=36
num_cat=0
split_feature=18 7 11 13 5 5 9 10 14 4 5 5 9 11 5 0 3 9 12 2 9 5 13 10 9 7 3 13 13 11 11 3 3 9 9
split_gain=0.629062 0.71465 0.776088 1.801 1.27551 1.31989 1.13806 0.963355 0.974028 0.761775 1.21591 0.907394 0.747343 1.05465 0.885375 1.01528 0.806259 0.642666 0.663077 0.942749 2.27764 0.878345 0.872813 0.858 1.30307 1.23461 0.632046 0.630054 0.597276 0.873556 0.569554 0.508331 0.41341 0.218233 0.0432371
threshold=1.0000000180025095e-35 -1.260916829823002 1.0000000180025095e-35 3.4929029904135489 -0.78252926293902603 -1.1714853796827731 1.0284094218146742 -0.6688205967416555 -0.738224098466287 -0.33285326911153817 -0.26213669610665785 -0.23464772594564892 -0.84774096032884483 0.8137331024297545 0.0074507563399396513 1.0000000180025095e-35 0.073110505135413603 -2.1081679716421706 -0.67414598255139557 -0.49732706524517661 0.14041809789778895 0.18690741747022496 -0.31522639260642576 0.42198839199912297 0.021926803506391753 0.45450622079776465 1.0638929770482342 -0.080051571772089436 -0.29945003442657964 -1.1823054022688861 -0.38389000038943 2.1689182909099038 -0.69603924794271499 0.64458484083000411 0.82872496352003377
decision_type=2 2 2 2 2 2 2 2 2 2 2 2 2 2 2 2 2 2 2 2 2 2 2 2 2 2 2 2 2 2 2 2 2 2 2
left_child=1 12 3 7 5 -4 -7 8 -3 11 -11 -6 16 14 15 -14 32 -2 19 20 22 28 -19 25 -25 -21 27 -23 31 -30 -9 -20 -1 -22 -15
right_child=17 2 4 -5 9 6 -8 30 -10 10 -12 -13 13 34 -16 -17 -18 18 21 23 33 26 -24 24 -26 -27 -28 -29 29 -31 -32 -33 -34 -35 -36
leaf_value=0.0085564778402466915 0.00051934511062300039 -0.00042904364038653318 0.0026986737412368236 0.019483343147565599 0.0042656549726616472 -0.00358271510969852 0.0046793258622543814 -0.00012400241489454489 0.0015649497439057815 0.00055610363644009785 0.0079136270166431377 -0.00072969029446614913 -0.0066321185651100492 -0.010871678488864075 0.017693714161002093 0.004686979132895658 0.0024796995408637146 0.0016855449640645799 -6.898166591632498e-05 -0.0032442602299021417 -3.9749226335133227e-05 -0.0072006580880527547 0.00041810648687485875 -0.00084729136516254822 0.0033859135219293673 0.0044268091862889143 0.00037882331527542136 -0.00013766215360293689 0.0041653698543292579 -0.0016885782132355449 -0.001679080224810578 0.00067013100234988984 -0.022351099735059124 -0.0044742053274715527 -0.019447546917237213
leaf_weight=8.0000000000000018 12.999999999999998 177 10.999999999999998 11.999999999999998 148 84 13.999999999999998 245 208 140 78 126 55 35 8.9999999999999982 9.9999999999999982 9.9999999999999982 18 309 119 8.0000000000000018 141 17 48 31 22 9.9999999999999982 36 10.999999999999998 119 218 9.9999999999999982 8.0000000000000018 11.999999999999998 7.9999999999999991
leaf_count=8 13 177 11 12 148 84 14 245 208 140 78 126 55 35 9 10 10 18 309 119 8 141 17 48 31 22 10 36 11 119 218 10 8 12 8
internal_value=-0.000384428 0.000512227 0.00101042 -0.00043266 0.00307137 -0.00418804 -0.0070711 -0.000879423 0.00188191 0.00469581 0.00798194 0.00202748 -0.00449731 -0.00704446 -0.00144916 -0.00469739 0.00652479 -0.00193991 -0.00219316 0.00087212 0.00942724 -0.00351933 0.0204596 -0.00134041 0.00481019 -0.00482121 -0.00780442 -0.00886573 -0.00169814 -0.00592881 -0.00317682 5.32822e-05 -0.00397053 -0.0099346 -0.0160359
internal_weight=2528 1604 1461 860 601 109 98 848 385 492 218 274 143 117 74 65 26 924 911 275 55 636 35 220 79 141 187 177 449 130 463 319 16 20 43
internal_count=2528 1604 1461 860 601 109 98 848 385 492 218 274 143 117 74 65 26 924 911 275 55 636 35 220 79 141 187 177 449 130 463 319 16 20 43
is_linear=0
shrinkage=0.0749534


Tree=82
num_leaves=43
num_cat=0
split_feature=0 7 10 9 9 10 6 9 6 12 7 15 7 6 6 13 6 13 9 9 7 7 0 7 3 9 9 9 14 15 5 13 6 3 5 9 9 9 3 10 5 9
split_gain=0.433688 0.864063 1.42792 0.794599 1.29476 0.979987 0.82286 0.796187 0.780669 0.761986 0.719041 1.03385 1.01395 1.0224 0.82447 0.798382 0.643645 0.874936 1.18532 0.591078 0.574997 0.5345 0.615057 0.80716 0.866201 0.977916 0.742477 1.11933 0.947438 0.914353 0.556165 0.497126 0.461123 0.429947 0.429747 0.260911 0.238539 0.197008 0.0975639 0.037831 0.0145949 0.00546856
threshold=1.0000000180025095e-35 -0.16314859274746082 1.162947861247704 -0.14476122073981187 -0.37539256288986406 0.36309302328875931 -0.75976102448070504 1.3167932581544126 0.36198348096932759 -0.67414598255139557 0.29048170599737361 1.0000000180025095e-35 1.2566886134934334 -1.0401971508432133 -1.0401971508432133 0.77864851762156062 0.70473874652350432 0.47950426480585656 -0.086027373427973883 -0.37539256288986406 -0.096513633609801433 -2.4560746225612746 -1.1446077060016007 -0.10932804882858253 1.1656671948162527 0.82872496352003377 1.9966085520808659 1.4036099311888348 -0.738224098466287 1.0000000180025095e-35 1.0263459032921827 -0.32180986053527705 0.76705788571517286 -0.84741864362548391 -0.045832712166879591 -0.85933666562035305 -0.12047986818428813 2.3929000287221167 -0.43928420458980705 1.3023706752978965 -0.76648213558703227 1.0942642253093657
decision_type=2 2 2 2 2 2 2 2 2 2 2 2 2 2 2 2 2 2 2 2 2 2 2 2 2 2 2 2 2 2 2 2 2 2 2 2 2 2 2 2 2 2
left_child=21 2 3 4 5 -2 9 -8 39 -5 16 12 13 -12 19 -16 17 33 -19 -13 -18 34 23 24 25 -23 27 29 -29 -24 38 36 -26 -3 35 -1 -10 -28 -25 -4 -6 -37
right_child=1 10 8 6 40 -7 7 -9 31 -11 11 14 -14 -15 15 -17 20 18 -20 -21 -22 22 26 30 32 -27 37 28 -30 -31 -32 -33 -34 -35 -36 41 -38 -39 -40 -41 -42 -43
leaf_value=-0.028087024479655078 0.0022543998618946124 -0.009098100495579171 -0.0016377309623489594 0.0095905034422570316 -0.0053451531648106452 -0.00040438603698794495 0.0019464815345349923 -0.0011472851844438023 -0.0068326483281050633 -0.0055743396846404123 -6.6008089599217228e-05 0.010332712351497082 -0.0085586951248317923 0.0064016700540904092 -0.00019445595014404621 -0.0050136291687484834 -0.0058462599922707104 0.0055879830902709204 -0.0037846842655602782 -0.0013180555221717163 0.021987381060040778 0.02498065349794653 0.00017025287741918356 -0.022227427231008977 0.0010220045821906199 -0.0002721388717764793 -0.014816252453466213 0.0049219860480787768 0.00044420515395740182 -0.00095904959710748456 0.0022568360421779043 0.0012224872079263757 -0.0088891786014645147 -0.0010442919169708906 0.00064687188917207335 -0.018800712006850531 0.0018891596375633772 -0.00096940038537719861 -0.0050714807672417638 -0.0047774599607572918 -0.0047492436906598863 -0.055256827859256195
leaf_weight=7.9999999999999991 121 29 17 10.000000000000002 8.0000000000000018 67 194 42 8 13.999999999999998 51 12.000000000000002 14.999999999999998 94 207 21 8.0000000000000018 11.000000000000002 9.9999999999999982 12.999999999999998 13.999999999999998 27 421 10.999999999999998 11.000000000000002 9.9999999999999982 20.000000000000004 14.999999999999998 79 618 9.9999999999999982 13.999999999999998 7.9999999999999991 200 8.9999999999999982 22.000000000000004 11 9.9999999999999982 11.000000000000002 21 17 8.9999999999999982
leaf_count=8 121 29 17 10 8 67 194 42 8 14 51 12 15 94 207 21 8 11 10 13 14 27 421 11 11 10 20 15 79 618 10 14 8 200 9 22 11 10 11 21 17 9
internal_value=-0.000354808 0.000652991 0.00287739 0.00437112 0.000949136 0.00313966 0.00713305 0.00847954 -0.00686419 -0.00560203 -0.00111519 0.000853052 0.00552607 0.00748585 -0.00212079 -0.0035704 -0.00409037 -0.00518899 0.00871302 0.0101727 0.00759127 -0.00130896 -0.00100031 0.00495303 0.0102274 0.0165746 -0.00146171 -0.00113727 0.00658734 -0.00185165 -0.00430196 0.00153939 -0.0025431 -0.00655024 -0.0088784 -0.0121606 -0.00603384 -0.0126458 -0.0106541 -0.0138501 -0.0142653 -0.0150671
internal_weight=2528 1229 544 473 213 188 260 236 71 24 685 413 160 145 253 228 272 250 21 25 22 1299 1251 88 56 37 1163 1133 94 1039 32 33 19 229 48 39 19 30 22 38 25 31
internal_count=2528 1229 544 473 213 188 260 236 71 24 685 413 160 145 253 228 272 250 21 25 22 1299 1251 88 56 37 1163 1133 94 1039 32 33 19 229 48 39 19 30 22 38 25 31
is_linear=0
shrinkage=0.0749534


Tree=83
num_leaves=30
num_cat=0
split_feature=11 8 10 6 9 10 5 6 13 12 6 13 12 5 9 2 6 10 13 2 1 5 9 11 10 10 7 9 9
split_gain=0.457051 0.969661 0.989347 1.39239 0.799509 0.613955 0.833995 0.701571 0.910329 1.7677 0.844111 0.889498 0.65079 0.640881 0.619533 0.593563 0.497866 0.468709 0.865328 0.588672 0.461345 0.664052 1.15379 0.921971 0.44963 0.582322 0.431026 0.397437 0.224923
threshold=1.612148504309211 0.65899364800738247 0.45833972955897767 1.0474940120776812 -1.1261275879778223 1.1239849264550583 -0.89831236736266751 0.14386649379848784 -0.24129680737014672 1.0000000180025095e-35 -0.32352705013902566 -0.28046690231641874 1.0000000180025095e-35 -1.1714853796827731 0.20631162133304343 -0.54275510494929147 0.79821745531100707 0.32988356232526611 -0.32879500597214179 1.2419866149209595 1.0000000180025095e-35 0.45499849719943936 1.5114153081493849 -0.18428614991956593 -1.5695565023727325 -1.3457877734402814 -0.45873443712733469 0.033596956897477055 0.71982376240534307
decision_type=2 2 2 2 2 2 2 2 2 2 2 2 2 2 2 2 2 2 2 2 2 2 2 2 2 2 2 2 2
left_child=5 4 -3 -4 16 13 -7 10 12 -10 11 -8 -9 14 -1 -12 -2 18 27 26 21 23 -23 -15 -22 -26 -19 -6 -5
right_child=1 2 3 28 17 6 7 8 9 -11 15 -13 -14 20 -16 -17 -18 19 -20 -21 24 22 -24 -25 25 -27 -28 -29 -30
leaf_value=2.5209417219311053e-05 -0.0012672634426314736 -0.010212754466645026 0.0074203960327711939 -0.0001116436313384194 -6.3390329169655618e-05 -0.010358790554800818 0.0075632748006138756 0.00038851959367241595 -0.0018857749689778034 0.0073647304743533742 -0.00023402078492019399 -0.010966381346382803 -0.0020481292170252846 -0.0023448710325468629 0.00095874590992463325 -0.0036444023959171369 0.00063388946437169518 -0.0044453493239745593 -0.0016854160089685487 0.020840488129849111 -0.0020312635943391666 -5.7939314038874807e-06 0.0045496284480288866 -2.0037897559191801e-05 0.00071264082187829075 -1.1926764808532205e-05 -0.0023553329380908293 0.0034919628050714482 0.0077172236518382445
leaf_weight=12.000000000000002 8.0000000000000018 7.9999999999999991 8.0000000000000018 9.0000000000000018 10.000000000000005 24 17.000000000000004 45 20 13.999999999999998 38 11.999999999999998 32 278 8.9999999999999982 53 8.9999999999999982 26 10.999999999999998 8.9999999999999982 14.999999999999998 114 10.999999999999998 292 128 1247 52 8.9999999999999982 7.9999999999999991
leaf_count=12 8 8 8 9 10 24 17 45 20 14 38 12 32 278 9 53 9 26 11 9 15 114 11 292 128 1247 52 9 8
internal_value=-0.00056215 0.003197 0.0142176 0.0210861 0.000262816 -0.000831792 -0.00428766 -0.00280219 0.00147204 0.0112589 -0.0067189 0.00411663 -0.00304496 -0.000408046 0.0119063 -0.0102068 0.0143522 -0.00202549 0.00572104 -0.00479896 -0.0005468 -0.00212011 0.00278037 -0.00320496 0.000241068 0.000393331 -0.00696566 0.0147607 0.00665359
internal_weight=2528 167 33 25 134 2361 255 231 111 34 120 29 77 2106 21 91 17 117 30 87 2085 695 125 570 1390 1375 78 19 17
internal_count=2528 167 33 25 134 2361 255 231 111 34 120 29 77 2106 21 91 17 117 30 87 2085 695 125 570 1390 1375 78 19 17
is_linear=0
shrinkage=0.0749534


Tree=84
num_leaves=17
num_cat=0
split_feature=4 4 8 4 6 9 9 7 0 4 7 4 9 0 9 10
split_gain=0.429395 0.518432 1.18254 1.01255 0.924472 0.701008 0.660934 0.40162 0.604741 0.794409 0.457184 0.350099 0.807146 0.294765 0.220889 0.20199
threshold=-1.2018160218295064 -1.065849358730915 -1.1007210659419726 -1.0580943816682904 1.0786535816735154 0.037468414700830212 1.0000000180025095e-35 -2.4560746225612746 -1.1446077060016007 -0.80865627587084299 -2.3911482521194523 -1.2623420513448627 0.20631162133304343 1.0000000180025095e-35 -0.76863339811635567 1.1239849264550583
decision_type=2 2 2 2 2 2 2 2 2 2 2 2 2 2 2 2
left_child=11 2 -2 -3 5 6 -4 13 9 -9 -10 -1 -13 14 -5 -7
right_child=1 3 4 7 -6 15 -8 8 10 -11 -12 12 -14 -15 -16 -17
leaf_value=-0.00070372245612589752 0.0033215207769081751 0.008794111085391668 -0.0069634237421485248 -0.0087204734179297666 0.0024793418068241278 -0.011498884889048966 0.0027050595226791761 0.033372565000350927 -0.032454924767358041 0.00030537594122643342 -4.5629561303482514e-05 -0.0022733018120570871 0.0015605377701049228 0.00094264995918589276 -0.014612556866861873 -0.006183985811819467
leaf_weight=10.000000000000002 8.9999999999999982 9.9999999999999982 45 11.999999999999998 7.9999999999999991 42 7.9999999999999991 8.9999999999999982 9.9999999999999982 69 2219 12.000000000000002 7.9999999999999991 8.9999999999999982 36 11.999999999999998
leaf_count=10 9 10 45 12 8 42 8 9 10 69 2219 12 8 9 36 12
internal_value=-0.00053253 -0.000643834 -0.00532111 -0.00039357 -0.00748342 -0.00939966 -0.00301117 -0.000506089 -0.000348192 0.00603424 -0.000578693 0.00802929 0.01327 -0.00658958 -0.0088784 -0.0152351
internal_weight=2528 2498 124 2374 115 107 53 2364 2307 78 2229 30 20 57 48 54
internal_count=2528 2498 124 2374 115 107 53 2364 2307 78 2229 30 20 57 48 54
is_linear=0
shrinkage=0.0749534


Tree=85
num_leaves=26
num_cat=0
split_feature=2 2 2 8 6 8 11 10 5 15 12 8 11 14 11 10 7 18 10 10 8 6 7 8 8
split_gain=0.401127 0.33781 1.28139 1.23546 1.16813 1.3816 1.32622 1.12798 1.33733 1.07111 1.5921 1.51317 1.35208 1.29315 1.13295 0.871695 0.75857 0.683 0.674623 0.988654 0.385391 0.344228 0.0979902 0.385541 0.0253695
threshold=2.7450866599101871 -0.16731763273310926 -0.11540423404509814 1.3791089476888558 -0.35468661973485993 -0.66147292729822549 -0.38389000038943 -1.1059096613797432 -0.19289164315669585 1.0000000180025095e-35 -0.67414598255139557 -0.16756330913097148 1.0133369528996188 -0.738224098466287 -0.18428614991956593 -0.9959362496524331 -0.27933262406440512 1.0000000180025095e-35 0.52168348930197384 0.17282781412454593 1.7059790552728036 -0.26120791094735718 -0.31606728102491016 -0.091893700310673038 -0.87990137075766905
decision_type=2 2 2 2 2 2 2 2 2 2 2 2 2 2 2 2 2 2 2 2 2 2 2 2 2
left_child=1 3 22 9 7 6 -6 8 -4 10 12 -12 -1 16 -15 -7 -11 -9 19 20 -5 -20 23 -3 -24
right_child=-2 2 4 18 5 15 -8 17 -10 13 11 -13 -14 14 -16 -17 -18 -19 21 -21 -22 -23 24 -25 -26
leaf_value=0.0065524222801506757 -0.006402167106800246 -0.0080186732922608254 0.0052949764406432674 -0.0056110138246298815 0.00078751408021664486 0.0052482293980445176 -0.0012999128475661311 -0.00039550035700542708 -0.0011877545423975527 -0.01251166797601902 0.0014381717846080413 -0.0038064373577110129 -0.0053502466389460024 -0.0026171667759026422 6.2863940564315232e-05 0.00033058952096023101 0.0017827519498302808 -0.0058991778899446113 -0.00081883970127478187 0.0058600785188294511 -0.0011979602406421239 -0.0024192701924770003 -0.0080023176115488343 -0.0099471950487115858 -0.010607112128570222
leaf_weight=102 14.999999999999998 13.000000000000002 69 22 40 30 230 193 99 14.999999999999998 137 90 7.9999999999999991 170 351 584 91 110 7.9999999999999991 14.999999999999998 60 31 8.0000000000000018 14.999999999999998 22
leaf_count=102 15 13 69 22 40 30 230 193 99 15 137 90 8 170 351 584 91 110 8 15 60 31 8 15 22
internal_value=-0.000384428 -0.000304779 -0.00107116 0.000678407 -0.00059238 0.00101281 -0.00343268 -0.00359806 0.0013096 0.00162696 0.00501832 0.00138118 0.0123144 -0.000205821 -0.00175094 0.00297621 0.00724059 -0.00631299 -0.00594256 -0.00243273 -0.0057485 -0.013968 -0.0117484 -0.00732641 -0.014954
internal_weight=2528 2513 1413 1100 1355 884 270 471 168 964 337 227 110 627 521 614 106 303 136 97 82 39 58 28 30
internal_count=2528 2513 1413 1100 1355 884 270 471 168 964 337 227 110 627 521 614 106 303 136 97 82 39 58 28 30
is_linear=0
shrinkage=0.0749534


Tree=86
num_leaves=30
num_cat=0
split_feature=5 8 8 5 12 1 12 3 8 3 9 1 5 3 4 16 3 6 4 12 3 7 4 5 6 7 4 3 8
split_gain=0.732421 0.957614 0.806101 0.607884 0.928282 0.933221 0.788502 1.03697 1.21047 0.496834 0.918108 0.788526 0.836415 0.715015 0.952536 0.967263 0.809172 1.568 0.578938 0.568594 0.478115 0.306243 0.302016 0.275284 0.245742 0.189758 0.122616 0.0665429 0.161893
threshold=-1.1000833472669447 -0.26895375281632439 -0.75707596240233077 -0.81569262987253233 1.888622504501128 1.0000000180025095e-35 0.86351510968011858 -0.92019391069077316 -1.0329972098794531 -1.2659616079452751 -0.78160386104205093 1.0000000180025095e-35 1.0000000180025095e-35 -0.96555905361503302 0.81010121838454696 1.0000000180025095e-35 -0.83477567674406483 0.73589831611933854 1.3400885349476244 -0.67414598255139557 0.92078007455505317 -0.45446296538774017 0.065521851525307914 0.69183284555995572 1.0000000180025095e-35 0.84491873779661508 -0.4490207211994785 0.14971832434907759 -0.043564150129144698
decision_type=2 2 2 2 2 2 2 2 2 2 2 2 2 2 2 2 2 2 2 2 2 2 2 2 2 2 2 2 2
left_child=1 2 20 4 6 -6 7 21 -9 10 25 23 -13 14 15 -11 17 -15 -16 -18 -1 -2 -4 -12 -3 -5 -26 -8 -29
right_child=3 24 22 9 5 -7 27 8 -10 13 11 12 -14 16 18 -17 19 -19 -20 -21 -22 -23 -24 -25 26 -27 -28 28 -30
leaf_value=-0.0011681191118029697 0.0010991235126449278 0.00058436936696514756 0.00067643275275884075 -0.0091788018533781168 0.0047856404011606592 -0.00068139096335226833 -0.015069226258123829 0.0040316434929750025 -0.0019896322533060509 0.0025717836655245142 -0.01104408164982898 0.00072023499806337776 -0.00088021689050877443 -0.0028216539422078746 -0.012114429540995248 -0.00017910232903390198 0.00049297337749273473 0.021858023963846885 0.00028810427770824688 -7.4478120499332044e-05 0.00046637500477920198 0.0026407372757448607 0.0025835875538173098 -0.0093693294977078463 -0.014532340088801915 -0.0037260279988909528 -0.00027473771487176546 7.5852931694820772e-05 -0.016251603782977617
leaf_weight=9.0000000000000018 8.0000000000000018 10.999999999999998 11.000000000000002 26 11 8 25 22 147 75 18.000000000000004 73 34 91 19 54 484 7.9999999999999991 35 1271 7.9999999999999991 12.999999999999998 7.9999999999999991 7.9999999999999991 11.999999999999998 10.999999999999998 12.000000000000002 7.9999999999999991 7.9999999999999991
leaf_count=9 8 11 11 26 11 8 25 22 147 75 18 73 34 91 19 54 484 8 35 1271 8 13 8 8 12 11 12 8 8
internal_value=0 0.00737427 0.0155442 -0.000220292 -0.0037046 0.01127 -0.00504946 -0.00291232 -0.00490818 0.000177371 -0.00368462 -0.000679713 0.00221051 0.000504542 0.00494182 0.00839687 5.96941e-05 -0.00644742 -0.00328966 0.00043623 0.0028043 0.0119063 0.0252329 -0.0117898 -0.00145723 -0.0137262 -0.00560203 -0.0141874 -0.0080282
internal_weight=2528 71 36 2457 250 19 231 190 169 2207 170 133 107 2037 183 129 1854 99 54 1755 17 21 19 26 35 37 24 41 16
internal_count=2528 71 36 2457 250 19 231 190 169 2207 170 133 107 2037 183 129 1854 99 54 1755 17 21 19 26 35 37 24 41 16
is_linear=0
shrinkage=0.0749534


Tree=87
num_leaves=25
num_cat=0
split_feature=5 16 5 3 8 8 8 13 17 3 17 2 3 1 3 5 6 10 5 2 4 6 5 4
split_gain=0.564301 0.843928 0.655502 0.784842 0.877063 1.29791 2.42026 1.16843 0.706909 0.517332 0.686255 0.518842 0.474958 0.762255 0.622668 0.541417 0.951484 0.504535 1.09387 0.70034 0.475474 0.469389 0.323343 0.14341
threshold=-1.1000833472669447 1.0000000180025095e-35 -0.82398618589533268 -1.2588693853682555 -1.1073008537514022 0.28022981159360905 0.90036442985009868 -0.32018895424162247 1.4567572365165855 -0.69261665081442125 1.4567572365165855 2.3176024088389844 -1.2659616079452751 1.0000000180025095e-35 -1.2588693853682555 1.0000000180025095e-35 -0.63512274609736818 -0.76034045841347386 0.94256740131777739 2.7053358643605336 1.0810715203448795 -0.16772920215985451 1.3663692979144637 -0.40884383811588809
decision_type=2 2 2 2 2 2 2 2 2 2 2 2 2 2 2 2 2 2 2 2 2 2 2 2
left_child=1 9 3 21 7 8 -7 -5 -6 -1 11 23 13 22 -14 16 -15 18 -16 -19 -17 -2 -4 -11
right_child=2 -3 12 4 5 6 -8 -9 -10 10 -12 -13 14 15 17 20 -18 19 -20 -21 -22 -23 -24 -25
leaf_value=-7.0366865558663829e-05 0.0014256617526148638 -0.0026579078756455076 -0.014372210141391038 0.018830488885648929 -0.0032937133390160494 0.0035043440724715049 -0.0052171531694377672 -0.013079812952380419 0.00031981979905645528 0.0011571023220009575 -6.979591309382862e-05 0.00018519600488396963 0.022462896442285409 0.001190373695545108 -0.00094456408374520723 -0.0044706633736795783 -0.0017403801785487029 0.00012544288078041873 0.00039979457886428043 -0.0036999765214397302 0.00045927276994982204 -0.01348876827890501 -0.0034892279916778875 0.0013336129462343162
leaf_weight=13.999999999999998 8.0000000000000018 11.999999999999998 26 14.000000000000002 103 31 46 10.999999999999998 18 13.999999999999995 9.9999999999999982 9.9999999999999982 8.9999999999999982 40 348 35 53 1527 151 11.999999999999998 7.9999999999999991 8.9999999999999982 7.9999999999999991 11.000000000000005
leaf_count=14 8 12 26 14 103 31 46 11 18 14 10 10 9 40 348 35 53 1527 151 12 8 9 8 11
internal_value=-0.000117845 0.00635411 -0.000311718 -0.00401195 -0.00522862 -0.00690884 0.000687103 0.00744438 -0.0116726 0.0100331 0.0137814 0.0184594 9.21446e-05 -0.00368462 0.00041065 -0.00107095 0.00214212 0.000311445 -0.00175302 0.000983603 -0.00779422 0.0105029 -0.013314 0.0238145
internal_weight=2528 71 2457 240 223 198 77 25 121 59 45 35 2217 170 2047 136 93 2038 499 1539 43 17 34 25
internal_count=2528 71 2457 240 223 198 77 25 121 59 45 35 2217 170 2047 136 93 2038 499 1539 43 17 34 25
is_linear=0
shrinkage=0.0749534


Tree=88
num_leaves=32
num_cat=0
split_feature=5 2 5 12 1 3 15 3 11 5 9 6 3 6 9 0 2 5 9 9 9 3 6 9 16 5 7 9 11 6 2
split_gain=0.56638 0.843705 0.655506 0.974494 0.933221 0.883147 0.910124 0.686622 0.669667 1.02791 0.980285 1.05639 0.922223 1.34427 0.866478 0.814914 0.801279 0.743987 0.653345 2.33519 0.817355 0.602621 0.581088 0.49836 0.477017 0.41116 0.345435 0.261156 0.224982 0.192477 0.154983
threshold=-1.0840011467426518 -0.16731763273310926 -0.82398618589533268 1.888622504501128 1.0000000180025095e-35 -0.71819098996271269 1.0000000180025095e-35 0.53868178672041434 -0.18428614991956593 -0.61479346138693536 -1.4222159022248613 1.4525684168235262 0.97096735872971396 1.1721322904610181 0.28154239701137906 2.0956703239782959 0.57846614960606291 0.20835446363589177 0.016024505711296655 0.026914775931650554 -1.6214746446974193 0.18623610764061452 -1.0401971508432133 1.5311383129721416 1.0000000180025095e-35 -1.1714853796827731 -0.77226046281349958 -1.0000000180025095e-35 1.612148504309211 -0.26120791094735718 0.44311915158069487
decision_type=2 2 2 2 2 2 2 2 2 2 2 2 2 2 2 2 2 2 2 2 2 2 2 2 2 2 2 2 2 2 2
left_child=1 27 3 5 -5 6 22 28 14 10 -10 -12 13 -11 18 17 -14 -16 20 -20 -4 25 -2 -9 26 -3 -23 -1 -7 -8 -28
right_child=2 21 8 4 -6 7 29 23 9 12 11 -13 16 -15 15 -17 -18 -19 19 -21 -22 24 -24 -25 -26 -27 30 -29 -30 -31 -32
leaf_value=0.00056951954737834772 -0.000723168373957039 0.00030439443161280679 0.0026106835859755189 0.00372965428808366 -0.00045115499199319429 -0.0061974254561717942 -0.0065682048277563767 -0.0028088261882075766 -0.0053296794575279065 7.6030219012573501e-05 0.002578700029730231 -0.0032813777093356217 -0.0077587368946884991 0.0022303050105612001 -0.0019399150705590562 0.030782813115063212 -0.0005130883568082742 -0.00011078387064840119 0.023892078313811377 0.00015889246272356996 -0.00036586943643401485 0.00017131493240738876 0.0067047797860734478 0.0079914945692391957 -0.0059719023043015565 -0.0033551352069184819 0.00082758666643446268 0.0011728507992522237 -0.000890228559565268 -0.0016429876271861991 0.0014412695256859041
leaf_weight=8 10.000000000000002 14.000000000000002 63 11 8 66 10.000000000000002 80 13.999999999999998 737 141 35 23 48 220 9.9999999999999982 147 153 8.9999999999999982 126 491 13.999999999999998 19 8.9999999999999982 7.9999999999999991 11.999999999999998 8.0000000000000053 7.9999999999999973 8.9999999999999982 7.9999999999999991 8.9999999999999982
leaf_count=8 10 14 63 11 8 66 10 80 14 737 141 35 23 48 220 10 147 153 9 126 491 14 19 9 8 12 8 8 9 8 9
internal_value=-2.89842e-05 0.00604185 -0.000236492 -0.00402331 0.01127 -0.00552253 0.00337636 -0.00809476 0.000159686 0.00141932 0.00641715 0.00797047 0.000409303 0.00149708 -0.00118439 -0.00403057 -0.00455379 -0.00463698 0.00040416 0.00503164 -0.000737924 0.00192019 0.0112614 -0.00346491 0.00764232 -0.00652479 0.0117082 0.0202012 -0.0132822 -0.00907452 0.0182014
internal_weight=2528 81 2447 230 19 211 47 164 2217 1145 190 176 955 785 1072 383 170 373 689 135 554 65 29 89 39 26 31 16 75 18 17
internal_count=2528 81 2447 230 19 211 47 164 2217 1145 190 176 955 785 1072 383 170 373 689 135 554 65 29 89 39 26 31 16 75 18 17
is_linear=0
shrinkage=0.0749534


Tree=89
num_leaves=31
num_cat=0
split_feature=5 5 8 8 12 8 3 11 11 3 7 3 17 3 1 3 8 3 12 3 10 5 1 13 11 8 2 10 5 5
split_gain=0.733675 0.585649 0.611249 1.63569 1.12082 0.814721 0.761317 0.72248 0.625215 0.597989 0.579704 0.516462 0.576037 0.496834 0.762255 0.615904 0.497891 0.855968 0.399782 0.389784 0.377993 0.949187 0.560097 0.377384 0.423171 0.371666 0.333262 0.324619 0.323343 0.224923
threshold=-1.0840011467426518 -0.81569262987253233 0.28022981159360905 0.82606259569762253 0.35096141226961375 -1.0513988793742695 1.1346588588304443 1.2129408033694828 0.61412925195989043 -0.77906515393863562 -0.25199520493100697 -1.2588693853682555 1.4567572365165855 -1.2659616079452751 1.0000000180025095e-35 -1.2588693853682555 0.20985742285959644 -1.4949226099604604 1.0000000180025095e-35 0.92078007455505317 -0.76034045841347386 0.94256740131777739 1.0000000180025095e-35 1.473971236041012 -0.38389000038943 -0.75707596240233077 0.34696626009948633 0.4300227542787099 1.3663692979144637 -1.1559697047462236
decision_type=2 2 2 2 2 2 2 2 2 2 2 2 2 2 2 2 2 2 2 2 2 2 2 2 2 2 2 2 2 2
left_child=10 2 5 4 19 6 8 9 -2 -5 23 -7 -13 14 28 -15 18 -18 -16 -4 21 -17 -22 24 29 -12 -27 -26 -3 -1
right_child=1 13 3 7 -6 11 -8 -9 -10 -11 25 12 -14 15 16 20 17 -19 -20 -21 22 -23 -24 -25 27 26 -28 -29 -30 -31
leaf_value=0.00074368980860936606 0.0038937694853446812 -0.013292382204223708 0.010086798103533105 0.00071575206106068998 0.0018250998140262047 0.00016381423335774188 0.0072704628585993983 0.00090806259827353646 -0.022243048078755923 -0.0047817585758600078 -2.0029080035199623e-05 -0.0026943519256343081 0.0006171593625012038 0.020806648870556475 -0.00030584079966509709 -0.00082816281265039459 -0.0055043284618340876 0.001858379695657691 -0.0045280421411780826 -0.00018051338543830921 -0.00030498622681265111 0.00038769200691382653 0.00020520142837638343 0.00087186736154564837 -0.0094111480788919288 0.00064104387729940033 0.00048281248011004764 0.00015847645959088326 -0.0032050551687819698 -0.0017930521435760042
leaf_weight=8.0000000000000018 10.000000000000005 26 11.000000000000005 7.9999999999999991 7.9999999999999991 11.999999999999998 7.9999999999999991 8.9999999999999982 9.9999999999999982 37 7.9999999999999991 101 18 8.9999999999999982 78 346 14.999999999999998 24 19 7.9999999999999991 524 151 1007 7.9999999999999991 12.000000000000002 16.000000000000004 8.9999999999999982 10.999999999999998 7.9999999999999991 8.9999999999999982
leaf_count=8 10 26 11 8 8 12 8 9 10 37 8 101 18 9 78 346 15 24 19 8 524 151 1007 8 12 16 9 11 8 9
internal_value=2.89842e-05 -0.000205892 -0.00370282 0.00155212 0.0158404 -0.00637262 0.00486667 -0.00594419 -0.00326378 -0.00983419 0.0069398 -0.00883261 -0.0103222 0.000177371 -0.00368462 0.000504542 -0.00107095 0.00583499 -0.00393976 0.00428847 0.000405264 -0.00138488 0.000988735 0.00145316 -0.00172687 0.0142176 0.0183578 -0.00802889 -0.013314 0.00665359
internal_weight=2528 2447 240 81 27 159 28 54 20 45 81 131 119 2207 170 2037 136 39 97 19 2028 497 1531 48 40 33 25 23 34 17
internal_count=2528 2447 240 81 27 159 28 54 20 45 81 131 119 2207 170 2037 136 39 97 19 2028 497 1531 48 40 33 25 23 34 17
is_linear=0
shrinkage=0.0749534


Tree=90
num_leaves=29
num_cat=0
split_feature=5 4 3 9 9 4 4 9 7 10 8 8 8 5 9 9 9 7 5 11 10 7 10 8 8 3 8 5
split_gain=0.901641 0.691256 0.576113 0.52523 0.572072 0.492961 1.82222 1.29296 1.50967 1.31761 1.30393 1.27634 0.776919 0.757302 0.738362 0.719355 1.42883 0.848444 0.885249 0.621524 0.584462 0.560255 1.0235 0.525815 0.389434 0.55382 0.233499 0.0214238
threshold=-1.0840011467426518 0.31698370310915908 -0.62771428957652808 -0.3451051338425255 -0.93703533685373908 -0.45666477035085801 -0.45943617856392249 1.4424469391565979 -2.3911482521194523 0.53058170300698893 1.3791089476888558 1.9085023646409709 -0.83627887818215818 1.9344179252206557 0.82872496352003377 0.49197826545808798 0.4368248712950028 1.5659431674400051 -0.78974731983922719 -1.3819092527387502 0.3929584601231258 -0.69793685454457155 0.2990935725400522 -1.2440082738124432 -0.0074836888475316487 0.92078007455505317 -0.56235826809975387 -0.38867173438960728
decision_type=2 2 2 2 2 2 2 2 2 2 2 2 2 2 2 2 2 2 2 2 2 2 2 2 2 2 2 2
left_child=1 2 -1 4 -4 6 7 10 -9 -10 14 -12 13 21 -2 16 19 18 -17 -14 -18 22 -7 -23 26 -26 -5 -19
right_child=5 -3 3 24 -6 12 -8 8 9 -11 11 -13 15 -15 -16 17 20 27 -20 -21 -22 23 -24 -25 25 -27 -28 -29
leaf_value=-0.0021106772804708324 0.00023563007941613485 0.0016016963875134511 0.00032240280025940611 0.00046284842684511809 -0.0014048755435244419 0.003342614802047715 0.025879218775676525 -0.037754337036017403 0.0029653426634024273 0.0049884655744757474 -0.0098621813256290995 5.0367879993296373e-05 -0.0041059754536299778 0.004425336585597908 -0.0030647864635676425 -0.0046119937856146705 0.0053732529807687399 -0.0031918348332683586 -1.7794781611837101e-05 0.00015803633079328942 0.012223917639376797 -0.00016543940290240388 -0.00092847133822619981 -0.0034057541065243202 0.00035048740592105325 -0.016188248545459208 0.013054877354163483 -0.01556252885386295
leaf_weight=10.999999999999998 723 10.999999999999998 9.0000000000000018 8.0000000000000018 12.999999999999998 15.999999999999998 8.9999999999999982 10.999999999999998 62 30 49 56 76 13.999999999999998 68 50 17.000000000000004 8.0000000000000018 319 649 10.999999999999998 63 26 170 10.000000000000005 8.9999999999999982 9.9999999999999947 20
leaf_count=11 723 11 9 8 13 16 9 11 62 30 49 56 76 14 68 50 17 8 319 649 11 63 26 170 10 9 10 20
internal_value=0.000177086 0.00783775 0.00463187 0.0075945 -0.00146564 -8.34924e-05 0.00118523 0.000840379 0.00869017 0.0118839 -8.16317e-05 -0.00783103 -0.000973843 -0.0044304 0.000966213 -9.6159e-05 0.00126285 -0.00266972 -0.0016603 0.000590225 0.0171654 -0.00532926 0.00249191 -0.00675728 0.0127768 0.00428847 0.0200583 -0.0147056
internal_weight=2528 81 70 59 22 2447 1008 999 103 92 896 105 1439 289 791 1150 753 397 369 725 28 275 42 233 37 19 18 28
internal_count=2528 81 70 59 22 2447 1008 999 103 92 896 105 1439 289 791 1150 753 397 369 725 28 275 42 233 37 19 18 28
is_linear=0
shrinkage=0.0749534


Tree=91
num_leaves=25
num_cat=0
split_feature=5 8 2 17 4 4 4 8 4 4 11 4 4 3 11 14 10 5 10 9 8 4 9 9
split_gain=0.841616 0.458003 1.00119 0.724499 0.800668 0.713987 1.61344 0.633855 0.954613 0.697466 0.565799 0.509092 1.63772 1.24655 0.670261 1.06724 0.68158 0.49616 0.477202 0.470983 0.432809 0.331409 0.516196 0.0866706
threshold=-1.1559697047462236 1.412926094645593 0.51304864677905015 1.4567572365165855 -0.56675410587583652 -0.5095043775246294 -0.33854294999967194 1.3249087770559267 -0.78008957370065968 0.023099342272981303 0.21492155102016219 -0.95350795140593203 -0.9625870330822931 -0.15938547848144871 0.61412925195989043 -0.738224098466287 1.1239849264550583 -0.09794126494740589 -0.15606078145320249 1.4424469391565979 1.9596357606074275 -0.33854294999967194 0.18900519848999808 -0.76863339811635567
decision_type=2 2 2 2 2 2 2 2 2 2 2 2 2 2 2 2 2 2 2 2 2 2 2 2
left_child=21 7 5 4 -4 19 -7 11 -9 -10 -6 12 13 -2 16 -16 -13 -8 -11 20 -3 22 23 -1
right_child=1 2 3 -5 10 6 17 8 9 18 -12 14 -14 -15 15 -17 -18 -19 -20 -21 -22 -23 -24 -25
leaf_value=0.00013800896784111203 0.00084795805276740373 -0.0091229771843570947 0.0060733367679342825 -0.0090947663884895519 -0.0011710748810117582 0.0044514892001875257 -0.00023455646107196768 -0.0075457040362531891 0.0012476755003323185 -0.016243358015328248 0.0042533030035562282 0.00010875482694838322 0.019275283693876051 -0.0018004990348727164 0.0035376745509494794 -0.00084479352615997782 -0.0005862412670070876 -0.0051346924775227901 0.0031693631074972946 0.0036346424197360905 -0.0012390453646974947 -0.00011105703601982158 -8.1400962187448586e-05 0.00061915602469555782
leaf_weight=9.0000000000000018 138 41 10.999999999999998 7.9999999999999991 34 13.999999999999998 42 9.9999999999999982 11.000000000000002 8.0000000000000018 21 1342 8.9999999999999982 116 30 436 102 47 9.9999999999999982 13.999999999999998 44 11.999999999999998 10.999999999999998 8.0000000000000018
leaf_count=9 138 41 11 8 34 14 42 10 11 8 21 1342 9 116 30 436 102 47 10 14 44 12 11 8
internal_value=8.82249e-05 -8.96419e-05 -0.00295498 0.00438959 0.00709176 -0.00567397 -0.00122837 0.00027005 0.00944964 0.0160246 0.00290638 9.40082e-05 0.00317026 0.00189334 -0.00033229 -0.00279649 0.00046525 -0.00510374 0.00541326 -0.0101407 -0.0121922 0.0105507 0.0147056 0.0220507
internal_weight=2528 2488 276 74 66 202 103 2212 39 29 55 2173 263 254 1910 466 1444 89 18 99 85 40 28 17
internal_count=2528 2488 276 74 66 202 103 2212 39 29 55 2173 263 254 1910 466 1444 89 18 99 85 40 28 17
is_linear=0
shrinkage=0.0749534


Tree=92
num_leaves=19
num_cat=0
split_feature=4 16 9 11 8 9 5 4 11 8 7 17 3 4 2 8 9 8
split_gain=0.607972 0.513041 0.478654 0.426143 1.46969 0.9627 0.786149 0.663957 1.92652 0.725881 0.654619 0.628331 0.530591 0.404919 0.331777 0.324111 0.308099 0.478115
threshold=-1.2018160218295064 4.255553654173398 -0.61195729094461826 1.612148504309211 0.65899364800738247 -1.1261275879778223 -0.31613823287034121 -1.0850200202837006 -0.58349385085929406 -0.46938107939774582 -0.56381264192133496 1.4567572365165855 -1.5504005355741566 0.40070406158625554 0.53077522000538968 -0.55684774083431698 0.20631162133304343 -0.44644187726266371
decision_type=2 2 2 2 2 2 2 2 2 2 2 2 2 2 2 2 2 2
left_child=16 3 -3 7 5 10 14 8 -2 -10 -5 -7 15 -14 -6 -9 17 -1
right_child=1 2 -4 4 6 11 -8 12 9 -11 -12 -13 13 -15 -16 -17 -18 -19
leaf_value=0.0047065346200859445 0.0032861542802519639 0.0038272909183454077 -0.0077838324110571936 -0.00062331228223051879 0.0018844903523109306 -0.0011331957564172995 0.013521307981748264 -0.0060553692041910431 0.00058187668231449836 -0.010552758005686856 0.0035595668266259687 0.01519621774483065 0.0001157371389899737 -0.00023427283419931181 0.0012664070211510585 -9.1396762604573705e-05 0.00069826012422351854 -0.012748560571596866
leaf_weight=8.0000000000000018 9.9999999999999982 14.999999999999998 18 7.9999999999999991 9.0000000000000053 96 7.9999999999999991 28 18 54 7.9999999999999991 13.999999999999998 1531 639 11.999999999999998 30 12.999999999999998 9.0000000000000018
leaf_count=8 10 15 18 8 9 96 8 28 18 54 8 14 1531 639 12 30 13 9
internal_value=0.000147466 1.43441e-05 -0.00893499 0.000143637 0.00391661 0.000279182 0.0184062 -0.000112748 -0.00663582 -0.0110495 0.0161435 -0.00231815 0.000133695 0.000327023 0.00871302 -0.00679048 0.0103375 0.0028043
internal_weight=2528 2498 33 2465 155 126 29 2310 82 72 16 110 2228 2170 21 58 30 17
internal_count=2528 2498 33 2465 155 126 29 2310 82 72 16 110 2228 2170 21 58 30 17
is_linear=0
shrinkage=0.0749534


Tree=93
num_leaves=20
num_cat=0
split_feature=5 1 11 8 8 4 15 11 5 4 5 10 15 4 4 9 10 3 9
split_gain=0.83215 0.566687 1.14588 0.736228 0.858736 0.83937 0.800094 0.576075 0.815426 0.76095 1.22197 0.667677 0.510509 0.38937 0.331409 0.516196 0.183796 0.157927 0.0866706
threshold=-1.1559697047462236 1.0000000180025095e-35 2.2109600557188034 1.4480835793558031 1.3249087770559267 -0.5095043775246294 1.0000000180025095e-35 2.4105639061886674 -1.1000833472669447 -0.45666477035085801 -0.73626492055430026 -1.3488139735448057 1.0000000180025095e-35 -0.36830390237170102 -0.33854294999967194 0.18900519848999808 0.77502130564044591 -0.71819098996271269 -0.76863339811635567
decision_type=2 2 2 2 2 2 2 2 2 2 2 2 2 2 2 2 2 2 2
left_child=14 2 3 4 6 17 -2 8 -3 10 -10 -11 -7 -6 15 18 -9 -5 -1
right_child=1 7 -4 5 13 12 -8 16 9 11 -12 -13 -14 -15 -16 -17 -18 -19 -20
leaf_value=0.00021260161333854077 0.00020695276278411042 0.00036326201577012662 0.0024853175634121146 -0.0019502350924911821 -0.0080313557234242324 -0.0021428916396121385 -0.0018916151834089102 -0.0092437943957237537 -0.00083574255570419381 0.00034891250700868015 0.00043912288012479185 -0.00019845100549916795 0.0021053349654673531 0.0035884129942243366 -8.5173383941108309e-05 -0.00010580561848779288 -0.012762770834281836 -0.0096079702647437794 0.00061276212608346191
leaf_weight=9.0000000000000018 265 12.999999999999998 9.9999999999999982 12.999999999999998 8.0000000000000018 19 427 9.0000000000000018 85 110 518 924 27 11.999999999999998 11.999999999999998 10.999999999999998 12.999999999999998 35 8.0000000000000018
leaf_count=9 265 13 10 13 8 19 427 9 85 110 518 924 27 12 12 11 13 35 8
internal_value=0.000147466 -2.94498e-05 -0.00164642 -0.00199127 -0.00115173 -0.00814123 -0.00161661 0.00076 0.000928872 0.000764795 0.00287554 -0.0004685 -0.000739954 0.01327 0.0105507 0.0147056 -0.0106541 -0.0148186 0.0220507
internal_weight=2528 2488 816 806 712 94 692 1672 1650 1637 603 1034 46 20 40 28 22 48 17
internal_count=2528 2488 816 806 712 94 692 1672 1650 1637 603 1034 46 20 40 28 22 48 17
is_linear=0
shrinkage=0.0749534


Tree=94
num_leaves=28
num_cat=0
split_feature=5 4 14 9 2 2 4 3 7 4 3 3 11 4 5 4 5 4 8 8 3 17 1 3 5 9 8
split_gain=0.539158 0.869616 0.638579 1.40068 2.46952 0.539424 0.512815 1.12172 1.39467 1.30119 0.895107 0.898326 1.12001 0.887521 0.743399 0.694724 0.478115 0.473303 0.563572 0.449734 0.427884 0.425885 0.780783 0.470459 0.369036 0.360838 0.318708
threshold=-1.0840011467426518 0.31698370310915908 1.7092913388094815 0.043538787518273656 0.84133352206318546 -0.039511858377226795 0.40070406158625554 -0.65182146006634778 1.1259815782618696 0.9879876948050127 -0.62771428957652808 -1.3434870259196352 0.8137331024297545 -1.065849358730915 -0.19821852879512938 -1.0076433851467883 -0.3725594982938723 2.5581730392551942 0.17232626139974869 -0.46938107939774582 -0.62771428957652808 1.4567572365165855 1.0000000180025095e-35 0.56531235991502482 -0.2667915560105833 -0.26461032216946762 -0.66147292729822549
decision_type=2 2 2 2 2 2 2 2 2 2 2 2 2 2 2 2 2 2 2 2 2 2 2 2 2 2 2
left_child=1 20 6 24 5 16 10 17 9 -9 11 14 -13 19 -2 -15 -5 18 -8 -12 -1 22 23 -22 -4 -24 -19
right_child=2 -3 3 4 -6 -7 7 8 -10 -11 13 12 -14 15 -16 -17 -18 26 -20 -21 21 -23 25 -25 -26 -27 -28
leaf_value=-0.0019392382318994521 0.0015168600752060312 0.0014762539701905419 -0.0047978627044419483 -0.012486501270794037 0.031243784003965328 -0.0092168304745920641 -0.0043039867582123177 -0.0031937133916681653 0.021176302916054466 0.00038436383774465011 0.00027334264888449533 0.00078485277637094632 -0.0047217479245742983 0.0006836164467288494 -0.0043687059255058279 -1.3227614699277665e-05 0.00065037901374969049 -0.0009532415248553576 -0.00034388369157943702 -0.008311946911449701 0.022911056375283536 -0.00077310079950281203 0.00019666639699727974 -0.0051281271299253289 -3.7780682722735809e-05 0.00057821016399209758 0.0018916146701471541
leaf_weight=10.999999999999998 27 10.999999999999998 39 9.0000000000000018 7.9999999999999991 13.999999999999998 157 109 12.999999999999998 272 32 407 44 48 50 1047 8.0000000000000018 11.000000000000002 72 61 9.0000000000000018 12.999999999999998 9.0000000000000018 15.999999999999998 7.9999999999999991 11.999999999999998 10.999999999999998
leaf_count=11 27 11 39 9 8 14 157 109 13 272 32 407 44 48 50 1047 8 11 72 61 9 13 9 16 8 12 11
internal_value=0.000117845 0.00604185 -8.34924e-05 -0.0063358 0.00402767 -0.00610994 0.000149957 -0.00164714 0.000846669 -4.46675e-05 0.000827773 0.00338806 0.00466583 -0.000313453 -0.0039881 0.000288793 0.0028043 -0.00553815 -0.00655024 -0.00724515 0.00256339 0.00515588 0.00847157 -0.000623497 -0.0147394 0.0182929 0.00452845
internal_weight=2528 81 2447 86 39 31 2361 645 394 381 1716 528 451 1188 77 1095 17 251 229 93 70 59 46 25 47 21 22
internal_count=2528 81 2447 86 39 31 2361 645 394 381 1716 528 451 1188 77 1095 17 251 229 93 70 59 46 25 47 21 22
is_linear=0
shrinkage=0.0749534


Tree=95
num_leaves=30
num_cat=0
split_feature=11 1 7 7 14 12 4 9 7 9 7 5 5 9 7 2 13 9 8 5 12 12 6 8 9 8 6 15 6
split_gain=0.816171 0.495662 0.754224 0.974358 1.03261 0.877448 1.17999 0.670851 1.60701 1.87224 2.16742 1.13786 1.05807 1.05208 1.26671 1.01086 1.15917 0.892159 0.87867 0.877789 0.555713 0.808787 0.7708 0.302161 0.293058 0.255525 0.0817081 0.0698377 0.0170055
threshold=3.0093754575982596 1.0000000180025095e-35 -0.80814082542608678 -0.71929421324253939 1.0000000180025095e-35 2.9137298993221377 -0.13967361954057736 -0.78160386104205093 -0.80045217629481813 -0.89318878395471668 0.23836975077433117 -0.015789703483272896 0.28749605085447588 -0.26461032216946762 1.4172959509021503 -0.66466540747020042 0.47950426480585656 -0.23218527721487556 -0.70167348347711922 -0.27629745779418707 -0.67414598255139557 0.86351510968011858 0.95401530329017825 -0.48209127872408392 1.2339744842072349 -0.57198181406425364 2.0446002391443772 1.0000000180025095e-35 1.1098131512693497
decision_type=2 2 2 2 2 2 2 2 2 2 2 2 2 2 2 2 2 2 2 2 2 2 2 2 2 2 2 2 2
left_child=1 2 20 4 25 6 -5 8 12 10 -10 -11 18 15 17 19 -17 -15 -3 -9 27 22 -22 -7 -16 -4 -2 -1 -23
right_child=26 7 3 5 -6 23 -8 13 9 11 -12 -13 -14 14 24 16 -18 -19 -20 -21 21 28 -24 -25 -26 -27 -28 -29 -30
leaf_value=-0.0044366595018656462 0.00095427727908324763 0.0012283603844973009 -0.0060862119799781596 0.00037510495572128045 0.0042246866770671125 -0.00046647324153166545 -0.0016309848795984041 0.0018707550278003855 -0.0010746012348490869 0.0011909460886156418 0.00097442272445836229 0.0056350212466002893 0.0045491208900932563 0.0048337287126951935 -0.0029394305946436449 -0.0016396392022960291 0.00035467012846696956 0.00020388162764986735 -5.9630619103129456e-05 -0.0022349258764468431 0.0018549583937526146 -0.026750127462997923 -0.0075465250580985027 -0.0092365171627111359 0.0022559709744627951 0.0035185127484797761 0.00022729350416079568 -0.018002732460859337 -0.020621273815625039
leaf_weight=14.999999999999998 7.9999999999999991 12.999999999999998 8.0000000000000018 359 9.0000000000000018 8.0000000000000018 249 32 148 35 111 36 10.999999999999998 11.999999999999998 35 210 39 915 24 47 50 18.000000000000004 55 22 11.999999999999998 9.9999999999999982 7.9999999999999991 21 7.9999999999999991
leaf_count=15 8 13 8 359 9 8 249 32 148 35 111 36 11 12 35 210 39 915 24 47 50 18 55 22 12 10 8 21 8
internal_value=0.000443669 0.000327257 -0.00116575 -2.56621e-05 0.0132972 -0.000641143 0 0.00106823 0.00383729 0.00191142 -0.00106882 0.0124751 0.0163036 0.000257331 0.00149516 -0.00339724 -0.00573123 0.00211509 0.00897899 0.0038902 -0.00562952 -0.00321695 -0.000159379 -0.0126458 -0.0101942 0.001752 0.0161435 -0.013596 -0.0144224
internal_weight=2528 2512 832 665 27 638 608 1680 378 330 259 71 48 1302 974 328 249 927 37 79 167 131 105 30 47 18 16 36 26
internal_count=2528 2512 832 665 27 638 608 1680 378 330 259 71 48 1302 974 328 249 927 37 79 167 131 105 30 47 18 16 36 26
is_linear=0
shrinkage=0.0749534


Tree=96
num_leaves=26
num_cat=0
split_feature=11 5 5 2 12 19 6 4 8 11 4 3 12 7 8 8 8 12 11 6 8 11 8 3 4
split_gain=0.838038 0.52479 1.37923 1.18854 0.772085 1.44232 1.64025 1.1703 1.02965 0.905839 0.7468 0.772137 0.709414 1.6136 0.886722 1.5364 1.09758 0.847637 0.822602 0.652718 0.576478 0.423863 0.335589 0.0817081 0.0271865
threshold=3.0093754575982596 -0.22133183000763718 -0.24459592825001847 0.18024082245911446 -0.67414598255139557 1.0000000180025095e-35 -0.3858461893306942 -0.86327429903015929 -0.94419015810234919 0.21492155102016219 -1.1202702329260072 0.28612606986442229 0.86351510968011858 0.82868714518615982 0.99073876124515337 -0.57639123812599613 1.8352519990348422 1.0000000180025095e-35 -1.1823054022688861 -1.0401971508432133 -1.0260727101997211 -0.78309770132915812 -0.29225847774228159 0.12905513875791444 -1.0076433851467883
decision_type=2 2 2 2 2 2 2 2 2 2 2 2 2 2 2 2 2 2 2 2 2 2 2 2 2
left_child=1 2 12 21 7 10 -7 19 20 -10 -6 -12 13 17 15 -14 -16 -1 -15 -3 -9 -4 -8 -2 -21
right_child=23 4 3 -5 5 6 22 8 9 -11 11 -13 14 18 16 -17 -18 -19 -20 24 -22 -23 -24 -25 -26
leaf_value=-8.0339157295213846e-05 0.00027486084093258955 0.0083176154538215138 0.0018369795524544117 -0.0021303766028891481 -0.014160921631197922 -0.00045439541386772261 0.0089885291886848181 -0.00011275600286603486 0.001638196388249508 -0.00024106283357164921 -0.00013025521896835979 -0.001421875539510855 -0.0032869262042889993 -0.0010394020566089303 -0.0082364220949821976 0.00039261313135886149 0.00049828231255090363 0.00039669677613275419 0.0028523349745212569 -0.0069965980066687469 -0.002257121483184645 0.0096402112185645893 0.023739905269893218 0.00053712259132065749 -0.013606119209887808
leaf_weight=585 7.9999999999999991 7.9999999999999991 8.0000000000000053 7.9999999999999991 20 14.999999999999998 11.999999999999998 51 228 81 569 169 86 12.999999999999998 39 152 30 328 35 8.0000000000000018 17 14.999999999999998 12.000000000000002 7.9999999999999991 23
leaf_count=585 8 8 8 8 20 15 12 51 228 81 569 169 86 13 39 152 30 328 35 8 17 15 12 8 23
internal_value=0.000236327 0.000118595 0.00116499 0.0161867 -0.00100075 -0.00236527 0.011257 0.00160816 0.00290918 0.00474752 -0.00310258 -0.00268026 0.000765688 0.00176817 -0.00235623 -0.000149153 -0.00967804 0.00104214 0.0148186 -0.0103533 -0.00529511 0.0242131 0.0225905 0.0161435 -0.0150671
internal_weight=2528 2512 1299 31 1213 797 39 416 377 309 758 738 1268 961 307 238 69 913 48 39 68 23 24 16 31
internal_count=2528 2512 1299 31 1213 797 39 416 377 309 758 738 1268 961 307 238 69 913 48 39 68 23 24 16 31
is_linear=0
shrinkage=0.0749534


Tree=97
num_leaves=23
num_cat=0
split_feature=11 10 7 9 9 15 5 5 12 0 4 8 5 7 9 13 4 6 7 10 7 6
split_gain=0.834899 0.689709 0.62535 0.498467 0.537699 0.719021 0.525929 0.460006 0.733656 0.536268 0.921074 0.913132 0.726458 0.718641 0.711761 0.43588 0.631571 0.430883 0.409522 0.267738 0.220314 0.0817081
threshold=3.0093754575982596 1.3023706752978965 -0.95166227587642915 -0.69410122739150271 0.71982376240534307 1.0000000180025095e-35 -0.38284365758627686 -1.1714853796827731 1.0000000180025095e-35 1.0000000180025095e-35 2.1679617081371565 2.2556862886215261 -0.27112577944575128 0.011127454227954952 1.4244586108551691 -0.33588014603357419 -0.73203799872002195 -1.0713567204390475 -0.77226046281349958 1.5279807792773905 -0.14606270578908762 2.0446002391443772
decision_type=2 2 2 2 2 2 2 2 2 2 2 2 2 2 2 2 2 2 2 2 2 2
left_child=1 7 15 6 5 -5 20 8 -1 10 13 12 -11 -9 -13 16 -3 -12 -10 -6 -4 -2
right_child=21 2 3 4 19 -7 -8 9 18 11 17 14 -14 -15 -16 -17 -18 -19 -20 -21 -22 -23
leaf_value=-0.0020490893337953412 0.00084249176996576065 0.0019538069862195303 0.0009466387762540854 0.001743179038290467 -0.0012226332040749029 -0.00074490429560362091 -0.0044769088574645082 -0.00044737065245555941 0.00014434887240045299 0.00044735272564132522 -0.00092213401141204342 -0.0030687182645880071 3.5917175506230844e-06 0.00016135519100787433 0.011136899660550561 0.00053686761266243555 -0.0061353874168798492 -0.010209935962649047 0.0023186192926759781 -0.00049035229112849327 -0.0016398372481367383 0.00018474096932191459
leaf_weight=8.0000000000000018 7.9999999999999991 9.0000000000000018 8.0000000000000018 28 11.999999999999998 67 31 600 9.0000000000000018 510 36 23.000000000000004 553 499 7.9999999999999991 8.9999999999999982 8.0000000000000018 45 7.9999999999999991 32 8.9999999999999982 7.9999999999999991
leaf_count=8 8 9 8 28 12 67 31 600 9 510 36 23 553 499 8 9 8 45 8 32 9 8
internal_value=0.000265947 0.000148404 -0.00390592 -0.00543088 -0.00303503 0.00017573 -0.0118485 0.000528524 0.0101727 0.000410859 -0.000695896 0.00160496 0.00198581 -0.000117623 -0.0105885 0.00652479 -0.000879658 -0.00828672 0.0182014 -0.00964259 -0.000879658 0.0161435
internal_weight=2528 2512 213 187 139 95 48 2299 25 2274 1180 1094 1063 1099 31 26 17 81 17 44 17 16
internal_count=2528 2512 213 187 139 95 48 2299 25 2274 1180 1094 1063 1099 31 26 17 81 17 44 17 16
is_linear=0
shrinkage=0.0749534


Tree=98
num_leaves=28
num_cat=0
split_feature=11 10 7 1 6 6 7 11 9 3 13 9 9 9 12 7 0 10 10 6 11 6 6 11 3 3 6
split_gain=0.828636 0.595154 0.585296 0.629744 0.490954 0.644484 0.745881 0.468576 0.950892 1.36457 1.46508 0.820328 1.1507 1.68671 1.26957 1.13715 0.936913 0.71404 0.796994 0.740936 0.377497 0.332001 0.725645 0.529604 0.290814 0.0817081 0.0264496
threshold=3.0093754575982596 1.3023706752978965 -0.95166227587642915 1.0000000180025095e-35 0.14386649379848784 -0.19888877175568878 -0.016209964905443047 -0.18428614991956593 -1.6214746446974193 0.9576229269467661 0.018297846400106201 -1.4222159022248613 -0.70489326786399109 -0.49545164863115554 0.35096141226961375 -0.26480962014978815 1.0000000180025095e-35 0.35415271937508069 -0.27476719565832469 0.86053659450267561 1.0133369528996188 0.67357917692767011 0.48662175935266461 1.612148504309211 -1.0189617729575222 0.12905513875791444 0.48662175935266461
decision_type=2 2 2 2 2 2 2 2 2 2 2 2 2 2 2 2 2 2 2 2 2 2 2 2 2 2 2
left_child=1 7 3 -3 5 6 -4 8 9 10 -1 15 14 -14 -13 20 -17 18 -10 -19 -9 22 -6 -23 -7 -2 -5
right_child=25 2 4 26 21 24 -8 11 17 -11 -12 12 13 -15 -16 16 -18 19 -20 -21 -22 23 -24 -25 -26 -27 -28
leaf_value=-0.00064622678904522311 0.00024041211703903877 -0.019845400418135709 -0.0098320422443797396 0.00049662755323827076 -0.00012668610720533392 -0.0032956133824435427 0.00070684900909571589 -0.0086336415274575994 -0.00021484095586179986 0.0094299510634612647 0.013616631514926359 0.002713164653462467 -0.006093972434893305 0.00021460317748132676 -4.9758265882648899e-05 0.0025210412462743168 -0.0035997786719742333 -0.0013573934482882827 0.0002348460975450052 0.0052808700704346113 -0.0013207249528412301 -0.0023430248800255962 0.0025737251119604784 0.0003096715892551794 -0.0031763187574088275 0.00043371578753664065 0.00057253863933561129
leaf_weight=39 7.9999999999999991 9.0000000000000018 14.000000000000002 9.0000000000000018 31 17 13.999999999999998 32 690 12.999999999999998 10.999999999999998 124 85 776 57 22 30 167 231 7.9999999999999991 13.999999999999998 28 17 29 37 7.9999999999999991 7.9999999999999991
leaf_count=39 8 9 14 9 31 17 14 32 690 13 11 124 85 776 57 22 30 167 231 8 14 28 17 29 37 8 8
internal_value=0.000325188 0.000208022 -0.00355806 0.00652479 -0.00503529 -0.00929777 0 0.000561092 -0.000498746 0.00827533 0.00211199 0.00163875 0.00225896 0.0011049 0.00765112 -0.00483306 0.00272245 -0.00102205 -0.000180878 -0.00537576 -0.0131105 -0.00155422 0.00293821 -0.00532927 -0.0139078 0.0161435 0.0143522
internal_weight=2528 2512 213 26 187 82 28 2299 1159 63 50 1140 1042 861 181 98 52 1096 921 175 46 105 48 57 54 16 17
internal_count=2528 2512 213 26 187 82 28 2299 1159 63 50 1140 1042 861 181 98 52 1096 921 175 46 105 48 57 54 16 17
is_linear=0
shrinkage=0.0749534


Tree=99
num_leaves=32
num_cat=0
split_feature=10 5 11 9 7 9 5 5 11 8 6 9 4 4 5 11 4 8 13 4 7 16 5 4 4 18 9 11 8 6 13
split_gain=0.729844 0.638562 0.627972 0.566205 0.865246 0.678863 1.39349 0.634146 0.475855 0.970251 1.497 1.56003 1.29036 0.815094 0.764833 0.702964 1.77536 1.38738 1.04465 0.814309 0.745448 0.547293 0.423832 0.376843 0.639118 0.698393 0.292137 0.253649 0.1448 0.0986097 0.0432371
threshold=1.3023706752978965 -1.1714853796827731 1.0000000180025095e-35 -0.39765087737398219 -0.38184794581465037 -0.13202043892023482 1.0000000180025095e-35 -0.38284365758627686 -0.18428614991956593 -0.71436842502177778 -0.3858461893306942 -0.20397818439071433 -0.13258898762296323 2.1737462307143862 -0.82398618589533268 -0.78309770132915812 -0.60451789746136397 -1.1007210659419726 0.52328659146806233 -0.75997484494810263 1.2754830891476436 2.9360345032166522 0.21866618386554917 -0.45666477035085801 -0.75058769643083378 1.0000000180025095e-35 0.93795638109834212 0.21492155102016219 -1.0573722555090628 1.3279301384401896 -0.014141971860139947
decision_type=2 2 2 2 2 2 2 2 2 2 2 2 2 2 2 2 2 2 2 2 2 2 2 2 2 2 2 2 2 2 2
left_child=1 2 29 4 7 6 -5 -2 15 10 11 -10 -12 14 -11 16 17 -3 -18 21 -21 -17 -9 24 25 -7 -25 -26 -6 -1 -30
right_child=3 8 -4 5 28 23 -8 22 9 13 12 -13 -14 -15 -16 19 18 -19 -20 20 -22 -23 -24 26 27 -27 -28 -29 30 -31 -32
leaf_value=-0.00063055342531314978 0.0033211336251744664 0.013004817105623394 0.00080849788287456223 0.0063965584296613335 -0.00064181377883664077 0.00053856630299284661 -0.011996229337446609 -0.0027895035501151332 0.0037680802357013504 -0.00051323861434409356 -3.5772377351056959e-05 -0.0046111822893567028 -0.0034065587027868904 0.0069133361107195455 0.0003496296928138291 -0.0016968312520157674 -0.00043435519734629744 0.0021343275820569188 0.0037203189579051795 -2.8261199263378102e-05 -0.0053921930354449863 0.00038351940567435991 0.00063033200240471591 -0.010903545129373162 0.0019545700882754448 -0.0013672106594331981 -0.0015100311452068984 0.0005654549386356801 -0.004000276454303695 0.00025596650319552371 -0.0018236435497540645
leaf_weight=10.000000000000005 9.9999999999999982 13.999999999999998 10.999999999999998 12.000000000000002 11.999999999999998 27 9.9999999999999982 16.000000000000004 14.000000000000002 111 199 11.999999999999998 84 11.999999999999998 707 120 429 112 34 408 14.999999999999998 14.999999999999998 7.9999999999999991 16.000000000000004 9.0000000000000018 23 12.999999999999998 13.999999999999998 35 7.9999999999999991 7.9999999999999991
leaf_count=10 10 14 11 12 12 27 10 16 14 111 199 12 84 12 707 120 429 112 34 408 15 15 8 16 9 23 13 14 35 8 8
internal_value=0.000265947 0.000654246 0.0112614 -0.00390592 -0.00838139 -0.000579921 0.0106541 0.000983413 0.000506962 0.00159094 -0.00198013 0.0144224 -0.00360456 0.00292427 0.00260163 -0.000569159 0.00123283 0.00903051 -0.000922445 -0.00247118 -0.000833002 -0.00748516 -0.00560203 -0.00321312 -0.000226955 -0.00496888 -0.0100706 0.00950018 -0.0139918 0.001752 -0.0160359
internal_weight=2528 2315 29 213 89 124 22 34 2286 1139 309 26 283 830 818 1147 589 126 463 558 423 135 24 102 73 50 29 23 55 18 43
internal_count=2528 2315 29 213 89 124 22 34 2286 1139 309 26 283 830 818 1147 589 126 463 558 423 135 24 102 73 50 29 23 55 18 43
is_linear=0
shrinkage=0.0749534


Tree=100
num_leaves=21
num_cat=0
split_feature=4 5 4 9 9 4 5 5 5 2 9 9 7 0 5 4 9 4 9 3
split_gain=0.472156 1.18792 0.923498 0.802402 1.02543 0.699494 0.57731 1.04546 0.897561 0.760504 2.20409 0.807049 0.613741 0.555898 0.491646 0.393912 0.262892 0.17811 0.058991 0.0271865
threshold=1.932918031135513 -1.0237405522185019 1.8692196339919314 0.54972844088315587 0.4368248712950028 2.5051164745240513 1.1768908611797355 1.3663692979144637 1.1484784438646101 -0.27043883610983449 -0.16326678476053383 -0.13690785889130958 1.8213771774676986 1.0000000180025095e-35 1.4730917322475066 2.2911857679507306 1.8136193907650322 2.4061798257454163 -0.69410122739150271 0.44171384513875844
decision_type=2 2 2 2 2 2 2 2 2 2 2 2 2 2 2 2 2 2 2 2
left_child=2 -2 6 4 5 15 8 18 9 10 -1 -11 14 -7 -9 -3 17 -5 -8 -20
right_child=1 3 -4 16 -6 13 7 12 -10 11 -12 -13 -14 -15 -16 -17 -18 -19 19 -21
leaf_value=0.00097890592569005713 0.003324546828308171 -0.00083458783503175405 0.00075037251661777961 -0.0093529620235695797 0.026828871638527225 -0.00079627399397757398 -0.00060320552280858537 0.011392048992030394 0.016039434969197845 -0.00034834325268107423 -3.9893411326276017e-05 0.00015048769623660365 -0.012000797733234009 0.0038059937863843332 -0.00035719681497831617 -0.0083642784175341749 -0.0032162473281145748 -0.0052461687885883958 -0.0076333378036235206 -0.011241315744100817
leaf_weight=305 7.9999999999999991 51 9.9999999999999982 32 7.9999999999999991 15.999999999999998 13.999999999999998 19 9.9999999999999982 657 385 732 11.999999999999998 17 163 32 13.999999999999998 11.999999999999998 23.000000000000004 7.9999999999999991
leaf_count=305 8 51 10 32 8 16 14 19 10 657 385 732 12 17 163 32 14 12 23 8
internal_value=0.000265947 -0.00330175 0.000559748 -0.00466388 -0.00117257 -0.00314975 0.000449582 -0.00301975 0.000850374 0.000728425 0.0027578 -0.000281641 -0.000564052 0.00576545 0.000600744 -0.00677741 -0.0117484 -0.0144812 -0.012992 -0.0150671
internal_weight=2528 190 2338 182 124 116 2328 239 2089 2079 690 1389 194 33 182 83 58 44 45 31
internal_count=2528 190 2338 182 124 116 2328 239 2089 2079 690 1389 194 33 182 83 58 44 45 31
is_linear=0
shrinkage=0.0749534


Tree=101
num_leaves=31
num_cat=0
split_feature=2 7 8 12 13 4 8 8 5 5 4 5 8 7 8 13 3 16 15 5 13 10 2 4 6 6 5 12 2 4
split_gain=0.645115 0.523297 0.975573 0.928402 0.903497 0.836544 0.780089 0.85017 0.762666 0.833737 0.75457 1.72646 0.818099 0.768473 1.19152 0.686988 0.650125 0.609441 0.56259 0.468874 0.485873 0.438635 0.235057 0.18287 0.125034 0.534091 0.0963759 0.305467 0.0214238 0.00335068
threshold=-1.6360912705759862 0.63049085646902003 -1.1007210659419726 0.35096141226961375 -0.28762938425700518 -1.0949021080317813 -0.23190408938571208 -0.15090090600725856 0.78648853774055827 0.38495777128076686 -0.95350795140593203 -0.36068313092814569 0.90036442985009868 0.54335283298131087 1.082032558742797 0.62735250926490538 0.25804929448404507 1.6165153522599058 1.0000000180025095e-35 -0.19821852879512938 0.12390536042666062 1.4902962987819064 -0.81471578301340009 -0.39907874816174432 -0.57280360690569965 -0.35468661973485993 -0.43342961991082624 1.3760688070906235 -2.2147849407289049 -1.0433943353064836
decision_type=2 2 2 2 2 2 2 2 2 2 2 2 2 2 2 2 2 2 2 2 2 2 2 2 2 2 2 2 2 2
left_child=19 5 4 8 23 21 22 -8 9 -4 11 16 -13 17 -15 -6 -7 -12 -10 -1 24 26 -5 -3 28 -26 -2 -28 -21 -27
right_child=1 2 3 6 15 10 7 -9 18 -11 13 12 -14 14 -16 -17 -18 -19 -20 20 -22 -23 -24 -25 25 29 27 -29 -30 -31
leaf_value=4.7705487749536308e-05 -0.0042472001154987308 0.0011592832861009148 0.00030402384569969392 -0.0089955128316370255 0.01314404382042032 0.0036417891097791236 0.0048020377963326451 -0.0014483503508661445 0.0015259673383659516 0.00869221729266457 -2.1204196419636102e-05 0.0003931994191860369 -0.0076485808199815535 -0.011747991360488059 0.0032566671389530153 0.00081101039779937843 4.6022425781361063e-05 0.00057649985192514009 -0.0037787992309548822 -4.50903570894488e-05 0.0017517357951788992 -0.00047059545617154545 -0.00028737259080712077 -0.0030045496816295141 0.00077987391710009849 -0.011537921812089822 -0.0073083651643586836 -0.0045366650728479443 -0.007985459914179668 -0.0085710571338098573
leaf_weight=10.999999999999998 19.999999999999996 7.9999999999999991 131 28 13.000000000000002 39 7.9999999999999991 70 51 29 1705 66 21 30 8.9999999999999982 8.9999999999999982 20 70 50 8.0000000000000018 7.9999999999999991 13.999999999999998 27 7.9999999999999991 11.999999999999995 12.999999999999996 11.000000000000005 10.999999999999998 20 8.0000000000000071
leaf_count=11 20 8 131 28 13 39 8 70 51 29 1705 66 21 30 9 9 20 70 50 8 8 14 27 8 12 13 11 11 20 8
internal_value=0.000177086 0.000396979 0.00275655 0.00160287 0.0138501 -0.000110604 -0.00344609 0.00137713 0.00419002 0.00737139 0.000151953 0.00528989 -0.00144804 -0.000267325 -0.0103533 0.0229054 0.0149104 -3.07208e-05 -0.000889923 -0.00634232 -0.00862933 -0.00894555 -0.0100793 0 -0.0108979 -0.00682196 -0.0126043 -0.00759127 -0.0147056 -0.013503
internal_weight=2528 2448 432 394 38 2016 133 78 261 160 1960 146 87 1814 39 22 59 1775 101 80 69 56 55 16 61 33 42 22 28 21
internal_count=2528 2448 432 394 38 2016 133 78 261 160 1960 146 87 1814 39 22 59 1775 101 80 69 56 55 16 61 33 42 22 28 21
is_linear=0
shrinkage=0.0749534


Tree=102
num_leaves=32
num_cat=0
split_feature=4 18 5 5 8 10 4 4 5 3 7 10 7 7 10 8 3 12 10 16 4 13 5 14 3 0 2 8 12 3 5
split_gain=0.58334 0.481729 0.88266 1.23311 1.09717 0.915146 0.888222 0.834729 0.779119 0.778923 0.773849 0.741848 0.691381 1.09204 0.879614 1.6068 1.13594 0.879237 0.671077 0.537377 0.550426 0.535081 0.94574 1.05138 0.736458 0.616032 0.513283 0.504902 0.253124 0.0817081 0.0271865
threshold=-1.2018160218295064 1.0000000180025095e-35 0.14143665816916359 -0.045832712166879591 0.62285889867506772 -0.30325539505274751 1.3980994608532036 -0.22722272278019931 -1.0641829808912437 -1.3442390248421041 -0.20757189883923458 -0.60055800914402568 0.39043414470386267 0.42546021296852948 -1.0765361359636354 -0.15090090600725856 0.57194108049591175 1.0000000180025095e-35 -1.4663558919769029 1.0000000180025095e-35 -0.75997484494810263 -0.16431896647030098 -1.0237405522185019 -0.738224098466287 -0.81263795866640198 1.01557764731833 1.3150768497819527 0.28022981159360905 1.3760688070906235 -0.77201283333510051 0.47686764340055127
decision_type=2 2 2 2 2 2 2 2 2 2 2 2 2 2 2 2 2 2 2 2 2 2 2 2 2 2 2 2 2 2 2
left_child=28 12 3 5 10 9 19 -6 -7 -3 -5 18 21 17 15 -15 -16 -14 -8 20 -4 22 24 -24 -2 26 -23 -13 29 -1 -21
right_child=1 2 6 4 7 8 11 -9 -10 -11 -12 27 13 14 16 -17 -18 -19 -20 30 -22 25 23 -25 -26 -27 -28 -29 -30 -31 -32
leaf_value=0.0030163384166122958 0.0016627136427840206 0.0014490255413846926 -0.0065277966498764588 -0.0032636768623787778 0.0027051342092468157 -0.0053218418461010468 -0.0039764828842790206 -0.00010421804056482107 8.4826668049287375e-05 -0.0032696963699488822 0.0012947864821032627 -0.0070340076588719875 -0.00031829894204952526 0.00033953905817506945 0.00082070406792546192 -0.0046581885939793143 -0.0030309640004936478 0.012969952498460448 0.0045194055427284687 -0.007468925245386557 -0.00033471400161583285 -0.00089220431216069157 0.00056496415873714652 -8.0024890125943024e-05 0.00022105954656008556 0.006342240757981967 0.00045115255989450448 0.00064556948945893239 1.2170806950909655e-05 0.00063669621878525496 -0.0042509143448723405
leaf_weight=8.0000000000000018 7.9999999999999991 18 60 13.999999999999998 15.000000000000002 11.999999999999998 10.000000000000002 9.9999999999999982 305 178 51 11.000000000000002 8.0000000000000018 58 210 35 34 11.999999999999998 18 8.0000000000000018 171 215 161 748 48 13.999999999999998 35 7.9999999999999991 13.999999999999998 8.0000000000000018 23
leaf_count=8 8 18 60 14 15 12 10 10 305 178 51 11 8 58 210 35 34 12 18 8 171 215 161 748 48 14 35 8 14 8 23
internal_value=0.000354808 0.000224174 -0.00114573 0.000523463 0.00849339 -0.000905673 -0.00438656 0.0210861 0.00157862 -0.00490137 0.00303107 0.00489143 0.00101348 0.00390508 0.00281038 -0.00331974 0.00516326 0.0199408 0.0122459 -0.00608718 -0.00472842 0.000166071 0.000986123 0.000388843 0.0102274 -0.00280677 -0.0037046 -0.00603384 0.0103375 0.0161435 -0.0150671
internal_weight=2528 2498 912 603 90 513 309 25 317 196 65 47 1586 357 337 93 244 20 28 262 231 1229 965 909 56 264 250 19 30 16 31
internal_count=2528 2498 912 603 90 513 309 25 317 196 65 47 1586 357 337 93 244 20 28 262 231 1229 965 909 56 264 250 19 30 16 31
is_linear=0
shrinkage=0.0749534


Tree=103
num_leaves=25
num_cat=0
split_feature=5 2 5 5 6 14 6 7 4 8 5 8 8 4 8 7 5 11 14 3 2 17 16 4
split_gain=0.663564 0.920413 0.624649 0.547279 0.674626 1.06983 0.807999 0.682268 1.14242 1.04034 0.611021 0.519953 1.68079 1.36279 0.779784 0.86272 0.633014 0.589137 0.509263 0.447674 0.46943 0.397072 0.609704 0.0395994
threshold=-1.1000833472669447 -0.16731763273310926 2.9875634987914843 -0.82398618589533268 -0.10541006296818604 1.7092913388094815 0.050387785010985106 0.35199089904751929 -1.0770953498075544 2.394979477613302 -0.27629745779418707 0.28022981159360905 0.90036442985009868 -0.24553934827866983 -1.1073008537514022 -0.24003508406014382 -0.91167233754235621 0.61412925195989043 -0.738224098466287 -0.15938547848144871 1.1953943073637721 1.4567572365165855 1.0000000180025095e-35 -0.40884383811588809
decision_type=2 2 2 2 2 2 2 2 2 2 2 2 2 2 2 2 2 2 2 2 2 2 2 2
left_child=1 -1 3 11 7 6 -6 9 -9 -5 -7 14 13 -13 15 -2 -16 -14 -4 -3 21 22 -21 -22
right_child=2 19 18 4 5 10 -8 8 -10 -11 -12 12 17 -15 16 -17 -18 -19 -20 20 23 -23 -24 -25
leaf_value=0.00069024289368944545 -0.010444433793811585 -0.00072830978252749236 0.0052634730006117774 -0.00038008371489559598 0.0012719044339598285 -0.005928323641534455 0.00016993468629480137 0.0010123947912768236 2.6137717512182201e-05 0.0085098365908550019 0.00046535360170383791 0.0064274589259204068 -0.0039089805123102101 -0.00014652877552934847 -0.0051303183809760606 0.019055147410487951 -0.00016413203642439805 0.00014903962602626824 -0.0047931499752930512 0.00093447411775225177 -0.00022675897136540093 -0.00011784026806411172 -0.00017845065021683337 -0.0061073105550946251
leaf_weight=14.999999999999998 14.000000000000002 10.999999999999998 14.999999999999998 656 153 35 815 27 476 7.9999999999999991 11.999999999999998 15.999999999999998 36 17 75 12.999999999999998 58 10.999999999999998 20 12.000000000000005 7.9999999999999991 8.9999999999999982 7.9999999999999991 7.9999999999999991
leaf_count=15 14 11 15 656 153 35 815 27 476 8 12 16 36 17 75 13 58 11 20 12 8 9 8 8
internal_value=0.000354808 0.00737427 0.000144104 0.000293032 0.000668345 0.00207949 0.0026243 -0.000559426 0.00151673 -0.00213438 -0.0086791 -0.00308458 0.00179815 0.0142176 -0.00552607 0.0056676 -0.0078723 -0.00716403 -0.00945823 0.00253621 0.00588695 0.0112614 0.0166054 -0.00397053
internal_weight=2528 71 2457 2422 2182 1015 968 1167 503 664 47 240 80 33 160 27 133 47 35 56 45 29 20 16
internal_count=2528 71 2457 2422 2182 1015 968 1167 503 664 47 240 80 33 160 27 133 47 35 56 45 29 20 16
is_linear=0
shrinkage=0.0749534


Tree=104
num_leaves=36
num_cat=0
split_feature=1 4 7 15 10 19 4 12 3 8 15 6 2 2 7 9 9 13 15 3 7 9 2 9 7 9 3 6 6 13 10 9 13 13 8
split_gain=0.762478 0.751683 0.704476 0.756547 0.907205 0.838095 1.09593 0.860479 0.819928 0.702406 0.637632 0.915526 1.15223 0.583852 0.551616 2.36761 1.4114 1.03469 1.01202 0.833636 0.822116 0.776715 0.698965 0.681503 1.86281 0.687491 0.54733 0.41113 0.362751 0.354475 0.254646 0.306875 0.304404 0.219981 0.0663571
threshold=1.0000000180025095e-35 2.2829042817691398 -0.95166227587642915 1.0000000180025095e-35 -0.9679193460638621 1.0000000180025095e-35 -1.2018160218295064 0.86351510968011858 0.65229503642985565 -1.0013789984630945 2.1112254216092903 0.20618563299015633 -0.86042910353959889 0.42117975728787055 -0.80814082542608678 -0.66471179592159524 0.053817933078398807 -0.33405728680785335 1.0000000180025095e-35 0.36697242506836175 -0.73894298324467 -0.85933666562035305 0.58692141177995538 -1.0313178294301146 0.24605839990559988 -0.78160386104205093 0.68275253120686874 0.2996643417776591 2.3717757199006368 -0.17605962364547922 -1.3383867685862985 0.66111494389019321 -0.32987112572679234 -0.30722970608283412 1.0000000180025095e-35
decision_type=2 2 2 2 2 2 2 2 2 2 2 2 2 2 2 2 2 2 2 2 2 2 2 2 2 2 2 2 2 2 2 2 2 2 2
left_child=1 2 13 4 9 6 -5 -7 -6 -4 14 12 -12 26 15 17 28 19 -18 -2 21 -16 -19 24 -22 -25 27 -1 -17 -15 31 32 -3 -23 -14
right_child=10 30 3 5 8 7 -8 -9 -10 -11 11 -13 34 29 20 16 18 22 -20 -21 23 33 -24 25 -26 -27 -28 -29 -30 -31 -32 -33 -34 -35 -36
leaf_value=-0.030611423844298505 0.00090038386728503409 0.0064505837525154182 0.0017447812498061425 0.0026662996474986827 0.0015424724299332516 0.0028193584775646464 -0.00085252873368348091 -0.0042072941509947916 -0.0014042621936208551 -0.00051297486674319807 -0.00020854645022531679 -0.00098167492219651325 0.00029030509879152491 -0.016066557744776319 0.00045359721953245599 -0.0033641486009511634 -0.0013892079626894496 -0.0029799314078365179 0.0015725348218021825 0.0032598082560316749 -0.0016160877355655204 -0.0045914887630723791 0.0024260374627285836 0.0011772445276806293 0.0004392191836638977 8.8463415131099726e-05 0.0043109247585105112 -0.00096797779715651416 -0.00037043939779441364 -0.0075910428762451772 -0.014435714393249857 -0.022975415985278882 -0.02234750277313299 -0.00012275123875363862 0.0076986152280342311
leaf_weight=19 8.9999999999999982 10.000000000000002 7.9999999999999991 7.9999999999999991 126 27 374 17 38 53 12.999999999999995 12.999999999999998 10.000000000000005 28 9.9999999999999982 37 31 10.000000000000002 38 23 103 33 11.999999999999998 121 92 1108 7.9999999999999991 68 10.999999999999998 13.999999999999998 19 8.9999999999999982 9.0000000000000018 8.9999999999999982 9.9999999999999982
leaf_count=19 9 10 8 8 126 27 374 17 38 53 13 13 10 28 10 37 31 10 38 23 103 33 12 121 92 1108 8 68 11 14 19 9 9 9 10
internal_value=0.000621391 -0.0012287 -0.000661711 0.000370313 0.00386462 -0.00148316 -0.00262766 0.00802972 0.00674403 -0.00381253 0.00153528 0.0100179 0.0163306 -0.00549689 0.00128273 0.00528367 -0.000770742 0.0178896 0.00600756 0.0260452 0.000810056 -0.00822644 0.00452845 0.00115485 -0.00293348 0.00180942 -0.00209816 -0.00396123 -0.0103634 -0.0126043 -0.0101942 -0.00486667 0.000797723 -0.0126043 0.0266116
internal_weight=2528 835 788 651 225 426 382 44 164 61 1693 46 33 137 1647 171 117 54 69 32 1476 52 22 1424 195 1229 95 87 48 42 47 28 19 42 20
internal_count=2528 835 788 651 225 426 382 44 164 61 1693 46 33 137 1647 171 117 54 69 32 1476 52 22 1424 195 1229 95 87 48 42 47 28 19 42 20
is_linear=0
shrinkage=0.0749534


Tree=105
num_leaves=40
num_cat=0
split_feature=1 12 2 9 9 7 3 9 8 9 9 15 10 10 4 2 3 7 8 5 9 8 15 8 8 2 9 9 5 4 4 8 3 3 16 4 4 4 4
split_gain=0.558281 0.762831 0.672084 0.669049 0.829176 1.1205 0.961117 0.821082 0.754689 1.1081 1.29041 0.919117 0.85176 0.892818 0.84134 0.769671 0.611741 0.576643 0.817594 1.13403 1.03071 0.985266 0.852108 0.79525 1.35959 0.998073 0.899835 1.323 0.553697 0.550536 1.09275 0.380423 0.353436 0.298597 0.271261 0.249831 0.0376147 0.0234513 0.0145949
threshold=1.0000000180025095e-35 2.4011762019116332 -0.48876784675032764 0.49197826545808798 0.75511034059598547 -0.30325286580612903 -0.7403264394344059 0.82872496352003377 0.43454630099422958 -0.40867616849884181 -0.13690785889130958 1.0000000180025095e-35 1.3023706752978965 1.2333146729505615 -0.8449695640460565 -0.78592486152974683 0.69599462098901521 -0.45873443712733469 -0.22426487692684852 -1.0840011467426518 -0.3382156374208557 2.1912069242036796 1.0000000180025095e-35 -0.81658474848564877 -0.72043850562768286 0.060688580776166214 -0.11003921845926969 -0.38773313862885356 2.504600442685343 -0.4490207211994785 -0.6420636373829991 0.18692742101554077 -0.087836328054997179 -0.50081561275691477 1.0000000180025095e-35 -1.0262269360847254 0.29116545289921342 -0.17648611743292261 -0.030817663579917547
decision_type=2 2 2 2 2 2 2 2 2 2 2 2 2 2 2 2 2 2 2 2 2 2 2 2 2 2 2 2 2 2 2 2 2 2 2 2 2 2 2
left_child=3 17 31 8 34 6 -6 -8 12 14 -11 -12 13 16 -10 -16 -1 23 19 -19 28 -22 -21 26 38 -26 27 -2 -20 30 -7 32 -3 -31 36 -14 -5 -37 -25
right_child=1 2 -4 4 5 29 7 -9 9 10 11 -13 35 -15 15 -17 -18 18 20 22 21 -23 -24 24 25 -27 -28 -29 -30 33 -32 -33 -34 -35 -36 37 -38 -39 -40
leaf_value=0.00012142466281894725 0.00049331402664542373 0.013520012670995885 0.0046953019058333769 -0.010335346342420199 -0.014446375216947527 -0.0016789431431720649 0.033349967981071885 0.00024754612849360602 -0.020497485449697067 0.0084113407292623031 0.0015326448703065234 -0.00057399470156378567 -0.0013197040900223697 0.0046037574916728196 0.0024881650453033974 -0.0053364682438581564 -0.0019767053819340387 0.00039175530922120889 -0.0011614201276541763 0.00059549445573609731 -6.8620225567140585e-05 0.0043330273372458187 -5.9672885993250995e-05 -0.0055967590459161352 -0.00091473535255014713 0.00051315266937212599 0.0051355498241070002 -0.0020720995351867456 0.0021338318995361115 -0.0058874583296315676 0.01085392629590156 -0.0087600462760024766 -0.0001929151821961219 -0.0013738701801616806 -0.0034100289979738792 -0.011799625739454487 -0.024380407078945961 -0.017787059755057743 -0.0069205644449415538
leaf_weight=328 46 9.0000000000000018 14.999999999999998 30 13.999999999999998 46 7.9999999999999991 53 15.999999999999998 11.999999999999998 21 51 7.9999999999999991 7.9999999999999991 10.999999999999998 38 62 10.999999999999998 165 286 395 21 350 17.000000000000004 62 246 18 15.999999999999998 9.9999999999999982 35 7.9999999999999991 8.9999999999999982 9.0000000000000018 34 14.999999999999998 21 7.9999999999999991 8.0000000000000018 7.9999999999999991
leaf_count=328 46 9 15 30 14 46 8 53 16 12 21 51 8 8 11 38 62 11 165 286 395 21 350 17 62 246 18 16 10 35 8 9 9 34 15 21 8 8 8
internal_value=0.000443669 0.00122582 0.0109189 -0.0011392 -0.00435533 -0.00204834 0.00505855 0.00912653 0.000252863 0.004814 0.0103829 0.00601717 -0.00132415 -0.000276725 -0.00247563 0.00251707 -0.000855298 0.000962309 0.000149761 0.00198829 -0.00186016 0.000175266 0.00152361 0.00337873 0.00172676 0.00313324 0.00997766 0.00520661 -0.00664277 -0.00640891 -0.00063513 0.00312439 0.00907452 -0.0107268 -0.0124695 -0.0118273 -0.0157021 -0.0148338 -0.0142653
internal_weight=2528 1693 42 835 251 198 75 61 584 149 84 72 435 398 65 49 390 1651 1238 647 591 416 636 413 333 308 80 62 175 123 54 27 18 69 53 37 38 29 25
internal_count=2528 1693 42 835 251 198 75 61 584 149 84 72 435 398 65 49 390 1651 1238 647 591 416 636 413 333 308 80 62 175 123 54 27 18 69 53 37 38 29 25
is_linear=0
shrinkage=0.0749534


Tree=106
num_leaves=23
num_cat=0
split_feature=2 8 17 2 5 4 5 7 4 3 4 3 4 4 14 5 8 13 3 8 4 0
split_gain=0.534947 0.575678 0.58048 0.498691 0.540679 2.0597 1.07871 1.03796 0.990894 1.2079 1.05566 0.880474 0.529219 0.742829 0.532668 0.336781 0.309603 0.212558 0.270493 0.205892 0.0818807 0.0483955
threshold=-1.6360912705759862 0.042201615330428557 1.0000000180025095e-35 2.7053358643605336 -1.0237405522185019 0.57999657307469099 -0.82398618589533268 0.024796163794655202 -0.2887628749238787 -1.1764291680277481 -0.60451789746136397 0.18623610764061452 1.932918031135513 1.8692196339919314 1.0000000180025095e-35 0.33087056517641972 -0.50329542683273187 -0.059217687072601895 -1.0189617729575222 1.3249087770559267 -0.73203799872002195 1.0000000180025095e-35
decision_type=2 2 2 2 2 2 2 2 2 2 2 2 2 2 2 2 2 2 2 2 2 2
left_child=1 17 15 4 5 7 8 11 10 -10 -6 -2 13 -8 -14 -3 -5 18 -1 -17 -9 -7
right_child=3 2 -4 16 6 21 12 20 9 -11 -12 -13 14 -15 -16 19 -18 -19 -20 -21 -22 -23
leaf_value=-0.0045149428547098872 -0.00065715063192065297 0.00040355089218069106 0.0010819868023032686 0.00060196655534787457 -0.00019996225859938687 0.00034622572791993708 0.00011693667157817914 0.00076845012332164907 0.00069284526262741448 -0.0071554125873251884 0.0027657735623746148 0.00033236338682591653 -0.0011581199485535655 0.00012672673897708175 0.00059988716088178241 -0.0093644380621369233 -0.0067620164562310278 -0.014486760881398917 -0.001771125654099323 -0.013086212514635138 0.00057965066312289798 0.0054947532346674016
leaf_weight=8.9999999999999982 34 8.0000000000000018 9.9999999999999982 12.000000000000002 58 8.0000000000000018 1943 8.0000000000000018 11.999999999999998 80 35 49 137 7.9999999999999991 30 11.000000000000002 13.999999999999998 7.9999999999999991 26 7.9999999999999991 9.9999999999999982 9.9999999999999982
leaf_count=9 34 8 10 12 58 8 1943 8 12 80 35 49 137 8 30 11 14 8 26 8 10 10
internal_value=0.000502909 -0.00543349 0.0013834 0.000702852 0.000818593 0.00569439 0.000560118 0.00125211 -0.0048891 -0.0102971 0.000571952 -0.00239274 0.00104199 0.00139006 -0.00297587 -0.00439599 -0.00915731 -0.0110909 -0.0134587 -0.00952459 0.016397 0.0273808
internal_weight=2528 80 37 2448 2422 119 2303 101 185 92 93 83 2118 1951 167 27 26 43 35 19 18 18
internal_count=2528 80 37 2448 2422 119 2303 101 185 92 93 83 2118 1951 167 27 26 43 35 19 18 18
is_linear=0
shrinkage=0.0749534


Tree=107
num_leaves=45
num_cat=0
split_feature=18 6 9 2 10 15 7 13 10 4 9 6 2 3 4 3 5 9 19 13 5 6 2 3 7 2 4 6 3 5 9 6 11 7 11 7 7 7 5 4 4 10 5 2
split_gain=0.616199 0.987576 1.05651 0.920637 0.894539 0.751707 1.02779 0.711651 0.709496 0.818127 0.945346 0.760719 0.687523 0.793709 1.58586 0.91168 0.68338 0.835748 0.712023 0.663644 0.761544 0.621496 0.557053 0.90821 1.08452 1.18832 1.02505 0.818456 1.41433 1.78111 0.917407 0.579924 1.09809 0.550242 0.534092 0.635963 0.630612 0.51184 0.445887 0.385467 0.366645 0.293799 0.266621 0.0192784
threshold=1.0000000180025095e-35 -0.51048446771403111 -0.21731760184833224 -0.15659815296658627 -1.240760963378764 1.0000000180025095e-35 0.74240341604636984 2.3101294907035324 -0.069769268150067634 2.1737462307143862 0.66111494389019321 -0.97787801165154475 1.2552791361444833 0.59520866439641085 -1.0134960092028058 -0.19440509432749012 1.3663692979144637 0.82872496352003377 1.0000000180025095e-35 -0.12700261236951491 -0.28206087857312745 -0.26120791094735718 -0.89778852351120864 -0.17261460435138784 0.0205246920550619 -1.0376574061571942 -1.0262269360847254 0.70473874652350432 0.66859864983551742 -0.013814654424607 0.96698680918639746 -0.72860145488487082 -0.38389000038943 0.30585900425990969 -1.3819092527387502 0.35199089904751929 0.507472470368725 1.0619095021679665 0.71013087158862009 -0.91933068251382466 -0.13258898762296323 0.45833972955897767 2.588003491115499 -0.47658924511439515
decision_type=2 2 2 2 2 2 2 2 2 2 2 2 2 2 2 2 2 2 2 2 2 2 2 2 2 2 2 2 2 2 2 2 2 2 2 2 2 2 2 2 2 2 2 2
left_child=8 2 3 5 -5 6 -2 16 9 12 11 37 13 15 -15 -1 18 43 21 39 -21 -3 23 24 -10 -26 -25 31 29 -29 -30 -24 -33 -6 35 -4 38 -11 -36 -14 -7 -38 -37 -18
right_child=1 7 34 4 33 40 -8 -9 22 10 -12 -13 19 14 -16 -17 17 -19 -20 20 -22 -23 27 26 25 -27 -28 28 30 -31 -32 32 -34 -35 36 42 41 -39 -40 -41 -42 -43 -44 -45
leaf_value=0.00041543075738249618 0.0037720977345661573 0.00051405114357353833 -0.007400752409082563 0.0015741612379770377 -0.0068115783117039634 0.0013186967033626514 0.0007345234793470711 -0.00079548502404266593 -0.019025695145714814 0.0076817148891097078 -0.012004586531687324 -0.0094713660080846043 0.0040018192035564592 -0.0070213311840907041 0.0074003867734209298 -0.00013341051536948297 -0.0099126505762719454 0.0011785012508853646 0.0014090031051772181 -0.00051233721763254282 0.0026023194883979584 8.7335601224052727e-06 -0.014156329319522251 -0.0033273540775489003 2.131329907182491e-05 0.0023577109554926584 0.018374856359612054 0.0015294449394070186 -0.0010464189548915787 0.018092577007143919 0.0039502349674619261 0.00039404585480094225 -0.00071551042389130762 7.8330650940860126e-07 -0.0034072948575326651 0.0079257745584887813 -0.0039223570093804864 0.00034855190826422382 6.0778876779969652e-05 -0.0022494099911214817 -0.010572635610367807 -0.00012120862121005469 -0.0068710484333989541 -0.01309607718330081
leaf_weight=328 22 95 12.000000000000002 11.999999999999998 28 21 20 18 19 7.9999999999999991 21 14.999999999999998 7.9999999999999991 9.9999999999999982 93 168 19 9.9999999999999982 12.999999999999998 8.0000000000000018 9.9999999999999982 418 14.999999999999998 7.9999999999999991 58 17 7.9999999999999991 94 147 8.9999999999999982 24 86 372 15.999999999999998 84 9.0000000000000018 57 29 23 49 22 8.9999999999999982 7.9999999999999991 8.0000000000000018
leaf_count=328 22 95 12 12 28 21 20 18 19 8 21 15 8 10 93 168 19 10 13 8 10 418 15 8 58 17 8 94 147 9 24 86 372 16 84 9 57 29 23 49 22 9 8 8
internal_value=0.000651011 -0.000888184 -0.00406333 0.000903025 -0.00638181 0.00576557 0.0126043 0.000992814 0.00153868 0.00322312 -0.00419947 0.00134645 0.00404184 0.00488853 0.0108221 0.00360556 0.00148834 -0.00802954 0.00219533 -0.00263982 0.00907452 0.00170541 6.35337e-05 0.00498383 0.00192568 0.00602604 0.0202012 -0.000672908 0.00256969 0.00940082 -0.00161101 -0.00255826 -0.00203119 -0.0112555 -0.00750682 0.00173505 -0.00906783 0.00708009 -0.00529157 -0.00658958 -0.00120086 -0.0147544 0.0105029 -0.0145688
internal_weight=2528 924 343 141 56 85 42 581 1604 747 73 52 674 599 103 496 563 37 526 75 18 513 857 110 94 75 16 747 274 103 171 473 458 44 202 29 173 37 107 57 43 66 17 27
internal_count=2528 924 343 141 56 85 42 581 1604 747 73 52 674 599 103 496 563 37 526 75 18 513 857 110 94 75 16 747 274 103 171 473 458 44 202 29 173 37 107 57 43 66 17 27
is_linear=0
shrinkage=0.0749534


Tree=108
num_leaves=27
num_cat=0
split_feature=0 5 4 10 8 4 1 4 4 10 11 2 4 3 8 13 4 4 9 1 11 2 5 11 8 13
split_gain=0.667201 1.82957 0.863178 0.815126 0.697028 0.501518 0.519643 0.784115 1.12567 0.628437 0.584099 0.577806 0.488972 2.06526 1.09926 0.908786 0.800145 1.04948 0.992522 0.370332 0.625215 0.30039 0.215218 0.0478348 0.0321002 0.00335068
threshold=-1.1446077060016007 -0.24459592825001847 1.3240321065846747 -0.029059732861859547 -0.29225847774228159 -1.2018160218295064 1.0000000180025095e-35 -1.0850200202837006 -1.0364305456446015 -0.35582062544247295 1.2129408033694828 2.2431052561450411 -0.94354219281714802 -0.40804215766498347 -0.38601715685574928 0.62735250926490538 -0.89532581950435475 -0.85656840695894554 -0.76071764225906546 1.0000000180025095e-35 1.0000000180025095e-35 0.4117469252584019 -0.7183463406599836 0.41452540149002631 -0.73997872951474353 -0.2724729564992025
decision_type=2 2 2 2 2 2 2 2 2 2 2 2 2 2 2 2 2 2 2 2 2 2 2 2 2 2
left_child=1 3 4 21 -3 19 7 10 9 -9 24 -10 13 15 -15 -8 18 -18 -14 -2 -21 -1 -5 -6 -7 -24
right_child=5 2 -4 22 23 6 12 8 11 -11 -12 -13 16 14 -16 -17 17 -19 -20 20 -22 -23 25 -25 -26 -27
leaf_value=-0.00026008949480377621 0.0025636442154929758 0.00063276250163224479 -0.0041841994330701522 -0.0013676906649546638 0.017558448224696106 -0.0040819742644251505 0.0012129799855340542 0.0038202622606395326 -0.00017170172311286981 -0.019680041818363629 0.00057085684268911707 -0.0096522558884997028 0.0079384216692833069 0.00021290073282492975 -0.0065859507010546121 -0.0022617460977389183 0.0026022995179449883 2.2960024475919511e-05 -0.0022947879999044695 0.00053884209556239739 -0.0020466355615324896 0.010545747822095237 -0.021655138595090644 0.005662135189851621 -0.01004405587166407 -0.0041152300420706361
leaf_weight=9.0000000000000018 8.0000000000000018 11.000000000000002 8.9999999999999982 12.999999999999998 10.000000000000002 7.9999999999999991 55 10.000000000000002 652 7.9999999999999991 8.9999999999999982 20 8.9999999999999982 51 56 10.999999999999998 37 1415 39 10.000000000000002 9.9999999999999982 11.999999999999998 12.999999999999998 8.9999999999999982 26 8.0000000000000018
leaf_count=9 8 11 9 13 10 8 55 10 652 8 9 20 9 51 56 11 37 1415 39 10 10 12 13 9 26 8
internal_value=0.000473289 0.00658734 0.0184863 -0.00225429 0.024187 0.000230063 0.000108254 -0.00155197 -0.000917718 0.016397 -0.0110909 -0.00144229 0.000837834 0.00458272 -0.00186817 0.0147544 0.000398023 0.000720356 -0.0088784 0.00978615 0.00326378 0.00871302 -0.00920378 0.0322144 -0.0153691 -0.013503
internal_weight=2528 94 39 55 30 2434 2406 733 690 18 43 672 1673 173 107 66 1500 1452 48 28 20 21 34 19 34 21
internal_count=2528 94 39 55 30 2434 2406 733 690 18 43 672 1673 173 107 66 1500 1452 48 28 20 21 34 19 34 21
is_linear=0
shrinkage=0.0749534


Tree=109
num_leaves=22
num_cat=0
split_feature=2 0 5 4 3 11 2 7 6 14 4 4 0 9 9 9 9 3 11 3 3
split_gain=0.463943 0.410133 1.54537 1.0899 0.691006 0.559345 0.48593 0.660935 1.04389 1.34563 0.619143 0.579852 0.561316 0.522386 0.344918 0.472197 0.430017 0.342917 0.329398 0.203244 0.166074
threshold=2.7053358643605336 -1.1446077060016007 -0.14620478637704717 0.18075671276451433 -0.36083963635034239 0.21492155102016219 -1.5768579341375364 0.63049085646902003 -1.1025162900348817 1.0000000180025095e-35 -1.0949021080317813 -0.94354219281714802 1.0000000180025095e-35 0.84757696692981699 -1.0313178294301146 0.51541314845379038 1.0942642253093657 -0.76410408701705401 1.2129408033694828 1.5441387414184302 2.9848401073528632
decision_type=2 2 2 2 2 2 2 2 2 2 2 2 2 2 2 2 2 2 2 2 2
left_child=1 2 4 -4 -1 19 14 10 13 -10 12 -12 -8 -9 -3 18 -17 -5 -16 -6 -2
right_child=20 6 3 17 5 -7 7 8 9 -11 11 -13 -14 -15 15 16 -18 -19 -20 -21 -22
leaf_value=-0.03251510586613568 -0.0031035729253139775 0.00062549233503318236 0.028231305988544241 0.00064194529612989848 -0.0011953061334174964 0.0013520483102548069 -0.0044295398874892328 -0.00011086309007224498 0.00067673524872503582 -0.00028708925145222263 0.00047865787008077924 -2.8455133521510117e-05 -0.0012391029661519579 -0.010917602532008351 -0.0031814462461608102 0.0041861794147724368 -0.0010363677280769866 -0.0040139090532155921 -0.0024178602821885815 0.00098521298221705537 0.0008795257611239187
leaf_weight=19 18 10.999999999999998 14.999999999999998 7.9999999999999991 16.000000000000004 14.999999999999998 28 60 227 96 147 1706 23 14.999999999999998 62 11.000000000000002 12.999999999999998 11.000000000000002 9.9999999999999982 8.9999999999999982 8.0000000000000018
leaf_count=19 18 11 15 8 16 15 28 60 227 96 147 1706 23 15 62 11 13 11 10 9 8
internal_value=0.000354808 0.000463239 0.00528245 0.0174242 -0.00210761 0.00349164 0.0002713 0.000503442 0.00327133 0.00511904 -7.77862e-05 0.000150617 -0.00802985 -0.0045748 -0.00460689 -0.00607297 0.00277061 0.00428847 -0.00903656 -0.00335185 -0.00915731
internal_weight=2528 2502 93 34 59 40 2409 2302 398 323 1904 1853 51 75 107 96 24 19 72 25 26
internal_count=2528 2502 93 34 59 40 2409 2302 398 323 1904 1853 51 75 107 96 24 19 72 25 26
is_linear=0
shrinkage=0.0749534


Tree=110
num_leaves=27
num_cat=0
split_feature=2 18 3 5 5 5 14 3 4 4 16 8 4 5 3 5 5 12 8 10 3 3 8 9 8 4
split_gain=0.461054 0.442653 0.594588 0.694201 0.772138 0.858364 0.572009 1.62142 0.545749 0.532328 0.72678 0.662014 0.592394 0.52902 1.35825 1.3303 0.523746 0.336931 0.309603 0.231671 0.225638 0.213509 0.181987 0.404653 0.137645 0.0665429
threshold=2.7053358643605336 1.0000000180025095e-35 -0.7272595610743573 -1.0305524190386965 -0.89831236736266751 -0.5752718238428508 1.7092913388094815 1.6920904454785799 -1.1325320055568409 0.34822811930369196 1.0000000180025095e-35 0.21959181758521781 1.4853117423185334 -0.65606319934467983 -1.2699030786212606 -0.61479346138693536 -1.0641829808912437 2.4011762019116332 -0.50329542683273187 -0.72896235101877049 0.60758794015161 -1.7266902112870117 -0.33251970774758116 0.20631162133304343 -0.44644187726266371 -0.9625870330822931
decision_type=2 2 2 2 2 2 2 2 2 2 2 2 2 2 2 2 2 2 2 2 2 2 2 2 2 2
left_child=1 6 9 16 20 -6 8 17 22 10 11 -3 21 14 -10 -15 -4 25 -2 -14 -5 -11 -1 -24 -12 -8
right_child=18 2 3 4 5 -7 7 -9 13 12 24 -13 19 15 -16 -17 -18 -19 -20 -21 -22 -23 23 -25 -26 -27
leaf_value=0.0024238841936679821 0.00046456269499596731 -0.00024329074388239731 8.9089625992761046e-05 -0.0068808949911107328 0.00061615291299261599 -9.377181341035339e-05 -0.0022924976719693184 0.010230388700171587 0.00067318002807310201 -0.0010884222777718946 -0.0025881515409775886 0.00060752331466189388 -0.0055758064283734496 0.0077864720875534497 -0.00015258221555191319 0.0001858107147652393 0.0029008576796727202 -0.00040569007739146975 -0.0062267323260291312 0.00013962050435583107 -0.0053198338378569942 -0.0085207478620809018 -0.00068051436438501317 0.00028134496980302808 -0.0023057607355729043 -0.0035997708818420516
leaf_weight=10.999999999999998 12.000000000000002 90 14.000000000000002 18.000000000000004 110 505 15.999999999999995 10.999999999999998 26 10.999999999999998 11.000000000000002 47 11.999999999999998 25 322 1114 8.9999999999999982 11.999999999999998 13.999999999999998 34 8.9999999999999982 33 11.000000000000002 9.9999999999999982 15.999999999999998 25.000000000000004
leaf_count=11 12 90 14 18 110 505 16 11 26 11 11 47 12 25 322 1114 9 12 14 34 9 33 11 10 16 25
internal_value=0.000325188 0.000433311 -0.000872668 0.000306398 -0.000171955 0.000391903 0.00119268 -0.00561375 0.00148917 -0.00393907 -0.00134107 0.000928924 -0.00849339 0.00126955 -0.00127859 0.00205058 0.0124428 -0.0111183 -0.00915731 -0.00228628 -0.0120256 -0.0144812 0.0108249 0.00551971 -0.0120256 -0.0141874
internal_weight=2528 2502 919 665 642 615 1583 64 1519 254 164 137 90 1487 348 1139 23 53 26 46 27 44 32 21 27 41
internal_count=2528 2502 919 665 642 615 1583 64 1519 254 164 137 90 1487 348 1139 23 53 26 46 27 44 32 21 27 41
is_linear=0
shrinkage=0.0749534


Tree=111
num_leaves=29
num_cat=0
split_feature=0 7 5 10 5 1 8 6 7 7 10 3 10 15 9 3 5 6 5 8 6 3 12 7 5 3 3 6
split_gain=0.395663 1.21581 0.847569 1.05993 0.737514 0.599428 0.616528 0.523575 0.516164 0.917953 1.08303 1.02264 0.909373 0.506379 1.11285 1.01424 1.25282 0.491946 0.47998 0.448625 0.538399 0.423832 0.423032 1.08223 0.457412 0.0335796 0.00642552 0.00642552
threshold=-1.1446077060016007 -0.10932804882858253 -0.14620478637704717 0.0077136520964310009 1.0263459032921827 1.0000000180025095e-35 -1.4576733354553082 0.081547354606819361 -0.34938476059373985 -0.14179123404949431 0.45833972955897767 0.57194108049591175 -0.60055800914402568 2.1112254216092903 -0.44985347741191911 -0.087836328054997179 -0.4638230892090387 0.51778132894849893 -0.22133183000763718 -1.4234195001567163 -0.69744188528903661 1.7568963520543563 2.4011762019116332 0.26570716990773052 -0.7183463406599836 -0.74718054955641622 -1.0000000180025095e-35 0.23734520258599057
decision_type=2 2 2 2 2 2 2 2 2 2 2 2 2 2 2 2 2 2 2 2 2 2 2 2 2 2 2 2
left_child=1 2 3 7 27 6 -2 -1 12 10 -10 -11 25 19 -15 -16 -17 -4 -14 20 -7 -5 24 -24 -21 -8 -22 -3
right_child=5 4 17 21 -6 13 8 -9 9 11 -12 -13 18 14 15 16 -18 -19 -20 22 26 -23 23 -25 -26 -27 -28 -29
leaf_value=0.0057356139914786644 0.0027660234784252576 -0.0043347414881235603 0.00054770926278734295 -0.015299853390268951 0.0016523062481860016 0.0008434213742444667 -0.012126807615741702 0.00043822655741495149 0.0012200119281063403 -5.7195416026410211e-05 -0.0017549146077331049 -0.0033687750191025052 -4.8056136235251164e-05 -0.00022228238801126786 0.0034015600647978313 -0.0035421889594437791 0.0050270328616780699 0.037357614795570794 -0.0064234449641857655 -7.2533019292550892e-05 -0.0073319846801583044 0.0011332128023036553 0.014531437270324077 -0.0046136099768297354 8.075962088552022e-05 -0.012333088692340934 -0.0010601061318808965 -0.0039402390762451819
leaf_weight=10.000000000000002 9.9999999999999982 14.000000000000002 10.000000000000002 16.000000000000004 9.9999999999999982 8.0000000000000018 7.9999999999999991 9.9999999999999982 70 331 30 49 141 14.999999999999998 14.000000000000002 9.0000000000000018 7.9999999999999991 7.9999999999999991 75 254 8.0000000000000036 7.9999999999999991 13.000000000000002 8.9999999999999982 1341 27 13.999999999999996 7.9999999999999991
leaf_count=10 10 14 10 16 10 8 8 10 70 331 30 49 141 15 14 9 8 8 75 254 8 8 13 9 1341 27 14 8
internal_value=0.000325188 0.00503345 0.0110195 0.00480398 -0.00647628 0.000137773 -0.00163608 0.0166054 -0.00191387 -0.000462722 0.00583591 -0.00215147 -0.00465103 0.000916366 0.00847157 0.0161867 0.0028043 0.0237196 -0.00273727 0.000691997 -0.00802929 -0.00560203 0.000866805 0.0106541 0.000714523 -0.015459 -0.0137169 -0.0137169
internal_weight=2528 94 62 44 32 2434 741 20 731 480 100 380 251 1693 46 31 17 18 216 1647 30 24 1617 22 1595 35 22 22
internal_count=2528 94 62 44 32 2434 741 20 731 480 100 380 251 1693 46 31 17 18 216 1647 30 24 1617 22 1595 35 22 22
is_linear=0
shrinkage=0.0749534


Tree=112
num_leaves=16
num_cat=0
split_feature=2 16 13 14 8 14 14 12 3 0 8 10 8 5 3
split_gain=0.443891 0.402083 1.96364 1.4246 1.12593 0.821082 0.706886 0.627406 0.489424 0.482152 1.04254 0.673347 0.309603 0.292045 0.0120358
threshold=2.7053358643605336 1.6165153522599058 -0.32237809849077359 1.7092913388094815 -0.59741824451161507 1.0000000180025095e-35 2.933049057447366 1.0000000180025095e-35 2.7215521245967627 1.0000000180025095e-35 0.62285889867506772 1.1408482110757383 -0.50329542683273187 -0.7048546850540055 1.6920904454785799
decision_type=2 2 2 2 2 2 2 2 2 2 2 2 2 2 2
left_child=1 6 3 4 -3 -6 8 -8 9 10 -1 -11 -2 -4 -15
right_child=12 2 13 -5 5 -7 7 -9 -10 11 -12 -13 -14 14 -16
leaf_value=-0.00017459298015057572 0.00042656137832545077 0.017033675884212996 -0.00036609294444888525 -0.005722539636597245 0.00073145587178691555 0.0023364602227182274 0.0087313056586053161 -0.0040900884870249971 -0.014824089931947717 0.00016723372542316013 0.00024108965633855216 -0.00040772321434432904 -0.0057660707010008996 -0.00053914434684998534 -0.0056805299689458837
leaf_weight=901 12.000000000000002 12.999999999999998 11.999999999999998 8.9999999999999982 53 7.9999999999999991 11.000000000000002 8.9999999999999982 9.9999999999999982 984 315 153 13.999999999999998 16.000000000000004 7.9999999999999991
leaf_count=901 12 13 12 9 53 8 11 9 10 984 315 153 14 16 8
internal_value=0.000147466 0.000253744 0.00446031 0.0107236 0.014191 0.00912653 3.86012e-05 0.01327 -8.64573e-05 -7.27189e-06 -0.00104442 0.00110039 -0.00915731 -0.00969945 -0.0140963
internal_weight=2528 2502 119 83 74 61 2383 20 2363 2353 1216 1137 26 36 24
internal_count=2528 2502 119 83 74 61 2383 20 2363 2353 1216 1137 26 36 24
is_linear=0
shrinkage=0.0749534


Tree=113
num_leaves=30
num_cat=0
split_feature=2 18 5 5 5 12 10 7 2 10 3 9 5 5 16 10 8 10 10 2 11 5 16 8 2 2 4 7 8
split_gain=0.432613 0.355027 0.541774 1.38594 1.18524 0.839786 0.930474 0.788461 1.18083 0.703443 0.689802 0.668118 0.697207 0.468575 0.949524 0.905143 0.931468 0.82482 1.06556 0.759688 0.503044 1.03761 0.937248 0.886142 0.61908 0.901033 0.707384 0.374054 0.309603
threshold=2.7053358643605336 1.0000000180025095e-35 0.21866618386554917 0.45499849719943936 -0.045832712166879591 1.3760688070906235 -0.30325539505274751 0.507472470368725 -0.91302186332836566 -0.77833617007676825 0.42149950332815328 1.6418671902530722 0.47686764340055127 -0.7075433891486308 1.0000000180025095e-35 0.8886293643662263 0.94956349625043712 -0.6688205967416555 -1.1523783970561057 -0.88916812100965448 1.4125446538393469 -0.25245117209183898 1.0000000180025095e-35 -0.52929698341593245 -0.25856579751646097 -0.3436071909005381 1.1309357272451712 -0.3451132888541466 -0.50329542683273187
decision_type=2 2 2 2 2 2 2 2 2 2 2 2 2 2 2 2 2 2 2 2 2 2 2 2 2 2 2 2 2
left_child=1 13 4 27 5 6 -3 9 -9 -6 -7 12 -5 14 17 16 -16 18 -1 -19 24 23 -23 -22 25 -15 -26 -4 -2
right_child=28 2 3 11 7 10 -8 8 -10 -11 -12 -13 -14 20 15 -17 -18 19 -20 -21 21 22 -24 -25 26 -27 -28 -29 -30
leaf_value=-0.00055969014501833518 0.00039458914754260312 -0.0013817710956721568 -0.00033534345931877593 0.0016805456377076275 -0.0091530484386781307 -0.0049644887770726549 0.00018470776490780359 -0.011601814532033468 0.0018542048444916243 0.00074218320861476001 0.0007088524330084938 -0.0093313320460940603 -9.6301910648141623e-05 0.00023335260910985875 0.0066245997381906632 -0.0081181327881588768 -0.0037065797162699437 0.0022341164364961296 0.00418795643337382 -0.0005416731745507533 0.00054129197664426725 -0.0031625947005541884 0.017187738625704631 0.0076954353186952226 -0.00038248004208381678 0.010925000413624202 0.00093914041684886249 -0.0054474233465974745 -0.0053338840274533891
leaf_weight=11.999999999999998 12.000000000000002 190 7.9999999999999991 8.9999999999999982 8.9999999999999982 35 289 7.9999999999999991 25 74 7.9999999999999991 13.999999999999998 209 438 43 12.999999999999998 17 14.999999999999998 23 203 28 44 11.999999999999998 33 556 13.999999999999998 132 41 13.999999999999998
leaf_count=12 12 190 8 9 9 35 289 8 25 74 8 14 209 438 43 13 17 15 23 203 28 44 12 33 556 14 132 41 14
internal_value=2.89842e-05 0.000134033 -0.00103535 -0.00376219 0.000173029 -0.0013546 -0.000424765 0.00694576 0.0163306 0.00283121 -0.0110909 -0.00127181 -0.000162683 0.000814481 -0.00170651 0.00568916 0.00957257 -0.00388114 0.00645786 -0.00560217 0.00147164 0.0061034 -0.00125434 0.0126692 0.000982686 0.00313002 -0.000431884 -0.0148947 -0.00915731
internal_weight=2528 2502 919 281 638 522 479 116 33 83 43 232 218 1583 326 73 60 253 35 218 1257 117 56 61 1140 452 688 49 26
internal_count=2528 2502 919 281 638 522 479 116 33 83 43 232 218 1583 326 73 60 253 35 218 1257 117 56 61 1140 452 688 49 26
is_linear=0
shrinkage=0.0749534


Tree=114
num_leaves=28
num_cat=0
split_feature=7 0 12 2 8 9 2 2 13 8 12 5 5 5 13 5 8 0 2 7 9 7 8 9 9 5 8
split_gain=0.496971 0.482147 1.25382 1.44692 0.946341 1.14483 1.06715 0.98014 0.963516 1.50756 0.742467 0.760343 1.21808 2.29585 0.790721 0.734844 0.689421 1.05289 1.14518 1.04807 0.900701 1.13059 1.04858 0.664221 1.54597 0.81638 0.497866
threshold=4.667031650384919 1.0000000180025095e-35 0.86351510968011858 -1.6064999507836686 0.21959181758521781 -0.17990562753896336 -0.72541461495011539 -1.0376574061571942 -0.32481233232470336 0.31747747889183842 0.35096141226961375 1.0904228718946121 -0.43869218466661714 -0.31121947047492332 -0.16000256276543653 -0.78252926293902603 -0.35851183895213679 1.01557764731833 -0.32422773220151985 -1.0063371141432265 0.18659530242032904 0.80562119779235386 -0.17316260473503578 0.26366727555120995 0.53275827965920441 -0.34560719799082434 -0.56235826809975387
decision_type=2 2 2 2 2 2 2 2 2 2 2 2 2 2 2 2 2 2 2 2 2 2 2 2 2 2 2
left_child=1 2 4 26 5 6 -1 -7 9 -6 16 12 14 -14 -12 -10 17 19 -19 -3 22 -22 -18 25 -25 -5 -4
right_child=-2 10 3 23 8 7 -8 -9 15 -11 11 -13 13 -15 -16 -17 20 18 -20 -21 21 -23 -24 24 -26 -27 -28
leaf_value=0.0016329813792161376 0.00045153677844937901 -0.0084267840350915977 -2.567926474902567e-05 -0.0034533690808301954 0.025097620691161924 -0.0048110831851250662 -6.0029279271363777e-05 -0.00041477609003856319 0.00069445987329444091 0.00032960593849800426 -0.00027514221376409608 -0.0076445240648326269 0.0046281590202131512 0.00035101333728824026 0.00044768889666339172 -0.0037861369513957225 -0.0061865067301013427 -0.0018144345653578534 0.0077067874515511824 0.00013863432679602777 -6.7377854856223815e-05 0.0064552659397167844 -0.00020748629988874979 0.0054776956405589204 -0.0036114186101174591 -9.9568290218080558e-05 0.0015259626832830836
leaf_weight=64 9.9999999999999982 23 8.0000000000000018 86 14.999999999999998 45 267 294 7.9999999999999991 255 113 13.999999999999998 33 88 20 61 48 15.999999999999998 34 372 240 28 196 18 92 71 8.9999999999999982
leaf_count=64 10 23 8 86 15 45 267 294 8 255 113 14 33 88 20 61 48 16 34 372 240 28 196 18 92 71 9
internal_value=-2.89842e-05 -0.000103444 -0.00111252 -0.00548888 0.000128089 -0.00150231 0.00162473 -0.00454993 0.00334267 0.00535828 0.000960435 0.00442798 0.00540031 0.0107621 0.000403075 -0.0044345 -1.78523e-05 0.00213208 0.0121111 0.000797395 -0.00189084 0.00110253 -0.00516326 -0.00687822 -0.00231815 -0.00997761 0.0143522
internal_weight=2528 2518 1293 284 1009 670 331 339 339 270 1225 268 254 121 133 69 957 445 50 395 512 268 244 267 110 157 17
internal_count=2528 2518 1293 284 1009 670 331 339 339 270 1225 268 254 121 133 69 957 445 50 395 512 268 244 267 110 157 17
is_linear=0
shrinkage=0.0749534


Tree=115
num_leaves=19
num_cat=0
split_feature=16 14 9 14 16 13 7 5 7 7 11 4 11 4 0 4 7 9
split_gain=0.55856 0.967705 0.916499 0.868176 1.05595 0.729799 0.503986 0.46905 0.769685 0.702694 0.600717 0.4313 1.79044 0.581568 0.4868 1.05935 0.494289 0.265918
threshold=1.6165153522599058 1.7092913388094815 -1.5558498083179935 -0.738224098466287 5.5750728051301444 -0.29446741146612126 4.667031650384919 1.1768908611797355 -0.32888169624369007 1.8213771774676986 -0.98270155179902219 -1.0949021080317813 -0.38389000038943 -1.1664717877037336 -1.1446077060016007 -0.86327429903015929 -2.3911482521194523 -0.96761379697633698
decision_type=2 2 2 2 2 2 2 2 2 2 2 2 2 2 2 2 2 2
left_child=6 2 -2 -4 5 -5 7 11 17 10 -10 12 -1 -14 15 -13 -16 -9
right_child=1 -3 3 4 -6 -7 -8 8 9 -11 -12 14 13 -15 16 -17 -18 -19
leaf_value=0.00096561867544686837 0.0085168128927157697 -0.0055376304789282937 0.0075079344245716729 0.0010914497343620822 -0.011708732734408374 -0.0024107748816674154 0.000417692556208316 -0.013555046469895408 0.00029600297008735432 -0.0091038679531294762 -0.0011462861148668895 0.014167316002861551 0.00051241054610209359 -0.0066812754599616204 -0.0074630704407581058 0.0005498988587279291 3.0620690843212086e-05 -0.0091468101643583429
leaf_weight=9.9999999999999982 7.9999999999999991 9.9999999999999982 8.9999999999999982 55.999999999999993 12.999999999999998 23.000000000000007 9.9999999999999982 8.9999999999999982 95 14.999999999999998 117 7.9999999999999991 7.9999999999999991 56 57 63 1936 25
leaf_count=10 8 10 9 56 13 23 10 9 95 15 117 8 8 56 57 63 1936 25
internal_value=0.000117845 0.00507735 0.00721382 0.00487403 0.00236314 0.00573018 -0.000131431 -0.000210007 -0.00319433 -0.0015445 -0.000341974 0.000156826 -0.00536973 -0.0101241 0.000361933 0.00635411 0.00014005 -0.013314
internal_weight=2528 119 109 101 92 79 2409 2399 261 227 212 2138 74 64 2064 71 1993 34
internal_count=2528 119 109 101 92 79 2409 2399 261 227 212 2138 74 64 2064 71 1993 34
is_linear=0
shrinkage=0.0749534


Tree=116
num_leaves=18
num_cat=0
split_feature=7 5 13 4 4 11 5 0 4 7 7 8 11 8 9 5 0
split_gain=0.49896 0.447152 0.549415 0.407453 0.806296 1.01477 0.806259 0.433505 1.12174 0.611925 0.468108 0.624394 0.460866 0.337068 0.192141 0.0395994 0.0170055
threshold=4.667031650384919 2.8104254584366415 -0.25628963134968086 -1.0949021080317813 -1.2018160218295064 -0.58349385085929406 -0.65606319934467983 -1.1446077060016007 -0.86327429903015929 -0.076010569259752886 1.5659431674400051 -0.95171915455317924 0.8137331024297545 -0.46938107939774582 -0.21731760184833224 -0.43342961991082624 1.0000000180025095e-35
decision_type=2 2 2 2 2 2 2 2 2 2 2 2 2 2 2 2 2
left_child=1 3 14 4 6 -6 -1 8 -5 -10 12 -12 -9 -7 -3 -8 -16
right_child=-2 2 -4 7 5 13 15 10 9 -11 11 -13 -14 -15 16 -17 -18
leaf_value=0.0014797751759171559 0.00038638507390464005 -0.0025978300365657775 0.00043586044810401417 0.013105427327908049 0.0010563065101454562 -0.0012293022630575857 -0.0034639868300947812 6.9071031334978967e-05 0.001400567766792775 -0.0025351610063257886 0.00039879360427457649 -0.0021313317005379226 -0.00015237461641832165 -0.005094738032174001 -0.0079018490203042347 0.00029976536301932029 -0.0053856397356528123
leaf_weight=10.000000000000002 9.9999999999999982 14.999999999999998 10.999999999999998 7.9999999999999991 7.9999999999999991 18 7.9999999999999991 1720 57 18 15.999999999999998 92 449 54 8.0000000000000018 7.9999999999999991 18
leaf_count=10 10 15 11 8 8 18 8 1720 57 18 16 92 449 54 8 8 18
internal_value=-5.86046e-05 -0.000133182 -0.00685044 1.45301e-05 -0.00447662 -0.00815999 0.00652479 0.000221405 0.00546201 0.00215608 2.39553e-05 -0.00473481 0.000266768 -0.0110495 -0.0107391 -0.00397053 -0.0144224
internal_weight=2528 2518 52 2466 106 80 26 2360 83 75 2277 108 2169 72 41 16 26
internal_count=2528 2518 52 2466 106 80 26 2360 83 75 2277 108 2169 72 41 16 26
is_linear=0
shrinkage=0.0749534


Tree=117
num_leaves=34
num_cat=0
split_feature=1 4 4 9 15 3 4 5 7 5 2 8 5 4 8 15 4 8 3 6 4 7 5 7 6 5 5 9 15 13 8 5 2
split_gain=0.440899 0.871083 1.09503 1.00123 0.685875 1.02875 0.698 0.497866 0.497381 1.1768 1.03025 0.627157 0.910396 1.16354 0.788025 0.987544 1.09778 0.957437 0.784319 0.791792 0.679227 0.595463 0.733063 0.591818 0.542506 0.520213 0.503285 0.527291 0.394087 0.359348 0.284838 0.0349887 0.0271865
threshold=1.0000000180025095e-35 -1.1664717877037336 -1.0850200202837006 2.0841457903295275 0.88625919121491659 0.9576229269467661 -1.0321137360984209 -0.56488356822093333 -0.45873443712733469 -1.0305524190386965 -0.025024619954776596 0.49879020818495784 -0.10222724496435799 1.4853117423185334 -0.93206443923558968 1.0000000180025095e-35 1.1635799473220085 -1.1489882198878958 -0.7420084404090409 0.17502606339432206 0.095777543781269167 -0.36476205885627599 -0.33937714905324662 -1.2446852372125468 -0.074250493372351789 -0.73626492055430026 -0.99213949716383398 -1.0313178294301146 1.0000000180025095e-35 -0.21054963339046137 -0.82828640612161053 0.2727168944605306 0.30202974838214497
decision_type=2 2 2 2 2 2 2 2 2 2 2 2 2 2 2 2 2 2 2 2 2 2 2 2 2 2 2 2 2 2 2 2 2
left_child=1 7 30 4 5 -4 -6 -1 11 10 28 14 18 23 17 20 -17 24 -13 -20 -16 22 25 -14 -2 -11 -23 -28 -10 -19 -3 -32 -24
right_child=8 2 3 -5 6 -7 -8 -9 9 21 -12 12 13 -15 15 16 -18 29 19 -21 -22 26 32 -25 -26 -27 27 -29 -30 -31 31 -33 -34
leaf_value=-0.0036037148226404549 0.00043165423977356522 0.00053820930808390279 0.00031340175845040501 -0.0092899186051670392 0.00076196884562312319 -0.0017797088042040008 -0.0016539710327628536 0.0012439023856591045 3.5281987135471729e-05 -0.0077376692829939069 -0.0039463861717530455 0.0073426538110307358 0.00034241620766132212 -0.0061978384321434866 -0.0010662278463040911 0.00031011988147128526 -0.0077382437161187404 0.007159519520767774 -0.0017856701361388442 0.0001362650302795417 4.3758634840606713e-06 -0.0041923154015089314 -0.0057044404771292075 0.00636741236962589 -0.00074801788158553636 0.00074689002059643878 -0.00028897690130397008 7.6183430848793016e-05 0.0026765104176385592 0.00028972957456387626 -0.0067143125689531321 -0.016953133972524934 -0.0047438878000759721
leaf_weight=8.0000000000000018 9.0000000000000018 7.9999999999999991 494 20 7.9999999999999991 93 159 8.9999999999999982 8.0000000000000018 13.999999999999998 13.999999999999998 7.9999999999999991 9.0000000000000018 7.9999999999999991 71 112 11.999999999999998 15.999999999999998 12.999999999999998 46 57 9.9999999999999982 8.0000000000000018 22 18 31 156 997 11.999999999999998 19 28 7.9999999999999991 23
leaf_count=8 9 8 494 20 8 93 159 9 8 14 14 8 9 8 71 112 12 16 13 46 57 10 8 22 18 31 156 997 12 19 28 8 23
internal_value=8.82249e-05 -0.0013182 -0.00168809 -0.0010115 -0.000542828 0.000664825 -0.00474497 0.0143522 0.000783742 4.28119e-05 0.013314 0.00301227 0.00793158 0.0166789 0.00129754 -0.000582764 0.00413581 0.00869433 0.00240436 -0.000888297 -0.00515797 -0.000345858 -0.00666561 0.0229046 -0.00185279 -0.000360817 7.90085e-05 0.000241863 0.0232762 0.0164591 -0.0128683 -0.0155442 -0.0150671
internal_weight=2528 835 818 774 754 587 167 17 1693 1273 34 420 106 39 314 252 124 62 67 59 128 1239 76 31 27 45 1163 1153 20 35 44 36 31
internal_count=2528 835 818 774 754 587 167 17 1693 1273 34 420 106 39 314 252 124 62 67 59 128 1239 76 31 27 45 1163 1153 20 35 44 36 31
is_linear=0
shrinkage=0.0749534


Tree=118
num_leaves=20
num_cat=0
split_feature=2 0 14 10 9 9 2 1 4 9 4 8 12 4 6 15 7 6 4
split_gain=0.44448 0.44024 0.956205 0.884663 0.797749 1.01145 0.866817 0.476746 0.983879 0.625328 1.20704 0.681989 0.579524 0.497871 0.562357 0.524027 0.380321 0.660638 0.123124
threshold=2.7450866599101871 -1.1446077060016007 1.0000000180025095e-35 -0.38390682039496643 -0.93703533685373908 -0.378867833587618 0.28014012273921512 1.0000000180025095e-35 -1.2018160218295064 0.28154239701137906 -0.85656840695894554 2.4863858615534045 2.4011762019116332 -1.112373504735358 -0.41700575892652841 2.1112254216092903 0.26570716990773052 0.36198348096932759 -0.60451789746136397
decision_type=2 2 2 2 2 2 2 2 2 2 2 2 2 2 2 2 2 2 2
left_child=1 2 4 -4 -1 -6 -7 8 -3 10 -10 -11 13 14 -9 -15 17 -14 -5
right_child=-2 7 3 18 5 6 -8 12 9 11 -12 -13 16 15 -16 -17 -18 -19 -20
leaf_value=-0.00062667300134883728 -0.003722944428410627 0.0021488762767799207 0.0026469642332895894 -0.019719660415374103 0.016920126570745427 -7.1174077317471009e-05 0.0049762542814449865 0.00036914007033028641 -0.0034257689367618699 -0.0018755228006528638 0.00029424218502792522 0.00010643214138454895 0.00015344804539003785 2.3186038857139841e-05 -0.0054074791186412372 0.00043609916958748768 -0.0012018477013110377 0.010434510184360044 -0.0015951052350894699
leaf_weight=8.9999999999999982 14.999999999999998 7.9999999999999991 7.9999999999999991 14 7.9999999999999991 25 18 15.999999999999998 105 255 359 7.9999999999999991 22 1576 30 21 9.9999999999999982 9.9999999999999982 11
leaf_count=9 15 8 8 14 8 25 18 16 105 255 359 8 22 1576 30 21 10 10 11
internal_value=0.000206706 0.00028988 0.00528245 -0.00470894 0.0107724 0.0143376 0.00861839 9.21582e-05 -0.00149694 -0.00182161 -0.000157231 -0.00472313 0.000787458 0.000557025 -0.00692525 0.000783921 0.00923354 0.0129993 -0.0115369
internal_weight=2528 2513 93 33 60 51 43 2420 735 727 464 263 1685 1643 46 1597 42 32 25
internal_count=2528 2513 93 33 60 51 43 2420 735 727 464 263 1685 1643 46 1597 42 32 25
is_linear=0
shrinkage=0.0749534


Tree=119
num_leaves=28
num_cat=0
split_feature=4 18 7 7 9 9 7 7 9 7 17 6 8 8 4 8 6 9 0 9 9 5 17 4 5 17 14
split_gain=0.67614 0.655062 0.709645 1.25219 0.76336 1.2523 1.05432 0.639095 1.23478 1.06066 1.14368 1.15614 1.05819 1.05168 1.60911 0.910103 1.06969 0.792929 0.724175 0.666769 0.627406 0.562808 0.54761 0.40641 0.964779 0.371251 0.0933332
threshold=-1.2307761991462984 1.0000000180025095e-35 1.5659431674400051 1.2114110130537419 -0.26461032216946762 -0.76863339811635567 -0.77226046281349958 -0.092242161870208131 -0.21731760184833224 -0.27933262406440512 1.0000000180025095e-35 0.20618563299015633 1.7975757138519453 0.52445825360189857 -0.34944362648252031 0.94956349625043712 0.081547354606819361 -0.35619009699338661 1.0000000180025095e-35 -0.65403013978406432 0.058520500681918108 1.000812697639335 1.0000000180025095e-35 1.8692196339919314 0.41574487907995461 1.0000000180025095e-35 1.0000000180025095e-35
decision_type=2 2 2 2 2 2 2 2 2 2 2 2 2 2 2 2 2 2 2 2 2 2 2 2 2 2 2
left_child=20 2 3 4 5 -2 -6 9 12 13 11 -11 17 18 -15 22 -17 -9 -3 -12 -1 23 -10 26 -25 -5 -4
right_child=1 7 21 25 6 -7 -8 8 15 10 19 -13 -14 14 -16 16 -18 -19 -20 -21 -22 -23 -24 24 -26 -27 -28
leaf_value=-0.00048031901872935367 0.00014999180407789556 -0.0044900583020704233 -0.0020360023156798888 0.00047539853309381603 -0.00057158228893275159 -0.00050747689301357539 0.00027519934748153498 0.00014065640670782607 -0.0032655245071809961 0.0049654804614453893 0.0018350585788438581 0.00025925853352186531 -0.015148549847694173 0.0021264329560247786 -6.7281917050721597e-05 -0.0015272268131841023 0.00039052763496873601 0.00059266078424108067 4.9206687880997881e-06 -0.0015607479832686361 0.00064663225057377837 0.00077675332552747209 -0.00010054393588461056 0.0037521499059958289 -0.018051328452907866 0.0022560462470965314 -0.00057378670583434243
leaf_weight=9.0000000000000018 342 72 22 14.000000000000002 176 293 683 208 195 28 7.9999999999999991 30 15.999999999999998 23 31 55 18 32 88 29 10.999999999999998 9.9999999999999982 83 10.000000000000002 15.999999999999998 11.999999999999998 13.999999999999998
leaf_count=9 342 72 22 14 176 293 683 208 195 28 8 30 16 23 31 55 18 32 88 29 11 10 83 10 16 12 14
internal_value=0.000325188 0.000208353 0.00112719 0.00147588 0.00117596 -0.000791134 0.00263007 -0.00138556 -0.00279517 0.00137853 0.00786546 0.0142273 0.00115372 -0.00155069 0.00727146 -0.00566776 0.00171665 0.00246634 -0.0046034 -0.00233285 0.01327 -0.00601717 -0.00761061 -0.00869433 -0.00125973 0.0170549 -0.013596
internal_weight=2528 2508 1592 1520 1494 635 859 916 607 309 95 58 256 214 54 351 73 240 160 37 20 72 278 62 26 26 36
internal_count=2528 2508 1592 1520 1494 635 859 916 607 309 95 58 256 214 54 351 73 240 160 37 20 72 278 62 26 26 36
is_linear=0
shrinkage=0.0749534


Tree=120
num_leaves=26
num_cat=0
split_feature=4 4 3 6 8 8 8 4 3 5 4 5 3 5 5 8 14 6 18 4 2 15 6 3 5
split_gain=0.931953 0.500398 1.23505 0.905601 0.701203 0.77803 0.53883 0.523933 0.988118 0.656698 2.04103 1.23507 0.592897 0.591917 0.640641 0.564291 0.490382 0.452181 0.415661 0.326722 0.284841 0.197008 0.22088 0.0822183 0.0478082
threshold=-1.2018160218295064 -1.065849358730915 -0.54423830267792705 0.050387785010985106 -0.35851183895213679 -0.54655427145898516 -0.91692945378463431 -0.22311022665669714 2.2293419280264 -1.0237405522185019 0.67095564731523882 -0.84321835605418116 -0.65182146006634778 1.502949239920931 1.3663692979144637 -0.65360012708763238 -0.738224098466287 0.6424196073318359 1.0000000180025095e-35 -1.1456715130181914 0.84656325296116808 0.88625919121491659 0.14386649379848784 -0.81657178678583831 0.12136282178442527
decision_type=2 2 2 2 2 2 2 2 2 2 2 2 2 2 2 2 2 2 2 2 2 2 2 2 2
left_child=21 2 3 23 5 6 -4 8 13 10 20 16 -13 14 -3 -10 -11 -17 -15 -6 -9 -1 -23 -2 -21
right_child=1 7 4 -5 19 -7 -8 9 15 11 -12 12 -14 18 -16 17 -18 -19 -20 24 -22 22 -24 -25 -26
leaf_value=-8.3938778919463524e-05 0.00010679189390304843 7.2730843430581605e-05 0.00018999617180045437 -0.011097874070276991 9.796158880850949e-06 0.011070379230879711 -0.0055727376036085255 1.7070261674687026e-05 2.4562239427442793e-05 0.008205164078228815 0.0021333865012699558 -0.00045859908128820839 8.2249936826931424e-05 3.8297782651449999e-05 0.0088667828627524946 0.0080403132377091652 -0.003903551230422294 9.6502673794916771e-05 -0.0048550153576550929 -0.0070283213359024254 -0.0027493109685072978 0.00094113475478611224 0.00019531874295447332 0.0022981925902360069 -0.00039084669509715185
leaf_weight=10.000000000000002 8.0000000000000018 1166 12.999999999999998 9.9999999999999982 7.9999999999999991 9.9999999999999982 15.000000000000002 11.000000000000002 11.999999999999998 8.9999999999999982 17 365 629 23 13.999999999999998 13.000000000000002 67 8.9999999999999982 29 40 9.9999999999999982 9.0000000000000018 10.999999999999998 12.000000000000002 7.9999999999999991
leaf_count=10 8 1166 13 10 8 10 15 11 12 9 17 365 629 23 14 13 67 9 29 40 10 9 11 12 8
internal_value=2.89842e-05 -0.000134247 -0.00472846 0.00802929 -0.00891818 -0.000886219 -0.00732641 0.000109712 0.00115098 -0.0010785 0.00829414 -0.00143121 -0.000712963 0.000788017 0.00113961 0.013314 -0.0104863 0.0198425 -0.00685044 -0.014073 -0.00711636 0.0126458 0.0166054 0.0166054 -0.0163036
internal_weight=2528 2498 124 30 94 38 28 2374 1266 1108 38 1070 994 1232 1180 34 76 22 52 56 21 30 20 20 48
internal_count=2528 2498 124 30 94 38 28 2374 1266 1108 38 1070 994 1232 1180 34 76 22 52 56 21 30 20 20 48
is_linear=0
shrinkage=0.0749534


Tree=121
num_leaves=21
num_cat=0
split_feature=4 4 11 3 11 4 4 3 12 2 14 8 12 2 2 4 0 8 6 10
split_gain=0.892983 0.654829 1.73806 0.644779 0.508556 0.637081 0.479353 0.544659 0.484074 0.888511 0.577668 0.463557 0.804036 0.432904 0.278791 0.1647 0.323623 0.205892 0.0653003 0.0817081
threshold=-1.2018160218295064 -1.0850200202837006 -0.58349385085929406 -1.5596263421820107 1.2129408033694828 -1.1271831331911473 -1.0364305456446015 0.042611129983401504 2.9137298993221377 -0.45219797537848 2.933049057447366 -0.46938107939774582 2.9137298993221377 -1.3819680303418578 -1.3425513735736236 -0.009318667557343948 1.0000000180025095e-35 -0.69279524671945292 -0.043090923776517541 0.12159773096610051
decision_type=2 2 2 2 2 2 2 2 2 2 2 2 2 2 2 2 2 2 2 2
left_child=18 2 -2 15 11 -6 7 13 10 -10 -8 12 -4 -5 -13 -3 17 -17 -1 -20
right_child=1 3 4 6 5 -7 8 -9 9 -11 -12 14 -14 -15 -16 16 -18 -19 19 -21
leaf_value=0.00016288903391801026 0.00092338433730351419 -0.0052799100683283062 -0.0091064484934114554 -0.00012205182306148198 -0.0086235073849522861 0.0030587197161884368 1.8111837607074774e-05 -0.014453904817478602 0.0016477842934958496 -0.00027416607001555819 0.002251415154924451 -0.00043907238568588307 0.0075173099334931619 0.0023511124120401145 -0.0058667209394685192 0.00031310385045490958 0.00023024629222821776 -0.0062939757267912802 0.00061028884734541005 0.00036921406286841667
leaf_weight=14.000000000000002 9.9999999999999982 19 9 12.999999999999998 12.000000000000002 10.999999999999998 2244 8.9999999999999982 15.999999999999998 12.000000000000002 14.999999999999998 9.9999999999999982 8 35 44 8.0000000000000018 11.999999999999998 11.000000000000002 7.9999999999999991 7.9999999999999991
leaf_count=14 10 19 9 13 12 11 2244 9 16 12 15 10 8 35 44 8 12 11 8 8
internal_value=0.000295567 0.000134247 -0.00561666 0.000390285 -0.00891818 0.000672453 0.000574288 0.00721974 0.000400341 0.00978615 0.000272723 -0.011965 -0.000879658 0.0103634 -0.0152351 -0.00782577 -0.00387066 -0.00952459 0.0126458 0.0161435
internal_weight=2528 2498 104 2394 94 23 2344 57 2287 28 2259 71 17 48 54 50 31 19 30 16
internal_count=2528 2498 104 2394 94 23 2344 57 2287 28 2259 71 17 48 54 50 31 19 30 16
is_linear=0
shrinkage=0.0749534


Tree=122
num_leaves=18
num_cat=0
split_feature=4 9 8 2 0 8 3 4 9 7 7 2 4 8 3 5 9
split_gain=0.888683 0.548067 0.478115 0.441339 0.389432 0.82562 1.22487 1.12746 0.672773 0.571067 0.451458 0.770677 0.418792 1.13374 0.467766 0.217912 0.107001
threshold=-1.2018160218295064 0.20631162133304343 -0.44644187726266371 2.7450866599101871 -1.1446077060016007 -0.29225847774228159 0.42149950332815328 -0.75058769643083378 -0.39765087737398219 -0.064904742736808838 -2.3911482521194523 -0.058938097580006239 -1.0850200202837006 -0.18728634455765958 -1.6405336110775788 -0.58869489216026316 0.016024505711296655
decision_type=2 2 2 2 2 2 2 2 2 2 2 2 2 2 2 2 2
left_child=1 2 -1 4 5 6 -2 -7 -8 -9 11 15 13 -12 -14 -6 -13
right_child=3 -3 -4 -5 10 7 8 9 -10 -11 12 16 14 -15 -16 -17 -18
leaf_value=0.0037534451270602761 -0.018850472888639835 0.00019081663996229088 -0.010806394453111176 -0.003466290913151664 -0.0040594193852964543 0.0075860475564644512 -0.0033518119764058729 0.0013165112499194155 0.0062993799773144359 -0.0022895994819469244 0.00022314475930993965 0.0023769013961724879 -0.0062412759321349388 -0.0051694959756646694 3.3768415903904618e-05 -0.018343946010663168 0.0016770155528405049
leaf_weight=8.0000000000000018 18 12.999999999999998 9.0000000000000018 14.999999999999998 7.9999999999999991 14.999999999999998 8.0000000000000018 26 12.999999999999998 10.999999999999998 46 8.0000000000000018 31 50 2204 36 8.9999999999999982
leaf_count=8 18 13 9 15 8 15 8 26 13 11 46 8 31 50 2204 36 9
internal_value=0.000325188 0.0126458 0.0028043 0.000164223 0.000248144 0.00499453 -0.00312401 0.0109784 0.00871302 0.00328229 6.19332e-05 -0.00617431 0.000232187 -0.00455064 0.000443144 -0.0112555 0.00665359
internal_weight=2528 30 17 2498 2483 91 39 52 21 37 2392 61 2331 96 2235 44 17
internal_count=2528 30 17 2498 2483 91 39 52 21 37 2392 61 2331 96 2235 44 17
is_linear=0
shrinkage=0.0749534


Tree=123
num_leaves=20
num_cat=0
split_feature=4 9 2 18 9 2 9 6 5 5 5 3 15 2 5 4 5 5 2
split_gain=0.880112 0.548067 0.445827 0.456449 0.596455 0.831731 0.992819 0.786115 0.999214 0.674583 0.559684 1.12588 1.68329 1.331 1.08854 1.26192 0.529347 0.440893 0.32462
threshold=-1.2018160218295064 0.20631162133304343 2.7450866599101871 1.0000000180025095e-35 0.23047649001785228 -0.49732706524517661 0.11283073283941956 -0.23004834135152297 0.21866618386554917 1.502949239920931 -0.65606319934467983 -1.2588693853682555 0.88625919121491659 0.19188422227266425 -0.60793512424481266 0.023099342272981303 -0.60350513862027333 0.71013087158862009 -1.1121740668601603
decision_type=2 2 2 2 2 2 2 2 2 2 2 2 2 2 2 2 2 2 2
left_child=1 18 3 10 5 9 -7 17 -9 -5 11 13 -13 -2 15 -12 -16 -6 -1
right_child=2 -3 -4 4 7 6 -8 8 -10 -11 14 12 -14 -15 16 -17 -18 -19 -20
leaf_value=-0.0033329895345091832 -0.00048626747932768049 0.00017651428170853056 -0.0032064805818209077 0.00023248337460534193 -0.0025797953880602751 -0.00014063561276337152 0.0025952023611956528 0.00027029366715885318 -0.0027557540732383911 -0.0039260442020132586 0.015831712930567579 -0.00044766563366612844 0.00063405604997738554 0.0041393161637298696 -0.017793629863752256 -0.0025700791277257079 0.00013845747085813154 -9.5040335598994352e-05 0.0013218755212078669
leaf_weight=8.0000000000000018 13.000000000000002 12.999999999999998 14.999999999999998 174 133 300 23 158 28 34 26 290 56 18 8.9999999999999982 8.9999999999999982 1152 60 9.0000000000000018
leaf_count=8 13 13 15 174 133 300 23 158 28 34 26 290 56 18 9 9 1152 60 9
internal_value=0.000384428 0.0126458 0.000224174 0.000308458 -0.00102503 0.000594112 -0.00177981 -0.0032869 0.000190305 0.0042658 0.00108131 -0.00142778 -0.00268403 0.0117082 0.00187488 0.0144589 0.00146422 -0.00660625 0.0028043
internal_weight=2528 30 2498 2483 910 531 323 379 186 208 1573 377 346 31 1196 35 1161 193 17
internal_count=2528 30 2498 2483 910 531 323 379 186 208 1573 377 346 31 1196 35 1161 193 17
is_linear=0
shrinkage=0.0749534


Tree=124
num_leaves=30
num_cat=0
split_feature=4 5 13 9 3 13 4 9 4 11 5 3 7 9 9 8 9 13 7 3 2 5 12 9 6 8 9 3 12
split_gain=1.23769 0.429681 0.837258 1.1558 1.7013 1.08626 0.931426 0.829687 0.639782 0.597275 0.588227 1.15189 0.796737 0.761446 0.596134 1.03441 0.832945 1.39606 0.747665 0.699455 0.562075 0.615009 0.357456 0.306024 0.224968 0.224923 0.218233 0.104251 0.0469639
threshold=-1.2018160218295064 -0.65606319934467983 -0.32078618360141403 -0.83448314250752975 0.44032243751431271 -0.19168941001624371 -0.40476889574827041 -0.26461032216946762 0.81010121838454696 1.612148504309211 -0.60793512424481266 0.25337241808915245 -0.25712097101851822 0.51541314845379038 0.31636816310790566 2.2758293265595655 0.39578335407794124 1.7343164391181287 1.0619095021679665 -1.2699030786212606 -0.88916812100965448 -0.88907340719791239 1.0000000180025095e-35 0.20631162133304343 1.2967705688443552 -0.44644187726266371 -0.46672971087649046 -0.50081561275691477 1.3760688070906235
decision_type=2 2 2 2 2 2 2 2 2 2 2 2 2 2 2 2 2 2 2 2 2 2 2 2 2 2 2 2 2
left_child=23 2 3 4 22 24 -6 8 -5 -9 11 12 -3 26 15 19 18 -18 -16 -12 -7 -22 -2 25 28 -1 -13 -14 -4
right_child=1 10 5 7 6 20 -8 9 -10 -11 14 13 27 -15 16 -17 17 -19 -20 -21 21 -23 -24 -25 -26 -27 -28 -29 -30
leaf_value=0.0036347060410374986 0.00034468765960747269 0.0015147664115551238 -0.003059641197053545 -0.0023098717153332048 0.00018483252058043161 0.0015740457049627122 0.022815394127468792 -5.7599584211397522e-05 0.00045792965558039269 0.00041806023677162243 -0.0019717020995522437 -0.0031153597863040582 0.013084374400642407 0.0029468382702466521 -0.0049922642193846742 -0.004634627541466655 1.6987171946908062e-05 -0.0031245385382590285 0.001289455428037975 0.00016328417927334436 -0.001175763945900311 0.00017139490599949286 -0.00029334343864188513 0.00016328393400710613 -0.0024040865165399351 -0.01009549739687705 -0.0023787698387141639 0.017769137541720749 -0.0024316524890802254
leaf_weight=8.0000000000000018 16.000000000000004 8.0000000000000018 39 53 17 13.999999999999998 15.999999999999998 232 15.999999999999998 21 82 7.9999999999999991 7.9999999999999991 13.999999999999998 49 15.999999999999998 524 50 10.999999999999998 1152 40 60 13.999999999999998 12.999999999999998 9.9999999999999982 9.0000000000000018 12.000000000000002 7.9999999999999991 7.9999999999999991
leaf_count=8 16 8 39 53 17 14 16 232 16 21 82 8 8 14 49 16 524 50 11 1152 40 60 14 13 10 9 12 8 8
internal_value=0.000414049 0.000224174 -0.00160766 0.00033437 0.00942014 -0.00593179 0.0205566 -0.00149655 -0.00862933 0.000507135 0.000750837 0.00802995 0.0197591 -0.000983413 0.000515663 0.0014649 -0.00135176 -0.000452281 -0.00957257 0.00172633 -0.00159501 -0.00364155 -0.0034128 0.014954 -0.0141515 0.00665359 -0.0099346 0.0283165 -0.0162544
internal_weight=2528 2498 556 385 63 171 33 322 69 253 1942 58 24 34 1884 1250 634 574 60 1234 114 100 30 30 57 17 20 16 47
internal_count=2528 2498 556 385 63 171 33 322 69 253 1942 58 24 34 1884 1250 634 574 60 1234 114 100 30 30 57 17 20 16 47
is_linear=0
shrinkage=0.0749534


Tree=125
num_leaves=17
num_cat=0
split_feature=4 9 16 9 6 17 6 13 10 0 10 9 7 13 14 7
split_gain=0.673025 0.627406 0.444063 0.743361 0.42495 0.80013 0.633648 0.666304 0.450304 0.41684 0.923647 0.663726 0.41341 0.353363 0.488161 0.469389
threshold=-1.2307761991462984 0.058520500681918108 4.255553654173398 -0.61195729094461826 2.1069193783360456 1.4567572365165855 1.4525684168235262 -0.33967632704230805 0.36309302328875931 1.01557764731833 0.61877157061923505 -0.89318878395471668 -0.18450595144542853 -0.28273421980146973 -0.738224098466287 -1.2250364672104161
decision_type=2 2 2 2 2 2 2 2 2 2 2 2 2 2 2 2
left_child=1 -1 4 12 6 13 9 8 -8 11 -11 -2 -4 14 -6 -15
right_child=2 -3 3 -5 5 -7 7 -9 -10 10 -12 -13 -14 15 -16 -17
leaf_value=-0.00018668772662517252 -0.00019224584817865843 0.00047709674594798506 0.0075282752611708212 -0.0033263367744177956 0.016571580930130912 0.03404662255340931 0.00067288143201554515 -0.0023247728631068804 -0.0018826764760442585 0.00036564728111817727 -0.00065400911577592085 4.3477877221352101e-05 -0.0090005354460099985 -0.0056571168323567515 -0.0010399387447894938 0.00028616565878577063
leaf_weight=9.0000000000000018 366 10.999999999999998 7.9999999999999991 20 8.9999999999999947 8.9999999999999982 15.999999999999998 22 32 111 28 1835 7.9999999999999991 9.0000000000000018 27.000000000000004 7.9999999999999991
leaf_count=9 366 11 8 20 9 9 16 22 32 111 28 1835 8 9 27 8
internal_value=0.000354808 0.01327 0.000238209 -0.00775119 0.000362838 0.00636918 0.000201282 -0.00670034 -0.00145316 0.000415281 0.00435956 0.000160846 0.00397053 0.00233557 -0.00190642 0.0105029
internal_weight=2528 20 2508 36 2472 62 2410 70 48 2340 139 2201 16 53 36 17
internal_count=2528 20 2508 36 2472 62 2410 70 48 2340 139 2201 16 53 36 17
is_linear=0
shrinkage=0.0749534


Tree=126
num_leaves=20
num_cat=0
split_feature=4 4 11 4 4 11 6 16 6 6 10 7 8 5 5 5 5 5 6
split_gain=0.875841 0.394426 1.56576 0.489169 0.818792 0.696037 1.37581 0.617868 0.716109 0.921921 0.561997 0.528387 0.48017 0.345176 0.337299 0.783814 0.284838 0.0395994 0.0349887
threshold=-1.2018160218295064 -1.0850200202837006 -0.58349385085929406 -0.45666477035085801 -0.45943617856392249 -0.98270155179902219 -0.82208016367237358 4.255553654173398 2.1069193783360456 2.7924299094443992 -1.2178109191950244 0.35199089904751929 0.13488242433578526 -0.65606319934467983 -0.64187170124206683 -0.4780849982210687 0.095100269466921766 -0.43342961991082624 -0.074250493372351789
decision_type=2 2 2 2 2 2 2 2 2 2 2 2 2 2 2 2 2 2 2
left_child=13 2 -2 4 5 10 -7 8 11 -10 -3 -5 14 -1 -4 -16 18 -15 -14
right_child=1 3 12 7 -6 6 -8 -9 9 -11 -12 -13 16 17 15 -17 -18 -19 -20
leaf_value=0.0019317772652233391 0.00094478636387795856 -5.8115589937703846e-05 -0.0065384223284151036 -8.4219944665107072e-05 0.020675652590403826 -0.0062525056277787511 0.00010639989582044649 -0.00084437566352119054 0.027919219914395593 0.00012555369085703069 0.0042080198387414152 0.00017426343753110463 -0.020242367146390501 -0.0032844213702473805 0.020017432165370833 -0.0013300163885757923 -0.0089152326471221531 0.00037171112224532648 -0.0044306901513432115
leaf_weight=14.000000000000002 9.9999999999999982 27 7.9999999999999991 998 9.9999999999999982 51 755 19 14.999999999999998 37 76 406 7.9999999999999991 7.9999999999999991 8.9999999999999982 33 7.9999999999999991 7.9999999999999991 28
leaf_count=14 10 27 8 998 10 51 755 19 15 37 76 406 8 8 9 33 8 8 28
internal_value=0.000414049 0.00025415 -0.00420872 0.000452839 0.00180809 0.00154011 0.000786044 -0.000392075 -0.000204463 0.00822644 0.00726887 -0.000531773 -0.00736429 0.0126458 -0.00211199 0.000806509 -0.0128683 0.00397053 -0.0155442
internal_weight=2528 2498 104 2394 919 909 806 1475 1456 52 103 1404 94 30 50 42 44 16 36
internal_count=2528 2498 104 2394 919 909 806 1475 1456 52 103 1404 94 30 50 42 44 16 36
is_linear=0
shrinkage=0.0749534


Tree=127
num_leaves=23
num_cat=0
split_feature=0 5 10 10 7 7 4 4 6 7 10 7 12 4 9 1 11 5 6 4 2 9
split_gain=0.421031 1.00423 1.46461 0.759421 0.592407 0.753683 0.527683 0.645258 1.03694 0.560909 0.652048 0.576573 0.662192 0.655829 0.457592 0.370332 0.625215 0.366316 0.309603 0.209427 0.0395994 0.0305454
threshold=-1.1446077060016007 -0.051895948237020796 0.54956181016270034 0.0077136520964310009 -0.41687401407931718 -0.10932804882858253 -1.2018160218295064 -1.112373504735358 -0.3858461893306942 1.5659431674400051 1.2766684468578708 0.34344795556833269 -0.67414598255139557 0.040431495148044158 0.39578335407794124 1.0000000180025095e-35 1.0000000180025095e-35 -0.92745727058675242 0.081547354606819361 -1.1271831331911473 -0.44927568813307794 0.24239032474447195
decision_type=2 2 2 2 2 2 2 2 2 2 2 2 2 2 2 2 2 2 2 2 2 2
left_child=1 3 14 18 -5 -6 15 8 -8 11 17 13 -13 -9 -3 -2 -17 -11 -1 21 -21 -10
right_child=6 2 -4 4 5 -7 7 9 19 10 -12 12 -14 -15 -16 16 -18 -19 -20 20 -22 -23
leaf_value=0.0035840127410267054 0.0018287137710949167 0.0041252919401430629 0.018271772319232032 -0.018220650963781466 0.0014692376752827778 -0.0013271901932045351 0.00099467307985520335 3.6493153257647951e-05 -0.0068933710410662248 0.00049587501103114454 0.00036976903073717072 0.00030939091815023714 8.5162929999190365e-05 -0.00036134368083065593 -0.00029644537402123418 0.00159521561786649 -0.0011883514565957901 -0.0029383500274303104 -0.000311764692446245 -0.010465363614905522 -6.608134422783434e-05 -0.003315310621167081
leaf_weight=14.000000000000002 8.0000000000000018 11.000000000000005 8.9999999999999982 17 10.000000000000002 11.999999999999998 7.9999999999999991 1140 25 7.9999999999999991 11.999999999999998 201 393 495 8.9999999999999982 10.000000000000002 9.9999999999999982 100 11.999999999999998 7.9999999999999991 7.9999999999999991 7.9999999999999991
leaf_count=14 8 11 9 17 10 12 8 1140 25 8 12 201 393 495 9 10 10 100 12 8 8 8
internal_value=0.000177086 0.00503345 0.0160246 -0.000253864 -0.00673865 0.00146564 -1.47209e-05 -0.000139375 -0.00784989 5.50969e-05 -0.00488289 0.000326774 0.00232203 -0.000399538 0.00326378 0.00978615 0.00326378 -0.00677026 0.00915731 -0.0119824 -0.00397053 -0.0152741
internal_weight=2528 94 29 65 39 22 2434 2406 57 2349 120 2229 594 1635 20 28 20 108 26 49 16 33
internal_count=2528 94 29 65 39 22 2434 2406 57 2349 120 2229 594 1635 20 28 20 108 26 49 16 33
is_linear=0
shrinkage=0.0749534


Tree=128
num_leaves=32
num_cat=0
split_feature=0 14 9 6 10 7 12 13 7 9 11 13 2 1 0 2 11 6 6 2 17 6 10 2 6 7 9 16 6 2 2
split_gain=0.700033 0.788523 1.1901 0.816131 0.71068 0.486494 0.664447 0.884389 1.07142 1.32825 0.945928 0.685533 1.17623 0.62078 0.922116 0.855175 0.557356 0.745596 1.41308 0.77632 0.714556 0.537032 0.531609 0.698929 0.386641 0.359045 0.276697 0.529275 0.192059 0.177858 0.0933332
threshold=-1.1446077060016007 1.0000000180025095e-35 0.81397617791231502 -0.57280360690569965 -0.38390682039496643 0.34344795556833269 -0.67414598255139557 0.62735250926490538 0.43571174514355432 0.28154239701137906 0.21492155102016219 -0.14913078830747278 -0.57825936168271663 1.1241768659879796 1.01557764731833 0.4528618751155698 2.0113562052489393 -0.10541006296818604 0.050387785010985106 -0.22449256080141552 1.4567572365165855 -0.75976102448070504 1.0447491064980954 -0.71712732274200242 0.081547354606819361 -0.27933262406440512 -0.93703533685373908 1.0000000180025095e-35 -0.75976102448070504 -0.54275510494929147 0.68796381955343022
decision_type=2 2 2 2 2 2 2 2 2 2 2 2 2 2 2 2 2 2 2 2 2 2 2 2 2 2 2 2 2 2 2
left_child=1 2 3 -1 -3 13 11 8 9 -8 -10 22 28 16 -15 -16 17 19 -19 -2 30 -9 23 -7 -23 -6 -5 -28 -13 -24 -18
right_child=5 4 -4 26 25 6 7 21 10 -11 -12 12 -14 14 15 -17 20 18 -20 -21 -22 24 29 -25 -26 -27 27 -29 -30 -31 -32
leaf_value=-0.00044089082491028915 0.00014185434961404853 0.0020619814266499737 -0.00076709208990049735 4.0119426982549923e-05 -0.017504145074365384 0.00074551667227924431 0.0031633148479369229 0.0013765131719090749 -0.00024624918642018607 -0.00013176095570429568 0.00025400628488258143 -0.006663827805127003 0.0010038539393864589 0.00074014667919695834 -0.016322388569023211 0.031166815081045601 -0.00094506920893473495 0.00069514434975070981 -1.5710185488290838e-05 -0.00068335507176419774 0.0012011329662324234 -0.0056857917057428712 -0.003030628095207712 0.00013353219315551365 2.290077594428773e-05 -0.0017170352426850314 0.0015752391162483733 0.025249964818367391 0.00097929759803365088 -0.00018128380328410654 -0.003950244970107708
leaf_weight=11.999999999999998 204 7.9999999999999991 13.999999999999998 7.9999999999999956 14 45 39 11.999999999999998 287 28 135 10.999999999999998 13.999999999999998 13.000000000000002 10.000000000000002 7.9999999999999991 22 118 782 495 10.999999999999998 35 9.0000000000000018 112 11.999999999999998 11 17.000000000000007 9.9999999999999982 10.000000000000002 7.9999999999999991 13.999999999999998
leaf_count=12 204 8 14 8 14 45 39 12 287 28 135 11 14 13 10 8 22 118 782 495 11 35 9 112 12 11 17 10 10 8 14
internal_value=0.000325188 0.00658734 0.0114883 0.017012 -0.00259591 7.62471e-05 0.00165096 0.0002694 0.00133117 0.00995666 -8.44981e-05 0.00522033 0.0144589 -0.000635007 0.00946887 -0.001752 -0.000840189 -0.000595731 0.000828751 -0.00242858 -0.0086791 -0.00820415 0.00317637 0.0045725 -0.0117092 -0.00880856 0.0224598 0.0260132 0.0023264 -0.00857823 -0.013596
internal_weight=2528 94 61 47 33 2434 757 548 489 67 422 209 35 1677 31 18 1646 1599 900 699 47 59 174 157 47 25 35 27 21 17 36
internal_count=2528 94 61 47 33 2434 757 548 489 67 422 209 35 1677 31 18 1646 1599 900 699 47 59 174 157 47 25 35 27 21 17 36
is_linear=0
shrinkage=0.0749534


Tree=129
num_leaves=22
num_cat=0
split_feature=0 5 7 11 5 9 5 4 4 9 9 4 4 11 5 11 9 7 9 5 9
split_gain=0.508345 1.06213 0.781724 0.523414 0.518084 0.688189 0.802128 0.498273 0.541319 0.472404 0.994727 0.849914 0.685473 1.01231 0.837405 0.675121 0.33745 0.285389 0.218233 0.145405 0.41341
threshold=-1.1446077060016007 -0.24459592825001847 -0.39209947798967532 -0.58349385085929406 -0.55500941399647818 0.23594790642914312 -0.8757610543292107 -1.2018160218295064 -1.1325320055568409 0.49197826545808798 0.4749076480739971 1.303525432964556 0.57999657307469099 -0.78309770132915812 1.8902730422527028 3.0093754575982596 -0.10251555320101029 -0.30325286580612903 -0.13690785889130958 -0.65606319934467983 0.20631162133304343
decision_type=2 2 2 2 2 2 2 2 2 2 2 2 2 2 2 2 2 2 2 2 2
left_child=1 4 -3 -4 5 17 -7 19 16 10 15 -12 13 -11 -14 -10 -9 -1 -6 -2 -21
right_child=7 2 3 -5 18 6 -8 8 9 12 11 -13 14 -15 -16 -17 -18 -19 -20 20 -22
leaf_value=-0.00011076275492157891 0.0019753619245677415 0.0054013018698706103 -0.016949296845607323 0.0014571695695854015 -0.00075496476704574268 -0.0062594279400073442 0.03939027703686946 -0.0069525921755826765 2.8286095932871473e-05 0.0016691456411438656 -0.00078830963974167181 0.010778178205229647 -0.0013791911658480572 -9.8904783139937692e-05 0.00017866305675349778 0.00035479252788885409 -0.0017943122701780032 -0.0017863949104267144 -0.048634277141725135 -0.0030895797515624996 0.00023478443174346418
leaf_weight=10.000000000000002 12.000000000000002 17 9.0000000000000018 12.999999999999998 8.0000000000000018 9.0000000000000018 7.9999999999999991 16.000000000000004 1665 82 11.000000000000002 8.9999999999999982 150 417 30 13.999999999999998 11.999999999999998 7.9999999999999991 11.999999999999998 7.9999999999999991 7.9999999999999991
leaf_count=10 12 17 9 13 8 9 8 16 1665 82 11 9 150 417 30 14 12 8 12 8 8
internal_value=0.000473289 0.0058104 0.0148716 0.00452845 -0.000950122 0.00445761 0.0143522 0.000260826 0.000139375 0.000266962 0.000935161 0.0166054 -0.00139998 3.41569e-05 -0.00533114 0.000723404 -0.00978615 -0.00541326 -0.0099346 0.00978615 0.00397053
internal_weight=2528 94 39 22 55 35 17 2434 2406 2378 1699 20 679 499 180 1679 28 18 20 28 16
internal_count=2528 94 39 22 55 35 17 2434 2406 2378 1699 20 679 499 180 1679 28 18 20 28 16
is_linear=0
shrinkage=0.0749534


Tree=130
num_leaves=18
num_cat=0
split_feature=4 2 7 16 2 13 6 4 4 5 8 8 10 12 8 3 8
split_gain=0.58334 0.451325 0.370669 0.967142 0.987667 2.00664 1.10348 0.848401 0.971216 0.665577 0.409893 0.309603 0.253429 0.253124 0.20496 0.0817081 0.0510108
threshold=-1.2018160218295064 2.7053358643605336 0.35199089904751929 1.0000000180025095e-35 -0.70066877746742673 -0.14913078830747278 0.42430262016099612 -1.0770953498075544 -1.0580943816682904 0.21866618386554917 0.9229456065836813 -0.50329542683273187 2.4347424566181579 1.3760688070906235 -0.24096765862772554 -0.77201283333510051 -0.40701864861495524
decision_type=2 2 2 2 2 2 2 2 2 2 2 2 2 2 2 2 2
left_child=13 2 7 4 6 -6 -4 12 -9 -10 16 -3 14 15 -2 -1 -5
right_child=1 11 3 10 5 -7 -8 8 9 -11 -12 -13 -14 -15 -16 -17 -18
leaf_value=0.0026364704235997669 -0.00043904869220668649 0.00055623578306932399 -4.8912242992926462e-05 -0.0027589335244404571 0.00024552618285120253 0.0024450739811163755 0.00083792961584208778 0.0090313061924158292 2.3309363011280761e-05 -0.000353586484260567 0.0057106466017433858 -0.0047363016322040192 -0.00074561711355893121 8.0390367872460434e-05 -0.0064955595916567459 0.00059190334366030579 -0.0021539336125530927
leaf_weight=8.0000000000000018 22 12.000000000000002 410 24 207 45 11.999999999999998 9.9999999999999982 1379 301 8.9999999999999982 13.999999999999998 10.999999999999998 13.999999999999998 29 8.0000000000000018 12.999999999999998
leaf_count=8 22 12 410 24 207 45 12 10 1379 301 9 14 11 14 29 8 13
internal_value=0.000354808 0.000224174 0.000332547 0.00176145 0.00249063 0.00617912 0.000261078 -0.000255411 6.54785e-05 -8.81425e-05 -0.00847157 -0.00915731 -0.00869433 0.0103375 -0.0108333 0.0161435 -0.0118273
internal_weight=2528 2498 2472 720 674 252 422 1752 1690 1680 46 26 62 30 51 16 37
internal_count=2528 2498 2472 720 674 252 422 1752 1690 1680 46 26 62 30 51 16 37
is_linear=0
shrinkage=0.0749534


Tree=131
num_leaves=18
num_cat=0
split_feature=4 2 4 3 2 8 10 4 5 2 0 6 6 6 12 0 3
split_gain=0.58334 0.445827 0.404196 0.9769 1.66242 0.757206 0.948149 0.521667 0.841671 1.76524 0.969368 0.457507 1.43806 0.901754 0.253124 0.12039 0.0817081
threshold=-1.2018160218295064 2.7450866599101871 -1.0850200202837006 -0.53639041784214958 -1.5310071858853926 -0.18728634455765958 0.23575009912500619 -0.94354219281714802 -0.33359692485134973 -0.54275510494929147 1.0000000180025095e-35 -0.10541006296818604 -0.043090923776517541 -0.54164403730986543 1.3760688070906235 1.0000000180025095e-35 -0.77201283333510051
decision_type=2 2 2 2 2 2 2 2 2 2 2 2 2 2 2 2 2
left_child=14 2 3 4 -2 6 -5 8 9 -4 -10 13 -13 -9 16 -7 -1
right_child=1 -3 7 5 -6 15 -8 11 10 -11 -12 12 -14 -15 -16 -17 -18
leaf_value=0.0024388579694055745 -0.010364051756110985 -0.0028594595029066187 0.0036519041738788676 -0.0039869812534400022 0.00095714309450023244 -0.005090126400690495 0.0015706562940878755 2.2495608835142855e-05 0.00014682268217611742 0.00023123370233930066 -0.0022924878683027268 0.0020506647717801682 4.9013458481776056e-05 -0.00018191444854843695 7.4364835498992943e-05 -0.0023764945486588981 0.0005475381684094682
leaf_weight=8.0000000000000018 9.0000000000000018 14.999999999999998 17 11.999999999999998 14.999999999999998 30 24 768 67 63 45 65 950 404 13.999999999999998 13.999999999999998 8.0000000000000018
leaf_count=8 9 15 17 12 15 30 24 768 67 63 45 65 950 404 14 14 8
internal_value=0.000354808 0.000224174 0.000308458 -0.00420872 0.00843345 -0.00815999 0 0.00051077 0.00423134 0.00997766 0 0.000178991 0.00134283 -0.000828274 0.0103375 -0.0144812 0.0161435
internal_weight=2528 2498 2483 104 24 80 36 2379 192 80 112 2187 1015 1172 30 44 16
internal_count=2528 2498 2483 104 24 80 36 2379 192 80 112 2187 1015 1172 30 44 16
is_linear=0
shrinkage=0.0749534


Tree=132
num_leaves=26
num_cat=0
split_feature=4 11 4 5 5 14 13 2 1 8 2 5 11 13 4 13 10 13 9 9 11 12 7 15 10
split_gain=0.615044 0.499354 1.35782 0.873089 0.869551 0.822612 1.7434 0.693354 0.614262 1.05558 0.876671 1.20639 0.827483 0.751425 0.747874 0.613477 1.22512 1.01425 0.581525 0.579144 0.463993 0.253124 0.220678 0.199523 0.0817081
threshold=-1.2018160218295064 -0.78309770132915812 -0.60451789746136397 -0.72443888049799909 -1.0186951952877981 1.7092913388094815 1.3129973753868389 -0.68670133497018593 1.0000000180025095e-35 -0.99385040645724954 -0.56315929011837362 0.21866618386554917 -0.38389000038943 2.2386096444783958 1.0179361079683582 0.42584894298929438 -1.5177128184172393 -0.059217687072601895 -0.13202043892023482 -0.378867833587618 -0.38389000038943 1.3760688070906235 0.044444933796785858 1.0000000180025095e-35 -0.40561162432375508
decision_type=2 2 2 2 2 2 2 2 2 2 2 2 2 2 2 2 2 2 2 2 2 2 2 2 2
left_child=21 2 3 23 -4 8 20 19 10 12 13 -12 -10 -3 -11 17 -17 -6 -9 -5 -7 24 -22 -2 -1
right_child=1 5 4 7 15 6 -8 18 9 14 11 -13 -14 -15 -16 16 -18 -19 -20 -21 22 -23 -24 -25 -26
leaf_value=0.0022560572429300282 -0.0013519736570203685 -0.0014874241711465494 0.00025041668049163721 0.0042819359921352478 -2.9511763512111407e-05 0.00068739125702759764 0.001712445506826953 0.00080722174619897718 0.00097255454870545329 5.0246783050988681e-05 0.0001265708800527481 -0.001977336143593059 -0.00072482882312159362 0.00030285917779367767 0.0007186839679977667 0.014808663743848552 -0.00059944063009517256 -0.009044533020660956 0.0079995115353890828 -0.002260889949877558 -0.00421196752296171 6.8790937336873494e-05 -0.00016066494949954947 0.001206381410544555 0.00050649831442298209
leaf_weight=8.0000000000000018 12.000000000000002 219 7.9999999999999991 15.999999999999998 389 9.9999999999999982 7.9999999999999991 29 26 886 327 44 124 19 172 11.999999999999998 26 34 42 19 48 13.999999999999998 18 9.9999999999999982 8.0000000000000018
leaf_count=8 12 219 8 16 389 10 8 29 26 886 327 44 124 19 172 12 26 34 42 19 48 14 18 10 8
internal_value=8.82249e-05 -4.43198e-05 0.00184154 0.00860484 -3.63303e-05 -0.000639034 -0.00778253 0.0113865 -0.00029778 0.000679799 -0.00223443 4.58635e-05 -0.00515112 -0.00575962 0.00151809 -0.000522122 0.00829414 -0.0013615 0.0155356 0.00245736 -0.0114414 0.0103375 -0.0136597 -0.00452845 0.0161435
internal_weight=2528 2498 597 128 469 1901 84 106 1817 1208 609 371 150 238 1058 461 38 423 71 35 76 30 66 22 16
internal_count=2528 2498 597 128 469 1901 84 106 1817 1208 609 371 150 238 1058 461 38 423 71 35 76 30 66 22 16
is_linear=0
shrinkage=0.0749534


Tree=133
num_leaves=31
num_cat=0
split_feature=9 4 9 10 9 6 2 7 13 10 6 9 9 10 13 12 7 7 7 9 10 13 6 6 7 5 2 3 5 3
split_gain=0.434887 1.64589 0.855173 0.806013 1.63462 0.682466 0.672494 1.49171 0.895976 0.874107 0.788577 0.591829 1.59254 1.1117 0.944843 0.920432 0.757181 1.8082 0.909848 0.613857 0.603359 0.550825 0.524726 1.47411 0.505326 0.491946 0.28722 0.231936 0.200175 0.0271865
threshold=-1.6492544703013423 -0.88164098179135575 -1.1261275879778223 0.15370339768198807 -1.7493325393187169 1.016334442481847 0.6342553928011484 -0.45190008234398399 -0.085594816081277128 0.76726582678424871 0.23734520258599057 -0.76863339811635567 -0.88317126183255279 1.1408482110757383 -0.32680655448464746 0.35096141226961375 -0.95166227587642915 -0.90894755848049369 -1.1524214476373265 -1.0872827587941531 1.3941018469968831 3.8747842524045359 -0.79092059407653936 -0.47932489811819695 -1.260916829823002 -0.58250266309298904 -0.38588882574775102 1.0074112315307975 -0.75438407188518264 -0.26231119146521065
decision_type=2 2 2 2 2 2 2 2 2 2 2 2 2 2 2 2 2 2 2 2 2 2 2 2 2 2 2 2 2 2
left_child=1 25 6 4 22 26 7 10 9 -9 -2 12 14 15 20 -14 18 -18 24 -16 -4 -19 -3 -24 -13 -1 -5 -20 -28 -8
right_child=2 3 11 5 -6 -7 29 8 -10 -11 -12 16 13 -15 19 -17 17 21 27 -21 -22 -23 23 -25 -26 -27 28 -29 -30 -31
leaf_value=0.00012864879746849823 0.0023256532369688066 -0.0043107508941168556 0.00039224542247362807 -0.0014424984803270331 0.0029997780060295677 0.00079673025928017204 -0.0080522900261465503 -0.008284018747829679 0.013929996138369314 0.00018635006626703391 0.0010249526268927092 -0.0020683982380816091 0.0055163475629462907 -0.00031088835729611592 0.0014377970788510322 2.4219271651638202e-05 0.0092792178621184437 -1.6559727421764017e-05 -0.0018746222683615982 -0.0021818834030757272 -0.00067050042962801619 0.0018554378260391376 0.01742818721733894 -0.0012712825449894909 0.0031949558279702798 0.0081651712201635755 -0.00053971775970627878 -0.0044045674641321579 -0.0031745528039153017 -0.0072005596461448169
leaf_weight=10.000000000000002 10.000000000000002 13.999999999999998 85 10.999999999999998 12.999999999999998 8.9999999999999982 8.0000000000000018 65 7.9999999999999991 24 11.999999999999998 123 75 11.999999999999998 11.999999999999998 33 13.999999999999998 1702 18 45 7.9999999999999991 44 12.999999999999995 25.000000000000004 36 7.9999999999999991 8.9999999999999947 30 29.000000000000004 23
leaf_count=10 10 14 85 11 13 9 8 65 8 24 12 123 75 12 12 33 14 1702 18 45 8 44 13 25 36 8 9 30 29 23
internal_value=2.89842e-05 0.00403758 -0.000211062 0.000733886 0.00636371 -0.00555101 -0.0056427 -0.0029177 -0.00695381 -0.0092008 0.0137169 0.00015826 0.00343268 0.00977893 -0.00171 0.0121981 -0.000294129 0.000211724 -0.00455453 -0.00911021 0.0029272 -2.05134e-05 0 0.00459018 -0.00173074 0.0237196 -0.00906996 -0.0133335 -0.0119981 -0.0150671
internal_weight=2528 141 2387 123 65 58 150 119 97 89 22 2237 270 120 150 108 1967 1760 207 57 93 1746 52 38 159 18 49 48 38 31
internal_count=2528 141 2387 123 65 58 150 119 97 89 22 2237 270 120 150 108 1967 1760 207 57 93 1746 52 38 159 18 49 48 38 31
is_linear=0
shrinkage=0.0749534


Tree=134
num_leaves=26
num_cat=0
split_feature=13 13 14 11 6 6 8 3 7 5 9 3 9 2 11 8 8 6 3 3 11 14 8 12 7
split_gain=0.476942 0.996755 1.26098 1.1188 0.884368 0.856606 1.19499 1.29277 1.2376 0.95573 0.82585 1.28791 0.802516 1.36301 0.925239 1.0378 0.768832 0.735867 0.63364 0.55581 0.493352 0.477226 0.444689 0.292137 0.00335068
threshold=-0.32987112572679234 -0.34043383578767422 -0.738224098466287 -0.78309770132915812 1.390249277631858 -0.10541006296818604 -0.99385040645724954 1.6164223303565188 0.63049085646902003 -0.82398618589533268 2.3929000287221167 -0.52943817641170654 -1.6492544703013423 0.0082327034545126004 0.21492155102016219 0.19951165730379497 -1.4234195001567163 0.050387785010985106 2.0302927289709722 -1.6405336110775788 -0.58349385085929406 -0.738224098466287 0.21959181758521781 -0.67414598255139557 0.23836975077433117
decision_type=2 2 2 2 2 2 2 2 2 2 2 2 2 2 2 2 2 2 2 2 2 2 2 2 2
left_child=1 10 -3 -4 5 12 8 9 20 -8 16 -12 13 -2 15 -14 24 -5 -6 -18 -7 -21 -16 -9 -1
right_child=4 2 3 17 18 6 7 23 -10 -11 11 -13 14 -15 22 -17 19 -19 -20 21 -22 -23 -24 -25 -26
leaf_value=-0.003547820538375844 0.0078226685508002609 -0.013273998080699187 0.021044355633691975 -0.00013393771989773695 -0.001115903559693029 0.0016189883340767767 -0.00053904952857807074 -0.00025194465907048952 0.0020741454510970819 0.0019271936461180081 -0.0016586303107713901 0.015295519867985045 -7.6413253639693777e-05 -0.0025713292813175836 -0.0086570168045165333 -0.0011017657117982358 -0.0075152759894173424 0.0019296520108212038 -0.00057895225992986234 0.00020547297441118892 -0.0045739528204552056 -2.3592071500186187e-05 -0.00062950146763318573 -0.0010392874109675183 -0.003974985331914203
leaf_weight=13.000000000000002 15.000000000000002 10.999999999999998 8.9999999999999982 12.000000000000002 31 8.9999999999999982 34 13.000000000000002 12.999999999999998 191 8.0000000000000018 10.999999999999998 268 14.999999999999998 45 69 17 14.999999999999998 14.999999999999998 322 57 1299 11.999999999999998 15.999999999999998 7.9999999999999991
leaf_count=13 15 11 9 12 31 9 34 13 13 191 8 11 268 15 45 69 17 15 15 322 57 1299 12 16 8
internal_value=-0.000236327 0.000465501 0.0109517 0.0174925 -0.00174279 -0.00110816 0.00172676 0.00423132 -0.00619017 0.00617116 0.000155151 0.0147607 -0.00333552 0.00802929 -0.00424959 -0.00269999 -3.28657e-05 0.0082108 -0.0115642 0.000158934 -0.0103757 0.000310647 -0.0128911 -0.0100706 -0.013503
internal_weight=2528 1725 47 36 803 757 333 254 79 225 1678 19 424 30 394 337 1659 27 46 1638 66 1621 57 29 21
internal_count=2528 1725 47 36 803 757 333 254 79 225 1678 19 424 30 394 337 1659 27 46 1638 66 1621 57 29 21
is_linear=0
shrinkage=0.0749534


Tree=135
num_leaves=25
num_cat=0
split_feature=2 9 9 4 5 6 4 8 9 3 8 18 6 2 4 6 5 9 4 6 4 2 4 11
split_gain=0.413964 0.407398 1.05313 0.883069 0.894133 0.856927 0.849914 0.847286 1.73232 1.38277 1.22121 1.36741 1.0032 0.812816 0.528506 1.02807 0.731372 0.681194 0.914685 0.560901 0.506271 1.24181 0.477202 0.243928
threshold=2.7450866599101871 0.49197826545808798 0.4749076480739971 0.73798823501213617 1.8902730422527028 -0.82208016367237358 1.303525432964556 0.62285889867506772 1.4244586108551691 0.15966714088420572 0.10422162686919206 1.0000000180025095e-35 -0.44816532852236268 -1.4757253884397146 2.5051164745240513 -1.1025162900348817 0.47686764340055127 -1.0534010495098707 2.5860202567811115 -1.0401971508432133 1.5597476358001672 -0.72541461495011539 1.4523837971919125 0.41452540149002631
decision_type=2 2 2 2 2 2 2 2 2 2 2 2 2 2 2 2 2 2 2 2 2 2 2 2
left_child=1 2 14 7 20 22 -4 10 13 -10 11 -3 -12 -9 15 16 -1 -16 -19 -17 23 -22 -6 -5
right_child=-2 3 6 4 5 -7 -8 8 9 -11 12 -13 -14 -15 17 19 -18 18 -20 -21 21 -23 -24 -25
leaf_value=-0.0062655041162540956 -0.0026377198180613055 0.00030868655884795697 -0.00071973717755512915 -0.0049719737442741529 0.0018672071164976267 0.00062419466854479375 0.0099140378287949447 0.0017813816228550885 0.00025375696326500455 0.01506034826784663 0.00019019184973692417 -0.00049973410221860722 -0.0034385334222965043 -0.0004395197884175445 0.0058669262589473832 0.00084479925507109177 -0.00069559340779323179 0.0021213081848237142 -0.0040860823062703515 1.2628069627602788e-05 -0.0053926340195434323 0.0022154696548230086 -0.015654841756300965 -0.00085001386047408006
leaf_weight=49 14.999999999999998 146 11.000000000000002 56 8.0000000000000053 12.999999999999998 8.9999999999999982 8.9999999999999982 57 19 34 80 65 138 8.9999999999999982 69 60 12.000000000000002 12.999999999999998 1558 45 27 9.9999999999999982 15.999999999999998
leaf_count=49 15 146 11 56 8 13 9 9 57 19 34 80 65 138 9 69 60 12 13 1558 45 27 10 16
internal_value=-0.000206706 -0.000125997 0.000479982 -0.00162502 -0.00622043 0.0049903 0.0166054 -0.000133238 0.00340026 0.0123966 -0.00257004 0.000485051 -0.00940206 -0.00136823 0.000273961 8.53032e-05 -0.00687763 0.00920378 0.00198767 0.000562495 -0.00868834 -0.00400424 -0.00541326 -0.0130624
internal_weight=2528 2513 1790 723 175 31 20 548 223 76 325 226 99 147 1770 1736 109 34 25 1627 144 72 18 72
internal_count=2528 2513 1790 723 175 31 20 548 223 76 325 226 99 147 1770 1736 109 34 25 1627 144 72 18 72
is_linear=0
shrinkage=0.0749534


Tree=136
num_leaves=23
num_cat=0
split_feature=4 10 9 11 8 8 9 9 9 2 4 4 7 11 8 9 7 13 8 9 11 11
split_gain=0.622136 0.404758 1.01312 1.12736 0.931342 0.890906 0.587238 0.577714 0.559125 0.454984 0.409893 0.385668 0.395725 0.730902 0.935865 0.706639 0.683675 1.06707 0.546089 0.308099 0.478115 0.282671
threshold=-1.2018160218295064 1.3023706752978965 -0.26461032216946762 0.21492155102016219 -0.56235826809975387 0.75869737685808669 0.93795638109834212 0.25150224294226831 0.043538787518273656 -1.5768579341375364 -1.0770953498075544 -1.1664717877037336 -1.0063371141432265 0.8137331024297545 0.10422162686919206 -0.89318878395471668 -0.85683560325745134 -0.27386877821207894 1.3536992631682623 0.20631162133304343 1.0000000180025095e-35 -0.38389000038943
decision_type=2 2 2 2 2 2 2 2 2 2 2 2 2 2 2 2 2 2 2 2 2 2
left_child=19 11 5 4 -4 9 -6 8 -5 -3 -9 -2 13 14 -13 -15 17 -14 -18 20 -1 -11
right_child=1 2 3 7 6 -7 -8 10 -10 21 -12 12 16 15 -16 -17 18 -19 -20 -21 -22 -23
leaf_value=0.0019853434819810229 -0.0018325562646249877 0.00020709242575297677 -0.00038119597434884474 -0.0016375359311927859 0.0024346319171386524 0.00013373622405703223 0.00019865089380560847 0.0034457121783770545 0.0027384442442967109 1.0629093706237757e-05 -0.0027899942402941787 0.0012496579012621285 0.0015858928652535266 4.678065392311271e-05 -0.0031260832179702673 -0.010008891014504688 4.4302203153413048e-05 -0.0002452206536182287 -0.00027169270109008369 0.00020741140109209401 -0.0040329403469765244 -0.00059510295461682723
leaf_weight=8.0000000000000053 7.9999999999999991 9.9999999999999982 10.999999999999998 21 12.000000000000002 12.999999999999998 8.9999999999999982 8.9999999999999982 14.999999999999998 7.9999999999999991 37 82 47 13.999999999999998 52 77 1743 23 239 12.999999999999998 8.9999999999999982 68
leaf_count=8 8 10 11 21 12 13 9 9 15 8 37 82 47 14 52 77 1743 23 239 13 9 68
internal_value=2.89842e-05 -0.000104271 -0.00321021 0.00159501 0.0129993 -0.0086634 0.0214862 -0.00308655 0.00385468 -0.011419 -0.00847157 0.000187706 0.000254129 -0.00271135 0.000812038 -0.00780112 0.000582945 0.00773458 0.000320233 0.0103375 0.0028043 -0.0133517
internal_weight=2528 2498 213 114 32 99 21 82 36 86 46 2285 2277 225 134 91 2052 70 1982 30 17 76
internal_count=2528 2498 213 114 32 99 21 82 36 86 46 2285 2277 225 134 91 2052 70 1982 30 17 76
is_linear=0
shrinkage=0.0749534


Tree=137
num_leaves=26
num_cat=0
split_feature=10 8 4 8 8 0 10 11 3 4 5 13 4 8 17 11 2 10 8 2 2 5 5 8 5
split_gain=0.748022 0.724175 0.672711 0.581587 0.626768 0.916648 1.22922 0.570291 0.528686 0.389476 0.34989 0.529783 0.340497 0.332331 0.331844 1.53232 0.776991 0.7431 0.630076 0.514353 0.482251 0.264299 0.208963 0.114901 0.0120358
threshold=1.3023706752978965 -0.99385040645724954 -1.2307761991462984 -0.84974589241663356 0.62285889867506772 1.0000000180025095e-35 1.813961127238173 1.4125446538393469 1.0841188126301304 -0.33285326911153817 2.588003491115499 -0.25628963134968086 -0.94354219281714802 -1.4234195001567163 1.4567572365165855 1.4125446538393469 -1.266429051140326 1.2333146729505615 -0.14443252565839587 0.68796381955343022 -1.6360912705759862 2.9875634987914843 -0.54324868194616649 -1.0000000180025095e-35 3.1841538604432591
decision_type=2 2 2 2 2 2 2 2 2 2 2 2 2 2 2 2 2 2 2 2 2 2 2 2 2
left_child=2 13 22 -3 8 6 -6 -7 12 -10 14 21 -5 -2 17 16 -16 20 -19 -17 -4 23 -1 -12 -23
right_child=1 3 10 4 5 7 -8 -9 9 -11 11 -13 -14 -15 15 19 -18 18 -20 -21 -22 24 -24 -25 -26
leaf_value=0.00018773410449926572 -0.00017551119819778714 0.000449312521543657 -0.00082129715720808977 -0.00014852468971488357 -0.00173994086304576 -0.0033417032407113789 0.0020398271401318321 0.0018983479352374 -0.00023256831945738565 0.0042022218350971407 -0.010007765284194092 0.00017766583708480032 -0.000693990641286072 -0.00091193625547865951 0.00069558437632998862 0.014140560624262366 -0.00042406125198687537 0.0059129558486401279 -0.00029067320298670522 0.0073208371442643402 4.4638765480121877e-05 -0.0051963325178967547 0.00025114148916348123 -0.002143734449041779 -0.0052355472541158708
leaf_weight=12.000000000000002 7.9999999999999991 13.999999999999998 31 35 14.000000000000002 19.000000000000004 10.999999999999998 10.999999999999998 16.000000000000004 7.9999999999999991 14 13.999999999999998 49 28 17 15 227 13.000000000000002 8.9999999999999982 11 1910 8.0000000000000018 7.9999999999999991 10 15.999999999999998
leaf_count=12 8 14 31 35 14 19 11 11 16 8 14 14 49 28 17 15 227 13 9 11 1910 8 8 10 16
internal_value=-2.89842e-05 -0.00425378 0.000363161 -0.0021836 -0.00350077 0.00290638 0.0129011 -0.00572104 -0.00677026 0.00277061 0.000235826 -0.00520661 -0.00951612 -0.013596 0.000393247 -0.00205724 -0.00394684 0.000733281 0.0137169 0.0144224 0.000568031 -0.0088784 0.01327 -0.00277061 -0.0140963
internal_weight=2528 213 2315 177 163 55 25 30 108 24 2295 62 84 36 2233 270 244 1963 22 26 1941 48 20 24 24
internal_count=2528 213 2315 177 163 55 25 30 108 24 2295 62 84 36 2233 270 244 1963 22 26 1941 48 20 24 24
is_linear=0
shrinkage=0.0749534


Tree=138
num_leaves=27
num_cat=0
split_feature=4 10 2 10 6 9 9 4 4 7 8 8 8 10 4 18 8 8 8 7 8 8 6 15 13 13
split_gain=0.625697 0.527717 0.434172 1.25883 0.921884 0.754625 0.6505 0.604746 0.545912 0.389719 0.778409 1.39919 0.849572 0.799538 0.438144 0.405242 0.891804 1.68343 1.09741 0.873389 0.787292 0.649212 0.218932 0.397437 0.175744 0.0376147
threshold=-1.2018160218295064 1.3702942506026172 -0.37926617811272517 1.813961127238173 0.17502606339432206 0.20631162133304343 -0.69410122739150271 -0.33285326911153817 -0.41968981172855369 1.5659431674400051 0.20985742285959644 1.6244915963691415 -1.1073008537514022 0.76726582678424871 2.381823035098821 1.0000000180025095e-35 0.70660895557243275 0.75869737685808669 0.2971122736877177 0.69883440430251642 0.10422162686919206 -0.98463450325723845 0.14386649379848784 0.88625919121491659 -0.31633865297761554 -0.12700261236951491
decision_type=2 2 2 2 2 2 2 2 2 2 2 2 2 2 2 2 2 2 2 2 2 2 2 2 2 2
left_child=22 9 3 24 25 -5 7 -6 -8 15 12 13 -11 -12 -14 19 18 -18 -17 20 -2 -21 23 -1 -3 -4
right_child=1 2 4 5 6 -7 8 -9 -10 10 11 -13 14 -15 -16 16 17 -19 -20 21 -22 -23 -24 -25 -26 -27
leaf_value=-7.4182332858218204e-05 0.00012581674180474765 -0.0047479634802803285 -0.0058967802006825547 0.00105073750140598 -0.0016133352608120567 -5.1524085465259066e-05 0.00057165379258474229 0.00050909467023418377 -0.00029409590295430884 0.00022170043726202129 -9.4422385104187212e-05 -0.0043235934397452018 -0.0024186539930221964 0.0067456695471741863 6.3816551723275932e-06 -8.4134915299439368e-05 0.0048449312401352375 0.00011360692482821218 -0.0039297427561271192 -0.00036992784090651584 -0.00025503219207967604 0.0018610157305448808 8.1380279854618737e-05 0.00088266308388738933 -0.003503451684157929 -0.006107212226707996
leaf_weight=10.000000000000005 794 19.000000000000004 30 15.000000000000002 22.000000000000004 12.999999999999998 43 8.9999999999999982 21 8.9999999999999982 18.000000000000004 11.999999999999998 61 11.999999999999998 9.9999999999999982 539 10.999999999999998 177 65 14.999999999999998 448 139 10.999999999999998 8.9999999999999982 7.9999999999999991 7.9999999999999991
leaf_count=10 794 19 30 15 22 13 43 9 21 9 18 12 61 12 10 539 11 177 65 15 448 139 11 9 8 8
internal_value=0 -0.000134247 -0.00392669 0.00160221 -0.00621247 0.0122459 -0.00209816 -0.0105885 0.00223097 0.000177574 -0.00390118 0.00417732 -0.00815999 0.0126458 -0.0109448 0.00040988 -0.000941411 0.00353318 -0.00234554 0.00117798 0.000510654 0.0064565 0.0103375 0.0147607 -0.0094824 -0.0157021
internal_weight=2528 2498 188 55 133 28 95 31 64 2310 122 42 80 30 71 2188 792 188 604 1396 1242 154 30 19 27 38
internal_count=2528 2498 188 55 133 28 95 31 64 2310 122 42 80 30 71 2188 792 188 604 1396 1242 154 30 19 27 38
is_linear=0
shrinkage=0.0749534


Tree=139
num_leaves=22
num_cat=0
split_feature=3 9 9 6 4 0 5 10 10 1 8 9 3 11 0 11 10 8 8 6 3
split_gain=0.575694 0.465158 1.08414 0.520164 0.368426 0.394875 1.51208 1.66708 1.28669 0.574181 0.576679 0.503076 0.418479 0.928476 0.889687 0.366626 0.33966 0.298936 0.448748 0.244925 0.181499
threshold=-1.5504005355741566 -0.96761379697633698 -0.56550728126407301 -0.10541006296818604 -1.2018160218295064 -1.1446077060016007 -0.14620478637704717 0.54956181016270034 -0.029059732861859547 -1.4759321159128549 -1.0260727101997211 0.39578335407794124 -0.81546589321531082 3.0093754575982596 1.01557764731833 -0.18428614991956593 -0.49361366080074071 -0.44644187726266371 0.90036442985009868 -1.1648354292265501 0.12028576142170296
decision_type=2 2 2 2 2 2 2 2 2 2 2 2 2 2 2 2 2 2 2 2 2
left_child=1 -1 -3 19 17 6 8 11 15 10 -7 -8 14 -14 -11 -6 -12 -2 -19 -4 -10
right_child=4 2 3 -5 5 9 7 -9 20 12 16 -13 13 -15 -16 -17 -18 18 -20 -21 -22
leaf_value=-0.0045313325262318896 0.0026921082334090711 0.0032425820685393083 -0.00011872391083633827 0.0011148578846734963 0.00037012976439897833 0.0002954468600484013 0.0029361545966022388 0.01404512780137494 -0.029032060647469767 -0.00016025759293508265 -0.0006522370231089959 -0.00036577423062549984 3.1652775805895438e-05 0.00084611226945506535 0.002095718149522223 0.0036731690922915806 -0.0028468484484816033 -4.4298947526690588e-05 0.00028386427652549639 -0.0025225514866761647 -0.00097131673381435375
leaf_weight=18 9.0000000000000018 8.9999999999999982 8.9999999999999982 8.0000000000000018 14.000000000000002 9.9999999999999982 16.000000000000004 9.9999999999999982 18 408 27 8.9999999999999982 1819 9.9999999999999982 24 7.9999999999999991 43 13.000000000000002 7.9999999999999991 21 17
leaf_count=18 9 9 9 8 14 10 16 10 18 408 27 9 1819 10 24 8 43 13 8 21 17
internal_value=-8.82249e-05 -0.00691915 -0.00261883 -0.00829414 9.81512e-05 -7.03303e-06 0.00474332 0.0164591 -0.00280864 -0.000199213 -0.00634232 0.00471603 2.41246e-05 0.000520918 -0.00206649 0.0106541 -0.00876882 0.00802929 0.0023264 -0.0126458 -0.0114585
internal_weight=2528 65 47 38 2463 2433 92 35 57 2341 80 25 2261 1829 432 22 70 30 21 30 35
internal_count=2528 65 47 38 2463 2433 92 35 57 2341 80 25 2261 1829 432 22 70 30 21 30 35
is_linear=0
shrinkage=0.0749534


Tree=140
num_leaves=23
num_cat=0
split_feature=7 8 8 9 4 8 7 9 9 9 9 3 2 15 4 10 3 8 13 10 9 4
split_gain=0.650171 1.00603 0.597674 0.502474 1.35501 0.61396 0.467752 0.925706 1.46243 0.888295 0.888511 0.538399 0.425812 0.310845 0.30718 0.778856 0.640949 0.52008 1.16954 0.707382 0.490902 0.00642552
threshold=1.5659431674400051 -1.1073008537514022 -0.73035168571808906 1.1129823073903073 -0.43583093474632756 -0.5398630235360079 1.1259815782618696 -0.4869254981046372 -0.86783588974875214 0.18659530242032904 0.98429768203357992 -0.2884177962234033 2.7450866599101871 0.88625919121491659 -0.039950957546183691 -1.3383867685862985 -0.70792481276945163 0.013552283520414302 -0.33169188845776171 0.80930191946523367 -0.51529559107099998 -0.69793827907839723
decision_type=2 2 2 2 2 2 2 2 2 2 2 2 2 2 2 2 2 2 2 2 2 2
left_child=6 -2 -3 5 -5 -4 12 8 -8 11 -11 21 14 -7 17 20 -17 19 -19 -1 -16 -9
right_child=1 2 3 4 -6 13 7 9 -10 10 -12 -13 -14 -15 15 16 -18 18 -20 -21 -22 -23
leaf_value=0.00020248322562514996 0.0014522281497702197 -0.00089982945601048512 0.0024096532728637506 0.0077221688419654797 -0.0034044987883362896 -0.0024429177034530568 0.00014429225738157248 -0.021876511574859668 0.004416826984556769 0.0026400708177321984 -0.00080148001163689547 0.00080336579787172106 -0.0022846079770457457 7.7031958969213569e-05 0.0010094109621262939 -0.0005952481317648172 -5.8091408982617782e-05 1.8438123855947859e-05 -0.0016216007890747816 -6.5356164830085605e-05 7.6632736483312698e-05 -0.0046629726611336804
leaf_weight=671 12.999999999999998 25 9.9999999999999982 9.0000000000000018 11.999999999999998 58 12.000000000000002 8.0000000000000053 8.9999999999999982 16.000000000000004 11.999999999999998 7.9999999999999991 14.999999999999998 15.999999999999998 30 186 518 489 112 218 67 13.999999999999998
leaf_count=671 13 25 10 9 12 58 12 8 9 16 12 8 15 16 30 186 518 489 112 218 67 14
internal_value=-0.000147466 -0.00501255 -0.00706042 -0.00434391 0.00551971 -0.00691574 0.00014845 0.00573018 0.0182929 0.000593119 0.00978615 -0.00802929 -4.8006e-05 -0.0092903 4.01497e-05 -0.00114076 -0.00201353 0.000676905 -0.00102201 0.0018269 0.00507003 -0.0137169
internal_weight=2528 143 130 105 21 84 2385 79 21 58 28 30 2306 74 2291 801 704 1490 601 889 97 22
internal_count=2528 143 130 105 21 84 2385 79 21 58 28 30 2306 74 2291 801 704 1490 601 889 97 22
is_linear=0
shrinkage=0.0749534


Tree=141
num_leaves=24
num_cat=0
split_feature=7 9 6 7 9 9 4 6 2 8 8 8 11 12 7 4 8 7 8 13 7 2 2
split_gain=0.548363 0.687358 0.635214 0.452099 0.925706 1.46243 1.1143 1.33574 0.43295 0.403747 0.863292 0.283095 0.274693 0.475938 0.704527 0.492006 0.300283 1.5151 0.345222 0.233336 0.29145 0.0377401 0.0214238
threshold=1.5659431674400051 -1.5558498083179935 0.54894089854433314 1.1259815782618696 -0.4869254981046372 -0.86783588974875214 0.55216903089538383 -0.3858461893306942 2.7450866599101871 0.17232626139974869 0.47793573350732826 1.6244915963691415 2.0113562052489393 1.0000000180025095e-35 -0.092242161870208131 -0.97754370077736419 1.9085023646409709 -0.64667919366944948 1.7656387182997568 -0.28246118460013653 1.7581593957217145 -1.3819680303418578 -0.5724329503557356
decision_type=2 2 2 2 2 2 2 2 2 2 2 2 2 2 2 2 2 2 2 2 2 2 2
left_child=3 -2 9 8 5 -5 7 22 12 19 -11 -12 16 15 -15 -14 18 -18 -1 20 -3 -9 -6
right_child=1 2 -4 4 6 -7 -8 21 -10 10 11 -13 13 14 -16 -17 17 -19 -20 -21 -22 -23 -24
leaf_value=1.4029978436703405e-05 0.0021153945766856893 0.00068931449749614205 0.0013433786947726972 0.00013347706034876861 -0.0098865011254320959 0.0040857707313340669 0.0022573831384802073 0.001325135180571486 -0.0021133688138165541 0.0033575229006055016 -9.5471358351931091e-05 -0.003832039360105097 -2.7983515521821351e-05 -0.00091758361593969467 0.00095979320768267695 -0.0044897966142509755 0.002969506375831469 -0.00021519175642919212 -0.0059287120197614573 -0.011121614409008921 -0.0018476077864832867 0.00074315079014320394 -0.0049691125232461412
leaf_weight=2073 7.9999999999999991 20 8.9999999999999982 12.000000000000002 20 8.9999999999999982 12.999999999999998 9.0000000000000018 14.999999999999998 12.999999999999998 23 12.999999999999998 21 18.000000000000004 8.9999999999999982 21 24 91 34 23 34 8.0000000000000018 7.9999999999999991
leaf_count=2073 8 20 9 12 20 9 13 9 15 13 23 13 21 18 9 21 24 91 34 23 34 8 8
internal_value=-2.89842e-05 -0.00449731 -0.00584948 0.000242633 0.00573018 0.0182929 0.000593119 -0.00509751 4.8006e-05 -0.00728025 -0.00178897 -0.00775119 0.000138193 -0.0044345 0.00312439 -0.00923354 0.000285683 0.00397413 7.91836e-05 -0.0105901 -0.00727146 0.0105029 -0.0147056
internal_weight=2528 143 135 2385 79 21 58 45 2306 126 49 36 2291 69 27 42 2222 115 2107 77 54 17 28
internal_count=2528 143 135 2385 79 21 58 45 2306 126 49 36 2291 69 27 42 2222 115 2107 77 54 17 28
is_linear=0
shrinkage=0.0749534


Tree=142
num_leaves=15
num_cat=0
split_feature=4 4 14 2 2 7 7 14 7 13 8 8 5 5
split_gain=0.642316 0.699113 0.582755 0.44005 0.421863 0.823566 0.519812 1.36489 0.652498 0.406903 0.400915 1.37707 0.687981 0.348633
threshold=2.5581730392551942 2.2911857679507306 -0.738224098466287 2.7450866599101871 -1.6360912705759862 0.77999236735479405 0.63049085646902003 1.0000000180025095e-35 0.61340496951064438 0.018297846400106201 -0.15090090600725856 -0.24997826715789098 -0.4780849982210687 -1.0000000180025095e-35
decision_type=2 2 2 2 2 2 2 2 2 2 2 2 2 2
left_child=1 3 -2 4 5 -1 8 -8 -6 -7 11 12 -3 -4
right_child=2 10 13 -5 6 9 7 -9 -10 -11 -12 -13 -14 -15
leaf_value=7.8840884941600072e-05 0.005249361673604019 0.0011095710331510853 0.00018279803182672891 -0.0019549646101594711 7.4076284584454679e-06 -0.00050007258808003633 0.00039174821025081451 -0.00030693089750694243 -0.0080945926318842804 0.00076787458681572642 -0.0070235030119775695 0.0077636916017461239 -0.015124436902014352 -0.011642770340594617
leaf_weight=14.999999999999998 13.999999999999998 8.0000000000000018 9 14.999999999999998 1946 54 265 100 25 8.9999999999999982 26 7.9999999999999991 21 13
leaf_count=15 14 8 9 15 1946 54 265 100 25 9 26 8 21 13
internal_value=8.82249e-05 -5.94503e-05 0.00969945 0.000145763 0.000231967 -0.00510282 0.000415992 0.00300418 -6.56502e-05 -0.00884774 -0.00770292 -0.00233285 -0.0100706 0.00146564
internal_weight=2528 2492 36 2429 2414 78 2336 365 1971 63 63 37 29 22
internal_count=2528 2492 36 2429 2414 78 2336 365 1971 63 63 37 29 22
is_linear=0
shrinkage=0.0749534


Tree=143
num_leaves=30
num_cat=0
split_feature=6 10 8 9 0 9 9 4 6 8 8 9 2 12 4 10 0 12 8 8 4 4 10 2 13 9 12 2 9
split_gain=0.428894 0.491104 0.594488 1.09826 0.565761 1.14411 0.749673 1.77171 1.03498 0.492236 0.44781 0.671608 0.521591 0.626959 0.483896 0.425231 0.395491 0.609619 0.818042 0.493318 1.90685 0.572337 0.400239 0.312865 0.292137 0.21479 0.202279 0.177858 0.0271865
threshold=-1.1648354292265501 -1.3457877734402814 -1.4576733354553082 -1.4222159022248613 1.0000000180025095e-35 0.28154239701137906 -0.52088778291212168 0.15273301029069922 -0.97787801165154475 -0.14443252565839587 -0.15090090600725856 0.064481678529993716 -0.047493361698881492 -0.67414598255139557 0.50810343095629718 -1.4345199461900022 -1.1446077060016007 0.86351510968011858 -0.29225847774228159 1.6668750589913373 -0.80865627587084299 -1.2018160218295064 0.0077136520964310009 -0.43086892067093546 -0.2865760836820575 0.71982376240534307 -0.67414598255139557 0.28014012273921512 -0.46672971087649046
decision_type=2 2 2 2 2 2 2 2 2 2 2 2 2 2 2 2 2 2 2 2 2 2 2 2 2 2 2 2 2
left_child=10 4 3 -3 5 24 7 -6 9 -8 11 23 28 -14 -13 -10 17 18 -4 21 -21 -18 -19 -1 -2 -16 -25 -15 -12
right_child=1 2 16 -5 6 -7 8 -9 15 -11 12 14 13 27 25 -17 19 22 -20 20 -22 -23 -24 26 -26 -27 -28 -29 -30
leaf_value=0.0004992680020889271 -0.0052053146078586228 -0.00098862657017688123 -0.00053706893635825875 0.002840204676352849 -0.0028242635047635851 0.0047758707082967327 -0.0061568550411962584 0.0044318754517442592 0.0013184790228015699 0.00014974134216019384 -0.0039773039199237793 0.007188580694931771 0.0012667709179243426 -0.0020286697769300939 0.0009191261159773687 0.0046482444501853709 0.00073329349741478817 0.0010413444317333915 0.0029554792362743577 -0.0026814732996112817 0.001157382627055014 -4.7456915869120677e-05 -0.001926276910420603 -0.0090003213045823007 -7.9673275113202789e-05 -0.0065236128800940166 -0.0067147617423257908 -0.00042861698023583043 -0.0046158540038249386
leaf_weight=13.999999999999998 15.999999999999998 9.0000000000000018 29 14.999999999999998 8.0000000000000018 14.999999999999998 13.000000000000002 13.999999999999998 13.000000000000002 12.999999999999998 8.0000000000000018 8.0000000000000018 8.0000000000000018 8.0000000000000018 14.000000000000002 10.999999999999998 25 8.0000000000000018 33 44 134 1976 14.999999999999998 14.999999999999998 13.000000000000002 7.9999999999999991 9.0000000000000018 8.9999999999999982 23
leaf_count=14 16 9 29 15 8 15 13 14 13 13 8 8 8 8 14 11 25 8 33 44 134 1976 15 15 13 8 9 9 23
internal_value=0.000117845 0.000341944 9.74693e-05 0.0112649 0.00504775 -0.00157824 0.00903656 0.0198425 0.00354044 -0.00652479 -0.00413581 0 -0.00894555 -0.000623497 0.00802929 0.0140963 -3.23603e-05 0.00490868 0.00869433 -0.000231186 0.00352129 -0.000569726 -0.00508632 -0.00644216 -0.0100706 0.00146564 -0.0112649 -0.00857823 -0.0150671
internal_weight=2528 2404 2288 24 116 44 72 22 50 26 124 68 56 25 30 24 2264 85 62 2179 178 2001 23 38 29 22 24 17 31
internal_count=2528 2404 2288 24 116 44 72 22 50 26 124 68 56 25 30 24 2264 85 62 2179 178 2001 23 38 29 22 24 17 31
is_linear=0
shrinkage=0.0749534


Tree=144
num_leaves=21
num_cat=0
split_feature=4 5 14 5 8 8 5 4 8 6 4 10 5 6 8 2 7 5 0 5
split_gain=0.658203 0.679826 0.582755 0.446283 0.864037 1.61104 0.779812 0.406999 1.16181 0.703137 0.395121 0.477202 0.348633 0.306243 0.202522 0.361685 0.237716 0.137582 0.0914999 0.0192784
threshold=2.5581730392551942 2.588003491115499 -0.738224098466287 1.8902730422527028 -0.091893700310673038 0.94956349625043712 1.6230594747439171 -0.039950957546183691 -0.9244777865424576 -1.0090375812473789 1.3980994608532036 -0.6688205967416555 -1.0000000180025095e-35 -0.16772920215985451 0.2667674971529358 -0.2957436717967421 1.3011119195852048 1.8459761298985913 1.0000000180025095e-35 2.891158296540731
decision_type=2 2 2 2 2 2 2 2 2 2 2 2 2 2 2 2 2 2 2 2
left_child=1 3 -2 6 10 -6 7 9 -9 -1 11 -5 -4 -7 16 -16 19 18 -8 -3
right_child=2 14 12 4 5 13 17 8 -10 -11 -12 -13 -14 -15 15 -17 -18 -19 -20 -21
leaf_value=0.00075231631593787422 0.0046084180238253978 -0.023464405894082777 0.00011896322399033933 -0.0039490279700059557 -0.006017826569601599 0.0039791091457884826 -0.0067009262741193369 -0.0017436084265006115 -8.2477535324981558e-06 1.1064636214008504e-05 0.0074061380912265719 0.00066642422218005245 -0.010471992477248712 -0.011627519991134719 -0.0049686419370520533 9.4235701357762037e-05 -0.00036229524623944436 -0.00098848316952036982 -0.0041076237877810126 -0.0052774901604823931
leaf_weight=96 13.999999999999998 8.0000000000000018 9 7.9999999999999991 19 13.000000000000002 17.000000000000004 111 638 1477 14.999999999999998 10.000000000000002 13 7.9999999999999991 12.000000000000002 10.999999999999998 7.9999999999999991 8.9999999999999982 12.999999999999998 19
leaf_count=96 14 8 9 8 19 13 17 111 638 1477 15 10 13 8 12 11 8 9 13 19
internal_value=-2.89842e-05 -0.000179642 0.00969945 1.47209e-05 0.00568916 -0.00172687 -0.000165814 1.54302e-05 -0.00141918 0.000700713 0.0142176 0.00541326 0.00146564 0.0119063 -0.00802995 -0.00214374 -0.0114585 -0.0103533 -0.0126458 -0.0145688
internal_weight=2528 2492 36 2434 73 40 2361 2322 749 1573 33 18 22 21 58 23 35 39 30 27
internal_count=2528 2492 36 2434 73 40 2361 2322 749 1573 33 18 22 21 58 23 35 39 30 27
is_linear=0
shrinkage=0.0749534


Tree=145
num_leaves=27
num_cat=0
split_feature=10 8 8 9 13 5 9 9 6 5 6 3 13 2 12 2 3 3 5 5 6 2 2 6 6 8
split_gain=0.390704 0.625947 0.488973 0.434404 0.402789 0.56087 0.37222 0.816198 1.19325 0.821871 0.888214 0.686548 0.616023 1.63272 0.608757 0.581901 0.555187 0.901897 0.697169 0.925308 0.581049 0.391035 0.561911 0.491719 0.362632 0.171319
threshold=1.3551171512800304 -0.99385040645724954 -0.84974589241663356 1.665484894767759 0.42584894298929438 -0.56488356822093333 -0.70489326786399109 -0.89318878395471668 1.1409727208651839 -0.92745727058675242 0.70473874652350432 -1.2659616079452751 -0.08271144533716529 0.26972517280246727 -0.67414598255139557 -0.58833408315408431 1.9258702419511413 2.0302927289709722 -0.68215361783426121 -0.41293124081651128 2.7924299094443992 0.89594225797231386 0.99581705207451476 2.2471374415173 0.58010046814016736 -0.19674808924773438
decision_type=2 2 2 2 2 2 2 2 2 2 2 2 2 2 2 2 2 2 2 2 2 2 2 2 2 2
left_child=6 24 -3 4 5 -4 7 11 9 -9 -11 15 14 -14 -13 -1 20 -18 25 -20 21 23 -23 -8 -2 -19
right_child=1 2 3 -5 -6 -7 16 8 -10 10 -12 12 13 -15 -16 -17 17 18 19 -21 -22 22 -24 -25 -26 -27
leaf_value=-5.2834502201282624e-05 -0.00099928532411302845 0.00034950298140140883 0.0020829220277109634 -0.00076299735573567753 -0.0011634245493557262 -0.00010376188939652717 -4.2488999823044264e-06 0.0071282802643357346 -0.004442486416386989 0.00017159469633291495 0.013289305724200947 0.0012951711117692155 0.011669962951214601 -0.00042571910487353181 -0.00020721044389378809 -0.0084376336223127742 0.0008834080126733227 -0.00053409455717047755 0.018029786145994573 -1.8773740095766001e-05 -0.0079016619142868016 -0.0056713962953575271 -0.00012613346239645319 0.023983050916844492 -0.00039245048863922985 -0.0096424003622237065
leaf_weight=13.999999999999998 23 13.999999999999998 22 10.999999999999998 14.999999999999998 103 1460 9.9999999999999982 10.999999999999998 130 14.999999999999998 91 17 31 214 21 15.999999999999998 14.000000000000002 15.999999999999998 47 11.999999999999998 42 146 9.9999999999999982 12.999999999999998 9.9999999999999982
leaf_count=14 23 14 22 11 15 103 1460 10 11 130 15 91 17 31 214 21 16 14 16 47 12 42 146 10 13 10
internal_value=0.000117845 -0.00303116 -0.000997394 -0.00230934 -0.00104089 0.000428372 0.000393467 0.00208486 0.00644151 0.00820042 0.00646934 0.000187834 0.00120789 0.0088784 -5.57083e-05 -0.00945823 -0.000136296 0.00513693 0.0018669 0.0059857 -0.000469605 -0.000337579 -0.00353318 7.52615e-05 -0.0116477 -0.00843345
internal_weight=2528 201 165 151 140 125 2327 554 166 155 145 388 353 48 305 35 1773 103 87 63 1670 1658 188 1470 36 24
internal_count=2528 201 165 151 140 125 2327 554 166 155 145 388 353 48 305 35 1773 103 87 63 1670 1658 188 1470 36 24
is_linear=0
shrinkage=0.0749534


Tree=146
num_leaves=15
num_cat=0
split_feature=4 4 9 17 7 4 12 4 11 7 9 8 8 3
split_gain=0.405178 0.477332 0.467161 0.443925 0.407648 0.41079 0.450275 0.325147 1.40141 0.354259 0.266264 0.218233 0.192477 0.0817081
threshold=2.5581730392551942 2.4483780264953503 -1.0145173346674259 1.0000000180025095e-35 2.6338111023383912 -1.2018160218295064 1.3760688070906235 -1.0949021080317813 -0.58349385085929406 -1.260916829823002 -0.13202043892023482 -0.12006210351412204 -0.24096765862772554 -0.77201283333510051
decision_type=2 2 2 2 2 2 2 2 2 2 2 2 2 2
left_child=1 4 -2 12 5 6 13 8 -7 -9 -3 -6 -4 -1
right_child=2 10 3 -5 11 7 -8 9 -10 -11 -12 -13 -14 -15
leaf_value=0.00096531228890496404 0.0038453596807365778 -0.0037199290763500008 0.0021263518714682351 -0.0022559645496367194 0.00029581199886839619 0.00059966500344862223 -4.711246597711088e-05 -0.00087192212219172898 -0.0017959231980961298 2.5328408236851999e-05 -0.0042813551920832084 -0.0046390455919764692 -0.0025345825176029029 0.00068519192100640258
leaf_weight=8.0000000000000018 7.9999999999999991 13.000000000000002 10.000000000000002 10.000000000000002 8.0000000000000018 7.9999999999999991 9.9999999999999982 159 72 2180 13.999999999999998 11.999999999999998 7.9999999999999991 8.0000000000000018
leaf_count=8 8 13 10 10 8 8 10 159 72 2180 14 12 8 8
internal_value=0.000117845 0 0.00775119 0.00240692 0.00011326 0.00020606 0.00915731 9.99347e-05 -0.00452465 0.000263405 -0.0094824 -0.0099346 0.00907452 0.0161435
internal_weight=2528 2492 36 28 2465 2445 26 2419 80 2339 27 20 18 16
internal_count=2528 2492 36 28 2465 2445 26 2419 80 2339 27 20 18 16
is_linear=0
shrinkage=0.0749534


Tree=147
num_leaves=14
num_cat=0
split_feature=7 4 7 8 5 7 7 12 11 4 6 11 8
split_gain=0.479301 0.366719 0.306812 1.21261 0.792005 0.546918 0.74861 1.30356 1.03965 0.606908 1.21347 0.564066 0.316589
threshold=4.667031650384919 -1.2623420513448627 1.5659431674400051 -1.0811636381598648 -0.92745727058675242 0.35199089904751929 0.43571174514355432 0.35096141226961375 -1.1823054022688861 0.023099342272981303 -0.41700575892652841 -0.38389000038943 0.20985742285959644
decision_type=2 2 2 2 2 2 2 2 2 2 2 2 2
left_child=1 -1 5 -4 -5 9 7 -7 -8 11 -11 -3 -6
right_child=-2 2 3 4 12 6 8 -9 -10 10 -12 -13 -14
leaf_value=0.00063383444857190282 0.00031529526666099536 0.00012389085859197885 0.00068475199465699971 0.00039661203762462847 -0.0091217165743835704 3.4181941022591803e-05 0.00078048179861598104 0.0036880704511208745 -1.6178915288519106e-05 -0.0012026348307985441 0.00011715750477416779 -3.6713003462023405e-05 -5.6721720927032909e-05
leaf_weight=7.9999999999999991 9.9999999999999982 309 10.999999999999998 7.9999999999999991 68 53 114 34 410 285 250 927 41
leaf_count=8 10 309 11 8 68 53 114 34 410 285 250 927 41
internal_value=0.000236327 0.00016292 0.000103773 -0.00343454 -0.00578972 0.000297948 0.00222714 0.00856874 0.0011359 -0.000368899 -0.00247234 0.000543388 -0.00755002
internal_weight=2528 2518 2510 128 117 2382 611 87 524 1771 535 1236 109
internal_count=2528 2518 2510 128 117 2382 611 87 524 1771 535 1236 109
is_linear=0
shrinkage=0.0749534


Tree=148
num_leaves=17
num_cat=0
split_feature=7 4 4 3 5 11 4 7 3 0 6 6 11 7 5 3
split_gain=0.489134 0.37459 0.300101 0.858309 0.954486 1.2002 0.696618 0.765396 0.925167 0.46987 0.469343 1.06129 0.506773 0.449084 0.106258 0.109402
threshold=4.667031650384919 -1.2623420513448627 -1.065849358730915 0.086024309149972014 -0.21294917088058221 -0.38389000038943 -0.94354219281714802 0.62280220733775016 -0.15938547848144871 1.0000000180025095e-35 -0.10541006296818604 -0.043090923776517541 0.21492155102016219 1.0875383326055288 -0.43342961991082624 0.46221584440764074
decision_type=2 2 2 2 2 2 2 2 2 2 2 2 2 2 2 2
left_child=1 -1 3 4 5 -3 7 8 -4 -6 12 -12 -8 -9 -5 -16
right_child=-2 2 6 14 9 -7 10 13 -10 -11 11 -13 -14 -15 15 -17
leaf_value=0.0005863263939342256 0.00029166281060053346 0.0016763846513322795 0.00095310750101181159 -0.001716824037154636 -0.0050449920492555847 6.5642186193708434e-05 -3.2048956135924228e-05 -0.0076532848908752501 8.7381211841553369e-05 0.00026657986240684334 0.0018803852990909209 3.2199220968567745e-05 -0.00085174714858587248 0.00015069068053496286 -0.0025600572072678228 -0.0063683436610265558
leaf_weight=7.9999999999999991 9.9999999999999982 9.9999999999999982 52 19 25 53 1037 22 75 13.999999999999998 64 963 132 23 8.0000000000000018 12.999999999999998
leaf_count=8 10 10 52 19 25 53 1037 22 75 14 64 963 132 23 8 13
internal_value=8.82249e-05 1.42303e-05 -4.41082e-05 -0.00336112 0.000343318 0.0059857 0.000157419 0.00471639 0.0076582 -0.00854598 -0.000203828 0.000963137 -0.00123028 -0.00351861 -0.0123155 -0.00711636
internal_weight=2528 2518 2510 142 102 63 2368 172 127 39 2196 1027 1169 45 40 21
internal_count=2528 2518 2510 142 102 63 2368 172 127 39 2196 1027 1169 45 40 21
is_linear=0
shrinkage=0.0749534


Tree=149
num_leaves=16
num_cat=0
split_feature=7 4 2 7 14 9 13 8 7 9 11 8 4 8 5
split_gain=0.489134 0.37459 0.307718 0.491082 0.823432 1.01847 0.659633 0.580205 1.36442 0.422705 0.36367 0.398956 0.518866 0.209795 0.00931662
threshold=4.667031650384919 -1.2623420513448627 -1.6360912705759862 0.63049085646902003 1.0000000180025095e-35 1.5765534281685587 -0.33263689467503904 1.9085023646409709 -0.64667919366944948 -0.26461032216946762 -0.18428614991956593 -0.24997826715789098 0.095777543781269167 0.15968502983546276 2.045520637313333
decision_type=2 2 2 2 2 2 2 2 2 2 2 2 2 2 2
left_child=1 -1 10 7 5 -5 -6 9 -9 -4 13 -12 -13 14 -3
right_child=-2 2 3 4 6 -7 -8 8 -10 -11 11 12 -14 -15 -16
leaf_value=0.00054237923009475819 0.00026980168775844466 -0.014556004797359155 -0.00019649146594671377 0.00032344003281468893 0.00021454978577644982 -0.0036552356954287183 -0.0046494568021085711 0.0027554605885675839 -1.6642118972531321e-06 1.5113457519839997e-05 0.00060053032903284865 -0.0086088763955968345 0.0020543519952588114 -7.0714248630306904e-06 -0.0025641930999214797
leaf_weight=7.9999999999999991 9.9999999999999982 15.000000000000005 810 305 74 17 29 24 76 1104 11.999999999999998 17.000000000000004 10.999999999999998 7.9999999999999991 7.9999999999999991
leaf_count=8 10 15 810 305 74 17 29 24 76 1104 12 17 11 8 8
internal_value=8.82249e-05 1.42303e-05 -4.41082e-05 9.9116e-05 0.00240717 0.00426856 -0.00336031 -0.000389493 0.00510446 -0.000683587 -0.00482386 0 -0.00486667 -0.0105885 -0.013914
internal_weight=2528 2518 2510 2439 425 322 103 2014 100 1914 71 40 28 31 23
internal_count=2528 2518 2510 2439 425 322 103 2014 100 1914 71 40 28 31 23
is_linear=0
shrinkage=0.0749534


Tree=150
num_leaves=23
num_cat=0
split_feature=7 6 9 2 6 6 7 8 8 9 2 5 9 2 8 3 17 2 11 2 8 2
split_gain=0.597927 0.821665 0.927897 0.790863 0.646896 1.07359 1.07289 0.88584 0.593816 0.97555 0.490765 0.449255 0.392316 1.5624 0.962636 0.757105 0.78197 0.6606 0.589854 0.572697 0.447266 0.355142
threshold=0.82868714518615982 0.6424196073318359 -1.4467498577318632 -1.8743035738741409 1.0000000180025095e-35 0.14386649379848784 1.0875383326055288 1.2480807994635363 -0.95847582522443064 -0.83041376009138179 -1.524924180985151 -0.92745727058675242 -1.0313178294301146 -1.1480847865871058 -1.4576733354553082 -0.16337338886514416 1.0000000180025095e-35 -0.94098171233618022 0.61412925195989043 -0.72541461495011539 1.8194131080895846 -0.71712732274200242
decision_type=2 2 2 2 2 2 2 2 2 2 2 2 2 2 2 2 2 2 2 2 2 2
left_child=3 2 10 -1 8 6 -6 -7 9 -4 -2 -10 13 -5 -14 20 -17 18 -16 -19 -15 -12
right_child=1 -3 4 12 5 7 -8 -9 11 -11 21 -13 14 15 17 16 -18 19 -20 -21 -22 -23
leaf_value=0.00068817339687277047 -0.0031988777399615687 0.001559452546624271 0.00030204236248751508 0.0017619384476097995 -0.0063816075458512549 0.0006184577013886596 0.001743292992712973 -0.00083276741844510234 0.00027119157578656236 -0.0097318559093351898 0.0053720580112377268 5.177211960825572e-06 0.0023446068338180588 -0.0053102119873536663 -7.297396020194429e-05 -0.00033970906537721124 0.00033189537496772795 0.00057202017434005087 -0.011691780317753205 -6.0820670336824637e-06 0.00050296123434079472 0.00055254113205609569
leaf_weight=10.999999999999998 8.0000000000000018 11.999999999999998 9.9999999999999982 8.9999999999999982 8.0000000000000018 37 10.999999999999998 10.999999999999998 9.9999999999999982 24 9.0000000000000018 244 9.9999999999999982 110 122 113 52 163 33 1505 7.9999999999999991 7.9999999999999991
leaf_count=11 8 12 10 9 8 37 11 11 10 24 9 244 10 110 122 113 52 163 33 1505 8 8
internal_value=0.000354808 0.00303607 0.00234744 -0.000139447 0.00130597 0.00779886 0.0217422 0.00145316 -0.000252499 -0.00920378 0.0156294 0.00101659 -0.00025467 -0.00279442 0.000152258 -0.00386712 -0.000549836 9.38318e-06 -0.00463058 0.000447732 -0.00838586 0.0220507
internal_weight=2528 392 380 2136 355 67 19 48 288 34 25 254 2125 292 1833 283 165 1823 155 1668 118 17
internal_count=2528 392 380 2136 355 67 19 48 288 34 25 254 2125 292 1833 283 165 1823 155 1668 118 17
is_linear=0
shrinkage=0.0749534


Tree=151
num_leaves=32
num_cat=0
split_feature=4 5 12 2 0 13 9 9 9 9 6 10 10 4 13 6 8 5 9 6 3 9 2 9 2 9 2 2 9 6 5
split_gain=0.370193 0.452387 0.402731 0.687239 1.05209 1.18807 0.832033 0.985919 0.806289 0.692575 0.994624 0.902158 0.626927 0.582108 0.655275 0.501453 1.94092 2.2562 0.973625 1.36622 0.811486 0.624159 1.45192 1.39312 1.03687 0.955623 0.879237 0.747116 0.48627 0.412698 0.224425
threshold=-1.2307761991462984 -0.54324868194616649 -0.67414598255139557 -0.77522766329679205 1.01557764731833 -0.33730579608501565 -1.7124131372323386 -0.67579976664873309 -0.61195729094461826 -0.3451051338425255 -0.82208016367237358 -1.3383867685862985 0.21171830794581822 0.015748997670216903 -0.31128592190709792 -0.82208016367237358 -0.97883926604817206 -0.18086622953861686 -0.077928693723444534 -1.0090375812473789 -0.68306452850965205 -0.26461032216946762 -0.70066877746742673 -0.21731760184833224 -0.77522766329679205 -0.86783588974875214 0.10131906673241511 -0.27178718436327248 1.0093196023743205 -0.91555887245987633 -0.62850914357441345
decision_type=2 2 2 2 2 2 2 2 2 2 2 2 2 2 2 2 2 2 2 2 2 2 2 2 2 2 2 2 2 2 2
left_child=1 -1 3 9 6 8 30 -8 -6 13 11 -11 -7 14 -2 16 17 -4 19 -18 -19 22 24 26 -17 -24 -23 -25 -12 -20 -5
right_child=2 -3 15 4 5 12 7 -9 -10 10 28 -13 -14 -15 -16 21 18 20 29 -21 -22 23 25 27 -26 -27 -28 -29 -30 -31 -32
leaf_value=5.3439243655445769e-05 0.0012961471058699483 0.0005011936669282169 0.0051093144119255278 0.00036702912700299959 0.0048438141725668619 0.037869868079889048 0.00087165818399745191 -3.504617276835945e-05 -0.001584407626011856 -0.00010340246585350036 -0.0021994334486366389 0.0033884064739277218 0.00013828513307021802 0.0084777215440567655 -0.019139357303964103 0.00020294078383114195 0.0010197880150820864 0.0013011446211935399 -0.0031693366122689743 -0.0063998808017389462 -0.010034415184943255 0.0054164801333202832 -2.6009377874253414e-05 -3.3800482603414224e-05 0.011166627979860936 -0.00081742705170381334 0.0029396692151246744 0.0001861911663390564 0.00014201094137630699 -1.0043175760567765e-05 -0.0032770194606548662
leaf_weight=12.000000000000002 8.0000000000000018 7.9999999999999991 8.0000000000000018 7.9999999999999991 9.0000000000000018 9.0000000000000018 137 478 20 13.000000000000002 19.000000000000004 11.999999999999998 7.9999999999999991 8.9999999999999982 11.000000000000002 145 75 10.000000000000002 121 46 12.999999999999998 12.000000000000002 197 358 12.999999999999998 229 7.9999999999999991 469 7.9999999999999991 30 25
leaf_count=12 8 8 8 8 9 9 137 478 20 13 19 12 8 9 11 145 75 10 121 46 13 12 197 358 13 229 8 469 8 30 25
internal_value=0.000354808 0.0099346 0.000268066 0.00168721 0.000912448 0.0115642 0.000112755 0.000756065 0.00173505 0.00815999 0.00272245 0.0129011 0.0259 0.0171654 0.00777921 -0.000365969 -0.00312319 0.0139474 -0.0051827 -0.000138726 0.000672453 0.000221101 -0.00165871 0.00152016 0.00442724 -0.00393221 0.0199408 0.00101464 -0.0069392 -0.00914673 -0.011048
internal_weight=2528 20 2508 774 694 46 648 615 29 80 52 25 17 28 19 1734 303 31 272 121 23 1431 584 847 158 426 20 827 27 151 33
internal_count=2528 20 2508 774 694 46 648 615 29 80 52 25 17 28 19 1734 303 31 272 121 23 1431 584 847 158 426 20 827 27 151 33
is_linear=0
shrinkage=0.0749534


Tree=152
num_leaves=43
num_cat=0
split_feature=18 2 2 9 3 9 11 6 9 13 7 3 8 5 4 5 5 3 13 10 10 8 9 13 9 14 9 6 8 6 8 6 6 5 13 5 11 3 13 5 9 8
split_gain=0.578847 0.622406 0.974734 1.02439 0.868191 0.828125 0.779611 1.69601 0.946481 0.672307 1.1124 0.775002 1.14858 0.860985 0.809416 0.598824 0.837403 0.667515 0.492542 0.4479 1.04639 0.685191 1.12492 0.782315 0.646041 0.514981 0.614712 0.66022 0.417084 1.05617 0.591284 0.482935 1.56199 1.29235 0.429987 0.397675 0.543395 0.383472 0.355142 0.353965 0.259658 0.0365149
threshold=1.0000000180025095e-35 -0.89778852351120864 -0.98340181012624817 0.084056136878071314 -0.670548617816623 -0.56550728126407301 -1.1823054022688861 -0.75976102448070504 1.0284094218146742 3.8747842524045359 -0.51597215843788702 -1.1000340966992146 0.82606259569762253 -0.64752046005547004 -0.11696465287951543 1.246465220042493 -0.58250266309298904 1.0638929770482342 -0.31719372919684369 -0.56224103020678806 -1.3383867685862985 -0.0074836888475316487 0.46185499740993391 -0.25628963134968086 -0.3382156374208557 -0.738224098466287 -0.79070591143695002 -0.35468661973485993 -1.2111266252252293 -0.72860145488487082 -1.0513988793742695 0.11270692420265362 0.019228215415150855 -0.42639097220074934 -0.21054963339046137 -0.0073473355500293493 -1.1823054022688861 -1.0537142412638232 4.3864087763499127 -0.11083473179929819 -0.40867616849884181 -1.3701753745752276
decision_type=2 2 2 2 2 2 2 2 2 2 2 2 2 2 2 2 2 2 2 2 2 2 2 2 2 2 2 2 2 2 2 2 2 2 2 2 2 2 2 2 2 2
left_child=1 2 6 5 -5 -4 18 -8 -9 11 -11 12 13 -3 -14 16 -13 -17 -1 20 21 23 24 39 -23 26 -22 -28 29 -21 34 32 -32 -33 -30 40 -37 -25 -12 -2 -27 -31
right_child=19 9 3 4 -6 -7 7 8 -10 10 38 15 14 -15 -16 17 -18 -19 -20 28 25 22 -24 37 -26 35 27 -29 30 41 31 33 -34 -35 -36 36 -38 -39 -40 -41 -42 -43
leaf_value=0.0016492943300954986 0.00020602249367537414 0.0010819406029551266 0.0010547957578648192 0.0001324497253442432 0.0081081813538131618 -0.010011437977752944 -0.0062547699555980793 0.00011875347815270137 0.0014405802793823589 -0.018437355118144223 0.013591085947918321 -0.00030812665235132811 0.00013440924435071321 -0.00013722946498661168 0.013649605853892638 -0.0039597797755971638 0.0001139216087145895 0.0053028118160424976 -0.0029723595390668384 0.0017365255744731583 -0.0073522819093611597 0.00024281191148498195 -0.0011636045824802844 -0.0041718470655817564 0.0027411883165230685 -0.0031897318673114725 -0.003540189646637788 0.021721872753145525 -0.0013719379913881774 -0.0013298913337878979 -4.695439134751529e-06 0.00014539372190437949 0.0012171255926604007 -0.00089044330855815796 0.0010924668215549782 0.00328042450400489 -0.00035443228067033762 0.0046013136383690834 0.0012770790318119775 -0.0039469893705958922 -0.0034071288476525091 -0.0042297083720135515
leaf_weight=13.000000000000002 8.9999999999999982 21 8.9999999999999982 7.9999999999999991 7.9999999999999991 11.000000000000002 24 117 19 9.0000000000000018 9.0000000000000018 380 13.000000000000002 116 13.999999999999998 58 745 13.999999999999998 7.9999999999999991 7.9999999999999991 14.999999999999998 9.0000000000000018 8.9999999999999982 9.0000000000000018 10.000000000000002 31 28.999999999999996 8.0000000000000018 9.0000000000000018 15.999999999999998 293 119 30 112 14.999999999999998 8.9999999999999982 57 10.999999999999998 7.9999999999999991 32 67 17
leaf_count=13 9 21 9 8 8 11 24 117 19 9 9 380 13 116 14 58 745 14 8 8 15 9 9 9 10 31 29 8 9 16 293 119 30 112 15 9 57 11 8 32 67 17
internal_value=0.000117845 0.000978798 0.00468852 0.0155442 0.0283165 0.00326378 0.00234026 0.000451424 0.0037774 0.000389934 0.0117898 0.000149994 0.00494304 0.00200374 0.0183836 -0.00051419 -8.16713e-05 -0.00702363 0.0150996 -0.0013736 -0.0037123 0.0030552 0.0122459 -0.00145075 0.0217422 -0.00651115 0 0.00518119 -0.000208471 -0.00729072 0.000320039 -0.000199148 0.00166467 -0.00280219 0.0112649 -0.00854501 -0.00380779 0.0099346 0.0220507 -0.00729072 -0.0115472 -0.013161
internal_weight=2528 1604 217 36 16 20 181 160 136 1387 26 1361 164 137 27 1197 1125 72 21 924 305 89 28 61 19 216 52 37 619 41 578 554 323 231 24 164 66 20 17 41 98 33
internal_count=2528 1604 217 36 16 20 181 160 136 1387 26 1361 164 137 27 1197 1125 72 21 924 305 89 28 61 19 216 52 37 619 41 578 554 323 231 24 164 66 20 17 41 98 33
is_linear=0
shrinkage=0.0749534


Tree=153
num_leaves=22
num_cat=0
split_feature=4 7 10 8 8 4 8 5 9 4 9 8 7 5 7 3 11 10 8 8 7
split_gain=0.910197 0.361228 1.00092 1.8037 1.06636 0.807485 0.751881 1.74163 0.929204 0.561721 0.627782 0.492274 0.952912 1.37763 0.748857 0.45082 0.658622 0.624965 0.311314 0.417758 0.265918
threshold=2.5581730392551942 0.35199089904751929 1.8815726050772932 -0.16756330913097148 1.2357189132761148 2.2911857679507306 1.0153283790102443 -0.3271491842398731 1.2807595124560034 -0.8449695640460565 -0.99949782536233134 1.9085023646409709 -0.64667919366944948 -0.59455048625410123 -0.33742463972287789 0.57194108049591175 0.61412925195989043 -0.30325539505274751 -0.66147292729822549 -0.18728634455765958 1.3011119195852048
decision_type=2 2 2 2 2 2 2 2 2 2 2 2 2 2 2 2 2 2 2 2 2
left_child=1 5 4 -4 6 11 8 -8 -3 20 -11 15 13 -13 -14 17 -17 -1 -2 -20 -6
right_child=18 2 3 -5 9 -7 7 -9 -10 10 -12 12 14 -15 -16 16 -18 -19 19 -21 -22
leaf_value=-0.00052886058366579259 -0.00027817307415457408 0.00018684399530531146 -0.00043994977084539465 0.00048351567839439644 -0.0027473832383042977 -0.010127825469448081 -0.0076804292429621945 0.0032800453323624463 -0.0003445703577921331 -0.0036164724509400205 8.3056443565058434e-05 -0.0024892869746063881 -0.0042188105383666533 0.010023603444391431 0.00021959249010339906 0.00022699292372816508 -0.00019984645581519987 -2.9314397927963124e-05 0.0027829587022115423 0.00087656255610777539 -2.2578973134621814e-05
leaf_weight=414 13.999999999999998 513 8.0000000000000018 8.9999999999999982 25 15.999999999999998 7.9999999999999991 24 55 12.999999999999998 68 8.0000000000000018 17 15.999999999999998 54 355 210 670 8 14 8.9999999999999982
leaf_count=414 14 513 8 9 25 16 8 24 55 13 68 8 17 16 54 355 210 670 8 14 9
internal_value=0.000206706 2.94025e-05 0.00142652 0.0182014 0.000964093 -0.000551943 0.0022367 0.0129993 0.00157384 -0.00556926 -0.0020011 -0.000385332 0.00478957 0.0169277 0.000233133 -0.000691159 0.00102081 -0.00158524 0.0116477 0.0167797 -0.013314
internal_weight=2528 2492 732 17 715 1760 600 32 568 115 81 1744 95 24 71 1649 565 1084 36 22 34
internal_count=2528 2492 732 17 715 1760 600 32 568 115 81 1744 95 24 71 1649 565 1084 36 22 34
is_linear=0
shrinkage=0.0749534


Tree=154
num_leaves=29
num_cat=0
split_feature=7 8 9 9 11 8 0 13 19 6 5 5 6 6 12 7 7 11 8 6 12 3 7 6 7 3 3 3
split_gain=0.485191 0.357524 0.947265 1.05946 0.842158 0.909335 1.27655 1.33452 1.01103 0.896294 0.802409 1.25748 1.083 0.80056 1.12231 0.962285 0.775467 0.716077 0.983316 0.860588 1.28432 0.783284 0.736275 0.645153 0.610621 0.293146 0.201936 0.0376147
threshold=4.667031650384919 -0.38601715685574928 1.3651434001595377 2.3929000287221167 1.0000000180025095e-35 0.21959181758521781 1.0000000180025095e-35 -0.33405728680785335 1.0000000180025095e-35 -0.3858461893306942 0.88807983877039176 1.3275919400502834 -1.0090375812473789 0.95401530329017825 1.0000000180025095e-35 -0.096513633609801433 -2.3911482521194523 -0.38389000038943 -0.76356628920761604 -0.35468661973485993 1.0000000180025095e-35 2.1689182909099038 1.2114110130537419 -1.0713567204390475 0.24776698860143817 -0.90337481916557516 -0.64189394657123477 0.57194108049591175
decision_type=2 2 2 2 2 2 2 2 2 2 2 2 2 2 2 2 2 2 2 2 2 2 2 2 2 2 2 2
left_child=1 2 17 25 10 6 8 -8 -6 26 13 12 -12 15 -15 -3 -11 19 22 24 -21 -20 -19 -13 -1 -4 -7 -27
right_child=-2 4 3 -5 5 9 7 -9 -10 16 11 23 -14 14 -16 -17 -18 18 21 20 -22 -23 -24 -25 -26 27 -28 -29
leaf_value=-0.00025330920925877915 0.00034332424797931546 -0.00077094250810596653 -1.6452509440691835e-05 0.005327901335238072 -0.0033748836569367133 -0.0015504642357270001 0.0016093786124086484 -0.0040492729441482028 0.0013748061469236455 -0.016453370051612785 0.013922721259104398 -0.0044426405361016304 0.00054588824291088587 -0.0034257992221536828 0.0038148190181581266 -4.0890495507299847e-05 0.0003131200317603422 -0.00033274120158168239 0.00037544105925191789 0.0033443215182590797 -3.6066910894662673e-05 -0.0046944744134972544 0.0005392246978054891 0.00013138068987408966 0.0003666809443778328 -0.0078238753346081668 -0.0082353131616278615 -0.0042256848046559065
leaf_weight=161 9.9999999999999982 219 7.9999999999999991 11.999999999999998 116 14.000000000000002 96 34 10.999999999999998 13.999999999999998 19 36 25 11.000000000000002 19 395 334 345 249 47 33 9.9999999999999982 15.999999999999998 67 177 30 11.999999999999998 7.9999999999999991
leaf_count=161 10 219 8 12 116 14 96 34 11 14 19 36 25 11 19 395 334 345 249 47 33 10 16 67 177 30 12 8
internal_value=0.000147466 7.3706e-05 0.00109028 -0.00802995 -0.000709218 0.00132858 -0.0020881 0.00309978 -0.00736874 0.00367897 -0.00233592 0.00262187 0.0128683 -0.00347578 0.00802929 -0.00407047 0.00470042 0.00161931 0 0.00400703 0.0108865 0.00350542 -0.00252171 -0.00193902 0.0023068 -0.0131105 -0.00915731 -0.0157021
internal_weight=2528 2518 1096 58 1422 631 257 130 127 374 791 147 44 644 30 614 348 1038 620 418 80 259 361 103 338 46 26 38
internal_count=2528 2518 1096 58 1422 631 257 130 127 374 791 147 44 644 30 614 348 1038 620 418 80 259 361 103 338 46 26 38
is_linear=0
shrinkage=0.0749534


Tree=155
num_leaves=16
num_cat=0
split_feature=13 5 6 12 4 6 7 5 5 9 4 4 4 6 4
split_gain=0.634642 0.567194 0.498819 1.36146 0.838624 0.594825 0.552384 0.909993 1.42831 0.858723 0.722639 0.61055 0.522787 0.440735 0.249895
threshold=5.1440996558694012 3.1841538604432591 2.169238517527714 1.0000000180025095e-35 -0.43583093474632756 2.7924299094443992 0.82868714518615982 -0.21818845539211226 -0.71241959964425283 -1.6492544703013423 -1.0949021080317813 -1.1664717877037336 -0.95350795140593203 4.9735997811527968 1.4523837971919125
decision_type=2 2 2 2 2 2 2 2 2 2 2 2 2 2 2
left_child=1 2 6 4 -4 -5 10 8 -8 -9 11 -1 -12 -6 -3
right_child=-2 14 3 5 13 -7 7 9 -10 -11 12 -13 -14 -15 -16
leaf_value=0.00034820574890416349 0.0036127213203130362 -0.001904568305686596 -0.0029216932364017688 0.02188239013900601 0.01186759473409587 -0.0077634396868174974 -0.00060255549769046941 0.003554847191778183 0.00048616424563060036 -1.0456409909738862e-05 0.00026912643314616944 -0.0020106597908706777 -2.9564562013041232e-05 -0.0011506583003640788 -0.0054793486618519693
leaf_weight=10.999999999999998 8.9999999999999982 8.0000000000000018 7.9999999999999991 8.0000000000000018 30 14.999999999999998 36 7.9999999999999991 77 256 158 54 1825 9.9999999999999982 14.999999999999998
leaf_count=11 9 8 8 8 30 15 36 8 77 256 158 54 1825 10 15
internal_value=0.000236327 0.000155423 0.000269353 0.00635411 0.0133335 -0.00802889 8.42491e-05 0.00271166 0.00826214 0.00027524 -0.000401311 -0.00803003 -0.000140755 0.0176098 -0.0109715
internal_weight=2528 2519 2496 71 48 23 2425 377 113 264 2048 65 1983 40 23
internal_count=2528 2519 2496 71 48 23 2425 377 113 264 2048 65 1983 40 23
is_linear=0
shrinkage=0.0749534


Tree=156
num_leaves=29
num_cat=0
split_feature=4 4 4 7 8 6 2 9 9 4 2 6 8 11 11 6 16 16 9 11 7 5 9 8 2 7 9 2
split_gain=0.450092 0.85968 0.81664 0.749762 1.11178 1.62341 1.42667 1.3169 1.30088 1.54048 0.680365 0.66664 0.619438 0.627198 1.02697 0.623094 0.500892 1.14854 1.32836 0.562511 0.472104 0.434716 0.312716 0.534836 0.78379 0.225638 0.18287 0.0271865
threshold=-0.45666477035085801 -0.45943617856392249 -0.40476889574827041 -0.69793685454457155 -0.15090090600725856 -0.043090923776517541 -0.54275510494929147 -0.56550728126407301 1.4424469391565979 -1.065849358730915 2.1922930733376207 0.050387785010985106 1.9085023646409709 0.21492155102016219 -0.18428614991956593 0.39314305056516186 5.5750728051301444 1.6165153522599058 0.71982376240534307 1.8117523547790746 -0.77994911194476824 -0.88907340719791239 0.17661554183023856 -0.6739842845572489 -0.13181993994781938 -0.48692615060865191 -0.4869254981046372 -0.66466540747020042
decision_type=2 2 2 2 2 2 2 2 2 2 2 2 2 2 2 2 2 2 2 2 2 2 2 2 2 2 2 2
left_child=1 3 21 12 5 7 -7 -5 11 -10 16 -6 13 14 -1 -15 17 19 -19 -4 26 -2 23 25 -25 -23 -12 -24
right_child=2 -3 10 4 8 6 -8 -9 9 -11 20 -13 -14 15 -16 -17 -18 18 -20 -21 -22 22 27 24 -26 -27 -28 -29
leaf_value=-0.00064798969140990293 0.00064069312180105439 0.019042520667490515 1.5463661567599961e-06 0.00070045250367509594 1.3408527838745834e-06 0.0016351163337870356 0.00016352857813181474 -0.00038067023568909975 -0.0026419114709182339 0.0090331863437742924 0.003094184373329761 -0.00073372594867882176 0.00092727494978224185 -0.00041803187592529239 0.001437338406717614 -0.0087619168188361948 -0.010519523871108929 -6.2422144953283839e-05 0.013866201695159612 -0.002805911929510259 -0.0026158074984112571 -0.0017379592793463378 -0.0024781318427604575 0.018722011981545304 -0.00035119278281441383 -0.0096860109177512553 -0.00036913240314654234 -0.0050933715134417268
leaf_weight=49 11.999999999999998 9.9999999999999982 1271 80 176 53 150 158 9.9999999999999982 48 7.9999999999999991 147 13.999999999999998 49 58 51 9.9999999999999982 22 11.999999999999998 29 21 9.0000000000000018 8.0000000000000018 9.0000000000000018 14.999999999999998 18 7.9999999999999991 23
leaf_count=49 12 10 1271 80 176 53 150 158 10 48 8 147 14 49 58 51 10 22 12 29 21 9 8 9 15 18 8 23
internal_value=0.000147466 0.00132999 -0.00069646 0.00109178 0.00213445 0.00468654 0.00956781 0.000460846 -0.000826507 0.00926942 -0.000229092 -0.00270098 -0.00275988 -0.00383889 0.000156467 -0.00803027 5.44711e-05 0.000195086 0.013314 -0.000171405 -0.00992844 -0.00736429 -0.00929777 -0.00522639 0.00277061 -0.0120256 0 -0.0150671
internal_weight=2528 1053 1475 1043 822 441 203 238 381 58 1381 323 221 207 107 100 1344 1334 34 1300 37 94 82 51 24 27 16 31
internal_count=2528 1053 1475 1043 822 441 203 238 381 58 1381 323 221 207 107 100 1344 1334 34 1300 37 94 82 51 24 27 16 31
is_linear=0
shrinkage=0.0749534


Tree=157
num_leaves=20
num_cat=0
split_feature=4 0 14 4 2 3 10 6 16 19 2 4 2 9 6 6 15 7 6
split_gain=0.615044 0.710245 1.03359 0.888564 1.10608 1.5328 0.858192 0.60775 0.434501 0.534411 0.472317 0.827341 0.464875 0.416618 0.249895 0.218932 0.397437 0.155008 0.00931662
threshold=-1.2018160218295064 -1.1446077060016007 1.0000000180025095e-35 -0.73896672974364552 0.28014012273921512 1.1346588588304443 -0.38390682039496643 -0.35468661973485993 4.255553654173398 1.0000000180025095e-35 2.1352125916063649 -0.22722272278019931 0.89594225797231386 1.9966085520808659 -0.29236748054319145 0.14386649379848784 0.88625919121491659 -0.27933262406440512 0.76705788571517286
decision_type=2 2 2 2 2 2 2 2 2 2 2 2 2 2 2 2 2 2 2
left_child=15 2 3 -2 7 -6 -4 -5 9 10 13 -12 18 -3 -11 16 -1 -8 -10
right_child=1 8 6 4 5 -7 17 -9 12 14 11 -13 -14 -15 -16 -17 -18 -19 -20
leaf_value=3.2130287967782418e-05 0.0017793100469441613 6.9381478177581663e-06 0.0016571760682081692 0.00065688764102467745 0.018778412991691237 -0.00037289701283960218 -0.014801857583906163 -0.012659692140871372 -0.00059712108161702286 -0.0056867932419116919 -5.0700013464248548e-05 -0.0028933890087114865 0.0044239021144045479 -0.00073890347963650928 0.0023542726373227715 0.00023945970874893752 0.00063350461996150294 -0.0020828956082629521 -0.0066606715750857567
leaf_weight=10.000000000000005 12.999999999999998 2201 7.9999999999999991 11.000000000000002 11.000000000000002 12.999999999999998 14 11.999999999999998 8.0000000000000018 15.000000000000002 58 23 8.9999999999999982 69 7.9999999999999991 10.999999999999998 8.9999999999999982 10 14.999999999999998
leaf_count=10 13 2201 8 11 11 13 14 12 8 15 58 23 9 69 8 11 9 10 15
internal_value=8.82249e-05 -4.43198e-05 0.0063301 0.0119721 0.0064065 0.0169277 -0.00430196 -0.00508632 -0.000294979 -0.000172791 -5.50501e-05 -0.00559288 -0.00865061 0.000147716 -0.0109715 0.0103375 0.0147607 -0.0112649 -0.013914
internal_weight=2528 2498 92 60 47 24 32 23 2406 2374 2351 81 32 2270 23 30 19 24 23
internal_count=2528 2498 92 60 47 24 32 23 2406 2374 2351 81 32 2270 23 30 19 24 23
is_linear=0
shrinkage=0.0749534


Tree=158
num_leaves=29
num_cat=0
split_feature=1 11 8 4 7 4 7 8 8 4 5 4 8 13 13 5 4 11 8 5 0 10 7 4 10 5 4 5
split_gain=0.440899 1.11271 0.728976 0.634062 0.806404 0.826893 1.06733 0.761034 0.654025 0.546668 1.06554 1.78257 1.12828 0.941794 0.918016 0.831756 0.776883 0.863258 0.712517 0.63834 0.954114 0.655025 0.602291 0.56546 0.47255 0.366899 0.201921 0.00642552
threshold=1.0000000180025095e-35 2.2109600557188034 -1.4234195001567163 -1.1664717877037336 1.5659431674400051 -1.0850200202837006 0.507472470368725 -0.18728634455765958 -0.17316260473503578 -0.45666477035085801 -0.64752046005547004 -0.49015429308371805 -0.83627887818215818 -0.31424993060284995 -0.080051571772089436 -1.131089730525578 -0.33285326911153817 1.4125446538393469 1.3249087770559267 -1.0237405522185019 1.0000000180025095e-35 -1.3383867685862985 -0.41687401407931718 -0.39370762398536191 0.59894880030640241 -0.56488356822093333 -0.5095043775246294 -1.0000000180025095e-35
decision_type=2 2 2 2 2 2 2 2 2 2 2 2 2 2 2 2 2 2 2 2 2 2 2 2 2 2 2 2
left_child=1 3 26 25 5 7 -7 -5 -6 10 14 12 -12 -13 15 -4 17 18 -11 20 -18 -21 -16 -19 -10 -1 -2 -28
right_child=2 -3 9 4 8 6 -8 -9 24 16 11 13 -14 -15 22 -17 19 23 -20 21 -22 -23 -24 -25 -26 -27 27 -29
leaf_value=-0.0031809291869618461 0.0029708082549787739 0.0022525606746242187 0.00014076846133072776 7.7667585398731958e-05 -0.0061087339067180382 -0.000396163211902287 0.00044797181011817472 -0.0041921905363552486 0.0015797740301303808 -0.0017788053025980847 0.00024602435992003178 0.007390432565527523 5.0330667456691019e-05 -0.0013220034714246751 -0.00047565780429888882 -0.0015361140995365401 -4.4145510922684624e-05 0.020921607240290057 0.00013656526722679899 0.00064601487452312762 0.0040713617774539301 -4.7625300102146217e-05 0.0025105311228730727 -0.0017041683656979351 -0.0056939009522168965 0.00085100213725551512 -0.0019479670491807128 -0.0063856137409710736
leaf_weight=7.9999999999999991 8.0000000000000018 9.9999999999999982 10.999999999999998 12.999999999999998 31 583 126 30 18.000000000000004 99 91 20.000000000000004 351 7.9999999999999991 8.0000000000000018 114 8.0000000000000018 8.0000000000000018 18 113 14.999999999999998 768 21 9.9999999999999982 7.9999999999999991 7.9999999999999991 14.000000000000004 7.9999999999999973
leaf_count=8 8 10 11 13 31 583 126 30 18 99 91 20 351 8 8 114 8 8 18 113 15 768 21 10 8 8 14 8
internal_value=8.82249e-05 -0.0013182 0.000783742 -0.00165116 -0.00196082 -0.00128936 -0.000656174 -0.0110909 -0.0103705 0.00100038 0.00274924 0.00451786 0.00328476 0.0220849 -0.00262433 -0.00542636 -5.2431e-05 -0.00530425 -0.00767183 0.000742407 0.0124428 0.000401166 0.00887981 0.00907452 -0.00125973 0.0120859 -0.0103375 -0.0137169
internal_weight=2528 835 1693 825 809 752 709 43 57 1663 624 470 442 28 154 125 1039 135 117 904 23 881 29 18 26 16 30 22
internal_count=2528 835 1693 825 809 752 709 43 57 1663 624 470 442 28 154 125 1039 135 117 904 23 881 29 18 26 16 30 22
is_linear=0
shrinkage=0.0749534


Tree=159
num_leaves=33
num_cat=0
split_feature=0 5 6 5 4 1 7 4 1 4 8 4 7 5 4 7 5 4 10 5 7 7 8 2 11 5 2 10 2 8 10 1
split_gain=0.740314 0.8884 1.54989 0.67204 0.879912 0.626913 0.655812 0.59885 0.981916 1.51822 0.730099 0.744916 0.581393 1.21238 0.97497 0.555164 0.639572 0.533476 0.52785 0.470824 0.64066 1.05833 0.447781 0.405499 0.330725 0.261156 0.218233 0.218233 0.166851 0.159374 0.0234513 0.0192784
threshold=-1.1446077060016007 -0.24459592825001847 -0.88439930286404211 -0.55500941399647818 -0.31387894862066579 -1.4759321159128549 0.26570716990773052 0.040431495148044158 1.1241768659879796 -0.47757527140655248 -1.1943677709397253 0.15273301029069922 0.30585900425990969 -0.52604882448403345 -0.3806207207211928 0.35199089904751929 -0.39957946685193968 -0.86868946730254171 0.12159773096610051 -0.44636556953577805 -0.25712097101851822 0.17429767468042923 -0.48209127872408392 -0.45219797537848 0.41452540149002631 -0.8757610543292107 0.4117469252584019 0.42198839199912297 -0.058938097580006239 1.3249087770559267 0.57561249971798845 1.0000000180025095e-35
decision_type=2 2 2 2 2 2 2 2 2 2 2 2 2 2 2 2 2 2 2 2 2 2 2 2 2 2 2 2 2 2 2 2
left_child=1 3 -3 4 23 19 7 8 17 -10 31 -12 13 22 -15 16 -14 -7 -17 20 27 -22 -8 -1 28 -25 -5 -2 -4 30 -21 -9
right_child=5 2 24 26 -6 6 12 10 9 -11 11 -13 15 14 -16 18 -18 -19 -20 29 21 -23 -24 25 -26 -27 -28 -29 -30 -31 -32 -33
leaf_value=-0.00037587607018497315 -0.017233019427892165 -0.0012245941561323476 0.0017062831009340329 -0.033858985803244951 -0.0063492003607093055 -0.00028004786295790892 0.00040117749984807521 -0.011502385023989519 0.016105832001624219 -0.0038864215078097441 -0.0039342622862155877 -7.6832354319221463e-05 0.00022320980109971907 0.0015175840436302841 -0.0012528935347926157 0.00021446011992493636 -0.00077910159258220263 3.1746878391496113e-05 -3.5092581054530705e-05 -0.015238948044839259 0.011096681581446924 -0.00072155015569398066 0.0044384844727990095 0.0003171592022833857 0.0010458598235262013 0.034273740298368882 -0.0021540835945328121 -5.1085566800567557e-05 0.0044200916743434666 -0.00044819473108201536 -0.0006007038334231525 -0.0066644797122728614
leaf_weight=8.0000000000000018 12.000000000000002 9.9999999999999982 9.0000000000000018 12.000000000000002 10.999999999999998 208 8.0000000000000018 8.0000000000000018 10.000000000000002 7.9999999999999991 44 367 25 7.9999999999999991 33 479 51 842 233 21.000000000000004 9.0000000000000018 12.999999999999998 9.9999999999999982 7.9999999999999991 11.999999999999998 7.9999999999999991 7.9999999999999991 7.9999999999999991 8.0000000000000018 9.9999999999999982 7.9999999999999991 19
leaf_count=8 12 10 9 12 11 208 8 8 10 8 44 367 25 8 33 479 51 842 233 21 9 13 10 8 12 8 8 8 8 10 8 19
internal_value=0.000147466 0.00658734 0.0148716 0.000298036 0.00645786 -0.00010701 0.000118645 -0.00081879 0.000138534 0.016397 -0.00314442 -0.0023074 0.00178487 0.00881381 0.00125611 0.00123064 -0.00475529 -0.000176512 0.00188608 -0.00649083 -0.000806509 0.00759127 0.0237196 0.0140963 0.0231693 0.0202012 -0.0099346 -0.0099346 0.0297493 -0.0121606 -0.0148338 -0.0145688
internal_weight=2528 94 39 55 35 2434 2353 1506 1068 18 438 411 847 59 41 788 76 1050 712 81 42 22 18 24 29 16 20 20 17 39 29 27
internal_count=2528 94 39 55 35 2434 2353 1506 1068 18 438 411 847 59 41 788 76 1050 712 81 42 22 18 24 29 16 20 20 17 39 29 27
is_linear=0
shrinkage=0.0749534


Tree=160
num_leaves=16
num_cat=0
split_feature=4 14 3 4 6 6 5 9 4 4 9 5 9 5 6
split_gain=0.430697 0.815575 0.416907 1.53205 0.677372 1.12638 0.440014 0.456796 0.413282 0.383949 0.382695 0.361954 0.232081 0.218233 0.18287
threshold=2.5581730392551942 -0.738224098466287 2.2293419280264 -0.22722272278019931 2.7924299094443992 2.3717757199006368 0.13433364843686682 0.053817933078398807 -1.2018160218295064 -0.34944362648252031 0.49197826545808798 -0.65606319934467983 0.064481678529993716 -0.051895948237020796 2.7924299094443992
decision_type=2 2 2 2 2 2 2 2 2 2 2 2 2 2 2
left_child=2 -2 4 6 5 8 7 14 11 -6 -10 -1 -3 -5 -4
right_child=1 12 3 13 9 -7 -8 -9 10 -11 -12 -13 -14 -15 -16
leaf_value=0.0013823246194730021 0.0038811871262865835 0.00028015877177731141 -0.0014439641922392912 -0.013052052192064741 -3.3285713619627689e-05 0.017548177203858182 0.0031387089905985394 0.018140732148242071 1.0724170484430261e-05 -0.0010865201326338422 -0.00026995638270498913 7.9780430718238621e-06 -0.0036722757968065105 -0.00036679512564730203 0.00026632426949493973
leaf_weight=14.000000000000002 13.999999999999998 12.000000000000002 8.0000000000000053 12.000000000000002 11.999999999999998 11.999999999999998 7.9999999999999991 12.999999999999998 1685 20 676 15.999999999999998 9.9999999999999982 7.9999999999999991 7.9999999999999991
leaf_count=14 14 12 8 12 12 12 8 13 1685 20 676 16 10 8 8
internal_value=-0.000117845 0.00775119 -0.000239737 0.00595942 -0.000391408 -0.000240817 0.0146757 0.00887981 -0.000367288 -0.0108249 -0.000482946 0.00802929 -0.00146564 -0.0099346 0
internal_weight=2528 36 2492 57 2435 2403 37 29 2391 32 2361 30 22 20 16
internal_count=2528 36 2492 57 2435 2403 37 29 2391 32 2361 30 22 20 16
is_linear=0
shrinkage=0.0749534


Tree=161
num_leaves=13
num_cat=0
split_feature=4 14 3 2 4 9 4 8 9 9 8 8
split_gain=0.658203 0.582755 0.498469 0.409323 0.366899 0.269037 0.717088 0.687133 0.663287 0.523087 0.5055 0.21479
threshold=2.5581730392551942 -0.738224098466287 2.9340058625024974 2.7450866599101871 -0.18595989296504098 0.49197826545808798 0.91779020076713247 2.2758293265595655 0.4749076480739971 1.4244586108551691 -0.2855796163794565 -0.55684774083431698
decision_type=2 2 2 2 2 2 2 2 2 2 2 2
left_child=2 -2 3 5 -4 7 9 8 -1 -7 -8 -3
right_child=1 11 4 -5 -6 6 10 -9 -10 -11 -12 -13
leaf_value=1.8510484979238092e-05 0.0035902789081070957 -0.0058679062643128754 0.055854577754730891 -0.0018713377059671312 -0.00033930257943221438 -0.00024889633895911693 -0.003337435775310784 -0.0031221892435394092 0.0090158635360065437 0.00015491776434585779 -0.0004547918159118135 0.00037535109343328271
leaf_weight=1712 13.999999999999998 8 7.9999999999999991 14.999999999999998 7.9999999999999991 367 49 19 20 185 109 14
leaf_count=1712 14 8 8 15 8 367 49 19 20 185 109 14
internal_value=-2.89842e-05 0.00969945 -0.000179642 -0.000271527 0.0120859 -0.000189509 -0.00141797 0.000308988 0.000474426 -0.000132277 -0.00582848 0.00146564
internal_weight=2528 36 2492 2476 16 2461 710 1751 1732 552 158 22
internal_count=2528 36 2492 2476 16 2461 710 1751 1732 552 158 22
is_linear=0
shrinkage=0.0749534


Tree=162
num_leaves=26
num_cat=0
split_feature=2 9 9 12 9 2 2 11 9 3 0 3 13 8 3 9 15 11 8 13 11 5 8 10 2
split_gain=0.42906 0.376296 0.937271 1.29434 1.62498 0.674313 1.73521 0.647727 0.61956 0.492355 1.01962 0.88135 0.81059 0.745041 0.561123 0.557153 0.53992 0.520418 0.756682 0.484922 0.45819 0.85094 0.428119 0.381271 0.233499
threshold=2.7450866599101871 -1.3379350199102014 -1.7493325393187169 0.35096141226961375 -1.6492544703013423 1.2269775562237495 0.60705559624206662 1.4125446538393469 -1.4222159022248613 -0.39162648258948857 -1.1446077060016007 -0.40804215766498347 1.3129973753868389 -0.84974589241663356 -0.34530712022767079 -0.3451051338425255 0.88625919121491659 0.21492155102016219 -0.46938107939774582 -0.32114557897330248 -0.38389000038943 -0.38867173438960728 1.0666362647155767 0.4300227542787099 1.0064956499860467
decision_type=2 2 2 2 2 2 2 2 2 2 2 2 2 2 2 2 2 2 2 2 2 2 2 2 2
left_child=1 2 5 4 19 6 7 -1 -6 11 17 12 16 -14 22 -16 -3 18 -11 -4 -5 -22 -12 -19 -8
right_child=-2 9 3 20 8 -7 24 -9 -10 10 14 -13 13 -15 15 -17 -18 23 -20 -21 21 -23 -24 -25 -26
leaf_value=-0.0017254594171429349 -0.0017310745596817616 2.8518101783788118e-05 0.00053238663657438157 2.5297989148218772e-05 -0.0071229505097784489 -0.0021033743944094043 0.0097061877513416658 0.00018370673649157279 0.00021050131929573353 0.0013061958097990139 -0.0075753268753760636 0.0013471677860094145 0.00024127148944951305 -0.0028631035217932597 -0.00024551317452647936 -9.5372100949070871e-06 0.00049512629834321485 0.0030715816806333651 -0.0035827342466097632 0.0046992626646365108 0.00017042300448175381 0.0021700647178885721 7.5881543419342295e-05 0.00014592830648953064 0.00057862621252768919
leaf_weight=67 14.999999999999998 726 9.0000000000000018 9.0000000000000018 48 13.999999999999998 10.000000000000002 11.999999999999998 11.999999999999998 9.0000000000000018 41 9.9999999999999982 38 37 412 831 137 10.000000000000002 19 10.999999999999998 12.000000000000002 7.9999999999999991 13.999999999999998 8.9999999999999982 7.9999999999999991
leaf_count=67 15 726 9 9 48 14 10 12 12 9 41 10 38 37 412 831 137 10 19 11 12 8 14 9 8
internal_value=0 8.13017e-05 0.00302497 0.00788622 0.00270699 -0.00180231 0.000548953 -0.00435019 -0.00357361 -0.000203378 -0.00112522 0.00110233 0.000835114 -0.00650978 -0.0015261 -0.00118728 0.00149206 0.00943663 0.00240692 0.0199408 0.0207877 0.0266116 -0.00877515 0.0182515 0.0200583
internal_weight=2528 2513 220 109 80 111 97 79 60 2293 1345 948 938 75 1298 1243 863 47 28 20 29 20 55 19 18
internal_count=2528 2513 220 109 80 111 97 79 60 2293 1345 948 938 75 1298 1243 863 47 28 20 29 20 55 19 18
is_linear=0
shrinkage=0.0749534


Tree=163
num_leaves=38
num_cat=0
split_feature=7 3 8 9 9 8 8 3 9 4 8 8 6 6 9 9 7 7 7 17 9 8 8 8 15 6 3 12 4 8 9 7 8 17 8 3 8
split_gain=0.598559 0.793537 1.23529 1.65588 0.830971 1.87323 1.17842 1.40914 0.90983 0.888603 1.05208 0.929641 0.818074 1.12308 0.602447 1.16145 1.23858 0.568798 1.11613 1.60517 0.784424 0.672316 1.76636 0.706558 0.542604 0.541821 0.457285 0.726689 0.417575 0.380353 0.321029 0.297968 0.264117 0.173467 0.200832 0.0400115 8.11175e-05
threshold=0.35199089904751929 0.042611129983401504 -0.78657604493822009 -0.60264200614397156 -0.57694469210617527 1.735102964388338 -0.76356628920761604 -0.60200082842187952 -0.24483395035923891 -0.80865627587084299 0.70660895557243275 -0.21650749852524739 0.33082391137349337 0.26850477218182484 -1.7493325393187169 -1.6492544703013423 -0.56381264192133496 -0.24003508406014382 -0.28360409580399842 1.0000000180025095e-35 -1.2840401262390628 -0.27784623751199261 -0.32450821588600121 0.62285889867506772 1.0000000180025095e-35 0.95401530329017825 0.46221584440764074 1.0000000180025095e-35 -1.1202702329260072 -1.0000000180025095e-35 0.98429768203357992 -0.78934634977187412 -0.84055574225345941 1.4567572365165855 -1.2196428611152819 1.7568963520543563 1.8352519990348422
decision_type=2 2 2 2 2 2 2 2 2 2 2 2 2 2 2 2 2 2 2 2 2 2 2 2 2 2 2 2 2 2 2 2 2 2 2 2 2
left_child=14 4 3 -3 5 9 7 32 -9 11 -11 -2 13 -8 25 16 -16 18 20 -20 -17 22 -19 -23 26 31 29 -28 -14 -4 35 -1 -6 34 -33 -26 -7
right_child=1 2 24 -5 6 36 12 8 -10 10 -12 -13 28 -15 15 17 -18 21 19 -21 -22 23 -24 -25 30 -27 27 -29 -30 -31 -32 33 -34 -35 -36 -37 -38
leaf_value=0.00011438780203462224 0.0047165418197526524 -0.00013295025965720341 -0.0030945099693146373 0.006915661841714528 -0.0073264385820220523 -0.0056330071231868372 0.00014116862027501077 -0.0047585497903000484 0.00043685367893299773 0.00020841874616082021 0.0062274671547215173 0.00019405854320874943 6.6545236866638629e-05 -0.0035454114194280171 -0.010813544937238859 0.00033083846148471168 0.0010603817191132978 -6.8692047765300733e-05 0.0034029028852415478 -0.0004429395372276789 -5.7658702629447208e-05 -0.0019005430652582109 0.0073867337439753522 -8.4872848029769667e-05 -0.0041531663292378356 0.00010280149498313833 0.005241735749270518 -0.00092078292454934505 0.0035066787168987674 -0.0002282637036471761 -0.00014350650911380984 -0.0029122432188032174 -5.0689236649380304e-05 -0.00041616013895267229 -0.0023030976625220997 -0.00067809815998190709 -0.0034006505401339366
leaf_weight=10.999999999999998 18 14.000000000000002 12 10.999999999999998 45 8.0000000000000018 333 7.9999999999999991 26 108 11.999999999999998 14.999999999999998 8.0000000000000018 15.999999999999998 8.0000000000000018 32 14.999999999999998 321 41 27 840 191 11.999999999999998 202 32 14.999999999999998 7.9999999999999991 7.9999999999999991 20 10 13.999999999999998 9.9999999999999911 8.9999999999999982 8.9999999999999982 39.000000000000007 7.9999999999999991 11.999999999999998
leaf_count=11 18 14 12 11 45 8 333 8 26 108 12 15 8 16 8 32 15 321 41 27 840 191 12 202 32 15 8 8 20 10 14 10 9 9 39 8 12
internal_value=-5.86046e-05 0.0017048 -0.0039076 0.0101727 0.00274765 0.00714564 0.00107884 -0.00660997 0.0050936 0.00999327 0.0067189 0.0205566 0.00290918 0.00186141 -0.000811752 -0.000497564 0.0153853 -0.000740271 0.000475463 0.00954948 -0.000255298 -0.00231284 0.000162772 -0.00440248 -0.00791689 -0.00691574 -0.000886219 0.0080282 0.0147056 -0.00759127 -0.0125805 -0.00967804 -0.0139078 -0.0117484 -0.0134385 -0.015845 -0.01327
internal_weight=2528 755 117 25 638 173 465 88 34 153 120 33 377 349 1773 1689 23 1666 940 68 872 726 333 393 92 84 38 16 28 22 54 69 54 58 49 40 20
internal_count=2528 755 117 25 638 173 465 88 34 153 120 33 377 349 1773 1689 23 1666 940 68 872 726 333 393 92 84 38 16 28 22 54 69 54 58 49 40 20
is_linear=0
shrinkage=0.0749534


Tree=164
num_leaves=35
num_cat=0
split_feature=10 5 9 12 13 11 9 6 5 8 13 13 8 8 10 9 10 13 13 6 13 7 11 5 6 7 9 9 6 3 7 17 3 2
split_gain=0.492914 0.615643 0.561054 0.545974 1.31642 0.884631 0.667273 0.89765 0.584116 0.889143 1.02697 0.872921 0.814173 0.802089 0.793061 0.551598 0.527749 0.629745 1.15537 0.715146 0.623185 0.572707 1.19616 1.02276 0.948772 0.763348 1.15763 0.567884 0.473362 0.846161 0.389784 0.381271 0.225433 0.00335068
threshold=0.14615493393370757 2.156821771145724 1.9966085520808659 0.86351510968011858 -0.16000256276543653 0.41452540149002631 0.25150224294226831 0.54894089854433314 0.21866618386554917 -0.70167348347711922 -0.23428449905921461 -0.16302593984544037 -0.38601715685574928 -0.5398630235360079 0.80930191946523367 -1.6945337634830031 -0.29513799766763377 0.17701643805901665 0.018297846400106201 -0.82208016367237358 2.0489447629485129 0.35199089904751929 -0.38389000038943 -0.75438407188518264 -0.63512274609736818 -0.18450595144542853 -0.84774096032884483 -1.0534010495098707 -0.47932489811819695 -0.60200082842187952 0.77999236735479405 1.0000000180025095e-35 -0.43928420458980705 0.090541694222074115
decision_type=2 2 2 2 2 2 2 2 2 2 2 2 2 2 2 2 2 2 2 2 2 2 2 2 2 2 2 2 2 2 2 2 2 2
left_child=2 3 16 8 6 31 15 -8 9 10 -2 -11 13 -10 -14 -5 21 18 19 -18 33 25 24 -24 -23 26 -1 -27 29 -4 -22 -6 -7 -19
right_child=1 -3 28 4 5 32 7 -9 12 11 -12 -13 14 -15 -16 -17 17 20 -20 -21 30 22 23 -25 -26 27 -28 -29 -30 -31 -32 -33 -34 -35
leaf_value=0.002496871428718793 -0.00067520369704649884 -0.012582608065527598 -0.0018554421434346542 4.091689391017002e-05 0.0016112257669835561 0.00033121965104992545 -0.00023726119014845951 0.0030613744610244651 -0.00012688565921750887 0.00021835086357287843 0.0001920251574249874 -0.001001729901086593 -0.0052778083616223329 0.0059193926039400688 -0.00024132978591595512 -0.0026403372549145833 0.004876736264447048 -0.015139771743975725 0.017252679973445508 0.0001050186098155571 0.0007281183389252501 8.5834049772758213e-05 -0.0025118595017034964 0.00094363959238460667 -0.00022471681846630037 -0.0038762775597927959 -6.7382193435817331e-05 -0.00049663178019179353 -0.0049936616516145461 0.015420453521671131 -0.0057519844006649742 0.0002645379727896299 -0.0011363525941661355 -0.0094848860099101678
leaf_weight=58 134 13.999999999999998 16.000000000000004 12.999999999999998 10.000000000000002 9.0000000000000018 41 22 52 398 98 72 34 7.9999999999999991 64 107 31 8.0000000000000018 9.9999999999999982 288 11.000000000000002 254 7.9999999999999991 106 35 46 262 247 17 13.999999999999998 7.9999999999999991 8.9999999999999982 10.999999999999998 12.999999999999998
leaf_count=58 134 14 16 13 10 9 41 22 52 398 98 72 34 8 64 107 31 8 10 288 11 254 8 106 35 46 262 247 17 14 8 9 11 13
internal_value=-0.000236327 -0.00143145 0.000678148 -0.00120803 -0.00450061 0.00764232 -0.00716449 -0.000834027 -0.000345755 0.000582896 -0.00318982 0.00245553 -0.00442724 0.00237382 -0.00856313 -0.0103909 0.000957723 0.00337538 0.00446107 0.00355064 -0.00525641 7.20136e-05 0.0022605 0.00867385 -0.000315921 -0.00136743 0.00115718 -0.00411675 -0.00716403 -0.00110455 0.00428847 0.0182515 -0.00326378 -0.013503
internal_weight=2528 1096 1432 1082 222 39 183 63 860 702 232 470 158 60 98 120 1385 369 329 319 40 1016 403 114 289 613 320 293 47 30 19 19 20 21
internal_count=2528 1096 1432 1082 222 39 183 63 860 702 232 470 158 60 98 120 1385 369 329 319 40 1016 403 114 289 613 320 293 47 30 19 19 20 21
is_linear=0
shrinkage=0.0749534


Tree=165
num_leaves=26
num_cat=0
split_feature=2 6 6 8 7 6 6 8 2 3 2 8 7 6 8 6 11 12 14 9 9 7 8 7 2
split_gain=0.441059 0.443109 0.808984 1.62175 1.30563 1.10393 1.07158 0.91335 0.917611 0.896268 0.828705 0.784105 0.692579 0.61266 0.958924 0.549217 0.669977 0.532162 0.520423 0.612664 0.859964 0.729446 0.309603 0.289566 0.0234513
threshold=2.7053358643605336 -0.10541006296818604 0.050387785010985106 0.8136468501624029 0.029067635534248504 -0.074250493372351789 1.0000000180025095e-35 -0.63336684131368426 -0.27043883610983449 -0.40804215766498347 -0.44927568813307794 -0.48209127872408392 0.68772857777957241 -0.043090923776517541 1.598860177461382 -0.13656963256402027 1.0000000180025095e-35 0.86351510968011858 2.933049057447366 0.30579111329972858 -0.93703533685373908 -0.57918994018387226 -0.50329542683273187 -0.39209947798967532 -0.91302186332836566
decision_type=2 2 2 2 2 2 2 2 2 2 2 2 2 2 2 2 2 2 2 2 2 2 2 2 2
left_child=1 15 3 4 5 -3 -6 8 9 -4 11 -9 -12 14 -5 18 -17 -10 19 20 -1 -21 -2 -15 -18
right_child=22 2 7 13 6 -7 -8 10 17 -11 12 -13 -14 23 -16 16 24 -19 -20 21 -22 -23 -24 -25 -26
leaf_value=-0.00032694071326021647 -0.00029051820232680995 0.0086604503583070352 -0.00056615436088844101 -0.0032139960568017237 -0.00083246687553425005 0.0011494215520482722 0.00049664831072969385 0.0025188414578127464 -0.0001926646493389608 0.00022168183288785853 0.00012339810175959038 -0.00028903625447301037 0.0097207990571495755 0.0020993490365246391 0.011989479704779137 0.00016725449044800421 -0.0019434589210232814 -0.0071866311677228423 0.0019404164351630988 -0.0041424268895225618 8.6335561927587733e-05 -0.00018764615690896583 -0.0031749125334931557 -0.0094573390829390726 -0.0049185825411317639
leaf_weight=199 12.000000000000002 11.999999999999998 38 15.000000000000002 33 58 25 15.999999999999998 198 45 525 156 9.9999999999999982 8.0000000000000018 7.9999999999999991 11.999999999999998 8.0000000000000018 28 12.999999999999998 33 606 415 13.999999999999998 20 21
leaf_count=199 12 12 38 15 33 58 25 16 198 45 525 156 10 8 8 12 8 28 13 33 606 415 14 20 21
internal_value=0.000117845 0.000223816 0.00126616 0.00587681 0.0103283 0.0170427 0.00183259 0.000439983 -0.0029427 0.00370814 0.00192578 -0.00256838 0.0033788 -0.00522639 0.00361503 -0.000728573 -0.00901489 -0.00540601 -0.000441903 -0.000610657 0.000624574 -0.00282503 -0.00915731 -0.0122459 -0.0148338
internal_weight=2528 2502 1195 179 128 70 58 1016 309 83 707 172 535 51 23 1307 41 226 1266 1253 805 448 26 28 29
internal_count=2528 2502 1195 179 128 70 58 1016 309 83 707 172 535 51 23 1307 41 226 1266 1253 805 448 26 28 29
is_linear=0
shrinkage=0.0749534


Tree=166
num_leaves=23
num_cat=0
split_feature=0 5 6 5 8 1 10 5 9 11 11 8 8 10 11 10 10 8 11 2 2 5
split_gain=0.627558 1.52582 1.77896 1.07771 0.84332 0.761502 0.620152 0.42889 0.444982 0.904666 0.795124 0.794544 0.769051 0.417833 0.741762 1.14469 0.432017 0.318481 0.206795 0.181877 0.0214238 8.11175e-05
threshold=-1.1446077060016007 -0.24459592825001847 -0.88439930286404211 -0.84321835605418116 -0.29225847774228159 -1.4759321159128549 -0.29963821405923274 -1.2318539610636194 0.31636816310790566 1.8117523547790746 1.2129408033694828 2.2556862886215261 -0.66147292729822549 0.54068392574214175 -0.58349385085929406 -0.49361366080074071 0.32988356232526611 1.082032558742797 0.41452540149002631 1.1056249656301982 1.2269775562237495 -0.27629745779418707
decision_type=2 2 2 2 2 2 2 2 2 2 2 2 2 2 2 2 2 2 2 2 2 2
left_child=1 3 -3 19 -4 13 -5 -7 11 10 -10 12 -9 14 -2 -16 -17 -11 -6 -1 -8 -13
right_child=5 2 4 6 18 7 20 8 9 17 -12 21 -14 -15 15 16 -18 -19 -20 -21 -22 -23
leaf_value=1.5785309626051146e-05 -0.0049668980739464089 -0.001046678943932642 0.00079690683379597606 0.022868409916074969 0.0018810200632345194 -0.00056264736637720645 -0.0039239940754797779 -6.7931567980722714e-05 -9.9830005892519082e-05 -0.0042750892377257984 0.00034681327190209493 -0.00060067047370754257 9.6317046899478814e-05 -0.0032641507163734106 0.0041966093810228587 -0.0050470241721474775 0.00026887317378948165 0.00025380032279335817 0.0020258265512534588 0.00082988670603702556 -0.0026720523895144704 -0.011753873729472961
leaf_weight=10.000000000000002 17 9.9999999999999982 11.000000000000002 7.9999999999999991 9.0000000000000018 8.9999999999999982 20.000000000000004 636 704 25 74 8.0000000000000018 877 19 12.999999999999998 24 7.9999999999999991 7.9999999999999991 8.9999999999999982 8.9999999999999982 7.9999999999999991 11.999999999999998
leaf_count=10 17 10 11 8 9 9 20 636 704 25 74 8 877 19 13 24 8 8 9 9 8 12
internal_value=-0.000117845 0.0058104 0.0166789 -0.00225429 0.0255509 -0.000353115 -0.00969945 -0.000102735 -3.12571e-05 -0.00144923 -0.00091028 0.000718967 0.00092629 -0.00738877 -0.00404404 0.00115027 -0.00647628 -0.013161 0.0347033 0.01127 -0.0147056 -0.01327
internal_weight=2528 94 39 55 29 2434 36 2353 2344 811 778 1533 1513 81 62 45 32 33 18 19 28 20
internal_count=2528 94 39 55 29 2434 36 2353 2344 811 778 1533 1513 81 62 45 32 33 18 19 28 20
is_linear=0
shrinkage=0.0749534


Tree=167
num_leaves=19
num_cat=0
split_feature=2 9 3 8 7 7 8 7 11 7 3 3 1 6 11 3 7 3
split_gain=0.41612 0.36838 0.902599 0.659909 0.571139 0.698566 0.569905 1.02527 0.978367 0.818247 0.590815 1.48765 0.524538 0.495666 0.864857 0.479026 0.25896 0.10544
threshold=2.7450866599101871 0.49197826545808798 2.2293419280264 2.2556862886215261 -1.4471529976692799 -1.2788570111292945 1.6668750589913373 0.15550319902621654 0.21492155102016219 1.5659431674400051 0.69599462098901521 1.1196352115001185 1.0000000180025095e-35 0.76705788571517286 0.21492155102016219 0.69599462098901521 0.0205246920550619 0.3808122000963805
decision_type=2 2 2 2 2 2 2 2 2 2 2 2 2 2 2 2 2 2
left_child=1 3 6 4 13 -6 10 8 -8 -9 12 -12 -3 17 -15 -7 -5 -1
right_child=-2 2 -4 16 5 15 7 9 -10 -11 11 -13 -14 14 -16 -17 -18 -19
leaf_value=-0.0036449372075431758 -0.0015099448451438603 -0.001177833715611471 0.0095644761711258276 -0.0033589255003720802 0.0016774724270134395 7.5553228307123261e-05 -0.0025708415375837747 0.005365256515091483 0.0014087555192809603 -0.00070249576890309574 0.0047954587069379707 -0.00045639118598940189 -0.00017711338098850887 0.0022953939160727552 -0.0037001782644080928 -0.00014801633023662467 -0.0020026438643871475 -0.0033864401755831493
leaf_weight=25 14.999999999999998 167 13.999999999999998 8.0000000000000018 10.999999999999998 1316 44 41 24 8.9999999999999982 45 71 308 19 25 359 15.999999999999998 10.999999999999998
leaf_count=25 15 167 14 8 11 1316 44 41 24 9 45 71 308 19 25 359 16 11
internal_value=-0.000177086 -9.62002e-05 -0.0015217 0.000479982 0.000656029 0.000953459 -0.00192037 0.00278638 -0.00316793 0.0106827 -0.00287053 0.00188442 -0.00403886 -0.00543349 0 0.000814494 -0.0112649 -0.0116477
internal_weight=2528 2513 723 1790 1766 1686 709 118 68 50 591 116 475 80 44 1675 24 36
internal_count=2528 2513 723 1790 1766 1686 709 118 68 50 591 116 475 80 44 1675 24 36
is_linear=0
shrinkage=0.0749534


Tree=168
num_leaves=21
num_cat=0
split_feature=4 9 17 5 9 9 8 6 9 10 10 10 6 8 9 8 2 8 4 8
split_gain=0.424215 0.467161 0.443925 0.432757 0.411195 0.722183 1.00023 1.3596 1.02943 0.687959 1.1782 1.87645 0.796309 1.17975 0.918865 0.706115 0.491516 0.659359 0.229615 0.192477
threshold=2.5581730392551942 -1.0145173346674259 1.0000000180025095e-35 3.1841538604432591 0.49197826545808798 1.1129823073903073 0.70660895557243275 0.67357917692767011 1.1490988381869585 0.35415271937508069 -0.29111136770548734 -0.19045392216237678 0.73589831611933854 -0.35851183895213679 0.4368248712950028 1.598860177461382 -1.6064999507836686 -0.043564150129144698 1.4523837971919125 -0.24096765862772554
decision_type=2 2 2 2 2 2 2 2 2 2 2 2 2 2 2 2 2 2 2 2
left_child=3 -2 19 4 9 16 8 -8 -7 10 15 -12 14 -14 -11 -1 -6 -18 -5 -3
right_child=1 2 -4 18 5 6 7 -9 -10 12 11 -13 13 -15 -16 -17 17 -19 -20 -21
leaf_value=2.4305902539519078e-05 0.0022945525216665911 0.0015595985452583306 -0.0022280834544335798 -0.0017882091251043754 0.0070157086525381163 0.010140929739362887 0.00016989776188894873 0.0092793115162614521 -0.00037965233656068694 -0.00020376429789059657 0.00080901176617356805 0.00013891032380540424 -7.4184089273045045e-05 0.0030101053083956518 0.0069130033493503803 -0.0037524560542426489 -4.0650561251688054e-05 -0.00061736338222934399 -0.0040436705689226114 -0.0020615359725107345
leaf_weight=682 7.9999999999999991 10.000000000000002 10.000000000000002 8.0000000000000018 8.9999999999999982 10.999999999999998 112 18 225 449 25 381 101 72 14.999999999999998 37 146 188 12.999999999999998 7.9999999999999991
leaf_count=682 8 10 10 8 9 11 112 18 225 449 25 381 101 72 15 37 146 188 13 8
internal_value=-5.86046e-05 0.00775119 0.00240692 -0.000179642 -8.26823e-05 -0.00160432 0.000707591 0.00592881 -0.0021934 0.000530078 0.00164393 0.00485873 -0.00143332 0.00287411 -0.0030495 -0.000179576 -0.00406333 -0.00456185 -0.0103097 0.00907452
internal_weight=2528 36 28 2492 2471 709 366 130 236 1762 1125 406 637 173 464 719 343 334 21 18
internal_count=2528 36 28 2492 2471 709 366 130 236 1762 1125 406 637 173 464 719 343 334 21 18
is_linear=0
shrinkage=0.0749534


Tree=169
num_leaves=15
num_cat=0
split_feature=4 4 2 4 4 18 3 7 5 7 3 3 8 4
split_gain=0.678446 0.444556 0.661043 0.416356 0.542238 0.545997 0.8512 0.409597 0.926153 0.517646 0.258048 0.189245 0.511505 0.0192784
threshold=2.5581730392551942 2.4483780264953503 -0.92650552495866423 -1.2307761991462984 -1.112373504735358 1.0000000180025095e-35 0.4275359902762953 -2.3911482521194523 0.0074507563399396513 -0.16314859274746082 -0.17261460435138784 -0.4771418746610171 -0.66147292729822549 -1.1664717877037336
decision_type=2 2 2 2 2 2 2 2 2 2 2 2 2 2
left_child=1 3 -3 10 5 6 -5 8 -6 -9 -1 12 -2 -7
right_child=11 2 -4 4 7 13 -8 9 -10 -11 -12 -13 -14 -15
leaf_value=0.00018665001720265847 -0.00083582511946787917 0.00012900056645302817 -0.0064082647763955185 0.00012730309252133187 -0.0088610651360270694 -0.0046549362048995532 -0.0013894827042993025 7.5368442877610779e-05 0.0055500582051467321 -5.0160851220401065e-05 0.00039833519427001841 0.00095900824733551309 0.00042754473062582793 -0.013126102845106472
leaf_weight=11.000000000000002 10.999999999999998 8.0000000000000018 19 30 59 8.0000000000000018 12.999999999999998 1032 10.999999999999998 1273 8.9999999999999982 13.999999999999998 11.000000000000002 19
leaf_count=11 11 8 19 30 59 8 13 1032 11 1273 9 14 11 19
internal_value=-0.000177086 -0.000329881 -0.0094824 -0.000219578 -0.000313247 -0.00670034 -0.00120086 -0.000117547 -0.0056661 5.61475e-05 0.0099346 0.00969945 0.0137169 -0.0145688
internal_weight=2528 2492 27 2465 2445 70 43 2375 70 2305 20 36 22 27
internal_count=2528 2492 27 2465 2445 70 43 2375 70 2305 20 36 22 27
is_linear=0
shrinkage=0.0749534


Tree=170
num_leaves=31
num_cat=0
split_feature=7 9 10 10 10 8 8 1 4 7 2 5 6 11 14 7 8 6 10 9 6 6 3 9 11 14 4 14 11 4
split_gain=0.506945 0.410411 0.700033 0.865398 1.48313 0.838131 0.77561 0.757642 0.682017 0.769883 0.956213 0.752152 0.727811 0.668685 3.10716 0.83328 0.665718 0.588133 0.546606 0.711275 0.69617 1.33229 1.04141 0.661491 0.634352 0.536741 0.477202 0.471897 0.325208 0.182706
threshold=4.667031650384919 0.49197826545808798 0.35415271937508069 -0.29111136770548734 -0.19045392216237678 -0.22426487692684852 1.598860177461382 1.0000000180025095e-35 0.73798823501213617 0.7125031138692155 -1.0926664455981683 1.8459761298985913 -0.82208016367237358 -0.78309770132915812 1.0000000180025095e-35 -0.16314859274746082 1.8352519990348422 -0.57280360690569965 0.54754892467355198 0.064481678529993716 0.019228215415150855 0.050387785010985106 -0.39162648258948857 -0.68671949933292209 -0.18428614991956593 2.933049057447366 1.4523837971919125 -0.738224098466287 -0.18428614991956593 1.2317550036217837
decision_type=2 2 2 2 2 2 2 2 2 2 2 2 2 2 2 2 2 2 2 2 2 2 2 2 2 2 2 2 2 2
left_child=1 2 3 6 5 -5 25 -6 9 13 17 16 26 14 -3 -15 28 -11 19 23 22 -22 -20 -4 -21 -1 -13 -12 -10 -8
right_child=-2 8 18 4 7 -7 29 -9 11 10 27 12 -14 15 -16 -17 -18 -19 20 24 21 -23 -24 -25 -26 -27 -28 -29 -30 -31
leaf_value=4.8024052500764823e-05 0.00011404566182124684 -0.00019658789011109382 -0.00011830644895641634 0.00071029399170528752 -0.00015057901723268077 0.0010728803636344112 -0.0042393751912846722 0.00035864041458685662 -0.0054046704901682709 -0.0076880449972364373 0.0054311555466577972 0.0025140458997145163 0.00056802236291045728 3.0746768985125461e-05 0.042828824256296423 -0.0005790259379218019 0.0011151759102163974 0.00052179298299366854 4.6911299225716964e-05 -0.0031388436347018268 0.0046708478788069687 4.9360644075693639e-05 -0.00098328666633626187 -0.0046888110622866882 0.0079846280275505752 -0.00081240722309575976 -0.013182128455094746 0.0021081726461783094 -0.00025020557121111056 -0.001346988770569337
leaf_weight=710 9.9999999999999982 57 38 11.000000000000002 135 13.999999999999998 30 244 71 15.999999999999998 7.9999999999999991 8.0000000000000018 13.999999999999998 221 7.9999999999999991 175 9.9999999999999982 28 66 14.000000000000002 12.999999999999998 329 98 63 14.999999999999998 9.9999999999999982 9.9999999999999982 32 62 7.9999999999999991
leaf_count=710 10 57 38 11 135 14 30 244 71 16 8 8 14 221 8 175 10 28 66 14 13 329 98 63 15 10 10 32 62 8
internal_value=-0.000177086 -0.000252133 0.00035296 0.00144687 0.00423724 0.0210861 -4.71642e-05 0.00299217 -0.00176145 -0.000442012 0.00604894 -0.0057981 0.00430196 -0.00165417 0.00525283 -0.00281749 -0.00810401 -0.00157824 -0.00164101 -0.00592881 -0.000512766 0.00140966 -0.00449279 -0.00885814 0.00411663 0.000516501 -0.00541326 0.0140803 -0.00953213 -0.0101461
internal_weight=2528 2518 1798 1162 404 25 758 379 720 545 84 175 32 461 65 396 143 44 636 130 506 342 164 101 29 720 18 40 133 38
internal_count=2528 2518 1798 1162 404 25 758 379 720 545 84 175 32 461 65 396 143 44 636 130 506 342 164 101 29 720 18 40 133 38
is_linear=0
shrinkage=0.0749534


Tree=171
num_leaves=15
num_cat=0
split_feature=13 4 0 6 4 8 8 1 8 9 10 8 8 3
split_gain=0.651909 0.404951 0.32935 0.692674 0.647479 0.69299 0.545263 0.493081 0.81117 0.729106 0.457244 0.784965 0.384173 0.258048
threshold=5.1440996558694012 -1.2307761991462984 -1.1446077060016007 -1.0401971508432133 -0.49781881437823955 0.24059204389287667 0.99073876124515337 1.0000000180025095e-35 -1.4576733354553082 1.9966085520808659 -1.3457877734402814 1.6244915963691415 -0.66147292729822549 -0.17261460435138784
decision_type=2 2 2 2 2 2 2 2 2 2 2 2 2 2
left_child=1 13 3 -3 6 -6 -5 8 -4 -10 11 -9 -12 -1
right_child=-2 2 7 4 5 -7 -8 10 9 -11 12 -13 -14 -15
leaf_value=0.00013354979704760083 0.0033404110507034537 -0.00087736863973275755 0.0028912242970257139 0.00059446903327725164 0.00035269216317627061 0.0010100320452598424 -0.0004546873965354031 0.00047490888759240123 -0.00025615775692036636 -0.0059359050258042233 -9.6477437318619256e-05 -0.0027783854996684819 6.4750268121528833e-05 0.00017978970411487369
leaf_weight=11.000000000000002 8.9999999999999982 7.9999999999999991 8.9999999999999982 32 28 13.999999999999998 8.9999999999999982 133 699 25 461 8.9999999999999982 1072 8.9999999999999982
leaf_count=11 9 8 9 32 28 14 9 133 699 25 461 9 1072 9
internal_value=0 -8.11083e-05 -0.000171648 0.00419265 0.00633895 0.0126043 -0.000394017 -0.000341376 -0.00195962 -0.00226762 0.00036767 0.00439874 -1.11554e-05 0.0099346
internal_weight=2528 2519 2499 91 83 42 41 2408 733 724 1675 142 1533 20
internal_count=2528 2519 2499 91 83 42 41 2408 733 724 1675 142 1533 20
is_linear=0
shrinkage=0.0749534


Tree=172
num_leaves=15
num_cat=0
split_feature=7 2 5 10 8 11 5 3 6 9 5 10 9 8
split_gain=0.502946 0.414997 0.326397 0.99608 0.518085 0.824338 0.429129 0.835317 1.0539 1.0105 0.616214 0.647286 0.525228 0.203649
threshold=4.667031650384919 2.7450866599101871 -1.0840011467426518 0.68756701453198643 -0.75707596240233077 0.21492155102016219 -0.78252926293902603 -0.93376430170593283 -0.44816532852236268 1.4839219002231452 -0.56488356822093333 1.3702942506026172 -0.88317126183255279 -0.56235826809975387
decision_type=2 2 2 2 2 2 2 2 2 2 2 2 2 2
left_child=1 2 3 4 -1 -6 7 8 -4 -9 11 -8 -12 -5
right_child=-2 -3 6 13 5 -7 10 9 -10 -11 12 -13 -14 -15
leaf_value=-0.00013683635619048026 0.00011794676620963675 -0.0013729253381781679 0.0028398507369119144 -0.00033752498842084931 0.00012785299135071926 0.0048556639902639183 0.00011827166421901454 -0.00068382268778558863 -0.0014447022828865347 0.0025228030585920133 -0.00015892388640543283 0.00051194097415031478 2.8470122654112742e-06 -0.0002612905666382828
leaf_weight=10.999999999999998 9.9999999999999982 14.999999999999998 15.999999999999998 10.000000000000002 35 10.999999999999998 305 213 21 23 319 21 1505 12.999999999999998
leaf_count=11 10 15 16 10 35 11 305 213 21 23 319 21 1505 13
internal_value=-0.000117845 -0.000192657 -0.000111542 0.00452465 0.00974037 0.0131105 -0.000269734 -0.00305518 0.00708009 -0.00470785 8.63072e-05 0.00307564 -0.000450529 -0.00802889
internal_weight=2528 2518 2503 80 57 46 2423 273 37 236 2150 326 1824 23
internal_count=2528 2518 2503 80 57 46 2423 273 37 236 2150 326 1824 23
is_linear=0
shrinkage=0.0749534


Tree=173
num_leaves=20
num_cat=0
split_feature=9 13 8 8 14 8 6 8 9 3 12 2 3 15 3 2 6 6 2
split_gain=0.33933 0.673621 0.807146 0.629804 0.610112 0.566457 0.638072 0.578782 0.538822 0.464769 0.463989 0.410776 0.420162 1.00899 0.503931 0.202279 0.188059 0.343814 8.11175e-05
threshold=0.49197826545808798 4.0551328532322906 -0.98918372174019009 2.2556862886215261 2.933049057447366 1.9085023646409709 0.11270692420265362 1.6244915963691415 0.53275827965920441 2.8602018645594982 0.35096141226961375 1.6566028961479324 0.95236573478685627 1.0000000180025095e-35 0.21094268755358583 -0.098713043191178226 0.36198348096932759 1.1098131512693497 -0.043913339984820991
decision_type=2 2 2 2 2 2 2 2 2 2 2 2 2 2 2 2 2 2 2
left_child=1 3 -3 5 8 7 -7 9 18 -1 -9 12 14 -14 -10 -5 -13 -18 -2
right_child=4 2 -4 15 -6 6 -8 10 11 -11 -12 16 13 -15 -16 -17 17 -19 -20
leaf_value=2.4379275151367306e-05 -0.00048496027463229091 -0.00039981964749132162 0.0048715841491316888 -0.0016262402995442767 0.0083672785163231289 -0.00069514812012760516 0.0060022795971870456 -1.5479374518419826e-05 -6.8543947383934212e-05 -0.0033561112228425159 -0.0048773767158190985 -0.0032208462663744263 -0.0029389077366663826 0.0062142775150640503 -0.00092746424938179649 -0.0020770273467004214 0.00026171510060462737 -0.0017013609730506594 -0.0012979507102084838
leaf_weight=1672 8.0000000000000018 12.000000000000002 7.9999999999999991 15.000000000000002 9.9999999999999982 10.000000000000002 13.999999999999998 24 445 14.999999999999998 25 12.999999999999998 39 47 129 8.9999999999999982 13.000000000000002 7.9999999999999991 11.999999999999998
leaf_count=1672 8 12 8 15 10 10 14 24 445 15 25 13 39 47 129 9 13 8 12
internal_value=-0.000177086 0.000372533 0.01327 0.00020888 -0.0015454 0.000381834 0.0112649 0.000214647 -0.00182851 0.000453788 -0.00761376 -0.00145054 -0.00101585 0.0037942 -0.00175249 -0.0112649 -0.00920378 -0.00392306 -0.01327
internal_weight=2528 1804 20 1784 724 1760 24 1736 714 1687 49 694 660 86 574 24 34 21 20
internal_count=2528 1804 20 1784 724 1760 24 1736 714 1687 49 694 660 86 574 24 34 21 20
is_linear=0
shrinkage=0.0749534


Tree=174
num_leaves=20
num_cat=0
split_feature=4 9 17 4 11 5 13 13 13 5 11 17 18 9 9 3 4 14 8
split_gain=0.440506 0.467161 0.443925 0.425433 0.383472 0.358883 0.781679 1.02441 1.82278 0.568753 0.729981 1.25816 0.998362 0.537272 1.05047 0.801318 0.365609 0.330554 0.192477
threshold=2.5581730392551942 -1.0145173346674259 1.0000000180025095e-35 -1.2307761991462984 0.41452540149002631 -0.78252926293902603 1.7756914647713575 -0.32771554181407458 -0.34295494945043642 -0.56488356822093333 0.21492155102016219 1.4567572365165855 1.0000000180025095e-35 -0.88317126183255279 -0.78160386104205093 -0.81546589321531082 -0.31387894862066579 -0.738224098466287 -0.24096765862772554
decision_type=2 2 2 2 2 2 2 2 2 2 2 2 2 2 2 2 2 2 2
left_child=3 -2 18 4 -1 6 7 8 -5 10 12 -12 -7 15 -15 -11 -8 -9 -3
right_child=1 2 -4 5 -6 9 16 17 -10 13 11 -13 -14 14 -16 -17 -18 -19 -20
leaf_value=0.00042419379798800571 0.0020659150699555259 0.0013844410638070765 -0.0018180911072973938 -0.00013369910614933385 -9.2428876624671552e-05 -0.0019213470600049896 0.00014389767141733312 0.0013918149780572575 0.015794707643893242 -0.0031020595159848563 0.00046759384672004372 0.0058468846980195338 0.00015429326375823423 0.0019580796993368173 -2.7932453485819906e-05 -3.3131336824414197e-05 0.00053652752637044091 -0.002109661607852917 -0.0019802990648716029
leaf_weight=11.000000000000002 7.9999999999999991 10.000000000000002 10.000000000000002 240 8.9999999999999982 97 11.000000000000002 10.999999999999998 9.9999999999999982 67 132 25 65 83 1403 246 7.9999999999999991 74 7.9999999999999991
leaf_count=11 8 10 10 240 9 97 11 11 10 67 132 25 65 83 1403 246 8 74 8
internal_value=-0.000206706 0.00775119 0.00240692 -0.000329881 0.0099346 -0.000423419 -0.00262379 -0.00349335 -0.0010327 -5.22622e-05 0.00285116 0.00645254 -0.000673795 -0.000571199 2.40966e-05 -0.00338057 0.01127 -0.0104784 0.00907452
internal_weight=2528 36 28 2492 20 2472 354 335 250 2118 319 157 162 1799 1486 313 19 85 18
internal_count=2528 36 28 2492 20 2472 354 335 250 2118 319 157 162 1799 1486 313 19 85 18
is_linear=0
shrinkage=0.0749534


Tree=175
num_leaves=24
num_cat=0
split_feature=4 14 7 7 7 9 11 8 9 3 9 10 10 2 4 9 9 8 7 13 8 4 8
split_gain=0.682529 0.582755 0.535156 0.849175 0.568708 1.02162 0.679857 1.4849 1.08724 0.686945 0.506707 0.676235 0.55974 0.471628 0.854339 0.78604 1.62776 0.677134 0.662466 0.314671 0.21479 0.0442254 0.0120358
threshold=2.5581730392551942 -0.738224098466287 -0.95166227587642915 -0.92090767935135565 -1.1524214476373265 -0.99949782536233134 0.8137331024297545 0.10422162686919206 -0.092127578289322679 0.17749285472945922 -0.61195729094461826 0.53684770386680636 0.57561249971798845 -0.72541461495011539 2.0977339931117283 -0.21731760184833224 -0.32538660933141578 2.2556862886215261 -0.45446296538774017 0.47950426480585656 -0.55684774083431698 -0.85656840695894554 0.093353487690607015
decision_type=2 2 2 2 2 2 2 2 2 2 2 2 2 2 2 2 2 2 2 2 2 2 2
left_child=2 -2 4 -4 6 -6 7 8 -1 -9 11 -8 -12 15 18 16 -5 -17 -15 21 -3 -7 -16
right_child=1 20 3 13 5 19 10 9 -10 -11 12 -13 -14 14 22 17 -18 -19 -20 -21 -22 -23 -24
leaf_value=-9.9410464416525065e-05 0.0029494139991289078 -0.0051888012609674983 0.0023396502902901105 0.00020695373117228931 0.00069076183423638496 -0.0020022142779665859 0.00098780228770555369 -0.0058151473572650488 0.003618681984354805 0.0056498444364651481 -0.013393663603517543 -0.00033989892025896998 -5.1634795065412453e-05 0.00010187754106317881 -0.0096430755048273892 -0.00011724432187479265 0.0031328749987560842 0.00045505351589037113 -8.5767138091778864e-05 3.694733812643188e-05 0.00019421055695974623 -0.0031133543777423292 -0.0054152727362717879
leaf_weight=37 13.999999999999998 8 7.9999999999999991 215 8.9999999999999982 7.9999999999999991 13.000000000000002 34 36 10.999999999999998 37 15.999999999999998 26 375 16.000000000000004 349 17 11.999999999999998 1221 7.9999999999999991 14 36 7.9999999999999991
leaf_count=37 14 8 8 215 9 8 13 34 36 11 37 16 26 375 16 349 17 12 1221 8 14 36 8
internal_value=-0.000206706 0.00969945 -0.000359928 2.45586e-05 -0.00348864 -0.00971697 -0.00157988 0.00216421 0.00866855 -0.0082553 -0.0063301 0.00173505 -0.00999255 -7.5395e-05 -0.000738161 0.00172804 0.00510784 -0.000459555 -0.00051479 -0.0137304 0.00146564 -0.0160941 -0.0140963
internal_weight=2528 36 2492 2221 271 61 210 118 73 45 92 29 63 2213 1620 593 232 361 1596 52 22 44 24
internal_count=2528 36 2492 2221 271 61 210 118 73 45 92 29 63 2213 1620 593 232 361 1596 52 22 44 24
is_linear=0
shrinkage=0.0749534


Tree=176
num_leaves=16
num_cat=0
split_feature=7 4 7 7 7 13 18 2 7 12 8 8 8 8 1
split_gain=0.521039 0.474321 0.735046 0.514777 0.753661 0.903534 0.516212 0.8338 0.704508 0.450275 0.262023 0.251829 0.371666 0.449841 0.118661
threshold=4.667031650384919 -1.2018160218295064 1.5659431674400051 -1.0063371141432265 -1.1524214476373265 0.62735250926490538 1.0000000180025095e-35 -0.72541461495011539 -0.11787099230776914 1.3760688070906235 0.057381397683256403 -1.1073008537514022 -0.39578850609310351 1.6244915963691415 1.0000000180025095e-35
decision_type=2 2 2 2 2 2 2 2 2 2 2 2 2 2 2
left_child=1 9 3 4 5 -3 7 -5 -8 -1 -6 -4 14 -14 -13
right_child=-2 2 11 6 10 -7 8 -9 -10 -11 -12 12 13 -15 -16
leaf_value=0.00037676774381926998 0.0001626005224722152 1.12223290780641e-05 0.0002018874369065785 0.00034663574678342186 -0.0068149661817982141 -0.0052720710971249432 0.00019672450561503742 3.2977060013559057e-06 -0.00020594868139632049 -3.9404397361500309e-05 -0.00011565375671245901 -0.011674525554310247 -9.726773260438177e-05 -0.0042196686402972815 -0.0004903913193919188
leaf_weight=16.000000000000004 9.9999999999999982 185 8.9999999999999982 264 25 25 262 1032 562 9.9999999999999982 15.999999999999998 21 58 11.999999999999998 21
leaf_count=16 10 185 9 264 25 25 262 1032 562 10 16 21 58 12 21
internal_value=-0.000384428 -0.000460298 -0.000570263 -0.000275644 -0.0034682 -0.00157988 0.000105184 0.0010378 -0.00135841 0.00915731 -0.0124632 -0.0062092 -0.00718846 -0.00359763 -0.0126043
internal_weight=2528 2518 2492 2371 251 210 2120 1296 824 26 41 121 112 70 42
internal_count=2528 2518 2492 2371 251 210 2120 1296 824 26 41 121 112 70 42
is_linear=0
shrinkage=0.0749534


Tree=177
num_leaves=33
num_cat=0
split_feature=9 4 11 10 2 4 4 12 4 4 5 5 2 4 9 0 8 9 10 4 9 12 11 9 1 8 8 2 12 10 11 9
split_gain=0.433026 0.810575 1.02575 1.36746 1.4299 2.08372 1.23296 1.53087 1.18045 0.899651 1.13189 0.907181 0.998659 0.780393 1.1384 1.00219 0.682436 0.646188 0.549164 0.561603 0.542591 1.14632 0.969062 0.690883 0.510319 0.454265 0.416683 0.366334 0.342557 0.224297 0.144321 0.0130701
threshold=0.49197826545808798 -0.46255576051341812 -0.78309770132915812 0.36309302328875931 -1.1319024268494513 -0.5095043775246294 -0.99386250334032489 0.35096141226961375 -0.85656840695894554 -0.24553934827866983 -0.78252926293902603 -0.69782679310411766 1.1347703421626216 0.015748997670216903 1.7386313776258162 1.01557764731833 2.1912069242036796 1.616593237678726 3.2013904105651605 2.5581730392551942 0.42682659082374991 0.35096141226961375 -0.18428614991956593 0.35131760949051516 1.1241768659879796 -0.58342124121390626 -0.18728634455765958 0.47514342173534235 0.35096141226961375 -0.74313100330113258 1.8117523547790746 1.5943184536112136
decision_type=2 2 2 2 2 2 2 2 2 2 2 2 2 2 2 2 2 2 2 2 2 2 2 2 2 2 2 2 2 2 2 2
left_child=18 2 8 4 17 -6 30 -8 -2 11 28 12 -3 14 -12 -15 29 -4 19 20 23 22 -22 24 -1 -25 -21 -10 31 -13 -5 -11
right_child=1 9 3 6 5 -7 7 -9 27 10 13 16 -14 15 -16 -17 -18 -19 -20 26 21 -23 -24 25 -26 -27 -28 -29 -30 -31 -32 -33
leaf_value=2.1857995064768038e-05 0.018965496441163632 0.01702366282237926 0.00074938810096139856 -0.0008600760904136672 -0.0031377936582693169 0.0027440303601553384 4.7234381422729564e-06 0.0037908003837348494 0.0063105012979620852 -0.0039868272207052771 0.00027851340435353978 -0.0017986794494803293 -0.0031637546439322859 -0.00034978503350154754 0.009454284636617202 0.028185349264872501 0.00059947832167792092 -0.0031365643323514663 0.00034292298500586464 0.0024450228088668279 -0.0068878909002809833 0.0072109641083261174 0.0040629584287977805 0.0068661969160078865 -0.00084342676239653066 -0.00041221941717930468 -0.00010925540674406825 -0.00049263164993890228 -0.0010641753375459347 -0.0050678726300914896 -0.0057345256631411001 -0.0015332120971555477
leaf_weight=1623 17 8.0000000000000018 18.000000000000004 20.000000000000004 86 10.999999999999998 53 39 13.000000000000002 27 54 11.999999999999998 10.999999999999998 215 11.999999999999998 13.999999999999998 8.9999999999999982 7.9999999999999991 14.999999999999998 15.000000000000002 15.999999999999998 11.999999999999998 22 7.9999999999999991 32 49 11.999999999999998 9.9999999999999982 12.999999999999998 56 8.9999999999999982 8.9999999999999982
leaf_count=1623 17 8 18 20 86 11 53 39 13 27 54 12 11 215 12 14 9 8 15 15 16 12 22 8 32 49 12 10 13 56 9 9
internal_value=0 -0.0015454 0.00156424 -0.000297575 -0.00581154 -0.00996786 0.00529863 0.00950367 0.0123155 -0.0035537 -0.00172602 -0.00987879 0.00428847 5.7581e-05 0.00709176 -0.00201687 -0.0134195 0.00915731 0.000621483 0.00049071 0.000317682 0.00782577 0.000886219 8.64973e-05 0.000372106 -0.00784989 0.010754 0.000672453 -0.0119824 -0.015931 -0.00768902 -0.0155442
internal_weight=2528 724 284 244 123 97 121 92 40 440 344 96 19 295 66 229 77 26 1804 1789 1762 50 38 1712 1655 57 27 23 49 68 29 36
internal_count=2528 724 284 244 123 97 121 92 40 440 344 96 19 295 66 229 77 26 1804 1789 1762 50 38 1712 1655 57 27 23 49 68 29 36
is_linear=0
shrinkage=0.0749534


Tree=178
num_leaves=27
num_cat=0
split_feature=4 1 6 7 11 8 8 0 5 5 6 0 15 8 7 16 12 12 6 12 16 16 12 6 4 5
split_gain=0.936314 0.486254 0.95365 0.827606 1.47746 0.95718 0.955259 0.812379 1.59683 1.06887 0.866203 0.712528 0.656279 0.988764 0.728422 0.473838 0.601542 0.441874 0.555901 0.474748 0.65663 0.494683 0.431388 0.389704 0.0968711 0.0234513
threshold=-1.2018160218295064 1.0000000180025095e-35 -1.1648354292265501 -0.85683560325745134 0.61412925195989043 -0.21650749852524739 0.74137515444582525 -1.1446077060016007 -0.14620478637704717 1.0904228718946121 0.081547354606819361 1.0000000180025095e-35 1.0000000180025095e-35 -0.88997497836288608 0.34344795556833269 2.9360345032166522 0.35096141226961375 2.4011762019116332 0.36198348096932759 -0.67414598255139557 1.6165153522599058 2.9360345032166522 1.3760688070906235 0.20618563299015633 2.381823035098821 1.502949239920931
decision_type=2 2 2 2 2 2 2 2 2 2 2 2 2 2 2 2 2 2 2 2 2 2 2 2 2 2
left_child=22 2 24 4 5 11 -7 8 10 -10 -4 -3 13 -9 -14 16 -6 19 23 20 -5 -21 -1 -19 25 -2
right_child=1 3 7 17 15 6 -8 12 9 -11 -12 -13 14 -15 -16 -17 -18 18 -20 21 -22 -23 -24 -25 -26 -27
leaf_value=0.00030599123664122401 -0.011314124916289945 0.0023395782293991647 0.00099762878191500906 6.0266423181036751e-05 0.00028701706414510392 -0.00092039876329772017 0.0020900957592237097 0.0002934252597834918 0.010870847877042376 -7.1444314505553534e-05 -0.002009651528545132 0.0017904989287353395 -0.0023257920772141627 -0.00010344221136515214 5.2735020111054954e-05 -0.0035928913431575987 -0.0040702063544007889 0.0038694317119708044 0.00051686497855219762 -6.3028782737318517e-05 0.0066190070498443315 -0.00085925483473752091 0.00012589805378616597 -0.0028237973932036921 -0.0019105092491436891 -0.00057780764865161122
leaf_weight=16.000000000000004 21.000000000000004 11.999999999999998 15.999999999999998 508 73 15.999999999999998 15.999999999999998 54 19.000000000000004 8.9999999999999982 41 21 305 194 146 8.9999999999999982 19 19.000000000000004 9.9999999999999982 931 10.999999999999998 18 13.999999999999998 9.9999999999999982 11.999999999999998 7.9999999999999991
leaf_count=16 21 12 16 508 73 16 16 54 19 9 41 21 305 194 146 9 19 19 10 931 11 18 14 10 12 8
internal_value=0 -0.000164223 -0.00165116 0.000569419 0.00555171 0.0141399 0.00430196 -0.00104629 0.00576557 0.0196251 -0.00154833 0.0226697 -0.00189432 0.00119057 -0.00359146 -0.00016554 0.00156975 1.13475e-05 0.00764232 -0.000202795 0.00161392 -0.00119965 0.0126458 0.00173505 -0.0124632 -0.0148338
internal_weight=2528 2498 825 1673 166 65 32 784 85 28 57 33 699 248 451 101 92 1507 39 1468 519 949 30 29 41 29
internal_count=2528 2498 825 1673 166 65 32 784 85 28 57 33 699 248 451 101 92 1507 39 1468 519 949 30 29 41 29
is_linear=0
shrinkage=0.0749534


Tree=179
num_leaves=22
num_cat=0
split_feature=4 5 0 10 7 4 4 1 13 13 5 16 12 16 10 6 10 10 5 12 4
split_gain=0.636537 0.599975 0.431405 1.06901 1.59743 0.759631 0.668936 0.533096 0.77617 0.817428 0.422591 0.410535 0.786067 0.574362 0.284134 0.901708 0.276983 0.394828 0.18287 0.13489 0.0540513
threshold=-1.2018160218295064 -0.65606319934467983 -1.1446077060016007 0.032867276184080162 -0.24003508406014382 -0.33854294999967194 -0.22722272278019931 -1.4759321159128549 -0.24938665441460475 0.19680195312431867 -1.2318539610636194 2.9360345032166522 -0.67414598255139557 1.6165153522599058 -0.49361366080074071 -0.75976102448070504 0.65072405188182347 0.42198839199912297 -0.43342961991082624 0.86351510968011858 0.68885405227886709
decision_type=2 2 2 2 2 2 2 2 2 2 2 2 2 2 2 2 2 2 2 2 2
left_child=1 -1 3 4 5 -2 16 8 14 -10 -9 13 -13 -12 15 -4 17 -5 -3 -16 -6
right_child=2 18 7 6 20 -7 -8 10 9 -11 11 12 -14 -15 19 -17 -18 -19 -20 -21 -22
leaf_value=0.00098235125553047613 0.0011036343147622625 -0.0032976808989268634 -0.01771665509550489 -0.0040269284132143429 -0.0013470585083135329 0.00079573007710168129 0.011996384180983196 -9.8477332366278853e-05 0.00055519333176502414 -0.0052904158326202823 -3.3970927097472395e-06 0.0056144238009174056 -0.00054728165143462309 0.00055110501991897855 -0.0028541937233830103 0.007931781067477375 -0.0017007710600167607 0.00045727988419780514 9.1972267180433329e-05 -0.0017314669866504327 -0.0076928499439185612
leaf_weight=14.000000000000002 15.000000000000002 7.9999999999999991 11.000000000000002 11.000000000000002 9.0000000000000018 11.999999999999998 7.9999999999999991 8.9999999999999982 8.0000000000000018 12.999999999999998 2229 8.9999999999999982 42 37 27 7.9999999999999991 19 9.9999999999999982 7.9999999999999991 12.999999999999998 7.9999999999999991
leaf_count=14 15 8 11 11 9 12 8 9 8 13 2229 9 42 37 27 8 19 10 8 13 8
internal_value=-8.82249e-05 0.0103375 -0.000224174 0.00474332 0.0128683 0.02347 -0.00293821 -0.000419462 -0.00634232 0.00551971 -0.000208543 -0.000136644 -0.00662812 1.58111e-05 -0.0106428 -0.0025431 -0.00702119 -0.000729751 0 -0.0140803 -0.00472894
internal_weight=2528 30 2498 92 44 27 48 2406 80 21 2326 2317 51 2266 59 19 40 21 16 40 17
internal_count=2528 30 2498 92 44 27 48 2406 80 21 2326 2317 51 2266 59 19 40 21 16 40 17
is_linear=0
shrinkage=0.0749534


Tree=180
num_leaves=16
num_cat=0
split_feature=4 2 7 8 7 18 4 5 4 7 4 18 8 5 8
split_gain=0.720264 0.413867 0.419431 1.22177 0.692254 0.625828 1.0433 0.832053 0.625303 0.61191 0.504317 0.602643 0.438629 0.267403 0.208963
threshold=-1.2307761991462984 2.7450866599101871 1.5659431674400051 -0.95171915455317924 0.63049085646902003 1.0000000180025095e-35 0.023099342272981303 -0.52604882448403345 -0.73896672974364552 0.61340496951064438 2.381823035098821 1.0000000180025095e-35 -1.4576733354553082 -0.28206087857312745 0.31747747889183842
decision_type=2 2 2 2 2 2 2 2 2 2 2 2 2 2 2
left_child=14 2 4 8 9 7 -7 -6 -4 12 11 -5 -2 -11 -1
right_child=1 -3 3 10 5 6 -8 -9 -10 13 -12 -13 -14 -15 -16
leaf_value=0.00046649209140846358 0.0012660931636957191 -0.0012600134908414466 0.00064502409400447078 -0.0015849502760004273 0.0054766707896898902 -0.00060678622795394316 0.00064830439297700537 0.00032260171225686427 -0.00012017999750762194 -0.0010806815609696329 0.0023836338538915265 -0.00019816071042098201 -1.2176673111325624e-05 -0.008146151775038744 0.00023987993353301971
leaf_weight=12.000000000000002 23 14.999999999999998 9.0000000000000018 55 25 95 70 151 8.9999999999999982 8.0000000000000018 10.999999999999998 46 1974 17 7.9999999999999991
leaf_count=12 23 15 9 55 25 95 70 151 9 8 11 46 1974 17 8
internal_value=-8.82249e-05 -0.000208353 -0.000127007 -0.00423139 0.000102301 0.0032141 -0.000102278 0.00629057 0.0127358 -0.000424977 -0.00718846 -0.00885814 -0.000270973 -0.0115369 0.01327
internal_weight=2528 2508 2493 130 2363 341 165 176 18 2022 112 101 1997 25 20
internal_count=2528 2508 2493 130 2363 341 165 176 18 2022 112 101 1997 25 20
is_linear=0
shrinkage=0.0749534


Tree=181
num_leaves=23
num_cat=0
split_feature=5 14 15 8 12 13 9 1 5 5 9 9 7 5 5 7 15 16 2 2 3 3
split_gain=0.425426 1.4005 1.66673 1.2587 0.998679 0.663092 0.659985 0.8414 0.557149 0.500089 0.499388 0.597947 0.406582 0.93855 0.805657 0.679722 0.729644 0.413053 0.321878 0.304361 0.301908 0.272582
threshold=-1.0186951952877981 1.0000000180025095e-35 0.88625919121491659 0.71798203105530412 1.0000000180025095e-35 -0.32771554181407458 -0.21731760184833224 1.0000000180025095e-35 -0.91167233754235621 -0.90139860051389065 -0.68671949933292209 1.4839219002231452 0.35199089904751929 -0.7183463406599836 -0.69782679310411766 -0.16314859274746082 0.88625919121491659 1.0000000180025095e-35 0.55508618525407305 0.55508618525407305 1.3395629265272961 0.06138100568249566
decision_type=2 2 2 2 2 2 2 2 2 2 2 2 2 2 2 2 2 2 2 2 2 2
left_child=1 2 4 5 6 -3 7 -1 10 -10 -2 19 15 21 -15 16 -11 -17 -8 -12 -21 -14
right_child=8 3 -4 -5 -6 -7 18 -9 9 12 11 -13 13 14 -16 17 -18 -19 -20 20 -22 -23
leaf_value=0.00015622184916542421 0.0043019974495488462 0.00065946521002493638 0.00059292429920071888 0.0019364367160237038 -0.0014255833046537547 -0.0018043334229085753 -0.0043459420840409758 -4.947059099555724e-05 0.0046012259721042127 8.2870837789987908e-05 -0.0065393876233594064 0.00074188253257314934 -0.0027174283025821738 0.0021003714619236874 4.6931595433339477e-05 -0.00020237323817991231 -0.00020351386957957374 0.00010985408923430999 4.9433634576892612e-05 0.00039320842497452219 -0.008471299710956004 -0.00040682160654127795
leaf_weight=9.0000000000000018 14.999999999999998 14.999999999999998 10.999999999999998 12.999999999999998 24 10.000000000000002 12.000000000000002 21 9.9999999999999982 814 30 11.999999999999998 24 9.9999999999999982 669 548 178 46 15.999999999999998 9.0000000000000018 13.999999999999998 18
leaf_count=9 15 15 11 13 24 10 12 21 10 814 30 12 24 10 669 548 178 46 16 9 14 18
internal_value=-5.86046e-05 0.0040593 -0.000964493 0.0157021 -0.00486118 0.00471603 0.000593119 0.00802929 -0.000288276 -7.20145e-05 -0.00634232 -0.00914091 -0.000153463 0.00131871 0.00200491 -0.000824739 0.000375232 -0.00282468 -0.00732641 -0.0124695 -0.00508632 -0.00923354
internal_weight=2528 131 93 38 82 25 58 30 2397 2317 80 65 2307 721 679 1586 992 594 28 53 23 42
internal_count=2528 131 93 38 82 25 58 30 2397 2317 80 65 2307 721 679 1586 992 594 28 53 23 42
is_linear=0
shrinkage=0.0749534


Tree=182
num_leaves=20
num_cat=0
split_feature=5 9 8 10 5 7 6 11 2 4 4 9 3 2 6 9 8 11 5
split_gain=0.579712 0.938289 0.414173 0.409429 0.790392 0.393056 0.561041 0.997331 0.388775 0.746185 1.21138 1.04137 0.595239 0.602281 0.520164 0.207012 0.181099 0.123314 0.0408742
threshold=-1.131089730525578 -0.10251555320101029 -0.57198181406425364 3.2013904105651605 1.1768908611797355 -2.3911482521194523 1.1098131512693497 1.0000000180025095e-35 0.30202974838214497 -0.49781881437823955 -0.45666477035085801 1.2032554303344021 0.97096735872971396 0.23248349227561843 -0.16772920215985451 -0.73444524914034204 -0.21650749852524739 0.41452540149002631 -0.28206087857312745
decision_type=2 2 2 2 2 2 2 2 2 2 2 2 2 2 2 2 2 2 2
left_child=1 2 -1 5 -5 6 15 -8 12 11 -11 -10 13 -7 -14 -2 -3 -9 -17
right_child=3 16 -4 4 -6 8 7 17 9 10 -12 -13 14 -15 -16 18 -18 -19 -20
leaf_value=9.984133565990419e-05 0.0004223156879417861 3.0420609274385328e-05 0.00027340070830614185 0.00076052885284217395 -0.012329188783049215 1.8776549340031927e-05 0.0076294016300347605 -0.018242341723048699 -0.00046040988885914726 0.0034476437074295293 -5.7358468535998555e-05 0.00174292287029232 0.0077105851494661754 0.00031183157863567262 -0.0016913711105220881 -0.033646073180062644 -0.00040732038055600004 -0.0076915180413653066 -0.011956832483455646
leaf_weight=12.000000000000002 7.9999999999999991 9.0000000000000018 13.999999999999998 12.000000000000002 7.9999999999999991 1413 11.000000000000002 8.0000000000000018 219 40 589 38 7.9999999999999991 51 30 15.999999999999998 14.999999999999998 8.9999999999999982 18
leaf_count=12 8 9 14 12 8 1413 11 8 219 40 589 38 8 51 30 16 15 9 18
internal_value=2.89842e-05 0.00782577 0.0170549 -0.000135329 0.0099346 -0.000227818 -0.0056661 0.00240692 -6.20368e-05 -0.0013058 8.64733e-05 -0.00468792 0.000671506 0.000918907 -0.00829414 -0.0109189 -0.00277061 -0.00857823 -0.013314
internal_weight=2528 50 26 2478 20 2458 70 28 2388 886 629 257 1502 1464 38 42 24 17 34
internal_count=2528 50 26 2478 20 2458 70 28 2388 886 629 257 1502 1464 38 42 24 17 34
is_linear=0
shrinkage=0.0749534


Tree=183
num_leaves=33
num_cat=0
split_feature=9 8 3 8 11 6 5 8 5 8 8 5 8 15 17 10 8 2 8 12 15 7 1 3 8 9 6 2 10 12 7 9
split_gain=0.441374 0.725441 0.743666 0.671852 1.41885 1.05498 0.855484 1.08878 1.04372 0.928365 0.832961 0.685194 1.88003 1.17623 1.1209 0.813968 0.854071 0.488971 0.833071 0.809961 0.656889 0.994622 0.680827 0.466906 0.462239 0.518985 0.399776 0.336712 0.302161 0.270047 0.267403 0.00335068
threshold=0.54972844088315587 2.2556862886215261 2.0302927289709722 2.1581858124231945 1.0000000180025095e-35 -0.63512274609736818 0.19901798736405313 -0.39578850609310351 0.25591084245280743 0.44319158270011921 2.5849613403688934 -0.53296235992253049 -0.55684774083431698 1.0000000180025095e-35 1.0000000180025095e-35 -1.3668981605446786 1.6668750589913373 -1.2356273598074463 1.2357189132761148 1.3760688070906235 0.88625919121491659 -0.064904742736808838 1.1241768659879796 -0.76410408701705401 0.15968502983546276 -0.11003921845926969 -0.44816532852236268 1.8583154931787613 -1.3058401568272686 -0.67414598255139557 -0.064904742736808838 1.1129823073903073
decision_type=2 2 2 2 2 2 2 2 2 2 2 2 2 2 2 2 2 2 2 2 2 2 2 2 2 2 2 2 2 2 2 2
left_child=1 2 17 6 5 -5 11 23 -9 -10 -6 12 13 -2 -14 -13 -17 18 19 -1 22 -22 -19 -8 25 29 -20 -27 -25 -4 -3 -7
right_child=3 30 24 4 10 31 7 8 9 -11 -12 15 14 -15 -16 16 -18 20 26 -21 21 -23 -24 28 -26 27 -28 -29 -30 -31 -32 -33
leaf_value=0.00035132935842501796 0.0045132099531566853 -0.0022212935424586323 0.00022915712879447003 0.00057494367187200179 0.0087242501342209133 -0.00061252425820804807 0.00031196626980390155 0.0058417785269287616 0.00059358757362435659 -7.4375986811802173e-05 -6.4307256409958661e-05 0.0041146124930408904 -0.0013938984214110104 0.00062928903116941015 0.00018061686099993135 -0.00085213043387575725 0.0030935618045976926 7.7584900800536629e-05 -6.0728429856095826e-05 0.00065285804898722647 -0.00061478432778474558 0.00060370964919744658 -0.00087359751316071882 0.0072282238220601662 -0.0046752893085110171 -0.0024617732257111234 -0.013740929593898388 0.0049151052510118427 -0.0039525776739237992 -0.0001781768862883445 -0.0016166917070140768 -0.0063736757823715353
leaf_weight=132 13.999999999999998 8.0000000000000018 14.999999999999998 13.999999999999998 14.000000000000002 8.0000000000000018 12.999999999999998 7.9999999999999991 59 58 7.9999999999999991 7.9999999999999991 107 21 67 228 24 1278 10.000000000000002 30 150 84 28 8.0000000000000018 17 10.000000000000002 12.999999999999998 9.9999999999999982 22 32 17 12.999999999999998
leaf_count=132 14 8 15 14 14 8 13 8 59 58 8 8 107 21 67 228 24 1278 10 30 150 84 28 8 17 10 13 10 22 32 17 13
internal_value=-5.86046e-05 0.00055011 0.000733554 -0.00166578 0.00595942 -0.00345748 -0.00237101 0.00218897 0.00572036 0.00359392 0.0198425 -0.00401077 -0.000789871 0.0144589 -0.00402584 -0.00656191 -0.00735729 0.00107295 0.0046892 0.00659817 0.000630666 -0.00300436 0.00128764 -0.00779422 -0.00604894 -0.00294381 -0.00802889 0.00659919 -0.0126458 -0.00716403 -0.0115369 -0.013503
internal_weight=2528 1834 1809 694 57 35 637 168 125 117 22 469 209 35 174 260 252 1725 185 162 1540 234 1306 43 84 67 23 20 30 47 25 21
internal_count=2528 1834 1809 694 57 35 637 168 125 117 22 469 209 35 174 260 252 1725 185 162 1540 234 1306 43 84 67 23 20 30 47 25 21
is_linear=0
shrinkage=0.0749534


Tree=184
num_leaves=29
num_cat=0
split_feature=5 15 14 3 13 9 9 3 9 8 8 3 3 8 2 14 3 8 3 3 13 3 11 17 10 10 3 7
split_gain=0.570422 1.13224 0.820778 1.16905 0.725209 0.497627 0.663092 0.482789 0.475783 0.950505 0.881395 0.702038 1.20495 1.13445 0.708519 0.814612 1.52892 0.721772 1.42621 0.657521 0.638713 0.617621 0.52053 1.13684 0.492542 0.467141 0.562109 0.00931662
threshold=-1.0186951952877981 0.88625919121491659 1.0000000180025095e-35 -0.84741864362548391 -0.20762233683858486 -0.57694469210617527 0.18900519848999808 0.35392370833355769 0.19761867316279139 2.2556862886215261 1.9085023646409709 0.69599462098901521 0.95991372596949509 -0.81175185354921742 0.34367770623121402 -0.738224098466287 -0.96555905361503302 0.39754302254345858 0.17011710015412504 -0.68306452850965205 1.15413037834674 1.2762404773613329 1.0000000180025095e-35 1.0000000180025095e-35 0.17282781412454593 3.3501031349560941 0.69599462098901521 0.078616707713533462
decision_type=2 2 2 2 2 2 2 2 2 2 2 2 2 2 2 2 2 2 2 2 2 2 2 2 2 2 2 2
left_child=1 2 3 -1 7 -4 -7 -5 9 10 25 14 22 -14 15 16 -10 19 -19 -16 -17 -15 -13 -24 -12 26 -2 -11
right_child=8 -3 5 4 -6 6 -8 -9 11 27 24 12 13 21 17 20 -18 18 -20 -21 -22 -23 23 -25 -26 -27 -28 -29
leaf_value=0.00011100404653972551 2.7355517566424412e-05 0.0014421634265002793 0.00034287426109058704 -0.0017227170333875517 8.4649330441911771e-05 -0.00074715494760857742 0.0010625164441433964 -0.00081274759723238069 0.002596477537915668 -0.0021448045589967115 -0.0039456982000223599 -0.0061963470969044216 0.0049303730845942041 -0.0010089031395152913 -0.00093523523900860802 -9.8004743157489152e-05 -4.862887847487628e-05 -0.00078452042899895542 0.00095780416103868839 -0.0029129291941313324 -0.0019133461957963225 9.3538634203915734e-06 0.00043105878114541436 0.012252047300276878 0.0033239146647484809 0.00076478776749569369 -0.00012063338450602208 -0.0018841405216534865
leaf_weight=13.999999999999998 1103 14.999999999999998 8.9999999999999982 26 12.999999999999998 10.000000000000002 14.999999999999998 29 38 8.0000000000000018 8.0000000000000018 8.9999999999999982 9.9999999999999982 39 34 410 108 34 30 54 51 97 20.000000000000004 8.9999999999999982 12.999999999999998 9.9999999999999982 297 14.999999999999998
leaf_count=14 1103 15 9 26 13 10 15 29 38 8 8 9 10 39 34 410 108 34 30 54 51 97 20 9 13 10 297 15
internal_value=-0.000147466 0.00462086 0.00188442 -0.00219924 -0.0063587 0.0112589 0.00471603 -0.0100793 -0.000413226 0.000436324 0.000691693 -0.00172255 0.0024031 -0.000746407 -0.00272938 -0.00156537 0.00327057 -0.00726793 -0.00110338 -0.0115808 -0.00310967 -0.00269482 0.0138501 0.0184062 0.0150996 0.000449916 0.000319515 -0.013914
internal_weight=2528 131 116 82 68 34 25 55 2397 1454 1431 943 184 146 759 607 146 152 64 88 461 136 38 29 21 1410 1400 23
internal_count=2528 131 116 82 68 34 25 55 2397 1454 1431 943 184 146 759 607 146 152 64 88 461 136 38 29 21 1410 1400 23
is_linear=0
shrinkage=0.0749534


Tree=185
num_leaves=25
num_cat=0
split_feature=5 4 13 6 14 3 13 9 9 5 11 9 5 5 5 3 5 13 11 4 11 3 9 5
split_gain=0.673572 1.82959 0.821968 0.80877 1.02102 0.878994 0.673487 0.509098 1.03813 0.735856 0.659384 0.657672 0.702525 0.629065 2.22458 0.826272 0.751215 1.6056 0.779048 0.594445 0.510174 0.274475 0.259375 0.00807378
threshold=-1.0186951952877981 0.57999657307469099 1.7756914647713575 1.4837279864193607 1.0000000180025095e-35 0.56531235991502482 5.1440996558694012 0.31636816310790566 0.37826510598679258 -0.84321835605418116 -0.18428614991956593 0.34603841260129015 -0.40585389196061433 -0.22133183000763718 -0.24459592825001847 0.69599462098901521 -0.045832712166879591 2.2386096444783958 0.21492155102016219 -0.33285326911153817 -0.38389000038943 1.1196352115001185 -0.1735022416300139 -1.0840011467426518
decision_type=2 2 2 2 2 2 2 2 2 2 2 2 2 2 2 2 2 2 2 2 2 2 2 2
left_child=1 2 3 4 22 -6 7 13 11 19 -11 12 -9 14 15 -2 17 -15 -18 -10 -16 -5 -1 -3
right_child=6 23 -4 21 5 -7 -8 8 9 10 -12 -13 -14 16 20 -17 18 -19 -20 -21 -22 -23 -24 -25
leaf_value=-0.0022094346341367255 0.00011696030418979441 0.00010746756585181611 0.00013018809216541126 -0.00013049811080490689 0.0042999697213653336 -4.8884033047619384e-05 0.0027133663023144604 0.00067105058081069757 3.4379322252758546e-05 -0.00039932882977775997 8.2616491622581508e-05 -0.0051836214164396434 -0.0052231562282771104 -0.0019778491366816528 0.0022601825316856672 -0.00022038797473279223 7.8706104421294001e-05 0.0035558823132897117 -0.00013737984100521851 -0.010605193665926943 0.0023681010123246327 0.00034386710920391493 -0.0038702998406954432 0.004135819730871391
leaf_weight=26 544 10.000000000000002 7.9999999999999991 10.000000000000002 11.999999999999998 20 8.9999999999999982 8.0000000000000018 24 339 365 35 19 174 10.000000000000002 199 456 9.9999999999999982 161 33 10.999999999999998 7.9999999999999991 28 8.9999999999999982
leaf_count=26 544 10 8 10 12 20 9 8 24 339 365 35 19 174 10 199 456 10 161 33 11 8 28 9
internal_value=0 0.00518243 0.00129549 -0.000688855 -0.0037942 0.00647628 -0.000288276 -0.000375587 -0.00188216 -0.00110235 -0.000422103 -0.0110195 -0.00185279 0.000417381 0.0019537 0.00122952 -0.00104747 -0.00521679 0.000209144 -0.00911021 0.0246796 0.0127358 -0.00992599 0.0252329
internal_weight=2528 131 112 104 86 32 2397 2388 823 761 704 62 27 1565 764 743 801 184 617 57 21 18 54 19
internal_count=2528 131 112 104 86 32 2397 2388 823 761 704 62 27 1565 764 743 801 184 617 57 21 18 54 19
is_linear=0
shrinkage=0.0749534


Tree=186
num_leaves=33
num_cat=0
split_feature=18 4 4 0 17 15 4 3 9 10 9 9 7 7 1 9 3 9 9 12 6 3 14 3 3 7 9 10 9 16 9 6
split_gain=0.511973 0.727277 0.627514 0.86206 0.743038 0.726689 0.7223 0.788692 0.671573 0.626334 0.607923 0.843527 0.520177 0.971927 0.673821 1.2041 0.842151 0.649179 0.578769 0.573474 0.544457 1.61471 0.634904 0.516085 0.38937 0.296055 0.296055 0.20557 0.609197 0.297069 0.123514 0.0395994
threshold=1.0000000180025095e-35 -0.97754370077736419 -0.82932749882957124 1.0000000180025095e-35 1.0000000180025095e-35 -1.0000000180025095e-35 -0.77246117380937995 2.0302927289709722 1.665484894767759 2.943898548326751 -0.3451051338425255 0.29363299903492251 1.5864462317900536 0.34344795556833269 1.0000000180025095e-35 0.23047649001785228 0.21094268755358583 -0.21731760184833224 -0.83448314250752975 0.86351510968011858 2.0446002391443772 1.4820341044484824 1.0000000180025095e-35 -0.94834778949099763 0.63764201141440691 -0.10078510534939593 1.2218680877244652 0.77502130564044591 -0.4420685702578554 1.6165153522599058 0.4749076480739971 0.11270692420265362
decision_type=2 2 2 2 2 2 2 2 2 2 2 2 2 2 2 2 2 2 2 2 2 2 2 2 2 2 2 2 2 2 2 2
left_child=9 23 3 10 -5 -6 25 8 -8 12 -3 -12 13 20 16 -16 -15 18 -14 -19 22 -22 -1 31 -11 -4 -9 29 -29 -25 -21 -2
right_child=1 2 6 4 5 -7 7 26 -10 24 11 -13 17 14 15 -17 -18 19 -20 30 21 -23 -24 27 -26 -27 -28 28 -30 -31 -32 -33
leaf_value=-0.00016608491987863923 0.0042581314632850519 0.0064781432641372889 -0.0020648115798226137 -0.00089239620456182088 -0.00033520420040555367 7.5486959237568312e-05 2.7856808161638896e-06 -0.00027633042076057876 -0.0011644073828823852 -2.1378549532480133e-05 -0.00013048306697667993 0.0017494820247497885 -7.329198793579662e-05 0.00026737670083710259 0.00013629130314112809 0.00092560463685002455 -0.001337773555530793 -0.0037798333291435473 0.0005221807667649043 -0.0074308621340089991 0.019482433052398211 -0.00011342173248844811 0.00020161878312400394 -0.0094527739519828409 0.00089443520867647233 -0.0052984912025309753 0.00065794029505857879 0.00023716244941364499 -0.00029703910292267513 -0.0033793187788702362 9.6468755394208223e-06 -4.6423416120490353e-05
leaf_weight=795 7.9999999999999991 9.9999999999999982 8.0000000000000018 18 7.9999999999999991 7.9999999999999991 658 21.000000000000004 42 8.0000000000000018 17 14.999999999999998 10.000000000000002 91 146 62 25 27 15.999999999999998 8.0000000000000018 12.999999999999998 55 323 39 11.999999999999998 21 7.9999999999999991 10.000000000000002 17 7.9999999999999991 12.999999999999998 7.9999999999999991
leaf_count=795 8 10 8 18 8 8 658 21 42 8 17 15 10 91 146 62 25 27 16 8 13 55 323 39 12 21 8 10 17 8 13 8
internal_value=2.89842e-05 -0.0013736 -0.000670125 0.00571045 -0.00303851 0.0080282 -0.00132847 -0.000843171 -0.000317807 0.000838827 0.0126043 0.00647628 0.00066042 0.000965295 0.00458679 0.00711476 0 -0.00536973 0.00389226 -0.0103634 -3.01792e-05 0.0063587 -0.000433378 -0.00768284 0.01327 -0.0124522 -0.0124522 -0.0102704 -0.00439599 -0.0132243 -0.000729751 0.00397053
internal_weight=2528 924 834 76 34 16 758 729 700 1604 42 32 1584 1510 324 208 116 74 26 48 1186 68 1118 90 20 29 29 74 27 47 21 16
internal_count=2528 924 834 76 34 16 758 729 700 1604 42 32 1584 1510 324 208 116 74 26 48 1186 68 1118 90 20 29 29 74 27 47 21 16
is_linear=0
shrinkage=0.0749534


Tree=187
num_leaves=23
num_cat=0
split_feature=5 4 10 5 0 9 9 9 4 10 5 4 9 4 5 3 5 5 6 9 8 5
split_gain=0.549955 1.10559 0.749509 0.539182 0.495008 0.381998 1.54888 1.4713 1.61971 1.96976 0.959982 0.89638 1.11893 0.950255 0.807436 0.698668 0.558099 0.502275 0.39485 0.27123 0.35055 0.181877
threshold=-1.0840011467426518 -0.39907874816174432 0.21171830794581822 -1.1559697047462236 4.2558556772982268 0.85774982676031819 1.0703209923880617 0.75511034059598547 1.250584699788504 -0.27476719565832469 -0.51410028920055839 -0.49015429308371805 1.3167932581544126 -0.51393390930867633 2.045520637313333 2.1981503527398707 -0.73626492055430026 -0.5752718238428508 4.4438870980236151 -0.26461032216946762 0.026845651141097153 -1.131089730525578
decision_type=2 2 2 2 2 2 2 2 2 2 2 2 2 2 2 2 2 2 2 2 2 2
left_child=1 2 21 -3 5 7 10 15 9 -9 17 13 -13 -8 -12 16 -2 -7 -17 -4 -21 -1
right_child=4 3 19 -5 -6 6 11 8 -10 -11 14 12 -14 -15 -16 18 -18 -19 -20 20 -22 -23
leaf_value=0.00029142160600397794 -0.00025613904931193318 5.5566313564114631e-05 -0.00090668223709390453 0.00046576274439428313 0.00028785081670942202 -0.0001672278070981208 0.00010021879401839042 0.019290517072104902 -0.0092854358354623901 0.00011980736108427771 -0.0054190619569389926 0.00048111158478907193 -0.00065948625018075191 0.0018316157715005848 6.1173728960723183e-05 -0.00094745354833286068 2.4428119001101417e-05 0.0040685372628024028 0.00055051354006052753 8.6198085334622185e-05 -0.0049153613896169854 8.1693024268805043e-05
leaf_weight=9.0000000000000018 242 12.000000000000002 17 12.999999999999998 12.999999999999998 28 147 13.999999999999998 8.9999999999999982 35 61 61 162 10.999999999999998 8.9999999999999982 44 1594 7.9999999999999991 8.9999999999999982 10.000000000000002 9.9999999999999982 9.9999999999999982
leaf_count=9 242 12 17 13 13 28 147 14 9 35 61 61 162 11 9 44 1594 8 9 10 10 10
internal_value=5.86046e-05 0.00604185 0 0.0183578 -0.000144692 -0.000230063 -0.00210226 0.000239475 0.0117484 0.017079 -0.0100046 0.000142397 -0.00290161 0.00442724 -0.0149743 -0.000127937 0.000121433 0 -0.00841594 -0.00613064 0 0.01127
internal_weight=2528 81 56 25 2447 2434 487 1947 58 49 106 381 223 158 70 1889 1836 36 53 37 20 19
internal_count=2528 81 56 25 2447 2434 487 1947 58 49 106 381 223 158 70 1889 1836 36 53 37 20 19
is_linear=0
shrinkage=0.0749534


Tree=188
num_leaves=22
num_cat=0
split_feature=5 10 7 0 7 5 0 9 3 0 5 5 5 13 9 5 4 9 7 11 7
split_gain=0.71499 1.02371 0.592248 0.739576 0.829063 0.783243 0.492732 0.439043 0.418719 1.47112 0.878257 1.31255 1.12842 0.806869 0.779994 0.717828 1.30326 0.720731 0.680224 0.905411 0.78631
threshold=-1.0840011467426518 0.68756701453198643 0.078616707713533462 1.0000000180025095e-35 -0.18023447970583525 -1.1559697047462236 4.2558556772982268 -0.26461032216946762 -0.81546589321531082 1.0000000180025095e-35 -0.044035690055023689 -0.85458774881966082 0.095100269466921766 4.3864087763499127 0.82872496352003377 -0.37765452972918323 -0.073218501286353585 -1.0534010495098707 1.2370398434913026 0.21492155102016219 1.1259815782618696
decision_type=2 2 2 2 2 2 2 2 2 2 2 2 2 2 2 2 2 2 2 2 2
left_child=1 2 3 4 5 -1 8 -3 9 10 11 -2 -12 18 -15 17 -17 -11 20 -20 -10
right_child=6 7 -4 -5 -6 -7 -8 -9 13 15 12 -13 -14 14 -16 16 -18 -19 19 -21 -22
leaf_value=0.00026691017707388423 0.00024889155525461198 -0.0010119201383236214 0.00031332808629423378 -0.0013691388892793194 -0.0004006549699218668 0.00029187707252535411 0.00026627541581651507 6.3077630655201163e-05 1.0290551972058102e-05 -0.0031990796148136632 0.00049644117887397946 -0.0019897458896660997 -0.00029452354708635076 0.0052696377655914754 -0.00016173280233996968 -0.00028017046189748483 0.0031021748011655277 0.0011830256041050074 -0.0010658483614419036 0.00040835746955501589 0.0058921285221838595
leaf_weight=11.999999999999995 14.999999999999998 11.000000000000002 11.999999999999998 9.9999999999999982 8.0000000000000018 15.000000000000002 12.999999999999998 12.999999999999998 1769 18 26 118 124 10.000000000000002 8.9999999999999982 92 52 73 78 31 19
leaf_count=12 15 11 12 10 8 15 13 13 1769 18 26 118 124 10 9 92 52 73 78 31 19
internal_value=0.000117845 0.0069398 0.012261 0.00746585 0.0124586 0.0183836 -0.000114092 -0.00560203 -0.000199299 -0.00208506 -0.00570503 -0.0100854 -0.00171 0.000311716 0.0147607 0.00228154 -0.00101246 0.00740018 0.000147128 -0.00553283 0.00050145
internal_weight=2528 81 57 45 35 27 2447 24 2434 518 283 133 150 1916 19 235 144 91 1897 109 1788
internal_count=2528 81 57 45 35 27 2447 24 2434 518 283 133 150 1916 19 235 144 91 1897 109 1788
is_linear=0
shrinkage=0.0749534


Tree=189
num_leaves=23
num_cat=0
split_feature=5 11 6 10 0 11 8 10 10 9 1 7 5 5 2 9 11 9 8 11 8 5
split_gain=0.696542 0.980146 0.675976 0.88854 0.485931 0.424068 0.612842 0.415978 0.887502 1.07809 1.20671 0.626888 1.5345 1.20651 0.701415 0.617758 0.547493 1.6102 0.624693 0.481555 0.409555 0.0234513
threshold=-1.0840011467426518 -0.98270155179902219 -0.32352705013902566 0.68756701453198643 4.2558556772982268 0.41452540149002631 0.31747747889183842 -0.29111136770548734 -0.1354972807334813 0.37103716001405607 1.0000000180025095e-35 0.35199089904751929 -0.71241959964425283 -0.5752718238428508 -0.94098171233618022 1.4244586108551691 -0.38389000038943 0.20631162133304343 -0.70167348347711922 1.612148504309211 -0.57198181406425364 -0.75438407188518264
decision_type=2 2 2 2 2 2 2 2 2 2 2 2 2 2 2 2 2 2 2 2 2 2
left_child=1 -1 -3 5 7 6 -4 11 9 10 -9 14 21 -14 -2 -11 17 -10 -18 -16 -5 -13
right_child=4 2 3 20 -6 -7 -8 8 16 15 -12 12 13 -15 19 -17 18 -19 -20 -21 -22 -23
leaf_value=0.00020091711921042246 -0.0030452086409754786 -0.00044971300831737567 -1.4222862309720579e-05 -0.0009304076191382621 0.00024631716483809507 0.0020320265817586241 0.0017292123100206478 -2.4922332648006721e-05 0.00039197073077979584 -0.00073209644852163726 0.0044819025594275922 -0.0039114096084893676 0.0042814683294165254 7.0834636887278816e-05 -0.00022389247817399262 0.0067307931908681985 -0.00018109472358492638 -0.00019430936858815201 1.7018848479224592e-05 0.0077723554889822409 6.295883120871815e-05 -0.00011335075870546512
leaf_weight=7.9999999999999991 18 7.9999999999999991 21.000000000000004 10.000000000000002 12.999999999999998 12.999999999999998 7.9999999999999991 21 164 21 38 21.000000000000004 12.999999999999998 359 596 15.999999999999998 312 83 746 18 12.999999999999998 7.9999999999999991
leaf_count=8 18 8 21 10 13 13 8 21 164 21 38 21 13 359 596 16 312 83 746 18 13 8
internal_value=0.000206706 0.0069398 0.0037029 0.00636371 -2.22927e-05 0.0126043 0.00649822 -0.00010701 0.000733182 0.0075953 0.013691 -0.0012471 0.00106419 0.00239759 -0.00271457 -0.00233285 0.000213745 0.00337359 -0.000528577 -0.0022467 -0.00508632 -0.0148338
internal_weight=2528 81 73 65 2447 42 29 2434 1401 96 59 1033 401 372 632 37 1305 247 1058 614 23 29
internal_count=2528 81 73 65 2447 42 29 2434 1401 96 59 1033 401 372 632 37 1305 247 1058 614 23 29
is_linear=0
shrinkage=0.0749534


Tree=190
num_leaves=19
num_cat=0
split_feature=0 9 9 8 10 15 10 8 7 15 13 11 11 10 13 11 9 17
split_gain=0.469038 0.354566 1.06096 0.930796 0.815953 1.2525 0.613916 1.18137 0.869442 0.862174 0.59802 0.530256 0.44836 0.416087 0.613737 0.580601 0.322114 0.161893
threshold=4.2558556772982268 1.5114153081493849 1.4424469391565979 1.0153283790102443 0.75455744704735661 1.0000000180025095e-35 -1.0276516513723453 -0.25894392973139985 0.82868714518615982 0.88625919121491659 4.755930482735903 0.41452540149002631 -0.78309770132915812 -0.74313100330113258 2.0960205915313379 -0.98270155179902219 1.9376065079846942 -1.0000000180025095e-35
decision_type=2 2 2 2 2 2 2 2 2 2 2 2 2 2 2 2 2 2
left_child=1 2 10 -4 6 11 7 -3 9 -8 13 -6 -9 14 -1 -15 -7 -10
right_child=-2 4 3 -5 5 16 8 12 17 -11 -12 -13 -14 15 -16 -17 -18 -19
leaf_value=-6.0095762797633909e-05 0.00022785485287057082 -0.0023397915348940023 -0.00054946015096792586 0.0086528499625788315 0.00079489755783924217 0.0035752879431050271 -0.0025022921062611159 0.018631215295805942 -0.0070291167569974961 0.00011311722563767515 0.0041174496651401448 -0.0062195274515027526 -0.0017979626641780764 0.0003333302473090669 -0.005515505238708255 1.2978919192788215e-05 0.0081627255056605456 0.0028745047762201085
leaf_weight=540 12.999999999999998 10.999999999999998 9.0000000000000018 10.999999999999998 8.0000000000000018 11.000000000000002 94 17 8 24 11.999999999999998 11.999999999999998 9.0000000000000018 112 21 1598 9.9999999999999982 7.9999999999999973
leaf_count=540 13 11 9 11 8 11 94 17 8 24 12 12 9 112 21 1598 10 8
internal_value=0.000206706 0.000125897 0.000397563 0.0166054 -0.00278832 0.00642863 -0.00506764 0.00328229 -0.0074027 -0.00963019 0.000237064 -0.00659919 0.0117898 0.000139409 -0.00162665 0.000721251 0.0182929 0.0080282
internal_weight=2528 2515 2303 20 212 41 171 37 134 118 2283 20 26 2271 561 1710 21 16
internal_count=2528 2515 2303 20 212 41 171 37 134 118 2283 20 26 2271 561 1710 21 16
is_linear=0
shrinkage=0.0749534


Tree=191
num_leaves=28
num_cat=0
split_feature=5 8 7 7 9 9 4 9 3 3 9 17 3 13 0 5 12 9 8 8 2 8 5 3 9 9 5
split_gain=0.721192 1.08986 0.7129 1.00482 0.893266 0.573892 1.42882 0.955346 0.852005 0.993273 0.553542 0.44836 0.448141 0.960447 0.916701 1.34571 0.727902 0.479144 0.43104 1.238 0.409522 0.400404 0.394639 0.626194 0.393481 0.166851 0.154983
threshold=-1.0840011467426518 -0.75010817442679023 -0.30325286580612903 -0.62190465757980651 0.890479504942287 1.4839219002231452 -0.62072224942776366 1.4424469391565979 0.14971832434907759 -0.90337481916557516 -0.78160386104205093 1.4567572365165855 -0.81546589321531082 4.3864087763499127 1.0000000180025095e-35 -0.85458774881966082 -0.67414598255139557 -1.1885690769643171 0.71798203105530412 1.0368690029747964 2.2658070590627939 0.057381397683256403 -0.81569262987253233 -1.0537142412638232 1.8136193907650322 -0.3451051338425255 -0.44636556953577805
decision_type=2 2 2 2 2 2 2 2 2 2 2 2 2 2 2 2 2 2 2 2 2 2 2 2 2 2 2
left_child=1 10 3 11 25 7 8 12 9 -7 -1 20 14 16 15 -2 -14 -16 22 -20 -3 -11 -8 -24 -21 -4 -10
right_child=5 2 4 -5 -6 6 18 -9 26 21 -12 -13 13 -15 17 -17 -18 -19 19 24 -22 -23 23 -25 -26 -27 -28
leaf_value=0.00019519623986460181 0.00025910932165233746 0.0079980387986901425 3.0559313025033367e-05 -0.001235767237768641 -0.0003026816116874211 0.00065566543488150477 -1.8476980523111839e-05 0.014036209056197612 0.011127789691746192 0.00036800673884361789 -0.0012699981815831555 -0.0007641839646079818 0.00020162738659384186 0.0028285414609603588 -0.0031309064569345403 -0.00065684676840148035 -1.6226807017675597e-05 0.00021955988735952966 0.012173246866265711 -0.0013807538891643901 9.4164230228524953e-05 -0.001008813822323327 0.00025959477690124178 -0.0022552674012105735 0.00773583866088862 0.0009827234079934652 0.00015618943591696425
leaf_weight=8.0000000000000018 13.999999999999998 8 8.0000000000000036 8.9999999999999982 7.9999999999999991 10.999999999999998 9.9999999999999982 9.9999999999999982 9.0000000000000018 15.999999999999998 12.999999999999998 9.0000000000000018 465 14.999999999999998 32 238 1271 181 7.9999999999999991 27 9 29 13.999999999999998 80 8.9999999999999982 9 7.9999999999999991
leaf_count=8 14 8 8 9 8 11 10 10 9 16 13 9 465 15 32 238 1271 181 8 27 9 29 14 80 9 9 8
internal_value=8.82249e-05 0.0069398 0.0119721 0.00445761 0.0210861 -0.000144692 -0.00376609 0.000217902 0.00469603 0 -0.00711636 0.0117898 0.000100633 0.000650954 -0.00196069 -0.00500094 0.000473334 0.00164485 -0.00795925 -0.00157824 0.0182014 -0.00509751 -0.0105445 -0.012026 -0.00775119 0.0297493 0.0182014
internal_weight=2528 81 60 35 25 2447 221 2226 73 56 21 26 2216 1751 465 252 1736 213 148 44 17 45 104 94 36 17 17
internal_count=2528 81 60 35 25 2447 221 2226 73 56 21 26 2216 1751 465 252 1736 213 148 44 17 45 104 94 36 17 17
is_linear=0
shrinkage=0.0749534


Tree=192
num_leaves=30
num_cat=0
split_feature=9 13 4 10 5 2 4 1 7 13 1 4 11 5 2 9 2 2 5 7 7 9 10 11 13 5 9 5 2
split_gain=0.549939 1.07182 0.700431 1.49276 1.23953 1.02484 0.86932 0.753941 0.402098 0.529981 0.591423 0.898745 0.720567 0.915761 0.617758 0.473721 1.20583 0.992991 0.803409 1.09851 0.691732 0.647037 0.678989 0.709213 0.556488 0.560822 0.469389 0.104251 0.00714204
threshold=1.6418671902530722 -0.31292088604915885 0.082383671959323862 -0.73510895312339963 -0.81569262987253233 -0.058938097580006239 1.6362646534607446 1.0000000180025095e-35 -1.260916829823002 1.15413037834674 1.0000000180025095e-35 -0.73203799872002195 0.8137331024297545 0.0074507563399396513 0.74161553065591068 1.1129823073903073 1.1813001981504991 1.6905837262216423 -0.37765452972918323 -0.51597215843788702 0.0205246920550619 0.49197826545808798 1.6012332040612771 0.21492155102016219 4.1655056237591817 -0.22133183000763718 0.81397617791231502 -0.25718369422570342 -0.18482062211740047
decision_type=2 2 2 2 2 2 2 2 2 2 2 2 2 2 2 2 2 2 2 2 2 2 2 2 2 2 2 2 2
left_child=8 2 3 -2 -5 -6 28 -8 9 10 12 -12 13 -1 -13 21 18 27 19 -17 -20 24 23 -23 25 -10 -24 -18 -4
right_child=1 -3 6 4 5 -7 7 -9 15 -11 11 14 -14 -15 -16 16 17 -19 20 -21 -22 22 26 -25 -26 -27 -28 -29 -30
leaf_value=-0.0015882625350649312 0.0055717359726216 -0.002074361350911469 -0.015329182353053725 0.0027289058338659817 -0.0006845263678206346 0.0061532195710858944 -0.0060838156249332165 0.010892992493878935 0.00011792429604864894 -0.0044229087669452093 0.0011728215639616624 -0.0013361244918810189 -0.02456967038254107 0.0085823283498259184 0.00030387878445922001 0.00023031784107966933 0.015045493978819317 -0.0013423420445466917 -0.00024646840521207918 -0.00096364305986128729 0.0017240090038004683 -0.0007213656276296354 0.00031337038496835937 2.4665505402824092e-05 0.0026165326271471124 -4.4904476314021146e-05 -9.0968412311340086e-05 0.00083413057275462615 -0.00095069529157537375
leaf_weight=52 14.999999999999998 28 8.9999999999999982 7.9999999999999991 30.999999999999996 21.000000000000004 10 9 860 14.999999999999998 14.999999999999998 21 22 8.9999999999999982 15.999999999999998 15.999999999999998 8.0000000000000018 8.9999999999999982 40 62 60 208 8.0000000000000018 97 14.999999999999998 824 8.9999999999999982 8.0000000000000018 23
leaf_count=52 15 28 9 8 31 21 10 9 860 15 15 21 22 9 16 16 8 9 40 62 60 208 8 97 15 824 9 8 23
internal_value=-0.000236327 -0.00454041 -0.00144603 0.00312357 -0.00237382 -0.00685044 -0.00802985 0.00428847 4.66324e-05 -0.00367635 -0.00203289 0.00409844 -0.00590048 -0.00145075 -0.00233285 0.000302259 0.00373123 0.0183578 0.0014447 -0.0041714 0.00583591 -4.5507e-05 -0.00311355 -0.00395608 0.000538692 0.000399041 0.0105029 0.0283165 -0.0151736
internal_weight=2528 154 126 75 60 52 51 19 2374 150 135 52 83 61 37 2224 203 25 178 78 100 2021 322 305 1699 1684 17 16 32
internal_count=2528 154 126 75 60 52 51 19 2374 150 135 52 83 61 37 2224 203 25 178 78 100 2021 322 305 1699 1684 17 16 32
is_linear=0
shrinkage=0.0749534


Tree=193
num_leaves=30
num_cat=0
split_feature=9 4 11 10 17 10 10 4 15 4 9 2 8 2 17 4 8 8 2 15 8 9 9 2 2 4 14 10 10
split_gain=0.510385 1.29023 0.803907 0.544013 1.22822 0.510418 0.526334 0.723169 0.630279 0.41341 0.384503 0.790392 0.384403 0.456474 0.407518 0.528708 0.397259 1.82079 2.74866 1.11974 0.827635 0.999963 0.691772 0.37673 0.674944 0.207769 0.113338 0.0395994 0.0192784
threshold=1.5114153081493849 -0.53985902764077009 -0.58349385085929406 0.53058170300698893 1.0000000180025095e-35 1.0125747210741856 -0.95668899120534601 0.40070406158625554 1.0000000180025095e-35 -0.39370762398536191 1.4424469391565979 0.16666499774008839 2.1912069242036796 1.1813001981504991 1.0000000180025095e-35 -0.71153635366199253 0.21959181758521781 0.2971122736877177 0.068597235506401816 2.1112254216092903 -0.067371155066487887 -0.80696553348397293 0.12770044122680357 0.060688580776166214 -1.0754652847552648 2.1679617081371565 -0.738224098466287 1.3702942506026172 -0.029059732861859547
decision_type=2 2 2 2 2 2 2 2 2 2 2 2 2 2 2 2 2 2 2 2 2 2 2 2 2 2 2 2 2
left_child=10 2 -2 23 27 6 7 -3 -9 -7 12 -12 16 14 28 -16 20 18 -18 -19 22 -22 -1 24 -4 26 -8 -5 -14
right_child=1 5 3 4 -6 9 25 8 -10 -11 11 -13 13 -15 15 -17 17 19 -20 -21 21 -23 -24 -25 -26 -27 -28 -29 -30
leaf_value=-1.3602805839352252e-05 0.017326498173052176 0.011382448547652217 0.00037442679084665083 -0.0052572271506426188 0.0032160265107649198 -0.00040373549400435263 -0.00081872078417027201 -0.0015000432666965084 0.0085169851806399886 0.00053765421087719704 0.011459851206690217 -0.0011342967491256802 -0.00015702426022895353 0.0023804952380652219 -0.0019674687818931084 3.7068999376909005e-05 0.00012045200204045594 -1.1380090727242491e-05 0.025811707967519807 0.00053465800691597151 0.00035656923547522498 -0.0011203407154357318 0.00017084735618393964 0.0014787661692511082 -0.0041154458520038318 -0.00038034975170876179 -0.0022678950300513627 -0.0021069840826648503 -0.0015066749735127356
leaf_weight=1019 14.999999999999998 10.999999999999998 7.9999999999999991 8.0000000000000053 7.9999999999999991 7.9999999999999991 12.999999999999991 17 8.0000000000000018 7.9999999999999991 12.000000000000002 7.9999999999999991 8.0000000000000018 10.999999999999998 12.000000000000002 8.9999999999999982 29 585 14.999999999999998 28 35 175 349 11.999999999999998 20.000000000000004 8.9999999999999982 61.000000000000007 7.9999999999999991 19
leaf_count=1019 15 11 8 8 8 8 13 17 8 8 12 8 8 11 12 9 29 585 15 28 35 175 349 12 20 9 61 8 19
internal_value=-0.000147466 -0.00362819 0.0038902 0 0.00843345 -0.00803038 -0.00970517 -0.00190642 -0.00880856 0.00397053 0.000177267 0.0099346 8.08954e-05 -0.00576553 -0.0088784 -0.000729751 0.000242149 0.00178765 0.0160941 0.000697631 -0.000402092 -0.0047548 0.000272284 -0.00525641 -0.00978615 -0.012916 -0.014191 -0.00397053 -0.0145688
internal_weight=2528 214 79 64 24 135 119 36 25 16 2314 20 2294 59 48 21 2235 657 44 613 1578 210 1368 40 28 83 74 16 27
internal_count=2528 214 79 64 24 135 119 36 25 16 2314 20 2294 59 48 21 2235 657 44 613 1578 210 1368 40 28 83 74 16 27
is_linear=0
shrinkage=0.0749534


Tree=194
num_leaves=29
num_cat=0
split_feature=9 4 3 5 6 2 9 7 9 13 7 3 12 4 9 9 6 5 4 4 6 3 5 6 3 6 3 2
split_gain=0.493265 0.745614 1.29697 1.05617 0.65668 1.31106 0.493086 0.439756 0.789532 0.841675 0.935168 0.780246 0.368203 0.596373 1.35879 0.813076 0.973398 0.482886 0.463795 0.806294 0.48499 0.366899 0.336492 0.318481 0.307361 0.170173 0.0451745 8.11175e-05
threshold=1.4839219002231452 -0.55338443733402476 -0.15938547848144871 0.88807983877039176 0.6424196073318359 -0.37926617811272517 1.4424469391565979 -0.44164855016896026 1.77894466222171 -0.2887499504764876 0.36309672557046335 -1.0084583183143951 1.3760688070906235 -0.71390802067129389 0.12770044122680357 0.82872496352003377 0.36198348096932759 -0.42639097220074934 -1.2018160218295064 -1.1202702329260072 -0.75976102448070504 -0.77201283333510051 -0.7183463406599836 0.76705788571517286 0.14971832434907759 0.050387785010985106 -0.8056538175904574 -0.89778852351120864
decision_type=2 2 2 2 2 2 2 2 2 2 2 2 2 2 2 2 2 2 2 2 2 2 2 2 2 2 2 2
left_child=6 2 3 23 5 -4 12 22 11 10 -10 -9 18 15 26 16 -14 -16 21 25 -21 -1 -3 -2 -7 -20 -15 -17
right_child=1 7 4 -5 -6 24 -8 8 9 -11 -12 -13 13 14 17 27 -18 -19 19 20 -22 -23 -24 -25 -26 -27 -28 -29
leaf_value=0.0003873123338623057 -0.0011569812385915398 -0.0001396288065103976 -0.0049857576690174486 0.0048246585487466903 -0.00085906916175994372 0.00028813305938230489 0.011995971986599574 2.3056313505856997e-05 0.0042741945429074077 -0.0057840200212026819 -0.0039562286054523211 -0.0042295593783387569 -2.5833170440335837e-05 -0.00035968516584002633 0.00085658744737095356 -0.00035730290982711793 0.001278259530367183 -0.0058470962880268129 -0.00043024829979667337 -0.00015462947702269989 6.2421242389371342e-05 0.00052657813695329472 -0.0036766223060175334 -2.0708269381192695e-05 0.013894422218959304 -0.0021748918742013506 -0.0014284023952284355 -0.0062318889428792327
leaf_weight=7.9999999999999991 25 7.9999999999999991 11.000000000000002 7.9999999999999991 10.999999999999998 9.0000000000000018 9.9999999999999982 12.999999999999998 32 10.999999999999998 15.999999999999998 32 96 7.9999999999999991 16.000000000000004 8.0000000000000018 29 12.999999999999998 8.9999999999999982 509 1517 7.9999999999999991 29 7.9999999999999991 10.999999999999998 24 37 11.999999999999998
leaf_count=8 25 8 11 8 11 9 10 13 32 11 16 32 96 8 16 8 29 13 9 509 1517 8 29 8 11 24 37 12
internal_value=-0.000295567 -0.00363346 0.00195427 -0.00729072 0.0109189 0.0161867 3.17991e-05 -0.00691092 -0.00420872 0.00149795 0.0059083 -0.0114131 -4.82568e-05 -0.00295402 -0.00831015 -0.000116149 0.00219237 0.00411663 0.000260799 0.000153746 0.000350238 0.0120859 -0.0137262 -0.013161 0.0266116 -0.011048 -0.0161498 -0.01327
internal_weight=2528 224 83 41 42 31 2304 141 104 59 48 45 2294 219 74 145 125 29 2075 2059 2026 16 37 33 20 33 45 20
internal_count=2528 224 83 41 42 31 2304 141 104 59 48 45 2294 219 74 145 125 29 2075 2059 2026 16 37 33 20 33 45 20
is_linear=0
shrinkage=0.0749534


Tree=195
num_leaves=40
num_cat=0
split_feature=9 4 2 8 8 7 7 11 6 9 5 6 8 15 11 6 2 6 5 5 9 7 11 8 6 2 10 6 2 0 5 8 8 10 9 8 5 2 9
split_gain=0.962055 0.918113 0.823066 0.583997 1.21374 0.571805 1.00477 1.38012 1.41896 1.19889 1.1945 0.646791 1.95319 0.906312 1.06404 0.887864 1.1223 1.0159 0.730853 0.729512 0.632417 1.89804 0.627756 0.793325 0.744415 0.564133 0.477202 0.475474 0.474585 0.472121 0.443947 0.646305 0.821688 0.423832 0.269029 0.652656 0.237716 0.161893 0.123314
threshold=1.4839219002231452 -0.49781881437823955 1.1813001981504991 0.43454630099422958 -0.056859263721700394 0.34771942730792599 0.43571174514355432 1.0000000180025095e-35 -0.79092059407653936 -0.24483395035923891 -0.23464772594564892 -0.75976102448070504 -1.0811636381598648 0.88625919121491659 1.4125446538393469 0.081547354606819361 0.78648687318898869 -0.10541006296818604 -1.0131239498073736 -0.8757610543292107 1.2218680877244652 1.0619095021679665 -1.1823054022688861 -0.15090090600725856 -0.8532397332682079 0.38892020449313286 -0.72896235101877049 0.6424196073318359 0.34367770623121402 1.01557764731833 -0.52604882448403345 0.52445825360189857 1.5651092345728679 0.67042570547176705 1.8518088832342006 -0.44644187726266371 0.86789807458225032 0.38892020449313286 0.071703523922803658
decision_type=2 2 2 2 2 2 2 2 2 2 2 2 2 2 2 2 2 2 2 2 2 2 2 2 2 2 2 2 2 2 2 2 2 2 2 2 2 2 2
left_child=5 2 3 4 33 11 7 8 9 -7 -10 12 25 15 18 17 -17 -13 -15 37 22 -22 23 -8 -24 26 -1 36 -21 30 31 -3 -33 -2 -32 -36 -5 -14 -9
right_child=1 29 -4 27 -6 6 20 38 10 -11 -12 13 19 14 -16 16 -18 -19 -20 28 21 -23 24 -25 -26 -27 -28 -29 -30 -31 34 32 -34 -35 35 -37 -38 -39 -40
leaf_value=-0.0070228294406411229 -0.0045603771644358955 -0.0073734311888309749 0.0059944964054231345 -0.0011022051716947218 0.012891001953076022 -0.0051041972984453964 0.00065525886797003995 -0.00020662649098901779 0.00020684098691742513 0.00014651423727554203 0.011192257601751529 0.00010187294239475772 -7.2409251660489937e-05 0.00022379887585595868 0.011741936543193337 -0.00046868485830044485 0.00011563513580513927 0.0012564259817837967 -0.00047497727704955719 -0.0018273567665482674 0.0071116066448179711 -0.003902502408412294 -0.00062457301133737257 -0.00027700853135253015 4.0582882947026315e-06 0.0056402367558671413 0.0031459211646750933 0.0066776391540101995 -0.001358860955834732 0.019607184064512877 -0.0025308693708755003 0.0060627909579966362 -0.00070326422780219431 0.00018849039382422771 -0.0018710718166114184 0.0015805651707134871 -0.00017053408887655961 0.0016212335611753997 -0.0013872500906435806
leaf_weight=8.0000000000000036 16.000000000000004 18 10.999999999999998 27 13.999999999999998 14.999999999999998 82 9.0000000000000018 15.999999999999998 19 17 363 7.9999999999999991 7.9999999999999991 14.999999999999998 399 243 107 223 137 12.000000000000002 13.999999999999998 66 51 390 7.9999999999999991 10 7.9999999999999991 68 7.9999999999999991 40 11.000000000000002 9.9999999999999982 7.9999999999999991 22 23 7.9999999999999991 7.9999999999999991 7.9999999999999991
leaf_count=8 16 18 11 27 14 15 82 9 16 19 17 363 8 8 15 399 243 107 223 137 12 14 66 51 390 8 10 8 68 8 40 11 10 8 22 23 8 8 8
internal_value=-0.000295567 -0.00495731 0.000776355 -0.0020011 0.00459018 0.000161787 0.00194775 0.00951612 0.0142723 0.00303851 0.0247827 -0.000616821 -0.00412471 2.63637e-05 -0.0040659 0.000940121 -0.000869768 0.00340737 -0.00537049 -0.00644932 0.000877453 0.0117898 0.000345768 0.00482928 -0.000977401 0.0144224 0.00541326 -0.00779422 -0.00766923 -0.00890628 -0.0100623 -0.00312401 0.00551971 -0.00560203 -0.0130491 -0.0082553 -0.0114585 0.0080282 -0.00857823
internal_weight=2528 224 92 81 38 2304 699 84 67 34 33 1605 247 1358 246 1112 642 470 231 221 615 26 589 133 456 26 18 43 205 132 124 39 21 24 85 45 35 16 17
internal_count=2528 224 92 81 38 2304 699 84 67 34 33 1605 247 1358 246 1112 642 470 231 221 615 26 589 133 456 26 18 43 205 132 124 39 21 24 85 45 35 16 17
is_linear=0
shrinkage=0.0749534


Tree=196
num_leaves=22
num_cat=0
split_feature=9 7 11 5 10 6 9 8 8 0 8 8 5 8 5 7 7 9 7 7 8
split_gain=1.52394 0.615473 0.687669 0.80882 0.867214 1.0977 0.484478 0.432754 0.697212 0.977915 0.421338 0.858192 0.421202 0.41134 0.745153 1.27158 0.483572 0.981169 0.4401 0.164797 0.0508901
threshold=1.4839219002231452 1.6078035904880215 0.21492155102016219 -0.09794126494740589 -1.1059096613797432 0.23734520258599057 1.4424469391565979 -1.4234195001567163 -1.4576733354553082 1.0000000180025095e-35 0.17232626139974869 -0.37902019644877377 0.20835446363589177 1.4480835793558031 -0.68215361783426121 0.12645719119698137 -0.69793685454457155 -1.8025475520384029 -0.45446296538774017 0.26570716990773052 -0.6681925834763297
decision_type=2 2 2 2 2 2 2 2 2 2 2 2 2 2 2 2 2 2 2 2 2
left_child=6 2 3 4 -2 -6 7 8 9 -1 11 -5 20 16 19 -16 17 -9 -18 -15 -4
right_child=1 -3 12 10 5 -7 -8 13 -10 -11 -12 -13 -14 14 15 -17 18 -19 -20 -21 -22
leaf_value=0.0016602325245422588 0.015413231464325577 0.0018569000972148942 -0.001774289861447327 -0.00032395638328244915 -0.00061949465156947118 0.0049026872603392608 0.010563793770882053 0.0060295174807292557 -0.0059649804863313415 -0.00022191235959800564 -0.0011857611429171766 0.006086602518986791 -0.00043550996940846241 -0.0013881507947980615 0.00023722130084940276 -0.0006116588395110921 0.0002448255606482707 -0.00015858717806987784 2.0687586286446268e-05 -0.00049874740485688122 -0.001196855649015838
leaf_weight=12 10.999999999999998 12.999999999999998 7.9999999999999991 24 53 22 9.9999999999999982 10.999999999999998 20 14 28 7.9999999999999991 12.999999999999998 35 88 94 211 350 1450 8.9999999999999982 44
leaf_count=12 11 13 8 24 53 22 10 11 20 14 28 8 13 35 88 94 211 350 1450 9 44
internal_value=-0.000414049 -0.00628115 -0.00727811 -0.00428023 0.000405406 -0.00263982 0.000161787 8.08954e-05 -0.00692525 0.00125973 -0.0107724 -0.00430196 -0.0135844 0.000232424 -0.0027815 -0.000600744 0.000573072 -0.00190306 0.00111423 -0.0112555 -0.0164824
internal_weight=2528 224 211 146 86 75 2304 2294 46 26 60 32 65 2248 226 182 2022 361 1661 44 52
internal_count=2528 224 211 146 86 75 2304 2294 46 26 60 32 65 2248 226 182 2022 361 1661 44 52
is_linear=0
shrinkage=0.0749534


Tree=197
num_leaves=28
num_cat=0
split_feature=9 15 3 10 8 8 9 11 6 8 2 2 6 9 4 9 7 8 9 0 10 10 6 10 1 4 11
split_gain=1.2968 0.892012 0.939672 0.906755 0.820093 0.779994 0.676834 0.673736 0.531305 0.504902 0.488129 1.24984 0.852143 0.812837 1.08173 0.805247 1.12049 0.978464 0.726547 1.05543 0.881418 0.46216 0.514883 0.38937 0.325232 0.34219 0.292771
threshold=1.4839219002231452 0.88625919121491659 -1.1000340966992146 -1.240760963378764 0.71798203105530412 1.082032558742797 1.4244586108551691 -1.3819092527387502 -0.6662823156932024 -0.46093656480603734 0.16666499774008839 0.060688580776166214 -1.0713567204390475 0.890479504942287 1.2663345158079193 0.54972844088315587 0.12987436858865678 0.59991761465004412 -0.26461032216946762 1.0000000180025095e-35 0.36309302328875931 1.0906334468283196 0.081547354606819361 1.1313429821165275 1.0000000180025095e-35 0.48018501903246191 -0.78309770132915812
decision_type=2 2 2 2 2 2 2 2 2 2 2 2 2 2 2 2 2 2 2 2 2 2 2 2 2 2 2
left_child=6 2 8 7 9 -6 10 -4 -2 -3 11 15 24 14 -13 17 -17 -1 20 -20 -14 26 -23 -8 -12 -26 -5
right_child=1 4 3 21 5 -7 23 -9 -10 -11 12 13 18 -15 -16 16 -18 -19 19 -21 -22 22 -24 -25 25 -27 -28
leaf_value=1.3589096797296386e-05 -0.00016853441067901184 0.00060852644516328457 -0.0026104886923095714 -0.00077268295592345607 0.009617103288617479 -0.0053957047788350471 0.0087524387808667007 0.012816822508396294 0.0070212901395268678 -0.0013929053584990536 -0.0027202110395157905 0.0014164269397794432 -5.7552005519510727e-06 0.0028593161272223305 -0.0060731665711103115 -0.0022347787462146844 6.8352384439726254e-05 0.00019808408726491747 -0.00020179199808100735 0.00014170207092671717 -0.00051002002705266049 -0.0022598149770781222 0.00055310670943655175 -0.0017803971703722738 -0.0022570981883881995 0.00019760010620975061 -0.001741224907326217
leaf_weight=802 12.000000000000002 8.0000000000000018 9.0000000000000018 24 10.000000000000002 8.9999999999999982 12.000000000000002 8.9999999999999982 11.999999999999998 10.999999999999998 21 58 252 13.999999999999998 13.999999999999998 104 140 212 215 251 162 10.000000000000002 19 7.9999999999999991 22 17 91
leaf_count=802 12 8 9 24 10 9 12 9 12 11 21 58 252 14 14 104 140 212 215 251 162 10 19 8 22 17 91
internal_value=-0.000206706 -0.00561923 -0.00774641 -0.00978822 0.00459018 0.0147607 0.000324272 0.00541326 0.00560203 -0.00603384 0.000195984 0.00111213 -0.00111169 0.00972459 0.00601717 0.000504172 -0.00333863 0.00143632 -0.00050779 0.00151652 -0.00278571 -0.0117587 -0.00292584 0.01327 -0.00957257 -0.00493133 -0.013864
internal_weight=2528 224 186 162 38 19 2304 18 24 19 2284 1344 940 86 72 1258 244 1014 880 466 414 144 29 20 60 39 115
internal_count=2528 224 186 162 38 19 2304 18 24 19 2284 1344 940 86 72 1258 244 1014 880 466 414 144 29 20 60 39 115
is_linear=0
shrinkage=0.0749534


Tree=198
num_leaves=39
num_cat=0
split_feature=9 9 9 9 2 3 3 6 9 9 7 18 5 5 3 6 12 3 3 7 4 6 4 11 10 12 2 2 2 3 13 13 2 3 5 12 4 6
split_gain=0.780712 0.839278 1.43904 1.3718 1.26801 1.24879 1.44816 0.919201 0.793595 0.781711 2.31552 0.832337 0.74824 1.6715 1.51467 1.21659 1.30702 0.692463 0.68216 0.709823 1.18805 1.08764 1.04221 0.650888 0.609169 1.12251 0.93761 0.81694 1.36428 0.573249 0.547547 1.47992 0.762951 0.524428 0.954114 0.490003 0.105056 8.11175e-05
threshold=0.49197826545808798 -0.26461032216946762 -0.21731760184833224 -0.18824370986378872 -0.66466540747020042 1.2762404773613329 2.1358888565342622 1.1409727208651839 -0.56550728126407301 -0.63938653510037269 -0.35365623233333315 1.0000000180025095e-35 -0.22830079370243758 0.095100269466921766 -1.3299183328684092 0.17502606339432206 1.3760688070906235 -0.28176410276370983 2.3502803546977784 0.69456293256292201 1.4523837971919125 0.23734520258599057 -0.97754370077736419 -1.1823054022688861 -0.9679193460638621 1.0000000180025095e-35 0.30202974838214497 -0.72541461495011539 -0.0041739981441637989 -0.07167717742263939 -0.26411066343826345 -0.20762233683858486 -0.37926617811272517 -0.83477567674406483 1.0000000180025095e-35 0.86351510968011858 2.4061798257454163 -1.0000000180025095e-35
decision_type=2 2 2 2 2 2 2 2 2 2 2 2 2 2 2 2 2 2 2 2 2 2 2 2 2 2 2 2 2 2 2 2 2 2 2 2 2 2
left_child=1 4 23 -4 12 7 -7 -5 9 11 -11 -6 15 35 -15 16 -1 -17 19 24 21 22 -21 -3 27 29 -27 -2 -29 -26 32 -32 -10 -25 -35 -14 37 -22
right_child=18 2 3 5 8 6 -8 -9 30 10 -12 -13 13 14 -16 17 -18 -19 -20 20 36 -23 -24 33 25 26 -28 28 -30 -31 31 -33 -34 34 -36 -37 -38 -39
leaf_value=0.0023861372558106504 -0.001088682758123661 -0.0014924917237962064 -0.0049925918898412426 2.054833130376822e-05 1.5290399031053359e-05 0.00091498180830243826 -0.00027133653095773053 0.0036417334803717973 0.00075754965232425705 -0.01263907923790931 0.001798584389489599 -0.00019984961506976087 -0.0028030267638869308 -0.0013540209089115771 0.00088431727278533612 -0.0038064218530422219 -6.9759855890504731e-05 0.00019115951454587888 0.0067191074058813123 -0.00073536438317855233 -0.0084729270543473165 0.0054372944614789033 0.00028446454389421824 0.003679066850745883 -0.0010405016897310048 -0.00033007797625773922 0.0001701578066168269 0.005281532709013736 -0.00013159695125873388 -0.00076922899066596056 0.017014979916776932 -0.00034405888598764903 -0.0020002751267490185 0.0051069446259758679 -0.00025462575313218338 1.0917900111342194e-05 -0.00452326442915656 -0.00016873533799048268
leaf_weight=43 17 8.9999999999999982 20 589 335 49 28 35 19 19 38 163 46 13.999999999999998 103 29 18 13.999999999999998 12.999999999999998 17 12.000000000000002 9.9999999999999982 75 8.0000000000000018 97 164 77 25 58 141 11.999999999999998 65 116 15.000000000000002 7.9999999999999991 8.9999999999999982 9.9999999999999982 8.0000000000000018
leaf_count=43 17 9 20 589 335 49 28 35 19 19 38 163 46 14 103 29 18 14 13 17 12 10 75 8 97 164 77 25 58 141 12 65 116 15 8 9 10 8
internal_value=-0.000295567 0.0005385 0.00242771 0.00162951 -0.000840857 0.00220858 0.0110617 0.00107422 -0.00240878 -0.000904666 0.00721974 -0.00186885 0.00349329 0.000420376 0.00547603 0.00843256 0.015031 -0.00120086 -0.0023708 -0.0027029 0.00221759 0.00608291 0.00315653 0.015845 -0.00383209 -0.00493935 -0.00130176 0.0014472 0.00458508 -0.00856486 -0.00628311 -0.00115867 -0.00912084 0.0206653 0.0124428 -0.0100793 -0.0103375 -0.01327
internal_weight=2528 1804 761 721 1043 701 77 624 767 555 57 498 276 172 117 104 61 43 724 711 132 102 92 40 579 479 241 100 83 238 212 77 135 31 23 55 30 20
internal_count=2528 1804 761 721 1043 701 77 624 767 555 57 498 276 172 117 104 61 43 724 711 132 102 92 40 579 479 241 100 83 238 212 77 135 31 23 55 30 20
is_linear=0
shrinkage=0.0749534


Tree=199
num_leaves=36
num_cat=0
split_feature=9 3 3 11 6 4 4 4 6 5 18 2 6 2 2 9 3 9 4 4 5 9 9 14 7 7 6 4 15 4 9 2 6 4 2
split_gain=0.646717 0.855553 0.662859 0.771188 0.725136 0.771528 0.592034 0.560434 0.502334 0.740074 0.75264 1.18295 1.47599 1.00729 1.0865 1.01409 0.734597 0.621587 0.825182 0.739932 0.870362 0.646651 0.585631 0.580379 0.51922 0.931205 0.508887 0.476008 0.445487 0.427212 0.393348 0.371547 0.32993 0.0411329 0.0395994
threshold=1.4839219002231452 1.9258702419511413 -1.1000340966992146 -1.1823054022688861 0.081547354606819361 1.9829256680757281 0.40070406158625554 -0.67313318429009705 0.11270692420265362 -0.7183463406599836 1.0000000180025095e-35 0.34367770623121402 0.26850477218182484 -0.49732706524517661 0.30202974838214497 0.053817933078398807 -0.042553852668379598 1.1129823073903073 1.6030773286141213 0.36748307978074674 1.000812697639335 0.54972844088315587 -1.7819742011766835 2.933049057447366 1.5864462317900536 1.0875383326055288 1.0000000180025095e-35 -0.34944362648252031 1.0000000180025095e-35 0.45779097717699241 1.260009838267748 -0.78592486152974683 -0.3858461893306942 -0.009318667557343948 -0.0020685219130346494
decision_type=2 2 2 2 2 2 2 2 2 2 2 2 2 2 2 2 2 2 2 2 2 2 2 2 2 2 2 2 2 2 2 2 2 2 2
left_child=8 2 29 6 5 -5 -4 -6 17 16 13 12 -12 15 -15 -11 31 21 19 20 -19 23 -18 26 25 -23 -1 -13 -24 32 -21 -10 -2 -33 -8
right_child=1 -3 3 4 7 -7 34 -9 9 10 11 27 -14 14 -16 -17 22 18 -20 30 -22 24 28 -25 -26 -27 -28 -29 -30 -31 -32 33 -34 -35 -36
leaf_value=1.0910218291476921e-05 0.0028895704147041575 0.00233762548185027 0.013950267641951954 -0.0024736925268872673 0.00059702963105052456 0.0026576762771146597 -0.0012852353696142078 -0.00096814396043247907 -0.00012296126919830662 0.00018934759467060589 -0.0083870154411790892 -0.0006317826128105638 0.00022693414372276866 0.0028391741019459971 3.3924238499363605e-06 -0.0023486361250171601 9.5603404350318134e-05 0.0012169785550134554 -0.00083010208962453966 0.0059197011185364058 -0.028835664412800222 -0.00053908314724066518 -0.00092062154254134978 0.00014221177263995516 -0.011564560659861944 0.00048110032489239932 0.00060676777331313046 -0.00019205789642270761 2.2142983523020309e-05 -0.0018746285110928741 0.00067192507457402759 -0.0057420636770840038 -0.00039360523737216836 -0.00010666443349368102 -0.00013056391441340124
leaf_weight=1010 13.999999999999998 9.9999999999999982 9.0000000000000018 82 28 7.9999999999999991 7.9999999999999991 39 12.999999999999998 49 37 45 89 131 246 34 10.999999999999998 49 11.999999999999998 13.000000000000002 8.9999999999999982 161 93 8.9999999999999982 14.999999999999998 18 110 24 74 8.9999999999999982 10.999999999999998 33 9.0000000000000018 7.9999999999999991 7.9999999999999991
leaf_count=1010 14 10 9 82 28 8 8 39 13 49 37 45 89 131 246 34 11 49 12 13 9 161 93 9 15 18 110 24 74 9 11 33 9 8 8
internal_value=-0.000473289 -0.00429539 -0.00535944 -0.00710175 -0.00903759 -0.0133567 0.00471603 -0.00294381 -9.67931e-05 -0.00149394 -0.000197056 -0.00407217 0.000279182 0.00145516 0.0031067 -0.00590048 -0.00510784 0.000777721 0.00658734 0.00929777 0.00431154 0.000352214 -0.00269065 0.00104192 -0.00361603 -0.00236605 0.000866645 -0.0117755 -0.00386042 0.00430196 0.0197591 -0.0125805 0.00950018 -0.0159116 -0.00397053
internal_weight=2528 224 214 182 157 90 25 67 2304 887 655 195 126 460 377 83 232 1417 94 82 58 1323 178 1129 194 179 1120 69 167 32 24 54 23 41 16
internal_count=2528 224 214 182 157 90 25 67 2304 887 655 195 126 460 377 83 232 1417 94 82 58 1323 178 1129 194 179 1120 69 167 32 24 54 23 41 16
is_linear=0
shrinkage=0.0749534


Tree=200
num_leaves=35
num_cat=0
split_feature=9 9 8 6 11 8 10 17 4 10 8 4 2 10 9 9 8 11 2 4 9 0 16 11 2 8 11 2 6 6 8 8 2 2
split_gain=0.697832 0.873452 1.32616 1.35236 0.698992 1.00315 0.835303 0.63405 0.494494 0.493354 1.08159 1.27332 1.0433 0.806575 0.712343 1.41733 0.634146 1.47662 0.596919 0.774595 0.581689 0.488799 0.798123 0.758377 0.468977 1.10107 0.418367 0.417971 0.348532 0.18287 0.0583863 0.192477 0.0234513 0.0120358
threshold=1.4839219002231452 1.77894466222171 0.65899364800738247 0.23734520258599057 1.0000000180025095e-35 0.8136468501624029 -0.50002626157100549 1.0000000180025095e-35 -0.27173106901116995 0.8886293643662263 -0.78175041902399667 -0.93403161431992665 -0.36964233139740793 0.87062534919237911 -0.22685477130828802 -0.16326678476053383 -0.55684774083431698 1.0000000180025095e-35 2.1352125916063649 -0.77246117380937995 1.4244586108551691 1.0000000180025095e-35 2.9360345032166522 2.4105639061886674 -0.034243098836209594 -0.48209127872408392 1.4125446538393469 -0.37926617811272517 1.5772066952068633 -0.26120791094735718 0.74137515444582525 1.6244915963691415 0.98643780306467321 0.4528618751155698
decision_type=2 2 2 2 2 2 2 2 2 2 2 2 2 2 2 2 2 2 2 2 2 2 2 2 2 2 2 2 2 2 2 2 2 2
left_child=9 4 7 29 5 6 -2 24 -8 13 11 12 -11 20 28 -16 17 -12 19 -18 21 22 -1 -23 25 -3 -19 -9 -13 -4 -6 -32 -26 -7
right_child=1 2 3 -5 30 33 8 27 -10 10 16 14 -14 -15 15 -17 18 26 -20 -21 -22 23 -24 -25 32 -27 -28 -29 -30 -31 31 -33 -34 -35
leaf_value=-2.461755634279052e-05 -0.0049905531136026906 -0.0053981223216424462 0.00079870691154229449 0.0090061341676189975 -0.0017015529737807479 -0.0017214430527662838 0.011085735174719599 -0.00049428969639617334 -3.1569541648957398e-05 0.00028969899474619526 0.00074244050658112354 -0.0013451423286941237 -0.0057969649859848336 0.010615196300167627 0.0021015010043566851 -0.0042164318743632074 -0.0017188405998014322 0.0018201854005247941 -0.0012474327246536649 0.00014281997990569706 0.0080687363271312283 4.8830247876773467e-05 -0.0022187583685474663 -0.00081293874771356622 -0.0015218381501648822 0.0023485268111564377 -0.0034851491389849888 0.0007493921407861465 -0.0037195275736037667 -0.0021527489091877437 0.00056878911325886745 -0.0017870421383309244 -0.0069733741400335248 -0.0010919214724701802
leaf_weight=960 14.999999999999998 14.000000000000002 8.0000000000000018 9.9999999999999982 34 16.000000000000004 10.999999999999998 12.000000000000002 8.0000000000000018 9.0000000000000018 10.999999999999998 58 8.9999999999999982 7.9999999999999991 7.9999999999999991 24 75 24 12.999999999999998 150 11.999999999999998 887 23 11.999999999999998 21.000000000000004 17 11.999999999999998 15.999999999999998 8.9999999999999982 8.0000000000000018 8.0000000000000018 9.9999999999999982 7.9999999999999991 7.9999999999999991
leaf_count=960 15 14 8 10 34 16 11 12 8 9 11 58 9 8 8 24 75 24 13 150 12 887 23 12 21 17 12 16 9 8 8 10 8 8
internal_value=-0.000325188 -0.00429539 0.000307946 0.0144224 -0.00898233 -0.00307206 0.0050936 -0.00412456 0.0147607 6.42961e-05 -0.00231242 -0.00829921 0.00907452 0.000569825 -0.011618 -0.00212763 0.00018995 0.00792156 -0.00139592 -0.000404806 0.000453661 0.000337227 -0.000815994 0.00159877 -0.00837277 -0.00163138 0 0.00486667 -0.0158906 0 -0.0151064 -0.00907452 -0.0148338 -0.0140963
internal_weight=2528 224 114 26 110 58 34 88 19 2304 402 117 18 1902 99 32 285 47 238 225 1894 1882 983 899 60 31 36 28 67 16 52 18 29 24
internal_count=2528 224 114 26 110 58 34 88 19 2304 402 117 18 1902 99 32 285 47 238 225 1894 1882 983 899 60 31 36 28 67 16 52 18 29 24
is_linear=0
shrinkage=0.0749534


Tree=201
num_leaves=36
num_cat=0
split_feature=9 2 2 11 7 5 1 7 12 5 6 9 9 9 6 11 7 7 11 6 11 8 0 5 10 10 5 6 8 6 5 9 2 7 2
split_gain=0.923459 0.816338 0.904288 0.851777 0.78532 0.652479 0.513689 0.892331 0.66531 0.982129 1.19583 0.838806 1.81965 1.62762 0.625303 0.550124 0.496329 1.09629 0.847519 1.30628 0.835432 0.578667 0.508659 0.477202 0.475224 0.710956 0.404407 1.61875 1.9089 0.384581 1.00458 0.331777 0.278356 0.252083 0.100709
threshold=1.4839219002231452 -1.2356273598074463 1.1540364298032351 -1.1823054022688861 0.22982680729514457 1.0904228718946121 1.0000000180025095e-35 -0.80814082542608678 0.35096141226961375 0.78648853774055827 0.48662175935266461 0.29363299903492251 0.11283073283941956 0.92101795356571714 -0.26120791094735718 2.4105639061886674 -0.45446296538774017 -0.36476205885627599 1.0133369528996188 -0.23004834135152297 1.612148504309211 0.44319158270011921 3.1757630006382613 -0.14992811538447101 0.83496921589534823 1.6012332040612771 -0.56488356822093333 0.51778132894849893 0.65899364800738247 0.67357917692767011 -0.013814654424607 1.9376065079846942 -0.19654778986787089 -0.21184337057882663 -0.4464723511912117
decision_type=2 2 2 2 2 2 2 2 2 2 2 2 2 2 2 2 2 2 2 2 2 2 2 2 2 2 2 2 2 2 2 2 2 2 2
left_child=6 31 3 5 -4 23 7 26 11 10 -10 12 -9 -13 -11 16 18 21 19 -8 -20 -18 -19 -3 32 -26 27 -1 -29 34 -31 -2 -5 -17 -28
right_child=1 2 4 24 -6 -7 15 8 9 14 -12 13 -14 -15 -16 33 17 22 20 -21 -22 -23 -24 -25 25 -27 29 28 -30 30 -32 -33 -34 -35 -36
leaf_value=0.0069390705983681401 -0.0012002940734649984 0.005409920680338241 0.0025380157517889404 -0.0018963622812562056 -0.00081977218469908943 0.0022806501936831511 -0.0001665199623859967 0.00011508152568670195 -0.0011329660596224359 0.0004243026854523856 0.0003058230905660779 -0.0026428476907343628 0.0012939132097230265 0.00053821676230001434 -2.3464006639132306e-05 -0.0017208960592524517 -0.0048861076346747127 4.6238048039558686e-05 -0.0007738920600111216 0.00057674861696488855 2.7745026234704441e-05 0.00021086629647897137 -0.0020769062054846691 -0.0011010928069373792 0.00058153827174573848 -0.00052406227749165048 -0.0015642135916555245 -0.006867675645182026 0.0051189440580235359 -0.0070725645441677325 0.0065562350443115515 0.00035779521731386341 -0.00074509956356160205 -0.00079068528367630538 -0.013337331416221027
leaf_weight=8.9999999999999982 12.000000000000002 8.0000000000000036 10.000000000000002 52 11.999999999999998 11.999999999999998 91 229 159 9.0000000000000018 57 75 26 33 8.9999999999999982 13.000000000000002 51 1073 74 182 37 11.999999999999998 8.9999999999999982 10 20.000000000000004 10.999999999999998 12.999999999999998 33 7.9999999999999991 42 9.9999999999999982 8.9999999999999982 68 12.999999999999998 37
leaf_count=9 12 8 10 52 12 12 91 229 159 9 57 75 26 33 9 13 51 1073 74 182 37 12 9 10 20 11 13 33 8 42 10 9 68 13 37
internal_value=-5.86046e-05 -0.00462635 -0.00610234 -0.00785539 0.00759127 0.0034128 0.000389266 -0.0012197 9.10892e-05 -0.00300436 -0.00445267 0.00209773 0.00443322 -0.00337785 0.0127358 0.001166 0.00135709 0.000570151 0.00368075 0.00591213 -0.00180231 -0.00884774 0.00113892 -0.00541326 -0.0101235 -0.00163138 -0.00629748 -0.000683547 -0.00729072 -0.00895271 -0.00409844 0.00871302 -0.0122269 -0.00915731 -0.0135396
internal_weight=2528 224 203 181 22 30 2304 749 597 234 216 363 255 108 18 1555 1529 1145 384 273 111 63 1082 18 151 31 152 50 41 102 52 21 120 26 50
internal_count=2528 224 203 181 22 30 2304 749 597 234 216 363 255 108 18 1555 1529 1145 384 273 111 63 1082 18 151 31 152 50 41 102 52 21 120 26 50
is_linear=0
shrinkage=0.0749534


Tree=202
num_leaves=37
num_cat=0
split_feature=7 7 0 16 5 5 11 9 0 9 5 10 10 5 9 12 9 9 14 2 18 5 5 9 6 2 6 2 7 3 10 6 17 6 3 15
split_gain=0.52746 1.0671 0.898365 0.911233 1.92178 1.35656 0.668702 0.618835 1.17695 1.19166 0.991553 0.943851 1.53131 1.08397 0.849541 0.770221 0.816469 1.08751 0.626401 0.817316 0.582638 0.652373 0.850877 0.749078 0.638239 0.615446 0.747278 0.693902 0.974057 0.653756 0.521301 0.475048 0.41816 0.313624 0.268951 0.240139
threshold=-0.31265010363323603 -0.18706883448918477 1.01557764731833 1.0000000180025095e-35 -0.72443888049799909 -0.54324868194616649 2.4105639061886674 -0.12047986818428813 1.0000000180025095e-35 1.3305827584955294 -0.051895948237020796 0.72283832306409346 1.162947861247704 -0.50487008582698578 2.190158596410988 -0.67414598255139557 -0.46672971087649046 -0.52088778291212168 1.0000000180025095e-35 0.96709717874701928 1.0000000180025095e-35 -1.0237405522185019 -0.71241959964425283 0.71982376240534307 0.70473874652350432 0.4117469252584019 -0.6662823156932024 0.037200872361273708 0.11791424771779477 -0.71819098996271269 -0.089020814202466395 1.0786535816735154 1.0000000180025095e-35 0.26850477218182484 0.48372275356416444 1.0000000180025095e-35
decision_type=2 2 2 2 2 2 2 2 2 2 2 2 2 2 2 2 2 2 2 2 2 2 2 2 2 2 2 2 2 2 2 2 2 2 2 2
left_child=6 2 3 4 -2 -6 7 15 11 10 -10 13 -13 -9 -11 16 17 -1 19 -17 21 32 24 -24 -23 27 -27 29 -29 -22 -20 34 -3 -28 -5 -18
right_child=1 20 -4 31 5 -7 -8 8 9 14 -12 12 -14 -15 -16 18 35 -19 30 -21 25 22 23 -25 -26 26 33 28 -30 -31 -32 -33 -34 -35 -36 -37
leaf_value=0.00016083584143542447 0.014701444498550664 -0.0002382570594303695 0.0012377125989287755 -0.0096403127177939682 -0.0041806396532694688 0.00041222059036613226 -0.0029400099358983202 0.0002341961543738296 0.0016291464473844081 -0.0012595507534242162 -1.5049590777043035e-05 0.0023509077276686785 -0.00061506935549784523 -0.0019912967628233631 0.00012724460999825719 -0.0016832974937416264 -0.004944135706960423 0.001067684716392444 0.00014750918078021492 0.00028203490642269614 3.1104553809830927e-05 -0.001591332490598933 0.00011828063296623815 -0.00030590950839685341 0.00010168885264314389 -0.0033565791349522106 2.0145411550212713e-05 -0.00010871677643708796 0.0065491011488318712 -0.00017338589623867639 -0.0015815916978350665 -0.0065244856646912673 0.00042596523539083138 -0.0010283119324010753 0.00029390430122851392 8.6226503589718534e-05
leaf_weight=86 14.999999999999998 14.000000000000002 14.999999999999998 9.9999999999999982 19 83 14.999999999999998 90 113 30 61 19 35 118 8.9999999999999982 138 14 12.999999999999998 20 58 204 75 535 142 12.999999999999998 27 31 28 26 313 67 11.999999999999998 13.999999999999998 29 29 8
leaf_count=86 15 14 15 10 19 83 15 90 113 30 61 19 35 118 9 138 14 13 20 58 204 75 535 142 13 27 31 28 26 313 67 12 14 29 29 8
internal_value=0 0.000800548 0.00615419 0.00438737 0.00798552 0.00393057 -0.00146137 -0.00116737 0.000663793 0.00477556 0.0074237 -0.00268629 0.00594419 -0.00497804 -0.00673865 -0.00331524 0.00165634 0.00460077 -0.00544247 -0.00301311 0.000114922 0.00148202 0.00104778 0.00195566 -0.0057815 -0.00152961 -0.00731215 -0.000618023 0.00727146 -0.00147585 -0.0106631 -0.00382466 0.0122459 -0.00237382 0.000413019 -0.0106541
internal_weight=2528 1634 183 168 117 102 894 879 475 213 174 262 54 208 39 404 121 99 283 196 1451 793 765 677 88 658 87 571 54 517 87 51 28 60 39 22
internal_count=2528 1634 183 168 117 102 894 879 475 213 174 262 54 208 39 404 121 99 283 196 1451 793 765 677 88 658 87 571 54 517 87 51 28 60 39 22
is_linear=0
shrinkage=0.0749534


Tree=203
num_leaves=21
num_cat=0
split_feature=11 10 9 13 10 3 6 7 0 13 10 17 9 9 1 7 9 9 6 8
split_gain=0.506332 1.17234 1.16536 0.956472 0.88891 0.851656 0.798878 0.682663 0.663625 0.582875 0.549282 0.545664 0.510239 0.7767 0.637787 0.569366 0.631442 0.389613 0.318234 0.223081
threshold=0.8137331024297545 1.813961127238173 -1.0145173346674259 -0.32237809849077359 1.3941018469968831 -0.24149852641735717 2.169238517527714 -0.85683560325745134 -1.0000000180025095e-35 4.755930482735903 1.6359476047304546 1.0000000180025095e-35 -0.91835253967542507 -0.76863339811635567 1.0000000180025095e-35 -1.260916829823002 0.043538787518273656 0.35131760949051516 0.89169616409850982 1.2480807994635363
decision_type=2 2 2 2 2 2 2 2 2 2 2 2 2 2 2 2 2 2 2 2
left_child=1 6 3 4 18 -3 9 -8 -7 10 17 -5 -4 14 -14 19 -17 -1 -2 -15
right_child=2 5 12 11 -6 8 7 -9 -10 -11 -12 -13 13 15 -16 16 -18 -19 -20 -21
leaf_value=5.3093073528562235e-05 0.0010439228806633483 0.00075101813515859297 -0.0022183824421294698 -0.0029288142494290721 -0.0022648574564233226 0.00057004777096612727 0.014249145052504714 5.8065633658546846e-06 -0.00013079139545440536 0.0021633878071601205 -0.0011595809579161187 7.7237417192320437e-05 -0.0028183141547897259 -0.0055780842287533701 0.0096848797237036738 -0.00064714335738826805 1.6554440378393011e-05 -9.3972466668853287e-05 0.00029704958066761248 -0.0020144143902097165
leaf_weight=1261 21 8.9999999999999982 14.999999999999998 16.000000000000004 10.999999999999998 14 8.0000000000000018 10.999999999999998 13 14.999999999999998 17 13.999999999999998 11 37 15 176 197 648 10.999999999999998 7.9999999999999991
leaf_count=1261 21 9 15 16 11 14 8 11 13 15 17 14 11 37 15 176 197 648 11 8
internal_value=8.82249e-05 0.000636786 -0.00196032 0.00668229 0.0135634 0.013596 0.000381113 0.0147607 0.0056676 0.000220931 9.63322e-05 -0.0034128 -0.00336678 -0.00285034 0.00915731 -0.00365051 -0.00264074 0.000224629 0.0195222 -0.0114131
internal_weight=2528 1996 532 73 43 36 1960 19 27 1941 1926 30 459 444 26 418 373 1909 32 45
internal_count=2528 1996 532 73 43 36 1960 19 27 1941 1926 30 459 444 26 418 373 1909 32 45
is_linear=0
shrinkage=0.0749534


Tree=204
num_leaves=10
num_cat=0
split_feature=7 11 11 8 7 1 3 7 4
split_gain=0.500951 0.448144 0.604736 0.42636 0.415362 0.681236 0.43696 0.306478 0.00335068
threshold=4.667031650384919 2.4105639061886674 2.2109600557188034 3.3318391215038683 -2.3911482521194523 1.0000000180025095e-35 0.26419906212908378 0.43571174514355432 -0.97754370077736419
decision_type=2 2 2 2 2 2 2 2 2
left_child=1 2 3 4 5 -1 -6 8 -3
right_child=-2 7 -4 -5 6 -7 -8 -9 -10
leaf_value=-0.0057495435971326803 0.00059131231891329896 -0.00086047403013422483 0.0012992064717241144 -0.0048465581633174758 3.7841322683593834e-05 0.00024781617385126605 -4.5712114919197956e-05 -0.00012674200147549911 -0.0093995014924037976
leaf_weight=53 9.9999999999999982 12.999999999999998 14.999999999999998 8.9999999999999982 1522 17 870 10.999999999999998 8.0000000000000018
leaf_count=53 10 13 15 9 1522 17 870 11 8
internal_value=-8.82249e-05 -0.00016292 -4.45336e-05 -0.000143288 -7.53808e-05 -0.0056661 9.32358e-05 -0.00865061 -0.013503
internal_weight=2528 2518 2486 2471 2462 70 2392 32 21
internal_count=2528 2518 2486 2471 2462 70 2392 32 21
is_linear=0
shrinkage=0.0749534


Tree=205
num_leaves=10
num_cat=0
split_feature=7 11 11 8 2 3 13 7 6
split_gain=0.494986 0.457615 0.596904 0.431792 0.390087 0.755122 0.748274 0.306478 0.00335068
threshold=4.667031650384919 2.4105639061886674 2.2109600557188034 3.3318391215038683 0.30202974838214497 0.97096735872971396 0.066817778544226755 0.43571174514355432 1.8576428215693714
decision_type=2 2 2 2 2 2 2 2 2
left_child=1 2 3 4 5 -1 -6 8 -3
right_child=-2 7 -4 -5 6 -7 -8 -9 -10
leaf_value=4.178736866089116e-05 0.00054699144298392193 -0.0074207152586686243 0.0012018265136239409 -0.0044832920919534907 -8.7638657269830132e-05 -0.00050026890104005366 0.00010048800694787361 -0.00011724225600626703 -0.00079597856553768594
leaf_weight=1530 9.9999999999999982 8.0000000000000018 14.999999999999998 8.9999999999999982 740 41 151 10.999999999999998 12.999999999999998
leaf_count=1530 10 8 15 9 740 41 151 11 13
internal_value=0 -7.3706e-05 4.45336e-05 -5.23793e-05 1.45537e-05 0.000725421 -0.00123558 -0.00865061 -0.013503
internal_weight=2528 2518 2486 2471 2462 1571 891 32 21
internal_count=2528 2518 2486 2471 2462 1571 891 32 21
is_linear=0
shrinkage=0.0749534


Tree=206
num_leaves=24
num_cat=0
split_feature=16 11 8 13 4 0 7 8 14 12 8 7 8 12 6 12 8 7 5 7 5 0 8
split_gain=0.325238 0.952163 2.74205 0.978752 0.735288 1.16523 1.064 0.911426 0.725269 0.627406 0.377883 0.346401 0.860845 0.622447 1.35288 1.0378 0.940299 0.695545 0.654067 0.484774 0.409182 0.317524 0.00642552
threshold=1.6165153522599058 -0.18428614991956593 -0.24997826715789098 -0.13536255541456957 -0.3200211250365545 1.0000000180025095e-35 -0.076010569259752886 -0.22426487692684852 2.933049057447366 1.0000000180025095e-35 0.8136468501624029 0.35199089904751929 2.2758293265595655 2.4011762019116332 0.36198348096932759 1.3760688070906235 0.70660895557243275 0.22042956946803882 0.15900289449654589 0.35540807643919475 -0.69029202587466065 1.0000000180025095e-35 -0.24096765862772554
decision_type=2 2 2 2 2 2 2 2 2 2 2 2 2 2 2 2 2 2 2 2 2 2 2
left_child=8 2 -2 4 5 6 -3 -6 11 -10 -4 13 19 15 16 17 -15 -1 -17 -13 -21 -16 -7
right_child=1 3 10 -5 7 22 -8 -9 9 -11 -12 12 -14 14 21 18 -18 -19 -20 20 -22 -23 -24
leaf_value=3.9792900000193169e-08 0.0030562746439168386 -0.0023580346371665645 -0.0040429889779748287 -0.0028710539279460157 -0.001886176814730292 -0.00076306131575004492 0.0012744308301808932 0.0087769033627412077 0.0030002887348903637 -0.0053333246737450437 6.0254529786047798e-05 0.0012774919709690857 -0.0012467426932704479 -0.00055075284913712655 0.00046621326629330841 -0.0025236901109979685 0.0015836955482487463 -0.00042749012873659955 0.00032595352511770044 -0.0001273345540532397 5.3855452253832608e-05 0.0075542112676476323 -0.003195529715545869
leaf_weight=1283 17 9.0000000000000018 9.0000000000000018 15.999999999999998 10.000000000000002 8 10.999999999999998 11.999999999999998 11.000000000000002 8.9999999999999982 12.999999999999998 14.999999999999998 13.999999999999998 27 10.000000000000002 76 15.999999999999998 236 10.999999999999998 68 624 8.9999999999999982 14
leaf_count=1283 17 9 9 16 10 8 11 12 11 9 13 15 14 27 10 76 16 236 11 68 624 9 14
internal_value=5.86046e-05 0.00384326 0.0130643 -0.000889317 0.00335856 -0.00249191 0.0099346 0.0137169 -0.000131431 0.01327 -0.00452845 -0.000257898 0.0011115 -0.000851559 0.00636918 -0.00114068 -0.00120086 -0.000676319 -0.00898761 0.0015032 0.0011849 0.0217422 -0.0137169
internal_weight=2528 119 39 80 64 42 20 22 2409 20 22 2389 721 1668 62 1606 43 1519 87 707 692 19 22
internal_count=2528 119 39 80 64 42 20 22 2409 20 22 2389 721 1668 62 1606 43 1519 87 707 692 19 22
is_linear=0
shrinkage=0.0749534


Tree=207
num_leaves=24
num_cat=0
split_feature=9 4 11 6 5 9 5 6 10 9 9 9 14 9 5 6 5 9 6 6 4 11 4
split_gain=0.434887 2.31604 1.67319 0.823601 0.760835 0.600834 0.530217 0.523025 0.892784 0.814638 0.69847 0.855472 0.475622 1.20374 0.713799 0.490788 0.686916 0.592081 0.390676 0.389025 0.375048 0.348757 0.208367
threshold=-1.6492544703013423 -0.88164098179135575 -0.78309770132915812 1.016334442481847 0.14143665816916359 -1.5374899498075074 -0.75438407188518264 1.016334442481847 2.1830155213269049 0.81397617791231502 -1.1885690769643171 -0.18824370986378872 1.7092913388094815 0.4368248712950028 -0.45172830697472011 -1.1025162900348817 -0.013814654424607 0.27364381271469745 -0.79092059407653936 0.20618563299015633 1.0237497556743858 -0.38389000038943 -0.53985902764077009
decision_type=2 2 2 2 2 2 2 2 2 2 2 2 2 2 2 2 2 2 2 2 2 2 2
left_child=1 19 18 4 6 22 -4 12 10 -10 -9 -12 15 21 -15 16 -7 -17 -3 -1 -6 -14 -2
right_child=5 2 3 -5 20 7 -8 8 9 -11 11 -13 13 14 -16 17 -18 -19 -20 -21 -22 -23 -24
leaf_value=0.004032637989078134 -0.016496165056786308 6.6641065138161793e-05 -0.00036067494117469358 0.00012390873434262403 0.0017952243158608789 -0.0014207705360821407 -0.0032436083836261949 0.00027477821140069148 0.0014777305555034592 -0.0028439623000558593 -0.0017685661068037666 -7.0733958956769504e-05 -0.00011207042633257848 0.0021154997358019435 -0.00011935348682787826 9.2738913648158993e-05 -6.7451191069296766e-05 -3.117963167718647e-05 0.018024921495741402 0.0005740625141678774 -0.0025305324443049694 -0.0017184663000429045 -0.0014012418519505155
leaf_weight=9.0000000000000018 15.000000000000002 14.000000000000002 14.999999999999998 13.999999999999998 14.000000000000002 43 48 10.999999999999998 14.000000000000002 7.9999999999999991 102 148 12.999999999999998 13.000000000000002 15.999999999999998 1100 144 708 9.9999999999999982 8.9999999999999982 7.9999999999999991 37 14.999999999999998
leaf_count=9 15 14 15 14 14 43 48 11 14 8 102 148 13 13 16 1100 144 708 10 9 8 37 15
internal_value=2.89842e-05 0.00403758 0.000136514 -0.00423144 -0.00705089 -0.000211062 -0.0111374 -7.07936e-05 -0.00307944 0.0106541 -0.00433226 -0.00518899 0.000342142 -0.00527018 0.00649822 0.000571437 -0.00305733 0.000951309 0.0169277 0.0273808 0.00452845 -0.0121111 -0.0103375
internal_weight=2528 141 123 99 85 2387 63 2357 283 22 261 250 2074 79 29 1995 187 1808 24 18 22 50 30
internal_count=2528 141 123 99 85 2387 63 2357 283 22 261 250 2074 79 29 1995 187 1808 24 18 22 50 30
is_linear=0
shrinkage=0.0749534


Tree=208
num_leaves=29
num_cat=0
split_feature=10 5 3 13 13 7 10 4 13 11 13 3 6 9 5 7 12 10 3 3 8 8 11 5 4 8 8 7
split_gain=0.67614 1.09973 0.765286 0.978865 1.80521 1.22692 1.14331 0.964464 0.90707 1.03154 0.963241 1.27634 0.935573 0.832059 0.831644 0.810231 0.798684 0.782704 0.659858 0.618162 0.491946 0.484204 0.477202 0.41341 0.365609 0.245676 0.170806 0.0478082
threshold=3.2013904105651605 1.1768908611797355 0.26419906212908378 0.066817778544226755 -0.16431896647030098 -0.51597215843788702 1.2626209112983975 0.55216903089538383 0.77864851762156062 -1.1823054022688861 -0.29826027241931857 0.13065535883886734 1.1098131512693497 1.2339744842072349 -1.1714853796827731 -0.24003508406014382 0.86351510968011858 1.534805119639888 -0.20245104142657885 -0.77201283333510051 -0.43029172833784163 -0.46938107939774582 -0.58349385085929406 -0.09794126494740589 0.12445874471937521 -0.72043850562768286 0.28022981159360905 0.052133582928053306
decision_type=2 2 2 2 2 2 2 2 2 2 2 2 2 2 2 2 2 2 2 2 2 2 2 2 2 2 2 2
left_child=2 -2 8 4 6 21 13 15 10 24 14 12 -12 -4 -1 -7 19 -16 -18 -11 -13 23 -9 -5 -10 -8 -23 -6
right_child=1 -3 3 5 27 7 25 22 9 16 11 20 -14 -15 17 -17 18 -19 -20 -21 -22 26 -24 -25 -26 -27 -28 -29
leaf_value=0.00022773186052494073 0.00098493326953060195 -0.011277870262798912 -9.5076955096684598e-05 -0.0034269771226377401 -0.0054876151350080815 0.0017123159922912297 -0.0011818861596961448 0.009230655796198568 -0.0025678198240001245 -0.00014689968303749546 0.00011213201763691914 0.023303351798369412 0.00052867212713322007 0.00022200255611313016 2.9202657500550837e-06 0.00010241352924032775 -0.00068550528919932615 0.00038428656748821106 0.00093330938834275845 -0.0039053061527442399 0.012607659630504085 -0.0023165265598617136 -0.0091068641770748193 0.0061973785952636386 0.00084633126119874815 -0.00018842046115228039 -0.00095885272170178281 -7.7892814400406873e-05
leaf_weight=12.999999999999998 12.000000000000002 7.9999999999999991 555 7.9999999999999991 40 32 22 8.0000000000000018 11.000000000000002 42 263 10.000000000000002 10.999999999999998 76 1121 37 23 40 14.999999999999998 61 7.9999999999999991 16.000000000000004 9.9999999999999982 7.9999999999999991 7.9999999999999991 52 9.9999999999999982 7.9999999999999991
leaf_count=13 12 8 555 8 40 32 22 8 11 42 263 10 11 76 1121 37 23 40 15 61 8 16 10 8 8 52 10 8
internal_value=0.000325188 0.01327 0.000208353 -0.00156594 -0.00260224 0.0044061 -0.00161339 0.00940647 0.0011727 -0.00414207 0.00175984 0.0055943 0.00419633 -0.000559487 0.000795011 0.0133485 -0.00638849 0.000562311 0.0027382 -0.00975614 0.0237196 -0.00586273 -0.00541326 0.00397053 0.01127 -0.0102704 -0.0117898 -0.0163036
internal_weight=2528 20 2508 882 753 129 705 87 1626 160 1466 292 274 631 1174 69 141 1161 38 103 18 42 18 16 19 74 26 48
internal_count=2528 20 2508 882 753 129 705 87 1626 160 1466 292 274 631 1174 69 141 1161 38 103 18 42 18 16 19 74 26 48
is_linear=0
shrinkage=0.0749534


Tree=209
num_leaves=36
num_cat=0
split_feature=3 13 13 8 11 5 8 8 11 4 7 3 8 5 8 18 9 7 0 6 5 7 8 8 6 6 5 8 5 13 6 5 4 5 9
split_gain=0.483146 0.684767 1.65534 0.719621 1.25615 0.978059 0.855968 1.09628 0.724868 0.720735 0.544546 0.583498 1.047 1.01085 0.550179 1.3583 0.693285 0.457034 0.667959 0.454798 0.966559 0.600145 0.805934 0.45439 0.433841 0.692376 1.65309 0.546476 0.429747 0.316328 0.305467 0.260911 0.225638 0.205892 0.0271865
threshold=0.26419906212908378 0.066817778544226755 -0.16431896647030098 -0.44644187726266371 -0.38389000038943 -0.2667915560105833 0.24059204389287667 0.94956349625043712 0.41452540149002631 -0.5095043775246294 0.24776698860143817 0.57194108049591175 0.75869737685808669 -1.0305524190386965 -0.64211977380152041 1.0000000180025095e-35 0.66111494389019321 -2.4560746225612746 1.0000000180025095e-35 0.89169616409850982 -0.34560719799082434 -1.2446852372125468 -1.0260727101997211 -0.78175041902399667 0.79821745531100707 0.67357917692767011 -0.33359692485134973 -1.0811636381598648 -0.045832712166879591 0.018297846400106201 0.11270692420265362 -0.55500941399647818 -0.26695422524652707 -0.68785585454374698 -0.76863339811635567
decision_type=2 2 2 2 2 2 2 2 2 2 2 2 2 2 2 2 2 2 2 2 2 2 2 2 2 2 2 2 2 2 2 2 2 2 2
left_child=17 2 10 4 23 6 -5 -8 30 -10 11 13 -13 -2 15 -12 -16 18 28 24 21 -21 -23 -3 25 27 -27 -19 31 -4 -6 -1 -7 -26 -33
right_child=1 3 29 5 8 32 7 -9 9 -11 14 12 -14 -15 16 -17 -18 19 -20 20 -22 22 -24 -25 33 26 -28 -29 -30 -31 -32 34 -34 -35 -36
leaf_value=-0.0014115751561452324 0.00086660621228693176 0.003966173625051095 -0.004056461638171807 -0.0013668239207169234 -0.0019235112523933221 -0.0068804018985772356 0.0066295153037393617 -6.1101399804376857e-05 0.00085187508355529537 -0.00029273098907091691 0.0007368981598721131 0.00013689051982196564 -0.00047689435969522158 -0.00051981956113120729 -0.0015545328441753305 -0.0019797807847146739 -0.00037187947187941741 0.00042177141047371224 0.00076699593452930087 -0.0053552060625540231 0.0021652151411169968 -0.0033439508546325397 0.0002021943222059968 0.017765159766413279 -0.0021679261555922927 -0.013972203115537615 0.0070506537909756249 1.4652909453146963e-05 0.0035979125070679558 -0.0076630751453423468 -0.0050199531594514206 -0.027412780428241312 -0.00070702066834216312 -0.013422935601764543 -0.0099752226346640771
leaf_weight=7.9999999999999956 8.9999999999999982 14.000000000000002 40 14.999999999999998 11.000000000000002 18.000000000000004 11.000000000000002 12.999999999999998 9.0000000000000018 12.999999999999998 15.999999999999998 335 101 162 46 11.000000000000002 33 139 8.9999999999999982 7.9999999999999991 14.999999999999998 7.9999999999999991 54 7.9999999999999991 8.0000000000000018 12.000000000000002 9.9999999999999982 1312 8.9999999999999982 8.9999999999999982 10.999999999999998 7.9999999999999991 8.9999999999999982 10.999999999999998 23.000000000000007
leaf_count=8 9 14 40 15 11 18 11 13 9 13 16 335 101 162 46 11 33 139 9 8 15 8 54 8 8 12 10 1312 9 9 11 8 9 11 23
internal_value=0.000354808 -0.00104332 -0.00190979 0.00388976 0.00928108 -0.00161848 0.00583499 0.0140963 0.00157824 0.0106541 -0.000966788 -8.95947e-05 0.00136387 -0.0037714 -0.0058586 0.00312439 -0.00895014 0.00112116 -0.00532927 0.0013633 0.00662245 0.00256339 0.00520661 0.0229054 0.00105215 0.0012054 0.0137169 0.000991587 -0.0088784 -0.0148947 -0.00759127 -0.0121606 -0.0120256 -0.00952459 -0.0150671
internal_weight=2528 894 762 132 66 66 39 24 44 22 713 607 436 171 106 27 79 1634 57 1577 85 70 62 22 1492 1473 22 1451 48 49 22 39 27 19 31
internal_count=2528 894 762 132 66 66 39 24 44 22 713 607 436 171 106 27 79 1634 57 1577 85 70 62 22 1492 1473 22 1451 48 49 22 39 27 19 31
is_linear=0
shrinkage=0.0749534


Tree=210
num_leaves=22
num_cat=0
split_feature=10 7 7 13 11 7 1 11 8 9 11 8 15 6 8 6 6 10 9 8 9
split_gain=0.731172 0.676559 0.743295 0.660065 0.895941 1.46729 0.642718 0.768863 0.990254 1.02816 0.751655 0.637846 0.49705 0.816967 0.371991 0.434215 1.6675 0.391231 0.353429 0.348633 0.288613
threshold=3.3501031349560941 -0.95166227587642915 -0.91236473587216793 3.8747842524045359 -1.1823054022688861 -0.3451132888541466 1.0000000180025095e-35 1.0133369528996188 0.071273264979403408 -0.18824370986378872 1.8117523547790746 1.3536992631682623 2.1112254216092903 0.70473874652350432 0.8136468501624029 0.36198348096932759 0.14386649379848784 0.54956181016270034 0.54972844088315587 1.412926094645593 -0.37539256288986406
decision_type=2 2 2 2 2 2 2 2 2 2 2 2 2 2 2 2 2 2 2 2 2
left_child=1 6 -3 12 -5 -6 14 8 9 -8 20 -10 18 -14 15 16 -1 -17 -4 -16 -9
right_child=-2 2 3 4 5 -7 7 10 11 -11 -12 -13 13 -15 19 17 -18 -19 -20 -21 -22
leaf_value=-0.015803171532252348 0.00087427187053890282 0.0016573758893684231 1.311607296652708e-05 0.0084237795831019723 0.004167596402947827 -0.0012719087005449961 -0.00039140013170298595 -9.4147013820046837e-05 -0.0032601290891372332 0.00077433017689253778 0.00036269897309565565 0.0022307034659263918 0.00020387843111352002 -0.0015929243710617459 0.0030902545878004248 -0.0061637469749533953 0.011965084614994008 -0.001360344930127059 -6.6203322730321243e-05 -0.0085601742079050979 -0.0019822168098863968
leaf_weight=20.000000000000004 13.999999999999998 10.999999999999998 1549 7.9999999999999991 10.999999999999998 26 17 30 13.000000000000002 22 11.999999999999998 10.999999999999998 74 7.9999999999999991 9.0000000000000018 46 9.9999999999999982 34 564 12.999999999999998 26
leaf_count=20 14 11 1549 8 11 26 17 30 13 22 12 11 74 8 9 46 10 34 564 13 26
internal_value=8.82249e-05 -1.42529e-05 0.000406737 0.000300102 0.00904475 0.00328229 -0.00359377 0.000128332 0.0059857 0.0130643 -0.00529511 -0.00560203 0.000110122 0.0057485 -0.0072341 -0.00898233 -0.00110455 -0.0117953 -0.00011439 0.00146564 -0.00894555
internal_weight=2528 2514 2251 2240 45 37 263 131 63 39 68 24 2195 82 132 110 30 80 2113 22 56
internal_count=2528 2514 2251 2240 45 37 263 131 63 39 68 24 2195 82 132 110 30 80 2113 22 56
is_linear=0
shrinkage=0.0749534


Tree=211
num_leaves=22
num_cat=0
split_feature=10 7 17 6 7 9 4 1 9 15 6 4 6 8 9 4 11 4 7 4 8
split_gain=0.728422 0.630422 0.539879 0.536908 0.668651 0.922161 0.592389 0.689154 0.553122 0.478517 0.760318 0.815387 0.427643 0.420558 1.24874 0.866084 0.761921 1.11939 0.738507 0.397365 0.161893
threshold=3.3501031349560941 -1.260916829823002 1.0000000180025095e-35 0.39314305056516186 -2.3911482521194523 0.084056136878071314 -0.71153635366199253 1.0000000180025095e-35 -0.84774096032884483 2.1112254216092903 -0.29236748054319145 -0.9625870330822931 -0.043090923776517541 -0.66147292729822549 -1.9531483230905333 -1.065849358730915 -0.38389000038943 -1.065849358730915 -0.27933262406440512 -1.0321137360984209 0.19951165730379497
decision_type=2 2 2 2 2 2 2 2 2 2 2 2 2 2 2 2 2 2 2 2 2
left_child=1 2 3 4 -1 -6 7 -5 -8 13 20 19 -13 16 -15 -16 17 -3 -18 -12 -11
right_child=-2 9 -4 6 5 -7 8 -9 -10 10 11 12 -14 14 15 -17 18 -19 -20 -21 -22
leaf_value=-0.014819746213267437 0.00080874221072407208 0.00066157118925756146 -0.0047152140270281364 -0.0016134805981702321 -0.0008167841731116024 0.019883904395340889 0.00031441178192125101 0.00067307601820531507 -0.002578142454023151 -0.0040929670951793309 0.00027776258846037627 0.0042031914684598666 0.00018365659371181447 0.011562695243768475 -0.00032984123002265071 3.6330453885641101e-05 -0.00080182353328637373 2.4780150170278749e-05 -3.5121309493620684e-05 -0.016887331964371786 -0.0070357741584612474
leaf_weight=13.999999999999998 13.999999999999998 8.9999999999999982 17 40 10.000000000000002 9.9999999999999982 8.9999999999999982 15.999999999999998 43 7.9999999999999991 12.000000000000002 7.9999999999999991 41 10.999999999999998 106 1448 161 300 235 7.9999999999999991 7.9999999999999991
leaf_count=14 14 9 17 40 10 10 9 16 43 8 12 8 41 11 106 1448 161 300 235 8 8
internal_value=0.000117845 1.42529e-05 -0.00451587 -0.00284231 0.0050936 0.01327 -0.00541329 0 -0.0109784 0.000325205 0.00576557 0.00915369 0.0141666 0.000114733 0.000799925 0.000600915 -0.0014015 0.00137853 -0.0035699 -0.00326378 -0.0080282
internal_weight=2528 2514 159 142 34 20 108 56 52 2355 85 69 49 2270 1565 1554 705 309 396 20 16
internal_count=2528 2514 159 142 34 20 108 56 52 2355 85 69 49 2270 1565 1554 705 309 396 20 16
is_linear=0
shrinkage=0.0749534


end of trees

feature_importances:
dist_to_mrt_meter=639
t_mean_24h_idw=617
dist_to_rail_meter=600
aqi_idw=578
count_med_500m=444
MASTER_UP_rate=436
Sex_ratio=433
Dependency_ratio=409
popdense=390
count_phar_500m=267
daily_rain_idw=227
建物現況格局-衛=175
count_temp_500m=155
建物現況格局-廳=118
count_poli_500m=93
count_post_500m=79
電梯_無=77
count_fire_500m=63
count_mall_500m=49
建物現況格局-隔間_無=15

parameters:
[boosting: gbdt]
[objective: quantile]
[metric: quantile]
[tree_learner: serial]
[device_type: cpu]
[data_sample_strategy: bagging]
[data: ]
[valid: ]
[num_iterations: 212]
[learning_rate: 0.0749534]
[num_leaves: 90]
[num_threads: -1]
[seed: 42]
[deterministic: 0]
[force_col_wise: 0]
[force_row_wise: 0]
[histogram_pool_size: -1]
[max_depth: 6]
[min_data_in_leaf: 8]
[min_sum_hessian_in_leaf: 0.001]
[bagging_fraction: 0.957343]
[pos_bagging_fraction: 1]
[neg_bagging_fraction: 1]
[bagging_freq: 0]
[bagging_seed: 400]
[bagging_by_query: 0]
[feature_fraction: 0.794098]
[feature_fraction_bynode: 1]
[feature_fraction_seed: 30056]
[extra_trees: 0]
[extra_seed: 12879]
[early_stopping_round: 0]
[early_stopping_min_delta: 0]
[first_metric_only: 0]
[max_delta_step: 0]
[lambda_l1: 0.0214749]
[lambda_l2: 2.47204]
[linear_lambda: 0]
[min_gain_to_split: 0]
[drop_rate: 0.1]
[max_drop: 50]
[skip_drop: 0.5]
[xgboost_dart_mode: 0]
[uniform_drop: 0]
[drop_seed: 17869]
[top_rate: 0.2]
[other_rate: 0.1]
[min_data_per_group: 100]
[max_cat_threshold: 32]
[cat_l2: 10]
[cat_smooth: 10]
[max_cat_to_onehot: 4]
[top_k: 20]
[monotone_constraints: ]
[monotone_constraints_method: basic]
[monotone_penalty: 0]
[feature_contri: ]
[forcedsplits_filename: ]
[refit_decay_rate: 0.9]
[cegb_tradeoff: 1]
[cegb_penalty_split: 0]
[cegb_penalty_feature_lazy: ]
[cegb_penalty_feature_coupled: ]
[path_smooth: 0]
[interaction_constraints: ]
[verbosity: -1]
[saved_feature_importance_type: 0]
[use_quantized_grad: 0]
[num_grad_quant_bins: 4]
[quant_train_renew_leaf: 0]
[stochastic_rounding: 1]
[linear_tree: 0]
[max_bin: 255]
[max_bin_by_feature: ]
[min_data_in_bin: 3]
[bin_construct_sample_cnt: 200000]
[data_random_seed: 175]
[is_enable_sparse: 1]
[enable_bundle: 1]
[use_missing: 1]
[zero_as_missing: 0]
[feature_pre_filter: 1]
[pre_partition: 0]
[two_round: 0]
[header: 0]
[label_column: ]
[weight_column: ]
[group_column: ]
[ignore_column: ]
[categorical_feature: ]
[forcedbins_filename: ]
[precise_float_parser: 0]
[parser_config_file: ]
[objective_seed: 16083]
[num_class: 1]
[is_unbalance: 0]
[scale_pos_weight: 1]
[sigmoid: 1]
[boost_from_average: 1]
[reg_sqrt: 0]
[alpha: 0.75]
[fair_c: 1]
[poisson_max_delta_step: 0.7]
[tweedie_variance_power: 1.5]
[lambdarank_truncation_level: 30]
[lambdarank_norm: 1]
[label_gain: ]
[lambdarank_position_bias_regularization: 0]
[eval_at: ]
[multi_error_top_k: 1]
[auc_mu_weights: ]
[num_machines: 1]
[local_listen_port: 12400]
[time_out: 120]
[machine_list_filename: ]
[machines: ]
[gpu_platform_id: -1]
[gpu_device_id: -1]
[gpu_use_dp: 0]
[num_gpu: 1]

end of parameters

pandas_categorical:[]
