tree
version=v4
num_class=1
num_tree_per_iteration=1
label_index=0
max_feature_idx=19
objective=quantile
feature_names=建物現況格局-衛 建物現況格局-廳 MASTER_UP_rate Dependency_ratio dist_to_rail_meter dist_to_mrt_meter count_med_500m Sex_ratio aqi_idw t_mean_24h_idw popdense count_phar_500m count_temp_500m daily_rain_idw count_post_500m count_poli_500m count_mall_500m count_fire_500m 電梯_無 建物現況格局-隔間_無
feature_infos=[-1.6846540443315836:22.077384842187652] [-2.1259593613880639:26.475239439521118] [-2.4170134510020342:3.5752587849044657] [-1.8892498782269749:3.1245438320179528] [-1.3103824493160461:3.7431086074483462] [-1.3066096327063277:8.5944915877760373] [-1.1804152140244677:6.1420836409965807] [-2.8405070791246927:6.1073719209758597] [-2.3341141445804867:4.1248873432319106] [-2.4860616305895213:2.8565541989425096] [-1.6269077044482492:4.4558558657401344] [-1.4817111779736825:4.3068004856523761] [-0.93042283125664804:4.1951141428483991] [-0.3444505409976758:10.599237664700428] [-1.3501029577852293:7.2162010726799597] [-0.95119015437664345:3.94867476720085] [-0.36276337417521298:10.193389833478754] [-0.586906633579934:4.8628636866774517] [-0.75898606731221685:1.3175472423904715] [-0.21731204203233151:4.6016778023337563]
tree_sizes=3109 3256 3135 3228 3173 3266 3245 3245 3234 3267 3172 3208 3266 3205 3296 3245 3176 3261 3206 3239 3169 3142 3254 3215 3236 3217 3216 3248 3199 3169 3198 3195 3222 3179 3229 3174 3157 3207 3250 3210 3163 3188 3283 3177 3158 3207 3190 3216 3286 3261 3190 3286 3243 3249 3226 3193 3214 3234 3282 3173 3242 3239 3224 3254 3249 3301 3252 3240 3225 3277 3222 3275 3262 3314 3292 3248 3174 3210 3310 3284 3267 3324 3243 3310 3175 3262 3332 3326 3251 3245 3302 3266 3302 3304 3247 3259 3277 3206 3235 3281 3270 3234 3223 3306 3319 3315 3239 3266 3246 3323 3184 3244 3266 3251 3222 3381 3356 3220 3294 3267 3225 3250 3240 3299 3330 3343 3195 3234 3327 3230 3252 3377 3299 3285 3252 3194 3320 3339 3255 3285 3327 3275 3217 3188 3356 3303 3331 3268 3262 3336 3257 3381 3275 3213 3217 3227 3319 3266 3318 3298 3325 3269 3309 3306 3367 3248 3220 3292 3305 3225 3306 3305 3323 3293 3208 3345 3291 3326 3317 3249 3297 3321 3259 3244 3328 3242 3326 3269 3327 3250 3332 3246 3499 3272 3268 3270 3341 3300 3303 3300 3317 3256 3335 3326 3441 3352 3284 3314 3240 3315 3353 3356 3181 3288 3342 3286 3216 3295 3273 3338 3216 3307 3315 3304 3307 3364 3354 3303 3323 3237 3286 3348 3229 3302 3376 3374 3222 3301 3291 3379 3216 3278 3299 3250 3294 3269 3377 3361 3301 3263 3245 3249 3239 3322 3335 3336 3269 3320 3390 3269 3223 3294 3291 3237 3308 3250 3295 3217 3256 3259 3221 3300 3268 3250 3310 3366 3319 3324 3301 3242 3287 3345 3247 3289 3341 3374 3327 3414

Tree=0
num_leaves=34
num_cat=0
split_feature=0 18 1 18 7 0 5 5 7 10 5 1 10 12 7 5 10 7 12 7 12 5 7 5 11 5 10 10 8 10 5 17 8
split_gain=107.907 55.1133 18.2609 28.128 7.53332 7.53199 4.51448 3.7645 3.35189 3.16323 2.33369 2.15632 1.97671 1.75876 1.70142 1.63706 1.36586 1.26367 1.21051 1.10671 1.09382 0.931545 0.926012 0.901325 0.81408 0.734878 0.715573 0.932503 0.600901 0.709779 0.7108 0.493345 1.21371
threshold=1.0000000180025095e-35 1.0000000180025095e-35 1.0000000180025095e-35 1.0000000180025095e-35 -0.20757189883923458 -1.1446077060016007 -0.24459592825001847 -1.1559697047462236 -0.25712097101851822 -0.51869713454061739 0.37104646466528596 1.0000000180025095e-35 2.3570608247742952 0.35096141226961375 1.0000000180025095e-35 0.25591084245280743 1.6359476047304546 -2.3159703495026065 1.0000000180025095e-35 -1.4471529976692799 -0.67414598255139557 -0.51104446484713961 -0.80814082542608678 1.246465220042493 1.0133369528996188 -0.79940464357763652 -0.19045392216237678 -1.1565524859125496 0.5440659303151163 0.015901199829317352 -0.59455048625410123 1.0000000180025095e-35 -0.19674808924773438
decision_type=2 2 2 2 2 2 2 2 2 2 2 2 2 2 2 2 2 2 2 2 2 2 2 2 2 2 2 2 2 2 2 2 2
left_child=2 11 5 10 13 8 9 -7 19 18 17 15 14 28 21 -2 20 -4 -6 -1 23 25 -23 -8 -22 -5 27 -12 29 -3 -31 32 -11
right_child=1 4 3 12 6 7 16 -9 -10 31 26 -13 -14 -15 -16 -17 -18 -19 -20 -21 24 22 -24 -25 -26 -27 -28 -29 -30 30 -32 -33 -34
leaf_value=16.678920453778694 16.732318959720068 16.706298035362579 16.693652105224341 16.690758691339425 16.694910735098908 16.715730413109728 16.698794638467419 16.6773296328547 16.677864536203124 16.720029153538587 16.697994234808931 16.742141552903476 16.710812975460271 16.698511231521657 16.68629879118928 16.691064137221431 16.715730413109728 16.718341223551768 16.707852813442923 16.726645942394427 16.691823791805096 16.709136753658331 16.693139585170542 16.707205706656069 16.705648001529507 16.707661866721871 16.69765561573643 16.713709718142852 16.716962929140568 16.704701302953083 16.718926231044311 16.707031002171885 16.709136753658331
leaf_weight=10.999999999999998 30 32 7.9999999999999991 14.999999999999998 34 14.999999999999998 44 627 37 32 11.999999999999995 705 7.9999999999999991 24 168 11.999999999999998 10.999999999999998 220 11.999999999999998 46 118 8.9999999999999982 58 21 7.9999999999999991 25 14.999999999999998 25.000000000000004 30 10.999999999999998 42 30 33
leaf_count=11 30 32 8 15 34 15 44 627 37 32 12 705 8 24 168 12 11 220 12 46 118 9 58 21 8 25 15 25 30 11 42 30 33
internal_value=16.7057 16.7184 16.6936 16.7019 16.7027 16.6873 16.6978 16.685 16.704 16.7059 16.7152 16.7286 16.6885 16.7141 16.6876 16.7125 16.6921 16.7178 16.6937 16.7124 16.6909 16.6952 16.6909 16.6993 16.6873 16.7044 16.7047 16.7082 16.7173 16.713 16.7171 16.7123 16.7151
internal_weight=2528 1229 1299 563 482 736 343 642 94 141 280 747 283 139 275 42 202 228 46 57 191 107 67 65 126 40 52 37 115 85 53 95 65
internal_count=2528 1229 1299 563 482 736 343 642 94 141 280 747 283 139 275 42 202 228 46 57 191 107 67 65 126 40 52 37 115 85 53 95 65
is_linear=0
shrinkage=1


Tree=1
num_leaves=34
num_cat=0
split_feature=0 18 2 3 1 18 1 3 6 2 0 6 3 0 5 1 3 3 5 18 2 10 2 2 2 7 2 10 2 5 5 6 10
split_gain=99.6666 50.3824 18.6801 12.262 11.3589 19.3075 5.67119 4.76014 3.84443 2.86554 3.97797 2.81178 2.60062 2.42552 2.08254 2.01907 1.70613 1.68459 1.63706 1.36372 1.82339 1.29318 1.14952 1.12238 1.10898 1.00032 1.10282 0.962362 1.03103 0.941469 0.860516 0.841245 0.79279
threshold=1.0000000180025095e-35 1.0000000180025095e-35 0.78648687318898869 -0.24149852641735717 1.0000000180025095e-35 1.0000000180025095e-35 1.0000000180025095e-35 1.0074112315307975 -0.043090923776517541 -0.81471578301340009 -1.1446077060016007 -0.57280360690569965 0.41429816774598516 -1.1446077060016007 -1.1559697047462236 1.0000000180025095e-35 1.8559099902480021 -0.65182146006634778 0.25591084245280743 1.0000000180025095e-35 1.2019998551281943 -0.47927178010857285 1.6566028961479324 0.28014012273921512 0.43014663213905457 0.21188662598885225 -1.3343483621889463 -1.3668981605446786 -0.49732706524517661 0.40137261077567693 2.8104254584366415 -1.0401971508432133 -0.40561162432375508
decision_type=2 2 2 2 2 2 2 2 2 2 2 2 2 2 2 2 2 2 2 2 2 2 2 2 2 2 2 2 2 2 2 2 2
left_child=2 15 4 11 9 17 13 8 29 -1 23 -3 -7 -4 -12 18 -15 21 -2 -8 -21 27 -18 -11 -9 -13 -27 -6 -29 -5 -17 -32 -28
right_child=1 3 6 7 5 12 19 24 -10 10 14 25 -14 16 -16 30 22 -19 -20 20 -22 -23 -24 -25 -26 26 32 28 -30 -31 31 -33 -34
leaf_value=-0.034734054562240983 0.024844992979368714 -0.013213135698153997 0.023285312946899249 -0.0052491286231205556 -0.013169853320908543 -0.017032679458724498 0.021031953898035055 0.0088388691719133213 0.0071008157782292969 -0.017523220416793509 0.0092547615029876483 0.0020875698436483457 -0.003929217123697034 -0.011429579746257686 -0.027919406369299838 0.034295694295851248 -0.0092539195902093044 0.0077114465906793052 -0.013927073517999971 -0.012886831299902354 0.014195856572908561 -0.0090890487087006751 0.021487985961624503 0.0054810664732217341 0.023313877706786824 0.0038834579771817872 -0.0037096327099872903 0.010068960550122682 -0.0093264372761807796 0.0012430803109831471 -0.0022489942973719099 0.02332340327171091 -0.011042342447070971
leaf_weight=198 30 123 27 71 7.9999999999999991 207 62 10.999999999999998 90 32 10.999999999999998 37 43 90 343 685 9.0000000000000018 143 11.999999999999998 13.999999999999998 19 23 14.999999999999998 10.999999999999998 52 22 14.999999999999998 24 20 29 11.000000000000002 8.9999999999999982 32
leaf_count=198 30 123 27 71 8 207 62 11 90 32 11 37 43 90 343 685 9 143 12 14 19 23 15 11 52 22 15 24 20 29 11 9 32
internal_value=0.000286385 0.0125746 -0.0112982 -0.00248445 -0.0147009 -0.00740735 0.00377938 0.00646061 0.00125806 -0.0202627 -0.016607 -0.0125605 -0.0187581 -0.00355716 -0.0186881 0.022333 -0.00770003 0.00544422 0.00666049 0.0149819 0.00254378 -0.00118458 0.00446321 0 0.0203728 -0.00441853 -0.0087425 0.00329803 0.00764486 -0.00641704 0.0231471 0.00521956 -0.0137325
internal_weight=2528 1229 1299 482 1063 468 236 253 190 595 397 229 250 141 354 747 114 218 42 95 33 75 24 43 63 106 69 52 44 100 705 20 47
internal_count=2528 1229 1299 482 1063 468 236 253 190 595 397 229 250 141 354 747 114 218 42 95 33 75 24 43 63 106 69 52 44 100 705 20 47
is_linear=0
shrinkage=0.060181


Tree=2
num_leaves=34
num_cat=0
split_feature=3 3 12 5 7 10 12 5 15 10 7 5 3 3 5 5 5 10 8 9 11 10 5 3 5 5 3 7 7 7 5 7 17
split_gain=34.6322 10.8481 7.0916 3.59476 3.02417 2.61568 2.45224 2.45705 2.33139 3.16209 2.24168 2.43635 2.10978 1.86905 1.54316 1.70238 1.51342 1.80775 1.43649 2.34488 1.35078 1.51937 2.74888 1.4427 2.25252 2.0167 1.42104 1.19532 1.18575 1.13571 1.14519 1.10695 1.09849
threshold=0.028865205250142453 1.0178126686698843 -0.67414598255139557 0.24236073042078624 -0.058924682301378491 -0.27476719565832469 1.0000000180025095e-35 -1.0840011467426518 1.0000000180025095e-35 -0.47927178010857285 0.30585900425990969 -0.045832712166879591 -0.9606907157277369 -0.51899752470964389 -0.88907340719791239 1.246465220042493 0.14143665816916359 -0.6688205967416555 -0.73035168571808906 0.32331949331073395 1.0133369528996188 -1.2150206533213759 -0.31613823287034121 -0.46370293182625016 -0.038697813690883147 -0.73626492055430026 -0.36439830042107896 -0.17596300796624073 1.2489999643621648 0.43571174514355432 -0.3725594982938723 1.4172959509021503 1.4567572365165855
decision_type=2 2 2 2 2 2 2 2 2 2 2 2 2 2 2 2 2 2 2 2 2 2 2 2 2 2 2 2 2 2 2 2 2
left_child=2 4 8 6 14 -6 10 -8 12 18 13 28 -1 -4 32 -16 -14 -18 -10 -20 21 22 -9 24 -23 -25 -27 -22 -12 30 -7 -5 -2
right_child=1 -3 3 31 5 29 7 20 9 -11 11 -13 16 -15 15 -17 17 -19 19 -21 27 23 -24 25 -26 26 -28 -29 -30 -31 -32 -33 -34
leaf_value=-0.0083824133362358257 -0.0044466984627228581 0.02427080539250881 0.021038077227103266 -0.013483056595393709 -0.0050922256341101495 0.0084694529876622043 0.023142868589541871 0.019996649093237062 -0.013245025499603179 -0.0091253252746440368 -0.013754921489179809 0.0053718772062653778 0.013012189443222166 -0.0039503927285890516 0.01024342994702551 -0.011867563588688283 0.014939965128651795 -0.018362469188847881 0.015475122468406257 -0.011110746319899596 -0.014708730457135815 -0.019106627143608536 -0.013521567340757705 0.01493451269988641 -0.00042479262862235009 0.0054845136101508915 -0.01574748143642643 0.0042213119484365569 0.0090553678928734973 -0.0045328911260165564 3.1051211306090326e-05 -0.040468084981110458 0.016229311035952248
leaf_weight=80 47 400 44 223 116 62 8.9999999999999982 22 31 92 53 29 81 36 371 23 34 21 33 32 40 179 34 19 41 22 109 60 11.999999999999998 32 61 66 13.999999999999998
leaf_count=80 47 400 44 223 116 62 9 22 31 92 53 29 81 36 371 23 34 21 33 32 40 179 34 19 41 22 109 60 12 32 61 66 14
internal_value=0.000286385 0.00815377 -0.00599613 -0.0087151 0.00363321 -0.0012157 -0.00621122 -0.0082178 0.000597554 -0.004098 0 -0.00619493 0.00494571 0.00723231 0.00663313 0.00802918 0.00950418 0.000561937 0.00304953 0.00837501 -0.00886881 -0.0103729 -4.76703e-05 -0.0117666 -0.0150846 -0.00628718 -0.00918658 -0.00177005 -0.0127611 0.00362261 0.00643964 -0.0145097 -0.00144128
internal_weight=2528 1126 1402 998 726 271 709 535 404 188 174 94 216 80 455 394 136 55 96 65 526 426 56 370 220 150 131 100 65 155 123 289 61
internal_count=2528 1126 1402 998 726 271 709 535 404 188 174 94 216 80 455 394 136 55 96 65 526 426 56 370 220 150 131 100 65 155 123 289 61
is_linear=0
shrinkage=0.060181


Tree=3
num_leaves=34
num_cat=0
split_feature=1 18 3 2 6 2 19 15 12 2 3 5 2 15 10 9 6 3 5 9 6 2 10 9 2 3 5 10 7 3 6 9 7
split_gain=79.7211 79.3737 17.6157 8.99994 7.9794 4.6597 3.17043 2.77744 2.66729 2.59539 2.46125 2.20784 2.17437 1.95092 2.07151 1.37806 1.30117 1.29356 1.34421 1.45219 1.26439 1.34443 1.2531 1.19976 1.3296 1.05536 1.73587 1.03141 1.01585 0.959105 0.951269 0.946092 1.67059
threshold=1.0000000180025095e-35 1.0000000180025095e-35 1.0074112315307975 1.1056249656301982 -0.10541006296818604 -0.77522766329679205 1.0000000180025095e-35 1.0000000180025095e-35 -0.67414598255139557 0.23248349227561843 -0.84741864362548391 -1.1559697047462236 -0.19654778986787089 1.0000000180025095e-35 0.56150311732129532 -0.68671949933292209 1.1721322904610181 -0.12438231319535933 -0.8757610543292107 -1.371227512837859 -1.1336758596307159 0.16666499774008839 -1.3488139735448057 -0.38773313862885356 -1.2816907870893035 1.8559099902480021 -0.25718369422570342 2.5003190017159729 -2.3911482521194523 -1.3442390248421041 0.54894089854433314 -0.55735794549983686 0.34771942730792599
decision_type=2 2 2 2 2 2 2 2 2 2 2 2 2 2 2 2 2 2 2 2 2 2 2 2 2 2 2 2 2 2 2 2 2
left_child=3 9 4 5 8 -1 11 -4 10 20 -3 -7 23 14 31 -12 -15 -14 -19 -20 22 27 -2 24 -6 -5 -27 28 -22 -11 -8 -13 -33
right_child=1 2 7 25 12 6 30 -9 -10 29 15 13 17 16 -16 -17 -18 18 19 -21 21 -23 -24 -25 -26 26 -28 -29 -30 -31 -32 32 -34
leaf_value=-0.027317081450294368 0.015572689740270908 -0.015611745127766133 0.00076442680234574184 -0.0054732664010041423 0.00025420829539374816 0.0088942401160465243 -0.013624632489768756 0.018415551657078026 -0.014924536210823795 0.0058469046023419827 0.0013876501151697809 -0.015044707540130426 -0.010240974409525148 -0.026748888947142911 0.0011085339871905906 -0.002591371972928449 -0.0066846270229947114 -0.0042875969873817765 -0.005858476263196041 0.0047667950447359735 0.0022144220022820332 0.0024011032295896458 -0.0081743188331116282 -0.00082781128681667145 -0.0087288322374836549 0.030443968547575077 -0.020331294915355243 -0.00095013816502958917 0.018793523951139344 0.02891925987235874 0.051968004311636416 -0.027022275317853842 -0.0016390123062621298
leaf_weight=262 29 42 30 68 10.999999999999998 12.999999999999998 29 58 260 11.999999999999998 24 35 18 213 43 70 31 9.9999999999999982 8.9999999999999982 76 14.999999999999998 21 20 70 30 20.000000000000004 9.9999999999999982 8.9999999999999982 411 468 18 75 18
leaf_count=262 29 42 30 68 11 13 29 58 260 12 24 35 18 213 43 70 31 10 9 76 15 21 20 70 30 20 10 9 411 468 18 75 18
internal_value=0.000405244 0.00792954 -0.00736166 -0.0147507 -0.0110061 -0.0170277 -0.0130203 0.0171122 -0.0161215 0.0189653 -0.00821093 -0.0146473 -0.00159895 -0.0154616 -0.00949472 -0.00187886 -0.0192127 0.00389522 0.0070476 0.00988064 0.0153288 0.0163738 0.00405813 -0.00763904 -0.0155798 0.00180489 0.0108298 0.0170892 0.0175172 0.02253 0.000650773 -0.0132829 -0.016538
internal_weight=2528 1693 708 835 620 737 475 88 396 985 136 428 224 415 171 94 244 113 95 85 505 456 49 111 41 98 30 435 426 480 47 128 93
internal_count=2528 1693 708 835 620 737 475 88 396 985 136 428 224 415 171 94 244 113 95 85 505 456 49 111 41 98 30 435 426 480 47 128 93
is_linear=0
shrinkage=0.060181


Tree=4
num_leaves=34
num_cat=0
split_feature=2 2 2 3 10 4 3 7 15 7 5 15 4 4 7 8 10 5 3 10 6 5 10 2 4 11 7 11 6 7 8 4 17
split_gain=36.1461 12.3132 9.31633 3.38713 2.98236 2.84577 5.02627 3.88591 2.43633 2.25932 1.77232 1.95284 1.99156 1.78128 1.71835 1.70291 1.69351 2.20206 1.79713 1.65169 1.6357 2.31868 1.57032 1.53763 1.48952 1.3997 1.37121 1.33195 1.35876 1.26674 1.18816 1.82008 1.1702
threshold=0.26972517280246727 -0.76393623627960905 1.0334452965859755 0.59520866439641085 0.21171830794581822 0.48018501903246191 -0.65182146006634778 -0.90894755848049369 1.0000000180025095e-35 -0.064904742736808838 0.57523415110270248 0.88625919121491659 2.6420103893446325 1.932918031135513 -0.49205191669616316 -0.091893700310673038 -0.41635608065096474 0.061506137650899309 0.67681202699394538 -0.25685480542850714 -1.0090375812473789 -0.5752718238428508 -0.8632384201660559 0.19188422227266425 -0.51393390930867633 0.8137331024297545 -0.076010569259752886 -0.78309770132915812 -1.0713567204390475 -0.043547384038842389 -1.1609168105027414 1.250584699788504 1.0000000180025095e-35
decision_type=2 2 2 2 2 2 2 2 2 2 2 2 2 2 2 2 2 2 2 2 2 2 2 2 2 2 2 2 2 2 2 2 2
left_child=1 10 3 4 -2 7 23 -3 16 15 11 12 13 19 -8 26 27 18 -18 22 -13 -22 -1 -7 -21 -6 -10 28 -9 -12 -4 -32 -5
right_child=2 5 30 32 25 6 14 8 9 -11 29 20 -14 -15 -16 -17 17 -19 -20 24 21 -23 -24 -25 -26 -27 -28 -29 -30 -31 31 -33 -34
leaf_value=-0.0092589500822609205 -0.0040469427387879236 -0.010695846868185081 0.017042671380284986 0.0072259864019245832 0.00085871066073070826 -0.024776369647707738 0.041768785550754785 -0.0071148235399942422 0.0063214378550375747 0.004259060276804119 -0.0035836881840345864 0.05446166126790554 0.0090302826082492033 -0.022960515942163636 -0.0024412701932377497 -0.017286427735455981 0.010628423796058611 -0.0018277089089999269 -0.02662841231351892 -0.018082955866375941 0.0017238141914229315 -0.019883550917986662 0.0054236800266452868 0.011555322025102639 -0.0039451380581421265 0.014622029228228127 -0.018487649306488465 -0.0054430129513701134 0.013278588150702269 -0.023211508603553643 0.025408169480699159 3.0973528306982759e-05 0.016523711370010078
leaf_weight=27 208 104 29 171 66 82 17 23 64 186 26 8.9999999999999982 9.9999999999999982 74 187 74 111 24 7.9999999999999991 87 69 71 33 9.9999999999999982 78 61 8.9999999999999982 41 29 140 305 21 74
leaf_count=27 208 104 29 171 66 82 17 23 64 186 26 9 10 74 187 74 111 24 8 87 69 71 33 10 78 61 9 41 29 140 305 21 74
internal_value=0.000452788 -0.00503381 0.00984507 0.00495461 0.000808188 -0.000714497 -0.0056338 0.00138286 0.00342073 0 -0.0116072 -0.00926268 -0.0120413 -0.0130358 -1.36864e-05 -0.00541343 0.00804925 0.0121291 0.0154851 -0.0096212 -0.00297632 -0.00504869 -4.46724e-05 -0.0170257 -0.0126881 0.00808557 0.000429896 0.000963859 0.00762727 -0.0174035 0.0175451 0.0186324 0.0102996
internal_weight=2528 1593 935 580 335 969 296 673 569 333 624 458 309 299 204 147 236 143 119 225 149 140 60 92 165 127 73 93 52 166 355 326 245
internal_count=2528 1593 935 580 335 969 296 673 569 333 624 458 309 299 204 147 236 143 119 225 149 140 60 92 165 127 73 93 52 166 355 326 245
is_linear=0
shrinkage=0.060181


Tree=5
num_leaves=34
num_cat=0
split_feature=0 1 6 0 1 5 5 5 12 10 6 5 8 12 13 5 6 8 16 13 9 13 5 6 6 8 9 1 8 8 5 15 9
split_gain=94.2587 12.6226 7.44191 5.86928 4.9806 3.87856 3.369 3.06451 2.76322 2.04728 1.9211 1.66437 1.51184 1.46719 1.41768 1.36388 1.12796 1.05784 1.0525 1.17395 1.14488 1.02538 0.964282 0.904973 1.34901 0.888544 0.824207 0.780534 0.782078 0.778969 0.754484 0.722197 0.718439
threshold=1.0000000180025095e-35 1.0000000180025095e-35 0.36198348096932759 -1.1446077060016007 1.0000000180025095e-35 -0.18618344095573267 0.37104646466528596 -1.1559697047462236 1.0000000180025095e-35 1.0125747210741856 0.45546218975683034 -0.080229370892414734 0.21959181758521781 1.0000000180025095e-35 2.9091114388906898 2.588003491115499 -1.0401971508432133 -0.88997497836288608 1.0000000180025095e-35 2.2386096444783958 -0.56550728126407301 0.17701643805901665 0.10665614093846952 -0.97787801165154475 -1.0713567204390475 0.62285889867506772 -1.0534010495098707 -1.4759321159128549 -1.1752662325990277 -0.15090090600725856 1.2230743584706274 1.0000000180025095e-35 -0.93703533685373908
decision_type=2 2 2 2 2 2 2 2 2 2 2 2 2 2 2 2 2 2 2 2 2 2 2 2 2 2 2 2 2 2 2 2 2
left_child=1 3 4 10 22 -6 12 -5 9 15 13 -10 18 30 27 -7 -13 -18 19 32 -20 -14 -2 24 -8 -17 -19 -4 -29 -28 -1 -9 -3
right_child=2 6 14 7 5 8 23 31 11 -11 -12 16 21 -15 -16 25 17 26 20 -21 -22 -23 -24 -25 -26 -27 29 28 -30 -31 -32 -33 -34
leaf_value=0.0090125820251121275 0.00086235982497159976 0.0020132802701492447 0.00015307928545846522 0.007662404813488421 0.017923162026518582 0.018128626840531768 -0.016362046915521945 -0.01902759152661632 -0.010252789354103191 -0.0011839306055760504 0.017049816898941153 -0.0090668243037449574 0.0062363255466812663 -0.034285796807912286 -0.0016678146064456486 -0.0092996721035459376 -0.0022708164990658704 -0.007383993509538684 0.0078338179126697036 0.0139394200080823 -0.0079906896308470261 -0.012731140233207634 -0.0091710135682550199 -0.018497609530343458 0.0089676713735141154 0.0063533008661647199 0.022336756844009324 0.011907825761526125 0.029896393771006408 0.002535491775768495 -0.012008359207889277 -0.024167974701193543 -0.0051062539224469667
leaf_weight=20.000000000000004 39 41 8.9999999999999982 14.999999999999998 363 258 27 222 29 52 35 20 130 31 8.9999999999999982 14.000000000000002 19 8.9999999999999982 15.999999999999998 17 30 10.999999999999998 28 77 10.999999999999998 7.9999999999999991 29 23 278 42 7.9999999999999991 405 203
leaf_count=20 39 41 9 15 363 258 27 222 29 52 35 20 130 31 9 14 19 9 16 17 30 11 28 77 11 8 29 23 278 42 8 405 203
internal_value=0.000429016 -0.0108362 0.0123793 -0.0160336 0.00942281 0.0107017 -0.00388181 -0.0180884 0.00685022 0.00987114 -0.00126228 0 -0.0013389 -0.00821638 0.0204358 0.0118933 0.00321374 0.00618632 -0.00378736 -0.00535553 0.00369695 0.00355716 -0.00558066 -0.0129629 -0.00296132 -0.000110972 0.00939181 0.0211182 0.0216434 0.0117348 8.99043e-05 -0.0187573 -0.00657391
internal_weight=2528 1299 1229 736 910 843 563 642 480 332 94 148 448 59 319 280 119 99 307 261 46 141 67 115 38 22 80 310 301 71 28 627 244
internal_count=2528 1299 1229 736 910 843 563 642 480 332 94 148 448 59 319 280 119 99 307 261 46 141 67 115 38 22 80 310 301 71 28 627 244
is_linear=0
shrinkage=0.060181


Tree=6
num_leaves=34
num_cat=0
split_feature=0 18 3 3 18 11 15 7 17 3 7 5 7 11 3 5 3 3 3 7 7 10 8 13 19 5 8 5 3 10 5 11 7
split_gain=81.9905 44.4087 10.3595 8.91005 6.12884 3.08066 3.05908 2.99778 2.71927 2.63114 2.24085 1.91742 1.77129 1.6984 1.49207 1.4553 1.44908 1.40186 1.38785 1.26394 1.25728 1.15295 1.08699 1.04458 0.984207 0.930558 0.886364 0.837799 1.17193 0.915135 0.833478 0.825364 0.94177
threshold=1.0000000180025095e-35 1.0000000180025095e-35 0.59520866439641085 0.60758794015161 1.0000000180025095e-35 0.21492155102016219 1.0000000180025095e-35 1.5864462317900536 1.4567572365165855 -0.2517237250459603 1.0000000180025095e-35 -1.0840011467426518 -2.3159703495026065 1.0133369528996188 0.44171384513875844 -0.33937714905324662 1.6920904454785799 1.4820341044484824 0.15546826753696852 0.54335283298131087 -0.48692615060865191 -0.92437029649458968 0.8136468501624029 3.4929029904135489 1.0000000180025095e-35 -0.92745727058675242 -1.1609168105027414 0.20835446363589177 -0.24149852641735717 -0.64900298033192449 -0.41293124081651128 0.8137331024297545 0.078616707713533462
decision_type=2 2 2 2 2 2 2 2 2 2 2 2 2 2 2 2 2 2 2 2 2 2 2 2 2 2 2 2 2 2 2 2 2
left_child=2 24 4 9 6 16 7 12 30 13 11 -8 -1 19 -6 -12 -4 -5 20 26 -14 -13 -18 -17 -2 -20 -3 28 -22 -29 31 32 -7
right_child=1 3 5 17 14 8 10 -9 -10 -11 15 21 18 -15 -16 23 22 -19 25 -21 27 -23 -24 -25 -26 -27 -28 29 -30 -31 -32 -33 -34
leaf_value=-0.0408257937715766 0.028175523323517422 0.0039245303629245965 0.0015405476503606349 0.0059615663716626284 -0.01885134929508701 0.0090332332963924643 0.02707639967639339 -0.040967725305802644 0.011891892522995282 -0.00051783983331163777 0.001144723794687826 0.01037317071841108 0.0099160446063003248 0.0009025311508037699 -0.0091438481267006322 -0.012133334023252482 0.015382527588413087 0.015944331277049931 0.0080385301314179931 -0.011961074271998188 -0.0091129641600580548 -0.023216108861869127 -0.017435187464233854 0.002034715566201952 0.0059626376160524979 -0.014558925456399243 -0.0085079598056407527 0.0044716949873958873 0.0081236186763887237 -0.008796809781378357 -0.020958417308993942 -0.0081045842792460392 -0.0070270861716620987
leaf_weight=22 736 7.9999999999999991 104 77 342 16.000000000000004 7.9999999999999991 22 21 141 41 8.9999999999999982 33 32 23 118 32 37 8.9999999999999982 69 79 200 8.9999999999999982 7.9999999999999991 10.999999999999998 33 118 37 22 15.999999999999998 60 26 8.9999999999999982
leaf_count=22 736 8 104 77 342 16 8 22 21 141 41 9 33 32 23 118 32 37 9 69 79 200 9 8 11 33 118 37 22 16 60 26 9
internal_value=0.000500332 0.0116469 -0.0100046 -0.00248445 -0.0127947 0.00011736 -0.00906874 -0.00381776 -0.00623414 -0.00713341 -0.0125837 -0.0167901 -0.00154757 -0.0111036 -0.0191916 -0.00654257 0.00629623 0.0117938 0 -0.0131957 0.00238294 -0.017988 0.0155798 -0.00977316 0.0208096 -0.00929977 -0.00838012 0 -0.00319143 0.00589774 -0.0102646 -0.00280736 0.00325522
internal_weight=2528 1229 1299 482 1022 277 657 273 132 368 384 217 251 227 365 167 145 114 229 195 187 209 41 126 747 42 126 154 101 53 111 51 25
internal_count=2528 1229 1299 482 1022 277 657 273 132 368 384 217 251 227 365 167 145 114 229 195 187 209 41 126 747 42 126 154 101 53 111 51 25
is_linear=0
shrinkage=0.060181


Tree=7
num_leaves=34
num_cat=0
split_feature=0 18 1 18 3 3 2 6 0 4 12 4 9 3 3 7 2 3 2 8 3 2 9 7 3 4 1 6 6 4 8 9 7
split_gain=70.6572 40.3807 13.8089 19.5749 8.6905 5.24913 4.96721 4.30458 4.26113 3.42823 2.96132 2.5526 1.88301 1.77748 1.7266 1.97772 1.64995 1.37245 1.34168 1.34418 1.28325 1.26073 1.17134 1.08571 1.05104 1.05579 0.990908 0.987833 0.981907 0.916232 0.866058 0.794441 0.783384
threshold=1.0000000180025095e-35 1.0000000180025095e-35 1.0000000180025095e-35 1.0000000180025095e-35 1.0074112315307975 0.010833817126537101 1.6566028961479324 -0.043090923776517541 -1.1446077060016007 0.34822811930369196 -0.67414598255139557 0.082383671959323862 -0.71593077588877152 0.086024309149972014 -1.3434870259196352 -1.1968447537290989 0.25206256138823352 -0.84741864362548391 0.0082327034545126004 -1.3492172583575095 1.8559099902480021 0.51304864677905015 0.890479504942287 -0.096513633609801433 -0.24149852641735717 1.303525432964556 1.0000000180025095e-35 0.17502606339432206 -1.1648354292265501 1.0000000180025095e-35 -0.496476567162423 1.0942642253093657 -0.25712097101851822
decision_type=2 2 2 2 2 2 2 2 2 2 2 2 2 2 2 2 2 2 2 2 2 2 2 2 2 2 2 2 2 2 2 2 2
left_child=2 16 5 9 7 -1 11 10 27 14 17 13 -9 29 -4 -16 18 -3 19 -2 22 -6 -10 -20 -14 -26 -21 -7 -18 -5 -19 -24 -11
right_child=1 4 3 6 21 8 -8 12 20 32 -12 -13 24 -15 15 -17 28 30 23 26 -22 -23 31 -25 25 -27 -28 -29 -30 -31 -32 -33 -34
leaf_value=-0.024837870913676018 -0.004165913679722905 -0.009295942780710123 -0.011900080399234438 -0.011336012114255995 0.00079801697959136194 -0.0071362725764084773 0.011069352930162207 -0.0054665870006881667 -0.015400344331483386 0.0087036028629213641 -0.0088081712009361237 -0.016506267476241336 -0.0014106159144650719 -0.00063634580738172882 -0.00025007868338285138 0.010824512522963863 0.013462021166070738 0.00092928954717462096 0.033854893064109 0.0029910647937245838 0.0024900698930130204 0.016209030636712626 0.0042522259325771502 -0.00040419102662570482 0.0095417406031874461 -0.0026584935469287801 0.026520891903950752 0.015183657871255215 0.029802630342132413 0.0011405890965322408 -0.001854940957353862 -0.012759187064009215 -0.0032176379346535743
leaf_weight=442 7.9999999999999991 26 11.999999999999998 103 11.999999999999998 14.999999999999998 13.999999999999998 32 178 23 183 106 34 52 23 159 8.9999999999999982 34 35 22 24 51 9.9999999999999982 32 60 8.9999999999999982 277 32 364 7.9999999999999991 41 35 63
leaf_count=442 8 26 12 103 12 15 14 32 178 23 183 106 34 52 23 159 9 34 35 22 24 51 10 32 60 9 277 32 364 8 41 35 63
internal_value=0.000761822 0.0111098 -0.00898818 -0.00175754 -0.00236052 -0.0144062 -0.0129237 -0.00563172 -0.00769384 0.00934685 -0.0098446 -0.0149119 0.00284276 -0.0092282 0.0137193 0.0152548 0.0198475 -0.000890145 0.0161045 0.0179314 -0.0109379 0.0176621 -0.0123619 0.00643303 0.00708325 0.0112292 0.0186044 0.00778627 0.0232583 -0.0134154 0.00271582 -0.00191574 -3.171e-05
internal_weight=2528 1229 1299 563 482 736 283 419 294 280 284 269 135 163 194 182 747 101 374 307 247 63 223 67 103 69 299 47 373 111 75 45 86
internal_count=2528 1229 1299 563 482 736 283 419 294 280 284 269 135 163 194 182 747 101 374 307 247 63 223 67 103 69 299 47 373 111 75 45 86
is_linear=0
shrinkage=0.060181


Tree=8
num_leaves=34
num_cat=0
split_feature=0 18 1 18 3 3 6 0 6 4 4 11 1 4 4 2 3 7 2 3 8 8 7 3 2 2 10 10 11 4 3 2 4
split_gain=61.1051 36.3949 12.579 16.7192 8.4743 5.68802 5.40434 4.12749 4.02901 2.84367 2.65973 2.41548 1.97407 1.68708 2.63165 1.6744 1.62585 1.82505 1.26073 1.25341 1.08009 1.18077 1.0691 1.01451 0.981149 2.24785 1.47825 1.04362 0.939466 1.10984 0.930868 0.899683 0.885462
threshold=1.0000000180025095e-35 1.0000000180025095e-35 1.0000000180025095e-35 1.0000000180025095e-35 1.0074112315307975 0.010833817126537101 -0.10541006296818604 -1.1446077060016007 -0.043090923776517541 0.34822811930369196 -0.23274824401316377 0.21492155102016219 1.0000000180025095e-35 0.12445874471937521 -0.29405379810221027 -0.58833408315408431 -1.3434870259196352 -1.1968447537290989 0.51304864677905015 -0.24149852641735717 -0.48780399844997951 -0.64211977380152041 -0.24003508406014382 1.8559099902480021 0.25206256138823352 0.0082327034545126004 1.0125747210741856 -1.0276516513723453 -0.98270155179902219 0.31698370310915908 0.21094268755358583 0.35646608711102135 -0.90212244308780176
decision_type=2 2 2 2 2 2 2 2 2 2 2 2 2 2 2 2 2 2 2 2 2 2 2 2 2 2 2 2 2 2 2 2 2
left_child=2 12 5 9 8 -1 -5 22 13 16 11 -8 -2 14 15 -3 -4 -18 -6 -10 21 -15 -7 28 25 26 -14 -27 29 -9 -30 -12 -13
right_child=1 4 3 6 18 7 10 23 19 -11 31 32 24 20 -16 -17 17 -19 -20 -21 -22 -23 -24 -25 -26 27 -28 -29 30 -31 -32 -33 -34
leaf_value=-0.023343103288104846 0.0059314137791208251 -0.011335012313964436 -0.011183921796740303 -0.014333727759734649 0.00074999152886355786 0.021073939462641182 0.0079290158822445719 0.0066036651989885868 -0.0018612682349219329 -9.7701732272710437e-05 -0.013206216632348668 -0.018413026670993225 0.025727900130347398 -0.010465185342848715 0.0016841356986582008 -0.0001216251882026449 -0.00023502870099646923 0.010173082658538356 0.015233555149225912 0.0043392125700248479 -0.0087742406070875512 0.0031259730965628872 -0.01280791034088986 0.0023402150252418304 0.02800907858614203 -0.005945491715995112 0.0083149666563625494 0.02052067847816378 -0.0020559692793921955 -0.023718615554187767 -0.017034205780035967 0.00064261218458015897 0.00054345527224176459
leaf_weight=442 42 52 11.999999999999998 159 11.999999999999998 34 26 12.000000000000002 45 86 31 13.999999999999998 245 33 58 37 23 159 51 90 92 11.999999999999998 12.999999999999998 24 360 13.999999999999998 39 47 49 8.9999999999999982 153 8.9999999999999982 44
leaf_count=442 42 52 12 159 12 34 26 12 45 86 31 14 245 33 58 37 23 159 51 90 92 12 13 24 360 14 39 47 49 9 153 9 44
internal_value=0.00104709 0.0106704 -0.00801797 -0.00112026 -0.00211266 -0.0131856 -0.0114538 -0.00627831 -0.00534691 0.00913465 -0.00143713 0.00415422 0.0189656 -0.0094261 -0.00421464 -0.0107536 0.0131102 0.0146063 0.0176621 0.00284276 -0.0143588 -0.00439211 0.00897552 -0.00949701 0.01975 0.0163221 0.0186331 0.00423588 -0.0107684 0 -0.0120146 -0.0138668 -0.00199992
internal_weight=2528 1229 1299 563 482 736 283 294 419 280 124 84 747 284 147 89 194 182 63 135 137 45 47 247 705 345 284 61 223 21 202 40 58
internal_count=2528 1229 1299 563 482 736 283 294 419 280 124 84 747 284 147 89 194 182 63 135 137 45 47 247 705 345 284 61 223 21 202 40 58
is_linear=0
shrinkage=0.060181


Tree=9
num_leaves=34
num_cat=0
split_feature=0 18 1 18 3 3 3 0 4 6 4 4 4 1 2 9 5 5 3 8 2 2 5 9 3 3 6 8 0 2 8 8 5
split_gain=60.0941 34.7596 10.7572 14.1029 8.4743 5.25958 4.71029 3.53734 3.15346 2.90204 1.99404 1.87192 2.21366 1.82051 1.74958 1.68519 1.54816 1.44721 1.4359 1.42478 1.2635 1.26073 1.1532 1.14834 1.06611 0.99532 0.987833 0.975752 1.24518 0.926046 1.581 0.932901 0.923515
threshold=1.0000000180025095e-35 1.0000000180025095e-35 1.0000000180025095e-35 1.0000000180025095e-35 1.0074112315307975 0.010833817126537101 0.74024564536875281 -1.1446077060016007 0.18075671276451433 -0.043090923776517541 0.34822811930369196 0.12445874471937521 -0.29405379810221027 1.0000000180025095e-35 1.0000000180025095e-35 0.19761867316279139 0.25591084245280743 2.8104254584366415 1.8559099902480021 -0.48780399844997951 -0.58833408315408431 0.51304864677905015 0.25591084245280743 0.58384647774651632 1.3395629265272961 -1.3434870259196352 0.17502606339432206 -0.64211977380152041 1.01557764731833 -1.3425513735736236 0.47793573350732826 -1.4234195001567163 -1.1559697047462236
decision_type=2 2 2 2 2 2 2 2 2 2 2 2 2 2 2 2 2 2 2 2 2 2 2 2 2 2 2 2 2 2 2 2 2
left_child=2 13 5 10 9 -1 8 26 14 11 24 12 20 22 -5 -11 18 29 32 27 -3 -6 -2 -18 25 -4 -7 28 -13 30 -15 -31 -9
right_child=1 4 3 6 21 7 -8 16 -10 15 -12 19 -14 17 -16 -17 23 -19 -20 -21 -22 -23 -24 -25 -26 -27 -28 -29 -30 31 -32 -33 -34
leaf_value=-0.021938292255923607 0.016140626070187594 -0.010652860067451418 -0.010510862326917489 -0.0096486158946484154 0.00070485629723706896 -0.0059360119322149308 0.0016593660867904871 0.0071837113573876132 -0.016186475957414948 -0.0010848955395415237 -9.182194543950056e-05 -0.011399851497554049 0.0015827827474261846 0.010603377215199624 0.00065633574717805193 0.0053854167252575481 -0.02342907027121233 0.0012965124111062735 0.0075196706636729612 -0.0082461981333976208 -0.00011430566414148847 0.014316784740902401 -0.011172729810659308 -0.012999843373593689 -0.00015227098523664363 0.009034243307047083 0.013001639820510561 0.0029378489453670172 0.011335199731849354 0.011554592895954757 -0.013497626157449391 0.025582060410733982 -0.009394704823512871
leaf_weight=442 30 52 11.999999999999998 118 11.999999999999998 14.999999999999998 34 11.999999999999998 83 76 86 25 58 20.000000000000004 48 59 31 20 19 92 37 51 11.999999999999998 7.9999999999999991 18 164 32 11.999999999999998 7.9999999999999991 13.999999999999998 9.9999999999999982 641 177
leaf_count=442 30 52 12 118 12 15 34 12 83 76 86 25 58 20 48 59 31 20 19 92 37 51 12 8 18 164 32 12 8 14 10 641 177
internal_value=0.000833138 0.0103775 -0.00815657 -0.00175754 -0.00211266 -0.0129415 -0.0112438 -0.00627831 -0.0141867 -0.00534691 0.00764924 -0.00879835 -0.00341544 0.0184845 -0.00853272 0.00154018 -0.00925687 0.0192404 -0.00655471 -0.0139308 -0.00945385 0.0176621 0.00402122 -0.0205488 0.0109783 0.0124136 0.00778627 -0.00315392 -0.00912018 0.0197118 0.00545719 0.0202442 -0.00829493
internal_weight=2528 1229 1299 563 482 736 283 294 249 419 280 284 147 747 166 135 247 705 208 137 89 63 42 39 194 176 47 45 33 685 30 655 189
internal_count=2528 1229 1299 563 482 736 283 294 249 419 280 284 147 747 166 135 247 705 208 137 89 63 42 39 194 176 47 45 33 685 30 655 189
is_linear=0
shrinkage=0.060181


Tree=10
num_leaves=34
num_cat=0
split_feature=1 3 7 4 3 5 16 19 12 7 3 3 11 7 7 5 7 3 9 5 11 12 9 6 13 9 3 13 7 16 4 9 4
split_gain=49.2027 17.1602 7.0738 6.8754 6.2646 2.93194 2.67689 1.97874 1.93267 5.19664 1.90451 1.98224 1.78354 1.85595 1.92001 1.40849 1.40757 1.38177 1.28392 1.18308 1.4115 1.18217 1.13226 1.12807 1.0846 0.997676 1.25608 0.983928 0.940724 0.862278 0.854976 0.795514 0.728366
threshold=1.0000000180025095e-35 1.0178126686698843 -0.45190008234398399 0.053112641059539806 0.010833817126537101 -0.18086622953861686 1.0000000180025095e-35 1.0000000180025095e-35 -0.67414598255139557 0.45450622079776465 -1.3434870259196352 -1.144368050060498 0.21492155102016219 0.46646634166862655 0.21188662598885225 0.15900289449654589 -0.11787099230776914 1.8559099902480021 0.71982376240534307 -0.65606319934467983 -0.38389000038943 0.35096141226961375 -0.79823189075445267 0.45546218975683034 -0.26768197652728326 -0.93703533685373908 -0.83477567674406483 0.89463944681923369 -2.3911482521194523 1.0000000180025095e-35 1.8141191665016148 0.85774982676031819 1.5388318778701371
decision_type=2 2 2 2 2 2 2 2 2 2 2 2 2 2 2 2 2 2 2 2 2 2 2 2 2 2 2 2 2 2 2 2 2
left_child=4 2 28 5 -1 19 8 15 9 16 -7 -12 13 14 -10 17 -5 -6 -17 20 -4 -8 -15 -9 25 -13 -27 -26 -2 -22 -30 -11 -16
right_child=1 -3 3 6 7 10 21 23 12 31 11 24 -14 22 32 18 -18 -19 -20 -21 29 -23 -24 -25 27 26 -28 -29 30 -31 -32 -33 -34
leaf_value=-0.01853299891834323 -0.0041994536257384599 0.019915510350075619 0.011661819414271378 0.00012416429174396656 -0.0045603745886388563 -0.012431145282522336 0.010556026106767641 -0.0055787768659680964 -0.0059110571765077493 0.0095776674194446108 0.014414800684020278 -0.0099316222592031496 0.00014267745329534293 -0.0029711228538661289 -0.0069294916321973191 -0.020811482651949226 -0.01390470314781604 0.0093154214362096855 0.0027182651749269372 0.011284051708727386 -0.0011640327338980076 -0.0072650252330035275 -0.014764103003729644 0.05146590784445048 -0.0069059031910502257 -0.0028261639374383726 0.0033960363322311196 0.0029120191194445463 0.011859052404192563 0.0057535498172747637 -0.0057634627816974477 -0.0013184122437131433 0.0081534679217103011
leaf_weight=498 17 294 30 25 218 34 34 25 69 48 31 26 68 9.9999999999999982 43 42 44 21 7.9999999999999991 209 70 7.9999999999999991 66 23 40 29 143 24 263 22 12.999999999999998 8.9999999999999982 24
leaf_count=498 17 294 30 25 218 34 34 25 69 48 31 26 68 10 43 42 44 21 8 209 70 8 66 23 40 29 143 24 263 22 13 9 24
internal_value=0.000738051 0.00665257 0.00379926 0.00152118 -0.0111626 0.00546203 -0.00413737 -0.00451391 -0.005737 2.19233e-05 0.00119181 0.00295163 -0.00849804 -0.0111783 -0.00605552 -0.00648843 -0.0104003 -0.00410474 -0.0157707 0.009451 0.00385568 0.00929977 -0.0189358 0.00588608 0.000917024 0.00329771 0.0051568 -0.00538321 0.0120821 0 0.0129243 0.0134526 0.000466429
internal_weight=2528 1693 1399 1106 835 658 448 337 406 126 327 293 280 212 136 289 69 239 50 331 122 42 76 48 262 198 172 64 293 92 276 57 67
internal_count=2528 1693 1399 1106 835 658 448 337 406 126 327 293 280 212 136 289 69 239 50 331 122 42 76 48 262 198 172 64 293 92 276 57 67
is_linear=0
shrinkage=0.060181


Tree=11
num_leaves=34
num_cat=0
split_feature=0 18 2 2 18 11 4 13 15 7 2 2 4 7 10 2 10 2 8 4 2 10 7 4 13 8 11 10 2 2 2 0 2
split_gain=53.1585 29.56 10.1443 6.29367 3.9008 2.92924 2.81017 2.77471 2.68022 3.18772 2.29919 2.24352 1.72556 1.94527 1.53254 1.48483 1.41364 1.3061 1.29747 1.27741 1.26078 1.13509 1.11913 1.11879 1.03929 0.957159 0.908799 0.881784 0.833256 0.830112 0.829834 1.28759 1.09452
threshold=1.0000000180025095e-35 1.0000000180025095e-35 0.78648687318898869 1.2552791361444833 1.0000000180025095e-35 -0.18428614991956593 -0.22311022665669714 -0.30279602954177393 1.0000000180025095e-35 -0.066613331432647124 0.4528618751155698 -1.3819680303418578 0.67095564731523882 -1.2446852372125468 1.3941018469968831 0.55508618525407305 1.0906334468283196 0.4528618751155698 2.2556862886215261 1.303525432964556 0.42117975728787055 -1.1565524859125496 1.6291609491859891 0.082383671959323862 2.9091114388906898 -1.1372934129054768 -1.1823054022688861 -0.21418478266601784 -1.4327136312961459 -1.0926664455981683 0.30202974838214497 1.01557764731833 0.55508618525407305
decision_type=2 2 2 2 2 2 2 2 2 2 2 2 2 2 2 2 2 2 2 2 2 2 2 2 2 2 2 2 2 2 2 2 2
left_child=2 10 4 5 8 30 7 14 12 -10 18 -6 13 -1 -4 -14 23 21 20 -7 -2 -15 28 -13 25 -12 -8 -23 -11 -30 31 -3 -32
right_child=1 3 6 -5 11 19 26 -9 9 22 24 16 15 17 -16 -17 -18 -19 -20 -21 -22 27 -24 -25 -26 -27 -28 -29 29 -31 32 -33 -34
leaf_value=-0.021106443779380025 0.020303862259254714 -0.0071695661161007701 0.012524036480357612 0.015119986069688011 -0.0296347699630264 0.00082791396892919534 -0.013733805822658773 -0.0015316708594097009 -0.017682299056392178 0.0060239654292065566 0.009899079774507609 -0.0079917991401150835 -0.019489288491882174 -0.013012259831895943 -0.0038124154149283187 0.0087809470309216479 -5.0734593643691034e-05 -0.0093366095454729438 -0.0032571568967982687 -0.005560726894548393 -0.0017146239645272243 0.0066930508733786523 0.0029781899444341698 -0.013628075669681867 0.022429083553066782 0.024674877081659049 -0.00075299522377607505 0.0021576332577648259 -0.0077516202518151797 -0.0055647694570446528 0.0026593330756785705 0.00011779683372037938 -0.010566828665598311
leaf_weight=31 406 142 87 38 78 197 22 46 231 8.9999999999999982 30 168 69 19 10.999999999999998 12.999999999999998 35 20 10.999999999999998 36 8.9999999999999982 46 24 114 7.9999999999999991 283 70 58 36 112 24 27 18
leaf_count=31 406 142 87 38 78 197 22 46 231 9 30 168 69 19 11 13 35 20 11 36 9 46 24 114 8 283 70 58 36 112 24 27 18
internal_value=0.000666735 0.0096451 -0.00778697 -0.0018648 -0.0102999 -0.00403989 0.00327705 0.00858134 -0.00726246 -0.0102879 0.0171215 -0.0151806 -0.00209731 0.00103255 0.0142434 -0.00917238 -0.0123039 0.00432963 0.0135948 0.000393538 0.0141677 0.00691498 -0.00376439 -0.0137064 0.0214222 0.0219635 -0.00443609 0.00953419 -0.00582579 -0.00716405 -0.00912715 -0.0109994 -6.23046e-05
internal_weight=2528 1229 1299 482 1063 444 236 144 668 412 747 395 256 174 98 82 317 143 426 233 415 123 181 282 321 313 92 104 157 148 211 169 42
internal_count=2528 1229 1299 482 1063 444 236 144 668 412 747 395 256 174 98 82 317 143 426 233 415 123 181 282 321 313 92 104 157 148 211 169 42
is_linear=0
shrinkage=0.060181


Tree=12
num_leaves=34
num_cat=0
split_feature=0 18 2 1 18 2 6 1 8 9 15 2 5 7 6 1 0 7 2 2 8 16 8 18 9 7 2 8 2 2 6 2 7
split_gain=46.7298 24.7644 8.66566 6.23666 10.1411 5.24194 2.81855 2.58256 2.51709 2.01675 1.95463 1.84722 1.78302 1.69336 1.69805 1.62607 1.54071 1.53972 2.11423 1.41257 1.39778 1.29055 1.2769 1.23627 1.09909 1.07642 1.04264 1.17773 0.985829 0.927047 2.05143 1.59937 1.51655
threshold=1.0000000180025095e-35 1.0000000180025095e-35 0.78648687318898869 1.0000000180025095e-35 1.0000000180025095e-35 1.2552791361444833 -0.10541006296818604 1.0000000180025095e-35 -0.90050231119618185 1.1358255746546411 1.0000000180025095e-35 -1.3425513735736236 2.8104254584366415 1.6291609491859891 1.4837279864193607 1.0000000180025095e-35 -1.1446077060016007 0.45450622079776465 0.42117975728787055 -0.68670133497018593 1.3791089476888558 1.0000000180025095e-35 -1.1073008537514022 1.0000000180025095e-35 -1.2608443780645346 -2.3911482521194523 0.60705559624206662 -0.43807208435712336 1.6566028961479324 0.060688580776166214 0.11270692420265362 -0.49732706524517661 -0.32461022450409677
decision_type=2 2 2 2 2 2 2 2 2 2 2 2 2 2 2 2 2 2 2 2 2 2 2 2 2 2 2 2 2 2 2 2 2
left_child=2 7 3 10 20 6 -3 -2 21 -6 17 -9 22 14 -12 16 -10 18 25 -19 26 -4 -13 -17 -8 -1 27 -5 -25 30 31 -29 -31
right_child=1 5 8 4 9 -7 24 11 15 -11 13 12 -14 -15 -16 23 -18 19 -20 -21 -22 -23 -24 28 -26 -27 -28 29 -30 32 -32 -33 -34
leaf_value=-0.050285393088837997 0.0044965242947430433 -0.0042604075801540289 -0.0076835931349231688 0.0049484782185827414 -0.0092601978751418578 0.014210050360842134 -0.0087392716784068548 0.0014543646354192679 0.01941669529562174 0.00036045820485532213 -0.018783614707490851 0.013710317867448757 -0.00085995954783947971 -0.0051216074186456184 0.0025458435271864281 0.014687314990439328 -0.003803065811465656 -0.035627394209885546 -0.017478154533950751 0.014942433754560724 0.0070773686012424132 0.0070411291472036921 0.022428590618634857 -0.0045900978826628374 0.001880009439221865 0.0010303891340084279 -0.0059594340451815473 0.0050064101584418761 0.009917854734545227 0.012706586729135161 -0.0046423433105071696 -0.018020253439275599 -0.004466943128456486
leaf_weight=11.999999999999998 42 274 32 84 218 38 21 33 22 32 348 66 17 25 8.9999999999999982 56 91 47 30 7.9999999999999991 22 9.9999999999999982 589 13.000000000000002 149 116 15.999999999999998 29.999999999999996 11.999999999999998 17.000000000000004 18 19.000000000000004 11.999999999999998
leaf_count=12 42 274 32 84 218 38 21 33 22 32 348 66 17 25 9 56 91 47 30 8 22 10 589 13 149 116 16 30 12 17 18 19 12
internal_value=0.000738051 0.00915685 -0.00718636 -0.00950994 -0.00408952 -0.00136908 -0.00336763 0.015999 0.00302588 -0.012351 -0.0136273 0.0168624 0.0175524 -0.0163946 -0.0174478 0.00610544 0.000798538 -0.00820935 -0.00448635 -0.0169924 0.00517265 -0.00929977 0.0180512 0.0124818 0.00244296 -0.000478878 0.00302925 0.00460434 0 0 -0.00387592 0.00177007 0.00839328
internal_weight=2528 1229 1299 1063 468 482 444 747 236 250 595 705 672 382 357 194 113 213 158 55 218 42 655 81 170 128 196 180 25 96 67 49 29
internal_count=2528 1229 1299 1063 468 482 444 747 236 250 595 705 672 382 357 194 113 213 158 55 218 42 655 81 170 128 196 180 25 96 67 49 29
is_linear=0
shrinkage=0.060181


Tree=13
num_leaves=34
num_cat=0
split_feature=0 2 1 2 2 16 5 2 2 1 5 5 10 8 9 0 5 5 13 2 15 6 9 9 2 9 12 8 2 2 10 6 12
split_gain=45.6336 12.1574 7.23254 4.18346 3.58818 3.50388 2.50641 2.18072 2.3608 2.10857 2.53393 2.29765 2.16468 1.80302 1.76212 1.80404 1.74099 1.49197 1.45539 1.37787 1.35797 1.27625 1.27463 1.26992 1.32403 1.23971 1.19718 2.04775 1.91154 1.39351 1.3794 1.18997 1.16447
threshold=1.0000000180025095e-35 0.4528618751155698 1.0000000180025095e-35 1.5163082970999626 0.78648687318898869 1.0000000180025095e-35 1.246465220042493 1.0334452965859755 0.98020873289177801 1.0000000180025095e-35 -0.18618344095573267 -0.4638230892090387 0.13675650529988143 1.7059790552728036 -0.96761379697633698 -1.1446077060016007 -1.1000833472669447 -1.1165780736810362 -0.32078618360141403 0.037200872361273708 1.0000000180025095e-35 0.6424196073318359 -0.1735022416300139 -0.69410122739150271 1.5163082970999626 -1.4222159022248613 1.0000000180025095e-35 -0.87990137075766905 -0.081816707236912339 0.33308360760898698 -0.76034045841347386 -0.63512274609736818 2.4011762019116332
decision_type=2 2 2 2 2 2 2 2 2 2 2 2 2 2 2 2 2 2 2 2 2 2 2 2 2 2 2 2 2 2 2 2 2
left_child=2 5 4 6 16 9 13 8 -3 -2 11 21 26 17 -6 -16 -1 -4 -14 31 -18 22 32 -17 -25 -13 27 -12 -29 -30 -28 -19 -11
right_child=1 7 3 -5 14 -7 -8 -9 -10 10 12 25 18 -15 15 23 20 19 -20 -21 -22 -23 -24 24 -26 -27 30 28 29 -31 -32 -33 -34
leaf_value=0.0061773680815454318 -0.0018417586911178318 0.011734194011571521 0.0093057840995462403 0.011932891497341967 -0.018281919208919192 0.016020223332240173 -0.01497112776430747 0.023286563807501069 -0.0014518209564983674 -0.0044285990881194103 -0.0040981113331255972 -0.0054650140192669047 -0.0011800859863896776 0.0053270381722519957 0.022774628626619133 0.011821486303872187 -0.014869342892041405 -0.00033617003326476161 -0.0092906131420654302 0.00048079049151069422 -0.016461932385315292 0.018960614023816044 0.0079266521036010281 -0.012606474667516441 0.0026561185400649262 0.012108440325448033 -0.0067259646514385195 0.018985330158055286 -0.0060437442774751325 0.029540368725496653 0.0062798752753724079 -0.0059074606315660865 0.026255916875503865
leaf_weight=15.999999999999998 66 190 8.9999999999999982 36 19 119 53 211 25 58 22 9.9999999999999982 83 26 23 9.9999999999999982 205 92 42 176 374 32 82 56 33 97 35 82 24 7.9999999999999991 35 171 7.9999999999999991
leaf_count=16 66 190 9 36 19 119 53 211 25 58 22 10 83 26 23 10 205 92 42 176 374 32 82 56 33 97 35 82 24 8 35 171 8
internal_value=0.000690507 0.00901038 -0.00714016 -0.00186375 -0.0110701 0.00451745 -0.00335124 0.017237 0.0119884 0.00271734 0.0038772 0.00798271 9.84203e-05 -0.00177003 -0.00189245 0.000501754 -0.0131246 -0.00280476 -0.00587153 -0.00347366 -0.0136917 0.00329323 0.000415703 -0.0026671 -0.00555461 0.0149888 0.0040332 0.00734876 0.0107704 -7.98039e-05 -0.00167386 -0.00621828 -0.00522853
internal_weight=2528 1229 1299 563 736 803 527 426 215 684 618 287 331 474 141 122 595 448 125 439 579 180 148 99 89 107 206 136 114 32 70 263 66
internal_count=2528 1229 1299 563 736 803 527 426 215 684 618 287 331 474 141 122 595 448 125 439 579 180 148 99 89 107 206 136 114 32 70 263 66
is_linear=0
shrinkage=0.060181


Tree=14
num_leaves=34
num_cat=0
split_feature=0 18 3 3 18 1 2 1 2 10 16 0 1 4 0 7 3 3 7 18 2 8 11 3 7 4 4 10 4 7 7 10 7
split_gain=37.1852 26.9623 7.37752 6.90751 5.32297 12.3415 2.65176 2.41972 2.12476 2.06688 1.87557 1.6836 1.7897 1.63424 1.54475 1.49961 1.47446 1.31596 1.31208 1.276 1.26777 1.16728 1.26475 1.10374 1.37864 1.0941 1.03294 1.02274 1.00319 1.41793 1.00273 0.934854 0.892964
threshold=1.0000000180025095e-35 1.0000000180025095e-35 0.038588316690446607 1.0074112315307975 1.0000000180025095e-35 1.0000000180025095e-35 1.0334452965859755 1.0000000180025095e-35 1.5511649276842825 0.41199039263780374 1.0000000180025095e-35 -1.1446077060016007 1.0000000180025095e-35 0.68885405227886709 1.01557764731833 -0.45873443712733469 0.36697242506836175 -0.8056538175904574 -0.18450595144542853 1.0000000180025095e-35 2.5227503947050107 2.0965273603614061 1.612148504309211 -1.3434870259196352 -2.1459657742667839 0.053112641059539806 -0.21517015715951851 -0.62849388192272071 0.23594464509213672 -0.058924682301378491 -0.30325286580612903 -1.4663558919769029 1.8965550800845457
decision_type=2 2 2 2 2 2 2 2 2 2 2 2 2 2 2 2 2 2 2 2 2 2 2 2 2 2 2 2 2 2 2 2 2
left_child=2 6 4 14 5 -1 7 27 11 -9 -11 30 16 23 17 19 -13 32 -17 -14 -10 22 -6 -7 -25 -5 -20 -2 -19 -30 -4 -8 -3
right_child=1 3 8 25 21 13 31 9 20 10 -12 12 15 -15 -16 18 -18 28 26 -21 -22 -23 -24 24 -26 -27 -28 -29 29 -31 -32 -33 -34
leaf_value=-0.014693200851118767 0.031617092768235357 -0.0086879592921585407 0.009910564012054696 0.011080408229023567 -0.016035972129962717 -0.00064612688306784488 0.003068515585965713 0.019413367299825564 0.010455328074838951 0.0053692737271926541 0.02039608033650811 0.00022138774956381648 0.0087457528130120456 -0.0012287618846881982 0.00089579932976243293 -0.0036591030795050596 -0.013897524327423239 -0.00055306614958580084 0.0041209181268100255 -0.0037353337465604267 -0.0035139560657856889 3.7115076387873321e-05 0.0017130383855971636 -0.0072981959648525472 0.0083262499248956678 0.00034362992602244945 -0.0024417229069443654 -0.0047598604886926899 -0.00012121889469847793 -0.0071843884364126984 -0.0087420800225363453 0.026606001743272198 -0.00084792140195798194
leaf_weight=337 12.999999999999998 75 27 49 265 14.999999999999998 8.9999999999999982 347 67 152 44 59 43 47 70 41 145 147 35 15.999999999999998 10.999999999999998 10.999999999999998 10.999999999999998 7.9999999999999991 103 13.999999999999998 47 22 45 68 10.999999999999998 160 13.999999999999998
leaf_count=337 13 75 27 49 265 15 9 347 67 152 44 59 43 47 70 41 145 147 35 16 11 11 11 8 103 14 47 22 45 68 11 160 14
internal_value=0.000619191 0.00813154 -0.00644715 -0.00285624 -0.0100387 -0.00609857 0.0152775 0.0129392 -0.000600759 0.0139328 0.00815478 -0.00239922 -0.0037145 0.00666106 -0.00577413 0.000339552 -0.00755065 -0.00743245 -0.0031122 0.00821638 0.00814704 -0.0166805 -0.0174443 0.0102375 0.0123651 0.0149514 0.000736206 -0.000853064 -0.00480509 -0.00905635 0.00874738 0.0225053 -0.014003
internal_weight=2528 1229 1299 482 797 510 747 578 502 543 196 424 386 173 419 182 204 349 123 59 78 287 276 126 111 63 82 35 260 113 38 169 89
internal_count=2528 1229 1299 482 797 510 747 578 502 543 196 424 386 173 419 182 204 349 123 59 78 287 276 126 111 63 82 35 260 113 38 169 89
is_linear=0
shrinkage=0.060181


Tree=15
num_leaves=34
num_cat=0
split_feature=1 18 3 3 3 3 10 3 3 10 6 11 3 7 3 6 10 11 3 7 10 17 17 7 6 6 10 12 3 7 12 8 10
split_gain=32.4031 38.3369 9.25672 5.62056 3.03405 2.84058 2.10545 1.88266 1.83588 1.77166 3.87642 1.36424 1.31056 1.24398 1.22559 1.84096 1.63234 1.39651 1.20061 1.24072 1.09396 1.18469 1.03323 1.10488 1.00523 0.874693 0.845622 0.823459 1.30243 1.13964 0.807305 0.766242 0.753031
threshold=1.0000000180025095e-35 1.0000000180025095e-35 1.0074112315307975 0.010833817126537101 0.56531235991502482 -0.85247408304866068 0.041235496853474711 1.8559099902480021 -0.11577925463464463 0.21171830794581822 0.48662175935266461 0.61412925195989043 -1.5856210975794107 0.69883440430251642 0.95991372596949509 0.54894089854433314 0.3929584601231258 -0.18428614991956593 0.28612606986442229 -0.043547384038842389 -0.9679193460638621 1.4567572365165855 1.4567572365165855 0.0205246920550619 -0.26120791094735718 0.2996643417776591 0.044205290351830955 -0.67414598255139557 0.073110505135413603 -0.76371751933431298 -0.67414598255139557 -0.68162243918664356 0.41199039263780374
decision_type=2 2 2 2 2 2 2 2 2 2 2 2 2 2 2 2 2 2 2 2 2 2 2 2 2 2 2 2 2 2 2 2 2
left_child=3 4 5 -1 9 -3 8 14 30 12 -11 -4 -2 18 15 27 -17 -16 22 32 -10 25 23 -8 -25 31 -19 -5 -29 -30 -7 -22 -20
right_child=1 2 11 7 -6 6 13 -9 20 10 -12 -13 -14 -15 17 16 -18 26 19 -21 21 -23 -24 24 -26 -27 -28 28 29 -31 -32 -33 -34
leaf_value=-0.014140651359629622 -0.0025327326098848074 -0.0092257885788409391 0.0083563890097922491 0.0014181307305883416 0.017374314588154215 -0.001255013613122137 0.0020968335319476463 0.00428307272774376 0.0017069573555723483 0.00044643638815552788 0.017236771168913357 0.0011874107120497038 0.011473271321019746 -0.016332808071864852 -0.0020654478693721799 -0.002496686241671907 0.0061940298085372686 -0.01291845242696095 0.006507848642590402 0.00052404242119681132 5.2568516296646497e-05 0.0070767585429528553 0.011219238490096109 0.0024039830737936294 -0.0031043185995970266 0.012441335798512148 -0.017297696168789858 0.0038713256434766744 0.011280146496238437 -0.013616437839034747 -0.0079810649828495599 -0.0073019204433206406 -0.0034300351227481971
leaf_weight=498 12.999999999999998 149 61 45 297 35 53 36 27 177 62 27 436 28 30 36 44 26 11.999999999999998 19 10.999999999999998 11.999999999999998 12.999999999999998 10.999999999999998 25 10.999999999999998 29 15.999999999999998 11.999999999999998 63 122 51 41
leaf_count=498 13 149 61 45 297 35 53 36 27 177 62 27 436 28 30 36 44 26 12 19 11 12 13 11 25 11 29 16 12 63 122 51 41
internal_value=0.000642963 0.00544654 -0.00516282 -0.00900968 0.0131214 -0.00782147 -0.00526829 -0.00274702 -0.00873057 0.0106201 0.00584118 0.0125134 0.0129705 -0.000306523 -0.00445468 -0.0016572 0.00507281 -0.0105598 0.00137139 -0.00401759 -0.00210689 -0.00580537 0.00572564 0.00230524 -0.00463043 -0.0090716 -0.0159655 -0.00605552 -0.00925399 -0.0126689 -0.0129454 -0.0119687 -0.00908731
internal_weight=2528 1693 708 835 985 620 471 337 269 688 239 88 449 202 301 216 80 85 174 72 112 85 102 89 36 73 55 136 91 75 157 62 53
internal_count=2528 1693 708 835 985 620 471 337 269 688 239 88 449 202 301 216 80 85 174 72 112 85 102 89 36 73 55 136 91 75 157 62 53
is_linear=0
shrinkage=0.060181


Tree=16
num_leaves=34
num_cat=0
split_feature=2 18 3 7 4 4 5 4 5 9 3 5 5 2 3 4 9 9 9 5 5 5 4 8 11 5 12 11 15 5 4 3 8
split_gain=22.551 14.3114 5.40623 3.73897 3.78223 2.94236 3.6018 1.80747 2.99799 2.04145 2.37522 2.14495 2.48262 2.09724 2.73338 2.03714 1.84471 2.25606 1.71718 1.71415 1.69498 1.56177 1.48156 1.71324 1.38832 1.38101 1.37208 1.42408 1.36888 1.74966 1.53544 1.3497 1.27005
threshold=1.0334452965859755 1.0000000180025095e-35 -0.26231119146521065 -2.3911482521194523 2.0228434632187517 0.18075671276451433 0.21866618386554917 -0.90963647092959699 -0.85458774881966082 -1.1885690769643171 -0.64189394657123477 -0.78252926293902603 -0.86727416787017575 -0.25856579751646097 0.57194108049591175 -0.49015429308371805 1.5943184536112136 -0.65403013978406432 -0.38773313862885356 -0.93670546560101975 -0.73026865548599929 -0.34560719799082434 1.250584699788504 -1.1609168105027414 1.0000000180025095e-35 1.9344179252206557 -0.67414598255139557 1.0000000180025095e-35 0.88625919121491659 -0.19821852879512938 -0.22311022665669714 -0.52943817641170654 -0.029090988105303899
decision_type=2 2 2 2 2 2 2 2 2 2 2 2 2 2 2 2 2 2 2 2 2 2 2 2 2 2 2 2 2 2 2 2 2
left_child=1 3 5 -1 7 6 -3 8 -5 10 -9 12 18 20 24 -16 17 -10 -11 -2 -13 -12 23 -21 -15 -22 -6 -28 29 -4 -31 -8 -19
right_child=19 2 28 4 26 -7 31 9 16 11 21 13 -14 14 15 -17 -18 32 -20 22 25 -23 -24 -25 -26 -27 27 -29 -30 30 -32 -33 -34
leaf_value=-0.017217892640956186 0.00873308519936776 -0.0012765610514907913 -0.0022580830486824029 0.015105428790241394 0.0061578955867570206 -0.012475203949183132 -0.015161828028610186 -0.010979205170526441 0.0046325341269886338 -0.0033750930871656449 0.011945002487360993 -0.018106609780769015 -0.0076460004131580651 -0.0012017834057049062 -0.0014072721027409635 0.012971272971078432 0.014754194539874279 -0.001459062429111624 0.010602269078610159 0.0017005503418369547 0.01178892248042894 -0.0020282874339238813 0.0018090584261839038 0.016076345766319156 0.0067308643301300332 -0.0005333871719865735 -0.023731393188553794 0.014159846848925618 -0.017791842766300213 0.0029384714379371364 -0.00045298573635794173 -0.0017404584172170754 -0.0059619889469654267
leaf_weight=66 42 185 189 19 17 170 92 37 46 29 29 8.9999999999999982 31 184 32 114 14.999999999999998 81 61 26 199 42 23 264 132 15.999999999999998 65 14.999999999999998 40 73 84 22 79
leaf_count=66 42 185 189 19 17 170 92 37 46 29 29 9 31 184 32 114 15 81 61 26 199 42 23 264 132 16 65 15 40 73 84 22 79
internal_value=0.000524104 -0.00175702 -0.00781853 0.00214236 0.00292599 -0.0121669 -0.00806391 0.00392412 -0.000505752 0.0051459 -0.0021824 0.00620272 -0.000747269 0.00750924 0.00491774 0.0116848 -0.00282605 -0.00460743 0.00388794 0.0145244 0.0124398 0.0036681 0.016071 0.0172274 0.00151528 0.0136402 -0.00810389 -0.0115513 -0.0023243 -0.000868829 0.0035775 -0.0163994 -0.00810996
internal_weight=2528 2173 855 1318 1252 469 299 1155 240 915 108 807 121 686 462 146 221 206 90 355 224 71 313 290 316 215 97 80 386 346 157 114 160
internal_count=2528 2173 855 1318 1252 469 299 1155 240 915 108 807 121 686 462 146 221 206 90 355 224 71 313 290 316 215 97 80 386 346 157 114 160
is_linear=0
shrinkage=0.060181


Tree=17
num_leaves=34
num_cat=0
split_feature=0 18 3 1 18 19 3 3 10 15 7 10 10 3 1 15 7 7 3 10 7 3 7 8 10 8 0 13 7 3 3 3 12
split_gain=37.9229 18.5801 5.43458 5.25366 10.0546 3.18982 3.18676 2.24099 2.42653 1.74236 1.74109 1.70596 1.66725 1.52574 1.33076 1.29406 1.96739 1.41975 1.39425 1.26334 2.58646 2.35445 1.15764 1.13025 1.11232 1.11063 1.10425 1.09966 1.04668 1.04168 1.03293 0.956763 1.27249
threshold=1.0000000180025095e-35 1.0000000180025095e-35 1.0074112315307975 1.0000000180025095e-35 1.0000000180025095e-35 1.0000000180025095e-35 0.10728143248212955 0.9576229269467661 0.41199039263780374 1.0000000180025095e-35 -0.25712097101851822 0.913592007711164 -0.60055800914402568 1.8559099902480021 1.0000000180025095e-35 1.0000000180025095e-35 0.45450622079776465 -0.78934634977187412 -0.54967891987932205 -0.19045392216237678 -0.31606728102491016 -0.46370293182625016 -0.46471449756276512 2.2994607195139722 -1.4771785158344877 -0.496476567162423 1.01557764731833 -0.23742394094741132 -0.21611484231842118 0.10728143248212955 0.3808122000963805 0.038588316690446607 1.0000000180025095e-35
decision_type=2 2 2 2 2 2 2 2 2 2 2 2 2 2 2 2 2 2 2 2 2 2 2 2 2 2 2 2 2 2 2 2 2
left_child=3 7 12 5 19 13 11 8 14 -4 31 22 25 15 -2 16 17 18 -1 24 21 -21 -6 26 -5 29 -14 -8 30 -3 -10 32 -7
right_child=1 2 9 4 6 10 27 -9 28 -11 -12 -13 23 -15 -16 -17 -18 -19 -20 20 -22 -23 -24 -25 -26 -27 -28 -29 -30 -31 -32 -33 -34
leaf_value=0.0024564438367346876 0.003343462205927572 -0.0044570275635017311 -0.0025886660496339271 -0.0068205674540973427 -0.0030061815339906231 0.044404350112918205 0.00040762640777627782 0.018613259635603712 0.01651057685604107 0.0085665659775785927 -0.0082201615368003456 0.00011109755361748435 -0.0017074279292788508 0.00064180878949758309 0.017626903367406542 -0.012859591570558682 -0.025922014547814655 -2.8804751030989285e-05 -0.014382651934944311 -0.020569109789644217 -0.0018732315264724433 0.0099755986473163156 -0.010791330587993198 0.0072607312486234607 0.0059737032457711468 -0.0048347122481896179 0.0073879970283607117 -0.0036368284733433883 0.00077607961381834841 0.0050088978180856409 -0.00037547611829383102 0.016593734831752891 -0.033729767612675841
leaf_weight=10.999999999999998 25 42 13.999999999999998 9.9999999999999982 20 9.0000000000000018 76 196 60 49 38 21 216 25 345 394 53 123 38 10.999999999999998 71 56 139 8.9999999999999982 132 102 40 27 95 9.9999999999999982 26 32 12.999999999999998
leaf_count=11 25 42 14 10 20 9 76 196 60 49 38 21 216 25 345 394 53 123 38 11 71 56 139 9 132 102 40 27 95 10 26 32 13
internal_value=0.000642963 0.00822919 -0.000873362 -0.00649335 -0.00196996 -0.00984951 -0.00998394 0.014155 0.0117786 0.0149514 2.972e-05 -0.0147654 -0.00349565 -0.0113417 0.0146661 -0.0119421 -0.00751517 -0.00378597 -0.0120664 0.00595164 0.00129505 0.00984252 -0.0168574 -0.000346654 0.00993917 -0.00841871 -0.00140185 -0.000873445 0.00539439 -5.10996e-05 0.0101062 0.00736246 -0.000110972
internal_weight=2528 1229 482 1299 563 736 283 747 551 63 92 180 419 644 370 619 225 172 49 280 138 67 159 265 142 154 256 103 181 52 86 54 22
internal_count=2528 1229 482 1299 563 736 283 747 551 63 92 180 419 644 370 619 225 172 49 280 138 67 159 265 142 154 256 103 181 52 86 54 22
is_linear=0
shrinkage=0.060181


Tree=18
num_leaves=34
num_cat=0
split_feature=0 2 2 16 4 2 1 3 4 12 7 3 0 15 6 17 4 2 2 7 4 6 4 7 6 1 2 3 11 11 3 4 3
split_gain=33.2303 10.9404 5.36729 3.98649 3.67458 2.8044 2.47265 2.32523 2.893 2.05252 2.58495 1.9017 1.84518 1.83153 2.20384 1.59405 3.29153 1.52055 1.49658 1.47182 1.51921 1.54281 1.22964 1.21741 2.11155 1.12957 1.07304 1.06287 1.05588 1.03439 1.00646 0.970859 0.965176
threshold=1.0000000180025095e-35 1.0334452965859755 1.5163082970999626 1.0000000180025095e-35 2.0228434632187517 -1.6064999507836686 1.0000000180025095e-35 1.0074112315307975 0.053112641059539806 -0.67414598255139557 0.36309672557046335 -1.3442390248421041 -1.1446077060016007 1.0000000180025095e-35 1.1098131512693497 1.4567572365165855 -0.78008957370065968 2.2431052561450411 0.28014012273921512 -0.45873443712733469 -0.10170128139405034 -0.69744188528903661 -0.12700598638869756 0.33148783469747195 -0.60396317650153386 1.0000000180025095e-35 -0.88916812100965448 -0.17261460435138784 1.0000000180025095e-35 -1.3819092527387502 -0.39162648258948857 1.6362646534607446 -1.1000340966992146
decision_type=2 2 2 2 2 2 2 2 2 2 2 2 2 2 2 2 2 2 2 2 2 2 2 2 2 2 2 2 2 2 2 2 2
left_child=2 3 4 7 5 -1 12 8 15 10 -10 -8 26 18 23 22 -17 -4 -14 27 21 30 -2 -15 -25 -19 -7 -13 -11 -3 -21 32 -22
right_child=1 29 17 -5 -6 6 11 -9 9 28 -12 19 13 14 -16 16 -18 25 -20 20 31 -23 -24 24 -26 -27 -28 -29 -30 -31 -32 -33 -34
leaf_value=-0.024478498436457628 0.00096993886833187585 0.0031411548910963163 0.0085904702617578647 0.01116721924086971 -0.022323759144015801 -0.023159560578820571 -0.0095478423714510426 0.008028192040096957 -0.00231817659262934 -0.0060508854967989845 0.015244932419266588 -0.0014384045381944934 0.0016406371757129398 -0.015038109266026958 0.00025417996731011747 -0.0020031575476876545 0.015883296168704604 -0.0039989563918897946 -0.011648529591485239 0.0032379451184048453 0.010231816575992798 -0.00073935886384224965 0.0059501306852148845 -0.017198988677184748 -0.0012015676659795941 0.016123541623117767 0.0038778257336156171 0.0052091735042058222 0.0012463650779928675 0.018045276561835161 -0.0054004032708944421 0.0074283767335084775 -0.0051026413409843907
leaf_weight=62 355 17 55 179 87 14.999999999999998 37 61 58 139 41 34 113 179 45 34 49 20 74 38 11.999999999999998 135 44 36 70 11.000000000000002 60 70 58 194 8.9999999999999982 8.9999999999999982 128
leaf_count=62 355 17 55 179 87 15 37 61 58 139 41 34 113 179 45 34 49 20 74 38 12 135 44 36 70 11 60 70 58 194 9 9 128
internal_value=0.000785594 0.00788742 -0.00589275 0.00518671 -0.00695236 -0.00591617 -0.00507597 0.00332452 0.00231354 -0.00221904 0.00442671 -0.00165094 -0.00768396 -0.00896433 -0.0117343 0.00521092 0.0128884 0.00809129 -0.00364589 -0.000349504 -0.00243656 0.00098804 0.00337034 -0.0136682 -0.00716391 -0.000951673 0.000418958 0.00561922 -0.00586414 0.0203443 0.0101648 -0.00691992 -0.0084013
internal_weight=2528 1229 1299 1018 1213 1126 1064 839 778 296 99 472 592 517 330 482 83 86 187 435 331 182 399 285 106 31 75 104 197 211 47 149 140
internal_count=2528 1229 1299 1018 1213 1126 1064 839 778 296 99 472 592 517 330 482 83 86 187 435 331 182 399 285 106 31 75 104 197 211 47 149 140
is_linear=0
shrinkage=0.060181


Tree=19
num_leaves=34
num_cat=0
split_feature=0 18 5 1 18 2 6 10 2 2 11 11 9 2 6 10 7 10 8 10 9 11 5 13 11 8 2 2 8 8 12 8 5
split_gain=28.7558 18.9403 4.18961 3.81223 6.30355 3.53043 2.95687 2.56836 2.2792 2.25398 1.90167 1.73116 1.74502 1.67708 1.62345 2.40682 2.83383 1.82019 1.53355 1.47229 1.33881 1.74613 1.33325 1.30265 1.26187 1.20048 1.13463 1.03169 1.03917 1.01906 1.01372 1.00163 0.975995
threshold=1.0000000180025095e-35 1.0000000180025095e-35 -1.0840011467426518 1.0000000180025095e-35 1.0000000180025095e-35 1.2552791361444833 -0.10541006296818604 -0.19045392216237678 -1.3425513735736236 0.89594225797231386 -0.18428614991956593 1.0000000180025095e-35 1.3167932581544126 1.1347703421626216 0.67357917692767011 0.54956181016270034 -0.77226046281349958 1.2098752943001141 -1.1073008537514022 -1.4663558919769029 0.19761867316279139 -0.78309770132915812 2.8104254584366415 2.2738243745509061 0.8137331024297545 0.8136468501624029 0.68796381955343022 1.1056249656301982 -1.2196428611152819 -1.0260727101997211 -0.67414598255139557 0.47793573350732826 -0.86355336867926547
decision_type=2 2 2 2 2 2 2 2 2 2 2 2 2 2 2 2 2 2 2 2 2 2 2 2 2 2 2 2 2 2 2 2 2
left_child=2 8 -1 14 7 10 -6 20 31 30 29 -8 -13 18 27 16 25 -17 26 -15 24 -22 23 -20 -5 -16 -10 28 -4 -3 -9 -2 -31
right_child=1 5 3 4 6 -7 11 9 13 -11 -12 12 -14 19 15 17 -18 -19 22 -21 21 -23 -24 -25 -26 -27 -28 -29 -30 32 -32 -33 -34
leaf_value=0.0072266479697573544 0.0047032677191122217 0.00041786321317763899 -6.0753574643067823e-05 0.0065192012444055805 -0.0095672990525878035 0.008497184988327279 0.0036583700741823939 0.00064912219080421447 0.0072525485031419293 0.011507710050153191 7.7022497682642069e-05 -0.0049498249076772929 0.004557259693477647 -0.00092090095910231839 -0.021763824975008672 0.010916906513204197 0.0014913154495934027 -0.0079121198454366048 0.015408866227812712 0.024353222645057408 -0.0025058106452565065 0.0088169798114639437 -0.0021270890009438756 -0.0060224081978064075 -0.0025796870924941788 -0.011421073262186415 -0.011209267867661155 -0.00019160326319418616 -0.01337767569193026 0.0013376447180167114 -0.002298846639999672 -0.007253719644691476 -0.0045471025652352327
leaf_weight=55 23 29 26 68 155 38 29 29 42 28 233 82 11.999999999999998 8.9999999999999982 39 45 38 20 483 136 30 34 18 10.999999999999998 9.9999999999999982 12.999999999999998 11.999999999999998 45 474 7.9999999999999991 67 12.999999999999998 174
leaf_count=55 23 29 26 68 155 38 29 29 42 28 233 82 12 9 39 45 38 20 483 136 30 34 18 11 10 13 12 45 474 8 67 13 174
internal_value=0.000595419 0.00720388 -0.00561554 -0.00636959 -0.00242296 -0.00198873 -0.00877211 0.0040285 0.0131929 -0.00190876 -0.00363653 -0.00121081 -0.00557835 0.0139417 -0.00932708 -0.00324317 -0.00967431 0.00486613 0.0120496 0.0204704 0.00952585 0.00182242 0.0130781 0.0136721 0.0147843 -0.0184504 0.00109406 -0.0109202 -0.0117167 -0.00772501 -0.00667474 -7.17437e-05 -0.00941838
internal_weight=2528 1229 1299 1244 544 482 278 266 747 124 444 123 94 711 700 155 90 65 566 145 142 64 512 494 78 52 54 545 500 211 96 36 182
internal_count=2528 1229 1299 1244 544 482 278 266 747 124 444 123 94 711 700 155 90 65 566 145 142 64 512 494 78 52 54 545 500 211 96 36 182
is_linear=0
shrinkage=0.060181


Tree=20
num_leaves=34
num_cat=0
split_feature=2 3 5 3 10 5 2 3 7 10 5 6 12 9 2 3 10 2 2 5 7 2 10 10 11 12 3 5 3 13 6 9 6
split_gain=15.8749 5.25011 2.45122 2.34023 2.07736 2.65316 2.26399 2.43208 2.08086 1.66567 1.53962 1.42858 1.41828 1.34812 1.25398 1.6552 1.68361 1.35491 1.4266 1.22499 1.21138 1.19285 1.19128 1.21611 1.72128 1.14208 1.07014 1.02274 1.01522 0.945614 0.880919 0.844573 0.765536
threshold=1.0334452965859755 0.06138100568249566 -1.0840011467426518 -1.5504005355741566 1.813961127238173 1.1151159474599079 -1.5724857329215671 -1.0189617729575222 -2.3911482521194523 1.162947861247704 -0.93670546560101975 0.89169616409850982 0.86351510968011858 0.021926803506391753 0.068597235506401816 0.45690560437870864 0.54068392574214175 0.16666499774008839 0.23248349227561843 1.2872030521848528 0.45450622079776465 0.95469025453618039 -1.5260423848133715 -0.29513799766763377 -0.18428614991956593 -0.67414598255139557 0.43680467511479532 -0.31121947047492332 -0.84741864362548391 2.0489447629485129 -1.1025162900348817 -0.378867833587618 0.17502606339432206
decision_type=2 2 2 2 2 2 2 2 2 2 2 2 2 2 2 2 2 2 2 2 2 2 2 2 2 2 2 2 2 2 2 2 2
left_child=1 2 -1 13 6 -6 12 22 -9 14 -2 28 -5 -4 15 16 26 -16 -19 20 -12 29 -8 30 -25 27 31 -17 -10 -20 -24 -3 -11
right_child=10 9 3 4 5 -7 7 8 11 32 19 -13 -14 -15 17 25 -18 18 21 -21 -22 -23 23 24 -26 -27 -28 -29 -30 -31 -32 -33 -34
leaf_value=0.010642625963415839 0.0067638327738558605 -0.0091433226596355534 -0.013350410745562384 -0.015843861763430389 0.0074737873797844287 -0.0090861790496317343 -0.021431774845264668 -0.029304971491593081 -0.0086694897022697379 -0.0022685323712810209 0.01219719905151543 0.010616734895260728 -0.0034503167835462888 -0.0027124917278931876 0.013749768690550425 -0.004131098640580806 0.0089292171046082419 -0.018811897191728807 0.0042545573634092011 -0.0028189782212136695 0.0018518035165047768 -0.0015382775055714278 -0.0015071431395260568 -0.0082074802558542263 0.0045760461834687188 -0.0078045225595250178 0.017830454384764612 0.0091968612877083317 -0.0018814074518199151 -0.005659973718887319 0.0078693732489765519 0.00027047911492121085 -3.5388956239760396e-05
leaf_weight=27 42 23 42 70 28 8.9999999999999982 14.999999999999998 51 87 34 273 29 50 22 51 12.999999999999998 53 32 283 8.9999999999999982 31 52 33 32 55 54 30 22 730 14.999999999999998 94 72 65
leaf_count=27 42 23 42 70 28 9 15 51 87 34 273 29 50 22 51 13 53 32 283 9 31 52 33 32 55 54 30 22 730 15 94 72 65
internal_value=0.000595419 -0.00131463 -0.00358425 -0.0039901 -0.00334663 0.00970387 -0.00380692 -0.00287943 -0.00431323 0.00251544 0.0123427 -0.00347422 -0.0117082 -0.0151754 0.0035964 0.000121697 0.00366089 0.00558898 0.00406517 0.01379 0.0144869 0.00528402 0.00247012 0.00388492 -0.00102769 -0.00620448 0 0.000853064 -0.00400035 0.00679366 0.00762478 -0.00338563 -0.00442671
internal_weight=2528 2173 1374 1347 1283 37 1246 1126 897 799 355 846 120 64 700 267 178 433 382 313 304 350 229 214 87 89 125 35 817 298 127 95 99
internal_count=2528 2173 1374 1347 1283 37 1246 1126 897 799 355 846 120 64 700 267 178 433 382 313 304 350 229 214 87 89 125 35 817 298 127 95 99
is_linear=0
shrinkage=0.060181


Tree=21
num_leaves=34
num_cat=0
split_feature=0 18 3 18 4 2 5 0 6 3 5 4 5 3 9 6 4 6 4 5 3 2 3 2 11 6 11 4 5 4 14 4 16
split_gain=25.8888 15.768 4.59363 4.30443 3.07137 3.04684 2.2808 2.18662 1.85416 1.53054 1.49973 2.51268 1.76023 1.46872 1.43143 1.7109 1.41782 1.41459 1.98714 1.9511 1.84724 2.55911 1.96174 1.76578 1.91609 1.64953 1.80726 1.6563 1.50149 1.35114 1.38722 1.35625 1.32785
threshold=1.0000000180025095e-35 1.0000000180025095e-35 1.0074112315307975 1.0000000180025095e-35 2.2003936314864236 -1.4757253884397146 -1.1000833472669447 1.01557764731833 -0.51048446771403111 0.9576229269467661 -0.17139203737871792 -0.95350795140593203 -0.60350513862027333 -0.75764355364807312 -0.22685477130828802 -1.1648354292265501 0.053112641059539806 0.2996643417776591 -0.55940924562416361 -0.78252926293902603 0.59520866439641085 -0.54275510494929147 1.2606757981352641 0.72136647363574602 -1.1823054022688861 0.48662175935266461 0.21492155102016219 -0.89532581950435475 -0.22133183000763718 -0.85656840695894554 1.0000000180025095e-35 -1.001944713487535 1.0000000180025095e-35
decision_type=2 2 2 2 2 2 2 2 2 2 2 2 2 2 2 2 2 2 2 2 2 2 2 2 2 2 2 2 2 2 2 2 2
left_child=3 7 32 4 6 -5 -1 9 -7 10 12 -12 -2 -13 -15 -16 -4 20 25 -20 21 29 -22 24 -23 -19 -27 -28 -25 31 -31 -8 -3
right_child=1 2 16 5 -6 8 17 -9 -10 -11 11 13 -14 14 15 -17 -18 18 19 -21 22 23 -24 28 -26 26 27 -29 -30 30 -32 -33 -34
leaf_value=0.013396223583007448 0.011397716457989772 -0.002007925548912578 0.0069226089606604915 -0.021870019412854796 -0.022823012520484839 -0.0091312336465168824 0.0019036405730168981 0.051481598928227977 -0.0030321789313979405 0.01267373664020331 -0.0040526550285057555 0.016066286885951464 0.015748375195732259 -0.0018346896889986407 -0.014642984187083395 0.014667069026237611 -0.0016282302588092211 -0.0096707410589206913 -0.0040672944338796362 0.0023672118847089829 0.007441503066573818 0.0028185974188130979 -0.0013266527281759588 0.008030324981594332 -0.010376660800291766 0.003253946762033656 0.0084163065669503254 -0.013587383468235339 -0.0053949413283664186 0.0033071422873373708 -0.0099877335977539942 -0.010090370075761001 0.0023286632810117247
leaf_weight=41 119 361 49 72 55 123 31 77 247 172 35 64 152 58 7.9999999999999991 62 13.999999999999998 44 23 104 48 42 27 29 148 41 11.999999999999998 49 28 85 21 29 58
leaf_count=41 119 361 49 72 55 123 31 77 247 172 35 64 152 58 8 62 14 44 23 104 48 42 27 29 148 41 12 49 28 85 21 29 58
internal_value=0.000738051 0.00700859 -0.00136908 -0.00515354 -0.0025557 -0.0100004 -0.00149759 0.0124713 -0.00741739 0.0110826 0.00900394 0.00484028 0.0121735 0.00770621 0.00322261 0.00903253 0.0131443 -0.00232562 -0.0057759 0 -0.000250615 -0.00195698 0.00807517 -0.00589486 -0.00871835 -0.010478 -0.00515576 -0.0116882 0.00252943 0.00356507 0.00771298 -0.00288321 -0.00378046
internal_weight=2528 1229 482 1299 857 442 802 747 370 670 498 227 271 192 128 70 63 761 273 127 488 413 75 247 190 146 102 61 57 166 106 60 419
internal_count=2528 1229 482 1299 857 442 802 747 370 670 498 227 271 192 128 70 63 761 273 127 488 413 75 247 190 146 102 61 57 166 106 60 419
is_linear=0
shrinkage=0.060181


Tree=22
num_leaves=34
num_cat=0
split_feature=0 18 18 3 2 7 10 0 6 5 6 10 5 6 6 10 5 8 3 5 12 8 9 9 7 5 9 2 3 10 2 7 12
split_gain=22.6087 13.9936 4.35052 3.39811 2.92263 2.53246 1.95778 1.75184 1.59627 1.59081 1.46828 2.73468 1.48434 1.43666 1.33506 1.7246 1.40533 1.30349 1.19756 1.19127 1.18416 1.36829 1.22059 1.17666 1.1284 1.12525 1.11404 1.15927 1.24425 1.33983 1.04457 0.995942 1.8531
threshold=1.0000000180025095e-35 1.0000000180025095e-35 1.0000000180025095e-35 1.0074112315307975 -1.4757253884397146 -1.260916829823002 -1.4771785158344877 1.01557764731833 -1.1025162900348817 -0.35723804734510162 0.89169616409850982 0.21332088548248421 -0.25718369422570342 -0.41700575892652841 1.1721322904610181 -1.1059096613797432 1.3663692979144637 -1.1752662325990277 -1.0776072821969553 -0.69782679310411766 -0.67414598255139557 0.67185515024160569 1.260009838267748 -1.1261275879778223 -0.52707798496083103 -0.68215361783426121 -0.91835253967542507 -1.2356273598074463 0.38314888680578441 -0.95668899120534601 -1.0266085614723386 0.0205246920550619 0.35096141226961375
decision_type=2 2 2 2 2 2 2 2 2 2 2 2 2 2 2 2 2 2 2 2 2 2 2 2 2 2 2 2 2 2 2 2 2
left_child=2 7 5 9 -4 -1 -7 10 -6 24 11 23 13 -13 15 16 30 -12 -11 -9 -10 26 -23 -2 -3 -5 -22 -28 29 -29 -8 32 -17
right_child=1 3 4 25 8 6 14 19 20 18 17 12 -14 -15 -16 31 -18 -19 -20 -21 21 22 -24 -25 -26 -27 27 28 -30 -31 -32 -33 -34
leaf_value=-0.010426713343614474 0.0024655056081812907 -0.0059158928044153848 -0.020553860024533382 -0.0028317022144961441 -0.022614385432998672 -0.024562335895471465 -0.0062496345912358021 0.0044483492495048333 -0.00016629805299750563 -0.01037514259639764 -0.0036414755330910005 -0.0037888985704340526 -0.0018711421105999046 0.010254602929496162 0.0051592096816901684 -0.00063752746044486066 -0.011670416435290969 0.015362452729088314 -0.0014705992124436941 0.052720779996684647 0.0006170870559769015 -0.0030486726226176784 0.018029820520400013 0.013344255147303892 0.00048234713428470938 0.0065059995099209927 0.0026060955844887158 8.9986743541737758e-05 -0.0024651610653523021 -0.011218696977403486 0.006326050399926406 0.00038225102830640589 -0.010106973158787636
leaf_weight=109 49 12.999999999999998 72 13.999999999999998 20 41 10.999999999999998 10.999999999999998 98 38 7.9999999999999991 11.999999999999998 86 88 62 219 7.9999999999999991 117 228 66 27 53 8.9999999999999982 310 140 49 10.999999999999998 13.999999999999998 48 90 61 225 121
leaf_count=109 49 13 72 14 20 41 11 11 98 38 8 12 86 88 62 219 8 117 228 66 27 53 9 310 140 49 11 14 48 90 61 225 121
internal_value=0.000904454 0.00676447 -0.00459913 -0.00112122 -0.00946021 -0.00199627 -0.000644341 0.01191 -0.00693414 -0.00321084 0.0106359 0.0089456 0.00255421 0.00757879 4.63434e-05 -0.000700271 0.00723231 0.0171025 -0.00603747 0.021314 -0.00562441 -0.00778084 0 0.0120406 0.00136315 0.0113372 -0.0102726 -0.012118 -0.0135548 -0.0173641 0.0103856 -0.00196303 -0.00403663
internal_weight=2528 1229 1299 482 442 857 748 747 370 419 670 545 186 100 707 645 80 125 266 77 350 252 62 359 153 63 190 163 152 104 72 565 340
internal_count=2528 1229 1299 482 442 857 748 747 370 419 670 545 186 100 707 645 80 125 266 77 350 252 62 359 153 63 190 163 152 104 72 565 340
is_linear=0
shrinkage=0.060181


Tree=23
num_leaves=34
num_cat=0
split_feature=1 2 3 16 3 2 2 15 6 15 6 9 11 5 2 9 9 2 11 13 2 3 2 3 5 6 11 2 6 5 10 5 9
split_gain=22.0263 10.028 4.66632 3.11625 2.63015 1.99287 1.93859 1.85804 1.84995 1.6919 1.77995 1.67428 1.46296 1.26768 1.21552 1.15678 1.43892 1.14908 1.11433 1.11188 1.11042 1.07673 1.05468 2.74087 1.04941 1.66065 0.975376 0.973412 0.97102 0.949262 0.940755 0.916867 0.904485
threshold=1.0000000180025095e-35 1.0334452965859755 -1.5504005355741566 1.0000000180025095e-35 1.8559099902480021 -1.5724857329215671 -1.3343483621889463 0.88625919121491659 0.79821745531100707 2.1112254216092903 1.2032918600568523 -1.2608443780645346 -1.3819092527387502 -0.26213669610665785 -1.3425513735736236 -0.78160386104205093 -0.5012015789967228 -1.9014209932574595 -1.3819092527387502 -0.08271144533716529 -0.35063155863749201 1.5441387414184302 0.42117975728787055 0.12028576142170296 -0.32913989266169175 0.54894089854433314 0.8137331024297545 0.068597235506401816 -1.1025162900348817 -0.13978818290873962 -0.29111136770548734 -0.45172830697472011 0.021926803506391753
decision_type=2 2 2 2 2 2 2 2 2 2 2 2 2 2 2 2 2 2 2 2 2 2 2 2 2 2 2 2 2 2 2 2 2
left_child=4 2 32 6 5 -1 17 12 14 10 11 19 -7 -6 -9 28 -17 30 -3 20 -8 -5 23 24 26 -26 31 -25 -13 -29 -4 -14 -2
right_child=1 18 3 21 13 7 9 8 -10 -11 -12 15 22 -15 -16 16 -18 -19 -20 -21 -22 -23 -24 27 25 -27 -28 29 -30 -31 -32 -33 -34
leaf_value=-0.020446619862400109 -0.01013555528982861 0.001477721902480713 -0.010209030869622675 0.0068784666978239798 0.024190489650854258 -0.021404002602327152 0.002178462264559638 0.0012298653031648469 -0.0036348124244817387 0.014898098402247231 0.0092044917817305141 -0.0083007590032462206 -0.000163452026420509 -0.0014277064941531402 -0.015952343975736659 -0.0023552035116199276 0.00086756337514291046 -0.0051091921515028461 0.0122926442501235 0.009176736355698956 -0.006465192767598116 -0.0032376439269020175 -0.0071759203534882202 0.0019441948029789297 -0.0037700369164735919 0.019022615213206234 -0.017965049972346464 0.0069985374575551543 0.0064643239715306885 -0.016001147528916716 0.0056358782435509472 -0.014645428250201108 -0.001804026011698636
leaf_weight=55 34 22 9.0000000000000018 216 19 53 26 7.9999999999999991 50 34 50 7.9999999999999991 58 17 114 89 663 104 233 9.9999999999999982 55 17 160 55 138 12.999999999999998 31 28 93 8.9999999999999982 9.9999999999999982 27 20
leaf_count=55 34 22 9 216 19 53 26 8 50 34 50 8 58 17 114 89 663 104 233 10 55 17 160 55 138 13 31 28 93 9 10 27 20
internal_value=0.00102331 0.00498541 0.00296593 0.00368853 -0.00692855 -0.00768921 0.00232192 -0.00668517 -0.0123537 0.00321131 0.00265717 0.00197176 -0.00481436 0.00766955 -0.0163131 0.00284866 0.00191527 -0.00453824 0.0159519 -0.00543718 -0.00821381 0.010059 -0.00363285 -0.00158454 -0.00479199 -0.000991524 -0.00908078 0.00695401 0.00894464 0.0141503 0.00678166 -0.00444694 -0.0136309
internal_weight=2528 1693 1438 1384 835 799 1151 744 172 1028 994 944 572 36 122 853 752 123 255 91 81 233 519 359 267 151 116 92 101 37 19 85 54
internal_count=2528 1693 1438 1384 835 799 1151 744 172 1028 994 944 572 36 122 853 752 123 255 91 81 233 519 359 267 151 116 92 101 37 19 85 54
is_linear=0
shrinkage=0.060181


Tree=24
num_leaves=34
num_cat=0
split_feature=1 18 3 4 4 7 6 15 4 4 3 4 4 6 6 3 7 4 6 3 11 7 6 6 7 6 4 3 6 7 6 3 11
split_gain=19.3449 24.2859 4.28449 4.11244 2.38117 1.97606 2.50429 2.04944 2.79157 1.96762 1.71351 1.59725 1.54369 1.51572 1.29878 1.33171 1.29349 1.23321 1.53473 1.40342 1.78335 1.23049 1.15604 1.26026 1.1341 1.08388 1.05434 1.68764 1.47987 1.03061 1.00932 0.942106 1.27893
threshold=1.0000000180025095e-35 1.0000000180025095e-35 -0.26231119146521065 0.18075671276451433 0.42011657487689325 -0.80814082542608678 0.45546218975683034 1.0000000180025095e-35 -0.54567512708742139 -0.14627126138942573 0.56531235991502482 -0.25871395510504908 0.29116545289921342 -0.043090923776517541 -0.91555887245987633 -1.2659616079452751 0.45450622079776465 1.303525432964556 -0.41700575892652841 0.71589883672786392 0.8137331024297545 1.8965550800845457 0.98517487288601269 0.20618563299015633 -2.8285469582538303 0.51778132894849893 -0.82090371259230854 0.028865205250142453 -0.8532397332682079 0.85687885866747704 -0.074250493372351789 -0.23004907909094227 -0.58349385085929406
decision_type=2 2 2 2 2 2 2 2 2 2 2 2 2 2 2 2 2 2 2 2 2 2 2 2 2 2 2 2 2 2 2 2 2
left_child=4 10 3 11 5 24 7 16 29 -8 12 21 14 -13 15 -2 -7 19 -19 31 -21 -3 23 26 -1 -25 27 -16 -28 -9 -5 -4 -33
right_child=1 2 17 30 -6 6 9 8 -10 -11 -12 13 -14 -15 22 -17 -18 18 -20 20 -22 -23 -24 25 -26 -27 28 -29 -30 -31 -32 32 -34
leaf_value=0.0012088514314444294 -0.00037230065436971596 -0.0034314493325860659 0.027249746613408676 -0.010191774290667019 -0.013869099243835087 0.0039869486241561102 0.0043736500522793048 -0.01220883309770533 0.00020924115149748628 -0.0076871706043933896 0.010495195159346807 0.0033336431722721161 0.0018471874399887079 -0.0046317625427456195 0.0053910469257241536 0.022799102194863322 -0.020220589028477492 0.00034452581690881803 -0.0076212573501969645 0.0054213851017680193 -0.0017472414127365813 0.0034669343179926397 0.016398028557881215 -0.0017822779488365129 -0.0099413207772697694 0.005973998143646372 -0.0051012910800228486 -0.0060021502071866345 0.0099535843508933124 -0.0046380232456009465 -0.00029968360942405725 0.0013229162688386809 -0.0013210981380562278
leaf_weight=14.999999999999998 8.9999999999999982 136 7.9999999999999991 115 176 96 116 108 81 13.999999999999998 297 57 211 11.999999999999998 55 65 35 27 27 70 29 11.999999999999998 43 65 148 36 11.999999999999998 24 168 46 18 38 159
leaf_count=15 9 136 8 115 176 96 116 108 81 14 297 57 211 12 55 65 35 27 27 70 29 12 43 65 148 36 12 24 168 46 18 38 159
internal_value=0.000738051 0.00445334 -0.00397882 -0.00868788 -0.00671326 -0.00486342 -0.00277621 -0.00538093 -0.00871353 0.00407525 0.0105646 -0.00315009 0.00861874 0.00376915 0.010587 0.0186483 0.000244657 0.000507141 -0.00736246 0.00216132 0.00794592 -0.00676708 0.00881351 0.00729036 -0.0106731 0.000890145 0.00952137 0.00258431 0.0121432 -0.0133827 -0.016982 -0.000446361 -0.00166416
internal_weight=2528 1693 708 350 835 659 496 366 235 130 985 217 688 69 477 74 131 358 54 304 99 148 403 360 163 101 259 79 180 154 133 205 197
internal_count=2528 1693 708 350 835 659 496 366 235 130 985 217 688 69 477 74 131 358 54 304 99 148 403 360 163 101 259 79 180 154 133 205 197
is_linear=0
shrinkage=0.060181


Tree=25
num_leaves=34
num_cat=0
split_feature=0 3 5 2 1 16 10 5 0 2 5 3 2 2 2 5 2 3 5 17 9 9 6 16 6 10 9 3 2 10 1 9 2
split_gain=18.2503 5.18077 4.00023 3.243 2.68747 2.49915 2.19334 2.01684 2.51774 1.70748 1.81161 1.51297 1.45213 1.37226 1.30225 1.29598 1.21538 1.17791 1.06403 1.05617 1.14682 1.16814 1.05526 1.11902 1.11848 1.05141 1.02277 0.989766 1.06188 0.960853 0.938558 0.918508 0.911254
threshold=1.0000000180025095e-35 0.9576229269467661 -1.0840011467426518 1.5163082970999626 1.0000000180025095e-35 1.0000000180025095e-35 0.913592007711164 -0.17772098608836223 1.01557764731833 0.052486513137856058 0.51409293244168019 1.1346588588304443 -1.5724857329215671 0.23350687464035613 2.2431052561450411 -0.81569262987253233 -1.2356273598074463 0.92078007455505317 -0.77519835093330147 1.4567572365165855 -0.37539256288986406 0.48349217632023184 -0.69744188528903661 1.0000000180025095e-35 -0.82208016367237358 0.8886293643662263 1.665484894767759 0.17011710015412504 -0.26178972458037325 -0.0029732523128100491 1.0000000180025095e-35 1.3651434001595377 -0.77522766329679205
decision_type=2 2 2 2 2 2 2 2 2 2 2 2 2 2 2 2 2 2 2 2 2 2 2 2 2 2 2 2 2 2 2 2 2
left_child=2 5 25 4 12 6 7 19 29 22 11 15 -4 -3 18 -11 -14 26 -5 20 -2 -22 24 -24 -6 -1 -7 28 -23 -9 -15 -8 -31
right_child=1 13 3 14 9 17 31 8 -10 10 -12 -13 16 30 -16 -17 -18 -19 -20 -21 21 27 23 -25 -26 -27 -28 -29 -30 32 -32 -33 -34
leaf_value=0.0074973185264617347 0.00012362343378399183 -0.0045404851144664549 -0.019549692866534237 -0.0040764068256159778 -0.0033496833178041424 0.013300825234420801 -0.0018030857665571008 0.00012786573160341588 0.0086183395656315772 -0.011517438223393288 -0.0050969393704624498 -0.0036744105346715617 0.0019711796708644781 -0.00062300284571218886 -0.0011351179738345728 0.0022475309927371856 -0.0085370660047020021 -0.0054649055662367909 0.0070125051509594477 0.010760919390399795 0.010594282431876149 -0.00067173831545348415 -0.0044955007010679896 0.0060975614849289048 0.0038748357877234421 -0.0075208434845641789 -0.0012392222181637819 -0.0047150674221795733 0.012178857566417187 0.0010073723002395096 0.009653226150520151 0.0094324260859071033 -0.0043498677395811145
leaf_weight=46 116 21 49 11.999999999999998 88 127 114 211 50 13.999999999999998 25 25 31 10.999999999999998 23 128 574 7.9999999999999991 42 46 99 30 195 17 21 8.9999999999999982 11.999999999999998 24 32 26 234 13.999999999999998 54
leaf_count=46 116 21 49 12 88 127 114 211 50 14 25 25 31 11 23 128 574 8 42 46 99 30 195 17 21 9 12 24 32 26 234 14 54
internal_value=0.000666735 0.00593445 -0.00427573 -0.00501895 -0.00583748 0.00376968 0.00235313 0.00374582 0.000270202 -0.00239362 0.00186053 0.00442606 -0.00842375 0.0134037 0.00638155 0.00704594 -0.0073715 0.0110078 0.0115414 0.0069599 0.00524496 0.00815176 -0.0051072 -0.00754961 0 0.010831 0.0124693 0.0020466 0.00646465 -0.001746 0.014657 -0.00459447 -0.00723231
internal_weight=2528 1229 1299 1244 1167 963 816 688 341 513 192 167 654 266 77 142 605 147 54 347 301 185 321 212 109 55 139 86 62 291 245 128 80
internal_count=2528 1229 1299 1244 1167 963 816 688 341 513 192 167 654 266 77 142 605 147 54 347 301 185 321 212 109 55 139 86 62 291 245 128 80
is_linear=0
shrinkage=0.060181


Tree=26
num_leaves=34
num_cat=0
split_feature=18 4 3 7 5 3 4 4 2 10 4 4 4 11 9 11 3 4 3 7 2 3 5 4 5 5 4 5 5 4 4 9 4
split_gain=16.5337 4.37129 4.28227 3.50523 2.80662 2.68562 2.31642 2.23854 2.13171 2.08084 1.90044 1.75035 2.5682 1.61309 1.52803 1.47841 1.4677 1.49352 2.20475 1.78639 1.67006 2.14621 1.39309 1.28612 1.22349 1.22751 1.21484 1.18501 2.20352 2.24981 1.9205 1.7019 1.67154
threshold=1.0000000180025095e-35 2.1737462307143862 0.10728143248212955 -2.3911482521194523 0.81979529720529409 1.7568963520543563 0.053112641059539806 0.2061959111606517 -0.058938097580006239 -0.069769268150067634 2.5051164745240513 -1.0321137360984209 -0.8257331886913889 1.0000000180025095e-35 1.1129823073903073 1.0000000180025095e-35 -1.3434870259196352 0.63245097351635948 0.57194108049591175 -0.7696975797697434 -1.0926664455981683 1.1481810632927465 -0.43342961991082624 1.4203422099509611 -0.95721358054101291 0.46633394308076059 -1.2018160218295064 -0.71241959964425283 -0.18086622953861686 -0.039950957546183691 -1.0321137360984209 -1.1432778115504683 -0.94354219281714802
decision_type=2 2 2 2 2 2 2 2 2 2 2 2 2 2 2 2 2 2 2 2 2 2 2 2 2 2 2 2 2 2 2 2 2
left_child=1 3 4 8 7 9 13 11 -1 16 15 26 -13 -4 -15 -3 22 19 -19 -18 -21 -22 -5 -6 -9 -26 -2 32 29 30 -29 -30 -11
right_child=2 10 6 5 23 -7 -8 24 -10 27 -12 12 -14 14 -16 -17 17 18 -20 20 21 -23 -24 -25 25 -27 -28 28 31 -31 -32 -33 -34
leaf_value=-0.025037629739330623 0.0039092438282147023 -0.017416898058663442 0.0044458777585010449 0.011613848338745561 -0.010796806119125193 0.010297648066657268 -0.0017543726466634282 0.0014607190179263508 0.0043453767481478143 0.012816952937472469 0.001937609127238735 0.0053967127419426632 -0.0011122339760736176 -0.0016446044432004681 0.0073388330307574065 0.0097907838616652261 0.00010004139134760336 -0.0016831929202484408 0.019790498334767453 0.00067477782750599113 0.0085703759690566924 -0.0035290834982430993 -0.0030484203247250256 -0.0022072020052653586 -0.0092250397694713156 0.0021122869247465516 -0.015458339486738521 -0.0003885701833175626 -0.0091255698293770289 -0.0034095203432011997 0.0065837966322946735 0.0004364764069171168 -0.0027490049551590172
leaf_weight=49 11.999999999999998 51 85 9.9999999999999982 102 128 153 8.9999999999999982 17 22 27 46 220 97 14.999999999999998 8.9999999999999982 58 108 32 65 299 32 37 20 109 9.9999999999999982 46 46 33 46 190 201 144
leaf_count=49 12 51 85 10 102 128 153 9 17 22 27 46 220 97 15 9 58 108 32 65 299 32 37 20 109 10 46 46 33 46 190 201 144
internal_value=0.000595419 0.00430682 -0.00577719 0.00508752 -0.00896532 0.00573208 -0.000348422 -0.00647867 -0.00782238 0.00483348 -0.00833409 -0.00349898 -0.00112664 0.00376415 -0.000545156 -0.0142374 0.00733326 0.00816176 0.00211516 0.0098697 0.0113022 0.0130481 -0.00184002 -0.0172714 -0.0132829 -0.0149943 -0.0127458 0.00237415 0.00382756 0.00738496 0.00980742 -0.000265241 -0.00179091
internal_weight=2528 1604 924 1517 574 1451 350 452 66 1323 87 324 266 197 112 60 641 594 140 454 396 331 47 122 128 119 58 682 516 282 236 234 166
internal_count=2528 1604 924 1517 574 1451 350 452 66 1323 87 324 266 197 112 60 641 594 140 454 396 331 47 122 128 119 58 682 516 282 236 234 166
is_linear=0
shrinkage=0.060181


Tree=27
num_leaves=34
num_cat=0
split_feature=0 18 18 1 2 0 2 2 0 5 10 1 5 10 10 13 11 5 11 9 9 13 5 5 9 15 2 2 10 10 9 13 5
split_gain=14.9654 14.1496 3.45581 6.26857 2.26269 2.21395 1.76301 1.73056 1.55854 1.32724 1.3213 1.47037 1.3153 1.2369 1.3224 1.13559 1.2275 1.03735 0.990741 1.16249 1.23032 1.5407 1.18639 0.958436 0.927148 0.825594 1.82172 0.821358 1.02154 1.37497 1.42388 1.22479 0.748188
threshold=1.0000000180025095e-35 1.0000000180025095e-35 1.0000000180025095e-35 1.0000000180025095e-35 -1.3343483621889463 1.01557764731833 1.2552791361444833 0.84593279836536917 2.0956703239782959 2.8104254584366415 1.6829884236511015 1.0000000180025095e-35 -1.0840011467426518 -0.19045392216237678 -0.76034045841347386 -0.34419423863523996 1.612148504309211 -0.74579177159997589 1.0000000180025095e-35 0.053817933078398807 -0.3382156374208557 0.47950426480585656 -0.7075433891486308 -0.41711704075775086 -1.2608443780645346 0.88625919121491659 -0.98340181012624817 -1.2356273598074463 0.3929584601231258 0.4300227542787099 -0.96761379697633698 2.1766323342875986 -0.40585389196061433
decision_type=2 2 2 2 2 2 2 2 2 2 2 2 2 2 2 2 2 2 2 2 2 2 2 2 2 2 2 2 2 2 2 2 2
left_child=2 5 3 12 32 9 8 13 18 10 11 -2 -1 14 23 -6 -17 -7 19 20 21 22 -3 -5 -20 26 -13 -14 31 -30 -31 -29 -4
right_child=1 6 4 7 15 17 -8 -9 -10 -11 -12 25 27 -15 -16 16 -18 -19 24 -21 -22 -23 -24 -25 -26 -27 -28 28 29 30 -32 -33 -34
leaf_value=0.0040742499092526639 -0.00027613248187992274 0.00092879447629657991 -0.0024568106297095825 0.01103400874616917 -0.0021882283209928408 -0.00057472716851254986 0.004842288303599499 0.0074819456783479831 0.0046355575336165982 -0.005224785881396324 -0.00022051377566374681 -0.0014497727417067379 0.00071410289662707054 -0.00021133647303574036 0.0046377931565617743 -0.0053131491988922756 0.0034926970984092164 0.046995570621206129 -0.0081928491918492382 -0.0038484887192089105 0.0010986150751995641 0.0079566010416983503 -0.0033372688747687457 -0.0018833511164065766 0.0001196177244967367 0.016178877300403443 0.0094282125895019074 -0.009573649038648116 0.0036237672155003319 -0.011732792941626342 -0.00069330774167544577 0.0033338236314455877 -0.018665652944831503
leaf_weight=34 36 11.999999999999998 10.999999999999998 14.999999999999998 234 7.9999999999999991 38 58 33 19 43 33 32 102 64 116 9.9999999999999982 69 22 110 27 10.999999999999998 74 41 155 93 446 329 10.999999999999998 23 133 14.999999999999998 71
leaf_count=34 36 12 11 15 234 8 38 58 33 19 43 33 32 102 64 116 10 69 22 110 27 11 74 41 155 93 446 329 11 23 133 15 71
internal_value=0.000429016 0.00520209 -0.00404473 -0.00171656 -0.00837977 0.0103867 -0.00273231 0.00552724 -0.00390544 0.00902774 0.00951961 0.0102381 -0.00534299 0.00268014 0.00683937 -0.00596626 -0.0107018 0.0205674 -0.00501463 -0.00761043 -0.002852 -0.0063093 -0.00943455 0 -0.001182 0.010983 0.00954548 -0.00611573 -0.00672993 -0.00230954 -0.00416551 -0.00866471 -0.0176086
internal_weight=2528 1229 1299 857 442 747 482 280 444 670 651 608 577 222 120 360 126 77 411 234 124 97 86 56 177 572 479 543 511 167 156 344 82
internal_count=2528 1229 1299 857 442 747 482 280 444 670 651 608 577 222 120 360 126 77 411 234 124 97 86 56 177 572 479 543 511 167 156 344 82
is_linear=0
shrinkage=0.060181


Tree=28
num_leaves=34
num_cat=0
split_feature=0 18 4 18 1 2 3 15 2 2 13 6 3 4 17 3 10 6 2 6 7 2 6 6 4 7 13 3 6 4 6 4 10
split_gain=13.3561 11.3452 3.90624 3.41941 3.56684 2.75726 2.18809 1.59732 1.72782 1.47355 1.43688 1.40811 1.33773 1.26988 1.26698 1.20954 2.23575 1.26257 1.89586 1.14296 1.25559 1.09829 1.09391 1.47508 1.1383 1.07511 1.04647 1.03313 1.01172 0.941559 0.971031 0.918458 0.896585
threshold=1.0000000180025095e-35 1.0000000180025095e-35 2.1679617081371565 1.0000000180025095e-35 1.0000000180025095e-35 -1.6064999507836686 0.36697242506836175 0.88625919121491659 -0.95679757802109777 0.84593279836536917 -0.21836347928237101 0.92285573369434404 1.3395629265272961 0.73798823501213617 1.0000000180025095e-35 1.6920904454785799 0.41199039263780374 0.67357917692767011 0.5493454491755676 1.7018449735902001 -0.80814082542608678 -1.524924180985151 0.48662175935266461 0.2996643417776591 0.63245097351635948 -2.8285469582538303 -0.25938868034442081 -1.3743786196353738 0.20618563299015633 1.2663345158079193 -0.35468661973485993 -0.63126419163198622 -0.19045392216237678
decision_type=2 2 2 2 2 2 2 2 2 2 2 2 2 2 2 2 2 2 2 2 2 2 2 2 2 2 2 2 2 2 2 2 2
left_child=2 7 3 4 19 -5 14 8 21 32 -7 -12 -11 -9 -3 16 -10 -18 -19 20 25 -2 23 24 -22 -1 -24 -4 -16 31 -31 -8 -6
right_child=1 6 27 5 9 10 29 13 15 12 11 -13 -14 -15 28 -17 17 18 -20 -21 22 -23 26 -25 -26 -27 -28 -29 -30 30 -32 -33 -34
leaf_value=0.0012464328926765349 0.00056783875669511649 -0.0020160911333240621 0.001934343826509062 -0.018888877549263838 0.0037232247271030642 -0.0021061951463003967 -0.00018691846838754861 0.022589984549491328 0.010907139285251288 0.0093347329972992728 -0.0055163775910933308 0.0043422158643947155 -0.00016610380880381599 0.0035924072831473946 -0.0012004548042417096 0.011143736248399084 -0.00038245776618211461 0.017626196493545739 -0.0020673062475841811 0.0087352369884269466 0.00032240470867141174 -0.0040497094931651028 -0.00065158379639793259 -0.0087692095039602971 -0.0085508087041525297 -0.0087832516591105671 0.016302716296857579 -0.01962835972834211 0.0091504563025059608 0.00048889689884456188 -0.0060393594584441631 0.0041424256165443702 -0.00015852438703004511
leaf_weight=13.999999999999998 19 210 8.9999999999999982 50 107 277 40 87 336 43 80 9.9999999999999982 14.999999999999998 23 92 84 114 31 27 19 216 26 55 32 56 123 22 73 21 12.999999999999998 22 84 98
leaf_count=14 19 210 9 50 107 277 40 87 336 43 80 10 15 23 92 84 114 31 27 19 216 26 55 32 56 123 22 73 21 13 22 84 98
internal_value=0.000595419 0.00510444 -0.00362892 -0.00268941 -0.000303091 -0.00708933 -0.00198873 0.00974526 0.00831849 0.00531535 -0.00496044 -0.0116031 0.0137227 0.0169768 -0.00489166 0.00919959 0.00776926 0.00172972 0.0088382 -0.00317793 -0.00381288 -0.00191574 -0.00180685 -0.00353083 -0.00175719 -0.00879456 0.00414168 -0.0162025 0 0.00353349 -0.00397091 0.00615336 0.00246582
internal_weight=2528 1229 1299 1217 800 417 482 747 637 263 367 90 58 110 323 592 508 172 58 537 518 45 381 304 272 137 77 82 113 159 35 124 205
internal_count=2528 1229 1299 1217 800 417 482 747 637 263 367 90 58 110 323 592 508 172 58 537 518 45 381 304 272 137 77 82 113 159 35 124 205
is_linear=0
shrinkage=0.060181


Tree=29
num_leaves=34
num_cat=0
split_feature=1 18 3 2 15 5 3 2 12 16 5 3 3 15 6 7 7 11 7 3 3 9 5 7 3 7 2 5 7 7 7 11 3
split_gain=11.7524 15.9589 3.29152 2.46058 2.74394 2.11208 1.86424 1.7977 1.3981 1.12624 1.10037 1.09988 1.09773 1.06939 2.20977 1.87207 2.23991 1.42171 1.24665 1.30492 1.65371 1.1865 1.10299 1.08399 1.10968 1.06463 1.04352 0.992839 0.974255 1.2006 1.10365 1.61278 1.64911
threshold=1.0000000180025095e-35 1.0000000180025095e-35 -0.33124451688105067 1.0239687373611597 0.88625919121491659 0.18690741747022496 -1.4875513861610477 -1.5724857329215671 -0.67414598255139557 1.0000000180025095e-35 -1.0456582178070792 -1.3434870259196352 0.92078007455505317 1.0000000180025095e-35 1.7018449735902001 -1.0063371141432265 1.5864462317900536 -0.38389000038943 0.35199089904751929 -1.1764291680277481 0.57194108049591175 0.890479504942287 -0.54324868194616649 0.5758160182022215 -0.022871340281467995 -0.41687401407931718 -1.5310071858853926 -0.19821852879512938 0.29219029469321067 0.69456293256292201 -0.88246443369501359 0.61412925195989043 0.10728143248212955
decision_type=2 2 2 2 2 2 2 2 2 2 2 2 2 2 2 2 2 2 2 2 2 2 2 2 2 2 2 2 2 2 2 2 2
left_child=7 3 5 4 9 6 -3 -1 -7 -2 -9 -12 -11 15 18 22 17 21 19 -15 -21 -17 -13 -20 -25 -19 -6 -22 30 -30 -4 32 -32
right_child=1 2 28 -5 26 8 -8 10 -10 12 11 13 -14 14 -16 16 -18 25 23 20 27 -23 -24 24 -26 -27 -28 -29 29 -31 31 -33 -34
leaf_value=-0.015182806101171469 0.0013702317551825193 -0.0084149950243521138 0.0034669162095566958 0.010525368415047018 -0.0021524104648889325 -0.00090550772347835302 -0.00029445965007523692 0.002033932837628441 -0.0089679533869182794 0.012684891022988571 -0.022867406675317871 0.0017489680759510526 0.0030301444457241106 0.0013550739421144668 0.0062928675300278902 -0.0049160614590671821 -0.017044901517455774 -0.01394697641946648 0.002615389540277954 -0.0089244846522824172 0.00053862090008862556 0.0080838660995979639 -0.024454043346366045 -0.00016010133501816862 -0.012748269444628332 0.0072513015846381781 0.01255105514344769 -0.021233468902980564 0.0029901793654861599 -0.00045624991614335474 -0.0073465361610543503 -0.0033727095306916952 0.00033394752849612405
leaf_weight=55 536 28 27 197 7.9999999999999991 34 175 44 87 85 21 18 38 14.999999999999998 13.999999999999998 87 18 14.999999999999998 28 211 71 25 27 69 29 65 121 23 58 40 32 62 165
leaf_count=55 536 28 27 197 8 34 175 44 87 85 21 18 38 15 14 87 18 15 28 211 71 25 27 69 29 65 121 23 58 40 32 62 165
internal_value=0.000452788 0.00335373 -0.0034714 0.00831227 0.00661769 -0.00790779 -0.00365483 -0.00534975 -0.0142706 0.00486342 -0.00445804 -0.00504873 0.0102424 -0.00448442 -0.00623706 -0.0010582 0.00114026 0.00339887 -0.00710054 -0.00912136 -0.0100522 -0.000545156 -0.0118212 -0.00141496 -0.00476643 0.00939181 0.0147712 -0.00249544 0.000162595 0.00535874 -0.00146444 -0.00287544 0
internal_weight=2528 1693 708 985 788 324 203 835 121 659 780 736 123 715 460 255 210 192 446 320 305 112 45 126 98 80 129 94 384 98 286 259 197
internal_count=2528 1693 708 985 788 324 203 835 121 659 780 736 123 715 460 255 210 192 446 320 305 112 45 126 98 80 129 94 384 98 286 259 197
is_linear=0
shrinkage=0.060181


Tree=30
num_leaves=34
num_cat=0
split_feature=0 18 18 1 2 15 2 3 2 0 16 1 8 8 8 3 2 8 8 5 2 11 2 2 8 11 8 11 2 11 11 11 8
split_gain=13.4874 8.64667 3.1204 3.17892 2.19714 1.99129 2.02078 1.81506 1.77975 1.63153 1.53341 1.40073 1.20555 1.43044 1.27077 1.17471 1.05876 1.03645 2.01363 1.0174 1.58014 1.01573 0.963611 0.960265 1.45724 0.945529 1.21502 1.55948 1.24507 1.26323 1.04927 1.03763 0.920511
threshold=1.0000000180025095e-35 1.0000000180025095e-35 1.0000000180025095e-35 1.0000000180025095e-35 -1.3343483621889463 0.88625919121491659 1.0334452965859755 -1.1298483433603483 0.84593279836536917 2.0956703239782959 1.0000000180025095e-35 1.0000000180025095e-35 1.7059790552728036 -0.44644187726266371 0.24059204389287667 1.3395629265272961 0.82063943570189402 -0.35851183895213679 0.65899364800738247 -0.53656517059590836 -1.266429051140326 0.61412925195989043 -0.19654778986787089 0.18639949566761344 -0.88997497836288608 -1.3819092527387502 0.34794360120615048 0.8137331024297545 0.67441776247489649 0.61412925195989043 -0.78309770132915812 1.612148504309211 2.2556862886215261
decision_type=2 2 2 2 2 2 2 2 2 2 2 2 2 2 2 2 2 2 2 2 2 2 2 2 2 2 2 2 2 2 2 2 2
left_child=2 5 3 25 -4 6 10 -3 12 11 32 -9 13 23 -15 -10 17 -13 -19 21 -21 -6 -20 24 -5 -1 27 -27 29 30 -28 -29 -2
right_child=1 7 4 8 19 -7 -8 9 15 -11 -12 16 -14 14 -16 -17 -18 18 22 20 -22 -23 -24 -25 -26 26 28 31 -30 -31 -32 -33 -34
leaf_value=-0.015380045176507703 0.0038538965377441733 -0.0042538918260507097 -0.015052879552593402 -0.0002128511208824776 0.0010787419752905042 0.016651877508541323 0.010971832178001066 -0.0059738721052944206 0.0081502018739139041 0.0050058710163287789 0.012171729306445823 0.00023797682701616523 0.0047189509125748876 -0.0025498895966137498 0.0009263581786838023 -0.00033846460563962327 0.0037787604792722143 -0.0033465667853673424 -0.0003753819722011567 0.0097023508833759299 -0.003886552246859314 -0.0079817535675563295 0.0018133059706806963 -0.0018726010292005235 0.0045757155652594349 0.0005062061618566335 0.001914421690494875 -0.014587949626932257 8.2693616536741439e-06 0.0007395272845373065 -0.012178122919151655 0.00017605319655399269 -0.0081144404970011994
leaf_weight=44 375 58 82 28 67 110 157 30 43 33 94 136 12.999999999999998 56 57 14.999999999999998 48 95 39 8.9999999999999982 259 25 43 27 41 279 12.999999999999998 52 53 32 82 22 10.999999999999998
leaf_count=44 375 58 82 28 67 110 157 30 43 33 94 136 13 56 57 15 48 95 39 9 259 25 43 27 41 279 13 52 53 32 82 22 11
internal_value=0.000524104 0.00505562 -0.00372132 -0.00150677 -0.00783956 0.00910384 0.00756694 -0.00112122 0.00361743 0.000147385 0.00535691 -0.000846004 0.000812859 -0.000154897 -0.00492745 0.0127458 9.03222e-05 -0.00105443 -0.00418099 -0.00546972 -0.00732247 0 0.00214224 0.00486214 0.0087425 -0.00409916 -0.00320161 -0.000936155 -0.00722654 -0.0103895 -0.0137612 -0.00856697 0.00340557
internal_weight=2528 1229 1299 857 442 747 637 482 280 424 480 391 222 209 113 58 361 313 177 360 268 92 82 96 69 577 533 353 180 127 95 74 386
internal_count=2528 1229 1299 857 442 747 637 482 280 424 480 391 222 209 113 58 361 313 177 360 268 92 82 96 69 577 533 353 180 127 95 74 386
is_linear=0
shrinkage=0.060181


Tree=31
num_leaves=34
num_cat=0
split_feature=0 18 4 5 5 0 7 5 18 4 4 7 8 6 6 4 5 10 12 4 4 4 12 18 5 1 13 12 6 6 5 15 9
split_gain=11.6626 7.85821 4.03661 2.82654 1.75934 1.7082 1.6658 1.7266 1.8536 2.07793 1.85532 3.41713 2.18177 2.11104 1.67876 1.56076 1.48865 2.77468 1.78302 1.62082 1.49714 1.91029 1.47014 1.94928 1.42902 1.7307 1.41084 1.37467 1.36043 1.29419 1.27418 1.165 1.14875
threshold=1.0000000180025095e-35 1.0000000180025095e-35 2.2003936314864236 0.28749605085447588 -1.0456582178070792 1.01557764731833 -1.260916829823002 -0.95721358054101291 1.0000000180025095e-35 -0.23923763647717566 -0.72546521396985353 0.12987436858865678 1.3163080085722345 -0.94671844205571054 -0.10541006296818604 0.2061959111606517 -0.17139203737871792 -0.0029732523128100491 -0.67414598255139557 -0.51393390930867633 1.8141191665016148 -0.96947746718373395 -0.67414598255139557 1.0000000180025095e-35 -0.69782679310411766 1.1241768659879796 -0.34419423863523996 0.86351510968011858 -0.043090923776517541 -1.1336758596307159 -0.86727416787017575 1.0000000180025095e-35 0.037468414700830212
decision_type=2 2 2 2 2 2 2 2 2 2 2 2 2 2 2 2 2 2 2 2 2 2 2 2 2 2 2 2 2 2 2 2 2
left_child=2 5 3 4 -1 16 -6 -8 10 14 11 31 -13 -12 -10 -3 18 20 30 -19 21 -18 32 -24 -7 -26 -11 -16 29 -17 -2 -9 -5
right_child=1 15 -4 22 6 24 7 8 9 26 13 12 -14 -15 27 28 17 19 -20 -21 -22 -23 23 -25 25 -27 -28 -29 -30 -31 -32 -33 -34
leaf_value=0.0033523150949518882 0.014838284548867771 0.00018556869535334101 -0.017600310153975549 -0.0080334194681894091 -0.0067438559511479113 -0.00032119103994552103 -0.0064840432219557473 0.00094061819543057249 -0.0045845096635794454 -0.0021580183892507192 -0.0032751696172312545 0.0050977522517539706 -0.0068067465505055325 0.0023189238010100695 0.0042349889026836269 0.00028464847880686756 -0.0058030721421861338 -0.0059132107358281444 0.0093845861419733917 0.0043921766730322083 -0.0022445739634103477 0.010815472833217319 -0.0005704978829449152 -0.010866298521121354 0.043913095045107202 0.0057114420036607555 -0.0090486938375265585 -0.0033498710349358575 0.0003156496268767547 -0.0039787117907459429 0.0016058985761646626 -0.013074820295420253 0.0010391882117736517
leaf_weight=67 21 300 76 49 110 10.999999999999998 37 17 43 77 40 61 12.999999999999998 290 79 29 11.999999999999998 57 258 48 25 136 78 96 54 11.999999999999998 45 23 44 109 113 56 42
leaf_count=67 21 300 76 49 110 11 37 17 43 77 40 61 13 290 79 29 12 57 258 48 25 136 78 96 54 12 45 23 44 109 113 56 42
internal_value=0.000547876 0.00476267 -0.00339792 -0.00248 -0.00087913 0.00862278 -0.00165132 -0.000578889 3.80061e-06 -0.00390241 0.00232247 -0.00301584 0.00546502 0.00487922 0.000626583 -0.00112122 0.00741959 0.00364312 0.00989526 -0.00362802 0.0083649 0.0107367 -0.00796438 -0.011198 0.0175809 0.0207916 -0.00960526 0.00515576 -0.00552745 -0.00851995 0.00351944 -0.012214 -0.000984236
internal_weight=2528 1229 1299 1223 958 747 891 781 744 267 477 147 74 330 145 482 670 278 392 105 173 148 265 174 77 66 122 102 182 138 134 73 91
internal_count=2528 1229 1299 1223 958 747 891 781 744 267 477 147 74 330 145 482 670 278 392 105 173 148 265 174 77 66 122 102 182 138 134 73 91
is_linear=0
shrinkage=0.060181


Tree=32
num_leaves=34
num_cat=0
split_feature=1 18 3 4 2 4 7 19 4 6 2 12 16 6 14 4 11 4 2 7 7 6 9 3 7 14 4 11 4 3 4 9 9
split_gain=8.45599 10.796 3.58036 3.27517 2.31382 2.31152 2.08466 2.0084 1.73419 1.8221 1.30839 1.27967 1.62101 1.27837 1.25978 1.851 1.32828 1.25077 1.23955 1.51022 1.39786 1.26159 1.17216 1.13777 1.22455 1.13687 1.12237 0.994599 0.990227 0.946704 0.923332 0.879894 1.09456
threshold=1.0000000180025095e-35 1.0000000180025095e-35 -0.33124451688105067 0.18075671276451433 1.1279736455618929 2.1737462307143862 2.4603893497108928 1.0000000180025095e-35 -0.25871395510504908 -0.043090923776517541 -0.88916812100965448 1.888622504501128 1.0000000180025095e-35 1.795323682377703 1.0000000180025095e-35 -0.10170128139405034 0.8137331024297545 -0.96947746718373395 -1.5724857329215671 0.27766729077859248 0.62280220733775016 -0.79092059407653936 -0.93703533685373908 -0.93376430170593283 -2.3911482521194523 -0.738224098466287 -1.0364305456446015 -1.3819092527387502 -0.65107684712268898 -1.3442390248421041 1.5597476358001672 -0.93703533685373908 0.82872496352003377
decision_type=2 2 2 2 2 2 2 2 2 2 2 2 2 2 2 2 2 2 2 2 2 2 2 2 2 2 2 2 2 2 2 2 2
left_child=5 4 3 8 11 7 -5 18 -3 -10 -9 12 13 25 16 -16 22 -13 -1 23 21 -21 -4 29 -25 28 -23 -6 -2 -20 -24 -12 -33
right_child=1 2 14 6 27 -7 -8 10 9 -11 31 17 -14 -15 15 -17 -18 -19 19 20 -22 26 30 24 -26 -27 -28 -29 -30 -31 -32 32 -34
leaf_value=-0.015316693544440051 0.018132686267696072 -0.0021025120222260972 -0.001168238728090304 -0.0077059712013993475 0.0015006316479405782 -0.019167835365499295 0.00024814698670927606 -0.0057863635161414266 0.0032740949243460194 -0.0036643678673162487 -0.0024279539991843876 0.00064188720187536609 0.0079970215274204701 0.031407960853011931 0.002574180445717274 -0.0057005469663067212 -0.0015194790703044951 0.013261717393954235 -0.022056628410288472 -0.0069581250269202082 -0.0023244449711338554 -0.0024290869055211954 0.0017465034454032834 -0.029701227702132904 -0.0045100755591957432 0.00041561389435633699 0.0060144448430026693 0.0098323229358393219 0.0010072379015069457 0.0045815526923758268 -0.0001038837841060757 0.01793414422050087 -0.0064338134348630787
leaf_weight=48 28 132 32 109 18 59 17 19 54 11.999999999999998 10.999999999999998 17 159 12.999999999999998 51 50 70 31 7.9999999999999991 17 117 8.9999999999999982 165 31 378 444 48 158 117 34 15.999999999999998 41 14.999999999999998
leaf_count=48 28 132 32 109 18 59 17 19 54 12 11 17 159 13 51 50 70 31 8 17 117 9 165 31 378 444 48 158 117 34 16 41 15
internal_value=0.000429016 0.0028926 -0.00271026 -0.00735669 0.00697303 -0.00448859 -0.0148809 -0.00347739 -0.00210367 0.00522853 0.00473313 0.00544686 0.00468688 0.00308527 0.00109418 -0.00434207 0.0032646 0.0152157 -0.00460267 -0.00373306 0.000478473 0.00701599 0.00570881 -0.00563245 -0.00664336 0.00249285 0.0114666 0.0134188 0.00710618 0.00270158 0.0076764 0.00899015 0.0121638
internal_weight=2528 1693 708 324 985 835 126 776 198 66 86 809 761 602 384 101 283 48 690 642 191 74 213 451 409 589 57 176 145 42 181 67 56
internal_count=2528 1693 708 324 985 835 126 776 198 66 86 809 761 602 384 101 283 48 690 642 191 74 213 451 409 589 57 176 145 42 181 67 56
is_linear=0
shrinkage=0.060181


Tree=33
num_leaves=34
num_cat=0
split_feature=0 4 2 5 12 0 5 2 1 4 7 2 4 4 7 5 12 11 7 4 12 4 4 4 0 2 11 5 2 12 4 2 10
split_gain=10.9639 4.00616 3.03913 3.01171 2.0704 1.91769 1.86041 1.80239 1.52948 1.49478 1.4451 1.67738 1.52181 1.67706 2.26355 1.43774 1.24501 1.23863 3.35102 1.27293 1.19653 1.19383 1.52439 1.19321 1.18753 1.15958 1.15468 1.13703 1.12249 1.08388 1.04861 1.43676 1.3759
threshold=1.0000000180025095e-35 2.2003936314864236 1.0334452965859755 0.28749605085447588 2.4011762019116332 1.01557764731833 -0.95721358054101291 1.5511649276842825 1.0000000180025095e-35 -0.073218501286353585 -0.043547384038842389 -0.56315929011837362 -0.10170128139405034 1.5388318778701371 0.11791424771779477 -0.53296235992253049 -0.67414598255139557 0.41452540149002631 -0.45873443712733469 -0.80865627587084299 1.0000000180025095e-35 -0.40476889574827041 -0.020443758516088296 -1.0364305456446015 -1.1446077060016007 2.2431052561450411 1.2129408033694828 -0.74579177159997589 -0.20625880261118809 -0.67414598255139557 1.932918031135513 -1.1480847865871058 -0.11211144540970135
decision_type=2 2 2 2 2 2 2 2 2 2 2 2 2 2 2 2 2 2 2 2 2 2 2 2 2 2 2 2 2 2 2 2 2
left_child=1 3 4 7 5 6 -2 10 26 -4 11 27 23 14 -14 -7 -5 18 19 -13 -17 28 -23 -12 -18 -9 -8 -1 -19 -3 32 -32 -10
right_child=2 29 9 16 -6 15 8 25 30 -11 12 17 13 -15 -16 20 24 21 -20 -21 -22 22 -24 -25 -26 -27 -28 -29 -30 -31 31 -33 -34
leaf_value=0.00054733509991576406 0.0067408714006132455 -0.0014330323110062686 0.0094578573683753876 -0.00097239967239130234 0.011780348843968426 -0.00034478998710038003 -0.011805427887379935 0.0056218498600873234 0.0010926878596085995 0.00031320099811447087 -0.0035772016995162075 -0.0031928697165699745 0.0068679021016480098 0.0026359651911888396 -0.0044657480263637457 0.018471411251995844 0.021170143979930795 0.0033790467190928453 -0.0023617453316245505 0.0044422477884561509 0.0040083890822331918 0.0018478268186751224 -0.0030050341196549853 0.0026798603431145186 -0.0067375422444567448 -0.00054042802402873595 0.018819374355644413 -0.016065386917997613 -0.016635320952962458 -0.016661326062821682 0.0009334411815837524 -0.0070876513157559148 -6.6154781056169001e-06
leaf_weight=19 47 11.999999999999998 170 91 33 32 40 46 310 41 62 37 7.9999999999999991 32 88 57 7.9999999999999991 19 142 96 37 67 36 154 166 28 7.9999999999999991 64 60 64 24 45 385
leaf_count=19 47 12 170 91 33 32 40 46 310 41 62 37 8 32 88 57 8 19 142 96 37 67 36 154 166 28 8 64 60 64 24 45 385
internal_value=0.000381472 -0.00344412 0.00446973 -0.00252907 0.00300711 0.00240743 0.00129398 -0.00087913 0.000519993 0.0110901 -0.00169824 -0.00365857 0.00122009 -0.00367989 -0.00788315 0.00930881 -0.00818843 -0.00203135 0.000334212 0.00728988 0.0129773 -0.0058517 -0.000873445 0.00439763 -0.011198 0.00779148 -0.00938469 -0.0114986 -0.0113269 -0.0166678 0.00125812 -0.00542693 0.00202847
internal_weight=2528 1299 1229 1223 1018 985 859 958 812 211 884 540 344 128 96 126 265 457 275 133 94 182 103 216 174 74 48 83 79 76 764 69 695
internal_count=2528 1299 1229 1223 1018 985 859 958 812 211 884 540 344 128 96 126 265 457 275 133 94 182 103 216 174 74 48 83 79 76 764 69 695
is_linear=0
shrinkage=0.060181


Tree=34
num_leaves=34
num_cat=0
split_feature=0 18 4 18 1 0 5 4 12 7 4 5 7 5 10 4 4 12 4 5 1 9 4 4 19 11 4 7 11 7 5 4 10
split_gain=8.60395 7.74829 3.36811 2.45272 1.8228 1.44408 1.28829 1.92056 1.88444 1.27295 1.33213 1.97128 1.50562 1.2562 2.29835 1.52879 1.46268 1.37906 1.34806 1.2422 1.38645 1.15114 1.12142 1.88041 1.10383 1.09595 1.08984 1.08044 1.8189 0.964941 1.39674 1.15119 0.96142
threshold=1.0000000180025095e-35 1.0000000180025095e-35 2.2003936314864236 1.0000000180025095e-35 1.0000000180025095e-35 1.01557764731833 0.20835446363589177 -0.23923763647717566 -0.67414598255139557 0.0205246920550619 -0.60451789746136397 -0.89831236736266751 -2.8285469582538303 -0.17139203737871792 0.21332088548248421 -0.96947746718373395 -0.29405379810221027 1.0000000180025095e-35 -0.060891784641628595 -0.74579177159997589 1.1241768659879796 -1.2840401262390628 -0.90212244308780176 -0.8257331886913889 1.0000000180025095e-35 -0.38389000038943 -0.19245838223341735 -0.52707798496083103 0.61412925195989043 0.044444933796785858 -0.33578110888047302 1.5597476358001672 -0.19045392216237678
decision_type=2 2 2 2 2 2 2 2 2 2 2 2 2 2 2 2 2 2 2 2 2 2 2 2 2 2 2 2 2 2 2 2 2
left_child=2 5 3 4 9 13 7 22 -8 10 11 -1 -13 17 15 -15 -16 26 21 -7 -21 -17 -5 -24 -14 -11 -2 28 -6 31 -31 -3 -29
right_child=1 29 -4 6 27 19 8 -9 -10 25 -12 12 24 14 16 18 -18 -19 -20 20 -22 -23 23 -25 -26 -27 -28 32 -30 30 -32 -33 -34
leaf_value=0.0022790878139501082 0.006650311067337605 0.00037648788811185365 -0.01515790384383163 -0.0074283442742917516 0.0080007130394602888 -0.002231262294439814 0.001045881285494868 -0.0026980084416593246 -0.0094702811913424164 -0.0032905797393307087 -0.00079303050589388789 0.001151942796314716 -0.012651622006140765 -0.0061306296068540499 -0.0036346798186445081 -0.00054692976096308024 0.0064774749004401309 0.0089827505756604493 0.0011407313276254295 0.039445376318946172 0.0046484791603945957 0.015694932439992242 0.0087017551215182905 5.4165612600576576e-05 -0.0013288843234492112 0.0022238310889626366 0.00034678454295641588 0.0025982018244072999 -0.00021833936848215832 0.00015722727396542331 -0.0014853426731567824 -0.0060204646865812715 -0.00045617759746078554
leaf_weight=19 134 191 76 46 40 7.9999999999999991 32 135 99 88 208 13.999999999999998 99 12.999999999999998 69 10.999999999999998 20 165 107 57 11.999999999999998 58 22 87 18 92 93 107 26 92 183 15.999999999999998 91
leaf_count=19 134 191 76 46 40 8 32 135 99 88 208 14 99 13 69 11 20 165 107 57 12 58 22 87 18 92 93 107 26 92 183 16 91
internal_value=0.000357701 0.00398148 -0.00302832 -0.00218562 -0.000152933 0.00782102 -0.00588867 -0.00328925 -0.010975 -0.00222757 -0.00433498 -0.00863794 -0.0114221 0.00670485 0.00321571 0.00704509 -0.00425486 0.00898251 0.00872779 0.0160877 0.0186892 0.0153736 0.000966518 0.00456803 -0.0137459 0.00165435 0.00536223 0.00383372 0.0104162 -0.0018648 -0.00422237 0.00101363 0.00120814
internal_weight=2528 1229 1299 1223 802 747 421 290 131 538 358 150 131 670 278 189 89 392 176 77 69 69 155 109 117 180 227 264 66 482 275 207 198
internal_count=2528 1229 1299 1223 802 747 421 290 131 538 358 150 131 670 278 189 89 392 176 77 69 69 155 109 117 180 227 264 66 482 275 207 198
is_linear=0
shrinkage=0.060181


Tree=35
num_leaves=34
num_cat=0
split_feature=0 4 6 3 5 3 8 11 4 9 8 9 5 9 8 5 5 9 7 8 8 9 9 3 11 13 4 12 7 3 9 6 11
split_gain=8.46821 2.89789 2.39311 2.22071 1.90487 1.81623 1.7259 1.72199 1.88351 1.92454 1.70137 1.47329 1.73244 1.31263 1.28307 1.2139 1.17524 1.14866 1.45512 1.08868 1.85637 1.08453 1.56036 1.39361 2.0875 2.13129 1.5219 1.46408 1.32713 1.23097 1.01347 1.0042 1.00141
threshold=1.0000000180025095e-35 2.2003936314864236 0.95401530329017825 -1.3743786196353738 -1.1559697047462236 0.34493076405087691 0.75869737685808669 0.61412925195989043 -0.30810878936209668 1.3305827584955294 -1.1752662325990277 -0.073416220774986787 1.1768908611797355 -0.14476122073981187 2.2994607195139722 -0.53296235992253049 -0.74579177159997589 -0.26461032216946762 0.024796163794655202 1.3536992631682623 -0.55684774083431698 -1.1261275879778223 -1.6214746446974193 -0.76410408701705401 -0.18428614991956593 0.17701643805901665 0.065521851525307914 -0.67414598255139557 0.85687885866747704 -1.5504005355741566 0.4368248712950028 -0.79092059407653936 0.41452540149002631
decision_type=2 2 2 2 2 2 2 2 2 2 2 2 2 2 2 2 2 2 2 2 2 2 2 2 2 2 2 2 2 2 2 2 2
left_child=1 3 5 30 -5 21 10 8 -7 13 -4 12 17 -10 32 -15 -8 31 -19 20 -9 22 -2 29 26 28 -25 -28 -26 -23 -1 -6 -13
right_child=2 -3 6 4 11 7 16 19 9 -11 -12 14 -14 15 -16 -17 -18 18 -20 -21 -22 23 -24 24 25 -27 27 -29 -30 -31 -32 -33 -34
leaf_value=-0.0097261189257780798 0.0019201160205754588 -0.014245686205853396 -0.0057861817870216697 0.0081590222550564032 -0.0036549111908029991 0.0070122144585835792 -0.013613670748550112 0.0050814915396570339 0.00014026849718456962 -0.005014528119651719 0.0094517253187992017 -0.0010702420531196887 -0.0086455262989849086 -0.003086051711356356 0.0046223249478081823 0.010524203148413848 0.012384643077267769 0.00075836353157347932 0.0054437462025896787 0.011577668666673195 -0.0052748581943476338 -0.0029650707666253398 -0.0054873637017638756 0.00011261108688143299 0.0055092785914489023 -0.0028070784173724098 0.0012797598798890649 -0.0069466320578676155 -0.0016677677184762584 0.0050859417191158156 0.0010750868288291195 0.00026739130251077946 -0.0043903636927506368
leaf_weight=44 42 76 9.9999999999999982 27 54 120 10.999999999999998 24 73 19 116 425 45 10.999999999999998 21 63 26 45 32 9.9999999999999982 43 27 54 94 137 28 26 69 18 208 10.999999999999998 346 173
leaf_count=44 42 76 10 27 54 120 11 24 73 19 116 425 45 11 21 63 26 45 32 10 43 27 54 94 137 28 26 69 18 208 11 346 173
internal_value=0.000238841 -0.00312072 0.00383501 -0.00233281 -0.00169751 0.00270336 0.0106731 0.00616367 0.00832198 0.00356507 0.0139523 -0.00213189 0.000119905 0.00621262 -0.00411262 0.0116689 0 0.00132072 0.0078748 -0.00115519 -0.00472829 0.00081313 -0.00486214 0.00182801 -0.000328014 0.00404655 -0.00485787 -0.0100992 0.00703758 0.00543466 -0.0139117 0 -0.00470633
internal_weight=2528 1299 1229 1223 1168 1066 163 363 286 166 126 1141 522 147 619 74 37 477 77 77 67 703 96 607 372 183 189 95 155 235 55 400 598
internal_count=2528 1299 1229 1223 1168 1066 163 363 286 166 126 1141 522 147 619 74 37 477 77 77 67 703 96 607 372 183 189 95 155 235 55 400 598
is_linear=0
shrinkage=0.060181


Tree=36
num_leaves=34
num_cat=0
split_feature=1 2 15 3 4 4 8 13 8 9 0 8 2 10 8 9 8 4 10 2 9 8 8 6 9 3 3 6 10 15 9 3 3
split_gain=6.25087 5.48978 2.26638 2.04391 1.74037 1.71791 1.65557 2.17072 1.66605 1.61809 1.38862 1.38423 1.42863 1.17264 1.61207 1.16664 1.59513 1.36097 1.19531 1.16369 1.08283 1.07607 1.05335 1.15459 1.17738 0.970474 2.06672 1.17948 1.02473 1.18555 0.967639 0.971751 0.964189
threshold=1.0000000180025095e-35 1.0334452965859755 2.1112254216092903 -1.5504005355741566 -0.23923763647717566 2.2829042817691398 -0.38601715685574928 -0.26768197652728326 0.62285889867506772 -1.0145173346674259 -1.1446077060016007 -0.73997872951474353 0.53077522000538968 -0.47927178010857285 1.7059790552728036 -0.010778695582846698 -0.57198181406425364 2.1679617081371565 0.38269188514461988 0.19188422227266425 -0.086027373427973883 2.2994607195139722 -0.81658474848564877 -0.10541006296818604 -0.75186010074499066 -1.1880413889829524 -0.93376430170593283 -0.8532397332682079 -0.069769268150067634 0.88625919121491659 -0.45951236687844182 -0.089704673933957743 -1.1298483433603483
decision_type=2 2 2 2 2 2 2 2 2 2 2 2 2 2 2 2 2 2 2 2 2 2 2 2 2 2 2 2 2 2 2 2 2
left_child=5 2 3 20 -3 10 11 8 30 -10 -1 22 15 -11 -15 17 -17 -13 -18 32 -2 25 23 -5 -25 -12 -27 -28 29 -29 31 -8 -9
right_child=1 4 -4 6 -6 -7 7 19 9 13 21 12 -14 14 -16 16 18 -19 -20 -21 -22 -23 -24 24 -26 26 27 28 -30 -31 -32 -33 -34
leaf_value=0.0017153106586612569 -0.0077612900892147299 0.006749842093235963 0.0069561335139336541 -0.00018448579051748141 0.0030547221088285501 -0.015310476730404397 -0.0048799427665741696 0.0043363956358400419 -0.0032986351401566435 0.0041027565436484873 -0.0097831563183270465 0.0051887765711118227 -0.00029480116111394724 -0.00028952346113219084 0.0053030520797175545 0.0056405685214870873 -0.0026543981909742322 -0.0061834355429930387 0.010959291983041679 -0.00012558918808394027 0.00010416069901292006 0.0011534179611616927 -0.0022003824962941818 0.0076400341421506528 0.00024346434518339834 0.0038735733784450842 -0.014843953719529962 0.0014149378391056422 -0.0035722974504618543 -0.0074692404181980181 -0.00020798589060146106 -0.00010460322629107328 -0.0082973982276088269
leaf_weight=87 32 161 44 169 94 47 43 9.9999999999999982 37 94 48 88 48 124 42 42 32 8.9999999999999982 19 42 22 18 52 45 75 51 56 143 333 52 270 32 67
leaf_count=87 32 161 44 169 94 47 43 10 37 94 48 88 48 124 42 42 32 9 19 42 22 18 52 45 75 51 56 143 333 52 270 32 67
internal_value=0.000381472 0.00250241 0.00100387 0.000518754 0.0105995 -0.00384272 0.0010323 -0.000751449 0.0005637 0.00391335 -0.00304455 0.00346531 0.00698626 0.00571829 0.00214574 0.00934004 0.00345572 0.0140858 -0.00280736 -0.0081223 -0.0104967 -0.00397565 0.000794116 0.00237496 0.00683937 -0.00443047 -0.00363262 -0.00471604 -0.00362795 0 -0.00216608 -0.00807517 -0.0123545
internal_weight=2528 1693 1438 1394 255 835 1340 761 642 297 788 579 238 260 166 190 93 97 51 119 54 701 341 289 120 683 635 584 528 195 345 75 77
internal_count=2528 1693 1438 1394 255 835 1340 761 642 297 788 579 238 260 166 190 93 97 51 119 54 701 341 289 120 683 635 584 528 195 345 75 77
is_linear=0
shrinkage=0.060181


Tree=37
num_leaves=34
num_cat=0
split_feature=18 1 5 15 2 10 3 3 6 10 2 2 8 2 3 3 6 10 3 5 2 10 7 5 10 8 6 10 11 8 6 13 6
split_gain=8.95567 7.89772 2.51575 2.18112 2.3641 1.89613 1.70757 1.43554 1.20975 1.86983 1.69072 1.49465 1.43693 1.39657 1.38426 1.37442 1.71805 1.19036 1.05287 1.15823 1.34265 1.28382 1.05871 1.1697 1.0407 1.04256 1.62754 1.04621 1.03618 0.966854 0.963368 1.22462 1.63131
threshold=1.0000000180025095e-35 1.0000000180025095e-35 0.20835446363589177 0.88625919121491659 1.3150768497819527 -1.0118835711607679 1.0074112315307975 -1.4875513861610477 1.016334442481847 -0.6688205967416555 0.0082327034545126004 0.16052232891530949 -0.88997497836288608 -0.98340181012624817 0.77579571395543023 0.67681202699394538 1.7018449735902001 1.2626209112983975 -0.2517237250459603 -0.71241959964425283 0.23350687464035613 -1.4771785158344877 -0.80814082542608678 -0.29159094410429642 1.8815726050772932 -1.0013789984630945 -0.51048446771403111 0.14615493393370757 0.21492155102016219 -1.0013789984630945 0.14386649379848784 -0.31355890974495315 -0.10541006296818604
decision_type=2 2 2 2 2 2 2 2 2 2 2 2 2 2 2 2 2 2 2 2 2 2 2 2 2 2 2 2 2 2 2 2 2
left_child=1 18 7 4 8 -4 -7 -2 9 10 12 -12 -3 -14 -11 -10 -17 29 19 20 -1 -21 23 -20 25 27 -27 -9 -23 -6 31 -28 -33
right_child=2 3 5 -5 17 6 -8 24 15 14 11 -13 13 -15 -16 16 -18 -19 22 21 -22 28 -24 -25 -26 26 30 -29 -30 -31 -32 32 -34
leaf_value=-0.020099452880577642 -0.0061954824563342703 -0.00045033349783562973 -0.0003048939927848381 0.0092325464249679422 -0.0011641020517385841 -0.0061583499481844967 0.0047257050256424146 0.0022947234253770914 0.0082378653495993204 -0.00030420329756905681 -0.017156887394771992 0.0036129574601849752 -0.0019882765584809791 0.0080951852949127275 0.0055507164347445327 -0.0059539693878093158 0.0063746596403343415 -0.0036033192449709608 0.00022283765637970312 -0.014500591522188768 0.015653057799618654 0.00030125139348108793 0.00066905813845926168 -0.0081510051962809076 0.0048202281624458842 -0.0054062205783636423 0.0012508030603704725 -0.00035567885868696908 -0.00691334200647588 0.010745411174441607 -0.0010709490205226741 -0.013873916349305159 0.0060612799108503675
leaf_weight=37 30 22 89 141 8.9999999999999982 180 15.999999999999998 37 41 329 17 105 8.9999999999999982 94 52 27 40 11.999999999999998 51 29 11.999999999999998 149 240 35 25 131 140 40 66 87 193 27 15.999999999999998
leaf_count=37 30 22 89 141 9 180 16 37 41 329 17 105 9 94 52 27 40 12 51 29 12 149 240 35 25 131 140 40 66 87 193 27 16
internal_value=0.000333929 0.00307145 -0.00434988 0.00642516 0.00511545 -0.00908065 -0.0123758 -0.00211159 0.00374682 0.00257713 0.00661529 0.000980886 0.011487 0.0144221 0 0.00973171 0.00302354 0.0135064 -0.00217942 -0.00477773 -0.0132104 -0.00268506 8.6205e-06 -0.00540476 -0.00133085 -0.00195077 -0.00301105 0.00414168 -0.000701239 0.0157378 -0.000800166 0.00211152 -0.00587192
internal_weight=2528 1604 924 985 844 285 196 639 736 628 247 122 125 103 381 108 67 108 619 293 49 244 326 86 609 584 507 77 215 96 376 183 43
internal_count=2528 1604 924 985 844 285 196 639 736 628 247 122 125 103 381 108 67 108 619 293 49 244 326 86 609 584 507 77 215 96 376 183 43
is_linear=0
shrinkage=0.060181


Tree=38
num_leaves=34
num_cat=0
split_feature=0 4 4 3 3 3 4 19 8 8 4 4 7 3 9 6 7 12 3 4 4 9 3 9 9 13 7 13 9 7 3 6 9
split_gain=6.71998 2.8151 2.21395 1.94808 1.23892 1.61455 1.21551 1.12992 1.12595 1.10038 1.29871 1.04061 1.03059 1.25943 1.24685 1.25572 1.02697 1.0266 1.43454 1.32652 1.31933 1.23408 1.24857 1.27443 1.17827 1.07506 1.07158 1.59426 1.01183 0.960435 0.933896 0.932866 0.889571
threshold=1.0000000180025095e-35 2.2829042817691398 0.36748307978074674 -1.3743786196353738 -0.64189394657123477 -0.92019391069077316 -1.065849358730915 1.0000000180025095e-35 -0.44644187726266371 2.5849613403688934 -1.0076433851467883 -1.2018160218295064 -1.260916829823002 -0.90337481916557516 -0.073416220774986787 -0.51048446771403111 1.0994984534763907 2.4011762019116332 0.9576229269467661 -0.24553934827866983 -0.62595365905251354 -1.0696029638777198 -0.56991243204172315 1.4424469391565979 -1.5558498083179935 -0.24385947772111283 0.34344795556833269 0.42584894298929438 -0.85933666562035305 -1.4471529976692799 -1.1764291680277481 -0.32352705013902566 0.4368248712950028
decision_type=2 2 2 2 2 2 2 2 2 2 2 2 2 2 2 2 2 2 2 2 2 2 2 2 2 2 2 2 2 2 2 2 2
left_child=1 3 17 32 5 -4 8 9 -5 10 -8 -10 13 -12 -14 -16 31 18 21 20 -20 24 25 -24 -2 -23 27 -27 -9 -30 -3 -6 -1
right_child=2 30 4 6 16 -7 7 28 11 -11 12 -13 14 -15 15 -17 -18 -19 19 -21 -22 22 23 -25 -26 26 -28 -29 29 -31 -32 -33 -34
leaf_value=-0.0091867811552139005 0.0032459593777091175 0.0043042370476916057 0.00021889096555586414 0.0012439191232476083 -0.00065496768399978499 -0.0076141939657284469 0.0025537047955108342 -0.0076974520229355203 0.0043503576451930578 0.0075974622616677961 0.0012033703016498555 -0.012436952677751615 0.00015009187484461047 -0.0072877301252124499 -0.0028080868333072431 -0.00028589604239485315 0.034475701363834835 0.0091345522345475435 0.002773529468280861 0.0025797765643558635 0.0052322377363015126 0.0057348217857377069 -0.00010577089381352483 0.013017478734396497 -0.0062040692248656005 -0.0028185935907261289 -0.0074750507011959429 0.019902622556331989 -0.0046289934970370041 0.0101875847992437 -0.013981247430455243 0.0033552920556094187 0.00078182791790509147
leaf_weight=44 37 8.9999999999999982 69 30 125 47 42 17 14.999999999999998 10.999999999999998 12.999999999999998 51 398 84 168 289 12.999999999999998 33 39 80 110 170 268 32 53 12.000000000000002 28 13.999999999999998 10.999999999999998 52 54 99 10.999999999999998
leaf_count=44 37 9 69 30 125 47 42 17 15 11 13 51 398 84 168 289 13 33 39 80 110 170 268 32 53 12 28 14 11 52 54 99 11
internal_value=0.000238841 -0.00275111 0.00344442 -0.00204133 -0.000429871 -0.0055586 -0.00145027 -0.000804209 -0.00788315 -0.00140501 -0.00169196 -0.0121455 -0.00220716 -0.00810389 -0.00144019 -0.00359923 0.00188774 0.00506618 0.00451726 0.00867957 0.0120466 0.00283044 0.00399765 0.00119869 -0.00324501 0.00741598 0 0.0082274 0.00579264 0.00953006 -0.0149514 0.000541305 -0.0128848
internal_weight=2528 1299 1229 1236 353 116 1181 1085 96 1005 994 66 952 97 855 457 237 876 843 229 149 614 524 300 90 224 54 26 80 63 63 224 55
internal_count=2528 1299 1229 1236 353 116 1181 1085 96 1005 994 66 952 97 855 457 237 876 843 229 149 614 524 300 90 224 54 26 80 63 63 224 55
is_linear=0
shrinkage=0.060181


Tree=39
num_leaves=34
num_cat=0
split_feature=18 0 4 0 7 5 5 6 8 4 4 5 5 2 5 12 4 7 6 4 7 5 12 4 4 12 9 2 4 2 7 4 8
split_gain=6.95449 5.62482 2.06334 1.92993 1.7331 1.71716 1.49313 1.41805 1.58183 1.41614 2.24174 2.99513 1.4432 1.16089 1.11593 1.08014 1.05209 1.03439 1.09967 1.03108 1.00326 1.06978 0.970176 0.945759 1.25824 0.89689 0.927962 1.19845 0.949903 0.993107 0.901069 0.820548 0.793358
threshold=1.0000000180025095e-35 1.0000000180025095e-35 2.2003936314864236 1.01557764731833 -0.76371751933431298 1.0263459032921827 -1.1559697047462236 0.92285573369434404 2.2994607195139722 -1.0364305456446015 0.040431495148044158 -1.0305524190386965 0.5492507118188209 0.30202974838214497 -0.97059567761952081 -0.67414598255139557 -1.2018160218295064 0.47330069645197731 0.081547354606819361 1.679795300989211 -1.260916829823002 -0.95721358054101291 0.35096141226961375 -0.23923763647717566 -0.91933068251382466 1.888622504501128 -0.036661125832480747 1.4793327969628769 -0.90963647092959699 0.035010129939778256 0.22982680729514457 -0.57808166297988517 -0.97883926604817206
decision_type=2 2 2 2 2 2 2 2 2 2 2 2 2 2 2 2 2 2 2 2 2 2 2 2 2 2 2 2 2 2 2 2 2
left_child=1 2 6 7 -5 9 -1 8 25 16 14 -12 32 -9 -11 -7 -2 -16 -19 -17 -8 31 -4 24 -15 26 30 28 -28 -30 -3 -22 -13
right_child=5 3 22 4 -6 15 20 13 -10 10 11 12 -14 23 17 19 -18 18 -20 -21 21 -23 -24 -25 -26 -27 27 -29 29 -31 -32 -33 -34
leaf_value=0.0066323280994983981 0.0035702854174223687 -0.00084136027047182645 -0.00097490205564744676 -0.00064884993399457272 0.035325367765886094 -0.00028605068315484946 -0.0052435802162930784 0.026264142931824216 -0.0080441893821551185 -0.0025083856114297104 0.0028241610498659225 0.00021140532565430608 0.00063376023899049225 -0.0043632678746547138 -6.5232667270241084e-05 -0.0086503761714770439 -0.01295517487819681 0.00033261792521496367 0.0073711850693395416 0.001272518436240297 3.1663246957833501e-05 0.00025236243058778028 -0.012710812419442989 -0.0008844587277579242 0.0063021156012305467 0.0085236234458977295 -0.001077201155564477 0.010554925528921441 0.0086950348920478565 0.0013997029328310338 0.0045552041572613326 -0.0058455365463425668 -0.0024519295101819126
leaf_weight=27 11.999999999999998 154 21 13.999999999999998 63 48 108 26 8.9999999999999982 19 13.999999999999998 25 24 7.9999999999999991 317 89 49 59 24 12.999999999999998 21 617 34 34 56 35 31 22 87 92 116 29 231
leaf_count=27 12 154 21 14 63 48 108 26 9 19 14 25 24 8 317 89 49 59 24 13 21 617 34 34 56 35 31 22 87 92 116 29 231
internal_value=-4.86661e-05 0.00232275 -0.00094734 0.00613731 0.015341 -0.00422013 -7.82299e-05 0.00491802 0.00339963 -0.00294458 -0.00206149 -0.00607609 -0.00764924 0.0108696 0.000647546 -0.0102051 -0.0116882 0.00149813 0.00732923 -0.0137039 -0.000660643 0.000138849 -0.0118579 0.00654336 0.0107244 0.00395718 0.00310034 0.00588701 0.00395767 0.00578305 0.000450298 -0.00791185 -0.00905186
internal_weight=2528 1604 857 747 77 924 802 670 546 774 713 294 280 124 419 150 61 400 83 102 775 667 55 98 64 537 502 232 210 179 270 50 256
internal_count=2528 1604 857 747 77 924 802 670 546 774 713 294 280 124 419 150 61 400 83 102 775 667 55 98 64 537 502 232 210 179 270 50 256
is_linear=0
shrinkage=0.060181


Tree=40
num_leaves=34
num_cat=0
split_feature=1 2 4 12 5 16 7 4 6 3 2 5 5 3 0 5 4 10 5 11 15 5 5 6 5 7 10 7 6 2 5 2 5
split_gain=4.6755 3.532 1.85231 1.60166 2.03779 1.62115 1.4203 1.8332 1.43354 1.45152 1.37222 1.37122 1.31636 1.32993 1.2378 1.52004 1.2361 1.88031 1.6353 1.51777 2.5015 1.35145 1.2166 1.21449 1.20335 1.8948 1.0787 1.01319 1.09617 0.996934 0.954984 0.918767 0.90526
threshold=1.0000000180025095e-35 1.0334452965859755 2.2829042817691398 2.4011762019116332 -0.25245117209183898 1.0000000180025095e-35 -0.34938476059373985 -0.49781881437823955 -0.60396317650153386 2.3799215484622342 0.5493454491755676 -0.86727416787017575 -0.68215361783426121 -0.37331408176314157 -1.1446077060016007 -0.18618344095573267 0.053112641059539806 -1.1523783970561057 -0.32913989266169175 -0.18428614991956593 1.0000000180025095e-35 -0.39957946685193968 -0.7183463406599836 0.26850477218182484 0.17058159326935604 0.27766729077859248 0.13675650529988143 0.46646634166862655 -0.51048446771403111 -0.77522766329679205 -0.91167233754235621 -1.6360912705759862 2.4198173272706227
decision_type=2 2 2 2 2 2 2 2 2 2 2 2 2 2 2 2 2 2 2 2 2 2 2 2 2 2 2 2 2 2 2 2 2
left_child=2 3 14 5 -5 11 8 -8 -3 -10 -7 -2 13 -13 15 22 18 32 21 20 -20 -14 -1 -9 25 -16 29 30 -29 31 -27 -26 -18
right_child=1 6 -4 4 -6 10 7 23 9 -11 -12 12 16 -15 24 -17 17 -19 19 -21 -22 -23 -24 -25 26 27 -28 28 -30 -31 -32 -33 -34
leaf_value=0.0049311701096922487 0.0025949048897807693 -0.00053093595728692503 -0.012021577040777026 0.011585624241956492 -0.011223397813306267 0.0050221663709581095 0.0056577918212806933 -0.0044117980424159299 0.0080074387286927437 0.0032532980016808971 -0.00033289298132745826 -0.00010369890509034627 0.00085134105898755836 -0.0027504749445833709 -0.0025667404122652979 0.0095688550478058836 0.0028501868535776233 -0.0014072793085674684 -0.0010608471487558461 -0.001162066272666643 0.0034190599719232792 0.0050819026362595868 -0.015729747483209159 0.010530899386735961 -0.010293299498042289 -0.0054488485619859752 -0.011099315346284307 -0.012447062173681587 0.0016289153722980905 -0.01084634519948479 0.0063728401114002565 0.0043053286827131471 -0.00071178959870018459
leaf_weight=26 92 23 47 33 8.9999999999999982 171 45 38 94 26 64 52 106 62 398 32 85 273 99 219 107 33 29 29 14.999999999999998 7.9999999999999991 64 29 63 58 28 38 33
leaf_count=26 92 23 47 33 9 171 45 38 94 26 64 52 106 62 398 32 85 273 99 219 107 33 29 29 15 8 64 29 63 58 28 38 33
internal_value=0.000167526 0.00200581 -0.00348391 0.000795142 0.011939 0.000389017 0.00850507 0.00262747 0.0125396 0.0151164 0.00493022 -0.000493353 -0.00115285 -0.00718831 -0.00266443 0.00368456 -0.000348253 -0.00298114 0.00138335 -0.000357658 0.00317185 0.00698316 -0.00158884 -0.00302354 -0.00354859 -0.00193714 -0.00793427 0.00413718 2.972e-05 -0.00343808 0.0122282 0.00164498 0.00299272
internal_weight=2528 1693 835 1438 42 1396 255 112 143 120 235 1161 1069 114 788 87 955 391 564 425 206 139 55 67 701 526 175 128 92 111 36 53 118
internal_count=2528 1693 835 1438 42 1396 255 112 143 120 235 1161 1069 114 788 87 955 391 564 425 206 139 55 67 701 526 175 128 92 111 36 53 118
is_linear=0
shrinkage=0.060181


Tree=41
num_leaves=34
num_cat=0
split_feature=0 2 5 16 4 5 12 4 2 9 9 9 9 13 7 3 5 2 5 0 7 5 6 12 3 2 4 12 2 2 12 5 15
split_gain=5.26132 2.34735 2.21262 1.72642 1.6852 1.3198 1.94725 1.23435 1.17981 1.12336 1.91688 1.10352 1.18275 1.30262 1.26745 1.099 1.07657 1.17197 1.07383 1.68624 1.16696 1.51432 1.06825 1.06251 0.989936 0.934607 2.12922 0.930978 1.43283 0.978341 0.903404 0.968007 1.17349
threshold=1.0000000180025095e-35 1.0334452965859755 -1.0840011467426518 1.0000000180025095e-35 2.1737462307143862 1.246465220042493 -0.67414598255139557 -0.24553934827866983 0.96709717874701928 -1.2840401262390628 -1.6214746446974193 -0.073416220774986787 1.2032554303344021 2.3101294907035324 -2.3911482521194523 -0.042553852668379598 1.0904228718946121 0.67951620494947995 -0.22133183000763718 1.01557764731833 -0.64667919366944948 -0.4780849982210687 0.98517487288601269 1.0000000180025095e-35 -0.37331408176314157 -0.75709476777381479 -0.9145430981896886 0.35096141226961375 -0.058938097580006239 0.23248349227561843 1.888622504501128 -0.69029202587466065 1.0000000180025095e-35
decision_type=2 2 2 2 2 2 2 2 2 2 2 2 2 2 2 2 2 2 2 2 2 2 2 2 2 2 2 2 2 2 2 2 2
left_child=2 3 -1 8 5 11 -7 -3 9 10 15 25 13 16 -14 -2 17 -13 20 -20 -11 22 24 -21 -22 26 -4 -27 -29 -30 31 -16 -33
right_child=1 7 4 -5 -6 6 -8 -9 -10 18 -12 12 14 -15 30 -17 -18 -19 19 23 21 -23 -24 -25 -26 27 -28 28 29 -31 -32 32 -34
leaf_value=0.0041954458698051358 -0.0019378138950560792 0.0058098410525004446 -0.0068212043817226951 0.0045173207515664384 -0.011118179397356634 0.0017477228443820727 -0.0077377956013349337 0.0036589340565578101 -0.0047243171824119775 -0.0012723326700635031 -0.0065323999270290823 -0.0029065005868756607 -0.026112108801450172 0.005158024556105349 -0.00057609627942593249 0.010117464261365667 0.0065107711474359144 -3.5531896546849031e-05 -0.00039599266424487239 0.017815294307488742 0.0013462485334466349 0.0039603944975993488 0.0068905430388638339 6.0143388668352768e-05 -0.0010704375748891105 0.00013105519580969502 0.0040457747132583146 -0.0070231905126216755 0.0035005815596182406 -0.0046603557307867147 -0.013123214441222922 -4.8181092337758377e-06 0.005241073138955249
leaf_weight=55 25 124 39 179 77 36 77 87 27 36 41 295 8.9999999999999982 20 26 14.999999999999998 7.9999999999999991 85 351 30 90 98 24 26 76 284 75 38 28 32 10.999999999999998 41 63
leaf_count=55 25 124 39 179 77 36 77 87 27 36 41 295 9 20 26 15 8 85 351 30 90 98 24 26 76 284 75 38 28 32 11 41 63
internal_value=0.000215069 0.00305382 -0.00242771 0.00177003 -0.00299299 -0.00234159 -0.00854024 0.00884672 0.000539042 0.0010365 -0.00536852 -0.00159597 -0.00343415 -0.00512428 0.000802083 0.00282549 -0.0060007 -0.00659649 0.00184714 -8.02034e-05 0.00441748 0.00578836 0.00219059 0.00913477 1.67528e-05 0.000367059 0.00514141 -0.000943785 -0.00595105 0 0.0027248 0.00452569 0.00729706
internal_weight=2528 1229 1299 1018 1244 1167 113 211 839 812 81 1054 558 408 150 40 388 380 731 407 324 288 190 56 166 496 114 382 98 60 141 130 104
internal_count=2528 1229 1299 1018 1244 1167 113 211 839 812 81 1054 558 408 150 40 388 380 731 407 324 288 190 56 166 496 114 382 98 60 141 130 104
is_linear=0
shrinkage=0.060181


Tree=42
num_leaves=34
num_cat=0
split_feature=2 0 5 1 11 1 4 15 4 1 10 9 2 10 3 8 9 5 4 12 10 5 2 2 8 3 2 8 9 4 5 12 13
split_gain=3.91471 2.30725 1.81972 1.94773 2.08755 1.64138 1.36567 1.28004 1.27776 1.27182 1.21604 1.1892 1.12859 1.09065 1.25361 1.11482 1.04862 1.02886 0.976159 0.969288 1.22946 2.35196 0.936694 1.22579 1.06601 1.61966 1.19235 0.947279 0.883552 1.65673 1.38057 0.827221 0.851938
threshold=1.0334452965859755 1.01557764731833 -1.0305524190386965 1.0000000180025095e-35 1.612148504309211 1.0000000180025095e-35 -0.23923763647717566 2.1112254216092903 1.3240321065846747 1.1241768659879796 0.8886293643662263 -0.17990562753896336 2.2431052561450411 1.3023706752978965 -1.3434870259196352 0.52445825360189857 0.18659530242032904 -0.50161200803694039 2.2911857679507306 -0.67414598255139557 0.3929584601231258 -0.45172830697472011 -1.3343483621889463 -1.9014209932574595 1.5651092345728679 0.06138100568249566 -1.1595629947104646 -0.81658474848564877 -0.78160386104205093 0.31698370310915908 0.37104646466528596 1.3760688070906235 -0.29731763895715951
decision_type=2 2 2 2 2 2 2 2 2 2 2 2 2 2 2 2 2 2 2 2 2 2 2 2 2 2 2 2 2 2 2 2 2
left_child=1 2 10 4 11 12 -7 8 22 17 -1 13 -2 14 -4 18 -9 -3 -16 -13 31 -22 23 -5 26 -26 -24 -25 29 -8 -30 -21 -33
right_child=5 9 3 7 -6 6 28 16 -10 -11 -12 19 -14 -15 15 -17 -18 -19 -20 20 21 -23 24 27 25 -27 -28 -29 30 -31 -32 32 -34
leaf_value=0.0035436117311416636 0.0017088413072071419 8.1226880681841077e-05 -0.018260766749012124 0.002782490036216037 0.0034288841009622937 0.004831286182856831 0.019981916813173236 0.0056499980975970015 -0.0011495053133392674 -0.00059479589475073744 -0.0051099603088011593 -0.00055856617569793258 -0.0039965381682998454 -0.023292418123871284 0.0024737924472966835 -0.0059889006829759242 -0.0021800815037767681 0.015559154455285253 -0.011682187155078403 -0.010539039996584709 0.0031136217711520133 -0.011565616108170361 0.0044115048840053213 0.00051068653589382562 -0.00091298565832707628 0.006318829757984248 -3.95002326628119e-05 -0.0062645263488276155 -0.0039392955173014515 -0.0016130327516719807 0.0062196869152968889 -0.0044640581784808672 0.0080743176857672287
leaf_weight=65 76 28 12.999999999999998 15.999999999999998 33 161 19.000000000000004 26 196 27 14.999999999999998 68 24 15.999999999999998 169 50 13.999999999999998 75 8.9999999999999982 158 35 71 28 10.999999999999998 42 40 869 58 52 9.9999999999999982 12.999999999999998 31 9.9999999999999982
leaf_count=65 76 28 13 16 33 161 19 26 196 27 15 68 24 16 169 50 14 75 9 158 35 71 28 11 42 40 869 58 52 10 13 31 10
internal_value=0.000119982 -0.000816952 -0.00133933 -0.00173043 -0.00438284 0.00596554 0.00850507 -0.000325335 -0.000716645 0.0067779 0.00723231 -0.00522849 -2.74251e-05 -0.00174287 -0.000380667 0.000531956 0.00972632 0.00990588 0.00299812 -0.0074382 -0.00888218 -0.0027713 5.90316e-05 -0.00580537 0.000645979 0.00706334 0 -0.00957139 0.00187886 0.0102391 -0.00135725 -0.011747 -0.00208754
internal_weight=2528 2173 2043 1963 663 355 255 1300 1260 130 80 630 100 257 241 228 40 103 178 373 305 106 1064 85 979 82 897 69 94 29 65 199 41
internal_count=2528 2173 2043 1963 663 355 255 1300 1260 130 80 630 100 257 241 228 40 103 178 373 305 106 1064 85 979 82 897 69 94 29 65 199 41
is_linear=0
shrinkage=0.060181


Tree=43
num_leaves=34
num_cat=0
split_feature=18 0 0 5 5 4 15 4 2 3 5 4 3 4 3 3 3 4 12 4 5 2 5 15 5 6 4 2 13 16 5 16 13
split_gain=8.03243 4.10031 2.33385 1.46024 1.42022 1.9564 1.29049 1.99885 1.64766 1.48871 1.2422 1.21128 1.33296 1.33152 1.45711 1.33526 1.39716 1.1879 1.14013 1.75546 1.92481 1.34019 1.29966 1.10777 1.06315 1.2017 1.4934 0.976502 0.957183 1.06063 0.938734 1.17264 1.6586
threshold=1.0000000180025095e-35 1.0000000180025095e-35 1.01557764731833 -1.1559697047462236 0.20835446363589177 -0.79631490488780232 0.88625919121491659 -0.23923763647717566 1.0064956499860467 -0.93376430170593283 -0.74579177159997589 0.42011657487689325 0.57194108049591175 -0.30810878936209668 -1.3442390248421041 1.1481810632927465 2.1689182909099038 -0.55000274246013137 0.86351510968011858 -0.14627126138942573 -1.0305524190386965 0.037200872361273708 -0.68215361783426121 2.1112254216092903 -0.95721358054101291 -0.26120791094735718 -1.0364305456446015 0.43014663213905457 0.17701643805901665 1.0000000180025095e-35 -0.41293124081651128 1.0000000180025095e-35 -0.25472374637787865
decision_type=2 2 2 2 2 2 2 2 2 2 2 2 2 2 2 2 2 2 2 2 2 2 2 2 2 2 2 2 2 2 2 2 2
left_child=1 3 6 -1 18 -6 8 -8 9 -3 -4 13 -13 23 -15 -16 -17 -7 19 24 -21 -22 -23 30 -2 26 -26 -24 29 -11 -5 -32 -33
right_child=4 2 10 11 5 17 7 -9 -10 28 -12 12 -14 14 15 16 -18 -19 -20 20 21 22 27 -25 25 -27 -28 -29 -30 -31 31 32 -34
leaf_value=0.0052080548008462593 -0.0048024378458615827 0.0090433491091308649 -0.0021323800992874295 -0.0015429132620113004 -0.018280633101355227 0.0012890012631819171 0.012502329970831646 -0.00034361161913931855 0.0044778830296376537 -0.00028901422898037143 0.031136057687821968 -0.0041268577590419303 0.0036553772680119772 -0.014613089065978156 0.0059021380720063743 -0.0069839022878102541 0.028367559495181865 -0.0018769918934711455 -0.0025518276687450437 0.0023099081502730278 -0.0020894716748554522 -0.0023854199707266659 0.0013639636113562976 0.0049260036346592088 -0.0086101176953194015 0.00027725535792520728 0.0028187836018512707 -0.0012616223841009754 -0.0037904213930781633 0.0073043212649892483 0.00047995291531413082 -0.016045685330946344 0.0055987374068974059
leaf_weight=27 17 82 7.9999999999999991 188 52 35 65 33 149 247 69 162 24 18 106 35 10.999999999999998 198 108 13.999999999999998 168 24 34 35 9.9999999999999982 191 43 30 36 58 183 51 17
leaf_count=27 17 82 8 188 52 35 65 33 149 247 69 162 24 18 106 35 11 198 108 14 168 24 34 35 10 191 43 30 36 58 183 51 17
internal_value=0.000215069 0.00280941 0.00605713 0 -0.00422013 -0.00782951 0.00473933 0.0112818 0.00345518 0.00134682 0.0160877 -0.000508765 -0.00477604 0.000654888 0.00521621 0.00736664 -5.72805e-05 -0.00497189 -0.00248619 -0.00118731 -0.00462947 -0.00603822 0 -0.000887991 0.0021714 0.00341422 0.0112137 0.00449301 -0.000270202 0.000691743 -0.00184202 0.000365716 -0.00592295
internal_weight=2528 1604 747 857 924 285 670 98 572 423 77 830 186 644 170 152 46 233 639 531 270 256 88 474 261 244 53 64 341 305 439 251 68
internal_count=2528 1604 747 857 924 285 670 98 572 423 77 830 186 644 170 152 46 233 639 531 270 256 88 474 261 244 53 64 341 305 439 251 68
is_linear=0
shrinkage=0.060181


Tree=44
num_leaves=34
num_cat=0
split_feature=18 1 4 5 2 2 10 7 2 5 4 2 2 7 2 10 5 3 4 10 4 7 11 13 10 10 4 6 6 2 4 4 3
split_gain=7.05769 3.80155 1.70549 1.69035 1.47366 1.55092 1.31406 1.38638 1.08505 1.49452 1.28869 1.06552 1.50366 2.16587 1.42798 1.3046 1.23698 1.05011 1.22751 1.03632 1.01572 0.99986 1.75631 1.38321 0.963954 1.49207 2.04577 1.66271 1.47579 1.21953 1.07326 1.34328 0.960402
threshold=1.0000000180025095e-35 1.0000000180025095e-35 0.63245097351635948 2.8104254584366415 1.2552791361444833 2.1205024577771239 1.2557771006352942 2.6338111023383912 0.89594225797231386 0.20835446363589177 -0.79631490488780232 1.3150768497819527 -0.2957436717967421 -0.463005908866928 0.35646608711102135 0.54754892467355198 1.0263459032921827 -1.4949226099604604 -0.75058769643083378 -1.2150206533213759 -0.55000274246013137 -1.260916829823002 0.8137331024297545 0.087112227545054308 0.3929584601231258 -0.38390682039496643 -0.443107186111175 0.76705788571517286 0.48662175935266461 -1.0754652847552648 -0.4490207211994785 -1.0134960092028058 -0.77201283333510051
decision_type=2 2 2 2 2 2 2 2 2 2 2 2 2 2 2 2 2 2 2 2 2 2 2 2 2 2 2 2 2 2 2 2 2
left_child=1 2 21 6 8 -6 7 11 9 19 -11 12 15 14 -14 17 -15 -3 -19 -2 -12 22 -1 24 25 29 -27 -28 -26 -23 31 -31 -21
right_child=4 3 -4 -5 5 -7 -8 -9 -10 10 20 -13 13 16 -16 -17 -18 18 -20 32 -22 23 -24 -25 28 26 27 -29 -30 30 -32 -33 -34
leaf_value=6.7881393441941091e-05 -0.0055635500051095833 -0.0035542466275122549 -0.0074660968165684016 -0.0054892004521749941 0.0042327743746133585 -0.0034676661717866568 -8.2596684011362586e-05 -0.0041054904842955844 -0.0046496377792606463 -0.017180486529621265 0.0011974849429389127 0.0073125821558841994 0.015648749851570776 -9.6738797665833797e-05 0.001396261582105406 -0.00086113944821111104 0.012443875489897289 0.0088594385042779621 0.0045728408354803428 -0.0013423549118162961 -0.0018797186936926934 -0.012553504591990882 -0.012537529550890008 0.0033214563615846801 -0.0028221918481536423 -0.010567145291999303 0.0097572911067343553 -0.006973457421177884 0.0040891039723070007 -0.004999267852530436 0.0026425525899531595 0.0070992817722304235 1.2889388050984292e-05
leaf_weight=69 52 10.999999999999998 110 24 32 28 101 8.9999999999999982 32 52 34 101 49 297 126 37 26 73 131 112 187 23 24 57 67 67 26 23 55 9.9999999999999982 62 26 395
leaf_count=69 52 11 110 24 32 28 101 9 32 52 34 101 49 297 126 37 26 73 131 112 187 23 24 57 67 67 26 23 55 10 62 26 395
internal_value=0.000452788 0.00288428 -0.000729514 0.00520766 -0.0037011 0.00477557 0.00564918 0.00641439 -0.00437324 -0.00382051 -0.00751646 0.00672841 0.00575351 0.00360498 0.00894513 0.0096644 0.000469357 0.0114378 0.0124787 -0.001877 -0.00496959 0.000651256 -0.00470165 0.0020147 0.000422758 -0.00163762 -0.00656494 0.00177007 0.00481394 0.00267918 0.00595105 0.0137478 -0.000889532
internal_weight=2528 1604 619 985 924 60 961 860 864 832 273 851 750 498 175 252 323 215 204 559 221 509 93 416 359 237 116 49 122 121 98 36 507
internal_count=2528 1604 619 985 924 60 961 860 864 832 273 851 750 498 175 252 323 215 204 559 221 509 93 416 359 237 116 49 122 121 98 36 507
is_linear=0
shrinkage=0.060181


Tree=45
num_leaves=34
num_cat=0
split_feature=18 0 1 7 7 2 11 5 1 9 8 9 5 8 10 2 10 5 11 10 2 8 5 8 10 5 8 7 9 5 9 8 5
split_gain=4.6301 3.38225 2.29658 1.6125 1.59852 1.27032 1.70142 1.55293 1.40704 1.26967 2.35098 1.23805 1.52758 1.22814 1.18514 1.1665 2.07852 1.72662 1.36693 2.39504 1.68927 1.34081 1.3327 1.12123 1.08247 0.985171 1.07835 0.965908 0.937621 0.919339 0.913682 0.936469 0.903118
threshold=1.0000000180025095e-35 1.01557764731833 1.0000000180025095e-35 -0.51255498104621289 -0.76371751933431298 0.037200872361273708 0.61412925195989043 -0.95721358054101291 1.0000000180025095e-35 0.58384647774651632 0.97521255138906926 -0.3451051338425255 1.1768908611797355 -0.98463450325723845 1.0906334468283196 -0.2957436717967421 0.50010066107992457 0.47686764340055127 1.0000000180025095e-35 -0.78854376149755501 0.78648687318898869 -0.73035168571808906 -0.64187170124206683 0.52445825360189857 0.083858275504198707 0.60581048244391766 -0.65360012708763238 -0.24003508406014382 1.0505600594495315 -0.09794126494740589 0.41115161901616654 -0.74531251763407413 -0.22830079370243758
decision_type=2 2 2 2 2 2 2 2 2 2 2 2 2 2 2 2 2 2 2 2 2 2 2 2 2 2 2 2 2 2 2 2 2
left_child=1 2 -1 14 -3 7 8 -2 23 11 -11 13 -13 -9 -4 16 17 22 19 21 -20 -17 -5 -7 -15 26 -10 -26 -18 -8 31 -21 -16
right_child=5 4 3 15 -6 6 29 9 25 10 -12 12 -14 24 32 18 28 -19 20 30 -22 -23 -24 -25 27 -27 -28 -29 -30 -31 -32 -33 -34
leaf_value=-0.00069155927509108892 0.0021683686956100539 -0.0013016969288714452 0.0062092572606808052 -0.0002777870890477956 0.030043987650019255 -0.0065354642740313683 -0.003376024062993122 0.00024600294347355573 3.503080167322286e-06 -0.0064576746782585622 0.00011415850274688854 0.00046184036468277913 -0.0062034483465228038 -0.00626869984826171 0.0014296997386464582 -0.0012139487282726189 -0.0015372121857203411 0.00012714445431086718 -2.9426212729285744e-06 -0.00050204863396091453 0.0042036295002015941 0.004931411922598738 0.0074228096809771113 0.009977518938318445 0.0090170838248901253 -0.00072081213749076675 0.0017505749744201847 -0.0020255922122964973 0.0081715574247669554 0.00025979416028390522 8.0556133654913857e-05 -0.0056329340920960539 -0.0019771244119025635
leaf_weight=614 24 13.999999999999998 196 19 63 32 56 60 48 109 48 167 38 87 25 33 67 59 102 32 52 93 97 8.9999999999999982 10.999999999999998 35 105 56 10.999999999999998 39 40 72 14.999999999999998
leaf_count=614 24 14 196 19 63 32 56 60 48 109 48 167 38 87 25 33 67 59 102 32 52 93 97 9 11 35 105 56 11 39 40 72 15
internal_value=0.000500332 0.00247249 0.00179085 0.00371269 0.0145944 -0.00285769 8.67312e-06 -0.00449133 0.00298758 -0.00519646 -0.00994767 -0.00321084 0 -0.00637398 0.00804925 0.00208211 0.00528796 0.00894513 6.64482e-06 -0.00242991 0.00460022 0.00327234 0.0131061 -0.00613521 -0.0091824 0.00535436 0.00751175 -0.00217117 -0.00224724 -0.00643727 -0.00776591 -0.0106527 -6.51624e-05
internal_weight=2528 1604 1527 913 77 924 324 600 229 576 157 419 205 214 236 677 253 175 424 270 154 126 116 41 154 188 153 67 78 95 144 104 40
internal_count=2528 1604 1527 913 77 924 324 600 229 576 157 419 205 214 236 677 253 175 424 270 154 126 116 41 154 188 153 67 78 95 144 104 40
is_linear=0
shrinkage=0.060181


Tree=46
num_leaves=34
num_cat=0
split_feature=2 5 1 4 14 5 7 3 8 7 6 13 4 7 5 8 8 6 11 2 2 8 6 11 4 6 15 15 4 11 4 13 5
split_gain=2.75149 1.55576 1.64537 1.66072 1.41262 1.22755 1.25036 1.87643 1.29245 1.16722 1.64381 1.34303 1.13242 1.07284 1.04883 0.961348 0.888091 0.87214 1.27455 1.2216 1.13776 0.745212 0.744769 1.60114 0.729442 0.859401 0.845195 0.685202 0.963189 0.769011 1.20717 1.14948 1.55442
threshold=1.1540364298032351 -1.0456582178070792 1.0000000180025095e-35 -0.020443758516088296 1.7092913388094815 -0.55500941399647818 -0.80814082542608678 -0.7420084404090409 -0.15090090600725856 0.35199089904751929 -0.44816532852236268 -0.32481233232470336 -0.24553934827866983 -0.31265010363323603 -0.39479095204944287 -0.19674808924773438 -0.70167348347711922 -0.60396317650153386 0.41452540149002631 -0.36964233139740793 -0.16731763273310926 0.11789690472362062 0.23734520258599057 0.61412925195989043 -1.0850200202837006 -0.57280360690569965 0.88625919121491659 2.1112254216092903 -0.96947746718373395 -1.3819092527387502 1.2814864319523216 0.77864851762156062 0.061506137650899309
decision_type=2 2 2 2 2 2 2 2 2 2 2 2 2 2 2 2 2 2 2 2 2 2 2 2 2 2 2 2 2 2 2 2 2
left_child=1 15 3 4 5 17 7 -7 22 11 -11 14 16 -14 -5 -1 -2 -3 -19 -20 -21 -18 23 -8 26 -26 -10 29 -29 -4 31 -31 -33
right_child=12 2 27 9 -6 6 8 -9 24 10 -12 -13 13 -15 -16 -17 21 18 19 20 -22 -23 -24 -25 25 -27 -28 28 -30 30 -32 32 -34
leaf_value=0.0036294156876445884 0.0011861244327999324 -0.0075872931023884798 0.001967701683710989 -0.014876090768601585 -0.016818451354856254 0.0015237186270760971 0.0025934853658440048 -0.010183742355892891 -0.017325652507494769 -0.0037374190780186875 0.0025582224378532291 -0.018967090102998411 0.0031025309623286938 -0.0012400821824041642 0.00048595410491167335 0.00022664795763763655 0.0061951133581143103 0.0086170507832138057 -0.003633932581216975 0.0084964284614355585 -0.00034493852648258494 0.001293732825333832 0.0051730384449381233 -0.019378140904765025 -0.01115897909463787 0.0005269683402930516 7.0736928039925718e-05 -0.0019091526286281343 0.0053667445971670403 0.00024865980845975068 -0.0010264551526889389 0.00026528253487900555 -0.0044665341833392581
leaf_weight=43 59 10.999999999999998 96 34 25 26 86 66 17 78 19 39 71 57 47 39 60 38 21 12.999999999999998 19 64 45 9.9999999999999982 37 72 9.0000000000000018 12.999999999999998 29 995 186 64 40
leaf_count=43 59 11 96 34 25 26 86 66 17 78 19 39 71 57 47 39 60 38 21 13 19 64 45 10 37 72 9 13 29 995 186 64 40
internal_value=0.000571647 -0.000150336 -0.000493784 -0.00286331 -0.000790242 0 -0.00162714 -0.00758349 0.000225398 -0.0072421 -0.00152373 -0.0112213 0.00584341 0.000936166 -0.00536852 0.00776635 0.00888415 0.00572564 0.00798172 0.000581792 0.0085312 0.0118128 0.00438951 0.000632728 -0.00371114 -0.000826904 -0.0122931 0.000655856 0.00798013 0.000371499 0 0.000739417 -0.00505994
internal_weight=2528 2217 2135 712 495 470 368 92 276 217 97 120 311 128 81 82 183 102 91 53 32 124 141 96 135 109 26 1423 42 1381 1285 1099 104
internal_count=2528 2217 2135 712 495 470 368 92 276 217 97 120 311 128 81 82 183 102 91 53 32 124 141 96 135 109 26 1423 42 1381 1285 1099 104
is_linear=0
shrinkage=0.060181


Tree=47
num_leaves=34
num_cat=0
split_feature=18 1 5 5 10 10 8 2 8 8 9 11 8 7 2 2 2 8 11 11 7 7 3 7 10 11 10 8 8 3 2 9 8
split_gain=3.72781 2.9378 1.47592 0.993549 1.13427 0.959813 1.40402 1.385 1.48118 1.03235 0.96917 0.93206 0.908449 0.852139 0.871751 1.53846 1.33074 0.931575 0.811177 0.802503 0.845957 0.898383 0.937295 1.43822 1.0076 0.801056 0.894389 0.774344 1.04954 1.79579 0.773518 1.32069 1.14225
threshold=1.0000000180025095e-35 1.0000000180025095e-35 2.8104254584366415 1.0263459032921827 -1.0276516513723453 -0.56224103020678806 -0.88997497836288608 1.0064956499860467 0.2971122736877177 -0.46093656480603734 -1.8025475520384029 0.41452540149002631 -0.60938565582620374 1.6291609491859891 1.2552791361444833 2.1205024577771239 0.98643780306467321 1.9085023646409709 2.2109600557188034 1.612148504309211 -0.31265010363323603 -0.24003508406014382 -0.71869116294515678 -0.096513633609801433 1.0062251124529409 -0.98270155179902219 -0.83861078052272608 -0.76356628920761604 -0.26895375281632439 -0.087836328054997179 0.075560154476728661 0.58384647774651632 -0.496476567162423
decision_type=2 2 2 2 2 2 2 2 2 2 2 2 2 2 2 2 2 2 2 2 2 2 2 2 2 2 2 2 2 2 2 2 2
left_child=1 19 5 13 -5 6 25 18 9 12 -8 -12 -9 14 16 -16 17 30 -7 20 27 -22 24 -24 -23 -3 -27 -1 29 -29 31 32 -2
right_child=3 2 -4 4 -6 7 10 8 -10 -11 11 -13 -14 -15 15 -17 -18 -19 -20 -21 21 22 23 -25 -26 26 -28 28 -30 -31 -32 -33 -34
leaf_value=-0.0062095966496735419 0.00035253907819317304 0.0078569630090218334 -0.0048910557683114258 -5.6155126867988236e-06 -0.0063677376030384959 0.00023221668764949454 -0.0047716038119030224 0.003688041144331391 -7.306844014395229e-05 0.013646495539356401 0.0053354661351005762 -0.00018108453398815966 -0.0027175365302988591 0.0012989274535958255 0.0040975663466035423 -0.0031370487832148683 -0.0043323158583661349 0.0014227517795021571 0.0064264066634628081 0.0024386026883074846 0.0063015056546891672 -0.0078937778745045081 -0.011031216581627369 0.0007991458023484827 0.0029306184168892079 -0.0082673140408504511 0.015720400892950636 -0.0076761237962316726 -0.0056887469749061842 0.008893937567430274 9.4124622062442446e-05 -0.0055270956004332423 -0.0013784169607749786
leaf_weight=69 147 26 24 59 91 491 7.9999999999999991 45 38 42 222 23 10.999999999999998 39 29 28 22 30 25 33 38 97 34 139 13.999999999999998 19.000000000000004 10.999999999999998 29 136 30 182 116 181
leaf_count=69 147 26 24 59 91 491 8 45 38 42 222 23 11 39 29 28 22 30 25 33 38 97 34 139 14 19 11 29 136 30 182 116 181
internal_value=0.00047656 0.00224788 0.00429454 -0.0025333 -0.00707077 0.00471334 0.00761343 0.00321715 0.00864201 0.0124664 0.00950948 0.0102996 0.00509606 -0.00155151 -0.00208157 0.00451546 -0.00274126 -0.00210278 0.00162696 -0.000922835 -0.00153587 0.000378384 -0.000637627 0.00189031 -0.00501344 -4.76703e-05 -0.00724807 -0.0040586 -0.00168092 0.00437121 -0.00268091 -0.00403989 -0.00182341
internal_weight=2528 1604 985 924 150 961 309 652 136 98 253 245 56 774 735 57 678 656 516 619 586 322 284 173 111 56 30 264 195 59 626 444 328
internal_count=2528 1604 985 924 150 961 309 652 136 98 253 245 56 774 735 57 678 656 516 619 586 322 284 173 111 56 30 264 195 59 626 444 328
is_linear=0
shrinkage=0.060181


Tree=48
num_leaves=34
num_cat=0
split_feature=18 0 1 4 10 0 4 4 9 8 9 8 11 3 3 4 1 9 15 8 8 4 9 8 4 17 12 9 10 4 11 8 8
split_gain=2.53173 3.2526 1.46615 1.52205 1.38638 1.01085 1.0331 1.41562 1.56015 1.77302 1.58995 1.02393 1.01249 1.15657 1.11877 1.04024 1.01956 0.912859 0.877332 0.963789 0.872391 0.870189 0.867967 1.13426 1.18126 1.10357 0.838923 0.753449 0.738108 1.63264 0.820456 0.700308 0.928578
threshold=1.0000000180025095e-35 1.01557764731833 1.0000000180025095e-35 0.63245097351635948 0.35415271937508069 -1.1446077060016007 -1.0433943353064836 0.18075671276451433 0.11283073283941956 -0.97883926604817206 0.26366727555120995 1.5651092345728679 0.61412925195989043 0.25804929448404507 0.67681202699394538 -0.75997484494810263 1.0000000180025095e-35 -0.378867833587618 2.1112254216092903 0.5440659303151163 1.6668750589913373 -1.2018160218295064 -0.96761379697633698 1.2480807994635363 -0.78008957370065968 1.0000000180025095e-35 0.35096141226961375 -1.8025475520384029 1.162947861247704 -0.91933068251382466 0.21492155102016219 -1.3157176291712498 -0.19674808924773438
decision_type=2 2 2 2 2 2 2 2 2 2 2 2 2 2 2 2 2 2 2 2 2 2 2 2 2 2 2 2 2 2 2 2 2
left_child=1 2 3 22 -3 -2 21 12 9 -9 -10 -12 13 31 -15 -14 -16 -5 -4 -20 -17 -7 25 28 -25 -1 -27 -11 -24 -30 -31 -8 -33
right_child=5 4 18 17 -6 6 7 8 10 27 11 -13 15 14 16 20 -18 -19 19 -21 -22 -23 23 24 -26 26 -28 -29 29 30 -32 32 -34
leaf_value=-0.01355354226569219 0.0045055480655251008 0.029791423909049035 0.0010717624110672705 0.00052606512881776563 0.0020945579898639564 0.0028423299923385366 -0.01127725019398927 0.00037893298301669112 0.0064802890105032903 0.002275888075103147 -0.0020449982580581301 0.0015541321392157589 0.00023315696119759178 0.0036353464568310181 -0.01031528778862493 -0.002211065787611034 0.0016696388996688357 -0.0084655190325022851 0.0054398130980491642 6.7201805307085642e-06 0.0047872406650562738 -0.014516974481181185 0.001458932340660801 -0.0083175438695257866 0.0022766836129366041 -0.0022237446626457869 0.00585140967638712 -0.0056209375932122002 0.0072127614063709905 0.0096537033933296705 -0.019582800942811392 0.00070072537299882369 -0.00058644170015430611
leaf_weight=53 14.999999999999998 54 880 35 23 11.999999999999998 14.999999999999998 29 21 7.9999999999999991 122 20 42 39 13.999999999999998 85 55 74 19 13.999999999999998 9.9999999999999982 44 304 31 43 18.000000000000004 10.999999999999998 126 11.999999999999998 7.9999999999999991 25 127 140
leaf_count=53 15 54 880 35 23 12 15 29 21 8 122 20 42 39 14 85 55 74 19 14 10 44 304 31 43 18 11 126 12 8 25 127 140
internal_value=0.000524104 0.00198583 0.00131902 -0.000881584 0.0138478 -0.0019494 -0.00227819 -0.00165432 -0.00475585 -0.00886698 -0.000197665 -0.00291275 0.000175485 0.00184199 0.00703553 -0.00408637 0.00128247 -0.00724027 0.00285916 0.0124084 -0.00765793 -0.0101444 0.000419727 0.00162896 -0.00468953 -0.00495429 0.00285586 -0.0118291 0.00316556 -0.00315392 -0.0107643 -9.94856e-06 0.000566487
internal_weight=2528 1604 1527 614 77 924 909 853 326 163 163 142 527 390 108 137 69 109 913 33 95 56 505 423 74 82 29 134 349 45 33 282 267
internal_count=2528 1604 1527 614 77 924 909 853 326 163 163 142 527 390 108 137 69 109 913 33 95 56 505 423 74 82 29 134 349 45 33 282 267
is_linear=0
shrinkage=0.060181


Tree=49
num_leaves=34
num_cat=0
split_feature=2 5 1 4 7 11 4 5 8 5 8 7 4 4 9 12 8 5 8 8 7 4 7 2 15 9 9 2 4 8 5 7 7
split_gain=2.05379 1.69307 1.0824 1.06125 1.33001 2.28269 1.80807 1.31676 1.22258 1.52308 1.81728 1.13967 1.09912 0.997314 1.13969 1.33062 0.990878 1.32336 1.25975 0.986553 0.978729 0.942705 0.90743 0.905425 0.894348 0.900294 0.89297 0.866191 0.814744 0.770297 0.756636 0.730397 0.738255
threshold=1.1540364298032351 -1.0186951952877981 1.0000000180025095e-35 -0.020443758516088296 -1.2139306406874733 0.8137331024297545 -0.71390802067129389 -0.59455048625410123 0.042201615330428557 1.7251647049085772 -0.47534262774273711 1.0000000180025095e-35 0.18075671276451433 -0.24553934827866983 -0.87731254037155415 0.86351510968011858 0.013552283520414302 1.0000000180025095e-35 -0.74531251763407413 -0.2996336183103655 -0.18450595144542853 -0.25108112846234709 -0.31265010363323603 2.5227503947050107 2.1112254216092903 0.18659530242032904 -0.49545164863115554 -1.6360912705759862 -0.4490207211994785 1.082032558742797 -0.37765452972918323 0.64415956603571911 0.91924234606554311
decision_type=2 2 2 2 2 2 2 2 2 2 2 2 2 2 2 2 2 2 2 2 2 2 2 2 2 2 2 2 2 2 2 2 2
left_child=1 19 3 4 5 -3 7 -6 9 31 -11 -9 -10 14 -2 23 18 30 -8 26 28 -19 -15 29 -4 -26 -1 -13 -21 -16 -18 -5 -33
right_child=13 2 24 8 6 -7 16 11 12 10 -12 27 -14 22 15 -17 17 21 -20 20 -22 -23 -24 -25 25 -27 -28 -29 -30 -31 -32 32 -34
leaf_value=0.00032206699778743631 -0.00049423687545387498 -0.0048629599580145124 3.8726615380652165e-05 -0.01465513576045566 0.0035610306773422606 -0.015808286134797862 0.00039201912484663966 -0.010088547266811392 -0.024546798087365585 0.011792423463546434 -0.0047632859472801544 -0.014074959924385589 0.00092992111978462938 0.0029738101181453185 0.0059505400574470842 -0.0023998892296311796 -0.00012345998280748063 -0.013272448464975061 0.0043516353788120871 -0.011613123122814107 0.0034551773869220203 0.0098709551737102934 -0.0009924553180106167 -0.00079630771491080027 0.0041979439437444454 -0.0030446830641133369 0.0068572559444112034 0.00047139209083638009 0.0022694801860139555 2.7587653303265108e-05 0.0040715983047830608 0.0060689455586226794 -0.007021767965961068
leaf_weight=17 31 68 1369 73 32 27 56 64 13.999999999999998 11.000000000000002 10.999999999999998 21 71 71 104 15.999999999999998 32 16.000000000000004 52 22 25 7.9999999999999991 57 14.999999999999998 27 13.999999999999998 32 84 9.9999999999999982 17 28 10.999999999999998 22
leaf_count=17 31 68 1369 73 32 27 56 64 14 11 11 21 71 71 104 16 32 16 52 22 25 8 57 15 27 14 32 84 10 17 28 11 22
internal_value=0.000524104 -9.61337e-05 -0.000499388 -0.00243825 -0.000740285 -0.0070476 0.000689997 -0.00310229 -0.00598665 -0.00962464 0.00246141 -0.00542077 0 0.00507825 0.00791663 0.0100739 0.0049372 0 0.00865324 0.00716391 0.000543392 -0.0110036 0.000478878 0.0120907 0.000427737 0.00883365 0.0132104 -0.00085736 -0.00515064 0.0137877 0.00477557 -0.0126547 -0.00254378
internal_weight=2528 2217 2111 701 488 95 393 201 213 128 22 169 85 311 183 152 192 84 108 106 57 24 128 136 1410 41 49 105 32 121 60 106 33
internal_count=2528 2217 2111 701 488 95 393 201 213 128 22 169 85 311 183 152 192 84 108 106 57 24 128 136 1410 41 49 105 32 121 60 106 33
is_linear=0
shrinkage=0.060181


Tree=50
num_leaves=34
num_cat=0
split_feature=0 5 18 0 5 14 4 2 12 4 12 4 7 7 11 4 5 5 5 5 13 2 6 5 4 2 7 7 11 2 4 11 7
split_gain=2.65487 2.46131 1.55056 1.35196 1.102 1.59236 1.1815 1.49364 1.57076 1.47452 1.06768 1.06556 0.948087 0.942274 3.62528 1.48162 0.940655 1.1999 0.934704 1.13227 0.867917 0.858663 0.983135 0.939052 0.848179 1.31352 1.20902 1.05597 0.87743 0.842556 1.76561 1.12977 1.09645
threshold=1.01557764731833 -1.1559697047462236 1.0000000180025095e-35 1.0000000180025095e-35 -0.53656517059590836 -0.738224098466287 -0.13258898762296323 -0.25856579751646097 -0.67414598255139557 -0.99386250334032489 0.35096141226961375 1.2814864319523216 -0.73894298324467 0.34344795556833269 -0.18428614991956593 -1.0913427656565331 0.06915621609799126 -0.71241959964425283 -0.39957946685193968 1.1768908611797355 1.0343541575772606 0.78648687318898869 -1.0090375812473789 -0.95721358054101291 0.033676661702072112 0.4528618751155698 -0.016209964905443047 -0.45190008234398399 1.0000000180025095e-35 0.0082327034545126004 -0.96947746718373395 1.4125446538393469 1.2566886134934334
decision_type=2 2 2 2 2 2 2 2 2 2 2 2 2 2 2 2 2 2 2 2 2 2 2 2 2 2 2 2 2 2 2 2 2
left_child=1 -1 3 13 5 -4 9 8 -8 -6 11 12 -2 21 16 -16 17 -15 -11 20 -20 22 -3 -23 25 26 -24 28 -26 30 -5 -31 -32
right_child=10 2 4 29 6 -7 7 -9 -10 18 -12 -13 -14 14 15 -17 -18 -19 19 -21 -22 23 24 -25 27 -27 -28 -29 -30 31 32 -33 -34
leaf_value=0.0058097287403849384 -0.0022274982924382247 0.0025164851131492033 0.0049227572250891347 -0.00084122384727095109 -0.0088244886103372028 -0.00029930273051382076 0.0020111079842540856 -0.00066222854662160362 -0.0082324304937711756 -0.0037959044901999459 -8.9710045814036043e-05 -3.0412733099453037e-05 0.010047117452565877 -0.010237693825954085 -0.0007133372571229993 0.0055875324431527368 -0.0027455422228517172 0.0038072618386514557 0.0012110489969456104 -0.007340312132830565 -0.0012284444563580143 -0.003966187192303963 -0.0004405989119639308 0.0019768417430750507 -0.0080127199205045647 -0.0041710533795108534 0.0034483948690740103 -0.006027298656623787 0.02503861274210584 -0.00011467651122871058 0.0057722148255819269 0.0049151118359307766 -0.001433175881602335
leaf_weight=38 7.9999999999999991 49 26 58 55 181 24 164 98 25 37 21 86 10.999999999999998 22 52 86 38 205 46 23 23 222 134 22.000000000000004 60 51 51 8.9999999999999982 322 195 64 22
leaf_count=38 8 49 26 58 55 181 24 164 98 25 37 21 86 11 22 52 86 38 205 46 23 23 222 134 22 60 51 51 9 322 195 64 22
internal_value=0.000524104 1.19404e-06 -0.00023252 0.000907875 -0.00230274 0.00129938 -0.00355765 -0.00645174 -0.0115218 -0.00101768 0.00814016 0.0109333 0.0135939 -0.000653152 0.00270249 0.0132199 -0.00284276 0.0029141 0.000506582 0.00174453 0.00365009 -0.00188339 -0.00322359 0.00170391 -0.00424788 -0.00260088 -0.000554199 -0.0098754 0 0.0029472 0.00551843 0.000934095 0.0080605
internal_weight=2528 2376 2338 1491 847 207 640 286 122 354 152 115 94 830 209 74 135 49 299 274 228 621 464 157 415 333 273 82 31 661 275 386 217
internal_count=2528 2376 2338 1491 847 207 640 286 122 354 152 115 94 830 209 74 135 49 299 274 228 621 464 157 415 333 273 82 31 661 275 386 217
is_linear=0
shrinkage=0.060181


Tree=51
num_leaves=34
num_cat=0
split_feature=18 0 5 0 8 0 5 10 5 10 5 8 14 5 8 11 8 2 11 12 8 8 5 5 10 5 13 11 5 15 13 8 8
split_gain=2.46855 2.91213 1.72717 1.06256 1.03855 1.02179 0.959543 1.07954 0.91824 0.855101 1.30626 1.43015 1.00213 0.941516 1.1546 1.05767 1.23366 1.41552 1.34608 1.2334 0.901876 1.44968 0.995039 0.832564 0.819691 1.43003 1.50436 1.31007 1.2883 1.27605 0.974207 0.860595 0.889856
threshold=1.0000000180025095e-35 1.01557764731833 -1.1559697047462236 1.0000000180025095e-35 -1.1073008537514022 -1.1446077060016007 1.0263459032921827 -1.0276516513723453 -0.74579177159997589 -0.21418478266601784 -0.59455048625410123 -1.0329972098794531 -0.738224098466287 0.5492507118188209 -0.023252272949425848 0.61412925195989043 -0.66147292729822549 0.016181827439305654 -0.58349385085929406 0.86351510968011858 1.6668750589913373 -0.55684774083431698 -0.18618344095573267 -0.76648213558703227 -0.069769268150067634 -0.25718369422570342 -0.29446741146612126 -1.1823054022688861 -0.33359692485134973 0.88625919121491659 -0.31780289355932834 -0.067371155066487887 -0.74531251763407413
decision_type=2 2 2 2 2 2 2 2 2 2 2 2 2 2 2 2 2 2 2 2 2 2 2 2 2 2 2 2 2 2 2 2 2
left_child=1 2 -1 -4 -5 -2 9 -8 -3 10 12 -12 -7 15 -15 16 18 -18 -11 -19 21 22 -17 -14 27 26 -26 -6 30 -27 -29 32 -30
right_child=5 8 3 4 24 6 7 -9 -10 13 11 -13 23 14 -16 20 17 19 -20 -21 -22 -23 -24 -25 25 29 -28 28 31 -31 -32 -33 -34
leaf_value=0.0059257452486610393 0.0041657019356854483 -0.0020934452431602317 -9.7214912978692844e-05 -0.0010695210095718506 -0.00039840460575177138 0.0057917118093328019 -2.858246475637099e-05 -0.0067965845289933036 0.024724092287148752 0.0043220764336515715 0.00062021904263884393 -0.0024088412803114946 -0.0023159735571887654 0.0087663219679038513 -0.001086734575504266 -0.0016488516276014342 0.00010160330432147576 0.0037962134737189886 -0.0012669132282625481 -0.0018084172513840578 0.001196813458758582 -0.0032384504782169152 0.01065825248835177 0.0031272410419629477 0.00097937150759513773 -0.0017068968339425086 0.0075542683595079237 0.006413598139277746 0.0019562508583666248 0.011863474571292953 -0.0064449907780695839 0.0073184662704308462 0.018952211794576033
leaf_weight=36 14.999999999999998 7.9999999999999991 830 63 81 14.999999999999998 59 87 69 20 27 196 43 14.000000000000002 9.9999999999999982 45 128 58 72 12.999999999999998 13.999999999999998 77 10.999999999999998 20 153 101 62 54 10.999999999999998 15.999999999999998 20 54 46
leaf_count=36 15 8 830 63 81 15 59 87 69 20 27 196 43 14 10 45 128 58 72 13 14 77 11 20 153 101 62 54 11 16 20 54 46
internal_value=0.000429016 0.00187353 0.00124039 0.000867609 0.00267555 -0.00201428 -0.00234413 -0.00685755 0.0131012 -0.00137751 -0.00386196 -0.00625361 0.00224724 0.000135356 0.0110036 -0.000415269 0.00154173 0.00432106 -0.0038066 0.0109281 -0.00461423 -0.00640878 4.76703e-05 -0.000494441 0.00350592 0.00126372 0.0042801 0.00603747 0.00878994 -0.00376603 0.00158759 0.0128902 0.0184177
internal_weight=2528 1604 1527 1491 661 924 909 146 77 763 301 223 78 462 24 438 291 199 92 71 147 133 56 63 598 332 215 266 185 117 74 111 57
internal_count=2528 1604 1527 1491 661 924 909 146 77 763 301 223 78 462 24 438 291 199 92 71 147 133 56 63 598 332 215 266 185 117 74 111 57
is_linear=0
shrinkage=0.060181


Tree=52
num_leaves=34
num_cat=0
split_feature=18 1 5 9 10 6 10 9 10 17 3 11 14 4 4 9 5 10 7 10 10 4 4 12 12 6 9 17 12 4 12 4 10
split_gain=1.71422 1.26452 1.18191 1.06959 1.78719 1.11148 1.84734 2.22749 1.27082 1.01164 1.32468 1.26525 1.23687 1.13594 1.33847 1.37094 1.01714 1.39048 1.27503 0.976963 0.911781 0.902258 0.895708 0.894202 0.860463 0.808919 0.792462 0.999398 1.00553 0.917616 0.938168 0.815859 0.799607
threshold=1.0000000180025095e-35 1.0000000180025095e-35 2.8104254584366415 0.23047649001785228 1.4902962987819064 2.0134406695485429 0.30459450511722347 -0.73444524914034204 1.534805119639888 1.0000000180025095e-35 0.12028576142170296 0.61412925195989043 1.0000000180025095e-35 1.303525432964556 -0.77246117380937995 -0.35619009699338661 -0.14992811538447101 0.13675650529988143 -0.62190465757980651 1.4902962987819064 0.3929584601231258 -0.33854294999967194 0.63245097351635948 0.86351510968011858 1.0000000180025095e-35 -0.51048446771403111 -0.96761379697633698 1.0000000180025095e-35 -0.67414598255139557 -0.30810878936209668 -0.67414598255139557 -0.52124795173740124 -0.69541559573006884
decision_type=2 2 2 2 2 2 2 2 2 2 2 2 2 2 2 2 2 2 2 2 2 2 2 2 2 2 2 2 2 2 2 2 2
left_child=1 22 3 5 -5 6 23 -8 -9 10 16 12 13 14 -12 21 18 25 -2 -11 -7 -16 26 -3 -14 -18 27 28 -1 31 -31 32 -28
right_child=9 2 -4 4 -6 20 7 8 -10 19 11 -13 24 -15 15 -17 17 -19 -20 -21 -22 -23 -24 -25 -26 -27 29 -29 -30 30 -32 -33 -34
leaf_value=0.0012632795442629051 -0.010068334646317886 0.0019563718715126092 -0.0049431120188967309 0.0042040368568684637 -0.00086911339683095484 -0.0011451438842796557 0.0013887518596779117 -0.0041067431248980012 0.0015441923102751808 2.4326410844977065e-05 -0.015995762503847613 -0.0011083911050983372 -0.0015482054025032243 -0.00048177612214119213 0.0048205052666706206 0.0051391420518785928 -0.0057775527526660615 -0.011271626930597389 9.579532493941511e-05 0.0062661230942954354 0.017004597985808726 -0.00054360102523028466 -0.0056276800541859547 0.0043370794932197114 0.00076917825962044041 0.00066134714714647497 0.0037005145916210965 0.0021231514143107894 -0.014618658555794969 -0.0002500559184048216 0.0057331228247444171 -0.0034166702732932089 0.0001012101744444749
leaf_weight=15.999999999999998 15.999999999999998 318 24 314 21 7.9999999999999991 73 109 24 251 8.9999999999999982 87 45 23 12.999999999999998 57 132 56 137 14.999999999999998 27 24 110 67 24 35 27 29 38 38 74 78 209
leaf_count=16 16 318 24 314 21 8 73 109 24 251 9 87 45 23 13 57 132 56 137 15 27 24 110 67 24 35 27 29 38 38 74 78 209
internal_value=0.000405244 0.00161148 0.0029553 0.00334077 0.00614016 0.00172505 0.000966291 -0.00345896 -0.00817098 -0.00162501 -0.00291509 9.94856e-06 0.00289299 0.00652275 0.00934136 0.0117442 -0.00523918 -0.00784708 -0.000978862 0.00134986 0.0117655 0.000811046 -0.000439534 0.00349176 -0.00294026 -0.00442606 0.000533854 -0.00454964 -0.00945192 0.00168763 0.00627151 0 0.00177004
internal_weight=2528 1604 985 961 335 626 591 206 133 924 658 282 195 126 103 94 376 223 153 266 35 37 619 385 69 167 509 83 54 426 112 314 236
internal_count=2528 1604 985 961 335 626 591 206 133 924 658 282 195 126 103 94 376 223 153 266 35 37 619 385 69 167 509 83 54 426 112 314 236
is_linear=0
shrinkage=0.060181


Tree=53
num_leaves=34
num_cat=0
split_feature=0 10 13 19 1 4 1 18 9 11 3 9 15 7 7 9 0 13 3 7 13 10 10 3 4 3 11 17 7 7 10 18 13
split_gain=1.75692 1.35075 1.33709 1.23149 1.1231 1.11848 1.10852 1.21037 1.09842 1.12523 1.01143 0.980423 0.937324 1.14506 0.932973 0.902925 0.887105 0.894285 0.839797 1.42046 1.25651 1.08061 1.24667 0.983541 0.956109 1.14795 1.37699 1.3159 1.06173 0.874718 0.825348 0.927509 0.821325
threshold=1.0000000180025095e-35 1.1408482110757383 2.0960205915313379 1.0000000180025095e-35 1.0000000180025095e-35 1.932918031135513 -1.4759321159128549 1.0000000180025095e-35 0.23047649001785228 0.21492155102016219 1.2342084872396044 0.779884982823846 1.0000000180025095e-35 -0.18706883448918477 0.47330069645197731 1.4424469391565979 1.01557764731833 2.2738243745509061 -0.81546589321531082 -0.043547384038842389 -0.12409380428101453 0.67042570547176705 -0.061536194273116691 -0.43928420458980705 -0.72546521396985353 -0.17261460435138784 -0.78309770132915812 1.0000000180025095e-35 -1.260916829823002 1.3011119195852048 0.15370339768198807 1.0000000180025095e-35 0.95806809640109025
decision_type=2 2 2 2 2 2 2 2 2 2 2 2 2 2 2 2 2 2 2 2 2 2 2 2 2 2 2 2 2 2 2 2 2
left_child=3 4 15 6 12 16 -1 18 -7 -10 -9 -5 -2 -14 -15 -3 17 -6 21 24 23 22 32 29 -20 27 -27 -26 -28 -21 31 -18 -8
right_child=1 2 -4 11 5 8 7 10 9 -11 -12 -13 13 14 -16 -17 30 -19 19 20 -22 -23 -24 -25 25 26 28 -29 -30 -31 -32 -33 -34
leaf_value=-0.017135130356054032 0.0025424579589391158 -0.00085398243430056804 0.0071433495511644745 0.0029348563328731379 0.0010113909602501561 -0.0030405194994159194 -0.0014420162619938324 -0.0016132508585794451 -0.0017806668980875006 0.013527705148177683 0.0014086989007638796 -0.00048087472435406941 0.010442671185511751 -0.0058191529310862638 -0.00017845602245686312 0.0029610305737720302 0.027527602459251971 -0.0052326587278339479 -0.0023035493562695969 0.0042653044136157035 -0.0012070705683646743 0.0020249730334462508 -0.011525249482693454 0.0011151629084283029 0.00055750332205081244 -0.0050365401087302981 -0.0028832157216876677 -0.018564537125515729 0.002029798624330152 0.00075633598231734976 0.0012413022782502086 0.00020424646837486187 0.0032657561036770677
leaf_weight=48 39 136 7.9999999999999991 72 788 47 98 384 24 12.999999999999998 30 27 12.999999999999998 19 12.999999999999998 15.999999999999998 39 22 98 50 35 26 33 114 48 17 22 27 145 13.999999999999998 32 20 10.999999999999998
leaf_count=48 39 136 8 72 788 47 98 384 24 13 30 27 13 19 13 16 39 22 98 50 35 26 33 114 48 17 22 27 145 14 32 20 11
internal_value=0.000333929 0.00197969 -0.00296013 -0.00118029 0.00277996 0.00338142 -0.00175238 -0.0013044 -0.00278029 0.00377532 -0.00389778 0.00501324 -0.00346726 -0.00934485 -0.0152923 -0.00465934 0.00402805 0.0032581 8.49811e-05 0.00126396 0.00515313 -0.00352352 -0.00580598 0.00730613 -0.000925771 0.000812915 0.0035438 -0.00501268 0.00548431 0.013395 0.00989012 0.0139841 -0.0018958
internal_weight=2528 1229 160 1299 1069 985 1200 1152 84 37 414 99 84 45 32 152 901 810 738 570 213 168 142 178 357 259 184 75 167 64 91 59 109
internal_count=2528 1229 160 1299 1069 985 1200 1152 84 37 414 99 84 45 32 152 901 810 738 570 213 168 142 178 357 259 184 75 167 64 91 59 109
is_linear=0
shrinkage=0.060181


Tree=54
num_leaves=34
num_cat=0
split_feature=18 5 17 1 15 4 4 10 10 10 13 9 17 4 7 6 6 9 9 10 12 6 13 10 13 7 7 10 5 4 6 10 9
split_gain=1.58367 1.1936 0.967425 0.912343 1.89594 0.944413 1.7482 0.843629 1.1122 1.25863 0.959893 1.18064 0.958685 0.924046 0.830453 1.27572 0.815675 2.03497 1.36218 1.28255 1.80448 1.17028 0.938753 0.894672 0.800403 1.39498 0.863121 0.8477 2.83854 0.763616 2.2572 1.98335 1.27947
threshold=1.0000000180025095e-35 -1.1559697047462236 2.8191998165809324 1.0000000180025095e-35 0.88625919121491659 -1.0364305456446015 -0.75058769643083378 1.3941018469968831 -0.21418478266601784 -0.82620848536448277 0.29132037676688194 0.63696571892941056 1.0000000180025095e-35 1.1793166651869587 -0.31265010363323603 0.79821745531100707 0.019228215415150855 -0.69410122739150271 -0.96761379697633698 0.3929584601231258 -0.67414598255139557 0.95401530329017825 -0.13536255541456957 -1.0276516513723453 0.42584894298929438 0.34344795556833269 -0.25712097101851822 -1.0849135191274326 0.42814310094508806 -0.2887628749238787 -0.41700575892652841 -0.47927178010857285 1.4424469391565979
decision_type=2 2 2 2 2 2 2 2 2 2 2 2 2 2 2 2 2 2 2 2 2 2 2 2 2 2 2 2 2 2 2 2 2
left_child=1 -1 7 14 29 -6 -7 8 9 -2 -10 12 -12 -11 16 24 17 -3 -18 21 -21 -20 -23 -19 26 -26 -16 28 -28 32 31 -31 -5
right_child=2 3 -4 4 5 6 -8 -9 10 13 11 -13 -14 -15 15 -17 18 23 19 20 -22 22 -24 -25 25 -27 27 -29 -30 30 -32 -33 -34
leaf_value=0.00350468332291569 -2.7106777385178404e-05 0.013820513220020376 0.007986103466872228 -0.00028743008496232583 -0.00096533105664659772 0.014257437709019915 0.00080716832639524388 -0.0035561023127079119 0.00025145911091627225 -0.0011048304948348109 -0.00080277982238277971 -0.0089614216970412726 0.0030350414230928173 -0.0061375112864964975 0.01158776515406326 0.011910382595833475 -0.010660733678084499 0.0035099194331930277 0.0017643715925524772 -0.008565588148148659 0.0054848609357874001 -0.0062085898349689894 0.00074959193899546859 -0.016059473765736836 -0.001134427868286053 0.0028903370206016005 0.0050032176681594391 -0.0016518959266074221 -0.0076508681005922202 0.0016655468180691946 0.0058036907042129998 -0.0023939132664055371 0.0089957364191343616
leaf_weight=38 210 12.999999999999998 14.999999999999998 369 17 47 73 56 400 149 31 15.999999999999998 11.999999999999998 35 17 22 34 10.999999999999998 44 19 62 32 11.999999999999998 52 19 20 30 183 31 165 212 48 34
leaf_count=38 210 13 15 369 17 47 73 56 400 149 31 16 12 35 17 22 34 11 44 19 62 32 12 52 19 20 30 183 31 165 212 48 34
internal_value=0.000262613 0.00142431 -0.00168989 0.00111371 0.00227074 0.00879456 0.0107345 -0.00201441 -0.00144355 -0.00379112 0.000461463 -0.00629379 0 -0.00739325 -0.000651695 0.00130253 -0.00309785 -0.00835173 -0.000741969 0.00123679 0.00679116 -0.00331586 -0.0101733 -0.0131443 9.35874e-06 0.00783578 -0.00103421 -0.00219895 0.00330435 0.00108893 0.00288507 -0.00126339 -0.000673028
internal_weight=2528 1604 924 1566 965 137 120 909 853 394 459 59 43 184 601 322 279 76 203 169 81 88 44 63 300 39 261 244 61 828 425 213 403
internal_count=2528 1604 924 1566 965 137 120 909 853 394 459 59 43 184 601 322 279 76 203 169 81 88 44 63 300 39 261 244 61 828 425 213 403
is_linear=0
shrinkage=0.060181


Tree=55
num_leaves=34
num_cat=0
split_feature=8 5 6 8 8 17 8 10 10 10 3 10 10 6 5 6 13 10 7 8 9 9 10 7 6 7 8 5 7 9 3 11 14
split_gain=1.57444 1.33305 0.978104 0.866558 2.00017 1.05217 0.996094 0.874558 1.05406 0.9575 0.902786 1.3589 1.00059 1.11582 0.898693 1.21153 0.853557 0.800422 0.788087 0.720334 3.06624 1.08672 0.971876 0.946232 1.39584 1.08078 1.07811 0.845135 0.843427 1.09457 0.838499 0.770712 0.761376
threshold=2.394979477613302 -1.1559697047462236 0.45546218975683034 -0.51002192568107507 -0.66147292729822549 1.0000000180025095e-35 -0.46093656480603734 2.3570608247742952 1.4902962987819064 0.21900964919491597 0.41429816774598516 -0.30325539505274751 -0.29513799766763377 -0.29236748054319145 -0.69782679310411766 1.8888023911652054 0.38251053974442206 -0.47927178010857285 0.26570716990773052 -0.38601715685574928 -0.14476122073981187 -0.35619009699338661 -0.27476719565832469 -0.7696975797697434 0.019228215415150855 -0.41687401407931718 -0.29225847774228159 -0.59455048625410123 -0.27933262406440512 -1.371227512837859 0.18623610764061452 1.0133369528996188 1.7092913388094815
decision_type=2 2 2 2 2 2 2 2 2 2 2 2 2 2 2 2 2 2 2 2 2 2 2 2 2 2 2 2 2 2 2 2 2
left_child=1 2 -1 4 7 -6 18 8 9 10 12 -12 17 -14 15 16 -11 -3 -5 20 -8 22 -21 24 -23 26 -25 -24 29 -29 -22 -26 -27
right_child=-2 3 -4 6 5 -7 19 -9 -10 14 11 -13 13 -15 -16 -17 -18 -19 -20 21 30 23 27 25 31 32 -28 28 -30 -31 -32 -33 -34
leaf_value=9.3128612484595885e-05 0.0035763190351657333 -0.00067668867555765175 0.016172299844456912 -0.0033190002873793247 0.0030597319302419759 -1.6516113453352648e-05 0.0086618522620141372 -0.0016721928394366288 0.002618907420180653 -0.0087548042334567901 0.0026270810691796653 -0.0018875138031134889 -0.00038170471313810528 0.0029251220772407794 -0.00023500787668277975 0.001804926397241554 0.0070259756485983533 -0.0077770751585611473 0.00014250659805422665 -0.0022886781005369101 0.00036072113806421825 -0.0097706824684882301 -0.0014102120767464346 -0.010429529260733221 0.0021663658686466363 -7.9792959885291583e-05 0.0046717086282353718 -0.0039375177039829949 -0.0009816391128997157 0.002297163882521081 -0.0022408450967695559 -0.005397859038827094 0.0029388939255972938
leaf_weight=18 36 213 21 41 122 45 29 21 30 38 86 39 43 47 207 9.9999999999999982 8.9999999999999982 20 28 168 33 20 54 11.999999999999998 73 658 127 15.999999999999998 109 74 17 39 25
leaf_count=18 36 213 21 41 122 45 29 21 30 38 86 39 43 47 207 10 9 20 28 168 33 20 54 12 73 658 127 16 109 74 17 39 25
internal_value=0.000310157 9.75977e-05 0.0106609 -6.24007e-05 0.00135672 0.00724807 -0.000967687 0 0.000407383 -3.97056e-06 0.00160542 0.00587153 0 0.0051738 -0.00293416 -0.00948055 -0.0137325 -0.00217401 -0.00791361 -0.000579976 0.00476995 -0.000940613 -0.00347918 0.000128658 -0.00445894 0.000951054 0.00571712 -0.000831923 0.000756617 0.0051738 -0.00342108 -0.00106573 0
internal_weight=2528 2492 39 2453 930 167 1523 763 742 712 448 125 323 90 264 57 47 233 69 1454 79 1375 421 954 132 822 139 253 199 90 50 112 683
internal_count=2528 2492 39 2453 930 167 1523 763 742 712 448 125 323 90 264 57 47 233 69 1454 79 1375 421 954 132 822 139 253 199 90 50 112 683
is_linear=0
shrinkage=0.060181


Tree=56
num_leaves=34
num_cat=0
split_feature=4 8 4 8 5 5 11 4 18 12 4 11 9 8 5 8 5 14 4 7 5 4 5 5 9 18 11 11 5 5 4 4 8
split_gain=1.27118 2.03862 1.45579 2.70244 1.25603 2.42944 1.57157 1.17023 1.13724 1.09752 1.60862 1.2951 1.93496 1.11492 1.96697 1.30885 1.18155 1.78074 1.8599 1.31049 1.10719 1.06098 1.0443 1.31513 1.0303 0.983573 0.966236 1.43682 0.950211 0.954978 0.945928 1.08386 0.9898
threshold=-1.065849358730915 -0.46938107939774582 0.42011657487689325 1.5346096333314194 -1.0186951952877981 -0.51410028920055839 -0.58349385085929406 -1.1456715130181914 1.0000000180025095e-35 1.888622504501128 -0.96947746718373395 -0.98270155179902219 -0.79070591143695002 -0.056859263721700394 0.38495777128076686 -0.72609988704645112 -0.38284365758627686 1.0000000180025095e-35 -0.13967361954057736 -0.16314859274746082 -0.54324868194616649 1.0237497556743858 -0.20584053607589672 -0.7075433891486308 0.41115161901616654 1.0000000180025095e-35 -0.58349385085929406 0.8137331024297545 -0.28206087857312745 0.18690741747022496 -0.086485937179991187 0.12445874471937521 -0.80305778580367249
decision_type=2 2 2 2 2 2 2 2 2 2 2 2 2 2 2 2 2 2 2 2 2 2 2 2 2 2 2 2 2 2 2 2 2
left_child=1 22 9 4 -4 -6 -7 24 21 11 -11 12 -2 15 16 30 17 18 -15 20 -19 -8 23 -1 -3 -14 -17 -28 -18 -30 32 -32 -13
right_child=2 7 3 -5 5 6 8 -9 -10 10 -12 13 25 14 -16 26 28 19 -20 -21 -22 -23 -24 -25 -26 -27 27 -29 29 -31 31 -33 -34
leaf_value=-0.00047013759860371188 -0.0027699031314810493 -0.0062424087093990513 0.0073863402591273324 0.001160942535680692 -0.0033849657263737639 -0.001922714475565338 -0.0011690646129093754 -0.0069171782590005601 -0.00022869958385251943 -0.040268147434097915 0.004092971430498569 0.00052686786744719706 0.0063278185613528676 -0.0025928138534754078 -0.0041402870047256863 -0.00098449789130852154 0.0031636903915664657 0.0069078873232199375 0.00062160067219767896 -0.00030457931130848021 -0.0003467864496280894 0.010443054486795226 -0.0028358949179264534 0.0079543730469601344 0.006289701913411618 0.00025636080399504639 0.0036318602442729593 -1.8340497602382751e-05 -0.00012711465629692797 0.0054898468619795863 -0.0083073082189256929 0.0024793654721032578 -0.0032088791714032171
leaf_weight=9.9999999999999947 41 19 22 54 135 269 32 68 87 9.9999999999999982 69 299 111 132 108 62 48 39 51 23 18 64 11.999999999999998 29.000000000000004 15.999999999999998 46 247 107 176 22 33 17 52
leaf_count=10 41 19 22 54 135 269 32 68 87 10 69 299 111 132 108 62 48 39 51 23 18 64 12 29 16 46 247 107 176 22 33 17 52
internal_value=0.000215069 -0.00498206 0.000583362 -0.00176472 -0.0030009 -0.00362217 -0.00132714 -0.00990588 0.00275653 0.00152847 0.00841268 0.00114236 0.0056858 0.000462458 -0.00141067 0.0019469 6.42442e-05 -0.00260657 -0.00598159 0.00435298 0.00948055 0.00727894 0.0039095 0.00924834 0 0.00882352 0.00430947 0.0055615 0.00314576 0.000909626 -0.000378874 -0.00791185 0.000602009
internal_weight=2528 154 2374 663 609 587 452 103 183 1711 79 1632 198 1434 617 817 509 263 183 80 57 96 51 39 35 157 416 354 246 198 401 50 351
internal_count=2528 154 2374 663 609 587 452 103 183 1711 79 1632 198 1434 617 817 509 263 183 80 57 96 51 39 35 157 416 354 246 198 401 50 351
is_linear=0
shrinkage=0.060181


Tree=57
num_leaves=34
num_cat=0
split_feature=0 10 4 0 1 7 4 4 10 10 9 2 9 9 4 19 1 4 6 3 2 6 9 6 9 7 7 9 14 9 4 9 4
split_gain=1.60083 1.11805 1.40566 1.15748 2.17652 1.0247 1.00522 1.22417 1.37391 1.05729 1.27194 0.902694 1.84502 0.916658 0.883206 0.808485 0.861252 0.838822 0.76342 0.727603 0.700439 0.726302 0.709785 0.676309 0.665063 0.65935 0.647302 1.25772 1.20215 1.34887 1.12945 1.19539 1.19203
threshold=1.0000000180025095e-35 1.1408482110757383 1.932918031135513 2.0956703239782959 1.0000000180025095e-35 -0.21611484231842118 -1.0321137360984209 -0.76563445645031036 0.71488527792233281 0.75455744704735661 0.48349217632023184 -0.27178718436327248 0.56220833067860065 -0.13690785889130958 0.12445874471937521 1.0000000180025095e-35 -1.4759321159128549 2.2003936314864236 0.20618563299015633 -0.96555905361503302 -0.85143647618516605 0.20618563299015633 -0.93703533685373908 -1.1648354292265501 0.779884982823846 -0.45446296538774017 0.22982680729514457 -1.7124131372323386 -0.738224098466287 -0.3451051338425255 -0.36830390237170102 -0.24483395035923891 1.4853117423185334
decision_type=2 2 2 2 2 2 2 2 2 2 2 2 2 2 2 2 2 2 2 2 2 2 2 2 2 2 2 2 2 2 2 2 2
left_child=15 2 3 4 5 25 -6 8 -8 11 -11 12 -9 -13 -5 16 -1 23 -3 -4 21 -17 -22 -18 -24 -2 28 -28 29 -25 31 -29 -32
right_child=1 18 19 14 6 -7 7 9 -10 10 -12 13 -14 -15 -16 20 17 -19 -20 -21 22 -23 24 26 -26 -27 27 30 -30 -31 32 -33 -34
leaf_value=-0.015802899701155695 -0.002404596142549328 -0.00091203283145593298 0.0019599672211277151 0.011581088391764754 -0.00044774282045508733 -0.0051484921795518649 0.011287263923888704 0.0023301548069646462 -0.0012517127898840582 0.0075529815121476492 -0.0033342283901474459 -0.00031796454121670042 -0.0028867986099127031 0.00081401454819635328 -0.00050843181253686532 0.0010870718183123506 -0.0064772586211735836 -0.006813166588405869 0.00067495005675589296 -0.00176469062352545 -0.0053903012682348346 -0.033054950806323896 0.013279308605407495 -0.0027061441162881663 -0.0015487972943822139 0.012439491698976199 0.0050613878550662848 -0.00072194754798373144 -0.00058350126390706357 0.0033674127634593307 -0.0017557749227255174 0.0014192710921091076 0.0022204159142065112
leaf_weight=48 12.000000000000002 74 41 36 53 31 95 117 28 48 20 231 32 249 10.999999999999998 15.000000000000002 35 61 86 52 14.999999999999998 7.9999999999999991 43 33 18 12.999999999999998 13.999999999999998 74 551 63 136 158 27
leaf_count=48 12 74 41 36 53 31 95 117 28 48 20 231 32 249 11 15 35 61 86 52 15 8 43 33 18 13 14 74 551 63 136 158 27
internal_value=0.000310157 0.00188204 0.00261164 0.00332034 0.00274557 -0.00812509 0.00353884 0.00409539 0.00976707 0.00296756 0.0101253 0.00204983 0.0061312 0.000628089 0.0125433 -0.00113409 -0.00160238 -0.00120024 -0.00259228 -0.00407868 0.00384017 -0.00349993 0.00683972 -0.000744821 0.00982509 0 -0.000400252 0.00139252 -0.00162312 0.00425794 0.000535556 0.00333268 -0.00308744
internal_weight=2528 1229 1069 976 929 56 873 820 123 697 68 629 149 480 47 1299 1200 1152 160 93 99 23 76 1091 61 25 1056 409 647 96 395 232 163
internal_count=2528 1229 1069 976 929 56 873 820 123 697 68 629 149 480 47 1299 1200 1152 160 93 99 23 76 1091 61 25 1056 409 647 96 395 232 163
is_linear=0
shrinkage=0.060181


Tree=58
num_leaves=34
num_cat=0
split_feature=1 2 8 18 15 9 9 2 5 5 7 7 9 8 8 7 7 2 19 11 5 8 5 18 5 5 10 5 11 2 2 9 11
split_gain=1.55817 1.35895 0.904833 0.802547 1.02736 0.961309 1.10586 0.819796 0.748556 0.948351 0.925283 1.41034 0.994759 0.92818 0.999843 0.748444 1.65854 1.00912 1.30467 0.857064 1.23685 0.971667 0.83654 0.793287 1.22689 0.768475 0.772716 0.727791 0.72753 0.682847 1.31303 0.787988 1.06641
threshold=1.0000000180025095e-35 -1.3343483621889463 2.3316729226004491 1.0000000180025095e-35 0.88625919121491659 -0.61764474028040195 -0.4420685702578554 -1.0376574061571942 2.8104254584366415 1.1484784438646101 -0.45873443712733469 -0.7696975797697434 -0.76071764225906546 1.5651092345728679 1.2357189132761148 0.33148783469747195 0.5758160182022215 -0.88916812100965448 1.0000000180025095e-35 -0.18428614991956593 -0.24459592825001847 -0.98463450325723845 -0.71241959964425283 1.0000000180025095e-35 -0.68785585454374698 -0.18618344095573267 -0.0029732523128100491 -0.64752046005547004 -0.18428614991956593 -0.76393623627960905 -1.1595629947104646 1.1490988381869585 1.0000000180025095e-35
decision_type=2 2 2 2 2 2 2 2 2 2 2 2 2 2 2 2 2 2 2 2 2 2 2 2 2 2 2 2 2 2 2 2 2
left_child=2 -2 15 4 7 -6 -7 -3 9 10 11 12 -9 14 -12 17 -17 -1 23 20 27 -21 -23 -19 -25 -26 -27 -18 -13 30 -5 -31 -33
right_child=1 3 -4 29 5 6 -8 8 -10 -11 13 28 -14 -15 -16 16 19 18 -20 21 -22 22 -24 24 25 26 -28 -29 -30 31 -32 32 -34
leaf_value=-0.011026661878359873 -0.00062746467684130023 -0.0058436275894234932 0.0020914186803817122 0.0013551614651739338 0.011352660784737487 -0.0030273029111910635 0.0041063445038298429 0.0068838747129523056 -0.0046093999193525213 0.0065915494405866118 -6.8024788939699019e-06 0.00072180794701093396 -0.00054863072398319483 0.0070048302047846893 -0.0045428093058668571 0.0021626822641902109 -0.00048314712625947484 -0.00065450025475944252 0.0049106766087897895 0.0032456458308729929 -0.0066647999991746856 -0.01445719004692823 0.0010725911002026204 0.0012430741626359583 -0.0048433688950155346 -0.014990346810272811 0.0055315280158544965 0.0037438580887592886 0.013994583028957132 -7.8919650465278341e-06 -0.0028680861752342864 -7.851948866137887e-05 0.0048543105440155684
leaf_weight=59 130 13.999999999999998 19 24 35 10.999999999999998 85 35 20 61 399 52 101 38 11.999999999999998 65 13.000000000000002 345 63 11.999999999999998 93 7.9999999999999991 55 15.999999999999998 43 20 12.999999999999998 10.999999999999998 71 438 92 42 33
leaf_count=59 130 14 19 24 35 11 85 35 20 61 399 52 101 38 12 65 13 345 63 12 93 8 55 16 43 20 13 11 71 438 92 42 33
internal_value=0.000119982 0.00118997 -0.00197688 0.00171128 0.00282721 0.00784529 0.00365374 0.00190609 0.00224347 0.00261312 0.00186455 0.0047088 2.03529e-05 7.27608e-05 -0.000660041 -0.00235313 0.000126367 -0.0035885 -0.00251515 -0.00247586 -0.00576201 0.0019502 -0.000494441 -0.0037626 -0.00884245 -0.0121317 -0.00254378 0.00446321 0.00929172 0 -0.0040491 0.000995694 0.00654392
internal_weight=2528 1693 835 1563 934 131 96 803 789 769 708 259 136 449 411 816 257 559 500 192 117 75 63 437 92 76 33 24 123 629 116 513 75
internal_count=2528 1693 835 1563 934 131 96 803 789 769 708 259 136 449 411 816 257 559 500 192 117 75 63 437 92 76 33 24 123 629 116 513 75
is_linear=0
shrinkage=0.060181


Tree=59
num_leaves=34
num_cat=0
split_feature=0 5 3 7 18 9 9 1 5 7 7 9 3 9 5 7 6 10 3 9 5 6 5 3 5 6 6 10 6 11 10 10 6
split_gain=1.45635 0.942368 0.848738 1.15683 1.1361 1.44328 1.68479 1.1907 1.38721 1.14484 1.28357 1.06017 1.05925 1.0232 1.01379 0.953986 1.271 0.879291 0.871343 1.19165 0.847926 0.841515 1.94355 1.36099 1.14451 1.43129 0.80155 1.38627 1.03342 0.820433 0.844561 0.821763 0.781762
threshold=1.01557764731833 -1.1559697047462236 -0.36083963635034239 0.22982680729514457 1.0000000180025095e-35 -1.0696029638777198 -0.63938653510037269 1.0000000180025095e-35 -0.36068313092814569 -0.14179123404949431 -0.50401203756702628 -1.6492544703013423 -0.43928420458980705 1.0942642253093657 0.14143665816916359 1.0994984534763907 -1.0401971508432133 1.6829884236511015 -0.43181758902110429 -0.38773313862885356 0.41574487907995461 -0.8532397332682079 0.10665614093846952 0.45690560437870864 0.039872093207392406 0.20618563299015633 0.17502606339432206 -0.81945515433360827 -1.0090375812473789 -0.38389000038943 1.0000000180025095e-35 0.10022334949171822 -0.60396317650153386
decision_type=2 2 2 2 2 2 2 2 2 2 2 2 2 2 2 2 2 2 2 2 2 2 2 2 2 2 2 2 2 2 2 2 2
left_child=1 -1 4 11 5 32 12 8 13 10 -6 -4 -7 -8 -12 16 -10 21 19 -9 -17 23 24 -13 25 -23 27 28 -5 31 -31 -29 -3
right_child=-2 2 3 26 9 6 7 18 15 -11 14 17 -14 -15 -16 20 -18 -19 -20 -21 -22 22 -24 -25 -26 -27 -28 29 -30 30 -32 -33 -34
leaf_value=0.0039249492742351099 0.0038739567346932255 -0.0045991075994167583 0.003748466496442191 -0.00043057580277551175 -0.0048892605303345544 0.0047733416768864969 -0.016271130755914728 -0.0036736620695318762 0.0057128113804348355 -0.0016095682116273749 0.0081533991892921934 -0.011820674905210399 -0.024771792547659675 0.00050787384185796143 -0.00032880172484147003 0.0047765706381177175 -0.0015786137247800318 -0.00067858473227522167 -0.0024995204887450348 0.0030957332030864086 -0.005551284117378083 0.00032427433649360695 0.0021352396325130998 0.00077615472548912237 -0.010258909042719781 -0.0005346532846975475 0.0013580338414029192 -0.0056851450486429377 0.0059271344661372656 0.0018174086298734986 -0.0033185007817606083 0.0019569623355736609 -0.00041928859110025872
leaf_weight=38 152 51 61 24 23 66 63 35 21 329 35 34 7.9999999999999991 25 17 7.9999999999999991 53 65 18 206 31 257 128 20 24 412 117 37 45 34 48 8.9999999999999982 34
leaf_count=38 152 51 61 24 23 66 63 35 21 329 35 34 8 25 17 8 53 65 18 206 31 257 128 20 24 412 117 37 45 34 48 9 34
internal_value=0.000167526 -0.000178226 -0.000361024 0.000618294 -0.00167348 0 0.00112471 -0.00013594 -0.00369056 -0.00414105 0.0019502 -0.000332307 0.00934245 -0.00922857 0.00762727 0.000282424 0.00468953 -0.0008959 0.0024171 0.00357911 -0.00642322 -0.000311467 0.000112918 -0.00736246 -0.00108398 -0.000496335 0.00379863 0.00106416 0.00791361 -0.00230803 0.000736206 -0.00854985 -0.00716379
internal_weight=2528 2376 2338 1315 1023 619 534 460 201 404 75 1001 74 88 52 113 74 940 259 241 39 875 821 54 693 669 314 197 69 128 82 46 85
internal_count=2528 2376 2338 1315 1023 619 534 460 201 404 75 1001 74 88 52 113 74 940 259 241 39 875 821 54 693 669 314 197 69 128 82 46 85
is_linear=0
shrinkage=0.060181


Tree=60
num_leaves=34
num_cat=0
split_feature=18 0 2 4 4 5 6 2 5 5 2 4 4 5 2 5 4 12 4 6 5 5 6 5 13 10 6 10 12 4 4 2 5
split_gain=1.69071 1.50791 1.12475 0.96058 1.37793 0.915536 1.04746 1.1474 0.863917 0.770319 0.794029 1.16627 2.2422 0.978768 0.933759 1.44297 1.38525 1.45626 0.907332 1.60306 1.36171 0.906851 0.809168 0.955463 1.07307 0.767482 1.21927 2.74176 0.98106 0.974452 1.38146 1.10572 0.750822
threshold=1.0000000180025095e-35 1.01557764731833 -0.48876784675032764 0.082383671959323862 -1.0433943353064836 1.7251647049085772 0.51778132894849893 -1.3065341679565694 -0.73626492055430026 -1.1559697047462236 0.0082327034545126004 -0.27173106901116995 2.0977339931117283 -0.50487008582698578 0.78648687318898869 -0.97059567761952081 -0.65107684712268898 1.0000000180025095e-35 1.0179361079683582 -0.23004834135152297 -0.10222724496435799 0.15900289449654589 0.081547354606819361 -0.78252926293902603 1.3129973753868389 0.21332088548248421 0.73589831611933854 0.54956181016270034 0.86351510968011858 -0.49015429308371805 -0.87619371038589045 -0.13414512152291122 -0.10222724496435799
decision_type=2 2 2 2 2 2 2 2 2 2 2 2 2 2 2 2 2 2 2 2 2 2 2 2 2 2 2 2 2 2 2 2 2
left_child=1 9 -3 4 -2 6 7 -6 -4 -1 11 25 13 -13 18 -16 17 -17 20 -20 -12 -22 23 -18 -25 28 29 -28 -11 30 -27 -32 -21
right_child=3 2 8 -5 5 -7 -8 -9 -10 10 14 12 -14 -15 15 16 22 -19 19 32 21 -23 -24 24 -26 26 27 -29 -30 -31 31 -33 -34
leaf_value=0.0036887419468225819 -0.0079046094993950444 -0.0014411731490155478 -0.0024679468312094823 -0.00045457862796535617 -0.0050427475957295622 -0.013145300029053956 -0.0010909159321900455 0.00053994359616298538 0.022264333690956567 -0.0003126018082482979 -0.00076938055235606568 2.812715301183638e-05 -0.0020505201013357541 0.0060640496444530224 -0.0027913288810395872 0.0082624053753885245 0.012538619152576818 -0.0041015589687785339 -0.0033953786122815984 -0.0090867523714063293 -0.015879166790905584 -0.00083353501957888576 0.001548101472002563 -0.0018347599103129173 0.0071350209190386323 -0.0011553680365856979 -0.017268501708357444 0.008769467818777443 0.0021687082844153408 -0.014258179670075125 0.0040271542963245645 -0.00820337788530698 0.018371599948691721
leaf_weight=36 58 9.9999999999999982 7.9999999999999991 363 36 25 113 329 59 133 226 42 82 120 34 29 10.999999999999998 13.999999999999998 44 12.999999999999998 33 38 196 94 7.9999999999999991 101 24 36 96 27 43 15.999999999999998 31
leaf_count=36 58 10 8 363 36 25 113 329 59 133 226 42 82 120 34 29 11 14 44 13 33 38 196 94 8 101 24 36 96 27 43 16 31
internal_value=7.2438e-05 0.00127456 0.00936805 -0.0019494 -0.000271507 0.00065897 0.00138045 0.00302815 0.0123996 0.000807885 0.000545485 0.00199997 0.00535865 0.00946563 -0.000741748 0.00124303 0.00254653 0.0123285 -0.0028723 0.00200192 -0.00451395 -0.0117348 0.000875407 -0.00286299 -0.00515576 0.000131405 -0.00205256 0.00477557 0.00272885 -0.00459311 -0.00222444 0.00437121 0.0101733
internal_weight=2528 1604 77 924 561 503 478 365 67 1527 1491 720 244 162 771 386 352 43 385 88 297 71 309 113 102 476 247 60 229 187 160 59 44
internal_count=2528 1604 77 924 561 503 478 365 67 1527 1491 720 244 162 771 386 352 43 385 88 297 71 309 113 102 476 247 60 229 187 160 59 44
is_linear=0
shrinkage=0.060181


Tree=61
num_leaves=34
num_cat=0
split_feature=8 18 1 4 4 8 8 3 5 3 8 5 9 4 9 5 5 4 8 10 5 5 4 4 5 9 9 4 8 9 6 3 3
split_gain=1.2492 1.25364 1.04699 0.949402 1.31246 1.23526 1.91852 1.58652 1.18375 1.20145 1.12841 1.06833 1.06267 1.05071 1.14379 1.01444 1.11801 1.14243 0.959978 0.926049 1.32114 0.915209 0.914876 0.871964 0.854425 1.46483 0.98222 0.822847 0.773467 1.95322 1.33584 0.766845 0.75238
threshold=2.394979477613302 1.0000000180025095e-35 1.0000000180025095e-35 -0.14627126138942573 -1.001944713487535 0.65899364800738247 0.013552283520414302 -1.1880413889829524 -0.60350513862027333 1.0074112315307975 1.7656387182997568 -0.35723804734510162 0.61308914725173891 -0.43019991494565585 -0.22685477130828802 0.40137261077567693 1.0263459032921827 1.2663345158079193 0.25717508945541906 1.162947861247704 -0.42639097220074934 2.4198173272706227 1.3980994608532036 -0.49015429308371805 -0.062399897842304146 0.033596956897477055 0.064481678529993716 -0.59486502806532471 0.74137515444582525 0.35790528436908148 -0.47932489811819695 -0.93376430170593283 2.4614863987988769
decision_type=2 2 2 2 2 2 2 2 2 2 2 2 2 2 2 2 2 2 2 2 2 2 2 2 2 2 2 2 2 2 2 2 2
left_child=1 2 32 4 12 6 7 -6 18 15 11 27 -3 23 -15 -10 17 -17 -5 21 -21 28 -18 -9 26 -26 -22 -7 -4 30 -30 -8 -1
right_child=-2 3 19 8 5 10 31 13 9 -11 -12 -13 -14 14 -16 16 22 -19 -20 20 24 -23 -24 -25 25 -27 -28 -29 29 -31 -32 -33 -34
leaf_value=-0.00031075558082958139 0.0024134266680947247 -0.0021982181435404422 0.0022910368490581278 -0.00046496625391271657 -0.0052096636331825236 0.0043519370075075173 0.00092179674390807361 0.00032287563293254917 -0.0019872201869243445 0.0025388803823786906 -0.0020833458701515518 0.0042704610069151704 -0.015194225410123769 0.00038896326754220994 0.0047651490721793734 0.002347056388263638 -0.0040471170271952767 -0.0048785532496745431 0.00081759815374579854 -0.00059019263684060121 0.0039680351943005201 -0.0036999669552209083 0.00068805108467942066 -0.0042638667379510577 -0.0064726514590759312 0.0039763287088311183 -0.0017360309415608126 -0.0046125591794212379 0.0012479919946998411 0.0042605434486423293 -0.0021461261053279403 -0.0055895839171613932 0.021496784390433579
leaf_weight=595 36 58 660 76 22 10.000000000000002 9.9999999999999982 147 198 17 22 55 13.999999999999998 32 30 20.000000000000004 60 9.9999999999999982 38 47 24 31 28 9.9999999999999982 21 17 8.9999999999999982 8.9999999999999982 42 65 57 46 11.999999999999998
leaf_count=595 36 58 660 76 22 10 10 147 198 17 22 55 14 32 30 20 60 10 38 47 24 31 28 10 21 17 9 9 42 65 57 46 12
internal_value=9.62099e-05 -4.93681e-05 0.000951858 -0.00184349 0 0.0014487 -0.000309752 0.00185687 -0.00381266 -0.00564028 0.00727894 0.0108934 -0.00720159 0.00366249 0.010134 -0.00659934 -0.00150804 0.00724807 0.00104761 0.00219052 -0.00249783 0.00291211 -0.00528676 0.000579766 0.00205476 -0.00296132 0.00912018 0 0.00334842 -1.69527e-05 -0.00559978 -0.0101444 -0.000940971
internal_weight=2528 2492 1580 912 465 393 297 241 447 333 96 74 72 219 62 316 118 30 114 973 118 855 88 157 71 38 33 19 824 164 99 56 607
internal_count=2528 2492 1580 912 465 393 297 241 447 333 96 74 72 219 62 316 118 30 114 973 118 855 88 157 71 38 33 19 824 164 99 56 607
is_linear=0
shrinkage=0.060181


Tree=62
num_leaves=34
num_cat=0
split_feature=4 8 16 7 11 3 4 8 11 7 4 6 12 3 4 8 4 4 7 6 7 7 8 8 11 13 7 7 3 7 16 8 3
split_gain=1.06717 1.61478 1.17566 1.71638 1.10092 1.05643 0.956013 1.45172 0.981483 1.23319 0.99659 1.52324 0.965636 1.20153 1.15321 0.911119 0.900929 0.849642 1.69222 0.844647 0.890757 0.836371 0.809766 0.77937 0.697986 0.677959 1.22497 1.02039 0.672202 0.605162 0.602722 0.739432 0.548438
threshold=0.42011657487689325 1.7059790552728036 1.0000000180025095e-35 0.34771942730792599 -0.78309770132915812 0.17011710015412504 -1.0321137360984209 -1.2598390295645163 -0.98270155179902219 1.1131671630430897 -0.39907874816174432 -1.0401971508432133 1.888622504501128 0.13065535883886734 -0.98384955891393078 1.5346096333314194 -0.31387894862066579 -0.62595365905251354 -2.3911482521194523 0.79821745531100707 1.7581593957217145 -2.732865991286936 0.071273264979403408 -0.48780399844997951 1.0000000180025095e-35 -0.25472374637787865 0.24776698860143817 0.22213815816387586 -0.60200082842187952 0.82868714518615982 5.5750728051301444 -0.98918372174019009 -1.3299183328684092
decision_type=2 2 2 2 2 2 2 2 2 2 2 2 2 2 2 2 2 2 2 2 2 2 2 2 2 2 2 2 2 2 2 2 2
left_child=6 2 3 15 -5 -4 7 -1 9 10 11 -8 14 -14 -10 25 -12 21 -19 20 -9 -16 -11 -18 -7 27 -27 -2 -6 30 31 -23 -20
right_child=1 -3 5 4 28 24 8 19 12 22 16 -13 13 -15 17 -17 23 18 32 -21 -22 29 -24 -25 -26 26 -28 -29 -30 -31 -32 -33 -34
leaf_value=0.0078852767862827109 -0.0005035722274404355 0.0017060160814667796 -0.013616639984016972 -0.00080298111136859873 4.5124827392539502e-05 -0.00069915176613235446 0.0054578414217413881 -0.0017080852936250338 0.002341625237135016 -0.010207108756284578 -0.0040957566615493508 0.0077583193432625526 -6.5142691039768913e-05 0.0075226866291028607 0.0026336143109626973 0.0036384954209751109 0.0054532279556323325 -0.021215051998028683 -0.0036478865103112441 0.00098240622436183002 0.0048228390184534842 0.00047050991351012386 0.00082501959838868406 -0.0003327278646315924 0.0097831626275647187 -0.005970856673865192 -0.0022062222955232295 -0.008500311470339094 0.0021383646406325711 0.0013707404342105543 0.0064999573401176378 -0.0018939405404381421 0.00041891595922233368
leaf_weight=10.999999999999998 183 32 23 147 54 21 40 156 57 12.000000000000002 8.9999999999999982 45 40 35 31 12.999999999999998 31 13.999999999999998 41 20 17 48 8.9999999999999982 45 42 56 20 40 32 40 8.9999999999999982 277 878
leaf_count=11 183 32 23 147 54 21 40 156 57 12 9 45 40 35 31 13 31 14 41 20 17 48 9 45 42 56 20 40 32 40 9 277 878
internal_value=9.62099e-05 -0.00194528 -0.0027072 -0.00378977 0 0.00338987 0.00085499 -0.00291252 0.00135746 0.00542644 0.00729615 0.0119183 0.000777875 0.00730955 0.000367781 -0.00668298 0.0017301 0 0.000998978 -0.00445294 -0.00597952 -0.00228986 -0.0062304 0.00457171 0.00772294 -0.00746727 -0.0128877 -0.0051913 0.00540476 -0.00319504 -0.00410837 -0.00467875 0.00140551
internal_weight=2528 663 631 545 233 86 1865 204 1661 191 170 85 1470 75 1395 312 85 1338 933 193 173 405 21 76 63 299 76 223 86 374 334 325 919
internal_count=2528 663 631 545 233 86 1865 204 1661 191 170 85 1470 75 1395 312 85 1338 933 193 173 405 21 76 63 299 76 223 86 374 334 325 919
is_linear=0
shrinkage=0.060181


Tree=63
num_leaves=34
num_cat=0
split_feature=0 5 4 5 4 10 5 10 7 10 6 4 6 2 10 16 0 5 7 6 2 10 13 4 13 4 6 2 6 7 11 13 7
split_gain=1.41481 1.3504 1.51758 2.7232 1.47585 1.17572 1.02805 1.01465 1.12449 0.964218 1.10065 0.874727 0.92531 0.872404 1.41728 0.983931 1.24118 1.11439 1.28898 0.872773 0.824778 0.994205 0.96423 0.822025 1.18271 0.874072 0.911314 0.908609 0.863506 0.852924 0.773617 0.854402 0.770757
threshold=1.0000000180025095e-35 -0.22133183000763718 -0.76563445645031036 -0.7183463406599836 -0.95350795140593203 1.6359476047304546 0.42814310094508806 0.54956181016270034 1.5864462317900536 -1.1059096613797432 -0.54164403730986543 -0.10170128139405034 -0.6662823156932024 -0.15659815296658627 -0.8632384201660559 1.0000000180025095e-35 1.01557764731833 1.7909860845343473 -0.45190008234398399 -0.57280360690569965 -0.90488228164953088 -1.5260423848133715 0.52328659146806233 -0.58935790811214073 -0.128479201190243 0.36748307978074674 -0.6662823156932024 2.1922930733376207 0.54894089854433314 -0.95166227587642915 3.2089793080681237 -0.080051571772089436 0.74240341604636984
decision_type=2 2 2 2 2 2 2 2 2 2 2 2 2 2 2 2 2 2 2 2 2 2 2 2 2 2 2 2 2 2 2 2 2
left_child=6 2 3 30 5 -3 9 8 13 20 11 12 -11 14 -6 16 17 18 -15 -16 -1 -22 -23 24 -4 27 32 29 -29 -25 31 -2 -27
right_child=1 4 23 -5 7 -7 -8 -9 -10 10 -12 -13 -14 15 19 -17 -18 -19 -20 -21 21 22 -24 25 -26 26 -28 28 -30 -31 -32 -33 -34
leaf_value=-0.0034334533854508604 -0.0022839736094909463 -0.005893766981229915 -0.0015013893299135447 0.0083173912194350365 -0.00017521567578070881 0.0034280116437938788 -0.00087684094182694167 -0.00029280561348037597 -0.025333433838458212 0.0012486995664920085 2.6706673721495921e-05 -0.0052321656911562845 -0.0041433458832386095 0.00042407704872448671 0.0048730407735758877 0.0055211822937530275 0.011604129133448885 0.0010767003500629186 -0.0045897140153991125 0.00012597801977334025 -0.012678857200236425 0.0051250473063620457 -0.0017255048506310184 -0.00058496522090044432 0.022056026169780332 -0.0039585783204901448 0.0001045403443458829 -0.0056937093724523432 0.0063361640111454995 0.003070167264814207 0.014082042514185112 0.0082427979122321818 0.0033304795439714078
leaf_weight=28 36 36 40 82 71 20 251 138 14.999999999999998 62 748 104 27 45 69 56 20 31 64 40 9.9999999999999982 57 11.999999999999998 50 7.9999999999999991 23 102 13.999999999999998 18 223 8.9999999999999982 8.9999999999999982 9.9999999999999982
leaf_count=28 36 36 40 82 71 20 251 138 15 62 748 104 27 45 69 56 20 31 64 40 10 57 12 50 8 23 102 14 18 223 9 9 10
internal_value=0.000405244 0.00188204 0.00384013 0.00950418 -5.41104e-05 -0.00913477 -0.000949292 0.000821924 0.00240188 -5.99297e-05 -0.000735676 -0.00475904 0 0.00316974 0.00624321 0.000286982 -0.00185659 -0.00421054 -0.00724027 0.010447 0.00519475 0.00841268 0.0112292 0.00208688 -0.00471988 0.00299101 -0.00067179 0.00478696 -0.00346036 0.00599347 -4.93254e-05 -0.00439211 -0.00912018
internal_weight=2528 1229 624 136 605 56 1299 549 411 1048 941 193 89 396 180 216 160 140 109 109 107 79 69 488 48 440 135 305 32 273 54 45 33
internal_count=2528 1229 624 136 605 56 1299 549 411 1048 941 193 89 396 180 216 160 140 109 109 107 79 69 488 48 440 135 305 32 273 54 45 33
is_linear=0
shrinkage=0.060181


Tree=64
num_leaves=34
num_cat=0
split_feature=8 1 8 4 4 12 6 10 6 7 8 7 0 10 6 7 6 15 7 10 10 4 4 4 15 10 12 10 10 4 10 7 12
split_gain=1.172 1.12454 1.20285 1.58712 1.57104 1.57343 1.90002 1.72067 1.09271 0.984537 1.54064 1.53923 0.952065 0.840367 0.802203 0.774536 1.29091 1.10264 1.05715 1.29701 1.13166 1.1295 1.00754 0.880216 1.05034 0.824174 0.777038 0.934379 0.801786 0.991716 0.828452 0.775999 0.853527
threshold=2.394979477613302 1.0000000180025095e-35 -0.38601715685574928 -1.065849358730915 2.2911857679507306 1.0000000180025095e-35 2.169238517527714 -0.9679193460638621 1.4837279864193607 0.80562119779235386 -0.16756330913097148 1.2566886134934334 1.0000000180025095e-35 -0.61530933880482541 1.0786535816735154 -0.46471449756276512 0.58010046814016736 1.0000000180025095e-35 0.34344795556833269 0.89221963053243225 -0.50454365763961007 -0.54567512708742139 -0.88731954712355243 -0.22311022665669714 0.88625919121491659 1.1953198129571774 0.86351510968011858 1.162947861247704 0.53684770386680636 -0.9145430981896886 0.26842842174107845 -0.24003508406014382 1.3760688070906235
decision_type=2 2 2 2 2 2 2 2 2 2 2 2 2 2 2 2 2 2 2 2 2 2 2 2 2 2 2 2 2 2 2 2 2
left_child=1 15 -3 13 5 6 9 -7 -9 10 -5 12 -11 -4 -12 26 17 25 19 31 -20 22 -22 24 -18 -17 27 28 30 -30 -1 -19 -33
right_child=-2 2 3 4 -6 7 -8 8 -10 11 14 -13 -14 -15 -16 16 23 18 20 -21 21 -23 -24 -25 -26 -27 -28 -29 29 -31 -32 32 -34
leaf_value=-0.00036470259508755443 0.0022413662547863394 0.00040803103911603951 0.0024459933712338449 -0.0032539604831250783 -0.0081047082233769198 -0.00049212972453684079 0.018181083192685889 0.0011820815193438758 -0.0059108116683143242 -0.0013589754069102144 -2.4174215733976381e-05 -0.0056215283459417915 0.015053087805334989 -0.0060484731312880954 -0.0054809474527060219 0.0001300480341517459 0.0083551360138929831 0.00014507254879602582 -0.0011046154485432464 -0.012404602579972153 0.00063876754433786812 0.0018933648983875061 -0.011851297973876926 -0.0013690321115592966 -0.0010668200995327263 0.015980112959151516 -0.0098039517478169975 -0.015361964019520889 -0.014583272271275316 0.0050640202297664505 -0.0031316145927119546 -0.0048253938153722357 0.00014426126757809547
leaf_weight=104 36 747 9.9999999999999982 81 37 47 20 254 11.999999999999998 12.999999999999998 348 17 28 38 19 183 38 40 62 21 40 40 13.999999999999998 28 11.999999999999998 8.9999999999999982 47 31 8.9999999999999982 41 23 57 22
leaf_count=104 36 747 10 81 37 47 20 254 12 13 348 17 28 38 19 183 38 40 62 21 40 40 14 28 12 9 47 31 9 41 23 57 22
internal_value=0.000405244 0.000218172 0.00113373 -0.000262575 0.000276903 0.000896155 -0.00102807 0.00428584 0.00626069 -0.00189507 -0.00293802 0.00493061 0.0115321 -0.0105509 -0.00106318 -0.00157255 -0.000216296 -0.00147479 -0.00382598 -0.00756314 -1.78025e-05 0.0037286 -0.00109406 0.00667209 0.0112799 0.00186053 -0.00431621 -0.00228866 -0.000182343 0.00566647 -0.00301689 -0.00419545 -0.00768414
internal_weight=2528 2492 1671 924 876 839 526 313 266 506 448 58 41 48 367 821 566 488 296 140 156 94 54 78 50 192 255 208 177 50 127 119 79
internal_count=2528 2492 1671 924 876 839 526 313 266 506 448 58 41 48 367 821 566 488 296 140 156 94 54 78 50 192 255 208 177 50 127 119 79
is_linear=0
shrinkage=0.060181


Tree=65
num_leaves=34
num_cat=0
split_feature=18 0 8 8 9 8 8 7 5 17 9 9 0 12 6 9 7 0 8 9 12 1 15 5 5 5 8 7 7 9 9 9 5
split_gain=1.24264 1.53905 1.2018 0.94411 2.45231 1.11867 1.52835 1.75569 1.14182 1.78446 1.0549 0.93554 1.2652 0.954429 0.801401 0.796614 0.740605 0.674928 1.0038 0.963782 0.728546 0.653946 0.586707 0.564099 0.94324 1.24842 0.95081 0.754292 0.899631 0.91702 0.773201 0.70319 0.808609
threshold=1.0000000180025095e-35 1.01557764731833 1.2814220412642245 -0.50329542683273187 0.93795638109834212 0.62285889867506772 0.8136468501624029 -0.15204276622451804 -0.16626155242784726 1.0000000180025095e-35 -0.63938653510037269 -0.26461032216946762 1.0000000180025095e-35 -0.67414598255139557 0.33082391137349337 -0.42824313451887347 -0.27933262406440512 1.0000000180025095e-35 0.99073876124515337 0.22142730426787002 -0.67414598255139557 1.1241768659879796 1.0000000180025095e-35 -1.1714853796827731 -0.91167233754235621 -0.86727416787017575 0.59991761465004412 -1.2668968902584323 -2.732865991286936 -0.76863339811635567 -0.4420685702578554 -1.6492544703013423 -0.68215361783426121
decision_type=2 2 2 2 2 2 2 2 2 2 2 2 2 2 2 2 2 2 2 2 2 2 2 2 2 2 2 2 2 2 2 2 2
left_child=1 23 21 4 11 8 -7 -8 -5 -10 -9 15 13 -13 17 16 22 18 -12 -19 -21 -3 -2 -1 -25 26 -26 28 30 -30 -27 -29 -33
right_child=3 2 -4 5 -6 6 7 10 9 -11 14 12 -14 -15 -16 -17 -18 19 -20 20 -22 -23 -24 24 25 27 -28 31 29 -31 -32 32 -34
leaf_value=0.01044267693137985 -0.0088828616749799284 0.020064463306040132 -0.0054206562349433107 -0.00012996522879629946 -0.0078190929778973878 0.0039446165825831828 0.0016086797326473521 -0.0067808491060009184 -0.0049563994346258251 8.5439448785136772e-05 -0.01538988719884654 0.0003092288784550956 0.0015359316874023964 -0.0029290893762700114 0.0076313017629806874 -0.0044097448945359299 0.00041603121645555777 0.00033669729294327077 0.0020002812869485583 0.00034633246380313503 -0.0039857590887684988 0.0060257192961283871 1.5759902856770318e-06 -0.00079271371059399306 0.0026282740720927501 -0.00084667337192608524 -0.00020646192692410929 0.0021154035587901856 0.0087751889491922679 -0.0087007730181068894 0.0052928753870577936 -0.0012445251784658472 0.0002940501948995278
leaf_weight=27 13.999999999999998 53 11.999999999999998 167 25 41 56 32 125 48 7.9999999999999991 28 50 54 14.999999999999998 25 134 11.999999999999998 42 8.0000000000000018 21 11.999999999999998 19 118 30 12.000000000000002 9.9999999999999982 80 13.999999999999998 71 15.999999999999998 128 1021
leaf_count=27 14 53 12 167 25 41 56 32 125 48 8 28 50 54 15 25 134 12 42 8 21 12 19 118 30 12 10 80 14 71 16 128 1021
internal_value=0.000167526 0.00119969 0.00936805 -0.00156013 0.000776099 -0.00307322 0 -0.00214625 -0.00526266 -0.00870566 -0.00596999 0.00239678 0.00623414 0.000736206 -0.00222223 -1.4526e-05 0.00125129 -0.00480104 0 -0.0101829 -0.0157765 0.0127611 -0.00583198 0.000729248 0.000522208 0.00100101 0.0111065 0.00062825 -0.00389522 -0.00716379 0.00389833 0.00110085 0.000655128
internal_weight=2528 1604 77 924 349 575 235 194 340 173 138 324 132 82 106 192 167 91 50 41 29 65 33 1527 1500 1382 40 1342 113 85 28 1229 1149
internal_count=2528 1604 77 924 349 575 235 194 340 173 138 324 132 82 106 192 167 91 50 41 29 65 33 1527 1500 1382 40 1342 113 85 28 1229 1149
is_linear=0
shrinkage=0.060181


Tree=66
num_leaves=34
num_cat=0
split_feature=0 19 5 3 12 0 10 11 4 9 9 5 5 10 12 9 3 11 3 9 4 5 4 4 9 3 3 4 11 3 5 4 9
split_gain=1.51048 0.948831 1.41907 1.7704 1.95922 0.906049 1.75886 0.86077 0.822541 0.740902 0.836031 0.838423 1.14507 0.87005 0.799649 1.03488 1.02865 0.886516 0.820434 0.737593 1.023 0.701043 1.34874 1.52135 1.16438 0.890912 1.12707 1.04068 1.03839 1.00164 0.865447 0.837916 0.788994
threshold=1.0000000180025095e-35 1.0000000180025095e-35 -0.18618344095573267 -0.48938058852909977 1.0000000180025095e-35 2.0956703239782959 0.036509940365153107 1.612148504309211 2.3270691290170027 -1.8655880814435755 -1.7493325393187169 0.17058159326935604 0.10665614093846952 1.813961127238173 1.0000000180025095e-35 0.61308914725173891 -0.022871340281467995 1.612148504309211 -1.144368050060498 -1.0872827587941531 -0.72546521396985353 -0.22133183000763718 -0.76563445645031036 -1.0262269360847254 -1.1432778115504683 -1.3299183328684092 -0.73204737937949349 1.932918031135513 -0.38389000038943 1.1960079319050072 -0.73026865548599929 -0.82932749882957124 -0.010778695582846698
decision_type=2 2 2 2 2 2 2 2 2 2 2 2 2 2 2 2 2 2 2 2 2 2 2 2 2 2 2 2 2 2 2 2 2
left_child=1 8 3 -3 -5 7 -7 21 9 -1 -11 12 13 19 15 17 -16 -13 -17 20 -12 22 23 32 -23 -26 28 29 -27 31 -25 -28 -2
right_child=5 2 -4 4 -6 6 -8 -9 -10 10 11 14 -14 -15 16 18 -18 -19 -20 -21 -22 24 -24 30 25 26 27 -29 -30 -31 -32 -33 -34
leaf_value=0.0053728972051893765 0.0084463826211606408 -0.024046784128033884 0.0043617675469140374 -0.011031258411999745 0.0063200656858807885 0.011846247512228668 -0.00033436486910173532 0.0019743846317450144 -0.0063163175506481262 -0.0099230265247159371 -0.0065336762447145702 -0.0039662022981983716 0.0033069258172312753 0.006156047861750823 0.0018959700321469909 -0.0066785003365662943 -0.013522179548533185 0.0020854656724203181 0.0011070906917899168 -0.00025674730782824015 0.0016676976870826994 -0.0025783158714553518 0.00016846038019776257 0.00029104144049001075 -0.0039334546934352652 0.0039816376596992662 -0.0021919859949016494 -0.0076680194299016445 -0.00026411530379078689 -0.00090829280237154973 0.011417451706471115 0.00047587553587498312 -0.0010630099481595155
leaf_weight=28 18.000000000000004 17 43 17 22 31 28 97 45 20 12.999999999999998 141 25 25 68 12.999999999999998 14.999999999999998 7.9999999999999991 34 726 39 66 438 14.999999999999998 32 63 51 27 34 54 43 220 11.999999999999998
leaf_count=28 18 17 43 17 22 31 28 97 45 20 13 141 25 25 68 13 15 8 34 726 39 66 438 15 32 63 51 27 34 54 43 220 12
internal_value=0.000405244 -0.000995492 0.00442671 -0.00105735 0.00501066 0.00193086 0.00917768 0.00148951 -0.00150238 -0.00111922 -0.00141308 -0.0011134 -7.57841e-05 -0.0005631 -0.00394966 -0.00604427 0.000380257 -0.00849736 0.000650773 -0.00100459 0.00546265 0.000924971 0.00250531 0.00922857 -0.00049701 0.000440514 0.00126946 -0.000177226 0.00690749 0.000649641 0.0146996 0.00231148 -8.45535e-05
internal_weight=2528 1299 99 56 39 1229 59 1170 1200 1155 1127 1107 828 803 279 196 83 149 47 778 52 1073 526 88 547 481 449 352 97 325 58 271 30
internal_count=2528 1299 99 56 39 1229 59 1170 1200 1155 1127 1107 828 803 279 196 83 149 47 778 52 1073 526 88 547 481 449 352 97 325 58 271 30
is_linear=0
shrinkage=0.060181


Tree=67
num_leaves=34
num_cat=0
split_feature=0 18 4 1 15 8 9 0 8 6 10 8 12 10 4 2 2 10 10 8 8 6 4 4 10 9 8 8 6 9 9 6 8
split_gain=1.50633 1.10285 0.986533 0.979489 0.952619 0.928705 1.16756 0.926286 1.0466 0.816567 1.17356 1.33646 0.879284 1.16502 1.11143 0.8056 0.751966 0.718771 1.06747 1.13331 1.004 0.695965 0.656027 0.637455 0.630514 0.602384 0.591391 1.08365 0.58716 0.653494 0.568465 0.586828 0.537921
threshold=1.0000000180025095e-35 1.0000000180025095e-35 2.2003936314864236 1.0000000180025095e-35 1.0000000180025095e-35 0.75869737685808669 0.28154239701137906 1.01557764731833 -1.1073008537514022 -1.1025162900348817 -0.0029732523128100491 -0.87294278602033704 1.0000000180025095e-35 0.16629724623884318 -0.25871395510504908 -0.48876784675032764 0.052486513137856058 1.2766684468578708 0.12159773096610051 -0.50329542683273187 -1.2781468871302049 -0.54164403730986543 -1.0262269360847254 -0.78827056907638016 0.35415271937508069 0.48349217632023184 1.7059790552728036 1.2357189132761148 0.45546218975683034 -1.1078566642165162 -0.81994174536809383 -0.19888877175568878 -0.73035168571808906
decision_type=2 2 2 2 2 2 2 2 2 2 2 2 2 2 2 2 2 2 2 2 2 2 2 2 2 2 2 2 2 2 2 2 2
left_child=2 5 -1 4 -3 7 21 8 23 -10 22 16 14 -14 -13 -9 -12 18 19 -5 -20 -7 -11 -2 -17 28 27 -8 29 -22 31 -25 -24
right_child=1 3 -4 17 -6 6 26 15 9 10 11 12 13 -15 -16 24 -18 -19 20 -21 25 -23 32 30 -26 -27 -28 -29 -30 -31 -32 -33 -34
leaf_value=-0.00010029463009704909 0.014834681754665459 0.00112190287641207 -0.0046752447533137415 0.00039236086906817909 -0.0013411231134477035 8.9523139157223657e-05 0.01245864671056811 -0.0027040360462191578 -0.0015067199849359491 -0.0013898331165899027 -0.0072589258078356832 -0.0014697146199124668 -0.0096439960060051271 0.0025582976120834796 0.0022789580529005674 0.032702968940989646 0.0075464951804894214 -0.00028485993384919593 -0.00054157971197531642 -0.00044854162368498728 -0.00150909004280289 -0.0052648227117455893 0.0010951843333801361 -0.0090322147390159441 0.0017718878684658866 0.00016533150565551134 0.0071191745953745741 -0.0034159000613025654 3.157766662358113e-05 0.0024770786379076635 -0.0061553867019829246 0.0054557313668597033 0.0097194045437374674
leaf_weight=1223 12.999999999999998 22 76 76 35 36 23 7.9999999999999991 34 13.999999999999998 8.9999999999999982 61 14.999999999999998 81 48 34 27 37 9.9999999999999982 149 13.999999999999998 56 38 15 19 50 30 17 25 64 21.000000000000004 13.999999999999996 134
leaf_count=1223 13 22 76 76 35 36 23 8 34 14 9 61 15 81 48 34 27 37 10 149 14 56 38 15 19 50 30 17 25 64 21 14 134
internal_value=0.000357701 0.00188204 -0.00104169 -0.000253711 -0.00749451 0.00333112 -0.00038056 0.00445242 0.00342733 0.00447496 0.00524758 0.00210291 0 0.00425794 -0.00349914 0.0116882 0.0122282 0.000638481 0.00154404 -0.000933819 0.00525476 -0.00506557 0.00890228 -0.00320513 0.0144033 0.00674317 0.00494438 0 0.00934136 0.0118344 -0.00678916 0 0.00995472
internal_weight=2528 1229 1299 482 57 747 162 585 524 461 427 241 205 96 109 61 36 425 388 225 163 92 186 63 53 153 70 40 103 78 50 29 172
internal_count=2528 1229 1299 482 57 747 162 585 524 461 427 241 205 96 109 61 36 425 388 225 163 92 186 63 53 153 70 40 103 78 50 29 172
is_linear=0
shrinkage=0.060181


Tree=68
num_leaves=34
num_cat=0
split_feature=1 7 7 7 8 3 3 14 7 19 5 5 7 3 12 7 13 14 5 3 7 8 14 12 17 2 8 0 3 13 7 2 3
split_gain=1.05017 1.40709 1.13373 1.35533 1.36679 0.886909 0.928771 1.1675 0.848883 1.04154 1.07808 1.56524 1.4973 1.07735 0.942489 0.916444 1.34139 0.88667 1.32639 0.840132 0.935156 0.835411 1.46641 1.18659 1.11048 0.992464 0.813274 1.26038 1.11921 1.07421 0.811055 1.09688 0.743658
threshold=1.0000000180025095e-35 -0.45873443712733469 -0.37501359103130089 -0.32461022450409677 -0.2855796163794565 -1.2699030786212606 -0.99034882853133044 1.0000000180025095e-35 -2.4560746225612746 1.0000000180025095e-35 -0.21294917088058221 -0.81569262987253233 -0.3451132888541466 -0.81870629383252247 1.888622504501128 0.24605839990559988 -0.18843625396651872 1.0000000180025095e-35 -0.60350513862027333 -1.3442390248421041 -0.20757189883923458 -0.73997872951474353 1.0000000180025095e-35 0.86351510968011858 1.4567572365165855 -0.039511858377226795 0.62285889867506772 1.0000000180025095e-35 -1.2588693853682555 -0.3180707476732752 -0.28360409580399842 -0.5258603207457665 -0.15938547848144871
decision_type=2 2 2 2 2 2 2 2 2 2 2 2 2 2 2 2 2 2 2 2 2 2 2 2 2 2 2 2 2 2 2 2 2
left_child=5 -2 -3 -4 19 -1 7 30 -8 10 11 14 -12 -13 -10 16 -14 -11 -19 -5 -21 24 23 -23 25 -22 27 29 -28 -6 -7 -32 -24
right_child=1 2 3 4 26 6 8 -9 9 17 12 13 15 -15 -16 -17 -18 18 -20 20 21 22 32 -25 -26 -27 28 -29 -30 -31 31 -33 -34
leaf_value=-0.0092214411812030269 0.00083239982969424175 -0.0019539670960357892 0.0039135934934774758 -0.0034799449835754728 -0.0029279373649319707 -0.0080549285577391754 -0.021284337491748195 -0.0049365225930327909 -0.0019706721909259826 0.0037788648318640519 -0.0094857741766837464 -0.011734442295889646 0.0065140202872793866 0.00089926382576881224 0.011349844779171657 -0.0027950677995278051 -0.0069341237978154608 0.0095542073887253144 -0.0031955667788151126 -0.0022735246244033115 0.00076151449801400615 0.0032224122150946262 0.0020963496817142414 -0.00061791841428133598 0.0021457384933838601 -0.00034794869747604079 0.0018370654192023314 -0.00013820265789075796 -0.00012276027114193776 0.00063789919383386144 0.0078295324573138675 -0.00083662975832222422 -0.0045705092670576177
leaf_weight=38 420 67 59 50 89 17 28 13.999999999999998 88 54 73 19 45 243 8.9999999999999982 126 10.999999999999998 11.000000000000002 19 57 128 139 19 21 26 89 25 197 263 24 29 10.999999999999998 20
leaf_count=38 420 67 59 50 89 17 28 14 88 54 73 19 45 243 9 126 11 11 19 57 128 139 19 21 26 89 25 197 263 24 29 11 20
internal_value=0.000238841 0.00111903 7.29379e-05 0.000549628 2.86214e-05 -0.00147454 -0.000943167 0.00528144 -0.00165358 -0.00111914 -0.0020509 0 -0.00501435 0.00250309 -0.0063093 -0.00163653 0.00408638 0.00484119 -0.00187543 0.00223768 0.00305898 0.00405802 0.0069944 0.00958134 0.00135374 0 -0.00190537 -0.00403898 0.000216123 -0.00905635 0.00948055 0.0138668 -0.00218553
internal_weight=2528 1693 1273 1206 1147 835 797 71 726 698 614 359 255 262 97 182 56 84 30 549 499 442 199 160 243 217 598 310 288 113 57 40 39
internal_count=2528 1693 1273 1206 1147 835 797 71 726 698 614 359 255 262 97 182 56 84 30 549 499 442 199 160 243 217 598 310 288 113 57 40 39
is_linear=0
shrinkage=0.060181


Tree=69
num_leaves=34
num_cat=0
split_feature=8 8 8 1 5 4 5 11 12 11 5 12 7 2 11 2 2 4 4 5 4 4 2 5 11 8 12 2 12 15 7 11 2
split_gain=1.22841 0.984638 1.29446 1.23192 2.16903 1.22689 1.1749 1.48738 1.44597 0.959605 0.82056 1.18248 0.80043 0.792733 0.787549 0.745268 0.889549 1.44066 1.31949 0.864569 0.737343 0.727091 0.792513 0.644314 0.61329 0.901675 1.04936 1.03902 0.716853 0.882266 0.573994 0.563843 0.533664
threshold=2.394979477613302 -0.056859263721700394 -0.0074836888475316487 -1.4759321159128549 -0.65606319934467983 -1.0850200202837006 1.4730917322475066 -1.3819092527387502 -0.67414598255139557 -1.3819092527387502 2.4198173272706227 1.0000000180025095e-35 0.41350009209766747 1.2709676699862866 -0.18428614991956593 2.7450866599101871 1.0239687373611597 -0.47106593211266035 -0.33285326911153817 1.9344179252206557 -0.88164098179135575 -0.22722272278019931 1.2919824104524669 -0.91167233754235621 -0.18428614991956593 -0.73997872951474353 0.35096141226961375 -0.27043883610983449 0.35096141226961375 0.88625919121491659 0.89617639867173715 0.8137331024297545 2.1205024577771239
decision_type=2 2 2 2 2 2 2 2 2 2 2 2 2 2 2 2 2 2 2 2 2 2 2 2 2 2 2 2 2 2 2 2 2
left_child=1 3 -3 4 31 14 9 -8 -9 -7 15 -12 32 -6 -4 16 19 23 -19 24 -2 -20 -23 -18 28 27 -27 -26 29 -5 -30 -1 -11
right_child=20 2 5 10 13 6 7 8 -10 12 11 -13 -14 -15 -16 -17 17 18 21 -21 -22 22 -24 -25 25 26 -28 -29 30 -31 -32 -33 -34
leaf_value=0.004505310655353624 -0.00069831797203654864 -0.0060413387049371593 0.0014947871951118403 -2.9655795275295657e-05 -0.0030017814866771268 -0.0034710393711837617 0.0053001093840496071 0.003877892072757749 -0.0060125729779391297 9.944458938500153e-05 -0.0092716494142693669 0.0052160940756770724 0.00062691494828016707 0.032521121305220071 -0.0042758417956186264 -0.0036011189183814039 0.0033102355646914086 -0.0011313536034917354 0.011597034296759448 0.0096269765039922826 0.0027153537492891275 -0.0099745419256432408 0.0014348473949637246 0.0072152837790089948 0.000784004859080134 0.00036678291232754306 0.0038335870225377029 -0.00096640559484674178 -0.001337186308494687 0.0084452903309197216 -0.014609337602502005 -0.0010815785323359435 -0.0021619548543149111
leaf_weight=17.000000000000004 10.999999999999998 46 13.999999999999998 376 56 42 18 14.999999999999998 51 600 30 8.9999999999999982 181 7.9999999999999991 47 8.9999999999999982 9.9999999999999982 47 29 20 25 17 46 45 118 200 111 158 86 24 26 7.9999999999999991 28
leaf_count=17 11 46 14 376 56 42 18 15 51 600 30 9 181 8 47 9 10 47 29 20 25 17 46 45 118 200 111 158 86 24 26 8 28
internal_value=0.000191297 1.13854e-06 -0.00138407 0.00103699 -0.00555461 -0.00084571 -0.000227439 -0.00690208 -0.0112808 0.000390633 0.00152358 -0.00642322 0.000929239 -0.0116146 -0.00889355 0.0018181 0.00199051 0.00580089 0.00191899 0.00126233 0.0107087 0.00632453 0.001398 0.0139117 0.00095774 0.0022975 0.00450437 -1.0162e-05 -0.000472388 0.000603476 -0.00470978 0.00746307 -4.49863e-06
internal_weight=2528 2492 1042 1450 89 996 935 84 66 851 1361 39 809 64 61 1322 1313 194 139 1119 36 92 63 55 1099 587 311 276 512 400 112 25 628
internal_count=2528 2492 1042 1450 89 996 935 84 66 851 1361 39 809 64 61 1322 1313 194 139 1119 36 92 63 55 1099 587 311 276 512 400 112 25 628
is_linear=0
shrinkage=0.060181


Tree=70
num_leaves=34
num_cat=0
split_feature=18 11 8 0 2 12 5 10 2 10 10 2 2 10 5 9 3 5 3 2 7 2 12 9 8 2 2 8 5 2 8 13 15
split_gain=1.14177 1.11213 1.36979 1.19219 0.975616 0.842396 0.829549 0.91856 0.697488 0.683974 1.28209 1.27758 1.46681 1.58992 1.85146 1.33396 1.31045 1.12984 1.04677 1.00212 0.895733 1.5942 0.922372 0.998586 0.901149 1.91829 0.942982 1.06001 0.80928 0.735818 0.683778 0.649895 0.615918
threshold=1.0000000180025095e-35 1.4125446538393469 -1.0573722555090628 1.01557764731833 -0.35063155863749201 0.35096141226961375 0.24236073042078624 0.38973011248583628 1.0334452965859755 -1.5260423848133715 -1.1059096613797432 -0.25856579751646097 -0.1247480331865891 0.56447663308300278 -0.89831236736266751 -0.79823189075445267 -0.078744790460338984 0.42814310094508806 0.67681202699394538 -1.0266085614723386 -0.096513633609801433 -0.88916812100965448 0.86351510968011858 -0.52088778291212168 1.4845567103040385 -1.1367261462900733 -0.77522766329679205 -0.81175185354921742 -0.48328937278885292 -0.86042910353959889 0.9229456065836813 0.066817778544226755 0.88625919121491659
decision_type=2 2 2 2 2 2 2 2 2 2 2 2 2 2 2 2 2 2 2 2 2 2 2 2 2 2 2 2 2 2 2 2 2
left_child=1 3 -3 9 -4 -6 7 -5 -7 -1 17 20 28 15 -15 16 -14 19 -17 -11 21 -12 23 -23 26 -26 27 -22 -13 -24 -28 -16 -2
right_child=32 2 4 6 5 8 -8 -9 -10 10 11 12 13 14 31 18 -18 -19 -20 -21 24 22 29 -25 25 -27 30 -29 -30 -31 -32 -33 -34
leaf_value=-0.0024315924135753955 -7.9136375489381988e-05 -0.0029730585210317197 -0.0004667705814918354 0.044974537979263957 0.008280647739097674 0.0016717479798305204 -0.00080291142843769169 -0.00085979973532202664 -0.0027302130145952963 -0.0039340589227334034 -0.019834675484300682 -0.0086133083541833459 -0.0040538231575104333 -0.0068365741553521389 0.00076709706121974098 -0.00047859200656131113 0.0028365874460964404 -0.0008032170682277178 -0.0024830968290599676 0.0049824963026682718 -3.8648007029843118e-05 -0.00083835625523467937 0.0013110877905712999 0.0037216623406573762 -0.007908039444857809 0.0011210569301895793 -0.00035113288703776039 0.0044308023129319696 -0.012617429782475013 -0.0024210653135045743 0.0066776960885012249 0.0032038322579037741 -0.0012861612550428372
leaf_weight=36 794 25 21 33 86 24 23 10.999999999999998 7.9999999999999991 13.999999999999998 33 21 40 21 130 259 79 60 126 111 34 24 8.9999999999999982 54 18 26 86 97 17 44 9.9999999999999982 24 130
leaf_count=36 794 25 21 33 86 24 23 11 8 14 33 21 40 21 130 259 79 60 126 111 34 24 9 54 18 26 86 97 17 44 10 24 130
internal_value=9.62099e-05 0.00108739 0.00576201 0.000502224 0.0082492 0.0104161 0.00813777 0.0127016 7.98039e-05 6.76395e-05 0.000338802 -0.000367001 -0.00196654 -0.00119437 0.0035539 -0.00296957 0.00223203 0.0049609 -0.00473068 0.00821131 0.00213324 -0.00109415 0.00158594 0.00593461 0.00428388 -0.00258808 0.00588417 0.00918658 -0.0130869 -0.00377136 0.000632728 0.00612761 -0.00156013
internal_weight=2528 1604 164 1440 139 118 67 44 32 1373 1337 1152 717 679 175 504 119 185 385 125 435 164 131 78 271 44 227 131 38 53 96 154 924
internal_count=2528 1604 164 1440 139 118 67 44 32 1373 1337 1152 717 679 175 504 119 185 385 125 435 164 131 78 271 44 227 131 38 53 96 154 924
is_linear=0
shrinkage=0.060181


Tree=71
num_leaves=34
num_cat=0
split_feature=8 18 4 0 8 2 8 4 8 12 10 8 9 9 8 2 8 12 4 7 8 7 4 2 10 9 7 2 7 2 4 4 4
split_gain=1.23955 0.887079 1.21575 0.941039 0.8646 0.837846 0.817186 1.07466 0.928966 1.30371 1.15659 1.09856 1.03385 1.31493 1.29889 1.19983 1.0524 0.90527 0.824729 0.797803 0.789818 0.772278 0.737343 0.716167 0.672797 0.628559 0.627009 1.15734 1.12241 1.84616 1.15672 1.11917 1.30161
threshold=2.394979477613302 1.0000000180025095e-35 -1.112373504735358 1.01557764731833 1.2814220412642245 -0.21538940546978561 0.65899364800738247 -0.33854294999967194 -0.50329542683273187 0.86351510968011858 -0.30325539505274751 -0.97883926604817206 0.93795638109834212 0.021926803506391753 -0.72609988704645112 0.5137877901294301 -0.8650938053363203 1.0000000180025095e-35 0.42011657487689325 0.34771942730792599 -0.44644187726266371 1.0994984534763907 -0.88164098179135575 -0.91302186332836566 0.35415271937508069 -1.3379350199102014 0.22555533555555127 -0.98340181012624817 -0.11787099230776914 -0.25856579751646097 -0.80865627587084299 -0.45666477035085801 -0.17648611743292261
decision_type=2 2 2 2 2 2 2 2 2 2 2 2 2 2 2 2 2 2 2 2 2 2 2 2 2 2 2 2 2 2 2 2 2
left_child=1 3 20 26 5 -5 8 25 9 12 19 -11 13 14 16 -16 -4 -9 -19 -10 -3 -21 -2 -15 -7 -8 27 -1 -29 30 -30 -28 -33
right_child=22 2 6 4 -6 24 7 17 10 11 -12 -13 -14 23 15 -17 -18 18 -20 21 -22 -23 -24 -25 -26 -27 31 28 29 -31 -32 32 -34
leaf_value=-0.0090154704556493891 -0.00065153000083389794 0.00077965922039384948 3.814643715547619e-05 -0.0017330343777766052 -0.010586889514474666 0.026424431329067948 -0.0019225079548387323 -0.0012190690200081843 -0.0015601281414561444 0.0012314718446347021 -6.4071396164999789e-05 -0.0078832863270386824 -0.0062633505654502066 -0.00075261160075011679 0.0030269112495770064 -0.0040546387599372929 -0.003371468580592946 -0.00040387776106557013 0.00064859946227826713 0.00080144102551287953 -0.013804052136339326 -0.0028148958796814678 0.0023279677575521749 0.0016564091709198152 0.0016871624900657916 0.0027534397303555489 0.001067328929354907 0.00028405217961207545 -0.010553860222526544 -0.0015133764420612904 0.0050627766609744294 -0.0031079212250316075 0.0006781795911446636
leaf_weight=38 10.999999999999998 8.9999999999999982 126 11.999999999999998 9.9999999999999982 35 8.9999999999999982 80 83 15.999999999999998 182 26 22 12.999999999999998 37 9.9999999999999982 43 21 23 48 24 21 25 47 18 72 244 791 11.999999999999998 123 38 52 207
leaf_count=38 11 9 126 12 10 35 9 80 83 16 182 26 22 13 37 10 43 21 23 48 24 21 25 47 18 72 244 791 12 123 38 52 207
internal_value=0.000143754 -1.13854e-06 -0.00151485 0.00083785 0.00730955 0.0101295 -0.000991912 0.00217732 -0.00204692 8.26926e-06 -0.00428663 -0.00929977 0.00160571 0.00280823 0.000286982 0.00897552 -0.00193412 -0.000965512 0.00511647 -0.00814016 -0.0124084 -0.00211136 0.0107087 0.0104527 0.0133401 0.00750249 0.00046064 -0.000361899 2.93648e-06 -0.00427568 0.00454378 0.00220328 -0.000354575
internal_weight=2528 2492 912 1580 75 65 879 205 674 340 334 42 298 276 216 47 169 124 44 152 33 69 36 60 53 81 1505 1002 964 173 50 503 259
internal_count=2528 2492 912 1580 75 65 879 205 674 340 334 42 298 276 216 47 169 124 44 152 33 69 36 60 53 81 1505 1002 964 173 50 503 259
is_linear=0
shrinkage=0.060181


Tree=72
num_leaves=34
num_cat=0
split_feature=18 3 15 5 7 7 6 4 9 5 9 10 4 9 7 9 6 9 15 9 4 9 13 13 13 4 5 7 10 6 9 6 5
split_gain=0.65094 0.881025 0.873456 1.93731 0.868935 1.41099 0.875356 1.32272 1.09265 1.30944 1.20614 1.08467 0.847877 0.731026 0.787918 0.966578 0.859808 0.708762 1.31301 0.696478 0.617875 0.59842 0.626502 0.966664 0.587224 0.859137 0.581575 0.673338 0.765764 1.2589 0.586931 0.638558 0.559324
threshold=1.0000000180025095e-35 -0.65182146006634778 0.88625919121491659 -0.16626155242784726 0.24776698860143817 0.22213815816387586 0.17502606339432206 -0.12700598638869756 -0.3451051338425255 -0.49501265579601733 0.31636816310790566 -0.71977981365931376 -1.0364305456446015 1.7020406079723238 0.34771942730792599 -1.6945337634830031 -1.1648354292265501 1.9966085520808659 0.88625919121491659 -0.88317126183255279 -0.63126419163198622 -0.51529559107099998 -0.32237809849077359 0.29132037676688194 -0.33405728680785335 0.18075671276451433 1.1484784438646101 0.5758160182022215 0.10022334949171822 -0.79092059407653936 1.0284094218146742 0.45546218975683034 0.42814310094508806
decision_type=2 2 2 2 2 2 2 2 2 2 2 2 2 2 2 2 2 2 2 2 2 2 2 2 2 2 2 2 2 2 2 2 2
left_child=13 -2 4 -4 5 6 7 11 9 -9 -10 -3 -6 14 -1 -16 32 18 -15 20 -8 -21 -23 -24 25 -14 27 28 29 -18 31 -29 -17
right_child=1 2 3 -5 12 -7 19 8 10 -11 -12 -13 24 17 15 16 26 -19 -20 21 -22 22 23 -25 -26 -27 -28 30 -30 -31 -32 -33 -34
leaf_value=-7.5066958550400134e-06 -0.00042810741605206324 -4.6948478429737645e-05 2.9293382075234165e-05 -0.012268563030059354 -0.0061160933741995485 -0.0034044102837921131 -0.0042979509081905237 0.00027512571223858168 0.0055838955884403452 -0.0052375081357606693 -0.00014875759019690479 0.0015724204551428682 0.00059183934870084992 0.0058546457745206372 0.0042023196035644063 0.00082243015885351408 -0.002827914411764798 0.0013702002989607583 -0.01122604711891366 -0.0044673398344583131 0.0035552005585895484 -0.0013291508703089552 0.0075384755074988158 -0.0022137609665601032 0.0022053972653792455 -0.00070731869060742245 0.0068230336455651916 -0.00049393381566639131 -3.1607491581650645e-07 0.011849676438299379 0.0037895880903352878 0.0023074277502536955 -0.004168725772861784
leaf_weight=1145 305 12.999999999999998 55 28 13.999999999999998 27 9.0000000000000018 13.999999999999998 30 28 54 54 75 30 17 19 17 48 8.9999999999999982 19 12.999999999999998 62 12.000000000000002 7.9999999999999991 61 43 46 150 29 27 21 12.999999999999998 33
leaf_count=1145 305 13 55 28 14 27 9 14 30 28 54 54 75 30 17 19 17 48 9 19 13 62 12 8 61 43 46 150 29 27 21 13 33
internal_value=0.000262613 -0.000976231 0.000246214 -0.00524454 0.00123207 -0.000442273 0.000573786 0.00322853 -2.19233e-05 -0.00798013 0.00346726 0.00984252 0.00445294 0.00101252 0.000654889 0.00305183 0.00210567 0.00634144 0.0120735 -0.0031122 0.00481185 -0.00549271 -0.00214224 0.00521956 0.00578305 0.00249783 0.00344421 0.0019738 0.00671477 0.0114374 0 -0.00128133 -0.00438034
internal_weight=2528 924 619 83 536 343 316 193 126 42 84 67 193 1604 1517 372 355 87 39 123 22 101 82 20 179 118 303 257 73 44 184 163 52
internal_count=2528 924 619 83 536 343 316 193 126 42 84 67 193 1604 1517 372 355 87 39 123 22 101 82 20 179 118 303 257 73 44 184 163 52
is_linear=0
shrinkage=0.060181


Tree=73
num_leaves=34
num_cat=0
split_feature=0 5 9 4 9 2 5 10 9 11 11 4 9 5 10 9 7 7 9 11 5 12 11 0 7 4 4 12 12 10 4 2 2
split_gain=0.928982 0.930245 0.893312 0.86054 1.12922 0.778211 0.767153 1.38609 0.841354 0.679722 1.34875 1.01491 1.12619 1.47662 1.40393 1.11746 1.22248 1.6958 0.866485 0.817453 0.814744 0.804811 0.757517 0.649794 0.890043 0.65493 0.615071 0.591593 0.555148 1.13927 0.538601 0.518282 0.508343
threshold=1.01557764731833 -1.1559697047462236 -0.378867833587618 2.2003936314864236 -0.75186010074499066 -0.85143647618516605 -0.044035690055023689 0.036509940365153107 0.23047649001785228 2.4105639061886674 1.612148504309211 -1.065849358730915 -0.90573272101604829 0.81979529720529409 0.53423381601041475 -0.78160386104205093 -2.732865991286936 -2.3911482521194523 -0.036661125832480747 -0.18428614991956593 -0.5164527309989434 1.0000000180025095e-35 -0.78309770132915812 1.0000000180025095e-35 0.82868714518615982 0.29116545289921342 -1.1325320055568409 0.35096141226961375 0.86351510968011858 1.3941018469968831 -0.57808166297988517 -1.1480847865871058 -1.0926664455981683
decision_type=2 2 2 2 2 2 2 2 2 2 2 2 2 2 2 2 2 2 2 2 2 2 2 2 2 2 2 2 2 2 2 2 2
left_child=1 -1 -2 9 5 -5 7 -4 -9 10 11 18 13 14 22 23 -17 -18 19 -3 -21 -15 -13 24 -14 -25 -20 -8 29 -12 -30 -6 -16
right_child=2 3 6 4 31 -7 27 8 -10 -11 28 12 15 21 32 16 17 -19 26 20 -22 -23 -24 25 -26 -27 -28 -29 30 -31 -32 -33 -34
leaf_value=0.0027347541133274002 0.0045992088457124406 0.0077494567616833683 0.020559145801431995 0.0035710781645977834 0.00032229391471492818 -0.0053996750102299762 0.00014135891003377456 -0.0056595873811149684 0.0053677064710891172 -0.0010820770709757135 0.0059127555059424819 -0.0013967895759354847 0.0018295619339551376 -0.0054194766535000504 0.001521782940660606 0.0040409379037675604 -0.018704646982674086 4.0064850256819664e-05 -7.2537766479727019e-05 0.00128129006585589 -0.012174831987410059 -0.00018722790393175832 0.000552117149985102 0.01078057614091571 -0.010360470089980558 -0.0091735960860768791 -0.004596997984930273 -0.011265557699463821 0.0013884075660625917 1.3980413684670627e-05 -0.0066084271669006947 -0.0050549569336613958 -0.0025161713890069046
leaf_weight=38 52 19 27 16.000000000000004 14.999999999999998 7.9999999999999991 32 13.000000000000002 17 27 62 55 49 36 11.999999999999998 21 31 1465 23 9.9999999999999982 22 13.999999999999998 131 39 8.9999999999999982 8.9999999999999982 49 10.999999999999998 9.0000000000000018 40 14.999999999999998 78 74
leaf_count=38 52 19 27 16 15 8 32 13 17 27 62 55 49 36 12 21 31 1465 23 10 22 14 131 39 9 9 49 11 9 40 15 78 74
internal_value=0.000143754 -0.000127646 0.00465934 -0.000309622 -0.00526302 0.00446321 0.000608299 0.00550848 -0.00187543 -1.48035e-05 8.34474e-05 -0.000262825 4.77844e-05 -0.00315081 -0.00110211 0.000723206 0.000259119 1.89473e-06 -0.00548894 0 -0.00515064 -0.0124026 0.001602 0.00661483 0.00102302 0.0117171 -0.00958959 -0.00458059 0.0060584 0.00800513 -0.000102932 -0.00843944 -0.00741966
internal_weight=2528 2376 152 2338 117 24 100 57 30 2221 2194 2068 1945 322 272 1623 1517 1496 123 51 32 50 186 106 58 48 72 43 126 102 24 93 86
internal_count=2528 2376 152 2338 117 24 100 57 30 2221 2194 2068 1945 322 272 1623 1517 1496 123 51 32 50 186 106 58 48 72 43 126 102 24 93 86
is_linear=0
shrinkage=0.060181


Tree=74
num_leaves=34
num_cat=0
split_feature=3 9 8 8 7 0 9 3 9 5 8 9 5 8 9 10 5 6 5 3 12 7 7 16 7 13 5 9 12 7 6 10 10
split_gain=0.75941 1.86894 0.694327 0.684416 0.552663 0.512393 0.675389 1.36958 1.2483 0.915586 1.23985 1.53461 0.858677 1.00451 0.749599 0.948528 0.953468 0.731386 0.705365 0.634095 0.633166 0.604857 0.581476 0.740866 0.55067 0.518392 0.498029 0.478436 0.441947 0.439743 1.26534 0.965445 0.901934
threshold=-1.4949226099604604 -0.086027373427973883 2.3316729226004491 -0.51983604399011052 -0.56381264192133496 1.0000000180025095e-35 -1.6214746446974193 -0.042553852668379598 -1.4222159022248613 -0.69782679310411766 0.8775912371236404 0.779884982823846 -0.22133183000763718 1.3791089476888558 0.62494859644616907 1.0062251124529409 -0.58250266309298904 -0.54164403730986543 -0.84321835605418116 -0.37331408176314157 0.86351510968011858 1.5864462317900536 -0.21184337057882663 1.0000000180025095e-35 0.34771942730792599 -0.17553942699674288 1.0494725983622291 1.0703209923880617 0.35096141226961375 0.35199089904751929 -0.47932489811819695 -0.57740152250826948 0.93409910182471712
decision_type=2 2 2 2 2 2 2 2 2 2 2 2 2 2 2 2 2 2 2 2 2 2 2 2 2 2 2 2 2 2 2 2 2
left_child=1 -1 5 -3 -4 29 7 25 -8 10 11 18 14 21 22 16 -16 -12 20 -20 -10 24 -11 -24 -14 -7 28 -6 -15 -2 -31 -32 -33
right_child=2 3 4 -5 27 6 8 -9 9 12 17 -13 13 26 15 -17 -18 -19 19 -21 -22 -23 23 -25 -26 -27 -28 -29 -30 30 31 32 -34
leaf_value=-0.0048328737900172241 -0.00027479233257702391 0.0086499337547579873 -0.001473937753620083 -0.0011063530961984488 4.9919263365344189e-05 -0.0044874320573160195 -0.010197875455025809 0.0070163325446696567 0.00051125292989734816 0.00069636440867310414 0.00037612186365257609 0.0058623523414150797 -0.00023327292371438674 0.0051308542998032567 0.0014981070210086126 -0.0058758727895976293 -7.7149985367918258e-05 -0.0028164964847922852 0.0029702981658396811 -0.0029225814621363449 -0.0033157218315368747 -0.0058508963792516955 0.0037896303423053763 -0.0010485535496458612 0.00056268192753714777 0.0046117046635519455 0.00028699778926179664 0.0087859078544692236 -0.0012213717460295714 -0.00063721304513643872 0.0029053622032046643 -9.4744592156827356e-05 0.0012976945297384231
leaf_weight=48 857 10.999999999999998 9.9999999999999982 22 9.9999999999999982 22 32 40 63 118 10.999999999999998 31 287 30 22 10.999999999999998 49 32 9.9999999999999982 36 10.999999999999998 22 133 10.999999999999998 157 10.999999999999998 22 24 9.9999999999999982 190 27 111 47
leaf_count=48 857 11 10 22 10 22 32 40 63 118 11 31 287 30 22 11 49 32 10 36 11 22 133 11 157 11 22 24 10 190 27 111 47
internal_value=0.000191297 -0.00536852 0.00040636 0.00418788 0.00764486 0.000238743 0.00115521 0.00671477 0.000712773 0.00112795 -0.0024508 0 0.00199644 0.000344964 0.00433644 -3.31917e-05 0.00205476 -0.0110372 -0.0029443 -0.00854985 3.66134e-05 -0.000518661 0.00590182 0.00858134 0 -0.000899675 0.00738199 0.0112782 0.0111065 -0.000586768 0.00104071 0.00464182 0.00225197
internal_weight=2528 81 2447 33 44 2403 1171 73 1098 1066 194 151 872 528 344 82 71 43 120 46 74 466 262 144 444 33 62 34 40 1232 375 185 158
internal_count=2528 81 2447 33 44 2403 1171 73 1098 1066 194 151 872 528 344 82 71 43 120 46 74 466 262 144 444 33 62 34 40 1232 375 185 158
is_linear=0
shrinkage=0.060181


Tree=75
num_leaves=34
num_cat=0
split_feature=18 14 9 4 5 4 4 17 2 5 9 6 5 6 9 2 2 4 2 14 6 4 4 4 5 4 2 5 5 6 1 15 4
split_gain=1.00328 0.64919 1.63945 1.01942 1.00423 1.1503 0.927868 0.921002 1.36704 0.966192 0.848499 0.782052 0.856406 0.858314 0.764262 1.53866 1.32933 1.95515 1.0141 0.942974 0.901583 0.748404 0.729079 1.00424 0.711951 0.690714 0.654472 0.952286 0.63616 0.605757 0.602414 1.08911 1.20493
threshold=1.0000000180025095e-35 1.0000000180025095e-35 -0.31254035489086651 -0.009318667557343948 -0.14620478637704717 -0.95350795140593203 1.4853117423185334 1.0000000180025095e-35 -1.6064999507836686 -0.09794126494740589 -1.0313178294301146 -0.074250493372351789 -0.54324868194616649 0.26850477218182484 0.18900519848999808 -0.21538940546978561 -0.22449256080141552 2.0228434632187517 -1.1783771461870627 -0.738224098466287 0.67357917692767011 -1.1456715130181914 -0.63126419163198622 1.0000000180025095e-35 0.71013087158862009 -0.020443758516088296 0.15837868771983812 0.12136282178442527 2.045520637313333 0.11270692420265362 1.0000000180025095e-35 0.88625919121491659 -0.75058769643083378
decision_type=2 2 2 2 2 2 2 2 2 2 2 2 2 2 2 2 2 2 2 2 2 2 2 2 2 2 2 2 2 2 2 2 2
left_child=30 7 10 4 5 -4 24 8 21 11 -3 -9 13 -13 16 18 17 25 -16 -18 22 -2 29 -24 -5 -10 -17 -28 -23 -21 -1 -32 -33
right_child=1 2 3 6 -6 -7 -8 9 14 -11 -12 12 -14 -15 15 26 19 -19 -20 20 -22 28 23 -25 -26 -27 27 -29 -30 -31 31 32 -34
leaf_value=-5.3443992497974359e-05 0.00080046214520199826 2.6464194254618921e-05 -0.0037140166284603368 -0.0039460379321877579 -0.00030102863757578276 0.0050967793634601657 6.6978523861940407e-05 -0.002377299356640918 0.00062815977943766717 0.00075242547000302178 -0.0028170165936008311 0.0022269232943297784 -0.00017664248160935466 -0.0021212290984035432 0.00042460013042600758 0.0025382286476492511 -0.0020949788570875493 -0.0048603300586530594 -0.0052282586040910701 0.0034648074151162373 -0.0035697336082810829 -0.013621325333443074 0.0065457239625539764 0.00019875480754665836 0.0057647715412849181 0.0016773260959572738 0.00024485048010639221 -0.0026496545376313604 -0.0022761231262292802 -0.0044855079890213046 0.00022928940878254656 0.010339105826354065 0.00017857733107607847
leaf_weight=619 7.9999999999999991 18 10.999999999999998 26 19 33 27 45 76 100 55 13.000000000000002 28 8.9999999999999982 14.999999999999998 40 52 19 76 11.000000000000002 19 25 25 37 8.9999999999999982 32 45 22 19 9.9999999999999982 844 65 76
leaf_count=619 8 18 11 26 19 33 27 45 76 100 55 13 28 9 15 40 52 19 76 11 19 25 25 37 9 32 45 22 19 10 844 65 76
internal_value=0.000119982 -0.00143038 -0.00449175 0 0.00501225 0.0101733 -0.00554732 -0.000498801 -0.00186274 0.00289299 -0.0114284 -0.000944309 0.00342108 0.0118632 -0.00069174 -0.00359622 0.00117299 0.00578162 -0.00925399 -0.00230912 0.000596779 -0.0108742 0.00385474 0.00738199 -0.0117655 0.00919247 0.000841856 -0.00217117 -0.0139658 -0.00378443 0.00104995 0.0019813 0.00688658
internal_weight=2528 924 198 125 63 44 62 726 531 195 73 95 50 22 479 198 281 127 91 154 102 52 83 62 35 108 107 67 44 21 1604 985 141
internal_count=2528 924 198 125 63 44 62 726 531 195 73 95 50 22 479 198 281 127 91 154 102 52 83 62 35 108 107 67 44 21 1604 985 141
is_linear=0
shrinkage=0.060181


Tree=76
num_leaves=34
num_cat=0
split_feature=1 7 7 7 9 5 4 9 5 8 8 8 13 8 4 9 4 7 8 9 9 4 7 8 4 7 13 19 5 9 0 10 9
split_gain=0.685614 1.21694 1.08825 0.856314 1.18443 0.950965 0.973019 0.957546 1.49063 1.59537 1.68342 1.22359 1.15575 1.07599 1.02022 1.0779 1.54021 0.968826 0.915928 0.837337 1.53593 1.22217 0.927379 1.13977 0.821849 0.836943 0.793412 0.792809 0.907646 1.22574 0.783375 1.05209 0.953565
threshold=1.0000000180025095e-35 -0.45873443712733469 -0.37501359103130089 -0.32461022450409677 -0.51529559107099998 -1.0186951952877981 -0.56675410587583652 -0.78160386104205093 -0.7075433891486308 0.65899364800738247 0.34794360120615048 -0.35851183895213679 0.42584894298929438 -1.2111266252252293 -0.78827056907638016 -1.371227512837859 1.0000000180025095e-35 -0.043547384038842389 1.412926094645593 -0.086027373427973883 -0.70489326786399109 -0.36830390237170102 -0.7696975797697434 0.64274759938306347 1.4203422099509611 -1.9341007759829438 -0.33411967104634827 1.0000000180025095e-35 -0.18618344095573267 -0.060920745500435337 1.0000000180025095e-35 -0.72896235101877049 -1.0145173346674259
decision_type=2 2 2 2 2 2 2 2 2 2 2 2 2 2 2 2 2 2 2 2 2 2 2 2 2 2 2 2 2 2 2 2 2
left_child=27 19 -3 4 -4 6 -5 11 12 10 13 14 -9 -10 -7 -16 -17 18 -11 20 24 -22 23 -21 25 -2 -19 -1 29 -29 -13 -32 -33
right_child=1 2 3 5 -6 7 -8 8 9 17 -12 30 -14 -15 15 16 -18 26 -20 22 21 -23 -24 -25 -26 -27 -28 28 -30 -31 31 32 -34
leaf_value=-0.00038371885033475325 -0.00089992755301087344 -0.0015079040945698125 -0.0026886017130867408 -0.00031035647123222568 0.0051927064570014376 0.0049777043167325069 0.0039085291921828417 -0.0033166542841701211 -0.0011344214155103764 -0.0099286895058067186 -0.0031305665515859063 -0.003680643533870214 0.011870982934234742 -5.1578796569523006e-06 -0.00066670008628361285 3.551017926694654e-05 0.0044714096544947101 0.0016004903238922201 0.0012151767721363714 0.0015104506836666367 0.00044879523309216025 -0.0031269253742107058 0.0038837089014151205 -0.0046026468530629009 -0.0069932862104819457 0.0023747758308700806 -0.0044859422941043274 0.0022813991501574845 0.0037261457311565729 -0.01249128198608623 0.0024988507896968552 -0.0054004713098703581 0.0027649447043816863
leaf_weight=741 9.9999999999999982 67 18 17 41 30 19 93 28 19 52 33 8.9999999999999982 497 47 40 29 125 21 68 44 47 118 30 10.999999999999998 92 25 23 41 30 17 26 20
leaf_count=741 10 67 18 17 41 30 19 93 28 19 52 33 9 497 47 40 29 125 21 68 44 47 118 30 11 92 25 23 41 30 17 26 20
internal_value=0.000191297 0.000906196 0 0.00040037 0.00725509 0 0.00918912 -0.000299512 -0.00127915 -0.000277023 -0.00192246 0.00295196 -0.00800513 -0.000745393 0.00645528 0.00304276 0.00791361 0.00436651 -0.00282549 0.0037005 0.000593453 -0.00480104 0.00631593 0.00121258 0.00544356 0.00743526 0.00667897 -0.00118748 0.0037286 -0.000581792 -0.00184113 0.001398 -0.00248373
internal_weight=2528 1693 1273 1206 59 1147 36 1111 869 767 577 242 102 525 146 116 69 190 40 420 204 91 216 98 113 102 150 835 94 53 96 63 46
internal_count=2528 1693 1273 1206 59 1147 36 1111 869 767 577 242 102 525 146 116 69 190 40 420 204 91 216 98 113 102 150 835 94 53 96 63 46
is_linear=0
shrinkage=0.060181


Tree=77
num_leaves=34
num_cat=0
split_feature=18 0 11 5 10 2 10 6 10 3 5 11 10 10 5 2 5 6 5 6 6 7 10 10 3 3 14 7 7 15 7 10 5
split_gain=0.962444 1.10978 0.870961 0.814692 1.25917 0.765019 1.17133 1.69922 1.34248 1.18719 2.82701 1.66967 1.42319 1.39147 1.21845 1.19249 1.15826 0.995676 1.05455 0.769088 0.733437 0.723795 0.683849 1.05543 1.28149 0.846063 0.940135 0.736482 0.72474 0.703959 0.666378 0.981187 0.732317
threshold=1.0000000180025095e-35 1.01557764731833 1.612148504309211 0.24236073042078624 0.36309302328875931 -0.54275510494929147 -1.1059096613797432 0.081547354606819361 -0.0029732523128100491 0.35392370833355769 -0.7183463406599836 0.8137331024297545 0.18956339647948464 -0.29513799766763377 -1.0237405522185019 1.1813001981504991 -0.31121947047492332 -0.10541006296818604 -0.41293124081651128 1.0474940120776812 -1.0401971508432133 0.36309672557046335 -0.21418478266601784 0.59894880030640241 -0.40804215766498347 0.41429816774598516 -0.738224098466287 0.93205676128432313 0.24776698860143817 0.88625919121491659 -0.64667919366944948 0.8886293643662263 -0.64752046005547004
decision_type=2 2 2 2 2 2 2 2 2 2 2 2 2 2 2 2 2 2 2 2 2 2 2 2 2 2 2 2 2 2 2 2 2
left_child=1 2 5 4 -3 -1 16 8 17 10 -9 12 14 -12 -11 -13 20 -8 -19 -14 -7 -10 25 -24 27 -2 -27 29 -28 -25 -4 -32 -33
right_child=22 3 30 -5 -6 6 7 9 21 11 13 15 19 -15 -16 -17 -18 18 -20 -21 -22 -23 23 24 -26 26 28 -29 -30 -31 31 32 -34
leaf_value=0.00050765217974165281 -0.00061058933957945985 0.040203366753106595 -0.00014573852799771661 -0.0015301201577101037 -0.00091709646421718038 0.0027225982864532731 -0.00063149376031869202 -0.00099688840685756308 -0.005088680836131519 0.0032678857072847836 -0.0012036324334467571 -0.0044682946917712881 0.0022682025011774502 0.0061530602198710156 -0.0016983616507765642 0.00037578594454722619 1.676146005522423e-05 -0.00064558855488710458 0.015415780710369874 -0.0013478049351622837 0.010613545361166564 0.00015779131525920265 0.00031409715415277014 -0.0073956272799849277 9.2661168621966392e-05 0.0040389541784499076 -0.00045770081936374868 0.00016497588247314167 0.0008382780154862821 -0.0011663982322173698 0.014147051101466525 -0.0027457899774647422 0.0013398922234705588
leaf_weight=428 298 35 32 25 17 15.999999999999998 194 33 132 15.999999999999998 25 64 77 96 90 23 98 17 20 32 36 21 275 48 160 19 69 26 14.999999999999998 13.999999999999998 28 11.999999999999998 37
leaf_count=428 298 35 32 25 17 16 194 33 132 16 25 64 77 96 90 23 98 17 20 32 36 21 275 48 160 19 69 26 15 14 28 12 37
internal_value=2.48942e-05 0.000937648 0.000532655 0.0078748 0.0119565 8.6665e-05 -0.000790248 -0.00171548 -0.00466525 0.000660887 0.00498206 -0.00138777 0.00125183 0.00944086 -0.00332038 -0.00833409 0.00393642 -0.00142298 0.0067396 0.00617138 0.0108742 -0.00904889 -0.00149525 0 -0.00288156 -0.00335368 0.000873445 -0.0085716 -0.00140636 -0.0119687 0.00563693 0.00862142 0.00177007
internal_weight=2528 1604 1527 77 52 1418 990 840 384 456 154 302 215 121 106 87 150 231 37 109 52 153 924 523 248 401 103 88 84 62 109 77 49
internal_count=2528 1604 1527 77 52 1418 990 840 384 456 154 302 215 121 106 87 150 231 37 109 52 153 924 523 248 401 103 88 84 62 109 77 49
is_linear=0
shrinkage=0.060181


Tree=78
num_leaves=34
num_cat=0
split_feature=18 0 10 11 11 5 8 5 10 10 11 2 8 13 2 2 8 2 4 8 8 4 11 8 10 10 2 5 2 10 2 4 13
split_gain=0.845653 1.03015 0.928691 0.942667 0.874322 1.21553 0.868621 0.814692 1.25917 0.808658 0.783835 0.726962 1.19189 0.770712 0.724466 0.710361 0.752436 0.711229 0.680489 0.639732 0.681268 0.911537 1.53233 0.725707 1.06951 0.83494 0.720393 0.928563 0.713613 1.37423 1.11331 0.941517 0.830038
threshold=1.0000000180025095e-35 1.01557764731833 -0.56224103020678806 0.21492155102016219 0.61412925195989043 1.7251647049085772 -0.66147292729822549 0.24236073042078624 0.36309302328875931 -0.82620848536448277 1.612148504309211 -0.35063155863749201 -0.65360012708763238 -0.18843625396651872 -0.62557041449453632 -0.025024619954776596 -0.74531251763407413 -0.68670133497018593 2.2911857679507306 -1.4930418562486785 -0.87294278602033704 -0.4490207211994785 -0.38389000038943 -0.51983604399011052 -0.38390682039496643 0.036509940365153107 0.95469025453618039 0.039872093207392406 -0.77882798733465475 -0.60055800914402568 -0.22449256080141552 -0.1526557670572328 -0.28246118460013653
decision_type=2 2 2 2 2 2 2 2 2 2 2 2 2 2 2 2 2 2 2 2 2 2 2 2 2 2 2 2 2 2 2 2 2
left_child=1 10 3 9 5 6 15 8 -3 -2 19 -12 -13 -14 -5 16 17 -4 -8 -1 21 22 -21 24 -22 -26 27 -27 32 -30 -31 -32 -23
right_child=2 7 4 14 -6 -7 18 -9 -10 -11 11 12 13 -15 -16 -17 -18 -19 -20 20 23 28 -24 -25 25 26 -28 -29 29 30 31 -33 -34
leaf_value=0.0021135512839503558 -0.00014320216492865178 0.037783888398042621 -0.0015269005029165271 0.0027947277281825567 -0.00046247462109730802 -0.0073716060766513807 0.00039537909898576746 -0.0014380360139874676 -0.00086190469238608069 -0.003191809766287673 -0.00040878679887974281 -7.6177392495602804e-05 0.0092708330147930063 -0.0006241569923961021 -0.00063931977738425881 -0.00030327574982565153 -0.0053798178278759408 0.0040675367285377857 -0.012335209138053404 0.0084821178706597864 0.0039795343397557937 0.013288485112211323 -0.0051189239479732538 -1.619398795637317e-05 -0.008095485924695495 0.0019496633451368682 -0.0015673110795880667 -0.0092469143067357359 -0.0036569026218144763 0.013632241607454566 -0.00221888446737491 0.00053912119073229632 -0.0097225456424022
leaf_weight=14.999999999999998 170 35 31.999999999999996 15.999999999999998 194 32 260 25 17 84 18 35 47 8.9999999999999982 35 56 11.999999999999998 24.000000000000004 8.9999999999999982 41 117 8.0000000000000018 67 898 40 69 20 8.9999999999999982 51 9.9999999999999982 32 31 9.9999999999999982
leaf_count=15 170 35 32 16 194 32 260 25 17 84 18 35 47 9 35 56 12 24 9 41 117 8 67 898 40 69 20 9 51 10 32 31 10
internal_value=0.000310157 0.00116226 -0.00110599 -0.00381191 0.000149554 0.00176177 0.00281437 0.0078748 0.0119565 -0.00538425 0.000768566 0.00563693 0.00798172 0.0131735 0.00280736 -0.000965512 0.00256108 0.00610574 0.00475683 0.000340664 0.000151766 -0.00262154 0.00110393 0.00080896 0.00361806 0 0.00298951 0.00593461 -0.00580598 -0.00756823 -0.00121551 -0.00501225 0.00291714
internal_weight=2528 1604 924 305 619 425 393 77 52 254 1527 109 91 56 51 124 68 56 269 1418 1403 250 108 1153 255 138 98 78 142 124 73 63 18
internal_count=2528 1604 924 305 619 425 393 77 52 254 1527 109 91 56 51 124 68 56 269 1418 1403 250 108 1153 255 138 98 78 142 124 73 63 18
is_linear=0
shrinkage=0.060181


Tree=79
num_leaves=34
num_cat=0
split_feature=0 10 4 5 13 1 7 11 7 7 5 4 7 9 16 11 10 5 9 9 9 9 10 12 4 7 9 9 9 5 5 9 4
split_gain=0.831168 0.853928 0.879612 0.840081 1.09194 0.850697 1.11267 1.35427 0.887264 0.765199 0.899543 0.973019 0.854625 1.21813 0.940231 0.837184 0.826135 0.716683 0.709848 0.907041 0.67638 1.30826 0.810826 0.617768 1.25914 1.53179 0.804024 0.772927 0.880501 1.14261 1.03022 0.975036 1.30543
threshold=2.0956703239782959 0.8886293643662263 0.42011657487689325 2.239979907126203 0.47950426480585656 1.0000000180025095e-35 -0.45873443712733469 0.61412925195989043 -0.38184794581465037 -0.32461022450409677 -1.0186951952877981 -0.56675410587583652 0.22982680729514457 -1.6945337634830031 1.6165153522599058 0.21492155102016219 -0.81945515433360827 -0.76648213558703227 -0.85933666562035305 0.46185499740993391 1.7386313776258162 1.9966085520808659 -0.99938535613924373 0.35096141226961375 0.2061959111606517 -0.011084198817930598 0.23047649001785228 1.4839219002231452 0.890479504942287 -0.7602238804950231 -0.78974731983922719 0.25150224294226831 -0.29969850313959878
decision_type=2 2 2 2 2 2 2 2 2 2 2 2 2 2 2 2 2 2 2 2 2 2 2 2 2 2 2 2 2 2 2 2 2
left_child=3 2 -2 5 18 20 7 -7 -8 -10 11 -11 14 15 16 -14 -12 -15 -5 -20 23 -22 -23 27 25 -25 -27 28 30 -30 -1 -32 -33
right_child=1 -3 -4 4 -6 6 8 -9 9 10 12 -13 13 17 -16 -17 -18 -19 19 -21 21 22 -24 24 -26 26 -28 -29 29 -31 31 32 -34
leaf_value=0.00072043395018768041 0.0060606109283814847 -0.0027968337115418132 -7.2200644669808835e-05 -0.0076633863455111409 0.017208741828932936 0.0013357005587903894 -0.0014483936745705826 1.2987710443340294e-05 0.0016792617639871746 -0.00010276973623613978 0.00031603201826807911 0.0034198584515029067 0.0045367748911080939 -0.0012074108055667955 0.0063535411067274852 -0.004722168880324438 -0.00060910258326335117 0.00015648900057561339 0.00014414883804748826 -0.0033576483797738148 0.0049746334724440214 0.010766047484712086 -0.0057035865197785467 -0.0023173346489955013 -0.0057348341401817849 0.00025873625131578272 0.002256999134824713 -0.014688633888307953 -0.01653599594326103 0.003989757975760652 -8.9699476055361482e-05 -0.017766149334303042 -0.00012995431906584367
leaf_weight=68 36 7.9999999999999991 14.999999999999998 12.999999999999998 7.9999999999999991 230 62 178 52 17 80 19 21.000000000000004 35 11.999999999999998 8.9999999999999982 330 543 48 26 18 10.000000000000002 21 152 55 64 31 18 7.9999999999999991 30 246 31 34
leaf_count=68 36 8 15 13 8 230 62 178 52 17 80 19 21 35 12 9 330 543 48 26 18 10 21 152 55 64 31 18 8 30 246 31 34
internal_value=0.000381472 0.00725509 0.0105223 0.000183692 -0.00521661 0.000431492 0.00124957 0.0039546 0.000256628 0.000700064 0.00028398 0.00918912 -2.74897e-06 0.00138223 -0.0021277 0.0126207 -0.00277144 0.00062573 -0.00766988 -0.00391405 -0.00114685 0.00520217 -0.000951673 -0.00166965 -0.00375087 -0.00157227 0.00399595 -7.50833e-05 0.000364461 0.00874738 -0.000400659 -0.00201759 -0.00837501
internal_weight=2528 59 51 2469 95 2374 1588 408 1180 1118 1066 36 1030 608 422 30 410 578 87 74 786 49 31 737 302 247 95 435 417 38 379 311 65
internal_count=2528 59 51 2469 95 2374 1588 408 1180 1118 1066 36 1030 608 422 30 410 578 87 74 786 49 31 737 302 247 95 435 417 38 379 311 65
is_linear=0
shrinkage=0.060181


Tree=80
num_leaves=34
num_cat=0
split_feature=2 2 6 4 8 2 6 4 8 5 6 8 9 2 10 8 8 9 4 4 6 13 13 15 9 6 2 4 8 9 4 13 5
split_gain=1.12011 1.17849 1.6309 1.11286 1.10247 0.868485 1.32665 0.922306 0.858586 1.05925 0.834475 0.791074 1.00028 0.979505 0.737599 0.707387 1.10495 0.624035 0.74947 0.884608 0.946256 0.604381 0.950632 1.12928 0.822863 0.831952 1.045 1.4222 1.2687 1.23235 1.07325 1.36193 1.05809
threshold=0.78648687318898869 0.60705559624206662 0.23734520258599057 -0.47106593211266035 -0.23190408938571208 2.1922930733376207 -0.51048446771403111 0.095777543781269167 1.082032558742797 -0.97059567761952081 -0.23004834135152297 -1.1372934129054768 -0.79070591143695002 1.4262444454159262 0.65072405188182347 -0.5398630235360079 0.62285889867506772 -0.87731254037155415 -0.65107684712268898 -0.51393390930867633 0.36198348096932759 4.3864087763499127 2.3101294907035324 0.88625919121491659 1.2339744842072349 1.0474940120776812 -0.16731763273310926 0.9879876948050127 1.6244915963691415 0.54972844088315587 1.2663345158079193 -0.17553942699674288 -1.0641829808912437
decision_type=2 2 2 2 2 2 2 2 2 2 2 2 2 2 2 2 2 2 2 2 2 2 2 2 2 2 2 2 2 2 2 2 2
left_child=1 21 4 8 10 6 15 11 9 -2 -3 -8 -13 -14 -7 -5 -17 -11 -19 20 -20 22 24 -24 25 26 28 -28 29 32 31 -29 -1
right_child=3 2 -4 5 -6 14 7 -9 -10 17 -12 12 13 -15 -16 16 -18 18 19 -21 -22 -23 23 -25 -26 -27 27 30 -30 -31 -32 -33 -34
leaf_value=0.0047356778702668913 -0.0017724337254731138 -0.0043517297498868544 -0.0039549317083953563 0.00040589845686664469 0.0034083539622462981 -0.00046819842754267419 -0.0081344921434424924 0.0078795024159263836 -0.0010801901634366346 0.00028155593415084035 0.0037414938507580012 0.0075761548460112011 -0.00064172450514090229 0.0015986171651252551 -0.0057501645796972896 -0.0068872573204403374 0.0014165357996747056 0.0067339839779873662 -0.01485055028417475 0.0047171051685337174 0.0011181701181833391 0.007498369219450355 -0.0046979051513060368 0.0066655730724680222 0.0002794327742495857 0.00093209802057838038 -0.00054990879429657599 0.0060429262922904736 -0.0024619528546689297 -0.0026458934576039277 -0.0001242226045084503 -0.00092484895045586877 0.0002841152649769348
leaf_weight=13.999999999999998 11.999999999999998 27 35 38 28 44 14.999999999999998 30 13.999999999999998 21 12.999999999999998 37 107 46 12.999999999999998 31 22 41 9.9999999999999982 22.000000000000004 21 24 33 7.9999999999999991 224 113 452 48 80 121 101 10.999999999999998 672
leaf_count=14 12 27 35 38 28 44 15 30 14 21 13 37 107 46 13 31 22 41 10 22 21 24 33 8 224 113 452 48 80 121 101 11 672
internal_value=0.000262613 -0.000361134 -0.00651872 0.00274294 -3.96814e-05 0.000863511 0.00219965 0.004678 0.00730275 0.00900714 -0.00696599 0.00275431 0.00405567 0.00136315 -0.00550848 -0.00352877 -0.00802412 0.0109333 0.0129773 0.00589774 0 0 -0.000145515 -0.00883365 3.42586e-05 -0.000411507 -0.000822939 -0.00274187 0.000442416 0.0012285 0.00185659 0.00821638 0.00227311
internal_weight=2528 2004 103 524 68 383 326 235 141 127 40 205 190 153 57 91 53 115 94 53 31 1901 1877 41 1836 1612 1499 612 887 807 160 59 686
internal_count=2528 2004 103 524 68 383 326 235 141 127 40 205 190 153 57 91 53 115 94 53 31 1901 1877 41 1836 1612 1499 612 887 807 160 59 686
is_linear=0
shrinkage=0.060181


Tree=81
num_leaves=34
num_cat=0
split_feature=0 10 3 9 3 5 19 9 4 4 5 2 11 4 11 10 10 13 2 5 5 3 5 10 3 3 5 11 5 2 5 5 4
split_gain=0.674773 0.813878 0.704715 1.14246 0.683091 0.65447 0.61632 0.792454 0.779477 0.801279 1.13527 1.75776 1.13609 0.965089 0.914024 1.01065 0.963915 1.68149 0.919054 0.886443 0.807094 0.626016 1.80347 0.918543 0.734085 0.614706 0.830121 1.18907 0.692217 0.58109 0.626605 0.534035 0.747679
threshold=2.0956703239782959 -0.41519158487793978 -1.4949226099604604 -0.086027373427973883 -1.0084583183143951 -0.51410028920055839 1.0000000180025095e-35 -1.8655880814435755 -1.065849358730915 -0.8257331886913889 -0.17772098608836223 -0.54275510494929147 -0.98270155179902219 -0.96947746718373395 -0.58349385085929406 0.913592007711164 -0.069769268150067634 2.3101294907035324 2.5227503947050107 -0.95721358054101291 -0.71241959964425283 -0.48938058852909977 -0.14620478637704717 -0.61530933880482541 -0.73204737937949349 0.4275359902762953 -0.23464772594564892 -0.18428614991956593 -0.7048546850540055 0.0082327034545126004 -0.39479095204944287 -0.16626155242784726 2.1679617081371565
decision_type=2 2 2 2 2 2 2 2 2 2 2 2 2 2 2 2 2 2 2 2 2 2 2 2 2 2 2 2 2 2 2 2 2
left_child=2 -2 3 -1 31 -3 7 29 25 10 11 -10 -12 -14 15 19 17 -16 -18 -11 -13 22 -8 -23 -24 26 28 -28 -9 -6 -31 32 -4
right_child=1 5 4 -5 6 -7 21 8 9 14 12 20 13 -15 16 -17 18 -19 -20 -21 -22 23 24 -25 -26 -27 27 -29 -30 30 -32 -33 -34
leaf_value=-0.004998182338973315 0.0050150308363861775 -0.0021232321703606367 0.0042241579228241939 0.00097162039725591965 -0.00049290079483000097 0.0022441306678418218 -0.020607194569315736 -0.00076799949977746865 0.0033757173089707351 0.0038185789066357135 0.0087864464043453279 -0.00057974369632089664 0.00044855722055463872 -0.0040829675925268608 0.00030831655920385363 0.0011714209444343574 -0.00011013713636676183 -0.014502215098306999 -0.0027428406679022902 -0.00077226962990213286 0.0032643475970960123 -0.0023823950762756258 0.0061848758779382493 0.0030157712207064943 -0.00073160859364317132 -0.001342048269500716 0.0023517616968865992 -0.0098992480130971928 0.00068080787258198374 0.0070883765587100708 0.007412737034377493 0.00020948614674615824 -0.00058314593059086714
leaf_weight=47 25 12.999999999999998 77 32 21 21 15.999999999999998 17 28 19 23 60 62 83 366 15.999999999999998 702 14.999999999999998 14.999999999999998 396 59 9.9999999999999982 12.999999999999998 58 8.0000000000000018 22 10.999999999999998 23 49 15.000000000000002 15.999999999999998 160 30
leaf_count=47 25 13 77 32 21 21 16 17 28 19 23 60 62 83 366 16 702 15 15 396 59 10 13 58 8 22 11 23 49 15 16 160 30
internal_value=0.000119982 0.00629379 -1.33187e-05 -0.0054985 0.000152042 0 -0.00018528 -0.000447939 -0.00067365 -0.000327262 0.00237004 0.00621262 -0.000717951 -0.00305643 -0.000924632 -0.00326066 0 0.00243275 -0.00129842 -0.00396035 0.00223203 0.00418215 -0.000811046 0.00760389 0.00867637 -0.00529307 -0.00235092 -0.00967784 0.000905439 0.00654496 0.0113864 0.00301283 0.00628297
internal_weight=2528 59 2469 79 2390 34 2123 2018 1966 1844 315 147 168 145 1529 431 1098 381 717 415 119 105 37 68 21 122 100 34 66 52 31 267 107
internal_count=2528 59 2469 79 2390 34 2123 2018 1966 1844 315 147 168 145 1529 431 1098 381 717 415 119 105 37 68 21 122 100 34 66 52 31 267 107
is_linear=0
shrinkage=0.060181


Tree=82
num_leaves=34
num_cat=0
split_feature=18 5 10 14 2 6 5 2 1 6 10 6 5 9 3 5 5 5 2 2 3 10 9 6 6 2 5 6 2 9 6 5 3
split_gain=1.09068 0.759626 0.969806 1.55176 1.34309 0.848547 0.95213 0.686263 1.17987 0.914177 0.991221 0.825471 1.34814 1.51866 0.802122 1.10802 1.23232 1.10448 0.862773 3.05115 0.895283 0.782988 0.696188 0.688902 0.676754 0.74743 0.631738 0.622462 1.08235 1.08508 1.00438 0.931726 0.921717
threshold=1.0000000180025095e-35 2.588003491115499 -1.1059096613797432 -0.738224098466287 -1.0266085614723386 -0.29236748054319145 -0.09794126494740589 -0.78592486152974683 -1.4759321159128549 0.081547354606819361 -0.042568971875159345 -0.23004834135152297 -0.50161200803694039 -0.70489326786399109 -0.44881620846372683 -0.68215361783426121 -0.73026865548599929 -0.61479346138693536 0.78648687318898869 0.30202974838214497 1.1656671948162527 0.8886293643662263 -0.93703533685373908 -0.47932489811819695 1.016334442481847 -1.3819680303418578 0.10665614093846952 0.48662175935266461 -0.3050148239043744 1.1129823073903073 0.36198348096932759 -1.0305524190386965 0.60758794015161
decision_type=2 2 2 2 2 2 2 2 2 2 2 2 2 2 2 2 2 2 2 2 2 2 2 2 2 2 2 2 2 2 2 2 2
left_child=1 2 3 -1 -5 6 -6 8 -4 10 11 -9 13 -13 -11 16 21 -17 19 -19 -20 -16 23 -10 25 -24 -8 30 -29 -30 31 -2 -33
right_child=27 -3 7 4 5 -7 26 9 22 14 -12 12 -14 -15 15 17 -18 18 20 -21 -22 -23 24 -25 -26 -27 -28 28 29 -31 -32 32 -34
leaf_value=-8.147219591871938e-05 0.0014506803932465709 -0.0027737372762405943 -0.012281142205632334 -0.0033402244157864198 0.017296541911843929 -0.00028446376860494525 -0.0017437331676609649 -0.00049032297981449425 -0.0033281179605156347 0.004309659300119853 -0.0013954845235963165 0.013289877524775978 0.013424293162699455 -0.0013409013028593945 0.00022578321276611814 0.009767762885610461 -0.0011717251559948691 0.0024707485615937039 0.0073532899520144281 -0.0045249146495946477 0.00013867270171256544 -0.00087806359588871565 0.0001228768585196083 0.00065910921796674096 -0.011541765098426204 0.0024557727397607619 0.0036358965974318883 0.00048005443207791885 -0.0017552350526088372 0.0012257104783493123 0.002243059274807517 -0.00018422710176411073 0.00026414263886247419
leaf_weight=93 14.999999999999998 33 23 18 49 12.999999999999998 17 215 17 72 200 11.000000000000002 33 14.999999999999998 115 17 21 134 45 80 106 44 52 19 11.999999999999998 129 21 44 86 11.999999999999998 30 620 117
leaf_count=93 15 33 23 18 49 13 17 215 17 72 200 11 33 15 115 17 21 134 45 80 106 44 52 19 12 129 21 44 86 12 30 620 117
internal_value=-2.48942e-05 0.000900212 0.00112929 0.00492073 0.00942632 0.0122258 0.0143121 0.000487555 0.00330736 -0.000110834 -0.00214805 1.02353e-05 0.00629379 -0.00212883 0.00132586 0.000430629 -0.00329323 0.00234841 0.00139548 -0.000842743 0.00488411 -0.000942742 0.00479867 -0.00159131 0.00628955 0.0073504 0.00440783 -0.00168989 -0.00539266 -0.00891259 -0.000922873 -0.00143739 -0.00183217
internal_weight=2528 1604 1571 211 118 100 87 1360 252 1108 474 274 59 26 634 562 180 382 365 214 151 159 229 36 193 181 38 924 142 98 782 752 737
internal_count=2528 1604 1571 211 118 100 87 1360 252 1108 474 274 59 26 634 562 180 382 365 214 151 159 229 36 193 181 38 924 142 98 782 752 737
is_linear=0
shrinkage=0.060181


Tree=83
num_leaves=34
num_cat=0
split_feature=5 10 11 11 11 4 4 8 11 11 5 4 5 4 13 1 8 15 16 9 13 12 8 15 9 12 2 12 6 6 5 12 4
split_gain=0.623137 0.905158 0.639136 1.08933 1.16785 0.968754 0.943508 1.03124 0.782947 0.762199 0.806993 0.753492 0.781488 0.650905 0.628952 0.555865 1.0002 0.893876 0.885348 0.639675 1.16045 0.933519 0.803156 0.881006 0.749322 0.739667 0.550874 0.890505 0.842627 1.01164 1.58744 0.985592 0.941971
threshold=-1.1559697047462236 0.7825763549315784 2.4105639061886674 1.612148504309211 1.8117523547790746 -0.95350795140593203 -1.0494658727248389 -1.1943677709397253 -0.18428614991956593 2.2109600557188034 -0.60350513862027333 -0.12700598638869756 0.35289431382770442 -1.0850200202837006 1.473971236041012 1.0000000180025095e-35 -1.1943677709397253 1.0000000180025095e-35 1.6165153522599058 -0.38773313862885356 -0.33588014603357419 0.86351510968011858 -0.55684774083431698 1.0000000180025095e-35 -0.60264200614397156 1.0000000180025095e-35 0.15429639164412573 -0.67414598255139557 1.2032918600568523 0.050387785010985106 -0.14992811538447101 -0.67414598255139557 -0.85656840695894554
decision_type=2 2 2 2 2 2 2 2 2 2 2 2 2 2 2 2 2 2 2 2 2 2 2 2 2 2 2 2 2 2 2 2 2
left_child=1 -1 3 6 11 -6 7 -2 13 10 -7 12 -5 -9 -10 26 17 -17 19 20 24 -22 23 -21 -18 -24 28 -28 29 32 -31 -32 -8
right_child=2 -3 -4 4 5 9 15 8 14 -11 -12 -13 -14 -15 -16 16 18 -19 -20 22 21 -23 25 -25 -26 -27 27 -29 -30 30 31 -33 -34
leaf_value=0.0051906843885135383 0.013518984094714609 -0.0016542080901465795 -0.00065126495243845279 0.0063923998973213075 0.0050792978834267094 -0.00541619135203158 -0.0060882405386386172 0.003153211379454483 -0.0054114652436115084 0.0084027904005623492 -0.00026362022457260829 -0.0043314939284950747 5.7973066685709718e-05 -0.0025143900301043943 0.0008554535823451884 -0.0041665912339187063 -0.00030700271735783005 2.0452575932632365e-05 0.0063343118584607396 0.0028464034369501904 0.00011447808745502349 0.0037689769273169019 -0.00014620183483668691 0.00013855073674871207 -0.0016387935818279707 0.0004284741034398084 -0.0041775480018480336 -0.0001325798783178258 -0.011914816380952441 0.00021219535581923211 -0.0046755627262133389 0.014230681170745338 0.0001031541737947146
leaf_weight=32 7.9999999999999991 7.9999999999999991 27 36 20 14.999999999999998 54 33 78 8.9999999999999982 32 7.9999999999999991 14.999999999999998 15.999999999999998 7.9999999999999991 46 219 47 42 103 152 31 402 114 65 256 81 171 15.999999999999998 91 8.9999999999999982 29 255
leaf_count=32 8 8 27 36 20 15 54 33 78 9 32 8 15 16 8 46 219 47 42 103 152 31 402 114 65 256 81 171 16 91 9 29 255
internal_value=-0.000119982 0.00696599 -0.000266829 -0.000135452 0.00501372 0 -0.000466216 -0.00515063 -0.00675049 -0.00408638 -0.00778627 0.0111003 0.0138287 0 -0.0101062 -0.000125151 0.000509997 -0.00532461 0.000956197 0.00062825 -0.00109302 0.00243402 0.00161289 0.00478689 -0.00356712 0.000459106 -0.00153057 -0.00377825 -0.000137722 0.00027899 0.00478674 0.0145334 -0.00145295
internal_weight=2528 40 2488 2461 135 76 2326 143 135 56 47 59 51 49 86 2183 1477 93 1384 1342 467 183 875 217 284 658 706 252 454 438 129 38 309
internal_count=2528 40 2488 2461 135 76 2326 143 135 56 47 59 51 49 86 2183 1477 93 1384 1342 467 183 875 217 284 658 706 252 454 438 129 38 309
is_linear=0
shrinkage=0.060181


Tree=84
num_leaves=34
num_cat=0
split_feature=0 19 9 9 2 6 4 9 2 4 10 4 6 7 10 2 9 10 9 6 2 2 13 13 2 6 2 6 10 9 13 4 6
split_gain=0.513591 0.777613 0.783939 0.817231 1.46896 0.99119 1.04393 0.939844 0.898313 0.830922 0.920281 0.796509 0.791337 0.907605 0.781626 0.765194 1.38437 0.941572 0.684567 1.08957 0.667305 1.17709 1.65557 1.36325 0.798246 1.1534 0.96335 1.24368 1.07474 0.844631 1.09695 1.15582 0.956392
threshold=1.0000000180025095e-35 1.0000000180025095e-35 -1.8655880814435755 -0.4420685702578554 -0.78592486152974683 1.764164112781869 2.2003936314864236 -0.56550728126407301 -1.3819680303418578 -0.78827056907638016 -0.25685480542850714 -0.71390802067129389 -0.97787801165154475 -0.30325286580612903 1.0666274251646402 -0.48876784675032764 -0.077928693723444534 0.38973011248583628 0.779884982823846 1.1721322904610181 2.1922930733376207 1.1347703421626216 0.16228985594790016 -0.30807487347089119 -0.034243098836209594 0.98517487288601269 0.18639949566761344 -0.41700575892652841 -1.0765361359636354 -1.2608443780645346 -0.32078618360141403 -0.2887628749238787 0.14386649379848784
decision_type=2 2 2 2 2 2 2 2 2 2 2 2 2 2 2 2 2 2 2 2 2 2 2 2 2 2 2 2 2 2 2 2 2
left_child=1 2 -1 4 9 6 8 11 -5 -4 -11 -6 -13 -14 -9 16 -10 -18 19 -17 21 24 23 -23 25 29 27 -26 -28 -2 32 -32 -31
right_child=20 -3 3 5 7 -7 -8 14 15 10 -12 12 13 -15 -16 18 17 -19 -20 -21 -22 22 -24 -25 26 -27 28 -29 -30 30 31 -33 -34
leaf_value=0.0047534186305671928 -0.0026995324152543801 0.0013468243596644744 -0.0031340364517267369 -0.0038351775347696192 -0.0013181241716421078 -0.005593899741876341 -0.0056355789576829412 -0.0043941827392265124 0.0028174239462631172 -0.00032504492800732916 0.0037273541995266612 -0.013894806417834105 -0.00046655917340190678 0.00036886827830133267 0.0020400672121870691 -0.00049903993974179854 -0.00023542029413835676 0.0022940511343148649 0.00017454255766229671 0.00068350071162934743 -0.00097067752817902176 0.003683160236639108 0.011736247768604404 -0.00091220724000697691 -0.0059689137902628753 0.010349657485472792 0.0066143072338870935 -9.529233687703123e-05 -0.0001835725978072419 0.00038661097445096075 -0.0026888305613143055 0.00032970566675516 -0.00029625811239922343
leaf_weight=30 61 99 33 64 47 20 44 33 37 27 26 22 85 69 9.9999999999999982 303 123 48 157 22 48 89 24 26 41 25 41 80 318 262 75 73 66
leaf_count=30 61 99 33 64 47 20 44 33 37 27 26 22 85 69 10 303 123 48 157 22 48 89 24 26 41 25 41 80 318 262 75 73 66
internal_value=-0.000191297 -0.00104169 -0.00150238 -0.00179718 -0.00423889 -0.000662692 -0.000228772 -0.00648391 0.000242058 0.0020466 0.00696093 -0.00439457 -0.00202627 -1.80284e-05 -0.0149112 0.000958518 0.00399508 0.00122262 -0.000253711 -0.00193163 0.000661433 0.00099305 0.00613913 0.0023073 0.000232942 0.00181384 -0.00149919 -0.00606002 0 0.00106281 0.00201361 -0.00200355 0.00400123
internal_weight=2528 1299 1200 1170 352 818 798 266 754 86 53 223 176 154 43 690 208 171 482 325 1229 1181 139 115 1042 562 480 121 359 537 476 148 328
internal_count=2528 1299 1200 1170 352 818 798 266 754 86 53 223 176 154 43 690 208 171 482 325 1229 1181 139 115 1042 562 480 121 359 537 476 148 328
is_linear=0
shrinkage=0.060181


Tree=85
num_leaves=34
num_cat=0
split_feature=5 12 8 10 2 10 2 2 2 5 5 8 7 5 10 12 6 5 14 6 6 7 7 8 8 5 7 14 7 7 12 8 8
split_gain=1.0077 0.793016 0.753117 1.42654 0.579796 1.11067 0.959394 0.796604 1.80352 0.749717 0.967909 0.961118 0.747921 0.724346 0.711879 0.830663 1.24611 1.12266 1.22986 0.760186 0.927024 0.817829 0.720412 1.66543 0.976265 0.66667 0.638023 0.892445 0.63154 0.620381 0.74801 0.645149 0.791338
threshold=2.8104254584366415 1.0000000180025095e-35 -1.4576733354553082 -0.68601745342419274 2.1352125916063649 0.65072405188182347 1.1540364298032351 -0.54275510494929147 -0.62557041449453632 -0.89831236736266751 -0.15132905602497801 -0.27784623751199261 -0.41687401407931718 -0.38867173438960728 -1.1059096613797432 -0.67414598255139557 -0.60396317650153386 -0.50161200803694039 -0.738224098466287 0.14386649379848784 0.26850477218182484 0.12987436858865678 -0.51597215843788702 -0.68162243918664356 -0.33251970774758116 -0.60793512424481266 0.24776698860143817 -0.738224098466287 -1.9341007759829438 -0.28360409580399842 2.4011762019116332 -1.3157176291712498 -1.1489882198878958
decision_type=2 2 2 2 2 2 2 2 2 2 2 2 2 2 2 2 2 2 2 2 2 2 2 2 2 2 2 2 2 2 2 2 2
left_child=2 -2 3 -1 6 -6 7 8 29 -8 13 12 -12 25 26 16 -16 18 -17 21 -21 -18 23 -19 -24 -11 -9 -28 -20 30 -4 -31 -33
right_child=1 -3 4 -5 5 -7 9 14 -10 10 11 -13 -14 -15 15 17 19 22 28 20 -22 -23 24 -25 -26 -27 27 -29 -30 31 -32 32 -34
leaf_value=-0.016489945958283344 -0.0045415266898332545 0.003729875666203762 -0.009034371366371835 0.0058962926903008113 -1.0372327096939586e-05 -0.0017019634822361719 -0.0031002476425294055 -2.4969086055824123e-05 0.0021984733832110157 0.010082005209569433 -0.00095990041764256969 -0.0021050974894535062 0.0027051367811539466 0.010377860119324398 -0.0050277332410188207 0.0070413833367513673 0.0015247868351403321 0.00090582039466888785 0.0037416187018861017 -0.0012079865810232843 0.00028013497711609591 -0.00010819642629154763 -0.00078583685211075082 -0.005060945553521645 -1.5345230333040904e-06 -0.00019548462591850905 -0.0023623305608394996 0.0060148751828568272 -0.00029475041980081334 -0.0081697461328902321 0.00065748062577525952 0.0008378026761643332 0.00014733676973811193
leaf_weight=10.000000000000002 37 15.999999999999998 69 20 58 26 26 95 54 35 15.999999999999998 31 15.000000000000002 40 92 18 137 34 18 24 140 59 153 106 198 58 18 32 221 15.999999999999998 8.9999999999999982 17 630
leaf_count=10 37 16 69 20 58 26 26 95 54 35 16 31 15 40 92 18 137 34 18 24 140 59 153 106 198 58 18 32 221 16 9 17 630
internal_value=-7.2438e-05 -0.00802412 8.6127e-05 0.00903895 -1.34492e-05 -0.00484119 0.000141181 -0.000225923 0.00124696 0.00389782 0.00531715 -4.33105e-05 0.00616905 0.00817098 -0.00114004 -0.00165238 0.000270417 -0.0028863 0.000126367 0.00199396 -0.000735085 0.00453676 -0.00456856 -0.0084013 -0.00280828 0.00407868 0.00265146 0.00791185 -0.000879931 0.000367518 -0.00445967 0.00104248 0.00143812
internal_weight=2528 53 2475 30 2445 84 2361 2140 795 221 195 62 31 133 1345 1200 452 748 257 360 164 196 491 140 351 93 145 50 239 741 78 663 647
internal_count=2528 53 2475 30 2445 84 2361 2140 795 221 195 62 31 133 1345 1200 452 748 257 360 164 196 491 140 351 93 145 50 239 741 78 663 647
is_linear=0
shrinkage=0.060181


Tree=86
num_leaves=34
num_cat=0
split_feature=18 0 9 9 9 6 1 11 7 11 3 6 4 13 12 6 4 12 9 6 13 3 9 12 9 6 3 0 3 17 4 12 11
split_gain=1.4047 0.927949 0.833035 1.25117 1.15147 1.02888 1.03394 0.952681 1.01865 0.96068 1.46981 1.05878 1.02567 1.00141 0.904697 0.980109 0.843912 1.00505 0.889138 0.843063 0.811841 0.72083 0.65871 0.637454 1.01748 0.71557 0.615693 0.795526 0.60946 0.601141 1.61748 0.780876 0.7273
threshold=1.0000000180025095e-35 1.01557764731833 -0.96761379697633698 -0.78160386104205093 -0.44985347741191911 0.20618563299015633 1.0000000180025095e-35 1.4125446538393469 -1.260916829823002 0.8137331024297545 0.17749285472945922 0.86053659450267561 -0.29969850313959878 -0.12409380428101453 1.0000000180025095e-35 0.11270692420265362 -0.88731954712355243 -0.67414598255139557 -1.6214746446974193 -0.6662823156932024 0.19680195312431867 -0.46370293182625016 -0.63938653510037269 -0.67414598255139557 -0.048982947187521893 -0.75976102448070504 0.67681202699394538 1.0000000180025095e-35 1.9258702419511413 1.0000000180025095e-35 0.095777543781269167 0.35096141226961375 0.61412925195989043
decision_type=2 2 2 2 2 2 2 2 2 2 2 2 2 2 2 2 2 2 2 2 2 2 2 2 2 2 2 2 2 2 2 2 2
left_child=1 2 16 21 5 14 -7 9 -9 -6 11 12 -11 -12 15 19 18 -18 -1 -5 29 -4 -21 24 -3 -25 27 -23 -28 30 -19 32 -31
right_child=-2 23 3 4 7 6 -8 8 -10 10 13 -13 -14 -15 -16 -17 17 20 -20 22 -22 26 -24 25 -26 -27 28 -29 -30 31 -32 -33 -34
leaf_value=0.0095384344839589703 -0.000131439815701019 0.015047974199518909 0.0066738919887640415 -0.00027794220335101841 0.00016267747087523495 -0.00010065918125141394 -0.0046171650535458877 -0.00036686317455521619 0.0039220665527862171 -0.0067293721890303963 -0.0071330090004860696 0.0029350665481189019 0.0041164702575022969 0.00065766715619978555 0.001206111687605754 0.0045209323365973542 0.00063860206051271251 -0.010335652524104637 -0.00092527005115552519 0.006776681872408756 0.0025175351023714824 -0.0028797711391599437 -0.0072051957306223562 -0.0069998756418017827 0.0079125051453482476 0.0072197603391964413 0.0097947312395864645 0.014786545664248057 -0.0010806772452585441 -0.0025524329332175261 0.00066128260986134731 0.00060725980461078519 0.0022794375929309119
leaf_weight=14.999999999999998 924 17.000000000000004 34 33 787 30 48 8.9999999999999982 88 30 44 11.999999999999998 17 11.999999999999998 42 9.9999999999999982 64 51 21 8.0000000000000018 9.9999999999999982 26 19 7.9999999999999991 11.999999999999998 40 24 11.999999999999998 7.9999999999999991 19.000000000000004 26 18 9.9999999999999982
leaf_count=15 924 17 34 33 787 30 48 9 88 30 44 12 17 12 42 10 64 51 21 8 10 26 19 8 12 40 24 12 8 19 26 18 10
internal_value=-0.000262613 0.000787907 0.0004147 0.00104651 0.000431308 -0.00374482 -0.00888451 0.00129336 0.00690749 0.000601223 -0.00433694 0.00148733 -0.00184002 -0.0111541 0 -0.00412675 -0.00279807 -0.00449175 0.00463043 -0.00761411 -0.00745557 0.00729706 -0.0148411 0.00712818 0.0139307 0.00122126 0.00249149 -0.00151481 0.0085312 -0.00898309 -0.0123545 -0.00184002 -0.00839328
internal_weight=2528 1604 1527 1293 1189 190 78 999 97 902 115 59 47 56 112 70 234 198 36 60 134 104 27 77 29 48 70 38 32 124 77 47 29
internal_count=2528 1604 1527 1293 1189 190 78 999 97 902 115 59 47 56 112 70 234 198 36 60 134 104 27 77 29 48 70 38 32 124 77 47 29
is_linear=0
shrinkage=0.060181


Tree=87
num_leaves=34
num_cat=0
split_feature=18 8 10 12 8 12 5 0 2 10 3 14 3 2 5 5 3 16 3 10 10 10 6 10 5 5 6 5 12 3 13 10 6
split_gain=1.33579 0.72173 1.23774 1.21386 0.992367 1.18483 1.79068 1.09824 1.25321 1.0671 1.21363 1.02722 0.980137 0.973483 0.938441 0.848055 0.860387 0.839912 1.09946 1.19338 0.912631 0.763954 0.740735 0.738061 0.79043 0.674321 0.646268 0.61783 0.586828 0.544534 0.524219 0.51713 1.114
threshold=1.0000000180025095e-35 1.9085023646409709 -0.71977981365931376 1.0000000180025095e-35 1.2357189132761148 1.0000000180025095e-35 -0.92745727058675242 1.01557764731833 -0.78592486152974683 0.032867276184080162 -0.28176410276370983 -0.738224098466287 1.45441532436159 -0.70901951079745562 -1.1714853796827731 -0.54324868194616649 -0.19440509432749012 1.6165153522599058 1.7568963520543563 1.0666274251646402 0.50010066107992457 0.15370339768198807 -0.3858461893306942 -1.1059096613797432 -0.38867173438960728 -0.71241959964425283 -1.1648354292265501 0.24236073042078624 1.3760688070906235 0.17749285472945922 -0.31770358067704879 -0.21418478266601784 -0.57280360690569965
decision_type=2 2 2 2 2 2 2 2 2 2 2 2 2 2 2 2 2 2 2 2 2 2 2 2 2 2 2 2 2 2 2 2 2
left_child=1 4 -3 29 7 12 -7 8 9 15 -11 -9 13 -6 -10 28 -17 18 23 20 -20 27 -15 24 -16 -5 -25 -13 -1 -4 -12 -2 -33
right_child=31 2 3 25 5 6 -8 11 14 10 30 21 -14 22 17 16 -18 -19 19 -21 -22 -23 -24 26 -26 -27 -28 -29 -30 -31 -32 32 -34
leaf_value=-0.010653945465168652 -0.00033294467909933021 0.010919573477835178 -0.0059618008267025143 -0.0027815166968048841 -0.0016312447707371172 0.0083028437220825993 -0.0051958466425118767 -0.0026874904008038123 0.011364451969306162 -0.00035564461886265135 0.0073293511533672117 0.037077101222055875 -0.016962258734480613 -0.00013200775798848322 0.0084691329904273902 0.0039248575388786512 -0.0047977604751529264 0.004619244113964382 0.00099098243746204148 -0.0014075799159669036 0.013412398002023306 0.0026185154086975295 0.0058063167084650242 -0.020030030923778034 -0.00015640766626761094 0.0022330841878994072 -0.00039922529430589374 0.0045119641322675236 0.00073485152610959189 0.0062995655732693478 0.00089182903747286933 0.00065071107085253965 -0.00011936094870103758
leaf_weight=15 401 13.999999999999998 14.000000000000002 11.999999999999998 11.999999999999998 7.9999999999999991 64 9.9999999999999982 21 84 14.000000000000002 24 9.9999999999999982 23.999999999999996 36 81 17 56 41 24 22 22 29.000000000000004 8.9999999999999982 113 33 747 8.9999999999999982 14 14.999999999999998 9.9999999999999982 79 444
leaf_count=15 401 14 14 12 12 8 64 10 21 84 14 24 10 24 36 81 17 56 41 24 22 22 29 9 113 33 747 9 14 15 10 79 444
internal_value=-0.000310157 0.000713036 0.00594373 0.00158759 0.000358297 -0.00421464 -0.00958959 0.00090088 0.000462412 0.00442578 0 0.00837501 0.000418958 0.00398891 -0.000367347 0.00808557 0.0106895 -0.000689435 -0.00115134 0.005013 0.00953006 0.0118579 0.00802412 -0.00182458 0.00179324 0.00810667 -0.00261822 0.0173407 0 -0.00654747 0.0110036 -0.00214403 -0.000748224
internal_weight=2528 1604 88 74 1516 147 72 1369 1304 235 108 65 75 65 1069 127 98 1048 992 87 63 55 53 905 149 45 756 33 29 29 24 924 523
internal_count=2528 1604 88 74 1516 147 72 1369 1304 235 108 65 75 65 1069 127 98 1048 992 87 63 55 53 905 149 45 756 33 29 29 24 924 523
is_linear=0
shrinkage=0.060181


Tree=88
num_leaves=34
num_cat=0
split_feature=18 3 7 9 7 0 6 6 11 5 6 9 9 3 6 11 3 17 3 11 5 9 3 9 9 7 2 6 6 9 9 11 7
split_gain=0.948786 0.827147 0.70927 1.14479 0.86839 1.37528 1.11969 1.29763 1.2759 0.824438 0.760485 0.759697 1.45651 0.932107 0.856396 1.60739 0.92443 0.752243 0.714899 0.966504 0.673694 0.673214 0.654865 0.576564 0.555039 0.696851 1.0002 0.835361 0.970176 0.541626 0.533629 0.531462 1.21172
threshold=1.0000000180025095e-35 -1.5596263421820107 0.34771942730792599 1.7020406079723238 -0.45190008234398399 1.0000000180025095e-35 0.39314305056516186 -0.10541006296818604 1.0000000180025095e-35 -0.058090061689085093 0.70473874652350432 -1.8025475520384029 -1.6492544703013423 -1.1000340966992146 0.48662175935266461 -0.18428614991956593 0.69599462098901521 1.0000000180025095e-35 2.2293419280264 -0.58349385085929406 -0.20584053607589672 -1.6945337634830031 -0.17261460435138784 0.021926803506391753 -1.1261275879778223 0.55873013124384696 -0.023849047903510546 -0.79092059407653936 -0.13656963256402027 -0.81994174536809383 1.8518088832342006 0.61412925195989043 0.22982680729514457
decision_type=2 2 2 2 2 2 2 2 2 2 2 2 2 2 2 2 2 2 2 2 2 2 2 2 2 2 2 2 2 2 2 2 2
left_child=1 23 3 4 5 6 7 17 -9 20 -11 -6 -13 -14 15 -15 -16 -3 19 -7 22 -4 -8 -1 -23 27 29 -26 -29 -27 -5 -2 -33
right_child=31 2 21 30 11 18 9 8 -10 10 -12 12 13 14 16 -17 -18 -19 -20 -21 -22 24 -24 -25 25 26 -28 28 -30 -31 -32 32 -34
leaf_value=-0.0059129750439544009 -7.5610020687931175e-05 7.203105317482283e-06 0.010480673493586517 0.0067345206682509918 -0.0035968894069753838 -0.001508213788097899 -0.012420397704325885 -0.0012643994603718472 0.0063296706898436812 -0.010647303928137787 0.014764537467593529 0.0043505529109759767 0.0027709677688620305 -0.00026166328796457453 0.004315579024829091 -0.0019745376385790093 -0.00082349965624713573 -0.018262494438704067 -0.0012447461790167005 0.0043581360752503531 -0.021753029568937689 -0.00052701771675684134 -0.00017290078277377345 8.5367623935966448e-05 4.2347497529576273e-05 0.0093448572241610541 -0.00088245310533374471 0.011466113205242516 0.00012224036907314465 0.00027798029540686189 0.00064442613624582487 -0.00093087092227429359 7.7812454689844024e-05
leaf_weight=16.000000000000004 704 53 14.999999999999998 20 28 47 31 33 39 9.0000000000000018 22 14.999999999999998 53 213 51 161 69 13.999999999999998 27 165 19 27 88 8.9999999999999982 34 19 40 34 21 187 45 119 101
leaf_count=16 704 53 15 20 28 47 31 33 39 9 22 15 53 213 51 161 69 14 27 165 19 27 88 9 34 19 40 34 21 187 45 119 101
internal_value=-0.000405244 0.00045099 0.00066726 -2.35679e-06 -0.000503734 0.00115281 -0.00136105 0.002341 0.00799759 -0.00472344 0.0026908 -0.00213382 -0.00149464 -0.00213651 -0.00302925 -0.00447005 0.000996757 -0.00302354 0.00460087 0.00587485 -0.00681998 0.00293268 -0.00419545 -0.00956699 0.00214766 0.00294098 0.000975806 0.00750423 0.0118579 0.00288473 0.00749779 -0.0019494 -0.0045881
internal_weight=2528 1604 1579 1202 1137 547 308 139 72 169 31 590 562 547 494 374 120 67 239 212 138 377 119 25 362 335 246 89 55 206 65 924 220
internal_count=2528 1604 1579 1202 1137 547 308 139 72 169 31 590 562 547 494 374 120 67 239 212 138 377 119 25 362 335 246 89 55 206 65 924 220
is_linear=0
shrinkage=0.060181


Tree=89
num_leaves=34
num_cat=0
split_feature=18 7 7 11 3 7 14 15 5 2 11 2 3 12 2 2 7 2 1 7 5 14 7 15 3 3 5 7 5 3 12 13 5
split_gain=0.765502 0.490679 0.905535 0.682321 0.884578 1.09433 1.03846 1.13657 1.1034 0.828691 1.73885 0.903388 1.19648 0.816581 0.789975 0.852549 0.768318 0.73756 0.843761 0.733812 0.943625 0.709641 0.731387 0.643075 0.708433 0.622052 0.606504 0.581731 0.831284 0.558591 0.554813 0.549215 0.84616
threshold=1.0000000180025095e-35 0.34344795556833269 0.42887739036020484 1.4125446538393469 1.1481810632927465 -0.45190008234398399 1.0000000180025095e-35 0.88625919121491659 -0.27112577944575128 -0.25856579751646097 -0.98270155179902219 0.67441776247489649 0.48372275356416444 0.35096141226961375 1.0000000180025095e-35 -0.1247480331865891 -0.30667004319780444 0.060688580776166214 1.0000000180025095e-35 -0.46471449756276512 -0.22133183000763718 -0.738224098466287 -0.86366995804080215 0.88625919121491659 0.06138100568249566 -0.51899752470964389 -0.43342961991082624 -0.73894298324467 0.88807983877039176 2.4614863987988769 1.3760688070906235 -0.047343223783391591 -0.43869218466661714
decision_type=2 2 2 2 2 2 2 2 2 2 2 2 2 2 2 2 2 2 2 2 2 2 2 2 2 2 2 2 2 2 2 2 2
left_child=1 3 -3 4 5 6 8 30 17 10 -7 12 14 27 15 -11 -14 18 -1 20 -10 -6 -23 -4 -25 -12 -18 -5 -29 -24 -8 32 -19
right_child=-2 2 23 13 21 9 7 -9 19 11 25 -13 16 -15 -16 -17 26 31 -20 -21 -22 22 29 24 -26 -27 -28 28 -30 -31 -32 -33 -34
leaf_value=-0.013656726026504752 -0.00010884538980227723 0.0073542004358032017 -6.1446355607864398e-05 4.8587601169830287e-05 0.00042120806154205136 0.0052468150818264139 0.0069671034750870744 -1.4166251916484863e-05 0.013147464437514054 -0.0076373786148914644 -0.0017871360880568582 0.0020928775023027596 -0.0015032196923198565 -0.00041703160316388722 -0.0045323467002031546 5.1594961306473627e-05 0.017035812965528616 0.0052208812700123937 0.00020823023399776914 0.0048140440044816086 -2.4235021658423282e-05 0.0001674303517676562 -0.00168893514440682 0.0046347331611276679 -0.00081192852491376833 5.5342792468078517e-05 0.00062497054204355205 0.011900726113235994 -0.0029192768314940175 0.0049020775197608658 0.00073735871595974084 -0.00068302824579263984 -0.0034213679306452278
leaf_weight=43 924 51 279 36 27 29 56 25 11.999999999999998 13.999999999999998 34 68 31 40 113 61 10.000000000000002 39 27 19 103 45 116 49 19 104 21 62 8.9999999999999982 11.999999999999998 11.999999999999998 19 19
leaf_count=43 924 51 279 36 27 29 56 25 12 14 34 68 31 40 113 61 10 39 27 19 103 45 116 49 19 104 21 62 9 12 12 19 19
internal_value=-0.000500332 0.000263814 0.002105 -0.000300865 -0.000880522 0 0.00239816 0.00781647 0.000327166 -0.00191494 0.00125129 -0.00375139 -0.00546917 0.00341544 -0.00786708 -0.0019502 0.000960645 -0.00301584 -0.00739727 0.00439413 0.00179989 -0.00444763 -0.00597952 0.000780526 0.00592295 -0.00129505 0.00790817 0.00628297 0.0093148 -0.00825277 0.0118062 0.000408563 0.00395371
internal_weight=2528 1604 398 1206 1059 859 374 93 281 485 167 318 250 147 188 75 62 147 70 134 115 200 173 347 68 138 31 107 71 128 68 77 58
internal_count=2528 1604 398 1206 1059 859 374 93 281 485 167 318 250 147 188 75 62 147 70 134 115 200 173 347 68 138 31 107 71 128 68 77 58
is_linear=0
shrinkage=0.060181


Tree=90
num_leaves=34
num_cat=0
split_feature=8 8 13 13 5 5 5 14 9 5 4 12 9 11 7 4 12 10 9 8 10 9 15 10 7 10 10 16 4 18 8 7 9
split_gain=0.781663 0.781192 0.536763 0.961899 1.16741 0.580713 3.06354 1.39716 1.05957 0.846469 0.998854 1.04232 0.808061 0.806709 0.732653 0.999118 1.63308 0.920689 1.40038 1.12168 0.863572 0.774033 0.729627 0.722199 0.540286 0.490355 1.14276 0.971351 0.948152 1.15787 0.870644 0.812481 1.34962
threshold=2.394979477613302 3.3318391215038683 4.3864087763499127 2.9091114388906898 -0.7602238804950231 -0.68215361783426121 -0.61479346138693536 -0.738224098466287 0.25150224294226831 -1.0305524190386965 -0.39907874816174432 1.3760688070906235 -0.44985347741191911 3.2089793080681237 -0.43054272364601615 -0.3200211250365545 0.86351510968011858 0.23575009912500619 -0.75186010074499066 -0.6681925834763297 -0.47927178010857285 1.2032554303344021 0.88625919121491659 -0.77833617007676825 -0.34938476059373985 0.54754892467355198 0.45833972955897767 1.0000000180025095e-35 -0.93403161431992665 1.0000000180025095e-35 1.9085023646409709 0.35199089904751929 0.779884982823846
decision_type=2 2 2 2 2 2 2 2 2 2 2 2 2 2 2 2 2 2 2 2 2 2 2 2 2 2 2 2 2 2 2 2 2
left_child=2 -2 3 5 -5 7 12 8 -1 10 11 13 -7 -9 15 16 -11 18 20 -19 -16 -18 -20 -12 -21 26 31 30 -29 -30 -27 32 -8
right_child=1 -3 -4 4 -6 6 25 9 -10 14 23 -13 -14 -15 17 -17 21 19 22 24 -22 -23 -24 -25 -26 27 -28 28 29 -31 -32 -33 -34
leaf_value=-4.7823429053809401e-05 0.0029515409264039764 -0.001213613000087529 0.0058244854061552023 0.012918889401415638 -0.0035284859276585117 0.00045965364482782126 -0.00033294032880511258 -0.0011847570219114761 0.0093347335885218662 0.0072741933218824018 -0.0045448809204033363 0.0038029580986519277 0.0041403679837920026 0.010831192956469851 0.013268407304074952 -0.00090857327328975831 -0.0018297763215065837 -0.0033436539228530698 -0.0085479034639946352 -0.0016950031688233273 -0.0025859426078474945 0.0032806020981069016 -0.0033769781617438896 0.0062771004254791925 0.0023390214436878783 -0.00030489416715631375 0.0035397051781863214 -0.0036823920354180232 0.013574784452486601 -0.0016849365113220144 0.0059772562921761021 9.8169366237685755e-05 0.00051385674951667055
leaf_weight=27 27 8.9999999999999982 27 7.9999999999999991 37 33 652 47 18 45 8.0000000000000018 10.999999999999998 55 7.9999999999999991 12.000000000000002 56 27 31 64 11.999999999999998 11.999999999999998 7.9999999999999991 32 23 65 399 30 17 55 17 14.999999999999998 482 159
leaf_count=27 27 9 27 8 37 33 652 47 18 45 8 11 55 8 12 56 27 31 64 12 12 8 32 23 65 399 30 17 55 17 15 482 159
internal_value=-0.000595419 0.00766955 -0.000748697 -0.000866589 -0.00934485 -0.000671615 -0.000158399 -0.00248554 0.00686848 -0.00356824 0.000925537 -0.00263467 0.0105425 -0.00672337 -0.00491907 -0.000882519 0.00291332 -0.00702806 -0.0107345 -0.0021824 0.000102932 -0.00552984 -0.0139252 0.0096473 0.00115519 -0.000725197 -7.01889e-05 -0.00232207 0.00295511 0.00640559 -0.00360956 -0.000396713 -0.00159186
internal_weight=2528 36 2492 2465 45 2420 1914 506 45 461 97 66 88 55 364 136 80 228 120 108 24 35 96 31 77 1826 1323 503 89 72 414 1293 811
internal_count=2528 36 2492 2465 45 2420 1914 506 45 461 97 66 88 55 364 136 80 228 120 108 24 35 96 31 77 1826 1323 503 89 72 414 1293 811
is_linear=0
shrinkage=0.060181


Tree=91
num_leaves=34
num_cat=0
split_feature=8 6 4 8 8 10 4 14 4 5 11 5 3 10 17 8 5 5 3 5 5 3 5 5 6 18 6 8 2 8 7 7 17
split_gain=0.746285 0.656212 0.535689 1.36755 1.04959 1.2406 1.00819 1.36899 1.35702 1.04658 0.975043 0.8698 1.05262 0.910651 0.958684 0.882798 1.47596 0.743399 0.667243 0.641319 1.43699 0.981336 0.830534 0.987291 0.930676 0.941385 0.902819 0.645241 0.631202 0.615323 0.83686 1.00599 0.740633
threshold=2.394979477613302 -0.043090923776517541 0.42011657487689325 0.99073876124515337 0.85565199509605161 0.21900964919491597 -0.27173106901116995 -0.738224098466287 -0.49015429308371805 -0.86727416787017575 -0.38389000038943 0.039872093207392406 0.62947254590718271 0.26842842174107845 1.4567572365165855 -0.63336684131368426 1.1151159474599079 0.17058159326935604 -0.58259556267112467 -0.54776887877222891 -1.0186951952877981 -1.1764291680277481 -0.41959897840607274 -0.36068313092814569 -0.23004834135152297 1.0000000180025095e-35 -0.47932489811819695 0.75869737685808669 0.13185650191754023 -1.1073008537514022 -0.31265010363323603 -0.95166227587642915 1.0000000180025095e-35
decision_type=2 2 2 2 2 2 2 2 2 2 2 2 2 2 2 2 2 2 2 2 2 2 2 2 2 2 2 2 2 2 2 2 2
left_child=2 -2 4 19 5 -1 8 -8 11 -10 -11 12 13 -7 -15 16 17 -13 -5 20 -4 -22 -21 -24 26 -26 27 -25 -28 -9 31 -31 -32
right_child=1 -3 3 18 -6 6 7 29 9 10 -12 15 -14 14 -16 -17 -18 -19 -20 22 21 -23 23 24 25 -27 28 -29 -30 30 32 -33 -34
leaf_value=0.00021409654694184719 0.0042710985723302354 6.6521695109834881e-05 0.0029232747737776665 -4.7053631537937375e-05 -0.00036994732203764251 -0.015831637579349411 0.0092600150266642801 -0.0027612532475496318 0.0049848869182180771 0.00048361878776188985 -0.0017955413196696025 -0.0015230062454135646 -0.0013258409161878565 0.0014729568421315569 -0.00070765667084846139 -0.0028804051584023476 -0.0069236758624364762 0.0032486033228825767 0.0015543882876810182 0.00072350543686805025 -6.6590636403402844e-07 -0.0051181522983898969 -0.0084975837057170971 -0.00014509559035059348 0.01548740990538681 -9.2551736519086729e-05 -0.00056376943298263519 -0.0033880425951462742 -0.0027417707061613374 5.5566837111116017e-05 -0.0069311439024954671 0.007781289257273752 0.0005157301081609696
leaf_weight=791 15.999999999999998 20 20 41 374 12.999999999999998 21 15.999999999999998 20 18 97 8.0000000000000018 59 165 34 70 14.999999999999998 20 61 42 31 76 17 244 40 37 14.999999999999998 10.999999999999998 24 36 30 27 19
leaf_count=791 16 20 20 41 374 13 21 16 20 18 97 8 59 165 34 70 15 20 61 42 31 76 17 244 40 37 15 11 24 36 30 27 19
internal_value=-0.000429016 0.00766955 -0.000579894 -0.00204785 -1.79308e-05 0.000680859 -0.00116913 0.00297632 -0.00248129 -0.00761888 -0.00991846 -0.000473123 0.0012157 0.0033627 0.0046181 -0.00492745 0.000706629 0.00961096 0.00401602 -0.00327925 -0.00716399 -0.0100918 -0.00194965 -0.00292714 -0.00201574 0.00339506 -0.00364948 -0.00198906 -0.0120735 2.15901e-05 0.00210689 0.00681937 -0.0029141
internal_weight=2528 36 2492 659 1833 1459 668 149 519 135 115 384 271 212 199 113 43 28 102 557 127 107 430 388 371 77 294 255 39 128 112 63 49
internal_count=2528 36 2492 659 1833 1459 668 149 519 135 115 384 271 212 199 113 43 28 102 557 127 107 430 388 371 77 294 255 39 128 112 63 49
is_linear=0
shrinkage=0.060181


Tree=92
num_leaves=34
num_cat=0
split_feature=0 9 3 9 7 3 7 2 3 9 0 7 9 9 7 3 4 12 4 11 7 6 18 12 12 4 9 9 3 7 4 3 3
split_gain=0.874656 0.937434 0.590523 0.581715 1.06547 2.1749 0.745557 0.690298 1.05709 0.881461 1.2658 1.2883 0.970129 0.934954 1.20396 0.917196 0.87729 0.90157 0.845468 0.820602 0.871261 0.756588 1.06771 1.1391 0.661712 0.705546 0.773477 0.6135 0.60946 0.607103 0.594506 0.860206 0.577066
threshold=1.01557764731833 -0.46672971087649046 0.66859864983551742 -1.1261275879778223 0.45450622079776465 -0.19440509432749012 -0.092242161870208131 1.3150768497819527 1.1196352115001185 -0.63938653510037269 1.0000000180025095e-35 0.69883440430251642 -0.75186010074499066 -0.52088778291212168 -0.3451132888541466 0.67681202699394538 0.29116545289921342 -0.67414598255139557 1.2814864319523216 -0.18428614991956593 -0.064904742736808838 1.1098131512693497 1.0000000180025095e-35 0.35096141226961375 0.86351510968011858 -0.030817663579917547 0.63696571892941056 -1.5558498083179935 -0.28176410276370983 1.1131671630430897 -0.45943617856392249 -0.48938058852909977 -1.5856210975794107
decision_type=2 2 2 2 2 2 2 2 2 2 2 2 2 2 2 2 2 2 2 2 2 2 2 2 2 2 2 2 2 2 2 2 2
left_child=3 2 -2 4 5 -1 -7 8 9 10 11 15 -13 14 -11 30 17 -12 19 -16 -21 32 23 -23 25 26 -9 28 -6 -29 31 -5 -15
right_child=1 -3 -4 7 27 6 -8 24 -10 13 16 12 -14 21 18 -17 -18 -19 -20 20 -22 22 -24 -25 -26 -27 -28 29 -30 -31 -32 -33 -34
leaf_value=-0.0045955618977016601 0.0038228244434746774 0.00011638962230988562 -0.00058475145020380793 0.0056178908388769969 0.0035304678264374161 0.00028143659774440398 -0.0011374786983234277 0.0038224448256124486 -0.0005858770183419026 -0.010268862338191791 0.00030218495230225115 -0.0036368471530493509 0.00021364737656320675 -0.0063997790385839611 0.0023347738637769307 0.0030819213297728926 -0.00054029097984724004 0.0054948530840440634 -0.0031240655494841033 -0.0065070022044935085 0.00017851675506494203 0.010174934266022869 -0.0011605070590974191 -9.0814305839911612e-06 -0.0026590562189104465 -0.0019964197062822247 -0.00022579282387197934 0.00058144520118546942 -0.00016081142126322102 -0.0080244745668849836 0.00043346812028758339 -0.0016318153351033611 -3.8519562642838578e-05
leaf_weight=83 34 104 13.999999999999998 13.999999999999998 24 84 42 108 159 24 41 23 9.9999999999999982 20 25 11.999999999999998 42 44 15.999999999999998 9.0000000000000018 17 36 13.999999999999998 32 13.999999999999998 25 36 24 7.9999999999999991 11.999999999999998 66 28 1284
leaf_count=83 34 104 14 14 24 84 42 108 159 24 41 23 10 20 25 12 42 44 16 9 17 36 14 32 14 25 36 24 8 12 66 28 1284
internal_value=-0.000429016 0.00388583 0.0105509 -0.000734614 -0.0033344 -0.00553315 -2.19233e-05 -0.000359128 -0.000722547 -0.000257979 0.00276863 -0.000594574 -0.0107643 -0.000875813 -0.00670945 0.00197053 0.00716399 0.0105598 -0.0013188 0.00170523 -0.00416169 -0.000435125 0.00495429 0.00844436 0.00307903 0.00437477 0.00613503 0.00256108 0.0085312 -0.00159131 0 -0.00534086 -0.000830602
internal_weight=2528 152 48 2376 277 209 126 2099 1916 1757 280 153 33 1477 91 120 127 85 67 51 26 1386 82 68 183 169 144 68 32 36 108 42 1304
internal_count=2528 152 48 2376 277 209 126 2099 1916 1757 280 153 33 1477 91 120 127 85 67 51 26 1386 82 68 183 169 144 68 32 36 108 42 1304
is_linear=0
shrinkage=0.060181


Tree=93
num_leaves=34
num_cat=0
split_feature=0 8 2 10 11 3 3 2 1 4 8 9 9 8 11 11 4 4 2 2 3 11 11 8 8 10 2 10 5 2 8 4 8
split_gain=0.620593 0.846962 0.653626 0.965135 0.946256 0.556599 0.530805 0.456125 0.437531 0.428176 1.28315 1.88377 0.766241 0.578683 0.50624 0.524601 0.458385 1.00981 0.511634 1.72965 1.01062 0.912724 0.7388 0.65105 1.34835 1.72319 1.14802 0.88212 0.859888 0.820268 0.62151 0.578078 0.569117
threshold=1.01557764731833 1.2814220412642245 -0.43086892067093546 0.35415271937508069 -0.18428614991956593 -0.70792481276945163 -1.5596263421820107 2.7450866599101871 1.0000000180025095e-35 -1.065849358730915 -0.46938107939774582 -0.17990562753896336 -0.32538660933141578 1.9085023646409709 1.4125446538393469 -0.58349385085929406 2.2911857679507306 2.6420103893446325 -0.54275510494929147 -0.88916812100965448 -0.81546589321531082 -0.38389000038943 1.2129408033694828 -0.73997872951474353 -0.51983604399011052 -0.38390682039496643 0.5137877901294301 -1.4663558919769029 0.40137261077567693 -0.11540423404509814 -0.24997826715789098 -0.2887628749238787 -1.4576733354553082
decision_type=2 2 2 2 2 2 2 2 2 2 2 2 2 2 2 2 2 2 2 2 2 2 2 2 2 2 2 2 2 2 2 2 2
left_child=6 2 5 -4 -5 -2 -1 9 -7 10 11 -8 -12 14 15 -14 18 -18 19 -11 21 31 30 32 25 -25 -27 28 -26 -29 -22 -21 -20
right_child=1 -3 3 4 -6 8 7 -9 -10 16 12 -13 13 -15 -16 -17 17 -19 23 20 22 -23 -24 24 27 26 -28 29 -30 -31 -32 -33 -34
leaf_value=-0.0036143234661449031 0.0047614098794417871 -0.001081375698476172 0.012580024979620441 -0.0037137628040147521 0.0035412588800830731 -0.0023870256067620075 0.005667227221604002 -0.00072491424313794587 0.0013852373829210806 -9.6701377848097884e-05 -0.0058620988715945644 -0.0021401468950822513 0.0011046018921032593 0.00084997686667367381 0.00108733379222894 -0.0051580644207132225 -0.0035554715831303016 0.0041046227693148423 0.0032656400473632316 -0.00024538921125380562 0.0017688251213503257 -0.0039232087856021312 -0.0010570082370345197 0.0025482532524824584 -0.013889622513761661 0.0028602607724897166 -0.00062564510947251859 -0.00068287907468265086 0.0033489390191863708 4.4885852079386908e-05 0.00092259319023838449 0.0045439591266186576 -0.00024695747355843228
leaf_weight=50 18 19 62 10.000000000000002 21 8.0000000000000018 26 13.999999999999998 13.999999999999998 346 29 20 7.9999999999999991 8.9999999999999982 10.999999999999998 43 67 15.999999999999998 13.999999999999998 29 67 39 12.999999999999998 69 16.000000000000004 52 41 159 10.999999999999998 730 75 27 395
leaf_count=50 18 19 62 10 21 8 26 14 14 346 29 20 8 9 11 43 67 16 14 29 67 39 13 69 16 52 41 159 11 730 75 27 395
internal_value=-0.000500332 0.00311232 0.00508713 0.00781647 0 -6.51624e-05 -0.000759904 -0.000595382 -0.00716228 -0.000495024 -0.00363941 0.00369695 -0.00757879 -0.00286143 -0.00554732 -0.00831802 -0.000250954 -0.00454964 -4.46241e-05 0.00140989 0.00523187 0 0.0081759 -0.00066807 5.82675e-05 0.00510479 0 -0.000788397 -0.0109082 -0.000374003 0.00952585 0.00509606 -0.00270523
internal_weight=2528 152 133 93 31 40 2376 2326 22 2312 146 46 100 71 62 51 2166 83 2083 596 250 95 155 1487 1078 162 93 916 27 889 142 56 409
internal_count=2528 152 133 93 31 40 2376 2326 22 2312 146 46 100 71 62 51 2166 83 2083 596 250 95 155 1487 1078 162 93 916 27 889 142 56 409
is_linear=0
shrinkage=0.060181


Tree=94
num_leaves=34
num_cat=0
split_feature=18 4 8 3 4 8 11 4 5 14 13 8 5 8 15 5 7 7 7 4 4 8 4 4 5 5 8 5 8 5 11 8 8
split_gain=0.69136 0.898248 0.735662 0.734004 1.0788 1.71397 0.894136 1.36935 0.894062 0.822613 1.02648 0.706841 1.17658 1.0506 0.937476 0.921587 1.03008 1.38431 1.11001 0.995202 0.992643 1.01551 0.925786 0.83197 1.06072 0.725918 0.701652 0.660174 0.800347 0.609238 0.875504 1.28204 0.888569
threshold=1.0000000180025095e-35 -1.0364305456446015 1.9596357606074275 1.1481810632927465 -0.45666477035085801 -0.0074836888475316487 1.4125446538393469 -0.27173106901116995 -0.62135494389742185 -0.738224098466287 0.066817778544226755 0.97521255138906926 -0.18618344095573267 1.6244915963691415 0.88625919121491659 0.052797681637131604 -0.52707798496083103 -0.45873443712733469 -0.32461022450409677 -0.79631490488780232 1.1953507441370903 -0.51002192568107507 -0.89532581950435475 -0.82932749882957124 -0.91167233754235621 -0.18618344095573267 1.5651092345728679 -1.0237405522185019 1.5651092345728679 0.15900289449654589 -0.78309770132915812 -0.029090988105303899 -1.0177295355411444
decision_type=2 2 2 2 2 2 2 2 2 2 2 2 2 2 2 2 2 2 2 2 2 2 2 2 2 2 2 2 2 2 2 2 2
left_child=3 -2 11 -1 5 8 9 -8 -5 -6 27 15 14 -14 26 16 25 -18 -19 22 29 -22 -17 24 -20 -3 -13 -11 -29 -21 32 -32 -31
right_child=1 2 -4 4 6 -7 7 -9 -10 10 -12 12 13 -15 -16 19 17 18 23 20 21 -23 -24 -25 -26 -27 -28 28 -30 30 31 -33 -34
leaf_value=0.00010401086745311436 -0.0034317785365100377 -0.0028702063918079556 -0.00054263311950079949 2.3778906858582457e-06 0.00032581129587749152 -0.0015463426902239048 -0.00087449510067463983 0.0099319789516160318 0.01215689120347746 0.00015880853057508563 0.0024563228462628106 -0.0028352160460277365 0.002370740757969933 -0.0012819806296718518 0.0018371816216055164 -0.001557868001169523 0.0049032694427067515 -0.0025496634405163042 -0.00097854276197496229 -0.00021758577922319802 7.8925775270415012e-05 -0.0048744542247973486 -0.0073393261148103238 8.8889281658389037e-07 0.0059165183295957274 0.0021896768185893302 0.00088469915036437326 -0.0026751102577420834 0.00627684241756801 -0.0107417735379958 0.0015797820970943446 -0.00043654949746841992 1.2306415584273807e-05
leaf_weight=1332 61 43 34 13.999999999999998 27 24 23 18 22 12.999999999999998 21 25 46 22 11.999999999999998 20 20 29 7.9999999999999991 32 27 43 21 287 38 10.999999999999998 9.9999999999999982 102 7.9999999999999991 11.999999999999998 49 32 42
leaf_count=1332 61 43 34 14 27 24 23 18 22 13 21 25 46 22 12 20 20 29 8 32 27 43 21 287 38 11 10 102 8 12 49 32 42
internal_value=-0.000571647 -0.00188452 -0.001288 0.000151508 -0.00263063 0.00382939 -0.00475834 0.00208754 0.0122282 -0.00673736 -0.00858134 -0.000834638 0.00332212 0.00844436 -0.00302927 -0.00159737 6.46343e-06 0.00125592 0.000172379 -0.00428424 -0.00238799 -0.0082149 -0.0128813 0.00134936 0.00854985 -0.00736246 -0.00864769 -0.0107178 -0.0122091 0 0.00197437 0.00607984 -0.00318352
internal_weight=2528 924 863 1604 272 60 212 41 36 171 144 829 115 68 47 714 436 382 362 278 237 70 41 333 46 54 35 123 110 167 135 81 54
internal_count=2528 924 863 1604 272 60 212 41 36 171 144 829 115 68 47 714 436 382 362 278 237 70 41 333 46 54 35 123 110 167 135 81 54
is_linear=0
shrinkage=0.060181


Tree=95
num_leaves=34
num_cat=0
split_feature=4 11 4 6 19 5 7 2 0 15 8 5 8 8 5 5 5 5 8 2 4 4 4 13 5 5 5 5 6 2 5 13 8
split_gain=0.481979 1.97607 1.22462 0.702871 0.784186 0.935063 1.07435 1.04639 0.933683 0.797235 0.755529 0.690468 0.673734 0.658951 1.09566 1.24896 0.974173 1.20756 0.964956 0.964961 0.625062 0.796649 0.947461 0.940309 0.806923 1.13545 0.985947 1.07668 0.952683 0.766541 0.712432 0.629502 0.609825
threshold=-1.0949021080317813 -0.18428614991956593 -1.2018160218295064 -0.75976102448070504 1.0000000180025095e-35 -0.82398618589533268 -0.18450595144542853 1.0064956499860467 1.0000000180025095e-35 1.0000000180025095e-35 1.6668750589913373 -0.95721358054101291 2.1912069242036796 -0.51983604399011052 0.88807983877039176 -0.79940464357763652 -0.21294917088058221 -0.74579177159997589 0.28022981159360905 -1.2356273598074463 2.2911857679507306 -0.29405379810221027 -0.48317328868431492 -0.26542634554079275 -0.28206087857312745 -0.7183463406599836 -0.045832712166879591 0.86789807458225032 0.8293770249068414 0.67441776247489649 -0.79940464357763652 0.19680195312431867 -1.1073008537514022
decision_type=2 2 2 2 2 2 2 2 2 2 2 2 2 2 2 2 2 2 2 2 2 2 2 2 2 2 2 2 2 2 2 2 2
left_child=1 -1 -3 12 5 6 8 11 10 -10 -5 -8 13 16 15 -15 17 -2 19 -17 21 22 24 -24 25 30 29 -28 -27 -26 -7 -25 -23
right_child=3 2 -4 4 -6 20 7 -9 9 -11 -12 -13 -14 14 -16 18 -18 -19 -20 -21 -22 32 23 31 26 28 27 -29 -30 -31 -32 -33 -34
leaf_value=0.0025397211126709073 -0.0040855096679376689 0.00012690393982329063 -0.0069936863177063506 -0.0022073433499644043 0.0020834219417786063 0.0086493609856507017 0.00079750908685518771 -0.0019011977894246137 0.005015597172410906 -0.0026974745337475987 0.00097290534854779299 -0.00038327290283609233 0.0084597228098249096 0.0017144199930652605 1.8909002243200964e-05 0.0015483186975092128 -0.00017165661424616103 0.0099026509300770525 -0.00054170783827987281 -0.0058809701953367946 -0.014197046121219132 -0.00051270538136918517 -7.3389779077430672e-05 -0.0010291056297905932 -0.0017203295774085761 0.0013063135549687499 0.0011293555103523356 -0.0015589601561008628 -0.00034868343061315144 0.0006232783974258289 -0.0010790070635556036 -0.00026513296228562126 0.00029282364480276045
leaf_weight=32 12.999999999999998 22 56 75 83 8.9999999999999982 43 19 42 31 9.9999999999999982 34 12.999999999999998 20 116 9.9999999999999982 173 42 91 89 13.999999999999998 54 142 38 94 155 155 65 53 22 46 38 629
leaf_count=32 13 22 56 75 83 9 43 19 42 31 10 34 13 20 116 10 173 42 91 89 14 54 142 38 94 155 155 65 53 22 46 38 629
internal_value=-0.000405244 -0.00426295 -0.00962199 -0.000199987 0.000342252 3.55736e-05 -0.00328168 0.00123693 -0.00634834 -0.000429896 -0.0105598 0.00488831 -0.00206162 -0.00248743 -0.00420809 -0.00677508 0 0.00672337 -0.00840751 -0.0126382 0.000636356 0.000802379 -0.000406818 -0.0038148 0.000753727 0.00328377 -0.00107162 0.00108927 0.0054171 -0.0055586 -0.00364266 -0.00910773 0.00232687
internal_weight=2528 110 78 2418 1851 1768 254 96 158 73 85 77 567 554 326 210 228 55 190 99 1514 1500 817 218 599 263 336 220 208 116 55 76 683
internal_count=2528 110 78 2418 1851 1768 254 96 158 73 85 77 567 554 326 210 228 55 190 99 1514 1500 817 218 599 263 336 220 208 116 55 76 683
is_linear=0
shrinkage=0.060181


Tree=96
num_leaves=34
num_cat=0
split_feature=18 4 8 8 5 8 7 8 8 8 5 12 6 8 11 5 5 3 6 3 4 14 6 11 6 3 17 5 8 7 8 7 11
split_gain=0.517602 0.788457 0.827758 0.894517 0.827698 0.855293 0.708399 0.663893 0.64967 0.884414 1.25886 1.16596 1.07755 0.899646 0.724791 1.30827 0.526838 0.51771 1.48951 0.647929 0.635744 0.610358 0.69875 1.05059 0.972796 0.548385 0.622973 1.02676 1.19593 1.00779 1.0015 1.38386 1.12514
threshold=1.0000000180025095e-35 -1.0364305456446015 1.9596357606074275 0.97521255138906926 0.06915621609799126 1.6244915963691415 1.6078035904880215 0.8775912371236404 0.65899364800738247 -0.19674808924773438 -0.25245117209183898 1.3760688070906235 -1.0401971508432133 -0.60938565582620374 0.8137331024297545 0.45499849719943936 -0.47455097139352698 1.1481810632927465 2.0446002391443772 2.4614863987988769 -0.62595365905251354 -0.738224098466287 0.45546218975683034 1.0000000180025095e-35 2.9793873270194045 -1.5596263421820107 1.0000000180025095e-35 -0.60793512424481266 -0.083259600334711234 -0.043547384038842389 -0.43029172833784163 0.67149698516911716 0.61412925195989043
decision_type=2 2 2 2 2 2 2 2 2 2 2 2 2 2 2 2 2 2 2 2 2 2 2 2 2 2 2 2 2 2 2 2 2
left_child=17 6 3 7 -5 -6 -2 8 9 11 16 12 -3 -14 15 -10 -11 18 25 20 -19 -22 23 -23 -24 -1 -27 -28 30 -30 32 -32 -29
right_child=1 2 -4 4 5 -7 -8 -9 14 10 -12 -13 13 -15 -16 -17 -18 19 -20 -21 21 22 24 -25 -26 26 27 28 29 -31 31 -33 -34
leaf_value=-0.0037466309137452495 -0.0045654353188674173 -0.0024393428835694929 -0.00049623571611765024 -2.0083237825000189e-05 0.0023971091529968128 -0.00023850431174165745 0.0025782664014188028 -0.0066875218481772655 0.0065812686779293302 -0.00015343207113440959 -0.0024754278969271707 -0.0050863852800913422 -3.9928588669092145e-06 0.00060120603212503838 -0.00075458325022657391 -0.00036516856313818411 0.002070521139126149 0.00024981839402736148 0.028612431540746355 0.0025937059984681792 0.0025247986374801173 -0.0085221951457339091 -0.00012261936729446006 1.5866684645459483e-05 -0.0030049766196099375 0.00022021070489562387 0.0004939144589592619 2.574150662863771e-05 -0.0055143373459019306 -0.00027252243310262964 0.0042169681782942749 -0.0056684143704833385 -0.0059555395466375366
leaf_weight=25 52 48 34 68 32 14.999999999999998 8.9999999999999982 15.999999999999998 24 71 119 20 248 122 7.9999999999999991 12.999999999999998 25 24 11.999999999999998 36 32 34 107 18 21 875 126 100 59 69 33 8.9999999999999982 24
leaf_count=25 52 48 34 68 32 15 9 16 24 71 119 20 248 122 8 13 25 24 12 36 32 34 107 18 21 875 126 100 59 69 33 9 24
internal_value=-0.000286385 -0.00143038 -0.000871336 -0.000400955 0.00433694 0.0101648 -0.00796202 -0.00126192 -0.000861812 -0.00142498 -0.00455539 6.43416e-06 0.000863197 0.00210167 0.00563029 0.00970387 2.85264e-05 0.000338684 0.000858248 -0.00197555 -0.00327705 -0.00447921 -0.00591544 -0.0119565 -0.00276532 0.000593224 0.000813187 -0.00100119 -0.00304282 -0.0073382 1.67528e-05 0.00798013 -0.00238038
internal_weight=2528 924 863 829 115 47 61 714 698 653 215 438 418 370 45 37 96 1604 1332 272 236 212 180 52 128 1320 1295 420 294 128 166 42 124
internal_count=2528 924 863 829 115 47 61 714 698 653 215 438 418 370 45 37 96 1604 1332 272 236 212 180 52 128 1320 1295 420 294 128 166 42 124
is_linear=0
shrinkage=0.060181


Tree=97
num_leaves=34
num_cat=0
split_feature=0 18 10 4 12 5 9 9 8 8 8 9 4 8 8 5 4 5 12 10 4 9 10 12 10 9 10 8 8 9 9 5 8
split_gain=0.698277 0.665736 1.19962 1.76603 1.31681 1.59021 1.67802 1.27355 1.19614 1.14721 1.06093 1.05142 1.2445 0.926882 1.33672 0.914965 0.91245 0.8964 0.77402 0.751626 0.941748 0.716769 1.12256 0.897349 0.761887 0.712864 0.694639 0.693433 0.761567 0.85937 0.711997 1.07079 0.686535
threshold=1.0000000180025095e-35 1.0000000180025095e-35 -0.069769268150067634 -0.46255576051341812 1.0000000180025095e-35 -0.47455097139352698 -0.036661125832480747 -0.76071764225906546 -0.50329542683273187 -0.2996336183103655 -0.029090988105303899 1.3167932581544126 -0.83594384817359912 1.6668750589913373 1.082032558742797 -0.8757610543292107 -1.0262269360847254 -0.25245117209183898 -0.67414598255139557 -0.9679193460638621 -0.31387894862066579 -1.1261275879778223 -0.45779832916345864 -0.67414598255139557 0.4186500944289982 -0.16326678476053383 0.38973011248583628 -0.19674808924773438 0.67185515024160569 0.053817933078398807 0.74186853447891854 -0.83414154720425004 -1.0811636381598648
decision_type=2 2 2 2 2 2 2 2 2 2 2 2 2 2 2 2 2 2 2 2 2 2 2 2 2 2 2 2 2 2 2 2 2
left_child=-1 2 3 16 5 -5 32 8 -4 15 17 12 -3 14 -12 -9 25 -11 -8 -6 -21 24 23 -23 -14 -2 -13 30 -29 -30 31 -24 -7
right_child=1 11 7 4 19 6 18 9 -10 10 13 26 21 -15 -16 -17 -18 -19 -20 20 -22 22 27 -25 -26 -27 -28 28 29 -31 -32 -33 -34
leaf_value=-0.00010686106891589473 0.0087431089115818667 -0.0014039094571976253 0.0041149058102138347 -0.0090239533634815655 0.00027205844101407779 -0.0041309113649923204 0.01141302668621692 0.0046597605763336256 -0.00018095669261374836 0.0083110652705413266 -1.7819409790130286e-05 -0.0019937821272597305 5.4725189136305483e-05 0.0062116115943752223 -0.0047066880773980599 -0.0013422785329693051 0.01158330834016409 -7.5636958354676113e-05 9.1918336058310597e-05 0.0004909255663672475 0.0087441131330602013 -0.00030101340108471615 -0.00066279635168763648 7.5175927772442718e-05 -0.002595106830438607 -0.0017355946849707149 0.00017511960586902718 -0.00024104412907157544 0.0022244685433377561 -0.00015830476667573181 -0.00070615298632624381 0.0010173106970895608 -6.6765852250698374e-05
leaf_weight=1299 11.000000000000002 53 44 35 27 19 35 17 51 22 78 32 28 23 27 126 68 22 25 11.999999999999998 25 47 8.9999999999999982 94 20 11.999999999999998 22 53 20 21 11.999999999999998 71 68
leaf_count=1299 11 53 44 35 27 19 35 17 51 22 78 32 28 23 27 126 68 22 25 12 25 47 9 94 20 12 22 53 20 21 12 71 68
internal_value=-9.62099e-05 0.000905554 0.00204829 0.0046906 0.00169912 -0.000663796 0.00181705 -6.86974e-06 0.00582694 -0.00199226 0.00104431 -0.000749432 0.000146019 -0.00139345 -0.00418215 -0.00597163 0.0117985 0.00890906 0.00950647 0.00894399 0.0141503 0.00151758 0.00264808 -0.00106009 -0.00471988 0 -0.00840719 0.00572825 0.00126228 0.00748443 0.00947193 0.0115513 -0.00302034
internal_weight=2528 1229 747 337 246 182 147 410 95 315 172 482 428 128 105 143 91 44 60 64 37 375 327 141 48 23 54 186 94 41 92 80 87
internal_count=2528 1229 747 337 246 182 147 410 95 315 172 482 428 128 105 143 91 44 60 64 37 375 327 141 48 23 54 186 94 41 92 80 87
is_linear=0
shrinkage=0.060181


Tree=98
num_leaves=34
num_cat=0
split_feature=1 11 3 7 3 6 9 7 13 7 7 7 6 10 3 10 3 9 3 11 9 10 10 3 11 15 6 9 3 6 10 6 3
split_gain=1.13637 0.977969 2.10706 1.35467 1.03284 1.09687 1.05838 1.00376 1.25992 0.716552 1.83322 0.936385 0.747539 0.753409 0.699142 0.926354 0.629888 1.77161 0.813791 0.744307 0.661098 0.642504 0.580595 0.577378 1.55687 1.38341 0.928323 0.671597 0.764754 0.663534 1.42654 0.998989 0.661952
threshold=1.0000000180025095e-35 0.61412925195989043 0.38314888680578441 -0.78934634977187412 0.50115272321200155 0.51778132894849893 1.1129823073903073 -1.2788570111292945 -0.17605962364547922 0.35199089904751929 0.61340496951064438 0.69883440430251642 -0.69744188528903661 -0.6688205967416555 1.2762404773613329 0.65072405188182347 -0.089704673933957743 -0.42824313451887347 -0.50081561275691477 1.2129408033694828 -1.1261275879778223 -0.3091245453737374 0.15370339768198807 -0.48938058852909977 0.8137331024297545 1.0000000180025095e-35 -0.79092059407653936 -0.36051699281500099 -1.1764291680277481 -0.60396317650153386 0.89221963053243225 -1.0401971508432133 1.1196352115001185
decision_type=2 2 2 2 2 2 2 2 2 2 2 2 2 2 2 2 2 2 2 2 2 2 2 2 2 2 2 2 2 2 2 2 2
left_child=9 3 16 -2 -4 -6 7 -7 -9 23 -11 -12 13 -13 -5 -16 17 -3 -19 20 -18 -20 -14 24 25 29 -25 -27 -29 31 -31 -1 -28
right_child=1 2 4 14 5 6 -8 8 -10 10 11 12 22 -15 15 -17 19 18 21 -21 -22 -23 -24 26 -26 27 32 28 -30 30 -32 -33 -34
leaf_value=0.0026681956335573797 0.0032850432956041896 -0.0013194207981999217 -0.006588727863463757 8.6202778450632228e-05 0.00019830703635992218 0.0019859272565458915 0.0044490839567235471 -0.0025208548383423815 0.0030768088198907099 0.0011570938608208884 -0.0093607655876926533 -0.0014761383703580373 0.00084344256920141486 -0.030863916000789561 7.2566404025796525e-05 -0.001317960414872814 -0.00055343845139895821 0.0047461025938200941 0.0033571060305475275 0.0002652611794538032 0.0060183227688503692 -0.0016166579677795022 -0.00010578078946713943 -0.0048307447112240116 -0.0088292751725874714 -0.00012429153437292119 0.00010356531666164054 0.0019647108486737382 -0.016061645043294985 0.013123489301449409 -0.0099631628497693619 -0.0073719722889625909 -0.00089178619144180977
leaf_weight=23 72 57 18 1078 37 9.9999999999999982 17 86 25 58 23 57 58 12.999999999999998 72 36 8.9999999999999982 56 13.999999999999998 47 32 27 40 28 27 41 281 8.9999999999999982 39 20 10.000000000000002 23 85
leaf_count=23 72 57 18 1078 37 10 17 86 25 58 23 57 58 13 72 36 9 56 14 47 32 27 40 28 27 41 281 9 39 20 10 23 85
internal_value=-7.2438e-05 0.000799782 -0.0015844 0.00167182 -0.00628955 -0.00422781 -0.00681998 -0.00895788 -0.0107898 -0.00190512 0.000606854 -0.00202471 -1.65576e-05 -0.00494438 0.00111535 -0.00326088 0.00197183 -1.80284e-05 0.00451471 0.00594373 0.0115321 -0.000738313 0.00298951 -0.00306692 -0.0058602 -0.00305081 -0.00152074 -0.0081541 -0.0128833 0.0023037 0.00903895 -0.0012705 -0.000496164
internal_weight=2528 1693 435 1258 193 175 138 121 111 835 249 191 168 70 1186 108 242 154 97 88 41 41 98 586 192 165 394 89 48 76 30 46 366
internal_count=2528 1693 435 1258 193 175 138 121 111 835 249 191 168 70 1186 108 242 154 97 88 41 41 98 586 192 165 394 89 48 76 30 46 366
is_linear=0
shrinkage=0.060181


Tree=99
num_leaves=34
num_cat=0
split_feature=5 5 5 14 9 5 4 6 4 6 11 9 6 6 6 8 17 6 8 12 9 7 9 4 9 7 8 13 13 5 5 8 12
split_gain=0.522902 1.80601 1.27113 0.865169 0.753722 0.753413 1.10519 1.58765 1.52993 1.28573 1.25498 1.06601 0.886429 0.845066 0.829449 1.09756 0.798981 0.801266 0.773464 0.853535 0.797282 0.773215 0.653339 0.649589 0.600673 0.5757 0.572183 0.479658 1.30566 1.01939 0.662105 0.626031 0.733595
threshold=-0.68215361783426121 -0.60793512424481266 -0.64752046005547004 -0.738224098466287 0.25150224294226831 -1.0186951952877981 0.12445874471937521 1.390249277631858 -0.60451789746136397 0.019228215415150855 2.2109600557188034 -0.67579976664873309 -0.63512274609736818 0.79821745531100707 0.23734520258599057 -0.64211977380152041 1.0000000180025095e-35 0.73589831611933854 -0.10898571996945279 0.86351510968011858 -0.49545164863115554 -0.24003508406014382 -0.78160386104205093 -0.31387894862066579 0.25150224294226831 -0.45873443712733469 1.3408903144075663 4.3864087763499127 2.2738243745509061 2.4198173272706227 -0.43342961991082624 1.082032558742797 1.0000000180025095e-35
decision_type=2 2 2 2 2 2 2 2 2 2 2 2 2 2 2 2 2 2 2 2 2 2 2 2 2 2 2 2 2 2 2 2 2
left_child=3 2 23 4 -1 14 7 8 12 11 22 -8 -7 21 15 -5 17 -14 20 -20 -16 -10 -9 -2 -15 -18 -13 28 29 -3 -30 32 -31
right_child=1 27 -4 5 -6 6 9 10 13 -11 -12 26 16 24 18 -17 25 -19 19 -21 -22 -23 -24 -25 -26 -27 -28 -29 30 31 -32 -33 -34
leaf_value=-0.00026891677113651934 -0.00010802026035992082 2.8109996417600727e-05 0.0042476610041113534 -0.00048442884057899927 0.0079083102057601624 0.0074012673673651943 1.1172436572542637e-05 -0.00081099671978247182 0.0076008478753452112 3.1376415146144952e-06 0.0022160444602485211 -0.013568154931580647 -0.0067955303837877066 -0.00078644838689776993 -0.0010748516211870765 0.0039303769663012276 0.00037821603985164663 3.1937633351280739e-05 -0.0037625462439723409 0.0015179054817517773 0.010363528120543123 8.2687024708921313e-05 -0.0027640345766490925 0.0029285884686759598 0.01173732354407489 -0.00043586096760273707 -0.00021414242487158468 0.0053185335510818549 0.0010838839964962177 -0.0054287663256800383 -0.0035905972319812017 0.0047374057578500198 0.0010549311666222592
leaf_weight=27 21 1754 50 9.9999999999999982 18 9.9999999999999982 15.999999999999998 7.9999999999999991 31 31 12.999999999999998 44 34 22 17 32 17 15.999999999999998 23 13.999999999999998 23 36 33 29 13.999999999999998 32 8.9999999999999982 23 7.9999999999999991 45 38 20 9.9999999999999982
leaf_count=27 21 1754 50 10 18 10 16 8 31 31 13 44 34 22 17 32 17 16 23 14 23 36 33 29 14 32 9 23 8 45 38 20 10
internal_value=-1.12235e-06 0.000422349 0.00815966 -0.00169706 0.00563029 -0.00253078 -0.0039155 -0.00157308 0.000571433 -0.00932141 -0.0104967 -0.0137158 -0.00403359 0.00595419 0.00125031 0.00798013 -0.00618632 -0.0112799 -0.00190181 -0.00822174 0.00282549 0.00984252 -0.0155798 5.30062e-05 -7.17437e-05 0 -0.0175928 0 -0.000113635 0.000116487 -0.00976308 -0.00654392 -0.00980409
internal_weight=2528 1998 100 530 45 485 366 266 212 100 54 69 109 103 119 42 99 50 77 37 40 67 41 50 36 49 53 1898 1875 1829 46 75 55
internal_count=2528 1998 100 530 45 485 366 266 212 100 54 69 109 103 119 42 99 50 77 37 40 67 41 50 36 49 53 1898 1875 1829 46 75 55
is_linear=0
shrinkage=0.060181


Tree=100
num_leaves=34
num_cat=0
split_feature=10 5 2 9 9 9 6 6 6 3 10 5 9 5 2 6 5 3 5 10 3 10 2 10 9 9 9 7 10 9 7 2 3
split_gain=0.808147 0.828381 1.08626 0.72931 0.601791 0.825265 0.655154 1.2488 0.677555 0.697065 0.579434 0.582685 0.51057 0.822993 0.649255 0.56114 0.49723 1.3572 0.752715 0.947991 1.30253 1.12532 1.06475 0.805232 0.770405 1.18908 1.07337 0.840501 0.79046 0.628457 0.626646 0.599519 0.848338
threshold=-1.1059096613797432 0.42814310094508806 -0.74788165750901148 0.30579111329972858 1.0284094218146742 0.51541314845379038 -0.35468661973485993 0.14386649379848784 -0.63512274609736818 -0.68306452850965205 -1.3457877734402814 -0.43342961991082624 -0.4420685702578554 1.430289428369991 0.84593279836536917 -1.0090375812473789 1.2230743584706274 -0.71819098996271269 0.65058988516401328 -0.91068553844788325 -1.0084583183143951 -0.82620848536448277 0.0082327034545126004 -0.76034045841347386 1.0284094218146742 0.62494859644616907 0.74186853447891854 -0.77226046281349958 0.76726582678424871 1.3167932581544126 -0.43054272364601615 -0.5724329503557356 1.0841188126301304
decision_type=2 2 2 2 2 2 2 2 2 2 2 2 2 2 2 2 2 2 2 2 2 2 2 2 2 2 2 2 2 2 2 2 2
left_child=1 4 3 -3 5 6 8 -8 9 -1 -11 -12 14 -14 15 -4 18 -18 19 20 -2 -21 -22 -23 25 -25 -27 -26 29 -29 -28 -20 -33
right_child=16 2 12 -5 -6 -7 7 -9 -10 10 11 -13 13 -15 -16 -17 17 -19 31 21 22 23 -24 24 27 26 30 28 -30 -31 -32 32 -34
leaf_value=0.0030887512580604157 0.0021045646565526388 0.00015494219283629149 -0.0030699056798300767 -0.0079200103764202473 0.0033872003975570883 -0.003981465953765838 -0.0043627369031628283 0.0053069555848989222 0.001044719686106182 -0.0025495294845902421 0.0094617916785295127 -0.0021874806233653818 -0.00026664904755456092 0.001946853919394409 0.0063595272846801807 0.003743635538947829 0.00030409805039388583 -0.002371050850145601 8.5639533496625184e-06 0.0011967601442513381 0.0015883218220272409 -0.0012034461627706472 -0.0052165454096171114 -1.5131088750011995e-06 -0.00087957320310863411 -0.0021446851648108806 0.00062144836566284346 0.00067366133274709267 0.0041811448596066414 -4.8017807448495535e-05 -0.0017613466757959309 0.0021221262211227436 -0.00095319581697005237
leaf_weight=62 20 22 20 23 31 27 14.000000000000002 7.9999999999999991 19 15.999999999999998 14.999999999999995 21.000000000000004 31 52 8.9999999999999982 8.0000000000000018 80 81 69 49 18 47 58 1239 54 48 41 58 55 109 64 49 10.999999999999998
leaf_count=62 20 22 20 23 31 27 14 8 19 16 15 21 31 52 9 8 80 81 69 49 18 47 58 1239 54 48 41 58 55 109 64 49 11
internal_value=0.000119982 0.00268844 -0.00019532 -0.00810667 0.00515313 0.00325775 0.00514037 -0.00246141 0.00684933 0.00411796 -5.10996e-05 0.00311087 0.00245741 0.00524454 -0.00229318 -0.00770675 -0.000308707 -0.00349056 -1.6527e-05 -0.000356745 -0.00607054 -1.60746e-06 -0.00986373 -0.000299301 -3.77017e-05 -0.000648863 -0.00559031 0.00280823 0.00454743 0.00195679 -0.00141149 0.0043329 0.00856029
internal_weight=2528 378 165 45 213 182 155 22 133 114 52 36 120 83 37 28 2150 161 1989 1860 96 1764 76 1715 1668 1392 153 276 222 167 105 129 60
internal_count=2528 378 165 45 213 182 155 22 133 114 52 36 120 83 37 28 2150 161 1989 1860 96 1764 76 1715 1668 1392 153 276 222 167 105 129 60
is_linear=0
shrinkage=0.060181


Tree=101
num_leaves=34
num_cat=0
split_feature=12 6 6 4 2 4 4 7 2 5 5 3 3 2 16 8 5 13 12 8 16 8 5 7 3 6 5 8 7 3 4 8 3
split_gain=0.514688 0.906157 1.03643 1.16123 1.41829 1.35267 1.0424 1.43451 0.824385 1.49229 1.36563 0.979609 0.960959 0.87213 0.827168 0.712828 0.70797 0.671838 1.21047 1.17063 0.944044 0.853681 1.02455 0.799885 0.858419 0.669975 0.998888 0.894089 0.643877 0.950956 0.893402 0.728558 0.617204
threshold=0.35096141226961375 -0.79092059407653936 -0.35468661973485993 -0.98820330290396907 -1.2356273598074463 0.9879876948050127 -0.50271089716063144 -0.86366995804080215 0.84133352206318546 -0.89831236736266751 -0.85458774881966082 1.1196352115001185 1.0074112315307975 2.1922930733376207 1.0000000180025095e-35 -0.496476567162423 1.000812697639335 -0.30807487347089119 0.86351510968011858 -0.93206443923558968 1.0000000180025095e-35 -0.60938565582620374 -0.10222724496435799 -0.52707798496083103 -0.28176410276370983 -0.75976102448070504 -0.43342961991082624 -1.0811636381598648 0.23580686773057619 -0.15938547848144871 -0.73896672974364552 1.4845567103040385 0.69599462098901521
decision_type=2 2 2 2 2 2 2 2 2 2 2 2 2 2 2 2 2 2 2 2 2 2 2 2 2 2 2 2 2 2 2 2 2
left_child=8 16 3 -3 -5 -6 17 -8 11 -10 -11 12 -1 25 -13 -15 -2 18 21 -19 28 -4 32 -21 -25 26 -12 -27 29 -20 -31 -30 -23
right_child=1 2 6 4 5 -7 7 -9 9 10 13 14 -14 15 -16 -17 -18 19 20 23 -22 22 -24 24 -26 27 -28 -29 31 30 -32 -33 -34
leaf_value=-8.6425114698940355e-06 -0.0050137327255888866 -0.0002562959251820587 -0.0007742319753722926 -0.0065164641283633872 0.0032501672117802556 -2.8593853889936307e-05 -0.0078431389482031839 -0.00019890284625934395 -0.00099042926443417912 0.0029726840845315326 0.0095583070644748944 -0.00010142843391800074 0.0017560479728919126 0.0031791897314562673 -0.0029224657593804738 -0.0026287462469293649 0.0039109393531373106 -0.010266468961901365 -0.01025795440899125 -0.00017165152483826133 0.0030189652701861094 0.0044964156254659804 -0.021992784128984481 -0.00083096395347882605 0.0090798462895662797 -0.0028801672422318135 -0.004425277942461627 0.0020755095695133511 0.0013534575738564623 -0.00058524826664784293 0.00019913607878052807 -0.0037110334897652586 0.0027008822360732269
leaf_weight=1288 72 25 18 21 53 21 28 170 55 18 11.999999999999998 31 34 15.999999999999998 24 26 14.999999999999998 20 32 17 21 27 8.9999999999999982 8.9999999999999982 34 25 47 228 45 43 24 11.999999999999998 7.9999999999999991
leaf_count=1288 72 25 18 21 53 21 28 170 55 18 12 31 34 16 24 26 15 20 32 17 21 27 9 9 34 25 47 228 45 43 24 12 8
internal_value=1.12235e-06 -0.00132728 -0.000427184 0.00440495 0.00765793 0.0116689 -0.00168163 -0.00508877 0.000567557 0.00287167 0.00433363 -0.000111034 0.000183739 0.00320544 -0.00775028 -0.00402122 -0.00700566 0.000288629 -0.00112799 0.00507281 -0.00384777 0.00554732 0.0101733 0.00950647 0.0136198 0.00439476 -0.000526033 0.00575702 -0.00567376 -0.00853246 -0.00302354 0 0.0148834
internal_weight=2528 724 637 120 95 74 517 198 1804 427 372 1377 1322 354 55 42 87 319 239 80 177 62 44 60 43 312 59 253 156 99 67 57 35
internal_count=2528 724 637 120 95 74 517 198 1804 427 372 1377 1322 354 55 42 87 319 239 80 177 62 44 60 43 312 59 253 156 99 67 57 35
is_linear=0
shrinkage=0.060181


Tree=102
num_leaves=34
num_cat=0
split_feature=18 10 8 8 8 10 4 4 8 2 10 0 5 10 0 3 4 4 4 14 4 14 5 3 2 17 2 5 7 2 7 8 7
split_gain=0.735186 1.98034 1.1384 1.39731 1.06391 1.03774 1.02472 0.940527 0.842301 0.988521 0.837071 0.743637 0.698128 0.6721 0.656862 1.07416 0.865798 0.739662 0.60229 0.680865 0.98739 1.08514 0.803112 0.850239 0.71157 1.41274 0.928431 1.23707 1.14793 0.781934 0.741942 0.616997 0.614123
threshold=1.0000000180025095e-35 -0.042568971875159345 2.0156529928194646 -0.27784623751199261 -0.8650938053363203 0.45833972955897767 1.7493726126737148 1.932918031135513 -0.0074836888475316487 1.1813001981504991 -0.83861078052272608 1.0000000180025095e-35 -0.39957946685193968 -0.49361366080074071 1.0000000180025095e-35 -0.91377560877392427 -0.34944362648252031 0.68885405227886709 -1.0364305456446015 1.0000000180025095e-35 -0.50271089716063144 1.7092913388094815 -0.14620478637704717 0.42149950332815328 -0.88916812100965448 1.0000000180025095e-35 -0.54275510494929147 -0.99213949716383398 0.69883440430251642 -0.32422773220151985 0.80562119779235386 0.67185515024160569 1.6078035904880215
decision_type=2 2 2 2 2 2 2 2 2 2 2 2 2 2 2 2 2 2 2 2 2 2 2 2 2 2 2 2 2 2 2 2 2
left_child=1 2 3 4 10 -3 8 14 11 -10 12 -5 -1 -4 16 -16 -6 -18 32 24 22 -22 23 -21 25 30 28 -28 -26 -29 31 -20 -2
right_child=18 5 13 6 7 -7 -8 -9 9 -11 -12 -13 -14 -15 15 -17 17 -19 19 20 21 -23 -24 -25 26 -27 27 29 -30 -31 -32 -33 -34
leaf_value=0.0021756914292205038 -0.0041603263503217748 -0.00039024927547036295 0.0062377012485229887 -0.005571955512220856 -0.00015104059961652718 8.0442640717544924e-05 -0.002413159474995554 -0.00050747292950315817 0.0003955362661869549 -0.0063249484558368487 0.00062545921189740194 0.0006093303999555467 -0.0023814199994792243 0.00033581549928183272 0.00019290254430831181 0.0084671777644894607 0.0036487328522069574 7.823993699445717e-05 -0.0062643996194262789 0.0018453920954440664 -0.00088840678449896059 0.0005901530520940713 -0.0019873625942026167 -4.7068388513646436e-05 0.00069457329752306476 0.00063150830399775831 -0.0012193982279162137 -0.0014646457482761601 -0.0026245814618411482 0.00017287201119892804 -0.00024270448222492744 -0.0039754205093165866 0.0024721481745606112
leaf_weight=19 52 353 16.000000000000004 28 52 483 50 29 216 33 71 30 54 10.999999999999998 26 68 35 30 30 17 116 19 13.999999999999998 19 74 73 23 37 19 342 67 12.999999999999998 8.9999999999999982
leaf_count=19 52 353 16 28 52 483 50 29 216 33 71 30 54 11 26 68 35 30 30 17 116 19 14 19 74 73 23 37 19 342 67 13 9
internal_value=2.48942e-05 0.000825342 0.00304547 0.00246891 0.00497578 -0.00115023 -9.13241e-05 0.00742299 0.0010748 0.00275103 0.000426969 -0.00493061 -0.00357234 0.0148411 0.00884672 0.0129773 0.00476402 0.00925223 -0.00130062 -0.000801892 -0.00400364 -0.00675049 0.00229839 0.00766955 4.16862e-06 -0.00307903 0.00127304 0 0.00657054 0.000872538 -0.00744141 -0.0136198 -0.00703049
internal_weight=2528 1604 768 741 384 836 357 240 307 249 144 58 73 27 211 94 117 65 924 863 185 135 50 36 678 183 495 402 93 379 110 43 61
internal_count=2528 1604 768 741 384 836 357 240 307 249 144 58 73 27 211 94 117 65 924 863 185 135 50 36 678 183 495 402 93 379 110 43 61
is_linear=0
shrinkage=0.060181


Tree=103
num_leaves=34
num_cat=0
split_feature=0 10 8 15 3 6 16 8 8 7 6 2 8 8 7 10 3 2 7 8 8 4 10 6 10 14 4 8 2 5 3 17 3
split_gain=0.552169 0.678149 0.644331 1.33548 0.676796 0.73816 0.934796 1.15864 0.665534 0.637285 0.661895 0.708107 0.679043 0.585111 1.1961 0.547349 0.881295 0.830869 1.0585 0.737456 0.718712 0.953306 0.990125 1.01262 0.750148 1.22376 1.09661 0.780047 1.76414 0.772822 0.744859 0.728343 0.627755
threshold=1.0000000180025095e-35 1.7331757004153112 2.1581858124231945 0.88625919121491659 2.4614863987988769 0.98517487288601269 1.0000000180025095e-35 0.67185515024160569 2.2758293265595655 -2.4560746225612746 0.73589831611933854 -0.16731763273310926 -1.2196428611152819 -0.87990137075766905 1.0994984534763907 0.41199039263780374 0.26419906212908378 -0.1247480331865891 -0.62190465757980651 1.9085023646409709 0.8136468501624029 0.36748307978074674 -1.3058401568272686 -0.043090923776517541 -0.83861078052272608 1.0000000180025095e-35 -0.96947746718373395 -0.87990137075766905 0.45791883845631787 -0.35723804734510162 1.45441532436159 1.0000000180025095e-35 -0.58259556267112467
decision_type=2 2 2 2 2 2 2 2 2 2 2 2 2 2 2 2 2 2 2 2 2 2 2 2 2 2 2 2 2 2 2 2 2
left_child=1 2 4 8 5 9 7 -7 -4 -1 12 -12 -11 14 -14 20 17 -17 -19 -18 21 24 -23 31 27 26 29 28 -2 -26 -28 -24 -22
right_child=15 -3 3 -5 -6 6 -8 -9 -10 10 11 -13 13 -15 -16 16 19 18 -20 -21 32 22 23 -25 25 -27 30 -29 -30 -31 -32 -33 -34
leaf_value=-0.018736707184567544 -0.0063095990019282379 0.0001876835186969762 0.00012874704221838633 -0.00081827427510553223 0.010806572458267527 -0.0023504267662662966 -0.00032181070361778585 0.00045786004472851048 0.0026037832374959323 0.0004982671967774943 0.0039299414557810919 -0.00028649819762889144 -0.00024078199478511902 -7.1175980836754029e-05 -0.0098605863458681459 -3.5853142397718153e-05 -0.00030523138420977662 -0.0033642678398343251 0.0038364153819499176 0.012879265384967011 -0.0010641474062068493 0.00075755144179816367 -0.00070193341480534531 0.0049601526259703006 0.00050271460844497986 2.4016224333049124e-05 0.0033435811123049704 0.00056544843191470775 0.0075913155236029305 -0.0091946516800884767 0.00015074639553638164 -0.0061431061695891966 7.9078567863279949e-05
leaf_weight=12.999999999999998 22 48 11.999999999999998 11.999999999999998 15.999999999999998 59 60 20 23 47 23 42 111 790 23 171 188 15.999999999999998 51 11.999999999999998 50 57 110 29 9.0000000000000018 81 145 94 13.999999999999998 11.999999999999998 20 33 115
leaf_count=13 22 48 12 12 16 59 60 20 23 47 23 42 111 790 23 171 188 16 51 12 50 57 110 29 9 81 145 94 14 12 20 33 115
internal_value=0.000119982 -0.000718289 -0.00103358 0.00540777 -0.0013479 -0.00156801 -0.00571712 -0.00986978 0.0117655 -0.000946061 -0.000697394 0.00486613 -0.00114527 -0.00156013 -0.00526883 0.00105203 -0.000551547 0.00175538 0.0072854 -0.0035609 0.00201061 0.00296766 0 -0.00241514 0.0047392 0.00657115 0.00921968 0.000471709 -0.00614999 -0.00133847 0.0109034 -0.00474013 -0.00126613
internal_weight=2528 1299 1251 47 1204 1188 139 79 35 1049 1036 65 971 924 134 1229 438 238 67 200 791 626 229 172 397 267 186 130 36 21 165 143 165
internal_count=2528 1299 1251 47 1204 1188 139 79 35 1049 1036 65 971 924 134 1229 438 238 67 200 791 626 229 172 397 267 186 130 36 21 165 143 165
is_linear=0
shrinkage=0.060181


Tree=104
num_leaves=34
num_cat=0
split_feature=19 8 6 6 8 10 0 9 8 8 8 2 6 8 8 3 2 12 13 10 12 18 8 8 12 4 4 9 10 2 13 15 8
split_gain=0.559522 0.868613 0.882294 1.07278 0.549991 0.866796 0.648459 0.801376 0.84556 1.85485 0.881023 1.10119 1.34369 1.04825 0.922103 0.8929 0.867175 1.09579 0.97715 0.747365 1.27229 1.01542 1.18115 1.01175 1.03451 0.89707 0.791772 0.92173 0.8866 0.728234 0.775652 0.722422 1.49884
threshold=1.0000000180025095e-35 -0.93206443923558968 0.39314305056516186 0.081547354606819361 -1.4576733354553082 -0.68601745342419274 1.0000000180025095e-35 -1.8655880814435755 0.21959181758521781 0.2971122736877177 -0.15090090600725856 -0.3050148239043744 -0.54164403730986543 -0.87990137075766905 -0.84055574225345941 -0.54967891987932205 -0.38588882574775102 -0.67414598255139557 0.38251053974442206 -0.069769268150067634 1.0000000180025095e-35 1.0000000180025095e-35 -0.88997497836288608 -0.17772439867318807 0.86351510968011858 1.932918031135513 -0.46255576051341812 -0.4787707433175486 -0.71977981365931376 0.34367770623121402 0.12390536042666062 0.88625919121491659 2.2758293265595655
decision_type=2 2 2 2 2 2 2 2 2 2 2 2 2 2 2 2 2 2 2 2 2 2 2 2 2 2 2 2 2 2 2 2 2
left_child=4 -2 3 -3 5 -1 7 -6 10 -10 11 12 -9 -13 -15 -16 17 -12 -18 20 26 22 -22 24 -23 -24 27 -8 -29 30 -28 32 -11
right_child=1 2 -4 -5 6 -7 19 8 9 31 16 13 -14 14 15 -17 18 -19 -20 -21 21 23 25 -25 -26 -27 29 28 -30 -31 -32 -33 -34
leaf_value=-0.011088973203629031 -0.012834585152144584 0.0024525083479575854 0.012901687187138872 -0.018217314089487954 0.0053121869689826511 0.0063750878222837617 0.0085318566202456526 -0.000803398686646838 0.0043645238202461361 -4.4572145635720171e-05 0.00080050829516992443 -0.0021262922218735513 0.00046828098430309889 0.010092208192340859 0.00023182031175220317 -0.00047413466026415799 6.6026579024690887e-05 -0.0072262364290708097 -0.0065252050370051854 -5.9290150370088814e-05 -0.00029378887089202106 0.0010927661825215816 0.0098100253056208446 -0.00093592928908753316 -0.0080757518023948371 -0.0001562019355262546 0.0003019333699782349 0.0018763466888215498 -0.0038969091909671488 -0.00064043080906618221 -0.0022979955706074178 -0.0018904646025400612 0.0020114120706297921
leaf_weight=9.0000000000000018 18 52 28 15.999999999999998 26 19 23 106 27 278 11.999999999999998 113 135 9.9999999999999982 65 171 69 54 11.999999999999998 653 12.999999999999998 34 63 43 9.9999999999999982 13.999999999999998 162 42 13.999999999999998 113 13.999999999999998 90 20
leaf_count=9 18 52 28 16 26 19 23 106 27 278 12 113 135 10 65 171 69 54 12 653 13 34 63 43 10 14 162 42 14 113 14 90 20
internal_value=4.86661e-05 0.00411796 0.00667474 0.00172062 -0.000125639 0.00770675 -0.000253034 -0.00126499 -0.00155136 0.000509968 -0.00276988 -0.00159995 0.0013648 -0.00374213 -0.00121691 -0.00227237 -0.00701182 -0.0121455 -0.00181189 0.000703539 0.00236369 0.00651353 0.0109602 0.00102769 0.00764486 0.0138478 0.000169595 0.0054985 4.76703e-05 -0.00114092 0.00102105 -0.00046829 0.000807566
internal_weight=2528 114 96 68 2414 28 2386 1188 1162 415 747 600 241 359 246 236 147 66 81 1198 545 177 90 87 44 77 368 79 56 289 176 388 298
internal_count=2528 114 96 68 2414 28 2386 1188 1162 415 747 600 241 359 246 236 147 66 81 1198 545 177 90 87 44 77 368 79 56 289 176 388 298
is_linear=0
shrinkage=0.060181


Tree=105
num_leaves=34
num_cat=0
split_feature=2 3 5 5 5 4 9 9 10 9 7 8 3 2 4 8 2 5 4 8 8 2 8 17 4 8 5 14 9 8 2 4 2
split_gain=0.468275 0.862179 0.816173 1.09393 1.23089 0.648545 0.643833 1.06778 0.866582 0.614615 1.12138 1.55704 1.2974 0.717852 0.948269 1.12379 0.608938 0.833906 0.604211 0.601917 0.517656 1.13381 0.849362 1.21252 1.05481 0.952212 1.14905 0.945242 0.732318 0.884803 1.63933 1.02006 0.894252
threshold=1.1056249656301982 1.1960079319050072 -0.68215361783426121 -0.78974731983922719 -0.89831236736266751 -0.45666477035085801 -0.67579976664873309 -0.79070591143695002 1.3941018469968831 -1.371227512837859 0.75778071430890714 -0.20711515132130801 -0.64189394657123477 0.38179623501307935 -0.88731954712355243 0.071273264979403408 1.4793327969628769 -0.47455097139352698 -1.0364305456446015 1.0498510008212814 -0.76356628920761604 0.98020873289177801 -0.51983604399011052 1.0000000180025095e-35 2.2911857679507306 -0.46093656480603734 -0.55500941399647818 -0.738224098466287 -0.62650809520000927 -1.1609168105027414 -1.0266085614723386 0.040431495148044158 0.4117469252584019
decision_type=2 2 2 2 2 2 2 2 2 2 2 2 2 2 2 2 2 2 2 2 2 2 2 2 2 2 2 2 2 2 2 2 2
left_child=1 9 3 4 -2 -6 7 16 19 10 12 -12 -1 14 -14 -16 17 -4 -11 -8 28 22 23 -22 25 26 -24 -27 29 -20 -31 32 -32
right_child=2 -3 6 -5 5 -7 8 -9 -10 18 11 -13 13 -15 15 -17 -18 -19 20 -21 21 -23 24 -25 -26 27 -28 -29 -30 30 31 -33 -34
leaf_value=-0.0041457087756575578 -0.0007418533216785718 -0.00048649983415752142 -0.0014863315789645914 -0.0018634485077457491 0.0024289649564408697 -0.00036771515805672706 0.0023672165687586844 -0.0021468828046691292 -0.002551400418056063 -0.00035657902736803242 0.0082191186814708859 -0.0031498277184577234 0.0036639927769960431 0.0011255849724175406 -0.0029667151836204756 0.00023494810559411577 -0.0018292148902226734 0.008806210202125242 0.0014484921647629854 -0.00010382520728766104 0.00062958670643124793 -0.0024376063121940871 0.0011762351462640686 -7.9910829758152486e-05 -0.0072434238571470692 0.00063032943991001673 -0.0027770568058361725 0.00012322998779005974 -0.00037053123435957234 0.0018859439134317332 -0.0027136753247132537 0.0011613520044961433 0.0020384693175781706
leaf_weight=34 49 107 11.999999999999995 26 15.000000000000002 11.999999999999998 132 13.999999999999998 14.999999999999998 171 20 11.999999999999998 17 27 44 14.999999999999998 32 20.000000000000004 32 18 147 19 13.999999999999998 63 56 223 29 768 278 18 40 35 13.999999999999998
leaf_count=34 49 107 12 26 15 12 132 14 15 171 20 12 17 27 44 15 32 20 32 18 147 19 14 63 56 223 29 768 278 18 40 35 14
internal_value=-0.000191297 -0.00053799 0.00182081 -0.0023064 0.000791696 0.0109082 0.00379412 -3.48187e-05 0.00590631 -0.000232876 -0.00367744 0.00515064 -0.00622646 -0.0020025 -0.00532771 -0.00917768 0.00271262 0.0085312 4.87348e-05 0.00746256 0.000416769 0.00102594 0.0012948 0.00480289 0.000552898 0.00104674 -0.00716324 0.00148529 -0.00136604 0.00191899 -0.000297745 -0.00425486 -0.00945192
internal_weight=2528 2183 345 102 76 27 243 78 165 2076 169 32 137 103 76 59 64 32 1907 150 1736 1319 1300 210 1090 1034 43 991 417 139 107 89 54
internal_count=2528 2183 345 102 76 27 243 78 165 2076 169 32 137 103 76 59 64 32 1907 150 1736 1319 1300 210 1090 1034 43 991 417 139 107 89 54
is_linear=0
shrinkage=0.060181


Tree=106
num_leaves=34
num_cat=0
split_feature=0 12 4 3 18 4 2 2 5 5 7 13 5 13 5 3 7 12 16 12 13 2 13 2 15 5 5 2 3 2 3 7 2
split_gain=0.562389 0.567823 0.522247 0.659368 1.16684 0.720542 0.612066 0.984544 0.730684 0.9006 0.659359 1.44108 1.23298 1.15671 1.1228 0.826174 0.634415 1.2762 0.965831 1.09145 1.58401 1.47513 0.903853 0.863324 0.878789 0.749681 0.880562 1.18697 0.733868 0.687549 0.682068 0.626595 0.651737
threshold=2.0956703239782959 0.35096141226961375 -1.0364305456446015 0.042611129983401504 1.0000000180025095e-35 -1.112373504735358 -0.22449256080141552 -0.098713043191178226 -0.29834528583205649 -0.61479346138693536 -0.31265010363323603 0.087112227545054308 0.42814310094508806 -0.12793924813453814 2.239979907126203 0.57194108049591175 -0.45190008234398399 -0.67414598255139557 1.6165153522599058 1.0000000180025095e-35 0.087112227545054308 0.92772950942564225 -0.047343223783391591 0.16666499774008839 0.88625919121491659 -0.25245117209183898 -0.73626492055430026 0.78648687318898869 0.25804929448404507 -0.023849047903510546 -1.0084583183143951 1.8213771774676986 -0.77882798733465475
decision_type=2 2 2 2 2 2 2 2 2 2 2 2 2 2 2 2 2 2 2 2 2 2 2 2 2 2 2 2 2 2 2 2 2
left_child=2 -2 3 4 5 -1 10 8 9 -8 11 -4 15 31 -15 -12 17 22 19 20 23 30 -9 -18 -25 26 -19 -28 -27 -21 -22 32 -14
right_child=1 -3 6 -5 -6 -7 7 16 -10 -11 12 -13 13 14 -16 -17 18 25 -20 29 21 -23 -24 24 -26 28 27 -29 -30 -31 -32 -33 -34
leaf_value=0.0058672891482728778 0.0010763488442485044 -0.002836990371140137 -0.0010526939849896709 -0.00051960988548188083 -0.0024224789839889299 -2.6568545802015126e-05 -1.4155850383437581e-05 0.0011014243392861145 -0.00010884158445120561 -0.0092933493011217484 0.00041738391315662265 0.0031847272004439167 0.00080013595356632789 -0.0023504145373419499 0.0067918153418059304 -0.0051140577320435525 -0.00010723643039554726 -0.00073098927650834381 0.0077465758968109106 0.005650358891349243 0.0024811933822591055 0.00283266019466197 -0.00060038891196495135 -0.0010489846495643201 0.0062858851603553147 0.00024392808811119827 -0.00025095285388571217 0.0035287234479139027 -0.0017145050248381307 -2.0123038967181395e-06 -0.0030220981261817729 -0.0083334644017975332 -7.5101717025841287e-05
leaf_weight=29 44 14.999999999999998 128 48 55 60 23 153 36 35 454 18 117 45 9.9999999999999982 21 137 83 22 23 11.999999999999998 24 33 268 22 49 56 67 94 204 34 15.999999999999998 93
leaf_count=29 44 15 128 48 55 60 23 153 36 35 454 18 117 45 10 21 137 83 22 23 12 24 33 268 22 49 56 67 94 204 34 16 93
internal_value=-0.000238841 0.0053325 -0.000402744 -0.00339887 -0.000834687 0.00295511 -0.000119993 -0.000940613 -0.00681151 -0.010792 0.0010664 -0.0024326 0.00182596 -0.00117299 -0.00877719 0.00371535 -0.000447267 0.00106676 -0.00160946 -0.00207168 -0.00367229 0.00412675 0.00509344 -0.00510782 -0.00697877 -0.000946775 0.00116203 0.00453824 -0.00432963 0.00118669 -0.0012705 0.00053659 0.00170375
internal_weight=2528 59 2469 192 144 89 2277 1375 94 58 902 146 756 281 55 475 1281 535 746 724 497 70 186 427 290 349 206 123 143 227 46 226 210
internal_count=2528 59 2469 192 144 89 2277 1375 94 58 902 146 756 281 55 475 1281 535 746 724 497 70 186 427 290 349 206 123 143 227 46 226 210
is_linear=0
shrinkage=0.060181


Tree=107
num_leaves=34
num_cat=0
split_feature=5 5 3 5 3 15 9 9 13 3 5 13 3 3 13 6 12 17 5 9 13 10 5 13 2 12 5 2 7 11 3 7 6
split_gain=0.737309 1.88564 1.2006 1.5453 0.803719 0.756505 0.747188 0.98526 1.08865 1.08398 1.27878 1.31382 1.15459 1.13492 1.04251 1.3336 1.18579 0.97162 1.21856 1.22134 0.794619 0.77954 1.44478 0.667464 0.623401 0.61602 1.1646 0.972861 0.903989 0.604496 1.1633 0.867439 0.594952
threshold=-0.68215361783426121 -0.60793512424481266 -0.44881620846372683 -0.7048546850540055 -0.84741864362548391 0.88625919121491659 -1.8655880814435755 -1.4222159022248613 -0.059217687072601895 -0.77201283333510051 1.0000000180025095e-35 4.1655056237591817 0.67681202699394538 0.35392370833355769 -0.23556278304446773 -0.19888877175568878 2.4011762019116332 1.0000000180025095e-35 -0.10222724496435799 -1.6492544703013423 0.89463944681923369 1.6982454084717642 1.1768908611797355 -0.19678362983526937 0.47514342173534235 0.86351510968011858 -0.84321835605418116 -0.89778852351120864 -0.15204276622451804 0.8137331024297545 -0.670548617816623 1.8213771774676986 0.95401530329017825
decision_type=2 2 2 2 2 2 2 2 2 2 2 2 2 2 2 2 2 2 2 2 2 2 2 2 2 2 2 2 2 2 2 2 2
left_child=2 4 25 5 -2 -4 -3 17 14 -10 12 -12 13 20 16 23 21 18 -8 -20 -11 29 24 -16 -23 28 -27 -28 -1 31 -31 -9 -17
right_child=1 6 3 -5 -6 -7 7 8 9 10 11 -13 -14 -15 15 32 -18 -19 19 -21 -22 22 -24 -25 -26 26 27 -29 -30 30 -32 -33 -34
leaf_value=0.0052344626191914633 -0.00043948923961045761 0.0012205601936100747 -0.00038429280819898446 -0.0010975546918428813 0.0022869239831703162 0.00054235691544250763 -0.0047611021046338664 0.00015754777508496931 0.00014308307838970248 -0.00094931007511637599 -0.0020966113247354811 0.014318310180676114 -0.0017813720027992045 0.0074997273485725956 0.0019092910911857961 0.0071314733368830555 -0.0037802680874267323 0.0013381800973795465 0.0037038817324619743 -0.010935934125961475 0.0012248004730025916 0.0060924276657383664 -0.0039978674349608447 -0.00154673601714713 5.7336353907520207e-05 -0.011838190383654995 -0.0015281649181438707 0.0026681531946725762 -7.2915965734986354e-05 -0.0054584689613377483 -0.00019586657873636636 -0.0069577018981493979 -0.0002821840527041801
leaf_weight=52 20 50 275 19 80 57 34 987 82 27 88 11.999999999999998 37 21 10.999999999999998 39 49 33 13.999999999999998 20 45 25 7.9999999999999991 38 28 15.999999999999998 21.999999999999996 16.000000000000004 73 28 185 27 9.9999999999999982
leaf_count=52 20 50 275 19 80 57 34 987 82 27 88 12 37 21 11 39 49 33 14 20 45 25 8 38 28 16 22 16 73 28 185 27 10
internal_value=-0.000262613 0.000241951 -0.00226097 -0.0043357 0.00815966 -0.00305693 -0.000159732 -0.00039156 -1.88117e-05 -0.00325065 -0.00542217 -0.0104832 -0.000922152 0.00220979 0.000650385 0.00654336 0.000159238 -0.00606803 -0.0101253 -7.55595e-05 -0.000833583 0.000561328 0.00703049 0 0.0112137 0.00149863 -0.00318352 0.00151481 0.00399971 0.000173472 -0.00265258 0.000830751 0.0132104
internal_weight=2528 1998 530 351 100 332 1898 1848 1747 312 230 100 130 93 1435 98 1337 101 68 34 72 1288 61 49 53 179 54 38 125 1227 213 1014 49
internal_count=2528 1998 530 351 100 332 1898 1848 1747 312 230 100 130 93 1435 98 1337 101 68 34 72 1288 61 49 53 179 54 38 125 1227 213 1014 49
is_linear=0
shrinkage=0.060181


Tree=108
num_leaves=34
num_cat=0
split_feature=4 9 4 9 11 4 5 9 13 4 13 9 5 4 5 13 11 9 3 3 11 3 4 5 10 9 4 13 3 11 4 10 11
split_gain=0.636194 1.59684 1.04114 0.982776 0.823689 1.1826 1.09712 0.921121 1.09504 1.12919 0.958214 0.808234 1.04486 1.02566 0.78582 1.72535 0.995304 0.852983 1.31123 0.699026 0.677515 0.676172 0.670663 1.39972 1.39578 1.57839 0.813946 1.93237 0.734485 1.28276 0.669965 0.83333 0.764869
threshold=-0.30810878936209668 1.4424469391565979 -0.49015429308371805 0.62494859644616907 0.61412925195989043 -0.41968981172855369 -1.131089730525578 -1.8025475520384029 1.473971236041012 -0.8449695640460565 -0.03931108753181594 -1.0313178294301146 1.3275919400502834 -0.88731954712355243 0.49459692688332907 -0.22875715468429778 1.4125446538393469 -0.83041376009138179 0.4275359902762953 -0.54967891987932205 -0.98270155179902219 0.9576229269467661 -0.22311022665669714 0.33087056517641972 0.41199039263780374 0.53275827965920441 -0.18127506143673786 -0.18119052441649083 0.35392370833355769 1.4125446538393469 -0.10170128139405034 1.0125747210741856 1.0000000180025095e-35
decision_type=2 2 2 2 2 2 2 2 2 2 2 2 2 2 2 2 2 2 2 2 2 2 2 2 2 2 2 2 2 2 2 2 2
left_child=1 3 -3 4 7 6 -6 -1 10 -10 11 20 13 -13 16 -16 17 -8 -19 -5 -9 -22 23 24 25 -2 27 -24 -26 -30 31 -28 -32
right_child=22 2 -4 19 5 -7 14 8 9 -11 -12 12 -14 -15 15 -17 -18 18 -20 -21 21 -23 26 -25 28 -27 30 -29 29 -31 32 -33 -34
leaf_value=0.0037546418283452301 0.0049592734318071813 0.0020669571485408466 -0.0085614130139606004 0.00018564849866360244 0.0097001918994514217 0.00024984801869994149 -0.0068633797576589453 0.0067611548053614929 0.0073170232494070755 -0.0003233577292124648 -0.0014395929327998714 -0.00016404440812008299 -0.0057642714160805568 0.00041607012965628348 0.0010788981066098637 -0.0097945384337524092 -0.00018051773007397848 -7.9940340191609621e-05 -0.007798454271980359 -0.0011665834228000288 -0.001542126948156622 0.00023146130857496687 -0.0070190756456955695 -0.001574055411638567 0.0039952077017926481 -0.00021377338087716453 0.00088137320083069926 0.011500187224174546 -0.003475895917344202 0.0039400733328437158 -0.00011844959518952362 -0.0073880820903433828 0.00020724922160166121
leaf_weight=31 35 101 18 56 7.9999999999999991 66 27 9.9999999999999982 25 29 64 135 35 277 27 11.999999999999998 79 43 24 150 56 13.999999999999998 40 18 24 14.999999999999998 82 14.999999999999998 21 20 650 10.999999999999998 310
leaf_count=31 35 101 18 56 8 66 27 10 25 29 64 135 35 277 27 12 79 43 24 150 56 14 40 18 24 15 82 15 21 20 650 11 310
internal_value=-0.000286385 -0.0012379 0.00517716 -0.00195435 -0.00106246 -0.00375029 -0.0059338 4.18089e-06 -0.000421915 0.00736246 -0.00126993 -0.000288904 0.000607309 0.00159968 -0.00699136 0 -0.00870566 -0.0129773 -0.0072854 -0.0057559 -0.00579264 -0.0082149 0.000655055 0.00464658 0.00738141 0.014648 0.000110834 -0.00672337 0.000480027 -0.00343676 0.00054378 0.00532461 2.94867e-06
internal_weight=2528 1287 119 1168 962 286 220 676 645 54 591 527 447 412 212 39 173 94 67 206 80 70 1241 133 115 50 1108 55 65 41 1053 93 960
internal_count=2528 1287 119 1168 962 286 220 676 645 54 591 527 447 412 212 39 173 94 67 206 80 70 1241 133 115 50 1108 55 65 41 1053 93 960
is_linear=0
shrinkage=0.060181


Tree=109
num_leaves=34
num_cat=0
split_feature=5 9 5 12 4 14 0 5 6 5 4 5 4 11 9 9 11 9 3 11 9 9 7 4 0 11 5 5 5 9 11 5 11
split_gain=0.598453 1.04349 0.960944 0.842727 0.826898 0.641067 0.598583 0.755851 0.968935 0.667583 0.576564 0.530234 0.683763 1.02877 0.826047 0.941211 1.3709 1.26459 0.926454 0.82236 0.803382 1.08699 0.976431 1.15967 1.06953 0.965582 0.858809 0.793 1.19624 1.09659 1.05946 0.765848 0.754558
threshold=-0.89831236736266751 0.96698680918639746 -1.0840011467426518 1.0000000180025095e-35 -0.39907874816174432 -0.738224098466287 1.01557764731833 -0.51410028920055839 0.95401530329017825 -0.044035690055023689 -0.48317328868431492 -0.86727416787017575 -0.30810878936209668 -0.98270155179902219 -1.8655880814435755 -1.1078566642165162 1.2129408033694828 -0.95413435596343354 0.68275253120686874 -1.3819092527387502 1.3305827584955294 -0.49545164863115554 -1.260916829823002 -0.073218501286353585 1.0000000180025095e-35 -0.18428614991956593 -0.52604882448403345 1.502949239920931 -0.2667915560105833 -1.3379350199102014 1.0000000180025095e-35 -0.090310672499453085 0.8137331024297545
decision_type=2 2 2 2 2 2 2 2 2 2 2 2 2 2 2 2 2 2 2 2 2 2 2 2 2 2 2 2 2 2 2 2 2
left_child=1 2 4 -3 -1 -4 11 8 10 -9 -8 -2 13 -13 -15 16 18 -17 -16 -14 21 27 -23 -24 -25 26 -22 28 29 -21 -29 -30 -19
right_child=6 3 5 -5 -6 -7 7 9 -10 -11 -12 12 19 14 15 17 -18 32 -20 20 25 22 23 24 -26 -27 -28 30 31 -31 -32 -33 -34
leaf_value=-0.00033385567782531284 0.0010368507756470765 -0.0056745962200074355 0.0032376671797194 0.0019081447031882289 0.0074446100476595282 -0.0011297027954171586 8.4725906378925066e-05 0.0094671347030780718 0.01644680556655553 0.0001193493796809824 -0.0012821555717310649 0.00074329909390209216 -0.00087090652264096367 0.0031910555672894675 -0.0031534154691371689 0.0008589751917488851 0.00019444387348261852 -0.00010434642751071386 0.00033751854415787927 -0.001754908721537776 3.3846690969154459e-05 -0.00056775260991462524 0.0026811816457628893 -7.9813175562867104e-05 0.0006656444032768665 0.00047503714006802184 -0.0043631145397303416 -0.0041831686566143307 0.0041579264854879902 1.3875186159002932e-05 0.000536363958666138 9.5068436148883548e-05 -0.00046732695034992696
leaf_weight=46 28 13.999999999999998 15.999999999999998 25 22 108 9.0000000000000018 43 9.9999999999999982 63 15.999999999999998 107 133 34 62 33 17 580 14.999999999999998 40 13.999999999999998 10.999999999999998 132 191 197 55 36 16.000000000000004 33 103 11.999999999999998 87 220
leaf_count=46 28 14 16 25 22 108 9 43 10 63 16 107 133 34 62 33 17 580 15 40 14 11 132 191 197 55 36 16 33 103 12 87 220
internal_value=-4.86661e-05 -0.00296211 -0.0049372 0.00501066 3.96814e-05 -0.00803985 0.000223585 0.00397333 -0.00241199 0.00661483 -0.00956699 -1.31568e-06 -0.000142497 -0.00123817 -0.00190582 -0.00229879 -0.00804468 -0.00155 -0.0116079 0.000907986 0.00158744 0.00226313 0.00388902 0.004373 0.00246611 -0.00307389 -0.00903454 -0.000520338 0.000349255 -0.00309813 -0.00961096 0.00489184 -0.00210042
internal_weight=2528 231 192 39 68 124 2297 141 35 106 25 2156 2128 1068 961 927 94 833 77 1060 927 822 531 520 388 105 50 291 263 143 28 120 800
internal_count=2528 231 192 39 68 124 2297 141 35 106 25 2156 2128 1068 961 927 94 833 77 1060 927 822 531 520 388 105 50 291 263 143 28 120 800
is_linear=0
shrinkage=0.060181


Tree=110
num_leaves=34
num_cat=0
split_feature=8 4 9 10 5 8 5 9 2 9 4 8 8 8 8 8 8 15 8 9 9 10 9 2 3 4 2 8 4 10 2 8 9
split_gain=0.672355 0.791305 0.975123 1.70726 0.852958 0.781192 0.669904 0.659905 0.552723 1.73955 1.31578 1.1443 1.02171 0.837327 1.20928 1.66476 1.1721 0.964552 0.813684 0.834663 1.72807 1.0485 1.2155 0.959737 0.914899 1.19024 1.24996 1.18603 1.26509 1.00399 0.929155 0.870503 1.22393
threshold=2.394979477613302 -1.0949021080317813 -0.44985347741191911 -0.55142441923615526 -0.43342961991082624 3.3318391215038683 -0.60793512424481266 0.23594790642914312 -0.54275510494929147 0.49197826545808798 -0.47106593211266035 -0.4544749076443772 1.082032558742797 -0.60938565582620374 -0.15090090600725856 0.10422162686919206 1.7656387182997568 0.88625919121491659 -1.4576733354553082 0.779884982823846 0.64458484083000411 -1.1059096613797432 0.84757696692981699 -0.13420970079678002 -0.16337338886514416 -0.71390802067129389 -0.21538940546978561 1.2480807994635363 -0.66605189240396123 -0.21418478266601784 0.56382592264061604 -1.1372934129054768 -0.95413435596343354
decision_type=2 2 2 2 2 2 2 2 2 2 2 2 2 2 2 2 2 2 2 2 2 2 2 2 2 2 2 2 2 2 2 2 2
left_child=1 2 3 -1 6 -2 -4 -6 9 13 11 -11 -13 -3 -15 -16 17 -17 -10 20 24 -21 -23 -24 27 26 -26 28 -20 -28 -30 -27 -33
right_child=5 8 4 -5 7 -7 -8 -9 18 10 -12 12 -14 14 15 16 -18 -19 19 21 -22 22 23 -25 25 31 29 -29 30 -31 -32 32 -34
leaf_value=0.006628400835185227 0.002881506180802163 2.0319383156944092e-06 9.7139554582094501e-05 -0.0044623108039629801 0.0040058447905967623 -0.00078443176302182708 -0.014926121023310552 -0.0015517336253669193 0.002156676149832035 -0.00085644584406263831 -0.0028318642202207764 0.0028849295992165302 -0.00042619389634165628 0.0014333252247396326 -0.0047244682791396687 0.0011745991784417665 -0.0025123062419535307 -0.00068096269195482874 0.0040925326129601959 0.0046990061962940101 -0.0014211389500689499 0.0067212156383412982 -0.0028977084408084806 5.3883935027202643e-05 0.0004909574995570834 -0.00053031303479477733 3.8275614423723111e-05 -0.0036741883598351032 -0.00087315630675590143 -0.0032967555790052549 0.00016142561790802074 0.00049225258398524914 4.2159432737408807e-05
leaf_weight=7.9999999999999991 27 199 19 29 17 8.9999999999999982 18 15.999999999999998 20 27 124 47 18 116 48 114 21 36 61 51 47 23 46 224 49 63 37 33 222 87 79 109 484
leaf_count=8 27 199 19 29 17 9 18 16 20 27 124 47 18 116 48 114 21 36 61 51 47 23 46 224 49 63 37 33 222 87 79 109 484
internal_value=-7.2438e-05 -0.000218172 -0.00519475 -0.0126682 -3.86031e-05 0.00766955 -0.0067396 0.00583198 0 0.00136135 -0.00302741 0.00191816 0.00662057 0.00325163 0.00507377 0.00204039 0.005014 0.00707077 -0.000607729 -0.000801143 -0.00153673 0.00173948 0.00011103 -0.00089021 -0.0010318 3.95528e-05 -0.00427568 -0.00340416 -0.00214766 -0.00756823 -0.00386196 0.00128164 0.00207265
internal_weight=2528 2492 107 37 70 36 37 33 2385 750 216 92 65 534 335 219 171 150 1635 1615 1271 344 293 270 1224 829 173 395 362 124 301 656 593
internal_count=2528 2492 107 37 70 36 37 33 2385 750 216 92 65 534 335 219 171 150 1635 1615 1271 344 293 270 1224 829 173 395 362 124 301 656 593
is_linear=0
shrinkage=0.060181


Tree=111
num_leaves=34
num_cat=0
split_feature=1 7 7 19 6 6 9 13 9 12 6 6 6 13 12 13 12 12 13 10 10 8 6 6 14 12 7 6 8 5 8 13 6
split_gain=0.571682 0.898159 1.14823 1.00698 1.02605 1.59781 0.940079 1.2253 0.916146 0.789394 0.719949 0.770741 0.812186 1.15566 1.08581 0.894354 0.745839 0.673326 0.654994 1.10251 0.64403 0.598948 1.00114 0.540317 0.538801 0.536001 1.02094 1.21226 0.98081 0.850855 1.8687 1.81823 1.40743
threshold=1.0000000180025095e-35 -0.31265010363323603 -0.24003508406014382 1.0000000180025095e-35 0.019228215415150855 0.39314305056516186 -0.85933666562035305 0.77864851762156062 0.053817933078398807 0.35096141226961375 0.61126003773600168 0.26850477218182484 -0.79092059407653936 -0.31872260807861669 1.888622504501128 0.52328659146806233 1.888622504501128 1.0000000180025095e-35 0.087112227545054308 0.67042570547176705 -0.21418478266601784 -0.5398630235360079 -1.0401971508432133 -0.16772920215985451 1.0000000180025095e-35 1.0000000180025095e-35 0.5339555951542051 0.48662175935266461 0.19951165730379497 -0.30461850286022202 -0.84055574225345941 0.42584894298929438 -0.13656963256402027
decision_type=2 2 2 2 2 2 2 2 2 2 2 2 2 2 2 2 2 2 2 2 2 2 2 2 2 2 2 2 2 2 2 2 2
left_child=1 3 -3 4 6 8 -1 24 -6 -5 11 12 13 21 15 17 -13 -14 19 -7 -17 -4 -23 -16 -8 29 27 -27 -28 30 -2 -32 -31
right_child=25 2 10 9 5 18 7 -9 -10 -11 -12 16 14 -15 23 20 -18 -19 -20 -21 -22 22 -24 -25 -26 26 28 -29 -30 32 31 -33 -34
leaf_value=0.0074960727003351123 0.00015130813803070035 0.0056355317860947839 0.0023877332156328084 0.0032579771193478506 -0.001944540769831124 -0.0032211024485392517 -0.011378168352160364 0.00098023919927895569 0.0063738064952273002 -0.00080490408650996201 0.0017519700231415582 -0.0016227187276175892 0.0001921163324122844 -0.013869316336409464 0.0021351192524544909 0.00010077931041573365 0.00092643279719274144 0.0013121590860490015 4.228541575438254e-05 0.0014049332730568019 -0.0039065975261069101 0.0036026618558872309 -0.0049796279752087136 -0.0030878446670722882 -0.0030152315713596117 0.00052415881779319562 -0.0014522309728649684 -3.9972861121296248e-05 0.00010698806384759831 -9.1612754861769734e-05 -0.00061241297871344645 0.0020433651863200775 0.0006020922850872402
leaf_weight=8.9999999999999982 102 47 31 33 25 103 50 8.9999999999999982 20 14.999999999999998 46 29 99 42 9.9999999999999982 11.000000000000002 17 68 18 26 15.999999999999998 33 33 25 20 336 93 157 59 401 302 27 216
leaf_count=9 102 47 31 33 25 103 50 9 20 15 46 29 99 42 10 11 17 68 18 26 16 33 33 25 20 336 93 157 59 401 302 27 216
internal_value=7.2438e-05 -0.00118748 0.00030022 -0.00363826 -0.00510283 -0.0021682 -0.0105425 -0.012784 0.00686848 0.00355367 -0.000525373 -0.00144791 -0.000331545 -0.00402906 0.00169394 0.00366902 -0.00854985 0.00548431 -0.00541343 -0.00705594 -0.00500892 0 -0.00349929 -0.00708876 -0.0155736 0.000728839 0.00209205 0.00345949 -0.00195204 -5.99297e-05 -0.00215287 -0.00444154 0.0013137
internal_weight=2528 835 507 328 280 192 88 79 45 48 460 414 368 139 229 194 46 167 147 129 27 97 66 35 70 1693 645 493 152 1048 431 329 617
internal_count=2528 835 507 328 280 192 88 79 45 48 460 414 368 139 229 194 46 167 147 129 27 97 66 35 70 1693 645 493 152 1048 431 329 617
is_linear=0
shrinkage=0.060181


Tree=112
num_leaves=34
num_cat=0
split_feature=16 16 13 2 8 5 6 10 6 11 11 8 3 0 2 6 8 8 10 13 5 5 6 6 2 5 10 5 5 2 6 13 6
split_gain=0.526486 1.09204 0.757612 0.646523 0.866036 0.835648 0.744898 0.938842 0.743838 1.5503 1.42784 0.813115 0.673997 1.14737 0.773444 0.97727 0.951043 1.34783 0.921341 0.770886 0.739905 0.661678 1.14309 0.953036 1.1393 0.801896 0.788347 0.766944 0.580409 0.576103 0.681003 1.12788 1.72291
threshold=1.6165153522599058 5.5750728051301444 1.15413037834674 -0.16731763273310926 2.0965273603614061 -0.60350513862027333 -1.0713567204390475 -0.029059732861859547 0.39314305056516186 1.2129408033694828 -0.18428614991956593 -0.82828640612161053 -0.93376430170593283 1.0000000180025095e-35 0.47514342173534235 1.0786535816735154 -0.17772439867318807 -0.496476567162423 0.57561249971798845 -0.17605962364547922 -0.090310672499453085 -0.15132905602497801 -0.41700575892652841 -1.0401971508432133 0.43014663213905457 -0.27629745779418707 -1.1059096613797432 -0.39957946685193968 -0.8757610543292107 -0.76393623627960905 0.11270692420265362 -0.28246118460013653 -0.29236748054319145
decision_type=2 2 2 2 2 2 2 2 2 2 2 2 2 2 2 2 2 2 2 2 2 2 2 2 2 2 2 2 2 2 2 2 2
left_child=3 2 -2 29 6 -6 -5 8 21 10 -10 -11 13 20 -14 16 17 -16 -18 28 -9 25 23 -23 -25 26 27 -8 -17 30 31 -1 -33
right_child=1 -3 -4 4 5 -7 7 12 9 11 -12 -13 14 -15 15 19 18 -19 -20 -21 -22 22 -24 24 -26 -27 -28 -29 -30 -31 -32 32 -34
leaf_value=0.00039373207985779669 0.0026601961405843177 -0.0004936736909107027 -0.0048514940185911456 -0.0032602613172753349 -0.00030470250486846611 0.0057069701000780409 0.008192210846036831 -0.0081268305404297858 0.0064019361206892264 -0.0046049940001202062 -0.0070193357640449946 0.0039932890636293549 -0.00050750414543443607 0.011785345281620212 6.5828540992090271e-05 -0.00036674477233878636 0.0019203934493967725 -0.0018779261056614111 1.8433633945325018e-05 0.00075693487858943115 0.00072368379797697045 0.0039973654590584259 0.0041412009968197581 -0.0051963417608140803 -0.00013580179246475813 0.0071353279639154027 4.3182608686238844e-05 -0.00022212884421925457 -0.0028090796226090515 0.00017335627931452791 -0.00044457446335608125 -0.0027655502540545646 0.00046441625182070946
leaf_weight=352 92 19 7.9999999999999991 103 12.999999999999998 30 35 17.000000000000004 9.9999999999999982 8.0000000000000018 38 22 277 19 95 29 45 37 68 24 10.999999999999998 17 48 42 68 42 166 11.999999999999998 57 470 135 89 30
leaf_count=352 92 19 8 103 13 30 35 17 10 8 38 22 277 19 95 29 45 37 68 24 11 17 48 42 68 42 166 12 57 470 135 89 30
internal_value=0.000333929 0.00419545 0.00699792 0.000113428 -0.000745043 0.00716324 -0.0010722 -0.000583672 0.00129951 -0.00372219 -0.0105509 0.00545719 -0.00207601 0.00421852 -0.0026556 -0.000595294 0.00134284 -0.00179615 0.00544356 -0.00532244 -0.00199411 0.00236602 -0.000184385 -0.00347767 -0.00585218 0.00431621 0.00237475 0.00897552 -0.00809129 0.00122899 0 0.00108381 -0.00370459
internal_weight=2528 119 100 2409 1333 43 1290 1187 508 78 48 30 679 47 632 355 245 132 113 110 28 430 175 127 110 255 213 47 86 1076 606 471 119
internal_count=2528 119 100 2409 1333 43 1290 1187 508 78 48 30 679 47 632 355 245 132 113 110 28 430 175 127 110 255 213 47 86 1076 606 471 119
is_linear=0
shrinkage=0.060181


Tree=113
num_leaves=34
num_cat=0
split_feature=16 2 9 4 15 8 8 8 7 8 15 2 12 12 8 9 2 8 4 1 9 3 7 8 3 3 12 4 4 8 9 8 8
split_gain=0.594605 0.81786 1.35138 1.35683 1.37201 1.2306 1.28625 0.991175 1.81248 1.01793 1.53928 0.854589 1.13111 1.53566 1.20123 1.28654 1.26117 1.13301 1.07824 1.07325 0.847809 1.18825 0.940592 0.950057 0.813144 0.769457 0.746759 0.798037 1.08337 1.12743 1.1436 0.78883 0.78974
threshold=1.6165153522599058 -0.16731763273310926 0.49197826545808798 -0.47106593211266035 1.0000000180025095e-35 -0.4544749076443772 0.74137515444582525 1.6244915963691415 0.12645719119698137 1.082032558742797 0.88625919121491659 0.47514342173534235 0.86351510968011858 1.0000000180025095e-35 1.5651092345728679 -1.1885690769643171 1.4793327969628769 0.77545912141299056 -0.56675410587583652 1.1241768659879796 -0.87731254037155415 -0.92019391069077316 -0.32461022450409677 0.67185515024160569 0.34493076405087691 1.1656671948162527 0.86351510968011858 0.73798823501213617 1.303525432964556 -0.71436842502177778 1.550888084460728 1.412926094645593 -0.31492904511270164
decision_type=2 2 2 2 2 2 2 2 2 2 2 2 2 2 2 2 2 2 2 2 2 2 2 2 2 2 2 2 2 2 2 2 2
left_child=1 2 7 4 -4 -6 -7 9 -9 -1 -11 20 13 14 15 16 -13 -15 -14 -17 24 22 23 -22 -3 -19 27 -23 29 -29 -31 32 -28
right_child=-2 11 3 -5 5 6 -8 8 -10 10 -12 12 18 17 -16 19 -18 25 -20 -21 21 26 -24 -25 -26 -27 31 28 -30 30 -32 -33 -34
leaf_value=0.00023682385675516729 0.00044702871722252278 -0.0035275371246995166 0.0016020384460312112 -0.0016137449606759427 -0.0023993122443388432 0.0022194002507802983 -0.00063661109871553502 0.0092845979465918695 -0.0036361502378655999 0.0020049812466841712 -0.0011180350295783912 0.0032775458408540953 0.00010084087270125751 0.0030779967782015773 0.0030150712011509473 -0.00026115997926764935 -0.0058018517920052359 0.0039090139814987714 -0.0021592201374116778 0.014275138040085593 0.0032620082098096899 -0.0009397475922079256 -0.00051180215538214986 -0.00018676966626332529 2.7067455750550868e-05 -0.0007911044816603307 -0.00010116213380268206 -0.004192048251768654 -0.00096554874858229901 0.004289759732176766 -0.0010814961572051677 -0.0078949133440127436 0.0057373943450010709
leaf_weight=658 119 82 35 167 28 38 42 13.999999999999998 41 38 14.999999999999998 37 13.999999999999998 133 36 372 12.999999999999998 24 43 11.999999999999998 40 219 57 8.9999999999999982 38 22 26 13.999999999999998 54 43 7.9999999999999991 7.9999999999999991 29
leaf_count=658 119 82 35 167 28 38 42 14 41 38 15 37 14 133 36 372 13 24 43 12 40 219 57 9 38 22 26 14 54 43 8 8 29
internal_value=9.62099e-05 -8.84831e-05 0.0011175 -0.00211997 0.00186663 -0.00110393 0.00219348 0.00250601 -0.00466956 0.00316207 0.0112137 -0.00110525 0.000258432 0.00106485 -0.000641351 -0.00165678 0.00678916 0.00578305 -0.00749451 -0.00295735 -0.00272437 -0.00147884 0.00386945 0.00977831 -0.00732626 -0.0012705 -0.0030562 -0.00423644 0 0.00486613 0.00942016 0.00230156 0.00569647
internal_weight=2528 2409 1076 310 143 108 80 766 55 711 53 1333 706 649 470 434 50 179 57 384 627 507 106 49 120 46 401 338 119 65 51 63 55
internal_count=2528 2409 1076 310 143 108 80 766 55 711 53 1333 706 649 470 434 50 179 57 384 627 507 106 49 120 46 401 338 119 65 51 63 55
is_linear=0
shrinkage=0.060181


Tree=114
num_leaves=34
num_cat=0
split_feature=8 8 5 5 3 13 13 3 13 8 8 17 8 8 5 12 8 8 13 5 5 0 12 7 3 2 11 5 17 5 11 5 7
split_gain=0.925422 0.961599 0.676151 2.19228 1.61575 1.56564 1.15694 1.09508 0.915047 0.927525 0.940179 0.798175 1.13369 0.793183 0.791344 0.757466 0.644675 2.09033 1.5114 0.810427 0.786224 0.880383 0.7671 0.742851 0.719193 1.0071 1.12506 0.970775 0.731906 0.706423 0.761809 0.705044 0.666752
threshold=2.394979477613302 3.3318391215038683 -0.68215361783426121 -0.61479346138693536 -0.93376430170593283 -0.080051571772089436 0.89463944681923369 -0.79133667173355382 -0.2724729564992025 -0.38601715685574928 -0.6739842845572489 1.0000000180025095e-35 0.82606259569762253 -0.18728634455765958 -0.95721358054101291 0.86351510968011858 -0.51002192568107507 -0.46938107939774582 2.2386096444783958 -0.54776887877222891 -0.4638230892090387 1.0000000180025095e-35 1.3760688070906235 0.63049085646902003 0.71589883672786392 0.30202974838214497 -0.98270155179902219 0.44688960050440735 1.0000000180025095e-35 2.588003491115499 1.2129408033694828 0.10665614093846952 0.45450622079776465
decision_type=2 2 2 2 2 2 2 2 2 2 2 2 2 2 2 2 2 2 2 2 2 2 2 2 2 2 2 2 2 2 2 2 2
left_child=2 -2 4 7 15 8 -7 -4 9 10 -6 -11 13 -13 -14 -1 19 -18 23 -5 21 -21 24 32 25 27 -27 -22 31 30 -25 -26 -19
right_child=1 -3 3 16 5 6 -8 -9 -10 11 -12 12 14 -15 -16 -17 17 18 -20 20 22 -23 -24 29 28 26 -28 -29 -30 -31 -32 -33 -34
leaf_value=0.0033603144376595463 0.0025266117727690916 -0.0010588018171466208 -6.0214397200590103e-05 -0.003626339152083533 -0.00034814106254683007 0.0023248567224510982 -0.00012557449577444327 0.0038296144258132916 -0.0010203529570497428 -0.00093574940710019463 0.0051342841139445615 -0.00014472406959308552 0.00048232136109565546 0.0019756563273262266 -0.0024570496690303183 -0.00061465697374670706 -0.0041030764469974241 -3.039494603642889e-05 -0.0026740265161200563 0.00019367458102259916 0.00051263226402576767 0.012799223793261786 -0.00088466984104896553 0.00066879853611318896 0.000167669766269609 0.00037530698582519074 -0.00034511545849949819 -0.00038745408878349148 -0.00087271447472606588 -0.0034173231219599572 -0.0036503735190852966 0.0037709809941494708 -0.0010989503442723585
leaf_weight=54 27 8.9999999999999982 30 28 79 30 40 59 43 137 41 9.9999999999999982 10.000000000000002 30 20 27 40 779 20 42 248 20 39 219 38 41 87 115 19 23 13.999999999999998 36 74
leaf_count=54 27 9 30 28 79 30 40 59 43 137 41 10 10 30 20 27 40 779 20 42 248 20 39 219 38 41 87 115 19 23 14 36 74
internal_value=4.86661e-05 0.00918912 -7.34829e-05 0.000412885 -0.00201296 -0.00353366 0.00412675 0.00945385 -0.00516224 -0.00374028 2.29875e-05 -0.0061572 -3.86031e-05 0.00558583 -0.00903895 0.00536852 -1.50687e-06 -0.000900567 -0.000347887 0.00138965 0.00188313 0.00829932 0.00110903 0 0.00174593 0.000674957 -0.00367989 0.00238804 0.00657054 0.00279276 0.00395448 0.00934245 -0.000881508
internal_weight=2528 36 2492 1971 521 440 70 89 370 327 120 207 70 40 30 81 1882 1169 1129 713 685 62 623 1109 584 491 128 363 93 256 233 74 853
internal_count=2528 36 2492 1971 521 440 70 89 370 327 120 207 70 40 30 81 1882 1169 1129 713 685 62 623 1109 584 491 128 363 93 256 233 74 853
is_linear=0
shrinkage=0.060181


Tree=115
num_leaves=34
num_cat=0
split_feature=5 14 5 15 10 13 6 8 10 13 10 13 10 0 16 10 14 6 6 8 11 5 11 10 7 8 6 6 13 13 6 16 11
split_gain=0.688459 0.97876 0.833556 0.664342 0.754484 0.589816 1.70099 1.02542 0.956896 0.536274 1.3433 0.867773 0.642738 0.539801 1.03532 0.897396 0.617919 0.59494 0.554772 1.69831 0.862763 0.593548 0.576785 0.527627 0.50839 0.497049 0.671473 0.661849 0.479623 1.16666 0.646891 1.16132 0.783633
threshold=-0.68215361783426121 -0.738224098466287 -0.61479346138693536 1.0000000180025095e-35 0.61877157061923505 -0.16302593984544037 0.70473874652350432 -0.93752535750740351 0.45833972955897767 -0.2724729564992025 0.4300227542787099 -0.29252999027614934 0.8886293643662263 1.0000000180025095e-35 1.0000000180025095e-35 0.42198839199912297 1.7092913388094815 0.86053659450267561 0.14386649379848784 -0.4544749076443772 1.2129408033694828 -0.90139860051389065 0.41452540149002631 1.813961127238173 -0.14606270578908762 -0.098142366718514826 -0.35468661973485993 0.48662175935266461 4.3864087763499127 2.9091114388906898 1.3279301384401896 5.5750728051301444 2.0113562052489393
decision_type=2 2 2 2 2 2 2 2 2 2 2 2 2 2 2 2 2 2 2 2 2 2 2 2 2 2 2 2 2 2 2 2 2
left_child=1 -1 3 4 -2 9 8 -8 -7 11 -11 12 13 14 15 16 -3 -16 19 -15 22 -21 -20 -14 -22 26 -5 -28 29 30 -4 32 -32
right_child=2 5 28 25 -6 6 7 -9 -10 10 -12 -13 23 18 17 -17 -18 -19 20 21 24 -23 -24 -25 -26 -27 27 -29 -30 -31 31 -33 -34
leaf_value=0.001401195391564554 -0.0014453104433842191 -0.0017446459049057946 -1.8867206144860324e-05 0.0039706172489499102 0.0047955460379345239 -0.0029810114398093313 -0.00025495282466834004 0.0088635623378574922 0.00026795749991097637 -0.0031100433613909443 9.1399774776085543e-05 0.0058693505377548413 -0.00086382623665122752 0.0064907042176609447 0.005036701975071816 0.00045430407144437195 0.00030765172409325496 -0.00051487809503559319 0.0014958562192706505 0.0024044720201579508 0.0088692660450793263 -0.00023369994186323869 -0.0081290536511094743 6.0150774401872778e-06 -0.00010825123792755243 0.007627250040973717 -0.00031005702869661461 0.0052036117093370608 0.0045710118561637916 -0.0032254644701128423 0.0050232917807534298 -0.0041913545545719357 -0.0012169602500620694
leaf_weight=45 20.000000000000004 82 1778 12.999999999999998 7.9999999999999991 29 9.9999999999999982 24 18 23 13.999999999999998 10.999999999999998 49 17 22 30 12.999999999999998 15.999999999999998 13.999999999999998 15.999999999999998 21 29 20 10.999999999999998 15.999999999999998 22 14.000000000000002 12.999999999999998 23 33 50 9.9999999999999982 13.999999999999998
leaf_count=45 20 82 1778 13 8 29 10 24 18 23 14 11 49 17 22 30 13 16 14 16 21 29 20 11 16 22 14 13 23 33 50 10 14
internal_value=-0.000215069 -0.00214818 0.000272017 0.00581673 -8.99043e-05 -0.00302346 0.00110057 0.0112782 -0.00540777 -0.0039934 -0.011186 -0.00301181 -0.00368968 -0.00221904 -0.00453232 -0.0072754 -0.0100992 0.00296132 0.000241075 0.00462998 -0.00286143 -0.000677552 -0.00967784 -0.00950647 0.00229318 0.00921666 0.00282549 -0.00107606 0 -0.000113033 6.63953e-05 0.00546502 0.00894399
internal_weight=2528 530 1998 90 28 485 81 34 47 404 37 367 356 296 163 125 95 38 133 62 71 45 34 60 37 62 40 27 1908 1885 1852 74 64
internal_count=2528 530 1998 90 28 485 81 34 47 404 37 367 356 296 163 125 95 38 133 62 71 45 34 60 37 62 40 27 1908 1885 1852 74 64
is_linear=0
shrinkage=0.060181


Tree=116
num_leaves=34
num_cat=0
split_feature=13 13 8 16 12 5 14 15 7 12 13 12 4 7 7 5 16 4 12 6 6 13 13 0 4 7 6 5 8 16 4 4 4
split_gain=0.455763 0.574941 0.442667 0.432281 0.570517 0.497898 0.730156 0.532568 1.62377 1.33292 1.02181 0.848406 0.861855 0.942634 0.839463 0.77472 0.73008 0.524678 0.915581 0.520639 0.955498 1.0485 0.931949 0.785978 0.784813 0.988659 0.726503 0.600402 0.477261 0.612234 0.718194 0.49429 0.47694
threshold=4.3864087763499127 2.9091114388906898 -0.69279524671945292 1.6165153522599058 -0.67414598255139557 -0.68215361783426121 -0.738224098466287 0.88625919121491659 -0.011084198817930598 1.0000000180025095e-35 -0.25472374637787865 2.9137298993221377 2.2911857679507306 -2.3911482521194523 -2.8285469582538303 0.40137261077567693 1.0000000180025095e-35 -0.72546521396985353 2.9137298993221377 -0.82208016367237358 -0.6662823156932024 -0.16302593984544037 1.15413037834674 1.0000000180025095e-35 -0.58935790811214073 -1.9341007759829438 -0.074250493372351789 -0.98036479635740503 1.2814220412642245 5.5750728051301444 -1.1325320055568409 -1.1456715130181914 -0.66605189240396123
decision_type=2 2 2 2 2 2 2 2 2 2 2 2 2 2 2 2 2 2 2 2 2 2 2 2 2 2 2 2 2 2 2 2 2
left_child=1 3 -3 5 -5 6 -1 9 10 -7 14 12 13 -11 -9 -14 -15 18 -16 -8 -21 24 23 -23 26 -26 -22 -24 29 30 -6 -30 -12
right_child=-2 2 -4 4 28 7 19 8 -10 11 32 -13 15 16 17 -17 -18 -19 -20 20 21 22 27 -25 25 -27 -28 -29 31 -31 -32 -33 -34
leaf_value=0.0013168700677197239 0.0042959238438923927 -5.7863582912804836e-05 -0.0030313528297024753 0.010079496613612579 -0.00050502350961678807 -6.6524341276192434e-05 -0.0042925074280493842 0.0007773366586410872 0.00048751723362179262 -0.0038073150911474211 0.0085874007864183439 -0.0038805187071619157 0.00010982023306467372 0.00054649527051008984 -0.009200067502249349 -0.02157760683053225 -0.00020058381407523883 -0.00062618895240154182 -0.00028120524268688012 0.00097610669125163939 -0.0025019443875556545 -0.00023557067267396037 0.0023748788541372665 0.0042715138808272915 0.0030536700972658621 -0.00020867780088128376 -0.00039527246502894418 -0.0017489232324203997 0.0028372753719738274 -0.0015462161602669458 0.0038512832316368885 -0.0016082339669281109 -0.00025249558974806211
leaf_weight=41 27 20 25 24 22 999 22 12.999999999999998 109 14.999999999999998 20 20 42 439 47 13.999999999999998 52 54 11.999999999999998 11.999999999999998 21 15.999999999999998 9.0000000000000018 19 9.9999999999999982 212 108 9.9999999999999982 8.0000000000000018 12.999999999999998 37 12.999999999999998 23
leaf_count=41 27 20 25 24 22 999 22 13 109 15 20 20 42 439 47 14 52 54 12 12 21 16 9 19 10 212 108 10 8 13 37 13 23
internal_value=-0.000238841 -0.000349543 -0.00686848 -0.000196897 0.00326703 -0.000399405 -0.0021214 1.76805e-05 -0.00236087 0.000476525 -0.00611809 0.00277957 0.00330346 0.00413885 -0.00884447 -0.0030767 0.00469023 -0.0106047 -0.0149454 -0.00292978 -0.00222453 -0.002879 0.00422826 0.0102066 -0.00416598 -0.00161312 -0.00796362 -0.00411928 0.000340895 0.00322159 0.00629379 -0.0062304 0.000706629
internal_weight=2528 2501 45 2456 117 2339 480 1859 278 1581 169 582 562 506 126 56 491 113 59 439 417 405 54 35 351 222 129 19 93 72 59 21 43
internal_count=2528 2501 45 2456 117 2339 480 1859 278 1581 169 582 562 506 126 56 491 113 59 439 417 405 54 35 351 222 129 19 93 72 59 21 43
is_linear=0
shrinkage=0.060181


Tree=117
num_leaves=34
num_cat=0
split_feature=2 9 4 7 5 13 4 9 8 2 9 4 4 5 3 8 5 3 2 6 3 13 4 8 9 18 8 8 2 6 4 5 1
split_gain=0.726198 1.20369 1.42382 1.41787 1.60819 1.22154 1.18941 1.14009 1.03131 0.954127 0.824864 1.01882 1.23704 0.982877 1.059 1.00542 1.26385 0.80879 0.827827 0.755867 0.731325 0.720632 0.896183 1.4614 1.21549 0.718728 0.77872 0.897897 0.760509 0.671982 0.76162 1.12914 0.883594
threshold=-0.16731763273310926 0.49197826545808798 -0.47106593211266035 0.23580686773057619 -0.55500941399647818 0.087112227545054308 -1.0949021080317813 1.0000000180025095e-35 -1.4930418562486785 -0.72541461495011539 1.0703209923880617 -0.73203799872002195 -0.58935790811214073 -0.33578110888047302 0.25337241808915245 -0.056859263721700394 0.35289431382770442 -1.144368050060498 -0.36964233139740793 0.6424196073318359 -1.4949226099604604 2.2386096444783958 -0.92440489752143995 0.52445825360189857 -0.4869254981046372 1.0000000180025095e-35 -0.46093656480603734 0.042201615330428557 -0.27178718436327248 -1.0713567204390475 0.15273301029069922 0.20835446363589177 1.1241768659879796
decision_type=2 2 2 2 2 2 2 2 2 2 2 2 2 2 2 2 2 2 2 2 2 2 2 2 2 2 2 2 2 2 2 2 2
left_child=1 6 3 4 -3 -5 9 20 -2 -1 29 -12 -13 14 -14 -15 -17 -9 -19 -16 -8 22 23 24 -22 26 -4 -28 -27 -10 32 -32 -31
right_child=8 2 25 5 -6 -7 7 17 10 -11 11 12 13 15 19 16 -18 18 -20 -21 21 -23 -24 -25 -26 28 27 -29 -30 30 31 -33 -34
leaf_value=-0.0044362885564941954 0.0024923838542881818 0.00043629232761490858 0.0037432937095899874 0.0015069035114967648 -0.0025249576115557969 -0.0051557100558074316 -0.0023918201969790357 0.0039953615772897614 -0.0036050966103097766 0.00048339483440939466 0.0070423868354536701 -0.0011678558358684645 0.00016814300951679053 -0.0011165597360901177 -0.0015594687873466109 0.0080648576828894168 -0.00052301352222193336 0.00035858469709279441 0.0043815618487637728 0.0012179137272395465 0.0064269081425968088 0.0039641765571408341 2.0908232911457784e-05 -0.0032168630293769249 0.00022926150686929344 -0.0027876197121228423 -0.0089944285310092631 0.00056682749017214864 0.00036516975378570761 -0.00020256715511733709 0.00025807246035114146 -0.00038957650139010498 0.0045555497459518566
leaf_weight=37 10.999999999999998 31 18 68 34 14.999999999999998 23 36 87 22 41 14.999999999999998 35 22 24 42 18 163 23 20 32 17 394 7.9999999999999991 30 80 21 34 13.999999999999998 810 161 128 13.999999999999998
leaf_count=37 11 31 18 68 34 15 23 36 87 22 41 15 35 22 24 42 18 163 23 20 32 17 394 8 30 80 21 34 14 810 161 128 14
internal_value=-9.62099e-05 0.00103867 -0.00199226 0.00200355 -0.00398891 0.00732923 0.00233116 0.00305582 -0.00101088 -0.0053325 -0.00120934 0.00205889 0 0.00166251 -0.00258431 0.00636032 0.0104527 0.00668146 0.00445863 -0.00890906 0.00130975 0.00193074 0.00129308 0.00739727 0.0110513 -0.00583707 -0.000429896 -0.00466956 -0.00927784 -0.00185238 -0.0013769 0.00114092 -0.00233038
internal_weight=2528 1100 315 148 65 83 785 726 1428 59 1417 217 176 161 79 82 60 222 186 44 504 481 464 70 62 167 73 55 94 1200 1113 289 824
internal_count=2528 1100 315 148 65 83 785 726 1428 59 1417 217 176 161 79 82 60 222 186 44 504 481 464 70 62 167 73 55 94 1200 1113 289 824
is_linear=0
shrinkage=0.060181


Tree=118
num_leaves=34
num_cat=0
split_feature=2 9 1 8 12 2 9 8 10 14 8 6 2 4 2 8 8 3 9 0 12 2 8 3 3 2 4 4 6 2 6 8 6
split_gain=1.02432 0.999976 0.683717 0.671936 1.02707 1.31767 0.700684 0.631469 1.04424 0.961599 0.621503 0.753031 0.619476 0.928392 0.86868 0.73174 0.714313 0.701956 1.4716 0.742442 0.610427 0.685136 0.592562 0.552514 0.762005 0.627889 0.606356 0.560672 0.551274 0.540797 0.527346 1.13526 0.900954
threshold=-0.16731763273310926 1.7020406079723238 1.1241768659879796 1.5346096333314194 0.35096141226961375 0.64722116861640167 -1.8655880814435755 1.6244915963691415 0.80930191946523367 -0.738224098466287 1.2480807994635363 0.76705788571517286 1.1279736455618929 0.9879876948050127 2.1484175919637276 -0.48780399844997951 0.37750771419176521 -1.0084583183143951 -0.87731254037155415 1.01557764731833 1.0000000180025095e-35 0.60705559624206662 0.13488242433578526 0.50115272321200155 0.12905513875791444 -0.3436071909005381 -0.58935790811214073 -0.13258898762296323 0.019228215415150855 -0.45219797537848 -0.72860145488487082 -0.27784623751199261 1.1409727208651839
decision_type=2 2 2 2 2 2 2 2 2 2 2 2 2 2 2 2 2 2 2 2 2 2 2 2 2 2 2 2 2 2 2 2 2
left_child=23 2 3 6 5 7 -2 -5 9 -9 12 -12 13 17 30 -16 -17 18 -8 -19 21 -3 -4 24 25 -1 -27 -28 -6 -26 31 -14 -32
right_child=1 20 22 4 28 -7 10 8 -10 -11 11 -13 14 -15 15 16 -18 19 -20 -21 -22 -23 -24 -25 29 26 27 -29 -30 -31 32 -33 -34
leaf_value=4.2591031477784076e-05 0.00093283748148538276 0.0027721203063480822 0.0070627896680970411 0.0025063872644998072 0.0023259661822367926 0.0046387098099752635 -0.0084878902860486983 0.00016116574537606619 0.0084614917859509708 -0.002479492873561074 -0.0043580590116325986 0.004536295599057545 0.0011864718030719342 0.0001277425201978064 0.000179450579130507 -0.0018202999305836135 3.2018315778483132e-05 -0.00046806681741112658 0.00053788889624536193 0.00039338678230206261 0.0017820044350965497 -0.0018594927931466266 -0.0044541388516265842 -0.0010912942888317251 0.0050973855473314608 -0.0055761101070191709 0.0098309570060703816 0.0001207220893501098 -0.0019500162485129172 0.0002548894482119863 0.0019723172456317236 -0.0091530080232506972 -0.00024628071072062068
leaf_weight=869 43 24 17.000000000000004 10.999999999999998 12.000000000000002 39 17 8.9999999999999947 9.9999999999999982 27.000000000000004 41 11.999999999999998 26 168 34 25 15.999999999999998 546 74 37 26 14.999999999999998 9.9999999999999982 54 31 8.9999999999999982 22 27 19 88 111 9.9999999999999982 49
leaf_count=869 43 24 17 11 12 39 17 9 10 27 41 12 26 168 34 25 16 546 74 37 26 15 10 54 31 9 22 27 19 88 111 10 49
internal_value=-9.62099e-05 -0.00117903 -0.00156539 -0.0017991 0.00209531 0.00546634 -0.00226049 0 -0.00369695 -0.00918912 -0.00257514 -0.00908731 -0.00218535 -0.00299247 0.000119925 -0.00501268 -0.0101829 -0.00400084 0.000348101 -0.00477538 0.00574335 0 0.00697535 0.00125679 0.00160814 0.00094075 0.00688441 0.00977831 -0.00616905 0.00615887 0.00242625 -0.00311087 0.00406366
internal_weight=2528 1428 1363 1336 127 96 1209 57 46 36 1166 53 1113 842 271 75 41 674 91 583 65 39 27 1100 1046 927 58 49 31 119 196 36 160
internal_count=2528 1428 1363 1336 127 96 1209 57 46 36 1166 53 1113 842 271 75 41 674 91 583 65 39 27 1100 1046 927 58 49 31 119 196 36 160
is_linear=0
shrinkage=0.060181


Tree=119
num_leaves=34
num_cat=0
split_feature=9 7 8 9 8 8 4 9 7 9 7 7 7 12 8 8 7 5 5 5 15 8 5 9 8 5 8 8 5 7 4 4 9
split_gain=0.692313 0.685883 0.634114 0.766622 1.17926 1.17981 1.05822 0.829676 0.814626 0.766584 1.42723 0.961482 0.718492 1.00833 1.28588 1.1388 1.15349 0.705924 1.59654 0.872799 1.52801 1.15963 0.809766 0.672868 1.50255 1.7143 1.63558 1.1597 1.15322 0.718246 0.866565 1.06442 0.662942
threshold=2.3929000287221167 0.23836975077433117 1.9085023646409709 0.54972844088315587 1.6244915963691415 1.0666362647155767 -0.54567512708742139 -0.4420685702578554 -0.34938476059373985 -1.0145173346674259 -0.46471449756276512 0.22555533555555127 0.27766729077859248 1.0000000180025095e-35 0.17232626139974869 -0.15090090600725856 0.5339555951542051 -0.48874677041548237 -0.89831236736266751 -0.045832712166879591 0.88625919121491659 0.13488242433578526 -1.0456582178070792 -0.13690785889130958 -0.38601715685574928 0.20835446363589177 -0.4544749076443772 -0.50329542683273187 1.0000000180025095e-35 -0.95166227587642915 0.57999657307469099 -0.10827803855716224 0.74186853447891854
decision_type=2 2 2 2 2 2 2 2 2 2 2 2 2 2 2 2 2 2 2 2 2 2 2 2 2 2 2 2 2 2 2 2 2
left_child=2 -2 3 4 5 12 -6 -8 -7 11 -11 -4 23 17 15 16 -15 18 22 21 -21 -19 -14 24 26 28 27 -1 -26 -25 31 -31 -5
right_child=1 -3 9 32 6 8 7 -9 -10 10 -12 -13 13 14 -16 -17 -18 19 -20 20 -22 -23 -24 29 25 -27 -28 -29 -30 30 -32 -33 -34
leaf_value=-2.9459615452820391e-05 0.0042162715951261625 -0.0014054034602657731 0.0003496321291602875 -0.0010968632813764994 -0.0050842928088620986 -0.0003169536945253021 0.00059297495203987707 -0.0042374503457735888 0.0011201418476306565 -0.00079809856009345373 0.0013715184145764751 -0.0025424419988643665 9.9376253610365556e-05 0.00070695880460221758 0.0014930470107995912 -0.0032627741590614168 -1.2758608232953993e-05 -0.0015873842126996926 0.0029818532293026424 -0.00012408596496826167 0.0072975702122993341 0.003412506716082737 -0.0048936117114794248 0.0010642181760709623 -0.0004544152401327596 -0.0084574753632250706 0.01107953608484635 -0.0041847892301346877 0.0016698950367178263 -1.1828346976923145e-05 0.0016408461635922754 -0.0031716907891442604 -0.00013637557533929419
leaf_weight=407 19.000000000000004 7.9999999999999991 23 113 23 38 17.000000000000004 8.9999999999999982 90 27 67 13.999999999999998 9.0000000000000018 73 41 28 98 42 42 181 19 11.999999999999998 11.999999999999998 65 162 41 20 12.999999999999998 25 195 80 39 476
leaf_count=407 19 8 23 113 23 38 17 9 90 27 67 14 9 73 41 28 98 42 42 181 19 12 12 65 162 41 20 13 25 195 80 39 476
internal_value=-2.48942e-05 0.00894178 -0.000157317 -0.000406865 0.000187065 0.000487078 -0.00863427 0 0.00596633 0.00382143 0.00681151 -0.00229318 1.76744e-06 0.00177635 0.0047055 0.0022418 0.00432466 -0.000290429 0.00501225 -0.00187997 0 -0.00840719 -0.0062304 -0.00089058 -0.00206521 -0.00598868 0 -0.000859121 -0.00301442 0.00102983 -8.9462e-06 -0.00203822 -0.00228975
internal_weight=2528 27 2501 2370 1781 1732 49 26 128 131 94 37 1604 557 240 199 171 317 63 254 200 54 21 1047 668 228 440 420 187 379 314 234 589
internal_count=2528 27 2501 2370 1781 1732 49 26 128 131 94 37 1604 557 240 199 171 317 63 254 200 54 21 1047 668 228 440 420 187 379 314 234 589
is_linear=0
shrinkage=0.060181


Tree=120
num_leaves=34
num_cat=0
split_feature=2 1 8 5 4 7 8 6 6 4 4 4 8 4 8 6 3 5 8 6 8 8 15 5 7 3 16 4 5 8 1 6 8
split_gain=0.953588 1.01344 0.88206 0.847183 1.09997 0.791291 1.42997 0.86814 1.34522 1.11293 0.901637 0.924164 0.914529 0.843589 0.801222 0.764846 1.28746 0.740385 1.5713 1.47989 0.989793 1.17315 0.891141 1.44767 0.72085 1.18243 0.676405 0.670356 0.645754 0.623658 1.17107 0.957859 0.975236
threshold=-0.22449256080141552 1.1241768659879796 1.5346096333314194 -0.16626155242784726 -0.63126419163198622 -0.45873443712733469 1.3536992631682623 0.2996643417776591 -0.10541006296818604 -0.62595365905251354 -0.42531036566000679 1.2317550036217837 -0.496476567162423 -0.46255576051341812 -0.78175041902399667 0.58010046814016736 0.9576229269467661 0.78648853774055827 -1.1372934129054768 0.6424196073318359 -0.65360012708763238 -0.34277493984582907 1.0000000180025095e-35 1.3663692979144637 -0.31265010363323603 -0.69906155448207385 1.6165153522599058 0.91779020076713247 0.17058159326935604 0.10422162686919206 -1.4759321159128549 0.33082391137349337 2.2758293265595655
decision_type=2 2 2 2 2 2 2 2 2 2 2 2 2 2 2 2 2 2 2 2 2 2 2 2 2 2 2 2 2 2 2 2 2
left_child=17 2 5 -4 -5 7 26 8 10 -10 -2 12 -12 15 -11 16 -9 18 19 28 -19 -22 -23 -24 25 -20 -7 -3 -1 30 -26 32 -31
right_child=1 27 3 4 -6 6 -8 13 9 14 11 -13 -14 -15 -16 -17 -18 20 24 -21 21 22 23 -25 29 -27 -28 -29 -30 31 -32 -33 -34
leaf_value=0.0036856803706010245 -0.0052648569453908117 0.0054859479291230464 -0.00017057764988355191 -0.012904626195786899 0.0038872846644592823 -0.00023752944542008932 -0.017638208134522718 -0.0072810828913866263 -2.1449792353365782e-05 0.00016604268407372275 0.004883397855959217 -0.0019052537628692062 -2.1486421804957164e-05 -0.00026442190731065953 0.0090863979610259354 0.0026394384067184042 0.0024101306802641921 -0.00053638876702210756 -0.0095584421470933847 -0.0066440060646446491 0.0031856797282917974 0.00040349862131591893 0.0010070787006617561 -0.0051534484059758108 -0.0015005180397697825 0.00016768041143171709 0.0031586038098408652 -0.0020977951902246372 -0.0060439948517515248 0.00012699758302992068 7.6992722211854147e-05 0.0039800004072273057 0.00042250991549397962
leaf_weight=42 26 22.000000000000004 84 7.9999999999999991 42 769 17 23 31 17 28 35 44 172 42 59 9.9999999999999982 70 58 9.9999999999999982 35 65 36 42 17 69 34 7.9999999999999991 7.9999999999999991 202 346 41 15.999999999999998
leaf_count=42 26 22 84 8 42 769 17 23 31 17 28 35 44 172 42 59 10 70 58 10 35 65 36 42 17 69 34 8 8 202 346 41 16
internal_value=-7.2438e-05 -0.00108343 -0.00135589 0.00308209 0.00903454 -0.00186187 -0.00299933 0 0.0028011 0.00838845 -0.000681625 0.00138597 0.00560959 -0.0022595 0.0130228 0.00191816 -0.00418788 0.00127938 0.00218825 0.0113988 -0.00144643 0.000678417 -0.00145613 -0.00593461 0.00132318 -0.0025561 -0.00250297 0.00903895 0.0157707 0.00221706 0.000418145 0.00447963 0.00245695
internal_weight=2528 1471 1441 134 50 1307 820 487 223 90 133 107 72 264 59 92 33 1057 809 60 248 178 143 78 749 127 803 30 50 622 363 259 218
internal_count=2528 1471 1441 134 50 1307 820 487 223 90 133 107 72 264 59 92 33 1057 809 60 248 178 143 78 749 127 803 30 50 622 363 259 218
is_linear=0
shrinkage=0.060181


Tree=121
num_leaves=34
num_cat=0
split_feature=8 8 8 1 3 10 3 10 12 6 8 8 17 16 6 8 8 1 6 12 10 3 8 6 8 2 3 10 10 10 2 10 13
split_gain=0.898764 1.44253 1.24487 0.955729 1.10327 1.17494 0.823845 0.924368 0.809075 0.788987 2.51887 1.14701 1.16818 1.1171 0.826418 0.761919 0.750821 0.721776 0.723222 0.70422 1.00253 0.794441 0.723396 0.676443 1.36449 1.89583 1.08303 0.898872 1.2435 0.813767 1.49778 1.1667 1.006
threshold=0.62285889867506772 0.2971122736877177 0.28022981159360905 -1.4759321159128549 -1.1000340966992146 0.80930191946523367 -1.459711654696098 0.67042570547176705 0.35096141226961375 0.8293770249068414 -1.0573722555090628 -0.9244777865424576 1.0000000180025095e-35 1.0000000180025095e-35 1.7018449735902001 0.52445825360189857 0.5440659303151163 1.0000000180025095e-35 -0.3858461893306942 1.0000000180025095e-35 0.044205290351830955 -0.46370293182625016 1.9596357606074275 -0.75976102448070504 -1.0260727101997211 -1.1480847865871058 -0.43928420458980705 -0.15983172055591668 -0.99938535613924373 -0.042568971875159345 -1.1121740668601603 0.1485011051567631 -0.12793924813453814
decision_type=2 2 2 2 2 2 2 2 2 2 2 2 2 2 2 2 2 2 2 2 2 2 2 2 2 2 2 2 2 2 2 2 2
left_child=1 2 9 -2 6 17 -5 -8 16 23 -11 -12 13 14 -13 -10 -3 18 -6 -19 -21 -22 -23 24 25 -1 27 28 -26 30 -25 -31 -32
right_child=3 8 -4 4 5 -7 7 -9 15 10 11 12 -14 -15 -16 -17 -18 19 -20 20 21 22 -24 29 26 -27 -28 -29 -30 31 32 -33 -34
leaf_value=-0.028808054721642606 0.0014063499796942503 -0.0019567907262947886 0.018537751563176171 -0.00058329979055423992 -0.0084143373543999062 0.0005520203961250611 0.0063172619575308769 -7.4037494250160343e-06 0.0010234535657650907 -0.0034253111251451251 0.0025565601068878448 -0.0010163037918957565 0.0027220737740549189 9.7157245719426487e-05 1.0346943063557976e-05 -0.0081017726158095025 0.00030819743233898836 -0.00039457644414844095 -0.00032093516056632635 0.00026578125936542322 0.002172682693925441 -0.0042776620039495722 0.00033781024926126047 0.00092571070227808209 0.00017645250369157116 0.0031376749434078011 -0.0021553276409214317 0.0010910984311397905 -0.002160277812381409 -0.00047272456348605756 0.00027115149220052786 6.6218864102170197e-05 -7.8564345884798073e-05
leaf_weight=7.9999999999999991 54 81 9.9999999999999982 18 41 113 33 15.999999999999998 36 40 35 68 48 60 19 13.999999999999998 19 172 85 66 9.9999999999999982 26 8.9999999999999982 48 128 63 100 24 88 99 276 532 89
leaf_count=8 54 81 10 18 41 113 33 16 36 40 35 68 48 60 19 14 19 172 85 66 10 26 9 48 128 63 100 24 88 99 276 532 89
internal_value=-1.12235e-06 -0.000686609 -0.0001574 0.00191238 0.00107111 5.40588e-06 0.00813777 0.0120664 -0.00628718 -0.000332384 -0.00330973 -0.000527402 -0.00258997 -0.00541343 -0.00966253 0 -0.00932141 -0.00139252 -0.00512971 0.000114904 0.0039632 -0.00191574 -0.00708876 0.000187615 -0.00182126 0.00528144 -0.00351119 -0.00099984 -0.00247933 0.00103675 0.00311263 -0.000241558 0.00155875
internal_weight=2528 1885 1735 643 589 522 67 49 150 1725 270 230 195 147 87 50 100 409 126 283 111 45 35 1455 411 71 340 240 216 1044 413 631 365
internal_count=2528 1885 1735 643 589 522 67 49 150 1725 270 230 195 147 87 50 100 409 126 283 111 45 35 1455 411 71 340 240 216 1044 413 631 365
is_linear=0
shrinkage=0.060181


Tree=122
num_leaves=34
num_cat=0
split_feature=2 16 1 8 2 3 12 3 1 9 9 10 4 9 11 3 11 5 8 8 8 11 4 3 9 10 9 8 9 4 9 11 3
split_gain=0.703264 0.748369 0.777156 0.680815 1.16737 1.10439 0.729907 1.43852 1.55333 1.23048 1.14512 0.786978 0.770496 1.07797 1.00325 0.76002 0.694952 1.36743 1.03177 1.27867 1.20196 0.995494 1.10705 1.05516 0.764417 0.676586 0.898501 0.661021 0.626094 1.30675 0.90923 1.09397 0.787
threshold=-0.16731763273310926 1.6165153522599058 1.1241768659879796 1.5346096333314194 0.50527331728322411 1.0638929770482342 1.0000000180025095e-35 2.1981503527398707 1.0000000180025095e-35 -0.30431243636409461 -1.8655880814435755 1.2557771006352942 -0.3806207207211928 -0.60264200614397156 -0.18428614991956593 1.2606757981352641 -0.58349385085929406 -0.12038904465786894 0.56758892544354522 -0.68162243918664356 1.0498510008212814 -0.18428614991956593 -0.51393390930867633 0.59520866439641085 -0.67579976664873309 -0.029059732861859547 1.616593237678726 0.13488242433578526 0.49197826545808798 -0.47106593211266035 -1.4222159022248613 0.41452540149002631 -0.24149852641735717
decision_type=2 2 2 2 2 2 2 2 2 2 2 2 2 2 2 2 2 2 2 2 2 2 2 2 2 2 2 2 2 2 2 2 2
left_child=28 2 3 6 -5 -6 10 8 15 12 -2 -11 14 -14 -10 25 18 21 19 24 -20 22 -18 -23 -12 -8 -27 -4 30 -30 31 -1 -32
right_child=1 -3 27 4 5 -7 7 -9 9 11 16 -13 13 -15 -16 -17 17 -19 20 -21 -22 23 -24 -25 -26 26 -28 -29 29 -31 32 -33 -34
leaf_value=0.00039057419632472951 0.0044777890468900607 0.00071859938229120596 0.0076443612310292362 -0.00027964916916049456 0.0026471472674449571 -0.00056827785824662075 0.00014945335759521287 -0.00143893858316751 0.00014570775876441997 0.0010684087267726653 -0.00051164848929757508 -0.001877495724405466 0.00062318538958724078 -0.0058259715709364553 -0.0063553274399266585 0.0055976079181145194 -0.00057856724686309517 0.00021083446859077897 0.0057478599241655983 -0.0040217250388011943 -0.0039503200857902198 -0.00024203337620872572 0.00034773003770232106 -0.0010161495156557638 0.00052803071290273053 -0.0039032398181240652 0.001448568399093437 -0.0040009080492579407 0.00013214779804793521 -0.0011813945898244934 7.627331911291256e-05 -0.0044576066307006716 0.00053727519806606434
leaf_weight=51 30 95 18.000000000000004 50 40 24 47 19 24 139 37 9.9999999999999982 32 13.999999999999998 23 13.999999999999998 24 148 19 117 17 136 66 133 50 84 7.9999999999999991 9.9999999999999982 148 167 495 27 212
leaf_count=51 30 95 18 50 40 24 47 19 24 139 37 10 32 14 23 14 24 148 19 117 17 136 66 133 50 84 8 10 148 167 495 27 212
internal_value=-2.48942e-05 -0.000926809 -0.00133037 -0.00158878 0.00258279 0.0080538 -0.00204266 0 0.000837515 0.00393209 -0.003126 0.00731428 -0.000963859 0.00369695 -0.00659702 -0.00366887 -0.00365183 -0.00218602 -0.00643481 -0.00813042 0.00159131 -0.00424004 0.000673286 -0.00608141 -0.00169191 -0.0052951 -0.00821297 0.00770675 0.0010932 -0.00104781 0.00202591 -0.00372219 0.00275642
internal_weight=2528 1428 1333 1305 114 64 1191 414 395 242 777 149 93 46 47 153 747 507 240 204 36 359 90 269 87 139 92 28 1100 315 785 78 707
internal_count=2528 1428 1333 1305 114 64 1191 414 395 242 777 149 93 46 47 153 747 507 240 204 36 359 90 269 87 139 92 28 1100 315 785 78 707
is_linear=0
shrinkage=0.060181


Tree=123
num_leaves=34
num_cat=0
split_feature=3 18 9 2 14 3 5 3 3 9 4 5 4 9 3 3 4 10 5 4 10 5 9 13 4 10 2 17 3 14 6 15 9
split_gain=0.961451 0.560775 0.747222 0.789027 0.690794 0.973747 1.19448 1.19683 0.919267 0.899056 1.27884 1.26012 0.877076 0.762818 1.25897 1.34565 1.29283 1.04759 1.44177 0.83391 0.74371 0.729517 0.688448 0.678291 0.666724 0.6488 0.623404 0.623138 0.581089 0.607903 0.574867 0.574632 1.18877
threshold=-1.7266902112870117 1.0000000180025095e-35 1.7020406079723238 -1.2356273598074463 1.0000000180025095e-35 -0.93376430170593283 -0.43342961991082624 -0.15938547848144871 0.14971832434907759 0.779884982823846 -0.90963647092959699 -0.3271491842398731 -0.48317328868431492 0.61308914725173891 -0.23004907909094227 1.1196352115001185 -0.39370762398536191 0.97837943297852481 -0.56488356822093333 -0.40476889574827041 -0.95668899120534601 -0.26213669610665785 -0.11003921845926969 -0.13282299379010751 -0.27173106901116995 1.0796504793186832 0.67441776247489649 1.0000000180025095e-35 -0.60200082842187952 -0.738224098466287 -0.82208016367237358 0.88625919121491659 -0.31254035489086651
decision_type=2 2 2 2 2 2 2 2 2 2 2 2 2 2 2 2 2 2 2 2 2 2 2 2 2 2 2 2 2 2 2 2 2
left_child=-1 2 3 -2 5 12 7 -7 -9 11 -11 20 30 14 -6 19 -17 18 -15 26 -8 -12 -21 -18 -14 -13 -16 -10 -4 -30 -5 -3 -33
right_child=1 31 28 4 13 6 9 8 27 10 21 25 24 17 15 16 23 -19 -20 22 -22 -23 -24 -25 -26 -27 -28 -29 29 -31 -32 32 -34
leaf_value=-0.0049869067555140534 0.0003670690550798442 -8.5681398707590654e-06 -0.00016075220958049091 6.3916777927415562e-05 -0.00043924077315575212 -0.0033472231904046485 -0.0046203174486704806 0.0068841450237253085 -0.00083654032970960888 -0.0038331452305287892 -1.5046520840416345e-05 -0.0004771378203671769 -0.0038871925083264459 0.00085531274460069794 0.00047618728077798841 0.00016238197667708013 -0.0016838059560455448 0.003298894423124712 -0.0054990366665215642 0.012981044087991179 0.0042280738658572155 0.004111211946350498 0.0035135401876076194 0.00060924172091834602 0.00066511440780107174 0.00033048798191897324 -0.0030600745148378792 0.00011306236470642414 -0.01273845896068731 0.0045160465424022101 0.0096603149050041928 -0.0022221796879744776 -2.6865836857645856e-06
leaf_weight=24 95 783 27 21 83 112 7.9999999999999991 28 117 9.9999999999999982 14.999999999999998 330 13.999999999999998 38 76 48 31 11.999999999999998 50 28 59 49 11.999999999999998 8.9999999999999982 114 44 7.9999999999999991 62 7.9999999999999991 52 33 43 85
leaf_count=24 95 783 27 21 83 112 8 28 117 10 15 330 14 38 76 48 31 12 50 28 59 49 12 9 114 44 8 62 8 52 33 43 85
internal_value=0.000119982 0.000265126 0.000962954 0.000599863 0.00019345 -0.000593025 -0.00151222 -0.00439267 -0.00129938 0.000179545 0.00624051 -0.000750863 0.00325775 0.00234731 0.00393957 0.0064331 3.10177e-05 -0.00177005 -0.00462979 0.010398 0.00643303 0.00983419 0.0180073 -0.00696599 2.15901e-05 -0.00223879 0.00552815 -0.00314648 0.00634144 0.00950647 0.00945192 -0.000891407 -0.00459447
internal_weight=2528 2504 1593 1506 1411 1016 834 319 207 515 74 441 182 395 295 212 88 100 88 124 67 64 40 40 128 374 84 179 87 60 54 911 128
internal_count=2528 2504 1593 1506 1411 1016 834 319 207 515 74 441 182 395 295 212 88 100 88 124 67 64 40 40 128 374 84 179 87 60 54 911 128
is_linear=0
shrinkage=0.060181


Tree=124
num_leaves=34
num_cat=0
split_feature=7 12 7 9 13 4 6 5 5 4 4 5 9 4 4 2 10 2 0 9 5 9 9 9 5 9 2 12 5 8 9 2 2
split_gain=0.605985 1.00156 1.01806 1.25164 1.47928 0.865505 0.944439 0.803008 1.02278 0.784378 1.04949 0.941952 0.971833 0.85704 1.33039 0.811179 0.749747 0.82612 0.797212 0.773108 0.673549 0.652215 1.1421 1.26002 1.96473 1.0617 0.656188 0.650803 0.678291 0.605523 0.611031 0.642589 0.903214
threshold=-0.37501359103130089 1.0000000180025095e-35 0.5339555951542051 0.96698680918639746 -0.28418845381058705 -0.98384955891393078 -1.1025162900348817 -0.72443888049799909 -0.38284365758627686 1.5597476358001672 0.15273301029069922 0.20835446363589177 -0.79823189075445267 -0.96947746718373395 -1.0321137360984209 1.2019998551281943 1.3023706752978965 -1.0754652847552648 1.01557764731833 -1.8025475520384029 -0.21818845539211226 -0.52088778291212168 -0.36051699281500099 -0.092127578289322679 -0.7048546850540055 -0.63938653510037269 1.0000000180025095e-35 1.888622504501128 0.49459692688332907 2.3316729226004491 -2.1725784022950703 -0.27178718436327248 -1.6064999507836686
decision_type=2 2 2 2 2 2 2 2 2 2 2 2 2 2 2 2 2 2 2 2 2 2 2 2 2 2 2 2 2 2 2 2 2
left_child=9 29 3 5 7 -3 -7 -5 -9 10 11 13 -13 14 -1 21 17 -8 19 -19 -17 25 -23 26 -25 -15 -24 28 -10 30 -2 32 -32
right_child=1 2 -4 4 -6 6 16 8 27 -11 -12 12 -14 15 -16 20 -18 18 -20 -21 -22 22 23 24 -26 -27 -28 -29 -30 -31 31 -33 -34
leaf_value=-0.0003940931839954772 0.0061277131939707482 -0.00019837296834671113 -2.7501208933934427e-05 0.0039954759750627736 -0.00042087620263062846 -0.0036484883740242522 -3.1344157803486021e-05 -0.0023787923834851558 0.0038268675729501937 -0.0023591969459899973 0.00048574820536623805 0.006142080048078296 2.6018883394541119e-06 -0.0002381287573247008 0.0090789476041187363 0.0003902607608344006 -0.00076042119793975644 -0.0068903481310504423 -0.000357489042974867 0.0012302665535497538 -0.00090789175087362844 0.0019444413176898773 -0.003899146728360971 0.00082623937398129622 -0.00083544135841531698 -0.011970615838088576 -0.0029741420856792926 -0.0054598764238765422 -0.002785220213092163 0.005897505029207945 -0.0036958796445598374 -0.00021841245746017133 0.00010970057708064512
leaf_weight=14.000000000000002 8.9999999999999982 71 252 15.999999999999998 17 12.999999999999998 29 19 31 51 109 13.999999999999998 36 125 14.999999999999998 70 26 11.999999999999998 15.999999999999998 222 23 37 9.9999999999999982 71 160 23 29 8.9999999999999982 8.9999999999999982 13.999999999999998 38 579 359
leaf_count=14 9 71 252 16 17 13 29 19 31 51 109 14 36 125 15 70 26 12 16 222 23 37 10 71 160 23 29 9 9 14 38 579 359
internal_value=9.62099e-05 0.000743282 0.00242524 0.00402917 -0.00146547 0.0056022 0.00693255 0.00140636 -0.000880149 -0.00125958 -0.000654795 -0.0016746 0.00566647 -0.00244072 0.00654747 -0.00306 0.00771211 0.00863459 0.00974062 0.0106498 0.00158682 -0.00413983 -0.00223733 -0.00374964 -0.0016795 -0.00756101 -0.013486 0.0029141 0.00696599 -0.000453019 -0.000702933 -0.00092441 0.000833333
internal_weight=2528 1741 742 490 101 389 318 84 68 787 736 627 50 577 29 548 305 279 250 234 93 455 307 270 231 148 39 49 40 999 985 976 397
internal_count=2528 1741 742 490 101 389 318 84 68 787 736 627 50 577 29 548 305 279 250 234 93 455 307 270 231 148 39 49 40 999 985 976 397
is_linear=0
shrinkage=0.060181


Tree=125
num_leaves=34
num_cat=0
split_feature=0 7 12 4 14 14 12 6 11 4 10 19 14 17 7 6 14 16 10 13 10 6 6 6 10 11 6 7 13 10 7 6 6
split_gain=0.513815 1.02694 0.944514 1.05373 0.813287 0.773201 0.702668 0.639273 0.671427 0.604645 0.596728 0.547931 0.780271 0.533492 0.757909 0.737569 0.638034 0.719767 0.461962 1.0334 0.604771 0.536434 0.949924 0.792927 0.840423 0.723083 1.28581 1.11289 0.596432 1.0596 1.03849 0.463519 0.4139
threshold=1.0000000180025095e-35 -0.50401203756702628 -0.67414598255139557 -0.90212244308780176 1.0000000180025095e-35 1.0000000180025095e-35 2.4011762019116332 0.89169616409850982 1.0000000180025095e-35 -0.57808166297988517 1.1408482110757383 1.0000000180025095e-35 1.0000000180025095e-35 1.0000000180025095e-35 -1.2446852372125468 0.14386649379848784 1.0000000180025095e-35 1.0000000180025095e-35 0.913592007711164 -0.29687204502129899 0.8886293643662263 0.95401530329017825 0.86053659450267561 4.116711617267355 -0.45779832916345864 0.21492155102016219 0.39314305056516186 -0.14606270578908762 -0.31424993060284995 -0.99938535613924373 0.7125031138692155 0.67357917692767011 0.79821745531100707
decision_type=2 2 2 2 2 2 2 2 2 2 2 2 2 2 2 2 2 2 2 2 2 2 2 2 2 2 2 2 2 2 2 2 2
left_child=1 2 -1 5 -5 -4 10 9 -9 -6 18 -3 -13 14 -12 -15 17 -16 20 32 21 22 25 24 -23 28 27 -27 30 -30 -2 -28 -20
right_child=6 11 3 4 7 -7 -8 8 -10 -11 13 12 -14 15 16 -17 -18 -19 19 -21 -22 23 -24 -25 -26 26 31 -29 29 -31 -32 -33 -34
leaf_value=7.9284347864000892e-05 -5.0717040408868833e-05 -2.6174241147548558e-05 0.0074148539575526777 -0.0017044203550819572 -8.2854065307178776e-05 -0.00036788223571790292 0.00090916789838550423 3.3426576280690548e-05 -0.0023003384802727008 0.011518339028886011 0.00035435065829195683 0.0028445198689538102 -0.00078459686282243625 -0.0020409886496154926 -0.0013988236986308509 0.0058949719065757387 7.6657769247118188e-05 0.00038898226855801975 0.002133248018550654 -0.00043590361355249165 -0.0013678610185815156 -0.0004757944796864482 -0.0027951552748139651 -0.00051501357566003552 0.0059712141839428374 0.0040973416552227502 -0.00033179347378422034 3.8445860084131298e-05 0.0014003632478818511 -0.00080863208040554701 0.00064748923231408063 0.0053314320269005257 -4.6235347422700713e-06
leaf_weight=74 362 901 15.999999999999998 156 17 12.000000000000002 33 15.999999999999998 23 18 8.9999999999999982 48 18 21 68 20 29 11.999999999999998 28 15.999999999999998 23 9.9999999999999982 10.999999999999998 12.999999999999998 81 70 42 81 63 112 97 20 7.9999999999999991
leaf_count=74 362 901 16 156 17 12 33 16 23 18 9 48 18 21 68 20 29 12 28 16 23 10 11 13 81 70 42 81 63 112 97 20 8
internal_value=-4.86661e-05 -0.000903091 -0.00377421 -0.00553196 -0.00696789 0.00389833 0.000807905 -0.0008121 -0.00642322 0.00397091 0.000504042 3.39292e-05 0.00522853 -0.00279328 -0.00497229 0.00208754 -0.00670582 -0.00939181 0.00107264 0.00654496 0.000702933 0.00100014 0.000422383 0.00505994 0.00734558 0.000746225 0.00376394 0.0068304 -0.000193229 -0.00321695 0.000851738 -0.00279531 0.0122282
internal_weight=2528 1299 332 258 230 28 1229 74 39 35 1196 967 66 159 118 41 109 80 1037 52 985 962 858 104 91 847 213 151 634 175 459 62 36
internal_count=2528 1299 332 258 230 28 1229 74 39 35 1196 967 66 159 118 41 109 80 1037 52 985 962 858 104 91 847 213 151 634 175 459 62 36
is_linear=0
shrinkage=0.060181


Tree=126
num_leaves=34
num_cat=0
split_feature=7 8 10 8 5 8 6 6 8 13 8 8 10 1 7 7 0 5 5 10 10 6 13 13 10 16 6 4 7 6 1 8 10
split_gain=0.892911 1.07009 0.726096 1.55764 0.741767 0.914764 0.821501 0.674638 0.743569 0.63083 0.627856 0.919854 0.733668 0.708528 1.43571 1.25917 0.740966 0.795794 1.08221 0.779577 0.872197 0.750192 1.31602 1.10873 1.11943 1.04704 1.35279 0.79488 0.78973 0.78824 0.935244 0.66713 0.640557
threshold=-0.7696975797697434 -0.043564150129144698 0.2645649987104845 -1.1007210659419726 -0.18086622953861686 -0.71436842502177778 0.14386649379848784 0.70473874652350432 -0.29225847774228159 0.066817778544226755 0.62285889867506772 0.75869737685808669 0.76726582678424871 -1.4759321159128549 -0.20073754405588382 0.63049085646902003 1.01557764731833 2.8104254584366415 1.8902730422527028 -0.9959362496524331 0.036509940365153107 0.39314305056516186 -0.32143873852626714 -0.33967632704230805 0.041235496853474711 1.0000000180025095e-35 -0.41700575892652841 0.40070406158625554 1.1259815782618696 2.0134406695485429 1.0000000180025095e-35 0.67185515024160569 0.56150311732129532
decision_type=2 2 2 2 2 2 2 2 2 2 2 2 2 2 2 2 2 2 2 2 2 2 2 2 2 2 2 2 2 2 2 2 2
left_child=1 2 9 -4 6 -6 -5 -8 -9 -1 13 31 -13 14 -2 -16 17 18 21 -18 -21 22 25 29 -25 28 -27 32 -15 30 -23 -12 -24
right_child=10 -3 3 4 5 -7 7 8 -10 -11 11 12 -14 16 15 -17 19 -19 -20 20 -22 23 27 24 -26 26 -28 -29 -30 -31 -32 -33 -34
leaf_value=0.0001312926403614689 0.0032843733405859702 -0.00045260674764093645 -0.0060621807581767639 -0.012345270563577995 0.0022601657788980092 -0.00043428393587446347 0.0056745747356053682 -0.00030663339859256911 0.0014264205318217512 0.0080570672613826475 0.00028690638558348427 -4.0353084600486994e-05 0.00042026777533461833 -1.1593246753490446e-05 -0.0084516270261738961 0.00011344360284945997 -0.00026710587282280748 -0.003532793352558395 0.0017407173416677385 0.02702865422235735 5.1655708905120091e-05 7.1836822598105241e-05 4.2615761039680464e-05 -0.00099176571334478052 0.00061772648916348888 -0.00078762897894010613 0.010347442820123684 -0.00055917957601680395 0.0010768398872141975 0.010557751237562349 -0.00079189910286279802 0.0057657155270285695 -0.00070141706311915755
leaf_weight=57 33 161 27 11.999999999999998 22 24 15.999999999999998 40 19 11.999999999999998 25 382 109 561 35 17 24 31 41 29 34 36 203 26 69 32 48 120 72 13.999999999999998 101 33 63
leaf_count=57 33 161 27 12 22 24 16 40 19 12 25 382 109 561 35 17 24 31 41 29 34 36 203 26 69 32 48 120 72 14 101 33 63
internal_value=-0.000429016 -0.00306516 -0.000141579 -0.00259228 0 0.0061234 -0.00302034 0 -0.00340991 0.00459804 2.94276e-05 0.00180206 0.000796633 -0.000549707 -0.00580537 -0.0119565 -0.000201476 -0.0005739 -0.000305201 0.005013 0.0086265 -0.000649164 0 -0.00362797 0.000944309 0.00155761 0.00795214 -0.0027877 0.000618937 -0.0068304 -0.00836654 0.0088382 -0.000680198
internal_weight=2528 390 229 160 133 46 87 75 59 69 2138 549 491 1589 85 52 1504 1417 1386 87 63 1345 1099 246 95 713 80 386 633 151 137 58 266
internal_count=2528 390 229 160 133 46 87 75 59 69 2138 549 491 1589 85 52 1504 1417 1386 87 63 1345 1099 246 95 713 80 386 633 151 137 58 266
is_linear=0
shrinkage=0.060181


Tree=127
num_leaves=34
num_cat=0
split_feature=9 7 4 0 11 9 9 7 12 9 4 12 0 2 7 9 10 10 11 5 5 9 6 5 2 2 10 10 14 4 6 2 2
split_gain=0.696147 1.09077 1.1434 0.935189 0.873142 1.39315 1.12873 0.919357 2.13327 1.02626 0.863696 1.19144 1.12665 1.3362 1.3648 1.03056 1.30719 0.846339 0.843762 0.843159 0.820408 1.13144 1.01831 0.828519 0.822935 0.805123 0.881717 1.14792 1.13873 0.820989 0.803849 0.786618 0.772298
threshold=-1.1432778115504683 0.75778071430890714 -0.88164098179135575 1.01557764731833 0.8137331024297545 0.31636816310790566 0.890479504942287 -0.51597215843788702 -0.67414598255139557 -0.76863339811635567 -0.80865627587084299 1.0000000180025095e-35 1.0000000180025095e-35 0.34367770623121402 -0.51255498104621289 -0.13690785889130958 -0.30325539505274751 0.57561249971798845 -0.78309770132915812 -0.61479346138693536 -0.59455048625410123 -0.51529559107099998 -1.0090375812473789 0.0074507563399396513 -1.3425513735736236 0.72136647363574602 0.26842842174107845 0.54754892467355198 -0.738224098466287 -1.1271831331911473 0.14386649379848784 0.89594225797231386 -0.058938097580006239
decision_type=2 2 2 2 2 2 2 2 2 2 2 2 2 2 2 2 2 2 2 2 2 2 2 2 2 2 2 2 2 2 2 2 2
left_child=1 2 -1 -4 5 10 7 8 -6 -10 18 12 -12 15 -15 16 -14 -17 -2 -18 -13 23 -23 32 -24 26 28 -28 -7 -30 -8 -27 -22
right_child=4 -3 3 -5 6 25 30 -9 9 -11 11 20 13 14 -16 17 19 -19 -20 -21 21 22 24 -25 -26 31 27 -29 29 -31 -32 -33 -34
leaf_value=0.0015732762577377131 0.00095418392135378661 0.00066059001524051096 -0.000349826734104584 0.0011083472883277007 0.00046393277286367883 0.00023653664736132928 -0.0004650810022540471 -0.00012329656455737126 0.00019586121960793318 -0.0052559144375227164 -0.00016154797594500363 5.8923349452521599e-05 -0.0003152730432992769 0.006294981270758373 -0.00057345645081149433 0.0021496068290042655 -0.00018126648202765219 -1.8734323968095735e-05 -0.0002783082889815312 0.0014305571284102161 0.00026691364387577043 5.0985946486926046e-05 -0.0003358726527391986 0.0053993187041639999 0.0031405295605857458 0.0049136586395328394 0.0011194474695667353 -9.8452919024734391e-05 0.0016691215290797817 -0.00068223429871276458 0.0024263633492462356 -4.4806486780710817e-05 -0.0021346635149765976
leaf_weight=25 49 47 196 12.999999999999998 52 118 20 240 18 76 249 73 59 28 95 46 11.999999999999998 8.9999999999999982 184 40 33 24 13.999999999999998 28 95 27 51 110 10.999999999999998 285 68 110 23
leaf_count=25 49 47 196 13 52 118 20 240 18 76 249 73 59 28 95 46 12 9 184 40 33 24 14 28 95 27 51 110 11 285 68 110 23
internal_value=-0.00047656 -0.00328754 -0.00507761 -0.00666541 -9.48522e-05 0.000492775 -0.00240006 -0.00386897 -0.00766209 -0.0129773 0.00189639 0.00282574 0.00100529 0.003609 -0.000735464 0.00711339 0.00291295 0.0139117 -0.0011566 0.0097919 0.0059539 0.0077877 0.0112548 0.00140636 0.0136536 -0.00151774 -0.00255317 0.000931288 -0.00404189 -0.00603553 0.00331586 0.0023743 -0.00206703
internal_weight=2528 281 234 209 2247 1773 474 386 146 94 1061 828 538 289 123 166 111 55 233 52 290 217 133 84 109 712 575 161 414 296 88 137 56
internal_count=2528 281 234 209 2247 1773 474 386 146 94 1061 828 538 289 123 166 111 55 233 52 290 217 133 84 109 712 575 161 414 296 88 137 56
is_linear=0
shrinkage=0.060181


Tree=128
num_leaves=34
num_cat=0
split_feature=16 9 7 9 2 0 10 9 2 9 15 6 2 13 2 13 17 10 10 7 6 13 7 10 10 10 15 9 7 2 6 9 9
split_gain=0.71565 0.838681 1.12953 0.864971 1.46577 0.91422 0.890187 0.872353 1.09548 0.789968 0.825902 0.766551 0.742661 0.798375 0.931203 0.722864 0.712511 0.712421 1.76973 1.08619 0.943603 0.690214 0.676634 0.786976 1.87974 1.24259 2.02565 0.838526 0.873112 0.664217 0.658062 0.626391 0.621504
threshold=1.6165153522599058 -1.1432778115504683 0.46646634166862655 0.54972844088315587 -0.16731763273310926 1.0000000180025095e-35 0.59894880030640241 2.3929000287221167 1.1540364298032351 -0.80696553348397293 1.0000000180025095e-35 0.73589831611933854 0.84593279836536917 -0.21580754266795019 1.1813001981504991 -0.19678362983526937 1.0000000180025095e-35 -0.56224103020678806 -0.83861078052272608 -0.71929421324253939 -0.23004834135152297 -0.15458596703283517 -0.57918994018387226 0.2930154028154951 0.54754892467355198 -0.11211144540970135 1.0000000180025095e-35 1.4244586108551691 0.30842188730366599 -0.90488228164953088 -0.91555887245987633 0.28154239701137906 -0.32538660933141578
decision_type=2 2 2 2 2 2 2 2 2 2 2 2 2 2 2 2 2 2 2 2 2 2 2 2 2 2 2 2 2 2 2 2 2
left_child=1 2 -1 4 5 6 17 8 22 -7 15 -8 -6 14 -14 -11 -16 18 21 -20 31 29 -5 25 -25 -24 -27 -26 -29 -3 -17 -19 -18
right_child=-2 3 -4 7 12 9 11 -9 -10 10 -12 -13 13 -15 16 30 32 20 19 -21 -22 -23 23 24 27 26 -28 28 -30 -31 -32 -33 -34
leaf_value=-0.00026701002448333672 0.00047633815420842997 -3.8704779963572502e-05 0.00026860971721597617 -0.00050265332123657373 -0.0001499942969370595 0.0071813766586196412 -0.0026709802165580669 0.0019893418978448405 0.00043781352985933604 0.0011934241269477978 2.5032219890783919e-05 0.00057090332835889367 0.00052904777322286285 0.00038609669506828846 -0.00056468774297100462 -0.0021446830673180458 -0.00092346353695829458 0.001582146252421411 0.0021812240949508023 -0.0039272526446472522 0.00011216366187090914 -0.00052444415496781635 -0.00024737905040702013 0.0011271996713369922 -0.0019120169124806075 0.00059225601298669363 -0.0045735802506047842 -0.00012617170893406646 0.0049434095023833738 0.0069511937091574442 0.0001933909479870633 -0.00016418783922848328 0.0035358450391086245
leaf_weight=208 119 19.999999999999996 59 94 539 38 58 25 73 75 163 20 68 85 103 11.000000000000002 8.0000000000000018 59 7.9999999999999991 48 96 15.999999999999998 252 43 74 15.999999999999998 46 12.999999999999998 21 29.000000000000004 15.999999999999998 7.9999999999999991 17
leaf_count=208 119 20 59 94 539 38 58 25 73 75 163 20 68 85 103 11 8 59 8 48 96 16 252 43 74 16 46 13 21 29 16 8 17
internal_value=-0.000690507 -0.000936593 -0.00412481 -0.000506197 0.000264689 0.00238951 0.000172379 -0.00232735 -0.00284496 0.00481818 0.00325932 -0.00519714 -0.00139179 0.000961531 -0.00091874 0.00743526 -0.00413718 0.00189312 -0.00123025 -0.00913477 0.00453232 0.00486613 -0.00380244 -0.0026388 0.000602266 -0.00436708 -0.0119687 -0.00326088 0.00327632 0.00863427 0 0.00984252 0.00325522
internal_weight=2528 2409 267 2142 1485 665 362 657 632 303 265 78 820 281 196 102 128 284 121 56 163 65 559 465 151 314 62 108 34 49 27 67 25
internal_count=2528 2409 267 2142 1485 665 362 657 632 303 265 78 820 281 196 102 128 284 121 56 163 65 559 465 151 314 62 108 34 49 27 67 25
is_linear=0
shrinkage=0.060181


Tree=129
num_leaves=34
num_cat=0
split_feature=2 9 4 7 5 2 2 12 8 3 8 2 13 13 5 5 4 9 5 2 8 3 3 11 9 4 9 7 2 4 8 8 8
split_gain=0.59348 0.938281 1.10149 2.24869 1.06606 1.04002 0.867105 1.0406 0.917491 0.840868 0.796087 1.18491 0.696645 1.18056 1.73156 2.17692 1.05937 1.26869 1.27468 1.2426 0.796708 0.761897 1.85961 1.03499 0.703584 0.700847 0.696599 0.693527 0.690319 0.674646 0.715218 0.661669 1.45193
threshold=-0.3050148239043744 0.49197826545808798 -0.47106593211266035 -0.016209964905443047 0.97697492926636664 -1.0376574061571942 0.84133352206318546 0.86351510968011858 1.8194131080895846 0.57194108049591175 1.082032558742797 0.95469025453618039 2.2738243745509061 -0.28246118460013653 -0.086138626634831086 -0.7075433891486308 -0.48317328868431492 -0.55735794549983686 0.2727168944605306 -1.5724857329215671 -0.14443252565839587 -0.24149852641735717 -0.7420084404090409 -0.78309770132915812 -0.81994174536809383 2.2003936314864236 0.779884982823846 0.86200462475498962 -0.56315929011837362 -0.90212244308780176 0.67185515024160569 0.2971122736877177 -0.88997497836288608
decision_type=2 2 2 2 2 2 2 2 2 2 2 2 2 2 2 2 2 2 2 2 2 2 2 2 2 2 2 2 2 2 2 2 2
left_child=1 9 3 -3 5 -5 -2 8 10 12 -8 -12 13 16 15 -15 21 19 20 -18 28 22 23 -1 -21 -22 -10 -4 -19 -24 -31 32 -16
right_child=6 2 27 4 -6 -7 7 -9 26 -11 11 -13 -14 14 31 -17 17 18 -20 24 25 -23 29 -25 -26 -27 -28 -29 -30 30 -32 -33 -34
leaf_value=0.0016470109641253683 -0.00010974749740184945 -0.0012538544875340455 -0.00023772725211169111 0.00023499520161923357 -0.00072304291069966501 0.0017396840296299576 0.00011923335432676346 -0.00055834056003168872 -8.8744944262283317e-05 -0.0004785289443192306 0.0007787073959459542 -0.0045417801753511785 0.0023136241131168503 -0.0056011057211017594 -0.0060394541139720745 0.0016475736811449098 -0.0059587673155743412 0.0044925073354549708 0.0028837560304346877 0.0020279353307265948 0.00022717146052336938 0.00036890949096249966 -0.00032933366665793595 -7.6809905968818103e-05 -0.00036812104362761851 -0.0039791696838137524 0.010843652399362058 -0.0044455875754457067 -0.0012239065502464867 -0.0038944066446101955 -0.0013306230601259678 -0.0090195587249633797 0.00034734777991504733
leaf_weight=32 1040 42 89 35 24 37 401 28 10.000000000000002 21 10.999999999999998 33 20 24 39 53 13.999999999999998 33 52 59 36 72 34 66 19 11.999999999999998 12.999999999999998 56 12.999999999999998 30 14.999999999999998 19 46
leaf_count=32 1040 42 89 35 24 37 401 28 10 21 11 33 20 24 39 53 14 33 52 59 36 72 34 66 19 12 13 56 13 30 15 19 46
internal_value=-0.000500332 0.000607321 -0.0022147 0.00129505 0.00667474 0.0103856 -0.00125268 0.000728431 0.00153733 0.00181971 0.000744168 -0.00638067 0.00226654 0.00179639 -0.00213439 0.00414168 0.00337914 0.00623899 0.00967343 2.972e-05 0.00434519 0.000368612 -0.00151522 0.00358181 0.00372219 -5.50605e-05 0.0125483 -0.00589126 0.00976308 -0.00841268 -0.0130594 -0.00729706 -0.00376773
internal_weight=2528 992 283 138 96 72 1536 496 468 709 445 44 688 668 181 77 487 238 146 92 94 249 177 98 78 48 23 145 46 79 45 104 85
internal_count=2528 992 283 138 96 72 1536 496 468 709 445 44 688 668 181 77 487 238 146 92 94 249 177 98 78 48 23 145 46 79 45 104 85
is_linear=0
shrinkage=0.060181


Tree=130
num_leaves=34
num_cat=0
split_feature=18 19 10 7 10 13 10 12 8 7 8 8 6 6 5 3 3 8 7 13 10 6 8 6 10 8 8 1 4 4 3 5 13
split_gain=0.652644 0.784493 0.75297 1.12109 0.785583 1.67047 0.722914 0.679955 0.674029 0.832366 0.729365 1.32525 0.91876 0.692534 0.848189 0.663883 0.971003 0.993585 0.666261 0.655235 0.755673 0.641326 0.917711 1.20254 1.01589 0.929194 0.93615 0.81205 0.637774 1.10986 1.06163 0.700818 0.839172
threshold=1.0000000180025095e-35 1.0000000180025095e-35 -0.069769268150067634 -0.096513633609801433 0.3929584601231258 -0.091198066037304029 -0.15606078145320249 2.9137298993221377 2.0156529928194646 -0.25712097101851822 -0.27784623751199261 -0.8650938053363203 -0.8532397332682079 -0.6662823156932024 -0.43342961991082624 1.1346588588304443 0.57194108049591175 0.24059204389287667 0.29817035512864226 -0.33411967104634827 -0.92034280754859288 0.26850477218182484 -1.1073008537514022 0.6424196073318359 1.162947861247704 -0.84055574225345941 -0.66147292729822549 1.0000000180025095e-35 -0.71153635366199253 -0.55940924562416361 -0.81657178678583831 0.18690741747022496 1.473971236041012
decision_type=2 2 2 2 2 2 2 2 2 2 2 2 2 2 2 2 2 2 2 2 2 2 2 2 2 2 2 2 2 2 2 2 2
left_child=2 28 6 4 5 -4 8 -5 10 -10 11 13 -12 14 -1 16 19 -18 -19 20 -14 27 23 -23 25 -24 -27 -6 30 -30 -2 32 -32
right_child=1 -3 3 7 21 -7 -8 -9 9 -11 12 -13 15 -15 -16 -17 17 18 -20 -21 -22 22 24 -25 -26 26 -28 -29 29 -31 31 -33 -34
leaf_value=0.013593182047853996 0.00049920415328552831 0.0029581952896201892 -0.0017205443563855639 8.4019866113347285e-05 -0.0086323797695518657 0.0025701215049663455 0.0074814019173770384 0.0015484210682709647 -0.0025375837977893558 0.0044572195724895619 -0.0016708796452046962 0.00099425628013548209 -0.0084072434072947014 -0.0005121373892276555 -0.00010851229079506883 -0.0068121387071710749 -0.0058608232626009699 0.0074793838783680433 0.00044990381966099238 0.00081722803785321159 0.00010891159269686342 0.0061078386698171939 0.0097595305808409576 -0.0058649583428738465 -8.7575505257899769e-05 -0.002007853010346864 0.0017392030660880449 -6.0566157452911436e-05 0.00033295700821468793 -0.00010256345244251717 -0.00025938629259364898 -0.0067935634526396895 0.0017294232206554842
leaf_weight=10.999999999999998 36 23 150 274 40 32 22 29 8.0000000000000018 18 120 228 31 51 70 29 13.999999999999998 24 7.9999999999999991 28 85 8.0000000000000018 21 21 54 18 132 78 72 617 120 44 11.999999999999998
leaf_count=11 36 23 150 274 40 32 22 29 8 18 120 228 31 51 70 29 14 24 8 28 85 8 21 21 54 18 132 78 72 617 120 44 12
internal_value=-0.00047656 -0.00175477 0.000226379 -0.00094734 -0.00259536 -0.0058517 0.00164741 0.00187395 0.00120157 0.0102603 0.000732105 0.00265601 -0.00115007 -0.00179615 0.00110057 0.000958988 0.00250144 0.00976308 0.0152923 0 -0.00203643 -0.000808687 0.000711884 -0.00839328 0.00225009 0.00466933 0.00236925 -0.0044774 -0.00209875 -0.00109024 -0.00503747 -0.00705241 -0.00401514
internal_weight=2528 924 1604 857 554 182 747 303 725 26 699 360 339 132 81 219 190 46 32 144 116 372 254 29 225 171 150 118 901 689 212 176 132
internal_count=2528 924 1604 857 554 182 747 303 725 26 699 360 339 132 81 219 190 46 32 144 116 372 254 29 225 171 150 118 901 689 212 176 132
is_linear=0
shrinkage=0.060181


Tree=131
num_leaves=34
num_cat=0
split_feature=13 5 5 5 5 7 0 7 3 2 13 5 3 13 7 5 3 13 13 4 4 7 7 6 6 4 10 4 13 3 4 12 12
split_gain=0.466838 0.604585 0.913463 0.993467 0.579704 0.506789 0.519061 0.616257 0.504162 0.558314 0.51745 1.0183 0.887242 0.675982 0.912609 0.627688 0.503797 0.475482 0.732557 0.683252 0.648013 0.776775 0.610602 0.387829 0.373097 0.364217 0.465967 0.347865 0.689148 0.315454 0.278831 0.274227 0.258685
threshold=4.3864087763499127 2.8104254584366415 1.8459761298985913 1.7251647049085772 2.4198173272706227 1.1259815782618696 2.0956703239782959 0.22982680729514457 1.8559099902480021 2.2810380511050545 2.9091114388906898 -0.7602238804950231 -0.19440509432749012 1.7343164391181287 -0.24003508406014382 -0.82398618589533268 -0.81546589321531082 -0.2865760836820575 0.087112227545054308 -1.0364305456446015 2.3270691290170027 1.7581593957217145 1.7581593957217145 0.23734520258599057 0.23734520258599057 -0.61364297292488601 -0.27476719565832469 -0.23274824401316377 -0.3382187174682636 2.3799215484622342 2.1737462307143862 1.0000000180025095e-35 0.35096141226961375
decision_type=2 2 2 2 2 2 2 2 2 2 2 2 2 2 2 2 2 2 2 2 2 2 2 2 2 2 2 2 2 2 2 2 2
left_child=1 2 3 5 25 6 8 -8 10 27 13 -12 -13 15 -15 -1 -2 19 -19 23 21 -21 -20 32 -11 -4 -27 28 -10 -29 31 -3 -7
right_child=16 30 4 -5 -6 17 7 -9 9 24 11 12 -14 14 -16 -17 -18 18 22 20 -22 -23 -24 -25 -26 26 -28 29 -30 -31 -32 -33 -34
leaf_value=-0.00024666688628726047 -0.0038703666827618602 -0.0041856611352769973 -0.0018071658570219917 -0.0027245632283929258 -0.00014713051958491102 -2.5485792336080174e-05 0.016902961763113119 -8.5451275261502833e-05 0.0031826579691301578 -0.0023278185382998502 0.0097363588006106633 -0.00023725190840426409 -0.010214327974685128 0.0010749587231418585 -7.0417047674259302e-05 -4.2686139121089002e-05 0.0091445805322184319 -0.0084297840030007776 -0.020182399896025768 0.0015591300854953707 -0.00077252238180016916 0.00032821055083091945 0.0073449151734041977 0.00041325838769111354 0.003364895522249767 0.0093972459072789172 0.00020065029288890998 4.6359370805412621e-05 -0.000222636826107325 -0.0037789430996811981 0.00011278607696955826 -0.0001717887977610911 -0.006540003258237369
leaf_weight=254 8.0000000000000018 26 13.999999999999998 20 26 12.000000000000002 22 29 57 10.000000000000002 7.9999999999999991 15.000000000000002 15.999999999999998 34 52 1584 19 20 13.000000000000002 40 22 45 9.9999999999999982 9.9999999999999982 18 26 23 13.000000000000002 32 13.999999999999998 8.9999999999999982 14.999999999999998 11.999999999999998
leaf_count=254 8 26 14 20 26 12 22 29 57 10 8 15 16 34 52 1584 19 20 13 40 22 45 10 10 18 26 23 13 32 14 9 15 12
internal_value=-0.000310157 -0.000421627 -0.000258592 -0.000510001 0.00555461 -0.000360408 -0.000641655 0.00501163 -0.000813985 0.00246556 -0.0010878 -0.00783578 -0.0131255 -0.000906872 0.0040615 -0.00117797 0.00697535 0.00258144 -0.00199795 0.00438951 0.00682708 0.00920143 0.00349993 -0.00167594 0.00961096 0.0086265 0.0109223 2.37563e-05 0.00230524 -0.00500892 -0.00678916 -0.00883365 -0.00664336
internal_weight=2528 2501 2451 2362 89 2342 2158 51 2107 144 1963 39 31 1924 86 1838 27 184 43 141 107 85 23 34 28 63 49 116 89 27 50 41 24
internal_count=2528 2501 2451 2362 89 2342 2158 51 2107 144 1963 39 31 1924 86 1838 27 184 43 141 107 85 23 34 28 63 49 116 89 27 50 41 24
is_linear=0
shrinkage=0.060181


Tree=132
num_leaves=34
num_cat=0
split_feature=18 7 13 1 8 15 7 12 12 13 4 9 9 7 12 1 13 10 10 12 10 8 9 7 13 7 7 9 9 11 8 8 9
split_gain=0.786228 1.06005 0.82967 1.0151 0.902253 0.881411 0.895239 0.803433 0.86034 0.764824 0.994092 1.5454 1.03843 0.756458 0.678368 0.653181 0.650715 0.642419 1.46675 0.886472 1.20244 0.932947 1.28752 0.821789 0.714925 0.700351 0.697156 1.34307 1.23912 0.873628 0.684425 0.787346 0.601205
threshold=1.0000000180025095e-35 0.22982680729514457 -0.21580754266795019 -1.4759321159128549 -0.85675136339611024 1.0000000180025095e-35 0.42887739036020484 0.86351510968011858 0.35096141226961375 -0.31719372919684369 -0.36830390237170102 -0.57694469210617527 -0.36529526946696911 1.0994984534763907 1.0000000180025095e-35 1.1241768659879796 -0.32237809849077359 0.083858275504198707 0.55419173311569125 -0.67414598255139557 0.913592007711164 -0.80305778580367249 -0.84774096032884483 1.0875383326055288 -0.15698920180315137 -0.18279736274959149 0.26570716990773052 -0.3451051338425255 0.29363299903492251 0.21492155102016219 0.94956349625043712 0.17232626139974869 -1.1261275879778223
decision_type=2 2 2 2 2 2 2 2 2 2 2 2 2 2 2 2 2 2 2 2 2 2 2 2 2 2 2 2 2 2 2 2 2
left_child=1 15 3 -3 16 6 -6 8 32 10 11 -7 -13 -8 -12 -1 -5 26 30 20 -20 22 -21 -23 -22 -24 27 -2 -28 -30 31 -19 -4
right_child=17 2 7 4 5 9 13 -9 -10 -11 14 12 -14 -15 -16 -17 -18 18 19 21 24 23 25 -25 -26 -27 28 -29 29 -31 -32 -33 -34
leaf_value=-5.8753728066198941e-05 -0.0017977392079336549 -0.010951876890896012 -0.00016927201556953499 1.3232446991886033e-05 0.0048839560776711699 0.0066102961478838457 -0.00085862947960826952 0.0034497534730924405 -0.010095393575685565 0.0025311216189695678 -0.0032319931574969541 -0.0046151277803788771 0.00012429689218014129 0.0023898126789543687 0.00014915465272827725 0.01049045344455983 -0.0097781590260424007 0.00023799484450456477 -0.00050611531377348692 -0.0064386345132622326 0.0016886491424400933 -0.001549997733856128 0.00089215411184622969 0.00074649625625228483 -0.00016526079517500305 2.8046935377002005e-05 0.00012308674972885976 -0.00012463164135724842 -0.0036326969759878417 0.0016885511727333749 0.0010679609836926286 -0.0011704207954359813 0.0014221557011227031
leaf_weight=1071 82 18 14.999999999999998 38 52 21 42 23 7.9999999999999991 12.999999999999998 40 8.9999999999999982 94 44 27 13.999999999999998 17 92 23 11.999999999999998 45 117 10.999999999999998 26 12.999999999999998 21 161 170 72 15.999999999999998 27 36 58
leaf_count=1071 82 18 15 38 52 21 42 23 8 13 40 9 94 44 27 14 17 92 23 12 45 117 11 26 13 21 161 170 72 16 27 36 58
internal_value=-0.000547876 0.000226379 0.00248129 0.00108503 0.00188491 0.00314261 0.00681998 0.00729706 0.00323454 0.00030357 -0.000478473 0.00238038 -0.000308917 0.0020466 -0.00643303 -0.000804209 -0.00466956 -0.0019494 -7.71953e-05 -0.00289095 0.00181189 -0.00522458 0.00132388 -0.00761363 0.00688441 0.0085312 -0.00340465 -0.00566182 -0.000845096 -0.0066007 0.00438149 0.00185074 0.00592916
internal_weight=2528 1604 519 415 397 342 138 104 81 204 191 124 103 86 67 1085 55 924 423 268 81 187 44 143 58 32 501 252 249 88 155 128 73
internal_count=2528 1604 519 415 397 342 138 104 81 204 191 124 103 86 67 1085 55 924 423 268 81 187 44 143 58 32 501 252 249 88 155 128 73
is_linear=0
shrinkage=0.060181


Tree=133
num_leaves=34
num_cat=0
split_feature=3 9 2 2 1 0 12 12 3 2 1 5 5 2 2 17 5 9 9 10 9 5 6 12 4 5 5 10 9 5 10 6 10
split_gain=0.627699 1.86894 0.739177 1.20774 1.0448 1.58431 0.893587 1.40374 1.65177 0.850405 0.751005 0.742515 0.688416 0.984582 0.916595 1.07987 0.651166 0.644056 0.640601 1.02198 0.963521 0.938785 0.873916 1.16889 1.03555 0.976973 1.023 0.782916 1.69857 0.744965 0.913176 1.23159 0.859222
threshold=-1.4949226099604604 -0.086027373427973883 -0.039511858377226795 0.78648687318898869 1.1241768659879796 1.01557764731833 0.35096141226961375 1.0000000180025095e-35 2.0350655922237246 2.3176024088389844 1.0000000180025095e-35 -0.93670546560101975 -0.73026865548599929 0.4117469252584019 0.15429639164412573 1.0000000180025095e-35 -1.0641829808912437 -0.95413435596343354 0.49197826545808798 1.6012332040612771 0.32331949331073395 0.81979529720529409 -0.26120791094735718 0.86351510968011858 0.71410634172630216 -0.71241959964425283 1.4730917322475066 -0.27476719565832469 0.23047649001785228 -0.61479346138693536 0.54754892467355198 0.33082391137349337 0.32988356232526611
decision_type=2 2 2 2 2 2 2 2 2 2 2 2 2 2 2 2 2 2 2 2 2 2 2 2 2 2 2 2 2 2 2 2 2
left_child=1 -1 4 10 5 18 7 11 -9 -8 12 16 13 -4 15 -14 -5 -16 20 29 22 -21 23 27 -24 -25 -27 -2 -29 -20 32 -32 -31
right_child=2 -3 3 6 -6 -7 9 8 -10 -11 -12 -13 14 -15 17 -17 -18 -19 19 21 -22 -23 24 25 -26 26 -28 28 -30 30 31 -33 -34
leaf_value=-0.0016491064597462463 -4.7660994642839162e-05 0.0011097426125276121 -0.00046528771135416486 0.00098498117572876662 -0.001410740750196267 0.00066504328560613199 -0.00052766831647840828 0.0038907320529355856 -0.0013688120875280472 0.00050803528777834 -9.2076791417014853e-05 9.2438796810694586e-05 0.0087692488374268331 0.010058716499960135 -5.9359232176735634e-05 -0.012436255484096045 -0.0054127917898131178 -0.004414075794740388 0.00015898599377406767 0.0041303100686727106 0.001882396023630319 -0.0006784811206692568 1.4701865628246072e-05 -0.0082250880791517513 -0.0026467780476393996 0.0014619312870082983 -0.004690319498789018 0.0015600547006243053 -0.01293464329285582 -0.00042967595833322134 -0.0089631831796023447 0.0028358631314791428 0.001942179935802812
leaf_weight=48 197 33 25 13.999999999999998 28 53 57 82 13.999999999999998 17 536 304 29 12.999999999999998 23 20 26 92 72 12.000000000000002 61 7.9999999999999991 310 8.9999999999999982 40 46 7.9999999999999991 100 9.9999999999999982 172 39 15.999999999999998 13.999999999999998
leaf_count=48 197 33 25 14 28 53 57 82 14 17 536 304 29 13 23 20 26 92 72 12 61 8 310 9 40 46 8 100 10 172 39 16 14
internal_value=-0.000262613 -0.00536852 -6.25535e-05 -0.00110465 0.00098145 0.00131339 0.0010519 0.00217702 0.00848735 -0.00468953 -0.00268177 0.000181305 -0.00586788 6.82949e-05 -0.00755734 0 -0.00696599 -0.0104259 0.000756417 -0.00134936 0.00172942 0.0103187 0.00100195 0.00306817 -0.00102919 0.0104336 0.0136309 0.00126855 0.00532244 -0.00238501 -0.00407118 -0.010831 -0.001602
internal_weight=2528 81 2447 1252 1195 1167 514 440 96 74 738 344 202 38 164 49 40 115 1114 333 781 20 720 370 350 63 54 307 110 313 241 55 186
internal_count=2528 81 2447 1252 1195 1167 514 440 96 74 738 344 202 38 164 49 40 115 1114 333 781 20 720 370 350 63 54 307 110 313 241 55 186
is_linear=0
shrinkage=0.060181


Tree=134
num_leaves=34
num_cat=0
split_feature=7 1 10 8 7 6 7 7 3 12 2 10 8 13 18 10 8 2 5 6 13 16 8 8 6 5 6 2 5 12 7 10 8
split_gain=0.849084 0.583201 0.957105 1.03026 0.982689 1.03378 1.16367 0.93969 0.896039 1.28951 1.25201 1.08554 0.775821 0.657718 0.901841 0.651101 0.945261 0.711724 0.694766 0.70868 0.675777 0.760954 0.623105 0.601967 1.1077 1.06224 1.10377 0.937023 0.756589 1.02498 0.748572 0.865914 0.667277
threshold=0.35199089904751929 1.0000000180025095e-35 1.2557771006352942 -1.2196428611152819 -1.2446852372125468 -0.35468661973485993 0.30842188730366599 -0.45873443712733469 -0.43928420458980705 0.35096141226961375 -0.19654778986787089 0.1485011051567631 0.8775912371236404 -0.19308251959332332 1.0000000180025095e-35 0.913592007711164 -0.63336684131368426 -0.2957436717967421 -0.31121947047492332 -0.88439930286404211 0.42584894298929438 1.6165153522599058 -0.52929698341593245 -0.56235826809975387 -0.19888877175568878 -0.88907340719791239 0.98517487288601269 0.6342553928011484 1.2872030521848528 0.35096141226961375 -0.59883871018600288 -0.29111136770548734 1.1072252327686951
decision_type=2 2 2 2 2 2 2 2 2 2 2 2 2 2 2 2 2 2 2 2 2 2 2 2 2 2 2 2 2 2 2 2 2
left_child=1 8 7 -4 -5 -6 -7 23 9 13 11 -10 -11 14 -1 17 -17 18 22 -20 21 -19 -9 25 27 -3 28 -25 29 -27 31 -26 -33
right_child=-2 2 3 4 5 6 -8 15 10 12 -12 -13 -14 -15 -16 16 -18 20 19 -21 -22 -23 -24 24 30 26 -28 -29 -30 -31 -32 32 -34
leaf_value=0.0032161400333931326 8.1477771226432264e-05 -0.0022718868185719527 0.0022707641308628711 0.00036378911131243941 0.00026753699983698509 -0.00068594064181938508 0.0030479468867066202 -0.0004378338829459575 -0.00060794976989979983 -0.0072803053624973533 -0.00026398223347067233 0.00079378511060542291 0.0010675502138484431 -0.001460770535020865 -0.002716831913992078 -0.00021397458228405685 0.00406847528657468 -0.00025914353459551438 0.00049629487443380595 -0.00055426135903610967 0.00048825702491512674 0.0049106900748552319 0.0030044470678388425 0.00068619548738649901 -0.000326492861452999 0.0061100525925413931 -7.4250577485714686e-05 -0.0011187111196863419 -0.0011361417580873694 -0.00015333933640047353 0.0047408176748923864 0.001035072991886634 -0.00044910779832352336
leaf_weight=62 755 17 7.9999999999999991 8.9999999999999982 11.999999999999998 81 18 13.999999999999998 39 70 294 47 18 36 20 15.999999999999998 29 440 28 56 50 21 40 34 34 49 27 30 8.9999999999999982 8.9999999999999982 39 92 25
leaf_count=62 755 17 8 9 12 81 18 14 39 70 294 47 18 36 20 16 29 440 28 56 50 21 40 34 34 49 27 30 9 9 39 92 25
internal_value=-0.000262613 -0.00100089 -0.0001793 -0.00505176 -0.00683937 -0.00868928 -0.0108786 0.000370804 -0.00255657 -0.0057559 -0.000634939 0.00540476 -0.0111995 -0.00101315 0.00143922 -0.000866754 0.00563029 -0.00143371 0.00214504 -0.000719399 -0.00251986 -0.00330918 0.00736246 0.00286489 0.000945502 0.0065888 0.00927784 -0.00538321 0.013252 0.0156765 0.00343398 0.000991524 0.00376603
internal_weight=2528 1773 1187 128 120 111 99 1059 586 206 380 86 88 118 82 694 45 649 138 84 511 461 54 365 254 111 94 64 67 58 190 151 117
internal_count=2528 1773 1187 128 120 111 99 1059 586 206 380 86 88 118 82 694 45 649 138 84 511 461 54 365 254 111 94 64 67 58 190 151 117
is_linear=0
shrinkage=0.060181


Tree=135
num_leaves=34
num_cat=0
split_feature=2 10 18 12 8 9 6 8 8 2 14 8 14 12 8 9 2 4 4 8 2 4 2 2 9 10 1 2 9 3 10 9 1
split_gain=0.784324 0.867837 0.993675 1.25174 1.38016 1.54282 1.25163 0.769743 1.21358 0.728309 1.03529 0.890064 0.845198 1.00778 0.823811 1.05655 1.07311 0.968684 1.17662 0.857568 1.14201 0.827248 0.720152 0.702656 0.984496 0.768155 0.846669 1.03956 1.08134 1.00024 1.30916 0.712911 0.696136
threshold=-0.27178718436327248 2.4347424566181579 1.0000000180025095e-35 -0.67414598255139557 -1.0329972098794531 0.15815483837999475 0.20618563299015633 -1.1372934129054768 -0.94419015810234919 0.84133352206318546 1.7092913388094815 1.8194131080895846 1.7092913388094815 0.86351510968011858 2.1912069242036796 -0.036661125832480747 0.72136647363574602 -0.025753047133456497 0.77190472394998355 -0.50329542683273187 0.30202974838214497 -0.65727185243707753 -0.49732706524517661 -0.16731763273310926 0.92101795356571714 1.162947861247704 1.0000000180025095e-35 0.5493454491755676 0.779884982823846 -0.43181758902110429 -0.061536194273116691 1.4244586108551691 1.0000000180025095e-35
decision_type=2 2 2 2 2 2 2 2 2 2 2 2 2 2 2 2 2 2 2 2 2 2 2 2 2 2 2 2 2 2 2 2 2
left_child=1 2 7 4 -4 -6 22 -1 -9 10 14 12 13 -11 15 16 17 19 -19 20 32 -22 -5 24 -17 26 27 28 -25 30 -28 -27 -2
right_child=9 -3 3 6 5 -7 -8 8 -10 11 -12 -13 -14 -15 -16 23 -18 18 -20 -21 21 -23 -24 25 -26 31 29 -29 -30 -31 -32 -33 -34
leaf_value=0.0085955176641383229 0.0071665303378931535 -0.00033949102681541732 -0.0035249786890646055 -0.00025270937256321243 0.0014222725082167502 -6.581630260459139e-05 0.00032444942676889511 -0.00055343884170918191 0.00024295103470809419 1.231608700700215e-06 -0.00083755971173069162 0.0023346116175857463 0.0067226110562443901 -0.00048002600378007889 -0.00078739771173347002 0.003822697540622727 -0.0038501632276394288 -0.0031070721539117481 -0.00014500357474419895 -0.00031162075580368708 -0.00055954693846227432 0.00062123251262450837 -0.0041992630744294894 -0.0076947767898709061 -0.00053995596338067846 -0.0022026571664018313 0.00023153037435889854 0.0013649561264262693 0.00019358579057150575 1.4785687456121031e-05 0.002845952047186948 0.00080505817230936815 0.00042456319471468164
leaf_weight=32 28 27 12.999999999999998 261 45 30 80 38 469 424 51 24 23 25 28 21 21 81 134 100 35 30 17 45 15.999999999999998 22 56 25 35 199 29 9.9999999999999982 54
leaf_count=32 28 27 13 261 45 30 80 38 469 424 51 24 23 25 28 21 21 81 134 100 35 30 17 45 16 22 56 25 35 199 29 10 54
internal_value=-0.000429016 0.000832386 0.00118993 -0.000809439 0.00528676 0.00884079 -0.00250427 0.00294439 0.00218602 -0.00130877 -0.00223692 0.000487517 -5.97419e-06 -0.000737591 -0.00170452 -0.00130907 -0.00328324 -0.00246192 -0.00538128 0 0.00301584 -0.00223447 -0.00449795 0.000658023 0.00822174 0 0.000697027 -0.00362802 -0.00723231 0.00252087 0.007843 -0.0085312 0.00776635
internal_weight=2528 1012 985 446 88 75 358 539 507 1516 1020 496 472 449 969 941 483 462 215 247 147 65 278 458 37 421 389 105 80 284 85 32 82
internal_count=2528 1012 985 446 88 75 358 539 507 1516 1020 496 472 449 969 941 483 462 215 247 147 65 278 458 37 421 389 105 80 284 85 32 82
is_linear=0
shrinkage=0.060181


Tree=136
num_leaves=34
num_cat=0
split_feature=18 10 2 7 14 13 9 2 11 8 13 9 2 8 7 6 6 6 11 7 7 11 13 10 8 7 9 6 6 9 11 8 10
split_gain=0.743338 1.045 0.934881 1.4557 1.00577 1.19686 1.03319 0.992264 0.930786 1.09718 1.47851 1.02964 1.17733 0.873141 0.797529 0.788674 1.38837 1.24384 0.708157 0.933508 0.693268 0.692292 0.666433 0.829316 0.893699 0.926502 0.889098 0.765563 0.835081 0.664979 0.660051 0.629126 0.606281
threshold=1.0000000180025095e-35 -0.21418478266601784 -0.2957436717967421 -0.28360409580399842 1.0000000180025095e-35 1.0000000180025095e-35 -0.36051699281500099 -0.11540423404509814 1.0000000180025095e-35 0.62285889867506772 -0.33405728680785335 -0.077928693723444534 0.052486513137856058 -0.73997872951474353 0.22982680729514457 -0.57280360690569965 0.050387785010985106 0.33082391137349337 0.8137331024297545 0.24776698860143817 0.35199089904751929 1.612148504309211 1.9183243610486522 -1.5028833212260644 -0.65360012708763238 1.0738696230388285 -0.79823189075445267 -0.44816532852236268 -0.63512274609736818 1.1490988381869585 1.0133369528996188 -1.0573722555090628 -1.5695565023727325
decision_type=2 2 2 2 2 2 2 2 2 2 2 2 2 2 2 2 2 2 2 2 2 2 2 2 2 2 2 2 2 2 2 2 2
left_child=2 20 3 4 5 6 -1 15 11 10 -10 12 -3 30 -15 -4 -17 -18 19 -11 -2 -9 23 -22 26 27 -25 28 -26 -20 -12 -23 -5
right_child=1 8 7 32 -6 -7 -8 21 9 18 13 -13 -14 14 -16 16 17 -19 29 -21 22 31 -24 24 25 -27 -28 -29 -30 -31 -32 -33 -34
leaf_value=-7.1046287692690129e-05 -0.00037099435370120697 0.00055468325750354739 0.00074063083534008838 -0.0062654034111322482 0.00033694038437468387 0.0028489196031434433 -0.011309897600187854 -3.3457222112536515e-05 -0.00083268664205783205 0.0060333452536958376 -3.8311577291836404e-05 -6.2587139878862984e-05 -8.1337036341036026e-05 -0.0082006596824014868 0.0012262199921879494 -0.013210099518842491 0.003445962575350145 -0.00056304067321883984 -0.00051210197013798107 -9.8487724815724497e-05 -0.0064907892037035292 -0.0023656037429665901 0.0012790992665344416 0.00013852529355868058 0.00063906069293115408 -0.00057909750231928555 -0.003539537981723941 0.0040153786662820469 -0.00055415298614276969 0.0072999863378387366 0.00037698780864642295 0.0022326977573096738 0.00035568472382878428
leaf_weight=28 219 71 21 8.9999999999999982 35 12.999999999999998 34 881 142 22 22 119 36 19.000000000000004 11.999999999999998 25 15.999999999999998 23 31 17 17 9.9999999999999982 8.9999999999999982 15.999999999999998 47 36 23 23 10.999999999999998 9.9999999999999982 22 71 438
leaf_count=28 219 71 21 9 35 13 34 881 142 22 22 119 36 19 12 25 16 23 31 17 17 10 9 16 47 36 23 23 11 10 22 71 438
internal_value=-0.000119982 -0.00149525 0.000638166 0.00263515 -0.00320347 -0.00730955 -0.0110513 -0.000375039 0.000176818 -0.00191135 -0.00424129 0.00315767 0.00737119 0.0019502 -0.00442992 -0.00648458 -0.00983419 -0.000772972 0.00363315 0.00924834 -0.0037999 0.000127592 -0.000663796 -0.00189031 -1.78025e-05 0.00226904 -0.00783578 0.00607984 0.00102302 -0.000738313 0.00764486 0.00536852 0.00421333
internal_weight=2528 924 1604 557 110 75 62 1047 523 297 217 226 107 75 31 85 64 39 80 39 401 962 182 173 156 117 39 81 58 41 44 81 447
internal_count=2528 924 1604 557 110 75 62 1047 523 297 217 226 107 75 31 85 64 39 80 39 401 962 182 173 156 117 39 81 58 41 44 81 447
is_linear=0
shrinkage=0.060181


Tree=137
num_leaves=34
num_cat=0
split_feature=11 18 4 5 6 6 6 2 5 2 6 14 5 8 11 2 6 13 10 8 6 6 5 10 8 5 8 13 4 6 1 6 5
split_gain=0.706413 0.712666 1.28851 1.8349 1.22965 0.990806 0.863433 0.744298 0.681007 0.67538 0.827002 1.12737 1.74803 0.860327 1.42585 0.985815 1.28478 0.878392 0.841309 1.10224 0.79279 0.784256 0.656534 0.999544 0.98977 0.84215 1.00536 0.704133 0.601724 1.36127 0.60121 0.581895 0.550162
threshold=1.0000000180025095e-35 1.0000000180025095e-35 0.11380177676635071 -0.29834528583205649 -0.16772920215985451 -0.47932489811819695 -0.41700575892652841 0.84656325296116808 1.7251647049085772 -0.034243098836209594 -1.0713567204390475 -0.738224098466287 -0.35186782604709715 -1.0432674950875873 -0.98270155179902219 1.4262444454159262 -0.043090923776517541 -0.17605962364547922 0.65072405188182347 -0.20711515132130801 0.11270692420265362 -0.75976102448070504 -0.058090061689085093 1.3551171512800304 -1.1007210659419726 -0.22830079370243758 1.4845567103040385 -0.22875715468429778 -0.20478874742617584 -0.60396317650153386 -1.4759321159128549 -0.97787801165154475 -0.85458774881966082
decision_type=2 2 2 2 2 2 2 2 2 2 2 2 2 2 2 2 2 2 2 2 2 2 2 2 2 2 2 2 2 2 2 2 2
left_child=9 2 4 7 5 -2 -5 -4 -8 -1 -11 12 20 14 -13 16 28 30 -17 -20 -12 31 25 24 -24 -6 -27 -25 29 -15 -18 -14 -31
right_child=1 -3 3 6 22 -7 8 -9 -10 10 11 13 21 15 -16 18 17 -19 19 -21 -22 -23 23 27 -26 26 -28 -29 -30 32 -32 -33 -34
leaf_value=0.00010758732841089723 0.0059889515358974073 -0.00016904914622933753 -0.0004196869620475703 -0.00015899117138873487 -2.8815488640703337e-05 -0.0040229231620501522 0.010843955239713357 0.0020456519682995862 0.0018294576588692999 -0.0015005734611185204 0.0047884785085046989 0.012137035548600907 0.00028428099318000616 -0.0016801212011594328 -7.2545200359324703e-05 0.00042263380446509632 0.00073398575339833768 0.00023079379349124799 -0.0050922575644386219 0.00064020104258355882 0.0011163615181291212 0.00051993690064123708 -0.0011259767104414152 2.7998368822491732e-05 0.0017842353199972883 -0.0083588274643019902 0.0098914591353353766 -0.011246417823258798 -0.0005195301979519615 -3.6937276875648367e-05 -0.0039538828290595135 -0.0046292036882846681 0.00078275313349030352
leaf_weight=735 8.9999999999999982 405 45 10.999999999999998 389 41 39 7.9999999999999991 7.9999999999999991 84 32 12.999999999999998 12.999999999999998 39 43 67 9.9999999999999982 17 13.000000000000002 15.999999999999998 14.999999999999998 40 9.9999999999999982 32 57 46 7.9999999999999991 7.9999999999999991 141 10.999999999999998 55 34 34
leaf_count=735 9 405 45 11 389 41 39 8 8 84 32 13 13 39 43 67 10 17 13 16 15 40 10 32 57 46 8 8 141 11 55 34 34
internal_value=-0.000310157 -0.00145384 -0.000214516 0.00553856 -0.00140055 -0.0101572 0.0127458 -0.00164498 0.016111 0.000554671 -0.000755769 0 0.00483148 -0.00137211 0.00509606 -0.00244913 -0.00417487 -0.0105784 0.00244533 -0.00470166 0.0137325 0 -0.000439963 0.00356241 0.00813777 -0.00155601 -0.00840719 -0.00282549 -0.00146033 0.00209333 -0.0136383 -0.00540777 0.00934485
internal_weight=2528 1116 711 111 600 50 58 53 47 1412 677 593 134 459 56 403 307 82 96 29 47 87 550 107 67 443 54 40 225 84 65 47 45
internal_count=2528 1116 711 111 600 50 58 53 47 1412 677 593 134 459 56 403 307 82 96 29 47 87 550 107 67 443 54 40 225 84 65 47 45
is_linear=0
shrinkage=0.060181


Tree=138
num_leaves=34
num_cat=0
split_feature=18 2 7 3 9 2 10 11 7 9 3 4 10 3 9 4 7 11 7 4 7 4 4 8 8 11 7 8 7 9 10 4 4
split_gain=0.897301 1.00126 0.895449 1.58645 1.02334 0.814443 0.747004 1.15583 1.06625 0.791276 0.732457 0.753921 0.900969 0.720901 0.909289 0.716194 0.710663 1.00892 1.32677 0.877504 0.666754 1.37786 0.80427 0.994079 0.647534 0.642476 1.33457 1.5398 0.638408 1.0807 0.844901 0.699613 0.710183
threshold=1.0000000180025095e-35 -0.2957436717967421 -0.28360409580399842 -0.69906155448207385 -0.4420685702578554 -0.11540423404509814 -0.21418478266601784 1.0000000180025095e-35 0.29048170599737361 -0.077928693723444534 0.50115272321200155 -0.98820330290396907 0.77502130564044591 -0.18049425577436543 -1.2250720882291428 -1.1036519953843331 -0.14179123404949431 2.0113562052489393 -0.35365623233333315 -0.45943617856392249 1.0738696230388285 -0.60451789746136397 1.2663345158079193 1.0000000180025095e-35 0.24059204389287667 1.0133369528996188 0.59631908255227006 0.65899364800738247 1.0619095021679665 -1.1261275879778223 -0.15983172055591668 0.55216903089538383 2.3270691290170027
decision_type=2 2 2 2 2 2 2 2 2 2 2 2 2 2 2 2 2 2 2 2 2 2 2 2 2 2 2 2 2 2 2 2 2
left_child=1 2 3 4 -1 -3 8 9 -2 -8 11 15 28 14 -10 -4 17 18 19 -9 21 -16 23 -23 -15 26 27 -18 29 30 -13 -30 -33
right_child=6 5 10 -5 -6 -7 7 16 13 -11 -12 12 -14 24 20 -17 25 -19 -20 -21 -22 22 -24 -25 -26 -27 -28 -29 31 -31 -32 32 -34
leaf_value=0.0064131272616898315 -0.00032421994786482943 -0.00079087249838058309 0.0020705002601603775 0.00024497877083906377 -0.011005719309824764 1.1233874556814052e-05 0.00030245629011941801 0.00054473117076895758 0.0030229118204808344 -1.8832847993024797e-05 -0.0012835124278218022 -0.0045627248603323668 0.0038433617630419855 0.001102101103104012 0.00070940211178657081 -0.00027301139802583124 -0.0031274881875078642 -0.0021328111064093515 0.001537967995673571 -0.00027137720485625474 -0.0033110316244996003 -0.0061066418046035057 0.00011465657162843633 1.9154655819453048e-05 -8.9557234599646197e-05 -1.1468784056901921e-05 -1.4727290186596857e-05 0.00030868655133248213 -0.00016918493034718778 0.0012371437381655541 0.0012784105665644195 0.0041260267350187278 -0.00011042938110887351
leaf_weight=15.999999999999998 196 85 30 59 35 962 107 34 15.999999999999998 119 15.999999999999998 11.000000000000002 39 23 19 68 38 12.999999999999998 38 43 46 29 32 26 13.999999999999998 67 44 20 65 153 9.9999999999999982 26 29
leaf_count=16 196 85 30 59 35 962 107 34 16 119 16 11 39 23 19 68 38 13 38 43 46 29 32 26 14 67 44 20 65 153 10 26 29
internal_value=-4.86661e-05 0.000787907 0.00284985 -0.00161424 -0.00942016 -0.000260475 -0.00156013 0 -0.00350242 0.00315767 0.00407977 0.00464539 0.00599786 -0.000157868 -0.00212074 0 -0.00251195 0.000478878 0.00281471 -0.00115519 -0.00388583 -0.000574999 -0.00434878 -0.00877719 0.0067396 -0.0050721 -0.00800513 -0.0137227 0.00445835 0.00679298 -0.00378443 0.000509872 0.00569647
internal_weight=2528 1604 557 110 51 1047 924 523 401 226 447 431 333 205 168 98 297 128 115 77 152 106 87 55 37 169 102 58 294 174 21 120 55
internal_count=2528 1604 557 110 51 1047 924 523 401 226 447 431 333 205 168 98 297 128 115 77 152 106 87 55 37 169 102 58 294 174 21 120 55
is_linear=0
shrinkage=0.060181


Tree=139
num_leaves=34
num_cat=0
split_feature=9 9 11 2 10 11 9 5 6 5 6 10 9 8 6 6 10 4 9 9 2 9 6 5 5 4 6 4 10 0 9 6 10
split_gain=0.614285 1.00946 1.11804 0.988207 0.92313 0.813953 0.901445 1.17792 1.13517 1.46485 0.920439 0.800336 0.772255 0.729652 1.03348 1.023 0.996454 0.880535 1.0247 0.722366 0.852354 0.905669 1.00915 2.34912 0.819405 0.767539 0.779799 0.756042 0.739669 0.852472 0.783628 0.723772 0.720173
threshold=-0.99949782536233134 -1.8655880814435755 1.0133369528996188 0.59620173515644692 0.63459147618977874 0.8137331024297545 0.25150224294226831 -0.0073473355500293493 1.2967705688443552 -0.37765452972918323 1.795323682377703 -1.1059096613797432 -0.76071764225906546 -1.00775750926299 -0.75976102448070504 -0.94671844205571054 -0.0036670249358833995 -0.72546521396985353 -1.5558498083179935 0.31636816310790566 -0.13181993994781938 -0.14476122073981187 0.081547354606819361 -0.19289164315669585 -0.48328937278885292 -0.68017619844788646 1.1409727208651839 -0.98820330290396907 0.76726582678424871 1.01557764731833 0.53275827965920441 -0.16772920215985451 1.0906334468283196
decision_type=2 2 2 2 2 2 2 2 2 2 2 2 2 2 2 2 2 2 2 2 2 2 2 2 2 2 2 2 2 2 2 2 2
left_child=1 4 11 -4 -1 19 8 10 9 -7 -8 -3 -10 15 16 -13 -15 18 -16 20 27 22 -22 24 25 -24 -27 -2 29 -21 -31 -30 -23
right_child=5 2 3 -5 -6 6 7 -9 12 -11 -12 13 -14 14 17 -17 -18 -19 -20 28 21 32 23 -25 -26 26 -28 -29 31 30 -32 -33 -34
leaf_value=0.0030701996840420817 -0.00054113831619690973 5.0883665102314532e-05 0.00050875022950858789 -0.0021090364817849278 -0.00016106789476902518 -0.0040479551972225419 0.0015489786266760144 -0.00028245566108331323 0.00083930265978667852 -0.00011308514218332846 -0.0010717897098160214 0.0014425261685708862 -0.00014613008501743134 -0.0076037841026668591 0.00023143346712065489 -0.002710279366481402 0.0033650896073171913 6.4696153311644133e-05 -0.0066041230934433008 -0.00013898580008563462 -0.00037345752168267465 0.00035999206928783145 -0.00098637036083521921 0.0063516524658384218 -0.0012492514481466075 0.0034455214202026001 -0.00066273102193411854 0.00029352819403004999 -0.00019152819775667602 -0.0014857774885097404 0.012617658774175157 0.0015577761479143339 -0.0023324123356960103
leaf_weight=53 63 41 36 13.999999999999998 18 73 110 46 10.999999999999998 139 20 7.9999999999999991 58 20.000000000000004 17 46 8.9999999999999982 83 15.999999999999998 589 219 176 13.999999999999998 25 37 32 12.999999999999998 401 35 8.9999999999999982 24 55 18
leaf_count=53 63 41 36 14 18 73 110 46 11 139 20 8 58 20 17 46 9 83 16 589 219 176 14 25 37 32 13 401 35 9 24 55 18
internal_value=2.48942e-05 -0.00223608 -0.00390417 0.00342108 0.0036681 0.000431054 -0.00177003 0.00135612 -0.0039219 -0.00615398 0.00452569 -0.00569368 0.00211136 -0.00729144 -0.00427136 -0.0136309 -0.0139307 -0.00103009 -0.00912018 0.00105524 0.0021058 0.000341114 -0.00140944 0.00267918 -0.00123693 0.00244862 0.00686848 0.0039958 -0.000340363 -0.0011589 0.00747608 0.00453087 0.00366902
internal_weight=2528 361 290 50 71 2167 457 176 281 212 130 240 69 199 145 54 29 116 33 1710 998 534 340 121 96 59 45 464 712 622 33 90 194
internal_count=2528 361 290 50 71 2167 457 176 281 212 130 240 69 199 145 54 29 116 33 1710 998 534 340 121 96 59 45 464 712 622 33 90 194
is_linear=0
shrinkage=0.060181


Tree=140
num_leaves=34
num_cat=0
split_feature=9 10 3 7 5 9 10 5 4 3 4 3 9 0 9 8 10 8 8 9 9 5 2 2 2 9 3 9 3 5 4 4 4
split_gain=0.560877 0.940928 1.52907 1.22078 2.00148 0.814125 0.834455 1.49902 0.888653 0.874534 0.919683 0.794664 0.764403 0.743799 0.727668 0.586296 0.575275 0.534001 0.551736 1.00123 0.851894 0.629758 0.605077 1.9055 0.838597 1.062 1.2816 1.13536 0.805264 0.720346 0.602648 0.532489 0.494311
threshold=-1.1432778115504683 0.53423381601041475 1.5856676228349682 0.26570716990773052 -0.10222724496435799 -0.76863339811635567 -0.55808927493045124 -0.93670546560101975 0.93657087691537788 1.9258702419511413 -0.98820330290396907 -0.90337481916557516 -0.73444524914034204 1.0000000180025095e-35 -1.2840401262390628 1.412926094645593 -0.41519158487793978 3.3318391215038683 -1.1943677709397253 -0.40867616849884181 0.33674021284741551 0.19901798736405313 2.1484175919637276 1.4793327969628769 0.16666499774008839 0.49197826545808798 -0.33124451688105067 0.74186853447891854 -1.3434870259196352 -0.19289164315669585 -0.46255576051341812 -0.22722272278019931 -0.2887628749238787
decision_type=2 2 2 2 2 2 2 2 2 2 2 2 2 2 2 2 2 2 2 2 2 2 2 2 2 2 2 2 2 2 2 2 2
left_child=1 2 3 4 32 6 13 -8 9 10 -9 -12 -7 -2 16 -13 -5 18 19 -14 -21 -22 23 24 25 26 -20 -27 29 -26 -30 -17 -1
right_child=5 -3 -4 14 -6 12 7 8 -10 -11 11 15 17 -15 -16 31 -18 -19 22 20 21 -23 -24 -25 28 27 -28 -29 30 -31 -32 -33 -34
leaf_value=0.00022379853877065573 -0.0023457546803161236 -0.00032151237243499884 0.0055522336423376355 0.0011856011205683781 -0.0044035184593444699 -0.00098978536825215639 -0.0010127293293035876 -0.0011914667689595989 -0.008056873363886002 -0.00043416840018528516 -0.0035228770307569029 0.0019584430232321795 0.00017424097942878207 0.00038466163237386693 -0.0076701109386614263 0.00027279719555240107 -1.2749069868323127e-05 -0.00095754443544454962 4.7560049819458148e-05 -0.005113056852922777 0.0059519829899849636 -0.016056378365038166 -0.00023221856416246722 0.0017218011178356263 0.0050898742822465389 -0.0018443918919909513 0.00041735235203552547 4.8294130861749079e-05 7.6143969720930617e-06 -0.0070044141779392003 -0.00017853490552409938 -0.0026218589626600124 -0.00012969733851397536
leaf_weight=39 36 91 10.999999999999998 40 41 30 18 15.999999999999998 15.999999999999998 14.999999999999998 12.999999999999998 90 25 47 10.999999999999998 21.000000000000004 19 8.9999999999999982 411 29 12.000000000000002 7.9999999999999991 61 83 23 85 283 342 184 8.9999999999999982 373 7.9999999999999991 29
leaf_count=39 36 91 11 40 41 30 18 16 16 15 13 90 25 47 11 21 19 9 411 29 12 8 61 83 23 85 283 342 184 9 373 8 29
internal_value=4.86661e-05 -0.00244172 0 -0.00149863 -0.00563693 0.000388991 0.00340523 0.00556414 0.0074309 0.00886698 0.0103397 0.0120035 -1.67115e-05 -0.00107515 0.00412675 0.0135217 0.00725509 0.000110004 0.000219563 -0.00468953 -0.00977831 0 0.000455089 0.000688272 0.000212375 0.00120657 0.00267838 -0.00105479 -0.00157887 0.00684092 -0.00220575 0.00285586 3.96814e-05
internal_weight=2528 281 190 179 109 2247 280 197 179 163 148 132 1967 83 70 119 59 1937 1928 74 49 20 1854 1793 1710 1121 694 427 589 32 557 29 68
internal_count=2528 281 190 179 109 2247 280 197 179 163 148 132 1967 83 70 119 59 1937 1928 74 49 20 1854 1793 1710 1121 694 427 589 32 557 29 68
is_linear=0
shrinkage=0.060181


Tree=141
num_leaves=34
num_cat=0
split_feature=2 11 6 0 11 12 6 14 6 7 17 8 6 8 8 18 7 2 1 13 2 2 2 13 13 12 2 2 8 8 12 14 6
split_gain=0.664499 0.980187 0.568823 0.55636 0.74661 0.850752 1.31842 0.930558 0.799381 0.747206 0.782802 0.727223 0.677371 0.531478 1.23658 0.80384 0.599244 0.522408 0.988351 0.915602 0.953465 1.42077 0.844053 1.76792 1.25968 0.851461 0.812125 0.736592 0.717869 0.890117 0.707348 0.602579 0.544787
threshold=2.1484175919637276 -0.38389000038943 0.14386649379848784 1.0000000180025095e-35 0.8137331024297545 0.35096141226961375 0.17502606339432206 -0.738224098466287 0.95401530329017825 0.64415956603571911 1.4567572365165855 0.59991761465004412 0.61126003773600168 -0.57198181406425364 0.62285889867506772 1.0000000180025095e-35 -0.46984026365027748 1.0000000180025095e-35 1.1241768659879796 0.16228985594790016 -0.76393623627960905 -0.85143647618516605 1.1347703421626216 0.16228985594790016 -0.30807487347089119 1.0000000180025095e-35 -0.94098171233618022 1.5511649276842825 -0.84974589241663356 1.7656387182997568 1.0000000180025095e-35 1.0000000180025095e-35 0.081547354606819361
decision_type=2 2 2 2 2 2 2 2 2 2 2 2 2 2 2 2 2 2 2 2 2 2 2 2 2 2 2 2 2 2 2 2 2
left_child=3 2 -2 4 8 6 7 -6 12 10 -7 -10 -1 -8 15 16 -15 18 19 20 21 28 -19 24 25 27 -20 -24 -5 32 -21 -27 -30
right_child=1 -3 -4 17 5 9 13 -9 11 -11 -12 -13 -14 14 -16 -17 -18 22 26 30 -22 -23 23 -25 -26 31 -28 -29 29 -31 -32 -33 -34
leaf_value=1.7795617256085079e-06 -0.0036803640473649997 -0.00030630090654823033 0.00026946962878390465 -0.00010832712369032019 0.00034553139803203468 -0.0040352620672538054 0.0015948449836544218 -0.0030821417277536239 -0.0017951196827210001 7.9417608662759532e-05 0.0015402376375670058 0.00034597221756216772 0.0010281770892817627 -0.0013851090755383874 0.0028938444021469343 -0.0046738266548100177 0.0030209973208811369 -9.6505102570303256e-05 6.8346219991522421e-05 -0.0013249619967536728 0.00034114204328834563 -0.0054598821110121831 -0.00099549449157333757 0.0079470638590677378 -0.00040130800846853139 0.0067503987792690038 -0.0035384206099817769 0.0060472395737347197 0.00094503319996646165 -0.0020246408283377693 0.00061235304704656179 -0.00028265965426837628 -5.1815121553946309e-05
leaf_weight=897 9.9999999999999982 41 32 27 8.9999999999999982 56 44 33 59 23 12.999999999999998 25 46 13.999999999999998 24 13.999999999999998 8.0000000000000018 452 14.000000000000002 42 290 25 48 24 26 13 15.999999999999998 19 108 11.999999999999998 25 8 31
leaf_count=897 10 41 32 27 9 56 44 33 59 23 13 25 46 14 24 14 8 452 14 42 290 25 48 24 26 13 16 19 108 12 25 8 31
internal_value=-4.86661e-05 -0.00524454 6.23046e-05 0.00011176 -0.00073754 -0.0037481 -0.000421261 -0.00929977 0 -0.00821297 -0.0112292 -0.00552815 0.000479819 0.00282281 -4.46724e-05 -0.00766955 0 0.00107016 0.00233658 0.00299485 0.00394423 0.000450682 -0.000106169 0.00384502 2.41603e-05 0.00397282 -0.00724807 0 0.00266673 0.00449485 -0.00302354 0.0135683 0.00613913
internal_weight=2528 83 42 2445 1265 238 146 42 1027 92 69 84 943 104 60 36 22 1180 590 560 493 203 590 138 114 88 30 67 178 151 67 21 139
internal_count=2528 83 42 2445 1265 238 146 42 1027 92 69 84 943 104 60 36 22 1180 590 560 493 203 590 138 114 88 30 67 178 151 67 21 139
is_linear=0
shrinkage=0.060181


Tree=142
num_leaves=34
num_cat=0
split_feature=2 2 7 8 4 13 5 8 8 3 6 3 8 6 4 5 2 13 8 1 2 6 6 2 5 5 15 5 13 8 10 5 2
split_gain=0.64489 0.766769 1.21667 1.09932 1.0678 0.970409 1.27425 0.777986 0.906151 0.849115 0.734198 0.69797 0.851154 0.674704 0.6536 0.598328 0.792699 0.599256 0.578658 0.575726 0.795595 0.917931 0.944515 0.836107 0.703304 1.18809 1.13093 0.817406 0.888593 0.849604 0.702568 0.699265 0.686762
threshold=-0.16731763273310926 -0.88916812100965448 -0.043547384038842389 -0.9244777865424576 -1.0580943816682904 -0.12793924813453814 1.7909860845343473 -1.4234195001567163 -1.2196428611152819 -0.52943817641170654 -0.32352705013902566 -0.69261665081442125 1.2357189132761148 -0.043090923776517541 2.0228434632187517 0.44688960050440735 -0.54275510494929147 -0.11711735304890318 -0.88997497836288608 1.0000000180025095e-35 0.53077522000538968 0.6424196073318359 0.8293770249068414 2.1484175919637276 2.891158296540731 0.15114031494392058 1.0000000180025095e-35 -0.073949053354336686 -0.29252999027614934 -0.60938565582620374 0.26842842174107845 0.20835446363589177 0.60705559624206662
decision_type=2 2 2 2 2 2 2 2 2 2 2 2 2 2 2 2 2 2 2 2 2 2 2 2 2 2 2 2 2 2 2 2 2
left_child=1 2 3 -1 -4 6 14 -3 -9 13 -7 12 -8 15 -6 16 17 -10 -16 20 21 -2 -23 -22 25 27 31 -21 29 -29 -31 -27 -28
right_child=19 7 4 -5 5 10 11 8 9 -11 -12 -13 -14 -15 18 -17 -18 -19 -20 24 23 22 -24 -25 -26 26 32 28 -30 30 -32 -33 -34
leaf_value=0.00025049835855389554 -0.0018090216727904675 -0.010290695128009383 -0.00071048489405557084 -0.0059696065077914848 0.00043637335753322914 -0.0031130613886839005 0.00064289749973716313 0.0046127714386323734 0.00034146371905921188 0.00020907480023132558 0.0019481205585107091 -0.0057905531818535846 -0.0073544425857557539 -0.00033937823391251624 0.004416062060529918 -0.00012821346631952001 -0.00068320483896944608 0.0013817273180368953 -0.00023549341001731128 -3.9382836184689332e-06 0.00014453039894922625 0.0077081578954979729 -0.00019608094762106761 -0.00019980993005075382 -0.0014793891965671302 0.001542764090237765 0.0023609862069293489 -0.0044225574581107574 0.00057700796690588092 -0.0021998806936185224 0.0011425369871998485 -3.071247003146192e-05 8.1324690537492526e-05
leaf_weight=11.999999999999998 161 10.999999999999998 51 50 170 44 24 25 62 344 26 17 8.9999999999999982 58 8.9999999999999982 78 27 21 62 674 179 10.999999999999998 44 25 20 9.9999999999999982 56 25 24 32 19 123 25
leaf_count=12 161 11 51 50 170 44 24 25 62 344 26 17 9 58 9 78 27 21 62 674 179 11 44 25 20 10 56 25 24 32 19 123 25
internal_value=0 0.0010932 -0.000635979 -0.00829932 0.000441248 0.00174091 0.00338022 0.00248973 0.0028745 0.0022352 -0.00412675 -0.00454378 0 -0.000252489 0.00530135 0.00127119 0.00426295 0.00732923 0 -0.000842734 -0.00270602 -0.00521976 0.000561937 0 -2.80876e-06 0.000184937 0.00416148 -0.000854975 -0.00583617 -0.00910773 -0.00280736 0.000241075 0.00963646
internal_weight=2528 1100 474 62 412 361 291 626 615 590 70 50 33 246 241 188 110 83 71 1428 420 216 55 204 1008 988 214 774 100 76 51 133 81
internal_count=2528 1100 474 62 412 361 291 626 615 590 70 50 33 246 241 188 110 83 71 1428 420 216 55 204 1008 988 214 774 100 76 51 133 81
is_linear=0
shrinkage=0.060181


Tree=143
num_leaves=34
num_cat=0
split_feature=18 14 9 9 4 2 8 3 6 2 6 2 6 2 17 8 8 4 9 9 6 9 17 3 6 6 3 2 6 3 8 6 0
split_gain=0.902968 0.85679 1.03992 2.46969 0.92841 1.01036 1.55072 0.867303 1.26251 0.827296 0.891903 0.771486 0.95123 0.768091 0.762656 0.740062 1.47714 0.687952 0.717626 0.620716 1.05551 0.590103 0.58005 0.769786 0.655895 1.11859 0.972499 0.964627 1.63541 1.56363 0.823148 0.678174 0.623455
threshold=1.0000000180025095e-35 1.0000000180025095e-35 -0.76071764225906546 0.23047649001785228 2.1737462307143862 -0.11540423404509814 -1.00775750926299 -0.36439830042107896 0.11270692420265362 -0.88916812100965448 -0.26120791094735718 -0.25856579751646097 0.67357917692767011 -0.2957436717967421 1.0000000180025095e-35 -1.1752662325990277 -0.95171915455317924 1.2317550036217837 -1.920745081860604 -1.3379350199102014 -0.51048446771403111 0.053817933078398807 1.4567572365165855 -0.33124451688105067 0.050387785010985106 0.23734520258599057 -0.48938058852909977 -0.72541461495011539 -0.8532397332682079 -0.54423830267792705 0.70660895557243275 -0.26120791094735718 1.0000000180025095e-35
decision_type=2 2 2 2 2 2 2 2 2 2 2 2 2 2 2 2 2 2 2 2 2 2 2 2 2 2 2 2 2 2 2 2 2
left_child=13 2 17 4 5 6 -4 -7 -9 10 21 14 -13 15 -5 -1 -17 18 -2 -20 -21 -8 24 -24 27 -26 -27 28 29 -18 31 32 -29
right_child=1 -3 3 11 -6 7 9 8 -10 -11 -12 12 -14 -15 -16 16 22 -19 19 20 -22 -23 23 -25 25 26 -28 30 -30 -31 -32 -33 -34
leaf_value=0.007901325507613053 0.0021215908410225992 -0.00019135670398244331 -0.00055127302961301161 -0.0017614266328988576 -0.011905276895185744 -0.0001934243853582589 0.0021396311232321059 0.0012814575332326956 -4.6994702767025391e-05 0.0014593629976373125 -0.0025008484338053315 0.00023638750063546658 -0.00055199987962547452 3.7072730567505882e-06 1.021606614721748e-05 -0.00033105936169112375 0.0015911191734255194 0.0012296806110268438 -0.0006400710169719773 -0.0028634308934795856 3.8090105408615867e-05 -9.1152039608486207e-05 -0.0094476400538849852 0.0001580752957286636 -0.0026353608470767618 -0.0041048202530199317 0.00049837973055479555 -0.0018300727581358905 0.0008616594851156901 -0.0035086481495027436 0.0026774493771857294 -0.0031826654849884664 0.0010190898802151973
leaf_weight=29 15.999999999999998 198 24 109 13.999999999999998 29 30 44 35 59 20 115 20 1047 51 44 70 21 35 40 55 8.9999999999999982 18 49 21 35 72 32 113 19 22 10.999999999999998 22
leaf_count=29 16 198 24 109 14 29 30 44 35 59 20 115 20 1047 51 44 70 21 35 40 55 9 18 49 21 35 72 32 113 19 22 11 22
internal_value=0.000167526 -0.00130062 -0.000251348 0.000914284 0.00518304 0.00618108 0.00952585 0.00110393 0.00476995 0.0123957 0.0053325 -0.00273032 0.000237596 0.00104995 -0.00553504 0.00284985 0.00215627 -0.00442606 -0.00605301 -0.00767879 -0.00399595 0.0106609 0.00321479 -0.0013188 0.0040846 2.15901e-05 0.0030183 0.00566574 0.0079168 0.00100549 0 -0.00311169 0
internal_weight=2528 924 726 559 264 250 142 108 79 118 59 295 135 1604 160 557 528 167 146 130 95 39 484 67 417 128 107 289 202 89 87 65 54
internal_count=2528 924 726 559 264 250 142 108 79 118 59 295 135 1604 160 557 528 167 146 130 95 39 484 67 417 128 107 289 202 89 87 65 54
is_linear=0
shrinkage=0.060181


Tree=144
num_leaves=34
num_cat=0
split_feature=8 8 7 8 6 5 4 2 4 7 8 13 2 4 1 8 2 8 1 4 5 5 4 6 2 8 8 18 12 0 1 2 8
split_gain=0.550457 0.947529 0.687203 0.494295 1.49659 1.42874 0.963613 0.780964 0.615122 0.791316 0.901021 0.870902 1.07656 0.778421 0.766787 1.16624 0.757024 1.02624 0.8109 0.782287 0.725131 0.791344 0.65493 0.800848 0.649255 0.601807 0.703689 0.798864 0.605537 0.567176 0.9933 0.722593 0.720549
threshold=3.3318391215038683 2.394979477613302 0.35199089904751929 -1.1943677709397253 0.61126003773600168 0.69183284555995572 1.0000000180025095e-35 0.56382592264061604 -1.0364305456446015 0.22555533555555127 -0.85675136339611024 -0.26542634554079275 -0.95679757802109777 -1.0076433851467883 1.1241768659879796 0.057381397683256403 -0.088778204312495987 1.7656387182997568 -1.4759321159128549 1.9829256680757281 0.10665614093846952 -0.51104446484713961 1.5597476358001672 0.050387785010985106 -0.2957436717967421 -0.48209127872408392 -0.32450821588600121 1.0000000180025095e-35 1.0000000180025095e-35 -1.1446077060016007 1.0000000180025095e-35 0.28014012273921512 -0.84055574225345941
decision_type=2 2 2 2 2 2 2 2 2 2 2 2 2 2 2 2 2 2 2 2 2 2 2 2 2 2 2 2 2 2 2 2 2
left_child=1 3 -3 4 5 6 -1 -8 25 14 11 12 -11 -12 29 -16 17 19 -18 -15 21 -13 23 -14 -22 -5 -27 -28 -29 31 -31 -10 -32
right_child=-2 2 -4 8 -6 -7 7 -9 9 10 13 20 22 16 15 -17 18 -19 -20 -21 24 -23 -24 -25 -26 26 27 28 -30 30 32 -33 -34
leaf_value=0.0024924804432453515 -0.00090648841891064478 0.0046655990276752938 -7.1168766067072455e-05 0.00023901304835401439 -0.0051693912302827267 -0.0049789022420347979 -0.0024641427569080825 0.0032061610647382446 -0.00014280437776188602 0.0005454570101006709 0.0010219014215237109 -0.00029378616844459506 -0.0034812464123553898 0.00025163441789466439 0.0089944307003516511 -0.0045923154017575626 -0.0064629264674694641 -0.0015652413633496626 8.5009297821045358e-05 5.3473543596443489e-06 -0.0032681445977595638 0.00038611212486387069 0.00018572254778069999 -5.1397946393631427e-05 0.008159562424357128 -0.0053787892111845596 2.6599733516911264e-05 -0.0097542759815029637 -0.0010462236840980941 -0.00033106870063735467 0.00015826668892114594 0.0063419954201720851 -2.4632571077712568e-05
leaf_weight=64 8.9999999999999982 18.000000000000004 8.9999999999999982 51 35 25 25 10.999999999999998 32 18 19 10.000000000000002 29 331 16.000000000000004 8.9999999999999982 7.9999999999999991 30 193 94 28 20 8.9999999999999982 9.9999999999999982 8.9999999999999982 13.999999999999998 76 11.999999999999998 20 390 119 33 752
leaf_count=64 9 18 9 51 35 25 25 11 32 18 19 10 29 331 16 9 8 30 193 94 28 20 9 10 9 14 76 12 20 390 119 33 752
internal_value=0.000262613 0.000347048 0.0109082 0.000194057 -0.00296013 0 0.00351267 -0.00311087 0.000439252 0.000738756 0.00222802 -0.00200328 -0.00695776 0.00315245 -0.000113165 0.00956699 0.00265021 0.0040086 -0.000160954 0.00485083 0.00217117 0.00903895 -0.0117171 -0.0148986 -0.00229318 -0.00291261 -0.00529307 -0.00272164 -0.0102215 -0.000364236 -0.000692284 0.00486613 0.0003817
internal_weight=2528 2519 27 2492 160 125 100 36 2332 2159 808 133 66 675 1351 25 656 455 201 425 67 30 48 39 37 173 122 108 32 1326 1261 65 871
internal_count=2528 2519 27 2492 160 125 100 36 2332 2159 808 133 66 675 1351 25 656 455 201 425 67 30 48 39 37 173 122 108 32 1326 1261 65 871
is_linear=0
shrinkage=0.060181


Tree=145
num_leaves=34
num_cat=0
split_feature=2 8 3 6 3 6 2 5 13 16 13 8 5 6 13 8 5 10 8 5 8 2 10 6 5 6 12 5 6 5 2 5 13
split_gain=0.633805 1.37822 1.07318 0.818627 0.746023 0.981486 0.805729 1.16953 1.32121 0.722337 0.669571 0.650502 0.72562 0.822405 0.69115 0.635076 0.605562 0.535798 1.31916 0.721962 0.716732 0.701086 0.559354 0.874142 0.485764 1.07478 0.828325 0.585123 0.754993 0.702095 0.952841 0.900444 0.662978
threshold=-0.16731763273310926 -1.4234195001567163 0.46221584440764074 -1.0713567204390475 -0.46370293182625016 -0.074250493372351789 -0.99415229426623297 -0.55500941399647818 -0.19865494719276969 1.0000000180025095e-35 -0.20195515749331702 -0.64211977380152041 0.077879413454572013 -0.6662823156932024 2.0489447629485129 -1.4392481990361841 -0.25718369422570342 1.2098752943001141 -0.78175041902399667 -1.1559697047462236 -0.50329542683273187 0.85882404110359878 2.3570608247742952 0.23734520258599057 -0.82398618589533268 -0.47932489811819695 1.0000000180025095e-35 -0.73026865548599929 1.4525684168235262 -0.68215361783426121 0.34088764831987195 -0.61479346138693536 -0.068980819872859742
decision_type=2 2 2 2 2 2 2 2 2 2 2 2 2 2 2 2 2 2 2 2 2 2 2 2 2 2 2 2 2 2 2 2 2
left_child=1 -1 4 -2 5 -3 -7 -8 9 -9 -4 12 -6 -14 -13 16 -5 19 21 -17 -20 -19 23 -22 25 -21 -27 28 -26 30 -29 -31 -33
right_child=3 2 10 15 11 6 7 8 -10 -11 -12 14 13 -15 -16 17 -18 18 20 24 22 -23 -24 -25 27 26 -28 29 -30 31 -32 32 -34
leaf_value=-0.0040354659840905202 -0.0015974334795976881 0.00013645543441214499 -0.0033126378433470547 0.0037697918547290646 0.00049501684096633035 0.00037353980883288971 0.00042419057871141122 -0.011941770725991742 0.0041840827958329989 -8.8609475661852793e-05 0.0011084841246364868 0.00015282851774136295 0.0045415785905942975 -0.0010173880893790312 -0.0021793558209371256 0.00050676907786781876 -0.00051802032786334466 -0.00026402649720152322 0.0016843598043055445 0.0040784496570278215 7.3843242985805295e-05 -0.00075232294320155867 0.0014653953161475914 -0.0024743735264395111 0.0027511627661463939 -0.00074755373519457631 2.658795232739763e-05 6.8144599823479491e-05 -0.001162670907645719 0.00097057082998552229 -0.0022219221475381782 6.4348021617354067e-05 -0.00023848284072714842
leaf_weight=22 105 475 49 13.000000000000002 75 50 42 36 10.999999999999998 7.9999999999999991 7.9999999999999991 285 16.000000000000004 14.999999999999998 7.9999999999999991 30 8.9999999999999982 12.999999999999998 19 24 21 19 19 35 51 70 43 17 9.9999999999999982 55 28 697 150
leaf_count=22 105 475 49 13 75 50 42 36 11 8 8 285 16 15 8 30 9 13 19 24 21 19 19 35 51 70 43 17 10 55 28 697 150
internal_value=0.000547876 0.00163851 0.00200568 -0.000254209 0.00249905 0.0010627 -0.00301584 -0.0063093 -0.0118579 -0.0164942 -0.00550848 0.00456618 0.00881114 0 0.00274873 0.000115554 0.00951272 -2.52428e-05 -0.00373668 0.000334309 0 -0.013602 -0.00271582 -0.00610574 2.86712e-05 -0.00323034 -0.00595967 0.000538225 0.00609895 9.79512e-05 -0.00686848 0.000534769 0
internal_weight=2528 1100 1078 1428 1021 622 147 97 55 44 57 399 106 31 293 1323 22 1301 126 1175 94 32 75 56 1145 137 113 1008 61 947 45 902 847
internal_count=2528 1100 1078 1428 1021 622 147 97 55 44 57 399 106 31 293 1323 22 1301 126 1175 94 32 75 56 1145 137 113 1008 61 947 45 902 847
is_linear=0
shrinkage=0.060181


Tree=146
num_leaves=34
num_cat=0
split_feature=7 11 9 9 9 3 4 5 9 3 10 13 7 7 4 11 5 9 13 9 13 3 4 4 13 4 7 5 9 9 9 9 3
split_gain=0.749642 0.894411 1.57175 0.728869 0.89183 0.970637 0.900807 0.861684 0.799716 0.825787 0.900664 0.801038 0.656248 0.68225 0.641334 0.66554 1.01793 1.3295 0.963189 0.617199 0.624447 0.609677 0.612869 0.568043 0.537124 0.809781 0.507833 0.504468 0.498083 1.46743 0.704048 1.11129 1.02323
threshold=0.18454920685545292 0.61412925195989043 -1.4222159022248613 -1.7124131372323386 -0.96761379697633698 0.10728143248212955 0.13670606695125198 -0.78974731983922719 -0.23218527721487556 -0.022871340281467995 -0.56224103020678806 0.77864851762156062 0.62280220733775016 0.94914264824269756 -0.55338443733402476 -0.98270155179902219 0.94256740131777739 0.37826510598679258 -0.32771554181407458 0.27364381271469745 -0.33263689467503904 1.1346588588304443 -1.1325320055568409 -0.95350795140593203 0.19680195312431867 -0.49781881437823955 0.42887739036020484 -0.12806780338535581 -1.7493325393187169 -1.8655880814435755 -0.83448314250752975 -0.49545164863115554 0.53868178672041434
decision_type=2 2 2 2 2 2 2 2 2 2 2 2 2 2 2 2 2 2 2 2 2 2 2 2 2 2 2 2 2 2 2 2 2
left_child=28 3 -3 -2 6 8 -5 -7 9 10 11 -6 -9 -14 15 18 17 -17 23 24 -21 22 -4 -10 25 -16 -12 -28 29 -1 32 -32 -30
right_child=1 2 21 4 5 7 -8 12 14 -11 26 -13 13 -15 19 16 -18 -19 -20 20 -22 -23 -24 -25 -26 -27 27 -29 30 -31 31 -33 -34
leaf_value=0.00026985838928521321 0.0019194235216308032 -0.0040580977112299153 -0.00065877903383490825 -0.0013573693042139485 -2.9699703517300905e-05 -9.9475996831774913e-05 1.1411303145444258e-05 0.0023998373952483993 -0.0011017979292484502 -0.011843002061498006 0.00029692147710229898 0.00074455889226222708 -0.0033525952859042021 0.00041711092685926446 -0.0041165560046428273 -0.00061225434811051124 -0.011074054407398214 0.0010101879344651449 -0.0021315896226298827 -0.0023013840526031355 3.7226211021536988e-05 -0.00028112172063454369 0.00049789067652726961 0.0093299873011135105 -0.0022535350478151864 0.00017794533372947439 0.00026304664458344051 0.0020223681023108634 -1.5705984902372803e-05 -0.0024404257404918419 -0.00050192637651636353 2.0755488572963167e-05 0.00044712016925323547
leaf_weight=42 36 13.999999999999998 13.999999999999998 52 94 24 43 66 7.9999999999999991 7.9999999999999991 19 7.9999999999999991 20 21 7.9999999999999991 37 19 47 12.999999999999998 125 40 10.999999999999998 157 21.000000000000004 14.999999999999998 74 15.999999999999998 33 140 30 187 997 89
leaf_count=42 36 14 14 52 94 24 43 66 8 8 19 8 20 21 8 37 19 47 13 125 40 11 157 21 15 74 16 33 140 30 187 997 89
internal_value=0.000809366 0.00204401 0.00574277 0.00109998 0.000631447 0.00142567 -0.00460628 0.00605691 0.000260436 0.00366089 0.00486956 0.000596779 0.00845942 0.000738313 -0.00110617 0.00184151 -0.000308917 0.00209333 0.00798013 -0.00295626 -0.00519243 0.00747291 0.00846071 0.0139307 0.000327341 0.00284525 0.0101253 0.0132104 -2.21226e-05 -0.00481359 0.000193177 -0.000357112 0.0032463
internal_weight=2528 1043 196 847 811 716 95 131 585 178 170 102 107 41 407 145 103 84 42 262 165 182 171 29 97 82 68 49 1485 72 1413 1184 229
internal_count=2528 1043 196 847 811 716 95 131 585 178 170 102 107 41 407 145 103 84 42 262 165 182 171 29 97 82 68 49 1485 72 1413 1184 229
is_linear=0
shrinkage=0.060181


Tree=147
num_leaves=34
num_cat=0
split_feature=0 10 8 8 5 7 5 7 3 5 7 5 9 4 4 8 9 8 8 10 9 9 9 5 5 7 3 10 8 10 3 4 7
split_gain=0.924759 1.43003 1.4306 1.41464 0.865249 0.687221 0.898715 0.651074 0.633349 0.718742 0.931464 0.704649 1.06888 1.5807 0.987456 1.60254 1.17763 1.16223 1.25692 0.936661 0.897763 0.754863 1.19016 0.760924 0.712964 1.24594 0.706306 0.703835 0.685943 0.934866 0.667978 0.662633 0.628387
threshold=1.0000000180025095e-35 1.0062251124529409 -0.63336684131368426 -0.98463450325723845 -0.24459592825001847 -0.78934634977187412 -1.0131239498073736 -0.61250741975270195 1.4820341044484824 -1.0186951952877981 -1.2668968902584323 -0.39957946685193968 -1.1432778115504683 1.1953507441370903 0.97142586032580069 -0.87294278602033704 -0.83041376009138179 -0.57198181406425364 -0.098142366718514826 -0.83861078052272608 -0.42824313451887347 -0.79823189075445267 -0.58575692104737143 -0.45878857265640383 -0.27629745779418707 0.47330069645197731 0.77579571395543023 0.83496921589534823 -0.2996336183103655 0.14615493393370757 -0.91377560877392427 -0.59486502806532471 0.26570716990773052
decision_type=2 2 2 2 2 2 2 2 2 2 2 2 2 2 2 2 2 2 2 2 2 2 2 2 2 2 2 2 2 2 2 2 2
left_child=1 7 3 -3 -5 -4 -7 -1 9 31 -11 21 13 24 16 -16 -14 19 -19 -18 -17 23 -23 30 -13 -26 -22 28 29 -10 -12 -2 -32
right_child=8 2 5 4 -6 6 -8 -9 27 10 11 12 14 -15 15 20 17 18 -20 -21 26 22 -24 -25 25 -27 -28 -29 -30 -31 32 -33 -34
leaf_value=-0.00012696449187994357 2.620171225939002e-05 0.00013693370456911204 -3.0190719404807289e-05 -0.0063593471184437752 4.8905361714706471e-06 -0.0066046825367930767 0.00047823484095199648 -3.7896822463021568e-05 0.013530743339628603 0.0021855191557355281 -0.00046067443776816444 0.0043847166712457381 0.0006739637956273152 0.00036451130526986595 0.008210594810730644 -0.0055842184936127498 -0.0026510823764936201 0.00065356277750937102 0.00010208951836381864 0.00020806443191377554 0.00012381771406906622 -0.001438357906551557 -3.7919712711057998e-05 -0.0040302356141951315 -0.0038955359014909499 2.8613818538738453e-06 -0.00037575146249448961 -0.00020615943527289268 -0.00031826327830256979 -6.449308510583283e-05 0.0047769127129009626 0.0036747995488556691 0.000161545803478806
leaf_weight=228 19 30 23 20.000000000000004 10.999999999999998 8.9999999999999982 90 888 17 24 15.999999999999998 10.999999999999998 34 14.999999999999998 19 40 35 92 169 81 85 25 252 12.999999999999998 36 21 23 42 64 25 35 22 13.999999999999998
leaf_count=228 19 30 23 20 11 9 90 888 17 24 16 11 34 15 19 40 35 92 169 81 85 25 252 13 36 21 23 42 64 25 35 22 14
internal_value=0.000642963 -0.000441086 0.00436906 -0.00237282 -0.0113864 0.00816787 0.0102921 -0.00129259 0.00183321 0.0023608 0.00196338 0.00159643 0.0027661 -0.00315985 0.00372995 0 0.00530493 0.00403952 0.00626528 -0.000526924 -0.00240051 -0.000427474 -0.00204758 0.00445967 -0.00760389 -0.0104736 2.54592e-05 -0.00160659 0.000574999 0.00666049 0.00749779 0.0101829 0.0109223
internal_weight=2528 1299 183 61 31 122 99 1116 1229 1081 1040 1016 661 83 578 167 411 377 261 116 148 355 277 78 68 57 108 148 106 42 65 41 49
internal_count=2528 1299 183 61 31 122 99 1116 1229 1081 1040 1016 661 83 578 167 411 377 261 116 148 355 277 78 68 57 108 148 106 42 65 41 49
is_linear=0
shrinkage=0.060181


Tree=148
num_leaves=34
num_cat=0
split_feature=7 0 10 1 5 6 7 6 5 5 4 4 6 6 3 5 7 0 7 10 7 4 4 5 6 1 5 4 3 4 15 14 10
split_gain=0.752872 0.891084 0.975547 0.881046 1.25212 0.530435 1.86434 2.23143 0.973684 0.825912 0.715132 0.624338 1.40345 0.839923 0.968389 0.636361 1.26304 1.03678 0.690243 0.609517 1.21459 0.691685 0.596755 0.753422 0.561033 1.92274 1.13503 0.864699 0.729888 0.695507 0.664798 0.642442 0.572596
threshold=0.18454920685545292 1.01557764731833 0.83496921589534823 1.1241768659879796 -0.50161200803694039 0.20618563299015633 -0.21611484231842118 0.33082391137349337 -1.0186951952877981 -0.36503821892845884 -0.56675410587583652 -0.88731954712355243 0.48662175935266461 0.33082391137349337 0.14971832434907759 -0.058090061689085093 -1.9341007759829438 1.0000000180025095e-35 -2.2911958134129646 0.041235496853474711 -0.51597215843788702 -0.65107684712268898 -0.19638895966000303 -0.58250266309298904 -0.10541006296818604 -1.4759321159128549 -0.33937714905324662 1.3240321065846747 -0.81546589321531082 -0.443107186111175 0.88625919121491659 1.7092913388094815 -0.15983172055591668
decision_type=2 2 2 2 2 2 2 2 2 2 2 2 2 2 2 2 2 2 2 2 2 2 2 2 2 2 2 2 2 2 2 2 2
left_child=5 2 -2 4 -3 8 11 -8 10 -9 -1 12 -7 14 -13 16 17 -15 -17 20 21 -18 23 -21 31 -26 29 28 -28 30 -27 -10 -31
right_child=1 3 -4 -5 -6 6 7 9 24 -11 -12 13 -14 15 -16 18 19 -19 -20 22 -22 -23 -24 -25 25 26 27 -29 -30 32 -32 -33 -34
leaf_value=-0.00014734668800703724 4.1666065096298849e-06 -0.00070449606248773698 0.00015322786763743307 -0.0038488741739403417 0.0015374991992655879 -0.0049102089071323945 -0.01031625040855026 -0.0002946313044496054 -0.00012172994419571606 0.00059861950088216289 0.0033727494744455661 0.0060905043725997567 0.0031438638837732046 -0.0075701217792898019 0.00011019113186992048 0.0039165399255772573 -0.00026548188073434101 0.0092149155251858589 -3.1442970114563263e-06 -0.00047694317735603672 0.00037915728107249034 -0.0047006300778726614 0.00040445383288568407 0.00061078567340038848 -0.0010004475983231911 0.0086977883098309922 -0.0015686231180699151 -0.0020278830190492577 0.0034818293622157692 6.6320483253717576e-05 -0.00013236363959228322 0.0040524683506839238 -0.00044091759933266843
leaf_weight=10.999999999999998 806 10.999999999999998 165 14.999999999999998 46 15.999999999999998 37 67 534 33 21 17 39 30 38 15.999999999999998 29 7.9999999999999991 67 86 46 34 59 64 12.999999999999998 22 7.9999999999999991 20 77 17 24 15.999999999999998 36
leaf_count=11 806 11 165 15 46 16 37 67 534 33 21 17 39 30 38 16 29 8 67 86 46 34 59 64 13 22 8 20 77 17 24 16 36
internal_value=0.000333929 0.001584 0.00102178 0.00799759 0.0114666 -0.000507256 -0.0017495 -0.00793852 0.000490924 -0.00235092 0.0102215 -5.95939e-05 0.00569647 -0.0008523 0.00569647 -0.00184202 -0.00302026 -0.0130869 0.00246495 -0.00150586 -0.00510248 -0.0104336 0.000154897 -0.00158567 0 0.00260449 0.00436194 0.0086152 0.0112391 0 0.00491018 -0.000983501 -0.00483455
internal_weight=2528 1043 971 72 57 1485 686 137 799 100 32 549 55 494 55 439 356 38 83 318 109 63 209 150 767 217 204 105 85 99 46 550 53
internal_count=2528 1043 971 72 57 1485 686 137 799 100 32 549 55 494 55 439 356 38 83 318 109 63 209 150 767 217 204 105 85 99 46 550 53
is_linear=0
shrinkage=0.060181


Tree=149
num_leaves=34
num_cat=0
split_feature=2 7 8 5 2 8 2 11 8 14 13 8 11 4 4 4 7 4 0 10 13 2 8 8 5 0 12 8 8 11 12 4 10
split_gain=0.866476 0.585315 0.933703 0.929079 0.799462 1.08036 1.16452 1.1079 1.02615 0.872599 0.595713 1.19538 0.957863 0.738134 0.893275 1.19272 0.684728 0.612476 0.566595 0.660051 0.55435 0.527115 0.523185 0.650621 1.38664 1.36808 1.01759 0.861841 0.86296 0.856266 0.945201 0.822382 0.82328
threshold=-0.16731763273310926 -0.31265010363323603 -0.56235826809975387 -0.83414154720425004 -1.0926664455981683 0.64274759938306347 -0.27043883610983449 0.61412925195989043 0.49879020818495784 1.0000000180025095e-35 -0.28246118460013653 1.7656387182997568 1.0000000180025095e-35 -1.0494658727248389 -0.9145430981896886 -0.86327429903015929 0.29817035512864226 -0.51393390930867633 1.0000000180025095e-35 0.2645649987104845 1.0000000180025095e-35 -1.1595629947104646 -1.4930418562486785 -0.72609988704645112 -0.52008209230516222 1.01557764731833 0.35096141226961375 -0.51002192568107507 -0.46093656480603734 1.4125446538393469 0.86351510968011858 -0.80865627587084299 -1.4345199461900022
decision_type=2 2 2 2 2 2 2 2 2 2 2 2 2 2 2 2 2 2 2 2 2 2 2 2 2 2 2 2 2 2 2 2 2
left_child=1 2 18 -4 10 8 7 9 -6 -7 11 13 -12 -3 21 -16 -17 -18 19 -1 -5 -15 -2 24 29 26 -26 -25 -29 30 -24 -30 -33
right_child=22 4 3 20 5 6 -8 -9 -10 -11 12 -13 -14 14 15 16 17 -19 -20 -21 -22 -23 23 27 25 -27 -28 28 31 -31 -32 32 -34
leaf_value=0.0066380709837927264 0.0024456121144828605 -0.00047956276529140875 0.00020309731463105147 -0.0019161766470972099 0.00012946448522498712 0.0003238709216818151 -0.0078711826735569906 0.0047943547601021633 -0.00098986866841670467 -0.00036291928038122048 -0.0060479626456905614 -0.0017043076222737791 0.00097621611019658809 0.0032744746009979002 -0.019763532664231111 0.00090362049866052222 0.00042075937855558877 1.3797650522350607e-06 -0.0030594004228468863 -2.8613711865241452e-05 0.0021412903183432152 -0.00019750244688341028 -0.00049772311511385307 0.00035654169712563504 2.0465468535477087e-05 0.029639822246022147 -0.005283026048963654 -0.0018915776593623412 -0.00049095406452838452 7.9145389616731282e-05 0.00046628125044690397 -0.0076044717324738548 6.2329251009096055e-05
leaf_weight=22 10.999999999999998 39 23 69 448 74 12.999999999999998 31 14.999999999999998 33 42 30 28 24 14.999999999999998 9.9999999999999982 28 100 15.999999999999998 22 9.9999999999999982 7.9999999999999991 96 143 207 12.999999999999998 40 41 115 26 10.999999999999998 20 705
leaf_count=22 11 39 23 69 448 74 13 31 15 33 42 30 28 24 15 10 28 100 16 22 10 8 96 143 207 13 40 41 115 26 11 20 705
internal_value=0.000357701 0.00163851 -0.00147077 -0.00515576 0.00223998 0.00351254 0.00799818 0.00979494 0.00187625 0.00573886 -8.67312e-06 0.00117912 -0.00494438 0.002921 0.00464182 0.00213172 0.00427001 0.00230803 0.00382939 0.00764486 -0.00841268 0.013602 -0.000590509 -0.000743352 -0.00281437 -1.07789e-05 -0.00133213 2.76502e-06 -0.000649512 -0.00773043 -0.0100918 -0.000146044 0.000540784
internal_weight=2528 1100 162 102 938 614 151 138 463 107 324 254 70 224 185 153 138 128 60 44 79 32 1428 1417 393 260 247 1024 881 133 107 840 725
internal_count=2528 1100 162 102 938 614 151 138 463 107 324 254 70 224 185 153 138 128 60 44 79 32 1428 1417 393 260 247 1024 881 133 107 840 725
is_linear=0
shrinkage=0.060181


Tree=150
num_leaves=34
num_cat=0
split_feature=2 8 9 3 5 2 3 2 8 7 2 9 5 8 5 5 3 3 15 11 11 8 2 9 9 9 8 5 8 2 3 14 8
split_gain=1.04362 0.967665 1.04715 0.788432 0.762446 1.01407 0.879217 0.831956 0.759542 0.788782 1.351 1.04755 0.968222 0.940146 0.717487 0.667657 0.777713 0.755669 0.855667 1.64228 1.56246 1.23568 0.943819 0.896335 0.821062 0.731641 0.658293 0.650996 0.639756 0.837611 0.609231 0.599855 0.594328
threshold=-0.16731763273310926 -1.4234195001567163 0.60027742094848002 0.46221584440764074 -0.73626492055430026 -0.78592486152974683 -0.15938547848144871 -0.70066877746742673 -0.72609988704645112 -0.44164855016896026 2.1205024577771239 -1.2608443780645346 -0.51104446484713961 -1.2598390295645163 -0.45878857265640383 -0.086138626634831086 -1.1961624699997797 -1.3434870259196352 1.0000000180025095e-35 1.4125446538393469 -0.18428614991956593 2.0156529928194646 0.18024082245911446 0.69473116081123365 1.5311383129721416 0.32331949331073395 -0.59741824451161507 0.47686764340055127 0.79825505576527434 1.0334452965859755 0.13065535883886734 1.0000000180025095e-35 -0.35027893709483898
decision_type=2 2 2 2 2 2 2 2 2 2 2 2 2 2 2 2 2 2 2 2 2 2 2 2 2 2 2 2 2 2 2 2 2
left_child=1 -1 3 -3 5 -4 7 -6 9 11 12 -2 13 -11 -14 17 -17 25 22 20 23 -22 24 26 31 -10 -20 -16 -24 -30 -15 -19 -5
right_child=8 2 4 32 6 -7 -8 -9 15 10 -12 -13 14 30 27 16 -18 18 19 -21 21 -23 28 -25 -26 -27 -28 -29 29 -31 -32 -33 -34
leaf_value=-0.0027548087631068148 0.0021711128330847008 0.00016357993223984336 -0.000473877049122594 0.00014108759171088797 -0.00042680364080991605 0.00033638601125421201 -0.0026077613649845535 0.0019560160512019139 6.4076375883885161e-06 0.0033150342954119992 0.00054847673349735476 -0.00010930825515403475 0.0086285675229090791 -0.00032657131289962662 -0.0017467510839452973 -0.012536011418710307 -8.8926883217807927e-05 -0.0026984041933691221 -0.00049860331198789539 0.0040275656608278433 -0.00024141338711149323 0.0037505564773900458 -7.0750091078484393e-05 -0.00013700439112913194 0.0015735420177436076 0.0036118351190963941 0.0013755863260339442 0.00034866885082580966 0.0015237808290297255 -0.00074044980594274994 -0.0029341757728165731 1.8255415975339899e-07 -0.0026221272143999992
leaf_weight=22 31 745 23 21 144 22 60 40 23 12.999999999999998 20 127 11.999999999999998 20 106 11.999999999999998 311 54 7.9999999999999991 26 201 10.999999999999998 155 39 9.9999999999999982 18 70 37 46 22 38 18 23
leaf_count=22 31 745 23 21 144 22 60 40 23 13 20 127 12 20 106 12 311 54 8 26 201 11 155 39 10 18 70 37 46 22 38 18 23
internal_value=0.000286385 0.00169305 0.00200568 0.0031546 -0.000935242 0.00563029 -0.00244201 -1.51455e-05 -0.000758659 -0.00295988 -0.0050746 1.75822e-05 -0.00656506 -0.0125415 -0.00324317 6.13294e-05 -0.00212772 0.00115708 0.00054841 0.00260913 0.00118464 -0.00168794 -0.00166679 0.00676 -0.00706334 0.00883365 0.0103595 -0.00474013 0.000145328 0.00508249 -0.0156765 -0.00958959 -0.00385227
internal_weight=2528 1100 1078 789 289 45 244 184 1428 404 246 158 226 71 155 1024 323 701 660 355 329 212 305 117 82 41 78 143 223 68 58 72 44
internal_count=2528 1100 1078 789 289 45 244 184 1428 404 246 158 226 71 155 1024 323 701 660 355 329 212 305 117 82 41 78 143 223 68 58 72 44
is_linear=0
shrinkage=0.060181


Tree=151
num_leaves=34
num_cat=0
split_feature=2 9 9 8 2 8 2 2 9 14 0 12 2 10 8 6 8 6 10 9 8 13 9 6 9 2 13 9 13 10 9 8 1
split_gain=1.0769 0.816993 0.774773 0.892784 0.693214 0.582683 1.3712 0.575596 0.781078 0.700925 0.674105 0.606888 1.21578 1.27404 1.17965 0.878362 0.656864 1.2405 0.894812 0.654556 0.587892 0.56254 0.562241 0.688655 0.67432 0.608217 0.514429 0.886374 0.917557 0.633358 0.505365 0.494977 0.490652
threshold=-0.3050148239043744 0.51541314845379038 1.260009838267748 0.65899364800738247 -1.1595629947104646 1.2814220412642245 -1.2356273598074463 1.1540364298032351 -0.65403013978406432 1.7092913388094815 1.0000000180025095e-35 1.0000000180025095e-35 -0.16731763273310926 1.0796504793186832 -1.2196428611152819 1.8576428215693714 -1.0513988793742695 0.8293770249068414 -0.3091245453737374 0.779884982823846 -1.4234195001567163 -0.31081819174437736 1.1490988381869585 -1.0713567204390475 1.0093196023743205 -1.0266085614723386 -0.18884899998951191 -0.83448314250752975 -0.30807487347089119 0.61877157061923505 0.66111494389019321 0.25717508945541906 1.0000000180025095e-35
decision_type=2 2 2 2 2 2 2 2 2 2 2 2 2 2 2 2 2 2 2 2 2 2 2 2 2 2 2 2 2 2 2 2 2
left_child=1 -1 5 -4 -5 22 -7 9 26 11 31 16 -13 14 -14 32 17 18 21 -15 -20 -2 23 -3 25 -25 27 28 29 -9 -27 -11 -16
right_child=7 2 3 4 -6 6 -8 8 -10 10 -12 12 13 19 15 -17 -18 -19 20 -21 -22 -23 -24 24 -26 30 -28 -29 -30 -31 -32 -33 -34
leaf_value=0.00011607621777757063 -0.0027652881535189604 -0.0063722612781512804 -0.00018056002185342794 -0.00042501673896508358 0.0026281844703134548 0.0014503574822125722 -0.0037032426902311975 0.00057267407393840359 0.00028976913683520739 -0.014956403461320879 -1.6324103508794287e-05 0.00054064302324667286 -0.0016928262258299731 -0.0017722492216684272 1.7649839307659695e-05 -0.00035612283061877212 -0.0001108995284093845 -0.0015383894587773016 -7.7259303447298186e-05 0.00020825328132926318 0.0027288518398698521 0.0037078932928118246 -0.0080802724835577662 -0.0028543880922683442 0.001637191645914141 -0.00014695293240463695 5.0833104216599237e-05 -0.0015531397828212428 -0.0080998562544924088 -0.00093505245637368463 0.0015026472287827815 -6.119989719605193e-05 0.00036510654129222759
leaf_weight=712 15.000000000000002 13.999999999999998 74 14.999999999999998 32 7.9999999999999991 27 25 211 23.000000000000004 24 34 10.999999999999998 44 105 18 683 13.999999999999998 9.9999999999999947 21 27.000000000000004 15.999999999999998 11.999999999999998 28.999999999999993 15.999999999999998 21.000000000000007 33 17 12.999999999999998 11.999999999999998 32 7.9999999999999991 172
leaf_count=712 15 14 74 15 32 8 27 25 211 23 24 34 11 44 105 18 683 14 10 21 27 16 12 29 16 21 33 17 13 12 32 8 172
internal_value=0.000381472 0.00193715 -0.000646621 0.00267918 0.00897552 -0.00353349 -0.0102066 -0.000588175 0.00163501 -0.0012024 -0.00775028 -0.000822882 0.000964302 0 0.00156422 0.00252878 -0.00184372 0.00284525 0.00676342 -0.00749779 0.0126682 0 -0.000965512 2.45783e-05 0.0023972 0 -0.00235092 -0.00558066 -5.30062e-05 0.00377532 0.00377136 -0.0131255 0.00354887
internal_weight=2528 992 280 121 47 159 35 1536 311 1225 55 1170 405 371 306 295 765 82 68 65 37 31 124 112 98 82 100 67 50 37 53 31 277
internal_count=2528 992 280 121 47 159 35 1536 311 1225 55 1170 405 371 306 295 765 82 68 65 37 31 124 112 98 82 100 67 50 37 53 31 277
is_linear=0
shrinkage=0.060181


Tree=152
num_leaves=34
num_cat=0
split_feature=2 9 9 4 6 13 7 5 8 8 9 10 9 2 13 11 13 3 13 5 13 7 13 9 9 3 14 9 6 5 13 3 10
split_gain=0.70834 0.7488 1.10296 0.770952 1.01257 0.915382 0.863174 0.647461 1.41017 0.618772 0.614179 1.1303 0.861848 0.674455 0.787495 1.05368 1.63488 1.40666 1.21854 0.71296 0.672241 1.06555 1.16156 0.924573 0.996533 0.776008 0.728894 0.703662 0.670305 1.26287 1.32591 1.54795 1.29583
threshold=-0.16731763273310926 -1.1432778115504683 0.60027742094848002 -0.47106593211266035 1.016334442481847 0.087112227545054308 1.0000000180025095e-35 -0.14620478637704717 -0.24997826715789098 -0.4544749076443772 -1.8655880814435755 0.73415142670018618 -1.7493325393187169 1.1540364298032351 0.17701643805901665 -0.98270155179902219 1.3129973753868389 -0.99034882853133044 2.9091114388906898 -0.080229370892414734 0.16228985594790016 -0.77994911194476824 -0.11150398251452204 -0.4420685702578554 -0.83448314250752975 1.3395629265272961 1.0000000180025095e-35 -0.27978896165110534 -0.97787801165154475 -0.29834528583205649 -0.29252999027614934 1.1960079319050072 0.83496921589534823
decision_type=2 2 2 2 2 2 2 2 2 2 2 2 2 2 2 2 2 2 2 2 2 2 2 2 2 2 2 2 2 2 2 2 2
left_child=1 -1 -3 4 5 6 -4 -5 -9 -8 11 -2 -12 14 28 -16 17 -17 19 -18 21 26 23 24 -23 -25 -15 -27 -14 -30 32 -32 -31
right_child=10 2 3 7 -6 -7 9 8 -10 -11 12 -13 13 20 15 16 18 -19 -20 -21 -22 22 -24 25 -26 27 -28 -29 29 30 31 -33 -34
leaf_value=-8.1611918769333822e-05 0.0034813833023896235 0.00014744233940483471 -0.0002405361153284688 8.7212343931492516e-06 -0.0022705370623640492 -0.0017381139930104719 -0.00036635333198446296 0.00052637924793772276 -0.0063972331877468784 0.0017555838114812303 -0.0016042589555221255 -0.001048582989237325 -0.00099864551280812717 0.0053917621005452948 0.0010248957237409242 0.0010360670896384832 0.00049687266014436765 -0.010890841475239239 -0.0033998362479713447 -0.0012834918791167517 0.0036676109653447034 0.00010742868114660886 -0.00090682810613941056 0.0010197368928227463 -0.0014896040142666654 0.0025747648510041233 1.9073962847454451e-06 -0.00044146932744582409 -9.4151089589215062e-05 -1.0233364761221611e-05 0.0053504253854060844 -0.00099404389203268319 0.0012562802952826801
leaf_weight=114 35 694 35 73 13.999999999999998 22 10.999999999999998 26 52 59 29 8.9999999999999982 105 29 26 7.9999999999999991 39 36 25 10.999999999999998 44 32 12.999999999999998 47 28 8.9999999999999982 31 63 433 283 38 7.9999999999999991 47
leaf_count=114 35 694 35 73 14 22 11 26 52 59 29 9 105 29 26 8 39 36 25 11 44 32 13 47 28 9 31 63 433 283 38 8 47
internal_value=0.000595419 0.00174758 0.00231377 -0.000620371 0.00230862 0.00439925 0.00695281 -0.00371633 -0.00740956 0.0106678 -0.000254209 0.00638067 -0.000522493 -0.00024572 -0.000993793 -0.00508131 -0.00763144 -0.0164942 -0.00118458 0.00342108 0.00221904 0.000717454 -0.00124519 0 -0.00572175 0.00321374 0.00761411 -3.75819e-05 -0.000265436 0.000262705 0.00286114 0.0121895 0.00127129
internal_weight=2528 1100 986 292 141 127 105 151 78 70 1428 44 1384 1355 1059 145 119 44 75 50 296 252 192 179 60 119 60 72 914 809 376 46 330
internal_count=2528 1100 986 292 141 127 105 151 78 70 1428 44 1384 1355 1059 145 119 44 75 50 296 252 192 179 60 119 60 72 914 809 376 46 330
is_linear=0
shrinkage=0.060181


Tree=153
num_leaves=34
num_cat=0
split_feature=9 13 3 7 18 4 10 13 5 9 9 3 19 3 5 11 13 3 13 9 11 9 4 9 10 4 9 9 10 7 9 7 4
split_gain=0.707201 1.14787 0.967175 0.9707 1.17303 1.07742 0.882927 0.96018 0.819254 0.804444 0.758415 0.737357 0.724712 0.707113 0.920254 0.796413 1.55628 1.14988 2.54763 1.07769 1.03656 1.04505 1.02031 1.40008 0.78165 0.773854 0.75303 1.23456 0.837328 0.812745 1.29926 0.878851 0.702144
threshold=0.016024505711296655 1.7756914647713575 -1.3434870259196352 0.29048170599737361 1.0000000180025095e-35 -0.34944362648252031 0.015901199829317352 -0.23742394094741132 -0.24459592825001847 0.026914775931650554 -0.073416220774986787 0.44032243751431271 1.0000000180025095e-35 1.6164223303565188 -0.20584053607589672 0.21492155102016219 2.0489447629485129 0.35392370833355769 -0.038544750669845647 1.4244586108551691 -0.98270155179902219 0.30579111329972858 -0.41420291765898437 0.4749076480739971 -0.60055800914402568 -0.23274824401316377 1.77894466222171 1.5311383129721416 -0.23251148943961877 0.46646634166862655 1.2339744842072349 0.22213815816387586 -1.0949021080317813
decision_type=2 2 2 2 2 2 2 2 2 2 2 2 2 2 2 2 2 2 2 2 2 2 2 2 2 2 2 2 2 2 2 2 2
left_child=1 2 -1 4 12 6 -6 -8 11 -2 32 -3 -4 15 25 20 17 -17 19 22 21 -11 -19 -24 -22 -15 27 29 -28 31 -31 -26 -5
right_child=9 8 3 10 5 -7 7 -9 -10 13 -12 -13 -14 14 -16 16 -18 18 -20 -21 24 -23 23 -25 26 -27 28 -29 -30 30 -32 -33 -34
leaf_value=-0.0011737986209688839 0.0073031896602847486 0.00071268481658270011 -4.0818386908002396e-05 -0.0002728917224804942 -0.0029424784290243925 -0.00027793266851204557 0.00058520693455110947 -0.00029882589178148211 0.00047972074210543385 0.0010500002820700422 -0.0056117720697783646 -0.0026396981381498485 0.0024116194214120062 0.0048484961572663387 -0.00075427060081601036 0.00050564347222241033 -0.0018364412669896464 -0.0069500670449480825 0.0086109855983979525 0.002931564222438328 -0.00048646646437879124 5.4436194138126485e-05 0.0065517389372732951 -0.0018937653507761802 1.4255681162179272e-05 -0.0029470781376847734 -0.0016468381890942015 -0.0044631123226021776 0.00027661298433001851 -0.00097578499171764588 0.0037992522614120187 0.002084624010923145 0.00016327093090992071
leaf_weight=80 20 21 519 23 25 124 56 19 49 53 20 15.999999999999998 36 44 31 224 20 45 18 15.999999999999998 136 160 19 39 197 18 8.9999999999999982 38 28 66 8.9999999999999982 34 316
leaf_count=80 20 21 519 23 25 124 56 19 49 53 20 16 36 44 31 224 20 45 18 16 136 160 19 39 197 18 9 38 28 66 9 34 316
internal_value=0.000524104 -0.000416388 -0.00093834 -0.000424218 -0.00165695 -0.0053007 -2.74251e-05 0.00271582 0.00607639 0.00157105 0.00208245 0 -5.89538e-05 0.00129806 -0.00345572 0.00175733 0.0039975 0.00504207 0.000234217 -0.00272288 0.000496081 0.00404178 -0.00538966 0 -0.000872445 4.33105e-05 0.000398576 -0.000354436 0.00822174 0.000786699 -0.00424706 0.00270559 0.00290664
internal_weight=2528 1304 1218 1138 779 224 100 75 86 1224 359 37 555 1204 93 1111 381 361 137 119 730 213 103 58 517 62 381 344 37 306 75 231 339
internal_count=2528 1304 1218 1138 779 224 100 75 86 1224 359 37 555 1204 93 1111 381 361 137 119 730 213 103 58 517 62 381 344 37 306 75 231 339
is_linear=0
shrinkage=0.060181


Tree=154
num_leaves=34
num_cat=0
split_feature=5 9 13 12 7 7 12 5 5 8 9 7 5 9 19 5 5 12 0 8 7 9 7 7 9 13 13 8 9 7 8 11 11
split_gain=0.917519 0.854275 0.958252 1.13176 0.814385 0.721036 0.66426 0.660944 1.87454 0.619889 0.59858 0.6362 0.634193 0.521312 0.42707 1.11753 0.970221 0.640934 0.547844 0.627087 0.776607 1.16067 0.730823 0.934134 0.808394 0.725797 0.65795 0.605787 0.623934 0.585197 0.569266 1.02598 0.856714
threshold=2.8104254584366415 -1.1261275879778223 -0.17877003844928632 1.0000000180025095e-35 0.45450622079776465 -0.43054272364601615 -0.67414598255139557 -0.22830079370243758 -0.43869218466661714 -0.26895375281632439 -1.6492544703013423 0.23836975077433117 -0.4780849982210687 -1.0872827587941531 1.0000000180025095e-35 -0.14992811538447101 -0.55500941399647818 -0.67414598255139557 1.0000000180025095e-35 -0.87990137075766905 -0.46984026365027748 -0.3451051338425255 -0.18450595144542853 -0.14179123404949431 -0.75186010074499066 0.89463944681923369 -0.31770358067704879 -0.81658474848564877 1.7386313776258162 1.1584447634827815 -0.029090988105303899 1.0133369528996188 -0.78309770132915812
decision_type=2 2 2 2 2 2 2 2 2 2 2 2 2 2 2 2 2 2 2 2 2 2 2 2 2 2 2 2 2 2 2 2 2
left_child=1 2 3 5 6 -1 -4 8 9 -5 11 -7 -12 -3 18 16 -16 -17 19 20 21 -15 27 -24 -25 26 -22 -21 -29 -26 -20 32 -32
right_child=-2 13 4 7 -6 10 -8 -9 -10 -11 12 -13 -14 14 15 17 -18 -19 30 22 25 -23 23 24 29 -27 -28 28 -30 -31 31 -33 -34
leaf_value=0.0015105893279807343 -0.00026846184920275808 0.0032015678561642786 -0.00024249213856722762 -0.00044297893933029076 0.0039963174024040884 -0.00060306085230980757 0.0004477157299062761 -0.0065061122877747438 0.0011051662424125166 -6.377155943228203e-05 0.00068748048877617651 0.0032620444076321203 -0.0031827851300523626 0.0031283348165127242 0.0014468271738264425 0.0004646440341168934 -0.01056693698215991 0.0060287547954911997 0.00016309941959120989 0.00096271964838454767 -0.00032034040110281542 -0.0029419061644714779 0.0024691460920438493 -0.0014081168726878513 4.9268295078995191e-05 0.00016487986557616352 -0.0047178186977887325 -0.00032636723118815633 0.0034066896777580767 0.0007960493639866627 0.00012987691658392905 0.00063055863086467834 -0.00015798214347824752
leaf_weight=32 53 20 18 26 11.999999999999998 19 36 34 19 17 8.9999999999999982 19 47 20 30 11.999999999999998 20 30 587 12.999999999999998 52 20 29 39 362 36 44 344 17 76 88 94 254
leaf_count=32 53 20 18 26 12 19 36 34 19 17 9 19 47 20 30 12 20 30 587 13 52 20 29 39 362 36 44 344 17 76 88 94 254
internal_value=0.000524104 0.000717412 -0.00227991 -0.00428067 0.00349929 -2.19233e-05 0 -0.00909155 -0.00371265 -0.0110372 -0.00311202 0.00151481 -0.00711541 0.0011414 0.00101329 0.00506557 -5.30062e-05 0.011939 0.000797563 -0.000116714 -0.00344326 0.00282549 0.000479975 0.00201317 0.0011955 -0.00579034 -0.00848735 -0.00144191 -0.00207102 0.00205061 0.00179072 6.46343e-06 -0.00140128
internal_weight=2528 2475 288 222 66 126 54 96 62 43 94 38 56 2187 2167 92 50 42 2075 1052 172 40 880 506 477 132 96 374 361 438 1023 436 342
internal_count=2528 2475 288 222 66 126 54 96 62 43 94 38 56 2187 2167 92 50 42 2075 1052 172 40 880 506 477 132 96 374 361 438 1023 436 342
is_linear=0
shrinkage=0.060181


Tree=155
num_leaves=34
num_cat=0
split_feature=9 14 13 5 3 14 6 2 9 3 4 9 4 3 11 5 14 6 2 9 9 7 13 2 9 4 4 4 4 6 14 2 5
split_gain=1.24172 1.07627 1.43585 1.14723 0.9533 1.14072 1.07797 0.870318 1.13383 1.04603 0.851716 0.700254 0.711657 0.692701 0.677589 0.666099 1.5736 1.29293 1.06747 1.03356 1.02302 1.54671 1.2621 1.01929 1.13681 1.50098 0.960376 0.877519 0.741604 0.728938 1.1798 0.924315 0.854017
threshold=-0.99949782536233134 1.0000000180025095e-35 -0.08271144533716529 -0.30461850286022202 1.4820341044484824 1.7092913388094815 1.1721322904610181 -0.85143647618516605 -1.2608443780645346 1.0074112315307975 -0.78008957370065968 -1.1078566642165162 0.033676661702072112 0.10728143248212955 1.2129408033694828 -0.47058875646631976 -0.738224098466287 -0.23004834135152297 1.1540364298032351 0.20631162133304343 -0.26461032216946762 -0.51597215843788702 -0.03931108753181594 -0.15659815296658627 -0.40867616849884181 2.2911857679507306 -0.99386250334032489 1.1635799473220085 0.57999657307469099 -0.63512274609736818 1.0000000180025095e-35 -0.13995169727890391 -0.55500941399647818
decision_type=2 2 2 2 2 2 2 2 2 2 2 2 2 2 2 2 2 2 2 2 2 2 2 2 2 2 2 2 2 2 2 2 2
left_child=1 2 7 13 6 -6 15 8 10 11 -1 14 -13 -3 -9 16 19 23 20 28 22 -22 -19 24 25 -17 -23 -28 -2 -18 32 -32 -31
right_child=4 3 -4 -5 5 -7 -8 9 -10 -11 -12 12 -14 -15 -16 17 29 18 -20 -21 21 26 -24 -25 -26 -27 27 -29 -30 30 31 -33 -34
leaf_value=-0.0003874262731318005 0.0051426910429770087 -0.00064820947121675232 0.0011704991874503634 0.0019246841534968386 -0.00027853680807588021 0.0025360800351821519 0.00027368658827735558 -0.0026971853549003599 -0.0019435500499867017 0.00063433505280302419 0.0035377975220485022 -0.0015458060283541201 0.0073146558208835016 0.0002146430951361503 7.8157038398826579e-06 0.00078699037581388999 0.00036262043763999745 9.4996106772281646e-05 0.0010783019285292275 0.0028765860244456824 -0.00037082817020109797 3.3338463589346908e-05 -0.0016049389464917359 -0.00022881516719848078 1.3536429846555896e-05 -0.024396629030581155 0.0020816102924869138 0.00023669028323161366 -0.00868034808900006 -0.0001456199098315276 0.00025213019605102154 -0.00020789361380078847 -0.0019700319102780093
leaf_weight=11.999999999999998 25 24 41 24 192 19 130 108 18 30 28 16.000000000000004 13.999999999999998 32 13.999999999999998 81 64 127 31 34 91 60 35 319 329 9.9999999999999982 142 38 8.9999999999999982 193 104 70 64
leaf_count=12 25 24 41 24 192 19 130 108 18 30 28 16 14 32 14 81 64 127 31 34 91 60 35 319 329 10 142 38 9 193 104 70 64
internal_value=0.00047656 -0.00273126 -0.00455627 0.00291332 0.00104101 -0.0026773 0.00147557 -0.00643481 0 -0.00844565 0.00558583 -0.0104607 -8.45535e-05 -0.00105735 -0.0124801 0.00105413 -0.000589189 0.00183152 0.00411171 0.00760389 0.00321712 0.00513442 -0.00038056 0.000125387 0.00213774 0.00798172 0.00767003 0.00984875 0 -0.00187653 -0.00284524 0.000693696 -0.00543773
internal_weight=2528 361 281 80 2167 211 1956 240 58 182 40 152 30 56 122 1826 563 1263 524 68 493 331 162 739 420 91 240 180 34 495 431 174 257
internal_count=2528 361 281 80 2167 211 1956 240 58 182 40 152 30 56 122 1826 563 1263 524 68 493 331 162 739 420 91 240 180 34 495 431 174 257
is_linear=0
shrinkage=0.060181


Tree=156
num_leaves=34
num_cat=0
split_feature=5 2 6 11 2 4 7 8 16 11 17 4 4 4 6 6 16 5 6 8 6 5 10 5 8 2 11 5 8 4 5 5 5
split_gain=0.65808 0.641753 0.827569 1.39589 1.78047 1.07369 0.874378 0.977179 0.904259 0.85694 0.847473 1.03637 1.19349 0.866002 0.832174 1.12629 1.91817 1.25829 0.921616 0.815392 0.793218 0.795624 0.779461 0.759801 0.810934 0.735766 0.9819 0.708099 0.688067 0.68457 0.638657 0.60186 0.572276
threshold=2.8104254584366415 -0.16731763273310926 -1.0713567204390475 -0.98270155179902219 0.13185650191754023 0.77190472394998355 -0.45873443712733469 -0.63336684131368426 5.5750728051301444 -0.58349385085929406 1.4567572365165855 -0.48317328868431492 1.303525432964556 -0.59486502806532471 0.2996643417776591 0.67357917692767011 1.0000000180025095e-35 -0.051895948237020796 -0.074250493372351789 1.2814220412642245 -0.47932489811819695 -0.83414154720425004 1.3862295463370482 -0.83414154720425004 -0.013581641033883847 2.1352125916063649 -0.18428614991956593 -0.20584053607589672 -0.76356628920761604 0.57999657307469099 -0.32913989266169175 -0.67519561893496316 0.37104646466528596
decision_type=2 2 2 2 2 2 2 2 2 2 2 2 2 2 2 2 2 2 2 2 2 2 2 2 2 2 2 2 2 2 2 2 2
left_child=1 -1 32 4 5 -4 8 10 9 -5 11 13 22 31 18 16 -16 -17 19 -11 23 -22 -13 -9 29 26 -23 -6 -20 -25 -15 -8 -3
right_child=-2 2 3 6 27 -7 7 20 -10 14 -12 12 -14 30 15 17 -18 -19 28 -21 21 25 -24 24 -26 -27 -28 -29 -30 -31 -32 -33 -34
leaf_value=5.3567291715452003e-05 -0.00025312018545420691 -0.0036100632523006632 0.0022942239741008661 -0.00030991875994035295 0.001296164362116672 -0.008409700536910588 -0.0013462669056970474 0.0013134417817421632 -0.0033148243947147939 0.00020238457423025249 0.00019908666595585135 -0.0016330086289404232 0.00090966902048366706 0.0041283918772625616 0.00015984636148720153 6.2431798130504096e-05 -0.009372117106933699 0.010785752285396874 7.2410430837756911e-06 -0.0027823783467103521 -0.00071916956784548957 0.00068519865928107421 0.0017075281556817462 -0.0002148530005753551 -0.0015972137903131262 -0.00053362177544800211 1.6757562609860757e-05 0.0009628363009993987 0.0052647869873493269 0.00079639897063719478 -0.0072986514147757222 2.7289790584105879e-06 0.00013942254495210403
leaf_weight=1073 53 61 11.000000000000002 57 48 10.999999999999998 22 14.999999999999998 9.9999999999999982 74 31 104 11.999999999999998 15.000000000000002 36 203 25 18 15.999999999999998 8.9999999999999982 43 74 7.9999999999999991 28 49 30 198 54 59 12.999999999999998 7.9999999999999991 27 33
leaf_count=1073 53 61 11 57 48 11 22 15 10 74 31 104 12 15 36 203 25 18 16 9 43 74 8 28 49 30 198 54 59 13 8 27 33
internal_value=0.000429016 0.000596011 -0.000216097 0.000139817 0.00615336 -0.00716228 -0.000458461 -0.00190527 0.00136098 0.00186903 -0.00510125 -0.00664727 -0.00992634 -3.75819e-05 0.00285534 0.000642093 -0.00609895 0.00282605 0.00634834 0.00107515 -0.000138937 0.00113027 -0.0119979 -0.00473628 -0.00710259 0.00237239 0.00350407 0.00971475 0.0111376 0 0.00802411 -0.00520217 -0.00557835
internal_weight=2528 2475 1402 1308 124 22 1184 677 507 497 227 196 124 72 440 282 61 221 158 83 450 345 112 105 90 302 272 102 75 41 23 49 94
internal_count=2528 2475 1402 1308 124 22 1184 677 507 497 227 196 124 72 440 282 61 221 158 83 450 345 112 105 90 302 272 102 75 41 23 49 94
is_linear=0
shrinkage=0.060181


Tree=157
num_leaves=34
num_cat=0
split_feature=7 17 9 3 17 6 8 3 3 4 4 3 6 8 3 6 9 4 9 9 3 4 10 8 17 6 7 4 6 8 9 4 9
split_gain=0.771588 0.915522 0.828654 1.49526 1.62851 0.844086 0.71766 1.20914 1.52756 1.20064 1.71972 1.04934 1.29514 1.6017 1.33681 1.14542 0.999396 0.969589 0.883949 0.813743 0.715872 0.938445 0.972985 1.15997 0.921935 0.983693 0.827595 0.825563 0.670113 0.662848 1.36848 0.887045 0.646497
threshold=0.22982680729514457 1.4567572365165855 -1.371227512837859 1.6920904454785799 1.0000000180025095e-35 1.0786535816735154 -0.93206443923558968 -0.14059032266642751 0.086024309149972014 -0.56675410587583652 -0.060891784641628595 -1.0776072821969553 -0.82208016367237358 0.042201615330428557 -0.7272595610743573 -1.1025162900348817 -0.76071764225906546 -0.7060470872067901 -0.99949782536233134 -0.87731254037155415 1.4820341044484824 -0.46255576051341812 0.17744771559928355 -0.43029172833784163 1.4567572365165855 0.95401530329017825 -0.076010569259752886 0.42011657487689325 -0.3858461893306942 0.5440659303151163 1.4244586108551691 0.97142586032580069 -0.1735022416300139
decision_type=2 2 2 2 2 2 2 2 2 2 2 2 2 2 2 2 2 2 2 2 2 2 2 2 2 2 2 2 2 2 2 2 2
left_child=2 -2 3 4 5 -1 7 9 -9 17 -11 19 13 -13 -14 -15 18 -4 -10 -8 24 -22 27 -24 29 26 -26 -23 -3 30 -16 -31 -18
right_child=1 28 6 -5 -6 -7 11 8 16 10 -12 12 14 15 20 -17 32 -19 -20 -21 21 22 23 -25 25 -27 -28 -29 -30 31 -32 -33 -34
leaf_value=-0.0027347862655394918 3.7429810208599989e-05 -1.0676948445920152e-05 0.0071819172714356339 0.0049235012706441983 4.0952889084633169e-05 0.00028463070433615105 -0.0039449161363310677 -0.006378064977885377 -0.00014456514372142469 0.0057878078112313068 0.00078948887523736682 -0.0019090756278086773 -0.0030344772099531437 0.0038062484770586078 0.00017801676474361815 -0.00040976148224638678 -0.00025764727448407599 -0.0060200641208749779 0.0039993854579236134 0.00051240867527409467 0.00099673581254158881 -0.00085859946957261173 -0.0019861259856239215 0.00014490741852530762 -0.00078383627033541204 0.001476249219792214 0.00060936951212920787 0.0033602184334611909 0.00066201661006151918 0.00055986839927030913 -0.00173751441189055 -0.00031951038601773856 0.00021115408623516616
leaf_weight=69 905 21 19.000000000000004 11.999999999999998 47 7.9999999999999991 10.999999999999998 10.999999999999998 14.999999999999998 32 20 58 72 15.999999999999998 375 37 40 9.9999999999999982 22 89 35 33 22 48 84 38 31 8.9999999999999982 59 174 37 37 32
leaf_count=69 905 21 19 12 47 8 11 11 15 32 20 58 72 16 375 37 40 10 22 89 35 33 22 48 84 38 31 9 59 174 37 37 32
internal_value=0.00047656 0.00179868 -0.000332587 -0.00476227 -0.0070966 -0.0123545 6.60092e-05 0.00339642 -2.29875e-05 0.00892514 0.0141211 -0.000450123 -0.00103305 -0.00711392 -0.000274038 0 0.0018958 0 0.00970387 0.00525529 0.000295332 -0.00341544 -0.00627151 -0.000856233 0.00108436 -0.0029003 -0.00585918 -0.0132587 0.00795214 0.0021655 0.000586051 0.00492073 -0.00162958
internal_weight=2528 985 1543 136 124 77 1407 201 120 81 52 1206 1106 111 995 53 109 29 37 100 923 147 112 70 776 153 115 42 80 623 412 211 72
internal_count=2528 985 1543 136 124 77 1407 201 120 81 52 1206 1106 111 995 53 109 29 37 100 923 147 112 70 776 153 115 42 80 623 412 211 72
is_linear=0
shrinkage=0.060181


Tree=158
num_leaves=34
num_cat=0
split_feature=7 1 8 7 8 11 5 5 13 5 16 8 8 12 4 4 7 12 8 4 8 5 5 8 4 14 8 5 4 5 7 7 4
split_gain=0.61586 0.532537 0.799554 1.19522 1.04359 0.879309 1.3434 1.09645 1.24445 1.12816 0.808294 0.773753 0.749901 0.996079 1.13512 1.57983 0.853206 0.705363 0.778507 0.698163 1.29721 1.09735 0.83504 0.738368 0.684561 0.893194 0.872498 0.602439 0.623804 0.532019 0.528743 0.526845 0.954968
threshold=0.22982680729514457 1.0000000180025095e-35 0.2971122736877177 0.011127454227954952 0.071273264979403408 1.0000000180025095e-35 0.12136282178442527 -0.23464772594564892 -0.23894046814146566 -0.89831236736266751 1.0000000180025095e-35 -0.19674808924773438 0.43454630099422958 0.86351510968011858 -0.14627126138942573 -0.42531036566000679 -0.18450595144542853 0.35096141226961375 -0.26895375281632439 -0.65107684712268898 -0.83627887818215818 -0.67519561893496316 -0.76648213558703227 -1.2196428611152819 -0.28247054524574361 1.0000000180025095e-35 -0.73997872951474353 -0.10222724496435799 -0.26695422524652707 -0.51104446484713961 -1.260916829823002 -0.32888169624369007 -0.92824795863935117
decision_type=2 2 2 2 2 2 2 2 2 2 2 2 2 2 2 2 2 2 2 2 2 2 2 2 2 2 2 2 2 2 2 2 2
left_child=1 12 3 5 17 19 7 8 9 -7 -11 -8 13 14 15 -1 27 18 -5 21 23 22 -3 -21 25 -22 -26 -14 -29 -28 -17 -4 -33
right_child=-2 2 31 4 -6 6 11 -9 -10 10 -12 -13 16 -15 -16 30 -18 -19 -20 20 24 -23 -24 -25 26 -27 29 28 -30 -31 -32 32 -34
leaf_value=-0.00027868104147266522 4.6865866136564827e-05 0.00013499019895231703 2.4981157063190836e-05 -0.00031683686942388751 0.00077502180777164458 -0.00037849341654314561 0.0028768908624393981 -0.00028320203901850038 -0.00034154752893769327 0.0013337263411280097 -4.7532788440650891e-07 -0.00084120191711378604 6.010555432549407e-05 -0.0021772574406601864 -0.00075025810574334969 -0.00023188764255331531 0.00057269705248450258 0.00036719094015205222 -0.004137230747207868 -0.00012878518430094345 -0.0013209933790623918 0.0010554393712720492 -0.010837361363187479 0.0024336965842356615 -0.0033669514118891348 1.907760458682841e-05 0.00054449104851393292 -0.0017848951077454901 0.0055766852564841781 0.00011238744188771101 0.0095272987659669305 0.001321910073271529 -0.00047270896677729506
leaf_weight=137 985 13.000000000000002 153 51 7.9999999999999991 32 33 73 61 89 41 9.9999999999999982 91 66 98 7.9999999999999991 49 12.999999999999998 19 14.999999999999998 22 42 10.999999999999998 46 10.999999999999998 22 20 16.000000000000004 10.999999999999998 75 52 24 131
leaf_count=137 985 13 153 51 8 32 33 73 61 89 41 10 91 66 98 8 49 13 19 15 22 42 11 46 11 22 20 16 11 75 52 24 131
internal_value=0.000119982 -0.000604968 0.000150494 0.00131669 -0.00480104 0.00233566 9.61221e-05 -0.00121469 0.000676483 0.00365118 0.00632746 0.00974588 -0.00215627 -0.00372161 -0.00192416 0.000464162 0.000898535 -0.00732923 -0.00985016 0.00483569 0.0026773 0.0104162 0 0.00982509 -1.84979e-05 -0.00638067 0.00222223 -0.00150804 -0.00894178 0.00460628 0.00856029 -0.00232671 -0.00476093
internal_weight=2528 1543 1015 707 91 616 339 296 223 162 130 43 528 361 295 197 167 83 70 277 211 66 24 61 150 44 106 118 27 95 60 308 155
internal_count=2528 1543 1015 707 91 616 339 296 223 162 130 43 528 361 295 197 167 83 70 277 211 66 24 61 150 44 106 118 27 95 60 308 155
is_linear=0
shrinkage=0.060181


Tree=159
num_leaves=34
num_cat=0
split_feature=2 4 5 0 1 11 7 5 5 8 5 11 10 18 11 5 5 5 10 7 2 7 5 5 14 10 15 10 10 4 4 8 8
split_gain=0.951705 0.711859 0.643165 0.541429 0.589869 0.914284 0.921021 1.34987 0.931721 0.890795 0.805387 0.923349 0.854382 0.934336 0.736626 0.736502 1.03472 0.70471 0.905322 0.644506 0.801476 0.798938 0.681675 0.752524 0.639352 0.63325 0.626426 0.615895 0.906171 0.829059 1.05858 0.981911 0.964814
threshold=2.1484175919637276 -0.46255576051341812 0.2727168944605306 4.2558556772982268 1.0000000180025095e-35 1.612148504309211 -0.32290163580825965 -0.55500941399647818 -0.67519561893496316 1.9085023646409709 2.8104254584366415 -0.18428614991956593 -0.042568971875159345 1.0000000180025095e-35 -0.38389000038943 1.0000000180025095e-35 -0.24459592825001847 -1.0305524190386965 0.26842842174107845 -0.24003508406014382 0.93604018267920719 0.74240341604636984 0.21866618386554917 -0.49501265579601733 1.0000000180025095e-35 -0.71977981365931376 1.0000000180025095e-35 -1.0118835711607679 -1.2150206533213759 -0.2887628749238787 -0.36830390237170102 0.026845651141097153 2.2994607195139722
decision_type=2 2 2 2 2 2 2 2 2 2 2 2 2 2 2 2 2 2 2 2 2 2 2 2 2 2 2 2 2 2 2 2 2
left_child=3 -2 -3 4 5 6 7 24 17 19 11 12 13 -6 25 16 -14 -8 -19 22 21 -21 23 -10 -1 -15 -17 28 -13 30 31 -29 -33
right_child=1 2 -4 -5 10 -7 8 -9 9 -11 -12 27 15 14 -16 26 -18 18 -20 20 -22 -23 -24 -25 -26 -27 -28 29 -30 -31 -32 32 -34
leaf_value=-0.00026190974090103372 0.00011734926243567191 -0.00050521980249828506 0.006033801820487599 0.00071582888877134868 0.00021391325249525917 0.0011868360909446346 0.00075027157572143857 -0.0023490608880854932 -0.00024957044748961677 0.00089488253960461962 -0.0012210166288948998 0.0001403188646812091 9.581415456110224e-05 -5.5298595301875074e-05 0.0001586146191977378 -0.0016397126642833026 0.0037852911902235531 -0.0059250737780362122 0.00023112644242886414 -0.00066250562532733253 0.001182463128025335 0.00041888037318216979 -8.275558827708994e-05 0.017269175324342488 0.0028189405195739909 -0.0013752966799096995 0.00035743750286522505 0.00012772120909390939 -0.005704003816528201 0.00018904635552856344 -0.0011778614238082141 -0.00046082046430680093 0.004116541189049366
leaf_weight=59 28 47 7.9999999999999991 11.999999999999998 292 45 15.999999999999998 183 9.9999999999999982 30 42 19 88 130 29 37 32 50 20 184 14.999999999999998 123 11.999999999999998 14.000000000000002 42 63 48 244 30 361 48 152 14.999999999999998
leaf_count=59 28 47 8 12 292 45 16 183 10 30 42 19 88 130 29 37 32 50 20 184 15 123 12 14 42 63 48 244 30 361 48 152 15
internal_value=0.000215069 -0.00593943 -0.00980409 0.000455847 0.000359297 -0.000936152 -0.00150509 -0.00419487 5.94918e-06 0.00139036 0.00103324 0.00128738 0.00287721 0.00140071 -0.00134637 0.00621624 0.0092738 -0.00540476 -0.0082149 0.000340713 -0.000378384 -0.00126855 0.00766955 0.0131838 0.000890145 -0.00292242 0.00105089 0 -0.0063462 0.000368801 -0.00124201 -7.94296e-05 -0.00372055
internal_weight=2528 83 55 2445 2433 803 758 284 474 388 1630 1588 719 514 222 205 120 86 70 358 322 307 36 24 101 193 85 869 49 820 459 411 167
internal_count=2528 83 55 2445 2433 803 758 284 474 388 1630 1588 719 514 222 205 120 86 70 358 322 307 36 24 101 193 85 869 49 820 459 411 167
is_linear=0
shrinkage=0.060181


Tree=160
num_leaves=34
num_cat=0
split_feature=2 9 9 8 9 9 12 3 4 5 2 17 3 5 5 4 9 4 8 5 3 6 8 10 12 9 2 6 13 5 9 9 9
split_gain=0.83178 0.662974 0.667464 0.612433 0.522495 1.11668 0.892064 1.13364 0.908701 1.56753 1.05339 0.925643 1.07705 0.753409 0.966196 0.719281 0.675117 1.02419 0.603805 0.486782 0.469155 0.773539 1.63131 0.9883 1.10133 0.700656 0.752599 0.666552 1.33361 1.06875 0.847626 0.842211 0.832385
threshold=2.1484175919637276 -0.39765087737398219 0.0098197525242797023 -0.12006210351412204 -0.99949782536233134 -1.8655880814435755 -0.67414598255139557 -0.92770687675297647 -0.53985902764077009 0.2727168944605306 -0.35063155863749201 1.0000000180025095e-35 -0.37331408176314157 -0.73026865548599929 -0.34560719799082434 0.15273301029069922 -1.7493325393187169 -0.65727185243707753 -0.47534262774273711 -0.062399897842304146 0.95991372596949509 -0.35468661973485993 0.026845651141097153 0.45833972955897767 -0.67414598255139557 -0.78160386104205093 1.1813001981504991 0.70473874652350432 -0.28273421980146973 -0.19289164315669585 1.4424469391565979 -0.75186010074499066 -0.55735794549983686
decision_type=2 2 2 2 2 2 2 2 2 2 2 2 2 2 2 2 2 2 2 2 2 2 2 2 2 2 2 2 2 2 2 2 2
left_child=4 -2 -3 -4 5 13 7 -7 10 11 -8 15 -13 -1 -15 -10 -9 -18 -17 -16 27 22 -22 25 -25 -23 -27 -6 29 30 31 -29 -30
right_child=1 2 3 -5 20 6 8 16 9 -11 -12 12 -14 14 19 18 17 -19 -20 -21 21 23 -24 24 -26 26 -28 28 32 -31 -32 -33 -34
leaf_value=0.0040770566015668067 -0.00027654546003271386 0.0010677027989040595 -0.00054408359576561393 6.0018475751652687e-05 4.115963967665693e-05 -0.0018601496363411199 -2.4762226123930969e-05 -0.00014036058712483404 -0.0018073008044875165 -0.0019575794598924662 -0.0049633828991206145 -8.5503888393181907e-05 0.0074334359068249627 -0.0025796885953346554 0.0052607751993720715 -0.00024737822912610392 -0.0014595646449535634 0.0016351577462627182 0.00052798154711272065 8.4735271246439221e-06 0.00088052101803511658 0.00021605686521938166 -0.00015669116831725535 0.0047123452391156888 -3.2533204306875598e-05 -0.00079478332926189658 -4.8248231065341912e-05 0.00038607694434396984 3.5986041226535326e-05 0.0032934654361733567 0.0077526001006894153 -0.00055333923633244788 0.00531556613920921
leaf_weight=12.999999999999998 34 10.999999999999998 15.999999999999998 22 1547 19 40 7.9999999999999991 20 30 41 11.999999999999998 20 13.999999999999998 13.999999999999995 14.000000000000002 14.999999999999998 42 17 29.000000000000004 27 22 15.999999999999998 23 87 85 50 17 21 35 11.999999999999998 109 46
leaf_count=13 34 11 16 22 1547 19 40 8 20 30 41 12 20 14 14 14 15 42 17 29 27 22 16 23 87 85 50 17 21 35 12 109 46
internal_value=0.00047656 -0.00524454 0 -0.00440783 0.000701624 -0.00137737 -0.00321571 0.00140636 -0.00549634 -0.00131465 -0.0103478 0.00246495 0.0102215 0.00494438 0.000543392 -0.00170523 0.00574335 0.00848753 0.0026908 0.00587192 0.0010757 -0.000968566 0.00587192 -0.00234565 0.00161424 -0.00545108 -0.00718469 0.00146359 0.00445846 0.00120878 -0.000870054 -0.00280799 0.0115473
internal_weight=2528 83 49 38 2445 348 278 84 194 113 81 83 32 70 57 51 65 57 31 43 2097 310 43 267 110 157 135 1787 240 173 138 126 67
internal_count=2528 83 49 38 2445 348 278 84 194 113 81 83 32 70 57 51 65 57 31 43 2097 310 43 267 110 157 135 1787 240 173 138 126 67
is_linear=0
shrinkage=0.060181


Tree=161
num_leaves=34
num_cat=0
split_feature=10 10 13 4 9 18 9 9 3 13 13 3 9 11 10 17 9 3 9 8 9 9 3 11 3 3 10 14 10 10 10 2 4
split_gain=0.549438 1.08588 1.01498 1.31683 1.45201 0.883359 0.609662 1.17364 0.975387 1.47376 0.60812 1.24463 0.744602 1.19367 1.42101 0.961441 0.663628 0.652451 0.592893 1.10344 1.12541 1.18242 0.855258 0.660795 0.602223 0.841811 0.697799 0.641526 0.634423 0.596017 1.06296 0.584804 0.575555
threshold=-1.1059096613797432 -1.0702466562119102 1.9636942100096351 -0.55000274246013137 -0.61195729094461826 1.0000000180025095e-35 1.0505600594495315 0.46185499740993391 -1.1961624699997797 -0.19678362983526937 2.1333099362384718 -0.14059032266642751 -1.0145173346674259 1.612148504309211 0.53423381601041475 1.4567572365165855 -2.0332888118129211 -0.43928420458980705 -0.63938653510037269 -0.90050231119618185 -0.37539256288986406 -0.12047986818428813 -1.1764291680277481 -0.58349385085929406 -0.85247408304866068 0.67681202699394538 0.3929584601231258 -0.738224098466287 0.54754892467355198 0.21900964919491597 0.50010066107992457 -0.34903953408983235 -0.1526557670572328
decision_type=2 2 2 2 2 2 2 2 2 2 2 2 2 2 2 2 2 2 2 2 2 2 2 2 2 2 2 2 2 2 2 2 2
left_child=2 -2 3 4 -1 -6 7 8 9 -5 12 17 13 14 16 -16 -3 -12 -14 20 29 32 -21 -23 27 28 -27 -24 -26 -20 -31 -10 -22
right_child=1 10 -4 6 5 -7 -8 -9 31 -11 11 -13 18 -15 15 -17 -18 -19 19 22 21 23 24 -25 25 26 -28 -29 -30 30 -32 -33 -34
leaf_value=-0.00015216920927723436 -0.0035179004533189692 0.0027451237508339128 0.00053232921708045301 0.0028733558373483627 0.0065054132449809355 4.8476359423031391e-05 0.00036120363511395225 -0.0014820605995100925 -0.00012819195086547104 -0.0085752275992347256 -0.00014648266468398369 -0.00090374979549251227 9.250242888847766e-05 0.00014786210677963929 -0.00069940770325558396 0.00047258210076323232 -7.6809117466739626e-05 0.0039212462487774723 0.0023739590272913113 0.0005035235260419077 -0.0057486815116264212 0.0012993265018484425 0.0011245705518995149 -0.00031854127819014533 0.00013766433104844217 -0.00039525939301425853 0.0001167742065630932 -0.00058767949097635237 -3.7115771029730757e-05 -0.003009498820223811 0.00079444596171960289 1.3868403748522218e-05 -0.00016010113723067946
leaf_weight=10.999999999999998 30 21 22 34 36 17 43 51 57 12.999999999999998 38 42 271 22 82 12.999999999999998 162 19 17 99 24 13.999999999999998 37 41 553 160 153 98 212 9.0000000000000018 21 94 11.999999999999998
leaf_count=11 30 21 22 34 36 17 43 51 57 13 38 42 271 22 82 13 162 19 17 99 24 14 37 41 553 160 153 98 212 9 21 94 12
internal_value=0.000262613 -8.51523e-05 0.00237302 0.00134673 0.00894399 0.0133401 -0.000213198 -0.00155982 0.000312604 0.00778627 5.80161e-05 -0.00442671 0.000313514 -0.00238802 -0.00364312 -0.00948892 -0.00017648 0.000543392 0.000821693 0.000291763 -0.004695 -0.00861785 0.000871296 -0.00158884 0.000373333 0.000892875 -0.00162468 -0.00327695 0.00200032 0.00184002 -0.00187543 -0.00177004 -0.0167869
internal_weight=2528 2150 378 356 64 53 292 249 198 47 2120 99 2021 300 278 95 183 57 1721 1450 138 91 1312 55 1213 1078 313 135 765 47 30 151 36
internal_count=2528 2150 378 356 64 53 292 249 198 47 2120 99 2021 300 278 95 183 57 1721 1450 138 91 1312 55 1213 1078 313 135 765 47 30 151 36
is_linear=0
shrinkage=0.060181


Tree=162
num_leaves=34
num_cat=0
split_feature=3 3 8 3 3 12 5 2 13 13 2 11 11 8 3 13 3 5 3 15 11 8 2 8 13 14 14 8 8 5 17 8 3
split_gain=0.548951 0.752945 0.723104 0.749911 1.34837 0.746697 0.895983 0.81284 0.722234 0.706529 0.781775 0.693542 1.10656 0.612956 0.551979 0.618629 0.688722 0.599523 0.874662 0.840291 1.77398 0.819077 0.883286 0.828974 0.734567 0.73146 0.704366 0.682069 0.725279 0.536056 0.771825 0.524219 0.521528
threshold=1.1481810632927465 1.0074112315307975 -0.95847582522443064 -0.14059032266642751 -0.21007914203880637 0.35096141226961375 0.41574487907995461 -0.89778852351120864 -0.31355890974495315 -0.19735114733790718 0.96709717874701928 0.41452540149002631 1.2129408033694828 1.1312107870041233 0.038588316690446607 1.473971236041012 0.35392370833355769 -0.89831236736266751 0.35392370833355769 1.0000000180025095e-35 -0.38389000038943 0.2971122736877177 0.53077522000538968 0.19951165730379497 -0.33730579608501565 -0.738224098466287 1.0000000180025095e-35 0.28022981159360905 -0.18728634455765958 -0.45878857265640383 1.4567572365165855 0.013552283520414302 0.42149950332815328
decision_type=2 2 2 2 2 2 2 2 2 2 2 2 2 2 2 2 2 2 2 2 2 2 2 2 2 2 2 2 2 2 2 2 2
left_child=1 2 3 4 5 6 11 -7 13 -10 -11 -1 -13 -2 -4 17 -17 27 19 -19 31 23 25 24 -20 -23 -22 28 -16 -5 -31 -21 -29
right_child=8 -3 14 29 -6 7 -8 -9 9 10 -12 12 -14 -15 15 16 -18 18 21 20 26 22 -24 -25 -26 -27 -28 32 -30 30 -32 -33 -34
leaf_value=0.0023343673518786698 3.6376344793801067e-05 0.00031441853552039676 4.0314808920079587e-06 -1.8560916947019082e-05 0.0062711281002101639 0.00012619001905079662 -0.00027688478326604867 -0.0051660791041447437 -0.0015461028419691649 -0.0019263170189466967 6.6244358418411783e-05 -0.0032403246960840582 0.0036606806027815754 -0.00070526830733023201 -0.00014925280788556834 -0.0015196864878557607 0.010049459209820455 0.0008291952208346209 -0.00020251076470878738 -0.0085274965200656562 0.00096684139584870513 0.00011400400013453035 0.0022722212525895509 0.017989243302511473 0.00052964229183796458 -0.0013588178993944081 -0.00039860229618314384 -0.0019196022873117576 -0.009128744691451654 -0.0011939484344442742 5.0719979212750646e-05 2.2721692027201146e-05 0.0027264452323152166
leaf_weight=66 196 66 1191 41 12.999999999999998 25 49 31 23 19 72 16.000000000000004 9.9999999999999982 39 27 10.999999999999998 24 79 130 14.000000000000002 58 11.999999999999998 33 9.9999999999999982 54 82 26 9.0000000000000018 17 51 11.999999999999998 9.9999999999999982 11.999999999999998
leaf_count=66 196 66 1191 41 13 25 49 31 23 19 72 16 10 39 27 11 24 79 130 14 58 12 33 10 54 82 26 9 17 51 12 10 12
internal_value=0.000357701 0.000731987 0.000498916 -0.00209327 0 -0.00136416 0.000643915 -0.00711541 -0.00180015 -0.00565313 -0.00225651 0.00443609 -0.00212883 0 0.000986451 0.00246461 0.0102066 0.00183143 0.00259346 0.00585606 0.00164317 0.000472248 -0.00301689 0.00305991 0.00161908 -0.00619493 0.00621512 -0.00311169 -0.00764486 -0.0061785 -0.00953006 -0.0110036 0.00378443
internal_weight=2528 2179 2113 314 210 197 141 56 349 114 91 92 26 235 1799 608 35 573 508 187 108 321 127 194 184 94 84 65 44 104 63 24 21
internal_count=2528 2179 2113 314 210 197 141 56 349 114 91 92 26 235 1799 608 35 573 508 187 108 321 127 194 184 94 84 65 44 104 63 24 21
is_linear=0
shrinkage=0.060181


Tree=163
num_leaves=34
num_cat=0
split_feature=6 6 13 4 4 2 6 6 13 14 4 7 6 7 7 9 6 9 4 13 4 9 7 7 4 7 7 7 6 9 4 9 7
split_gain=0.499826 1.11218 0.58245 0.839426 0.940528 1.54104 1.37329 0.825687 0.707162 0.912546 0.873604 0.680223 0.671216 0.635404 0.726293 0.524857 0.888142 0.867521 0.65896 0.626761 0.660151 0.609012 0.521404 0.856372 0.51427 0.504367 0.563843 0.454488 0.451387 0.449644 0.44649 0.418891 1.18004
threshold=-0.75976102448070504 -0.6662823156932024 -0.009587759893928299 0.93657087691537788 -0.28247054524574361 0.68796381955343022 0.6424196073318359 -0.35468661973485993 -0.29731763895715951 -0.738224098466287 -0.443107186111175 -0.20073754405588382 -0.44816532852236268 0.30585900425990969 -0.51255498104621289 1.77894466222171 -0.35468661973485993 1.5114153081493849 -0.53031290992198576 -0.32373335481168936 0.095777543781269167 1.0703209923880617 0.29048170599737361 0.17429767468042923 -1.0076433851467883 0.35199089904751929 1.4172959509021503 -2.3911482521194523 1.016334442481847 0.90925374585187735 1.4203422099509611 -0.89318878395471668 0.84491873779661508
decision_type=2 2 2 2 2 2 2 2 2 2 2 2 2 2 2 2 2 2 2 2 2 2 2 2 2 2 2 2 2 2 2 2 2
left_child=31 22 8 4 5 6 7 -4 9 13 12 -7 -10 14 29 17 -17 19 -19 20 21 -11 23 -2 -9 -12 -27 -14 -8 -3 -22 32 -1
right_child=1 2 3 -5 -6 11 28 24 10 15 25 -13 27 -15 -16 16 -18 18 -20 -21 30 -23 -24 -25 -26 26 -28 -29 -30 -31 -32 -33 -34
leaf_value=-0.0016512252204688271 0.00041491128750939331 0.00020824769898733877 0.00023196906091576243 -0.00031902716286878974 0.00019879107034018802 -0.000895450104099015 0.0097855984197808381 0.00023530593498872481 -0.00017045442253219736 -7.9824758153498477e-05 -4.2215819508693878e-05 2.6088579653675454e-06 -0.0077657524976583649 -9.4925530732125474e-05 0.0015891586755525384 -0.0013467069454644147 0.0016639331568990578 -3.0055825745013984e-06 -0.003320483683919542 -0.00031211960196058346 0.00033514152449609094 0.0002172354202585056 0.00049265130666954185 -0.0018258149820728057 -0.0017002104393151344 0.001467313481688947 -0.0039321307223252932 0.00038317216360079896 0.00053040356561723841 -0.0057740684990676 -2.3971813813918562e-05 -1.3613020479865382e-05 0.0012585598535034693
leaf_weight=73 39 26 15.999999999999998 28 86 40 13.999999999999998 15.999999999999998 8.9999999999999982 707 97 13.999999999999998 8.9999999999999982 37 72 8.9999999999999982 47 31 31 45 153 79 47 12.999999999999998 64 17.000000000000004 7.9999999999999991 79 25 9.9999999999999982 82 475 30
leaf_count=73 39 26 16 28 86 40 14 16 9 707 97 14 9 37 72 9 47 31 31 45 153 79 47 13 64 17 8 79 25 10 82 475 30
internal_value=0.000167526 0.000648362 0.000277353 -0.00207023 -0.00076623 -0.00329558 0 -0.00365374 0.000777557 0.000205354 0.00393284 -0.0115414 0.00810389 0.00467633 0.00703553 -0.000306438 0.00509606 -0.000640695 -0.00738199 -0.000171451 9.08769e-05 -0.000689548 0.00677285 0.00113341 -0.00651248 2.26215e-05 0.00746307 0.00988553 0.00924834 0 0.00291245 -0.00135005 -0.00482514
internal_weight=2528 1950 1851 303 275 189 135 96 1548 1329 219 54 97 145 108 1184 56 1128 62 1066 1021 786 99 52 80 122 25 88 39 36 235 578 103
internal_count=2528 1950 1851 303 275 189 135 96 1548 1329 219 54 97 145 108 1184 56 1128 62 1066 1021 786 99 52 80 122 25 88 39 36 235 578 103
is_linear=0
shrinkage=0.060181


Tree=164
num_leaves=34
num_cat=0
split_feature=13 7 8 5 5 13 13 2 10 10 5 10 10 3 13 13 5 3 3 3 7 3 8 2 6 5 6 11 8 13 7 3 8
split_gain=0.529729 0.824033 1.40031 1.29507 1.38199 1.08022 0.95092 0.949631 0.882809 0.749048 0.73452 0.694083 0.542139 0.479083 0.455756 0.63317 0.754973 0.728257 0.573955 0.804505 0.896293 0.700619 0.732818 0.903274 0.884973 0.640621 0.57835 1.24184 1.2149 1.14312 1.00502 0.570165 0.564386
threshold=-0.059217687072601895 -0.14606270578908762 1.3791089476888558 -0.086138626634831086 -0.24459592825001847 4.1655056237591817 0.19680195312431867 0.30202974838214497 0.54956181016270034 -1.4663558919769029 -0.5752718238428508 0.68756701453198643 -1.5695565023727325 2.1689182909099038 -0.21836347928237101 -0.19896087630896347 -0.62135494389742185 -1.1000340966992146 -1.7266902112870117 -1.0084583183143951 1.7581593957217145 -0.81546589321531082 -0.15090090600725856 0.26972517280246727 -0.82208016367237358 0.78648853774055827 0.61126003773600168 -0.18428614991956593 -1.2111266252252293 -0.25472374637787865 -0.087970690130614829 -0.43181758902110429 -1.1489882198878958
decision_type=2 2 2 2 2 2 2 2 2 2 2 2 2 2 2 2 2 2 2 2 2 2 2 2 2 2 2 2 2 2 2 2 2
left_child=12 2 7 4 11 6 -5 8 -2 -8 -9 -3 -1 -12 18 -16 -17 -18 -14 25 21 22 23 -21 -24 -20 29 -28 -29 31 -31 -23 -19
right_child=1 3 -4 5 -6 -7 9 10 -10 -11 13 -13 14 -15 15 16 17 32 19 20 -22 26 24 -25 -26 -27 27 28 -30 30 -32 -33 -34
leaf_value=-0.0070501606672633572 0.00049848335469715791 -0.00011024757700891193 0.0014550475472790395 0.00024387274591455128 0.0037743670282713291 0.0071909493080764613 0.00013358250761007884 -7.1404834382311015e-05 -0.001150779843476278 -0.0015032239478899707 -0.0014872563546394087 0.004763693391729708 -0.0097660386283536446 0.0002015501062394509 0.00035780594283115358 -0.00085491362579600833 -0.012217675447350321 -0.0055905679289261585 0.00039212456248896268 -0.0043604485243298576 -0.0025560394063434658 0.00022500985091510053 7.211536161694316e-05 0.0015606145069922055 -0.003602824652257666 -4.1028195561374184e-05 0.0023917670419678341 -0.0068234397751364174 -9.1749509783980293e-05 0.0019603146793123944 -0.031788517652525744 1.9258297673596511e-05 0.00088665696876063789
leaf_weight=15.999999999999998 47 79 11.999999999999998 22 26 12.999999999999998 11.999999999999998 34 29 66 74 14.999999999999998 13.999999999999998 9.9999999999999982 14.999999999999998 32 8.9999999999999982 10.999999999999998 188 37 31 324 15.999999999999998 24 42 62 30 21 289 10.000000000000002 15.999999999999998 820 82
leaf_count=16 47 79 12 22 26 13 12 34 29 66 74 15 14 10 15 32 9 11 188 37 31 324 16 24 42 62 30 21 289 10 16 820 82
internal_value=2.48942e-05 -0.00184202 -0.00460743 0.000393538 0.00489184 -0.00389522 -0.00641704 -0.00610544 -3.56935e-05 -0.00962199 -0.00942632 0.000645693 0.000447121 -0.0123978 0.000566488 0.00376504 0.00177004 0.00458589 0.00028246 0.000410322 -3.7883e-05 0.000130757 -0.00419545 0 -0.0088382 0.00357075 0.000518758 -0.00158459 -0.00288758 0.00118183 -0.0102603 0.00152325 0.00657054
internal_weight=2528 439 206 233 120 113 100 194 76 78 118 94 2089 84 2073 149 134 102 1924 1910 1660 1629 119 61 58 250 1510 340 310 1170 26 1144 93
internal_count=2528 439 206 233 120 113 100 194 76 78 118 94 2089 84 2073 149 134 102 1924 1910 1660 1629 119 61 58 250 1510 340 310 1170 26 1144 93
is_linear=0
shrinkage=0.060181


Tree=165
num_leaves=34
num_cat=0
split_feature=7 13 13 8 13 8 6 13 2 15 2 10 5 2 6 2 5 8 13 8 5 7 2 5 13 6 8 8 5 8 6 7 10
split_gain=0.875678 1.07351 1.06185 0.984642 0.957676 0.947734 0.884101 0.95306 0.898922 0.850066 0.800537 0.78506 0.772598 0.699253 1.14566 0.820456 0.690456 0.970776 0.809151 1.48954 0.884654 1.86224 0.76964 1.05099 0.755149 0.622347 0.611626 1.09992 0.99246 1.27529 1.41485 1.14488 0.705301
threshold=0.22982680729514457 -0.15458596703283517 0.47950426480585656 -1.0329972098794531 2.1766323342875986 -0.71436842502177778 0.95401530329017825 0.24356306187973728 0.74161553065591068 0.88625919121491659 -0.98340181012624817 -0.71977981365931376 1.0000000180025095e-35 0.63817163104118435 0.67357917692767011 -0.35063155863749201 -0.17772098608836223 -0.9244777865424576 -0.32680655448464746 0.8136468501624029 0.10665614093846952 1.5659431674400051 0.016181827439305654 -0.13978818290873962 2.9091114388906898 -1.1336758596307159 -0.72043850562768286 -0.68777478117051483 -0.17772098608836223 -0.84974589241663356 -0.54164403730986543 -0.25968385406227451 0.73415142670018618
decision_type=2 2 2 2 2 2 2 2 2 2 2 2 2 2 2 2 2 2 2 2 2 2 2 2 2 2 2 2 2 2 2 2 2
left_child=1 3 6 9 11 -6 7 8 -3 -1 12 -4 -5 14 15 -13 -2 24 22 20 -20 -22 23 -19 -18 -25 28 -28 29 -12 -31 32 -30
right_child=16 2 4 10 5 -7 -8 -9 -10 -11 26 13 -14 -15 -16 -17 17 18 19 -21 21 -23 -24 25 -26 -27 27 -29 31 30 -32 -33 -34
leaf_value=0.00036210651926749224 0.00014383869278490361 -1.7513922391165346e-05 0.0049688042949293174 -0.0054525383448548572 -1.9973131604125299e-05 -0.001235444404456763 0.00020953147762697622 -0.0027576277438146977 -0.00034113803168307429 -0.0060448453343947533 4.6461578695662809e-05 0.0040682572224860006 0.0002098986802945546 0.00083998089038873187 0.00065678784608506641 -0.01173570204146775 -0.0013383302186201558 -0.0012032524356169472 -0.00010745101360476274 -0.011075368329913066 0.0013375505052373598 -0.0090289881084577688 -0.00044886814404892535 -9.7651457896096234e-05 0.0067565594518132297 0.00023075565667397992 0.0012022534392376293 1.2490325878218516e-05 0.0028397848095333598 0.00374695974399138 -0.0056146871703542465 -0.0013785481374526394 -0.00055934858476173468
leaf_weight=98 396 63 20 23 38 23 30 22 32 14.999999999999998 53 7.9999999999999991 17 32 15.999999999999998 25 92 12.999999999999998 26 25 54 11.999999999999998 67 61 10.999999999999998 228 18 892 26 12.999999999999998 52 19 7.9999999999999991
leaf_count=98 396 63 20 23 38 23 30 22 32 15 53 8 17 32 16 25 92 13 26 25 54 12 67 61 11 228 18 892 26 13 52 19 8
internal_value=0.000262613 -0.000604968 -0.00376313 0.000148177 -1.71575e-05 -0.00609895 -0.00741141 -0.00975398 -0.00582694 0.00544356 -0.000350361 0.00319143 -0.00834616 0 -0.00405813 -0.0107643 0.00167693 0.000258678 0.00148082 0.00576201 0.00947193 0.0130101 0 0.00138777 -0.00482514 0.00237496 0 0.000595959 -0.00329065 -0.00645697 -0.0118839 0.00270817 0.00967784
internal_weight=2528 1543 309 1234 162 61 147 117 95 113 1121 101 40 81 49 33 985 589 486 117 92 66 369 302 103 289 1081 910 171 118 65 53 34
internal_count=2528 1543 309 1234 162 61 147 117 95 113 1121 101 40 81 49 33 985 589 486 117 92 66 369 302 103 289 1081 910 171 118 65 53 34
is_linear=0
shrinkage=0.060181


Tree=166
num_leaves=34
num_cat=0
split_feature=9 9 15 4 15 6 7 13 7 9 9 6 4 10 5 9 11 8 6 11 9 7 8 8 11 10 4 7 10 7 8 9 10
split_gain=1.4068 0.879497 0.589582 0.511022 0.674143 0.966612 0.505343 0.498495 0.814202 1.9587 1.40855 0.996873 0.781194 0.705354 0.680266 0.658793 0.53936 0.678739 1.33922 1.04627 1.36373 1.62009 1.29319 1.47227 1.86533 0.90615 1.04927 0.863329 0.65443 0.597869 1.00397 1.25383 1.27761
threshold=-1.8655880814435755 -1.7493325393187169 1.0000000180025095e-35 1.5388318778701371 1.0000000180025095e-35 0.8293770249068414 -0.37501359103130089 -0.059217687072601895 -0.39209947798967532 -0.092127578289322679 0.87157377018169691 0.2996643417776591 -0.43019991494565585 1.534805119639888 -0.7183463406599836 -0.63938653510037269 1.4125446538393469 1.1072252327686951 0.14386649379848784 0.8137331024297545 -0.58575692104737143 -0.73894298324467 0.67185515024160569 0.2971122736877177 -0.58349385085929406 -0.42060576008623313 -0.40476889574827041 0.74240341604636984 0.41199039263780374 -0.30667004319780444 -0.77216774719219738 0.48349217632023184 0.68756701453198643
decision_type=2 2 2 2 2 2 2 2 2 2 2 2 2 2 2 2 2 2 2 2 2 2 2 2 2 2 2 2 2 2 2 2 2
left_child=3 2 -2 4 6 -6 -1 13 9 15 12 -10 -11 16 -15 -9 17 19 -19 22 -21 -22 23 24 -3 -20 -27 -25 -23 30 -18 -32 -33
right_child=1 7 -4 -5 5 -7 -8 8 11 10 -12 -13 -14 14 -16 -17 29 18 25 20 21 28 -24 27 -26 26 -28 -29 -30 -31 31 32 -34
leaf_value=0.0070189780292005581 -1.7357992920857242e-05 -3.2608087448624951e-05 -0.0037843444545720725 -0.0014477649691847258 0.0019439990118246496 -0.0026703488122375601 -0.0031983914714812248 -0.00024254647008633217 -8.3406066248321709e-05 0.00021377177971455334 -0.0019411845814605927 0.0043226538997628398 0.0084314610607038477 -0.00010737745583321957 0.00032718691626122643 -0.0016910996441217017 -0.0015734445770803653 1.9246202451437703e-05 0.00010191578893425377 0.00019905861243203516 -0.007426844921316616 -0.0026543840108753857 0.001254479216647005 -0.00078376295934859668 0.00023082826641340697 -0.0023849378904465882 -3.192633575664666e-05 0.0016523886977262284 0.00017539186449291828 3.8295849833010262e-06 0.0031099949701263122 -0.0011741441861392711 0.020273152266520857
leaf_weight=8.0000000000000018 18 428 22 7.9999999999999991 33 8.9999999999999982 12.999999999999998 42 223 20 21 54 21 18 92 35 23 216 24 39 34 52 126 106 567 48 30 17 42 82 35 12.000000000000002 9.9999999999999982
leaf_count=8 18 428 22 8 33 9 13 42 223 20 21 54 21 18 92 35 23 216 24 39 34 52 126 106 567 48 30 17 42 82 35 12 10
internal_value=0.000357701 8.67571e-05 -0.00834616 0.00850813 0.0104336 0.0145783 0 0.000262225 -0.00158443 -0.0052951 0.00187798 0.00011736 0.00883365 0.000676899 0.00532244 -0.0116079 0.00036679 1.90071e-05 -0.00244149 0.000618877 -0.00372055 -0.00688091 0.00125645 0.000539095 0.00135881 -0.00800513 -0.0110969 -0.00548894 -0.00187886 0.00365118 0.00723231 0.0114666 0
internal_weight=2528 2457 40 71 63 42 21 2417 416 139 62 277 41 2001 110 77 1891 1729 318 1411 167 128 1244 1118 995 102 78 123 94 162 80 57 22
internal_count=2528 2457 40 71 63 42 21 2417 416 139 62 277 41 2001 110 77 1891 1729 318 1411 167 128 1244 1118 995 102 78 123 94 162 80 57 22
is_linear=0
shrinkage=0.060181


Tree=167
num_leaves=34
num_cat=0
split_feature=9 3 10 8 9 9 9 7 8 10 8 8 10 11 8 3 7 15 7 7 8 8 3 2 2 3 9 3 7 9 2 7 18
split_gain=0.644698 0.62239 0.705831 1.43825 0.90448 1.14283 1.23497 1.20307 0.978141 0.866421 0.743755 1.41744 0.686136 0.673261 0.631474 1.07499 0.61675 0.600677 1.06127 0.852614 0.749231 0.817801 0.646897 0.571355 0.565529 0.905402 0.699763 0.503167 0.477363 0.434176 1.09619 0.744024 0.789485
threshold=-2.1725784022950703 1.1481810632927465 -0.57740152250826948 2.1912069242036796 2.2813396038500087 0.31636816310790566 -0.14476122073981187 -0.30667004319780444 -1.1073008537514022 -0.69946140966487158 -0.91692945378463431 -0.65360012708763238 -0.74313100330113258 -0.78309770132915812 1.0498510008212814 1.45441532436159 -0.066613331432647124 1.0000000180025095e-35 -0.41687401407931718 -0.31265010363323603 -0.98463450325723845 -0.12006210351412204 1.2956729020797384 1.1540364298032351 -0.0041739981441637989 -0.65182146006634778 0.49197826545808798 0.010833817126537101 -0.59883871018600288 -1.4222159022248613 -0.92650552495866423 0.23580686773057619 1.0000000180025095e-35
decision_type=2 2 2 2 2 2 2 2 2 2 2 2 2 2 2 2 2 2 2 2 2 2 2 2 2 2 2 2 2 2 2 2 2
left_child=-1 2 3 4 5 6 7 9 -9 -2 13 -12 -10 -8 17 -16 -7 18 28 -19 -21 -22 -20 29 25 26 -18 -27 -3 30 -4 -31 -33
right_child=1 14 23 -5 -6 16 10 8 12 -11 11 -13 -14 -15 15 -17 24 19 22 20 21 -23 -24 -25 -26 27 -28 -29 -30 31 -32 32 -34
leaf_value=0.0015600549249502283 -0.0020970518269330363 3.3392871116100222e-05 -0.00065913589006506151 0.0049920321757914669 0.0028724003858845108 -1.4077251810075645e-05 0.0021301092939467413 -0.0016255969494129701 0.00015785213753754992 0.00020087321082599467 0.0083923763064187896 0.00021299459869590434 -0.0012286105381654467 -0.0022940320273127299 0.00023331268596956517 -0.00055177613771378755 0.0017817925984527899 2.2815886943183114e-05 -0.00042470059190519638 0.0011497777721098878 -0.0012644426950625496 -0.00011337439479999004 0.003265982358180567 0.00074332214765780974 -0.0095965742071173667 0.00073477757664225623 -0.0030554830085148784 -0.00041817902718043897 -0.01059506838027147 3.4680304933769634e-05 6.9703426243277971e-05 0.00030166968928013434 4.1036301870649434e-05
leaf_weight=20 51 66 21 12.999999999999998 14.999999999999998 75 10.000000000000002 40 166 15.999999999999998 23 103 51 14.999999999999998 17 36 9.9999999999999982 94 12.999999999999998 10.999999999999998 35 26 32 33 48 35 44 33 13.999999999999998 828 79 210 245
leaf_count=20 51 66 21 13 15 75 10 40 166 16 23 103 51 15 17 36 10 94 13 11 35 26 32 33 48 35 44 33 14 828 79 210 245
internal_value=0.000357701 0.000240743 0.000639879 -0.000804481 -0.00126678 -0.00166729 0 -0.00202938 0 -0.00899015 0.00449485 0.00652275 0.00151328 -0.00325522 -0.00208574 -0.00802412 -0.00497398 -0.000724616 0.00212789 -0.00321024 -0.00799759 -0.0107566 0.00934485 0.00144336 -0.00694949 -0.00385568 -0.00945192 3.96814e-05 -0.00147365 0.0011956 -0.00235092 0.0015224 0.0034837
internal_weight=2528 2508 2164 748 735 720 475 324 257 67 151 126 217 25 344 53 245 291 125 166 72 61 45 1416 170 122 54 68 80 1383 100 1283 455
internal_count=2528 2508 2164 748 735 720 475 324 257 67 151 126 217 25 344 53 245 291 125 166 72 61 45 1416 170 122 54 68 80 1383 100 1283 455
is_linear=0
shrinkage=0.060181


Tree=168
num_leaves=34
num_cat=0
split_feature=10 13 10 4 8 6 6 8 4 8 9 9 14 13 8 4 4 4 6 10 8 5 2 9 9 10 2 10 8 8 8 8 2
split_gain=0.430333 0.770338 0.509025 0.788571 0.61494 0.740363 0.775954 0.546321 0.530992 0.729729 2.02728 0.972588 0.535278 0.651678 0.848177 1.49897 0.774381 0.715217 0.667886 1.05684 0.960656 1.13614 0.935572 1.51782 0.87503 0.728097 2.00638 1.63265 0.879398 0.674353 0.659768 0.648842 0.476999
threshold=-1.5260423848133715 0.42584894298929438 -1.4694791572565087 2.3270691290170027 -1.3701753745752276 0.8293770249068414 -0.23004834135152297 -1.4234195001567163 -1.0364305456446015 -0.44644187726266371 -0.17990562753896336 1.0284094218146742 2.933049057447366 2.1333099362384718 -0.69279524671945292 -0.10827803855716224 0.12445874471937521 -0.46255576051341812 -0.75976102448070504 0.8886293643662263 -0.58342124121390626 0.061506137650899309 0.16052232891530949 1.0942642253093657 -1.2840401262390628 -0.15983172055591668 -0.029343482557318147 -0.68601745342419274 0.026845651141097153 -0.58342124121390626 -0.51983604399011052 0.85565199509605161 -1.7270989534055479
decision_type=2 2 2 2 2 2 2 2 2 2 2 2 2 2 2 2 2 2 2 2 2 2 2 2 2 2 2 2 2 2 2 2 2
left_child=1 -1 3 -2 5 6 7 -4 9 10 -6 32 13 18 15 17 -16 -15 25 22 21 -21 23 -20 -24 27 31 28 -10 -29 -22 -27 -11
right_child=2 -3 4 -5 8 -7 -8 -9 12 11 -12 -13 -14 14 16 -17 -18 -19 19 20 30 -23 24 -25 -26 26 -28 29 -30 -31 -32 -33 -34
leaf_value=-0.0050282671245825538 0.0027021331210259794 0.0079924202294366538 -9.9174458081995089e-05 -0.0020377045172710346 0.0048717233802625156 -0.0045337609510089985 0.0011735851666115368 0.0056437885448082439 -0.00016232552265306707 0.00032675332541429571 -0.0013388118912328255 0.00027158999305249714 0.0014888945896843501 -7.3884813609765034e-07 -0.0024812322704870974 -0.0057264661428082413 0.00079027716012621972 0.0094582975509407766 0.00025058231277332835 -0.0010257375377315718 0.0037582367649518448 0.00019814391481467211 0.00022779998703863466 -0.00013609360699727268 -4.0031087452424876e-05 0.0021563632981458775 -0.0084721131452262979 -0.0011283584225091313 0.00033465754805599602 -0.0045603875664267509 -1.0661171518948043e-05 0.00045024873269540217 -0.0018599491789091057
leaf_weight=50 42 10.999999999999998 23.999999999999996 21 26 9.9999999999999982 23 9.0000000000000018 174 7.9999999999999991 36 25 17 24 31 19 7.9999999999999991 15.999999999999998 563 91 14.999999999999998 29 63 111 530 32 14.999999999999998 26 114 46 215 13.999999999999998 90
leaf_count=50 42 11 24 21 26 10 23 9 174 8 36 25 17 24 31 19 8 16 563 91 15 29 63 111 530 32 15 26 114 46 215 14 90
internal_value=0.000500332 -0.00423588 0.000646659 0.00591581 0.000476108 0.00609314 0.00913477 0.000899675 0.000283922 -0.0027273 0.00187798 -0.00548894 0.000573379 0.000451363 -0.00417412 0 -0.0106609 0.00696599 0.000708847 0.00128291 -0.00153977 -0.0058656 0.00210994 0.00364558 0.000256944 -0.00135317 0.00423588 -0.0024905 -0.000216123 -0.0103856 0.000527402 0.0109763 -0.00832028
internal_weight=2528 61 2467 63 2404 66 56 33 2338 185 62 123 2153 2136 98 59 39 40 2038 1617 350 120 1267 674 593 421 61 360 288 72 230 46 98
internal_count=2528 61 2467 63 2404 66 56 33 2338 185 62 123 2153 2136 98 59 39 40 2038 1617 350 120 1267 674 593 421 61 360 288 72 230 46 98
is_linear=0
shrinkage=0.060181


Tree=169
num_leaves=34
num_cat=0
split_feature=3 4 8 5 18 4 6 8 4 7 5 7 12 17 7 2 8 4 4 6 6 5 5 7 4 5 2 5 4 0 7 4 8
split_gain=0.863988 1.0171 0.888466 0.869449 0.842897 1.09559 1.57068 1.07849 1.58002 1.37724 1.023 0.995039 0.84202 1.4423 0.945692 0.787549 0.762321 0.85 1.38976 1.00553 1.20556 0.748417 1.00052 1.66267 0.970161 0.719022 0.700412 0.657824 0.655102 0.80566 0.926643 0.775828 0.738336
threshold=1.1481810632927465 -0.46255576051341812 0.013552283520414302 -0.21818845539211226 1.0000000180025095e-35 -0.33285326911153817 0.70473874652350432 0.62285889867506772 -0.34944362648252031 0.62280220733775016 -0.97059567761952081 -0.52707798496083103 1.0000000180025095e-35 1.0000000180025095e-35 0.23836975077433117 0.57846614960606291 -1.1943677709397253 -1.0494658727248389 -0.86327429903015929 -0.32352705013902566 1.795323682377703 -0.8757610543292107 -0.7183463406599836 -0.31606728102491016 -1.1036519953843331 -1.0305524190386965 0.56382592264061604 1.1768908611797355 -0.4490207211994785 1.01557764731833 0.85687885866747704 -0.40884383811588809 1.1072252327686951
decision_type=2 2 2 2 2 2 2 2 2 2 2 2 2 2 2 2 2 2 2 2 2 2 2 2 2 2 2 2 2 2 2 2 2
left_child=4 2 -2 -4 5 21 12 11 9 -9 -8 15 13 -7 26 -6 -13 -18 19 -19 -21 25 23 -23 -24 -1 -14 -15 29 30 -26 -30 -32
right_child=1 -3 3 -5 7 6 10 8 -10 -11 -12 16 14 27 -16 -17 17 18 -20 20 -22 22 24 -25 28 -27 -28 -29 31 -31 32 -33 -34
leaf_value=0.00024761775491901114 0.00057110493021094019 -0.00019970447388841021 0.00065332422000133632 -0.008652639088783675 -0.0010430428366924214 8.6093114972224101e-05 -0.0012983028508340884 0.00040188017117910531 -8.6094485664133075e-05 -3.6435919635446834e-05 0.0074044807182960691 -0.00046713146019287174 -2.7259231587463075e-05 -0.0036735700761255817 0.002335643433793316 0.00018249168766081898 -0.004298799679947062 -0.00050780159640110645 -1.725482698906453e-05 0.0023769020086780259 -0.001016921531813049 0.00011983095443162753 0.00036568398582343271 -0.0041831764473930369 -7.4832970411007387e-05 0.00066373140606127714 0.0028645531731134248 0.00013442213274738181 -0.003289385961697255 0.018885630476643107 0.00076479373435268255 -3.6341677642202493e-05 -0.00080691302981586769
leaf_weight=47 53 258 24 13.999999999999998 47 301 7.9999999999999991 65 124 30 46 54 73 43 93 13.999999999999998 35 15.999999999999998 424 30 7.9999999999999991 32 46 39 387 35 20 15.999999999999998 27 21 45 38 14.999999999999998
leaf_count=47 53 258 24 14 47 301 8 65 124 30 46 54 73 43 93 14 35 16 424 30 8 32 46 39 387 35 20 16 27 21 45 38 15
internal_value=0.000571647 -0.00214151 0.00289264 -0.00296132 0.00103529 0.00198472 0.00389311 -0.00039247 0.00312179 0.00887859 0.0136309 -0.00171959 0.00274264 0.000835376 0.00604565 -0.00889355 -0.000795996 0 0.000630697 0.00945192 0.0145334 0.000331109 -0.000280574 -0.00689479 0.000469711 0.00565731 0.000963859 -0.00725509 -0.000173522 0.000516461 0 -0.00574335 0.00666793
internal_weight=2528 349 91 38 2179 1332 600 847 219 95 54 628 546 360 186 61 567 513 478 54 38 732 650 71 579 82 93 59 533 468 447 65 60
internal_count=2528 349 91 38 2179 1332 600 847 219 95 54 628 546 360 186 61 567 513 478 54 38 732 650 71 579 82 93 59 533 468 447 65 60
is_linear=0
shrinkage=0.060181


Tree=170
num_leaves=34
num_cat=0
split_feature=9 8 8 0 5 5 6 0 1 10 11 7 9 8 7 10 8 10 8 10 9 14 8 10 8 5 4 5 9 6 7 6 4
split_gain=0.672657 0.720847 0.809918 0.527534 0.883033 0.814013 0.585189 0.591745 0.746562 0.722249 0.636451 1.16836 1.05272 0.968807 1.29397 1.03454 0.711372 0.615797 2.33863 1.14234 0.715627 0.584206 1.07434 0.592251 0.553575 0.506756 0.437378 0.426355 0.683588 0.423839 0.457945 0.403321 0.65935
threshold=-1.9531483230905333 -1.4576733354553082 -1.4234195001567163 -1.1446077060016007 -0.28206087857312745 1.2230743584706274 2.7924299094443992 1.0000000180025095e-35 -1.4759321159128549 1.1764130057566893 -0.58349385085929406 0.63049085646902003 0.85774982676031819 -0.067371155066487887 -0.49205191669616316 0.76726582678424871 -0.34277493984582907 1.534805119639888 0.13488242433578526 1.2626209112983975 1.8518088832342006 1.0000000180025095e-35 0.083800863070913625 2.4347424566181579 0.45746236861725287 -0.024041806608755444 1.5388318778701371 -0.55500941399647818 -0.060920745500435337 0.33082391137349337 -0.087970690130614829 0.92285573369434404 -0.443107186111175
decision_type=2 2 2 2 2 2 2 2 2 2 2 2 2 2 2 2 2 2 2 2 2 2 2 2 2 2 2 2 2 2 2 2 2
left_child=26 -2 -3 4 27 -6 7 8 24 10 11 12 -9 14 -12 -15 -13 19 -19 20 -10 22 25 -24 -5 -11 29 -4 -29 30 -1 32 -23
right_child=1 2 3 6 5 -7 -8 9 17 21 13 16 -14 15 -16 -17 -18 18 -20 -21 -22 31 23 -25 -26 -27 -28 28 -30 -31 -32 -33 -34
leaf_value=0.00015777019475090147 0.00097558583437212353 -0.003104238935487023 0.00038570223880005165 -0.021382192781136455 0.0064028346073764638 -0.00034041472076309345 -0.00033895310797490183 -0.00017589598242061014 1.8800149951241338e-05 -0.00035437665563043704 0.0028431823171598748 -4.0427234705557138e-06 0.00032651697800955258 -8.4535810205034901e-05 0.00012481040687154114 0.00065899393869306682 0.00082846621124353387 -0.00013282632228876548 0.004281638984906134 -0.00079120463612537112 -0.0011548990627877286 0.00026856629445600757 -0.0070394963737992712 -0.00045399449061183728 3.8536652019089685e-05 0.00036437852691966697 -0.0010359664416633183 0.018030546260046153 -0.021793782043658175 0.00019823722119962901 0.0034925118837980974 0.0042366319860835536 -0.0013453383923369593
leaf_weight=10.999999999999998 23 18 34 27 32 7.9999999999999991 44 202 981 40 92 52 42 255 261 48 52 32 23 31 39 11.999999999999998 27 14.999999999999998 20 28 7.9999999999999991 8.0000000000000018 8.9999999999999982 11.999999999999998 20.000000000000004 8.9999999999999982 13.000000000000002
leaf_count=11 23 18 34 27 32 8 44 202 981 40 92 52 42 255 261 48 52 32 23 31 39 12 27 15 20 28 8 8 9 12 20 9 13
internal_value=0.000547876 0.000377185 0.000246033 0.00037119 0.00480104 0.0111065 0.000167767 0.00032765 -0.00060083 0.00130893 0.00191408 -8.08111e-06 -0.00244201 0.00301516 0.00515519 0.000303691 0.00505994 -0.000219506 0.00569647 -0.000601877 -0.000179155 -0.00246556 -0.0047927 -0.011939 -0.00778627 0 0.00721589 0 -0.00743994 0.00974588 0.0131255 0.00327632 0
internal_weight=2528 2477 2454 2436 91 40 2345 2301 1153 1148 1004 348 244 656 353 303 104 1106 55 1051 1020 144 110 42 47 68 51 51 17 43 31 34 25
internal_count=2528 2477 2454 2436 91 40 2345 2301 1153 1148 1004 348 244 656 353 303 104 1106 55 1051 1020 144 110 42 47 68 51 51 17 43 31 34 25
is_linear=0
shrinkage=0.060181


Tree=171
num_leaves=34
num_cat=0
split_feature=6 10 10 9 8 9 0 4 3 4 4 9 4 8 9 10 8 9 8 8 8 6 6 6 4 6 8 16 8 10 10 9 0
split_gain=0.569373 0.491433 0.907455 0.84061 0.616759 0.481147 0.470505 0.6402 1.46773 0.962694 0.939496 0.774221 0.52361 0.499914 0.494479 0.906525 0.608666 0.45283 0.448965 0.431963 1.3688 0.60848 0.475714 0.445997 0.395814 0.616306 0.372527 0.68422 0.652912 0.435944 0.555148 0.617515 0.544264
threshold=1.4525684168235262 2.1830155213269049 1.534805119639888 0.046752784369608759 -0.2996336183103655 2.3929000287221167 1.0000000180025095e-35 -0.71390802067129389 -0.96555905361503302 -0.67313318429009705 -0.8257331886913889 1.9376065079846942 -1.065849358730915 0.77545912141299056 0.779884982823846 -0.6688205967416555 0.21959181758521781 -1.0145173346674259 -0.44644187726266371 1.0368690029747964 0.13488242433578526 2.0134406695485429 2.9793873270194045 2.7924299094443992 -0.22722272278019931 4.4438870980236151 2.2556862886215261 1.0000000180025095e-35 2.0965273603614061 -0.45973591040173262 -0.1354972807334813 1.0505600594495315 3.1757630006382613
decision_type=2 2 2 2 2 2 2 2 2 2 2 2 2 2 2 2 2 2 2 2 2 2 2 2 2 2 2 2 2 2 2 2 2
left_child=1 2 5 -4 -3 6 7 8 -1 -9 12 14 18 -12 16 -16 -11 -14 -10 20 21 -2 -21 -23 25 -25 28 -28 29 32 31 -31 -8
right_child=19 4 3 -5 -6 -7 26 9 10 11 13 -13 17 -15 15 -17 -18 -19 -20 22 -22 23 -24 24 -26 -27 27 -29 -30 30 -32 -33 -34
leaf_value=0.0026984403992646464 -0.00035167166981660709 -0.00040820731024633075 0.0011551050482948634 -2.2344359176255878e-05 0.00049027827037633137 0.0020370258461573643 -1.5033149975329962e-05 0.00085045169809454908 8.0428016110516468e-05 -9.8973239208877616e-05 -0.0051636950186600304 -0.0021956049301228983 -0.0030018653355005521 -6.2740726102473529e-05 -0.0004451678470859281 0.0006203483062769457 9.8551402914034682e-05 8.1461568060931991e-05 -0.0014359355199129692 0.0064801688596327622 -0.0031737830267002036 0.0075900783554931186 -0.0063033165979331039 -0.00016146114418229507 -0.0044793520264526602 0.011478293747348952 -0.00042976683497596152 0.00017996832193593266 0.0012321604706639359 0.0050227587629188657 6.9369412187563723e-05 -0.010332635003718236 0.00050892926052331481
leaf_weight=32 37 34 30 26 34 26 423 39 25 447 52 18 12.999999999999998 19 73 95 166 146 57 18.000000000000004 26 19 9.9999999999999982 16.000000000000004 7.9999999999999991 11.999999999999998 23.000000000000004 7.9999999999999991 10.999999999999998 66 501 8.9999999999999982 8.9999999999999982
leaf_count=32 37 34 30 26 34 26 423 39 25 447 52 18 13 19 73 95 166 146 57 18 26 19 10 16 8 12 23 8 11 66 501 9 9
internal_value=0.000310157 0.000556179 0.000728299 0.00812509 -0.00424202 0.000506844 0.000378142 -0.000408475 -0.00260514 0.000432421 -0.00401339 0 -0.00185687 -0.0101215 0.00027208 0.00317283 -0.000443811 0 -0.00565731 -0.00323714 -0.00497229 -0.000659201 0.00199411 0.00261575 -7.17437e-05 0.00199411 0.00131644 -0.00442992 0.00156232 0.0013116 0.00239302 0.00730955 -6.52278e-06
internal_weight=2528 2382 2314 56 68 2258 2232 1182 344 838 312 799 241 71 781 168 613 159 82 146 118 92 28 55 36 28 1050 31 1019 1008 576 75 432
internal_count=2528 2382 2314 56 68 2258 2232 1182 344 838 312 799 241 71 781 168 613 159 82 146 118 92 28 55 36 28 1050 31 1019 1008 576 75 432
is_linear=0
shrinkage=0.060181


Tree=172
num_leaves=34
num_cat=0
split_feature=3 18 7 8 13 3 12 5 2 2 9 8 8 5 5 12 11 13 8 12 9 7 2 14 8 5 5 5 8 2 11 9 5
split_gain=0.756692 0.677741 1.04494 0.88304 0.982283 0.814688 1.00018 0.787869 0.772848 0.911931 0.78941 1.1157 1.62039 1.52844 1.03078 0.964589 0.94428 0.667968 1.0197 0.884423 0.807068 0.802558 1.85468 0.907174 0.922471 0.756337 1.50197 1.22264 0.735885 0.659624 0.649835 0.645807 0.644391
threshold=1.1481810632927465 1.0000000180025095e-35 -0.52707798496083103 0.8136468501624029 -0.31152115425675736 0.48372275356416444 0.35096141226961375 -0.17772098608836223 -0.13414512152291122 0.64722116861640167 1.665484894767759 0.11789690472362062 -0.17316260473503578 1.0263459032921827 -0.19289164315669585 1.3760688070906235 1.0133369528996188 -0.29826027241931857 -0.62290377102096295 0.86351510968011858 -1.4467498577318632 -0.043547384038842389 -0.88916812100965448 1.0000000180025095e-35 0.13488242433578526 -0.71241959964425283 0.10665614093846952 1.0263459032921827 1.4845567103040385 -0.77522766329679205 1.0000000180025095e-35 0.16865938296399649 -0.75438407188518264
decision_type=2 2 2 2 2 2 2 2 2 2 2 2 2 2 2 2 2 2 2 2 2 2 2 2 2 2 2 2 2 2 2 2 2
left_child=1 5 3 4 -3 8 -7 -8 17 10 11 12 32 15 -14 16 -13 18 20 25 -1 22 -20 24 29 -19 31 -28 -26 -23 -29 -27 -10
right_child=-2 2 -4 -5 -6 6 7 -9 9 -11 -12 13 14 -15 -16 -17 -18 19 21 -21 -22 23 -24 -25 28 26 27 30 -30 -31 -32 -33 -34
leaf_value=-0.00027386593802834882 -0.0001244300383383566 -0.001091900567626177 1.9704924036100442e-06 0.0040836649158634665 6.0989629557919639e-06 0.00056365347294866038 7.9345029833988382e-05 -0.029303343855388683 0.00074469709209764776 0.00011493657191652277 0.0010898086977977519 -0.0044294497039930629 0.0067259581463594183 0.022114705723473536 -0.00035161419348572531 0.0038756495356251195 0.00051000182962903783 -0.0053875978358509319 -0.011731185481226016 0.00079430412476579353 0.00049016637431113222 0.00055411658353669597 -4.3639102717634122e-05 -0.0021043160972121326 0.0033078328275916104 0.006492592500452303 -0.0084749267779315064 0.0029972661306872728 4.401233464640729e-05 -0.0012201054393756578 -0.0010988458907639593 -0.00029936896722201136 -0.00050202469162007903
leaf_weight=13.999999999999998 349 46 770 11.999999999999998 19 167 47 12.999999999999998 32 159 24 77 23 7.9999999999999991 11.999999999999998 8.9999999999999982 12.999999999999998 14.999999999999998 22 47 76 41 109 42 53 39 18 20.000000000000004 33 28 9.9999999999999982 13.999999999999998 167
leaf_count=14 349 46 770 12 19 167 47 13 32 159 24 77 23 8 12 9 13 15 22 47 76 41 109 42 53 39 18 20 33 28 10 14 167
internal_value=0.000238841 0.000676841 -0.000604723 -0.00712818 -0.0101295 0.00153413 0.00484028 -0.000990852 0.000789701 -0.000803838 -0.00253835 -0.00341369 -0.000771806 -0.00845942 0.0102066 -0.0108786 -0.012889 0.00232108 0.000863197 0.00561599 0.00645966 -0.000553022 -0.00426852 0.00166416 0.00400205 0.00203643 0.00434207 -0.00238747 0.00809129 -0.000453581 0.00366631 0.0112137 -0.00313292
internal_weight=2528 2179 847 77 65 1332 227 60 1105 524 365 341 234 107 35 99 90 581 418 163 90 328 131 197 155 116 101 48 86 69 30 53 199
internal_count=2528 2179 847 77 65 1332 227 60 1105 524 365 341 234 107 35 99 90 581 418 163 90 328 131 197 155 116 101 48 86 69 30 53 199
is_linear=0
shrinkage=0.060181


Tree=173
num_leaves=34
num_cat=0
split_feature=3 6 8 9 9 8 3 8 3 10 0 9 9 10 10 3 2 2 2 8 0 0 2 2 2 17 9 6 6 2 11 6 10
split_gain=0.630803 0.978886 0.875254 0.752578 0.686844 0.67426 0.918519 0.94816 0.656006 0.60946 0.545748 0.515285 0.477379 0.720575 0.505813 0.492137 0.464541 0.464475 0.445948 0.964439 0.717554 0.565721 0.647381 0.799012 0.516287 0.507691 1.28053 0.848923 0.866416 0.859603 0.79817 1.14385 1.14057
threshold=1.1481810632927465 0.98517487288601269 1.0498510008212814 -1.2840401262390628 -0.61195729094461826 -0.22426487692684852 1.9787147290791001 -0.496476567162423 2.1689182909099038 0.83496921589534823 4.2558556772982268 -0.46672971087649046 1.77894466222171 -0.19045392216237678 -0.82620848536448277 -0.50081561275691477 0.060688580776166214 0.035010129939778256 0.55508618525407305 1.5346096333314194 1.01557764731833 1.0000000180025095e-35 1.5163082970999626 0.63817163104118435 0.56382592264061604 1.0000000180025095e-35 -1.4222159022248613 -0.32352705013902566 0.42430262016099612 -0.44927568813307794 1.2129408033694828 -0.41700575892652841 0.77502130564044591
decision_type=2 2 2 2 2 2 2 2 2 2 2 2 2 2 2 2 2 2 2 2 2 2 2 2 2 2 2 2 2 2 2 2 2
left_child=10 2 5 -3 -5 6 7 -2 -8 -4 12 -7 18 14 17 -15 -16 -14 25 20 21 -20 23 24 -23 26 27 29 -29 -1 31 -28 -32
right_child=1 3 9 4 -6 11 8 -9 -10 -11 -12 -13 13 15 16 -17 -18 -19 19 -21 -22 22 -24 -25 -26 -27 30 28 -30 -31 32 -33 -34
leaf_value=0.0027889916249178434 -4.8731569409980882e-05 0.00036528366104946684 -0.00041918295295730414 -0.0005301885331420198 -0.00039841956030672274 -0.00029812746635102103 0.0040516802535019367 -0.0019967135387000761 3.3362877089473976e-05 7.5349971204292349e-05 0.00077800434228193934 0.00093932048921055412 0.0049237954350292625 8.5349515709872984e-05 -0.0018756893440576284 0.0029050700941444752 0.0014208914123270801 -3.2155131211055109e-05 7.5909981588593456e-05 0.00071774305126992869 0.0094088177112534154 -0.0053317129136888032 0.0045492025009694053 -0.00029367664404420109 0.0012862366650460671 -5.9911577209591074e-05 -1.8007643851618155e-05 -0.0041927935722285868 -0.00033931623609245439 -0.0016115696566643494 -0.0012154900889388128 0.00022392005377598896 5.4929873445799495e-05
leaf_weight=18 58 13.999999999999998 24 24 90 18 11.999999999999998 17 26 7.9999999999999991 11.999999999999998 58 15.000000000000002 19 18.000000000000004 29 9.9999999999999982 11.999999999999998 151 39 12.999999999999998 11.999999999999998 11.999999999999998 100 21 592 487 20 20 18 66 431 64
leaf_count=18 58 14 24 24 90 18 12 17 26 8 12 58 15 19 18 29 10 12 151 39 13 12 12 100 21 592 487 20 20 18 66 431 64
internal_value=2.48942e-05 -0.00231218 0 -0.00642362 -0.00821176 0.00173328 -0.000798538 -0.00501268 0.00585435 -0.0085312 0.000428684 0.00608372 0.000320152 0.00426061 0 0.00938469 -0.00580254 0.00500892 8.86941e-05 0.00206202 0.000682892 0 -0.00265146 -0.00420603 0.00254378 -0.000281628 0.000429485 -0.00683972 -0.0124867 0 0.0010328 0.00170089 -0.00317436
internal_weight=2528 349 221 128 114 189 113 75 38 32 2179 76 2167 103 55 48 28 27 2064 348 309 296 145 133 33 1716 1124 76 40 36 1048 918 130
internal_count=2528 349 221 128 114 189 113 75 38 32 2179 76 2167 103 55 48 28 27 2064 348 309 296 145 133 33 1716 1124 76 40 36 1048 918 130
is_linear=0
shrinkage=0.060181


Tree=174
num_leaves=34
num_cat=0
split_feature=9 3 4 18 15 4 3 4 11 4 8 9 9 3 4 4 6 11 8 8 6 17 5 11 9 8 8 5 9 4 3 12 4
split_gain=0.716058 0.737951 1.2778 0.68124 0.978119 1.21116 1.06289 1.04127 0.839009 1.11993 1.1794 1.03225 1.40021 1.5813 1.30949 1.27235 0.925767 0.749787 0.706993 1.07349 0.997447 0.81718 0.688504 0.675331 0.674767 0.662759 0.775655 0.648094 0.833378 0.640224 1.2145 0.952775 1.28554
threshold=-2.1725784022950703 1.1481810632927465 -0.46255576051341812 1.0000000180025095e-35 0.88625919121491659 0.9879876948050127 -0.76968480025317765 -1.1325320055568409 -0.38389000038943 -0.34944362648252031 0.90036442985009868 0.75511034059598547 -0.35619009699338661 -0.7272595610743573 0.81010121838454696 0.15273301029069922 -0.44816532852236268 2.2109600557188034 -0.083259600334711234 -0.35027893709483898 -0.79092059407653936 1.0000000180025095e-35 -0.30461850286022202 0.21492155102016219 1.665484894767759 1.3163080085722345 1.1312107870041233 -0.92745727058675242 0.34603841260129015 -0.3200211250365545 0.55603974827788982 1.0000000180025095e-35 0.40070406158625554
decision_type=2 2 2 2 2 2 2 2 2 2 2 2 2 2 2 2 2 2 2 2 2 2 2 2 2 2 2 2 2 2 2 2 2
left_child=-1 3 23 17 7 6 -6 -5 16 10 27 12 13 -11 -14 -13 18 29 19 21 -20 -9 -18 -3 -17 26 -4 -10 -29 -2 31 -31 -33
right_child=1 2 25 4 5 -7 -8 8 9 11 -12 15 14 -15 -16 24 22 -19 20 -21 -22 -23 -24 -25 -26 -27 -28 28 -30 30 -32 32 -34
leaf_value=0.0015857336856183472 -2.3821967610552163e-05 0.0013283479241883505 -0.00021057456716328836 -0.0064086686743276581 0.00043136173790113283 0.00026703239429892652 -0.0045571887933775661 -0.00041152305222891684 -0.0014518245460097899 -0.0047874211002907627 0.0042191278844630796 -0.0038997602201303115 0.0011444135190840812 4.4007559580529815e-05 -8.8496563976348222e-05 0.0006088457198237284 0.00035457436095146069 0.0024421132685234579 0.00025653281320230423 -0.0022717844570558057 -0.00027945224099679866 0.0010459260760019981 -0.00026869798258915699 -0.00021090128886218178 -0.011160516028171669 3.6311491364054302e-05 -0.013487243607423699 0.00030456456323436275 -8.0989595475483477e-05 -2.8590901719021451e-05 0.0024749496176530959 0.0045882814658372182 3.3054836906890664e-05
leaf_weight=20 720 56 212 11.999999999999998 23 27 62 92 11.999999999999998 19 30 34 49 57 47 26 27 29 76 36 34 27 19 33 7.9999999999999991 30 12.999999999999998 91 33 325 62 73 114
leaf_count=20 720 56 212 12 23 27 62 92 12 19 30 34 49 57 47 26 27 29 76 36 34 27 19 33 8 30 13 91 33 325 62 73 114
internal_value=-7.2438e-05 -0.000192821 -0.00277827 0.000195658 -0.00110779 -0.00627151 -0.00988064 -0.000209245 4.57003e-05 0.00191696 0.00569406 -0.000505752 0.00172972 -0.00381571 0.00667474 -0.00676342 -0.00220888 0.00106821 -0.00370742 -0.0062787 0 -0.00272288 0.00491018 0.00295511 7.55595e-05 -0.00501435 -0.0061989 0.00260685 0.00426687 0.000790625 0.00229711 0.0011727 0.00459311
internal_weight=2528 2508 344 2164 841 112 85 729 717 406 166 240 172 76 96 68 311 1323 265 155 110 119 46 89 34 255 225 136 124 1294 574 512 187
internal_count=2528 2508 344 2164 841 112 85 729 717 406 166 240 172 76 96 68 311 1323 265 155 110 119 46 89 34 255 225 136 124 1294 574 512 187
is_linear=0
shrinkage=0.060181


Tree=175
num_leaves=34
num_cat=0
split_feature=10 16 9 10 9 13 10 9 14 2 4 11 13 8 2 9 2 8 8 9 13 4 9 3 11 9 11 3 4 9 3 13 10
split_gain=0.531478 0.567887 0.519263 0.615037 1.1626 0.772879 0.691918 0.904064 0.779703 0.578589 0.871386 0.851201 0.55516 0.550572 0.488781 0.762637 1.29122 1.04272 0.88606 1.07342 0.734551 0.73356 0.731838 0.877743 0.833681 0.71798 0.702869 1.03383 0.958824 0.696691 1.04362 0.686405 0.667464
threshold=2.1830155213269049 1.0000000180025095e-35 -1.8434538776396288 1.534805119639888 0.046752784369608759 -0.16302593984544037 1.162947861247704 0.22142730426787002 -0.738224098466287 0.25206256138823352 0.67095564731523882 -1.0000000180025095e-35 0.018297846400106201 -0.14443252565839587 -0.88916812100965448 -0.39765087737398219 -0.85792790671072339 -1.3701753745752276 -1.1943677709397253 -0.36051699281500099 0.035199420090904911 0.095777543781269167 -0.4869254981046372 -0.20245104142657885 -0.38389000038943 1.0284094218146742 0.41452540149002631 -0.11577925463464463 -0.90963647092959699 -1.4222159022248613 -0.39162648258948857 0.89463944681923369 -1.2150206533213759
decision_type=2 2 2 2 2 2 2 2 2 2 2 2 2 2 2 2 2 2 2 2 2 2 2 2 2 2 2 2 2 2 2 2 2
left_child=2 -2 9 6 5 -5 14 8 -8 10 11 -1 13 -9 21 16 -16 -18 20 -20 -17 22 29 25 -25 31 28 -28 -19 -4 -31 -24 -21
right_child=1 -3 3 4 -6 -7 7 12 -10 -11 -12 -13 -14 -15 15 18 17 26 19 32 -22 -23 23 24 -26 -27 27 -29 -30 30 -32 -33 -34
leaf_value=0.0043438281168424473 -0.00014769185182551966 0.0077767783913926906 -0.0035420882494212251 0.0042935488442981508 -0.00020567799657298511 1.980635369336575e-05 8.0710526068010153e-06 -0.00067666947561487471 -0.00069517813111695146 0.0017622504374918389 -0.0035791967102559944 -0.00030087853524426729 -0.0015647588606269118 0.00078502798738800262 0.00026059777696584528 -0.0049878186342405297 0.0025701043804386 0.00024233402036972015 0.00323700907905975 0.0003551854230690777 3.39352201767945e-05 0.0001172950038054306 -0.0025393621306114326 -0.0045540741679538877 0.0010926497384763404 2.6710830452599777e-05 -0.00046145043480522093 0.00055881322329829524 -0.00032824247670143377 0.0023199466959866206 -0.0005687199216208226 0.00016292657606178945 5.2555418741679536e-05
leaf_weight=15 69 9.9999999999999982 12.999999999999998 19.000000000000004 29 9.9999999999999982 14.999999999999998 10.999999999999998 80 35 11.999999999999998 15 15.999999999999998 31 11.999999999999998 15.999999999999998 20 40 30 148 17 135 108 9.9999999999999982 26 36 42 126 361 47 13.999999999999998 17 943
leaf_count=15 69 10 13 19 29 10 15 11 80 35 12 15 16 31 12 16 20 40 30 148 17 135 108 10 26 36 42 126 361 47 14 17 943
internal_value=-1.12235e-06 -0.00476995 0.000136115 -1.19605e-06 0.00590751 0.0139307 -0.000182994 -0.00405316 -0.00765793 0.00488831 0 0.00545719 0.00102302 0.00534086 7.08184e-05 0.000532039 -0.00114938 -0.00168043 0.00145811 0.00179521 -0.00747608 -0.00177003 -0.00362641 -0.00556414 0.00159131 -0.00751227 -0.00226462 0.000717951 -0.00365116 0.0008121 0.00423588 -0.00961518 0.00140458
internal_weight=2528 79 2449 2372 58 29 2314 153 95 77 42 30 58 42 2161 1755 601 589 1154 1121 33 406 271 197 36 161 569 168 401 74 61 125 1091
internal_count=2528 79 2449 2372 58 29 2314 153 95 77 42 30 58 42 2161 1755 601 589 1154 1121 33 406 271 197 36 161 569 168 401 74 61 125 1091
is_linear=0
shrinkage=0.060181


Tree=176
num_leaves=34
num_cat=0
split_feature=7 2 8 4 4 4 7 7 7 7 8 8 7 5 4 7 13 4 4 12 13 5 12 1 5 1 13 4 4 4 2 14 8
split_gain=0.624483 1.20207 0.876123 1.33586 0.982437 0.88143 1.01308 0.943913 0.813342 0.747392 0.848576 1.08525 0.720542 0.798625 0.719426 0.716683 0.741247 0.92235 0.846748 0.693526 0.683654 0.748407 0.673692 1.34035 0.577748 0.559262 0.8541 1.12455 1.69471 1.5057 0.966318 0.834142 1.56263
threshold=0.22982680729514457 -1.0926664455981683 0.65899364800738247 0.73798823501213617 -0.8449695640460565 -0.27173106901116995 0.35199089904751929 0.48098934558324596 0.5339555951542051 0.80562119779235386 1.1072252327686951 -0.60938565582620374 0.30585900425990969 0.44688960050440735 -1.1202702329260072 2.6338111023383912 -0.12793924813453814 -1.0433943353064836 2.0977339931117283 -0.67414598255139557 0.77864851762156062 -0.88907340719791239 -0.67414598255139557 1.0000000180025095e-35 -0.51104446484713961 1.0000000180025095e-35 2.2738243745509061 -0.72546521396985353 -0.78827056907638016 -0.10827803855716224 0.090541694222074115 1.0000000180025095e-35 -0.77216774719219738
decision_type=2 2 2 2 2 2 2 2 2 2 2 2 2 2 2 2 2 2 2 2 2 2 2 2 2 2 2 2 2 2 2 2 2
left_child=25 9 4 20 14 7 12 -6 19 -2 11 -11 -7 -14 -3 16 17 -13 -19 -8 21 -4 -10 -24 -12 26 27 28 -1 31 -31 -29 -33
right_child=1 2 3 -5 5 6 8 -9 22 10 24 15 13 -15 -16 -17 -18 18 -20 -21 -22 -23 23 -25 -26 -27 -28 29 -30 30 -32 32 -34
leaf_value=-0.00022930427023853251 -0.00017839039729853219 -0.0019659086795124482 -0.0008735814156756416 -5.6353575678337005e-05 9.8049975453159645e-06 4.3350571740197927e-05 8.0334653336626058e-05 -0.00041945988575338851 0.0013110633909594646 -0.00022700159555042639 0.00062289243600742038 -0.00031955009043427312 -0.0065579376532483614 0.0045238642666263918 0.0010290275432463607 -0.0012644835218808585 -0.00017797598904970198 0.0016525941124351069 0.0017121236170423431 0.00068269797247363299 -0.0065877088050778736 0.001072378745117534 0.0012761835598919635 -0.0027746352241554422 -0.0012703333767946124 7.9308712378434817e-06 -0.0033062209951892543 3.1325539501486106e-06 -0.015975939401091224 2.7638125041787992e-05 -0.00089206517209848666 -0.0019494093945391139 0.002591447370309332
leaf_weight=118 96 11.999999999999998 7.9999999999999991 40 72 60 30 62 51 55 8.9999999999999982 13.999999999999998 21.000000000000004 7.9999999999999991 100 11.999999999999998 10.999999999999998 53 13.999999999999998 44 9.9999999999999982 95 30 38 40 1015 21 147 21 51 81 25 64
leaf_count=118 96 12 8 40 72 60 30 62 51 55 9 14 21 8 100 12 11 53 14 44 10 95 30 38 40 1015 21 147 21 51 81 25 64
internal_value=4.86661e-05 0.00125081 0.00268529 0.00674317 0.00136382 0 0.00190638 -0.00395679 0.00445294 -0.00177004 1.34277e-05 0.00242317 -0.00295511 -0.0102391 0.00627151 0.0061785 0.00821297 0.0103478 0.013252 0.00934245 0.0100886 0.0115995 0.000759459 -0.00256108 -0.0063462 -0.000682792 -0.00226947 -0.00159671 -0.00613913 7.64618e-06 -0.00490274 0.00302588 0.00750423
internal_weight=2528 985 681 153 528 416 282 134 193 304 208 159 89 29 112 104 92 81 67 74 113 103 119 68 49 1543 528 507 139 368 132 236 89
internal_count=2528 985 681 153 528 416 282 134 193 304 208 159 89 29 112 104 92 81 67 74 113 103 119 68 49 1543 528 507 139 368 132 236 89
is_linear=0
shrinkage=0.060181


Tree=177
num_leaves=34
num_cat=0
split_feature=1 10 9 2 5 5 5 4 9 11 9 11 10 9 2 9 10 2 5 4 9 5 9 2 9 5 2 10 9 9 9 2 5
split_gain=0.591686 0.88633 0.686822 1.24518 0.800317 0.732245 1.14661 1.03041 1.31713 0.956318 0.863531 0.783628 0.741953 0.723964 0.650593 0.729064 0.688743 0.566835 1.00264 0.826487 1.38415 1.11699 0.750477 0.69861 0.580806 0.934328 0.803776 0.703986 0.693607 0.672252 0.724136 0.753744 0.792405
threshold=1.0000000180025095e-35 2.0266306395132507 0.74186853447891854 -0.75709476777381479 0.33087056517641972 -0.45172830697472011 -0.5752718238428508 1.0810715203448795 1.3305827584955294 0.41452540149002631 1.5943184536112136 -0.38389000038943 0.90229293414462564 0.69473116081123365 -0.85792790671072339 1.0093196023743205 0.56447663308300278 0.16666499774008839 -0.73026865548599929 -0.2887628749238787 -0.58575692104737143 -0.97059567761952081 1.0093196023743205 0.93604018267920719 0.96698680918639746 -0.14992811538447101 -0.053094940658900545 1.0062251124529409 0.80332977614271217 0.60027742094848002 -0.53338898857678874 -0.88916812100965448 0.41574487907995461
decision_type=2 2 2 2 2 2 2 2 2 2 2 2 2 2 2 2 2 2 2 2 2 2 2 2 2 2 2 2 2 2 2 2 2
left_child=17 2 13 4 14 6 9 12 -9 10 -5 -8 -7 -2 15 -4 -17 24 19 21 -21 -19 -20 -24 28 27 -27 -26 29 30 -1 32 -32
right_child=1 -3 3 5 -6 7 11 8 -10 -11 -12 -13 -14 -15 -16 16 -18 18 22 20 -22 -23 23 -25 25 26 -28 -29 -30 -31 31 -33 -34
leaf_value=-0.00021284666871897978 1.2281549093860056e-05 -0.00013928089785016694 -0.0027879720394745258 -0.00017851484790215656 -0.0045930427261468808 0.0017151066565306652 0.0012586152104576355 0.0015551133075713472 -0.0035286388536447219 0.0037686310767642774 0.00026762373107856605 -0.0020829974890186694 2.1719371732145476e-05 -0.011615599423852143 -0.0027784886535394079 0.00021755867780984394 0.0041054789470271903 -4.9090432797443411e-05 -0.00058016271107558465 0.0028561831794673195 -0.0055700689121107091 0.0079157243552594823 -0.00046737610543948996 0.01076228132989872 -0.00098906672223396212 -0.00030133196144130385 0.01606300506830528 0.0021187243578495965 0.0013150508107837387 -0.0055065829962073383 -0.0023040298158323834 0.00079756142183019698 0.00018519662616305535
leaf_weight=141 1265 59 9.9999999999999982 46 27 89 8.9999999999999982 34 22 28 14.999999999999998 24 18 9.9999999999999982 7.9999999999999991 17.000000000000004 11.999999999999998 26 191 11.000000000000002 13.999999999999998 24 18.000000000000004 9.9999999999999982 49 42 7.9999999999999991 11.999999999999998 23 24 49 157 36
leaf_count=141 1265 59 10 46 27 89 9 34 22 28 15 24 18 10 8 17 12 26 191 11 14 24 18 10 49 42 8 12 23 24 49 157 36
internal_value=-1.12235e-06 0.000622425 0.00092047 0.00324423 -0.00313856 0.00511869 0.000980886 0.00778331 4.76703e-05 0.00490473 0 -0.00747608 0.01118 0.000214027 0.000650773 0.00501066 0.0102391 -0.00133101 -0.00344726 0.0019502 -0.00535914 0.00678916 -0.00555493 0.00199411 -6.04693e-05 -0.0039632 0.0011757 -0.00889355 0.000839308 8.02034e-05 0.000863511 0.00295196 -0.00105089
internal_weight=2528 1693 1634 359 74 285 122 163 56 89 61 33 107 1275 47 39 29 835 294 75 25 50 219 28 541 111 50 61 430 407 383 242 85
internal_count=2528 1693 1634 359 74 285 122 163 56 89 61 33 107 1275 47 39 29 835 294 75 25 50 219 28 541 111 50 61 430 407 383 242 85
is_linear=0
shrinkage=0.060181


Tree=178
num_leaves=34
num_cat=0
split_feature=6 8 8 5 8 8 5 8 7 13 11 7 15 7 13 6 7 5 6 8 8 5 13 5 7 11 11 6 5 11 7 11 11
split_gain=0.725656 1.01871 0.921542 0.927834 0.509163 0.945783 0.598041 0.481191 0.444376 0.641111 0.945746 0.83404 1.23219 1.21479 1.00159 1.18503 1.72594 0.881808 1.1075 0.798712 0.776127 0.734729 0.634599 0.569716 0.774225 0.513904 0.654565 0.509396 0.453573 0.426487 0.630161 0.581702 0.481034
threshold=1.0474940120776812 -1.0573722555090628 -1.3701753745752276 0.69183284555995572 1.6668750589913373 0.093353487690607015 -0.60793512424481266 -1.3157176291712498 -2.3911482521194523 0.89463944681923369 1.4125446538393469 -0.91236473587216793 0.88625919121491659 -0.77226046281349958 -0.32018895424162247 -0.16772920215985451 -0.020481436645036346 -1.0186951952877981 0.26850477218182484 0.74137515444582525 -0.5398630235360079 -0.38867173438960728 -0.055893873494145145 -0.65606319934467983 0.47330069645197731 -0.18428614991956593 -0.98270155179902219 0.76705788571517286 0.5492507118188209 1.4125446538393469 -1.4471529976692799 0.8137331024297545 0.21492155102016219
decision_type=2 2 2 2 2 2 2 2 2 2 2 2 2 2 2 2 2 2 2 2 2 2 2 2 2 2 2 2 2 2 2 2 2
left_child=2 -2 3 -1 5 29 -6 -4 27 11 23 12 19 20 17 16 -16 18 -15 22 -13 -17 -10 -11 28 26 -26 -9 -25 30 -3 32 -32
right_child=1 4 7 -5 6 -7 -8 8 9 10 -12 13 -14 14 15 21 -18 -19 -20 -21 -22 -23 -24 24 25 -27 -28 -29 -30 -31 31 -33 -34
leaf_value=0.00070327415891080079 -0.00057512233677736941 0.00031936921512133802 -0.0013658347839195651 -0.0017894542761613397 -0.0013492342983096367 -0.00026427903734814484 0.01545672961162284 -0.0073223332865116897 0.0010619257241274134 -4.3047183354547592e-05 -0.0060112020402060583 0.00049650133074595612 -0.0026012153795530765 0.00072081628750601595 -0.0022772651950174307 0.0002127368503701112 -5.1478221940231273e-05 7.4000315071090118e-06 -0.0065251767403220395 -7.6720058979047365e-05 -0.0024411314315237308 -0.00023372628158843686 -2.4609801302307747e-07 0.0010334457530617343 0.0005488372061884058 0.0007455161466589544 -0.017821280403725173 0.0018553671085006524 -3.132848318676862e-05 0.0010533786657475311 -0.00034307814115047626 -0.0019802707224151617 0.0048050698978884619
leaf_weight=52 28 22 15.999999999999998 11.999999999999998 10.000000000000002 88 10.999999999999998 24 63 31 12.999999999999998 17 23 41 68 78 161 1338 11.999999999999998 20 36 71 10.999999999999998 87 13.000000000000002 17 15.999999999999998 11.999999999999998 15.999999999999998 61 19 23 18
leaf_count=52 28 22 16 12 10 88 11 24 63 31 13 17 23 41 68 78 161 1338 12 20 36 71 11 87 13 17 16 12 16 61 19 23 18
internal_value=-9.62099e-05 -0.00298083 0.000241814 0.0071636 -0.00142379 -0.00244906 0.0062304 1.29884e-06 0.000112159 0.000254949 0.00353463 -4.7932e-05 0.00476402 -0.000397136 -8.64794e-05 -0.00284614 -0.00557485 0.000627752 0.00802412 0.00804468 -0.00908731 0.00100452 0.0108934 0.00493211 0.00652556 0 -0.00470166 -0.00614999 0.00934136 0.000224631 -0.00214224 -0.00572175 0
internal_weight=2528 280 2248 64 252 231 21 2184 2168 2132 193 1939 117 1822 1769 378 229 1391 53 94 53 149 74 180 149 46 29 36 103 143 82 60 37
internal_count=2528 280 2248 64 252 231 21 2184 2168 2132 193 1939 117 1822 1769 378 229 1391 53 94 53 149 74 180 149 46 29 36 103 143 82 60 37
is_linear=0
shrinkage=0.060181


Tree=179
num_leaves=34
num_cat=0
split_feature=6 3 10 1 7 7 12 7 7 6 7 3 15 4 10 4 4 10 4 4 11 15 4 4 11 10 10 4 6 6 6 6 4
split_gain=0.571832 0.768755 0.620827 0.603184 0.755251 0.983342 0.712993 1.27759 1.10674 0.788235 1.02546 0.991541 0.952544 0.880656 0.821686 0.685697 0.648979 0.644098 0.706561 0.812575 0.648375 0.965921 0.641032 0.991927 0.784079 0.628924 0.622363 0.954507 0.928692 0.600446 0.588208 0.580719 0.620962
threshold=1.0474940120776812 0.67681202699394538 0.1485011051567631 1.0000000180025095e-35 0.35199089904751929 0.45450622079776465 1.0000000180025095e-35 0.69883440430251642 0.29048170599737361 0.14386649379848784 0.22213815816387586 -0.16337338886514416 0.88625919121491659 -0.40884383811588809 -0.89582168190269729 -0.5095043775246294 -0.10170128139405034 0.84825168317217503 -0.9625870330822931 -0.86327429903015929 1.612148504309211 1.0000000180025095e-35 0.11380177676635071 1.1793166651869587 0.21492155102016219 -1.0118835711607679 2.3570608247742952 -0.82932749882957124 0.17502606339432206 -1.0713567204390475 -0.32352705013902566 0.33082391137349337 -0.45943617856392249
decision_type=2 2 2 2 2 2 2 2 2 2 2 2 2 2 2 2 2 2 2 2 2 2 2 2 2 2 2 2 2 2 2 2 2
left_child=3 -2 -3 4 16 -6 26 8 9 10 12 -11 -8 15 -15 -13 17 18 -1 -20 21 -19 24 -24 25 -7 27 -5 -28 -29 -23 32 -21
right_child=1 2 -4 6 5 22 7 -9 -10 11 -12 13 -14 14 -16 -17 -18 20 19 31 -22 30 23 -25 -26 -27 28 29 -30 -31 -32 -33 -34
leaf_value=-0.0042373085384750748 3.5382225293409899e-05 7.7309290967804448e-06 -0.0003753550404910419 0.00079359803496279661 0.0031170990710159998 0.00083651712471289154 0.00015770729576731137 -9.3053875687265341e-05 0.00037868253494378158 -0.00049474082844331094 -0.0022916052812124656 0.00066546388831525592 -0.0001447973892965504 -3.160996634650925e-05 0.0036066247802860117 -0.00059910835681186055 -0.00077007718291135163 -0.00099236956542541471 0.0095007345455067112 -1.3665678950779298e-07 0.00060841121090122899 0.000217866498676242 0.0041334826947141022 2.6757378442725631e-05 0.00021286947581151814 -0.0021658163650312492 -0.0022914699168212062 -0.0003301767005389708 0.00030289592753811805 6.4154159130128165e-06 -0.0025245009434626772 -0.00016011028353262713 0.0042057105109792403
leaf_weight=43 114 51 115 96 18 11.999999999999998 114 127 116 38 24 61 42 7.9999999999999991 24 17 146 30 20 70 7.9999999999999991 7.9999999999999991 25 56 52 81 17 112 15.999999999999998 709 26 88 44
leaf_count=43 114 51 115 96 18 12 114 127 116 38 24 61 42 8 24 17 146 30 20 70 8 8 25 56 52 81 17 112 16 709 26 88 44
internal_value=0.000167526 -0.00234423 -0.0049844 0.000509095 -0.00086879 0.00171285 0.0012058 0.00288515 0.00444324 0.00236787 -1.54754e-05 0.0055762 0.00152606 0.0085009 0.0169826 0.00372219 -0.00229383 -0.000626753 0.000570705 0.00214663 -0.00560959 -0.0080538 0.000274483 0.00465719 -0.00184151 -0.00532461 0.000129198 0.00049337 -0.00747608 -0.000112918 -0.014479 0.000599226 0.00360623
internal_weight=2528 280 166 2248 727 244 1521 571 444 328 180 148 156 110 32 78 483 337 265 222 72 64 226 81 145 93 950 917 33 821 34 202 114
internal_count=2528 280 166 2248 727 244 1521 571 444 328 180 148 156 110 32 78 483 337 265 222 72 64 226 81 145 93 950 917 33 821 34 202 114
is_linear=0
shrinkage=0.060181


Tree=180
num_leaves=34
num_cat=0
split_feature=1 2 11 8 5 2 2 8 8 5 7 8 12 2 7 8 8 11 11 7 5 8 4 2 2 5 2 3 8 11 5 15 5
split_gain=0.511559 0.760177 0.592135 0.678898 0.653993 0.706705 1.02573 0.988788 0.842394 0.733045 0.577 0.683428 0.599706 1.36851 0.625272 1.03115 1.20224 0.937835 1.08289 1.21834 1.14486 0.941933 0.616375 0.602636 0.807519 0.584468 0.654477 0.717717 0.566736 0.535622 1.5561 1.27416 1.63137
threshold=1.0000000180025095e-35 2.2431052561450411 1.612148504309211 0.13488242433578526 -1.0186951952877981 0.15429639164412573 1.0239687373611597 -1.1073008537514022 0.47793573350732826 -0.0073473355500293493 1.0738696230388285 0.90036442985009868 1.0000000180025095e-35 -1.1595629947104646 -0.7696975797697434 0.11789690472362062 -0.46093656480603734 1.0133369528996188 0.61412925195989043 0.5339555951542051 -0.43869218466661714 0.11789690472362062 1.8141191665016148 0.052486513137856058 1.386494201884249 0.47686764340055127 -1.3065341679565694 -0.53639041784214958 0.99073876124515337 -0.18428614991956593 -0.32913989266169175 1.0000000180025095e-35 -0.2667915560105833
decision_type=2 2 2 2 2 2 2 2 2 2 2 2 2 2 2 2 2 2 2 2 2 2 2 2 2 2 2 2 2 2 2 2 2
left_child=1 2 4 -4 -1 29 7 -7 -9 -10 12 25 13 28 15 16 23 18 19 -16 -20 -21 -15 -14 -25 26 27 -12 -2 31 -31 -6 -33
right_child=10 -3 3 -5 5 6 -8 8 9 -11 11 -13 14 22 17 -17 -18 -19 20 21 -22 -23 -24 24 -26 -27 -28 -29 -30 30 -32 32 -34
leaf_value=0.00013218573075504837 0.0036552447683971131 -0.00050755341912080544 0.00097462957756973289 -0.0016265273733665718 0.00010982734366880057 0.004113025494754439 0.00031181439450966039 -0.0027206452502563034 0.00019926621944422909 -0.0092843675760991944 8.6434479293638286e-05 0.00034348910486565603 0.0014476587463911426 5.9930822330286499e-07 0.00014972510201770729 -0.00033399017934983586 0.0029733595370830318 0.00069670582613841402 -0.00076087137579633523 -0.0084363810060832656 0.00028068554390124102 0.0001936602549095571 -0.00075107670320780117 -0.0022949370192007243 0.00034251672244807631 -0.001066732355053492 0.0019168794207167564 -0.00019441357797855943 -0.00069995330131274571 -0.00042719084246073196 0.0012706798263887613 0.00019396108253818203 -0.0027834700515105238
leaf_weight=51 30 24 30 14.999999999999998 111 10.999999999999998 59 100 39 9.9999999999999982 23 45 9.9999999999999982 887 296 36 26 86 14.999999999999998 26 22 18 29 14.000000000000002 7.9999999999999991 61 32 14.999999999999998 13.999999999999998 121 140 46 78
leaf_count=51 30 24 30 15 111 11 59 100 39 10 23 45 10 887 296 36 26 86 15 26 22 18 29 14 8 61 32 15 14 121 140 46 78
internal_value=0.000143754 -0.00104396 -0.000631447 0.00563029 -0.00109845 -0.00163702 -0.00447354 -0.00700642 -0.00849736 -0.000626031 0.000764311 -0.00236135 0.00116939 0.000190311 0.0027425 -0.00126228 0.00297682 0.00368192 0.00214208 0.00333605 -0.0067396 -0.00511647 -0.000264859 -0.00346036 -0.00951272 -0.00471562 -3.86031e-05 -0.00585435 0.0101733 -0.000246602 0.00148908 -0.00240801 -0.00662498
internal_weight=2528 835 811 45 766 715 219 160 149 49 1693 176 1517 960 557 94 58 463 377 340 37 44 916 32 22 131 70 38 44 496 261 235 124
internal_count=2528 835 811 45 766 715 219 160 149 49 1693 176 1517 960 557 94 58 463 377 340 37 44 916 32 22 131 70 38 44 496 261 235 124
is_linear=0
shrinkage=0.060181


Tree=181
num_leaves=34
num_cat=0
split_feature=3 3 7 9 7 5 0 7 8 8 17 9 17 12 8 3 7 17 5 0 13 8 8 7 5 3 5 12 5 8 0 3 15
split_gain=0.683998 0.875696 1.30075 0.839885 1.27342 1.06003 0.797532 0.679203 0.637134 0.717301 0.844677 0.844751 0.978757 0.94304 0.903913 0.896242 0.706546 0.559455 0.554474 0.548829 0.708437 1.22953 1.20856 1.14207 0.787939 0.736708 0.531688 0.675705 0.653683 0.952931 0.530276 0.550115 0.514949
threshold=-1.0084583183143951 -0.81546589321531082 1.7581593957217145 -0.88317126183255279 0.34344795556833269 -0.31121947047492332 1.01557764731833 0.17429767468042923 -1.3000341451501705 0.47793573350732826 1.4567572365165855 0.053817933078398807 1.0000000180025095e-35 0.35096141226961375 1.3163080085722345 0.77579571395543023 -0.69793685454457155 1.4567572365165855 -0.26213669610665785 2.0956703239782959 -0.10281645652105334 -0.15090090600725856 0.24059204389287667 -0.91236473587216793 -0.15132905602497801 0.038588316690446607 -0.65606319934467983 0.86351510968011858 -1.0456582178070792 1.2357189132761148 1.0000000180025095e-35 0.56531235991502482 0.88625919121491659
decision_type=2 2 2 2 2 2 2 2 2 2 2 2 2 2 2 2 2 2 2 2 2 2 2 2 2 2 2 2 2 2 2 2 2
left_child=3 6 7 4 5 -1 17 8 16 19 11 12 14 15 -11 -13 -3 -2 26 20 23 24 -23 -10 -22 -25 28 -28 -9 -30 31 -12 -15
right_child=1 2 -4 -5 -6 -7 -8 18 9 10 30 13 -14 32 -16 -17 -18 -19 -20 -21 21 22 -24 25 -26 -27 27 -29 29 -31 -32 -33 -34
leaf_value=3.1894878946385255e-05 -0.00085624776066033548 -0.00096552183741817539 -0.00018271357666423046 0.00023238290076887228 0.00018611809080532532 -0.010707662570910336 0.0078066103796423083 0.00038832728665031747 0.00015189386985962579 -0.0009161852537009239 -0.00092056770041359101 0.0027381020786889491 0.0016516453751142851 0.00036065684696035146 0.00049802959298432059 0.00011117206585723333 0.0016294857392831832 0.0041023443133086559 2.904020321365419e-05 0.025579247461679729 -0.00039288207157378493 -0.0021858665491640904 6.0760887599545032e-05 -0.00019310072308725341 0.00027119753661850656 -2.629776622008836e-05 0.0010617655472690193 2.951333628851335e-05 -0.00012290483818441737 0.00016211442539222412 -0.00035280187005076453 0.00073872524628475298 -0.0019651622204306823
leaf_weight=13.000000000000002 158 14.999999999999998 33 288 35 18 11.999999999999998 17 130 52 19.000000000000004 75 14.999999999999998 39 43 47 36 9.9999999999999982 435 14.999999999999998 88 27 10.999999999999998 153 42 382 115 51 74 13.999999999999998 33 10.999999999999998 22
leaf_count=13 158 15 33 288 35 18 12 17 130 52 19 75 15 39 43 47 36 10 435 15 88 27 11 153 42 382 115 51 74 14 33 11 22
internal_value=0.000429016 1.30481e-06 0.000393068 0.00286887 -0.00263467 -0.0113864 -0.00394878 0.000629415 -0.000169612 -0.000500703 0.00168144 0.00315453 -0.000554754 0.00565908 -0.00338563 0.008647 0.00611376 -0.00527701 0.00212424 -0.00148736 -0.0017658 -0.00527701 -0.0145334 -0.000769334 -0.00182304 -0.00207237 0.00428388 0.00640373 0.000303228 -0.00134495 -0.00410869 8.45535e-05 0
internal_weight=2528 2174 1994 354 66 31 180 1961 1255 1204 356 293 110 183 95 122 51 168 706 848 833 168 38 665 130 535 271 166 105 88 63 30 61
internal_count=2528 2174 1994 354 66 31 180 1961 1255 1204 356 293 110 183 95 122 51 168 706 848 833 168 38 665 130 535 271 166 105 88 63 30 61
is_linear=0
shrinkage=0.060181


Tree=182
num_leaves=34
num_cat=0
split_feature=8 8 7 2 5 18 9 6 2 5 11 2 5 5 8 10 4 5 8 9 6 4 2 2 8 6 8 8 16 2 8 8 9
split_gain=0.536462 0.973058 0.687203 0.486158 0.557346 0.468378 1.01693 1.14695 0.894116 1.37781 0.835971 0.799166 0.777789 0.943133 0.899226 0.770033 1.8503 0.753365 0.747529 0.925709 0.738861 0.830038 0.70492 1.44052 0.776729 0.866958 0.700565 1.03863 0.691196 0.634439 0.739304 0.835546 0.691905
threshold=3.3318391215038683 2.394979477613302 0.35199089904751929 2.1922930733376207 -0.68215361783426121 1.0000000180025095e-35 -0.73444524914034204 -0.91555887245987633 -0.75709476777381479 -0.062399897842304146 1.4125446538393469 0.57846614960606291 -0.59455048625410123 -0.89831236736266751 0.15968502983546276 -0.4519231659555169 1.2149906441747125 -0.41711704075775086 1.4845567103040385 0.62494859644616907 -1.1336758596307159 1.2663345158079193 -0.25856579751646097 -0.11540423404509814 -1.1752662325990277 0.58010046814016736 -0.44644187726266371 0.2971122736877177 1.6165153522599058 1.0000000180025095e-35 -0.16756330913097148 0.5440659303151163 -1.8655880814435755
decision_type=2 2 2 2 2 2 2 2 2 2 2 2 2 2 2 2 2 2 2 2 2 2 2 2 2 2 2 2 2 2 2 2 2
left_child=1 3 -3 5 -5 22 7 20 18 12 15 17 13 14 -10 -11 -17 -9 19 -8 21 -7 24 -24 25 -1 -14 -28 29 30 -25 -32 -31
right_child=-2 2 -4 4 -6 6 8 11 9 10 -12 -13 26 -15 -16 16 -18 -19 -20 -21 -22 -23 23 28 -26 -27 27 -29 -30 32 31 -33 -34
leaf_value=0.00749655016955452 -0.00092091431437176679 0.0033999618062399632 -9.6624453195254346e-06 -0.00044110754540482318 -1.6974376476162813e-05 -0.0080941409127582679 -3.2437627444566926e-05 -4.5978461699273091e-05 -0.0018793368152751995 4.6345687496685928e-05 -0.0015730985637038106 9.8541172295864293e-05 -0.00044665621193720718 0.00023185836306724049 0.00029390854671231236 0.001981757426704831 -0.00084258839000081747 -0.0011444122292874222 0.00017161465941378183 -0.0018837157597317758 0.0018053226171926211 0.0024070384257678934 -0.0028859953697683641 -2.6823517605858796e-05 7.19439595883919e-05 -0.0052233194573507022 0.00060590259602982897 -0.00014632812199276215 0.00053008779294203457 0.0017517254629865566 0.0068966144597040471 0.00016442453669792526 -5.6057939774494453e-05
leaf_weight=26 8.9999999999999982 18.000000000000004 8.9999999999999982 27 51 8.0000000000000018 150 38 24 89 10.999999999999998 32 62 74 14.999999999999998 59 21 94 17 64 21 9.9999999999999982 63 51 535 7.9999999999999991 46 55 71 26 23 23 698
leaf_count=26 9 18 9 27 51 8 150 38 24 89 11 32 62 74 15 59 21 94 17 64 21 10 63 51 535 8 46 55 71 26 23 23 698
internal_value=0.000143754 0.000227765 0.0109082 7.34829e-05 -0.00445967 0.000250103 -0.000811336 -0.00452869 0.000221971 0.00183935 0.00591544 -0.00683921 -0.000655871 0.00286299 -0.00359809 0.00716409 0.0115513 -0.00889693 -0.00270559 -0.00388492 0.00359809 -0.00291714 0.00090796 -3.4354e-05 0.00257992 0.0112782 -0.00344866 0 0.00054074 0 0.00451471 0.00976308 -0.000582883
internal_weight=2528 2519 27 2492 78 2414 890 203 687 456 180 164 276 113 39 169 80 132 231 214 39 18 1524 955 569 34 163 101 892 821 97 46 724
internal_count=2528 2519 27 2492 78 2414 890 203 687 456 180 164 276 113 39 169 80 132 231 214 39 18 1524 955 569 34 163 101 892 821 97 46 724
is_linear=0
shrinkage=0.060181


Tree=183
num_leaves=34
num_cat=0
split_feature=9 8 9 1 9 8 9 8 10 2 8 17 7 8 10 15 8 9 7 7 9 8 10 8 8 7 9 7 7 11 9 8 9
split_gain=0.436734 0.741149 1.38732 0.947044 0.891213 0.850647 0.783628 0.770713 0.757421 0.806293 1.30432 0.786591 0.805947 0.778301 1.06448 0.63212 0.591438 0.568494 0.550647 1.36585 1.37743 0.676412 0.532144 0.511777 1.21434 0.954529 0.509983 0.776127 0.544104 0.464704 0.681393 1.00928 0.874774
threshold=-0.26461032216946762 -0.35851183895213679 -0.36051699281500099 -1.4759321159128549 -0.3382156374208557 -0.8650938053363203 -0.51529559107099998 -0.32450821588600121 -0.29111136770548734 0.59620173515644692 -0.96707608923382848 1.0000000180025095e-35 0.61340496951064438 -0.57198181406425364 -0.089020814202466395 2.1112254216092903 -0.2855796163794565 -0.23218527721487556 -0.47582032408570912 -0.27933262406440512 -0.52088778291212168 -1.1609168105027414 1.4902962987819064 0.10422162686919206 0.2971122736877177 -0.28360409580399842 -0.60264200614397156 0.507472470368725 -1.4471529976692799 -0.98270155179902219 0.30579111329972858 1.4845567103040385 0.021926803506391753
decision_type=2 2 2 2 2 2 2 2 2 2 2 2 2 2 2 2 2 2 2 2 2 2 2 2 2 2 2 2 2 2 2 2 2
left_child=1 2 3 6 7 -4 -1 -3 9 11 -11 -5 -13 14 -10 16 -9 -2 21 20 -20 -16 -21 -18 25 -25 28 -28 -26 30 32 -32 -19
right_child=17 4 5 8 -6 -7 -8 15 13 10 -12 12 -14 -15 18 -17 23 29 19 22 -22 -23 -24 24 26 -27 27 -29 -30 -31 31 -33 -34
leaf_value=-0.0016768943593137473 0.0073488497520807954 -0.0033780626237546458 -0.0043509789282399139 2.4199720107109284e-05 0.0028722664429003284 5.4267767199939612e-06 0.016773360583395996 0.0005221339308485426 0.0024876242246312606 -0.00015358865391673393 0.0025609326228454334 -0.00095372068744889948 8.143020560975406e-05 0.0008427797279296264 -0.00026950826346609422 0.00058895022236792906 -0.00035871911520354193 -0.00026962240194780698 -0.0049316427644432899 5.5727430885195874e-05 9.2903011281781324e-05 0.00089698152365027617 0.00064634011646414499 -0.00019010580566816316 -0.0013740898543064303 0.0021066729799192213 -0.0042485444239232098 0.00023288666899063149 -2.3235223965247576e-05 6.5402457982221979e-06 -0.00012046175565268228 0.001622703125014414 0.00200199049641986
leaf_weight=24 20 15.999999999999998 22 106 15.999999999999998 20 8.9999999999999982 18 17 23 34 35 21 34 19 21 119 40 30 113 9.9999999999999982 51 18 17 9.9999999999999982 25 36 17 162 1205 139 24 57
leaf_count=24 20 16 22 106 16 20 9 18 17 23 34 35 21 34 19 21 119 40 30 113 10 51 18 17 10 25 36 17 162 1205 139 24 57
internal_value=0.000191297 -0.00072148 0.00061724 0.00154377 -0.00255397 -0.00929977 -0.00747608 -0.00318732 0.00228597 -0.000147939 0.00550848 -0.00256098 -0.00812509 0.00428493 0.00277141 -0.00246383 -0.00310753 0.000871106 0.0013648 -0.000188609 -0.00972632 0.00576201 0.00248014 -0.0037145 -0.00190086 0.00666049 -0.00382961 -0.00908731 -0.00172972 0.000678078 0.00297869 0.000197665 0.00690749
internal_weight=2528 1043 586 544 457 42 33 441 511 219 57 162 56 292 258 425 404 1485 241 171 40 70 131 386 267 42 225 53 172 1465 260 163 97
internal_count=2528 1043 586 544 457 42 33 441 511 219 57 162 56 292 258 425 404 1485 241 171 40 70 131 386 267 42 225 53 172 1465 260 163 97
is_linear=0
shrinkage=0.060181


Tree=184
num_leaves=34
num_cat=0
split_feature=5 7 8 10 5 2 3 10 9 9 13 7 2 0 3 3 5 3 8 2 13 8 13 9 2 9 10 11 8 11 5 9 8
split_gain=0.732276 1.1869 1.0695 0.797529 0.656405 0.652441 1.07669 0.823149 0.670602 0.54432 1.35201 1.01577 0.848775 0.86876 0.828929 1.33068 0.83892 1.21595 0.817401 0.789924 1.15626 0.871553 1.1761 0.774574 0.754059 0.852345 0.736109 0.67797 0.674168 1.1537 0.662523 1.03804 0.855544
threshold=-1.0186951952877981 -0.57918994018387226 -0.10898571996945279 0.53684770386680636 -0.99213949716383398 -1.3065341679565694 -0.70792481276945163 -1.2511655484292141 0.18900519848999808 -1.0313178294301146 -0.17877003844928632 0.34344795556833269 0.34367770623121402 2.0956703239782959 0.77579571395543023 1.1656671948162527 0.044701918371751206 -0.21007914203880637 -0.62290377102096295 0.78648687318898869 -0.33543268897997264 -1.0329972098794531 0.38251053974442206 -1.8434538776396288 0.95469025453618039 0.779884982823846 0.50010066107992457 -0.78309770132915812 0.083800863070913625 1.0133369528996188 0.5492507118188209 0.084056136878071314 -0.023252272949425848
decision_type=2 2 2 2 2 2 2 2 2 2 2 2 2 2 2 2 2 2 2 2 2 2 2 2 2 2 2 2 2 2 2 2 2
left_child=1 2 3 -1 -2 6 -6 -8 -9 10 14 18 -11 19 16 -16 28 -18 -12 27 24 26 -23 -17 -21 -26 -22 -14 29 -7 31 -29 -32
right_child=4 -3 -4 -5 5 9 7 8 -10 12 11 -13 13 -15 15 23 17 -19 -20 20 21 22 -24 -25 25 -27 -28 30 -30 -31 32 -33 -34
leaf_value=0.0023882636677903541 -0.002339281036777976 0.00030673117082812419 -0.0016162228554511139 -0.0013248362497343886 6.3986931566590801e-06 -0.00026023036292715943 0.0042837338096176009 -0.00020253164657376571 -0.00072035152098209822 6.7019862621183959e-05 -0.00038555959180183757 0.0012727425622390686 4.0071110730302182e-05 0.023512039649626247 0.0019741903236832497 0.0026199903281327323 -0.00070148147170387106 -0.0042587885457947335 0.0034907393922307545 0.00098560216755178248 -0.00029514937664866238 -0.00060301909705019611 1.273130082421218e-05 -0.0049363847087787183 -0.00014292772635749739 0.00017610395212006407 0.0076700762958205118 -0.0018989271236748598 0.00028928276949259397 0.0016014379172064031 0.0052007910422698115 -3.3842426486330842e-05 -0.0017581979594341838
leaf_weight=19.000000000000004 20 76 24 11.999999999999998 129 78 12.999999999999998 42 32 1168 33 22 67 22 12.999999999999998 9.9999999999999982 32 28 15.999999999999998 57 15.000000000000002 67 49 16.000000000000004 150 53 10.999999999999998 93 32 15.999999999999998 19.000000000000004 84 9.9999999999999982
leaf_count=19 20 76 24 12 129 78 13 42 32 1168 33 22 67 22 13 10 32 28 16 57 15 67 49 16 150 53 11 93 32 16 19 84 10
internal_value=-2.48942e-05 0.00426852 -0.00158884 0.00442992 -0.000289478 -0.000165512 -0.00330145 -0.00833409 -0.0108934 0.000126423 -0.00221904 0.00447477 0.000532926 -0.00107779 -0.00461938 0.00218553 -0.00636305 -0.012345 0 -0.00155615 7.00523e-06 -0.00415271 -0.00656494 -0.00416169 0.00252209 0.000450682 0.00416169 -0.00403533 -0.00280799 -0.00557835 -0.0057559 -0.00717997 0.00101005
internal_weight=2528 131 55 31 2397 2377 216 87 74 2161 296 71 1865 697 225 39 186 60 49 675 402 142 116 26 260 203 26 273 126 94 206 177 29
internal_count=2528 131 55 31 2397 2377 216 87 74 2161 296 71 1865 697 225 39 186 60 49 675 402 142 116 26 260 203 26 273 126 94 206 177 29
is_linear=0
shrinkage=0.060181


Tree=185
num_leaves=34
num_cat=0
split_feature=2 3 10 2 4 11 13 4 6 10 10 2 0 5 5 5 0 6 5 6 5 10 5 14 4 10 5 6 14 6 13 13 16
split_gain=0.598585 1.15649 0.760054 0.613985 0.803127 0.604222 1.05537 0.758014 0.676832 0.589703 0.56669 0.558976 0.936858 0.697995 0.622786 0.875052 0.516174 0.565212 0.72775 0.616002 0.489777 1.19069 1.01818 1.11151 0.937743 0.751163 0.731391 0.677516 0.65271 0.640004 0.905256 0.818359 0.763587
threshold=-1.3065341679565694 -0.70792481276945163 -1.0118835711607679 -0.4464723511912117 2.3270691290170027 1.4125446538393469 -0.25938868034442081 -0.25108112846234709 0.70473874652350432 0.4300227542787099 2.943898548326751 -0.88916812100965448 -1.1446077060016007 0.78648853774055827 -0.39957946685193968 -0.55500941399647818 -1.1446077060016007 0.54894089854433314 0.57523415110270248 -0.88439930286404211 -0.29834528583205649 0.97837943297852481 -0.36068313092814569 -0.738224098466287 0.082383671959323862 1.2626209112983975 -1.0131239498073736 -1.0713567204390475 2.933049057447366 -0.23004834135152297 -0.038544750669845647 1.15413037834674 1.0000000180025095e-35
decision_type=2 2 2 2 2 2 2 2 2 2 2 2 2 2 2 2 2 2 2 2 2 2 2 2 2 2 2 2 2 2 2 2 2
left_child=1 -1 -3 4 11 20 7 10 -9 -8 -7 12 -2 14 15 -14 -13 18 -18 -20 22 29 23 27 28 -23 -26 -5 -25 31 32 -22 -31
right_child=3 2 -4 5 -6 6 9 8 -10 -11 -12 16 13 -15 -16 -17 17 -19 19 -21 21 25 -24 24 26 -27 -28 -29 -30 30 -32 -33 -34
leaf_value=6.8421184537272562e-05 -0.0067344365580826616 6.956577535312757e-05 -0.00023266412381020576 -0.0030970031625506683 -0.00072816753547328707 3.0091150556797793e-06 0.00071930107483710894 9.2389573468754443e-05 0.0054799838054470336 -0.00036235623441436703 0.00021243091500369285 0.0062344736940085146 0.0004616843532659914 -0.0039856193956379626 0.00038265304805007325 -0.007941081155457554 0.00022581309360800489 -0.00020839588772810367 0.00010290141963936992 -0.0012332767589753543 -0.00010162380381323689 0.0028415806056068717 -0.00076902283444237756 -8.9881850993988712e-05 0.00023609253249146176 4.6289256960418265e-05 -0.0004356022614436483 0.0019119905009848575 0.00060389148310251899 0.0010895876483595563 -0.00033997611221798721 0.0024588980639634896 -0.00023207426035728716
leaf_weight=131 10.999999999999998 18 71 18 59 95 13.999999999999998 14.999999999999998 25 37 9.9999999999999982 14.999999999999998 30 29 141 13.999999999999998 226 59 53 38 345 30 69 436 11.999999999999998 36 119 69 21 141 36 29 76
leaf_count=131 11 18 71 18 59 95 14 15 25 37 10 15 30 29 141 14 226 59 53 38 345 30 69 436 12 36 119 69 21 141 36 29 76
internal_value=0 -0.00297326 -0.0081541 0.000287606 0.0018222 -0.000314297 0.00272775 0.00548628 0.0124867 -0.0039095 0.00196562 0.00252992 0 0.0011193 0.0027273 -0.00258808 0.0038962 0.00317821 0.00423236 0 -0.000774807 0.000306451 -0.00185527 -0.00102405 -0.0020393 0.00782238 -0.006504 0.005013 -0.000594124 -0.000433958 0.00177004 -0.00207941 0.00342289
internal_weight=2528 220 89 2308 675 1633 196 145 40 51 105 616 225 214 185 44 391 376 317 91 1437 693 744 675 588 66 131 87 457 627 253 374 217
internal_count=2528 220 89 2308 675 1633 196 145 40 51 105 616 225 214 185 44 391 376 317 91 1437 693 744 675 588 66 131 87 457 627 253 374 217
is_linear=0
shrinkage=0.060181


Tree=186
num_leaves=34
num_cat=0
split_feature=13 13 9 13 10 1 7 9 3 9 7 1 13 7 15 3 3 3 4 3 9 3 4 9 9 4 3 13 4 4 10 12 9
split_gain=0.723328 0.751991 1.10102 1.1279 1.0863 1.03538 1.00545 0.998713 0.897738 0.936284 1.35921 1.37877 1.14932 0.856097 0.779504 0.707578 0.853208 1.15336 0.779755 0.665236 0.915758 0.710284 0.769454 0.939303 0.848727 0.638555 0.629951 0.620317 0.617118 1.06235 0.740672 0.569318 0.50907
threshold=4.3864087763499127 -0.32143873852626714 1.1358255746546411 -0.30807487347089119 -0.82620848536448277 -1.4759321159128549 -0.20073754405588382 -0.88317126183255279 1.6164223303565188 -0.76863339811635567 0.5339555951542051 1.0000000180025095e-35 -0.19735114733790718 -0.31265010363323603 0.88625919121491659 -1.7266902112870117 -1.0084583183143951 -0.81546589321531082 -0.4490207211994785 -0.50081561275691477 -1.4222159022248613 0.028865205250142453 -0.97754370077736419 0.37103716001405607 1.5311383129721416 -0.85656840695894554 0.74024564536875281 -0.19865494719276969 -0.71390802067129389 -0.45666477035085801 -0.41635608065096474 -0.67414598255139557 0.11283073283941956
decision_type=2 2 2 2 2 2 2 2 2 2 2 2 2 2 2 2 2 2 2 2 2 2 2 2 2 2 2 2 2 2 2 2 2
left_child=1 5 3 -3 -4 6 -1 25 9 -9 12 32 26 -14 -13 -7 18 -18 -17 20 -19 22 24 -24 -21 27 -11 -5 30 -30 -23 -6 -12
right_child=-2 2 4 7 31 15 -8 8 -10 10 11 14 13 -15 -16 16 17 19 -20 21 -22 28 23 -25 -26 -27 -28 -29 29 -31 -32 -33 -34
leaf_value=3.5463311405566138e-05 0.0023109191476801049 -0.0029995784794264219 0.0005719495269918965 -0.00020771760571825794 -0.0029436424197959114 -0.0078695925469733693 -0.00062918011286643236 0.0027708250023414445 -0.00032786374283476718 0.0016895636221396146 -0.0023953858311467719 -0.0016724811388854515 -9.143101300324838e-05 0.00039838341720361604 0.0010340052120145242 0.0011530451627664489 -0.0012909860150772099 -0.00030556698211175478 0.00011313436847696487 -3.0753731679925579e-05 0.00034852080938987934 0.00018704280873674918 -2.9949327464768115e-05 -0.00048617211482046118 0.0072187658906133993 -0.00014918598237132608 -0.0059086073133595776 0.0058661387393435082 0.00050764500113091864 2.6914229455463802e-05 -0.00036608574188529814 -0.0022001447412504944 0.0011898741101927105
leaf_weight=61 27 44 10.999999999999998 14.000000000000002 7.9999999999999991 11.999999999999998 57 31 47 56 14.999999999999998 53 123 137 9.9999999999999982 79 104 17 148 47 212 45 172 86 11.999999999999998 124 7.9999999999999991 11.999999999999998 108 452 145 34 17
leaf_count=61 27 44 11 14 8 12 57 31 47 56 15 53 123 137 10 79 104 17 148 47 212 45 172 86 12 124 8 12 108 452 145 34 17
internal_value=-0.000191297 -0.000325514 -0.00193576 -0.00117374 -0.0101505 0.000326343 -0.00497229 -0.000420618 0.000787084 0.00173101 0.000789951 -0.00521661 0.00276418 0.000695681 -0.0104336 0.0007528 0.000905968 0.000302157 0.00431834 0.000835715 0.00376376 0.000143184 -0.00216754 -0.0036916 0.00340991 -0.00472001 0.00983419 0.00212883 0.00120163 0.0022474 -0.0015689 -0.0145783 0.00346036
internal_weight=2528 2501 744 691 53 1757 118 647 497 450 419 95 324 260 63 1639 1627 1400 227 1296 229 1067 317 258 59 150 64 26 750 560 190 42 32
internal_count=2528 2501 744 691 53 1757 118 647 497 450 419 95 324 260 63 1639 1627 1400 227 1296 229 1067 317 258 59 150 64 26 750 560 190 42 32
is_linear=0
shrinkage=0.060181


Tree=187
num_leaves=34
num_cat=0
split_feature=8 8 8 3 3 0 8 4 6 0 7 7 8 6 3 5 14 3 9 3 5 8 4 8 3 6 14 3 3 9 6 6 16
split_gain=0.687069 1.27363 1.18089 0.92548 0.772382 0.757168 0.736293 0.72378 0.708594 0.661923 1.45083 0.891224 0.945247 0.670389 1.09937 1.40735 0.890354 0.884247 1.10495 0.782484 0.66925 0.603252 0.57781 0.660568 0.628319 0.78828 0.592836 0.570458 1.10205 0.734485 0.623976 0.566822 1.14201
threshold=0.62285889867506772 0.8136468501624029 0.2971122736877177 -1.459711654696098 -1.144368050060498 -1.1446077060016007 0.28022981159360905 1.6362646534607446 -0.44816532852236268 1.0000000180025095e-35 -1.4471529976692799 -1.0063371141432265 -0.39578850609310351 -0.23004834135152297 -0.36439830042107896 0.38495777128076686 -0.738224098466287 -0.62771428957652808 -0.26461032216946762 0.010833817126537101 1.246465220042493 1.735102964388338 0.42011657487689325 2.3316729226004491 -0.18049425577436543 0.14386649379848784 -1.0000000180025095e-35 1.1481810632927465 1.45441532436159 0.046752784369608759 0.39314305056516186 0.17502606339432206 1.0000000180025095e-35
decision_type=2 2 2 2 2 2 2 2 2 2 2 2 2 2 2 2 2 2 2 2 2 2 2 2 2 2 2 2 2 2 2 2 2
left_child=2 -2 6 -3 8 -6 9 22 -5 27 -11 12 -12 14 17 19 -17 20 -19 -16 -13 -9 23 -7 -24 26 -26 -1 -29 30 -30 32 -15
right_child=1 3 -4 4 5 7 -8 21 -10 10 11 13 -14 31 15 16 -18 18 -20 -21 -22 -23 24 -25 25 -27 -28 28 29 -31 -32 -33 -34
leaf_value=-2.7041123667521079e-05 0.0013501933385804744 -0.0042490763259205866 -0.00041808182946127695 0.0051218696929494446 0.00438742069512537 -5.8780217659496217e-05 0.016245671273239649 -0.0063668721270269697 -6.7495438809301751e-05 0.0014922053801337517 -0.0012106319186308873 6.7844289200207682e-05 0.01658133730759034 0.00014598059924353544 -0.0026722286660393014 -0.00041680487773446562 0.0010063409124400091 -0.00018957419217277167 0.00075144494206530162 -0.00014171737698985955 -0.00019165329737481964 0.0030979133490330398 -6.3006088079754292e-05 0.00018009867524491698 0.0016517258280879664 -0.00057143033830183397 8.9172239887581837e-05 -0.00076947003114014132 -0.0010223315387945704 -0.00042635662474407616 0.0077489480113142103 2.2729747454004915e-05 0.0067624924844517801
leaf_weight=774 100 10.999999999999998 150 20 25 342 9.9999999999999982 19.000000000000004 12.999999999999998 20 21 155 13.999999999999998 135 20 28 38 22 31 68 29 10.999999999999998 28 34 19 9.9999999999999982 11.000000000000002 31 23 24 18 251 23
leaf_count=774 100 11 150 20 25 342 10 19 13 20 21 155 14 135 20 28 38 22 31 68 29 11 28 34 19 10 11 31 23 24 18 251 23
internal_value=-0.000215069 0.00144702 -0.00081407 0.000170348 0.000679471 0 -0.000330472 -0.000509973 0.00912018 -0.000471643 0.00066918 0.000182796 -0.00864769 0.000677535 -0.000998514 -0.00498206 0.000905439 0.00138749 0.00802412 -0.00988553 -0.000335933 -0.00903895 6.34791e-06 -0.000800166 0.00508249 0.00972632 0.0144116 -0.00165657 -0.00607054 -0.000480027 0.00343676 0.00241352 0.00523115
internal_weight=2528 643 1885 543 532 499 1735 474 33 1725 855 835 35 800 391 154 66 237 53 88 184 30 444 376 68 40 30 870 96 65 41 409 158
internal_count=2528 643 1885 543 532 499 1735 474 33 1725 855 835 35 800 391 154 66 237 53 88 184 30 444 376 68 40 30 870 96 65 41 409 158
is_linear=0
shrinkage=0.060181


Tree=188
num_leaves=34
num_cat=0
split_feature=2 0 12 7 9 11 2 9 3 9 7 9 7 5 4 5 11 13 2 3 4 2 5 2 13 11 11 11 5 9 3 3 11
split_gain=0.624105 0.501907 0.810993 0.864661 0.943146 0.597656 0.912006 1.35571 0.976659 1.03552 0.907512 0.852388 0.716298 0.639111 1.03838 0.742603 0.610725 0.551071 0.624717 0.555165 0.54048 0.498259 0.761747 0.699642 0.6775 0.926975 0.942809 0.866486 0.74888 0.733745 0.579135 0.558186 0.529216
threshold=2.7450866599101871 1.0000000180025095e-35 1.0000000180025095e-35 0.75778071430890714 0.74186853447891854 -0.58349385085929406 1.2419866149209595 -1.2608443780645346 0.74024564536875281 -0.58575692104737143 -0.61250741975270195 0.92101795356571714 -0.18279736274959149 -0.062399897842304146 -0.25871395510504908 0.69183284555995572 1.0133369528996188 -0.31355890974495315 -1.266429051140326 -0.99034882853133044 -0.27173106901116995 -1.0754652847552648 0.38495777128076686 -0.94098171233618022 -0.32771554181407458 1.4125446538393469 0.41452540149002631 1.0133369528996188 -0.30461850286022202 -0.60264200614397156 -0.50081561275691477 1.4820341044484824 -0.38389000038943
decision_type=2 2 2 2 2 2 2 2 2 2 2 2 2 2 2 2 2 2 2 2 2 2 2 2 2 2 2 2 2 2 2 2 2
left_child=1 -1 3 5 17 11 7 -7 13 16 -11 12 -3 14 -9 -15 -10 18 -5 -19 -8 22 32 -23 25 26 29 28 -28 30 -25 -27 -4
right_child=-2 2 21 4 -6 6 20 8 9 10 -12 -13 -14 15 -16 -17 -18 19 -20 -21 -22 23 -24 24 -26 31 27 -29 -30 -31 -32 -33 -34
leaf_value=-3.44451866792368e-05 -0.00070437901454367734 -5.0278671203450987e-07 0.00016535724339620153 -3.6597350960905529e-05 -0.0027270207077660048 -0.00045287363776859923 -6.8561932616091528e-05 -0.00042143872584417307 0.0017687294397446521 -4.4179142916203731e-05 -0.0065999157935776598 0.001808850051889004 -0.00054045692505755413 0.000587011511512483 0.00017012974207853061 -0.00020832981945784952 -0.00018438616089420508 -0.0014225618294197535 0.0020284967554311658 0.00064906853339348394 0.0067435912945299327 0.013464671614163325 -0.0038501468756829832 0.0032274815477502695 -2.3772083578905199e-05 0.011732209618582868 -0.0018632433758848678 0.0018127393200090579 0.0013277945310644996 0.0011543887912569665 -0.0095242781738101665 2.9148275073529167e-05 -3.8744320974678558e-05
leaf_weight=1293 14.999999999999998 50 11.999999999999998 10.999999999999998 15.999999999999998 38 30 83 11.999999999999998 25 34 32 116 48 109 35 20 8.0000000000000018 46 18 36 9.9999999999999982 25 8.0000000000000018 129 25 18.000000000000004 29 10.999999999999998 116 13.999999999999998 7.9999999999999991 48
leaf_count=1293 15 50 12 11 16 38 30 83 12 25 34 32 116 48 109 35 20 8 46 18 36 10 25 8 129 25 18 29 11 116 14 8 48
internal_value=-0.000405244 -0.000300049 0.000543339 -0.000589406 0.00442671 -0.00143796 -0.00013307 -0.00133578 -7.68755e-06 -0.00543718 -0.010139 -0.00419324 -0.0060489 0.00163027 -1.4526e-05 0.00593943 0.00177008 0.00732923 0.0104736 0 0.00609314 0.00257635 -0.00105089 0.00357053 0.00283713 0.00479867 0.00272775 -0.00297682 -0.0102391 0.00554499 -0.00246141 0.0140525 0.00193703
internal_weight=2528 2513 1220 767 99 668 470 404 366 91 59 198 166 275 192 83 32 83 57 26 66 453 85 368 358 229 196 58 29 138 22 33 60
internal_count=2528 2513 1220 767 99 668 470 404 366 91 59 198 166 275 192 83 32 83 57 26 66 453 85 368 358 229 196 58 29 138 22 33 60
is_linear=0
shrinkage=0.060181


Tree=189
num_leaves=34
num_cat=0
split_feature=1 12 7 6 8 5 6 13 13 8 6 5 2 13 12 9 7 8 13 0 7 8 9 9 8 13 5 9 15 2 5 9 6
split_gain=0.89405 0.633906 1.18733 0.915139 0.885123 0.873664 1.46246 0.976412 1.69014 1.11778 0.790505 0.870746 1.11864 0.938699 0.769282 0.904426 0.713575 0.687432 1.34362 1.28353 0.70814 0.677338 0.649309 0.567087 0.816896 0.564537 0.770535 0.553104 1.04147 0.98785 0.963434 0.662158 2.32563
threshold=1.0000000180025095e-35 1.0000000180025095e-35 0.69883440430251642 1.8576428215693714 0.19951165730379497 -0.29834528583205649 -0.10541006296818604 0.42584894298929438 -0.25695070015115012 -0.84055574225345941 -0.6662823156932024 2.4198173272706227 -0.76393623627960905 -0.10028633651796377 0.86351510968011858 0.23047649001785228 0.052133582928053306 -0.51002192568107507 -0.22875715468429778 1.01557764731833 0.31525624208701547 -0.88997497836288608 -0.85933666562035305 0.98429768203357992 -0.40701864861495524 -0.32180986053527705 0.37104646466528596 0.60027742094848002 0.88625919121491659 0.090541694222074115 -0.67051290024238475 0.053817933078398807 0.6424196073318359
decision_type=2 2 2 2 2 2 2 2 2 2 2 2 2 2 2 2 2 2 2 2 2 2 2 2 2 2 2 2 2 2 2 2 2
left_child=27 5 3 14 -4 7 10 8 9 -2 11 12 13 -7 15 -3 -12 20 19 22 -8 -10 -19 24 -24 -14 -27 31 30 -30 -29 -1 -33
right_child=1 2 4 -5 -6 6 17 -9 21 -11 16 -13 25 -15 -16 -17 -18 18 -20 -21 -22 -23 23 -25 -26 26 -28 28 29 -31 -32 32 -34
leaf_value=-7.4821746681794635e-05 0.00077033604317633126 5.7667056057076585e-05 -0.00066198878912016534 -0.00037433344340156196 6.4102228461071733e-05 0.0033888130143843527 0.0015646102959978741 0.0011091418735439756 -5.4510692131459091e-05 -0.00029084012670549592 -2.8869834794709456e-07 -0.00039255520870671163 -0.00012403642724987659 -0.0039931269418250516 3.7299910333549424e-05 0.0011992245986203311 -0.0005274188266934525 -0.00029973665273550751 -0.0068270309574477214 -0.011037005852004159 -0.00025606899638706094 -0.0031766044644644244 -0.0029888105137565323 0.00011947322211747587 0.0042063915883511771 0.0034359163002267443 -2.76472255674817e-05 -0.00013936257551920052 -0.0041421493384499325 0.0057239917463657169 9.579803781805299e-05 -0.00014993728049822322 0.0039233886748216654
leaf_weight=436 51 184 77 22 54 43 58 42 33 266 70 33 129 8.9999999999999982 187 121 81 12.999999999999998 18 8.9999999999999982 14.999999999999998 41 7.9999999999999991 25 57 18 29 47 42 9.9999999999999982 130 137 33
leaf_count=436 51 184 77 22 54 43 58 42 33 266 70 33 129 9 187 121 81 13 18 9 15 41 8 25 57 18 29 47 42 10 130 137 33
internal_value=-0.000357701 0.000409596 0.00190648 0.003261 -0.00292723 -0.000460524 0.000928802 -0.00255653 -0.00359118 -0.0014167 -0.00102046 0.00080677 0.00235087 0.0097919 0.00389148 0.00576201 -0.00449485 0.00511126 0.00182304 0.00470978 0.00985721 -0.0116689 0.00708325 0.00903138 0.0118839 0 0.00540777 -0.00197688 -0.00453994 -0.0119565 -0.00184844 -0.000893154 0.0020963
internal_weight=2528 1693 645 514 131 1048 615 433 391 317 412 261 228 52 492 305 151 203 130 112 73 74 103 90 65 176 47 835 229 52 177 606 170
internal_count=2528 1693 645 514 131 1048 615 433 391 317 412 261 228 52 492 305 151 203 130 112 73 74 103 90 65 176 47 835 229 52 177 606 170
is_linear=0
shrinkage=0.060181


Tree=190
num_leaves=34
num_cat=0
split_feature=8 8 8 8 11 12 10 2 2 8 2 2 9 10 9 10 9 8 2 13 9 10 12 8 9 9 9 8 2 9 10 10 8
split_gain=0.590644 0.919494 0.716142 2.12652 0.660164 0.636268 1.79838 1.11905 0.991538 0.92899 0.913506 0.647098 0.640103 0.614058 0.931251 0.602848 1.70205 0.865128 0.61605 1.00744 0.574832 0.545341 0.531426 1.20889 1.47936 1.22183 0.840029 0.839578 1.2838 1.35614 0.631115 0.966814 0.753756
threshold=0.67185515024160569 0.75869737685808669 -0.38601715685574928 -0.40701864861495524 0.21492155102016219 0.86351510968011858 -1.2511655484292141 -1.2356273598074463 -0.60043513288326011 -1.1372934129054768 -0.45532311627933125 0.34367770623121402 -0.78160386104205093 -0.57740152250826948 2.2813396038500087 0.8886293643662263 -0.13202043892023482 -0.73997872951474353 0.060688580776166214 -0.29252999027614934 1.8136193907650322 -0.6688205967416555 1.0000000180025095e-35 0.17232626139974869 0.15815483837999475 0.54972844088315587 1.5765534281685587 -0.18728634455765958 -0.64524745448223519 0.71982376240534307 0.036509940365153107 0.17744771559928355 0.31747747889183842
decision_type=2 2 2 2 2 2 2 2 2 2 2 2 2 2 2 2 2 2 2 2 2 2 2 2 2 2 2 2 2 2 2 2 2
left_child=2 4 3 5 -2 7 -7 9 -9 -1 12 -8 -10 14 21 18 17 -17 19 -12 -3 -4 27 24 -24 -25 -27 28 -15 -30 32 -32 -29
right_child=1 20 13 -5 -6 6 11 8 10 -11 15 -13 -14 22 -16 16 -18 -19 -20 -21 -22 -23 23 25 -26 26 -28 30 29 -31 31 -33 -34
leaf_value=-0.00039946337469234087 0.0052655386503033591 1.6198747849734344e-06 -0.00021754561052913986 0.0050730700343071004 -0.00016288095279723473 0.0038193961777939173 -0.00024524029906320072 -0.00016266133802239814 -0.0003232572085087428 0.00062097235495747576 -0.00028922926277199243 -0.0018287573401601757 0.00049614420543016584 0.0072801674452613804 0.0083489410120705428 -0.00011967736896104108 -0.0011587286965471931 0.00078639012501800266 6.7332623701245054e-05 0.00027199135113556547 0.0049590539106710635 -0.0066322498144394159 -0.00011159398659949603 9.3918983198258138e-05 0.0011757160217034052 -0.0031061144960660017 0.00084604649035348713 0.0037808618793152061 -0.0016366834885244174 0.0030292018806058621 -0.0033472710724585394 -5.8786092036493521e-05 -0.003127224871073414
leaf_weight=7.9999999999999991 24 556 228 20 15.999999999999998 13.999999999999998 125 156 7.9999999999999991 53 108 32 31 12.999999999999998 7.9999999999999991 61 39 23 360 62 17 23 84 62 77 33 12.999999999999998 50 59 7.9999999999999991 15.999999999999998 126 14.999999999999998
leaf_count=8 24 556 228 20 16 14 125 156 8 53 108 32 31 13 8 61 39 23 360 62 17 23 84 62 77 33 13 50 59 8 16 126 15
internal_value=-0.000357701 0.00122462 -0.000895442 5.71059e-05 0.00972632 -0.000280311 -0.00363532 0.000299863 -0.00021534 0.00796202 0.000696214 -0.00582579 0.00924834 -0.00224573 -0.0047088 5.01548e-05 -0.00358755 0.000719399 0.00102036 -0.00174965 0.000474599 -0.00556587 -0.000972956 0.000783094 0.00422178 -0.00380011 -0.0109763 -0.00280548 -0.00795214 -0.0115473 -0.000442122 -0.00291275 0.00398891
internal_weight=2528 613 1915 1100 40 1080 171 909 848 61 692 157 39 815 259 653 123 84 530 170 573 251 556 269 161 108 46 287 80 67 207 142 65
internal_count=2528 613 1915 1100 40 1080 171 909 848 61 692 157 39 815 259 653 123 84 530 170 573 251 556 269 161 108 46 287 80 67 207 142 65
is_linear=0
shrinkage=0.060181


Tree=191
num_leaves=34
num_cat=0
split_feature=1 9 7 2 2 2 5 5 3 9 7 4 9 7 8 5 3 3 5 8 4 9 3 3 8 7 8 4 9 7 8 13 3
split_gain=0.629008 0.565842 0.797126 0.724561 1.17221 0.905877 1.03291 1.42807 1.00299 0.797248 0.79619 0.683594 1.4529 1.46749 0.835014 0.776795 0.671119 0.654003 0.597771 0.918744 0.862137 0.595985 0.530907 0.511009 0.751966 0.496604 0.490512 0.956677 0.982074 0.89487 0.87852 0.846713 0.842171
threshold=1.0000000180025095e-35 -0.26461032216946762 -1.3958953367941567 -0.27178718436327248 -0.13181993994781938 -1.5310071858853926 -0.37765452972918323 -0.13346441081574009 -1.144368050060498 -1.3379350199102014 -0.43054272364601615 0.9879876948050127 1.3167932581544126 0.044444933796785858 -0.41395818124093192 -0.27629745779418707 -1.0537142412638232 -0.28176410276370983 -0.33937714905324662 -0.2996336183103655 1.4203422099509611 -0.76863339811635567 1.6920904454785799 -0.54423830267792705 -0.93752535750740351 -0.71929421324253939 0.65899364800738247 -0.33854294999967194 1.4244586108551691 0.84491873779661508 -0.84055574225345941 0.19680195312431867 -0.42891350231024306
decision_type=2 2 2 2 2 2 2 2 2 2 2 2 2 2 2 2 2 2 2 2 2 2 2 2 2 2 2 2 2 2 2 2 2
left_child=-1 3 -3 5 -5 -2 -7 17 9 -9 18 26 13 15 -15 -13 -16 -8 19 -6 21 -20 -12 24 -10 -23 29 28 -28 30 -4 -29 -32
right_child=1 2 11 4 10 6 7 8 23 -11 22 12 -14 14 16 -17 -18 -19 20 -21 -22 25 -24 -25 -26 -27 27 31 -30 -31 32 -33 -34
leaf_value=-8.8165527731998137e-05 -0.0004805583916365387 0.00062844083010821304 0.00069352355773007765 -0.0015476435091247478 0.00014825113738841644 0.00065196117416119594 -0.0011489561073357037 0.00099962933915823875 -0.0047156761581653274 -0.00081588941195067765 -0.00020505214108349404 9.097275094983382e-05 -0.00039608820081141172 0.00097702089789589793 0.00184767392498503 0.0051715452315871128 -0.00057282745599862149 0.00089928044839979301 0.0022378591256481855 -0.00034558159462234948 -0.0025173947187758922 -0.00018196464084022299 0.00030819678914276692 5.5842144145160365e-05 0.0059449493782056193 0.001410155169824499 9.2319894027158397e-05 -0.00025589317939145204 0.0079641239325328531 -0.00032022219353467082 0.00015299284724738359 0.0036169172505889496 -0.00019102921554711784
leaf_weight=835 45 22 79 34 47 77 21.000000000000004 8.0000000000000018 8.9999999999999982 19 236 21 38 36 14.999999999999998 66 46 8.9999999999999982 38 33 10.999999999999998 19 27 41 27 12.999999999999998 101 73 28 58 138 12.999999999999998 245
leaf_count=835 45 22 79 34 47 77 21 8 9 19 236 21 38 36 15 66 46 9 38 33 11 19 27 41 27 13 101 73 28 58 138 13 245
internal_value=-0.000405244 0.000232239 0.0011972 -0.00101032 -0.00248325 0.00140185 0.00323816 0 0.00338209 -0.00500892 -0.00141404 0.000848721 0.00374716 0.0061101 0.000327341 0.0116552 -0.00330435 -0.0108298 0.00166251 -0.00147365 0.00536852 0.0082149 -0.0035095 0.00712818 0.0122282 7.98039e-05 0 0.00235302 0.00569442 -0.00103985 -6.1025e-06 -0.0020466 -0.00133051
internal_weight=2528 1693 979 714 458 256 211 134 104 27 424 957 222 184 97 87 61 30 161 80 81 70 263 77 36 32 735 215 129 520 462 86 383
internal_count=2528 1693 979 714 458 256 211 134 104 27 424 957 222 184 97 87 61 30 161 80 81 70 263 77 36 32 735 215 129 520 462 86 383
is_linear=0
shrinkage=0.060181


Tree=192
num_leaves=34
num_cat=0
split_feature=13 2 5 12 5 10 17 5 5 18 9 9 5 12 10 12 9 9 13 13 5 5 5 5 10 9 9 13 13 0 5 10 9
split_gain=0.519535 0.791754 0.755012 0.549019 0.391267 0.478732 0.449393 0.400207 0.56445 0.466639 0.467206 0.475562 0.3583 0.800249 0.581442 0.689955 0.496578 0.622072 0.486139 0.602762 0.755018 0.877405 0.663748 0.97568 0.518793 0.498907 0.443066 0.362246 0.330911 0.319747 0.292508 0.239793 0.505156
threshold=4.3864087763499127 -0.081816707236912339 2.8104254584366415 1.0000000180025095e-35 -1.0186951952877981 0.041235496853474711 1.0000000180025095e-35 1.8459761298985913 1.7909860845343473 1.0000000180025095e-35 0.37826510598679258 -0.048982947187521893 -0.82398618589533268 1.0000000180025095e-35 0.63459147618977874 0.86351510968011858 1.4839219002231452 -1.0872827587941531 2.9091114388906898 1.3129973753868389 -0.086138626634831086 -0.5752718238428508 -0.61479346138693536 -0.64752046005547004 0.55419173311569125 0.35790528436908148 1.6418671902530722 -0.31983081347825409 -0.32018895424162247 1.0000000180025095e-35 -1.1559697047462236 -0.81945515433360827 -0.3451051338425255
decision_type=2 2 2 2 2 2 2 2 2 2 2 2 2 2 2 2 2 2 2 2 2 2 2 2 2 2 2 2 2 2 2 2 2
left_child=2 -2 4 -4 5 6 31 8 12 10 11 -9 13 16 15 28 17 -6 19 22 21 -21 23 -14 -24 -22 -20 -17 -15 30 -7 -1 -33
right_child=1 -3 3 -5 7 29 -8 9 -10 -11 -12 -13 18 14 -16 27 -18 -19 26 20 25 -23 24 -25 -26 -27 -28 -29 -30 -31 -32 32 -34
leaf_value=-0.00010744832294968988 0.0056251914328739657 -0.0060553056307462699 -0.0010382128702074972 0.00113697845372872 0.00015444460136341905 7.7299536880903809e-05 0.00040286056970213947 0.00065002913490633935 -0.0029834342807350984 -9.8017525304473375e-05 -0.00062978282956973762 0.0035877595848194149 1.3117059639155395e-05 0.00025531241395820913 0.0028531519336106462 -0.0031426577555297456 0.00054062993626076904 -0.00054301952898137731 -0.0014212942950495183 -7.2108831207197074e-05 6.6687287072629794e-05 0.00096462429289921592 -1.5746365961949338e-05 0.0041877344470158456 -8.0310498122697165e-05 -0.001089600542471015 8.1116869531114362e-05 0.00035273742832112428 -0.00020387298566714742 0.00075365984539739201 -0.0016363685199322845 -4.8358781102416397e-05 0.0098279480619915833
leaf_weight=13.999999999999998 18.000000000000004 8.9999999999999982 35 14.999999999999998 9.9999999999999982 13.999999999999998 23 15.999999999999998 9.9999999999999982 48 12.999999999999998 12.000000000000002 250 26.999999999999996 13.999999999999998 27 11.999999999999998 69 32 14.999999999999998 33 51 1164 36 444 8.9999999999999982 7.9999999999999991 8.9999999999999982 11.000000000000002 30 30 9.9999999999999982 10.000000000000002
leaf_count=14 18 9 35 15 10 14 23 16 10 48 13 12 250 27 14 27 12 69 32 15 33 51 1164 36 444 9 8 9 11 30 30 10 10
internal_value=-0.000642963 0.00697535 -0.000758021 -0.00791185 -0.000577321 0.00248014 0.0065015 -0.000778218 -0.000957336 0.00295511 0.00748443 0.0115152 -0.000853429 -0.00347605 3.10177e-05 -0.00158759 -0.00734558 -0.00914123 -0.000589782 -0.000421506 0.00380011 0.00782238 -0.00069921 0.00188005 -0.00119672 -0.00138194 -0.00696599 -0.00766955 0.00296132 -3.66134e-05 -0.00385227 7.55595e-05 0.00521956
internal_weight=2528 27 2501 50 2451 131 57 2320 2231 89 41 28 2221 179 88 74 91 79 2042 2002 108 66 1894 286 1608 42 40 36 38 74 44 34 20
internal_count=2528 27 2501 50 2451 131 57 2320 2231 89 41 28 2221 179 88 74 91 79 2042 2002 108 66 1894 286 1608 42 40 36 38 74 44 34 20
is_linear=0
shrinkage=0.060181


Tree=193
num_leaves=34
num_cat=0
split_feature=1 14 9 9 12 11 9 10 2 10 2 11 11 4 9 9 9 9 14 10 10 14 4 9 2 8 2 9 8 9 10 14 4
split_gain=0.510275 0.567105 0.646979 1.02115 0.967273 0.765994 0.761475 0.935851 0.801279 0.777627 0.545875 0.423969 1.0443 1.43365 1.40977 0.856288 0.798011 0.971265 1.48597 1.20786 1.09756 0.771178 0.710362 0.654924 2.16688 1.19524 0.889243 0.806616 0.797638 0.778803 1.02089 0.899253 0.809743
threshold=1.0000000180025095e-35 1.0000000180025095e-35 -0.79070591143695002 -0.38773313862885356 2.9137298993221377 0.61412925195989043 1.1358255746546411 -0.77833617007676825 -0.0070446226611798985 -1.0849135191274326 1.2709676699862866 0.8137331024297545 1.0000000180025095e-35 -0.3200211250365545 -0.51529559107099998 -0.36529526946696911 1.1129823073903073 -0.70489326786399109 -0.738224098466287 1.1953198129571774 -0.11211144540970135 -0.738224098466287 -0.65727185243707753 -0.61764474028040195 -0.22449256080141552 -0.27784623751199261 -0.86669504832729916 -0.80696553348397293 -0.56235826809975387 0.15815483837999475 -0.21418478266601784 -0.738224098466287 -0.60451789746136397
decision_type=2 2 2 2 2 2 2 2 2 2 2 2 2 2 2 2 2 2 2 2 2 2 2 2 2 2 2 2 2 2 2 2 2
left_child=-1 11 5 4 -4 -3 7 9 -8 -5 -9 12 23 14 -14 -16 17 19 -19 20 -13 -15 -22 24 27 26 28 -2 -25 30 -27 32 -31
right_child=1 2 3 6 -6 -7 8 10 -10 -11 -12 16 13 21 15 -17 -18 18 -20 -21 22 -23 -24 25 -26 29 -28 -29 -30 31 -32 -33 -34
leaf_value=-7.8690344670592543e-05 0.0011134903545126798 0.00092292381115861952 -0.00068006302394937814 0.00034608128607210587 0.00061367313806055064 -0.00011551996868473411 0.00011542092888501134 0.00041307521121338402 -0.00046736585944643608 -0.0025747955027010908 -6.6986104220761482e-05 -0.0003625047728823383 -0.00095636809358784177 -4.5845526023695189e-05 0.010639954115031219 4.1629413672203924e-05 0.00018900690184510879 0.00032434297657379224 -0.00079749654766353049 -0.00048765791791164482 0.001423619375882351 0.00076925099512408629 0.0046231225438206078 -0.00063142114301738066 -0.00049654009425342241 -0.00062593791506353961 0.00031435513214492797 -0.00028539747681170135 0.0012365501872115463 0.0039716903731744392 0.0011457718822882044 -0.00028787954364475345 -8.5857065157710161e-05
leaf_weight=835 61 64 54 22 8.9999999999999982 19 34 118 24 15.999999999999998 36 9.9999999999999982 34 26 8.9999999999999982 76 36 21 151 25 9.9999999999999947 115 22.000000000000004 33 136 49 203 22 12.999999999999998 14.999999999999998 34 130 66
leaf_count=835 61 64 54 22 9 19 34 118 24 16 36 10 34 26 9 76 36 21 151 25 10 115 22 33 136 49 203 22 13 15 34 130 66
internal_value=-0.000619191 0 0.00196493 0.000484181 -0.00591581 0.00663433 0.00238423 0.00432187 -0.00297682 -0.00296132 0.00650946 -0.000626851 -2.77042e-06 0.00320699 -0.00125031 0.00240931 -0.00271031 -0.00410474 -0.00652764 0.0013188 0.00798013 0.00730275 0.013602 -0.0011828 -0.00393284 0 0.00298928 0.00315985 -0.00369695 -0.00263838 0.00177005 -0.0046403 0
internal_weight=2528 1693 396 313 63 83 250 192 58 38 154 1297 1022 260 119 85 275 239 172 67 42 141 32 762 219 543 249 83 46 294 83 211 81
internal_count=2528 1693 396 313 63 83 250 192 58 38 154 1297 1022 260 119 85 275 239 172 67 42 141 32 762 219 543 249 83 46 294 83 211 81
is_linear=0
shrinkage=0.060181


Tree=194
num_leaves=34
num_cat=0
split_feature=14 1 9 10 3 7 10 10 6 3 3 7 6 9 3 9 14 4 16 12 9 4 2 10 4 2 3 10 3 6 10 2 2
split_gain=0.696548 0.780702 0.88415 0.905941 0.77505 0.861428 0.990583 0.855625 1.11208 0.809054 0.995683 0.742918 0.733342 0.629023 0.987672 0.599184 0.593781 0.759408 0.6267 0.509645 0.583352 0.699369 0.795511 1.18789 2.13464 1.11812 1.09461 1.06852 1.01216 0.976325 1.44345 1.25454 0.6996
threshold=1.0000000180025095e-35 -1.4759321159128549 1.1358255746546411 -1.0276516513723453 0.55603974827788982 0.91924234606554311 0.13675650529988143 -0.37272657292771644 0.23734520258599057 -0.36439830042107896 -0.71819098996271269 -0.10932804882858253 0.20618563299015633 -0.378867833587618 -0.48938058852909977 1.4244586108551691 1.7092913388094815 -0.19638895966000303 1.0000000180025095e-35 1.888622504501128 -0.73444524914034204 2.5581730392551942 0.42117975728787055 -0.21418478266601784 -0.98820330290396907 1.4793327969628769 0.12905513875791444 -1.3383867685862985 0.67681202699394538 -0.51048446771403111 0.59894880030640241 -1.0376574061571942 0.23350687464035613
decision_type=2 2 2 2 2 2 2 2 2 2 2 2 2 2 2 2 2 2 2 2 2 2 2 2 2 2 2 2 2 2 2 2 2
left_child=19 11 4 -4 5 7 -7 12 9 10 -9 -2 -3 14 -10 -5 17 18 -6 20 21 22 23 24 -1 -24 29 -26 -28 31 -31 -25 -29
right_child=1 2 3 15 16 6 -8 8 13 -11 -12 -13 -14 -15 -16 -17 -18 -19 -20 -21 -22 -23 25 26 27 -27 28 32 -30 30 -32 -33 -34
leaf_value=0.0031261976124471575 1.6396495686473184e-06 0.00035792097874313115 0.0077537199600027657 -0.00073182629255599807 -0.00014260125416935601 -0.0016517095878572493 0.00061515259478229752 -0.00035178603512855039 -0.0043185374305981456 -0.00028397256229160484 0.0058325869056645302 -0.0014306869028120376 -0.0018672088076922731 0.0021505763243420814 0.0090841746000615165 -4.2948507435121296e-05 0.00030115304132867201 -0.0011413090156589085 0.0075806563536676948 0.00018054003308583252 -3.2663415986073261e-05 0.0028543053939481542 5.7026822212053175e-05 0.013437316129636777 -2.6155970069195707e-05 -0.0017650312330961726 -0.0010252614418430786 -0.0011851572827043706 0.00010872750647985424 0.0049704395435096384 -1.1865872447126353e-05 -0.0009539810036749705 0.0005380669465806791
leaf_weight=8.9999999999999982 36 49 7.9999999999999991 30 89 28 25 11.000000000000002 8.9999999999999982 84 17 21 13.999999999999998 48 23 49 38 41 19 47 1399 11.999999999999998 115 9.0000000000000018 25 29 34 90 18 31 39 22 9.9999999999999982
leaf_count=9 36 49 8 30 89 28 25 11 9 84 17 21 14 48 23 49 38 41 19 47 1399 12 115 9 25 29 34 90 18 31 39 22 10
internal_value=-0.00085691 0.000800461 0.00154636 -0.00368456 0.00260073 0.00445117 -0.00164498 0.00594521 0.00339887 -2.45783e-05 0.00770675 -0.00550848 0.0122407 0.00867197 7.98039e-05 -0.00622704 -0.000172776 -0.0021876 2.54592e-05 -0.00144831 -0.00163193 -0.0035773 -0.00409149 -0.00591182 -0.0100797 -1.92498e-05 -0.00174744 -0.0124229 -0.00870959 0.00146547 0.00576201 -0.00616905 -0.0151302
internal_weight=2528 639 582 87 495 308 53 255 192 112 28 57 63 80 32 79 187 149 108 1889 1842 443 431 287 134 144 153 125 52 101 70 31 100
internal_count=2528 639 582 87 495 308 53 255 192 112 28 57 63 80 32 79 187 149 108 1889 1842 443 431 287 134 144 153 125 52 101 70 31 100
is_linear=0
shrinkage=0.060181


Tree=195
num_leaves=34
num_cat=0
split_feature=14 6 4 4 2 14 5 6 6 5 5 9 6 10 9 6 6 5 5 17 6 10 9 5 9 7 9 2 10 2 9 17 4
split_gain=0.430966 0.666113 0.992641 0.883062 1.4033 1.33503 0.89706 0.867521 0.774873 0.799291 0.731328 0.635766 0.596373 0.479456 1.29736 1.31315 0.637753 1.01449 1.47401 1.19308 1.76644 0.872306 1.08702 0.811319 0.785561 0.882765 0.734076 0.68402 0.678621 0.791923 1.28604 1.35739 1.01476
threshold=1.0000000180025095e-35 -0.23004834135152297 -0.23923763647717566 -0.71390802067129389 0.64722116861640167 1.7092913388094815 -0.062399897842304146 -0.69744188528903661 -0.82208016367237358 0.20835446363589177 -0.66497931610271532 0.84757696692981699 -0.043090923776517541 1.1408482110757383 1.4424469391565979 0.20618563299015633 -0.41700575892652841 -0.47058875646631976 -0.35186782604709715 1.0000000180025095e-35 -0.13656963256402027 0.61877157061923505 -0.83041376009138179 -0.55500941399647818 -0.62650809520000927 0.54335283298131087 -1.7819742011766835 1.1540364298032351 -1.2595572479905159 0.16052232891530949 -0.87731254037155415 1.0000000180025095e-35 -0.9145430981896886
decision_type=2 2 2 2 2 2 2 2 2 2 2 2 2 2 2 2 2 2 2 2 2 2 2 2 2 2 2 2 2 2 2 2 2
left_child=13 7 3 11 5 12 -6 8 9 -2 -9 -3 -5 16 -15 -16 26 19 24 20 -18 22 -22 -21 -19 -26 -1 28 -20 30 31 -30 -32
right_child=1 2 -4 4 6 -7 -8 10 -10 -11 -12 -13 -14 14 15 -17 17 18 27 23 21 -23 -24 -25 25 -27 -28 -29 29 -31 32 -33 -34
leaf_value=0.0010480534963501706 0.0018288749187099905 3.040357756943232e-06 -0.00029317729408745436 0.0048490484649125736 4.8269745971406569e-05 -0.00043483714236261615 -0.00065245481610181168 -0.00045619871731954458 -0.0015818959919558402 -0.00050104606142213398 0.00035278788294513256 -0.0030445790756643493 0.0055740723743927497 -0.00011333169708111125 -0.0026288244339219779 0.00987589310106924 0.00033527815610568713 7.9633808554430079e-06 0.0074267951752751389 0.00032063010016933672 7.253261787455438e-05 -8.5898345920093534e-06 -0.001860319257487125 -0.00073213920233052465 0.0046379942669725885 -4.215815708379094e-05 -0.00010264320379678811 0.00065321320860700508 -0.0035180250916916765 -0.00021509707501035413 -0.00032722907839374344 0.00032267298540668884 0.00093957642125931619
leaf_weight=33 18 118 152 7.9999999999999991 87 14.999999999999998 18 19 18 21 93 28 44 208 12.000000000000002 14.999999999999998 50 20 11.999999999999998 95 27 51 111 19 39 8.9999999999999982 803 48 25 135 35 15.999999999999998 126
leaf_count=33 18 118 152 8 87 15 18 19 18 21 93 28 44 208 12 15 50 20 12 95 27 51 111 19 39 9 803 48 25 135 35 16 126
internal_value=-0.00085691 0.000425854 -0.000641351 0.0011316 0.00412868 0.0106949 0 0.00367744 -0.00153641 0.00218553 0.00679209 -0.00203033 0.0152034 -0.00132112 -0.00392133 0.00697535 -0.000909364 0.000223203 0.00212509 -0.00211748 -0.00460087 -0.00735755 -0.00979494 0.00258279 0.0101253 0.0140495 -0.00208204 0.000532882 -0.000264072 -0.000980131 0.00118463 -0.00748443 0.00385617
internal_weight=2528 639 470 318 172 67 105 169 57 39 112 146 52 1889 235 27 1654 818 465 353 239 189 138 114 68 48 836 397 349 337 202 41 161
internal_count=2528 639 470 318 172 67 105 169 57 39 112 146 52 1889 235 27 1654 818 465 353 239 189 138 114 68 48 836 397 349 337 202 41 161
is_linear=0
shrinkage=0.060181


Tree=196
num_leaves=34
num_cat=0
split_feature=8 8 1 1 7 7 6 6 14 10 5 10 8 5 8 8 5 5 10 10 9 6 9 9 6 6 5 6 13 1 5 5 5
split_gain=0.408102 0.485196 0.970436 0.810874 0.967339 1.77405 0.656663 1.23797 0.581233 0.622932 0.945014 0.761197 0.60463 0.734085 0.602299 1.07047 0.79241 1.0627 0.621796 0.600746 0.917851 0.721896 0.595279 0.555839 0.554832 1.94836 1.15085 1.18551 0.912427 0.776279 0.903293 1.67689 0.752437
threshold=3.3318391215038683 0.62285889867506772 -1.4759321159128549 -1.4759321159128549 0.77999236735479405 -0.14179123404949431 0.89169616409850982 0.26850477218182484 2.933049057447366 1.0796504793186832 -0.26213669610665785 1.2333146729505615 -0.056859263721700394 1.0494725983622291 0.2971122736877177 0.21959181758521781 0.47686764340055127 0.13433364843686682 1.0447491064980954 1.2557771006352942 1.1490988381869585 0.14386649379848784 1.260009838267748 -0.99949782536233134 0.45546218975683034 0.58010046814016736 -0.47058875646631976 -0.074250493372351789 -0.34178311252737342 1.0000000180025095e-35 0.15114031494392058 1.0904228718946121 -0.19289164315669585
decision_type=2 2 2 2 2 2 2 2 2 2 2 2 2 2 2 2 2 2 2 2 2 2 2 2 2 2 2 2 2 2 2 2 2
left_child=1 3 -3 4 5 6 7 -1 9 14 11 -11 19 -14 15 18 17 23 -5 21 -21 -12 -17 -16 26 -26 27 -4 -29 30 -28 -32 -31
right_child=-2 2 24 8 -6 -7 -8 -9 -10 10 12 -13 13 -15 16 22 -18 -19 -20 20 -22 -23 -24 -25 25 -27 29 28 -30 32 31 -33 -34
leaf_value=-0.0012252416071356967 -0.0011934205259636619 0.00043209250933439565 -5.6473772745782008e-05 -1.8121596669487068e-05 6.1024358961114241e-05 -0.0035744431532421105 -0.0072053243179214486 0.0090178739669412415 0.0008879033853649524 -0.0010726944591640814 -4.3021059522343157e-05 -0.0001238047677064582 -0.0072619415709082079 0.00030320923870100328 0.002636637363838774 0.0050666133383983044 -0.0042163366949415689 0.0019367592379501706 0.00019586575850229692 -5.5768652225061847e-05 0.0016984048058804012 0.006927917962691303 -0.0010349213785812547 -0.000380071989706519 0.0034421520482439912 4.7736630542930494e-06 3.1318559017550939e-05 -0.00086731375719216203 0.0012434633915881198 0.0017905943964364986 -0.009475387462872055 0.00040881646143048285 2.901847337233899e-05
leaf_weight=24 8.9999999999999982 53 70 1335 14.999999999999998 34 20 24 18 36 9.0000000000000018 79 13.000000000000002 7.9999999999999991 7.9999999999999991 33 25 19 13.999999999999998 66 9.9999999999999982 10.999999999999998 7.9999999999999991 76 14.999999999999998 121 50 46 7.9999999999999991 47 18 15.999999999999998 190
leaf_count=24 9 53 70 1335 15 34 20 24 18 36 9 79 13 8 8 33 25 19 14 66 10 11 8 76 15 121 50 46 8 47 18 16 190
internal_value=-0.000975769 -0.000895752 0.000476387 -0.00138765 -0.00626101 -0.008575 -0.00172062 0.00122126 -0.0010207 -0.00116845 -0.00409898 -0.00788882 0 -0.00867637 -0.000674235 -0.000261141 -0.00459447 -0.00143797 -0.000602752 0.00184113 -3.56935e-05 0.0103187 0.00883365 -0.00484119 -0.000159275 0.00303793 -0.00128077 -0.00615336 -0.0125861 0.000472248 -0.00415422 -0.0112782 0.00238799
internal_weight=2528 2519 634 1885 117 102 68 48 1768 1750 232 115 117 21 1518 1390 128 103 1349 96 76 20 41 84 581 136 445 124 54 321 84 34 237
internal_count=2528 2519 634 1885 117 102 68 48 1768 1750 232 115 117 21 1518 1390 128 103 1349 96 76 20 41 84 581 136 445 124 54 321 84 34 237
is_linear=0
shrinkage=0.060181


Tree=197
num_leaves=34
num_cat=0
split_feature=3 4 4 4 9 10 8 8 6 1 0 3 7 8 7 7 10 0 4 9 7 7 18 9 2 2 9 9 8 9 8 9 7
split_gain=0.505037 0.752069 1.01234 0.733231 0.725596 1.45871 0.838195 1.11616 0.92391 0.681593 0.575509 0.554831 0.902666 0.725345 0.744336 1.17612 0.695741 0.592651 0.578623 0.822405 0.561958 0.699424 0.911447 0.913634 0.798803 0.65814 0.635159 1.04636 1.25624 0.956608 1.31037 0.94174 1.41547
threshold=-1.0537142412638232 -0.4490207211994785 -0.31387894862066579 -0.82932749882957124 -0.86783588974875214 -1.042331971701522 -0.083259600334711234 0.59991761465004412 -0.60396317650153386 1.0000000180025095e-35 -1.1446077060016007 -0.81546589321531082 2.2844047140396389 -1.3701753745752276 -0.69793685454457155 0.052133582928053306 -1.1178512548662884 1.01557764731833 -0.92440489752143995 -0.3382156374208557 1.5659431674400051 0.22982680729514457 1.0000000180025095e-35 1.4424469391565979 -0.78592486152974683 -0.70066877746742673 0.49197826545808798 0.779884982823846 1.6668750589913373 0.84757696692981699 -0.35851183895213679 -0.3451051338425255 -0.20757189883923458
decision_type=2 2 2 2 2 2 2 2 2 2 2 2 2 2 2 2 2 2 2 2 2 2 2 2 2 2 2 2 2 2 2 2 2
left_child=1 3 -3 -1 5 -4 9 8 -8 -6 -2 12 16 14 -13 -16 -12 18 19 -18 21 26 23 24 -23 -26 31 28 -28 -29 -31 -15 -33
right_child=10 2 4 -5 6 -7 7 -9 -10 -11 11 13 -14 20 15 -17 17 -19 -20 -21 -22 22 -24 -25 25 -27 27 29 -30 30 -32 32 -34
leaf_value=-0.0001484717793322799 0.00037305328298404785 -0.0054315224664037796 0.0058960780313829543 0.00071511153299869893 -0.00054856349586425261 -0.0019420296800465909 -0.0044948324313228427 0.00049471441816475743 0.0005144752854184968 0.0018335995734338158 0.0013538453385516526 -0.0018459378351477985 0.0033511077341362569 -0.000111146763263665 0.0056894058848893933 -7.7331824547000948e-06 0.0005441908114077928 0.0015750379975411825 -0.0021087679110559565 -0.01033085743650685 -0.00017995759092993211 0.00021718469569417142 -8.7429088944836908e-05 0.0070764881299500964 -0.019526052866763198 1.9776450109702096e-05 -0.00073350137016465924 0.004367649953089847 0.00092641350224652362 -0.00038852848238237565 -8.9311406757110954e-06 -5.6143837560467787e-05 0.0011309281923892172
leaf_weight=34 88 17 13.999999999999998 65 26 31 19 44 14.999999999999998 71 18 9.9999999999999982 9.9999999999999982 483 21 19 15.000000000000002 10.999999999999998 117 15.999999999999998 70 102 280 30 9.9999999999999982 158 73 19 11.999999999999998 48 204 270 108
leaf_count=34 88 17 14 65 26 31 19 44 15 71 18 10 10 483 21 19 15 11 117 16 70 102 280 30 10 158 73 19 12 48 204 270 108
internal_value=-0.000833138 0.00124883 -0.000386996 0.00559978 0.000550989 -0.00563029 0.00254305 -0.00150977 -0.00967784 0.0063093 -0.00117991 -0.0014005 -0.00459311 -0.00105118 0.00566647 0.00972632 -0.00584709 -0.00723457 -0.00835493 0 -0.00127231 -0.00102097 0.000623586 0.00298269 0.00155008 -0.000717951 -0.00185124 -0.00402438 -0.00988064 -0.00187317 -0.00307191 -0.000873352 0.00126909
internal_weight=2528 336 237 99 220 45 175 78 34 97 2192 2104 187 1917 50 40 177 159 148 31 1867 1797 580 300 270 168 1217 356 85 271 252 861 378
internal_count=2528 336 237 99 220 45 175 78 34 97 2192 2104 187 1917 50 40 177 159 148 31 1867 1797 580 300 270 168 1217 356 85 271 252 861 378
is_linear=0
shrinkage=0.060181


Tree=198
num_leaves=34
num_cat=0
split_feature=9 9 7 9 7 6 13 6 7 11 13 11 3 6 15 7 9 4 3 12 7 3 19 10 6 9 6 9 3 3 17 2 6
split_gain=0.534921 1.34312 1.34333 1.13357 1.38849 1.09786 0.827876 0.874099 0.930817 1.23792 0.734475 0.693214 0.837727 1.50676 0.914172 0.777465 0.984906 0.848049 0.778211 0.701409 0.567087 0.555902 0.544074 0.695782 0.914438 0.726781 0.710362 0.598883 1.25379 0.958648 0.982023 0.847193 0.888532
threshold=0.60027742094848002 0.74186853447891854 0.36309672557046335 0.85774982676031819 -0.092242161870208131 -1.0713567204390475 1.3129973753868389 0.98517487288601269 -0.076010569259752886 -0.18428614991956593 1.0000000180025095e-35 1.0000000180025095e-35 -0.92019391069077316 -0.26120791094735718 1.0000000180025095e-35 -1.2668968902584323 1.0703209923880617 0.082383671959323862 0.35392370833355769 1.3760688070906235 0.36309672557046335 -0.54967891987932205 1.0000000180025095e-35 -0.9679193460638621 0.20618563299015633 -0.85933666562035305 -0.60396317650153386 0.016024505711296655 -1.144368050060498 -0.79133667173355382 1.0000000180025095e-35 -1.1319024268494513 1.2032918600568523
decision_type=2 2 2 2 2 2 2 2 2 2 2 2 2 2 2 2 2 2 2 2 2 2 2 2 2 2 2 2 2 2 2 2 2
left_child=6 20 3 4 -3 -5 22 8 -8 -10 11 12 -7 14 -14 -13 18 -18 -17 -15 -2 -12 27 -24 26 -26 -25 -1 -29 30 -30 -31 -33
right_child=1 2 -4 5 -6 10 7 -9 9 -11 21 15 13 19 -16 16 17 -19 -20 -21 -22 -23 23 24 25 -27 -28 28 29 31 -32 32 -34
leaf_value=-7.1920519297192327e-05 -0.0016001849232172793 0.0041048004611831061 -0.00025978602952796549 0.0027100361014182816 -0.0010379968908155875 -0.0037720396138240719 0.0006487942487517236 -0.00027196896887647686 -0.00021226617585822622 0.00042735843242192934 0.0012420973392230281 -0.0011210618140557872 0.0025604533812559442 -0.0020593589947307486 -4.5891818587596441e-05 0.0088299520207308115 0.0015360508862118515 -5.8184978023228258e-05 -0.014279574600411389 0.00015433809232425044 -0.00010002409880183605 -0.00044434939376284023 -0.01050334262283951 -0.0032284834194393408 -0.016198526411492081 0.0040996333849830447 0.0065713403280964035 0.0028409677825424443 -0.0025918208098556377 0.00019030306918789327 0.00025871609618384662 -7.8122659147563579e-05 0.0028316873893290992
leaf_weight=1149 65 33 161 24 11.999999999999998 26 45 20 37 29 7.9999999999999991 19 37 44 33 8.0000000000000018 71 31 15.999999999999998 15.999999999999998 25 35 10.999999999999998 9.9999999999999982 8.9999999999999982 27 22 65 35 45 14.999999999999998 313 32
leaf_count=1149 65 33 161 24 12 26 45 20 37 29 8 19 37 44 33 8 71 31 16 16 25 35 11 10 9 27 22 65 35 45 15 313 32
internal_value=-0.000785594 -0.00225787 -0.00104683 0.000656872 0.00934485 -0.000331545 -0.000227087 0.00426852 0.0065888 0.000905439 -0.00139322 -0.000108114 -0.00303431 -0.000471709 0.00494438 0.00265146 0.00466537 0.00743526 -0.00446321 -0.00761411 -0.00903138 -0.00845456 -0.000608088 0.0040414 0.00676342 0 0.013602 -0.000873058 0.000774704 -0.000277733 -0.00791185 0.000618808 -0.000267102
internal_weight=2528 664 574 413 45 368 1864 131 111 66 344 301 156 130 70 145 126 102 24 60 90 43 1733 79 68 36 32 1654 505 440 50 390 345
internal_count=2528 664 574 413 45 368 1864 131 111 66 344 301 156 130 70 145 126 102 24 60 90 43 1733 79 68 36 32 1654 505 440 50 390 345
is_linear=0
shrinkage=0.060181


Tree=199
num_leaves=34
num_cat=0
split_feature=19 8 2 11 5 11 8 13 3 6 6 6 8 2 8 5 4 4 5 4 15 3 8 13 5 8 5 5 5 8 6 5 8
split_gain=0.447316 1.55505 0.738391 0.774244 0.706132 0.473181 1.04403 1.1102 0.841483 0.693922 0.608968 0.437361 1.66147 2.43458 1.41503 0.890099 1.08903 0.832342 0.609938 0.525879 0.750077 0.968009 0.713812 0.689197 0.469464 0.436449 0.544049 0.429699 1.25124 1.0572 0.541565 0.874017 0.595113
threshold=1.0000000180025095e-35 -0.93206443923558968 -0.85143647618516605 -0.98270155179902219 -0.028045445203784696 1.8117523547790746 1.2357189132761148 -0.28273421980146973 -0.44881620846372683 1.8576428215693714 0.39314305056516186 -0.75976102448070504 -1.0260727101997211 -1.1439527153758651 2.1912069242036796 0.45499849719943936 1.303525432964556 0.50810343095629718 0.49459692688332907 1.2317550036217837 0.88625919121491659 -0.81870629383252247 -0.056859263721700394 -0.32114557897330248 3.5046483674833464 -0.51002192568107507 1.0000000180025095e-35 0.10665614093846952 0.039872093207392406 -0.36971006099449794 -0.6662823156932024 -0.60793512424481266 -0.61755403820354915
decision_type=2 2 2 2 2 2 2 2 2 2 2 2 2 2 2 2 2 2 2 2 2 2 2 2 2 2 2 2 2 2 2 2 2
left_child=5 -2 4 -4 -3 11 7 8 -7 10 -10 12 13 -1 15 19 17 -17 -15 20 21 22 -14 25 -18 -21 -27 28 30 -30 31 -13 -33
right_child=1 2 3 -5 -6 6 -8 -9 9 -11 -12 27 14 18 -16 16 24 -19 -20 23 -22 -23 -24 -25 -26 26 -28 -29 29 -31 -32 32 -34
leaf_value=-0.021728366027568922 -0.010470433159428368 -0.0039178510757210943 -0.00024471958370004756 0.0038529133950982548 0.0023060834451119044 0.0028646179594436355 0.0029145516807201617 0.00033746442075329884 -0.00027856707587904325 -0.00027623450097546352 -0.0010792375799329608 0.0035430583279691527 -0.0021261972686366414 0.0039749006064051847 0.00428573733119337 -3.2168779504054127e-05 -0.00040787410470502673 0.0043108574751124923 0.00010645741947926046 0.0013024206349707566 0.000214337688683321 -0.0010084341865023072 0.0002857523022022365 -0.0079200571270803318 0.00046006970305775965 0.00039019811684129886 -0.0074726140774985005 2.8827591596432511e-05 -0.0047342722775176255 -0.00016464162830002034 -3.368005306571609e-05 0.0018256865024342457 -0.0009195733403214645
leaf_weight=8.9999999999999982 18 14.000000000000002 13.999999999999998 59 8.9999999999999982 9.9999999999999982 11.999999999999998 18 8.9999999999999982 18 35 15.999999999999998 46 37 12.999999999999998 111 57 29 22 20 25 82 30 18 9.9999999999999982 28 19 371 22 30 1288 10.000000000000002 19
leaf_count=9 18 14 14 59 9 10 12 18 9 18 35 16 46 37 13 111 57 29 22 20 25 82 30 18 10 28 19 371 22 30 1288 10 19
internal_value=-0.000904454 0.00258279 0.00607054 0.0090716 -0.00123785 -0.00109646 -0.00515576 -0.00774552 -0.0111816 -0.0138033 -0.0177584 -0.000884864 -0.002371 0.00592295 -0.00367831 -0.00434406 -0.00101363 0.00169609 0.0111003 -0.00665774 -0.00856164 -0.0100723 -0.00381571 -0.0017301 -0.0072854 0.000466429 -0.00184002 -0.000377831 -0.0008905 -0.0097919 -0.000474891 0.00563029 0
internal_weight=2528 114 96 73 23 2414 102 90 72 62 44 2312 556 68 488 475 207 140 59 268 183 158 76 85 67 67 47 1756 1385 52 1333 45 29
internal_count=2528 114 96 73 23 2414 102 90 72 62 44 2312 556 68 488 475 207 140 59 268 183 158 76 85 67 67 47 1756 1385 52 1333 45 29
is_linear=0
shrinkage=0.060181


Tree=200
num_leaves=34
num_cat=0
split_feature=11 8 11 10 17 8 8 8 4 8 8 10 1 8 8 12 0 4 8 14 8 10 10 11 11 8 8 4 8 8 8 0 6
split_gain=0.412785 0.711826 0.556902 0.508016 0.336766 0.497007 0.269309 1.06761 0.745302 0.751004 0.618684 0.864054 0.417828 0.818307 0.59112 0.762236 0.798825 0.391929 0.385537 0.765591 0.381008 0.64836 0.943821 0.619661 0.737544 0.734334 0.640804 0.488637 0.36852 0.781526 0.602803 0.367574 0.449827
threshold=1.8117523547790746 1.0368690029747964 2.2109600557188034 1.0666274251646402 2.8191998165809324 -0.48780399844997951 1.2357189132761148 1.0666362647155767 -0.49781881437823955 1.9085023646409709 1.4480835793558031 0.80930191946523367 -1.4759321159128549 0.45746236861725287 -1.0260727101997211 -0.67414598255139557 -1.1446077060016007 -1.0433943353064836 -1.4234195001567163 1.0000000180025095e-35 1.3791089476888558 -0.15606078145320249 0.50010066107992457 1.0000000180025095e-35 -0.38389000038943 2.2556862886215261 1.598860177461382 1.0000000180025095e-35 1.6668750589913373 1.5346096333314194 2.2994607195139722 1.01557764731833 -0.94671844205571054
decision_type=2 2 2 2 2 2 2 2 2 2 2 2 2 2 2 2 2 2 2 2 2 2 2 2 2 2 2 2 2 2 2 2 2
left_child=4 2 3 -2 6 -6 7 12 9 10 -8 -12 13 14 -1 -16 -17 -11 19 -14 21 -10 -23 24 25 26 -22 -26 29 -25 -30 -20 -33
right_child=1 -3 -4 -5 5 -7 8 -9 20 17 11 -13 18 -15 15 16 -18 -19 31 -21 23 22 -24 28 27 -27 -28 -29 30 -31 -32 32 -34
leaf_value=0.00015071835801774849 -0.00044776660048437842 0.0041393485284094388 -4.4478542598179498e-05 -0.00012507936847015952 0.00031546890830572247 -6.5565372458885985e-05 -9.0221297273428911e-05 0.00054367461563575858 -0.0079025890423893071 0.00029450515292510137 -0.0036931000376453139 7.7436054349300209e-06 -0.00048339117207314383 0.00083933269241877871 0.00066076615052125596 -0.00021905596063160259 -0.0086787551658269423 -0.0001901698027900947 -1.6659158907792331e-05 0.00094287582821417392 0.0010557280632834331 0.0051038562399872483 -0.0035837146467232539 0.0003705946216015746 -0.0030804973984563978 0.0039662764763454652 -0.00057291950452961597 -8.2780617572405084e-05 0.0038597964104331332 -0.00022597912875392038 -4.6258212536900727e-05 0.0091224093120280975 9.7387308929358855e-05
leaf_weight=14.999999999999998 29 17 42 20 12.999999999999998 19 33 57 13.999999999999998 11.999999999999998 32 11.999999999999998 35 22 18 40 34 49 1721 9.9999999999999982 17 12.000000000000002 14.999999999999998 13.000000000000002 9.9999999999999982 7.9999999999999991 35 22 31 12.999999999999998 12.999999999999998 18 77
leaf_count=15 29 17 42 20 13 19 33 57 14 12 32 12 35 22 18 40 34 49 1721 10 17 12 15 13 10 8 35 22 31 13 13 18 77
internal_value=-0.000690507 -0.00433935 -0.00670945 -0.0109223 -0.000497796 0.00515064 -0.000605111 -0.000309539 -0.00219122 -0.00554499 -0.00936805 -0.0139658 -0.000574979 -0.00387906 -0.00628297 -0.00821297 -0.0108934 0 -0.000308141 -0.00563029 0 -0.00478598 0 0.00147077 -0.00128868 0.00193703 -5.10996e-05 -0.0085312 0.00576201 0 0.00890906 -0.000133856 0.00338563
internal_weight=2528 108 91 49 2420 32 2388 2047 341 138 77 44 1990 129 107 92 74 61 1861 45 203 41 27 162 92 60 52 32 70 26 44 1816 95
internal_count=2528 108 91 49 2420 32 2388 2047 341 138 77 44 1990 129 107 92 74 61 1861 45 203 41 27 162 92 60 52 32 70 26 44 1816 95
is_linear=0
shrinkage=0.060181


Tree=201
num_leaves=34
num_cat=0
split_feature=9 2 6 9 13 13 2 10 7 0 9 12 13 6 11 2 7 8 16 8 8 10 9 1 7 8 2 10 6 8 8 11 9
split_gain=0.935916 0.931575 0.976971 1.15833 0.917614 1.25707 0.93684 0.916059 0.854458 0.763767 1.35872 0.788291 1.33454 1.41911 1.24778 1.21843 1.11375 0.878747 0.777276 0.748007 0.733171 0.816782 0.755119 0.717352 0.789633 0.918052 0.741604 0.711632 1.17407 0.698725 1.28414 0.960145 0.832635
threshold=0.49197826545808798 -0.27178718436327248 -0.72860145488487082 0.17661554183023856 0.38251053974442206 -0.32114557897330248 -0.77522766329679205 -0.41635608065096474 0.011127454227954952 1.0000000180025095e-35 0.18900519848999808 1.0000000180025095e-35 -0.32917128995940531 2.0134406695485429 0.61412925195989043 1.6905837262216423 -0.22038631405801448 0.093353487690607015 1.6165153522599058 -0.75707596240233077 0.2667674971529358 -0.089020814202466395 -0.31254035489086651 1.0000000180025095e-35 0.63049085646902003 0.90036442985009868 -0.2957436717967421 0.72283832306409346 0.92285573369434404 0.2971122736877177 -0.15090090600725856 -0.18428614991956593 0.17661554183023856
decision_type=2 2 2 2 2 2 2 2 2 2 2 2 2 2 2 2 2 2 2 2 2 2 2 2 2 2 2 2 2 2 2 2 2
left_child=1 4 3 8 5 29 -7 -4 19 18 11 12 13 14 -11 17 -13 -14 20 -3 22 -22 -9 27 -25 26 -26 28 -2 30 -1 -31 -32
right_child=23 2 7 -5 -6 6 -8 9 -10 10 -12 16 15 -15 -16 -17 -18 -19 -20 -21 21 -23 -24 24 25 -27 -28 -29 -30 31 32 -33 -34
leaf_value=0.00010347253626252267 -0.00018533859609104345 0.00090324471910240109 0.0001178662402159673 -0.006914692506272635 0.0002064099997160346 -0.00043434989967652078 0.00013611633514789119 -0.00019374797563902698 1.9298564762483362e-05 5.8964969635815494e-06 0.0041191586918436791 -0.00074891535831519225 0.0016640322028507223 0.0068408999578741985 -0.00086091943146540185 -0.001520867418268793 0.0001199971274806942 -0.0070005102813754791 0.0052876805387453525 -0.0030579877111742023 -0.0015295218756951983 9.4353995928839435e-05 -0.0022046634133333588 1.8958061434759685e-05 -0.0039324658977015351 9.4407156559071662e-05 0.0087239688845914664 0.00021911728600552385 -0.0034046182617315365 0.0014653797495223768 -4.5950213761823569e-05 5.3469500959181472e-05 -0.0023698711740605524
leaf_weight=238 170 21 211 31 85 91 67 138 116 69 42 61 53 15.999999999999998 43 8.9999999999999982 31 9.9999999999999982 17 37 13.999999999999998 67 94 390 41 29 12.999999999999998 49 32 69 50 89 35
leaf_count=238 170 21 211 31 85 91 67 138 116 69 42 61 53 16 43 9 31 10 17 37 14 67 94 390 41 29 13 49 32 69 50 89 35
internal_value=-0.000405244 0.000301211 -0.000780151 -0.00448527 0.00198897 0.00108142 -0.00336916 3.7482e-05 -0.00204909 -0.000995848 0.000899711 -0.000416785 0.00149185 -0.00185074 -0.00470978 0.00799759 -0.00506557 0.0113372 -0.00307526 -0.00786131 -0.00390567 0.000389246 -0.00563158 -0.00223711 -0.000700449 -0.00593943 -0.0104967 -0.00485676 -0.00645329 0.00267586 0.000837882 0.00597594 -0.00512616
internal_weight=2528 1804 1080 205 724 639 158 875 174 664 334 292 200 128 112 72 92 63 330 58 313 81 232 724 473 83 54 251 202 481 323 158 85
internal_count=2528 1804 1080 205 724 639 158 875 174 664 334 292 200 128 112 72 92 63 330 58 313 81 232 724 473 83 54 251 202 481 323 158 85
is_linear=0
shrinkage=0.060181


Tree=202
num_leaves=34
num_cat=0
split_feature=11 9 9 6 15 7 14 5 6 5 10 10 0 5 7 7 9 9 7 12 9 7 7 6 10 5 0 14 9 11 10 5 6
split_gain=0.549052 0.775416 1.28154 0.962782 1.06495 1.42688 0.928732 0.936626 0.884406 1.42737 1.07017 1.05335 0.854787 0.815748 0.783173 0.772716 0.770344 0.758338 1.25158 1.39279 0.724431 0.792527 0.71623 0.699553 0.729098 0.685953 0.672811 0.662852 1.2029 0.793955 0.761387 0.695703 0.980723
threshold=0.8137331024297545 0.31636816310790566 -0.3451051338425255 -0.13656963256402027 1.0000000180025095e-35 -0.77226046281349958 -0.738224098466287 0.38495777128076686 -0.63512274609736818 0.28749605085447588 0.21171830794581822 0.44109562876467528 -1.1446077060016007 -1.0237405522185019 0.078616707713533462 -1.1968447537290989 -0.22685477130828802 -1.0872827587941531 -0.73894298324467 -0.67414598255139557 -1.8655880814435755 0.24776698860143817 0.84491873779661508 -0.69744188528903661 -0.1354972807334813 -0.73626492055430026 1.0000000180025095e-35 1.0000000180025095e-35 1.1129823073903073 0.41452540149002631 0.50010066107992457 -0.29834528583205649 0.081547354606819361
decision_type=2 2 2 2 2 2 2 2 2 2 2 2 2 2 2 2 2 2 2 2 2 2 2 2 2 2 2 2 2 2 2 2 2
left_child=1 2 12 8 5 15 -4 22 14 10 13 -12 -1 -10 -3 -5 -9 -2 19 -19 21 -14 -8 24 -16 -7 -24 31 29 30 -29 32 -6
right_child=17 3 6 4 27 25 7 16 9 -11 11 -13 20 -15 23 -17 -18 18 -20 -21 -22 -23 26 -25 -26 -27 -28 28 -30 -31 -32 -33 -34
leaf_value=0.0071709458346861585 7.8511045895022843e-05 5.8196001826145304e-05 -5.2819250197364837e-05 0.0016357379407161835 0.00098285610901836145 -0.0031092889100446768 0.00019026871882340027 -0.0017089486550939939 0.0016533413055371655 6.6794384499432047e-05 0.0018103653442224945 -0.00044405974342106208 -0.00018385130699338466 -0.00051734663054945262 -0.00031912468043264095 -0.00056656390879871832 0.0026807483202230054 1.5687520490212949e-05 -2.457872605654301e-05 -0.00071702887922011206 -7.3963806421605121e-05 0.0035048423558137346 0.00011763071287478345 0.00059680170548824258 0.001192970592794055 0.0026800988885566355 -0.00088529632285973281 0.00050981482492761074 -0.0013271022804735859 0.0013045274704549313 -0.0045370799067341447 0.0010253119989781052 -0.00036042116578523779
leaf_weight=25 66 87 129 12.999999999999998 12.999999999999998 10.999999999999998 286 12.999999999999998 7.9999999999999991 38 11.999999999999998 41 31 96 126 20 59 40 337 89 687 21 17 13.999999999999998 14.999999999999998 55 15.999999999999998 23 35 9.9999999999999982 10.999999999999998 41 43
leaf_count=25 66 87 129 13 13 11 286 13 8 38 12 41 31 96 126 20 59 40 337 89 687 21 17 14 15 55 16 23 35 10 11 41 43
internal_value=-0.000310157 0.000121807 0.00103046 -0.00143364 0.00119825 0.00618632 0.00333857 0.00481126 -0.00321625 -0.00622621 -0.00882352 -0.000581792 -0.000474108 -0.0123306 -0.000501634 -0.00254378 0.0111816 -0.0020278 -0.00295356 -0.00796362 -0.000935792 0.00546265 0.00308684 -0.00324317 -0.00480569 0.0112808 -0.00418788 -0.00135612 -0.0054985 5.9687e-05 -0.00327632 0.00152373 -0.00206703
internal_weight=2528 1996 1284 712 275 99 520 391 437 195 157 53 764 104 242 33 72 532 466 129 739 52 319 155 141 66 33 176 79 44 34 97 56
internal_count=2528 1996 1284 712 275 99 520 391 437 195 157 53 764 104 242 33 72 532 466 129 739 52 319 155 141 66 33 176 79 44 34 97 56
is_linear=0
shrinkage=0.060181


Tree=203
num_leaves=34
num_cat=0
split_feature=8 8 10 10 9 9 7 13 7 7 7 9 13 13 6 7 8 6 7 7 6 6 6 12 8 8 10 9 13 6 9 8 12
split_gain=0.472735 0.589328 1.00761 0.937538 0.587194 0.903256 1.35878 0.988671 0.957064 0.775454 0.67423 0.651292 0.620648 1.08063 1.30986 2.08343 0.971479 1.01435 0.925759 0.887855 0.982472 1.06099 0.910081 1.33548 0.88055 0.847438 1.83731 0.774116 0.731576 0.724521 1.31255 0.72231 0.697435
threshold=3.3318391215038683 2.0156529928194646 -0.44231399995042292 -0.21418478266601784 0.49197826545808798 0.74186853447891854 0.27766729077859248 -0.33405728680785335 0.22982680729514457 1.9375612087846428 0.34003077817665855 0.85774982676031819 1.7756914647713575 -0.32237809849077359 -0.16772920215985451 0.26570716990773052 -1.1943677709397253 0.98517487288601269 0.47073781340822102 0.50234670428121253 -1.0401971508432133 0.36198348096932759 -0.75976102448070504 1.0000000180025095e-35 -0.35851183895213679 -0.96707608923382848 -1.0849135191274326 0.35790528436908148 -0.19678362983526937 -0.13656963256402027 0.24239032474447195 1.0666362647155767 0.35096141226961375
decision_type=2 2 2 2 2 2 2 2 2 2 2 2 2 2 2 2 2 2 2 2 2 2 2 2 2 2 2 2 2 2 2 2 2
left_child=1 4 -3 -4 12 10 8 9 -7 11 -6 -8 13 19 15 25 -14 -18 -16 22 -21 31 23 24 -1 26 -15 29 -20 30 -24 -22 -31
right_child=-2 2 3 -5 5 6 7 -9 -10 -11 -12 -13 16 14 18 -17 17 -19 28 20 21 -23 27 -25 -26 -27 -28 -29 -30 32 -32 -33 -34
leaf_value=-8.9007298892422338e-05 -0.0011274101666022094 0.0002659185660314084 -0.0029458057277762808 9.9523580135325889e-05 -0.00050209727296106864 4.4989208562090059e-06 0.00022871022940941995 0.00018280249916329577 0.0031701997643565666 0.00063414763733763942 -8.9681505158457474e-05 -0.00076524948897780255 -0.0011031345527526715 0.0095206695255231136 6.8374216111041287e-05 -1.5917803607984752e-05 0.00036890161993049532 -0.00030124096185187802 -0.0018806670085850601 0.0025435789463985614 -0.00011046329649461674 0.0012718649004793575 0.00018140060917615097 0.0015396923255384164 -0.0067880727405959847 -0.0021400290541100579 -0.00023898225638033062 0.0022298003322364659 5.4788311657944052e-05 1.0448148758690959e-05 -0.0065020617685051067 0.00012464848857007764 -0.00032826830428578889
leaf_weight=50 8.9999999999999982 30 7.9999999999999991 64 96 322 9.9999999999999982 48 14.999999999999998 14.999999999999998 42 101 7.9999999999999991 10.999999999999998 228 124 85 12.999999999999998 13.999999999999998 60 152 18 190 43 51 87 32 54 18 326 14.999999999999998 42 147
leaf_count=50 9 30 8 64 96 322 10 48 15 15 42 101 8 11 228 124 85 13 14 60 152 18 190 43 51 87 32 54 18 326 15 42 147
internal_value=-0.000405244 -0.000323192 0.00401602 0 -0.000535706 -0.00207923 -0.000765672 -0.00509873 0.00133351 -0.00791578 -0.00639498 -0.00973952 1.60383e-06 -0.000254627 -0.00256339 -0.00561786 0.00441853 0.00654336 0.000239079 0.000734085 0.00372243 0.00140881 -0.000140067 -0.00450416 -0.00836932 -0.0108319 -0.00199795 0.000658356 -0.0085312 4.16862e-06 0.0030428 0 -0.00120553
internal_weight=2528 2519 102 72 2417 649 511 174 337 126 138 111 1768 1662 514 254 106 98 260 1148 272 212 876 144 101 130 43 732 32 678 205 194 473
internal_count=2528 2519 102 72 2417 649 511 174 337 126 138 111 1768 1662 514 254 106 98 260 1148 272 212 876 144 101 130 43 732 32 678 205 194 473
is_linear=0
shrinkage=0.060181


Tree=204
num_leaves=34
num_cat=0
split_feature=3 3 19 4 9 8 8 9 9 9 10 10 9 11 10 9 10 11 9 4 12 3 11 9 3 3 3 8 4 9 8 9 8
split_gain=0.82996 0.777656 0.478282 0.573856 0.596656 0.441169 0.632766 0.661021 0.429702 0.4365 1.00087 0.631139 0.60277 0.427222 0.422583 0.422101 0.78915 0.442645 0.795573 0.500576 0.421846 1.19494 0.765176 0.579028 1.05882 0.786072 0.51241 0.374328 0.370747 1.06503 0.34484 0.330353 0.315469
threshold=-1.5596263421820107 -1.1764291680277481 1.0000000180025095e-35 -0.69793827907839723 0.98429768203357992 3.3318391215038683 2.3316729226004491 1.0703209923880617 1.5311383129721416 -0.87731254037155415 -0.99938535613924373 -1.0276516513723453 0.35131760949051516 1.2129408033694828 -0.16569657595765511 -1.8655880814435755 0.73415142670018618 1.8117523547790746 -0.93703533685373908 -0.98820330290396907 -0.67414598255139557 -0.76410408701705401 -0.58349385085929406 -0.55735794549983686 -0.89563848150651026 0.56531235991502482 -1.0537142412638232 -0.29225847774228159 -0.82932749882957124 -0.53338898857678874 -0.85675136339611024 -1.3379350199102014 -1.0013789984630945
decision_type=2 2 2 2 2 2 2 2 2 2 2 2 2 2 2 2 2 2 2 2 2 2 2 2 2 2 2 2 2 2 2 2 2
left_child=-1 8 5 27 13 6 15 -8 9 10 -2 12 30 31 -10 16 32 20 -19 -20 21 26 -23 24 -22 -25 -17 -4 -13 -30 -11 -5 -3
right_child=1 2 3 4 -6 -7 7 -9 14 11 -12 28 -14 -15 -16 17 -18 18 19 -21 23 22 -24 25 -26 -27 -28 -29 29 -31 -32 -33 -34
leaf_value=-0.00015116934711759467 0.0070071762547149544 0.00012121818870310378 -0.008483730655846948 -0.0026667140582165381 -0.00030777104882450372 -0.0010595615082516073 -9.0810955742154383e-05 0.0044874813833024997 -0.0036709846813186946 -0.0035166079583354385 -0.0025956030858734856 -8.5835521768113288e-05 -0.0032577342942001495 -0.0021165103598516375 0.00044919430854290898 6.041763297607243e-05 -0.00015303144252024276 3.1230943243220676e-05 -0.00011549397054041979 -0.0020341689716325251 0.0028941072416277412 -7.7954367394414498e-05 0.00013050528086900297 1.5453007097800615e-05 -0.00016562859476972649 -0.00010130698968089771 -0.00023086473986917095 0.002827096019211097 -0.0054345613805649841 0.0024051222395889832 0.0033691606634033127 0.0021425216291152314 0.0037057950396660721
leaf_weight=52 11.000000000000002 16.999999999999996 12.999999999999998 7.9999999999999991 10.999999999999998 8.9999999999999982 10.000000000000002 18 11.000000000000002 7.9999999999999991 19 13.999999999999998 12.999999999999998 8.9999999999999982 12.999999999999998 46 12.999999999999998 12.999999999999998 29 52 29 120 319 772 357 263 93 23 10.999999999999998 65 19.000000000000004 42 26.000000000000004
leaf_count=52 11 17 13 8 11 9 10 18 11 8 19 14 13 9 13 46 13 13 29 52 29 120 319 772 357 263 93 23 11 65 19 42 26
internal_value=-0.000333929 -0.000146768 -0.000473121 0.00332038 0.00657964 -0.000688419 -0.000594667 0.00770675 0.0035438 0.00479935 -8.45535e-05 0.00632746 0 0.00917768 -0.00228307 -0.000742188 0.00408638 -0.000905532 -0.00496177 -0.00750249 -0.000677575 0.00062573 0.00224993 -0.00124819 -0.0032511 -0.000437317 -0.00402906 -0.00159131 0.00903138 0.0106197 0.00500892 0.0112799 0.00845456
internal_weight=2528 2476 2292 106 70 2186 2177 28 184 160 30 130 40 59 24 2149 56 2093 94 81 1999 578 439 1421 386 1035 139 36 90 76 27 50 43
internal_count=2528 2476 2292 106 70 2186 2177 28 184 160 30 130 40 59 24 2149 56 2093 94 81 1999 578 439 1421 386 1035 139 36 90 76 27 50 43
is_linear=0
shrinkage=0.060181


Tree=205
num_leaves=34
num_cat=0
split_feature=3 5 8 0 2 3 6 11 5 5 13 5 8 5 8 5 8 8 11 8 13 11 6 11 12 10 8 13 10 3 8 6 3
split_gain=0.760359 0.587578 0.392332 0.768038 0.697728 1.0221 1.14441 1.03803 0.693095 0.958409 1.21903 1.09393 0.933638 0.931433 0.823653 0.960804 0.701334 0.774873 0.685032 1.37596 0.684337 0.628058 1.12823 0.700083 0.908328 0.844628 0.617875 0.585496 0.772744 0.974093 0.689866 0.645156 0.604451
threshold=-1.6405336110775788 -0.080229370892414734 0.62285889867506772 1.0000000180025095e-35 0.42117975728787055 0.32746638885357221 -0.88439930286404211 1.0000000180025095e-35 -0.7075433891486308 -0.51410028920055839 -0.25969495246319657 0.052797681637131604 0.79825505576527434 -0.85458774881966082 0.75869737685808669 -0.39479095204944287 0.90036442985009868 1.2357189132761148 1.2129408033694828 -0.2996336183103655 -0.34178311252737342 0.8137331024297545 0.11270692420265362 0.21492155102016219 2.4011762019116332 0.59894880030640241 1.0000000180025095e-35 -0.17877003844928632 -0.60055800914402568 1.5203552364013093 1.0000000180025095e-35 -0.97787801165154475 0.4275359902762953
decision_type=2 2 2 2 2 2 2 2 2 2 2 2 2 2 2 2 2 2 2 2 2 2 2 2 2 2 2 2 2 2 2 2 2
left_child=1 -1 3 4 5 21 -7 -8 13 12 14 -12 -10 16 -11 -16 -4 -18 27 -20 -15 23 -23 24 -2 -25 -27 28 30 -30 31 -6 -33
right_child=2 -3 8 -5 18 6 7 -9 9 10 11 -13 -14 20 15 -17 17 -19 19 -21 -22 22 -24 25 -26 26 -28 -29 29 -31 -32 32 -34
leaf_value=2.0682983167676716e-05 -6.7930694325159157e-05 -0.00090064614897071072 0.0036712435831138513 1.6713142811236843e-05 -0.00010841078704713775 -0.022488772627693766 0.0010616282738508014 4.0821448399864833e-05 -0.0028246692111621994 0.0034210240911401093 0.00016923353514033468 -0.002354122202954527 0.00042556727394490231 -0.0020207305965001718 -0.0014624036010768145 7.3709936736953476e-05 -0.001321005295604781 4.3909108412500036e-05 0.0012098503188848707 -0.0015548480447537855 5.4620622420717282e-06 -0.0043807560035272058 -6.773869806214221e-05 0.00041490830091360319 -0.0024008861532127702 -0.0058970756231168228 0.0015555488308686262 -0.00038419952631564016 -0.00094057068816075457 0.00032521181532541385 -0.005573061200153934 0.0028648758276565529 0.00023160892239722347
leaf_weight=10.999999999999998 358 22 14.999999999999998 915 10.999999999999995 10.999999999999998 45 58 9.9999999999999982 38 26 30 70 35 49 293 18 39 28 11.999999999999998 14.999999999999998 29 66 69 21 13.000000000000002 8.9999999999999982 60 72 38 11.999999999999998 18.000000000000007 11.999999999999998
leaf_count=11 358 22 15 915 11 11 45 58 10 38 26 30 70 35 49 293 18 39 28 12 15 29 66 69 21 13 9 60 72 38 12 18 12
internal_value=-0.000452788 -0.00912018 -0.00030221 -0.000761631 -0.00197593 -0.000841719 0.00411796 0.00651872 0.000942405 0.00197442 0.000690954 -0.00711541 0.00795214 -0.00289741 0.00204689 0.000878885 0.000833583 -0.00153641 -0.00463816 0.00144533 -0.00903454 -0.00196303 -0.00643727 -0.000895491 -0.00213088 0.00352877 -0.00481185 -0.00598803 -0.00344866 -0.00638192 0.00164498 0.00613521 0.0108298
internal_weight=2528 33 2495 1857 942 679 114 103 638 516 436 56 80 122 380 342 72 57 263 40 50 565 95 470 379 91 22 223 163 110 53 41 30
internal_count=2528 33 2495 1857 942 679 114 103 638 516 436 56 80 122 380 342 72 57 263 40 50 565 95 470 379 91 22 223 163 110 53 41 30
is_linear=0
shrinkage=0.060181


Tree=206
num_leaves=34
num_cat=0
split_feature=8 11 14 6 8 8 7 14 12 8 11 4 4 8 8 12 11 4 13 8 11 4 4 7 4 4 15 8 4 14 17 0 11
split_gain=0.604544 0.568667 0.918912 0.859054 0.787779 0.891247 0.699335 0.624328 0.570377 1.58965 0.987478 0.541566 0.975799 0.736206 0.800455 0.777578 1.29294 1.46213 1.0457 0.968439 1.54801 0.850652 1.57511 0.808511 0.806189 1.22827 0.821592 0.783877 0.699849 0.648248 0.61667 0.600874 0.596766
threshold=0.67185515024160569 -0.58349385085929406 1.0000000180025095e-35 -0.41700575892652841 0.75869737685808669 1.0153283790102443 1.0875383326055288 -0.738224098466287 -0.67414598255139557 1.1072252327686951 -0.18428614991956593 -0.66605189240396123 -0.71390802067129389 0.2971122736877177 -1.4234195001567163 -0.67414598255139557 -0.58349385085929406 -0.53985902764077009 0.42584894298929438 -0.66147292729822549 0.61412925195989043 -0.086485937179991187 1.0810715203448795 -0.90894755848049369 0.8586883083689042 -0.46255576051341812 1.0000000180025095e-35 -0.75010817442679023 -0.73896672974364552 1.0000000180025095e-35 1.0000000180025095e-35 1.0000000180025095e-35 -0.78309770132915812
decision_type=2 2 2 2 2 2 2 2 2 2 2 2 2 2 2 2 2 2 2 2 2 2 2 2 2 2 2 2 2 2 2 2 2
left_child=11 2 4 6 -2 -6 -3 -5 9 -9 -11 12 28 14 29 16 18 27 24 21 -21 23 -23 -19 25 -16 -26 -18 -1 -13 -30 -17 -33
right_child=1 3 -4 7 5 -7 -8 8 -10 10 -12 13 -14 -15 15 31 17 19 -20 20 -22 22 -24 -25 26 -27 -28 -29 30 -31 -32 32 -34
leaf_value=2.6551230998206593e-05 0.0042069824565561164 -0.00048710332867592807 0.0064564908049248174 0.00052789730081112421 -0.002409001903639419 0.00010255507236258475 6.7703918049826872e-05 -0.0040578971660961962 5.1306057710069423e-05 -0.022785588965066762 0.00077917858891546842 -0.00089729602264721408 0.00030839815013373632 -0.0002806956691024512 8.8736365561767352e-05 -0.00016227101177706965 0.0002522511679874306 -0.00015268379143129236 0.0011010249949703762 0.004082179982773505 1.5256796455643822e-05 -0.0019266479671943436 0.0006916358520938497 0.0048471586225373149 0.0018122434464739241 -0.0024411489031974051 -0.0078580310032862338 -0.0002328975826776709 -0.0058271445870299293 0.0013421956325685119 0.002094898580249669 -0.00031540872537466424 3.147668826240518e-05
leaf_weight=465 8.9999999999999982 64 18 31 26 102 22 24 262 8.9999999999999982 46 28 54 126 32 396 17 10.999999999999998 19 76 41 25 21 30 33 82 9.9999999999999982 20 21.000000000000004 7.9999999999999991 7.9999999999999991 103 289
leaf_count=465 9 64 18 31 26 102 22 24 262 9 46 28 54 126 32 396 17 11 19 76 41 25 21 30 33 82 10 20 21 8 8 103 289
internal_value=-1.12235e-06 0.00161502 0.00476093 0.000397276 0.0023743 0.000478878 -0.00473313 0.00177003 0.000794116 -0.00331286 0.00158884 -0.000550405 0.000987067 -0.00120955 -0.000703409 -0.000375804 0.0016522 0.00456325 -0.00202627 0.006681 0.010253 0.00102769 -0.00369695 0.00748443 -0.00395221 -0.00667658 0.00199795 -0.00525746 5.71006e-06 -0.00918912 -0.00839328 -0.00152407 7.18231e-06
internal_weight=2528 613 155 458 137 128 86 372 341 79 55 1915 548 1367 1241 1205 417 241 176 204 117 87 46 41 157 114 43 37 494 36 29 788 392
internal_count=2528 613 155 458 137 128 86 372 341 79 55 1915 548 1367 1241 1205 417 241 176 204 117 87 46 41 157 114 43 37 494 36 29 788 392
is_linear=0
shrinkage=0.060181


Tree=207
num_leaves=34
num_cat=0
split_feature=3 3 10 11 3 8 8 8 12 5 2 5 4 7 9 4 9 9 1 7 9 2 5 6 8 9 2 3 2 5 9 4 5
split_gain=0.619371 1.03966 0.914967 0.902968 0.875208 0.99603 1.42917 1.21833 0.872102 0.820463 0.761692 0.756301 0.749489 1.00488 1.15851 1.13813 1.21341 0.98891 0.857495 0.735854 0.816907 0.695345 0.961151 0.867919 0.722446 1.08351 0.866351 1.14242 0.825577 0.991336 0.783318 0.708084 0.685648
threshold=1.1481810632927465 1.8559099902480021 1.534805119639888 1.2129408033694828 0.10728143248212955 0.99073876124515337 0.90036442985009868 2.2556862886215261 1.888622504501128 -0.71241959964425283 -0.19654778986787089 1.2230743584706274 1.1953507441370903 0.029067635534248504 -0.1735022416300139 0.48018501903246191 0.064481678529993716 -0.24483395035923891 1.0000000180025095e-35 0.62280220733775016 1.3167932581544126 -0.3436071909005381 -0.7075433891486308 0.019228215415150855 0.67185515024160569 -0.40867616849884181 -1.1595629947104646 -0.081887062673393643 -0.5724329503557356 0.06915621609799126 0.56220833067860065 2.263572539073297 -0.32913989266169175
decision_type=2 2 2 2 2 2 2 2 2 2 2 2 2 2 2 2 2 2 2 2 2 2 2 2 2 2 2 2 2 2 2 2 2
left_child=2 3 4 -2 10 6 8 19 -6 -4 21 -11 13 14 -12 16 17 -15 -16 20 -7 23 -23 24 25 -1 -26 31 29 -27 -30 -28 -25
right_child=1 -3 9 -5 5 7 -8 -9 -10 11 12 -13 -14 15 18 -17 -18 -19 -20 -21 -22 22 -24 32 26 28 27 -29 30 -31 -32 -33 -34
leaf_value=7.8837598137676125e-05 -0.00033262925459236762 4.7221399316732594e-05 -0.00017915529829933704 7.4766989744267604e-05 8.6258421468221292e-06 0.0010596733882419227 -0.0045963304881293035 -0.0010403796364172764 0.0015385243992437861 0.00026057363137178862 -0.0001971048802125569 -0.00021242225789213688 0.0001896432857146855 -9.7780555734839131e-05 -0.00023426089658551893 -0.0028194140700526543 -0.00091476038770544829 0.004698604444678023 0.00049514530439338463 -0.0019891262664814497 -0.0010594542103182403 -0.0014262842979658145 0.0057657011065482665 -0.00032863604770859173 -0.00011397758968482527 7.2401870575320465e-05 0.00078057667001262758 -0.00056920207068389005 -0.0004367633002722765 -0.000246724302263966 -0.0001160628433737841 -0.00010106739609850298 2.4953351668941055e-05
leaf_weight=160 172 150 12.999999999999998 27 484 88 15.999999999999998 15.999999999999998 27 82 142 14.999999999999998 62 45 61 54 62 17 109 8.9999999999999982 11.999999999999998 13.999999999999998 38 117 54 118 74 12.999999999999998 20 145 13.999999999999998 14.999999999999998 83
leaf_count=160 172 150 13 27 484 88 16 16 27 82 142 15 62 45 61 54 62 17 109 9 12 14 38 117 54 118 74 13 20 145 14 15 83
internal_value=-0.000310157 -0.00265353 4.26613e-05 -0.00550921 -0.000219144 0.00156484 0.000288904 0.00633949 0.000999564 0.00532244 -0.00108226 0.00750569 -0.00282134 -0.0036634 -0.0013438 -0.00730613 -0.00332362 0.00187798 0.00174965 0.00884361 0.0104832 0 0.00654496 -0.000408811 0.000639013 -0.000463467 0.00416551 0.00743526 -0.00271215 -0.00125218 -0.0112782 0.0101037 -0.00385647
internal_weight=2528 349 2179 199 2069 652 527 125 511 110 1417 97 552 490 312 178 124 62 170 109 100 865 52 813 613 457 156 102 297 263 34 89 200
internal_count=2528 349 2179 199 2069 652 527 125 511 110 1417 97 552 490 312 178 124 62 170 109 100 865 52 813 613 457 156 102 297 263 34 89 200
is_linear=0
shrinkage=0.060181


Tree=208
num_leaves=34
num_cat=0
split_feature=8 5 8 10 12 3 3 11 11 10 7 10 5 5 8 10 3 13 7 10 12 5 5 5 14 8 8 10 13 5 5 8 5
split_gain=0.63718 0.76903 1.12635 0.641695 0.632086 0.61957 0.85083 0.637143 0.605605 0.566496 0.830137 0.688654 1.12469 1.70103 1.00545 0.84369 0.87711 0.782726 0.952779 1.18964 0.611882 0.736364 0.771015 0.60571 1.35342 0.845208 0.604117 0.837288 0.596047 0.556161 0.807068 0.552745 0.720662
threshold=1.9085023646409709 -1.0840011467426518 -0.21650749852524739 0.7825763549315784 0.86351510968011858 1.1481810632927465 1.8559099902480021 1.2129408033694828 -0.38389000038943 1.2333146729505615 -0.096513633609801433 0.56150311732129532 -0.66497931610271532 -0.12038904465786894 0.14606899711712587 0.38269188514461988 0.43680467511479532 0.24356306187973728 0.052133582928053306 0.015901199829317352 -0.67414598255139557 -0.5752718238428508 0.24236073042078624 -0.47058875646631976 -0.738224098466287 -0.75010817442679023 -0.83627887818215818 -0.74313100330113258 -0.30831074264114305 -0.25245117209183898 -0.29834528583205649 -0.35851183895213679 0.21866618386554917
decision_type=2 2 2 2 2 2 2 2 2 2 2 2 2 2 2 2 2 2 2 2 2 2 2 2 2 2 2 2 2 2 2 2 2
left_child=1 2 3 -1 -4 9 7 -7 -8 11 -11 15 14 29 -13 16 23 18 19 -18 -17 -22 -23 24 -3 -26 27 -25 -28 30 -14 -15 -33
right_child=-2 5 4 -5 -6 6 8 -9 -10 10 -12 12 13 31 -16 20 17 -19 -20 -21 21 22 -24 26 25 -27 28 -29 -30 -31 -32 32 -34
leaf_value=0.0018363897567901561 7.1489732159652383e-05 0.00012727395821881952 -0.00062276045804690356 -0.00045622895433894553 0.0023955756951211261 -0.00033558146840479439 0.00058906973166919106 1.4758272877532001e-05 -0.00010785800402140496 -8.572374764246749e-06 0.00033508987666487584 -0.00010030507297501088 -0.00088914113089009735 0.00011198794788063767 0.0041960282641131108 -7.7902904011984791e-05 0.0010871927811629744 -0.0001600158400825581 -9.4240949168941584e-05 -0.00026815479262247053 -3.4321209532675159e-05 0.0016331579628447303 -0.00034353447089550959 -0.00030327400449901327 4.8714112738206006e-05 -0.00034750638058302953 -3.1879307310845226e-05 1.9035091978464026e-05 0.00014215888012722466 -0.0090753289273172062 0.0019611049801939217 0.00084014354128921409 -0.00024649578494580888
leaf_weight=35 131 44 23 8.9999999999999982 8.9999999999999982 152 39 25 101 92 94 46 76 48 23 58 123 28 62 51 38 56 9.9999999999999982 89 56 192 487 92 132 27 13.999999999999998 30 36
leaf_count=35 131 44 23 9 9 152 39 25 101 92 94 46 76 48 23 58 123 28 62 51 38 56 10 89 56 192 487 92 132 27 14 30 36
internal_value=-0.000167526 -0.000414824 0.00532771 0.0114374 -0.00177008 -0.000635496 -0.0031061 -0.00584709 1.9786e-05 -0.000211251 0.00287162 -0.000563195 -0.00318091 -0.0052708 0.00294026 -1.86734e-06 -0.000533253 0.00248439 0.00377938 0.00611528 0.00401459 0.00673778 0.0104162 -0.0013209 -0.00367417 -0.00551264 -0.00037798 -0.00343839 0.000439534 -0.010253 -0.00645966 0 -0.00349929
internal_weight=2528 2397 76 44 32 2321 317 177 140 2004 186 1818 300 231 69 1518 1356 264 236 174 162 104 66 1092 292 248 800 181 619 117 90 114 66
internal_count=2528 2397 76 44 32 2321 317 177 140 2004 186 1818 300 231 69 1518 1356 264 236 174 162 104 66 1092 292 248 800 181 619 117 90 114 66
is_linear=0
shrinkage=0.060181


Tree=209
num_leaves=34
num_cat=0
split_feature=8 3 18 11 8 6 13 9 8 8 3 14 13 18 6 6 3 8 12 11 15 6 9 9 3 3 5 5 3 8 13 8 0
split_gain=0.596627 0.571467 0.831985 1.23342 1.14074 1.12061 0.83447 2.12735 2.03482 0.916626 0.874049 0.776341 0.758482 0.731033 0.727711 1.08546 0.704492 0.685465 0.758716 0.684405 0.591124 0.567706 0.52017 0.516831 0.511501 0.915944 2.15913 1.16451 1.22213 0.974506 0.824105 0.801814 0.739803
threshold=1.9085023646409709 1.1481810632927465 1.0000000180025095e-35 1.4125446538393469 -1.1943677709397253 1.9199619607610399 -0.17605962364547922 0.34603841260129015 -0.37902019644877377 0.64274759938306347 -0.21007914203880637 1.7092913388094815 0.066817778544226755 1.0000000180025095e-35 -0.10541006296818604 -0.79092059407653936 1.9531325130208472 1.2814220412642245 0.35096141226961375 1.2129408033694828 1.0000000180025095e-35 0.2996643417776591 -0.99949782536233134 1.5311383129721416 -0.16337338886514416 -1.0084583183143951 -0.36068313092814569 -0.16626155242784726 -1.3299183328684092 0.15968502983546276 -0.33543268897997264 -0.24997826715789098 1.0000000180025095e-35
decision_type=2 2 2 2 2 2 2 2 2 2 2 2 2 2 2 2 2 2 2 2 2 2 2 2 2 2 2 2 2 2 2 2 2
left_child=1 2 5 4 20 24 9 8 -8 -6 17 13 -10 19 15 -9 -13 18 -11 -3 -4 -12 -2 -24 25 27 29 30 -29 32 -1 -32 -27
right_child=22 11 3 -5 6 -7 7 14 12 10 21 16 -14 -15 -16 -17 -18 -19 -20 -21 -22 -23 23 -25 -26 26 -28 28 -30 -31 31 -33 -34
leaf_value=0.0033090648459745175 -0.0001377364688364271 -0.00029271365664674289 -0.00078683196004486131 -0.00025116119463683054 -7.7039057779482363e-05 0.0070995684649556526 0.00065639972773035298 3.0503596168356499e-05 -0.018326659268361266 0.0023112637643380612 -0.00031418407244322905 -0.00097855106397974363 3.2387191456836137e-05 3.3231560860432798e-05 0.00030344566658610603 -0.0054768954510616159 0.0018283640147509096 -2.0844958029652902e-05 0.00057696594112962999 1.3870105426274455e-05 -3.6373532088851053e-05 0.00202051882092796 0.00016518103953777391 -0.00031999229951527137 5.5400928908558442e-05 -0.00018339292607954128 5.8177092129688172e-05 -0.0027399018771002656 7.6556976112339398e-05 -0.0046863300433472067 -0.0022901854808403815 0.011579418746987348 0.00044461874463141017
leaf_weight=54 39 183 24 72 402 15.999999999999998 62 13.999999999999995 9.9999999999999982 31 47 19.000000000000004 25 65 9.9999999999999982 23.000000000000004 8.9999999999999982 28 13.999999999999998 59 26 18 74 18 535 89 300 43 80 51 19.000000000000004 8.9999999999999982 60
leaf_count=54 39 183 24 72 402 16 62 14 10 31 47 19 25 65 10 23 9 28 14 59 26 18 74 18 535 89 300 43 80 51 19 9 60
internal_value=-4.86661e-05 -0.000289478 5.96452e-05 -0.00141585 -0.000574981 0.00105337 4.13225e-06 0.00409644 0.00930028 -0.00100159 0.00299503 -0.00258551 -0.000853064 -0.00359361 -0.00540777 -0.00970387 0.00580254 0.00750038 0.0118212 -0.00515725 -0.00903454 -0.00135725 0.00382143 0.00632453 0.000776563 -0.000216332 -0.00167865 0.0030428 -0.000260117 -0.00651668 0.00846937 0 -0.00337068
internal_weight=2528 2397 2062 806 734 1256 684 144 97 540 138 335 35 307 47 37 28 73 45 242 50 65 131 92 1240 705 500 205 123 200 82 28 149
internal_count=2528 2397 2062 806 734 1256 684 144 97 540 138 335 35 307 47 37 28 73 45 242 50 65 131 92 1240 705 500 205 123 200 82 28 149
is_linear=0
shrinkage=0.060181


Tree=210
num_leaves=34
num_cat=0
split_feature=3 18 7 8 7 13 9 8 10 9 16 7 7 6 10 3 9 9 4 3 11 8 6 9 4 10 7 4 3 8 13 6 8
split_gain=0.671865 0.925745 0.878204 1.15135 0.958031 1.2058 1.27292 1.18005 1.09191 1.02954 0.888852 0.858411 0.79279 0.791094 1.08541 0.783437 1.19667 1.43613 1.01762 0.758427 0.792755 0.740598 0.699038 0.687059 0.825844 0.716557 0.668477 0.660407 0.644425 1.27761 0.608073 0.607209 0.598785
threshold=1.1481810632927465 1.0000000180025095e-35 -0.37501359103130089 0.52445825360189857 0.69883440430251642 -0.065311611550043683 -0.073416220774986787 0.97521255138906926 -1.4694791572565087 -1.4222159022248613 1.0000000180025095e-35 -0.21611484231842118 -0.058924682301378491 1.0000000180025095e-35 -0.64900298033192449 0.62947254590718271 -0.58575692104737143 0.60027742094848002 -0.39370762398536191 1.8559099902480021 1.2129408033694828 1.7656387182997568 0.67357917692767011 -0.18824370986378872 -0.45943617856392249 0.35415271937508069 0.47073781340822102 -0.18127506143673786 0.69599462098901521 -0.13392832520994247 -0.18843625396651872 0.36198348096932759 0.28022981159360905
decision_type=2 2 2 2 2 2 2 2 2 2 2 2 2 2 2 2 2 2 2 2 2 2 2 2 2 2 2 2 2 2 2 2 2
left_child=1 15 3 28 5 7 12 8 -4 -10 22 -9 -7 14 -8 -1 21 18 31 20 23 -17 -11 24 -2 27 -13 -25 -3 -30 -19 -18 -27
right_child=19 2 4 -5 -6 6 13 11 9 10 -12 26 -14 -15 -16 16 17 30 -20 -21 -22 -23 -24 25 -26 32 -28 -29 29 -31 -32 -33 -34
leaf_value=3.4606878934281931e-05 0.00021715916233869731 -0.00033163492147580091 -0.0038866386100023164 4.2547534027638169e-05 -9.0837007428791521e-05 7.1234639673540499e-05 7.9748639669829119e-05 0.0037257128902987713 -0.0011508373997716058 4.0611532640894472e-05 -0.00056277665885206055 -0.00016628362722165946 0.0014188806643361071 0.0068200062091739629 -0.017403853874391254 0.0015026093844044122 0.00020562625080309602 0.0017534108355177337 0.00049713379264535883 5.8678514651862545e-05 6.8544554281593645e-05 -0.010004269823166862 -0.00093136771901932921 -0.00028358328675724838 -0.0019472956555183294 -0.00028333751619478932 0.0058562022638941067 0.0049861395669211685 0.0028212422233540408 -0.0045330837445056128 -5.8514878993303798e-05 -0.007294456407765681 2.5379968436276178e-05
leaf_weight=1180 14.999999999999998 74 19 33 206 14.999999999999998 14.000000000000002 11.999999999999998 20 247 30 56 32 8.9999999999999982 15.999999999999998 42 8.9999999999999982 29 25 150 27 8.9999999999999982 29 38 62 27 12.999999999999998 14.999999999999998 12.000000000000002 9.9999999999999982 10.999999999999998 27 14.999999999999998
leaf_count=1180 15 74 19 33 206 15 14 12 20 247 30 56 32 9 16 42 9 29 25 150 27 9 29 38 62 27 13 15 12 10 11 27 15
internal_value=-2.48942e-05 0.000345965 -0.00117073 -0.00569442 -0.000254134 0.00105598 0.00741966 -0.000146699 -0.00182081 -0.000738963 9.17737e-06 0.00607984 0.0137325 0 -0.00545719 0.0013539 0.00543286 0.000890145 -0.00423588 -0.00248286 -0.00491514 0.0127266 0.00130158 -0.00652764 -0.0108613 -0.00216497 0.00211136 0.00164498 -0.00909155 0 0.00972632 -0.0107087 -0.00798013
internal_weight=2528 2179 847 129 718 512 86 426 345 326 306 81 47 39 30 1332 152 101 61 349 199 51 276 172 77 95 69 53 96 22 40 36 42
internal_count=2528 2179 847 129 718 512 86 426 345 326 306 81 47 39 30 1332 152 101 61 349 199 51 276 172 77 95 69 53 96 22 40 36 42
is_linear=0
shrinkage=0.060181


Tree=211
num_leaves=34
num_cat=0
split_feature=11 7 8 3 10 9 4 7 3 7 13 3 15 10 3 13 3 8 10 3 4 10 17 7 9 4 11 8 4 8 9 3 3
split_gain=0.75141 1.35238 0.896427 0.856654 0.765978 0.651021 1.55305 1.11251 0.975957 0.944901 0.996807 0.929676 0.837328 0.798259 2.29205 1.01594 0.764201 0.686449 0.60654 0.593953 0.567129 0.703981 1.2268 0.841493 0.552697 0.536705 0.595632 1.14261 0.606354 0.532988 1.00013 0.725074 0.686292
threshold=0.8137331024297545 -0.99181411022860833 1.4845567103040385 2.7215521245967627 1.4902962987819064 -0.89318878395471668 -0.88731954712355243 0.45450622079776465 1.1960079319050072 0.34344795556833269 -0.096690686860819636 -1.0776072821969553 1.0000000180025095e-35 -0.29963821405923274 0.34493076405087691 -0.33543268897997264 1.8559099902480021 0.94956349625043712 0.23575009912500619 0.53868178672041434 -0.9145430981896886 0.45833972955897767 1.0000000180025095e-35 0.34344795556833269 1.4839219002231452 -1.1456715130181914 -0.18428614991956593 -0.496476567162423 -1.0321137360984209 2.1581858124231945 0.779884982823846 0.44945228162011941 -1.0189617729575222
decision_type=2 2 2 2 2 2 2 2 2 2 2 2 2 2 2 2 2 2 2 2 2 2 2 2 2 2 2 2 2 2 2 2 2
left_child=4 3 -3 -2 5 6 12 8 20 13 11 -11 -1 14 -8 -16 -10 18 -18 -6 25 -22 23 24 -23 -7 -27 -28 -29 30 32 -32 -9
right_child=1 2 -4 -5 19 7 9 29 16 10 -12 -13 -14 -15 15 -17 17 -19 -20 -21 21 22 -24 -25 -26 26 27 28 -30 -31 31 -33 -34
leaf_value=-0.015219281564708944 -0.00017833592800776702 -5.7489174905343733e-05 0.0018956767679156506 0.0018166393042541205 0.0030068831443468957 0.0027094168514121744 -0.0013211475299995589 0.0001813323446294277 -0.00025804632759788914 0.0021748611530788397 0.0010702826748257347 -0.00024546133396719731 0.0010240486860614169 -0.00042939402003182645 0.0058648351911812094 -0.00039624941328330747 -0.0001373007674591036 -0.0054359847855198771 0.0039315148147513633 1.7712382535360707e-05 5.9445446350104559e-05 0.00093360394040144007 -3.4313403992173355e-05 -0.00016124576872897164 -0.0003500381421510031 3.5108634052043592e-06 0.0086368517359416974 -0.016583066215026913 -0.00010715885784157828 0.00072638263270123128 -0.00072141868078023095 9.4081601002454437e-05 -6.8935329275194421e-05
leaf_weight=8.9999999999999982 105 376 43 7.9999999999999991 27 9.9999999999999982 62 81 85 19 19 46 28 111 20.000000000000004 9.9999999999999982 32 14.999999999999998 34 40 707 84 52 13.999999999999998 11.999999999999998 67 7.9999999999999991 15.999999999999998 14.000000000000002 9.9999999999999982 92 14.999999999999998 257
leaf_count=9 105 376 43 8 27 10 62 81 85 19 19 46 28 111 20 10 32 15 34 40 707 84 52 14 12 67 8 16 14 10 92 15 257
internal_value=-0.000238841 -0.00225252 -0.000505141 -0.00802413 0.000272289 1.70401e-05 -0.00239678 0.000544239 0.0015675 -0.00404802 0.000719399 -0.00223447 0.00822174 -0.00627641 -0.00128868 0.0108298 -0.00250058 0.00110057 0.00436391 0.00643303 0.00231846 0.00286539 0.0065584 0.0100901 0.0121126 -0.00129248 -0.00307389 -0.00874738 -0.0144116 -0.00190898 -0.00235399 -0.00737119 -0.000536833
internal_weight=2528 532 419 113 1996 1929 324 1605 1150 287 84 65 37 203 92 30 166 81 66 67 984 869 162 110 96 115 105 38 30 455 445 107 338
internal_count=2528 532 419 113 1996 1929 324 1605 1150 287 84 65 37 203 92 30 166 81 66 67 984 869 162 110 96 115 105 38 30 455 445 107 338
is_linear=0
shrinkage=0.060181


Tree=212
num_leaves=34
num_cat=0
split_feature=11 8 9 4 4 6 4 9 9 5 5 11 5 5 4 4 1 8 9 3 6 8 19 4 4 4 9 3 3 5 4 3 8
split_gain=0.652094 0.607562 0.611864 0.697865 0.755096 1.0204 0.658871 0.585847 1.16549 0.878249 1.08082 0.848548 1.21303 1.19861 0.906805 1.30506 0.801484 0.831651 0.977672 0.80124 0.837957 0.739453 1.65801 1.52987 1.40893 1.33464 0.835842 0.865271 1.32262 0.741555 0.728082 0.702068 0.676443
threshold=0.8137331024297545 2.1581858124231945 -0.98280679254050718 0.15273301029069922 -0.96947746718373395 0.20618563299015633 1.2317550036217837 -0.99949782536233134 -1.8655880814435755 0.039872093207392406 -0.045832712166879591 0.41452540149002631 -0.14620478637704717 1.0494725983622291 -0.68017619844788646 -0.52124795173740124 1.0000000180025095e-35 1.735102964388338 1.260009838267748 -0.089704673933957743 0.20618563299015633 -0.43029172833784163 1.0000000180025095e-35 0.55216903089538383 -0.89532581950435475 -0.98820330290396907 -0.378867833587618 -0.087836328054997179 0.45690560437870864 -0.78252926293902603 2.3270691290170027 -0.50081561275691477 -0.35851183895213679
decision_type=2 2 2 2 2 2 2 2 2 2 2 2 2 2 2 2 2 2 2 2 2 2 2 2 2 2 2 2 2 2 2 2 2
left_child=7 2 -2 4 -4 -6 -5 8 -1 10 31 16 14 -14 -13 -16 21 32 -19 -17 -21 22 26 24 25 -23 -9 -28 -29 -25 -31 -10 -18
right_child=1 -3 3 6 5 -7 -8 11 9 -11 -12 12 13 -15 15 19 17 18 -20 20 -22 23 -24 29 -26 -27 27 28 -30 30 -32 -33 -34
leaf_value=0.0003296291870663326 1.2692900268376785e-05 0.0045257839479127954 1.5111454826744523e-05 0.0023778692530978742 -0.0034295943648450264 -0.00013910335995021041 -0.00014005625555147991 -2.0628173061024947e-06 -0.0011269959063852605 -0.00054003370614503425 0.004322621916040212 -0.0020224631950658003 0.00181555573962718 -9.8396732183379719e-05 0.0064059940077215759 -0.0010198790297672898 7.8200936893103724e-05 0.00037470584062652908 -0.00021744202512903379 0.0036005363866594654 -7.3367921620765887e-06 -0.0013712567078030969 0.0070364659983235406 -0.0024896650847103497 -0.00031210641632061143 0.0016192248914088788 -0.0012997334694601281 0.0076418104341245937 -0.004499560941661992 0.0034680340411808565 -0.0065443999667664293 4.6156653422455586e-06 -5.6868368795988612e-05
leaf_weight=53 76 21 81 22 49 244 39 53 51 83 7.9999999999999991 39 40 19 21 32 415 33 27 18 39 33 17 12.999999999999998 174 31 73 22 27 44 12.999999999999998 91 527
leaf_count=53 76 21 81 22 49 244 39 53 51 83 8 39 40 19 21 32 415 33 27 18 39 33 17 13 174 31 73 22 27 44 13 91 527
internal_value=-0.000500332 -0.00236488 -0.0028707 -0.00377976 -0.0047888 -0.00619803 0.00144128 0 -0.00250346 -0.00446319 -0.00119388 0.000423093 0.00399508 0.0111003 0.000610159 0.00373321 -4.18585e-05 0.00090051 0.00761411 0 0.00451546 -0.00203715 -0.0049372 -9.11846e-06 -0.00250265 0.00449301 -0.00692342 -0.00960526 -0.00177007 0.00739727 0.0104736 -0.00291275 0.000384862
internal_weight=2528 532 511 435 374 293 61 1996 286 233 150 1710 208 59 149 110 1502 1002 60 89 57 500 192 308 238 64 175 122 49 70 57 142 942
internal_count=2528 532 511 435 374 293 61 1996 286 233 150 1710 208 59 149 110 1502 1002 60 89 57 500 192 308 238 64 175 122 49 70 57 142 942
is_linear=0
shrinkage=0.060181


Tree=213
num_leaves=34
num_cat=0
split_feature=9 8 6 6 8 9 5 10 10 9 10 9 6 6 5 4 5 4 9 5 8 1 6 8 4 5 3 13 0 8 10 10 10
split_gain=0.536554 1.07364 0.792691 0.948055 0.768959 1.10698 0.864368 0.758828 1.18169 1.1413 0.942565 1.33438 1.26696 0.971859 1.02845 0.813387 0.999765 1.05374 0.846709 0.812615 0.811261 0.831051 0.765925 0.741265 0.718477 0.74371 0.716049 0.698371 0.687267 0.66691 0.676069 0.751222 0.876086
threshold=-0.39765087737398219 -0.94419015810234919 -0.82208016367237358 -1.1336758596307159 -1.3157176291712498 -0.086027373427973883 1.1151159474599079 -0.27476719565832469 0.38269188514461988 -0.060920745500435337 -0.49361366080074071 1.1129823073903073 0.39314305056516186 -0.10541006296818604 -0.41293124081651128 -0.55000274246013137 -0.98036479635740503 -0.90963647092959699 1.4839219002231452 1.0904228718946121 1.9085023646409709 1.0000000180025095e-35 -0.44816532852236268 -0.31492904511270164 -0.3806207207211928 -0.81569262987253233 -1.4949226099604604 1.7756914647713575 -1.1446077060016007 -0.73035168571808906 -1.2150206533213759 0.036509940365153107 -0.55142441923615526
decision_type=2 2 2 2 2 2 2 2 2 2 2 2 2 2 2 2 2 2 2 2 2 2 2 2 2 2 2 2 2 2 2 2 2
left_child=1 2 3 -1 -2 6 26 10 22 -10 12 -12 13 19 -15 16 -11 23 -19 20 21 -7 -9 -18 25 -17 -6 -24 -3 30 -28 32 -32
right_child=4 28 -4 -5 5 7 -8 8 9 15 11 -13 -14 14 -16 24 17 18 -20 -21 -22 -23 27 -25 -26 -27 29 -29 -30 -31 31 -33 -34
leaf_value=-0.0058226527791345219 -0.00053259557231555385 0.0034767033986690958 -1.9386749214223126e-06 0.0019119220888858194 -0.0054337481086547176 -0.00025886739751745496 -0.0052219776499170586 4.7533393384338309e-05 -0.001921459884301662 -0.00113127914200115 0.0016113382666963973 -0.00020435614910002347 -0.0020429164572411422 -0.00094999389866640528 0.0045923363025098269 0.0072756384734533868 -0.001425735009655562 0.0004837000667852659 -0.00030853147572747159 0.00049681589315577639 0.00032596659567169623 -2.517092771237293e-06 -0.00037505935236234803 0.00020652835088546937 2.7471746380152909e-05 -0.00031118424517485779 0.0063416384968694424 0.00076453368340169436 -8.4991376670021088e-05 0.0006936954994904718 2.7283705432145145e-05 0.0002432393533303816 -0.011415778164160898
leaf_weight=12.999999999999998 32 21 201 35 8.9999999999999982 97 31 63 11.999999999999998 12.999999999999998 66 23 23 18 31 7.9999999999999991 25 74 13.999999999999998 91 13.999999999999998 193 214 65 181 59 12.999999999999998 15.999999999999998 642 134 20 58 19
leaf_count=13 32 21 201 35 9 97 31 63 12 13 66 23 23 18 31 8 25 74 14 91 14 193 214 65 181 59 13 16 642 134 20 58 19
internal_value=-0.00047656 -0.00164631 0.00155982 0.00821849 0.000150386 0.000380858 0.00377637 -0.000325335 -0.00161377 0.000204822 0.00129558 0.00685435 6.99778e-05 0.000947507 0.00863427 0.000890226 0.0038802 0.00531781 0.00988553 0 -0.00157439 -0.00246936 -0.00457483 3.0355e-05 -0.00120724 -0.00643303 0.00505344 -0.00619503 -0.00293836 0.00584475 0.00161424 0 -0.00642322
internal_weight=2528 912 249 48 1616 1584 284 1300 744 451 556 89 467 444 49 439 191 178 88 395 304 290 293 90 248 67 253 230 663 244 110 97 39
internal_count=2528 912 249 48 1616 1584 284 1300 744 451 556 89 467 444 49 439 191 178 88 395 304 290 293 90 248 67 253 230 663 244 110 97 39
is_linear=0
shrinkage=0.060181


Tree=214
num_leaves=34
num_cat=0
split_feature=2 14 2 1 7 10 13 12 18 12 7 6 11 7 7 13 4 12 7 10 1 10 4 2 4 4 4 2 6 12 6 12 13
split_gain=0.702675 0.982237 0.852246 0.747365 0.857039 0.704487 1.37688 0.864542 0.673991 1.30416 1.25017 0.754186 1.41085 0.641305 1.52922 0.794635 0.643165 0.58184 0.931041 0.727434 0.698616 0.871261 0.735795 0.52757 0.518658 0.890679 0.805621 0.64299 0.529099 0.474274 0.832447 0.655538 1.00891
threshold=0.16666499774008839 2.933049057447366 0.4528618751155698 1.1241768659879796 -0.65095066540904278 1.534805119639888 -0.21968900039705896 -0.67414598255139557 1.0000000180025095e-35 -0.67414598255139557 -0.20073754405588382 0.14386649379848784 -0.78309770132915812 -0.54160098887544927 -0.31265010363323603 0.066817778544226755 2.2003936314864236 -0.67414598255139557 -0.18023447970583525 -1.1059096613797432 -1.4759321159128549 0.71488527792233281 0.42011657487689325 0.60705559624206662 -0.13258898762296323 2.0228434632187517 -1.112373504735358 -0.72541461495011539 0.2996643417776591 1.0000000180025095e-35 2.7924299094443992 0.86351510968011858 -0.091198066037304029
decision_type=2 2 2 2 2 2 2 2 2 2 2 2 2 2 2 2 2 2 2 2 2 2 2 2 2 2 2 2 2 2 2 2 2
left_child=3 2 -2 4 -1 8 7 -7 13 11 -11 12 -10 -6 15 16 -15 18 -16 -20 21 -19 -22 -4 26 28 -12 -27 -26 -25 31 32 -31
right_child=1 -3 23 -5 5 6 -8 -9 9 10 24 -13 -14 14 17 -17 -18 20 19 -21 22 -23 -24 29 25 27 -28 -29 -30 30 -32 -33 -34
leaf_value=-0.00010191097792505206 -0.00018938401734463738 0.00066293084104404251 0.00010396763116100641 -0.00096252359683829576 0.0093959549530599901 -0.00027700989902033142 -0.00027228029609046081 0.0036002824855821325 -2.1344118495859197e-05 0.00015615845940890522 -0.0035958863175972701 -6.6583227001792224e-05 0.00027191520978269096 -0.0044114266338171068 0.014488442781579755 0.0082090475553253869 0.00097943372247028134 0.0015621358700471535 0.00049301549901732916 -0.00079411559138428038 0.00027952003849603704 -0.0033383049224710391 2.7619537096152385e-05 -0.0001029405083048673 -0.00043766737761811032 -0.00022861568956553092 1.2601085082917718e-05 0.011666427530258143 0.0021487802589387128 0.00050386664709992156 -0.00021878508431483551 -0.0003039207254194051 -0.0014922459856564075
leaf_weight=178 236 14.999999999999998 150 34 13.999999999999998 8.9999999999999982 10.999999999999998 30 59 52 31 24 77 47 23 7.9999999999999991 7.9999999999999991 17.000000000000004 50 112 276 8.9999999999999982 103 418 114 47 157 8.9999999999999982 7.9999999999999991 116 14.999999999999998 42 29
leaf_count=178 236 15 150 34 14 9 11 30 59 52 31 24 77 47 23 8 8 17 50 112 276 9 103 418 114 47 157 9 8 116 15 42 29
internal_value=-0.000571647 -0.00179422 -0.00208911 0.000220996 0.000470622 0.0010449 0.00791185 0.013486 0.000701156 -0.000729204 -0.00257611 0.00369582 0.00562443 0.00202342 0.00160829 -0.00681937 -0.00980409 0.00264073 0 -0.00183417 0.00390999 -0.00416169 0.00464757 -0.00101498 -0.0039155 -0.00631197 -0.00127119 0 -0.00912613 -0.00183815 0.000306523 0.00175147 0.00386638
internal_weight=2528 1021 1006 1507 1473 1295 50 39 1245 578 418 160 136 667 653 63 55 590 185 162 405 26 379 770 366 178 188 56 122 620 202 187 145
internal_count=2528 1021 1006 1507 1473 1295 50 39 1245 578 418 160 136 667 653 63 55 590 185 162 405 26 379 770 366 178 188 56 122 620 202 187 145
is_linear=0
shrinkage=0.060181


Tree=215
num_leaves=34
num_cat=0
split_feature=2 1 2 9 3 9 9 10 13 13 6 5 5 5 9 8 3 2 2 0 6 9 9 8 9 9 2 8 5 8 5 0 2
split_gain=0.547518 0.800149 0.683399 0.696799 0.662622 0.916195 0.877247 0.831219 0.804273 0.902347 0.705624 0.686438 0.752331 0.682503 0.673961 0.828327 1.13669 1.01262 0.743462 0.634322 0.623521 0.832981 0.768203 0.760533 0.562215 1.1316 1.08829 0.944259 0.838553 0.809202 0.942283 0.646483 0.622513
threshold=-0.27178718436327248 1.0000000180025095e-35 -0.18482062211740047 -0.65403013978406432 -0.65182146006634778 0.49197826545808798 -0.71593077588877152 -0.25685480542850714 -0.32114557897330248 -0.043301476815531745 -0.23004834135152297 -0.30461850286022202 -0.11083473179929819 1.3275919400502834 -0.073416220774986787 -0.37902019644877377 -0.50081561275691477 -0.54275510494929147 -1.0926664455981683 1.0000000180025095e-35 -0.26120791094735718 0.15815483837999475 0.26366727555120995 0.47793573350732826 0.32331949331073395 0.053817933078398807 0.5137877901294301 -0.38601715685574928 0.095100269466921766 0.90036442985009868 -0.78974731983922719 1.0000000180025095e-35 0.052486513137856058
decision_type=2 2 2 2 2 2 2 2 2 2 2 2 2 2 2 2 2 2 2 2 2 2 2 2 2 2 2 2 2 2 2 2 2
left_child=4 24 3 -3 5 8 7 19 13 -10 -9 -7 -13 20 18 17 -17 -16 -8 -6 22 23 -1 -22 25 27 -27 31 29 30 -29 -2 -32
right_child=1 2 -4 -5 6 11 14 10 9 -11 -12 12 -14 -15 15 16 -18 -19 -20 -21 21 -23 -24 -25 -26 26 -28 28 -30 -31 32 -33 -34
leaf_value=0.0021273586013089794 -3.6474684650564869e-05 -0.00026306732002574014 -4.4532567282304945e-06 -0.0001177790121247218 -0.0013332846297918809 -0.00098070039035068031 -9.5188777730783346e-06 0.00029709449952497436 -0.0021434635922622279 9.1521663076013198e-05 -5.6621350782503053e-05 0.0014556832476842064 -0.00033833586751100123 -0.00012070148278417956 1.1911839119642555e-05 0.0015033877222642496 2.8928223039062301e-05 -0.0015863574200572369 0.00063433325201879055 -2.4779685963345989e-05 -0.00060271933776168845 0.0024639372041008484 -0.00015309458529228588 0.00015749543525378842 -0.000232064170686756 -0.0018496656123027568 0.005232127895400192 0.00021462371678962673 -0.0049313985593385113 0.00036361791661951765 -3.40500039366629e-05 0.00050742646529669186 -0.0028341818807517505
leaf_weight=87 134 13.999999999999998 1017 39 26 39 37 14.999999999999998 60 60 49 14.999999999999998 83 45 54 34 177 24 102 18 40 17 17 12.999999999999998 155 21 23 12.999999999999998 21 27 9.9999999999999982 13.999999999999998 28
leaf_count=87 134 14 1017 39 26 39 37 15 60 60 49 15 83 45 54 34 177 24 102 18 40 17 17 13 155 21 23 13 21 27 10 14 28
internal_value=-0.000738051 -0.00146718 -0.000507142 -0.00696093 0.000299079 -0.00126073 0.00178971 -0.00272164 0.00027178 -0.00343118 0.000932226 -0.00537042 -0.00180489 0.00258109 0.00307417 0.00114092 0.00323816 -0.00372219 0.00656115 -0.00890906 0.00442103 0 0.00729706 -0.00377136 -0.00362036 -0.001746 0.00638067 -0.00349342 -0.00794592 -0.00372219 -0.00831802 -1.87419e-05 -0.0130869
internal_weight=2528 1516 1070 53 1012 476 536 108 339 120 64 137 98 219 428 289 211 78 139 44 174 70 104 53 446 291 44 247 99 78 51 148 38
internal_count=2528 1516 1070 53 1012 476 536 108 339 120 64 137 98 219 428 289 211 78 139 44 174 70 104 53 446 291 44 247 99 78 51 148 38
is_linear=0
shrinkage=0.060181


Tree=216
num_leaves=34
num_cat=0
split_feature=6 2 2 9 8 9 5 19 8 13 2 6 5 5 5 16 8 5 6 9 5 8 5 2 9 9 8 0 1 9 2 3 2
split_gain=0.922976 0.684308 0.886182 0.874193 0.755867 0.691397 0.689046 1.20568 0.93805 0.854196 0.875071 0.691409 0.680235 1.32774 1.32932 1.30779 1.19014 1.05161 0.951172 0.655757 0.637558 0.705964 0.628051 0.611819 0.56284 0.550282 1.32275 0.519314 0.514227 0.653524 1.4822 0.648976 1.23416
threshold=1.0474940120776812 -0.56315929011837362 -0.60043513288326011 -1.4467498577318632 -0.50329542683273187 1.5311383129721416 -0.086138626634831086 1.0000000180025095e-35 1.9085023646409709 0.89463944681923369 -0.88916812100965448 0.39314305056516186 -0.044035690055023689 -0.41293124081651128 -0.68215361783426121 5.5750728051301444 -0.21650749852524739 -0.56488356822093333 1.3590897080360238 -0.93703533685373908 -0.8757610543292107 -0.56235826809975387 -0.55500941399647818 -1.5724857329215671 1.8136193907650322 -0.78160386104205093 -0.87990137075766905 1.0000000180025095e-35 1.0000000180025095e-35 -1.4222159022248613 0.34696626009948633 -0.81546589321531082 0.83142436553538468
decision_type=2 2 2 2 2 2 2 2 2 2 2 2 2 2 2 2 2 2 2 2 2 2 2 2 2 2 2 2 2 2 2 2 2
left_child=1 2 3 4 -1 6 8 19 9 10 23 -12 13 14 16 -14 20 -16 -18 -8 21 -2 -11 -5 -7 27 -27 -21 31 30 -30 32 -3
right_child=12 28 -4 5 -6 24 7 -9 -10 22 11 -13 15 -15 17 -17 18 -19 -20 25 -22 -23 -24 -25 -26 26 -28 -29 29 -31 -32 -33 -34
leaf_value=-2.6173843409603633e-05 -0.00016595155632657539 -0.0031026571451227268 0.0013238092789741519 0.001479207843942855 0.00028205050083242132 -0.0011088117379106795 -0.00051371395952950615 0.0023156550273824104 0.00053706275609307155 -1.678118541169596e-05 0.000721908210875068 -0.0012751296692379112 0.0059155226287408722 -0.0014586256459431244 0.0049172532663277627 -0.0029501333947083001 -4.9601419214908672e-05 -1.9947914458908659e-05 -0.00071628214879705784 -0.00018063531929313141 -0.00028489395090452476 0.0074507414843560894 0.0017319649342754668 -0.0013548571008880751 1.2343479395754019e-05 -0.0036826927987616519 7.7549999224069043e-06 0.0060566499218712719 -0.0022406727412365283 9.6032668662822457e-06 0.00015270513813225509 -5.0960885924968307e-05 0.0021801085046909098
leaf_weight=20 21 38 28 32 24 30 38 17 13.999999999999998 8.9999999999999982 81 26 20.000000000000004 55 27 7.9999999999999991 28 41 40 13 28 11.999999999999998 24 97 36 35 242 14 46 962 45 358 19
leaf_count=20 21 38 28 32 24 30 38 17 14 9 81 26 20 55 27 8 28 41 40 13 28 12 24 97 36 35 242 14 46 962 45 358 19
internal_value=-0.000381472 1.26192e-06 0.00146283 0.000959515 0.00890906 0.000342276 0.00102978 -0.000588727 0.0032646 0.00210767 0.000514195 0.00465064 -0.00361743 -0.00472004 -0.00196416 0.00389833 -0.00569442 0.00424202 -0.0109658 -0.00157542 0 0.00583198 0.0107643 -0.00251754 -0.00522853 -0.000400526 -0.00140418 0.00697535 -0.000738038 0 -0.00480104 -0.00252269 -0.00848753
internal_weight=2528 2248 780 752 44 708 642 359 283 269 236 107 280 252 197 28 129 68 68 342 61 33 33 129 66 304 277 27 1468 1053 91 415 57
internal_count=2528 2248 780 752 44 708 642 359 283 269 236 107 280 252 197 28 129 68 68 342 61 33 33 129 66 304 277 27 1468 1053 91 415 57
is_linear=0
shrinkage=0.060181


Tree=217
num_leaves=34
num_cat=0
split_feature=9 6 8 8 12 16 9 9 2 4 0 12 12 15 7 2 4 3 12 7 2 7 6 4 8 3 7 4 9 7 2 6 9
split_gain=1.1186 0.853107 1.04025 0.858618 0.829679 0.637688 0.59739 0.9139 0.700432 0.808055 0.665342 0.853561 1.42494 1.12829 0.888079 0.889143 0.875563 0.871224 0.662289 0.656523 0.564923 0.562627 0.751442 0.642433 0.64143 0.92662 0.744527 0.536031 0.574636 0.666465 0.583834 0.495383 0.493603
threshold=-1.8655880814435755 1.3590897080360238 1.0368690029747964 -0.0074836888475316487 0.35096141226961375 1.6165153522599058 -1.1261275879778223 -1.0872827587941531 0.34367770623121402 2.2911857679507306 2.0956703239782959 1.0000000180025095e-35 0.86351510968011858 0.88625919121491659 -0.85683560325745134 0.82063943570189402 -0.40476889574827041 1.2342084872396044 0.86351510968011858 0.34003077817665855 -0.1247480331865891 1.3011119195852048 -1.1025162900348817 -1.065849358730915 0.8136468501624029 0.53868178672041434 0.84491873779661508 1.0237497556743858 -1.6214746446974193 -0.71929421324253939 -0.91302186332836566 0.20618563299015633 0.42682659082374991
decision_type=2 2 2 2 2 2 2 2 2 2 2 2 2 2 2 2 2 2 2 2 2 2 2 2 2 2 2 2 2 2 2 2 2
left_child=-1 6 3 -3 -4 -5 18 -8 9 21 11 13 16 14 31 -16 17 -13 27 -12 -20 23 -23 -9 26 -26 -25 28 -2 -30 -31 -10 -24
right_child=1 2 4 5 -6 -7 7 8 10 -11 19 12 -14 -15 15 -17 -18 -19 20 -21 -22 22 32 24 25 -27 -28 -29 29 30 -32 -33 -34
leaf_value=0.00017893813618205095 -1.374693309100624e-05 -6.2255162953575444e-05 0.0042036663938187233 -0.0018400114874591253 -0.003379728233774229 -0.00040196112814784178 0.0022842368443769701 -0.00014492464805074008 0.0011623489782763472 -0.00022995687725060985 0.026606606930308273 -0.00010118134162217249 -0.00050184600124506277 0.00067275613741259708 -0.0008527716720728737 -9.3740522483620002e-05 0.0011397763278014664 0.0014282197616618127 -1.335132680583523e-05 -0.0013587146433856883 0.00046646817620213512 0.0033124584155173825 0.00014672236743456174 7.221602648554744e-05 -1.3962131287009985e-05 -0.0020615054281078386 -0.00016976450720735818 0.00037253740760206797 0.00016459124975838591 -1.4338846290712355e-05 -0.0017625694654111301 -2.4001384502025355e-05 -0.00012515574177327256
leaf_weight=71 52 92 23 25 10.999999999999998 10.999999999999998 19 103 13.999999999999998 86 12.000000000000002 39 55 29 142 207 79 29 22 7.9999999999999991 9.9999999999999982 10.999999999999998 61 774 216 20 95 29 11.999999999999998 19 65 45 42
leaf_count=71 52 92 23 25 11 11 19 103 14 86 12 39 55 29 142 207 79 29 22 8 10 11 61 774 216 20 95 29 12 19 65 45 42
internal_value=-0.000310157 -0.000551455 -0.00474139 -0.0073382 0.00327632 -0.0152674 -0.000223779 5.89601e-05 -4.49689e-05 0.000684142 -0.00168455 -0.00211159 0.000891929 -0.00362602 -0.00453944 -0.0057257 0.00421464 -3.96814e-05 -0.00326862 0.00776915 0.00346036 0.00109172 0.00514141 0.000648062 0.00111541 -0.00151887 0.00189985 -0.00484743 -0.00637012 -0.00909155 -0.0110239 0.00148733 0.00256703
internal_weight=2528 2457 162 128 34 36 2295 2086 2067 1408 659 639 202 437 408 349 147 68 209 20 32 1322 114 1208 1105 236 869 177 148 96 84 59 103
internal_count=2528 2457 162 128 34 36 2295 2086 2067 1408 659 639 202 437 408 349 147 68 209 20 32 1322 114 1208 1105 236 869 177 148 96 84 59 103
is_linear=0
shrinkage=0.060181


Tree=218
num_leaves=34
num_cat=0
split_feature=6 4 4 11 2 2 13 2 0 2 12 11 6 4 2 2 1 11 11 6 12 14 18 13 12 11 6 6 7 2 6 14 4
split_gain=0.662328 0.431373 3.07464 1.03089 1.11636 1.02347 1.12142 1.08797 0.817796 0.764752 0.752249 0.636309 1.75511 0.945343 0.632613 1.04834 1.14774 0.86455 0.725901 0.571746 0.557434 0.557086 0.534614 0.511188 0.487263 0.441026 0.449174 0.502206 0.636946 0.429267 0.565015 0.750112 0.427141
threshold=1.0786535816735154 -0.45666477035085801 -0.41968981172855369 0.21492155102016219 -0.78592486152974683 0.33308360760898698 -0.096690686860819636 0.43014663213905457 1.0000000180025095e-35 -0.21341781342644273 0.86351510968011858 -0.98270155179902219 -0.97787801165154475 -0.95350795140593203 0.037200872361273708 -0.75709476777381479 -1.4759321159128549 -0.18428614991956593 1.0000000180025095e-35 -0.82208016367237358 -0.67414598255139557 -0.738224098466287 1.0000000180025095e-35 -0.28246118460013653 1.0000000180025095e-35 1.2129408033694828 0.8293770249068414 -0.3858461893306942 -0.3451132888541466 0.55508618525407305 0.45546218975683034 1.0000000180025095e-35 -0.90212244308780176
decision_type=2 2 2 2 2 2 2 2 2 2 2 2 2 2 2 2 2 2 2 2 2 2 2 2 2 2 2 2 2 2 2 2 2
left_child=1 11 21 5 22 6 14 -7 9 -8 25 12 13 -1 15 18 -17 -18 23 32 -16 -3 24 -4 -5 26 27 -6 -29 -9 -31 -32 -13
right_child=-2 2 3 4 10 7 8 29 -10 -11 -12 19 -14 -15 20 16 17 -19 -20 -21 -22 -23 -24 -25 -26 -27 -28 28 -30 30 31 -33 -34
leaf_value=-0.0023079466195392415 -7.3810172339271908e-05 -5.929676861735975e-05 7.7438236710858827e-05 -0.00093629355988495257 -0.00013091000093401126 -0.002020659978916903 -0.00017244346777698592 0.00036002981559154638 0.00038901661320288631 0.00016816946225375927 -0.00047164441277994305 7.6124035806715277e-05 0.0008452334745850526 0.0017519997570194167 0.0012274364513535866 0.00062105555716293159 -9.7917062134080546e-05 -0.0018361656348726168 0.00088873027123175202 1.8342971436010099e-05 -0.00011368270785957563 -0.0026145073339499001 -0.00039475701207606072 -0.0035843897608299731 0.0037561644557672007 7.1195706895043354e-05 -6.7098443765950573e-06 0.00070007708926916412 0.00025075912845988393 -0.00011539303933764552 0.0089093230120360703 -0.00021672019474220595 -0.00075522424845734127
leaf_weight=18 271 7.9999999999999991 151 8.0000000000000018 7.9999999999999991 46 41 24 40 29 31 25 42 46 36 8.9999999999999982 183 45 15.999999999999998 780 30 42 48 18 18 70 24 50 88 220 11.000000000000002 19 33
leaf_count=18 271 8 151 8 8 46 41 24 40 29 31 25 42 46 36 9 183 45 16 780 30 42 48 18 18 70 24 50 88 220 11 19 33
internal_value=-0.000167526 0.000147676 -0.000527814 2.60001e-05 0.00285661 -0.000982587 0.00040486 -0.0037282 0.00585218 0.000856233 0.00472219 0.00114615 0.00551668 -4.20292e-05 -0.000740285 -0.00170349 -0.00438899 -0.005469 0.00145095 0.000503928 0.00436391 -0.014648 -0.00313856 0 0.00212883 0.00594072 0.00764281 0.00886889 0.00979494 -0.00196132 -0.00285884 0.00366631 -0.00493061
internal_weight=2528 2257 1313 1263 345 918 598 320 110 70 271 944 106 64 488 422 237 228 185 838 66 50 74 169 26 240 170 146 138 274 250 30 58
internal_count=2528 2257 1313 1263 345 918 598 320 110 70 271 944 106 64 488 422 237 228 185 838 66 50 74 169 26 240 170 146 138 274 250 30 58
is_linear=0
shrinkage=0.060181


Tree=219
num_leaves=34
num_cat=0
split_feature=6 3 8 8 4 5 6 2 5 16 7 8 2 3 5 5 5 3 5 6 5 7 5 10 8 8 18 1 2 5 3 8 6
split_gain=0.641567 0.722771 1.1052 0.561472 0.890732 1.1986 1.71727 1.0233 0.703745 0.536928 0.607305 0.507238 0.474814 0.525624 0.655646 0.518392 0.502533 0.629673 0.457497 0.431492 1.2832 0.71938 0.673163 0.686127 0.661098 0.567653 0.697488 0.482313 1.61074 0.709389 0.608286 0.595404 1.02345
threshold=1.0786535816735154 -0.7420084404090409 2.1581858124231945 -1.2196428611152819 0.42011657487689325 0.40137261077567693 0.70473874652350432 0.93604018267920719 0.19901798736405313 1.6165153522599058 -1.260916829823002 3.3318391215038683 2.7053358643605336 1.7568963520543563 -0.21818845539211226 0.14143665816916359 -0.82398618589533268 2.1981503527398707 0.15900289449654589 0.70473874652350432 -0.3271491842398731 -2.3911482521194523 -0.67051290024238475 0.63459147618977874 0.82606259569762253 -0.19674808924773438 1.0000000180025095e-35 1.0000000180025095e-35 0.15429639164412573 0.60581048244391766 -0.92019391069077316 -0.056859263721700394 -1.1025162900348817
decision_type=2 2 2 2 2 2 2 2 2 2 2 2 2 2 2 2 2 2 2 2 2 2 2 2 2 2 2 2 2 2 2 2 2
left_child=3 -2 9 4 5 6 7 -1 -6 -3 -11 12 13 19 16 -16 -15 -18 -14 21 22 -5 23 -21 -22 -24 -27 28 29 -23 -30 32 -29
right_child=1 2 -4 11 8 -7 -8 -9 -10 10 -12 -13 18 14 15 -17 17 -19 -20 20 24 27 25 -25 -26 26 -28 31 30 -31 -32 -33 -34
leaf_value=0.0022330659514999312 0.0021088459530967207 -0.000196324078755901 0.0076238768902572576 -0.0068850095788773004 -0.00019077110900068213 -0.0013694817145082712 -0.0049491620802083807 6.651693521273211e-05 0.00014745521395787128 -0.00022487251806591995 0.0027931145374586689 -0.001130748185443387 -0.00064636167279359094 -0.00027375694098215114 -0.0020683561484826341 0.00018851357809501998 0.0030348113123485057 0.00012916781846428798 0.0010450325889323402 -2.1221207103112673e-05 0.0042190758865748631 -2.7527719578606322e-05 -0.0013474958225314646 0.00073512902119339182 -0.017802895589021196 0.0070180553647340048 -0.0025164844475813563 -0.00086219836443716567 4.9786661925671841e-05 0.00016462557978449326 -0.00091022602888190043 -2.531173633031019e-05 7.1851602407527697e-05
leaf_weight=51 25 199 8.9999999999999982 23 18.000000000000004 19 12.999999999999998 13.999999999999998 11.999999999999998 20 18 8.9999999999999982 14.000000000000002 7.9999999999999991 22 10.999999999999998 32 19 8.9999999999999982 31 32 298 36 17 8.9999999999999982 24 7.9999999999999991 72 29 106 125 563 633
leaf_count=51 25 199 9 23 18 19 13 14 12 20 18 9 14 8 22 11 32 19 9 31 32 298 36 17 9 24 8 72 29 106 125 563 633
internal_value=-0.000215069 -0.00296895 -0.00411018 9.44326e-05 0.00393846 0.00690749 0.0103595 0.0145156 -0.00366631 -0.00513936 6.82949e-05 -0.000114157 -1.55002e-05 5.86235e-05 0.00443609 -0.000899675 0.00821638 0.0105223 -0.00802411 -0.000121201 0.00282806 -0.00040759 -2.37563e-05 0.00471988 0.0115321 -0.00424202 7.98039e-05 -0.000231803 -0.0017196 0.000154617 -0.00689131 0.000380849 0.00157519
internal_weight=2528 271 246 2257 127 97 78 65 30 237 38 2130 2121 2098 92 33 59 51 23 2006 157 1849 116 48 41 68 32 1826 558 404 154 1268 705
internal_count=2528 271 246 2257 127 97 78 65 30 237 38 2130 2121 2098 92 33 59 51 23 2006 157 1849 116 48 41 68 32 1826 558 404 154 1268 705
is_linear=0
shrinkage=0.060181


Tree=220
num_leaves=34
num_cat=0
split_feature=6 3 8 8 12 4 4 10 12 3 1 11 5 8 10 8 12 12 11 5 10 13 3 11 12 11 4 8 3 11 3 10 10
split_gain=0.818566 0.578461 1.20021 0.719965 0.973006 0.535253 2.08448 1.02746 0.950706 1.06886 1.04358 0.822469 0.927446 0.764735 0.893124 1.22134 1.27605 1.21452 1.11687 0.698054 1.01483 0.68692 1.26307 0.739102 1.25044 0.919132 1.03432 1.14339 0.772068 0.829465 0.926054 0.771727 1.19427
threshold=1.0474940120776812 0.073110505135413603 0.21959181758521781 1.6415692819254188 0.35096141226961375 -0.45666477035085801 -0.41968981172855369 -0.38390682039496643 1.0000000180025095e-35 -0.16337338886514416 1.0000000180025095e-35 -1.1823054022688861 1.430289428369991 -0.63336684131368426 -0.51869713454061739 -0.12006210351412204 0.35096141226961375 1.0000000180025095e-35 -0.58349385085929406 -0.49501265579601733 -0.089020814202466395 0.066817778544226755 -0.92019391069077316 -0.58349385085929406 -0.67414598255139557 0.61412925195989043 0.015748997670216903 -0.50329542683273187 1.45441532436159 1.0133369528996188 -0.43181758902110429 -0.9959362496524331 -0.19045392216237678
decision_type=2 2 2 2 2 2 2 2 2 2 2 2 2 2 2 2 2 2 2 2 2 2 2 2 2 2 2 2 2 2 2 2 2
left_child=5 2 -2 -3 -5 7 -7 13 21 -10 -11 -9 -13 -1 15 16 -15 18 -17 -12 -21 23 -23 31 25 26 -25 -28 29 30 -26 -8 -33
right_child=1 3 -4 4 -6 6 8 11 9 10 19 12 -14 14 -16 17 -18 -19 -20 20 -22 22 -24 24 28 -27 27 -29 -30 -31 -32 32 -34
leaf_value=0.00022539634701953455 0.0016792100796719203 -0.00016896075494141863 -0.0013537469114749423 0.0077982749847253412 -0.00058604527750110249 -0.0013489773406840596 -6.6175078429376447e-05 0.0083843555665310422 -5.5503363909124765e-06 -0.00016213599019287045 6.2227458988272762e-05 -2.0559349221578009e-06 -0.0098368997110208252 -0.00071409820705594068 0.00017085739358412743 0.0054602138770365218 0.00018302638317129369 -0.00024875805508980009 -8.8362954670786874e-07 0.00036113319893316364 0.0035260224995910285 0.00069910299580154707 -8.3684160315330408e-06 -3.6076922875699172e-05 -1.8916975783444205e-05 -6.0313003701328533e-05 8.8920631233057943e-06 0.006317112441566102 6.7155575382410367e-05 0.001990994205226432 -0.0012695065051716635 -0.0018478394725140578 -6.5316502697556023e-05
leaf_weight=108 43 199 19 9.0000000000000018 9.9999999999999982 50 167 18 304 37 35 605 22 39 34 33 20 37 23 35 26 30 78 58 58 68 32 59 26 17 95 78 56
leaf_count=108 43 199 19 9 10 50 167 18 304 37 35 605 22 39 34 33 20 37 23 35 26 30 78 58 58 68 32 59 26 17 95 78 56
internal_value=-0.000357701 -0.00340523 0.000960645 -0.00490108 0.00411928 1.26192e-06 -0.000758666 0.00112031 -0.000216739 0.00198697 0.00640878 -0.000143559 -0.000624826 0.00405391 0.0012846 -0.000405017 -0.00725509 0.00345572 0.00913477 0.00969575 0.0135512 -0.00146131 0.00272164 -0.00218442 -0.00036796 0.00260449 0.00534248 0.00925399 -0.00393376 -0.00556287 -0.00712746 -0.00445468 -0.00789292
internal_weight=2528 280 62 218 19 2248 1309 939 1259 437 133 645 627 294 186 152 59 93 56 96 61 822 108 714 413 217 149 91 196 170 153 301 134
internal_count=2528 280 62 218 19 2248 1309 939 1259 437 133 645 627 294 186 152 59 93 56 96 61 822 108 714 413 217 149 91 196 170 153 301 134
is_linear=0
shrinkage=0.060181


Tree=221
num_leaves=34
num_cat=0
split_feature=9 9 7 7 11 9 9 9 7 9 10 4 4 3 9 2 9 4 18 11 7 9 10 7 9 2 4 9 12 0 2 2 2
split_gain=0.776776 0.792141 0.685883 0.591709 0.700257 1.43716 0.760575 1.21221 1.09986 0.82608 0.66072 1.03077 1.28752 0.712911 0.659624 0.727015 0.654723 0.574753 0.455206 0.670828 0.764373 1.51244 1.15437 1.02303 1.07182 1.20297 0.92211 0.843986 0.743589 0.958803 0.615752 0.597453 0.875679
threshold=-2.1725784022950703 2.3929000287221167 0.23836975077433117 -0.7696975797697434 0.8137331024297545 -1.0534010495098707 1.2218680877244652 -0.53919450132880331 -1.1370441493747891 -0.83448314250752975 2.7338343340695626 -0.27173106901116995 -0.23923763647717566 1.4820341044484824 0.28154239701137906 0.5137877901294301 0.18900519848999808 -0.69793827907839723 1.0000000180025095e-35 1.2129408033694828 -0.10078510534939593 -0.14476122073981187 -0.25685480542850714 -0.013647081861686849 -0.073416220774986787 -0.57825936168271663 -0.14627126138942573 -1.2608443780645346 0.35096141226961375 1.0000000180025095e-35 -1.5310071858853926 -0.2957436717967421 -0.11540423404509814
decision_type=2 2 2 2 2 2 2 2 2 2 2 2 2 2 2 2 2 2 2 2 2 2 2 2 2 2 2 2 2 2 2 2 2
left_child=-1 3 -3 4 6 -6 7 9 17 -2 11 -7 -13 -14 16 -16 -10 -9 31 20 21 26 -23 -22 25 27 -20 -25 29 -26 -30 -5 -33
right_child=1 2 -4 18 5 10 -8 8 14 -11 -12 12 13 -15 15 -17 -18 -19 19 -21 23 22 -24 24 28 -27 -28 -29 30 -31 -32 32 -34
leaf_value=0.00061991576665743498 -9.4653901869432518e-05 0.0019026765493647345 -0.00087909344514847468 7.5228349424973377e-05 0.00018175969323078431 -0.001646743711006948 -0.00069210686747175876 0.0011793321588826145 -3.894296838615455e-05 -0.0002071451933648 7.2552170926625168e-05 0.0059103627401859106 0.0054658796915650031 -0.0019791827996875257 -0.0040402879469515459 0.0002281649213122921 0.0069078691386344846 0.0037257176526983645 0.00020942978509962284 -0.00014023017148065563 -0.00017519236007854433 -1.4829354783330382e-05 0.00045327739478312912 0.0011015696225939171 5.5598423626144396e-05 -4.2413540036442779e-05 -0.00029711374978438578 0.00014161560017266129 0.00011768345077252883 -0.00017384236162351418 -0.00058091628307806327 -0.0011689652359047325 3.878042077889931e-06
leaf_weight=20 44 19.000000000000004 7.9999999999999991 482 23 70 30 34 33 27 13.999999999999998 11.999999999999998 9.9999999999999982 22 13.000000000000002 14.999999999999998 7.9999999999999991 32 32 96 42 43 68 22 101 108 51 95 11.999999999999998 105 67 57 713
leaf_count=20 44 19 8 482 23 70 30 34 33 27 14 12 10 22 13 15 8 32 32 96 42 43 68 22 101 108 51 95 12 105 67 57 713
internal_value=-0.000429016 -0.000552238 0.00894178 -0.000691458 -0.0028576 -0.00605189 -0.000514195 0.00058779 0.00414534 -0.00528144 -0.00871006 -0.0102587 -0.00132388 -0.0085312 -0.000453581 -0.00770675 0.00343676 0.00955161 -0.000259568 -0.00135558 -0.00064606 0.0024508 0.00711392 -0.00184649 -0.000942923 0.00198683 -0.00315985 0.00626101 -0.0034505 -0.00116203 -0.00841268 0.000433632 -0.000548224
internal_weight=2528 2508 27 2481 387 151 236 206 135 71 128 114 44 32 69 28 41 66 2094 842 746 194 111 552 510 225 83 117 285 206 79 1252 770
internal_count=2528 2508 27 2481 387 151 236 206 135 71 128 114 44 32 69 28 41 66 2094 842 746 194 111 552 510 225 83 117 285 206 79 1252 770
is_linear=0
shrinkage=0.060181


Tree=222
num_leaves=34
num_cat=0
split_feature=9 7 13 7 9 6 7 6 6 5 8 5 9 8 6 10 6 7 0 13 5 5 8 8 4 9 8 9 4 2 5 8 4
split_gain=0.464874 0.393446 0.859922 0.726812 1.3554 1.1338 0.778682 0.747884 0.680837 0.861747 0.887008 0.816765 0.646697 1.02858 0.824861 0.723741 0.534721 0.721896 0.525589 0.43646 0.629098 0.604461 1.76968 0.58982 0.563911 0.534438 0.761199 0.768225 0.688902 0.524895 1.02589 0.852785 0.689898
threshold=-2.1725784022950703 -0.77226046281349958 2.1333099362384718 -0.90894755848049369 -0.32538660933141578 1.1098131512693497 -0.99181411022860833 -0.19888877175568878 0.33082391137349337 -0.45172830697472011 -0.61755403820354915 -0.024041806608755444 0.053817933078398807 1.5346096333314194 4.3192488196402783 -0.45973591040173262 0.6424196073318359 -1.3958953367941567 1.0000000180025095e-35 2.2386096444783958 2.588003491115499 1.8459761298985913 0.25717508945541906 0.94956349625043712 -0.69793827907839723 1.77894466222171 -0.31492904511270164 2.190158596410988 0.67095564731523882 0.16052232891530949 -1.1559697047462236 2.2758293265595655 -1.0949021080317813
decision_type=2 2 2 2 2 2 2 2 2 2 2 2 2 2 2 2 2 2 2 2 2 2 2 2 2 2 2 2 2 2 2 2 2
left_child=-1 2 3 6 18 7 8 -6 9 -2 -11 12 14 -14 15 -10 -13 -18 -5 20 21 25 24 -24 -23 29 28 -28 -27 32 -31 -32 -3
right_child=1 19 -4 4 5 -7 -8 -9 11 10 -12 16 13 -15 -16 -17 17 -19 -20 -21 -22 22 23 -25 -26 26 27 -29 -30 30 31 -33 -34
leaf_value=0.00058260862298965832 0.0025427833209452338 -0.00013887243214053856 -0.001525152229519841 -0.00022446926596356523 8.9515702016125081e-05 0.00074100414333081691 0.00044532049078057061 -0.0035009469155610215 5.6854036807241887e-05 -0.0013651476193572432 0.00083455760440636088 -5.327582156970198e-05 6.5169202034761641e-05 -0.010744086384163815 0.00019017083150440312 -0.00057649372859081699 0.020423046306163394 -0.00035161008658078532 0.0059899177094010986 0.00010534390908872312 -0.00032206665761168438 -0.0024318260586457092 -0.0047880479155824876 0.00012476310077386547 0.004684066076902145 0.00021139669433083234 0.0033151423318984494 -6.3732022638549244e-05 -0.00066706473208981475 0.00083657377651648302 -7.8609231405097008e-05 0.00089428847203791323 1.4224170824347668e-05
leaf_weight=20 14.999999999999998 91 21 11 7.9999999999999991 11.999999999999998 34 32 12.999999999999998 17 30 12.999999999999998 52 10.999999999999998 12.999999999999998 64 10.999999999999998 9.0000000000000018 12 81 57 9.9999999999999982 12.999999999999998 22 34 19 35 19 17 14.999999999999998 678 15.999999999999998 1023
leaf_count=20 15 91 21 11 8 12 34 32 13 17 30 13 52 11 13 64 11 9 12 81 57 10 13 22 34 19 35 19 17 15 678 16 1023
internal_value=-0.00047656 -0.0005762 -0.00237302 -0.00142644 -0.00654392 -0.0119565 0 -0.0166272 -0.00120724 0.00371265 0 -0.00318902 -0.00520602 0 -0.00838845 -0.0108613 0.00418788 0.0103187 0.00349993 -0.000226982 -0.000426515 -0.000212521 0.00476995 -0.00397091 0.0127016 -0.00045678 0.00388794 0.00840719 -0.00159131 -0.000709914 -0.00198861 -0.00241958 5.63906e-05
internal_weight=2528 2508 378 357 75 52 282 40 248 62 47 186 153 63 90 77 33 20 23 2130 2049 1992 79 35 44 1913 90 54 36 1823 709 694 1114
internal_count=2528 2508 378 357 75 52 282 40 248 62 47 186 153 63 90 77 33 20 23 2130 2049 1992 79 35 44 1913 90 54 36 1823 709 694 1114
is_linear=0
shrinkage=0.060181


Tree=223
num_leaves=34
num_cat=0
split_feature=2 2 4 8 6 19 8 4 4 4 8 12 5 5 2 8 6 8 1 2 4 4 1 4 8 8 6 4 3 4 8 2 2
split_gain=0.608653 0.866996 0.720703 0.526571 0.488988 0.619453 0.697752 0.485062 1.24406 1.00086 0.87984 0.851655 0.826609 0.808962 0.67639 0.549942 0.526297 0.567994 0.5163 0.620629 0.482773 0.8937 0.480539 0.475835 0.602318 0.883974 0.550931 0.472949 0.451461 0.652357 0.451595 0.951181 1.01472
threshold=-0.023849047903510546 -0.053094940658900545 -0.6420636373829991 -0.91692945378463431 -1.0713567204390475 1.0000000180025095e-35 -0.93206443923558968 -0.10170128139405034 -0.43019991494565585 -0.4490207211994785 -0.083259600334711234 0.35096141226961375 -0.73626492055430026 0.33087056517641972 -0.20625880261118809 -0.95847582522443064 -0.97787801165154475 -0.029090988105303899 -1.4759321159128549 -0.94098171233618022 -0.97754370077736419 -1.0321137360984209 1.0000000180025095e-35 -1.0949021080317813 -0.82089911764323775 0.99073876124515337 1.0786535816735154 -0.89532581950435475 -1.0084583183143951 0.11380177676635071 1.6668750589913373 0.53077522000538968 1.2709676699862866
decision_type=2 2 2 2 2 2 2 2 2 2 2 2 2 2 2 2 2 2 2 2 2 2 2 2 2 2 2 2 2 2 2 2 2
left_child=1 7 -3 -4 -2 20 -7 8 9 14 15 12 -12 -10 23 -9 -15 -18 -14 -20 21 -6 -13 24 -1 -26 -25 -28 29 -22 -30 -32 -33
right_child=4 2 3 -5 5 6 -8 10 13 -11 11 22 18 16 -16 -17 17 -19 19 -21 28 -23 -24 26 25 -27 27 -29 30 -31 31 32 -34
leaf_value=0.0024528318409011156 -0.00027987030901792029 -0.00019706783054326273 -0.00021384526429640846 0.00094421348016352229 -0.00014609444962126263 -0.0076729133947974282 0.0033432540607838718 -5.8657014593436246e-05 0.0001982186526213799 -0.00091822258001995525 0.00013382395156533275 -0.0015358795157854577 0.0010210485710011096 0.00034819918794856892 -0.00025337313881329049 7.590729681670849e-05 0.0017094805769981892 -0.0036143093166125925 -0.00033766930187778625 -0.0012978601963669146 -0.00017514000556980762 0.0018302977749953154 0.00067763802129907128 7.5696187301798693e-05 -0.0033202978949331947 1.9487004645534843e-05 2.9763084633552536e-05 -0.00052658467973166405 -6.0395603614609786e-05 0.0017730208725229659 -0.0010327730042244607 0.00098470887250017057 -0.00020586339900033148
leaf_weight=14.999999999999998 83 29 11.999999999999998 34 30 11.999999999999998 39 33 112 17 11.999999999999998 26 7.9999999999999991 22 77 210 8.0000000000000018 13.999999999999998 41 72 36 25 33 436 38 21 10.999999999999998 27 900 30 23 34 7.9999999999999991
leaf_count=15 83 29 12 34 30 12 39 33 112 17 12 26 8 22 77 210 8 14 41 72 36 25 33 436 38 21 11 27 900 30 23 34 8
internal_value=-0.000452788 0.000415118 0.00654392 0.0109763 -0.00142864 -0.00103136 0.00501163 0 0.000904453 -0.000190834 -0.0015844 -0.00462953 -0.00728988 0.00567376 0.000148126 0.000621619 -5.9687e-05 -0.00716228 -0.00895788 -0.0100886 -0.00138341 0.00364266 0.000526033 0.000987067 -0.00313856 -0.00629379 0.00177003 -0.00440783 -0.00171871 0.00263467 -0.00208434 0.00223447 0.00798013
internal_weight=2528 1308 75 46 1220 1137 51 1233 798 642 435 192 133 156 625 243 44 22 121 113 1086 55 59 548 74 59 474 38 1031 66 965 65 42
internal_count=2528 1308 75 46 1220 1137 51 1233 798 642 435 192 133 156 625 243 44 22 121 113 1086 55 59 548 74 59 474 38 1031 66 965 65 42
is_linear=0
shrinkage=0.060181


Tree=224
num_leaves=34
num_cat=0
split_feature=2 8 14 5 2 4 4 13 8 5 8 1 5 4 6 13 13 13 4 13 5 9 8 8 4 11 5 7 4 6 4 9 7
split_gain=0.84106 0.6707 0.623512 0.602692 0.574737 0.56029 0.874885 1.15204 0.942098 1.04214 1.06636 0.741473 1.08841 0.984351 0.645815 0.726146 0.638121 0.772406 0.555279 0.54513 0.451627 0.518039 0.441136 0.825114 0.726959 0.577363 0.471843 0.439503 0.941463 0.797299 1.08443 0.756713 0.496894
threshold=0.16666499774008839 2.2758293265595655 2.933049057447366 -1.1559697047462236 1.1953943073637721 -0.71390802067129389 -0.46255576051341812 2.2738243745509061 -0.067371155066487887 -0.44636556953577805 0.45746236861725287 1.0000000180025095e-35 -0.7183463406599836 -0.82090371259230854 0.8293770249068414 -0.23742394094741132 1.0343541575772606 2.0489447629485129 -0.22722272278019931 -0.29252999027614934 -0.33359692485134973 0.037468414700830212 1.3536992631682623 1.9085023646409709 -1.0913427656565331 -0.38389000038943 2.4198173272706227 -0.49205191669616316 1.1793166651869587 0.20618563299015633 1.5388318778701371 0.11283073283941956 0.507472470368725
decision_type=2 2 2 2 2 2 2 2 2 2 2 2 2 2 2 2 2 2 2 2 2 2 2 2 2 2 2 2 2 2 2 2 2
left_child=22 2 3 4 -2 11 7 8 14 -10 -11 -5 19 20 15 -7 27 18 -18 -13 -14 -22 -1 26 -25 -26 -24 29 32 30 -8 -31 -29
right_child=1 -3 -4 5 -6 6 16 -9 9 10 -12 12 13 -15 -16 -17 17 -19 -20 -21 21 -23 23 24 25 -27 -28 28 -30 31 -32 -33 -34
leaf_value=2.0561551488458601e-05 0.0045724915319535486 0.0004222065736055365 0.00046757730457854397 -0.0086130562120922786 -0.00050659104610763065 0.0012009942555165276 0.0015536521072236715 -0.0061404152674630749 -0.00021041311205994976 -0.00032657698036074866 0.007548325701501382 -0.0035731069207562377 0.0037819927172638179 0.0012903729789201638 -0.00027284617734208322 6.3943675933501358e-05 -0.00035937016950963866 -5.9848008744491886e-05 0.0020059371036302287 5.8528761824340092e-06 0.00039367457750845696 -0.0026938845180861462 -0.00042424831132587893 0.00089297552913012693 0.00055719138047723952 -0.00036008925716064745 0.0023397078147764949 -0.00026302743714965576 0.00052071442536952761 -0.00018817907389352269 -0.00015342148601314533 3.497455635031021e-05 3.2309590299069166e-05
leaf_weight=1315 11.000000000000002 20 14.999999999999998 36 7.9999999999999991 53 54 7.9999999999999991 33 12.999999999999998 23 24 12.999999999999998 26 18 20 9.0000000000000018 29 19 11.999999999999998 9.0000000000000018 14.999999999999998 96 7.9999999999999991 22 55 10.999999999999998 273 64 109 29 56 22
leaf_count=1315 11 20 15 36 8 53 54 8 33 13 23 24 13 26 18 20 9 29 19 12 9 15 96 8 22 55 11 273 64 109 29 56 22
internal_value=-0.000452788 -0.00179422 -0.00206956 -0.00231377 0.00678166 -0.00257608 -0.00187594 0.00177004 0.00332797 -0.00128247 0.00463043 -0.0063163 -0.0026671 0.001398 0.00734558 0.00985721 -0.00288889 0.00252943 0.00961096 -0.0107087 -0.00377532 -0.0088235 0.000420191 -0.0021682 0.0017301 0 -0.00573886 -0.00350352 -0.00490392 -0.00120724 0.00315985 -0.00376469 -0.00635806
internal_weight=2528 1021 1001 986 19 967 832 168 160 69 36 135 99 63 91 73 664 57 28 36 37 24 1507 192 85 77 107 607 359 248 83 165 295
internal_count=2528 1021 1001 986 19 967 832 168 160 69 36 135 99 63 91 73 664 57 28 36 37 24 1507 192 85 77 107 607 359 248 83 165 295
is_linear=0
shrinkage=0.060181


Tree=225
num_leaves=34
num_cat=0
split_feature=2 18 2 13 9 9 6 6 9 9 8 17 4 9 13 5 5 2 4 4 4 8 5 8 2 8 8 9 1 9 9 2 5
split_gain=0.819418 0.744799 0.880258 1.58576 1.1385 1.54842 0.818349 1.5269 0.80975 0.593667 0.969785 0.814538 0.756744 1.04196 0.632973 1.07417 0.797448 1.14231 1.90249 0.913141 0.806073 0.784243 1.17159 0.671871 0.618096 0.697247 0.974792 0.602579 0.593342 0.707761 0.666447 0.586883 0.525087
threshold=0.16052232891530949 1.0000000180025095e-35 0.56382592264061604 1.0000000180025095e-35 -0.96761379697633698 -0.52088778291212168 -0.69744188528903661 -0.3858461893306942 1.1129823073903073 0.74186853447891854 -0.48780399844997951 1.0000000180025095e-35 -0.69163207376907543 0.85774982676031819 1.9636942100096351 -0.19289164315669585 -0.35186782604709715 0.55508618525407305 -0.27831059057483071 1.1953507441370903 -0.45666477035085801 0.026845651141097153 -0.10222724496435799 0.17232626139974869 0.35646608711102135 0.49879020818495784 1.1312107870041233 1.9376065079846942 1.0000000180025095e-35 -0.20397818439071433 -0.61764474028040195 1.0239687373611597 1.5422297859493208
decision_type=2 2 2 2 2 2 2 2 2 2 2 2 2 2 2 2 2 2 2 2 2 2 2 2 2 2 2 2 2 2 2 2 2
left_child=-1 9 3 8 -4 -6 -7 -8 -3 14 27 12 -12 -14 16 -16 17 18 23 20 21 31 -23 -2 -15 -26 -27 -11 29 -21 32 -18 -30
right_child=1 2 4 -5 5 6 7 -9 -10 10 11 -13 13 24 15 -17 19 -19 -20 28 -22 22 -24 -25 25 26 -28 -29 30 -31 -32 -33 -34
leaf_value=1.0524667015522849e-05 0.0015024621437218478 -0.0004100034093170607 0.00059651913204314139 0.0012232627095322152 -0.00033774291744585353 -0.0023517173235881755 0.0008135720435909177 -5.574176116178558e-06 4.4608763355999943e-06 0.0035889357151343984 0.00815893746213831 0.00014439459138532274 0.0047878007275684656 0.00063983649483009624 -0.0024503228224922874 0.00024306796961900265 -2.7367282009135252e-05 -4.7373457890159859e-05 -0.00099935947957827099 0.00071232213192878131 -0.00079711479714916897 0.0009593096436186667 -0.011369854067332513 9.9561701668791732e-05 -0.0029405737417453528 0.010033186316154595 -0.00038560226769755621 3.9296246956569578e-06 0.0016345634485265619 -0.012392039461466397 0.005676359511692557 0.0062033908680341936 -0.0013203891515950735
leaf_weight=1499 36 89 25 18 25 14.999999999999998 14.999999999999998 70 20 13.000000000000002 7.9999999999999991 36 9.9999999999999982 13.999999999999998 22.000000000000004 8.9999999999999982 31 228 35 9.0000000000000018 121 17 18 12.999999999999998 25 7.9999999999999991 27 7.9999999999999991 11.000000000000002 7.9999999999999991 21 15.999999999999998 7.9999999999999991
leaf_count=1499 36 89 25 18 25 15 15 70 20 13 8 36 10 14 22 9 31 228 35 9 121 17 18 13 25 8 27 8 11 8 21 16 8
internal_value=-0.000405244 -0.00172203 -0.00440675 -0.00808557 -0.000802083 -0.00353176 0 0.00240931 -0.0109814 -0.00064093 0.00258196 2.15901e-05 -0.00254764 -0.00484119 -0.00154243 -0.0096473 -0.000945911 0.000962428 0.00690208 -0.00343529 -0.00540255 -3.31917e-05 -0.00708876 0.0143544 -0.00779148 -0.0104527 -0.00241199 0.0135683 0.00252943 -0.00451913 0.00696599 0.00421852 0
internal_weight=2528 1029 277 127 150 125 100 85 109 752 149 128 92 84 603 31 572 312 84 260 203 82 35 49 74 60 35 21 57 17 40 47 19
internal_count=2528 1029 277 127 150 125 100 85 109 752 149 128 92 84 603 31 572 312 84 260 203 82 35 49 74 60 35 21 57 17 40 47 19
is_linear=0
shrinkage=0.060181


Tree=226
num_leaves=34
num_cat=0
split_feature=2 14 11 6 6 8 2 9 2 5 6 9 7 2 5 9 11 0 5 5 8 2 5 8 5 5 8 11 8 9 5 5 7
split_gain=0.707203 0.56112 0.469318 0.737891 0.926797 0.806985 0.797178 0.655609 1.00998 1.00518 0.747304 0.726023 0.914175 0.779031 0.718495 0.654479 0.706872 0.672761 0.630998 0.484552 0.472257 0.442082 0.503301 0.441096 0.432664 0.658959 0.583193 0.544954 0.476937 0.423585 0.422124 0.528479 0.442426
threshold=0.16052232891530949 2.933049057447366 1.4125446538393469 0.050387785010985106 -0.10541006296818604 -0.78657604493822009 1.6905837262216423 0.24239032474447195 0.89594225797231386 -0.29834528583205649 0.33082391137349337 0.62494859644616907 -0.27933262406440512 0.58692141177995538 -0.78974731983922719 -0.70489326786399109 -0.38389000038943 1.0000000180025095e-35 -0.073949053354336686 -0.95721358054101291 1.6415692819254188 0.25206256138823352 -0.20584053607589672 1.3791089476888558 0.38495777128076686 -0.35723804734510162 -0.98918372174019009 -1.3819092527387502 -0.94419015810234919 1.5765534281685587 2.588003491115499 3.5046483674833464 -0.39209947798967532
decision_type=2 2 2 2 2 2 2 2 2 2 2 2 2 2 2 2 2 2 2 2 2 2 2 2 2 2 2 2 2 2 2 2 2
left_child=30 2 3 4 5 24 18 8 14 15 -11 13 -13 -9 -5 17 -17 -10 -6 -7 -4 22 -16 -23 25 26 -2 -26 -27 -14 32 -32 -1
right_child=1 -3 20 7 6 19 -8 11 9 10 -12 12 29 -15 21 16 -18 -19 -20 -21 -22 23 -24 -25 27 28 -28 -29 -30 -31 31 -33 -34
leaf_value=-8.1812267154285668e-05 0.0017851727896098953 0.00034901838305684258 -4.1772217270567581e-06 0.0001422885739238239 0.0030170783272826926 0.00059365790254665431 -0.0023266014951113185 -0.004608836086919448 -0.00043227070142735528 0.0014143552120956873 -0.00039390802647660563 2.4179943720640063e-05 -0.00030177963187926274 0.0065817475640743382 0.0082658318364597447 -6.28686631676044e-06 -0.00088583385155572409 0.0035129688411828694 0.00070803984665111753 -0.00014354135641227384 0.0070581608876653986 -0.00087309565932464084 -0.026187521004751399 -3.1283483234280138e-05 -0.0021716375068825036 -0.00012986345555532428 -0.0024346040168443201 0.0059298362740125652 0.00042152736581701903 -1.0590999891647644e-06 -0.00060961978382001187 0.0010547609293171686 3.3479677731823301e-05
leaf_weight=253 26 14.999999999999998 140 9.9999999999999982 25 17 7.9999999999999991 14.999999999999998 24 22 23 68 26 23 12.000000000000002 22 48 24 19 280 8.9999999999999982 68 10.999999999999998 10.999999999999998 11.000000000000002 21.000000000000004 12.999999999999998 18 9.9999999999999982 9.9999999999999982 33 12.999999999999998 1200
leaf_count=253 26 15 140 10 25 17 8 15 24 22 23 68 26 23 12 22 48 24 19 280 9 68 11 11 11 21 13 18 10 10 33 13 1200
internal_value=-0.000381472 -0.00160547 -0.00183613 -0.00239359 -0.000539334 -0.00166373 0.00654496 -0.00422768 -0.00595044 -0.00236499 0.00439211 -0.000432833 -0.00338209 0.00585435 -0.0104361 -0.00546718 -0.00903253 0 0.0101733 -0.00331275 0.00100452 -0.0119942 -0.00123785 -0.0142411 0.0026671 0 0.00501066 0.00839328 -0.00616905 -0.0107087 0.000422428 -0.00491018 0.000642348
internal_weight=2528 1029 1014 865 448 396 52 417 275 163 45 142 104 38 112 118 70 48 44 297 149 102 23 79 99 70 39 29 31 36 1499 46 1453
internal_count=2528 1029 1014 865 448 396 52 417 275 163 45 142 104 38 112 118 70 48 44 297 149 102 23 79 99 70 39 29 31 36 1499 46 1453
is_linear=0
shrinkage=0.060181


Tree=227
num_leaves=34
num_cat=0
split_feature=3 3 3 11 12 4 11 8 8 12 12 10 6 12 4 8 3 11 10 10 6 8 8 11 3 8 8 4 6 4 3 10 8
split_gain=0.607709 1.03966 0.950485 0.600514 0.627782 0.51223 0.52433 0.658127 0.509448 0.62402 0.478259 0.438937 0.35145 1.02837 0.34989 0.343517 0.299072 0.419371 1.24111 1.03461 1.3815 0.81175 1.02428 1.31178 0.769519 0.68013 0.757335 0.675645 0.645056 0.615636 0.687203 0.609868 0.765519
threshold=1.1481810632927465 1.8559099902480021 1.0074112315307975 1.2129408033694828 0.35096141226961375 -0.22722272278019931 -0.38389000038943 0.15968502983546276 -0.4544749076443772 1.0000000180025095e-35 -0.67414598255139557 0.4300227542787099 0.11270692420265362 -0.67414598255139557 -0.39370762398536191 0.97521255138906926 0.97096735872971396 -0.38389000038943 -0.042568971875159345 -0.99938535613924373 0.20618563299015633 -0.70167348347711922 0.026845651141097153 -1.3819092527387502 -0.75764355364807312 0.17232626139974869 1.9085023646409709 -0.94354219281714802 1.2656109992485209 -0.80865627587084299 -0.30898328994250784 0.38269188514461988 -0.47534262774273711
decision_type=2 2 2 2 2 2 2 2 2 2 2 2 2 2 2 2 2 2 2 2 2 2 2 2 2 2 2 2 2 2 2 2 2
left_child=2 3 16 12 -5 6 7 -3 14 11 -4 -10 13 -2 -8 -12 17 21 19 -19 -21 -1 23 24 -23 -24 -27 -25 -22 -28 -31 32 -20
right_child=1 5 10 4 -6 -7 8 -9 9 -11 15 -13 -14 -15 -16 -17 -18 18 31 20 28 22 25 27 -26 26 29 -29 -30 30 -32 -33 -34
leaf_value=7.6447122214404512e-05 -0.0019270249630790296 0.0013044665321774117 0.00057484773588804263 0.0045686747505409271 -0.00021803005112253722 -9.9074575489016149e-05 0.00011639450655068129 -0.00023304804911579636 6.3033689622126593e-05 -0.00019119179175539159 -0.00011402797225990649 0.008430074484692603 -0.00037024215667156435 0.00057749307197858639 -0.001583173984843078 0.00019795438873412049 -0.0017039397417906476 -9.9638127133255756e-05 2.5396393638747705e-05 0.00019973894994228995 -0.00041014465365180546 0.0016103674846816697 0.00074602857047627931 9.7101375721087598e-06 -0.00019444480039798888 -5.6431804512481538e-05 -0.00011433021425551762 -0.00031740748765722549 0.0022160140143569753 0.003137482487716804 -0.00034846427005905399 1.6073562641913383e-05 -0.0001951888720848275
leaf_weight=249 15.999999999999998 25 19 16.000000000000004 10.999999999999998 38 14.999999999999998 7.9999999999999991 10.000000000000002 21 34 15.999999999999998 127 29 17 12.999999999999998 17 81 78 256 94 23 40 24 39 226 8.9999999999999982 191 20 18 9.0000000000000018 591 148
leaf_count=249 16 25 19 16 11 38 15 8 10 21 34 16 127 29 17 13 17 81 78 256 94 23 40 24 39 226 9 191 20 18 9 591 148
internal_value=-0.000333929 -0.00265353 1.50883e-05 -0.00550921 0.00107606 0.000802083 0.00314805 0.00912018 0 0.00421852 0.00695776 0.0102603 -0.00687034 -0.000677552 -0.00515064 0.00184002 -0.000186156 -8.73423e-05 0.000570156 0.00311721 0.00451791 -0.00116129 -0.00243235 -0.00505016 0.00187798 0 -0.00114361 -0.00730836 -0.000535885 0.00614999 0.0109082 -0.000773505 -0.00341977
internal_weight=2528 349 2179 199 27 150 112 33 79 47 66 26 172 45 32 47 2113 2096 1268 451 370 828 579 277 62 302 262 215 114 36 27 817 226
internal_count=2528 349 2179 199 27 150 112 33 79 47 66 26 172 45 32 47 2113 2096 1268 451 370 828 579 277 62 302 262 215 114 36 27 817 226
is_linear=0
shrinkage=0.060181


Tree=228
num_leaves=34
num_cat=0
split_feature=5 9 3 6 6 8 0 9 9 9 18 8 3 4 11 5 6 9 9 16 6 5 8 5 3 3 8 5 11 3 0 4 3
split_gain=0.898526 0.59674 0.746301 0.611086 0.861272 0.862233 0.857837 0.853251 1.35343 0.812546 0.845129 1.57873 0.787147 0.758086 0.704271 0.683731 0.586785 0.56747 0.89739 0.539787 1.24537 0.767574 0.619375 1.11247 1.17837 1.03058 0.880705 0.873574 0.781756 1.22391 1.21956 0.807006 0.735856
threshold=2.588003491115499 2.3929000287221167 -0.54967891987932205 0.39314305056516186 0.45546218975683034 -1.0811636381598648 -1.1446077060016007 -0.61764474028040195 -0.93703533685373908 0.779884982823846 1.0000000180025095e-35 -0.48780399844997951 0.67681202699394538 -0.056987793364426942 1.4125446538393469 -0.45172830697472011 2.1069193783360456 0.87157377018169691 1.7020406079723238 1.6165153522599058 -0.13656963256402027 2.239979907126203 1.0498510008212814 -0.68215361783426121 -1.459711654696098 -1.0537142412638232 0.99073876124515337 1.7909860845343473 -0.58349385085929406 -0.42891350231024306 1.0000000180025095e-35 -0.92440489752143995 0.12028576142170296
decision_type=2 2 2 2 2 2 2 2 2 2 2 2 2 2 2 2 2 2 2 2 2 2 2 2 2 2 2 2 2 2 2 2 2
left_child=1 3 -3 19 -5 7 -7 8 -6 10 12 15 13 -8 -14 -12 17 -11 -19 21 -21 22 26 25 -25 -24 28 -26 29 31 -31 -1 -27
right_child=-2 2 -4 4 5 6 9 -9 -10 16 11 -13 14 -15 -16 -17 -18 18 -20 20 -22 -23 23 24 27 32 -28 -29 -30 30 -32 -33 -34
leaf_value=0.0016528196939073858 -0.00029235532802569688 -0.00033922554364679665 0.0033641994554490114 -0.00098556439243206707 -0.001249592041329221 0.0064695115300124253 5.6073154446890834e-05 -0.002473576735545832 0.0073068840497387032 0.0097033638144396472 0.0018716470037014477 -0.00040190175523104158 -0.0002628676989100555 0.0061846841662574091 3.1467027987726166e-05 -0.00046841657225731519 -0.010974834645639839 -8.0935153157177882e-05 0.0030345366831381389 -0.0001505779765990224 0.00061868460840412188 0.00024552483551706098 0.0039768490928013423 -0.002336664356461517 3.2980358626187523e-05 -0.0014941806394081689 0.00092696440611204694 -0.0032322256826373022 3.3404149222440598e-05 -1.8841470666770217e-06 -0.00060261173629322146 -2.6777528308303681e-05 -0.00079136098693800068
leaf_weight=28 62 10.000000000000002 15.999999999999998 41 26 32 127 22 7.9999999999999991 9.9999999999999982 25 57 116 17 43 23 12.999999999999998 67 11.999999999999998 27 24 30 8.9999999999999982 9.9999999999999982 214 29 24 12.999999999999998 850 93 105 332 12.999999999999998
leaf_count=28 62 10 16 41 26 32 127 22 8 10 25 57 116 17 43 23 13 67 12 27 24 30 9 10 214 29 24 13 850 93 105 332 13
internal_value=-0.000405244 -0.0001961 0.0082274 -0.000321326 -0.00192428 -0.00120513 -0.000336112 -0.00812509 -7.55595e-05 -0.0010601 -0.00234628 -0.00695281 -0.000499973 0.00246556 -0.00353349 5.50605e-05 0.00344614 0.00555461 0.00258431 0.00021834 0.00611376 1.62029e-06 -0.000141312 -0.00269267 -0.00063712 -0.0105223 0.000337342 0.000142807 8.72789e-05 -0.00161245 -0.00538729 0.000338839 -0.0145783
internal_weight=2528 2466 26 2440 639 598 542 56 34 510 408 105 303 144 159 48 102 89 79 1801 51 1750 1720 288 237 51 1432 227 1408 558 198 360 42
internal_count=2528 2466 26 2440 639 598 542 56 34 510 408 105 303 144 159 48 102 89 79 1801 51 1750 1720 288 237 51 1432 227 1408 558 198 360 42
is_linear=0
shrinkage=0.060181


Tree=229
num_leaves=34
num_cat=0
split_feature=6 7 9 9 6 16 18 6 8 15 8 12 8 8 8 4 10 10 9 13 4 8 7 7 3 9 10 6 4 4 13 13 4
split_gain=0.681826 0.838231 0.807852 1.03113 0.725625 0.91975 0.854974 0.821678 0.704475 0.670666 0.824145 0.779724 0.639108 0.624628 1.36142 0.605053 0.588593 1.44167 1.24655 1.00155 1.07659 1.06787 0.958637 0.75249 0.850544 0.66668 0.612817 1.11496 0.578498 1.38384 0.60499 0.703675 0.576216
threshold=0.39314305056516186 -0.18450595144542853 1.0703209923880617 1.3167932581544126 0.67357917692767011 1.0000000180025095e-35 1.0000000180025095e-35 0.79821745531100707 -1.1372934129054768 1.0000000180025095e-35 0.042201615330428557 1.3760688070906235 -0.38601715685574928 -0.81658474848564877 -0.69279524671945292 -0.1526557670572328 0.54754892467355198 0.44503292440639308 -1.8655880814435755 1.15413037834674 -0.29405379810221027 -1.00775750926299 1.2370398434913026 1.0875383326055288 -0.45326098968084866 -0.073416220774986787 0.72283832306409346 -0.26120791094735718 -0.28247054524574361 -0.30810878936209668 -0.022096206808119197 0.42584894298929438 -0.30810878936209668
decision_type=2 2 2 2 2 2 2 2 2 2 2 2 2 2 2 2 2 2 2 2 2 2 2 2 2 2 2 2 2 2 2 2 2
left_child=16 2 4 -4 5 -2 7 -6 -9 -3 -11 15 -8 -10 -15 -12 17 18 -1 22 25 -22 28 24 -18 -21 27 -26 29 30 -20 -32 -25
right_child=1 9 3 -5 6 -7 12 8 13 10 11 -13 -14 14 -16 -17 23 -19 19 20 21 -23 -24 32 26 -27 -28 -29 -30 -31 31 -33 -34
leaf_value=0.00088068821824241288 -9.348806241925154e-05 0.0015791038282865807 0.0028676961693177567 -0.00027329608895493187 0.0070650922166733869 -0.0071911666062753794 -4.272607646484777e-05 -0.0039562743103967492 0.00031386814762872036 -0.00044022679987607276 -0.0003488923823232771 0.0064113735186263005 -0.00049304172781194271 -0.0035092118146037902 -3.6777581807933317e-05 0.00011061197975263849 -0.00054314341984072019 0.0007678783643153118 2.9725630132022493e-05 0.00030812746739275097 -5.8494283044810279e-05 0.0011229008110096575 -0.00012399198290687891 0.00039665663917787741 7.5176043240628377e-05 -0.0020819783925748151 1.8494379322742802e-05 -0.0016589945804445605 -2.4262644218335428e-05 0.0043942025874949258 -0.0015642245238810016 0.00015893398258189044 -2.2000732404348432e-05
leaf_weight=41 59 57 20 37 30 30 21 25 37 69 23 11.999999999999998 31 21 164 8.0000000000000018 114 53 384 25 13.999999999999998 44 112 26 9.9999999999999982 25 224 26 703 14.999999999999998 20 20 28
leaf_count=41 59 57 20 37 30 30 21 25 37 69 23 12 31 21 164 8 114 53 384 25 14 44 112 26 10 25 224 26 703 15 20 20 28
internal_value=-0.000452788 -0.00214175 -0.00346386 0.00252943 -0.00443177 -0.00945385 -0.00281309 -0.00118971 -0.00253285 0.00123679 -0.00106573 0.00458059 -0.0097919 -0.00107961 -0.0027273 0 9.71519e-05 0.000702874 0.00028012 -2.08066e-06 0.00541782 0.010792 -0.00052865 -0.00181925 -0.00287629 -5.30062e-05 -0.000695681 -0.00766955 0 0.00170605 0.000851085 -0.00558583 0.00422826
internal_weight=2528 644 475 57 418 89 329 277 247 169 112 43 52 222 185 31 1884 1456 1403 1362 108 58 1254 428 374 50 260 36 1142 439 424 40 54
internal_count=2528 644 475 57 418 89 329 277 247 169 112 43 52 222 185 31 1884 1456 1403 1362 108 58 1254 428 374 50 260 36 1142 439 424 40 54
is_linear=0
shrinkage=0.060181


Tree=230
num_leaves=34
num_cat=0
split_feature=5 5 2 10 3 7 10 8 13 7 5 10 7 7 8 12 5 5 8 1 6 5 8 7 5 5 5 12 8 13 8 7 6
split_gain=0.585486 0.979735 0.718613 0.948577 0.736268 0.966235 0.731074 1.39342 1.13397 1.14421 0.829341 1.33956 0.852166 1.10701 1.07614 0.806186 0.724423 0.706692 0.687175 0.66775 0.739518 0.665792 0.661138 0.659861 0.710803 0.645953 1.15546 0.583071 0.673108 1.05106 1.05516 0.923854 0.638559
threshold=2.588003491115499 1.8459761298985913 -0.2957436717967421 1.2098752943001141 -0.43928420458980705 -0.28360409580399842 0.67042570547176705 -0.38601715685574928 -0.19896087630896347 -0.31265010363323603 -0.68785585454374698 -1.1523783970561057 0.30585900425990969 -0.27933262406440512 -0.60938565582620374 0.86351510968011858 -0.10222724496435799 0.51409293244168019 0.2667674971529358 1.0000000180025095e-35 0.14386649379848784 0.88807983877039176 -0.63336684131368426 -0.15204276622451804 -0.81569262987253233 -0.49501265579601733 -0.67051290024238475 1.888622504501128 0.67185515024160569 -0.32987112572679234 1.1072252327686951 1.0994984534763907 -0.19888877175568878
decision_type=2 2 2 2 2 2 2 2 2 2 2 2 2 2 2 2 2 2 2 2 2 2 2 2 2 2 2 2 2 2 2 2 2
left_child=1 2 4 6 5 -1 7 10 9 16 15 21 13 -13 -14 23 -8 -18 -3 -10 -21 -12 -11 24 -4 26 -5 28 31 30 -30 32 -7
right_child=-2 18 3 25 -6 27 8 -9 19 22 11 12 14 -15 -16 -17 17 -19 -20 20 -22 -23 -24 -25 -26 -27 -28 -29 29 -31 -32 -33 -34
leaf_value=-0.0013918414967062597 -0.00027330094545698796 0.0010955778088969105 0.00017869973385406754 -0.00018467267676128989 8.0273265634886993e-05 0.00013125864908716678 0.00011647251250519238 -0.00012550497619706337 -0.0062316410545091789 -0.0016375790567241364 0.00096254377047052891 -0.00032763791132459801 -0.0045717968747425019 0.0001069266652658155 0.00082768753064622999 -0.0011713131418957334 0.0094924331314199528 0.00036647824752391906 -1.0815416364549316e-05 0.00064319098578872905 -0.00018653676667522095 -0.00042031453338233561 8.6762104083519398e-05 -2.0350633041976237e-05 0.0064388445634806901 -0.0003969637707542984 0.0047500507686622272 -0.00017093782303564064 0.002708284435810933 -0.000267894592354735 8.3005542072525832e-05 -0.00017366946185632095 -0.00011548438022129506
leaf_weight=81 62 47 35 43 357 183 75 605 14.999999999999998 14.999999999999998 50 155 35 129 10.999999999999998 14.999999999999998 22 10.999999999999998 35 13.000000000000002 14.999999999999998 10.999999999999998 44 30 29 72 21 28 31 24 55 111 63
leaf_count=81 62 47 35 43 357 183 75 605 15 15 50 155 35 129 11 15 22 11 35 13 15 11 44 30 29 72 21 28 31 24 55 111 63
internal_value=-0.000761822 -0.000585999 -0.000832975 -0.00167755 0.000420688 -0.000835552 -0.00112033 -0.00176684 0.00198549 0.00442606 0.000483644 -0.000693494 -0.00235367 -0.000846877 -0.00976308 0.00510248 0.008114 0.0156966 0.00565731 -0.00587192 0 0.00703049 -0.00148733 0.0074281 0.0107244 -0.0064866 -0.000932226 6.60481e-05 0.000709379 0.0047927 0.00809129 -0.000425103 0.00145802
internal_weight=2528 2466 2384 1451 933 576 1315 1105 210 167 500 391 330 284 46 109 108 33 82 43 28 61 59 94 64 136 64 495 467 110 86 357 246
internal_count=2528 2466 2384 1451 933 576 1315 1105 210 167 500 391 330 284 46 109 108 33 82 43 28 61 59 94 64 136 64 495 467 110 86 357 246
is_linear=0
shrinkage=0.060181


Tree=231
num_leaves=34
num_cat=0
split_feature=6 10 10 9 2 2 13 10 11 6 10 9 5 9 6 18 14 6 1 2 13 3 9 10 2 6 11 3 9 5 14 6 9
split_gain=0.616056 0.897879 1.52689 1.02177 1.3199 0.942579 0.813721 0.753368 0.807676 1.10995 1.12288 1.12411 0.837898 0.748404 0.736966 0.91043 0.7005 0.951913 0.710481 0.84022 1.20233 0.804012 0.665602 1.17877 0.814322 0.982005 0.811074 0.778225 0.7273 0.634533 0.631188 0.593221 0.676072
threshold=0.39314305056516186 0.54754892467355198 0.44503292440639308 -1.5558498083179935 0.34696626009948633 -0.85143647618516605 -0.34043383578767422 -0.63467999728446267 -0.38389000038943 -0.57280360690569965 -0.21974670309655872 -1.0145173346674259 -0.49501265579601733 1.1358255746546411 0.45546218975683034 1.0000000180025095e-35 -0.738224098466287 0.79821745531100707 1.0000000180025095e-35 0.92327731003672542 -0.25938868034442081 1.9258702419511413 0.053817933078398807 0.72283832306409346 -0.13414512152291122 0.14386649379848784 0.21492155102016219 -0.24149852641735717 -0.41573202480896426 -0.7075433891486308 1.7092913388094815 -0.29236748054319145 -0.31254035489086651
decision_type=2 2 2 2 2 2 2 2 2 2 2 2 2 2 2 2 2 2 2 2 2 2 2 2 2 2 2 2 2 2 2 2 2
left_child=1 2 3 4 5 -1 -7 30 -9 13 -11 -12 -13 -10 15 -2 17 -16 19 20 -18 -21 24 -24 26 31 -3 28 -28 -4 -5 32 -26
right_child=14 22 29 7 -6 6 -8 8 9 10 11 12 -14 -15 16 -17 18 -19 -20 21 -22 -23 23 -25 25 -27 27 -29 -30 -31 -32 -33 -34
leaf_value=0.0030622370382934927 -0.01211104561954574 0.00033740351047055131 9.9555528840515736e-05 -4.7188362202649e-05 0.00067121712821040691 0.00024859171060438414 -0.00071293405674497648 -3.8227518498640133e-05 0.0003656222752646408 0.00016203108212880534 0.0040649254051329138 -0.0015841400159710144 2.1143734999287758e-05 -0.00030776272312062989 0.0075846462962539897 5.4889295703575378e-05 -2.5305470256397989e-05 -0.0018592563647952132 -0.00010478394194109041 -0.00045213918704214588 0.00087126870599025293 0.007727157136848576 -0.010064507456112655 -6.3378438205437081e-05 -7.5322408836705465e-05 0.00017221725292730419 -0.0035547230682504019 0.00013927256608511188 0.00020347447300677184 0.0013743054185476747 0.0020930842896336793 -0.0029999313856341153 0.0061358855190707523
leaf_weight=19 26 56 15.999999999999998 663 32 11.000000000000002 18 256 44 114 15.999999999999998 82 127 7.9999999999999991 16.000000000000004 14.999999999999998 132 14.999999999999998 338 46 40 15.999999999999998 38 163 17.000000000000004 39 19.000000000000004 37 9.9999999999999982 37 12.999999999999998 41 7.9999999999999991
leaf_count=19 26 56 16 663 32 11 18 256 44 114 16 82 127 8 16 15 132 15 338 46 40 16 38 163 17 39 19 37 10 37 13 41 8
internal_value=-0.000809366 -0.000224681 0.000455488 2.34123e-05 0.00651248 0 -0.00654747 -0.000342377 0.00106812 0.00282863 0.00132572 -0.000933819 -0.00241942 0.0108742 -0.00242053 -0.0101829 -0.00174085 0.00616905 -0.0023051 1.19583e-05 0.00241514 -0.00554732 -0.00265586 -0.00516123 -0.000142807 -0.00418215 0.00289741 -0.000905439 -0.00839328 0.0101505 -0.00177524 -0.008687 0
internal_weight=2528 1884 1456 1403 80 48 29 1323 647 391 339 225 209 52 644 41 603 31 572 234 172 62 428 201 227 105 122 66 29 53 676 66 25
internal_count=2528 1884 1456 1403 80 48 29 1323 647 391 339 225 209 52 644 41 603 31 572 234 172 62 428 201 227 105 122 66 29 53 676 66 25
is_linear=0
shrinkage=0.060181


Tree=232
num_leaves=34
num_cat=0
split_feature=8 8 5 11 8 5 5 8 13 13 5 5 8 6 6 5 5 11 5 12 8 7 2 11 13 6 6 5 7 5 12 5 10
split_gain=0.601036 1.52617 0.927818 0.81815 0.855668 0.801326 0.658776 1.78964 1.09741 0.974278 0.911914 1.10377 1.15953 1.0933 1.30871 2.10111 1.57074 1.1753 0.919981 0.837295 0.934493 1.32185 0.830038 0.828488 0.705749 0.678379 0.770252 0.652701 0.632003 1.22028 1.09342 0.959876 0.860567
threshold=-0.38601715685574928 -0.40701864861495524 -0.69029202587466065 1.0133369528996188 -0.24096765862772554 -0.5752718238428508 -0.47455097139352698 2.2994607195139722 -0.29589375707526727 2.9091114388906898 0.28749605085447588 0.86789807458225032 0.10422162686919206 -0.23004834135152297 0.20618563299015633 -0.024041806608755444 -0.22133183000763718 -0.18428614991956593 -0.10222724496435799 -0.67414598255139557 0.62285889867506772 0.62280220733775016 0.28014012273921512 0.8137331024297545 -0.31355890974495315 1.390249277631858 -0.32352705013902566 2.588003491115499 0.38018261252883784 0.86789807458225032 1.3760688070906235 1.1484784438646101 0.7825763549315784
decision_type=2 2 2 2 2 2 2 2 2 2 2 2 2 2 2 2 2 2 2 2 2 2 2 2 2 2 2 2 2 2 2 2 2
left_child=1 28 3 4 -2 -4 7 8 25 10 13 12 -12 19 16 17 24 -16 -18 -8 -21 -22 -10 -14 -15 26 -7 -13 32 30 -30 -31 -1
right_child=2 -3 5 -5 -6 6 9 -9 22 -11 11 27 23 14 15 -17 18 -19 -20 20 21 -23 -24 -25 -26 -27 -28 -29 29 31 -32 -33 -34
leaf_value=2.4903051272265302e-06 0.00010629165372771771 0.0048879997701652975 8.8061799090864722e-05 9.8868897487141739e-06 -0.00024570832209597421 -0.00015839650362835803 -0.00081682813719954612 0.0047021696694441719 0.0034490908640031907 -0.0027742211119288962 -0.0013729466544389287 5.3982422828935655e-05 0.00026627491827142406 0.0016310215380934713 0.00096275851004299707 0.005974565129254557 -0.0016753440466635611 -0.0005756721841880273 0.00027337944204871472 -0.00014378323906895756 0.0018860543490979804 -0.00044600915241232238 -0.00082838978143314585 -0.00037606385096883868 0.00020063012346309257 0.03180690848717882 -0.0017102778722373512 -0.00026037909141676476 0.00025983953539088499 -0.0044420709818209572 -0.00038353784250112159 2.419458412492543e-05 -7.0789431811423819e-05
leaf_weight=604 28 20 92 56 207 19 56 7.9999999999999991 8.0000000000000018 11.999999999999998 54 173 61 63 23 39 21 141 47 98 49 22 9.9999999999999982 21 11.999999999999998 7.9999999999999991 65 35 192 21 31 63 169
leaf_count=604 28 20 92 56 207 19 56 8 8 12 54 173 61 63 23 39 21 141 47 98 49 22 10 21 12 8 65 35 192 21 31 63 169
internal_value=-0.000738051 0.000275231 -0.00155737 -0.00460589 -0.00619132 -0.000714783 -0.00123663 -0.00546718 -0.00797115 -0.000617406 -0.000297904 -0.00277827 -0.00691768 0.00110466 0.00327879 0 0.00761363 -0.00288948 3.96814e-05 -0.00198683 0 0.00528144 0.00291714 -0.00143922 0.0134345 -0.0107309 -0.0123978 0 -2.62213e-06 0.00223733 0.00466015 -0.00346726 -0.000972315
internal_weight=2528 1100 1428 291 235 1137 1045 118 110 927 915 344 136 571 346 203 143 164 68 225 169 71 18 82 75 92 84 208 1080 307 223 84 773
internal_count=2528 1100 1428 291 235 1137 1045 118 110 927 915 344 136 571 346 203 143 164 68 225 169 71 18 82 75 92 84 208 1080 307 223 84 773
is_linear=0
shrinkage=0.060181


Tree=233
num_leaves=34
num_cat=0
split_feature=8 8 9 8 5 14 15 7 18 3 7 5 9 10 9 8 6 7 5 4 5 9 8 6 10 10 10 4 4 6 7 6 5
split_gain=0.432769 1.0793 0.981832 1.06659 1.03516 1.48426 1.02096 0.995367 0.887698 1.99142 0.89672 1.54235 0.791754 0.75298 1.89323 1.37922 1.13971 0.954127 0.899911 0.722417 0.665859 0.621707 0.617275 2.04956 1.48209 0.778534 0.971679 0.82035 0.604548 0.58956 0.808951 0.679934 0.662208
threshold=-0.38601715685574928 -0.40701864861495524 -0.76071764225906546 -0.0074836888475316487 -0.69029202587466065 1.0000000180025095e-35 0.88625919121491659 -1.1524214476373265 1.0000000180025095e-35 -0.76968480025317765 -0.85683560325745134 0.30299789946112471 -0.99949782536233134 0.71488527792233281 -0.13202043892023482 -0.95171915455317924 0.14386649379848784 0.22555533555555127 -0.18618344095573267 -0.45943617856392249 -0.93670546560101975 -0.85933666562035305 -0.95847582522443064 0.42430262016099612 -0.74313100330113258 -1.1059096613797432 -1.2178109191950244 -0.55940924562416361 -0.76563445645031036 -0.60396317650153386 -0.46129732017109087 0.081547354606819361 0.20835446363589177
decision_type=2 2 2 2 2 2 2 2 2 2 2 2 2 2 2 2 2 2 2 2 2 2 2 2 2 2 2 2 2 2 2 2 2
left_child=1 13 3 6 5 7 -2 -4 10 -10 -5 19 -13 22 16 -16 17 -15 -18 28 -7 -21 23 24 25 26 -1 -27 -12 32 -31 -32 -26
right_child=2 -3 4 8 -6 20 -8 -9 9 -11 11 12 -14 14 15 -17 18 -19 -20 21 -22 -23 -24 -25 29 27 -28 -29 -30 30 31 -33 -34
leaf_value=-8.5046646464640702e-05 -0.00039289868157493509 0.0045938351118644189 0.00011268225582758122 -0.001116534370623099 1.1724870627193374e-05 0.0024258644993158801 2.711590871719078e-05 -0.00034296953811173956 0.00064303281013571771 -0.00034969868074587011 0.00050890618345356912 -0.0045071035788465073 0.011367907543071612 -0.000180052453759692 0.0062519939610876409 -0.00099692089281990014 0.00011511564193424212 0.00021988336323115293 0.0018728881942305089 0.0070312504058707443 -9.4100011447780028e-06 -0.0012740073765128486 7.1086323285996541e-05 -0.00047841469280158718 0.0032899784128187239 0.000441195880899044 0.006384784322455957 -0.0098730488899146929 -0.00034255225886519191 0.0024075444032986555 -0.0002365825537487285 0.0020347901288747527 6.7086017078061338e-05
leaf_weight=39 52 20 8.9999999999999982 19 929 23 17 163 14.999999999999998 50 13.000000000000002 18.000000000000004 8.9999999999999982 37 13.999999999999998 72 74 22 20 32 53 9.9999999999999982 549 64 29 10.999999999999998 14.999999999999998 23 15.999999999999998 18 50 11.999999999999998 31
leaf_count=39 52 20 9 19 929 23 17 163 15 50 13 18 9 37 14 72 74 22 20 32 53 10 549 64 29 11 15 23 16 18 50 12 31
internal_value=-0.000738051 0.000111637 -0.00143126 -0.00485676 -0.000639591 -0.00407751 -0.0112292 -0.00721305 -0.00196077 -0.00749779 0.000772053 0.00358181 -0.00697535 -0.000113698 -0.00311249 -0.0101062 0.000594574 -0.0053325 0.00496177 0.00850813 0.0023037 0.0132587 0.000680272 -0.00143472 0.00105164 -0.00462979 0 -0.0112782 0 0.00504869 0.000753818 -0.00187798 0.00950647
internal_weight=2528 1100 1428 251 1177 248 69 172 182 65 117 98 27 1080 239 86 153 59 94 71 76 42 841 292 228 88 54 34 29 140 80 62 60
internal_count=2528 1100 1428 251 1177 248 69 172 182 65 117 98 27 1080 239 86 153 59 94 71 76 42 841 292 228 88 54 34 29 140 80 62 60
is_linear=0
shrinkage=0.060181


Tree=234
num_leaves=34
num_cat=0
split_feature=8 8 1 3 15 3 16 4 10 12 8 8 4 11 4 10 18 14 8 11 4 14 16 4 17 12 8 3 3 12 10 10 10
split_gain=0.483642 1.03524 0.603426 1.2138 0.797821 0.58213 0.832084 0.72572 0.724934 0.656135 1.03335 0.714058 0.775999 0.658514 0.603592 1.99911 1.97426 0.595876 0.557295 0.55552 0.553304 0.515293 0.904901 0.513006 1.01599 0.776573 1.21818 0.641027 0.632265 0.573593 0.601866 0.54569 0.813122
threshold=-0.38601715685574928 -0.40701864861495524 -1.4759321159128549 0.25337241808915245 1.0000000180025095e-35 0.82607936191354103 1.0000000180025095e-35 -1.0949021080317813 0.67042570547176705 1.0000000180025095e-35 -0.32450821588600121 -0.15090090600725856 2.3270691290170027 1.2129408033694828 -0.18127506143673786 -0.60055800914402568 1.0000000180025095e-35 -0.738224098466287 2.2758293265595655 -0.18428614991956593 -0.33285326911153817 1.7092913388094815 1.0000000180025095e-35 -0.8257331886913889 1.4567572365165855 1.0000000180025095e-35 -1.1609168105027414 -1.0776072821969553 0.010833817126537101 0.86351510968011858 0.7825763549315784 1.2098752943001141 -0.42060576008623313
decision_type=2 2 2 2 2 2 2 2 2 2 2 2 2 2 2 2 2 2 2 2 2 2 2 2 2 2 2 2 2 2 2 2 2
left_child=1 2 3 4 -1 6 7 19 17 13 -11 -12 14 -9 15 -13 -16 -8 21 -2 -3 -7 -23 27 25 31 28 -4 -27 -29 -31 32 -25
right_child=5 20 23 -5 -6 18 8 9 -10 10 11 12 -14 -15 16 -17 -18 -19 -20 -21 -22 22 -24 24 -26 26 -28 29 -30 30 -32 -33 -34
leaf_value=-0.0042982496912242259 0.0016378453036672302 0.001113089852371605 -0.00051983286283720676 0.0016373121705812797 -0.0023268899705767457 -0.00024887842333039945 0.0057250618513859687 -4.3244761136977963e-05 0.0029255965809782559 -0.0054235748395488571 0.00057246210984151916 -0.001979376474460403 -0.011408883227167365 -0.0031266270698223852 0.0027303553984967879 3.3745755020425469e-05 -0.00012650816330784896 -1.6273167729217046e-05 5.488353681213545e-05 -0.0044962722709652745 0.0054177128184215544 0.0004313770734193589 -6.445512190626795e-05 -8.9892854122524253e-05 -0.00010766167663175538 -0.00038655898058079664 0.00015951596103401516 0.00022740063795459903 0.0017391946875404589 4.3048586602562076e-05 -0.0035060921069570497 -0.00015419364981318525 0.00015675955445256971
leaf_weight=14.999999999999998 7.9999999999999991 8.0000000000000018 15.999999999999998 30 19 244 11.999999999999998 477 38 15.999999999999998 55 32 22 35 57 194 49 118 10.999999999999998 38 11.999999999999998 13.000000000000002 8.9999999999999982 239 62 27 223 131 10.999999999999998 47 15.999999999999998 43 201
leaf_count=15 8 8 16 30 19 244 12 477 38 16 55 32 22 35 57 194 49 118 11 38 12 13 9 239 62 27 223 131 11 47 16 43 201
internal_value=-0.000524104 0.000384294 5.81599e-05 -0.00538321 -0.0128786 -0.00126311 -0.000601871 -0.00131434 0.00317283 -0.000866767 0.000778893 0.00153838 0.000344524 -0.0023399 0.00126372 -0.000274483 0.00496761 0.000471709 -0.00376334 -0.00854985 0.0128683 -0.00447493 0.00246141 0.000474978 -0.000152177 0.000406293 0.00308115 0.00311245 -0.00585435 0.00427812 0 -0.000933405 -0.000142069
internal_weight=2528 1100 1080 64 34 1428 1151 983 168 937 425 409 354 512 332 226 106 130 277 46 20 266 22 1016 806 744 261 210 38 194 63 483 440
internal_count=2528 1100 1080 64 34 1428 1151 983 168 937 425 409 354 512 332 226 106 130 277 46 20 266 22 1016 806 744 261 210 38 194 63 483 440
is_linear=0
shrinkage=0.060181


Tree=235
num_leaves=34
num_cat=0
split_feature=8 9 8 3 8 5 5 9 9 5 14 10 3 8 5 3 3 3 3 5 7 7 1 7 3 9 8 8 12 5 9 3 7
split_gain=0.662329 1.15491 1.28821 1.12092 1.00288 0.909288 1.08703 0.942001 0.883976 0.819166 1.28274 0.987842 1.12929 0.710002 0.724797 0.67504 1.44907 0.708575 0.788915 0.65935 0.656421 0.894571 0.862286 1.11495 0.847262 0.985057 0.65493 0.636778 0.629714 0.773982 1.11883 0.652186 0.626035
threshold=-0.38601715685574928 -0.76071764225906546 -0.0074836888475316487 -0.97299208459282693 -0.40701864861495524 -1.0840011467426518 -0.98036479635740503 -0.18824370986378872 -1.6214746446974193 -0.69029202587466065 1.0000000180025095e-35 0.68756701453198643 0.14971832434907759 2.1912069242036796 -0.16626155242784726 -0.65182146006634778 -0.7420084404090409 0.98807625433370361 1.0638929770482342 -0.45878857265640383 0.38018261252883784 0.5339555951542051 -1.4759321159128549 -0.14179123404949431 -1.0776072821969553 0.35790528436908148 1.0666362647155767 0.14606899711712587 1.3760688070906235 0.57523415110270248 -0.78160386104205093 -0.23004907909094227 0.029067635534248504
decision_type=2 2 2 2 2 2 2 2 2 2 2 2 2 2 2 2 2 2 2 2 2 2 2 2 2 2 2 2 2 2 2 2 2
left_child=4 2 8 32 5 7 -7 -1 -2 10 11 -3 -13 15 19 16 -11 -17 -19 -15 22 -22 23 -8 25 -23 -18 -14 29 31 -31 -26 -4
right_child=1 9 3 -5 -6 6 20 -9 -10 13 -12 12 27 14 -16 17 26 18 -20 -21 21 24 -24 -25 28 -27 -28 -29 -30 30 -32 -33 -34
leaf_value=-3.1771283767664969e-05 0.00022266766767733135 -0.0003955000813151706 -0.00024540856522614488 -0.00011802415782726739 0.0039913302602989443 -0.0017565834705423908 -0.000515246743622445 0.0039822502782934366 -0.0013720600628998685 -1.2255721627953394e-05 9.3361061210209064e-05 0.00059234686656454288 0.00038791558632608389 0.0034943248350178986 0.0021968786463959166 0.00012402135630780215 -0.0084639979711906375 -0.002731762405748486 -1.9610362599320101e-06 -0.0026598100725912974 0.0003281286767733282 -3.36101223352519e-06 -4.3243010476953483e-06 -0.0045723484818356828 0.00042922481522081058 -0.007612395941258043 7.5411779153667014e-05 -0.00097745151644712015 -0.00068501981653498745 0.0024956973119763218 -0.0032441325485251418 1.4194174761541682e-05 0.002986368722099893
leaf_weight=20 12.999999999999998 128 8.0000000000000018 156 20 25 34 15.999999999999998 56 232 76 15.999999999999998 14.000000000000002 12.999999999999998 13.999999999999998 478 39 11.999999999999998 120 12.000000000000002 73 49 675 13.999999999999998 60 13.999999999999998 8.9999999999999982 13.999999999999998 22 13.999999999999998 31 33 18
leaf_count=20 13 128 8 156 20 25 34 16 56 232 76 16 14 13 14 478 39 12 120 12 73 49 675 14 60 14 9 14 22 14 31 33 18
internal_value=-0.000524104 -0.00138922 -0.00509313 -0.00196077 0.000547888 0.000224773 -6.01585e-05 0.00918912 -0.0120581 -0.000537641 -0.00359913 -0.00652764 5.9687e-05 0.000228902 0.00783578 -7.0526e-05 -0.00255643 0.000985409 -0.00268375 0 0.000208756 0.00262077 -0.000707923 -0.00821849 0.000410905 -0.00501225 -0.0117171 -0.00580254 0.00296013 0.004695 -0.000677552 0.00781647 0.0082274
internal_weight=2528 1428 251 182 1100 1080 1044 36 69 1177 248 172 44 929 39 890 280 610 132 25 1019 296 723 48 223 63 48 28 160 138 45 93 26
internal_count=2528 1428 251 182 1100 1080 1044 36 69 1177 248 172 44 929 39 890 280 610 132 25 1019 296 723 48 223 63 48 28 160 138 45 93 26
is_linear=0
shrinkage=0.060181


Tree=236
num_leaves=34
num_cat=0
split_feature=2 2 3 3 9 6 9 6 9 4 14 3 5 3 3 3 9 1 6 9 12 7 9 7 14 5 9 2 5 6 2 7 12
split_gain=1.30642 0.834573 0.98125 1.03531 0.733262 0.910396 1.31511 0.9188 1.63322 0.829139 0.816446 0.941209 0.768519 0.785081 0.873154 1.05486 0.787956 0.732728 0.747985 0.696399 0.912017 0.694664 1.18406 0.876001 0.638037 0.634449 0.6004 0.7951 0.592562 0.575577 0.867784 0.632558 0.572784
threshold=0.15837868771983812 0.50527331728322411 -0.71819098996271269 0.48372275356416444 0.49197826545808798 -0.44816532852236268 -1.2840401262390628 -0.88439930286404211 0.026914775931650554 -0.88164098179135575 1.7092913388094815 0.25804929448404507 -0.99213949716383398 0.97096735872971396 -0.44881620846372683 -0.56125827048601107 -0.38773313862885356 1.0000000180025095e-35 -0.51048446771403111 0.74186853447891854 1.3760688070906235 0.34344795556833269 -0.88317126183255279 0.45450622079776465 1.7092913388094815 -0.39957946685193968 0.021926803506391753 -0.45532311627933125 -0.47058875646631976 -0.75976102448070504 -1.2356273598074463 1.0738696230388285 0.35096141226961375
decision_type=2 2 2 2 2 2 2 2 2 2 2 2 2 2 2 2 2 2 2 2 2 2 2 2 2 2 2 2 2 2 2 2 2
left_child=4 2 17 32 5 7 9 26 21 -7 12 -12 -8 14 15 16 -14 -2 -19 20 -6 22 -9 -23 -3 -10 -1 -28 -17 30 -25 -31 -4
right_child=1 24 3 -5 19 6 10 8 25 -11 11 -13 13 -15 -16 28 -18 18 -20 -21 -22 23 -24 29 -26 -27 27 -29 -30 31 -32 -33 -34
leaf_value=1.2221547285516951e-05 -0.00020572107848349958 -2.2086253280591638e-05 -0.0016271097023377327 -8.9421004318756761e-05 -0.0015066406119271145 0.00031566843598067313 -0.00023778054929831166 -0.0014651149661244946 0.0025444190354118605 -0.00017154718488405818 -0.0032670314595083208 0.00061514586813536827 -1.8237438790834307e-05 -0.00044404907321598505 0.00027926429878282253 9.2555448516764009e-05 0.00037023955265809351 0.00093269308611935639 -0.00035574931228299014 5.536954959756211e-06 0.0012210094538947045 0.00050996093362273755 5.3450137275354215e-05 -0.021337755257068141 0.00085044175176350275 -0.00078540508196438665 0.0014188664110089274 -0.00013085292707077991 -0.0076621871299026919 -0.00022600195573863163 0.0016015484174752553 0.0014818615815235254 -0.00017486211107300102
leaf_weight=152 25 714 60 123 74 22 27 25 10.999999999999998 59 19 12.999999999999998 63 10.999999999999998 260 10.000000000000002 92 39 28 356 10.999999999999998 21 51 10 30 53 47 22 17 23 14 26 20
leaf_count=152 25 714 60 123 74 22 27 25 11 59 19 13 63 11 260 10 92 39 28 356 11 21 51 10 30 53 47 22 17 23 14 26 20
internal_value=-0.000167526 -0.00182096 -0.00454419 -0.00685898 0.000949411 0.00183399 0.00338399 -7.18089e-05 -0.00279807 -0.00323454 0.00455757 -0.00346036 0.00523247 0.00587138 0.00635395 0.00260926 0.00476093 2.972e-05 0.00387592 -0.00102158 -0.00580537 1.63668e-05 -0.00381571 0.0037286 -0.000647788 -0.0107244 0.0025581 0.00708471 -0.00697535 0 -0.00664336 0.00405813 -0.0122711
internal_weight=2528 1039 295 203 1489 1048 593 455 234 81 512 32 480 453 442 182 155 92 67 441 85 170 76 94 744 64 221 69 27 73 24 49 80
internal_count=2528 1039 295 203 1489 1048 593 455 234 81 512 32 480 453 442 182 155 92 67 441 85 170 76 94 744 64 221 69 27 73 24 49 80
is_linear=0
shrinkage=0.060181


Tree=237
num_leaves=34
num_cat=0
split_feature=3 3 4 6 4 9 8 8 8 9 7 13 6 10 8 4 0 9 3 7 10 3 8 8 0 6 6 10 10 8 4 4 17
split_gain=0.989477 1.24622 0.777744 0.963995 0.915358 0.962658 0.935426 0.869794 0.656284 0.611216 1.73638 1.80341 0.904513 0.887907 1.03208 0.862015 0.828526 0.77808 1.01391 1.08466 0.895906 0.850046 0.827859 0.754407 1.16892 0.746165 0.720597 0.708483 1.2937 0.676247 0.65871 0.648951 0.595202
threshold=0.45690560437870864 0.44171384513875844 -0.92440489752143995 -0.97787801165154475 -1.0321137360984209 1.0000000180025095e-35 -0.2996336183103655 -0.35851183895213679 -0.029090988105303899 -0.88317126183255279 1.0000000180025095e-35 -0.11150398251452204 0.70473874652350432 0.32988356232526611 -0.87294278602033704 -0.87619371038589045 1.01557764731833 0.09220076291790201 -0.12438231319535933 -0.45446296538774017 0.21332088548248421 -0.2884177962234033 0.11789690472362062 0.8136468501624029 1.0000000180025095e-35 -0.72860145488487082 -0.79092059407653936 -0.15606078145320249 -0.64900298033192449 -1.0260727101997211 -0.52124795173740124 -0.53031290992198576 1.4567572365165855
decision_type=2 2 2 2 2 2 2 2 2 2 2 2 2 2 2 2 2 2 2 2 2 2 2 2 2 2 2 2 2 2 2 2 2
left_child=1 2 3 -1 5 7 -7 -5 -9 10 16 27 15 -14 -15 26 -4 18 19 20 -17 23 -21 24 -19 -25 -11 28 29 -12 -13 -29 -8
right_child=-2 -3 9 4 -6 6 32 8 -10 12 11 30 13 14 -16 17 -18 21 -20 22 -22 -23 -24 25 -26 -27 -28 31 -30 -31 -32 -33 -34
leaf_value=-0.0013464639725021658 -3.96461472370056e-05 0.0063194337728925539 -0.00038568960279508743 0.0020069950131945489 0.0004024545793562398 -0.001774510258844919 0.00020657509716445903 -0.0032590723916536943 5.0464315340950919e-05 0.0030624983066302397 -0.0039671495227235976 -3.639827484245972e-06 -6.3305827313275944e-06 -0.00054526572548231243 0.0046019027555145378 -0.0027900171934834867 0.017134997221675555 -2.1139722371597014e-05 0.00037412116803034126 4.6102481276882796e-06 0.00036221740287425335 -0.00029124753947843367 0.0015062983049132777 0.00071360047620610005 0.0002377239851125596 -0.00093424294452410883 -0.0028407005219825659 -4.9918502593132414e-05 -0.0068025026773980641 6.0874920420345186e-05 0.0030829760489638428 0.0020630738438285117 -0.0017166716685572722
leaf_weight=26 748 22 112 37 107 32 49 10.999999999999998 27 10.999999999999998 11.999999999999998 8.0000000000000018 47 10.999999999999998 54 31 7.9999999999999991 171 112 231 12.999999999999998 161 82 40 128 61 40 21 12.999999999999998 48 19 21 13.999999999999998
leaf_count=26 748 22 112 37 107 32 49 11 27 11 12 8 47 11 54 31 8 171 112 231 13 161 82 40 128 61 40 21 13 48 19 21 14
internal_value=0.000119982 0.000912606 0.000684865 0.00344421 0.00462122 0.00140299 -0.00216497 0.00654392 0 6.38369e-05 -0.00250309 0.00167279 0.000681332 0.00575094 0.0101295 8.58496e-05 -0.00781314 0.000526769 0.00236179 0.000591992 -0.00764486 -0.000911045 0.00200484 0.000454367 0.0020976 -0.00376675 -0.00721589 -0.00129248 -0.00514356 -4.46724e-05 0.0148411 0.00402122 0.001398
internal_weight=2528 1780 1758 303 277 170 95 75 38 1455 262 142 1193 112 65 1081 120 1030 469 357 44 561 313 400 299 101 51 115 73 60 27 42 63
internal_count=2528 1780 1758 303 277 170 95 75 38 1455 262 142 1193 112 65 1081 120 1030 469 357 44 561 313 400 299 101 51 115 73 60 27 42 63
is_linear=0
shrinkage=0.060181


Tree=238
num_leaves=34
num_cat=0
split_feature=2 9 4 6 1 6 17 18 9 6 3 3 6 2 9 9 6 6 13 3 9 3 2 2 3 3 9 0 4 6 3 9 3
split_gain=1.53504 0.99672 0.881731 0.94383 0.799768 0.812208 0.946364 0.804704 0.720199 0.698604 0.671637 0.811322 0.724073 0.66828 1.05593 0.595935 0.560345 0.699733 0.78231 0.908568 0.859324 0.797625 0.764776 1.06018 0.678561 0.851056 0.686097 0.671358 0.801906 0.637921 0.805139 1.18485 0.77916
threshold=-0.16731763273310926 0.60027742094848002 -0.47106593211266035 1.016334442481847 1.0000000180025095e-35 0.6424196073318359 1.0000000180025095e-35 1.0000000180025095e-35 -1.7819742011766835 0.2996643417776591 -1.144368050060498 -0.39162648258948857 -0.16772920215985451 -1.1319024268494513 1.1129823073903073 1.9966085520808659 0.2996643417776591 -0.10541006296818604 -0.128479201190243 0.042611129983401504 -1.2608443780645346 0.36697242506836175 0.068597235506401816 -0.039511858377226795 1.1481810632927465 1.6920904454785799 -0.14476122073981187 1.0000000180025095e-35 -0.63126419163198622 0.95401530329017825 0.48372275356416444 -0.75186010074499066 0.92078007455505317
decision_type=2 2 2 2 2 2 2 2 2 2 2 2 2 2 2 2 2 2 2 2 2 2 2 2 2 2 2 2 2 2 2 2 2
left_child=1 -1 3 13 5 6 8 -7 -2 10 -4 -12 -13 14 -3 -10 17 18 20 -20 21 -6 23 -19 -24 26 -26 28 -18 30 -29 -32 -31
right_child=4 2 9 -5 16 7 -8 -9 15 -11 11 12 -14 -15 -16 -17 27 22 19 -21 -22 -23 24 -25 25 -27 -28 29 -30 32 31 -33 -34
leaf_value=7.6910883374709638e-05 0.0031078920781577382 -0.0022061279286873766 -0.0022620693192104287 -0.00143800089365444 -0.0039644832483040956 9.0111762889799745e-05 -0.0023833999196889023 -0.0025992610187669332 -0.00033852142755150916 0.00012320631505986153 1.1811783775301611e-05 -7.789884568297904e-05 -0.025276206216253708 0.00018647130931233999 0.0011312161703135317 0.0017022049656319719 2.0770133267583048e-05 0.00048275376570641124 0.0003598082368858062 -2.6184763884550262e-05 -1.682828719096985e-05 0.00052912055347008053 0.00085415645842703484 -0.00011440635555718565 -0.0085563758821865232 0.00021271274141499599 9.0269916150820476e-05 -0.00037333750344712232 -0.00041261924218004493 0.0030099299777233846 0.0036693736986741056 -0.00021870903580863555 -3.0609636496417087e-05
leaf_weight=808 7.9999999999999991 13.999999999999998 24 13.999999999999998 25 124 73 14.999999999999998 191 19 68 27 12.999999999999998 89 24 8.9999999999999982 24 13.999999999999998 60 33 338 12.999999999999998 99 24 12.000000000000002 30 19 34 58 36 25 63 101
leaf_count=808 8 14 24 14 25 124 73 15 191 19 68 27 13 89 24 9 24 14 60 33 338 13 99 24 12 30 19 34 58 36 25 63 101
internal_value=-2.48942e-05 0.00163851 -0.00123113 0.00189245 -0.00134718 -0.00355843 -0.00540209 0 -0.00285746 -0.00449485 -0.00623414 -0.00326088 -0.00972632 0.00393846 -0.00151481 -0.00385647 -0.000359753 0.000587556 -0.000579038 0.00407868 -0.00190992 -0.0101939 0.00359622 -0.00296132 0.00553504 0 -0.00616905 -0.00236586 -0.00706334 -0.000583745 -0.00385568 -3.10177e-05 0.00194629
internal_weight=2528 1100 292 141 1428 420 281 139 208 151 132 108 40 127 38 200 1008 667 469 93 376 38 198 38 160 61 31 341 82 259 122 88 137
internal_count=2528 1100 292 141 1428 420 281 139 208 151 132 108 40 127 38 200 1008 667 469 93 376 38 198 38 160 61 31 341 82 259 122 88 137
is_linear=0
shrinkage=0.060181


Tree=239
num_leaves=34
num_cat=0
split_feature=3 10 8 9 10 9 8 13 8 6 6 8 8 16 5 11 5 10 9 5 6 11 10 5 5 5 9 6 11 10 12 10 5
split_gain=1.27066 0.816878 0.720315 0.874243 1.08554 1.06713 1.02611 0.938785 0.717717 0.701988 0.878458 0.700907 0.9616 0.752921 0.67079 0.654003 0.640312 0.810817 0.597541 0.510877 0.506415 1.07692 0.684978 0.642747 0.608906 0.452246 0.42195 0.401409 0.391025 0.34688 0.90704 0.742217 1.67802
threshold=0.3808122000963805 -1.3383867685862985 -1.4392481990361841 -0.99949782536233134 -0.17179364332691838 -0.95413435596343354 -0.6681925834763297 -0.23742394094741132 -0.64211977380152041 -0.10541006296818604 0.14386649379848784 0.75869737685808669 0.43454630099422958 1.0000000180025095e-35 -0.10222724496435799 -0.58349385085929406 -0.64187170124206683 0.17282781412454593 -1.9531483230905333 -0.41711704075775086 1.2344514296526865 0.21492155102016219 0.61877157061923505 -0.41293124081651128 -0.60793512424481266 2.9875634987914843 0.35790528436908148 0.42430262016099612 -1.1823054022688861 1.4902962987819064 -0.67414598255139557 1.0062251124529409 -0.3271491842398731
decision_type=2 2 2 2 2 2 2 2 2 2 2 2 2 2 2 2 2 2 2 2 2 2 2 2 2 2 2 2 2 2 2 2 2
left_child=29 8 -3 4 6 7 -4 -5 -2 11 14 12 13 28 16 -16 17 -11 -6 -18 21 22 -12 24 -22 -10 -15 -23 -7 31 -31 -1 -33
right_child=1 2 3 5 18 9 -8 -9 25 10 20 -13 -14 26 15 -17 19 -19 -20 -21 23 27 -24 -25 -26 -27 -28 -29 -30 30 -32 32 -34
leaf_value=3.1452829627831552e-05 0.0061995099906336911 0.0023715177232013153 -0.00056296421150552306 0.0016141100700891732 0.0031151748493678838 -9.9470119848431196e-05 0.00047832595711011999 -0.00033372424230951401 0.0046488830047458109 -3.2876528888468145e-05 -8.7492586911635728e-05 -0.00032816139281863086 0.0029941916635638026 0.010477655494558369 -0.00038963239137736389 0.0076723896486751821 -0.0025459819846123228 0.0028204011420529585 -0.0004544464735258797 0.00021279189141035481 2.0947610141585419e-05 -1.759144440678331e-05 0.00019149384140230606 -0.0015479246141226046 0.0066276455203266357 -0.0012096256376548308 -0.00024189840752233166 -0.00039690657023848505 -0.00038500049089725588 -7.4414548641419523e-05 0.0002681255756812264 -0.00056753216899805062 0.00010872156797645111
leaf_weight=1475 14.999999999999998 12.999999999999998 9.0000000000000018 12.000000000000002 8.9999999999999982 18 21 7.9999999999999991 13.000000000000002 10.000000000000002 82 27 12.999999999999998 11.000000000000002 9.0000000000000018 21 12.999999999999998 9.9999999999999982 68 21 77 54 48 35 13.999999999999998 9.9999999999999982 10.999999999999998 115 73 21 58 61 73
leaf_count=1475 15 13 9 12 9 18 21 8 13 10 82 27 13 11 9 21 13 10 68 21 77 54 48 35 14 10 11 115 73 21 58 61 73
internal_value=-7.2438e-05 -0.00200083 -0.00246872 -0.00277496 -0.0079153 -0.00184748 8.45535e-05 0.0103187 0.00585435 -0.00235507 -0.00112087 -0.0059746 -0.00327234 -0.00544356 0.00415422 0.0108298 0 0.00776915 -0.0116079 -0.0048767 -0.00232342 -0.00368861 2.12669e-05 0.000486268 0.00352877 0 0.00246141 -0.00681542 -0.00798172 0.00085551 0.00476995 0.000617528 -0.00351944
internal_weight=2528 840 802 789 107 682 30 20 38 662 509 153 126 113 84 30 54 20 77 34 425 299 130 126 91 23 22 169 91 1688 79 1609 134
internal_count=2528 840 802 789 107 682 30 20 38 662 509 153 126 113 84 30 54 20 77 34 425 299 130 126 91 23 22 169 91 1688 79 1609 134
is_linear=0
shrinkage=0.060181


Tree=240
num_leaves=34
num_cat=0
split_feature=2 8 3 3 9 6 8 8 7 7 3 3 13 13 5 5 5 13 9 5 9 9 6 9 5 3 9 9 13 13 5 13 9
split_gain=1.74124 0.745455 0.721031 0.935058 0.973214 1.24313 0.729545 1.0349 0.684504 1.51925 0.939496 0.854353 0.744199 1.35583 0.76331 0.692833 1.03129 0.68699 0.650431 1.39338 0.646211 2.27216 1.64736 1.14516 0.774842 0.584469 1.5514 0.697763 0.608906 0.576303 0.55808 0.540951 0.718592
threshold=-0.13414512152291122 -1.3701753745752276 1.9258702419511413 1.0719881419609374 1.7020406079723238 -0.3858461893306942 -0.68162243918664356 -0.60938565582620374 -0.45190008234398399 -1.1968447537290989 0.4275359902762953 0.028865205250142453 -0.16302593984544037 0.24356306187973728 1.0263459032921827 -0.35723804734510162 -0.78974731983922719 0.12390536042666062 0.064481678529993716 -0.045832712166879591 -0.36529526946696911 -0.086027373427973883 -0.23004834135152297 0.19761867316279139 -0.013814654424607 0.34493076405087691 -0.71593077588877152 1.0942642253093657 -0.069327454468505439 -0.055893873494145145 1.4730917322475066 -0.25695070015115012 -0.23218527721487556
decision_type=2 2 2 2 2 2 2 2 2 2 2 2 2 2 2 2 2 2 2 2 2 2 2 2 2 2 2 2 2 2 2 2 2
left_child=25 -2 3 4 8 -6 -5 -8 9 18 11 12 14 -14 -10 16 -13 30 19 -3 22 -22 24 -23 -11 -1 -27 28 -28 -24 -12 32 -4
right_child=1 2 31 6 5 -7 7 -9 10 20 17 15 13 -15 -16 -17 -18 -19 -20 -21 21 23 29 -25 -26 26 27 -29 -30 -31 -32 -33 -34
leaf_value=6.9838910288292719e-05 0.00019602841258335453 -0.0005333775220222526 0.00049170546788430654 -0.00036661448249570823 -7.4124781604637915e-05 0.0013659105213379744 0.0072297089277400303 -0.00017302195978919851 -0.00037994146228786431 0.0012359431543257802 -0.00026162570594315921 -0.0066209269049706358 0.0036033443382784561 -0.00016525234409945795 8.7889086091287905e-05 -3.9091817463205257e-05 0.0011793474305106368 1.7800687739496997e-05 -2.5900020838356397e-06 0.00027060769843764986 -0.0039301103732393289 0.0054247721036079517 0.0020383418441657156 5.6841995851138584e-06 -0.0015131544464686215 -0.00074121181077084323 0.00012029280408963733 -0.0024915127883769093 0.0078626328655184707 6.4388115198220111e-05 -7.0014321128421513e-05 -0.000105199291000852 1.786259056360132e-05
leaf_weight=989 36 39 34 56 24 29 8.9999999999999982 165 228 18 118 9.9999999999999982 26 50 33 46 40 24 34 14.999999999999998 27 33 50 102 15.999999999999998 26 77 20 13.999999999999998 17 22 44 57
leaf_count=989 36 39 34 56 24 29 9 165 228 18 118 10 26 50 33 46 40 24 34 15 27 33 50 102 16 26 77 20 14 17 22 44 57
internal_value=-0.000238841 -0.00167181 -0.00193545 -0.00241519 -0.00153041 0.00589774 -0.00593741 -0.00340449 -0.00202672 0 -0.00326126 -0.00159165 -0.0031004 0.0015477 -0.00467321 0.00304953 0.00791185 -0.00719828 -0.0066007 -0.0104967 0.00238084 0 0.00606803 0.00327695 -0.00327632 0.00149425 -0.00194629 0.000812473 0.00352877 0.0115473 -0.00882037 0.00197437 0.00480104
internal_weight=2528 1402 1366 1231 1001 53 230 174 948 351 597 433 337 76 261 96 50 164 88 54 263 162 101 135 34 1126 137 111 91 67 140 135 91
internal_count=2528 1402 1366 1231 1001 53 230 174 948 351 597 433 337 76 261 96 50 164 88 54 263 162 101 135 34 1126 137 111 91 67 140 135 91
is_linear=0
shrinkage=0.060181


Tree=241
num_leaves=34
num_cat=0
split_feature=3 3 7 6 6 6 13 7 6 13 3 6 6 10 5 7 4 16 4 5 3 7 13 4 1 7 5 6 4 7 4 13 12
split_gain=1.87511 0.859217 0.801152 1.11113 1.29116 1.03816 0.653103 1.22668 0.826727 0.862245 0.590107 1.03122 0.981274 1.20487 0.88945 0.844951 0.593743 0.581724 0.579014 0.561353 0.547362 0.849551 0.722199 0.5414 0.522443 0.889716 0.935771 0.463396 0.486244 0.433627 0.416879 0.959242 0.839074
threshold=0.36697242506836175 1.9258702419511413 -0.77226046281349958 0.89169616409850982 0.79821745531100707 1.5460471256110291 0.95806809640109025 0.23580686773057619 -1.1025162900348817 -0.28418845381058705 1.5203552364013093 0.050387785010985106 -0.26120791094735718 -0.3091245453737374 -0.7048546850540055 0.12645719119698137 -0.71875707814935386 1.0000000180025095e-35 -0.49015429308371805 -0.23464772594564892 -0.62771428957652808 1.0994984534763907 1.7343164391181287 0.67095564731523882 -1.4759321159128549 0.42887739036020484 -0.54776887877222891 -1.1648354292265501 1.3980994608532036 0.85687885866747704 -0.91933068251382466 -0.32879500597214179 2.9137298993221377
decision_type=2 2 2 2 2 2 2 2 2 2 2 2 2 2 2 2 2 2 2 2 2 2 2 2 2 2 2 2 2 2 2 2 2
left_child=2 10 18 4 6 -5 8 23 9 -4 12 -12 17 15 -13 16 -14 27 -1 -20 21 22 -9 -8 25 26 -10 -2 -29 -22 31 32 -26
right_child=1 -3 3 5 -6 -7 7 20 24 -11 11 14 13 -15 -16 -17 -18 -19 19 -21 29 -23 -24 -25 30 -27 -28 28 -30 -31 -32 -33 -34
leaf_value=-2.8551726300956858e-05 0.0010891091088724653 4.805408065543773e-05 -6.3916111977016514e-06 0.001908253626392203 -0.00066428420879648576 -0.00021932385246305677 0.002262974864495611 0.00022354756816230553 0.0016888463098618037 -0.0045028491675872251 0.0022170002585493527 -0.00017959744174836232 -7.9016475749826446e-05 -0.00014384805317254438 -0.00065684340963701826 -4.0476817722126364e-05 0.001204307949659581 0.00017383796281183821 -0.00037146749072762531 8.380974328130094e-07 0.00050581601427942234 0.00041422111898308602 -0.00149732657182078 -1.4810820007674737e-05 0.00032958030615248189 0.00010969580017924467 -0.0049428013654638911 -0.00024300119486194165 -0.00011525938623267884 -0.0050677979314222212 2.1020275201665196e-05 -0.0001396345808472282 -0.00016751921238116106
leaf_weight=119 12.999999999999998 140 129 41 14.999999999999998 18 37 8.0000000000000018 11.999999999999998 39 19 32 34 358 39 15.999999999999998 61 27 43 26 23 10.999999999999998 23 9.9999999999999982 134 25 25 62 50 9.9999999999999982 863 46 20
leaf_count=119 13 140 129 41 15 18 37 8 12 39 19 32 34 358 39 16 61 27 43 26 23 11 23 10 134 25 25 62 50 10 863 46 20
internal_value=-0.000405244 -0.00271448 0.000735778 0.00123165 0.000841558 0.00917768 0.00108378 0.00529307 0.000628785 -0.00317283 -0.00358315 -0.00838845 -0.00275054 -0.00121573 -0.0117348 0.0039632 0.00643727 -0.00697988 -0.00284164 -0.00708471 0 -0.00402122 -0.0096473 0.0125433 0.00125562 -0.00371265 -0.00970387 -0.00867926 -0.00991556 0.00583198 0.00161072 0.00415205 0.00650946
internal_weight=2528 851 1677 1489 1430 59 1415 122 1293 168 711 90 621 469 71 111 95 152 188 69 75 42 31 47 1125 62 37 125 112 33 1063 200 154
internal_count=2528 851 1677 1489 1430 59 1415 122 1293 168 711 90 621 469 71 111 95 152 188 69 75 42 31 47 1125 62 37 125 112 33 1063 200 154
is_linear=0
shrinkage=0.060181


Tree=242
num_leaves=34
num_cat=0
split_feature=3 3 9 3 6 5 6 3 6 9 6 3 11 5 5 3 7 4 10 5 7 5 12 7 5 5 13 5 6 9 3 10 11
split_gain=1.83394 0.80374 0.598575 0.870036 1.18996 1.01825 0.886142 0.804278 0.85645 0.847971 0.678509 0.695665 0.94017 0.70827 0.669743 0.820052 0.761916 0.843354 0.665754 0.650807 0.599014 0.561179 0.784641 0.561007 1.26511 0.56597 0.536764 0.812861 1.58224 1.098 0.776082 0.729765 0.586469
threshold=0.3808122000963805 1.9258702419511413 -0.26461032216946762 1.45441532436159 -0.043090923776517541 0.88807983877039176 0.050387785010985106 1.2342084872396044 0.11270692420265362 0.58384647774651632 1.2344514296526865 0.82607936191354103 0.41452540149002631 -0.47058875646631976 -0.60793512424481266 1.2606757981352641 -0.49205191669616316 -0.71390802067129389 0.015901199829317352 -0.7602238804950231 -0.18279736274959149 -1.0456582178070792 1.0000000180025095e-35 -2.3911482521194523 0.0074507563399396513 -0.55500941399647818 0.38251053974442206 -0.024041806608755444 -1.0401971508432133 0.16865938296399649 0.12905513875791444 0.21171830794581822 -0.18428614991956593
decision_type=2 2 2 2 2 2 2 2 2 2 2 2 2 2 2 2 2 2 2 2 2 2 2 2 2 2 2 2 2 2 2 2 2
left_child=23 2 14 4 5 -4 -5 8 9 -6 11 12 -10 -13 19 16 17 -16 -19 21 -8 -2 -23 24 25 -1 -25 29 -29 30 -28 -31 -30
right_child=1 -3 3 6 7 -7 20 -9 10 -11 -12 13 -14 -15 15 -17 -18 18 -20 -21 -22 22 -24 26 -26 -27 27 28 32 31 -32 -33 -34
leaf_value=0.00025594278250191997 2.4241833905506358e-05 4.5162138576820441e-05 -0.00015125654023699615 0.0023982041247975054 0.0087950646538051784 7.61344467730892e-05 -0.0010403036414951983 0.00014864656260325475 0.0027367181130086024 -5.0236681005237084e-05 0.00046159881528918444 -0.018188828081176715 -0.00022150671989310154 -0.0016738374467196939 -0.00048868314226755511 -0.0034513306689768685 -0.00020986367712113045 -5.9324017638938856e-05 0.0046827879249909483 3.8639464836671149e-05 -2.2656605013846296e-06 -0.00094379949161530548 0.00012972138196679084 1.4992063375678765e-05 0.018284417335615727 -0.0024952887473773319 0.0010310453536593032 0.002137131741808837 -0.0028321584305702435 -0.0051720807752809947 -0.00015407174167624663 0.00011911000160608949 4.074188492264873e-05
leaf_weight=9.9999999999999982 23 140 72 12.999999999999998 15.000000000000002 47 31 30 34 12.999999999999998 43 16.000000000000004 57 11.999999999999998 18 44 101 15.999999999999998 20 32 14.999999999999998 29 19 1423 10.999999999999998 49 55 12.999999999999998 36 24 10.999999999999998 20 36
leaf_count=10 23 140 72 13 15 47 31 30 34 13 43 16 57 12 18 44 101 16 20 32 15 29 19 1423 11 49 55 13 36 24 11 20 36
internal_value=-0.000262613 -0.00257153 -0.00342534 -0.00165544 -0.00027178 -0.00517716 -0.00821638 0.00216583 0.000325522 0.00961096 -0.00110737 -0.00370459 -0.000348101 -0.0115152 -0.00552319 -0.00758847 -0.00476093 4.93254e-05 0.00614999 -0.000873445 -0.0121895 -0.00447477 -0.00821849 0.00085551 -0.00412675 -0.00821638 0.00111511 0.00410507 0 0.00744141 0.0121455 0 -0.00401759
internal_weight=2528 840 700 398 339 119 59 220 190 28 162 119 91 28 302 199 155 54 36 103 46 71 48 1688 70 59 1618 195 85 110 66 44 72
internal_count=2528 840 700 398 339 119 59 220 190 28 162 119 91 28 302 199 155 54 36 103 46 71 48 1688 70 59 1618 195 85 110 66 44 72
is_linear=0
shrinkage=0.060181


Tree=243
num_leaves=34
num_cat=0
split_feature=2 10 8 2 4 5 7 5 8 8 8 7 7 2 8 9 9 7 0 11 8 2 12 16 4 10 2 4 10 7 2 9 2
split_gain=1.49323 0.995993 0.712779 0.603604 0.98771 0.743245 1.12668 0.727366 0.658865 0.736382 1.24144 0.810225 0.793729 0.734984 0.650293 0.60491 0.893691 0.930309 1.0235 0.92409 0.918524 1.07331 0.785791 0.707939 0.679663 0.632827 0.594233 0.580088 0.677331 0.576694 0.547364 0.758791 0.508211
threshold=-0.3050148239043744 1.6829884236511015 -1.4930418562486785 -0.88916812100965448 2.3270691290170027 -0.30461850286022202 0.0205246920550619 -0.55500941399647818 -1.3157176291712498 -0.18728634455765958 -0.60938565582620374 0.42887739036020484 1.6078035904880215 -1.7270989534055479 0.64274759938306347 -0.55735794549983686 0.18659530242032904 -0.17596300796624073 1.0000000180025095e-35 1.0133369528996188 -0.57639123812599613 -0.54275510494929147 1.888622504501128 1.0000000180025095e-35 1.0000000180025095e-35 0.16629724623884318 -1.0266085614723386 -0.93403161431992665 -0.56224103020678806 0.69883440430251642 -0.79635189767596259 1.4036099311888348 0.55508618525407305
decision_type=2 2 2 2 2 2 2 2 2 2 2 2 2 2 2 2 2 2 2 2 2 2 2 2 2 2 2 2 2 2 2 2 2
left_child=3 2 -2 5 15 6 7 -1 -7 10 27 14 29 -13 -11 24 20 25 22 30 -17 -22 23 -19 -5 -18 -8 -10 -29 -12 -20 -32 -4
right_child=1 -3 32 4 -6 8 26 -9 9 11 12 13 -14 -15 -16 16 17 18 19 -21 21 -23 -24 -25 -26 -27 -28 28 -30 -31 31 -33 -34
leaf_value=0.00019379313136070871 0.00026773613645702626 -0.00017757196095023677 -6.5103891158587276e-05 -3.9110332107011667e-05 -0.0060745984461389414 -0.00019201968763169738 -7.2889835673442405e-05 -0.01170687736823996 -0.0057838056160723524 -4.6375340688717562e-05 0.00014630702265936192 7.7690396911814596e-05 -0.00024962438807183264 -0.0002918413782165735 0.00027241642032964944 0.00012223856351548229 4.6882377106172538e-05 0.0012528092159350753 0.0011755419011016584 0.0022413922503247883 0.0029157008471301497 0.00014253777792373198 -0.00042738358013049847 -0.0043271448526637345 0.0027908397857259967 -0.0083318413235824954 0.0011954504502785502 -0.0012242878784181294 0.00041540675992641926 0.0058968768022880872 -0.0016277970899600334 0.00014239565660369033 4.6723514724684868e-06
leaf_weight=10.000000000000002 11.999999999999998 72 813 104 37 12.999999999999998 96 18 17 23 14.999999999999998 25 8.9999999999999982 108 26 68 36 52 7.9999999999999991 22 49 30 11.999999999999998 8.9999999999999982 24 21 18 28 43 25 35 10.999999999999998 639
leaf_count=10 12 72 813 104 37 13 96 18 17 23 15 25 9 108 26 68 36 52 8 22 49 30 12 9 24 21 18 28 43 25 35 11 639
internal_value=0 -0.0011745 -0.000781055 0.00181625 0.003236 0.000131955 -0.00332607 -0.0134194 0.00180168 0.0025272 0.00579844 0 0.0132104 -0.00244383 0.0063462 0.0040419 0.00532395 0.00231049 0.00494812 0 0.0090098 0.0135125 0.00985721 0.0126197 2.15901e-05 -0.00352244 -2.41603e-05 0.000687985 0.0036681 0.0166272 -0.00422826 -0.00733663 -0.000952872
internal_weight=2528 1536 1464 992 518 474 142 28 332 319 137 182 49 133 49 481 353 206 149 76 147 79 73 61 128 57 114 88 71 40 54 46 1452
internal_count=2528 1536 1464 992 518 474 142 28 332 319 137 182 49 133 49 481 353 206 149 76 147 79 73 61 128 57 114 88 71 40 54 46 1452
is_linear=0
shrinkage=0.060181


Tree=244
num_leaves=34
num_cat=0
split_feature=2 2 8 8 12 10 8 12 13 10 4 5 5 5 8 6 6 15 18 10 5 1 10 4 3 2 2 10 5 4 2 16 3
split_gain=0.98871 1.13631 1.69197 1.56212 1.39767 1.44852 1.08304 0.736497 1.44592 0.837119 0.711561 0.882106 0.696537 0.908721 0.713644 0.502078 0.714575 0.454836 0.459669 1.28578 1.08947 0.928813 1.50551 0.827824 0.764825 0.938034 0.813559 0.637267 0.810817 0.63018 0.61417 1.78362 0.785982
threshold=0.16666499774008839 0.50527331728322411 -0.40701864861495524 -0.71436842502177778 0.86351510968011858 1.2626209112983975 -0.91692945378463431 1.0000000180025095e-35 -0.091198066037304029 0.63459147618977874 0.48018501903246191 0.51409293244168019 -0.49501265579601733 -0.60350513862027333 -0.9244777865424576 1.2656109992485209 0.2996643417776591 3.3361916520036639 1.0000000180025095e-35 -1.3488139735448057 2.588003491115499 -1.4759321159128549 0.67042570547176705 2.2911857679507306 0.77579571395543023 0.016181827439305654 -0.0041739981441637989 0.083858275504198707 -0.49501265579601733 -0.38455047849741408 -0.25856579751646097 1.0000000180025095e-35 0.12905513875791444
decision_type=2 2 2 2 2 2 2 2 2 2 2 2 2 2 2 2 2 2 2 2 2 2 2 2 2 2 2 2 2 2 2 2 2
left_child=17 2 3 6 5 7 -2 -3 9 -9 -4 -12 13 14 -7 16 -6 18 19 20 23 22 27 -1 25 26 -20 -21 -29 -27 32 -32 -23
right_child=1 4 10 -5 15 12 -8 8 -10 -11 11 -13 -14 -15 -16 -17 -18 -19 24 21 -22 30 -24 -25 -26 29 -28 28 -30 -31 31 -33 -34
leaf_value=0.0026252872752544733 2.1257988424934328e-05 2.9906314824560246e-06 -0.00033582616320657755 0.0008131733925667463 -0.00030427503689654003 0.00010252329738820138 -0.0021848935999178799 7.0362518051874377e-05 -0.0003417656566988155 0.001396514297686225 0.0010231171834208859 -0.0020274587049485958 -0.0006179968399748386 0.0049777082965352312 -0.00071891376022166649 0.00011243789215243242 -0.00065281487522644529 -0.010243327048726117 2.2514682760066434e-07 -0.0022108238196214538 -0.0056658251688164454 7.2279861651707399e-05 -0.0075967971620150409 0.0002245044267316567 -0.0013265822768571834 -0.00098145445289084796 -0.00016270340706685379 -0.0015759262068208765 0.055415511455280259 0.00090974799894432583 -0.00035704895804069902 0.00078380083469395986 0.0005241946627661065
leaf_weight=42 54 430 117 42 17 9.0000000000000018 33 108 30 28 19.000000000000004 11.999999999999998 54 11.999999999999998 17 10.999999999999998 28 7.9999999999999991 553 23 9.9999999999999982 403 17 27 30 11.999999999999998 15.999999999999998 10.000000000000002 9.9999999999999982 38 164 84 60
leaf_count=42 54 430 117 42 17 9 33 108 30 28 19 12 54 12 17 11 28 8 553 23 10 403 17 27 30 12 16 10 10 38 164 84 60
internal_value=-9.62099e-05 -0.00155927 -0.00483569 0 -0.000245296 0.000439191 -0.00434878 0.00161062 0.0049844 0.00777985 -0.00914885 0 -0.00632453 0 -0.00619454 -0.00913477 -0.0118212 0.00085842 0.000983144 0.00190689 0.00914123 0.00105252 -0.00572175 0.0120581 -0.000142679 0.000246214 -0.000372814 0 0.00776915 0.00791185 0.0017304 -0.000489671 0.00303704
internal_weight=2528 1021 277 129 744 688 87 596 166 136 148 31 92 38 26 56 45 1507 1499 850 79 771 60 69 649 619 569 43 20 50 711 248 463
internal_count=2528 1021 277 129 744 688 87 596 166 136 148 31 92 38 26 56 45 1507 1499 850 79 771 60 69 649 619 569 43 20 50 711 248 463
is_linear=0
shrinkage=0.060181


Tree=245
num_leaves=34
num_cat=0
split_feature=4 6 9 15 4 3 9 4 9 4 10 7 7 10 10 6 6 7 13 14 1 13 7 12 9 9 4 6 13 6 7 10 10
split_gain=0.57794 0.738684 0.824908 0.961146 0.974937 0.97378 0.683234 0.665946 0.897219 0.775051 0.822644 0.758416 0.753822 2.41427 0.92519 0.65113 0.965572 0.719976 0.932328 0.668561 0.977284 0.911377 0.882454 0.844215 0.786616 0.713644 0.637742 0.605085 0.571835 0.730422 1.30727 0.770446 0.567417
threshold=-0.94354219281714802 -0.97787801165154475 -0.87731254037155415 1.0000000180025095e-35 -0.98384955891393078 0.042611129983401504 1.6418671902530722 0.015748997670216903 1.4244586108551691 -0.086485937179991187 1.1408482110757383 1.0994984534763907 -0.73894298324467 0.38973011248583628 -0.74313100330113258 -0.44816532852236268 -0.54164403730986543 1.0994984534763907 -0.3378631457895192 1.0000000180025095e-35 1.0000000180025095e-35 -0.32143873852626714 0.50234670428121253 1.0000000180025095e-35 -0.23218527721487556 -1.1078566642165162 -0.51393390930867633 0.39314305056516186 -0.31983081347825409 -0.6662823156932024 -0.71929421324253939 -1.4184769911463366 -0.55808927493045124
decision_type=2 2 2 2 2 2 2 2 2 2 2 2 2 2 2 2 2 2 2 2 2 2 2 2 2 2 2 2 2 2 2 2 2
left_child=1 -1 -3 -4 5 6 -5 8 9 10 11 26 -10 14 -14 16 17 -9 -19 20 22 23 -17 27 25 -23 28 32 29 31 -31 -2 -22
right_child=7 2 3 4 -6 -7 -8 15 12 -11 -12 -13 13 -15 -16 19 -18 18 -20 -21 21 24 -24 -25 -26 -27 -28 -29 -30 30 -32 -33 -34
leaf_value=-0.0015431157737699297 -0.00086839696168896025 0.00030749386869805912 0.00044189593861166049 -0.00016424436662445385 0.0012956305929435435 -0.0005088414891488048 0.0036789600090221118 -4.2164726859571743e-05 -0.00056559249420055587 -0.00040287018145123549 -0.00020096960564715814 -7.5950246761459441e-05 0.00012172583239943335 0.0027852111603208548 -0.0014308030369256431 -0.00073486122293223795 -0.00054399939077162283 0.00068990297009653429 -4.6252095490830762e-05 -3.7005268002356007e-05 -4.6051569284165303e-05 -0.00012143120298938094 0.0032678485188792437 0.001189831458467526 -0.001288190463691807 0.00037061954801171119 2.4201642308141015e-05 -0.00052146679096774198 3.8190021937816891e-05 3.176014207285948e-05 -0.00031755132315004536 0.00093980948028798039 0.00056135030276321149
leaf_weight=24 9.9999999999999982 45 54 118 23 52 9.9999999999999982 374 32 79 177 81 25 32 39 50 46 55 28 105 23 9.0000000000000018 10.999999999999998 37 23 17 450 13.999999999999998 139 78 152 44 72
leaf_count=24 10 45 54 118 23 52 10 374 32 79 177 81 25 32 39 50 46 55 28 105 23 9 11 37 23 17 450 14 139 78 152 44 72
internal_value=-0.000119982 0.00219965 0.00316009 0.00151194 -0.000159396 -0.00198213 0.000478878 -0.000492427 -0.00134784 -0.00188671 -0.0014081 -0.000631421 0.00322261 0.00607054 -4.20292e-05 0.000766285 -0.000540177 0.000202154 0.00524454 0.00273126 0.00441549 0.00652923 -0.00144128 0.00886889 0 0.00619454 -3.75675e-05 0.00510248 -0.00177003 -0.00335787 -0.00490693 0.00213879 0.0070476
internal_weight=2528 326 302 257 203 180 128 2202 1338 1210 1131 954 128 96 64 864 503 457 83 361 256 195 61 146 49 26 873 109 423 284 230 54 95
internal_count=2528 326 302 257 203 180 128 2202 1338 1210 1131 954 128 96 64 864 503 457 83 361 256 195 61 146 49 26 873 109 423 284 230 54 95
is_linear=0
shrinkage=0.060181


Tree=246
num_leaves=34
num_cat=0
split_feature=2 2 2 5 13 5 11 9 12 12 6 2 13 5 9 3 9 9 9 2 5 15 9 5 3 3 11 11 11 6 9 9 5
split_gain=0.679757 0.545772 0.472012 1.04814 0.946695 0.740426 0.558746 1.0232 0.530232 0.475784 0.456937 0.899804 0.463197 0.408676 0.553321 0.404907 0.39047 0.7098 0.683271 0.689235 0.859801 1.01487 0.861508 0.913804 0.892978 0.692967 0.660508 0.608734 0.596031 1.25847 0.529852 0.626037 0.546127
threshold=-0.3050148239043744 2.7450866599101871 -0.70901951079745562 0.18690741747022496 -0.29446741146612126 0.78648853774055827 0.61412925195989043 -0.60264200614397156 -0.67414598255139557 1.888622504501128 0.45546218975683034 -0.99415229426623297 1.0000000180025095e-35 -0.52008209230516222 0.69473116081123365 -0.62771428957652808 0.779884982823846 0.64458484083000411 0.81397617791231502 2.1205024577771239 -0.19821852879512938 0.88625919121491659 1.2807595124560034 0.45499849719943936 0.71589883672786392 0.32746638885357221 -0.38389000038943 1.0133369528996188 0.41452540149002631 0.11270692420265362 0.41115161901616654 0.31636816310790566 0.97697492926636664
decision_type=2 2 2 2 2 2 2 2 2 2 2 2 2 2 2 2 2 2 2 2 2 2 2 2 2 2 2 2 2 2 2 2 2
left_child=2 16 10 4 6 -5 7 15 -9 -10 -1 -12 -13 -8 -15 -4 17 30 -18 20 21 28 24 -24 -22 -25 -19 -28 29 -20 31 -2 -32
right_child=1 -3 3 5 -6 -7 13 8 9 -11 11 12 -14 14 -16 -17 18 26 19 -21 22 -23 23 25 -26 -27 27 -29 -30 -31 32 -33 -34
leaf_value=2.0437647771795843e-05 -2.7729908635298904e-05 -0.00021134318401326856 -0.0005805712069697844 -0.0016926480235807024 0.0005270144069546396 2.3497894566181551e-06 -7.9660858715321689e-05 -0.00016673808338788431 0.00076186152232370823 -0.00086155205675179231 0.0020995988643166329 -0.0029364552907683722 0.0069384972133757945 0.0015291260451563706 -0.00013475705090902 -0.00092042823061873596 0.0038108407286197581 -0.0033810481869508118 -7.1586008327671779e-05 0.00055085010489794328 0.002232725171644738 0.0093269142699470321 0.00012233469547532369 -0.0048598732979518193 -0.0001623406126386122 -7.6684160148663929e-05 0.00030914324155562685 -0.00057815884926954266 -7.3525201298674837e-06 -0.0017751158909986306 0.00026549352263256917 -0.0019894171392565146 -0.00020072556744369356
leaf_weight=617 995 14.999999999999998 8.0000000000000018 15.999999999999998 61 78 12.999999999999998 19 49 18 17 36 8.9999999999999982 29 8.9999999999999982 12.999999999999998 12.999999999999998 11.999999999999998 75 9.9999999999999982 39 18 44 11.000000000000002 15.999999999999998 13.999999999999998 22 11.999999999999998 62 32 83 50 12.999999999999998
leaf_count=617 995 15 8 16 61 78 13 19 49 18 17 36 9 29 9 13 13 12 75 10 39 18 44 11 16 14 22 12 62 32 83 50 13
internal_value=-0.000167526 -0.000979061 0.00103045 0.00295526 0.00528458 -0.00187886 0.00225197 0 0.00271824 0.00558066 4.82444e-05 -0.00462998 -0.00934485 0.00721589 0.0101939 -0.0111223 -0.000811064 -0.00134187 0.000899711 0.000101452 -0.000295968 -0.00301442 0.00332362 -0.000453581 0.00877719 -0.00956699 -0.00854985 -0.00167594 -0.00472344 -0.00737119 -0.000975175 -0.0014088 0.00304953
internal_weight=2528 1536 992 313 219 94 158 107 86 67 679 62 45 51 38 21 1521 1187 334 321 311 187 124 69 55 25 46 34 169 107 1141 1045 96
internal_count=2528 1536 992 313 219 94 158 107 86 67 679 62 45 51 38 21 1521 1187 334 321 311 187 124 69 55 25 46 34 169 107 1141 1045 96
is_linear=0
shrinkage=0.060181


Tree=247
num_leaves=34
num_cat=0
split_feature=2 2 1 6 6 18 13 3 9 16 10 4 2 3 6 4 10 13 6 4 18 9 3 9 3 1 13 9 13 9 4 13 4
split_gain=0.652223 0.496118 0.862414 0.971551 0.917081 0.868503 0.772741 0.814013 0.74276 0.665917 0.656397 1.06058 0.603549 1.12393 0.596783 0.580644 0.565268 0.542103 0.866308 1.04248 0.528012 0.527934 0.506584 0.820398 0.613442 0.646047 0.641889 0.581608 0.5379 0.96425 0.60695 0.560245 0.497983
threshold=2.7450866599101871 -0.3050148239043744 1.0000000180025095e-35 0.6424196073318359 0.39314305056516186 1.0000000180025095e-35 0.24356306187973728 -0.81263795866640198 -0.35619009699338661 1.6165153522599058 0.57561249971798845 -0.10170128139405034 -0.19654778986787089 0.086024309149972014 0.20618563299015633 -0.49015429308371805 -0.19045392216237678 0.38251053974442206 -0.23004834135152297 1.0237497556743858 1.0000000180025095e-35 -0.26461032216946762 -0.084756470543827442 0.42682659082374991 -0.2517237250459603 -1.4759321159128549 2.0960205915313379 -0.44985347741191911 -0.29945003442657964 -0.62650809520000927 0.15273301029069922 -0.065311611550043683 1.0179361079683582
decision_type=2 2 2 2 2 2 2 2 2 2 2 2 2 2 2 2 2 2 2 2 2 2 2 2 2 2 2 2 2 2 2 2 2
left_child=1 20 3 4 6 9 8 -8 10 -5 11 15 13 -4 21 -3 -13 32 19 -19 -1 -10 24 -24 25 -22 28 -26 -27 31 -31 -30 -14
right_child=-2 2 12 5 -6 -7 7 -9 14 -11 -12 16 17 -15 -16 -17 -18 18 -20 -21 22 -23 23 -25 27 26 -28 -29 29 30 -32 -33 -34
leaf_value=9.4689081885286164e-05 -0.00019862434227173464 -1.3554479848727396e-05 0.00033458686818906046 1.8077150094998025e-05 -0.0069160659982147156 -0.0016960314820850687 0.00050400343224379874 -0.0030360358211472898 0.0096618424463784849 0.0080418114677683495 -0.0077080355642873133 -0.0016692847554724132 -2.3359447782792333e-05 -0.00026654494160548403 0.0004236894286450951 0.010498003838556202 0.0017246672083571246 0.0022864274362455164 -8.6419214872689591e-06 -0.00015622010036502935 0.00032195860630613893 -0.00010021378126317245 -2.6479465046981086e-05 -0.0028337009664728369 -1.3097960231830905e-05 -2.4514519879769328e-06 0.00049071969715193181 0.00081012333791371464 -6.0794240138149696e-05 -0.0035279758273887782 -0.0052721350096531869 0.0060086402428981564 0.00018459071470314684
leaf_weight=556 14.999999999999998 20 21 116 31 17 7.9999999999999991 32 7.9999999999999991 13.999999999999998 13.999999999999998 27.999999999999996 710 43 24 12.999999999999998 11.000000000000002 41 65 10.999999999999998 21 107 45 19 13.000000000000002 225 20 18 16.000000000000004 33 17 8.9999999999999982 187
leaf_count=556 15 20 21 116 31 17 8 32 8 14 14 28 710 43 24 13 11 41 65 11 21 107 45 19 13 225 20 18 16 33 17 9 187
internal_value=-0.000215069 -0.00010874 -0.000811064 -0.00303829 -0.00503119 0.000618262 -0.00348337 -0.0111065 -0.00172358 0.00272392 -0.00607639 -0.00242558 5.82675e-05 -0.00538321 0.000652946 0.00418788 -0.00924834 0.000475911 0.00426502 0.0097919 0.000909554 -0.000785072 -0.000554056 -0.00538321 0.000167789 -0.00044484 -0.00131058 0.00790817 -0.0021898 -0.00654392 -0.0112799 0.0011513 0
internal_weight=2528 2513 1521 443 296 147 265 40 225 130 86 72 1078 64 139 33 39 1014 117 52 992 115 436 64 372 341 320 31 300 75 50 25 897
internal_count=2528 2513 1521 443 296 147 265 40 225 130 86 72 1078 64 139 33 39 1014 117 52 992 115 436 64 372 341 320 31 300 75 50 25 897
is_linear=0
shrinkage=0.060181


Tree=248
num_leaves=34
num_cat=0
split_feature=8 6 5 2 14 2 7 8 8 12 15 5 8 2 14 12 5 4 6 6 4 6 4 18 8 7 7 5 5 8 7 6 9
split_gain=0.533948 1.44895 1.17629 1.32262 0.791841 0.78259 0.86551 1.10705 1.44746 0.74146 1.19949 1.01644 1.48997 1.15063 1.12629 0.774402 0.694136 0.647988 0.724313 0.852377 0.704683 0.941956 0.671501 1.08583 1.05229 0.645588 0.63794 0.628934 0.622975 0.603921 0.543466 0.514301 0.509893
threshold=-1.1007210659419726 0.61126003773600168 0.40137261077567693 -0.36964233139740793 -0.738224098466287 -0.38588882574775102 -0.48692615060865191 -0.81658474848564877 -0.78175041902399667 1.0000000180025095e-35 0.88625919121491659 -0.48874677041548237 -0.25894392973139985 0.93604018267920719 1.0000000180025095e-35 2.9137298993221377 -0.7048546850540055 -0.71153635366199253 0.70473874652350432 0.23734520258599057 -0.46255576051341812 -0.074250493372351789 -0.37426654727174158 1.0000000180025095e-35 0.79825505576527434 -1.0063371141432265 -0.043547384038842389 -0.35186782604709715 -0.32913989266169175 0.56758892544354522 -1.1105610245893089 0.54894089854433314 0.084056136878071314
decision_type=2 2 2 2 2 2 2 2 2 2 2 2 2 2 2 2 2 2 2 2 2 2 2 2 2 2 2 2 2 2 2 2 2
left_child=1 2 4 -4 28 -2 7 30 -9 -8 11 14 -13 27 16 26 31 18 19 -10 21 -19 32 24 -24 -6 -12 -14 -1 -25 -7 -11 -22
right_child=5 -3 3 -5 25 6 9 8 17 10 15 12 13 -15 -16 -17 -18 20 -20 -21 22 -23 23 29 -26 -27 -28 -29 -30 -31 -32 -33 -34
leaf_value=0.002746050106202992 2.644083389130474e-05 -0.00054132940507304553 -0.005015760335024406 0.00022203402554723858 -0.0020941643926653719 -1.9769373375303714e-05 -9.9541288727337504e-05 -0.0041305800843141442 3.7332268482446007e-05 -0.00035212404485309145 -0.0032290525500109188 -1.7667157606979597e-05 0.00012725113430542888 -0.00018667093299968109 0.00044422634136494075 0.0003165333157366183 -0.0025674937480031504 -0.0039606295113280105 0.0014600822755418278 -0.0055672797754967845 -0.004018383905853214 0.00028046827775502213 0.00091780133233007957 -9.4545664351524365e-05 -0.00024562058871989 0.00036693174151926269 -2.2757043865537409e-05 0.0031800600043053037 -0.0005983768347187599 7.746184792805322e-05 0.00069774128326391578 0.003305924810953978 -0.00022042857302538858
leaf_weight=10.000000000000002 846 48 27 22 7.9999999999999991 22 675 13.999999999999998 14.999999999999998 20 42 83 14.999999999999998 14.999999999999998 14.999999999999998 13.999999999999998 18 9.9999999999999982 29 25 17 47 115 32 44 98 25 59 17 10.999999999999998 44 14.999999999999998 31
leaf_count=10 846 48 27 22 8 22 675 14 15 20 42 83 15 15 15 14 18 10 29 25 17 47 115 32 44 98 25 59 17 11 44 15 31
internal_value=-0.000119982 0.00258836 0.00520321 -0.00177007 0.00817098 -0.000419593 -0.00128363 0.000791828 -0.000313013 -0.00229063 0 0.00223506 0.0048141 0.0101037 -0.00340155 -0.00607984 -0.00802412 0.000324557 -0.00459804 -0.00972632 0.00165606 0.00749451 1.12039e-05 0.00177004 0.00427371 0.0104584 -0.00899015 0.0132199 0 -0.00587192 0.00782238 -0.000853064 -0.00588608
internal_weight=2528 230 182 49 133 2298 1452 456 390 996 321 240 172 89 68 81 53 376 69 40 307 57 250 202 159 106 67 74 27 43 66 35 48
internal_count=2528 230 182 49 133 2298 1452 456 390 996 321 240 172 89 68 81 53 376 69 40 307 57 250 202 159 106 67 74 27 43 66 35 48
is_linear=0
shrinkage=0.060181


Tree=249
num_leaves=34
num_cat=0
split_feature=8 6 10 2 3 12 7 13 5 6 3 18 8 2 6 3 2 5 4 4 2 8 4 12 3 3 6 4 8 8 10 10 12
split_gain=0.684649 0.760822 0.840402 0.683616 1.09027 1.01672 1.0078 1.0092 1.12465 0.911976 0.887465 0.829489 1.16171 1.54077 0.818864 0.815833 0.788994 0.721301 0.669209 1.52303 1.24818 0.707882 0.661918 0.613718 0.558636 0.900591 1.59987 1.56362 1.11407 0.683679 0.917079 1.15865 0.944006
threshold=-1.3701753745752276 0.61126003773600168 -0.95668899120534601 -0.37926617811272517 0.13065535883886734 1.888622504501128 -0.44164855016896026 -0.085594816081277128 -0.68785585454374698 -0.3858461893306942 1.45441532436159 1.0000000180025095e-35 0.82606259569762253 0.55508618525407305 0.67357917692767011 0.67186031252736811 -1.0266085614723386 0.21866618386554917 -0.65107684712268898 -0.43019991494565585 -0.75709476777381479 -1.1372934129054768 -0.34944362648252031 -0.67414598255139557 2.0302927289709722 0.38314888680578441 -0.69744188528903661 1.1953507441370903 -0.58342124121390626 -0.46093656480603734 -0.061536194273116691 0.87062534919237911 0.86351510968011858
decision_type=2 2 2 2 2 2 2 2 2 2 2 2 2 2 2 2 2 2 2 2 2 2 2 2 2 2 2 2 2 2 2 2 2
left_child=1 2 -1 4 5 18 7 10 -9 16 11 12 23 -14 -11 -13 -6 -10 20 -20 -2 -21 -17 -5 25 26 27 28 -8 -28 -31 32 -32
right_child=3 -3 -4 6 9 -7 24 8 17 14 -12 15 13 -15 -16 22 -18 -19 19 21 -22 -23 -24 -25 -26 -27 29 -29 -30 30 31 -33 -34
leaf_value=-0.0021066670447712865 1.3754079658448167e-05 -0.00086140288906280335 0.00031364430877373241 0.00086351410888613797 -0.0041949557880010535 -0.00017389646736035746 -7.8302541559734323e-05 0.00022528451797422888 -0.0016303092271616995 0.000676555644207069 -6.7573956026448489e-05 -0.00011661046437653231 -0.0044223545637229848 0.00042626990091546371 -8.5370326641669907e-05 0.0035556779353287447 0.00033748175896831028 2.8147845977981847e-05 -0.00016194245376593619 0.0014623610480287894 0.0026180522922885623 1.9520651357110263e-05 -6.1101161235247277e-05 0.00014140720492511165 7.8952016970668549e-05 -0.00011713379012799072 -9.6328082733076537e-05 0.00031331354537629145 -0.0015149592858239376 0.00081283385524910808 -0.0014427912777743104 0.00098461329874841583 0.0043218634306312577
leaf_weight=13.999999999999998 178 13.999999999999998 42 70 12.000000000000002 78 47 31 64 55 108 57 26 33 14.999999999999998 9.0000000000000018 18 18 103 19 49 386 14.999999999999998 162 50 361 140 59 101 78 56 40 20
leaf_count=14 178 14 42 70 12 78 47 31 64 55 108 57 26 33 15 9 18 18 103 19 49 386 15 162 50 361 140 59 101 78 56 40 20
internal_value=2.48942e-05 0.00576201 0.00913477 -0.000123394 0.00115209 0.000335114 -0.000915079 0.000963052 -0.00389522 0.00699792 0.00224584 0.00369273 0.00521872 -0.00148733 0.0106678 -0.00110057 -8.45535e-05 -0.00776635 0.00110382 -5.55381e-06 0.0037964 0.00155344 0.00664336 0.00716417 -0.00214419 -0.00252839 -0.000833998 -0.00501419 -0.00835493 0.00161275 0.00397357 2.37563e-05 -0.00381571
internal_weight=2528 70 56 2458 913 813 1545 593 113 100 480 372 291 59 70 81 30 82 735 508 227 405 24 232 952 902 541 207 148 334 194 116 76
internal_count=2528 70 56 2458 913 813 1545 593 113 100 480 372 291 59 70 81 30 82 735 508 227 405 24 232 952 902 541 207 148 334 194 116 76
is_linear=0
shrinkage=0.060181


Tree=250
num_leaves=34
num_cat=0
split_feature=5 6 5 2 0 9 0 5 10 6 0 4 9 2 2 2 4 6 2 10 2 4 9 4 6 5 18 2 2 4 9 6 9
split_gain=0.632532 1.28362 0.835331 1.31666 1.5777 1.27352 0.83841 0.925962 0.863173 0.73459 0.679447 0.769316 0.668724 0.704399 1.17877 0.693374 0.832702 0.687759 0.803428 0.666447 0.810716 0.647982 0.901811 0.832592 0.707028 1.19441 0.776427 1.12539 0.629001 1.61275 0.627334 0.619402 0.906253
threshold=0.15114031494392058 -0.3858461893306942 0.044701918371751206 -0.21538940546978561 1.0000000180025095e-35 0.084056136878071314 1.0000000180025095e-35 -1.0237405522185019 1.2557771006352942 0.14386649379848784 2.0956703239782959 -0.24553934827866983 -0.93703533685373908 0.47514342173534235 -0.94098171233618022 0.16052232891530949 -0.80865627587084299 -1.0401971508432133 -1.8269096743723656 1.4902962987819064 0.92327731003672542 -0.23274824401316377 -0.49545164863115554 -0.40476889574827041 -0.32352705013902566 -0.18618344095573267 1.0000000180025095e-35 -0.047493361698881492 0.34367770623121402 -0.030817663579917547 0.28154239701137906 0.95401530329017825 0.35131760949051516
decision_type=2 2 2 2 2 2 2 2 2 2 2 2 2 2 2 2 2 2 2 2 2 2 2 2 2 2 2 2 2 2 2 2 2
left_child=2 12 6 5 -5 -4 19 -8 10 -10 -9 -12 13 14 -2 16 17 -14 -19 21 -21 22 23 -1 25 -23 27 -27 -26 -30 -3 -24 -33
right_child=1 30 3 4 -6 -7 7 8 9 -11 11 -13 15 -15 -16 -17 -18 18 -20 20 -22 24 31 -25 28 26 -28 -29 29 -31 -32 32 -34
leaf_value=-8.2584521192782923e-05 6.1601288363700264e-05 0.0001321942265550297 0.00028085292497158533 -1.9737165421575703e-05 -0.0018858321390798809 -0.00038058150480479313 0.00043154403921850498 1.7517510959169607e-05 -0.0016523166873881074 -7.1964667591928388e-06 0.023429080392885746 3.8372296234195537e-05 0.011310612027936925 0.00041172797699470017 -0.0027090186466900163 -7.3590217201068754e-05 0.00013949610488939325 0.0001295120764991122 -0.006065560701413405 0.0010728756825713877 -0.00022902695672184309 0.00012061064225286843 8.4079395349997564e-05 0.00011490040741915041 -0.00042652435605219506 0.0044315973232797396 -0.014232635849750978 -0.0017348877404568188 -0.0013988271027592634 0.00036607481752261339 1.2939073312383634e-05 0.0002105216530947845 -0.0026628335675603523
leaf_weight=120 24 148 28 26 34 23 45 635 29 53 18 18 9.9999999999999982 18 38 99 265 12.999999999999998 18.000000000000004 23 19 122 302 39 102 9.0000000000000018 15.999999999999998 17 26 38 76 49 28
leaf_count=120 24 148 28 26 34 23 45 635 29 53 18 18 10 18 38 99 265 13 18 23 19 122 302 39 102 9 16 17 26 38 76 49 28
internal_value=2.48942e-05 0.00156635 -0.000546376 -0.00553856 -0.0113988 0.000603101 -0.000177463 0.00120476 0.000600312 -0.00495429 0.00138696 0.00918912 -6.73998e-05 -0.00507281 -0.00829932 0.000817018 0.00234174 -0.00478598 -0.0096473 -0.0014523 0.00534086 -0.00186751 -0.000449711 -0.00427371 -0.00397724 -0.000735085 -0.00929977 -9.59781e-05 -0.00675856 -0.000932226 0.0053007 0.00102983 -0.00339506
internal_weight=2528 709 1819 111 60 51 1708 798 753 82 671 36 485 80 62 405 306 41 31 910 42 868 538 159 330 164 42 26 166 64 224 379 77
internal_count=2528 709 1819 111 60 51 1708 798 753 82 671 36 485 80 62 405 306 41 31 910 42 868 538 159 330 164 42 26 166 64 224 379 77
is_linear=0
shrinkage=0.060181


Tree=251
num_leaves=34
num_cat=0
split_feature=8 9 9 5 11 5 14 12 9 16 7 8 4 5 5 5 11 5 8 8 13 11 8 11 7 11 11 0 4 4 5 9 4
split_gain=0.85423 0.687751 0.560128 0.879592 1.0234 0.986302 0.84964 0.766484 1.09611 0.710762 1.14358 0.887092 1.04171 0.791133 1.3544 1.22125 1.23242 2.272 1.13475 0.810671 0.700136 0.847435 0.890868 0.826341 0.73501 0.74902 0.658829 0.919713 0.854424 1.38566 1.72773 2.04796 1.13993
threshold=-1.3701753745752276 -0.40867616849884181 0.24239032474447195 -0.028045445203784696 -1.3819092527387502 0.012475990670750352 -0.738224098466287 1.3760688070906235 0.890479504942287 1.0000000180025095e-35 -0.65095066540904278 0.12617757020807022 -0.32775552497385502 -0.44636556953577805 -0.09794126494740589 -0.60793512424481266 1.0000000180025095e-35 -0.68215361783426121 -0.24096765862772554 -0.47534262774273711 -0.2865760836820575 1.0000000180025095e-35 -0.21650749852524739 1.0133369528996188 -0.39978812712094397 -0.78309770132915812 -0.18428614991956593 2.0956703239782959 -0.41968981172855369 -0.36830390237170102 -0.14620478637704717 -0.70489326786399109 -0.82932749882957124
decision_type=2 2 2 2 2 2 2 2 2 2 2 2 2 2 2 2 2 2 2 2 2 2 2 2 2 2 2 2 2 2 2 2 2
left_child=1 -1 3 4 -2 -5 -4 9 -9 13 -11 12 -12 15 -15 16 17 18 -8 -16 21 24 -23 -22 25 -7 27 -6 32 -30 31 -31 -28
right_child=2 -3 6 5 26 20 7 8 -10 10 11 -13 -14 14 19 -17 -18 -19 -20 -21 23 22 -24 -25 -26 -27 28 -29 29 30 -32 -33 -34
leaf_value=0.00027631447912094539 -0.0052389994832004825 -2.4929295130781699e-05 0.00012931589033836336 0.0023351275660268857 4.5227411599636277e-05 -0.0017621987486433667 0.00019513818877689223 0.0032677949540686696 -3.9583340934176734e-05 -0.0032658665913168376 -0.0045434573818437518 0.00017807011054337519 8.4460474069043452e-06 0.00087375872011321784 0.00033484516237415753 -0.0011995114229073375 0.00029911781548592163 0.00028664232119640556 -0.0020100742059693086 -6.963383284420002e-05 -2.0005088764266346e-05 0.0010629099414604887 9.7045850784391329e-06 -0.0030575534893768855 6.4006866687740005e-05 0.00011026201186541204 -9.4366170433831474e-06 -0.0013891624425530758 0.00091464949713449711 4.2612799414806709e-05 0.0029076332444183937 -0.00033748015665210977 -0.00047316765153133938
leaf_weight=43 19 27 199 33 336 19 14.999999999999998 32 54 40 14.999999999999998 56 23 109 35 57 84 13.999999999999998 54 149 142 54 51 23 204 19 129 7.9999999999999991 35 114 12.999999999999998 159 164
leaf_count=43 19 27 199 33 336 19 15 32 54 40 15 56 23 109 35 57 84 14 54 149 142 54 51 23 204 19 129 8 35 114 13 159 164
internal_value=0.000191297 0.00657964 0 -0.000711914 -0.00181335 0.00115701 0.00115591 0.000125726 0.00540476 -0.000509983 -0.00439413 -2.9111e-05 -0.00730086 0.000410052 0.00254583 -0.00212777 0.000193031 -0.00454964 -0.00957139 -0.000335933 0.000355669 0.00198207 0.00639867 -0.00269388 0 -0.00730086 -0.00144239 0.000527567 -0.00263555 -0.00028685 -0.00188005 -0.00316505 -0.00498063
internal_weight=2528 70 2458 1522 977 545 936 737 86 651 134 94 38 517 293 224 167 83 69 184 512 347 105 165 242 38 958 344 614 321 286 273 293
internal_count=2528 70 2458 1522 977 545 936 737 86 651 134 94 38 517 293 224 167 83 69 184 512 347 105 165 242 38 958 344 614 321 286 273 293
is_linear=0
shrinkage=0.060181


Tree=252
num_leaves=34
num_cat=0
split_feature=8 6 2 3 1 11 8 17 2 2 11 12 3 7 7 3 3 11 7 2 8 2 6 3 7 8 12 13 7 13 6 8 12
split_gain=0.777511 0.8761 0.645264 0.561477 0.557438 1.09499 0.839048 0.7911 1.3585 1.6643 1.08326 0.788237 0.929119 0.749595 0.679557 0.870974 0.67439 0.658452 0.817857 0.996356 0.837863 0.893138 0.809541 1.19348 0.975158 0.799404 0.915034 0.734081 0.842978 1.02606 0.653822 0.638854 0.637577
threshold=-1.3701753745752276 0.61126003773600168 2.7053358643605336 -1.6405336110775788 1.0000000180025095e-35 1.612148504309211 0.34794360120615048 1.0000000180025095e-35 0.28014012273921512 0.59620173515644692 -0.18428614991956593 0.35096141226961375 -0.62771428957652808 0.26570716990773052 -0.043547384038842389 0.63764201141440691 0.45690560437870864 0.61412925195989043 0.44340039427482175 -0.36964233139740793 1.412926094645593 0.35646608711102135 -0.13656963256402027 -0.29705083676277078 -0.41687401407931718 -0.18728634455765958 -0.67414598255139557 -0.21836347928237101 -0.096513633609801433 -0.33422855015502045 0.61126003773600168 -0.15090090600725856 1.0000000180025095e-35
decision_type=2 2 2 2 2 2 2 2 2 2 2 2 2 2 2 2 2 2 2 2 2 2 2 2 2 2 2 2 2 2 2 2 2
left_child=1 -1 3 -2 5 7 -7 8 11 -10 13 12 -5 -11 15 -9 30 18 19 -6 22 -22 23 -21 -24 26 -19 28 -28 -30 -13 -27 -12
right_child=2 -3 -4 4 17 6 -8 14 9 10 32 16 -14 -15 -16 -17 -18 25 -20 20 21 -23 24 -25 -26 31 27 -29 29 -31 -32 -33 -34
leaf_value=0.00019275907382382791 -0.00065588004447674473 -0.00081818133721063221 -0.00018536627232049286 1.6045742282966555e-05 0.00012790201085571769 0.001131364822947932 -0.0009188352992819238 -0.0027373570396673911 -0.0010829199020075131 0.00038330244888714054 -0.00250867758657273 0.0003171532153113223 0.001548036720948068 -0.00097770187285313556 -7.4968337393272652e-06 4.7569166428587862e-05 -0.013959250096754893 1.8508015806711798e-05 -1.3369185223665858e-05 0.00013617543866401135 -0.00053571147038641983 9.4919636348515701e-05 0.00061268559815091028 -9.4033476556904276e-05 2.6200664415233335e-05 0.015733598857320848 -0.00060984636775840678 4.3468160897133363e-06 0.00055666658611262332 -0.0012666566315818204 -0.0014694414120937837 3.6496196307636268e-05 1.8720078439643666e-05
leaf_weight=56 30 13.999999999999998 24 100 178 26 13.999999999999998 97 44 55 32 93 95 19 117 30 20 85 341 158 38 36 97 198 141 7.9999999999999991 55 39 32 13.999999999999998 33 188 21
leaf_count=56 30 14 24 100 178 26 14 97 44 55 32 93 95 19 117 30 20 85 341 158 38 36 97 198 141 8 55 39 32 14 33 188 21
internal_value=0.000452788 0.00657964 0.000245633 0.000371494 0.000501104 -0.000756188 0.00834616 -0.0013506 0 -0.00432466 -0.00025215 0.00219122 0.00471111 0.00391405 -0.00414338 -0.00716399 -0.000823529 0.00115937 0.00189788 0.00290754 0.00170678 -0.00391405 0.00252235 0.000509962 0.00524263 -0.000786231 -0.00330311 -0.00630592 -0.00894464 -0.0012705 0.000486268 0.00182324 -0.00696093
internal_weight=2528 70 2458 2434 2404 796 40 756 512 171 127 341 195 74 244 127 146 1608 1187 846 668 74 594 356 238 421 225 140 101 46 126 196 53
internal_count=2528 70 2458 2434 2404 796 40 756 512 171 127 341 195 74 244 127 146 1608 1187 846 668 74 594 356 238 421 225 140 101 46 126 196 53
is_linear=0
shrinkage=0.060181


Tree=253
num_leaves=34
num_cat=0
split_feature=9 9 9 9 9 11 6 6 7 7 9 15 9 11 14 6 7 12 9 5 6 7 5 15 7 4 4 5 4 9 5 4 7
split_gain=0.468578 0.672629 0.741332 0.786257 0.895709 0.65481 0.632096 0.535819 0.890117 0.785978 0.523298 1.09266 1.06109 0.906882 1.02673 0.892479 0.851442 0.836707 0.702188 0.683876 0.946093 0.949581 0.748961 0.853559 0.675276 0.630998 0.558186 0.528511 0.506457 0.49429 0.456919 0.443066 0.584158
threshold=-1.8655880814435755 -1.7493325393187169 -1.6214746446974193 -1.4222159022248613 -1.2250720882291428 -0.18428614991956593 -1.0090375812473789 -0.13656963256402027 -0.56381264192133496 0.12987436858865678 0.74186853447891854 1.0000000180025095e-35 0.69473116081123365 0.61412925195989043 1.0000000180025095e-35 2.1069193783360456 0.62280220733775016 1.0000000180025095e-35 0.87157377018169691 -0.77519835093330147 -0.54164403730986543 -0.20757189883923458 -1.1714853796827731 0.88625919121491659 -0.25712097101851822 -0.33285326911153817 1.250584699788504 -0.77519835093330147 0.13670606695125198 -0.42824313451887347 -0.4780849982210687 -0.69163207376907543 0.24605839990559988
decision_type=2 2 2 2 2 2 2 2 2 2 2 2 2 2 2 2 2 2 2 2 2 2 2 2 2 2 2 2 2 2 2 2 2
left_child=7 31 5 30 6 -3 -5 9 -9 -1 12 15 19 14 16 18 -13 -15 26 22 24 -22 29 -24 -21 -19 -12 -16 -20 -6 -4 -2 -33
right_child=1 2 3 4 10 -7 -8 8 -10 -11 11 13 -14 17 27 -17 -18 25 28 20 21 -23 23 -25 -26 -27 -28 -29 -30 -31 -32 32 -34
leaf_value=-0.00026059644912564735 0.00011398540148876861 0.0046316737008742261 0.0001251305751876806 -0.00011494916708436131 -0.00074616096505571942 4.9043735873282629e-05 0.0001703333359974716 0.00014446331221467507 -0.00022324149634853982 0.0026344452986443619 0.0030622713808216816 8.5325644928830298e-05 -0.008788042605102301 -0.00014633147691376489 0.0013752945467473193 -0.013475220213514213 -0.00055676931959349255 6.7260178017804155e-05 3.421680075961637e-05 -0.00017243644311467461 -5.5694453353663343e-06 9.0477487321889366e-05 -0.0001355706996727864 7.5208705788721238e-05 -5.7978940286966049e-06 0.003970685635890845 -0.00011912055645068555 -0.00056974211542604712 0.00013730781558190006 0.00091016582993539645 -0.0040407256756760761 -0.0014950713048079984 9.5325552622885223e-05
leaf_weight=15.999999999999998 7.9999999999999991 17 9.9999999999999982 13.999999999999998 8.0000000000000018 23 46 13.999999999999998 22 19 25 112 20 33 9.9999999999999982 9.9999999999999982 44 19 132 89 473 436 185 36 433 25 7.9999999999999991 65 91 12.999999999999998 40 23 8.9999999999999982
leaf_count=16 8 17 10 14 8 23 46 14 22 19 25 112 20 33 10 10 44 19 132 89 473 436 185 36 433 25 8 65 91 13 40 23 9
internal_value=0.000524104 0.000355793 0.000510844 0.00034247 0.000530571 0.00834616 0.00761411 0.00528144 0 0.0102066 0.000306052 0.00188035 -0.000196768 -0.000395384 -0.00244906 0.00469815 1.78025e-05 0.00488831 0.00557458 0 0.0004844 0.00168469 -0.00295196 -0.00416576 -0.00149389 0.0101733 0.0140525 -0.00807517 0.00386341 0.0062304 -0.00678916 -0.00696599 -0.0102215
internal_weight=2528 2457 2417 2377 2327 40 60 71 36 35 2267 574 1693 308 231 266 156 77 256 1673 1431 909 242 221 522 44 33 75 223 21 50 40 32
internal_count=2528 2457 2417 2377 2327 40 60 71 36 35 2267 574 1693 308 231 266 156 77 256 1673 1431 909 242 221 522 44 33 75 223 21 50 40 32
is_linear=0
shrinkage=0.060181


Tree=254
num_leaves=34
num_cat=0
split_feature=0 5 6 8 11 5 3 3 6 3 7 3 9 9 9 9 8 3 3 5 5 6 5 7 5 18 8 8 7 11 3 8 3
split_gain=0.712537 0.582458 1.33767 1.91608 1.42254 1.55163 1.34419 1.19415 0.966556 1.39337 0.979416 1.36673 0.889123 0.709925 0.677379 0.642469 1.47757 0.827417 0.615473 1.09077 0.569687 0.566976 0.605459 0.573177 0.736485 0.556829 0.547786 0.951258 0.463197 0.505912 0.441832 0.851669 0.750467
threshold=4.2558556772982268 0.13433364843686682 -0.51048446771403111 -0.41395818124093192 1.0133369528996188 1.6230594747439171 -0.27622202062204632 0.98807625433370361 -0.72860145488487082 -1.0776072821969553 0.31952771382660999 -0.4771418746610171 0.12770044122680357 -0.378867833587618 -0.1735022416300139 -0.24483395035923891 1.0368690029747964 0.28612606986442229 0.95236573478685627 0.57523415110270248 0.044701918371751206 -0.63512274609736818 1.3663692979144637 0.21188662598885225 1.1768908611797355 1.0000000180025095e-35 -0.81175185354921742 0.9229456065836813 0.69883440430251642 0.21492155102016219 -1.0084583183143951 -0.82828640612161053 -0.54423830267792705
decision_type=2 2 2 2 2 2 2 2 2 2 2 2 2 2 2 2 2 2 2 2 2 2 2 2 2 2 2 2 2 2 2 2 2
left_child=1 20 6 12 5 7 8 -5 9 -3 11 -11 -4 -13 26 16 17 -8 19 -6 30 22 -10 -23 -25 28 -12 -28 29 -22 31 -1 -32
right_child=-2 2 3 4 18 -7 15 -9 21 10 14 13 -14 -15 -16 -17 -18 -19 -20 -21 25 23 -24 24 -26 -27 27 -29 -30 -31 32 -33 -34
leaf_value=-0.0003917186615955167 0.00034137877215474486 -5.5939557796175339e-05 0.00037995586046437224 0.002336538017213364 -0.0046392389060510002 -0.0017144476343252711 -6.1949608590199651e-05 -5.6715315291496926e-05 -0.00056483187931630294 0.00088354730379675071 -0.0051062811228466433 -0.0051203424447928388 -3.7547097726786094e-06 0.00011559991636213815 -0.00015269349977529276 -8.2232454272357925e-05 0.0034687262528457479 -0.0024975338745885311 0.00017006385415305907 -0.00013086752116622102 -0.009939179440208324 -0.012885061468355453 0.00034941406891038449 0.0051485902252114977 -7.4401760869065637e-05 -1.1594279530323295e-06 0.0063060752697231904 -0.0057037057358754854 0.00015451100565357456 -2.4482560861869497e-05 -0.0001037019379157656 0.00027449680740653019 6.23602425736142e-06
leaf_weight=36 12.999999999999998 102 82 49 18 40 17 15.999999999999998 20.000000000000004 36 14.999999999999998 8.0000000000000018 20 14.999999999999998 60 68 9.9999999999999982 22 17 32 23 7.9999999999999991 8.9999999999999982 14.000000000000002 12.999999999999998 44 24 7.9999999999999991 8.9999999999999982 12.999999999999998 320 155 1192
leaf_count=36 13 102 82 49 18 40 17 16 20 36 15 8 20 15 60 68 10 22 17 32 23 8 9 14 13 44 24 8 9 13 320 155 1192
internal_value=0.000357701 0.000252021 0.00170182 0.00499634 0.000701597 0.00529041 -0.000205727 0.0110067 0.00162236 0.0033341 0.00675856 0.0130228 0.0114244 0 0.00247419 -0.00576201 -0.0109223 -0.0163111 -0.00558066 -0.00903454 -0.000303224 -0.00449301 -0.0102391 0 0.00500892 -0.00490473 0.00778627 0.0119118 -0.00934485 -0.0122282 -1.92967e-05 0.00264321 -0.000398951
internal_weight=2528 2515 723 274 172 105 449 65 332 268 166 59 102 23 107 117 49 39 67 50 1792 64 29 35 27 89 47 32 45 36 1703 191 1512
internal_count=2528 2515 723 274 172 105 449 65 332 268 166 59 102 23 107 117 49 39 67 50 1792 64 29 35 27 89 47 32 45 36 1703 191 1512
is_linear=0
shrinkage=0.060181


Tree=255
num_leaves=34
num_cat=0
split_feature=0 10 10 5 8 8 5 8 7 3 11 8 5 11 10 16 3 14 14 5 3 8 8 1 8 8 5 1 7 7 8 13 7
split_gain=0.730148 0.531512 0.7036 1.03811 1.33673 0.87103 0.666447 0.639886 0.735653 0.896708 0.549717 0.83813 0.816063 0.546184 0.687372 0.510165 0.467275 0.465363 0.458236 0.761817 1.81467 1.02 0.989495 1.44247 0.944125 0.747294 0.65528 0.63323 0.988042 0.82201 0.540803 0.447549 1.75764
threshold=4.2558556772982268 0.38269188514461988 0.21900964919491597 -0.55500941399647818 -0.88997497836288608 -0.68162243918664356 -0.86355336867926547 -0.82089911764323775 -0.43054272364601615 -0.52943817641170654 -1.1823054022688861 -1.00775750926299 -0.53656517059590836 0.21492155102016219 -0.38390682039496643 4.255553654173398 0.4275359902762953 -0.738224098466287 1.7092913388094815 -0.7183463406599836 -0.92019391069077316 -0.47534262774273711 0.15968502983546276 1.0000000180025095e-35 -0.47534262774273711 0.43454630099422958 -0.5752718238428508 1.0000000180025095e-35 0.61340496951064438 -0.47582032408570912 0.14606899711712587 1.15413037834674 -0.77994911194476824
decision_type=2 2 2 2 2 2 2 2 2 2 2 2 2 2 2 2 2 2 2 2 2 2 2 2 2 2 2 2 2 2 2 2 2
left_child=1 2 7 4 -4 -5 -6 8 13 -10 16 12 -12 17 -15 18 -11 -1 19 20 -9 27 23 -23 -22 -24 -20 29 -29 -21 -26 -3 -33
right_child=-2 31 3 5 6 -7 -8 15 9 10 11 -13 -14 14 -16 -17 -18 -19 26 21 24 22 25 -25 30 -27 -28 28 -30 -31 -32 32 -34
leaf_value=-0.00023060115724529731 0.00032083426016944316 4.81897885562164e-05 -0.00059575978108461546 0.0019106263581705482 -2.6474774157952093e-05 -0.002143012605647233 0.0045937736761479863 0.00070370651487453191 0.0001883111481565645 -8.4620254005055019e-06 4.8172485832009157e-05 6.6980581433593382e-05 -0.00028550032024061056 -0.0014623055782735583 0.00052953923274814789 0.00031057293926312188 0.0062175614711117719 0.0016363481672873859 0.00035954876191562061 -0.0054819665688568935 5.3309194867889763e-05 -0.0002367014055716472 -0.00017029359147149948 9.3194847725650964e-05 -0.0020156711074069199 8.3374173005644742e-08 -0.00066939271038941872 -5.8286504242792571e-05 -0.00064626893098931014 0.00075282433219769733 -0.00016202906516122971 -0.0020790788732791997 5.5927167991821431e-05
leaf_weight=7.9999999999999991 12.999999999999998 786 12.999999999999998 19 18.999999999999996 50 21.000000000000004 36 130 13.000000000000002 14.999999999999998 38 38 15.999999999999998 15.999999999999998 20 13.999999999999998 26 24 13.999999999999998 30 83 84 232 43 350 17 114 38 52 79 24 53
leaf_count=8 13 786 13 19 19 50 21 36 130 13 15 38 38 16 16 20 14 26 24 14 30 83 84 232 43 350 17 114 38 52 79 24 53
internal_value=0.000238841 0.000132548 -0.000474264 -0.00481394 0.000581792 -0.00957139 0.00696599 -8.03358e-05 0.00228276 0.000489671 -0.00299272 -0.00543718 -0.0101505 0.00782238 7.98039e-05 -0.0007425 0.00304249 0.0128786 -0.000955549 -0.00122311 -0.00472618 -0.000467955 0.000523539 0.0031256 -0.0077534 -0.00124421 0.00478598 -0.00408637 -0.00620637 4.08216e-05 -0.0100844 0.00135745 -0.00264843
internal_weight=2528 2515 1652 122 53 69 40 1530 314 248 118 91 53 66 32 1216 27 34 1196 1155 188 967 749 315 152 434 41 218 152 66 122 863 77
internal_count=2528 2515 1652 122 53 69 40 1530 314 248 118 91 53 66 32 1216 27 34 1196 1155 188 967 749 315 152 434 41 218 152 66 122 863 77
is_linear=0
shrinkage=0.060181


Tree=256
num_leaves=34
num_cat=0
split_feature=0 3 8 2 3 6 7 6 7 8 5 5 3 8 3 8 7 9 2 6 9 3 6 5 11 6 7 12 19 8 2 3 3
split_gain=0.698521 0.541921 0.691939 0.639233 0.781652 1.30982 0.699522 0.924608 0.908617 1.08357 1.18697 0.950157 0.865074 0.69277 0.69159 0.671018 0.680169 0.619114 1.02798 0.870091 0.594328 0.587955 0.587401 0.584969 0.522215 0.52213 0.517123 0.600788 0.818827 0.515263 0.645821 0.822802 1.14224
threshold=4.2558556772982268 2.0350655922237246 0.2667674971529358 -0.47658924511439515 0.13065535883886734 -0.69744188528903661 -0.43054272364601615 -0.23004834135152297 -0.77226046281349958 0.083800863070913625 0.14143665816916359 -0.4780849982210687 -0.71819098996271269 -1.0260727101997211 1.0178126686698843 -0.023252272949425848 -0.91236473587216793 -1.4222159022248613 0.43014663213905457 -0.074250493372351789 -0.32538660933141578 -0.17261460435138784 0.54894089854433314 -0.48328937278885292 -0.18428614991956593 0.67357917692767011 -0.28360409580399842 1.888622504501128 1.0000000180025095e-35 -1.3000341451501705 0.16666499774008839 0.97096735872971396 0.10728143248212955
decision_type=2 2 2 2 2 2 2 2 2 2 2 2 2 2 2 2 2 2 2 2 2 2 2 2 2 2 2 2 2 2 2 2 2
left_child=1 3 -3 4 26 -6 7 12 13 10 11 20 -5 -9 -13 16 21 18 22 -20 -10 -15 -8 -17 -11 -7 -1 28 -28 -19 31 32 -31
right_child=-2 2 -4 6 5 25 17 8 9 24 -12 14 -14 15 -16 23 -18 29 19 -21 -22 -23 -24 -25 -26 -27 27 -29 -30 30 -32 -33 -34
leaf_value=-0.00011920864579470076 0.00030152613722520184 0.00014339414011094927 -0.0020159027491379617 0.00020324327094035528 -0.00051642340324826856 0.0007248492802316009 -0.00095352237162010572 -7.0435966011037275e-05 0.0014594462314909474 -0.00049563612264199696 0.0024459457394411647 -1.207053228333703e-05 -0.00033238403100944807 3.537138172505861e-05 -0.027813086735434801 4.7308472086494254e-05 -2.6810183925453243e-05 0.00017569047423956824 0.00012990284163348514 -0.0024290017276348166 -0.00016504523269621338 0.00019793833017795135 0.00016728840632642121 -0.00069624269756165071 0.0013229813880091797 0.00037437823786238921 5.0122012158300631e-05 -0.00011649216941664796 0.0014063800548102621 -2.5606220765476973e-05 -8.2990228373183838e-05 -0.0011034071392066319 0.00016249835291487418
leaf_weight=102 12.999999999999998 76 26 46 10.999999999999998 40 47 33 23 11.999999999999998 18 25 84 26 17 56 39 35 17.000000000000004 11.999999999999998 21 58 8.9999999999999982 58 58 9.9999999999999982 607 66 18 252 425 25 163
leaf_count=102 13 76 26 46 11 40 47 33 23 12 18 25 84 26 17 56 39 35 17 12 21 58 9 58 58 10 607 66 18 252 425 25 163
internal_value=0.000452788 0.0003476 0.00458589 0.000138143 0.00147695 0.00796202 -0.000560261 0.00104683 0.00242647 0.00577643 0.00114497 -0.00137497 -0.00317436 1.03849e-05 -0.00798013 0.00138749 0.00453824 -0.00155518 -0.00648458 0.00101005 0.00385227 0.00758905 -0.0111541 -0.00155934 0.0114854 0.0124026 0.000872356 0.0015203 0.00215861 -0.00100216 -0.00135432 0.000142069 0.000941266
internal_weight=2528 2515 102 2413 854 61 1559 574 444 174 104 86 130 270 42 237 123 985 85 29 44 84 56 114 70 50 793 691 625 900 865 440 415
internal_count=2528 2515 102 2413 854 61 1559 574 444 174 104 86 130 270 42 237 123 985 85 29 44 84 56 114 70 50 793 691 625 900 865 440 415
is_linear=0
shrinkage=0.060181


Tree=257
num_leaves=34
num_cat=0
split_feature=8 6 10 2 0 15 9 9 5 4 8 2 19 5 6 10 6 4 4 4 8 8 8 2 10 8 9 11 2 9 9 11 9
split_gain=0.428363 0.651926 0.708502 0.563759 0.443144 1.20645 1.45348 2.15517 1.13933 0.931229 0.884795 0.854246 0.754565 0.942938 1.16775 1.57448 0.984972 0.684431 0.748115 0.671029 0.565276 0.847077 0.885171 1.18675 0.662105 0.628475 1.60936 1.03709 0.81001 0.687025 0.720718 0.885065 0.684416
threshold=-1.3701753745752276 0.61126003773600168 -0.95668899120534601 2.7450866599101871 1.0000000180025095e-35 1.0000000180025095e-35 0.779884982823846 1.2032554303344021 -0.97059567761952081 -1.0262269360847254 0.19951165730379497 -1.6064999507836686 1.0000000180025095e-35 -0.18086622953861686 -0.51048446771403111 -0.57740152250826948 -0.63512274609736818 1.2814864319523216 -0.90212244308780176 -0.98384955891393078 0.75869737685808669 0.56758892544354522 0.18692742101554077 -0.94098171233618022 1.2557771006352942 0.94956349625043712 0.28154239701137906 1.2129408033694828 0.075560154476728661 0.037468414700830212 -0.99949782536233134 -0.18428614991956593 -1.3262915975734153
decision_type=2 2 2 2 2 2 2 2 2 2 2 2 2 2 2 2 2 2 2 2 2 2 2 2 2 2 2 2 2 2 2 2 2
left_child=1 2 -1 4 5 6 9 -8 10 -2 -7 -10 13 16 -15 -16 -13 18 -9 -18 21 22 -6 -24 -23 26 28 29 -22 30 32 -32 -27
right_child=3 -3 -4 -5 20 8 7 17 11 -11 -12 12 -14 14 15 -17 19 -19 -20 -21 25 24 23 -25 -26 27 -28 -29 -30 -31 31 -33 -34
leaf_value=-0.001961301732725703 0.0056212818947226203 -0.00077481796402220486 0.00029397290816192905 -0.00017137257963796592 4.563779978792325e-05 -0.0016444966032862348 0.0010568944620820342 0.014191960966081765 0.0001640840727734385 -1.6579909343917757e-05 -4.4081019872867709e-05 0.00076532883517763225 0.00028062729005950358 -0.00068921919654157536 0.00059417599213133169 -0.00028800670058642838 -0.00013556621156981285 0.0002595964680882606 -0.00048611288326020382 -2.2926337375715567e-05 -0.00020373597028593705 0.0040414835154609372 0.0029188972649490342 -0.00054754176112241566 -0.00025434867119996453 4.0337238821733159e-05 0.0038660072978576932 0.0030105465368235177 -0.0061672072571709088 -0.00016594393861641186 0.0019630012881574383 -1.8194571672320463e-05 -0.00091011700400246102
leaf_weight=13.999999999999998 10.999999999999998 13.999999999999998 42 13.999999999999998 784 25 60 7.9999999999999991 46 358 26 46 46 97 24 130 66 11.999999999999998 61 246 8.0000000000000018 38 14.999999999999998 69 7.9999999999999991 22 12.999999999999998 38 18 102 25 31 10.999999999999998
leaf_count=14 11 14 42 14 784 25 60 8 46 358 26 46 46 97 24 130 66 12 61 246 8 38 15 69 8 22 13 38 18 102 25 31 11
internal_value=0.000381472 0.00494438 0.00812509 0.000221185 0.000320801 -0.000430206 0.00176314 0.00688658 -0.00199491 -8.83829e-05 -0.0105223 -0.00124249 -0.00187753 -0.00250971 -0.0053295 -0.00154542 -0.000340713 0 -0.00211136 -0.00172517 0.00116987 0.00190506 0.00138418 -0.00415422 0.00976308 -0.00111834 -0.00783578 0 -0.0163588 -0.00171547 0.00165537 0.00610574 -0.00418788
internal_weight=2528 70 56 2458 2444 1262 510 141 752 369 51 701 655 609 251 154 358 81 69 312 1182 914 868 84 46 268 39 229 26 191 89 56 33
internal_count=2528 70 56 2458 2444 1262 510 141 752 369 51 701 655 609 251 154 358 81 69 312 1182 914 868 84 46 268 39 229 26 191 89 56 33
is_linear=0
shrinkage=0.060181


Tree=258
num_leaves=34
num_cat=0
split_feature=5 3 2 4 13 7 10 5 5 10 12 4 13 5 10 2 12 2 3 3 4 5 5 5 4 5 4 10 5 11 4 2 18
split_gain=0.832623 0.666817 0.832301 0.682785 0.478176 1.05151 1.02982 0.626517 0.607184 0.512619 0.694735 0.715573 0.575868 0.694074 0.499906 0.883707 0.670393 0.777211 1.07254 0.724426 1.04353 0.901403 0.570939 1.0879 0.47976 0.476581 0.443455 0.432483 0.42861 0.41846 0.430911 0.400099 0.32995
threshold=-1.1559697047462236 2.0350655922237246 2.7053358643605336 -0.22722272278019931 0.95806809640109025 -2.1459657742667839 1.5279807792773905 2.588003491115499 1.8459761298985913 -1.5203945659978026 -0.67414598255139557 -0.13258898762296323 3.4929029904135489 -0.086138626634831086 -0.91068553844788325 -0.0041739981441637989 0.86351510968011858 0.85882404110359878 0.15966714088420572 -0.84741864362548391 -0.71390802067129389 -0.83414154720425004 0.40137261077567693 -0.39957946685193968 -0.53985902764077009 -0.77519835093330147 0.36748307978074674 0.15370339768198807 0.81979529720529409 -0.38389000038943 2.1737462307143862 1.1953943073637721 1.0000000180025095e-35
decision_type=2 2 2 2 2 2 2 2 2 2 2 2 2 2 2 2 2 2 2 2 2 2 2 2 2 2 2 2 2 2 2 2 2
left_child=31 2 4 -3 7 -6 9 8 14 -7 11 24 13 -12 15 25 19 18 -18 21 -21 -16 23 -17 -11 -2 -10 -28 -24 30 -9 -1 -27
right_child=1 3 -4 -5 5 6 -8 29 26 10 12 -13 -14 -15 16 22 17 -19 -20 20 -22 -23 28 -25 -26 32 27 -29 -30 -31 -32 -33 -34
leaf_value=0.00033323573591374225 -0.00038264601332434954 0.00022378530773735594 -0.0023916078922505651 -0.00033253895915322511 -0.0021767798852042322 0.0038805563811629162 -0.00089700973066422242 -0.00032654315093638421 -8.1295667562493036e-05 -0.00088778626324898088 0.00072824251339558455 -0.00033917814162930847 -1.3451626474533501e-05 1.9074705174851822e-06 0.0029678662153117888 -8.0147715597150997e-06 -0.00013513468128428883 -0.00029166013814043074 0.00015987366401037342 -5.676627339453997e-05 5.2937325481389072e-05 -0.00011083681761660928 0.0018493286334335757 -0.0013883558853194982 0.0010167488423233465 0.0011526556794445844 0.0051755823333700206 -0.00044086611595789784 -0.00065950853091876875 0.00065703280364811051 0.00048422340818068244 -2.2270237369829374e-05 -4.5082093484139076e-05
leaf_weight=31 12.999999999999998 76 10.999999999999998 24 11.999999999999998 9.9999999999999982 10.999999999999998 38 31 22.999999999999996 65 14.999999999999998 31 31 15.999999999999998 67 269 14.999999999999998 59 272 795 216 19 78 14.000000000000002 107 32 15.999999999999998 26 9.9999999999999982 8.9999999999999982 8.9999999999999982 77
leaf_count=31 13 76 11 24 12 10 11 38 31 23 65 15 31 31 16 67 269 15 59 272 795 216 19 78 14 107 32 16 26 10 9 9 77
internal_value=9.62099e-05 -2.52939e-05 -0.000252822 0.00467442 -0.000140232 0.00252532 0.00385647 -0.000431451 -0.000229347 0.00517033 0.00380562 -0.00113341 0.00624241 0.00848735 -0.000460319 -0.00239538 0 -0.00235221 -0.00146044 0.000625888 0.00132364 -0.00231095 -0.00529905 -0.00710618 0.00229318 0.000164163 0.00476995 0.00821849 0 -0.0065015 -0.00897552 0.00834616 0.00129829
internal_weight=2528 2488 2388 100 2377 212 200 2165 2108 189 179 52 127 96 2029 387 1642 343 328 1299 1067 232 190 145 37 197 79 48 45 57 47 40 184
internal_count=2528 2488 2388 100 2377 212 200 2165 2108 189 179 52 127 96 2029 387 1642 343 328 1299 1067 232 190 145 37 197 79 48 45 57 47 40 184
is_linear=0
shrinkage=0.060181


Tree=259
num_leaves=34
num_cat=0
split_feature=5 3 6 0 4 6 7 6 5 9 4 4 5 4 1 1 6 6 3 5 7 18 5 3 5 5 17 6 6 13 3 4 9
split_gain=0.836668 0.638017 0.579804 0.806301 1.08993 0.80582 0.605369 0.451843 0.894082 1.11189 0.814979 0.699699 0.581364 0.580603 0.577421 0.486396 0.87273 1.08106 0.947546 1.10098 0.870741 0.792237 0.741187 0.72316 0.719091 0.696113 0.733214 0.88116 1.49451 1.14422 0.73601 0.663089 0.553166
threshold=-1.1559697047462236 1.9258702419511413 1.390249277631858 1.0000000180025095e-35 -0.91933068251382466 1.2967705688443552 -0.44164855016896026 0.61126003773600168 0.0074507563399396513 0.24239032474447195 -0.056987793364426942 -0.9145430981896886 -0.7048546850540055 -1.1325320055568409 1.0000000180025095e-35 1.0000000180025095e-35 1.0000000180025095e-35 0.050387785010985106 -0.29705083676277078 -1.0131239498073736 0.029067635534248504 1.0000000180025095e-35 0.88807983877039176 -0.8056538175904574 -0.55500941399647818 1.0904228718946121 1.0000000180025095e-35 -0.88439930286404211 -1.0713567204390475 0.38251053974442206 -0.50081561275691477 2.0977339931117283 -0.10251555320101029
decision_type=2 2 2 2 2 2 2 2 2 2 2 2 2 2 2 2 2 2 2 2 2 2 2 2 2 2 2 2 2 2 2 2 2
left_child=-1 2 5 6 -5 7 -4 15 9 10 11 13 -11 -9 -13 25 18 20 23 -20 -18 -21 24 -17 -19 26 27 28 -2 -29 -28 -25 -32
right_child=1 -3 3 4 -6 -7 -8 8 -10 12 -12 14 -14 -15 -16 16 17 22 19 21 -22 -23 -24 31 -26 -27 30 29 -30 -31 32 -33 -34
leaf_value=0.00016635205199852751 4.9116359282064164e-05 7.0543053228718463e-05 -9.9217982404111832e-05 -0.00094722808059248954 0.00068484409093655656 0.0022842724031925973 -0.00071148259617727805 -0.00053296217466171282 0.0018224953631387857 0.0013912965948421165 0.00010345055825059031 -0.00038791746006097065 -6.9302572332830497e-05 0.002737028345102221 -0.0009423453094364446 -2.7471678407113104e-05 0.0062690401325481487 -2.1283071345422028e-05 0.00051129910065789033 -1.3047138716391835e-05 5.8474206143836189e-05 -0.00019318524011362927 -0.0010048894849491402 6.9024424593825778e-05 0.00011964275333397287 0.00026690082803466762 -0.0012988386824623018 0.00022053437705643139 -0.0091789363303723635 -0.00027680458253363349 8.9743434898576649e-05 -0.00049992993085355047 -0.00040716884634262458
leaf_weight=40 45 138 28 14.999999999999998 36 23 19 9.0000000000000018 15.999999999999998 29 26 74 60 12.999999999999998 71 316 23 96 9.9999999999999982 190 22 168 18 251 213 96 66 189 37 40 48 32 71
leaf_count=40 45 138 28 15 36 23 19 9 16 29 26 74 60 13 71 316 23 96 10 190 22 168 18 251 213 96 66 189 37 40 48 32 71
internal_value=7.2438e-05 -4.94474e-05 -0.000308044 -0.00476643 0 -8.13016e-05 -0.0101648 -0.000230395 -0.00240386 -0.00338138 -0.00598345 -0.00760083 0.00165537 0.000110972 -0.00913106 7.92378e-05 0.000741714 0.00321205 -0.000157936 -0.00259883 0.0118212 -0.00333641 0.00173791 0.00125307 0.00260804 -0.00131832 -0.00229438 -0.000295968 -0.00565731 0.00143521 -0.00527999 0.00347457 -0.00174117
internal_weight=2528 2488 2350 98 51 2252 47 2229 298 282 193 167 89 22 145 1931 1339 372 967 368 45 358 327 599 309 592 496 311 82 229 185 283 119
internal_count=2528 2488 2350 98 51 2252 47 2229 298 282 193 167 89 22 145 1931 1339 372 967 368 45 358 327 599 309 592 496 311 82 229 185 283 119
is_linear=0
shrinkage=0.060181


Tree=260
num_leaves=34
num_cat=0
split_feature=8 4 8 9 10 2 5 8 2 8 12 3 9 9 8 3 8 8 4 2 2 8 5 4 2 3 11 4 18 2 10 3 10
split_gain=0.641465 1.21939 1.49674 0.807148 0.74681 0.739797 0.765713 0.726621 0.816743 0.706059 0.989263 0.583085 0.703517 2.17272 1.99993 1.17142 1.99534 0.829659 0.802012 0.941961 0.925761 0.814806 0.724558 0.790644 0.79413 0.625574 1.02847 0.78041 0.619962 0.940236 0.58143 0.647334 0.557282
threshold=1.2480807994635363 -0.65727185243707753 2.3316729226004491 1.2032554303344021 -1.2731901806782557 0.0082327034545126004 -0.11083473179929819 1.6668750589913373 0.57846614960606291 0.97521255138906926 1.3760688070906235 1.9258702419511413 -0.26461032216946762 -0.36051699281500099 -0.6739842845572489 0.26419906212908378 -0.40701864861495524 -0.72043850562768286 -0.69163207376907543 -0.1247480331865891 0.92327731003672542 -0.21650749852524739 -0.10222724496435799 -0.020443758516088296 0.44311915158069487 -0.084756470543827442 0.21492155102016219 0.67095564731523882 1.0000000180025095e-35 0.68796381955343022 0.44503292440639308 -0.12438231319535933 -0.8632384201660559
decision_type=2 2 2 2 2 2 2 2 2 2 2 2 2 2 2 2 2 2 2 2 2 2 2 2 2 2 2 2 2 2 2 2 2
left_child=9 2 -2 4 -3 -5 -7 30 -9 11 32 12 13 15 -15 18 17 28 19 21 25 -1 23 24 -18 26 -20 -27 -17 -30 31 -6 -11
right_child=1 3 -4 5 7 6 -8 8 -10 10 -12 -13 -14 14 -16 16 22 -19 20 -21 -22 -23 -24 -25 -26 27 -28 -29 29 -31 -32 -33 -34
leaf_value=0.00069376665933854086 -0.00022284339990598771 -0.0017770824124105611 0.0011523573524823243 1.864500968728808e-05 -0.00032783068239040615 -0.003237964031904694 -2.49444468149141e-06 5.5900148339523868e-05 0.00059965541269866966 -3.9802245731826444e-05 -0.00026266720602294264 6.7494159070602964e-05 2.4852520771136689e-05 -0.0029000032610075402 -8.9337755235947052e-05 1.4821282012170777e-05 -8.8151175072183899e-05 0.0021698071000768476 -1.1984418302476147e-05 -0.00024060242805916767 0.00080446709050653348 -0.00016019075728866192 -0.0042358881083025598 0.0033547462368922489 -0.00087715642769264717 0.00015471473200886571 -0.00033132470037778807 -0.00079014638635793201 -0.00017196080756337053 0.00015854860486919569 -0.00025073520379726208 0.00094579296314474906 0.0002473543434448801
leaf_weight=85 92 12.999999999999998 18 31 32 17.000000000000004 11.999999999999998 50 31 21 18 119 1111 28 39 75 20 41 208 48 30 22 31 20 28 27 76 11.999999999999998 26 10.999999999999998 25 30 81
leaf_count=85 92 13 18 31 32 17 12 50 31 21 18 119 1111 28 39 75 20 41 208 48 30 22 31 20 28 27 76 12 26 11 25 30 81
internal_value=4.86661e-05 -0.00229914 -0.00744141 0 0.00213439 -0.00572175 -0.0120849 0.00352352 0.00750249 0.000456675 0.00489184 0.000162009 -6.34544e-05 -0.00141628 -0.0115473 -0.00039778 -0.00377825 0.000210287 0.00118187 0.00476093 -0.00026111 0.0079153 -0.0102921 -0.00508249 -0.00938469 -0.00139067 -0.00252087 0.00501066 -0.00210689 -0.00822174 0 0.00279531 0.00743526
internal_weight=2528 351 110 241 181 60 29 168 81 2177 120 2057 1938 827 67 760 252 153 508 155 353 107 99 68 48 323 284 39 112 37 87 62 102
internal_count=2528 351 110 241 181 60 29 168 81 2177 120 2057 1938 827 67 760 252 153 508 155 353 107 99 68 48 323 284 39 112 37 87 62 102
is_linear=0
shrinkage=0.060181


Tree=261
num_leaves=34
num_cat=0
split_feature=9 9 5 4 4 5 5 4 5 9 1 5 6 0 5 9 3 2 2 5 5 4 5 13 6 10 9 6 3 6 4 10 6
split_gain=0.660295 0.530852 0.687846 1.04049 2.22128 0.566757 0.860546 0.832366 0.766535 1.30517 0.933362 0.926393 1.22756 0.945477 0.781041 0.684712 0.619562 0.75879 0.820895 0.624806 0.534464 0.625573 0.583301 0.579544 0.746708 0.509319 0.996145 0.592244 1.02066 0.946679 0.826365 0.925371 0.620317
threshold=-2.1725784022950703 -0.99949782536233134 0.78648853774055827 -0.73896672974364552 -0.88164098179135575 0.10665614093846952 0.077879413454572013 -0.57808166297988517 0.49459692688332907 0.35790528436908148 1.0000000180025095e-35 1.1484784438646101 0.081547354606819361 1.01557764731833 1.7909860845343473 0.80332977614271217 -1.459711654696098 1.2919824104524669 -0.86669504832729916 0.15114031494392058 -1.1559697047462236 -1.001944713487535 -1.1165780736810362 1.473971236041012 -0.44816532852236268 0.53423381601041475 -1.3379350199102014 -0.75976102448070504 -0.5907404200760763 0.6424196073318359 -0.66605189240396123 -0.89582168190269729 1.0474940120776812
decision_type=2 2 2 2 2 2 2 2 2 2 2 2 2 2 2 2 2 2 2 2 2 2 2 2 2 2 2 2 2 2 2 2 2
left_child=-1 2 3 4 -2 6 20 -8 10 -10 15 12 -11 14 -13 -7 -12 18 -18 -20 -3 23 -23 24 -22 27 -27 28 -5 30 -29 -32 -31
right_child=1 5 -4 25 -6 8 7 -9 9 11 16 13 -14 -15 -16 -17 17 -19 19 -21 21 22 -24 -25 -26 26 -28 29 -30 32 31 -33 -34
leaf_value=0.00027497830103379468 6.6319031254982555e-06 0.0001489528898189781 -0.00014315199078516872 0.00026336821899377753 -0.0021636009351525074 -0.00038416067192295389 0.00020958505023675912 -0.0016373244954333492 0.0001162136668339567 -0.0022977528893096629 -0.0021979001123938317 0.00027980818188948746 0.0075746550585006414 0.022533419258010733 -0.00079242686306757665 0.00017080032071402411 3.5010685874929861e-05 -0.00015870055171272521 0.00016053518445447416 0.0012123762356858686 8.4046669553759727e-05 -0.0006932579450665404 9.349690123186738e-06 9.5241894647346377e-05 -0.0001909682003070926 -0.00032079065776266096 0.00032780836911394846 -0.0041966960327553537 -0.0013391604160261155 -0.011410374299796569 0.00010163263762611051 0.00057242628183655898 0.00014789667053987401
leaf_weight=20 43 35 51 34 28 69 8.0000000000000018 18 266 45 8.9999999999999982 34 7.9999999999999991 7.9999999999999991 49 21 30 15.999999999999998 18 66 28 13.999999999999998 1302 12.999999999999998 110 45 23 8.9999999999999982 13.999999999999998 12.000000000000002 18 50 13.999999999999998
leaf_count=20 43 35 51 34 28 69 8 18 266 45 9 34 8 8 49 21 30 16 18 66 28 14 1302 13 110 45 23 9 14 12 18 50 14
internal_value=0.000262613 0.000144898 -0.00201658 -0.000624597 -0.00689479 0.00051423 -8.04407e-05 -0.0102603 0.00201793 0.000297877 0.00479867 -0.00409644 -0.0101505 0 -0.00246495 0 0.00782719 0.00903012 0.0107704 0.0137717 8.18298e-05 -6.3316e-05 0.000321391 -0.00371633 -0.00512 0.00122934 -0.00256108 0.00332708 -0.00122126 0.00595419 0.00936805 0.0118062 -0.00212883
internal_weight=2528 2508 341 290 71 2167 1528 26 639 410 229 144 53 91 83 90 139 130 114 84 1502 1467 1316 151 138 219 68 151 48 103 77 68 26
internal_count=2528 2508 341 290 71 2167 1528 26 639 410 229 144 53 91 83 90 139 130 114 84 1502 1467 1316 151 138 219 68 151 48 103 77 68 26
is_linear=0
shrinkage=0.060181


Tree=262
num_leaves=34
num_cat=0
split_feature=5 4 5 4 8 0 4 5 3 4 5 5 9 8 4 4 4 9 8 9 5 5 6 5 8 4 9 8 11 3 14 13 8
split_gain=0.546236 0.535922 0.938565 0.793628 0.77354 1.90461 0.816356 1.23571 0.693114 0.607123 0.884955 1.89575 0.766237 0.7273 0.652419 0.966151 0.893832 0.651289 0.810768 0.606914 0.941786 1.1392 0.766997 0.82697 0.58066 1.2604 1.84172 1.00165 0.638628 0.700773 0.578491 0.520342 0.680909
threshold=-1.1559697047462236 0.9879876948050127 -1.0186951952877981 0.57999657307469099 -0.90050231119618185 1.0000000180025095e-35 1.3400885349476244 -0.051895948237020796 -0.36439830042107896 0.15273301029069922 -0.35186782604709715 0.5492507118188209 -0.68671949933292209 0.74137515444582525 0.040431495148044158 0.015748997670216903 -0.086485937179991187 -0.44985347741191911 -0.2996336183103655 -0.4869254981046372 -0.81569262987253233 -0.58250266309298904 0.081547354606819361 2.504600442685343 1.2480807994635363 -0.65727185243707753 0.51541314845379038 2.3316729226004491 -1.3819092527387502 1.9258702419511413 -0.738224098466287 -0.022096206808119197 -0.51002192568107507
decision_type=2 2 2 2 2 2 2 2 2 2 2 2 2 2 2 2 2 2 2 2 2 2 2 2 2 2 2 2 2 2 2 2 2
left_child=-1 3 -3 9 5 8 7 -6 -4 14 12 30 -11 -14 15 16 24 -16 -19 -8 -21 -22 23 -23 28 27 -27 -26 -2 -30 -12 -5 -33
right_child=1 2 4 31 6 -7 19 -9 -10 10 11 -13 13 -15 17 -17 -18 18 -20 20 21 22 -24 -25 25 26 -28 -29 29 -31 -32 32 -34
leaf_value=0.00013140867830617814 0.0014088551984811474 0.003229908519749373 0.0001552583360803327 -0.00024429155876641573 0.0016511752581240633 0.00027788862471308731 -0.00064115189593236244 -5.9484911945429819e-06 -0.019359605820125012 0.00048494426257312054 2.5930398016880634e-05 -3.0067121086669224e-05 -0.0022201969697188042 6.229826011721102e-05 2.2050073216979558e-05 0.0016753920474901131 -0.00016258116327808056 2.3160929452197931e-05 -0.0013562309795046113 -0.018492065707620763 0.00050856160300512526 0.00021338416336789064 -0.0059633570222683008 -0.00026701425933727034 -0.0001445736465394752 0.00014611082616184995 -0.00044640643920162748 0.00089910301236002994 -4.3155693209010359e-06 0.00012836653375634735 0.0027189533846757024 -0.00013668793810605887 0.0011114969191419698
leaf_weight=40 25 9.9999999999999982 24 104 40 35 69 84 9.9999999999999982 20 10.999999999999998 43 19.000000000000004 9.9999999999999982 21 29 86 19 39 15.999999999999998 31 117 12.999999999999998 30 89 56 55 18 1184 119 37 11.000000000000002 13.999999999999998
leaf_count=40 25 10 24 104 40 35 69 84 10 20 11 43 19 10 21 29 86 19 39 16 31 117 13 30 89 56 55 18 1184 119 37 11 14
internal_value=0.000262613 0.000121908 0.00193875 -0.000285481 0.00134307 0.00708471 0.000156149 0.00426687 -0.00167594 1.50847e-06 0.00379147 0.00734558 -0.00177007 -0.00839328 -0.000277752 0 -0.000222503 -0.0054985 -0.0088382 -0.00151682 0 0.00140622 -0.000385212 0.000618262 7.95063e-05 -0.00272852 0.00133759 -0.00737119 0.00058966 0.000347618 0.0152157 -0.00478674 0.0011513
internal_weight=2528 2488 479 2009 469 69 400 124 34 1880 140 91 49 29 1740 1661 1632 79 58 276 207 191 160 147 1546 218 111 107 1328 1303 48 129 25
internal_count=2528 2488 479 2009 469 69 400 124 34 1880 140 91 49 29 1740 1661 1632 79 58 276 207 191 160 147 1546 218 111 107 1328 1303 48 129 25
is_linear=0
shrinkage=0.060181


Tree=263
num_leaves=34
num_cat=0
split_feature=8 8 7 4 8 12 14 4 0 8 8 7 8 8 8 8 7 4 10 7 1 12 5 10 5 8 2 12 2 8 8 7 7
split_gain=0.682716 0.839772 0.977939 0.761223 0.837179 1.15396 0.679474 0.679621 0.593337 1.12265 0.994179 0.874903 1.00864 1.04017 0.804979 0.72562 0.813168 0.680058 0.655176 0.9482 1.24204 0.911168 0.814695 0.954914 0.911332 0.793757 0.644026 1.07676 0.616999 0.60463 1.01464 0.601658 0.58674
threshold=1.2480807994635363 0.97521255138906926 0.22042956946803882 -0.65727185243707753 2.3316729226004491 2.9137298993221377 1.0000000180025095e-35 1.3580052483808269 1.0000000180025095e-35 0.75869737685808669 0.56758892544354522 0.30842188730366599 0.18692742101554077 0.057381397683256403 0.43454630099422958 -0.029090988105303899 0.011127454227954952 0.55216903089538383 -1.1093518959957518 0.29817035512864226 1.0000000180025095e-35 0.35096141226961375 0.0074507563399396513 0.63459147618977874 -0.044035690055023689 -0.87990137075766905 -0.089953317207020392 1.0000000180025095e-35 0.56382592264061604 0.25717508945541906 -0.2855796163794565 0.26570716990773052 -0.30325286580612903
decision_type=2 2 2 2 2 2 2 2 2 2 2 2 2 2 2 2 2 2 2 2 2 2 2 2 2 2 2 2 2 2 2 2 2
left_child=1 8 32 4 5 -2 -5 -8 18 10 11 12 13 15 -14 16 -10 -15 21 22 -21 29 24 26 31 -25 -24 28 -28 30 -1 -20 -3
right_child=3 2 -4 6 -6 -7 7 -9 9 -11 -12 -13 14 17 -16 -17 -18 -19 19 20 -22 -23 23 25 -26 -27 27 -29 -30 -31 -32 -33 -34
leaf_value=3.1262954343577153e-05 -0.00029329212463562654 8.6282042496109603e-05 0.001838000484807192 -2.8257652016125052e-05 0.00084499410424939596 2.8848475889389739e-05 0.00069119494850339237 -0.00090937858852703046 4.1939046495579467e-05 -0.00052467922260114846 0.0013336073116799183 0.00010880351000900642 -0.0011139507635295337 0.00097256702100806099 0.0001898720385148326 -0.0033580441959411493 -6.7551153244342404e-05 -0.0052061915386479975 -2.0685557267040604e-05 -4.5668208717039556e-06 -0.00024101833771789961 0.0018595563295696095 0.00030425627820327713 -8.2984872937711716e-05 -0.00069636807867514891 0.001749829900185663 -0.00035831627656326748 -0.0079976644300480161 0.0011953896987580636 6.2693281503631784e-05 -0.0034487621463028411 0.0015146136711379397 -0.0011262591746265035
leaf_weight=71 78 35 53 189 18 13.999999999999998 44 7.9999999999999991 396 46 47 282 39 32 20 27 110 7.9999999999999991 467 137 139 31 36 7.9999999999999991 20 35 21 15.999999999999998 13.999999999999998 21 25 8.9999999999999982 32
leaf_count=71 78 35 53 189 18 14 44 8 396 46 47 282 39 32 20 27 110 8 467 137 139 31 36 8 20 35 21 16 14 21 25 9 32
internal_value=0.000119982 0.00053947 0.00537872 -0.00229914 -0.00638192 -0.00884245 -0.000134633 0.00546265 0.00022042 0.00128313 0.00178104 0.00124921 0 0.000787713 -0.00725509 0 0.000596044 0.00972632 -0.000745246 -0.00139867 -0.00431489 0.00279747 -4.51292e-06 0.00407525 -0.00121026 0.0110372 0 -0.0039095 0.000853064 0 -0.00184113 -0.000507847 0
internal_weight=2528 2177 120 351 110 92 241 52 2057 1007 961 914 632 573 59 533 506 40 1050 902 276 148 626 130 496 43 87 51 35 117 96 476 67
internal_count=2528 2177 120 351 110 92 241 52 2057 1007 961 914 632 573 59 533 506 40 1050 902 276 148 626 130 496 43 87 51 35 117 96 476 67
is_linear=0
shrinkage=0.060181


Tree=264
num_leaves=34
num_cat=0
split_feature=4 9 4 9 6 2 8 8 9 3 5 5 9 9 5 5 5 8 5 2 8 6 9 17 5 3 2 6 6 6 8 6 8
split_gain=0.504927 0.783247 1.0646 0.982084 1.28558 0.680903 1.23275 0.553135 0.576124 1.02031 0.963528 0.477563 0.611306 0.947723 0.601983 0.504754 0.46401 0.665754 0.457701 0.488747 0.456245 0.420908 0.419546 1.08617 1.16626 1.12881 0.832979 0.593548 0.725628 0.547832 0.497656 0.736207 0.895899
threshold=0.9879876948050127 1.550888084460728 1.3240321065846747 1.8136193907650322 -0.75976102448070504 0.55508618525407305 -0.96707608923382848 -1.0513988793742695 -0.4869254981046372 0.81279351925998589 -0.69029202587466065 0.42814310094508806 0.80332977614271217 0.17661554183023856 -0.71241959964425283 -1.0186951952877981 -1.1559697047462236 -0.26895375281632439 0.38495777128076686 0.6342553928011484 -0.88997497836288608 0.39314305056516186 -1.4222159022248613 1.0000000180025095e-35 -0.72443888049799909 1.6920904454785799 0.38179623501307935 0.20618563299015633 -0.19888877175568878 -0.44816532852236268 -1.2196428611152819 0.42430262016099612 -1.4392481990361841
decision_type=2 2 2 2 2 2 2 2 2 2 2 2 2 2 2 2 2 2 2 2 2 2 2 2 2 2 2 2 2 2 2 2 2
left_child=16 2 5 -3 -5 6 -2 -4 10 11 -9 14 13 -13 15 -10 17 -1 19 -7 -12 -8 23 24 -18 29 27 28 -25 -26 31 32 -24
right_child=1 3 7 4 -6 18 21 8 9 -11 20 12 -14 -15 -16 -17 22 -19 -20 -21 -22 -23 30 26 25 -27 -28 -29 -30 -31 -32 -33 -34
leaf_value=0.00059684040277502152 -0.013973226615273851 -0.0014649739260915817 0.0013647230649699469 -0.0042683853889674203 0.00099215123559983167 0.0035349323203794857 0.003083485629732147 0.0013342812947210237 0.009747965963052975 -0.00040318788932536829 7.2138710857009479e-05 0.00020476226850916576 0.0019361166276479914 -0.0019295046864927358 0.00085377399579742819 -0.011716342666056567 0.0001622521182619716 -5.220839598100064e-05 0.00069353449414627933 -0.0078211147498584207 -0.001263153448677487 -4.3776641894029089e-05 -7.1179796802857057e-05 0.00020779902697200118 -5.0648339472063572e-05 0.0010323479237911392 0.0051603228198619823 0.0022883867040529313 -0.00013607686641945542 -0.0022416475400710372 -4.3032987807482369e-06 -0.00010577823820939975 0.00028802348371865968
leaf_weight=20 9.9999999999999982 15.999999999999998 24 13.999999999999995 18.000000000000004 8 69 9.9999999999999982 9.0000000000000018 26 9.9999999999999982 24 22 23 82 17 17 15.999999999999998 21 10 62 7.9999999999999991 19 13.999999999999998 26 7.9999999999999991 13.999999999999998 15.999999999999998 15.000000000000002 52 1754 21 53
leaf_count=20 10 16 24 14 18 8 69 10 9 26 10 24 22 23 82 17 17 16 21 10 62 8 19 14 26 8 14 16 15 52 1754 21 53
internal_value=0.000167526 0.00192281 0.00281929 -0.00471988 7.98039e-05 0.00745144 0.0103268 0.000682892 0 0.00161583 -0.00425128 0.00351455 0 -0.00421852 0.00595706 -9.59781e-05 -0.000221711 0.00614999 0 -0.00570276 -0.00720159 0.0131012 -0.000375187 -0.00328778 -0.00708325 -0.0101062 0.00244862 -0.000677552 -0.00654747 -0.0125719 -8.28345e-05 0.00407868 0.00720159
internal_weight=2528 483 435 48 32 126 87 309 285 203 82 177 69 47 108 26 2045 36 39 18 72 77 2009 162 103 86 59 45 29 78 1847 93 72
internal_count=2528 483 435 48 32 126 87 309 285 203 82 177 69 47 108 26 2045 36 39 18 72 77 2009 162 103 86 59 45 29 78 1847 93 72
is_linear=0
shrinkage=0.060181


Tree=265
num_leaves=34
num_cat=0
split_feature=8 7 0 1 0 4 7 2 7 10 8 11 8 4 4 8 6 6 11 8 17 8 11 8 13 4 6 8 2 8 13 13 10
split_gain=0.669966 1.98572 0.647316 0.644461 1.45456 0.534433 0.511437 1.10177 1.08672 0.955856 0.73708 0.734186 0.977597 0.701769 0.854772 0.813703 0.65823 1.32495 1.20301 0.808214 0.837701 0.802364 0.702238 0.611624 1.30887 0.977597 0.589889 1.37808 0.845486 0.53992 0.5338 0.677098 0.534541
threshold=-1.3701753745752276 -0.91236473587216793 -1.1446077060016007 -1.4759321159128549 3.1757630006382613 -0.78008957370065968 -0.44164855016896026 -0.45532311627933125 0.42887739036020484 1.6012332040612771 2.3316729226004491 0.61412925195989043 0.64274759938306347 1.1953507441370903 1.303525432964556 -0.35027893709483898 -0.10541006296818604 0.23734520258599057 -0.18428614991956593 -0.023252272949425848 1.4567572365165855 -0.24997826715789098 0.61412925195989043 -0.78175041902399667 -0.13536255541456957 0.023099342272981303 -0.69744188528903661 -0.48780399844997951 2.1922930733376207 -0.87294278602033704 -0.076533225631055232 -0.28548089930567616 0.71488527792233281
decision_type=2 2 2 2 2 2 2 2 2 2 2 2 2 2 2 2 2 2 2 2 2 2 2 2 2 2 2 2 2 2 2 2 2
left_child=1 -1 -2 4 -4 -3 16 8 11 -10 13 30 -13 23 15 -15 -5 18 -18 -19 22 -20 -21 24 -9 -26 27 -25 -28 -16 31 32 -8
right_child=2 5 3 6 -6 -7 7 10 9 -11 -12 12 -14 14 29 -17 17 19 21 20 -22 -23 -24 26 25 -27 28 -29 -30 -31 -32 -33 -34
leaf_value=-0.00057377213917386921 0.00039561293603874206 0.00100194791470383 -0.0010172901068701546 -5.6324760532751595e-05 0.00018351212461382828 0.00035759736016687302 0.00026127375622862667 -0.0004844908473061048 -4.6779232550899646e-05 0.0059890498489638738 0.0010148435752142511 -0.00069804965756187155 0.00019240870327887768 0.0011696044489756612 0.00042556077183941227 6.7664928276203268e-05 -0.00016347712436983551 6.7731035411705475e-05 0.00028416578477718899 0.0017576117393122096 -0.0010466531285868174 0.00051913433535284411 -0.00013354082284235361 0.0030837873175785613 0.0016769681190643359 -0.0016125578033393028 1.1434873547107357e-07 -0.00069472174400514366 -0.00011122569199383812 -0.00019041107072136778 0.0061264077628287068 -0.0016587666487477104 -1.1872237548839386e-06
leaf_weight=7.9999999999999991 91 13.999999999999998 66 191 12.999999999999998 48 90 120 460 15.999999999999998 18 37 15.999999999999998 18 23 20 31 209 29 53 25 35 72 29 37 15.999999999999998 430 113 36 89 27 19 29
leaf_count=8 91 14 66 191 13 48 90 120 460 16 18 37 16 18 23 20 31 209 29 53 25 35 72 29 37 16 430 113 36 89 27 19 29
internal_value=9.62099e-05 0.00576201 -5.005e-05 -0.000267755 -0.0054985 0.010134 -5.37629e-05 -0.000641325 0.00112556 -0.000382366 -0.001993 0.00462951 -0.000581792 -0.00228895 0.00119388 0.00874738 0.00134977 0.00263647 0.00887859 0.000754696 -0.00236925 0.013395 0 -0.00303336 -0.00632029 0.000581792 -0.00197262 -0.00539266 -0.000774966 -0.00106573 0.00662018 0.00427001 0.00615887
internal_weight=2528 70 2458 2367 79 62 2288 1643 694 476 949 218 53 931 150 38 645 454 95 359 150 64 125 781 173 53 608 142 466 112 165 138 119
internal_count=2528 70 2458 2367 79 62 2288 1643 694 476 949 218 53 931 150 38 645 454 95 359 150 64 125 781 173 53 608 142 466 112 165 138 119
is_linear=0
shrinkage=0.060181


Tree=266
num_leaves=34
num_cat=0
split_feature=0 18 12 15 5 5 3 12 5 8 0 11 5 5 14 3 3 14 8 4 5 8 8 0 11 1 4 5 1 8 11 3 8
split_gain=0.404674 0.483027 1.62608 1.69364 0.578159 1.13126 0.787743 0.60761 0.698919 0.671483 1.01629 0.692632 0.685534 0.767339 0.54507 0.522901 0.836419 0.607209 0.880466 0.945261 0.931674 1.0044 1.21407 0.998722 0.929974 0.951099 0.740735 0.635449 0.544599 0.490355 0.483955 0.479933 0.518201
threshold=3.1757630006382613 1.0000000180025095e-35 0.86351510968011858 1.0000000180025095e-35 1.1484784438646101 2.239979907126203 0.67186031252736811 1.3760688070906235 -0.4780849982210687 -0.57639123812599613 1.0000000180025095e-35 -0.18428614991956593 0.19901798736405313 -0.27112577944575128 -0.738224098466287 -0.84741864362548391 -0.92770687675297647 1.0000000180025095e-35 1.598860177461382 0.033676661702072112 0.24236073042078624 0.94956349625043712 -0.2855796163794565 1.0000000180025095e-35 1.2129408033694828 1.0000000180025095e-35 -0.86327429903015929 -0.98036479635740503 1.0000000180025095e-35 1.082032558742797 -1.3819092527387502 -0.21007914203880637 -1.0013789984630945
decision_type=2 2 2 2 2 2 2 2 2 2 2 2 2 2 2 2 2 2 2 2 2 2 2 2 2 2 2 2 2 2 2 2 2
left_child=1 4 15 -4 7 -6 30 -1 29 11 12 -10 13 -11 -5 16 -3 18 20 -20 24 22 28 -24 25 -17 -26 -27 -22 -9 -7 -19 -33
right_child=-2 2 3 14 5 6 -8 8 9 10 -12 -13 -14 -15 -16 17 -18 31 19 -21 21 -23 23 -25 26 27 -28 -29 -30 -31 -32 32 -34
leaf_value=-5.8769565641116519e-06 0.00014960027374470069 -5.0215336824189768e-05 0.0014198300779321713 1.8390863222020931e-05 0.00038859519034297027 -0.0052247747125550217 -0.0021128197337475624 0.00062566152325048982 -0.0056100679622258101 6.2105822759742578e-06 0.0029804433322581985 6.4317039608673303e-05 9.3221501826011227e-05 -0.0029746142793843785 -0.00061464412788448752 -7.4891414006480274e-05 -0.0018105699665486119 0.00037007019615997207 -0.00019497995081209856 9.561015760503902e-05 0.0010547270989501344 0.0011157405422895872 -0.0009221788291065311 -0.0035993671387255402 0.00014698268065003301 -5.0614088821046675e-05 -0.00031440564299003223 0.0001405574089889793 -6.5339266332243849e-05 -1.4353362196295593e-05 0.00020663075476456724 0.0014876807961459971 -0.00014735730015827484
leaf_weight=1272 27 125 19 10.999999999999998 99 14.999999999999998 10.999999999999998 64 10.000000000000002 29 23 10.999999999999998 7.9999999999999991 14.999999999999998 100 49 21 21 29 15.999999999999998 19 14.999999999999998 30 25 19 20 25 198 56 17 22 7.9999999999999991 99
leaf_count=1272 27 125 19 11 99 15 11 64 10 29 23 11 8 15 100 49 21 21 29 16 19 15 30 25 19 20 25 198 56 17 22 8 99
internal_value=9.62099e-05 0 -0.001096 -0.00722835 0.000641358 0.00421464 -0.00238747 0.00022982 0.00351455 0 0.00271582 -0.00867637 -0.00113341 -0.00511647 -0.0102646 0 -0.00323714 0.000717983 0.00173496 -0.00563029 0.002625 -0.00103156 -0.00317436 -0.00980409 0.00450437 0.00590396 -0.00258808 0.00761677 0.00118458 0.00750249 0.000811046 -0.00276532 -0.00465064
internal_weight=2528 2501 905 130 1596 147 48 1449 177 96 75 21 52 44 111 775 146 629 501 45 456 145 130 55 311 267 44 218 75 81 37 128 107
internal_count=2528 2501 905 130 1596 147 48 1449 177 96 75 21 52 44 111 775 146 629 501 45 456 145 130 55 311 267 44 218 75 81 37 128 107
is_linear=0
shrinkage=0.060181


Tree=267
num_leaves=34
num_cat=0
split_feature=4 4 4 9 9 12 6 10 12 6 4 7 9 4 15 11 10 9 11 9 12 12 11 9 11 6 11 1 7 4 9 6 4
split_gain=0.542172 0.8937 0.744287 0.611219 0.930482 1.11435 1.10495 0.598151 0.743612 0.596266 0.622975 0.550131 0.51137 0.493362 1.25611 0.598406 1.63705 0.83993 1.03398 1.72169 1.14633 1.1262 1.14721 1.0371 0.743509 1.3092 0.813095 0.798802 0.701652 0.630698 0.548416 0.528179 0.494919
threshold=0.11380177676635071 -0.086485937179991187 0.34822811930369196 -0.010778695582846698 1.260009838267748 1.0000000180025095e-35 -0.63512274609736818 -1.4345199461900022 0.35096141226961375 0.081547354606819361 1.1635799473220085 -0.45190008234398399 1.8136193907650322 -0.99386250334032489 2.1112254216092903 -0.98270155179902219 -0.011226369146267448 -1.0313178294301146 0.8137331024297545 -0.83448314250752975 0.35096141226961375 1.0000000180025095e-35 -0.38389000038943 0.92101795356571714 0.8137331024297545 0.61126003773600168 -0.38389000038943 1.0000000180025095e-35 -0.73894298324467 -0.37426654727174158 -1.4222159022248613 0.33082391137349337 -0.8449695640460565
decision_type=2 2 2 2 2 2 2 2 2 2 2 2 2 2 2 2 2 2 2 2 2 2 2 2 2 2 2 2 2 2 2 2 2
left_child=1 13 -2 -4 7 6 -6 -5 9 -9 -11 -3 -7 -1 15 16 -15 24 19 -19 23 -21 -23 31 26 -26 -17 -27 -25 -22 32 -20 -28
right_child=2 11 3 4 5 12 -8 8 -10 10 -12 -13 -14 14 -16 17 -18 18 20 21 29 22 -24 28 25 27 30 -29 -30 -31 -32 -33 -34
leaf_value=-4.7952197671355376e-05 0.00017427118987468505 1.4772029109330874e-05 -2.06834365693258e-05 -0.00013382040410903428 4.4419799484590316e-05 -0.00028766600971385066 -0.00055340552521952161 0.00040297211250485301 -1.6467752912510516e-05 0.0036018085173473904 -0.0019135369478333693 -0.00027942740534498827 0.00060343441002060408 7.3676416474951411e-06 0.0002727955789035135 -3.6081360715917397e-06 0.0022425737987702729 0.0039787854626539823 -0.00083030917038594981 -2.1566838377662927e-05 -0.0034744817043182745 -9.6924089349461744e-05 0.00014140756511907507 -0.00040916503448872662 0.00066634592268794671 0.0086119679418317236 5.511945254506345e-07 -0.00069113360845779492 0.0042503357135225362 -1.0999162607959916e-05 -2.442675465495617e-05 -4.841291165869463e-07 -0.0030471157479450587
leaf_weight=255 91 46 334 36 22 15.999999999999998 31 161 48 10.000000000000002 17 121 18 103 49 42 29 52 44 347 45 104 195 9.9999999999999982 22 9 7.9999999999999991 15 25 25 24 131 43
leaf_count=255 91 46 334 36 22 16 31 161 48 10 17 121 18 103 49 42 29 52 44 347 45 104 195 10 22 9 8 15 25 25 24 131 43
internal_value=0.000286385 -0.000277116 0.00160822 0.000824802 0.00258035 -0.00235613 -0.00802412 0.00437751 0.00553756 0.0072389 0 -0.00442606 0.0048767 0.000135059 0.000637728 0.000214362 0.00401514 -0.000186505 0.000432056 0.00171958 -0.00255643 0.000745514 0.00348974 -1.33019e-05 -0.0041711 0.0012705 -0.00676 -0.00664336 0.00864769 -0.00903253 -0.010372 -0.0022061 -0.0138287
internal_weight=2528 1744 784 693 359 87 53 272 236 188 27 167 34 1577 1322 1273 132 1141 978 698 280 646 299 210 163 46 117 24 35 70 75 175 51
internal_count=2528 1744 784 693 359 87 53 272 236 188 27 167 34 1577 1322 1273 132 1141 978 698 280 646 299 210 163 46 117 24 35 70 75 175 51
is_linear=0
shrinkage=0.060181


Tree=268
num_leaves=34
num_cat=0
split_feature=0 3 3 10 1 10 5 4 4 5 6 3 10 5 4 4 13 11 12 5 4 10 4 1 11 5 3 5 6 13 4 10 6
split_gain=0.486154 1.57009 1.05041 0.810716 0.598548 0.535721 0.468154 0.4128 0.477706 0.504082 1.09212 1.18724 1.8858 1.34968 0.891405 1.44464 1.2313 1.1775 0.853337 0.78607 0.740848 0.679368 0.672313 0.884831 0.640934 0.622513 0.505746 1.24775 0.666016 1.32122 1.0282 0.968718 0.842378
threshold=1.01557764731833 0.62947254590718271 0.25804929448404507 0.1485011051567631 1.1241768659879796 -1.2595572479905159 -0.50161200803694039 -1.0134960092028058 -0.92440489752143995 -0.27112577944575128 -0.074250493372351789 0.18623610764061452 1.0000000180025095e-35 0.15114031494392058 0.11380177676635071 -0.10170128139405034 1.9636942100096351 -0.98270155179902219 1.0000000180025095e-35 0.28749605085447588 -0.84798100072779359 -1.4771785158344877 1.1309357272451712 1.0000000180025095e-35 -0.98270155179902219 1.430289428369991 -0.84741864362548391 -0.68215361783426121 0.58010046814016736 -0.21054963339046137 -0.26695422524652707 0.041235496853474711 1.6239460496006146
decision_type=2 2 2 2 2 2 2 2 2 2 2 2 2 2 2 2 2 2 2 2 2 2 2 2 2 2 2 2 2 2 2 2 2
left_child=7 2 4 -3 5 -2 -7 -1 -9 26 14 20 -13 -14 15 16 17 21 -19 -15 -12 -11 23 24 -16 -17 27 -10 -28 32 31 -31 -30
right_child=1 3 -4 -5 -6 6 -8 8 9 10 11 12 13 19 22 25 -18 18 -20 -21 -22 -23 -24 -25 -26 -27 28 -29 29 30 -32 -33 -34
leaf_value=-4.9054301181589022e-05 -0.00046021170413629379 0.025471973041939582 0.0073659579274445684 -0.00071313893262737267 -0.0019294690884073934 -3.5210887834964994e-05 0.002531441456711761 0.00018119863679904374 4.9188968356662018e-05 -0.0035508829441596289 -1.7419122473447678e-05 0.0016987699289883222 -0.00027150106006689775 0.0031825774884520525 -0.0011812464231276433 -0.0063477846367261453 0.00048316651424938926 -0.00024171152097160492 -1.8495162070130691e-06 -2.0197411232107693e-05 0.00053229735058616713 0.0012545890168961418 -2.3466244315637838e-05 4.2076225995314207e-05 0.0042805609641211034 -0.0012580722542341633 1.6242199728879883e-05 -0.0018617396857783628 -0.00014128568851582248 -5.1052903541458272e-05 -0.00012039549160268251 0.0038043086015890626 3.2269495243905082e-05
leaf_weight=220 8.9999999999999982 19 25 23 21 15.999999999999998 39 120 74 12.999999999999998 21 44 102 18 11.999999999999998 28 24 120 99 31 91 63 216 128 30 9.9999999999999982 525 77 182 15.999999999999998 32 34 46
leaf_count=220 9 19 25 23 21 16 39 120 74 13 21 44 102 18 12 28 24 120 99 31 91 63 216 128 30 10 525 77 182 16 32 34 46
internal_value=0.000238841 0.00349907 0.00744141 -0.00534086 0.00308852 0.0062734 0.00877719 1.19404e-06 0.000279982 3.08993e-05 0.000973723 0.00398112 0.000771856 -0.0021593 -0.000205321 -0.00242777 -0.000848271 -0.0021257 -0.00447354 0.00520217 0.0088744 0.00381571 0.00170643 0.0045229 0.011939 -0.0130869 -0.000915069 -0.00410559 -0.00025456 -0.00250377 0.00354827 0.00903454 -0.00494931
internal_weight=2528 152 110 42 85 64 55 2376 2156 2036 1050 307 195 151 743 357 319 295 219 49 112 76 386 170 42 38 986 151 835 310 82 50 228
internal_count=2528 152 110 42 85 64 55 2376 2156 2036 1050 307 195 151 743 357 319 295 219 49 112 76 386 170 42 38 986 151 835 310 82 50 228
is_linear=0
shrinkage=0.060181


Tree=269
num_leaves=34
num_cat=0
split_feature=13 13 3 7 6 7 10 9 4 7 4 11 6 7 4 6 3 13 3 3 13 13 6 9 6 10 2 13 13 2 6 7 9
split_gain=0.641346 1.0253 1.08356 1.12152 0.880391 1.51384 0.857196 0.745958 0.744651 1.47107 1.3379 1.00285 1.5814 0.84742 1.02542 0.702975 0.966081 0.670157 1.32673 1.09667 1.48569 0.673261 0.662273 0.644668 0.639939 0.736117 0.637965 0.617159 1.92095 1.04193 0.705116 0.571916 0.558638
threshold=-0.32078618360141403 -0.31081819174437736 1.1346588588304443 -0.56381264192133496 0.8293770249068414 -0.44164855016896026 0.3929584601231258 -0.073416220774986787 -0.43019991494565585 -0.46129732017109087 -0.48317328868431492 1.0133369528996188 0.8293770249068414 -0.95166227587642915 1.6362646534607446 1.8576428215693714 0.12028576142170296 -0.25695070015115012 -0.76968480025317765 -1.0537142412638232 0.12390536042666062 -0.18119052441649083 -0.51048446771403111 0.69473116081123365 0.2996643417776591 -0.42060576008623313 0.30202974838214497 0.12390536042666062 -0.08271144533716529 -0.71712732274200242 -0.51048446771403111 -0.087970690130614829 -1.7819742011766835
decision_type=2 2 2 2 2 2 2 2 2 2 2 2 2 2 2 2 2 2 2 2 2 2 2 2 2 2 2 2 2 2 2 2 2
left_child=4 -2 8 -4 32 6 -6 -8 10 13 11 22 -13 -10 -15 16 -7 18 -11 20 21 -19 -3 26 25 -5 -24 28 31 30 -29 -21 -1
right_child=1 2 3 24 5 15 7 -9 9 17 -12 12 -14 14 -16 -17 -18 19 -20 27 -22 -23 23 -25 -26 -27 -28 29 -30 -31 -32 -33 -34
leaf_value=6.9264062826359207e-05 -0.001947800499809714 -0.00013371551122983276 -0.00021547509683051425 0.00012261531017249507 -3.4309218530377746e-05 -4.5745394694155089e-05 -6.4670747434683887e-06 0.00023187529790079543 -9.4617711637001774e-05 -0.0066627736525857089 -0.001080527388043002 -0.0044944557403934623 0.0018210826434388689 0.0020135945724578694 -0.0007097055950617034 0.0002051297779842492 -0.0026911907004076325 0.0096038603176535186 0.001123331513779741 0.00012596189366041122 0.0018938472887420419 -0.0086128833944490758 0.0011450964330217248 -6.7855107922077586e-05 0.00030174443964868248 -0.0012108954943515055 -0.00031992662466675712 -0.0013665109715311483 0.00041353658645797766 -0.00031438274077881176 0.0012816384624024619 -0.00036094978383755422 1.6307905157720053e-05
leaf_weight=49 34 68 53 11.000000000000002 83 27 36 49 11.999999999999998 10.999999999999998 26 22 19 42 7.9999999999999991 15.999999999999998 55 10.000000000000002 29 13.999999999999998 30 14.999999999999998 89 35 30 20 21 14.000000000000002 31 77 9.9999999999999982 36 1446
leaf_count=49 34 68 53 11 83 27 36 49 12 11 26 22 19 42 8 16 55 10 29 14 30 15 89 35 30 20 21 14 31 77 10 36 1446
internal_value=0 -0.00144846 -0.000861713 -0.00616486 0.000632544 -0.00246596 0.000717951 0.00512616 5.28937e-05 0.00202835 -0.00213203 -0.000478266 -0.00883365 0.010134 0.0135253 -0.00832028 -0.0105784 0 0.00696599 -0.00113737 0.00569647 -0.00325522 0.000985553 0.00346141 0 -0.00616905 0.00585218 -0.00358199 0 -0.00664336 0.00228307 -0.00678916 0.00122672
internal_weight=2528 767 733 114 1761 266 168 85 619 339 280 254 41 62 50 98 82 277 40 237 55 25 213 145 61 31 110 182 81 101 24 50 1495
internal_count=2528 767 733 114 1761 266 168 85 619 339 280 254 41 62 50 98 82 277 40 237 55 25 213 145 61 31 110 182 81 101 24 50 1495
is_linear=0
shrinkage=0.060181


Tree=270
num_leaves=34
num_cat=0
split_feature=6 8 9 8 5 9 6 9 9 5 17 1 4 14 8 9 2 0 5 6 2 6 9 6 4 9 9 2 2 7 2 2 4
split_gain=0.648786 1.23105 0.911403 0.875882 0.820011 0.746402 0.724071 0.744144 0.70391 0.966212 0.855285 0.78627 0.693788 0.913727 0.661137 0.739694 1.12935 1.04725 1.02047 0.984473 1.28467 1.02199 0.922322 0.884474 1.02198 0.767633 0.75753 1.41633 2.03322 0.930372 0.730784 1.14386 0.698662
threshold=0.61126003773600168 -1.0573722555090628 -0.5012015789967228 -1.1609168105027414 0.19901798736405313 -1.6214746446974193 0.51778132894849893 0.053817933078398807 -0.14476122073981187 -0.49501265579601733 1.0000000180025095e-35 1.0000000180025095e-35 1.0000000180025095e-35 1.0000000180025095e-35 0.10422162686919206 0.54972844088315587 -0.54275510494929147 1.0000000180025095e-35 1.7909860845343473 0.23734520258599057 0.67441776247489649 -1.0090375812473789 0.80332977614271217 -0.44816532852236268 -0.46255576051341812 -0.20397818439071433 -0.024047144458359395 0.4117469252584019 0.72136647363574602 0.22042956946803882 -1.2356273598074463 -1.3343483621889463 0.015748997670216903
decision_type=2 2 2 2 2 2 2 2 2 2 2 2 2 2 2 2 2 2 2 2 2 2 2 2 2 2 2 2 2 2 2 2 2
left_child=3 -2 5 4 12 -3 14 -8 9 -4 -10 -11 13 -1 30 16 18 22 23 20 21 -19 -17 24 -16 -26 27 29 -29 -18 31 -5 -32
right_child=1 2 8 6 -6 -7 7 -9 10 11 -12 -13 -14 -15 15 17 26 19 -20 -21 -22 -23 -24 -25 25 -27 -28 28 -30 -31 32 -33 -34
leaf_value=0.0048544707162453873 -0.00033581278796980356 0.00015141272562538914 -9.6133511764449295e-05 8.0418580656720858e-06 -8.9790419355006279e-05 -9.4798172805174625e-05 0.00018974821584639775 -0.00033181506644900342 -3.394294058954643e-05 0.019461467248984898 0.00055167063438459692 0.00017454374058063288 1.2218324120106621e-05 7.2404168545428272e-05 -0.0001783893434757233 -0.00035213241280499555 -0.00081434831223331288 3.6524713064855349e-05 -0.00020656474742458914 0.0038563907623385494 5.1984183754875806e-05 -0.00048804025274737405 8.6730816229887381e-05 0.00027809323234946192 0.0022878986654004752 1.6499117976876653e-07 0.00012987154432012146 0.00029795498605053762 -0.00031010087304488823 0.00022963521994551092 -8.3400464650403624e-05 0.00062506948685715226 1.1242693136557413e-05
leaf_weight=46 51 21 31 102 43 124 35 20 182 15.999999999999998 68 13.000000000000002 33 18 29 27 58 10.999999999999998 21 20 21 80 153 74 32 26 92 28 40 24 541 17 431
leaf_count=46 51 21 31 102 43 124 35 20 182 16 68 13 33 18 29 27 58 11 21 20 21 80 153 74 32 26 92 28 40 24 541 17 431
internal_value=1.12235e-06 -0.00189507 -0.000727941 0.000506475 0.00504869 -0.00467633 0.000129171 0.00672337 0.000968566 0.00666793 -0.000248507 0.0139307 0.00810389 0.0116146 -5.08645e-05 0.00130575 0.00296218 -0.000771743 0.00650018 -0.00490274 -0.00731267 -0.0105263 0.00198213 0.00824349 0.00302034 0.00786131 1.15688e-05 -0.00236925 0.00340155 -0.00776635 -0.00101972 0.00321374 -0.00160674
internal_weight=2528 506 455 2022 140 145 1882 55 310 60 250 29 97 64 1827 736 424 312 182 132 112 91 180 161 87 58 242 150 68 82 1091 119 972
internal_count=2528 506 455 2022 140 145 1882 55 310 60 250 29 97 64 1827 736 424 312 182 132 112 91 180 161 87 58 242 150 68 82 1091 119 972
is_linear=0
shrinkage=0.060181


Tree=271
num_leaves=34
num_cat=0
split_feature=9 3 7 9 4 5 3 5 3 15 12 9 7 5 1 14 5 3 4 5 9 7 18 5 5 4 5 1 14 5 9 9 4
split_gain=0.562775 0.652786 0.968048 0.606374 0.973151 0.753361 0.979235 0.744254 0.975081 0.595276 0.783889 1.21702 0.759843 0.993457 0.681007 0.637473 0.833178 0.574348 0.512147 0.841876 0.665387 0.951783 0.520587 0.773556 0.719517 0.520793 0.931289 0.5142 1.03762 0.681542 0.787397 0.705071 1.16569
threshold=1.8136193907650322 1.1481810632927465 -0.14179123404949431 1.5114153081493849 -0.37426654727174158 -0.68215361783426121 -0.93376430170593283 -0.60793512424481266 -0.84741864362548391 0.88625919121491659 0.35096141226961375 -0.11003921845926969 -0.3451132888541466 -0.8757610543292107 -1.4759321159128549 1.0000000180025095e-35 -0.88907340719791239 0.28612606986442229 0.15273301029069922 -0.54776887877222891 -0.13690785889130958 1.4172959509021503 1.0000000180025095e-35 -0.36503821892845884 -0.18618344095573267 1.4523837971919125 -0.29834528583205649 -1.4759321159128549 1.0000000180025095e-35 -0.51104446484713961 -1.6945337634830031 -0.4787707433175486 -0.56675410587583652
decision_type=2 2 2 2 2 2 2 2 2 2 2 2 2 2 2 2 2 2 2 2 2 2 2 2 2 2 2 2 2 2 2 2 2
left_child=3 2 -2 5 17 6 -1 8 -7 10 -8 14 -11 -14 -12 -13 -17 -5 27 -20 22 -22 25 -24 -25 26 -21 28 -9 -29 -31 -32 -33
right_child=1 -3 -4 4 -6 7 9 18 -10 12 11 15 13 -15 -16 16 -18 -19 19 20 21 -23 23 24 -26 -27 -28 29 -30 30 31 32 -34
leaf_value=0.00065209158799358377 0.0019912968514869452 -0.00068293804353263996 3.7898405011270359e-05 -0.00025544442351142245 -0.00081477846097008214 -0.00012804733720370113 -3.4537829295362346e-05 -3.3574453914742945e-05 0.00041477819223450471 0.0031371616308040599 -0.00060221748533918708 -0.00020516078775144664 0.00020419459672294701 -0.00060292070640065244 -0.00031560324241515606 0.0024942916828299289 -0.00021795004927657312 0.0043066054148962838 -0.0064669954806063261 -0.0017562184971187493 0.00034287036823640361 -6.7844783344800982e-05 8.651287062940066e-05 -0.0012282952899845725 -0.0002500611268755173 -3.7075139556820913e-05 0.00086322139009450765 0.00018270259392143856 -0.0053839691855504784 0.0001347882701102442 -8.7101680932250396e-05 3.3199704134507278e-05 -8.7019077014706829e-05
leaf_weight=73 35 8.9999999999999982 60 38 56 19 236 48 70 20 7.9999999999999991 29 24 24 39 18.000000000000004 12.999999999999998 15.999999999999998 11.999999999999998 20 234 33 11.999999999999998 13.999999999999998 80 48 93 107 26 53 314 320 327
leaf_count=73 35 9 60 38 56 19 236 48 70 20 8 29 24 24 39 18 13 16 12 20 234 33 12 14 80 48 93 107 26 53 314 320 327
internal_value=-0.000262613 0.00394137 0.00582694 -0.000472186 -0.0047927 -0.000234928 -0.00235084 0.00029694 0.00555461 -0.0035631 -0.0046094 -0.00900353 0.000880149 -0.00238747 -0.016111 -0.00193703 0.0026908 4.93254e-05 0 0.00153815 0.00202026 0.00412481 0 -0.00332038 -0.00557835 0.00202812 0.00441133 -0.000680195 -0.00546502 -0.000296848 -0.000830751 -0.00128193 -5.06173e-05
internal_weight=2528 104 95 2424 110 2314 484 1830 89 411 343 107 68 48 47 60 31 54 1741 546 534 267 267 106 94 161 113 1195 74 1121 1014 961 647
internal_count=2528 104 95 2424 110 2314 484 1830 89 411 343 107 68 48 47 60 31 54 1741 546 534 267 267 106 94 161 113 1195 74 1121 1014 961 647
is_linear=0
shrinkage=0.060181


Tree=272
num_leaves=34
num_cat=0
split_feature=6 6 10 18 10 7 4 0 4 6 6 12 2 10 10 4 6 2 13 4 5 7 13 5 2 2 2 16 13 6 10 16 5
split_gain=0.785894 1.08929 0.781673 1.44741 1.3247 0.740008 0.689798 0.860116 0.617242 0.577188 0.877714 0.864834 1.09409 0.767376 0.715037 0.826037 0.77281 1.08803 0.71226 0.869733 0.686002 0.713812 0.667011 0.685558 0.639481 0.613193 0.583757 0.563203 0.55552 0.545334 0.563359 0.551434 0.491141
threshold=0.61126003773600168 0.51778132894849893 0.54754892467355198 1.0000000180025095e-35 0.8886293643662263 -0.95166227587642915 -0.98820330290396907 1.0000000180025095e-35 -0.37426654727174158 0.39314305056516186 0.14386649379848784 1.0000000180025095e-35 -0.86669504832729916 0.65072405188182347 0.54754892467355198 1.1953507441370903 -0.19888877175568878 -1.2356273598074463 -0.26094424252637388 -0.48317328868431492 -0.21294917088058221 -0.62190465757980651 -0.16431896647030098 -0.85458774881966082 0.10131906673241511 0.57846614960606291 0.57846614960606291 1.0000000180025095e-35 -0.32516482676255815 1.2967705688443552 -0.29963821405923274 1.6165153522599058 0.14143665816916359
decision_type=2 2 2 2 2 2 2 2 2 2 2 2 2 2 2 2 2 2 2 2 2 2 2 2 2 2 2 2 2 2 2 2 2
left_child=1 9 29 4 -4 -3 -5 -8 -6 10 14 20 -13 -11 -1 16 18 -18 -16 -20 24 25 23 -14 -12 -22 -19 -10 -23 31 -31 -2 -15
right_child=2 5 3 6 8 -7 7 -9 27 13 11 12 22 32 15 -17 17 26 19 -21 21 28 -24 -25 -26 -27 -28 -29 -30 30 -32 -33 -34
leaf_value=6.6471663529828509e-06 -0.00017772886759353918 -0.0079114730716798778 0.0048334072055089142 0.00060052475836935479 -0.00061684243135046505 0.00012591627179040499 -0.0012589806691480111 -1.0495275496587398e-05 -7.5400579476647036e-05 -0.00058897004927104793 -0.0055461651897652431 -4.1262476694170979e-05 -8.4401471839689519e-05 0.0077020974155832334 3.6725505380392915e-05 0.00014463599018029727 7.6031562894684278e-05 -0.0015881804929245816 0.00043617036925594466 -0.0035329245904519228 -0.010533426805233254 0.004732239072499294 -3.0150684143113703e-06 0.00034532892762473408 3.0481499755464037e-05 0.00018829169532137561 -1.2509585048094467e-05 0.003541295222497463 -0.00117033577401762 0.0017164512840237513 -4.293453950669555e-05 0.00013061623025515615 -7.0746100563874519e-05
leaf_weight=1303 177 8.9999999999999982 60 12.999999999999998 45 50 27 23 26 55 27 46 13.999999999999998 9.0000000000000018 77 42 29 79 20 22 12.000000000000002 38 20 69 39 18 21 18 7.9999999999999991 22 78 17 14.999999999999998
leaf_count=1303 177 9 60 13 45 50 27 23 26 55 27 46 14 9 77 42 29 79 20 22 12 38 20 69 39 18 21 18 8 22 78 17 15
internal_value=-0.000119982 0.000387635 -0.00224935 0.000292306 0.00376504 0.00821638 -0.00681937 -0.0101572 -0.000355619 0.00010855 0.00035221 0.00338022 0.00652556 -0.00476995 -0.000171399 -0.0028793 -0.0043167 -0.00750978 -0.000268603 -0.00666049 0 0.00381571 0.00990588 0.0121935 -0.00436391 -0.00187543 -0.0104832 0.00385227 0.00854985 -0.00425613 -2.74251e-05 -0.00610544 0.00228307
internal_weight=2528 2022 506 212 149 59 63 50 89 1963 1884 291 149 79 1593 290 248 129 119 42 142 76 103 83 66 30 100 44 46 294 100 194 24
internal_count=2528 2022 506 212 149 59 63 50 89 1963 1884 291 149 79 1593 290 248 129 119 42 142 76 103 83 66 30 100 44 46 294 100 194 24
is_linear=0
shrinkage=0.060181


Tree=273
num_leaves=34
num_cat=0
split_feature=4 2 9 8 8 5 5 3 4 8 3 5 8 4 9 9 7 8 3 5 8 3 9 2 13 2 7 13 13 8 8 7 5
split_gain=1.06703 1.20124 1.16075 1.15441 1.61068 1.14063 1.21008 0.962247 1.24782 0.934833 0.877979 1.2967 0.831605 1.4636 0.819975 0.665355 0.653066 0.770757 0.636229 0.624508 0.611024 0.690535 0.604912 0.590351 0.812436 0.566751 0.803669 1.7712 1.153 0.952586 1.14525 0.923267 0.779891
threshold=0.15273301029069922 -0.16731763273310926 0.60027742094848002 0.12617757020807022 -0.15090090600725856 -0.71241959964425283 -0.31613823287034121 -0.39162648258948857 -0.92440489752143995 2.3316729226004491 -0.52943817641170654 -0.30461850286022202 1.4845567103040385 -0.80865627587084299 1.665484894767759 0.30579111329972858 0.29389888338904774 -0.48209127872408392 0.12905513875791444 -0.086138626634831086 -1.0573722555090628 -0.37331408176314157 -0.60264200614397156 -0.92650552495866423 0.16228985594790016 1.6905837262216423 -0.44164855016896026 -0.19896087630896347 0.42584894298929438 -0.78657604493822009 -0.55684774083431698 -0.57918994018387226 -0.86727416787017575
decision_type=2 2 2 2 2 2 2 2 2 2 2 2 2 2 2 2 2 2 2 2 2 2 2 2 2 2 2 2 2 2 2 2 2
left_child=1 2 3 4 5 18 23 10 -9 14 11 -4 -5 -14 25 -6 17 -16 -1 -13 21 22 -2 -7 -25 26 27 -3 29 32 -31 -29 -28
right_child=20 9 7 12 15 6 -8 8 -10 -11 -12 19 13 -15 16 -17 -18 -19 -20 -21 -22 -23 -24 24 -26 -27 28 31 -30 30 -32 -33 -34
leaf_value=-0.00028717715468550492 0.0007839441983650109 1.3031193795771759e-05 -0.00056330266342561556 0.00026949440789177234 -0.0038002471079083265 2.6249363985293725e-06 1.2706045472536691e-05 4.8372880038969408e-05 -0.0004233670849667582 0.00023751097142825275 0.00027567203740251823 0.001070167068765898 -0.0036903791046269904 0.00017966049302658725 -0.00077636563934583517 0.0020000910359429065 -0.00060830709012012164 0.00801633124336475 0.00098908927145476499 -0.00033144571758554869 3.335100635434078e-05 0.0002050285277855414 -0.00020253185751747539 0.0046380676139573546 -8.7536247936918497e-05 9.1463971784865619e-06 2.3376540574377631e-05 -0.00059842264614291384 9.0622811649087093e-05 0.00028042184293958688 -0.00014475413225587032 -1.5318174323063432e-05 -0.00045038956989233595
leaf_weight=33 24 261 32 130 43 18 221 33 45 21 25 14.999999999999998 17 32 9.9999999999999982 9.9999999999999982 7.9999999999999991 23 8.9999999999999982 55 692 26 11.999999999999998 49 10.999999999999998 138 10.999999999999998 71 44 47 249 36 77
leaf_count=33 24 261 32 130 43 18 221 33 45 21 25 15 17 32 10 10 8 23 9 55 692 26 12 49 11 138 11 71 44 47 249 36 77
internal_value=-0.000191297 -0.00101725 0.000696606 0.00214454 0.000158505 0.00184194 0.00329086 -0.0030428 -0.00814704 -0.00241104 0 -0.0023064 0.00611262 0 -0.00273951 -0.00908731 0.00478598 0.00912018 -0.00666049 0.00167386 0.0016719 0.00738199 7.17437e-05 0.00962199 0.012345 -0.00314814 -0.00376673 -0.00146519 -0.00558401 -0.00668368 -0.00462946 -0.0079153 -0.0125134
internal_weight=2528 1774 778 573 394 341 299 205 78 996 127 102 179 49 975 53 41 33 42 70 754 62 36 78 60 934 796 368 428 384 296 107 88
internal_count=2528 1774 778 573 394 341 299 205 78 996 127 102 179 49 975 53 41 33 42 70 754 62 36 78 60 934 796 368 428 384 296 107 88
is_linear=0
shrinkage=0.060181


Tree=274
num_leaves=34
num_cat=0
split_feature=6 6 6 5 9 2 7 6 9 12 9 5 9 2 7 7 5 13 9 13 6 10 5 5 7 5 3 6 3 5 3 3 0
split_gain=1.09403 0.836326 0.978419 0.758288 0.72609 0.701228 0.608906 1.06991 1.78878 1.12716 1.38866 1.12269 0.998615 0.933081 1.01553 0.847997 1.20884 0.962084 0.942576 0.754526 0.749105 0.701236 0.661901 1.60688 1.74743 1.27221 0.963601 0.954404 0.61042 0.674105 0.605053 0.596479 0.591537
threshold=0.61126003773600168 0.51778132894849893 0.39314305056516186 -0.19821852879512938 -0.4787707433175486 -0.86669504832729916 -0.15204276622451804 0.14386649379848784 -0.048982947187521893 1.0000000180025095e-35 -0.086027373427973883 -0.85458774881966082 -1.6945337634830031 -0.1247480331865891 -0.20757189883923458 -0.45446296538774017 -0.35186782604709715 -0.31128592190709792 -0.70489326786399109 -0.26542634554079275 -0.63512274609736818 1.1239849264550583 -0.85458774881966082 -0.67519561893496316 0.42546021296852948 -0.52604882448403345 -0.84741864362548391 0.050387785010985106 0.32746638885357221 0.17058159326935604 -0.670548617816623 1.2606757981352641 1.0000000180025095e-35
decision_type=2 2 2 2 2 2 2 2 2 2 2 2 2 2 2 2 2 2 2 2 2 2 2 2 2 2 2 2 2 2 2 2 2
left_child=1 2 6 -3 -2 -4 7 8 15 10 31 -11 20 14 19 18 17 -17 -1 -10 -8 22 -14 24 -24 26 -25 -27 29 -18 -22 -9 -6
right_child=4 3 5 -5 32 -7 12 9 13 11 -12 -13 21 -15 -16 16 28 -19 -20 -21 30 -23 23 25 -26 27 -28 -29 -30 -31 -32 -33 -34
leaf_value=-4.1657583905990004e-05 -0.00013222023807920542 0.00014572617413508338 0.0024075326783968383 -0.00017506840967513554 -7.892916360413629e-05 -0.00037970757486170366 0.00070983801944717159 0.00043588591551842529 -0.0006521257695711023 -0.00014118867266507684 -0.0010533433706887516 0.0011104907114152533 4.4305428436878243e-05 0.00017563783455341997 0.0011334383884827354 0.004048037195304186 -0.0023962612085060963 -3.9997515225773161e-05 -0.00081059197660954415 0.00024031755527966376 -0.00089988255084581543 9.4601582814939211e-05 -0.0024056268183358896 -0.0067432155425921026 -2.8080437010102868e-05 -1.4111144523528867e-05 0.00039117802675966236 -0.00018945200374976417 0.000198766980332224 -4.6817014181429742e-05 8.3406209526230547e-05 -0.0003047790379527317 1.8211609243955587e-05
leaf_weight=63 186 46 7.9999999999999991 12.999999999999998 179 71 23 34 55 12.999999999999998 46 40 70 179 9.9999999999999982 29 31 22 56 14.999999999999998 8.0000000000000018 93 43 8.9999999999999982 50 751 70 100 13.999999999999998 24 23 12.999999999999998 141
leaf_count=63 186 46 8 13 179 71 23 34 55 13 46 40 70 179 10 29 31 22 56 15 8 93 43 9 50 751 70 100 14 24 23 13 141
internal_value=-0.000215069 0.000387635 0.000139151 0.00725509 -0.00272173 -0.00622704 0.000447856 0.00195589 0.000485573 0.00645528 0.00158682 0.0133401 -0.000292639 0.00402129 -0.000753818 -0.00311249 2.29875e-05 0.00721589 -0.00664973 -0.00412675 0.00736246 -0.000710636 -0.0011825 -0.00161486 -0.0090624 -0.000776575 0.00622704 -0.00151735 -0.00459804 -0.00775028 0 0.00897552 -0.000752664
internal_weight=2528 2022 1963 59 506 79 1884 644 498 146 93 53 1240 259 80 239 120 51 119 70 54 1186 1093 1023 93 930 79 851 69 55 31 47 320
internal_count=2528 2022 1963 59 506 79 1884 644 498 146 93 53 1240 259 80 239 120 51 119 70 54 1186 1093 1023 93 930 79 851 69 55 31 47 320
is_linear=0
shrinkage=0.060181


Tree=275
num_leaves=34
num_cat=0
split_feature=6 6 6 3 2 6 13 3 15 6 17 6 3 15 3 12 6 3 10 6 11 3 17 2 18 12 15 2 11 6 2 13 13
split_gain=0.955466 1.11725 0.937723 0.809741 0.701228 0.591834 1.07899 0.515548 1.13961 0.997009 0.860402 0.831316 0.558457 0.527314 0.474173 0.436323 0.435771 0.361422 0.793179 0.464615 0.869664 1.20399 1.07181 0.764195 0.706653 0.702339 0.409587 0.387587 1.06294 0.575225 0.54932 0.866046 0.807974
threshold=0.61126003773600168 0.51778132894849893 0.39314305056516186 -0.084756470543827442 -0.86669504832729916 0.36198348096932759 -0.32018895424162247 0.68275253120686874 1.0000000180025095e-35 0.70473874652350432 1.0000000180025095e-35 0.79821745531100707 1.5203552364013093 1.0000000180025095e-35 0.9576229269467661 1.0000000180025095e-35 0.92285573369434404 1.2606757981352641 0.63459147618977874 0.20618563299015633 0.21492155102016219 0.12028576142170296 1.0000000180025095e-35 -1.3425513735736236 1.0000000180025095e-35 -0.67414598255139557 1.0000000180025095e-35 0.63817163104118435 -0.18428614991956593 -0.043090923776517541 -0.54275510494929147 -0.14913078830747278 -0.26287717330946575
decision_type=2 2 2 2 2 2 2 2 2 2 2 2 2 2 2 2 2 2 2 2 2 2 2 2 2 2 2 2 2 2 2 2 2
left_child=1 2 5 -3 -4 17 -7 9 12 -2 11 -11 -9 15 -6 -13 -12 19 -19 27 21 22 -21 -22 -23 -25 -20 30 29 -29 32 -32 -1
right_child=7 3 4 -5 14 6 -8 8 -10 10 16 13 -14 -15 -16 -17 -18 18 26 20 23 24 -24 25 -26 -27 -28 28 -30 -31 31 -33 -34
leaf_value=5.8507519950340393e-05 -0.0016066863135565657 -0.0074255816735930638 0.0022626449817951364 9.3494633426660783e-05 -0.00075150638200760685 0.0017381886167137164 -0.0003488124993522806 -0.00029071226235080736 -3.7514001595881653e-06 0.0044293128677911795 -0.0023630023299713561 -0.00011271954595466134 -0.00015374912713094941 -0.00012962348180244686 6.3596306353054597e-05 0.0061628088905281014 0.0014992860192383404 4.1936761479752564e-05 -6.2953116273522891e-06 -0.017612020560700933 -3.5574497198098758e-06 0.0011549531916621033 2.0594863646306116e-05 -0.00028564439720198343 -0.00057038891327377346 0.00040341609785799582 -0.0005309413434057775 4.6581471670829774e-05 0.00056996940171731331 -0.00089286612759656219 -5.5854343648970456e-05 8.2594213997590036e-05 -8.684466648200363e-05
leaf_weight=488 34 10.999999999999998 7.9999999999999991 48 53 18.000000000000004 10.999999999999998 70 124 26 8.9999999999999982 33 52 113 18 15.999999999999998 29 78 17 14.000000000000002 26 26 12.999999999999998 14.999999999999998 9.9999999999999982 61 25 150 42 8.9999999999999982 593 126 162
leaf_count=488 34 11 8 48 53 18 11 70 124 26 9 33 52 113 18 16 29 78 17 14 26 26 13 15 10 61 25 150 42 9 593 126 162
internal_value=-0.000262613 0.000298504 1.67455e-05 0.00821638 -0.00622704 0.000320327 0.00839328 -0.00260363 -0.00459239 -0.00046738 0.000798698 -0.00064301 -0.008647 -0.00256098 -0.00850813 0.00177007 0.00874738 0.000147237 -0.0029443 0.000399702 0.00340775 -0.001398 -0.0109082 0.00686538 0.00463043 0.00986373 -0.00929977 4.00497e-05 0.00251402 0 -0.000287059 -0.00146139 0.000925103
internal_weight=2528 2022 1963 59 79 1884 29 506 246 260 226 188 122 162 71 49 38 1855 120 1735 165 63 27 102 36 76 42 1570 201 159 1369 719 650
internal_count=2528 2022 1963 59 79 1884 29 506 246 260 226 188 122 162 71 49 38 1855 120 1735 165 63 27 102 36 76 42 1570 201 159 1369 719 650
is_linear=0
shrinkage=0.060181


Tree=276
num_leaves=34
num_cat=0
split_feature=4 5 5 2 14 4 6 13 7 4 3 0 13 2 5 13 14 5 3 13 5 6 4 5 6 7 13 5 2 2 5 5 2
split_gain=0.994551 0.806161 0.871341 0.709559 0.670278 0.713477 0.604389 0.953415 0.672914 1.31725 0.897053 0.786537 0.77433 0.571283 0.914134 1.36444 1.06795 0.739098 0.764684 0.654452 0.620633 0.594492 0.564945 0.556187 0.562748 0.554837 0.533436 0.924488 0.555165 0.52549 1.13912 0.632677 0.666357
threshold=0.11380177676635071 -1.0186951952877981 -0.98036479635740503 -0.16731763273310926 2.933049057447366 -1.0321137360984209 1.0786535816735154 -0.33422855015502045 0.23836975077433117 -0.4490207211994785 -0.91377560877392427 1.0000000180025095e-35 0.52328659146806233 1.1056249656301982 -0.4638230892090387 -0.34419423863523996 -0.738224098466287 -0.97059567761952081 1.1481810632927465 0.24356306187973728 0.20835446363589177 -0.60396317650153386 0.29116545289921342 1.000812697639335 -0.60396317650153386 0.86200462475498962 -0.30722970608283412 -0.5164527309989434 1.6566028961479324 0.57846614960606291 -0.30461850286022202 0.039872093207392406 -0.074942712334490888
decision_type=2 2 2 2 2 2 2 2 2 2 2 2 2 2 2 2 2 2 2 2 2 2 2 2 2 2 2 2 2 2 2 2 2
left_child=3 -2 -3 6 13 -6 8 -8 -1 10 12 -11 -10 14 16 29 -5 -15 21 26 -17 -19 25 24 -13 -4 -20 -28 -29 31 -31 32 -16
right_child=1 2 22 4 5 -7 7 -9 9 11 -12 23 -14 17 15 20 -18 18 19 -21 -22 -23 -24 -25 -26 -27 27 28 -30 30 -32 -33 -34
leaf_value=0.00013095791746184555 0.0012558772493942226 -0.002972274141467723 0.0007485837733608653 0.0012054146714029217 -0.00025928467163084554 0.0048482001059180083 4.1299682713675692e-06 -0.00059673610208604367 0.00022624302146026975 -0.0019035721898502775 -1.0157400421393637e-05 -0.0023118251441640418 -0.00057395744424345197 -0.00054261190680210067 0.0015687040088492334 -0.0006317054569736785 -2.6137038774715932e-05 2.6607412298676504e-05 -2.741979976994825e-07 0.00028587189689551244 -3.6503723949852627e-05 0.0002422335948079851 2.1318872237559094e-05 0.00023397923546931358 9.8526938695104487e-05 -0.0023188991199862637 -0.00060340970295279055 0.0054489643826199441 -0.00030839077411592698 -0.0091454782544861443 0.00017365872450103583 -0.00043230257183375317 -0.00020064562340718885
leaf_weight=298 25 14.999999999999998 61 28 12.000000000000002 11.999999999999998 34 13.999999999999998 75 51 223 12.999999999999998 13.999999999999998 34 12.999999999999998 107 253 31 135 25 23 27 674 7.9999999999999991 31 8.9999999999999982 18 8.0000000000000018 18 17 62 52 108
leaf_count=298 25 15 61 28 12 12 34 14 75 51 223 13 14 34 13 107 253 31 135 25 23 27 674 8 31 9 18 8 18 17 62 52 108
internal_value=-0.000215069 0.00153181 0.00106908 -0.00103471 -0.00210731 0.00664336 0.000279197 -0.00588608 0.000801783 -0.000653734 0.00115311 -0.00651872 0.00620448 -0.00240993 -0.00338976 -0.00531373 -0.000538621 -9.48368e-06 0.000917024 -0.000593453 -0.0103814 0.00688441 0.00145277 -5.10996e-05 -0.00385227 0.00657964 -0.00215777 -0.00764486 0 -0.00236558 0.00112722 -0.00427568 -0.00123025
internal_weight=2528 784 759 1744 983 24 761 48 713 415 312 103 89 959 663 382 281 296 262 204 130 58 744 52 44 70 179 44 26 252 79 173 121
internal_count=2528 784 759 1744 983 24 761 48 713 415 312 103 89 959 663 382 281 296 262 204 130 58 744 52 44 70 179 44 26 252 79 173 121
is_linear=0
shrinkage=0.060181


Tree=277
num_leaves=34
num_cat=0
split_feature=8 11 8 8 8 7 8 4 9 0 8 9 11 18 7 12 11 5 5 9 9 8 5 9 9 5 4 8 4 7 12 8 11
split_gain=0.703345 0.742315 1.23702 1.12985 1.02287 0.920475 0.875375 1.19728 0.957447 0.806066 0.801998 0.787631 0.900714 0.768832 0.96165 0.739201 1.0674 0.835455 0.878542 0.777681 0.73262 1.02676 0.731848 0.708082 0.619867 0.65768 0.866294 0.561032 0.557624 0.490567 0.483985 0.612433 0.574849
threshold=2.3316729226004491 0.8137331024297545 1.0368690029747964 1.2814220412642245 0.70660895557243275 -0.73894298324467 0.8136468501624029 -0.75997484494810263 -0.49545164863115554 -1.1446077060016007 0.083800863070913625 -0.80696553348397293 -0.18428614991956593 1.0000000180025095e-35 0.22982680729514457 0.35096141226961375 -0.18428614991956593 0.13433364843686682 -0.21294917088058221 1.5114153081493849 0.33674021284741551 0.8775912371236404 -0.29834528583205649 1.5311383129721416 -0.84774096032884483 0.49459692688332907 -0.27173106901116995 1.9085023646409709 -1.1271831331911473 0.21188662598885225 1.0000000180025095e-35 2.2556862886215261 -0.18428614991956593
decision_type=2 2 2 2 2 2 2 2 2 2 2 2 2 2 2 2 2 2 2 2 2 2 2 2 2 2 2 2 2 2 2 2 2
left_child=1 3 5 4 10 24 7 -6 29 -5 -1 12 -12 14 -4 16 -13 18 -17 -18 21 -10 -9 -2 -3 26 -26 -11 -7 -8 31 -29 -32
right_child=23 2 13 9 6 28 8 22 20 27 11 15 -14 -15 -16 17 19 -19 -20 -21 -22 -23 -24 -25 25 -27 -28 30 -30 -31 32 -33 -34
leaf_value=1.075221871689029e-05 0.00047924787836166089 -9.2810819215562812e-06 0.0025913152939977097 0.0037270874505874897 -0.0023300354952223152 -0.00045255748890387021 -0.0088061993062420272 0.000718247220271662 -0.0021478095682010041 -0.00014391027796362791 0.0021417289829263994 -0.00035254641886561957 -0.0007706690377845089 -3.4115585020741128e-05 -0.00028958753845899322 0.0001581578524297572 4.430886800724034e-05 0.0010214948320705951 -0.0023400425237669804 -0.0022668529364329808 -2.5769649113742174e-07 0.00090141235669250906 0.0029641952774575441 -0.00025277733615151649 -0.001072521008520096 0.00015136893232378987 -0.00029346574854378709 2.1797946612294618e-05 -2.7891970879393541e-05 7.5599923876285553e-05 0.0010819202592680752 -0.0014639431921832974 -3.6664275619793515e-05
leaf_weight=1227 34 33 36 7.9999999999999991 8.9999999999999982 18 14.000000000000002 10.999999999999998 9.9999999999999982 166 20 101 15.999999999999998 28 10.999999999999998 40 52 20 22 17 63 58 28 10.999999999999998 54 7.9999999999999991 32 22 300 10.999999999999998 15.999999999999998 15.999999999999998 15.999999999999998
leaf_count=1227 34 33 36 8 9 18 14 11 10 166 20 101 16 28 11 40 52 20 22 17 63 58 28 11 54 8 32 22 300 11 16 16 16
internal_value=-0.000238841 -0.000400477 -0.00241908 0.00010855 0.000682902 -0.0036955 0.00465182 0.0117171 0.00190312 -0.00365727 0.000100944 -0.00269267 0.00463043 0.00424706 0.00897552 -0.0040137 -0.00625618 3.31917e-05 -0.00279531 0 0.00426852 0.00844436 0.0163111 0.00686848 -0.00808557 -0.010511 -0.0121211 -0.00453289 -0.00169298 -0.00746307 0 -0.00440783 0.00515064
internal_weight=2528 2483 520 1963 1719 445 204 48 156 244 1515 288 36 75 47 252 170 82 62 69 131 68 39 45 127 94 86 236 318 25 70 38 32
internal_count=2528 2483 520 1963 1719 445 204 48 156 244 1515 288 36 75 47 252 170 82 62 69 131 68 39 45 127 94 86 236 318 25 70 38 32
is_linear=0
shrinkage=0.060181


Tree=278
num_leaves=34
num_cat=0
split_feature=6 8 5 8 2 2 3 8 5 5 7 4 5 9 9 4 2 12 8 13 5 5 6 8 9 4 8 5 3 5 5 8 8
split_gain=0.882347 0.90855 0.793757 0.670246 0.938786 0.709757 0.624539 0.720195 0.88226 0.819181 0.81013 0.695824 0.710635 0.62284 0.70945 0.805948 1.10843 0.754993 0.899395 0.670942 0.910651 0.995199 0.804431 0.976581 0.819795 2.1666 0.91983 0.723002 0.661166 1.07217 0.686127 0.640041 0.838949
threshold=0.79821745531100707 -1.0573722555090628 -0.84321835605418116 -1.3701753745752276 -0.68670133497018593 -0.56315929011837362 0.038588316690446607 1.3408903144075663 -0.7602238804950231 -0.61479346138693536 -0.64667919366944948 -0.75058769643083378 1.246465220042493 0.37103716001405607 1.8136193907650322 -0.60451789746136397 -1.5310071858853926 2.9137298993221377 -0.46938107939774582 -0.29326317659238255 0.24236073042078624 -0.73026865548599929 -0.19888877175568878 -0.88997497836288608 -0.53919450132880331 -0.77246117380937995 1.2357189132761148 -0.45878857265640383 -0.77906515393863562 -0.20584053607589672 -0.16626155242784726 -0.87294278602033704 0.34794360120615048
decision_type=2 2 2 2 2 2 2 2 2 2 2 2 2 2 2 2 2 2 2 2 2 2 2 2 2 2 2 2 2 2 2 2 2
left_child=3 2 -2 4 -1 13 -7 8 -8 -9 -11 -12 -13 19 15 16 -15 18 -18 22 21 -21 23 -5 28 -26 -27 -24 29 -25 -30 -22 -33
right_child=1 -3 -4 5 -6 6 7 9 -10 10 11 12 -14 14 -16 -17 17 -19 -20 20 31 -23 27 24 25 26 -28 -29 30 -31 -32 32 -34
leaf_value=-7.0464907876660401e-05 0.00039741274130991133 -4.0949581553370012e-05 -0.002651090143455534 0.0016587464014463297 0.0005508574910237969 -7.2116092247986172e-05 -4.0891255729519787e-05 3.4604183722044904e-05 4.1887147406604969e-05 0.0033547086831438736 0.00024335552715734938 -0.00017145453964838371 6.2751372201799422e-06 -0.0068183690241784244 0.00012658612748962008 -0.00031630721103680933 -0.0016956383735288912 -0.0003116724613996227 0.0026056970284926797 -0.0054457779179936687 -0.0063548407930504123 0.00026230732346920518 -0.00023616041780278205 0.0013819205535293567 -8.0278109046574728e-05 0.0013107118649181644 -0.00011912925605181893 0.00013500803453718257 -0.0022231452204186167 -2.2833618124207363e-05 2.7122676463906143e-05 0.00072529325231531297 -0.001918151807673889
leaf_weight=15.999999999999998 7.9999999999999991 362 35 21 43 596 93 19 543 12.999999999999998 10.999999999999998 35 9.9999999999999982 13.999999999999998 36 132 8.9999999999999982 9.9999999999999982 42 14.999999999999998 24 70 45 10.999999999999998 35 83 9.9999999999999982 82 17 22 31 23 11.999999999999998
leaf_count=16 8 362 35 21 43 596 93 19 543 13 11 35 10 14 36 132 9 10 42 15 24 70 45 11 35 83 10 82 17 22 31 23 12
internal_value=-0.000310157 -0.002879 -0.0110372 0.000156981 0.00629379 -1.37422e-06 -0.000866029 0.000252039 0.00103944 -0.00462979 -0.00791361 -0.0111541 -0.0142976 0.00145277 -0.000865658 -0.0024424 0.0019502 0.00609895 0.00942016 0.00268907 -0.000426969 0.00308852 0.00409667 0.00619503 0.00440089 0.0073382 0.0121772 0 0 0.00583198 -0.00471988 -0.00629379 0
internal_weight=2528 405 43 2123 59 2064 1320 724 636 88 69 56 45 744 243 207 75 61 51 501 144 85 357 230 209 128 93 127 81 33 48 59 35
internal_count=2528 405 43 2123 59 2064 1320 724 636 88 69 56 45 744 243 207 75 61 51 501 144 85 357 230 209 128 93 127 81 33 48 59 35
is_linear=0
shrinkage=0.060181


Tree=279
num_leaves=34
num_cat=0
split_feature=13 4 5 13 13 3 3 3 3 8 3 4 5 5 3 4 5 7 5 10 8 8 5 6 5 8 5 8 2 2 8 8 6
split_gain=0.546448 1.34073 1.24151 0.95217 0.949246 0.870317 1.54334 0.829258 1.02094 0.927181 0.679235 0.598192 0.558053 0.893861 1.05179 1.02288 0.862111 0.977165 0.80518 0.679259 0.840847 0.818124 0.909563 0.962187 0.798177 0.673872 1.19635 1.08546 0.829375 1.31664 0.66664 1.1777 0.660006
threshold=0.42584894298929438 -0.3200211250365545 -0.090310672499453085 4.1655056237591817 2.2738243745509061 -0.92019391069077316 0.28612606986442229 1.1656671948162527 -0.28176410276370983 -0.82089911764323775 -0.62771428957652808 0.40070406158625554 0.10665614093846952 0.039872093207392406 -0.44881620846372683 -0.38455047849741408 0.24236073042078624 0.19907221077007112 -0.045832712166879591 0.42198839199912297 -0.46093656480603734 -1.119478344096738 -0.12038904465786894 0.14386649379848784 -0.41293124081651128 1.1810861122565552 -0.4638230892090387 2.1581858124231945 0.052486513137856058 0.78648687318898869 0.042201615330428557 -0.056859263721700394 0.23734520258599057
decision_type=2 2 2 2 2 2 2 2 2 2 2 2 2 2 2 2 2 2 2 2 2 2 2 2 2 2 2 2 2 2 2 2 2
left_child=12 2 7 -4 5 -3 11 8 9 -2 -6 -7 13 18 -15 -16 17 -14 19 -1 21 -21 23 -23 -25 28 -27 -28 30 32 31 -22 -30
right_child=1 4 3 -5 10 6 -8 -9 -10 -11 -12 -13 16 14 15 -17 -18 -19 -20 20 25 22 -24 24 -26 26 27 -29 29 -31 -32 -33 -34
leaf_value=-3.9267657368428628e-05 0.00032060405596697237 0.0044396315917204603 -0.00023475647123807447 0.0047384980551668432 -0.00035499043390465587 0.00031642800725914912 0.00026119199529815425 -0.00051756190689062882 0.0016351893261279578 -0.004210316929021944 0.00025642201883125114 -0.00095339550128695162 0.00066109202465838195 7.0024350618493676e-05 -0.0050808010553847482 -5.1980472496966666e-06 -3.9349981640465581e-06 -6.5557825865563039e-05 0.00018825058871056857 0.00010280443246768192 0.00063531348798173107 -0.0024986672755414811 0.0051224852080202516 6.8731031232428498e-05 -0.00047473435827802962 0.00020575792826220364 -0.0029889422111173273 0.00013151315882883587 6.1941830860596953e-05 0.00091516307139273328 0.00064545655292324959 -0.019298831914676989 -0.002004229568860478
leaf_weight=922 20 24 56 9.9999999999999982 13.999999999999998 20 27 19 44 12.999999999999998 24 17 50 29 26 17 559 47 95 40 46 51 9.9999999999999982 69 38 38 23 13.999999999999998 11.000000000000002 56 69 9.9999999999999982 20
leaf_count=922 20 24 56 10 14 20 27 19 44 13 24 17 50 29 26 17 559 47 95 40 46 51 10 69 38 38 23 14 11 56 69 10 20
internal_value=-0.000524104 0.00186716 -0.00147077 -0.00782238 0.00652275 0.00988553 0.00449301 0.00244533 0.00563493 -0.000899675 -6.82949e-05 -0.00229318 -0.000859614 -0.00148015 -0.00799759 -0.0136198 0.000551736 0.0057111 -0.00111369 -0.00150588 0.000186747 -0.00257306 -0.00457561 -0.00597594 -0.00193008 0.0023913 -0.0019502 -0.00970387 0.00420009 0 0.0072754 0.00105735 -0.0096473
internal_weight=2528 288 162 66 126 88 64 96 77 33 38 37 2240 1584 72 43 656 97 1512 1417 495 208 168 158 107 287 75 37 212 87 125 56 31
internal_count=2528 288 162 66 126 88 64 96 77 33 38 37 2240 1584 72 43 656 97 1512 1417 495 208 168 158 107 287 75 37 212 87 125 56 31
is_linear=0
shrinkage=0.060181


Tree=280
num_leaves=34
num_cat=0
split_feature=10 9 4 10 2 3 8 10 4 4 8 9 9 5 8 8 2 2 10 9 10 3 9 5 2 5 9 3 0 5 3 5 5
split_gain=0.536224 0.723909 0.685726 0.684207 0.97732 0.701334 0.730869 1.15401 0.877171 0.882147 0.781823 0.648198 0.831744 0.743399 0.64695 0.636837 1.35922 1.54865 1.15351 1.50662 1.01868 0.745887 0.67041 0.673615 0.608462 0.974283 1.0337 0.908593 0.755131 0.902866 0.949465 0.60463 0.664581
threshold=0.45833972955897767 -1.4222159022248613 -0.59486502806532471 -1.1059096613797432 0.78648687318898869 0.97096735872971396 -1.0177295355411444 -0.74313100330113258 -0.30810878936209668 0.73798823501213617 -0.95847582522443064 -1.2840401262390628 -0.24483395035923891 -0.16626155242784726 -0.50329542683273187 0.11789690472362062 -1.2356273598074463 -0.016227893122694646 1.0000000180025095e-35 0.35131760949051516 0.027086601199668856 -0.70792481276945163 1.8136193907650322 1.4730917322475066 0.052486513137856058 -0.51104446484713961 0.71982376240534307 -0.90337481916557516 1.0000000180025095e-35 0.41574487907995461 -1.3299183328684092 -0.36503821892845884 -0.30461850286022202
decision_type=2 2 2 2 2 2 2 2 2 2 2 2 2 2 2 2 2 2 2 2 2 2 2 2 2 2 2 2 2 2 2 2 2
left_child=3 2 14 11 5 6 7 -5 -9 -10 -8 13 -13 -1 -2 16 -12 21 22 -20 -19 -18 23 -17 25 -3 28 -28 31 30 -30 -27 -33
right_child=1 24 -4 4 -6 -7 10 8 9 -11 15 12 -14 -15 -16 18 17 20 19 -21 -22 -23 -24 -25 -26 26 27 -29 29 -31 -32 32 -34
leaf_value=-2.8237831409908256e-05 0.00069302456337870066 0.00028411421325466124 -0.0001218714777577822 -0.0045478104666254304 2.5003162930493906e-05 -0.00028115765366081637 -0.00078873950058706691 9.473532612810969e-06 0.0020259524355198785 0.00034354655609573431 0.00068188119946706468 -8.2744876709459444e-05 6.5208914329933804e-05 0.002123027614415561 -0.0032703923520770797 -2.2181482924919089e-05 -0.00052580593352430231 -3.0382480006130473e-05 -2.6892065091232832e-05 -0.00050626615217922095 0.00070168733459379494 -3.4754460246294357e-05 0.012890353608804401 -0.00087281572611278566 -4.8852236274774374e-06 -0.0020736387710653718 0.00017355259663199906 -0.0017895730778024819 -0.00092947359078686485 -5.0135642896024374e-05 0.00047503402639887987 0.00019661386631013064 -1.8684665487692858e-05
leaf_weight=8.0000000000000018 14.000000000000002 124 42 19 274 63 29 63 19 22 35 114 236 20 14.999999999999998 250 88 149 70 55 46 157 10.999999999999998 27 289 21 14.999999999999998 53 8.9999999999999982 32 63 12.999999999999998 83
leaf_count=8 14 124 42 19 274 63 29 63 19 22 35 114 236 20 15 250 88 149 70 55 46 157 11 27 289 21 15 53 9 32 63 13 83
internal_value=-0.000310157 0.000972315 -0.00447477 -0.000908469 -0.00154951 -0.00236825 -0.00190572 0.00216151 0.00505994 0.0115321 -0.00251988 0.00126909 0.000348422 0.00961096 0.00101005 -0.00209561 -0.000446036 -0.00149871 -0.00383491 -0.00867926 0.00228695 -0.0047319 -0.0014544 -0.00226205 0.00162454 0.00311263 0.000935242 -0.00508249 0.00309399 0.00673778 0.0103856 0 0.00184113
internal_weight=2528 773 71 1755 1377 1103 1040 123 104 41 917 378 350 28 29 888 475 440 413 125 195 245 288 277 702 413 289 68 221 104 72 117 96
internal_count=2528 773 71 1755 1377 1103 1040 123 104 41 917 378 350 28 29 888 475 440 413 125 195 245 288 277 702 413 289 68 221 104 72 117 96
is_linear=0
shrinkage=0.060181


Tree=281
num_leaves=34
num_cat=0
split_feature=9 15 7 5 6 11 11 5 4 7 4 4 12 2 9 4 2 9 4 9 12 11 9 9 4 5 6 12 5 16 6 6 11
split_gain=0.419131 0.340815 0.344887 0.373437 0.672806 0.817807 0.77402 0.635289 0.649959 0.48127 0.437166 0.905999 0.850102 0.834674 1.57944 1.12116 0.649409 0.568641 0.646606 0.549589 0.698358 0.691548 0.658118 0.767656 0.712742 0.550956 0.446619 0.426677 0.41276 0.397061 0.365995 0.354863 0.310986
threshold=-2.1725784022950703 3.3361916520036639 2.2844047140396389 -0.058090061689085093 0.23734520258599057 0.8137331024297545 1.0000000180025095e-35 -0.086138626634831086 -0.55940924562416361 1.7581593957217145 -0.80296506951900448 -0.73203799872002195 2.4011762019116332 -0.45219797537848 1.616593237678726 -0.98384955891393078 0.89594225797231386 -0.96761379697633698 -0.90963647092959699 0.84757696692981699 1.0000000180025095e-35 1.2129408033694828 -1.7493325393187169 -1.8655880814435755 -0.66605189240396123 -0.33578110888047302 0.86053659450267561 0.35096141226961375 0.039872093207392406 1.6165153522599058 0.8293770249068414 1.0000000180025095e-35 -1.3819092527387502
decision_type=2 2 2 2 2 2 2 2 2 2 2 2 2 2 2 2 2 2 2 2 2 2 2 2 2 2 2 2 2 2 2 2 2
left_child=-1 2 3 7 9 6 28 10 -9 32 13 12 16 15 17 27 -12 29 -19 22 21 -21 23 -13 -24 -22 -17 -2 -6 -15 -7 -29 -5
right_child=1 -3 -4 4 5 30 -8 8 -10 -11 11 19 -14 14 -16 26 -18 18 -20 20 25 -23 24 -25 -26 -27 -28 31 -30 -31 -32 -33 -34
leaf_value=0.00056993125650068352 0.003765911436264468 -0.0091389353937800823 0.00020760483624206072 6.4468256830857763e-05 0.0032353191944923892 8.8294957634486336e-05 0.0076559758393144372 -0.0041942558543943782 -0.00023524247411873265 -0.00040404303985896084 -0.0070601730856777239 0.00018587226109348579 0.00022008624986440164 -1.6569036906007832e-05 0.010149441698486052 0.00086989823364970204 -4.3010144152117416e-06 -0.00026730465631548839 6.1698417623841872e-05 -0.00029573857776364507 -2.986927091070499e-05 0.0047974848323713692 0.00035358172115166269 -0.0015232108149442897 -7.3825027831999706e-06 0.0012675525106421615 -4.946006555397811e-07 -0.00014771599313448007 -0.00016060542629058185 0.00013509653016587008 -0.0001530597496278119 3.8651072344339842e-05 -5.7714347393277647e-06
leaf_weight=20 12.999999999999998 7.9999999999999991 50 137 12.000000000000002 52 35 13.999999999999998 21 23 34 18 10.999999999999998 23 12.999999999999998 33 11.999999999999998 103 54 115 80 9.9999999999999982 64 27 759 25 7.9999999999999991 12.999999999999998 12.999999999999998 8.9999999999999982 29 50 640
leaf_count=20 13 8 50 137 12 52 35 14 21 23 34 18 11 23 13 33 12 103 54 115 80 10 64 27 759 25 8 13 13 9 29 50 640
internal_value=-0.000143754 -0.000240743 -0.000169399 -0.000295489 0.000608256 0.00438951 0.00950647 -0.000897071 -0.00864769 -3.53576e-06 -0.000653583 -0.00122311 -0.00848753 0.00122137 -0.000891929 0.00526302 -0.0121895 -0.00267066 -0.00432693 -0.000767404 -0.00336122 -0.00633949 -3.25991e-06 -0.00686848 0.00033106 0 0.0128813 3.56935e-05 0 0.00346036 0 -0.001398 0.000196378
internal_weight=2528 2508 2500 2450 941 141 60 1509 35 800 1474 1155 57 319 202 117 46 189 157 1098 230 125 868 45 823 105 41 76 25 32 81 63 777
internal_count=2528 2508 2500 2450 941 141 60 1509 35 800 1474 1155 57 319 202 117 46 189 157 1098 230 125 868 45 823 105 41 76 25 32 81 63 777
is_linear=0
shrinkage=0.060181


Tree=282
num_leaves=34
num_cat=0
split_feature=10 6 6 4 6 9 6 4 9 11 5 5 5 11 9 9 4 6 6 0 6 9 11 10 9 7 7 9 1 11 10 9 6
split_gain=0.840444 0.63459 0.780257 0.727291 1.06005 0.88616 0.708943 0.677363 1.35062 0.662851 0.670109 1.21182 1.12532 0.569354 0.818788 0.697964 0.683588 0.667944 0.63502 0.59473 0.850518 0.791152 0.576388 0.541965 0.539041 0.779029 1.09334 0.925523 0.918616 1.09791 1.13166 0.891758 0.80572
threshold=0.41199039263780374 1.4525684168235262 1.7018449735902001 -0.68017619844788646 0.019228215415150855 -1.4222159022248613 -0.043090923776517541 0.57999657307469099 0.48349217632023184 -0.38389000038943 -0.25245117209183898 0.0074507563399396513 0.17058159326935604 0.21492155102016219 0.064481678529993716 1.3167932581544126 -0.25108112846234709 -0.60396317650153386 0.019228215415150855 1.0000000180025095e-35 0.48662175935266461 -0.22685477130828802 1.0133369528996188 0.75455744704735661 -0.60264200614397156 -0.51597215843788702 -0.10078510534939593 0.74186853447891854 1.0000000180025095e-35 0.61412925195989043 0.17744771559928355 0.90925374585187735 0.019228215415150855
decision_type=2 2 2 2 2 2 2 2 2 2 2 2 2 2 2 2 2 2 2 2 2 2 2 2 2 2 2 2 2 2 2 2 2
left_child=24 3 -3 4 6 -5 -2 13 -9 -6 -11 23 -13 14 17 -16 -17 -7 -15 20 -20 -21 -23 -12 -1 28 27 -27 -26 -30 -31 -29 -33
right_child=1 2 -4 5 9 7 -8 8 -10 10 11 12 -14 18 15 16 -18 -19 19 21 -22 22 -24 -25 25 26 -28 31 29 30 -32 32 -34
leaf_value=1.3758797502297756e-05 0.0001193528240777971 -0.00046017203513615902 -4.6327575160816962e-05 -0.00015041063112499549 -0.00017456798398636289 -7.16720936986412e-05 -0.012273476222964631 0.00058383985679467921 -0.00021246067816899363 0.00038436647481939195 -0.0071718730299986221 0.006829998741162792 1.8405338247503524e-05 -0.0021370044851116731 -0.00011904800408118655 0.0018309850426634635 -0.0028953988258224191 0.00016603770402536262 0.0020514516649563779 -0.001468049800107707 -2.1321393310192921e-05 -0.0004731394300933041 0.0013035754645797546 0.00020871706441450007 -0.00050319839490117746 5.2153897988728223e-06 -3.6470232524696893e-05 0.004097593654418836 6.0588493403369597e-05 -0.0025262133588937401 3.220831773670009e-05 0.00031410778562927447 -0.0083307141909393315
leaf_weight=471 77 17 72 43 17 12.999999999999998 9.9999999999999982 67 37 81 20 22 39 31 58 9.0000000000000018 7.9999999999999991 66 20 28 48 15.999999999999998 22 14.999999999999998 89 190 739 17 83 20 13.999999999999998 51 18
leaf_count=471 77 17 72 43 17 13 10 67 37 81 20 22 39 31 58 9 8 66 20 28 48 16 22 15 89 190 739 17 83 20 14 51 18
internal_value=-2.48942e-05 0.00150862 -0.00295511 0.00212847 0.00455627 0.000518661 -0.000363469 0.00148789 0.00561922 0.0070191 0.00817963 0.00365374 0.00889355 0 0.00269097 -0.00118458 0.00743994 0.00695559 -0.00233694 -2.06487e-05 0.00340155 -0.00436391 6.82949e-05 -0.00397091 -0.000818 -0.00150119 -0.000741312 0.00237776 -0.00489455 -0.000772053 -0.00967784 0.00741966 0.00294026
internal_weight=2528 836 89 747 281 466 87 423 104 194 177 96 61 319 154 75 17 79 165 134 68 66 38 35 1692 1221 1015 276 206 117 34 86 69
internal_count=2528 836 89 747 281 466 87 423 104 194 177 96 61 319 154 75 17 79 165 134 68 66 38 35 1692 1221 1015 276 206 117 34 86 69
is_linear=0
shrinkage=0.060181


Tree=283
num_leaves=34
num_cat=0
split_feature=8 2 2 8 11 6 14 6 7 6 4 6 8 8 3 7 3 13 13 3 7 4 8 16 13 7 3 13 12 12 8 2 8
split_gain=0.669966 0.780175 0.592134 0.544503 0.905921 1.26166 1.05377 1.32493 1.25871 1.36734 1.76573 1.16208 0.928535 0.891978 0.996044 0.801001 0.748598 1.22734 1.0984 1.07336 1.0088 1.0192 0.897593 0.977207 0.847118 1.13959 0.761111 0.711833 0.827427 0.700391 0.66093 0.6462 0.622312
threshold=-1.3701753745752276 -0.37926617811272517 2.7053358643605336 0.62285889867506772 1.0133369528996188 -0.10541006296818604 1.0000000180025095e-35 0.98517487288601269 0.0205246920550619 0.36198348096932759 -0.90963647092959699 0.51778132894849893 -0.14443252565839587 0.75869737685808669 -1.459711654696098 0.24776698860143817 -0.71819098996271269 1.473971236041012 1.0000000180025095e-35 -0.4771418746610171 -0.36476205885627599 1.0179361079683582 -0.35851183895213679 1.0000000180025095e-35 -0.072257773200218797 0.80562119779235386 0.62947254590718271 -0.32114557897330248 -0.67414598255139557 -0.67414598255139557 -0.52929698341593245 -0.94098171233618022 -1.1073008537514022
decision_type=2 2 2 2 2 2 2 2 2 2 2 2 2 2 2 2 2 2 2 2 2 2 2 2 2 2 2 2 2 2 2 2 2
left_child=1 -1 3 4 5 16 8 -8 9 10 -7 -11 -13 29 -15 -10 22 18 20 -19 21 -18 27 24 25 -24 -20 28 -2 -5 -30 -21 -22
right_child=2 -3 -4 13 -6 6 7 -9 15 11 -12 12 -14 14 -16 -17 17 19 26 31 32 -23 23 -25 -26 -27 -28 -29 30 -31 -32 -33 -34
leaf_value=-9.2895538138561908e-05 5.7225893501694512e-06 0.00030627212788764618 -0.00020191729417548749 -1.3666822323376941e-06 -9.9273970273599987e-05 -0.0013211346322042261 4.0332644494468657e-05 -0.0004360338162105803 -0.00067812216432009212 -0.0088358060478634422 0.0014028816164407625 0.00031904878495539192 -0.00037957166406454575 -0.0029695387248477377 2.6679044479938057e-05 3.3492278692089158e-05 -0.0013499715786457042 -0.0018156793763339394 -0.0080825536528638959 -1.1931355435490227e-05 -0.00049385601110210446 1.5202404462097229e-06 -0.00017438610671071753 -0.0050849135411680365 0.00099854647023181497 0.00013236442327710273 3.6518750050859771e-05 -2.0279770103806195e-06 0.0017955636097102849 0.0033633839949723269 -0.00018934485169439864 0.004518598116226214 -1.812132290160938e-06
leaf_weight=23 63 47 24 26 316 13.999999999999998 178 36 25 9.9999999999999982 84 83 35 10.999999999999998 557 69 58 14.999999999999998 35 8.9999999999999982 20 36 93 12.999999999999998 17 49 8.9999999999999982 113 43 43 13.999999999999998 28 332
leaf_count=23 63 47 24 26 316 14 178 36 25 10 84 83 35 11 557 69 58 15 35 9 20 36 93 13 17 49 9 113 43 43 14 28 332
internal_value=9.62099e-05 0.00576201 -5.005e-05 2.58542e-05 -0.000486207 0.000103256 0.00246803 -0.000566181 0.00465806 0.00708928 0.0124664 0.00230803 0.0044774 0.00155451 0.000636677 -0.000645693 -0.00117419 -0.00265245 -0.0036634 0.00546265 -0.00254953 -0.00804468 0.000669733 -0.00241514 -0.000572635 -0.00249943 -0.0127016 0.00319142 0.00635249 0.00791361 0.0114666 0.011186 -0.00085417
internal_weight=2528 70 2458 2434 1797 1481 534 214 320 226 98 128 118 637 568 94 947 542 490 52 446 94 405 172 159 142 44 233 120 69 57 37 352
internal_count=2528 70 2458 2434 1797 1481 534 214 320 226 98 128 118 637 568 94 947 542 490 52 446 94 405 172 159 142 44 233 120 69 57 37 352
is_linear=0
shrinkage=0.060181


Tree=284
num_leaves=34
num_cat=0
split_feature=9 13 7 6 6 7 6 3 3 13 3 6 8 5 5 3 3 8 8 7 9 1 2 3 2 9 14 3 2 5 2 6 12
split_gain=1.0506 0.636929 1.2189 0.674825 0.541511 0.720935 0.507955 0.544311 0.457311 0.642054 1.47003 0.81001 0.631325 0.742006 0.961683 0.954571 0.850296 0.686982 1.28082 0.696488 0.767327 0.866828 0.679075 0.793508 0.725279 0.640934 0.634533 0.617308 0.9082 0.928066 0.736233 0.727627 0.57029
threshold=-2.1725784022950703 2.1766323342875986 -0.56381264192133496 0.8293770249068414 -0.8532397332682079 -0.25199520493100697 -0.51048446771403111 -0.11577925463464463 1.1481810632927465 1.9183243610486522 -0.53639041784214958 0.45546218975683034 0.62285889867506772 -0.7048546850540055 -0.55500941399647818 0.15966714088420572 -1.0537142412638232 -0.27784623751199261 -0.40701864861495524 0.94914264824269756 -0.69410122739150271 1.0000000180025095e-35 -1.1783771461870627 0.67681202699394538 -1.4327136312961459 1.2218680877244652 1.0000000180025095e-35 -0.89563848150651026 -1.1595629947104646 -0.47455097139352698 -0.71712732274200242 -0.94671844205571054 0.35096141226961375
decision_type=2 2 2 2 2 2 2 2 2 2 2 2 2 2 2 2 2 2 2 2 2 2 2 2 2 2 2 2 2 2 2 2 2
left_child=-1 8 -3 4 -4 -6 -7 -8 9 12 -11 -12 17 15 25 16 -14 18 19 22 -21 -22 24 -24 -2 -15 -18 30 -29 -30 -16 -32 -19
right_child=1 2 3 -5 5 6 7 -9 -10 10 11 -13 13 14 27 -17 26 32 -20 20 21 -23 23 -25 -26 -27 -28 28 29 -31 31 -33 -34
leaf_value=0.00052437470310936801 1.7036096668724319e-05 -0.00076223407856472383 0.0046348138303864625 0.0038372309334826532 0.00029016592742909381 -0.0020604605327072668 0.00066106065306588272 -0.00043472985060535109 -5.1401182116499064e-05 -0.00022840268072788132 0.0038429063418350708 0.0031198580720344466 0.0031788891977347455 0.0029913595214106957 0.00092041870049311251 0.00011850273271429524 -0.0024527321746696858 -8.8381819662852084e-05 0.00019768840362383586 0.00020204223563077481 -2.0235588308691207e-05 -0.00030168731418544733 -1.7913783792861455e-05 0.00011953600430022863 0.00054882584270726298 -0.00029496832699707086 0.00011584349737242812 -0.00024714485479072565 -0.00066168648225244705 0.00010402944655616881 0.0012330250838852683 -0.00084392371978269114 2.6771980163337557e-05
leaf_weight=20 27 24 12.999999999999998 8.9999999999999982 11.999999999999998 14.999999999999991 22.999999999999993 12.000000000000012 331 18 18.000000000000004 7.9999999999999991 11.999999999999998 30 32 34 37 370 114 38 37 42 593 73 17 11.999999999999998 15.999999999999998 55 29 241 11.999999999999998 28 176
leaf_count=20 27 24 13 9 12 15 23 12 331 18 18 8 12 30 32 34 37 370 114 38 37 42 593 73 17 12 16 55 29 241 12 28 176
internal_value=0.000215069 7.30148e-05 -0.00433935 -3.2434e-05 -0.00271582 -0.00554732 -0.00903454 -0.00241199 0.000301636 0.00065469 0.00764486 0.0163588 0.000461227 0.00222757 0.00333769 -0.00208057 -0.00662057 -0.000143214 0.000799386 0 -0.00426502 -0.00768414 0.000678653 9.41188e-05 0.00764486 0.011939 -0.0101505 0.00218536 0.000832782 0.00242991 0.00720159 6.51624e-05 -0.00186665
internal_weight=2528 2508 108 84 75 62 50 35 2400 2069 44 26 2025 538 439 99 65 1487 941 827 117 79 710 666 44 42 53 397 325 270 72 40 546
internal_count=2528 2508 108 84 75 62 50 35 2400 2069 44 26 2025 538 439 99 65 1487 941 827 117 79 710 666 44 42 53 397 325 270 72 40 546
is_linear=0
shrinkage=0.060181


Tree=285
num_leaves=34
num_cat=0
split_feature=8 2 9 11 13 8 6 6 14 9 4 5 5 11 4 4 6 18 12 6 5 8 8 9 2 4 19 8 8 3 3 9 2
split_gain=0.720644 0.780175 0.552154 0.456342 1.74668 1.45689 1.23375 1.08018 0.775026 0.969672 1.33432 0.771739 0.754699 0.737263 1.39258 1.18134 0.818114 0.720512 0.588518 0.57045 0.490911 0.478928 0.476425 0.565814 0.459362 0.482373 0.445988 0.717813 0.652566 0.736548 0.711422 0.612971 0.544355
threshold=-1.3701753745752276 -0.37926617811272517 -0.37539256288986406 0.8137331024297545 0.17701643805901665 1.2222470349704084 0.6424196073318359 0.11270692420265362 -0.738224098466287 -0.58575692104737143 0.31698370310915908 -0.49501265579601733 -0.045832712166879591 1.4125446538393469 -0.23923763647717566 -0.29405379810221027 1.8888023911652054 1.0000000180025095e-35 1.0000000180025095e-35 0.8293770249068414 0.37104646466528596 -0.16756330913097148 -0.77216774719219738 -0.99949782536233134 -0.86042910353959889 1.3240321065846747 1.0000000180025095e-35 -0.83627887818215818 1.2814220412642245 -1.2588693853682555 -1.459711654696098 -0.84774096032884483 2.7053358643605336
decision_type=2 2 2 2 2 2 2 2 2 2 2 2 2 2 2 2 2 2 2 2 2 2 2 2 2 2 2 2 2 2 2 2 2
left_child=1 -1 -3 26 5 8 -6 -7 -5 11 13 22 21 14 19 18 -17 -9 -15 -11 -13 -8 23 -10 -12 -26 28 -28 32 30 -30 -31 -2
right_child=3 2 -4 4 6 7 12 17 9 10 24 20 -14 15 -16 16 -18 -19 -20 -21 -22 -23 -24 -25 25 -27 27 -29 29 31 -32 -33 -34
leaf_value=-8.833024195850319e-05 1.3031136859495353e-05 0.00048264436373443771 5.8216228280175626e-05 0.00028529676489052927 -0.0050493512429274209 -0.00021660449782879269 -8.0955219469685928e-05 0.0028318215129966256 -0.00029732399747486258 -0.00040901884882510767 0.0055633810976501892 0.00011089214999935528 -0.00037498203999338674 -0.0006179121692715733 -0.005215138681708492 -4.0453689570107609e-06 0.011413524093469298 9.1557486822389005e-05 -5.3087278988658939e-05 0.00010161265780799914 -9.2277785419966665e-05 0.0072358761060657096 -0.00032049119454561286 0.0024957673147765593 0.0012474843498955696 -0.003142316593889622 -0.00013902198304342921 0.00085453170503085071 -0.001370426841445091 1.3767992323200446e-05 0.0013939528230812221 -0.00013881527724650449 -0.00025682938624838406
leaf_weight=23 1567 33 13.999999999999998 29 26 13.999999999999998 22 32 14.000000000000002 59 9.9999999999999982 43 7.9999999999999991 43 33 19.000000000000004 9.9999999999999982 17 37 13.999999999999998 11.999999999999998 10.999999999999998 24 8.9999999999999982 16.000000000000004 11.999999999999998 17 74 10.000000000000002 48 8.9999999999999982 196 23
leaf_count=23 1567 33 14 29 26 14 22 32 14 59 10 43 8 43 33 19 10 17 37 14 12 11 24 9 16 12 17 74 10 48 9 196 23
internal_value=-7.2438e-05 0.00576201 0.0101648 -0.000270081 -0.00186578 -0.000340196 -0.0106949 0.00772294 -0.0018705 -0.00277696 -0.00481891 0.00173653 -0.00208754 -0.00675776 -0.0104584 -0.00243025 0.00654747 0.0120664 -0.00651248 -0.00435795 0.00672337 0.000899675 -0.00302927 0.00123785 0.00440783 0 0.000125059 0.00416491 -5.01522e-05 -0.0028323 0.00678166 -0.00390033 0.000379424
internal_weight=2528 70 47 2458 514 447 67 63 384 355 253 102 41 215 106 109 29 49 80 73 55 33 47 23 38 28 1944 91 1853 263 19 244 1590
internal_count=2528 70 47 2458 514 447 67 63 384 355 253 102 41 215 106 109 29 49 80 73 55 33 47 23 38 28 1944 91 1853 263 19 244 1590
is_linear=0
shrinkage=0.060181


Tree=286
num_leaves=34
num_cat=0
split_feature=8 7 10 0 0 1 5 3 12 0 12 12 3 0 10 0 10 0 11 5 5 3 11 8 7 8 8 5 11 10 8 11 10
split_gain=0.91306 0.8761 1.42546 0.799505 0.733316 0.724839 0.718592 1.1918 0.628113 0.587118 0.667505 0.656828 0.483688 0.606762 0.928678 0.720403 0.871943 0.517519 0.484687 0.777805 0.643132 0.445137 1.47446 1.37713 0.789605 0.759628 0.70481 0.443455 0.407268 0.405369 0.417621 0.387413 1.23342
threshold=-1.3701753745752276 -0.46471449756276512 -0.95668899120534601 4.2558556772982268 -1.1446077060016007 -1.4759321159128549 -0.14620478637704717 -0.54967891987932205 1.0000000180025095e-35 1.0000000180025095e-35 0.86351510968011858 1.0000000180025095e-35 0.65229503642985565 1.0000000180025095e-35 -0.55142441923615526 1.01557764731833 0.1485011051567631 1.01557764731833 1.8117523547790746 0.15114031494392058 -0.60350513862027333 1.6920904454785799 1.0133369528996188 -0.029090988105303899 -0.31265010363323603 -0.32450821588600121 -0.39578850609310351 -0.19289164315669585 1.612148504309211 -0.49361366080074071 -0.13392832520994247 1.4125446538393469 1.813961127238173
decision_type=2 2 2 2 2 2 2 2 2 2 2 2 2 2 2 2 2 2 2 2 2 2 2 2 2 2 2 2 2 2 2 2 2
left_child=1 -1 -3 4 6 9 7 -2 -9 10 -6 -11 17 14 -14 21 -17 31 19 20 -16 24 23 -23 25 -15 -24 29 -26 -19 -31 32 -7
right_child=3 2 -4 -5 5 12 -8 8 -10 11 -12 -13 13 15 18 16 -18 27 -20 -21 -22 22 26 -25 28 -27 -28 -29 -30 30 -32 -33 -34
leaf_value=-0.00014621462082237247 -0.0048319361444708626 -0.0052320323260862441 0.00059746709873327185 0.00024050520844089095 -0.0097220477929214517 -2.5038308426756286e-06 0.0034322463631176925 -0.0014914512978368569 0.0010144930472043069 4.7034062583417206e-05 4.9860222003645292e-05 -0.0010548689909899447 -0.00041748867414334259 0.00018426187568969504 3.7811194976888593e-06 0.026192670448818546 -0.0012963669322022776 -0.001400846659203762 -0.00055026766496295081 0.00020601469030120858 -0.00015949040241887991 0.00031867219202765098 -0.0013811176534382589 -9.4113042035984278e-07 -0.00042994145037237826 -0.00016804355907252061 0.00024282121980482216 0.00097720474215463177 0.0011982361948171519 -0.00013970461502582168 0.0023335371249995772 -9.8704225914042812e-05 0.0010328287611376934
leaf_weight=13.999999999999998 10.999999999999998 11.999999999999998 44 12.999999999999998 31 1524 34 17 29 15.000000000000002 15.999999999999998 9.9999999999999982 21 45 63 13.999999999999998 20 10.000000000000002 12.999999999999998 27 81 36 19 32 65 49 19 48 18 12.000000000000004 8.9999999999999964 126 31
leaf_count=14 11 12 44 13 31 1524 34 17 29 15 16 10 21 45 63 14 20 10 13 27 81 36 19 32 65 49 19 48 18 12 9 126 31
internal_value=-1.12235e-06 0.00657964 0.0101444 -0.000221185 -0.000332959 -0.000562785 0.00480104 0 0.00491018 -0.00640559 -0.0101648 0 -0.000343539 -0.00195188 -0.00448527 -0.000102718 -0.00807746 0.000103983 -0.00258144 -0.00122262 -0.003281 0.000744842 0.00386945 0.00928483 -0.000848783 0.00249544 -0.00440783 0.00476995 -0.00524454 0 0.00378443 -9.09969e-05 0.000136965
internal_weight=2528 70 56 2458 2445 2354 91 57 46 72 47 25 2282 522 205 317 34 1760 184 171 144 283 106 68 177 94 38 79 83 31 21 1681 1555
internal_count=2528 70 56 2458 2445 2354 91 57 46 72 47 25 2282 522 205 317 34 1760 184 171 144 283 106 68 177 94 38 79 83 31 21 1681 1555
is_linear=0
shrinkage=0.060181


Tree=287
num_leaves=34
num_cat=0
split_feature=0 8 2 0 5 6 11 6 2 5 1 5 4 8 5 5 11 2 6 6 4 5 8 8 17 13 5 6 12 4 2 12 5
split_gain=0.776753 0.750834 0.780175 0.432726 0.59809 0.477302 0.495717 0.440257 0.408664 0.355543 0.323405 0.876966 0.57045 0.559821 0.493031 0.719482 0.660728 0.579081 0.476623 0.675519 0.455838 0.431837 0.527977 0.922968 0.850068 0.60813 0.480084 0.38405 0.380498 0.346517 0.319953 0.439287 0.563843
threshold=4.2558556772982268 -1.3701753745752276 -0.37926617811272517 -1.1446077060016007 -0.18618344095573267 -0.88439930286404211 0.61412925195989043 2.7924299094443992 1.2419866149209595 -0.78974731983922719 1.0000000180025095e-35 1.1484784438646101 1.4203422099509611 -1.1752662325990277 -0.038697813690883147 -0.080229370892414734 -0.18428614991956593 0.15429639164412573 -0.3858461893306942 -0.82208016367237358 -1.1325320055568409 2.588003491115499 -1.1073008537514022 -1.0573722555090628 1.0000000180025095e-35 -0.17605962364547922 -0.27112577944575128 0.6424196073318359 1.0000000180025095e-35 0.12445874471937521 -0.85143647618516605 1.0000000180025095e-35 -0.41711704075775086
decision_type=2 2 2 2 2 2 2 2 2 2 2 2 2 2 2 2 2 2 2 2 2 2 2 2 2 2 2 2 2 2 2 2 2
left_child=1 2 -1 4 30 -6 -7 10 -9 -4 11 13 18 27 15 20 29 -18 19 -13 -15 22 24 -24 25 26 -12 -5 -26 -16 -3 -32 -33
right_child=-2 3 9 7 5 6 -8 8 -10 -11 21 12 -14 14 16 -17 17 -19 -20 -21 -22 -23 23 -25 28 -27 -28 -29 -30 -31 31 32 -34
leaf_value=-3.0742524328345652e-05 0.00022603136724050056 -0.0027753440810906783 2.5312209205821087e-05 0.0018481775012103377 -0.00019668100384018778 0.030284434861869356 0.00020249741068465102 -0.00014922596209097103 0.001655230930900478 0.00046239768922146242 -0.00015041463769214643 0.0036044018623127162 -0.006985090900574433 0.0034041345576257512 -0.0028862454437988934 0.00557224380542238 8.4129282858875503e-05 -0.0008740061991399467 0.00050511909011454403 -0.00046688462160961441 -9.1148114589441182e-05 -0.00015553119372345881 0.00048611119697732595 6.2732179974633028e-06 0.0043472708205856189 -6.8640116039055555e-05 -0.00071009007045065261 -0.0072105227744526795 -0.00015304132886378977 -5.0634223943002898e-05 -0.0017981292559201144 0.0033485927207031743 -0.0012423661902077616
leaf_weight=23 12.999999999999998 11.999999999999998 9.9999999999999982 17.000000000000004 8.9999999999999982 19.000000000000004 7.9999999999999991 29 14.999999999999998 37 13.999999999999998 16.999999999999996 13.999999999999998 15.999999999999998 61 8.9999999999999982 43 25 19 23.000000000000004 412 47 17 1444 18 32 18 7.9999999999999991 14.999999999999998 41 18 17 8.0000000000000018
leaf_count=23 13 12 10 17 9 19 8 29 15 37 14 17 14 16 61 9 43 25 19 23 412 47 17 1444 18 32 18 8 15 41 18 17 8
internal_value=-7.2438e-05 -0.000180337 0.00576201 -0.000382114 0.00352877 0.00918912 0.0128746 -0.000562785 -0.00638067 0.0101648 -0.000417417 -0.00149027 0.00435795 -0.00227687 -0.00271505 -0.00144062 -0.00556287 -3.96814e-05 0.00725509 0.00144533 -0.00195868 2.04723e-05 0.000233047 0.000556659 -0.00391652 -0.0080538 -0.013602 0.00535914 0.00254378 -0.008575 0 0.00199795 0.00746307
internal_weight=2528 2515 70 2445 91 36 27 2354 44 47 2310 705 73 632 607 437 170 68 59 40 428 1605 1558 1461 97 64 32 25 33 102 55 43 25
internal_count=2528 2515 70 2445 91 36 27 2354 44 47 2310 705 73 632 607 437 170 68 59 40 428 1605 1558 1461 97 64 32 25 33 102 55 43 25
is_linear=0
shrinkage=0.060181


end of trees

feature_importances:
dist_to_mrt_meter=1079
aqi_idw=1050
t_mean_24h_idw=931
dist_to_rail_meter=880
MASTER_UP_rate=754
count_med_500m=737
Dependency_ratio=723
Sex_ratio=695
popdense=630
count_phar_500m=390
daily_rain_idw=383
count_temp_500m=303
建物現況格局-衛=214
建物現況格局-廳=177
電梯_無=141
count_post_500m=124
count_poli_500m=115
count_mall_500m=75
count_fire_500m=72
建物現況格局-隔間_無=31

parameters:
[boosting: gbdt]
[objective: quantile]
[metric: quantile]
[tree_learner: serial]
[device_type: cpu]
[data_sample_strategy: bagging]
[data: ]
[valid: ]
[num_iterations: 288]
[learning_rate: 0.060181]
[num_leaves: 34]
[num_threads: -1]
[seed: 42]
[deterministic: 0]
[force_col_wise: 0]
[force_row_wise: 0]
[histogram_pool_size: -1]
[max_depth: 10]
[min_data_in_leaf: 8]
[min_sum_hessian_in_leaf: 0.001]
[bagging_fraction: 0.650471]
[pos_bagging_fraction: 1]
[neg_bagging_fraction: 1]
[bagging_freq: 0]
[bagging_seed: 400]
[bagging_by_query: 0]
[feature_fraction: 0.71336]
[feature_fraction_bynode: 1]
[feature_fraction_seed: 30056]
[extra_trees: 0]
[extra_seed: 12879]
[early_stopping_round: 0]
[early_stopping_min_delta: 0]
[first_metric_only: 0]
[max_delta_step: 0]
[lambda_l1: 0.952787]
[lambda_l2: 3.60417]
[linear_lambda: 0]
[min_gain_to_split: 0]
[drop_rate: 0.1]
[max_drop: 50]
[skip_drop: 0.5]
[xgboost_dart_mode: 0]
[uniform_drop: 0]
[drop_seed: 17869]
[top_rate: 0.2]
[other_rate: 0.1]
[min_data_per_group: 100]
[max_cat_threshold: 32]
[cat_l2: 10]
[cat_smooth: 10]
[max_cat_to_onehot: 4]
[top_k: 20]
[monotone_constraints: ]
[monotone_constraints_method: basic]
[monotone_penalty: 0]
[feature_contri: ]
[forcedsplits_filename: ]
[refit_decay_rate: 0.9]
[cegb_tradeoff: 1]
[cegb_penalty_split: 0]
[cegb_penalty_feature_lazy: ]
[cegb_penalty_feature_coupled: ]
[path_smooth: 0]
[interaction_constraints: ]
[verbosity: -1]
[saved_feature_importance_type: 0]
[use_quantized_grad: 0]
[num_grad_quant_bins: 4]
[quant_train_renew_leaf: 0]
[stochastic_rounding: 1]
[linear_tree: 0]
[max_bin: 255]
[max_bin_by_feature: ]
[min_data_in_bin: 3]
[bin_construct_sample_cnt: 200000]
[data_random_seed: 175]
[is_enable_sparse: 1]
[enable_bundle: 1]
[use_missing: 1]
[zero_as_missing: 0]
[feature_pre_filter: 1]
[pre_partition: 0]
[two_round: 0]
[header: 0]
[label_column: ]
[weight_column: ]
[group_column: ]
[ignore_column: ]
[categorical_feature: ]
[forcedbins_filename: ]
[precise_float_parser: 0]
[parser_config_file: ]
[objective_seed: 16083]
[num_class: 1]
[is_unbalance: 0]
[scale_pos_weight: 1]
[sigmoid: 1]
[boost_from_average: 1]
[reg_sqrt: 0]
[alpha: 0.5]
[fair_c: 1]
[poisson_max_delta_step: 0.7]
[tweedie_variance_power: 1.5]
[lambdarank_truncation_level: 30]
[lambdarank_norm: 1]
[label_gain: ]
[lambdarank_position_bias_regularization: 0]
[eval_at: ]
[multi_error_top_k: 1]
[auc_mu_weights: ]
[num_machines: 1]
[local_listen_port: 12400]
[time_out: 120]
[machine_list_filename: ]
[machines: ]
[gpu_platform_id: -1]
[gpu_device_id: -1]
[gpu_use_dp: 0]
[num_gpu: 1]

end of parameters

pandas_categorical:[]
