土地位置建物門牌,總價元,單價元平方公尺,車位移轉總面積平方公尺,車位總價元,countycode,鄉鎮市區,交易標的,緯度,經度,村里,土地移轉總面積平方公尺,都市土地使用分區,非都市土地使用分區,非都市土地使用編定,交易年月日,交易筆棟數,移轉層次,總樓層數,建物型態,主要用途,主要建材,建築完成年月,建物移轉總面積平方公尺,建物現況格局-房,建物現況格局-廳,建物現況格局-衛,建物現況格局-隔間,有無管理組織,車位類別,備註,編號,主建物面積,附屬建物面積,陽台面積,電梯,移轉編號,date,.id,t_mean_24h_idw,t_min_idw,t_max_idw,daily_rain_idw,aqi_idw,towncode,MASTER_UP_rate,BACHELOR_UP_rate,Sex_ratio,popdense,Dependency_ratio,Old_ratio,count_anc_500m,count_clean_500m,count_cor_500m,count_cos_500m,count_uni_500m,count_fire_500m,count_gas_500m,count_inc_500m,count_lpg_500m,count_mall_500m,count_mart_500m,count_med_500m,count_nuc_500m,count_phar_500m,count_poli_500m,count_post_500m,count_simpmart_500m,count_temp_500m,count_died_500m,count_shop_500m,geometry,nearest_mrt_name,dist_to_mrt_meter,dist_to_rail_meter,dist_to_thsr_meter,house_age
臺北市中山區中山北路一段１２１巷９號,1000000,13275,0,0,63000,中山區,建物,25.0511730159871,121.523503969202,正得里,0,NA,NA,NA,1121101,土地0建物1車位0,四層,四層,公寓(5樓含以下無電梯),住家用,加強磚造,570229,75.33,8,8,0,有,無,NA,親友、員工、共有人或其他特殊關係間之交易；頂樓加蓋；,RPWNMLMLJIIGFCA67DA,75.33,0,0,無,NA,2023-11-01,6,25.028459139401400,22.797044423047300,27.961237138943100,0,33.16017150197640,63000040003,0.15162564570039500,0.5545426921908230,76.72,24765.25,51.0008340070889,37.23936612291940,0,0,0,0,0,0,0,0,0,3,60,57,0,6,2,1,0,1,0,60,"c(121.523503969202, 25.0511730159871)",臺北捷運中山站_G14_R11,459.0865441809670,884.5611738989020,763.7857135470670,55
臺北市中山區中山北路一段５３巷２６號,15100000,265285,0,0,63000,中山區,房地(土地+建物),25.048800979298,121.523647970298,正得里,9.32,商,NA,NA,1121010,土地1建物1車位0,六層,十層,華廈(10層含以下有電梯),住家用,鋼筋混凝土造,971030,56.92,1,1,1,有,有,NA,NA,RPPNMLKKIIIGFCA56DA,30.88,0,5.11,有,NA,2023-10-10,7,24.417822434061800,23.27449115098010,26.181139953427700,0.20313977994334100,34.780495163687700,63000040003,0.15162564570039500,0.5545426921908230,76.72,24765.25,51.0008340070889,37.23936612291940,1,0,0,0,0,2,1,0,0,1,57,44,0,7,2,3,0,1,0,57,"c(121.523647970298, 25.048800979298)",臺北捷運善導寺站_BL13,459.3226133540340,813.6652146604760,683.9911493633740,15
臺北市中山區中山北路一段８４號,12500000,245676,0,1300000,63000,中山區,房地(土地+建物)+車位,25.0491979881419,121.521068020501,民安里,3.92,商,NA,NA,1121025,土地1建物1車位1,七層,十三層,住宅大樓(11層含以上有電梯),住家用,鋼筋混凝土造,980327,50.88,0,0,1,有,有,升降機械,NA,RPRNMLKMJIIGFCA17EA,24.55,1.35,0,有,NA,2023-10-25,9,26.2345300160454,24.555670834763700,29.348883575947600,0,28.76416382250440,63000040004,0.14783281733746100,0.5314757481940140,87.14,19125.48,61.144130735087600,43.98216937444940,0,0,0,0,0,2,1,0,0,4,52,63,0,7,2,5,0,1,0,52,"c(121.521068020501, 25.0491979881419)",臺北捷運中山站_G14_R11,452.7782970803020,571.8808497729840,445.49548897064000,14
臺北市中山區中山北路三段２８號,20136666.666666700,169362,0,0,63000,中山區,房地(土地+建物),25.0652280007793,121.522007967123,集英里,13.4,商,NA,NA,1121018,土地1建物1車位0,十二層,十二層,住宅大樓(11層含以上有電梯),住家用,鋼筋混凝土造,730217,125.8,1,2,1,有,有,NA,頂樓加蓋；,RPOOMLNKJIIGFCA96DA,101.04,0,2.81,有,NA,2023-10-18,10,27.305019985038100,25.001265114781600,30.339070024185900,0,62.151491295576800,63000040008,0.12927883017613800,0.5149551345962110,80.54,19971.22,54.244031818248400,33.02387267174540,1,0,0,0,1,0,0,0,0,0,45,51,0,11,0,3,0,4,0,45,"c(121.522007967123, 25.0652280007793)",臺北捷運民權西路站_O11_R13,388.5195081106150,2061.695742412450,2009.8113769650200,39
臺北市中山區中山北路三段５３號,34820000,337752.5,21.675,1700000,63000,中山區,房地(土地+建物)+車位,25.0677110138665,121.522906004229,圓山里,11.11,商,NA,NA,1121023,土地1建物1車位1,六層,十一層,住宅大樓(11層含以上有電梯),住家用,鋼筋混凝土造,1101013,141.41,0,0,0,無,有,坡道平面,NA,RPOOMLQLIIIGFCA27DA,52.82,0,12.24,有,755,2023-10-23,11,25.965905014335300,24.499039885952000,28.93687345073290,0,30.034693548933500,63000040012,0.12247719104230000,0.48742051423831900,81.16,6501.12,47.69568396207180,32.297000719715800,1,0,0,0,1,0,0,0,0,0,29,26,0,8,0,2,0,4,0,29,"c(121.522906004229, 25.0677110138665)",臺北捷運圓山站_R14,452.5310845328300,2351.266624801100,2298.8792196028600,2
臺北市中山區中山北路二段３６巷１２號,18500000,241641,0,0,63000,中山區,房地(土地+建物),25.0542650162495,121.521802023762,民安里,22.25,住,NA,NA,1121017,土地1建物1車位0,二層,四層,公寓(5樓含以下無電梯),住家用,加強磚造,560110,76.56,0,1,1,有,無,NA,NA,RPRNMLKKJIIGFCA96EA,76.56,0,0,無,NA,2023-10-17,13,25.105203730430600,23.487084729024,27.018216871784900,0,82.33492104431800,63000040004,0.14783281733746100,0.5314757481940140,87.14,19125.48,61.144130735087600,43.98216937444940,0,0,0,0,0,1,0,0,0,3,82,86,0,13,4,1,0,4,0,82,"c(121.521802023762, 25.0542650162495)",臺北捷運中山站_G14_R11,278.20703409383400,967.4952053970300,877.4835955562280,56
臺北市中山區中山北路二段６２巷３５號,15750000,285563,7.44,2300000,63000,中山區,房地(土地+建物)+車位,25.0567539804879,121.520933993869,民安里,7.95,商,NA,NA,1121014,土地1建物1車位1,二層,七層,華廈(10層含以下有電梯),住家用,鋼筋混凝土造,1070726,54.54,1,1,1,有,無,升降機械,NA,RPUNMLMLJIIGFCA47DA,24.04,3.15,0,有,NA,2023-10-14,17,24.17241159075920,23.44882753960380,25.76236970957160,0,45.50038476494340,63000040004,0.14783281733746100,0.5314757481940140,87.14,19125.48,61.144130735087600,43.98216937444940,0,0,0,0,0,1,0,0,0,2,76,87,0,8,2,1,0,6,0,76,"c(121.520933993869, 25.0567539804879)",臺北捷運雙連站_R12,118.3806423465190,1150.5790799481700,1082.2590922294100,5
臺北市中山區中山北路二段６２巷９號,7700000,302198,0,0,63000,中山區,房地(土地+建物),25.0567450118515,121.522014002093,民安里,4.71,住,NA,NA,1121010,土地1建物1車位0,二層,七層,華廈(10層含以下有電梯),住家用,鋼筋混凝土造,971031,25.48,0,1,1,有,有,NA,NA,RPPNMLRLIIIGFCA47EA,11.33,1.25,2.97,有,294,2023-10-10,18,24.454446807050900,23.336558129914300,26.133957226399400,0.30956142782757400,34.36429431022630,63000040004,0.14783281733746100,0.5314757481940140,87.14,19125.48,61.144130735087600,43.98216937444940,0,0,0,0,0,1,0,0,0,3,84,76,0,10,2,1,0,7,0,84,"c(121.522014002093, 25.0567450118515)",臺北捷運雙連站_R12,184.70731906204900,1203.5843265986500,1126.066797466760,15
臺北市中山區北安路６２１巷６弄２４號,18500000,224052,0,0,63000,中山區,房地(土地+建物),25.0825039833237,121.548269978514,大直里,28,住,NA,NA,1121005,土地1建物1車位0,三層,四層,公寓(5樓含以下無電梯),住家用,鋼筋混凝土造,651014,82.57,3,2,1,有,無,NA,陽台外推；,RPPOMLKMIIIGFCA86DA,70.58,0,11.99,無,NA,2023-10-05,21,27.143443064285100,25.3184247704241,29.54774461183940,21.657766317078400,33.18279953116010,63000040014,0.1857355126300150,0.607456436579765,87.57,13392.04,63.96783843231720,38.425579648761100,0,0,0,0,1,0,1,0,0,0,24,43,0,11,0,2,0,2,0,24,"c(121.548269978514, 25.0825039833237)",臺北捷運大直站_BR14,367.390513627356,4768.971965345810,4985.05827539325,47
臺北市中山區北安路７８９號,24680000,302199,12.8,2000000,63000,中山區,房地(土地+建物)+車位,25.0856230152238,121.553869006016,北安里,8.77,住,NA,NA,1121009,土地1建物1車位1,八層,十四層,住宅大樓(11層含以上有電梯),住家用,鋼筋混凝土造,1020904,87.84,2,2,2,有,有,塔式車位,夾層；,RPXOMLNLIIIGFCA87DA,39.41,4.44,3.65,有,557,2023-10-09,22,25.456138113373400,24.14212041428150,27.146572115692400,2.2917888511900100,33.312865614822600,63000040042,0.16273693943596900,0.5631067961165050,89.13,5556.1,57.34445153473740,38.74278381094110,0,0,0,0,0,0,1,0,0,1,6,12,0,1,0,0,0,2,0,6,"c(121.553869006016, 25.0856230152238)",臺北捷運劍南路站_BR15,154.04637196371600,4723.724634513260,5614.365435393770,10
臺北市中山區北安路８２１巷１弄１７號,18950000,193961,0,0,63000,中山區,房地(土地+建物),25.0849937019334,121.55706477424,北安里,25.89,住,NA,NA,1121016,土地1建物1車位0,二層,五層,公寓(5樓含以下無電梯),住家用,鋼筋混凝土造,730125,97.7,3,2,2,有,無,NA,其他增建；,RPXOMLNJJIIGFCA77DA,80.88,0,8.11,無,NA,2023-10-16,23,25.322674669492900,23.561114703342000,28.018538186282700,0,81.38717357957190,63000040042,0.16273693943596900,0.5631067961165050,89.13,5556.1,57.34445153473740,38.74278381094110,0,0,0,0,0,0,1,0,0,1,13,6,0,0,0,1,1,2,0,14,"c(121.55706477424, 25.0849937019334)",臺北捷運劍南路站_BR15,199.35348795575000,4502.733671959540,5783.039684525880,39
臺北市中山區北安路８２９號,14180000,290439,20.015,1250000,63000,中山區,房地(土地+建物),25.0860130864186,121.552345413337,北安里,5.79,住,NA,NA,1121005,土地2建物1車位0,三層,十四層,住宅大樓(11層含以上有電梯),住家用,鋼筋混凝土造,991224,45.3,0,0,0,無,有,NA,NA,RPRNMLSKIIIGFCA67EA,23.63,0.9,3.62,有,201,2023-10-05,24,27.383200820276200,25.60658036620660,29.643444712913700,22.75581613585360,33.46353084079790,63000040042,0.16273693943596900,0.5631067961165050,89.13,5556.1,57.34445153473740,38.74278381094110,0,0,0,0,0,0,1,0,0,0,9,19,0,2,0,1,0,2,0,9,"c(121.552345413337, 25.0860130864186)",臺北捷運劍南路站_BR15,308.65027954548700,4841.846180106620,5546.692415652050,13
臺北市中山區南京東路一段１３２巷１８號,19200000,222307,14.08,1800000,63000,中山區,房地(土地+建物)+車位,25.050979980757,121.526923031326,正義里,14.26,商,NA,NA,1121002,土地1建物1車位1,四層,九層,華廈(10層含以下有電梯),住家用,鋼筋混凝土造,1010109,92.35,2,2,2,有,有,升降機械,NA,RPTOMLRJJIIGFCA77DA,39.07,9.4,3.72,有,NA,2023-10-02,25,26.588191674180200,25.61886536251450,27.76366138575710,0.15117821195839700,48.61569737294160,63000040002,0.1153681506849320,0.4689640410958900,74.99,38516.04,45.30853760346340,31.64271624918490,1,0,0,0,0,0,1,0,0,1,60,57,0,6,1,1,0,0,0,60,"c(121.526923031326, 25.050979980757)",臺北捷運松江南京站_G15_O08,620.1193092798740,1194.7578753662,1067.7956520760200,11
臺北市中山區南京東路三段１１８號,9700000,231062,0,0,63000,中山區,房地(土地+建物),25.0516289915199,121.540315971496,力行里,3.52,商,NA,NA,1121021,土地2建物1車位0,九層,十二層,住宅大樓(11層含以上有電梯),住家用,鋼筋混凝土造,690325,41.98,0,1,0,有,有,NA,NA,RPROMLRJJIIGFCA57DA,31.7,0,0,有,NA,2023-10-21,26,21.448830986677000,20.741032368237800,22.429383457682800,0.449712412332523,34.46902440576000,63000040039,0.17506436189775700,0.5884516366311140,86.16,20807.17,59.49632737159070,42.654774385452600,2,1,0,0,0,0,1,0,0,0,55,77,0,11,1,2,0,3,0,55,"c(121.540315971496, 25.0516289915199)",臺北捷運南京復興站_BR11_G16,383.51622737447300,2524.408264732100,2394.7576342545300,43
臺北市中山區南京東路三段２１６巷２之１號,25580000,386638,0,0,63000,中山區,房地(土地+建物),25.051438009856,121.543306969825,力行里,21,商,NA,NA,1121004,土地1建物1車位0,一層,四層,公寓(5樓含以下無電梯),住家用,加強磚造,551213,66.16,0,2,1,有,無,NA,其他增建；,RPPQMLMKIIIGFCA07DA,66.16,0,0,無,NA,2023-10-04,27,26.312029046497300,25.127714410702300,26.835399045205300,37.78804373470550,38.66456576566160,63000040039,0.17506436189775700,0.5884516366311140,86.16,20807.17,59.49632737159070,42.654774385452600,2,1,0,0,0,2,1,0,0,1,70,94,0,17,3,1,0,4,0,70,"c(121.543306969825, 25.051438009856)",臺北捷運南京復興站_BR11_G16,103.38609489606300,2818.461567795110,2688.659919991920,57
臺北市中山區南京東路三段４８巷６號,31500000,285042,0,0,63000,中山區,房地(土地+建物)+車位,25.0510638836078,121.538410932542,力行里,37.2,住,NA,NA,1121112,土地1建物1車位1,四層,五層,華廈(10層含以下有電梯),住家用,鋼筋混凝土造,871126,110.51,2,2,2,有,無,一樓平面,陽台外推；,RPWNMLOJKIIGFCA77DA,78.21,0,9.66,有,NA,2023-11-12,28,20.675603887739200,18.715668025478400,21.879343780387800,4.209950632457580,31.662410727875200,63000040039,0.17506436189775700,0.5884516366311140,86.16,20807.17,59.49632737159070,42.654774385452600,2,0,0,0,0,0,0,0,0,0,47,49,0,10,2,2,0,3,0,47,"c(121.538410932542, 25.0510638836078)",臺北捷運松江南京站_G15_O08,577.5437142717330,2324.21181188852,2194.48430719231,25
臺北市中山區南京東路二段１０８號,16100000,310203.6666666670,0,0,63000,中山區,房地(土地+建物),25.0518390001039,121.532169013066,興亞里,4.03,商,NA,NA,1121106,土地3建物1車位0,十四層,十八層,住宅大樓(11層含以上有電梯),住家用,鋼骨造,990917,61.45,1,1,1,有,有,NA,NA,RPVOMLKKJIIGFCA37DA,35.22,1.4,4.39,有,154,2023-11-06,29,25.77744972659360,21.680224141320600,31.95372712318820,0,52.56677751916510,63000040032,0.1712741633755980,0.5855331531906050,82.44,21890.83,56.43392958556440,38.80553951563600,0,0,0,0,0,0,1,0,0,0,61,79,0,9,1,2,0,0,0,61,"c(121.532169013066, 25.0518390001039)",臺北捷運松江南京站_G15_O08,93.0751497811916,1728.4859974008400,1600.285566077710,13
臺北市中山區合江街１０２巷３８號,37000000,218148,0,0,63000,中山區,房地(土地+建物),25.0586200016824,121.538305991114,江山里,36.41,住,NA,NA,1121002,土地1建物1車位0,三層,六層,華廈(10層含以下有電梯),住家用,鋼筋混凝土造,740725,169.61,4,2,2,有,無,NA,其他增建；,RPQPMLNJIIIGFCA07DA,144.76,0,16.78,有,NA,2023-10-02,31,26.4031053206656,25.51982475717620,27.650311503341500,0.4908068431366840,48.40388688443900,63000040029,0.15900678593460800,0.5555212831585440,88.73,35923.16,55.81696523725080,39.95251456077000,1,0,0,0,0,0,0,0,0,0,44,47,0,16,1,1,0,1,1,44,"c(121.538305991114, 25.0586200016824)",臺北捷運行天宮站_O09,570.0857474590410,2590.460155534810,2469.7347595588300,38
臺北市中山區吉林路４２６號,9500000,146424,0,0,63000,中山區,房地(土地+建物),25.0660347170504,121.530282162842,新庄里,24.5,住,NA,NA,1121030,土地1建物1車位0,二層,四層,公寓(5樓含以下無電梯),住家用,加強磚造,580410,64.88,0,0,0,無,無,NA,NA,RPQQMLLMIIIGFCA27DA,64.88,0,0,無,703,2023-10-30,34,24.01819707676700,22.550395354690500,26.287936086356000,0,34.14612567120380,63000040019,0.0979381443298969,0.4365042174320530,85.65,7353.99,47.16446123277740,34.46754882341920,1,1,0,0,0,1,0,0,0,0,48,38,0,12,0,1,2,3,0,50,"c(121.530282162842, 25.0660347170504)",臺北捷運中山國小站_O10,507.1902161384600,2523.3847860351100,2436.847773686050,54
臺北市中山區基湖路１５１巷３５號,11000000,274383,0,0,63000,中山區,房地(土地+建物),25.0774849835213,121.564792972787,金泰里,16.12,住,NA,NA,1121023,土地1建物1車位0,二層,五層,華廈(10層含以下有電梯),住家用,鋼筋混凝土造,930630,40.09,1,1,1,有,有,NA,夾層增建陽台外推；其他增建；,RPOOMLSJJIIGFCA37DA,22.03,0,2.51,有,735,2023-10-23,35,25.655254760640500,24.21254656587860,28.725564602565500,0,28.83952741773800,63000040041,0.1857616371235050,0.5946101743767110,91.54,7338.63,40.595258688251400,20.072676930252200,0,0,0,0,0,0,1,0,0,0,12,5,0,0,1,0,0,1,0,12,"c(121.564792972787, 25.0774849835213)",臺北捷運西湖站_BR16,566.0653284915810,3413.165149962590,5043.0206281804,19
臺北市中山區天祥路１６巷１５號,8435000,211669,0,0,63000,中山區,房地(土地+建物),25.0613349839399,121.520498973094,集英里,8.05,商,NA,NA,1121024,土地1建物1車位0,六層，露台，走廊,七層,華廈(10層含以下有電梯),住家用,鋼筋混凝土造,600108,39.85,1,0,1,有,有,NA,NA,RPXNMLKKJIIGFCA47DA,34.92,0,0,有,585,2023-10-24,37,26.544895351370300,24.126242183137200,30.54360697752500,0,39.109314809508300,63000040008,0.12927883017613800,0.5149551345962110,80.54,19971.22,54.244031818248400,33.02387267174540,0,0,0,0,0,0,0,0,0,0,54,76,0,8,0,2,0,9,0,54,"c(121.520498973094, 25.0613349839399)",臺北捷運民權西路站_O11_R13,173.50178685146000,1604.59056417896,1554.6153127550400,52
臺北市中山區建國北路一段３３巷４１號,30000000,262950,0,0,63000,中山區,房地(土地+建物),25.0479420018606,121.539749019565,朱崙里,27,商,NA,NA,1121010,土地1建物1車位0,二層,六層,華廈(10層含以下有電梯),住家用,鋼筋混凝土造,701230,114.09,3,2,2,有,有,NA,NA,RPVNMLQLIIIGFCA87DA,96.17,0,11.74,有,369,2023-10-10,38,23.929873435916100,22.711214524645400,25.87594623728350,0.7961025274467130,35.00383161576170,63000040038,0.17303370786516900,0.5625468164794010,82.42,23336.39,50.15120965214150,34.57661288579810,0,0,0,0,0,0,3,0,0,1,36,35,0,9,1,2,0,4,0,36,"c(121.539749019565, 25.0479420018606)",臺北捷運南京復興站_BR11_G16,630.7961924838130,2426.3537534354700,2297.289230441090,42
臺北市中山區建國北路一段７１號,42000000,188408,0,5000000,63000,中山區,房地(土地+建物)+車位,25.0511290109954,121.537191030354,力行里,22.47,住,NA,NA,1121002,土地2建物1車位2,八層,十二層,住宅大樓(11層含以上有電梯),住家用,鋼筋混凝土造,731231,222.92,4,2,2,有,有,坡道平面,陽台外推；其他增建；,RPTNMLMLJIIGFCA37DA,189.97,3.45,14.9,有,NA,2023-10-02,39,26.405187236290800,25.52107038370760,27.652758271692100,0.47749790868046800,48.5579857686793,63000040039,0.17506436189775700,0.5884516366311140,86.16,20807.17,59.49632737159070,42.654774385452600,1,0,0,0,0,2,0,0,0,0,58,49,0,7,2,2,0,3,0,58,"c(121.537191030354, 25.0511290109954)",臺北捷運松江南京站_G15_O08,457.26565638918000,2204.2795537829400,2074.638557719780,39
臺北市中山區建國北路二段１５１巷１２號,37880000,270359,0,0,63000,中山區,房地(土地+建物),25.0617249938947,121.538294004993,江寧里,26.76,住,NA,NA,1121029,土地1建物1車位0,六層,七層,華廈(10層含以下有電梯),住家用,鋼筋混凝土造,691114,140.11,3,2,2,有,無,NA,陽台外推；,RPOPMLRJJIIGFCA37DA,121.33,0,15.36,有,NA,2023-10-29,40,22.61576405475380,22.023621145044400,23.631361862265900,0.32554576886723800,37.51400650623960,63000040028,0.1684599865501010,0.5828850033624750,87.5,38658.38,56.07151147989980,38.100766185720700,0,0,0,0,0,0,1,0,0,0,46,51,0,17,0,1,1,1,3,47,"c(121.538294004993, 25.0617249938947)",臺北捷運行天宮站_O09,550.3262354564570,2769.2433348242100,2654.591776780990,43
臺北市中山區建國北路二段３３巷１號,33000000,228738,0,0,63000,中山區,房地(土地+建物),25.0553350080994,121.537472997577,朱馥里,17.19,住,NA,NA,1121009,土地5建物1車位0,七層,十五層,住宅大樓(11層含以上有電梯),住家用,鋼筋混凝土造,770524,144.27,4,2,2,有,有,NA,NA,RPRNMLSJJIIGFCA67EA,105.05,0.15,14.01,有,468,2023-10-09,41,24.67094685040490,23.664915297734700,25.87501957590590,4.986231322993160,33.939557677241100,63000040034,0.12900641025641000,0.5002003205128210,84.58,31361.42,51.92410474293850,33.404596463547700,1,1,0,0,0,0,0,0,0,0,54,41,0,11,1,1,0,0,0,54,"c(121.537472997577, 25.0553350080994)",臺北捷運松江南京站_G15_O08,567.8171290692290,2360.5457148747700,2234.917807768980,35
臺北市中山區復興北路１９０巷２５號,25700000,261046,0,0,63000,中山區,房地(土地+建物),25.0557020935489,121.542741107541,龍洲里,18.51,住,NA,NA,1121030,土地1建物1車位0,十層,十五層,住宅大樓(11層含以上有電梯),住家用,鋼筋混凝土造,750609,98.45,3,2,1,有,有,NA,陽台外推；,RPTNMLTJJIIGFCA87DA,76.81,0,6.1,有,NA,2023-10-30,43,23.76242661538240,22.137809866388000,26.122676203743800,0,35.731485335892300,63000040035,0.17289293849658300,0.592255125284738,82.31,68477.71,51.76991148806260,38.74841970962440,1,1,0,0,0,0,0,0,0,0,51,84,0,14,0,1,0,0,0,51,"c(121.542741107541, 25.0557020935489)",臺北捷運南京復興站_BR11_G16,427.8624155852680,2874.291260303830,2746.9902627897000,37
臺北市中山區復興北路２１４號,24200000,216535,0,0,63000,中山區,房地(土地+建物),25.0564220152127,121.543579968411,龍洲里,22.82,住,NA,NA,1121019,土地1建物1車位0,六層,十四層,住宅大樓(11層含以上有電梯),住家用,鋼筋混凝土造,750314,111.76,3,1,2,有,有,NA,NA,RPWNMLNJJIIGFCA57DA,84.44,0.99,6.25,有,NA,2023-10-19,44,27.920243474881400,24.12657077201630,32.18108854382890,0,52.51087973215960,63000040035,0.17289293849658300,0.592255125284738,82.31,68477.71,51.76991148806260,38.74841970962440,1,1,0,0,0,0,0,0,0,0,58,77,0,16,0,1,0,0,0,58,"c(121.543579968411, 25.0564220152127)",臺北捷運中山國中站_BR12,483.3859490446010,2980.151127598030,2853.294212666860,37
臺北市中山區復興南路一段３０巷４號,17000000,357368,0,0,63000,中山區,房地(土地+建物),25.0464954949201,121.543384502429,埤頭里,7.91,商,NA,NA,1121013,土地1建物1車位0,一層，陽臺,四層,公寓(5樓含以下無電梯),住家用,鋼筋混凝土造,620502,47.57,0,0,0,無,無,NA,親友、員工、共有人或其他特殊關係間之交易；,RPXNMLKLIIIGFCA57EA,47.57,0,0,無,NA,2023-10-13,45,24.848315257589200,23.41740893236240,27.46833236582050,0,40.68995321202300,63000040037,0.14668498797664000,0.5173479903813120,92,17806.88,51.01751062422270,37.7662091633856,0,0,0,0,0,2,2,0,0,1,44,73,0,20,2,2,0,4,0,44,"c(121.543384502429, 25.0464954949201)",臺北捷運南京復興站_BR11_G16,618.2582733109610,2795.0743832434300,2667.119081349260,50
臺北市中山區德惠街３４號,3850000,200407,0,0,63000,中山區,房地(土地+建物),25.0665869168316,121.526186513494,晴光里,0.76,商,NA,NA,1121128,土地1建物1車位0,九層,十一層,住宅大樓(11層含以上有電梯),住家用,鋼筋混凝土造,681219,7.19,1,1,1,有,有,NA,親友、員工、共有人或其他特殊關係間之交易；,RPSNMLPJKIIGFCA47DA,6.57,0,0,有,NA,2023-11-28,48,21.96942317404510,20.113743136759200,24.472425608542500,0,69.53411641224370,63000040011,0.14303203427871900,0.5154050193837990,73.13,49418.72,48.326015354466000,34.495060363750000,1,0,0,0,1,1,0,0,0,0,40,28,0,12,0,1,1,3,0,41,"c(121.526186513494, 25.0665869168316)",臺北捷運中山國小站_O10,423.91685162357700,2361.661327460710,2291.8662247470400,44
臺北市中山區德惠街４５號,6250000,227936,0,0,63000,中山區,房地(土地+建物),25.0667429878687,121.526995031874,圓山里,3,商,NA,NA,1121020,土地1建物1車位0,六層,九層,華廈(10層含以下有電梯),住家用,鋼筋混凝土造,681215,27.42,1,1,1,有,有,NA,陽台外推；其他增建；,RPQOMLNKJIIGFCA17DA,19.51,0,2.91,有,NA,2023-10-20,49,24.95350273223600,22.118448953173900,27.846911524233300,0.7258937667931940,59.899860767029100,63000040012,0.12247719104230000,0.48742051423831900,81.16,6501.12,47.69568396207180,32.297000719715800,1,0,0,0,1,1,0,0,0,0,41,29,0,11,0,1,1,3,0,42,"c(121.526995031874, 25.0667429878687)",臺北捷運中山國小站_O10,438.4090843287180,2414.5216479519100,2341.6958336959,44
臺北市中山區德惠街５２號,6200000,202416,0,0,63000,中山區,房地(土地+建物),25.0665698177491,121.527200639959,晴光里,3.23,商,NA,NA,1121027,土地1建物1車位0,八層,十一層,住宅大樓(11層含以上有電梯),住家用,鋼筋混凝土造,710227,30.63,1,1,1,有,有,NA,NA,RPVNMLRLJIIGFCA08DA,25.58,0,0,有,NA,2023-10-27,50,23.94059244580430,22.47560958759580,25.524117111786900,0,36.5199771594699,63000040011,0.14303203427871900,0.5154050193837990,73.13,49418.72,48.326015354466000,34.495060363750000,1,0,0,0,0,1,0,0,0,0,43,30,0,11,0,1,1,3,0,44,"c(121.527200639959, 25.0665698177491)",臺北捷運中山國小站_O10,421.0834511788980,2407.5488095419100,2333.4953444547900,41
臺北市中山區撫順街３１號,12450000,229451,0,0,63000,中山區,房地(土地+建物),25.0635649892798,121.520073004775,集英里,7.92,商,NA,NA,1121009,土地1建物1車位0,八層,八層,華廈(10層含以下有電梯),住家用,鋼筋混凝土造,651108,54.26,2,1,1,有,無,NA,陽台外推；其他增建；,RPROMLNKJIIGFCA27DA,30.98,0,12.41,有,716,2023-10-09,51,25.34631800555320,24.32646588107220,26.608160482328800,1.3632778295202700,35.20109875656720,63000040008,0.12927883017613800,0.5149551345962110,80.54,19971.22,54.244031818248400,33.02387267174540,1,0,0,0,1,0,0,0,0,0,45,52,0,5,0,2,0,6,0,45,"c(121.520073004775, 25.0635649892798)",臺北捷運民權西路站_O11_R13,123.95250769639600,1830.81179896954,1788.0045570074000,47
臺北市中山區敬業三路１６２巷１３２號,36000000,252030,0,0,63000,中山區,房地(土地+建物)+車位,25.0774740032281,121.55901599748,金泰里,43.31,住,NA,NA,1121121,土地1建物1車位1,十二層,十二層,住宅大樓(11層含以上有電梯),住家用,鋼筋混凝土造,890628,142.84,2,1,1,有,有,坡道平面,陽台外推；,RPQNMLNJKIIGFCA07DA,71.24,0,7.62,有,NA,2023-11-21,53,22.9576738546521,20.414610095373700,25.839100092844900,0,38.12262347297330,63000040041,0.1857616371235050,0.5946101743767110,91.54,7338.63,40.595258688251400,20.072676930252200,0,0,0,0,0,1,0,0,0,0,12,13,0,2,0,1,0,1,0,12,"c(121.55901599748, 25.0774740032281)",臺北捷運劍南路站_BR15,902.5271440652350,3682.8384833936500,5374.214425069440,23
臺北市中山區敬業三路１６２巷２０４號,31380000,201879,0,0,63000,中山區,房地(土地+建物)+車位,25.0792772020583,121.560082762297,金泰里,47.09,住,NA,NA,1121018,土地1建物1車位1,四層,八層,華廈(10層含以下有電梯),住家用,鋼筋混凝土造,890628,155.44,3,2,2,有,有,坡道平面,車位需每年抽籤陽台外推；,RPSNMLMLJIIGFCA37EA,77.6,0,8.1,有,NA,2023-10-18,54,27.47290342638580,24.94814729946020,30.9493909448054,0,61.16179369317950,63000040041,0.1857616371235050,0.5946101743767110,91.54,7338.63,40.595258688251400,20.072676930252200,0,0,0,0,0,1,0,0,0,0,16,16,0,2,0,1,0,1,0,16,"c(121.560082762297, 25.0792772020583)",臺北捷運劍南路站_BR15,791.7606946101490,3801.0345845880700,5552.239166866010,23
臺北市中山區敬業三路１６２巷７６號,31350000,201659.5,27.09,0,63000,中山區,房地(土地+建物)+車位,25.0779800187228,121.558388025294,金泰里,47.09,住,NA,NA,1121025,土地1建物1車位1,六層,十二層,住宅大樓(11層含以上有電梯),住家用,鋼筋混凝土造,890628,155.46,2,2,2,有,有,坡道平面,陽台外推；,RPSOMLOKJIIGFCA47DA,77.62,0,8.1,有,NA,2023-10-25,55,26.009168166007000,24.01691111873030,29.26862459563360,0,27.1363303627351,63000040041,0.1857616371235050,0.5946101743767110,91.54,7338.63,40.595258688251400,20.072676930252200,0,0,0,0,0,1,0,0,0,0,13,13,0,2,0,1,0,1,0,13,"c(121.558388025294, 25.0779800187228)",臺北捷運劍南路站_BR15,825.0409856797040,3763.929133135850,5359.288449526610,23
臺北市中山區新生北路一段１０８之３號,3800000,160813,0,0,63000,中山區,房地(土地+建物),25.0495799933791,121.528256005388,正義里,3.12,商,NA,NA,1121001,土地6建物1車位0,四層,十二層,住宅大樓(11層含以上有電梯),住家用,鋼筋混凝土造,671002,23.63,1,1,1,有,有,NA,陽台外推；,RPWNMLOLIIIGFCA77DA,16.78,0,1.57,有,NA,2023-10-01,59,27.82129745146660,26.264737866167600,31.068404864075400,5.010597017946830,40.35266736929880,63000040002,0.1153681506849320,0.4689640410958900,74.99,38516.04,45.30853760346340,31.64271624918490,1,0,0,0,0,0,1,0,0,0,48,43,0,7,0,0,0,0,0,48,"c(121.528256005388, 25.0495799933791)",臺北捷運松江南京站_G15_O08,559.782016924738,1286.5591580525700,1156.8958989374500,45
臺北市中山區新生北路一段１１０號,7800000,205588,0,0,63000,中山區,房地(土地+建物),25.0502157188254,121.527928105336,正義里,4.48,商,NA,NA,1121012,土地1建物1車位0,六層,十二層,住宅大樓(11層含以上有電梯),住家用,鋼筋混凝土造,771216,37.94,1,1,1,有,有,NA,NA,RPQNMLMLJIIGFCA07DA,25.1,0.51,3.09,有,NA,2023-10-12,60,25.436282354099900,23.670880540652800,27.652494975876000,0,40.43932103872390,63000040002,0.1153681506849320,0.4689640410958900,74.99,38516.04,45.30853760346340,31.64271624918490,1,0,0,0,0,0,1,0,0,1,49,53,0,7,0,0,0,0,0,49,"c(121.527928105336, 25.0502157188254)",臺北捷運松江南京站_G15_O08,553.6465875411590,1268.6990461431200,1139.730831972040,35
臺北市中山區新生北路一段５４號,11890000,234718.5,0,0,63000,中山區,房地(土地+建物),25.0464379950643,121.531052040649,正守里,2.88,商,NA,NA,1121109,土地1建物1車位0,二層,十四層,住宅大樓(11層含以上有電梯),住家用,鋼筋混凝土造,770613,28.87,1,1,1,有,有,NA,其他增建；,RPSPMLPKJIIGFCA67DA,21.2,0.04,0,有,NA,2023-11-09,61,26.83652722794660,23.48199904701090,31.23530018514610,0,48.99986084087790,63000040001,0.15685595567867000,0.542590027700831,92.65,28798.83,54.02843599335150,36.87203789721700,1,0,0,0,0,2,0,0,0,0,30,40,0,4,0,2,0,0,0,30,"c(121.531052040649, 25.0464379950643)",臺北捷運忠孝新生站_BL14_O07,533.1914557232480,1552.999672569390,1426.079982338480,35
臺北市中山區新生北路三段１號,7050000,189243,0,0,63000,中山區,房地(土地+建物),25.0628870190414,121.527990969609,新福里,3.67,商,NA,NA,1121017,土地1建物1車位0,五層,十四層,住宅大樓(11層含以上有電梯),住家用,鋼筋混凝土造,700122,36.75,1,1,1,有,有,NA,NA,RPSNMLOKJIIGFCA47EA,25.81,0,0,有,600,2023-10-17,63,25.04104049775140,23.428943506783200,26.935204043450900,0,80.85814037378370,63000040020,0.1147652528918120,0.4724427307779540,83.9,34865.58,48.409785917917500,34.83180427069360,0,0,0,0,0,0,0,0,0,0,55,59,0,16,1,1,2,4,0,57,"c(121.527990969609, 25.0628870190414)",臺北捷運中山國小站_O10,127.39271473728200,2105.3940940219900,2018.5204184008400,42
臺北市中山區新生北路三段２６號,5016666.666666670,199885,0,816666.6666666670,63000,中山區,房地(土地+建物),25.0637079845479,121.527388981323,恆安里,3.43,商,NA,NA,1121102,土地1建物1車位0,六層,十二層,住宅大樓(11層含以上有電梯),住家用,鋼筋混凝土造,700703,31.76,0,0,0,無,有,NA,NA,RPQNMLSJJIIGFCA47DA,25.55,0,0,有,NA,2023-11-02,64,26.64150987635800,23.984189511706900,31.030741577665900,0,34.172148615124800,63000040010,0.13760855043420200,0.5268314406590960,75.94,38018.37,46.46017697744540,32.477876096614200,0,0,0,0,0,0,0,0,0,0,55,55,0,16,1,1,2,3,0,57,"c(121.527388981323, 25.0637079845479)",臺北捷運中山國小站_O10,121.1360453811140,2145.601598343280,2063.495281602130,42
臺北市中山區新生北路三段３巷５０號,5200000,142193,0,0,63000,中山區,房地(土地+建物),25.0630661822218,121.529482110184,新福里,15,商,NA,NA,1121020,土地1建物1車位0,四層,四層,公寓(5樓含以下無電梯),住家用,鋼筋混凝土造,610915,36.57,3,2,2,有,無,NA,親友、員工、共有人或其他特殊關係間之交易；,RPRNMLMLJIIGFCA27EA,36.57,0,0,無,NA,2023-10-20,65,24.8929783249216,21.857150559616200,27.822445790065000,1.0346897549706800,59.30532006057210,63000040020,0.1147652528918120,0.4724427307779540,83.9,34865.58,48.409785917917500,34.83180427069360,0,1,0,0,0,0,0,0,0,0,63,59,0,13,1,2,2,3,0,65,"c(121.529482110184, 25.0630661822218)",臺北捷運中山國小站_O10,279.0581280557420,2212.7370121946200,2120.975153955340,51
臺北市中山區新生北路三段４３號,11500000,222308,0,0,63000,中山區,房地(土地+建物),25.0654069963216,121.528041009571,新庄里,6.57,住,NA,NA,1121028,土地2建物1車位0,十一層,十一層,住宅大樓(11層含以上有電梯),住家用,鋼筋混凝土造,670301,51.73,1,1,1,有,有,NA,陽台外推；,RPQQMLQJJIIGFCA57DA,35.62,0,3.09,有,658,2023-10-28,66,21.984977039695500,20.44600925992640,23.528326311103500,4.545822694365440,38.99183732201490,63000040019,0.0979381443298969,0.4365042174320530,85.65,7353.99,47.16446123277740,34.46754882341920,1,0,0,0,0,1,0,0,0,0,45,36,0,15,0,1,2,2,0,47,"c(121.528041009571, 25.0654069963216)",臺北捷運中山國小站_O10,318.29038560299300,2339.4930619404200,2259.31771677969,45
臺北市中山區新生北路三段５８號,7800000,203277.5,0,0,63000,中山區,房地(土地+建物),25.0656559807554,121.527380012687,晴光里,2.96,商,NA,NA,1121005,土地1建物1車位0,七層,十二層,住宅大樓(11層含以上有電梯),住家用,鋼筋混凝土造,711209,32.82,0,0,0,無,有,NA,陽台外推；,RPPNMLQLIIIGFCA37EA,18.57,0,5.58,有,276,2023-10-05,67,27.081508177729700,25.396360382895800,29.434239853582800,18.498826975698700,29.78044479722080,63000040011,0.14303203427871900,0.5154050193837990,73.13,49418.72,48.326015354466000,34.495060363750000,1,0,0,0,0,1,0,0,0,0,45,35,0,14,0,1,2,3,0,47,"c(121.527380012687, 25.0656559807554)",臺北捷運中山國小站_O10,323.85996851722700,2328.4580108835400,2251.506662019750,41
臺北市中山區新生北路三段６８巷４５之１號,12500000,193229,0,0,63000,中山區,房地(土地+建物),25.0662409956876,121.526158015023,晴光里,27,商,NA,NA,1121006,土地1建物1車位0,三層,四層,公寓(5樓含以下無電梯),住家用,加強磚造,580425,64.69,2,1,1,有,無,NA,其他增建；,RPQNMLQKIIIGFCA27DA,64.69,0,0,無,NA,2023-10-06,68,27.53354447251460,26.47680485184020,29.008832427124500,0.7960189362034060,35.87437862454200,63000040011,0.14303203427871900,0.5154050193837990,73.13,49418.72,48.326015354466000,34.495060363750000,1,0,0,0,1,1,0,0,0,0,42,32,0,12,0,1,1,3,0,43,"c(121.526158015023, 25.0662409956876)",臺北捷運中山國小站_O10,386.3783643554310,2326.1583442653900,2255.7074821904600,54
臺北市中山區新生北路三段８２巷２９號,10300000,206994,0,0,63000,中山區,房地(土地+建物),25.0671454868592,121.526480885933,圓山里,8.39,商,NA,NA,1121005,土地1建物1車位0,六層,六層,華廈(10層含以下有電梯),住家用,鋼筋混凝土造,810910,49.76,1,1,1,有,有,NA,露台外推其他增建；,RPSNMLPJKIIGFCA57EA,24.57,3.28,5.23,有,856,2023-10-05,69,27.38583489138340,25.584025021119500,29.750871819294100,14.27758314412320,30.252959331407500,63000040012,0.12247719104230000,0.48742051423831900,81.16,6501.12,47.69568396207180,32.297000719715800,1,0,0,0,1,1,0,0,0,0,38,25,0,11,0,1,1,4,0,39,"c(121.526480885933, 25.0671454868592)",臺北捷運中山國小站_O10,482.8605868025580,2430.281736078360,2360.465196547170,31
臺北市中山區新生北路三段８２號,10000000,243132,0,0,63000,中山區,房地(土地+建物),25.0671360153086,121.527415971052,圓山里,5.86,商,NA,NA,1121031,土地1建物1車位0,八層,八層,華廈(10層含以下有電梯),住家用,鋼筋混凝土造,760126,41.13,2,1,1,有,有,NA,NA,RPTOMLLJKIIGFCA27DA,25.43,0,4.65,有,807,2023-10-31,70,23.837859820768500,22.030125190029100,26.037536816831000,0.3397496199417340,32.58926092318980,63000040012,0.12247719104230000,0.48742051423831900,81.16,6501.12,47.69568396207180,32.297000719715800,1,0,0,0,0,1,0,0,0,0,41,22,0,11,0,1,1,3,0,42,"c(121.527415971052, 25.0671360153086)",臺北捷運中山國小站_O10,486.0578842376920,2472.9988360366900,2399.370630073410,36
臺北市中山區新生北路二段１２７巷３０號,13000000,246026,0,0,63000,中山區,房地(土地+建物),25.0597290112915,121.529480014709,中庄里,21.5,住,NA,NA,1121002,土地2建物1車位0,二層,四層,公寓(5樓含以下無電梯),住家用,加強磚造,580731,52.84,2,1,1,有,無,NA,NA,RPPOMLMLQHIGFCA77EA,45.96,0,6.88,無,NA,2023-10-02,73,26.5752291173948,25.710737223984200,27.7189604650302,0.2060251878603400,47.756638302006600,63000040023,0.11200716845878100,0.46102150537634400,89.26,33256.53,49.260628450628300,37.523105348883800,0,0,0,0,0,0,1,0,0,0,59,60,0,11,1,1,0,3,0,59,"c(121.529480014709, 25.0597290112915)",臺北捷運行天宮站_O09,366.21462699963200,1938.918458645840,1836.8198767378,54
臺北市中山區新生北路二段３１巷１２號,15750000,155096,0,0,63000,中山區,房地(土地+建物),25.0539519940754,121.528340997886,中原里,25.6,住,NA,NA,1121001,土地1建物1車位0,三層,五層,公寓(5樓含以下無電梯),住家用,鋼筋混凝土造,710227,101.55,3,2,1,有,無,NA,親友、員工、共有人或其他特殊關係間之交易；,RPUNMLOKJIIGFCA57DA,78.77,0,14.66,無,NA,2023-10-01,74,27.82589605912070,26.275222840587400,31.050794091770300,4.993801135274940,39.74441978112830,63000040031,0.15714938328003700,0.5326633165829150,85.52,28966.55,58.18826561631580,41.13475175978890,0,0,0,0,0,0,2,0,0,1,70,63,0,11,1,1,0,2,0,70,"c(121.528340997886, 25.0539519940754)",臺北捷運松江南京站_G15_O08,489.2314367458900,1460.2333139251600,1340.6600282206700,41
臺北市中山區新生北路二段３８號,21500000,270033,0,0,63000,中山區,房地(土地+建物),25.0545240170576,121.527135009657,康樂里,8.16,商,NA,NA,1121028,土地1建物1車位0,十六層,十七層,住宅大樓(11層含以上有電梯),住家用,鋼筋混凝土造,850718,79.62,3,2,1,有,有,NA,陽台外推；其他增建；,RPQNMLLKJIIGFCA86DA,50.49,1.95,5.99,有,715,2023-10-28,75,21.967598527494800,20.40313712692020,23.52123665281410,4.847763025350240,40.496244173629400,63000040005,0.12405699916177700,0.48700754400670600,70.69,16690.03,49.855407721309800,37.9988432400238,0,0,0,0,0,0,1,0,0,1,81,73,0,12,2,1,0,2,0,81,"c(121.527135009657, 25.0545240170576)",臺北捷運松江南京站_G15_O08,625.6936327556410,1389.6445560059600,1274.9400732455300,27
臺北市中山區新生北路二段４０號,11950000,237080,0,0,63000,中山區,房地(土地+建物),25.0547709898347,121.527230982449,康樂里,4.86,商,NA,NA,1121004,土地1建物1車位0,十五層,十七層,住宅大樓(11層含以上有電梯),住家用,鋼筋混凝土造,850718,49.21,1,1,1,有,有,NA,NA,RPWNMLMJJIIGFCA47DA,30,0.85,2.55,有,NA,2023-10-04,76,26.552435753624800,25.502265855049800,27.174815746204000,26.019116251732500,37.87310409352230,63000040005,0.12405699916177700,0.48700754400670600,70.69,16690.03,49.855407721309800,37.9988432400238,0,0,0,0,0,0,1,0,0,1,80,74,0,11,1,1,0,2,0,80,"c(121.527230982449, 25.0547709898347)",臺北捷運松江南京站_G15_O08,627.7758685093890,1413.0529229821300,1299.110107815180,27
臺北市中山區新生北路二段６２巷１１號,54000000,241388,88.24,6000000,63000,中山區,房地(土地+建物)+車位,25.0561929797084,121.526642991941,中山里,21.43,商,NA,NA,1121029,土地1建物1車位2,四層,十六層,住宅大樓(11層含以上有電梯),住家用,鋼筋混凝土造,1000824,287.09,4,2,2,有,有,坡道平面,陽台外推；,RPQPMLPKJIIGFCA47DA,118.36,3.73,16.23,有,806,2023-10-29,80,22.85619344838250,22.300338460177900,23.53249541109300,0.6172786237134800,37.25705206608440,63000040006,0.14644351464435100,0.5074026392018020,73.41,40896.36,42.8995336916279,31.7083509894641,0,0,0,0,0,0,1,0,0,1,75,70,0,7,2,1,0,2,0,75,"c(121.526642991941, 25.0561929797084)",臺北捷運雙連站_R12,637.1581908595320,1462.8766413227800,1356.870300128340,12
臺北市中山區新生北路二段６２巷１６號,3100000,162815,3.33,0,63000,中山區,房地(土地+建物)+車位,25.0560737890452,121.526681213419,中山里,1.22,商,NA,NA,1121025,土地1建物1車位1,十四層,十九層,住宅大樓(11層含以上有電梯),住家用,鋼骨鋼筋混凝土造,1050322,19.04,4,2,2,有,有,坡道平面,NA,RPOQMLMLQHIGFCA87EA,9.33,0.43,1.23,有,689,2023-10-25,81,26.14437245200530,24.5226758926482,29.208567438974400,0,27.487875458265900,63000040006,0.14644351464435100,0.5074026392018020,73.41,40896.36,42.8995336916279,31.7083509894641,0,0,0,0,0,0,1,0,0,1,74,72,0,7,2,1,0,2,0,74,"c(121.526681213419, 25.0560737890452)",臺北捷運雙連站_R12,644.591719954025,1457.171426813610,1350.509839728440,7
臺北市中山區新生北路二段６２巷８號,47000000,268234,33.33,2500000,63000,中山區,房地(土地+建物)+車位,25.0560340169147,121.527097039636,中山里,13.16,商,NA,NA,1121030,土地1建物1車位1,三層,十九層,住宅大樓(11層含以上有電梯),住家用,鋼骨鋼筋混凝土造,1050322,199.23,3,2,2,有,有,坡道平面,NA,RPRNMLTJJIIGFCA67DA,109.26,8.16,5.92,有,757,2023-10-30,83,24.054219169887000,22.585069195062600,26.40625479239630,0,34.892727234731100,63000040006,0.14644351464435100,0.5074026392018020,73.41,40896.36,42.8995336916279,31.7083509894641,0,0,0,0,0,0,1,0,0,1,75,69,0,9,2,1,0,2,0,75,"c(121.527097039636, 25.0560340169147)",臺北捷運雙連站_R12,686.0565378296770,1486.5056018960900,1378.2461415033900,7
臺北市中山區新生北路二段６８巷８號,27880000,212257,45.39,0,63000,中山區,房地(土地+建物)+車位,25.0566901103857,121.526669227298,中山里,11.39,商,NA,NA,1121015,土地1建物1車位1,八層,十二層,住宅大樓(11層含以上有電梯),住家用,鋼骨造,1050602,131.35,2,1,1,有,有,坡道平面,NA,RPTNMLQLIIIGFCA67DA,46.83,6.01,3.01,有,674,2023-10-15,85,24.34019224209270,23.058160896887700,26.96929071507280,0,69.82560039204600,63000040006,0.14644351464435100,0.5074026392018020,73.41,40896.36,42.8995336916279,31.7083509894641,0,0,0,0,0,0,1,0,0,1,73,74,0,7,2,1,0,2,0,73,"c(121.526669227298, 25.0566901103857)",臺北捷運雙連站_R12,626.9087331974310,1501.5527703117000,1397.5915984084700,7
臺北市中山區新生北路二段７３號,6350000,239532,0,0,63000,中山區,房地(土地+建物),25.0566730113033,121.527862977948,中原里,5.73,住,NA,NA,1121001,土地1建物1車位0,七層,七層,華廈(10層含以下有電梯),住家用,鋼筋混凝土造,680301,26.51,1,1,1,有,有,NA,凸窗約0.5坪左右其他增建；,RPQNMLLJKIIGFCA96EA,21.52,0,0,有,789,2023-10-01,87,27.83985301301800,26.29792584904890,31.02950223623650,4.873230328328330,39.144681869582300,63000040031,0.15714938328003700,0.5326633165829150,85.52,28966.55,58.18826561631580,41.13475175978890,0,0,0,0,0,0,1,0,0,1,68,62,0,11,2,1,0,2,0,68,"c(121.527862977948, 25.0566730113033)",臺北捷運行天宮站_O09,667.641580870196,1591.1557381555700,1483.040620289820,44
臺北市中山區新生北路二段７４號,6260000,174519,0,0,63000,中山區,房地(土地+建物),25.0571349798968,121.527172979679,中山里,4.67,商,NA,NA,1121030,土地1建物1車位0,十層，露台,十二層,住宅大樓(11層含以上有電梯),住家用,鋼筋混凝土造,610505,35.87,1,0,1,有,有,NA,NA,RPOOMLQKJIIGFCA27DA,35.87,0,0,有,NA,2023-10-30,88,24.051612086117700,22.585654735422600,26.387715830226100,0,34.4805856176593,63000040006,0.14644351464435100,0.5074026392018020,73.41,40896.36,42.8995336916279,31.7083509894641,0,0,0,0,0,0,1,0,0,1,74,69,0,8,2,1,0,2,0,74,"c(121.527172979679, 25.0571349798968)",臺北捷運中山國小站_O10,628.2107510858490,1572.3202828988600,1468.3604296099300,51
臺北市中山區新生北路二段７６巷２６號,7950000,221325,0,0,63000,中山區,房地(土地+建物),25.057380988755,121.526695965569,中山里,7.7,商,NA,NA,1121028,土地3建物1車位0,四層,六層,華廈(10層含以下有電梯),住家用,鋼筋混凝土造,790104,35.92,0,0,0,無,無,NA,格局：0房1廳1衛陽台外推；,RPSNMLNLJIIGFCA37DA,25.83,0,3.13,有,720,2023-10-28,89,21.981228604433500,20.425507837464200,23.531571614797300,4.7197017743775200,39.66105100943030,63000040006,0.14644351464435100,0.5074026392018020,73.41,40896.36,42.8995336916279,31.7083509894641,0,0,0,0,0,0,1,0,0,1,77,74,0,8,2,2,0,2,0,77,"c(121.526695965569, 25.057380988755)",臺北捷運中山國小站_O10,599.3993304614920,1556.250099290570,1455.0985679155900,33
臺北市中山區明水路３９７巷１０號,28500000,309547,0,0,63000,中山區,房地(土地+建物),25.0784009998098,121.547610993286,永安里,27.55,住,NA,NA,1121008,土地1建物1車位0,六層,六層,華廈(10層含以下有電梯),住家用,鋼筋混凝土造,830916,92.07,3,2,1,有,有,NA,NA,RPRPMLOLIIIGFCA47DA,60.29,5.6,7.65,有,NA,2023-10-08,90,25.490776910107600,24.481391281526500,27.608366127558200,12.009834414167300,33.58285994041850,63000040016,0.1999244617902560,0.6371647991942590,84.96,27316.52,51.66884815908560,29.957460728082900,0,0,0,0,0,0,0,0,0,0,18,31,0,9,1,1,0,2,0,18,"c(121.547610993286, 25.0784009998098)",臺北捷運大直站_BR14,155.50959383358600,4472.619683617080,4597.307916897360,29
臺北市中山區明水路３９７巷７弄４６號,11880000,278351,0,0,63000,中山區,房地(土地+建物),25.0779510173378,121.550349025778,永安里,13.2,住,NA,NA,1121006,土地1建物1車位0,三層,七層,華廈(10層含以下有電梯),住家用,鋼筋混凝土造,810618,42.68,1,1,1,有,無,NA,鐵窗增建,RPQNMLOLIIIGFCA17DA,30.13,0.56,3.4,有,NA,2023-10-06,91,27.465518070237100,26.111727839326600,28.979757413874500,1.0458941391137200,37.52705216785870,63000040016,0.1999244617902560,0.6371647991942590,84.96,27316.52,51.66884815908560,29.957460728082900,0,0,0,0,0,0,0,0,0,0,14,18,0,6,0,0,0,1,0,14,"c(121.550349025778, 25.0779510173378)",臺北捷運大直站_BR14,408.8989352509590,4248.943034377800,4752.0485281417200,31
臺北市中山區明水路４５３號,46180000,289059,0,2500000,63000,中山區,房地(土地+建物)+車位,25.077486911359,121.550353803462,永安里,30.35,住,NA,NA,1121006,土地1建物1車位1,六層,十一層,住宅大樓(11層含以上有電梯),住家用,鋼筋混凝土造,830223,159.76,3,2,2,有,有,坡道平面,NA,RPQOMLNLJIIGFCA27DA,95.24,3.21,11.79,有,NA,2023-10-06,92,27.459429457954900,26.109050015622500,28.969898855228400,1.047674824408420,37.50192019510230,63000040016,0.1999244617902560,0.6371647991942590,84.96,27316.52,51.66884815908560,29.957460728082900,0,0,0,0,0,0,0,0,0,0,12,15,0,4,0,0,0,1,0,12,"c(121.550353803462, 25.077486911359)",臺北捷運大直站_BR14,433.66676718203500,4210.244321374110,4716.252838333920,29
臺北市中山區明水路４７９號,55880000,315043,106.05,3000000,63000,中山區,房地(土地+建物)+車位,25.078081984575,121.551674037032,永安里,47.7,住,NA,NA,1121030,土地1建物1車位3,十層,十二層,住宅大樓(11層含以上有電梯),住家用,鋼筋混凝土造,840718,273.9,4,2,2,有,有,坡道平面,NA,RPOOMLRLJIIGFCA47DA,233.94,3.51,14.8,有,NA,2023-10-30,93,24.13943129209410,22.35223054243310,27.004841869961300,0,36.46891781391430,63000040016,0.1999244617902560,0.6371647991942590,84.96,27316.52,51.66884815908560,29.957460728082900,0,0,0,0,0,0,0,0,0,0,12,17,0,4,0,0,0,2,0,12,"c(121.551674037032, 25.078081984575)",臺北捷運大直站_BR14,528.3753930367020,4172.720835642990,4857.713725160200,28
臺北市中山區松江路１５０巷２６之１號,21400000,245272,0,0,63000,中山區,房地(土地+建物),25.0539952866053,121.530903010411,中吉里,24.2,住,NA,NA,1121021,土地2建物1車位0,二層,五層,公寓(5樓含以下無電梯),住家用,鋼筋混凝土造,690422,87.25,3,2,1,有,無,NA,陽台外推；,RPPNMLTLJIIGFCA77EA,71.19,0,12.97,無,NA,2023-10-21,96,21.77523113007630,21.12242126894570,22.63557449180480,0.23131560921195800,34.0675243841216,63000040030,0.15901571546732800,0.5694789081885860,86.74,29293.74,55.54945053418970,32.85714284811620,0,0,0,0,0,0,2,0,0,0,68,70,0,10,0,1,0,0,0,68,"c(121.530903010411, 25.0539952866053)",臺北捷運松江南京站_G15_O08,267.2904490626830,1692.643752747120,1569.514007977860,43
臺北市中山區松江路１７０巷６號,21400000,220097,0,0,63000,中山區,房地(土地+建物),25.0558489864021,121.532541001929,中吉里,30,商,NA,NA,1121114,土地2建物1車位0,三層,四層,公寓(5樓含以下無電梯),住家用,加強磚造,560623,97.23,3,2,1,有,無,NA,陽台外推；,RPPNMLOLJIIGFCA17DA,91.77,0,5.46,無,51,2023-11-14,97,19.08814735543050,18.597778029682500,19.847609093547600,0.402221970317474,36.72197151428440,63000040030,0.15901571546732800,0.5694789081885860,86.74,29293.74,55.54945053418970,32.85714284811620,0,0,0,0,0,0,1,0,0,0,61,70,0,10,1,2,0,2,0,61,"c(121.532541001929, 25.0558489864021)",臺北捷運松江南京站_G15_O08,385.4866382661930,1932.8102683205600,1812.395514308070,56
臺北市中山區松江路２號,7750000,226079,0,0,63000,中山區,房地(土地+建物),25.0462849834218,121.532706963612,興亞里,2.51,商,NA,NA,1121013,土地1建物1車位0,十二層,十三層,住宅大樓(11層含以上有電梯),住家用,鋼筋混凝土造,701208,34.28,0,1,1,有,有,NA,其他增建；,RPSOMLSJJIIGFCA77DA,25.38,0,0,有,NA,2023-10-13,100,24.94931984425510,23.575148690879600,27.42015383346220,0,40.96676283546390,63000040032,0.1712741633755980,0.5855331531906050,82.44,21890.83,56.43392958556440,38.80553951563600,1,0,0,0,0,2,1,0,0,0,28,39,0,5,0,2,0,0,0,28,"c(121.532706963612, 25.0462849834218)",臺北捷運忠孝新生站_BL14_O07,474.5253212602240,1720.8061381021800,1593.9269114785100,42
臺北市中山區松江路３３０巷２４號,21400000,203055,0,0,63000,中山區,房地(土地+建物),25.0610878854343,121.532064071639,新生里,38.25,住,NA,NA,1121021,土地1建物1車位0,三層,四層,公寓(5樓含以下無電梯),住家用,鋼筋混凝土造,640718,105.39,3,2,1,有,無,NA,其他增建；,RPUNMLOLJIIGFCA67DA,91.13,0,14.26,無,NA,2023-10-21,103,21.77730662359470,21.10922858787030,22.63130054715460,0.24230951010806500,33.2599784741536,63000040022,0.11009852216748800,0.4608374384236450,85.86,32188.39,47.99999998386560,36.4705882230351,0,1,0,0,0,0,0,0,0,0,56,82,0,11,1,1,1,3,3,57,"c(121.532064071639, 25.0610878854343)",臺北捷運行天宮站_O09,120.0852192825620,2231.9726685832300,2126.993560529620,48
臺北市中山區松江路３３０巷５３號,15380000,290463,0,0,63000,中山區,房地(土地+建物),25.061231006431,121.531209033696,新生里,7.95,住,NA,NA,1121015,土地1建物1車位0,五層,九層,華廈(10層含以下有電梯),住家用,鋼筋混凝土造,961207,52.95,1,1,1,有,有,NA,陽台外推；夾層；其他增建；,RPVNMLPLIIIGFCA77DA,22.75,0,12.08,有,NA,2023-10-15,104,24.30392616105920,23.015639500147900,26.986678993122100,0,69.78488804411900,63000040022,0.11009852216748800,0.4608374384236450,85.86,32188.39,47.99999998386560,36.4705882230351,0,1,0,0,0,0,0,0,0,0,54,79,0,10,1,1,1,4,3,55,"c(121.531209033696, 25.061231006431)",臺北捷運行天宮站_O09,202.64763283963000,2179.970740787540,2077.5894364384700,16
臺北市中山區松江路４０２巷７弄８號,18500000,222543,0,0,63000,中山區,房地(土地+建物),25.0643919897566,121.5325470369,新福里,22,住,NA,NA,1121020,土地2建物1車位0,四層,五層,公寓(5樓含以下無電梯),住家用,鋼筋混凝土造,701014,83.13,3,1,1,有,無,NA,NA,RPPNMLKKJIIGFCA66DA,70.88,0,12.25,無,714,2023-10-20,106,24.867291910823800,21.797583454569100,27.784165679360100,0.9092059256849530,59.865631079611800,63000040020,0.1147652528918120,0.4724427307779540,83.9,34865.58,48.409785917917500,34.83180427069360,1,1,0,0,0,0,1,0,0,0,59,50,0,11,0,1,2,3,3,61,"c(121.5325470369, 25.0643919897566)",臺北捷運行天宮站_O09,439.7098797352340,2525.6064685990300,2428.2788967575800,42
臺北市中山區松江路４１２號,36600000,124278,59.54,0,63000,中山區,房地(土地+建物)+車位,25.0643244734775,121.533075698331,新福里,24.23,住,NA,NA,1121026,土地2建物1車位2,六層,十七層,住宅大樓(11層含以上有電梯),住家用,鋼筋混凝土造,1040713,294.5,3,2,2,有,有,坡道平面,親友、員工、共有人或其他特殊關係間之交易；,RPVNMLQKJIIGFCA87DA,135.91,10.39,17.32,有,638,2023-10-26,107,26.25931960598290,24.06286542284150,30.070282989564100,0,35.03028561356370,63000040020,0.1147652528918120,0.4724427307779540,83.9,34865.58,48.409785917917500,34.83180427069360,1,1,0,0,0,0,1,0,0,0,59,52,0,12,0,1,2,2,3,61,"c(121.533075698331, 25.0643244734775)",臺北捷運行天宮站_O09,429.6304570324730,2556.345506664020,2457.489856503170,8
臺北市中山區松江路４６９巷１號,30000000,250146,0,0,63000,中山區,房地(土地+建物),25.0666709873205,121.533617992668,行政里,20.72,住,NA,NA,1121027,土地1建物1車位0,七層,七層,華廈(10層含以下有電梯),住家用,鋼筋混凝土造,730721,119.93,1,2,2,有,無,NA,頂樓加蓋；,RPXOMLRLIIIGFCA28DA,86.31,0,14.79,有,516,2023-10-27,110,23.93523031900410,22.408866180254400,25.48995541757730,0,37.151863234189500,63000040024,0.084996191926885,0.39695354150799700,104.76,39530.96,50.36247333680970,39.97867802985530,1,1,0,0,0,2,1,0,0,0,40,23,0,6,1,1,2,2,1,42,"c(121.533617992668, 25.0666709873205)",臺北捷運行天宮站_O09,692.1192129854690,2786.512374219050,2691.9121816730400,39
臺北市中山區松江路８號,7150000,247883.5,0,0,63000,中山區,房地(土地+建物),25.046456980075,121.532689026339,興亞里,3.38,商,NA,NA,1121114,土地1建物1車位0,十二層,十二層,住宅大樓(11層含以上有電梯),住家用,鋼筋混凝土造,661102,37.45,1,1,1,有,有,NA,NA,RPSNMLPKJIIGFCA47DA,26.72,0,2.91,有,NA,2023-11-14,112,18.88021351071760,18.360146396208200,19.66983954973650,0.5,37.613189374103200,63000040032,0.1712741633755980,0.5855331531906050,82.44,21890.83,56.43392958556440,38.80553951563600,1,0,0,0,0,2,1,0,0,0,28,39,0,5,0,2,0,0,0,28,"c(121.532689026339, 25.046456980075)",臺北捷運忠孝新生站_BL14_O07,493.6625633870190,1717.5872647265000,1590.4015628662500,46
臺北市中山區林森北路１００號,11000000,158937,0,0,63000,中山區,房地(土地+建物),25.0505279866283,121.524800984899,正得里,5.84,商,NA,NA,1121011,土地1建物1車位0,十層,十二層,住宅大樓(11層含以上有電梯),住家用,鋼筋混凝土造,710224,69.21,1,1,1,有,有,NA,NA,RPXNMLMJJIIGFCA57DA,54.74,0,0,有,NA,2023-10-11,113,24.272306176176400,22.707234896710400,26.380670669640300,0,43.45923571425720,63000040003,0.15162564570039500,0.5545426921908230,76.72,24765.25,51.0008340070889,37.23936612291940,1,0,0,0,0,0,0,0,0,3,58,56,0,5,2,1,0,0,0,58,"c(121.524800984899, 25.0505279866283)",臺北捷運中山站_G14_R11,608.0857510667990,976.120232103816,849.9160007116450,41
臺北市中山區林森北路１０７巷３２號,8000000,171233,0,0,63000,中山區,房地(土地+建物),25.0500019802945,121.526105041395,正義里,12.18,商,NA,NA,1121030,土地1建物1車位0,七層,七層,華廈(10層含以下有電梯),住家用,鋼筋混凝土造,941004,46.72,1,1,1,有,有,NA,親友、員工、共有人或其他特殊關係間之交易；,RPQNMLQJKIIGFCA47EA,22.74,1.21,7.27,有,NA,2023-10-30,114,24.08931833929240,22.606336389855200,26.56188989979110,0,36.05423672256910,63000040002,0.1153681506849320,0.4689640410958900,74.99,38516.04,45.30853760346340,31.64271624918490,1,0,0,0,0,0,1,0,0,1,50,45,0,6,2,1,0,0,0,50,"c(121.526105041395, 25.0500019802945)",臺北捷運善導寺站_BL13,644.6319401383980,1084.5272460923100,955.9061173032730,18
臺北市中山區林森北路１３３巷４１號,35000000,319197,0,0,63000,中山區,房地(土地+建物),25.0508089899322,121.526661013033,正義里,32.75,商,NA,NA,1121024,土地1建物1車位0,一層,四層,公寓(5樓含以下無電梯),住家用,加強磚造,570327,109.65,1,1,1,有,無,NA,NA,RPQNMLRJJIIGFCA47EA,109.65,0,0,無,NA,2023-10-24,115,26.449602177775600,23.91212739724840,30.457998326407300,0,37.41158346116330,63000040002,0.1153681506849320,0.4689640410958900,74.99,38516.04,45.30853760346340,31.64271624918490,1,0,0,0,0,0,1,0,0,1,59,59,0,6,1,1,0,0,0,59,"c(121.526661013033, 25.0508089899322)",臺北捷運松江南京站_G15_O08,650.5638671688990,1163.6819972164600,1036.498554238870,55
臺北市中山區林森北路１５９巷３２號,11200000,86781,0,0,63000,中山區,房地(土地+建物),25.0514880079084,121.52631500807,正義里,30.42,商,NA,NA,1121117,土地2建物1車位0,四層,五層,公寓(5樓含以下無電梯),住家用,鋼筋混凝土造,730114,129.06,4,2,2,有,無,NA,親友、員工、共有人或其他特殊關係間之交易；,RPPNMLPJKIIGFCA27EA,113.44,0,12.21,無,NA,2023-11-17,118,16.937786008169000,14.097049509319400,19.655987978961200,0.23481255859719300,57.05281020984060,63000040002,0.1153681506849320,0.4689640410958900,74.99,38516.04,45.30853760346340,31.64271624918490,1,0,0,0,0,0,1,0,0,1,61,59,0,8,1,1,0,1,0,61,"c(121.52631500807, 25.0514880079084)",臺北捷運松江南京站_G15_O08,669.0765939335240,1156.987012119810,1032.1438662492700,39
臺北市中山區林森北路２６３號,9350000,225282.5,0,0,63000,中山區,房地(土地+建物),25.0545986159959,121.52555753548,康樂里,2.79,商,NA,NA,1121010,土地2建物1車位0,十層,十二層,住宅大樓(11層含以上有電梯),住家用,鋼筋混凝土造,710707,34.2,1,1,1,有,有,NA,NA,RPXNMLNKJIIGFCA77DA,26.15,0,0,有,677,2023-10-10,119,24.38576544174080,23.24792281766000,26.124898827179600,0.2940816720578310,34.253129869316300,63000040005,0.12405699916177700,0.48700754400670600,70.69,16690.03,49.855407721309800,37.9988432400238,0,0,0,0,0,0,1,0,0,1,85,73,0,10,2,1,0,2,0,85,"c(121.52555753548, 25.0545986159959)",臺北捷運雙連站_R12,613.7094647832580,1265.8062567385100,1156.443170013720,41
臺北市中山區林森北路２８９號,10875000,202607.5,0,0,63000,中山區,房地(土地+建物),25.0556049892006,121.52557999898,中山里,5.19,商,NA,NA,1121007,土地2建物1車位0,六層,十二層,住宅大樓(11層含以上有電梯),住家用,鋼筋混凝土造,660121,66.93,0,0,0,無,有,NA,陽台外推；,RPWNMLSJJIIGFCA08DA,53.31,0,4.81,有,NA,2023-10-07,120,27.262520570513800,25.0360294377277,30.980101575115400,9.938980484272590,36.42388100007020,63000040006,0.14644351464435100,0.5074026392018020,73.41,40896.36,42.8995336916279,31.7083509894641,0,0,0,0,0,0,1,0,0,1,81,75,0,9,2,0,0,2,0,81,"c(121.52557999898, 25.0556049892006)",臺北捷運雙連站_R12,559.4936599800490,1339.384837780970,1234.831195499490,46
臺北市中山區林森北路３０８號,10940000,241182,0,0,63000,中山區,房地(土地+建物),25.056109998867,121.525271964038,中山里,4.28,商,NA,NA,1121015,土地1建物1車位0,十二層,十五層,住宅大樓(11層含以上有電梯),住家用,鋼骨造,990409,45.36,1,0,1,有,有,NA,NA,RPUOMLRJJIIGFCA87DA,26.66,0,2.57,有,659,2023-10-15,122,24.351209099198400,23.07407118745370,26.95444860616150,0,69.84618830371580,63000040006,0.14644351464435100,0.5074026392018020,73.41,40896.36,42.8995336916279,31.7083509894641,0,0,0,0,0,0,1,0,0,1,82,74,0,6,2,1,0,3,0,82,"c(121.525271964038, 25.056109998867)",臺北捷運雙連站_R12,508.799473373191,1355.0963313172800,1254.3187159728400,13
臺北市中山區林森北路４０９號,6400000,189237,0,0,63000,中山區,房地(土地+建物),25.0596029893773,121.52570203949,聚盛里,2.84,商,NA,NA,1121015,土地1建物1車位0,十二層,十二層,住宅大樓(11層含以上有電梯),住家用,鋼筋混凝土造,710531,33.82,1,1,1,有,有,NA,其他增建；,RPVNMLKMIIIGFCA37DA,22.68,0,0,有,NA,2023-10-15,125,24.34422195756790,23.084175388112800,26.899361870160500,0,69.76676016238320,63000040007,0.10569105691056900,0.43333333333333300,73.27,33383.92,47.5854383181332,37.07280830717950,0,0,0,0,0,0,1,0,0,0,73,73,0,9,2,1,0,3,0,73,"c(121.52570203949, 25.0596029893773)",臺北捷運中山國小站_O10,368.2486157388180,1675.6196540672100,1587.72319573428,41
臺北市中山區林森北路５８７號,35150000,260692,39.18,2600000,63000,中山區,房地(土地+建物)+車位,25.0660249940427,121.525832964818,晴光里,12.12,商,NA,NA,1121011,土地1建物1車位1,九層,十三層,住宅大樓(11層含以上有電梯),住家用,鋼筋混凝土造,1000726,164.04,2,1,1,有,有,坡道平面,NA,RPVOMLNKJIIGFCA67DA,65.31,5.46,9.98,有,NA,2023-10-11,130,24.271676863429900,22.69611299224320,26.323995733036000,0,41.56302307129260,63000040011,0.14303203427871900,0.5154050193837990,73.13,49418.72,48.326015354466000,34.495060363750000,0,0,0,0,1,1,0,0,0,0,42,39,0,12,0,1,1,3,0,43,"c(121.525832964818, 25.0660249940427)",臺北捷運中山國小站_O10,369.40339623536500,2290.039532967570,2220.52199737094,12
臺北市中山區林森北路６５７號,6400000,124501.5,0,0,63000,中山區,房地(土地+建物),25.0677740038688,121.525919968973,圓山里,4.06,商,NA,NA,1121016,土地1建物1車位0,三層,十層,華廈(10層含以下有電梯),住家用,鋼筋混凝土造,930423,34.38,1,0,1,有,有,NA,親友、員工、共有人或其他特殊關係間之交易；,RPPNMLKKJIIGFCA76EA,19.76,0.51,3.09,有,NA,2023-10-16,131,25.18905029462990,23.660560611089200,27.482467954220800,0,73.80958313493180,63000040012,0.12247719104230000,0.48742051423831900,81.16,6501.12,47.69568396207180,32.297000719715800,1,0,0,0,1,1,0,0,0,0,36,23,0,9,0,1,1,3,0,37,"c(121.525919968973, 25.0677740038688)",臺北捷運中山國小站_O10,557.8684200049400,2468.588007750820,2402.4466999669700,19
臺北市中山區林森北路６７巷１２６號,8000000,114811,0,0,63000,中山區,房地(土地+建物),25.0477270060441,121.528333035078,正守里,24.5,商,NA,NA,1121012,土地1建物1車位0,二層,四層,公寓(5樓含以下無電梯),住家用,鋼筋混凝土造,590921,69.68,2,1,1,有,無,NA,親友、員工、共有人或其他特殊關係間之交易；,RPQNMLTJJIIGFCA67EA,69.68,0,0,無,NA,2023-10-12,132,25.434465959669300,23.656323795409800,27.67172685875010,0,40.53831852420290,63000040001,0.15685595567867000,0.542590027700831,92.65,28798.83,54.02843599335150,36.87203789721700,1,0,0,0,0,1,2,0,0,0,48,43,0,3,1,0,0,1,0,48,"c(121.528333035078, 25.0477270060441)",臺北捷運善導寺站_BL13,587.7689167650720,1274.1860356353500,1145.1856206592300,53
臺北市中山區民權東路一段５８巷７號,28000000,267074,19.77,0,63000,中山區,房地(土地+建物)+車位,25.0621909858017,121.524734013493,聚葉里,14.94,商,NA,NA,1121012,土地1建物1車位1,六層,七層,華廈(10層含以下有電梯),住家用,鋼筋混凝土造,1040731,104.84,2,1,2,有,有,塔式車位,NA,RPXNMLSKIIIGFCA18DA,36.4,0,6.38,有,348,2023-10-12,140,25.476679668311800,23.7769156202077,27.593207109157100,0,39.16842042482210,63000040009,0.12177853299348600,0.49164542622486500,80.39,30115.87,48.337791345686700,34.925487185737300,0,0,0,0,0,0,0,0,0,0,64,71,0,12,1,3,0,3,0,64,"c(121.524734013493, 25.0621909858017)",臺北捷運中山國小站_O10,212.35645889088700,1862.6898059447400,1788.446197301140,8
臺北市中山區民權東路二段１１３巷１弄２號,7000000,143032,0,0,63000,中山區,房地(土地+建物),25.0629660184788,121.534365993708,行政里,18,商,NA,NA,1121103,土地2建物1車位0,二層,四層,公寓(5樓含以下無電梯),住家用,鋼筋混凝土造,641202,48.94,3,2,2,有,無,NA,親友、員工、共有人或其他特殊關係間之交易；陽台外推；,RPQNMLQKJIIGFCA47EA,42.37,0,6.57,無,NA,2023-11-03,142,25.94744078750470,22.45365609908170,29.941830734992500,0,50.17613687443680,63000040024,0.084996191926885,0.39695354150799700,104.76,39530.96,50.36247333680970,39.97867802985530,0,1,0,0,0,0,1,0,0,0,58,61,0,11,0,1,1,3,3,59,"c(121.534365993708, 25.0629660184788)",臺北捷運行天宮站_O09,310.26321147923000,2543.7606786482400,2438.5375004489300,48
臺北市中山區民權東路二段１３５巷２０弄１號,23000000,206742,0,0,63000,中山區,房地(土地+建物),25.0638930150605,121.534861028909,行政里,20.46,住,NA,NA,1121020,土地1建物1車位0,三層,七層,華廈(10層含以下有電梯),住家用,鋼筋混凝土造,730308,111.25,3,2,2,有,無,NA,陽台外推；其他增建；,RPOQMLLMIIIGFCA07DA,90.98,0,14.81,有,NA,2023-10-20,143,24.844658745696200,21.74435836337010,27.75214490097450,0.8025414341211660,60.150065146182300,63000040024,0.084996191926885,0.39695354150799700,104.76,39530.96,50.36247333680970,39.97867802985530,0,1,0,0,0,1,1,0,0,0,49,50,0,10,1,1,2,1,3,51,"c(121.534861028909, 25.0638930150605)",臺北捷運行天宮站_O09,424.4461911945060,2650.1139444098000,2546.098620465040,39
臺北市中山區民權東路二段７１巷８號,34100000,322610.5,17.465,2250000,63000,中山區,房地(土地+建物)+車位,25.0633339840282,121.531611029772,新福里,13.76,NA,NA,NA,1121102,土地1建物1車位1,四層,十五層,住宅大樓(11層含以上有電梯),住家用,鋼筋混凝土造,1120203,128.69,3,1,1,有,有,升降平面,含裝潢費2400000元；,RPRNMLMLJIIGFCA17DA,56.4,0,4.6,有,NA,2023-11-02,144,26.59266114915340,23.921987649561400,30.916668549833500,0,35.20395620238000,63000040020,0.1147652528918120,0.4724427307779540,83.9,34865.58,48.409785917917500,34.83180427069360,0,1,0,0,0,0,0,0,0,0,63,60,0,13,0,1,2,3,3,65,"c(121.531611029772, 25.0633339840282)",臺北捷運行天宮站_O09,350.184305835338,2375.386029065200,2277.8234882801200,0
臺北市中山區民權東路二段９號,12650000,204263,0,0,63000,中山區,房地(土地+建物),25.0628169882404,121.528580971774,新福里,7.84,商,NA,NA,1121025,土地1建物1車位0,七層,十二層,住宅大樓(11層含以上有電梯),住家用,鋼筋混凝土造,681022,61.93,1,2,1,有,有,NA,NA,RPUNMLTLJIIGFCA18DA,43.62,0,5.9,有,NA,2023-10-25,145,26.11601938926930,24.51927316888960,29.14792025585010,0,25.82310327105220,63000040020,0.1147652528918120,0.4724427307779540,83.9,34865.58,48.409785917917500,34.83180427069360,0,0,0,0,0,0,0,0,0,0,57,62,0,16,1,2,2,3,0,59,"c(121.528580971774, 25.0628169882404)",臺北捷運中山國小站_O10,186.506324307264,2134.818020391310,2045.508911994950,44
臺北市中山區民權東路二段９２巷１弄９號,8050000,235794,0,0,63000,中山區,房地(土地+建物),25.0615988881614,121.532087792425,新生里,11.42,住,NA,NA,1121003,土地1建物1車位0,二層,五層,華廈(10層含以下有電梯),住家用,鋼筋混凝土造,810427,34.14,1,0,1,有,有,NA,陽台外推；,RPPOMLTKIIIGFCA57DA,19.03,0,7.08,有,609,2023-10-03,146,25.44208511264660,24.15696387633660,26.64577992501850,5.549009088839700,45.042108502415900,63000040022,0.11009852216748800,0.4608374384236450,85.86,32188.39,47.99999998386560,36.4705882230351,0,1,0,0,0,0,0,0,0,0,56,82,0,12,1,1,1,4,3,57,"c(121.532087792425, 25.0615988881614)",臺北捷運行天宮站_O09,158.7909981279150,2272.20306509582,2168.601990099540,31
臺北市中山區民權東路二段９２巷７弄２４號,13660000,219121,0,0,63000,中山區,房地(土地+建物),25.0606280123166,121.532354001669,新生里,23.75,住,NA,NA,1121008,土地1建物1車位0,二層,四層,公寓(5樓含以下無電梯),住家用,加強磚造,571231,62.34,3,1,2,有,無,NA,其他增建；,RPVOMLNJJIIGFCA57DA,51.94,10.4,0,無,NA,2023-10-08,147,25.467451396534100,24.621031978806300,26.926606431810000,12.51380797695940,32.22694694505040,63000040022,0.11009852216748800,0.4608374384236450,85.86,32188.39,47.99999998386560,36.4705882230351,0,1,0,0,0,0,0,0,0,0,59,83,0,10,1,1,1,3,3,60,"c(121.532354001669, 25.0606280123166)",臺北捷運行天宮站_O09,70.47135716704590,2220.05315833982,2113.094622134550,55
臺北市中山區民生東路一段２５號,7400000,165179,0,0,63000,中山區,房地(土地+建物),25.0581960031102,121.52431701381,中山里,4.04,商,NA,NA,1121027,土地1建物1車位0,七層,十二層,住宅大樓(11層含以上有電梯),住家用,鋼筋混凝土造,690815,44.8,1,1,1,有,有,NA,陽台外推；,RPOPMLQJJIIGFCA27DA,33.88,0,1.82,有,492,2023-10-27,148,23.96789708092360,22.49492191498420,25.554394802107700,0,37.15059207789980,63000040006,0.14644351464435100,0.5074026392018020,73.41,40896.36,42.8995336916279,31.7083509894641,0,0,0,0,0,0,1,0,0,1,80,79,0,9,2,1,0,5,0,80,"c(121.52431701381, 25.0581960031102)",臺北捷運雙連站_R12,380.99236694385300,1467.1623495454400,1380.8842677978800,43
臺北市中山區民生東路一段２９號,12200000,164865,0,0,63000,中山區,房地(土地+建物),25.0582159939493,121.52514196072,中山里,5.84,商,NA,NA,1121017,土地1建物1車位0,十層,十二層,住宅大樓(11層含以上有電梯),住家用,鋼筋混凝土造,720224,74,1,1,1,有,有,NA,NA,RPRNMLKKJIIGFCA86DA,56.73,0,0,有,540,2023-10-17,149,25.06933787641390,23.45699224047270,26.967169638882400,0,81.14562310615740,63000040006,0.14644351464435100,0.5074026392018020,73.41,40896.36,42.8995336916279,31.7083509894641,0,0,0,0,0,0,1,0,0,1,81,66,0,8,2,1,0,4,0,81,"c(121.52514196072, 25.0582159939493)",臺北捷運雙連站_R12,463.9305236641390,1519.6556724763700,1429.0252392079200,40
臺北市中山區民生東路一段７０巷７號,6880000,210012,0,0,63000,中山區,房地(土地+建物),25.0575901172392,121.526503265615,中山里,6.49,商,NA,NA,1121006,土地1建物1車位0,四層,七層,華廈(10層含以下有電梯),住家用,鋼筋混凝土造,960912,32.76,0,0,1,有,有,NA,夾層；,RPQNMLNJJIIGFCA96DA,16.51,1.95,1.86,有,NA,2023-10-06,151,27.49567188648250,26.43185100920790,28.969726689577200,0.8383538926346120,36.04255573934440,63000040006,0.14644351464435100,0.5074026392018020,73.41,40896.36,42.8995336916279,31.7083509894641,0,0,0,0,0,0,1,0,0,1,79,74,0,9,2,1,0,2,0,79,"c(121.526503265615, 25.0575901172392)",臺北捷運中山國小站_O10,576.6878728052080,1558.9433703136800,1459.4353306392900,16
臺北市中山區民生東路一段７８號,6900000,206340,0,0,63000,中山區,房地(土地+建物),25.0579100125739,121.526698983054,中山里,3.08,商,NA,NA,1121015,土地1建物1車位0,八層,十二層,住宅大樓(11層含以上有電梯),住家用,鋼筋混凝土造,730605,33.44,1,1,1,有,有,NA,NA,RPRNMLQKJIIGFCA47DA,19.59,0,9.07,有,637,2023-10-15,152,24.338670020936900,23.06314098959300,26.94841439071950,0,69.78830582131060,63000040006,0.14644351464435100,0.5074026392018020,73.41,40896.36,42.8995336916279,31.7083509894641,0,0,0,0,0,0,1,0,0,1,80,75,0,8,2,1,0,2,0,80,"c(121.526698983054, 25.0579100125739)",臺北捷運中山國小站_O10,540.8004376537980,1598.1247381687800,1499.1332415063800,39
臺北市中山區民生東路三段８８巷４號,29000000,254431,0,0,63000,中山區,房地(土地+建物),25.0574791827507,121.542567015413,龍洲里,23.42,住,NA,NA,1121011,土地1建物1車位0,四層,十五層,住宅大樓(11層含以上有電梯),住家用,鋼筋混凝土造,750314,113.98,3,2,2,有,有,NA,陽台外推；其他增建；,RPPOMLOLIIIGFCA17DA,87.51,0.14,6.25,有,NA,2023-10-11,153,23.92160768329360,22.232743439252500,26.228985528843100,0.06306904608437440,42.86638413815020,63000040035,0.17289293849658300,0.592255125284738,82.31,68477.71,51.76991148806260,38.74841970962440,0,1,0,0,0,0,0,0,0,0,54,78,0,20,0,1,0,0,0,54,"c(121.542567015413, 25.0574791827507)",臺北捷運中山國中站_BR12,391.7690934322960,2925.9837974910200,2800.6899318975500,37
臺北市中山區民生東路二段１４７巷５弄９號,28500000,211959,0,0,63000,中山區,房地(土地+建物),25.0593169988409,121.535222037479,松江里,39,住,NA,NA,1121018,土地1建物1車位0,五層,五層,公寓(5樓含以下無電梯),住家用,鋼筋混凝土造,670421,134.46,3,2,2,有,無,NA,頂樓加蓋；,RPUNMLQKJIIGFCA87EA,112.94,0,21.52,無,NA,2023-10-18,154,27.20930706106270,24.771748754606400,30.502319112939100,0,61.79753174765090,63000040021,0.1416498254638990,0.5451038030497890,86.74,32215.89,59.92307690771200,39.56410255395790,0,0,0,0,0,0,0,0,0,0,48,55,0,10,0,1,0,3,3,48,"c(121.535222037479, 25.0593169988409)",臺北捷運行天宮站_O09,254.66490797488800,2363.047810678510,2247.384211000400,45
臺北市中山區民生東路二段９３巷１９號,39030000,248710,0,0,63000,中山區,房地(土地+建物)+車位,25.0587370130507,121.531053968487,中庄里,20.68,住,NA,NA,1121120,土地1建物1車位1,二層,十三層,住宅大樓(11層含以上有電梯),住家用,鋼筋混凝土造,1101201,156.93,3,2,2,有,有,坡道平面,政府機關標讓售；,RPQNMLRLJIIGFCA67EA,75.17,1.26,8.31,有,NA,2023-11-20,155,20.84115954929710,18.444929314424200,23.123421422062100,0,34.47740212132690,63000040023,0.11200716845878100,0.46102150537634400,89.26,33256.53,49.260628450628300,37.523105348883800,0,0,0,0,0,0,1,0,0,0,58,71,0,12,1,2,0,2,0,58,"c(121.531053968487, 25.0587370130507)",臺北捷運行天宮站_O09,274.43907924232000,1985.1846945720100,1875.6730606574400,2
臺北市中山區興安街７７號,29700000,267809,0,0,63000,中山區,房地(土地+建物),25.0564050837683,121.543242596808,龍洲里,22.52,住,NA,NA,1121029,土地1建物1車位0,十四層,十五層,住宅大樓(11層含以上有電梯),住家用,鋼筋混凝土造,750314,110.9,3,2,2,有,有,NA,陽台外推；其他增建；,RPPNMLLLJIIGFCA86DA,83.58,0.99,6.25,有,NA,2023-10-29,156,22.595211183071100,21.99815448036590,23.626007071203900,0.40296254450511900,38.62076680036850,63000040035,0.17289293849658300,0.592255125284738,82.31,68477.71,51.76991148806260,38.74841970962440,1,1,0,0,0,0,0,0,0,0,58,80,0,17,0,1,0,0,0,58,"c(121.543242596808, 25.0564050837683)",臺北捷運中山國中站_BR12,489.333306435514,2947.4214620768500,2820.658034326400,37
臺北市中山區農安街１８８號,26000000,224661,0,0,63000,中山區,房地(土地+建物),25.0645470130558,121.535437033295,行政里,20.59,住,NA,NA,1121115,土地1建物1車位0,四層,七層,華廈(10層含以下有電梯),住家用,鋼筋混凝土造,711231,115.73,3,2,2,有,無,NA,NA,RPRNMLTLJIIGFCA97EA,92.37,0,18.06,有,NA,2023-11-15,158,20.649525014006100,18.825655486676700,22.41209820902990,0,31.648993221414800,63000040024,0.084996191926885,0.39695354150799700,104.76,39530.96,50.36247333680970,39.97867802985530,0,1,0,0,0,1,1,0,0,0,41,38,0,8,1,1,2,1,3,43,"c(121.535437033295, 25.0645470130558)",臺北捷運行天宮站_O09,515.4094572787200,2742.0915111136400,2638.415080661150,41
臺北市中山區農安街１９號,21400000,259271.33333333300,0,0,63000,中山區,房地(土地+建物),25.0650309841451,121.524021970818,晴光里,6.7,商,NA,NA,1121107,土地1建物1車位0,三層,十四層,住宅大樓(11層含以上有電梯),住家用,鋼筋混凝土造,920618,60.61,2,1,1,有,有,NA,陽台外推；夾層；,RPPNMLTJJIIGFCA47DA,36.18,0,3.93,有,NA,2023-11-07,159,23.033254148667800,22.15265007063520,23.950743106225600,0,49.60416949971670,63000040011,0.14303203427871900,0.5154050193837990,73.13,49418.72,48.326015354466000,34.495060363750000,0,0,0,0,1,0,0,0,0,0,44,47,0,12,0,2,0,4,0,44,"c(121.524021970818, 25.0650309841451)",臺北捷運中山國小站_O10,369.16475822685400,2113.083935184140,2049.937300871440,20
臺北市中山區農安街３３號,40000000,277798,24.07,2000000,63000,中山區,房地(土地+建物)+車位,25.0650309841451,121.525098039548,晴光里,15.08,商,NA,NA,1121013,土地1建物1車位1,十一層,十四層,住宅大樓(11層含以上有電梯),住家用,鋼筋混凝土造,1110826,160.86,3,2,2,有,有,其他,NA,RPXNMLOKJIIGFCA97EA,77.78,2.41,6.91,有,NA,2023-10-13,162,25.141469662907300,23.794870596764000,27.387147418840000,0,39.26403112476950,63000040011,0.14303203427871900,0.5154050193837990,73.13,49418.72,48.326015354466000,34.495060363750000,0,0,0,0,1,0,0,0,0,0,46,48,0,11,0,2,0,3,0,46,"c(121.525098039548, 25.0650309841451)",臺北捷運中山國小站_O10,297.80576525046100,2158.4900721632200,2090.0308360942500,1
臺北市中山區農安街６號,12375000,236066.5,0,0,63000,中山區,房地(土地+建物),25.0648579816636,121.523225019464,恆安里,3.6,商,NA,NA,1121024,土地1建物1車位0,十二層,十四層,住宅大樓(11層含以上有電梯),住家用,鋼筋混凝土造,980622,60.3,1,1,1,有,有,NA,NA,RPTNMLRJJIIGFCA67DA,28.56,3.13,1.95,有,792,2023-10-24,163,26.519801872377700,24.09741900707160,30.51636671617400,0,36.37846312194270,63000040010,0.13760855043420200,0.5268314406590960,75.94,38018.37,46.46017697744540,32.477876096614200,1,0,0,0,1,0,0,0,0,0,47,50,0,12,0,3,0,3,0,47,"c(121.523225019464, 25.0648579816636)",臺北捷運中山國小站_O10,421.4136528077890,2064.633633245420,2005.286614359810,14
臺北市中山區通北街１１８巷１１號,13500000,151227,0,0,63000,中山區,房地(土地+建物)+車位,25.0847680191904,121.537124980957,劍潭里,18.75,住,NA,NA,1121023,土地1建物1車位1,四層,九層,華廈(10層含以下有電梯),住家用,鋼筋混凝土造,880511,89.27,3,1,2,有,有,坡道平面,NA,RPROMLSJJIIGFCA67DA,50.09,0,6.14,有,518,2023-10-23,164,26.162965984515300,24.585785086882500,29.65243851457870,0,31.19042847801960,63000040013,0.13948362720403000,0.5440806045340050,91.06,1460.06,61.528326718696400,39.481774247043600,0,0,0,0,0,0,0,0,0,0,4,0,0,0,0,0,0,0,0,4,"c(121.537124980957, 25.0847680191904)",臺北捷運大直站_BR14,1125.602157294080,4657.239851138350,4584.188736448280,24
臺北市中山區通北街１１８巷９號,28000000,156163,0,2500000,63000,中山區,房地(土地+建物)+車位,25.084689019753,121.53715498817,劍潭里,37.5,住,NA,NA,1121018,土地1建物1車位1,七層,九層,華廈(10層含以下有電梯),住家用,鋼筋混凝土造,880511,179.3,3,2,2,有,有,坡道平面,NA,RPSNMLKLJIIGFCA07DA,100.95,0,12.28,有,NA,2023-10-18,165,27.65872942354710,25.227935125954900,31.30818884317720,0,65.13165394273340,63000040013,0.13948362720403000,0.5440806045340050,91.06,1460.06,61.528326718696400,39.481774247043600,0,0,0,0,0,0,0,0,0,0,4,0,0,0,0,0,0,0,0,4,"c(121.53715498817, 25.084689019753)",臺北捷運大直站_BR14,1118.506877403520,4650.8980156990700,4577.691837820220,24
臺北市中山區遼寧街２１１號,8500000,86338,5.65,0,63000,中山區,房地(土地+建物)+車位,25.0552154821601,121.542458302128,龍洲里,18.51,住,NA,NA,1121027,土地1建物1車位1,十四層,十五層,住宅大樓(11層含以上有電梯),住家用,鋼筋混凝土造,750609,98.45,3,2,1,有,有,坡道平面,親友、員工、共有人或其他特殊關係間之交易；,RPWNMLQKJIIGFCA97DA,76.81,0,6.1,有,NA,2023-10-27,166,23.601758101645100,22.17032410409110,25.05170087740250,0,38.21776609746030,63000040035,0.17289293849658300,0.592255125284738,82.31,68477.71,51.76991148806260,38.74841970962440,2,1,0,0,0,0,0,0,0,0,58,80,0,15,0,1,0,1,0,58,"c(121.542458302128, 25.0552154821601)",臺北捷運南京復興站_BR11_G16,388.36212984929200,2830.5382600708900,2702.863150998310,37
臺北市中山區錦州街２０６號,39500000,387901,0,0,63000,中山區,房地(土地+建物),25.0602877070477,121.531113060904,中庄里,39.5,住,NA,NA,1121010,土地1建物1車位0,一層,四層,公寓(5樓含以下無電梯),住家用,鋼筋混凝土造,600609,101.83,4,0,2,有,無,NA,其他增建；,RPWPMLLMIIIGFCA77DA,101.83,0,0,無,NA,2023-10-10,167,24.28287131380320,23.128668991137600,26.063770926111900,0.3606479859206990,33.819866072867400,63000040023,0.11200716845878100,0.46102150537634400,89.26,33256.53,49.260628450628300,37.523105348883800,0,0,0,0,0,0,0,0,0,0,56,73,0,9,1,1,1,3,1,57,"c(121.531113060904, 25.0602877070477)",臺北捷運行天宮站_O09,193.52867228273600,2101.352964287780,1996.4241139119600,52
臺北市中山區錦州街３９３號,3000000,120870,0,0,63000,中山區,房地(土地+建物),25.0603600009626,121.541366978335,江山里,7.34,住,NA,NA,1121002,土地1建物1車位0,三層,五層,公寓(5樓含以下無電梯),住家用,鋼筋混凝土造,730110,24.82,2,1,1,有,無,NA,親友、員工、共有人或其他特殊關係間之交易；,RPVOMLPKJIIGFCA87DA,21.37,0,3.45,無,636,2023-10-02,168,26.39445678347820,25.52974513452030,27.63977306956440,0.5099160405141280,48.526803502245900,63000040029,0.15900678593460800,0.5555212831585440,88.73,35923.16,55.81696523725080,39.95251456077000,0,0,0,0,0,0,0,0,0,0,45,64,0,14,0,2,1,0,0,46,"c(121.541366978335, 25.0603600009626)",臺北捷運中山國中站_BR12,268.5159904847680,2953.85874669719,2833.461770587330,39
臺北市中山區錦西街４之５號,12465000,245443,0,0,63000,中山區,房地(土地+建物),25.0601530098636,121.522153979876,集英里,5.83,商,NA,NA,1121005,土地2建物1車位0,十層,十一層,住宅大樓(11層含以上有電梯),住家用,鋼筋混凝土造,711210,54.47,1,1,1,有,有,NA,含裝潢費；其他增建；,RPRNMLMKJIIGFCA07DA,35.14,0,9.48,有,NA,2023-10-05,169,27.1614905169953,25.472331743319300,29.478127307933200,17.512335675753800,30.922235321226600,63000040008,0.12927883017613800,0.5149551345962110,80.54,19971.22,54.244031818248400,33.02387267174540,0,0,0,0,0,0,0,0,0,0,77,87,0,11,0,2,0,7,0,77,"c(121.522153979876, 25.0601530098636)",臺北捷運雙連站_R12,308.5698431391590,1542.911658055200,1477.8257761969600,41
臺北市中山區長安東路一段５３巷１之５號,15800000,206617,0,0,63000,中山區,房地(土地+建物),25.0489730178607,121.526645003598,正義里,12.78,商,NA,NA,1121023,土地1建物1車位0,六層,七層,華廈(10層含以下有電梯),住家用,鋼筋混凝土造,670502,76.47,2,2,1,有,有,NA,NA,RPOOMLOLJIIGFCA17DA,52.51,0,10.29,有,NA,2023-10-23,170,25.7215396404752,24.19923505057300,28.501817767975100,0,29.773851227459000,63000040002,0.1153681506849320,0.4689640410958900,74.99,38516.04,45.30853760346340,31.64271624918490,1,0,0,0,0,0,2,0,0,0,51,41,0,4,0,0,0,1,0,51,"c(121.526645003598, 25.0489730178607)",臺北捷運善導寺站_BL13,569.4001224715470,1115.2909351126800,985.4598992088750,45
臺北市中山區長安東路一段６５巷２０號,28000000,257888,14.87,2500000,63000,中山區,房地(土地+建物)+車位,25.0491049909262,121.527524013784,正義里,22.97,商,NA,NA,1121106,土地1建物1車位1,六層,七層,華廈(10層含以下有電梯),住家用,鋼筋混凝土造,1030703,113.75,2,2,2,有,有,坡道機械,NA,RPQNMLTJJIIGFCA57DA,52.57,7.49,5.92,有,172,2023-11-06,171,25.855245008575200,21.787920314691200,31.851592887810500,0,53.164179850106700,63000040002,0.1153681506849320,0.4689640410958900,74.99,38516.04,45.30853760346340,31.64271624918490,1,0,0,0,0,0,1,0,0,0,54,47,0,8,0,0,0,0,0,54,"c(121.527524013784, 25.0491049909262)",臺北捷運善導寺站_BL13,633.3065568500100,1205.1679857046900,1075.3405269530700,9
臺北市中山區長安東路一段７５號,56450000,332717,0,0,63000,中山區,房地(土地+建物),25.048512013186,121.527864989605,正義里,31.71,商,NA,NA,1121010,土地1建物1車位0,一層，騎樓,六層,華廈(10層含以下有電梯),住家用,鋼筋混凝土造,620308,147.01,0,0,0,無,有,NA,NA,RPUNMLRJJIIGFCA77DA,147.01,0,0,有,804,2023-10-10,172,24.345287732053200,23.190118849839900,26.13911956889410,0.2480432162033800,34.60769970775870,63000040002,0.1153681506849320,0.4689640410958900,74.99,38516.04,45.30853760346340,31.64271624918490,1,0,0,0,0,0,2,0,0,0,49,39,0,7,0,0,0,1,0,49,"c(121.527864989605, 25.048512013186)",臺北捷運善導寺站_BL13,607.6009854855900,1231.644086832050,1101.8910629766600,50
臺北市中山區長安東路二段１０５號,15300000,242242,18.12,0,63000,中山區,房地(土地+建物)+車位,25.0485359854291,121.535251960873,朱園里,6.6,商,NA,NA,1121004,土地3建物1車位2,五層,十三層,住宅大樓(11層含以上有電梯),住家用,鋼筋混凝土造,970222,63.17,1,1,1,有,有,升降機械,本案含1長安段三小段184．199地號及4797建號房地車位總價1360萬元整及2長安段四小段167地號及3816建號車位交易總價170萬元整，合計買賣總價為1530萬元整。其中1主建物及車位無法拆價。親友、員工、共有人或其他特殊關係間之交易；陽台外推；夾層；,RPQNMLQKIIIGFCA37EA,25.68,0,3.8,有,193,2023-10-04,173,26.314849289450700,25.214340632264400,26.928360574130000,35.39466309157970,38.485719043458700,63000040036,0.1786531130876750,0.6033036848792880,82.12,16118.29,52.37444480615840,34.43799110541920,0,0,0,0,0,2,1,0,0,0,39,41,0,3,0,2,0,0,0,39,"c(121.535251960873, 25.0485359854291)",臺北捷運松江南京站_G15_O08,488.98148212480700,1975.32497578298,1845.8075541944700,15
臺北市中山區長春路２２０號,9130000,265022,0,0,63000,中山區,房地(土地+建物),25.0545639987358,121.537762005598,朱馥里,3.19,商,NA,NA,1121019,土地2建物1車位0,七層,十二層,住宅大樓(11層含以上有電梯),住家用,鋼筋混凝土造,830812,34.45,0,0,1,有,有,NA,建築物含有：陽台外推約0.52坪左右其他增建；,RPTNMLOJKIIGFCA57EA,18.56,0,1.74,有,830,2023-10-19,180,27.917050811010200,24.145990618332300,32.171888629912600,0,53.945356495511300,63000040034,0.12900641025641000,0.5002003205128210,84.58,31361.42,51.92410474293850,33.404596463547700,1,1,0,0,0,0,0,0,0,0,57,40,0,9,1,1,0,0,0,57,"c(121.537762005598, 25.0545639987358)",臺北捷運松江南京站_G15_O08,549.3281597834880,2358.0965835776700,2231.274648324240,29
臺北市中山區雙城街１３巷２２號,17980000,223410,13.88,0,63000,中山區,房地(土地+建物)+車位,25.0640259939544,121.52518697154,恆安里,8.58,商,NA,NA,1121017,土地1建物1車位1,二層,十一層,住宅大樓(11層含以上有電梯),住家用,鋼筋混凝土造,1021231,80.48,2,2,1,有,有,塔式車位,NA,RPSNMLRKJIIGFCA67DA,37.37,0,4.58,有,850,2023-10-17,182,25.062312468273200,23.47699882872200,26.907192304395700,0,80.88563230557720,63000040010,0.13760855043420200,0.5268314406590960,75.94,38018.37,46.46017697744540,32.477876096614200,0,0,0,0,1,0,0,0,0,0,48,50,0,11,0,2,0,3,0,48,"c(121.52518697154, 25.0640259939544)",臺北捷運中山國小站_O10,207.34655864606200,2063.1950866394400,1991.7986807865600,10
臺北市中山區雙城街１９巷８號,16800000,247059,0,0,63000,中山區,房地(土地+建物),25.0653279968842,121.524851024861,晴光里,7.14,商,NA,NA,1121017,土地2建物1車位0,十二層,十四層,住宅大樓(11層含以上有電梯),住家用,鋼筋混凝土造,970312,68,2,1,1,有,有,NA,陽台外推；夾層；,RPPOMLQKJIIGFCA37DA,39.7,0.63,5.18,有,717,2023-10-17,183,25.063745478870900,23.485343754369100,26.895449705458500,0,80.95118087699220,63000040011,0.14303203427871900,0.5154050193837990,73.13,49418.72,48.326015354466000,34.495060363750000,0,0,0,0,1,0,0,0,0,0,44,43,0,11,0,2,0,3,0,44,"c(121.524851024861, 25.0653279968842)",臺北捷運中山國小站_O10,339.00999178009900,2177.4209221190500,2110.841810862940,15
臺北市中山區雙城街３巷２號,8415000,216426,0,0,63000,中山區,房地(土地+建物),25.0632230076302,121.52459403571,恆安里,6,商,NA,NA,1121101,土地1建物1車位0,十五層,十五層,住宅大樓(11層含以上有電梯),住家用,鋼筋混凝土造,841201,42.56,1,0,1,有,有,NA,NA,RPPNMLKLJIIGFCA86EA,23.09,0,4.95,有,NA,2023-11-01,184,25.004575911040900,22.81366306268030,27.778800970459200,0,29.285517284245200,63000040010,0.13760855043420200,0.5268314406590960,75.94,38018.37,46.46017697744540,32.477876096614200,0,0,0,0,1,0,0,0,0,0,60,61,0,12,1,3,0,5,0,60,"c(121.52459403571, 25.0632230076302)",臺北捷運中山國小站_O10,220.97637410654500,1956.6883137297100,1886.119218511310,28
臺北市中山區雙城街４９巷１２號,2620000,111679,0,0,63000,中山區,房地(土地+建物),25.0678630196805,121.525232988189,圓山里,3.94,商,NA,NA,1121004,土地1建物1車位0,五層,六層,華廈(10層含以下有電梯),住家用,鋼筋混凝土造,780605,23.46,1,1,1,有,有,NA,親友、員工、共有人或其他特殊關係間之交易；,RPQNMLNKIIIGFCA07EA,10.96,6.09,0,有,NA,2023-10-04,187,26.958772484792100,25.91731544014290,27.692849920207500,22.265248774290500,37.967455411346800,63000040012,0.12247719104230000,0.48742051423831900,81.16,6501.12,47.69568396207180,32.297000719715800,0,0,0,0,1,1,0,0,0,0,29,22,0,8,0,1,1,3,0,30,"c(121.525232988189, 25.0678630196805)",臺北捷運中山國小站_O10,581.6912812398950,2449.5347895787600,2386.5407497898700,34
臺北市中山區龍江路１４７號,28445000,249634.5,0,0,63000,中山區,房地(土地+建物),25.0538144051348,121.540622832971,復華里,21.77,住,NA,NA,1121107,土地1建物2車位0,六層,七層,華廈(10層含以下有電梯),住家用,鋼筋混凝土造,711210,156.9,0,0,2,有,有,NA,含租約；,RPTNMLRLJIIGFCA87DA,133.92,0,0,有,NA,2023-11-07,188,22.80456284662970,21.740082363498100,23.89446690577220,0,50.73611480443830,63000040040,0.18100669476816300,0.5911232333250680,81.72,20289.39,53.63636361830430,35.79124577919490,2,1,0,0,0,0,0,0,0,0,55,71,0,10,1,2,0,3,0,55,"c(121.540622832971, 25.0538144051348)",臺北捷運南京復興站_BR11_G16,401.26928353055200,2608.8501775897100,2480.4069960910900,41
臺北市中山區龍江路２７１巷９之１號,27200000,272873,0,0,63000,中山區,房地(土地+建物),25.0595739879923,121.541719018268,江山里,38,住,NA,NA,1121102,土地1建物1車位0,一層,四層,公寓(5樓含以下無電梯),住家用,鋼筋混凝土造,650622,99.68,3,2,2,有,無,NA,建築物含有：增建地下室,RPTNMLRLJIIGFCA97EA,86.64,13.04,0,無,NA,2023-11-02,189,26.399864686969100,23.653940555547900,30.439754181641000,0,37.5052580041252,63000040029,0.15900678593460800,0.5555212831585440,88.73,35923.16,55.81696523725080,39.95251456077000,0,0,0,0,0,0,0,0,0,0,56,73,0,17,0,3,0,0,0,56,"c(121.541719018268, 25.0595739879923)",臺北捷運中山國中站_BR12,264.67132508654000,2944.568024667080,2822.6594009997600,47
臺北市中山區龍江路３１號,30500000,246564,0,0,63000,中山區,房地(土地+建物),25.0486400048475,121.540521998676,力行里,15.01,商,NA,NA,1121020,土地1建物1車位0,六層,十層,華廈(10層含以下有電梯),住家用,鋼筋混凝土造,780724,123.7,3,2,2,有,有,NA,陽台外推；其他增建；,RPVNMLTJJIIGFCA08DA,94.05,0,19.32,有,NA,2023-10-20,190,24.69673034495730,21.41599988534610,27.60022304695680,0.19370488717154800,61.21980107342620,63000040039,0.17506436189775700,0.5884516366311140,86.16,20807.17,59.49632737159070,42.654774385452600,1,0,0,0,0,0,2,0,0,1,49,58,0,11,1,1,0,3,0,49,"c(121.540521998676, 25.0486400048475)",臺北捷運南京復興站_BR11_G16,521.0056410443710,2506.9586172664200,2377.511114242380,34
臺北市中山區龍江路３８４巷２５號,21000000,194968,0,0,63000,中山區,房地(土地+建物),25.0669040042287,121.539984970139,行仁里,27.69,住,NA,NA,1121001,土地1建物1車位0,四層,五層,公寓(5樓含以下無電梯),住家用,鋼筋混凝土造,710918,107.71,3,2,2,有,無,NA,其他增建；,RPVPMLMKIIIGFCA57DA,95.59,0,12.12,無,NA,2023-10-01,192,27.732482446924800,25.959149792411300,31.65813211086760,7.388546878863660,39.811629290157100,63000040025,0.09194896612406510,0.4136970230239040,87.96,38583.93,49.27050472214700,34.44400630235730,0,0,0,0,0,1,1,0,0,0,18,14,0,5,1,1,1,1,0,19,"c(121.539984970139, 25.0669040042287)",臺北捷運中山國中站_BR12,790.5187937282930,3257.19379147124,3150.351116913220,41
臺北市中山區龍江路３９７巷５１號,15000000,141363,0,0,63000,中山區,房地(土地+建物),25.0656680087865,121.543621961746,下埤里,29.4,住,NA,NA,1121012,土地2建物1車位0,三層,五層,公寓(5樓含以下無電梯),住家用,鋼筋混凝土造,670712,106.11,3,2,2,有,無,NA,親友、員工、共有人或其他特殊關係間之交易；,RPQNMLKLJIIGFCA96EA,90.19,0,15.92,無,NA,2023-10-12,193,25.2731854039668,23.428661299774000,27.53829962719440,0,39.97460801696810,63000040027,0.1214470284237730,0.5075239398084820,88.51,37637.29,52.453539350082800,37.37732302414340,0,0,0,0,0,0,0,0,0,0,21,23,0,6,0,2,2,0,0,23,"c(121.543621961746, 25.0656680087865)",臺北捷運中山國中站_BR12,543.806296603295,3460.1607235962400,3346.350617301050,45
臺北市中山區龍江路４２９巷１８號,18560000,252827,0,0,63000,中山區,房地(土地+建物),25.0667180097973,121.541884979951,下埤里,14.1,住,NA,NA,1121025,土地1建物2車位0,二層,七層,華廈(10層含以下有電梯),住家用,鋼筋混凝土造,1020914,73.41,1,1,1,有,有,NA,NA,RPTPMLTLJIIGFCA28DA,35.57,8.17,3.35,有,795,2023-10-25,194,25.853499400924000,24.084001119928600,29.24480545738770,0,28.236214854569900,63000040027,0.1214470284237730,0.5075239398084820,88.51,37637.29,52.453539350082800,37.37732302414340,0,0,0,0,0,0,0,0,0,0,19,14,0,4,0,1,2,1,0,21,"c(121.541884979951, 25.0667180097973)",臺北捷運中山國中站_BR12,692.2268753691290,3390.753905306920,3280.838544493220,10
臺北市中山區龍江路４５巷１７號,31750000,222635,0,0,63000,中山區,房地(土地+建物),25.0492549850835,121.541281985837,力行里,26.24,住,NA,NA,1121027,土地1建物1車位0,二層,七層,華廈(10層含以下有電梯),住家用,鋼筋混凝土造,711029,142.61,4,2,2,有,無,NA,陽台外推；其他增建；,RPRNMLOKJIIGFCA27DA,117.29,0,19.15,有,NA,2023-10-27,195,23.60402997333,22.174882435133900,25.04986003977780,0,38.45864354605250,63000040039,0.17506436189775700,0.5884516366311140,86.16,20807.17,59.49632737159070,42.654774385452600,1,0,0,0,0,2,2,0,0,1,49,65,0,13,2,1,0,3,0,49,"c(121.541281985837, 25.0492549850835)",臺北捷運南京復興站_BR11_G16,418.8590506835790,2587.7074796049900,2458.0396906407900,41
臺北市中山區龍江路４５５號,22800000,269090,0,0,63000,中山區,房地(土地+建物),25.0675160088891,121.541120969477,下埤里,24.5,住,NA,NA,1121109,土地1建物1車位0,一層，騎樓,四層,公寓(5樓含以下無電梯),住家用,鋼筋混凝土造,650924,84.73,0,1,1,有,無,NA,NA,RPQOMLTLJIIGFCA87DA,79.82,4.91,0,無,NA,2023-11-09,196,26.77651169274080,23.387099788862400,31.243979271841100,0,48.53533501755230,63000040027,0.1214470284237730,0.5075239398084820,88.51,37637.29,52.453539350082800,37.37732302414340,0,0,0,0,0,0,1,0,0,0,14,12,0,4,0,1,1,2,0,15,"c(121.541120969477, 25.0675160088891)",臺北捷運中山國中站_BR12,801.3402251772290,3388.1573410277800,3280.7411807044100,47
臺北市中正區三元街２１７號,12250000,280128,0,0,63000,中正區,房地(土地+建物),25.0276670162695,121.513381982927,永功里,8.63,住,NA,NA,1121030,土地1建物1車位0,四層,十二層,住宅大樓(11層含以上有電梯),住家用,鋼筋混凝土造,810910,43.73,2,1,1,有,有,NA,NA,RPRNMLKLJIIGFAA86EA,28.78,0.47,3.29,有,688,2023-10-30,197,24.35635990846760,22.86472115302680,26.975909929822800,0,35.0247578370518,63000050011,0.1461756373937680,0.5065155807365440,93.59,42819.55,50.29880476835190,31.847609553822800,1,0,0,0,0,2,0,0,0,0,20,19,0,6,4,2,1,2,0,21,"c(121.513381982927, 25.0276670162695)",臺北捷運中正紀念堂站_G10_R8,720.0489487893120,1462.2152390171400,2245.269930690990,31
臺北市中正區中華路二段３１３巷３６號,5880000,229419,0,0,63000,中正區,房地(土地+建物),25.028703019502,121.506888019623,忠勤里,10.49,住,NA,NA,1121011,土地1建物1車位0,二層,五層,公寓(5樓含以下無電梯),住家用,加強磚造,560519,25.63,2,1,1,有,無,NA,陽台外推；未登記建物；,RPTOMLPJIIIGFAA27DA,24,0,1.63,無,NA,2023-10-11,203,24.427204635347500,22.92886577669210,26.56232828986690,0,44.208830624793900,63000050014,0.06431459022418230,0.3223079750091880,90.79,58153.41,43.400889756944900,34.50321304139810,0,0,0,0,0,0,1,0,0,0,27,38,0,15,1,2,2,0,0,29,"c(121.506888019623, 25.028703019502)",臺北捷運小南門站_G11,1015.6698434499000,841.2605699995830,2334.895152351990,56
臺北市中正區仁愛路一段５９號,11004000,362929,0,0,63000,中正區,房地(土地+建物),25.038558000251,121.525116982649,東門里,4.78,住,NA,NA,1121013,土地1建物1車位0,四層,八層,華廈(10層含以下有電梯),住家用,鋼筋混凝土造,841120,30.32,0,0,0,無,有,NA,NA,RPRNMLPLIIIGFBA27DA,19.8,0,0,有,NA,2023-10-13,204,25.16652703109360,23.85239589274490,27.40283798093700,0,39.959945887608700,63000050028,0.24143451809157900,0.670188920909382,89.53,5036.88,65.30522614611100,37.15415018131130,0,0,0,0,1,0,0,0,0,0,22,26,0,3,1,3,0,1,0,22,"c(121.525116982649, 25.038558000251)",臺北捷運東門站_O06_R07,336.04979083587500,1373.828915147450,1300.8510197719900,28
臺北市中正區仁愛路二段１５巷２３號,28680000,274871,0,0,63000,中正區,房地(土地+建物),25.0389799871663,121.52589599673,文北里,39,住,NA,NA,1121021,土地1建物1車位0,三層，陽臺,四層,公寓(5樓含以下無電梯),住家用,鋼筋混凝土造,640109,104.34,2,2,1,有,無,NA,其他增建；,RPXNMLQLIIIGFBA97DA,104.34,0,0,無,692,2023-10-21,205,21.89617991159540,21.319490612195300,22.755523098684200,0.06709115650395310,33.83073530307510,63000050029,0.259748427672956,0.6983228511530400,86.47,33530.52,69.01408448679170,39.96478872066760,0,0,0,0,1,0,0,0,0,0,23,26,0,4,1,2,0,1,0,23,"c(121.52589599673, 25.0389799871663)",臺北捷運東門站_O06_R07,401.7321812112980,1397.2207600995300,1317.2880631412000,48
臺北市中正區信義路二段１號,52000000,345515,0,0,63000,中正區,房地(土地+建物),25.0356120127419,121.524586994911,文祥里,17.33,商,NA,NA,1121011,土地3建物1車位0,十三層,十七層,住宅大樓(11層含以上有電梯),住家用,鋼筋混凝土造,761228,150.5,3,2,2,有,有,NA,陽台外推；,RPXNMLLKIIIGFBA37DA,101.93,5.28,15.08,有,NA,2023-10-11,207,24.312942487645400,22.77692074337200,26.49678336453590,0,43.630086523442300,63000050030,0.2411674347158220,0.6749615975422430,92.44,71264.28,66.06461969374580,30.644190240689500,0,0,0,0,0,1,0,0,0,0,21,33,0,2,1,4,0,1,0,21,"c(121.524586994911, 25.0356120127419)",臺北捷運東門站_O06_R07,6.642758799510340,1594.742689096210,1540.289181274130,36
臺北市中正區南昌路二段１４２之１號,11500000,333720,0,0,63000,中正區,房地(土地+建物),25.0250889943098,121.523073977569,頂東里,3.18,商,NA,NA,1121023,土地2建物1車位0,十層,十三層,住宅大樓(11層含以上有電梯),住家用,鋼筋混凝土造,960906,34.46,1,1,1,有,有,NA,夾層；其他增建；,RPVOMLLJJIIGFAA17DA,20.45,2.24,0,有,NA,2023-10-23,211,25.945065632278300,24.331016782580400,28.910245392150700,0,29.322958295745700,63000050006,0.19071373752878000,0.6078280890253260,84.86,47927.11,57.93103446677770,43.77931033275050,0,0,0,0,1,0,0,0,0,0,29,79,0,5,0,2,1,3,1,30,"c(121.523073977569, 25.0250889943098)",臺北捷運古亭站_G09_O05,50.399784375219400,2473.148538699700,2575.604697934750,16
臺北市中正區南昌路二段２０３號,14740000,313084,0,0,63000,中正區,房地(土地+建物),25.0251050037449,121.523367008904,頂東里,4.74,商,NA,NA,1121014,土地1建物1車位0,七層,十一層,住宅大樓(11層含以上有電梯),住家用,鋼骨鋼筋混凝土造,940601,47.08,1,1,1,有,有,NA,其他增建；,RPSNMLTJJIIGFAA57DA,32.45,0,0,有,NA,2023-10-14,212,24.370044705901800,23.607953672046400,26.065537306326000,0,45.57838121426890,63000050006,0.19071373752878000,0.6078280890253260,84.86,47927.11,57.93103446677770,43.77931033275050,0,0,0,0,1,0,0,0,0,0,28,79,0,5,0,2,1,3,1,29,"c(121.523367008904, 25.0251050037449)",臺北捷運古亭站_G09_O05,43.028673928248300,2499.9799676748700,2581.103024061620,18
臺北市中正區博愛路２３０巷７號,16100000,197716,0,0,63000,中正區,房地(土地+建物),25.0336319976643,121.509715989935,南門里,41.03,住,NA,NA,1121006,土地5建物1車位0,三層,四層,公寓(5樓含以下無電梯),住家用,鋼筋混凝土造,601227,81.43,3,2,1,有,無,NA,親友、員工、共有人或其他特殊關係間之交易；,RPUNMLLLJIIGFAA17DA,66.74,0,14.69,無,NA,2023-10-06,214,27.570853273234900,26.47995716824450,29.141297228930700,1.006716529885940,34.70502878571000,63000050017,0.2008068130883010,0.6225907664724340,87.4,8804.28,74.55219266550210,37.801111774057400,0,0,0,0,1,0,1,0,0,0,9,9,0,4,2,2,0,0,0,9,"c(121.509715989935, 25.0336319976643)",臺北捷運小南門站_G11,443.7017652773990,948.6149690812410,1719.2207337304300,52
臺北市中正區同安街６６號,16800000,178533,0,2000000,63000,中正區,房地(土地+建物)+車位,25.0231259944956,121.520884037726,網溪里,16.3,住,NA,NA,1121013,土地1建物1車位1,六層,七層,華廈(10層含以下有電梯),住家用,鋼筋混凝土造,860131,94.1,1,1,1,有,有,升降機械,陽台外推；夾層；其他增建；,RPQOMLKLIIIGFAA66DA,22.33,29.2,3.64,有,604,2023-10-13,216,25.37004697454380,24.11300202524810,27.6216698177898,0,40.407826184874600,63000050007,0.1925866236905720,0.6029411764705880,85.77,33833.44,54.49690836017510,39.516582338528200,0,0,0,0,0,0,0,0,0,0,27,51,0,5,1,2,1,3,1,28,"c(121.520884037726, 25.0231259944956)",臺北捷運古亭站_G09_O05,358.48296727170400,2365.799981648050,2746.9837362240100,26
臺北市中正區和平西路一段１５５號,20800000,171645,0,0,63000,中正區,房地(土地+建物),25.0276714167687,121.515135225614,龍光里,37.2,住,NA,NA,1121016,土地1建物1車位0,四層,五層,公寓(5樓含以下無電梯),住家用,鋼筋混凝土造,750108,121.18,3,2,1,有,無,NA,NA,RPPNMLNJJIIGFAA76EA,114.81,0,6.37,無,NA,2023-10-16,218,25.25387276783280,23.57467793252790,27.730507736369200,0,81.78184184035410,63000050018,0.22369417108251300,0.6551854655563970,94.39,20691.9,67.82652543226100,33.23247602963570,1,0,0,0,0,2,0,0,0,0,24,32,0,12,2,3,1,3,0,25,"c(121.515135225614, 25.0276714167687)",臺北捷運中正紀念堂站_G10_R8,614.4538617954720,1623.3391859581600,2223.0071373980700,37
臺北市中正區和平西路一段５９號,19660000,351064.5,0,0,63000,中正區,房地(土地+建物),25.0268090027509,121.519706967063,南福里,6.21,商,NA,NA,1121002,土地2建物1車位0,三層,十四層,住宅大樓(11層含以上有電梯),住家用,鋼骨造,970513,56.48,1,1,1,有,有,NA,NA,RPSNMLRKIIIGFAA37DA,24.53,1.05,10.98,有,NA,2023-10-02,219,26.73487642994390,25.42598062655700,27.988680625671000,0.1294053988436520,48.17805784809810,63000050019,0.243071041733036,0.6717638313688010,92.46,50016.76,60.44190069739890,25.34273924859010,0,1,0,0,0,0,0,0,0,0,34,70,0,8,1,1,0,5,0,34,"c(121.519706967063, 25.0268090027509)",臺北捷運古亭站_G09_O05,391.87955505465100,2087.5046584413700,2326.9723506253700,15
臺北市中正區和平西路二段１６巷６號,17280000,256380,0,0,63000,中正區,房地(土地+建物),25.0279387994799,121.513478458632,永功里,23.15,住,NA,NA,1121030,土地1建物1車位0,四層,四層,華廈(10層含以下有電梯),住家用,鋼筋混凝土造,620503,67.4,2,2,1,有,有,NA,陽台外推；,RPQPMLQJJIIGFAA27DA,40.62,0,3.78,有,626,2023-10-30,221,24.34765191590490,22.855151355865400,26.980394902619500,0,34.98380882152070,63000050011,0.1461756373937680,0.5065155807365440,93.59,42819.55,50.29880476835190,31.847609553822800,1,0,0,0,0,2,0,0,0,0,20,18,0,5,4,2,1,2,0,21,"c(121.513478458632, 25.0279387994799)",臺北捷運中正紀念堂站_G10_R8,691.369058140983,1458.2999375069200,2213.9916346608900,50
臺北市中正區和平西路二段１６０號,15000000,182061,0,0,63000,中正區,房地(土地+建物),25.0330699910564,121.505464018092,廈安里,7.25,商,NA,NA,1121010,土地1建物1車位0,六層,十一層,住宅大樓(11層含以上有電梯),住家用,鋼筋混凝土造,760328,82.39,3,1,1,有,有,NA,親友、員工、共有人或其他特殊關係間之交易；,RPVOMLMLJIIGFAA47DA,59.89,0,0,有,NA,2023-10-10,222,24.543525643984400,23.403815468990200,26.262568702248600,0.12976933623775000,36.25629312162960,63000050015,0.1555309121153310,0.5411699473246470,89.7,57471.75,67.84828072745540,27.86246011064780,1,0,0,0,0,0,1,0,0,0,22,28,0,8,1,2,2,1,0,24,"c(121.505464018092, 25.0330699910564)",臺北捷運龍山寺站_BL10,680.0539862421230,520.2484196719020,1991.6474132950000,36
臺北市中正區廈門街９９巷１８號,27000000,203329,0,0,63000,中正區,房地(土地+建物),25.023734017752,121.519441009275,網溪里,46.25,住,NA,NA,1121009,土地1建物1車位0,三層,四層,公寓(5樓含以下無電梯),住家用,鋼筋混凝土造,610119,132.79,3,2,2,有,無,NA,陽台外推；其他增建；,RPRNMLKLIIIGFAA66DA,117.49,0,15.3,無,655,2023-10-09,223,25.355377336152200,24.4939735565897,26.682642497193500,1.254777560695980,35.04296642390080,63000050007,0.1925866236905720,0.6029411764705880,85.77,33833.44,54.49690836017510,39.516582338528200,0,0,0,0,0,0,0,0,0,0,26,39,0,4,1,1,1,5,0,27,"c(121.519441009275, 25.023734017752)",臺北捷運古亭站_G09_O05,436.23217364943400,2205.7389531967400,2662.8636121849500,51
臺北市中正區忠孝東路一段３９號,30300000,282992,0,0,63000,中正區,房地(土地+建物)+車位,25.0444749952501,121.525681000913,梅花里,9.39,商,NA,NA,1121006,土地2建物1車位1,十一層,十三層,住宅大樓(11層含以上有電梯),住家用,鋼筋混凝土造,950926,107.07,2,1,1,有,有,升降機械,NA,RPTNMLPLIIIGFBA57EA,31.07,0,33.57,有,361,2023-10-06,225,27.483663161755900,26.39691469215480,29.00903258330350,0.929335999161532,37.06424613326390,63000050025,0.17901687454145300,0.6199559794570800,82.6,6722.14,59.14376318227070,44.0803382430865,0,0,0,0,1,1,1,0,0,0,24,28,0,2,1,3,0,1,0,24,"c(121.525681000913, 25.0444749952501)",臺北捷運善導寺站_BL13,212.5556048786180,1061.4767113847000,946.248774106783,17
臺北市中正區忠孝東路一段４９巷２９號,32700000,336401,19.81,2000000,63000,中正區,房地(土地+建物)+車位,25.0448828772178,121.526154813999,梅花里,15.16,商,NA,NA,1121013,土地1建物1車位1,八層,八層,華廈(10層含以下有電梯),住家用,鋼筋混凝土造,1090709,111.07,2,1,1,有,有,其他,NA,RPQOMLSKIIIGFBA47DA,40.34,1.19,16.11,有,NA,2023-10-13,227,25.14191863543190,23.8128085335872,27.40563632460420,0,41.106120779848700,63000050025,0.17901687454145300,0.6199559794570800,82.6,6722.14,59.14376318227070,44.0803382430865,1,0,0,0,1,1,1,0,0,0,30,30,0,1,1,2,0,1,0,30,"c(121.526154813999, 25.0448828772178)",臺北捷運善導寺站_BL13,260.6620941154320,1093.980299512240,975.5243814780970,3
臺北市中正區忠孝西路一段７２號,10750000,206294,0,0,63000,中正區,房地(土地+建物),25.0468210061299,121.514004003962,黎明里,5.18,商,NA,NA,1121007,土地1建物1車位0,七層,十一層,住宅大樓(11層含以上有電梯),住家用,鋼筋混凝土造,660307,52.11,0,0,0,無,有,NA,NA,RPRNMLMLJIIGFBA17EA,39.6,0,0,有,NA,2023-10-07,230,27.324900981617600,25.05892465722600,30.868391530733000,9.581867447887790,36.54717648606640,63000050024,0.1878172588832490,0.6044234952864400,92.99,5391.71,56.291079785778800,29.48356806127530,1,0,0,0,0,3,0,0,0,3,101,70,0,14,2,3,0,2,0,101,"c(121.514004003962, 25.0468210061299)",臺北捷運台北車站_BL12_R10,218.63304770791900,188.6012538467370,315.0577669512430,46
臺北市中正區杭州南路一段２５號,41800000,296938,0,0,63000,中正區,房地(土地+建物),25.0420999829854,121.526461020823,幸福里,19.61,住,NA,NA,1121003,土地3建物1車位0,四層,七層,華廈(10層含以下有電梯),住家用,鋼筋混凝土造,660506,140.77,3,2,2,有,有,NA,陽台外推；,RPPNMLPJJIIGFBA96DA,117.01,0,7.55,有,NA,2023-10-03,233,25.27918092212900,24.135118978764800,26.383364694943100,4.8285905389382,43.28607122237280,63000050026,0.16408547343658100,0.5430307782787690,98.75,19791.7,59.00725040183850,42.24762965916130,0,0,0,0,1,1,1,0,0,0,32,33,0,2,1,1,0,3,0,32,"c(121.526461020823, 25.0420999829854)",臺北捷運善導寺站_BL13,405.4194414471600,1240.2223182595500,1138.0477793020200,46
臺北市中正區杭州南路一段７７巷２６號,25000000,269687,0,0,63000,中正區,房地(土地+建物),25.0387670030067,121.527357968282,文北里,32.5,住,NA,NA,1121026,土地2建物1車位0,三層，陽臺,四層,公寓(5樓含以下無電梯),住家用,鋼筋混凝土造,650628,92.7,3,1,1,有,無,NA,NA,RPSNMLLJKIIGFBA07EA,92.7,0,0,無,NA,2023-10-26,234,26.337650217495700,24.02825975289500,30.087209568750900,0,34.34024336639990,63000050029,0.259748427672956,0.6983228511530400,86.47,33530.52,69.01408448679170,39.96478872066760,0,0,0,0,1,0,0,0,0,0,16,34,0,4,1,2,0,2,1,16,"c(121.527357968282, 25.0387670030067)",臺北捷運東門站_O06_R07,454.1647563273240,1523.9865369133500,1438.1662044129100,47
臺北市中正區水源路３７之２號,46000000,242827,32.06,2500000,63000,中正區,房地(土地+建物)+車位,25.0186032033612,121.523945192585,林興里,21.66,住,NA,NA,1121013,土地1建物1車位1,九層,十三層,住宅大樓(11層含以上有電梯),住家用,鋼筋混凝土造,1070223,211.2,4,2,2,有,有,坡道平面,NA,RPWOMLTKIIIGFAA08DA,98.8,9.13,12.12,有,NA,2023-10-13,236,25.42969922749030,24.186989034199100,27.690200337813200,0,39.96857614429370,63000050004,0.20105693009848700,0.5827528224837860,87.5,11759.53,52.67423012879280,34.94327389466990,0,0,0,0,0,0,1,0,0,0,8,17,0,2,0,0,1,1,0,9,"c(121.523945192585, 25.0186032033612)",臺北捷運台電大樓站_G08,458.2796757707630,2892.04100737698,3295.3640386066000,5
臺北市中正區水源路３７之３號,42000000,206542,54.98,5000000,63000,中正區,房地(土地+建物)+車位,25.0186032033612,121.523945192585,林興里,22.26,住,NA,NA,1121006,土地1建物1車位2,二層,十三層,住宅大樓(11層含以上有電梯),住家用,鋼筋混凝土造,1070223,234.12,4,2,2,有,有,坡道平面,NA,RPWOMLQKIIIGFAA77DA,98.8,9.13,12.12,有,NA,2023-10-06,237,27.8049340123135,26.80899672137370,29.18915862331370,1.2803210843976100,36.11350776476370,63000050004,0.20105693009848700,0.5827528224837860,87.5,11759.53,52.67423012879280,34.94327389466990,0,0,0,0,0,0,1,0,0,0,8,17,0,2,0,0,1,1,0,9,"c(121.523945192585, 25.0186032033612)",臺北捷運台電大樓站_G08,458.2796757707630,2892.04100737698,3295.3640386066000,5
臺北市中正區水源路４７號,43500000,239546,41.7,2600000,63000,中正區,房地(土地+建物)+車位,25.019470981797,121.523767999152,林興里,41.86,住,NA,NA,1121114,土地1建物1車位1,十二層,十三層,住宅大樓(11層含以上有電梯),住家用,鋼筋混凝土造,911202,212.44,4,2,2,有,有,坡道平面,NA,RPQNMLRJKIIGFAA37EA,118.41,0,10.99,有,NA,2023-11-14,238,19.104529017881400,18.606890891696800,19.8899688133889,0.2327727707580170,30.301993851826800,63000050004,0.20105693009848700,0.5827528224837860,87.5,11759.53,52.67423012879280,34.94327389466990,0,0,0,0,0,0,1,0,0,0,10,24,0,3,0,1,1,1,0,11,"c(121.523767999152, 25.019470981797)",臺北捷運台電大樓站_G08,438.31270004714400,2823.737378244780,3197.642173109320,21
臺北市中正區水源路７７號,42680000,295318,15.3,2000000,63000,中正區,房地(土地+建物)+車位,25.0211469852464,121.519977031983,網溪里,11.86,商,NA,NA,1121003,土地1建物1車位1,六層,十五層,住宅大樓(11層含以上有電梯),住家用,鋼筋混凝土造,1080415,153.05,0,1,2,有,有,塔式車位,陽台外推；其他增建；,RPTNMLNJIIIGFAA96DA,70.06,11.41,8.1,有,512,2023-10-03,240,25.59735630343600,24.405775319116100,26.825703459924000,8.505655284698590,44.21851427466340,63000050007,0.1925866236905720,0.6029411764705880,85.77,33833.44,54.49690836017510,39.516582338528200,0,0,0,0,0,0,0,0,0,0,13,15,0,4,0,1,1,1,0,14,"c(121.519977031983, 25.0211469852464)",臺北捷運古亭站_G09_O05,586.9964227603310,2402.3983637602500,2953.3357833763900,4
臺北市中正區汀州路三段６０巷２弄７號,36000000,257308,0,0,63000,中正區,房地(土地+建物),25.0152848917131,121.530414596913,富水里,29.4,住,NA,NA,1121102,土地1建物1車位0,二層,十四層,住宅大樓(11層含以上有電梯),住家用,鋼筋混凝土造,891012,139.91,3,2,3,有,有,NA,陽台外推；其他增建；,RPTPMLMLJIIGFAA37DA,68.82,0,10.69,有,NA,2023-11-02,241,26.91191727437170,24.308548912681500,30.813780492443800,0,30.645876188998200,63000050002,0.1889917194349730,0.5455431076473450,96.13,8113.77,47.85581103302930,27.594779348915600,0,0,0,0,1,0,0,0,0,0,30,39,0,6,1,1,0,1,1,30,"c(121.530414596913, 25.0152848917131)",臺北捷運公館站_G07,388.20919866610500,3638.9828774347400,3834.6933738906000,23
臺北市中正區汀州路二段１２１號,13600000,277778,0,0,63000,中正區,房地(土地+建物),25.0251130084624,121.519284016229,螢圃里,10.96,住,NA,NA,1121004,土地1建物1車位0,四層,十層,華廈(10層含以下有電梯),住家用,鋼筋混凝土造,961031,48.96,1,1,1,有,有,NA,陽台外推；,RPUOMLLJJIIGFAA07DA,28.74,1.12,2.26,有,438,2023-10-04,242,26.7096796971918,25.91399653813800,27.401342311603400,24.09397009167700,41.69687088111570,63000050009,0.17833742833742800,0.5796478296478300,88.8,47871.58,51.84659089436180,38.74999998899150,0,0,0,0,0,0,0,0,0,0,30,48,0,6,1,1,0,5,0,30,"c(121.519284016229, 25.0251130084624)",臺北捷運古亭站_G09_O05,408.4533214924460,2121.621769833210,2509.3072018388700,16
臺北市中正區汀州路二段２５５巷１２弄６號,25500000,230727,0,0,63000,中正區,房地(土地+建物),25.0229770061667,121.52377503995,河堤里,32.45,住,NA,NA,1121002,土地1建物1車位0,一層,五層,公寓(5樓含以下無電梯),住家用,鋼筋混凝土造,780825,110.52,3,2,2,有,無,NA,陽台外推；其他增建；,RPROMLSJJIIGFAA47DA,77.96,21.33,0,無,NA,2023-10-02,243,26.750741535576300,25.413427408517500,28.028077688832000,0.25613043012632300,47.31892200762140,63000050005,0.2036701990178340,0.6301369863013700,88.22,27333.73,56.093979421404600,42.0337738465368,0,0,0,0,0,0,1,0,0,0,22,61,0,5,0,2,1,2,1,23,"c(121.52377503995, 25.0229770061667)",臺北捷運古亭站_G09_O05,282.28108059528900,2632.6602760732400,2819.6957629045700,34
臺北市中正區汀州路二段２７７號,37420000,291571,44.23,3000000,63000,中正區,房地(土地+建物)+車位,25.0221590162358,121.524263034353,河堤里,24.02,住,NA,NA,1121008,土地1建物1車位1,四層,十層,華廈(10層含以下有電梯),住家用,鋼筋混凝土造,1051209,162.28,1,2,1,有,有,坡道平面,其他增建；,RPTQMLLMIIIGFAA37DA,64.64,4.88,8.75,有,605,2023-10-08,244,25.776593355895200,24.928548562364600,27.217911991954200,12.92531334570820,34.297674921815800,63000050005,0.2036701990178340,0.6301369863013700,88.22,27333.73,56.093979421404600,42.0337738465368,0,0,0,0,0,0,1,0,0,0,18,55,0,5,0,2,1,2,1,19,"c(121.524263034353, 25.0221590162358)",臺北捷運古亭站_G09_O05,381.2885965143840,2717.265872760600,2919.6675531008300,7
臺北市中正區羅斯福路一段９巷１３號,34190000,275570,0,0,63000,中正區,房地(土地+建物),25.0336040021077,121.5184070177,新營里,32.5,住,NA,NA,1121013,土地1建物1車位0,二層,五層,公寓(5樓含以下無電梯),住家用,鋼筋混凝土造,721028,124.07,3,2,2,有,無,NA,NA,RPRNMLQLIIIGFAA27DA,100.05,0,12.86,無,NA,2023-10-13,246,25.219541831883500,23.928508598196800,27.418211025616700,0,40.1353915069236,63000050021,0.27187948350071700,0.697560975609756,93.71,58936.32,65.6407487282864,25.449963998299100,0,1,0,0,0,0,0,0,0,0,32,42,0,9,3,2,0,0,0,32,"c(121.5184070177, 25.0336040021077)",臺北捷運中正紀念堂站_G10_R8,127.5027922233900,1565.5171825218200,1564.6397164573700,40
臺北市中正區羅斯福路三段１００號,8200000,229821,0,0,63000,中正區,房地(土地+建物),25.0214149966004,121.527043982189,頂東里,3.18,商,NA,NA,1121104,土地4建物1車位0,四層,十二層,住宅大樓(11層含以上有電梯),住家用,鋼筋混凝土造,650619,35.68,0,1,1,有,有,NA,NA,RPPNMLOJJIIGFAA76DA,33.58,0,0,有,NA,2023-11-04,247,27.27064257403920,23.715948448589000,31.29322337510990,0,36.27459525464510,63000050006,0.19071373752878000,0.6078280890253260,84.86,47927.11,57.93103446677770,43.77931033275050,0,0,0,0,0,0,1,0,0,0,24,58,0,5,0,2,1,1,1,25,"c(121.527043982189, 25.0214149966004)",臺北捷運台電大樓站_G08,130.14560393833100,3005.0489150548800,3080.27015978255,47
臺北市中正區羅斯福路三段８４巷１９號,18000000,242981,0,0,63000,中正區,房地(土地+建物),25.0212549860688,121.52596003447,頂東里,18.2,住,NA,NA,1121016,土地1建物1車位0,三層,五層,公寓(5樓含以下無電梯),住家用,鋼筋混凝土造,711018,74.08,3,2,2,有,無,NA,其他增建；,RPQPMLTKIIIGFAA57DA,57.49,0,9.99,無,NA,2023-10-16,249,25.244262080076000,23.47353285323520,27.704696156301100,0,89.48100673162190,63000050006,0.19071373752878000,0.6078280890253260,84.86,47927.11,57.93103446677770,43.77931033275050,0,0,0,0,0,0,1,0,0,0,18,53,0,3,0,2,1,1,1,19,"c(121.52596003447, 25.0212549860688)",臺北捷運台電大樓站_G08,213.749310403115,2915.3933242517100,3062.8957570965300,41
臺北市中正區羅斯福路二段８巷５號,27860000,387213,0,0,63000,中正區,房地(土地+建物),25.0287020136736,121.520639034696,南福里,11.93,商,NA,NA,1121015,土地2建物1車位0,五層,九層,華廈(10層含以下有電梯),住家用,鋼筋混凝土造,1041014,71.95,2,1,1,有,有,NA,陽台外推；夾層；,RPVNMLRKIIIGFAA67DA,36.75,4.23,5,有,731,2023-10-15,253,24.511765258733800,23.078283935506800,27.460291170935000,0,78.32443909932830,63000050019,0.243071041733036,0.6717638313688010,92.46,50016.76,60.44190069739890,25.34273924859010,0,1,0,0,0,0,0,0,0,0,45,84,0,10,1,0,0,5,0,45,"c(121.520639034696, 25.0287020136736)",臺北捷運古亭站_G09_O05,446.3669980637380,2115.0098004647300,2133.139864053540,8
臺北市中正區臨沂街２７巷９號,38000000,259103,0,0,63000,中正區,房地(土地+建物),25.0409480999415,121.531290589613,幸市里,21.22,住,NA,NA,1121002,土地2建物1車位0,七層,七層,華廈(10層含以下有電梯),住家用,鋼筋混凝土造,670127,146.66,3,2,2,有,有,NA,NA,RPWNMLRKIIIGFBA87DA,115.32,0,11.92,有,NA,2023-10-02,254,26.49142865100500,25.415372826798400,27.758013283176200,0.3031792531031960,46.48207935148350,63000050027,0.20866141732283500,0.6637795275590550,86.43,25587.25,62.44239628938460,46.31336403751410,0,0,0,0,0,0,0,0,0,0,21,47,0,5,2,0,0,2,1,21,"c(121.531290589613, 25.0409480999415)",臺北捷運忠孝新生站_BL14_O07,222.04369778010500,1732.8689737101600,1624.334320175540,45
臺北市中正區臨沂街３２巷２號,18500000,348861,19.01,1800000,63000,中正區,房地(土地+建物)+車位,25.0396230048684,121.529612029684,文北里,10.56,住,NA,NA,1121117,土地1建物1車位1,五層,七層,華廈(10層含以下有電梯),住家用,鋼筋混凝土造,1040206,66.88,1,1,1,有,有,其他,NA,RPTNMLQJKIIGFBA57DA,20.36,0.75,3.88,有,169,2023-11-17,255,16.8761489910697,13.934433702379600,19.803089425168300,0.31238436226038700,55.13980891697440,63000050029,0.259748427672956,0.6983228511530400,86.47,33530.52,69.01408448679170,39.96478872066760,0,0,0,0,1,0,0,0,0,0,24,50,0,3,2,1,0,2,1,24,"c(121.529612029684, 25.0396230048684)",臺北捷運忠孝新生站_BL14_O07,444.9226603711360,1653.5285950104100,1555.0672789001700,8
臺北市中正區臨沂街３３巷５號,23680000,272184,0,0,63000,中正區,房地(土地+建物),25.039660010971,121.530218041283,幸市里,24,住,NA,NA,1121011,土地1建物1車位0,三層，陽臺,五層,公寓(5樓含以下無電梯),住家用,鋼筋混凝土造,651108,87,3,2,1,有,無,NA,其他增建；,RPPNMLLLJIIGFBA76DA,87,0,0,無,NA,2023-10-11,256,24.124897539411800,22.53325225236190,26.378727973798600,0.06050923808820160,42.17284565830530,63000050027,0.20866141732283500,0.6637795275590550,86.43,25587.25,62.44239628938460,46.31336403751410,0,0,0,0,0,0,0,0,0,0,25,47,0,4,2,1,0,2,1,25,"c(121.530218041283, 25.039660010971)",臺北捷運忠孝新生站_BL14_O07,394.8047429451500,1703.6258599996100,1603.28694949267,47
臺北市中正區詔安街２７２巷５號,15700000,253512,0,0,63000,中正區,房地(土地+建物),25.0275479932444,121.5084949981,永昌里,23.25,住,NA,NA,1121025,土地1建物1車位0,一層,四層,公寓(5樓含以下無電梯),住家用,鋼筋混凝土造,620131,61.93,3,2,1,有,無,NA,其他增建；,RPUOMLPLIIIGFAA57DA,61.93,0,0,無,NA,2023-10-25,260,26.441899984162300,24.65839582553160,29.502537415805200,0,31.142627148336500,63000050012,0.10117016089712300,0.4083373963920040,93.42,47013.21,50.27081921114730,38.86255922855030,0,0,0,0,0,0,1,0,0,0,20,33,0,14,0,2,3,0,0,23,"c(121.5084949981, 25.0275479932444)",臺北捷運小南門站_G11,1024.6388431676400,1047.8243148033400,2387.791626744590,50
臺北市中正區連雲街５６號,8940000,218102,0,0,63000,中正區,房地(土地+建物),25.0350969867013,121.530490034041,三愛里,10.32,住,NA,NA,1121004,土地1建物1車位0,三層,五層,公寓(5樓含以下無電梯),住家用,鋼筋混凝土造,820602,40.98,3,2,2,有,無,NA,親友、員工、共有人或其他特殊關係間之交易；其他增建；,RPRNMLNJJIIGFBA07EA,29.93,1.52,3.51,無,410,2023-10-04,262,26.33073745612170,25.35985734409860,27.073131574452900,29.253209959421200,40.23197057379510,63000050031,0.24191995598954800,0.6795488928620550,83.83,41979.63,66.83055974530440,37.49999999290850,0,0,0,0,0,1,0,0,0,0,22,62,0,9,2,1,0,3,1,22,"c(121.530490034041, 25.0350969867013)",臺北捷運東門站_O06_R07,602.7273013199810,2029.6055795360700,1948.5850208503400,30
臺北市中正區重慶南路三段１６１號,34200000,200846,0,0,63000,中正區,房地(土地+建物)+車位,25.0226799934277,121.517009000069,網溪里,16.25,商,NA,NA,1121002,土地2建物1車位2,五層,十五層,住宅大樓(11層含以上有電梯),住家用,鋼筋混凝土造,1010315,170.28,2,1,1,有,有,坡道機械,含裝潢費1000000元；,RPPNMLRKIIIGFAA17EA,81.46,4.45,10.76,有,200,2023-10-02,264,26.83529999013050,25.46911632415850,28.086335681015300,0.25018062028065600,49.49463370008480,63000050007,0.1925866236905720,0.6029411764705880,85.77,33833.44,54.49690836017510,39.516582338528200,0,0,0,0,0,0,0,0,0,0,16,11,0,3,1,1,0,3,0,16,"c(121.517009000069, 25.0226799934277)",臺北捷運古亭站_G09_O05,708.005604038128,2059.4706125513900,2768.04559230399,11
臺北市信義區中坡南路１６６號,18200000,194944,0,0,63000,信義區,房地(土地+建物),25.0392995053154,121.58406447693,中坡里,27.1,住,NA,NA,1121021,土地11建物1車位0,二層,五層,公寓(5樓含以下無電梯),住家用,鋼筋混凝土造,680606,93.36,4,2,2,有,無,NA,陽台外推；,RPWNMLSJJIIGFDA18DA,79.87,0,13.49,無,NA,2023-10-21,268,20.982061310072300,19.97958427535670,22.218338089998700,1.508564012421040,34.27069240071600,63000020024,0.11447543160690600,0.4717131474103590,93.59,10045.36,51.866913104670300,39.18669129789770,0,0,0,0,0,0,0,0,0,0,27,27,0,11,1,1,4,5,0,31,"c(121.58406447693, 25.0392995053154)",臺北捷運後山埤站_BL20,668.4749292867770,1245.195133240650,2830.514315035660,44
臺北市信義區中坡南路２０１巷８號,39180000,209050,32.25,2500000,63000,信義區,房地(土地+建物)+車位,25.0415039877601,121.585783018538,中行里,34.83,住,NA,NA,1121105,土地1建物1車位1,四層,七層,華廈(10層含以下有電梯),住家用,鋼筋混凝土造,790315,207.71,4,2,2,有,有,升降平面,陽台外推；其他增建；,RPUNMLPKJIIGFDA77DA,186.94,0.79,16.21,有,NA,2023-11-05,269,27.211999475741200,23.82443731969390,32.5267786174941,0,46.08302762626360,63000020025,0.109093637454982,0.4800420168067230,94.7,12304.21,47.67907161911180,33.333333326664,0,0,0,0,0,0,0,0,0,0,31,41,0,18,0,2,3,3,0,34,"c(121.585783018538, 25.0415039877601)",臺北捷運後山埤站_BL20,503.30899390668000,1143.648949911840,2552.4435598585500,33
臺北市信義區信安街１０３巷８之１號,31880000,365755,47.67,3000000,63000,信義區,房地(土地+建物)+車位,25.0250480068033,121.5575270362,黎順里,39.5,住,NA,NA,1121009,土地1建物1車位1,一層,五層,華廈(10層含以下有電梯),住家用,鋼筋混凝土造,1100618,126.63,2,2,1,有,有,坡道平面,夾層；,RPRNMLKKJIIGFDA96DA,50.73,0,0,有,NA,2023-10-09,270,24.298397287488100,23.268874208865000,25.248872844491600,8.682445273787560,35.11755996606910,63000020038,0.17311021350259700,0.5631852279284480,89.35,19724.4,50.53423029262590,37.15868617445240,1,0,0,0,0,0,1,0,0,0,27,42,0,9,1,1,2,0,0,29,"c(121.5575270362, 25.0250480068033)",臺北捷運六張犁站_BR07,494.74519459849300,3395.8622070150000,4797.709617876750,2
臺北市信義區信義路五段１１７號,8000000,335570,0,0,63000,信義區,房地(土地+建物),25.0333499890854,121.573914888983,安康里,3.88,都市：其他:特定業務區(信義計畫特定專用區)。,NA,NA,1121013,土地1建物1車位0,三層,十九層,住宅大樓(11層含以上有電梯),住家用,鋼筋混凝土造,980702,23.84,0,0,1,有,有,NA,僅移轉1/2親友、員工、共有人或其他特殊關係間之交易；,RPQNMLOLJIIGFDA47EA,13.76,0.64,1.91,有,730,2023-10-13,272,24.579473342157900,23.19412734627570,27.209065736527500,0,37.2758624070645,63000020009,0.2022382997965180,0.634863215012435,87.51,21225.08,60.114475062492200,33.2429582718417,0,0,0,0,0,0,0,0,0,0,17,11,0,1,0,1,1,0,0,18,"c(121.573914888983, 25.0333499890854)",臺北捷運象山站_R02,437.764573774598,1810.1724001552000,4048.258313828760,14
臺北市信義區信義路五段１２７號,17570000,276905.6666666670,10.896666666666700,1000000,63000,信義區,房地(土地+建物),25.0339640048491,121.573942993569,安康里,6.89,都市：其他:特定業務區(信義計畫特定專用區)。,NA,NA,1121102,土地1建物1車位0,六層,十九層,住宅大樓(11層含以上有電梯),住家用,鋼骨造,951229,43.28,1,1,1,有,有,NA,NA,RPPPMLPJKIIGFDA47DA,24.16,1.47,2.97,有,NA,2023-11-02,273,26.247376845863100,23.21342083979280,30.06397525681960,0,30.42000209619980,63000020009,0.2022382997965180,0.634863215012435,87.51,21225.08,60.114475062492200,33.2429582718417,0,0,0,0,0,0,0,0,0,0,21,11,0,1,0,1,1,0,0,22,"c(121.573942993569, 25.0339640048491)",臺北捷運象山站_R02,457.7760793677010,1743.535605716430,4008.629858674730,17
臺北市信義區信義路五段１５０巷２９６號,20300000,190200,0,0,63000,信義區,房地(土地+建物),25.0228525891175,121.579520343783,六合里,27.29,住,NA,NA,1121010,土地1建物1車位0,三層,五層,公寓(5樓含以下無電梯),住家用,鋼筋混凝土造,711123,106.73,3,2,1,有,無,NA,陽台外推；其他增建；,RPVNMLQKJIIGFDA97DA,85.16,0,13.95,無,NA,2023-10-10,274,23.522325218874,22.477201104480600,25.37972085576180,3.312162779203740,35.15599436964070,63000020032,0.16367333107421200,0.5625211792612670,89.9,5024.18,51.51089246860840,38.25251814517390,0,0,0,0,0,0,0,0,0,0,0,0,0,0,0,0,0,2,0,0,"c(121.579520343783, 25.0228525891175)",臺北捷運象山站_R02,1471.4944458398600,2922.3915022402200,4410.933542333760,41
臺北市信義區信義路五段１５０巷３４２弄３９號,18000000,220967,0,0,63000,信義區,房地(土地+建物),25.0226637946897,121.579154612617,六合里,26.75,住,NA,NA,1121008,土地1建物1車位0,三層，陽臺,四層,公寓(5樓含以下無電梯),住家用,鋼筋混凝土造,650914,81.46,2,2,1,有,無,NA,陽台外推；其他增建；,RPWNMLMJJIIGFDA57DA,81.46,0,0,無,682,2023-10-08,275,24.834965501653300,24.154452273203200,25.95319298958960,18.814966675625600,33.577207657839700,63000020032,0.16367333107421200,0.5625211792612670,89.9,5024.18,51.51089246860840,38.25251814517390,0,0,0,0,0,0,0,0,0,0,0,0,0,0,0,0,0,1,0,0,"c(121.579154612617, 25.0226637946897)",臺北捷運象山站_R02,1462.4828199780500,2941.8941659883900,4450.575796360140,47
臺北市信義區信義路五段１５０巷４６３號,8700000,218813,0,0,63000,信義區,房地(土地+建物),25.022196850744,121.578122338123,六合里,10.79,住,NA,NA,1121012,土地1建物1車位0,九層,十層,華廈(10層含以下有電梯),住家用,鋼筋混凝土造,830715,39.76,1,1,1,有,有,NA,NA,RPQOMLLJJIIGFDA96DA,23.58,0.75,4.28,有,370,2023-10-12,277,24.624160811831300,22.413874149721500,27.00941392833640,0,39.68150059082450,63000020032,0.16367333107421200,0.5625211792612670,89.9,5024.18,51.51089246860840,38.25251814517390,0,0,0,0,0,0,0,0,0,0,0,0,0,0,0,0,0,1,0,0,"c(121.578122338123, 25.022196850744)",臺北捷運象山站_R02,1437.606622095020,2992.191171049100,4557.163227519990,29
臺北市信義區信義路六段７６巷２弄９７號,21100000,187739,0,0,63000,信義區,房地(土地+建物),25.0325389974902,121.575768991176,松友里,38.58,住,NA,NA,1121014,土地1建物1車位0,二層,五層,公寓(5樓含以下無電梯),住家用,鋼筋混凝土造,720129,112.39,3,2,2,有,無,NA,NA,RPOOMLTLJIIGFDA77DA,96.99,0,13.7,無,NA,2023-10-14,278,23.63574704804390,22.63874453441240,26.214031327281900,0,41.54653337118120,63000020022,0.13949759486905400,0.5392838054516300,89.92,30490.19,56.707171775862,33.738384552361600,1,0,0,0,0,0,0,0,0,0,17,10,0,0,0,1,1,0,2,18,"c(121.575768991176, 25.0325389974902)",臺北捷運象山站_R02,617.6362201936030,1863.359302569370,3946.176151191360,40
臺北市信義區信義路四段３９５號,36680000,267366,0,0,63000,信義區,房地(土地+建物),25.0332890101864,121.55857795922,中興里,16.51,商,NA,NA,1121028,土地2建物1車位0,十層,十二層,住宅大樓(11層含以上有電梯),住家用,鋼筋混凝土造,760907,137.19,3,2,2,有,有,NA,陽台外推；其他增建；,RPPOMLSLJIIGFDA77DA,118.54,4.15,2.35,有,NA,2023-10-28,279,21.33306120881010,19.53455641838280,23.182659625716500,6.750310825460350,39.020683937621300,63000020004,0.18917089678511,0.6131979695431470,75.47,39657.79,53.56311129317040,37.6339077607667,0,0,0,0,0,0,1,0,0,0,43,69,0,13,0,2,1,2,0,44,"c(121.55857795922, 25.0332890101864)",臺北捷運台北101/世貿站_R03,521.6964045127180,2654.5573927513000,4489.376959990790,36
臺北市信義區光復南路５６７號,23560000,317410,0,0,63000,信義區,房地(土地+建物)+車位,25.03075398739,121.557622003163,中興里,9.39,商,NA,NA,1121003,土地1建物1車位1,十六層,十八層,住宅大樓(11層含以上有電梯),住家用,鋼骨造,970822,119.3,0,0,0,無,有,坡道機械,陽台外推；,RPVOMLRKIIIGFDA08DA,53.21,0,9.59,有,244,2023-10-03,285,25.26949563943180,23.824154250758300,26.593409056232200,14.201408454733700,40.532184533268800,63000020004,0.18917089678511,0.6131979695431470,75.47,39657.79,53.56311129317040,37.6339077607667,0,1,0,0,0,0,2,0,0,0,48,61,0,14,0,1,1,2,0,49,"c(121.557622003163, 25.03075398739)",臺北捷運信義安和站_R04,638.8576261031250,2916.863420768880,4508.634647053140,15
臺北市信義區吳興街２６０巷１９弄１２號,37000000,245798,0,0,63000,信義區,房地(土地+建物),25.025800995075,121.563636018691,雙和里,35.8,住,NA,NA,1121017,土地1建物1車位0,五層,九層,華廈(10層含以下有電梯),住家用,鋼筋混凝土造,891027,150.53,3,2,2,有,有,NA,其他增建；,RPVNMLNJJIIGFDA57DA,89.92,0,13.78,有,NA,2023-10-17,286,24.4500859296281,22.639751538445200,26.58500821151580,0,92.92943693637670,63000020036,0.13732793522267200,0.5298785425101220,88.91,26259.55,47.408371275773500,33.918889604441800,0,0,0,0,1,2,0,0,0,0,25,33,0,12,1,1,3,2,0,28,"c(121.563636018691, 25.025800995075)",臺北捷運台北101/世貿站_R03,778.9271284334520,2982.493936885630,5294.4702093014900,23
臺北市信義區吳興街２８４巷２２弄１１２號,15000000,193424,0,0,63000,信義區,房地(土地+建物),25.0232059997614,121.560899997857,雙和里,22.31,住,NA,NA,1121001,土地4建物1車位0,二層,四層,公寓(5樓含以下無電梯),住家用,鋼筋混凝土造,670930,77.55,3,2,1,有,無,NA,其他增建；,RPSNMLNJJIIGFDA27DA,65.25,0,12.3,無,NA,2023-10-01,287,27.233951854557300,25.266926690852100,30.203929149291300,7.335053791029220,43.820501262339800,63000020036,0.13732793522267200,0.5298785425101220,88.91,26259.55,47.408371275773500,33.918889604441800,1,0,0,0,1,0,0,0,0,0,12,6,0,2,1,0,2,0,0,14,"c(121.560899997857, 25.0232059997614)",臺北捷運麟光站_BR06,584.4179577129790,3370.2541885018500,5194.568530913400,45
臺北市信義區吳興街２８４巷５之６號,18700000,180102,0,0,63000,信義區,房地(土地+建物),25.0255150045387,121.563999960927,雙和里,35,住,NA,NA,1121022,土地1建物1車位0,一層,五層,公寓(5樓含以下無電梯),住家用,鋼筋混凝土造,750430,103.83,3,2,2,有,無,NA,其他增建；,RPOOMLSJJIIGFDA47DA,77.41,6.6,0,無,NA,2023-10-22,288,22.889107798048500,21.17744825233820,24.25302687195860,0,31.278150496614500,63000020036,0.13732793522267200,0.5298785425101220,88.91,26259.55,47.408371275773500,33.918889604441800,0,0,0,0,1,2,0,0,0,0,26,33,0,13,1,1,3,2,0,29,"c(121.563999960927, 25.0255150045387)",臺北捷運台北101/世貿站_R03,811.0367484247660,2992.2661232144800,5341.638141615850,37
臺北市信義區吳興街２８４巷８號,29400000,293413,0,0,63000,信義區,房地(土地+建物),25.0250249984791,121.563709025068,雙和里,18.2,住,NA,NA,1121031,土地1建物1車位0,二層,十一層,住宅大樓(11層含以上有電梯),住家用,鋼筋混凝土造,1030805,100.2,2,2,2,有,有,NA,NA,RPQNMLPKJIIGFDA37DA,58.71,7.39,2.99,有,NA,2023-10-31,289,23.094495350050700,21.513773459554700,25.364117188182200,0.826172004599812,32.17395188253000,63000020036,0.13732793522267200,0.5298785425101220,88.91,26259.55,47.408371275773500,33.918889604441800,0,0,0,0,1,0,0,0,0,0,24,29,0,10,1,1,2,2,0,26,"c(121.563709025068, 25.0250249984791)",臺北捷運台北101/世貿站_R03,864.8331382594710,3053.9748400297000,5340.8602694578000,9
臺北市信義區吳興街３３６巷７號,6000000,115252,0,0,63000,信義區,房地(土地+建物),25.025764994800900,121.565821935221,惠安里,20.67,住,NA,NA,1121124,土地1建物1車位0,二層,四層,公寓(5樓含以下無電梯),住家用,鋼筋混凝土造,621224,52.06,2,1,1,有,無,NA,親友、員工、共有人或其他特殊關係間之交易；,RPPQMLQLIIIGFDA77EA,52.06,0,0,無,NA,2023-11-24,291,19.398339714840100,17.703382716700100,20.88891559323030,1.1155235496755800,84.36505870303600,63000020029,0.127038782167452,0.5057992026096410,90.74,16277.33,45.110258857835500,32.262703731480700,0,0,0,0,1,2,0,0,0,0,36,40,0,15,1,1,3,3,0,39,"c(121.565821935221, 25.0257649948009)",臺北捷運台北101/世貿站_R03,811.0111395612600,2883.478540656680,5199.418182371370,50
臺北市信義區吳興街３４５巷５號,12840327,149654,0,0,63000,信義區,房地(土地+建物),25.02677099082,121.565955961852,三張里,29.25,住,NA,NA,1121005,土地1建物1車位0,四層，陽臺,四層,公寓(5樓含以下無電梯),住家用,鋼筋混凝土造,610408,85.8,3,2,1,有,無,NA,含土地增值稅或其他稅費840327元；親友、員工、共有人或其他特殊關係間之交易；陽台外推；頂樓加蓋；,RPSNMLKMIIIGFDA17DA,85.8,0,0,無,NA,2023-10-05,292,26.44133714921290,24.96694894856180,28.74684043570120,36.294809890980800,30.253630215677300,63000020030,0.15574207300826000,0.5531574740207830,90.21,28252.09,53.07324253715990,38.13029075485270,0,0,0,0,1,2,0,0,0,0,32,39,0,16,1,1,3,3,0,35,"c(121.565955961852, 25.02677099082)",臺北捷運台北101/世貿站_R03,708.235538221568,2777.477381568270,5123.142806685820,51
臺北市信義區吳興街５２４巷３６號,18800000,160519,0,0,63000,信義區,房地(土地+建物),25.0224610162072,121.567753963902,惠安里,34.5,住,NA,NA,1121028,土地1建物1車位0,三層,四層,公寓(5樓含以下無電梯),住家用,鋼筋混凝土造,690318,117.12,3,2,2,有,無,NA,其他增建；,RPSOMLTJJIIGFDA97DA,103.59,0,13.53,無,NA,2023-10-28,293,21.30264965731870,19.69463484944590,23.05116598653620,7.007582943704400,39.52303981316180,63000020029,0.127038782167452,0.5057992026096410,90.74,16277.33,45.110258857835500,32.262703731480700,0,0,0,0,0,0,0,0,0,0,23,13,0,7,0,0,3,4,0,26,"c(121.567753963902, 25.0224610162072)",臺北捷運麟光站_BR06,1028.614567144770,3146.201598963900,5275.201824269430,43
臺北市信義區吳興街５８３巷１５弄１７號,11580000,217710,0,0,63000,信義區,房地(土地+建物),25.0226680073061,121.570275994749,泰和里,21,住,NA,NA,1121015,土地1建物1車位0,全,三層,透天厝,住家用,加強磚造,510101,53.19,2,2,1,有,無,NA,頂樓加蓋；,RPTOMLLLJIIGFDA47DA,53.19,0,0,無,NA,2023-10-15,294,23.76301958308610,22.1408520507657,26.795518648738900,0,77.9360252374185,63000020033,0.11448214018831300,0.4806456434015840,87.25,10387.93,43.52159467588010,30.76021105515730,0,0,0,0,0,0,0,0,0,0,18,10,0,6,0,0,1,2,0,19,"c(121.570275994749, 25.0226680073061)",臺北捷運象山站_R02,1105.2779131996800,3047.8481700097600,5069.727155325440,61
臺北市信義區吳興街６００巷１００弄１０號,19250000,183089,0,0,63000,信義區,房地(土地+建物),25.0176480016753,121.571910968782,泰和里,30.8,住,NA,NA,1121109,土地1建物1車位0,七層,十層,華廈(10層含以下有電梯),住家用,鋼筋混凝土造,850606,105.14,3,2,2,有,有,NA,NA,RPQOMLTLJIIGFDA97DA,77.71,4.17,8.17,有,NA,2023-11-09,295,25.925845308118600,22.184639960562800,30.942123297549100,0,45.72280844705170,63000020033,0.11448214018831300,0.4806456434015840,87.25,10387.93,43.52159467588010,30.76021105515730,0,0,0,0,0,0,0,0,0,0,4,0,0,0,0,0,0,0,0,4,"c(121.571910968782, 25.0176480016753)",臺北捷運麟光站_BR06,1344.772529421880,3553.892561183880,5349.0610772541400,27
臺北市信義區吳興街６００巷７６弄１２２號,14800000,155724,0,0,63000,信義區,房地(土地+建物),25.0179220060901,121.569432020918,泰和里,32.77,住,NA,NA,1121012,土地3建物1車位0,五層,五層,公寓(5樓含以下無電梯),住家用,鋼筋混凝土造,731016,95.04,4,3,3,有,無,NA,頂樓加蓋；含租約；,RPXNMLLLJIIGFDA77DA,84.35,0,10.69,無,740,2023-10-12,296,24.53899895524030,22.244356809491300,26.922202117958100,0,40.46044927998250,63000020033,0.11448214018831300,0.4806456434015840,87.25,10387.93,43.52159467588010,30.76021105515730,0,0,0,0,0,0,0,0,0,0,6,1,0,0,0,0,1,0,0,7,"c(121.569432020918, 25.0179220060901)",臺北捷運麟光站_BR06,1093.3349120455200,3577.8492650682500,5497.516063746380,39
臺北市信義區吳興街６００巷７６弄１３號,30000000,204096,41.16,0,63000,信義區,房地(土地+建物)+車位,25.0181774864989,121.570565505685,泰和里,18.96,住,NA,NA,1121015,土地4建物1車位1,六層,九層,華廈(10層含以下有電梯),住家用,鋼筋混凝土造,1060907,146.99,2,2,1,有,有,坡道平面,NA,RPPPMLRKIIIGFDA57DA,61.28,0,8.5,有,611,2023-10-15,297,23.454871450109600,21.749446080535200,26.57701750294190,0,78.12435779471970,63000020033,0.11448214018831300,0.4806456434015840,87.25,10387.93,43.52159467588010,30.76021105515730,0,0,0,0,0,0,0,0,0,0,6,1,0,0,0,0,1,0,0,7,"c(121.570565505685, 25.0181774864989)",臺北捷運麟光站_BR06,1206.8278995992600,3523.5480986020600,5397.9716243344900,6
臺北市信義區吳興街６００巷７６弄２２號,20000000,152683,0,0,63000,信義區,房地(土地+建物),25.0183737068523,121.570477998615,泰和里,29.92,住,NA,NA,1121006,土地1建物1車位0,五層,六層,華廈(10層含以下有電梯),住家用,鋼筋混凝土造,1050301,130.99,0,0,0,無,有,NA,NA,RPTOMLPLIIIGFDA77DA,69.48,4.95,15.21,有,NA,2023-10-06,298,26.88428566102750,25.43728094630330,28.457056642012400,1.4416377471002200,34.35447249361360,63000020033,0.11448214018831300,0.4806456434015840,87.25,10387.93,43.52159467588010,30.76021105515730,0,0,0,0,0,0,0,0,0,0,6,1,0,0,0,0,1,0,0,7,"c(121.570477998615, 25.0183737068523)",臺北捷運麟光站_BR06,1197.8265505134300,3504.3114419374100,5388.294079631140,7
臺北市信義區和平東路三段１６９號,24880000,252103,38.64,3000000,63000,信義區,房地(土地+建物)+車位,25.0240697967932,121.553216223397,黎平里,18.64,商,NA,NA,1121021,土地2建物1車位1,三層,十四層,住宅大樓(11層含以上有電梯),住家用,鋼筋混凝土造,970205,125.43,2,1,1,有,有,坡道平面,夾層；,RPOPMLQJJIIGFDA37DA,51.04,1.03,6.03,有,640,2023-10-21,299,21.02716750186590,20.06607007890540,22.19849770478210,0.957591150093416,34.93144222837380,63000020039,0.1505106311736150,0.5457893855683910,86.6,52761.19,49.45652172793100,35.258152165928900,2,0,0,0,0,0,1,0,0,1,41,70,0,14,1,1,3,0,2,44,"c(121.553216223397, 25.0240697967932)",臺北捷運六張犁站_BR07,54.3543824569706,3759.1840185102800,4494.713842374310,15
臺北市信義區和平東路三段３１１號,36680000,246804,0,0,63000,信義區,房地(土地+建物)+車位,25.021558997697,121.555856019983,黎平里,42.5,住,NA,NA,1121028,土地2建物1車位1,六層，電梯樓梯間,十二層,住宅大樓(11層含以上有電梯),住家用,鋼筋混凝土造,870805,148.62,3,2,2,有,有,坡道平面,其他增建；,RPROMLPKJIIGFDA57DA,96.19,2.15,12.2,有,NA,2023-10-28,300,21.34191433718060,19.72967230352720,23.076241857465000,6.794609953856870,39.923645193197200,63000020039,0.1505106311736150,0.5457893855683910,86.6,52761.19,49.45652172793100,35.258152165928900,1,0,0,0,0,0,1,0,0,0,33,43,0,13,1,1,4,0,0,37,"c(121.555856019983, 25.021558997697)",臺北捷運六張犁站_BR07,385.7576662723040,3805.704972705180,4873.722009241810,25
臺北市信義區和平東路三段３９１巷７弄４號,9820000,93134,0,0,63000,信義區,房地(土地+建物),25.0198060064669,121.558119972031,黎忠里,29.72,住,NA,NA,1121027,土地1建物1車位0,三層,五層,公寓(5樓含以下無電梯),住家用,鋼筋混凝土造,690808,105.44,3,2,2,有,無,NA,親友、員工、共有人或其他特殊關係間之交易；,RPQOMLRLIIIGFDA67DA,91.65,0,13.79,無,NA,2023-10-27,301,23.268534717297500,21.768048279734000,24.892616576829500,0,37.80334736367020,63000020040,0.11014911014911000,0.4639249639249640,86.23,33355,46.24878205708060,35.043845392970500,1,0,0,0,0,0,1,0,0,0,25,30,0,9,0,0,3,0,0,28,"c(121.558119972031, 25.0198060064669)",臺北捷運麟光站_BR06,167.6310496376110,3838.0496183001400,5172.905681599650,43
臺北市信義區和平東路三段３９１巷８弄８８號,3500000,88362,0,0,63000,信義區,房地(土地+建物),25.0216050143454,121.558850035797,黎忠里,11,住,NA,NA,1121017,土地1建物1車位0,二層,五層,公寓(5樓含以下無電梯),住家用,鋼筋混凝土造,690205,39.61,3,1,2,有,無,NA,親友、員工、共有人或其他特殊關係間之交易；,RPTNMLQJJIIGFDA77EA,33.85,0,5.76,無,469,2023-10-17,302,24.45194648391420,22.571917355135900,26.555800577489900,0,97.89281849540150,63000020040,0.11014911014911000,0.4639249639249640,86.23,33355,46.24878205708060,35.043845392970500,1,0,0,0,0,0,1,0,0,0,28,32,0,8,1,0,2,0,0,30,"c(121.558850035797, 25.0216050143454)",臺北捷運麟光站_BR06,360.25423686942000,3630.217962248430,5117.174879884610,43
臺北市信義區和平東路三段４１３號,13000000,278850,0,0,63000,信義區,房地(土地+建物),25.0196099956611,121.558055012281,黎忠里,20.5,住,NA,NA,1121017,土地1建物1車位0,一層,四層,公寓(5樓含以下無電梯),住家用,鋼筋混凝土造,610714,46.62,2,2,1,有,無,NA,防火巷加蓋.天井加蓋之增建物陽台外推；夾層；其他增建；,RPQNMLMLIIIGFDA07DA,37.14,0,9.48,無,NA,2023-10-17,303,24.442391163471400,22.524525402781600,26.53208704561020,0,98.97506074488360,63000020040,0.11014911014911000,0.4639249639249640,86.23,33355,46.24878205708060,35.043845392970500,1,0,0,0,0,0,1,0,0,0,25,30,0,9,0,0,3,0,0,28,"c(121.558055012281, 25.0196099956611)",臺北捷運麟光站_BR06,149.3588610402930,3859.947467445590,5180.6454076006600,51
臺北市信義區和平東路三段４３５巷１號,13400000,151927,0,0,63000,信義區,房地(土地+建物),25.0191699876539,121.558449967559,黎忠里,23.9,住,NA,NA,1121028,土地1建物1車位0,五層,五層,公寓(5樓含以下無電梯),住家用,鋼筋混凝土造,680630,88.2,3,2,2,有,無,NA,親友、員工、共有人或其他特殊關係間之交易；,RPSNMLPLJIIGFDA67DA,75.25,0,12.95,無,NA,2023-10-28,304,21.31750050629300,19.75607811354640,23.031801900759500,6.950795212336300,39.8920935589866,63000020040,0.11014911014911000,0.4639249639249640,86.23,33355,46.24878205708060,35.043845392970500,1,0,0,0,0,0,1,0,0,0,20,23,0,5,0,0,2,0,0,22,"c(121.558449967559, 25.0191699876539)",臺北捷運麟光站_BR06,91.16172967189980,3880.772060230000,5241.800851619900,44
臺北市信義區和平東路三段４４７號,15000000,158495,0,0,63000,信義區,房地(土地+建物),25.0189070054418,121.558606038596,黎忠里,26.77,住,NA,NA,1121025,土地1建物1車位0,四層,五層,公寓(5樓含以下無電梯),住家用,鋼筋混凝土造,690428,94.64,3,2,2,有,無,NA,NA,RPUNMLKMIIIGFDA37DA,83.08,0,11.56,無,NA,2023-10-25,305,25.39799004921770,23.35590829151360,28.67560044248080,0,27.813843815142300,63000020040,0.11014911014911000,0.4639249639249640,86.23,33355,46.24878205708060,35.043845392970500,1,0,0,0,0,0,1,0,0,0,20,19,0,4,0,0,2,0,0,22,"c(121.558606038596, 25.0189070054418)",臺北捷運麟光站_BR06,60.59116076889990,3897.7482269142700,5271.939039081190,43
臺北市信義區嘉興街２４９號,17500000,243224,0,0,63000,信義區,房地(土地+建物),25.0249429815565,121.556008989716,黎順里,9.3,住,NA,NA,1121012,土地2建物1車位0,三層,七層,華廈(10層含以下有電梯),住家用,鋼筋混凝土造,810727,71.95,2,2,1,有,無,NA,陽台外推；其他增建；,RPTNMLKMIIIGFDA27DA,54.06,3.49,7.71,有,NA,2023-10-12,307,24.882189211597100,22.913187194979800,27.251972277564200,0,41.129582407559700,63000020038,0.17311021350259700,0.5631852279284480,89.35,19724.4,50.53423029262590,37.15868617445240,1,0,0,0,0,0,1,0,0,0,33,55,0,12,1,1,2,0,2,35,"c(121.556008989716, 25.0249429815565)",臺北捷運六張犁站_BR07,346.83864788146300,3501.166087408030,4674.0135680049600,31
臺北市信義區嘉興街３０５巷３號,13000000,182944,0,0,63000,信義區,房地(土地+建物),25.0232670200166,121.554883970672,黎平里,21.75,住,NA,NA,1121005,土地1建物1車位0,四層,四層,公寓(5樓含以下無電梯),住家用,加強磚造,570916,71.06,3,2,1,有,無,NA,陽台外推；其他增建；,RPSNMLQKIIIGFDA57DA,47.18,0,23.88,無,NA,2023-10-05,308,26.52132606048270,25.00502345570430,28.84658088864840,33.44625028731560,31.213879870666000,63000020039,0.1505106311736150,0.5457893855683910,86.6,52761.19,49.45652172793100,35.258152165928900,1,0,0,0,0,0,1,0,0,0,37,62,0,15,1,1,4,0,2,41,"c(121.554883970672, 25.0232670200166)",臺北捷運六張犁站_BR07,211.06065691942800,3716.581215757930,4683.417963230450,55
臺北市信義區基隆路一段１０９之６號,12420000,283238,0,0,63000,信義區,房地(土地+建物),25.0452659954528,121.5671620339,敦厚里,4.82,商,NA,NA,1121005,土地1建物1車位0,九層,十層,華廈(10層含以下有電梯),住家用,鋼筋混凝土造,850307,43.85,0,0,0,無,有,NA,NA,RPTNMLQKJIIGFDA87EA,28.86,0,2.59,有,653,2023-10-05,310,26.402746012433900,24.93066387252340,28.734187039662000,36.70441800386850,28.789982719430800,63000020007,0.17820867959372100,0.592797783933518,84.79,43634.08,50.23069823124250,33.25130727983660,1,0,0,0,0,1,1,0,0,0,29,38,0,7,0,1,1,1,0,30,"c(121.5671620339, 25.0452659954528)",臺北捷運市政府站_BL18,533.7435877113290,1200.1638247098800,4156.290219874860,27
臺北市信義區基隆路一段１４１號,18104000,241935,0,0,63000,信義區,房地(土地+建物),25.0430690148115,121.565851020425,興雅里,4.81,商,NA,NA,1121005,土地1建物1車位0,八層,十三層,住宅大樓(11層含以上有電梯),住家用,鋼骨造,950126,74.83,1,1,1,有,有,NA,NA,RPQNMLOJKIIGFDA37EA,41.48,0,7.17,有,NA,2023-10-05,312,26.361746984255600,24.916362674710200,28.674783695964100,38.38412763387580,28.897829478301100,63000020006,0.1522326064382140,0.5578400830737280,87.77,21348.82,56.973995255031300,42.287234030057000,0,0,0,0,0,4,1,0,0,5,37,42,0,7,0,0,1,1,0,38,"c(121.565851020425, 25.0430690148115)",臺北捷運市政府站_BL18,257.15314509276,1423.2074911759200,4344.199426068690,17
臺北市信義區基隆路一段１４７巷３４號,30000000,218783,38.75,3000000,63000,信義區,房地(土地+建物)+車位,25.0422729854669,121.567032030582,興雅里,37.34,住,NA,NA,1121002,土地1建物1車位1,三層,六層,華廈(10層含以下有電梯),住家用,鋼筋混凝土造,821001,162.16,3,2,2,有,無,升降平面,NA,RPRNMLQKJIIGFDA67EA,128.09,3.01,10.54,有,NA,2023-10-02,313,26.358289415849300,25.408745194616600,27.60465138593660,0.9510039288283610,42.68808444589950,63000020006,0.1522326064382140,0.5578400830737280,87.77,21348.82,56.973995255031300,42.287234030057000,0,0,0,0,0,4,1,0,0,5,32,40,0,7,0,0,1,1,0,33,"c(121.567032030582, 25.0422729854669)",臺北捷運市政府站_BL18,267.865832169403,1367.2968828645100,4254.6235717089700,30
臺北市信義區基隆路一段３７８之２號,3000000,123609,0,0,63000,信義區,房地(土地+建物),25.0348425959399,121.560423821937,西村里,4.79,商,NA,NA,1121018,土地3建物1車位0,六層,十二層,住宅大樓(11層含以上有電梯),住家用,鋼筋混凝土造,720901,24.27,3,2,1,有,有,NA,親友、員工、共有人或其他特殊關係間之交易；,RPPNMLTLJIIGFDA87EA,16.37,0,2.32,有,NA,2023-10-18,315,26.684658184942100,24.2324081026982,29.57510056019300,0,62.04566215745090,63000020001,0.1890403775563710,0.6334556895647610,84.89,8281.06,65.21739127947470,45.4614797690841,0,0,0,0,0,0,0,0,0,1,55,50,0,11,0,3,1,1,0,56,"c(121.560423821937, 25.0348425959399)",臺北捷運台北101/世貿站_R03,400.5340839863390,2401.009355664720,4608.032618405450,40
臺北市信義區基隆路一段３８０巷３４號,19000000,296736,0,0,63000,信義區,房地(土地+建物),25.0345437810917,121.558255423586,中興里,12.85,商,NA,NA,1121028,土地3建物1車位0,五層,十二層,住宅大樓(11層含以上有電梯),住家用,鋼筋混凝土造,720901,64.03,2,2,1,有,有,NA,陽台外推；其他增建；,RPUNMLTLJIIGFDA28DA,42.12,0,4.26,有,NA,2023-10-28,316,21.33496935313510,19.532950261470000,23.185859002641400,6.738329333117780,38.99589268628250,63000020004,0.18917089678511,0.6131979695431470,75.47,39657.79,53.56311129317040,37.6339077607667,0,0,0,0,0,0,1,0,0,0,39,74,0,13,0,2,1,1,0,40,"c(121.558255423586, 25.0345437810917)",臺北捷運台北101/世貿站_R03,583.4320633970570,2589.585100600430,4411.200971261060,40
臺北市信義區基隆路一段３８０巷４２號,23500000,268909,0,0,63000,信義區,房地(土地+建物),25.0344571122129,121.557983179371,中興里,17.49,商,NA,NA,1121002,土地3建物1車位0,六層,十二層,住宅大樓(11層含以上有電梯),住家用,鋼筋混凝土造,720901,87.39,2,2,1,有,有,NA,陽台外推；,RPTNMLLMIIIGFDA37DA,55.72,0,7.23,有,463,2023-10-02,317,26.31396826015790,25.33184687517760,27.590987888133500,0.9525901086156520,44.282140332401700,63000020004,0.18917089678511,0.6131979695431470,75.47,39657.79,53.56311129317040,37.6339077607667,0,0,0,0,0,0,1,0,0,0,40,78,0,13,0,2,1,1,0,41,"c(121.557983179371, 25.0344571122129)",臺北捷運台北101/世貿站_R03,606.5647021657510,2617.020160101100,4388.4668256245900,40
臺北市信義區富陽街７２巷２５號,5500000,171714,0,0,63000,信義區,房地(土地+建物),25.0225639878877,121.555488976443,黎平里,10.52,住,NA,NA,1121118,土地1建物1車位0,二層，陽臺,四層,公寓(5樓含以下無電梯),住家用,鋼筋混凝土造,650225,32.03,3,2,2,有,無,NA,親友、員工、共有人或其他特殊關係間之交易；陽台外推；,RPQNMLKMJIIGFDA17EA,32.03,0,0,無,90,2023-11-18,321,15.733789174273500,12.36100978232280,19.14160875391880,0,61.67288691536950,63000020039,0.1505106311736150,0.5457893855683910,86.6,52761.19,49.45652172793100,35.258152165928900,1,0,0,0,0,0,1,0,0,0,37,57,0,14,1,1,4,0,2,41,"c(121.555488976443, 25.0225639878877)",臺北捷運六張犁站_BR07,295.04229630122000,3739.32459695787,4778.314155588600,47
臺北市信義區崇德街２０６巷３號,4500000,311850,0,0,63000,信義區,房地(土地+建物),25.0231640064265,121.558397999759,黎平里,4.9,住,NA,NA,1121025,土地2建物1車位0,一層,五層,公寓(5樓含以下無電梯),住家用,鋼筋混凝土造,751210,14.43,2,1,1,有,無,NA,親友、員工、共有人或其他特殊關係間之交易；,RPTNMLNKJIIGFDA47DA,11.44,1.27,0,無,565,2023-10-25,322,25.470333488223200,23.564899554461900,28.828955703504500,0,27.47464069800500,63000020039,0.1505106311736150,0.5457893855683910,86.6,52761.19,49.45652172793100,35.258152165928900,1,0,0,0,0,0,1,0,0,0,24,36,0,9,1,1,3,0,0,27,"c(121.558397999759, 25.0231640064265)",臺北捷運麟光站_BR06,532.5528013593890,3511.810630348590,4983.43047990975,37
臺北市信義區崇德街３１巷５弄５號,20000000,159502,0,0,63000,信義區,房地(土地+建物),25.0247559812967,121.554235965737,黎順里,30.22,商,NA,NA,1121107,土地2建物1車位0,二層,五層,公寓(5樓含以下無電梯),住家用,鋼筋混凝土造,760514,125.39,3,2,2,有,無,NA,親友、員工、共有人或其他特殊關係間之交易；,RPQPMLPJKIIGFDA57DA,97.62,0,10.74,無,NA,2023-11-07,323,22.474329115164100,21.288730462191300,23.645915810231400,0,54.781178148858900,63000020038,0.17311021350259700,0.5631852279284480,89.35,19724.4,50.53423029262590,37.15868617445240,2,0,0,0,0,0,1,0,0,1,38,63,0,15,1,1,2,0,2,40,"c(121.554235965737, 25.0247559812967)",臺北捷運六張犁站_BR07,181.6290575828020,3633.835614340920,4535.845286818370,36
臺北市信義區崇德街３１巷５弄８號,23000000,197561,0,0,63000,信義區,房地(土地+建物),25.0245619821477,121.554305032619,黎順里,27.47,商,NA,NA,1121029,土地2建物1車位0,二層,五層,公寓(5樓含以下無電梯),住家用,鋼筋混凝土造,760522,116.42,3,2,2,有,有,NA,車位使用權需定期抽籤,RPTNMLLJKIIGFDA27DA,89.62,0,10.37,無,NA,2023-10-29,324,22.350381653642500,21.689696671653400,23.720103995516400,0.2998266741393020,39.626183492483500,63000020038,0.17311021350259700,0.5631852279284480,89.35,19724.4,50.53423029262590,37.15868617445240,1,0,0,0,0,0,1,0,0,0,40,65,0,15,1,1,2,0,2,42,"c(121.554305032619, 25.0245619821477)",臺北捷運六張犁站_BR07,174.5571772278950,3645.2608726371100,4553.669734585080,36
臺北市信義區崇德街８８號,20000000,260383,0,0,63000,信義區,房地(土地+建物),25.0215332543672,121.561002732035,黎安里,13.98,住,NA,NA,1121024,土地1建物1車位0,六層,七層,華廈(10層含以下有電梯),住家用,鋼筋混凝土造,770924,76.81,2,1,1,有,無,NA,NA,RPPNMLQJJIIGFDA27DA,50.05,0.42,6.5,有,NA,2023-10-24,325,25.92319029794580,23.14185793657260,30.663247660449100,0,33.83640244060920,63000020041,0.05796217205613180,0.32397803538743100,81.58,2491.87,55.61403503893510,43.771929786165000,1,0,0,0,0,0,1,0,0,0,16,9,0,2,0,0,2,0,0,18,"c(121.561002732035, 25.0215332543672)",臺北捷運麟光站_BR06,426.4553422883590,3524.796443053110,5302.291814761610,35
臺北市信義區忠孝東路五段２５０號,33880000,284515,0,0,63000,信義區,房地(土地+建物),25.0407862034816,121.572782602894,廣居里,16.2,商,NA,NA,1121104,土地1建物1車位0,十二層,十二層,住宅大樓(11層含以上有電梯),住家用,鋼筋混凝土造,701102,119.08,2,1,1,有,有,NA,陽台外推；其他增建；,RPTNMLOLJIIGFDA67DA,84.57,0,15.83,有,NA,2023-11-04,327,27.07035441667270,23.436812135101200,31.40558769553330,0,33.458440900179800,63000020008,0.179073810652758,0.6096096096096100,88.15,43996.3,58.83236744820080,35.80167417132400,0,0,0,0,0,2,1,0,0,2,36,63,0,16,0,1,4,0,0,40,"c(121.572782602894, 25.0407862034816)",臺北捷運永春站_BL19,376.7464525668690,1083.4679451558000,3762.862521089270,42
臺北市信義區忠孝東路五段３１巷１８弄２９號,26880000,236412,0,0,63000,信義區,房地(土地+建物),25.0417129905157,121.566655012577,興雅里,37.65,住,NA,NA,1121005,土地1建物1車位0,四層,五層,公寓(5樓含以下無電梯),住家用,鋼筋混凝土造,710608,113.7,4,2,1,有,無,NA,其他增建；,RPXNMLTLJIIGFDA58DA,88.2,0,14.92,無,NA,2023-10-05,328,26.34204455237960,24.909918751936700,28.644434224027300,39.24296343302140,28.903859976629600,63000020006,0.1522326064382140,0.5578400830737280,87.77,21348.82,56.973995255031300,42.287234030057000,0,0,0,0,0,4,1,0,0,5,34,38,0,7,0,0,1,1,0,35,"c(121.566655012577, 25.0417129905157)",臺北捷運市政府站_BL18,204.46532900475300,1433.9382667393900,4309.51121201977,41
臺北市信義區忠孝東路五段３７２巷２７弄３６號,28180000,273036,0,0,63000,信義區,房地(土地+建物),25.0394049915669,121.574771041784,廣居里,20.45,住,NA,NA,1121014,土地1建物1車位0,二層,七層,華廈(10層含以下有電梯),住家用,鋼筋混凝土造,710608,103.21,3,2,2,有,無,NA,陽台外推；其他增建；,RPWOMLSKIIIGFDA28DA,75.03,1.71,6.27,有,245,2023-10-14,330,23.67456617361910,22.69006969074840,26.271804789260000,0,41.22913751342320,63000020008,0.179073810652758,0.6096096096096100,88.15,43996.3,58.83236744820080,35.80167417132400,0,0,0,0,0,0,1,0,0,1,41,88,0,18,0,1,4,0,0,45,"c(121.574771041784, 25.0394049915669)",臺北捷運永春站_BL19,247.44493239258800,1141.091492201790,3641.0805504837800,41
臺北市信義區忠孝東路五段４２３巷４弄５號,26050000,214104,0,0,63000,信義區,房地(土地+建物),25.0414699991427,121.575602023665,富台里,29.98,住,NA,NA,1121010,土地1建物1車位0,四層,五層,公寓(5樓含以下無電梯),住家用,鋼筋混凝土造,780428,121.67,3,2,2,有,有,NA,陽台外推；其他增建；,RPOOMLTJJIIGFDA57DA,85.23,0,9.93,無,563,2023-10-10,332,23.538049128108500,22.30806551508150,25.411095077439000,2.8825794772758400,33.99978347659190,63000020019,0.160828811050814,0.5789343857918110,83.41,41004.26,45.31597331047450,28.73928230271860,0,0,0,0,0,0,1,0,0,1,58,109,0,22,1,1,4,0,0,62,"c(121.575602023665, 25.0414699991427)",臺北捷運永春站_BL19,106.49412424357100,897.7132130657110,3470.971349177580,34
臺北市信義區忠孝東路五段４２３巷５弄２８號,11020000,281481,0,0,63000,信義區,房地(土地+建物),25.0418900163108,121.574411961052,富台里,10.9,住,NA,NA,1121009,土地1建物1車位0,二層,五層,華廈(10層含以下有電梯),住家用,鋼筋混凝土造,881005,39.15,1,1,1,有,有,NA,其他增建；,RPWOMLLMIIIGFDA77DA,25.01,0.88,2.51,有,NA,2023-10-09,333,24.26293821819590,23.291584298989200,25.26847134427900,9.309039397630650,33.769238134251300,63000020019,0.160828811050814,0.5789343857918110,83.41,41004.26,45.31597331047450,28.73928230271860,0,0,0,0,0,0,1,0,0,1,50,105,0,21,1,1,4,0,0,54,"c(121.574411961052, 25.0418900163108)",臺北捷運永春站_BL19,234.4857108921460,898.1264006657460,3564.874292028840,24
臺北市信義區忠孝東路五段４２３巷５弄３０號,25500000,154246,0,2000000,63000,信義區,房地(土地+建物)+車位,25.0418890104824,121.574288998532,富台里,35.68,住,NA,NA,1121024,土地1建物1車位2,一層,五層,華廈(10層含以下有電梯),住家用,鋼筋混凝土造,811016,165.31,1,2,1,有,無,升降機械,與申報書序號A3AD11211210004 A3AD11211210005併同出售，但有分別拆價,RPRNMLLLJIIGFDA27EA,106.18,10.24,0,有,NA,2023-10-24,334,26.11528613545140,23.703835630137900,30.867346639901600,0,28.19019317403300,63000020019,0.160828811050814,0.5789343857918110,83.41,41004.26,45.31597331047450,28.73928230271860,0,0,0,0,0,0,1,0,0,1,48,103,0,21,1,1,4,0,0,52,"c(121.574288998532, 25.0418890104824)",臺北捷運永春站_BL19,245.70110041502500,903.63228108374,3576.4783205795200,31
臺北市信義區忠孝東路五段５０７號,31660000,307319,0,0,63000,信義區,房地(土地+建物),25.0415549916409,121.578691006442,永春里,38.25,商,NA,NA,1121019,土地2建物1車位0,四層,四層,公寓(5樓含以下無電梯),住家用,鋼筋混凝土造,600719,103.02,3,2,1,有,無,NA,NA,RPWNMLQLIIIGFDA08DA,90.42,0,12.6,無,NA,2023-10-19,337,27.769321158173500,24.163750866431200,31.480874554391100,0,44.316727434251300,63000020018,0.1293144208037830,0.5035460992907800,94.04,33176.64,50.99806823857110,36.18802316928910,0,0,0,0,0,0,1,0,0,0,58,113,0,30,0,1,5,0,0,63,"c(121.578691006442, 25.0415549916409)",臺北捷運永春站_BL19,229.1170169532890,849.1460487820400,3181.7969950912200,52
臺北市信義區忠孝東路五段５２４巷５弄１７號,15000000,192382,0,0,63000,信義區,房地(土地+建物),25.0407760194693,121.58043896853,松光里,39.75,住,NA,NA,1121008,土地2建物1車位0,一層,四層,公寓(5樓含以下無電梯),住家用,鋼筋混凝土造,610801,77.97,3,2,2,有,無,NA,親友、員工、共有人或其他特殊關係間之交易；,RPOOMLOLJIIGFDA27DA,77.97,0,0,無,NA,2023-10-08,338,24.956983808285300,24.236285808524200,26.14335138953550,18.722749630432700,33.202544690587400,63000020023,0.1357327687602920,0.5067043048694430,90.76,42281.99,53.6536536357512,41.8418418278806,0,0,0,0,0,0,1,0,0,0,54,100,0,22,1,1,3,1,0,57,"c(121.58043896853, 25.0407760194693)",臺北捷運永春站_BL19,397.1186452021580,960.2004729327940,3061.5006661483200,51
臺北市信義區忠孝東路五段７４３巷２１弄２１號,33200000,334860,41.38,2500000,63000,信義區,房地(土地+建物)+車位,25.0437655090558,121.580254399022,永春里,19.77,住,NA,NA,1121004,土地1建物1車位1,八層,十一層,住宅大樓(11層含以上有電梯),住家用,鋼筋混凝土造,1040821,133.06,2,2,1,有,有,坡道平面,NA,RPRNMLQJJIIGFDA57EA,48.91,6,4.17,有,436,2023-10-04,339,26.310750999360900,25.29028156809660,26.982925345696300,46.253475467273100,35.462156982764200,63000020018,0.1293144208037830,0.5035460992907800,94.04,33176.64,50.99806823857110,36.18802316928910,0,0,0,0,0,0,0,0,0,0,60,79,0,23,1,2,4,4,0,64,"c(121.580254399022, 25.0437655090558)",臺北捷運後山埤站_BL20,318.7096072838110,636.4070877488540,2940.197478996590,8
臺北市信義區忠孝東路五段７４３巷２１弄３號,27580000,331730,0,0,63000,信義區,房地(土地+建物),25.0437310175243,121.580756977937,永春里,30.75,住,NA,NA,1121015,土地1建物1車位0,一層，平台,四層,公寓(5樓含以下無電梯),住家用,鋼筋混凝土造,650315,83.14,2,2,2,有,無,NA,其他增建；,RPVOMLNKJIIGFDA77DA,83.14,0,0,無,642,2023-10-15,340,24.235061016016400,22.721090997555600,27.133911801218100,0,76.51239349889180,63000020018,0.1293144208037830,0.5035460992907800,94.04,33176.64,50.99806823857110,36.18802316928910,0,0,0,0,0,0,0,0,0,0,52,69,0,19,0,1,4,3,0,56,"c(121.580756977937, 25.0437310175243)",臺北捷運後山埤站_BL20,278.79593877635100,657.8944648814990,2894.573170118450,47
臺北市信義區忠孝東路四段５５３巷１８號,25000000,289620,0,0,63000,信義區,房地(土地+建物),25.0429970142632,121.562892962975,新仁里,15.85,住,NA,NA,1121002,土地1建物1車位0,五層,七層,華廈(10層含以下有電梯),住家用,鋼筋混凝土造,670203,86.32,3,2,2,有,無,NA,陽台外推；,RPTNMLLMIIIGFDA47EA,64.89,0,11.05,有,NA,2023-10-02,342,26.358542665598300,25.421725185502200,27.60500453004930,0.9164939442904050,43.13870387627030,63000020005,0.1897731364782140,0.6420597767374870,85.49,5292.33,58.61195539077410,40.678824700770600,0,0,0,0,0,0,1,0,0,2,27,23,0,2,0,1,0,0,0,27,"c(121.562892962975, 25.0429970142632)",臺北捷運市政府站_BL18,298.0505538044630,1694.644901336220,4634.473252181500,45
臺北市信義區松仁路１７８號,21000000,247059,0,0,63000,信義區,房地(土地+建物),25.0279540126342,121.568217986062,三張里,28,住,NA,NA,1121004,土地1建物1車位0,四層，陽臺,四層,公寓(5樓含以下無電梯),住家用,鋼筋混凝土造,640626,85,3,2,1,有,無,NA,親友、員工、共有人或其他特殊關係間之交易；頂樓加蓋；,RPSNMLOJIIIGFDA27DA,85,0,0,無,NA,2023-10-04,344,26.21518695241290,25.22338110164820,26.976177930375000,49.331776313233600,37.996301040607000,63000020030,0.15574207300826000,0.5531574740207830,90.21,28252.09,53.07324253715990,38.13029075485270,0,0,0,0,0,2,0,0,0,0,29,36,0,14,1,1,2,3,0,31,"c(121.568217986062, 25.0279540126342)",臺北捷運象山站_R02,537.727837718514,2562.4834782164000,4861.229354790680,48
臺北市信義區松仁路２３４巷２號,27888168,249002,0,0,63000,信義區,房地(土地+建物),25.0251870206674,121.568959030122,六合里,40.27,住,NA,NA,1121018,土地1建物1車位0,二層,四層,公寓(5樓含以下無電梯),住家用,鋼筋混凝土造,860906,112,3,2,2,有,無,NA,NA,RPUOMLLLJIIGFDA57DA,87.69,1.23,10.78,無,NA,2023-10-18,345,26.676475720425000,24.275544210152700,29.616797539006200,0,62.90620389320270,63000020032,0.16367333107421200,0.5625211792612670,89.9,5024.18,51.51089246860840,38.25251814517390,0,0,0,0,0,0,0,0,0,0,25,28,0,9,0,1,3,5,0,28,"c(121.568959030122, 25.0251870206674)",臺北捷運象山站_R02,827.3861437421420,2820.967023308390,4988.061595074220,26
臺北市信義區松仁路３０８巷９５號,43880000,304110,0,0,63000,信義區,房地(土地+建物)+車位,25.0203362037522,121.570826099054,泰和里,14.54,住,NA,NA,1121104,土地1建物2車位1,一層,九層,華廈(10層含以下有電梯),住家用,鋼筋混凝土造,1030418,144.29,1,1,1,有,有,塔式車位,NA,RPRNMLPLJIIGFDA57DA,39.48,4.96,0,有,NA,2023-11-04,346,26.415342399402900,22.049256103658300,31.120220762224000,0,35.547841427507100,63000020033,0.11448214018831300,0.4806456434015840,87.25,10387.93,43.52159467588010,30.76021105515730,0,0,0,0,0,0,0,0,0,0,12,7,0,5,0,0,1,2,0,13,"c(121.570826099054, 25.0203362037522)",臺北捷運麟光站_BR06,1252.2299616198900,3284.6101389287600,5208.216059398320,9
臺北市信義區松信路１５１號,29000000,204225,0,0,63000,信義區,房地(土地+建物),25.0432869862035,121.572151026489,六藝里,24.94,住,NA,NA,1121019,土地1建物1車位0,四層,七層,華廈(10層含以下有電梯),住家用,鋼筋混凝土造,690112,142,4,2,1,有,無,NA,NA,RPQNMLLJKIIGFDA07EA,103.17,0,23.71,有,NA,2023-10-19,347,27.731722523432800,24.175783810934700,31.362219699720600,0,44.49106277392560,63000020010,0.12306721363206100,0.4878510571158090,93.51,61354.93,50.912106114878900,31.38474293889520,0,0,0,0,0,3,0,0,0,1,36,64,0,14,1,1,3,1,0,39,"c(121.572151026489, 25.0432869862035)",臺北捷運永春站_BL19,508.7038013812850,898.8574667275120,3728.16292882046,43
臺北市信義區松勤街９號,19900000,404143,0,0,63000,信義區,房地(土地+建物),25.0321719958597,121.561022038367,景新里,6.13,都市：其他:特定業務區(信義計畫特定專用區)。,NA,NA,1121027,土地1建物1車位0,十八層,十九層,住宅大樓(11層含以上有電梯),住家用,鋼骨造,961225,49.24,1,1,1,有,有,NA,陽台外推；,RPQPMLQJJIIGFDA57DA,28.85,0.53,3.57,有,NA,2023-10-27,351,23.32683064054260,21.746720774685400,25.06931099435840,0,37.920959664631000,63000020028,0.16723394599500800,0.6019968232357610,82.37,22992.99,57.35154015327040,39.94919020643090,0,0,0,0,0,0,0,0,0,1,36,33,0,10,0,2,1,2,0,37,"c(121.561022038367, 25.0321719958597)",臺北捷運台北101/世貿站_R03,282.24704884021800,2565.2572323333000,4763.967002479790,16
臺北市信義區松山路２２５巷１７之１號,26000000,217810,0,0,63000,信義區,房地(土地+建物),25.0448820204683,121.578366040056,永春里,45,住,NA,NA,1121015,土地3建物1車位0,全,三層,透天厝,住家用,鋼筋混凝土造,610510,119.37,6,2,3,有,無,NA,頂樓加蓋；其他增建；,RPOOMLKMIIIGFDA86DA,119.37,0,0,無,NA,2023-10-15,353,24.23314701114690,22.721047734983400,27.13267183145120,0,76.51995530980730,63000020018,0.1293144208037830,0.5035460992907800,94.04,33176.64,50.99806823857110,36.18802316928910,0,0,0,0,0,0,0,0,0,1,61,79,0,19,1,2,4,4,0,65,"c(121.578366040056, 25.0448820204683)",臺北捷運後山埤站_BL20,465.3530735543530,479.5689159921870,3077.1217761109900,51
臺北市信義區松山路２５４號,18680000,213266,0,0,63000,信義區,房地(土地+建物),25.044132804053,121.577357697104,四維里,13.43,住,NA,NA,1121011,土地2建物1車位0,十四層,十五層,住宅大樓(11層含以上有電梯),住家用,鋼筋混凝土造,730608,87.59,2,2,1,有,有,NA,陽台外推；其他增建；,RPTNMLOLIIIGFDA57DA,57.3,0,6.67,有,NA,2023-10-11,354,23.73893167022900,22.03952133068920,26.269047641497200,0.3518769293504890,39.124088404176900,63000020017,0.14012164902005000,0.5402117594052710,85.81,85150.44,53.79987332051940,40.563647865559300,0,0,0,0,0,0,1,0,0,0,56,92,0,19,1,1,4,4,0,60,"c(121.577357697104, 25.044132804053)",臺北捷運永春站_BL19,359.55165635394200,569.3921318182920,3200.0803605096700,39
臺北市信義區松山路４６５巷２弄１號,17000000,261137,0,0,63000,信義區,房地(土地+建物),25.0393039896336,121.578535019224,松光里,30,住,NA,NA,1121015,土地2建物1車位0,三層，陽臺,四層,公寓(5樓含以下無電梯),住家用,鋼筋混凝土造,610522,65.1,2,2,1,有,無,NA,陽台外推；,RPXNMLSJJIIGFDA28DA,65.1,0,0,無,NA,2023-10-15,355,24.089997711657900,22.55623740365250,27.02742056910590,0,76.49569962171300,63000020023,0.1357327687602920,0.5067043048694430,90.76,42281.99,53.6536536357512,41.8418418278806,0,0,0,0,0,0,1,0,0,0,54,92,0,22,1,1,5,0,0,59,"c(121.578535019224, 25.0393039896336)",臺北捷運永春站_BL19,276.08370419442600,1097.666283533030,3307.7670798811400,51
臺北市信義區松山路５１５巷１號,12500000,175908,0,0,63000,信義區,房地(土地+建物),25.03869399663,121.578525966768,松光里,26,住,NA,NA,1121024,土地2建物1車位0,二層,四層,公寓(5樓含以下無電梯),住家用,鋼筋混凝土造,611012,71.06,3,2,1,有,無,NA,親友、員工、共有人或其他特殊關係間之交易；,RPPNMLQKJIIGFDA37DA,71.06,0,0,無,NA,2023-10-24,356,26.04036819814780,23.52442042530020,30.80796015835530,0,28.33575898645290,63000020023,0.1357327687602920,0.5067043048694430,90.76,42281.99,53.6536536357512,41.8418418278806,0,0,0,0,0,0,1,0,0,0,54,87,0,20,1,1,4,1,0,58,"c(121.578525966768, 25.03869399663)",臺北捷運永春站_BL19,324.8111799777180,1165.1870156790700,3341.385175117250,51
臺北市信義區松山路５８２號,19980000,223066,0,0,63000,信義區,房地(土地+建物),25.0342124027644,121.581260804037,松隆里,33,住,NA,NA,1121021,土地1建物1車位0,三層,四層,公寓(5樓含以下無電梯),住家用,加強磚造,580926,89.57,2,2,2,有,無,NA,陽台外推；其他增建；,RPPOMLMLJIIGFDA17DA,81.86,0,7.71,無,NA,2023-10-21,358,20.960459026988600,19.944701431839600,22.205630365506100,0.8959158676765960,34.22852690896230,63000020021,0.09351753453772580,0.4261424017003190,95.01,2721.12,44.72934469748620,34.04558402133510,0,0,0,0,0,0,0,0,0,0,11,15,0,4,1,0,1,1,0,12,"c(121.581260804037, 25.0342124027644)",臺北捷運永春站_BL19,889.8215181742850,1688.9785662369200,3394.114592257380,54
臺北市信義區松山路６５６巷１９號,13400000,139221,0,0,63000,信義區,房地(土地+建物),25.0311499904055,121.577950968211,松隆里,42.69,都市：其他:第二種住宅區。,NA,NA,1121023,土地3建物1車位0,四層,四層,公寓(5樓含以下無電梯),住家用,鋼筋混凝土造,651209,96.25,1,2,1,有,無,NA,陽台外推；頂樓加蓋；,RPXOMLRKJIIGFDA38DA,51.45,0,6.9,無,667,2023-10-23,359,25.262493874659700,23.53052457489540,28.14997425333580,0,27.218597109830700,63000020021,0.09351753453772580,0.4261424017003190,95.01,2721.12,44.72934469748620,34.04558402133510,1,0,0,0,0,0,0,0,0,0,9,5,0,0,0,1,0,1,2,9,"c(121.577950968211, 25.0311499904055)",臺北捷運象山站_R02,853.6496265075760,2000.669012908970,3867.699080245180,47
臺北市信義區松德路２５巷１４號,27500000,230241,0,0,63000,信義區,房地(土地+建物),25.0386999896908,121.576972967748,國業里,13.47,住,NA,NA,1121103,土地2建物1車位0,六層,十四層,住宅大樓(11層含以上有電梯),住家用,鋼筋混凝土造,740620,119.44,3,2,2,有,有,NA,停車位無編號，每年抽籤,RPRNMLKMJIIGFDA27EA,89.48,0,9.92,有,NA,2023-11-03,361,25.70019115896000,22.25292526217120,30.081551674012200,0,46.563372392907600,63000020020,0.1727505603586300,0.5930195325008010,90.61,82035.09,56.91523262015820,32.695984696686600,0,0,0,0,0,0,1,0,0,0,52,91,0,19,0,1,5,0,0,57,"c(121.576972967748, 25.0386999896908)",臺北捷運永春站_BL19,256.8337642499310,1171.165392344570,3478.2425898835800,38
臺北市信義區松德路２８９號,21500000,218119,0,0,63000,信義區,房地(土地+建物),25.0322209880837,121.574740028742,松友里,29.2,住,NA,NA,1121022,土地1建物1車位0,三層,五層,公寓(5樓含以下無電梯),住家用,鋼筋混凝土造,671129,98.57,3,2,1,有,無,NA,NA,RPQNMLKLJIIGFDA96DA,83.07,0,15.5,無,NA,2023-10-22,362,22.85754243180330,21.156139264127300,24.2157579960394,0,29.60870099457710,63000020022,0.13949759486905400,0.5392838054516300,89.92,30490.19,56.707171775862,33.738384552361600,1,0,0,0,0,0,0,0,0,0,15,10,0,0,0,1,0,0,2,15,"c(121.574740028742, 25.0322209880837)",臺北捷運象山站_R02,515.7089150597960,1914.681323202080,4050.910463213930,45
臺北市信義區松隆路２８２號,16800000,333201,0,0,63000,信義區,房地(土地+建物),25.0482499948927,121.575430027012,四育里,8.38,住,NA,NA,1121019,土地1建物1車位0,一層,七層,華廈(10層含以下有電梯),住家用,鋼筋混凝土造,780624,50.42,1,1,1,有,有,NA,NA,RPOOMLMKIIIGFDA96EA,37.26,5.05,0,有,NA,2023-10-19,363,27.814883559611600,24.148962398335,31.633348371067800,0,43.92149308113750,63000020016,0.11313946083634000,0.47824241137762700,93.71,31205.26,51.91853599412090,39.04958676533370,0,0,0,0,0,0,0,0,0,2,46,42,0,13,2,1,1,6,0,47,"c(121.575430027012, 25.0482499948927)",臺北捷運松山站_G19,352.6125254920600,302.82362170053300,3272.393430419020,34
臺北市信義區松隆路３２９巷６號,26380000,238022,0,0,63000,信義區,房地(土地+建物),25.0484820059726,121.579303975021,永吉里,29.5,商,NA,NA,1121017,土地2建物1車位0,五層,五層,公寓(5樓含以下無電梯),住家用,鋼筋混凝土造,731026,110.83,4,2,2,有,無,NA,頂樓加蓋；,RPSNMLRKJIIGFDA77DA,89.67,0,11.13,無,NA,2023-10-17,364,24.653563295468300,22.955807996505200,26.848793258295100,0,76.49508196849310,63000020014,0.07499244027819780,0.39673420018143300,99.35,30611.57,44.61901019457230,29.89002355463860,0,0,0,0,0,0,0,0,0,2,44,38,0,13,2,0,1,6,0,45,"c(121.579303975021, 25.0484820059726)",臺北捷運松山站_G19,267.5893814318380,134.27180425855600,2883.623424266790,39
臺北市信義區林口街１０巷１７號,18800000,277901,0,0,63000,信義區,房地(土地+建物),25.0372409937145,121.579979975512,大仁里,36.5,住,NA,NA,1121011,土地2建物1車位0,一層,四層,公寓(5樓含以下無電梯),住家用,鋼筋混凝土造,591007,67.65,3,2,1,有,無,NA,陽台外推；未登記建物；,RPVOMLLMIIIGFDA67DA,67.65,0,0,無,NA,2023-10-11,365,23.591338092820700,21.964113112625600,26.119562120314200,0.4173503333948410,39.378693633941700,63000020027,0.09072230124861700,0.4246878457404770,98.43,52443.2,49.95687795386870,36.416558853726500,0,0,0,0,0,0,1,0,0,0,42,68,0,13,1,0,4,2,0,46,"c(121.579979975512, 25.0372409937145)",臺北捷運永春站_BL19,542.347378554125,1337.3504728366500,3300.011080890360,53
臺北市信義區林口街２９號,35000000,517369,0,0,63000,信義區,房地(土地+建物),25.0374479848135,121.579133990025,松光里,23.75,住,NA,NA,1121027,土地1建物1車位0,一層,四層,公寓(5樓含以下無電梯),住家用,加強磚造,591007,67.65,0,0,0,無,無,NA,NA,RPPNMLMLJIIGFDA07DA,67.65,0,0,無,NA,2023-10-27,366,23.322261473622200,21.76928125110570,25.02158148312440,0,37.8771741341646,63000020023,0.1357327687602920,0.5067043048694430,90.76,42281.99,53.6536536357512,41.8418418278806,0,0,0,0,0,0,1,0,0,0,45,75,0,16,1,1,4,1,0,49,"c(121.579133990025, 25.0374479848135)",臺北捷運永春站_BL19,472.4148746918070,1305.966199189110,3359.47848565139,53
臺北市信義區林口街５２巷３２號,16500000,187927,0,0,63000,信義區,房地(土地+建物),25.0386289949709,121.580568971848,大仁里,35.5,住,NA,NA,1121002,土地1建物1車位0,三層，陽臺,四層,公寓(5樓含以下無電梯),住家用,鋼筋混凝土造,620713,87.8,3,1,1,有,無,NA,NA,RPOOMLRJJIIGFDA37DA,87.8,0,0,無,NA,2023-10-02,367,26.189745475858000,25.06234162618780,27.56609781936020,1.1455041286498000,42.303343088858100,63000020027,0.09072230124861700,0.4246878457404770,98.43,52443.2,49.95687795386870,36.416558853726500,0,0,0,0,0,0,1,0,0,0,39,78,0,17,1,1,3,2,0,42,"c(121.580568971848, 25.0386289949709)",臺北捷運永春站_BL19,485.37113721318900,1195.3597554480600,3167.455292744130,50
臺北市信義區永吉路１２０巷２０號,9615000,320770,0,1700000,63000,信義區,房地(土地+建物),25.0447469880081,121.570189996422,敦厚里,10.57,住,NA,NA,1121002,土地2建物1車位0,十層,十層,華廈(10層含以下有電梯),住家用,鋼筋混凝土造,951201,49.35,1,1,1,有,有,NA,NA,RPWNMLNKRHIGFDA58EA,27.85,1.19,3.48,有,189,2023-10-02,368,26.35786182156600,25.41041740897320,27.614164274488700,0.8913315430495970,42.27816105675960,63000020007,0.17820867959372100,0.592797783933518,84.79,43634.08,50.23069823124250,33.25130727983660,1,0,0,0,0,3,1,0,0,0,28,43,0,8,0,1,1,1,0,29,"c(121.570189996422, 25.0447469880081)",臺北捷運市政府站_BL18,686.7451851345890,950.897912475588,3873.057299393720,17
臺北市信義區永吉路１３０號,28500000,221586,30.31,2200000,63000,信義區,房地(土地+建物)+車位,25.0454640179153,121.57056500277,六藝里,15.98,商,NA,NA,1121014,土地1建物1車位1,九層,十層,華廈(10層含以下有電梯),住家用,鋼筋混凝土造,730908,149,4,2,2,有,有,升降平面,其他增建；,RPTOMLPKJIIGFDA77DA,140.87,0,3.19,有,NA,2023-10-14,369,23.727488042787400,22.77978472791240,26.26301389374940,0,41.140532591979200,63000020010,0.12306721363206100,0.4878510571158090,93.51,61354.93,50.912106114878900,31.38474293889520,1,0,0,0,0,1,0,0,0,0,25,32,0,6,0,1,1,3,0,26,"c(121.57056500277, 25.0454640179153)",臺北捷運市政府站_BL18,766.3240716006010,878.6021078504320,3816.9738394087000,39
臺北市信義區永吉路１８０巷６０弄２５號,18000000,269623,0,0,63000,信義區,房地(土地+建物),25.0437730108592,121.570914025219,六藝里,35,住,NA,NA,1121026,土地1建物1車位0,全,二層,透天厝,住家用,加強磚造,520601,66.76,1,2,2,有,無,NA,頂樓加蓋；,RPSNMLSJJIIGFDA77DA,66.76,0,0,無,NA,2023-10-26,370,25.823853166075500,23.24936365129850,30.127761792831100,0,31.96482491235020,63000020010,0.12306721363206100,0.4878510571158090,93.51,61354.93,50.912106114878900,31.38474293889520,1,0,0,0,0,3,1,0,0,0,29,53,0,11,0,1,2,1,0,31,"c(121.570914025219, 25.0437730108592)",臺北捷運永春站_BL19,643.8821423212830,953.5014452285320,3831.5885636953500,60
臺北市信義區永吉路２２５巷３之２號,21960000,188887,0,0,63000,信義區,房地(土地+建物),25.0455239904325,121.567453975588,敦厚里,29.6,住,NA,NA,1121009,土地1建物1車位0,四層,五層,公寓(5樓含以下無電梯),住家用,鋼筋混凝土造,741118,116.26,3,2,2,有,無,NA,其他增建；,RPWNMLMLJIIGFDA77DA,93.84,1.9,9.63,無,NA,2023-10-09,375,24.279884776800000,23.304935553165900,25.289892852468400,9.109266430870510,33.79935494179440,63000020007,0.17820867959372100,0.592797783933518,84.79,43634.08,50.23069823124250,33.25130727983660,1,0,0,0,0,1,1,0,0,0,30,41,0,7,0,1,2,1,0,32,"c(121.567453975588, 25.0455239904325)",臺北捷運市政府站_BL18,572.6032143923710,1162.4315265464200,4121.2865587761,38
臺北市信義區永吉路２２５巷７弄７號,32850000,292855,35.42,1650000,63000,信義區,房地(土地+建物)+車位,25.0467379833789,121.574438028771,五常里,14.94,住,NA,NA,1121023,土地1建物1車位1,七層,十二層,住宅大樓(11層含以上有電梯),住家用,鋼筋混凝土造,1111111,123.51,2,2,2,有,有,坡道平面,NA,RPPOMLNKJIIGFDA17DA,53.23,1.28,5.5,有,NA,2023-10-23,376,25.283803423512600,23.53520767774650,28.282960974363300,0,26.866654087541500,63000020012,0.1262258778867450,0.4916165770325850,90.41,42617.16,52.01211594460750,36.78061443670250,1,0,0,0,0,0,0,0,0,1,47,51,0,13,2,2,3,4,0,50,"c(121.574438028771, 25.0467379833789)",臺北捷運松山站_G19,544.1683293310210,471.333872242681,3404.219216964900,1
臺北市信義區永吉路４４３巷１１弄７號,6500000,120953,0,0,63000,信義區,房地(土地+建物),25.0467101973699,121.578757307296,永吉里,13.88,住,NA,NA,1121027,土地1建物1車位0,五層,五層,公寓(5樓含以下無電梯),住家用,鋼筋混凝土造,730403,53.75,2,2,1,有,無,NA,NA,RPWOMLMKIIIGFDA77EA,40.35,0,4.65,無,NA,2023-10-27,377,23.44966985645500,21.91476766870970,25.16265520803910,0,38.06650446389010,63000020014,0.07499244027819780,0.39673420018143300,99.35,30611.57,44.61901019457230,29.89002355463860,0,0,0,0,0,0,0,0,0,2,58,56,0,17,2,1,2,6,0,60,"c(121.578757307296, 25.0467101973699)",臺北捷運松山站_G19,431.1839810250710,281.77544238084500,2981.6727870204800,39
臺北市信義區永吉路４４３巷６４號,8100000,133906,0,0,63000,信義區,房地(土地+建物),25.0473680091311,121.578242993717,永吉里,21.34,商,NA,NA,1121024,土地3建物1車位0,二層，陽臺,四層,公寓(5樓含以下無電梯),住家用,鋼筋混凝土造,640626,60.49,3,2,1,有,無,NA,凶宅.兄弟姐妹間交易親友、員工、共有人或其他特殊關係間之交易；受民情風俗因素影響；瑕疵物件；包含公共設施保留地用地；,RPRNMLNKJIIGFDA27DA,60.49,0,0,無,NA,2023-10-24,378,26.15938316741270,23.69420241694970,30.767527204909100,0,27.78533762511610,63000020014,0.07499244027819780,0.39673420018143300,99.35,30611.57,44.61901019457230,29.89002355463860,0,0,0,0,0,0,0,0,0,2,56,54,0,17,2,1,1,6,0,57,"c(121.578242993717, 25.0473680091311)",臺北捷運松山站_G19,351.0509923673920,204.03457979844900,3014.425010988550,48
臺北市信義區永吉路４６８巷３６弄１１號,2000000,35461,0,0,63000,信義區,建物,25.0445539946875,121.578731993948,永春里,0,NA,NA,NA,1121011,土地0建物1車位0,全,三層,透天厝,住家用,鋼筋混凝土造,680923,56.4,1,2,1,有,無,NA,頂樓加蓋；,RPROMLTKIIIGFDA87DA,56.4,0,0,無,NA,2023-10-11,379,23.75337873526740,22.041757608528100,26.281442673557000,0.3374326404247490,39.10724184019390,63000020018,0.1293144208037830,0.5035460992907800,94.04,33176.64,50.99806823857110,36.18802316928910,0,0,0,0,0,0,0,0,0,0,66,83,0,21,1,2,4,4,0,70,"c(121.578731993948, 25.0445539946875)",臺北捷運後山埤站_BL20,433.54721350950800,518.1186631814680,3053.7710190683500,44
臺北市信義區福德街２５０號,25000000,229022,0,0,63000,信義區,房地(土地+建物),25.0387579924607,121.585328970843,中行里,24.95,住,NA,NA,1121016,土地1建物1車位0,七層,七層,華廈(10層含以下有電梯),住家用,鋼筋混凝土造,771012,109.16,3,3,3,有,有,NA,含頂樓增建一併移轉義務人共二人頂樓加蓋；,RPOOMLQKIIIGFDA27DA,92.4,1.41,9.24,有,319,2023-10-16,381,24.41095060639420,22.81738626104530,27.112743878430700,0,75.10262365129100,63000020025,0.109093637454982,0.4800420168067230,94.7,12304.21,47.67907161911180,33.333333326664,0,0,0,0,0,0,0,0,0,0,20,18,0,8,1,1,2,4,0,22,"c(121.585328970843, 25.0387579924607)",臺北捷運後山埤站_BL20,757.7938248409300,1360.908304805700,2760.852889091610,35
臺北市信義區福德街２６８巷２６弄２號,31300000,270317,0,0,63000,信義區,房地(土地+建物),25.039683983214,121.586073032388,中行里,41.12,住,NA,NA,1121013,土地1建物1車位0,一層,四層,公寓(5樓含以下無電梯),住家用,鋼筋混凝土造,660530,115.79,3,2,2,有,無,NA,前後陽台外推。陽台外推；,RPTNMLPLIIIGFDA67DA,101.92,0,13.87,無,NA,2023-10-13,382,24.526651614426800,23.077063358095900,27.21488066190060,0,36.88792920575410,63000020025,0.109093637454982,0.4800420168067230,94.7,12304.21,47.67907161911180,33.333333326664,0,0,0,0,0,0,0,0,0,0,21,17,0,9,1,1,2,4,0,23,"c(121.586073032388, 25.039683983214)",臺北捷運後山埤站_BL20,691.947374389807,1318.3872360189600,2639.769469651540,46
臺北市信義區福德街２６８巷２６弄３號,13050000,210790,0,0,63000,信義區,房地(土地+建物),25.0399270164966,121.585958032676,中行里,26.31,住,NA,NA,1121012,土地1建物1車位0,四層,四層,公寓(5樓含以下無電梯),住家用,鋼筋混凝土造,660530,61.91,2,2,1,有,無,NA,陽台外推；頂樓加蓋；其他增建；,RPPOMLRJJIIGFDA47DA,53.09,0,8.82,無,NA,2023-10-12,383,24.880152219668600,22.913076220093000,27.255865340881900,0,38.17688413217080,63000020025,0.109093637454982,0.4800420168067230,94.7,12304.21,47.67907161911180,33.333333326664,0,0,0,0,0,0,0,0,0,0,24,18,0,9,1,1,3,4,0,27,"c(121.585958032676, 25.0399270164966)",臺北捷運後山埤站_BL20,662.6955382584770,1289.9022384699600,2633.6612351176300,46
臺北市信義區莊敬路４７８號,25500000,231524,0,0,63000,信義區,房地(土地+建物),25.0264810188797,121.568168029919,三張里,18.9,商,NA,NA,1121020,土地5建物1車位0,二層,七層,華廈(10層含以下有電梯),住家用,鋼筋混凝土造,650909,110.14,2,2,2,有,有,NA,陽台外推；,RPVNMLPKJIIGFDA87DA,85.22,0,7.36,有,NA,2023-10-20,386,24.387807651296000,21.092142603621500,27.792127987722700,0.4718822596750390,52.07993500458130,63000020030,0.15574207300826000,0.5531574740207830,90.21,28252.09,53.07324253715990,38.13029075485270,0,0,0,0,0,2,0,0,0,0,29,37,0,14,1,1,3,5,0,32,"c(121.568168029919, 25.0264810188797)",臺北捷運象山站_R02,697.3321960347850,2715.0468982567500,4962.283402741670,47
臺北市信義區虎林街２０２巷４３號,19890000,219925,0,0,63000,信義區,房地(土地+建物),25.0373500003653,121.575922966737,國業里,36.25,住,NA,NA,1121008,土地1建物1車位0,二層,四層,公寓(5樓含以下無電梯),住家用,鋼筋混凝土造,600407,90.44,3,2,1,有,無,NA,NA,RPPNMLLJJIIGFDA76DA,81.97,0,8.47,無,NA,2023-10-08,387,24.94780666261370,24.22441607267100,26.129049344333000,17.76172225931320,33.20914012248930,63000020020,0.1727505603586300,0.5930195325008010,90.61,82035.09,56.91523262015820,32.695984696686600,0,0,0,0,0,0,1,0,0,1,44,74,0,15,0,1,3,0,0,47,"c(121.575922966737, 25.0373500003653)",臺北捷運永春站_BL19,406.4235121993440,1334.3440536907700,3643.314888042910,52
臺北市信義區虎林街２２２巷２７號,16500000,174290,0,0,63000,信義區,房地(土地+建物),25.0368099962533,121.576741962497,國業里,47,住,NA,NA,1121003,土地2建物1車位0,三層,四層,公寓(5樓含以下無電梯),住家用,鋼筋混凝土造,590625,94.67,3,2,1,有,無,NA,親友、員工、共有人或其他特殊關係間之交易；,RPRNMLKMIIIGFDA07DA,94.67,0,0,無,NA,2023-10-03,389,25.243888446861700,23.78299053052130,26.58093719606690,14.609689676972300,39.7199914350868,63000020020,0.1727505603586300,0.5930195325008010,90.61,82035.09,56.91523262015820,32.695984696686600,0,0,0,0,0,0,1,0,0,0,44,66,0,14,0,1,3,0,0,47,"c(121.576741962497, 25.0368099962533)",臺北捷運永春站_BL19,462.4905220453840,1381.8079985457000,3602.1342154025400,53
臺北市信義區虎林街２３２巷６２之１號,18400000,221473,0,0,63000,信義區,房地(土地+建物),25.0358050060625,121.575824982289,安康里,34.38,住,NA,NA,1121106,土地2建物1車位0,四層,四層,公寓(5樓含以下無電梯),住家用,鋼筋混凝土造,580703,83.08,4,0,4,有,無,NA,頂樓平台增建、前後陽台增建陽台外推；頂樓加蓋；其他增建；,RPTNMLMLJIIGFDA47DA,74.37,0,8.71,無,53,2023-11-06,390,25.352109370490700,20.85091993056590,31.33687515671460,0,52.818398936371100,63000020009,0.2022382997965180,0.634863215012435,87.51,21225.08,60.114475062492200,33.2429582718417,0,0,0,0,0,0,1,0,0,0,33,44,0,12,0,1,3,0,0,36,"c(121.575824982289, 25.0358050060625)",臺北捷運永春站_BL19,577.3706023912240,1504.6997956408800,3739.124413653160,54
臺北市信義區虎林街４０巷３１號,22580000,213341,0,0,63000,信義區,房地(土地+建物),25.0474659935792,121.575375963736,四育里,26.38,住,NA,NA,1121006,土地1建物1車位0,二層,五層,公寓(5樓含以下無電梯),住家用,鋼筋混凝土造,740517,105.84,3,2,2,有,無,NA,陽台外推；其他增建；,RPVNMLMJJIIGFDA47DA,89.55,0,10.52,無,588,2023-10-06,391,26.99780266323830,25.73013000519320,28.371763532585600,1.3821897013744900,32.24540892693410,63000020016,0.11313946083634000,0.47824241137762700,93.71,31205.26,51.91853599412090,39.04958676533370,0,0,0,0,0,0,0,0,0,2,47,54,0,15,2,2,2,6,0,49,"c(121.575375963736, 25.0474659935792)",臺北捷運松山站_G19,422.22655587239700,347.6158381632930,3294.5043658920700,38
臺北市信義區虎林街５０巷３４號,22250000,160522,0,0,63000,信義區,房地(土地+建物),25.0470300088856,121.575174965698,四育里,29.9,住,NA,NA,1121017,土地1建物1車位0,五層,五層,公寓(5樓含以下無電梯),住家用,鋼筋混凝土造,740517,138.61,4,3,3,有,無,NA,頂樓加蓋；,RPVNMLKLJIIGFDA47DA,93.96,28.24,9.87,無,NA,2023-10-17,392,24.59579492585510,22.892083571449900,26.78034086622370,0,76.74879867997270,63000020016,0.11313946083634000,0.47824241137762700,93.71,31205.26,51.91853599412090,39.04958676533370,0,0,0,0,0,0,0,0,0,2,49,55,0,14,2,2,2,5,0,51,"c(121.575174965698, 25.0470300088856)",臺北捷運松山站_G19,473.2241865586480,392.3795334896750,3324.557360364100,38
臺北市內湖區內湖路一段２８５巷５９弄１１號,25800000,182500,0,0,63000,內湖區,房地(土地+建物),25.0837460137362,121.567516001671,西湖里,41.67,住,NA,NA,1121114,土地2建物1車位0,四層,五層,公寓(5樓含以下無電梯),住家用,鋼筋混凝土造,700608,141.37,6,0,6,有,無,NA,陽台外推；,RPSNMLKMJIIGFCA17DA,126.87,0,14.5,無,NA,2023-11-14,393,18.97289805098320,18.43534429969070,19.537364790605600,0.4828329728833850,34.23317229485320,63000100001,0.1238079579085830,0.4875041104899700,91.3,14869.41,48.92006233602310,35.42640836441190,0,0,0,0,1,0,2,0,0,0,33,25,0,5,0,1,1,1,0,34,"c(121.567516001671, 25.0837460137362)",臺北捷運西湖站_BR16,203.54714549601600,3975.518929805910,5225.242459057210,42
臺北市內湖區內湖路一段２８５巷６９弄５２號,15800000,163629,0,0,63000,內湖區,房地(土地+建物),25.0849789916933,121.56926999873,西湖里,27.75,住,NA,NA,1121007,土地1建物1車位0,四層,五層,公寓(5樓含以下無電梯),住家用,鋼筋混凝土造,720331,96.56,3,2,2,有,無,NA,NA,RPOQMLKMIIIGFCA96DA,87.43,0,9.13,無,NA,2023-10-07,394,27.04790053718510,24.90553605533310,31.106679370856900,9.026702437975640,30.12875192684250,63000100001,0.1238079579085830,0.4875041104899700,91.3,14869.41,48.92006233602310,35.42640836441190,0,0,0,0,1,0,1,0,0,0,23,26,0,5,0,1,1,1,0,24,"c(121.56926999873, 25.0849789916933)",臺北捷運西湖站_BR16,379.3968844226530,4064.0755378183400,5181.143339005980,40
臺北市內湖區內湖路一段３８７巷３弄６號,43200000,224626,35.96,2500000,63000,內湖區,房地(土地+建物)+車位,25.0823629997123,121.570735993595,麗山里,45.19,住,NA,NA,1121006,土地1建物1車位1,八層,十三層,住宅大樓(11層含以上有電梯),住家用,鋼筋混凝土造,830309,217.14,4,2,2,有,有,坡道平面,NA,RPUNMLLKIIIGFCA17DA,175.27,5.13,15.54,有,NA,2023-10-06,398,27.371309297123200,25.89787219674950,28.8815086746837,1.4911026757404900,33.25838844587940,63000100038,0.14956761006289300,0.5351808176100630,89.63,35320.27,52.6198162273107,26.347156685784200,0,0,0,0,0,0,1,0,0,0,34,26,0,6,1,1,2,0,0,36,"c(121.570735993595, 25.0823629997123)",臺北捷運西湖站_BR16,320.30402870072300,3749.49746509664,4878.383292208200,29
臺北市內湖區內湖路一段４１１巷９０弄２７號,14260000,242930,0,0,63000,內湖區,房地(土地+建物),25.0848400197387,121.571469996856,麗山里,11.06,住,NA,NA,1121002,土地1建物1車位0,六層,九層,華廈(10層含以下有電梯),住家用,鋼筋混凝土造,981204,58.7,1,1,1,有,有,NA,NA,RPRNMLTJIIIGFCA57DA,30.96,3.45,3.38,有,NA,2023-10-02,400,26.258009240722100,24.86187516651700,27.79474661865200,0.5510280677389260,43.098920442483100,63000100038,0.14956761006289300,0.5351808176100630,89.63,35320.27,52.6198162273107,26.347156685784200,0,0,0,0,0,0,1,0,0,0,23,19,0,6,0,1,2,0,0,25,"c(121.571469996856, 25.0848400197387)",臺北捷運西湖站_BR16,507.6783380006970,4005.3097996654000,5008.210436764780,14
臺北市內湖區內湖路一段４７巷３４之１號,31380000,280630,0,0,63000,內湖區,房地(土地+建物),25.0883560185732,121.558370004202,西康里,26.5,住,NA,NA,1121003,土地1建物1車位0,一層,七層,華廈(10層含以下有電梯),住家用,鋼筋混凝土造,1020506,111.82,3,2,2,有,有,NA,陽台外推；其他增建；,RPSNMLQKIIIGFCA47DA,76.97,0,4.43,有,367,2023-10-03,401,25.61053915114900,23.407882137271400,27.854313637945200,7.743500383417910,43.17057110136670,63000100002,0.16134793998571100,0.5681114551083590,86.45,8390.4,46.183619748229800,30.020126949989100,0,0,0,0,0,0,1,0,0,0,8,0,0,1,0,0,1,0,3,9,"c(121.558370004202, 25.0883560185732)",臺北捷運劍南路站_BR15,513.7651903933580,4777.062615191960,6143.579388114000,10
臺北市內湖區內湖路一段５９１巷１１弄１３號,17100000,182731,0,0,63000,內湖區,房地(土地+建物),25.0812630006491,121.573735038551,麗山里,31.41,住,NA,NA,1121018,土地1建物1車位0,四層,五層,公寓(5樓含以下無電梯),住家用,鋼筋混凝土造,750218,93.58,3,2,2,有,無,NA,其他增建；,RPWNMLLJJIIGFCA37DA,81.48,0,8.67,無,NA,2023-10-18,402,27.634117901261100,25.09542076793420,31.19228708679860,0,61.724510505153400,63000100038,0.14956761006289300,0.5351808176100630,89.63,35320.27,52.6198162273107,26.347156685784200,0,0,0,0,0,0,1,0,0,0,31,37,0,6,1,0,1,0,0,32,"c(121.573735038551, 25.0812630006491)",臺北捷運港墘站_BR17,230.8313591425200,3579.399181629740,4570.9876058930100,37
臺北市內湖區內湖路一段６２９巷１２弄１３號,19200000,198409,0,0,63000,內湖區,房地(土地+建物),25.0813090172975,121.574211968842,麗山里,27.42,住,NA,NA,1121029,土地1建物1車位0,五層,五層,公寓(5樓含以下無電梯),住家用,鋼筋混凝土造,701015,96.77,3,2,2,有,無,NA,頂樓加蓋；其他增建；,RPUNMLPJKIIGFCA67DA,83.01,0,13.76,無,NA,2023-10-29,403,22.673879628548900,21.80038299337460,23.600732561701700,1.9904124007583500,38.80641940675690,63000100038,0.14956761006289300,0.5351808176100630,89.63,35320.27,52.6198162273107,26.347156685784200,0,0,0,0,0,0,1,0,0,0,33,39,0,7,1,0,1,0,0,34,"c(121.574211968842, 25.0813090172975)",臺北捷運港墘站_BR17,194.6026601720800,3578.6721992319000,4538.871869220570,42
臺北市內湖區內湖路一段６２９巷３３弄５號,13000000,120807,0,0,63000,內湖區,房地(土地+建物),25.0810430176002,121.57499299458,港都里,30.8,住,NA,NA,1121116,土地1建物1車位0,三層,五層,公寓(5樓含以下無電梯),住家用,鋼筋混凝土造,700515,107.61,3,2,2,有,無,NA,親友、員工、共有人或其他特殊關係間之交易；,RPPNMLQJKIIGFCA37EA,94.9,0,12.71,無,NA,2023-11-16,404,21.497531494055400,17.29931575887970,25.49968597897920,1.5151109111801000,40.005878057854900,63000100006,0.15091066782307000,0.5555073720728530,91.17,44116.95,53.58812206390210,26.80780862611830,0,0,0,0,0,0,1,0,0,0,39,42,0,7,1,0,2,0,0,41,"c(121.57499299458, 25.0810430176002)",臺北捷運港墘站_BR17,118.66650115891400,3541.243678295340,4461.038892858570,42
臺北市內湖區內湖路一段６５９號,31150206,260055,39.68,2500000,63000,內湖區,房地(土地+建物)+車位,25.0802573818156,121.575335227687,港都里,15.48,NA,NA,NA,1121116,土地1建物1車位1,五層,十八層,住宅大樓(11層含以上有電梯),住家用,鋼骨造,991123,149.85,0,0,0,無,有,坡道平面,政府機關標讓售；,RPPNMLMLJIIGFCA07EA,65.89,3.04,4.32,有,NA,2023-11-16,405,21.49935615998150,17.29982197799000,25.49991661698490,1.503933875950580,40.04273614986870,63000100006,0.15091066782307000,0.5555073720728530,91.17,44116.95,53.58812206390210,26.80780862611830,0,0,0,0,0,0,1,0,0,0,40,45,0,6,1,2,2,0,0,42,"c(121.575335227687, 25.0802573818156)",臺北捷運港墘站_BR17,36.800511128183100,3451.500276482050,4376.626802016440,13
臺北市內湖區內湖路三段１３４號,15000000,169664,0,0,63000,內湖區,房地(土地+建物),25.0870090048234,121.590173040326,碧山里,37.77,住,NA,NA,1121008,土地3建物1車位0,四層,五層,公寓(5樓含以下無電梯),住家用,鋼筋混凝土造,690423,88.41,3,2,1,有,無,NA,NA,RPPNMLTLJIIGFCA67DA,76.66,0,11.75,無,NA,2023-10-08,408,24.655348557860900,23.75094384341640,26.613030733295800,17.192322366726700,32.6390340040998,63000100015,0.11583695827291800,0.49363621717415800,90.77,1872.8,43.468468459568300,27.08845208290570,0,0,0,0,0,0,0,0,0,0,23,17,0,4,0,1,1,5,0,24,"c(121.590173040326, 25.0870090048234)",臺北捷運內湖站_BR19,537.1812220048720,4088.452337923780,4087.949572092760,43
臺北市內湖區內湖路三段３２９巷２弄７號,10200000,121937,0,0,63000,內湖區,房地(土地+建物),25.0884900032955,121.585501973324,金瑞里,22.8,住,NA,NA,1121001,土地1建物1車位0,四層,五層,公寓(5樓含以下無電梯),住家用,鋼筋混凝土造,680504,83.65,3,2,1,有,無,NA,NA,RPUNMLMKJIIGFCA37DA,72.23,0,11.42,無,NA,2023-10-01,410,26.916235109207500,25.338914330035500,30.335422738685100,12.221450593375600,39.807593018112300,63000100014,0.12905968372725700,0.5073967012412850,89.69,2875.27,50.35041610811420,28.799824785633000,0,0,0,0,0,0,0,0,0,0,8,0,0,1,0,1,0,2,0,8,"c(121.585501973324, 25.0884900032955)",臺北捷運內湖站_BR19,1019.309514116200,4412.200480943,4450.472522387860,44
臺北市內湖區內湖路三段５９巷７弄７號,9900000,201794,0,0,63000,內湖區,房地(土地+建物),25.0859090057602,121.591765015196,金龍里,13.78,住,NA,NA,1121019,土地1建物1車位0,五層，走廊,五層,公寓(5樓含以下無電梯),住家用,鋼筋混凝土造,680717,49.06,5,0,5,有,無,NA,陽台外推；頂樓加蓋；,RPWNMLKKJIIGFCA37DA,47.26,0,1.8,無,832,2023-10-19,411,27.36297281104980,23.23241492640150,31.966315217362700,0,45.80039331260000,63000100013,0.11768461374760600,0.4832943179399870,91.98,31776.41,44.64035822987960,31.514133772316200,0,0,0,0,0,0,0,0,0,1,24,37,0,9,1,1,1,5,0,25,"c(121.591765015196, 25.0859090057602)",臺北捷運內湖站_BR19,335.95421943507900,3911.2003671496900,3910.6921064671700,44
臺北市內湖區內湖路三段６０巷１２弄７２號,8200000,216188,0,0,63000,內湖區,房地(土地+建物),25.0892002857706,121.591246175389,碧山里,11.64,住,NA,NA,1121005,土地1建物1車位0,二層,八層,華廈(10層含以下有電梯),住家用,鋼筋混凝土造,830804,37.93,1,0,1,有,有,NA,陽台外推；,RPTNMLKLIIIGFCA07DA,26.09,1.43,3.81,有,349,2023-10-05,413,25.793905353849000,24.240535215533200,27.784001168327100,35.614388204005100,29.91824003823270,63000100015,0.11583695827291800,0.49363621717415800,90.77,1872.8,43.468468459568300,27.08845208290570,0,0,0,0,0,0,0,0,0,0,19,7,0,3,0,1,1,2,0,20,"c(121.591246175389, 25.0892002857706)",臺北捷運內湖站_BR19,661.1470443992290,4267.238285828790,4266.725019178240,29
臺北市內湖區內湖路三段６０巷１２弄７３號,28500000,157324,24.38,1500000,63000,內湖區,房地(土地+建物)+車位,25.0894460012621,121.591668958586,碧山里,35.04,住,NA,NA,1121015,土地1建物1車位1,八層,十六層,住宅大樓(11層含以上有電梯),住家用,鋼筋混凝土造,810623,196,4,2,2,有,有,坡道機械,NA,RPTPMLQJJIIGFCA77DA,154.87,3.3,11.87,有,NA,2023-10-15,414,23.06664013957140,21.4318763465369,25.752412103827500,0,74.01322540305210,63000100015,0.11583695827291800,0.49363621717415800,90.77,1872.8,43.468468459568300,27.08845208290570,0,0,0,0,0,0,0,0,0,0,15,7,0,3,0,1,1,2,0,16,"c(121.591668958586, 25.0894460012621)",臺北捷運內湖站_BR19,667.6096787454530,4276.481753952500,4275.966065112250,31
臺北市內湖區內湖路三段６０巷１２弄７４之１號,6500000,176823,0,0,63000,內湖區,房地(土地+建物),25.0892118108874,121.591288671639,碧山里,11.96,住,NA,NA,1121008,土地1建物1車位0,一層,八層,華廈(10層含以下有電梯),住家用,鋼筋混凝土造,830804,36.76,1,1,1,有,有,NA,陽台外推；,RPRNMLMJJIIGFCA96DA,30.14,0,0,有,NA,2023-10-08,415,24.433082098170100,23.548399808435800,26.30504399573810,18.69942116199070,32.61684644922100,63000100015,0.11583695827291800,0.49363621717415800,90.77,1872.8,43.468468459568300,27.08845208290570,0,0,0,0,0,0,0,0,0,0,19,7,0,3,0,1,1,2,0,20,"c(121.591288671639, 25.0892118108874)",臺北捷運內湖站_BR19,660.3241225043400,4266.791053720610,4266.277567268820,29
臺北市內湖區內湖路三段６０巷８弄４０號,12000000,107817,0,0,63000,內湖區,房地(土地+建物),25.0883390033098,121.591311973329,碧山里,36.78,住,NA,NA,1121007,土地1建物1車位0,一層，停車場,五層,公寓(5樓含以下無電梯),住家用,鋼筋混凝土造,700216,111.3,3,2,2,有,無,NA,有其他增建：地下室。親友、員工、共有人或其他特殊關係間之交易；其他增建；,RPTPMLNKIIIGFCA47DA,94.05,17.25,0,無,NA,2023-10-07,416,26.237826814135300,24.249323742288700,30.038938867560700,8.274031976546420,29.963280649211600,63000100015,0.11583695827291800,0.49363621717415800,90.77,1872.8,43.468468459568300,27.08845208290570,0,0,0,0,0,0,0,0,0,0,22,14,0,3,0,1,1,4,0,23,"c(121.591311973329, 25.0883390033098)",臺北捷運內湖站_BR19,574.6336215049860,4176.588870915070,4176.077140727050,42
臺北市內湖區內湖路三段７２巷６１號,17400000,212454,0,0,63000,內湖區,房地(土地+建物),25.0883060205208,121.591077028583,碧山里,17.43,住,NA,NA,1121025,土地1建物1車位0,十五層,二十層,住宅大樓(11層含以上有電梯),住家用,鋼筋混凝土造,830729,81.9,2,2,1,有,有,NA,其他增建；,RPRNMLTKJIIGFCA77DA,63.52,2.17,7.04,有,NA,2023-10-25,417,25.029671680333100,23.088258123360600,28.005645277760700,0.05032258138904810,25.183451209526900,63000100015,0.11583695827291800,0.49363621717415800,90.77,1872.8,43.468468459568300,27.08845208290570,0,0,0,0,0,0,0,0,0,0,22,12,0,3,0,1,1,4,0,23,"c(121.591077028583, 25.0883060205208)",臺北捷運內湖站_BR19,584.1932114796810,4182.4557822323200,4181.945254413960,29
臺北市內湖區內湖路二段１７９巷３弄３號,16680000,292049,7.57,1400000,63000,內湖區,房地(土地+建物)+車位,25.0819004862951,121.58765352405,湖濱里,7.36,住,NA,NA,1121006,土地1建物1車位1,十二層,十三層,住宅大樓(11層含以上有電梯),住家用,鋼筋混凝土造,1110428,59.89,0,1,1,有,有,升降機械,NA,RPVQMLMKIIIGFCA67DA,28.71,2.64,3.6,有,NA,2023-10-06,418,27.17481543413590,25.724796498575200,28.64850858333760,1.524243998332070,32.65115175157290,63000100010,0.1639165416609850,0.5760261830083190,87.25,12528.14,51.47907646979090,32.269119763299200,0,0,0,0,1,0,0,0,0,0,11,38,0,9,1,1,1,0,0,12,"c(121.58765352405, 25.0819004862951)",臺北捷運文德站_BR18,439.10675058479000,3713.287108208710,3712.8181128684500,1
臺北市內湖區內湖路二段３３８之１號,39500000,273386,41.55,2500000,63000,內湖區,房地(土地+建物)+車位,25.0816395995587,121.589277266333,湖濱里,26.59,住,NA,NA,1121013,土地1建物1車位1,九層,十四層,住宅大樓(11層含以上有電梯),住家用,鋼筋混凝土造,1031023,176.89,3,2,2,有,有,坡道平面,NA,RPPNMLNLIIIGFCA96DA,84.14,2.5,7.92,有,223,2023-10-13,421,24.930890316014500,22.749708756240400,27.52211781670230,0,36.87087128722520,63000100010,0.1639165416609850,0.5760261830083190,87.25,12528.14,51.47907646979090,32.269119763299200,0,0,0,0,1,0,0,0,0,0,23,51,0,15,1,1,1,4,0,24,"c(121.589277266333, 25.0816395995587)",臺北捷運文德站_BR18,518.1755208374910,3603.388635007400,3602.9097885182900,9
臺北市內湖區內湖路二段４２８號,14850000,283939,0,0,63000,內湖區,房地(土地+建物),25.0833410001748,121.592153013494,內湖里,5.27,商,NA,NA,1121023,土地1建物1車位0,六層,十五層,住宅大樓(11層含以上有電梯),住家用,鋼筋混凝土造,1070327,52.3,1,1,1,有,有,NA,NA,RPQNMLMKJIIGFCA96DA,29.92,0,3.19,有,736,2023-10-23,424,24.835236430353100,23.478013095672800,27.7668780071527,0,26.585917302690200,63000100009,0.15998611834114200,0.5575221238938050,82.1,39669.95,40.6630581775681,29.972936393781500,0,0,0,0,0,0,0,0,0,1,36,66,0,17,1,2,3,5,0,39,"c(121.592153013494, 25.0833410001748)",臺北捷運內湖站_BR19,221.37975314299000,3635.815584050810,3635.3122448470400,5
臺北市內湖區南京東路六段９３號,24000000,183346,0,0,63000,內湖區,房地(土地+建物),25.055379013091,121.577008004103,行善里,49.24,住,NA,NA,1121001,土地1建物1車位0,八層,九層,華廈(10層含以下有電梯),住家用,鋼筋混凝土造,860526,130.9,3,2,2,有,有,NA,其他增建；,RPQPMLKLIIIGFCA96DA,74.88,0,8.44,有,NA,2023-10-01,430,27.43556093977540,25.7670248437926,30.62438860726490,9.14036287672482,39.701183567635700,63000100027,0.1190061718626370,0.469219813261592,94.02,19053.14,39.67296086438140,23.00953863675110,0,0,0,0,0,0,0,0,0,0,9,5,0,1,1,1,1,1,0,10,"c(121.577008004103, 25.055379013091)",臺北捷運松山站_G19,545.3659093356040,694.5375311849580,3066.004795568620,26
臺北市內湖區大湖山莊街１６８巷１８號,9000000,158172,0,0,63000,內湖區,房地(土地+建物),25.0885463472072,121.59880473564,大湖里,25.1,住,NA,NA,1121107,土地1建物1車位0,一層,四層,公寓(5樓含以下無電梯),住家用,鋼筋混凝土造,850823,56.9,2,2,1,有,有,NA,NA,RPRNMLPJKIIGFCA47EA,31.4,4.99,0,無,NA,2023-11-07,432,21.10662243777810,19.666951713352600,22.5465098284934,0,51.21284602987140,63000100012,0.16656030631780500,0.5905126568815150,87.38,1803.31,42.50269686016650,26.7799352678587,1,0,0,0,0,0,0,0,0,0,10,11,0,2,0,0,1,0,0,11,"c(121.59880473564, 25.0885463472072)",臺北捷運內湖站_BR19,689.2425265163680,3968.579662383720,3968.037903754040,27
臺北市內湖區大湖山莊街２１９巷３４弄３號,7200000,176774,0,0,63000,內湖區,房地(土地+建物),25.0894659921012,121.599535961449,大湖里,11.38,住,NA,NA,1121011,土地1建物1車位0,三層,六層,華廈(10層含以下有電梯),住家用,鋼筋混凝土造,810717,40.73,1,1,1,有,有,NA,NA,RPTNMLOKIIIGFCA37DA,25.99,0,4.19,有,NA,2023-10-11,433,22.17833394205050,20.399242858471000,24.486827319279100,0.8557207227804240,39.646506451873300,63000100012,0.16656030631780500,0.5905126568815150,87.38,1803.31,42.50269686016650,26.7799352678587,1,0,0,0,0,0,0,0,0,0,6,1,0,0,0,0,1,0,0,7,"c(121.599535961449, 25.0894659921012)",臺北捷運大湖公園站_BR20,747.3241325827590,4053.130156253720,4052.5857517273000,31
臺北市內湖區大湖山莊街２２４號,8000000,200351,0,0,63000,內湖區,房地(土地+建物),25.0884900032955,121.598543963208,大湖里,10.9,住,NA,NA,1121004,土地1建物1車位0,三層,十層,華廈(10層含以下有電梯),住家用,鋼筋混凝土造,820729,39.93,1,1,1,有,有,NA,NA,RPPPMLRJJIIGFCA47DA,27.09,0,1.86,有,493,2023-10-04,434,25.21267994150120,24.63968653939700,25.6534881531385,60.17632693068230,38.52995140186750,63000100012,0.16656030631780500,0.5905126568815150,87.38,1803.31,42.50269686016650,26.7799352678587,1,0,0,0,0,0,0,0,0,0,10,13,0,3,0,0,1,0,0,11,"c(121.598543963208, 25.0884900032955)",臺北捷運內湖站_BR19,667.2653890660360,3968.2805929743900,3967.73966620576,30
臺北市內湖區安泰街１２９巷１之１號,7800000,100231,0,0,63000,內湖區,房地(土地+建物),25.077661003488,121.616778039195,安泰里,19.5,住,NA,NA,1121014,土地1建物1車位0,四層,五層,公寓(5樓含以下無電梯),住家用,鋼筋混凝土造,700515,77.82,2,2,1,有,無,NA,其他增建；,RPWOMLMLJIIGFCA77DA,52.67,0,11.15,無,NA,2023-10-14,438,22.175170792089000,21.242033173247400,24.090485920827700,0,40.58596802867950,63000100033,0.09873904680487290,0.4366317589228470,92.95,4315.31,41.343873506892300,23.293807635495700,0,0,0,0,0,0,0,0,0,0,4,0,0,0,0,0,0,0,0,4,"c(121.616778039195, 25.077661003488)",臺北捷運葫洲站_BR21,1107.4043638523800,2833.654440027630,2833.1318343142900,42
臺北市內湖區安泰街４９巷４號,6600000,86523,0,0,63000,內湖區,房地(土地+建物),25.0742209866057,121.617513970294,安泰里,20.34,住,NA,NA,1121012,土地1建物1車位0,二層,五層,公寓(5樓含以下無電梯),住家用,鋼筋混凝土造,730706,76.28,2,1,1,有,無,NA,親友、員工、共有人或其他特殊關係間之交易；陽台外推；,RPUNMLRLJIIGFCA97DA,61.08,0,7.14,無,760,2023-10-12,439,23.740684321000400,22.005781942334800,25.443706969452900,0,38.41763770498090,63000100033,0.09873904680487290,0.4366317589228470,92.95,4315.31,41.343873506892300,23.293807635495700,0,0,0,0,0,0,0,0,0,0,17,7,0,3,1,0,1,0,0,18,"c(121.617513970294, 25.0742209866057)",臺北捷運東湖站_BR22,979.0944133993800,2507.6369445150700,2507.1307231555800,39
臺北市內湖區安泰街８０巷３號,13000000,134007,0,0,63000,內湖區,房地(土地+建物),25.0761339883675,121.616576035328,安泰里,31.01,住,NA,NA,1121006,土地2建物1車位0,五層,五層,公寓(5樓含以下無電梯),住家用,鋼筋混凝土造,690808,97.01,3,2,2,有,無,NA,NA,RPUOMLQKJIIGFCA87DA,88.63,0,8.38,無,NA,2023-10-06,440,25.534778116537700,24.324617537871200,26.69547402561780,3.7053478981045700,32.35730058981200,63000100033,0.09873904680487290,0.4366317589228470,92.95,4315.31,41.343873506892300,23.293807635495700,0,0,0,0,0,0,0,0,0,0,9,0,0,1,0,0,1,0,0,10,"c(121.616576035328, 25.0761339883675)",臺北捷運葫洲站_BR21,1011.2552462197600,2667.779902381010,2667.259988620460,43
臺北市內湖區康寧路一段１６７號,26000000,189712,0,0,63000,內湖區,房地(土地+建物),25.0788824144187,121.595087685434,紫雲里,34.83,住,NA,NA,1121015,土地1建物1車位0,五層,十二層,住宅大樓(11層含以上有電梯),住家用,鋼筋混凝土造,880602,137.05,4,2,2,有,有,NA,NA,RPTOMLSLJIIGFCA08DA,85.3,2.53,11.13,有,NA,2023-10-15,441,24.351599129543200,22.70994236540190,27.189619271065200,0,74.42677050301490,63000100016,0.12340425531914900,0.5047619047619050,89.66,15294.58,41.94775550546600,25.15850874330240,0,0,0,0,0,0,0,0,0,0,27,32,0,10,1,0,1,1,0,28,"c(121.595087685434, 25.0788824144187)",臺北捷運內湖站_BR19,562.0232232508350,3063.798009803150,3063.2901550174600,24
臺北市內湖區康寧路一段１９５巷２弄７號,16660000,153889,0,0,63000,內湖區,房地(土地+建物),25.0787900039362,121.596329967303,紫雲里,44.48,住,NA,NA,1121006,土地1建物1車位0,五層,五層,公寓(5樓含以下無電梯),住家用,鋼筋混凝土造,780808,108.26,3,2,2,有,無,NA,其他增建；,RPUNMLNKJIIGFCA47DA,91.31,0.36,10.06,無,NA,2023-10-06,442,27.294814950232800,25.87691531510300,28.768590863556400,1.901326735924040,32.54256356640010,63000100016,0.12340425531914900,0.5047619047619050,89.66,15294.58,41.94775550546600,25.15850874330240,0,0,0,0,0,0,0,0,0,0,15,11,0,7,1,0,1,1,0,16,"c(121.596329967303, 25.0787900039362)",臺北捷運內湖站_BR19,603.311678845193,3005.938342289360,3005.422602390740,34
臺北市內湖區康寧路一段２１４巷６號,21000000,164564,0,0,63000,內湖區,房地(土地+建物),25.0777760031995,121.595743988452,紫雲里,34.58,都市：其他:第三種住宅區。,NA,NA,1121029,土地4建物1車位0,二層,五層,公寓(5樓含以下無電梯),住家用,鋼筋混凝土造,691222,127.61,3,2,2,有,無,NA,陽台外推；,RPUOMLTLJIIGFCA28DA,106.06,0,21.55,無,851,2023-10-29,443,22.62641932412510,21.80991439830110,23.63364708238400,1.5524901231199600,37.51421443031090,63000100016,0.12340425531914900,0.5047619047619050,89.66,15294.58,41.94775550546600,25.15850874330240,0,0,0,0,0,0,0,0,0,0,16,10,0,7,1,0,1,1,0,17,"c(121.595743988452, 25.0777760031995)",臺北捷運內湖站_BR19,694.6638297590850,2924.973155143580,2924.46444946549,43
臺北市內湖區康寧路一段２９２號,21300000,227621,33.9,3500000,63000,內湖區,房地(土地+建物)+車位,25.0782471080675,121.597872405126,紫雲里,25.16,NA,NA,NA,1121020,土地4建物1車位1,九層,十二層,住宅大樓(11層含以上有電梯),住家用,鋼筋混凝土造,801021,112.1,2,1,1,有,有,坡道平面,陽台外推；,RPQOMLNJJIIGFCA07DA,81.1,2.99,6.46,有,NA,2023-10-20,444,24.74266897674980,21.362654930782900,28.06903541603290,0.5998327962035840,50.50224639522180,63000100016,0.12340425531914900,0.5047619047619050,89.66,15294.58,41.94775550546600,25.15850874330240,0,0,0,0,0,0,0,0,0,0,13,4,0,2,1,0,1,1,0,14,"c(121.597872405126, 25.0782471080675)",臺北捷運內湖站_BR19,724.4796617210810,2895.187691054260,2894.663749730710,32
臺北市內湖區康寧路三段１２號,22607700,270751,0,0,63000,內湖區,房地(土地+建物),25.0728469831277,121.606532000753,葫洲里,10.08,商,NA,NA,1121005,土地1建物1車位0,五層,十五層,住宅大樓(11層含以上有電梯),住家用,鋼筋混凝土造,1120104,83.5,2,1,1,有,有,NA,NA,RPWNMLNLIIIGFCA77EA,51.72,2.05,3.7,有,NA,2023-10-05,445,26.64356479525380,24.99105223445530,28.809982834357700,39.73442821581590,30.491883636132200,63000100018,0.1687729963205890,0.6015037593984960,88.77,32327.75,45.814977964793100,19.72802144805060,0,0,0,0,1,0,1,0,0,0,17,21,0,5,0,1,0,0,0,17,"c(121.606532000753, 25.0728469831277)",臺北捷運葫洲站_BR21,95.63022066974550,2136.7889914799100,2136.234439241250,0
臺北市內湖區康寧路三段１６５巷２５弄１２號,17200000,178238,0,0,63000,內湖區,房地(土地+建物),25.0718230079263,121.611995995795,明湖里,25.75,住,NA,NA,1121001,土地1建物1車位0,四層,五層,公寓(5樓含以下無電梯),住家用,鋼筋混凝土造,731218,96.5,3,2,2,有,無,NA,其他增建；,RPOOMLNLIIIGFCA96DA,79.1,0,8.88,無,NA,2023-10-01,446,27.340067327327600,25.873075324489300,30.28690293525710,9.476886245975580,40.747766286293000,63000100036,0.1251911732575920,0.5237054839414460,89.96,60739,47.02520133878270,18.914003632394400,0,0,0,0,1,1,1,0,0,0,26,25,0,5,1,1,1,0,0,27,"c(121.611995995795, 25.0718230079263)",臺北捷運葫洲站_BR21,470.3427325919610,2075.932382328910,2075.391895234640,39
臺北市內湖區康寧路三段１８９巷１４１弄３５號,8000000,68794,0,0,63000,內湖區,房地(土地+建物),25.0743719865914,121.611182029178,康寧里,37.82,住,NA,NA,1121002,土地1建物1車位0,三層,十層,華廈(10層含以下有電梯),住家用,鋼筋混凝土造,840518,116.29,3,2,2,有,有,NA,親友、員工、共有人或其他特殊關係間之交易；,RPTNMLOKJIIGFCA57EA,76.69,0,10.26,有,NA,2023-10-02,447,26.15902803261800,24.78491052763780,27.55159640235080,1.867410717073100,47.400057894095700,63000100035,0.14323397520443200,0.5449749406489050,90.86,36012.28,45.06726456677330,21.42857142513960,0,0,0,0,1,0,1,0,0,0,9,14,0,4,0,1,1,0,0,10,"c(121.611182029178, 25.0743719865914)",臺北捷運葫洲站_BR21,436.20114369271600,2336.7395452164700,2336.192328316250,28
臺北市內湖區康寧路三段１８９巷７３弄３號,16900000,130472,0,0,63000,內湖區,房地(土地+建物),25.0722949928941,121.612291038787,康寧里,34.57,住,NA,NA,1121015,土地1建物1車位0,五層,五層,公寓(5樓含以下無電梯),住家用,鋼筋混凝土造,740103,129.53,4,2,2,有,無,NA,頂樓加蓋；其他增建；,RPOQMLQJJIIGFCA37DA,111.06,0,8.35,無,539,2023-10-15,448,23.95110878801020,22.31794733228690,26.51254801370350,0,73.7044611395044,63000100035,0.14323397520443200,0.5449749406489050,90.86,36012.28,45.06726456677330,21.42857142513960,0,0,0,0,1,0,1,0,0,0,24,24,0,5,0,1,1,0,0,25,"c(121.612291038787, 25.0722949928941)",臺北捷運葫洲站_BR21,494.86810027642700,2133.6704190999000,2133.130960044260,38
臺北市內湖區康寧路三段１８９巷９０號,14500000,206788,0,0,63000,內湖區,房地(土地+建物),25.0730579975401,121.612694962701,康寧里,24.46,住,NA,NA,1121029,土地2建物1車位0,六層,八層,華廈(10層含以下有電梯),住家用,鋼筋混凝土造,840830,70.12,2,1,1,有,有,NA,陽台外推；夾層；其他增建；,RPTOMLKKJIIGFCA17DA,57.79,2.61,5.56,有,793,2023-10-29,449,22.41051327781260,21.619201088555200,23.655450853891500,0.8234667549477720,36.61538782079830,63000100035,0.14323397520443200,0.5449749406489050,90.86,36012.28,45.06726456677330,21.42857142513960,0,0,0,0,1,0,1,0,0,0,21,16,0,5,0,0,1,0,0,22,"c(121.612694962701, 25.0730579975401)",臺北捷運葫洲站_BR21,539.0082713460090,2225.476399523810,2224.9381191340500,28
臺北市內湖區康寧路三段１９０巷１３號,28300000,159338,0,0,63000,內湖區,房地(土地+建物)+車位,25.0687240087747,121.611393001681,南湖里,42.44,商,NA,NA,1121020,土地1建物1車位1,二層，三層,五層,公寓(5樓含以下無電梯),住家用,鋼筋混凝土造,790104,177.61,4,2,2,有,無,坡道平面,陽台外推；,RPVNMLKLJIIGFCA37DA,156.84,2.8,11.25,無,NA,2023-10-20,450,24.33979832482590,20.968169441644800,27.83983956888040,6.079368637446670,51.15056015598130,63000100040,0.19699155161755600,0.6334226251803010,89.06,15903.01,44.363282190318200,18.16411005157920,0,0,0,0,0,1,2,0,0,0,30,25,0,6,1,0,1,1,0,31,"c(121.611393001681, 25.0687240087747)",臺北捷運東湖站_BR22,179.62303155788900,1727.910092757720,1727.3709928299500,33
臺北市內湖區康寧路三段２４９號,17900000,178482,0,0,63000,內湖區,房地(土地+建物),25.0666740048056,121.611399036651,五分里,16.12,住,NA,NA,1121105,土地1建物1車位0,五層,九層,華廈(10層含以下有電梯),住家用,鋼筋混凝土造,830701,100.29,3,2,2,有,有,NA,NA,RPUOMLKKJIIGFCA27DA,75.35,2.97,7.96,有,58,2023-11-05,451,26.805532747523500,23.214385712678700,31.782164386753700,0,40.31829082562880,63000100022,0.10907465355386700,0.4599910594546270,89.25,37389.25,47.85676250694130,19.11608093462250,0,0,0,0,0,1,1,0,0,0,24,18,0,4,1,0,1,1,0,25,"c(121.611399036651, 25.0666740048056)",臺北捷運東湖站_BR22,59.99664753510450,1508.447143465040,1507.9131512103700,29
臺北市內湖區康寧路三段２６５巷１９號,14600000,161665,0,0,63000,內湖區,房地(土地+建物),25.0665170117591,121.612182996055,五分里,24.96,住,NA,NA,1121031,土地1建物1車位0,四層,五層,公寓(5樓含以下無電梯),住家用,鋼筋混凝土造,740429,90.31,3,2,2,有,有,NA,NA,RPXOMLTLJIIGFCA58DA,75.76,0.87,9.12,無,NA,2023-10-31,452,22.986478973236000,21.46093811237760,25.117613605597600,2.0314723748749800,28.794825856617200,63000100022,0.10907465355386700,0.4599910594546270,89.25,37389.25,47.85676250694130,19.11608093462250,0,0,0,0,0,1,1,0,0,0,26,22,0,4,1,0,1,1,0,27,"c(121.612182996055, 25.0665170117591)",臺北捷運東湖站_BR22,82.41373638900730,1515.3997908532600,1514.8746188439200,38
臺北市內湖區康寧路三段２６５巷３３號,15000000,161100,0,0,63000,內湖區,房地(土地+建物),25.0663665985066,121.612675265229,五分里,24.65,住,NA,NA,1121006,土地1建物1車位0,二層,五層,公寓(5樓含以下無電梯),住家用,鋼筋混凝土造,750401,93.11,3,2,1,有,無,NA,親友、員工、共有人或其他特殊關係間之交易；,RPPNMLKLIIIGFCA66DA,81.05,1.62,1.37,無,NA,2023-10-06,453,26.79187982351250,25.466116836637700,28.132856302810700,3.822886928223550,32.367800095936100,63000100022,0.10907465355386700,0.4599910594546270,89.25,37389.25,47.85676250694130,19.11608093462250,0,0,0,0,0,1,1,0,0,0,25,24,0,4,1,0,0,1,0,25,"c(121.612675265229, 25.0663665985066)",臺北捷運東湖站_BR22,128.21308687825200,1516.5860776087600,1516.0674144634300,37
臺北市內湖區康寧路三段７０巷１７３號,29880000,149812,0,0,63000,內湖區,房地(土地+建物)+車位,25.0667410181215,121.607649978999,南湖里,45.42,住,NA,NA,1121008,土地1建物1車位1,一層,十層,華廈(10層含以下有電梯),住家用,鋼筋混凝土造,811202,199.45,4,2,2,有,有,升降平面,其他增建；,RPXNMLLMIIIGFCA67DA,106.14,11.98,0,有,NA,2023-10-08,455,25.024161169394100,24.206158200042600,26.641518794805800,22.10259068544730,32.69199812142340,63000100040,0.19699155161755600,0.6334226251803010,89.06,15903.01,44.363282190318200,18.16411005157920,0,0,0,0,0,0,2,1,0,0,5,3,0,0,0,0,0,0,0,5,"c(121.607649978999, 25.0667410181215)",臺北捷運東湖站_BR22,412.8783525578610,1459.283534017560,1458.7287234786900,31
臺北市內湖區康寧路三段９９巷１７弄９５號,23000000,158271,0,0,63000,內湖區,房地(土地+建物),25.0764900097048,121.612002030766,康寧里,78.04,住,NA,NA,1121002,土地1建物1車位0,二層,七層,華廈(10層含以下有電梯),住家用,鋼筋混凝土造,900817,145.32,3,2,2,有,有,NA,NA,RPPNMLTLIIIGFCA57DA,83.2,2.83,11.58,有,NA,2023-10-02,456,24.81535738393250,23.488175541368400,26.10220778929690,1.8596905443967500,47.57472154044970,63000100035,0.14323397520443200,0.5449749406489050,90.86,36012.28,45.06726456677330,21.42857142513960,0,0,0,0,1,0,0,0,0,0,2,2,0,0,0,0,0,0,0,2,"c(121.612002030766, 25.0764900097048)",臺北捷運葫洲站_BR21,643.2600016093340,2582.191303324650,2581.645681551780,22
臺北市內湖區康寧路三段９９巷３９弄１號,24200000,203549,0,0,63000,內湖區,房地(土地+建物),25.0730139925485,121.610553973173,康寧里,32.09,住,NA,NA,1121013,土地1建物1車位0,四層,十層,華廈(10層含以下有電梯),住家用,鋼筋混凝土造,840508,118.89,3,2,2,有,有,NA,其他增建；,RPSNMLLMIIIGFCA17DA,77.27,0.73,9.76,有,NA,2023-10-13,457,24.748323671165300,22.68988803650470,27.088789317947700,0,36.347262386737700,63000100035,0.14323397520443200,0.5449749406489050,90.86,36012.28,45.06726456677330,21.42857142513960,0,0,0,0,1,0,1,0,0,0,22,18,0,6,0,1,1,0,0,23,"c(121.610553973173, 25.0730139925485)",臺北捷運葫洲站_BR21,324.6325180401160,2178.1957241045000,2177.6470007896000,28
臺北市內湖區康樂街１３６巷３０弄５號,33500000,184248,0,0,63000,內湖區,房地(土地+建物)+車位,25.0716300146056,121.617708011352,東湖里,27.25,住,NA,NA,1121005,土地2建物1車位1,十層,十五層,住宅大樓(11層含以上有電梯),住家用,鋼筋混凝土造,1090424,181.82,3,1,2,有,有,坡道平面,NA,RPUNMLSJJIIGFCA87DA,97.12,0.63,9.2,有,NA,2023-10-05,460,26.49614318682580,24.847057560239600,28.626199086185600,47.69325767525110,31.472749380474900,63000100023,0.10929432013769400,0.4710269650028690,91.72,51831.33,41.280197488753300,22.941280193450700,0,0,0,0,0,0,2,0,0,0,34,31,0,8,1,1,1,0,0,35,"c(121.617708011352, 25.0716300146056)",臺北捷運東湖站_BR22,783.2126296425970,2257.9312731354100,2257.439608543470,3
臺北市內湖區康樂街１８６巷２弄３號,9500000,138484,0,0,63000,內湖區,房地(土地+建物),25.0760319806058,121.620214032764,內溝里,18.82,住,NA,NA,1121003,土地1建物1車位0,四層,五層,公寓(5樓含以下無電梯),住家用,鋼筋混凝土造,730621,68.6,2,2,1,有,無,NA,陽台外推；,RPPPMLMLQHIGFCA87EA,57.71,0,5.42,無,NA,2023-10-03,461,24.196931426706500,22.10306984864580,25.954545089782100,14.816456019811400,44.07535372879960,63000100025,0.11769078295341900,0.4747274529236870,95.26,1055.19,41.36012363481910,24.760432758961200,0,0,0,0,0,0,0,0,0,0,9,1,0,1,0,0,1,0,0,10,"c(121.620214032764, 25.0760319806058)",臺北捷運東湖站_BR22,1306.3849465189900,2807.1719838223900,2806.6801193135900,39
臺北市內湖區康樂街１８６巷３４之１號,23660000,168052,31.5,0,63000,內湖區,房地(土地+建物)+車位,25.0771940057525,121.620430034409,內溝里,26.33,住,NA,NA,1121028,土地1建物1車位1,二層,十二層,住宅大樓(11層含以上有電梯),住家用,鋼筋混凝土造,951120,140.79,3,2,2,有,有,坡道平面,露台其他增建；,RPQNMLNLJIIGFCA27EA,81.49,0.86,9.51,有,747,2023-10-28,462,20.217608203419200,18.864905007977500,21.818829260416500,6.355552851389530,36.11086928019940,63000100025,0.11769078295341900,0.4747274529236870,95.26,1055.19,41.36012363481910,24.760432758961200,0,0,0,0,0,0,0,0,0,0,9,0,0,0,0,0,1,0,0,10,"c(121.620430034409, 25.0771940057525)",臺北捷運葫洲站_BR21,1415.3660395505200,2931.6213160842000,2931.1259651246900,17
臺北市內湖區康樂街４８巷１６之１號,8440000,92829,0,0,63000,內湖區,房地(土地+建物),25.0690840115161,121.617471976959,東湖里,26.03,住,NA,NA,1121022,土地1建物1車位0,四層,五層,公寓(5樓含以下無電梯),住家用,鋼筋混凝土造,750227,90.92,3,2,2,有,無,NA,親友、員工、共有人或其他特殊關係間之交易；,RPPNMLQJKIIGFCA27DA,81.21,0,6.28,無,NA,2023-10-22,463,22.892810797382400,21.040663442099200,24.56453597148900,0.1631509591005110,28.8700879636728,63000100023,0.10929432013769400,0.4710269650028690,91.72,51831.33,41.280197488753300,22.941280193450700,0,0,0,0,0,1,2,0,0,0,41,35,0,7,2,1,2,1,0,43,"c(121.617471976959, 25.0690840115161)",臺北捷運東湖站_BR22,619.3623376570940,2000.0436543731,1999.5668483747400,37
臺北市內湖區康樂街７２巷１７弄１４４號,2860000,51365,0,0,63000,內湖區,房地(土地+建物),25.0718520093112,121.61645298899,東湖里,14.94,住,NA,NA,1121031,土地1建物1車位0,五層,五層,公寓(5樓含以下無電梯),住家用,鋼筋混凝土造,740711,55.67,3,2,2,有,無,NA,親友、員工、共有人或其他特殊關係間之交易；,RPUNMLRJJIIGFCA87EA,46.44,0,4.92,無,NA,2023-10-31,464,22.92528631845740,21.422827613455400,24.98804420361150,2.443349036547720,27.9469804362269,63000100023,0.10929432013769400,0.4710269650028690,91.72,51831.33,41.280197488753300,22.941280193450700,0,0,0,0,0,0,0,0,0,0,36,32,0,10,1,1,2,0,0,38,"c(121.61645298899, 25.0718520093112)",臺北捷運東湖站_BR22,708.2295757871700,2224.433305956850,2223.9281020357400,38
臺北市內湖區康樂街７２巷１７弄３９號,7440000,91445,0,0,63000,內湖區,房地(土地+建物),25.0705790077665,121.617039973669,東湖里,26.82,住,NA,NA,1121013,土地1建物1車位0,二層,五層,公寓(5樓含以下無電梯),住家用,鋼筋混凝土造,730727,81.36,3,1,1,有,無,NA,親友、員工、共有人或其他特殊關係間之交易；,RPXNMLQLIIIGFCA08DA,72.25,0,9.11,無,NA,2023-10-13,465,24.603797137906800,22.55566655322160,26.81590421547900,0,36.135973875247400,63000100023,0.10929432013769400,0.4710269650028690,91.72,51831.33,41.280197488753300,22.941280193450700,0,0,0,0,0,0,2,0,0,0,42,35,0,9,1,1,2,0,0,44,"c(121.617039973669, 25.0705790077665)",臺北捷運東湖站_BR22,658.8086369159830,2123.541446131710,2123.049091012830,39
臺北市內湖區成功路三段１１５號,13000000,180330,0,0,63000,內湖區,房地(土地+建物),25.0788690033736,121.589816977079,紫星里,22.6,商,NA,NA,1121002,土地1建物1車位0,四層,五層,公寓(5樓含以下無電梯),住家用,鋼筋混凝土造,680806,72.09,2,2,1,有,無,NA,NA,RPSOMLNKIIIGFCA27DA,68.18,0,3.91,無,NA,2023-10-02,466,26.336980457684800,24.98082302733090,27.8596118821983,0.5335397855159870,44.80832133147560,63000100011,0.12735712213519000,0.5023208587177260,89.84,35469.55,49.28928158868820,32.424126002223600,0,0,0,0,1,0,0,0,0,0,19,48,0,13,1,1,2,0,0,21,"c(121.589816977079, 25.0788690033736)",臺北捷運文德站_BR18,435.07297920651200,3312.837456620200,3312.3680244265000,44
臺北市內湖區成功路三段１１７號,17180000,238313,0,0,63000,內湖區,房地(土地+建物),25.0789120025369,121.589817982907,紫星里,22.2,商,NA,NA,1121019,土地1建物1車位0,四層,五層,公寓(5樓含以下無電梯),住家用,鋼筋混凝土造,680806,72.09,2,2,1,有,無,NA,NA,RPOOMLNLJIIGFCA07DA,68.18,0,3.91,無,NA,2023-10-19,467,28.23340833865940,24.020142468127400,32.73895914100960,0,45.511464624968900,63000100011,0.12735712213519000,0.5023208587177260,89.84,35469.55,49.28928158868820,32.424126002223600,0,0,0,0,1,0,0,0,0,0,19,48,0,13,1,1,2,0,0,21,"c(121.589817982907, 25.0789120025369)",臺北捷運文德站_BR18,435.71956127013000,3316.813151941730,3316.343485501820,44
臺北市內湖區成功路二段３７３號,46000000,223961,40.25,2500000,63000,內湖區,房地(土地+建物)+車位,25.0742936996158,121.590195839102,湖興里,28.34,住,NA,NA,1121016,土地2建物1車位1,十五層,二十層,住宅大樓(11層含以上有電梯),住家用,鋼筋混凝土造,860113,234.48,4,2,2,有,有,坡道平面,其他增建；,RPTNMLKMIIIGFCA17DA,149.47,6.17,17.26,有,NA,2023-10-16,468,25.29110969076740,23.44641520158500,28.113313447207800,0,74.58918566702030,63000100029,0.12048192771084300,0.4711891042430590,95.56,15586.58,44.56540227171880,29.88603503488930,0,0,0,0,0,0,0,0,0,1,7,4,0,1,0,1,0,0,0,7,"c(121.590195839102, 25.0742936996158)",臺北捷運文德站_BR18,657.6428333051340,2873.642929486220,2873.1996269442700,26
臺北市內湖區成功路二段４２６巷４２號,15080000,137554,0,0,63000,內湖區,房地(土地+建物),25.0704490044482,121.588505041594,湖興里,31.43,住,NA,NA,1121007,土地1建物1車位0,二層,五層,公寓(5樓含以下無電梯),住家用,鋼筋混凝土造,760817,109.63,3,2,2,有,無,NA,NA,RPPNMLPKJIIGFCA17DA,92.32,0,10.09,無,NA,2023-10-07,469,27.03711136424940,24.88962940946810,31.053893744399100,9.772180271965620,29.625472519914000,63000100029,0.12048192771084300,0.4711891042430590,95.56,15586.58,44.56540227171880,29.88603503488930,0,1,0,0,0,1,0,0,0,1,18,11,0,3,1,2,0,0,0,18,"c(121.588505041594, 25.0704490044482)",臺北捷運文德站_BR18,934.6463928762360,2570.473570068880,2664.7585982959500,36
臺北市內湖區成功路二段４２６巷７弄６號,13000000,119727,0,0,63000,內湖區,房地(土地+建物),25.0714000151825,121.589043997968,湖興里,34.29,住,NA,NA,1121026,土地1建物1車位0,五層,五層,公寓(5樓含以下無電梯),住家用,鋼筋混凝土造,750224,108.58,3,2,2,有,無,NA,頂樓加蓋；,RPRPMLLJKIIGFCA17DA,77.79,8.25,12.43,無,NA,2023-10-26,470,26.589829790676100,24.271876587039100,30.348296564372500,0,31.919911401058000,63000100029,0.12048192771084300,0.4711891042430590,95.56,15586.58,44.56540227171880,29.88603503488930,0,1,0,0,0,1,0,0,0,1,15,11,0,3,1,2,0,0,0,15,"c(121.589043997968, 25.0714000151825)",臺北捷運文德站_BR18,856.6029728036700,2688.80396935716,2702.2569016560000,37
臺北市內湖區成功路二段４８６巷６號,28900000,166859,0,0,63000,內湖區,房地(土地+建物)+車位,25.0730330194687,121.589206020157,湖興里,20.61,住,NA,NA,1121002,土地2建物1車位1,四層,十二層,住宅大樓(11層含以上有電梯),住家用,鋼筋混凝土造,870911,173.19,3,2,2,有,有,坡道平面,NA,RPPNMLSLIIIGFCA47DA,122.81,3.12,9.34,有,350,2023-10-02,471,26.33822548426170,25.008114868879000,27.845696410421200,0.546483767012095,44.18450050934020,63000100029,0.12048192771084300,0.4711891042430590,95.56,15586.58,44.56540227171880,29.88603503488930,0,0,0,0,0,1,0,0,0,1,5,6,0,2,1,2,0,0,0,5,"c(121.589206020157, 25.0730330194687)",臺北捷運文德站_BR18,704.4382184663570,2826.9238408182500,2826.5006255465600,25
臺北市內湖區成功路二段５００號,39180000,175869,30.95,0,63000,內湖區,房地(土地+建物)+車位,25.0736459880479,121.589695020388,寶湖里,36.04,住,NA,NA,1121011,土地3建物1車位1,十一層,十四層,住宅大樓(11層含以上有電梯),住家用,鋼筋混凝土造,1011123,222.78,3,2,2,有,有,坡道平面,NA,RPPNMLSJJIIGFCA47EA,109.89,8.23,11.88,有,499,2023-10-11,472,24.156475351124300,22.01741895627240,26.77484101149090,0.04585188682556550,39.41782870218440,63000100039,0.21297718945751100,0.6429500059094670,90.3,9414.51,44.3605748229989,22.818986787223300,0,0,0,0,0,1,0,0,0,1,7,4,0,1,1,1,0,0,0,7,"c(121.589695020388, 25.0736459880479)",臺北捷運文德站_BR18,677.151895537007,2847.955716016240,2847.5223955801500,11
臺北市內湖區成功路五段３４號,30000000,181433,0,0,63000,內湖區,房地(土地+建物),25.084964993915,121.601600005106,秀湖里,29.04,商,NA,NA,1121015,土地1建物1車位0,三層,十五層,住宅大樓(11層含以上有電梯),住家用,鋼筋混凝土造,840725,165.35,3,2,2,有,有,NA,陽台外推；其他增建；,RPTNMLNLIIIGFCA37DA,99.87,0,11.37,有,NA,2023-10-15,474,22.555177625785100,20.94851740811380,25.190166960223100,0,73.96447317670900,63000100032,0.16672807663964600,0.5788504053058220,92.14,11522.04,47.23519291048530,33.398869492897800,0,0,0,0,0,1,0,0,0,0,10,12,0,2,1,1,1,0,0,11,"c(121.601600005106, 25.084964993915)",臺北捷運大湖公園站_BR20,208.34024707920800,3525.280864689280,3524.7334300403600,28
臺北市內湖區成功路五段４５２號,48500000,231382,0,0,63000,內湖區,房地(土地+建物)+車位,25.0745270098907,121.60690801293,金湖里,41.47,商,NA,NA,1121012,土地4建物1車位1,七層,十三層,住宅大樓(11層含以上有電梯),住家用,鋼筋混凝土造,900117,209.61,4,2,2,有,有,坡道平面,NA,RPTNMLOLIIIGFCA57EA,122.69,0,10.19,有,NA,2023-10-12,475,25.232287689865600,23.229313425415900,27.42163913974790,0,38.33099064622260,63000100034,0.19782022735263100,0.6568615961561000,86.4,12714.95,44.65869105634640,20.0985221646589,0,0,0,0,1,0,1,0,0,0,13,19,0,5,0,1,0,0,0,13,"c(121.60690801293, 25.0745270098907)",臺北捷運葫洲站_BR21,231.9006390218180,2321.7553518373200,2321.200498785990,22
臺北市內湖區成功路五段８３號,10260000,275288,0,0,63000,內湖區,房地(土地+建物),25.0738450163388,121.605300028625,金湖里,5.88,商,NA,NA,1121111,土地2建物1車位0,四層,十二層,住宅大樓(11層含以上有電梯),住家用,鋼筋混凝土造,970603,37.27,1,1,1,有,有,NA,夾層；,RPSOMLMLJIIGFCA37DA,22.9,1.02,1.96,有,NA,2023-11-11,476,21.780493438126200,20.99714184459460,23.157532484439000,6.313496443023830,30.38677278795230,63000100034,0.19782022735263100,0.6568615961561000,86.4,12714.95,44.65869105634640,20.0985221646589,0,0,0,0,0,0,1,0,0,0,12,18,0,5,0,1,0,0,0,12,"c(121.605300028625, 25.0738450163388)",臺北捷運葫洲站_BR21,259.4577753021050,2255.14108871226,2254.588435942510,15
臺北市內湖區成功路四段１６６號,8400000,203390,0,0,63000,內湖區,房地(土地+建物),25.0830485974825,121.593301501867,內湖里,4.46,商,NA,NA,1121029,土地1建物1車位0,十層,十五層,住宅大樓(11層含以上有電梯),住家用,鋼筋混凝土造,840209,41.3,1,1,1,有,有,NA,NA,RPVPMLLMIIIGFCA67DA,26.31,0,4.85,有,NA,2023-10-29,477,21.760742087124000,20.90836872642650,22.65624613639260,2.0483495936891500,37.39175821673920,63000100009,0.15998611834114200,0.5575221238938050,82.1,39669.95,40.6630581775681,29.972936393781500,0,0,0,0,0,0,0,0,0,1,39,66,0,16,2,1,3,5,0,42,"c(121.593301501867, 25.0830485974825)",臺北捷運內湖站_BR19,135.06551421961500,3558.8181152220700,3558.3089375348000,28
臺北市內湖區成功路四段２１８號,16500000,198341,0,0,63000,內湖區,房地(土地+建物),25.0846119900628,121.596075995637,金龍里,24.18,住,NA,NA,1121024,土地1建物1車位0,二層,五層,公寓(5樓含以下無電梯),住家用,鋼筋混凝土造,740712,83.19,3,2,2,有,無,NA,NA,RPTNMLNLJIIGFCA47DA,74.96,0,8.23,無,NA,2023-10-24,479,25.315772005593100,22.602452397179100,29.652900397083700,0,29.991315801330300,63000100013,0.11768461374760600,0.4832943179399870,91.98,31776.41,44.64035822987960,31.514133772316200,0,0,0,0,0,0,0,0,0,1,27,39,0,7,1,1,0,4,0,27,"c(121.596075995637, 25.0846119900628)",臺北捷運內湖站_BR19,199.44518595785300,3621.063935879010,3620.536972401120,38
臺北市內湖區成功路四段２２３巷６弄１號,19500000,216258,0,0,63000,內湖區,房地(土地+建物),25.083752006797,121.596759036927,清白里,27.8,住,NA,NA,1121028,土地1建物1車位0,五層,五層,公寓(5樓含以下無電梯),住家用,鋼筋混凝土造,690822,90.17,2,2,2,有,無,NA,NA,RPQOMLOLJIIGFCA37DA,77.75,0,12.42,無,771,2023-10-28,480,20.62138761124300,19.306120211535200,22.222278791343100,3.29121037051594,37.40016301834800,63000100017,0.18536071616640300,0.6105845181674570,86.33,23515.57,40.85396244544710,26.200365504867900,0,0,0,0,0,1,0,0,0,1,22,34,0,6,2,1,0,3,0,22,"c(121.596759036927, 25.083752006797)",臺北捷運內湖站_BR19,252.6249503481580,3509.1834592888400,3508.654759933400,43
臺北市內湖區成功路四段２２４號,15530000,186681,0,0,63000,內湖區,房地(土地+建物),25.0846559950545,121.596279005332,金龍里,24.78,住,NA,NA,1121020,土地1建物1車位0,二層,五層,公寓(5樓含以下無電梯),住家用,鋼筋混凝土造,740712,83.19,3,2,2,有,無,NA,陽台外推；,RPQNMLKKJIIGFCA76DA,74.96,0,8.23,無,NA,2023-10-20,481,23.617587016250000,20.345315690807700,26.84094679104470,7.182358662738010,50.88949957073710,63000100013,0.11768461374760600,0.4832943179399870,91.98,31776.41,44.64035822987960,31.514133772316200,0,0,0,0,0,0,0,0,0,1,20,29,0,6,1,1,0,4,0,20,"c(121.596279005332, 25.0846559950545)",臺北捷運內湖站_BR19,220.21200162318600,3619.3313038533200,3618.8033408309200,38
臺北市內湖區成功路四段３０巷２８弄２１號,16500000,248158,0,0,63000,內湖區,房地(土地+建物),25.0830700132451,121.592017981034,內湖里,8.82,商,NA,NA,1121020,土地1建物1車位0,八層,十三層,住宅大樓(11層含以上有電梯),住家用,鋼筋混凝土造,840211,66.49,2,2,1,有,有,NA,NA,RPXOMLLMIIIGFCA77DA,49.43,0,5.45,有,NA,2023-10-20,482,24.50629002478090,21.103253763945400,27.858094664111600,0.7855047424975800,50.6714467984171,63000100009,0.15998611834114200,0.5575221238938050,82.1,39669.95,40.6630581775681,29.972936393781500,0,0,0,0,0,0,0,0,0,1,36,66,0,18,1,2,3,5,0,39,"c(121.592017981034, 25.0830700132451)",臺北捷運內湖站_BR19,244.13760620310000,3614.414968021010,3613.91325726096,28
臺北市內湖區成功路四段４６號,28000000,214961,29.76,3000000,63000,內湖區,房地(土地+建物)+車位,25.082158984189,121.592016975205,內湖里,13.83,商,NA,NA,1121015,土地1建物1車位1,十二層,十六層,住宅大樓(11層含以上有電梯),住家用,鋼筋混凝土造,781107,146.06,3,2,2,有,有,坡道平面,陽台外推；其他增建；,RPQOMLNLIIIGFCA17DA,131.03,0,8.41,有,NA,2023-10-15,484,24.05778103408960,22.39395664403780,26.86145140914480,0,74.33707273534950,63000100009,0.15998611834114200,0.5575221238938050,82.1,39669.95,40.6630581775681,29.972936393781500,0,0,0,0,0,0,0,0,0,1,41,68,0,18,1,1,2,5,0,43,"c(121.592016975205, 25.082158984189)",臺北捷運內湖站_BR19,297.3006098731870,3523.494474725080,3522.9957118531300,34
臺北市內湖區成功路四段６１巷３５弄２號,18000000,174233,0,0,63000,內湖區,房地(土地+建物),25.0802220101842,121.593403006714,紫星里,31.41,住,NA,NA,1121016,土地1建物1車位0,二層,五層,公寓(5樓含以下無電梯),住家用,鋼筋混凝土造,691203,103.31,3,1,2,有,無,NA,親友、員工、共有人或其他特殊關係間之交易；,RPXNMLOLJIIGFCA97DA,89.24,0,14.07,無,NA,2023-10-16,485,25.29253039894390,23.44700289242940,28.11478813794590,0,74.8037460973393,63000100011,0.12735712213519000,0.5023208587177260,89.84,35469.55,49.28928158868820,32.424126002223600,0,0,0,0,0,0,0,0,0,1,33,56,0,16,2,1,2,4,0,35,"c(121.593403006714, 25.0802220101842)",臺北捷運內湖站_BR19,416.4737638371910,3269.5087723300600,3269.0076832705700,43
臺北市內湖區成功路四段７０號,14150000,245362,0,0,63000,內湖區,房地(土地+建物),25.0828571967235,121.593048033115,內湖里,6.77,商,NA,NA,1121029,土地1建物1車位0,十二層,十四層,住宅大樓(11層含以上有電梯),住家用,鋼筋混凝土造,841003,57.67,1,1,1,有,有,NA,NA,RPVNMLQKJIIGFCA97EA,37.14,2.39,3.86,有,NA,2023-10-29,486,21.790147927002900,20.936956994960300,22.68661839013030,2.0469300316042000,37.40604066237940,63000100009,0.15998611834114200,0.5575221238938050,82.1,39669.95,40.6630581775681,29.972936393781500,0,0,0,0,0,0,0,0,0,1,39,68,0,16,2,1,3,5,0,42,"c(121.593048033115, 25.0828571967235)",臺北捷運內湖站_BR19,168.1942198801130,3549.6792524412900,3549.1720782456900,28
臺北市內湖區文德路２１０巷３０弄６號,15000000,180288,20.71,0,63000,內湖區,房地(土地+建物)+車位,25.0772300060267,121.584300008409,紫陽里,8.31,商,NA,NA,1121108,土地1建物1車位1,四層,十二層,住宅大樓(11層含以上有電梯),住家用,鋼筋混凝土造,990324,83.2,1,1,1,有,有,坡道機械,NA,RPPPMLLLJIIGFCA07DA,32.72,3.3,3.2,有,NA,2023-11-08,487,25.906728608530100,22.964800631359900,30.197001260356500,0,42.94136308608760,63000100019,0.15974309920743400,0.573517354468434,89.53,19862.87,43.74335341301960,29.705778087609800,0,0,0,0,0,0,1,0,0,0,15,21,0,6,0,1,1,0,0,16,"c(121.584300008409, 25.0772300060267)",臺北捷運文德站_BR18,182.64885602145100,3163.351268987020,3502.0346111940500,13
臺北市內湖區文德路２２巷２５號,17180000,178791,0,0,63000,內湖區,房地(土地+建物),25.0768200052328,121.579986010483,瑞陽里,34.25,住,NA,NA,1121021,土地1建物1車位0,四層,四層,公寓(5樓含以下無電梯),住家用,鋼筋混凝土造,671127,96.09,3,2,1,有,無,NA,NA,RPQNMLLLJIIGFCA07EA,80,0,16.09,無,NA,2023-10-21,489,21.55134797581420,20.8822952944711,22.39865191743770,0.0143789867172658,33.646441220196300,63000100020,0.1473154858748710,0.5466646945718090,87.31,38129.72,41.84124542728400,29.94426291948030,0,0,0,0,0,0,1,0,0,0,40,41,0,11,1,1,1,0,0,41,"c(121.579986010483, 25.0768200052328)",臺北捷運港墘站_BR17,571.2601367946450,3063.3559927190400,3773.640396563070,45
臺北市內湖區文德路２２巷４弄８號,14680000,181347,0,0,63000,內湖區,房地(土地+建物),25.0781749817907,121.579910992449,瑞陽里,19.01,住,NA,NA,1121105,土地2建物1車位0,五層,五層,公寓(5樓含以下無電梯),住家用,鋼筋混凝土造,691229,80.95,3,2,1,有,無,NA,頂樓加蓋；,RPRPMLTLJIIGFCA08DA,66.76,0,7.18,無,NA,2023-11-05,490,27.414181819322000,23.701940282802400,32.982627657605300,0,43.58259046362280,63000100020,0.1473154858748710,0.5466646945718090,87.31,38129.72,41.84124542728400,29.94426291948030,0,0,0,0,0,0,1,0,0,0,41,46,0,11,1,1,2,0,0,43,"c(121.579910992449, 25.0781749817907)",臺北捷運港墘站_BR17,480.25073983408300,3212.800636247790,3882.9772766963200,43
臺北市內湖區文德路２７１號,42000000,248147,34.44,2500000,63000,內湖區,房地(土地+建物)+車位,25.0795569899862,121.588921035449,紫陽里,32.42,住,NA,NA,1121006,土地2建物1車位1,八層,十一層,住宅大樓(11層含以上有電梯),住家用,鋼筋混凝土造,961130,193.62,4,2,2,有,有,坡道平面,NA,RPTPMLPKJIIGFCA77DA,101.04,3.13,10.62,有,NA,2023-10-06,491,27.33516968581210,25.888274199440200,28.827968099576000,1.469637312934750,32.6095526389125,63000100019,0.15974309920743400,0.573517354468434,89.53,19862.87,43.74335341301960,29.705778087609800,0,0,0,0,1,0,0,0,0,0,20,47,0,16,1,1,1,0,0,21,"c(121.588921035449, 25.0795569899862)",臺北捷運文德站_BR18,363.7733308108540,3425.695086188130,3425.2287725840900,16
臺北市內湖區文湖街１１巷２９號,30000000,279512,19,1800000,63000,內湖區,房地(土地+建物)+車位,25.0856520166088,121.559034102391,西康里,36.96,住,NA,NA,1121009,土地2建物1車位1,一層,七層,華廈(10層含以下有電梯),住家用,鋼筋混凝土造,830923,119.89,3,2,2,有,無,坡道機械,NA,RPRNMLQKJIIGFCA57EA,103.81,9.74,0,有,NA,2023-10-09,492,25.025406433324500,23.881768731347000,26.545154269842300,3.2940589296448000,33.34656680651400,63000100002,0.16134793998571100,0.5681114551083590,86.45,8390.4,46.183619748229800,30.020126949989100,0,0,0,0,0,0,1,0,0,1,10,1,0,1,0,1,1,0,0,11,"c(121.559034102391, 25.0856520166088)",臺北捷運劍南路站_BR15,407.91690107952900,4477.558608346740,5974.783341187280,29
臺北市內湖區文湖街２１巷１１６號,23250000,176605,34.6,0,63000,內湖區,房地(土地+建物)+車位,25.0911080069333,121.559690992143,西康里,21.33,住,NA,NA,1121031,土地1建物1車位1,六層,十層,華廈(10層含以下有電梯),住家用,鋼筋混凝土造,970723,131.65,3,2,1,有,有,坡道平面,NA,RPVNMLOLIIIGFCA77EA,54.97,2.45,10.46,有,NA,2023-10-31,493,23.704416801504800,21.95247368163000,26.083009622880500,0.6560215069297740,32.934507907259,63000100002,0.16134793998571100,0.5681114551083590,86.45,8390.4,46.183619748229800,30.020126949989100,0,0,0,0,0,0,0,0,0,0,1,0,0,0,0,0,0,0,3,1,"c(121.559690992143, 25.0911080069333)",臺北捷運劍南路站_BR15,838.257683881471,5004.0153906059400,6354.731243755840,15
臺北市內湖區文湖街８１巷２４號,29000000,235501,40.5,3500000,63000,內湖區,房地(土地+建物)+車位,25.087171299168,121.564110732607,西湖里,29.39,住,NA,NA,1121010,土地1建物1車位1,三層,九層,華廈(10層含以下有電梯),住家用,鋼筋混凝土造,840307,148.78,3,2,2,有,有,坡道平面,陽台外推；,RPPNMLQJJIIGFCA27EA,127.75,1.59,8.19,有,435,2023-10-10,494,23.9853852702096,22.76330877282440,25.75186658857840,0.8674771577492620,34.52902715186880,63000100001,0.1238079579085830,0.4875041104899700,91.3,14869.41,48.92006233602310,35.42640836441190,0,0,0,0,1,0,2,0,0,0,19,5,0,4,0,1,1,1,0,20,"c(121.564110732607, 25.087171299168)",臺北捷運西湖站_BR16,680.8254530196960,4439.92433332743,5732.406975264950,28
臺北市內湖區新明路４２８巷１０號,38200000,197723,58.04,0,63000,內湖區,房地(土地+建物)+車位,25.054375099589,121.579582691439,行善里,26.35,住,NA,NA,1121010,土地1建物1車位2,十層,十四層,住宅大樓(11層含以上有電梯),住家用,鋼骨鋼筋混凝土造,1120221,193.2,2,2,2,有,有,坡道平面,NA,RPQOMLRLIIIGFCA57DA,84.42,0,5.48,有,583,2023-10-10,499,23.707367506572300,22.486470411939200,25.551823712312300,1.934412165055840,33.89660798954820,63000100027,0.1190061718626370,0.469219813261592,94.02,19053.14,39.67296086438140,23.00953863675110,0,0,0,0,0,0,0,0,0,0,14,9,0,3,1,1,1,1,0,15,"c(121.579582691439, 25.054375099589)",臺北捷運松山站_G19,460.286334762187,587.9439035587460,2801.1146938701200,0
臺北市內湖區新豐街３２號,31800000,305095,32.25,2700000,63000,內湖區,房地(土地+建物)+車位,25.0596148611278,121.582616917029,週美里,23.41,住,NA,NA,1121007,土地1建物1車位1,八層,十層,華廈(10層含以下有電梯),住家用,鋼筋混凝土造,1120117,127.63,2,2,2,有,有,坡道平面,NA,RPUOMLKLIIIGFCA27DA,52.36,0,9.83,有,NA,2023-10-07,501,27.04834109702780,24.87810092415040,30.977881318025200,10.878159095234500,29.314063054011600,63000100026,0.14364849553065600,0.5169331486843760,89.87,17439.2,48.47767785952400,25.303675654629500,0,0,0,0,0,0,1,0,0,0,11,1,0,1,1,0,0,0,0,11,"c(121.582616917029, 25.0596148611278)",臺北捷運松山站_G19,1115.044199457210,1234.232842363330,2581.6968695689900,0
臺北市內湖區星雲街１０２號,32700000,256978,35,2500000,63000,內湖區,房地(土地+建物)+車位,25.0790158124077,121.593656978381,紫雲里,27.69,住,NA,NA,1121024,土地2建物1車位1,九層,十二層,住宅大樓(11層含以上有電梯),住家用,鋼筋混凝土造,930107,152.53,2,2,2,有,有,坡道平面,陽台外推；,RPUPMLNLJIIGFCA77DA,90.06,0,8.29,有,NA,2023-10-24,502,26.35104395338860,23.545975002132100,30.682643831271200,0,29.694588014475900,63000100016,0.12340425531914900,0.5047619047619050,89.66,15294.58,41.94775550546600,25.15850874330240,0,0,0,0,0,0,0,0,0,0,33,47,0,14,2,0,1,1,0,34,"c(121.593656978381, 25.0790158124077)",臺北捷運內湖站_BR19,544.4194755299880,3138.04657973751,3137.548127258760,19
臺北市內湖區星雲街１６３號,20880000,245157,0,0,63000,內湖區,房地(土地+建物)+車位,25.0812599831639,121.596442033349,清白里,11.98,NA,NA,NA,1121001,土地1建物1車位1,十層,十四層,住宅大樓(11層含以上有電梯),住家用,鋼筋混凝土造,880901,85.17,2,2,1,有,有,坡道機械,夾層；,RPRNMLQJJIIGFCA47EA,45.18,0,5.38,有,NA,2023-10-01,503,26.521660089631000,24.953281940992200,29.910011402625100,12.111378213420100,40.09705009876930,63000100017,0.18536071616640300,0.6105845181674570,86.33,23515.57,40.85396244544710,26.200365504867900,0,0,0,0,0,0,0,0,0,1,29,42,0,11,1,0,1,2,0,30,"c(121.596442033349, 25.0812599831639)",臺北捷運內湖站_BR19,366.0131924075010,3257.9345996921400,3257.412147325910,24
臺北市內湖區星雲街１６８巷３５號,7800000,252264,0,0,63000,內湖區,房地(土地+建物),25.0799009832926,121.59701502025,清白里,5.72,住,NA,NA,1121010,土地1建物1車位0,十七層,二十一層,住宅大樓(11層含以上有電梯),住家用,鋼筋混凝土造,860124,30.92,1,1,1,有,有,NA,陽台外推；夾層；其他增建；,RPWNMLPLIIIGFCA87DA,18.32,1,2.9,有,NA,2023-10-10,504,23.506864347198000,22.21828004746990,25.16278260724440,3.522760760584820,35.1416873313679,63000100017,0.18536071616640300,0.6105845181674570,86.33,23515.57,40.85396244544710,26.200365504867900,0,0,0,0,0,0,0,0,0,0,17,12,0,6,1,0,1,1,0,18,"c(121.59701502025, 25.0799009832926)",臺北捷運內湖站_BR19,522.9287109971810,3096.7285189985900,3096.205846355650,26
臺北市內湖區東湖路１０６巷７弄１５號,18500000,160187,0,0,63000,內湖區,房地(土地+建物),25.0682000140977,121.61430697032,五分里,34.12,商,NA,NA,1121030,土地1建物1車位0,五層,五層,公寓(5樓含以下無電梯),住家用,鋼筋混凝土造,711228,115.49,11,0,11,有,無,NA,陽台外推；頂樓加蓋；其他增建；,RPPPMLMLJIIGFCA17DA,96.88,0,18.61,無,821,2023-10-30,505,23.519161946072100,21.765837439554600,26.166649939933700,0.13963469650893300,32.60241147497620,63000100022,0.10907465355386700,0.4599910594546270,89.25,37389.25,47.85676250694130,19.11608093462250,0,0,0,0,0,1,3,0,0,0,35,33,0,8,2,1,1,1,0,36,"c(121.61430697032, 25.0682000140977)",臺北捷運東湖站_BR22,286.64999621521800,1766.8258498125400,1766.31685942862,41
臺北市內湖區東湖路１０６巷７弄３８號,15200000,170595,0,0,63000,內湖區,房地(土地+建物),25.0681130099428,121.613114979869,五分里,28.52,商,NA,NA,1121021,土地2建物1車位0,三層,五層,公寓(5樓含以下無電梯),住家用,鋼筋混凝土造,750807,89.1,3,2,2,有,無,NA,NA,RPXNMLRLJIIGFCA28DA,79.55,0,9.55,無,NA,2023-10-21,506,21.032513279835600,20.141086866042500,22.106389139589000,5.2172399874294000,32.67577506451200,63000100022,0.10907465355386700,0.4599910594546270,89.25,37389.25,47.85676250694130,19.11608093462250,0,0,0,0,0,1,3,0,0,0,36,35,0,8,1,1,1,1,0,37,"c(121.613114979869, 25.0681130099428)",臺北捷運東湖站_BR22,177.94395506123400,1713.3811229479300,1712.8593753677100,37
臺北市內湖區東湖路１１３巷４９弄７號,10600000,95945,0,0,63000,內湖區,房地(土地+建物),25.0701690069726,121.615643967695,安湖里,29.3,住,NA,NA,1121017,土地1建物1車位0,四層,五層,公寓(5樓含以下無電梯),住家用,鋼筋混凝土造,730801,110.48,3,2,2,有,無,NA,親友、員工、共有人或其他特殊關係間之交易；,RPVNMLOKJIIGFCA77EA,90.05,0,11.01,無,NA,2023-10-17,507,24.64620306958990,22.848050216714000,26.71271260200940,0,80.54912056353170,63000100031,0.12569145666871500,0.5196681007990170,90.83,49850.83,47.418017329925000,22.65359969418520,0,0,0,0,0,1,3,0,0,0,44,39,0,10,2,1,2,0,0,46,"c(121.615643967695, 25.0701690069726)",臺北捷運東湖站_BR22,519.6553794144780,2020.9476695219700,2020.4427903376700,39
臺北市內湖區東湖路１１３巷４９弄８６號,37500000,174030,0,0,63000,內湖區,房地(土地+建物)+車位,25.070335010565,121.614746014408,安湖里,48.21,住,NA,NA,1121105,土地1建物1車位1,六層,十三層,住宅大樓(11層含以上有電梯),住家用,鋼筋混凝土造,791126,215.48,4,2,2,有,有,坡道平面,其他增建；,RPTOMLOKJIIGFCA57DA,153.12,0,20.83,有,98,2023-11-05,508,26.702460090720100,23.109380054161900,31.57437288831880,0,39.39413538946100,63000100031,0.12569145666871500,0.5196681007990170,90.83,49850.83,47.418017329925000,22.65359969418520,0,0,0,0,0,1,3,0,0,0,41,40,0,9,2,1,1,0,0,42,"c(121.614746014408, 25.070335010565)",臺北捷運東湖站_BR22,468.2283249848310,2002.098555076920,2001.583824836680,33
臺北市內湖區東湖路１１９巷４９弄１６號,18800000,168504,0,0,63000,內湖區,房地(土地+建物),25.0699009956186,121.61699404084,東湖里,31.02,住,NA,NA,1121001,土地1建物1車位0,二層,五層,公寓(5樓含以下無電梯),住家用,鋼筋混凝土造,740524,111.57,3,2,2,有,無,NA,陽台外推；其他增建；,RPSOMLMKIIIGFCA17DA,82.55,0,19.42,無,379,2023-10-01,509,27.28218468094150,25.86641597375180,30.110521522095000,9.031537101743620,41.01039430319460,63000100023,0.10929432013769400,0.4710269650028690,91.72,51831.33,41.280197488753300,22.941280193450700,0,0,0,0,0,1,2,0,0,0,43,35,0,9,2,1,3,1,0,46,"c(121.61699404084, 25.0699009956186)",臺北捷運東湖站_BR22,614.2746621745750,2054.9993002626500,2054.5108053287000,38
臺北市內湖區民權東路六段１２０巷３弄４號,20000000,200361,0,0,63000,內湖區,房地(土地+建物),25.0683839968724,121.587407012278,湖元里,30.87,住,NA,NA,1121008,土地1建物1車位0,二層,五層,公寓(5樓含以下無電梯),住家用,鋼筋混凝土造,730130,99.82,3,2,2,有,無,NA,陽台外推；,RPRNMLNKJIIGFCA17DA,77.76,0,15.02,無,561,2023-10-08,512,25.295117330076000,24.385447716422000,27.28364283178860,13.46262862498810,32.930771254515800,63000100030,0.1293480160811050,0.5266561789896870,90.57,2822.13,49.368831753645000,31.305944450010100,0,1,0,0,0,1,1,0,0,1,16,11,0,2,1,2,0,0,0,16,"c(121.587407012278, 25.0683839968724)",臺北捷運文德站_BR18,1129.863586910890,2316.5098115590900,2594.488157502400,39
臺北市內湖區民權東路六段１４６號,12666666.666666700,246095.33333333300,1.96,1000000,63000,內湖區,房地(土地+建物),25.0688167964429,121.589516821126,湖興里,4.43,商,NA,NA,1121105,土地1建物1車位0,五層,十二層,住宅大樓(11層含以上有電梯),住家用,鋼筋混凝土造,960621,44.44,1,1,1,有,有,NA,NA,RPXOMLSLJIIGFCA48DA,27.46,0.95,0,有,NA,2023-11-05,513,27.342017474896700,23.727706961975700,32.79951076496080,0,44.25089442566300,63000100029,0.12048192771084300,0.4711891042430590,95.56,15586.58,44.56540227171880,29.88603503488930,0,1,0,0,0,1,0,0,0,1,19,12,0,3,1,2,0,0,0,19,"c(121.589516821126, 25.0688167964429)",臺北捷運文德站_BR18,1139.2996754665800,2451.783122627950,2465.860037304580,16
臺北市內湖區民權東路六段１５０之１號,9927500,240772.75,0,0,63000,內湖區,房地(土地+建物),25.068768390952,121.590157701443,寶湖里,3.13,商,NA,NA,1121105,土地1建物1車位0,十層,十四層,住宅大樓(11層含以上有電梯),住家用,鋼筋混凝土造,980106,39.26,0,0,0,無,有,NA,NA,RPPNMLSJJIIGFCA37DA,22.83,0.84,0,有,139,2023-11-05,514,27.33993041958170,23.728588786085100,32.79437018521460,0,44.19344949058730,63000100039,0.21297718945751100,0.6429500059094670,90.3,9414.51,44.3605748229989,22.818986787223300,0,1,0,0,0,1,0,0,0,1,18,12,0,3,1,2,0,0,0,18,"c(121.590157701443, 25.068768390952)",臺北捷運文德站_BR18,1168.6114441436600,2415.784732340030,2415.3980139176600,14
臺北市內湖區民權東路六段１７９號,21780000,266389,0,0,63000,內湖區,房地(土地+建物),25.0680452841651,121.596953329443,湖興里,13.14,住,NA,NA,1121008,土地2建物1車位0,五層,十一層,住宅大樓(11層含以上有電梯),住家用,鋼筋混凝土造,1041016,81.76,2,2,1,有,有,NA,陽台外推；,RPVOMLSJJIIGFCA08DA,44.21,5.83,4.78,有,519,2023-10-08,515,25.26595373598460,24.377736465194100,27.16165941089960,17.01208492126730,32.844405631685100,63000100029,0.12048192771084300,0.4711891042430590,95.56,15586.58,44.56540227171880,29.88603503488930,0,0,0,0,0,0,0,0,0,0,7,4,0,1,0,0,0,0,0,7,"c(121.596953329443, 25.0680452841651)",臺北捷運葫洲站_BR21,1161.8740208954200,1914.9382426505300,1914.4735935475500,8
臺北市內湖區民權東路六段１８０巷４２弄３０號,48000000,206278,41.32,2000000,63000,內湖區,房地(土地+建物)+車位,25.0673549925291,121.591946986314,湖興里,49.82,住,NA,NA,1121011,土地1建物1車位1,五層,七層,華廈(10層含以下有電梯),住家用,鋼筋混凝土造,1030901,264.32,3,2,2,有,有,坡道平面,NA,RPSOMLPLIIIGFCA57DA,115.67,7.5,11.24,有,NA,2023-10-11,517,24.089162269676400,22.028652075263700,26.68025253012070,0.15807020306308100,39.33209399211720,63000100029,0.12048192771084300,0.4711891042430590,95.56,15586.58,44.56540227171880,29.88603503488930,0,1,0,0,0,1,0,0,0,0,14,10,0,3,1,2,0,0,0,14,"c(121.591946986314, 25.0673549925291)",臺北捷運文德站_BR18,1388.0719852444700,2177.2571344488900,2176.867958634940,9
臺北市內湖區民權東路六段２１０巷２１弄３號,12000000,268637,0,0,63000,內湖區,房地(土地+建物),25.0668579875803,121.597875003516,湖興里,6.64,商,NA,NA,1121015,土地1建物1車位0,二層,九層,華廈(10層含以下有電梯),住家用,鋼筋混凝土造,1081111,44.67,1,1,1,有,有,NA,夾層；,RPVNMLRKJIIGFCA08EA,21.18,2.89,4.14,有,669,2023-10-15,522,24.319829819434800,22.716475293097300,27.17944954050990,0,74.96332323972390,63000100029,0.12048192771084300,0.4711891042430590,95.56,15586.58,44.56540227171880,29.88603503488930,0,0,0,0,0,0,0,0,0,0,3,2,0,0,0,0,0,0,0,3,"c(121.597875003516, 25.0668579875803)",臺北捷運葫洲站_BR21,1144.2444325015600,1753.991282499790,1753.5256086835000,4
臺北市內湖區民權東路六段２８０巷１９弄７號,23200000,160332,0,0,63000,內湖區,房地(土地+建物),25.0715669826938,121.604916975649,葫洲里,46.38,住,NA,NA,1121021,土地1建物1車位0,二層,五層,公寓(5樓含以下無電梯),住家用,鋼筋混凝土造,771012,144.7,3,2,2,有,無,NA,陽台外推；其他增建；,RPQOMLMJJIIGFCA96DA,108,9.83,13.57,無,NA,2023-10-21,524,21.203816124800300,20.374328366407000,22.223373927812100,3.583932764729540,33.089605848778,63000100018,0.1687729963205890,0.6015037593984960,88.77,32327.75,45.814977964793100,19.72802144805060,0,0,0,0,0,0,1,0,0,0,16,18,0,5,0,1,0,0,0,16,"c(121.604916975649, 25.0715669826938)",臺北捷運葫洲站_BR21,269.2102282248460,2008.299659780130,2007.7488067967700,35
臺北市內湖區民權東路六段４２３號,13100000,269204,11.4,1500000,63000,內湖區,房地(土地+建物)+車位,25.0712229893875,121.603932018207,金湖里,7.68,住,NA,NA,1121016,土地1建物1車位1,八層,九層,華廈(10層含以下有電梯),住家用,鋼筋混凝土造,980629,54.49,1,1,1,有,有,升降機械,NA,RPQOMLQJJIIGFCA37DA,23.16,3.42,2.08,有,491,2023-10-16,527,24.978646227067100,23.14753978139440,27.7017569738435,0,75.18663523144690,63000100034,0.19782022735263100,0.6568615961561000,86.4,12714.95,44.65869105634640,20.0985221646589,0,0,0,0,0,0,1,0,0,0,12,13,0,4,0,1,0,0,0,12,"c(121.603932018207, 25.0712229893875)",臺北捷運葫洲站_BR21,375.6201917849750,1985.2115435336300,1984.6649362014700,14
臺北市內湖區江南街１２６號,18500000,189860,0,0,63000,內湖區,房地(土地+建物),25.0762939988991,121.575607974816,港墘里,33.08,住,NA,NA,1121003,土地1建物1車位0,四層,四層,公寓(5樓含以下無電梯),住家用,鋼筋混凝土造,690428,97.44,3,2,1,有,無,NA,NA,RPVNMLSKIIIGFCA97DA,84.12,0,13.32,無,NA,2023-10-03,528,25.494044808482900,23.407427792214,27.587119455485000,9.032257007081590,42.58022574399900,63000100005,0.14493865030674800,0.5419861963190190,88.01,9248.68,48.743842352526100,28.472906396927900,0,0,0,0,0,0,1,0,0,0,38,37,0,5,1,2,0,0,0,38,"c(121.575607974816, 25.0762939988991)",臺北捷運港墘站_BR17,430.52470586230100,3011.751319525120,4071.360396602960,43
臺北市內湖區江南街６５巷２５之３號,22100000,245419,0,0,63000,內湖區,房地(土地+建物)+車位,25.0771269924366,121.578063034256,港墘里,18.57,住,NA,NA,1121024,土地1建物1車位1,四層,八層,華廈(10層含以下有電梯),住家用,鋼筋混凝土造,1050913,90.05,2,1,1,有,有,升降機械,NA,RPOPMLMLJIIGFCA07DA,39.73,3.99,5.34,有,738,2023-10-24,529,26.3925782619956,23.50351499682800,30.698168523675400,0,29.58596011187880,63000100005,0.14493865030674800,0.5419861963190190,88.01,9248.68,48.743842352526100,28.472906396927900,0,0,0,0,0,0,0,0,0,0,40,51,0,8,1,2,1,0,0,41,"c(121.578063034256, 25.0771269924366)",臺北捷運港墘站_BR17,414.3327392468230,3092.3420801330400,3940.140093926200,7
臺北市內湖區江南街９６巷３號,29400000,179279,22.9,0,63000,內湖區,房地(土地+建物)+車位,25.0771715003425,121.576908091817,港墘里,20.51,住,NA,NA,1121020,土地1建物1車位1,四層，電梯樓梯間,十六層,住宅大樓(11層含以上有電梯),住家用,鋼筋混凝土造,851113,163.99,4,2,2,有,有,坡道機械,陽台外推；其他增建；,RPROMLRKJIIGFCA67DA,85.82,30.31,9.48,有,NA,2023-10-20,531,24.789233869013900,21.3987873009963,28.194980291252700,0,50.27571049899060,63000100005,0.14493865030674800,0.5419861963190190,88.01,9248.68,48.743842352526100,28.472906396927900,0,0,0,0,0,0,1,0,0,0,40,48,0,8,1,2,0,0,0,40,"c(121.576908091817, 25.0771715003425)",臺北捷運港墘站_BR17,355.1801698656640,3100.1341141550400,4031.3963397309600,27
臺北市內湖區港墘路２６巷８之１號,20580000,181242,0,0,63000,內湖區,房地(土地+建物),25.082707998847,121.577681992938,港華里,31.68,住,NA,NA,1121007,土地1建物1車位0,四層,五層,公寓(5樓含以下無電梯),住家用,鋼筋混凝土造,720513,113.55,3,2,2,有,無,NA,陽台外推；,RPTQMLMKIIIGFCA47DA,92.49,0,10.35,無,NA,2023-10-07,533,27.017554035847300,24.890987947758800,31.078327844554100,8.99613579870097,29.94412868933570,63000100008,0.14584939604214900,0.5488306347982520,88.96,13687.9,54.93255321714080,26.474890293113100,0,0,0,0,0,0,0,0,0,0,28,32,0,6,1,0,2,0,0,30,"c(121.577681992938, 25.082707998847)",臺北捷運港墘站_BR17,344.65939106060700,3710.912469728700,4400.053736908040,40
臺北市內湖區港墘路５３號,17880000,187421,0,0,63000,內湖區,房地(土地+建物),25.0815709936812,121.578447009241,港富里,28.29,住,NA,NA,1121022,土地1建物1車位0,二層,五層,公寓(5樓含以下無電梯),住家用,鋼筋混凝土造,720526,95.4,3,2,2,有,無,NA,NA,RPVNMLLLJIIGFCA47DA,88.8,0,6.6,無,NA,2023-10-22,534,23.486003858851400,21.497012767369400,25.290350140437100,0,28.893405782881800,63000100007,0.1354357657988020,0.5181518151815180,91.57,26270.78,51.51706699565150,29.28255372482890,0,0,0,0,0,0,0,0,0,0,29,40,0,6,1,1,2,0,0,31,"c(121.578447009241, 25.0815709936812)",臺北捷運港墘站_BR17,317.9477076328310,3584.603023101670,4255.327236717680,40
臺北市內湖區港華街９９號,18050000,266545.5,25.49,1900000,63000,內湖區,房地(土地+建物)+車位,25.083532987667,121.573726991924,港華里,10.64,住,NA,NA,1121102,土地1建物1車位1,六層,十層,華廈(10層含以下有電梯),住家用,鋼筋混凝土造,1010515,84.06,2,1,1,有,有,升降機械,NA,RPPNMLNLJIIGFCA17EA,44.14,2.66,3.02,有,46,2023-11-02,535,26.893301265168300,24.167976559927500,31.35682925071500,0,32.56476379856200,63000100008,0.14584939604214900,0.5488306347982520,88.96,13687.9,54.93255321714080,26.474890293113100,0,0,0,0,0,0,1,0,0,0,19,23,0,4,0,0,1,0,0,20,"c(121.573726991924, 25.083532987667)",臺北捷運港墘站_BR17,420.8933023864170,3829.034065321410,4743.917488562350,11
臺北市內湖區環山路一段１３６巷６號,15000000,165253,0,0,63000,內湖區,房地(土地+建物),25.086794009007,121.56879901959,西安里,32.39,住,NA,NA,1121018,土地1建物1車位0,二層,四層,公寓(5樓含以下無電梯),住家用,鋼筋混凝土造,660628,90.77,2,1,1,有,有,NA,親友、員工、共有人或其他特殊關係間之交易；陽台外推；,RPWOMLOLIIIGFCA87DA,83.87,0,6.9,無,NA,2023-10-18,538,27.609672527768900,25.09013650863130,31.16664613826720,0,62.6314904698772,63000100003,0.14253075571177500,0.5458699472759230,89.78,5158.08,50.01185113770760,34.866082001690900,0,0,0,0,1,0,0,0,0,0,13,6,0,2,0,1,1,2,0,14,"c(121.56879901959, 25.086794009007)",臺北捷運西湖站_BR16,554.3456514086270,4270.652448254200,5352.597012991430,46
臺北市內湖區環山路一段６０巷１號,14500000,160079,0,0,63000,內湖區,房地(土地+建物),25.0870730006541,121.56653096041,西安里,37.08,住,NA,NA,1121112,土地1建物1車位0,四層,四層,公寓(5樓含以下無電梯),住家用,鋼筋混凝土造,690624,90.58,3,2,1,有,無,NA,陽台外推增建,RPUOMLSLJIIGFCA18DA,75.04,0,15.54,無,NA,2023-11-12,540,20.863561708981300,18.939799232252600,21.89225431760520,2.432141552118190,31.57247037775570,63000100003,0.14253075571177500,0.5458699472759230,89.78,5158.08,50.01185113770760,34.866082001690900,0,0,0,0,1,0,0,0,0,0,15,9,0,4,0,0,1,1,0,16,"c(121.56653096041, 25.0870730006541)",臺北捷運西湖站_BR16,581.9714755338120,4357.175790819210,5541.654555504650,43
臺北市內湖區環山路一段６９號,15320000,169882,0,0,63000,內湖區,房地(土地+建物),25.0862859818555,121.568468018234,西湖里,36.5,住,NA,NA,1121005,土地1建物1車位0,三層,四層,公寓(5樓含以下無電梯),住家用,鋼筋混凝土造,670605,90.18,4,2,1,有,無,NA,陽台外推；其他增建；,RPWOMLKLIIIGFCA47DA,82.37,0,7.81,無,NA,2023-10-05,541,26.95046570726370,25.24396382728010,29.14478948439100,26.269172102120500,30.59017568746910,63000100001,0.1238079579085830,0.4875041104899700,91.3,14869.41,48.92006233602310,35.42640836441190,0,0,0,0,1,0,0,0,0,0,16,14,0,4,0,1,1,1,0,17,"c(121.568468018234, 25.0862859818555)",臺北捷運西湖站_BR16,492.56208152807800,4223.486058124760,5338.551819501330,45
臺北市內湖區環山路二段５３巷５弄４號,16300000,172032,0,0,63000,內湖區,房地(土地+建物),25.0844769995122,121.57311796284,港華里,32.53,住,NA,NA,1121020,土地2建物1車位0,四層,四層,公寓(5樓含以下無電梯),住家用,鋼筋混凝土造,681015,94.75,3,2,1,有,無,NA,陽台外推；其他增建；,RPRNMLLMIIIGFCA07DA,80.71,0,14.04,無,631,2023-10-20,543,24.74320261930880,21.350702733590700,28.140211080366200,0.13049276402453000,53.91357749150760,63000100008,0.14584939604214900,0.5488306347982520,88.96,13687.9,54.93255321714080,26.474890293113100,0,0,0,0,0,0,1,0,0,0,14,16,0,4,0,0,2,0,0,16,"c(121.57311796284, 25.0844769995122)",臺北捷運港墘站_BR17,542.0911101249050,3940.4636412166200,4861.065509823520,44
臺北市內湖區環山路二段７７巷８號,40880000,214402,43.02,0,63000,內湖區,房地(土地+建物)+車位,25.084696982561,121.574437022942,港華里,31.3,住,NA,NA,1121028,土地1建物1車位2,八層,十三層,住宅大樓(11層含以上有電梯),住家用,鋼筋混凝土造,951124,190.67,2,2,2,有,有,坡道機械,陽台外推；其他增建；,RPWOMLOKJIIGFCA87DA,90.85,8.88,8.76,有,NA,2023-10-28,544,21.69591423093770,20.253490329192400,23.16910315155840,2.5532640306952800,39.84240630518700,63000100008,0.14584939604214900,0.5488306347982520,88.96,13687.9,54.93255321714080,26.474890293113100,0,0,0,0,0,0,0,0,0,0,16,17,0,2,0,0,1,0,0,17,"c(121.574437022942, 25.084696982561)",臺北捷運港墘站_BR17,516.0517398331770,3949.4805141856900,4785.0189059105900,17
臺北市內湖區行善路２５巷５２號,22500000,179140,0,0,63000,內湖區,房地(土地+建物),25.0569470157181,121.577282008518,湖元里,47.79,住,NA,NA,1121028,土地1建物1車位0,九層,九層,華廈(10層含以下有電梯),住家用,鋼筋混凝土造,870506,125.6,3,2,2,有,有,NA,NA,RPTNMLRKJIIGFCA77DA,75.03,0,7.06,有,NA,2023-10-28,545,21.55902981018500,19.94316307428950,23.200000000000000,4.83250651494265,38.55943169282070,63000100030,0.1293480160811050,0.5266561789896870,90.57,2822.13,49.368831753645000,31.305944450010100,0,0,0,0,0,0,0,0,0,0,10,5,0,1,1,1,1,0,0,11,"c(121.577282008518, 25.0569470157181)",臺北捷運松山站_G19,714.4574734248880,862.4397735612090,3054.74074097049,25
臺北市內湖區行善路２９７號,38680000,232942,42.04,0,63000,內湖區,房地(土地+建物)+車位,25.0620267843185,121.584495893486,週美里,24.4,都市：其他:住商混合區(為容積接收區)。,NA,NA,1121028,土地1建物1車位1,七層,十四層,住宅大樓(11層含以上有電梯),住家用,鋼筋混凝土造,1070711,166.05,3,2,2,有,有,坡道平面,其他增建；,RPRNMLOLJIIGFCA37DA,68.35,4.76,8.47,有,783,2023-10-28,546,21.625590457525100,20.07044961698550,23.2,4.023206596426410,38.35119984043430,63000100026,0.14364849553065600,0.5169331486843760,89.87,17439.2,48.47767785952400,25.303675654629500,0,0,0,0,0,0,0,0,0,0,16,5,0,0,0,0,0,0,0,16,"c(121.584495893486, 25.0620267843185)",臺北捷運松山站_G19,1438.8011501777600,1553.6785330726900,2486.8426432818200,5
臺北市內湖區行善路３號,23500000,202778,0,0,63000,內湖區,房地(土地+建物),25.0557310111149,121.5749860376,湖元里,43.9,住,NA,NA,1121001,土地1建物1車位0,六層,八層,華廈(10層含以下有電梯),住家用,鋼筋混凝土造,870506,115.89,3,2,1,有,有,NA,陽台外推；,RPROMLKLIIIGFCA96DA,70.1,0,6.38,有,515,2023-10-01,547,27.437205634333000,25.76800202962330,30.63534353912130,9.0840337187338,39.715496779381000,63000100030,0.1293480160811050,0.5266561789896870,90.57,2822.13,49.368831753645000,31.305944450010100,0,0,0,0,0,0,0,0,0,0,6,2,0,0,0,0,0,0,0,6,"c(121.5749860376, 25.0557310111149)",臺北捷運松山站_G19,646.8684820501670,793.4322046912900,3272.223472895500,25
臺北市內湖區金龍路２１６號,16500000,154828,0,0,63000,內湖區,房地(土地+建物),25.0879119872525,121.586968974018,金瑞里,29.91,住,NA,NA,1121022,土地1建物1車位0,二層,五層,公寓(5樓含以下無電梯),住家用,鋼筋混凝土造,691208,106.57,3,2,2,有,無,NA,陽台外推；其他增建；,RPSOMLNKJIIGFCA37DA,90.14,0,16.43,無,NA,2023-10-22,551,22.706041492821400,20.80042997762500,24.464490515375000,0.07620525256640010,28.879367546946700,63000100014,0.12905968372725700,0.5073967012412850,89.69,2875.27,50.35041610811420,28.799824785633000,0,0,0,0,0,0,0,0,0,0,18,7,0,3,0,1,1,3,0,19,"c(121.586968974018, 25.0879119872525)",臺北捷運內湖站_BR19,859.3117269997910,4323.1797005893900,4322.691389306660,43
臺北市內湖區陽光街１６１巷１弄５號,13980000,170800,0,0,63000,內湖區,房地(土地+建物),25.0748220109729,121.585475989424,紫陽里,24.32,住,NA,NA,1121015,土地1建物1車位0,一層,五層,公寓(5樓含以下無電梯),住家用,鋼筋混凝土造,720129,81.85,3,2,2,有,有,NA,NA,RPPQMLLMIIIGFCA17DA,73.28,8.57,0,無,421,2023-10-15,553,24.37013818962910,22.70547680886130,27.19461584223930,0,74.90059859262580,63000100019,0.15974309920743400,0.573517354468434,89.53,19862.87,43.74335341301960,29.705778087609800,0,0,0,0,0,0,1,0,0,0,8,11,0,5,0,0,1,0,0,9,"c(121.585475989424, 25.0748220109729)",臺北捷運文德站_BR18,400.7956556383470,2929.4061963001200,3224.9716617189000,40
臺北市內湖區陽光街１６１巷１２之３２號,11700000,273556,0,0,63000,內湖區,房地(土地+建物),25.074570009054,121.585052032762,紫陽里,22.05,住,NA,NA,1121012,土地1建物1車位0,四層,五層,華廈(10層含以下有電梯),住家用,鋼筋混凝土造,1080716,42.77,1,1,1,有,有,NA,NA,RPSPMLOKJIIGFCA57DA,23.26,2.88,0,有,610,2023-10-12,554,25.56954006028460,23.47893975836030,28.025541303340300,0,38.207022579676400,63000100019,0.15974309920743400,0.573517354468434,89.53,19862.87,43.74335341301960,29.705778087609800,0,0,0,0,0,0,1,0,0,0,8,9,0,5,0,0,1,0,0,9,"c(121.585052032762, 25.074570009054)",臺北捷運文德站_BR18,431.37560365416300,2891.9185595116400,3234.237985999090,4
臺北市內湖區陽光街９２巷６號,12500000,183959,0,0,63000,內湖區,房地(土地+建物),25.0751779904008,121.585450005525,紫陽里,21.68,住,NA,NA,1121025,土地2建物1車位0,五層,五層,公寓(5樓含以下無電梯),住家用,鋼筋混凝土造,711224,67.95,2,2,1,有,無,NA,親友、員工、共有人或其他特殊關係間之交易；,RPWOMLNKJIIGFCA77DA,61.79,0,6.16,無,782,2023-10-25,556,26.077182229770000,24.000225594388000,29.284550464951400,0,24.043076452676700,63000100019,0.15974309920743400,0.573517354468434,89.53,19862.87,43.74335341301960,29.705778087609800,0,0,0,0,0,0,1,0,0,0,8,12,0,5,0,0,1,0,0,9,"c(121.585450005525, 25.0751779904008)",臺北捷運文德站_BR18,361.4177020310950,2966.9651836134900,3255.6337488028100,41
臺北市內湖區麗山街８０號,19200000,190741,0,0,63000,內湖區,房地(土地+建物),25.0827960088303,121.578699975078,港富里,27.15,住,NA,NA,1121011,土地2建物1車位0,四層,五層,公寓(5樓含以下無電梯),住家用,鋼筋混凝土造,721004,100.66,3,2,2,有,無,NA,NA,RPRNMLPLIIIGFCA37DA,85.75,0,14.91,無,NA,2023-10-11,557,24.19867770014790,21.970027535187800,26.84652137381940,0.00918157988539833,39.57407647812380,63000100007,0.1354357657988020,0.5181518151815180,91.57,26270.78,51.51706699565150,29.28255372482890,0,0,0,0,0,0,0,0,0,0,26,33,0,6,1,0,2,0,0,28,"c(121.578699975078, 25.0827960088303)",臺北捷運港墘站_BR17,419.7159310687490,3720.5237782780600,4338.159893766530,40
臺北市北投區一心路１巷５號,11580000,108407,0,0,63000,北投區,房地(土地+建物),25.1327130082681,121.47438802825,一德里,31.24,住,NA,NA,1121101,土地1建物1車位0,五層,五層,公寓(5樓含以下無電梯),住家用,鋼筋混凝土造,741015,106.82,3,2,2,有,無,NA,其他增建；,RPWNMLRJJIIGFEA18DA,91.4,0,12.38,無,NA,2023-11-01,558,25.84880104203490,23.17744114601690,28.639811958546800,0,33.859917845074800,63000120037,0.10855917929872900,0.43653345582606000,92.6,2762.6,44.77175184456270,27.40928598762990,0,0,0,0,0,0,0,0,0,0,2,0,0,0,0,0,0,0,0,2,"c(121.47438802825, 25.1327130082681)",臺北捷運忠義站_R24,205.3634199812590,10315.77781121820,10353.546819614500,38
臺北市北投區三合街一段３８號,15000000,161970,0,0,63000,北投區,房地(土地+建物)+車位,25.1272939821367,121.5060000408,奇岩里,13.69,住,NA,NA,1121115,土地1建物1車位1,七層,十層,華廈(10層含以下有電梯),住家用,鋼筋混凝土造,1061222,92.61,3,2,2,有,有,升降平面,親友、員工、共有人或其他特殊關係間之交易；,RPTNMLSLJIIGFEA18DA,39.3,2.96,4.7,有,86,2023-11-15,559,22.203182191068800,20.4803561994086,23.70504360421160,0,35.64002196400370,63000120020,0.14693180676910700,0.5199357236115300,90.64,6528.66,48.09018567001460,32.05570291352050,0,0,0,0,0,0,0,0,0,0,9,4,0,1,1,2,0,3,0,9,"c(121.5060000408, 25.1272939821367)",臺北捷運奇岩站_R21,522.379415212815,8890.183496542890,8889.011804862700,6
臺北市北投區三合街一段８２巷１０３號,19800000,211285,45.44,2200000,63000,北投區,房地(土地+建物)+車位,25.129045087438600,121.503931806192,奇岩里,16.22,住,NA,NA,1121011,土地1建物1車位1,四層,九層,華廈(10層含以下有電梯),住家用,鋼筋混凝土造,1040708,128.74,1,1,1,有,有,坡道平面,NA,RPOOMLKMIIIGFEA96DA,50.81,3.35,4.65,有,355,2023-10-11,561,25.200755547005600,23.40887486219200,26.817382860200800,0,46.4624359283919,63000120020,0.14693180676910700,0.5199357236115300,90.64,6528.66,48.09018567001460,32.05570291352050,0,0,0,0,0,0,0,0,0,0,12,29,0,6,1,1,1,5,0,13,"c(121.503931806192, 25.1290450874386)",臺北捷運奇岩站_R21,439.1604615157000,9107.844538449380,9109.300924182970,8
臺北市北投區三合街一段８２巷９９號,21300000,237602,27.27,1800000,63000,北投區,房地(土地+建物)+車位,25.129092487101,121.504042195857,奇岩里,15.97,住,NA,NA,1121010,土地1建物1車位1,四層,九層,華廈(10層含以下有電梯),住家用,鋼筋混凝土造,1040708,109.34,2,2,1,有,有,坡道機械,NA,RPVNMLRJJIIGFEA08DA,49.97,3.35,4.65,有,645,2023-10-10,562,25.70606807254810,23.980938830453600,27.92906190333230,0,37.702900041262000,63000120020,0.14693180676910700,0.5199357236115300,90.64,6528.66,48.09018567001460,32.05570291352050,0,0,0,0,0,0,0,0,0,0,13,29,0,6,1,1,1,5,0,14,"c(121.504042195857, 25.129092487101)",臺北捷運奇岩站_R21,450.58932657563300,9111.605403112050,9112.894386988090,8
臺北市北投區中和街３６８號,13350000,126790.5,0,1000000,63000,北投區,房地(土地+建物)+車位,25.1419960079445,121.499115983722,中和里,14.74,NA,NA,NA,1121107,土地1建物1車位1,五層，電梯樓梯間,十九層,住宅大樓(11層含以上有電梯),住家用,鋼筋混凝土造,870624,127.18,2,2,2,有,有,坡道平面,車位面積無法拆算陽台外推；其他增建；,RPRNMLKLJIIGFEA17DA,73.2,1.52,5.89,有,37,2023-11-07,564,20.908967155425100,19.367339028816500,21.99999149593680,0,45.44400929123930,63000120030,0.1079492003762940,0.4609595484477890,89.68,21046.07,48.43550445452250,35.759897817445800,0,0,0,0,0,0,0,0,0,0,15,10,0,4,0,1,0,3,0,15,"c(121.499115983722, 25.1419960079445)",臺北捷運新北投站_R22A,704.8888696797770,10597.56306836470,10602.493869613200,25
臺北市北投區中和街４１０號,11360000,107975,0,0,63000,北投區,房地(土地+建物),25.1437689900136,121.498080986318,中和里,39.83,住,NA,NA,1121022,土地3建物1車位0,四層,四層,公寓(5樓含以下無電梯),住家用,鋼筋混凝土造,660214,105.21,5,4,3,有,無,NA,陽台外推；頂樓加蓋；,RPQNMLOJKIIGFEA37DA,99.54,0,5.67,無,NA,2023-10-22,565,22.01751381385390,20.49041540026400,23.187188486895300,0.6750497614403830,36.85807922800980,63000120030,0.1079492003762940,0.4609595484477890,89.68,21046.07,48.43550445452250,35.759897817445800,0,0,0,0,0,0,0,0,0,0,18,7,0,5,0,1,1,2,0,19,"c(121.498080986318, 25.1437689900136)",臺北捷運新北投站_R22A,924.4820586286400,10808.210822531200,10813.990477177400,46
臺北市北投區中和街４９３巷９弄１５號,2500000,99206,0,0,63000,北投區,房地(土地+建物),25.1438209997229,121.495197024893,智仁里,7.81,住,NA,NA,1121109,土地1建物1車位0,二層,四層,公寓(5樓含以下無電梯),住家用,鋼筋混凝土造,660426,25.2,3,1,1,有,無,NA,土地建物共有持分親友、員工、共有人或其他特殊關係間之交易；,RPPNMLOJKIIGFEA37EA,20.68,0,4.53,無,133,2023-11-09,566,25.415052444955300,22.326505799992000,29.552429300503500,0,45.06861636181500,63000120031,0.09191668259124790,0.4272883623160710,89.39,54958.59,45.4771371656369,30.04473160287160,0,0,0,0,0,1,0,0,0,0,10,2,0,1,1,1,1,1,0,11,"c(121.495197024893, 25.1438209997229)",臺北捷運新北投站_R22A,1123.9657257446900,10865.505233371600,10874.690564085100,46
臺北市北投區中和街５０２巷１１弄６號,8800000,94148,0,0,63000,北投區,房地(土地+建物),25.1472390141092,121.494086003627,秀山里,31.96,都市：其他:保護區。,NA,NA,1121017,土地1建物1車位0,四層，陽臺,四層,公寓(5樓含以下無電梯),住家用,鋼筋混凝土造,640523,93.47,3,1,1,有,無,NA,頂樓加蓋；,RPQNMLRLJIIGFEA87EA,93.47,0,0,無,NA,2023-10-17,567,22.37674849375880,20.69789015868250,24.453278900662200,0,125.33100048228900,63000120032,0.08040730337078650,0.3809691011235960,91.61,2589.88,49.64131991887070,36.20277377513020,0,0,0,0,0,1,0,0,0,0,6,0,0,1,1,0,1,1,0,7,"c(121.494086003627, 25.1472390141092)",臺北捷運復興崗站_R23,1374.7240403825200,11258.578250834200,11268.171920640200,48
臺北市北投區中和街５０７巷６弄４號,10400000,117941,0,0,63000,北投區,房地(土地+建物),25.1448989962902,121.493905960347,智仁里,41,住,NA,NA,1121010,土地2建物1車位0,三層,四層,公寓(5樓含以下無電梯),住家用,鋼筋混凝土造,640221,88.18,3,2,1,有,無,NA,其他增建；,RPQOMLOKJIIGFEA47DA,88.18,0,0,無,796,2023-10-10,568,23.32810284244470,21.713925419707800,25.17210073557550,5.041108607104690,40.05738520859350,63000120031,0.09191668259124790,0.4272883623160710,89.39,54958.59,45.4771371656369,30.04473160287160,0,0,0,0,0,1,0,0,0,0,8,1,0,1,1,1,1,1,0,9,"c(121.493905960347, 25.1448989962902)",臺北捷運復興崗站_R23,1173.315923683580,11008.021177314500,11018.43158307840,48
臺北市北投區中央北路一段７０號,21000000,194444,0,0,63000,北投區,房地(土地+建物),25.1343400194935,121.500362037448,大同里,12.84,商,NA,NA,1121106,土地1建物1車位0,七層,十二層,住宅大樓(11層含以上有電梯),住家用,鋼筋混凝土造,830526,108,3,2,2,有,有,NA,陽台外推；,RPSNMLKKJIIGFEA17DA,76.58,1.09,10.78,有,85,2023-11-06,570,26.553088239436500,23.028815509034300,31.50489385019820,0,53.95360810357180,63000120024,0.11742503669532400,0.45942545607045500,92.37,8348.01,48.623853197491300,32.58270780300730,0,0,0,0,0,1,0,0,0,0,25,46,0,15,2,2,1,4,5,26,"c(121.500362037448, 25.1343400194935)",臺北捷運北投站_R22,197.8425974476920,9740.33524643898,9745.46773139169,29
臺北市北投區中央北路三段２５８巷１弄８號,8120000,95541,0,0,63000,北投區,房地(土地+建物),25.1359019871503,121.479263026956,桃源里,22.96,住,NA,NA,1121104,土地2建物1車位0,五層,五層,公寓(5樓含以下無電梯),住家用,鋼筋混凝土造,710226,84.99,3,2,1,有,無,NA,NA,RPUOMLKMJIIGFEA67DA,74.48,0,10.51,無,124,2023-11-04,571,26.674919127803900,23.34581354050070,31.145178681329100,0,40.36342168645600,63000120036,0.10360445367050400,0.4334780147197580,94.54,4901.11,40.58041111473270,28.149939533700100,0,0,0,0,0,0,0,0,0,0,0,0,0,0,0,0,0,2,0,0,"c(121.479263026956, 25.1359019871503)",臺北捷運復興崗站_R23,648.4209184090650,10457.009542434100,10487.68128575280,41
臺北市北投區中央北路三段４０巷３８弄１６號,15990000,185922.5,13.57,1000000,63000,北投區,房地(土地+建物)+車位,25.1401729859133,121.485453984461,桃源里,25.64,住,NA,NA,1121016,土地1建物1車位2,三層,七層,華廈(10層含以下有電梯),住家用,鋼筋混凝土造,1091231,107.76,1,2,1,有,有,坡道機械,NA,RPTOMLQKIIIGFEA87DA,45.37,5.6,4.31,有,330,2023-10-16,572,25.359557047613700,23.339982202710500,28.019010147456700,0,98.0734785255838,63000120036,0.10360445367050400,0.4334780147197580,94.54,4901.11,40.58041111473270,28.149939533700100,0,0,0,0,0,0,0,0,0,0,6,1,0,1,0,1,0,1,0,6,"c(121.485453984461, 25.1401729859133)",臺北捷運復興崗站_R23,276.2163159770270,10706.7279554612,10728.46998563840,3
臺北市北投區中央北路二段４０６號,11265000,196353,5.05,500000,63000,北投區,房地(土地+建物),25.138441997179,121.487469999812,豐年里,12.6,住,NA,NA,1121006,土地1建物1車位0,六層,十層,華廈(10層含以下有電梯),住家用,鋼筋混凝土造,941027,55.3,1,1,1,有,有,NA,陽台外推；,RPRNMLLJJIIGFEA07DA,33.97,1.38,4.59,有,NA,2023-10-06,573,28.192376414102400,26.653276862584000,29.386284993088900,0.8202968812382060,37.12644062163480,63000120034,0.08003277792952750,0.3908768096148590,93.82,5557.03,47.19887953529450,28.18627449993480,0,0,0,0,0,0,0,0,0,0,7,1,0,1,0,1,0,1,0,7,"c(121.487469999812, 25.138441997179)",臺北捷運復興崗站_R23,226.07332850243600,10465.933410930800,10485.978250535500,18
臺北市北投區中央北路二段４２巷１１弄１６號,14800000,150269,0,0,63000,北投區,房地(土地+建物),25.1378060202756,121.494942969407,文化里,27.52,住,NA,NA,1121110,土地1建物1車位0,二層,五層,華廈(10層含以下有電梯),住家用,鋼筋混凝土造,810602,98.49,3,2,1,有,無,NA,NA,RPSNMLKMJIIGFEA47EA,70.19,1.34,9.48,有,112,2023-11-10,574,25.92889419856090,23.67591306288390,29.7482063602564,0,51.794247589288900,63000120033,0.15475165087568200,0.5285673270169390,95.72,7871.92,51.311288463963800,32.383124275034900,0,0,0,0,0,0,0,0,0,0,7,11,0,0,0,1,0,1,0,7,"c(121.494942969407, 25.1378060202756)",臺北捷運北投站_R22,728.2538446138220,10217.449506228700,10228.609255110300,31
臺北市北投區中央北路四段３２４號,11880000,126410,0,0,63000,北投區,房地(土地+建物),25.1306619984706,121.472281991258,一德里,25.58,住,NA,NA,1121030,土地2建物1車位0,三層,五層,公寓(5樓含以下無電梯),住家用,鋼筋混凝土造,741205,93.98,2,2,1,有,有,NA,陽台外推；其他增建；,RPRPMLKMIIIGFEA37DA,78.8,0,6.37,無,NA,2023-10-30,575,24.751814068005100,22.4045477312413,28.10272380098010,0,33.85711561288030,63000120037,0.10855917929872900,0.43653345582606000,92.6,2762.6,44.77175184456270,27.40928598762990,0,0,0,0,1,0,0,0,0,0,7,1,0,1,0,0,0,1,0,7,"c(121.472281991258, 25.1306619984706)",臺北捷運忠義站_R24,116.40002231925900,10197.819631812600,10239.060740044800,38
臺北市北投區中央北路四段５０１號,9400000,138256,0,0,63000,北投區,房地(土地+建物),25.1282499801033,121.468796963556,一德里,23.25,住,NA,NA,1121009,土地1建物1車位0,三層，陽臺,四層,公寓(5樓含以下無電梯),住家用,鋼筋混凝土造,640507,67.99,2,1,1,有,無,NA,陽台外推；,RPSNMLKLIIIGFEA17DA,67.99,0,0,無,NA,2023-10-09,576,25.646035758944600,23.93581771569810,28.51147071832660,0.471682962554709,37.75287320213750,63000120037,0.10855917929872900,0.43653345582606000,92.6,2762.6,44.77175184456270,27.40928598762990,0,0,0,0,2,0,1,0,0,0,13,3,0,1,0,1,0,1,0,13,"c(121.468796963556, 25.1282499801033)",臺北捷運關渡站_R25,482.1106183918980,10116.803058559800,10163.260467950400,48
臺北市北投區中山路１之７號,8000000,156894,0,0,63000,北投區,房地(土地+建物),25.1369797643416,121.504787818932,中心里,8.27,都市：其他:特定觀光商業專用區。,NA,NA,1121025,土地1建物1車位0,三層,八層,華廈(10層含以下有電梯),住家用,鋼筋混凝土造,670404,50.99,2,1,1,有,有,NA,陽台外推；,RPUOMLKKJIIGFEA47DA,41.66,0,3.1,有,726,2023-10-25,579,25.53733750933390,23.391653683183600,28.08593970324980,0,30.770267916904900,63000120027,0.12722689075630300,0.5021848739495800,84.31,15128.37,45.67762268219770,33.94867176183060,0,0,0,0,0,1,0,0,0,0,16,16,0,4,1,1,1,2,5,17,"c(121.504787818932, 25.1369797643416)",臺北捷運新北投站_R22A,133.9271662181510,9969.988065111770,9968.756428992550,45
臺北市北投區中山路２８之１５號,5050000,136745,0,0,63000,北投區,房地(土地+建物),25.1374000008858,121.510204990166,林泉里,5.21,都市：其他:特定休閒旅館住宅專用區(另案擬訂定更新計畫地區)。,NA,NA,1121007,土地1建物1車位0,八層,八層,華廈(10層含以下有電梯),住家用,鋼筋混凝土造,701231,36.93,1,1,1,有,有,NA,NA,RPSNMLMLJIIGFEA57EA,25.06,0,5.21,有,710,2023-10-07,580,27.170855414073400,25.163777906714200,29.954948331727800,6.924880146791730,28.617314736789100,63000120026,0.115018315018315,0.4395604395604400,99.13,1979.43,45.93395759194980,34.549038918408600,0,0,0,0,0,0,0,0,0,0,5,1,0,0,0,0,0,4,0,5,"c(121.510204990166, 25.1374000008858)",臺北捷運新北投站_R22A,681.4738551051530,9970.971771707380,9962.603686882330,42
臺北市北投區中山路３號,17940000,195155.5,0,0,63000,北投區,房地(土地+建物),25.1370449853768,121.505194959,中心里,14.36,都市：其他:特定觀光商業專用區。,NA,NA,1121024,土地1建物1車位0,四層,二十五層,住宅大樓(11層含以上有電梯),住家用,鋼筋混凝土造,920127,101.1,2,2,2,有,有,NA,陽台外推；,RPXNMLSLJIIGFEA58DA,54.23,0,16.91,有,NA,2023-10-24,581,26.01194446178650,23.868358430705300,28.875125905883300,0,33.89250010263,63000120027,0.12722689075630300,0.5021848739495800,84.31,15128.37,45.67762268219770,33.94867176183060,0,0,0,0,0,1,0,0,0,0,16,15,0,4,1,1,1,2,5,17,"c(121.505194959, 25.1370449853768)",臺北捷運新北投站_R22A,174.98055160473500,9972.718357071040,9970.944831021980,20
臺北市北投區中山路３０號,3300000,108803,0,0,63000,北投區,房地(土地+建物),25.137484993384,121.51054403815,林泉里,6.55,都市：其他:特定休閒旅館住宅專用區(另案擬訂定更新計畫地區)。,NA,NA,1121012,土地1建物1車位0,六層,七層,華廈(10層含以下有電梯),住家用,鋼筋混凝土造,660106,30.33,0,0,0,無,有,NA,陽台外推；,RPUNMLRLJIIGFEA28EA,22.96,0,3.24,有,750,2023-10-12,582,25.231216022152500,23.715311550668900,27.316167480894700,0,44.643983654338900,63000120026,0.115018315018315,0.4395604395604400,99.13,1979.43,45.93395759194980,34.549038918408600,0,0,0,0,0,0,0,0,0,0,4,0,0,0,0,0,0,4,0,4,"c(121.51054403815, 25.137484993384)",臺北捷運新北投站_R22A,716.224644317994,9978.528401375730,9969.709468182900,46
臺北市北投區中山路４７號,3500000,107891,0,0,63000,北投區,房地(土地+建物),25.1387629821611,121.511685988638,林泉里,5.78,都市：其他:特定休閒旅館住宅專用區。,NA,NA,1121117,土地8建物1車位0,十層,十二層,住宅大樓(11層含以上有電梯),住家用,鋼筋混凝土造,730419,32.44,0,0,0,無,有,NA,陽台外推；,RPRNMLSLJIIGFEA08EA,18.18,0,4.5,有,79,2023-11-17,583,16.171672423513600,13.16871519725980,18.517879083885200,0.09759682740616070,53.51463087281060,63000120026,0.115018315018315,0.4395604395604400,99.13,1979.43,45.93395759194980,34.549038918408600,0,0,0,0,0,0,0,0,0,0,1,0,0,0,0,0,0,4,0,1,"c(121.511685988638, 25.1387629821611)",臺北捷運新北投站_R22A,851.8545640893130,10114.624638120200,10104.22684904250,39
臺北市北投區光明路２０１號,30000000,224215,45.18,2500000,63000,北投區,房地(土地+建物)+車位,25.1362000057177,121.50344800274,長安里,13.37,都市：其他:特定觀光商業專用區。,NA,NA,1121016,土地2建物1車位1,十層,二十四層,住宅大樓(11層含以上有電梯),住家用,鋼骨造,1060731,167.83,2,2,2,有,有,坡道平面,NA,RPUNMLMLJIIGFEA67DA,62.89,4.46,10.14,有,853,2023-10-16,586,25.75637843806330,24.560336359554800,27.654354863747500,0,101.95177860735000,63000120023,0.11144130757800900,0.4591381872213970,85.29,29317.02,43.83297126627250,29.954139505200500,0,0,0,0,0,1,0,0,0,0,19,35,0,6,3,1,0,3,5,19,"c(121.50344800274, 25.1362000057177)",臺北捷運新北投站_R22A,89.72798407854510,9900.1198344041,9900.780523100440,6
臺北市北投區光明路２２６號,15200000,183619,0,0,63000,北投區,房地(土地+建物),25.1360010193363,121.505464018092,長安里,11.07,都市：其他:特定觀光商業專用區。,NA,NA,1121014,土地1建物1車位0,十層,十層,華廈(10層含以下有電梯),住家用,鋼筋混凝土造,661205,82.78,3,2,1,有,有,NA,陽台外推；,RPROMLLJJIIGFEA17DA,72,0,0,有,NA,2023-10-14,587,24.88315975550620,23.862657877717500,26.687242814872500,0,45.589979607499100,63000120023,0.11144130757800900,0.4591381872213970,85.29,29317.02,43.83297126627250,29.954139505200500,0,0,0,0,0,1,0,0,0,0,16,17,0,4,1,1,0,5,5,16,"c(121.505464018092, 25.1360010193363)",臺北捷運新北投站_R22A,230.9155515858840,9854.862338760570,9852.9055376142,46
臺北市北投區公館路１４５巷２弄１２號,10000000,95329,0,0,63000,北投區,房地(土地+建物),25.129534,121.506051,奇岩里,31.49,住,NA,NA,1121023,土地6建物1車位0,四層,四層,公寓(5樓含以下無電梯),住家用,鋼筋混凝土造,700219,104.9,3,2,1,有,無,NA,親友、員工、共有人或其他特殊關係間之交易；頂樓加蓋；,RPTOMLLKQHIGFEA18EA,76.22,13.94,14.74,無,NA,2023-10-23,589,26.74058839675080,25.394642360158000,28.89116060494940,0,33.37734235727630,63000120020,0.14693180676910700,0.5199357236115300,90.64,6528.66,48.09018567001460,32.05570291352050,0,0,0,0,0,0,0,0,0,0,9,15,0,3,1,1,1,5,0,10,"c(121.506051, 25.129534)",臺北捷運奇岩站_R21,635.3343998238270,9136.285187900920,9134.626826761610,42
臺北市北投區公館路１４５巷４弄２號,11200000,119684,0,0,63000,北投區,房地(土地+建物),25.12964,121.506187,奇岩里,25.35,住,NA,NA,1121016,土地5建物1車位0,三層,五層,公寓(5樓含以下無電梯),住家用,鋼筋混凝土造,720127,93.58,3,2,2,有,無,NA,陽台外推；,RPRNMLMJJIIGFEA27EA,80.94,0,11.32,無,377,2023-10-16,590,25.84398263068800,24.665991835964200,27.771638567858400,0,98.49856164217220,63000120020,0.14693180676910700,0.5199357236115300,90.64,6528.66,48.09018567001460,32.05570291352050,0,0,0,0,0,0,0,0,0,0,9,4,0,2,1,0,0,6,0,9,"c(121.506187, 25.12964)",臺北捷運奇岩站_R21,653.3414961359360,9146.509202552280,9144.638449587590,40
臺北市北投區公館路２０９巷１６弄８號,15200000,138358,0,0,63000,北投區,房地(土地+建物),25.127305,121.508814,奇岩里,32.82,住,NA,NA,1121026,土地1建物1車位0,一層,四層,公寓(5樓含以下無電梯),住家用,鋼筋混凝土造,720401,109.86,2,2,2,有,無,NA,其他增建；,RPTNMLNKJIIGFEA57DA,80.64,16.5,0,無,NA,2023-10-26,591,27.23164453573490,25.424620071788000,30.886541302045900,0,37.01783725857160,63000120020,0.14693180676910700,0.5199357236115300,90.64,6528.66,48.09018567001460,32.05570291352050,0,0,0,0,0,0,0,0,0,0,7,0,0,1,1,1,0,3,0,7,"c(121.508814, 25.127305)",臺北捷運唭哩岸站_R20,754.0138744822200,8864.628650282320,8859.326484733990,40
臺北市北投區公路３０６巷９號,17650000,135249,0,0,63000,北投區,房地(土地+建物),25.1323027,121.5026806,清江里,36.57,住,NA,NA,1121011,土地4建物1車位0,五層,五層,公寓(5樓含以下無電梯),住家用,鋼筋混凝土造,700203,130.5,3,2,2,有,無,NA,NA,RPSNMLNJJIIGFEA47EA,119.45,0,11.05,無,NA,2023-10-11,592,25.231165213254000,23.47697390392090,26.851870015084900,0,46.74677875357510,63000120021,0.08027522935779820,0.3759174311926610,104.55,42037.91,42.35347294826680,31.384661740035500,0,0,0,0,0,1,0,0,0,0,17,48,0,15,2,2,1,4,5,18,"c(121.5026806, 25.1323027)",臺北捷運北投站_R22,321.5432316521120,9482.378116112600,9484.866055023270,42
臺北市北投區吉利街２８０巷４０號,10000000,163345,0,0,63000,北投區,房地(土地+建物),25.1171849878119,121.509941966045,吉利里,20.67,住,NA,NA,1121018,土地1建物1車位0,三層,四層,公寓(5樓含以下無電梯),住家用,鋼筋混凝土造,631106,61.22,3,2,2,有,無,NA,親友、員工、共有人或其他特殊關係間之交易；,RPQNMLTJJIIGFEA77DA,61.22,0,0,無,NA,2023-10-18,598,28.407710669442500,26.35583961164400,30.916395896469200,0,68.8715298765653,63000120013,0.1430264048747460,0.5132024373730540,86.12,41458.21,57.0687418813081,27.712926928726100,0,0,0,0,0,0,0,0,0,0,31,40,0,9,0,3,2,1,0,33,"c(121.509941966045, 25.1171849878119)",臺北捷運唭哩岸站_R20,538.0788033020170,7738.23574593852,7732.645059388460,49
臺北市北投區同德街２９巷２號,11300000,159290,0,0,63000,北投區,房地(土地+建物),25.1245569973833,121.528616008129,永欣里,21.55,住,NA,NA,1121011,土地1建物1車位0,五層,五層,公寓(5樓含以下無電梯),住家用,鋼筋混凝土造,700130,70.94,4,3,2,有,有,NA,陽台外推；頂樓加蓋；,RPWNMLLKIIIGFEA57DA,64.49,0,6.45,無,NA,2023-10-11,599,24.790844684246900,23.08520258018850,26.57038448643290,0,46.302199847171600,63000120010,0.21493880995920700,0.6591644394429600,83.88,11739.89,56.702562187764100,31.99034533383020,0,0,0,0,0,1,0,0,0,0,25,15,0,1,1,1,1,2,0,26,"c(121.528616008129, 25.1245569973833)",臺北捷運石牌站_R19,1717.0815121113900,8631.717814819050,8596.982876704160,42
臺北市北投區同德街７巷９號,18500000,150028,0,0,63000,北投區,房地(土地+建物),25.1253259950901,121.527999016236,永和里,48.44,住,NA,NA,1121027,土地1建物1車位0,三層,四層,公寓(5樓含以下無電梯),住家用,鋼筋混凝土造,681215,123.31,3,2,1,有,無,NA,NA,RPWNMLMLJIIGFEA87DA,115.55,0,7.76,無,NA,2023-10-27,600,24.805848353960700,23.12598481056080,26.434563451759300,0,39.5687126435432,63000120009,0.15048899755501200,0.5534229828850860,89.25,5718.1,53.74592833000880,33.224755694914500,0,0,0,0,0,1,0,0,0,0,17,10,0,1,1,0,2,2,0,19,"c(121.527999016236, 25.1253259950901)",臺北捷運石牌站_R19,1723.8307083903700,8706.850870752670,8673.180003742810,44
臺北市北投區大度路三段２９９號,10750000,186083,0,0,63000,北投區,房地(土地+建物),25.1229599933713,121.466490012345,關渡里,5.91,住,NA,NA,1121106,土地3建物1車位0,六層,十四層,住宅大樓(11層含以上有電梯),住家用,鋼筋混凝土造,971013,57.77,1,1,1,有,有,NA,NA,RPPNMLRLJIIGFEA77EA,32.82,1.85,4.12,有,63,2023-11-06,601,26.109720042388700,22.569287489923000,31.736391504150000,0,54.36707397226390,63000120038,0.09886800290788250,0.4256932184027420,93.09,6395.77,48.44566711850820,32.448418152345500,0,0,0,0,1,1,1,0,0,0,10,7,0,2,1,1,2,1,0,12,"c(121.466490012345, 25.1229599933713)",臺北捷運關渡站_R25,152.04086718666900,9719.635236855260,9772.035342976700,15
臺北市北投區大業路５５６號,8000000,116822,0,0,63000,北投區,房地(土地+建物),25.1352870069143,121.496933000859,大同里,15.5,商,NA,NA,1121022,土地2建物1車位0,四層，陽臺,四層,公寓(5樓含以下無電梯),住家用,鋼筋混凝土造,650527,68.48,2,2,1,有,無,NA,親友、員工、共有人或其他特殊關係間之交易；,RPTNMLLMIIIGFEA47DA,68.48,0,0,無,NA,2023-10-22,603,24.51260839179750,22.906589600828400,25.70141373626840,0,36.37764344038780,63000120024,0.11742503669532400,0.45942545607045500,92.37,8348.01,48.623853197491300,32.58270780300730,0,0,0,0,0,1,0,0,0,0,11,24,0,3,2,1,0,3,0,11,"c(121.496933000859, 25.1352870069143)",臺北捷運北投站_R22,385.8976076358090,9904.18729991097,9913.554785909740,47
臺北市北投區大興街９巷２號,18500000,166457,0,0,63000,北投區,房地(土地+建物),25.1300409832644,121.497818968025,大同里,31.12,住,NA,NA,1121001,土地1建物1車位0,三層,五層,公寓(5樓含以下無電梯),住家用,鋼筋混凝土造,720112,111.14,3,2,1,有,有,NA,陽台外推；其他增建；,RPPNMLRJJIIGFEA47DA,87.57,1.39,11.95,無,NA,2023-10-01,604,28.730154680670700,26.575396709446600,32.00514360135430,6.36876880740433,39.57979209745620,63000120024,0.11742503669532400,0.45942545607045500,92.37,8348.01,48.623853197491300,32.58270780300730,0,0,0,0,0,0,0,0,0,0,11,31,0,11,0,1,1,3,0,12,"c(121.497818968025, 25.1300409832644)",臺北捷運北投站_R22,343.45181841437700,9316.77027824048,9326.516952541780,40
臺北市北投區天母北路８０之１號,27300000,204464,0,0,63000,北投區,房地(土地+建物),25.1235979819315,121.525897002558,永欣里,25.39,住,NA,NA,1121002,土地1建物1車位0,二層,七層,華廈(10層含以下有電梯),住家用,鋼筋混凝土造,670411,133.52,3,2,2,有,有,NA,陽台外推；其他增建；,RPOOMLKLIIIGFEA86DA,111.5,0,22.02,有,NA,2023-10-02,605,26.532281057234200,24.966506886783300,28.314964173928100,0.7643279063188230,41.97300601038950,63000120010,0.21493880995920700,0.6591644394429600,83.88,11739.89,56.702562187764100,31.99034533383020,0,0,0,0,0,0,0,0,0,0,14,14,0,1,0,0,1,1,0,15,"c(121.525897002558, 25.1235979819315)",臺北捷運石牌站_R19,1438.2428005228100,8489.163404602490,8458.225585248210,45
臺北市北投區奇岩路３７巷８號,7000000,118463,0,0,63000,北投區,房地(土地+建物),25.132738992168,121.507427981825,溫泉里,16.53,都市：其他:第二種住宅區。,NA,NA,1121022,土地2建物1車位0,二層,五層,華廈(10層含以下有電梯),住家用,鋼筋混凝土造,740913,59.09,2,1,1,有,有,NA,NA,RPVNMLLJJIIGFEA47DA,46.1,0,2.77,有,787,2023-10-22,608,24.532961046555600,22.888901904375400,25.895582004696000,0,36.14084919952980,63000120025,0.11272475795297400,0.46438450899031800,87.56,25681.19,49.227528078364300,35.39325841868140,0,0,0,0,0,0,0,0,0,0,7,5,0,0,0,0,0,5,0,7,"c(121.507427981825, 25.132738992168)",臺北捷運新北投站_R22A,619.5914470191660,9476.095769549480,9471.993868313280,38
臺北市北投區尊賢街２０６巷１２號,20500000,234822,0,0,63000,北投區,房地(土地+建物),25.1153920149037,121.50867504138,尊賢里,34.25,住,NA,NA,1121002,土地1建物1車位0,一層,四層,公寓(5樓含以下無電梯),住家用,鋼筋混凝土造,601105,87.3,3,2,1,有,無,NA,NA,RPSNMLOLJIIGFEA77EA,87.3,0,0,無,NA,2023-10-02,609,27.335123179102400,26.2185339485831,28.775567770176200,0.5114819945320210,41.95835363550560,63000120015,0.12102837739510100,0.466893039049236,89.16,64663.63,59.05006416590180,32.31707316036040,0,0,0,0,0,0,2,0,0,0,27,37,0,10,0,2,2,2,0,29,"c(121.50867504138, 25.1153920149037)",臺北捷運唭哩岸站_R20,645.2174282058900,7551.142363752060,7548.025711079220,52
臺北市北投區尊賢街２３９巷７號,13000000,188953,0,0,63000,北投區,房地(土地+建物),25.1160232979413,121.507372828902,立賢里,16.17,住,NA,NA,1121111,土地1建物1車位0,三層,七層,華廈(10層含以下有電梯),住家用,鋼筋混凝土造,970625,68.8,2,1,1,有,有,NA,NA,RPSOMLOJKIIGFEA67DA,40.39,6.6,0,有,NA,2023-11-11,610,24.422624646233400,23.395890594259000,26.100124891008700,0,33.81977197633780,63000120016,0.12705882352941200,0.4793582887700540,90.45,13424.09,55.60120513404510,28.04711037303560,0,0,0,0,0,0,2,0,0,0,24,32,0,7,0,2,2,2,0,26,"c(121.507372828902, 25.1160232979413)",臺北捷運唭哩岸站_R20,542.8553450522990,7634.109289538530,7633.092693762080,15
臺北市北投區尊賢街２４２巷１９號,7800000,181016,0,0,63000,北投區,房地(土地+建物),25.1172680105629,121.508126026722,尊賢里,17.78,住,NA,NA,1121108,土地1建物1車位0,一層，平台,四層,公寓(5樓含以下無電梯),住家用,鋼筋混凝土造,650305,43.09,3,2,2,有,無,NA,親友、員工、共有人或其他特殊關係間之交易；,RPXNMLNLJIIGFEA18EA,43.09,0,0,無,56,2023-11-08,611,26.648473650467000,23.74286820620780,30.080700435674600,0,45.331168776530100,63000120015,0.12102837739510100,0.466893039049236,89.16,64663.63,59.05006416590180,32.31707316036040,0,0,0,0,0,0,1,0,0,0,29,29,0,7,0,2,2,2,0,31,"c(121.508126026722, 25.1172680105629)",臺北捷運唭哩岸站_R20,431.6658460141760,7763.3059484355700,7760.75412848186,47
臺北市北投區尊賢街２４２巷９號,17650000,172380,0,0,63000,北投區,房地(土地+建物),25.1170010050372,121.507930979835,尊賢里,29.16,住,NA,NA,1121005,土地1建物1車位0,三層,五層,公寓(5樓含以下無電梯),住家用,鋼筋混凝土造,670921,102.39,3,2,1,有,無,NA,其他增建；,RPSOMLRLIIIGFEA97DA,88.5,0,13.89,無,429,2023-10-05,612,28.464605709677700,26.741002337673200,30.11995727246970,10.55372650499960,35.7052414572364,63000120015,0.12102837739510100,0.466893039049236,89.16,64663.63,59.05006416590180,32.31707316036040,0,0,0,0,0,0,1,0,0,0,30,31,0,8,0,2,2,2,0,32,"c(121.507930979835, 25.1170010050372)",臺北捷運唭哩岸站_R20,452.0812688689110,7735.845316841310,7733.674828452110,45
臺北市北投區崇仁路一段１３１巷２弄５號,17000000,158553,0,0,63000,北投區,房地(土地+建物),25.1243520179411,121.502392972588,清江里,40.68,住,NA,NA,1121004,土地1建物1車位0,五層,五層,公寓(5樓含以下無電梯),住家用,鋼筋混凝土造,751016,107.22,3,2,2,有,無,NA,頂樓加蓋；其他增建；,RPWNMLKLIIIGFEA57DA,78.05,0,10.98,無,NA,2023-10-04,613,27.735319998112600,26.99590807819780,28.775379021329600,21.824736311370900,33.81840822232510,63000120021,0.08027522935779820,0.3759174311926610,104.55,42037.91,42.35347294826680,31.384661740035500,0,0,0,0,0,0,2,0,0,0,5,8,0,0,0,1,0,1,0,5,"c(121.502392972588, 25.1243520179411)",臺北捷運奇岩站_R21,243.0796586174260,8615.5453552339,8620.394187430690,37
臺北市北投區崗山路８巷５號,24500000,166578,35.22,2500000,63000,北投區,房地(土地+建物)+車位,25.1405109861589,121.48687203484,稻香里,29.67,住,NA,NA,1121016,土地1建物1車位1,四層,十二層,住宅大樓(11層含以上有電梯),住家用,鋼筋混凝土造,961214,167.29,2,2,2,有,有,坡道平面,陽台外推；其他增建；,RPUOMLRJJIIGFEA08DA,78.31,2.22,11.71,有,593,2023-10-16,614,25.37981049314450,23.386018847811200,28.01473455856360,0,98.49913915669340,63000120035,0.10958350181965200,0.4373230893651440,94.51,4961.9,41.25984250885570,29.81627295805350,0,0,0,0,0,0,0,0,0,0,7,1,0,1,0,1,0,1,0,7,"c(121.48687203484, 25.1405109861589)",臺北捷運復興崗站_R23,347.36521286404600,10702.868191427000,10722.8432473594,16
臺北市北投區建民路１６２巷９號,23000000,164815,0,0,63000,北投區,房地(土地+建物),25.1109439903455,121.520241983943,裕民里,44,住,NA,NA,1121025,土地5建物2車位0,一層,五層,公寓(5樓含以下無電梯),住家用,鋼筋混凝土造,820628,139.55,5,2,2,有,無,NA,其他增建；,RPTNMLLJJIIGFEA27DA,65.52,57.11,0,無,NA,2023-10-25,615,27.15583833602220,24.7726665958658,30.067455991641400,0,30.396956054964900,63000120007,0.14152183438002000,0.5272382065138020,87.11,44068.06,53.628318573524400,34.65093411314630,2,0,0,0,0,0,0,0,0,0,22,35,0,10,0,1,0,0,0,22,"c(121.520241983943, 25.1109439903455)",臺北捷運明德站_R18,214.71019738921300,7039.9336519916100,7016.355044745940,30
臺北市北投區復興二路６０巷７號,16100000,152940,0,0,63000,北投區,房地(土地+建物),25.1445869799445,121.503959969386,開明里,55.44,住,NA,NA,1121112,土地1建物1車位0,九層，電梯樓梯間,十二層,住宅大樓(11層含以上有電梯),住家用,鋼筋混凝土造,840321,105.27,2,2,2,有,有,NA,NA,RPRNMLOLJIIGFEA67EA,81.59,7.25,8.68,有,NA,2023-11-12,616,19.88013181779330,17.912580938000200,21.22538404329160,6.161823075745570,37.19947580733620,63000120029,0.11889058007779500,0.4703196347031960,89.8,15840.65,44.84930273395200,32.99595140958260,0,0,0,0,0,0,0,0,0,0,1,0,0,0,0,0,0,1,0,1,"c(121.503959969386, 25.1445869799445)",臺北捷運新北投站_R22A,840.7963327681130,10816.687860873700,10815.268040918500,28
臺北市北投區復興四路１２巷１１號,12600000,115100,0,0,63000,北投區,房地(土地+建物),25.1411599969217,121.500670994399,開明里,39.75,都市：其他:第三種住宅區。,NA,NA,1121003,土地2建物1車位0,四層,五層,公寓(5樓含以下無電梯),住家用,鋼筋混凝土造,700221,109.47,3,2,2,有,無,NA,陽台外推；其他增建；,RPSNMLLKIIIGFEA17DA,97.06,0,12.41,無,NA,2023-10-03,617,24.69290787198020,22.588673141916300,26.512910031213000,21.167946024624500,41.003085477867700,63000120029,0.11889058007779500,0.4703196347031960,89.8,15840.65,44.84930273395200,32.99595140958260,0,0,0,0,0,0,0,0,0,0,17,13,0,4,0,1,0,4,0,17,"c(121.500670994399, 25.1411599969217)",臺北捷運新北投站_R22A,538.8799947473170,10482.29388624460,10485.497914851600,42
臺北市北投區復興四路２８號,12450000,156328,0,0,63000,北投區,房地(土地+建物),25.1424910012365,121.500742994948,開明里,16.29,住,NA,NA,1121014,土地1建物1車位0,三層,七層,華廈(10層含以下有電梯),住家用,鋼筋混凝土造,1001031,79.64,3,1,2,有,有,NA,陽台外推；夾層；,RPQPMLKMIIIGFEA27DA,40.06,7.15,5.48,有,786,2023-10-14,618,22.526341406147900,21.303451530446700,24.16809328952560,0,45.84583307915710,63000120029,0.11889058007779500,0.4703196347031960,89.8,15840.65,44.84930273395200,32.99595140958260,0,0,0,0,0,0,0,0,0,0,15,10,0,4,0,1,0,2,0,15,"c(121.500742994948, 25.1424910012365)",臺北捷運新北投站_R22A,666.0639966318350,10627.160913916400,10630.005624600100,12
臺北市北投區文化三路１２４號,14800000,128361,0,0,63000,北投區,房地(土地+建物),25.1395450137274,121.498558000428,文化里,36.6,NA,NA,NA,1121010,土地2建物1車位0,七層,七層,華廈(10層含以下有電梯),住家用,鋼筋混凝土造,750312,115.3,3,2,1,有,有,NA,陽台外推；其他增建；,RPQNMLRKIIIGFEA57DA,73.2,0,11.16,有,812,2023-10-10,623,25.592419433077500,23.86911128693730,27.77772836101690,0.09496168982218280,39.54551269996430,63000120033,0.15475165087568200,0.5285673270169390,95.72,7871.92,51.311288463963800,32.383124275034900,0,0,0,0,0,0,0,0,0,0,21,23,0,4,0,2,0,2,0,21,"c(121.498558000428, 25.1395450137274)",臺北捷運新北投站_R22A,568.461495887034,10338.837889245300,10345.023494346800,37
臺北市北投區文化三路７號,19300000,127976,0,0,63000,北投區,房地(土地+建物),25.1376349875413,121.497277999994,文化里,54.3,住,NA,NA,1121024,土地1建物1車位0,四層,五層,公寓(5樓含以下無電梯),住家用,鋼筋混凝土造,821209,150.81,3,2,2,有,有,NA,陽台外推；其他增建；,RPUNMLQJJIIGFEA87DA,100.26,0,9.07,無,NA,2023-10-24,624,27.35230102991790,24.878492823271400,30.145784445760400,0,33.77402870811900,63000120033,0.15475165087568200,0.5285673270169390,95.72,7871.92,51.311288463963800,32.383124275034900,0,0,0,0,0,0,0,0,0,0,18,22,0,5,0,1,0,4,0,18,"c(121.497277999994, 25.1376349875413)",臺北捷運北投站_R22,589.2633479390160,10153.158145571200,10161.434925795100,30
臺北市北投區文林北路２２２號,20000000,105463,0,0,63000,北投區,房地(土地+建物),25.1083059958687,121.514261998941,文林里,36.51,住,NA,NA,1121128,土地1建物1車位0,二十一層，二十二層,二十三層,住宅大樓(11層含以上有電梯),住家用,鋼筋混凝土造,850216,189.64,4,1,2,有,有,NA,NA,RPPNMLSLJIIGFEA87EA,121,1.84,17.45,有,NA,2023-11-28,625,22.706027189596000,21.203719604191900,24.825513206704800,0,66.66086903469650,63000120002,0.13186813186813200,0.5083725798011510,92.77,38410.43,52.65030236476330,35.96584843971330,1,0,0,0,0,0,2,0,0,0,19,24,0,6,1,2,2,2,0,21,"c(121.514261998941, 25.1083059958687)",臺北捷運明德站_R18,504.643743639406,6734.428945264370,6722.058309721760,27
臺北市北投區文林北路２７２巷９號,11000000,131847,0,0,63000,北投區,房地(土地+建物),25.1095680171203,121.513452977647,文林里,31.25,住,NA,NA,1121017,土地1建物1車位0,一層,四層,公寓(5樓含以下無電梯),住家用,鋼筋混凝土造,610311,83.43,3,2,1,有,無,NA,親友、員工、共有人或其他特殊關係間之交易；,RPQNMLKLJIIGFEA17EA,83.43,0,0,無,NA,2023-10-17,626,25.87799275866360,24.404487074777000,27.977230643606900,0,116.89828451356200,63000120002,0.13186813186813200,0.5083725798011510,92.77,38410.43,52.65030236476330,35.96584843971330,1,0,0,0,0,0,2,0,0,0,15,28,0,7,1,1,2,3,0,17,"c(121.513452977647, 25.1095680171203)",臺北捷運明德站_R18,575.4512532703350,6876.402173695540,6865.484389066570,51
臺北市北投區文林北路３００號,9000000,147953,20.61,0,63000,北投區,房地(土地+建物)+車位,25.1105049881667,121.511855973635,福興里,9.4,住,NA,NA,1121109,土地1建物1車位1,三層,十層,華廈(10層含以下有電梯),住家用,鋼筋混凝土造,850228,60.82,3,1,2,有,有,升降機械,親友、員工、共有人或其他特殊關係間之交易；陽台外推；,RPRNMLNLJIIGFEA57EA,32.6,2.42,4.77,有,NA,2023-11-09,627,27.58306924086950,24.71014203644980,31.999907410430900,0,47.775805944106500,63000120004,0.14245625619016200,0.5019808517662600,89.51,21238.45,55.82926310133170,28.647271176757900,0,0,0,0,0,0,3,0,0,0,16,36,0,8,1,1,2,3,0,18,"c(121.511855973635, 25.1105049881667)",臺北捷運石牌站_R19,601.930880400413,6987.23563497381,6979.220583431680,27
臺北市北投區新民路１巷７之２號,8080000,104840,0,0,63000,北投區,房地(土地+建物),25.1402560086643,121.507627974035,中心里,27,住,NA,NA,1121004,土地2建物1車位0,三層,三層,公寓(5樓含以下無電梯),住家用,加強磚造,580507,77.07,3,2,1,有,無,NA,其他增建；,RPOOMLRJJIIGFEA47DA,77.07,0,0,無,NA,2023-10-04,629,26.151232353607900,25.371205236290100,26.972665362983000,39.50613545357820,34.925507114591900,63000120027,0.12722689075630300,0.5021848739495800,84.31,15128.37,45.67762268219770,33.94867176183060,0,0,0,0,0,0,0,0,0,0,6,2,0,0,1,0,1,3,0,7,"c(121.507627974035, 25.1402560086643)",臺北捷運新北投站_R22A,553.0760495638530,10304.141132773300,10298.790150819100,54
臺北市北投區明德路１０８號,10690000,109709,0,0,63000,北投區,房地(土地+建物),25.1097509940666,121.520092031695,榮華里,36,住,NA,NA,1121020,土地1建物1車位0,二層，陽臺,四層,公寓(5樓含以下無電梯),住家用,鋼筋混凝土造,641212,97.44,2,2,1,有,無,NA,親友、員工、共有人或其他特殊關係間之交易；,RPPNMLLMIIIGFEA17EA,97.44,0,0,無,NA,2023-10-20,630,25.751339838680800,23.181844269126700,27.819332128392400,0.11933212839241500,64.31332389028210,63000120006,0.173370751481135,0.600717181166199,85.93,19422.06,58.23001281354640,37.10987600745830,1,0,0,0,0,0,0,0,0,0,19,33,0,9,0,1,1,0,0,20,"c(121.520092031695, 25.1097509940666)",臺北捷運明德站_R18,108.388553815942,6907.088288151410,6883.652451153640,48
臺北市北投區杏林二路２４號,10800000,164284,0,0,63000,北投區,房地(土地+建物),25.1419530087812,121.498302017105,智仁里,21.7,住,NA,NA,1121012,土地3建物1車位0,三層,六層,華廈(10層含以下有電梯),住家用,鋼筋混凝土造,800730,65.74,1,2,1,有,無,NA,陽台外推；其他增建；,RPQNMLQLIIIGFEA57DA,44.14,3.03,8.24,有,465,2023-10-12,631,23.79731937558940,21.861101773099800,26.036283803317700,0,44.12480141940620,63000120031,0.09191668259124790,0.4272883623160710,89.39,54958.59,45.4771371656369,30.04473160287160,0,0,0,0,0,0,0,0,0,0,19,10,0,4,0,1,0,2,0,19,"c(121.498302017105, 25.1419530087812)",臺北捷運新北投站_R22A,755.1560520261590,10606.140001663200,10612.07042179370,32
臺北市北投區東華街二段３４０巷２弄１７號,13500000,177212,0,0,63000,北投區,房地(土地+建物),25.1214939985059,121.506221993596,東華里,24.24,住,NA,NA,1121105,土地1建物1車位0,四層,四層,公寓(5樓含以下無電梯),住家用,鋼筋混凝土造,661027,76.18,3,2,2,有,無,NA,陽台外推；其他增建；,RPQNMLSLJIIGFEA87DA,68.9,0,7.28,無,123,2023-11-05,633,27.435497137571600,24.745291403125800,30.45667828852810,0,50.156552940176100,63000120012,0.1487473903966600,0.5065240083507310,89.95,7178.39,57.99373038732370,33.47265759892980,0,0,0,0,0,0,1,0,0,0,16,11,0,4,0,2,0,2,0,16,"c(121.506221993596, 25.1214939985059)",臺北捷運唭哩岸站_R20,74.64270640019380,8249.323258558120,8248.98924986523,46
臺北市北投區榮華二路９之３號,30680000,186834,0,0,63000,北投區,房地(土地+建物),25.1132500195472,121.524037980253,榮華里,30.57,住,NA,NA,1121011,土地2建物1車位0,七層,八層,華廈(10層含以下有電梯),住家用,鋼筋混凝土造,690430,164.21,4,2,2,有,有,NA,陽台外推；,RPROMLRJJIIGFEA77DA,131.23,0,14.25,有,NA,2023-10-11,636,25.032863192433900,23.26050183160630,26.735090803014300,0,45.98080326175440,63000120006,0.173370751481135,0.600717181166199,85.93,19422.06,58.23001281354640,37.10987600745830,1,0,0,0,0,0,0,0,0,0,20,32,0,7,0,1,0,0,0,20,"c(121.524037980253, 25.1132500195472)",臺北捷運明德站_R18,660.5991641361990,7328.830676156520,7298.857812031670,43
臺北市北投區永興路一段１９號,10200000,131494,0,0,63000,北投區,房地(土地+建物),25.1390920137703,121.499784021405,中庸里,16,住,NA,NA,1121019,土地1建物1車位0,五層,五層,公寓(5樓含以下無電梯),住家用,鋼筋混凝土造,661121,77.57,2,2,1,有,無,NA,陽台外推；頂樓加蓋；,RPXNMLLMIIIGFEA87DA,67.56,0,10.01,無,NA,2023-10-19,637,28.268228957205100,24.558918410288100,31.47841155213710,0,47.93675780645500,63000120028,0.08811824900511650,0.420125071063104,92.94,38291.96,43.80134427042520,31.366691549153600,0,0,0,0,0,1,0,0,0,0,23,22,0,4,1,1,0,3,5,23,"c(121.499784021405, 25.1390920137703)",臺北捷運新北投站_R22A,436.5393654744050,10269.305839831900,10274.063703884600,46
臺北市北投區永興路二段３８號,20000000,180066,10.05,1500000,63000,北投區,房地(土地+建物)+車位,25.1400620095153,121.502358020052,開明里,18.69,住,NA,NA,1121010,土地1建物1車位1,八層,十層,華廈(10層含以下有電梯),住家用,鋼筋混凝土造,1030218,112.79,2,2,2,有,有,塔式車位,夾層；其他增建；,RPSNMLLMIIIGFEA37DA,48.97,7.59,6.73,有,746,2023-10-10,638,23.8277050441234,22.24091408629630,25.731294058954300,0,39.5871685579543,63000120029,0.11889058007779500,0.4703196347031960,89.8,15840.65,44.84930273395200,32.99595140958260,0,0,0,0,0,0,0,0,0,0,20,14,0,6,1,0,1,4,5,21,"c(121.502358020052, 25.1400620095153)",臺北捷運新北投站_R22A,355.8558428844270,10338.433122696100,10339.755887677600,9
臺北市北投區泉源路３９之４３號,6200000,105983,0,0,63000,北投區,房地(土地+建物),25.1414413323776,121.50715036469,中心里,8.26,住,NA,NA,1121029,土地2建物1車位0,四層,十一層,住宅大樓(11層含以上有電梯),住家用,鋼筋混凝土造,740117,58.5,2,1,1,有,有,NA,陽台外推；,RPXNMLQJKIIGFEA28DA,39.79,0,10.55,有,NA,2023-10-29,641,21.60173638226410,20.761054825515600,22.287556711805700,1.351578423657540,43.51563892219460,63000120027,0.12722689075630300,0.5021848739495800,84.31,15128.37,45.67762268219770,33.94867176183060,0,0,0,0,0,0,0,0,0,0,2,1,0,0,0,0,1,2,0,3,"c(121.50715036469, 25.1414413323776)",臺北捷運新北投站_R22A,615.9447679861970,10438.902546776600,10434.008706895300,38
臺北市北投區泉源路３９之５６號,5800000,102655,0,0,63000,北投區,房地(土地+建物),25.1414413323776,121.50715036469,中心里,8.87,住,NA,NA,1121027,土地1建物1車位0,五層,七層,華廈(10層含以下有電梯),住家用,鋼筋混凝土造,751013,56.5,1,1,1,有,有,NA,陽台外推；,RPWNMLNLJIIGFEA08EA,41.47,0,5.18,有,NA,2023-10-27,642,22.973944481460100,21.35826848662620,24.558017423353500,0,38.42853997192410,63000120027,0.12722689075630300,0.5021848739495800,84.31,15128.37,45.67762268219770,33.94867176183060,0,0,0,0,0,0,0,0,0,0,2,1,0,0,0,0,1,2,0,3,"c(121.50715036469, 25.1414413323776)",臺北捷運新北投站_R22A,615.9447679861970,10438.902546776600,10434.008706895300,37
臺北市北投區清江路２１７號,10000000,100341,0,0,63000,北投區,房地(土地+建物),25.1270240010354,121.501835995122,清江里,57,住,NA,NA,1121101,土地1建物1車位0,全,二層,透天厝,住家用,加強磚造,560407,99.66,2,2,2,有,無,NA,親友、員工、共有人或其他特殊關係間之交易；頂樓加蓋；,RPQNMLSLJIIGFEA97EA,99.66,0,0,無,NA,2023-11-01,643,26.23735818342420,24.12185128380230,28.37468716038420,0,34.14759991340570,63000120021,0.08027522935779820,0.3759174311926610,104.55,42037.91,42.35347294826680,31.384661740035500,0,0,0,0,0,0,1,0,0,0,13,22,0,4,0,1,1,1,0,14,"c(121.501835995122, 25.1270240010354)",臺北捷運奇岩站_R21,131.3666088891530,8916.65600392328,8921.607551133320,56
臺北市北投區溫泉路１３９號,4700000,95065,0,0,63000,北投區,房地(土地+建物),25.1399579900969,121.51205898333,林泉里,12.98,都市：其他:特定休閒旅館住宅專用區。,NA,NA,1121110,土地4建物1車位0,三層,七層,華廈(10層含以下有電梯),住家用,鋼筋混凝土造,661017,49.44,1,1,1,有,有,NA,陽台外推；,RPVNMLNLJIIGFEA97EA,35.19,0,6.1,有,NA,2023-11-10,644,24.77378136159680,22.54891567102360,29.04197923850160,3.1373062816962000,51.81116753215330,63000120026,0.115018315018315,0.4395604395604400,99.13,1979.43,45.93395759194980,34.549038918408600,0,0,0,0,0,0,0,0,0,0,1,0,0,0,0,0,0,4,0,1,"c(121.51205898333, 25.1399579900969)",臺北捷運新北投站_R22A,926.4868640403400,10245.467470022700,10234.517086225400,46
臺北市北投區溫泉路６５巷１６號,9100000,148378,0,0,63000,北投區,房地(土地+建物),25.1360440184996,121.504374035403,長安里,5.96,都市：其他:特定觀光商業專用區。,NA,NA,1121005,土地2建物1車位0,三層,十二層,住宅大樓(11層含以上有電梯),住家用,鋼筋混凝土造,670104,61.33,2,1,1,有,有,NA,NA,RPPNMLKMRHIGFEA77DA,48,0,7.5,有,NA,2023-10-05,645,28.28260291983080,26.53722440804390,30.16149822625380,12.027877011850400,38.24512633251940,63000120023,0.11144130757800900,0.4591381872213970,85.29,29317.02,43.83297126627250,29.954139505200500,0,0,0,0,0,1,0,0,0,0,17,27,0,6,3,1,0,5,5,17,"c(121.504374035403, 25.1360440184996)",臺北捷運新北投站_R22A,141.21863031597300,9871.725420315690,9871.198342255160,45
臺北市北投區溫泉路７１號,4200000,136926,0,0,63000,北投區,房地(土地+建物),25.1356460038273,121.504801009551,長安里,4.51,都市：其他:特定觀光商業專用區。,NA,NA,1121014,土地1建物1車位0,五層,七層,華廈(10層含以下有電梯),住家用,鋼筋混凝土造,700218,29.29,1,1,1,有,有,NA,其他增建；,RPOOMLLMIIIGFEA07DA,21.25,0,4.02,有,NA,2023-10-14,646,24.887975408389900,23.869853202556700,26.69210131193190,0,45.53067052657240,63000120023,0.11144130757800900,0.4591381872213970,85.29,29317.02,43.83297126627250,29.954139505200500,0,0,0,0,0,1,0,0,0,0,16,24,0,6,3,1,0,4,5,16,"c(121.504801009551, 25.1356460038273)",臺北捷運新北投站_R22A,202.75629158618500,9823.020250794530,9821.999616763430,42
臺北市北投區溫泉路７８號,4800000,93659,0,0,63000,北投區,房地(土地+建物),25.1353730890599,121.505318005339,溫泉里,12.64,住,NA,NA,1121017,土地2建物1車位0,三層,七層,華廈(10層含以下有電梯),住家用,鋼筋混凝土造,660607,51.25,3,2,2,有,有,NA,親友、員工、共有人或其他特殊關係間之交易；,RPQNMLQKJIIGFEA57DA,46.6,0,4.65,有,NA,2023-10-17,647,25.72332955872380,24.2743029787995,27.802487828134400,0,123.64207886038900,63000120025,0.11272475795297400,0.46438450899031800,87.56,25681.19,49.227528078364300,35.39325841868140,0,0,0,0,0,1,0,0,0,0,15,22,0,6,3,1,0,4,5,15,"c(121.505318005339, 25.1353730890599)",臺北捷運新北投站_R22A,260.71756362935600,9787.260384127080,9785.600528551540,46
臺北市北投區溫泉路８９號,20900000,123701,0,0,63000,北投區,房地(土地+建物),25.135706018254,121.507004025163,溫泉里,35.35,都市：其他:特定觀光商業專用區。,NA,NA,1121110,土地1建物1車位0,三層,五層,華廈(10層含以下有電梯),住家用,鋼筋混凝土造,981231,171.7,3,2,2,有,有,NA,NA,RPQNMLNLJIIGFEA47EA,97.88,0,14.4,有,NA,2023-11-10,648,25.999626700436300,23.834863422692200,30.040604532899700,0,53.46256731656950,63000120025,0.11272475795297400,0.46438450899031800,87.56,25681.19,49.227528078364300,35.39325841868140,0,0,0,0,0,0,0,0,0,0,13,12,0,4,1,1,0,4,5,13,"c(121.507004025163, 25.135706018254)",臺北捷運新北投站_R22A,385.4359556303060,9807.2439985924,9803.292219815110,14
臺北市北投區溫泉路９９之１號,5500000,107025,0,0,63000,北投區,房地(土地+建物),25.1363720861899,121.509742979663,林泉里,12.74,都市：其他:特定休閒旅館住宅專用區。,NA,NA,1121115,土地1建物1車位0,五層,五層,公寓(5樓含以下無電梯),住家用,鋼筋混凝土造,740926,51.39,1,1,1,有,有,NA,陽台外推；其他增建；,RPQPMLLLJIIGFEA37DA,37.79,0,4.13,無,122,2023-11-15,649,22.053611687585200,20.318987990810800,23.57551448356360,0,34.707271248286300,63000120026,0.115018315018315,0.4395604395604400,99.13,1979.43,45.93395759194980,34.549038918408600,0,0,0,0,0,0,0,0,0,0,5,1,0,0,0,0,0,3,0,5,"c(121.509742979663, 25.1363720861899)",臺北捷運新北投站_R22A,637.4491432006670,9860.024348321520,9852.360747169140,38
臺北市北投區珠海路１１６號,16680000,113849,0,0,63000,北投區,房地(土地+建物),25.1420209860159,121.50618704106,開明里,31.93,住,NA,NA,1121007,土地1建物1車位0,二層,七層,華廈(10層含以下有電梯),住家用,鋼筋混凝土造,710225,146.51,4,2,2,有,有,NA,陽台外推；,RPWNMLNLIIIGFEA87DA,119.94,0,22.15,有,NA,2023-10-07,650,25.89877374403310,24.127652196586100,28.583657948726200,6.702129915338850,28.66470029119800,63000120029,0.11889058007779500,0.4703196347031960,89.8,15840.65,44.84930273395200,32.99595140958260,0,0,0,0,0,0,0,0,0,0,2,1,0,0,0,0,1,2,0,3,"c(121.50618704106, 25.1420209860159)",臺北捷運新北投站_R22A,619.4286081282220,10511.321104229800,10507.551495004100,41
臺北市北投區知行路２６１號,14000000,165211,0,0,63000,北投區,房地(土地+建物)+車位,25.1210839977121,121.467079930691,關渡里,13.11,住,NA,NA,1121013,土地1建物1車位1,七層,十層,華廈(10層含以下有電梯),住家用,鋼筋混凝土造,1000722,84.74,2,2,1,有,有,升降機械,陽台外推；夾層；其他增建；,RPUOMLLMIIIGFEA67DA,37.48,2.62,4.3,有,NA,2023-10-13,651,26.158944039648600,23.19800585829220,29.702581953865900,0,40.70137523655850,63000120038,0.09886800290788250,0.4256932184027420,93.09,6395.77,48.44566711850820,32.448418152345500,0,0,0,0,1,1,0,0,0,0,13,7,0,2,1,1,2,2,0,15,"c(121.467079930691, 25.1210839977121)",臺北捷運關渡站_R25,358.63639627436000,9510.77299096995,9563.873657339430,12
臺北市北投區石牌路一段１６６巷１１１號,13450000,206320,0,0,63000,北投區,房地(土地+建物),25.1120236675478,121.5154085811,榮光里,19,住,NA,NA,1121021,土地2建物1車位0,五層,五層,公寓(5樓含以下無電梯),住家用,鋼筋混凝土造,691205,65.19,2,2,1,有,無,NA,頂樓加蓋；其他增建；,RPRNMLKKJIIGFEA07DA,48.91,11.44,4.84,無,852,2023-10-21,652,23.57891457931660,22.8530456920144,24.188875414832700,0,36.96212935699610,63000120005,0.11848264729620700,0.46973365617433400,90.61,52213.54,57.6843413302228,28.314001651136300,1,0,0,0,0,0,0,0,0,0,28,59,0,13,1,1,2,3,0,30,"c(121.5154085811, 25.1120236675478)",臺北捷運石牌站_R19,330.2866181680640,7144.710212983650,7130.015251425870,43
臺北市北投區石牌路一段３９巷７０弄１７號,6600000,68593,0,0,63000,北投區,房地(土地+建物),25.1156406971371,121.510557742377,吉利里,26.4,住,NA,NA,1121018,土地1建物1車位0,二層,五層,公寓(5樓含以下無電梯),住家用,鋼筋混凝土造,660901,96.22,3,2,1,有,無,NA,二親等買賣件親友、員工、共有人或其他特殊關係間之交易；,RPXNMLLJJIIGFEA67DA,90.71,0,5.51,無,NA,2023-10-18,653,28.42131562663520,26.37470402735770,30.90947297289400,0,69.06120454302890,63000120013,0.1430264048747460,0.5132024373730540,86.12,41458.21,57.0687418813081,27.712926928726100,0,0,0,0,0,0,1,0,0,0,29,44,0,10,0,2,2,1,0,31,"c(121.510557742377, 25.1156406971371)",臺北捷運石牌站_R19,474.5122924459610,7563.153993911950,7556.74666831492,46
臺北市北投區石牌路二段３２４巷９弄２號,15880000,68655,0,0,63000,北投區,房地(土地+建物),25.1215240057192,121.524383985216,永欣里,36.24,住,NA,NA,1121011,土地1建物2車位0,全,五層,透天厝,住家用,鋼筋混凝土造,700223,231.3,5,1,2,有,無,NA,親友、員工、共有人或其他特殊關係間之交易；,RPPNMLKLJIIGFEA96DA,98.74,0,14.84,無,NA,2023-10-11,656,24.989097744994900,23.247350958547700,26.683151107347200,0,46.19681993220700,63000120010,0.21493880995920700,0.6591644394429600,83.88,11739.89,56.702562187764100,31.99034533383020,0,0,0,0,0,0,0,0,0,0,20,25,0,3,0,0,1,1,0,21,"c(121.524383985216, 25.1215240057192)",臺北捷運石牌站_R19,1173.9464387073200,8243.57299635827,8214.561549021540,42
臺北市北投區磺港路１０２號,21450000,168611,34,1500000,63000,北投區,房地(土地+建物)+車位,25.1306580170666,121.503584041029,清江里,18.22,住,NA,NA,1121031,土地2建物1車位1,三層,十六層,住宅大樓(11層含以上有電梯),住家用,鋼筋混凝土造,1120526,152.32,3,2,2,有,有,升降機械,NA,RPSNMLLJJIIGFEA17DA,71.1,0,7.46,有,NA,2023-10-31,658,25.048260089525200,23.07104703722330,27.220434691578500,0,36.64019566863340,63000120021,0.08027522935779820,0.3759174311926610,104.55,42037.91,42.35347294826680,31.384661740035500,0,0,0,0,0,0,0,0,0,0,15,42,0,11,2,1,1,5,0,16,"c(121.503584041029, 25.1306580170666)",臺北捷運北投站_R22,468.8913853728420,9289.559384771350,9291.157844126430,0
臺北市北投區稻香路１６１巷１號,20200000,137910,40.56,2000000,63000,北投區,房地(土地+建物)+車位,25.1422110037609,121.488969019376,稻香里,33,住,NA,NA,1121001,土地1建物1車位1,三層,十層,華廈(10層含以下有電梯),住家用,鋼筋混凝土造,960627,172.53,3,2,2,有,有,坡道平面,NA,RPXNMLNKJIIGFEA97DA,82.56,2.19,12.03,有,NA,2023-10-01,660,28.344563510857300,25.737085423005200,32.05877607681170,5.601081032483260,38.96129989122830,63000120035,0.10958350181965200,0.4373230893651440,94.51,4961.9,41.25984250885570,29.81627295805350,0,0,0,0,0,0,0,0,0,0,3,0,0,0,0,1,0,0,0,3,"c(121.488969019376, 25.1422110037609)",臺北捷運復興崗站_R23,618.1544272409720,10829.601916692600,10846.547846358600,16
臺北市北投區稻香路１６１巷１６弄２之２號,20300000,207620,35.4,2100000,63000,北投區,房地(土地+建物)+車位,25.1419009378453,121.488026417085,稻香里,48.1,住,NA,NA,1121004,土地1建物1車位1,三層,五層,華廈(10層含以下有電梯),住家用,鋼筋混凝土造,1100902,123.06,2,2,1,有,有,坡道平面,含裝潢設備及家電,RPROMLNKJIIGFEA47DA,47.79,4.4,4.94,有,NA,2023-10-04,661,26.758816419341000,26.163612690942400,27.61212642053690,52.49825184458440,35.113741731028100,63000120035,0.10958350181965200,0.4373230893651440,94.51,4961.9,41.25984250885570,29.81627295805350,0,0,0,0,0,0,0,0,0,0,6,0,0,0,0,1,0,1,0,6,"c(121.488026417085, 25.1419009378453)",臺北捷運復興崗站_R23,537.8274872371900,10820.484587626500,10838.626389733100,2
臺北市北投區稻香路１６１巷１６弄２之３號,19500000,197705,35.4,2100000,63000,北投區,房地(土地+建物)+車位,25.1419009378453,121.488026417085,稻香里,48.31,住,NA,NA,1121004,土地1建物1車位1,五層,五層,華廈(10層含以下有電梯),住家用,鋼筋混凝土造,1100902,123.41,2,2,1,有,有,坡道平面,含裝潢設備及家電,RPWOMLNKJIIGFEA97DA,47.79,4.56,5,有,NA,2023-10-04,662,26.758816419341000,26.163612690942400,27.61212642053690,52.49825184458440,35.113741731028100,63000120035,0.10958350181965200,0.4373230893651440,94.51,4961.9,41.25984250885570,29.81627295805350,0,0,0,0,0,0,0,0,0,0,6,0,0,0,0,1,0,1,0,6,"c(121.488026417085, 25.1419009378453)",臺北捷運復興崗站_R23,537.8274872371900,10820.484587626500,10838.626389733100,2
臺北市北投區稻香路１６１巷１６弄８之５號,25380000,190710,35.4,2100000,63000,北投區,房地(土地+建物)+車位,25.1419009378453,121.488026417085,稻香里,66.96,住,NA,NA,1121005,土地1建物1車位1,三層,五層,華廈(10層含以下有電梯),住家用,鋼筋混凝土造,1100902,157.47,3,2,2,有,有,坡道平面,含裝潢設備及家電,RPPNMLQJKIIGFEA47DA,69.99,3.61,5.92,有,NA,2023-10-05,663,28.08495006118730,25.891203960457300,30.291901316271300,7.449183034725640,39.445221189127200,63000120035,0.10958350181965200,0.4373230893651440,94.51,4961.9,41.25984250885570,29.81627295805350,0,0,0,0,0,0,0,0,0,0,6,0,0,0,0,1,0,1,0,6,"c(121.488026417085, 25.1419009378453)",臺北捷運復興崗站_R23,537.8274872371900,10820.484587626500,10838.626389733100,2
臺北市北投區稻香路１６１巷９號,15850000,135066,18.13,0,63000,北投區,房地(土地+建物)+車位,25.1419620193271,121.488574986108,稻香里,22.69,住,NA,NA,1121101,土地1建物1車位1,十層,十一層,住宅大樓(11層含以上有電梯),住家用,鋼筋混凝土造,930312,117.35,2,1,2,有,有,坡道平面,陽台外推；其他增建；,RPPNMLLLJIIGFEA07DA,56.73,6.57,2.89,有,NA,2023-11-01,664,25.955774974574900,23.23982236885040,28.61050822454440,0,33.83898065085950,63000120035,0.10958350181965200,0.4373230893651440,94.51,4961.9,41.25984250885570,29.81627295805350,0,0,0,0,0,0,0,0,0,0,3,0,0,0,0,1,0,0,0,3,"c(121.488574986108, 25.1419620193271)",臺北捷運復興崗站_R23,572.7970946896990,10812.88490612560,10830.371358478600,19
臺北市北投區稻香路１８６號,15800000,172696,34.9,2100000,63000,北投區,房地(土地+建物)+車位,25.1440126738879,121.487936646215,稻香里,43.27,住,NA,NA,1121021,土地1建物1車位1,四層,五層,華廈(10層含以下有電梯),住家用,鋼筋混凝土造,1101217,114.23,2,2,1,有,有,坡道平面,NA,RPOOMLRLIIIGFEA57DA,47.55,3.07,3.58,有,643,2023-10-21,665,22.879469925010100,21.841743463937300,23.77687863630650,0,38.79985433551680,63000120035,0.10958350181965200,0.4373230893651440,94.51,4961.9,41.25984250885570,29.81627295805350,0,0,0,0,0,0,0,0,0,0,1,0,0,0,0,0,0,0,0,1,"c(121.487936646215, 25.1440126738879)",臺北捷運復興崗站_R23,746.9723627967280,11048.925749011100,11066.451174315000,2
臺北市北投區義方街２５號,12000000,144928,0,0,63000,北投區,房地(土地+建物),25.1410499844426,121.501492001815,開明里,34,住,NA,NA,1121010,土地2建物1車位0,四層,四層,公寓(5樓含以下無電梯),住家用,鋼筋混凝土造,630711,82.8,3,2,2,有,無,NA,NA,RPTNMLOJKIIGFEA67DA,82.8,0,0,無,843,2023-10-10,667,23.667798585252100,22.09338282129170,25.54958447142010,5.250746290017250,39.70253857595510,63000120029,0.11889058007779500,0.4703196347031960,89.8,15840.65,44.84930273395200,32.99595140958260,0,0,0,0,0,0,0,0,0,0,22,15,0,4,1,1,1,4,0,23,"c(121.501492001815, 25.1410499844426)",臺北捷運新北投站_R22A,489.5213540350600,10458.562397728000,10460.77351788790,49
臺北市北投區育仁路１２巷１６號,6500000,119661,0,0,63000,北投區,房地(土地+建物),25.1330199954719,121.498394972411,大同里,37,商,NA,NA,1121017,土地1建物1車位0,全,三層,透天厝,住家用,加強磚造,561026,54.32,3,2,2,有,無,NA,親友、員工、共有人或其他特殊關係間之交易；,RPSNMLOKJIIGFEA67EA,54.32,0,0,無,NA,2023-10-17,669,25.731697023899200,24.284987955437300,27.69652646702060,0,123.033508335605,63000120024,0.11742503669532400,0.45942545607045500,92.37,8348.01,48.623853197491300,32.58270780300730,0,0,0,0,0,1,0,0,0,0,18,43,0,12,2,1,1,3,0,19,"c(121.498394972411, 25.1330199954719)",臺北捷運北投站_R22,118.6165088037910,9630.002489474400,9638.094145463430,56
臺北市北投區自強街１８０巷１０之２號,17500000,178863,0,0,63000,北投區,房地(土地+建物),25.1107729995208,121.517231958693,石牌里,28.8,商,NA,NA,1121021,土地1建物1車位0,四層,五層,公寓(5樓含以下無電梯),住家用,鋼筋混凝土造,700314,97.84,3,2,1,有,無,NA,其他增建；,RPUNMLQLIIIGFEA97DA,88.15,0,9.69,無,NA,2023-10-21,672,23.438506000567900,22.675660627838200,24.054804771024300,0,36.93186482638080,63000120003,0.12802690582959600,0.473542600896861,88.77,45161.33,52.24977041559540,36.51668196005000,1,0,0,0,0,0,0,0,0,0,27,51,0,12,1,1,2,2,0,29,"c(121.517231958693, 25.1107729995208)",臺北捷運明德站_R18,254.4955739135470,7007.802318752790,6989.756461245840,42
臺北市北投區自強街４６巷１３之１號,17180000,183822,0,0,63000,北投區,房地(土地+建物),25.1099350187508,121.513857991208,文林里,26.61,住,NA,NA,1121029,土地2建物1車位0,一層,五層,公寓(5樓含以下無電梯),住家用,鋼筋混凝土造,670130,93.46,4,1,1,有,無,NA,其他增建；,RPVNMLTJJIIGFEA28DA,82.17,3.15,0,無,NA,2023-10-29,673,23.98500662797120,23.14269710434040,24.79455893520350,1.4826715425902600,43.15961880114090,63000120002,0.13186813186813200,0.5083725798011510,92.77,38410.43,52.65030236476330,35.96584843971330,1,0,0,0,0,0,2,0,0,0,17,44,0,11,1,1,2,3,0,19,"c(121.513857991208, 25.1099350187508)",臺北捷運明德站_R18,538.6272264384170,6915.809171049460,6904.0950450569500,45
臺北市北投區自強街５巷１５３號,10360000,259000,0,0,63000,北投區,房地(土地+建物),25.1125590154494,121.510586031485,福興里,13.06,住,NA,NA,1121017,土地1建物1車位0,六層,六層,華廈(10層含以下有電梯),住家用,鋼筋混凝土造,881014,40,1,1,1,有,有,NA,陽台外推；夾層；,RPTNMLRJJIIGFEA97EA,26.62,0,2.79,有,NA,2023-10-17,674,25.97315055775100,24.537657512761900,27.98701645642940,0,114.60496694880900,63000120004,0.14245625619016200,0.5019808517662600,89.51,21238.45,55.82926310133170,28.647271176757900,0,0,0,0,0,0,1,0,0,0,21,33,0,6,1,1,3,3,0,24,"c(121.510586031485, 25.1125590154494)",臺北捷運石牌站_R19,539.0427364600690,7222.444814070180,7216.460174031200,24
臺北市北投區致遠一路一段９０巷２號,14000000,161439,0,0,63000,北投區,房地(土地+建物),25.109422004367,121.515529007425,石牌里,33.5,住,NA,NA,1121023,土地1建物1車位0,二層,四層,公寓(5樓含以下無電梯),住家用,鋼筋混凝土造,601204,86.72,3,1,1,有,無,NA,NA,RPVNMLNJJIIGFEA77EA,86.72,0,0,無,NA,2023-10-23,675,26.80433405239040,25.43222546317080,29.02506265866450,0,31.922187739999500,63000120003,0.12802690582959600,0.473542600896861,88.77,45161.33,52.24977041559540,36.51668196005000,1,0,0,0,0,0,1,0,0,0,23,40,0,10,1,2,2,3,0,25,"c(121.515529007425, 25.109422004367)",臺北捷運明德站_R18,365.5296309021750,6856.491458388140,6841.639687159260,52
臺北市北投區致遠一路二段３５巷４號,21200000,196770,0,0,63000,北投區,房地(土地+建物),25.1115090144386,121.513674008434,福興里,37.3,住,NA,NA,1121001,土地1建物1車位0,三層,五層,公寓(5樓含以下無電梯),住家用,鋼筋混凝土造,810130,107.74,3,2,2,有,無,NA,陽台外推；其他增建；,RPTOMLLMIIIGFEA57DA,86.53,0.87,8.34,無,NA,2023-10-01,676,28.86551312245890,26.9012572601839,31.610803608290500,7.331000302977160,40.14348238225810,63000120004,0.14245625619016200,0.5019808517662600,89.51,21238.45,55.82926310133170,28.647271176757900,1,0,0,0,0,0,1,0,0,0,21,45,0,11,1,1,2,3,0,23,"c(121.513674008434, 25.1115090144386)",臺北捷運石牌站_R19,416.5590761415630,7090.6068221608800,7079.115562112840,31
臺北市北投區致遠一路二段７０巷１弄４號,12000000,150000,0,0,63000,北投區,房地(土地+建物),25.1125350012968,121.513937032555,榮光里,23.75,住,NA,NA,1121004,土地1建物1車位0,三層,四層,公寓(5樓含以下無電梯),住家用,鋼筋混凝土造,670112,80,2,1,1,有,無,NA,親友、員工、共有人或其他特殊關係間之交易；,RPSNMLTKIIIGFEA08EA,68.24,0,11.76,無,NA,2023-10-04,677,27.828727248519200,27.07653696099990,28.8771291484619,16.73249202259420,33.782628322720000,63000120005,0.11848264729620700,0.46973365617433400,90.61,52213.54,57.6843413302228,28.314001651136300,0,0,0,0,0,0,0,0,0,0,24,56,0,12,1,1,2,3,0,26,"c(121.513937032555, 25.1125350012968)",臺北捷運石牌站_R19,301.7150035128140,7203.499108290700,7191.453875399540,45
臺北市北投區致遠二路１１３巷１０號,18000000,190034,0,0,63000,北投區,房地(土地+建物),25.1170039806129,121.511823032755,吉利里,26.57,住,NA,NA,1121016,土地5建物1車位0,二層,五層,公寓(5樓含以下無電梯),住家用,鋼筋混凝土造,670512,94.72,3,2,1,有,無,NA,陽台外推；其他增建；,RPOOMLQLIIIGFEA47DA,81.76,0,12.96,無,NA,2023-10-16,679,26.055509002365900,24.984462366384300,27.79974422601690,0,95.93799366128330,63000120013,0.1430264048747460,0.5132024373730540,86.12,41458.21,57.0687418813081,27.712926928726100,0,0,0,0,0,0,0,0,0,0,37,51,0,11,1,3,3,0,0,40,"c(121.511823032755, 25.1170039806129)",臺北捷運石牌站_R19,407.3618273167250,7706.268589127320,7697.523522226020,45
臺北市北投區行義路１５８巷１１號,10720000,120179,0,0,63000,北投區,房地(土地+建物),25.1308810176006,121.528856987846,永和里,15.49,都市：其他:第二種住宅區。,NA,NA,1121007,土地2建物1車位0,六層,八層,華廈(10層含以下有電梯),住家用,鋼筋混凝土造,700921,89.2,2,2,1,有,有,NA,其他增建；,RPPNMLSJIIIGFEA47DA,71.75,0,12.4,有,NA,2023-10-07,680,27.272445655975000,25.10598384910530,30.383465924707900,7.597272420439470,29.66188344301640,63000120009,0.15048899755501200,0.5534229828850860,89.25,5718.1,53.74592833000880,33.224755694914500,0,0,0,0,0,0,0,0,0,0,5,0,0,0,0,0,1,2,0,6,"c(121.528856987846, 25.1308810176006)",臺北捷運石牌站_R19,2233.4640763020200,9328.216900114010,9294.512886562470,42
臺北市北投區行義路１５８巷３１號,10300000,89278,0,0,63000,北投區,房地(土地+建物),25.1308430056697,121.529630972785,永和里,35.11,都市：其他:第二種住宅區。,NA,NA,1121024,土地2建物1車位0,五層,五層,公寓(5樓含以下無電梯),住家用,鋼筋混凝土造,751229,115.37,3,2,2,有,無,NA,陽台外推；頂樓加蓋；其他增建；,RPRNMLNJJIIGFEA27DA,89.72,0.76,9.5,無,764,2023-10-24,681,26.61441854239100,23.697951612624500,29.916189407629400,0,35.30793702946890,63000120009,0.15048899755501200,0.5534229828850860,89.25,5718.1,53.74592833000880,33.224755694914500,0,0,0,0,0,0,0,0,0,0,5,0,0,0,0,0,1,2,0,6,"c(121.529630972785, 25.1308430056697)",臺北捷運石牌站_R19,2279.1415644900900,9335.475840459370,9300.724664387620,37
臺北市北投區行義路１８６巷２１號,12680000,152587,0,0,63000,北投區,房地(土地+建物),25.1329189935387,121.529586967793,永和里,19.12,都市：其他:道路用地(公共設施用地)。64/6/26,NA,NA,1121004,土地2建物1車位0,五層,六層,華廈(10層含以下有電梯),住家用,鋼筋混凝土造,750113,83.1,2,2,1,有,有,NA,陽台外推；,RPPNMLQKJIIGFEA57EA,57.14,0,9.38,有,624,2023-10-04,682,26.81837948687360,26.20816005376770,27.58203453419480,67.5098144581736,35.44327223361830,63000120009,0.15048899755501200,0.5534229828850860,89.25,5718.1,53.74592833000880,33.224755694914500,0,0,0,0,0,0,0,0,0,0,4,0,0,0,0,0,1,1,0,5,"c(121.529586967793, 25.1329189935387)",臺北捷運石牌站_R19,2457.9510108615100,9562.220657643570,9527.96094423314,37
臺北市北投區行義路１８６巷３５號,10800000,136037,0,0,63000,北投區,房地(土地+建物),25.1331199915768,121.52970498499,永和里,18.75,都市：其他:道路用地(公共設施用地)。64/6/26,NA,NA,1121025,土地2建物1車位0,五層,六層,華廈(10層含以下有電梯),住家用,鋼筋混凝土造,750113,79.39,1,2,1,有,無,NA,未登記建物；,RPSNMLNLJIIGFEA57DA,50.32,0,12.81,有,NA,2023-10-25,683,25.808237818995400,23.14378664348810,28.628709072396800,0,31.86206840530360,63000120009,0.15048899755501200,0.5534229828850860,89.25,5718.1,53.74592833000880,33.224755694914500,0,0,0,0,0,0,0,0,0,0,4,0,0,0,0,0,1,1,0,5,"c(121.52970498499, 25.1331199915768)",臺北捷運石牌站_R19,2482.951235678940,9585.991431287580,9551.61828728313,37
臺北市北投區豐年路一段１６號,13100000,136915,0,0,63000,北投區,房地(土地+建物),25.1339580142563,121.49813798326,大同里,32.7,都市：其他:道路用地(公共設施用地)。65/7/9,NA,NA,1121012,土地2建物1車位0,二層,四層,公寓(5樓含以下無電梯),住家用,鋼筋混凝土造,680622,95.68,0,0,0,無,無,NA,NA,RPRNMLMLJIIGFEA37DA,86.5,0,9.18,無,NA,2023-10-12,689,26.234344885557500,24.321296027129100,28.48865463801290,0,44.25558723327910,63000120024,0.11742503669532400,0.45942545607045500,92.37,8348.01,48.623853197491300,32.58270780300730,0,0,0,0,0,1,0,0,0,0,18,42,0,11,2,1,0,3,0,18,"c(121.49813798326, 25.1339580142563)",臺北捷運北投站_R22,195.57787081403500,9736.88335337176,9745.053730052130,44
臺北市南港區三重路７號,21080000,170495,0,0,63000,南港區,房地(土地+建物),25.0557689811363,121.613789974532,三重里,35.8,住,NA,NA,1121021,土地1建物1車位0,五層,五層,公寓(5樓含以下無電梯),住家用,鋼筋混凝土造,690125,123.64,4,2,2,有,無,NA,陽台外推；頂樓加蓋；其他增建；,RPVNMLRJJIIGFDA97DA,111.22,0,12.42,無,NA,2023-10-21,692,20.961034230019900,20.02868839144400,22.08518977909650,5.808890792614010,32.85033534744230,63000090004,0.21647770219198800,0.6260015117157970,88.97,7295.02,45.76523030353540,22.864041600508200,0,0,0,0,0,0,0,0,0,0,20,18,0,2,0,2,0,1,0,20,"c(121.613789974532, 25.0557689811363)",臺北捷運南港展覽館站_BL23_BR24,334.13956384092000,695.8363425074700,695.642265301245,43
臺北市南港區中南街１１７號,16880000,162121,0,0,63000,南港區,房地(土地+建物),25.0522446003986,121.615283964954,中南里,31,都市：其他:第參種商業區(依都市計畫說明書圖規定辦理，始得作第參種商業區使用)(原屬第參種住宅區)。,NA,NA,1121102,土地2建物1車位0,二層,五層,公寓(5樓含以下無電梯),住家用,鋼筋混凝土造,710626,104.12,4,1,1,有,無,NA,其他增建；,RPPOMLKLJIIGFDA96DA,88.32,0,8.38,無,119,2023-11-02,693,26.263981022956200,23.444938805845800,30.309945770925500,0,28.09968869419880,63000090002,0.071334214002642,0.37912813738441200,99.29,1958.4,43.09978766747360,28.57749468000960,0,0,0,0,0,0,0,0,0,0,10,20,0,4,0,1,1,2,0,11,"c(121.615283964954, 25.0522446003986)",臺北捷運南港展覽館站_BL23_BR24,201.04304350699000,815.8839865564550,815.9840104450760,41
臺北市南港區南深路２３巷１２弄３號,12000000,134003,0,0,63000,南港區,房地(土地+建物),25.0373209989804,121.621773988764,舊莊里,43.6,住,NA,NA,1121016,土地1建物1車位0,二層,四層,公寓(5樓含以下無電梯),住家用,鋼筋混凝土造,700331,89.55,3,2,1,有,無,NA,NA,RPXNMLQLIIIGFDA18DA,80.22,0,9.33,無,NA,2023-10-16,695,23.984712331006600,21.613397870312200,27.10427510086310,0,77.06374351366160,63000090016,0.0884517766497462,0.39581218274111700,95.64,1638.52,39.42277195695800,24.96035521329520,0,0,0,0,0,0,0,0,0,0,9,0,0,5,1,0,1,1,0,10,"c(121.621773988764, 25.0373209989804)",臺北捷運南港展覽館站_BL23_BR24,1907.4607777606900,2315.996995198410,2316.428276844070,42
臺北市南港區南港路三段２２５號,23500000,267349,0,0,63000,南港區,房地(土地+建物),25.0513751036727,121.580313575259,玉成里,13.61,商,NA,NA,1121016,土地1建物1車位0,二層,十二層,住宅大樓(11層含以上有電梯),住家用,鋼筋混凝土造,940603,87.9,2,1,1,有,有,NA,陽台外推；,RPPNMLSKJIIGFDA57DA,52.76,0,9.99,有,705,2023-10-16,696,24.799605568811100,23.24824046523790,27.46689449693010,0,74.14682639307970,63000090009,0.1008814887365330,0.4395200783545540,95.67,10920.73,46.033269339080800,30.64619320836650,0,0,0,0,0,0,0,0,0,2,27,18,0,7,2,1,1,2,0,28,"c(121.580313575259, 25.0513751036727)",臺北捷運松山站_G19,263.18929100169800,318.26258337783300,2736.8687159843200,18
臺北市南港區南港路二段８６巷１０弄４號,16800000,130132,0,0,63000,南港區,房地(土地+建物),25.0544699956917,121.602974972503,東明里,56.69,住,NA,NA,1121015,土地2建物1車位0,二層,五層,公寓(5樓含以下無電梯),住家用,鋼筋混凝土造,730126,129.1,4,2,2,有,無,NA,NA,RPQNMLLJJIIGFDA86DA,101.86,0,22.66,無,384,2023-10-15,697,24.28159491707930,22.722680610447600,27.164830569101800,0,75.08622410517540,63000090007,0.15379939209726400,0.5361702127659570,90.58,17785.35,45.071151346682800,27.684346694001500,0,1,0,0,0,2,1,0,0,3,21,11,0,4,1,1,1,1,0,22,"c(121.602974972503, 25.0544699956917)",臺北捷運南港站_BL22,427.15151124802400,450.5908443565060,450.4683809272720,39
臺北市南港區園區街１７號,26350000,293463,0,0,63000,南港區,房地(土地+建物),25.0587539025856,121.610842729737,三重里,18.01,住,NA,NA,1121002,土地1建物2車位0,十二層,十二層,住宅大樓(11層含以上有電梯),住家用,鋼筋混凝土造,951116,89.79,2,2,1,有,有,NA,其他增建；,RPSNMLLKIIIGFDA07DA,54.26,1.12,3.74,有,422,2023-10-02,700,26.15225786459460,24.82141732231840,27.508403451678100,2.3645845084348900,46.526129005325900,63000090004,0.21647770219198800,0.6260015117157970,88.97,7295.02,45.76523030353540,22.864041600508200,0,0,0,0,0,0,0,0,0,0,14,8,0,2,0,1,0,1,0,14,"c(121.610842729737, 25.0587539025856)",臺北捷運南港軟體園區站_BR23,529.8333988243800,674.7877909729290,674.3156184500290,17
臺北市南港區園區街５８巷３號,27200000,268449,33.81,2500000,63000,南港區,房地(土地+建物)+車位,25.0592340179995,121.61187697277,三重里,18.85,住,NA,NA,1121016,土地1建物1車位1,三層,十層,華廈(10層含以下有電梯),住家用,鋼筋混凝土造,970909,125.82,2,2,1,有,有,坡道平面,NA,RPXNMLRLIIIGFDA28DA,52.16,7.09,4.58,有,NA,2023-10-16,701,24.70653331965990,22.90393807030270,27.328046156444500,0,75.54276892546530,63000090004,0.21647770219198800,0.6260015117157970,88.97,7295.02,45.76523030353540,22.864041600508200,0,0,0,0,0,0,0,0,0,0,16,8,0,2,0,1,0,1,0,16,"c(121.61187697277, 25.0592340179995)",臺北捷運南港軟體園區站_BR23,416.3439139927490,777.2404443135010,776.7925524488490,15
臺北市南港區園區街８號,31500000,280316,49.59,4500000,63000,南港區,房地(土地+建物)+車位,25.0597739802021,121.613514964289,三重里,18.75,住,NA,NA,1121021,土地1建物1車位3,十四層,十四層,住宅大樓(11層含以上有電梯),住家用,鋼筋混凝土造,980611,145.91,2,2,1,有,有,坡道機械,NA,RPUOMLNJJIIGFDA57DA,54.95,5.7,5.8,有,NA,2023-10-21,702,20.98281896992160,20.06372532965740,22.090219767254100,5.653047440597900,32.78306134843210,63000090004,0.21647770219198800,0.6260015117157970,88.97,7295.02,45.76523030353540,22.864041600508200,0,0,0,0,0,0,0,0,0,0,17,6,0,1,0,1,0,1,0,17,"c(121.613514964289, 25.0597739802021)",臺北捷運南港軟體園區站_BR23,244.35981806445900,928.2722294137910,927.8614672855950,14
臺北市南港區忠孝東路六段７０巷２１弄２６號,22550000,225455,0,0,63000,南港區,房地(土地+建物),25.0461869989737,121.585360989713,萬福里,24.04,住,NA,NA,1121029,土地1建物1車位0,三層,七層,華廈(10層含以下有電梯),住家用,鋼筋混凝土造,730724,100.02,3,2,1,有,有,NA,陽台外推；其他增建；,RPUNMLSJJIIGFDA97DA,66.75,0,7.66,有,NA,2023-10-29,706,22.453704100663700,21.79096814760830,23.76851213298740,0.11648126907522500,39.077581834671400,63000090012,0.1337287678619570,0.500943650579671,90.57,39409.74,53.13666913624470,38.4988797466397,0,0,0,0,0,1,0,0,0,0,36,28,0,12,1,2,1,1,0,37,"c(121.585360989713, 25.0461869989737)",臺北捷運後山埤站_BL20,263.57211130665300,792.7378310894300,2362.9852144219600,39
臺北市南港區成福路１４９巷３號,15500000,179919,0,0,63000,南港區,房地(土地+建物),25.041706997455,121.587958038593,成福里,23.37,住,NA,NA,1121004,土地1建物1車位0,五層,五層,公寓(5樓含以下無電梯),住家用,鋼筋混凝土造,691216,86.15,5,2,2,有,無,NA,頂樓加蓋；,RPWNMLOKJIIGFDA87DA,76.75,0,9.4,無,NA,2023-10-04,707,26.34078096030200,25.33820183548400,26.990199486741700,53.62100376581870,35.951059112980100,63000090011,0.1157960006200590,0.4625639435746400,90.72,13958.58,47.94997948996520,32.246822461614000,0,0,0,0,0,0,0,0,0,0,21,15,0,9,0,1,3,2,0,24,"c(121.587958038593, 25.041706997455)",臺北捷運後山埤站_BL20,639.0461199902510,1285.427305464370,2355.6628841804,43
臺北市南港區成福路８３號,4000000,112360,0,0,63000,南港區,房地(土地+建物),25.0430579926088,121.586894039804,成福里,12.69,都市：其他:第三種住宅區。,NA,NA,1121109,土地4建物1車位0,一層,四層,公寓(5樓含以下無電梯),住家用,鋼筋混凝土造,690912,35.6,5,2,4,有,無,NA,1.一樓總價新台幣250萬.3房2衛1廳含後陽台增建   南港區新光段二小段220地號土地權利範圍  1/336000 南港區新光段二小段221地號土地權利範圍18624/3360002.四樓總價新台幣150萬2房2衛1廳含後頂樓增建南港區新光段二小段220地號土地權利範圍  1/336000 南港區新光段二小段221地號土地權利範圍18624/336000親友、員工、共有人或其他特殊關係間之交易；陽台外推；頂樓加蓋；其他增建；,RPOOMLNKJIIGFDA07DA,31.08,2.26,2.26,無,NA,2023-11-09,708,26.809847719278600,23.53200001348050,31.000000000000000,0,47.52992158680580,63000090011,0.1157960006200590,0.4625639435746400,90.72,13958.58,47.94997948996520,32.246822461614000,0,0,0,0,0,0,0,0,0,0,29,30,0,14,1,3,3,2,0,32,"c(121.586894039804, 25.0430579926088)",臺北捷運後山埤站_BL20,465.34213062497800,1107.6683969368400,2368.398041123180,43
臺北市南港區昆陽街１４２巷１６號,8000000,86384,0,0,63000,南港區,房地(土地+建物),25.0492230081229,121.593810031933,新光里,24.39,住,NA,NA,1121006,土地1建物1車位0,二層,五層,公寓(5樓含以下無電梯),住家用,鋼筋混凝土造,701118,92.61,3,2,1,有,無,NA,親友、員工、共有人或其他特殊關係間之交易；,RPXNMLLKIIIGFDA57DA,74.24,0,18.37,無,721,2023-10-06,709,27.091570434672000,25.790012568340900,28.488429169625700,2.852289538739410,32.31392761170710,63000090006,0.10775335775335800,0.4539072039072040,87.81,2456.44,48.32187624410760,32.47068336737940,0,0,0,0,0,0,0,0,0,0,9,5,0,1,0,1,1,1,0,10,"c(121.593810031933, 25.0492230081229)",臺北捷運昆陽站_BL21,147.45728476519600,1446.68103047609,1446.865803843010,42
臺北市南港區東新街１１８巷４１號,28960000,293533,0,0,63000,南港區,房地(土地+建物),25.046288000907,121.588897985215,成福里,20.27,住,NA,NA,1121022,土地3建物1車位0,七層,十一層,住宅大樓(11層含以上有電梯),住家用,鋼筋混凝土造,1010314,98.66,2,2,2,有,有,NA,其他增建；,RPSPMLQJJIIGFDA77DA,64.81,0,11.16,有,589,2023-10-22,711,23.06057850079460,21.266167855357000,24.574618876315200,0,29.092855931961700,63000090011,0.1157960006200590,0.4625639435746400,90.72,13958.58,47.94997948996520,32.246822461614000,0,0,0,0,0,1,0,0,0,0,12,12,0,5,1,1,1,1,0,13,"c(121.588897985215, 25.046288000907)",臺北捷運後山埤站_BL20,610.1156594507620,1123.0958951308300,2027.4579271117400,11
臺北市南港區東新街１６８巷１６號,29180000,294718,0,0,63000,南港區,房地(土地+建物),25.0460759806661,121.589736007894,成福里,20.2,住,NA,NA,1121007,土地3建物1車位0,八層,十一層,住宅大樓(11層含以上有電梯),住家用,鋼筋混凝土造,1010314,99.01,3,2,2,有,有,NA,其他增建；,RPPOMLNJJIIGFDA07DA,64.95,0,11.37,有,761,2023-10-07,713,27.05737164143320,24.876092645719900,30.863765438571100,14.014231552519300,29.291690845754300,63000090011,0.1157960006200590,0.4625639435746400,90.72,13958.58,47.94997948996520,32.246822461614000,0,0,0,0,0,1,0,0,0,0,11,10,0,5,1,1,1,1,0,12,"c(121.589736007894, 25.0460759806661)",臺北捷運昆陽站_BL21,602.4751740545120,1210.8397601856500,1960.017354204800,11
臺北市南港區玉成街２２１號,19000000,235732,0,0,63000,南港區,房地(土地+建物),25.04372100115,121.585106012218,鴻福里,19.4,住,NA,NA,1121022,土地1建物1車位0,五層,五層,公寓(5樓含以下無電梯),住家用,鋼筋混凝土造,721201,80.6,2,2,2,有,無,NA,陽台外推；頂樓加蓋；,RPPNMLPJJIIGFDA17DA,65.56,0,8.14,無,809,2023-10-22,717,23.00726140910170,21.23629436832800,24.48627206788190,0,29.210036874194000,63000090013,0.1159235668789810,0.4743949044585990,88.85,36876.2,48.94863838367850,35.29817303161040,0,0,0,0,0,1,0,0,0,0,38,37,0,14,1,2,2,2,0,40,"c(121.585106012218, 25.04372100115)",臺北捷運後山埤站_BL20,274.91308122551800,921.7770309308580,2494.0345226049300,40
臺北市南港區研究院路三段７號,25200000,159242,43.95,2000000,63000,南港區,房地(土地+建物)+車位,25.035570019407,121.617359994732,九如里,63.08,住,NA,NA,1121028,土地1建物1車位1,二層,五層,華廈(10層含以下有電梯),住家用,鋼筋混凝土造,990921,189.64,3,2,2,有,有,坡道平面,其他增建；,RPWNMLQKJIIGFDA08DA,78.02,10.9,10.98,有,762,2023-10-28,718,21.13627393589690,19.750817391785300,22.90280250104940,9.002235774011130,37.26742239206080,63000090018,0.1065989847715740,0.4419869470630890,90.87,879.27,46.859004177091900,28.338762208390200,0,0,0,0,0,0,0,0,0,0,5,0,0,1,0,0,0,1,0,5,"c(121.617359994732, 25.035570019407)",臺北捷運南港展覽館站_BL23_BR24,2022.5865440300800,2235.993161367900,2236.4880073106500,13
臺北市南港區研究院路二段１２巷５８弄１之１號,15000000,148280,0,0,63000,南港區,房地(土地+建物),25.0472980202396,121.6139069859,中研里,29.78,住,NA,NA,1121029,土地1建物1車位0,五層,五層,公寓(5樓含以下無電梯),住家用,鋼筋混凝土造,720909,101.16,3,2,1,有,無,NA,陽台外推；頂樓加蓋；其他增建；,RPROMLNKJIIGFDA37DA,91.17,0,9.99,無,811,2023-10-29,719,22.27101029559180,21.205829652134700,23.862418084596200,0,37.15463170644460,63000090017,0.1705919796308080,0.5261616804583070,96.26,9704.97,50.90546601579910,30.503405876307800,0,0,0,0,0,1,0,0,0,0,6,9,0,3,0,0,1,2,0,7,"c(121.6139069859, 25.0472980202396)",臺北捷運南港展覽館站_BL23_BR24,760.1556285572640,960.7661572459210,961.1675074482830,40
臺北市南港區研究院路二段１５４號,10900000,134452,0,0,63000,南港區,房地(土地+建物),25.0382739794619,121.616811985903,九如里,30.5,住,NA,NA,1121005,土地1建物1車位0,二層，陽臺,四層,公寓(5樓含以下無電梯),住家用,鋼筋混凝土造,611129,81.07,3,1,1,有,無,NA,NA,RPTOMLTJJIIGFDA08DA,81.07,0,0,無,NA,2023-10-05,720,26.759270337824900,25.424038636349300,28.671766047271500,40.7486354989611,30.641565171796600,63000090018,0.1065989847715740,0.4419869470630890,90.87,879.27,46.859004177091900,28.338762208390200,0,0,0,0,0,0,0,0,0,1,12,2,0,3,0,0,0,1,0,12,"c(121.616811985903, 25.0382739794619)",臺北捷運南港展覽館站_BL23_BR24,1721.027196974270,1945.798969817210,1946.2821991917900,51
臺北市南港區福德街３１０巷５６號,11010000,179170,0,0,63000,南港區,房地(土地+建物),25.0412140158197,121.587082967901,百福里,23.25,住,NA,NA,1121018,土地1建物1車位0,二層，陽臺,四層,公寓(5樓含以下無電梯),住家用,鋼筋混凝土造,630814,61.45,2,1,1,有,無,NA,有其他增建：後陽台。其他增建；,RPTOMLNLIIIGFDA57DA,61.45,0,0,無,NA,2023-10-18,722,26.916684074035500,24.43992601968590,30.00796592540380,0,59.63848588029390,63000090014,0.09916994320664040,0.42616863259065100,92.31,18725.35,46.08994556113150,31.137209959571100,0,0,0,0,0,0,0,0,0,0,25,22,0,12,0,1,3,3,0,28,"c(121.587082967901, 25.0412140158197)",臺北捷運後山埤站_BL20,610.696317966222,1257.255454902380,2459.4139065695300,49
臺北市南港區興南街６４巷４弄７號,21000000,249911,0,0,63000,南港區,房地(土地+建物),25.0558390119373,121.601470001788,東新里,29.25,住,NA,NA,1121011,土地1建物1車位0,一層,四層,公寓(5樓含以下無電梯),住家用,鋼筋混凝土造,690502,84.03,4,2,2,有,無,NA,陽台外推；其他增建；,RPSNMLSKIIIGFDA77DA,69.87,14.16,0,無,562,2023-10-11,726,23.959250094614000,22.04441053150160,26.507772961306000,0.3471305457356050,39.34928920983060,63000090005,0.0938440950150552,0.4295751087320170,94.5,28214.47,46.62510747063090,28.503869297398100,0,0,0,0,0,0,1,0,0,0,12,7,0,4,0,1,1,1,0,13,"c(121.601470001788, 25.0558390119373)",臺北捷運南港站_BL22,641.7143137725400,642.4740636084820,642.257161962974,43
臺北市南港區舊莊街一段１９９巷１１弄６號,19000000,167549,0,0,63000,南港區,房地(土地+建物),25.040177835976,121.621492729354,舊莊里,37.22,住,NA,NA,1121007,土地1建物1車位0,一層,五層,公寓(5樓含以下無電梯),住家用,鋼筋混凝土造,780526,113.4,3,2,2,有,無,NA,其他增建；,RPVNMLSJJIIGFDA08DA,96.06,10.69,0,無,NA,2023-10-07,728,26.8456460610098,25.102697536797600,30.078136313967100,18.697982991547700,30.019188053582900,63000090016,0.0884517766497462,0.39581218274111700,95.64,1638.52,39.42277195695800,24.96035521329520,0,0,0,0,0,0,0,0,0,0,12,2,0,4,1,0,1,1,0,13,"c(121.621492729354, 25.040177835976)",臺北捷運南港展覽館站_BL23_BR24,1597.6424777742500,2059.82753163367,2060.227201742160,34
臺北市南港區重陽路１６６巷１０弄２０號,13950000,211236,0,0,63000,南港區,房地(土地+建物),25.0563260005118,121.60040499717,東新里,31,住,NA,NA,1121021,土地1建物1車位0,四層,四層,公寓(5樓含以下無電梯),住家用,鋼筋混凝土造,610320,66.04,2,2,1,有,無,NA,其他增建；,RPWNMLLMIIIGFDA67DA,66.04,0,0,無,NA,2023-10-21,729,21.301155371719900,20.477910377354900,22.366659396706200,2.698215309197360,33.68975318168420,63000090005,0.0938440950150552,0.4295751087320170,94.5,28214.47,46.62510747063090,28.503869297398100,0,0,0,0,0,0,1,0,0,0,8,5,0,1,0,1,1,0,0,9,"c(121.60040499717, 25.0563260005118)",臺北捷運南港站_BL22,757.3000330494080,762.507995738882,762.2859746653900,51
臺北市南港區重陽路１６６巷１０弄２３號,16500000,269696,0,0,63000,南港區,房地(土地+建物),25.0564459874558,121.60019201301,東新里,73,住,NA,NA,1121019,土地1建物1車位0,二層,四層,公寓(5樓含以下無電梯),住家用,鋼筋混凝土造,610320,61.18,3,2,1,有,無,NA,未登記之後陽台外推,RPROMLNJJIIGFDA27DA,61.18,0,0,無,NA,2023-10-19,730,28.010061412521800,24.08837479810510,32.17048395078800,0,44.719248829832500,63000090005,0.0938440950150552,0.4295751087320170,94.5,28214.47,46.62510747063090,28.503869297398100,0,0,0,0,0,0,0,0,0,0,7,4,0,0,0,1,0,0,0,7,"c(121.60019201301, 25.0564459874558)",臺北捷運南港站_BL22,782.2248291919100,787.5293944680840,787.3050605107790,51
臺北市南港區重陽路１６６巷１０弄５號,13000000,212488,0,0,63000,南港區,房地(土地+建物),25.0567039824355,121.600917969645,東新里,35.75,住,NA,NA,1121012,土地1建物1車位0,二層,四層,公寓(5樓含以下無電梯),住家用,加強磚造,610320,61.18,3,2,1,有,無,NA,未登記之前後陽台外推,RPSOMLNJJIIGFDA37DA,61.18,0,0,無,NA,2023-10-12,731,25.321991937097700,23.368526963335100,27.716745234453400,0,38.15715135521060,63000090005,0.0938440950150552,0.4295751087320170,94.5,28214.47,46.62510747063090,28.503869297398100,0,0,0,0,0,0,1,0,0,0,11,6,0,1,0,1,1,0,0,12,"c(121.600917969645, 25.0567039824355)",臺北捷運南港站_BL22,748.9752518185080,734.2213927653360,733.9591615444160,51
臺北市南港區重陽路４１號,23000000,270163,38.07,2500000,63000,南港區,房地(土地+建物)+車位,25.0554899894891,121.595969964562,重陽里,20.24,住,NA,NA,1121010,土地1建物1車位1,五層,十一層,住宅大樓(11層含以上有電梯),住家用,鋼筋混凝土造,991012,113.95,2,2,1,有,有,坡道平面,NA,RPQNMLPJJIIGFDA27DA,44.42,1.44,6.33,有,NA,2023-10-10,732,23.742582897928200,22.525363532838800,25.562141327047600,8.476287059776170,34.34656341823450,63000090020,0.19346356123215600,0.599549211119459,90.72,15885.21,37.480350317206300,19.55984728956660,0,0,0,0,0,0,0,0,0,0,10,7,0,2,2,0,0,1,0,10,"c(121.595969964562, 25.0554899894891)",臺北捷運昆陽站_BL21,620.1961722259300,1165.790529853440,1165.6893964858500,13
臺北市南港區重陽路４８９號,25880000,269883,40.14,2500000,63000,南港區,房地(土地+建物)+車位,25.0609609834202,121.611938998854,三重里,37.68,住,NA,NA,1121018,土地1建物1車位1,三層,七層,華廈(10層含以下有電梯),住家用,鋼筋混凝土造,980119,126.77,2,2,1,有,有,坡道平面,其他增建；,RPQNMLTJJIIGFDA67DA,48.97,6.61,4.81,有,694,2023-10-18,733,26.91771563420000,24.47966142490190,30.1154487786924,0,59.46359401099230,63000090004,0.21647770219198800,0.6260015117157970,88.97,7295.02,45.76523030353540,22.864041600508200,0,0,0,0,0,0,0,0,0,0,14,3,0,1,0,1,0,1,0,14,"c(121.611938998854, 25.0609609834202)",臺北捷運南港軟體園區站_BR23,418.2537626138460,941.5437150755270,941.0612171419440,14
臺北市士林區中山北路七段１１４巷６０弄３號,18980000,139651,0,0,63000,士林區,房地(土地+建物),25.1227149903414,121.535596960008,天和里,36.94,住,NA,NA,1121004,土地1建物1車位0,一層,五層,公寓(5樓含以下無電梯),住家用,鋼筋混凝土造,700904,135.91,3,2,2,有,無,NA,其他增建；,RPPOMLMJJIIGFEA07DA,105.88,19.71,0,無,592,2023-10-04,735,27.444927682992300,26.811794029739100,28.161963721644400,56.18814710211540,33.80970887642820,63000110039,0.17392657125077800,0.607809583074051,92.01,18300.51,56.87724486438260,35.81238114603580,0,0,0,0,0,1,0,0,0,0,16,11,0,1,1,1,1,1,0,17,"c(121.535596960008, 25.1227149903414)",臺北捷運石牌站_R19,2226.478913511770,8567.15017880952,8521.909627916770,42
臺北市士林區中山北路七段１４１巷２３號,45000000,273241,10.28,2000000,63000,士林區,房地(土地+建物)+車位,25.1230190019696,121.530097006601,天母里,29.22,住,NA,NA,1121030,土地1建物1車位1,七層,八層,華廈(10層含以下有電梯),住家用,鋼筋混凝土造,1111006,167.65,3,2,2,有,有,塔式車位,NA,RPTNMLQKJIIGFEA87DA,91.04,0,10.46,有,NA,2023-10-30,736,24.976781689630300,23.142845964063000,27.41702104852330,0,37.49666371443890,63000110042,0.17126975855480300,0.6027444849748130,87.32,3544.22,60.39007944608960,38.62268238896640,0,0,0,0,0,1,0,0,0,0,30,18,0,2,1,1,0,1,0,30,"c(121.530097006601, 25.1230190019696)",臺北捷運石牌站_R19,1744.3813621210700,8487.617578210120,8450.344480540820,1
臺北市士林區中山北路七段１９０巷１２弄６號,30000000,137963,0,0,63000,士林區,房地(土地+建物),25.1248779823654,121.533783032342,天山里,44.29,住,NA,NA,1121018,土地1建物1車位0,三層,七層,華廈(10層含以下有電梯),住家用,鋼筋混凝土造,691107,217.45,3,1,2,有,無,NA,親友、員工、共有人或其他特殊關係間之交易；,RPQNMLPKJIIGFEA57EA,151.77,0,33.69,有,NA,2023-10-18,737,27.679167847389200,25.51081399521180,31.173761121360100,0,69.07329343183080,63000110040,0.17560975609756100,0.5971404541631620,85.53,41280.65,61.92953415419020,40.576968540889800,0,0,0,0,0,1,0,0,0,0,18,8,0,1,1,1,0,2,0,18,"c(121.533783032342, 25.1248779823654)",臺北捷運石牌站_R19,2169.1758211140300,8760.346521458770,8718.361552895490,43
臺北市士林區中山北路七段１９０巷２６弄５號,13800000,44934,0,0,63000,士林區,房地(土地+建物)+車位,25.1253379812116,121.535567036614,天和里,61.32,住,NA,NA,1121102,土地2建物1車位1,二層,七層,華廈(10層含以下有電梯),住家用,鋼筋混凝土造,731214,307.12,5,3,3,有,有,坡道平面,親友、員工、共有人或其他特殊關係間之交易；,RPRNMLQKJIIGFEA67DA,227.08,0,29.13,有,NA,2023-11-02,738,26.86493454826440,23.617627517659900,32.26191435664680,0,36.50712569133130,63000110039,0.17392657125077800,0.607809583074051,92.01,18300.51,56.87724486438260,35.81238114603580,0,0,0,0,0,1,0,0,0,0,13,4,0,1,1,1,0,2,0,13,"c(121.535567036614, 25.1253379812116)",臺北捷運石牌站_R19,2350.683195219680,8849.185523002840,8804.897676497260,39
臺北市士林區中山北路七段２０９之２號,26580000,169418,0,0,63000,士林區,房地(土地+建物),25.1259709825395,121.532723978876,天母里,31.55,住,NA,NA,1121101,土地1建物1車位0,三層,七層,華廈(10層含以下有電梯),住家用,鋼筋混凝土造,740320,156.89,4,2,2,有,有,NA,其他增建；,RPQNMLOKJIIGFEA37DA,116.99,0,18.02,有,NA,2023-11-01,739,25.867696159408900,24.010760352064300,28.045729353003600,0,33.39579676772650,63000110042,0.17126975855480300,0.6027444849748130,87.32,3544.22,60.39007944608960,38.62268238896640,0,0,0,0,0,1,0,0,0,0,14,7,0,1,1,1,0,2,0,14,"c(121.532723978876, 25.1259709825395)",臺北捷運石牌站_R19,2143.880012983860,8857.476282912080,8817.289248383430,38
臺北市士林區中山北路七段２２０巷６之３號,7000000,47253,0,0,63000,士林區,房地(土地+建物),25.1263599866658,121.533419006287,天母里,30.4,住,NA,NA,1121012,土地1建物1車位0,四層,七層,華廈(10層含以下有電梯),住家用,鋼筋混凝土造,691115,148.14,3,2,2,有,有,NA,親友、員工、共有人或其他特殊關係間之交易；,RPPOMLOLIIIGFEA37DA,109.17,0,22.68,有,NA,2023-10-12,740,25.901546669676900,24.157804738856400,28.29614582639000,0,44.46481962702620,63000110042,0.17126975855480300,0.6027444849748130,87.32,3544.22,60.39007944608960,38.62268238896640,0,0,0,0,0,1,0,0,0,0,13,5,0,1,1,1,0,3,0,13,"c(121.533419006287, 25.1263599866658)",臺北捷運石牌站_R19,2226.0483609429700,8913.539702598320,8872.50949824519,43
臺北市士林區中山北路五段８１１巷２２號,21300000,209131,0,0,63000,士林區,房地(土地+建物),25.1009689807431,121.52443301935,德行里,19.3,住,NA,NA,1121006,土地2建物1車位0,二層，陽臺,七層,華廈(10層含以下有電梯),住家用,鋼筋混凝土造,651230,101.85,3,2,2,有,有,NA,陽台外推；,RPUNMLNLIIIGFEA67DA,96.22,0,0,有,NA,2023-10-06,743,28.35016050248340,26.93726111546620,29.97459402258110,0,34.49681995444660,63000110027,0.13717385688452600,0.5083957633686390,87.05,22329.18,54.82844002305330,36.92960734455970,0,0,0,0,0,0,1,0,0,1,25,30,0,5,0,2,0,1,0,25,"c(121.52443301935, 25.1009689807431)",臺北捷運芝山站_R17,219.62162506733700,5985.239720447270,5951.386477715200,47
臺北市士林區中山北路六段２３６巷７號,39855000,357642,61.14,5075000,63000,士林區,房地(土地+建物)+車位,25.1082639101751,121.52613966732,蘭雅里,21.81,住,NA,NA,1121007,土地1建物1車位2,十一層,十四層,住宅大樓(11層含以上有電梯),住家用,鋼筋混凝土造,1110331,191.42,3,2,1,有,有,坡道平面,NA,RPVNMLNJJIIGFEA67DA,60.86,3.34,5.2,有,NA,2023-10-07,745,27.772833645431700,25.48092301510070,31.154219301834900,8.124741564824280,29.29448591668660,63000110034,0.1521108179419530,0.5591029023746700,85.36,41267.63,58.46935073295800,37.4682625974849,0,0,0,0,0,0,0,0,0,1,39,47,0,9,1,1,0,0,0,39,"c(121.52613966732, 25.1082639101751)",臺北捷運明德站_R18,713.8671323850810,6810.003297257770,6775.043313964100,1
臺北市士林區中山北路六段４０５巷１４號,21500000,174996,0,0,63000,士林區,房地(土地+建物),25.1138447155775,121.525996076654,天壽里,34.7,住,NA,NA,1121107,土地1建物1車位0,四層,五層,公寓(5樓含以下無電梯),住家用,鋼筋混凝土造,680216,122.86,3,2,2,有,無,NA,NA,RPSOMLOKJIIGFEA67DA,108.96,0,13.9,無,NA,2023-11-07,746,23.285342237315800,22.16484776741450,24.491029429526700,0,48.986612810104900,63000110038,0.16544454628780900,0.5992208982584790,85.99,24088.21,64.2281662699877,40.63809215577250,0,0,0,0,0,0,0,0,0,0,22,38,0,9,0,1,1,0,0,23,"c(121.525996076654, 25.1138447155775)",臺北捷運明德站_R18,855.7808064751270,7419.3187723814000,7386.123589234640,44
臺北市士林區中山北路六段４２７巷６弄３號,17580000,208838,0,0,63000,士林區,房地(土地+建物),25.1144280122195,121.526682973619,天壽里,30.42,住,NA,NA,1121018,土地2建物1車位0,三層,四層,公寓(5樓含以下無電梯),住家用,鋼筋混凝土造,660215,84.18,3,2,2,有,無,NA,陽台外推；,RPPPMLSKIIIGFEA77DA,79.14,0,5.04,無,668,2023-10-18,747,27.885917871854900,25.719402892185600,31.12215021035390,0,68.89144513765280,63000110038,0.16544454628780900,0.5992208982584790,85.99,24088.21,64.2281662699877,40.63809215577250,0,0,0,0,0,0,0,0,0,0,24,45,0,10,0,1,1,0,0,25,"c(121.526682973619, 25.1144280122195)",臺北捷運明德站_R18,949.909846336884,7493.223774231600,7459.019225319920,46
臺北市士林區中山北路六段４４４號,16900000,251114,0,0,63000,士林區,房地(土地+建物),25.1141530019763,121.527412031557,天祿里,12.62,住,NA,NA,1121009,土地1建物1車位0,五層,七層,華廈(10層含以下有電梯),住家用,鋼筋混凝土造,750531,67.3,2,2,1,有,有,NA,陽台外推；,RPQNMLNKJIIGFEA27DA,53.85,0,6.6,有,596,2023-10-09,748,26.582880543089700,24.793730834748800,28.701328511196200,0.5,34.0021684549088,63000110037,0.15909599462967100,0.5714925039158650,86.32,36657.54,60.52877136530990,39.004665617727900,0,0,0,0,0,0,0,0,0,1,27,48,0,10,0,0,1,0,0,28,"c(121.527412031557, 25.1141530019763)",臺北捷運明德站_R18,992.795294593148,7474.362585248320,7438.865335218100,37
臺北市士林區中山北路六段４５０巷７弄５號,32000000,156296,56.06,0,63000,士林區,房地(土地+建物)+車位,25.1139680133732,121.528174030375,天祿里,42.02,住,NA,NA,1121006,土地3建物1車位1,一層,五層,公寓(5樓含以下無電梯),住家用,鋼筋混凝土造,761127,204.74,3,2,2,有,有,坡道平面,NA,RPPNMLSKIIIGFEA57DA,183.84,14.69,0,無,NA,2023-10-06,749,28.31249950204560,26.93593178884880,29.42117495885730,0,34.46791690696070,63000110037,0.15909599462967100,0.5714925039158650,86.32,36657.54,60.52877136530990,39.004665617727900,0,0,0,0,0,0,0,0,0,1,29,40,0,8,0,0,1,0,0,30,"c(121.528174030375, 25.1139680133732)",臺北捷運明德站_R18,1047.8153137193000,7466.692099719820,7429.871170992150,36
臺北市士林區中正路２２３巷２５號,7233000,156558,0,0,63000,士林區,房地(土地+建物),25.0945909810693,121.52645800333800,福林里,25,商,NA,NA,1121012,土地1建物1車位0,二層,二層,公寓(5樓含以下無電梯),住家用,加強磚造,530527,46.2,2,1,1,有,無,NA,自用增值稅節稅親友、員工、共有人或其他特殊關係間之交易；,RPPNMLKKJIIGFEA86DA,46.2,0,0,無,NA,2023-10-12,751,25.844012844690400,23.968298504521000,28.857721216552200,0,44.16537117977050,63000110003,0.13923076923076900,0.5088461538461540,94.81,1413.98,57.20500268776240,41.38118540436040,0,0,0,0,0,0,2,0,0,0,30,66,0,7,2,0,0,2,1,30,"c(121.526458003338, 25.0945909810693)",臺北捷運士林站_R16,260.131689960674,5325.298253975980,5284.43478669468,59
臺北市士林區中正路６２６號,7000000,83126,0,0,63000,士林區,房地(土地+建物),25.0868010078961,121.508550989213,社新里,22.83,住,NA,NA,1121030,土地1建物1車位0,三層,五層,公寓(5樓含以下無電梯),住家用,鋼筋混凝土造,720725,84.21,2,1,1,有,無,NA,親友、員工、共有人或其他特殊關係間之交易；,RPQOMLQJJIIGFEA57DA,71.99,0,9.72,無,NA,2023-10-30,752,24.843449767871200,22.975815820973500,28.204128742607400,0,41.80127202132290,63000110020,0.06696428571428570,0.35854591836734700,97.22,21292.97,46.47323661055970,30.7320326778836,0,0,0,0,0,0,1,0,0,0,30,35,0,12,1,1,2,1,0,32,"c(121.508550989213, 25.0868010078961)",臺北捷運劍潭站_R15,1733.596692938120,4410.30616974241,4417.114723310740,40
臺北市士林區中正路７０７巷１５號,16500000,159144,0,0,63000,士林區,房地(土地+建物),25.0848989864275,121.506918026836,葫蘆里,20.77,住,NA,NA,1121017,土地3建物1車位0,十二層,十二層,住宅大樓(11層含以上有電梯),住家用,鋼筋混凝土造,721011,103.68,3,1,2,有,有,NA,其他增建；,RPXNMLRKJIIGFEA38DA,68.93,0,9.01,有,696,2023-10-17,754,25.44798199024010,23.779901700239500,27.869432783843100,0,88.01461621608830,63000110017,0.08412098298676750,0.3909892879647130,92.09,23729.68,48.85401609563210,31.07577946911510,0,0,0,0,0,0,1,0,0,0,23,34,0,10,0,1,2,1,0,25,"c(121.506918026836, 25.0848989864275)",臺北捷運劍潭站_R15,1857.1705181153100,4234.025134749720,4246.930958341120,40
臺北市士林區倫等街４８巷４號,8000000,128246,0,0,63000,士林區,房地(土地+建物),25.0929239881658,121.501612030669,永倫里,29,住,NA,NA,1121023,土地1建物1車位0,一層,三層,公寓(5樓含以下無電梯),住家用,加強磚造,620802,62.38,3,2,1,有,無,NA,親友、員工、共有人或其他特殊關係間之交易；,RPPNMLTLJIIGFEA97EA,62.38,0,0,無,NA,2023-10-23,757,26.532084030035500,24.91845759185170,29.956621638252200,0,34.19684927587490,63000110022,0.07204705113543540,0.3654631596144420,99.41,10972.46,47.2210065542186,33.93873084596530,1,0,0,0,0,0,1,0,0,0,9,1,0,2,0,0,1,1,0,10,"c(121.501612030669, 25.0929239881658)",臺北捷運三和國中站_O51,2340.7163015436400,5226.209442482280,5247.039560040300,50
臺北市士林區劍潭路１６號,14500000,178968,0,3000000,63000,士林區,房地(土地+建物)+車位,25.0839100056719,121.523879981378,承德里,6.77,商,NA,NA,1121014,土地2建物1車位1,九層,十四層,住宅大樓(11層含以上有電梯),住家用,鋼筋混凝土造,971226,81.02,1,1,1,有,有,坡道平面,NA,RPWNMLQLIIIGFEA18DA,23.94,0.62,2.94,有,NA,2023-10-14,758,24.502616056902500,23.485960821032400,26.75944415607060,0,45.99027225224210,63000110012,0.14303128809427100,0.5272247054043070,85.18,34236.1,49.64461452989490,34.5544013027462,0,0,0,0,1,0,2,0,0,0,23,16,0,6,0,1,1,6,0,24,"c(121.523879981378, 25.0839100056719)",臺北捷運劍潭站_R15,172.49819859852100,4114.055621131930,4074.026414193480,15
臺北市士林區劍潭路７３號,43000000,250349,0,3000000,63000,士林區,房地(土地+建物)+車位,25.0834300159865,121.520581031926,承德里,34.9,住,NA,NA,1121006,土地1建物1車位1,七層,十四層,住宅大樓(11層含以上有電梯),住家用,鋼筋混凝土造,960122,171.76,3,2,2,有,有,坡道平面,陽台外推；其他增建；,RPXNMLOLIIIGFEA08DA,90.42,1.56,12.55,有,NA,2023-10-06,759,28.304433004810500,26.9376005412652,30.03244005923970,0.06640595000090180,38.77477161677780,63000110012,0.14303128809427100,0.5272247054043070,85.18,34236.1,49.64461452989490,34.5544013027462,0,0,0,0,0,0,1,0,0,0,28,22,0,8,0,2,1,1,0,29,"c(121.520581031926, 25.0834300159865)",臺北捷運劍潭站_R15,469.35223069092200,4007.693454113750,3977.602636929390,16
臺北市士林區基河路１２８號,6500000,231070,0,0,63000,士林區,房地(土地+建物),25.088676081546,121.523135584557,義信里,7.55,住,NA,NA,1121022,土地1建物1車位0,八層,十一層,住宅大樓(11層含以上有電梯),住家用,鋼筋混凝土造,850916,28.13,1,1,1,有,有,NA,陽台外推；,RPPPMLTJJIIGFEA87DA,15.92,1.18,2.37,有,544,2023-10-22,760,24.098323994537300,22.2386721353451,26.177734389640800,0,33.34932168598890,63000110002,0.11627906976744200,0.46225402504472300,91.76,17007.32,50.12036588824250,34.56909001705870,0,0,0,0,1,0,2,0,0,0,38,30,0,13,2,1,0,4,0,38,"c(121.523135584557, 25.088676081546)",臺北捷運士林站_R16,488.4928201995350,4619.697313338190,4584.307442157940,27
臺北市士林區基河路２３８號,8400000,141557,38.11,0,63000,士林區,房地(土地+建物)+車位,25.0910316058858,121.521546627172,福德里,9.22,住,NA,NA,1121106,土地2建物1車位1,七層,七層,華廈(10層含以下有電梯),住家用,鋼筋混凝土造,850919,59.34,1,0,1,有,有,升降機械,NA,RPSOMLNKJIIGFEA57DA,18.06,1.29,1.88,有,NA,2023-11-06,761,26.253191598705300,22.20220708635070,32.56386357266370,0,57.804389646126800,63000110004,0.12293942403177800,0.4413108242303870,108.58,18448.91,51.389278683303600,41.313499848073700,0,1,0,0,0,0,1,0,0,0,41,49,0,9,2,1,0,3,1,41,"c(121.521546627172, 25.0910316058858)",臺北捷運士林站_R16,460.7609951285590,4855.291205463720,4825.024389238380,27
臺北市士林區士東路１２０巷２２弄５號,18400000,160881,0,0,63000,士林區,房地(土地+建物),25.1111070183623,121.529411031645,蘭雅里,24.12,住,NA,NA,1121004,土地1建物1車位0,五層,五層,公寓(5樓含以下無電梯),住家用,鋼筋混凝土造,730629,114.37,3,2,2,有,無,NA,NA,RPQNMLNJJIIGFEA27EA,89.91,0,11.59,無,NA,2023-10-04,762,27.512758673968,26.838278659909700,28.378999183873600,42.31342015602890,34.072068771292400,63000110034,0.1521108179419530,0.5591029023746700,85.36,41267.63,58.46935073295800,37.4682625974849,0,0,0,0,0,0,0,0,0,1,33,50,0,15,0,1,1,0,0,34,"c(121.529411031645, 25.1111070183623)",臺北捷運明德站_R18,1054.4604754377600,7177.503321528820,7137.667437806860,39
臺北市士林區士東路２７２號,26500000,102606,0,0,63000,士林區,房地(土地+建物),25.113256012608,121.537001012609,芝山里,43.8,住,NA,NA,1121007,土地1建物1車位0,七層,七層,華廈(10層含以下有電梯),住家用,鋼筋混凝土造,860215,258.26,3,2,2,有,無,NA,親友、員工、共有人或其他特殊關係間之交易；,RPRNMLKLJIIGFEA27EA,162.34,3.65,14.63,有,NA,2023-10-07,763,27.626503889308600,25.230008060280200,31.19385230416530,7.557589690339100,31.727348513447800,63000110031,0.1474563401670460,0.5649202733485190,89.74,6865.64,55.27339749021640,34.85562153699460,0,0,0,0,0,0,0,0,0,1,15,6,0,0,0,2,0,0,0,15,"c(121.537001012609, 25.113256012608)",臺北捷運明德站_R18,1853.4042014451000,7591.40431537094,7540.169225932060,26
臺北市士林區士東路２８６巷１之７號,27800000,157516,40.48,0,63000,士林區,房地(土地+建物)+車位,25.1131369895829,121.537553966761,東山里,51.81,住,NA,NA,1121015,土地1建物1車位1,二層，三層,五層,公寓(5樓含以下無電梯),住家用,鋼筋混凝土造,770702,176.49,3,2,2,有,有,坡道平面,陽台外推；其他增建；,RPRNMLKMIIIGFEA17DA,120.92,1.99,13.1,無,NA,2023-10-15,764,24.446660074097200,22.94487290164360,27.12892163474080,0,80.70317274294280,63000110032,0.13700470114170600,0.5032460264159390,92,3360.47,51.55595450282590,33.66247754827570,0,0,0,0,0,0,0,0,0,0,9,6,0,0,0,1,0,0,0,9,"c(121.537553966761, 25.1131369895829)",臺北捷運明德站_R18,1904.6200895047600,7594.75910659113,7542.62309017948,35
臺北市士林區士東路３０８號,12500000,109832,22.93,0,63000,士林區,房地(土地+建物)+車位,25.1131260092897,121.538299034135,東山里,23.67,住,NA,NA,1121006,土地1建物1車位1,七層,十一層,住宅大樓(11層含以上有電梯),住家用,鋼筋混凝土造,800107,113.81,4,2,2,有,有,坡道平面,親友、員工、共有人或其他特殊關係間之交易；,RPPOMLMLJIIGFEA27DA,93.36,2.37,9.07,有,NA,2023-10-06,765,28.124058833826000,26.64822132523380,29.242153232305800,0,35.76073472929840,63000110032,0.13700470114170600,0.5032460264159390,92,3360.47,51.55595450282590,33.66247754827570,0,0,0,0,0,0,0,0,0,0,9,5,0,0,0,0,0,0,0,9,"c(121.538299034135, 25.1131260092897)",臺北捷運明德站_R18,1977.6568365520700,7615.74859675526,7562.4800721118,32
臺北市士林區士東路８９巷１３號,7800000,207723,0,0,63000,士林區,房地(土地+建物),25.1126140007342,121.528509977054,天祿里,10.89,住,NA,NA,1121010,土地1建物1車位0,三層,六層,華廈(10層含以下有電梯),住家用,鋼筋混凝土造,830810,37.55,0,0,0,無,有,NA,其他增建；,RPUNMLSKIIIGFEA08DA,21.87,1.8,4.18,有,NA,2023-10-10,766,25.17228661100230,23.63158192845020,27.40188042845690,0,36.30130049165180,63000110037,0.15909599462967100,0.5714925039158650,86.32,36657.54,60.52877136530990,39.004665617727900,0,0,0,0,0,0,0,0,0,1,29,46,0,9,0,0,1,0,0,30,"c(121.528509977054, 25.1126140007342)",臺北捷運明德站_R18,1013.644677905890,7324.798706516960,7286.999290350890,29
臺北市士林區士東路９１巷１８號,27600000,267698,18.39,2000000,63000,士林區,房地(土地+建物)+車位,25.1129299984839,121.529570036349,天祿里,18.06,住,NA,NA,1121012,土地1建物1車位1,四層,七層,華廈(10層含以下有電梯),住家用,鋼筋混凝土造,971226,114.03,2,2,1,有,有,升降機械,其他增建；,RPXNMLTKIIIGFEA48DA,51.04,5.73,7.72,有,NA,2023-10-12,767,25.93898049126800,24.20117919704730,28.351312105135600,0,44.43686341807370,63000110037,0.15909599462967100,0.5714925039158650,86.32,36657.54,60.52877136530990,39.004665617727900,0,0,0,0,0,0,0,0,0,1,32,45,0,9,0,1,1,0,0,33,"c(121.529570036349, 25.1129299984839)",臺北捷運明德站_R18,1125.97566637233,7378.772985655640,7339.297166864900,15
臺北市士林區士東路９１巷７號,20400000,173175,0,0,63000,士林區,房地(土地+建物),25.1126650046151,121.529110037502,天祿里,34.98,住,NA,NA,1121021,土地1建物1車位0,三層,五層,公寓(5樓含以下無電梯),住家用,鋼筋混凝土造,680716,117.8,3,2,2,有,無,NA,NA,RPUNMLRJJIIGFEA97DA,102.52,0,15.28,無,NA,2023-10-21,768,22.829228167247200,21.95742392943820,23.501883227209300,0,36.599862831162400,63000110037,0.15909599462967100,0.5714925039158650,86.32,36657.54,60.52877136530990,39.004665617727900,0,0,0,0,0,0,0,0,0,1,28,47,0,9,0,1,1,0,0,29,"c(121.529110037502, 25.1126650046151)",臺北捷運明德站_R18,1072.192617906580,7341.2668486128,7302.472539553800,44
臺北市士林區天母東路１０５巷５２號,17360000,138625,0,0,63000,士林區,房地(土地+建物),25.1204575143149,121.535076148814,天和里,47.23,住,NA,NA,1121003,土地2建物1車位0,五層,五層,公寓(5樓含以下無電梯),住家用,鋼筋混凝土造,680517,125.23,3,2,1,有,無,NA,頂樓加蓋；,RPTOMLKLIIIGFEA37DA,102.44,11.96,10.83,無,NA,2023-10-03,770,25.65419193407550,22.89239604890280,28.299929534654400,7.812289269892190,46.4634334940715,63000110039,0.17392657125077800,0.607809583074051,92.01,18300.51,56.87724486438260,35.81238114603580,0,0,0,0,0,0,0,0,0,2,28,25,0,3,0,1,1,0,0,29,"c(121.535076148814, 25.1204575143149)",臺北捷運明德站_R18,2027.9536727778900,8311.752933033030,8266.4286863104,44
臺北市士林區天母東路８巷２１號,14975000,212307.5,0,0,63000,士林區,房地(土地+建物),25.1172111605897,121.532446289622,天福里,8.08,商,NA,NA,1121105,土地2建物1車位0,四層，陽臺,七層,華廈(10層含以下有電梯),住家用,鋼筋混凝土造,650802,44.71,1,1,1,有,有,NA,陽台外推；其他增建；,RPPOMLOKJIIGFEA37DA,39.77,0,0,有,NA,2023-11-05,771,26.546686194137900,22.574255880458400,31.35279769033710,0,50.35374753918390,63000110036,0.1528130671506350,0.5578947368421050,86.09,31405.32,57.778864956512000,34.78473580362410,0,0,0,0,0,0,0,0,0,2,26,34,0,3,0,0,1,1,0,27,"c(121.532446289622, 25.1172111605897)",臺北捷運明德站_R18,1603.093069924060,7901.783217866970,7859.191816007050,47
臺北市士林區天母西路５巷４弄８號,35000000,177539,0,2500000,63000,士林區,房地(土地+建物)+車位,25.1193448798519,121.529304197747,天玉里,37.37,住,NA,NA,1121027,土地1建物1車位1,一層,七層,華廈(10層含以下有電梯),住家用,鋼筋混凝土造,690712,197.14,3,2,3,有,無,坡道平面,其他增建；,RPOOMLRKJIIGFEA57DA,144.93,32.8,0,有,NA,2023-10-27,772,24.68421294022690,22.996946586621800,26.30318714781590,0,38.56865480658790,63000110041,0.1672372925994210,0.6042928627864100,84.19,34767.04,61.0617865444715,37.59739082486010,0,0,0,0,0,0,0,0,0,1,34,52,0,5,0,1,1,1,0,35,"c(121.529304197747, 25.1193448798519)",臺北捷運石牌站_R19,1500.6333388479800,8072.971505195890,8035.886784970560,43
臺北市士林區天母西路５巷６號,22050000,180000,0,0,63000,士林區,房地(土地+建物),25.1190653149442,121.528934399293,天玉里,39.9,住,NA,NA,1121016,土地1建物1車位0,四層,五層,公寓(5樓含以下無電梯),住家用,鋼筋混凝土造,700414,122.5,3,2,2,有,無,NA,陽台外推；,RPOOMLQKJIIGFEA57EA,111.15,0,11.35,無,654,2023-10-16,773,25.453474052631600,24.25070792548970,27.52584107130840,0,94.4478608481438,63000110041,0.1672372925994210,0.6042928627864100,84.19,34767.04,61.0617865444715,37.59739082486010,0,0,0,0,0,0,0,0,0,0,32,53,0,6,0,0,1,1,0,33,"c(121.528934399293, 25.1190653149442)",臺北捷運石牌站_R19,1455.4837625048600,8036.179050954920,7999.587747342640,42
臺北市士林區天玉街３８巷１１之１號,22700000,205486,0,0,63000,士林區,房地(土地+建物),25.120346013047,121.529107020017,天玉里,33.6,住,NA,NA,1121005,土地1建物1車位0,五層,五層,公寓(5樓含以下無電梯),住家用,鋼筋混凝土造,680206,110.47,4,3,2,有,無,NA,陽台外推；頂樓加蓋；,RPWNMLNKJIIGFEA87DA,93.29,0,17.18,無,570,2023-10-05,778,28.056334261838500,26.439493904385300,30.058489066186800,20.848234018569300,34.96568402451440,63000110041,0.1672372925994210,0.6042928627864100,84.19,34767.04,61.0617865444715,37.59739082486010,0,0,0,0,0,0,0,0,0,0,30,48,0,5,0,1,1,1,0,31,"c(121.529107020017, 25.120346013047)",臺北捷運石牌站_R19,1521.4430481348400,8178.962226588750,8142.4516252073200,44
臺北市士林區天玉街３８巷１２號,19300000,195959,11.74,0,63000,士林區,房地(土地+建物)+車位,25.1205519983175,121.529355040532,天玉里,26.9,住,NA,NA,1121023,土地1建物1車位1,二層,十一層,住宅大樓(11層含以上有電梯),住家用,鋼筋混凝土造,860414,98.49,3,2,2,有,有,升降機械,陽台外推；夾層；其他增建；,RPVNMLQKJIIGFEA08DA,31.88,27.94,4.01,有,NA,2023-10-23,779,26.256119166340200,24.95479480008340,28.517877092743000,0,32.12437396888550,63000110041,0.1672372925994210,0.6042928627864100,84.19,34767.04,61.0617865444715,37.59739082486010,0,0,0,0,0,0,0,0,0,0,31,44,0,5,0,1,1,1,0,32,"c(121.529355040532, 25.1205519983175)",臺北捷運石牌站_R19,1553.4032882716600,8205.62623685336,8168.794622415200,26
臺北市士林區延平北路五段１６３巷１８弄１號,11380000,169598,0,0,63000,士林區,房地(土地+建物),25.0828880002177,121.509418013277,葫蘆里,39,住,NA,NA,1121027,土地1建物1車位0,一層,二層,公寓(5樓含以下無電梯),住家用,加強磚造,560320,67.1,0,2,1,有,無,NA,NA,RPRNMLLKJIIGFEA17DA,67.1,0,0,無,NA,2023-10-27,780,24.468923518590600,22.744925936587100,26.110836200974000,0,45.58186032352820,63000110017,0.08412098298676750,0.3909892879647130,92.09,23729.68,48.85401609563210,31.07577946911510,0,0,0,0,0,1,2,0,0,0,21,24,0,7,0,1,1,1,0,22,"c(121.509418013277, 25.0828880002177)",臺北捷運劍潭站_R15,1592.0205375534800,3968.434128853330,3974.954618520700,56
臺北市士林區延平北路五段２１３巷３０號,6500000,106209,0,0,63000,士林區,房地(土地+建物),25.083658003752900,121.509050969737,葫蘆里,34.5,住,NA,NA,1121115,土地1建物1車位0,二層,二層,公寓(5樓含以下無電梯),住家用,磚造,540315,61.2,2,1,1,有,無,NA,親友、員工、共有人或其他特殊關係間之交易；,RPPNMLOLJIIGFEA47EA,61.2,0,0,無,NA,2023-11-15,781,21.559069593305300,19.552828460654700,23.348912623911500,0,38.08078130052090,63000110017,0.08412098298676750,0.3909892879647130,92.09,23729.68,48.85401609563210,31.07577946911510,0,0,0,0,0,0,2,0,0,0,23,31,0,10,0,1,1,1,0,24,"c(121.509050969737, 25.0836580037529)",臺北捷運劍潭站_R15,1631.0868152989300,4058.6128873507900,4065.8176312640400,58
臺北市士林區延平北路五段２４４巷２２弄１５號,4100000,65537,0,0,63000,士林區,房地(土地+建物),25.084395988418,121.510972018126,葫東里,22.5,住,NA,NA,1121113,土地1建物1車位0,四層,四層,公寓(5樓含以下無電梯),住家用,加強磚造,590622,62.56,2,2,1,有,無,NA,親友、員工、共有人或其他特殊關係間之交易；頂樓加蓋；,RPQNMLRJKIIGFEA67DA,62.56,0,0,無,NA,2023-11-13,782,18.924764428774900,18.12565601947230,19.942920142094400,0,40.887312842005900,63000110018,0.08210645526613820,0.4054360135900340,92.05,20539.91,45.87628864290270,30.044182610440300,0,0,0,0,0,0,2,0,0,0,21,31,0,11,0,1,1,0,0,22,"c(121.510972018126, 25.084395988418)",臺北捷運劍潭站_R15,1444.52827095948,4112.257169694640,4112.977808116960,53
臺北市士林區延平北路八段１８７巷１弄１５號,50000,714,0,0,63000,士林區,房地(土地+建物),25.1056680013918,121.481655976494,富洲里,24.33,都市：其他:遊樂區(細部計畫尚未完成，尚未能准許依變更後計畫用途使用)。,NA,NA,1121017,土地1建物1車位0,二層,三層,公寓(5樓含以下無電梯),住家用,加強磚造,580801,70.03,3,1,1,有,無,NA,親友、員工、共有人或其他特殊關係間之交易；,RPXNMLMJJIIGFEA77DA,70.03,0,0,無,NA,2023-10-17,784,25.604967420743600,23.985595324811100,27.5500105926929,0,100.39640522027200,63000110024,0.0544670142009707,0.3212295523997840,107.04,1832.09,38.32458341969310,26.980141514042400,0,0,0,0,0,0,0,0,0,0,0,0,0,0,0,0,0,1,0,0,"c(121.481655976494, 25.1056680013918)",臺北捷運蘆洲站_O54,2246.3409931798900,7299.441137709250,7346.575466160740,54
臺北市士林區延平北路六段２２８號,30880000,192988,0,0,63000,士林區,房地(土地+建物)+車位,25.089468003758,121.504431032345,永倫里,20.65,商,NA,NA,1121114,土地1建物1車位1,四層,七層,華廈(10層含以下有電梯),住家用,鋼筋混凝土造,1100914,160.01,2,2,2,有,有,升降機械,NA,RPQPMLNLJIIGFEA57DA,67.96,4,4.87,有,NA,2023-11-14,787,19.64491049016320,18.958468879007600,20.44473533674890,0.06866771129360410,40.3003884322288,63000110022,0.07204705113543540,0.3654631596144420,99.41,10972.46,47.2210065542186,33.93873084596530,1,0,0,0,0,0,0,0,0,0,24,16,0,6,1,1,2,2,0,26,"c(121.504431032345, 25.089468003758)",臺北捷運士林站_R16,2187.883986220600,4783.470352719880,4799.902055891130,2
臺北市士林區延平北路六段２５８巷２４號,16500000,153789,0,0,63000,士林區,房地(土地+建物),25.090292992578,121.503868019909,永倫里,36.8,住,NA,NA,1121007,土地1建物1車位0,三層,五層,公寓(5樓含以下無電梯),住家用,鋼筋混凝土造,730123,107.29,3,2,2,有,無,NA,陽台外推；其他增建；,RPQNMLSKIIIGFEA67DA,86.1,0,8.75,無,427,2023-10-07,788,27.65834252891460,25.26832982473950,31.174079616962200,8.063766035591140,36.809729253654900,63000110022,0.07204705113543540,0.3654631596144420,99.41,10972.46,47.2210065542186,33.93873084596530,1,0,0,0,0,0,0,0,0,0,18,8,0,3,1,1,2,2,0,20,"c(121.503868019909, 25.090292992578)",臺北捷運士林站_R16,2233.161791541890,4885.851795549150,4903.126535913520,39
臺北市士林區後港街１５０號,32000000,152055,0,0,63000,士林區,房地(土地+建物)+車位,25.0872709812072,121.520889988877,前港里,43.88,住,NA,NA,1121013,土地1建物1車位1,八層,十二層,住宅大樓(11層含以上有電梯),住家用,鋼筋混凝土造,860822,210.45,4,2,2,有,有,坡道平面,陽台外推；,RPRNMLRKJIIGFEA87EA,122.04,2.25,13.78,有,NA,2023-10-13,789,25.53478703378270,23.628593424283000,28.886833976951700,0,43.34381763157710,63000110010,0.10207840042094200,0.4564588266245730,92.38,25464.92,47.880041348541900,31.023784891063800,0,0,0,0,0,1,1,0,0,0,39,24,0,9,1,1,0,2,0,39,"c(121.520889988877, 25.0872709812072)",臺北捷運劍潭站_R15,649.069425007488,4433.805135115550,4404.130010719400,26
臺北市士林區德行東路２９８號,12000000,127483,0,0,63000,士林區,房地(土地+建物),25.1100319973706,121.536398018494,芝山里,27.23,住,NA,NA,1121028,土地3建物1車位0,三層,五層,公寓(5樓含以下無電梯),住家用,鋼筋混凝土造,690626,94.13,3,1,2,有,無,NA,親友、員工、共有人或其他特殊關係間之交易；,RPRNMLRJKIIGFEA87EA,84.4,0,9.73,無,NA,2023-10-28,791,22.530495970873800,20.67644233089550,24.61286129120010,2.5,44.80712591347190,63000110031,0.1474563401670460,0.5649202733485190,89.74,6865.64,55.27339749021640,34.85562153699460,0,0,0,0,0,0,0,0,0,0,14,9,0,4,0,2,0,0,0,14,"c(121.536398018494, 25.1100319973706)",臺北捷運芝山站_R17,1639.4731550794200,7231.805011872430,7179.9098124612,43
臺北市士林區德行東路３５８巷２４弄４號,27000000,154843,0,0,63000,士林區,房地(土地+建物),25.1095370040785,121.539375019045,芝山里,54.18,住,NA,NA,1121010,土地1建物1車位0,四層，五層，屋頂突出物，夾層,五層,公寓(5樓含以下無電梯),住家用,鋼筋混凝土造,770309,174.37,5,2,3,有,有,NA,其他增建：頂樓、露臺、陽台。其他增建；,RPWNMLKMIIIGFEA67DA,145.45,8.14,9.36,無,NA,2023-10-10,792,24.957898398180300,23.490762875554600,27.172450152504700,0,35.95987875189800,63000110031,0.1474563401670460,0.5649202733485190,89.74,6865.64,55.27339749021640,34.85562153699460,0,0,0,0,0,0,0,0,0,0,7,5,0,0,0,1,0,0,0,7,"c(121.539375019045, 25.1095370040785)",臺北捷運芝山站_R17,1875.3599555411600,7272.320076364150,7215.48225307814,35
臺北市士林區忠義街１１５號,20000000,184809,0,0,63000,士林區,房地(土地+建物),25.1072759856969,121.532816012172,岩山里,22.14,住,NA,NA,1121108,土地1建物1車位0,四層,七層,華廈(10層含以下有電梯),住家用,鋼筋混凝土造,731205,108.22,2,1,2,有,有,NA,NA,RPQNMLSJKIIGFEA87EA,83.73,0.97,12.62,有,NA,2023-11-08,793,26.005843716026400,23.208421796803500,29.600825421360600,0,44.87935936375230,63000110025,0.15635622025832800,0.5180149558123730,87.91,6807.96,57.614332834693900,38.70815651168880,0,0,0,0,0,0,0,0,0,0,20,26,0,11,0,2,0,0,0,20,"c(121.532816012172, 25.1072759856969)",臺北捷運芝山站_R17,1172.7709433093600,6840.093146687340,6792.794168607810,39
臺北市士林區忠義街７１巷３３號,22380000,186376,0,0,63000,士林區,房地(土地+建物),25.105963002474,121.533316998525,岩山里,32.44,住,NA,NA,1121022,土地2建物1車位0,二層,五層,公寓(5樓含以下無電梯),住家用,鋼筋混凝土造,750418,120.08,3,2,2,有,無,NA,NA,RPTNMLPLIIIGFEA77DA,106.23,0,8.79,無,685,2023-10-22,794,24.09878305235620,22.532749177334100,25.532750535406700,0,34.29544800681260,63000110025,0.15635622025832800,0.5180149558123730,87.91,6807.96,57.614332834693900,38.70815651168880,0,0,0,0,0,0,0,0,0,0,13,16,0,10,0,1,0,0,0,13,"c(121.533316998525, 25.105963002474)",臺北捷運芝山站_R17,1156.0714559530100,6712.664424699090,6663.842040394920,37
臺北市士林區忠誠路一段１８６號,17500000,120126,0,0,63000,士林區,房地(土地+建物),25.1077820011917,121.529895002735,忠誠里,30.65,住,NA,NA,1121022,土地1建物1車位0,七層,十層,華廈(10層含以下有電梯),住家用,鋼筋混凝土造,830602,145.68,3,2,2,有,有,NA,親友、員工、共有人或其他特殊關係間之交易；,RPSNMLRLJIIGFEA08EA,125.71,0,12.44,有,NA,2023-10-22,796,24.14906630232940,22.56676390198040,25.590662803751400,0,34.543471816931900,63000110030,0.16572029442691900,0.5699263932702420,86.31,36401.08,57.96329187153250,40.76376552967330,0,0,0,0,0,0,0,0,0,1,36,43,0,15,0,3,0,0,0,36,"c(121.529895002735, 25.1077820011917)",臺北捷運芝山站_R17,962.1886394265490,6826.5382305264500,6784.604942105810,29
臺北市士林區忠誠路二段１７８巷２７弄５號,27200000,252530,0,0,63000,士林區,房地(土地+建物),25.1163750025986,121.532303039698,天福里,40.06,住,NA,NA,1121016,土地1建物1車位0,一層，平台,四層,公寓(5樓含以下無電梯),住家用,鋼筋混凝土造,650813,107.71,4,2,2,有,無,NA,NA,RPVNMLSKIIIGFEA18DA,107.71,0,0,無,NA,2023-10-16,797,25.34396219890970,24.143396166212400,27.44663723485370,0,94.74728326078940,63000110036,0.1528130671506350,0.5578947368421050,86.09,31405.32,57.778864956512000,34.78473580362410,0,0,0,0,0,0,0,0,0,2,26,32,0,4,0,0,2,1,0,28,"c(121.532303039698, 25.1163750025986)",臺北捷運明德站_R18,1541.8260441533300,7808.218853418240,7765.549368623350,47
臺北市士林區承德路四段１０巷２０號,14840000,157253,0,0,63000,士林區,房地(土地+建物),25.0796700199506,121.520945979991,明勝里,38.25,住,NA,NA,1121017,土地1建物1車位0,四層,四層,公寓(5樓含以下無電梯),住家用,鋼筋混凝土造,620827,94.37,3,1,1,有,無,NA,親友、員工、共有人或其他特殊關係間之交易；頂樓加蓋；,RPUNMLNJJIIGFEA67EA,94.37,0,0,無,NA,2023-10-17,800,25.432719501447900,23.784591740799500,27.7927606118712,0,89.05073869740860,63000110014,0.11933570581257400,0.4761565836298930,92.5,16451.76,51.99093556102590,36.451926177904800,0,0,0,0,0,0,0,0,0,0,17,14,0,4,0,1,1,2,0,18,"c(121.520945979991, 25.0796700199506)",臺北捷運劍潭站_R15,560.1331250413610,3599.9428855231500,3566.9986690216100,50
臺北市士林區承德路四段１８３號,47000000,217996,0,0,63000,士林區,房地(土地+建物)+車位,25.0877070078103,121.522515994274,義信里,27.5,住,NA,NA,1121030,土地1建物1車位1,六層,十四層,住宅大樓(11層含以上有電梯),住家用,鋼骨鋼筋混凝土造,900724,215.6,4,2,3,有,有,坡道平面,NA,RPRNMLSJJIIGFEA87EA,122.93,0,11.4,有,NA,2023-10-30,802,24.895310682385100,22.966500527618500,28.4167381686555,0,37.37089748313970,63000110002,0.11627906976744200,0.46225402504472300,91.76,17007.32,50.12036588824250,34.56909001705870,0,0,0,0,1,1,2,0,0,0,42,31,0,13,3,2,0,4,0,42,"c(121.522515994274, 25.0877070078103)",臺北捷運劍潭站_R15,595.3632153063240,4503.855339561110,4469.74339951889,22
臺北市士林區承德路四段２９６號,46000000,169967,0,0,63000,士林區,房地(土地+建物)+車位,25.0895579834886,121.519106990434,後港里,53.29,住,NA,NA,1121021,土地1建物1車位2,十二層,十二層,住宅大樓(11層含以上有電梯),住家用,鋼筋混凝土造,770715,270.64,5,2,3,有,有,坡道平面,坡道平面車位2位，約定專用，無所有權。陽台外推；其他增建；,RPTOMLNKJIIGFEA67DA,205.48,5.44,20.21,有,NA,2023-10-21,803,22.552507294813300,21.51756270563260,23.18707388821760,0,36.68390073044170,63000110008,0.1077818181818180,0.44494545454545500,94.48,13340.12,49.071770325536500,31.578947362377200,0,1,0,0,0,1,1,0,0,0,28,20,0,7,1,2,0,1,0,28,"c(121.519106990434, 25.0895579834886)",臺北捷運士林站_R16,749.2116727380950,4668.805827063730,4644.729056514980,35
臺北市士林區承德路四段４９號,31250000,190097,0,0,63000,士林區,房地(土地+建物)+車位,25.0808980106753,121.523200963402,承德里,29.55,住,NA,NA,1121024,土地1建物1車位1,二層,十二層,住宅大樓(11層含以上有電梯),住家用,鋼筋混凝土造,860115,164.39,2,2,2,有,有,坡道平面,陽台外推；,RPQNMLMLJIIGFEA37EA,94.99,2.3,10.66,有,NA,2023-10-24,805,27.050240918550200,24.514408099208800,30.614057132528200,0,38.781428730901500,63000110012,0.14303128809427100,0.5272247054043070,85.18,34236.1,49.64461452989490,34.5544013027462,0,0,0,0,0,0,0,0,0,0,20,14,0,6,0,1,1,5,0,21,"c(121.523200963402, 25.0808980106753)",臺北捷運劍潭站_R15,301.3773627952190,3773.467634963770,3733.615234290540,26
臺北市士林區承德路四段５８巷５６弄１號,17000000,128418,0,0,63000,士林區,房地(土地+建物),25.0827199849685,121.520836009421,承德里,64.25,住,NA,NA,1121016,土地1建物1車位0,二層,四層,公寓(5樓含以下無電梯),住家用,鋼筋混凝土造,600521,132.38,3,2,2,有,無,NA,親友、員工、共有人或其他特殊關係間之交易；,RPUNMLQJJIIGFEA97EA,132.38,0,0,無,NA,2023-10-16,806,25.48091747819,23.89720131494920,27.913212925457500,0,82.91799908521820,63000110012,0.14303128809427100,0.5272247054043070,85.18,34236.1,49.64461452989490,34.5544013027462,0,0,0,0,0,0,0,0,0,0,27,21,0,6,0,1,1,2,0,28,"c(121.520836009421, 25.0827199849685)",臺北捷運劍潭站_R15,440.7778352425160,3932.9535060512500,3901.767819069780,52
臺北市士林區承德路四段６巷１１號,6000000,85898,0,0,63000,士林區,房地(土地+建物),25.079332019705,121.521046981924,明勝里,24.8,住,NA,NA,1121106,土地2建物1車位0,五層,五層,公寓(5樓含以下無電梯),住家用,鋼筋混凝土造,750723,69.85,3,1,2,有,無,NA,親友、員工、共有人或其他特殊關係間之交易；,RPPNMLNLJIIGFEA37EA,63.41,0,6.43,無,NA,2023-11-06,807,26.28339467373270,22.297153538696900,32.270914940307100,0,56.90152553888980,63000110014,0.11933570581257400,0.4761565836298930,92.5,16451.76,51.99093556102590,36.451926177904800,0,0,0,0,0,0,0,0,0,0,15,14,0,4,0,1,1,3,0,16,"c(121.521046981924, 25.079332019705)",臺北捷運劍潭站_R15,577.4652291971780,3564.4396508562500,3530.966391482800,37
臺北市士林區承德路四段８８號,28880000,238500,28.07,0,63000,士林區,房地(土地+建物)+車位,25.0822817430374,121.523011847639,承德里,11.34,住,NA,NA,1121012,土地1建物1車位1,七層,十五層,住宅大樓(11層含以上有電梯),住家用,鋼骨鋼筋混凝土造,1110421,121.09,2,2,1,有,有,坡道機械,NA,RPROMLSJJIIGFEA87DA,55.97,3.08,2.02,有,NA,2023-10-12,808,25.842850052899800,24.026658019014100,28.69390504502330,0,42.51457428892520,63000110012,0.14303128809427100,0.5272247054043070,85.18,34236.1,49.64461452989490,34.5544013027462,0,0,0,0,0,0,0,0,0,0,21,19,0,6,0,1,1,6,0,22,"c(121.523011847639, 25.0822817430374)",臺北捷運劍潭站_R15,231.77794066665800,3920.119077048680,3881.7582422270700,1
臺北市士林區文林路６６１巷２號,30000000,420168,0,0,63000,士林區,房地(土地+建物),25.100676997146,121.522142999583,德華里,62,住,NA,NA,1121027,土地2建物1車位0,全,二層,透天厝,住家用,加強磚造,570221,71.4,1,2,2,有,無,NA,頂樓加蓋；其他增建；,RPVNMLOKJIIGFEA87DA,71.4,0,0,無,618,2023-10-27,809,24.49360914217510,22.70916617064840,26.089097977881300,0,38.32551335905570,63000110028,0.13760896637609000,0.5232461602324620,85.97,18747.61,55.96614949055960,35.909732006795600,0,0,0,0,0,0,0,0,0,0,17,27,0,7,0,0,0,1,0,17,"c(121.522142999583, 25.100676997146)",臺北捷運芝山站_R17,168.1259457834710,5923.498845106650,5894.430557959750,55
臺北市士林區文林路６８１巷１６號,376700,4485,0,0,63000,士林區,建物,25.1008829824165,121.521489965507,德華里,0,NA,NA,NA,1121027,土地0建物1車位0,全,二層,透天厝,住家用,加強磚造,560413,84,4,1,2,有,無,NA,親友、員工、共有人或其他特殊關係間之交易；,RPQNMLQJJIIGFEA57EA,84,0,0,無,NA,2023-10-27,810,24.48860651186210,22.70263091830720,26.08357673446810,0,38.23647669330990,63000110028,0.13760896637609000,0.5232461602324620,85.97,18747.61,55.96614949055960,35.909732006795600,0,0,0,0,0,0,0,0,0,0,16,24,0,6,0,0,0,1,0,16,"c(121.521489965507, 25.1008829824165)",臺北捷運芝山站_R17,180.83278451347600,5939.345837419620,5911.727563238420,56
臺北市士林區文林路７６５號,23000000,187816,0,0,63000,士林區,房地(土地+建物),25.1032924023938,121.518965168632,德華里,13.49,住,NA,NA,1121015,土地1建物1車位0,七層,十一層,住宅大樓(11層含以上有電梯),住家用,鋼筋混凝土造,700204,122.46,2,2,2,有,有,NA,陽台外推；其他增建；,RPXNMLOKJIIGFEA08DA,93.74,0,10.45,有,841,2023-10-15,811,24.67035481998360,23.2733646326552,27.489330653941400,0,84.44142738617830,63000110028,0.13760896637609000,0.5232461602324620,85.97,18747.61,55.96614949055960,35.909732006795600,0,0,0,0,0,0,0,0,0,0,12,20,0,3,0,1,0,1,0,12,"c(121.518965168632, 25.1032924023938)",臺北捷運芝山站_R17,394.6382707772220,6186.247068737720,6164.349054579580,42
臺北市士林區明溪街２５號,5050000,48675,0,0,63000,士林區,房地(土地+建物),25.106074020781600,121.56516403964,翠山里,93.88,住,NA,NA,1121114,土地1建物1車位0,三層,四層,公寓(5樓含以下無電梯),住家用,鋼筋混凝土造,650103,103.75,4,2,2,有,無,NA,親友、員工、共有人或其他特殊關係間之交易；,RPPNMLPLJIIGFEA47DA,103.75,0,0,無,NA,2023-11-14,812,17.961302431958800,17.512330616189400,18.36054021627880,0.9092150290782410,33.978666108149500,63000110050,0.1826883062838120,0.6142322097378280,87.2,1583.05,55.15370701919610,44.84629292052670,0,0,0,0,0,0,0,0,0,0,0,0,0,0,0,1,0,0,0,0,"c(121.56516403964, 25.1060740207816)",臺北捷運劍南路站_BR15,2565.818694846170,6435.330147498710,7204.872494882450,47
臺北市士林區格致路２０巷２９號,5500000,142119,0,0,63000,士林區,房地(土地+建物),25.136514997639,121.54741502439,陽明里,15.1,商,NA,NA,1121024,土地2建物1車位0,七層,十層,華廈(10層含以下有電梯),住家用,鋼筋混凝土造,851029,38.7,1,1,1,有,有,NA,NA,RPSNMLOLJIIGFEA67DA,21.49,1.29,3.43,有,NA,2023-10-24,815,24.56453588351140,21.735260070023800,28.256810162164900,0,34.03396225113930,63000110046,0.13013196480938400,0.47214076246334300,96.44,1338.2,53.9231174018309,43.65455500597440,0,0,0,0,0,1,1,0,0,0,7,1,0,1,1,0,0,0,0,7,"c(121.54741502439, 25.136514997639)",臺北捷運石牌站_R19,4028.177449931500,10158.11231636110,10308.7008636035,27
臺北市士林區永平街８０巷５號,9500000,136494,0,0,63000,士林區,房地(土地+建物),25.0916599971669,121.505455971465,社園里,36.33,住,NA,NA,1121015,土地1建物1車位0,三層，陽臺,三層,公寓(5樓含以下無電梯),住家用,鋼筋混凝土造,650922,69.6,3,1,1,有,無,NA,其他增建；,RPOOMLSJJIIGFEA57DA,69.6,0,0,無,NA,2023-10-15,816,24.67733395148270,23.29363032619670,27.485178933516700,0,76.65342200001010,63000110021,0.07030617203952700,0.363356552729629,97.7,34624.41,49.00718207667780,30.397127158767000,1,0,0,0,0,0,0,0,0,0,20,10,0,4,1,1,2,2,0,22,"c(121.505455971465, 25.0916599971669)",臺北捷運士林站_R16,2063.1111357895100,4997.214221535160,5009.492597050550,47
臺北市士林區環河北路三段２０３號,23260000,154995,40.57,2500000,63000,士林區,房地(土地+建物)+車位,25.0878969836458,121.504199021265,社新里,27.33,住,NA,NA,1121029,土地2建物1車位1,七層,十一層,住宅大樓(11層含以上有電梯),住家用,鋼筋混凝土造,1011008,174.5,2,2,2,有,有,坡道平面,NA,RPVOMLRJJIIGFEA18DA,72.77,14.18,5.75,有,NA,2023-10-29,817,23.394273474652100,22.692284033868200,24.44866387624830,1.0804477184346500,44.06643147127240,63000110020,0.06696428571428570,0.35854591836734700,97.22,21292.97,46.47323661055970,30.7320326778836,0,0,0,0,0,0,0,0,0,0,22,13,0,5,1,1,3,2,0,25,"c(121.504199021265, 25.0878969836458)",臺北捷運三重國小站_O50,2060.7891046641700,4620.460128703010,4638.73526321791,11
臺北市士林區磺溪街２１巷１６號,22580000,171372,0,0,63000,士林區,房地(土地+建物),25.1062670141022,121.522500990668,蘭興里,46.48,住,NA,NA,1121015,土地1建物1車位0,五層,五層,公寓(5樓含以下無電梯),住家用,鋼筋混凝土造,780213,131.76,3,2,2,有,無,NA,陽台外推；,RPSNMLOKJIIGFEA57DA,107.12,1.64,12.03,無,NA,2023-10-15,818,24.7748136502326,23.38679930771890,27.46036961134840,0,83.87055876884480,63000110035,0.15582067968185100,0.5681489515545910,86.38,23397.46,55.473554721900700,36.08856087673100,0,0,0,0,0,0,0,0,0,1,31,44,0,7,1,2,0,0,0,31,"c(121.522500990668, 25.1062670141022)",臺北捷運芝山站_R17,459.6350651052970,6542.993357808970,6514.416909367970,34
臺北市士林區磺溪街３５巷１２號,22500000,202776,0,0,63000,士林區,房地(土地+建物),25.1067630132226,121.522346009278,蘭興里,38.6,住,NA,NA,1121006,土地1建物1車位0,四層,五層,公寓(5樓含以下無電梯),住家用,鋼筋混凝土造,770109,110.96,3,2,2,有,有,NA,陽台外推；,RPVNMLNKJIIGFEA77DA,94.58,0.36,11.86,無,NA,2023-10-06,819,28.466329411782700,27.148275414868200,29.77487648402310,0,34.38147182018120,63000110035,0.15582067968185100,0.5681489515545910,86.38,23397.46,55.473554721900700,36.08856087673100,0,0,0,0,0,0,0,0,0,1,28,50,0,8,1,1,0,0,0,28,"c(121.522346009278, 25.1067630132226)",臺北捷運明德站_R18,426.17919057259100,6596.028112102390,6567.851838584490,35
臺北市士林區磺溪街４７巷１４號,22000000,173529,0,0,63000,士林區,房地(土地+建物),25.1071909931987,121.522466038131,蘭興里,54.37,住,NA,NA,1121006,土地1建物1車位0,二層,五層,公寓(5樓含以下無電梯),住家用,鋼筋混凝土造,740528,126.78,3,2,2,有,無,NA,親友、員工、共有人或其他特殊關係間之交易；,RPPNMLTLIIIGFEA77DA,112.75,0,14.03,無,NA,2023-10-06,820,28.474622221211500,27.163948603079200,29.755000264850900,0,34.414011960478600,63000110035,0.15582067968185100,0.5681489515545910,86.38,23397.46,55.473554721900700,36.08856087673100,0,0,0,0,0,0,0,0,0,1,25,49,0,7,1,0,0,0,0,25,"c(121.522466038131, 25.1071909931987)",臺北捷運明德站_R18,406.68476801444800,6644.4225213161200,6616.099167048660,38
臺北市士林區社中街４４４號,12500000,162422,0,0,63000,士林區,房地(土地+建物),25.0915799919011,121.502065994545,永倫里,29,住,NA,NA,1121012,土地1建物1車位0,二層,四層,公寓(5樓含以下無電梯),住家用,鋼筋混凝土造,661020,76.96,4,1,2,有,無,NA,其他增建；,RPQNMLPKJIIGFEA47DA,70.58,0,6.38,無,813,2023-10-12,822,26.031126142515000,24.176032469618600,28.78988174640960,0,45.08545167082070,63000110022,0.07204705113543540,0.3654631596144420,99.41,10972.46,47.2210065542186,33.93873084596530,1,0,0,0,0,0,1,0,0,0,14,3,0,2,1,1,1,2,0,15,"c(121.502065994545, 25.0915799919011)",臺北捷運三和國中站_O51,2261.038550565580,5070.498001810670,5091.286678544260,46
臺北市士林區福國路９５號,17500000,245683,0,0,63000,士林區,房地(土地+建物),25.1014011935803,121.522141239383,德華里,11.67,商,NA,NA,1121021,土地1建物1車位0,六層,八層,華廈(10層含以下有電梯),住家用,鋼筋混凝土造,660811,71.23,2,2,1,有,有,NA,陽台外推；其他增建；,RPWNMLTJJIIGFEA38DA,64.13,0,7.1,有,695,2023-10-21,824,22.65903454191420,21.662168484752200,23.294409767476100,0,36.90723266730400,63000110028,0.13760896637609000,0.5232461602324620,85.97,18747.61,55.96614949055960,35.909732006795600,0,0,0,0,0,0,0,0,0,1,14,24,0,5,0,0,0,1,0,14,"c(121.522141239383, 25.1014011935803)",臺北捷運芝山站_R17,95.27135551520210,6003.219701052740,5974.322968624390,46
臺北市士林區福林路１００巷７７弄７號,49000000,226171,33.14,0,63000,士林區,房地(土地+建物)+車位,25.0949200126784,121.533030002161,福林里,85.11,住,NA,NA,1121007,土地1建物1車位1,五層,七層,華廈(10層含以下有電梯),住家用,鋼筋混凝土造,980316,216.65,4,2,2,有,有,坡道平面,廁所漏水由買方自行修繕,RPPNMLOJJIIGFEA17DA,123.94,5.01,17.03,有,408,2023-10-07,826,27.6503846364512,25.258871806562800,31.30299851862810,8.449779476032340,32.76194405392370,63000110003,0.13923076923076900,0.5088461538461540,94.81,1413.98,57.20500268776240,41.38118540436040,0,0,0,0,0,0,1,0,0,0,6,3,0,0,0,0,0,0,0,6,"c(121.533030002161, 25.0949200126784)",臺北捷運士林站_R16,775.8179377848650,5533.350235954960,5478.360813337270,14
臺北市士林區福港街１２９巷５號,6000000,121951,0,0,63000,士林區,房地(土地+建物),25.0881030108259,121.518414980508,福中里,15.92,商,NA,NA,1121027,土地2建物1車位0,二層，陽臺,四層,公寓(5樓含以下無電梯),住家用,鋼筋混凝土造,640506,49.2,3,2,2,有,無,NA,NA,RPQOMLNJJIIGFEA37EA,49.2,0,0,無,416,2023-10-27,827,24.431868180529700,22.63482298937330,26.021562932481200,0,39.87536162381300,63000110009,0.10133843212237100,0.4355988180079960,94.05,25990.45,47.18951343097320,27.81604087362450,0,0,0,0,0,1,1,0,0,0,25,19,0,7,1,1,0,1,0,25,"c(121.518414980508, 25.0881030108259)",臺北捷運士林站_R16,886.3654436902670,4503.320514237420,4480.9514099130700,48
臺北市士林區福港街１８巷１０號,4000000,138504,0,0,63000,士林區,房地(土地+建物),25.0909860083326,121.517707966975,後港里,10.67,住,NA,NA,1121016,土地3建物1車位0,三層,三層,公寓(5樓含以下無電梯),住家用,加強磚造,580624,28.88,0,0,0,無,無,NA,NA,RPOOMLPLIIIGFEA37DA,28.88,0,0,無,NA,2023-10-16,828,25.453847530818800,23.769110752177700,28.067395047675500,0,92.35188872894610,63000110008,0.1077818181818180,0.44494545454545500,94.48,13340.12,49.071770325536500,31.578947362377200,0,1,0,0,0,1,0,0,0,0,21,20,0,7,1,2,0,0,0,21,"c(121.517707966975, 25.0909860083326)",臺北捷運士林站_R16,838.7638880926110,4818.597295297630,4798.521445123710,54
臺北市士林區福港街２３３之１號,18510000,151423,0,0,63000,士林區,房地(土地+建物),25.0845930050521,121.517662034145,百齡里,35.98,住,NA,NA,1121014,土地1建物1車位0,五層,五層,公寓(5樓含以下無電梯),住家用,鋼筋混凝土造,721214,122.24,4,2,2,有,無,NA,陽台外推；其他增建；,RPSNMLNLIIIGFEA47DA,84.86,0,12.43,無,NA,2023-10-14,829,24.483776550381400,23.45522632208000,26.778605056826800,0,46.37621491806950,63000110011,0.10038075458636200,0.430944963655244,94.36,44316.46,52.52782930136180,33.99814470454590,0,0,0,0,0,1,0,0,0,0,23,17,0,7,1,1,1,0,0,24,"c(121.517662034145, 25.0845930050521)",臺北捷運劍潭站_R15,782.6465594650620,4110.968363320140,4090.4047974310600,40
臺北市士林區美崙街６２巷２０號,16500000,150933,0,0,63000,士林區,房地(土地+建物),25.0976220029861,121.522716992312,福佳里,29.66,住,NA,NA,1121113,土地1建物1車位0,五層,五層,公寓(5樓含以下無電梯),住家用,鋼筋混凝土造,690131,109.32,3,2,2,有,無,NA,陽台外推；,RPPNMLPJKIIGFEA47EA,89.39,0,19.93,無,163,2023-11-13,830,18.891141509039300,18.158868511311300,19.920485859069200,0,36.23354032353360,63000110007,0.14050200504975500,0.5173028367740980,89.02,14745.73,51.70013918240200,33.883475833389600,0,0,0,0,0,0,0,0,0,0,29,44,0,8,0,0,0,1,1,29,"c(121.522716992312, 25.0976220029861)",臺北捷運芝山站_R17,498.2610229403960,5594.293676848420,5563.162448558020,43
臺北市士林區至善路三段１８１巷５弄３０號,26400000,338462,0,0,63000,士林區,房地(土地+建物),25.1203329791875,121.575374035898,溪山里,3724.53,都市：其他:保護區。,NA,NA,1121017,土地2建物1車位0,全,一層,透天厝,住家用,土造,100924,78,2,2,1,有,無,NA,未登記建物；,RPPPMLKMIIIGFEA17DA,78,0,0,無,333,2023-10-17,831,20.88328697287480,19.237412868831000,22.37049856971800,0,96.744558231761,63000110049,0.04382761139517900,0.3002191380569760,103.83,145.74,46.94280074266000,35.00986189841240,0,0,0,0,0,0,0,0,0,0,0,0,0,0,0,0,0,1,0,0,"c(121.575374035898, 25.1203329791875)",臺北捷運西湖站_BR16,4327.656861888210,7883.429593619200,8066.706669128420,102
臺北市士林區至誠路一段１３６巷１２號,26300000,143504,0,0,63000,士林區,房地(土地+建物),25.1021680119923,121.534921965345,岩山里,48.38,住,NA,NA,1121010,土地1建物1車位0,三層,五層,華廈(10層含以下有電梯),住家用,鋼筋混凝土造,711217,183.27,3,2,2,有,有,NA,NA,RPPNMLKKJIIGFEA96EA,136.66,0,13.24,有,NA,2023-10-10,832,25.1552999520782,23.62299364656370,27.4740392592778,0,36.01908472621120,63000110025,0.15635622025832800,0.5180149558123730,87.91,6807.96,57.614332834693900,38.70815651168880,0,0,0,0,0,0,0,0,0,0,2,0,0,0,1,0,0,1,0,2,"c(121.534921965345, 25.1021680119923)",臺北捷運芝山站_R17,1236.7523705365200,6355.776708297500,6301.975551045320,41
臺北市士林區至誠路二段９號,19566000,154233,0,0,63000,士林區,房地(土地+建物),25.1019867114266,121.53034729023,名山里,41.46,住,NA,NA,1121020,土地1建物1車位0,三層,五層,公寓(5樓含以下無電梯),住家用,鋼筋混凝土造,710719,126.86,3,2,2,有,無,NA,NA,RPXNMLQKJIIGFEA38EA,103.04,0,13.29,無,NA,2023-10-20,833,25.305289002129700,22.636191588729100,27.935281066727100,0.23528106672710400,64.12957434479820,63000110026,0.14849715678310300,0.557595450852965,84.74,17861.71,56.555729270369500,37.48045565390210,0,0,0,0,0,0,1,0,0,0,17,11,0,5,0,2,0,0,0,17,"c(121.53034729023, 25.1019867114266)",臺北捷運芝山站_R17,775.4803784726230,6211.037589824920,6165.672465868770,41
臺北市士林區至誠路二段９２巷９弄９號,28300000,415687,0,0,63000,士林區,房地(土地+建物),25.1022620150364,121.527709002387,名山里,77,住,NA,NA,1121115,土地1建物1車位0,全,二層,透天厝,住家用,加強磚造,560528,68.08,2,2,2,有,無,NA,其他增建；,RPQNMLLLJIIGFEA27EA,68.08,0,0,無,40,2023-11-15,834,21.71888794915230,19.796024087390900,23.437628321591900,0,34.551873076551700,63000110026,0.14849715678310300,0.557595450852965,84.74,17861.71,56.555729270369500,37.48045565390210,0,0,0,0,0,0,1,0,0,1,18,14,0,1,0,2,0,0,0,18,"c(121.527709002387, 25.1022620150364)",臺北捷運芝山站_R17,509.4845443849390,6183.082181796220,6143.011481161130,56
臺北市士林區芝玉路二段８９巷２號,17500000,171569,0,0,63000,士林區,房地(土地+建物),25.1126419962908,121.534952978387,芝山里,33,住,NA,NA,1121014,土地1建物1車位0,五層,五層,公寓(5樓含以下無電梯),住家用,鋼筋混凝土造,670201,102,3,2,1,有,無,NA,NA,RPPOMLQJJIIGFEA47DA,90.95,0,11.05,無,615,2023-10-14,836,24.315332977769800,23.00984450192150,26.09566430957320,0,44.8396324030654,63000110031,0.1474563401670460,0.5649202733485190,89.74,6865.64,55.27339749021640,34.85562153699460,0,0,0,0,0,0,0,0,0,2,20,17,0,4,0,2,0,0,0,20,"c(121.534952978387, 25.1126419962908)",臺北捷運明德站_R18,1636.7013968714900,7469.8545640179600,7421.5161362752400,45
臺北市士林區華聲街８１號,13800000,310741,0,0,63000,士林區,房地(土地+建物),25.0949369860324,121.522108969056,福佳里,32.5,都市：其他:第三種住宅區。,NA,NA,1121025,土地2建物1車位0,全,二層,透天厝,住家用,加強磚造,560120,44.41,3,2,2,有,無,NA,頂樓加蓋；其他增建；畸零地或有合併使用效益；,RPQNMLRLJIIGFEA77DA,44.41,0,0,無,NA,2023-10-25,837,26.7511723651329,23.76386604673160,30.882208239738600,0,30.277519898410000,63000110007,0.14050200504975500,0.5173028367740980,89.02,14745.73,51.70013918240200,33.883475833389600,0,1,0,0,0,0,0,0,0,0,35,56,0,8,0,1,0,0,1,35,"c(121.522108969056, 25.0949369860324)",臺北捷運士林站_R16,481.0746098804850,5291.56607728376,5261.072073946050,56
臺北市士林區葫蘆街１３５巷１５弄２號,11380000,142571,0,0,63000,士林區,房地(土地+建物),25.084799996151,121.507860990943,葫蘆里,23.79,都市：其他:第三種住宅區。,NA,NA,1121005,土地3建物1車位0,三層,五層,公寓(5樓含以下無電梯),住家用,鋼筋混凝土造,690115,79.82,3,2,1,有,無,NA,NA,RPROMLLMIIIGFEA37DA,73.6,0,6.22,無,NA,2023-10-05,839,27.963464189655500,25.956097434128900,30.3610186380776,11.128775944340900,35.1076058336297,63000110017,0.08412098298676750,0.3909892879647130,92.09,23729.68,48.85401609563210,31.07577946911510,0,0,0,0,0,0,2,0,0,0,25,34,0,12,0,1,2,1,0,27,"c(121.507860990943, 25.084799996151)",臺北捷運劍潭站_R15,1761.4208418440300,4204.358301954820,4214.491278855380,43
臺北市士林區通河街２５號,23000000,225623,0,0,63000,士林區,房地(土地+建物),25.0800770032592,121.5232080042,明勝里,18.52,住,NA,NA,1121004,土地1建物1車位0,七層,八層,華廈(10層含以下有電梯),住家用,鋼筋混凝土造,1011112,101.94,2,2,1,有,有,NA,NA,RPQNMLRKJIIGFEA77EA,46.05,3.11,12.04,有,NA,2023-10-04,840,27.382877056197300,26.547906446495600,28.500380809952200,14.036303746409900,39.977139500812900,63000110014,0.11933570581257400,0.4761565836298930,92.5,16451.76,51.99093556102590,36.451926177904800,0,0,0,0,0,0,0,0,0,0,17,14,0,4,0,1,1,5,0,18,"c(121.5232080042, 25.0800770032592)",臺北捷運劍潭站_R15,373.5624750925840,3684.562660578110,3644.122102700110,11
臺北市士林區重慶北路四段２２０巷２５號,13300000,153349,0,0,63000,士林區,房地(土地+建物),25.0859030126994,121.511806017492,葫東里,28.9,住,NA,NA,1121002,土地1建物1車位0,三層,五層,公寓(5樓含以下無電梯),住家用,鋼筋混凝土造,780313,86.73,3,2,2,有,無,NA,陽台外推；其他增建；,RPXOMLSKIIIGFEA48DA,70.23,0,7.86,無,NA,2023-10-02,841,26.71014130238450,25.754457268177200,28.60319240943500,0.4459668570043900,47.06840564784030,63000110018,0.08210645526613820,0.4054360135900340,92.05,20539.91,45.87628864290270,30.044182610440300,0,0,0,0,0,0,2,0,0,0,24,34,0,12,0,1,1,0,0,25,"c(121.511806017492, 25.0859030126994)",臺北捷運劍潭站_R15,1390.9243933981200,4269.521423242500,4267.0351533755800,34
臺北市士林區重慶北路四段２２２號,7500000,206044,0,0,63000,士林區,房地(土地+建物),25.0858688983535,121.511467975337,葫東里,5.69,住,NA,NA,1121029,土地2建物1車位0,三層,十四層,住宅大樓(11層含以上有電梯),住家用,鋼筋混凝土造,1060413,36.4,1,1,1,有,有,NA,NA,RPRNMLRKJIIGFEA77DA,20.8,1.44,1.91,有,686,2023-10-29,842,23.27750114009620,22.59159984932440,24.35713276727450,1.1128705383573,44.49228151706750,63000110018,0.08210645526613820,0.4054360135900340,92.05,20539.91,45.87628864290270,30.044182610440300,0,0,0,0,0,0,2,0,0,0,26,34,0,12,0,1,1,0,0,27,"c(121.511467975337, 25.0858688983535)",臺北捷運劍潭站_R15,1423.1992474482200,4269.040646599700,4267.598014052280,6
臺北市士林區重慶北路四段２３８號,21500000,129036,0,0,63000,士林區,房地(土地+建物),25.0864249957197,121.511378959525,葫東里,23.25,住,NA,NA,1121003,土地2建物1車位0,四層,十二層,住宅大樓(11層含以上有電梯),住家用,鋼筋混凝土造,740402,166.62,4,0,4,有,有,NA,NA,RPTNMLLMIIIGFEA57EA,122.48,0,22.34,有,NA,2023-10-03,843,26.213753712717100,24.383784798519700,28.315585783558400,1.883933987129300,49.66125434922800,63000110018,0.08210645526613820,0.4054360135900340,92.05,20539.91,45.87628864290270,30.044182610440300,0,0,0,0,0,0,2,0,0,0,26,34,0,12,0,1,1,0,0,27,"c(121.511378959525, 25.0864249957197)",臺北捷運劍潭站_R15,1447.2314139047500,4331.228345817480,4329.840155842490,38
臺北市士林區重慶北路四段４９巷６０號,12500000,230457,0,0,63000,士林區,房地(土地+建物),25.0809309934643,121.511016023118,福順里,23.33,住,NA,NA,1121025,土地1建物1車位0,一層,三層,公寓(5樓含以下無電梯),住家用,加強磚造,590513,54.24,1,1,1,有,無,NA,其他增建；,RPRNMLKMJIIGFEA27DA,54.24,0,0,無,842,2023-10-25,844,26.709154893755100,24.241977466405400,30.2400571363138,0,35.21142575807030,63000110015,0.08521408985446110,0.38008858890529400,95.83,24870.58,46.84181105454390,32.50419227710900,0,0,0,0,0,1,2,0,0,0,17,16,0,6,0,1,0,1,0,17,"c(121.511016023118, 25.0809309934643)",臺北捷運圓山站_R14,1441.4417318250500,3730.7514638373100,3733.079845178650,53
臺北市士林區雨農路７６號,4500000,76336,0,0,63000,士林區,房地(土地+建物),25.0996223860884,121.533553200557,福志里,13.38,住,NA,NA,1121004,土地1建物1車位0,十二層,十二層,住宅大樓(11層含以上有電梯),住家用,鋼筋混凝土造,940505,58.94,4,2,2,有,有,NA,親友、員工、共有人或其他特殊關係間之交易；,RPSNMLKMIIIGFEA27DA,31.14,0,3,有,NA,2023-10-04,845,27.47770479961510,26.76591046235090,28.52879167092430,29.538114066964700,35.02234530172700,63000110005,0.16793537362125200,0.5687432033556010,90.74,19980.24,60.62443844100980,44.58670259555550,0,0,0,0,0,0,0,0,0,0,5,1,0,0,1,0,0,1,0,5,"c(121.533553200557, 25.0996223860884)",臺北捷運士林站_R16,1119.9875865434300,6045.301691122250,5992.45182478354,18
臺北市大同區五原路１９號,12100000,194941,22.58,0,63000,大同區,房地(土地+建物)+車位,25.056691996314,121.517332960627,星明里,3.87,商,NA,NA,1121104,土地1建物1車位1,四層,十四層,住宅大樓(11層含以上有電梯),住家用,鋼筋混凝土造,981216,62.07,1,1,1,有,有,坡道機械,NA,RPVNMLSLJIIGFBA08DA,22.86,1.09,2.77,有,73,2023-11-04,846,27.033354895124100,23.43236632580120,30.98991465547630,0,43.664890475998800,63000060007,0.12779357984559100,0.4819179195449000,87.53,37795.15,55.28262016500720,30.005282612254300,1,0,0,0,0,1,0,0,0,0,45,49,0,7,3,1,0,5,0,45,"c(121.517332960627, 25.056691996314)",臺北捷運雙連站_R12,347.7489485704090,1028.894239492600,999.953345360242,14
臺北市大同區南京西路３６０之２號,7800000,235365,0,0,63000,大同區,房地(土地+建物),25.0537160015915,121.511042007017,永樂里,3.12,商,NA,NA,1121029,土地1建物1車位0,九層,十四層,住宅大樓(11層含以上有電梯),住家用,鋼筋混凝土造,671107,33.14,1,1,1,有,有,NA,陽台外推；其他增建；,RPRNMLKLJIIGFBA86DA,22.75,0,3.2,有,769,2023-10-29,851,22.978596761223600,22.446971204003300,23.50537812751770,1.0541463486974500,41.0533519869485,63000060005,0.1252534354584370,0.49740932642487000,98.21,22226.68,52.95021510358010,36.416717874487800,2,0,0,0,0,2,0,0,0,0,41,44,0,8,1,2,0,8,0,41,"c(121.511042007017, 25.0537160015915)",臺北捷運北門站_G13,472.6568362074550,832.0642544835230,898.865252354331,45
臺北市大同區南京西路４３４巷７之１號,11000000,150007,0,0,63000,大同區,房地(土地+建物),25.0528949941755,121.508995984452,玉泉里,26.25,商,NA,NA,1121113,土地1建物1車位0,四層,四層,公寓(5樓含以下無電梯),住家用,加強磚造,571031,73.33,4,2,3,有,無,NA,親友、員工、共有人或其他特殊關係間之交易；頂樓加蓋；,RPPNMLMLJIIGFBA86DA,73.33,0,0,無,NA,2023-11-13,852,18.58541922026950,17.55401113394280,19.35760337676300,0.01994222921837640,40.21753162359760,63000060001,0.10511701705672400,0.4748115827052760,95.46,8543.79,54.64088394771220,39.28176793409850,0,0,0,0,0,2,0,0,0,0,25,24,0,4,1,1,0,7,0,25,"c(121.508995984452, 25.0528949941755)",臺北捷運北門站_G13,392.7671593814150,901.5579324787320,992.2723942450930,55
臺北市大同區南京西路５７號,25160000,411380,0,0,63000,大同區,房地(土地+建物),25.0530439825044,121.519385018162,光能里,4.7,都市：其他:聯合開發區(捷)(依都市計畫說明書圖規定辦理)。,NA,NA,1121011,土地1建物1車位0,十六層,十九層,住宅大樓(11層含以上有電梯),住家用,鋼筋混凝土造,1080304,61.16,1,1,1,有,有,NA,NA,RPVNMLNJJIIGFBA37DA,37.44,0,4.88,有,NA,2023-10-11,853,24.33334619204130,22.789408649885700,26.379400224165100,0,44.3557924668243,63000060008,0.11402902557014500,0.46533056899332000,90.53,42136.21,53.66876308665210,30.00898471697840,1,0,0,0,0,1,0,0,0,3,57,74,0,8,3,1,0,3,0,57,"c(121.519385018162, 25.0530439825044)",臺北捷運中山站_G14_R11,6.014253273013330,715.4213416539370,642.6691942584800,4
臺北市大同區南京西路６４巷９弄６之２號,19400000,241684,0,0,63000,大同區,房地(土地+建物),25.0523559958918,121.518914961032,建泰里,25.25,商,NA,NA,1121028,土地1建物1車位0,三層,四層,公寓(5樓含以下無電梯),住家用,加強磚造,580911,80.27,3,1,3,有,無,NA,其他增建；,RPVNMLNKJIIGFBA47DA,80.27,0,0,無,537,2023-10-28,855,22.05649830889490,20.47332700749320,23.620767900668300,4.744202833578820,42.21995484389210,63000060004,0.13968668407310700,0.5065274151436030,91.41,28999.77,59.734513247905100,35.575221223196800,1,0,0,0,0,1,0,0,0,3,57,68,0,6,3,1,0,2,0,57,"c(121.518914961032, 25.0523559958918)",臺北捷運中山站_G14_R11,87.66773636423150,625.6682028242900,554.4145090123150,54
臺北市大同區哈密街１０７之１號,20500000,167388,0,0,63000,大同區,房地(土地+建物),25.0730079994877,121.514232997556,保安里,22.62,商,NA,NA,1121002,土地1建物1車位0,五層,七層,華廈(10層含以下有電梯),住家用,鋼筋混凝土造,740813,122.47,4,2,2,有,有,NA,NA,RPQOMLPJIIIGFBA07DA,86.96,0,16.39,有,NA,2023-10-02,856,26.718465989704000,25.89520916263310,28.086445033699600,0.17760864315478600,51.816065077929800,63000060026,0.11062628336755600,0.457905544147844,90.68,24261.45,49.36578675030310,33.561878630935300,2,0,0,0,0,0,0,0,0,0,23,21,0,10,2,1,1,6,0,24,"c(121.514232997556, 25.0730079994877)",臺北捷運圓山站_R14,622.1321899104310,2826.9190487089800,2820.29049640875,38
臺北市大同區哈密街１４３之２號,18880000,163364,0,0,63000,大同區,房地(土地+建物),25.0729540200312,121.513273018186,老師里,24.19,住,NA,NA,1121007,土地2建物1車位0,二層,七層,華廈(10層含以下有電梯),住家用,鋼筋混凝土造,740617,115.57,3,2,1,有,無,NA,陽台外推；,RPVOMLOKJIIGFBA67DA,80.02,0,13.38,有,NA,2023-10-07,857,27.400237471197100,25.15157174311710,31.140588295321900,9.328899666730580,45.32085019738530,63000060024,0.0822028750759263,0.3933994735776470,99.05,9039.46,45.38174051111010,31.84730378220840,2,0,0,0,0,0,0,0,0,0,27,19,0,9,2,1,1,5,0,28,"c(121.513273018186, 25.0729540200312)",臺北捷運圓山站_R14,709.489826001485,2827.7102826604300,2825.5369694275400,38
臺北市大同區哈密街２０巷１６號,16000000,154306,0,0,63000,大同區,房地(土地+建物),25.0738349999645,121.518780012391,保安里,28,住,NA,NA,1121023,土地2建物1車位0,三層,四層,公寓(5樓含以下無電梯),住家用,鋼筋混凝土造,650308,103.69,4,1,2,有,無,NA,NA,RPUNMLTJJIIGFBA97EA,97.81,0,5.88,無,547,2023-10-23,858,26.05307345775810,24.533390122574900,29.2519106852135,0,33.504509923998300,63000060026,0.11062628336755600,0.457905544147844,90.68,24261.45,49.36578675030310,33.561878630935300,0,0,0,0,0,1,0,0,0,0,15,10,0,6,0,0,1,8,0,16,"c(121.518780012391, 25.0738349999645)",臺北捷運圓山站_R14,362.8860276524520,2931.0475754847900,2903.863413309380,47
臺北市大同區哈密街６３巷１０號,8140000,158860,0,0,63000,大同區,房地(土地+建物),25.0739720021719,121.515179984977,保安里,16.8,住,NA,NA,1121101,土地1建物1車位0,五層,五層,公寓(5樓含以下無電梯),住家用,鋼筋混凝土造,690125,51.24,2,1,1,有,無,NA,陽台外推；其他增建；,RPXNMLNLJIIGFBA77DA,40.68,0,10.56,無,NA,2023-11-01,860,25.34159273649510,23.17454074263980,28.171108023880800,0,38.07654632097240,63000060026,0.11062628336755600,0.457905544147844,90.68,24261.45,49.36578675030310,33.561878630935300,2,0,0,0,0,0,0,0,0,0,21,19,0,7,1,1,1,6,0,22,"c(121.515179984977, 25.0739720021719)",臺北捷運圓山站_R14,594.5309327162000,2930.2650230167500,2919.0588115281700,43
臺北市大同區寧夏路２０號,16660000,231133,15.69,1500000,63000,大同區,房地(土地+建物)+車位,25.0548320100898,121.514826017206,星明里,6.31,商,NA,NA,1121010,土地1建物1車位1,七層,十三層,住宅大樓(11層含以上有電梯),住家用,鋼筋混凝土造,1001130,81.28,3,2,1,有,有,升降機械,陽台外推；夾層；,RPPOMLMKIIIGFBA76DA,27.02,3.27,13.03,有,343,2023-10-10,864,24.56132741229780,23.47419900382510,26.149078646726300,0.33171634649772000,35.129644670816800,63000060007,0.12779357984559100,0.4819179195449000,87.53,37795.15,55.28262016500720,30.005282612254300,2,0,0,0,0,1,0,0,0,0,57,62,0,5,4,2,1,10,0,58,"c(121.514826017206, 25.0548320100898)",臺北捷運中山站_G14_R11,506.0013636120250,814.5817277940120,822.649237706066,12
臺北市大同區延平北路一段９２號,26100000,151850,0,1100000,63000,大同區,房地(土地+建物)+車位,25.0524170161469,121.511750026379,永樂里,17.54,商,NA,NA,1121020,土地1建物1車位1,八層,十層,華廈(10層含以下有電梯),住家用,鋼筋混凝土造,770924,171.88,3,1,2,有,有,升降機械,NA,RPWNMLNJJIIGFBA47DA,122.65,0,10.71,有,NA,2023-10-20,867,25.02123972211690,22.17040869355450,27.976983689432300,1.5776635703580700,61.81257245903360,63000060005,0.1252534354584370,0.49740932642487000,98.21,22226.68,52.95021510358010,36.416717874487800,2,0,0,0,0,2,0,0,0,0,44,43,0,6,1,2,0,8,0,44,"c(121.511750026379, 25.0524170161469)",臺北捷運北門站_G13,357.4179282291050,673.380917133465,745.2426752599020,35
臺北市大同區延平北路二段１９７號,6990000,159540.5,0,0,63000,大同區,房地(土地+建物),25.0593350199327,121.511570988927,延平里,3.87,都市：其他:特定專用區(供一般商業使用)。,NA,NA,1121127,土地1建物1車位0,九層,十一層,住宅大樓(11層含以上有電梯),住家用,鋼筋混凝土造,680420,48.27,0,0,0,無,有,NA,NA,RPPNMLOJKIIGFBA07EA,29.91,0,3.87,有,126,2023-11-27,868,21.536743586998500,19.92640995950420,23.732555302074500,0,56.71800633207120,63000060010,0.09323741007194240,0.4253237410071940,89.67,41338.3,50.03927727806780,36.4886095693289,1,0,0,0,0,2,1,0,0,0,29,35,0,7,3,2,1,7,0,30,"c(121.511570988927, 25.0593350199327)",臺北捷運大橋頭站_O12,463.54634976993500,1373.4440294467000,1402.783444674080,44
臺北市大同區延平北路二段２８６號,6560000,160627,0,0,63000,大同區,房地(土地+建物),25.0625460013107,121.510898005921,南芳里,5.11,都市：其他:特定專用區(供一般商業使用)。,NA,NA,1121030,土地1建物1車位0,七層,十層,華廈(10層含以下有電梯),住家用,鋼筋混凝土造,660726,40.84,0,1,1,有,有,NA,NA,RPQNMLTJJIIGFBA47DA,31.89,0,0,有,NA,2023-10-30,869,24.249921842057700,22.949798545612100,26.355330010788000,0,45.4375320426129,63000060012,0.11104863649142500,0.4669665448411580,84.54,18627.69,51.70267299461640,30.245331369371900,1,0,0,0,0,2,1,0,0,0,24,28,0,6,1,2,1,7,0,25,"c(121.510898005921, 25.0625460013107)",臺北捷運大橋頭站_O12,114.22379760520500,1733.4691936476600,1758.46227042083,46
臺北市大同區延平北路四段１１號,13000000,136885,0,0,63000,大同區,房地(土地+建物),25.0690750009702,121.510952991206,鄰江里,25.2,住,NA,NA,1121104,土地1建物1車位0,二層,五層,公寓(5樓含以下無電梯),住家用,鋼筋混凝土造,700911,94.97,4,1,1,有,無,NA,親友、員工、共有人或其他特殊關係間之交易；,RPPPMLLLJIIGFBA96DA,80.69,0,14.28,無,NA,2023-11-04,870,27.1299675048674,23.549892160327800,31.13849782811160,0,48.309581719959900,63000060021,0.090543994158452,0.4072654253377150,95.41,26505.65,50.416871002840400,34.3305541848135,1,0,0,0,0,0,0,0,0,0,25,21,0,8,1,0,0,4,0,25,"c(121.510952991206, 25.0690750009702)",臺北捷運大橋頭站_O12,643.6396813503400,2435.073995244100,2447.794451596750,42
臺北市大同區延平北路四段２８２巷４８號,12800000,155832,0,0,63000,大同區,房地(土地+建物),25.0770590152019,121.510316972393,老師里,23.07,住,NA,NA,1121103,土地1建物1車位0,五層,五層,公寓(5樓含以下無電梯),住家用,鋼筋混凝土造,740621,82.14,4,3,2,有,無,NA,陽台外推；頂樓加蓋；其他增建；,RPQOMLNJJIIGFBA96DA,70.78,0,8.05,無,71,2023-11-03,871,26.275607459811300,22.716597211236800,29.577382623959100,0,56.76234529825560,63000060024,0.0822028750759263,0.3933994735776470,99.05,9039.46,45.38174051111010,31.84730378220840,1,0,0,0,0,1,0,0,0,0,6,1,0,2,1,1,1,3,0,7,"c(121.510316972393, 25.0770590152019)",臺北捷運圓山站_R14,1192.2314709245200,3316.612766345900,3324.0850072003900,38
臺北市大同區延平北路四段２９４巷１５號,15000000,100293,34.43,2000000,63000,大同區,房地(土地+建物)+車位,25.077541016544,121.50966192666,老師里,33.71,住,NA,NA,1121003,土地1建物1車位1,五層,十三層,住宅大樓(11層含以上有電梯),住家用,鋼筋混凝土造,1050615,164.05,3,2,2,有,有,坡道平面,親友、員工、共有人或其他特殊關係間之交易；,RPTOMLLJJIIGFBA07DA,72.48,3.56,5.32,有,803,2023-10-03,872,26.120957863985900,24.540682654990600,27.81870790065010,1.8406826549906200,51.45427145592850,63000060024,0.0822028750759263,0.3933994735776470,99.05,9039.46,45.38174051111010,31.84730378220840,1,0,0,0,0,1,0,0,0,0,3,3,0,2,1,1,0,2,0,3,"c(121.50966192666, 25.077541016544)",臺北捷運圓山站_R14,1277.091267647130,3380.5877470883000,3390.172060223950,7
臺北市大同區承德路三段１９０巷８號,1220000,98865,0,0,63000,大同區,房地(土地+建物),25.0696919928629,121.517831013313,至聖里,6.31,商,NA,NA,1121015,土地1建物1車位0,四層,四層,公寓(5樓含以下無電梯),住家用,鋼筋混凝土造,610829,12.34,3,2,1,有,無,NA,親友、員工、共有人或其他特殊關係間之交易；,RPPNMLOKJIIGFBA07EA,12.34,0,0,無,NA,2023-10-15,876,24.446917248334000,23.234451474623900,26.78006161661990,0,68.34129989037240,63000060022,0.10634218289085500,0.4446902654867260,90.09,32107.18,49.294639248429100,36.6384522296174,1,1,0,0,0,1,0,0,0,0,26,27,0,6,1,1,0,6,0,26,"c(121.517831013313, 25.0696919928629)",臺北捷運圓山站_R14,233.7010148338810,2465.02988980857,2440.793653157860,51
臺北市大同區承德路二段１１２號,15675000,296278,0,0,63000,大同區,房地(土地+建物),25.0586570077849,121.51796897944,雙連里,2.69,住,NA,NA,1121023,土地1建物1車位0,五層,七層,華廈(10層含以下有電梯),住家用,鋼筋混凝土造,1120331,27.92,1,1,1,有,無,NA,含傢俱設備費；,RPQNMLQKJIIGFBA37EA,8.51,0,7.05,有,NA,2023-10-23,877,25.7606548180287,24.377419848746500,28.28887136659470,0,32.70370354148280,63000060011,0.10540505841571400,0.4455000641930930,91.17,43540.85,52.48167887200510,29.73017987512820,1,0,0,0,0,1,0,0,0,0,41,53,0,8,2,2,0,8,0,41,"c(121.51796897944, 25.0586570077849)",臺北捷運雙連站_R12,280.2213402108840,1254.3254833175800,1221.0418380199400,0
臺北市大同區敦煌路８８巷１０號,22080000,256894,0,0,63000,大同區,房地(土地+建物),25.0755910924988,121.516861227116,重慶里,12.9,住,NA,NA,1121014,土地1建物1車位0,六層,十五層,住宅大樓(11層含以上有電梯),住家用,鋼筋混凝土造,981102,85.95,2,2,1,有,有,NA,NA,RPPNMLLMIIIGFBA76DA,54.46,1.49,4.65,有,NA,2023-10-14,881,24.33519034918180,23.44140572026750,26.31442660715050,0,48.50945101665480,63000060025,0.13006581226186400,0.4877034984412890,88.16,14986.37,46.27068690857610,30.900022663591000,0,0,0,0,0,0,0,0,0,0,13,13,0,5,1,1,1,7,0,14,"c(121.516861227116, 25.0755910924988)",臺北捷運圓山站_R14,619.5447821215170,3111.301951946180,3092.7450122309800,14
臺北市大同區昌吉街９９巷１６號,24250000,198705,45.18,0,63000,大同區,房地(土地+建物)+車位,25.0664750184242,121.511502005864,國慶里,15.61,住,NA,NA,1121007,土地1建物1車位1,三層,八層,華廈(10層含以下有電梯),住家用,鋼筋混凝土造,1051108,122.04,2,1,1,有,有,坡道平面,NA,RPXPMLRLIIIGFBA28DA,46.15,0,4.55,有,NA,2023-10-07,882,27.367237115499000,25.21195879590560,31.03969043003580,9.429725309929470,49.82562332578360,63000060018,0.1282435129740520,0.4880239520958080,88.9,38841.48,50.21402698379520,31.972341115583700,0,1,0,0,0,0,1,0,0,0,32,22,0,7,1,1,1,6,0,33,"c(121.511502005864, 25.0664750184242)",臺北捷運大橋頭站_O12,376.3918805607580,2141.8165474095800,2155.1499558246000,7
臺北市大同區歸綏街１７０號,5200000,166187,0,0,63000,大同區,房地(土地+建物),25.0580729986811,121.512545971904,延平里,4.01,商,NA,NA,1121024,土地1建物1車位0,十層,十一層,住宅大樓(11層含以上有電梯),住家用,鋼筋混凝土造,791011,31.29,1,1,1,有,有,NA,陽台外推；其他增建；,RPSOMLNKJIIGFBA27DA,20.1,3.21,1.1,有,582,2023-10-24,883,26.6303616011803,24.28910455714700,30.62535926261460,0,43.32609352257770,63000060010,0.09323741007194240,0.4253237410071940,89.67,41338.3,50.03927727806780,36.4886095693289,2,0,0,0,0,2,0,0,0,0,38,50,0,7,3,3,1,8,0,39,"c(121.512545971904, 25.0580729986811)",臺北捷運大橋頭站_O12,629.0099819821280,1211.455589335880,1236.252989125660,33
臺北市大同區歸綏街９７巷８號,7743333.333333330,198078,0,0,63000,大同區,房地(土地+建物),25.0591999874726,121.51586797159,雙連里,9.9,住,NA,NA,1121115,土地1建物1車位0,二層,七層,華廈(10層含以下有電梯),住家用,鋼筋混凝土造,841030,43.11,1,1,1,有,有,NA,其他增建；,RPXNMLMLJIIGFBA67DA,27.03,0.91,3.79,有,NA,2023-11-15,886,20.84976795120560,19.080427723225200,22.467972439272300,0,39.45089466494130,63000060011,0.10540505841571400,0.4455000641930930,91.17,43540.85,52.48167887200510,29.73017987512820,1,0,0,0,0,2,1,0,0,0,44,54,0,10,3,1,1,7,0,45,"c(121.51586797159, 25.0591999874726)",臺北捷運雙連站_R12,500.15764551332000,1293.6389809847900,1282.0890093193400,28
臺北市大同區民族西路１６９巷７號,21800000,183501.5,0,0,63000,大同區,房地(土地+建物),25.0691319979118,121.515465975513,至聖里,34.7,住,NA,NA,1121016,土地1建物1車位0,一層,五層,公寓(5樓含以下無電梯),住家用,鋼筋混凝土造,750515,118.8,2,2,1,有,無,NA,其他增建；,RPVNMLQLIIIGFBA77DA,106.29,12.51,0,無,802,2023-10-16,887,25.2745973925195,23.79523943238690,27.47601261137520,0,75.12806039480480,63000060022,0.10634218289085500,0.4446902654867260,90.09,32107.18,49.294639248429100,36.6384522296174,2,1,0,0,0,1,0,0,0,0,37,40,0,10,1,1,1,6,0,38,"c(121.515465975513, 25.0691319979118)",臺北捷運圓山站_R14,476.5123095518120,2393.795114377300,2382.1968359135600,37
臺北市大同區民族西路９０號,26950000,210448,0,0,63000,大同區,房地(土地+建物),25.0683757826073,121.517020064181,斯文里,29,商,NA,NA,1121009,土地1建物1車位0,四層,七層,華廈(10層含以下有電梯),住家用,鋼筋混凝土造,730130,128.06,3,2,2,有,有,NA,NA,RPWNMLRJJIIGFBA87DA,91.01,0,14.26,有,NA,2023-10-09,891,25.73534504188920,24.563883864507500,27.141735681675600,0.5,36.529312469856400,63000060020,0.09949794614331360,0.41647649475125500,93.27,46355.38,45.482295468412,33.760683750378300,1,1,0,0,0,1,0,0,0,0,32,29,0,7,1,1,1,4,0,33,"c(121.517020064181, 25.0683757826073)",臺北捷運圓山站_R14,385.92697500969100,2313.701856720400,2293.5077676952700,39
臺北市大同區民權西路１２２號,12500000,291852,0,0,63000,大同區,房地(土地+建物),25.0627169921355,121.516736001483,民權里,3.57,商,NA,NA,1121021,土地1建物1車位0,十三層,十四層,住宅大樓(11層含以上有電梯),住家用,鋼筋混凝土造,970623,42.83,1,1,1,有,有,NA,陽台外推；夾層；其他增建；,RPTNMLNJJIIGFBA17DA,24.17,1.4,3.8,有,629,2023-10-21,893,22.174097516123400,21.4,22.902778116176400,0,38.939125914473400,63000060013,0.13225058004640400,0.5027663751561660,88.29,31689.49,55.47091411461890,29.33979685379970,1,1,0,0,0,2,1,0,0,0,38,42,0,6,2,4,1,8,0,39,"c(121.516736001483, 25.0627169921355)",臺北捷運民權西路站_O11_R13,276.197364193095,1686.3003852364900,1666.8882262219800,15
臺北市大同區民權西路１４４巷５弄７號,17450000,161554,0,0,63000,大同區,房地(土地+建物),25.0623729988292,121.516425032875,民權里,10.86,商,NA,NA,1121002,土地2建物1車位0,六層,十七層,住宅大樓(11層含以上有電梯),住家用,鋼筋混凝土造,790323,121.26,0,1,1,有,有,NA,NA,RPRNMLSKIIIGFBA47DA,92.81,0,10.25,有,NA,2023-10-02,894,26.726908075654500,25.970491763366500,27.735120804157800,0.0641267566019273,53.156413114589100,63000060013,0.13225058004640400,0.5027663751561660,88.29,31689.49,55.47091411461890,29.33979685379970,1,1,0,0,0,2,1,0,0,0,37,40,0,7,2,3,1,7,0,38,"c(121.516425032875, 25.0623729988292)",臺北捷運民權西路站_O11_R13,308.1526665637270,1646.5935051030400,1629.5737112095300,33
臺北市大同區民權西路２６８號,24000000,293758,0,0,63000,大同區,房地(土地+建物),25.0627309899138,121.512017995823,南芳里,6.95,商,NA,NA,1121024,土地1建物1車位0,六層,十五層,住宅大樓(11層含以上有電梯),住家用,鋼筋混凝土造,1110209,81.7,1,2,1,有,有,NA,NA,RPWNMLNKJIIGFBA57DA,39.66,2.04,8.13,有,790,2023-10-24,895,26.699625808340900,24.344112535643400,30.66772908765160,0,46.0414175411373,63000060012,0.11104863649142500,0.4669665448411580,84.54,18627.69,51.70267299461640,30.245331369371900,1,1,0,0,0,2,1,0,0,0,33,37,0,8,3,2,2,8,0,35,"c(121.512017995823, 25.0627309899138)",臺北捷運大橋頭站_O12,200.13100440151000,1725.2916120967300,1741.8729456291300,1
臺北市大同區興城街７０號,33300000,308463,30.4,2500000,63000,大同區,房地(土地+建物)+車位,25.0592849799708,121.517379983104,雙連里,14.06,住,NA,NA,1121021,土地1建物1車位1,六層,十五層,住宅大樓(11層含以上有電梯),住家用,鋼筋混凝土造,1120119,130.25,2,2,1,有,有,坡道平面,NA,RPSOMLTLJIIGFBA97DA,57.69,2.45,9.46,有,NA,2023-10-21,898,22.027563671216200,21.31948171583140,22.8040306264462,0.06709857014048360,37.56303908519210,63000060011,0.10540505841571400,0.4455000641930930,91.17,43540.85,52.48167887200510,29.73017987512820,1,0,0,0,0,2,1,0,0,0,48,55,0,9,2,1,0,9,0,48,"c(121.517379983104, 25.0592849799708)",臺北捷運雙連站_R12,362.9780838908780,1313.8359159285800,1287.1689546224300,0
臺北市大同區萬全街４０巷１０號,15860000,263455,0,0,63000,大同區,房地(土地+建物),25.0580359925786,121.520101000331,雙連里,8.31,商,NA,NA,1121031,土地2建物1車位0,五層,八層,華廈(10層含以下有電梯),住家用,鋼筋混凝土造,771228,60.2,2,2,1,有,有,NA,陽台外推；,RPUNMLQJJIIGFBA57DA,44.88,0,8.09,有,NA,2023-10-31,901,23.79919524554110,22.1112896821197,25.97098524732800,0.1774206357605930,36.10267003601820,63000060011,0.10540505841571400,0.4455000641930930,91.17,43540.85,52.48167887200510,29.73017987512820,0,0,0,0,0,1,0,0,0,0,54,63,0,6,1,1,0,7,0,54,"c(121.520101000331, 25.0580359925786)",臺北捷運雙連站_R12,55.74352200792300,1246.1285537312400,1190.4974670515900,35
臺北市大同區迪化街二段１４６巷２之５號,5055370,111327,0,0,63000,大同區,房地(土地+建物),25.0667274431627,121.509170562762,國順里,7.3,住,NA,NA,1121002,土地2建物1車位0,四層,四層,公寓(5樓含以下無電梯),住家用,鋼筋混凝土造,630404,45.41,2,0,2,有,無,NA,親友、員工、共有人或其他特殊關係間之交易；,RPSNMLMLJIIGFBA27EA,37.14,0,8.27,無,NA,2023-10-02,903,26.78459652867720,26.08700685642960,27.846785954932100,0.06057402687092080,53.06170932183540,63000060017,0.07923076923076920,0.36153846153846200,101.51,22549.65,48.4817813519829,31.5789473524398,0,0,0,0,0,0,0,0,0,0,22,15,0,2,1,0,0,5,0,22,"c(121.509170562762, 25.0667274431627)",臺北捷運大橋頭站_O12,390.7833854697330,2227.2215259989400,2253.32858049913,49
臺北市大同區迪化街二段３０５號,12000000,153355,0,0,63000,大同區,房地(土地+建物),25.0737629994162,121.512630964402,老師里,22.8,住,NA,NA,1121020,土地1建物1車位0,四層,五層,公寓(5樓含以下無電梯),住家用,鋼筋混凝土造,680524,78.25,3,2,1,有,無,NA,陽台外推；,RPPNMLLLJIIGFBA86EA,69.8,0,8.45,無,NA,2023-10-20,904,25.067751102016600,22.400022224218700,28.053159662933000,1.208219685373160,64.22153738586170,63000060024,0.0822028750759263,0.3933994735776470,99.05,9039.46,45.38174051111010,31.84730378220840,2,0,0,0,0,0,0,0,0,0,20,17,0,8,1,1,1,4,0,21,"c(121.512630964402, 25.0737629994162)",臺北捷運圓山站_R14,803.8845606391890,2923.1569513580600,2923.4067964500600,44
臺北市大同區酒泉街１８９號,16500000,181938,0,0,63000,大同區,房地(土地+建物),25.0722250040026,121.51217498887,鄰江里,29.25,住,NA,NA,1121007,土地1建物1車位0,三層，陽臺,四層,公寓(5樓含以下無電梯),住家用,鋼筋混凝土造,600603,90.69,3,2,1,有,無,NA,陽台外推；,RPOOMLQJJIIGFBA07DA,90.69,0,0,無,849,2023-10-07,905,27.39390135831020,25.163659356585800,31.121491230404800,9.348296433799310,45.81322906047820,63000060021,0.090543994158452,0.4072654253377150,95.41,26505.65,50.416871002840400,34.3305541848135,2,0,0,0,0,0,0,0,0,0,27,19,0,9,2,1,1,3,0,28,"c(121.51217498887, 25.0722250040026)",臺北捷運圓山站_R14,793.2544670940670,2759.385266915720,2762.8081435649500,52
臺北市大同區酒泉街５０巷５號,17200000,168034,0,0,63000,大同區,房地(土地+建物),25.0712400046509,121.516715968734,至聖里,26.61,住,NA,NA,1121011,土地1建物1車位0,四層,五層,公寓(5樓含以下無電梯),住家用,鋼筋混凝土造,740408,102.36,3,2,2,有,無,NA,陽台外推；,RPRNMLKMJIIGFBA07EA,83.28,0,8.75,無,NA,2023-10-11,906,24.510157892630900,22.83514265501480,26.529305930512700,0,47.17359908690630,63000060022,0.10634218289085500,0.4446902654867260,90.09,32107.18,49.294639248429100,36.6384522296174,1,0,0,0,0,1,0,0,0,0,31,31,0,8,1,0,1,7,0,32,"c(121.516715968734, 25.0712400046509)",臺北捷運圓山站_R14,322.57340915041400,2629.1380416646800,2610.9049344195800,38
臺北市大同區重慶北路一段２９號,5600000,162413,0,0,63000,大同區,房地(土地+建物),25.0504760188286,121.513808035065,建明里,3.13,商,NA,NA,1121023,土地1建物1車位0,九層,十二層,住宅大樓(11層含以上有電梯),住家用,鋼筋混凝土造,771013,34.48,3,2,2,有,有,NA,NA,RPVNMLOLIIIGFBA57DA,26.62,0,1.87,有,NA,2023-10-23,907,25.77741397565040,24.349757678115600,28.419541951092500,0,29.48165269348970,63000060002,0.1271777003484320,0.4982578397212540,88.88,21435.49,60.61061058027500,43.64364362180000,1,0,0,0,0,3,0,0,0,2,58,50,0,4,2,2,0,5,0,58,"c(121.513808035065, 25.0504760188286)",臺北捷運北門站_G13,380.1160793381090,379.210404918077,446.4326342682780,35
臺北市大同區重慶北路三段２９６巷１０之１號,13700000,148913,0,0,63000,大同區,房地(土地+建物),25.0734959938906,121.513189031516,老師里,30.62,住,NA,NA,1121015,土地1建物1車位0,二層,四層,公寓(5樓含以下無電梯),住家用,鋼筋混凝土造,651102,92,3,2,2,有,無,NA,陽台外推；,RPOPMLQKIIIGFBA17DA,82.3,0,9.7,無,NA,2023-10-15,909,24.45305844093900,23.23194233887770,26.814615058475700,0,67.94706185483460,63000060024,0.0822028750759263,0.3933994735776470,99.05,9039.46,45.38174051111010,31.84730378220840,2,0,0,0,0,0,0,0,0,0,20,17,0,8,1,1,1,5,0,21,"c(121.513189031516, 25.0734959938906)",臺北捷運圓山站_R14,740.3741967732640,2888.2537528571300,2886.162944566430,47
臺北市大同區重慶北路二段６７號,20180000,184900,0,0,63000,大同區,房地(土地+建物),25.055738010004,121.514183963423,星明里,11.42,商,NA,NA,1121001,土地1建物1車位0,八層,十二層,住宅大樓(11層含以上有電梯),住家用,鋼筋混凝土造,720131,109.14,2,1,2,有,有,NA,陽台外推；其他增建；,RPPNMLOJIIIGFBA76DA,83.87,0,9.25,有,NA,2023-10-01,911,28.020405320575300,26.576812367738800,30.80628054425580,3.200473601333280,42.93631741977360,63000060007,0.12779357984559100,0.4819179195449000,87.53,37795.15,55.28262016500720,30.005282612254300,2,0,0,0,0,1,0,0,0,0,49,58,0,5,5,3,1,9,0,50,"c(121.514183963423, 25.055738010004)",臺北捷運中山站_G14_R11,609.1706821652750,922.9573371601790,937.259688210526,40
臺北市大安區仁愛路四段２６６巷１５弄１６號,30000000,166908,0,0,63000,大安區,房地(土地+建物),25.0365649932234,121.553847967439,敦煌里,35.45,住,NA,NA,1121025,土地1建物1車位0,一層,七層,華廈(10層含以下有電梯),住家用,鋼筋混凝土造,690920,179.74,0,0,0,無,有,NA,親友、員工、共有人或其他特殊關係間之交易；,RPQNMLQJKIIGFFA67DA,104.03,68.28,0,有,855,2023-10-25,915,25.67144600381610,23.977938224792500,29.14141072554360,0,24.914191327072600,63000030053,0.2323094867807150,0.6846811819595650,82.06,47555.77,72.34513272335590,42.256637156455600,1,0,0,0,0,1,1,0,0,0,53,151,0,20,1,1,1,1,0,54,"c(121.553847967439, 25.0365649932234)",臺北捷運信義安和站_R04,441.3060934831850,2831.994175121580,3918.010651229420,43
臺北市大安區仁愛路四段３０號,60000000,336833,0,0,63000,大安區,房地(土地+建物),25.0376260164369,121.546578007539,德安里,35.86,住,NA,NA,1121016,土地1建物1車位0,七層，陽臺,七層,華廈(10層含以下有電梯),住家用,鋼筋混凝土造,630813,178.13,0,2,2,有,無,NA,陽台外推；頂樓加蓋；,RPOOMLTJJIIGFFA77DA,178.13,0,0,有,NA,2023-10-16,916,24.79805969096870,23.26889072517270,27.348473463961100,0,81.93051993058490,63000030001,0.21177209886887300,0.658776707163804,83.86,37999.53,69.19330287086960,45.3272450394742,0,0,0,0,0,0,0,0,0,1,35,190,0,8,1,1,0,0,0,35,"c(121.546578007539, 25.0376260164369)",臺北捷運大安站_BR09_R05,640.9921671936700,3302.3395427673300,3186.7981996111000,49
臺北市大安區仁愛路四段３４５巷４弄４號,42000000,303030,0,0,63000,大安區,房地(土地+建物),25.038827017433400,121.553868000188,車層里,30.29,住,NA,NA,1121004,土地1建物1車位0,五層，陽臺,七層,華廈(10層含以下有電梯),住家用,鋼筋混凝土造,620813,138.6,3,2,2,有,無,NA,親友、員工、共有人或其他特殊關係間之交易；,RPSNMLRLIIIGFFA08EA,129.84,0,0,有,NA,2023-10-04,918,26.273955239101700,25.166122452511500,26.916776937313100,44.20684662819840,37.31512036769250,63000030055,0.19631440391124500,0.6487401278676190,82.24,49825.37,67.30132448474030,46.743929346925000,1,0,0,0,0,0,0,0,0,1,66,205,0,16,0,1,0,0,0,66,"c(121.553868000188, 25.0388270174334)",臺北捷運忠孝敦化站_BL16,346.47973528758800,2714.963263495080,3848.633020439170,50
臺北市大安區仁愛路四段５０之７３號,28150000,496999,0,0,63000,大安區,房地(土地+建物),25.0376006192703,121.54737847929200,德安里,9.11,住,NA,NA,1121023,土地4建物1車位0,十層，陽臺,十二層,住宅大樓(11層含以上有電梯),住家用,鋼筋混凝土造,600420,56.64,1,1,1,有,有,NA,陽台外推；,RPTOMLKLJIIGFFA57DA,56.64,0,0,有,NA,2023-10-23,921,25.427276748218700,23.736621327203000,28.312715622901400,0,28.14150666519360,63000030001,0.21177209886887300,0.658776707163804,83.86,37999.53,69.19330287086960,45.3272450394742,0,0,0,0,0,0,0,0,0,1,40,184,0,9,1,2,0,0,0,40,"c(121.547378479292, 25.0376006192703)",臺北捷運忠孝敦化站_BL16,596.1160010218310,3369.2456388702800,3263.5733294640900,52
臺北市大安區信義路三段１０５號,20940000,412619.5,12.59,600000,63000,大安區,房地(土地+建物)+車位,25.0337000168086,121.538879983844,和安里,4.69,商,NA,NA,1121007,土地2建物1車位1,十三層,十四層,住宅大樓(11層含以上有電梯),住家用,鋼筋混凝土造,960322,61.95,1,1,1,有,有,塔式車位,塔式車位位於地下第三層。夾層；其他增建；,RPPOMLPLIIIGFFA57DA,26.91,3.85,0,有,358,2023-10-07,922,27.149440700245000,24.885857101920200,30.92381765954430,11.335460516366200,37.73897448616670,63000030003,0.23346303501945500,0.6618323310930320,90.77,23228.85,59.958410337347900,30.637707941165000,0,0,0,0,0,0,1,0,0,0,17,41,0,2,0,1,0,1,1,17,"c(121.538879983844, 25.0337000168086)",臺北捷運大安森林公園站_R06,228.98303085152300,2794.9694456762300,2697.494737535120,16
臺北市大安區信義路三段１３４巷２９號,27000000,242001,0,0,63000,大安區,房地(土地+建物),25.0306560029419,121.539641982661,新龍里,29.11,住,NA,NA,1121026,土地1建物1車位0,一層,七層,華廈(10層含以下有電梯),住家用,鋼筋混凝土造,750814,111.57,2,2,2,有,無,NA,NA,RPTNMLSLJIIGFFA28DA,73.13,12.11,0,有,NA,2023-10-26,923,26.05199116900960,23.612229581109600,30.14002080517390,0,35.74815904724710,63000030023,0.24578893090409100,0.693021656926779,88.91,75272.89,60.63191880520480,34.17896678178530,0,0,0,0,0,2,1,0,0,0,24,62,0,4,0,1,0,0,1,24,"c(121.539641982661, 25.0306560029419)",臺北捷運大安站_BR09_R05,401.25744655262900,3053.4623201197000,2963.020594233840,37
臺北市大安區信義路三段１３４巷４３號,4560000,216114,0,0,63000,大安區,房地(土地+建物),25.0300409807963,121.539508039849,新龍里,6.3,住,NA,NA,1121019,土地1建物1車位0,三層,七層,華廈(10層含以下有電梯),住家用,鋼筋混凝土造,761222,21.09,3,2,2,有,有,NA,親友、員工、共有人或其他特殊關係間之交易；,RPPNMLKKJIIGFFA07EA,14.09,0.73,1.69,有,NA,2023-10-19,924,27.874301189563000,24.19200747576610,32.002739473233600,0,53.88778025139090,63000030023,0.24578893090409100,0.693021656926779,88.91,75272.89,60.63191880520480,34.17896678178530,0,0,0,0,0,2,1,0,0,0,22,51,0,4,0,1,0,0,1,22,"c(121.539508039849, 25.0300409807963)",臺北捷運大安站_BR09_R05,461.53124765117300,3085.081231151210,2996.5479466379900,36
臺北市大安區信義路三段１３４巷７８號,36550000,310614,0,0,63000,大安區,房地(土地+建物),25.0296169822242,121.538771019102,新龍里,22.93,住,NA,NA,1121003,土地1建物1車位0,十二層,十八層,住宅大樓(11層含以上有電梯),住家用,鋼筋混凝土造,750415,117.67,3,2,2,有,有,NA,陽台外推；其他增建；,RPPNMLPKIIIGFFA37DA,82.58,0.55,11.26,有,NA,2023-10-03,925,25.296250733858600,23.995644792784300,26.504337460784800,9.005598428915460,40.952349942407200,63000030023,0.24578893090409100,0.693021656926779,88.91,75272.89,60.63191880520480,34.17896678178530,0,0,0,0,0,2,1,0,0,0,22,35,0,3,0,1,0,0,0,22,"c(121.538771019102, 25.0296169822242)",臺北捷運大安森林公園站_R06,469.2259128235870,3057.792975572210,2971.930820156600,37
臺北市大安區信義路三段１４７巷１１弄８號,28800000,438223,0,0,63000,大安區,房地(土地+建物),25.0347000197669,121.542442963246,和安里,13.52,住,NA,NA,1121105,土地2建物2車位0,一層,七層,華廈(10層含以下有電梯),住家用,鋼筋混凝土造,1030819,65.72,1,1,1,有,有,NA,陽台外推；,RPPNMLPJKIIGFFA47DA,28.24,2.12,0,有,161,2023-11-05,926,27.052385438157300,23.740556869435900,31.9419442760404,0,45.437551477232500,63000030003,0.23346303501945500,0.6618323310930320,90.77,23228.85,59.958410337347900,30.637707941165000,0,0,0,0,0,0,0,0,0,0,26,88,0,7,2,1,0,0,1,26,"c(121.542442963246, 25.0347000197669)",臺北捷運大安站_BR09_R05,156.51600714096400,3048.8753725306400,2943.467413241570,9
臺北市大安區信義路二段１２號,21660000,406074,0,0,63000,大安區,房地(土地+建物),25.0349089806131,121.524911961297,光明里,5.18,商,NA,NA,1121019,土地2建物1車位0,五層,十三層,住宅大樓(11層含以上有電梯),住家用,鋼筋混凝土造,970908,53.34,1,1,1,有,有,NA,陽台外推；其他增建；,RPWNMLSLJIIGFFA58DA,23.37,1.23,6.94,有,NA,2023-10-19,927,28.00176838802640,24.354134792560200,32.451921080768400,0,53.97655887747700,63000030019,0.24776785714285700,0.6747448979591840,92.77,32023.95,64.78243185653420,27.531516865583000,0,0,0,0,0,1,1,0,0,0,25,34,0,4,0,4,0,0,0,25,"c(121.524911961297, 25.0349089806131)",臺北捷運東門站_O06_R07,82.28161079912630,1677.669382072010,1624.1815998412500,15
臺北市大安區信義路二段６６號,52000000,467616.5,40.14,2800000,63000,大安區,房地(土地+建物)+車位,25.034332076564,121.526175151493,光明里,10.33,商,NA,NA,1121019,土地2建物1車位1,四層,二十一層,住宅大樓(11層含以上有電梯),住家用,鋼骨鋼筋混凝土造,1080903,128.35,1,1,1,有,有,坡道平面,NA,RPTNMLNJJIIGFFA57DA,54.05,0,4.93,有,NA,2023-10-19,928,28.004271431451200,24.363182376847800,32.44094790897870,0,53.965248045611100,63000030019,0.24776785714285700,0.6747448979591840,92.77,32023.95,64.78243185653420,27.531516865583000,0,0,0,0,0,1,1,0,0,0,25,46,0,7,0,4,0,0,0,25,"c(121.526175151493, 25.034332076564)",臺北捷運東門站_O06_R07,214.54884185300400,1802.846605379310,1744.3912743990400,4
臺北市大安區光復南路２０２號,24500000,292747,0,0,63000,大安區,房地(土地+建物),25.041949988828,121.557489988188,華聲里,9.99,商,NA,NA,1121022,土地7建物1車位0,三層,十二層,住宅大樓(11層含以上有電梯),住家用,鋼筋混凝土造,660718,83.69,2,2,1,有,有,NA,NA,RPTOMLLLJIIGFFA67DA,63.66,0,9.63,有,NA,2023-10-22,935,22.987999822349800,21.23857318645300,24.438011190377200,0,29.862593058300400,63000030054,0.1984126984126980,0.6232993197278910,85.5,29521.05,64.76306194217780,42.891859034875700,0,0,0,0,0,0,0,0,0,0,40,116,0,5,0,1,0,1,0,40,"c(121.557489988188, 25.041949988828)",臺北捷運國父紀念館站_BL17,99.80815613551520,2242.9365477703200,4136.153577124540,46
臺北市大安區光復南路４２０巷５號,27500000,275165,0,0,63000,大安區,房地(土地+建物),25.0363530148921,121.556661017964,光信里,18.42,住,NA,NA,1121102,土地1建物1車位0,六層,七層,華廈(10層含以下有電梯),住家用,鋼筋混凝土造,700105,99.94,3,2,2,有,有,NA,陽台外推；,RPTNMLQJKIIGFFA97DA,81.48,0,14.54,有,NA,2023-11-02,936,26.31172954103790,23.402438563929400,30.12213763725940,0,30.614377723220000,63000030056,0.20247469066366700,0.6458299855375220,85.4,53212.6,66.82027648229950,43.38709676419650,0,0,0,0,0,0,1,0,0,0,46,98,0,14,0,1,1,1,0,47,"c(121.556661017964, 25.0363530148921)",臺北捷運國父紀念館站_BL17,543.7007320072930,2601.869230286480,4195.428938542090,42
臺北市大安區光復南路６２６號,32000000,257773,0,0,63000,大安區,房地(土地+建物),25.0317845842949,121.55727516001,通化里,8.61,商,NA,NA,1121110,土地1建物1車位0,十一層,十五層,住宅大樓(11層含以上有電梯),住家用,鋼筋混凝土造,690119,124.14,3,2,2,有,有,NA,NA,RPQNMLRKJIIGFFA77DA,107.54,0,6.03,有,70,2023-11-10,938,24.640507909918700,21.797102076835100,30.381864128646800,0.8596411187082200,52.265301590278100,63000030031,0.13405797101449300,0.5110602593440120,89.09,49982.34,50.9482316630066,34.392619160842500,0,0,0,0,0,0,2,0,0,0,49,71,0,15,0,2,1,2,0,50,"c(121.55727516001, 25.0317845842949)",臺北捷運信義安和站_R04,568.7895873628780,2863.775899563230,4430.242500557510,43
臺北市大安區光復南路６８８號,13980000,361334,0,0,63000,大安區,房地(土地+建物),25.0300170085533,121.557228975723,通化里,3.26,商,NA,NA,1121014,土地3建物1車位0,三層,十四層,住宅大樓(11層含以上有電梯),住家用,鋼筋混凝土造,1060515,38.69,1,1,1,有,有,NA,NA,RPPNMLNJJIIGFFA17DA,24.11,2.21,0,有,621,2023-10-14,939,23.669124905021600,22.693514766380000,26.207233048175300,0,43.87458375165470,63000030031,0.13405797101449300,0.5110602593440120,89.09,49982.34,50.9482316630066,34.392619160842500,0,1,0,0,0,0,2,0,0,0,48,58,0,12,0,2,0,2,0,48,"c(121.557228975723, 25.0300170085533)",臺北捷運信義安和站_R04,641.2413978306100,3002.525338629730,4507.4101989220400,6
臺北市大安區和平東路一段１７７之２號,40300000,293989,0,0,63000,大安區,房地(土地+建物),25.0265170191538,121.532222992523,龍安里,14.65,商,NA,NA,1121009,土地3建物1車位0,六層,十二層,住宅大樓(11層含以上有電梯),住家用,鋼筋混凝土造,670809,137.08,3,2,2,有,有,NA,其他增建；,RPVNMLKMIIIGFFA67DA,115.9,0,6.11,有,NA,2023-10-09,941,25.19015720970120,24.286227595421000,26.53130973642340,1.8521971248388200,36.19968449441140,63000030015,0.2221723518850990,0.6098144823459010,98.9,45223.46,61.610032349998000,35.194174750163000,0,0,0,0,1,0,1,0,0,0,24,51,0,6,1,1,0,1,0,24,"c(121.532222992523, 25.0265170191538)",臺北捷運台電大樓站_G08,787.8874728402280,2861.9763204071400,2802.6217196272300,45
臺北市大安區和平東路一段１８５號,36800000,407350,0,0,63000,大安區,房地(土地+建物),25.0264350022312,121.53310099688,龍安里,7.8,商,NA,NA,1121114,土地1建物1車位0,八層,十四層,住宅大樓(11層含以上有電梯),住家用,鋼筋混凝土造,970519,90.34,1,2,1,有,有,NA,陽台外推；,RPUNMLQJKIIGFFA08DA,51.44,5.89,6.54,有,184,2023-11-14,943,19.087060075172400,18.551719916351900,19.874003346093700,0.3707002091202290,30.673346752365200,63000030015,0.2221723518850990,0.6098144823459010,98.9,45223.46,61.610032349998000,35.194174750163000,0,0,0,0,0,0,1,0,0,0,24,50,0,6,1,1,0,1,0,24,"c(121.53310099688, 25.0264350022312)",臺北捷運台電大樓站_G08,832.6700446747700,2921.7210980011100,2859.668361093320,15
臺北市大安區和平東路一段２４８巷１７號,36700000,284717,0,0,63000,大安區,房地(土地+建物),25.0239599938616,121.532749962775,龍坡里,26.74,住,NA,NA,1121105,土地1建物1車位0,二層,七層,華廈(10層含以下有電梯),住家用,鋼筋混凝土造,720125,128.9,4,2,2,有,有,NA,前、後陽台外推。陽台外推；,RPTNMLRJJIIGFFA97DA,83.01,0,18.15,有,NA,2023-11-05,944,27.11500079354600,23.840272701601900,31.50183956872190,0,46.599192653721600,63000030011,0.30470685383980200,0.7260528488852190,86.59,40154.32,67.89519145755970,39.47595737417910,0,0,0,0,0,0,1,0,0,0,26,58,0,6,1,1,0,0,0,26,"c(121.532749962775, 25.0239599938616)",臺北捷運台電大樓站_G08,613.7221004351040,3125.5763137708800,3070.6007530814900,40
臺北市大安區和平東路三段１巷３８號,26200000,252457,0,0,63000,大安區,房地(土地+建物),25.0264290091705,121.546620000874,群英里,19.94,住,NA,NA,1121108,土地1建物1車位0,十四層,十五層,住宅大樓(11層含以上有電梯),住家用,鋼筋混凝土造,740522,103.78,3,2,1,有,有,NA,NA,RPSNMLQJKIIGFFA97EA,75.58,1.26,7.07,有,185,2023-11-08,946,25.388576522276200,22.574272684342700,28.976237342298400,0,42.498205262465800,63000030037,0.2265945236924090,0.6568289883587470,83.69,98228.48,58.26882475761930,43.0682617773708,1,0,0,0,1,0,0,0,0,1,42,74,0,11,0,1,0,2,3,42,"c(121.546620000874, 25.0264290091705)",臺北捷運科技大樓站_BR08,300.0796316879070,3897.425445990380,3805.2184632179200,38
臺北市大安區和平東路三段２２８巷６８號,26200000,241097,0,0,63000,大安區,房地(土地+建物),25.020980981654,121.553353016057,芳和里,23.21,住,NA,NA,1121102,土地1建物1車位0,五層,七層,華廈(10層含以下有電梯),住家用,鋼筋混凝土造,730906,108.67,3,2,2,有,無,NA,陽台外推；,RPRNMLRJJIIGFFA77DA,92.5,0,10.8,有,NA,2023-11-02,948,26.155231838038400,22.94349427264010,30.17566282560400,0,31.579071830305400,63000030044,0.15375253549695700,0.5322515212981740,89.27,19800.23,52.05744268101150,36.150234731800500,0,0,0,0,0,0,1,0,0,0,33,53,0,16,2,1,4,0,2,37,"c(121.553353016057, 25.020980981654)",臺北捷運六張犁站_BR07,306.516966577831,4010.567943091450,4712.7217472831200,39
臺北市大安區和平東路三段４５２號,26280000,304106,36.99,2800000,63000,大安區,房地(土地+建物)+車位,25.0173111485788,121.559852083651,黎和里,13.29,住,NA,NA,1121105,土地1建物1車位1,四層,十三層,住宅大樓(11層含以上有電梯),住家用,鋼筋混凝土造,1090804,114.2,2,1,1,有,有,坡道平面,其他增建；,RPOOMLRJJIIGFFA57DA,45.63,0,3.21,有,27,2023-11-05,950,26.523963729226800,22.654738654689500,32.36225804650060,0,46.75479772626410,63000030048,0.14923189465983900,0.5469397707876130,85.69,9088.47,46.76633082653030,33.27916800998400,0,0,0,0,0,0,1,0,0,0,12,7,0,1,0,0,1,1,0,13,"c(121.559852083651, 25.0173111485788)",臺北捷運麟光站_BR06,170.91821301005100,3990.97847583201,5479.357003987150,3
臺北市大安區和平東路三段９７之１號,15000000,124419,0,0,63000,大安區,房地(土地+建物),25.0246090046245,121.550842971332,全安里,12.24,商,NA,NA,1121006,土地1建物1車位0,八層,十二層,住宅大樓(11層含以上有電梯),住家用,鋼筋混凝土造,750227,120.56,3,2,2,有,無,NA,親友、員工、共有人或其他特殊關係間之交易；陽台外推；,RPPNMLLJJIIGFFA07EA,82.77,0,16.53,有,NA,2023-10-06,951,26.93798584494170,25.651035024803300,28.35188124015100,1.3497374854109500,35.32258979151640,63000030035,0.20147874306839200,0.657776604172168,85.34,32157.52,63.9611650237044,47.06796114676970,1,0,0,0,0,0,0,0,0,1,43,62,0,11,1,1,1,1,2,44,"c(121.550842971332, 25.0246090046245)",臺北捷運六張犁站_BR07,225.71144502858100,3881.917013882190,4266.111220672360,37
臺北市大安區和平東路二段１７５巷１８號,25000000,388813,16.08,2200000,63000,大安區,房地(土地+建物)+車位,25.0256400206246,121.541609969708,龍生里,12.61,商,NA,NA,1121011,土地2建物1車位1,六層,十層,華廈(10層含以下有電梯),住家用,鋼筋混凝土造,990113,74.72,2,1,1,有,有,升降機械,陽台外推；夾層；,RPROMLTJJIIGFFA08DA,25.25,5.09,4.3,有,573,2023-10-11,952,23.92721427359470,22.2996182824996,26.285799605478700,0.17995232114444300,43.65283341935820,63000030028,0.24196428571428600,0.675,88.12,54931.51,63.666666651507900,33.33333332539680,0,0,0,0,1,0,0,0,0,0,38,61,0,13,0,1,0,1,3,38,"c(121.541609969708, 25.0256400206246)",臺北捷運科技大樓站_BR08,213.79472339326300,3564.7264339467800,3482.838872368800,13
臺北市大安區和平東路二段２６５巷６０號,33500000,341314,0,0,63000,大安區,房地(土地+建物),25.0281190103982,121.544005014721,群賢里,31.75,商,NA,NA,1121021,土地1建物1車位0,一層,四層,公寓(5樓含以下無電梯),住家用,鋼筋混凝土造,601201,98.15,0,0,0,無,無,NA,NA,RPRNMLQJKIIGFFA87EA,98.15,0,0,無,NA,2023-10-21,953,21.32377760276720,20.49852935638580,22.448962013633300,0.38946673768683000,34.86038029107960,63000030036,0.1913453650533220,0.6449958982772760,81.68,38047.17,63.35329339420560,45.98802393832690,0,0,0,0,1,2,0,0,0,0,35,85,0,13,1,1,0,2,3,35,"c(121.544005014721, 25.0281190103982)",臺北捷運科技大樓站_BR08,227.27497218485500,3573.986786813870,3482.097819053440,52
臺北市大安區和平東路二段７６巷３１弄１５號,15000000,284037,0,0,63000,大安區,房地(土地+建物)+車位,25.022157004579,121.53939102848,龍淵里,14.6,住,NA,NA,1121014,土地1建物1車位1,二層,六層,華廈(10層含以下有電梯),住家用,鋼筋混凝土造,831125,52.81,1,1,1,有,無,升降機械,其他增建；,RPUNMLLJJIIGFFA47DA,24.93,1.25,1.77,有,647,2023-10-14,954,23.905492387866700,23.073957192532200,25.965031891774100,0,45.50239479187120,63000030040,0.26631416043332500,0.6886768119680170,88.9,56330.83,63.81623070693890,30.013413811198300,0,0,0,0,0,0,0,0,0,0,17,28,0,4,0,1,0,0,0,17,"c(121.53939102848, 25.022157004579)",臺北捷運科技大樓站_BR08,613.4168104331350,3688.6274039477200,3619.281651657570,29
臺北市大安區四維路１７０巷３６號,12680000,311395,0,0,63000,大安區,房地(土地+建物),25.0281780189966,121.546319006731,群英里,7.69,住,NA,NA,1121009,土地1建物1車位0,四層,八層,華廈(10層含以下有電梯),住家用,鋼筋混凝土造,980115,40.72,1,1,1,有,有,NA,陽台外推；其他增建；,RPTOMLMJJIIGFFA57DA,21.38,2.31,2.67,有,620,2023-10-09,955,24.526873720634600,23.548735335527800,25.669785570433000,6.627417990028770,35.60844476518440,63000030037,0.2265945236924090,0.6568289883587470,83.69,98228.48,58.26882475761930,43.0682617773708,1,0,0,0,1,2,0,0,0,1,38,73,0,11,1,1,0,2,3,38,"c(121.546319006731, 25.0281780189966)",臺北捷運科技大樓站_BR08,353.5013411174060,3759.451923638860,3663.9763419929300,14
臺北市大安區四維路６６巷２號,52520000,302482,0,0,63000,大安區,房地(土地+建物)+車位,25.0345929828634,121.548001003241,德安里,28.19,住,NA,NA,1121024,土地1建物1車位1,十一層,十六層,住宅大樓(11層含以上有電梯),住家用,鋼筋混凝土造,840915,173.63,3,2,2,有,有,坡道平面,其他增建；,RPOOMLNKJIIGFFA27DA,88.84,1.23,11.4,有,NA,2023-10-24,956,26.191757282016300,23.74817881757880,30.561196948358600,0,34.43389935723460,63000030001,0.21177209886887300,0.658776707163804,83.86,37999.53,69.19330287086960,45.3272450394742,0,0,0,0,0,1,0,0,0,0,35,127,0,13,2,1,0,2,0,35,"c(121.548001003241, 25.0345929828634)",臺北捷運信義安和站_R04,421.1251167000330,3454.34977086625,3448.8494262406000,28
臺北市大安區基隆路三段６號,31280000,236504,0,0,63000,大安區,房地(土地+建物),25.0206700130462,121.548073003789,臥龍里,22.64,住,NA,NA,1121029,土地3建物1車位0,三層,七層,華廈(10層含以下有電梯),住家用,鋼筋混凝土造,720110,132.26,3,2,2,有,有,NA,其他增建；,RPSNMLOKJIIGFFA67DA,91.52,0,22.02,有,NA,2023-10-29,957,22.349143740584900,21.66779143146490,23.663331397249500,0.3944476712508680,39.72396254495000,63000030039,0.24827188940092200,0.6705069124423960,85.69,11233.31,71.8652037054348,36.05015671155940,0,0,0,0,0,0,0,0,0,0,22,20,0,4,1,0,0,1,0,22,"c(121.548073003789, 25.0206700130462)",臺北捷運六張犁站_BR07,588.070813220179,4388.801133334110,4334.4304082275000,40
臺北市大安區基隆路二段１８８號,24650000,286269,13.81,1800000,63000,大安區,房地(土地+建物)+車位,25.0249369884957,121.552885976412,法治里,6.9,商,NA,NA,1121001,土地1建物2車位1,十一層,十四層,住宅大樓(11層含以上有電梯),住家用,鋼筋混凝土造,980109,93.63,2,2,2,有,有,塔式車位,塔式車位位於地下三層。陽台外推；夾層；其他增建；,RPPOMLKMIIIGFFA17DA,43.98,5.12,2.99,有,NA,2023-10-01,959,27.27863065496140,25.377484348415700,30.31146162569820,7.478569034411230,44.6642842535824,63000030034,0.1906856403622250,0.6131953428201810,86.29,39812.66,56.28571426561220,38.0357142721301,1,1,0,0,0,0,1,0,0,1,40,72,0,11,1,1,1,0,2,41,"c(121.552885976412, 25.0249369884957)",臺北捷運六張犁站_BR07,135.957625299754,3711.481781675290,4412.118550468410,14
臺北市大安區大安路一段１６巷３之１號,19800000,322371,0,0,63000,大安區,房地(土地+建物),25.0442079897245,121.546018012588,光武里,12.03,住,NA,NA,1121028,土地1建物1車位0,三層,七層,華廈(10層含以下有電梯),住家用,鋼筋混凝土造,730216,61.42,1,1,1,有,有,NA,陽台外推；其他增建；,RPPOMLRKJIIGFFA77DA,47.67,0,5.64,有,829,2023-10-28,960,21.65948081930060,20.12670453003420,23.214841756068800,5.229619162629700,38.94834175009060,63000030010,0.18282591725214700,0.6106167056986730,81.38,36622.23,66.71963676124410,45.40295118152030,0,0,0,0,0,2,0,0,0,5,45,153,0,17,1,1,0,2,0,45,"c(121.546018012588, 25.0442079897245)",臺北捷運忠孝敦化站_BL16,660.7054099388360,3080.4731098735400,2954.696762094910,39
臺北市大安區大安路一段２０２號,18800000,503577,16.75,1200000,63000,大安區,房地(土地+建物)+車位,25.0349950208492,121.545864959036,德安里,5.26,住,NA,NA,1121028,土地1建物1車位1,九層,十二層,住宅大樓(11層含以上有電梯),住家用,鋼筋混凝土造,971028,51.71,1,1,1,有,有,塔式車位,夾層；其他增建；,RPTNMLKMJIIGFFA57DA,19.79,2.73,0,有,NA,2023-10-28,961,21.58310959473960,19.930345377669600,23.252536585830300,5.838313386545770,39.90464281853620,63000030001,0.21177209886887300,0.658776707163804,83.86,37999.53,69.19330287086960,45.3272450394742,0,0,0,0,0,0,0,0,0,0,33,137,0,10,2,1,0,1,1,33,"c(121.545864959036, 25.0349950208492)",臺北捷運大安站_BR09_R05,399.85030753561700,3344.59986788864,3234.913837296500,15
臺北市大安區安和路一段１２７巷２９弄１３號,36888000,305744,0,0,63000,大安區,房地(土地+建物),25.035648013016,121.553586032965,敦煌里,26.33,住,NA,NA,1121022,土地1建物1車位0,四層,七層,華廈(10層含以下有電梯),住家用,鋼筋混凝土造,680316,120.65,2,2,1,有,有,NA,NA,RPQNMLSLJIIGFFA97DA,91.04,0,10.89,有,NA,2023-10-22,964,22.9915270063041,21.250940429292100,24.431939333313700,0,30.55231999641520,63000030053,0.2323094867807150,0.6846811819595650,82.06,47555.77,72.34513272335590,42.256637156455600,1,0,0,0,0,1,1,0,0,0,47,141,0,18,1,1,1,2,0,48,"c(121.553586032965, 25.035648013016)",臺北捷運信義安和站_R04,339.96563565489000,2906.1828548285100,3926.213592420120,44
臺北市大安區安和路一段１２７巷２９弄１５號,25000000,536826,0,0,63000,大安區,房地(土地+建物),25.0357369869183,121.553519983568,敦煌里,8.08,住,NA,NA,1121026,土地1建物1車位0,一層,七層,華廈(10層含以下有電梯),住家用,鋼筋混凝土造,680316,46.57,0,0,0,無,有,NA,親友、員工、共有人或其他特殊關係間之交易；,RPQNMLSJJIIGFFA77DA,36.62,4.04,0,有,498,2023-10-26,965,25.876036172683400,23.35965762238480,30.135693629431900,0,33.27186502442520,63000030053,0.2323094867807150,0.6846811819595650,82.06,47555.77,72.34513272335590,42.256637156455600,1,0,0,0,0,1,1,0,0,0,48,144,0,18,1,1,1,2,0,49,"c(121.553519983568, 25.0357369869183)",臺北捷運信義安和站_R04,344.9970378913730,2906.8175932973500,3916.6060634537200,44
臺北市大安區安和路一段２１巷２６號,17000000,137230,0,0,63000,大安區,房地(土地+建物)+車位,25.0393199990687,121.551613016777,建倫里,22.82,住,NA,NA,1121117,土地3建物1車位1,二層,六層,華廈(10層含以下有電梯),住家用,鋼筋混凝土造,780831,123.88,3,2,2,有,有,坡道平面,親友、員工、共有人或其他特殊關係間之交易；,RPRNMLTLJIIGFFA28EA,99.6,3.44,7.81,有,NA,2023-11-17,966,16.904717269391300,14.473170989562500,19.32217595596550,0.02326527235981530,57.4472832093308,63000030050,0.19826254826254800,0.6476833976833980,80.4,36368.29,71.4850366822459,46.24505927548140,2,0,0,0,0,0,0,0,0,2,59,230,0,13,0,1,0,0,0,59,"c(121.551613016777, 25.0393199990687)",臺北捷運忠孝敦化站_BL16,215.10903412652000,2901.6152534186000,3614.6781822122000,34
臺北市大安區安和路二段１８１巷２號,58500000,262638,0,0,63000,大安區,房地(土地+建物)+車位,25.0272009824529,121.550183986104,全安里,19.27,住,NA,NA,1121007,土地2建物1車位1,十五層,十七層,住宅大樓(11層含以上有電梯),住家用,鋼筋混凝土造,790123,222.74,3,2,2,有,有,坡道平面,NA,RPSNMLLMIIIGFFA47DA,173.2,4.84,11.4,有,NA,2023-10-07,967,27.103196320873900,24.88030119767850,30.824977900461500,12.407925744111900,36.86925299026130,63000030035,0.20147874306839200,0.657776604172168,85.34,32157.52,63.9611650237044,47.06796114676970,1,1,0,0,0,0,0,0,0,1,40,62,0,15,0,2,0,1,2,40,"c(121.550183986104, 25.0272009824529)",臺北捷運六張犁站_BR07,471.0825141429140,3736.170433600520,4045.383580425450,33
臺北市大安區安和路二段１８９巷８號,21000000,221192,0,0,63000,大安區,房地(土地+建物),25.0266409875018,121.55074699854,全安里,40.88,都市：其他:道路用地(公共設施用地)。61/4/24,NA,NA,1121008,土地2建物1車位0,四層，陽臺,四層,公寓(5樓含以下無電梯),住家用,鋼筋混凝土造,641021,94.94,3,2,2,有,無,NA,親友、員工、共有人或其他特殊關係間之交易；陽台外推；,RPPNMLOJKIIGFFA47EA,94.94,0,0,無,NA,2023-10-08,968,24.98618723017720,24.267257557657400,26.188863215860500,17.308259348270600,34.08872300748490,63000030035,0.20147874306839200,0.657776604172168,85.34,32157.52,63.9611650237044,47.06796114676970,1,1,0,0,0,0,0,0,0,1,40,63,0,12,0,0,1,0,2,41,"c(121.55074699854, 25.0266409875018)",臺北捷運六張犁站_BR07,387.8755707458110,3734.5422639373900,4127.254186523860,48
臺北市大安區安和路二段２２７巷１號,26570000,265488,0,0,63000,大安區,房地(土地+建物),25.0254899845577,121.550485986076,全安里,26.39,住,NA,NA,1121002,土地3建物1車位0,二層,五層,公寓(5樓含以下無電梯),住家用,鋼筋混凝土造,661207,100.08,2,2,2,有,無,NA,陽台外推；,RPTNMLNLIIIGFFA67DA,80.39,0,19.69,無,NA,2023-10-02,969,26.122874459134900,24.94094593062520,27.55259557610550,1.002028262652050,46.28895663827880,63000030035,0.20147874306839200,0.657776604172168,85.34,32157.52,63.9611650237044,47.06796114676970,1,1,0,0,0,0,0,0,0,1,40,65,0,9,0,1,1,1,2,41,"c(121.550485986076, 25.0254899845577)",臺北捷運六張犁站_BR07,309.5091733358560,3840.236692836940,4179.202413491490,46
臺北市大安區安和路二段３５巷３號,49980000,345190,0,0,63000,大安區,房地(土地+建物),25.0318220094926,121.552837026097,通安里,26,住,NA,NA,1121012,土地2建物1車位0,七層,七層,華廈(10層含以下有電梯),住家用,鋼筋混凝土造,741230,144.79,3,2,2,有,有,NA,NA,RPUNMLKLIIIGFFA47DA,116.72,6.61,13.75,有,727,2023-10-12,970,25.08573371367290,23.263895563056100,27.43727483949330,0,41.00166923343030,63000030032,0.1446272164067510,0.5283059175389870,87.3,44348.27,52.95840654570640,37.111892197682500,0,1,0,0,0,1,1,0,0,0,41,90,0,16,1,2,0,2,0,41,"c(121.552837026097, 25.0318220094926)",臺北捷運信義安和站_R04,170.12655870214900,3206.360545184950,4021.345291538530,38
臺北市大安區安居街４號,26100000,206145,0,0,63000,大安區,房地(土地+建物),25.0213740090939,121.555192005613,黎孝里,14.12,住,NA,NA,1121011,土地1建物1車位0,十一層,十二層,住宅大樓(11層含以上有電梯),住家用,鋼筋混凝土造,730420,126.61,3,2,2,有,有,NA,NA,RPQNMLTJJIIGFFA97EA,93.28,0,10.76,有,NA,2023-10-11,973,23.52208507740080,21.896463690593300,26.02498654474060,0.38381194081817900,42.91355420221120,63000030047,0.13913174555321100,0.5440156768164000,87.8,26731.36,56.286795614742100,39.486963826853000,1,0,0,0,0,0,1,0,0,0,34,45,0,13,1,1,4,0,2,38,"c(121.555192005613, 25.0213740090939)",臺北捷運六張犁站_BR07,350.4583591094760,3862.195769041070,4832.276578470790,39
臺北市大安區安東街４０巷４５號,29000000,268022,0,0,63000,大安區,房地(土地+建物),25.0442069838961,121.540541025596,昌隆里,27.25,住,NA,NA,1121014,土地2建物1車位0,四層,四層,公寓(5樓含以下無電梯),住家用,鋼筋混凝土造,640502,108.2,3,2,1,有,無,NA,頂樓加蓋；,RPXNMLTJJIIGFFA58DA,108.2,0,0,無,NA,2023-10-14,974,23.84350334022720,23.020086374997200,25.872822723448600,0,42.82838194112160,63000030008,0.20771513353115700,0.6461424332344210,85.64,21789.85,66.41876426406250,54.233409579958,0,0,0,0,1,0,2,0,0,4,38,75,0,12,1,1,1,1,0,39,"c(121.540541025596, 25.0442069838961)",臺北捷運忠孝新生站_BL14_O07,784.1706811859540,2532.621205107570,2407.795598009910,48
臺北市大安區師大路５９巷９號,13700000,422058,0,0,63000,大安區,房地(土地+建物),25.0240239896923,121.529127974775,龍泉里,8.48,商,NA,NA,1121029,土地1建物1車位0,五層,七層,華廈(10層含以下有電梯),住家用,鋼筋混凝土造,951214,32.46,1,1,1,有,有,NA,夾層；含租約；,RPUOMLLJJIIGFFA57DA,19.39,1.69,0,有,NA,2023-10-29,977,23.059109270650000,22.494040342572100,23.748752471115900,0.5837319149517950,39.88818940171830,63000030012,0.26726798006171400,0.6779017327320200,87.39,53925.29,64.88525618834160,32.442628094170800,0,0,0,0,1,0,1,0,0,0,21,60,0,6,1,3,0,1,1,21,"c(121.529127974775, 25.0240239896923)",臺北捷運台電大樓站_G08,400.9296800561980,2934.0472566145200,2891.7017603322100,17
臺北市大安區師大路８０巷３號,28000000,370959,0,0,63000,大安區,房地(土地+建物),25.0234160083455,121.52792600986,古莊里,33,住,NA,NA,1121003,土地1建物1車位0,一層,四層,公寓(5樓含以下無電梯),住家用,鋼筋混凝土造,600720,75.48,1,1,1,有,無,NA,NA,RPPNMLTJJIIGFFA87EA,75.48,0,0,無,NA,2023-10-03,978,25.473714318664300,24.280890925875200,26.66897664259200,7.534820048106780,39.466712745588200,63000030014,0.25145922069727100,0.6887521691118470,84.58,34018.47,61.153846140779100,35.448717941143400,0,0,0,0,1,0,1,0,0,0,25,65,0,8,1,2,1,0,1,26,"c(121.52792600986, 25.0234160083455)",臺北捷運台電大樓站_G08,315.24195997316900,2941.0713451505600,2904.5941027067800,52
臺北市大安區延吉街１６２號,35000000,232126,0,0,63000,大安區,房地(土地+建物),25.0392150157314,121.554947002584,車層里,28.71,住,NA,NA,1121104,土地1建物1車位0,四層,七層,華廈(10層含以下有電梯),住家用,鋼筋混凝土造,690205,150.78,4,2,2,有,有,NA,NA,RPRNMLKMJIIGFFA37DA,109.97,0,9.43,有,NA,2023-11-04,980,27.04435156708330,23.453611389919000,31.26324835533390,0,34.58707104215080,63000030055,0.19631440391124500,0.6487401278676190,82.24,49825.37,67.30132448474030,46.743929346925000,1,0,0,0,0,0,0,0,0,1,63,184,0,14,0,1,0,0,0,63,"c(121.554947002584, 25.0392150157314)",臺北捷運忠孝復興站_BL15_BR10,282.340971406956,2598.1360484318900,3943.5928392146400,43
臺北市大安區建國南路一段３０８號,28880000,441590,0,0,63000,大安區,房地(土地+建物),25.0355672952885,121.537427316204,民炤里,8.2,住,NA,NA,1121008,土地2建物1車位0,五層,十四層,住宅大樓(11層含以上有電梯),住家用,鋼筋混凝土造,1070412,65.4,2,1,1,有,有,NA,陽台加窗之增建物其他增建；,RPXNMLNLIIIGFFA08DA,36.54,1.04,3.84,有,798,2023-10-08,981,25.253729690976700,24.432134257078500,26.683111855438500,14.47417772169140,33.74810522662420,63000030004,0.2475003622663380,0.6885958556730910,89,31293.25,68.79403231065190,42.996270194157400,0,0,0,0,0,0,1,0,0,0,13,24,0,3,2,2,0,3,1,13,"c(121.537427316204, 25.0355672952885)",臺北捷運大安森林公園站_R06,254.9136712504480,2560.698341975690,2460.242055941090,5
臺北市大安區建國南路一段３２７號,10500000,407292,0,0,63000,大安區,房地(土地+建物),25.0347830006083,121.538236002223,和安里,2.54,住,NA,NA,1121101,土地1建物1車位0,十三層,十四層,住宅大樓(11層含以上有電梯),住家用,鋼筋混凝土造,750520,25.78,1,1,1,有,有,NA,陽台外推；,RPUNMLPJKIIGFFA97DA,17.66,0,4.52,有,183,2023-11-01,982,24.757071530479500,22.450360724395200,27.991550861907,0,31.55733681051570,63000030003,0.23346303501945500,0.6618323310930320,90.77,23228.85,59.958410337347900,30.637707941165000,0,0,0,0,0,0,1,0,0,0,14,35,0,3,0,1,0,3,1,14,"c(121.538236002223, 25.0347830006083)",臺北捷運大安森林公園站_R06,223.8621759955660,2675.6675644785600,2576.1663888205600,37
臺北市大安區建國南路二段１５１巷５０號,45200000,386755,0,0,63000,大安區,房地(土地+建物),25.0286350003577,121.539843986528,新龍里,25.14,住,NA,NA,1121012,土地1建物1車位0,七層,七層,華廈(10層含以下有電梯),住家用,鋼筋混凝土造,740418,116.87,3,2,2,有,有,NA,NA,RPVOMLMLJIIGFFA97DA,98.78,1.62,10.5,有,NA,2023-10-12,983,25.228501626297100,23.405436581174200,27.555219779678500,0,42.17011650961400,63000030023,0.24578893090409100,0.693021656926779,88.91,75272.89,60.63191880520480,34.17896678178530,0,0,0,0,0,2,1,0,0,0,26,53,0,7,0,0,0,1,3,26,"c(121.539843986528, 25.0286350003577)",臺北捷運科技大樓站_BR08,478.0809674771640,3210.784941859610,3125.23294110058,38
臺北市大安區建國南路二段７９巷１０號,29660000,272560,0,0,63000,大安區,房地(土地+建物),25.0307179871158,121.538649984421,新龍里,21.13,住,NA,NA,1121019,土地1建物1車位0,十三層,十七層,住宅大樓(11層含以上有電梯),住家用,鋼筋混凝土造,750415,108.82,3,2,2,有,有,NA,親友、員工、共有人或其他特殊關係間之交易；,RPQNMLTLJIIGFFA18EA,75.83,0.55,10.27,有,NA,2023-10-19,984,27.88054691993090,24.19402101836240,32.02932852768090,0,53.890419610265100,63000030023,0.24578893090409100,0.693021656926779,88.91,75272.89,60.63191880520480,34.17896678178530,0,0,0,0,0,2,1,0,0,0,18,36,0,4,0,1,0,0,1,18,"c(121.538649984421, 25.0307179871158)",臺北捷運大安森林公園站_R06,358.1069857599750,2970.6035275101100,2881.997806306650,37
臺北市大安區復興南路一段１３５巷１５號,46300000,269939,0,0,63000,大安區,房地(土地+建物),25.0427189865349,121.545045041267,光武里,24.94,都市：其他:第四種住宅區。,NA,NA,1121014,土地2建物1車位0,八層，陽臺,十二層,住宅大樓(11層含以上有電梯),住家用,鋼筋混凝土造,620212,171.52,3,2,2,有,有,NA,NA,RPQNMLRJJIIGFFA67DA,136.8,0,0,有,NA,2023-10-14,987,23.819332838876900,22.98853052205440,25.87796142231610,0,42.51094483780820,63000030010,0.18282591725214700,0.6106167056986730,81.38,36622.23,66.71963676124410,45.40295118152030,0,0,0,0,0,0,0,0,0,6,44,177,0,13,1,1,0,2,0,44,"c(121.545045041267, 25.0427189865349)",臺北捷運忠孝敦化站_BL16,691.7013689536140,3007.7865349127000,2884.162772025580,50
臺北市大安區復興南路一段３２１號,31800000,301908,0,0,63000,大安區,房地(土地+建物),25.0340137933539,121.543843830723,仁慈里,13.64,商,NA,NA,1121017,土地2建物1車位0,三層，陽臺,十二層,住宅大樓(11層含以上有電梯),住家用,鋼筋混凝土造,651021,105.33,2,2,1,有,有,NA,其他增建；,RPOOMLPKJIIGFFA47DA,92.05,0,0,有,NA,2023-10-17,988,24.752316057422400,23.018999040767200,26.90465483429490,0,102.34194358417100,63000030002,0.23701933521616300,0.6852053008907230,89.27,47115.44,67.1997673546962,33.84704855078600,0,0,0,0,0,2,0,0,0,0,28,95,0,6,1,1,0,0,1,28,"c(121.543843830723, 25.0340137933539)",臺北捷運大安站_BR09_R05,168.73799939198400,3209.3781260240500,3103.954791001880,47
臺北市大安區復興南路一段８２號,34000000,193160,0,3000000,63000,大安區,房地(土地+建物)+車位,25.0436940114217,121.543590026695,誠安里,14.71,都市：其他:第參種商業區(依都市計畫說明書圖規定辦理，始得作第參種商業區使用)(原屬第貳種商業區)。,NA,NA,1121004,土地3建物1車位1,九層,十六層,住宅大樓(11層含以上有電梯),住家用,鋼筋混凝土造,701230,176.01,3,2,2,有,有,坡道平面,NA,RPTNMLRKJIIGFFA08DA,149.87,0,7.53,有,NA,2023-10-04,991,26.308445055350900,25.14113732650520,26.853910177051600,38.182028695927900,37.4324285824876,63000030009,0.1673957421988920,0.5937591134441530,81.74,34822.96,58.963466415053700,45.666949853157600,0,0,0,0,0,0,1,0,0,5,43,128,0,15,0,1,1,2,0,44,"c(121.543590026695, 25.0436940114217)",臺北捷運忠孝敦化站_BL16,862.5952146730580,2845.301083874820,2720.596049547450,42
臺北市大安區復興南路二段１５１巷３０弄１號,27450000,266427,0,0,63000,大安區,房地(土地+建物),25.0280014122967,121.545533370946,群英里,19.94,住,NA,NA,1121022,土地1建物1車位0,三層,十九層,住宅大樓(11層含以上有電梯),住家用,鋼筋混凝土造,740522,103.03,3,2,1,有,有,NA,其他增建；,RPQOMLKLJIIGFFA27DA,75.58,1.26,7.07,有,815,2023-10-22,993,23.132687575229000,21.388525881574600,24.597351545390500,0,32.618573711582000,63000030037,0.2265945236924090,0.6568289883587470,83.69,98228.48,58.26882475761930,43.0682617773708,0,0,0,0,1,2,0,0,0,1,39,74,0,11,1,1,0,2,3,39,"c(121.545533370946, 25.0280014122967)",臺北捷運科技大樓站_BR08,283.1782241689380,3705.96502820043,3611.992324591860,38
臺北市大安區復興南路二段１９３巷１３號,16000000,247908,0,0,63000,大安區,房地(土地+建物),25.0267413188828,121.544556124855,群英里,12.67,住,NA,NA,1121015,土地1建物1車位0,十三層,十九層,住宅大樓(11層含以上有電梯),住家用,鋼筋混凝土造,740522,64.55,3,2,2,有,有,NA,需車位時要抽籤親友、員工、共有人或其他特殊關係間之交易；,RPROMLNJJIIGFFA47DA,48.51,0.9,4.54,有,409,2023-10-15,994,24.25093566898030,22.802941396255200,27.225004112681000,0,79.49415608273210,63000030037,0.2265945236924090,0.6568289883587470,83.69,98228.48,58.26882475761930,43.0682617773708,0,0,0,0,1,2,0,0,0,0,37,79,0,14,1,1,0,1,3,37,"c(121.544556124855, 25.0267413188828)",臺北捷運科技大樓站_BR08,114.90189332336300,3711.25545283568,3621.5617742816000,38
臺北市大安區復興南路二段２１８號,45153333.333333300,515422.2,14.03,1266666.6666666700,63000,大安區,房地(土地+建物),25.0263381912496,121.543228096116,龍生里,5.76,商,NA,NA,1121003,土地2建物1車位0,二十層,三十四層,住宅大樓(11層含以上有電梯),住家用,鋼骨鋼筋混凝土造,1120203,83.84,1,1,1,有,有,NA,NA,RPQNMLNKIIIGFFA27DA,47.52,2.86,4.18,有,NA,2023-10-03,995,25.311286623408300,23.988430187400300,26.537026945170600,10.035453896889700,40.957114316218300,63000030028,0.24196428571428600,0.675,88.12,54931.51,63.666666651507900,33.33333332539680,0,0,0,0,1,2,0,0,0,0,35,70,0,16,0,1,0,1,3,35,"c(121.543228096116, 25.0263381912496)",臺北捷運科技大樓站_BR08,52.39032396858210,3635.747476315250,3549.2175519355500,0
臺北市大安區復興南路二段３２０號,23500000,228844,0,0,63000,大安區,房地(土地+建物),25.0233430019689,121.543201022569,龍淵里,33.25,住,NA,NA,1121003,土地1建物1車位0,四層，陽臺,四層,公寓(5樓含以下無電梯),住家用,鋼筋混凝土造,640203,102.69,3,2,1,有,無,NA,親友、員工、共有人或其他特殊關係間之交易；頂樓加蓋；,RPPNMLRLIIIGFFA77EA,102.69,0,0,無,NA,2023-10-03,996,25.3068728677696,23.992803952467300,26.52716560792770,10.02508599274090,40.79037020830980,63000030040,0.26631416043332500,0.6886768119680170,88.9,56330.83,63.81623070693890,30.013413811198300,0,0,0,0,1,0,0,0,0,0,25,40,0,8,0,1,0,2,3,25,"c(121.543201022569, 25.0233430019689)",臺北捷運科技大樓站_BR08,307.93400778026700,3856.252487191600,3776.3130429877200,48
臺北市大安區復興南路二段３２９號,33160000,302472,0,0,63000,大安區,房地(土地+建物),25.0237279827817,121.543583991725,臥龍里,12.36,住,NA,NA,1121001,土地2建物1車位0,十八層,十八層,住宅大樓(11層含以上有電梯),住家用,鋼筋混凝土造,760519,109.63,3,2,2,有,有,NA,陽台外推；其他增建；,RPTNMLTKIIIGFFA18DA,66.9,9.37,10.36,有,357,2023-10-01,997,27.504992708507600,25.842737943114200,30.647365836725100,7.127976965798710,45.45134714293630,63000030039,0.24827188940092200,0.6705069124423960,85.69,11233.31,71.8652037054348,36.05015671155940,0,0,0,0,1,0,0,0,0,0,31,50,0,8,0,1,0,2,3,31,"c(121.543583991725, 25.0237279827817)",臺北捷運科技大樓站_BR08,261.77585255320300,3854.8686809011000,3773.395660724420,36
臺北市大安區復興南路二段５５號,16920000,452527,0,0,63000,大安區,房地(土地+建物),25.0309950090158,121.543789013076,住安里,3.25,商,NA,NA,1121009,土地1建物1車位0,十四層,十五層,住宅大樓(11層含以上有電梯),住家用,鋼骨鋼筋混凝土造,1090803,37.39,1,1,1,有,有,NA,陽台外推；,RPVNMLNLIIIGFFA87DA,19.04,0.43,3.29,有,334,2023-10-09,998,24.575703254181100,23.59422817805840,25.74427685650990,6.118540695467560,35.42903780817000,63000030029,0.16044006417602600,0.5493926197570480,81.62,35805.25,53.17662005934670,38.59593391404200,0,0,0,0,0,2,0,0,0,0,25,102,0,10,1,1,0,2,1,25,"c(121.543789013076, 25.0309950090158)",臺北捷運大安站_BR09_R05,291.4416815768010,3373.6270114871800,3275.387683349840,3
臺北市大安區復興南路二段７８巷３０弄３號,50060000,310932,0,0,63000,大安區,房地(土地+建物),25.0308559951516,121.542462995994,龍圖里,26.72,住,NA,NA,1121024,土地1建物1車位0,二層,十六層,住宅大樓(11層含以上有電梯),住家用,鋼筋混凝土造,761105,161,3,2,2,有,有,NA,陽台外推；,RPSNMLNKJIIGFFA57DA,107.28,1.06,16.7,有,844,2023-10-24,999,26.229777421290700,23.742326219989000,30.545661572429000,0,35.93851784048510,63000030022,0.21927710843373500,0.6535283993115320,82.47,30321.28,62.913907269336800,42.506745145325800,0,0,0,0,0,2,1,0,0,0,31,94,0,9,1,0,0,1,1,31,"c(121.542462995994, 25.0308559951516)",臺北捷運大安站_BR09_R05,269.58113335816100,3270.7051413537300,3174.7910910325900,36
臺北市大安區忠孝東路三段２１７巷４弄６之４號,49000000,281221,0,0,63000,大安區,房地(土地+建物),25.0427240156768,121.540064011486,昌隆里,43.86,都市：其他:第三種住宅區。,NA,NA,1121015,土地2建物1車位0,五層,七層,華廈(10層含以下有電梯),住家用,鋼筋混凝土造,600306,174.24,4,2,2,有,有,NA,其他增建；,RPOOMLQLIIIGFFA57DA,152.58,0,21.66,有,NA,2023-10-15,1000,24.214182099134600,22.814541176383700,27.229954481022000,0,75.01934605818210,63000030008,0.20771513353115700,0.6461424332344210,85.64,21789.85,66.41876426406250,54.233409579958,0,0,0,0,1,0,3,0,0,4,32,74,0,10,0,1,1,1,0,33,"c(121.540064011486, 25.0427240156768)",臺北捷運忠孝新生站_BL14_O07,702.0302721340670,2514.5453131595000,2392.494565167090,52
臺北市大安區忠孝東路三段２１７巷６弄６號,34500000,278765,0,0,63000,大安區,房地(土地+建物),25.0432320009187,121.539995028423,昌隆里,33,都市：其他:第三種住宅區。,NA,NA,1121020,土地2建物1車位0,七層,七層,華廈(10層含以下有電梯),住家用,鋼筋混凝土造,611002,123.76,3,2,3,有,有,NA,親友、員工、共有人或其他特殊關係間之交易；陽台外推；,RPRNMLNJJIIGFFA37DA,110.85,2.97,9.94,有,774,2023-10-20,1001,24.701582600573700,21.42795290377950,27.65199886711970,0.29991961816527700,58.6244128747668,63000030008,0.20771513353115700,0.6461424332344210,85.64,21789.85,66.41876426406250,54.233409579958,0,0,0,0,1,0,3,0,0,3,30,67,0,8,0,1,1,1,0,31,"c(121.539995028423, 25.0432320009187)",臺北捷運忠孝新生站_BL14_O07,703.6485326637110,2496.4185344462900,2373.4252820025400,51
臺北市大安區忠孝東路三段２４８巷２４號,32650000,260554,0,0,63000,大安區,房地(土地+建物),25.0408590003107,121.541059530126,義村里,22.81,商,NA,NA,1121102,土地2建物1車位0,五層,十四層,住宅大樓(11層含以上有電梯),住家用,鋼筋混凝土造,760423,125.31,2,2,2,有,有,NA,陽台外推；其他增建；,RPROMLKLJIIGFFA37DA,80.5,0,10.13,有,NA,2023-11-02,1002,26.40628650148700,23.63977355165150,30.446545816312700,0,32.339074212646400,63000030006,0.1885331659342960,0.6172839506172840,85.66,20800.92,60.04380473715780,49.53066331366380,0,0,0,0,1,0,1,0,0,4,37,110,0,11,1,1,1,1,0,38,"c(121.541059530126, 25.0408590003107)",臺北捷運忠孝新生站_BL14_O07,808.4430275973480,2662.547688729130,2543.843303874210,36
臺北市大安區忠孝東路三段２５１巷８弄８號,17500000,202969,0,0,63000,大安區,房地(土地+建物),25.0429069926231,121.541259019422,誠安里,16.16,住,NA,NA,1121031,土地1建物1車位0,六層,七層,華廈(10層含以下有電梯),住家用,鋼筋混凝土造,690212,86.22,2,1,1,有,無,NA,NA,RPSNMLQKJIIGFFA87DA,60.61,0,13.24,有,NA,2023-10-31,1004,23.434114279858700,21.730269752418100,25.65154993877260,0.8770937970905890,30.759893808690400,63000030009,0.1673957421988920,0.5937591134441530,81.74,34822.96,58.963466415053700,45.666949853157600,0,0,0,0,1,0,2,0,0,5,36,105,0,12,0,2,1,1,0,37,"c(121.541259019422, 25.0429069926231)",臺北捷運忠孝新生站_BL14_O07,824.1494773310160,2628.5107241463400,2505.6794265162500,43
臺北市大安區忠孝東路四段１７７號,30600000,289389,0,0,63000,大安區,房地(土地+建物),25.0416839891307,121.550593022979,建安里,10.86,商,NA,NA,1121005,土地1建物1車位0,二層，陽臺,十四層,住宅大樓(11層含以上有電梯),住家用,鋼筋混凝土造,651027,105.74,1,1,0,有,有,NA,陽台增建其他增建；,RPPQMLQJIIIGFFA67DA,87.4,0,0,有,NA,2023-10-05,1006,26.598398295351300,24.985935287531100,29.084417107927900,27.15611615298640,29.78463613856910,63000030049,0.19843021829776800,0.6438557763061080,78.46,31266.13,63.957968453955200,42.80210156119020,2,0,0,0,0,0,0,0,0,2,57,213,0,13,0,1,0,1,0,57,"c(121.550593022979, 25.0416839891307)",臺北捷運忠孝敦化站_BL16,122.1072187146540,2911.6601389436100,3455.5967697182000,47
臺北市大安區忠孝東路四段２３３號,14850000,341856.5,0,0,63000,大安區,房地(土地+建物),25.0416551134743,121.553608580285,車層里,4.83,商,NA,NA,1121114,土地1建物1車位0,十層,十一層,住宅大樓(11層含以上有電梯),住家用,鋼筋混凝土造,711215,41.92,0,0,0,無,有,NA,NA,RPRNMLLLJIIGFFA37DA,30.6,0,3.03,有,NA,2023-11-14,1009,18.609273249543500,18.17374273419510,19.411460556734600,0.5,33.39631045166630,63000030055,0.19631440391124500,0.6487401278676190,82.24,49825.37,67.30132448474030,46.743929346925000,2,0,0,0,0,0,0,0,0,1,66,185,0,11,0,1,0,2,0,66,"c(121.553608580285, 25.0416551134743)",臺北捷運忠孝敦化站_BL16,196.5212018440100,2622.575815712280,3755.255143424080,41
臺北市大安區敦化南路一段１６１巷７０號,32580000,423847,42.61,4000000,63000,大安區,房地(土地+建物)+車位,25.0433749961869,121.552456990607,建安里,10.33,住,NA,NA,1121016,土地1建物1車位1,十二層,十四層,住宅大樓(11層含以上有電梯),住家用,鋼筋混凝土造,1090817,110.04,0,1,1,有,有,坡道平面,NA,RPSNMLRLIIIGFFA97DA,37.56,3.7,2.88,有,827,2023-10-16,1013,24.836294127797000,23.272683394805600,27.357954065101,0,78.53954851662430,63000030049,0.19843021829776800,0.6438557763061080,78.46,31266.13,63.957968453955200,42.80210156119020,1,0,0,0,0,0,0,0,0,1,66,175,0,14,0,1,0,3,0,66,"c(121.552456990607, 25.0433749961869)",臺北捷運忠孝敦化站_BL16,246.1002986263650,2680.7466359033800,3610.928669497410,3
臺北市大安區敦化南路一段１８７巷３７號,18000000,324617,0,0,63000,大安區,房地(土地+建物),25.0426450162393,121.551222000993,建安里,13.32,住,NA,NA,1121004,土地1建物1車位0,五層，六層,八層,華廈(10層含以下有電梯),住家用,鋼筋混凝土造,840809,55.45,2,1,2,有,有,NA,NA,RPVNMLRKIIIGFFA18DA,39.08,0.78,3.34,有,199,2023-10-04,1015,26.302569783537100,25.128008854044400,26.8453853361814,39.581004568689300,37.15761788939570,63000030049,0.19843021829776800,0.6438557763061080,78.46,31266.13,63.957968453955200,42.80210156119020,2,0,0,0,0,0,0,0,0,2,62,198,0,15,0,1,0,2,0,62,"c(121.551222000993, 25.0426450162393)",臺北捷運忠孝敦化站_BL16,161.12427228942700,2821.6064653667600,3499.3922026557600,28
臺北市大安區敦化南路一段３４４號,48310000,388313,0,0,63000,大安區,房地(土地+建物),25.0348729803389,121.548409034288,德安里,11.26,住,NA,NA,1121007,土地1建物1車位0,五層,十四層,住宅大樓(11層含以上有電梯),住家用,鋼筋混凝土造,660907,124.41,3,2,2,有,有,NA,NA,RPQOMLLLJIIGFFA37DA,102.49,0,7.9,有,NA,2023-10-07,1018,27.09541036397970,24.861640967606600,30.910129769334600,12.099458012816000,34.425644362358300,63000030001,0.21177209886887300,0.658776707163804,83.86,37999.53,69.19330287086960,45.3272450394742,0,0,0,0,0,1,0,0,0,0,31,121,0,12,1,1,0,2,0,31,"c(121.548409034288, 25.0348729803389)",臺北捷運信義安和站_R04,398.7703590099530,3403.448312965970,3473.4845567945600,46
臺北市大安區敦化南路二段１１巷５８號,32000000,299878,0,0,63000,大安區,房地(土地+建物),25.0324770133162,121.55131403429,義安里,19.57,住,NA,NA,1121104,土地1建物1車位0,三層,七層,華廈(10層含以下有電梯),住家用,鋼筋混凝土造,690310,106.71,3,2,2,有,無,NA,陽台外推；,RPSOMLTJJIIGFFA18DA,79.68,0,20.28,有,NA,2023-11-04,1019,27.04176857112820,23.43099411663270,31.30683270957820,0,36.25955771462370,63000030030,0.20995670995671000,0.6582251082251080,79.97,30079.49,63.01627031820520,44.55569460433180,0,1,0,0,0,1,1,0,0,0,36,94,0,17,1,2,0,2,0,36,"c(121.55131403429, 25.0324770133162)",臺北捷運信義安和站_R04,79.96028547013360,3289.0798737427400,3851.3953178143400,43
臺北市大安區敦化南路二段１２８號,52200000,245105,44.02,0,63000,大安區,房地(土地+建物)+車位,25.0261079822789,121.548314989334,群賢里,15.26,住,NA,NA,1121023,土地1建物1車位1,十六層,十六層,住宅大樓(11層含以上有電梯),住家用,鋼筋混凝土造,680219,212.98,3,2,1,有,有,升降平面,陽台外推；,RPQNMLPKJIIGFFA57DA,174.17,0,12.3,有,NA,2023-10-23,1020,25.38036107376740,23.65417459200580,28.333526271916700,0,28.964198280229700,63000030036,0.1913453650533220,0.6449958982772760,81.68,38047.17,63.35329339420560,45.98802393832690,1,0,0,0,1,0,0,0,0,1,41,63,0,12,0,1,0,2,2,41,"c(121.548314989334, 25.0261079822789)",臺北捷運科技大樓站_BR08,468.7879137603930,3958.223947799980,3962.4048105276000,44
臺北市大安區敦化南路二段１５２號,37680000,278966,0,0,63000,大安區,房地(土地+建物),25.0252190814471,121.548370561352,群賢里,13.54,住,NA,NA,1121021,土地2建物1車位0,十層,十九層,住宅大樓(11層含以上有電梯),住家用,鋼筋混凝土造,740417,135.07,3,2,2,有,有,NA,其他增建；,RPVNMLRJJIIGFFA18DA,80.32,0,12.22,有,NA,2023-10-21,1021,21.23835474625640,20.360007801986800,22.419164956547200,0.41436753683784100,34.9215049268856,63000030036,0.1913453650533220,0.6449958982772760,81.68,38047.17,63.35329339420560,45.98802393832690,1,0,0,0,1,0,0,0,0,1,41,60,0,10,0,1,0,1,2,41,"c(121.548370561352, 25.0252190814471)",臺北捷運六張犁站_BR07,481.9950840829100,4018.3786689709300,4026.9374487208600,38
臺北市大安區敦化南路二段１５４巷３號,38330000,278339,0,0,63000,大安區,房地(土地+建物),25.025210992910500,121.54807903876,群賢里,13.59,住,NA,NA,1121027,土地2建物1車位0,十七層,十九層,住宅大樓(11層含以上有電梯),住家用,鋼筋混凝土造,740417,137.71,2,2,1,有,有,NA,陽台外推；其他增建；,RPSNMLTLJIIGFFA28DA,80.57,0,13.83,有,NA,2023-10-27,1022,23.529482056216000,22.00897451826170,25.136397705699600,0,37.63213951308700,63000030036,0.1913453650533220,0.6449958982772760,81.68,38047.17,63.35329339420560,45.98802393832690,1,0,0,0,1,0,0,0,0,1,40,63,0,10,0,1,0,2,2,40,"c(121.54807903876, 25.0252109929105)",臺北捷運科技大樓站_BR08,455.50019337757900,4041.082035197080,4004.396326972230,38
臺北市大安區敦化南路二段１７２巷２５號,22080000,262982,0,0,63000,大安區,房地(土地+建物),25.0241539930106,121.546955025544,虎嘯里,34,住,NA,NA,1121017,土地1建物1車位0,四層,四層,公寓(5樓含以下無電梯),住家用,鋼筋混凝土造,600301,83.96,3,2,2,有,無,NA,陽台外推；頂樓加蓋；其他增建；,RPQOMLPLIIIGFFA67DA,83.96,0,0,無,NA,2023-10-17,1023,24.70849606232950,22.97411395021830,26.880222715655700,0,104.137346408787,63000030038,0.2266500622665010,0.6765255292652550,83.01,24988.53,54.68883203124940,36.91389597744510,0,0,0,0,1,0,0,0,0,1,38,55,0,11,0,1,0,2,3,38,"c(121.546955025544, 25.0241539930106)",臺北捷運科技大樓站_BR08,394.8444204230650,4079.607347706180,3991.5536043195300,52
臺北市大安區敦南街５１號,31000000,217651,0,0,63000,大安區,房地(土地+建物),25.0227340147936,121.546740029727,臥龍里,37.95,住,NA,NA,1121012,土地1建物1車位0,五層,五層,公寓(5樓含以下無電梯),住家用,鋼筋混凝土造,760127,142.43,11,1,4,有,無,NA,其他增建：頂樓平台加蓋。其他增建；,RPQNMLRKIIIGFFA67DA,126.22,2.92,13.29,無,NA,2023-10-12,1027,25.162244250713400,23.33762873231060,27.50589337796560,0,41.910601559447200,63000030039,0.24827188940092200,0.6705069124423960,85.69,11233.31,71.8652037054348,36.05015671155940,0,0,0,0,1,0,0,0,0,1,35,45,0,9,0,1,0,1,0,35,"c(121.546740029727, 25.0227340147936)",臺北捷運科技大樓站_BR08,483.92514491673300,4164.842815537160,4079.9462109048900,36
臺北市大安區新生南路三段２號,33680000,279618,0,0,63000,大安區,房地(土地+建物),25.0257787830316,121.534629939839,龍坡里,11.65,商,NA,NA,1121002,土地1建物1車位0,十層,十四層,住宅大樓(11層含以上有電梯),住家用,鋼筋混凝土造,671116,120.45,2,2,2,有,有,NA,NA,RPQNMLRLIIIGFFA77DA,101.47,0,7.96,有,NA,2023-10-02,1028,26.64898661702150,25.43858476413470,27.919660426024400,0.27493160415747600,46.58504943985580,63000030011,0.30470685383980200,0.7260528488852190,86.59,40154.32,67.89519145755970,39.47595737417910,0,0,0,0,0,0,1,0,0,0,21,45,0,5,1,1,0,0,0,21,"c(121.534629939839, 25.0257787830316)",臺北捷運大安森林公園站_R06,866.1284123204230,3073.5567954149700,3008.4262702451500,45
臺北市大安區杭州南路二段６１巷１７號,31300000,255844,0,0,63000,大安區,房地(土地+建物),25.0302540068655,121.523386035824,錦泰里,22.11,住,NA,NA,1121007,土地1建物1車位0,二層,七層,華廈(10層含以下有電梯),住家用,鋼筋混凝土造,721008,122.34,3,2,2,有,有,NA,其他增建:雨遮之增建物 依土地法第34條之1辦理移轉陽台外推；其他增建；,RPPNMLPJJIIGFFA37DA,75.79,0,16.43,有,NA,2023-10-07,1029,27.34163218943600,25.0129441174027,30.727236283111500,9.871673940310540,38.48897645383070,63000030020,0.2763787057698440,0.7022633088938480,93.21,28494.13,68.6125211215683,32.69881555300390,0,1,0,0,0,0,1,0,0,0,26,65,0,3,0,1,0,1,0,26,"c(121.523386035824, 25.0302540068655)",臺北捷運古亭站_G09_O05,527.7481747377380,2063.6936453701900,2034.4050771452900,40
臺北市大安區杭州南路二段６５巷２６號,21250000,388909,0,0,63000,大安區,房地(土地+建物),25.0296360091444,121.523329960892,錦泰里,12.17,住,NA,NA,1121011,土地2建物1車位0,五層,六層,華廈(10層含以下有電梯),住家用,鋼筋混凝土造,710618,54.64,2,2,1,有,有,NA,陽台外推；其他增建；,RPXNMLNJJIIGFFA97DA,43.05,0,8.98,有,545,2023-10-11,1030,24.340639129165100,22.812528105223900,26.523440095267900,0,43.96643039335260,63000030020,0.2763787057698440,0.7022633088938480,93.21,28494.13,68.6125211215683,32.69881555300390,0,1,0,0,0,0,1,0,0,0,27,61,0,4,0,1,0,2,0,27,"c(121.523329960892, 25.0296360091444)",臺北捷運古亭站_G09_O05,459.24362196926400,2125.2396276898300,2097.6936925292200,41
臺北市大安區樂業街１４８號,33550000,230949,0,0,63000,大安區,房地(土地+建物),25.0199469900783,121.552952025809,黎元里,30.11,住,NA,NA,1121031,土地1建物1車位0,四層,七層,華廈(10層含以下有電梯),住家用,鋼筋混凝土造,711208,145.27,4,2,2,有,無,NA,NA,RPVNMLLMIIIGFFA77DA,119.58,0,21.11,有,NA,2023-10-31,1031,23.12935287213550,21.52160697981990,25.40180147748220,0.722435968990406,31.53663742656250,63000030046,0.11115798354777500,0.434507487871757,93.18,18119.66,49.160134364736800,32.726763708643100,0,0,0,0,0,0,1,0,0,0,32,41,0,13,2,1,3,0,0,35,"c(121.552952025809, 25.0199469900783)",臺北捷運六張犁站_BR07,416.94220279489100,4125.405177792810,4754.443926960950,41
臺北市大安區樂業街１６９巷２５號,31500000,237199,0,0,63000,大安區,房地(土地+建物),25.0197599898184,121.555197034755,黎孝里,23.59,住,NA,NA,1121022,土地1建物1車位0,三層,七層,華廈(10層含以下有電梯),住家用,鋼筋混凝土造,710902,132.8,3,2,2,有,無,NA,陽台外推；,RPQOMLKMIIIGFFA27DA,105.38,0,20.38,有,NA,2023-10-22,1032,22.96133191098720,21.226191992243800,24.338373404993900,0,32.25347197668500,63000030047,0.13913174555321100,0.5440156768164000,87.8,26731.36,56.286795614742100,39.486963826853000,1,0,0,0,0,0,1,0,0,0,32,38,0,12,2,1,3,0,0,35,"c(121.555197034755, 25.0197599898184)",臺北捷運麟光站_BR06,377.76102412769300,4006.081834261020,4942.5123320683600,41
臺北市大安區樂業街７２巷１８號,24800000,340472,0,0,63000,大安區,房地(土地+建物),25.0219916040071,121.550637717898,芳和里,15.76,住,NA,NA,1121108,土地1建物1車位0,八層,十層,華廈(10層含以下有電梯),住家用,鋼筋混凝土造,1100906,72.84,2,2,1,有,有,NA,NA,RPXNMLPKJIIGFFA28DA,39.88,1.85,4.78,有,143,2023-11-08,1033,25.181591146893700,22.480757212538900,28.628900907772100,0,42.556307699892600,63000030044,0.15375253549695700,0.5322515212981740,89.27,19800.23,52.05744268101150,36.150234731800500,0,0,0,0,0,0,0,0,0,1,40,53,0,14,2,1,2,1,2,42,"c(121.550637717898, 25.0219916040071)",臺北捷運六張犁站_BR07,293.3960246252000,4104.693822336190,4429.900058118820,2
臺北市大安區永康街１２巷３號,5080000,136266,0,0,63000,大安區,房地(土地+建物),25.0317549961767,121.529096039724,永康里,8.76,住,NA,NA,1121023,土地2建物1車位0,一層，地下一層,六層,華廈(10層含以下有電梯),住家用,鋼筋混凝土造,641231,37.28,3,2,2,有,有,NA,親友、員工、共有人或其他特殊關係間之交易；,RPPNMLPKJIIGFFA57EA,34.24,0.79,0,有,NA,2023-10-23,1034,25.831841507738500,24.224019285930100,28.784936441686700,0,29.16669529552670,63000030018,0.22218659826867600,0.6527733247835850,91.08,31040.46,67.11206893658960,34.43965515756910,0,0,0,0,0,1,1,0,0,0,27,58,0,7,0,2,0,1,0,27,"c(121.529096039724, 25.0317549961767)",臺北捷運東門站_O06_R07,624.4720128339480,2208.0362893716800,2145.1076917639900,48
臺北市大安區永康街７５巷１５號,35000000,333302,0,0,63000,大安區,房地(土地+建物),25.0289779878356,121.530687008766,龍安里,29.6,住,NA,NA,1121013,土地1建物1車位0,五層,五層,公寓(5樓含以下無電梯),住家用,鋼筋混凝土造,760608,105.01,2,2,1,有,無,NA,頂樓加蓋；,RPXNMLMLJIIGFFA08DA,75.55,19.06,0,無,NA,2023-10-13,1035,25.221750844246900,23.917801357784900,27.53016008242550,0,39.52922169326140,63000030015,0.2221723518850990,0.6098144823459010,98.9,45223.46,61.610032349998000,35.194174750163000,0,0,0,0,1,0,1,0,0,0,23,43,0,6,1,1,0,1,0,23,"c(121.530687008766, 25.0289779878356)",臺北捷運大安森林公園站_R06,773.6661111349200,2550.3116512931300,2489.753149338580,36
臺北市大安區泰順街１６巷３５號,35500000,344092,0,0,63000,大安區,房地(土地+建物),25.0254319817877,121.529677995262,龍泉里,38,住,NA,NA,1121016,土地1建物1車位0,一層,四層,公寓(5樓含以下無電梯),住家用,鋼筋混凝土造,620725,103.17,3,2,2,有,無,NA,其他增建；,RPVNMLTJJIIGFFA38DA,92.94,10.23,0,無,NA,2023-10-16,1036,25.20336875402570,23.484306533804700,27.694435158653200,0,89.40891907515460,63000030012,0.26726798006171400,0.6779017327320200,87.39,53925.29,64.88525618834160,32.442628094170800,0,0,0,0,1,0,0,0,0,0,20,50,0,5,1,2,0,1,1,20,"c(121.529677995262, 25.0254319817877)",臺北捷運台電大樓站_G08,566.3860509585460,2823.918089692080,2776.401497481060,50
臺北市大安區泰順街２６巷４之１號,30880000,240667,0,0,63000,大安區,房地(土地+建物),25.0250819954207,121.531107025934,龍泉里,33.32,住,NA,NA,1121004,土地2建物1車位0,二層,五層,公寓(5樓含以下無電梯),住家用,鋼筋混凝土造,730616,128.31,4,2,2,有,無,NA,陽台外推；其他增建；,RPXNMLKLIIIGFFA77DA,101.51,0,13.29,無,431,2023-10-04,1037,26.602353593576500,25.73832802019380,27.261671021785600,27.32572381309120,41.16949216119780,63000030012,0.26726798006171400,0.6779017327320200,87.39,53925.29,64.88525618834160,32.442628094170800,0,0,0,0,1,0,1,0,0,0,26,56,0,5,1,2,0,1,0,26,"c(121.531107025934, 25.0250819954207)",臺北捷運台電大樓站_G08,593.2438219823580,2931.4071545891200,2879.436461720370,39
臺北市大安區泰順街４０巷２１之１號,24380000,315640,0,0,63000,大安區,房地(土地+建物),25.0243849982621,121.53005300161,龍泉里,18.68,住,NA,NA,1121014,土地1建物1車位0,一層,六層,華廈(10層含以下有電梯),住家用,鋼筋混凝土造,980402,77.24,2,2,1,有,有,NA,陽台外推；其他增建；,RPPOMLKLJIIGFFA17DA,35.41,2.58,7.84,有,NA,2023-10-14,1038,24.33267454246860,23.561361910122300,26.06668064109890,0,45.538391600866400,63000030012,0.26726798006171400,0.6779017327320200,87.39,53925.29,64.88525618834160,32.442628094170800,0,0,0,0,1,0,0,0,0,0,20,51,0,6,1,2,0,1,0,20,"c(121.53005300161, 25.0243849982621)",臺北捷運台電大樓站_G08,473.3319748432660,2943.4049692585800,2896.821682226370,14
臺北市大安區泰順街４５號,5850000,201032.5,0,0,63000,大安區,房地(土地+建物),25.0227939873109,121.531336019529,龍坡里,4.37,NA,NA,NA,1121105,土地1建物1車位0,三層,九層,華廈(10層含以下有電梯),住家用,鋼筋混凝土造,870625,31.81,0,1,1,有,有,NA,NA,RPTNMLSJJIIGFFA08DA,19.56,4.56,0,有,NA,2023-11-05,1039,27.132273025020600,23.862112388122,31.49626492191210,0,46.5218280215418,63000030011,0.30470685383980200,0.7260528488852190,86.59,40154.32,67.89519145755970,39.47595737417910,0,0,0,0,0,0,0,0,0,0,23,66,0,7,1,1,0,0,0,23,"c(121.531336019529, 25.0227939873109)",臺北捷運台電大樓站_G08,422.0880385909030,3160.639174989870,3112.8764304587200,25
臺北市大安區溫州街５８巷９號,14500000,282596,0,0,63000,大安區,房地(土地+建物),25.020530999182,121.532069016961,大學里,10.55,住,NA,NA,1121002,土地1建物1車位0,一層,七層,華廈(10層含以下有電梯),住家用,鋼筋混凝土造,720929,51.31,4,2,2,有,有,NA,車位公共公有抽簽含土地增值稅或其他稅費16906元；親友、員工、共有人或其他特殊關係間之交易；,RPPNMLQLIIIGFFA67EA,36.91,6.23,0,有,NA,2023-10-02,1040,26.722059091242100,25.439144982244200,27.994553001440000,0.2968244103192410,46.186000086994900,63000030043,0.2686935086277730,0.6967953985209530,87.51,45151.68,63.95813509724870,38.95337772807740,0,0,0,0,1,0,0,0,0,0,33,62,0,7,0,0,0,0,1,33,"c(121.532069016961, 25.020530999182)",臺北捷運台電大樓站_G08,416.75073612380300,3415.326437183710,3369.565463246360,40
臺北市大安區溫州街７０號,32000000,301659,0,0,63000,大安區,房地(土地+建物),25.0199899892416,121.532839984415,大學里,29.72,住,NA,NA,1121015,土地1建物1車位0,二層,七層,華廈(10層含以下有電梯),住家用,鋼筋混凝土造,680418,106.08,3,2,2,有,無,NA,陽台外推；其他增建；,RPWNMLQJJIIGFFA18DA,96.96,0,9.12,有,NA,2023-10-15,1041,24.568128008113200,23.15395118647270,27.397074353626200,0,80.97438773799600,63000030043,0.2686935086277730,0.6967953985209530,87.51,45151.68,63.95813509724870,38.95337772807740,0,0,0,0,1,0,0,0,0,0,29,47,0,7,0,1,0,0,1,29,"c(121.532839984415, 25.0199899892416)",臺北捷運台電大樓站_G08,498.6965551721280,3505.6177748091000,3458.437523728000,44
臺北市大安區溫州街７４巷３弄１號,18980000,364230,0,0,63000,大安區,房地(土地+建物),25.0195420184264,121.53222500418,大學里,16.11,住,NA,NA,1121010,土地1建物1車位0,五層,七層,華廈(10層含以下有電梯),住家用,鋼筋混凝土造,680417,52.11,2,1,1,有,有,NA,其他增建；,RPRNMLKMIIIGFFA27DA,48.68,0,3.43,有,NA,2023-10-10,1042,24.499952120582900,23.343379703214200,26.178838759088800,0.30494352698978400,37.70765201302270,63000030043,0.2686935086277730,0.6967953985209530,87.51,45151.68,63.95813509724870,38.95337772807740,0,0,0,0,1,0,0,0,0,0,34,50,0,7,1,1,0,1,1,34,"c(121.53222500418, 25.0195420184264)",臺北捷運台電大樓站_G08,447.2125161043750,3519.050909478220,3474.5892828410500,44
臺北市大安區溫州街７４巷３弄６號,15730000,347855,0,0,63000,大安區,房地(土地+建物),25.0192219973631,121.532354001669,大學里,11.94,住,NA,NA,1121023,土地1建物1車位0,七層,七層,華廈(10層含以下有電梯),住家用,鋼筋混凝土造,680418,45.22,2,1,1,有,有,NA,陽台外推；,RPSNMLKKJIIGFFA27DA,33.98,0,11.24,有,728,2023-10-23,1043,25.969687627231800,24.34715175859740,28.90704981674960,0,29.220415497661000,63000030043,0.2686935086277730,0.6967953985209530,87.51,45151.68,63.95813509724870,38.95337772807740,0,0,0,0,1,0,0,0,0,0,34,47,0,7,1,1,0,1,1,34,"c(121.532354001669, 25.0192219973631)",臺北捷運台電大樓站_G08,469.8502531810590,3556.4407503888300,3512.1403497058000,44
臺北市大安區潮州街１４５號,11640000,453624,0,0,63000,大安區,房地(土地+建物),25.028425997602,121.53000103381,錦安里,5.02,商,NA,NA,1121028,土地1建物1車位0,二層,八層,華廈(10層含以下有電梯),住家用,鋼筋混凝土造,940203,25.66,2,1,1,有,有,NA,陽台外推；夾層；,RPROMLQJJIIGFFA77DA,10.82,0,5.82,有,814,2023-10-28,1044,22.05869802444950,20.36968303292130,23.58512554328210,5.793425441818840,40.13944586940800,63000030016,0.2579176563737130,0.7026920031670630,86.89,39690.71,67.13011540736360,32.52885623490850,0,0,0,0,1,0,1,0,0,0,21,42,0,4,1,2,0,1,0,21,"c(121.53000103381, 25.028425997602)",臺北捷運古亭站_G09_O05,749.5002014480780,2560.1805580350100,2503.8261824414700,18
臺北市大安區潮州街６０巷７號,20500000,357205,0,0,63000,大安區,房地(土地+建物),25.0281667872463,121.523775878141,錦華里,12.47,住,NA,NA,1121025,土地1建物1車位0,三層,七層,華廈(10層含以下有電梯),住家用,鋼筋混凝土造,980206,57.39,1,1,1,有,有,NA,夾層；,RPPNMLOKJIIGFFA37DA,31.6,3.07,0,有,698,2023-10-25,1045,26.365309649138900,24.555104284400400,29.59315408319330,0,29.5181181949546,63000030021,0.2680965147453080,0.7083934831924110,89.16,58224.79,65.92790385422490,29.479305733116300,0,0,0,0,1,0,0,0,0,0,22,64,0,2,0,2,0,3,1,22,"c(121.523775878141, 25.0281667872463)",臺北捷運古亭站_G09_O05,300.20400911975300,2293.297106634960,2266.41345245877,14
臺北市大安區瑞安街２０８巷５７號,4612183,156984,0,0,63000,大安區,房地(土地+建物),25.0304609979645,121.540662982287,新龍里,9.92,住,NA,NA,1121109,土地1建物1車位0,三層，陽臺,四層,公寓(5樓含以下無電梯),住家用,鋼筋混凝土造,610921,29.38,3,2,1,有,無,NA,親友、員工、共有人或其他特殊關係間之交易；,RPSNMLNLJIIGFFA67DA,29.38,0,0,無,NA,2023-11-09,1046,26.761741606965600,23.49310444930570,31.08311660804040,0,44.291793101441800,63000030023,0.24578893090409100,0.693021656926779,88.91,75272.89,60.63191880520480,34.17896678178530,0,0,0,0,0,2,1,0,0,0,26,73,0,5,1,1,0,1,1,26,"c(121.540662982287, 25.0304609979645)",臺北捷運大安站_BR09_R05,357.6048497232570,3148.51161568907,3056.655978949250,51
臺北市大安區瑞安街２５６巷１號,46000000,347275,0,0,63000,大安區,房地(土地+建物),25.0270149880215,121.539542992385,龍生里,43.75,住,NA,NA,1121003,土地1建物1車位0,一層，地下層,四層,公寓(5樓含以下無電梯),住家用,鋼筋混凝土造,631224,132.46,3,2,2,有,無,NA,其他增建；,RPRNMLQJIIIGFFA57DA,132.46,0,0,無,246,2023-10-03,1047,25.296569932260600,23.997103783325400,26.50484176439590,9.236092525559590,40.67844291576360,63000030028,0.24196428571428600,0.675,88.12,54931.51,63.666666651507900,33.33333332539680,0,0,0,0,0,0,2,0,0,0,38,64,0,8,0,0,0,1,3,38,"c(121.539542992385, 25.0270149880215)",臺北捷運科技大樓站_BR08,428.9227422337560,3308.349064412770,3227.509828060780,49
臺北市大安區羅斯福路三段２８３巷１９弄１４號,22500000,272463,0,0,63000,大安區,房地(土地+建物),25.0196389970461,121.531018010122,大學里,26.8,住,NA,NA,1121011,土地2建物1車位0,四層,五層,公寓(5樓含以下無電梯),住家用,鋼筋混凝土造,710621,82.58,3,2,1,有,無,NA,陽台外推；其他增建；,RPVNMLLKIIIGFFA57DA,73.59,0,8.99,無,571,2023-10-11,1048,24.38178844971620,22.858063927214900,26.571198671457000,0,43.28673075707240,63000030043,0.2686935086277730,0.6967953985209530,87.51,45151.68,63.95813509724870,38.95337772807740,0,0,0,0,1,0,0,0,0,0,36,58,0,7,0,0,0,1,1,36,"c(121.531018010122, 25.0196389970461)",臺北捷運台電大樓站_G08,327.32438807128800,3451.7799368990900,3412.6377165867200,41
臺北市大安區臥龍街１８８巷２號,14170000,145184,0,0,63000,大安區,房地(土地+建物),25.0178740196945,121.551058972977,黎元里,30.52,住,NA,NA,1121004,土地1建物1車位0,三層,五層,公寓(5樓含以下無電梯),住家用,鋼筋混凝土造,680817,97.6,3,2,2,有,無,NA,NA,RPSNMLOJIIIGFFA47DA,85.07,0,12.53,無,NA,2023-10-04,1050,26.18499117158950,25.27052185095940,26.950046713811800,45.83176024326510,40.75758998129230,63000030046,0.11115798354777500,0.434507487871757,93.18,18119.66,49.160134364736800,32.726763708643100,0,0,0,0,0,0,0,0,0,0,17,10,0,4,1,0,1,0,2,18,"c(121.551058972977, 25.0178740196945)",臺北捷運六張犁站_BR07,671.228212985465,4424.013347413010,4766.286856996280,44
臺北市大安區臥龍街２９１號,36700000,247739,31.26,0,63000,大安區,房地(土地+建物)+車位,25.0170950056133,121.558515011127,黎和里,17.9,住,NA,NA,1121109,土地1建物1車位1,六層,十四層,住宅大樓(11層含以上有電梯),住家用,鋼筋混凝土造,1120503,148.14,3,2,2,有,有,坡道平面,土地總價新台幣2385.5萬元正  建物總價新台幣1284.5萬元正,RPUNMLNLJIIGFFA87DA,65.41,8.12,7.09,有,NA,2023-11-09,1051,26.16426432383910,22.619300483543800,30.959125943441800,0,44.89137296071530,63000030048,0.14923189465983900,0.5469397707876130,85.69,9088.47,46.76633082653030,33.27916800998400,0,0,0,0,0,0,1,0,0,0,13,8,0,1,0,0,1,0,0,14,"c(121.558515011127, 25.0170950056133)",臺北捷運麟光站_BR06,140.44650068454700,4076.353450812720,5388.478240839360,0
臺北市大安區辛亥路一段８６號,32800000,250841,0,0,63000,大安區,房地(土地+建物),25.0212020124408,121.531555038659,大學里,16.71,住,NA,NA,1121017,土地1建物1車位0,三層,十一層,住宅大樓(11層含以上有電梯),住家用,鋼筋混凝土造,671027,130.76,3,2,2,有,有,NA,陽台外推；,RPUNMLRKJIIGFFA18DA,100.58,0,13.02,有,NA,2023-10-17,1053,25.23810996501580,23.45378300073620,27.265806539555500,0,109.85497469400400,63000030043,0.2686935086277730,0.6967953985209530,87.51,45151.68,63.95813509724870,38.95337772807740,0,0,0,0,0,0,0,0,0,0,33,55,0,5,0,0,0,0,1,33,"c(121.531555038659, 25.0212020124408)",臺北捷運台電大樓站_G08,371.50811964776100,3325.1995165000700,3279.847063381500,45
臺北市大安區通化街３８巷８號,28000000,212153,0,0,63000,大安區,房地(土地+建物),25.0308477808865,121.553929690995,通安里,25.66,商,NA,NA,1121026,土地1建物1車位0,三層,七層,華廈(10層含以下有電梯),住家用,鋼筋混凝土造,710227,131.98,4,2,2,有,有,NA,陽台外推；,RPQNMLNLJIIGFFA47DA,98.91,0,5.97,有,NA,2023-10-26,1055,25.785822155173500,23.19152233389600,30.05926181769910,0,34.83270492425930,63000030032,0.1446272164067510,0.5283059175389870,87.3,44348.27,52.95840654570640,37.111892197682500,0,1,0,0,0,1,2,0,0,0,46,90,0,15,1,2,0,3,0,46,"c(121.553929690995, 25.0308477808865)",臺北捷運信義安和站_R04,323.6079043491350,3186.68823771038,4167.9544114007900,41
臺北市大安區通化街３９巷５０弄７３號,18000000,207828,0,0,63000,大安區,房地(土地+建物),25.0290830130824,121.55511698758,臨江里,20.67,住,NA,NA,1121103,土地1建物1車位0,五層,五層,公寓(5樓含以下無電梯),住家用,鋼筋混凝土造,740115,86.61,3,2,2,有,無,NA,母子買賣親友、員工、共有人或其他特殊關係間之交易；頂樓加蓋；,RPPNMLRJKIIGFFA77EA,78.14,0,8.47,無,164,2023-11-03,1056,25.67348501103910,22.173968494259100,30.026599704646200,0,45.66990579161390,63000030033,0.11430943814005000,0.4685856628840300,88.81,54342.33,46.38376382052260,33.32103319803650,0,1,0,0,0,0,2,0,0,0,44,55,0,11,0,2,0,2,0,44,"c(121.55511698758, 25.0290830130824)",臺北捷運信義安和站_R04,550.8959257737760,3227.2219718580000,4364.227245010240,38
臺北市大安區通安街１６２號,39800000,235405,0,0,63000,大安區,房地(土地+建物),25.0271309935614,121.552303015046,法治里,67.25,住,NA,NA,1121012,土地1建物1車位0,三層,四層,公寓(5樓含以下無電梯),住家用,鋼筋混凝土造,630626,169.07,4,2,2,有,無,NA,NA,RPVNMLKMJIIGFFA77DA,142.76,0,26.31,無,NA,2023-10-12,1058,24.931024777881700,22.998394488166700,27.28378797277230,0,41.34632929495730,63000030034,0.1906856403622250,0.6131953428201810,86.29,39812.66,56.28571426561220,38.0357142721301,1,1,0,0,0,0,1,0,0,1,42,58,0,16,1,2,1,0,2,43,"c(121.552303015046, 25.0271309935614)",臺北捷運六張犁站_BR07,382.9312353704970,3582.139928571920,4228.347830270640,49
臺北市大安區金山南路二段１４８號,37000000,281176,0,0,63000,大安區,房地(土地+建物),25.0290540116974,121.526132031123,錦泰里,18.18,住,NA,NA,1121010,土地1建物1車位0,六層,十二層,住宅大樓(11層含以上有電梯),住家用,鋼筋混凝土造,721214,131.59,3,2,2,有,有,NA,NA,RPPNMLRKJIIGFFA67DA,98.05,0,17.81,有,NA,2023-10-10,1059,24.461476393515100,23.29963588436750,26.225463719524100,0.16915237678677500,37.31378965858610,63000030020,0.2763787057698440,0.7022633088938480,93.21,28494.13,68.6125211215683,32.69881555300390,0,0,0,0,1,1,1,0,0,0,22,61,0,3,0,2,0,2,0,22,"c(121.526132031123, 25.0290540116974)",臺北捷運古亭站_G09_O05,486.78423898334600,2300.260461895310,2259.2329680037800,40
臺北市大安區金山南路二段１８號,50000000,323855,0,0,63000,大安區,房地(土地+建物),25.0332970149039,121.526953960549,光明里,14.29,商,NA,NA,1121007,土地1建物1車位0,六層,十二層,住宅大樓(11層含以上有電梯),住家用,鋼筋混凝土造,690318,154.39,5,2,2,有,有,NA,另含一個車位使用權,RPTOMLLJJIIGFFA47DA,121.94,0,14.76,有,NA,2023-10-07,1060,27.322380666482500,24.99676570987800,30.767402577207400,9.914917206282450,38.173333473791700,63000030019,0.24776785714285700,0.6747448979591840,92.77,32023.95,64.78243185653420,27.531516865583000,0,0,0,0,0,1,1,0,0,0,26,52,0,7,0,2,0,0,0,26,"c(121.526953960549, 25.0332970149039)",臺北捷運東門站_O06_R07,350.3325603648400,1941.8084738316600,1883.2885990200400,43
臺北市大安區雲和街６１之１號,21680000,254909,0,0,63000,大安區,房地(土地+建物),25.0236160005553,121.529700961676,龍泉里,24.5,住,NA,NA,1121023,土地2建物1車位0,五層,五層,公寓(5樓含以下無電梯),住家用,鋼筋混凝土造,680915,85.05,3,2,1,有,無,NA,頂樓加蓋；其他增建；,RPSNMLRKJIIGFFA97DA,75.31,0,9.74,無,NA,2023-10-23,1063,25.93059660355430,24.31312397947710,28.876222048341100,0,29.221120630450900,63000030012,0.26726798006171400,0.6779017327320200,87.39,53925.29,64.88525618834160,32.442628094170800,0,0,0,0,1,0,0,0,0,0,23,52,0,6,1,2,0,0,1,23,"c(121.529700961676, 25.0236160005553)",臺北捷運台電大樓站_G08,381.3388405311290,3000.982003281180,2957.3268065405600,44
臺北市文山區仙岩路２２巷２７號,16000000,208850,0,0,63000,文山區,房地(土地+建物),24.9990480137053,121.549928002781,興安里,17.48,住,NA,NA,1121008,土地1建物1車位0,九層,十五層,住宅大樓(11層含以上有電梯),住家用,鋼筋混凝土造,840411,76.61,2,2,1,有,有,NA,陽台外推；,RPQOMLRKJIIGFAA37DA,48.98,0,6.56,有,NA,2023-10-08,1070,25.01030060914220,24.35275043255600,26.07494397442510,18.838990488312900,34.36887879573020,63000080018,0.17677024961793200,0.5921209033791820,86.73,28563.84,50.23643322444580,32.60526907619790,0,0,0,0,0,0,1,0,0,0,12,23,0,7,1,1,4,2,0,16,"c(121.549928002781, 24.9990480137053)",臺北捷運萬芳醫院站_BR04,788.1881608346780,6247.939421439560,6329.3052900502200,28
臺北市文山區仙岩路２２巷９號,13000000,133910,0,0,63000,文山區,房地(土地+建物)+車位,24.9986067903222,121.549463729164,興安里,16.57,住,NA,NA,1121005,土地1建物1車位1,五層,二十層,住宅大樓(11層含以上有電梯),住家用,鋼筋混凝土造,840411,97.08,4,2,2,有,有,坡道機械,親友、員工、共有人或其他特殊關係間之交易；,RPPNMLQKJIIGFAA17EA,75.48,3.74,6.44,有,NA,2023-10-05,1071,26.89683904423980,25.372567629568600,29.196136870614700,29.095260433044600,32.28958583337110,63000080018,0.17677024961793200,0.5921209033791820,86.73,28563.84,50.23643322444580,32.60526907619790,0,0,0,0,0,0,0,0,0,0,8,26,0,6,1,1,4,2,0,12,"c(121.549463729164, 24.9986067903222)",臺北捷運萬芳醫院站_BR04,838.2726433913590,6279.971817023500,6346.618313631340,28
臺北市文山區光輝路３０巷４號,13880000,130783,0,0,63000,文山區,房地(土地+建物),24.9862739932659,121.554436041766,樟林里,31.25,住,NA,NA,1121031,土地1建物1車位0,四層，五層,五層,公寓(5樓含以下無電梯),住家用,加強磚造,571023,106.13,4,2,2,有,無,NA,陽台外推；,RPRNMLLLJIIGFAA86DA,106.13,0,0,無,800,2023-10-31,1072,23.298700409257400,21.61164317110430,25.776966608696700,0,30.481689095051300,63000080030,0.14784506273868000,0.5274140752864160,94.07,34781.86,47.288776788454600,32.084309127709500,0,0,0,0,0,0,0,0,0,0,9,5,0,2,0,0,0,3,0,9,"c(121.554436041766, 24.9862739932659)",臺北捷運大坪林站_G04_Y07,1342.5824263435700,7373.590045588080,7780.531484700410,55
臺北市文山區忠順街一段１１３號,12000000,120470,0,0,63000,文山區,房地(土地+建物),24.9843000131586,121.559752012398,樟林里,27.63,住,NA,NA,1121013,土地1建物1車位0,五層,五層,公寓(5樓含以下無電梯),住家用,鋼筋混凝土造,680924,99.61,3,2,1,有,無,NA,NA,RPSNMLOKJIIGFAA27EA,88.48,0,11.13,無,NA,2023-10-13,1074,23.80428206903390,21.87503276372700,27.0679112612317,0,40.0399440476392,63000080030,0.14784506273868000,0.5274140752864160,94.07,34781.86,47.288776788454600,32.084309127709500,0,0,0,0,0,0,0,0,0,0,26,37,0,6,0,0,1,2,0,27,"c(121.559752012398, 24.9843000131586)",臺北捷運萬芳醫院站_BR04,1677.2770488704000,7428.056596024320,8240.318792041100,44
臺北市文山區忠順街一段３４號,22880000,270545,0,0,63000,文山區,房地(土地+建物),24.984020015683,121.559594013523,樟樹里,33.25,住,NA,NA,1121022,土地1建物1車位0,一層，平台,四層,公寓(5樓含以下無電梯),住家用,鋼筋混凝土造,640721,84.57,2,1,1,有,無,NA,其他增建；,RPRNMLRJJIIGFAA27DA,84.57,0,0,無,NA,2023-10-22,1077,23.001349626755700,21.29782202733110,24.365332836305000,0.11251801495641300,33.30635302870190,63000080043,0.12196331184928100,0.4873574615765990,92.12,60722.34,46.516067436679600,28.348711413188400,0,0,0,0,0,0,0,0,0,0,25,38,0,6,0,0,2,1,0,27,"c(121.559594013523, 24.984020015683)",臺北捷運萬芳醫院站_BR04,1706.2322373405900,7462.086660834670,8258.439832430180,48
臺北市文山區恆光街２２巷１０號,17800000,141180,0,0,63000,文山區,房地(土地+建物),24.9824419966817,121.566596003979,樟腳里,40.57,住,NA,NA,1121005,土地1建物1車位0,五層,五層,公寓(5樓含以下無電梯),住家用,鋼筋混凝土造,790317,126.08,4,3,3,有,無,NA,頂樓加蓋；其他增建；,RPQNMLQLIIIGFAA17DA,94.11,12.4,8.34,無,NA,2023-10-05,1078,26.78919166179860,25.222178325065300,28.99418742580540,30.80408786903490,32.34559002885500,63000080032,0.1469970600587990,0.5243595128097440,91.7,30346.86,43.89080306284370,26.212562940309400,0,0,0,0,0,0,0,0,0,0,15,19,0,3,1,1,0,1,0,15,"c(121.566596003979, 24.9824419966817)",臺北捷運萬芳社區站_BR03,1802.9046762480200,7488.46403873584,8790.65093001994,33
臺北市文山區指南路三段５７號,22000000,197476,30.84,1500000,63000,文山區,房地(土地+建物)+車位,24.9834489985292,121.580086006587,指南里,22.41,住,NA,NA,1121003,土地1建物2車位1,八層,八層,華廈(10層含以下有電梯),住家用,鋼筋混凝土造,1110913,134.65,3,2,2,有,有,塔式車位,其他增建；,RPVOMLQJJIIGFAA67DA,46.39,11.79,2.22,有,NA,2023-10-03,1081,24.166877537038500,21.732954016531700,26.269788296790700,19.351181887508600,35.01386084247350,63000080036,0.18957871396895800,0.520509977827051,101.35,638.93,43.66586122068840,24.54263029874260,0,0,0,0,0,0,0,0,0,0,2,2,0,0,1,0,0,0,0,2,"c(121.580086006587, 24.9834489985292)",貓空纜車指南宮站,1087.3750751973900,7286.5154795545900,8239.980648035380,1
臺北市文山區指南路三段７１號,10860000,151232,0,0,63000,文山區,房地(土地+建物),24.9830675800252,121.580168568334,指南里,20.2,住,NA,NA,1121027,土地1建物1車位0,三層,七層,華廈(10層含以下有電梯),住家用,鋼筋混凝土造,840509,71.81,2,2,1,有,有,NA,其他增建；,RPWNMLKKJIIGFAA17DA,47.33,0.62,7.26,有,NA,2023-10-27,1082,23.042045758526800,21.56751384112610,24.723890560436900,0.28978983049470200,34.8574839204998,63000080036,0.18957871396895800,0.520509977827051,101.35,638.93,43.66586122068840,24.54263029874260,0,0,0,0,0,0,0,0,0,0,2,2,0,0,0,0,0,0,0,2,"c(121.580168568334, 24.9830675800252)",貓空纜車指南宮站,1061.5783359456400,7328.966673915110,8277.057099403060,28
臺北市文山區指南路三段７７巷５號,25680000,143916,32.39,2000000,63000,文山區,房地(土地+建物)+車位,24.9827240058141,121.580467969915,指南里,37.84,住,NA,NA,1121002,土地1建物1車位1,七層,十三層,住宅大樓(11層含以上有電梯),住家用,鋼筋混凝土造,990721,196.93,3,2,2,有,有,升降機械,NA,RPRNMLLKIIIGFAA66DA,93.45,10.57,6.2,有,NA,2023-10-02,1083,24.93251009061800,22.324640996080600,27.336576130799300,2.559881020970420,43.60321720752220,63000080036,0.18957871396895800,0.520509977827051,101.35,638.93,43.66586122068840,24.54263029874260,0,0,0,0,0,0,0,0,0,0,2,1,0,0,0,0,0,0,0,2,"c(121.580467969915, 24.9827240058141)",貓空纜車指南宮站,1018.4441688030900,7367.870286169230,8303.060440941260,13
臺北市文山區指南路二段４５巷２１弄７號,15200000,133287,0,0,63000,文山區,房地(土地+建物),24.9886770010873,121.573897982749,萬興里,32.61,住,NA,NA,1121001,土地1建物1車位0,五層,五層,公寓(5樓含以下無電梯),住家用,鋼筋混凝土造,701007,114.04,3,2,2,有,無,NA,陽台外推；其他增建；,RPPNMLPLIIIGFAA96DA,71.56,0,23.24,無,577,2023-10-01,1084,27.035610087610100,24.26148985033170,30.35389652586070,4.236909072954760,41.321408308599900,63000080035,0.20550206327372800,0.5889958734525450,92.28,2828.96,46.14310644918970,26.87609074574590,0,1,0,0,1,0,2,0,0,0,20,9,0,4,1,1,1,0,0,21,"c(121.573897982749, 24.9886770010873)",貓空纜車動物園站,930.3306350121730,6719.349563981850,7941.06696190412,42
臺北市文山區政大一街２１０巷４３號,15000000,145110,0,0,63000,文山區,房地(土地+建物)+車位,24.984935990062,121.58509897142,政大里,43.89,住,NA,NA,1121014,土地1建物1車位1,三層,七層,華廈(10層含以下有電梯),住家用,鋼筋混凝土造,831222,103.37,3,2,1,有,有,坡道平面,陽台外推；夾層；,RPSOMLTKIIIGFAA67DA,51.31,0.43,6.08,有,NA,2023-10-14,1085,23.175069042564500,21.911962423566500,25.61249233795620,0,40.777246995669800,63000080040,0.24420517421863300,0.6754897562434570,92.65,2884.08,42.32879135686980,18.333038397038900,0,0,0,0,0,0,0,0,0,0,0,1,0,1,0,0,0,0,0,0,"c(121.58509897142, 24.984935990062)",貓空纜車指南宮站,800.7989205765260,7153.0057578007800,7927.112898196150,29
臺北市文山區政大一街２１０巷４５號,16080000,155558,0,0,63000,文山區,房地(土地+建物)+車位,24.9848839803528,121.585113975026,政大里,43.89,住,NA,NA,1121014,土地1建物1車位1,三層,七層,華廈(10層含以下有電梯),住家用,鋼筋混凝土造,831222,103.37,2,2,1,有,有,坡道平面,夾層；其他增建；,RPPOMLNLIIIGFAA86DA,51.31,0.43,6.08,有,306,2023-10-14,1086,23.17560047932230,21.912281013506800,25.613193167847500,0,40.77579129634940,63000080040,0.24420517421863300,0.6754897562434570,92.65,2884.08,42.32879135686980,18.333038397038900,0,0,0,0,0,0,0,0,0,0,0,1,0,1,0,0,0,0,0,0,"c(121.585113975026, 24.9848839803528)",貓空纜車指南宮站,795.2370436254270,7158.88628008956,7932.21036901904,29
臺北市文山區政大一街２５１號,19800000,194812,33.09,2000000,63000,文山區,房地(土地+建物)+車位,24.9866034858798,121.585099139058,政大里,40.38,住,NA,NA,1121004,土地1建物1車位1,二層,五層,華廈(10層含以下有電梯),住家用,鋼筋混凝土造,1031113,124.46,2,2,1,有,有,坡道平面,NA,RPTNMLKLIIIGFAA86DA,55.05,2.19,4.77,有,690,2023-10-04,1087,26.130866578030100,25.557509556599500,27.05514111495570,55.952206212904100,36.63947139995450,63000080040,0.24420517421863300,0.6754897562434570,92.65,2884.08,42.32879135686980,18.333038397038900,0,0,0,0,0,0,0,0,0,0,0,0,0,0,0,0,0,1,0,0,"c(121.585099139058, 24.9866034858798)",貓空纜車指南宮站,956.9784296995560,6969.194592984310,7750.130444626960,9
臺北市文山區政大一街２７９號,25680000,188760,33.09,2000000,63000,文山區,房地(土地+建物)+車位,24.9870841042079,121.58529804162,政大里,54.5,住,NA,NA,1121111,土地1建物1車位1,四層,五層,華廈(10層含以下有電梯),住家用,鋼筋混凝土造,1031113,158.54,3,2,2,有,有,坡道平面,其他增建；,RPUNMLOKJIIGFAA37DA,75.95,1.17,8.53,有,41,2023-11-11,1088,21.62499068877830,20.849204549137100,22.879265330433900,3.100067125533630,31.37391019556220,63000080040,0.24420517421863300,0.6754897562434570,92.65,2884.08,42.32879135686980,18.333038397038900,0,0,0,0,0,0,0,0,0,0,0,0,0,0,0,0,0,1,0,0,"c(121.58529804162, 24.9870841042079)",貓空纜車指南宮站,994.6222130545810,6918.261844658500,7693.361797326010,9
臺北市文山區政大三街１０８號,29490000,182021,21.82,2500000,63000,文山區,房地(土地+建物)+車位,24.9859100091205,121.583419992394,政大里,74.76,住,NA,NA,1121101,土地1建物1車位1,三層,五層,華廈(10層含以下有電梯),住家用,鋼筋混凝土造,990106,170.1,4,2,2,有,有,坡道平面,其他增建；,RPXNMLPKJIIGFAA77DA,97.11,0,10.03,有,NA,2023-11-01,1089,24.631018098232,21.82524154924230,27.621723558014800,0,31.282311598805600,63000080040,0.24420517421863300,0.6754897562434570,92.65,2884.08,42.32879135686980,18.333038397038900,0,0,0,0,0,0,0,0,0,0,2,1,0,0,0,0,0,0,0,2,"c(121.583419992394, 24.9859100091205)",貓空纜車指南宮站,990.0772767606260,7031.0026519582800,7873.964035082760,13
臺北市文山區政大三街２１巷１４號,26080000,135502,0,2000000,63000,文山區,房地(土地+建物)+車位,24.986128986341,121.581717963136,政大里,100.6,住,NA,NA,1121005,土地1建物1車位1,四層，五層，電梯樓梯間,五層,華廈(10層含以下有電梯),住家用,鋼筋混凝土造,851217,192.47,4,2,2,有,有,坡道平面,陽台外推；夾層；其他增建；,RPWNMLOLIIIGFAA57DA,117.94,5.98,13.26,有,NA,2023-10-05,1090,26.927745131819500,25.38111906034400,29.0481834865108,28.374461596861500,31.3514421271778,63000080040,0.24420517421863300,0.6754897562434570,92.65,2884.08,42.32879135686980,18.333038397038900,0,0,0,0,0,0,0,0,0,0,7,2,0,0,1,0,0,0,0,7,"c(121.581717963136, 24.986128986341)",貓空纜車指南宮站,1125.0609220332800,6996.093624242160,7905.370465898460,27
臺北市文山區政大三街３５號,13090000,183854,32.44,2500000,63000,文山區,房地(土地+建物)+車位,24.9859509966271,121.581909992537,政大里,32.27,住,NA,NA,1121007,土地1建物1車位1,四層,五層,華廈(10層含以下有電梯),住家用,鋼筋混凝土造,950724,90.04,2,2,1,有,有,坡道平面,夾層；其他增建；,RPUNMLKLIIIGFAA96DA,38.14,0,0,有,NA,2023-10-07,1091,26.50430964841890,24.660855735017000,30.416398334180100,14.189830305499300,30.19451847984850,63000080040,0.24420517421863300,0.6754897562434570,92.65,2884.08,42.32879135686980,18.333038397038900,0,0,0,0,0,0,0,0,0,0,3,2,0,0,1,0,0,0,0,3,"c(121.581909992537, 24.9859509966271)",貓空纜車指南宮站,1097.4190563632200,7016.780674691470,7917.70395041378,17
臺北市文山區政大二街２１５巷１２號,18880000,136782,0,0,63000,文山區,房地(土地+建物)+車位,24.9888399871946,121.587527963141,政大里,71.25,住,NA,NA,1121029,土地1建物1車位1,九層,九層,華廈(10層含以下有電梯),住家用,鋼筋混凝土造,920609,138.03,3,2,2,有,有,坡道平面,夾層；其他增建；,RPPOMLKKJIIGFAA56DA,77.05,0,7.15,有,NA,2023-10-29,1092,22.174856237552800,21.15285258092080,23.465746455686800,0.99190908091674,39.8545451624121,63000080040,0.24420517421863300,0.6754897562434570,92.65,2884.08,42.32879135686980,18.333038397038900,0,0,0,0,0,0,0,0,0,0,0,0,0,0,0,0,0,1,0,0,"c(121.587527963141, 24.9888399871946)",貓空纜車指南宮站,1105.6696798574400,6752.38387434154,7443.820440981420,20
臺北市文山區政大二街２１５巷２號,17500000,124920,0,0,63000,文山區,房地(土地+建物)+車位,24.9887360096857,121.58729000091,政大里,71.4,住,NA,NA,1121006,土地1建物1車位1,五層,九層,華廈(10層含以下有電梯),住家用,鋼筋混凝土造,920609,140.09,3,2,2,有,有,坡道平面,每戶1個車位，車位位置每年抽籤。,RPVNMLKLIIIGFAA07DA,75.77,0,10.49,有,240,2023-10-06,1093,27.00162162240350,25.362069711702000,28.74863047576550,1.9322924152671800,33.773158973660700,63000080040,0.24420517421863300,0.6754897562434570,92.65,2884.08,42.32879135686980,18.333038397038900,0,0,0,0,0,0,0,0,0,0,0,0,0,0,0,0,0,1,0,0,"c(121.58729000091, 24.9887360096857)",貓空纜車指南宮站,1099.497751425120,6760.502873130630,7461.390020222710,20
臺北市文山區政大二街２６０巷４３號,10800000,189590,8.04,750000,63000,文山區,房地(土地+建物)+車位,24.9876300175617,121.58689001649,政大里,26.12,住,NA,NA,1121102,土地1建物1車位1,四層,五層,華廈(10層含以下有電梯),住家用,鋼筋混凝土造,990730,69.3,1,1,1,有,有,坡道機械,NA,RPSNMLLLJIIGFAA96DA,27.45,1.4,4.81,有,82,2023-11-02,1094,25.778269098947900,21.76977135281060,30.23026682227910,0,30.32212121550340,63000080040,0.24420517421863300,0.6754897562434570,92.65,2884.08,42.32879135686980,18.333038397038900,0,0,0,0,0,0,0,0,0,0,0,0,0,0,0,0,0,1,0,0,"c(121.58689001649, 24.9876300175617)",貓空纜車指南宮站,991.3361562763510,6876.664784940440,7590.257621983120,13
臺北市文山區新光路一段３２巷４弄３號,9500000,176909,0,0,63000,文山區,房地(土地+建物),24.9894340126726,121.573129026952,萬興里,17.17,住,NA,NA,1121005,土地1建物1車位0,三層,八層,華廈(10層含以下有電梯),住家用,鋼筋混凝土造,930910,53.7,1,1,1,有,有,NA,NA,RPWNMLRKIIIGFAA77DA,32.05,0,3.79,有,196,2023-10-05,1095,26.912661124375600,25.330812759954800,29.062777222355500,27.057019447218900,32.324940443166400,63000080035,0.20550206327372800,0.5889958734525450,92.28,2828.96,46.14310644918970,26.87609074574590,0,1,0,0,1,0,2,0,0,0,21,12,0,7,0,1,1,0,6,22,"c(121.573129026952, 24.9894340126726)",貓空纜車動物園站,882.6854692175810,6641.255521551930,7898.842244842340,19
臺北市文山區景文街１號,7500000,198360,0,0,63000,文山區,房地(土地+建物),24.9935960047848,121.541380976113,景華里,5.98,商,NA,NA,1121102,土地1建物1車位0,十層,十三層,住宅大樓(11層含以上有電梯),住家用,鋼筋混凝土造,931105,37.81,0,0,0,無,有,NA,親友、員工、共有人或其他特殊關係間之交易；,RPPNMLLLJIIGFAA76EA,23.37,0.57,2.1,有,NA,2023-11-02,1096,26.043208409980800,22.526266518618000,30.518026920015300,0,31.869636227264200,63000080006,0.16474464579901200,0.550658978583196,88.16,32126.63,58.24084349105410,34.739178680705000,1,0,0,0,0,1,1,0,0,1,30,42,0,10,2,1,0,2,0,30,"c(121.541380976113, 24.9935960047848)",臺北捷運景美站_G05,83.38119423421030,6049.3776107666700,6475.939478068420,19
臺北市文山區景文街３號,15250000,173163,13.92,2500000,63000,文山區,房地(土地+建物)+車位,24.993548982308,121.541404026347,景華里,8.71,商,NA,NA,1121113,土地1建物1車位1,五層,十三層,住宅大樓(11層含以上有電梯),住家用,鋼筋混凝土造,931105,87.55,1,1,1,有,有,坡道平面,夾層；其他增建；,RPQNMLRKJIIGFAA27DA,29.3,0,2.56,有,165,2023-11-13,1098,17.442350635232500,16.653301339191100,18.33877287197700,4.905837780586920,39.8355365853092,63000080006,0.16474464579901200,0.550658978583196,88.16,32126.63,58.24084349105410,34.739178680705000,1,0,0,0,0,1,1,0,0,1,30,42,0,10,2,1,0,1,0,30,"c(121.541404026347, 24.993548982308)",臺北捷運景美站_G05,82.54292595121650,6054.766469033310,6481.641503850170,19
臺北市文山區景明街１１巷６弄１０號,12000000,145033,0,0,63000,文山區,房地(土地+建物),25.0010709860367,121.541576023,萬有里,25,住,NA,NA,1121005,土地1建物1車位0,三層,四層,公寓(5樓含以下無電梯),住家用,鋼筋混凝土造,660202,82.74,3,2,1,有,無,NA,親友、員工、共有人或其他特殊關係間之交易；,RPTNMLOKJIIGFAA27DA,70.88,0,11.86,無,NA,2023-10-05,1099,26.953377630854600,25.477525520593300,29.331367674924200,29.54581664103940,32.26712491565130,63000080007,0.1796319531576750,0.5851108322877460,93.06,34714.86,54.66995342244040,30.977814288968000,0,0,0,0,0,0,1,0,0,0,22,25,0,7,1,1,1,0,0,23,"c(121.541576023, 25.0010709860367)",臺北捷運萬隆站_G06,343.64546306089100,5490.516979715650,5727.295833949940,46
臺北市文山區景明街１３號,12000000,175850,0,0,63000,文山區,房地(土地+建物),25.0014350120916,121.541538974988,萬有里,23,住,NA,NA,1121106,土地1建物1車位0,一層,四層,公寓(5樓含以下無電梯),住家用,鋼筋混凝土造,660727,68.24,1,1,1,有,無,NA,親友、員工、共有人或其他特殊關係間之交易；其他增建；,RPTNMLKLJIIGFAA07EA,56.45,11.79,0,無,NA,2023-11-06,1100,25.562978745667100,21.249336158525600,31.84798418721540,0,49.17491005421380,63000080007,0.1796319531576750,0.5851108322877460,93.06,34714.86,54.66995342244040,30.977814288968000,0,0,0,0,0,0,1,0,0,0,22,25,0,7,1,1,1,0,0,23,"c(121.541538974988, 25.0014350120916)",臺北捷運萬隆站_G06,323.4203854894620,5461.467293568520,5689.352511268800,46
臺北市文山區景福街１４１號,20300000,162504,0,2500000,63000,文山區,房地(土地+建物)+車位,24.9958429834786,121.536217975214,景慶里,32.45,住,NA,NA,1121001,土地1建物1車位1,三層,五層,公寓(5樓含以下無電梯),住家用,鋼筋混凝土造,781115,124.92,3,2,2,有,無,坡道平面,陽台外推；其他增建；,RPPNMLLJIIIGFAA98DA,71.56,10.03,10.07,無,NA,2023-10-01,1101,27.783452365716900,25.49331803310030,31.149809781084000,2.5316360425175400,41.819634899845000,63000080004,0.13905595042828500,0.5041006014215420,88.8,17362.5,55.25743290905070,32.6323422691244,0,0,0,0,0,0,0,0,0,0,8,9,0,0,0,0,1,1,0,9,"c(121.536217975214, 24.9958429834786)",臺北捷運景美站_G05,540.7162606766330,5515.004181861970,6059.997820061600,34
臺北市文山區景美街１５５號,3000000,84293,0,0,63000,文山區,房地(土地+建物),24.9892919813233,121.541609969708,景行里,10.89,商,NA,NA,1121011,土地2建物1車位0,四層,五層,公寓(5樓含以下無電梯),住家用,鋼筋混凝土造,750331,35.58,5,2,3,有,無,NA,急買急賣；,RPQNMLPKJIIGFAA17EA,23.63,4.26,2.42,無,NA,2023-10-11,1103,23.415938460456500,21.80738641104670,25.90768513939480,0.8944285673043650,43.31650359390660,63000080001,0.15779981965734900,0.5383228133453560,88,48242.31,53.25476991147500,24.466891128981100,1,0,0,0,1,1,1,0,0,1,26,26,0,7,2,3,0,4,0,26,"c(121.541609969708, 24.9892919813233)",臺北捷運景美站_G05,439.2634388110560,6420.019186131030,6927.520204440740,37
臺北市文山區景興路１５３巷１７號,15140000,216403.5,0,0,63000,文山區,房地(土地+建物),24.993965981991,121.545835035642,景東里,22.19,住,NA,NA,1121115,土地1建物1車位0,十層,十二層,住宅大樓(11層含以上有電梯),住家用,鋼筋混凝土造,830317,115.62,3,2,2,有,有,NA,有2處滲漏水由買方自行修復陽台外推；,RPVNMLTLJIIGFAA08DA,71.93,2.78,9.79,有,NA,2023-11-15,1104,20.46244840950570,18.759143233324300,21.97772676235130,0,31.190325529738100,63000080002,0.15283630470016200,0.5444084278768230,86.63,27204.54,49.16615193552270,27.03314802819990,0,0,0,0,0,0,0,0,0,1,19,17,0,6,0,0,1,2,0,20,"c(121.545835035642, 24.993965981991)",臺北捷運景美站_G05,525.8213831959210,6337.493395122020,6623.021733599300,29
臺北市文山區景興路１８８號,8190000,156605,0,0,63000,文山區,房地(土地+建物),24.9922989890875,121.543817008633,景行里,4.89,商,NA,NA,1121006,土地1建物1車位0,二十三層,二十四層,住宅大樓(11層含以上有電梯),住家用,見使用執照,850104,60.01,1,1,1,有,有,NA,其他增建；含租約；,RPPNMLLLIIIGFAA56DA,27.78,1.02,2.44,有,576,2023-10-06,1105,27.26852282141500,25.41852620436290,29.2927010093648,1.5,34.47775367556840,63000080001,0.15779981965734900,0.5383228133453560,88,48242.31,53.25476991147500,24.466891128981100,1,0,0,0,1,1,1,0,0,1,29,37,0,10,2,2,1,2,0,30,"c(121.543817008633, 24.9922989890875)",臺北捷運景美站_G05,329.11907173973100,6323.00966941604,6704.529558125680,27
臺北市文山區景興路２６２號,8800000,233113,0,0,63000,文山區,房地(土地+建物),24.9899987014895,121.542635076466,景行里,3.24,商,NA,NA,1121015,土地1建物1車位0,八層,十五層,住宅大樓(11層含以上有電梯),住家用,鋼筋混凝土造,981028,37.75,1,0,1,有,有,NA,NA,RPPNMLSLIIIGFAA27DA,21.94,0.71,0,有,NA,2023-10-15,1108,23.43572417564240,21.63082816135660,26.76910246030040,0,81.2002035695825,63000080001,0.15779981965734900,0.5383228133453560,88,48242.31,53.25476991147500,24.466891128981100,1,0,0,0,1,1,1,0,0,1,27,31,0,9,2,3,0,4,0,27,"c(121.542635076466, 24.9899987014895)",臺北捷運景美站_G05,401.93440609482900,6428.938497949500,6892.69709097053,14
臺北市文山區景華街１２８巷４８號,12880000,118014,0,0,63000,文山區,房地(土地+建物),24.994469985829,121.547270017465,景東里,30.32,住,NA,NA,1121024,土地1建物1車位0,五層,五層,公寓(5樓含以下無電梯),住家用,鋼筋混凝土造,720902,109.14,3,2,2,有,有,NA,其他增建；,RPVNMLLJJIIGFAA07DA,95.9,0,13.24,無,NA,2023-10-24,1110,25.807620130601000,22.50716176141930,30.346474536048100,0,34.40025960510930,63000080002,0.15283630470016200,0.5444084278768230,86.63,27204.54,49.16615193552270,27.03314802819990,0,0,0,0,0,0,0,0,0,1,13,13,0,5,0,0,1,3,0,14,"c(121.547270017465, 24.994469985829)",臺北捷運景美站_G05,678.6868077627750,6405.554109198470,6638.353221232880,40
臺北市文山區景華街１３巷２號,22700000,170574,0,0,63000,文山區,房地(土地+建物),24.9953790032283,121.541990005198,景華里,26.79,住,NA,NA,1121022,土地1建物1車位0,六層,七層,華廈(10層含以下有電梯),住家用,鋼筋混凝土造,720728,133.08,4,2,2,有,有,NA,NA,RPWPMLMJJIIGFAA47DA,99.06,0,17.36,有,NA,2023-10-22,1111,23.361062942832200,21.660144556649100,24.705021567709400,0.29749537518369700,33.26470296189800,63000080006,0.16474464579901200,0.550658978583196,88.16,32126.63,58.24084349105410,34.739178680705000,1,0,0,0,0,1,0,0,0,1,31,41,0,8,2,1,1,1,0,32,"c(121.541990005198, 24.9953790032283)",臺北捷運景美站_G05,277.1788483249810,5950.328935283530,6318.01965124542,40
臺北市文山區景華街７４號,16600000,370867,0,0,63000,文山區,房地(土地+建物),24.9950399971544,121.545142019887,景東里,19.73,住,NA,NA,1121019,土地2建物1車位0,一層，平台,四層,公寓(5樓含以下無電梯),住家用,鋼筋混凝土造,640624,44.76,0,0,0,無,無,NA,親友、員工、共有人或其他特殊關係間之交易；,RPVNMLKKJIIGFAA07DA,44.76,0,0,無,NA,2023-10-19,1112,26.881644094485800,22.582909546980000,31.67652269065470,0,49.62518594385150,63000080002,0.15283630470016200,0.5444084278768230,86.63,27204.54,49.16615193552270,27.03314802819990,0,0,0,0,0,0,0,0,0,1,20,24,0,6,2,0,1,1,0,21,"c(121.545142019887, 24.9950399971544)",臺北捷運景美站_G05,493.9438059986400,6204.940637917170,6485.423955777390,48
臺北市文山區木新路二段１１１巷１２弄２號,11380000,126571,0,0,63000,文山區,房地(土地+建物),24.9836329813039,121.570226960615,木新里,20,住,NA,NA,1121006,土地1建物1車位0,五層,五層,公寓(5樓含以下無電梯),住家用,鋼筋混凝土造,751021,89.91,3,2,1,有,無,NA,其他增建；,RPPNMLTJJIIGFAA27DA,71.56,0,9.96,無,NA,2023-10-06,1113,26.870441607007300,25.08632212693170,28.7744695947054,1.6505652141922400,34.61246617567800,63000080028,0.1182604836920350,0.441868205014422,103.22,30938.25,43.729011528145900,31.610454076272400,0,0,0,0,0,0,1,0,0,0,12,15,0,5,1,1,1,1,0,13,"c(121.570226960615, 24.9836329813039)",貓空纜車動物園站,1588.7706563930100,7308.634699562500,8604.849627045830,37
臺北市文山區木柵路一段１１７巷２弄８號,20900000,142955,0,0,63000,文山區,房地(土地+建物)+車位,24.9882630188895,121.548067974648,試院里,34.06,住,NA,NA,1121010,土地2建物1車位1,六層,七層,華廈(10層含以下有電梯),住家用,鋼筋混凝土造,840710,146.2,3,2,2,有,無,坡道平面,陽台外推；其他增建；,RPXNMLSJJIIGFAA97DA,63.67,14.46,14.28,有,NA,2023-10-10,1115,23.780743362178500,22.789866800316200,25.709736473453900,3.0960066979294900,37.55847136374710,63000080023,0.16785714285714300,0.5722789115646260,91.41,15396.62,46.79529828192610,30.405854950009800,0,0,0,0,1,0,0,0,0,0,7,4,0,2,1,2,0,4,0,7,"c(121.548067974648, 24.9882630188895)",臺北捷運大坪林站_G04_Y07,844.2492642782720,6942.697253137600,7289.8899840545100,28
臺北市文山區木柵路一段５９巷４號,12100000,173976,0,0,63000,文山區,房地(土地+建物),24.9871809990086,121.546076015358,試院里,18.56,住,NA,NA,1121104,土地1建物1車位0,五層,六層,華廈(10層含以下有電梯),住家用,鋼筋混凝土造,810814,69.55,2,1,1,有,有,NA,NA,RPROMLKLJIIGFAA86DA,50.31,1.43,5.02,有,NA,2023-11-04,1116,25.960472415912900,20.827828833663700,31.104763701241800,0,35.432029767854400,63000080023,0.16785714285714300,0.5722789115646260,91.41,15396.62,46.79529828192610,30.405854950009800,0,0,0,0,1,0,1,0,0,0,9,3,0,1,1,2,0,4,0,9,"c(121.546076015358, 24.9871809990086)",臺北捷運大坪林站_G04_Y07,612.6356185569440,6893.179846793780,7315.269424223790,31
臺北市文山區木柵路四段１４１號,32000000,224981,23.01,3000000,63000,文山區,房地(土地+建物)+車位,24.9983500107184,121.574020023259,博嘉里,41.07,住,NA,NA,1121030,土地2建物1車位1,七層,十九層,住宅大樓(11層含以上有電梯),住家用,鋼筋混凝土造,1000214,151.91,3,2,2,有,有,坡道平面,NA,RPTNMLNKJIIGFAA17DA,80.6,5.41,5.79,有,NA,2023-10-30,1119,23.024995044944200,20.219215350360500,25.416567316027500,0,32.43871474415600,63000080034,0.14882910779949700,0.5202245016450550,90.08,1409.57,47.77165747426850,29.36905357301730,0,0,0,0,0,0,0,0,0,0,7,3,0,1,0,0,1,0,0,8,"c(121.574020023259, 24.9983500107184)",臺北捷運木柵站_BR02,46.37251629471290,5649.67586970741,6979.999067222370,12
臺北市文山區樟新街１５巷６號,26500000,154573,0,2000000,63000,文山區,房地(土地+建物)+車位,24.9791080108746,121.555544967556,樟新里,40.39,住,NA,NA,1121009,土地1建物1車位1,六層,十一層,住宅大樓(11層含以上有電梯),住家用,鋼筋混凝土造,790821,171.44,4,2,2,有,有,坡道平面,NA,RPQNMLPLIIIGFAA07DA,148.16,4.15,12.62,有,NA,2023-10-09,1120,24.660072278047700,23.32790561822480,25.88627565207200,7.601680405639190,36.38047111836070,63000080031,0.15449915110356500,0.5640916808149410,87.91,27574.21,44.3520257460821,26.42876307313420,0,0,0,0,0,2,0,0,1,0,14,9,0,3,0,1,1,1,0,15,"c(121.555544967556, 24.9791080108746)",臺北捷運七張站_G03,1332.7296062028600,8095.780525179860,8533.588089701940,33
臺北市文山區樟新街３６號,26000000,145081,0,2000000,63000,文山區,房地(土地+建物)+車位,24.9784489837375,121.555373976731,樟新里,32.94,住,NA,NA,1121015,土地1建物1車位1,二層,十六層,住宅大樓(11層含以上有電梯),住家用,鋼筋混凝土造,831221,179.21,4,2,2,有,有,坡道平面,陽台外推；其他增建；,RPUNMLTJJIIGFAA77DA,96.96,19.94,10.97,有,NA,2023-10-15,1121,23.15785430943170,21.28217635661730,26.63517276744410,0,81.3847258084261,63000080031,0.15449915110356500,0.5640916808149410,87.91,27574.21,44.3520257460821,26.42876307313420,0,0,0,0,0,2,0,0,1,0,16,6,0,1,0,1,1,1,0,17,"c(121.555373976731, 24.9784489837375)",臺北捷運七張站_G03,1293.2193795388300,8170.681216550730,8590.822005558310,29
臺北市文山區汀州路四段１５８號,22600000,225346,0,0,63000,文山區,房地(土地+建物),25.0047834985912,121.535285739943,萬和里,17.37,住,NA,NA,1121028,土地2建物1車位0,二層,七層,華廈(10層含以下有電梯),住家用,鋼筋混凝土造,731115,100.29,3,2,2,有,有,NA,陽台外推；其他增建；,RPPNMLOKJIIGFAA86DA,84.11,0,9.2,有,NA,2023-10-28,1122,22.08203569317180,20.43199720886010,23.53185326774540,6.495243374517780,40.2351124001818,63000080011,0.19290686112031800,0.5667882001988730,90.62,10355.63,52.645620252269600,34.14851043390460,0,0,0,0,0,0,1,0,0,0,12,13,0,5,1,2,1,1,0,13,"c(121.535285739943, 25.0047834985912)",臺北捷運萬隆站_G06,415.5131288811240,4742.056669819690,5096.821886191960,39
臺北市文山區汀州路四段２８１號,25548996,155825.5,36.33,1400000,63000,文山區,房地(土地+建物)+車位,25.0014829541722,121.535550339932,萬和里,16.27,商,NA,NA,1121006,土地1建物1車位1,八層,二十二層,住宅大樓(11層含以上有電梯),住家用,鋼骨鋼筋混凝土造,1120420,184.12,3,2,2,有,有,坡道平面,此案為都更重建以協議合建方式之現地安置受補償戶,RPWNMLNJJIIGFAA37DA,89.71,0,10.81,有,NA,2023-10-06,1124,27.632624418368900,26.478829540093100,29.115927196093800,1.3901154985872700,35.514388922710500,63000080011,0.19290686112031800,0.5667882001988730,90.62,10355.63,52.645620252269600,34.14851043390460,0,0,0,0,0,0,0,0,0,0,15,19,0,6,1,1,1,1,0,16,"c(121.535550339932, 25.0014829541722)",臺北捷運萬隆站_G06,324.4019314403500,5012.613946805530,5448.307070716460,0
臺北市文山區汀州路四段２８５號,5303120,55899,0,0,63000,文山區,房地(土地+建物),25.0014829541722,121.535550339932,萬和里,8.36,商,NA,NA,1121106,土地1建物1車位0,四層,二十二層,住宅大樓(11層含以上有電梯),住家用,鋼骨鋼筋混凝土造,1120420,94.87,2,1,1,有,有,NA,此案為都更重建以協議合建方式之現地安置受補償戶,RPTNMLKKJIIGFAA86DA,60.26,0,4.26,有,NA,2023-11-06,1125,25.880597772807900,21.721272666988000,31.89087434017630,0,49.57589608022330,63000080011,0.19290686112031800,0.5667882001988730,90.62,10355.63,52.645620252269600,34.14851043390460,0,0,0,0,0,0,0,0,0,0,15,19,0,6,1,1,1,1,0,16,"c(121.535550339932, 25.0014829541722)",臺北捷運萬隆站_G06,324.4019314403500,5012.613946805530,5448.307070716460,0
臺北市文山區汀州路四段２８９號,10000000,85492,0,0,63000,文山區,房地(土地+建物),25.0014829541722,121.535550339932,萬和里,10.3,商,NA,NA,1121003,土地1建物1車位0,八層,二十二層,住宅大樓(11層含以上有電梯),住家用,鋼骨鋼筋混凝土造,1120420,116.97,3,2,2,有,有,NA,此案為都更重建以協議合建方式之現地安置受補償戶,RPPNMLTKIIIGFAA37EA,70.23,0,9.32,有,NA,2023-10-03,1126,25.262668426490800,23.695570186070400,26.75830870518640,11.461343938749600,39.10885426518500,63000080011,0.19290686112031800,0.5667882001988730,90.62,10355.63,52.645620252269600,34.14851043390460,0,0,0,0,0,0,0,0,0,0,15,19,0,6,1,1,1,1,0,16,"c(121.535550339932, 25.0014829541722)",臺北捷運萬隆站_G06,324.4019314403500,5012.613946805530,5448.307070716460,0
臺北市文山區汀州路四段２９１號,6884471,58857,0,0,63000,文山區,房地(土地+建物),25.0014829541722,121.535550339932,萬和里,10.27,商,NA,NA,1121101,土地1建物1車位0,六層,二十二層,住宅大樓(11層含以上有電梯),住家用,鋼骨鋼筋混凝土造,1120420,116.97,3,2,2,有,有,NA,本案為參與都更權利變換之現地安置戶分配,RPSNMLKKJIIGFAA76DA,70.23,0,9.32,有,NA,2023-11-01,1127,25.405779483384000,23.085631076363200,28.5659236913399,0,31.993236750963100,63000080011,0.19290686112031800,0.5667882001988730,90.62,10355.63,52.645620252269600,34.14851043390460,0,0,0,0,0,0,0,0,0,0,15,19,0,6,1,1,1,1,0,16,"c(121.535550339932, 25.0014829541722)",臺北捷運萬隆站_G06,324.4019314403500,5012.613946805530,5448.307070716460,0
臺北市文山區福興路３６號,20000000,279681,0,0,63000,文山區,房地(土地+建物),25.0031670066543,121.550932992972,興旺里,23.5,住,NA,NA,1121120,土地1建物1車位0,一層，平台,四層,公寓(5樓含以下無電梯),住家用,鋼筋混凝土造,651005,71.51,0,0,0,無,無,NA,親友、員工、共有人或其他特殊關係間之交易；,RPQNMLLJKIIGFAA66DA,71.51,0,0,無,NA,2023-11-20,1128,20.121922693865800,16.624746292731300,23.048343966900300,0,33.2554761236113,63000080020,0.14558372805795500,0.5257731958762890,90.46,17277.06,38.11983470418050,23.58815426591110,0,0,0,0,0,0,1,0,0,0,13,22,0,6,1,1,2,1,0,15,"c(121.550932992972, 25.0031670066543)",臺北捷運辛亥站_BR05,640.0371264512490,5797.004540433550,6003.189132479860,47
臺北市文山區福興路８２巷４號,18130000,165768,0,0,63000,文山區,房地(土地+建物),25.0057369819869,121.550950008235,興旺里,35.06,住,NA,NA,1121021,土地1建物1車位0,一層,五層,公寓(5樓含以下無電梯),住家用,鋼筋混凝土造,720905,109.37,2,2,2,有,無,NA,NA,RPWOMLKLJIIGFAA37DA,95.34,5.12,0,無,673,2023-10-21,1129,21.18403960600210,20.321931010418700,22.07578853327360,1.8134543242919400,34.90741194310330,63000080020,0.14558372805795500,0.5257731958762890,90.46,17277.06,38.11983470418050,23.58815426591110,0,0,0,0,0,0,0,0,0,0,5,5,0,1,1,0,0,1,0,5,"c(121.550950008235, 25.0057369819869)",臺北捷運辛亥站_BR05,607.1198287096550,5547.347071412620,5772.725958861210,40
臺北市文山區福興路８２巷５弄３號,10400000,125165,0,0,63000,文山區,房地(土地+建物),25.0065503199615,121.551139439247,興旺里,20.94,住,NA,NA,1121113,土地1建物1車位0,四層,五層,公寓(5樓含以下無電梯),住家用,鋼筋混凝土造,720905,83.09,3,2,1,有,無,NA,NA,RPRNMLKMJIIGFAA86DA,72.99,0,5.19,無,95,2023-11-13,1130,17.35711953314530,16.52563461695990,18.18307610115740,2.765267595546950,40.807189709673100,63000080020,0.14558372805795500,0.5257731958762890,90.46,17277.06,38.11983470418050,23.58815426591110,0,0,0,0,0,0,0,0,0,0,5,1,0,1,0,0,0,1,0,5,"c(121.551139439247, 25.0065503199615)",臺北捷運辛亥站_BR05,606.0865468447530,5459.720713378030,5711.999924525790,40
臺北市文山區福興路８２巷６弄７號,22000000,125278,39.22,0,63000,文山區,房地(土地+建物)+車位,25.006050004161,121.551641012333,興旺里,72.2,住,NA,NA,1121020,土地2建物1車位1,七層,十層,華廈(10層含以下有電梯),住家用,鋼筋混凝土造,800425,175.61,3,2,2,有,有,坡道平面,NA,RPPNMLKKJIIGFAA09DA,147.7,0,11.83,有,NA,2023-10-20,1131,24.14517857679150,21.15886025846590,27.950449216794600,2.612405856491100,54.6078046004842,63000080020,0.14558372805795500,0.5257731958762890,90.46,17277.06,38.11983470418050,23.58815426591110,0,0,0,0,0,0,0,0,0,0,5,2,0,1,0,0,0,1,0,5,"c(121.551641012333, 25.006050004161)",臺北捷運辛亥站_BR05,543.8022153850990,5482.796419778050,5786.7453337102700,32
臺北市文山區福興路９５巷１７之２號,18550000,186864,0,0,63000,文山區,房地(土地+建物),25.0046560098439,121.548696030652,興旺里,27.05,住,NA,NA,1121103,土地1建物1車位0,九層,十層,華廈(10層含以下有電梯),住家用,鋼筋混凝土造,961121,99.27,3,1,2,有,有,NA,陽台外推；,RPSPMLMLJIIGFAA27DA,65.06,2.46,6.96,有,NA,2023-11-03,1132,25.414610892243100,21.239487353969500,29.80200800162010,0,44.051117910851200,63000080020,0.14558372805795500,0.5257731958762890,90.46,17277.06,38.11983470418050,23.58815426591110,0,0,0,0,0,0,0,0,0,0,6,9,0,1,1,1,1,1,0,7,"c(121.548696030652, 25.0046560098439)",臺北捷運辛亥站_BR05,831.3921771880300,5765.877756504940,5739.623190355360,16
臺北市文山區福興路９９之１號,13150000,171179,0,0,63000,文山區,房地(土地+建物),25.0068720174054,121.54875596126,興旺里,21.36,住,NA,NA,1121002,土地1建物1車位0,三層,七層,華廈(10層含以下有電梯),住家用,鋼筋混凝土造,960521,76.82,2,2,1,有,有,NA,陽台外推；其他增建；,RPOOMLSKIIIGFAA17DA,49.99,0.64,5.66,有,474,2023-10-02,1133,25.755135230172400,23.75982087937690,27.607217738659300,1.3907504479915600,46.45221039555090,63000080020,0.14558372805795500,0.5257731958762890,90.46,17277.06,38.11983470418050,23.58815426591110,0,0,0,0,0,0,0,0,0,0,3,0,0,1,0,0,0,0,0,3,"c(121.54875596126, 25.0068720174054)",臺北捷運辛亥站_BR05,847.899042644803,5553.978597003990,5541.040050566100,16
臺北市文山區羅斯福路五段１０８號,14500000,192028,0,0,63000,文山區,房地(土地+建物),25.0067990110287,121.538635986642,萬年里,17.33,商,NA,NA,1121001,土地1建物1車位0,五層,五層,公寓(5樓含以下無電梯),住家用,鋼筋混凝土造,690623,75.51,5,0,5,有,無,NA,頂樓加蓋；,RPVNMLTJJIIGFAA87DA,57.06,0,18.45,無,NA,2023-10-01,1135,27.930207291121000,25.98673829064360,30.842103682817100,3.4551294681453300,44.71574212912820,63000080010,0.19188835586567800,0.5887483645878760,90.64,14970.82,54.51807227273550,38.13253010899620,0,0,0,0,0,0,1,0,0,0,14,13,0,2,2,2,0,1,0,14,"c(121.538635986642, 25.0067990110287)",臺北捷運萬隆站_G06,475.13927204028900,4860.380947720820,5026.89533856291,43
臺北市文山區羅斯福路五段１９２巷２９號,14950000,156152,0,0,63000,文山區,房地(土地+建物),25.0033490196817,121.536934041203,萬年里,25.89,住,NA,NA,1121015,土地1建物1車位0,五層,五層,公寓(5樓含以下無電梯),住家用,鋼筋混凝土造,681120,95.74,3,2,2,有,無,NA,陽台外推；,RPQNMLKLJIIGFAA66DA,84.33,0,11.41,無,691,2023-10-15,1136,24.192673926567100,22.632635580845100,27.04645660322760,0,79.9277237205763,63000080010,0.19188835586567800,0.5887483645878760,90.64,14970.82,54.51807227273550,38.13253010899620,0,0,0,0,0,0,1,0,0,0,21,19,0,7,1,1,1,1,0,22,"c(121.536934041203, 25.0033490196817)",臺北捷運萬隆站_G06,188.61212532643900,4972.015286694130,5306.096599768580,44
臺北市文山區羅斯福路五段２１１巷３５號,8500000,75609,0,0,63000,文山區,房地(土地+建物),25.0029034796184,121.539975079494,萬祥里,30.25,住,NA,NA,1121107,土地1建物1車位0,四層,五層,公寓(5樓含以下無電梯),住家用,鋼筋混凝土造,750801,112.42,3,2,2,有,無,NA,親友、員工、共有人或其他特殊關係間之交易；,RPQNMLTLJIIGFAA67EA,92.89,0,9.63,無,NA,2023-11-07,1137,22.81994185411590,21.72392158234530,24.028470244228100,0,53.54041020952760,63000080008,0.1561367167270840,0.5427239772138790,88,42651.78,54.368256159287100,34.423947081648500,0,0,0,0,0,0,1,0,0,0,24,21,0,7,1,1,1,1,0,25,"c(121.539975079494, 25.0029034796184)",臺北捷運萬隆站_G06,149.34188626155100,5235.876165676390,5474.645395381770,37
臺北市文山區羅斯福路五段２１８巷１８弄３號,11000000,107569,0,0,63000,文山區,房地(土地+建物),25.0023180036816,121.537504010618,萬隆里,29.89,住,NA,NA,1121115,土地1建物1車位0,三層,五層,公寓(5樓含以下無電梯),住家用,鋼筋混凝土造,680404,102.26,3,2,2,有,無,NA,親友、員工、共有人或其他特殊關係間之交易；,RPTNMLLJKIIGFAA96DA,90.71,0,11.55,無,NA,2023-11-15,1138,20.735608671517400,18.970555585930600,22.331730137093000,0,31.04267198690020,63000080009,0.19185667752443000,0.595114006514658,86.81,57609.79,54.995655939401500,33.362293650442600,0,0,0,0,0,0,1,0,0,0,20,20,0,7,1,1,1,1,0,21,"c(121.537504010618, 25.0023180036816)",臺北捷運萬隆站_G06,108.693917592487,5091.397531093780,5433.596538397600,44
臺北市文山區羅斯福路五段２２７號,27500000,240974,0,0,63000,文山區,房地(土地+建物),25.0019953004094,121.539408714296,萬祥里,17.45,商,NA,NA,1121010,土地5建物1車位0,四層,十層,華廈(10層含以下有電梯),住家用,鋼筋混凝土造,731006,114.12,3,2,2,有,有,NA,陽台外推；其他增建；,RPPOMLSKIIIGFAA27DA,93.78,0,15.92,有,NA,2023-10-10,1139,24.271942116976700,23.260318768927200,25.904522932858300,1.6248658792651800,37.450295746699400,63000080008,0.1561367167270840,0.5427239772138790,88,42651.78,54.368256159287100,34.423947081648500,0,0,0,0,0,0,1,0,0,0,22,21,0,7,1,1,1,1,0,23,"c(121.539408714296, 25.0019953004094)",臺北捷運萬隆站_G06,102.90592495198400,5258.27930640098,5542.340001450680,39
臺北市文山區羅斯福路五段２３６巷３號,25300000,185729,0,0,63000,文山區,房地(土地+建物),25.0013710162609,121.538599022449,萬隆里,48.4,商,NA,NA,1121022,土地1建物1車位0,三層,五層,公寓(5樓含以下無電梯),住家用,鋼筋混凝土造,751013,136.22,4,2,2,有,無,NA,陽台外推；,RPQNMLKKJIIGFAA56DA,111.51,0.81,11.94,無,NA,2023-10-22,1140,23.607901558119300,21.897070577168700,24.874235589411500,0.22262220337329100,33.20260655332680,63000080009,0.19185667752443000,0.595114006514658,86.81,57609.79,54.995655939401500,33.362293650442600,0,0,0,0,0,0,1,0,0,0,24,24,0,7,1,1,1,1,0,25,"c(121.538599022449, 25.0013710162609)",臺北捷運萬隆站_G06,126.22090557725200,5243.7578380457000,5573.04362657769,37
臺北市文山區羅斯福路五段２３６巷３０號,16900000,184639,0,0,63000,文山區,房地(土地+建物),25.0017000684882,121.537536709835,萬隆里,36.77,都市：其他:道路用地(公共設施用地)。62/10/24,NA,NA,1121016,土地3建物1車位0,二層，陽臺,四層,公寓(5樓含以下無電梯),住家用,鋼筋混凝土造,651229,91.53,3,2,1,有,無,NA,陽台外推；,RPPNMLMLJIIGFAA76DA,91.53,0,0,無,NA,2023-10-16,1141,24.801331060639000,22.72527356028070,27.440762199725500,0,80.70237679454040,63000080009,0.19185667752443000,0.595114006514658,86.81,57609.79,54.995655939401500,33.362293650442600,0,0,0,0,0,0,1,0,0,0,20,21,0,7,1,1,1,1,0,21,"c(121.537536709835, 25.0017000684882)",臺北捷運萬隆站_G06,136.8123061047330,5140.316941481150,5498.184196156510,47
臺北市文山區羅斯福路五段２４８號,18300000,178068,0,0,63000,文山區,房地(土地+建物),25.0011489796458,121.539027002425,萬隆里,35.32,都市：其他:道路用地(公共設施用地)。62/10/24,NA,NA,1121004,土地2建物1車位0,三層，陽臺,四層,公寓(5樓含以下無電梯),住家用,鋼筋混凝土造,640314,102.77,3,2,2,有,無,NA,NA,RPOOMLKLIIIGFAA09DA,102.77,0,0,無,NA,2023-10-04,1142,26.61565215305800,25.97984592095080,27.348340817989600,33.16778475274240,39.62986801124370,63000080009,0.19185667752443000,0.595114006514658,86.81,57609.79,54.995655939401500,33.362293650442600,0,0,0,0,0,0,1,0,0,0,24,23,0,7,1,1,1,1,0,25,"c(121.539027002425, 25.0011489796458)",臺北捷運萬隆站_G06,157.95196683637900,5292.226648280350,5612.664197623290,48
臺北市文山區羅斯福路六段１４２巷２０弄２３號,27000000,196478,0,2200000,63000,文山區,房地(土地+建物)+車位,24.9970099120387,121.539557493077,景仁里,26.75,住,NA,NA,1121018,土地1建物1車位1,六層，電梯樓梯間,十層,華廈(10層含以下有電梯),住家用,鋼筋混凝土造,850327,137.42,2,2,1,有,有,坡道平面,陽台外推；其他增建；,RPSOMLPLIIIGFAA37DA,74.58,5.13,8.43,有,NA,2023-10-18,1143,27.005054790574700,24.029668651095000,30.252052617015800,0,71.75464222556470,63000080005,0.19350310808101100,0.5933426909965910,87.41,23469.89,54.51713394223340,29.4652128687785,0,0,0,0,0,0,0,0,0,0,19,20,0,3,0,0,1,1,0,20,"c(121.539557493077, 24.9970099120387)",臺北捷運景美站_G05,440.6916743136350,5649.170485270400,6056.265965043620,27
臺北市文山區羅斯福路六段３９巷４６號,15800000,131186,42.9,0,63000,文山區,房地(土地+建物)+車位,24.9980959971427,121.54243047421,萬有里,12.72,住,NA,NA,1121011,土地1建物1車位1,十一層,十三層,住宅大樓(11層含以上有電梯),住家用,鋼筋混凝土造,960913,120.44,2,2,1,有,有,坡道平面,NA,RPROMLPKJIIGFAA27DA,50.25,1.04,4.83,有,NA,2023-10-11,1146,23.52586727098200,21.956748598685400,25.974038005583600,0.6671924857324590,43.751207562981100,63000080007,0.1796319531576750,0.5851108322877460,93.06,34714.86,54.66995342244040,30.977814288968000,0,0,0,0,0,0,0,0,0,0,22,29,0,5,0,0,1,0,0,23,"c(121.54243047421, 24.9980959971427)",臺北捷運景美站_G05,572.9145702898430,5773.993981209660,6062.006387876870,16
臺北市文山區育英街３１巷３４弄９號,13500000,148254,0,0,63000,文山區,房地(土地+建物),24.9903680081434,121.537355986208,景美里,30.5,住,NA,NA,1121019,土地1建物1車位0,二層，陽臺,四層,公寓(5樓含以下無電梯),住家用,鋼筋混凝土造,640903,91.06,3,2,1,有,無,NA,親友、員工、共有人或其他特殊關係間之交易；陽台外推；,RPTNMLLLJIIGFAA07DA,91.06,0,0,無,NA,2023-10-19,1149,26.99819000709540,22.768830626063800,31.836808177370000,0,48.33476434558570,63000080003,0.17661524703778200,0.5767940979208590,85.4,26533.93,58.40760544907680,32.8877005249888,1,0,0,0,0,1,0,0,0,0,23,26,0,6,2,2,1,2,0,24,"c(121.537355986208, 24.9903680081434)",臺北捷運景美站_G05,458.5689827414420,6055.750219890000,6671.834116660330,48
臺北市文山區興德路６４巷２１號,11500000,137035,0,0,63000,文山區,房地(土地+建物),25.0033285161318,121.558491016477,興昌里,29.25,住,NA,NA,1121023,土地2建物1車位0,二層,四層,公寓(5樓含以下無電梯),住家用,鋼筋混凝土造,670803,83.92,3,1,1,有,無,NA,NA,RPPNMLLLJIIGFAA66DA,71.68,0,12.24,無,NA,2023-10-23,1151,25.48666378871660,24.035030567540000,27.905871803516200,0,30.568715293217400,63000080022,0.18579046963702000,0.5876483743333910,88,11003.73,42.491166068354400,28.378975258750200,0,0,0,0,0,0,1,0,0,0,15,16,0,7,0,0,0,0,1,15,"c(121.558491016477, 25.0033285161318)",臺北捷運辛亥站_BR05,249.71264850591900,5459.0016444589300,6455.305899988330,45
臺北市文山區興隆路一段２５１巷２弄６號,11520000,164220,0,0,63000,文山區,房地(土地+建物),24.9994300189425,121.544496026609,興豐里,24.5,住,NA,NA,1121016,土地1建物1車位0,四層，陽臺,四層,公寓(5樓含以下無電梯),住家用,鋼筋混凝土造,600604,70.15,2,2,1,有,無,NA,陽台外推；其他增建；,RPXNMLMJJIIGFAA37DA,70.15,0,0,無,NA,2023-10-16,1152,24.361684397495100,22.247314901894500,27.14561968351290,0,78.43090291194810,63000080013,0.176429889298893,0.566420664206642,93.03,25614.03,48.65107912210700,29.97601917566670,0,0,0,0,0,0,0,0,0,0,16,24,0,5,0,1,2,0,0,18,"c(121.544496026609, 24.9994300189425)",臺北捷運萬隆站_G06,689.5127222695950,5832.77424403671,6021.720504698280,52
臺北市文山區興隆路一段８６號,15300000,155884,0,0,63000,文山區,房地(土地+建物),25.0031732092626,121.541074114638,萬祥里,33.25,住,NA,NA,1121107,土地1建物1車位0,四層，陽臺,四層,公寓(5樓含以下無電梯),住家用,鋼筋混凝土造,620131,98.15,3,2,2,有,無,NA,陽台外推；其他增建；,RPPNMLTLJIIGFAA47DA,98.15,0,0,無,94,2023-11-07,1153,22.79483891861050,21.69925343273470,24.018502538684400,0,53.51814630859210,63000080008,0.1561367167270840,0.5427239772138790,88,42651.78,54.368256159287100,34.423947081648500,0,0,0,0,0,0,1,0,0,0,21,20,0,7,1,1,1,1,0,22,"c(121.541074114638, 25.0031732092626)",臺北捷運萬隆站_G06,264.19698208746400,5302.240995619670,5495.758809029940,50
臺北市文山區興隆路三段２０７巷１６弄１２號,7900000,85498,0,0,63000,文山區,房地(土地+建物),24.9943230091568,121.562018981931,興家里,24.12,住,NA,NA,1121011,土地1建物1車位0,三層,五層,公寓(5樓含以下無電梯),住家用,鋼筋混凝土造,730830,92.4,3,2,2,有,無,NA,陽台外推；,RPWOMLQJJIIGFAA77DA,68.53,0,14.11,無,NA,2023-10-11,1155,23.013694170369200,21.43446148780000,25.57497078184580,0.61588570915265,43.63160295083290,63000080015,0.13288674248325300,0.5109830191618630,91.22,45048.88,44.14722444807980,29.102976663495000,0,0,0,0,0,0,0,0,0,0,14,7,0,3,0,0,1,0,0,15,"c(121.562018981931, 24.9943230091568)",臺北捷運萬芳醫院站_BR04,703.5885743395610,6296.216522713730,7454.92078919423,39
臺北市文山區興隆路三段２０７巷９弄１２號,3800000,30839,0,0,63000,文山區,房地(土地+建物),24.9954329826848,121.561287996155,興家里,37.19,住,NA,NA,1121108,土地2建物1車位0,二層,五層,公寓(5樓含以下無電梯),住家用,鋼筋混凝土造,710225,123.22,3,2,2,有,有,NA,親友、員工、共有人或其他特殊關係間之交易；,RPPNMLMLJIIGFAA86EA,88.22,0,25.81,無,NA,2023-11-08,1156,24.89542762220600,22.493785059987100,28.1921101701896,0,43.37123578879800,63000080015,0.13288674248325300,0.5109830191618630,91.22,45048.88,44.14722444807980,29.102976663495000,0,0,0,0,0,0,0,0,0,0,8,9,0,4,0,1,1,0,0,9,"c(121.561287996155, 24.9954329826848)",臺北捷運萬芳醫院站_BR04,561.5393464464200,6197.5377737735000,7312.493622635130,41
臺北市文山區興隆路三段２２１巷２弄８號,12100000,136369,0,0,63000,文山區,房地(土地+建物),24.9937340128206,121.559703984093,興家里,51.38,住,NA,NA,1121014,土地3建物1車位0,三層,五層,公寓(5樓含以下無電梯),住家用,鋼筋混凝土造,690910,88.73,3,2,2,有,有,NA,其他增建；,RPUOMLMJJIIGFAA17DA,74.78,0,13.95,無,NA,2023-10-14,1157,23.092312150509100,21.8721565721703,25.586716762345500,0,41.545226890349000,63000080015,0.13288674248325300,0.5109830191618630,91.22,45048.88,44.14722444807980,29.102976663495000,0,0,0,0,0,0,0,0,0,0,14,10,0,3,0,1,1,0,0,15,"c(121.559703984093, 24.9937340128206)",臺北捷運萬芳醫院站_BR04,651.0863588065920,6423.354764192430,7367.621459847550,43
臺北市文山區興隆路三段２２１巷４弄１６號,1300000,78788,0,0,63000,文山區,房地(土地+建物),24.9936289875738,121.560099023189,興家里,9.83,住,NA,NA,1121030,土地3建物1車位0,二層,五層,公寓(5樓含以下無電梯),住家用,鋼筋混凝土造,690910,16.5,3,2,1,有,有,NA,親友、員工、共有人或其他特殊關係間之交易；陽台外推；,RPQNMLOKJIIGFAA96DA,13.86,0,2.63,無,553,2023-10-30,1158,23.094442412552800,20.420937437116800,25.6405746967761,0,32.58265098369580,63000080015,0.13288674248325300,0.5109830191618630,91.22,45048.88,44.14722444807980,29.102976663495000,0,0,0,0,0,0,0,0,0,0,15,10,0,3,0,0,1,0,0,16,"c(121.560099023189, 24.9936289875738)",臺北捷運萬芳醫院站_BR04,675.243222743918,6423.006400015110,7400.432166906580,43
臺北市文山區興隆路三段２５５巷２號,6000000,112108,0,0,63000,文山區,房地(土地+建物),24.992448019326,121.559554031845,興家里,20.72,住,NA,NA,1121012,土地3建物1車位0,三層,五層,公寓(5樓含以下無電梯),住家用,鋼筋混凝土造,721011,53.52,3,2,1,有,無,NA,親友、員工、共有人或其他特殊關係間之交易；,RPPNMLOKJIIGFAA96EA,34,0,19.49,無,574,2023-10-12,1159,24.195916717942400,21.609428975073400,26.813608866869500,0,43.315426637914600,63000080015,0.13288674248325300,0.5109830191618630,91.22,45048.88,44.14722444807980,29.102976663495000,0,0,0,0,0,0,0,0,0,0,18,11,0,4,0,0,1,0,0,19,"c(121.559554031845, 24.992448019326)",臺北捷運萬芳醫院站_BR04,784.2111591930470,6564.090248069580,7474.894859358570,40
臺北市文山區興隆路二段１５３巷３弄１號,15000000,146570,0,0,63000,文山區,房地(土地+建物),25.0008069979962,121.548076021275,興邦里,36.25,商,NA,NA,1121030,土地1建物1車位0,二層,四層,公寓(5樓含以下無電梯),住家用,加強磚造,580606,102.34,3,2,1,有,無,NA,其他增建；,RPPNMLOLJIIGFAA96DA,87.46,0,14.88,無,NA,2023-10-30,1160,23.55970384067720,21.336644274976900,25.95627668965240,0,33.23321315446460,63000080042,0.1523208652546190,0.5506985128436230,88.57,23946.03,40.914318562129300,27.602070147325500,0,0,0,0,0,0,0,0,0,0,15,20,0,7,1,1,3,1,0,18,"c(121.548076021275, 25.0008069979962)",臺北捷運萬隆站_G06,978.9163258877800,6020.7828078445800,6065.584514272910,54
臺北市文山區興隆路二段２２０巷１４號,2600000,123810,0,0,63000,文山區,房地(土地+建物),25.0007880129855,121.552229002841,興業里,6.54,商,NA,NA,1121019,土地1建物1車位0,四層，陽臺,四層,公寓(5樓含以下無電梯),住家用,鋼筋混凝土造,630808,21,4,2,1,有,無,NA,親友、員工、共有人或其他特殊關係間之交易；,RPWNMLRLJIIGFAA97DA,21,0,0,無,NA,2023-10-19,1161,26.932979090420400,22.765181146742700,31.350101264501800,0,50.88397800674160,63000080017,0.16692089779908500,0.552625844410547,89.15,39095.02,54.60444992132130,41.81087761377910,0,0,0,0,1,0,1,0,0,0,22,34,0,9,1,1,2,1,0,24,"c(121.552229002841, 25.0007880129855)",臺北捷運萬芳醫院站_BR04,578.3005467260090,5971.504364328490,6294.384378292470,49
臺北市文山區興隆路二段２２０巷５３弄１２號,10000000,127291,0,0,63000,文山區,房地(土地+建物),24.999286017846,121.551899007313,興業里,27.66,都市：其他:第三種住宅區。,NA,NA,1121007,土地2建物1車位0,三層，陽臺,四層,公寓(5樓含以下無電梯),住家用,鋼筋混凝土造,650522,78.56,3,2,2,有,無,NA,親友、員工、共有人或其他特殊關係間之交易；,RPTNMLKKJIIGFAA96EA,78.56,0,0,無,NA,2023-10-07,1162,26.69805418874450,24.698725158490000,30.384928724542100,10.29571291305630,33.652847723414800,63000080017,0.16692089779908500,0.552625844410547,89.15,39095.02,54.60444992132130,41.81087761377910,0,0,0,0,1,0,1,0,0,0,21,36,0,11,1,1,2,2,0,23,"c(121.551899007313, 24.999286017846)",臺北捷運萬芳醫院站_BR04,588.6266058944950,6135.736486903280,6413.982777508450,47
臺北市文山區興隆路二段２２０巷５３弄８號,12500000,159114,0,0,63000,文山區,房地(土地+建物),24.9994189967399,121.551848967351,興業里,27.66,都市：其他:第三種住宅區。,NA,NA,1121114,土地2建物1車位0,三層，陽臺,四層,公寓(5樓含以下無電梯),住家用,鋼筋混凝土造,650522,78.56,3,2,1,有,無,NA,1.房屋依現況交屋，賣方不負買賣房屋瑕疵擔保之責任，概由買方負擔。2.買賣雙方原訂買賣總價新台幣1280萬元，經雙方協議賣方折讓新台幣30萬元予買方，日後買方不可藉任何理由向賣方要求房屋任何損失賠償。,RPOOMLNKJIIGFAA76DA,78.56,0,0,無,81,2023-11-14,1163,18.53881380417760,17.712049987178500,19.58996124622250,0.09487899418430710,30.54580992182110,63000080017,0.16692089779908500,0.552625844410547,89.15,39095.02,54.60444992132130,41.81087761377910,0,0,0,0,1,0,1,0,0,0,20,36,0,11,1,1,2,2,0,22,"c(121.551848967351, 24.9994189967399)",臺北捷運萬芳醫院站_BR04,593.7392763085780,6124.658510318190,6398.900846220020,47
臺北市文山區興隆路二段２２０巷５５弄８號,15250000,136124,0,0,63000,文山區,房地(土地+建物),24.9990719859484,121.551607987635,興業里,34.72,住,NA,NA,1121011,土地3建物1車位0,三層,五層,公寓(5樓含以下無電梯),住家用,鋼筋混凝土造,680716,112.03,3,2,2,有,無,NA,陽台外推；其他增建；,RPPOMLKLIIIGFAA56DA,86.61,0,25.42,無,NA,2023-10-11,1164,23.384076157860300,21.839239048925100,25.867747599136300,0.40956377628563900,43.72225396546870,63000080017,0.16692089779908500,0.552625844410547,89.15,39095.02,54.60444992132130,41.81087761377910,0,0,0,0,1,0,1,0,0,0,17,30,0,10,1,1,2,2,0,19,"c(121.551607987635, 24.9990719859484)",臺北捷運萬芳醫院站_BR04,618.6441933755570,6169.850955228320,6417.767228575310,44
臺北市文山區興隆路二段２５巷２０之５號,17000000,158287,0,0,63000,文山區,房地(土地+建物),24.9993440871125,121.545245456113,興豐里,37.65,住,NA,NA,1121022,土地1建物1車位0,三層,五層,公寓(5樓含以下無電梯),住家用,鋼筋混凝土造,740104,107.4,3,2,2,有,無,NA,其他增建；,RPOOMLNLJIIGFAA86DA,88.74,0,8.93,無,NA,2023-10-22,1165,23.271120784597600,21.554355595447800,24.524652658151200,0.14851468648267700,33.23148209192850,63000080013,0.176429889298893,0.566420664206642,93.03,25614.03,48.65107912210700,29.97601917566670,0,0,0,0,0,0,0,0,0,0,14,18,0,5,0,1,3,0,0,17,"c(121.545245456113, 24.9993440871125)",臺北捷運萬隆站_G06,760.5225587668040,5896.879026494690,6065.367485820040,38
臺北市文山區興隆路二段２７５巷１弄４號,13180000,216919,0,0,63000,文山區,房地(土地+建物),25.0028349994695,121.55269998198,興泰里,15.04,住,NA,NA,1121017,土地2建物1車位0,三層,十三層,住宅大樓(11層含以上有電梯),住家用,鋼筋混凝土造,831018,60.76,1,2,1,有,有,NA,NA,RPPNMLQLIIIGFAA07DA,41.56,0,3.91,有,NA,2023-10-17,1166,24.485558876448200,22.356583163779000,26.444443989686600,0,108.07208228969000,63000080021,0.15733406173176700,0.5370117454247470,87.11,8840.41,41.934345202282300,29.226967868257300,0,0,0,0,1,0,1,0,0,0,19,29,0,7,1,1,2,1,0,21,"c(121.55269998198, 25.0028349994695)",臺北捷運辛亥站_BR05,492.6847786046500,5747.228704282820,6136.451159986660,29
臺北市文山區興隆路四段１０５巷９號,14380000,196287,0,0,63000,文山區,房地(土地+建物),24.9879580014329,121.561308028903,明義里,15.45,住,NA,NA,1121024,土地1建物1車位0,三層,十二層,住宅大樓(11層含以上有電梯),住家用,鋼筋混凝土造,840821,73.26,2,1,1,有,有,NA,NA,RPUNMLPKJIIGFAA57EA,47.98,2.35,5.54,有,NA,2023-10-24,1169,25.46868144162560,21.880745306891000,30.40830009771010,0,34.0932131829069,63000080025,0.11516155758077900,0.4587130626898650,89.41,18743.55,39.57055213375240,23.41513291635480,0,0,0,0,0,1,1,0,0,0,32,29,0,5,2,1,0,1,0,32,"c(121.561308028903, 24.9879580014329)",臺北捷運萬芳醫院站_BR04,1310.3934871495400,6996.591077494910,7984.913510494820,28
臺北市文山區興隆路四段５８巷２８號,14200000,120954,0,0,63000,文山區,房地(土地+建物),24.9854379822432,121.560036997106,樟林里,28.58,住,NA,NA,1121001,土地1建物1車位0,五層,五層,公寓(5樓含以下無電梯),住家用,鋼筋混凝土造,700312,117.4,4,2,2,有,無,NA,頂樓加蓋；其他增建；,RPXNMLNKIIIGFAA47DA,91.94,17.1,8.36,無,NA,2023-10-01,1172,27.077094209499500,24.32868483178730,30.682129476551500,3.953665127925690,39.997379930664700,63000080030,0.14784506273868000,0.5274140752864160,94.07,34781.86,47.288776788454600,32.084309127709500,0,0,0,0,0,0,0,0,0,0,27,42,0,7,0,0,1,1,0,28,"c(121.560036997106, 24.9854379822432)",臺北捷運萬芳醫院站_BR04,1556.2860062990400,7298.8235549001700,8148.508993823270,42
臺北市文山區萬寧街１３１號,9000000,107347,0,0,63000,文山區,房地(土地+建物),25.0036819907854,121.569895959259,萬美里,24.05,都市：其他:第參類住宅用地(萬芳社區特定專用區)。,NA,NA,1121027,土地1建物1車位0,二層,十層,華廈(10層含以下有電梯),住家用,鋼筋混凝土造,811104,83.84,3,1,1,有,有,NA,親友、員工、共有人或其他特殊關係間之交易；,RPPNMLKLJIIGFAA66EA,59.05,2.34,6.24,有,NA,2023-10-27,1175,23.010719772798800,21.609840281326400,24.52076856252870,0,35.71865308861620,63000080039,0.15031966318415700,0.5258069546234210,90.51,9693.2,47.44312251149170,33.85514505659460,0,0,0,0,0,1,0,0,0,0,7,2,0,1,1,1,2,0,0,9,"c(121.569895959259, 25.0036819907854)",臺北捷運萬芳社區站_BR03,579.8779494003300,5112.819370764100,6694.371106687130,31
臺北市文山區萬寧街１５５號,6800000,47248,0,0,63000,文山區,建物,25.0035115866938,121.570718978332,萬美里,0,NA,NA,NA,1121016,土地0建物1車位0,一層,十六層,住宅大樓(11層含以上有電梯),住家用,鋼筋混凝土造,861030,143.92,3,1,2,有,有,NA,地上權房屋；,RPPNMLPLIIIGFAA07EA,81.94,11.46,0,有,NA,2023-10-16,1176,23.687698570069600,21.155648121028900,26.810791275229700,0,77.71142717950780,63000080039,0.15031966318415700,0.5258069546234210,90.51,9693.2,47.44312251149170,33.85514505659460,0,0,0,0,0,1,0,0,0,0,7,2,0,1,1,1,2,0,0,9,"c(121.570718978332, 25.0035115866938)",臺北捷運萬芳社區站_BR03,590.2230911311150,5118.462939882400,6663.552338884970,26
臺北市文山區萬芳路２０號,14580000,191138,0,0,63000,文山區,房地(土地+建物),24.9958729068729,121.570470622541,萬芳里,18.7,住,NA,NA,1121008,土地1建物1車位0,三層,十二層,住宅大樓(11層含以上有電梯),住家用,鋼筋混凝土造,940128,76.28,2,1,1,有,有,NA,NA,RPQNMLKMIIIGFAA66DA,46.82,0,3.17,有,NA,2023-10-08,1178,24.643089140899100,24.030697652459300,25.6453123499196,20.897207206402600,34.37381025924270,63000080033,0.15661252900232000,0.5401682134570770,87.89,20677.4,45.399811844703700,29.74600187587090,0,0,0,0,0,0,0,0,0,0,3,1,0,0,0,0,0,1,6,3,"c(121.570470622541, 24.9958729068729)",臺北捷運萬芳社區站_BR03,373.85406627397500,5959.787388988310,7395.237726116440,18
臺北市文山區辛亥路七段５０號,5000000,67015,0,0,63000,文山區,房地(土地+建物),24.984797311474,121.554335794204,樟林里,21.27,住,NA,NA,1121117,土地1建物1車位0,三層,四層,公寓(5樓含以下無電梯),住家用,鋼筋混凝土造,660525,74.61,4,2,2,有,無,NA,親友、員工、共有人或其他特殊關係間之交易；,RPPNMLOJKIIGFAA96EA,52.49,0,4.44,無,125,2023-11-17,1179,15.6081132095563,11.628563584559000,18.77578737914240,0.5,51.800409452284500,63000080030,0.14784506273868000,0.5274140752864160,94.07,34781.86,47.288776788454600,32.084309127709500,0,0,0,0,0,0,0,0,0,0,10,5,0,2,0,0,1,1,0,11,"c(121.554335794204, 24.984797311474)",臺北捷運大坪林站_G04_Y07,1305.8681735930700,7531.658527998820,7919.0838194357,46
臺北市文山區辛亥路七段６９巷１７號,19910000,172860,0,0,63000,文山區,房地(土地+建物),24.9825740116567,121.554783974567,樟文里,21.77,住,NA,NA,1121022,土地2建物1車位0,六層,七層,華廈(10層含以下有電梯),住家用,鋼筋混凝土造,700805,115.18,3,2,2,有,有,NA,陽台外推；其他增建；,RPPOMLPKJIIGFAA07DA,88.74,0,17.05,有,778,2023-10-22,1180,23.182698121888400,21.484222456038600,24.563605270954900,0.23408631587117600,33.32539976456460,63000080041,0.13194706994328900,0.4947069943289230,94.5,29401.7,47.26210755724940,28.74178631571140,0,0,0,0,0,2,0,0,0,0,22,11,0,3,0,1,2,1,0,24,"c(121.554783974567, 24.9825740116567)",臺北捷運大坪林站_G04_Y07,1348.7582519695400,7751.419914781530,8157.571402223100,42
臺北市文山區辛亥路七段８４巷３號,16200000,145187,0,1000000,63000,文山區,房地(土地+建物)+車位,24.9815551913258,121.554406118372,樟文里,19.5,住,NA,NA,1121027,土地2建物1車位1,三層,十層,華廈(10層含以下有電梯),住家用,鋼筋混凝土造,891025,111.58,2,2,1,有,有,坡道機械,陽台外推；其他增建；,RPOOMLSJJIIGFAA17DA,49.76,0,9.09,有,732,2023-10-27,1181,23.19333194415480,21.565836179997700,24.99961966705460,0,33.77495206038650,63000080041,0.13194706994328900,0.4947069943289230,94.5,29401.7,47.26210755724940,28.74178631571140,0,0,0,0,0,2,0,0,0,0,17,7,0,2,0,1,2,1,0,19,"c(121.554406118372, 24.9815551913258)",臺北捷運大坪林站_G04_Y07,1325.1231855887000,7870.52929669642,8239.943333792920,23
臺北市文山區辛亥路五段９３號,11500000,139293,0,0,63000,文山區,房地(土地+建物),24.9975870060723,121.552639967554,興得里,14.14,住,NA,NA,1121005,土地3建物1車位0,二層,七層,華廈(10層含以下有電梯),住家用,鋼筋混凝土造,720818,82.56,3,2,1,有,有,NA,NA,RPWNMLSJJIIGFAA87DA,61.76,0,6.52,有,NA,2023-10-05,1182,26.889201636374900,25.346370308497000,29.162133490548400,28.719064515145300,32.29742028578850,63000080016,0.14924256592481800,0.5169253787170380,91.03,9535.79,45.41228283694340,30.82945925352840,0,0,0,0,1,0,1,0,0,0,16,28,0,8,1,0,1,1,0,17,"c(121.552639967554, 24.9975870060723)",臺北捷運萬芳醫院站_BR04,548.8880606354750,6274.723021122420,6612.45418138276,40
臺北市文山區辛亥路四段１０１巷８５之２號,14220000,147251,0,0,63000,文山區,房地(土地+建物),25.0074339821038,121.560971998405,興昌里,26.6,住,NA,NA,1121031,土地3建物1車位0,四層,五層,公寓(5樓含以下無電梯),住家用,鋼筋混凝土造,710929,96.57,3,2,1,有,無,NA,陽台外推；其他增建；,RPWQMLLMIIIGFAA67DA,83.11,0,13.46,無,NA,2023-10-31,1183,23.056444786914000,21.442385420290200,25.400668548268800,0.25163832866613000,30.99492723842100,63000080022,0.18579046963702000,0.5876483743333910,88,11003.73,42.491166068354400,28.378975258750200,0,0,0,0,0,0,1,0,1,0,2,1,0,1,0,0,0,0,1,2,"c(121.560971998405, 25.0074339821038)",臺北捷運辛亥站_BR05,485.64394720697600,4944.674694259490,6290.514164053340,41
臺北市文山區辛亥路四段１２８之１０號,18100000,199912,0,0,63000,文山區,房地(土地+建物),25.0050715846033,121.55691498963,興泰里,17.68,NA,NA,NA,1121016,土地16建物1車位0,六層,十八層,住宅大樓(11層含以上有電梯),住家用,鋼骨造,1060602,90.54,2,2,1,有,有,NA,NA,RPRNMLPLIIIGFAA17DA,50.53,0,8.74,有,NA,2023-10-16,1184,23.94543471056110,21.717371893131600,26.922065760414100,0,80.18058342293180,63000080021,0.15733406173176700,0.5370117454247470,87.11,8840.41,41.934345202282300,29.226967868257300,0,0,0,0,0,0,1,0,0,0,5,4,0,1,0,0,0,0,0,5,"c(121.55691498963, 25.0050715846033)",臺北捷運辛亥站_BR05,0.5357016101407270,5341.796400845320,6205.172398170630,6
臺北市文山區辛亥路四段２５２巷２弄５號,15500000,229902,0,0,63000,文山區,房地(土地+建物),25.0018049054788,121.554496140012,興泰里,15.36,住,NA,NA,1121003,土地1建物1車位0,十一層,十四層,住宅大樓(11層含以上有電梯),住家用,鋼筋混凝土造,910507,67.42,2,2,1,有,有,NA,陽台外推；其他增建；,RPWVMLOJIIIGFAA18DA,47.25,0,6.74,有,NA,2023-10-03,1188,24.56036820370150,22.395353831481000,26.42310160972410,15.976656598832400,37.75784531939310,63000080021,0.15733406173176700,0.5370117454247470,87.11,8840.41,41.934345202282300,29.226967868257300,0,0,0,0,1,0,1,0,0,0,23,32,0,10,1,0,2,1,0,25,"c(121.554496140012, 25.0018049054788)",臺北捷運萬芳醫院站_BR04,426.27774506869900,5771.854119766390,6335.78289498118,21
臺北市松山區三民路１８０巷１６號,38700000,242801,0,0,63000,松山區,房地(土地+建物),25.0622709910675,121.563710030896,富錦里,32.8,都市：其他:住宅用地(民生社區特定專用區)。,NA,NA,1121012,土地1建物1車位0,一層，平台,五層,公寓(5樓含以下無電梯),住家用,鋼筋混凝土造,660108,159.39,3,2,2,有,無,NA,NA,RPVOMLNLIIIGFDA77DA,118.31,41.08,0,無,320,2023-10-12,1189,25.310079672008100,23.406449410440300,27.639825536108100,0,38.84011399775600,63000010006,0.15582076108984500,0.5870299482098630,82.66,51185.84,61.88212925795880,40.71609631156020,1,0,0,0,0,0,1,0,0,0,30,37,0,10,1,1,0,0,0,30,"c(121.563710030896, 25.0622709910675)",臺北捷運南京三民站_G18,1188.0153787194100,2059.691548792580,4505.296713346280,46
臺北市松山區三民路１８０巷２５之１號,18500000,274766,0,0,63000,松山區,房地(土地+建物),25.0624809996516,121.564095011709,富錦里,23.4,都市：其他:住宅用地(民生社區特定專用區)。,NA,NA,1121014,土地1建物1車位0,一層,四層,公寓(5樓含以下無電梯),住家用,鋼筋混凝土造,650506,67.33,0,1,1,有,無,NA,其他增建；,RPPNMLRLJIIGFDA57DA,59.65,7.68,0,無,NA,2023-10-14,1190,23.803339098204200,22.96620348805880,26.010951726410200,0,42.32562068861460,63000010006,0.15582076108984500,0.5870299482098630,82.66,51185.84,61.88212925795880,40.71609631156020,1,0,0,0,0,0,1,0,0,0,26,30,0,8,1,1,0,0,0,26,"c(121.564095011709, 25.0624809996516)",臺北捷運南京三民站_G18,1208.3403297262000,2048.8506672629600,4472.429056417860,47
臺北市松山區三民路７４巷８號,32050000,271151,0,0,63000,松山區,房地(土地+建物),25.0556839886381,121.565245008825,自強里,27.74,住,NA,NA,1121020,土地1建物1車位0,六層,七層,華廈(10層含以下有電梯),住家用,鋼筋混凝土造,810310,118.2,3,2,2,有,有,NA,NA,RPSNMLLJJIIGFDA07DA,78.43,0,7.2,有,639,2023-10-20,1191,24.640499302006200,21.295618856742500,27.724080237114400,0,49.7072534557169,63000010021,0.18821148494814100,0.6056159878573240,86.18,56852.24,54.67061693017240,37.78319971457250,1,0,0,0,0,0,1,0,0,0,45,42,0,10,1,2,2,0,0,47,"c(121.565245008825, 25.0556839886381)",臺北捷運南京三民站_G18,455.8976642336780,1494.4934330136900,4252.782992232880,31
臺北市松山區三民路９６巷３號,23700000,276902,0,0,63000,松山區,房地(土地+建物),25.0571890012627,121.563858977316,富泰里,32.5,都市：其他:住宅用地(民生社區特定專用區)。,NA,NA,1121018,土地3建物1車位0,四層，陽臺,四層,公寓(5樓含以下無電梯),住家用,鋼筋混凝土造,630313,85.59,3,2,2,有,無,NA,頂樓加蓋；,RPXOMLMKIIIGFDA87EA,85.59,0,0,無,NA,2023-10-18,1192,27.06205610682430,24.57282677175760,30.32916189830410,0,60.008368883002800,63000010008,0.17466362020817500,0.6064991114496070,76.86,78050.67,54.4729542113478,36.58113729660850,1,0,0,0,0,0,1,0,0,0,36,54,0,16,1,1,1,0,0,37,"c(121.563858977316, 25.0571890012627)",臺北捷運南京三民站_G18,627.1065713008870,1699.0222015658900,4404.414785673280,49
臺北市松山區健康路３５巷８號,37000000,236997,0,0,63000,松山區,房地(土地+建物),25.0538147823204,121.554157092028,龍田里,34.85,住,NA,NA,1121019,土地1建物1車位0,十層,十三層,住宅大樓(11層含以上有電梯),住家用,鋼筋混凝土造,860728,156.12,3,2,2,有,有,NA,NA,RPPNMLNJJIIGFDA96DA,87.31,2.49,8.07,有,NA,2023-10-19,1193,27.933456570617700,24.10630920216280,32.20517449709530,0,49.46747799366310,63000010012,0.222939147847369,0.6739348092112580,87.01,48884.09,60.42719006199640,29.730119782114300,1,0,0,0,0,0,0,0,0,0,38,44,0,9,1,0,1,0,1,39,"c(121.554157092028, 25.0538147823204)",臺北捷運台北小巨蛋站_G17,354.90583036466100,2482.9650603246800,3812.0991967277100,26
臺北市松山區光復北路１９７之１號,45000000,292037,0,0,63000,松山區,房地(土地+建物),25.059634002419,121.55522000117,精忠里,45.39,都市：其他:住宅用地(民生社區特定專用區)。,NA,NA,1121012,土地1建物1車位0,十層,十七層,住宅大樓(11層含以上有電梯),住家用,鋼筋混凝土造,770419,154.09,4,2,2,有,有,NA,NA,RPTNMLLLJIIGFDA37DA,124.26,2.01,14.51,有,NA,2023-10-12,1194,25.249647017930600,23.429995493154900,27.491952525413600,0,39.39708973112740,63000010010,0.2036334056399130,0.6499457700650760,86.22,1949.42,67.23100072715160,38.75094054223070,0,1,0,0,0,0,0,0,0,0,16,26,0,6,0,2,0,1,1,16,"c(121.55522000117, 25.059634002419)",臺北捷運松山機場站_BR13,511.26398491486200,2593.868074637360,4079.261911382230,35
臺北市松山區光復南路３３巷１５號,52500000,292512,0,0,63000,松山區,房地(土地+建物),25.0468769972431,121.558897980283,復盛里,52.68,住,NA,NA,1121011,土地1建物1車位0,一層,七層,華廈(10層含以下有電梯),住家用,鋼筋混凝土造,830106,179.48,4,2,2,有,有,NA,NA,RPOOMLMKIIIGFDA86DA,121.52,14.16,0,有,NA,2023-10-11,1197,23.822649932811000,22.122903257032500,26.221067613473200,0.1776935620807440,40.00653978153740,63000010025,0.14901960784313700,0.5352007469654530,88.75,38456.53,53.75901131468610,37.873326457808100,0,0,0,0,0,2,1,0,0,0,30,34,0,7,0,1,0,1,0,30,"c(121.558897980283, 25.0468769972431)",臺北捷運國父紀念館站_BL17,644.4939224944250,1968.7371066309500,4230.2426891995000,29
臺北市松山區光復南路６巷１７號,32000000,224262,0,0,63000,松山區,房地(土地+建物),25.0476519880107,121.557228975723,復建里,50,都市：其他:第三種住宅區。,NA,NA,1121006,土地4建物1車位0,四層，陽臺,四層,公寓(5樓含以下無電梯),住家用,鋼筋混凝土造,640108,142.69,5,2,2,有,無,NA,NA,RPUOMLNLIIIGFDA67DA,142.69,0,0,無,NA,2023-10-06,1199,27.03309716662430,25.91233769492240,28.314111746999500,1.1183977232217400,33.34686202196940,63000010032,0.1868304154690360,0.6028220538280640,89.92,53953.89,56.05095539522260,28.29366408706210,0,0,0,0,0,0,1,0,0,0,42,57,0,12,0,1,0,2,0,42,"c(121.557228975723, 25.0476519880107)",臺北捷運台北小巨蛋站_G17,669.9312115527570,2127.118910910780,4060.906979568300,48
臺北市松山區八德路三段１２巷１６弄５號,16380000,303671,0,0,63000,松山區,房地(土地+建物),25.0470530172098,121.550429994962,敦化里,10.44,住,NA,NA,1121001,土地1建物1車位0,四層,七層,華廈(10層含以下有電梯),住家用,鋼筋混凝土造,650819,53.94,1,2,1,有,無,NA,NA,RPXNMLQKIIIGFDA08DA,48.92,0,0,有,NA,2023-10-01,1200,27.567760613652000,25.89664714405280,31.283381644622400,7.503623145073360,40.49340720607100,63000010030,0.19029194512838600,0.6174815335912770,92.16,50588.25,63.636363621298200,34.61174241604840,1,0,0,0,0,2,0,0,0,0,37,43,0,13,1,0,0,3,0,37,"c(121.550429994962, 25.0470530172098)",臺北捷運台北小巨蛋站_G17,496.9014246302760,2816.312575678040,3375.556018576100,47
臺北市松山區八德路三段１２巷５１弄２４號,37500000,236832,0,0,63000,松山區,房地(土地+建物),25.0460580014838,121.551602036483,敦化里,27.75,住,NA,NA,1121016,土地1建物1車位0,三層,七層,華廈(10層含以下有電梯),住家用,鋼筋混凝土造,700513,158.34,3,2,2,有,無,NA,陽台外推；,RPWNMLSLJIIGFDA38DA,122.08,0,31.16,有,NA,2023-10-16,1201,24.892817795434000,23.29444198227120,27.391334350198400,0,78.00406525458110,63000010030,0.19029194512838600,0.6174815335912770,92.16,50588.25,63.636363621298200,34.61174241604840,1,0,0,0,0,0,0,0,0,0,46,69,0,11,0,0,0,4,0,46,"c(121.551602036483, 25.0460580014838)",臺北捷運忠孝敦化站_BL16,531.5715331803830,2710.4866687803700,3497.703760224160,42
臺北市松山區八德路三段１５８巷８弄１０號,37280000,245797,0,0,63000,松山區,房地(土地+建物),25.0475780177152,121.55481398178,復源里,21.91,商,NA,NA,1121020,土地2建物1車位0,一層,七層,華廈(10層含以下有電梯),住家用,鋼筋混凝土造,661019,151.67,3,2,2,有,無,NA,NA,RPQNMLLLJIIGFDA17EA,94.75,14.3,0,有,NA,2023-10-20,1203,24.67534045158570,21.373259106140000,27.53470877995440,0,52.38080474844890,63000010031,0.19432918395574,0.6002766251728910,89.71,68181.13,61.55242847864170,31.275533349398300,0,0,0,0,0,0,1,0,0,0,45,63,0,15,0,1,0,3,0,45,"c(121.55481398178, 25.0475780177152)",臺北捷運台北小巨蛋站_G17,505.28368934461100,2370.692731334120,3817.236407682270,46
臺北市松山區八德路三段１６５號,41470000,426544,39.55,3900000,63000,松山區,房地(土地+建物)+車位,25.0481870048904,121.555411024743,復勢里,8.15,商,NA,NA,1121019,土地1建物1車位1,十二層,十五層,住宅大樓(11層含以上有電梯),住家用,鋼筋混凝土造,1070331,127.63,2,2,2,有,有,坡道平面,NA,RPSOMLQJJIIGFDA67DA,51.6,3.18,4.54,有,NA,2023-10-19,1204,27.92458362178440,24.108996431104200,32.183575498126000,0,47.94904568104120,63000010033,0.1813970724476560,0.6064480266814900,84.29,48914,57.4641621212397,33.391003451954800,0,0,0,0,0,0,1,0,0,0,47,65,0,17,0,1,1,2,0,48,"c(121.555411024743, 25.0481870048904)",臺北捷運台北小巨蛋站_G17,492.33209327250200,2306.3260442308100,3877.8806977955700,5
臺北市松山區八德路三段１９９巷２１號,12700000,269068,0,0,63000,松山區,房地(土地+建物),25.0492750178321,121.556478963027,復勢里,10.04,住,NA,NA,1121102,土地1建物1車位0,四層,七層,華廈(10層含以下有電梯),住家用,鋼筋混凝土造,730127,47.2,1,1,1,有,有,NA,親友、員工、共有人或其他特殊關係間之交易；,RPXNMLLJKIIGFDA67DA,38.75,0,0,有,NA,2023-11-02,1205,26.370037956852500,23.65508272765070,30.365784885509,0,31.0129128264412,63000010033,0.1813970724476560,0.6064480266814900,84.29,48914,57.4641621212397,33.391003451954800,0,0,0,0,0,0,1,0,0,0,49,73,0,18,0,1,1,2,0,50,"c(121.556478963027, 25.0492750178321)",臺北捷運台北小巨蛋站_G17,510.0433871882830,2195.7833556791200,3989.1637758116100,39
臺北市松山區八德路二段３４８號,16693333.333333300,389694.6666666670,0,0,63000,松山區,房地(土地+建物),25.0477319932765,121.545318961863,中崙里,2.6,商,NA,NA,1121103,土地2建物1車位0,十層,十四層,住宅大樓(11層含以上有電梯),住家用,鋼筋混凝土造,980123,29.59,1,1,1,有,有,NA,陽台外推；夾層；其他增建；,RPVNMLTJJIIGFDA18DA,15.25,1.09,3.5,有,35,2023-11-03,1209,25.74886371267670,22.222561063899100,29.842041714201900,0,46.387674361314200,63000010027,0.18764501160092800,0.5913573085846870,87.61,49621.09,59.94173340861550,25.564457383261300,1,0,0,0,0,2,1,0,0,1,50,81,0,18,3,1,0,4,0,50,"c(121.545318961863, 25.0477319932765)",臺北捷運南京復興站_BR11_G16,493.03312698656400,2988.034018232050,2859.1353374665900,14
臺北市松山區八德路二段３６６巷１３弄２號,29000000,234060,0,0,63000,松山區,房地(土地+建物),25.0474807876383,121.546255891,中崙里,45.75,住,NA,NA,1121012,土地1建物1車位0,三層，陽臺,四層,公寓(5樓含以下無電梯),住家用,鋼筋混凝土造,610919,123.9,3,2,2,有,無,NA,NA,RPXNMLTKIIIGFDA38DA,123.9,0,0,無,NA,2023-10-12,1210,25.24560677690960,23.48553163328690,27.40819725011820,0,39.60204342081260,63000010027,0.18764501160092800,0.5913573085846870,87.61,49621.09,59.94173340861550,25.564457383261300,0,0,0,0,0,2,1,0,0,1,46,64,0,19,2,2,0,1,0,46,"c(121.546255891, 25.0474807876383)",臺北捷運南京復興站_BR11_G16,550.2689208338240,3082.490584289610,2953.7450734544600,51
臺北市松山區八德路二段４１０巷１２號,32500000,264314,0,0,63000,松山區,房地(土地+建物),25.0472960085828,121.546653025572,福成里,40.2,住,NA,NA,1121008,土地1建物1車位0,三層,五層,公寓(5樓含以下無電梯),住家用,鋼筋混凝土造,670712,122.96,4,2,2,有,無,NA,陽台外推；其他增建；,RPSOMLNLIIIGFDA47DA,111.9,0,11.06,無,NA,2023-10-08,1211,25.24152049852500,24.48901020781120,26.590101175840200,14.593141341557400,32.790559294880300,63000010034,0.21649484536082500,0.6530703720304800,84.59,36041.84,61.997563908649500,35.87088913771570,0,0,0,0,0,2,1,0,0,1,41,60,0,19,2,2,0,1,0,41,"c(121.546653025572, 25.0472960085828)",臺北捷運南京復興站_BR11_G16,585.6690207326320,3122.6626540786800,2994.032375319810,45
臺北市松山區八德路四段４４５號,10125000,260139,0,0,63000,松山區,房地(土地+建物),25.0499200052814,121.570422007502,慈祐里,3.62,商,NA,NA,1121001,土地1建物1車位0,九層,十四層,住宅大樓(11層含以上有電梯),住家用,鋼筋混凝土造,970205,36.39,1,1,1,有,有,NA,夾層；,RPRNMLRJJIIGFDA57DA,19.66,0.41,2.3,有,NA,2023-10-01,1214,27.37059790853560,25.67871597211640,30.404697873482000,8.537244579807170,39.754426325024900,63000010018,0.11310739077174400,0.46495168095821400,93.96,27279.91,44.04051364730680,32.88117199622330,1,0,0,0,0,0,1,0,0,0,30,25,0,4,0,3,2,4,0,32,"c(121.570422007502, 25.0499200052814)",臺北捷運南京三民站_G18,598.592669589348,792.774286751061,3746.034727934510,15
臺北市松山區八德路四段５７９號,33460000,381845,13.52,2500000,63000,松山區,房地(土地+建物)+車位,25.050141999987,121.573795974987,慈祐里,8.46,商,NA,NA,1121003,土地1建物1車位1,十層,十二層,住宅大樓(11層含以上有電梯),住家用,鋼筋混凝土造,1120327,94.6,2,1,1,有,有,其他,NA,RPQNMLOJIIIGFDA07DA,47.89,0.83,3.04,有,NA,2023-10-03,1215,25.37610923323610,23.883309106153400,26.775871300942100,12.444297144449300,39.53960238918730,63000010018,0.11310739077174400,0.46495168095821400,93.96,27279.91,44.04051364730680,32.88117199622330,1,0,0,0,0,0,0,0,0,1,23,24,0,5,1,1,0,8,0,23,"c(121.573795974987, 25.050141999987)",臺北捷運松山站_G19,414.2119389982940,460.1475241859110,3404.951120759010,0
臺北市松山區八德路四段５８３號,23890000,391114,13.52,2500000,63000,松山區,房地(土地+建物)+車位,25.0501489988762,121.573893959436,慈祐里,5.72,商,NA,NA,1121028,土地1建物1車位1,十層,十二層,住宅大樓(11層含以上有電梯),住家用,鋼筋混凝土造,1120327,68.21,1,1,1,有,有,其他,NA,RPPNMLRJJIIGFDA37DA,32.08,0,2.82,有,NA,2023-10-28,1216,21.46251453868210,19.757083069609600,23.2,5.7719609961518100,38.5506743826101,63000010018,0.11310739077174400,0.46495168095821400,93.96,27279.91,44.04051364730680,32.88117199622330,1,0,0,0,0,0,0,0,0,1,24,23,0,5,1,1,0,8,0,24,"c(121.573893959436, 25.0501489988762)",臺北捷運松山站_G19,404.2973413203100,450.6962938743510,3395.039508586500,0
臺北市松山區八德路四段６３６號,15643333.333333300,313500.3333333330,0,0,63000,松山區,房地(土地+建物),25.0498319952981,121.574493014056,慈祐里,4.99,商,NA,NA,1121101,土地1建物1車位0,五層,十三層,住宅大樓(11層含以上有電梯),住家用,鋼筋混凝土造,1021216,50.47,1,1,1,有,有,NA,夾層；,RPRNMLOKJIIGFDA47EA,29.53,2.79,0,有,10,2023-11-01,1217,24.571066601072700,22.24101030178560,27.72405148040900,0,32.223015322966900,63000010018,0.11310739077174400,0.46495168095821400,93.96,27279.91,44.04051364730680,32.88117199622330,0,0,0,0,0,0,0,0,0,2,33,32,0,6,2,1,1,8,0,34,"c(121.574493014056, 25.0498319952981)",臺北捷運松山站_G19,350.1508997318720,384.3104940481430,3339.1615559826300,10
臺北市松山區八德路四段６４２號,13100000,270717,0,0,63000,松山區,房地(土地+建物),25.0498149800346,121.574840024847,慈祐里,4.65,商,NA,NA,1121029,土地1建物1車位0,九層,十二層,住宅大樓(11層含以上有電梯),住家用,鋼筋混凝土造,1051123,48.39,1,1,1,有,有,NA,夾層；,RPRNMLTLJIIGFDA97DA,25.86,3.47,1.56,有,NA,2023-10-29,1218,22.445121497033700,21.796003647349000,23.773532851407900,0.4392548403106800,39.1879972810179,63000010018,0.11310739077174400,0.46495168095821400,93.96,27279.91,44.04051364730680,32.88117199622330,0,0,0,0,0,0,0,0,0,2,36,32,0,6,2,1,1,8,0,37,"c(121.574840024847, 25.0498149800346)",臺北捷運松山站_G19,316.5273370978690,349.5531845117270,3304.6585468167800,7
臺北市松山區八德路四段６６０號,31650000,244686.5,21.365,1400000,63000,松山區,房地(土地+建物)+車位,25.0498669897438,121.575863958139,慈祐里,13.2,商,NA,NA,1121001,土地1建物1車位1,九層,十四層,住宅大樓(11層含以上有電梯),住家用,鋼骨鋼筋混凝土造,980727,165.07,3,2,2,有,有,坡道平面,NA,RPOOMLPLIIIGFDA27DA,87.69,0,9.34,有,352,2023-10-01,1219,27.375600584688000,25.688008896366600,30.41093579011480,8.72548154665734,39.67580412459120,63000010018,0.11310739077174400,0.46495168095821400,93.96,27279.91,44.04051364730680,32.88117199622330,0,0,0,0,0,0,0,0,0,2,36,29,0,6,2,1,1,6,0,37,"c(121.575863958139, 25.0498669897438)",臺北捷運松山站_G19,215.90125100247800,250.5520381764140,3201.4471416057200,14
臺北市松山區八德路四段６８９號,26930000,185558,0,0,63000,松山區,房地(土地+建物),25.0502399844351,121.576362010826,慈祐里,14.57,商,NA,NA,1121016,土地1建物1車位0,十二層,十二層,住宅大樓(11層含以上有電梯),住家用,鋼筋混凝土造,730810,145.13,6,0,6,有,無,NA,有其他增建：前陽台、後陽台。其他增建；,RPQNMLTKIIIGFDA67DA,102.81,0,22.6,有,NA,2023-10-16,1220,24.73927477111160,23.22377844549600,27.391168447695700,0,74.149722944404200,63000010018,0.11310739077174400,0.46495168095821400,93.96,27279.91,44.04051364730680,32.88117199622330,0,0,0,0,0,0,0,0,0,2,30,24,0,7,1,1,1,6,0,31,"c(121.576362010826, 25.0502399844351)",臺北捷運松山站_G19,156.27809558294300,221.18845236904600,3146.4921591580600,39
臺北市松山區八德路四段７２巷１４弄６號,17000000,192264,0,0,63000,松山區,房地(土地+建物),25.0467159808831,121.559983017649,復盛里,32.75,住,NA,NA,1121014,土地2建物1車位0,二層，露台,四層,公寓(5樓含以下無電梯),住家用,加強磚造,590128,88.42,3,2,1,有,無,NA,有其他增建：後陽台、露台。其他增建；,RPUNMLRKIIIGFDA87DA,88.42,0,0,無,678,2023-10-14,1221,23.763175796715800,22.872213417259500,26.068914005615900,0,41.56798309010910,63000010025,0.14901960784313700,0.5352007469654530,88.75,38456.53,53.75901131468610,37.873326457808100,0,0,0,0,0,2,1,0,0,0,28,31,0,6,0,1,0,1,0,28,"c(121.559983017649, 25.0467159808831)",臺北捷運國父紀念館站_BL17,653.470248365711,1862.8171487730500,4340.106167791290,53
臺北市松山區八德路四段７７７號,35080000,257487,22.5,0,63000,松山區,房地(土地+建物)+車位,25.0512160151504,121.578245005374,慈祐里,11.22,商,NA,NA,1121014,土地1建物1車位1,四層,十五層,住宅大樓(11層含以上有電梯),住家用,鋼筋混凝土造,960724,136.24,3,2,2,有,有,坡道機械,NA,RPPPMLQJJIIGFDA47DA,74.75,3.36,3.66,有,613,2023-10-14,1222,23.762869787931700,22.8662189083693,26.153809831633000,0,41.00220063153300,63000010018,0.11310739077174400,0.46495168095821400,93.96,27279.91,44.04051364730680,32.88117199622330,0,0,0,0,0,0,0,0,0,2,29,23,0,7,1,2,0,4,0,29,"c(121.578245005374, 25.0512160151504)",臺北捷運松山站_G19,85.44315057669270,222.19906448520700,2946.332268420890,16
臺北市松山區南京東路三段３３５巷２３號,10600000,350066,0,0,63000,松山區,房地(土地+建物),25.0532768351906,121.547540088819,中正里,4.92,住,NA,NA,1121121,土地3建物1車位0,三層,七層,華廈(10層含以下有電梯),住家用,鋼筋混凝土造,740819,30.28,1,1,1,有,有,NA,NA,RPTOMLOLJIIGFDA77DA,16.73,0,3.24,有,156,2023-11-21,1223,22.5833914748236,20.171714268063300,25.418937058382200,0,37.38291702528450,63000010026,0.2048774291883650,0.6615013336720440,86.98,28646.43,62.671398602569500,27.00435553686010,1,0,0,0,0,0,0,0,0,1,53,65,0,9,1,2,0,1,0,53,"c(121.547540088819, 25.0532768351906)",臺北捷運南京復興站_BR11_G16,374.1043846240580,3130.2682601093800,3145.1076016670100,38
臺北市松山區南京東路五段１２３巷１５號,9500000,221445,0,0,63000,松山區,房地(土地+建物),25.052466008371,121.560716015082,東光里,16.5,住,NA,NA,1121006,土地2建物1車位0,四層，陽臺,四層,公寓(5樓含以下無電梯),住家用,鋼筋混凝土造,630513,42.9,4,1,4,有,無,NA,親友、員工、共有人或其他特殊關係間之交易；頂樓加蓋；,RPUNMLNLIIIGFDA57DA,42.9,0,0,無,NA,2023-10-06,1224,27.0373690169592,25.877640953810400,28.343232842471600,1.1799693342817000,33.01301308787100,63000010011,0.16379880873593600,0.6029119788219720,87.61,35058.27,56.4658251830279,43.93903309265560,0,0,0,0,0,2,1,0,0,0,50,59,0,9,0,0,0,3,0,50,"c(121.560716015082, 25.052466008371)",臺北捷運南京三民站_G18,421.38557504989400,1804.6205978763300,4444.542478739360,49
臺北市松山區南京東路五段２３９號,15025000,287068.25,0,0,63000,松山區,房地(土地+建物),25.0516164186651,121.564972429334,安平里,4.14,都市：其他:聯合開發區(捷)。,NA,NA,1121113,土地1建物1車位0,十七層,十八層,住宅大樓(11層含以上有電梯),住家用,鋼筋混凝土造,980331,51.28,0,0,0,無,有,NA,NA,RPVNMLPJKIIGFDA87DA,29.16,1.39,3.65,有,178,2023-11-13,1227,17.594725246865900,16.822544742524100,18.14508948504820,0.7218190718448800,47.41297190458660,63000010019,0.13624393624393600,0.5176715176715180,88.21,37506.23,47.22689074748330,34.73389355093670,0,0,0,0,0,2,0,0,0,0,52,50,0,7,0,1,2,2,0,54,"c(121.564972429334, 25.0516164186651)",臺北捷運南京三民站_G18,19.635423134908800,1365.014400005470,4279.438321335160,14
臺北市松山區南京東路五段２５０巷１８弄１８號,21500000,264030,0,0,63000,松山區,房地(土地+建物),25.0501029822277,121.567051979512,新聚里,18.96,住,NA,NA,1121009,土地1建物1車位0,二層,六層,華廈(10層含以下有電梯),住家用,鋼筋混凝土造,660524,81.43,3,2,2,有,有,NA,陽台外推；,RPOOMLMJJIIGFDA86DA,59.3,0,13.41,有,400,2023-10-09,1228,24.39478276080610,23.401364351406500,25.46620213727640,7.84636118745366,33.76726643553780,63000010024,0.15142141699808500,0.5545735749005750,84.54,50451.72,53.90099815565270,38.297005492300500,1,0,0,0,0,2,0,0,0,0,39,42,0,4,0,1,2,5,0,41,"c(121.567051979512, 25.0501029822277)",臺北捷運南京三民站_G18,282.2866612703060,1133.2357709737200,4082.287898594490,46
臺北市松山區南京東路五段２５０巷２弄２９號,22600000,222946,0,0,63000,松山區,房地(土地+建物),25.0507900049215,121.567789000258,新聚里,23.5,商,NA,NA,1121010,土地1建物1車位0,六層，陽臺,六層,華廈(10層含以下有電梯),住家用,鋼筋混凝土造,630320,101.37,3,2,1,有,無,NA,頂樓加蓋；,RPUNMLRJJIIGFDA87DA,101.37,0,0,有,NA,2023-10-10,1229,23.663126184540600,22.436413361175700,25.551532586024600,2.1351255785897000,34.02159056563350,63000010024,0.15142141699808500,0.5545735749005750,84.54,50451.72,53.90099815565270,38.297005492300500,1,0,0,0,0,0,1,0,0,0,35,38,0,4,0,1,2,4,0,37,"c(121.567789000258, 25.0507900049215)",臺北捷運南京三民站_G18,316.2824464781080,1068.9637007238700,4001.662392738950,49
臺北市松山區南京東路五段２５０巷２弄３３號,17000000,167702,0,0,63000,松山區,房地(土地+建物),25.0507788988998,121.567914477348,新聚里,23.5,商,NA,NA,1121109,土地1建物1車位0,三層，陽臺,六層,華廈(10層含以下有電梯),住家用,鋼筋混凝土造,630320,101.37,3,2,2,有,無,NA,親友、員工、共有人或其他特殊關係間之交易；,RPPNMLQJKIIGFDA47EA,101.37,0,0,有,NA,2023-11-09,1230,26.77097685316910,23.577332644946700,31,0,47.609038294233000,63000010024,0.15142141699808500,0.5545735749005750,84.54,50451.72,53.90099815565270,38.297005492300500,1,0,0,0,0,0,1,0,0,0,35,38,0,4,0,1,2,4,0,37,"c(121.567914477348, 25.0507788988998)",臺北捷運南京三民站_G18,328.78946975257100,1056.2724888605700,3989.1348753905500,49
臺北市松山區南京東路五段３１６號,11000000,233794,0,0,63000,松山區,房地(土地+建物),25.0510979979537,121.568066022158,新聚里,4.61,商,NA,NA,1121015,土地1建物1車位0,十一層,十二層,住宅大樓(11層含以上有電梯),住家用,鋼筋混凝土造,780621,47.05,1,1,1,有,有,NA,陽台外推；,RPUOMLLMIIIGFDA57DA,30.98,0,5.71,有,NA,2023-10-15,1231,24.221768481335800,22.7366344177981,27.14805053714750,0,76.35769884034150,63000010024,0.15142141699808500,0.5545735749005750,84.54,50451.72,53.90099815565270,38.297005492300500,1,0,0,0,0,0,1,0,0,0,35,38,0,4,0,1,2,4,0,37,"c(121.568066022158, 25.0510979979537)",臺北捷運南京三民站_G18,336.0156954672150,1047.6703965249200,3971.286573118030,34
臺北市松山區南京東路五段４０號,10200000,277929,0,0,63000,松山區,房地(土地+建物),25.0512950145878,121.559708007406,吉祥里,3.02,商,NA,NA,1121102,土地1建物1車位0,十九層,十九層,住宅大樓(11層含以上有電梯),住家用,鋼筋混凝土造,790216,36.7,1,0,1,有,有,NA,NA,RPPNMLKLJIIGFDA96EA,24.49,0,5.34,有,36,2023-11-02,1235,26.376430727701700,23.620790395186600,30.34755050276000,0,30.841003531193500,63000010022,0.16311852704257800,0.5900460299194480,86,35797.64,58.07700141412160,41.61743735147330,0,0,0,0,0,2,1,0,0,0,53,64,0,11,0,1,1,2,0,54,"c(121.559708007406, 25.0512950145878)",臺北捷運南京三民站_G18,512.8160223431700,1884.1416206780900,4329.648542128090,33
臺北市松山區南京東路五段５９巷３０弄４號,25600000,230818,0,0,63000,松山區,房地(土地+建物),25.052932000278,121.559029995258,東光里,40.75,住,NA,NA,1121102,土地1建物1車位0,三層,四層,公寓(5樓含以下無電梯),住家用,鋼筋混凝土造,610425,110.91,3,2,2,有,無,NA,NA,RPVOMLTLJIIGFDA48DA,100.35,0,10.56,無,NA,2023-11-02,1236,26.384595043348700,23.641302599211200,30.371965357178800,0,30.933019861999900,63000010011,0.16379880873593600,0.6029119788219720,87.61,35058.27,56.4658251830279,43.93903309265560,0,0,0,0,0,0,1,0,0,0,48,51,0,10,0,0,1,1,0,49,"c(121.559029995258, 25.052932000278)",臺北捷運南京三民站_G18,598.9223336595670,1981.6933853422700,4282.3973935385500,51
臺北市松山區南京東路五段６６巷２５號,28500000,239275,0,0,63000,松山區,房地(土地+建物),25.0503259827617,121.560844006744,吉祥里,24.24,住,NA,NA,1121017,土地1建物1車位0,二層,七層,華廈(10層含以下有電梯),住家用,鋼筋混凝土造,720824,119.11,3,2,2,有,無,NA,其他增建；,RPPNMLSJJIIGFDA57EA,88.43,0.65,15.38,有,530,2023-10-17,1237,24.70543318149120,22.993148318040200,26.837793844626100,0,80.93804065631860,63000010022,0.16311852704257800,0.5900460299194480,86,35797.64,58.07700141412160,41.61743735147330,0,0,0,0,0,2,1,0,0,0,49,68,0,10,0,1,0,3,0,49,"c(121.560844006744, 25.0503259827617)",臺北捷運南京三民站_G18,421.1088542158640,1759.6621556819200,4435.400642294110,40
臺北市松山區南京東路四段１３３巷５弄２１號,13500000,322658,0,0,63000,松山區,房地(土地+建物),25.0520720170122,121.555906981954,東勢里,9.64,商,NA,NA,1121017,土地2建物1車位0,五層,六層,華廈(10層含以下有電梯),住家用,鋼筋混凝土造,870624,41.84,1,2,1,有,有,NA,NA,RPQNMLQLIIIGFDA47DA,26.28,0,3.83,有,663,2023-10-17,1240,24.784723976807600,23.067894893531500,26.885381559474400,0,82.88345270267490,63000010014,0.1844205890448670,0.6047343793008530,87.2,47300.79,65.56804960621640,40.86855368713900,1,0,0,0,0,0,1,0,0,0,46,64,0,11,0,1,1,1,1,47,"c(121.555906981954, 25.0520720170122)",臺北捷運台北小巨蛋站_G17,407.8627894777020,2275.650408856750,3957.5924379910300,25
臺北市松山區南京東路四段２１號,37780000,287344,0,0,63000,松山區,房地(土地+建物),25.0519200111981,121.550331004686,中華里,14.62,商,NA,NA,1121110,土地2建物1車位0,八層，陽臺,九層,華廈(10層含以下有電梯),住家用,鋼筋混凝土造,651008,131.48,0,0,0,無,無,NA,陽台外推；,RPVOMLMLJIIGFDA77DA,114.97,0,0,有,176,2023-11-10,1243,24.925208147546900,22.286951696280600,30.110027614035900,0.01751731088089620,54.121502231663600,63000010015,0.2333891680625350,0.6888144425832870,85.91,33256.83,69.59999998203870,38.658064506152800,2,0,0,0,0,0,0,0,0,1,42,45,0,7,1,1,0,1,0,42,"c(121.550331004686, 25.0519200111981)",臺北捷運台北小巨蛋站_G17,176.36186306511400,2832.0458608832400,3397.580631797790,47
臺北市松山區塔悠路３２３號,9600000,203908,0,0,63000,松山區,房地(土地+建物),25.0614669989149,121.568937991545,新東里,8.99,住,NA,NA,1121021,土地1建物1車位0,二層,四層,華廈(10層含以下有電梯),住家用,鋼筋混凝土造,821021,47.08,1,1,1,有,有,NA,夾層；,RPRNMLRKJIIGFDA67DA,29.58,0.79,4.12,有,NA,2023-10-21,1245,21.34639087070470,20.558684203041000,22.37430805488680,0.29352200357078000,34.5051532271539,63000010007,0.14564029460679500,0.5405084343074360,89.77,14086.85,58.515573207914000,39.46322066286840,1,0,0,0,0,0,0,0,0,0,20,19,0,6,0,1,1,0,0,21,"c(121.568937991545, 25.0614669989149)",臺北捷運南京三民站_G18,1171.7255995421800,1650.5063524255100,3971.0654388459500,30
臺北市松山區富錦街３４４號,47000000,287814,0,0,63000,松山區,房地(土地+建物),25.0603952887749,121.557290331254,東榮里,35.61,都市：其他:住宅用地(民生社區特定專用區) 但是否在道路用地(公共設施用地)(應依建築線或俟地籍測量分割後，再確定)。,NA,NA,1121011,土地1建物1車位0,六層,七層,華廈(10層含以下有電梯),住家用,鋼筋混凝土造,700907,163.3,4,2,2,有,有,NA,NA,RPSNMLOKJIIGFDA47DA,135.27,0,14.29,有,NA,2023-10-11,1246,23.91608274505160,22.125493440360300,26.32142728751230,0.0995326223047993,41.323495167237900,63000010003,0.2106519468894530,0.661345666119648,86.01,31062.55,69.27926033425520,40.84891783129880,0,1,0,0,0,0,0,0,0,0,11,28,0,8,0,1,0,1,0,11,"c(121.557290331254, 25.0603952887749)",臺北捷運松山機場站_BR13,619.7526126998300,2450.142487603720,4304.2267646363900,42
臺北市松山區富錦街３４６號,48000000,288479,0,0,63000,松山區,房地(土地+建物),25.0604012818357,121.557418071459,東榮里,34.93,都市：其他:住宅用地(民生社區特定專用區) 但是否在道路用地(公共設施用地)(應依建築線或俟地籍測量分割後，再確定)。,NA,NA,1121102,土地1建物1車位0,六層,七層,華廈(10層含以下有電梯),住家用,鋼筋混凝土造,700907,166.39,3,2,2,有,有,NA,陽台外推；其他增建；,RPROMLLLJIIGFDA27DA,134.64,0,14.29,有,NA,2023-11-02,1247,26.45034782470080,23.707514452165900,30.4951678937578,0,34.63124514278220,63000010003,0.2106519468894530,0.661345666119648,86.01,31062.55,69.27926033425520,40.84891783129880,0,1,0,0,0,0,0,0,0,0,11,30,0,9,0,1,0,1,0,11,"c(121.557418071459, 25.0604012818357)",臺北捷運松山機場站_BR13,630.6675936890880,2439.3688434407500,4316.623804657780,42
臺北市松山區富錦街３５９巷２弄４０號,35000000,226142,0,0,63000,松山區,房地(土地+建物),25.0612740055943,121.559891990181,東榮里,75.75,都市：其他:住宅用地(民生社區特定專用區)。,NA,NA,1121009,土地1建物1車位0,四層，陽臺,四層,公寓(5樓含以下無電梯),住家用,鋼筋混凝土造,580911,154.77,4,2,2,有,無,NA,NA,RPTNMLKLIIIGFDA17DA,154.77,0,0,無,NA,2023-10-09,1248,24.579257137070200,23.558931142385900,25.76371725418780,5.861261417297680,33.97089588339980,63000010003,0.2106519468894530,0.661345666119648,86.01,31062.55,69.27926033425520,40.84891783129880,0,0,0,0,0,0,1,0,0,0,13,31,0,7,1,0,0,0,0,13,"c(121.559891990181, 25.0612740055943)",臺北捷運松山機場站_BR13,828.076423509839,2283.193061067220,4584.122309228980,54
臺北市松山區寧安街５巷１０號,16000000,147126,0,0,63000,松山區,房地(土地+建物),25.0491279992504,121.554852035621,復勢里,35.75,住,NA,NA,1121020,土地1建物1車位0,三層,四層,公寓(5樓含以下無電梯),住家用,鋼筋混凝土造,600421,108.75,3,2,2,有,無,NA,親友、員工、共有人或其他特殊關係間之交易；,RPVOMLSLJIIGFDA38DA,95.63,0,13.12,無,NA,2023-10-20,1249,24.678556000033700,21.37811026862530,27.530201947700500,0,52.371964640633200,63000010033,0.1813970724476560,0.6064480266814900,84.29,48914,57.4641621212397,33.391003451954800,1,0,0,0,0,0,1,0,0,0,49,69,0,16,0,1,1,2,0,50,"c(121.554852035621, 25.0491279992504)",臺北捷運台北小巨蛋站_G17,380.3911060542730,2359.953350259720,3824.449960570190,52
臺北市松山區寶清街１８之５號,11800000,160982,0,0,63000,松山區,房地(土地+建物),25.0502319797176,121.568675973252,新聚里,25.25,住,NA,NA,1121103,土地1建物1車位0,二層，陽臺,四層,公寓(5樓含以下無電梯),住家用,鋼筋混凝土造,640220,73.3,2,1,1,有,無,NA,NA,RPQNMLPJKIIGFDA47EA,73.3,0,0,無,131,2023-11-03,1250,25.818788347349900,22.420226524365300,30.19192245163290,0,46.63829992852490,63000010024,0.15142141699808500,0.5545735749005750,84.54,50451.72,53.90099815565270,38.297005492300500,1,0,0,0,0,0,1,0,0,0,33,36,0,4,0,1,2,4,0,35,"c(121.568675973252, 25.0502319797176)",臺北捷運南京三民站_G18,420.9109062760050,971.6603037504970,3917.8050118853500,48
臺北市松山區寶清街１８之８號,23150000,183454,0,0,63000,松山區,房地(土地+建物),25.0502319797176,121.568675973252,新聚里,37.67,住,NA,NA,1121001,土地1建物1車位0,三層，陽臺,四層,公寓(5樓含以下無電梯),住家用,鋼筋混凝土造,640220,126.19,3,2,1,有,無,NA,NA,RPXNMLPLIIIGFDA08DA,126.19,0,0,無,NA,2023-10-01,1251,27.378451385515200,25.68710045466860,30.441074839640400,8.479806129082350,39.79519208393850,63000010024,0.15142141699808500,0.5545735749005750,84.54,50451.72,53.90099815565270,38.297005492300500,1,0,0,0,0,0,1,0,0,0,33,36,0,4,0,1,2,4,0,35,"c(121.568675973252, 25.0502319797176)",臺北捷運南京三民站_G18,420.9109062760050,971.6603037504970,3917.8050118853500,48
臺北市松山區延壽街３６６號,25300000,236825,0,0,63000,松山區,房地(土地+建物),25.0563620007859,121.558535965885,龍田里,30.8,住,NA,NA,1121028,土地1建物1車位0,二層,五層,公寓(5樓含以下無電梯),住家用,鋼筋混凝土造,670824,106.83,3,2,2,有,無,NA,陽台外推；,RPSOMLQKJIIGFDA77DA,94.52,0,12.31,無,NA,2023-10-28,1252,21.608212591605300,20.04321089360210,23.2,5.163517384394220,39.963798743586100,63000010012,0.222939147847369,0.6739348092112580,87.01,48884.09,60.42719006199640,29.730119782114300,0,1,0,0,0,0,0,0,0,0,27,45,0,12,0,1,0,2,1,27,"c(121.558535965885, 25.0563620007859)",臺北捷運南京三民站_G18,822.3883523206140,2140.174921052810,4301.765154304000,45
臺北市松山區延壽街４０８號,26000000,260599,0,0,63000,松山區,房地(土地+建物),25.0562319974677,121.556955977137,龍田里,26.4,住,NA,NA,1121008,土地1建物1車位0,三層,五層,公寓(5樓含以下無電梯),住家用,鋼筋混凝土造,670508,99.77,3,2,2,有,無,NA,陽台外推；,RPPOMLKMIIIGFDA96DA,86.29,0,13.48,無,NA,2023-10-08,1253,25.20320795740110,24.43889095971950,26.59498993536420,14.950091891729800,33.62721038948630,63000010012,0.222939147847369,0.6739348092112580,87.01,48884.09,60.42719006199640,29.730119782114300,0,1,0,0,0,0,0,0,0,0,27,37,0,13,0,1,1,2,1,28,"c(121.556955977137, 25.0562319974677)",臺北捷運台北小巨蛋站_G17,742.4016629677280,2284.0911239508200,4143.221941389140,45
臺北市松山區復興北路４２７巷２５號,12580000,265906,0,0,63000,松山區,房地(土地+建物),25.063393998455,121.546364017551,民福里,7.68,住,NA,NA,1121022,土地1建物1車位0,九層,十一層,住宅大樓(11層含以上有電梯),住家用,鋼筋混凝土造,971013,47.31,1,1,1,有,有,NA,NA,RPUOMLRJJIIGFDA97DA,22.16,4.29,2.06,有,590,2023-10-22,1256,23.22339651244,21.366306561889100,24.831612762268000,0,29.57449083087490,63000010017,0.13965549175773300,0.5432487497684760,86.24,28255.83,57.12379934441730,44.05016007362590,0,0,0,0,0,0,1,0,0,0,29,39,0,6,1,2,1,0,0,30,"c(121.546364017551, 25.063393998455)",臺北捷運中山國中站_BR12,376.6288555733790,3557.9176314544100,3438.1830928619800,15
臺北市松山區復興南路一段４７巷１２號,34500000,333108,0,0,63000,松山區,房地(土地+建物),25.0456000142943,121.544685960535,中崙里,37.25,住,NA,NA,1121001,土地1建物1車位0,一層,四層,公寓(5樓含以下無電梯),住家用,鋼筋混凝土造,580821,103.57,4,2,3,有,無,NA,NA,RPPNMLTJIIIGFDA47DA,103.57,0,0,無,NA,2023-10-01,1258,27.553420007541900,25.88289881353180,31.16718758795430,7.461949480535340,40.70345419905990,63000010027,0.18764501160092800,0.5913573085846870,87.61,49621.09,59.94173340861550,25.564457383261300,0,0,0,0,0,2,1,0,0,3,50,109,0,21,1,2,0,2,0,50,"c(121.544685960535, 25.0456000142943)",臺北捷運南京復興站_BR11_G16,715.8659336906090,2931.8347194646300,2804.666291768770,54
臺北市松山區撫遠街２６１巷１０號,25280000,202906,0,0,63000,松山區,房地(土地+建物),25.0612390111486,121.567312991976,新益里,46.29,都市：其他:住宅用地(民生社區特定專用區) 但是否在道路用地(公共設施用地)(應依建築線或俟地籍測量分割後，再確定)。,NA,NA,1121007,土地1建物1車位0,三層,四層,公寓(5樓含以下無電梯),住家用,鋼筋混凝土造,710824,124.59,2,2,2,有,無,NA,NA,RPPNMLKLIIIGFDA76DA,93.05,0,20.71,無,NA,2023-10-07,1259,27.053853566136600,24.86338974483400,31.006614715004700,11.032160504934300,31.335371295899300,63000010005,0.1314992428066630,0.5227158001009590,90.55,38165.69,54.06732115916290,38.92005608733520,1,0,0,0,0,0,1,0,0,0,31,27,0,9,1,1,1,0,0,32,"c(121.567312991976, 25.0612390111486)",臺北捷運南京三民站_G18,1098.923011177100,1729.420760800670,4125.892369931620,41
臺北市松山區撫遠街４０１巷９號,18180000,200862,0,0,63000,松山區,房地(土地+建物),25.0658257981138,121.566162659585,莊敬里,36.75,都市：其他:住宅用地(民生社區特定專用區)。,NA,NA,1121008,土地1建物1車位0,一層，平台,四層,公寓(5樓含以下無電梯),住家用,鋼筋混凝土造,640410,90.51,3,2,2,有,無,NA,其他增建；,RPRNMLTJJIIGFDA77DA,90.51,0,0,無,NA,2023-10-08,1260,25.256540701800800,24.39250376862090,27.054762827835600,14.033473977154000,33.58015638982910,63000010002,0.11709706144256500,0.48864648263579700,91.25,3852.59,53.34341904588700,35.9152798681043,0,0,0,0,0,0,0,0,0,0,11,6,0,2,0,0,0,0,0,11,"c(121.566162659585, 25.0658257981138)",臺北捷運松山機場站_BR13,1464.019320345280,2207.326337888430,4369.647746878710,48
臺北市松山區敦化北路１２０巷１１號,26800000,262977,0,0,63000,松山區,房地(土地+建物),25.0537939952006,121.547277980273,中正里,18.17,住,NA,NA,1121011,土地1建物2車位0,七層,七層,華廈(10層含以下有電梯),住家用,鋼筋混凝土造,730528,101.91,3,2,2,有,無,NA,NA,RPQNMLSKIIIGFDA57DA,66.14,0,11.39,有,NA,2023-10-11,1261,23.913226590162300,22.20411899779050,26.208212508461000,0.03076504782852240,42.270691125110500,63000010026,0.2048774291883650,0.6615013336720440,86.98,28646.43,62.671398602569500,27.00435553686010,2,0,0,0,0,0,0,0,0,1,52,71,0,8,1,2,0,1,0,52,"c(121.547277980273, 25.0537939952006)",臺北捷運南京復興站_BR11_G16,375.7887891895070,3165.1191837153700,3131.0879420845800,39
臺北市松山區敦化北路１５５巷１００弄１６號,45000000,301427,0,0,63000,松山區,房地(土地+建物)+車位,25.0552420108836,121.552289017268,中華里,28.5,住,NA,NA,1121012,土地4建物1車位2,二層,十七層,住宅大樓(11層含以上有電梯),住家用,鋼筋混凝土造,881022,149.29,3,2,2,有,有,坡道平面,親友、員工、共有人或其他特殊關係間之交易；,RPWNMLKKJIIGFDA57EA,77.91,0,8.53,有,670,2023-10-12,1262,25.240359698371600,23.46308435801970,27.426925871791300,0,39.52234331625820,63000010015,0.2333891680625350,0.6888144425832870,85.91,33256.83,69.59999998203870,38.658064506152800,1,1,0,0,0,0,0,0,0,0,40,39,0,8,1,2,1,0,1,41,"c(121.552289017268, 25.0552420108836)",臺北捷運台北小巨蛋站_G17,435.77452912349100,2702.3883476597200,3659.735017633890,24
臺北市松山區敦化北路２２２巷１８弄６號,22500000,267570,0,0,63000,松山區,房地(土地+建物),25.0592400110603,121.54757604075,民有里,13.87,住,NA,NA,1121015,土地1建物1車位0,四層,七層,華廈(10層含以下有電梯),住家用,鋼筋混凝土造,720526,84.09,3,2,2,有,有,NA,NA,RPPOMLRLIIIGFDA57DA,63.27,0,8.33,有,NA,2023-10-15,1264,24.188020489426800,22.778125698518400,27.186859765724900,0,70.98545663589540,63000010016,0.1848717270563340,0.6319756678127480,84.52,32014.49,66.47376541927590,45.87191357139820,0,0,0,0,0,0,1,0,0,0,41,53,0,10,2,3,0,0,0,41,"c(121.54757604075, 25.0592400110603)",臺北捷運中山國中站_BR12,399.5360437306320,3287.4057566340200,3342.2063022878300,40
臺北市松山區敦化北路４巷３１號,10880000,329697,0,0,63000,松山區,房地(土地+建物),25.050086595607,121.545517277692,中正里,7.32,住,NA,NA,1121011,土地3建物1車位0,五層,七層,華廈(10層含以下有電梯),住家用,鋼筋混凝土造,590728,33,1,1,1,有,有,NA,NA,RPSNMLQJJIIGFDA67EA,27.95,0,0,有,437,2023-10-11,1266,23.915978610225700,22.204073812431300,26.20654075705080,0.02251925417550340,42.40801232439110,63000010026,0.2048774291883650,0.6615013336720440,86.98,28646.43,62.671398602569500,27.00435553686010,2,0,0,0,0,2,1,0,0,2,52,80,0,15,2,2,0,4,0,52,"c(121.545517277692, 25.050086595607)",臺北捷運南京復興站_BR11_G16,259.9178397757990,3021.3108272887200,2891.5271502017200,53
臺北市松山區新中街４３號,5200000,92791,0,0,63000,松山區,房地(土地+建物),25.060487992624,121.560247969609,東榮里,15.4,都市：其他:住宅用地(民生社區特定專用區)。,NA,NA,1121103,土地1建物1車位0,四層,五層,公寓(5樓含以下無電梯),住家用,鋼筋混凝土造,670525,56.04,3,2,2,有,無,NA,親友、員工、共有人或其他特殊關係間之交易；,RPQNMLPJKIIGFDA37DA,50.2,0,5.84,無,NA,2023-11-03,1270,25.85239256714260,22.37828774934630,30.242703840213000,0,49.06917739010440,63000010003,0.2106519468894530,0.661345666119648,86.01,31062.55,69.27926033425520,40.84891783129880,0,0,0,0,0,0,1,0,0,0,16,36,0,11,1,0,0,1,0,16,"c(121.560247969609, 25.060487992624)",臺北捷運松山機場站_BR13,887.9866152160100,2203.675440449820,4590.401608291530,45
臺北市松山區民族東路６９３號,25000000,204599,0,0,63000,松山區,房地(土地+建物),25.0632370054085,121.548579019284,民福里,19.81,住,NA,NA,1121016,土地1建物1車位0,四層,七層,華廈(10層含以下有電梯),住家用,鋼筋混凝土造,731213,122.19,3,2,2,有,有,NA,NA,RPTNMLRLJIIGFDA97DA,91.97,0,12.94,有,NA,2023-10-16,1272,24.916438854172100,23.29991916670730,27.499408332323400,0,74.05970587949690,63000010017,0.13965549175773300,0.5432487497684760,86.24,28255.83,57.12379934441730,44.05016007362590,0,0,0,0,0,0,1,0,0,0,19,19,0,5,1,2,1,0,0,20,"c(121.548579019284, 25.0632370054085)",臺北捷運松山機場站_BR13,340.21234748154100,3372.021976406800,3624.3365999870400,39
臺北市松山區民權東路三段１０３巷２５弄８號,37500000,192091,0,0,63000,松山區,房地(土地+建物)+車位,25.0636680028698,121.545765968759,民福里,41.38,住,NA,NA,1121003,土地3建物1車位1,五層,十一層,住宅大樓(11層含以上有電梯),住家用,鋼筋混凝土造,840816,195.22,3,2,2,有,有,坡道平面,陽台外推；,RPUNMLOLIIIGFDA67DA,111.79,0,12.69,有,NA,2023-10-03,1273,25.39488572236030,23.8343724274853,26.831543813993000,9.422370303681560,45.69575577652550,63000010017,0.13965549175773300,0.5432487497684760,86.24,28255.83,57.12379934441730,44.05016007362590,0,0,0,0,0,0,1,0,0,0,29,42,0,5,1,2,1,0,0,30,"c(121.545765968759, 25.0636680028698)",臺北捷運中山國中站_BR12,367.6263498742800,3520.9000723181600,3402.0014387750300,28
臺北市松山區民權東路三段１６０巷２５號,23300000,281843,0,0,63000,松山區,房地(土地+建物),25.0597150135132,121.546870033046,民有里,9.88,住,NA,NA,1121021,土地1建物1車位0,四層,七層,華廈(10層含以下有電梯),住家用,鋼筋混凝土造,720527,82.67,3,2,2,有,有,NA,建築物含有：鐵鋁增建、陽台外推約2坪左右陽台外推；其他增建；,RPRNMLRKJIIGFDA77EA,60.16,0,10.04,有,NA,2023-10-21,1274,21.393222825257000,20.659199514764400,22.38633764065850,0.45257266239336300,34.527027921074900,63000010016,0.1848717270563340,0.6319756678127480,84.52,32014.49,66.47376541927590,45.87191357139820,0,0,0,0,0,0,1,0,0,0,44,56,0,9,1,3,1,0,0,45,"c(121.546870033046, 25.0597150135132)",臺北捷運中山國中站_BR12,313.19660703732600,3372.321796053220,3297.458768953160,40
臺北市松山區民生東路五段１２２號,49300000,248638,0,0,63000,松山區,房地(土地+建物),25.0585710094583,121.561183976736,介壽里,38.68,都市：其他:住宅用地(民生社區特定專用區)。,NA,NA,1121012,土地5建物1車位0,七層,七層,華廈(10層含以下有電梯),住家用,鋼筋混凝土造,680103,198.28,4,2,3,有,有,NA,陽台外推；,RPRNMLQLIIIGFDA57DA,148.61,0,18.2,有,287,2023-10-12,1276,25.24574603881870,23.4001385990386,27.52744526398160,0,38.88029507856980,63000010009,0.1935135135135140,0.6272972972972970,89.22,31946.66,68.13268726495240,37.905329840512400,1,0,0,0,0,0,1,0,0,0,26,49,0,14,1,1,0,1,0,26,"c(121.561183976736, 25.0585710094583)",臺北捷運南京三民站_G18,854.1579387772190,2009.1842627971200,4620.356153630870,44
臺北市松山區民生東路五段１３１號,18000000,239968,0,0,63000,松山區,房地(土地+建物),25.0588660105406,121.561295958963,東榮里,29.75,都市：其他:住宅用地(民生社區特定專用區)。,NA,NA,1121018,土地1建物1車位0,四層,四層,公寓(5樓含以下無電梯),住家用,鋼筋混凝土造,610401,75.01,5,2,3,有,無,NA,NA,RPPNMLRKJIIGFDA47DA,75.01,0,0,無,NA,2023-10-18,1277,27.08735687136710,24.59595664301640,30.384681221671400,0,60.29538688943060,63000010003,0.2106519468894530,0.661345666119648,86.01,31062.55,69.27926033425520,40.84891783129880,1,0,0,0,0,0,1,0,0,0,27,49,0,15,1,1,0,1,0,27,"c(121.561295958963, 25.0588660105406)",臺北捷運南京三民站_G18,879.2704960557330,2016.6515557512100,4639.884984513740,51
臺北市松山區民生東路五段１３７巷４弄１８號,42950000,217806,39.39,3000000,63000,松山區,房地(土地+建物)+車位,25.0597189949172,121.562360041571,三民里,19.23,商,NA,NA,1121007,土地1建物1車位1,十一層,十五層,住宅大樓(11層含以上有電梯),住家用,鋼筋混凝土造,720129,222.82,4,2,2,有,有,坡道平面,NA,RPPOMLTKIIIGFDA67DA,171.87,0,22.75,有,NA,2023-10-07,1278,27.060172445588700,24.84863292814950,31.024182281589700,11.299189339619000,32.29641141222380,63000010004,0.17425539198904500,0.6131461828141050,83.98,48980.81,59.60280938251320,41.48704285747470,1,0,0,0,0,0,1,0,0,0,34,52,0,18,1,1,1,0,0,35,"c(121.562360041571, 25.0597189949172)",臺北捷運南京三民站_G18,932.9416007859140,1980.4835813380300,4588.132889992490,40
臺北市松山區民生東路五段１６２號,36000000,273556,0,0,63000,松山區,房地(土地+建物),25.0584640144643,121.562760025991,三民里,21.19,商,NA,NA,1121108,土地1建物1車位0,十二層,十五層,住宅大樓(11層含以上有電梯),住家用,鋼筋混凝土造,680521,131.6,3,2,2,有,有,NA,NA,RPPNMLPJKIIGFDA27DA,104.94,0,13.61,有,142,2023-11-08,1279,25.52499926873240,22.6524072353098,29.182721830936100,0,44.44845510321950,63000010004,0.17425539198904500,0.6131461828141050,83.98,48980.81,59.60280938251320,41.48704285747470,1,0,0,0,0,0,1,0,0,0,35,52,0,17,1,1,1,0,0,36,"c(121.562760025991, 25.0584640144643)",臺北捷運南京三民站_G18,788.2184398812880,1868.2429996856000,4529.534032765430,44
臺北市松山區民生東路五段１９０號,8900000,247016,0,0,63000,松山區,房地(土地+建物),25.0586819858564,121.564244963957,富泰里,2.97,商,NA,NA,1121104,土地1建物1車位0,十三層,十六層,住宅大樓(11層含以上有電梯),住家用,鋼筋混凝土造,721229,36.03,1,1,1,有,有,NA,陽台外推；,RPUNMLOKJIIGFDA67DA,26.5,0,3.78,有,9,2023-11-04,1281,27.123613897331700,23.385681414727200,31.420339746983900,0,35.07745233516930,63000010008,0.17466362020817500,0.6064991114496070,76.86,78050.67,54.4729542113478,36.58113729660850,1,0,0,0,0,0,1,0,0,0,37,53,0,15,1,1,1,0,0,38,"c(121.564244963957, 25.0586819858564)",臺北捷運南京三民站_G18,787.4090200918320,1759.206913386750,4383.86405844292,40
臺北市松山區民生東路五段１９２號,14580000,252162,0,0,63000,松山區,房地(土地+建物),25.0582209811817,121.564261979221,富泰里,5.08,商,NA,NA,1121005,土地1建物1車位0,八層,十六層,住宅大樓(11層含以上有電梯),住家用,鋼筋混凝土造,721229,57.82,2,1,1,有,有,NA,NA,RPSNMLLMIIIGFDA37EA,44.4,0,3.43,有,NA,2023-10-05,1282,26.61607274526660,25.01474527467120,29.002610494589900,29.129351519110500,29.362097607883400,63000010008,0.17466362020817500,0.6064991114496070,76.86,78050.67,54.4729542113478,36.58113729660850,1,0,0,0,0,0,1,0,0,0,38,52,0,15,1,1,1,0,0,39,"c(121.564261979221, 25.0582209811817)",臺北捷運南京三民站_G18,736.3494893121870,1727.8387794092600,4375.870847423710,40
臺北市松山區民生東路五段１９８號,15400000,249482,0,0,63000,松山區,房地(土地+建物),25.0587192853255,121.564485692216,富泰里,5.88,商,NA,NA,1121116,土地1建物1車位0,十四層,二十層,住宅大樓(11層含以上有電梯),住家用,鋼筋混凝土造,780629,82.83,2,1,1,有,有,NA,陽台外推；,RPOOMLPKJIIGFDA27DA,59.15,1.43,6.88,有,118,2023-11-16,1283,20.92841842436520,17.12878081078320,25.46998669371050,5.211858777916300,41.33514847062260,63000010008,0.17466362020817500,0.6064991114496070,76.86,78050.67,54.4729542113478,36.58113729660850,1,0,0,0,0,0,1,0,0,0,38,51,0,15,1,1,1,0,0,39,"c(121.564485692216, 25.0587192853255)",臺北捷運南京三民站_G18,790.2459570274580,1742.264825484390,4360.316574913570,34
臺北市松山區民生東路五段６９巷１號,13500000,299070,0,0,63000,松山區,房地(土地+建物),25.0590390130221,121.558131036143,東榮里,8.51,都市：其他:住宅用地(民生社區特定專用區) 但是否在道路用地(公共設施用地)(應依建築線或俟地籍測量分割後，再確定)。,NA,NA,1121010,土地1建物1車位0,二層,七層,華廈(10層含以下有電梯),住家用,鋼筋混凝土造,680920,45.14,0,0,0,無,有,NA,陽台外推；,RPQOMLQKJIIGFDA57DA,25.35,0,9.87,有,666,2023-10-10,1285,23.819589260867600,22.596638641239000,25.73070153327770,1.1956095462480100,34.03817934582990,63000010003,0.2106519468894530,0.661345666119648,86.01,31062.55,69.27926033425520,40.84891783129880,0,1,0,0,0,0,0,0,0,0,14,36,0,9,1,1,0,1,0,14,"c(121.558131036143, 25.0590390130221)",臺北捷運松山機場站_BR13,772.8385797764600,2302.63662260256,4338.522265996480,44
臺北市松山區民生東路五段６９巷２弄２６號,33625000,281263,0,0,63000,松山區,房地(土地+建物),25.0591600057945,121.5596930038,東榮里,68,都市：其他:住宅用地,NA,NA,1121012,土地1建物1車位0,四層,四層,公寓(5樓含以下無電梯),住家用,鋼筋混凝土造,560614,119.55,3,2,2,有,無,NA,本案與臺北市松山區民生東路五段69巷2弄28號四樓之買賣總價款為新台幣陸仟柒佰貳拾伍萬元整，因後續交屋買方發現兩房有滲漏水現象，故賣方補貼買方新台幣壹佰壹拾萬元整作為修繕費用。頂樓加蓋；,RPRNMLQKIIIGFDA47DA,119.55,0,0,無,382,2023-10-12,1286,25.250011556465500,23.40915628352710,27.52255310410810,0,39.02291084400970,63000010003,0.2106519468894530,0.661345666119648,86.01,31062.55,69.27926033425520,40.84891783129880,0,1,0,0,0,0,1,0,0,0,23,40,0,11,1,1,0,1,0,23,"c(121.5596930038, 25.0591600057945)",臺北捷運松山機場站_BR13,898.11923286728,2171.8163687078400,4493.348757459310,56
臺北市松山區民生東路五段６９巷２弄２８號,33625000,281263,0,0,63000,松山區,房地(土地+建物),25.059168010512,121.559773972984,東榮里,68,都市：其他:住宅用地,NA,NA,1121012,土地1建物1車位0,四層,四層,公寓(5樓含以下無電梯),住家用,鋼筋混凝土造,560614,119.55,3,2,2,有,無,NA,本案與臺北市松山區民生東路五段69巷2弄26號四樓之買賣總價款為新台幣陸仟柒佰貳拾伍萬元整，因後續交屋買方發現兩房有滲漏水現象，故賣方補貼買方新台幣壹佰壹拾萬元整作為修繕費用。頂樓加蓋；,SPRNMLQKIIIGFDA57DA,119.55,0,0,無,383,2023-10-12,1287,25.250208593373800,23.408748264612200,27.52351070654600,0,39.01654154186230,63000010003,0.2106519468894530,0.661345666119648,86.01,31062.55,69.27926033425520,40.84891783129880,0,1,0,0,0,0,1,0,0,0,23,40,0,11,1,1,0,1,0,23,"c(121.559773972984, 25.059168010512)",臺北捷運松山機場站_BR13,904.800535535706,2165.232204553490,4501.4352470771000,56
臺北市松山區民生東路五段６９巷２１弄２４號,41680000,288763,0,0,63000,松山區,房地(土地+建物),25.0597430090698,121.557010962422,東榮里,30.14,都市：其他:住宅用地(民生社區特定專用區) 但是否在道路用地(公共設施用地)(應依建築線或俟地籍測量分割後，再確定)。,NA,NA,1121029,土地1建物1車位0,三層,七層,華廈(10層含以下有電梯),住家用,鋼筋混凝土造,700907,144.34,3,2,2,有,有,NA,其他增建；,RPROMLRKJIIGFDA77DA,114,0,12.91,有,NA,2023-10-29,1288,22.55556305914420,21.91088235944050,23.658392042049200,0.6331219187450550,39.37652215521130,63000010003,0.2106519468894530,0.661345666119648,86.01,31062.55,69.27926033425520,40.84891783129880,0,1,0,0,0,0,0,0,0,0,16,31,0,10,0,1,0,1,0,16,"c(121.557010962422, 25.0597430090698)",臺北捷運松山機場站_BR13,635.600405438833,2439.1336171433100,4254.352080170130,42
臺北市松山區民生東路五段６９巷４弄１４號,35360000,295776,0,0,63000,松山區,房地(土地+建物),25.0597739802021,121.558831008877,東榮里,68.25,都市：其他:住宅用地(民生社區特定專用區)。,NA,NA,1121019,土地1建物1車位0,三層,四層,公寓(5樓含以下無電梯),住家用,鋼筋混凝土造,590507,119.55,3,2,2,有,無,NA,陽台外推；,RPRNMLKLJIIGFDA17EA,119.55,0,0,無,NA,2023-10-19,1289,27.949612690827100,24.103701661656200,32.14851396193210,0,48.4495283474735,63000010003,0.2106519468894530,0.661345666119648,86.01,31062.55,69.27926033425520,40.84891783129880,0,1,0,0,0,0,0,0,0,0,17,34,0,10,1,1,0,1,0,17,"c(121.558831008877, 25.0597739802021)",臺北捷運松山機場站_BR13,789.0843878493090,2281.3138097644200,4430.099167166230,53
臺北市松山區民生東路四段９７巷８弄３號,43300000,291976,0,0,63000,松山區,房地(土地+建物),25.059530988829,121.552201007284,精忠里,48.75,都市：其他:住宅用地(民生社區特定專用區)。,NA,NA,1121015,土地1建物1車位0,四層，陽臺,四層,公寓(5樓含以下無電梯),住家用,鋼筋混凝土造,620917,148.3,1,2,1,有,無,NA,頂樓加蓋；其他增建；,RPRNMLLJJIIGFDA96DA,148.3,0,0,無,665,2023-10-15,1290,24.193555143766400,22.774527240334100,27.185098689977000,0,71.89414425465600,63000010010,0.2036334056399130,0.6499457700650760,86.22,1949.42,67.23100072715160,38.75094054223070,0,1,0,0,0,0,1,0,0,0,21,22,0,6,2,3,0,1,0,21,"c(121.552201007284, 25.059530988829)",臺北捷運松山機場站_BR13,402.7737362037530,2865.272845254750,3788.488270771400,50
臺北市萬華區中華路一段１６０號,27800000,270718,16.78,0,63000,萬華區,房地(土地+建物)+車位,25.0419190176958,121.50779896486,新起里,6.66,商,NA,NA,1121030,土地1建物1車位1,十五層,十五層,住宅大樓(11層含以上有電梯),住家用,鋼筋混凝土造,1020104,102.69,2,2,2,有,有,坡道機械,NA,RPWNMLLJJIIGFBA27DA,53.67,0,5.33,有,818,2023-10-30,1292,24.24565357523620,22.779659094730000,26.907025627289700,0,33.27493080382750,63000070004,0.14368556701030900,0.5043492268041240,87.45,53262.19,52.03782930600370,39.78833595141000,0,0,0,0,0,0,0,0,0,1,77,37,0,7,2,4,0,3,0,77,"c(121.50779896486, 25.0419190176958)",臺北捷運西門站_BL11_G12,134.70590535243500,1010.932592987580,1124.6349070919500,10
臺北市萬華區中華路二段３６４巷３６號,25100000,133603,0,0,63000,萬華區,房地(土地+建物)+車位,25.0279970117975,121.502893958941,新忠里,40.56,住,NA,NA,1121020,土地1建物1車位1,十二層,十四層,住宅大樓(11層含以上有電梯),住家用,鋼筋混凝土造,1010625,187.87,3,2,2,有,有,坡道平面,親友、員工、共有人或其他特殊關係間之交易；,RPPNMLLKJIIGFBA66DA,101.36,0,10.16,有,556,2023-10-20,1293,25.088729187928200,22.14292601833060,28.090219235973500,3.0161936256859800,59.99961945985160,63000070013,0.13352731975428400,0.4688005172971230,84.23,74360.93,55.95348834606820,43.86046509587890,0,0,0,0,0,0,1,0,0,0,34,46,0,16,1,1,2,1,0,36,"c(121.502893958941, 25.0279970117975)",臺北捷運龍山寺站_BL10,935.678374426759,650.3766756114090,2601.951656101180,11
臺北市萬華區中華路二段５０６號,11000000,183824,0,0,63000,萬華區,房地(土地+建物),25.0258419825816,121.507872977065,凌霄里,16.78,住,NA,NA,1121109,土地1建物1車位0,十層,十二層,住宅大樓(11層含以上有電梯),住家用,鋼筋混凝土造,680403,59.84,2,1,1,有,有,NA,NA,RPRNMLPJKIIGFBA27DA,52.57,0,7.27,有,NA,2023-11-09,1294,27.150896067504300,23.91510899279680,31.125131283259000,0,44.13152438718220,63000070035,0.08026862807803010,0.35657179405180700,87.27,107368.27,44.59915609932530,31.940928256565000,0,0,0,0,0,2,0,0,0,0,23,30,0,14,1,1,3,0,0,26,"c(121.507872977065, 25.0258419825816)",臺北捷運小南門站_G11,1220.3438000719700,1130.5561567786000,2586.717555955320,44
臺北市萬華區內江街１２６號,24000000,249466,10.55,1800000,63000,萬華區,房地(土地+建物)+車位,25.0415417901434,121.503114067718,新起里,8.05,商,NA,NA,1121113,土地1建物1車位1,十四層,十八層,住宅大樓(11層含以上有電梯),住家用,鋼筋混凝土造,1040210,99.53,3,2,1,有,有,塔式車位,NA,RPPOMLQKJIIGFBA27DA,55.6,3.22,3.86,有,167,2023-11-13,1297,18.398118338169100,17.54765958740380,18.98652824839960,0,39.31138051068150,63000070004,0.14368556701030900,0.5043492268041240,87.45,53262.19,52.03782930600370,39.78833595141000,1,0,0,0,0,0,1,0,0,0,48,40,0,5,3,3,0,9,0,48,"c(121.503114067718, 25.0415417901434)",臺北捷運西門站_BL11_G12,605.2674542030760,946.9962604450480,1555.4950855344000,8
臺北市萬華區和平西路三段１８７之６號,4400000,122087,0,0,63000,萬華區,房地(土地+建物),25.0354839791709,121.497700028819,青山里,7.09,商,NA,NA,1121016,土地2建物1車位0,三層,五層,公寓(5樓含以下無電梯),住家用,鋼筋混凝土造,700108,36.04,2,1,1,有,無,NA,NA,RPXNMLNKJIIGFBA67DA,34.36,0,0,無,630,2023-10-16,1300,25.25017639586250,23.64288797207620,27.589232305445500,0,76.9834478921845,63000070006,0.0821917808219178,0.3580409082379430,96.8,16440.24,45.89285713114980,35.94387754185110,0,1,0,0,0,1,0,0,0,0,42,36,0,9,4,1,1,4,0,43,"c(121.497700028819, 25.0354839791709)",臺北捷運龍山寺站_BL10,180.94603196093700,352.4431852805360,2368.2484459231100,42
臺北市萬華區和平西路三段３０９巷１５弄５號,8970000,133106,0,0,63000,萬華區,房地(土地+建物),25.035829984134,121.493131975407,柳鄉里,12.35,住,NA,NA,1121015,土地2建物1車位0,二層,五層,公寓(5樓含以下無電梯),住家用,鋼筋混凝土造,660128,67.39,2,2,1,有,無,NA,陽台外推；其他增建；,RPSNMLKMIIIGFBA96DA,58.61,0,8.78,無,606,2023-10-15,1301,24.53549660924070,23.24619644177980,27.000557485498000,0,73.66085925172630,63000070019,0.05071315372424720,0.31129726058410700,95.25,6798.67,48.54758960180850,36.49567365992100,0,1,0,0,0,0,1,0,0,0,14,16,0,7,1,1,1,2,0,15,"c(121.493131975407, 25.035829984134)",臺北捷運龍山寺站_BL10,637.576985515638,774.4790169645070,2740.995708007500,46
臺北市萬華區國興路１巷１１之２號,10100000,167329,0,0,63000,萬華區,房地(土地+建物),25.0235209916828,121.509120958629,騰雲里,15.97,住,NA,NA,1121006,土地1建物1車位0,一層,十二層,住宅大樓(11層含以上有電梯),住家用,鋼筋混凝土造,710702,60.36,2,1,1,有,有,NA,NA,RPPNMLPLIIIGFBA07DA,42.12,3.57,0,有,344,2023-10-06,1303,27.876665544009900,26.88139964336490,29.295449101778900,1.2438115236553400,36.42516963512220,63000070036,0.10223400227186700,0.4327906096175690,90.05,6019.86,54.9999999704301,41.98924728925310,0,0,0,0,0,2,0,0,0,0,11,18,0,9,1,1,1,0,0,12,"c(121.509120958629, 25.0235209916828)",臺北捷運中正紀念堂站_G10_R8,1349.1681404622800,1407.6359301055500,2790.1008723104600,41
臺北市萬華區國興路１巷１１號,9860000,163353,0,0,63000,萬華區,房地(土地+建物),25.0235209916828,121.509120958629,騰雲里,15.97,住,NA,NA,1121014,土地1建物1車位0,四層,十二層,住宅大樓(11層含以上有電梯),住家用,鋼筋混凝土造,710702,60.36,2,1,1,有,有,NA,NA,RPQNMLNLJIIGFBA17EA,42.12,0,3.57,有,NA,2023-10-14,1304,24.578564464586100,23.78595054158600,26.32066338790300,0,45.629827053495000,63000070036,0.10223400227186700,0.4327906096175690,90.05,6019.86,54.9999999704301,41.98924728925310,0,0,0,0,0,2,0,0,0,0,11,18,0,9,1,1,1,0,0,12,"c(121.509120958629, 25.0235209916828)",臺北捷運中正紀念堂站_G10_R8,1349.1681404622800,1407.6359301055500,2790.1008723104600,41
臺北市萬華區國興路１７號,17000000,168852,0,0,63000,萬華區,房地(土地+建物),25.0268180132968,121.50549100782,新和里,21.6,住,NA,NA,1121021,土地1建物1車位0,十層,十二層,住宅大樓(11層含以上有電梯),住家用,鋼筋混凝土造,760316,100.68,3,2,1,有,有,NA,NA,RPROMLLKQHIGFBA67EA,68.85,0,9.39,有,NA,2023-10-21,1305,22.120099421235100,21.555957840055200,22.966133517413500,0,35.5797447299688,63000070014,0.13360211316557800,0.502293896844154,89.13,71294.73,53.1510568056717,39.48031800669380,0,0,0,0,0,0,1,0,0,0,26,39,0,15,0,1,2,0,0,28,"c(121.50549100782, 25.0268180132968)",臺北捷運龍山寺站_BL10,1170.6071866460700,894.779251616303,2584.5286032085600,36
臺北市萬華區富民路１４５巷１５弄３８號,19000000,246082,0,0,63000,萬華區,房地(土地+建物),25.0189619907266,121.499830960063,興德里,22.25,住,NA,NA,1121018,土地1建物1車位0,一層,四層,公寓(5樓含以下無電梯),住家用,鋼筋混凝土造,630910,77.21,1,1,1,有,無,NA,NA,RPVNMLOLJIIGFBA67DA,77.21,0,0,無,NA,2023-10-18,1307,27.747932059260600,25.240494773022500,30.432755412477200,0,65.95267262024560,63000070031,0.05827210539650370,0.3422852799594630,96.68,6643.67,46.10259825246420,31.47901398018690,0,0,0,0,0,0,1,0,0,0,20,16,0,3,2,1,3,0,0,23,"c(121.499830960063, 25.0189619907266)",臺北捷運頂溪站_O04,1774.6856100091300,1597.783080460640,3601.2944121213200,49
臺北市萬華區富民路１４５巷１５弄４８號,15000000,140991,0,0,63000,萬華區,房地(土地+建物),25.0192230031915,121.500268998323,興德里,26.7,住,NA,NA,1121019,土地1建物1車位0,二層,五層,公寓(5樓含以下無電梯),住家用,鋼筋混凝土造,720421,106.39,4,2,2,有,無,NA,NA,RPPNMLQJJIIGFBA07DA,82.79,0,23.6,無,NA,2023-10-19,1308,28.09050782640250,24.836337125285100,32.28990581437320,0,54.26434200150470,63000070031,0.05827210539650370,0.3422852799594630,96.68,6643.67,46.10259825246420,31.47901398018690,0,0,0,0,0,0,1,0,0,0,21,18,0,3,2,1,3,1,0,24,"c(121.500268998323, 25.0192230031915)",臺北捷運頂溪站_O04,1804.1657921884700,1568.1179199733300,3574.0538728758200,40
臺北市萬華區富民路１５５巷１３號,6980000,84371,0,0,63000,萬華區,房地(土地+建物),25.0180989899757,121.500411993591,興德里,25.75,住,NA,NA,1121018,土地1建物1車位0,四層,四層,公寓(5樓含以下無電梯),住家用,鋼筋混凝土造,640107,82.73,3,1,1,有,無,NA,親友、員工、共有人或其他特殊關係間之交易；,RPQNMLLJJIIGFBA66DA,77.87,0,4.86,無,366,2023-10-18,1309,27.764795291208400,25.26188830656540,30.412621536788000,0,65.99718555265880,63000070031,0.05827210539650370,0.3422852799594630,96.68,6643.67,46.10259825246420,31.47901398018690,0,0,0,0,0,0,1,0,0,0,13,12,0,2,1,1,1,0,0,14,"c(121.500411993591, 25.0180989899757)",臺北捷運頂溪站_O04,1680.1574094322300,1692.6369181433500,3645.7281134103100,48
臺北市萬華區寶興街１５３號,11300000,144206,0,0,63000,萬華區,房地(土地+建物),25.0242689927222,121.495259972985,忠德里,24,住,NA,NA,1121021,土地1建物1車位0,三層,五層,公寓(5樓含以下無電梯),住家用,鋼筋混凝土造,670809,78.36,2,2,1,有,無,NA,含仲介費678000元；,RPSNMLLJKIIGFBA96DA,65.25,0,13.11,無,754,2023-10-21,1310,22.114420213739200,21.550462932338300,22.950462932338300,0.07497082811971630,35.41767412664080,63000070022,0.07994858611825190,0.39460154241645200,99.18,51606.48,47.59322032284980,31.86440676885950,1,0,0,0,0,2,1,0,0,0,38,31,0,10,2,1,2,5,0,40,"c(121.495259972985, 25.0242689927222)",臺北捷運龍山寺站_BL10,1349.6233872696800,1131.0295036227200,3302.800783992910,45
臺北市萬華區寶興街３６號,7800000,106253,0,0,63000,萬華區,房地(土地+建物),25.0273319915996,121.493194001491,和德里,21.6,住,NA,NA,1121113,土地1建物1車位0,二層,五層,公寓(5樓含以下無電梯),住家用,鋼筋混凝土造,690824,73.41,2,1,1,有,無,NA,含租約；,RPOPMLMLJIIGFBA96DA,64.35,0,9.06,無,NA,2023-11-13,1311,18.3062395240325,17.60449237849240,18.92092115786680,0,39.29438540541180,63000070024,0.06835396268243120,0.3301311657121740,97.61,25255.33,41.92065794825340,30.938558289564900,1,0,0,0,0,2,0,0,0,0,36,24,0,6,1,0,2,6,0,38,"c(121.493194001491, 25.0273319915996)",臺北捷運龍山寺站_BL10,1134.326992189810,982.8273665866170,3249.242135834430,43
臺北市萬華區峨眉街１２２號,8300000,154304,0,0,63000,萬華區,房地(土地+建物),25.0445249933025,121.502305968433,菜園里,7.66,商,NA,NA,1121015,土地2建物1車位0,三層,九層,華廈(10層含以下有電梯),住家用,鋼筋混凝土造,651027,53.79,0,1,1,有,有,NA,其他增建；,RPXPMLRKIIIGFBA18DA,36.25,0,5.12,有,NA,2023-10-15,1313,24.460652006187000,23.227356497505800,26.82034803495670,0,73.67473219129670,63000070005,0.09880974872473080,0.41564330247496700,95.65,18551.91,48.30035513741750,34.271943167358700,0,0,0,0,0,0,0,0,0,0,45,12,0,4,2,1,0,5,0,45,"c(121.502305968433, 25.0445249933025)",臺北捷運西門站_BL11_G12,754.9862361290820,1250.6463480361000,1521.51199952095,47
臺北市萬華區康定路１０３號,20267500,208164,33.697500000000000,1900000,63000,萬華區,房地(土地+建物)+車位,25.0395069993285,121.502047973453,福音里,9.33,商,NA,NA,1121120,土地1建物1車位1,八層,二十六層,住宅大樓(11層含以上有電梯),住家用,鋼骨造,1050331,166.54,2,2,2,有,有,坡道平面,NA,RPPOMLTLJIIGFBA67DA,78.17,5.03,4.44,有,137,2023-11-20,1315,21.10575620659610,18.786929573373800,23.403194677086900,0,35.75272551927970,63000070008,0.1115295480880650,0.46523754345307100,90.51,34203.48,50.21662069703950,35.95903897756640,2,0,0,0,0,1,1,0,0,0,40,48,0,10,1,2,0,8,0,40,"c(121.502047973453, 25.0395069993285)",臺北捷運龍山寺站_BL10,483.43844867574000,700.7063349393160,1757.5770358687400,7
臺北市萬華區康定路１０５號,19645000,220540,16.8475,1250000,63000,萬華區,房地(土地+建物)+車位,25.039268198907,121.50202316302,福音里,12.08,商,NA,NA,1121107,土地1建物1車位1,三層,二十六層,住宅大樓(11層含以上有電梯),住家用,鋼骨造,1050331,207.32,3,2,2,有,有,坡道平面,其他增建；,RPWNMLTJJIIGFBA08DA,89.12,4.21,21.48,有,13,2023-11-07,1316,23.17489876178580,22.201260038049700,24.202946974109500,0,54.2967142852513,63000070008,0.1115295480880650,0.46523754345307100,90.51,34203.48,50.21662069703950,35.95903897756640,2,0,0,0,0,1,1,0,0,0,39,49,0,10,2,2,0,9,0,39,"c(121.50202316302, 25.039268198907)",臺北捷運龍山寺站_BL10,460.0200192672240,674.4773239783780,1773.4618575700600,7
臺北市萬華區廣州街２３９巷１弄２號,10200000,143460,0,0,63000,萬華區,房地(土地+建物),25.0368959945798,121.498470996273,青山里,34.25,商,NA,NA,1121031,土地1建物1車位0,三層,四層,公寓(5樓含以下無電梯),住家用,鋼筋混凝土造,620717,71.1,1,2,1,有,無,NA,NA,RPWNMLRKJIIGFBA97DA,71.1,0,0,無,NA,2023-10-31,1321,23.97924986397830,22.349138984399600,26.243157977116800,0,33.03238626829260,63000070006,0.0821917808219178,0.3580409082379430,96.8,16440.24,45.89285713114980,35.94387754185110,1,1,0,0,0,1,0,0,0,0,46,41,0,9,3,0,1,6,0,47,"c(121.498470996273, 25.0368959945798)",臺北捷運龍山寺站_BL10,153.1075216166340,431.8438374372230,2216.770701219480,50
臺北市萬華區德昌街１８５巷６０弄１０號,11550000,138639,0,0,63000,萬華區,房地(土地+建物),25.0227639800975,121.49373597535,孝德里,28.7,住,NA,NA,1121002,土地1建物1車位0,四層,四層,公寓(5樓含以下無電梯),住家用,鋼筋混凝土造,651023,83.31,3,2,1,有,無,NA,NA,RPTOMLMJJIIGFBA17DA,68.78,0,14.53,無,440,2023-10-02,1322,26.787470970382300,25.341044572471700,28.10190028567750,0.35934958989511000,48.21275390498730,63000070023,0.07015032211882610,0.3586256263421620,94.72,31376.31,44.896981291376600,33.87637755923510,0,0,0,0,0,0,0,0,0,0,35,23,0,7,1,1,2,4,0,37,"c(121.49373597535, 25.0227639800975)",臺北捷運龍山寺站_BL10,1558.9478788365700,1350.639452061170,3102.220838861700,47
臺北市萬華區德昌街２３３號,9200000,127547,0,0,63000,萬華區,房地(土地+建物),25.0231099850606,121.493100040356,孝德里,31.67,住,NA,NA,1121013,土地1建物1車位0,二層,三層,公寓(5樓含以下無電梯),住家用,加強磚造,610809,72.13,5,0,5,有,無,NA,NA,RPSNMLPLJIIGFBA47DA,62.85,0,9.28,無,753,2023-10-13,1323,25.420482673895700,24.114680376963600,27.66704945057640,0,40.50696883765180,63000070023,0.07015032211882610,0.3586256263421620,94.72,31376.31,44.896981291376600,33.87637755923510,0,0,0,0,0,0,0,0,0,0,33,17,0,5,0,1,2,4,0,35,"c(121.493100040356, 25.0231099850606)",臺北捷運龍山寺站_BL10,1548.8391655016100,1350.91392596245,3054.0530486785700,51
臺北市萬華區德昌街２６１巷１３號,11500000,128162,0,0,63000,萬華區,房地(土地+建物),25.0226786104137,121.492328569988,孝德里,27.5,住,NA,NA,1121014,土地1建物1車位0,四層,四層,公寓(5樓含以下無電梯),住家用,加強磚造,580703,89.73,3,2,1,有,無,NA,陽台外推；頂樓加蓋；其他增建；,RPWNMLLLJIIGFBA47DA,83.13,0,6.6,無,NA,2023-10-14,1324,24.51891303922510,23.673634633310600,26.380857895261000,0,44.4954492600128,63000070023,0.07015032211882610,0.3586256263421620,94.72,31376.31,44.896981291376600,33.87637755923510,0,0,0,0,0,0,0,0,0,0,19,10,0,1,0,0,2,4,0,21,"c(121.492328569988, 25.0226786104137)",臺北捷運龍山寺站_BL10,1625.3561357753900,1433.6956724463200,2964.7450535823100,54
臺北市萬華區成都路１０６號,13700000,233716,10.8,1500000,63000,萬華區,房地(土地+建物)+車位,25.04355998479,121.502100025072,菜園里,4.59,商,NA,NA,1121105,土地1建物1車位1,六層,十四層,住宅大樓(11層含以上有電梯),住家用,鋼筋混凝土造,961025,63,2,1,1,有,有,塔式車位,陽台外推；夾層；其他增建；,RPVNMLQKJIIGFBA77DA,30.96,1.37,2.66,有,152,2023-11-05,1325,27.07908809585850,23.8710300993194,31.104044033915300,0,49.533701190112400,63000070005,0.09880974872473080,0.41564330247496700,95.65,18551.91,48.30035513741750,34.271943167358700,1,0,0,0,0,0,0,0,0,0,47,25,0,5,2,1,0,6,0,47,"c(121.502100025072, 25.04355998479)",臺北捷運西門站_BL11_G12,737.068292727614,1141.8124687795100,1569.3639191765900,16
臺北市萬華區成都路１０８號,6400000,149123,0,0,63000,萬華區,房地(土地+建物),25.0436280039342,121.501915958478,菜園里,3.32,商,NA,NA,1121023,土地1建物1車位0,九層,十一層,住宅大樓(11層含以上有電梯),住家用,鋼筋混凝土造,841218,31.8,1,0,1,有,有,NA,NA,RPXOMLSJJIIGFBA18DA,23.08,0,0,有,NA,2023-10-23,1326,25.840477603816700,24.415887058209700,28.484488516740900,0,28.548959315663600,63000070005,0.09880974872473080,0.41564330247496700,95.65,18551.91,48.30035513741750,34.271943167358700,1,0,0,0,0,0,0,0,0,0,43,24,0,5,2,1,0,6,0,43,"c(121.501915958478, 25.0436280039342)",臺北捷運西門站_BL11_G12,757.013403893858,1146.4971053623700,1585.0027728627000,28
臺北市萬華區成都路１１０號,2850000,110166,0,0,63000,萬華區,房地(土地+建物),25.0436469889449,121.501810011222,菜園里,2.21,商,NA,NA,1121001,土地3建物1車位0,九層,十二層,住宅大樓(11層含以上有電梯),住家用,鋼筋混凝土造,660907,25.87,1,1,1,有,有,NA,NA,RPSNMLMJJIIGFBA96DA,18.62,0,1.54,有,NA,2023-10-01,1327,28.051179461816700,26.585651880359400,30.868772365358600,3.2272384431115700,40.23953229304050,63000070005,0.09880974872473080,0.41564330247496700,95.65,18551.91,48.30035513741750,34.271943167358700,1,0,0,0,0,0,0,0,0,0,43,23,0,4,2,1,0,6,0,43,"c(121.501810011222, 25.0436469889449)",臺北捷運西門站_BL11_G12,767.8624476549040,1147.1289097701000,1594.67194062299,46
臺北市萬華區成都路１３９號,29000000,169412,0,0,63000,萬華區,房地(土地+建物)+車位,25.0435060053335,121.503248010531,西門里,10.84,商,NA,NA,1121112,土地1建物1車位1,五層,十五層,住宅大樓(11層含以上有電梯),住家用,鋼筋混凝土造,1041001,171.18,3,2,2,有,有,坡道平面,NA,RPVNMLSLJIIGFBA18EA,85.38,0,7.17,有,89,2023-11-12,1328,21.28567742432310,19.262585569914500,22.44508981459810,1.5035679136244200,31.848483521298200,63000070003,0.12948960302457500,0.4543163201008190,84.19,24673.16,50.456720291232400,38.060026081748600,1,0,0,0,0,0,0,0,0,0,60,33,0,6,2,2,0,5,0,60,"c(121.503248010531, 25.0435060053335)",臺北捷運西門站_BL11_G12,624.7908521082080,1159.8815948028100,1460.7705742038600,8
臺北市萬華區昆明街１３２號,12600000,195926,0,0,63000,萬華區,房地(土地+建物),25.0432410114646,121.504788017601,西門里,14.6,商,NA,NA,1121016,土地2建物1車位0,三層,五層,公寓(5樓含以下無電梯),住家用,鋼筋混凝土造,660104,64.31,3,2,2,有,無,NA,NA,RPRNMLLJKIIGFBA96EA,61.32,0,2.99,無,NA,2023-10-16,1330,25.231946024575000,23.68477738575980,27.5639291547424,0,76.5620518717612,63000070003,0.12948960302457500,0.4543163201008190,84.19,24673.16,50.456720291232400,38.060026081748600,0,0,0,0,0,0,0,0,0,1,70,31,0,7,2,3,0,5,0,70,"c(121.504788017601, 25.0432410114646)",臺北捷運西門站_BL11_G12,468.7437662387380,1181.663811113460,1324.8278071992200,46
臺北市萬華區東園街６７巷２號,15600000,182991,0,0,63000,萬華區,房地(土地+建物),25.0262270053039,121.496780031126,日善里,27.57,住,NA,NA,1121010,土地1建物1車位0,一層,五層,華廈(10層含以下有電梯),住家用,鋼筋混凝土造,901211,85.25,2,2,1,有,有,NA,NA,RPQNMLRLIIIGFBA37DA,51.54,0,7.02,有,364,2023-10-10,1332,24.667072829108800,23.54758477463280,26.222474459797100,0.3094809682909860,36.53976528527740,63000070020,0.0888382687927107,0.3885453953791080,97.62,19595.05,51.12847220003110,33.376736096624700,1,0,0,0,0,2,1,0,0,0,35,45,0,12,2,1,3,5,0,38,"c(121.496780031126, 25.0262270053039)",臺北捷運龍山寺站_BL10,1098.3534629778200,869.1241590259370,3130.2138614025500,22
臺北市萬華區東園街６７巷２２號,8000000,111685,0,0,63000,萬華區,房地(土地+建物),25.026560982236,121.497210022759,日善里,22.75,住,NA,NA,1121101,土地1建物1車位0,二層,四層,公寓(5樓含以下無電梯),住家用,鋼筋混凝土造,590525,71.63,2,1,1,有,無,NA,親友、員工、共有人或其他特殊關係間之交易；,RPROMLRKJIIGFBA57DA,71.63,0,0,無,NA,2023-11-01,1333,25.47963834843740,23.342236520834700,28.532683276089400,0,32.68708925998290,63000070020,0.0888382687927107,0.3885453953791080,97.62,19595.05,51.12847220003110,33.376736096624700,1,0,0,0,0,2,1,0,0,0,34,46,0,13,2,1,2,5,0,36,"c(121.497210022759, 25.026560982236)",臺北捷運龍山寺站_BL10,1052.3626430137800,817.9261150471330,3073.8921067484800,53
臺北市萬華區柳州街２號,21715000,181528,8.71,0,63000,萬華區,房地(土地+建物)+車位,25.0394310173762,121.505398974524,仁德里,10.97,商,NA,NA,1121013,土地1建物1車位1,二層,十二層,住宅大樓(11層含以上有電梯),住家用,鋼筋混凝土造,970104,132.19,3,2,2,有,有,升降機械,NA,RPPOMLMLJIIGFBA96DA,72.48,0,6.93,有,702,2023-10-13,1334,25.25007007793600,23.96097903102860,27.419262227231700,0,40.54184684447740,63000070009,0.14401140684410600,0.5135456273764260,91.21,41901.69,52.65797390415980,40.688732851658700,1,0,0,0,0,0,1,0,0,1,44,41,0,7,0,4,0,6,0,44,"c(121.505398974524, 25.0394310173762)",臺北捷運西門站_BL11_G12,450.3813878263150,843.7558635218010,1483.0517192340700,15
臺北市萬華區柳州街２３號,12500000,98039,40.29,0,63000,萬華區,房地(土地+建物)+車位,25.0388130196551,121.505494025306,仁德里,6.71,商,NA,NA,1121027,土地1建物1車位1,九層,二十二層,住宅大樓(11層含以上有電梯),住家用,鋼骨造,1120213,127.5,2,2,1,有,有,坡道平面,親友、員工、共有人或其他特殊關係間之交易；,RPWNMLQKJIIGFBA87DA,50.18,3.94,4.27,有,NA,2023-10-27,1335,24.07831820064480,22.546270280605900,25.63054515414710,0,36.565553567326500,63000070009,0.14401140684410600,0.5135456273764260,91.21,41901.69,52.65797390415980,40.688732851658700,1,0,0,0,0,0,1,0,0,1,42,43,0,10,0,4,0,6,0,42,"c(121.505494025306, 25.0388130196551)",臺北捷運西門站_BL11_G12,484.4526257703360,796.7275106387570,1518.7964790466200,0
臺北市萬華區桂林路１０９號,22800000,216705,14.83,2200000,63000,萬華區,房地(土地+建物)+車位,25.0385670107969,121.500842991053,富民里,6.89,商,NA,NA,1121030,土地1建物1車位1,十三層,二十四層,住宅大樓(11層含以上有電梯),住家用,鋼筋混凝土造,1081008,109.89,2,2,1,有,有,坡道機械,NA,RPSOMLMJJIIGFBA07DA,54.3,6.65,2.78,有,831,2023-10-30,1336,24.28577723078000,22.85779239456140,26.769270180892600,0,34.53596892135840,63000070007,0.09071877180739710,0.3812514538264710,94.86,41471.37,55.811623227851800,43.58717433413920,2,0,0,0,0,1,1,0,0,0,52,52,0,12,2,2,1,9,0,53,"c(121.500842991053, 25.0385670107969)",臺北捷運龍山寺站_BL10,333.1668058397610,576.9625069602100,1915.6001215654000,4
臺北市萬華區桂林路２２４巷１２號,6000000,78740,0,0,63000,萬華區,房地(土地+建物),25.0383909908302,121.49643000285,柳鄉里,25.2,住,NA,NA,1121024,土地2建物1車位0,四層,五層,公寓(5樓含以下無電梯),住家用,鋼筋混凝土造,740328,76.2,2,1,1,有,無,NA,親友、員工、共有人或其他特殊關係間之交易；,RPOOMLSJJIIGFBA27DA,68.02,0,8.18,無,NA,2023-10-24,1338,26.65953006778630,24.19642179457100,30.540617496560900,0,37.88943980126040,63000070019,0.05071315372424720,0.31129726058410700,95.25,6798.67,48.54758960180850,36.49567365992100,1,1,0,0,0,1,0,0,0,0,35,24,0,6,2,1,0,6,0,35,"c(121.49643000285, 25.0383909908302)",臺北捷運龍山寺站_BL10,415.5936094063590,679.8349113446790,2314.7597765803400,38
臺北市萬華區桂林路２４６巷３２號,3700000,34228,0,0,63000,萬華區,房地(土地+建物)+車位,25.0371399917813,121.493134992892,柳鄉里,18.81,住,NA,NA,1121114,土地1建物1車位1,十層,十層,華廈(10層含以下有電梯),住家用,鋼筋混凝土造,840207,108.1,2,2,1,有,無,升降機械,親友、員工、共有人或其他特殊關係間之交易；,RPSNMLOLJIIGFBA37DA,75.99,0.75,8.52,有,NA,2023-11-14,1342,19.257391218611100,18.72533540578950,19.900000000000000,0.21551763956315700,35.487624655191300,63000070019,0.05071315372424720,0.31129726058410700,95.25,6798.67,48.54758960180850,36.49567365992100,0,1,0,0,0,0,1,0,0,0,15,11,0,4,1,1,1,2,0,16,"c(121.493134992892, 25.0371399917813)",臺北捷運龍山寺站_BL10,653.3338476879330,836.1702537057740,2674.319662762230,28
臺北市萬華區武成街５６巷１０號,10100000,156444,0,0,63000,萬華區,房地(土地+建物),25.019124012915,121.495105997424,華中里,22.75,住,NA,NA,1121031,土地1建物1車位0,四層,四層,公寓(5樓含以下無電梯),住家用,鋼筋混凝土造,650823,64.56,1,2,1,有,無,NA,陽台外推；頂樓加蓋；其他增建；,RPRNMLLKJIIGFBA86DA,57.29,0,7.27,無,819,2023-10-31,1344,24.229112209452700,22.807770607036400,26.480648875983400,0,32.255845321547500,63000070032,0.07918723889099890,0.3676414736042540,94.3,9720.92,45.7099468373298,33.282713228731300,0,0,0,0,0,0,1,0,0,0,16,16,0,2,1,1,2,3,0,18,"c(121.495105997424, 25.019124012915)",臺北捷運中原站_Y14,1627.5163523604300,1664.4417463339400,3134.4614317277600,47
臺北市萬華區武昌街二段１２４之２號,11000000,171073,0,0,63000,萬華區,房地(土地+建物),25.0453662849243,121.503764671042,萬壽里,9.99,商,NA,NA,1121027,土地1建物1車位0,九層,九層,華廈(10層含以下有電梯),住家用,鋼筋混凝土造,630806,64.3,2,2,1,有,有,NA,有其他增建：陽台。其他增建；,RPRNMLLJJIIGFBA76DA,35.06,0,14.58,有,767,2023-10-27,1345,24.13152689674590,22.609274069249100,25.785603510166,0,35.54800602558460,63000070002,0.09710094306671320,0.40796367446734200,92.43,17551.06,56.82046135565670,43.580742204824100,0,0,0,0,0,0,0,0,0,0,51,9,0,4,2,0,0,3,0,51,"c(121.503764671042, 25.0453662849243)",臺北捷運西門站_BL11_G12,675.8368957922590,1228.5115477448200,1358.0877583313100,49
臺北市萬華區民和街６３號,9800000,136929,0,0,63000,萬華區,房地(土地+建物),25.025719020062,121.498542996821,全德里,18.6,住,NA,NA,1121008,土地1建物1車位0,四層,五層,公寓(5樓含以下無電梯),住家用,鋼筋混凝土造,660325,71.57,0,1,1,有,無,NA,陽台外推；其他增建；,RPPNMLKKJIIGFBA56DA,67.34,0,4.23,無,NA,2023-10-08,1346,25.900363802750700,25.05185042673580,27.310370085347200,12.31221526859790,33.45899803627420,63000070026,0.1152274584581860,0.43394170525742300,95.35,37875.23,47.863554740444000,31.81328544638660,1,0,0,0,0,2,2,0,0,0,31,41,0,14,2,1,1,3,0,32,"c(121.498542996821, 25.025719020062)",臺北捷運龍山寺站_BL10,1124.7883492623500,867.3167047826410,3061.8479676772200,46
臺北市萬華區民和街８１巷９號,21100000,219159,35.2,2500000,63000,萬華區,房地(土地+建物)+車位,25.0251840031823,121.498165978816,全德里,16.24,住,NA,NA,1121021,土地1建物1車位1,六層,十三層,住宅大樓(11層含以上有電梯),住家用,鋼筋混凝土造,1071105,120.06,2,2,1,有,有,坡道平面,NA,RPPNMLRLIIIGFBA27DA,51.06,2.96,3.66,有,656,2023-10-21,1347,22.175904885199500,21.60197520224770,23.01541096824340,0,35.449775254032600,63000070026,0.1152274584581860,0.43394170525742300,95.35,37875.23,47.863554740444000,31.81328544638660,1,0,0,0,0,2,2,0,0,0,31,42,0,14,2,1,2,3,0,33,"c(121.498165978816, 25.0251840031823)",臺北捷運龍山寺站_BL10,1187.4109644918100,933.4989095305460,3132.0393408318200,5
臺北市萬華區漢中街１６０號,27280000,234970,17.35,0,63000,萬華區,房地(土地+建物)+車位,25.0411630119389,121.506565986903,新起里,7.77,商,NA,NA,1121019,土地1建物1車位1,五層,十五層,住宅大樓(11層含以上有電梯),住家用,鋼筋混凝土造,1110322,116.1,2,2,1,有,有,坡道機械,NA,RPWNMLOJKIIGFBA67DA,59.63,0,6.2,有,NA,2023-10-19,1349,28.016278599692500,24.419469502088900,32.500507152884600,0,54.216677223681600,63000070004,0.14368556701030900,0.5043492268041240,87.45,53262.19,52.03782930600370,39.78833595141000,0,0,0,0,0,0,1,0,0,1,67,33,0,5,1,4,0,5,0,67,"c(121.506565986903, 25.0411630119389)",臺北捷運西門站_BL11_G12,263.26711839514800,1067.9329236448400,1274.6032869193000,1
臺北市萬華區漢口街二段５５號,5550000,184263,0,0,63000,萬華區,房地(土地+建物),25.0459150062157,121.506176982776,萬壽里,3.2,商,NA,NA,1121019,土地1建物1車位0,九層,十一層,住宅大樓(11層含以上有電梯),住家用,鋼筋混凝土造,691223,30.12,1,1,1,有,有,NA,NA,RPUNMLKLJIIGFBA17DA,21.99,0,0,有,712,2023-10-19,1351,28.039598539394600,24.516838357132200,32.5263607953103,0,53.91924974025880,63000070002,0.09710094306671320,0.40796367446734200,92.43,17551.06,56.82046135565670,43.580742204824100,0,0,0,0,0,0,0,0,0,0,54,10,0,5,3,1,0,3,0,54,"c(121.506176982776, 25.0459150062157)",臺北捷運西門站_BL11_G12,553.7223165666340,978.0007595636360,1107.673858422690,43
臺北市萬華區環河南路一段１２１號,14500000,177003,0,0,63000,萬華區,房地(土地+建物),25.0429310067757,121.500707958592,菜園里,22.46,住,NA,NA,1121031,土地1建物1車位0,四層,七層,華廈(10層含以下有電梯),住家用,鋼筋混凝土造,731108,107.84,3,2,2,有,有,NA,親友、員工、共有人或其他特殊關係間之交易；,RPPNMLRKJIIGFBA37EA,81.05,0,9.27,有,NA,2023-10-31,1352,23.92987217685790,22.278441177908200,26.14401989250680,0,32.16826884348220,63000070005,0.09880974872473080,0.41564330247496700,95.65,18551.91,48.30035513741750,34.271943167358700,1,0,0,0,0,1,0,0,0,0,27,23,0,4,3,1,0,5,0,27,"c(121.500707958592, 25.0429310067757)",臺北捷運龍山寺站_BL10,795.633532036403,1058.6496736378200,1724.2006175573400,39
臺北市萬華區環河南路一段７１號,2920000,158180,0,0,63000,萬華區,房地(土地+建物),25.0450460124039,121.50197203341,萬壽里,1.77,商,NA,NA,1121027,土地1建物1車位0,三層,十二層,住宅大樓(11層含以上有電梯),住家用,鋼筋混凝土造,660829,18.46,1,1,1,有,有,NA,NA,RPRNMLTJJIIGFBA57DA,14.82,0,0,有,478,2023-10-27,1353,24.1411455863575,22.61756159038230,25.80741271942020,0,35.945951692417000,63000070002,0.09710094306671320,0.40796367446734200,92.43,17551.06,56.82046135565670,43.580742204824100,0,0,0,0,0,0,0,0,0,0,38,7,0,3,2,1,0,3,0,38,"c(121.50197203341, 25.0450460124039)",臺北捷運西門站_BL11_G12,810.5457556308260,1302.905554780810,1542.4202082221400,46
臺北市萬華區環河南路三段１５３號,2760000,36325,0,0,63000,萬華區,房地(土地+建物),25.0230990047674,121.491623987207,錦德里,13.77,住,NA,NA,1121024,土地1建物1車位0,三層,七層,華廈(10層含以下有電梯),住家用,鋼筋混凝土造,720301,75.97,4,2,2,有,有,NA,親友、員工、共有人或其他特殊關係間之交易；,RPRNMLRKJIIGFBA47DA,56.5,0,8.48,有,NA,2023-10-24,1354,26.81384817234480,24.413987304102500,30.338460614740200,0,38.33682409926070,63000070025,0.06740865182696350,0.3582528349433010,90.86,35846.38,45.38419014776560,31.619679372133900,0,0,0,0,0,0,0,0,0,0,16,8,0,1,0,0,1,4,0,17,"c(121.491623987207, 25.0230990047674)",臺北捷運龍山寺站_BL10,1617.232919897480,1437.7091706630900,2913.6931752253000,40
臺北市萬華區環河南路三段２７９號,8300000,93049,0,0,63000,萬華區,房地(土地+建物),25.019075020691,121.493454008127,榮德里,29.25,住,NA,NA,1121110,土地2建物1車位0,二層,四層,公寓(5樓含以下無電梯),住家用,加強磚造,580412,89.2,2,2,1,有,無,NA,其他增建；,RPWOMLPKJIIGFBA87DA,84.17,5.03,0,無,NA,2023-11-10,1355,25.379294578754500,22.568292334580600,29.967483371882500,1.1883707721104400,53.63475981249730,63000070029,0.06409017713365540,0.32302737520128800,103.13,18218.76,47.34088925573630,35.35309501510330,0,0,0,0,0,0,0,0,0,0,14,10,0,0,0,1,1,4,0,15,"c(121.493454008127, 25.019075020691)",臺北捷運中原站_Y14,1514.683437765140,1729.3898614892100,2969.729381387490,54
臺北市萬華區環河南路三段３９號,9600000,110510,0,0,63000,萬華區,房地(土地+建物),25.0265510077712,121.49006201955,和德里,25.75,住,NA,NA,1121010,土地1建物1車位0,二層,四層,公寓(5樓含以下無電梯),住家用,加強磚造,590730,86.87,0,1,1,有,無,NA,其他增建；,RPPNMLLLIIIGFBA66DA,86.87,0,0,無,535,2023-10-10,1356,24.672974896239100,23.560371488271500,26.213641098556900,0.3254643603394080,35.68018052526460,63000070024,0.06835396268243120,0.3301311657121740,97.61,25255.33,41.92065794825340,30.938558289564900,0,0,0,0,0,0,0,0,0,0,16,10,0,5,0,0,1,2,0,17,"c(121.49006201955, 25.0265510077712)",臺北捷運龍山寺站_BL10,1398.6524907329200,1282.127474442530,2929.4964027941600,53
臺北市萬華區環河南路三段４７號,7000000,107230,0,0,63000,萬華區,房地(土地+建物),25.026359020279,121.490137959593,和德里,21.25,住,NA,NA,1121001,土地1建物1車位0,三層,四層,公寓(5樓含以下無電梯),住家用,鋼筋混凝土造,620808,65.28,3,1,1,有,無,NA,其他增建；,RPPNMLLMIIIGFBA86EA,65.28,0,0,無,NA,2023-10-01,1357,28.256470769074600,26.759594223368100,30.950845682635500,3.0890000431696600,43.323075974512400,63000070024,0.06835396268243120,0.3301311657121740,97.61,25255.33,41.92065794825340,30.938558289564900,0,0,0,0,0,0,0,0,0,0,17,10,0,5,0,0,1,2,0,18,"c(121.490137959593, 25.026359020279)",臺北捷運龍山寺站_BL10,1409.2481114128200,1288.668878973930,2926.1130681607300,50
臺北市萬華區環河南路二段１２９號,5700000,36960,0,0,63000,萬華區,房地(土地+建物),25.0341000012281,121.493461970935,綠堤里,27.1,都市：其他:特定專用區(二)(依都市計畫書圖規定辦理，始得比照特定專用區（一）使用) 但是否在特定專用區(二)(應依建築線或俟地籍測量分割後，再確定)。,NA,NA,1121116,土地1建物1車位0,四層,七層,華廈(10層含以下有電梯),住家用,鋼筋混凝土造,701224,154.22,3,2,2,有,有,NA,親友、員工、共有人或其他特殊關係間之交易；陽台外推；,RPSOMLKMJIIGFBA17DA,114.55,0,18.25,有,138,2023-11-16,1358,20.94697548252770,16.851483262764600,25.528845468201100,12.34035281037050,41.75408378388570,63000070017,0.04793786823781470,0.3015532940546330,90.21,23579.52,47.94171218654220,36.02914388487100,0,1,0,0,0,0,1,0,0,0,23,17,0,7,2,1,1,4,0,24,"c(121.493461970935, 25.0341000012281)",臺北捷運龍山寺站_BL10,634.2704774774340,696.6616371403470,2809.499043184910,42
臺北市萬華區環河南路二段１５號,21880000,201585,19.94,0,63000,萬華區,房地(土地+建物)+車位,25.0393559993428,121.497822991338,青山里,8.41,商,NA,NA,1121102,土地2建物1車位1,二十一層,二十四層,住宅大樓(11層含以上有電梯),住家用,鋼筋混凝土造,1090807,108.54,2,2,2,有,有,坡道機械,NA,RPPNMLSLJIIGFBA47DA,51.89,4.51,3.26,有,72,2023-11-02,1359,26.827568010497300,24.15753007736990,31.241164041393900,0,38.08174463523170,63000070006,0.0821917808219178,0.3580409082379430,96.8,16440.24,45.89285713114980,35.94387754185110,1,1,0,0,0,1,0,0,0,0,36,32,0,8,1,1,0,7,0,36,"c(121.497822991338, 25.0393559993428)",臺北捷運龍山寺站_BL10,422.6466070605750,708.2758305249640,2141.604164310610,3
臺北市萬華區環河南路二段２８０巷２０號,12000000,131536,0,0,63000,萬華區,房地(土地+建物),25.0331349927155,121.489994964325,華江里,21.67,住,NA,NA,1121012,土地1建物1車位0,二層,五層,公寓(5樓含以下無電梯),住家用,鋼筋混凝土造,660128,91.23,2,2,1,有,無,NA,陽台外推；其他增建；,RPSNMLSJJIIGFBA57DA,75.56,0,15.67,無,NA,2023-10-12,1360,25.652278239512600,23.956503141116700,28.00168102455140,0,40.665895362401300,63000070018,0.07175382917069130,0.37049813716020400,95.34,15216.02,45.55211932953390,31.835546656024100,0,0,0,0,0,0,1,0,0,0,7,9,0,5,1,1,1,2,0,8,"c(121.489994964325, 25.0331349927155)",臺北捷運龍山寺站_BL10,1000.0916671620700,1042.31381344434,3163.752171710080,46
臺北市萬華區環河南路二段２９號,16000000,178333,0,0,63000,萬華區,房地(土地+建物),25.0390360201891,121.497664992464,青山里,8.43,商,NA,NA,1121017,土地2建物1車位0,七層,二十四層,住宅大樓(11層含以上有電梯),住家用,鋼筋混凝土造,1090807,89.72,2,1,1,有,有,NA,NA,RPRNMLNJJIIGFBA96DA,51.18,5.35,3.85,有,555,2023-10-17,1361,25.22169636600270,23.586659012357600,27.097507453435200,0,89.42878900610170,63000070006,0.0821917808219178,0.3580409082379430,96.8,16440.24,45.89285713114980,35.94387754185110,1,1,0,0,0,1,0,0,0,0,37,34,0,9,1,1,0,6,0,37,"c(121.497664992464, 25.0390360201891)",臺北捷運龍山寺站_BL10,397.20227002829700,681.3800805972280,2171.3867121250800,3
臺北市萬華區艋舺大道２５２號,9360000,148997,0,0,63000,萬華區,房地(土地+建物),25.0326280133019,121.498522964073,雙園里,19.75,住,NA,NA,1121022,土地1建物1車位0,三層,四層,公寓(5樓含以下無電梯),住家用,鋼筋混凝土造,600929,62.82,2,1,1,有,無,NA,其他增建；,RPSNMLOKJIIGFBA27DA,62.82,0,0,無,NA,2023-10-22,1362,23.75620186259620,22.07441723375190,25.06014054415770,0.1240287229198830,31.71965258025150,63000070012,0.10643921191734700,0.4384911100432480,95.37,30600.88,47.90231682908510,30.30682528794400,0,0,0,0,0,0,0,0,0,0,43,35,0,8,3,1,1,6,0,44,"c(121.498522964073, 25.0326280133019)",臺北捷運龍山寺站_BL10,367.8724294614000,199.5639688377450,2499.292505205970,52
臺北市萬華區莒光路２９９巷９號,22000000,129047,0,0,63000,萬華區,房地(土地+建物),25.0305640115545,121.499238024233,雙園里,46.8,住,NA,NA,1121009,土地1建物1車位0,三層,五層,公寓(5樓含以下無電梯),住家用,鋼筋混凝土造,721223,170.48,4,2,3,有,無,NA,陽台外推；,RPVNMLOKJIIGFBA57DA,143.83,0,16.71,無,NA,2023-10-09,1364,25.430089718333200,24.534111183287300,26.77010812970510,0.7989187029486200,35.282831203423900,63000070012,0.10643921191734700,0.4384911100432480,95.37,30600.88,47.90231682908510,30.30682528794400,1,0,0,0,0,2,1,0,0,0,26,32,0,6,3,1,1,5,0,27,"c(121.499238024233, 25.0305640115545)",臺北捷運龍山寺站_BL10,584.7903418172770,330.4745739518390,2607.101167712180,40
臺北市萬華區萬大路１８６巷２弄９號,12300000,143373,0,0,63000,萬華區,房地(土地+建物),25.0281770131682,121.500092978356,日善里,29.5,住,NA,NA,1121024,土地1建物1車位0,二層,四層,公寓(5樓含以下無電梯),住家用,鋼筋混凝土造,610614,85.79,3,2,1,有,無,NA,法定空地陽台外推；其他增建；,RPPNMLOLJIIGFBA07DA,77.54,0,8.25,無,NA,2023-10-24,1365,26.754924362601700,24.310043565649700,30.454798936535900,0,38.39204790186910,63000070020,0.0888382687927107,0.3885453953791080,97.62,19595.05,51.12847220003110,33.376736096624700,1,0,0,0,0,2,1,0,0,0,32,39,0,9,2,1,0,2,0,32,"c(121.500092978356, 25.0281770131682)",臺北捷運龍山寺站_BL10,851.2731843941910,576.7679588499320,2750.8779557330800,51
臺北市萬華區萬大路１８６巷３號,16000000,149547,0,0,63000,萬華區,房地(土地+建物),25.0277499971109,121.500060037477,日善里,21.28,住,NA,NA,1121025,土地1建物1車位0,四層,七層,華廈(10層含以下有電梯),住家用,鋼筋混凝土造,740529,106.99,3,2,2,有,無,NA,NA,RPQNMLTLJIIGFBA77EA,85.92,1.44,9.69,有,NA,2023-10-25,1366,26.470602676396400,24.716336507545300,29.40561736070580,0,30.138768423392200,63000070020,0.0888382687927107,0.3885453953791080,97.62,19595.05,51.12847220003110,33.376736096624700,1,0,0,0,0,2,1,0,0,0,29,37,0,11,2,1,0,3,0,29,"c(121.500060037477, 25.0277499971109)",臺北捷運龍山寺站_BL10,898.207584165635,624.1630839069940,2790.1919558451900,38
臺北市萬華區萬大路２７７巷３３弄５號,19500000,165128,0,0,63000,萬華區,房地(土地+建物),25.0261770072515,121.501565008192,新安里,31.9,住,NA,NA,1121023,土地1建物1車位0,二層,七層,華廈(10層含以下有電梯),住家用,鋼筋混凝土造,721207,118.09,3,2,1,有,有,NA,NA,RPVNMLKKJIIGFBA17DA,76.42,0,14.15,有,NA,2023-10-23,1368,26.047632917255900,24.476370122673200,28.93085811420860,0,29.12080431200050,63000070021,0.07730037276829510,0.35981950166764800,93.61,55222.64,45.79611139101520,33.92012610774560,0,0,0,0,0,0,1,0,0,0,34,41,0,14,1,0,2,2,0,36,"c(121.501565008192, 25.0261770072515)",臺北捷運龍山寺站_BL10,1091.4032669131800,807.6775683286660,2844.075183057770,40
臺北市萬華區萬大路４２３巷１０１弄２５號,4600000,147530,0,0,63000,萬華區,房地(土地+建物),25.0225149956637,121.502298005625,忠貞里,12.02,住,NA,NA,1121025,土地2建物1車位0,四層,五層,公寓(5樓含以下無電梯),住家用,鋼筋混凝土造,640403,31.18,1,1,1,有,無,NA,NA,RPRNMLLLJIIGFBA96DA,31.18,0,0,無,NA,2023-10-25,1370,26.545771338322900,24.640799541299800,29.43484858217560,0,31.76182660285730,63000070034,0.07853025936599420,0.34870317002881800,82.21,87556.45,60.18485600420020,48.02701740205230,0,0,0,0,0,0,1,0,0,0,22,28,0,11,2,1,2,1,0,24,"c(121.502298005625, 25.0225149956637)",臺北捷運龍山寺站_BL10,1503.6786831464900,1219.9134349699100,3155.9442660064900,48
臺北市萬華區萬大路４２４巷１７０號,10100000,136376,0,0,63000,萬華區,房地(土地+建物),25.0206610025003,121.493488960664,銘德里,25,住,NA,NA,1121003,土地1建物1車位0,四層,四層,公寓(5樓含以下無電梯),住家用,加強磚造,600121,74.06,3,1,1,有,無,NA,頂樓加蓋；其他增建；,RPPOMLKMIIIGFBA76DA,74.06,0,0,無,NA,2023-10-03,1371,25.622046419196200,24.43187136135130,26.86047158654220,10.331014004087200,45.25498492212390,63000070028,0.07784431137724550,0.3617764471057880,92.39,30643.75,43.669421473167100,32.49586775785260,0,0,0,0,0,0,0,0,0,0,18,13,0,1,0,1,1,4,0,19,"c(121.493488960664, 25.0206610025003)",臺北捷運中原站_Y14,1657.9386943185800,1568.4587072554200,3012.1707368763100,52
臺北市萬華區萬大路４８６巷２２號,8600000,170533,0,0,63000,萬華區,房地(土地+建物),25.0201179809031,121.4966940328,華中里,16.75,住,NA,NA,1121109,土地2建物1車位0,三層,四層,公寓(5樓含以下無電梯),住家用,加強磚造,580213,50.43,2,2,1,有,無,NA,其他增建；,RPOOMLQKJIIGFBA17DA,50.43,0,0,無,NA,2023-11-09,1372,27.248856413501000,24.30128895839330,30.962062423535700,0,44.261292084212700,63000070032,0.07918723889099890,0.3676414736042540,94.3,9720.92,45.7099468373298,33.282713228731300,0,0,0,0,0,0,1,0,0,0,17,22,0,4,1,2,2,3,0,19,"c(121.4966940328, 25.0201179809031)",臺北捷運龍山寺站_BL10,1763.5309426154800,1513.869801430840,3313.311259459790,54
臺北市萬華區萬大路４８６巷４６弄２４號,10500000,137237,0,0,63000,萬華區,房地(土地+建物),25.0208519841641,121.496091038685,華中里,30.75,住,NA,NA,1121101,土地1建物1車位0,二層,四層,公寓(5樓含以下無電梯),住家用,鋼筋混凝土造,601001,76.51,2,1,1,有,無,NA,NA,RPQNMLSLJIIGFBA67EA,76.51,0,0,無,NA,2023-11-01,1373,25.663282970762100,23.527270442607700,28.90328772299490,0,32.85558215283900,63000070032,0.07918723889099890,0.3676414736042540,94.3,9720.92,45.7099468373298,33.282713228731300,0,0,0,0,0,0,1,0,0,0,23,25,0,4,1,2,2,4,0,25,"c(121.496091038685, 25.0208519841641)",臺北捷運龍山寺站_BL10,1694.4130530777300,1451.8229223874700,3272.0663343423700,52
臺北市萬華區萬大路７１巷３６號,6500000,99831,0,0,63000,萬華區,房地(土地+建物),25.0306350062744,121.501767012059,頂碩里,22.75,住,NA,NA,1121014,土地1建物1車位0,四層,四層,公寓(5樓含以下無電梯),住家用,鋼筋混凝土造,630430,65.11,2,2,1,有,無,NA,NA,RPPQMLRKIIIGFBA47DA,59.92,0,5.19,無,NA,2023-10-14,1374,24.39314892851590,23.650202370527400,26.01190086684860,0,44.6463778022742,63000070011,0.09279384718274540,0.39742517973583000,99.12,40320.85,50.52703940180410,37.05316222798970,0,0,0,0,0,0,1,0,0,0,26,27,0,6,1,1,1,2,0,27,"c(121.501767012059, 25.0306350062744)",臺北捷運龍山寺站_BL10,622.1465933272230,337.300246559612,2432.765249557020,49
臺北市萬華區萬大路８５巷２０弄１號,12500000,210864,0,0,63000,萬華區,房地(土地+建物),25.0301439943864,121.50194697152,頂碩里,41,住,NA,NA,1121027,土地1建物1車位0,一層,二層,公寓(5樓含以下無電梯),住家用,加強磚造,540814,59.28,0,0,0,無,無,NA,其他增建；,RPOOMLRLIIIGFBA27DA,59.28,0,0,無,NA,2023-10-27,1375,24.193093702746100,22.58663138236860,25.773395499827000,0,36.96125511121680,63000070011,0.09279384718274540,0.39742517973583000,99.12,40320.85,50.52703940180410,37.05316222798970,0,0,0,0,0,0,1,0,0,0,27,31,0,10,1,1,3,1,0,30,"c(121.50194697152, 25.0301439943864)",臺北捷運龍山寺站_BL10,679.3818333099670,394.25431102230900,2463.9641040293400,58
臺北市萬華區萬青街１２９號,8200000,171692,0,0,63000,萬華區,房地(土地+建物),25.0234419922454,121.501751002624,壽德里,18.63,住,NA,NA,1121016,土地1建物1車位0,二層,五層,公寓(5樓含以下無電梯),住家用,鋼筋混凝土造,640403,47.76,2,1,1,有,有,NA,含土地增值稅或其他稅費；親友、員工、共有人或其他特殊關係間之交易；,RPPNMLLJJIIGFBA56DA,47.76,0,0,無,365,2023-10-16,1376,25.24832229595900,23.334755863702500,27.741012128162600,0,80.52810089080080,63000070030,0.10456758636679800,0.4191977741711110,94.19,56024.77,46.46931851789410,32.99414121708480,0,0,0,0,0,0,2,0,0,0,25,33,0,12,2,1,1,1,0,26,"c(121.501751002624, 25.0234419922454)",臺北捷運龍山寺站_BL10,1392.769389480060,1110.223527929760,3092.729953400730,48
臺北市萬華區西園路一段１３６巷１６弄４號,11500000,171182,0,0,63000,萬華區,房地(土地+建物),25.0377180078243,121.499149008421,青山里,5.66,商,NA,NA,1121031,土地1建物1車位0,七層,十二層,住宅大樓(11層含以上有電梯),住家用,鋼筋混凝土造,790122,67.19,2,2,1,有,有,NA,NA,RPWNMLSLJIIGFBA28EA,40.63,1.48,16.77,有,777,2023-10-31,1377,23.970492785140100,22.333651676699700,26.237918597155700,0,32.88436386720810,63000070006,0.0821917808219178,0.3580409082379430,96.8,16440.24,45.89285713114980,35.94387754185110,1,1,0,0,0,1,1,0,0,0,45,42,0,10,3,2,1,8,0,46,"c(121.499149008421, 25.0377180078243)",臺北捷運龍山寺站_BL10,210.22493199427500,494.8203274921510,2110.4688656837300,33
臺北市萬華區西寧南路１２８號,11900000,176846,0,900000,63000,萬華區,房地(土地+建物)+車位,25.041128981412,121.505920999453,新起里,5.62,商,NA,NA,1121021,土地1建物1車位1,十一層,十三層,住宅大樓(11層含以上有電梯),住家用,鋼筋混凝土造,960810,67.28,1,1,1,有,有,升降機械,陽台外推；,RPWPMLRLIIIGFBA18DA,30.64,0,2.92,有,NA,2023-10-21,1381,22.014024920182700,21.42564576781570,22.84577310278340,0,34.43757831616790,63000070004,0.14368556701030900,0.5043492268041240,87.45,53262.19,52.03782930600370,39.78833595141000,0,0,0,0,0,0,1,0,0,1,65,37,0,6,1,4,0,5,0,65,"c(121.505920999453, 25.041128981412)",臺北捷運西門站_BL11_G12,327.74481348364200,1027.7076141639200,1330.8403872806000,16
臺北市萬華區西寧南路３０７號,9800000,239316,0,0,63000,萬華區,房地(土地+建物),25.0381819880745,121.506499015496,仁德里,3.32,商,NA,NA,1121011,土地1建物1車位0,三層,十三層,住宅大樓(11層含以上有電梯),住家用,鋼筋混凝土造,1050701,40.95,1,0,1,有,有,NA,NA,RPTNMLQKIIIGFBA47DA,19.85,2.67,2.11,有,284,2023-10-11,1382,24.36629694883340,22.85007481745090,26.4955547744507,0,43.23458831041250,63000070009,0.14401140684410600,0.5135456273764260,91.21,41901.69,52.65797390415980,40.688732851658700,1,0,0,0,0,0,1,0,0,1,31,33,0,7,0,5,0,4,0,31,"c(121.506499015496, 25.0381819880745)",臺北捷運西門站_BL11_G12,469.4713331879470,819.589541191257,1491.2761765966500,7
臺北市萬華區西寧南路８２巷７之１號,2130000,27322,0,0,63000,萬華區,房地(土地+建物),25.0424150168162,121.505496958972,西門里,0.2,商,NA,NA,1121013,土地1建物1車位0,四層,五層,公寓(5樓含以下無電梯),住家用,鋼筋混凝土造,741113,77.96,2,1,1,有,無,NA,親友、員工、共有人或其他特殊關係間之交易；地上權房屋；,RPUPMLPKJIIGFBA77DA,70.76,0,2.15,無,NA,2023-10-13,1383,25.256799610002900,23.96564101548290,27.406306127871200,0,40.216309837931600,63000070003,0.12948960302457500,0.4543163201008190,84.19,24673.16,50.456720291232400,38.060026081748600,0,0,0,0,0,0,0,0,0,1,72,37,0,8,3,3,0,6,0,72,"c(121.505496958972, 25.0424150168162)",臺北捷運西門站_BL11_G12,373.32820806213500,1128.9220778200500,1297.0590540393300,38
臺北市萬華區西昌街７７號,10000000,154392,0,0,63000,萬華區,房地(土地+建物),25.0415140041343,121.500960002421,菜園里,15,住,NA,NA,1121013,土地1建物1車位0,二層,六層,公寓(5樓含以下無電梯),住家用,鋼筋混凝土造,720314,64.77,2,2,1,有,無,NA,陽台外推；其他增建；,RPTOMLQKIIIGFBA57DA,56.29,0,8.48,無,579,2023-10-13,1384,25.28404670059870,23.995397791683100,27.411346227592100,0,40.640848321576500,63000070005,0.09880974872473080,0.41564330247496700,95.65,18551.91,48.30035513741750,34.271943167358700,1,0,0,0,0,1,1,0,0,0,29,31,0,6,3,2,0,5,0,29,"c(121.500960002421, 25.0415140041343)",臺北捷運龍山寺站_BL10,646.694135176336,903.2817716865240,1754.8273193014000,40
臺北市萬華區西昌街８１之１號,6375000,132730,0,0,63000,萬華區,房地(土地+建物),25.0414150138578,121.500982968836,菜園里,9,住,NA,NA,1121023,土地1建物1車位0,六層,七層,華廈(10層含以下有電梯),住家用,鋼筋混凝土造,770803,48.03,1,1,1,有,無,NA,陽台外推；,RPRNMLKMJIIGFBA96DA,32.97,1.77,5.62,有,NA,2023-10-23,1385,25.85079622171080,24.395696308780000,28.55513372671730,0,28.87095318565870,63000070005,0.09880974872473080,0.41564330247496700,95.65,18551.91,48.30035513741750,34.271943167358700,1,0,0,0,0,1,1,0,0,0,29,32,0,6,3,2,0,5,0,29,"c(121.500982968836, 25.0414150138578)",臺北捷運龍山寺站_BL10,636.6025680089720,892.5161651410900,1756.9876075617900,35
臺北市萬華區西藏路１２５巷７號,17800000,183316,0,0,63000,萬華區,房地(土地+建物),25.0287750200502,121.50231401506,新忠里,17.72,商,NA,NA,1121024,土地1建物1車位0,七層,十二層,住宅大樓(11層含以上有電梯),住家用,鋼筋混凝土造,690205,97.1,3,2,2,有,有,NA,NA,RPSNMLKLJIIGFBA96DA,88.37,0.14,8.59,有,NA,2023-10-24,1387,26.720390381058000,24.240874824385100,30.460775248135700,0,38.39540016729120,63000070013,0.13352731975428400,0.4688005172971230,84.23,74360.93,55.95348834606820,43.86046509587890,0,0,0,0,0,0,1,0,0,0,34,47,0,16,1,1,2,1,0,36,"c(121.50231401506, 25.0287750200502)",臺北捷運龍山寺站_BL10,834.2264559428200,548.3336507188190,2563.5597825444600,43
臺北市萬華區西藏路１９９巷２３號,5940000,128922.5,0,0,63000,萬華區,房地(土地+建物),25.028561993981,121.499951994745,日善里,14.8,住,NA,NA,1121004,土地3建物1車位0,五層,五層,公寓(5樓含以下無電梯),住家用,鋼筋混凝土造,771004,44.32,1,0,1,有,無,NA,陽台外推；頂樓加蓋；其他增建；,RPRNMLMJJIIGFBA86DA,32.18,0,3.42,無,NA,2023-10-04,1388,26.78770131776270,25.97656577469250,27.443473919710000,24.133536718628300,39.37714299247160,63000070020,0.0888382687927107,0.3885453953791080,97.62,19595.05,51.12847220003110,33.376736096624700,1,0,0,0,0,2,1,0,0,0,29,40,0,9,2,1,1,3,0,30,"c(121.499951994745, 25.028561993981)",臺北捷運龍山寺站_BL10,807.7441032548410,534.9607416398450,2726.4805483360000,35
臺北市萬華區西藏路２５０號,18350000,190531,0,0,63000,萬華區,房地(土地+建物),25.0297829858166,121.501794001787,頂碩里,17.76,住,NA,NA,1121007,土地1建物1車位0,六層,七層,華廈(10層含以下有電梯),住家用,鋼筋混凝土造,711220,96.31,3,2,2,有,無,NA,陽台外推；其他增建；,RPQOMLNKIIIGFBA96DA,73.2,0,12.18,有,NA,2023-10-07,1389,27.392943134787700,25.104222616047600,30.620397707338100,9.948351266048510,38.04651598509370,63000070011,0.09279384718274540,0.39742517973583000,99.12,40320.85,50.52703940180410,37.05316222798970,0,0,0,0,0,0,1,0,0,0,23,34,0,10,1,1,1,1,0,24,"c(121.501794001787, 25.0297829858166)",臺北捷運龍山寺站_BL10,711.3896025073540,425.28884195308700,2505.0077519192600,41
臺北市萬華區西藏路２６３號,7888502,89469,0,0,63000,萬華區,房地(土地+建物),25.0284707988745,121.493606810222,和德里,29,商,NA,NA,1121023,土地1建物1車位0,四層,四層,公寓(5樓含以下無電梯),住家用,鋼筋混凝土造,650720,88.17,3,1,2,有,無,NA,親友、員工、共有人或其他特殊關係間之交易；頂樓加蓋；,RPRNMLNKJIIGFBA07DA,79.11,0,9.06,無,NA,2023-10-23,1391,26.011904574355000,24.47895992510530,28.82670469958090,0,28.89540071279980,63000070024,0.06835396268243120,0.3301311657121740,97.61,25255.33,41.92065794825340,30.938558289564900,1,0,0,0,0,2,0,0,0,0,31,28,0,9,1,0,2,5,0,33,"c(121.493606810222, 25.0284707988745)",臺北捷運龍山寺站_BL10,1006.9707454656900,868.715784960799,3176.0948473276400,47
臺北市萬華區西藏路５４０號,8200000,79196,0,0,63000,萬華區,房地(土地+建物),25.0286870100669,121.492268974656,和平里,17.97,商,NA,NA,1121003,土地2建物1車位0,四層,五層,公寓(5樓含以下無電梯),住家用,鋼筋混凝土造,680410,103.54,3,1,1,有,無,NA,含土地增值稅或其他稅費；親友、員工、共有人或其他特殊關係間之交易；,RPTNMLKMIIIGFBA07DA,85.53,0,18.01,無,NA,2023-10-03,1392,25.615648429298600,24.465342660258200,26.802489568487100,6.630996262336290,45.21549435204360,63000070016,0.07221238938053100,0.3467256637168140,93.26,43200.84,47.226890744963500,35.65426169612140,1,0,0,0,0,2,1,0,0,0,29,26,0,9,1,0,2,5,0,31,"c(121.492268974656, 25.0286870100669)",臺北捷運龍山寺站_BL10,1073.7402715355100,964.5504056258480,3239.95319976178,44
臺北市萬華區長泰街１３９巷８號,10000000,85543,0,0,63000,萬華區,房地(土地+建物),25.0217299885218,121.497425018576,保德里,35.2,住,NA,NA,1121026,土地1建物1車位0,四層,五層,公寓(5樓含以下無電梯),住家用,鋼筋混凝土造,780822,116.9,2,1,1,有,無,NA,親友、員工、共有人或其他特殊關係間之交易；,RPQNMLKLJIIGFBA86EA,98.87,2.57,10.6,無,NA,2023-10-26,1397,26.74201676032330,24.295963386556100,30.188596527503100,0,37.45573734343330,63000070027,0.09620253164556960,0.42603978300180800,100.06,44055.74,52.12713933881310,35.207823943663700,0,0,0,0,0,0,1,0,0,0,31,30,0,8,2,2,3,3,0,34,"c(121.497425018576, 25.0217299885218)",臺北捷運龍山寺站_BL10,1576.2093842389400,1323.0824191267400,3426.436633165730,34
臺北市萬華區長泰街２３０號,8880000,125637,0,0,63000,萬華區,房地(土地+建物),25.0217519910176,121.495323004897,銘德里,29.5,住,NA,NA,1121006,土地2建物1車位0,四層,四層,公寓(5樓含以下無電梯),住家用,加強磚造,590213,70.68,3,2,1,有,無,NA,其他增建；,RPUOMLTKIIIGFBA97DA,70.68,0,0,無,NA,2023-10-06,1398,27.871033347596800,26.791765750345800,29.292236392512600,1.2941190680236500,35.7300829711038,63000070028,0.07784431137724550,0.3617764471057880,92.39,30643.75,43.669421473167100,32.49586775785260,0,0,0,0,0,0,1,0,0,0,28,26,0,5,1,2,2,4,0,30,"c(121.495323004897, 25.0217519910176)",臺北捷運龍山寺站_BL10,1615.093808586460,1383.1925440091300,3222.356139062490,53
臺北市萬華區長泰街２８２巷１３弄１３號,12200000,160780,0,0,63000,萬華區,房地(土地+建物),25.0216780207221,121.493102974022,銘德里,23.5,住,NA,NA,1121027,土地1建物1車位0,二層,四層,公寓(5樓含以下無電梯),住家用,加強磚造,580812,75.88,2,2,1,有,無,NA,其他增建；,RPTOMLMLJIIGFBA37DA,75.88,0,0,無,NA,2023-10-27,1399,24.2931255813385,22.55716246791350,25.81921736236910,0,36.91118408418910,63000070028,0.07784431137724550,0.3617764471057880,92.39,30643.75,43.669421473167100,32.49586775785260,0,0,0,0,0,0,0,0,0,0,17,16,0,1,0,2,1,4,0,18,"c(121.493102974022, 25.0216780207221)",臺北捷運龍山寺站_BL10,1694.3991039726000,1486.7968455721200,3004.917436931320,54
臺北市萬華區雙園街５９號,1125000,165198.5,0,0,63000,萬華區,房地(土地+建物),25.0299989874614,121.494202009167,和平里,2.4,住,NA,NA,1121127,土地1建物1車位0,四層，露台,四層,公寓(5樓含以下無電梯),住家用,鋼筋混凝土造,600821,6.81,3,1,1,有,無,NA,親友、員工、共有人或其他特殊關係間之交易；,RPOOMLQJKIIGFBA17DA,6.81,0,0,無,NA,2023-11-27,1401,21.43447430090130,19.76789908924490,23.966622670335700,0,39.449848634276800,63000070016,0.07221238938053100,0.3467256637168140,93.26,43200.84,47.226890744963500,35.65426169612140,1,0,0,0,0,2,1,0,0,0,31,29,0,10,2,0,3,5,0,34,"c(121.494202009167, 25.0299989874614)",臺北捷運龍山寺站_BL10,836.105460787362,722.1124672387650,3019.3448411167000,52
臺北市萬華區青年路１６８巷４９弄１４號,5500000,143341,0,0,63000,萬華區,房地(土地+建物),25.0194130209365,121.501774974867,日祥里,11.14,住,NA,NA,1121016,土地1建物1車位0,四層,五層,公寓(5樓含以下無電梯),住家用,鋼筋混凝土造,640523,38.37,2,1,1,有,無,NA,其他增建；,RPVNMLRKJIIGFBA87DA,32.51,0,0,無,NA,2023-10-16,1402,25.27786148489110,23.3172262197677,27.724666316133000,0,80.54804795058720,63000070033,0.09793621013133210,0.4076923076923080,91.54,32724.33,47.527472515602500,33.116883108612200,0,0,0,0,0,0,1,0,0,0,14,13,0,3,2,0,2,1,0,16,"c(121.501774974867, 25.0194130209365)",臺北捷運龍山寺站_BL10,1834.612385541670,1554.01510406256,3485.9787472142600,48
臺北市萬華區青年路１６８巷４９弄５１號,4600000,119885,0,0,63000,萬華區,房地(土地+建物),25.0194587861278,121.501593171387,日祥里,11.36,住,NA,NA,1121023,土地2建物1車位0,五層,五層,公寓(5樓含以下無電梯),住家用,鋼筋混凝土造,640523,38.37,1,1,1,有,無,NA,NA,RPVPMLPKJIIGFBA87DA,32.51,0,0,無,608,2023-10-23,1403,26.22930512927050,24.547473714689400,29.210443449143400,0,29.37079583268900,63000070033,0.09793621013133210,0.4076923076923080,91.54,32724.33,47.527472515602500,33.116883108612200,0,0,0,0,0,0,1,0,0,0,16,14,0,3,2,1,2,1,0,18,"c(121.501593171387, 25.0194587861278)",臺北捷運龍山寺站_BL10,1827.3224659666600,1547.33710310859,3489.5551667641300,48
臺北市萬華區青年路１７６號,7500000,193199,0,0,63000,萬華區,房地(土地+建物),25.0207630102619,121.502860012233,日祥里,14.32,住,NA,NA,1121030,土地1建物1車位0,三層，陽臺,五層,公寓(5樓含以下無電梯),住家用,鋼筋混凝土造,640523,38.82,1,2,1,有,無,NA,NA,RPQNMLLJKIIGFBA86EA,38.82,0,0,無,799,2023-10-30,1404,24.61988956009340,23.10321169756350,26.871860334682500,0,35.27723405446480,63000070033,0.09793621013133210,0.4076923076923080,91.54,32724.33,47.527472515602500,33.116883108612200,0,0,0,0,0,0,1,0,0,0,11,12,0,3,1,0,2,1,0,13,"c(121.502860012233, 25.0207630102619)",臺北捷運龍山寺站_BL10,1705.103310154730,1420.844960080830,3303.6660562198400,48
臺北市萬華區青年路３０巷７號,17900000,175113,0,0,63000,萬華區,房地(土地+建物),25.0265829847318,121.50500795874,新和里,22.05,住,NA,NA,1121017,土地1建物1車位0,九層,十二層,住宅大樓(11層含以上有電梯),住家用,鋼筋混凝土造,760316,102.22,3,2,2,有,有,NA,NA,RPRNMLQJJIIGFBA37EA,70.71,0,9.07,有,433,2023-10-17,1405,25.316099666026000,23.5637566283766,27.27429933430550,0,99.4867170571876,63000070014,0.13360211316557800,0.502293896844154,89.13,71294.73,53.1510568056717,39.48031800669380,0,0,0,0,0,0,1,0,0,0,32,47,0,16,0,1,2,1,0,34,"c(121.50500795874, 25.0265829847318)",臺北捷運龍山寺站_BL10,1168.746757462520,889.1846829004010,2629.86147239333,36