土地位置建物門牌,緯度,經度,actual_price_million,pred_mean,pred_0.1,pred_0.25,pred_0.5,pred_0.75,pred_0.9
臺北市中山區中山北路二段５９巷２８號五樓,25.0557820149957,121.524109980801,11.460000000000015,10.76579174676691,8.371193974187202,8.55488769726415,10.687908552736655,11.240274222659789,12.980439138929135
臺北市中山區五常街６５號四樓,25.0644409819806,121.540043978738,16.99999999999998,13.351408995072019,11.142689749088989,13.30115992769638,15.030611935310139,16.61028751961552,17.261741500940257
臺北市中山區吉林路２１８巷１９號二樓,25.0590219977587,121.529410025817,38.25999999999995,38.651633371465195,28.009120252906385,32.53841645351501,36.19602317734694,41.184048898629065,48.87895399578105
臺北市中山區吉林路４４０號,25.0663932110492,121.530292891679,16.79999999999998,17.21671434920337,12.696505827041124,15.881866921199096,18.31877953526234,22.03107158767759,24.10403564816472
臺北市中山區建國北路三段８１巷３號六樓,25.0655101340103,121.537448512556,26.5,18.549624117626387,15.225811924591824,18.259413295966887,20.29372220242199,21.54204829980736,22.96490332674733
臺北市中山區復興北路２８８號二樓,25.0591110135704,121.543923961718,28.88000000000005,27.654684768049336,20.061064455791012,26.613580068733985,28.020768792805494,28.639117389275196,31.926020652381855
臺北市中山區德惠街３巷１號五樓之１,25.0670760008819,121.523202975059,10.120000000000012,10.547423822975679,8.974803321152278,9.974416518210091,10.958472841054414,12.471948329669317,13.027528964049882
臺北市中山區敬業三路１６２巷４０號四樓,25.0778519851518,121.556995036806,36.00000000000004,31.266487522062487,24.1450346604054,28.917269901813576,31.909721125864927,33.276739238401795,34.05331166328562
臺北市中山區新生北路三段１號七樓之６,25.0628870190414,121.527990969609,8.160000000000002,7.934520837682542,7.47679421810185,8.321306277587324,8.448000832287807,9.623117159238406,9.799631819846638
臺北市中山區新生北路三段１號八樓之２３,25.0628870190414,121.527990969609,7.300000000000003,6.268229330071013,5.033512435805601,6.208241480262333,6.658072033616429,7.299136808432101,7.953409000495848
臺北市中山區新生北路二段７４號五樓之１０,25.0571349798968,121.527172979679,6.099999999999997,7.507100976572852,6.900852255428099,7.481633202404219,7.537085768287101,8.650547156415067,9.157962347956206
臺北市中山區新生北路二段７４號六樓之１０,25.0571349798968,121.527172979679,3.000000000000001,8.102237634329434,7.3220536147236945,7.431958711899456,7.856220972899486,8.657439905125516,9.052392119282167
臺北市中山區松江路２號十二樓之６,25.0462849834218,121.532706963612,10.499999999999995,7.14527169478639,6.664665787854087,7.721214799822205,7.925424872259642,8.288094599177274,9.300303482737997
臺北市中山區松江路６９巷６號三樓之２,25.0492709945186,121.533714971288,30.499999999999947,27.311527400586954,18.231631939670514,24.90568033954377,30.001089869878523,31.39486963832224,34.669219326579245
臺北市中山區林森北路１３３巷２８號三樓,25.0508219818821,121.526143011416,11.50000000000002,10.19786518942533,7.510776573722182,10.443806270649542,11.999056281979515,12.301826543042305,13.504503906689893
臺北市中山區林森北路２５９巷９號五樓之２９,25.0543819857083,121.52606388625,5.500000000000002,5.526079213181352,3.8971053210112054,4.817060411906676,4.863906892188468,5.055667373161761,6.8067765494848205
臺北市中山區林森北路６７巷１３２號五樓之２,25.0476889941132,121.528558005359,20.360000000000035,20.570093141618834,14.623098209589418,18.644225650749547,20.879488114691696,24.76382103041847,26.04411474629134
臺北市中山區樂群二路１７８號四樓,25.0795807107722,121.557985610123,32.68000000000004,31.348749506842424,23.70252118935909,28.169148573878843,32.161382665961334,33.0396493585631,33.77581681850079
臺北市中山區民權東路二段１３５巷３０弄１５號三樓,25.064302010026,121.534347972616,4.750000000000003,4.215924818483822,2.7998842396050323,3.4065290979608815,3.4137372724123067,3.912867233039774,6.396788327158227
臺北市中山區民權東路二段９２巷８弄１７號三樓,25.0608629989721,121.531026978759,17.99999999999999,18.216510815910166,14.519470827910993,15.370282216525766,20.272709372852102,20.293017155732464,22.685918489647662
臺北市中山區農安街２０４巷１３號二樓,25.0639589806385,121.536430037365,4.000000000000001,6.310285707456699,4.759918731724423,5.361807296083233,5.8910534085617625,9.368512571435835,10.138976575159512
臺北市中山區錦州街３０巷１２號十樓之１,25.0595389935465,121.524662012944,8.66,7.9400822351543825,7.310536130458309,7.3930662956858875,7.6759823540256535,8.486305636472006,8.879009111483711
臺北市中山區長安東路一段５１號十一樓之１,25.0489230198082,121.526109986718,36.19999999999996,38.26994551553571,27.36559220472561,32.64246402064798,34.271725343083574,38.08090750570267,43.85458552641594
臺北市中山區長安東路二段２０８號十三樓之１,25.0481849932336,121.541916998821,40.50000000000005,30.745011640056305,27.524144873321948,28.75126927694853,33.29464445041532,39.1156360115584,39.43033644687172
臺北市中正區杭州南路一段１０５巷２３之２號五樓,25.037113002053,121.52706896026,35.49999999999995,30.221813090593955,23.53859580251395,27.293984979471972,28.269158986132094,38.09775506545459,38.94578696780039
臺北市中正區汀州路二段２０１巷２號三樓之１,25.0238270149677,121.522522029245,12.750000000000004,16.7838044366951,12.58758918409857,16.34064637560691,18.878802904609895,19.63857504444997,20.83749884616315
臺北市中正區臨沂街７５巷１７號五樓,25.0347289792424,121.529044993934,16.99999999999998,15.253102473214254,13.544299697909027,17.062462527202168,17.290696063161676,17.543560705302326,17.716761011576367
臺北市中正區辛亥路一段３號三樓,25.0187990046194,121.527602971311,0.4036299999999998,0.9136271071168452,0.41601752237582384,0.5633124282672839,0.68238766401962,3.6987368123511715,7.050565627460077
臺北市中正區重慶南路三段８１號六樓,25.0254950136996,121.516639022863,22.300000000000008,22.302423251607017,16.826320466873945,20.582821715849523,24.244865886522682,24.29345462880696,27.79875738570926
臺北市信義區信義路五段１５０巷３３０號七樓之５,25.0227201395405,121.579249872391,12.000000000000005,10.118617633741806,9.927815485952102,9.94061921856151,10.715110744308227,10.9568105504493,12.606079898132325
臺北市信義區信義路六段７６巷２弄８５號二樓,25.0330380140958,121.576044001419,19.179999999999975,16.168196906940405,13.407817727007206,15.48130845409655,16.92123173373267,17.99276632509785,19.042239012352013
臺北市信義區光復南路５６７號十一樓之２,25.03075398739,121.557622003163,15.68000000000002,15.613669472288027,13.108642095048971,15.554263598164043,16.720690360450273,16.916734428099673,17.416265860360102
臺北市信義區吳興街１５６巷２５弄５之１號,25.0285109901002,121.5611490242,20.04499999999998,17.620349636453874,13.516569834699665,16.953660888875195,19.402125781832858,22.109346896194218,24.91275350547413
臺北市信義區吳興街６００巷１００弄５７號五樓,25.0176519830793,121.572547993424,13.100000000000016,12.97368336008291,10.70301522521376,12.979458279005721,13.33203447103986,14.707470195275825,15.12815936454178
臺北市信義區吳興街６００巷５３弄８號,25.0201139994991,121.570525021092,23.10000000000003,15.63731815150479,12.332460683811728,15.32181801009693,17.75360370108477,19.79212973947017,21.238431499104244
臺北市信義區和平東路三段１６９號八樓之８,25.0240697967932,121.553216223397,13.200000000000017,15.602646902481439,11.296282385819987,15.188936577169995,15.312751826971025,15.95498543819475,17.253469734857514
臺北市信義區基隆路一段１８６號四樓之３,25.0420789863179,121.564749973623,7.900000000000006,9.87167625471018,7.075515067339701,9.43713419033288,9.582847893111408,10.874915037364035,11.9337158587079
臺北市信義區富陽街２１巷６弄２０號四樓,25.0223460164956,121.556716003249,17.8,19.576193508471633,17.054415304962948,17.64429018124958,18.16231488064359,19.0058180274962,20.426153260827025
臺北市信義區忠孝東路五段７９０巷５７弄２６號三樓,25.040992985033,121.584435962878,19.49999999999998,15.88510664117868,13.201338093687141,16.279147938394704,17.922195555759924,18.58472161430186,20.763550250967533
臺北市信義區忠孝東路四段５５３巷３２弄１號四樓,25.0438329833764,121.562996982393,17.99999999999999,12.647957557336069,8.835448361759044,11.071831716706674,12.07964090684589,14.51564891279531,15.22920169805316
臺北市信義區松仁路２８１巷８號二樓,25.0237809983193,121.570339026661,15.000000000000007,13.271023774390265,11.638949632024778,12.675503893055144,13.365270730477473,15.257565422457004,15.325430759448643
臺北市信義區松山路２８７巷８之１號三樓,25.0428170128925,121.578497971212,21.799999999999972,19.216606609765403,16.439803424707282,18.68827604314517,23.034601438978918,23.967667978315887,24.49398344970161
臺北市信義區虎林街７４巷５號五樓,25.0437870086375,121.576835001622,20.69999999999997,19.52315766636609,17.05664847048097,18.15579138169686,18.172094579404835,22.538908688925986,24.828661627076897
臺北市內湖區內湖路三段１７３巷１號五樓,25.0876370189188,121.589342980454,17.07999999999997,16.432860699265763,12.47557405362498,15.240518584913366,17.565635284568806,18.43085389086663,19.909733539927085
臺北市內湖區內湖路三段６０巷１２弄７２號二樓,25.0892002857706,121.591246175389,8.5,7.893448415320545,7.557638441240608,8.362616025557948,8.464864691559772,9.502472358229506,9.953841194531604
臺北市內湖區康寧路三段７０巷１０號七樓之１,25.0692500151085,121.611529961979,28.800000000000036,31.27956568184341,25.244481747684986,29.193226035023084,30.413518365224967,36.05444698981709,37.29972353042087
臺北市內湖區康樂街１１１巷１弄１６號三樓,25.0700449967152,121.619241983452,15.499999999999986,13.663718012235554,12.413512633634427,13.633710749458945,15.038099217122756,15.802253370547575,16.156382473112156
臺北市內湖區康樂街１６２巷３號五樓,25.073018015862,121.619309038678,14.7,13.664522465015308,12.447354512861704,13.481241506720341,15.113151404702998,15.96764300536672,16.730919445983893
臺北市內湖區康樂街１８６巷１５號,25.0769239827417,121.620317968363,10.199999999999985,10.343853632191044,7.714319247695072,10.80801197203988,10.981280506455938,11.660589919147602,13.45966318169711
臺北市內湖區康樂街２０４之３號十一樓,25.0763049791922,121.621279037381,24.599999999999977,21.853076080474146,17.97904959423151,22.26143557253965,22.96315267699782,27.075247737230967,29.042875778361818
臺北市內湖區新明路４２８巷１之２號,25.0545530184426,121.579510002201,21.200000000000003,20.48831316984626,17.60959697461563,20.95409428884335,21.434803677966457,23.35756632876103,26.827256876046384
臺北市內湖區新明路５１３號四樓,25.0536189810623,121.578953024735,4.500000000000002,12.900374888822096,6.059032172320407,10.036357818229309,14.55278633255619,16.615073642539752,18.236569477913044
臺北市內湖區民權東路六段１４６號三樓之２３,25.0688167964429,121.589516821126,11.309999999999995,11.13579159775385,10.260080802290704,10.517204969357962,10.78309067327318,12.92039629858581,13.332125587592737
臺北市內湖區民權東路六段１９０巷１１７弄３７號四樓,25.0644699833656,121.594610000772,22.999999999999968,20.041960120337773,15.741749248686167,18.820845181150702,19.83185750795471,21.23219458008037,22.291468139232357
臺北市內湖區行善路２５巷２４號五樓,25.0556912808938,121.576584382717,27.520000000000024,23.677284617050326,14.9362542626909,24.2107042673363,24.590787871565702,26.11400155868879,26.358633256738262
臺北市內湖區金湖路３２６巷４７號二樓之１,25.0739160110587,121.603867980467,25.879999999999956,23.545785579533707,19.815605033759027,22.0862004940222,23.27904569626068,23.423499526641343,24.747569047732853
臺北市內湖區陽光街１０１號二樓,25.0752639887274,121.585970018798,27.500000000000018,24.524170275779912,21.59098236363846,21.798869546794013,24.474875592587253,25.282412303879592,26.580251243241097
臺北市內湖區陽光街９２巷６號三樓,25.0751779904008,121.585450005525,14.800000000000004,12.792575542259126,10.603023762908574,11.894967634550303,13.176924496935461,14.08717908014841,15.85095768603862
臺北市內湖區麗山街３３８巷９號二樓,25.0823790091473,121.573477965581,22.500000000000004,20.544815756518307,20.532800618538904,22.160942634716022,22.237744645965474,24.088713322971312,26.58549446999625
臺北市北投區中和街２３４巷３號四樓,25.1395870070623,121.501725018724,13.499999999999993,12.346757781636754,9.545824217194248,11.238669814793523,13.198540575798924,13.572480512132309,15.807886116285484
臺北市北投區中和街５０７巷３弄８號六樓,25.1445210981856,121.494361181508,10.8,10.75962110382481,8.344448836756245,9.65713697430248,10.961245054898532,11.464272047454248,11.58833276812156
臺北市北投區中央北路四段４６５號五樓,25.1286459831189,121.469798014252,10.879999999999983,12.404708756280804,10.097445495704914,11.23824502868082,13.402514730100751,13.784265988834889,15.213156265746928
臺北市北投區光明路２４２號十八樓之８,25.1361148036719,121.508003986212,18.199999999999992,18.16509704109205,13.664537532393721,14.836663658238184,18.47397238889632,22.024875982347837,23.207615957754367
臺北市北投區公路２０９巷２５之１號四樓,25.1323027,121.5026806,19.699999999999985,18.97893922947057,15.506900724145261,17.87058323054081,19.410446623211207,20.154097058978778,23.995234486771427
臺北市北投區公路２２８巷１１１號六樓,25.1782,121.563,28.99999999999995,18.941773940687323,12.412175036631186,17.53695190708874,19.889004490316317,20.630732239440054,23.76530322891787
臺北市北投區吉利街１７號三樓,25.1181649999312,121.504447963789,18.50000000000003,14.504362716690965,13.07986284240711,14.753796926771564,16.052638316523694,16.36621822697468,17.236818504629156
臺北市北投區大度路三段３０１巷２８弄９號四樓,25.1226059836906,121.465737987992,9.500000000000014,15.900983637100275,13.539061872567435,13.781915061949299,15.04455747599837,18.329479148222234,19.667396314891025
臺北市北投區奇岩路１４之２號四樓,25.1332106837692,121.507197898583,13.158000000000024,19.61727780411045,15.881916425851411,17.16352878629816,17.50075617466175,22.74752480738423,23.18133714567781
臺北市北投區復興一路３３巷２號三樓,25.1401485873267,121.502709646903,16.79999999999998,14.969619515965622,12.337514907746602,14.626391010935908,14.951860843197714,17.89504504615075,19.407830766906716
臺北市北投區新民路５３之１號三樓之５,25.1403229800706,121.510257963794,8.5,9.902751011766393,7.442985304733107,8.80026396841576,8.93222277647561,9.478112050395524,11.177251769053747
臺北市北投區永興路一段２之１８號三樓,25.1389566879435,121.499855099944,14.200000000000005,12.687179553030486,11.01751386468436,11.18531610243254,13.756365676010816,14.486203501427013,15.03822313630883
臺北市北投區溫泉路３７巷２６號三樓之７,25.1337270090048,121.503238036066,7.900000000000006,8.365220445833677,7.271957938981685,7.538382168455469,7.598027611849992,9.539960146654314,9.58577845590844
臺北市北投區溫泉路７１號七樓之５,25.1356460038273,121.504801009551,6.4199999999999955,7.40838241034236,6.376259467128045,7.543161389501829,7.5676360906036795,8.221699776057177,8.763357353930896
臺北市北投區溫泉路９９之６號四樓,25.1363720861899,121.509742979663,4.799999999999999,4.795914202147622,3.4408429227598902,4.548106628868116,4.86134805415123,5.104885166569086,6.7976405150838355
臺北市北投區稻香路１５０巷８號五樓,25.1429709909218,121.489298009076,11.50000000000002,13.781504586092685,8.19808562223032,11.835893314774939,14.205226203000024,15.279881028153405,15.984132946797214
臺北市北投區稻香路２３７號三樓,25.1439814538736,121.488132465533,22.32000000000004,19.050274223059056,12.505672829914715,18.94084588866235,21.38272989925122,23.29615027406343,24.784106666455607
臺北市北投區致遠一路一段１０巷１２弄６號一樓,25.1082510105838,121.518089008293,27.999999999999986,20.859622191443414,14.400431379677473,17.03021995346782,21.368749283445858,24.437033867460368,28.968936300147757
臺北市北投區行義路１４２號六樓,25.1298570004897,121.528210994568,10.300000000000008,12.29423339365871,10.432505707453252,10.521192396841668,11.256996995015012,12.701836244625596,14.197657765791067
臺北市北投區行義路１８６巷５２號三樓,25.133369981839,121.530513000456,10.599999999999996,10.086984008021606,9.290321526592686,9.719281834328642,9.796888903226456,11.394913932782169,14.281619590088587
臺北市北投區行義路１９２巷１５弄１２號四樓,25.1331893151142,121.529257363145,22.549999999999958,26.42402108903368,17.27505868831945,22.7458528656573,25.473053085673833,30.166180964577045,32.93017864848987
臺北市南港區忠孝東路六段１５５號四樓,25.049023979832,121.586364974075,18.60000000000002,12.715789733252336,9.729545481849966,12.033092941721055,13.124246845522347,14.539360571835136,16.793814219610034
臺北市南港區玉成街５２巷７號三樓,25.0480530201681,121.58124497234,16.749999999999982,14.047470713317352,8.87781352049263,11.009144004368931,13.938522555950794,14.40698232990669,18.259226209246997
臺北市南港區研究院路二段１８２巷７７號五樓,25.0367480120793,121.614073031402,14.059999999999997,13.628698626609713,10.934041987383884,12.406808505987241,13.239555861348249,14.655549616527765,17.124771299898757
臺北市南港區經貿二路２３５巷６０弄２８號二樓,25.0622729056372,121.615562005445,42.20000000000004,38.4492865052084,22.313841163542918,36.00178847577114,45.16738666292637,46.95080326892423,51.38367967358458
臺北市南港區舊莊街一段２１２巷１８號二樓,25.0382825258683,121.622146764441,15.599999999999984,15.20246166568994,10.57153934861594,15.232682406342548,17.343032253920903,19.408479071967577,19.644646819687377
臺北市南港區重陽路１３４號四樓,25.0569199840803,121.600255966932,19.57999999999999,14.296222028917292,12.011222920853417,14.123454133741754,15.773674561427006,19.143387537506186,21.09342572189419
臺北市士林區中山北路七段１４１巷４號六樓,25.1231570100054,121.531815967305,24.79999999999997,27.42001906172465,18.195482334750032,23.33306518312865,26.393146473286535,27.124890497053084,29.910909546820715
臺北市士林區中山北路七段１８２號五樓之５,25.1246527187175,121.53324558471,18.50000000000003,17.533992928767447,14.08671916939048,17.011856320224123,18.198999777590153,19.708117380294883,22.339136150724595
臺北市士林區中山北路七段１９０巷２４之２號四樓,25.1257919869971,121.534978962287,17.99999999999999,23.226041692539194,17.556510663726545,22.99121551565062,23.480228735063406,26.112999169938337,29.281601074110675
臺北市士林區中山北路六段２３６巷９號十四樓,25.1082639101751,121.52613966732,35.19999999999995,39.32431522661298,25.46489331266156,34.31947613657229,37.080497005679064,41.10009575757317,44.545612153104514
臺北市士林區中社路一段１１巷９１號四樓,25.1100719790487,121.562892040966,12.499999999999986,15.503936977928902,10.391765313165969,13.740375009594686,14.649222234508041,17.786058157628222,19.981036532218788
臺北市士林區劍潭路５５巷１７弄１３號四樓,25.0841883254972,121.520632801454,19.299999999999986,16.448986136723583,11.66303996808182,15.615193002678875,17.014506676659494,20.419198745405506,21.97374893803889
臺北市士林區士東路２７８號四樓,25.1131820004029,121.537233023689,13.680000000000021,12.83299980367782,8.888520973571147,11.195603343107354,12.27000118118847,12.28745583506943,12.71922379204082
臺北市士林區天母北路２４號三樓,25.119829981178,121.526310984756,28.74999999999997,30.459340792368582,23.618465345974375,26.1829262714757,28.205748191881415,32.39217268737881,33.34783597788051
臺北市士林區天母東路６９巷５之１號六樓,25.1183459497221,121.534464756688,14.000000000000009,19.64750676780467,15.356375861031207,18.979849507334674,23.075880425671055,23.773273548718624,24.349585980131284
臺北市士林區延平北路六段２２８號六樓之１,25.089468003758,121.504431032345,11.699999999999994,13.452483082757631,10.19885559129629,12.810318727659444,14.301317015075195,14.551112159928275,14.773042852372098
臺北市士林區德行東路３５８巷１４弄２號四樓,25.1099180034874,121.539193969937,22.999999999999968,23.62810579129847,17.617749302017845,23.17874971504171,23.425296429496637,33.65005087824849,36.315340306844334
臺北市士林區忠誠路一段１６巷２９號五樓,25.1058519841665,121.5259539995,30.000000000000057,20.81241250337389,14.361179962712946,19.363964134824187,22.071032019462713,25.21270237405816,27.534773695624462
臺北市士林區承德路四段４０巷７３號六樓之２,25.0814500009089,121.521128034927,4.999999999999999,5.223233330135259,4.468044585625791,4.745242817561011,5.673527684530093,5.865284514056566,8.411274500176441
臺北市士林區福林路１００巷１１弄５３號六樓,25.0960599934198,121.532990020482,2.527678000000001,8.61425703455115,5.406971941457729,6.119250680233565,7.464799819782852,8.92825788496413,11.645752213745496
臺北市士林區福港街２４７號,25.0841499795598,121.517657005004,16.200000000000024,18.511095252549502,15.35734844011856,16.761724984026106,17.631183718244777,21.070826425448185,22.693302975355444
臺北市士林區至誠路二段４３號四樓,25.1015099906835,121.528594969552,20.099999999999977,18.850674748828716,12.611781616512026,16.418520978022656,18.604622384331396,19.287358393356307,22.631527852524982
臺北市士林區葫東街１０巷９號二樓,25.0831389963083,121.510818964574,3.83333333333333,2.3855453375939146,1.4271106046078297,2.05321215391139,2.4092162617145494,2.8039603644796918,5.2857635497044955
臺北市士林區通河街５３號二樓,25.0802450185084,121.522491016203,14.000000000000009,12.141609255549936,9.367082485180923,12.25325071631207,14.015071974659445,14.93869607160186,17.579848916303945
臺北市士林區通河西街二段１１８號,25.0928780134268,121.507105027096,20.69999999999997,11.652908193317309,7.870828866663688,9.537894890907257,11.662670631958905,15.900579036331603,17.250493413734873
臺北市士林區重慶北路四段２２２號七樓之３,25.0858688983535,121.511467975337,30.499999999999947,25.967744299980648,22.821825586484657,27.127905843075148,27.218586765713045,28.819047300072963,31.433644615281125
臺北市大同區南京西路５７號十八樓之１,25.0530439825044,121.519385018162,23.200000000000035,16.410966953922895,13.625389533221819,16.214862548328348,16.922354130669046,18.038866889282232,21.55421931373468
臺北市大同區寧夏路１６５號五樓之９,25.0615550088983,121.514242972021,20.500000000000018,17.45146609828892,15.540860997040602,16.80723576705219,17.362106994580223,18.924863300414437,20.4887878601931
臺北市大同區延平北路三段７３之３號,25.0666110148032,121.511109984252,17.37999999999999,16.49599063239652,14.368814311247137,16.507541139955944,17.784537698714495,20.105509197128363,21.877786960994246
臺北市大同區承德路三段３０１巷２２號四樓,25.0756570161673,121.521353005209,21.63000000000003,21.744863766994328,17.948227969194598,20.537853000999398,21.398809463885016,25.98478800029846,26.54449902717706
臺北市大同區重慶北路三段２０３之３號六樓之８,25.0697139953588,121.514059995075,19.380000000000006,20.016104043035266,14.674137263224564,18.972333671668622,19.337453187461122,20.71764626735762,23.427229656608663
臺北市大安區仁愛路三段１２３巷２６弄７號七樓,25.0391759979721,121.541483989703,43.49999999999998,35.67436609213283,21.901790733285907,30.898187141098468,37.31319015550589,41.876868751688285,46.605790728535304
臺北市大安區仁愛路四段３４５巷４弄４１號,25.0390649796645,121.551448982931,36.99999999999993,25.890339317050806,19.55930572652996,24.038188952562066,26.83897326084808,34.1187043337872,39.42242540993788
臺北市大安區信義路四段５３巷２８號六樓,25.0342591213264,121.545022520279,7.659999999999995,6.68234847928258,3.752816439041191,6.598343619653882,8.097574699657168,9.169122959099647,15.33759727107817
臺北市大安區光復南路６７６巷１０弄５號三樓,25.0308619882124,121.556604021022,18.199999999999992,16.445706207306863,14.949326554119004,15.9028753767528,16.21960572305686,16.43976671303043,19.055950559895244
臺北市大安區和平東路一段１２１號七樓之３,25.0269128126218,121.527311616357,4.847323000000002,19.912428126078876,15.299551657346258,18.858771681549126,19.817142220293633,23.049051827279854,23.60136535014685
臺北市大安區忠孝東路四段２９９號九樓,25.0416129944109,121.555322008932,34.79999999999998,36.05475049626947,25.547132167212723,31.051905504726257,34.764090929968646,36.928672304358,42.957499486403684
臺北市大安區新生南路一段１６５巷２０號五樓,25.034083991793,121.534903022244,69.60000000000001,49.73001145357943,27.836183814040037,57.93323624101763,60.175048053739864,73.993232247463,75.07389477339075
臺北市大安區杭州南路二段８９號四樓,25.0287100183911,121.52195197601,8.999999999999998,13.569514014155885,8.286587181011237,11.964096403029192,14.178711460752982,14.50596137891742,15.880051539867832
臺北市大安區永康街７５巷８號六樓之３,25.0288230064459,121.53011100438,17.679999999999975,15.98249564220605,13.448330513307738,15.079660258020935,16.60048324211316,17.80662485075065,17.97962859928949
臺北市大安區潮州街１４６號四樓之１,25.0284539931586,121.528626988422,12.499999999999986,11.016863433932917,6.334822566277794,9.159831389950192,10.31483549428412,12.117859325618527,12.596123438185694
臺北市大安區潮州街６０巷１０弄１３號三樓,25.028231998453,121.523232982272,35.06000000000002,34.669137204768894,25.38337043642489,33.77414171732692,34.11184771311317,35.1881415381596,37.76004075821895
臺北市大安區羅斯福路三段３２５號七樓之１,25.0171509967265,121.532210000573,13.000000000000012,10.830439856964432,9.316234942377143,11.061877967730272,13.372083307792565,15.566763416651092,16.061485114801823
臺北市大安區臥龍街１９５巷２１號二樓,25.0185019918804,121.553029977508,18.50000000000003,12.840207345561785,8.825795256408602,13.252391237852878,14.602414465129934,15.78073672494113,17.43089261181735
臺北市大安區通化街１９巷１７號三樓,25.0317570078335,121.555255959535,22.23499999999999,19.86523406163122,18.489956276811505,18.939000450377083,23.25547762580255,25.025069803956264,26.57467871288525
臺北市大安區金山南路二段２１號二樓,25.0332549796595,121.527326033231,27.900000000000038,24.97646024103378,20.805404910607063,22.533264991455265,23.15094367675338,27.68927821332095,29.433178586129685
臺北市文山區久康街２６號四樓,24.9893349804866,121.565501997976,18.199999999999992,16.236124498353075,14.99572888566931,15.805711579099222,17.591361027076864,21.343227621542276,22.1209708594353
臺北市文山區保儀路９號七樓之１,24.9886739836022,121.568653006837,33.97999999999994,35.7711689564712,20.685532973841546,30.571040258088576,32.888150441457185,35.65745825363731,37.35078808764842
臺北市文山區忠順街一段１１９號五樓,24.9842969956735,121.559961979073,13.33800000000002,12.402950221991288,10.664249106832075,11.30621894750953,13.163441553591126,13.584122908862078,14.77073696758723
臺北市文山區忠順街一段１３１號三樓,24.9844169826174,121.560514011216,12.249999999999991,12.231829337605017,10.690797447545522,11.18400137018958,11.559395882364383,13.181416546917523,13.842073748891144
臺北市文山區政大二街２０７號三樓,24.9886555332889,121.586913219177,19.360000000000003,16.157773634040343,14.39040662804712,16.78322887356807,19.63893442029255,22.729304371305812,23.325342010550695
臺北市文山區新光路一段６５巷３８號八樓,24.990677007004,121.575433966506,30.499999999999947,34.39917299493531,24.20988899073925,32.230328504250295,33.435101880404964,34.395805964489995,35.80750631931104
臺北市文山區景後街９５號九樓之２,24.9919145950079,121.543036569628,8.349999999999996,7.596221031415264,7.270059230864201,8.062806023139771,8.929504727603726,8.939308003916642,9.756825195096106
臺北市文山區景福街１２８號六樓,24.9956900137457,121.536129965231,21.500000000000007,17.55097016106541,15.050422875206852,17.25241163128861,18.722954005189568,20.601740982909366,22.016507591596334
臺北市文山區景興路１５３巷１９號十一樓之５,24.9940000125179,121.545999991496,18.199999999999992,16.366840330431735,13.319414053044868,16.441368319000688,16.814443906830753,17.877082891226856,18.081197829077563
臺北市文山區景興路５３巷１５號二樓,24.9966559861771,121.545710983475,15.079999999999977,14.914674736609529,11.74142951173086,13.968655415801695,15.079780325205709,16.567087257922218,17.05525984013099
臺北市文山區景興路５５號五樓,24.9967260169781,121.54484395941,14.600000000000009,14.941472234892835,9.866194349099887,14.413364812949881,14.866294869271263,16.37104035985057,17.548166748181472
臺北市文山區木新路三段３５２巷１號二樓,24.9806330143384,121.554638967642,13.000000000000012,12.547006820347416,10.637003231441572,11.898020894734767,14.436393145212312,15.502271085125326,15.727106332344112
臺北市文山區木新路二段１７２號五樓,24.9839560198523,121.568342960239,12.299999999999986,13.021704243491445,10.791963173637486,11.986291753398922,13.2839529840696,13.341779762426727,13.746505323082308
臺北市文山區汀州路四段２５３號十二樓,25.0019046920361,121.536283773154,40.79999999999998,42.10534301087695,27.888842216427264,36.386043613228594,41.27552426955854,42.22929770633522,49.23723405534643
臺北市文山區溪口街７０號十二樓之１,24.9955810070949,121.538924994664,35.49999999999995,41.44491552669566,28.478585066720864,37.73308788982853,38.37026671706465,40.980337476414185,46.5705417278164
臺北市文山區羅斯福路六段１６６巷５號六樓,24.9970249357525,121.541034125307,33.99999999999994,30.41925953709199,24.248944572948396,31.188964666713808,33.40808344431889,37.27009401940177,39.79179380641707
臺北市文山區育英街５７巷３號,24.9919039919003,121.538297022478,24.99999999999996,21.739598070831924,14.360171350853426,18.461343567413564,22.439137755679674,27.40955284373584,30.03005024913494
臺北市文山區興隆路三段１３７號九樓之８,24.9983140104442,121.558763031642,7.800000000000005,7.973432470514338,7.313618721814287,7.534887218297043,7.80867093687188,8.834066443064343,9.139647444638754
臺北市文山區興隆路三段２５５巷２９之１號二樓,24.9927029968205,121.560519962367,17.99999999999999,22.445635959706124,20.216747679731647,21.41716461598229,22.346434607340193,22.392338849216124,23.787713623174902
臺北市文山區萬美街二段２巷３號三樓之５,25.0035225767552,121.562943648454,9.400000000000015,11.601164568014674,7.692999570432799,12.250866592042605,13.124863915964065,13.728395017736569,15.673031723114208
臺北市文山區辛亥路六段８６巷６弄１０號五樓,24.9892030074211,121.551805968188,8.179999999999996,13.184593493322911,10.059389226732696,12.761444501494445,12.925757505505713,13.855405514274251,17.26731358514372
臺北市松山區三民路１０７巷７號六樓之５,25.0576420012199,121.56316696739,19.000000000000014,20.70336150630335,19.523932610565833,19.634288018791533,20.151905057251025,21.648063628827263,22.312361246605583
臺北市松山區八德路三段１２巷５２弄１４號二樓,25.0462670042395,121.549977958924,39.99999999999998,40.861166063737265,30.140623488683307,37.72776302072647,40.82586675646518,42.82092486332214,46.69623865182567
臺北市松山區八德路三段１６５號十一樓之６,25.0481870048904,121.555411024743,36.78000000000004,26.959178139248408,21.219657207143015,26.129824098419334,27.06315760128387,27.295365729647013,31.060228142784847
臺北市松山區八德路二段４１０巷３２號四樓,25.0464999792383,121.546629975339,36.09999999999998,40.007409652199684,28.87628303155102,33.683730665614696,40.434659897795456,42.56308559400475,42.95335689359636
臺北市松山區八德路四段２４５巷２０號九樓之１,25.0495349825591,121.564278994484,21.080000000000016,16.31911409428616,12.607358519259918,15.282494341958202,16.514922585777125,19.033450373408062,20.811913964552232
臺北市松山區八德路四段６３６號十樓之１,25.0498319952981,121.574493014056,17.85999999999999,15.576200303188257,11.022375457153455,15.32489748039999,16.075102406758358,17.633266331263858,18.033907652383416
臺北市松山區富錦街５７１巷７號二樓,25.0622419896825,121.566589969009,19.799999999999986,17.005411631088553,13.498036229574486,14.569182178504446,17.566162156571348,18.773123158696436,19.854410180750193
臺北市松山區慶城街２３號五樓,25.053513997725,121.545200022657,57.209999999999916,50.23233953028671,24.234353107612808,44.561581281838116,53.009808257206856,57.53641936817568,64.48197944655463
臺北市松山區新東街６巷１２號二樓,25.0573990098468,121.566812005624,24.000000000000004,18.879576791031507,15.565778068902857,18.934703784364284,21.727258342110257,24.702424920788896,26.1386842112393
臺北市萬華區中華路二段４１６巷５號十二樓之３,25.0270369905173,121.50471802871,17.8,18.876065577821507,13.977262121721079,20.521588776338326,20.568399165532572,21.700016649191895,26.02770978502357
臺北市萬華區中華路二段４１６巷８０號七樓之３,25.0273135933221,121.503458061024,24.99999999999996,42.63851385749661,21.623203694922434,36.51010640960467,41.15758609474941,43.38536431935219,55.90306328871604
臺北市萬華區中華路二段５００號十二樓,25.0260827108408,121.507614982085,9.999999999999998,11.7410454761958,7.095061428578911,11.065775673897155,12.25728490814334,12.416416010102159,12.481522417197244
臺北市萬華區國興路１巷６號九樓之２,25.0239169946983,121.508536991434,14.000000000000009,9.752298598054743,7.0235872472234755,9.69277914923783,10.582665743746274,12.572189488023142,14.696863996632567
臺北市萬華區大理街１之１號,25.0345890014593,121.503253039673,2.75,2.3778731176056276,1.6472345922038771,1.9461924771838088,2.05556879459353,2.4691453322979924,5.393016689708184
臺北市萬華區寶興街６５巷１６號八樓,25.0270291115283,121.494867616098,24.000000000000004,24.94058570272456,19.45720613731895,24.12639586409533,24.731068923991582,26.40090810503652,27.248559439648712
臺北市萬華區康定路１０５號二十二樓之１２,25.039268198907,121.50202316302,11.599999999999985,13.803522067188236,12.395229965299633,12.488556192342907,12.489452822327268,15.520597444170408,18.10181064635443
臺北市萬華區康定路１０５號十一樓之１６,25.039268198907,121.50202316302,17.299999999999972,18.627247903317482,16.014157682178457,17.010718028796596,17.124016234775276,21.99195785985175,26.99969105412308
臺北市萬華區康定路１０５號十七樓之６,25.039268198907,121.50202316302,20.380000000000035,21.619576812186892,17.986854654090973,19.62639167851795,20.70715312423906,25.19464438896161,31.252052549989635
臺北市萬華區康定路１６６號十三樓之２,25.0394489965585,121.501803976252,28.99999999999995,27.533106003607244,22.023673078684176,26.550733335773735,28.54426139362319,29.492815895774065,35.28841158958821
臺北市萬華區康定路９７號八樓,25.0396460131927,121.502093990102,9.549999999999985,9.701559786562212,7.597094614253265,8.615446483355516,10.06221035236724,11.984058458098962,13.590034433469691
臺北市萬華區德昌街１８５巷１２弄８號三樓,25.0231650122549,121.494035041655,12.20000000000002,12.450924899956405,11.019929808140615,12.681916407957031,12.808258703019357,14.921129078295879,15.39128249354697
臺北市萬華區德昌街１８５巷２７弄１號三樓,25.0223709945671,121.494471990268,13.799999999999985,11.421348033406213,9.900676250305262,11.041129349862889,12.103502917281634,12.987809670748671,13.284188185705352
臺北市萬華區武昌街二段１２４之２號五樓之２０,25.0453662849243,121.503764671042,4.000000000000001,4.124232250875994,2.627688970287951,3.534419366303728,3.748242127227079,3.8719714548660904,5.210604797798156
臺北市萬華區漢口街二段２７號七樓之１,25.0455790176269,121.507706009554,25.500000000000018,23.82366640412409,17.466747871036915,20.12501148266068,23.647591462228096,25.53595637089631,27.005726545696277
臺北市萬華區環河南路二段１４８巷１４號五樓,25.0362220057455,121.494462015803,5.179999999999996,8.691630201267564,6.867762179219602,7.982380286117795,8.75062369173872,10.36551502944958,11.397391457559396
臺北市萬華區萬大路１３７巷４３號四樓,25.0292169978047,121.50158596295,6.999999999999995,8.53455329673703,7.9963553765688955,8.111464023560321,8.962685043468175,9.082377766834256,10.133608062192955
臺北市萬華區萬大路８５巷１８弄１０號一樓,25.0300600077166,121.501523014857,8.000000000000002,9.443150034731287,6.801073376358507,7.636053806083646,10.099791780259876,11.476825521908077,13.931930201129756
臺北市萬華區西昌街１５４號九樓之１,25.0387279852474,121.500523975818,8.199999999999992,10.010682493231581,8.45872659899485,9.309140599562575,9.608372833921601,10.677443567101893,12.234548484982186
臺北市中山區南京東路二段１０８號九樓之１７,25.0518390001039,121.532169013066,17.219999999999995,16.69436306862467,11.961362394894609,14.587855785527728,15.178782429872953,16.976420523404542,17.121438133937502
臺北市中山區德惠街７９巷２號,25.066885019218,121.528449040618,6.499999999999999,4.588181290420634,2.638839413483514,4.461643034226421,4.958390031908749,5.091024702819664,7.931621806546865
臺北市中山區撫順街６之１號六樓之５,25.0636879937089,121.521560038217,9.049999999999988,7.290511514223424,5.928073973104853,6.766829988541098,8.262224097220503,8.76227394744831,10.075140603180904
臺北市中山區松江路２８７、２８９、２９１、２９３號地下層,25.0604569795823,121.53346804042,5.2,5.3026063605241855,2.824169334226384,6.388076697203843,6.6978814485703,8.64655675854845,9.778501570414587
臺北市中山區林森北路２８９號九樓之１,25.0556049892007,121.52557999898,17.49999999999999,15.605381084440001,12.369800559660046,14.316604257014143,16.254487152554585,17.708767286050325,17.810307348528507
臺北市中山區林森北路４８１號二樓,25.0610929983953,121.526009990613,12.350000000000005,15.736713599224164,13.35267332118032,14.423660592731775,15.580629954506282,15.912904836437999,19.85305666319926
臺北市中山區民權東路二段１３５巷３０弄１６號六樓,25.0641510100403,121.534375968172,14.499999999999995,14.678293404077323,11.414260897415515,12.78815940339209,15.946364464561,17.294195092411464,20.557587802843127
臺北市中山區農安街２２７巷３４號四樓之１,25.0663860026125,121.533804992928,25.79999999999997,20.28716158983717,13.536024581611194,19.682702380544693,24.075372093682546,24.594298638393507,26.93259638559793
臺北市中山區通北街６５巷２弄３號二樓,25.0832439796455,121.539583979891,28.600000000000026,27.27210112683451,17.93833878700551,26.31048788607652,28.493351053381016,34.5935672090455,37.427410526495805
臺北市中山區錦州街４２６巷１弄５號,25.0599220046121,121.542656031224,7.800000000000005,13.118672916449912,6.915747980730159,10.908930498038062,14.831959555416825,16.70231973833815,22.183068406711232
臺北市中正區衡陽路７７號八樓之２,25.0423420104395,121.511059022281,2.4999999999999996,2.622752333641552,1.773766189243559,2.432055372424482,2.643832588982001,3.1438447396570552,6.727302228433613
臺北市信義區信義路五段９１巷１２弄１號六樓之８,25.0337265874416,121.571400929974,28.500000000000025,26.948846684639975,16.96987101808301,22.73626349101937,27.657458694857265,32.79778170450501,35.00339834945191
臺北市信義區信義路六段１２巷３８號四樓,25.0320759811588,121.574880006525,9.040000000000004,5.732076650854147,3.8485731066321485,5.421268176388412,7.91678986837391,8.981735446271136,11.11116169360233
臺北市信義區吳興街１５６巷２弄３２號三樓,25.0292320014114,121.560919024777,21.500000000000007,15.718290403514487,12.874307152200977,17.77134735348041,18.570764255275016,19.094035192404448,21.71998406461007
臺北市信義區基隆路一段３５０號五樓之４５,25.0370130059482,121.561729387176,12.000000000000005,9.712037239069991,8.163403731939157,9.218584320876005,10.558823237130548,12.155863939782078,14.222917815541285
臺北市信義區富陽街８７巷６號三樓,25.0213470193657,121.55700501127,18.060000000000002,17.317708839999483,12.929309682606434,16.280303561890573,16.892201213693443,18.003294299177426,19.18741067451704
臺北市信義區忠孝東路五段３７２巷２７弄７１號六樓,25.0400749989972,121.576250028599,32.95999999999999,31.515095722990335,16.84350604318027,28.021548559751658,30.112762761630204,36.560921112448845,39.03855545541441
臺北市信義區莊敬路４７８號七樓之１０,25.0264810188797,121.568168029919,22.300000000000008,17.605671429643877,14.139196502567575,15.8207033163989,18.65434701702372,21.583077900469462,21.81087259064717
臺北市信義區虎林街２３２巷１５之１號,25.0364869996144,121.577031976346,3.049999999999998,4.935028250768946,2.8233013316537234,4.034310627940986,4.559683580096649,5.002209940179997,6.849190105311782
臺北市內湖區內湖路一段２１７巷１號五樓,25.0835500029305,121.564414026944,27.07999999999997,21.08426249629194,13.287311369145199,19.276263480794437,23.396393494143968,24.492232294488133,27.203144558654454
臺北市內湖區康樂街６１巷７９弄７號四樓,25.0711560179811,121.62026197725,9.999999999999998,12.896649873888979,9.638273232188183,11.830750807929592,13.54358419337616,14.11797025479794,16.913552255622157
臺北市內湖區成功路二段３１２巷４５號五樓,25.0672969897591,121.588452989975,19.000000000000014,15.837081787249614,12.073656866252305,16.914373112250463,17.258461735197997,20.077606413730905,21.215687189876043
臺北市內湖區成功路四段２２２號四樓,25.0846409914478,121.59621597342,15.120000000000006,14.242078889443016,9.750332464502385,13.153478943527757,15.771169232339167,16.06025561041469,18.985113839765294
臺北市內湖區東湖路１１３巷９５弄５１號三樓,25.0713400007558,121.615040973581,31.999999999999957,26.634483014727408,18.594419747400387,25.779286657488694,30.731780393378397,36.428393980559356,38.03801768133251
臺北市內湖區潭美街１３１號二樓,25.0538639840921,121.58023897632,19.699999999999985,16.8462408727587,12.085407504064749,18.109033866834373,19.107075942749812,20.795050409762478,22.72983197092063
臺北市內湖區金龍路２２２巷２號三樓,25.0877689919843,121.58657401874,14.299999999999992,11.243926904713762,8.565406573006284,12.213237229598505,12.940511425717041,13.266797802675185,15.926554342941698
臺北市內湖區陽光街８０之２號,25.0758510153163,121.585999020183,27.999999999999986,24.40886567663806,17.38479624629926,26.099503991241615,27.17893981069049,33.07968213114181,35.676416596563435
臺北市內湖區麗山街４６巷１１號四樓,25.0809799856883,121.579899006328,13.499999999999993,14.900896918421871,11.11436037243018,13.011682272770868,15.404379424677558,15.691408142761393,19.65313132699397
臺北市北投區三合街一段８２巷７８號四樓,25.1287748129707,121.504588863582,30.799999999999994,26.100944480873782,18.14536632151173,23.741977975775313,23.964863873622868,29.960706522123104,30.489288117578297
臺北市北投區公路４１８號七樓之１,25.1323027,121.5026806,19.000000000000014,16.505618781979912,13.162352858175073,15.023808736672265,16.41448745987715,17.333192712256217,20.511309924182886
臺北市北投區懷德街１１巷１弄１１號,25.1112379855994,121.518781018219,11.916600000000006,15.948688834733021,12.46257098598643,13.575504686933492,15.537737447568428,16.616569037100252,18.0249718730116
臺北市北投區振興街３１號三樓,25.1179710007822,121.522312984579,4.300000000000002,10.043292050727702,7.672575021240918,10.556437366350268,12.748358719711366,13.741713575796046,14.752309427285011
臺北市北投區杏林二路５７號五樓,25.1422859798848,121.497106003341,8.5,10.117833884340504,7.237998936479405,8.221809934683431,8.583236933320958,10.240983574273343,11.27066121298879
臺北市北投區永興路一段２之１８號七樓,25.1389566879435,121.499855099944,15.799999999999997,13.298540834138185,9.690765516382568,10.85620138760804,12.273130253652875,15.480412051020647,17.434384697267372
臺北市北投區溫泉路６８之１號二樓,25.1348990086163,121.504590037048,7.500000000000003,9.888827843573107,7.074536438956808,7.8003891804433785,8.458235665667566,8.511829104900043,11.336888552061867
臺北市北投區稻香路１４８號四樓,25.1427940070363,121.489147973009,10.850000000000017,11.611170598806284,7.84373729285527,10.391831245045818,11.43237891561162,12.026065002421978,13.389021774507457
臺北市南港區研究院路二段９０號四樓,25.0444889930284,121.615576996289,41.500000000000064,41.554002212606065,22.71857339244526,41.833266412260286,49.97676473340397,59.03368801091605,60.79097887665043
臺北市南港區重陽路１６６巷１０弄１８號,25.0563519844117,121.60048202686,8.000000000000002,12.461229013617864,8.543240428165033,9.8597707365805,14.443335808370032,17.70511177825938,18.74916404300457
臺北市士林區中山北路五段７５７號十五樓,25.0990750059015,121.526765032451,66.49999999999999,45.2316786003253,23.778582504566803,44.3916689381252,53.39004606345735,64.16264100012675,67.59418042503162
臺北市士林區中山北路六段４４１巷３０號三樓之３,25.1166099892541,121.526995031874,56.580000000000105,46.08165276326231,18.771621871246698,43.33827412101072,52.402406783432106,52.40806213305632,55.79586262218493
臺北市士林區士東路３８號四樓,25.1118160016424,121.527472967993,21.67999999999996,21.266400439949653,13.386918274331988,17.68220477877514,19.899841367768403,22.033530600727193,27.75335270493751
臺北市士林區天母北路６２號三樓,25.1217869879314,121.526268991421,4.500000000000002,8.59247940356112,8.083644671690971,10.991485207501182,11.459956577782917,13.120804078322104,14.668362013450981
臺北市士林區小西街２７之７號五樓,25.0895630126305,121.523232982272,15.000000000000007,17.708834996155797,12.602328584158734,16.854245093088497,19.895571599797332,20.32511912072434,22.933387587419404
臺北市士林區德行東路２０３巷８號四樓,25.1096839807507,121.531943958966,17.49999999999999,21.477905655282047,13.842142360600397,18.522406465043158,19.04451514345746,25.765180247401652,26.461151034725575
臺北市士林區德行東路９０巷２１弄２號四樓,25.1066200179544,121.528227004003,25.99999999999999,29.098804768305328,17.128279833366342,24.87518076529706,25.25528925982323,26.85844886877532,33.51165532371014
臺北市士林區社中街１５６巷２４弄１４號五樓,25.0912510022015,121.510182023752,4.539999999999998,10.36259003876878,8.470092353518853,10.365308547623604,11.072188256237625,12.11753892474152,14.614541714866371
臺北市士林區社子街２２巷６７號八樓之１,25.0865522535668,121.505756446549,20.899999999999967,28.517240096446187,19.2881984635249,25.371888269810647,26.56767882230685,29.46556264116971,29.62209176521
臺北市士林區華齡街１７巷２８弄８號三樓,25.0830029999293,121.518256981633,15.000000000000007,13.015497937658443,10.276938758757623,13.113006119566162,13.879279648053947,17.38623741833493,18.608805236543834
臺北市士林區通河西街二段１２１號五樓,25.0929150195294,121.506860024066,15.799999999999997,13.556470046104659,10.362422252736458,11.940429552083993,14.451832219231461,16.71739127121433,16.969830172154523
臺北市大安區仁愛路三段２３號十二樓之１,25.0385689805441,121.534262980118,12.000000000000005,19.90225368255414,14.731990702712077,15.288580802146548,23.889053068763786,26.56169740769692,26.625860072633127
臺北市大安區光復南路６２６號十樓之３,25.0317845842949,121.55727516001,24.379999999999963,19.90579464226363,15.182425164302193,20.786561807036787,21.967612715085988,27.163605306777544,27.517998323261942
臺北市大安區和平東路一段１９９巷４之３號,25.0268040155185,121.53410003592,24.000000000000004,19.442028852249987,14.626446786979237,17.172951618302484,20.33985858745738,21.569111178563354,22.67249499387408
臺北市大安區忠孝東路四段２４８巷２９號四樓之２,25.0394790037719,121.554335039833,27.500000000000018,22.858330006063973,17.714740364993926,19.260291348786225,20.376579993418243,29.15712586693999,30.4023605454684
臺北市大安區敦化南路二段６３巷５４弄４號七樓,25.0306930090444,121.551448982931,37.999999999999964,34.294002466656636,18.149289560940243,24.79431611729828,30.200044410417497,39.336106882164884,41.13381960962658
臺北市大安區臥龍街１３７之２號,25.0186560093512,121.550653037406,4.999999999999999,4.957652918400554,3.966666131139885,4.761194031480564,5.365224814699001,7.544226340525308,9.294487309290538
臺北市大安區通化街３９巷４９弄９號,25.0309789995807,121.555627026388,1.4999999999999987,18.76179682405151,11.869872623815317,17.308494864584254,20.543074608220735,22.963707352828568,24.81793516733693
臺北市文山區仙岩路７０號四樓,24.999975010287,121.550227991096,2.5999999999999988,11.310581106299281,8.39872671326802,10.36095271800367,10.69008330947918,13.29400892684797,13.993519591442096
臺北市文山區光輝路４７巷１３號五樓,24.9855500063792,121.556259021888,14.499999999999995,13.670029143687755,9.51582565306411,12.483370513577295,14.447408732677037,16.962810407825664,17.055131015507186
臺北市文山區木新路二段１１１巷１２弄８號五樓,24.983532985199,121.570011964799,14.000000000000009,12.06513933486431,7.614563764890404,12.067630736055285,13.748174352924966,13.75310119317793,15.472518428676146
臺北市文山區秀明路一段７９巷５弄２７號五樓,24.9904359853782,121.564786015807,15.68000000000002,15.396173782917199,10.904797860183264,14.11420473583203,17.2610909245088,19.495450784187373,22.87427621810385
臺北市文山區育英街６１號七樓之１,24.9922220013068,121.538402969734,18.750000000000025,18.873476720658804,13.164166177222635,19.29725786636944,21.325302150784736,24.582977267964193,26.306860164112233
臺北市文山區興隆路三段２０７巷１３弄１０號二樓,24.9952950165585,121.5620580416,14.679999999999975,13.773459610326427,9.161059389696627,13.566792713467255,14.520705999974357,16.18808751126414,17.384205420162104
臺北市文山區興隆路三段２２９巷６弄１號四樓,24.993024987631,121.559469961356,13.000000000000012,16.460618798135517,13.517838686467059,14.8712662597992,16.621702203434474,18.66285183239095,19.083683510002405
臺北市文山區興隆路三段３００號七樓,24.9931419989994,121.558780968915,5.000055999999995,13.51368660230388,11.698449479456855,12.45146640874433,12.867776038713995,14.759272842973756,15.303212775598283
臺北市文山區興隆路二段１５０號四樓,25.001381996554,121.550978003792,4.399999999999997,5.534223038304759,3.9857276238952966,4.479844396892294,5.170072324407162,6.317696695751573,7.666350337303658
臺北市松山區八德路三段１２巷１７弄１５號三樓,25.0467270030858,121.551270029299,16.99999999999998,23.16660892680277,14.655899580652518,21.97836729247108,24.364769039635515,25.808066673167545,28.70072158900745
臺北市松山區八德路三段１５５巷１２弄７號三樓之１,25.0488689984422,121.555360984781,16.99999999999998,18.544392443637975,13.554490397284525,18.23441315144079,18.310926531641414,20.44345739777154,21.686195604565885
臺北市松山區八德路四段４４５號十樓之１３,25.0499200052814,121.570422007502,10.879999999999983,9.498169903386852,8.793216160789473,10.018709293212858,11.04763748739117,11.634358174095222,12.163662427406575
臺北市松山區南京東路五段２９１巷４４弄３１號五樓,25.0535989902232,121.565373000486,19.09999999999998,16.337915803901055,11.696640621277357,13.576918135205503,16.779024267818578,16.793697707764455,20.41126347985523
臺北市松山區南京東路五段３８９巷１５弄１１號,25.0527429883614,121.569604017571,10.499999999999995,8.667307710052103,6.152118979837292,7.635679437080733,9.958362367243607,11.132181593898219,12.434395091662992
臺北市松山區南京東路四段１５８巷６號,25.0508529949239,121.556482986341,9.999999999999998,7.738843093436699,6.111474137340836,7.760375390190696,9.53394352437537,10.67955174115542,15.923306788141915
臺北市松山區南京東路四段１８６號十樓之４,25.0513583817758,121.55747942699,27.520000000000024,23.39891917994781,14.459321090808993,23.368902812843725,24.304605885908064,25.45788973254013,28.75396654103738
臺北市松山區寶清街１０１巷２１號,25.0529587804586,121.568334662154,8.000000000000002,21.04287029206446,10.970512023913614,17.21008379143311,23.50448846842201,27.235443005186596,28.165600370427978
臺北市萬華區大理街１６０巷２４弄６號五樓,25.0324789830635,121.494146018053,14.000000000000009,12.966792864941729,8.08339672513018,12.682706385343062,14.358906646721064,15.56177497543279,18.18765584182086
臺北市萬華區寶興街８０巷２２號,25.0256680161812,121.493807975898,18.679999999999982,12.914946289112157,9.039306256650631,11.730928501556868,15.887922582781705,15.902844853226483,17.24839852240315
臺北市萬華區柳州街４２巷９之２號,25.0386709883058,121.504769996509,7.300000000000003,9.821363339175146,7.601480961603651,8.052231474928217,9.338830853191922,11.56518861474476,13.257097262059114
臺北市萬華區民和街１００號十一樓之３,25.0254829856686,121.497528032166,33.000000000000014,34.935535196358096,22.959584714468352,31.296709486479397,31.976626434342805,36.10172102321411,43.21955700981582
臺北市萬華區環河南路二段１４７號三樓之２,25.0336879887775,121.493044971252,13.700000000000017,12.07303483728555,10.15937835248019,12.333522323056775,14.139419300753072,14.141732056077949,16.217925692374585
臺北市中山區中山北路一段５３巷３號,25.0493139936818,121.522050966286,10.599999999999996,34.68159094197728,19.822016874916326,30.432628196185323,31.802696630324338,41.62567522839064,47.55995337232206
臺北市中山區中山北路一段５３巷８號,25.0491010095221,121.522126990148,8.480000000000004,10.821069062508725,8.306538694050225,9.415613750508191,10.042885596696648,10.216015605259155,11.299732672837743
臺北市中山區中山北路二段１１５巷３弄２１號,25.0612760172511,121.524144011328,9.999999999999998,14.532890577817993,12.488983630054925,12.854315428559538,15.26352254661459,15.567105294652945,17.78112461410667
臺北市中山區大直街１１７號,25.0840649870616,121.548286993778,34.29999999999996,26.438574942962987,21.35222808054993,26.065139871150446,26.504482858814185,32.36206420341206,38.994000085422336
臺北市中山區建國北路一段５０巷２５號,25.047966979932,121.535187001124,32.87999999999995,28.966948784805165,20.360861334606756,25.758366635774937,26.98510121484978,31.792441686996504,33.7497384109475
臺北市中山區復興南路一段３４號,25.0462910183921,121.54368398783,23.299999999999986,18.73164699014114,15.1861763160613,19.988854024732113,20.56979409959406,21.27983727223098,22.841371324578546
臺北市中山區敬業三路１６２巷３６號,25.0778889912543,121.556993025149,31.999999999999957,32.01444398422662,25.549904260449242,27.805813503964895,28.834708993023824,30.411241101488095,31.658629689752793
臺北市中山區新生北路三段６８巷２５號,25.0662389840308,121.526693031903,3.4999999999999996,2.7040562743411036,2.1433164254542914,2.2587611792363167,2.574403580558687,3.0273722345325713,5.740001216070495
臺北市中山區新生北路二段６８巷８號,25.0566901103857,121.526669227298,26.5,26.683656794877916,19.473627803089038,24.432149260855205,27.0271330672373,30.656875462898764,31.501834262637775
臺北市中山區新生北路二段９６號,25.0591359916419,121.527227964963,5.599999999999999,7.0339324108313885,6.617050015012872,6.759872242627955,6.761877036446424,7.866192717568675,8.024954195122582
臺北市中山區林森北路４１６巷１號,25.0597912050131,121.525061829726,6.150000000000001,6.561819877286623,5.898516300288349,6.082164728240811,6.229201297696639,7.483776580652903,8.067358807704519
臺北市中山區林森北路８５巷１１號,25.0497389980823,121.525577987323,8.299999999999997,7.149409648971133,6.293400705722132,7.278908744440458,7.6855327241961575,8.530164658156885,8.585742439358519
臺北市中山區民權東路二段１５２巷５弄１號,25.0614600000258,121.534672016993,22.079999999999966,23.89901309690146,20.101745985413768,23.36134238277068,23.486424959454755,24.831971506396457,25.74625650871329
臺北市中山區民權東路二段２０６號,25.062204899761,121.536509665445,10.8,12.801760080443822,11.4596100459005,13.689163369720154,14.530276201165938,17.00672691631764,17.868068096525146
臺北市中山區通北街１２２號,25.0861013745645,121.536229729936,25.860000000000014,20.333465205022467,16.351516065052696,22.35430700467782,25.88003528644891,29.24650318346222,30.589966183873397
臺北市中山區長安東路二段４９號,25.0486019929166,121.532287030263,24.599999999999977,24.253081564059332,17.12431735327921,21.758719340908137,22.90039583928202,26.7851192527648,28.549427551834146
臺北市中山區長安東路二段６７號,25.0485560181777,121.533981012895,3.3500000000000014,2.641805063649791,2.13001927462136,2.7066776366656513,3.052932901626593,3.2418577456046496,5.965128070481185
臺北市中山區雙城街３巷２０號,25.0632610195611,121.525318986515,35.550000000000026,25.808425815951132,19.66042098156608,26.15522012834562,26.996387793217007,31.427446976985685,33.94314998522116
臺北市中正區中華路二段２９９號,25.0295850052636,121.504591964886,2.900000000000001,6.939686517485796,6.34618052472901,6.879859491695836,6.893653460666901,7.129503370215523,7.204110385641901
臺北市中正區和平西路一段１３６號,25.0269690132826,121.516498961261,19.799999999999986,20.198787417277227,17.691226609250588,20.171772958465663,21.896242564972955,23.010177944602535,25.855627367186692
臺北市中正區廈門街７１巷１２之４號,25.0247480184886,121.518696025721,15.10000000000003,11.821452707401876,6.952211132458544,10.857375856209616,13.05800919662246,18.939953975088937,21.031555003252038
臺北市中正區水源路２１之２號,25.016725992326,121.525226031209,4.799999999999999,20.819693278963925,16.26498483375461,19.026617153094843,20.92547999211388,21.66637020722879,24.308658967326775
臺北市中正區泉州街３４巷１１號,25.0248519959975,121.512420997728,19.799999999999986,17.338628194142526,13.721639306980892,16.059992492535393,16.411519203020692,18.64859512756375,19.902034595493923
臺北市中正區牯嶺街１０３號,25.0256849895351,121.519130040668,26.79999999999998,20.61827016881645,14.134318380159174,16.51481079649998,21.472276829184512,26.815972932100063,30.953929399714326
臺北市信義區信義路六段７６巷８弄１２之１號,25.0342049845654,121.576970034082,14.000000000000009,17.386846312727982,15.087791405888655,16.55508168067862,18.04085107317118,18.571631576935356,18.59536816509805
臺北市信義區吳興街１７９號,25.028619996751,121.562442016584,9.999999999999998,9.112341510049884,8.756639252427483,9.217297669865456,9.85192380333922,9.868660911762978,11.82177263675297
臺北市信義區基隆路一段１４１號,25.0430690148115,121.565851020425,39.449999999999974,26.74902865888538,20.830511574210384,26.74720594893542,28.190340437725194,36.437444940359754,37.8922245537524
臺北市信義區基隆路二段１４９號,25.026883014956,121.555633983368,34.49999999999998,27.232728054388996,21.519654615899466,23.010707107796627,27.098569027595925,32.37921550890163,33.67554965670714
臺北市信義區富陽街８７巷２０號,25.0216299924169,121.557532987351,24.200000000000003,21.729092444325843,17.289383248912817,19.85232172637333,20.720956615549078,21.545873011011924,23.73321648041911
臺北市信義區崇德街２７號,25.0214466789223,121.561035433782,19.699999999999985,15.121715745680811,11.93867897071642,16.260106103183503,17.13543601756914,17.139621816124436,18.66183135935215
臺北市信義區忠孝東路五段７９０巷２２弄１７號,25.0423790165421,121.5820049595,16.29999999999999,17.51683744090974,14.48811960464082,14.53724032772969,19.392773128226374,19.619398918924027,21.96087180092491
臺北市信義區松信路２２６號,25.041374403537,121.571826563017,14.000000000000009,17.256187978751708,12.520220481567026,15.111129487913777,18.647650338496742,19.78637795942572,20.881586584470604
臺北市信義區松德路２５巷５０號,25.0380620011306,121.577423997958,26.79999999999998,22.538257003496998,17.39159652043188,22.20255617161455,25.01367302178075,27.49209229037043,31.399257536178123
臺北市信義區永吉路５３號,25.0458629965064,121.56914703621,22.500000000000004,21.51209399231141,15.484958077453134,18.325651551151307,21.15741856652328,21.586141607905283,22.855171177410124
臺北市信義區福德街２１７號,25.0383950141437,121.584768975892,15.379999999999987,13.884147752669824,10.927666665617238,11.862784800203679,13.346660501499828,15.30660767530415,16.714374030423176
臺北市信義區福德街２５０號,25.0387579924607,121.585328970843,23.500000000000014,18.22019339287725,13.033991866275944,18.452956536222402,22.13440933727756,22.28349500595102,24.47288094312661
臺北市信義區虎林街１２０巷１４號,25.0420480151857,121.576299984742,30.48999999999998,18.314517544867947,12.373690264567719,17.08585200341647,22.12329277259652,24.387140717116917,27.328210322750085
臺北市信義區虎林街７６巷２５號,25.0435790117102,121.576153971989,2.4999999999999996,3.963869879870471,3.1853004166346683,3.7019369597945624,4.258521217556187,4.307633940532234,6.4523363081292375
臺北市內湖區內湖路一段６５９號,25.0802573818156,121.575335227687,17.720000000000027,16.768609374694346,13.317125749706358,16.422245680457625,17.81009765406591,18.205621429823296,18.648263670952737
臺北市內湖區內湖路三段７２巷６１號,25.0883060205208,121.591077028583,1.5599999999999998,2.7844430816013213,2.2875747556176838,2.621153412158715,2.621836714814624,3.0260277077622972,5.580101144071202
臺北市內湖區大湖山莊街２１９巷１６弄１３號,25.0887590204779,121.599034975096,25.099999999999973,22.300799263002762,19.11021380119389,20.459457046336905,23.71359950778772,27.803851052045033,28.275315351134232
臺北市內湖區大湖山莊街２１９巷９２號,25.0902289967473,121.600285974145,16.879999999999985,18.23721164133811,14.384832375454515,14.879017646530771,16.37263867497316,17.169403671073134,18.903692166427852
臺北市內湖區大湖街１６０巷１８弄３之２號,25.0825709966396,121.60088368766,10.300000000000008,14.757759135940491,13.349361183035663,13.744682410578376,14.788612025422754,16.176658566269666,17.238115134369654
臺北市內湖區康寧路一段１７３巷１１號,25.0791570055667,121.595748011766,31.799999999999983,24.072208143909627,18.98291966084672,22.610079043534174,28.569036432421733,28.823202641465357,30.602911645900654
臺北市內湖區康寧路一段７３號,25.0800449843891,121.592694987353,17.400000000000013,18.429541714590744,16.02766505575726,18.281372627087546,19.31919566709538,20.99332400686144,21.435084434378876
臺北市內湖區康寧路三段１８９巷１４１弄１５號,25.0740320165986,121.611495009443,18.679999999999982,19.58615245907075,15.29204563711374,18.560658643881318,19.45742491426392,19.85337335259543,20.23402659716382
臺北市內湖區康寧路三段７５巷２４弄４９號,25.0741380057643,121.610091040661,0.367157,0.626137980454401,0.4285299121597684,0.5232446396827546,0.6239334218935142,2.7745110376705058,6.073166626479202
臺北市內湖區康樂街６１巷８１弄１９號,25.0714340037999,121.620685598636,11.00000000000001,13.522127793071055,11.434307180381705,12.576010431689477,13.500355847360831,14.12085484452363,15.212419463378419
臺北市內湖區康樂街７２巷１７弄１４４號,25.0718520093112,121.61645298899,2.950000000000002,7.753549534958695,6.264230401937622,7.5238071728380955,8.979516162790016,9.697350306062795,11.989259392944415
臺北市內湖區文德路１００號,25.0783039792805,121.582871983565,9.299999999999994,9.009966865380154,9.073610439049299,9.492312638561703,9.670702752576942,9.753932343252584,10.326385125941703
臺北市內湖區文德路５０號,25.0783085055083,121.580939032874,23.799999999999994,21.303408697562684,19.027214551843734,20.260951555114367,21.944657801177083,23.947054265634808,25.810696060278055
臺北市內湖區星雲街１３１號,25.0809669937384,121.595856976507,31.519999999999953,27.914232561649065,21.28122029818459,24.76882108125525,26.296192886891266,33.09103570191622,34.87323721302595
臺北市內湖區星雲街２１０巷３０號,25.0793937693265,121.597914576087,31.57999999999997,23.632423688412295,16.673152353320724,22.330550090728146,23.814984421511408,29.680372817083455,33.8269766114495
臺北市內湖區東湖路１１３巷４９弄１００號,25.0707240146914,121.615309026845,16.09999999999999,15.094451931634994,11.070691494254307,16.027689430447445,17.653153735954746,21.136442711112068,22.45752183085182
臺北市內湖區東湖路１１３巷９５弄１２７號,25.0702009839333,121.61427402944,22.000000000000004,18.43184898963647,11.900670656512835,15.554527279416854,20.082046725739204,22.790522753047124,28.331825611064932
臺北市內湖區江南街６５巷２５之２號,25.0771269924366,121.578063034256,22.680000000000017,24.271751593221435,17.51987730773903,20.915165700530114,24.199486474190945,26.539343448239794,27.423277844092762
臺北市內湖區港墘路１２７巷１６弄１１號,25.0779360137311,121.577532962699,22.079999999999966,21.458788664131717,15.613827700560325,20.6885292648202,23.107952248000768,25.78451291588647,26.066615460223556
臺北市內湖區陽光街１０１號,25.0752639887274,121.585970018798,28.610000000000017,23.764707543764672,20.65331685259948,21.075546901672013,23.900266657754685,24.880009245137387,27.088511670163577
臺北市北投區中山路２８之１２號,25.1374000008858,121.510204990166,2.250000000000001,4.413094915633015,3.0808224117534997,3.555872230801211,3.6568854127148938,4.666403155588043,6.285296995071335
臺北市北投區中山路３號,25.1370449853768,121.505194959,17.849999999999998,13.80993860826654,10.546801727675504,11.354160757780257,13.893438191390425,13.977276902234582,17.08552730464624
臺北市北投區光明路２４０之２號,25.1363300090359,121.507820003437,6.899999999999999,5.074482928482352,3.9761096321313594,5.015303497976337,5.416816530029223,6.271722365042828,7.569812606836116
臺北市北投區公路３２１號,25.1323027,121.5026806,8.999999999999998,14.736487545517415,11.725768744238154,13.176510444631482,13.814797918252346,15.102054413442167,16.951565019379295
臺北市北投區實踐街６巷８號,25.1143169939119,121.507964004533,12.000000000000005,15.505210330119315,11.348895950142031,14.640417588417513,17.033001282149108,18.087359566088402,18.253792763095536
臺北市北投區崇仁路一段７６號,25.1262000180437,121.501465012087,15.699999999999976,11.785364688186592,9.982606288522533,12.969276674129041,13.015534638773092,13.692831914890599,15.10919731154764
臺北市北投區復興三路６３號,25.1454780181616,121.503482033267,15.499999999999986,17.480750509468805,11.303016190107849,15.166903055352307,20.832796334996438,25.788639468246362,26.123543293372375
臺北市北投區文化三路１３０號,25.139692996228,121.498596976278,11.199999999999998,15.13174284009967,9.856706219451548,13.416951110114411,16.39520019422612,20.291811575842978,21.54013188230642
臺北市北投區明德路１８巷１弄７號,25.1070889854371,121.517984988875,18.060000000000002,16.998609840171092,13.615208661979185,16.235778544015176,16.64195356416872,17.797463873851964,18.441663028174784
臺北市北投區永興路一段４４號,25.1393469912649,121.500495980261,13.450000000000026,11.475528088155743,9.194331242516542,10.70038050446248,12.586396729404427,13.278458673638411,14.640186418374979
臺北市北投區泉源路３９之４５號,25.1414413323776,121.50715036469,15.499999999999986,17.260046043442056,13.703903442450276,13.933271798446636,18.66288020503005,21.808112159222194,24.65156990656192
臺北市北投區溫泉路１７６號,25.1411789819324,121.514936993604,11.224999999999989,4.268833160624252,3.0574710337724387,3.060070630989847,3.1998519492028885,3.9525311628558732,5.714670925647084
臺北市北投區溫泉路８９號,25.135706018254,121.507004025163,21.9,30.72517890639219,20.869209490651226,22.995261202901645,24.888815653766816,26.606374049579223,32.791399392572195
臺北市北投區石牌路二段３２４巷９弄２號,25.1215240057192,121.524383985216,5.8799999999999955,9.950305418935828,6.558658689341872,7.62640160031875,8.106253008294685,8.647214738888236,12.095241695228136
臺北市北投區義理街２７號,25.1165075058389,121.515188814854,30.000000000000057,28.72959843478882,20.38008283832067,30.507592712196757,34.593671914937545,34.775664503814525,37.84295616512269
臺北市北投區關渡路６６之１號,25.1192269870635,121.468737032948,18.50000000000003,24.314024723849432,14.793206325608239,20.77896721990547,23.287391333238222,25.538350453987416,27.03310096082616
臺北市南港區東新街８０巷１０弄１６號,25.0453270157079,121.586753978202,21.099999999999998,18.944602505440347,12.982271802181721,18.791557053190154,23.859391239320043,24.739154647373113,24.757807873763067
臺北市南港區舊莊街一段３巷１２弄４２號,25.0420305827608,121.61831472775,22.000000000000004,24.660572071455494,14.930404702483681,23.32571131108776,25.576178203518477,26.17811919408926,26.18613761810017
臺北市士林區基河路４０號,25.0838110153954,121.524231015483,2.1999999999999997,2.6580420536480704,2.3238389961642274,2.7097778754492894,3.2023594014765724,3.534743912696734,6.132058281220654
臺北市士林區大南路３５０巷２７號,25.0894700154147,121.517367996982,8.000000000000002,10.909256285848363,6.777089773906269,10.077964707273544,11.987807267199372,15.449931913136945,16.352549225216837
臺北市士林區延平北路九段２１３號,25.1078470028508,121.471165018841,9.999999999999998,9.04542302640734,5.965370325577152,6.950313481496558,7.688524766381863,7.940702557682553,10.026745213648123
臺北市士林區延平北路八段１８７巷１弄９號,25.1056459988959,121.481527984832,3.0999999999999988,5.549965987526949,3.266462076154733,3.6492617577641684,3.8509228206576944,4.2442653133260295,5.562725281726089
臺北市士林區德行東路３３１巷５４弄８號,25.1129219937664,121.538468013303,14.600000000000009,13.637091343928489,10.344089964170282,12.394919774950257,13.743842339750874,13.762462472063122,15.702789255932876
臺北市士林區德行東路７４巷１５弄２號,25.1064820099187,121.527460981872,4.970000000000002,2.6609303805926894,1.6818231689216505,2.6814266280239525,2.956852720265887,4.631866119238176,6.22974178539353
臺北市士林區文林路５００號,25.096616006967,121.524320031295,26.35000000000004,17.52178788435055,14.974125424101375,16.406255949391014,17.32211800981688,18.84969323651534,20.028661378417397
臺北市士林區社子街１１５巷２０弄１３號,25.0880881848506,121.506496517735,8.000000000000002,8.0810564106663,5.9825475514600015,7.441361737714291,7.578784131427332,8.029750225339859,10.895223186990874
臺北市士林區福壽街２７號,25.0961630070099,121.525524007867,24.480000000000015,13.252118186011863,7.993706358069098,10.240396712868924,11.177095024355859,11.867013615468796,18.521307360728304
臺北市士林區福榮街３５號,25.0965979858751,121.526978016611,22.999999999999968,10.768911206292833,7.3252219850999785,9.473578530448187,11.335872142296463,12.485723970845262,13.96077061204226
臺北市士林區至善路二段１２１號,25.0986310164903,121.547026020264,17.99999999999999,15.08037054426716,9.667729450410626,13.853033217422297,15.704678808296118,17.354888267511328,19.69936600047161
臺北市士林區通河東街一段１３０巷６號,25.0868800073335,121.516369963771,9.999999999999998,14.553117774744045,10.796107761115701,13.000909379177534,14.604913180301898,16.798079576440895,18.678721877192054
臺北市士林區重慶北路四段１９０巷５弄５號,25.0850340188877,121.512016989995,15.000000000000007,13.709683491806539,9.70659679999435,11.257659401891258,14.512883252720526,15.379289396016075,18.84768319309522
臺北市大同區哈密街７０巷３號,25.07308398144,121.517315023354,13.499999999999993,13.063820040471413,10.132527246722905,12.996369815158044,13.736815741840827,13.88256086138606,16.537589772567053
臺北市大同區寧夏路１６５號,25.0615550088983,121.514242972021,19.49999999999998,17.32419123541489,15.314264457036863,16.688581118969825,17.662180606248125,18.680324699842977,20.43177323605145
臺北市大同區寧夏路３２號,25.055941019699,121.515145032441,9.64999999999999,8.946324738778618,6.832003824787056,8.51366774741425,9.76465364870389,10.245062994164636,11.84158546411807
臺北市大同區延平北路二段２４７巷１８之３號,25.0622170116111,121.512002992216,14.000000000000009,15.641090573729755,13.353809832015873,13.440312141392443,14.82681833366921,17.404841605957714,18.849870120834566
臺北市大同區敦煌路８８巷２號,25.0757099897953,121.517170016429,30.680000000000028,30.82173190430658,21.51071997603868,24.743124263681036,32.336856089267165,37.36084197063916,39.30324394008707
臺北市大安區信義路四段２０８號,25.0330300093782,121.551838992886,33.43000000000004,40.39131801869356,27.968050085294152,38.57415826759565,40.16766947854928,43.30033988573754,44.21684231976859
臺北市大安區信義路四段３０巷８弄１３號,25.0327770016309,121.544029992793,17.77999999999998,10.949449935179,8.328379406831164,9.477478175206684,11.053272363977008,13.761919042332476,18.14572986904812
臺北市大安區光復南路２７８號,25.0397139904274,121.557040969635,48.00000000000005,43.68901433516709,35.127255518965555,36.685212237500984,42.42260242097063,47.289490497072705,54.56337721263171
臺北市大安區和平東路一段１４１巷９號,25.0278559862766,121.530637974632,44.64999999999999,32.36217574543221,22.65076111040333,31.228593729005944,34.81574607016095,37.88394058766653,38.254803571610914
臺北市大安區四維路７６巷７號,25.0343409809444,121.547575034922,55.800000000000026,45.46331336264528,27.014668323197164,44.89664569207198,46.317961428235115,55.960430311174754,68.62434043604738
臺北市大安區大安路一段１６９巷１２號,25.0367069826632,121.546966005837,60.00000000000009,48.757032129694856,29.322117176698217,43.708268822934805,53.581400647656785,59.40989259826967,61.00445264480505
臺北市大安區大安路一段１６９巷８號,25.0367100001484,121.546717985322,50.88,48.3619636653368,34.531232754307304,44.52867395051521,48.38361248643515,54.943945871562484,59.884378855678776
臺北市大安區復興南路二段１５１巷３０弄５號,25.0279582035858,121.54552959909,25.200000000000006,22.611306214070993,16.99228447077167,24.134786237209024,25.383259701609322,26.732170188567284,31.64914234897115
臺北市大安區復興南路二段２１８號,25.0263381912496,121.543228096116,67.5799999999999,42.082729797936636,24.029218482092773,49.57667079232976,49.97265372380194,52.28449521087791,56.36240154075829
臺北市大安區忠孝東路三段２１７巷５弄２３之５號,25.0432519917578,121.538581001357,57.999999999999936,41.8183756514513,24.03776476233616,41.21262426928625,48.25577897727535,53.22552149125726,60.48414556659974
臺北市大安區敦化南路二段１０４號,25.02770938679,121.548386738425,48.99999999999995,31.178260721833517,21.703756548908945,31.889787970657864,32.336016381031705,36.844377897187314,41.15505822158655
臺北市大安區文昌街２７８巷５號,25.0319189881123,121.556709968279,28.99999999999995,20.57380912221229,17.709956467926112,21.284370855070037,24.068819594652325,24.21039482514013,28.119473192494365
臺北市大安區溫州街１１巷９之３號,25.0255670142479,121.534177987619,34.06000000000001,34.46062943562186,28.183573056503636,29.755910552836667,31.06392329224972,35.81788306422666,36.769603730498915
臺北市大安區羅斯福路三段２６１之１號,25.0189849990508,121.53034301546,19.49999999999998,24.077593519011188,20.635677452289816,22.40723318562388,24.65172158068909,25.78211737944683,30.642954756554367
臺北市大安區臥龍街１９５巷１號,25.0180720002475,121.552554975055,16.700000000000024,13.231603259781275,10.458388680713028,13.522497803205946,15.56673740224406,16.284475375677044,18.15758588374684
臺北市大安區臥龍街２８９號,25.0172199797897,121.558413003366,33.25000000000001,29.325556646552428,19.104452343164937,22.785921727931743,27.10706747702287,31.250191750776235,31.67136648433122
臺北市大安區青田街６巷１３號,25.0282640173232,121.531068972094,26.35000000000004,18.631202743307096,17.321330955952895,17.34977361800544,21.46206819924534,21.591587864306995,22.53469024513427
臺北市大安區青田街６巷４之２號,25.0279623107184,121.53170557764,35.00000000000001,22.809611130471517,15.503860299441865,21.32313380097818,24.21685123456237,26.833763079984344,28.947146414539276
臺北市文山區和平東路四段６５巷９弄９號,25.006599018819,121.567009986177,16.749999999999982,4.9117678544131955,4.287984944497595,4.38789321358216,5.993577378740736,6.019193253884998,8.249822173088422
臺北市文山區和平東路四段８８巷９號,25.0049819820584,121.567167985051,20.999999999999982,18.315818060026377,12.861911209235533,20.430630825179822,22.054675120156013,22.476003664727507,22.745933872335478
臺北市文山區指南路三段４３號,24.9843769171202,121.579931192836,12.750000000000004,15.537675032213548,12.557732545579519,13.809589205806542,15.438619697115636,15.82739866516392,17.43131194924128
臺北市文山區指南路三段７７巷６號,24.9827729980381,121.580396975195,6.0,8.538722270449489,7.405011904673466,7.414233726127217,8.492480604010689,9.76655828942091,10.2979334938529
臺北市文山區景福街３巷１７號,24.9988540145563,121.539635025682,18.60000000000002,17.956699413914766,11.387079474293268,16.892100878369426,17.460861890990127,20.139632794975412,21.914146655621852
臺北市文山區木新路二段７９巷６弄７號,24.9846170167367,121.57082903272,15.379999999999987,13.111018892059622,9.061494820156769,11.432337802667643,13.208693219106513,13.496215736616268,15.155313430698158
臺北市文山區羅斯福路五段２３６巷１８號,25.0017570029021,121.537598977581,19.979999999999983,19.339397527140378,13.415732247721433,17.423812304489317,17.505437068053727,19.798444634776754,21.9677552411893
臺北市文山區羅斯福路六段２３２巷１３號,24.9929169868086,121.539818002628,8.179999999999996,6.939615638909746,4.762954353142866,5.4223435249733285,6.152003825352715,8.420838077997491,10.41017162035535
臺北市文山區興隆路三段２５５巷２９號,24.9927029968205,121.560519962367,16.99999999999998,15.24952746075312,14.242579414115927,15.730298350564311,17.75046616753103,18.018102712514864,19.0933386544105
臺北市文山區興隆路二段２０３巷９２號,25.0025889906113,121.546962988352,6.0,14.212722444967065,10.69356148876629,13.668171694227842,14.05784715178723,17.18947866192384,18.541016520422613
臺北市文山區興隆路二段２１７巷３號,25.0019839848401,121.549100960395,13.799999999999985,13.897175437149299,10.219616387583686,13.1107420044877,15.41566078184126,16.481426938895865,16.57011317820534
臺北市文山區興隆路二段３０１巷２２號,25.0029077962986,121.55408509148,16.29999999999999,15.192409729487084,12.508847751639188,14.715852655956326,15.213595383978173,15.366072567658534,17.98756667253571
臺北市文山區萬美街二段５１號,25.0050849118294,121.564542940615,19.200000000000028,27.407027648752457,16.906028250329957,22.227982105269028,24.558298890731283,27.550622848253326,29.46590707961804
臺北市松山區三民路１６６巷５號,25.0620549894227,121.563520013151,36.079999999999984,24.218624797571042,16.645500556001085,21.24488679495838,23.38824271347569,31.258679588320916,36.79113532055236
臺北市松山區八德路三段１２巷５３弄１８號,25.0456710090142,121.551368013747,15.599999999999984,15.318859854108645,9.576941237274742,13.5444759205254,13.679683892070189,22.60974616359215,28.30805930623021
臺北市松山區八德路四段６３６號,25.0498319952981,121.574493014056,15.764999999999974,13.833139401841686,9.926909058739998,14.202610135529103,14.933353456056135,15.044720526456835,16.342666181645107
臺北市松山區八德路四段６３８號,25.0498130102874,121.57467096186,19.49999999999998,18.864863007013085,13.353789056086333,16.507894738536777,20.619535785917925,22.74305595638052,23.643855023130982
臺北市松山區南京東路三段３０３巷８弄６號,25.0527429883614,121.547229029959,16.500000000000014,21.17655584869093,17.11543965052173,17.568285500375755,20.446226698618993,21.217240629402607,23.13909140494526
臺北市松山區南京東路五段２９１巷４４弄３５號,25.0534629938442,121.56522899939,28.199999999999964,23.402165402881355,20.20806668861762,20.97941675316806,21.883544866401913,25.939829699123248,26.13957563830529
臺北市松山區敦化北路２２２巷１９號,25.0595920090841,121.548176017379,48.67999999999991,37.43325816741052,24.896092758604677,33.185420245672134,40.73682556086594,41.66093155056416,51.14467310588627
臺北市松山區敦化北路４巷３１號,25.050086595607,121.545517277692,9.999999999999998,6.564340197938654,4.630076782375195,7.1696947979497,7.835937758957217,8.033445048530604,9.486710858037357
臺北市松山區民權東路三段１０６巷３弄４４號,25.0611370033869,121.548668035096,15.000000000000007,31.091532294556945,21.098290588701182,26.640351260092768,33.44968098697102,41.322097119317206,48.83854627525814
臺北市萬華區中華路二段３６４巷１５號,25.0283724791503,121.503804987997,32.87999999999995,34.54389116957973,18.07454452987275,28.979294373384246,34.11761458337463,34.94138220361536,42.8947370616587
臺北市萬華區中華路二段５０４巷１６號,25.0256139948152,121.507575000407,10.379999999999999,8.438705061836941,7.0352049548078925,8.80806026442685,9.484309605615568,9.615442073442672,9.75013442146605
臺北市萬華區東園街６６巷２４弄８號,25.0248229946125,121.49550195853,20.000000000000014,17.26799485038836,14.484669875698453,18.62812732118134,18.701159075570736,20.86516706276698,23.121286993991845
臺北市萬華區柳州街１７號,25.0388770993049,121.505557560132,16.379999999999992,21.434451608809592,18.922044880047615,21.74664099408759,23.407503126367907,23.820596721839934,27.396256147571066
臺北市萬華區柳州街７號,25.0390840065848,121.505533001155,36.22000000000003,38.401969233393615,30.28076132969857,34.11084564376917,34.428982171655534,39.29561317479377,47.35210615056701
臺北市萬華區水源路２０５之２號,25.0195569801235,121.503229989439,4.300000000000002,6.139370563182084,5.213972803556704,5.297548035909283,6.08490375164295,9.359139147304528,10.056726512496267
臺北市萬華區漢中街８號,25.0457300176126,121.507750014545,12.45,11.773794858300027,8.505772990179121,11.67053249750861,12.316072869858122,13.321100934418114,16.921472888539796
臺北市萬華區萬大路２７７巷１４弄１６號,25.0248760101501,121.500929995208,28.99999999999995,30.508205398588988,21.300104728072654,29.425029153248328,33.079297705878936,33.626164632234044,36.39675305716458
臺北市萬華區長泰街７３巷６弄２０號,25.0222629937447,121.499845041661,11.879999999999999,12.611242127674329,10.985824618876903,11.163621925672537,14.31299621317129,14.426731093115318,15.664195397520471
臺北市萬華區雙園街４０巷６號,25.0295619969394,121.494015008907,10.8,11.855623136215014,11.091269059704462,11.722900310219005,12.43016399323698,13.748423987927039,15.303830462705573
臺北市萬華區青年路１６８巷２弄４８號,25.0201999978256,121.501607001527,5.500000000000002,5.839927484505776,4.4736641859607005,4.9779872848432145,5.426918004267745,6.403036894142528,7.872073976592149
臺北市中山區中山北路二段６２巷９之１號,25.0567450118515,121.522014002093,15.88,18.70750004427569,13.644931874378786,16.409463030081714,18.749474951376875,24.898369260023703,29.340508392894186
臺北市中山區中山北路二段７７巷１２號七樓,25.0573860178969,121.524161026592,26.839999999999964,20.474271749469402,15.559334488886785,19.287453727463795,23.940145664028453,24.292292095602246,25.267036218671326
臺北市中山區中山北路二段７７巷１２號九樓之１,25.0573860178969,121.524161026592,16.60000000000002,15.764915621284585,11.423730783110232,15.148146421458673,15.93248873179312,16.338452247661383,17.052978867015327
臺北市中山區中山北路二段７７巷１２號二樓,25.0573860178969,121.524161026592,25.61000000000001,21.696802077489558,18.130253619128165,21.60287373734296,26.33791519056714,26.606351213594213,27.603286584614192
臺北市中山區中山北路二段７７巷２９號八樓之２,25.0575599842973,121.524474006856,6.699999999999997,7.468875413884203,6.792059496450939,7.115088534244315,7.6415248289986835,8.789295842765064,8.861773877222175
臺北市中山區伊通街８７巷１０號,25.0527820061207,121.535706008568,22.999999999999968,20.383465037034902,12.610735697747328,16.4288911683578,24.16895896856579,26.974339810398785,28.573903935569763
臺北市中山區南京東路一段１３２巷１８號九樓之３,25.050979980757,121.526923031326,24.99999999999996,22.426613421077697,18.04928527502575,22.341425453838614,23.781842384401283,27.25387820469177,30.37612137049994
臺北市中山區南京東路二段１０８號六樓之２１,25.0518390001039,121.532169013066,35.00000000000001,32.323354174620555,27.298596474148386,28.473164122874266,32.224422224086396,33.932133479940816,36.64764732615538
臺北市中山區吉林路４４７巷１２號三樓,25.067302018901,121.531064026771,19.000000000000014,14.668027588212254,12.79579155399997,15.272587576213347,17.23027654079751,18.428558991015954,19.11359557845283
臺北市中山區天祥路１６號六樓,25.0609372207247,121.520943297782,26.60000000000002,23.866558111801254,19.870429153382354,20.4156163028758,22.479866821564972,26.9631598132717,28.208531116019824
臺北市中山區天祥路８０號八樓之３,25.0639659795277,121.520528980308,15.300000000000015,12.314484389752046,11.010536229687654,11.600551792503126,13.772454489173148,15.687729907409556,15.69981471577045
臺北市中山區天祥路８２號八樓,25.0640990003311,121.5204950336,17.49999999999999,13.367101830904474,9.785848752787508,12.340642871142155,15.553641868668594,15.579349087031451,16.84071204547464
臺北市中山區安東街１６巷１８弄４號三樓,25.0451629818627,121.540720985057,22.700000000000042,20.23980903081014,17.29081281448873,18.12981061917889,18.491599462991573,24.46947816598066,25.50339020609508
臺北市中山區建國北路二段３５號十二樓之７,25.0552930147645,121.53726495874,12.600000000000014,11.904979705891519,8.906583928063585,11.004327616963721,12.110606426265111,14.686093208812256,15.407354071285864
臺北市中山區復興北路３５６之１號八樓,25.0603680056801,121.543958998073,39.99999999999998,28.957022797144322,24.661364260070265,31.326978722527013,31.99060625238986,32.3187009375874,37.509788069798276
臺北市中山區新生北路三段４３號三樓之１２,25.0654069963216,121.528041009571,12.029999999999996,12.444527819581445,8.794478235141217,11.036729918081084,11.218168610988222,12.300566309358906,14.09734487768328
臺北市中山區新生北路二段６８巷１５號二樓之３,25.0565090193676,121.526131025295,10.549999999999999,13.489096041626853,11.451564176674195,12.686603435976878,12.905113546463454,14.058658410250812,14.469152652860846
臺北市中山區林森北路１１９巷８１號二樓之３,25.0503499969143,121.5277390096,10.199999999999985,8.183244981437465,8.423018431553839,8.499741172252483,9.210111263553243,9.625384645079702,9.734272321476046
臺北市中山區林森北路４１３號十三樓之１１,25.0597619940805,121.52570899647,10.499999999999995,11.309420165665314,8.263658980750286,9.82309500148304,10.99850650299842,11.840595512397568,13.75613950675457
臺北市中山區林森北路８５巷９０號三樓之８,25.0490060006497,121.52798401263,9.400000000000015,7.54464770983005,6.816332582641168,7.2201150204596285,8.215356949481448,8.494048161007804,9.3269474712222
臺北市中山區民權東路一段７２號十一樓,25.0625157845498,121.52518269677,9.750000000000005,8.981376974277591,7.155991188637433,8.221700888871018,10.344559079975012,11.436126383553871,12.255804710019246
臺北市中山區民生東路二段１４７巷１１弄２４號三樓,25.0598399876896,121.535878005221,21.500000000000007,17.38949596141969,15.280102966055324,16.747721485729315,19.136985585930276,20.796866986263822,20.958567777675192
臺北市中山區民生東路二段８３號四樓之５６,25.0581229967336,121.530731013758,11.230000000000016,9.003285457986257,7.303673473619007,8.81259488051496,10.367456522423588,11.533830392592511,12.228672363132036
臺北市中山區遼寧街２２３號四樓之１,25.0555600202901,121.542299967977,25.599999999999966,18.2615914592679,12.61558362185746,16.20882022472391,18.381038208267896,19.980650187536106,22.977156498085627
臺北市中山區長安東路一段５６巷１弄１２號六樓,25.0474910135602,121.529266024721,32.80000000000005,26.896407152587486,19.532137727490966,23.667607431186482,26.746117917569034,28.222750497099106,30.694927845773414
臺北市中山區雙城街１９巷８號七樓之１５,25.0653279968842,121.524851024861,8.800000000000006,10.68197880291869,9.39846822917009,9.75338995321957,10.945402045624414,10.95809329414796,11.33309192448517
臺北市中山區龍江路３７７巷１８號二樓,25.0647009886171,121.542058988261,24.599999999999977,20.913528373777822,18.149509996262708,18.417628836835767,21.925891330455393,24.843281396655993,24.846076880199934
臺北市中正區信義路二段２５９號十三樓之３,25.0338819879265,121.531611029772,30.499999999999947,22.983605091372876,16.495227232234065,25.46825191489104,28.73433861150094,29.023985875023307,30.670374241882907
臺北市中正區和平西路一段１０１號三樓,25.0270651956215,121.517344527653,68.99999999999996,45.022606438565035,30.63089558424132,53.93219585593121,59.355043635005366,69.98264277474568,74.84981941575221
臺北市中正區和平西路二段９號四樓,25.02809202067,121.514225034748,34.4,38.735057482709756,27.707223952314035,35.1537368172546,42.33162387811644,42.842325363892705,50.554287917559115
臺北市中正區廈門街１２３巷１２號,25.0229190033967,121.51823300939,22.100000000000016,24.547397292617873,15.749771981003908,19.82855095513448,25.291757113328185,28.30644024630455,30.281037723096542
臺北市中正區廈門街８１巷６號六樓,25.0244430010321,121.517800000272,19.380000000000006,23.750262204095225,16.707074874558625,22.154397368908516,23.715247595671503,27.224615179474103,28.204913916184843
臺北市中正區愛國東路７４巷２５號五樓之５,25.0331259821696,121.519005988501,15.900000000000025,15.66260167626181,11.70541608232655,15.276248657166018,15.661515560229407,17.326510261754883,19.784772472868774
臺北市中正區晉江街１７３號二樓之２,25.0211759866314,121.526798979159,13.499999999999993,13.992729987291781,12.693154882677996,13.75815534208164,13.771722702610704,14.169854115817625,14.477192623071213
臺北市中正區水源路３７之２號十二樓之１,25.0186032033612,121.523945192585,46.99999999999997,51.39521061225876,33.372611885041955,47.78072145516159,56.59353602007173,59.330112927757526,63.852753809862236
臺北市中正區汀州路一段１９８巷４號四樓,25.0279900129083,121.508982992502,1.4686020000000009,2.2298909572699728,1.3992182047036434,1.8363386957858343,2.176202056736712,2.2996285793886124,5.100507565639594
臺北市中正區青島東路９號四樓之５,25.0437938817981,121.522657396981,11.050000000000013,9.931361662505495,9.914976727270666,10.580222165657698,11.549249089816067,12.489383886600187,13.411275329066475
臺北市信義區信義路五段９１巷１２弄１號二樓之７,25.0337265874416,121.571400929974,16.679999999999996,22.307908488563996,17.408414295571887,20.083362293053796,21.23553190062157,24.445716340468334,26.555033139998756
臺北市信義區吳興街１５６巷２２弄１７號,25.0287839886866,121.560261967387,25.25,20.595585811060904,15.367369030261552,19.613849031858642,21.30934811739916,23.304703793206464,25.682781981876058
臺北市信義區吳興街６００巷１００弄１８號二樓,25.0175650208339,121.572149014833,14.800000000000004,16.137376658548533,14.41996093682455,15.071243233956938,15.423882290339787,15.921530746237648,16.9887156409179
臺北市信義區吳興街６００巷５６號二樓,25.0202999939305,121.569823958711,17.49999999999999,15.37508370844156,12.597571587104557,14.761371396828107,16.392679487531666,17.08296469918282,17.692716468774464
臺北市信義區吳興街６００巷７６弄３號七樓,25.0186360185121,121.570698023574,33.87999999999999,24.390332970484188,19.816252210178067,25.493060073045125,25.87700501489539,26.78130182454552,30.892311441962285
臺北市信義區和平東路三段３４１巷２５號四樓,25.0211170199426,121.557529969866,20.899999999999967,16.98609347132056,14.701805909171826,15.795471906752406,16.485963133085225,17.52100065575156,18.696811496664875
臺北市信義區和平東路三段４３５巷７弄２３號三樓,25.0194229954013,121.559352027978,17.199999999999985,14.82589211773469,13.1425227734486,14.332591863137141,16.504748015697167,18.55412991088963,18.705590918802848
臺北市信義區大道路５５號四樓,25.0414590188495,121.582306037462,14.000000000000009,15.809367905643064,14.783171155197346,15.77567825401132,17.255886148396044,18.139273738388592,20.274244968527356
臺北市信義區富陽街４４巷１１號五樓,25.0229299836899,121.555985017473,24.18000000000001,24.398046786967,23.52060959291511,23.552059342156735,25.86811928009968,26.99464365100622,28.282477553208604
臺北市信義區松德路２３７號四樓,25.0345850200553,121.5750120215,13.05,24.991517646578867,20.329873070320033,25.174049605965397,25.806745550666143,27.171798558582502,29.610084376266904
臺北市信義區林口街２２４號二樓,25.0421850173931,121.581215970954,22.999999999999968,19.071931724915434,16.920947233102783,19.16692448891462,23.323916489532532,23.351945006021406,26.00232867432354
臺北市信義區永吉路１２０巷４３弄７號五樓之１,25.044377010802,121.570654018582,16.40000000000001,14.938463718882414,11.79879801110285,15.21269124461506,16.859959539924976,18.070317229243898,18.253826891671288
臺北市信義區永吉路３０巷１４５號三樓之１,25.0426070043084,121.5689730279,25.500000000000018,19.38808734585006,16.628903275939464,16.96581994628659,17.544834884023352,21.832849671681142,24.350072554866664
臺北市內湖區內湖路一段２８５巷６９弄１３０號三樓,25.0852340949165,121.569009824455,19.299999999999986,15.750948151885021,12.342551664710404,15.509069107039192,17.27741273521573,18.955947732530465,20.045839146766415
臺北市內湖區內湖路一段４１１巷７４弄１５號二樓之３,25.0842299848256,121.571279979111,43.88000000000004,43.12104044032606,29.81236406938234,35.53896872495579,40.744762118338464,49.6392874550569,51.000554608242574
臺北市內湖區安康路４３４巷２０弄５８號五樓,25.0667410181215,121.616084017612,33.5,39.57611117213115,30.735382213077855,35.0120003394837,37.71195041241968,44.89508598176635,48.68566330245095
臺北市內湖區安泰街８９號二樓之１,25.0766892056338,121.616863199331,26.2,32.70151821784405,22.193410141257036,26.643277636912376,26.914020397138156,28.623330932643317,35.7028056106928
臺北市內湖區康寧路一段１９５巷２弄２號三樓,25.0786589947895,121.596701034157,21.500000000000007,19.305688414685857,18.98934872368189,19.16067118702648,19.755163082408668,20.721305995959522,22.492063659329144
臺北市內湖區康寧路三段１８９巷１５７弄２６號三樓,25.0747979968203,121.611627024418,15.000000000000007,17.44328103792272,13.24486320082242,15.704801618388748,17.64322309296446,19.205987476803735,20.081542368692595
臺北市內湖區康寧路三段５２號三樓,25.0717570004388,121.608830989156,22.000000000000004,20.68821155209432,15.92864123869828,18.893984879747574,20.6447225896939,20.667787800725478,23.674203831418644
臺北市內湖區康樂街２０巷１４弄５號三樓,25.0684600207342,121.617156985038,17.199999999999985,17.19415924295294,14.299007608034971,16.506291249891078,18.0515319836147,21.412024138732665,22.359857333957915
臺北市內湖區成功路三段８８號二樓,25.0786120142222,121.589377010981,18.099999999999977,18.025793668084365,16.106223875302554,16.52936975538728,17.5141931568109,19.590341900579013,23.288921137142022
臺北市內湖區成功路二段２５０巷１２弄７號,25.0657400093347,121.589636011789,4.000000000000001,5.841978372457419,4.5324084161264695,4.732315847068264,6.510670566121913,7.634805466427183,10.460197797324684
臺北市內湖區成功路二段３１２巷１９號五樓,25.0672669825457,121.589564011241,17.8,16.892951208718696,14.851898447915701,15.7151024434272,18.253641827133517,19.647888469947013,21.504823126553376
臺北市內湖區成功路二段４２６巷６６之１號四樓,25.0700120139262,121.58795996643,5.500000000000002,8.90500127874153,7.234280384055351,7.490557342103353,7.741256902492034,9.375988093777577,10.651325218313703
臺北市內湖區成功路五段４２０巷１１號十二樓,25.0753059820623,121.607786017287,22.06000000000004,20.71058737126216,17.295971385112896,17.76746600758348,17.77054609383958,20.695196133576836,21.02316929645157
臺北市內湖區文德路２１０巷３０弄１０２號四樓,25.076408705244,121.584603684761,32.49999999999996,35.77096799851622,28.079475445212083,32.08903661860749,33.1589901595709,35.7060322949561,37.65860217134187
臺北市內湖區星雲街１３１號六樓之３,25.0809669937384,121.595856976507,22.000000000000004,24.74379141383992,20.01084759985833,22.315500865575977,24.883328024192924,31.840732432455003,31.888352878782964
臺北市內湖區東湖路１１３巷４９弄２９之１號,25.0698419870203,121.615149016313,33.000000000000014,33.027987967118385,29.100916598361284,31.422919652063722,33.7636126518096,38.02198009546961,42.85662445562382
臺北市內湖區東湖路１１３巷９５弄１０４號四樓,25.0736599858262,121.615119009099,27.999999999999986,36.11528091340243,23.98117709863656,38.3431005854144,43.99255836045421,44.126305327362275,49.422049771847455
臺北市內湖區民權東路六段１９１巷５６號二樓,25.069326583794,121.598533904924,24.899999999999977,20.77683574312388,19.104124679731033,20.83074753878254,21.979070999492937,23.89719420082193,23.977947816630614
臺北市北投區中和街３９８巷５弄２號七樓之８,25.1438606880344,121.498676101444,7.58,9.932503029453539,8.50572236524114,8.663425119886012,9.434191505915564,11.889124954839646,13.546219563902119
臺北市北投區中央北路四段１３８巷７號三樓,25.1338879834553,121.475742040889,15.130000000000011,13.815718280511092,10.33782987116209,11.869212097281482,11.99866563445438,13.798514882113201,15.021979819359167
臺北市北投區中山路４７號七樓之１,25.1387629821611,121.511685988638,3.360000000000003,4.395101507199006,3.2178372490334657,3.446571954002759,3.447377105268628,4.24591194319291,5.920570873811554
臺北市北投區光明路２４６號四樓之１,25.1364960126283,121.508296011718,23.799999999999994,17.68769597267703,17.42374732934427,17.471670384381678,18.770665064731574,18.9606016118818,23.98166048537604
臺北市北投區大業路２８０巷３５弄３之１號二樓,25.128005018983,121.499717972008,11.00000000000001,11.99175678360195,10.056822501647513,11.023193985329414,11.499305024043993,14.216034738120507,15.316902785776627
臺北市北投區奇岩路７９號,25.1321540191454,121.506851977439,31.50000000000002,20.580609284405096,17.85330431151036,28.87891953536077,30.000848079841894,36.3300243956826,38.516972669559294
臺北市北投區懷德街７５巷１１號四樓,25.1133840042694,121.519328021221,26.680000000000007,25.139730543134498,22.22650162925342,26.86289704585045,27.487377766701645,31.888259102265096,34.730907520820374
臺北市北投區新興路１５８巷１５號四樓,25.1389060193388,121.486065025202,13.000000000000012,11.306300665091545,8.202308718238964,9.45087777064043,11.078710312078353,11.42602395435683,13.878100960049531
臺北市北投區泉源路４８號三樓,25.1409419836201,121.509109978336,8.999999999999998,7.104412497168342,6.350550087305731,6.780401699845916,6.884197200184371,8.725065780339325,8.984257899289688
臺北市北投區溫泉路１３９號六樓之２０,25.1399579900969,121.51205898333,6.3000000000000025,9.060177323848963,7.012343277889371,7.527770360756611,8.11588147138435,8.341113697708543,12.777922635388444
臺北市北投區溫泉路１３９號四樓之１９,25.1399579900969,121.51205898333,6.800000000000001,7.728048922153895,5.585294350705017,6.1395126131885105,6.630025155302706,7.292284569035509,10.271561819467191
臺北市北投區石牌路二段３１５巷２號三樓之１,25.1219824601861,121.522974873173,10.879999999999983,8.305314170010423,8.418399012615781,8.84152765966099,8.974083613339774,9.189395160689225,10.411522756033351
臺北市北投區稻香路２５３號二樓,25.1439814538736,121.488132465533,27.45000000000001,22.460458840506714,15.284635627468587,25.209649350545316,27.451538592858572,28.041365928632267,30.10258353939974
臺北市北投區立農街一段２２巷２弄２號三樓,25.1192850883425,121.503212712482,16.200000000000024,11.513961166335953,10.020635867547087,10.666625531851794,11.705454283812795,11.956245398003654,15.740554365559602
臺北市北投區自強街１７５號五樓之２,25.1113309828152,121.517178985065,13.499999999999993,17.0365088891366,13.917013009541494,16.439714537371085,18.40718316159281,22.037420496493166,22.19998797416187
臺北市北投區自強街５巷６１號,25.1110369875613,121.511890004162,28.99999999999995,20.170448776437286,19.516198864908624,25.793972468959215,25.864056483716816,38.9234596431717,38.958064219780866
臺北市北投區行義路１７巷３號,25.125066994282,121.526150974224,24.500000000000004,20.28114259699176,15.044430055636594,18.264972535801267,20.445123702806807,25.409902951463827,28.38169019803638
臺北市北投區行義路１８６巷５２號四樓,25.133369981839,121.530513000456,10.499999999999995,10.067298302644199,8.63111472988308,8.717829395015245,9.686405677206803,10.499603605082727,13.716225644612123
臺北市南港區三重路４１巷３７號七樓之１,25.0604011141976,121.612809710956,54.879999999999974,39.403827450787524,23.315717831116615,37.97536671329916,46.81812367548113,52.78305746594043,59.82628915464905
臺北市南港區市民大道八段５２９號三樓,25.0543576327452,121.613894307124,21.81999999999997,19.983069376164075,15.954883474921928,20.97882375765849,21.027304854570566,24.63254808903189,26.801965156731015
臺北市南港區成福路７４巷８號二樓之６,25.0439833966289,121.586269001284,37.999999999999964,38.36670007501137,27.66622161440007,36.62637794031607,38.86522968585783,43.385238509272526,47.462417755312956
臺北市南港區東新街１８０巷６號,25.0463049313177,121.593413372501,42.00000000000002,39.69393598566717,26.343190994423882,39.554171339386514,40.87802770648028,42.684491069829086,44.5067896409709
臺北市南港區研究院路二段２巷５４弄１號四樓,25.04867701095,121.612923034287,16.79999999999998,19.68288398338673,14.264355298191155,17.415736847465183,19.792407137083526,20.861090432297225,23.214036118953935
臺北市南港區福德街３５３號二樓,25.0395179796217,121.58896596245,16.99999999999998,12.944565629108814,10.985667062800916,11.819037922913417,13.157736874550912,14.576051921264668,16.510625821123128
臺北市南港區福德街３８１號十六樓,25.0407532206926,121.591060935329,14.000000000000009,16.377825068943594,11.12369480508367,16.688600340835677,18.158772587222618,19.234555893036354,20.122327456836956
臺北市南港區重陽路１２５巷３６弄１０號五樓之６,25.0575239840232,121.597146029397,15.699999999999976,18.218015787555377,12.087194993784497,14.97922508637711,18.746035225655593,19.12442806673533,20.192262747560857
臺北市南港區重陽路３３２號十樓,25.0579429953629,121.606409960243,11.44000000000001,11.79667230630635,9.087836063472508,12.072597307033718,13.07814546578957,16.17068168796635,16.9299421425307
臺北市士林區中山北路七段１４巷１５號七樓之４,25.1188549982006,121.53192803335,28.500000000000025,20.23832905396682,16.667863365047864,19.741642021810677,23.419153289874636,26.7109837255255,27.291654520581126
臺北市士林區中山北路六段４４１巷３０號六樓之３,25.1166099892541,121.526995031874,60.89999999999994,55.647436281745705,27.205584292126755,56.0031813900656,61.21803379395123,65.02631779206234,68.06311529690882
臺北市士林區中山北路六段４４１巷３０號四樓之３,25.1166099892541,121.526995031874,61.17000000000002,55.74117351178196,28.880584757900884,56.359595791785246,60.887779370508476,64.79322844849911,66.6058761372421
臺北市士林區中正路６３４號四樓,25.0867389818126,121.508321995618,10.750000000000007,13.292462595344327,9.638439033003662,11.354109722581772,11.7772691993137,13.231190341256037,14.717675403695388
臺北市士林區中社路二段１７巷１５號,25.1082629967054,121.562801013497,16.99999999999998,16.3642687721629,10.67849218574252,13.860571600988061,15.183401072919843,21.38966936049525,23.995844584024397
臺北市士林區德行東路２９號二樓,25.1069790148674,121.526065981726,17.99999999999999,17.356995737650777,13.686002403703128,16.878896015648817,17.2435624357953,18.532798665199987,20.16584790716844
臺北市士林區承德路四段４０巷２號二樓之５,25.0807840167921,121.522127995976,2.7,3.7181100601991806,2.2459353449184363,2.8470970951035284,3.5973591218499883,3.808160066853409,6.515000247495941
臺北市士林區海光里３１鄰延平北路五段３３號,25.0797589938528,121.510867998708,29.399999999999988,13.243649851742848,10.363284443703114,11.93061472867464,14.548383403463014,16.871113971184332,18.635197441257596
臺北市士林區社中街２９８巷４弄２７之１號二樓,25.0925620156771,121.507007964657,10.8,12.319244515964279,9.160200281696223,9.83984655555955,12.131618387111972,12.961701497665686,13.436254398335324
臺北市士林區福華路１５８號七樓之１,25.1037560054584,121.522679022291,43.000000000000014,36.34744240835827,24.960709301920676,27.040863363178882,32.652610686541244,42.288587304774886,43.31684594682983
臺北市士林區重慶北路四段２２０巷２１弄３１號四樓,25.0866640056887,121.511677020002,3.200000000000002,8.336009197551974,6.9239012937461695,8.034732556349422,8.44869822501097,8.685154802236578,10.809974424557234
臺北市士林區雨農路１７之３號五樓,25.0976479868859,121.53206398782,37.5,37.96718737985399,25.43948492912268,34.10894769349994,34.57432436790548,47.36612220802615,54.28213479253763
臺北市士林區雨農路３２巷１６號二樓,25.0978450035201,121.533112983002,42.00000000000002,40.016742922238606,26.097854884826035,43.19869690882456,44.30371835246071,50.92557954216135,61.81582027734889
臺北市大同區延平北路二段２７２巷４０號四樓,25.0620466913386,121.509982785913,14.000000000000009,14.97223849085753,11.820690114423073,13.170225578280316,15.071983404726442,17.869985958185346,18.896470685322793
臺北市大同區昌吉街１１０巷１２號三樓,25.0654450082525,121.514672041645,12.499999999999986,16.623898978767834,13.731943076565155,16.300535159877214,17.163599327101696,20.245486953758014,20.429084617586625
臺北市大同區昌吉街１１０巷１２號二樓,25.0654450082525,121.514672041645,12.499999999999986,16.623898978767834,13.663797941273046,16.222471999550205,17.15979767945208,20.177304340469355,20.639298974276826
臺北市大同區民權西路１５３號五樓之１,25.0631450140211,121.516434001511,15.499999999999986,14.190790536666151,11.943081998185209,14.166949963092744,14.416341788354128,15.013556739093662,16.099133015288828
臺北市大同區民權西路１５３號十樓之１,25.0631450140211,121.516434001511,14.899999999999997,15.013595267837857,12.8897167249667,14.280874029087407,14.84837187492873,15.141065838488448,16.308113649309547
臺北市大同區民權西路１５３號十樓之６,25.0631450140211,121.516434001511,27.79999999999995,21.926553987241665,19.68463594418314,21.59090950840809,23.390529456288117,26.78012606253778,27.86925212909266
臺北市大同區民權西路２６８號四樓之１,25.0627309899138,121.512017995823,11.29999999999999,11.751976058475424,10.41604077278941,12.061352318537939,12.90714303380974,13.819833336329863,14.729488322024068
臺北市大同區迪化街二段２７０號二樓之２,25.0706890202457,121.511582975048,11.00000000000001,11.296627872839636,9.572917645059327,10.323939622414006,10.658585214438151,11.31855501716848,12.577750089380046
臺北市大同區重慶北路三段８８號六樓之１,25.066426990119,121.513462030102,29.20000000000002,28.298206791488123,22.265436257837884,27.05942166223372,29.071986956583068,30.34729210546818,31.928974479861132
臺北市大安區仁愛路四段３００巷１９弄２號六樓,25.0361479935405,121.554552969315,42.18000000000002,38.9485930865213,31.954176193645058,39.09441367306356,43.87420692598842,47.13842984956456,48.39480634991443
臺北市大安區仁愛路四段４１３之１號五樓,25.0380016095182,121.556185177321,22.8,42.111678924261604,33.337244713049685,44.167545681153534,46.64802243204964,47.50409925383367,48.969920933972226
臺北市大安區信義路四段６０之３８號五樓,25.0331901791885,121.545718535539,11.199999999999998,9.895510727257841,8.180146626762392,8.590335074787115,9.329870420667527,9.33063795805587,12.767905876802017
臺北市大安區光復南路３０８巷２５號五樓,25.0387830124417,121.556471000219,49.979999999999954,49.29711708107833,36.53991950836743,47.93938774259832,49.832632353257424,50.56885455626596,63.66490866599118
臺北市大安區光復南路６２０號十二樓,25.0320310122483,121.55726996323,52.679999999999964,36.92187961527086,30.853605068282242,34.34191208775692,37.395253067529104,45.2588036540762,48.162368360234304
臺北市大安區和平東路三段１巷７２弄７號九樓,25.0279320101384,121.546254968991,23.720000000000024,24.32906493490603,17.056833543590628,22.882704872826082,26.867419544573114,32.61320808408876,34.13329502938504
臺北市大安區和平東路三段４０６巷３號,25.0185679993679,121.558053000624,39.000000000000014,22.234797768050417,13.647073848411036,17.411387554307616,22.087203218336043,28.485951932132153,29.81521259498088
臺北市大安區和平東路二段１１８巷４弄２９號四樓,25.0241159810797,121.541646011892,36.66,36.22410706085544,26.376460029591854,29.35348946158922,35.99733883953752,41.74982275088207,42.58524565236889
臺北市大安區和平東路二段１７７號七樓,25.0254409923337,121.541828988838,29.300000000000004,36.16857248174065,22.81758162637865,32.42509238932839,32.429598705673904,36.36205999440932,38.328254055497005
臺北市大安區大安路一段１６巷８號六樓,25.0443739933168,121.545821037863,36.30000000000006,35.21996344404176,21.388511714359872,32.136160526129956,38.90570371593783,41.26655947339881,44.296725771442716
臺北市大安區市民大道四段６８巷３號四樓,25.0446730177126,121.547400020783,22.071999999999967,26.430481840735702,22.420835382921236,25.505246177255945,27.507547146279702,30.586753365108482,32.6917355443202
臺北市大安區敦化南路二段４６號十四樓之１２,25.0312369945605,121.548311971849,30.000000000000057,24.292072813364346,19.020093820476593,22.881535351144457,24.303926159127887,28.81594090597649,29.65275642332322
臺北市大安區泰順街４４巷２號二樓之１,25.0236269808484,121.531075007064,22.999999999999968,31.530587917151166,22.229755065848003,27.738135996387168,33.315394403605495,34.05862460830621,35.42500231392413
臺北市大安區羅斯福路三段５７號三樓,25.0231972825821,121.52564579692,44.99999999999999,45.660043107879844,33.98539536808949,40.93539242125238,51.43164775830965,52.21562362939307,59.53853212715258
臺北市大安區通化街２２５之３號,25.026133505174,121.553258300551,21.500000000000007,23.90838596615685,18.317897477793803,23.13838456535371,23.735244895291537,27.699826805812645,29.538604056259036
臺北市大安區通化街２６７巷５號六樓,25.0256080017544,121.552549023904,44.99999999999999,53.1623824204713,29.767156595603897,42.72094309565748,51.29169437803414,52.676602555877565,59.31717916252473
臺北市文山區仙岩路１６巷７２弄４２號三樓,24.9960000184346,121.549907970033,17.199999999999985,15.178022842332714,12.826121025630542,15.029331508208308,15.232617666099186,17.325733027681874,19.23670302408038
臺北市文山區和平東路四段６５巷２７弄１６之２號,25.0079050031527,121.566944020599,26.99999999999999,24.289255520197063,16.83792126578917,24.72138180176381,27.19664360291837,34.39022988126258,38.10096480157396
臺北市文山區和平東路四段６５巷７７弄１９號,25.0068190018678,121.569666965664,24.500000000000004,23.24999988344816,17.19808876863902,21.380743513884227,22.111850294804217,28.4704973357626,29.474069418442017
臺北市文山區新光路一段９５巷２２號二樓,24.991152009457,121.574703986558,16.29999999999999,13.815141076350766,11.201430002381176,13.149419930829554,15.00624630284629,16.314372257242827,17.396538357058354
臺北市文山區景興路２６２號十三樓之３,24.9899987014895,121.542635076466,7.58,7.191180431122506,7.570498828307075,7.621070890710746,8.199555278771248,8.63039420873434,8.655956129390418
臺北市文山區景興路３９之２號三樓,24.9973609880532,121.544881007422,21.799999999999972,18.67033025452623,11.576463607346904,15.890674786966082,19.232253114268566,21.81615388345603,21.866644226237266
臺北市文山區木新路二段１１１巷１２弄２之１號四樓,24.9836329813039,121.570226960615,10.399999999999991,12.872225232002823,8.977917752634896,10.644972144127177,11.497154031748572,12.077824203001935,13.893749023765228
臺北市文山區木柵路一段３３５巷１１弄９號二樓,24.9889253987879,121.556770317981,14.000000000000009,12.46167454972537,10.107074289160316,11.84555578262449,12.561416219777021,14.94977331885923,16.61601937644386
臺北市文山區木柵路三段８５巷８弄３號四樓之２,24.9895679973949,121.567269992813,25.559999999999988,20.630804283033807,18.16877990256756,19.770587749156828,22.28600683893928,25.79945832118136,27.977150246907147
臺北市文山區福興路１９號二樓,25.0025870208641,121.551467004023,11.00000000000001,11.93503202614326,6.762174570253377,10.57932149972325,13.027775162105137,14.000628975066384,14.568722976170847
臺北市文山區興隆路一段２５１巷２弄１號四樓,24.9995769956147,121.544647990514,12.499999999999986,14.623415984524524,12.646845819316837,13.43812151197024,14.6030190952269,16.728440016839386,18.96990289448508
臺北市文山區萬寧街１２５號四樓,25.003615019379,121.569452975676,16.29999999999999,16.81122784590449,12.896734683753508,17.469987534938053,22.274758906813997,22.993771491338954,23.410983903730745
臺北市文山區萬慶街１３巷１３號,24.9922793538459,121.539954833906,8.999999999999998,6.251039551860494,5.0175674013985025,5.146367794940347,5.205104511193139,8.18114991635924,8.762963215276526
臺北市文山區萬美街二段５５號二樓,25.0051766936691,121.564179333655,18.800000000000004,27.89596404124161,19.19560399013049,24.919917020441357,25.725706033515745,25.964688404136414,26.991516554213153
臺北市文山區辛亥路五段１２４巷６號四樓,24.9970060144537,121.551573035098,12.799999999999976,17.007973000058215,14.066124590688428,15.759587448447752,17.56700459859682,18.745708225640847,20.34633739766387
臺北市文山區辛亥路四段１２８之６號十二樓,25.0050715846033,121.55691498963,23.34890000000001,27.566026692960044,21.89057620509563,27.078474358638232,27.635866891159093,28.005221070588355,28.575624337212425
臺北市松山區光復南路６６巷６６號四樓,25.0450859940821,121.554841977337,11.00000000000001,13.303885536846776,9.624117783161822,11.584500669432039,12.938687344522727,14.098235050551851,16.380241516257886
臺北市松山區八德路四段６１號二樓,25.0484980154077,121.559756035712,22.680000000000017,22.442421143144728,17.757730593825276,19.99012311506106,23.512152277621826,25.00132279241896,26.49476014344857
臺北市松山區八德路四段７２巷１４弄１１號二樓,25.0465719797865,121.559669031557,22.579999999999966,18.883631139254646,15.333787751465067,17.5867235982231,18.950139965697673,20.3864199865135,21.518403534532755
臺北市松山區南京東路三段３３５巷２３號五樓之２４,25.0532768351906,121.547540088819,11.50000000000002,6.451045796101163,4.210478001837659,8.316426151415307,8.422645642483602,8.711725145040909,9.829956345637314
臺北市松山區南京東路五段２００號十樓之６,25.0511500076629,121.564348983376,22.620000000000044,20.227292075456223,15.377089178831135,16.58952412246067,20.335659666517067,20.61091587287803,24.34206384398924
臺北市松山區南京東路五段２３巷１５弄５號四樓,25.0529509852887,121.557806991766,16.79999999999998,23.12835204289247,18.459568446572835,21.03487255918191,23.134812679889173,24.666104365117906,26.60526249373998
臺北市松山區南京東路五段２３９號十二樓之５,25.0516164186651,121.564972429334,16.020000000000007,16.727289612816175,14.470302172625113,16.19766982143067,17.448755905323015,17.546275284421824,18.25558610975995
臺北市松山區南京東路五段２５０巷１８弄１６號,25.050096989167,121.566952989235,13.920000000000005,11.939255314846953,8.098527236624479,9.824512504879573,13.578389886264437,15.281924634211565,20.885798878638965
臺北市松山區南京東路四段１３３巷５弄２１號四樓之３,25.0520720170122,121.555906981954,12.000000000000005,12.415253406814477,12.962002300325118,16.55265222509485,18.154608384588204,19.008237442895744,19.31033514918446
臺北市松山區富錦街１０６號三樓,25.0595869799422,121.552369986452,37.5,26.655656343891614,16.751413116150363,27.405569956184138,27.420826411455625,31.27588147961586,31.37796427812643
臺北市松山區復興北路３１３巷８號三樓,25.0588530185906,121.545092985753,50.99999999999997,54.0451713476658,27.076946819940375,51.056128084212745,62.14930957002903,62.150705023434625,65.32649006029068
臺北市松山區撫遠街４０１巷３２號二樓,25.0658719824002,121.56734903416,16.500000000000014,16.23847234699557,13.434089831974301,14.57039557314285,16.056671238681265,16.773946189375835,19.207092502212863
臺北市松山區敦化北路４巷３１號三樓之２,25.050086595607,121.545517277692,16.79999999999998,14.644751688571342,12.107764130974731,15.258677196550757,15.400949977147473,15.583752689593322,18.910165529181718
臺北市松山區新東街４５巷１４號三樓,25.0613709842141,121.564462977259,15.599999999999984,19.070271204135285,17.092825114427,18.215396044657393,18.51926724988181,19.790071990110903,20.084938030181775
臺北市萬華區中華路二段４１６巷５號七樓之１,25.0270369905173,121.50471802871,22.000000000000004,18.519265084120498,13.768611888825218,21.11027366607541,21.820364001636843,21.89171849536649,25.345862871383787
臺北市萬華區康定路１０３號十三樓之１５,25.0395069993285,121.502047973453,12.000000000000005,14.237567191626345,13.447799135727086,13.555850565054975,13.996714227356188,15.484520579731013,17.85987187925695
臺北市萬華區成都路１０２號八樓之５,25.0435070111619,121.502232962056,14.279999999999992,15.443036662710186,13.051276834952121,14.459861455523972,15.46068671645731,17.414592722336174,17.915525606902165
臺北市萬華區武昌街二段１２４之２號五樓之３,25.0453662849243,121.503764671042,6.960000000000005,6.450914895110307,5.432280984626959,6.218676650830659,6.747854992072737,7.496527870676806,8.739967683529125
臺北市萬華區民和街１００號七樓之１,25.0254829856686,121.497528032166,22.76999999999998,21.024192355817828,19.45834339714951,22.91037683227973,23.03871135988632,23.79421225340559,27.16174994424895
臺北市萬華區民和街９６號九樓之１,25.025500000932,121.497593997744,46.59999999999995,40.922965837873534,27.976016689398588,40.37214554096951,43.816683019824836,47.58771722708313,51.57238822962793
臺北市萬華區民和街９６號四樓,25.025500000932,121.497593997744,43.000000000000014,40.9844828512496,27.53663362384276,41.39199133728308,45.29931980919345,46.55439439066164,50.82115245660085
臺北市萬華區環河南路二段１４９巷１號九樓,25.0336029962793,121.493094005386,13.000000000000012,9.875725488418539,9.09093832630437,9.497283866250605,10.976684362258482,11.210555676316563,12.984633195691949
臺北市萬華區萬大路１４７號四樓,25.028736002291,121.500699995784,6.4,6.116905677311468,4.613716400282317,4.8199667639067725,4.998069597309914,5.077795285099106,6.901864222628568
臺北市萬華區萬大路８４巷３號,25.0305679929585,121.50014896947,20.879999999999974,16.322883812845166,8.583433418286141,14.66940870507442,21.561927080013508,24.102448085196926,24.32505479858979
臺北市萬華區西園路一段２７號四樓,25.0409209844847,121.500101024984,17.700000000000006,14.730246423935386,8.530062682522653,14.182947096788167,15.978746712351986,17.961763520942068,19.172883360608722
臺北市萬華區西園路二段３７２巷１０１弄２２號,25.0274150143505,121.49006201955,0.2599999999999998,0.6577226710276062,0.34666585047743,0.5425388476466831,0.6355009555844918,2.492624253658585,5.33156286163266
臺北市萬華區西寧南路１０８號七樓之２,25.0418079993882,121.505868025825,26.149999999999967,23.282857908795457,17.829618086666493,22.085831780049393,23.335822763868457,25.004691322261714,28.72413763376575
臺北市萬華區西藏路１０７號九樓之１,25.0296899886009,121.503469963327,39.979999999999954,39.507370120841415,20.138045103630777,35.8061862907661,35.92109796271102,41.97120071723216,50.51953597589389
臺北市萬華區西藏路２５１巷７號四樓,25.0282410089989,121.494105030547,13.96,12.394177124958457,10.98674349912743,11.82035551384773,12.836006228695966,14.111866350198195,15.315462323029607
臺北市萬華區長泰街３０８巷１９號三樓,25.021452002703,121.492749006251,11.00000000000001,12.112721680093486,9.41536847304167,9.995806791524375,10.85792181066095,14.127270989706462,14.599970238783378
臺北市萬華區青年路１５２巷２號十樓,25.0212992844271,121.502174959286,16.99999999999998,21.583997780651853,14.561631069877196,19.77706821141366,23.77513160081655,26.592073276712753,27.449253276076846
